﻿編號,土地位置,土地移轉面積(平方公尺),使用分區或編定,權利人持分分母,權利人持分分子,移轉情形,地號
The serial number, land position,land shifting area square meter,the use zoning or compiles and checks,,,,land parcel
RPWPMLMKKHNFFCB38CC,福安段,18.25,都市：住,,,,02250000
RPRPMLMKKHNFFCB87CC,惠民段,17.56,都市：其他:新市政中心專用區,,,,01430001
RPOQMLMKKHNFFCB67CC,福安段,9.00,都市：住,,,,02250000
RPUQMLMKKHNFFCB28CC,福順段,22.88,都市：住,,,,01670000
RPWQMLMKKHNFFCB48CC,惠民段,12.94,都市：其他:新市政中心專用區,,,,00110000
RPUNMLMKKHNFFCB97CC,上石碑段,.00,都市：住,,,,05410000
RPVPMLMKKHNFFCB28CC,惠民段,14.43,都市：其他:新市政中心專用區,,,,01380000
RPRSMLMKKHNFFCB18CC,中正段,5.99,都市：商,,,,01550000
RPXNMLMKKHNFFBB18CC,太原段,16.29,都市：住,,,,01000000
RPPQMLMKKHNFFCB77CC,惠民段,14.21,都市：其他:新市政中心專用區,,,,01380000
RPORMLMKKHNFFCB77CC,惠民段,19.23,都市：其他:新市政中心專用區,,,,00110000
RPOTMLMKKHNFFCB97CC,上石碑段,3.40,都市：商,,,,17900000
RPOTMLMKKHNFFCB97CC,上石碑段,3.04,都市：商,,,,18000007
RPWSMLMKKHNFFCB68CC,中正段,10.54,都市：商,,,,01550000
RPUSMLMKKHNFFCB48CC,中正段,5.99,都市：商,,,,01550000
RPQPMLMKKHNFFBB67CC,北屯段,7.24,都市：住,,,,00180004
RPWPMLMKKHNFFBB28CC,東山段,22.48,都市：住,,,,00610000
RPTQMLMKKHNFFBB08CC,平田段,80.00,都市：住,,,,08060000
RPSPMLMKKHNFFBB87CC,太順段,21.77,都市：住,,,,00130000
RPPOMLMKKHNFFBB47CC,仁美段,.00,都市：住,,,,17640000
RPPOMLMKKHNFFBB47CC,仁美段,.00,都市：住,,,,17650000
RPQSMLMKKHNFFBB97CC,賴厝?段,2.97,都市：商,,,,00310003
RPQSMLMKKHNFFBB97CC,邱厝子段,2.39,都市：商,,,,00310062
RPRSMLMKKHNFFBB08CC,賴厝?段,2.97,都市：商,,,,00310003
RPRSMLMKKHNFFBB08CC,邱厝子段,2.39,都市：商,,,,00310062
RPTSMLMKKHNFFBB28CC,賴厝?段,.14,都市：商,,,,00310003
RPURMLMKKHNFFBB28CC,東新段,.41,都市：住,,,,01530000
RPTSMLMKKHNFFBB28CC,邱厝子段,.11,都市：商,,,,00310062
RPORMLMKKHNFFBB67CC,陳平段,37.79,都市：住,,,,14850000
RPUSMLMKKHNFFBB38CC,賴厝?段,3.19,都市：商,,,,00310003
RPUSMLMKKHNFFBB38CC,邱厝子段,2.56,都市：商,,,,00310062
RPVSMLMKKHNFFBB48CC,賴厝?段,3.24,都市：商,,,,00310003
RPVSMLMKKHNFFBB48CC,邱厝子段,2.60,都市：商,,,,00310062
RPSSMLMKKHNFFBB18CC,賴厝?段,2.96,都市：商,,,,00310003
RPSSMLMKKHNFFBB18CC,邱厝子段,2.38,都市：商,,,,00310062
RPVRMLMKKHNFFBB38CC,東新段,.41,都市：住,,,,01530000
RPQTMLMKKHNFFBB08CC,東峰段,9.15,都市：商,,,,01580000
RPQQMLNKKHNFFAB77CC,自由段二小段,19.00,都市：住,,,,00040039
RPQQMLNKKHNFFAB77CC,自由段二小段,146.00,都市：住,,,,00040048
RPVOMLMKKHNFFDB28CC,豐南段,75.28,都市：商,,,,03810000
RPVOMLMKKHNFFDB28CC,豐南段,10.11,都市：商,,,,03820000
RPXSMLMKKHNFFBB68CC,東峰段,10.25,都市：商,,,,01580000
RPWOMLMKKHNFFDB38CC,三陽段,319.51,都市：住,,,,01830000
RPPTMLNKKHNFFBB08CC,北屯段,24.90,都市：住,,,,01690057
RPUPMLOKKHNFFCB38CC,上石碑段,13.27,都市：商,,,,26800000
RPSOMLMKKHNFFAB67CC,樹子腳段,1.92,都市：商,,,,00390000
RPRPMLOKKHNFFCB08CC,大進段,25.37,都市：商,,,,08580000
RPQNMLKLKHNFFAB27CC,麻園頭段,.00,都市：住,,,,01810000
RPOOMLOKKHNFFHB18CC,大新段,50.16,都市：住,,,,01810003
RPQQMLMKKHNFFCB97DC,民安段,272.03,都市：住,,,,19640000
RPQQMLMKKHNFFCB97DC,民安段,270.09,都市：住,,,,19710000
RPRNMLNKKHNFFCB77CC,廣明段,.00,都市：住,,,,06750000
RPXPMLOKKHNFFBB68DC,陳平段,113.00,都市：住,,,,18040004
RPXPMLOKKHNFFBB68DC,陳平段,28.90,都市：住,,,,18040042
RPROMLOKKHNFFDB08CC,豐原段,224.00,都市：住,,,,07650607
RPROMLOKKHNFFDB08CC,豐原段,111.00,都市：住,,,,07650159
RPRNMLLLKHNFFAB47CC,東勢子段,.00,都市：住,,,,00630007
RPSPMLLLKHNFFBB87CC,賴厝?段,.28,都市：商,,,,00310003
RPSPMLLLKHNFFBB87CC,邱厝子段,.22,都市：商,,,,00310062
RPROMLLLKHNFFBB67CC,平田段,13.79,都市：住,,,,01000000
RPROMLLLKHNFFBB67CC,平田段,2.55,都市：住,,,,01000001
RPUPMLLLKHNFFBB08CC,松昌段,157.00,都市：住,,,,00990009
RPOQMLLLKHNFFBB57CC,東峰段,10.62,都市：商,,,,01580000
RPQPMLLLKHNFFBB67CC,賴厝?段,9.65,都市：住,,,,03490001
RPPQMLLLKHNFFBB67CC,東峰段,11.63,都市：商,,,,01580000
RPQOMLLLKHNFFCB67CC,國安段,11.87,都市：住,,,,00120014
RPWPMLLLKHNFFBB28CC,東峰段,5.84,都市：商,,,,01580000
RPQQMLLLKHNFFBB77CC,東峰段,9.57,都市：商,,,,01580000
RPWNMLLLKHNFFCB18CC,大進段,15.09,都市：住,,,,06170000
RPTPMLLLKHNFFCB08CC,中正段,10.54,都市：商,,,,01550000
RPPOMLMLKHNFFCB67CC,國安段,.00,都市：住,,,,01740000
RPPPMLLLKHNFFCB67CC,中正段,9.74,都市：商,,,,01550000
RPRPMLLLKHNFFCB87CC,大墩段,4.76,都市：住,,,,04640000
RPUPMLMLKHNFFCB28CC,福順段,22.88,都市：住,,,,01670000
RPTPMLMLKHNFFCB18CC,大明段,84.00,都市：商,,,,00590000
RPOPMLLLKHNFFCB57CC,上石碑段,3.48,都市：商,,,,17900000
RPOPMLNLKHNFFCB77CC,上石碑段,4.61,都市：商,,,,18000007
RPPQMLNLKHNFFCB97CC,國安段,.00,都市：住,,,,01040002
RPPQMLNLKHNFFCB97CC,國安段,.00,都市：住,,,,01040003
RPSQMLNLKHNFFCB28CC,大進段,.00,都市：商,,,,06870000
RPPOMLNLKHNFFAB57CC,後?子段,6.09,都市：住,,,,02480015
RPSPMLLLKHNFFCB97CC,中正段,5.67,都市：商,,,,01550000
RPPNMLOLKHNFFDB87CC,南村段,41.12,都市：住,,,,02870000
RPXOMLMLKHNFFCB48CC,惠仁段,125.45,都市：住,,,,00550029
RPWNMLNLKHNFFIB98CC,新三和段,79.63,都市：住,,,,00740021
RPTNMLNLKHNFFAB87CC,旱溪段,234.00,都市：住,,,,01990012
RPRNMLOLKHNFFCB97CC,中正段,5.55,都市：住,,,,01550000
RPVNMLQLKHNFFCB58CC,何厝段,.00,都市：商,,,,00880011
RPVNMLQLKHNFFCB58CC,何厝段,.00,都市：商,,,,00880016
RPQNMLOLKHNFFAB67CC,麻園頭段,16.61,都市：住,,,,00290000
RPSOMLQLKHNFFCB38CC,上石碑段,60.00,都市：其他:學校用地,,,,10100000
RPSOMLQLKHNFFCB38CC,上石碑段,60.00,都市：其他:學校用地,,,,10200000
RPOQMLQLKHNFFCB18CC,寶文段,.00,非都市： ; 非都市編定：,,,,00720019
RPPQMLQLKHNFFCB28CC,寶文段,.00,非都市： ; 非都市編定：,,,,00720019
RPTOMLQLKHNFFCB48CC,寶山段,7.59,都市：住,,,,12770000
RPUQMLQLKHNFFCB78CC,寶文段,.00,非都市： ; 非都市編定：,,,,00720019
RPSNMLQLKHNFFCB28CC,大墩段,26.44,都市：住,,,,03500000
RPPPMLQLKHNFFCB18CC,寶文段,.00,非都市： ; 非都市編定：,,,,00720019
RPTRMLQLKHNFFCB78CC,寶文段,.00,非都市： ; 非都市編定：,,,,00720019
RPXQMLQLKHNFFCB09CC,寶文段,.00,非都市： ; 非都市編定：,,,,00720019
RPSPMLQLKHNFFCB48CC,寶文段,.00,非都市： ; 非都市編定：,,,,00720019
RPPRMLQLKHNFFCB38CC,寶文段,.00,非都市： ; 非都市編定：,,,,00720019
RPWNMLQLKHNFFAB48CC,麻園頭段,.00,都市：住,,,,01730023
RPUNMLQLKHNFFHB98CC,四德段,74.00,都市：住,,,,01340038
RPURMLQLKHNFFCB88CC,寶文段,.00,非都市： ; 非都市編定：,,,,00720019
RPVRMLQLKHNFFCB98CC,寶文段,.00,非都市： ; 非都市編定：,,,,00720019
RPPOMLQLKHNFFJB78CC,東平段,25.60,都市：其他:市場用地,,,,15420000
RPRNMLQLKHNFFIB78CC,美群段,25.38,非都市：鄉村區 ; 非都市編定：乙種建築用地,,,,00080000
RPQOMLQLKHNFFJB88CC,東平段,25.60,都市：其他:市場用地,,,,15420000
RPUNMLRLKHNFFAB38CC,麻園頭段,10.97,都市：住,,,,01320000
RPOOMLRLKHNFFAB87CC,麻園頭段,11.77,都市：住,,,,01320000
RPOPMLRLKHNFFBB08CC,平田段,77.00,都市：住,,,,00640000
RPPOMLQLKHNFFAB87CC,下橋子頭段,1.85,都市：商,,,,02170014
RPPNMLRLKHNFFAB87CC,福壽段二小段,.00,都市：住,,,,00010008
RPWPMLRLKHNFFBB88CC,東光段,20.57,都市：住,,,,01900001
RPQOMLRLKHNFFAB08CC,麻園頭段,13.24,都市：住,,,,01320000
RPPOMLRLKHNFFAB97CC,麻園頭段,22.39,都市：住,,,,01810000
RPTNMLRLKHNFFCB48CC,國安段,11.87,都市：住,,,,00120014
RPPPMLRLKHNFFBB18CC,北屯段,12.85,都市：住,,,,01910000
RPPPMLRLKHNFFCB28CC,豐富段,73.31,都市：住,,,,00120003
RPUOMLRLKHNFFCB68CC,何安段,12.83,都市：住,,,,08940000
RPUOMLRLKHNFFCB68CC,何安段,15.73,都市：住,,,,08920000
RPUPMLRLKHNFFCB78CC,惠仁段,21.39,都市：住,,,,00810000
RPORMLRLKHNFFCB38CC,大新段,15.77,都市：住,,,,08650000
RPOPMLRLKHNFFCB18CC,何厝段,10.66,都市：住,,,,00840000
RPPQMLRLKHNFFCB38CC,寶文段,.00,非都市： ; 非都市編定：,,,,00720019
RPRQMLRLKHNFFCB58CC,寶文段,.00,非都市： ; 非都市編定：,,,,00720019
RPWQMLRLKHNFFCB09CC,永春段,650.50,都市：住,,,,00170000
RPVOMLLJLHNFFCB08CC,黎明段,14.32,都市：住,,,,00310000
RPRRMLRLKHNFFCB68CC,上石碑段,26.28,都市：住,,,,15110000
RPVNMLLJLHNFFCB97CC,大墩段,22.21,都市：住,,,,03340000
RPTNMLSLKHNFFCB58CC,國安段,125.00,都市：其他:,,,,05930293
RPUNMLLJLHNFFCB87CC,何厝段,25.02,都市：商,,,,00840000
RPQQMLLJLHNFFCB77CC,寶文段,.00,非都市： ; 非都市編定：,,,,00720019
RPWOMLLJLHNFFCB18CC,惠智段,9.76,都市：住,,,,01590000
RPRQMLLJLHNFFCB87CC,寶文段,.00,非都市： ; 非都市編定：,,,,00720019
RPUQMLLJLHNFFCB18CC,寶文段,.00,非都市： ; 非都市編定：,,,,00720019
RPXPMLLJLHNFFBB28CC,東峰段,11.13,都市：商,,,,01580000
RPSQMLLJLHNFFCB97CC,寶文段,.00,非都市： ; 非都市編定：,,,,00720019
RPOQMLLJLHNFFBB47CC,東峰段,11.80,都市：商,,,,01580000
RPQQMLLJLHNFFBB67CC,東峰段,6.93,都市：商,,,,01580000
RPXPMLMJLHNFFBB38CC,景美段,238.01,都市：住,,,,02760000
RPQNMLMJLHNFFAB37CC,下橋子頭段,1.83,都市：商,,,,02170014
RPRNMLMJLHNFFAB47CC,下橋子頭段,1.87,都市：商,,,,02170014
RPPNMLMJLHNFFAB27CC,下橋子頭段,1.83,都市：商,,,,02170014
RPSQMLMJLHNFFAB87CC,後?子段,8.30,都市：住,,,,02100010
RPRQMLMJLHNFFAB77CC,旱溪段,164.00,都市：住,,,,03450000
RPRQMLMJLHNFFAB77CC,旱溪段,28.00,都市：住,,,,03450033
RPRQMLMJLHNFFAB77CC,旱溪段,118.00,都市：住,,,,03450034
RPRQMLMJLHNFFAB77CC,旱溪段,59.00,都市：住,,,,03450039
RPQNMLNJLHNFFCB67CC,寶文段,.00,非都市： ; 非都市編定：,,,,00720019
RPPNMLNJLHNFFCB57CC,寶文段,.00,非都市： ; 非都市編定：,,,,00720019
RPSNMLNJLHNFFCB87CC,寶文段,.00,非都市： ; 非都市編定：,,,,00720019
RPRNMLNJLHNFFCB77CC,寶文段,.00,非都市： ; 非都市編定：,,,,00720019
RPVNMLNJLHNFFCB18CC,寶文段,.00,非都市： ; 非都市編定：,,,,00720019
RPUNMLNJLHNFFCB08CC,寶文段,.00,非都市： ; 非都市編定：,,,,00720019
RPXNMLNJLHNFFCB38CC,寶文段,.00,非都市： ; 非都市編定：,,,,00720019
RPOOMLNJLHNFFCB57CC,寶文段,.00,非都市： ; 非都市編定：,,,,00720019
RPROMLNJLHNFFCB87CC,寶文段,.00,非都市： ; 非都市編定：,,,,00720019
RPPOMLNJLHNFFCB67CC,寶文段,.00,非都市： ; 非都市編定：,,,,00720019
RPQOMLNJLHNFFCB77CC,寶文段,.00,非都市： ; 非都市編定：,,,,00720019
RPVOMLNJLHNFFCB28CC,寶文段,.00,非都市： ; 非都市編定：,,,,00720019
RPSOMLNJLHNFFCB97CC,寶文段,.00,非都市： ; 非都市編定：,,,,00720019
RPTOMLNJLHNFFCB08CC,寶文段,.00,非都市： ; 非都市編定：,,,,00720019
RPWOMLNJLHNFFCB38CC,寶文段,.00,非都市： ; 非都市編定：,,,,00720019
RPUOMLNJLHNFFCB18CC,寶文段,.00,非都市： ; 非都市編定：,,,,00720019
RPXOMLNJLHNFFCB48CC,寶文段,.00,非都市： ; 非都市編定：,,,,00720019
RPOPMLNJLHNFFCB67CC,寶文段,.00,非都市： ; 非都市編定：,,,,00720019
RPQPMLNJLHNFFCB87CC,寶文段,.00,非都市： ; 非都市編定：,,,,00720019
RPUNMLPJLHNFFCB28CC,寶文段,8.08,都市：住,,,,00720019
RPRPMLNJLHNFFCB97CC,寶文段,.00,非都市： ; 非都市編定：,,,,00720019
RPWPMLPJLHNFFCB68CC,惠國段,20.89,都市：其他:第三種新市政中心專用區,,,,00770000
RPPPMLNJLHNFFCB77CC,寶文段,.00,非都市： ; 非都市編定：,,,,00720019
RPPOMLPJLHNFFCB87CC,楓樹段,82.00,都市：住,,,,09140000
RPQOMLPJLHNFFCB97CC,寶文段,8.08,都市：住,,,,00720001
RPUNMLPJLHNFFAB08CC,麻園頭段,32.23,都市：住,,,,00280000
RPQNMLPJLHNFFHB38CC,四維段,23.97,都市：住,,,,03890000
RPSQMLPJLHNFFCB38CC,上石碑段,.00,都市：住,,,,04360000
RPSQMLPJLHNFFCB38CC,上石碑段,.00,都市：住,,,,04360001
RPSQMLPJLHNFFCB38CC,上石碑段,.00,都市：住,,,,04370000
RPSQMLPJLHNFFCB38CC,上石碑段,.00,都市：住,,,,04360002
RPSQMLPJLHNFFCB38CC,上石碑段,.00,都市：住,,,,04370001
RPVNMLPJLHNFFDB58DC,車路墘段車路墘小段,62.00,都市：住,,,,00010322
RPPNMLPJLHNFFHB28CC,四維段,23.97,都市：住,,,,03890000
RPXNMLPJLHNFFDB78DC,順豐段,812.40,都市：農,,,,03670000
RPSNMLQJLHNFFIB88DC,大孝段,81.40,都市：住,,,,02150005
RPUNMLQJLHNFFAB18CC,麻園頭段,.00,都市：住,,,,01840045
RPRRMLPJLHNFFBB28CC,景美段,144.93,都市：住,,,,02750000
RPXOMLQJLHNFFAB58CC,麻園頭段,39.30,都市：住,,,,00820000
RPUNMLQJLHNFFCB38CC,惠民段,12.86,都市：其他:新市政中心專用區,,,,00110000
RPQNMLQJLHNFFAB77CC,公館段,5.10,都市：商,,,,01580076
RPQNMLQJLHNFFAB77CC,公館段,3.02,都市：商,,,,01580119
RPWNMLQJLHNFFCB58CC,惠民段,41.30,都市：其他:新市政中心專用區,,,,01430001
RPXOMLRJLHNFFCB88CC,下石碑段,29.77,都市：住,,,,09530000
RPWOMLQJLHNFFCB68CC,寶文段,5824.17,都市：工,,,,06450014
RPQNMLRJLHNFFCB08CC,惠民段,12.67,都市：其他:新市政中心專用區,,,,00110000
RPOPMLRJLHNFFCB08CC,何安段,5.09,都市：住,,,,09730000
RPVOMLRJLHNFFCB68CC,惠安段,6.48,都市：商,,,,01680000
RPROMLRJLHNFFAB08CC,後?子段,216.00,都市：住,,,,02910000
RPROMLRJLHNFFAB08CC,後?子段,160.00,都市：住,,,,02910006
RPSNMLRJLHNFFHB78CC,上楓段,126.00,都市：住,,,,13040010
RPRPMLRJLHNFFCB38CC,寶文段,.00,非都市： ; 非都市編定：,,,,00720019
RPPPMLRJLHNFFCB18CC,西屯段,19.51,都市：住,,,,22790000
RPQOMLRJLHNFFDB28CC,豐社段,80.31,都市：住,,,,01900000
RPOOMLRJLHNFFJB68CC,育賢段,142.72,都市：住,,,,00040000
RPWNMLRJLHNFFBB58CC,平田段,.00,都市：住,,,,05140000
RPTOMLSJLHNFFBB48CC,賴厝?段,.00,都市：住,,,,00100000
RPWOMLRJLHNFFCB88DC,信安段,90.50,都市：住,,,,05500000
RPTNMLSJLHNFFCB58DC,南屯段,70.00,都市：住,,,,01450011
RPROMLSJLHNFFIB98CC,錦州段,129.43,非都市：鄉村區 ; 非都市編定：乙種建築用地,,,,08380000
RPWPMLSJLHNFFBB88CC,中清段,78.00,都市：住,,,,04750000
RPWPMLSJLHNFFBB88CC,中清段,146.00,都市：住,,,,04760000
RPQNMLSJLHNFFJB88CC,育賢段,103.94,都市：住,,,,00470000
RPUNMLSJLHNFFCB58CC,大進段,5412.00,都市：住,,,,06170000
RPVNMLTJLHNFFCB78CC,中正段,5.27,都市：住,,,,01550000
RPWNMLTJLHNFFCB88CC,中正段,5.99,都市：住,,,,01550000
RPOOMLTJLHNFFCB18CC,中正段,5.55,都市：商,,,,01550000
RPSOMLTJLHNFFCB58CC,中正段,5.55,都市：住,,,,01550000
RPQOMLTJLHNFFCB38CC,中正段,6.92,都市：住,,,,01550000
RPPOMLTJLHNFFCB28CC,中正段,7.85,都市：住,,,,01550000
RPXOMLTJLHNFFCB09CC,寶文段,8.08,都市：住,,,,00720001
RPRPMLTJLHNFFCB58CC,寶文段,8.08,都市：住,,,,00720019
RPOPMLTJLHNFFCB28CC,寶文段,8.08,都市：住,,,,00720019
RPQQMLTJLHNFFCB58CC,寶文段,8.08,都市：住,,,,00720019
RPUPMLTJLHNFFCB88CC,寶文段,8.08,都市：住,,,,00720019
RPRQMLTJLHNFFCB68CC,寶文段,8.08,都市：住,,,,00720019
RPUNMLLKLHNFFCB97CC,寶文段,.00,非都市： ; 非都市編定：,,,,00720019
RPUQMLTJLHNFFCB98CC,寶文段,10.06,都市：住,,,,00720019
RPVNMLTJLHNFFAB58CC,中華段四小段,95.04,都市：住,,,,00020008
RPVNMLTJLHNFFAB58CC,中華段四小段,1.82,都市：住,,,,00020032
RPVPMLTJLHNFFBB88CC,東義段,115.00,都市：住,,,,00510002
RPVNMLLKLHNFFCB08CC,寶文段,.00,非都市： ; 非都市編定：,,,,00720019
RPSOMLTJLHNFFAB38CC,後?子段,204.00,都市：住,,,,01480035
RPSOMLTJLHNFFAB38CC,後?子段,12.00,都市：住,,,,01480095
RPSOMLTJLHNFFAB38CC,後?子段,73.00,都市：住,,,,01450010
RPPNMLKKLHNFFAB17CC,下橋子頭段,13.15,都市：住,,,,02660117
RPWNMLLKLHNFFCB18CC,寶文段,.00,非都市： ; 非都市編定：,,,,00720019
RPTNMLLKLHNFFCB87CC,寶文段,.00,非都市： ; 非都市編定：,,,,00720019
RPOOMLLKLHNFFCB47CC,寶文段,.00,非都市： ; 非都市編定：,,,,00720019
RPPOMLLKLHNFFCB57CC,寶文段,.00,非都市： ; 非都市編定：,,,,00720019
RPQOMLLKLHNFFCB67CC,寶文段,.00,非都市： ; 非都市編定：,,,,00720019
RPXNMLLKLHNFFCB28CC,寶文段,.00,非都市： ; 非都市編定：,,,,00720019
RPRPMLMKLHNFFCB97CC,中正段,5.63,都市：商,,,,01550000
RPTPMLMKLHNFFCB18CC,上石碑段,3.44,都市：商,,,,17900000
RPTPMLMKLHNFFCB18CC,上石碑段,3.07,都市：商,,,,18000007
RPOPMLMKLHNFFCB67CC,中正段,6.24,都市：商,,,,01550000
RPSPMLMKLHNFFCB08CC,三塊厝段,23.75,都市：住,,,,05990000
RPVPMLMKLHNFFCB38CC,上石碑段,3.40,都市：商,,,,17900000
RPVPMLMKLHNFFCB38CC,上石碑段,3.04,都市：商,,,,18000007
RPWPMLMKLHNFFCB48CC,中正段,5.99,都市：商,,,,01550000
RPPQMLMKLHNFFCB87CC,中正段,6.24,都市：商,,,,01550000
RPQQMLMKLHNFFCB97CC,中正段,9.49,都市：商,,,,01550000
RPRQMLMKLHNFFCB08CC,中正段,9.49,都市：商,,,,01550000
RPSQMLMKLHNFFBB08CC,賴厝?段,.14,都市：商,,,,00310003
RPSQMLMKLHNFFBB08CC,邱厝子段,.11,都市：商,,,,00310062
RPSQMLMKLHNFFCB18CC,上石碑段,3.44,都市：商,,,,17900000
RPSQMLMKLHNFFCB18CC,上石碑段,3.07,都市：商,,,,18000007
RPTQMLMKLHNFFBB18CC,賴厝?段,3.34,都市：商,,,,00310003
RPTQMLMKLHNFFBB18CC,邱厝子段,2.68,都市：商,,,,00310062
RPQOMLNKLHNFFAB67CC,麻園頭段,17.56,都市：住,,,,01300002
RPSNMLNKLHNFFAB77CC,下橋子頭段,.00,都市：住,,,,01630011
RPUQMLMKLHNFFBB28CC,東峰段,11.80,都市：商,,,,01580000
RPTOMLNKLHNFFCB18CC,上石碑段,166.00,都市：住,,,,10050000
RPXOMLNKLHNFFDB68CC,豐村段,713.88,都市：工,,,,08920000
RPTNMLNKLHNFFAB97DC,後?子段,342.00,都市：商,,,,00850033
RPOPMLNKLHNFFCB77CC,大墩段,16.97,都市：住,,,,03720000
RPVPMLOKLHNFFCB58CC,寶文段,8.08,都市：住,,,,00720019
RPSOMLNKLHNFFCB08CC,中正段,6.71,都市：住,,,,01550000
RPXPMLOKLHNFFCB78CC,寶文段,8.08,都市：住,,,,00720019
RPUQMLOKLHNFFCB58CC,豐功段,72.66,都市：住,,,,01310000
RPXQMLOKLHNFFCB88CC,永富段,450.00,都市：住,,,,02930000
RPVQMLOKLHNFFCB68CC,寶文段,58.42,都市：住,,,,00720019
RPOQMLOKLHNFFCB97CC,寶文段,10.06,都市：住,,,,00720019
RPSRMLOKLHNFFCB48CC,寶文段,65.14,都市：住,,,,00720019
RPQRMLOKLHNFFCB28CC,寶文段,27.91,都市：住,,,,00720019
RPWRMLOKLHNFFCB88CC,寶文段,58.42,都市：住,,,,00720019
RPXRMLOKLHNFFCB98CC,寶文段,58.42,都市：住,,,,00720019
RPPQMLOKLHNFFCB08CC,寶文段,9.45,都市：住,,,,00720019
RPOSMLOKLHNFFCB18CC,寶文段,58.42,都市：住,,,,00720019
RPTSMLOKLHNFFCB68CC,惠國段,42.05,都市：其他:第三種新市政中心專用區,,,,00770000
RPORMLOKLHNFFCB08CC,寶文段,65.14,都市：住,,,,00720019
RPTRMLOKLHNFFCB58CC,寶文段,65.14,都市：住,,,,00720019
RPPSMLOKLHNFFCB28CC,惠仁段,21.41,都市：商,,,,00810000
RPUQMLOKLHNFFBB48CC,賴厝?段,3.26,都市：商,,,,00310003
RPTQMLOKLHNFFBB38CC,賴厝?段,.21,都市：商,,,,00310003
RPUQMLOKLHNFFBB48CC,邱厝子段,2.61,都市：商,,,,00310062
RPTQMLOKLHNFFBB38CC,邱厝子段,.17,都市：商,,,,00310062
RPSQMLOKLHNFFBB28CC,賴厝?段,3.42,都市：商,,,,00310003
RPSQMLOKLHNFFBB28CC,邱厝子段,2.75,都市：商,,,,00310062
RPTNMLPKLHNFFBB18CC,文正段,13.40,都市：商,,,,01100007
RPWQMLOKLHNFFBB68CC,賴厝?段,3.35,都市：商,,,,00310003
RPWQMLOKLHNFFBB68CC,邱厝子段,2.69,都市：商,,,,00310062
RPQNMLQKLHNFFCB08CC,三塊厝段,5.50,都市：住,,,,00990000
RPXQMLOKLHNFFBB78CC,賴厝?段,4.71,都市：商,,,,00310003
RPXQMLOKLHNFFBB78CC,邱厝子段,3.78,都市：商,,,,00310062
RPOOMLPKLHNFFCB87CC,豐業段,1861.25,都市：其他:,,,,00390000
RPWNMLQKLHNFFCB68CC,田心段,105.87,都市：住,,,,05180000
RPXNMLQKLHNFFCB78CC,中正段,5.31,都市：商,,,,01550000
RPQOMLQKLHNFFCB18CC,國安段,9.52,都市：住,,,,05930489
RPPOMLQKLHNFFCB08CC,中正段,5.87,都市：商,,,,01550000
RPUOMLQKLHNFFCB58CC,上石碑段,10.70,都市：商,,,,20410000
RPQPMLQKLHNFFCB28CC,豐功段,.00,都市：住,,,,00350000
RPVOMLQKLHNFFCB68CC,保安段,.00,都市：商,,,,06970000
RPVOMLQKLHNFFCB68CC,保安段,.00,都市：住,,,,06840000
RPRNMLQKLHNFFBB08CC,青萍段,.00,都市：住,,,,09820000
RPTOMLQKLHNFFBB38CC,松竹段,28.00,都市：住,,,,07410000
RPOPMLQKLHNFFBB97CC,東峰段,9.24,都市：商,,,,01580000
RPPPMLQKLHNFFBB08CC,東峰段,11.13,都市：商,,,,01580000
RPTNMLQKLHNFFDB58DC,大洲段,19.81,都市：住,,,,03890000
RPUOMLQKLHNFFBB58DC,建和段,108.00,都市：住,,,,08830000
RPQPMLQKLHNFFBB28DC,軍福段,945.15,都市：商,,,,01220000
RPTOMLQKLHNFFJB66DC,太平段,3414.00,都市：住,,,,08020000
RPPOMLRKLHNFFCB18CC,寶文段,.00,非都市： ; 非都市編定：,,,,00720019
RPVNMLRKLHNFFCB68CC,寶文段,.00,非都市： ; 非都市編定：,,,,00720019
RPQOMLRKLHNFFCB28CC,寶文段,.00,非都市： ; 非都市編定：,,,,00720019
RPWNMLQKLHNFFBB68DC,錦村段,4.68,都市：住,,,,03030005
RPWNMLQKLHNFFBB68DC,錦村段,2.96,都市：住,,,,02960045
RPROMLRKLHNFFCB38CC,寶文段,.00,非都市： ; 非都市編定：,,,,00720019
RPTOMLRKLHNFFCB58CC,寶文段,.00,非都市： ; 非都市編定：,,,,00720019
RPVOMLRKLHNFFCB78CC,寶文段,.00,非都市： ; 非都市編定：,,,,00720019
RPWOMLRKLHNFFCB88CC,寶文段,.00,非都市： ; 非都市編定：,,,,00720019
RPSOMLRKLHNFFCB48CC,寶文段,.00,非都市： ; 非都市編定：,,,,00720019
RPOPMLRKLHNFFCB18CC,寶文段,.00,非都市： ; 非都市編定：,,,,00720019
RPRNMLSKLHNFFCB38CC,寶文段,.00,非都市： ; 非都市編定：,,,,00720019
RPXNMLTKLHNFFCB09CC,中和段,.00,都市：住,,,,05830010
RPUOMLRKLHNFFCB68CC,寶文段,.00,非都市： ; 非都市編定：,,,,00720019
RPOPMLTKLHNFFCB38CC,大墩段,8.89,都市：住,,,,04700000
RPQNMLSKLHNFFCB28CC,寶文段,.00,非都市： ; 非都市編定：,,,,00720019
RPQPMLTKLHNFFCB58CC,惠民段,20.40,都市：其他:新市政中心專用區,,,,01430001
RPTPMLTKLHNFFCB88CC,惠民段,13.94,都市：其他:新市政中心專用區,,,,01110000
RPRPMLTKLHNFFCB68CC,民安段,26.71,都市：住,,,,14550000
RPXPMLTKLHNFFCB66CC,福德段,16.75,都市：住,,,,02750000
RPVPMLTKLHNFFCB09CC,惠民段,12.67,都市：其他:新市政中心專用區,,,,00110000
RPOQMLTKLHNFFCB48CC,惠民段,6.32,都市：其他:新市政中心專用區,,,,01380000
RPUQMLTKLHNFFCB09CC,大進段,14.69,都市：住,,,,09090000
RPUPMLTKLHNFFCB98CC,福順段,6.49,都市：住,,,,01660000
RPUPMLTKLHNFFCB98CC,福順段,25.25,都市：住,,,,01670000
RPPNMLTKLHNFFJB98CC,育賢段,141.53,都市：其他:空白,,,,00630000
RPQQMLTKLHNFFCB68CC,大新段,16.48,都市：住,,,,08750000
RPWNMLTKLHNFFDB09CC,新東陽段,265.00,都市：農,,,,00570000
RPQNMLTKLHNFFBB28CC,東山段,11.60,都市：住,,,,00450000
RPWNMLKLLHNFFBB08CC,東義段,28.71,都市：住,,,,03430000
RPVPMLTKLHNFFBB98CC,北屯段,7.79,都市：住,,,,01910000
RPWOMLTKLHNFFAB88CC,樹子腳段,1.94,都市：住,,,,00390000
RPXOMLTKLHNFFBB09CC,平田段,6.64,都市：住,,,,05140000
RPOQMLTKLHNFFBB38CC,東新段,4.42,都市：住,,,,01530000
RPQPMLTKLHNFFAB38CC,樹子腳段,1.93,都市：住,,,,00390000
RPPNMLKLLHNFFAB27CC,麻園頭段,.00,都市：商,,,,00390000
RPVPMLKLLHNFFAB08CC,土庫段,5.88,都市：其他:,,,,00220059
RPVPMLKLLHNFFAB08CC,土庫段,5.82,都市：其他:,,,,00220060
RPVPMLKLLHNFFAB08CC,土庫段,4.48,都市：其他:,,,,00220061
RPVPMLKLLHNFFAB08CC,土庫段,.76,都市：其他:,,,,00220025
RPVNMLKLLHNFFBB97CC,東正段,14.94,都市：住,,,,01160000
RPPNMLKLLHNFFCB47CC,惠民段,17.14,都市：其他:新市政中心專用區,,,,01110000
RPUPMLLLLHNFFCB28CC,中正段,7.04,都市：商,,,,01550000
RPUNMLKLLHNFFCB97CC,中義段,96.00,都市：住,,,,01100006
RPSNMLLLLHNFFJB58CC,新興段,.00,都市：住,,,,00230000
RPVPMLLLLHNFFCB38CC,中正段,10.18,都市：商,,,,01550000
RPVNMLKLLHNFFIB68CC,頭前厝北段,1513.81,都市：工,,,,06940000
RPVNMLKLLHNFFIB68CC,頭前厝北段,841.92,都市：工,,,,06950000
RPVNMLKLLHNFFIB68CC,頭前厝北段,64.13,都市：工,,,,07060000
RPVNMLKLLHNFFIB68CC,頭前厝北段,165.31,都市：工,,,,07070000
RPRNMLKLLHNFFCB67CC,惠民段,29.49,都市：其他:新市政中心專用區,,,,01430001
RPRNMLLLLHNFFAB57CC,下橋子頭段,1.83,都市：商,,,,02170014
RPSNMLLLLHNFFAB67CC,下橋子頭段,1.83,都市：商,,,,02170014
RPRNMLLLLHNFFDB87CC,陽明段,98.00,都市：住,,,,00800000
RPPNMLLLLHNFFAB37CC,下橋子頭段,1.83,都市：商,,,,02170014
RPWNMLLLLHNFFBB18CC,東山段,22.35,都市：住,,,,00130000
RPVOMLLLLHNFFAB08CC,下橋子頭段,3.42,都市：商,,,,02170014
RPXNMLLLLHNFFAB18CC,麻園頭段,9.46,都市：住,,,,01320000
RPWPMLLLLHNFFBB38CC,賴厝?段,2.98,都市：商,,,,00310003
RPSPMLLLLHNFFBB97CC,賴厝?段,.21,都市：商,,,,00310003
RPWPMLLLLHNFFBB38CC,邱厝子段,2.39,都市：商,,,,00310062
RPSPMLLLLHNFFBB97CC,邱厝子段,.17,都市：商,,,,00310062
RPWNMLMLLHNFFBB28CC,東山段,143.99,都市：住,,,,02470000
RPUNMLLLLHNFFBB97CC,水源段,.00,都市：住,,,,02300614
RPUNMLMLLHNFFAB97CC,麻園頭段,186.00,都市：商,,,,00770022
RPUPMLLLLHNFFBB18CC,賴厝?段,3.26,都市：商,,,,00310003
RPUPMLLLLHNFFBB18CC,邱厝子段,2.62,都市：商,,,,00310062
RPVPMLLLLHNFFBB28CC,賴厝?段,2.96,都市：商,,,,00310003
RPVPMLLLLHNFFBB28CC,邱厝子段,2.38,都市：商,,,,00310062
RPPOMLMLLHNFFCB77CC,田心段,32.13,都市：住,,,,08220000
RPQNMLMLLHNFFCB77CC,國安段,.00,都市：住,,,,05930491
RPRNMLMLLHNFFCB87CC,國安段,.00,都市：住,,,,05930066
RPSOMLMLLHNFFCB08CC,田心段,7.04,都市：住,,,,05370000
RPOQMLNLLHNFFCB97CC,寶文段,9.76,都市：住,,,,00720019
RPVPMLNLLHNFFCB58CC,寶文段,65.14,都市：住,,,,00720019
RPQQMLNLLHNFFCB18CC,寶文段,9.30,都市：住,,,,00720019
RPWQMLNLLHNFFCB78CC,寶文段,10.06,都市：住,,,,00720019
RPTQMLNLLHNFFCB48CC,寶文段,8.08,都市：住,,,,00720019
RPVQMLNLLHNFFCB68CC,寶文段,8.08,都市：住,,,,00720019
RPOPMLNLLHNFFCB87CC,大墩段,28.31,都市：商,,,,03510000
RPXPMLNLLHNFFCB78CC,寶文段,65.14,都市：住,,,,00720019
RPXQMLNLLHNFFCB88CC,寶文段,8.08,都市：住,,,,00720019
RPORMLNLLHNFFCB08CC,寶文段,9.45,都市：住,,,,00720019
RPPRMLNLLHNFFCB18CC,寶文段,9.76,都市：住,,,,00720019
RPQRMLNLLHNFFCB28CC,寶文段,9.76,都市：住,,,,00720019
RPVNMLNLLHNFFJB09CC,育賢段,.00,都市：商,,,,01330000
RPVOMLNLLHNFFCB58DC,保安段,.00,都市：住,,,,11420000
RPPNMLNLLHNFFBB67CC,水源段,.00,都市：住,,,,02300528
RPTNMLOLLHNFFCB28CC,寶文段,8.08,都市：住,,,,00720019
RPTNMLNLLHNFFBB08CC,東山段,25.09,都市：住,,,,00450000
RPRNMLOLLHNFFCB08CC,大墩段,.00,都市：住,,,,00150000
RPUNMLOLLHNFFCB38CC,寶文段,8.08,都市：住,,,,00720019
RPVOMLQLLHNFFBB68CC,松茂段,24.74,都市：住,,,,08020000
RPUNMLQLLHNFFAB38CC,下橋子頭段,23.10,都市：住,,,,01730005
RPRPMLQLLHNFFCB48CC,大明段,.00,都市：住,,,,00260000
RPUNMLRLLHNFFIB66CC,大仁段,129.10,都市：住,,,,02630002
RPPOMLRLLHNFFBB18CC,文正段,45.08,都市：住,,,,00250004
RPVOMLQLLHNFFCB78CC,田心段,.00,都市：住,,,,12290000
RPPOMLRLLHNFFCB28CC,中正段,5.91,都市：住,,,,01550000
RPUOMLQLLHNFFAB48CC,後?子段,2.87,都市：住,,,,02480015
RPUOMLQLLHNFFAB48CC,後?子段,2.87,都市：住,,,,02480015
RPUOMLQLLHNFFAB48CC,後?子段,2.87,都市：住,,,,02480015
RPTNMLRLLHNFFCB58CC,中正段,5.91,都市：住,,,,01550000
RPWNMLRLLHNFFCB88CC,中正段,5.99,都市：住,,,,01550000
RPXOMLRLLHNFFBB98CC,邱厝子段,3.60,都市：住,,,,00270008
RPUNMLRLLHNFFDB88DC,北陽段,112.82,都市：住,,,,03260002
RPTQMLRLLHNFFCB88CC,福德段,25.24,都市：住,,,,01100000
RPSQMLRLLHNFFCB78CC,田心段,.00,都市：住,,,,09770000
RPQNMLTLLHNFFHB98CC,學雅段,27.00,都市：住,,,,07070000
RPQNMLTLLHNFFHB98CC,學雅段,14.80,都市：住,,,,07060000
RPUQMLRLLHNFFCB98CC,惠安段,10.16,都市：商,,,,02440000
RPQNMLSLLHNFFAB18CC,公館段,1.04,都市：住,,,,00630001
RPQNMLSLLHNFFAB18CC,公館段,1.21,都市：住,,,,00620001
RPQNMLSLLHNFFCB38CC,上石碑段,17.32,都市：住,,,,26590000
RPTNMLRLLHNFFDB78DC,永豐段,90.48,都市：工,,,,04700000
RPVNMLSLLHNFFBB78CC,東山段,25.09,都市：住,,,,00450000
RPOPMLTLLHNFFCB58DC,上石碑段,5.28,都市：住,,,,13010000
RPWOMLTLLHNFFCB66DC,田心段,12.05,都市：住,,,,09100000
RPOOMLTLLHNFFAB28DC,公館段,2.17,都市：住,,,,00630001
RPOOMLTLLHNFFAB28DC,公館段,2.51,都市：住,,,,00620001
RPXOMLTLLHNFFCB76DC,田心段,11.98,都市：住,,,,09100000
RPQQMLTLLHNFFBB78DC,東光段,2.75,都市：住,,,,01950001
RPPQMLTLLHNFFBB68DC,賴厝?段,6.43,都市：住,,,,01120072
RPSRMLTLLHNFFBB98CC,同榮段,15.10,都市：住,,,,15210003
RPPOMLTLLHNFFAB38DC,公館段,1.48,都市：住,,,,00620001
RPPOMLTLLHNFFAB38DC,公館段,1.29,都市：住,,,,00630001
RPRNMLTLLHNFFCB58CC,寶文段,.00,非都市： ; 非都市編定：,,,,00720019
RPSNMLTLLHNFFCB68CC,寶文段,.00,非都市： ; 非都市編定：,,,,00720019
RPTNMLTLLHNFFCB78CC,寶文段,.00,非都市： ; 非都市編定：,,,,00720019
RPVNMLTLLHNFFCB98CC,寶文段,.00,非都市： ; 非都市編定：,,,,00720019
RPWNMLTLLHNFFCB09CC,寶文段,.00,非都市： ; 非都市編定：,,,,00720019
RPPOMLTLLHNFFCB48CC,寶文段,.00,非都市： ; 非都市編定：,,,,00720019
RPXNMLTLLHNFFCB56CC,寶文段,.00,非都市： ; 非都市編定：,,,,00720019
RPQOMLTLLHNFFCB58CC,寶文段,.00,非都市： ; 非都市編定：,,,,00720019
RPUNMLTLLHNFFCB88CC,寶文段,.00,非都市： ; 非都市編定：,,,,00720019
RPTOMLTLLHNFFCB88CC,寶文段,.00,非都市： ; 非都市編定：,,,,00720019
RPQPMLKMLHNFFCB87CC,寶文段,10.07,都市：住,,,,00720019
RPQPMLTLLHNFFCB68CC,惠仁段,19.64,都市：商,,,,00810000
RPVQMLTLLHNFFCB66CC,大墩段,7.97,都市：住,,,,04700000
RPUOMLTLLHNFFCB98CC,寶文段,.00,非都市： ; 非都市編定：,,,,00720019
RPRNMLKMLHNFFCB77CC,永富段,.00,都市：住,,,,05230000
RPRPMLKMLHNFFCB97CC,寶文段,65.14,都市：住,,,,00720019
RPUPMLKMLHNFFCB28CC,寶文段,9.03,都市：住,,,,00720019
RPTNMLKMLHNFFCB97CC,惠義段,25.80,都市：住,,,,01170000
RPWQMLKMLHNFFCB58CC,寶文段,.00,非都市： ; 非都市編定：,,,,00720019
RPTPMLKMLHNFFCB18CC,寶文段,9.76,都市：住,,,,00720019
RPORMLKMLHNFFCB87CC,寶文段,.00,非都市： ; 非都市編定：,,,,00720019
RPRRMLKMLHNFFCB18CC,寶文段,.00,非都市： ; 非都市編定：,,,,00720019
RPTOMLKMLHNFFBB97CC,東正段,14.44,都市：住,,,,01040000
RPVRMLKMLHNFFCB58CC,大進段,11.11,都市：住,,,,09630000
RPSRMLKMLHNFFCB28CC,寶文段,.00,非都市： ; 非都市編定：,,,,00720019
RPVNMLKMLHNFFAB97CC,建國段五小段,54.00,都市：商,,,,00320000
RPPRMLKMLHNFFBB97DC,太祥段,15.94,都市：住,,,,01200000
RPVNMLKMLHNFFCB28DC,何厝段,.00,都市：商,,,,00770064
RPWOMLKMLHNFFIB09DC,成功段,25.47,都市：住,,,,04850000
RPPOMLLMLHNFFAB57CC,土庫段,4.48,都市：住,,,,02370000
RPSOMLKMLHNFFAB77CC,麻園頭段,16.46,都市：住,,,,01320000
RPWNMLLMLHNFFIB98CC,新榮泉段,27.40,都市：住,,,,01460000
RPQNMLLMLHNFFDB87CC,豐社段,160.00,都市：住,,,,00250000
RPWOMLLMLHNFFBB38CC,賴厝?段,2.67,都市：商,,,,04380000
RPSNMLLMLHNFFDB08CC,豐原段,13.50,都市：住,,,,08990000
RPRNMLLMLHNFFCB87CC,上石碑段,13.73,都市：商,,,,26780000
RPXOMLLMLHNFFCB58CC,上石碑段,.00,都市：住,,,,27540002
RPWNMLLMLHNFFCB38CC,大墩段,10.24,都市：住,,,,03810000
RPUNMLLMLHNFFCB18CC,大墩段,9.60,都市：住,,,,04700000
RPVNMLMJMHNFFCB18CC,國安段,19.57,都市：住,,,,05930489
RPTNMLLMLHNFFDB18CC,大洲段,19.46,都市：住,,,,03040000
RPROMLMJMHNFFCB87CC,何安段,4.90,都市：住,,,,09730000
RPORMLMJMHNFFCB87CC,民安段,.00,都市：住,,,,06180000
RPXQMLMJMHNFFCB68CC,上石碑段,41.00,都市：住,,,,05370000
RPXQMLMJMHNFFCB68CC,上石碑段,17.00,都市：住,,,,05380003
RPOOMLMJMHNFFCB57CC,惠民段,19.05,都市：商,,,,00040000
RPTRMLMJMHNFFCB38CC,上石碑段,3.30,都市：商,,,,17900000
RPRRMLMJMHNFFCB18CC,中正段,5.27,都市：商,,,,01550000
RPTRMLMJMHNFFCB38CC,上石碑段,2.95,都市：商,,,,18000007
RPVOMLMJMHNFFBB18CC,東義段,.00,都市：住,,,,03190000
RPOQMLMJMHNFFBB67CC,賴厝?段,3.26,都市：商,,,,00310003
RPSRMLMJMHNFFCB28CC,中正段,5.91,都市：商,,,,01550000
RPOQMLMJMHNFFBB67CC,邱厝子段,2.61,都市：商,,,,00310062
RPWQMLMJMHNFFBB48CC,賴厝?段,.28,都市：商,,,,00310003
RPWQMLMJMHNFFBB48CC,邱厝子段,.22,都市：商,,,,00310062
RPUQMLMJMHNFFBB28CC,賴厝?段,4.06,都市：商,,,,00310003
RPPQMLMJMHNFFBB77CC,賴厝?段,3.16,都市：商,,,,00310003
RPUQMLMJMHNFFBB28CC,邱厝子段,3.26,都市：商,,,,00310062
RPPQMLMJMHNFFBB77CC,邱厝子段,2.53,都市：商,,,,00310062
RPQQMLMJMHNFFBB87CC,賴厝?段,3.16,都市：商,,,,00310003
RPQQMLMJMHNFFBB87CC,邱厝子段,2.54,都市：商,,,,00310062
RPSQMLMJMHNFFBB08CC,賴厝?段,2.96,都市：商,,,,00310003
RPVQMLMJMHNFFBB38CC,賴厝?段,2.94,都市：商,,,,00310003
RPSQMLMJMHNFFBB08CC,邱厝子段,2.37,都市：商,,,,00310062
RPVQMLMJMHNFFBB38CC,邱厝子段,2.36,都市：商,,,,00310062
RPXNMLMJMHNFFAB28DC,復興段一小段,107.00,都市：商,,,,00080015
RPXNMLMJMHNFFAB28DC,復興段一小段,21.00,都市：商,,,,00110017
RPTNMLNJMHNFFCB18DC,楓興段,661.00,都市：農,,,,01480000
RPOOMLMJMHNFFAB47DC,復興段一小段,22.00,都市：商,,,,00110001
RPOOMLMJMHNFFAB47DC,復興段一小段,110.00,都市：商,,,,00080014
RPTOMLMJMHNFFAB97DC,旱新段,26.73,都市：商,,,,02570000
RPQOMLNJMHNFFHB38CC,上楓段,8.25,都市：住,,,,08510019
RPQOMLNJMHNFFHB38CC,上楓段,31.50,都市：住,,,,08660009
RPQOMLNJMHNFFHB38CC,上楓段,12.42,都市：住,,,,08660016
RPWNMLNJMHNFFAB18CC,下橋子頭段,66.00,都市：住,,,,02860113
RPUOMLNJMHNFFBB18CC,賴厝?段,3598.00,都市：住,,,,00710000
RPVNMLNJMHNFFAB08CC,下橋子頭段,22.00,都市：住,,,,01150015
RPVNMLNJMHNFFAB08CC,下橋子頭段,1.00,都市：住,,,,01270038
RPXOMLNJMHNFFBB48CC,北屯段,33.00,都市：住,,,,04050037
RPVNMLNJMHNFFAB08CC,下橋子頭段,55.00,都市：住,,,,01270034
RPOOMLNJMHNFFAB47CC,柳川段五小段,35.00,都市：商,,,,00080000
RPOOMLNJMHNFFAB47CC,柳川段五小段,7.75,都市：商,,,,00080001
RPPPMLNJMHNFFBB77CC,松觀段,74.00,都市：住,,,,03450018
RPPRMLNJMHNFFBB97CC,松觀段,74.00,都市：住,,,,03450018
RPSRMLNJMHNFFBB28CC,仁和段,28.41,都市：住,,,,05890000
RPTNMLOJMHNFFBB08CC,錦村段,.00,都市：住,,,,01210044
RPSNMLOJMHNFFCB08CC,廣昌段,83.51,都市：商,,,,11630000
RPORMLNJMHNFFBB87CC,平田段,12.57,都市：住,,,,08810000
RPRNMLNJMHNFFCB87CC,惠民段,.00,都市：其他:第六種新市政中心專用區,,,,00040000
RPTNMLPJMHNFFBB18CC,東正段,8.79,都市：住,,,,01430000
RPXOMLNJMHNFFCB58CC,惠安段,.00,都市：住,,,,00860000
RPQNMLQJMHNFFBB97CC,賴厝?段,4.75,都市：商,,,,00310003
RPQNMLQJMHNFFBB97CC,邱厝子段,3.81,都市：商,,,,00310062
RPRNMLQJMHNFFBB08CC,賴厝?段,3.20,都市：商,,,,00310003
RPRNMLQJMHNFFBB08CC,邱厝子段,2.56,都市：商,,,,00310062
RPWRMLNJMHNFFBB68CC,東山段,3.37,都市：住,,,,02210000
RPSNMLQJMHNFFBB18CC,賴厝?段,.21,都市：商,,,,00310003
RPSNMLQJMHNFFBB18CC,邱厝子段,.17,都市：商,,,,00310062
RPPNMLOJMHNFFBB67CC,乾溝子段,.00,都市：商,,,,01790000
RPVNMLQJMHNFFBB48CC,賴厝?段,.28,都市：商,,,,00310003
RPVNMLQJMHNFFBB48CC,邱厝子段,.22,都市：商,,,,00310062
RPTNMLQJMHNFFBB28CC,賴厝?段,.28,都市：商,,,,00310003
RPTNMLQJMHNFFBB28CC,邱厝子段,.22,都市：商,,,,00310062
RPOOMLQJMHNFFBB87CC,賴厝?段,.21,都市：商,,,,00310003
RPUNMLQJMHNFFBB38CC,賴厝?段,.14,都市：商,,,,00310003
RPOOMLQJMHNFFBB87CC,邱厝子段,.17,都市：商,,,,00310062
RPUNMLQJMHNFFBB38CC,邱厝子段,.12,都市：商,,,,00310062
RPWNMLQJMHNFFBB58CC,賴厝?段,.29,都市：商,,,,00310003
RPWNMLQJMHNFFBB58CC,邱厝子段,.23,都市：商,,,,00310062
RPXNMLQJMHNFFBB68CC,賴厝?段,2.98,都市：商,,,,00310003
RPXNMLQJMHNFFBB68CC,邱厝子段,2.39,都市：商,,,,00310062
RPPOMLQJMHNFFBB97CC,東峰段,12.81,都市：商,,,,01580000
RPQOMLQJMHNFFBB08CC,東峰段,11.13,都市：商,,,,01580000
RPTOMLQJMHNFFBB38CC,東峰段,10.25,都市：商,,,,01580000
RPUOMLQJMHNFFBB48CC,乾溝子段,158.00,都市：其他:住商用,,,,00900008
RPRNMLQJMHNFFCB18CC,豐富段,102.76,都市：住,,,,04620000
RPQNMLQJMHNFFAB87CC,下橋子頭段,1.72,都市：商,,,,02170014
RPOOMLQJMHNFFCB97CC,大進段,19.81,都市：住,,,,06170000
RPPNMLQJMHNFFAB77CC,下橋子頭段,1.96,都市：商,,,,02170014
RPPOMLQJMHNFFCB08CC,中正段,5.67,都市：商,,,,01550000
RPVNMLQJMHNFFCB58CC,寶文段,9.30,都市：住,,,,00720019
RPQNMLQJMHNFFCB08CC,豐富段,77.40,都市：住,,,,04620000
RPQOMLQJMHNFFCB18CC,中正段,5.27,都市：商,,,,01550000
RPXNMLQJMHNFFCB78CC,寶文段,10.07,都市：住,,,,00720019
RPRNMLRJMHNFFCB28CC,寶山段,.00,非都市： ; 非都市編定：,,,,12290000
RPSNMLRJMHNFFCB38CC,寶山段,.00,非都市： ; 非都市編定：,,,,12290000
RPTNMLRJMHNFFCB48CC,寶文段,.00,非都市： ; 非都市編定：,,,,00720019
RPVNMLRJMHNFFCB68CC,寶文段,.00,非都市： ; 非都市編定：,,,,00720019
RPROMLQJMHNFFCB28CC,何安段,5.86,都市：商,,,,09730000
RPPOMLRJMHNFFCB18CC,寶山段,.00,非都市： ; 非都市編定：,,,,12290000
RPUNMLRJMHNFFCB58CC,寶文段,.00,非都市： ; 非都市編定：,,,,00720019
RPWNMLRJMHNFFCB78CC,寶文段,.00,非都市： ; 非都市編定：,,,,00720019
RPXNMLRJMHNFFCB88CC,寶山段,.00,非都市： ; 非都市編定：,,,,08660000
RPOOMLRJMHNFFCB08CC,寶山段,.00,非都市： ; 非都市編定：,,,,08660000
RPVNMLRJMHNFFAB48CC,下橋子頭段,1.83,都市：商,,,,02170014
RPWNMLRJMHNFFAB58CC,下橋子頭段,5.52,都市：商,,,,02170014
RPXOMLTJMHNFFAB98CC,後?子段,4.15,都市：住,,,,02100010
RPXNMLRJMHNFFAB68CC,下橋子頭段,1.65,都市：商,,,,02170014
RPQPMLTJMHNFFAB38CC,麻園頭段,43.38,都市：商,,,,08250000
RPTOMLTJMHNFFDB88CC,大仁段,70.16,都市：住,,,,04320000
RPRPMLTJMHNFFAB48CC,下橋子頭段,16.05,都市：住,,,,01780026
RPWNMLTJMHNFFAB78CC,後?子段,.00,都市：住,,,,02100003
RPTPMLTJMHNFFBB88DC,水湳段,85.00,都市：住,,,,01260030
RPRPMLTJMHNFFBB58CC,乾溝子段,9.32,都市：住,,,,01700049
RPPPMLTJMHNFFBB38CC,文正段,61.44,都市：商,,,,01020000
RPVNMLTJMHNFFDB98CC,慈興段,64.16,都市：住,,,,01690006
RPVQMLTJMHNFFCB56CC,田心段,7.13,都市：住,,,,08960000
RPRNNLTJMHNFFCB58CC,惠民段,22.35,都市：其他:新市政中心專用區,,,,01380000
RPSQNLTJMHNFFCB98CC,福安段,9.75,都市：住,,,,02250000
RPVRNLTJMHNFFCB76CC,惠民段,15.14,都市：其他:新市政中心專用區,,,,01380000
RPWNNLTJMHNFFCB09CC,福安段,9.00,都市：住,,,,02250000
RPQNMLTJMHNFFKB66DC,龍目井段龍目井小段,158.00,都市：住,,,,01550056
RPTSMLKKMHNFFCB38CC,國安段,11.88,都市：住,,,,00120014
RPQQMLKKMHNFFCB87CC,黎明段,15.60,都市：住,,,,00310000
RPWNMLKKMHNFFBB08CC,東山段,84.00,都市：住,,,,00980004
RPWOMLKKMHNFFBB18CC,軍福段,824.60,都市：住,,,,03880001
RPWPMLKKMHNFFBB28CC,水源段,.00,都市：住,,,,00920036
RPXNMLKKMHNFFBB18CC,東山段,84.00,都市：住,,,,00980004
RPSNMLKKMHNFFDB87CC,新水源段,353.77,都市：工,,,,09830003
RPSNMLKKMHNFFDB87CC,新水源段,353.81,都市：工,,,,09830002
RPSNMLKKMHNFFDB87CC,新水源段,354.54,都市：工,,,,09830001
RPSNMLKKMHNFFDB87CC,新水源段,414.28,都市：工,,,,09830006
RPSNMLKKMHNFFDB87CC,新水源段,414.28,都市：工,,,,09830005
RPSNMLKKMHNFFDB87CC,新水源段,418.14,都市：工,,,,09830004
RPSNMLKKMHNFFDB87CC,新水源段,131.48,都市：工,,,,09830007
RPUPMLLKMHNFFAB08CC,下橋子頭段,46.30,都市：住,,,,02660037
RPWPMLLKMHNFFAB28CC,後?子段,16.78,都市：商,,,,02520213
RPTNMLKKMHNFFDB97CC,豐原段,34.60,都市：住,,,,08990000
RPXNMLKKMHNFFAB08CC,麻園頭段,109.00,都市：住,,,,00840139
RPSNMLLKMHNFFCB87CC,大墩段,1154.00,都市：商,,,,01710000
RPPPMLLKMHNFFBB67CC,東山段,156.43,都市：住,,,,00450000
RPPQMLLKMHNFFBB77CC,中清段,146.00,都市：住,,,,04760000
RPPQMLLKMHNFFBB77CC,中清段,78.00,都市：住,,,,04750000
RPUNMLLKMHNFFCB08CC,黎明段,1131.00,都市：住,,,,03530000
RPTNMLLKMHNFFCB97CC,惠民段,.00,都市：住,,,,01090000
RPXOMLLKMHNFFJB66DC,宜欣段,5.02,都市：住,,,,21440000
RPTQMLMKMHNFFBB28CC,賴厝?段,2.67,都市：商,,,,00310003
RPTQMLMKMHNFFBB28CC,邱厝子段,3.33,都市：商,,,,00310062
RPWNMLLKMHNFFCB28CC,大明段,15.95,都市：住,,,,00160000
RPOPMLMKMHNFFCB77CC,中正段,5.55,都市：商,,,,01550000
RPUQMLMKMHNFFBB38CC,賴厝?段,3.16,都市：商,,,,00310003
RPUQMLMKMHNFFBB38CC,邱厝子段,2.53,都市：商,,,,00310062
RPOPMLLKMHNFFJB48DC,宜欣段,5.02,都市：住,,,,21440000
RPSQMLMKMHNFFBB18CC,賴厝?段,2.94,都市：商,,,,00310003
RPSQMLMKMHNFFBB18CC,邱厝子段,2.36,都市：商,,,,00310062
RPPPMLMKMHNFFCB87CC,中正段,5.63,都市：商,,,,01550000
RPXQMLMKMHNFFBB68CC,東峰段,10.58,都市：商,,,,01580000
RPPRMLMKMHNFFBB97CC,東峰段,10.58,都市：商,,,,01580000
RPUOMLMKMHNFFAB08CC,麻園頭段,12.91,都市：住,,,,01320000
RPPPMLMKMHNFFAB67CC,土庫段,37.00,都市：住,,,,00580025
RPRRMLMKMHNFFBB18CC,東峰段,6.84,都市：商,,,,01580000
RPQNMLNKMHNFFAB67CC,樹子腳段,.00,都市：住,,,,10640024
RPSNMLNKMHNFFJB78CC,育賢段,89.25,都市：住,,,,00610001
RPQNMLNKMHNFFAB67CC,樹子腳段,.00,都市：住,,,,10640074
RPSNMLNKMHNFFJB78CC,育賢段,5.38,都市：住,,,,00610000
RPQNMLNKMHNFFAB67CC,樹子腳段,.00,都市：住,,,,10640030
RPPNMLMKMHNFFIB28CC,天時段,5.58,都市：商,,,,01640000
RPPNMLMKMHNFFIB28CC,天時段,31.98,都市：住,,,,01440000
RPPOMLMKMHNFFAB67DC,後?子段,12.00,都市：商,,,,01810038
RPVNMLNKMHNFFAB18CC,土庫段,14.40,都市：住,,,,00570001
RPPOMLMKMHNFFAB67DC,後?子段,20.00,都市：商,,,,01810007
RPPOMLMKMHNFFAB67DC,後?子段,46.00,都市：商,,,,01810067
RPPOMLMKMHNFFAB67DC,後?子段,16.00,都市：商,,,,01960010
RPPOMLMKMHNFFAB67DC,後?子段,9.00,都市：商,,,,01960008
RPPOMLMKMHNFFAB67DC,後?子段,46.00,都市：商,,,,01960009
RPOPMLNKMHNFFBB77CC,東山段,7.96,都市：商,,,,02620000
RPRPMLNKMHNFFBB08CC,平田段,14.72,都市：住,,,,01000000
RPRPMLNKMHNFFBB08CC,平田段,2.72,都市：住,,,,01000001
RPXNMLNKMHNFFAB38CC,麻園頭段,14.14,都市：住,,,,01320000
RPWPMLNKMHNFFBB58CC,景美段,99.18,都市：住,,,,02760000
RPPPMLNKMHNFFCB97CC,惠順段,.00,都市：住,,,,00580000
RPTNMLNKMHNFFCB18CC,寶文段,.00,非都市： ; 非都市編定：,,,,00720019
RPUNMLNKMHNFFCB28CC,寶文段,.00,非都市： ; 非都市編定：,,,,00720019
RPOQMLNKMHNFFBB87CC,景美段,99.17,都市：住,,,,02750000
RPVNMLNKMHNFFCB38CC,寶文段,.00,非都市： ; 非都市編定：,,,,00720019
RPUNMLNKMHNFFDB48DC,大順段,64.36,都市：住,,,,04940000
RPUNMLNKMHNFFDB48DC,大順段,6.31,都市：住,,,,04940001
RPPNMLOKMHNFFIB48CC,立新段,64.87,非都市：鄉村區 ; 非都市編定：乙種建築用地,,,,07840000
RPPOMLQKMHNFFAB97CC,大益段,338.00,都市：住,,,,02390000
RPRNMLOKMHNFFBB97CC,賴厝?段,.00,都市：住,,,,00710000
RPSNMLOKMHNFFBB08CC,賴厝?段,.00,都市：住,,,,00710000
RPROMLQKMHNFFCB38CC,寶文段,9.30,都市：住,,,,00720019
RPOOMLQKMHNFFAB97DC,大益段,100.00,都市：住,,,,05490000
RPQOMLQKMHNFFCB28CC,寶文段,14.03,都市：住,,,,00720019
RPUOMLQKMHNFFCB68CC,寶文段,.00,非都市： ; 非都市編定：,,,,00720019
RPRNMLQKMHNFFBB18CC,中德段,17.20,都市：住,,,,00620000
RPRNMLQKMHNFFDB38CC,育仁段,17.92,都市：住,,,,01960000
RPPPMLQKMHNFFCB28CC,大墩段,4.43,都市：住,,,,04640000
RPPPMLQKMHNFFCB28CC,大墩段,2.98,都市：住,,,,04630004
RPWQMLQKMHNFFCB09CC,惠國段,25.59,都市：其他:,,,,00110000
RPRPMLQKMHNFFCB48CC,寶文段,.00,非都市： ; 非都市編定：,,,,00720019
RPQOMLRKMHNFFCB38CC,逢大段,822.94,都市：其他:,,,,00370000
RPWNMLRKMHNFFCB88CC,寶文段,9.76,都市：住,,,,00720019
RPVPMLRKMHNFFCB98CC,惠來厝段,13.26,都市：住,,,,03150000
RPRQMLQKMHNFFCB58CC,大進段,25.37,都市：商,,,,08580000
RPTNMLQKMHNFFKB66CC,東園段,61.46,非都市：鄉村區 ; 非都市編定：乙種建築用地,,,,03140000
RPXPMLRKMHNFFCB56CC,安和段,2467.13,都市：工,,,,01030000
RPWPMLRKMHNFFCB09CC,中正段,6.72,都市：商,,,,01550000
RPOQMLRKMHNFFCB38CC,惠民段,10.21,都市：其他:,,,,01090000
RPRNMLRKMHNFFBB28CC,北屯段,23.57,都市：住,,,,05280000
RPTQMLRKMHNFFBB78CC,文正段,7.84,都市：商,,,,00250004
RPTQMLRKMHNFFCB88CC,上石碑段,4.04,都市：商,,,,17900000
RPTRMLRKMHNFFBB88CC,錦村段,5.02,都市：商,,,,03030005
RPPNMLRKMHNFFBB08CC,景東段,98.38,都市：住,,,,03140004
RPXNMLRKMHNFFAB78CC,中墩段七小段,216.00,都市：住,,,,00090000
RPXNMLRKMHNFFAB78CC,中墩段七小段,9.00,都市：住,,,,00090003
RPXNMLRKMHNFFAB78CC,中墩段七小段,12.00,都市：住,,,,00100004
RPPNMLRKMHNFFAB97CC,平和段,18.25,都市：住,,,,00040002
RPPNMLRKMHNFFAB97CC,平和段,.75,都市：住,,,,00040055
RPPNMLRKMHNFFAB97CC,平和段,3.50,都市：住,,,,00040080
RPPNMLRKMHNFFAB97CC,平和段,.50,都市：住,,,,00050058
RPWPMLRKMHNFFBB98CC,邱厝子段,.00,都市：商,,,,01400002
RPPNMLRKMHNFFDB28CC,豐原段,83.00,都市：住,,,,09040079
RPQNMLRKMHNFFBB18CC,北屯段,54.70,都市：住,,,,05280000
RPPRMLRKMHNFFIB56CC,新站南段,36.34,都市：住,,,,00490000
RPVPMLSKMHNFFBB98CC,長安段,2.14,都市：其他:,,,,01410001
RPVPMLSKMHNFFBB98CC,長安段,1.45,都市：其他:,,,,01420000
RPVPMLSKMHNFFBB98CC,長安段,.11,都市：其他:,,,,01390000
RPVPMLSKMHNFFBB98CC,長安段,1.36,都市：其他:,,,,01410000
RPVPMLSKMHNFFBB98CC,長安段,.20,都市：其他:,,,,01430000
RPVPMLSKMHNFFBB98CC,長安段,156.00,都市：其他:,,,,01440000
RPPOMLTKMHNFFBB38CC,賴厝?段,.21,都市：商,,,,00310003
RPPOMLTKMHNFFBB38CC,邱厝子段,.17,都市：商,,,,00310062
RPQOMLTKMHNFFBB48CC,賴厝?段,3.34,都市：商,,,,00310003
RPQOMLTKMHNFFBB48CC,邱厝子段,2.68,都市：商,,,,00310062
RPTOMLTKMHNFFBB78CC,東峰段,9.89,都市：住,,,,00040000
RPSNMLRKMHNFFDB58CC,南村段,2.53,都市：商,,,,05990000
RPSNMLRKMHNFFDB58CC,南村段,.31,都市：商,,,,05990001
RPROMLTKMHNFFBB58CC,賴厝?段,.21,都市：商,,,,00310003
RPROMLTKMHNFFBB58CC,邱厝子段,.17,都市：商,,,,00310062
RPQOMLRKMHNFFDB48CC,豐原段,70.03,都市：住,,,,07650112
RPSPMLTKMHNFFBB78CC,賴厝?段,3.30,都市：商,,,,00310003
RPSPMLTKMHNFFBB78CC,邱厝子段,2.65,都市：商,,,,00310062
RPTOMLSKMHNFFAB58CC,土庫段,115.00,都市：住,,,,00800010
RPQPMLTKMHNFFBB58CC,水湳段,48.00,都市：住,,,,02810000
RPUPMLTKMHNFFBB98CC,賴厝?段,2.97,都市：商,,,,00310003
RPUPMLTKMHNFFBB98CC,邱厝子段,2.39,都市：商,,,,00310062
RPWPMLTKMHNFFBB56CC,賴厝?段,3.41,都市：商,,,,00310003
RPWPMLTKMHNFFBB56CC,邱厝子段,2.69,都市：商,,,,00310062
RPPQMLTKMHNFFBB58CC,賴厝?段,.14,都市：商,,,,00310003
RPPQMLTKMHNFFBB58CC,邱厝子段,.11,都市：商,,,,00310062
RPVPMLTKMHNFFBB09CC,賴厝?段,2.90,都市：商,,,,00310003
RPVPMLTKMHNFFBB09CC,邱厝子段,2.33,都市：商,,,,00310062
RPQQMLTKMHNFFBB68CC,賴厝?段,.14,都市：商,,,,00310003
RPQQMLTKMHNFFBB68CC,邱厝子段,.11,都市：商,,,,00310062
RPTQMLTKMHNFFBB98CC,賴厝?段,3.37,都市：商,,,,00310003
RPXPMLTKMHNFFBB66CC,賴厝?段,.14,都市：商,,,,00310003
RPTQMLTKMHNFFBB98CC,邱厝子段,2.71,都市：商,,,,00310062
RPXPMLTKMHNFFBB66CC,邱厝子段,.11,都市：商,,,,00310062
RPXQMLTKMHNFFBB76CC,東峰段,9.49,都市：商,,,,01580000
RPPRMLTKMHNFFBB68CC,松觀段,14.33,都市：住,,,,06060000
RPORMLTKMHNFFBB58CC,錦村段,5.12,都市：住,,,,02130085
RPVQMLTKMHNFFBB56CC,賴厝?段,3.23,都市：商,,,,00310003
RPVQMLTKMHNFFBB56CC,邱厝子段,2.59,都市：商,,,,00310062
RPQRMLTKMHNFFBB78CC,東峰段,10.79,都市：商,,,,01580000
RPRPMLTKMHNFFAB58CC,麻園頭段,13.85,都市：住,,,,01320000
RPVPMLTKMHNFFAB98CC,麻園頭段,30.17,都市：住,,,,01730003
RPXPMLTKMHNFFAB56CC,振興段,28.50,都市：住,,,,00190000
RPRNMLTKMHNFFAB38CC,練武段,.00,都市：商,,,,10740000
RPPQMLTKMHNFFAB48CC,半平厝段,11.56,都市：住,,,,02550000
RPPOMLTKMHNFFJB56CC,宜欣段,15.74,都市：住,,,,06780000
RPQQMLTKMHNFFCB78CC,惠民段,63.05,都市：其他:第一種新市政中心專用區,,,,00700000
RPVQMLTKMHNFFCB66CC,中正段,6.28,都市：商,,,,01550000
RPXQMLTKMHNFFCB86CC,中正段,8.13,都市：商,,,,01550000
RPRNMLKLMHNFFAB57CC,麻園頭段,.00,都市：商,,,,00090023
RPSOMLKLMHNFFAB77CC,麻園頭段,.00,都市：住,,,,07000000
RPTQMLTKMHNFFCB09CC,中正段,5.51,都市：商,,,,01550000
RPXOMLKLMHNFFAB28CC,城隍段二小段,.00,都市：商,,,,00300066
RPXOMLKLMHNFFAB28CC,城隍段二小段,.00,都市：商,,,,00300068
RPXOMLKLMHNFFAB28CC,頂橋子頭段,.00,都市：商,,,,01030003
RPXOMLKLMHNFFAB28CC,頂橋子頭段,.00,都市：商,,,,01030151
RPUQMLTKMHNFFCB56CC,中正段,6.48,都市：商,,,,01550000
RPROMLKLMHNFFBB77CC,同榮段,163.00,都市：住,,,,30750000
RPOOMLKLMHNFFBB47CC,東山段,23.10,都市：住,,,,00030001
RPVPMLKLMHNFFBB28CC,邱厝子段,.00,非都市： ; 非都市編定：,,,,00160042
RPORMLKLMHNFFBB77CC,水源段,87.00,都市：住,,,,02450246
RPORMLKLMHNFFBB77CC,水源段,.71,都市：住,,,,02450237
RPRNMLKLMHNFFKB58CC,新庄段,.00,非都市：鄉村區 ; 非都市編定：乙種建築用地,,,,03260000
RPRNMLKLMHNFFKB58CC,新庄段,.00,非都市：鄉村區 ; 非都市編定：乙種建築用地,,,,03270000
RPSNMLLLMHNFFCB97CC,寶文段,.00,非都市： ; 非都市編定：,,,,00720019
RPTNMLLLMHNFFCB08CC,寶文段,.00,非都市： ; 非都市編定：,,,,00720019
RPPNMLLLMHNFFCB67CC,惠安段,10.16,都市：商,,,,02440000
RPPNMLNLMHNFFCB87CC,豐富段,32.54,都市：商,,,,04370000
RPTSMLNLMHNFFCB78CC,大進段,.00,都市：住,,,,01250000
RPXNMLNLMHNFFAB48CC,後?子段,11.00,都市：住,,,,03200196
RPXNMLNLMHNFFAB48CC,土庫段,145.00,都市：住,,,,01010093
RPQNMLNLMHNFFDB18DC,豐田段,62.67,都市：住,,,,05210000
RPRPMLOLMHNFFIB98CC,光日段,18.87,都市：住,,,,01190000
RPTOMLOLMHNFFIB09CC,大仁段,397.39,都市：住,,,,01590000
RPVQMLNLMHNFFCB78CC,福安段,12.75,都市：住,,,,02250000
RPWOMLOLMHNFFIB76CC,新三和段,33.00,都市：住,,,,00700001
RPOOMLOLMHNFFHB48CC,雅潭段,126.57,都市：住,,,,02520000
RPOOMLOLMHNFFHB48CC,雅潭段,5.67,都市：住,,,,02530001
RPROMLOLMHNFFCB28CC,福德段,43.51,都市：住,,,,01410000
RPRNMLNLMHNFFDB28DC,北陽段,112.60,都市：住,,,,03260001
RPTPMLPLMHNFFCB68CC,惠禮段,.00,都市：商,,,,00050000
RPRPMLPLMHNFFCB48CC,惠禮段,.00,都市：商,,,,00050000
RPTOMLOLMHNFFAB28CC,樹子腳段,634.00,都市：住,,,,10190000
RPUQMLPLMHNFFCB88CC,田心段,80.00,都市：住,,,,12540005
RPSQMLPLMHNFFCB68CC,田心段,80.00,都市：住,,,,12540005
RPORMLPLMHNFFCB38CC,惠民段,14.43,都市：其他:第五種新市政中心專用區,,,,01380000
RPOQMLPLMHNFFAB08CC,樹子腳段,18.99,都市：住,,,,05590000
RPTNMLPLMHNFFIB09CC,東湖段,1515.52,都市：商,,,,03080022
RPRNMLQLMHNFFDB48CC,文德段,107.87,都市：住,,,,04340015
RPRNMLQLMHNFFDB48CC,文德段,10.85,都市：住,,,,04340016
RPPQMLPLMHNFFCB38CC,何安段,5.76,都市：住,,,,09730000
RPUOMLQLMHNFFBB68CC,東信段,.00,都市：住,,,,00070000
RPRPMLQLMHNFFBB48CC,仁德段,69.00,都市：住,,,,08490030
RPXQMLPLMHNFFCB56CC,上石碑段,2.32,都市：商,,,,26780000
RPXNMLQLMHNFFFB76DC,南勢坑段埔子小段,68.00,都市：住,,,,03310045
RPQOMLQLMHNFFFB68CC,海風段,2032.05,非都市：一般農業區 ; 非都市編定：農牧用地,,,,11370001
RPQNMLRLMHNFFBB38DC,東義段,75.00,都市：住,,,,01250010
RPTOMLRLMHNFFBB78DC,北屯段,8.32,都市：住,,,,01310002
RPWOMLRLMHNFFCB56DC,中仁段,4.98,都市：住,,,,02490000
RPUNMLRLMHNFFAB58CC,麻園頭段,286.00,都市：商,,,,00190000
RPWNMLRLMHNFFAB78CC,麻園頭段,16.46,都市：住,,,,01320000
RPVOMLRLMHNFFCB09DC,上石碑段,13.07,都市：商,,,,27740000
RPUNMLSLMHNFFCB88CC,惠民段,14.48,都市：其他:新市政中心專用區,,,,01110000
RPVNMLSLMHNFFCB98CC,惠民段,18.81,都市：其他:新市政中心專用區,,,,00110000
RPWNMLSLMHNFFCB09CC,惠民段,19.04,都市：其他:新市政中心專用區,,,,00110000
RPVNMLSLMHNFFAB78CC,土庫段,90.68,都市：商,,,,00570004
RPTNMLTLMHNFFCB88CC,惠民段,13.83,都市：其他:新市政中心專用區,,,,01380000
RPUNMLTLMHNFFCB98CC,惠民段,12.94,都市：其他:新市政中心專用區,,,,00110000
RPXNMLSLMHNFFCB56CC,惠民段,13.10,都市：其他:新市政中心專用區,,,,00110000
RPVNMLTLMHNFFCB09CC,惠民段,13.38,都市：其他:新市政中心專用區,,,,01390000
RPRNMLTLMHNFFCB68CC,寶文段,.00,非都市： ; 非都市編定：,,,,00720019
RPXNMLTLMHNFFCB66CC,惠民段,21.81,都市：其他:新市政中心專用區,,,,01380000
RPWNMLTLMHNFFCB56CC,惠民段,14.32,都市：其他:新市政中心專用區,,,,01110000
RPPNMLTLMHNFFAB28CC,土庫段,21.69,都市：住,,,,00730021
RPOOMLTLMHNFFCB48CC,惠民段,17.95,都市：其他:新市政中心專用區,,,,01430001
RPPOMLKMMHNFFAB57CC,麻園頭段,25.05,都市：住,,,,01810000
RPWOMLKMMHNFFAB28CC,麻園頭段,14.30,都市：住,,,,01320000
RPWOMLKMMHNFFBB38CC,水源段,.00,都市：住,,,,02300434
RPVOMLKMMHNFFBB38DC,太祥段,485.71,都市：住,,,,02250000
RPWOMLKMMHNFFBB38CC,水源段,.00,都市：住,,,,02300440
RPQPMLKMMHNFFBB87CC,松茂段,83.00,都市：住,,,,09160000
RPWNMLKMMHNFFAB18CC,後?子段,9.81,都市：住,,,,02440011
RPTPMLKMMHNFFBB18CC,東峰段,4.79,都市：商,,,,01280000
RPUNMLKMMHNFFCB18CC,福德段,845.41,都市：住,,,,00490000
RPUPMLKMMHNFFAB18CC,樹子腳段,19.03,都市：住,,,,05590000
RPVOMLKMMHNFFCB38CC,廣昌段,176.25,都市：住,,,,04570000
RPVNMLKMMHNFFCB28CC,福德段,317.00,都市：住,,,,00500000
RPRPMLKMMHNFFCB08CC,惠來厝段,.00,都市：住,,,,03150000
RPOPMLLJNHNFFCB67CC,上石碑段,100.00,都市：其他:學校用地,,,,10190000
RPOPMLLJNHNFFCB67CC,上石碑段,100.00,都市：其他:學校用地,,,,10200000
RPQQMLLJNHNFFCB97CC,三塊厝段,22.65,都市：住,,,,04060000
RPTNMLLJNHNFFBB97DC,水源段,34.00,都市：商,,,,00350009
RPTNMLLJNHNFFBB97DC,水源段,92.00,都市：商,,,,00360010
RPTNMLLJNHNFFBB97DC,水源段,35.00,都市：商,,,,00350008
RPTNMLLJNHNFFBB97DC,水源段,91.00,都市：商,,,,00360009
RPQOMLMJNHNFFBB77CC,邱厝子段,.00,都市：住,,,,00190057
RPOPMLMJNHNFFBB67CC,賴厝?段,.14,都市：商,,,,00310003
RPOPMLMJNHNFFBB67CC,邱厝子段,.11,都市：商,,,,00310062
RPPPMLMJNHNFFBB77CC,賴厝?段,.14,都市：商,,,,00310003
RPPPMLMJNHNFFBB77CC,邱厝子段,.11,都市：商,,,,00310062
RPUPMLMJNHNFFBB28CC,賴厝?段,2.94,都市：商,,,,00310003
RPUPMLMJNHNFFBB28CC,邱厝子段,2.36,都市：商,,,,00310062
RPRPMLMJNHNFFBB97CC,賴厝?段,3.16,都市：商,,,,00310003
RPRPMLMJNHNFFBB97CC,邱厝子段,2.53,都市：商,,,,00310062
RPSPMLMJNHNFFBB08CC,賴厝?段,3.33,都市：商,,,,00310003
RPSPMLMJNHNFFBB08CC,邱厝子段,2.68,都市：商,,,,00310062
RPVPMLMJNHNFFBB38CC,邱厝子段,3.75,都市：商,,,,00310062
RPOQMLMJNHNFFBB77CC,水源段,11.42,都市：住,,,,02400028
RPVPMLMJNHNFFBB38CC,賴厝?段,4.67,都市：商,,,,00310003
RPXPMLMJNHNFFBB58CC,賴厝?段,3.10,都市：商,,,,00310003
RPXPMLMJNHNFFBB58CC,邱厝子段,2.49,都市：商,,,,00310062
RPWPMLMJNHNFFBB48CC,賴厝?段,3.20,都市：商,,,,00310003
RPWPMLMJNHNFFBB48CC,邱厝子段,2.57,都市：商,,,,00310062
RPPQMLMJNHNFFBB87CC,賴厝?段,.14,都市：商,,,,00310003
RPPQMLMJNHNFFBB87CC,邱厝子段,.11,都市：商,,,,00310062
RPUNMLMJNHNFFJB98DC,宜欣段,4.29,都市：住,,,,21440000
RPOPMLMJNHNFFCB77CC,上石碑段,3.49,都市：商,,,,17900000
RPOPMLMJNHNFFCB77CC,上石碑段,3.12,都市：商,,,,18000007
RPQNMLNJNHNFFJB68DC,宜欣段,4.29,都市：住,,,,21440000
RPTNMLNJNHNFFCB18CC,西屯段,.00,都市：住,,,,27480000
RPSNMLNJNHNFFJB88DC,宜欣段,5.02,都市：住,,,,21440000
RPRNMLNJNHNFFJB78DC,宜欣段,4.81,都市：住,,,,21440000
RPQNMLNJNHNFFKB68CC,新興段,59.01,非都市：鄉村區 ; 非都市編定：乙種建築用地,,,,03860000
RPQOMLNJNHNFFCB97CC,中仁段,.00,都市：住,,,,04140000
RPPPMLNJNHNFFCB97CC,寶文段,65.14,都市：住,,,,00720019
RPXNMLNJNHNFFCB58CC,大進段,.00,都市：住,,,,08410000
RPXOMLNJNHNFFCB68CC,上石碑段,.00,都市：商,,,,20410000
RPQPMLNJNHNFFCB08CC,惠智段,.00,都市：住,,,,01340000
RPTPMLNJNHNFFCB38CC,大墩段,7.97,都市：住,,,,04700000
RPUPMLNJNHNFFCB48CC,豐富段,77.34,都市：商,,,,04370000
RPORMLNJNHNFFBB97CC,松觀段,19.07,都市：住,,,,10490000
RPVQMLNJNHNFFBB58CC,松觀段,74.00,都市：住,,,,03450018
RPQRMLNJNHNFFCB28CC,上石碑段,3.49,都市：商,,,,17900000
RPQRMLNJNHNFFCB28CC,上石碑段,3.12,都市：商,,,,18000007
RPTRMLNJNHNFFBB48CC,賴厝?段,3.16,都市：商,,,,00310003
RPTRMLNJNHNFFBB48CC,邱厝子段,2.53,都市：商,,,,00310062
RPSRMLNJNHNFFBB38CC,賴厝?段,3.30,都市：商,,,,00310003
RPSRMLNJNHNFFBB38CC,邱厝子段,2.65,都市：商,,,,00310062
RPWRMLNJNHNFFBB78CC,東峰段,10.16,都市：商,,,,01580000
RPVRMLNJNHNFFBB68CC,東峰段,6.84,都市：商,,,,01580000
RPURMLNJNHNFFBB58CC,東峰段,10.16,都市：商,,,,01580000
RPPNMLNJNHNFFIB38CC,南湖段,155.00,都市：住,,,,04890003
RPPNMLNJNHNFFIB38CC,南湖段,155.15,都市：住,,,,04890004
RPPNMLNJNHNFFAB57CC,樹子腳段,.00,都市：商,,,,09340000
RPWNMLNJNHNFFAB28CC,後?子段,.00,都市：住,,,,03360000
RPXPMLNJNHNFFAB58CC,樹子腳段,340.00,都市：住,,,,06600003
RPPNMLOJNHNFFAB67CC,公館段,.00,都市：住,,,,00590046
RPOOMLNJNHNFFAB57CC,麻園頭段,62.00,都市：住,,,,03220004
RPOOMLNJNHNFFAB57CC,麻園頭段,19.00,都市：住,,,,03220003
RPPNMLOJNHNFFHB38CC,十三寮段,93.00,都市：住,,,,00990041
RPSNMLOJNHNFFAB97CC,公館段,.00,都市：住,,,,00590046
RPRNMLOJNHNFFDB18CC,新水源段,1402.30,都市：工,,,,10400000
RPRNMLOJNHNFFDB18CC,新水源段,226.65,都市：工,,,,10420000
RPRNMLOJNHNFFDB18CC,新水源段,243.12,都市：工,,,,10490000
RPRNMLOJNHNFFDB18CC,新水源段,342.31,都市：工,,,,10500000
RPWNMLOJNHNFFCB68DC,寶山段,21.62,都市：住,,,,12540000
RPWOMLOJNHNFFCB78DC,豐業段,160.93,都市：住,,,,00030006
RPWNMLOJNHNFFBB48CC,東峰段,.00,都市：住,,,,01420000
RPXNMLOJNHNFFBB58CC,賴厝?段,24.98,都市：住,,,,00830016
RPRNMLOJNHNFFCB08CC,大新段,.00,都市：住,,,,03870000
RPTOMLOJNHNFFCB38CC,上石碑段,4.00,都市：商,,,,14740000
RPTOMLOJNHNFFCB38CC,上石碑段,12.33,都市：住,,,,14750000
RPSOMLOJNHNFFIB98DC,新榮泉段,22.86,都市：住,,,,01320001
RPPPMLOJNHNFFCB08CC,福星段,5853.57,都市：住,,,,04820000
RPUOMLOJNHNFFCB48CC,上石碑段,11.02,都市：商,,,,20410000
RPSNMLOJNHNFFFB48CC,清水段西勢小段,194.00,都市：住,,,,00230015
RPQOMLOJNHNFFCB08CC,上石碑段,3.80,都市：商,,,,18000007
RPQNMLOJNHNFFHB58DC,大富段,557.00,都市：農,,,,04190000
RPQNMLOJNHNFFHB58DC,大富段,171.00,都市：農,,,,04200000
RPQNMLPJNHNFFFB38CC,市鎮北段,12.86,都市：商,,,,02380000
RPTOMLRJNHNFFFB98CC,武秀段,1006.00,都市：住,,,,01020000
RPVOMLOJNHNFFIB66DC,新榮泉段,21.39,都市：住,,,,01460000
RPUOMLRJNHNFFBB68CC,松茂段,27.08,都市：住,,,,10970000
RPPPMLRJNHNFFAB18CC,頂橋子頭段,12.53,都市：住,,,,00940003
RPVOMLRJNHNFFAB68CC,下橋子頭段,60.00,都市：商,,,,01390018
RPWNMLRJNHNFFDB98CC,新東陽段,73.92,都市：農,,,,01140000
RPQPMLRJNHNFFAB28CC,土庫段,18.64,都市：住,,,,00120000
RPPOMLSJNHNFFAB18CC,後?子段,15.71,都市：住,,,,01990178
RPXNMLSJNHNFFIB07CC,中華段,69.21,都市：住,,,,07330000
RPXNMLSJNHNFFIB07CC,中華段,85.31,都市：住,,,,07340000
RPOOMLSJNHNFFAB08CC,繼光段四小段,19.00,都市：商,,,,00050014
RPOOMLSJNHNFFBB18CC,中清段,23.71,都市：住,,,,01000000
RPOQMLSJNHNFFAB28CC,麻園頭段,11.68,都市：住,,,,01320000
RPTOMLSJNHNFFBB68CC,水源段,116.00,都市：住,,,,03270015
RPVOMLSJNHNFFBB88CC,太原段,16.29,都市：住,,,,01000000
RPWNMLSJNHNFFCB98CC,國安段,15.53,都市：住,,,,05930066
RPQQMLSJNHNFFBB58CC,賴厝?段,46.69,都市：商,,,,00390000
RPUOMLTJNHNFFCB98CC,國安段,.00,都市：住,,,,05930233
RPUOMLTJNHNFFCB98CC,國安段,.00,都市：住,,,,05930272
RPOPMLTJNHNFFCB48CC,保安段,11.38,都市：住,,,,06360000
RPURMLSJNHNFFCB56CC,惠國段,29.37,都市：住,,,,00720000
RPSOMLSJNHNFFBB58CC,邱厝子段,120.00,都市：住,,,,00370037
RPSOMLSJNHNFFBB58CC,邱厝子段,48.00,都市：住,,,,02600080
RPPPMLTJNHNFFCB58CC,下石碑段,.00,都市：住,,,,05750000
RPVRMLSJNHNFFCB66CC,何安段,15.67,都市：住,,,,08940000
RPOTMLTJNHNFFCB88CC,大新段,.00,都市：住,,,,05150000
RPXSMLTJNHNFFCB07CC,何安段,.00,都市：住,,,,03710000
RPTNMLTJNHNFFDB88CC,豐原段,27.00,都市：商,,,,01280003
RPSNMLKKNHNFFDB97CC,向陽段,32.00,都市：商,,,,00210000
RPTNMLTJNHNFFDB88CC,豐原段,17.00,都市：商,,,,01290003
RPTNMLKKNHNFFDB08CC,萬年段,241.51,都市：工,,,,10090000
RPSOMLKKNHNFFAB77CC,公館段,1.07,都市：住,,,,00620001
RPSOMLKKNHNFFAB77CC,公館段,.93,都市：住,,,,00630001
RPSOMLKKNHNFFJB68CC,樹孝段,.00,都市：住,,,,15600000
RPQNMLKKNHNFFAB57DC,後?子段,12.00,都市：商,,,,01810038
RPQNMLKKNHNFFAB57DC,後?子段,20.00,都市：商,,,,01810007
RPQNMLKKNHNFFAB57DC,後?子段,46.00,都市：商,,,,01810067
RPQNMLKKNHNFFAB57DC,後?子段,16.00,都市：商,,,,01960010
RPQNMLKKNHNFFAB57DC,後?子段,9.00,都市：商,,,,01960008
RPQNMLKKNHNFFAB57DC,後?子段,46.00,都市：商,,,,01960009
RPROMLKKNHNFFBB77CC,北屯段,.00,都市：住,,,,05590020
RPROMLKKNHNFFBB77CC,北屯段,.00,都市：住,,,,05590059
RPROMLKKNHNFFBB77CC,北屯段,.00,都市：住,,,,05590060
RPSPMLKKNHNFFAB87CC,旱溪段,88.00,都市：住,,,,02190167
RPSQMLKKNHNFFBB08CC,賴厝?段,.21,都市：商,,,,00310003
RPSQMLKKNHNFFBB08CC,邱厝子段,.17,都市：商,,,,00310062
RPTQMLKKNHNFFBB18CC,賴厝?段,2.97,都市：商,,,,00310003
RPTQMLKKNHNFFBB18CC,邱厝子段,2.39,都市：商,,,,00310062
RPVQMLKKNHNFFBB38CC,賴厝?段,4.81,都市：商,,,,00310003
RPVQMLKKNHNFFBB38CC,邱厝子段,3.86,都市：商,,,,00310062
RPUQMLKKNHNFFBB28CC,賴厝?段,.29,都市：商,,,,00310003
RPUQMLKKNHNFFBB28CC,邱厝子段,.23,都市：商,,,,00310062
RPWQMLKKNHNFFBB48CC,賴厝?段,.29,都市：商,,,,00310003
RPWQMLKKNHNFFBB48CC,邱厝子段,.23,都市：商,,,,00310062
RPOOMLKKNHNFFCB57CC,惠義段,475.42,都市：住,,,,00760000
RPXNMLKKNHNFFCB38CC,中義段,100.00,都市：住,,,,05770000
RPPRMLKKNHNFFCB97CC,惠仁段,973.03,都市：住,,,,00990000
RPQOMLKKNHNFFCB77CC,惠國段,2971.38,都市：其他:,,,,00710000
RPTSMLKKNHNFFCB48CC,中正段,6.72,都市：商,,,,01550000
RPRSMLKKNHNFFCB28CC,上石碑段,4.05,都市：商,,,,17900000
RPRSMLKKNHNFFCB28CC,上石碑段,3.62,都市：商,,,,18000007
RPTNMLKKNHNFFKB88DC,新庄段,30.67,非都市：鄉村區 ; 非都市編定：乙種建築用地,,,,05470000
RPUNMLKKNHNFFKB98DC,東園段,60.98,非都市：鄉村區 ; 非都市編定：乙種建築用地,,,,02770000
RPUSMLKKNHNFFCB58CC,中正段,9.49,都市：商,,,,01550000
RPSSMLKKNHNFFCB38CC,中正段,5.55,都市：商,,,,01550000
RPTOMLKKNHNFFJB88DC,育賢段,97.28,都市：住,,,,00190002
