﻿編號,土地位置,土地移轉面積(平方公尺),使用分區或編定,權利人持分分母,權利人持分分子,移轉情形,地號
The serial number, land position,land shifting area square meter,the use zoning or compiles and checks,,,,land parcel
RPVOMLMKKHNFFCD38CC,虎尾寮段,4.65,都市：其他:部份商業部份住宅。,,,,04610000
RPOOMLNKKHNFFCD77CC,富強段,.00,都市：住,,,,07590000
RPOOMLNKKHNFFCD77CC,富強段,.00,都市：住,,,,07590001
RPOOMLNKKHNFFCD77CC,富強段,.00,都市：住,,,,07610000
RPOOMLNKKHNFFCD77CC,富強段,.00,都市：住,,,,07610001
RPXNMLNKKHNFFCD58CC,德高段,.00,都市：住,,,,15230006
RPROMLNKKHNFFCD08CC,東光段,.00,都市：住,,,,03740000
RPOPMLNKKHNFFKD68CC,永信段,.00,都市：住,,,,02990000
RPVOMLMKKHNFFAD18CC,漁港段,5.09,都市：其他:道路用地,,,,04190000
RPVOMLMKKHNFFAD18CC,漁港段,29.62,都市：住,,,,04200000
RPVOMLMKKHNFFAD18CC,漁港段,46.30,都市：住,,,,04210000
RPPOMLMKKHNFFCD77CC,關帝段,.00,都市：住,,,,10560000
RPOOMLNKKHNFFHD28CC,港口段,.00,非都市：鄉村區 ; 非都市編定：乙種建築用地,,,,30890000
RPWNMLNKKHNFFBD38CC,十字段,.00,都市：商,,,,07410017
RPPPMLNKKHNFFKD78CC,橋北段,.00,都市：商,,,,00540001
RPTNMLLLKHNFFHD58CC,善中段,50.23,都市：住,,,,14500000
RPOOMLNKKHNFFKD58CC,成功段,86.10,都市：住,,,,02510000
RPQPMLNKKHNFFKD88CC,鹽東段,.00,都市：住,,,,16650000
RPPNMLLLKHNFFAD47CC,南門段,.00,都市：商,,,,06960000
RPUNMLLLKHNFFHD68CC,善中段,50.23,都市：住,,,,14500000
RPXOMLLLKHNFFAD38CC,金華段,.00,都市：住,,,,00870000
RPOPMLLLKHNFFAD57CC,大豐段,.00,都市：住,,,,23730000
RPXOMLMLKHNFFAD48CC,立人段,.00,都市：住,,,,00650004
RPXOMLMLKHNFFAD48CC,立人段,.00,都市：商,,,,01040000
RPSNMLMLKHNFFCD08CC,裕東段,291.23,都市：住,,,,04610000
RPSNMLMLKHNFFCD08CC,裕東段,422.14,都市：住,,,,04620000
RPXNMLMLKHNFFKD76CC,兵北段,.00,都市：住,,,,07880000
RPPOMLMLKHNFFKD68CC,六甲頂段,.00,都市：住,,,,08990000
RPQOMLMLKHNFFKD78CC,六甲頂段,.00,都市：住,,,,10910000
RPPPMLNLKHNFFCD08CC,虎尾寮段,2.96,都市：其他:部份商業部份住宅。,,,,04610000
RPQNMLOLKHNFFHD58CC,大榮段,12.97,都市：住,,,,07780000
RPQNMLOLKHNFFHD58CC,大榮段,.71,都市：住,,,,07790000
RPPNMLOLKHNFFHD48CC,善昌段,125.52,都市：住,,,,06990000
RPQNMLOLKHNFFHD58CC,大榮段,8.75,都市：住,,,,07800000
RPRNMLQLKHNFFCD38CC,虎尾寮段,7875.00,都市：住,,,,04590000
RPOOMLQLKHNFFCD18CC,虎尾寮段,7875.00,都市：住,,,,04590000
RPWNMLQLKHNFFAD68CC,金城段,.00,都市：住,,,,00630000
RPQOMLRLKHNFFAD28CC,開元段,.00,都市：商,,,,03610005
RPXNMLQLKHNFFAD78CC,北元段,.00,都市：住,,,,03400000
RPVOMLRLKHNFFAD78CC,仁愛段,2.35,都市：住,,,,10940010
RPVOMLRLKHNFFAD78CC,仁愛段,32.35,都市：住,,,,10940000
RPROMLRLKHNFFAD38CC,武聖段,.00,都市：住,,,,11520000
RPSOMLRLKHNFFAD48CC,環河段,.00,都市：住,,,,00620000
RPWNMLLJLHNFFID88CC,媽祖廟段三小段,330.58,非都市：特定農業區 ; 非都市編定：農牧用地,,,,15610000
RPTNMLRLKHNFFKD86CC,兵南段,.00,都市：住,,,,05840000
RPOPMLLJLHNFFHD18CC,三舍段,1832.00,非都市：特定農業區 ; 非都市編定：農牧用地,,,,01090000
RPUNMLLJLHNFFCD08CC,竹篙厝段,20.57,都市：商,,,,22330000
RPOOMLLJLHNFFCD57CC,裕東段,30.24,都市：住,,,,06650000
RPTPMLMJLHNFFAD08CC,東豐段,.00,都市：住,,,,03000000
RPVOMLMJLHNFFKD56CC,永大段,.00,都市：住,,,,01220000
RPQNMLMJLHNFFHD28CC,大營段,.00,非都市：特定農業區 ; 非都市編定：農牧用地,,,,11890000
RPPNMLPJLHNFFGD48DC,佳里段,98.00,都市：住,,,,11340012
RPTPMLMJLHNFFKD09CC,大灣段,.00,都市：工,,,,37610000
RPTOMLLJLHNFFCD08CC,公英段,35.82,都市：住,,,,00080000
RPUOMLQJLHNFFAD48CC,開元段,.00,非都市： ; 非都市編定：,,,,05970000
RPUOMLQJLHNFFAD48CC,開元段,.00,非都市： ; 非都市編定：,,,,06180000
RPUOMLQJLHNFFAD48CC,開元段,.00,非都市： ; 非都市編定：,,,,03610025
RPQNMLPJLHNFFCD08CC,竹篙厝段,105.00,都市：商,,,,40710021
RPUNMLRJLHNFFHD56CC,華興段,94.44,都市：住,,,,07130000
RPSNMLQJLHNFFDD48CC,大同段,2.79,都市：住,,,,01020001
RPSNMLQJLHNFFDD48CC,大同段,206.29,都市：住,,,,01020000
RPWNMLRJLHNFFBD78CC,溪東段,.00,都市：住,,,,03430000
RPQQMLQJLHNFFAD28CC,新南段,165.00,都市：住,,,,01270031
RPQQMLQJLHNFFAD28CC,新南段,182.00,都市：住,,,,01270032
RPPOMLQJLHNFFHD68CC,光文段,17.40,都市：住,,,,05860000
RPQNMLRJLHNFFAD08CC,開元段,.00,都市：商,,,,05970000
RPPOMLRJLHNFFHD78CC,大社段,74.00,非都市：特定農業區 ; 非都市編定：甲種建築用地,,,,11930068
RPXNMLRJLHNFFGD86DC,佳里段,68.00,都市：住,,,,11870041
RPSNMLRJLHNFFAD28CC,金華段,.00,都市：商,,,,01470006
RPPOMLSJLHNFFAD18CC,金華段,.00,都市：住,,,,00870000
RPQNMLSJLHNFFDD48CC,永生段,29.28,都市：商,,,,01680000
RPROMLSJLHNFFAD38CC,金華段,27.48,都市：住,,,,00870000
RPOOMLSJLHNFFAD08CC,東豐段,.00,都市：住,,,,05230000
RPOOMLSJLHNFFAD08CC,東豐段,.00,都市：住,,,,05240000
RPRNMLSJLHNFFHD98CC,唪口段,.00,非都市：特定農業區 ; 非都市編定：農牧用地,,,,08780000
RPWOMLTJLHNFFAD98CC,自強段,4.00,都市：商,,,,09570001
RPWOMLTJLHNFFAD98CC,自強段,956.00,都市：商,,,,09580001
RPWOMLTJLHNFFAD98CC,自強段,13.00,都市：其他:道路用地,,,,09580002
RPWOMLTJLHNFFAD98CC,自強段,11.00,都市：其他:道路用地,,,,09580003
RPWOMLTJLHNFFAD98CC,自強段,521.00,都市：商,,,,09970000
RPWOMLTJLHNFFAD98CC,自強段,6.00,都市：其他:道路用地,,,,09990002
RPVNMLTJLHNFFKD17CC,東橋段,76.77,都市：住,,,,07040000
RPVNMLTJLHNFFKD17CC,東橋段,78.26,都市：住,,,,07030000
RPSNMLSJLHNFFKD76CC,六合段,.00,都市：住,,,,10730000
RPROMLSJLHNFFKD76CC,王田段,.00,都市：住,,,,16280010
RPQOMLMKLHNFFAD77CC,新南段,16.53,都市：住,,,,00690002
RPROMLTJLHNFFHD56CC,北子店段一小段,8.15,非都市：特定農業區 ; 非都市編定：農牧用地,,,,06960000
RPROMLTJLHNFFHD56CC,北子店段一小段,49.81,非都市：特定農業區 ; 非都市編定：農牧用地,,,,06970000
RPROMLTJLHNFFHD56CC,北子店段一小段,.90,非都市：特定農業區 ; 非都市編定：水利用地,,,,06980000
RPROMLTJLHNFFHD56CC,北子店段一小段,.83,非都市：特定農業區 ; 非都市編定：甲種建築用地,,,,07060050
RPROMLTJLHNFFHD56CC,北子店段一小段,1.15,非都市：特定農業區 ; 非都市編定：甲種建築用地,,,,07060098
RPROMLTJLHNFFHD56CC,北子店段一小段,95.00,非都市：特定農業區 ; 非都市編定：甲種建築用地,,,,07060121
RPROMLTJLHNFFHD56CC,北子店段一小段,.08,非都市：特定農業區 ; 非都市編定：甲種建築用地,,,,07060124
RPROMLTJLHNFFHD56CC,北子店段一小段,.04,非都市：特定農業區 ; 非都市編定：甲種建築用地,,,,07060126
RPROMLTJLHNFFHD56CC,北子店段一小段,.76,非都市：特定農業區 ; 非都市編定：甲種建築用地,,,,07060127
RPROMLTJLHNFFHD56CC,北子店段一小段,1.38,非都市：特定農業區 ; 非都市編定：甲種建築用地,,,,07060128
RPVNMLTJLHNFFCD98CC,虎尾寮段,2.59,都市：住,,,,04590000
RPSNMLMKLHNFFHD58CC,新武段,.00,都市：住,,,,07740000
RPSNMLMKLHNFFHD58CC,新武段,.00,都市：住,,,,07740001
RPSNMLMKLHNFFHD58CC,新武段,.00,都市：住,,,,07750000
RPSNMLMKLHNFFHD58CC,新武段,.00,都市：住,,,,07750001
RPSNMLMKLHNFFHD58CC,新武段,.00,都市：住,,,,07760000
RPSNMLMKLHNFFHD58CC,新武段,.00,都市：住,,,,07760001
RPUNMLNKLHNFFKD56CC,南工段,.00,都市：商,,,,05050000
RPWNMLMKLHNFFAD28CC,立人段,7.99,都市：住,,,,00650004
RPWNMLMKLHNFFAD28CC,立人段,1.04,都市：商,,,,01040000
RPPOMLNKLHNFFAD77CC,立人段,18.11,都市：住,,,,00530000
RPRNMLMKLHNFFHD48CC,中榮段,109.02,非都市：鄉村區 ; 非都市編定：乙種建築用地,,,,00940000
RPWOMLOKLHNFFCD78CC,竹篙厝段,.00,都市：住,,,,16000000
RPXNMLNKLHNFFCD68CC,仁和段,.00,都市：住,,,,13350000
RPRNMLOKLHNFFBD08CC,和館段,.00,都市：住,,,,00970010
RPVNMLOKLHNFFBD48CC,州南段,94.66,都市：住,,,,00290000
RPSNMLOKLHNFFCD28CC,光明段,.00,都市：住,,,,63010000
RPQNMLOKLHNFFBD97CC,頂安段,51.10,都市：商,,,,06030000
RPQNMLOKLHNFFBD97CC,頂安段,62.08,都市：商,,,,06060000
RPQNMLOKLHNFFBD97CC,頂安段,73.15,都市：商,,,,06070000
RPQNMLOKLHNFFBD97CC,頂安段,42.91,都市：商,,,,06100000
RPQNMLOKLHNFFBD97CC,頂安段,9.21,都市：商,,,,06040000
RPQNMLOKLHNFFBD97CC,頂安段,9.32,都市：商,,,,06050000
RPQNMLOKLHNFFBD97CC,頂安段,10.01,都市：商,,,,06080000
RPQNMLOKLHNFFBD97CC,頂安段,.86,都市：商,,,,06070001
RPVOMLQKLHNFFAD68CC,南門段,79.62,都市：住,,,,04190000
RPUNMLPKLHNFFCD58CC,水交社段,18.91,都市：住,,,,00220000
RPQNMLOKLHNFFID68CC,二空段,41.45,都市：住,,,,08170000
RPQNMLOKLHNFFID68CC,二空段,41.45,都市：住,,,,08170000
RPQNMLOKLHNFFID68CC,二空段,44.32,都市：住,,,,08170000
RPTNMLPKLHNFFAD28CC,郡王祠段,.00,都市：商,,,,00290000
RPTNMLPKLHNFFAD28CC,郡王祠段,.00,都市：商,,,,00300000
RPTNMLPKLHNFFAD28CC,郡王祠段,.00,都市：商,,,,00310000
RPVNMLQKLHNFFBD68CC,溪頂段,.00,都市：住,,,,00440006
RPWNMLQKLHNFFCD88CC,虎尾寮段,.00,都市：住,,,,04590000
RPPNMLQKLHNFFCD18CC,竹篙厝段,.00,都市：住,,,,34390000
RPPNMLTKLHNFFHD98CC,大榮段,63.00,都市：住,,,,06980000
RPWOMLQKLHNFFCD98CC,虎尾寮段,.00,都市：住,,,,04360005
RPROMLQKLHNFFCD48CC,光明段,.00,都市：住,,,,08980000
RPRNMLQKLHNFFHD88CC,大成段,68.82,都市：住,,,,04630000
RPRNMLQKLHNFFHD88CC,大成段,6.10,都市：住,,,,04620000
RPTOMLQKLHNFFCD68CC,竹篙厝段,.00,都市：住,,,,40650000
RPSNMLTKLHNFFCD78CC,東光段,15.56,都市：住,,,,02900000
RPVNMLTKLHNFFCD09CC,富裕段,.00,都市：住,,,,04040000
RPTNMLTKLHNFFDD98CC,民治段,29.21,都市：住,,,,04200000
RPXNMLQKLHNFFBD88CC,安西段,.00,都市：住,,,,09310000
RPTOMLTKLHNFFKD17CC,兵北段,.00,都市：住,,,,08120004
RPXOMLKLLHNFFCD58CC,正義段,.00,非都市： ; 非都市編定：,,,,08020000
RPROMLKLLHNFFCD97CC,竹篙厝段,.00,非都市： ; 非都市編定：,,,,37240000
RPWNMLKLLHNFFCD38CC,鹽埕段,.00,非都市： ; 非都市編定：,,,,30990122
RPOPMLKLLHNFFAD57CC,康樂段,.00,非都市： ; 非都市編定：,,,,03820000
RPOOMLKLLHNFFCD67CC,龍泉段,.00,非都市： ; 非都市編定：,,,,02210000
RPOOMLKLLHNFFCD67CC,龍泉段,.00,非都市： ; 非都市編定：,,,,02250000
RPQOMLKLLHNFFAD67CC,永安段,.00,非都市： ; 非都市編定：,,,,16340000
RPQPMLKLLHNFFAD77CC,郡王祠段,.00,非都市： ; 非都市編定：,,,,02490000
RPOQMLKLLHNFFAD67CC,南門段,.00,非都市： ; 非都市編定：,,,,15920000
RPOPMLKLLHNFFCD77CC,富裕段,11.22,都市：商,,,,08480000
RPOPMLKLLHNFFCD77CC,富裕段,76.31,都市：商,,,,08480001
RPOPMLKLLHNFFCD77CC,富裕段,1.19,都市：商,,,,08480002
RPTPMLKLLHNFFAD08CC,永安段,.00,非都市： ; 非都市編定：,,,,10270000
RPSNMLKLLHNFFGD48DC,佳里段,165.00,都市：住,,,,16270055
RPWNMLKLLHNFFKD56CC,六甲頂段,.00,非都市： ; 非都市編定：,,,,14250000
RPOPMLLLLHNFFKD68CC,鹽西段,421.23,都市：工,,,,12040000
RPVOMLLLLHNFFAD28CC,開元段,.00,都市：商,,,,03610005
RPSPMLLLLHNFFAD08CC,大港段,.00,都市：住,,,,01170000
RPQPMLLLLHNFFKD88CC,中興段,.00,都市：住,,,,03530000
RPWOMLLLLHNFFAD38CC,延平段,.00,都市：住,,,,11690008
RPROMLLLLHNFFAD87CC,金華段,.00,都市：商,,,,01340000
RPUNMLMLLHNFFCD38CC,鹽埕段,65.00,都市：住,,,,00030120
RPUNMLMLLHNFFCD38CC,鹽埕段,6.00,都市：住,,,,00030127
RPQNMLLLLHNFFCD87CC,虎尾寮段,6.22,都市：住,,,,04590000
RPTOMLMLLHNFFCD38CC,東安段,133.00,都市：商,,,,10380000
RPTOMLMLLHNFFCD38CC,東安段,71.00,都市：商,,,,10390000
RPXNMLNLLHNFFHD66CC,善新段,96.32,都市：住,,,,00180053
RPOOMLMLLHNFFBD77CC,新淵段,464.87,都市：住,,,,05230000
RPOOMLMLLHNFFBD77CC,新淵段,1228.86,都市：住,,,,05240000
RPQNMLMLLHNFFDD08CC,永生段,.00,非都市： ; 非都市編定：,,,,01680000
RPQOMLOLLHNFFAD08CC,東豐段,.00,都市：住,,,,02820000
RPQPMLNLLHNFFCD28CC,東寧段,.00,都市：商,,,,09650000
RPSNMLPLLHNFFAD28CC,新南段,11.71,都市：商,,,,00710001
RPQNMLPLLHNFFAD08CC,立人段,13.60,都市：住,,,,00540000
RPRNMLQLLHNFFAD28CC,金華段,13.75,都市：住,,,,00350012
RPRNMLPLLHNFFAD18CC,立人段,7.53,都市：住,,,,00650004
RPRNMLPLLHNFFAD18CC,立人段,.98,都市：商,,,,01040000
RPUNMLNLLHNFFCD48CC,竹篙厝段,.00,都市：住,,,,20980000
RPQNMLRLLHNFFKD66CC,永信段,.00,都市：住,,,,02990000
RPQOMLQLLHNFFHD98CC,大榮段,76.68,都市：其他:,,,,08090000
RPROMLRLLHNFFAD48CC,青年段,.00,都市：商,,,,01230000
RPSNMLQLLHNFFAD38CC,金華段,13.75,都市：住,,,,00350012
RPVNMLRLLHNFFHD86CC,知母義段,.00,非都市：一般農業區 ; 非都市編定：甲種建築用地,,,,02270005
RPWOMLRLLHNFFAD98CC,華興段,.00,都市：住,,,,13490000
RPQQMLRLLHNFFAD68DC,石門段,42.50,都市：住,,,,01780000
RPQQMLRLLHNFFAD68DC,石門段,6.38,都市：其他:,,,,01800000
RPVPMLRLLHNFFAD98CC,北華段,15.00,都市：商,,,,10280000
RPQNMLRLLHNFFCD48CC,光明段,.00,都市：住,,,,05810000
RPTNMLRLLHNFFCD78CC,虎尾寮段,2.96,都市：其他:部份商業部份住宅。,,,,04610000
RPPQMLRLLHNFFAD58DC,新南段,529.85,都市：商,,,,00390007
RPSNMLRLLHNFFCD68CC,關帝段,336.83,都市：商,,,,10410000
RPSPMLRLLHNFFAD68CC,武聖段,11.94,都市：住,,,,23250000
RPRNMLSLLHNFFAD48CC,開元段,.00,都市：住,,,,05840000
RPRNMLSLLHNFFAD48CC,開元段,.00,都市：商,,,,05870000
RPTNMLTLLHNFFKD17CC,鹽新段,.00,都市：住,,,,11680000
RPSNMLSLLHNFFHD66CC,成功段,85.19,都市：住,,,,01890000
RPRNMLKMLHNFFDD08CC,民權段,11.97,都市：商,,,,09190000
RPRNMLKMLHNFFDD08CC,民權段,56.90,都市：商,,,,09260000
RPRNMLKMLHNFFDD08CC,民權段,199.30,都市：商,,,,09270000
RPWNMLTLLHNFFBD56CC,本淵段,400.00,都市：農,,,,00510000
RPROMLKMLHNFFAD87CC,新南段,22.76,都市：住,,,,00690000
RPQOMLNJMHNFFCD08CC,竹篙厝段,.00,都市：住,,,,17260009
RPSNMLLMLHNFFAD97CC,東豐段,.00,都市：商,,,,11160000
RPTNMLLMLHNFFKD09CC,大灣段,.00,都市：住,,,,46990010
RPPNMLQJMHNFFKD98CC,兵南段,22.91,都市：住,,,,05840000
RPPNMLLJMHNFFKD48CC,橋北段,.00,都市：住,,,,00100000
RPPQMLLMLHNFFID78CC,仁愛段,167.00,都市：住,,,,11410000
RPWNMLTJMHNFFHD07CC,華興段,74.76,都市：住,,,,09910000
RPTOMLNJMHNFFCD38CC,竹篙厝段,271.00,都市：住,,,,38540000
RPSOMLNJMHNFFCD28CC,新東段,.00,都市：住,,,,13120002
RPQNMLKKMHNFFDD87CC,新民段,8.13,都市：商,,,,07720000
RPRNMLKKMHNFFCD87CC,虎尾寮段,3.38,都市：其他:部份商業部份住宅。,,,,04610000
RPQNMLQJMHNFFKD09CC,兵南段,6.50,都市：住,,,,05840000
RPSNMLKKMHNFFKD78CC,仁愛段,.00,都市：住,,,,05210000
RPSNMLKKMHNFFKD78CC,仁愛段,.00,都市：住,,,,05240000
RPSNMLKKMHNFFKD78CC,仁愛段,.00,都市：住,,,,05260000
RPSNMLKKMHNFFKD78CC,仁愛段,.00,都市：住,,,,05270000
RPRNMLTJMHNFFKD86CC,永和段,29.42,都市：住,,,,06630000
RPPNMLKKMHNFFCD67CC,德高段,.00,都市：住,,,,07100000
RPTNMLKKMHNFFCD08CC,虎尾寮段,4.44,都市：其他:部份商業及部份住宅。,,,,04610000
RPVNMLKKMHNFFCD28CC,水交社段,.00,都市：商,,,,00510000
RPUNMLKKMHNFFID78CC,歸仁北段,1050.00,非都市：一般農業區 ; 非都市編定：丁種建築用地,,,,13340001
RPUNMLKKMHNFFID78CC,歸仁北段,1287.00,非都市：一般農業區 ; 非都市編定：丁種建築用地,,,,13340002
RPUNMLKKMHNFFID78CC,歸仁北段,1891.00,非都市：一般農業區 ; 非都市編定：丁種建築用地,,,,13350000
RPUNMLKKMHNFFID78CC,歸仁北段,1710.00,非都市：一般農業區 ; 非都市編定：丁種建築用地,,,,13610003
RPSNMLKKMHNFFCD97CC,虎尾寮段,3.17,都市：其他:部份商業及部份住宅。,,,,04610000
RPPOMLKKMHNFFCD77CC,竹篙厝段,120.00,都市：住,,,,09740000
RPTNMLKKMHNFFAD87CC,保安段,91.00,都市：住,,,,13570000
RPOOMLKKMHNFFAD47CC,延平段,.00,都市：住,,,,11690052
RPUNMLLKMHNFFAD08CC,南門段,180.47,都市：住,,,,22070000
RPOOMLLKMHNFFKD58CC,六甲頂段,.00,都市：住,,,,06860001
RPXNMLKKMHNFFAD28CC,光賢段,.00,都市：住,,,,03830000
RPUNMLMKMHNFFID98CC,武東段,.00,都市：住,,,,03450049
RPUOMLLKMHNFFCD38CC,竹篙厝段,.00,都市：住,,,,14690003
RPPOMLKKMHNFFAD57CC,開元段,.00,都市：住,,,,08650000
RPRNMLLKMHNFFAD87DC,臨安段,24.38,都市：住,,,,09830002
RPRNMLMKMHNFFKD88CC,頂安段,.00,都市：住,,,,01550000
RPPOMLMKMHNFFCD97CC,虎尾寮段,22.90,都市：住,,,,04250011
RPPOMLMKMHNFFCD97CC,虎尾寮段,.03,都市：住,,,,04250020
RPQNMLOKMHNFFID78CC,新工段,71.52,都市：住,,,,12000000
RPQNMLOKMHNFFID78CC,新工段,11.29,都市：住,,,,12010000
RPSNMLMKMHNFFCD18CC,光明段,.00,都市：商,,,,60000000
RPUNMLNKMHNFFHD98CC,善進段,117.04,都市：住,,,,00130003
RPRNMLQKMHNFFCD48CC,虎尾寮段,.00,都市：商,,,,04610000
RPOOMLQKMHNFFKD09CC,永強段,.00,都市：住,,,,06230000
RPQOMLMKMHNFFAD87CC,金華段,.00,都市：住,,,,00870000
RPWOMLMKMHNFFAD48CC,府前段,.00,都市：商,,,,03390000
RPWOMLMKMHNFFAD48CC,府前段,.00,都市：商,,,,03400000
RPWOMLMKMHNFFAD48CC,府前段,.00,都市：商,,,,03410000
RPXNMLQKMHNFFKD27CC,六合段,.00,都市：住,,,,08870000
RPXNMLQKMHNFFKD27CC,六合段,.00,都市：住,,,,08880000
RPSPMLSKMHNFFAD78CC,郡王祠段,326.53,都市：住,,,,15460000
RPSPMLSKMHNFFAD78CC,郡王祠段,41.27,都市：其他:道路用地,,,,15470000
RPTNMLRKMHNFFAD58CC,正興段,22.24,都市：商,,,,12450000
RPTNMLSKMHNFFCD88CC,虎尾寮段,35.73,都市：其他:,,,,04350006
RPTNMLSKMHNFFCD88CC,虎尾寮段,4.64,都市：其他:,,,,04350020
RPPOMLRKMHNFFAD28CC,新南段,15.70,都市：商,,,,00710001
RPQNMLSKMHNFFHD09CC,北小新段,98.44,都市：住,,,,00710000
RPWNMLTKMHNFFBD56CC,安西段,82.40,都市：住,,,,08850000
RPWNMLTKMHNFFBD56CC,安西段,6.20,都市：住,,,,08850001
RPTNMLSKMHNFFKD07CC,五王段,.00,都市：住,,,,08870000
RPTPMLSKMHNFFAD88CC,五條港段,17.58,都市：商,,,,18560000
RPQOMLTKMHNFFHD66CC,圳西段,.00,都市：住,,,,02700000
RPQOMLTKMHNFFHD66CC,圳西段,.00,都市：住,,,,03370000
RPUNMLTKMHNFFKD27CC,永強段,.00,都市：住,,,,10340000
RPRNMLTKMHNFFCD78CC,虎尾寮段,.00,都市：住,,,,03720011
RPQOMLTKMHNFFKD96CC,六甲頂段,.00,都市：住,,,,14250000
RPQOMLTKMHNFFAD58CC,新南段,.00,都市：商,,,,05640012
RPVNMLTKMHNFFKD37CC,頂南段,.00,都市：住,,,,04380000
RPUOMLTKMHNFFAD98CC,開元段,.00,都市：商,,,,05970000
RPUOMLTKMHNFFAD98CC,開元段,.00,都市：住,,,,06180000
RPSOMLTKMHNFFAD78CC,康祥段,.00,都市：住,,,,03490000
RPVOMLTKMHNFFAD09CC,華興段,.00,都市：住,,,,19120000
RPVOMLTKMHNFFAD09CC,華興段,.00,都市：住,,,,19120001
RPWOMLTKMHNFFAD56CC,開元段,.00,都市：商,,,,03610005
RPOPMLNLMHNFFAD97CC,裕民段,.00,都市：商,,,,00360000
RPQNMLNLMHNFFKD98CC,埔園段,81.01,都市：住,,,,08860000
RPOOMLNLMHNFFAD87CC,小北段,74.39,都市：住,,,,09640192
RPTNMLNLMHNFFFD78CC,東角段,76.21,都市：其他:,,,,12940000
RPXNMLOLMHNFFAD78CC,金華段,13.82,都市：住,,,,01050001
RPPNMLOLMHNFFHD68CC,南港段,93.47,都市：住,,,,02550000
RPWNMLNLMHNFFAD58CC,公園段,.00,都市：商,,,,02020000
RPXNMLPLMHNFFKD27CC,大灣段,117.00,都市：住,,,,75860004
RPRPMLOLMHNFFCD58CC,光華段,355.00,都市：住,,,,00140001
RPXNMLQLMHNFFCD56CC,公英段,.00,都市：住,,,,02870000
RPWNMLPLMHNFFKD17CC,大灣段,114.00,都市：住,,,,75860005
RPQNMLQLMHNFFCD48CC,鹽埕段,.00,都市：住,,,,25380047
RPQNMLPLMHNFFKD56CC,永信段,.00,都市：住,,,,09290000
RPPOMLQLMHNFFAD28CC,立人段,.00,都市：住,,,,00520000
RPVNMLRLMHNFFCD09CC,龍泉段,.00,都市：住,,,,15380000
RPQNMLQLMHNFFBD38CC,溪頂段,.00,都市：住,,,,00440001
RPXNMLRLMHNFFCD66CC,虎尾寮段,3.17,都市：其他:部份商業及部份住宅。,,,,04610000
RPSNMLRLMHNFFKD96CC,蜈蜞潭段,.00,都市：住,,,,20050004
RPRNMLRLMHNFFKD86CC,六合段,.00,都市：住,,,,10730000
RPRNMLRLMHNFFID66CC,媽祖廟段三小段,2826.00,非都市：特定農業區 ; 非都市編定：農牧用地,,,,12480000
RPOPMLKMMHNFFAD77CC,富台段,.00,都市：住,,,,10230000
RPTNMLRLMHNFFKD07CC,永興段,.00,都市：其他:道路用地,,,,08310000
RPXNMLRLMHNFFGD17DC,育善段,132.63,都市：住,,,,05150000
RPXNMLRLMHNFFGD17DC,育善段,141.50,都市：住,,,,05150001
RPXNMLRLMHNFFGD17DC,育善段,150.38,都市：住,,,,05150002
RPXNMLRLMHNFFGD17DC,育善段,159.25,都市：住,,,,05150003
RPXNMLRLMHNFFGD17DC,育善段,168.20,都市：住,,,,05150004
RPQNMLSLMHNFFAD48CC,正興段,.00,都市：住,,,,04960008
RPVOMLKMMHNFFKD76CC,仁愛段,.00,都市：住,,,,05210000
RPVOMLKMMHNFFKD76CC,仁愛段,.00,都市：住,,,,05240000
RPVOMLKMMHNFFKD76CC,仁愛段,.00,都市：住,,,,05260000
RPVOMLKMMHNFFKD76CC,仁愛段,.00,都市：住,,,,05270000
RPUOMLKMMHNFFCD48CC,虎尾寮段,19.05,都市：商,,,,04590000
RPSOMLKMMHNFFCD28CC,德高段,.00,都市：住,,,,14830002
RPRNMLKMMHNFFHD58CC,大社段,74.00,非都市：特定農業區 ; 非都市編定：甲種建築用地,,,,11930068
RPUNMLKMMHNFFKD56CC,兵南段,8.76,都市：商,,,,00840000
RPPOMLMJNHNFFCD97CC,府連段,57.75,都市：住,,,,06770000
RPSPMLLJNHNFFAD08CC,石門段,15.06,都市：住,,,,16580001
RPSPMLLJNHNFFAD08CC,石門段,82.81,都市：住,,,,16600000
RPWOMLKMMHNFFKD86CC,蜈蜞潭段,.00,都市：住,,,,12430002
RPXNMLMJNHNFFCD68CC,東光段,12.11,都市：住,,,,07240000
RPWOMLMJNHNFFCD68CC,虎尾寮段,4465.75,都市：商,,,,05910015
RPWOMLMJNHNFFCD68CC,虎尾寮段,1189.03,都市：商,,,,05910016
RPSNMLMJNHNFFCD18CC,關帝段,1172.00,都市：住,,,,12270000
RPUNMLNJNHNFFID09CC,車頭段,.00,都市：住,,,,04000000
RPVNMLNJNHNFFID56CC,後壁段,.00,都市：住,,,,00940000
RPUNMLMJNHNFFID98CC,二空段,48.01,都市：住,,,,08170000
RPUNMLMJNHNFFID98CC,二空段,41.45,都市：住,,,,08170000
RPUNMLMJNHNFFID98CC,二空段,44.32,都市：住,,,,08170000
RPRNMLNJNHNFFHD68CC,新北段,548.82,都市：住,,,,01730001
RPSNMLNJNHNFFHD78CC,大榮段,80.42,都市：住,,,,02950000
RPUNMLNJNHNFFDD58CC,新營段,.00,非都市： ; 非都市編定：,,,,06220050
RPXNMLNJNHNFFHD66CC,新晶段,11346.00,都市：工,,,,00680006
RPWNMLNJNHNFFDD78CC,新營段,.00,都市：住,,,,08410114
RPRNMLOJNHNFFBD18CC,新淵段,.00,都市：住,,,,04200017
RPTNMLNJNHNFFDD48CC,鹽水段,23.29,都市：住,,,,16200039
RPQNMLOJNHNFFKD98CC,橋北段,.00,都市：住,,,,00520000
RPSNMLOJNHNFFCD38CC,新東段,.00,都市：住,,,,15510028
RPSNMLOJNHNFFAD18CC,金華段,.00,都市：商,,,,01340000
RPVNMLOJNHNFFAD48CC,華興段,.00,都市：住,,,,11380000
RPVNMLOJNHNFFAD48CC,華興段,.00,都市：住,,,,11390000
RPVNMLOJNHNFFAD48CC,華興段,.00,都市：住,,,,11400000
RPPNMLRJNHNFFBD28CC,溪頂段,19.53,都市：住,,,,12530006
RPSOMLOJNHNFFAD28CC,金華段,.00,都市：住,,,,00870000
RPRPMLSJNHNFFHD76CC,北子店段二小段,105.00,非都市：特定農業區 ; 非都市編定：甲種建築用地,,,,12890000
RPROMLRJNHNFFAD58DC,中正段,79.38,都市：商,,,,00330000
RPROMLRJNHNFFAD58DC,中正段,49.73,都市：商,,,,00340000
RPPOMLTJNHNFFCD68CC,公英段,137.00,都市：住,,,,04870000
RPPOMLTJNHNFFCD68CC,公英段,62.00,都市：住,,,,04810000
RPPOMLTJNHNFFCD68CC,公英段,241.00,都市：住,,,,04860000
RPVNMLSJNHNFFCD09CC,虎尾寮段,.00,都市：住,,,,03760008
RPVOMLRJNHNFFAD88CC,新美段,109.60,都市：商,,,,09760000
RPVOMLRJNHNFFAD88CC,新美段,103.12,都市：商,,,,09750000
RPVOMLRJNHNFFAD88CC,新美段,81.94,都市：商,,,,09770000
RPVOMLRJNHNFFAD88CC,新美段,1.02,都市：商,,,,09780000
RPVOMLRJNHNFFAD88CC,新美段,302.12,都市：商,,,,09790000
RPUNMLSJNHNFFGD76CC,佳里段,40.00,都市：住,,,,09850009
RPUNMLSJNHNFFGD76CC,佳里段,20.00,都市：住,,,,09850017
RPUNMLSJNHNFFGD76CC,佳里段,5.00,都市：住,,,,09850020
RPXNMLSJNHNFFCD66CC,光明段,.00,都市：住,,,,04070026
RPRNMLSJNHNFFCD68CC,新東段,.00,都市：住,,,,00700004
RPWOMLTJNHNFFCD76CC,竹篙厝段,.00,非都市： ; 非都市編定：,,,,21300000
RPWOMLTJNHNFFCD76CC,竹篙厝段,.00,非都市： ; 非都市編定：,,,,21310000
RPSPMLTJNHNFFCD09CC,虎尾寮段,.00,非都市： ; 非都市編定：,,,,04610000
RPOQMLTJNHNFFCD78CC,東安段,.00,非都市： ; 非都市編定：,,,,06190000
RPVOMLTJNHNFFAD09CC,觀音段,156.03,都市：商,,,,05910000
RPQPMLTJNHNFFAD68CC,中山段,.00,非都市： ; 非都市編定：,,,,00830000
RPQPMLTJNHNFFAD68CC,中山段,.00,非都市： ; 非都市編定：,,,,00840000
RPQPMLTJNHNFFAD68CC,中山段,.00,非都市： ; 非都市編定：,,,,00850000
RPUNMLTJNHNFFAD88CC,中山段,101.19,都市：商,,,,02640000
RPXPMLTJNHNFFCD96CC,鹽埕段,.00,非都市： ; 非都市編定：,,,,06770712
RPWNMLTJNHNFFKD47CC,自強段,40.57,都市：住,,,,06040000
RPSNMLKKNHNFFKD88CC,頂南段,.00,都市：住,,,,03750000
RPQNMLTJNHNFFKD86CC,永康段,1811.00,都市：住,,,,15080000
RPUNMLKKNHNFFDD38CC,新東段,18.15,都市：住,,,,00400001
RPSNMLKKNHNFFAD87CC,裕民段,94.05,都市：住,,,,09100000
RPSNMLKKNHNFFHD58CC,善昌段,22.60,都市：住,,,,05880000
