﻿編號,屋齡,建物移轉面積平方公尺,主要用途,主要建材,建築完成日期,總層數,建物分層
The serial number,room age,building shifting area square meter,the main use,main building materials,construction completes the date,total layer,building lamination
RPVOMLMKKHNFFCD38CC,10,21.48,住家用,鋼筋混凝土造,97年2月29日,十四層,
RPOOMLNKKHNFFCD77CC,29,61.93,住商用,鋼筋混凝土造,77年8月10日,一層,
RPVOMLMKKHNFFCD38CC,10,5.30,共有部分,鋼筋混凝土造,97年2月29日,十四層,
RPVOMLMKKHNFFCD38CC,10,6.99,共有部分,鋼筋混凝土造,97年2月29日,十四層,
RPXNMLNKKHNFFCD58CC,5,204.34,住家用,鋼筋混凝土造,102年6月24日,四層,
RPROMLNKKHNFFCD08CC,28,63.26,住家用,鋼筋混凝土造,79年2月17日,五層,
RPROMLNKKHNFFCD08CC,28,12.49,共有部分,鋼筋混凝土造,79年5月19日,五層,
RPOPMLNKKHNFFKD68CC,23,81.83,住家用,鋼筋混凝土造,83年10月6日,十二層,
RPOPMLNKKHNFFKD68CC,23,27.58,共有部分,鋼筋混凝土造,83年10月6日,十二層,
RPVOMLMKKHNFFAD18CC,35,164.09,住商用,鋼筋混凝土造,71年10月7日,三層,
RPPOMLMKKHNFFCD77CC,29,156.35,住家用,鋼筋混凝土造,77年12月24日,五層,
RPOOMLNKKHNFFHD28CC,1,71.96,集合住宅,鋼筋混凝土造,106年7月14日,七層,
RPOOMLNKKHNFFHD28CC,1,41.04,集合住宅、停車空間、樓梯間、機械室,鋼筋混凝土造,106年7月14日,七層,
RPWNMLNKKHNFFBD38CC,3,179.23,住宅，停車空間,鋼筋混凝土造,104年1月19日,四層,
RPPPMLNKKHNFFKD78CC,1,69.89,住家用,鋼筋混凝土構造,105年10月26日,二十三層,
RPPPMLNKKHNFFKD78CC,1,67.35,本共有部分之項目有防空避難室兼停車空間，門廳，門廊，管理委員會使用空間，防災中心，車道，梯間，設備空間，樓梯間，機械房，水箱等１１項,鋼筋混凝土構造,105年10月26日,二十三層,
RPTNMLLLKHNFFHD58CC,3,56.45,店鋪，停車空間，住宅,鋼筋混凝土造,104年7月28日,四層,
RPOOMLNKKHNFFKD58CC,29,269.01,店舖、住宅、防空避難室。,鋼筋混凝土造,77年12月5日,四層,
RPQPMLNKKHNFFKD88CC,24,91.45,住家用,鋼筋混凝土造,82年8月27日,十五層,
RPQPMLNKKHNFFKD88CC,24,11.71,共有部分,鋼筋混凝土造,82年8月27日,十五層,
RPQPMLNKKHNFFKD88CC,24,12.97,避難室兼停車空間、梯間、清水池、配電室、門廊、消防泵浦間、交誼廳、乒乓球室。,鋼筋混凝土造,82年8月27日,十六層,
RPPNMLLLKHNFFAD47CC,,182.61,住家用,鋼筋混凝土造,,二層,
RPUNMLLLKHNFFHD68CC,3,56.45,店鋪，停車空間，住宅,鋼筋混凝土造,104年7月28日,四層,
RPXOMLLLKHNFFAD38CC,23,48.00,住家用,鋼筋混凝土造,84年7月29日,十七層,
RPOPMLLLKHNFFAD57CC,42,88.26,住家用,加強磚造,65年5月17日,二層,
RPXOMLMLKHNFFAD48CC,9,57.46,集合住宅,鋼筋混凝土造,97年12月19日,十四層,
RPXOMLMLKHNFFAD48CC,9,32.21,共有部分,鋼筋混凝土造,97年12月19日,十四層,
RPXOMLMLKHNFFAD48CC,9,10.47,共有部分,鋼筋混凝土造,97年12月19日,十四層,
RPSNMLMLKHNFFCD08CC,11,247.99,補習班、辦公室,鋼筋混凝土造,96年5月11日,三層,
RPXNMLMLKHNFFKD76CC,25,126.39,住家用,鋼筋混凝土造,81年9月19日,二十層,
RPXNMLMLKHNFFKD76CC,25,15.72,共有部分,鋼筋混凝土造,81年9月19日,二十層,
RPXNMLMLKHNFFKD76CC,25,7.51,共有部分,鋼筋混凝土造,81年9月19日,二十層,
RPPOMLMLKHNFFKD68CC,36,73.19,住家用,鋼筋混凝土造,70年12月2日,五層,
RPPOMLMLKHNFFKD68CC,36,6.60,共有部分,鋼筋混凝土造,70年12月2日,五層,
RPPOMLMLKHNFFKD68CC,36,5.50,共有部分,鋼筋混凝土造,70年12月2日,五層,
RPQOMLMLKHNFFKD78CC,18,92.18,住家用,鋼筋混凝土造,88年8月24日,十四層,
RPQOMLMLKHNFFKD78CC,18,2.37,共有部分,鋼筋混凝土造,88年8月24日,十四層,
RPQOMLMLKHNFFKD78CC,18,14.17,共有部分,鋼筋混凝土造,88年8月24日,十四層,
RPQOMLMLKHNFFKD78CC,18,18.85,共有部分,鋼筋混凝土造,88年8月24日,十四層,
RPPPMLNLKHNFFCD08CC,10,21.70,住家用,鋼筋混凝土造,97年2月29日,十四層,
RPPPMLNLKHNFFCD08CC,10,5.39,共有部分,鋼筋混凝土造,97年2月29日,十四層,
RPPPMLNLKHNFFCD08CC,10,7.11,共有部分,鋼筋混凝土造,97年2月29日,十四層,
RPQNMLOLKHNFFHD58CC,24,123.13,住家用,鋼筋混凝土造,83年8月6日,八層,
RPPNMLOLKHNFFHD48CC,12,236.51,住宅、門廊,鋼筋混凝土造,95年3月28日,三層,
RPRNMLQLKHNFFCD38CC,22,175.72,商業用,鋼筋混凝土造,84年11月6日,二十層,
RPRNMLQLKHNFFCD38CC,22,55.53,共有部分,鋼筋混凝土造,84年11月6日,二十層,
RPOOMLQLKHNFFCD18CC,22,109.41,住家用,鋼筋混凝土造,84年11月6日,二十層,
RPOOMLQLKHNFFCD18CC,22,15.61,共有部分,鋼筋混凝土造,84年11月6日,二十層,
RPOOMLQLKHNFFCD18CC,22,46.20,共有部分,鋼筋混凝土造,84年11月6日,二十層,
RPWNMLQLKHNFFAD68CC,2,118.95,集合住宅,鋼筋混凝土構造,105年6月4日,二十七層,
RPQOMLRLKHNFFAD28CC,17,33.10,集合住宅,鋼筋混凝土造,89年11月20日,十四層,
RPXNMLQLKHNFFAD78CC,11,33.05,停車空間、店舖、住宅,鋼筋混凝土造,96年4月27日,四層,
RPVOMLRLKHNFFAD78CC,33,130.90,住家用,鋼筋混凝土造,73年12月24日,五層,
RPROMLRLKHNFFAD38CC,43,70.12,住家用,加強磚造,64年3月27日,二層,
RPSOMLRLKHNFFAD48CC,25,163.22,住家用,鋼筋混凝土造,82年4月28日,七層,
RPTNMLRLKHNFFKD86CC,6,89.90,集合住宅,鋼筋混凝土構造,101年8月17日,十九層,
RPOPMLLJLHNFFHD18CC,2,30.00,農業設施（農業資材室）,鋼骨構造無牆,105年3月10日,一層,
RPUNMLLJLHNFFCD08CC,20,102.18,商業用,鋼筋混凝土造,87年2月20日,十層,
RPOOMLLJLHNFFCD57CC,10,78.87,住家用,鋼筋混凝土造,96年11月6日,七層,
RPUNMLLJLHNFFCD08CC,20,39.93,共有部分,鋼筋混凝土造,87年2月20日,十層,
RPOOMLLJLHNFFCD57CC,10,15.12,防空避難室兼停車空間、管理委員會使用空間,鋼筋混凝土造,96年11月6日,七層,
RPOOMLLJLHNFFCD57CC,10,18.50,共有部分,鋼筋混凝土造,96年11月6日,七層,
RPTPMLMJLHNFFAD08CC,38,40.58,住家用,鋼筋混凝土造,69年5月3日,六層,
RPTPMLMJLHNFFAD08CC,38,24.71,共有部分,鋼筋混凝土造,69年5月3日,六層,
RPTPMLMJLHNFFAD08CC,38,3.53,共有部分,鋼筋混凝土造,69年5月3日,六層,
RPVOMLMJLHNFFKD56CC,23,32.92,住家用,鋼筋混凝土造,83年10月3日,四層,
RPQNMLMJLHNFFHD28CC,23,209.40,農舍,加強磚造,83年12月28日,二層,
RPPNMLPJLHNFFGD48DC,36,287.81,住商用,鋼筋混凝土造,71年8月9日,四層,
RPTPMLMJLHNFFKD09CC,23,386.30,住工用,鋼造,84年8月3日,一層,
RPTOMLLJLHNFFCD08CC,18,96.16,集合住宅,鋼筋混凝土造,88年10月21日,十三層,
RPTOMLLJLHNFFCD08CC,18,18.30,共有部分,鋼筋混凝土造,88年10月21日,十三層,
RPTOMLLJLHNFFCD08CC,18,16.72,共有部分,鋼筋混凝土造,88年10月21日,十三層,
RPUOMLQJLHNFFAD48CC,2,83.17,集合住宅,鋼筋混凝土構造,104年11月5日,二十四層,
RPQNMLPJLHNFFCD08CC,11,59.31,店舖、住宅、停車空間,鋼筋混凝土造,96年6月26日,五層,
RPUNMLRJLHNFFHD56CC,29,129.20,住家用,加強磚造,77年12月30日,二層,
RPSNMLQJLHNFFDD48CC,37,103.97,住商用,鋼筋混凝土造,70年4月22日,四層,
RPWNMLRJLHNFFBD78CC,37,115.33,住家用,加強磚造,70年8月26日,二層,
RPQQMLQJLHNFFAD28CC,9,223.99,店舖、住宅,鋼骨構造,97年8月6日,一層,
RPPOMLQJLHNFFHD68CC,24,63.65,住家用,鋼筋混凝土造,83年6月25日,七層,
RPQNMLRJLHNFFAD08CC,2,144.55,集合住宅,鋼筋混凝土構造,104年11月5日,二十四層,
RPPOMLRJLHNFFHD78CC,20,193.25,住商用,鋼筋混凝土造,86年11月5日,三層,
RPXNMLRJLHNFFGD86DC,41,92.21,住商用,加強磚造,65年11月6日,二層,
RPSNMLRJLHNFFAD28CC,11,432.85,集合住宅,鋼筋混凝土造,96年8月15日,二十一層,
RPPOMLSJLHNFFAD18CC,23,48.00,住家用,鋼筋混凝土造,84年7月29日,十七層,
RPQNMLSJLHNFFDD48CC,26,46.90,商業用,鋼筋混凝土造,80年10月22日,六層,
RPROMLSJLHNFFAD38CC,23,170.71,住商用,鋼筋混凝土造,84年7月29日,十七層,
RPQNMLSJLHNFFDD48CC,26,90.84,商業用,鋼筋混凝土造,80年10月22日,六層,
RPOOMLSJLHNFFAD08CC,52,93.36,住家用,加強磚造,55年1月1日,二層,
RPWOMLTJLHNFFAD98CC,18,303.70,工業用,鋼骨構造,89年4月21日,一層,
RPWOMLTJLHNFFAD98CC,18,54.02,商業用,見其他登記事項,89年4月21日,一層,
RPVNMLTJLHNFFKD17CC,43,101.44,住家用,加強磚造,63年11月1日,二層,
RPVNMLTJLHNFFKD17CC,43,104.44,住家用,加強磚造,63年11月1日,二層,
RPSNMLSJLHNFFKD76CC,19,44.18,商業用,鋼筋混凝土造,88年5月19日,十一層,
RPROMLSJLHNFFKD76CC,9,247.30,住家用,鋼筋混凝土造,98年1月10日,四層,
RPQOMLMKLHNFFAD77CC,1,57.87,店舖、集合住宅,鋼筋混凝土構造,106年3月7日,十五層,
RPROMLTJLHNFFHD56CC,2,46.00,住家用,鋼筋混凝土造,104年10月15日,四層,
RPVNMLTJLHNFFCD98CC,22,23.22,住家用,鋼筋混凝土造,84年11月6日,二十層,
RPVNMLTJLHNFFCD98CC,22,4.93,共有部分,鋼筋混凝土造,84年11月6日,二十層,
RPVNMLTJLHNFFCD98CC,22,6.22,共有部分,鋼筋混凝土造,84年11月6日,二十層,
RPSNMLMKLHNFFHD58CC,25,88.20,住家用,鋼筋混凝土造,82年5月14日,八層,
RPSNMLMKLHNFFHD58CC,25,14.60,共有部分,鋼筋混凝土造,82年5月14日,八層,
RPSNMLMKLHNFFHD58CC,25,16.94,共有部分,鋼筋混凝土造,82年5月14日,八層,
RPUNMLNKLHNFFKD56CC,37,77.20,住家用,鋼筋混凝土造,70年6月8日,五層,
RPUNMLNKLHNFFKD56CC,37,7.30,共有部分,鋼筋混凝土造,70年6月8日,五層,
RPUNMLNKLHNFFKD56CC,37,7.30,共有部分,鋼筋混凝土造,70年6月8日,五層,
RPWNMLMKLHNFFAD28CC,9,56.95,集合住宅,鋼筋混凝土造,97年12月19日,十四層,
RPPOMLNKLHNFFAD77CC,22,114.62,住家用,鋼筋混凝土造,84年9月12日,十八層,
RPPOMLNKLHNFFAD77CC,22,8.37,辦公室　管理員室,鋼筋混凝土造,84年9月12日,十八層,
RPRNMLMKLHNFFHD48CC,4,249.80,住宅，停車空間,鋼筋混凝土造,103年5月21日,四層,
RPWOMLOKLHNFFCD78CC,9,203.41,店舖、住宅,鋼筋混凝土造,97年12月19日,三層,
RPXNMLNKLHNFFCD68CC,4,60.03,店舖,鋼筋混凝土造,102年10月23日,十二層,
RPXNMLNKLHNFFCD68CC,4,58.57,店舖,鋼筋混凝土造,102年10月23日,十二層,
RPRNMLOKLHNFFBD08CC,3,98.52,集合住宅,鋼筋混凝土造,103年11月5日,七層,
RPRNMLOKLHNFFBD08CC,3,59.67,本共有部分之項目有防空避難室兼停車空間、車道、門廊、停車空間、梯廳、樓梯間、管理維護空間、電信室、機械室、水塔等十項,鋼筋混凝土造,103年11月5日,七層,
RPVNMLOKLHNFFBD48CC,3,209.11,住商用,鋼筋混凝土造,104年8月5日,三層,
RPSNMLOKLHNFFCD28CC,43,99.36,住家用,加強磚造,64年1月29日,二層,
RPQNMLOKLHNFFBD97CC,33,99.19,住商用,鋼筋混凝土造,74年5月25日,一層,
RPVOMLQKLHNFFAD68CC,43,129.51,住家用,加強磚造,63年11月6日,二層,
RPUNMLPKLHNFFCD58CC,1,81.43,集合住宅,鋼筋混凝土造,106年5月31日,十四層,
RPUNMLPKLHNFFCD58CC,1,60.41,本共有部分之項目有：管理室、污物處理空間、管委會空間、車道、有頂蓋開放空間、防空避難室兼停車空間、停車空間等。,鋼筋混凝土造,106年5月31日,十四層,
RPUNMLPKLHNFFCD58CC,1,21.11,本共有部分之項目有：樓梯間、機械室、水箱等。,鋼筋混凝土造,106年5月31日,十四層,
RPQNMLOKLHNFFID68CC,8,96.29,商業用,鋼筋混凝土造,99年4月22日,十四層,
RPQNMLOKLHNFFID68CC,8,91.63,商業用,鋼筋混凝土造,99年4月22日,十四層,
RPQNMLOKLHNFFID68CC,8,91.63,商業用,鋼筋混凝土造,99年4月22日,十四層,
RPTNMLPKLHNFFAD28CC,39,41.92,住家用,鋼筋混凝土造,68年4月6日,七層,
RPVNMLQKLHNFFBD68CC,23,63.66,住商用,鋼筋混凝土造,84年5月25日,十五層,
RPWNMLQKLHNFFCD88CC,22,54.09,住家用,鋼筋混凝土造,84年11月6日,二十層,
RPWNMLQKLHNFFCD88CC,22,11.45,共有部分,鋼筋混凝土造,84年11月6日,二十層,
RPWNMLQKLHNFFCD88CC,22,29.21,共有部分,鋼筋混凝土造,84年11月6日,二十層,
RPPNMLQKLHNFFCD18CC,24,79.74,住商用,鋼筋混凝土造,82年10月5日,七層,
RPPNMLQKLHNFFCD18CC,24,15.52,共有部分,鋼筋混凝土造,82年10月5日,七層,
RPPNMLTKLHNFFHD98CC,25,179.16,避難室，住宅,鋼筋混凝土造,82年4月8日,三層,
RPWOMLQKLHNFFCD98CC,22,3.05,共有部分,鋼筋混凝土造,84年11月15日,二十三層,
RPWOMLQKLHNFFCD98CC,22,98.15,住家用,鋼筋混凝土造,84年11月15日,二十三層,
RPWOMLQKLHNFFCD98CC,22,25.35,共有部分,鋼筋混凝土造,84年11月15日,二十三層,
RPROMLQKLHNFFCD48CC,19,138.28,住家用,鋼筋混凝土造,88年7月3日,九層,
RPROMLQKLHNFFCD48CC,19,23.65,共有部分,鋼筋混凝土造,88年7月3日,九層,
RPROMLQKLHNFFCD48CC,19,22.72,共有部分,鋼筋混凝土造,88年7月3日,九層,
RPRNMLQKLHNFFHD88CC,25,65.72,住商用,鋼筋混凝土造,81年12月15日,四層,
RPTOMLQKLHNFFCD68CC,20,235.08,住家用,鋼筋混凝土造,87年5月20日,四層,
RPTOMLQKLHNFFCD68CC,20,43.36,共有部分,鋼筋混凝土造,87年5月20日,四層,
RPSNMLTKLHNFFCD78CC,22,101.19,住家用,鋼筋混凝土造,85年8月10日,九層,
RPVNMLTKLHNFFCD09CC,28,29.92,住家用,鋼筋混凝土造,78年11月24日,五層,
RPVNMLTKLHNFFCD09CC,28,17.37,共有部分,鋼筋混凝土造,78年11月24日,五層,
RPTNMLTKLHNFFDD98CC,18,139.68,住家用,鋼筋混凝土造,89年6月15日,十二層,
RPTNMLTKLHNFFDD98CC,18,46.58,共有部分,鋼筋混凝土造,89年6月15日,十二層,
RPXNMLQKLHNFFBD88CC,41,82.00,住家用,加強磚造,66年4月28日,二層,
RPTOMLTKLHNFFKD17CC,12,75.01,住商用,鋼筋混凝土造,94年11月30日,五層,
RPXOMLKLLHNFFCD58CC,28,211.60,住商用,鋼筋混凝土造,79年5月11日,六層,
RPROMLKLLHNFFCD97CC,22,59.61,住家用,鋼筋混凝土造,84年12月21日,八層,
RPROMLKLLHNFFCD97CC,22,14.77,共有部分,鋼筋混凝土造,84年12月21日,八層,
RPROMLKLLHNFFCD97CC,22,4.84,共有部分,鋼筋混凝土造,84年12月21日,八層,
RPWNMLKLLHNFFCD38CC,35,69.66,集合住宅,鋼筋混凝土造,72年8月20日,五層,
RPWNMLKLLHNFFCD38CC,35,5.79,共有部分,鋼筋混凝土造,72年8月20日,五層,
RPOPMLKLLHNFFAD57CC,23,32.39,住家用,鋼筋混凝土造,84年7月4日,十八層,
RPOPMLKLLHNFFAD57CC,23,49.82,共有部分,鋼筋混凝土造,84年7月4日,十八層,
RPOOMLKLLHNFFCD67CC,24,45.94,商業用,鋼筋混凝土造,82年12月16日,十二層,
RPOOMLKLLHNFFCD67CC,24,8.78,共有部分,鋼筋混凝土造,82年12月16日,十二層,
RPOOMLKLLHNFFCD67CC,24,10.97,共有部分,鋼筋混凝土造,82年12月16日,十二層,
RPQOMLKLLHNFFAD67CC,25,18.84,住家用,鋼筋混凝土造,82年3月27日,六層,
RPQOMLKLLHNFFAD67CC,25,6.14,共有部分,鋼筋混凝土造,82年3月27日,六層,
RPQPMLKLLHNFFAD77CC,24,17.30,住家用,鋼筋混凝土造,83年3月1日,六層,
RPQPMLKLLHNFFAD77CC,24,6.48,共有部分,鋼筋混凝土造,83年3月1日,六層,
RPQPMLKLLHNFFAD77CC,24,4.35,共有部分,鋼筋混凝土造,83年3月1日,六層,
RPOQMLKLLHNFFAD67CC,38,68.87,住家用,鋼筋混凝土造,69年1月9日,四層,
RPOPMLKLLHNFFCD77CC,26,185.32,商業用,鋼筋混凝土造,81年6月17日,十四層,
RPTPMLKLLHNFFAD08CC,31,53.37,住商用,鋼筋混凝土造,76年6月16日,五層,
RPSNMLKLLHNFFGD48DC,5,113.24,店舖、住宅、停車空間,鋼筋混凝土造,102年3月27日,四層,
RPWNMLKLLHNFFKD56CC,35,76.41,住家用,鋼筋混凝土造,72年1月22日,五層,
RPWNMLKLLHNFFKD56CC,35,3.53,共有部分,鋼筋混凝土造,72年1月22日,五層,
RPWNMLKLLHNFFKD56CC,35,5.22,共有部分,鋼筋混凝土造,72年1月22日,五層,
RPVOMLLLLHNFFAD28CC,17,47.12,集合住宅,鋼筋混凝土造,89年11月20日,十四層,
RPSPMLLLLHNFFAD08CC,22,511.00,住商用,鋼筋混凝土造,84年11月17日,四層,
RPQPMLLLLHNFFKD88CC,36,103.17,住家用,鋼筋混凝土造,70年12月11日,五層,
RPWOMLLLLHNFFAD38CC,14,139.38,集合住宅,鋼筋混凝土造,93年3月30日,十層,
RPROMLLLLHNFFAD87CC,,97.43,店舖,鋼骨構造,106年10月20日,一層,
RPUNMLMLLHNFFCD38CC,54,89.80,國民住宅,磚造,53年1月1日,二層,
RPQNMLLLLHNFFCD87CC,22,51.28,住家用,鋼筋混凝土造,84年11月6日,二十層,
RPQNMLLLLHNFFCD87CC,22,10.78,共有部分,鋼筋混凝土造,84年11月6日,二十層,
RPQNMLLLLHNFFCD87CC,22,12.68,共有部分,鋼筋混凝土造,84年11月6日,二十層,
RPTOMLMLLHNFFCD38CC,42,66.11,住商用,鋼筋混凝土造,64年10月24日,三層,
RPXNMLNLLHNFFHD66CC,8,213.73,住家用,鋼筋混凝土造,99年5月20日,四層,
RPOOMLMLLHNFFBD77CC,,1018.66,住商用,鋼骨構造,106年11月9日,一層,
RPQNMLMLLHNFFDD08CC,26,42.17,住家用,鋼筋混凝土造,80年10月22日,六層,
RPQOMLOLLHNFFAD08CC,26,43.44,住家用,鋼筋混凝土造,81年8月13日,五層,
RPQPMLNLLHNFFCD28CC,33,44.80,住家用,鋼筋混凝土造,74年5月10日,五層,
RPQPMLNLLHNFFCD28CC,33,8.53,共有部分,鋼筋混凝土造,74年5月10日,五層,
RPSNMLPLLHNFFAD28CC,19,94.73,一般事務所,鋼筋混凝土造,88年8月16日,十四層,
RPQNMLPLLHNFFAD08CC,18,102.34,集合住宅,鋼筋混凝土造,89年4月6日,二十三層,
RPRNMLPLLHNFFAD18CC,9,53.66,集合住宅,鋼筋混凝土造,97年12月19日,十四層,
RPUNMLNLLHNFFCD48CC,24,242.17,住家用,鋼筋混凝土造,83年8月25日,十五層,
RPUNMLNLLHNFFCD48CC,24,7.83,共有部分,鋼筋混凝土造,83年8月25日,十五層,
RPUNMLNLLHNFFCD48CC,24,1.41,共有部分,鋼筋混凝土造,83年8月25日,十五層,
RPUNMLNLLHNFFCD48CC,24,4.12,共有部分,鋼筋混凝土造,83年8月25日,十五層,
RPUNMLNLLHNFFCD48CC,24,14.80,共有部分,鋼筋混凝土造,83年8月25日,十五層,
RPQNMLRLLHNFFKD66CC,23,107.00,住家用,鋼筋混凝土造,83年10月6日,十二層,
RPQOMLQLLHNFFHD98CC,40,100.80,住商用,加強磚造,67年3月10日,二層,
RPROMLRLLHNFFAD48CC,23,39.29,住家用,鋼筋混凝土造,84年3月13日,三層,
RPWOMLRLLHNFFAD98CC,24,173.28,住家用,鋼筋混凝土造,83年6月24日,四層,
RPQQMLRLLHNFFAD68DC,41,79.64,住商用,鋼筋混凝土造,65年10月15日,三層,
RPVPMLRLLHNFFAD98CC,3,34.39,集合住宅,鋼筋混凝土構造,104年1月26日,九層,
RPQNMLRLLHNFFCD48CC,36,90.10,住家用,鋼筋混凝土造,70年12月24日,七層,
RPTNMLRLLHNFFCD78CC,10,21.70,住家用,鋼筋混凝土造,97年2月29日,十四層,
RPTNMLRLLHNFFCD78CC,10,5.39,共有部分,鋼筋混凝土造,97年2月29日,十四層,
RPTNMLRLLHNFFCD78CC,10,7.11,共有部分,鋼筋混凝土造,97年2月29日,十四層,
RPPQMLRLLHNFFAD58DC,23,173.80,住家用,鋼筋混凝土造,83年10月11日,十七層,
RPSNMLRLLHNFFCD68CC,3,266.76,店舖、停車空間,鋼骨構造,104年4月20日,一層,
RPSPMLRLLHNFFAD68CC,5,54.34,集合住宅,鋼筋混凝土構造,102年6月20日,十五層,
RPRNMLSLLHNFFAD48CC,20,1157.02,共有部分,鋼筋混凝土造,87年4月20日,十四層,
RPTNMLTLLHNFFKD17CC,25,72.62,住家用,鋼筋混凝土造,82年4月28日,七層,
RPTNMLTLLHNFFKD17CC,25,54.92,共有部分,鋼筋混凝土造,82年4月28日,七層,
RPSNMLSLLHNFFHD66CC,11,194.20,住商用,鋼筋混凝土造,96年1月23日,四層,
RPRNMLKMLHNFFDD08CC,41,95.08,住商用,加強磚造,66年3月23日,二層,
RPROMLKMLHNFFAD87CC,1,75.05,集合住宅,鋼筋混凝土構造,106年3月7日,十五層,
RPQOMLNJMHNFFCD08CC,35,71.12,住家用,鋼筋混凝土造,71年10月29日,五層,
RPQOMLNJMHNFFCD08CC,35,17.13,共有部分,鋼筋混凝土造,71年10月29日,五層,
RPSNMLLMLHNFFAD97CC,51,88.34,住家用,磚造ＲＣ加補,55年11月10日,二層,
RPTNMLLMLHNFFKD09CC,7,226.13,住家用,鋼筋混凝土造,100年1月5日,三層,
RPPNMLQJMHNFFKD98CC,6,282.65,集合住宅,鋼筋混凝土構造,101年8月17日,十九層,
RPPNMLLJMHNFFKD48CC,1,86.42,店舖,鋼筋混凝土構造,106年6月23日,十五層,
RPPQMLLMLHNFFID78CC,22,242.35,教室、住宅,鋼筋混凝土造,84年10月24日,四層,
RPWNMLTJMHNFFHD07CC,25,204.67,住商用,鋼筋混凝土造,82年8月9日,四層,
RPTOMLNJMHNFFCD38CC,14,114.28,住宅、停車空間、診所,ＲＣ造,93年7月20日,四層,
RPSOMLNJMHNFFCD28CC,34,90.41,住家用,鋼筋混凝土造,72年11月21日,五層,
RPSOMLNJMHNFFCD28CC,34,10.71,共有部分,鋼筋混凝土造,72年11月21日,五層,
RPQNMLKKMHNFFDD87CC,24,25.69,住家用,鋼筋混凝土造,83年5月3日,六層,
RPRNMLKKMHNFFCD87CC,10,23.20,住家用,鋼筋混凝土造,97年2月29日,十四層,
RPRNMLKKMHNFFCD87CC,10,33.57,共有部分,鋼筋混凝土造,97年2月29日,十四層,
RPRNMLKKMHNFFCD87CC,10,7.56,共有部分,鋼筋混凝土造,97年2月29日,十四層,
RPQNMLQJMHNFFKD09CC,6,95.42,集合住宅,鋼筋混凝土構造,101年8月17日,十九層,
RPSNMLKKMHNFFKD78CC,21,91.98,住家用,鋼筋混凝土造,86年9月26日,十一層,
RPRNMLTJMHNFFKD86CC,1,148.49,店舖，住宅,鋼筋混凝土構造,105年10月20日,十四層,
RPPNMLKKMHNFFCD67CC,23,83.22,住家用,鋼筋混凝土造,84年3月20日,八層,
RPPNMLKKMHNFFCD67CC,23,35.12,共有部分,鋼筋混凝土造,84年3月20日,八層,
RPTNMLKKMHNFFCD08CC,10,29.75,住家用,鋼筋混凝土造,97年2月29日,十四層,
RPTNMLKKMHNFFCD08CC,10,7.42,共有部分,鋼筋混凝土造,97年2月29日,十四層,
RPTNMLKKMHNFFCD08CC,10,9.69,共有部分,鋼筋混凝土造,97年2月29日,十四層,
RPVNMLKKMHNFFCD28CC,2,196.84,集合住宅,鋼筋混凝土造,105年3月14日,十四層,
RPUNMLKKMHNFFID78CC,9,1857.16,工業用,鋼筋混凝土造、鋼筋混凝土構造、鋼骨構造。,97年12月12日,四層,
RPSNMLKKMHNFFCD97CC,10,23.20,住家用,鋼筋混凝土造,97年2月29日,十四層,
RPSNMLKKMHNFFCD97CC,10,5.74,共有部分,鋼筋混凝土造,97年2月29日,十四層,
RPSNMLKKMHNFFCD97CC,10,7.56,共有部分,鋼筋混凝土造,97年2月29日,十四層,
RPPOMLKKMHNFFCD77CC,21,651.73,住家用,鋼筋混凝土造,85年12月31日,七層,
RPTNMLKKMHNFFAD87CC,57,101.90,住家用,磚造,50年1月1日,二層,
RPOOMLKKMHNFFAD47CC,14,160.80,集合住宅,鋼筋混凝土造,93年5月21日,十層,
RPUNMLLKMHNFFAD08CC,54,421.39,商業用,加強磚造,52年10月1日,三層,
RPOOMLLKMHNFFKD58CC,25,78.04,住家用,鋼筋混凝土造,82年4月21日,七層,
RPOOMLLKMHNFFKD58CC,25,38.83,共有部分,鋼筋混凝土造,82年4月21日,七層,
RPXNMLKKMHNFFAD28CC,21,270.32,住家用,鋼筋混凝土造,85年9月26日,四層,
RPUNMLMKMHNFFID98CC,11,202.97,住商用,鋼筋混凝土造,96年2月15日,四層,
RPUOMLLKMHNFFCD38CC,37,91.65,集合住宅　　停車場,鋼筋混凝土造,70年3月25日,五層,
RPUOMLLKMHNFFCD38CC,37,8.27,共有部分,鋼筋混凝土造,70年3月25日,五層,
RPPOMLKKMHNFFAD57CC,44,86.46,住家用,加強磚造,62年10月10日,二層,
RPRNMLLKMHNFFAD87DC,19,133.52,見其他登記事項,鋼筋混凝土造,88年7月30日,十層,
RPRNMLMKMHNFFKD88CC,22,116.93,住家用,鋼筋混凝土造,85年7月29日,十三層,
RPRNMLMKMHNFFKD88CC,22,17.28,共有部分,鋼筋混凝土造,85年7月29日,十三層,
RPRNMLMKMHNFFKD88CC,22,34.60,共有部分,鋼筋混凝土造,85年7月29日,十三層,
RPPOMLMKMHNFFCD97CC,24,160.06,住家用,鋼筋混凝土造,83年7月26日,八層,
RPSNMLMKMHNFFCD18CC,23,85.45,住家用,鋼筋混凝土造,84年1月6日,二十五層,
RPSNMLMKMHNFFCD18CC,23,20.31,共有部分,鋼筋混凝土造,84年1月6日,二十五層,
RPUNMLNKMHNFFHD98CC,11,288.96,住宅，停車空間，店舖，梯間,鋼筋混凝土造,96年3月7日,四層,
RPRNMLQKMHNFFCD48CC,10,21.93,住家用,鋼筋混凝土造,97年2月29日,十四層,
RPRNMLQKMHNFFCD48CC,10,5.47,共有部分,鋼筋混凝土造,97年2月29日,十四層,
RPRNMLQKMHNFFCD48CC,10,6.47,共有部分,鋼筋混凝土造,97年2月29日,十四層,
RPOOMLQKMHNFFKD09CC,26,71.50,住家用,鋼筋混凝土造,80年10月24日,十一層,
RPOOMLQKMHNFFKD09CC,26,54.48,共有部分,鋼筋混凝土造,80年10月24日,十一層,
RPQOMLMKMHNFFAD87CC,23,126.55,住家用,鋼筋混凝土造,84年7月29日,十七層,
RPQOMLMKMHNFFAD87CC,23,33.18,共有部分,鋼筋混凝土造,84年7月29日,十七層,
RPWOMLMKMHNFFAD48CC,45,212.66,住商用,鋼筋混凝土造,62年4月17日,三層,
RPXNMLQKMHNFFKD27CC,36,89.52,住家用,鋼筋混凝土造,71年2月22日,五層,
RPXNMLQKMHNFFKD27CC,36,3.24,共有部分,鋼筋混凝土造,71年2月22日,五層,
RPXNMLQKMHNFFKD27CC,36,2.17,共有部分,鋼筋混凝土造,71年2月22日,五層,
RPXNMLQKMHNFFKD27CC,36,1.80,共有部分,鋼筋混凝土造,71年2月22日,五層,
RPXNMLQKMHNFFKD27CC,36,2.95,共有部分,鋼筋混凝土造,71年2月22日,五層,
RPXNMLQKMHNFFKD27CC,36,.75,共有部分,鋼筋混凝土造,71年2月22日,五層,
RPXNMLQKMHNFFKD27CC,36,5.64,共有部分,鋼筋混凝土造,71年2月22日,五層,
RPSPMLSKMHNFFAD78CC,30,452.22,住商用,鋼筋混凝土造,77年5月4日,一層,
RPTNMLRKMHNFFAD58CC,12,83.96,店舖,ＲＣ造,95年10月1日,十四層,
RPTNMLSKMHNFFCD88CC,36,146.58,住商用,鋼筋混凝土造,70年12月29日,五層,
RPTNMLSKMHNFFCD88CC,36,21.78,共有部分,鋼筋混凝土造,70年12月29日,五層,
RPPOMLRKMHNFFAD28CC,19,123.58,一般事務所,鋼筋混凝土造,88年8月16日,十四層,
RPPOMLRKMHNFFAD28CC,19,29.68,管理員室,鋼筋混凝土造,88年8月16日,十四層,
RPQNMLSKMHNFFHD09CC,25,179.61,住家用,鋼筋混凝土造,82年9月8日,三層,
RPWNMLTKMHNFFBD56CC,41,70.72,住家用,加強磚造,66年3月26日,二層,
RPTNMLSKMHNFFKD07CC,31,116.99,住家用,鋼筋混凝土造,76年2月9日,二層,
RPTPMLSKMHNFFAD88CC,1,114.53,集合住宅,鋼筋混凝土構造,105年11月8日,十三層,
RPQOMLTKMHNFFHD66CC,24,154.05,住家用,鋼筋混凝土造,83年9月23日,八層,
RPUNMLTKMHNFFKD27CC,25,182.98,住宅、防空避難室。,鋼筋混凝土造,82年1月4日,四層,
RPRNMLTKMHNFFCD78CC,37,130.46,住家用,鋼筋混凝土造,70年3月4日,五層,
RPUNMLTKMHNFFKD27CC,25,18.85,共有部分,鋼筋混凝土造,82年1月4日,四層,
RPQOMLTKMHNFFKD96CC,35,79.66,住家用,鋼筋混凝土造,72年1月22日,五層,
RPQOMLTKMHNFFAD58CC,10,185.98,店舖、住宅、停車空間,鋼筋混凝土造,97年3月6日,五層,
RPVNMLTKMHNFFKD37CC,24,50.27,住家用,鋼筋混凝土造,83年3月28日,七層,
RPVNMLTKMHNFFKD37CC,24,21.30,共有部分,鋼筋混凝土造,83年3月28日,七層,
RPUOMLTKMHNFFAD98CC,2,90.00,集合住宅,鋼筋混凝土構造,104年11月5日,二十四層,
RPSOMLTKMHNFFAD78CC,38,110.76,住家用,鋼筋混凝土造,69年5月29日,二層,
RPVOMLTKMHNFFAD09CC,45,73.40,住家用,加強磚造,62年3月14日,二層,
RPWOMLTKMHNFFAD56CC,17,89.72,集合住宅,鋼筋混凝土造,89年11月20日,十四層,
RPOPMLNLMHNFFAD97CC,37,202.99,住商用,鋼筋混凝土造,70年5月25日,四層,
RPQNMLNLMHNFFKD98CC,34,92.10,住家用,加強磚造,73年1月16日,二層,
RPOOMLNLMHNFFAD87CC,8,186.00,住家用,鋼筋混凝土造,99年2月11日,三層,
RPTNMLNLMHNFFFD78CC,49,76.88,住商用,加強磚造,58年6月1日,二層,
RPXNMLOLMHNFFAD78CC,4,54.16,集合住宅,鋼筋混凝土構造,102年12月25日,十四層,
RPPNMLOLMHNFFHD68CC,18,50.04,住商用,鋼筋混凝土造,89年2月11日,三層,
RPWNMLNLMHNFFAD58CC,36,96.13,住家用,鋼筋混凝土造,71年5月21日,十層,
RPXNMLPLMHNFFKD27CC,3,59.67,店舖，住宅,鋼筋混凝土構造,104年5月29日,四層,
RPRPMLOLMHNFFCD58CC,34,218.81,商業用,鋼鐵造,73年7月6日,一層,
RPXNMLQLMHNFFCD56CC,43,122.48,住家用,鋼筋混凝土造,64年5月8日,四層,
RPWNMLPLMHNFFKD17CC,3,58.14,店舖，住宅,鋼筋混凝土構造,104年5月29日,四層,
RPQNMLQLMHNFFCD48CC,22,276.40,住商用,鋼筋混凝土造,84年10月30日,三層,
RPQNMLPLMHNFFKD56CC,24,181.61,住宅、梯間。,鋼筋混凝土造,82年10月14日,五層,
RPPOMLQLMHNFFAD28CC,23,110.46,住家用,鋼筋混凝土造,84年1月4日,二十五層,
RPPOMLQLMHNFFAD28CC,23,19.07,共有部分,鋼筋混凝土造,84年1月4日,二十四層,
RPPOMLQLMHNFFAD28CC,23,15.09,共有部分,鋼筋混凝土造,84年1月4日,二十四層,
RPVNMLRLMHNFFCD09CC,25,54.96,住家用,鋼筋混凝土造,82年6月22日,五層,
RPVNMLRLMHNFFCD09CC,25,8.25,共有部分,鋼筋混凝土造,82年6月22日,五層,
RPQNMLQLMHNFFBD38CC,23,242.25,住商用,鋼筋混凝土造,84年5月25日,十五層,
RPXNMLRLMHNFFCD66CC,10,21.70,住家用,鋼筋混凝土造,97年2月29日,十四層,
RPXNMLRLMHNFFCD66CC,10,5.39,共有部分,鋼筋混凝土造,97年2月29日,十四層,
RPXNMLRLMHNFFCD66CC,10,7.11,共有部分,鋼筋混凝土造,97年2月29日,十四層,
RPSNMLRLMHNFFKD96CC,5,198.19,住家用,鋼筋混凝土構造,102年4月3日,四層,
RPRNMLRLMHNFFKD86CC,19,57.02,住家用,鋼筋混凝土造,88年5月19日,十一層,
RPRNMLRLMHNFFKD86CC,19,17.88,共有部分,鋼筋混凝土造,88年5月19日,十四層,
RPRNMLRLMHNFFKD86CC,19,6.37,共有部分,鋼筋混凝土造,88年5月19日,十四層,
RPOPMLKMMHNFFAD77CC,48,76.19,住家用,加強磚造,59年5月14日,二層,
RPQNMLSLMHNFFAD48CC,37,87.13,住家用,鋼筋混凝土造,70年10月27日,五層,
RPVOMLKMMHNFFKD76CC,21,69.04,住家用,鋼筋混凝土造,86年9月26日,十一層,
RPUOMLKMMHNFFCD48CC,22,167.73,商業用,鋼筋混凝土造,84年11月6日,二十層,
RPSOMLKMMHNFFCD28CC,19,329.71,住家用,鋼筋混凝土造,87年12月14日,三層,
RPRNMLKMMHNFFHD58CC,20,17193.25,住商用,鋼筋混凝土造,86年11月5日,三層,
RPUNMLKMMHNFFKD56CC,20,97.24,住家用,鋼筋混凝土造,87年10月26日,十一層,
RPPOMLMJNHNFFCD97CC,51,43.46,住家用,補強磚造,56年10月1日,一層,
RPWOMLKMMHNFFKD86CC,23,68.25,住家用,鋼筋混凝土造,84年5月11日,十四層,
RPXNMLMJNHNFFCD68CC,25,103.82,住家用,鋼筋混凝土造,81年12月23日,八層,
RPSNMLMJNHNFFCD18CC,8,190.81,店舖、辦公室,鋼筋混凝土造,99年9月15日,二層,
RPUNMLNJNHNFFID09CC,24,149.92,住家用,鋼筋混凝土造,83年4月22日,三層,
RPVNMLNJNHNFFID56CC,17,64.27,國民住宅,鋼筋混凝土造,89年11月7日,八層,
RPVNMLNJNHNFFID56CC,17,20.81,共有部分,鋼筋混凝土造,89年11月7日,八層,
RPUNMLMJNHNFFID98CC,8,96.29,商業用,鋼筋混凝土造,99年4月22日,十四層,
RPUNMLMJNHNFFID98CC,8,105.44,商業用,鋼筋混凝土造,99年4月22日,十四層,
RPUNMLMJNHNFFID98CC,8,91.63,商業用,鋼筋混凝土造,99年4月22日,十四層,
RPRNMLNJNHNFFHD68CC,2,125.94,住家用,鋼筋混凝土造,105年7月11日,五層,
RPSNMLNJNHNFFHD78CC,37,86.52,住家用,加強磚造,69年12月5日,二層,
RPUNMLNJNHNFFDD58CC,25,42.24,住家用,鋼筋混凝土造,82年8月3日,六層,
RPXNMLNJNHNFFHD66CC,1,1117.78,廠房,鋼骨鋼筋混凝土造,105年12月29日,四層,
RPXNMLNJNHNFFHD66CC,1,249.69,昇降機道，梯廳，室內安全梯，管理委員會，機械室，卸貨平台，樓梯間，水箱間,鋼骨鋼筋混凝土造,105年12月29日,四層,
RPXNMLNJNHNFFHD66CC,1,1098.82,廠房,鋼骨鋼筋混凝土造,105年12月29日,四層,
RPXNMLNJNHNFFHD66CC,1,245.41,昇降機道，梯廳，室內安全梯，管理委員會，機械室，卸貨平台，樓梯間，水箱間,鋼骨鋼筋混凝土造,105年12月29日,四層,
RPXNMLNJNHNFFHD66CC,1,858.12,廠房,鋼骨鋼筋混凝土造,105年12月29日,四層,
RPXNMLNJNHNFFHD66CC,1,191.26,昇降機道，梯廳，室內安全梯，管理委員會，機械室，卸貨平台，樓梯間，水箱間,鋼骨鋼筋混凝土造,105年12月29日,四層,
RPXNMLNJNHNFFHD66CC,1,1040.58,廠房,鋼骨鋼筋混凝土造,105年12月29日,四層,
RPXNMLNJNHNFFHD66CC,1,232.29,昇降機道，梯廳，室內安全梯，管理委員會，機械室，卸貨平台，樓梯間，水箱間,鋼骨鋼筋混凝土造,105年12月29日,四層,
RPXNMLNJNHNFFHD66CC,1,1117.78,廠房,鋼骨鋼筋混凝土造,105年12月29日,四層,
RPXNMLNJNHNFFHD66CC,1,249.69,昇降機道，梯廳，室內安全梯，管理委員會，機械室，卸貨平台，樓梯間，水箱間,鋼骨鋼筋混凝土造,105年12月29日,四層,
RPXNMLNJNHNFFHD66CC,1,1098.82,廠房,鋼骨鋼筋混凝土造,105年12月29日,四層,
RPXNMLNJNHNFFHD66CC,1,245.41,昇降機道，梯廳，室內安全梯，管理委員會，機械室，卸貨平台，樓梯間，水箱間,鋼骨鋼筋混凝土造,105年12月29日,四層,
RPXNMLNJNHNFFHD66CC,1,1080.08,廠房,鋼骨鋼筋混凝土造,105年12月29日,四層,
RPXNMLNJNHNFFHD66CC,1,240.97,昇降機道，梯廳，室內安全梯，管理委員會，機械室，卸貨平台，樓梯間，水箱間,鋼骨鋼筋混凝土造,105年12月29日,四層,
RPXNMLNJNHNFFHD66CC,1,1040.58,廠房,鋼骨鋼筋混凝土造,105年12月29日,四層,
RPXNMLNJNHNFFHD66CC,1,232.29,昇降機道，梯廳，室內安全梯，管理委員會，機械室，卸貨平台，樓梯間，水箱間,鋼骨鋼筋混凝土造,105年12月29日,四層,
RPXNMLNJNHNFFHD66CC,1,1117.78,廠房,鋼骨鋼筋混凝土造,105年12月29日,四層,
RPXNMLNJNHNFFHD66CC,1,249.69,昇降機道，梯廳，室內安全梯，管理委員會，機械室，卸貨平台，樓梯間，水箱間,鋼骨鋼筋混凝土造,105年12月29日,四層,
RPXNMLNJNHNFFHD66CC,1,1098.82,廠房,鋼骨鋼筋混凝土造,105年12月29日,四層,
RPXNMLNJNHNFFHD66CC,1,245.41,昇降機道，梯廳，室內安全梯，管理委員會，機械室，卸貨平台，樓梯間，水箱間,鋼骨鋼筋混凝土造,105年12月29日,四層,
RPXNMLNJNHNFFHD66CC,1,1080.08,廠房,鋼骨鋼筋混凝土造,105年12月29日,四層,
RPXNMLNJNHNFFHD66CC,1,240.97,昇降機道，梯廳，室內安全梯，管理委員會，機械室，卸貨平台，樓梯間，水箱間,鋼骨鋼筋混凝土造,105年12月29日,四層,
RPXNMLNJNHNFFHD66CC,1,1040.58,廠房,鋼骨鋼筋混凝土造,105年12月29日,四層,
RPXNMLNJNHNFFHD66CC,1,232.29,昇降機道，梯廳，室內安全梯，管理委員會，機械室，卸貨平台，樓梯間，水箱間,鋼骨鋼筋混凝土造,105年12月29日,四層,
RPXNMLNJNHNFFHD66CC,1,1117.78,廠房,鋼骨鋼筋混凝土造,105年12月29日,四層,
RPXNMLNJNHNFFHD66CC,1,249.69,昇降機道，梯廳，室內安全梯，管理委員會，機械室，卸貨平台，樓梯間，水箱間,鋼骨鋼筋混凝土造,105年12月29日,四層,
RPXNMLNJNHNFFHD66CC,1,1098.82,廠房,鋼骨鋼筋混凝土造,105年12月29日,四層,
RPXNMLNJNHNFFHD66CC,1,245.41,昇降機道，梯廳，室內安全梯，管理委員會，機械室，卸貨平台，樓梯間，水箱間,鋼骨鋼筋混凝土造,105年12月29日,四層,
RPXNMLNJNHNFFHD66CC,1,1080.08,廠房,鋼骨鋼筋混凝土造,105年12月29日,四層,
RPXNMLNJNHNFFHD66CC,1,240.97,昇降機道，梯廳，室內安全梯，管理委員會，機械室，卸貨平台，樓梯間，水箱間,鋼骨鋼筋混凝土造,105年12月29日,四層,
RPXNMLNJNHNFFHD66CC,1,1040.58,廠房,鋼骨鋼筋混凝土造,105年12月29日,四層,
RPXNMLNJNHNFFHD66CC,1,232.29,昇降機道，梯廳，室內安全梯，管理委員會，機械室，卸貨平台，樓梯間，水箱間,鋼骨鋼筋混凝土造,105年12月29日,四層,
RPWNMLNJNHNFFDD78CC,11,12.00,住商用,鋼骨鋼筋混凝土造,96年4月27日,四層,
RPRNMLOJNHNFFBD18CC,20,198.74,住商用,鋼筋混凝土造,87年8月10日,四層,
RPTNMLNJNHNFFDD48CC,38,28.45,住商用,加強磚造,69年9月9日,二層,
RPQNMLOJNHNFFKD98CC,,109.93,住家用,鋼筋混凝土構造,106年11月14日,十六層,
RPSNMLOJNHNFFCD38CC,38,72.47,集合住宅,鋼筋混凝土造,69年5月22日,七層,
RPSNMLOJNHNFFAD18CC,,84.13,店舖,鋼骨構造,106年10月20日,一層,
RPVNMLOJNHNFFAD48CC,37,66.70,住家用,鋼筋混凝土造,70年2月17日,五層,
RPPNMLRJNHNFFBD28CC,20,123.93,住商用,鋼筋混凝土造,87年5月14日,十三層,
RPSOMLOJNHNFFAD28CC,23,48.00,住家用,鋼筋混凝土造,84年7月29日,十七層,
RPRPMLSJNHNFFHD76CC,,286.80,住家用,鐵造,,一層,
RPROMLRJNHNFFAD58DC,26,277.76,住家用,鋼筋混凝土造,81年6月26日,五層,
RPPOMLTJNHNFFCD68CC,1,173.42,辦公室,鋼筋混凝土造,106年1月9日,五層,
RPPOMLTJNHNFFCD68CC,1,50.46,本共有部份之項目有戶外安全梯間、電梯梯間、管理委員會使用空間、公共廁所、屋頂突出物、停車空間及騎樓等７項。,鋼筋混凝土造,106年1月9日,五層,
RPVNMLSJNHNFFCD09CC,38,48.37,住家用,鋼筋混凝土造,68年12月14日,五層,
RPVNMLSJNHNFFCD09CC,38,11.71,共有部分,鋼筋混凝土造,68年12月14日,五層,
RPVOMLRJNHNFFAD88CC,52,316.84,住商用,加強磚造、鋼筋混凝土,55年1月1日,四層,
RPVOMLRJNHNFFAD88CC,42,473.10,商業用,鋼筋混凝土造,64年12月19日,五層,
RPVOMLRJNHNFFAD88CC,49,1682.99,商業用,加強磚造,58年4月30日,五層,
RPUNMLSJNHNFFGD76CC,41,96.57,住家用,加強磚造,66年10月13日,二層,
RPXNMLSJNHNFFCD66CC,33,69.39,住家用,鋼筋混凝土造,74年6月12日,五層,
RPXNMLSJNHNFFCD66CC,33,16.40,共有部分,鋼筋混凝土造,74年6月12日,五層,
RPRNMLSJNHNFFCD68CC,34,102.93,住家用,鋼筋混凝土造,73年10月11日,五層,
RPRNMLSJNHNFFCD68CC,34,31.30,共有部分,鋼筋混凝土造,73年10月11日,五層,
RPWOMLTJNHNFFCD76CC,24,79.74,住家用,鋼筋混凝土造,83年1月20日,七層,
RPWOMLTJNHNFFCD76CC,24,30.70,共有部分,鋼筋混凝土造,83年1月20日,七層,
RPWOMLTJNHNFFCD76CC,24,8.62,共有部分,鋼筋混凝土造,83年1月20日,七層,
RPSPMLTJNHNFFCD09CC,10,25.46,住家用,鋼筋混凝土造,97年2月29日,十四層,
RPSPMLTJNHNFFCD09CC,10,6.27,共有部分,鋼筋混凝土造,97年2月29日,十四層,
RPSPMLTJNHNFFCD09CC,10,8.24,共有部分,鋼筋混凝土造,97年2月29日,十四層,
RPOQMLTJNHNFFCD78CC,31,72.26,住家用,鋼筋混凝土造,76年4月29日,五層,
RPOQMLTJNHNFFCD78CC,31,13.43,共有部分,鋼筋混凝土造,76年4月29日,五層,
RPVOMLTJNHNFFAD09CC,49,150.00,住商用,加強磚造,58年1月3日,三層,
RPQPMLTJNHNFFAD68CC,23,88.49,住家用,鋼筋混凝土造,83年10月19日,十三層,
RPQPMLTJNHNFFAD68CC,23,12.28,共有部分,鋼筋混凝土造,83年10月19日,十三層,
RPQPMLTJNHNFFAD68CC,23,13.81,共有部分,鋼筋混凝土造,83年10月19日,十三層,
RPQPMLTJNHNFFAD68CC,23,28.63,共有部分,鋼筋混凝土造,83年10月19日,十三層,
RPUNMLTJNHNFFAD88CC,60,427.83,住商用,磚造,47年1月1日,三層,
RPXPMLTJNHNFFCD96CC,29,175.32,住家用,加強磚造,78年2月15日,二層,
RPWNMLTJNHNFFKD47CC,25,40.57,住商用,鋼筋混凝土造,82年2月8日,五層,
RPSNMLKKNHNFFKD88CC,21,88.62,住家用,鋼筋混凝土造,86年5月29日,二十層,
RPSNMLKKNHNFFKD88CC,21,31.96,共有部分,鋼筋混凝土造,86年5月29日,二十層,
RPSNMLKKNHNFFKD88CC,21,13.33,共有部分,鋼筋混凝土造,86年5月29日,二十層,
RPQNMLTJNHNFFKD86CC,19,41.31,住家用,鋼筋混凝土造,88年3月17日,十一層,
RPUNMLKKNHNFFDD38CC,23,47.46,住家用,鋼筋混凝土造,83年11月30日,四層,
RPQNMLTJNHNFFKD86CC,19,3515.71,共有部分,鋼筋混凝土造,88年3月17日,十一層,
RPQNMLTJNHNFFKD86CC,19,543.51,共有部分,鋼筋混凝土造,88年3月17日,十一層,
RPSNMLKKNHNFFAD87CC,37,341.23,住商用,鋼筋混凝土造,70年6月29日,四層,
RPSNMLKKNHNFFHD58CC,2,46.32,集合住宅,鋼筋混凝土造,104年11月20日,五層,
