﻿鄉鎮市區,交易標的,土地位置建物門牌,土地面積平方公尺,都市土地使用分區,非都市土地使用分區,非都市土地使用編定,租賃年月日,租賃筆棟數,租賃層次,總樓層數,建物型態,主要用途,主要建材,建築完成年月,建物總面積平方公尺,建物現況格局-房,建物現況格局-廳,建物現況格局-衛,建物現況格局-隔間,有無管理組織,有無附傢俱,總額元,單價元平方公尺,車位類別,車位面積平方公尺,車位總額元,備註,編號
The villages and towns urban district,transaction sign,land sector position building sector house number plate,land shifting total area square meter,the use zoning or compiles and checks,the non-metropolis land use district,non-metropolis land use,transaction year month and day,transaction pen number,shifting level,total floor number,building state,main use,main building materials,construction to complete the years,building shifting total area,Building present situation pattern - room,building present situation pattern - hall,building present situation pattern - health,building present situation pattern - compartmented,Whether there is manages the organization,Whether there is attaches the furniture,total price NTD,the unit price (NTD / square meter),the berth category,berth shifting total area square meter,the berth total price NTD,the note,serial number
安平區,房地(土地+建物),臺南市安平區湖內二街54號,81.01,住,,,1070208,土地3建物1車位0,見其他登記事項,3,店面(店鋪),住商用,鋼筋混凝土造,0711007,164.09,4,3,2,有,無,無,16000,98,,0.0,0,,RPVOMLMKKHNFFAD18CC
東區,建物,臺南市東區東門路二段365巷33弄2號,0.0,住,,,1070208,土地0建物1車位0,一層,5,公寓(5樓含以下無電梯),住家用,鋼筋混凝土構造,0771224,156.35,3,2,2,有,無,無,18000,115,,0.0,0,,RPPOMLMKKHNFFCD77CC
東區,房地(土地+建物),臺南市東區中華東路二段167號三樓之20,4.65,其他,,,1070115,土地1建物1車位0,三層,14,套房(1房1廳1衛),住家用,鋼筋混凝土構造,0970229,33.769999999999996,1,0,1,有,有,有,7300,216,,0.0,0,租金含管理費、網路。,RPVOMLMKKHNFFCD38CC
東區,建物,臺南市東區明東街70號,0.0,住,,,1070207,土地0建物1車位0,全,4,透天厝,住家用,鋼筋混凝土構造,1020624,204.34,4,2,3,有,無,無,32000,157,,0.0,0,,RPXNMLNKKHNFFCD58CC
東區,建物,臺南市東區中華東路二段48巷8號,0.0,住,,,1070208,土地0建物1車位0,全,1,透天厝,住商用,鋼筋混凝土構造,0770810,61.93,0,1,1,有,無,無,23000,371,,0.0,0,,RPOOMLNKKHNFFCD77CC
東區,建物,臺南市東區東光路二段3號五樓,0.0,住,,,1070209,土地0建物1車位0,五層,5,公寓(5樓含以下無電梯),住家用,鋼筋混凝土構造,0790217,75.75,2,1,1,有,無,有,9000,119,,0.0,0,,RPROMLNKKHNFFCD08CC
安南區,建物,臺南市安南區安中路二段296巷6弄19號,0.0,商,,,1070210,土地0建物1車位0,全,4,透天厝,見其他登記事項,鋼筋混凝土造,1040119,179.23,3,2,4,有,無,無,20000,112,,0.0,0,,RPWNMLNKKHNFFBD38CC
安定區,建物,臺南市安定區港口270之1號七樓之7,0.0,,鄉村區,乙種建築用地,1070210,土地0建物1車位0,七層,7,華廈(10層含以下有電梯),見其他登記事項,鋼筋混凝土造,1060714,113.0,2,2,2,有,無,有,9000,80,,0.0,0,1.合約書無填具土地租賃面積.2.由所有權人提供出租資訊3.租金已包含車位,RPOOMLNKKHNFFHD28CC
永康區,房地(土地+建物),臺南市永康區小東路477巷7號,86.1,住,,,1070123,土地1建物1車位0,全,4,透天厝,見其他登記事項,鋼筋混凝土造,0771205,269.01,5,2,4,有,無,有,23000,85,,0.0,0,,RPOOMLNKKHNFFKD58CC
永康區,建物,臺南市永康區國華街102巷92號十樓之1,0.0,住,,,1070209,土地0建物1車位0,十層,12,住宅大樓(11層含以上有電梯),住家用,鋼筋混凝土造,0831006,109.41,3,2,2,有,無,無,11000,101,,0.0,0,,RPOPMLNKKHNFFKD68CC
永康區,建物,臺南市永康區東橋五路109號十樓,0.0,商,,,1070211,土地0建物1車位0,十層,23,住宅大樓(11層含以上有電梯),住家用,見其他登記事項,1051026,137.24,2,2,2,有,無,有,20000,146,,0.0,0,1.合約書無填具土地租賃面積.2.由所有權人提供出租資訊3.租金已包含車位,RPPPMLNKKHNFFKD78CC
永康區,建物,臺南市永康區鹽行里新行街133號四樓之2,0.0,住,,,1070118,土地0建物1車位0,四層,15,住宅大樓(11層含以上有電梯),住家用,鋼筋混凝土造,0820827,116.13,3,2,2,有,無,有,11000,95,,0.0,0,,RPQPMLNKKHNFFKD88CC
善化區,房地(土地+建物),臺南市善化區建國路29-12號,50.23,住,,,1070212,土地1建物1車位0,全,5,透天厝,見其他登記事項,鋼筋混凝土造,1040728,56.45,0,0,0,無,無,有,30000,531,,0.0,0,租賃範圍為3-4F租任起始3月1日開始計算,RPTNMLLLKHNFFHD58CC
善化區,房地(土地+建物),臺南市善化區建國路29-12號,50.23,住,,,1070212,土地1建物1車位0,全,5,透天厝,見其他登記事項,鋼筋混凝土造,1040728,56.45,0,0,0,無,無,有,30000,531,,0.0,0,租賃範圍為3-4F租任起始3月1日開始計算,RPUNMLLLKHNFFHD68CC
中西區,建物,臺南市中西區府前路一段359巷34號二樓,0.0,商,,,1070210,土地0建物1車位0,二層,2,公寓(5樓含以下無電梯),住家用,鋼筋混凝土造,,182.61,6,2,4,有,無,無,13000,71,,0.0,0,,RPPNMLLLKHNFFAD47CC
安平區,建物,臺南市安平區育平路212號十三樓之35,0.0,住,,,1070214,土地0建物1車位0,十三層,17,住宅大樓(11層含以上有電梯),住家用,鋼筋混凝土造,0840729,48.0,1,1,1,有,有,有,8000,167,,0.0,0,,RPXOMLLLKHNFFAD38CC
北區,建物,臺南市北區武聖路160巷8弄26號,0.0,住,,,1070212,土地0建物1車位0,全,2,透天厝,住家用,加強磚造,0650517,88.26,4,2,3,有,無,無,17000,193,,0.0,0,,RPOPMLLLKHNFFAD57CC
北區,建物,臺南市北區公園南路339號十一樓之5,0.0,商,,,1070207,土地0建物1車位0,十一層,14,住宅大樓(11層含以上有電梯),見其他登記事項,鋼筋混凝土造,0971219,100.14,2,1,1,有,無,有,20000,200,,0.0,0,,RPXOMLMLKHNFFAD48CC
東區,房地(土地+建物),臺南市東區關聖里裕忠路178號,713.37,住,,,1070202,土地1建物1車位0,全,3,透天厝,見其他登記事項,鋼筋混凝土構造,0960511,247.99,0,0,0,無,無,無,120000,484,,0.0,0,,RPSNMLMLKHNFFCD08CC
永康區,建物,臺南市永康區中華二路358巷10號十五樓之5,0.0,住,,,1070125,土地0建物1車位0,十五層,20,住宅大樓(11層含以上有電梯),住家用,鋼筋混凝土造,0810919,149.62,4,1,2,有,無,有,14000,94,,0.0,0,,RPXNMLMLKHNFFKD76CC
永康區,建物,臺南市永康區大橋一街250巷7之4號,0.0,住,,,1070207,土地0建物1車位0,五層,5,公寓(5樓含以下無電梯),住家用,鋼筋混凝土造,0701202,85.28999999999999,3,1,2,有,無,無,7000,82,,0.0,0,,RPPOMLMLKHNFFKD68CC
永康區,建物,臺南市永康區安康里大橋一街53之1號二樓之6,0.0,住,,,1070210,土地0建物1車位0,二層,14,住宅大樓(11層含以上有電梯),住家用,鋼筋混凝土造,0880824,127.57000000000001,2,2,2,有,無,有,14300,112,,0.0,0,1.合約書無填具土地租賃面積.2.由所有權人提供出租資訊3.租金已包含車位,RPQOMLMLKHNFFKD78CC
東區,房地(土地+建物),臺南市東區中華東路二段167號九樓之7,2.96,其他,,,1070125,土地1建物1車位0,九層,14,套房(1房1廳1衛),住家用,鋼筋混凝土構造,0970229,34.2,1,0,1,有,有,有,8500,249,,0.0,0,,RPPPMLNLKHNFFCD08CC
善化區,房地(土地+建物),臺南市善化區永福路122之1號,125.52,住,,,1070210,土地1建物1車位0,全,3,透天厝,見其他登記事項,鋼筋混凝土構造,0950328,236.51,4,2,3,有,無,有,21000,89,,0.0,0,,RPPNMLOLKHNFFHD48CC
新市區,房地(土地+建物),臺南市新巿區中正路92巷2號8樓之1,22.43,住,,,1070212,土地1建物1車位0,八層,8,華廈(10層含以下有電梯),住家用,鋼筋混凝土造,0830806,123.13,3,2,2,有,有,有,11000,89,,0.0,0,,RPQNMLOLKHNFFHD58CC
新營區,車位,臺南市新營區健康路109號,0.0,,,,1070126,土地0建物0車位1,,,其他,,,,0.0,0,0,0,有,無,無,1100,,坡道機械,0.0,0,,RPWNMLQLKHNFFDD98CC
新營區,車位,臺南市新營區健康路109號,0.0,,,,1070205,土地0建物0車位1,,,其他,,,,0.0,0,0,0,有,無,有,1300,,坡道機械,0.0,0,,RPXNMLQLKHNFFDD09CC
東區,房地(土地+建物),臺南市東區中華東路二段193號一、二樓,7875.0,住,,,1070216,土地1建物1車位0,見其他登記事項,20,店面(店鋪),商業用,鋼筋混凝土構造,0841106,231.25,0,0,0,無,無,無,45000,195,,0.0,0,1.107/03/01起至107/03/31為出租人同意給承租人之裝潢施工期，此期間不收取租金。2.107/04/01起至112/02/28止的每月租金為新台幣肆萬伍仟元整。管理費另計,RPRNMLQLKHNFFCD38CC
東區,房地(土地+建物),臺南市東區中華東路二段185巷12號十一樓之2,7875.0,住,,,1070226,土地1建物1車位0,十一層,20,住宅大樓(11層含以上有電梯),住家用,鋼筋混凝土構造,0841106,171.22,4,2,2,有,有,有,22340,130,,0.0,0,,RPOOMLQLKHNFFCD18CC
安平區,建物,臺南市安平區平豐路122號13樓之3,0.0,住,,,1070203,土地0建物1車位0,十三層,27,住宅大樓(11層含以上有電梯),見其他登記事項,見其他登記事項,1050604,118.95,2,1,2,有,有,有,19000,160,,0.0,0,,RPWNMLQLKHNFFAD68CC
北區,建物,臺南市北區育成路87號,0.0,住,,,1070216,土地0建物0車位0,全,4,透天厝,見其他登記事項,鋼筋混凝土造,0960427,33.05,1,0,1,有,無,有,7000,212,,0.0,0,,RPXNMLQLKHNFFAD78CC
北區,建物,臺南市北區開元路485巷41弄10號三樓之2,0.0,商,,,1070225,土地0建物1車位0,三層,14,住宅大樓(11層含以上有電梯),見其他登記事項,鋼筋混凝土造,0891120,33.1,1,0,1,有,有,有,7500,227,,0.0,0,,RPQOMLRLKHNFFAD28CC
中西區,建物,臺南市中西區文和街10巷1號,0.0,住,,,1070225,土地0建物1車位0,全,2,透天厝,住家用,加強磚造,0640327,70.12,2,2,1,有,無,無,11000,157,,0.0,0,,RPROMLRLKHNFFAD38CC
中西區,建物,臺南市中西區府前路二段258巷23號二樓,0.0,住,,,1070224,土地0建物1車位0,二層,7,華廈(10層含以下有電梯),住家用,鋼筋混凝土造,0820428,163.22,4,2,2,有,有,無,15000,92,,0.0,0,,RPSOMLRLKHNFFAD48CC
北區,房地(土地+建物),臺南市北區長榮路四段31巷36號之1,34.7,住,,,1070218,土地2建物1車位0,二層,5,公寓(5樓含以下無電梯),住家用,鋼筋混凝土造,0731224,130.9,3,2,2,有,無,有,15500,118,,0.0,0,,RPVOMLRLKHNFFAD78CC
永康區,建物,臺南市永康區中華路7巷6號八樓之3,0.0,住,,,1070225,土地0建物1車位0,八層,19,住宅大樓(11層含以上有電梯),見其他登記事項,見其他登記事項,1010817,89.9,2,1,1,有,有,有,16000,178,,0.0,0,,RPTNMLRLKHNFFKD86CC
新市區,房地(土地+建物),臺南市新巿區三舍248之7號,1832.0,,特定農業區,農牧用地,1070301,土地1建物1車位0,見其他登記事項,1,其他,見其他登記事項,見其他登記事項,1050310,30.0,0,0,0,無,無,無,105000,3500,,0.0,0,,RPOPMLLJLHNFFHD18CC
歸仁區,土地,媽祖廟段三小段1561地號,330.58,,特定農業區,農牧用地,1070301,土地1建物0車位0,,,其他,,,,0.0,0,0,0,有,無,無,18000,54,,0.0,0,,RPWNMLLJLHNFFID88CC
東區,房地(土地+建物),臺南市東區崇明十街14號,20.57,商,,,1070226,土地1建物1車位0,二層,10,店面(店鋪),商業用,鋼筋混凝土構造,0870220,142.11,2,1,2,有,有,無,20000,141,,0.0,0,,RPUNMLLJLHNFFCD08CC
東區,房地(土地+建物)+車位,臺南市東區裕和二街98號2樓,30.24,住,,,1070213,土地1建物1車位1,二層,7,華廈(10層含以下有電梯),住家用,鋼筋混凝土構造,0961106,112.49000000000001,3,2,2,有,有,有,21000,187,坡道平面,19.81,0,1.租金總額含管理費2230元,RPOOMLLJLHNFFCD57CC
南區,房地(土地+建物),臺南市南區大同路二段102號五樓之1,35.82,住,,,1070228,土地1建物1車位0,五層,13,住宅大樓(11層含以上有電梯),見其他登記事項,鋼筋混凝土構造,0881021,131.18,3,2,2,有,有,有,13000,99,,0.0,0,,RPTOMLLJLHNFFCD08CC
北區,建物,臺南市北區勝利路220號五樓之5,0.0,住,,,1070301,土地0建物1車位0,五層,6,華廈(10層含以下有電梯),住家用,鋼筋混凝土造,0690503,68.82,1,1,1,有,無,有,5800,84,,0.0,0,,RPTPMLMJLHNFFAD08CC
新市區,建物,臺南市新巿區大營116號,0.0,,特定農業區,農牧用地,1070227,土地0建物1車位0,全,2,透天厝,農舍,加強磚造,0831228,209.4,3,1,2,有,無,有,11000,53,,0.0,0,,RPQNMLMJLHNFFHD28CC
永康區,建物,臺南市永康區大同街279號,0.0,住,,,1070227,土地0建物1車位0,全,4,透天厝,住家用,鋼筋混凝土造,0831003,32.92,1,1,1,有,無,無,8000,243,,0.0,0,1.合約書無填具土地租賃面積.2.由所有權人提供出租資訊3.租金已包含車位4.實際承租範圍為一樓前半部空間含騎樓,RPVOMLMJLHNFFKD56CC
永康區,建物,臺南市永康區南灣里南興路10號,0.0,工,,,1070206,土地0建物1車位0,一層,1,工廠,住工用,鋼造,0840803,386.3,4,2,4,有,無,無,90000,,,0.0,0,,RPTPMLMJLHNFFKD09CC
佳里區,房地(土地+建物),臺南市佳里區進學路42號,98.0,住,,,1070223,土地1建物1車位0,全,4,透天厝,住商用,鋼筋混凝土構造,0710809,287.81,4,2,4,有,無,無,18000,63,,0.0,0,,RPPNMLPJLHNFFGD48DC
東區,建物,臺南市東區崇明路726號1樓,105.0,商,,,1070301,土地0建物1車位0,一層,5,店面(店鋪),見其他登記事項,鋼筋混凝土構造,0960626,59.31,0,1,1,有,無,無,20000,337,,0.0,0,承租一樓店鋪,RPQNMLPJLHNFFCD08CC
北區,建物,臺南市北區開元路523號5F之9,0.0,,,,1070301,土地0建物1車位0,五層,24,住宅大樓(11層含以上有電梯),見其他登記事項,見其他登記事項,1041105,83.17,2,1,1,有,有,有,16000,192,,0.0,0,,RPUOMLQJLHNFFAD48CC
安平區,房地(土地+建物),臺南市安平區永華路二段53號,347.0,住,,,1061201,土地2建物1車位0,見其他登記事項,1,店面(店鋪),見其他登記事項,見其他登記事項,0970806,223.99,0,0,0,無,無,無,110000,491,,0.0,0,,RPQQMLQJLHNFFAD28CC
善化區,房地(土地+建物),臺南市善化區光華路128巷19號2F,17.4,住,,,1070306,土地1建物1車位0,一層,7,華廈(10層含以下有電梯),住家用,鋼筋混凝土造,0830625,63.65,3,2,2,有,有,有,10200,160,,0.0,0,,RPPOMLQJLHNFFHD68CC
新營區,房地(土地+建物),臺南市新營區大同路45之4號1樓,209.08,住,,,1070206,土地2建物1車位0,一層,1,店面(店鋪),住商用,鋼筋混凝土造,0700422,103.97,0,1,1,有,無,有,60000,577,,0.0,0,,RPSNMLQJLHNFFDD48CC
安南區,建物,臺南市安南區府安路五段44巷5號,0.0,住,,,1070302,土地0建物1車位0,全,2,透天厝,住家用,加強磚造,0700826,115.33,4,2,2,有,無,有,12000,104,,0.0,0,,RPWNMLRJLHNFFBD78CC
新市區,房地(土地+建物),臺南市新巿區仁愛街189巷26號,94.44,住,,,1070303,土地1建物1車位0,全,2,透天厝,住家用,加強磚造,0771230,129.2,4,2,2,有,無,有,14000,108,,0.0,0,,RPUNMLRJLHNFFHD56CC
新市區,房地(土地+建物),臺南市新巿區大社589之26號,74.0,,特定農業區,甲種建築用地,1070303,土地1建物1車位0,全,3,透天厝,住商用,鋼筋混凝土構造,0861105,193.25,5,2,3,有,無,有,17000,88,,0.0,0,,RPPOMLRJLHNFFHD78CC
佳里區,房地(土地+建物),臺南市佳里區進學路148巷1號,68.0,住,,,1070301,土地1建物1車位0,全,2,透天厝,住商用,加強磚造,0651106,92.21,2,1,2,有,無,無,10000,108,,0.0,0,,RPXNMLRJLHNFFGD86DC
北區,建物,臺南市北區開元路517號二十三樓之8,0.0,商,,,1070303,土地0建物1車位0,二十三層,24,住宅大樓(11層含以上有電梯),見其他登記事項,見其他登記事項,1041105,144.55,3,1,2,有,有,有,21000,145,,0.0,0,,RPQNMLRJLHNFFAD08CC
安平區,建物,臺南市安平區文平路209號二十一樓之1,0.0,商,,,1070225,土地0建物1車位0,二十一層,21,住宅大樓(11層含以上有電梯),見其他登記事項,鋼筋混凝土造,0960815,432.85,4,2,4,有,有,有,60000,139,,0.0,0,,RPSNMLRJLHNFFAD28CC
北區,建物,臺南市北區開元路68巷3弄17號,0.0,住,,,1070306,土地0建物1車位0,全,2,透天厝,住家用,加強磚造,0550101,93.36,3,2,2,有,無,無,15000,161,,0.0,0,,RPOOMLSJLHNFFAD08CC
安平區,建物,臺南市安平區育平路212號十三樓之35,0.0,住,,,1070307,土地0建物1車位0,十三層,17,住宅大樓(11層含以上有電梯),住家用,鋼筋混凝土造,0840729,48.0,1,1,1,有,有,有,8000,167,,0.0,0,,RPPOMLSJLHNFFAD18CC
安平區,房地(土地+建物),臺南市安平區建平七街723號,27.48,住,,,1070305,土地1建物1車位0,見其他登記事項,17,店面(店鋪),住商用,鋼筋混凝土構造,0840729,170.71,3,2,3,有,有,無,22000,129,,0.0,0,,RPROMLSJLHNFFAD38CC
新化區,土地,唪口段878地號,0.0,,特定農業區,農牧用地,1070302,土地1建物0車位0,,,其他,,,,0.0,0,0,0,有,無,無,10000,0,,0.0,0,,RPRNMLSJLHNFFHD98CC
新營區,房地(土地+建物),臺南市新營區富源街22號,29.28,商,,,1070221,土地1建物2車位0,見其他登記事項,6,華廈(10層含以下有電梯),商業用,鋼筋混凝土構造,0801022,137.74,0,2,1,有,無,無,8000,58,,0.0,0,租賃標的為地上一層+地下一層,RPQNMLSJLHNFFDD48CC
永康區,建物,臺南市永康區新興街8之2號七樓之3,0.0,住,,,1070305,土地0建物1車位0,七層,11,住宅大樓(11層含以上有電梯),商業用,鋼筋混凝土造,0880519,44.18,4,2,2,有,無,無,11500,260,,0.0,0,,RPSNMLSJLHNFFKD76CC
永康區,建物,臺南市永康區中山北路401號,0.0,住,,,1070306,土地0建物1車位0,全,4,透天厝,住家用,鋼筋混凝土構造,0980110,247.3,5,2,5,有,無,無,36000,146,,0.0,0,1.合約書無填具土地租賃面積.2.由所有權人提供出租資訊3.租金已包含車位,RPROMLSJLHNFFKD76CC
永康區,房地(土地+建物)+車位,臺南市永康區中山南路347巷17號,155.03,住,,,1070302,土地2建物2車位0,全,3,透天厝,住家用,加強磚造,0631101,205.88,3,2,2,有,無,無,20000,97,一樓平面,0.0,0,,RPVNMLTJLHNFFKD17CC
善化區,房地(土地+建物),臺南市善化區牛庄555之26號,158.1,,特定農業區,甲種建築用地,1070307,土地1建物1車位0,全,4,透天厝,住家用,鋼筋混凝土造,1041015,46.0,1,0,1,有,無,有,8000,174,,0.0,0,,RPROMLTJLHNFFHD56CC
北區,房地(土地+建物),臺南市北區忠義路三段85號,1511.0,商,,,1070308,土地6建物1車位0,一層,1,店面(店鋪),工業用,見其他登記事項,0890421,357.72,0,0,0,無,無,無,250000,699,,0.0,0,,RPWOMLTJLHNFFAD98CC
東區,房地(土地+建物),臺南市東區中華東路二段197號11樓之14,2.59,住,,,1070308,土地1建物1車位0,十一層,20,住宅大樓(11層含以上有電梯),住家用,鋼筋混凝土構造,0841106,34.37,1,1,1,有,有,有,7000,204,,0.0,0,,RPVNMLTJLHNFFCD98CC
北區,房地(土地+建物),臺南市北區公園南路337號十樓之2,9.03,住,,,1070212,土地2建物1車位0,十層,14,住宅大樓(11層含以上有電梯),見其他登記事項,鋼筋混凝土造,0971219,56.95,2,1,1,有,有,有,18000,316,,0.0,0,,RPWNMLMKLHNFFAD28CC
安平區,房地(土地+建物),臺南市安平區文平路328號,16.53,住,,,1070311,土地1建物1車位0,一層,15,住宅大樓(11層含以上有電梯),見其他登記事項,見其他登記事項,1060307,57.87,0,0,0,無,無,無,30000,518,,0.0,0,,RPQOMLMKLHNFFAD77CC
安定區,房地(土地+建物),臺南市安定區許中營38-48號,109.02,,鄉村區,乙種建築用地,1070310,土地1建物1車位0,全,4,透天厝,見其他登記事項,鋼筋混凝土構造,1030521,249.8,4,2,4,有,無,有,15000,60,,0.0,0,,RPRNMLMKLHNFFHD48CC
新化區,建物,臺南市新化區和平街131號三樓之五,0.0,住,,,1070306,土地0建物1車位0,三層,8,華廈(10層含以下有電梯),住家用,鋼筋混凝土造,0820514,119.74000000000001,3,1,2,有,無,有,9500,79,,0.0,0,,RPSNMLMKLHNFFHD58CC
永康區,建物,臺南市永康區五王里中華二路206巷68弄67號五樓之1,0.0,商,,,1070312,土地0建物1車位0,五層,5,公寓(5樓含以下無電梯),住家用,鋼筋混凝土造,0700608,91.8,3,1,1,有,無,有,6000,65,,0.0,0,,RPUNMLNKLHNFFKD56CC
北區,房地(土地+建物)+車位,臺南市北區公園南路370巷46號14樓2,18.11,住,,,1070309,土地1建物1車位1,十四層,16,住宅大樓(11層含以上有電梯),住家用,鋼筋混凝土造,0840912,122.99,3,2,2,有,有,有,14000,114,坡道機械,8.37,0,,RPPOMLNKLHNFFAD77CC
東區,建物,臺南市東區東門路三段180號及182號,0.0,住,,,1070219,土地0建物2車位0,一層,12,住宅大樓(11層含以上有電梯),見其他登記事項,鋼筋混凝土構造,1021023,118.6,0,0,0,無,無,有,83930,708,,0.0,0,租期自107年5月1日起算,RPXNMLNKLHNFFCD68CC
東區,建物,臺南市東區東和路１２８號,0.0,住,,,1070228,土地0建物1車位0,全,2,透天厝,住家用,加強磚造,0640129,99.36,3,2,2,有,無,無,30000,302,,0.0,0,,RPSNMLOKLHNFFCD28CC
東區,建物,臺南市東區崇善路２２號,0.0,住,,,1070308,土地0建物1車位0,見其他登記事項,3,店面(店鋪),見其他登記事項,鋼筋混凝土構造,0971219,203.41,0,3,2,有,無,無,62000,305,,0.0,0,,RPWOMLOKLHNFFCD78CC
安南區,房地(土地+建物),臺南市安南區安中路一段136號,258.64,商,,,1070313,土地8建物1車位0,見其他登記事項,1,店面(店鋪),住商用,鋼筋混凝土造,0740525,99.19,0,0,0,無,無,無,45000,454,,0.0,0,,RPQNMLOKLHNFFBD97CC
安南區,建物,臺南市安南區館前一路118號五樓之2,0.0,住,,,1070228,土地0建物1車位0,五層,7,華廈(10層含以下有電梯),見其他登記事項,鋼筋混凝土造,1031105,158.19,3,2,2,有,無,無,18000,114,,0.0,0,1.合約書無填具土地租賃面積.2.由所有權人提供出租資訊3.租金已包含車位,RPRNMLOKLHNFFBD08CC
安南區,房地(土地+建物),臺南市安南區長和路二段173號,94.66,住,,,1070303,土地1建物1車位0,全,3,透天厝,住商用,鋼筋混凝土構造,1040805,209.11,5,2,3,有,無,無,30000,143,,0.0,0,,RPVNMLOKLHNFFBD48CC
仁德區,房地(土地+建物),臺南市仁德區二空路88號、二空路92號、二空路96號,127.22,住,,,1070313,土地3建物3車位0,一層,14,店面(店鋪),商業用,鋼筋混凝土造,0990422,279.55,0,1,1,有,有,無,110000,393,,0.0,0,,RPQNMLOKLHNFFID68CC
南區,房地(土地+建物),臺南市南區興昌路88號十二樓,18.91,住,,,1070301,土地1建物1車位0,十二層,14,住宅大樓(11層含以上有電梯),見其他登記事項,鋼筋混凝土構造,1060531,162.95,3,2,2,有,無,有,20000,123,,0.0,0,,RPUNMLPKLHNFFCD58CC
中西區,建物,臺南市中西區大同路一段24號七樓之4,0.0,商,,,1070314,土地0建物1車位0,七層,7,華廈(10層含以下有電梯),住家用,鋼筋混凝土造,0680406,41.92,2,1,1,有,無,無,6000,143,,0.0,0,,RPTNMLPKLHNFFAD28CC
中西區,房地(土地+建物),臺南市中西區樹林街二段282號,79.62,住,,,1070227,土地1建物1車位0,全,2,透天厝,住家用,加強磚造,0631106,129.51,4,2,4,有,無,有,25500,197,,0.0,0,,RPVOMLQKLHNFFAD68CC
東區,建物,臺南市東區崇德十六街６８號,0.0,住,,,1070305,土地0建物1車位0,見其他登記事項,7,店面(店鋪),住商用,鋼筋混凝土構造,0821005,95.25999999999999,1,2,2,有,有,無,9000,94,,0.0,0,,RPPNMLQKLHNFFCD18CC
東區,建物,臺南市東區中華東路二段197號七樓之12,0.0,住,,,1070221,土地0建物1車位1,七層,20,住宅大樓(11層含以上有電梯),住家用,鋼筋混凝土構造,0841106,94.75,2,1,1,有,有,有,14500,153,坡道平面,0.0,0,租金含管理費。,RPWNMLQKLHNFFCD88CC
東區,建物,臺南市東區東安路251巷51號8樓之1,0.0,住,,,1070223,土地0建物1車位0,八層,9,華廈(10層含以下有電梯),住家用,鋼筋混凝土構造,0880703,184.65,3,2,2,有,有,無,22000,119,,0.0,0,,RPROMLQKLHNFFCD48CC
東區,建物,臺南市東區中華東路三段399巷18弄19號,0.0,住,,,1070304,土地0建物1車位0,全,4,透天厝,住家用,鋼筋混凝土構造,0870520,278.44,3,2,4,有,無,有,28000,101,,0.0,0,,RPTOMLQKLHNFFCD68CC
東區,建物,臺南市東區東門路三段15號8樓之1,0.0,住,,,1070309,土地0建物1車位0,八層,23,住宅大樓(11層含以上有電梯),住家用,鋼筋混凝土構造,0841115,126.55000000000001,3,1,2,有,有,無,12000,95,,0.0,0,,RPWOMLQKLHNFFCD98CC
安南區,建物,臺南市安南區郡安路四段70號,0.0,住,,,1070313,土地0建物1車位0,全,5,透天厝,住商用,鋼筋混凝土造,0840525,63.66,0,1,1,有,無,無,11000,173,,0.0,0,,RPVNMLQKLHNFFBD68CC
安南區,建物,臺南市安南區安中路一段189巷85弄12號,0.0,住,,,1070308,土地0建物1車位0,全,2,透天厝,住家用,加強磚造,0660428,82.0,5,2,2,有,無,無,13500,165,,0.0,0,,RPXNMLQKLHNFFBD88CC
善化區,房地(土地+建物),臺南市善化區大成路134號,74.92,住,,,1070311,土地2建物1車位0,見其他登記事項,4,店面(店鋪),住商用,鋼筋混凝土構造,0811215,65.72,4,2,4,有,無,無,24000,365,,0.0,0,,RPRNMLQKLHNFFHD88CC
新市區,建物,臺南市新巿區中正路116巷2弄7號,63.0,住,,,1070316,土地0建物1車位0,全,3,透天厝,見其他登記事項,鋼筋混凝土構造,0820408,179.16,3,2,2,有,無,有,12000,67,,0.0,0,,RPPNMLTKLHNFFHD98CC
新營區,房地(土地+建物)+車位,臺南市新營區信義街72巷10號9樓之3,29.21,住,,,1070319,土地1建物1車位1,九層,12,住宅大樓(11層含以上有電梯),住家用,鋼筋混凝土造,0890615,186.26,3,2,2,有,有,有,12500,67,升降機械,6.41,0,,RPTNMLTKLHNFFDD98CC
永康區,建物,臺南市永康區中華二路４０１號,0.0,住,,,1070226,土地0建物0車位0,一層,5,店面(店鋪),住商用,鋼筋混凝土造,0941130,75.01,0,1,1,有,無,無,30682,409,,0.0,0,,RPTOMLTKLHNFFKD17CC
東區,房地(土地+建物)+車位,臺南市東區東光路二段82巷2號六樓之2,15.56,住,,,1070301,土地1建物1車位1,六層,9,華廈(10層含以下有電梯),住家用,鋼筋混凝土構造,0850810,101.19,2,2,2,有,無,有,11000,109,坡道平面,0.0,0,,RPSNMLTKLHNFFCD78CC
東區,建物,臺南市東區裕豐街29號二樓之12,0.0,住,,,1070315,土地0建物1車位0,二層,5,公寓(5樓含以下無電梯),住家用,鋼筋混凝土構造,0781124,47.290000000000006,1,0,1,有,無,有,5500,116,,0.0,0,,RPVNMLTKLHNFFCD09CC
南區,建物,臺南市南區新建路27巷17之4號,0.0,,,,1070224,土地0建物1車位0,五層,5,公寓(5樓含以下無電梯),見其他登記事項,鋼筋混凝土構造,0720820,75.45,3,2,1,有,無,無,9000,119,,0.0,0,,RPWNMLKLLHNFFCD38CC
東區,建物,臺南市東區長榮路一段256號四樓之7,0.0,,,,1070226,土地0建物1車位0,四層,12,辦公商業大樓,商業用,鋼筋混凝土構造,0821216,65.69,0,1,1,有,有,無,8000,122,,0.0,0,,RPOOMLKLLHNFFCD67CC
東區,建物,臺南市東區崇德十九街62號七樓,0.0,,,,1070228,土地0建物1車位0,七層,8,華廈(10層含以下有電梯),住家用,鋼筋混凝土構造,0841221,79.22,2,1,1,有,有,有,15000,189,坡道機械,0.0,0,,RPROMLKLLHNFFCD97CC
南區,建物,臺南市南區金華路二段309號,0.0,,,,1070307,土地0建物1車位0,六層,6,華廈(10層含以下有電梯),住商用,鋼筋混凝土構造,0790511,211.6,0,1,3,有,有,無,15000,71,,0.0,0,,RPXOMLKLLHNFFCD58CC
東區,房地(土地+建物),臺南市東區東門路二段297號十樓之1,88.72,商,,,1070313,土地3建物1車位0,十層,14,辦公商業大樓,商業用,鋼筋混凝土構造,0810617,185.32,0,0,0,無,有,無,30000,162,,0.0,0,辦公室,RPOPMLKLLHNFFCD77CC
中西區,建物,臺南市中西區信義街108巷43號四樓之11,0.0,,,,1070224,土地0建物1車位0,四層,6,華廈(10層含以下有電梯),住家用,鋼筋混凝土造,0820327,24.98,1,0,1,有,無,有,3800,152,,0.0,0,,RPQOMLKLLHNFFAD67CC
中西區,建物,臺南市中西區金華路三段218號十四樓之3,0.0,,,,1070302,土地0建物1車位0,十四層,18,住宅大樓(11層含以上有電梯),住家用,鋼筋混凝土造,0840704,82.21000000000001,1,1,1,有,有,有,7500,91,,0.0,0,,RPOPMLKLLHNFFAD57CC
中西區,建物,臺南市中西區大同路一段46巷27之2號,0.0,,,,1070305,土地0建物1車位0,一層,6,華廈(10層含以下有電梯),住家用,鋼筋混凝土造,0830301,28.130000000000003,1,0,1,有,有,有,6500,231,,0.0,0,,RPQPMLKLLHNFFAD77CC
中西區,建物,臺南市中西區民權路三段182之1號五樓之1,0.0,,,,1070306,土地0建物1車位0,五層,5,公寓(5樓含以下無電梯),住商用,鋼筋混凝土造,0760616,53.37,1,1,1,有,無,有,9000,169,,0.0,0,,RPTPMLKLLHNFFAD08CC
中西區,建物,臺南市中西區永福路一段99號二樓,0.0,,,,1070307,土地0建物1車位0,二層,4,公寓(5樓含以下無電梯),住家用,鋼筋混凝土造,0690109,68.87,3,2,1,有,無,無,9000,131,,0.0,0,,RPOQMLKLLHNFFAD67CC
永康區,建物,臺南市永康區大橋里中華西街63巷46之1號三樓,0.0,,,,1070302,土地0建物1車位0,三層,5,公寓(5樓含以下無電梯),住家用,鋼筋混凝土造,0720122,85.16,3,2,2,有,無,無,12000,141,,0.0,0,,RPWNMLKLLHNFFKD56CC
佳里區,房地(土地+建物),臺南市佳里區光復路363號2F,165.0,住,,,1070314,土地1建物1車位0,全,4,透天厝,見其他登記事項,鋼筋混凝土造,1020327,113.24,0,0,0,無,無,無,18000,159,,0.0,0,,RPSNMLKLLHNFFGD48DC
永康區,土地,鹽西段1204地號,421.23,工,,,1070312,土地1建物0車位0,,,其他,,,,0.0,0,0,0,有,無,有,48000,114,,0.0,0,,RPOPMLLLLHNFFKD68CC
永康區,建物,臺南市永康區中華一路23巷1號三樓,0.0,住,,,1070319,土地0建物1車位0,三層,5,公寓(5樓含以下無電梯),住家用,鋼筋混凝土造,0701211,103.17,3,1,1,有,無,有,7000,68,,0.0,0,,RPQPMLLLLHNFFKD88CC
安平區,建物,臺南市安平區國平路190號,0.0,商,,,1070320,土地0建物1車位0,一層,1,店面(店鋪),見其他登記事項,見其他登記事項,1061020,97.43,0,0,0,無,無,無,36000,369,,0.0,0,,RPROMLLLLHNFFAD87CC
北區,建物,臺南市北區開元路485巷41弄10號五樓之9,0.0,商,,,1070228,土地0建物1車位0,五層,14,住宅大樓(11層含以上有電梯),見其他登記事項,鋼筋混凝土造,0891120,47.12,1,1,1,有,有,有,7000,149,,0.0,0,,RPVOMLLLLHNFFAD28CC
北區,建物,臺南市北區北門路二段576巷15號七樓之1,0.0,住,,,1070308,土地0建物1車位0,七層,10,華廈(10層含以下有電梯),見其他登記事項,鋼筋混凝土造,0930330,139.38,4,1,2,有,有,有,13000,93,,0.0,0,,RPWOMLLLLHNFFAD38CC
北區,建物,臺南市北區大港街107號3樓,0.0,住,,,1070222,土地0建物1車位0,全,5,透天厝,住商用,鋼筋混凝土造,0841117,511.0,0,0,0,無,無,有,20000,39,,0.0,0,,RPSPMLLLLHNFFAD08CC
東區,房地(土地+建物),臺南市東區中華東路二段193號十樓之12,6.22,住,,,1070317,土地1建物1車位0,十層,20,住宅大樓(11層含以上有電梯),住家用,鋼筋混凝土構造,0841106,74.74000000000001,2,1,1,有,有,有,12000,161,,0.0,0,,RPQNMLLLLHNFFCD87CC
南區,房地(土地+建物),臺南市南區國華街一段181號,71.0,住,,,1070320,土地2建物1車位0,全,2,透天厝,國民住宅,磚造,0530101,89.8,3,2,3,有,無,無,20000,223,,0.0,0,,RPUNMLMLLHNFFCD38CC
東區,房地(土地+建物),臺南市東區東門路一段303號,204.0,商,,,1070321,土地2建物1車位0,一層,3,店面(店鋪),住商用,鋼筋混凝土構造,0641024,66.11,0,0,0,無,無,無,45000,681,,0.0,0,,RPTOMLMLLHNFFCD38CC
新營區,建物,臺南市新營區富源街22好4樓之1A室,0.0,,,,1070306,土地0建物0車位0,四層,6,套房(1房1廳1衛),住家用,鋼筋混凝土造,0801022,42.17,1,0,1,有,無,有,5000,119,,0.0,0,,RPQNMLMLLHNFFDD08CC
安南區,房地(土地+建物),臺南市安南區安中路三段77號,1693.73,住,,,1070322,土地2建物1車位0,一層,1,店面(店鋪),住商用,見其他登記事項,1061109,1018.66,0,0,0,無,無,無,150000,147,,0.0,0,,RPOOMLMLLHNFFBD77CC
善化區,建物,臺南市善化區陽光三路320號,96.32,住,,,1070322,土地0建物1車位0,全,4,透天厝,住家用,鋼筋混凝土構造,0990520,213.73,4,2,5,有,無,有,25000,117,,0.0,0,,RPXNMLNLLHNFFHD66CC
東區,建物,臺南市東區崇明路268號三樓之1,0.0,住,,,1070321,土地0建物1車位0,三層,15,住宅大樓(11層含以上有電梯),住家用,鋼筋混凝土構造,0830825,270.33,6,1,2,有,無,無,20000,74,,0.0,0,,RPUNMLNLLHNFFCD48CC
東區,建物,臺南市東區衛國街58號五樓之2,0.0,商,,,1070224,土地0建物1車位0,五層,5,公寓(5樓含以下無電梯),住家用,鋼筋混凝土構造,0740510,53.33,2,1,1,有,無,有,6000,113,,0.0,0,,RPQPMLNLLHNFFCD28CC
北區,建物,臺南市北區勝利路226號4樓之4,0.0,住,,,1070320,土地0建物1車位0,四層,5,華廈(10層含以下有電梯),住家用,鋼筋混凝土造,0810813,43.44,2,2,1,有,有,有,10000,230,,0.0,0,,RPQOMLOLLHNFFAD08CC
北區,房地(土地+建物),臺南市北區公園南路370巷19號二十樓之1,13.6,住,,,1070322,土地1建物1車位0,二十層,23,住宅大樓(11層含以上有電梯),見其他登記事項,鋼筋混凝土造,0890406,102.34,3,2,2,有,有,有,26000,254,,0.0,0,,RPQNMLPLLHNFFAD08CC
北區,房地(土地+建物),臺南市北區公園南路339號八樓之2,8.51,住,,,1070316,土地2建物1車位0,八層,14,住宅大樓(11層含以上有電梯),見其他登記事項,鋼筋混凝土造,0971219,53.66,2,1,1,有,有,有,16000,298,,0.0,0,,RPRNMLPLLHNFFAD18CC
安平區,房地(土地+建物),臺南市安平區建平八街72號六樓之9,11.71,商,,,1070314,土地1建物1車位0,六層,14,住宅大樓(11層含以上有電梯),見其他登記事項,鋼筋混凝土造,0880816,94.73,3,2,2,有,有,有,13000,137,,0.0,0,,RPSNMLPLLHNFFAD28CC
安平區,土地,金華段35-12地號,13.75,住,,,1070227,土地1建物0車位0,,,其他,,,,0.0,0,0,0,有,無,無,2000,0,其他,13.75,2000,,RPRNMLQLLHNFFAD28CC
安平區,土地,金華段35-12地號,13.75,住,,,1070227,土地1建物0車位0,,,其他,,,,0.0,0,0,0,有,無,無,2000,0,其他,13.75,2000,,RPSNMLQLLHNFFAD38CC
新市區,建物,臺南市新巿區可口街47號,76.68,其他,,,1070325,土地0建物1車位0,全,2,透天厝,住商用,加強磚造,0670310,100.8,3,2,3,有,無,有,9000,89,,0.0,0,,RPQOMLQLLHNFFHD98CC
新化區,土地,知母義段227-5地號,0.0,,一般農業區,甲種建築用地,1070325,土地1建物0車位0,,,其他,,,,0.0,0,0,0,有,無,無,4000,0,,0.0,0,,RPVNMLRLLHNFFHD86CC
永康區,建物,臺南市永康區國華街102巷82號11樓之2,0.0,住,,,1070323,土地0建物1車位0,十一層,12,住宅大樓(11層含以上有電梯),住家用,鋼筋混凝土造,0831006,107.0,3,2,2,有,有,有,14500,136,,0.0,0,1.合約書無填具土地租賃面積2.由所有權人提供出租資訊3.租金已包含車位,RPQNMLRLLHNFFKD66CC
安平區,房地(土地+建物),臺南市安平區建平十七街43號16F-3,529.85,商,,,1070320,土地1建物1車位0,十六層,17,住宅大樓(11層含以上有電梯),住家用,鋼筋混凝土造,0831011,173.8,4,2,2,有,有,無,17000,98,,0.0,0,,RPPQMLRLLHNFFAD58DC
安平區,房地(土地+建物),臺南市安平區安北路37號,48.88,住,,,1070310,土地2建物1車位0,全,3,透天厝,住商用,鋼筋混凝土造,0651015,79.64,1,2,1,有,無,無,13500,170,,0.0,0,,RPQQMLRLLHNFFAD68DC
中西區,建物,臺南市中西區西華南街36巷10之1號,0.0,商,,,1070323,土地0建物1車位0,一層,3,公寓(5樓含以下無電梯),住家用,鋼筋混凝土造,0840313,39.29,1,1,1,有,無,有,7500,191,,0.0,0,,RPROMLRLLHNFFAD48CC
北區,建物,臺南市北區開南街135號,0.0,住,,,1070323,土地0建物1車位0,全,4,透天厝,住家用,鋼筋混凝土造,0830624,173.28,1,2,1,有,無,無,13000,75,,0.0,0,,RPWOMLRLLHNFFAD98CC
中西區,房地(土地+建物),臺南市中西區中華西路二段520號12樓之1,11.94,住,,,1070322,土地1建物1車位0,十二層,15,住宅大樓(11層含以上有電梯),見其他登記事項,見其他登記事項,1020620,54.34,2,2,1,有,有,無,30000,552,,0.0,0,,RPSPMLRLLHNFFAD68CC
北區,房地(土地+建物),臺南市北區公園南路233巷8號8樓之2,15.0,商,,,1070322,土地1建物1車位0,八層,9,華廈(10層含以下有電梯),見其他登記事項,見其他登記事項,1040126,34.39,2,2,1,有,有,無,27000,785,,0.0,0,,RPVPMLRLLHNFFAD98CC
東區,建物,臺南市東區東安路50號五樓之7,0.0,住,,,1070322,土地0建物1車位0,七層,7,華廈(10層含以下有電梯),住家用,鋼筋混凝土構造,0701224,90.1,3,1,2,有,有,有,13000,144,,0.0,0,,RPQNMLRLLHNFFCD48CC
東區,房地(土地+建物),臺南市東區東門路二段389號,336.83,商,,,1070301,土地1建物1車位0,一層,1,店面(店鋪),見其他登記事項,見其他登記事項,1040420,266.76,0,0,0,無,無,無,150000,562,,0.0,0,,RPSNMLRLLHNFFCD68CC
東區,房地(土地+建物),臺南市東區中華東路二段167號四樓之8,2.96,其他,,,1070327,土地1建物1車位0,四層,14,套房(1房1廳1衛),住家用,鋼筋混凝土構造,0970229,34.2,1,0,1,有,有,有,7500,219,,0.0,0,,RPTNMLRLLHNFFCD78CC
北區,建物,臺南市北區北園街22號2F,0.0,商,,,1070301,土地0建物1車位0,二層,,住宅大樓(11層含以上有電梯),,,,1157.02,16,2,4,有,有,無,30000,26,,0.0,0,,RPRNMLSLLHNFFAD48CC
善化區,房地(土地+建物),臺南市善化區成功路165號,85.19,住,,,1070327,土地1建物1車位0,全,4,透天厝,住商用,鋼筋混凝土構造,0960123,194.2,5,2,3,有,無,無,28000,144,,0.0,0,,RPSNMLSLLHNFFHD66CC
安南區,土地,本淵段51地號,400.0,農,,,1070326,土地1建物0車位0,,,其他,,,,0.0,0,0,0,有,無,無,26000,65,,0.0,0,租賃部份面積，現有鐵皮屋約120坪,RPWNMLTLLHNFFBD56CC
永康區,建物,臺南市永康區鹽行里仁愛街48之2號,0.0,住,,,1070314,土地0建物1車位0,七層,7,華廈(10層含以下有電梯),住家用,鋼筋混凝土造,0820428,127.54,2,1,2,有,無,有,7000,55,,0.0,0,,RPTNMLTLLHNFFKD17CC
新營區,房地(土地+建物),臺南市新營區民權路60之1號,268.17,商,,,1070329,土地3建物1車位0,見其他登記事項,2,店面(店鋪),住商用,加強磚造,0660323,95.08,3,2,2,有,無,無,29000,305,,0.0,0,,RPRNMLKMLHNFFDD08CC
安平區,房地(土地+建物),臺南市安平區文平路318號五樓之2,22.76,住,,,1070326,土地1建物1車位0,一層,15,住宅大樓(11層含以上有電梯),見其他登記事項,見其他登記事項,1060307,75.05,3,2,2,有,有,無,25000,333,,0.0,0,,RPROMLKMLHNFFAD87CC
北區,建物,臺南市北區前鋒路297巷3號,0.0,商,,,1070326,土地0建物1車位0,全,2,透天厝,住家用,見其他登記事項,0551110,88.34,6,2,2,有,無,無,13000,147,,0.0,0,,RPSNMLLMLHNFFAD97CC
永康區,建物,臺南市永康區大同街320巷18號,0.0,住,,,1070330,土地0建物1車位0,全,3,透天厝,住家用,鋼筋混凝土構造,1000105,226.13,5,1,5,有,無,有,25000,111,,0.0,0,1.合約書無填具土地租賃面積.2.由所有權人提供出租資訊3.租金已包含車位,RPTNMLLMLHNFFKD09CC
關廟區,房地(土地+建物),臺南市關廟區中正路992號,167.0,住,,,1070302,土地1建物1車位0,見其他登記事項,4,店面(店鋪),見其他登記事項,鋼筋混凝土構造,0841024,242.35,4,3,2,有,無,無,25000,103,,0.0,0,,RPPQMLLMLHNFFID78CC
永康區,建物,臺南市永康區東橋十二街61號,0.0,住,,,1070320,土地0建物1車位0,一層,15,店面(店鋪),見其他登記事項,見其他登記事項,1060623,86.42,0,0,0,無,有,無,40000,463,,0.0,0,,RPPNMLLJMHNFFKD48CC
東區,建物,臺南市東區崇德路333巷23弄26號,0.0,住,,,1070331,土地0建物1車位0,一層,5,公寓(5樓含以下無電梯),住家用,鋼筋混凝土構造,0711029,88.25,3,1,1,有,無,無,10000,113,,0.0,0,,RPQOMLNJMHNFFCD08CC
東區,建物,臺南市東區林森路二段192巷24弄1號之1,0.0,住,,,1070331,土地0建物1車位0,二層,5,公寓(5樓含以下無電梯),住家用,鋼筋混凝土構造,0721121,101.12,3,1,2,有,無,有,12000,119,,0.0,0,,RPSOMLNJMHNFFCD28CC
東區,建物,臺南市東區崇德路592號1樓,271.0,住,,,1070312,土地0建物1車位0,一層,4,店面(店鋪),見其他登記事項,見其他登記事項,0930720,114.28,0,0,0,無,無,無,100000,875,,0.0,0,,RPTOMLNJMHNFFCD38CC
永康區,房地(土地+建物),臺南市永康區中華路7巷20弄8號,22.91,住,,,1070316,土地1建物1車位0,見其他登記事項,19,住宅大樓(11層含以上有電梯),見其他登記事項,見其他登記事項,1010817,282.65,4,2,3,有,有,無,42000,149,,0.0,0,,RPPNMLQJMHNFFKD98CC
永康區,房地(土地+建物),臺南市永康區中華路7巷6號,6.5,住,,,1070327,土地1建物1車位0,十二層,19,住宅大樓(11層含以上有電梯),見其他登記事項,見其他登記事項,1010817,95.42,2,2,1,有,有,有,18000,189,,0.0,0,,RPQNMLQJMHNFFKD09CC
永康區,房地(土地+建物),臺南市永康區復華六街67巷32號1+2樓,29.42,住,,,1070402,土地1建物1車位0,一層,14,住宅大樓(11層含以上有電梯),見其他登記事項,見其他登記事項,1051020,148.49,2,2,2,有,有,無,25000,168,,0.0,0,,RPRNMLTJMHNFFKD86CC
新市區,房地(土地+建物),臺南市新巿區永福街30號,74.76,住,,,1070409,土地1建物1車位0,全,4,透天厝,住商用,鋼筋混凝土構造,0820809,204.67,5,2,6,有,無,無,15000,73,,0.0,0,,RPWNMLTJMHNFFHD07CC
新營區,房地(土地+建物),臺南市新營區進修街49號三樓之6,8.13,商,,,1070410,土地1建物1車位0,三層,6,套房(1房1廳1衛),住家用,鋼筋混凝土構造,0830503,25.69,1,1,1,有,無,無,5000,195,,0.0,0,,RPQNMLKKMHNFFDD87CC
永康區,建物,臺南市永康區南工街267巷80弄18號十一樓之9,0.0,住,,,1070326,土地0建物1車位0,十一層,11,住宅大樓(11層含以上有電梯),住家用,鋼筋混凝土造,0860926,91.98,4,1,4,有,有,有,18000,196,,0.0,0,,RPSNMLKKMHNFFKD78CC
歸仁區,房地(土地+建物),臺南市歸仁區中山路一段48號B1棟3F,5938.0,,一般農業區,丁種建築用地,1070410,土地4建物1車位0,三層,4,廠辦,工業用,見其他登記事項,0971212,1857.16,0,0,0,無,無,無,161400,87,,0.0,0,,RPUNMLKKMHNFFID78CC
東區,建物,臺南市東區德東街151巷37弄12號7樓,0.0,住,,,1070312,土地0建物1車位0,七層,8,華廈(10層含以下有電梯),住家用,鋼筋混凝土構造,0840320,118.34,3,2,2,有,有,無,12000,101,,0.0,0,,RPPNMLKKMHNFFCD67CC
東區,房地(土地+建物),臺南市東區中華東路二段167號二樓之二,3.38,其他,,,1070312,土地1建物1車位0,二層,14,套房(1房1廳1衛),住家用,鋼筋混凝土構造,0970229,64.33,1,0,1,有,有,有,8000,124,,0.0,0,租金含管理費。,RPRNMLKKMHNFFCD87CC
東區,房地(土地+建物),臺南市東區中華東路二段167號三樓之2,3.17,其他,,,1070312,土地1建物1車位0,三層,14,套房(1房1廳1衛),住家用,鋼筋混凝土構造,0970229,36.5,1,0,1,有,有,有,8000,219,,0.0,0,租金含管理費。,RPSNMLKKMHNFFCD97CC
東區,房地(土地+建物),臺南市東區中華東路二段167號11樓之16,4.44,其他,,,1070313,土地1建物1車位0,十一層,14,套房(1房1廳1衛),住家用,鋼筋混凝土構造,0970229,46.86,1,1,1,有,有,有,9000,192,,0.0,0,租金含管理費,RPTNMLKKMHNFFCD08CC
南區,建物,臺南市南區興昌路59號三樓,0.0,商,,,1070328,土地0建物1車位0,三層,14,住宅大樓(11層含以上有電梯),見其他登記事項,鋼筋混凝土構造,1050314,196.84,4,2,2,有,有,有,36000,183,,0.0,0,1.合約書無填具土地租賃面積2.由所有權人提供出租資訊3.租金已包含坡道平面車位,RPVNMLKKMHNFFCD28CC
東區,建物,臺南市東區崇學路180號,120.0,住,,,1070401,土地0建物1車位0,全,7,透天厝,住家用,鋼筋混凝土構造,0851231,651.73,1,1,2,有,無,無,15500,24,,0.0,0,,RPPOMLKKMHNFFCD77CC
中西區,房地(土地+建物),臺南市中西區大智街151號,91.0,住,,,1070329,土地1建物1車位0,全,2,透天厝,住家用,磚造,0500101,101.9,4,2,3,有,無,無,22000,216,,0.0,0,,RPTNMLKKMHNFFAD87CC
北區,建物,臺南市北區大興街528巷13弄13號,0.0,住,,,1070325,土地0建物1車位0,全,4,透天厝,住家用,鋼筋混凝土構造,0850926,270.32,5,2,5,有,無,無,19000,70,,0.0,0,,RPXNMLKKMHNFFAD28CC
北區,建物,臺南市北區北門路二段577巷26號十樓之1,0.0,住,,,1070327,土地0建物1車位0,十層,10,華廈(10層含以下有電梯),見其他登記事項,鋼筋混凝土構造,0930521,160.8,3,2,2,有,有,有,16800,104,,0.0,0,,RPOOMLKKMHNFFAD47CC
北區,建物,臺南市北區開元路333巷4弄14號,0.0,住,,,1070328,土地0建物1車位0,全,2,透天厝,住家用,加強磚造,0621010,86.46,5,2,3,有,無,有,16000,185,,0.0,0,,RPPOMLKKMHNFFAD57CC
中西區,房地(土地+建物),臺南市中西區南門路66號,180.47,住,,,1070325,土地1建物1車位0,見其他登記事項,3,店面(店鋪),商業用,加強磚造,0521001,421.39,0,0,0,無,無,無,55000,131,,0.0,0,,RPUNMLLKMHNFFAD08CC
東區,建物,臺南市東區中華東路三段24巷7號,0.0,住,,,1070314,土地0建物1車位0,一層,5,公寓(5樓含以下無電梯),見其他登記事項,鋼筋混凝土構造,0700325,99.92,3,1,2,有,無,無,8500,85,,0.0,0,,RPUOMLLKMHNFFCD38CC
中西區,房地(土地+建物),臺南市中西區民權路三段400巷3號10F,24.38,住,,,1070331,土地1建物1車位0,十層,10,華廈(10層含以下有電梯),見其他登記事項,鋼筋混凝土構造,0880730,133.52,3,2,2,有,有,有,15000,112,,0.0,0,,RPRNMLLKMHNFFAD87DC
永康區,建物,臺南市永康區大橋里大橋二街172號七樓,0.0,住,,,1070312,土地0建物1車位0,七層,7,華廈(10層含以下有電梯),住家用,鋼筋混凝土造,0820421,116.87,3,1,1,有,無,有,13000,111,,0.0,0,1.合約書無填具土地租賃面積.2.由所有權人提供出租資訊3.租金已包含車位,RPOOMLLKMHNFFKD58CC
永康區,建物,臺南市永康區南台街89巷17號9樓之2,0.0,住,,,1070329,土地0建物1車位0,九層,13,住宅大樓(11層含以上有電梯),住家用,鋼筋混凝土造,0850729,168.81,4,2,2,有,有,有,14000,83,,0.0,0,,RPRNMLMKMHNFFKD88CC
歸仁區,建物,臺南市歸仁區高鐵十二路171號,0.0,住,,,1070328,土地0建物1車位0,全,4,透天厝,住商用,鋼筋混凝土構造,0960215,202.97,5,2,3,有,無,有,20000,99,,0.0,0,1.租賃契約書無填寫土地租賃面積。2.由所有權人提供租屋資訊。,RPUNMLMKMHNFFID98CC
東區,建物,臺南市東區小東路２４４號九樓之４,0.0,商,,,1070411,土地0建物1車位0,九層,25,住宅大樓(11層含以上有電梯),住家用,鋼筋混凝土構造,0840106,105.76,2,2,1,有,有,有,11000,104,,0.0,0,,RPSNMLMKMHNFFCD18CC
東區,房地(土地+建物),臺南市東區中華東路二段295巷49號5樓,22.93,住,,,1070412,土地2建物1車位0,五層,8,華廈(10層含以下有電梯),住家用,鋼筋混凝土構造,0830726,160.06,3,2,2,有,有,有,15000,94,,0.0,0,,RPPOMLMKMHNFFCD97CC
安平區,建物,臺南市安平區育平路212號13樓之10,0.0,住,,,1070320,土地0建物1車位0,十三層,17,住宅大樓(11層含以上有電梯),住家用,鋼筋混凝土造,0840729,159.73,4,2,2,有,有,有,21000,131,,0.0,0,,RPQOMLMKMHNFFAD87CC
中西區,建物,臺南市中西區友愛街195號,0.0,商,,,1070402,土地0建物1車位0,全,3,透天厝,住商用,鋼筋混凝土構造,0620417,212.66,2,1,3,有,無,無,30000,141,,0.0,0,,RPWOMLMKMHNFFAD48CC
善化區,房地(土地+建物),臺南市善化區民權路9號之2,117.04,住,,,1070408,土地1建物1車位0,全,4,透天厝,見其他登記事項,鋼筋混凝土構造,0960307,288.96,4,3,5,有,無,有,38000,132,,0.0,0,租約由5月10日開始,RPUNMLNKMHNFFHD98CC
仁德區,土地,新工段1201地號,82.81,住,,,1070408,土地2建物0車位0,,,其他,,,,0.0,5,0,0,有,無,無,18000,217,,0.0,0,,RPQNMLOKMHNFFID78CC
永康區,建物,臺南市永康區中山南路74之8號,0.0,住,,,1070328,土地0建物1車位0,三層,5,公寓(5樓含以下無電梯),住家用,鋼筋混凝土造,0710222,106.07,3,2,2,有,無,有,12000,113,,0.0,0,,RPXNMLQKMHNFFKD27CC
永康區,建物,臺南市永康區中正路236號五樓,0.0,住,,,1070317,土地0建物1車位0,五層,11,住宅大樓(11層含以上有電梯),住家用,鋼筋混凝土造,0801024,125.97999999999999,2,1,2,有,無,無,9000,71,,0.0,0,1.合約書無填具土地租賃面積.2.由所有權人提供出租資訊3.租金已包含車位,RPOOMLQKMHNFFKD09CC
東區,建物,臺南市東區中華東路二段169號三樓之21,0.0,商,,,1070411,土地0建物1車位0,三層,14,住宅大樓(11層含以上有電梯),住家用,鋼筋混凝土構造,0970229,33.87,1,1,1,有,無,有,7500,221,,0.0,0,,RPRNMLQKMHNFFCD48CC
北區,房地(土地+建物),臺南市北區公園北路156之5號,22.24,商,,,1070410,土地1建物1車位0,一層,14,店面(店鋪),見其他登記事項,見其他登記事項,0951001,83.96,0,1,2,有,無,無,25000,298,,0.0,0,,RPTNMLRKMHNFFAD58CC
安平區,房地(土地+建物),臺南市安平區建平八街72號10樓之8,15.7,商,,,1070409,土地1建物1車位0,十層,14,住宅大樓(11層含以上有電梯),見其他登記事項,鋼筋混凝土造,0880816,153.26,3,2,2,有,無,有,13100,85,,0.0,0,,RPPOMLRKMHNFFAD28CC
中西區,房地(土地+建物),臺南市中西區南門路225之5號,367.8,住,,,1070418,土地2建物1車位0,見其他登記事項,2,店面(店鋪),住商用,鋼筋混凝土構造,0770504,452.22,0,0,0,無,無,有,130000,287,,0.0,0,,RPSPMLSKMHNFFAD78CC
中西區,房地(土地+建物),臺南市中西區民生路二段132號7樓之5,17.58,商,,,1070411,土地1建物1車位0,七層,13,住宅大樓(11層含以上有電梯),見其他登記事項,見其他登記事項,1051108,114.53,2,1,1,有,有,有,28000,244,,0.0,0,,RPTPMLSKMHNFFAD88CC
東區,房地(土地+建物),臺南市東區東門路三段11巷10號,40.37,其他,,,1070417,土地1建物1車位0,二層,5,公寓(5樓含以下無電梯),住商用,鋼筋混凝土構造,0701229,168.36,3,2,2,有,無,無,13500,80,,0.0,0,,RPTNMLSKMHNFFCD88CC
永康區,建物,臺南市永康區中華路212巷19號,0.0,住,,,1070414,土地0建物1車位0,全,2,透天厝,住家用,鋼筋混凝土構造,0760209,116.99,5,2,3,有,無,有,22000,188,,0.0,0,,RPTNMLSKMHNFFKD07CC
善化區,房地(土地+建物),臺南市善化區小新營56-16,98.44,住,,,1070417,土地1建物1車位0,全,3,透天厝,住家用,鋼筋混凝土造,0820908,179.61,4,2,3,有,無,有,18000,100,,0.0,0,,RPQNMLSKMHNFFHD09CC
善化區,建物,臺南市善化區成功新村64號八樓,0.0,住,,,1070409,土地0建物1車位0,八層,8,華廈(10層含以下有電梯),住家用,鋼筋混凝土造,0830923,154.05,4,2,2,有,無,無,13000,84,,0.0,0,,RPQOMLTKMHNFFHD66CC
安南區,房地(土地+建物),臺南市安南區安南區安中路一段189巷41弄23號,88.6,住,,,1070410,土地2建物1車位0,全,3,透天厝,住家用,加強磚造,0660326,70.72,5,2,4,有,無,無,16000,226,,0.0,0,,RPWNMLTKMHNFFBD56CC
永康區,建物,臺南市永康區埔園里自強路255巷6弄35號,0.0,住,,,1070417,土地0建物1車位0,全,4,透天厝,見其他登記事項,鋼筋混凝土構造,0820104,201.82999999999998,4,2,4,有,無,無,15000,74,,0.0,0,,RPUNMLTKMHNFFKD27CC
永康區,建物,臺南市永康區甲頂里中華路912巷45號六樓之1,0.0,住,,,1070409,土地0建物1車位0,六層,7,華廈(10層含以下有電梯),住家用,鋼筋混凝土造,0830328,71.57000000000001,3,1,1,有,無,有,10800,151,,0.0,0,,RPVNMLTKMHNFFKD37CC
永康區,建物,臺南市永康區中華西街63巷48之2號,0.0,住,,,1070409,土地0建物1車位0,三層,5,公寓(5樓含以下無電梯),住家用,鋼筋混凝土造,0720122,79.66,3,1,1,有,無,有,7000,88,,0.0,0,,RPQOMLTKMHNFFKD96CC
東區,建物,臺南市東區中華東路二段133巷17弄27號三樓,0.0,住,,,1070413,土地0建物1車位0,三層,5,公寓(5樓含以下無電梯),住家用,鋼筋混凝土構造,0700304,130.46,4,2,2,有,無,有,18000,138,,0.0,0,,RPRNMLTKMHNFFCD78CC
安平區,建物,臺南市安平區安平路370號,0.0,商,,,1070403,土地0建物1車位0,一層,5,店面(店鋪),見其他登記事項,鋼筋混凝土造,0970306,185.98,0,0,2,有,無,無,60000,323,,0.0,0,,RPQOMLTKMHNFFAD58CC
北區,建物,臺南市北區實踐街103巷39弄7號,0.0,住,,,1070329,土地0建物1車位0,全,2,透天厝,住家用,鋼筋混凝土構造,0690529,110.76,6,2,2,有,無,有,17000,153,,0.0,0,,RPSOMLTKMHNFFAD78CC
北區,建物,臺南市北區開元路519號二樓之5,0.0,住,,,1070331,土地0建物1車位0,二層,24,住宅大樓(11層含以上有電梯),見其他登記事項,見其他登記事項,1041105,90.0,2,1,1,有,有,有,14275,159,,0.0,0,,RPUOMLTKMHNFFAD98CC
北區,建物,臺南市北區開元路228巷415號,0.0,住,,,1070408,土地0建物1車位0,全,2,透天厝,住家用,加強磚造,0620314,73.4,3,1,1,有,無,無,7000,95,,0.0,0,,RPVOMLTKMHNFFAD09CC
北區,建物,臺南市北區開元路485巷41弄12號八樓之9,0.0,商,,,1070415,土地0建物1車位0,八層,14,住宅大樓(11層含以上有電梯),見其他登記事項,鋼筋混凝土造,0891120,89.72,3,2,2,有,有,有,15500,173,,0.0,0,,RPWOMLTKMHNFFAD56CC
北區,建物,臺南市北區西華街81號8樓之5,0.0,商,,,1070420,土地0建物1車位0,八層,10,華廈(10層含以下有電梯),住家用,鋼筋混凝土造,0710521,96.13,2,2,2,有,無,無,10000,104,,0.0,0,,RPWNMLNLMHNFFAD58CC
北區,房地(土地+建物),臺南市北區育德二路205巷1號,74.39,住,,,1070415,土地1建物1車位0,全,3,透天厝,住家用,鋼筋混凝土構造,0990211,186.0,3,2,3,有,無,無,23000,124,,0.0,0,,RPOOMLNLMHNFFAD87CC
北區,建物,臺南市北區西門路三段１７９號,0.0,商,,,1070418,土地0建物0車位0,見其他登記事項,4,店面(店鋪),住商用,鋼筋混凝土構造,0700525,202.99,5,2,3,有,無,有,30000,148,,0.0,0,,RPOPMLNLMHNFFAD97CC
永康區,房地(土地+建物),臺南市永康區自強路417巷36-1號,81.01,住,,,1070419,土地1建物1車位0,全,2,透天厝,住家用,加強磚造,0730116,92.1,4,2,3,有,無,無,18000,195,,0.0,0,,RPQNMLNLMHNFFKD98CC
麻豆區,房地(土地+建物),臺南市麻豆區文昌路4號,76.21,其他,,,1070422,土地1建物1車位0,全,3,透天厝,住商用,加強磚造,0580601,76.88,2,2,2,有,無,無,18000,234,,0.0,0,租賃 由5月15日開始,RPTNMLNLMHNFFFD78CC
新市區,建物,臺南市新巿區華美街28號,93.47,住,,,1070417,土地0建物0車位0,全,3,透天厝,住商用,鋼筋混凝土造,0890211,50.04,9,0,9,有,無,有,3800,76,,0.0,0,僅租賃一樓後間的套房,RPPNMLOLMHNFFHD68CC
安平區,房地(土地+建物),臺南市安平區育平路52號10樓之7,13.82,住,,,1070422,土地1建物1車位0,一層,14,住宅大樓(11層含以上有電梯),見其他登記事項,見其他登記事項,1021225,54.16,3,2,1,有,無,有,23000,425,,0.0,0,,RPXNMLOLMHNFFAD78CC
東區,房地(土地+建物),臺南市東區青年路416號,355.0,住,,,1070403,土地1建物1車位0,一層,1,店面(店鋪),商業用,見其他登記事項,0730706,218.81,0,0,0,無,無,無,135000,617,,0.0,0,,RPRPMLOLMHNFFCD58CC
永康區,建物,臺南市永康區網寮里復國二路２３０巷１７弄５號,0.0,住,,,1070410,土地0建物1車位0,全,5,透天厝,見其他登記事項,鋼筋混凝土造,0821014,181.61,5,2,3,有,無,有,17000,94,,0.0,0,,RPQNMLPLMHNFFKD56CC
永康區,房地(土地+建物),臺南市永康區永大路二段177號,114.0,住,,,1070411,土地1建物1車位0,全,4,透天厝,見其他登記事項,見其他登記事項,1040529,58.14,0,0,0,無,無,無,27000,464,,0.0,0,,RPWNMLPLMHNFFKD17CC
永康區,房地(土地+建物),臺南市永康區永大路二段175號,117.0,住,,,1070411,土地1建物1車位0,全,4,透天厝,見其他登記事項,見其他登記事項,1040529,59.67,0,0,0,無,無,無,27000,452,,0.0,0,,RPXNMLPLMHNFFKD27CC
安南區,建物,臺南市安南區郡安路四段69號,0.0,住,,,1070413,土地0建物1車位0,全,3,透天厝,住商用,鋼筋混凝土造,0840525,242.25,3,1,4,有,無,無,20000,83,,0.0,0,,RPQNMLQLMHNFFBD38CC
南區,建物,臺南市南區新城街４９號,0.0,住,,,1070412,土地0建物1車位0,全,3,透天厝,住商用,鋼筋混凝土構造,0841030,276.4,1,3,5,有,無,無,25000,90,,0.0,0,分段式租金:兩年後調至2.7萬元/月,RPQNMLQLMHNFFCD48CC
南區,建物,臺南市南區大同路二段406巷23號,0.0,住,,,1070402,土地0建物1車位0,一層,4,公寓(5樓含以下無電梯),住家用,鋼筋混凝土構造,0640508,122.48,3,2,2,有,無,無,15000,122,,0.0,0,,RPXNMLQLMHNFFCD56CC
北區,建物,臺南市北區公園南路３５８號十八樓之７,0.0,住,,,1070419,土地0建物1車位0,十八層,25,住宅大樓(11層含以上有電梯),住家用,鋼筋混凝土造,0840104,144.62,3,2,2,有,有,有,18000,124,,0.0,0,,RPPOMLQLMHNFFAD28CC
東區,建物,臺南市東區光華街263號五樓之4,0.0,住,,,1070412,土地0建物1車位0,五層,5,公寓(5樓含以下無電梯),住家用,鋼筋混凝土構造,0820622,63.21,2,1,1,有,無,無,8000,127,,0.0,0,,RPVNMLRLMHNFFCD09CC
東區,房地(土地+建物),臺南市東區中華東路二段167號五樓之6,3.17,其他,,,1070331,土地1建物1車位0,五層,14,套房(1房1廳1衛),住家用,鋼筋混凝土構造,0970229,34.2,1,0,1,有,有,有,8000,234,,0.0,0,租金含管理費。,RPXNMLRLMHNFFCD66CC
永康區,建物,臺南市永康區六合里新興街6之1號七樓之1,0.0,住,,,1070412,土地0建物1車位0,七層,11,住宅大樓(11層含以上有電梯),住家用,鋼筋混凝土造,0880519,81.27000000000001,3,2,2,有,無,有,11000,135,,0.0,0,,RPRNMLRLMHNFFKD86CC
永康區,建物,臺南市永康區永大路三段618巷55弄9號,0.0,住,,,1070422,土地0建物1車位0,全,4,透天厝,住家用,見其他登記事項,1020403,198.19,3,2,5,有,無,無,23500,119,,0.0,0,,RPSNMLRLMHNFFKD96CC
永康區,土地,永興段831地號,0.0,其他,,,1070425,土地1建物0車位0,,,其他,,,,0.0,0,0,0,有,無,無,9000,0,,0.0,0,,RPTNMLRLMHNFFKD07CC
歸仁區,土地,媽祖廟段三小段1248地號,2826.0,,特定農業區,農牧用地,1070426,土地1建物0車位0,,,其他,,,,0.0,0,0,0,有,無,無,24000,8,,0.0,0,,RPRNMLRLMHNFFID66CC
佳里區,土地,育善段515-4地號,751.96,住,,,1070423,土地5建物0車位0,,,其他,,,,0.0,0,0,0,有,無,無,14130,19,,0.0,0,,RPXNMLRLMHNFFGD17DC
北區,建物,臺南市北區公園路597巷2號二樓之12,0.0,住,,,1070428,土地0建物1車位0,二層,5,公寓(5樓含以下無電梯),住家用,鋼筋混凝土造,0701027,87.13,3,2,1,有,無,有,10000,115,,0.0,0,,RPQNMLSLMHNFFAD48CC
北區,建物,臺南市北區開元路117巷8弄5之1號,0.0,住,,,1070418,土地0建物1車位0,全,2,透天厝,住家用,加強磚造,0590514,76.19,4,2,3,有,無,有,15000,197,,0.0,0,,RPOPMLKMMHNFFAD77CC
東區,建物,臺南市東區崇德路917巷16號,0.0,住,,,1070420,土地0建物1車位0,全,3,透天厝,住家用,鋼筋混凝土構造,0871214,329.71,12,1,7,有,無,無,37000,112,,0.0,0,1.合約書無填具土地租賃面積2.由所有權人提供出租資訊3.租整棟透天,RPSOMLKMMHNFFCD28CC
東區,房地(土地+建物),臺南市東區中華東路二段191號,19.05,商,,,1070401,土地1建物1車位0,見使用執照,20,住宅大樓(11層含以上有電梯),商業用,鋼筋混凝土構造,0841106,167.73,4,2,2,有,無,無,47000,280,,0.0,0,,RPUOMLKMMHNFFCD48CC
永康區,房地(土地+建物)+車位,臺南市永康區中華一路203巷12號6樓之3,8.76,商,,,1070427,土地1建物1車位0,三層,11,住宅大樓(11層含以上有電梯),住家用,鋼筋混凝土造,0871026,97.24,3,2,2,有,有,有,14000,144,坡道機械,10.28,0,,RPUNMLKMMHNFFKD56CC
永康區,建物,臺南市永康區南工街267巷46號9樓之2,0.0,住,,,1070423,土地0建物0車位0,九層,11,住宅大樓(11層含以上有電梯),住家用,鋼筋混凝土造,0860926,69.04,3,1,2,有,有,有,12000,174,,0.0,0,,RPVOMLKMMHNFFKD76CC
永康區,建物,臺南市永康區永大路二段1526巷2弄2號四樓之2,0.0,住,,,1070422,土地0建物1車位0,四層,14,住宅大樓(11層含以上有電梯),住家用,鋼筋混凝土造,0840511,68.25,1,1,1,有,有,有,10000,147,,0.0,0,,RPWOMLKMMHNFFKD86CC
新市區,房地(土地+建物),臺南市新巿區大社589之26號,74.0,,特定農業區,甲種建築用地,1070427,土地1建物1車位0,全,3,透天厝,住商用,鋼筋混凝土造,0861105,17193.25,5,1,3,有,無,有,15000,1,,0.0,0,,RPRNMLKMMHNFFHD58CC
安平區,土地,石門段1660地號,97.87,住,,,1070427,土地2建物0車位0,,,其他,,,,0.0,0,0,0,有,無,有,80000,817,,0.0,0,,RPSPMLLJNHNFFAD08CC
東區,房地(土地+建物),臺南市東區東門路二段365巷17號,1172.0,住,,,1070413,土地1建物1車位0,見其他登記事項,2,店面(店鋪),見其他登記事項,鋼筋混凝土構造,0990915,190.81,4,2,4,有,無,無,60000,314,,0.0,0,,RPSNMLMJNHNFFCD18CC
東區,房地(土地+建物)+車位,臺南市東區東光路一段17號二樓,12.11,住,,,1070406,土地1建物1車位1,二層,8,華廈(10層含以下有電梯),住家用,鋼筋混凝土構造,0811223,103.82,2,2,2,有,有,有,14000,135,坡道平面,0.0,0,車位坪數內含在公設裡面,RPXNMLMJNHNFFCD68CC
東區,房地(土地+建物),臺南市東區大同街一段175巷153弄4號,57.75,住,,,1070422,土地1建物1車位0,全,1,透天厝,住家用,見其他登記事項,0561001,43.46,2,1,1,有,無,無,5000,115,,0.0,0,,RPPOMLMJNHNFFCD97CC
東區,土地,虎尾寮段591-16地號,5654.78,商,,,1070403,土地2建物0車位0,,,其他,,,,0.0,0,0,0,有,無,有,420000,74,,0.0,0,地上有未保存建物,RPWOMLMJNHNFFCD68CC
仁德區,房地(土地+建物),臺南市仁德區二空路100號、二空路92號、二空路96號,133.78,住,,,1070313,土地3建物3車位0,一層,14,店面(店鋪),商業用,鋼筋混凝土造,0990422,293.36,0,1,1,有,有,無,111000,378,,0.0,0,,RPUNMLMJNHNFFID98CC
仁德區,建物,臺南市仁德區文賢路一段554巷10弄15號,0.0,住,,,1070415,土地0建物1車位0,全,3,透天厝,住家用,鋼筋混凝土造,0830422,149.92,4,1,3,有,無,有,12000,80,,0.0,0,1.租賃契約書無填寫土地租賃面積。2.由所有權人提供租屋資訊。,RPUNMLNJNHNFFID09CC
仁德區,建物,臺南市仁德區後壁村德善路251巷2號三樓之11,0.0,住,,,1070421,土地0建物1車位0,三層,8,華廈(10層含以下有電梯),國民住宅,鋼筋混凝土造,0891107,85.08,4,1,2,有,無,有,13000,153,,0.0,0,1.合約書無填具土地租賃面積.2.由所有權人提供出租資訊,RPVNMLNJNHNFFID56CC
新市區,房地(土地+建物),臺南市新巿區社內1之7號,548.82,住,,,1070501,土地1建物1車位0,全,5,透天厝,住家用,鋼筋混凝土造,1050711,125.94,0,0,0,無,無,無,25000,199,,0.0,0,屋主將一間店面隔成兩間，此件為其中一間建號租賃面積為大約,RPRNMLNJNHNFFHD68CC
新市區,房地(土地+建物),臺南市新巿區成功街16巷2號,80.42,住,,,1070430,土地1建物1車位0,全,2,透天厝,住家用,加強磚造,0691205,86.52,4,1,3,有,無,有,16500,191,,0.0,0,,RPSNMLNJNHNFFHD78CC
新市區,建物,臺南市新巿區紫楝路19號,11346.0,工,,,1070413,土地0建物16車位0,見其他登記事項,4,工廠,見其他登記事項,鋼骨鋼筋混凝土造,1051229,20950.81,0,0,0,無,無,無,2725172,,,0.0,0,,RPXNMLNJNHNFFHD66CC
鹽水區,房地(土地+建物),臺南市鹽水區忠孝路43巷13號,23.29,住,,,1070416,土地1建物1車位0,全,2,透天厝,住商用,加強磚造,0690909,28.45,3,2,2,有,無,有,5000,176,,0.0,0,,RPTNMLNJNHNFFDD48CC
新營區,建物,臺南市新營區民生路420巷41號3樓之3,0.0,,,,1070410,土地0建物1車位0,三層,6,華廈(10層含以下有電梯),住家用,鋼筋混凝土造,0820803,42.24,3,2,2,有,有,有,6000,142,,0.0,0,,RPUNMLNJNHNFFDD58CC
新營區,建物,臺南市新營區民治路340號,0.0,住,,,1070425,土地0建物0車位0,全,4,透天厝,住商用,鋼骨鋼筋混凝土造,0960427,12.0,5,3,6,有,無,有,7500,625,,0.0,0,,RPWNMLNJNHNFFDD78CC
安南區,建物,臺南市安南區功安一街21號,0.0,住,,,1070417,土地0建物1車位0,全,4,透天厝,住商用,鋼筋混凝土造,0870810,198.74,9,2,9,有,無,無,27000,136,,0.0,0,,RPRNMLOJNHNFFBD18CC
永康區,建物,臺南市永康區東橋七路201號八樓之6,0.0,住,,,1070427,土地0建物1車位0,八層,16,住宅大樓(11層含以上有電梯),住家用,見其他登記事項,1061114,109.93,2,1,1,有,有,有,16000,146,,0.0,0,1.合約書無填具土地租賃面積2.由所有權人提供出租資訊3.租金已包含車位,RPQNMLOJNHNFFKD98CC
東區,建物,臺南市東區衛國街112巷42之6號,0.0,住,,,1070428,土地0建物1車位0,七層,7,華廈(10層含以下有電梯),見其他登記事項,鋼筋混凝土構造,0690522,72.47,2,1,1,有,無,有,8500,117,,0.0,0,,RPSNMLOJNHNFFCD38CC
安平區,建物,臺南市安平區建平七街589號,0.0,商,,,1070417,土地0建物1車位0,見其他登記事項,1,店面(店鋪),見其他登記事項,見其他登記事項,1061020,84.13,0,0,0,無,無,無,35000,416,,0.0,0,,RPSNMLOJNHNFFAD18CC
北區,建物,臺南市北區開南街17號4樓,0.0,住,,,1070429,土地0建物1車位0,四層,5,公寓(5樓含以下無電梯),住家用,鋼筋混凝土造,0700217,66.7,2,1,1,有,無,無,6500,97,,0.0,0,,RPVNMLOJNHNFFAD48CC
安平區,建物,臺南市安平區育平路212號六樓之36,0.0,住,,,1070423,土地0建物1車位0,六層,17,住宅大樓(11層含以上有電梯),住家用,鋼筋混凝土造,0840729,48.0,1,1,1,有,有,有,11500,240,,0.0,0,,RPSOMLOJNHNFFAD28CC
中西區,房地(土地+建物),臺南市中西區新美街15號,597.8,商,,,1070416,土地5建物3車位0,全,5,透天厝,商業用,加強磚造,0580430,2472.93,77,1,77,有,無,有,380000,154,,0.0,0,,RPVOMLRJNHNFFAD88CC
安南區,房地(土地+建物),臺南市安南區郡安路四段283號1-2樓,19.53,住,,,1070420,土地1建物1車位0,一層,13,住宅大樓(11層含以上有電梯),住商用,鋼筋混凝土造,0870514,123.93,2,2,2,有,有,無,21000,169,,0.0,0,,RPPNMLRJNHNFFBD28CC
中西區,房地(土地+建物),臺南市中西區民生路二段9號,129.11,商,,,1070501,土地2建物1車位0,全,5,透天厝,住家用,鋼筋混凝土造,0810626,277.76,0,0,0,無,無,無,30000,108,,0.0,0,,RPROMLRJNHNFFAD58DC
佳里區,房地(土地+建物),臺南市佳里區博愛街81巷18號,65.0,住,,,1070505,土地3建物1車位0,全,2,透天厝,住家用,加強磚造,0661013,96.57,5,3,3,有,無,有,7500,78,,0.0,0,,RPUNMLSJNHNFFGD76CC
善化區,房地(土地+建物),臺南市善化區北子店90號,105.0,,特定農業區,甲種建築用地,1070508,土地1建物1車位0,見其他登記事項,1,其他,住家用,鐵造,,286.8,0,0,0,無,無,有,22700,79,,0.0,0,,RPRPMLSJNHNFFHD76CC
東區,建物,臺南市東區裕農路389巷3弄20之2號3樓,0.0,住,,,1070414,土地0建物1車位0,三層,5,公寓(5樓含以下無電梯),住家用,鋼筋混凝土構造,0731011,134.23000000000002,4,1,2,有,無,有,16000,119,,0.0,0,,RPRNMLSJNHNFFCD68CC
東區,建物,臺南市東區富農街二段79巷5之4號5樓,0.0,住,,,1070423,土地0建物1車位0,五層,5,公寓(5樓含以下無電梯),住家用,鋼筋混凝土構造,0681214,60.08,3,0,3,有,無,有,13500,225,,0.0,0,,RPVNMLSJNHNFFCD09CC
東區,建物,臺南市東區東興路169巷3號1樓,0.0,住,,,1070421,土地0建物1車位0,一層,5,公寓(5樓含以下無電梯),住家用,鋼筋混凝土構造,0740612,85.78999999999999,3,1,1,有,無,有,12600,147,,0.0,0,,RPXNMLSJNHNFFCD66CC
南區,房地(土地+建物),臺南市南區中華南路一段92號2樓,440.0,住,,,1070503,土地3建物1車位0,一層,5,辦公商業大樓,見其他登記事項,鋼筋混凝土構造,1060109,223.88,0,1,2,有,無,無,28000,125,,0.0,0,,RPPOMLTJNHNFFCD68CC
東區,建物,臺南市東區中華東路三段380巷69號七樓之2,0.0,,,,1070412,土地0建物1車位0,七層,7,華廈(10層含以下有電梯),住家用,鋼筋混凝土構造,0830120,119.06,3,2,2,有,有,有,15000,126,坡道機械,0.0,0,,RPWOMLTJNHNFFCD76CC
東區,建物,臺南市東區中華東路二段167號八樓之11,0.0,,,,1070413,土地0建物1車位0,八層,14,住宅大樓(11層含以上有電梯),住家用,鋼筋混凝土構造,0970229,39.97,1,1,1,有,有,有,8000,200,,0.0,0,,RPSPMLTJNHNFFCD09CC
南區,建物,臺南市南區中華南路二段177巷30號,0.0,,,,1070413,土地0建物1車位0,全,2,透天厝,住家用,加強磚造,0780215,175.32,4,2,2,有,無,有,17000,97,,0.0,0,,RPXPMLTJNHNFFCD96CC
東區,建物,臺南市東區長榮路二段24巷48弄4號五樓,0.0,,,,1070413,土地0建物1車位0,五層,5,公寓(5樓含以下無電梯),住家用,鋼筋混凝土構造,0760429,85.69,2,1,1,有,無,有,10000,117,,0.0,0,,RPOQMLTJNHNFFCD78CC
中西區,房地(土地+建物),臺南市中西區中山路58號,101.19,商,,,1070410,土地1建物1車位0,全,3,透天厝,住商用,磚造,0470101,427.83,2,0,0,無,無,有,30000,70,,0.0,0,,RPUNMLTJNHNFFAD88CC
中西區,房地(土地+建物),臺南市中西區成功 路225號,156.03,商,,,1070416,土地1建物1車位0,一層,3,店面(店鋪),住商用,加強磚造,0580103,150.0,0,1,1,有,無,無,65000,433,,0.0,0,,RPVOMLTJNHNFFAD09CC
中西區,建物,臺南市中西區民族路二段107號八樓之2,0.0,,,,1070412,土地0建物1車位0,八層,13,住宅大樓(11層含以上有電梯),住家用,鋼筋混凝土造,0831019,143.20999999999998,3,2,2,有,有,有,15500,108,坡道平面,0.0,0,,RPQPMLTJNHNFFAD68CC
永康區,房地(土地+建物),臺南市永康區中山南路195巷32之7號七樓之7,1811.0,住,,,1070507,土地1建物1車位0,七層,11,住宅大樓(11層含以上有電梯),住家用,鋼筋混凝土造,0880317,4100.53,3,2,1,有,無,有,10500,3,,0.0,0,,RPQNMLTJNHNFFKD86CC
永康區,建物,臺南市永康區四維街25號1樓,40.57,住,,,1070428,土地0建物1車位0,一層,5,店面(店鋪),住商用,鋼筋混凝土造,0820208,40.57,0,1,1,有,無,無,18000,444,,0.0,0,,RPWNMLTJNHNFFKD47CC
永康區,建物,臺南市永康區中華路988號五樓之2,0.0,住,,,1070412,土地0建物1車位0,五層,20,住宅大樓(11層含以上有電梯),住家用,鋼筋混凝土造,0860529,133.91,3,2,2,有,無,有,15000,112,,0.0,0,1.合約書無填具土地租賃面積.2.由所有權人提供出租資訊3.租金已包含車位,RPSNMLKKNHNFFKD88CC
善化區,房地(土地+建物),臺南市善化區中華路89號2樓之2,22.6,住,,,1070510,土地1建物1車位0,二層,5,公寓(5樓含以下無電梯),見其他登記事項,鋼筋混凝土造,1041120,46.32,1,1,1,有,有,有,6500,140,,0.0,0,,RPSNMLKKNHNFFHD58CC
新營區,房地(土地+建物),臺南市新營區東仁街82巷34號,18.15,住,,,1070507,土地1建物1車位0,全,4,透天厝,住家用,鋼筋混凝土構造,0831130,47.46,4,3,3,有,無,有,8000,169,,0.0,0,,RPUNMLKKNHNFFDD38CC
北區,房地(土地+建物),臺南市北區文賢路242巷64號,94.05,住,,,1070422,土地1建物1車位0,全,4,透天厝,住商用,鋼筋混凝土造,0700629,341.23,4,2,3,有,無,無,20000,59,,0.0,0,,RPSNMLKKNHNFFAD87CC
