﻿編號,土地位置,土地移轉面積(平方公尺),使用分區或編定,權利人持分分母,權利人持分分子,移轉情形,地號
The serial number, land position,land shifting area square meter,the use zoning or compiles and checks,,,,land parcel
RPQOMLMKKHNFFBE87CC,意誠段,.00,都市：商,,,,01990000
RPQOMLMKKHNFFAE77CC,青海段,6.09,都市：商,,,,02090001
RPROMLMKKHNFFBE97CC,意誠段,.00,都市：商,,,,01990000
RPXNMLMKKHNFFBE48CC,意誠段,1.16,都市：商,,,,07630000
RPXNMLMKKHNFFBE48CC,意誠段,.28,都市：商,,,,07630001
RPPQMLMKKHNFFBE97CC,新興段二小段,94.00,都市：商,,,,13430000
RPVPMLMKKHNFFBE48CC,正德段,5.37,都市：住,,,,06660002
RPVPMLMKKHNFFBE48CC,正德段,6.50,都市：住,,,,06660003
RPWOMLMKKHNFFDE68CC,鼎泰段,16.17,都市：住,,,,14740082
RPPOMLMKKHNFFDE97CC,鼎泰段,.00,都市：住,,,,14570000
RPSOMLMKKHNFFBE08CC,林德官段一小段,2.06,都市：住,,,,32220000
RPROMLMKKHNFFDE18CC,鼎泰段,.00,都市：住,,,,13900000
RPRPMLMKKHNFFGE58CC,二甲段,91.16,都市：住,,,,00470012
RPXQMLMKKHNFFEE09CC,加昌段,19.13,都市：其他:,,,,13290000
RPUNMLMKKHNFFGE68CC,道爺?段,85.00,都市：住,,,,01510206
RPPRMLMKKHNFFEE38CC,福民段,6.17,都市：住,,,,02510000
RPSNMLMKKHNFFIE68CC,仁春段,106.00,都市：住,,,,00060026
RPSNMLMKKHNFFIE68CC,仁春段,66.00,都市：住,,,,00060025
RPUOMLMKKHNFFDE58DC,大港段四小段,5.08,都市：住,,,,21140008
RPOPMLMKKHNFFGE28CC,文英段,45.16,都市：住,,,,21310000
RPQOMLMKKHNFFGE38CC,華鳳段,21.58,都市：住,,,,00800000
RPXPMLMKKHNFFDE88CC,灣復段,12.09,都市：商,,,,06660002
RPTOMLMKKHNFFDE48DC,大順段,9.75,都市：住,,,,08720000
RPXNMLMKKHNFFIE66DC,新後港西段,92.33,都市：住,,,,00690006
RPROMLMKKHNFFIE78DC,新後港西段,88.11,都市：住,,,,00690027
RPPOMLMKKHNFFIE58DC,新後港西段,92.33,都市：住,,,,00690006
RPSOMLMKKHNFFIE88DC,新後港西段,88.11,都市：住,,,,00690027
RPOOMLNKKHNFFEE18DC,和平段三小段,13.03,都市：住,,,,00510000
RPOPMLNKKHNFFGE38CC,華鳳段,21.58,都市：住,,,,00800000
RPROMLNKKHNFFDE28CC,大港段四小段,.00,都市：商,,,,33780000
RPROMLNKKHNFFCE18CC,愛群段,.00,都市：商,,,,10810000
RPRNMLNKKHNFFCE08CC,憲德段一小段,.00,都市：商,,,,08260000
RPRNMLNKKHNFFCE08CC,憲德段一小段,.00,都市：商,,,,08260001
RPXOMLNKKHNFFCE78CC,愛群段,19.19,都市：商,,,,13840000
RPRNMLNKKHNFFBE97CC,林德官段二小段,.00,都市：住,,,,34080000
RPXNMLNKKHNFFBE58CC,新興段二小段,11.09,都市：商,,,,17510000
RPSNMLNKKHNFFBE08CC,林德官段二小段,.00,都市：住,,,,34080000
RPSOMLNKKHNFFBE18CC,正明段,162.63,都市：商,,,,00010000
RPSOMLNKKHNFFBE18CC,正明段,14.91,都市：商,,,,00190000
RPQOMLNKKHNFFAE87CC,龍中段,12.38,都市：商,,,,00360000
RPUNMLNKKHNFFBE28CC,過田子段,71.00,都市：商,,,,09130021
RPPOMLNKKHNFFBE87CC,林德官段,.00,都市：商,,,,11880000
RPTNMLNKKHNFFBE18CC,新興段三小段,92.00,都市：商,,,,12260000
RPWNMLOKKHNFFAE48CC,龍華段四小段,.00,都市：住,,,,09130001
RPSNMLOKKHNFFBE18CC,成功段,15.00,都市：商,,,,09050000
RPSNMLOKKHNFFBE18CC,成功段,58.00,都市：商,,,,09480000
RPRNMLOKKHNFFDE28CC,大港段二小段,150.00,都市：住,,,,14910004
RPQOMLOKKHNFFDE28CC,獅頭段一小段,.00,都市：商,,,,16940000
RPVNMLOKKHNFFBE58DC,大統段二小段,49.87,都市：商,,,,08850000
RPOPMLOKKHNFFCE08CC,瑞崗段五小段,55.00,都市：住,,,,09730000
RPPNMLKLKHNFFBE57CC,新興段四小段,35.69,都市：商,,,,06820000
RPSOMLOKKHNFFEE58CC,清豐段,84.00,都市：住,,,,01940107
RPPPMLOKKHNFFEE38CC,新光段,90.91,都市：住,,,,03470000
RPOPMLOKKHNFFEE28CC,新庄段一小段,.00,都市：住,,,,07550000
RPUNMLOKKHNFFGE88CC,五甲段,112.00,都市：住,,,,10830028
RPPOMLLLKHNFFBE77CC,意誠段,4.54,都市：商,,,,01990000
RPWNMLLLKHNFFBE38CC,新興段二小段,51.00,都市：商,,,,18880000
RPPOMLLLKHNFFAE67CC,北金段,6.46,都市：商,,,,02550000
RPTNMLLLKHNFFAE97CC,龍中段,92.91,都市：住,,,,02310003
RPVNMLLLKHNFFAE18CC,龍華段一小段,11.29,都市：住,,,,07810000
RPQNMLLLKHNFFJE58CC,民生段,3.31,都市：住,,,,04420000
RPVPMLLLKHNFFCE58CC,光華段一小段,.00,非都市： ; 非都市編定：,,,,19070006
RPTOMLMLKHNFFCE38CC,鳳宮段,22.00,都市：住,,,,05520000
RPXNMLLLKHNFFGE98CC,五甲段,52.60,都市：住,,,,10130002
RPTOMLMLKHNFFCE38CC,鳳宮段,98.00,都市：住,,,,05530000
RPSNMLLLKHNFFDE18CC,大港段二小段,65.00,都市：住,,,,11030000
RPSNMLLLKHNFFDE18CC,大港段二小段,16.00,都市：其他:,,,,11030006
RPUOMLMLKHNFFDE58CC,獅頭段一小段,2.77,都市：商,,,,16850000
RPXNMLNLKHNFFDE88CC,河濱段,78.00,都市：商,,,,00210000
RPWNMLMLKHNFFDE68CC,大豐段二小段,5.66,都市：住,,,,05360000
RPRNMLMLKHNFFBE97CC,林德官段一小段,29.72,都市：住,,,,28770000
RPSNMLMLKHNFFBE08CC,林德官段,21.08,都市：商,,,,15030005
RPTNMLNLKHNFFEE58CC,藍田中段,18.92,都市：住,,,,03340000
RPQNMLNLKHNFFBE97CC,五塊厝段,37.00,都市：商,,,,18930000
RPXNMLNLKHNFFBE68CC,新興段一小段,22.59,都市：商,,,,21050000
RPROMLNLKHNFFDE38CC,大港段,580.00,都市：商,,,,34610001
RPROMLNLKHNFFDE38CC,大港段,516.00,都市：商,,,,34610002
RPROMLNLKHNFFDE38CC,大港段,138.00,都市：住,,,,34610007
RPROMLNLKHNFFDE38CC,大港段,126.00,都市：住,,,,34610008
RPWOMLNLKHNFFEE98CC,藍昌段三小段,17.99,都市：商,,,,02910000
RPWOMLNLKHNFFEE98CC,藍昌段三小段,303.86,都市：商,,,,02910000
RPWOMLNLKHNFFEE98CC,藍昌段三小段,52.71,都市：商,,,,02910000
RPWOMLNLKHNFFEE98CC,藍昌段三小段,125.96,都市：商,,,,02910000
RPWOMLNLKHNFFEE98CC,藍昌段三小段,51.70,都市：商,,,,02910000
RPWOMLNLKHNFFEE98CC,藍昌段三小段,23.33,都市：商,,,,02910000
RPWOMLNLKHNFFEE98CC,藍昌段三小段,15.35,都市：商,,,,02910000
RPWOMLNLKHNFFEE98CC,藍昌段三小段,17.07,都市：商,,,,02910000
RPVOMLNLKHNFFGE09CC,新甲段,18.48,都市：住,,,,10360000
RPUOMLQLKHNFFEE09CC,加昌段,18.90,都市：住,,,,11700000
RPRNMLNLKHNFFIE78CC,興農段,17.53,都市：住,,,,05970001
RPUPMLQLKHNFFEE56CC,新福段十小段,20.35,都市：住,,,,01520000
RPWOMLNLKHNFFGE66DC,埤頂段,322.00,都市：商,,,,14470010
RPSOMLQLKHNFFBE58CC,成功段,9.29,都市：商,,,,02960000
RPWPMLQLKHNFFEE76CC,和平段三小段,22.42,都市：商,,,,00510000
RPSOMLQLKHNFFGE09CC,鳳山段草店尾小段,69.00,都市：商,,,,02640000
RPSOMLQLKHNFFGE09CC,鳳山段草店尾小段,7.00,都市：其他:,,,,02640003
RPSOMLQLKHNFFGE09CC,鳳山段草店尾小段,6.00,都市：商,,,,02640004
RPSOMLQLKHNFFGE09CC,鳳山段草店尾小段,6.00,都市：商,,,,02640005
RPSOMLQLKHNFFGE09CC,鳳山段草店尾小段,137.00,都市：其他:,,,,02660000
RPOPMLQLKHNFFBE28CC,新興段二小段,206.00,都市：商,,,,09420000
RPOOMLQLKHNFFDE38CC,獅頭段,9.17,都市：住,,,,27390000
RPPOMLQLKHNFFCE38CC,愛群段,2.15,都市：商,,,,29490000
RPWNMLQLKHNFFAE78CC,龍華段八小段,16.16,都市：商,,,,22160000
RPUOMLQLKHNFFAE68CC,龍華段八小段,8.09,都市：商,,,,22560000
RPOOMLQLKHNFFAE08CC,前金段,.00,非都市： ; 非都市編定：,,,,01080005
RPVNMLQLKHNFFAE68CC,龍中段,12.62,都市：商,,,,00360000
RPSPMLQLKHNFFAE58CC,前金段,7.03,都市：商,,,,00470000
RPTPMLQLKHNFFAE68CC,龍水段一小段,34.33,都市：住,,,,11790000
RPOOMLRLKHNFFAE18CC,文東段,23.12,都市：商,,,,06040000
RPPOMLQLKHNFFAE18CC,青海段,24.83,都市：住,,,,06800000
RPXOMLQLKHNFFAE98CC,青海段,28.90,都市：商,,,,01630000
RPWOMLRLKHNFFDE66CC,三塊厝段,.00,都市：住,,,,12790005
RPWOMLRLKHNFFDE66CC,三塊厝段,.00,都市：住,,,,12790001
RPTOMLQLKHNFFAE58CC,龍北段,28.67,都市：住,,,,00070000
RPPQMLRLKHNFFGE09CC,赤山段,1.69,都市：住,,,,03580002
RPTNMLSLKHNFFFE56CC,仕隆段,83.65,都市：住,,,,15020000
RPXOMLRLKHNFFDE76CC,大港段,.00,都市：住,,,,34650000
RPTNMLLJLHNFFFE38CC,瓊安段,331.44,都市：工,,,,08580015
RPQOMLRLKHNFFDE68CC,三塊厝段三小段,27.73,都市：住,,,,37140000
RPSPMLRLKHNFFEE09CC,高昌段,25.34,都市：住,,,,00620000
RPTOMLRLKHNFFEE09CC,藍田西段,8.96,都市：住,,,,01140000
RPVNMLLJLHNFFFE58CC,新莊段,86.70,非都市：鄉村區 ; 非都市編定：乙種建築用地,,,,10310000
RPWNMLRLKHNFFFE76CC,大德段,87.82,都市：住,,,,01400002
RPWNMLRLKHNFFFE76CC,大德段,420.26,都市：住,,,,01400000
RPUOMLRLKHNFFEE56CC,加昌段二小段,7.21,都市：住,,,,19400000
RPSNMLLJLHNFFJE68CC,工專段,79.75,都市：住,,,,06530000
RPQNMLLJLHNFFEE97CC,新庄段十三小段,.00,都市：商,,,,15110000
RPPOMLLJLHNFFEE97CC,藍田中段,.00,都市：住,,,,01900000
RPPNMLMJLHNFFCE77CC,龍鳳段,54.00,都市：住,,,,05100043
RPWNMLMJLHNFFCE48CC,宏明段,17.15,都市：住,,,,01700000
RPTNMLLJLHNFFIE68CC,仁雄段,432.51,都市：住,,,,05920000
RPRNMLMJLHNFFDE08CC,灣愛段,64.69,都市：住,,,,04860000
RPXNMLMJLHNFFDE68CC,三塊厝段,21.80,都市：商,,,,10970001
RPWOMLLJLHNFFLE76CC,琉球段,101.56,都市：住,,,,12960000
RPWOMLLJLHNFFLE76CC,琉球段,474.66,都市：住,,,,12960004
RPSOMLLJLHNFFDE18CC,灣內段,365.12,都市：工,,,,02940000
RPSNMLLJLHNFFCE97CC,憲德段一小段,.00,都市：商,,,,08260000
RPVOMLMJLHNFFDE58CC,大港段,26.65,都市：住,,,,35900000
RPQOMLMJLHNFFAE77CC,龍華段二小段,.00,都市：住,,,,01960008
RPQOMLLJLHNFFCE87CC,山明段,77.00,都市：住,,,,00060070
RPUOMLMJLHNFFAE18CC,龍中段,2029.26,都市：商,,,,00600000
RPOOMLMJLHNFFCE77CC,港和段三小段,96.45,都市：住,,,,09370004
RPXOMLMJLHNFFBE58CC,苓洲段,59.00,都市：商,,,,01560000
RPUOMLMJLHNFFBE28CC,意誠段,.00,都市：商,,,,01990000
RPQNMLMJLHNFFLE78CC,山子頂段,357.02,都市：農,,,,22180000
RPVOMLMJLHNFFBE38CC,意誠段,.00,都市：商,,,,01990000
RPTNMLMJLHNFFIE78CC,澄清段,342.00,都市：住,,,,00190005
RPROMLMJLHNFFAE87CC,龍華段九小段,35.68,都市：住,,,,09620000
RPQNMLNJLHNFFDE08CC,大港段四小段,.00,都市：住,,,,21170000
RPQNMLPJLHNFFEE38CC,新夏段,.00,都市：住,,,,00120000
RPQNMLNJLHNFFBE87CC,新興段二小段,8.69,都市：商,,,,17670000
RPPNMLMJLHNFFIE38CC,保甲段,122.00,都市：住,,,,05210000
RPXNMLPJLHNFFEE09CC,楠梓段五小段,.00,都市：住,,,,11860000
RPSNMLMJLHNFFJE78CC,大同段,78.69,都市：住,,,,00680000
RPOOMLPJLHNFFEE28CC,新庄段一小段,7.70,都市：住,,,,07550000
RPTNMLMJLHNFFFE48CC,灣裡西段,358.00,都市：工,,,,02680000
RPTNMLMJLHNFFFE48CC,灣裡西段,352.00,都市：工,,,,02690000
RPVNMLPJLHNFFDE78CC,大港段二小段,.00,都市：住,,,,14450007
RPQNMLNJLHNFFEE18CC,翠屏段四小段,47.60,都市：住,,,,00040000
RPPOMLPJLHNFFCE18CC,仁愛段,256.00,都市：工,,,,07920009
RPVNMLPJLHNFFCE68CC,愛群段,.00,都市：商,,,,17390000
RPOOMLPJLHNFFGE48CC,文英段,.00,都市：住,,,,16780000
RPVNMLPJLHNFFBE58CC,意誠段,.00,都市：商,,,,01580001
RPTOMLPJLHNFFCE58CC,獅甲段,18.63,都市：商,,,,00290000
RPPPMLPJLHNFFGE68CC,文山段,17.21,都市：住,,,,00480000
RPQOMLPJLHNFFBE18CC,大統段二小段,.00,都市：商,,,,07370000
RPVOMLPJLHNFFAE58CC,龍華段三小段,16.00,都市：其他:,,,,07000000
RPPOMLQJLHNFFLE66DC,林子邊段,106.33,都市：住,,,,18200005
RPROMLQJLHNFFGE88CC,文山段,14.71,都市：住,,,,08970000
RPTNMLQJLHNFFGE98CC,埤頂段,34.72,都市：住,,,,12430036
RPXNMLQJLHNFFAE78CC,興福段,11.47,都市：商,,,,05660000
RPTNMLPJLHNFFEE78DC,楠都段四小段,18.45,都市：住,,,,01830000
RPPOMLQJLHNFFGE68CC,新甲段,51.69,都市：住,,,,10510008
RPQOMLQJLHNFFAE18CC,龍中段,8.00,都市：商,,,,01040000
RPRNMLQJLHNFFAE18CC,民生段,170.00,都市：商,,,,08160000
RPOOMLQJLHNFFIE78CC,仁雄段,458.40,都市：住,,,,05670001
RPWOMLQJLHNFFAE78CC,文東段,48.10,都市：商,,,,15210000
RPTOMLQJLHNFFAE48CC,青海段,21.94,都市：商,,,,01660000
RPUOMLQJLHNFFAE58CC,前金段,2.53,都市：商,,,,00630000
RPUOMLQJLHNFFAE58CC,前金段,3.44,都市：商,,,,01080005
RPQOMLQJLHNFFBE28CC,苓洲段,5.36,都市：商,,,,05420000
RPWOMLQJLHNFFCE98CC,獅甲段一小段,33.13,都市：住,,,,05310000
RPPNMLQJLHNFFBE08CC,新興段四小段,.00,都市：商,,,,16770000
RPPNMLQJLHNFFBE08CC,新興段四小段,.00,都市：商,,,,16780000
RPXNMLQJLHNFFCE98CC,瑞崗段一小段,78.00,都市：商,,,,00850000
RPXNMLQJLHNFFCE98CC,瑞崗段一小段,23.00,都市：商,,,,00830000
RPOOMLQJLHNFFBE08CC,新興段二小段,6.49,都市：商,,,,12760000
RPPOMLQJLHNFFDE38CC,灣復段,11.03,都市：商,,,,05280000
RPXOMLQJLHNFFAE88CC,青海段,21.36,都市：其他:空白,,,,06430000
RPPOMLQJLHNFFBE18CC,大統段一小段,.00,都市：商,,,,00060000
RPQOMLQJLHNFFDE48CC,寶國段,69.44,都市：住,,,,05450000
RPOPMLQJLHNFFEE48CC,新庄段十四小段,148.82,都市：住,,,,15420003
RPRPMLQJLHNFFEE78CC,新民段,30.48,都市：住,,,,02690000
RPSOMLQJLHNFFDE68CC,三塊厝段一小段,2.99,都市：商,,,,10850001
RPRNMLQJLHNFFCE38CC,鎮東段,52.00,都市：住,,,,01520000
RPUNMLRJLHNFFEE98CC,藍昌段三小段,17.99,都市：商,,,,02910000
RPUNMLRJLHNFFEE98CC,藍昌段三小段,303.86,都市：商,,,,02910000
RPUNMLRJLHNFFEE98CC,藍昌段三小段,52.71,都市：商,,,,02910000
RPUNMLRJLHNFFEE98CC,藍昌段三小段,125.96,都市：商,,,,02910000
RPUNMLRJLHNFFEE98CC,藍昌段三小段,51.70,都市：商,,,,02910000
RPUNMLRJLHNFFEE98CC,藍昌段三小段,23.33,都市：商,,,,02910000
RPUNMLRJLHNFFEE98CC,藍昌段三小段,15.35,都市：商,,,,02910000
RPUNMLRJLHNFFEE98CC,藍昌段三小段,17.07,都市：商,,,,02910000
RPTNMLRJLHNFFDE78CC,鼎泰段,16.02,都市：住,,,,14570000
RPSPMLQJLHNFFEE88CC,新民段,287.05,都市：住,,,,02690000
RPVOMLQJLHNFFEE09CC,新庄段八小段,27.14,都市：住,,,,01370000
RPQQMLQJLHNFFEE78CC,藍田西段,20.70,都市：其他:,,,,01090000
RPTPMLQJLHNFFEE98CC,新庄段十二小段,12.51,都市：住,,,,12290000
RPQOMLRJLHNFFGE88CC,竹子腳段,64.00,都市：住,,,,01470016
RPQOMLRJLHNFFGE88CC,竹子腳段,64.00,都市：住,,,,01470015
RPTNMLSJLHNFFAE58CC,龍華段一小段,.00,都市：住,,,,05200000
RPWNMLRJLHNFFCE98CC,盛興段,18.79,都市：住,,,,15500000
RPUOMLSJLHNFFBE88CC,意誠段,5.59,都市：商,,,,01990000
RPPNMLRJLHNFFAE08CC,青海段,7.40,都市：商,,,,01510000
RPSNMLRJLHNFFIE56CC,大安段,187.00,都市：其他:,,,,09900002
RPRNMLTJLHNFFBE58CC,福河段,.00,都市：商,,,,00770001
RPUNMLSJLHNFFFE56CC,大全段,1122.00,都市：工,,,,01600002
RPWNMLRJLHNFFGE76CC,五甲段,100.00,都市：住,,,,15860020
RPWNMLRJLHNFFGE76CC,五甲段,38.00,都市：住,,,,15860045
RPWNMLRJLHNFFGE76CC,五甲段,20.00,都市：住,,,,15860046
RPVNMLTJLHNFFBE98CC,意誠段,.00,都市：商,,,,01990000
RPSNMLSJLHNFFAE48CC,文東段,.00,都市：商,,,,15090000
RPSNMLSJLHNFFAE48CC,文東段,.00,都市：商,,,,15100000
RPUNMLTJLHNFFBE88CC,福河段,.00,都市：商,,,,00770001
RPSOMLTJLHNFFAE68CC,龍華段八小段,.00,都市：商,,,,21920000
RPWNMLTJLHNFFBE09CC,意誠段,.00,都市：商,,,,01990000
RPXNMLTJLHNFFBE56CC,過田子段,.00,都市：商,,,,06010000
RPOOMLTJLHNFFBE38CC,苓洲段,6.60,都市：商,,,,02630000
RPROMLTJLHNFFBE68CC,成功段,12.49,都市：商,,,,07030000
RPVOMLTJLHNFFAE98CC,鼓南段三小段,.00,都市：商,,,,14450002
RPTOMLTJLHNFFBE88CC,五塊厝段,5.90,都市：住,,,,19950000
RPTOMLTJLHNFFBE88CC,五塊厝段,12.20,都市：商,,,,19950001
RPSOMLTJLHNFFBE78CC,意誠段,11.65,都市：商,,,,01850000
RPWOMLTJLHNFFAE09CC,鼓南段三小段,.00,都市：商,,,,14450002
RPVNMLTJLHNFFAE88CC,青海段,.00,都市：住,,,,03600000
RPXOMLTJLHNFFAE56CC,龍華段八小段,15.37,都市：商,,,,22590000
RPUOMLTJLHNFFEE66CC,新庄段十三小段,.00,都市：商,,,,15310000
RPUOMLTJLHNFFEE66CC,新庄段十三小段,.00,都市：商,,,,15330000
RPOOMLTJLHNFFDE58CC,陽明段四小段,19.13,都市：住,,,,00690005
RPOPMLTJLHNFFEE78CC,福民段,77.41,都市：住,,,,01180001
RPXNMLTJLHNFFCE66CC,愛群段,10.91,都市：商,,,,06460000
RPVNMLTJLHNFFCE09CC,港和段二小段,56.12,都市：住,,,,00530000
RPSOMLTJLHNFFDE98CC,大港段七小段,60.00,都市：商,,,,04630058
RPUNMLTJLHNFFDE09CC,陽明段四小段,44.87,都市：住,,,,00690005
RPUNMLTJLHNFFEE56CC,新庄段十三小段,.00,都市：商,,,,14290000
RPPPMLTJLHNFFEE88CC,和平段一小段,49.00,都市：住,,,,04590013
RPPPMLTJLHNFFEE88CC,和平段一小段,10.95,都市：住,,,,04590019
RPQNMLKKLHNFFDE87CC,金獅段,1246.51,都市：住,,,,00150000
RPTNMLKKLHNFFAE87CC,青海段,16.80,都市：住,,,,04300000
RPRNMLMKLHNFFBE97CC,林德官段,70.00,都市：商,,,,11450000
RPRNMLKKLHNFFDE97CC,灣中段,11.18,都市：商,,,,01210000
RPVNMLMKLHNFFBE38CC,新興段二小段,94.00,都市：商,,,,13430000
RPRNMLTJLHNFFFE98CC,鳳雄段,410.00,都市：農,,,,05580000
RPOOMLMKLHNFFBE77CC,五塊厝段,33.69,都市：住,,,,18330000
RPQOMLMKLHNFFBE97CC,林德官段一小段,134.00,都市：商,,,,25160003
RPSOMLTJLHNFFGE66CC,新甲段,92.66,都市：其他:,,,,11190002
RPSNMLKKLHNFFGE38CC,文英段,12.12,都市：住,,,,21420003
RPSNMLKKLHNFFAE77CC,青海段,31.69,都市：住,,,,06590000
RPROMLNKLHNFFAE08CC,龍華段八小段,33.50,都市：商,,,,22850000
RPWNMLNKLHNFFEE88CC,德昌段,28.39,都市：住,,,,01550000
RPVNMLNKLHNFFBE48CC,林德官段,63.00,都市：商,,,,12740001
RPSOMLNKLHNFFDE48CC,灣愛段,.00,都市：住,,,,04700000
RPRNMLNKLHNFFDE28CC,三塊厝段,62.35,都市：商,,,,13000005
RPUNMLNKLHNFFEE68CC,左北段,22.42,都市：住,,,,05110000
RPUOMLNKLHNFFEE78CC,新庄段十三小段,5.88,都市：商,,,,14360000
RPWNMLNKLHNFFDE78CC,大港段二小段,150.00,都市：住,,,,14910004
RPRNMLNKLHNFFGE58CC,文英段,.00,都市：住,,,,21500002
RPVOMLNKLHNFFDE78CC,三塊厝段四小段,108.11,都市：住,,,,24960000
RPPOMLOKLHNFFGE58CC,五甲段,.00,非都市： ; 非都市編定：,,,,02960000
RPVNMLOKLHNFFEE88CC,藍昌段三小段,17.99,都市：商,,,,02910000
RPVNMLOKLHNFFEE88CC,藍昌段三小段,303.86,都市：商,,,,02910000
RPVNMLOKLHNFFEE88CC,藍昌段三小段,52.71,都市：商,,,,02910000
RPVNMLOKLHNFFEE88CC,藍昌段三小段,125.96,都市：商,,,,02910000
RPVNMLOKLHNFFEE88CC,藍昌段三小段,51.70,都市：商,,,,02910000
RPVNMLOKLHNFFEE88CC,藍昌段三小段,23.33,都市：商,,,,02910000
RPVNMLOKLHNFFEE88CC,藍昌段三小段,15.35,都市：商,,,,02910000
RPVNMLOKLHNFFEE88CC,藍昌段三小段,17.07,都市：商,,,,02910000
RPPPMLOKLHNFFDE38CC,鼎祥段,11.13,都市：住,,,,00230000
RPQNMLNKLHNFFIE68CC,金鼎段,135.33,都市：住,,,,06870005
RPQPMLOKLHNFFDE48CC,鼎泰段一小段,13.67,都市：住,,,,02920000
RPWNMLOKLHNFFEE98CC,新庄段十三小段,7.00,都市：商,,,,15090000
RPWNMLOKLHNFFEE98CC,新庄段十三小段,6.56,都市：商,,,,15090000
RPSNMLOKLHNFFGE78CC,新庄子段,.00,都市：住,,,,02430000
RPUOMLOKLHNFFDE78CC,大港段,.00,都市：住,,,,34290012
RPVOMLOKLHNFFDE88CC,建工段,.00,都市：住,,,,01510000
RPVOMLOKLHNFFDE88CC,建工段,.00,都市：住,,,,01520000
RPRNMLOKLHNFFCE28CC,光華段一小段,.00,都市：住,,,,16450015
RPSNMLOKLHNFFCE38CC,憲德段二小段,.00,都市：商,,,,00200000
RPXPMLOKLHNFFDE56CC,灣和段,.00,都市：住,,,,00610000
RPPOMLOKLHNFFCE18CC,獅甲段二小段,23.91,都市：其他:,,,,05890000
RPSOMLOKLHNFFCE48CC,光華段一小段,.00,都市：商,,,,19210000
RPUNMLOKLHNFFAE38CC,北金段,.00,非都市： ; 非都市編定：,,,,02550000
RPTNMLOKLHNFFAE28CC,龍中段,.00,非都市： ; 非都市編定：,,,,00150000
RPVNMLOKLHNFFAE48CC,青海段,14.53,都市：住,,,,06590000
RPWNMLOKLHNFFAE58CC,青海段,14.53,都市：住,,,,06590000
RPXNMLOKLHNFFAE68CC,龍中段,20.45,都市：商,,,,00740000
RPPOMLOKLHNFFAE97CC,龍中段,17.52,都市：商,,,,00150000
RPQNMLOKLHNFFBE08CC,新興段二小段,7.70,都市：商,,,,16220000
RPTNMLPKLHNFFBE48CC,新興段四小段,.00,都市：商,,,,02130000
RPPOMLOKLHNFFBE08CC,大統段一小段,.00,非都市： ; 非都市編定：,,,,00060000
RPPNMLPKLHNFFBE08CC,五權段,22.14,都市：商,,,,06890000
RPPNMLPKLHNFFAE97CC,大成段,42.00,都市：商,,,,00510000
RPQOMLPKLHNFFAE18CC,龍華段八小段,8.59,都市：商,,,,22290000
RPRNMLPKLHNFFCE38CC,瑞隆段二小段,69.00,都市：商,,,,08180000
RPWNMLOKLHNFFBE68CC,新興段二小段,6.56,都市：商,,,,16220000
RPTNMLPKLHNFFDE68CC,三塊厝段,74.00,都市：商,,,,11990004
RPVNMLPKLHNFFDE88CC,大港段二小段,.00,都市：住,,,,14450007
RPSNMLPKLHNFFBE38CC,新興段四小段,.00,都市：商,,,,02130000
RPQOMLPKLHNFFEE58CC,新庄段八小段,.00,都市：住,,,,00420000
RPROMLPKLHNFFEE68CC,新庄段四小段,.00,都市：住,,,,04740000
RPTNMLPKLHNFFGE98CC,新庄子段,19.75,都市：住,,,,01840052
RPXNMLPKLHNFFGE76CC,五甲段,32.40,都市：住,,,,16070029
RPXNMLPKLHNFFBE88CC,武聖段,34.50,都市：住,,,,22960000
RPSOMLPKLHNFFEE78CC,新庄段五小段,.00,都市：住,,,,10840000
RPWNMLPKLHNFFEE09CC,新庄段五小段,15.84,都市：住,,,,10840000
RPUOMLPKLHNFFEE98CC,新庄段十三小段,7.68,都市：商,,,,15090000
RPUOMLPKLHNFFEE98CC,新庄段十三小段,7.68,都市：商,,,,15090000
RPUOMLPKLHNFFEE98CC,新庄段十三小段,6.21,都市：商,,,,15090000
RPQPMLPKLHNFFEE68CC,援中段一小段,7.59,都市：其他:,,,,01110000
RPPNMLQKLHNFFEE48CC,援中段二小段,625.51,都市：住,,,,00060000
RPSRMLQKLHNFFGE76CC,埤頂段,.00,都市：住,,,,12430035
RPWNMLQKLHNFFDE09CC,建興段,.00,都市：商,,,,01100000
RPUOMLQKLHNFFDE98CC,建民段,5.14,都市：商,,,,03080000
RPOOMLQKLHNFFDE38CC,大順段,.00,都市：商,,,,05100000
RPRNMLQKLHNFFAE28CC,前金段,.00,都市：商,,,,01130009
RPWNMLQKLHNFFAE78CC,青海段,78.00,都市：住,,,,04430009
RPXNMLQKLHNFFAE88CC,內惟段九小段,.00,都市：住,,,,00220002
RPOOMLQKLHNFFBE18CC,過田子段,162.00,都市：商,,,,10540008
RPQNMLRKLHNFFAE28CC,青海段,295.66,都市：住,,,,00400000
RPTNMLRKLHNFFBE68CC,意誠段,.00,都市：商,,,,01990000
RPVNMLRKLHNFFBE88CC,意誠段,.00,都市：商,,,,01990000
RPRNMLTKLHNFFEE98CC,藍田中段,783.45,都市：商,,,,02530000
RPTNMLRKLHNFFDE88CC,大港段三小段,68.00,都市：商,,,,07540011
RPUNMLRKLHNFFDE98CC,灣立段,30.33,都市：住,,,,07750000
RPSPMLTKLHNFFDE56CC,澄義段,5.84,都市：住,,,,01730000
RPPOMLTKLHNFFBE58CC,福東段,74.00,都市：商,,,,02790000
RPUOMLTKLHNFFBE09CC,林德官段,82.00,都市：商,,,,11410017
RPVNMLTKLHNFFCE56CC,憲德段二小段,18.05,都市：商,,,,00260004
RPWOMLTKLHNFFBE66CC,苓東段,70.00,都市：商,,,,05500000
RPWNMLTKLHNFFFE96CC,大全段,165.00,都市：工,,,,00940000
RPRNMLTKLHNFFBE68CC,過田子段,.00,都市：商,,,,11360000
RPTNMLTKLHNFFLE27CC,翁公園段,628.00,都市：農,,,,31020000
RPUNMLTKLHNFFGE86CC,新庄子段,16.68,都市：住,,,,01650000
RPUPMLKLLHNFFGE98DC,文英段,878.00,都市：住,,,,16840000
RPSOMLKLLHNFFAE97CC,龍華段八小段,11.21,都市：商,,,,22720000
RPUOMLLLLHNFFEE68CC,清豐段,19.97,都市：住,,,,01940001
RPSNMLTKLHNFFLE17CC,赤崁段潮州寮小段,1560.00,都市：農,,,,60120000
RPWOMLKLLHNFFAE38CC,北金段,10.11,都市：商,,,,02550000
RPWOMLKLLHNFFAE38CC,北金段,6.46,都市：商,,,,02550000
RPVPMLKLLHNFFEE78CC,新庄段十三小段,8.75,都市：商,,,,14450000
RPVOMLLLLHNFFEE78CC,新庄段七小段,.00,都市：住,,,,08070009
RPOPMLLLLHNFFCE97CC,青島段二小段,24.30,都市：住,,,,02700000
RPQOMLLLLHNFFDE18CC,灣和段,813.89,都市：住,,,,00710000
RPQNMLLLLHNFFCE97CC,盛興段,33.43,都市：住,,,,15430000
RPRPMLLLLHNFFDE38CC,大港段二小段,27.62,都市：商,,,,14990000
RPXNMLLLLHNFFAE48CC,文東段,16.00,都市：商,,,,13910000
RPXNMLLLLHNFFAE48CC,文東段,40.00,都市：商,,,,13920000
RPVNMLLLLHNFFAE28CC,龍華段八小段,2.98,都市：其他:,,,,24210000
RPQNMLLLLHNFFBE87CC,福裕段,226.00,都市：住,,,,07710000
RPPOMLLLLHNFFBE87CC,苓東段,41.00,都市：商,,,,09930001
RPPOMLLLLHNFFBE87CC,苓東段,157.00,都市：商,,,,09940001
RPPOMLLLLHNFFAE77CC,文東段,16.00,都市：商,,,,13910000
RPPOMLLLLHNFFAE77CC,文東段,40.00,都市：商,,,,13920000
RPWNMLLLLHNFFBE48CC,福東段,70.00,都市：住,,,,29470000
RPRNMLLLLHNFFIE68CC,赤南段,870.06,都市：住,,,,01390000
RPPNMLLLLHNFFJE58CC,大同段,1802.80,都市：工,,,,03460000
RPQOMLLLLHNFFBE97CC,過田子段,64.00,都市：商,,,,11870002
RPQNMLMLLHNFFIE68CC,大?腿段,662.00,都市：工,,,,16570000
RPWPMLLLLHNFFGE56CC,文山段,245.00,都市：住,,,,01670005
RPTNMLMLLHNFFBE28CC,過田子段,.00,都市：商,,,,06070000
RPRQMLMLLHNFFGE88CC,道爺?段,19.03,都市：住,,,,10790030
RPUNMLMLLHNFFBE38CC,過田子段,.00,都市：商,,,,06070000
RPTNMLMLLHNFFDE48CC,建民段,5.97,都市：住,,,,07790000
RPTNMLMLLHNFFAE18CC,龍華段七小段,73.00,都市：住,,,,10730002
RPSQMLMLLHNFFGE98CC,文山段,8.96,都市：住,,,,01570000
RPQNMLMLLHNFFEE28CC,福山段,.00,都市：商,,,,03420000
RPSNMLMLLHNFFEE48CC,翠屏段三小段,386.92,都市：住,,,,00020000
RPXOMLMLLHNFFFE56CC,大公段,84.00,都市：住,,,,03360002
RPSNMLMLLHNFFCE28CC,宏明段,188.41,都市：住,,,,05010000
RPUOMLMLLHNFFEE78CC,新庄段十三小段,6.23,都市：商,,,,14450000
RPUNMLMLLHNFFEE68CC,新庄段六小段,.00,都市：住,,,,01900010
RPOOMLMLLHNFFCE97CC,?莊段,140.00,都市：住,,,,07060005
RPVOMLMLLHNFFEE88CC,福民段,.00,都市：住,,,,00890001
RPWNMLMLLHNFFEE88CC,新庄段八小段,25.59,都市：住,,,,00570000
RPTPMLNLLHNFFEE88CC,菜公段二小段,925.62,都市：住,,,,00750000
RPPOMLMLLHNFFEE28CC,右昌段六小段,.00,都市：住,,,,09830000
RPRNMLNLLHNFFEE48CC,清楠段,19.16,都市：商,,,,05030000
RPVOMLNLLHNFFAE58CC,前金段,14.88,都市：商,,,,00710004
RPQPMLNLLHNFFEE58CC,楠梓段三小段,76.00,都市：商,,,,06730000
RPSPMLNLLHNFFEE78CC,新庄段七小段,20.07,都市：住,,,,04980001
RPSPMLNLLHNFFEE78CC,新庄段七小段,.67,都市：住,,,,04980005
RPSPMLNLLHNFFEE78CC,新庄段七小段,.63,都市：住,,,,04980006
RPOPMLMLLHNFFEE28CC,新庄段十三小段,8.67,都市：商,,,,14450000
RPWOMLNLLHNFFAE68CC,前金段,11.34,都市：商,,,,00710004
RPUOMLNLLHNFFAE48CC,青海段,30.34,都市：住,,,,05950000
RPSOMLNLLHNFFBE38CC,苓中段,133.00,都市：商,,,,01370000
RPVPMLNLLHNFFEE09CC,清楠段,720.00,都市：住,,,,05150000
RPXNMLNLLHNFFBE78CC,意誠段,8.11,都市：商,,,,00510000
RPXNMLNLLHNFFBE78CC,意誠段,8.11,都市：商,,,,00510000
RPROMLNLLHNFFBE28CC,苓中段,7.24,都市：商,,,,04310003
RPROMLNLLHNFFBE28CC,苓中段,7.23,都市：商,,,,04310000
RPROMLNLLHNFFBE28CC,苓中段,.01,都市：商,,,,04310005
RPPNMLOLLHNFFAE97CC,龍中段,12.99,都市：住,,,,01950000
RPPNMLQLLHNFFCE38CC,憲德段二小段,18.51,都市：商,,,,00200000
RPRNMLQLLHNFFCE58CC,瑞隆段三小段,65.00,都市：商,,,,04450000
RPPNMLNLLHNFFGE48CC,新甲段,21.47,都市：住,,,,11000000
RPXNMLNLLHNFFIE86CC,鳳松段,880.00,都市：其他:,,,,00090002
RPUNMLNLLHNFFGE98CC,五甲段,101.00,都市：住,,,,04460009
RPUNMLQLLHNFFCE88CC,愛群段,7.30,都市：商,,,,24590000
RPVNMLQLLHNFFCE98CC,憲德段二小段,9.79,都市：住,,,,00260000
RPVOMLQLLHNFFCE09CC,憲德段二小段,9.31,都市：商,,,,00160020
RPVNMLNLLHNFFGE09CC,新甲段,53.00,都市：住,,,,10800048
RPVNMLNLLHNFFGE09CC,新甲段,13.34,都市：住,,,,10800024
RPXOMLQLLHNFFCE66CC,鎮昌段一小段,26.79,都市：住,,,,14610000
RPQNMLOLLHNFFCE28CC,憲德段二小段,14.18,都市：商,,,,00200000
RPWNMLQLLHNFFCE09CC,愛群段,14.57,都市：商,,,,24630000
RPUOMLQLLHNFFDE09CC,大港段七小段,47.00,都市：商,,,,06630016
RPUOMLQLLHNFFDE09CC,大港段七小段,83.00,都市：商,,,,06630015
RPTNMLQLLHNFFEE98CC,援中段二小段,92.86,都市：住,,,,00310008
RPRNMLQLLHNFFEE78CC,新庄段十三小段,7.68,都市：商,,,,15090000
RPRNMLQLLHNFFEE78CC,新庄段十三小段,7.68,都市：商,,,,15090000
RPRNMLQLLHNFFEE78CC,新庄段十三小段,6.21,都市：商,,,,15090000
RPPQMLQLLHNFFEE88CC,新庄段二小段,33.31,都市：商,,,,07920000
RPQNMLQLLHNFFAE28CC,前金段,1.78,都市：商,,,,00630000
RPROMLQLLHNFFCE68CC,愛群段,4.30,都市：商,,,,29490000
RPSNMLQLLHNFFEE88CC,新庄段十三小段,8.67,都市：商,,,,14450000
RPSNMLQLLHNFFAE48CC,青海段,24.15,都市：住,,,,06590000
RPPNMLQLLHNFFBE28CC,苓西段,40.24,都市：住,,,,01680000
RPPNMLQLLHNFFAE18CC,龍中段,7.55,都市：商,,,,01120000
RPUOMLQLLHNFFBE88CC,福東段,70.00,都市：商,,,,04630000
RPVOMLQLLHNFFBE98CC,林德官段一小段,25.20,都市：住,,,,31310009
RPSOMLQLLHNFFAE58CC,龍中段,9.29,非都市： ; 非都市編定：,,,,02260000
RPTOMLQLLHNFFBE78CC,大統段二小段,34.75,都市：商,,,,11340000
RPSOMLQLLHNFFBE68CC,五塊厝段,7.00,都市：商,,,,16140000
RPQOMLQLLHNFFGE98CC,新甲段,155.00,都市：住,,,,11590031
RPQOMLQLLHNFFGE98CC,新甲段,6.25,都市：住,,,,11540014
RPUOMLQLLHNFFEE66DC,新庄段一小段,127.00,都市：住,,,,03120005
RPTPMLQLLHNFFBE88CC,林德官段,12.03,都市：商,,,,13020000
RPRNMLRLLHNFFGE09CC,文英段,22.21,都市：住,,,,16920000
RPTNMLQLLHNFFIE76CC,永仁段,198.81,都市：住,,,,01750000
RPXOMLQLLHNFFBE56CC,新興段四小段,5.47,都市：商,,,,01210000
RPXOMLQLLHNFFBE56CC,新興段四小段,.04,都市：其他:,,,,01210002
RPRNMLRLLHNFFIE66CC,澄觀段,68.20,都市：住,,,,02430004
RPWOMLQLLHNFFBE56DC,成功段,9.52,都市：商,,,,02960000
RPSNMLRLLHNFFBE68CC,苓洲段,.00,都市：商,,,,06090000
RPRNMLRLLHNFFBE58CC,成功段,5.19,都市：商,,,,02990000
RPPNMLQLLHNFFGE78CC,文山段,.00,都市：住,,,,07080028
RPPOMLRLLHNFFBE48CC,苓洲段,5.35,都市：商,,,,05420000
RPQOMLRLLHNFFBE58CC,新興段四小段,.00,都市：商,,,,17840000
RPOOMLRLLHNFFBE38CC,過田子段,18.79,都市：商,,,,11260000
RPRPMLQLLHNFFBE78DC,新興段四小段,155.70,都市：商,,,,06870002
RPWOMLQLLHNFFEE86DC,新庄段十三小段,46.23,都市：商,,,,15190000
RPROMLRLLHNFFBE68CC,意誠段,4.80,都市：商,,,,01990000
RPQNMLRLLHNFFAE38CC,青海段,7.11,都市：商,,,,02090001
RPSNMLRLLHNFFAE58CC,龍中段,15.16,都市：商,,,,00550000
RPRNMLRLLHNFFEE88CC,新庄段十三小段,8.28,都市：商,,,,14450000
RPTOMLRLLHNFFBE88CC,大統段二小段,76.00,都市：商,,,,12670000
RPSNMLRLLHNFFDE88CC,大裕段一小段,17.93,都市：住,,,,02190000
RPQPMLRLLHNFFBE68CC,福東段,26.38,都市：住,,,,01940001
RPQPMLRLLHNFFBE68CC,福東段,5.96,都市：商,,,,01940000
RPTNMLRLLHNFFCE88CC,愛群段,7.29,都市：商,,,,24590000
RPQNMLRLLHNFFEE78CC,新庄段十三小段,8.21,都市：商,,,,14450000
RPSNMLRLLHNFFEE98CC,新庄段十三小段,8.92,都市：商,,,,15090000
RPWNMLRLLHNFFEE76CC,福民段,.00,都市：住,,,,02050000
RPUNMLRLLHNFFCE98CC,愛群段,7.61,都市：商,,,,24590000
RPOOMLRLLHNFFCE48CC,愛群段,81.53,都市：其他:,,,,11350000
RPVPMLSLLHNFFCE76CC,光華段,.00,都市：住,,,,05490000
RPPOMLRLLHNFFDE68CC,水源段,2.58,都市：商,,,,05110001
RPPOMLRLLHNFFDE68CC,水源段,12.70,都市：住,,,,04810000
RPXOMLRLLHNFFDE86CC,鼎泰段,.00,都市：住,,,,13900000
RPPPMLSLLHNFFCE78CC,瑞隆段四小段,36.75,都市：商,,,,09200000
RPWNMLSLLHNFFGE07CC,華鳳段,18.18,都市：住,,,,01440000
RPRNMLSLLHNFFAE58CC,龍中段,25.18,都市：商,,,,01490000
RPRNMLSLLHNFFAE58CC,龍中段,20.14,都市：商,,,,01490000
RPRNMLSLLHNFFAE58CC,龍中段,18.99,都市：商,,,,01490000
RPQOMLSLLHNFFGE56CC,文英段,13.80,都市：住,,,,16920000
RPPNMLSLLHNFFAE38CC,東金段,43.00,都市：商,,,,16420000
RPPNMLSLLHNFFAE38CC,東金段,33.00,都市：商,,,,16430000
RPPNMLSLLHNFFAE38CC,東金段,65.00,都市：商,,,,16440000
RPPNMLSLLHNFFAE38CC,東金段,39.00,都市：商,,,,16450000
RPPOMLSLLHNFFBE58CC,林德官段,16.41,都市：商,,,,13020000
RPXNMLSLLHNFFAE56CC,興福段,13.21,都市：商,,,,05660000
RPQNMLSLLHNFFGE09CC,七老爺段,79.23,都市：其他:,,,,03220005
RPQOMLSLLHNFFBE68CC,過田子段,.00,都市：商,,,,11360000
RPTNMLSLLHNFFAE78CC,青海段,4045.45,都市：住,,,,00820000
RPUOMLTLLHNFFGE07CC,道爺?段,1076.00,都市：住,,,,10750007
RPUOMLTLLHNFFBE56CC,新興段四小段,.00,都市：商,,,,16770000
RPUOMLTLLHNFFBE56CC,新興段四小段,.00,都市：商,,,,16780000
RPQOMLTLLHNFFAE68CC,文東段,.00,都市：商,,,,10210000
RPRNMLTLLHNFFDE98CC,灣和段,99.98,都市：住,,,,00650004
RPSNMLTLLHNFFDE09CC,灣愛段,18.61,都市：住,,,,04210000
RPPNMLTLLHNFFBE58CC,大統段三小段,109.19,都市：其他:第二種特定商業專用區,,,,14990022
RPWNMLTLLHNFFIE37CC,永和段,140.69,都市：住,,,,10770003
RPTNMLTLLHNFFEE66CC,果貿段,14.52,都市：住,,,,00060000
RPTNMLTLLHNFFCE09CC,瑞南段一小段,26.64,都市：商,,,,10160000
RPPOMLTLLHNFFCE78CC,憲德段一小段,19.58,都市：商,,,,08260000
RPPOMLTLLHNFFCE78CC,憲德段一小段,14.82,都市：商,,,,08260000
RPUNMLTLLHNFFEE76CC,新庄段十二小段,27.47,都市：住,,,,10310000
RPQNMLTLLHNFFDE88CC,鼎泰段,3858.00,都市：住,,,,13980000
RPXNMLTLLHNFFEE07CC,莒光段二小段,64.00,都市：商,,,,01940000
RPSNMLKMLHNFFEE38CC,藍田中段,.00,非都市： ; 非都市編定：,,,,02390000
RPTNMLTLLHNFFDE56CC,鼎泰段,24.29,都市：住,,,,14740000
RPRNMLKMLHNFFAE87CC,東金段,3.40,都市：商,,,,17660000
RPXNMLKMLHNFFCE68CC,憲德段二小段,15.64,都市：商,,,,00280003
RPOOMLKMLHNFFEE08CC,新庄段三小段,.00,都市：住,,,,09640000
RPOOMLKMLHNFFEE08CC,新庄段三小段,.00,都市：住,,,,09690000
RPUNMLKMLHNFFAE18CC,青海段,6.09,都市：商,,,,02090001
RPSOMLKMLHNFFBE18CC,林德官段一小段,18.00,都市：住,,,,31020001
RPVNMLKMLHNFFAE28CC,興橋段,.00,都市：商,,,,02680000
RPOPMLKMLHNFFGE38CC,竹子腳段,22.84,都市：住,,,,01230001
RPOOMLKMLHNFFBE77CC,過田子段,.00,都市：商,,,,10410000
RPOOMLLMLHNFFBE87CC,意誠段,5.76,都市：商,,,,01990000
RPVOMLKMLHNFFBE48CC,新興段三小段,35.14,都市：商,,,,05880000
RPVOMLKMLHNFFBE48CC,新興段三小段,34.85,都市：商,,,,05890000
RPPOMLLMLHNFFBE97CC,大統段一小段,.00,都市：商,,,,00060000
RPUOMLKMLHNFFBE38CC,新興段一小段,22.59,都市：商,,,,21050000
RPPPMLKMLHNFFBE97CC,過田子段,62.00,都市：商,,,,11870009
RPOOMLLMLHNFFCE97CC,憲德段一小段,.00,都市：住,,,,08040000
RPOOMLLMLHNFFCE97CC,憲德段一小段,.00,都市：商,,,,08040001
RPOPMLKMLHNFFBE87CC,過田子段,62.00,都市：商,,,,11870009
RPQNMLLJMHNFFDE97CC,大豐段二小段,20.64,都市：住,,,,01160000
RPQNMLMJMHNFFBE87CC,正德段,57.95,都市：住,,,,05740000
RPQNMLLMLHNFFBE97CC,新興段四小段,.00,都市：商,,,,16770000
RPQNMLLMLHNFFBE97CC,新興段四小段,.00,都市：商,,,,16780000
RPRNMLMJMHNFFBE97CC,衛武段,46.81,都市：住,,,,00280000
RPTNMLMJMHNFFJE98CC,竹南段,84.08,都市：住,,,,11470000
RPPOMLMJMHNFFEE18CC,清豐段,117.71,都市：住,,,,02710000
RPSOMLNJMHNFFIE98CC,松埔段,105.74,非都市：鄉村區 ; 非都市編定：乙種建築用地,,,,06060000
RPSOMLNJMHNFFIE98CC,松埔段,10.22,非都市：鄉村區 ; 非都市編定：乙種建築用地,,,,06440000
RPQPMLMJMHNFFCE18CC,店子後段,101.00,都市：住,,,,11800000
RPVNMLMJMHNFFBE38CC,衛武段,127.00,都市：商,,,,03680000
RPXNMLMJMHNFFBE58CC,新興段一小段,29.00,都市：商,,,,11610000
RPXNMLNJMHNFFBE68CC,意誠段,.00,都市：商,,,,01990000
RPWOMLMJMHNFFGE09CC,七老爺段,184.00,都市：住,,,,03520001
RPWOMLMJMHNFFGE09CC,七老爺段,75.00,都市：住,,,,03520002
RPWOMLMJMHNFFGE09CC,七老爺段,162.00,都市：其他:道路用地,,,,03500003
RPROMLNJMHNFFIE98DC,新後港西段,62.71,都市：住,,,,00690084
RPUPMLNJMHNFFGE09CC,竹子腳段,400.00,都市：住,,,,00500129
RPUPMLNJMHNFFGE09CC,竹子腳段,605.00,都市：住,,,,00640000
RPUPMLNJMHNFFGE09CC,竹子腳段,1226.00,都市：住,,,,00650000
RPUPMLNJMHNFFGE09CC,竹子腳段,418.00,都市：住,,,,00650001
RPROMLNJMHNFFBE18CC,意誠段,.00,都市：商,,,,01990000
RPVNMLNJMHNFFBE48CC,意誠段,.00,都市：商,,,,01990000
RPOOMLNJMHNFFBE87CC,意誠段,.00,都市：商,,,,01990000
RPWNMLNJMHNFFBE58CC,意誠段,.00,都市：商,,,,01990000
RPTPMLNJMHNFFCE58CC,獅甲段二小段,31.62,都市：住,,,,05830000
RPUOMLNJMHNFFBE48CC,新興段二小段,9.70,都市：商,,,,05340000
RPOOMLNJMHNFFDE08CC,三塊厝段,4.53,都市：商,,,,13220000
RPQNMLNJMHNFFDE18CC,鼎泰段,11.91,都市：住,,,,14740001
RPQOMLNJMHNFFBE08CC,意誠段,.00,都市：商,,,,01990000
RPQNMLOJMHNFFDE28CC,建民段,101.25,都市：住,,,,07380052
RPPNMLOJMHNFFBE97CC,苓洲段,20.19,都市：商,,,,01070000
RPPNMLOJMHNFFBE97CC,苓洲段,.33,都市：商,,,,01070001
RPSNMLOJMHNFFAE18CC,青海段,6.51,都市：住,,,,01010000
RPPNMLOJMHNFFDE18CC,金獅段,6.42,都市：商,,,,01490000
RPQNMLPJMHNFFJE98CC,大同段,92.70,都市：住,,,,10960001
RPQNMLPJMHNFFJE98CC,大同段,28.72,都市：住,,,,10970001
RPPNMLOJMHNFFIE68CC,竹園段,259.00,都市：農,,,,15560032
RPPNMLPJMHNFFDE28CC,灣中段,92.50,都市：住,,,,04940014
RPPNMLPJMHNFFEE38CC,德昌段,12.50,都市：住,,,,01580000
RPQNMLPJMHNFFCE28CC,中厝段,558.00,都市：住,,,,03620000
RPRNMLOJMHNFFAE08CC,青海段,4750.44,都市：住,,,,06070000
RPTNMLOJMHNFFAE28CC,龍中段,.00,都市：商,,,,01030000
RPPNMLQJMHNFFAE08CC,龍中段,9.45,都市：商,,,,00870000
RPVOMLQJMHNFFEE56CC,新光段,6.61,都市：商,,,,02280000
RPUNMLQJMHNFFAE58CC,龍中段,16.02,都市：住,,,,02080000
RPUOMLQJMHNFFEE09CC,新光段,12.98,都市：商,,,,02250000
RPWOMLQJMHNFFEE66CC,新庄段十三小段,6.53,都市：商,,,,14910000
RPXOMLQJMHNFFEE76CC,果貿段,45.01,都市：其他:果貿國宅專用區,,,,00170000
RPQNMLQJMHNFFCE38CC,愛群段,7.29,都市：商,,,,24590000
RPWNMLQJMHNFFAE78CC,青海段,20.65,都市：住,,,,06650000
RPPOMLQJMHNFFAE18CC,文東段,72.00,都市：商,,,,14190000
RPVNMLQJMHNFFAE68CC,龍中段,13.74,都市：商,,,,01250000
RPXNMLQJMHNFFAE88CC,龍華段八小段,8.18,都市：商,,,,22700000
RPTNMLQJMHNFFBE58CC,意誠段,.00,都市：商,,,,01990000
RPPNMLQJMHNFFDE38CC,鼎中段,8.08,都市：商,,,,04070000
RPOOMLQJMHNFFAE08CC,青海段,7.07,都市：住,,,,06350000
RPSNMLQJMHNFFBE48CC,新興段二小段,15.56,都市：商,,,,17670000
RPQNMLQJMHNFFGE78CC,新庄子段,79.00,都市：住,,,,01940225
RPUNMLQJMHNFFBE68CC,五塊厝段三小段,38.80,都市：住,,,,26250001
RPPNMLTJMHNFFAE38CC,青海段,.00,都市：住,,,,06570000
RPTNMLTJMHNFFAE78CC,民生段,64.00,都市：商,,,,01850000
RPRNMLQJMHNFFBE38CC,苓洲段,5.28,都市：商,,,,05420000
RPUNMLTJMHNFFDE56CC,大港段三小段,78.00,都市：商,,,,07550010
RPROMLTJMHNFFDE98CC,獅頭段一小段,.00,都市：商,,,,16940000
RPTNMLTJMHNFFDE09CC,鼎新段,78.05,都市：住,,,,04210000
RPXNMLTJMHNFFDE86CC,義民段,17.60,都市：住,,,,07140000
RPSOMLTJMHNFFDE09CC,獅頭段一小段,.00,都市：商,,,,16940000
RPPNMLSJMHNFFAE28CC,青海段,.00,都市：住,,,,00970000
RPUOMLTJMHNFFDE66CC,灣內段,72.00,都市：住,,,,07280000
RPVNMLTJMHNFFAE98CC,青海段,6.09,都市：商,,,,02090001
RPTNMLTJMHNFFCE98CC,鎮昌段一小段,.00,都市：住,,,,12570019
RPXNMLTJMHNFFEE96CC,新庄段八小段,25.46,都市：住,,,,01370000
RPVNMLTJMHNFFBE09CC,成功段,.00,都市：商,,,,07080000
RPVOMLTJMHNFFEE86CC,新福段十小段,84.55,都市：住,,,,00910002
RPSNMLTJMHNFFEE09CC,新庄段十二小段,35.86,都市：住,,,,11560000
RPWOMLKKMHNFFGE98CC,五甲段,84.00,都市：住,,,,10810019
RPQPMLKKMHNFFGE48CC,新甲段,571.00,都市：住,,,,12450321
RPRNMLTJMHNFFEE98CC,新庄段十二小段,.00,都市：住,,,,10090000
RPSQMLKKMHNFFEE58CC,新庄段十二小段,138.00,都市：住,,,,11390000
RPWNMLKKMHNFFIE09CC,大安段,340.00,都市：住,,,,00720000
RPUNMLKKMHNFFDE48DC,凱歌段,30.78,都市：住,,,,06370000
RPWPMLTJMHNFFEE07CC,新庄段十三小段,.00,都市：住,,,,14770000
RPUOMLKKMHNFFEE58CC,新庄段六小段,103.00,都市：住,,,,05190002
RPQNMLKKMHNFFCE87CC,獅甲段二小段,.00,都市：住,,,,05910000
RPROMLKKMHNFFGE48CC,新庄子段,44.29,都市：住,,,,02350040
RPWQMLKKMHNFFEE98CC,福民段,95.50,都市：住,,,,00500014
RPUNMLKKMHNFFCE28CC,光華段,44.00,都市：住,,,,12030000
RPUNMLTJMHNFFGE86CC,竹子腳段,76.00,都市：住,,,,02620087
RPTPMLKKMHNFFGE78CC,牛潮埔段,.00,都市：住,,,,07950000
RPTNMLKKMHNFFDE28CC,大港段二小段,.00,都市：商,,,,17470000
RPRNMLKKMHNFFBE87CC,過田子段,.00,都市：商,,,,11360000
RPPNMLKKMHNFFDE87CC,建民段,3.87,都市：商,,,,00470000
RPTQMLKKMHNFFEE68CC,芎蕉段,1217.30,都市：住,,,,01400000
RPXNMLKKMHNFFDE68CC,長明段,11.50,都市：商,,,,02690000
RPPPMLKKMHNFFDE08CC,灣和段,.00,都市：住,,,,00840000
RPOOMLLKMHNFFAE67CC,內惟段二小段,133.00,都市：商,,,,05460001
RPRNMLKKMHNFFDE08CC,大港段四小段,.00,都市：住,,,,21170000
RPQNMLLKMHNFFBE87CC,林德官段,.16,都市：商,,,,11470001
RPQNMLLKMHNFFBE87CC,林德官段,11.08,都市：商,,,,11470000
RPPNMLKKMHNFFAE57CC,北金段,6.59,都市：商,,,,02550000
RPWOMLKKMHNFFDE68CC,建德段,46.00,都市：商,,,,04390000
RPRNMLLKMHNFFBE97CC,新興段二小段,7.12,都市：商,,,,16220000
RPTNMLLKMHNFFBE18CC,成功段,13.68,都市：商,,,,06420000
RPROMLKKMHNFFDE18CC,澄清段一小段,108.00,都市：住,,,,02270000
RPVNMLLKMHNFFBE38CC,苓洲段,.00,都市：商,,,,04190003
RPVNMLLKMHNFFBE38CC,苓洲段,.00,都市：商,,,,04200000
RPVNMLLKMHNFFBE38CC,苓洲段,.00,都市：商,,,,04190001
RPWNMLLKMHNFFBE48CC,苓洲段,.00,都市：商,,,,04190003
RPWNMLLKMHNFFBE48CC,苓洲段,.00,都市：商,,,,04190001
RPWNMLLKMHNFFBE48CC,苓洲段,.00,都市：商,,,,04200000
RPTPMLLKMHNFFCE48CC,瑞崗段五小段,114.00,都市：住,,,,05570000
RPVPMLLKMHNFFEE88CC,新庄段八小段,24.46,都市：住,,,,00620000
RPQOMLLKMHNFFIE68CC,慈惠段,1504.09,都市：住,,,,10490000
RPRNMLMKMHNFFIE78CC,八德段,68.94,都市：住,,,,15670000
RPRNMLMKMHNFFIE78CC,八德段,7.01,都市：住,,,,15190000
RPRNMLMKMHNFFIE78CC,八德段,961.36,都市：住,,,,15180000
RPRNMLMKMHNFFIE78CC,八德段,277.59,都市：住,,,,15560000
RPUNMLLKMHNFFBE28CC,新興段二小段,18.90,都市：商,,,,11800000
RPTOMLMKMHNFFFE78CC,安西段,335.30,都市：工,,,,06230000
RPSNMLMKMHNFFEE48CC,藍田中段,.00,都市：住,,,,01900000
RPQNMLMKMHNFFGE48CC,五甲段,59.23,都市：住,,,,16050000
RPXNMLLKMHNFFBE58CC,意誠段,.00,都市：商,,,,02100001
RPTOMLMKMHNFFEE68CC,新庄段十三小段,166.00,都市：住,,,,12940002
RPSOMLMKMHNFFEE58CC,新光段,40.01,都市：商,,,,03800000
RPSOMLMKMHNFFEE58CC,新光段,128.20,都市：商,,,,03800001
RPWOMLMKMHNFFEE98CC,新庄段十二小段,.00,都市：住,,,,11630000
RPUPMLLKMHNFFCE58CC,光華段,84.00,都市：商,,,,12390000
RPQNMLMKMHNFFCE08CC,憲德段二小段,.00,都市：商,,,,00280003
RPVNMLLKMHNFFEE68CC,新光段,10.50,都市：商,,,,03690000
RPROMLLKMHNFFIE78CC,文武段,64.80,都市：住,,,,03870003
RPQNMLMKMHNFFDE18CC,獅頭段,.00,都市：商,,,,26380000
RPTNMLNKMHNFFAE28CC,青海段,13.20,都市：住,,,,02090001
RPXNMLNKMHNFFBE78CC,苓雅寮段,18.01,都市：住,,,,06480000
RPVNMLMKMHNFFEE78CC,藍田中段,.00,都市：住,,,,01900000
RPQNMLMKMHNFFBE97CC,新興段四小段,.00,都市：商,,,,16770000
RPQNMLMKMHNFFBE97CC,新興段四小段,.00,都市：商,,,,16780000
RPUOMLMKMHNFFCE58CC,瑞崗段四小段,54.00,都市：商,,,,00620000
RPROMLMKMHNFFAE08CC,龍華段二小段,.00,都市：住,,,,05970000
RPQOMLNKMHNFFBE18CC,五權段,16.17,都市：商,,,,04960004
RPQOMLNKMHNFFBE18CC,五權段,9.32,都市：住,,,,04960010
RPSOMLNKMHNFFAE28CC,龍北段,10.26,都市：住,,,,00170000
RPQOMLNKMHNFFDE38CC,獅頭段一小段,13.47,都市：商,,,,14530000
RPROMLNKMHNFFCE38CC,店鎮段,22.09,都市：住,,,,03160000
RPRNMLMKMHNFFAE97CC,龍中段,32.91,都市：商,,,,00920000
RPWNMLMKMHNFFAE48CC,青海段,117.46,都市：住,,,,06690004
RPPQMLNKMHNFFEE58CC,新庄段十三小段,12.35,都市：住,,,,14140000
RPUPMLNKMHNFFEE98CC,福民段,14.51,都市：住,,,,02510000
RPQNMLOKMHNFFEE48CC,和平段五小段,10.74,都市：住,,,,02630000
RPQNMLOKMHNFFDE38CC,建民段,.00,都市：商,,,,07330007
RPRNMLOKMHNFFDE48CC,鼎泰段,.00,都市：住,,,,14740000
RPPNMLOKMHNFFIE78CC,善德段,529.00,都市：農,,,,00080021
RPSPMLNKMHNFFEE78CC,和平段二小段,50.22,都市：商,,,,05430002
RPSPMLNKMHNFFEE78CC,和平段二小段,50.22,都市：商,,,,05430003
RPRNMLOKMHNFFAE18CC,青海段,.00,都市：商,,,,02090001
RPQNMLOKMHNFFIE88CC,竹園段,236.00,都市：農,,,,15560037
RPUOMLQKMHNFFAE78CC,北金段,.00,都市：住,,,,00730000
RPWNMLOKMHNFFEE09CC,新福段七小段,.00,都市：住,,,,00040000
RPQNMLOKMHNFFCE28CC,盛興段,64.00,都市：住,,,,06290000
RPTNMLQKMHNFFDE88CC,大港段五小段,.00,都市：商,,,,08470000
RPWNMLQKMHNFFCE09CC,光華段一小段,64.00,都市：住,,,,16700015
RPOOMLQKMHNFFCE38CC,光華段一小段,10.78,都市：住,,,,20220000
RPPNMLOKMHNFFDE28CC,獅頭段一小段,31.13,都市：商,,,,18680000
RPPOMLQKMHNFFCE48CC,宏明段,9.26,都市：住,,,,01740000
RPPQMLQKMHNFFEE88CC,新庄段十三小段,.00,都市：商,,,,15310000
RPPQMLQKMHNFFEE88CC,新庄段十三小段,.00,都市：商,,,,15330000
RPPNMLOKMHNFFBE08CC,新興段一小段,38.00,都市：商,,,,15590000
RPPNMLOKMHNFFBE08CC,新興段一小段,89.00,都市：商,,,,15600000
RPOPMLRKMHNFFEE78CC,福山段,6.96,都市：商,,,,03420000
RPQOMLRKMHNFFDE78CC,建民段,10.00,都市：商,,,,00440000
RPWNMLRKMHNFFAE98CC,博孝段,6.12,都市：商,,,,12340000
RPUOMLRKMHNFFCE09CC,竹北段,23.45,都市：住,,,,10590000
RPPNMLQKMHNFFBE28CC,新興段三小段,55.00,都市：商,,,,14340000
RPXNMLQKMHNFFEE76CC,清楠段,35.40,都市：住,,,,04810000
RPPOMLRKMHNFFAE38CC,龍華段二小段,92.00,都市：住,,,,09170000
RPUPMLRKMHNFFEE76CC,楠都段一小段,297.00,都市：商,,,,01550000
RPUPMLRKMHNFFEE76CC,楠都段一小段,72.00,都市：商,,,,01560000
RPQOMLRKMHNFFAE48CC,前峰段,.00,都市：住,,,,01610000
RPSNMLRKMHNFFAE58CC,青海段,.00,都市：住,,,,04910000
RPTNMLRKMHNFFIE86CC,新赤山段,104.23,都市：住,,,,00140037
RPWNMLRKMHNFFFE86CC,灣裡西段,661.00,都市：工,,,,05310000
RPSNMLSKMHNFFFE56CC,大公段,130.00,都市：商,,,,09220005
RPSNMLSKMHNFFFE56CC,大公段,170.00,都市：商,,,,09220006
RPTOMLRKMHNFFCE98CC,店子後段,101.00,都市：住,,,,11800000
RPUNMLRKMHNFFFE66CC,內庄段,396.69,都市：其他:,,,,01060000
RPRNMLSKMHNFFBE68CC,新興段二小段,.00,都市：商,,,,07770000
RPSNMLSKMHNFFBE78CC,過田子段,.00,都市：商,,,,11360000
RPVNMLSKMHNFFBE09CC,大統段一小段,13.04,都市：商,,,,00060000
RPRPMLSKMHNFFBE88CC,新興段四小段,5.80,都市：商,,,,12140000
RPVNMLRKMHNFFIE07CC,灣勢段,695.87,都市：農,,,,04010032
RPVNMLRKMHNFFIE07CC,灣勢段,83.83,都市：農,,,,04010014
RPUPMLSKMHNFFDE76CC,新都段,.00,都市：商,,,,01900000
RPPOMLSKMHNFFCE68CC,獅甲段二小段,.00,非都市： ; 非都市編定：,,,,05910000
RPVNMLSKMHNFFGE96CC,三甲段,65.60,都市：住,,,,00620018
RPVOMLSKMHNFFGE07CC,大貝湖段,.00,都市：住,,,,00120001
RPUNMLTKMHNFFCE56CC,籬子內段崗山子小段,6.57,都市：住,,,,14760000
RPWOMLTKMHNFFDE96CC,大港段,317.82,都市：住,,,,34160000
RPUNMLSKMHNFFAE88CC,青海段,6.60,都市：商,,,,02090001
RPRQMLTKMHNFFDE66CC,建安段,195.00,都市：商,,,,01720000
RPTOMLTKMHNFFBE09CC,大統段二小段,123.00,都市：商,,,,03360000
RPROMLTKMHNFFEE56CC,新庄段五小段,.00,都市：住,,,,14910000
RPUNMLSKMHNFFBE98CC,過田子段,.00,都市：商,,,,11360000
RPWNMLTKMHNFFGE17CC,新甲段,135.00,都市：住,,,,10600003
RPWOMLSKMHNFFCE76CC,瑞崗段四小段,45.00,都市：商,,,,00610000
RPQPMLTKMHNFFGE76CC,文山段,10.81,都市：住,,,,08970000
RPVNMLTKMHNFFIE27CC,仁雄段,135.27,都市：住,,,,04620004
RPRNMLTKMHNFFGE66CC,竹子腳段,15.20,都市：住,,,,01060000
RPSOMLTKMHNFFBE98CC,意誠段,8.20,都市：商,,,,01850000
RPSOMLTKMHNFFBE98CC,意誠段,3.72,都市：商,,,,02000000
RPUNMLTKMHNFFGE96CC,鳳甲段,19.64,都市：住,,,,00680000
RPUOMLTKMHNFFGE07CC,文山段,31.20,都市：住,,,,05380000
RPVNMLTKMHNFFGE07CC,新甲段,135.00,都市：住,,,,10600003
RPXNMLTKMHNFFIE47CC,澄合段,22.37,都市：其他:,,,,03060000
RPRNMLKLMHNFFIE68CC,八德段,97.99,都市：住,,,,02810000
RPVOMLTKMHNFFGE17CC,文山段,83.47,都市：住,,,,03650000
RPVOMLTKMHNFFGE17CC,文山段,3.08,都市：住,,,,03650004
RPPPMLKLMHNFFGE48CC,新庄子段,54.47,都市：住,,,,02420000
RPTOMLKLMHNFFEE68DC,新庄段十二小段,937.00,都市：住,,,,11030000
RPROMLKLMHNFFAE97CC,前金段,6.98,都市：住,,,,00470000
RPPNMLKLMHNFFLE78CC,翁公園段,3008.00,都市：農,,,,31050000
RPUNMLKLMHNFFEE58CC,新庄段十三小段,6.70,都市：商,,,,14450000
RPSOMLKLMHNFFIE88CC,澄清段,158.67,都市：住,,,,00330001
RPPNMLKLMHNFFDE97CC,建民段,.00,都市：商,,,,00440000
RPRNMLKLMHNFFBE97CC,成功段,.00,都市：商,,,,07030000
RPTNMLKLMHNFFDE38CC,長明段,3.99,都市：商,,,,05070000
RPOOMLKLMHNFFDE97CC,覆鼎金段覆鼎金小段,35.12,都市：住,,,,15600000
RPUNMLKLMHNFFBE28CC,林德官段,6.92,都市：商,,,,11130000
RPPPMLKLMHNFFDE18CC,大港段二小段,.01,都市：商,,,,10720000
RPSOMLKLMHNFFBE18CC,新興段一小段,8.66,都市：商,,,,01400004
RPOOMLKLMHNFFEE08CC,新庄段十三小段,8.67,都市：商,,,,14450000
RPVPMLKLMHNFFDE78CC,水源段,75.58,都市：商,,,,07830000
RPOQMLKLMHNFFDE18CC,覆鼎金段覆鼎金小段,10.13,都市：住,,,,11830000
RPRNMLKLMHNFFCE08CC,愛群段,4.51,都市：商,,,,24590000
RPPOMLKLMHNFFCE97CC,愛群段,8.10,都市：住,,,,01980000
RPPNMLLLMHNFFDE08CC,大港段,.00,都市：住,,,,36290007
RPSPMLKLMHNFFDE48CC,大港段二小段,.01,都市：商,,,,10720000
RPPNMLLLMHNFFBE87CC,大統段二小段,70.00,都市：商,,,,14530000
RPXNMLNLMHNFFBE88CC,新興段二小段,88.00,都市：商,,,,14580000
RPSOMLNLMHNFFDE68CC,大豐段三小段,.00,都市：住,,,,01660000
RPSOMLKLMHNFFCE28CC,瑞崗段四小段,29.30,都市：住,,,,01780000
RPPNMLMLMHNFFAE87CC,青海段,71.09,都市：住,,,,01130004
RPQPMLNLMHNFFDE58CC,陽明段四小段,.00,都市：住,,,,00860000
RPWNMLNLMHNFFAE68CC,前金段,18.80,都市：商,,,,00960011
RPUNMLNLMHNFFAE48CC,前金段,5.35,都市：商,,,,00510002
RPUNMLNLMHNFFAE48CC,前金段,33.59,都市：商,,,,00510000
RPXNMLNLMHNFFDE09CC,大港段三小段,84.00,都市：住,,,,07300000
RPUNMLNLMHNFFCE68CC,二苓段,24.40,都市：住,,,,13480000
RPRNMLNLMHNFFEE58CC,新庄段七小段,12.14,都市：住,,,,03150000
RPVOMLNLMHNFFGE66CC,文英段,6.63,都市：住,,,,08570000
RPWOMLNLMHNFFGE76CC,鳳青段,176.94,都市：住,,,,02260003
RPWOMLNLMHNFFGE76CC,鳳青段,176.93,都市：住,,,,02260004
RPWOMLNLMHNFFGE76CC,鳳青段,15.00,都市：住,,,,02260000
RPUOMLNLMHNFFGE56CC,文山段,14.99,都市：住,,,,08970000
RPVNMLOLMHNFFGE66CC,新庄子段,24.76,都市：住,,,,02340008
RPXNMLNLMHNFFEE56CC,新庄段一小段,.00,都市：其他:市場用地,,,,12720000
RPVNMLNLMHNFFJE86CC,大湖段,314.00,都市：農,,,,21080003
RPVNMLOLMHNFFDE98CC,大港段,9.38,都市：住,,,,34290004
RPTNMLOLMHNFFEE88CC,新庄段十三小段,.00,非都市： ; 非都市編定：,,,,15090000
RPQNMLOLMHNFFAE18CC,青海段,64.19,都市：住,,,,00850000
RPVNMLNLMHNFFIE76CC,灣勢段,1928.91,都市：農,,,,05950000
RPPNMLPLMHNFFAE18CC,民生段,26.05,都市：商,,,,08160000
RPUNMLNLMHNFFFE98CC,岡山段,126.00,都市：住,,,,06440147
RPUNMLNLMHNFFFE98CC,成功段,11.00,都市：住,,,,08870004
RPRNMLPLMHNFFAE38CC,前金段,2.07,都市：商,,,,01080005
RPRNMLPLMHNFFAE38CC,前金段,2.07,都市：商,,,,01080005
RPRNMLPLMHNFFAE38CC,前金段,2.07,都市：商,,,,01080005
RPSOMLPLMHNFFAE58CC,龍華段八小段,.00,都市：商,,,,21920000
RPOPMLOLMHNFFCE38CC,店鎮段,72.00,都市：住,,,,04110000
RPXNMLPLMHNFFBE09CC,過田子段,6.58,都市：商,,,,08980011
RPQNMLPLMHNFFBE38CC,過田子段,95.00,都市：商,,,,07180000
RPTOMLPLMHNFFAE68CC,龍中段,79.90,都市：商,,,,01300008
RPROMLPLMHNFFAE48CC,青海段,87.05,都市：住,,,,00400004
RPXNMLPLMHNFFDE66CC,鼎金段,83.12,都市：住,,,,04350000
RPXOMLPLMHNFFEE86CC,新庄段十三小段,6.69,都市：商,,,,14450000
RPUNMLPLMHNFFDE98CC,大順段,6.38,都市：商,,,,03070000
RPUNMLPLMHNFFDE98CC,大順段,19.61,都市：住,,,,03070001
RPTPMLPLMHNFFDE09CC,大順段,.00,都市：住,,,,03990001
RPTPMLPLMHNFFDE09CC,大順段,.00,都市：商,,,,04000000
RPPOMLPLMHNFFGE88CC,埤頂段,45.21,都市：住,,,,12430035
RPXNMLPLMHNFFIE17CC,澄清段,8.27,都市：住,,,,00630080
RPXNMLPLMHNFFIE17CC,澄清段,61.61,都市：住,,,,00630004
RPPNMLPLMHNFFEE58CC,福民段,.00,都市：住,,,,01910000
RPQNMLPLMHNFFFE78CC,典寶段,99.72,非都市：一般農業區 ; 非都市編定：甲種建築用地,,,,05680000
RPUOMLPLMHNFFDE09CC,獅頭段,9.56,都市：住,,,,27390000
RPVOMLPLMHNFFEE66CC,新庄段三小段,.00,都市：住,,,,09640000
RPVOMLPLMHNFFEE66CC,新庄段三小段,.00,都市：住,,,,09690000
RPRPMLPLMHNFFEE98CC,左東段,15.59,都市：住,,,,05280000
RPROMLPLMHNFFEE98DC,楠都段四小段,18.45,都市：住,,,,01830000
RPQOMLQLMHNFFFE98CC,岡山段,34.47,都市：住,,,,04620000
RPXNMLQLMHNFFGE07CC,鳳頂段,70.07,都市：住,,,,00210001
RPSPMLQLMHNFFCE98CC,二苓段,.00,非都市： ; 非都市編定：,,,,13100000
RPRNMLQLMHNFFEE98DC,清楠段,82.79,都市：住,,,,05020000
RPWNMLQLMHNFFGE07DC,文英段,1588.00,都市：住,,,,21020001
RPQNMLQLMHNFFEE78CC,福山段,11.57,都市：住,,,,03820000
RPTPMLQLMHNFFCE09CC,佛公段,31.54,都市：商,,,,06220000
RPVNMLQLMHNFFEE66CC,菜公段六小段,.00,都市：住,,,,11230000
RPWOMLQLMHNFFEE86CC,福山段,14.89,都市：住,,,,00260000
RPVPMLQLMHNFFBE56CC,林德官段,36.00,都市：商,,,,15140034
RPVPMLQLMHNFFBE56CC,林德官段,4.00,都市：商,,,,15140044
RPQOMLQLMHNFFAE48CC,青海段,.00,都市：住,,,,04920000
RPSPMLQLMHNFFBE88CC,新興段一小段,.00,都市：商,,,,05400000
RPXPMLQLMHNFFBE76CC,林德官段,259.00,都市：商,,,,13350000
RPSNMLQLMHNFFAE58CC,青海段,49.38,都市：住,,,,02670000
RPSNMLQLMHNFFAE58CC,青海段,113.00,都市：住,,,,02670000
RPQOMLRLMHNFFCE78CC,鎮東段,63.00,都市：住,,,,01070000
RPQOMLRLMHNFFCE78CC,鎮東段,1.00,都市：住,,,,03120025
RPXNMLRLMHNFFBE66CC,新興段一小段,47.00,都市：商,,,,12560000
RPOOMLRLMHNFFAE38CC,龍華段七小段,3.13,都市：住,,,,10910000
RPOOMLRLMHNFFAE38CC,龍華段七小段,11.74,都市：住,,,,10920000
RPOOMLRLMHNFFAE38CC,龍華段七小段,3.13,都市：住,,,,10920001
RPROMLRLMHNFFCE88CC,?莊段,7.89,都市：商,,,,07210000
RPWNMLRLMHNFFEE86CC,加昌段二小段,6.81,都市：住,,,,19400000
RPWOMLRLMHNFFCE76CC,瑞南段一小段,26.42,都市：住,,,,10640000
RPOOMLRLMHNFFDE68CC,灣復段,73.01,都市：商,,,,10710000
RPPNMLSLMHNFFBE58CC,意誠段,.00,都市：商,,,,01990000
RPPOMLRLMHNFFGE09CC,新甲段,68.00,都市：住,,,,11160072
RPRNMLSLMHNFFBE78CC,意誠段,.00,都市：商,,,,01990000
RPSNMLRLMHNFFBE88DC,苓雅寮段,12.54,都市：商,,,,04920000
RPQNMLRLMHNFFIE66CC,澄清段,158.67,都市：住,,,,00330001
RPSNMLSLMHNFFBE88CC,意誠段,.00,都市：商,,,,01990000
RPUNMLSLMHNFFBE09CC,意誠段,.00,都市：商,,,,01990000
RPRNMLSLMHNFFGE66CC,埤頂段,21.00,都市：住,,,,13220019
RPTNMLSLMHNFFBE98CC,意誠段,.00,都市：商,,,,01990000
RPROMLKMMHNFFAE08CC,青海段,.00,都市：住,,,,00940000
RPQNMLKMMHNFFBE97CC,新興段四小段,.00,都市：商,,,,16770000
RPQNMLKMMHNFFBE97CC,新興段四小段,.00,都市：商,,,,16780000
RPSOMLKMMHNFFAE18CC,龍中段,.00,都市：商,,,,00150000
RPQNMLSLMHNFFBE68CC,意誠段,.00,都市：商,,,,01990000
RPUNMLKMMHNFFDE58CC,建昌段,16.16,都市：其他:第二種特定商業專用區,,,,04480000
RPUNMLKMMHNFFDE58CC,建昌段,12.26,都市：住,,,,04480001
RPVNMLKMMHNFFEE78CC,和平段二小段,13.34,都市：住,,,,01160000
RPUNMLKMMHNFFAE28CC,青海段,.00,都市：住,,,,00940000
RPWNMLKMMHNFFCE68CC,光華段一小段,.00,都市：商,,,,20700032
RPWNMLKMMHNFFCE68CC,光華段一小段,.00,都市：住,,,,20700010
RPWNMLKMMHNFFEE88CC,果貿段,19.80,都市：住,,,,00060000
RPTOMLMJNHNFFDE58CC,大港段三小段,3.83,都市：商,,,,07840001
RPVPMLKMMHNFFEE98CC,果貿段,.00,都市：住,,,,00540000
RPOPMLMJNHNFFDE18CC,三塊厝段二小段,.00,都市：商,,,,13570002
RPSNMLMJNHNFFAE08CC,前金段,1.14,都市：商,,,,01080005
RPPNMLMJNHNFFAE77CC,青海段,7.40,都市：商,,,,01510000
RPVNMLMJNHNFFDE68CC,灣中段,12.00,都市：商,,,,01800000
RPVNMLMJNHNFFDE68CC,灣中段,.03,都市：商,,,,01790002
RPPNMLMJNHNFFBE87CC,新興段四小段,8.15,都市：商,,,,24000000
RPPNMLMJNHNFFBE87CC,新興段四小段,2.10,都市：商,,,,24010000
RPTNMLMJNHNFFBE28CC,新興段二小段,19.68,都市：商,,,,14540000
RPVOMLMJNHNFFAE48CC,鼓中段五小段,.00,都市：住,,,,01920000
RPVOMLMJNHNFFAE48CC,鼓中段五小段,.00,都市：住,,,,01920002
RPTOMLMJNHNFFAE28CC,龍中段,17.97,都市：其他:空白,,,,01130000
RPQNMLNJNHNFFBE08CC,過田子段,88.00,都市：其他:市場用地,,,,11100013
RPROMLMJNHNFFBE18CC,苓洲段,4.33,都市：商,,,,05420000
RPUOMLMJNHNFFBE48CC,五權段,51.17,都市：住,,,,03710000
RPQNMLNJNHNFFAE97CC,龍華段一小段,38.59,都市：住,,,,02870000
RPVNMLNJNHNFFBE58CC,新興段四小段,.00,都市：商,,,,16770000
RPVNMLNJNHNFFBE58CC,新興段四小段,.00,都市：商,,,,16780000
RPRNMLNJNHNFFBE18CC,新興段二小段,.00,都市：商,,,,16080000
RPPOMLNJNHNFFAE97CC,龍華段一小段,1248.00,都市：住,,,,02080000
RPTNMLNJNHNFFAE28CC,文東段,24.30,都市：商,,,,03040000
RPWNMLNJNHNFFBE68CC,過田子段,.00,都市：商,,,,11360000
RPQNMLNJNHNFFDE28CC,覆鼎金段覆鼎金小段,15.22,都市：商,,,,15390000
RPXNMLNJNHNFFBE78CC,過田子段,.00,都市：商,,,,11360000
RPRNMLNJNHNFFDE38CC,大港段,1.57,都市：住,,,,36100000
RPRNMLNJNHNFFAE08CC,龍華段八小段,555.00,都市：住,,,,23500000
RPRNMLNJNHNFFDE38CC,大港段,1.96,都市：住,,,,36180000
RPRNMLNJNHNFFDE38CC,大港段,1.54,都市：住,,,,35930000
RPRNMLNJNHNFFDE38CC,大港段,1.41,都市：住,,,,36010000
RPRNMLNJNHNFFDE38CC,大港段,18.59,都市：住,,,,36060000
RPWOMLNJNHNFFEE09CC,藍昌段二小段,9.53,都市：商,,,,10170000
RPXOMLNJNHNFFEE56CC,菜公段六小段,.00,都市：住,,,,11350000
RPTOMLNJNHNFFEE78CC,新福段七小段,11.13,都市：住,,,,00050000
RPSNMLNJNHNFFCE38CC,店子後段,101.00,都市：住,,,,11800000
RPRNMLOJNHNFFAE18CC,龍中段,.00,都市：住,,,,02280000
RPSNMLOJNHNFFBE38CC,林德官段,.00,都市：商,,,,11810000
RPVPMLNJNHNFFEE09CC,楠梓段四小段,379.00,都市：其他:,,,,04230000
RPVPMLNJNHNFFEE09CC,楠梓段四小段,15.00,都市：其他:,,,,03790001
RPVPMLNJNHNFFEE09CC,楠梓段四小段,9.00,都市：其他:,,,,03790000
RPVPMLNJNHNFFEE09CC,楠梓段四小段,9.00,都市：其他:,,,,03780001
RPVPMLNJNHNFFEE09CC,楠梓段四小段,7.00,都市：其他:,,,,03250001
RPVNMLOJNHNFFBE68CC,意誠段,.00,都市：商,,,,01990000
RPWNMLOJNHNFFBE78CC,意誠段,.00,都市：商,,,,01990000
RPOOMLOJNHNFFCE18CC,竹北段,26.73,都市：住,,,,19550000
RPXNMLOJNHNFFBE88CC,意誠段,.00,都市：商,,,,01990000
RPPOMLOJNHNFFCE28CC,高松段二小段,89.41,都市：住,,,,20020049
RPQOMLOJNHNFFJE09CC,海埔段,203.00,都市：工,,,,22030067
RPPNMLPJNHNFFAE08CC,東金段,29.13,都市：商,,,,07180000
RPUNMLOJNHNFFBE58CC,意誠段,.00,都市：商,,,,01990000
RPQNMLPJNHNFFEE58CC,新庄段六小段,29.87,都市：住,,,,12000003
RPPNMLQJNHNFFAE18CC,龍華段一小段,.00,都市：住,,,,02240000
RPPNMLQJNHNFFIE98CC,赤南段,77.00,都市：住,,,,00840010
RPUNMLPJNHNFFIE76CC,松埔段,40.99,非都市：鄉村區 ; 非都市編定：乙種建築用地,,,,06450000
RPUNMLRJNHNFFBE88CC,林聖段,.00,都市：商,,,,00410000
RPQNMLRJNHNFFCE58CC,愛群段,7.61,都市：商,,,,24590000
RPQNMLRJNHNFFCE58CC,愛群段,5.40,都市：商,,,,24590000
RPQNMLRJNHNFFCE58CC,愛群段,7.61,都市：商,,,,24590000
RPTNMLRJNHNFFDE98CC,大裕段一小段,29.10,都市：住,,,,03770000
RPVNMLRJNHNFFAE88CC,龍華段八小段,8.77,都市：商,,,,22100000
RPOOMLRJNHNFFDE58CC,澄東段,21.02,都市：住,,,,00560000
RPXOMLRJNHNFFCE76CC,鳳宮段,12.53,都市：商,,,,04140000
RPTOMLRJNHNFFDE09CC,三塊厝段,325.00,都市：商,,,,13090005
RPTOMLRJNHNFFDE09CC,三塊厝段,163.00,都市：商,,,,13090006
RPTOMLRJNHNFFDE09CC,三塊厝段,154.00,都市：商,,,,13090007
RPQPMLRJNHNFFCE78CC,獅甲段一小段,37.06,都市：住,,,,05310000
RPXNMLSJNHNFFDE86CC,大豐段二小段,112.00,都市：其他:第二種特定商業專用區,,,,06910002
RPQNMLRJNHNFFDE68CC,三塊厝段,162.00,都市：商,,,,13000005
RPOOMLSJNHNFFDE68CC,大港段,24.52,都市：住,,,,34860004
RPQPMLSJNHNFFDE98CC,獅頭段,32.40,都市：商,,,,26400000
RPUNMLRJNHNFFDE09CC,灣昌段,89.52,都市：商,,,,01520000
RPRPMLSJNHNFFDE09CC,獅頭段,32.40,都市：商,,,,26400000
RPQNMLSJNHNFFCE68CC,愛群段,.00,都市：商,,,,20250000
RPTOMLSJNHNFFDE56CC,三塊厝段,.00,都市：商,,,,13230000
RPTOMLSJNHNFFDE56CC,三塊厝段,.00,都市：商,,,,13230021
RPWNMLSJNHNFFCE66CC,獅甲段,803.00,都市：其他:特貿四,,,,00020000
RPVOMLSJNHNFFDE76CC,建民段,192.06,都市：住,,,,07380065
RPSQMLSJNHNFFDE66CC,獅頭段,9.14,都市：住,,,,27390000
RPVOMLSJNHNFFDE76CC,建民段,102.50,都市：住,,,,07380064
RPSQMLSJNHNFFDE66CC,獅頭段,1.57,都市：商,,,,27390001
RPWOMLSJNHNFFEE96CC,新庄段十二小段,170.00,都市：住,,,,10350009
RPWNMLSJNHNFFBE56CC,林聖段一小段,11.50,都市：商,,,,20100000
RPXQMLSJNHNFFDE17CC,大港段三小段,.00,都市：商,,,,08030000
RPWNMLSJNHNFFAE09CC,大東段,55.00,都市：商,,,,06350000
RPPOMLSJNHNFFBE58CC,林德官段,2.74,都市：商,,,,14800000
RPPOMLSJNHNFFBE58CC,林德官段,14.01,都市：商,,,,14840000
RPSOMLSJNHNFFCE98CC,仁愛段,265.00,都市：工,,,,07970000
RPOOMLSJNHNFFLE86CC,磚子?段,810.00,都市：工,,,,39530005
RPWNMLSJNHNFFFE96CC,嘉興段,9933.00,非都市：特定農業區 ; 非都市編定：農牧用地,,,,08290000
RPOOMLSJNHNFFLE86CC,磚子?段,120.00,都市：工,,,,39530006
RPVOMLSJNHNFFGE07CC,文山段,.00,都市：住,,,,01860000
RPPOMLSJNHNFFIE66CC,八德段,99.83,都市：住,,,,13450000
RPSOMLTJNHNFFAE88CC,內惟段一小段,80.00,都市：住,,,,01780000
RPVNMLTJNHNFFIE27CC,北屋段,75.53,都市：住,,,,11280006
RPXNMLTJNHNFFBE76CC,苓洲段,4.33,都市：商,,,,05420000
RPPPMLTJNHNFFEE09CC,新庄段十二小段,.00,都市：住,,,,10710000
RPROMLTJNHNFFAE78CC,龍華段二小段,30.33,都市：商,,,,16360000
RPPOMLTJNHNFFBE68CC,武聖段,45.72,都市：住,,,,17970000
RPQPMLTJNHNFFEE56CC,新庄段五小段,9.42,都市：住,,,,07330000
RPQNMLTJNHNFFBE68CC,過田子段,64.00,都市：商,,,,09260007
RPRNMLTJNHNFFBE78CC,林德官段二小段,.00,都市：住,,,,34060000
RPSNMLTJNHNFFBE88CC,五塊厝段,.00,都市：商,,,,17690000
RPWNMLTJNHNFFCE76CC,瑞南段一小段,8.22,都市：商,,,,10180000
RPTNMLTJNHNFFBE98CC,意誠段,.00,都市：商,,,,01990000
RPQPMLKKNHNFFDE28CC,建豐段,6.84,都市：商,,,,08280000
RPSNMLKKNHNFFCE18CC,獅甲段二小段,18.40,都市：商,,,,05580000
RPOOMLTJNHNFFBE58CC,苓洲段,5.35,都市：商,,,,05420000
RPROMLKKNHNFFEE38CC,新庄段十三小段,885.00,都市：商,,,,14410000
RPQNMLKKNHNFFBE87CC,新興段四小段,66.00,都市：商,,,,02030000
RPVOMLTJNHNFFCE76CC,憲德段二小段,.00,都市：商,,,,00280000
RPTNMLTJNHNFFDE56CC,澄東段,22.89,都市：住,,,,00280000
RPVNMLKKNHNFFCE48CC,愛群段,891.00,都市：商,,,,24590000
RPUNMLKKNHNFFBE28CC,新興段四小段,48.00,都市：商,,,,21810000
RPSNMLKKNHNFFAE97CC,青海段,17.13,都市：住,,,,00120000
RPPOMLKKNHNFFBE87CC,新興段二小段,6.55,都市：商,,,,16220000
RPTNMLKKNHNFFCE28CC,仁愛段,12.00,都市：商,,,,03350001
RPTNMLKKNHNFFCE28CC,仁愛段,28.00,都市：商,,,,03350002
RPTNMLKKNHNFFCE28CC,仁愛段,12.00,都市：商,,,,03350003
RPTNMLKKNHNFFCE28CC,仁愛段,10.00,都市：商,,,,03350004
RPPNMLKKNHNFFAE67CC,龍華段一小段,.00,都市：住,,,,07810000
RPTNMLKKNHNFFCE28CC,仁愛段,8.00,都市：商,,,,03350005
RPTNMLKKNHNFFCE28CC,仁愛段,101.00,都市：商,,,,03350006
RPTNMLKKNHNFFCE28CC,仁愛段,157.00,都市：商,,,,03350153
RPXOMLKKNHNFFAE58CC,博孝段,5.50,都市：商,,,,12340000
RPSOMLKKNHNFFCE28CC,獅甲段一小段,37.62,都市：住,,,,05310000
RPOPMLKKNHNFFAE77CC,鼓中段五小段,41.13,都市：商,,,,01920000
RPOPMLKKNHNFFAE77CC,鼓中段五小段,.10,都市：商,,,,01920000
RPOOMLKKNHNFFAE67CC,青海段,19.84,都市：住,,,,03550002
RPTNMLKKNHNFFBE18CC,林德官段一小段,.00,都市：住,,,,26980000
RPROMLKKNHNFFIE78CC,大安段,187.00,都市：其他:,,,,09900002
RPUNMLKKNHNFFAE18CC,北金段,6.57,都市：商,,,,11340000
RPQOMLKKNHNFFGE48CC,竹子腳段,.00,都市：住,,,,01470164
RPUPMLKKNHNFFIE56CC,永仁段,.00,都市：住,,,,00900021
