﻿編號,土地位置,土地移轉面積(平方公尺),使用分區或編定,權利人持分分母,權利人持分分子,移轉情形,地號
The serial number, land position,land shifting area square meter,the use zoning or compiles and checks,,,,land parcel
RPQNMLLKKHNFFIF48CC,大學段二小段,20.31,都市：商,,,,00930000
RPPNMLLKKHNFFIF38CC,大學段二小段,22.81,都市：住,,,,00100001
RPRNMLLKKHNFFIF58CC,大學段一小段,16.37,都市：住,,,,01510001
RPXNMLMKKHNFFDF88DC,建成段,.00,都市：住,,,,06200000
RPXRMLMKKHNFFAF09EC,文化段,2.77,都市：住,,,,11980000
RPSOMLMKKHNFFAF28EC,金城段,32.31,都市：住,,,,02560000
RPPNMLLKKHNFFHF38DC,永安段,4.58,都市：商,,,,09940000
RPTPMLMKKHNFFAF48EC,學林段,17.55,都市：住,,,,03400000
RPUPMLMKKHNFFAF58EC,大庭段,.00,都市：住,,,,25670000
RPUOMLMKKHNFFAF48EC,仁愛段,.00,都市：其他:通訊數位專區,,,,11990001
RPQNMLMKKHNFFCF97CC,安和段,1517.49,都市：其他:,,,,10000000
RPPSMLMKKHNFFAF38EC,大巒段,1602.20,都市：工,,,,06010002
RPRNMLMKKHNFFCF08CC,福園段,.00,都市：住,,,,03670000
RPRNMLMKKHNFFCF08CC,福園段,.00,都市：住,,,,03700000
RPROMLMKKHNFFDF28CC,智興段,11.10,都市：商,,,,04500000
RPOSMLMKKHNFFAF28EC,光仁段,48.13,都市：工,,,,18300000
RPPNMLMKKHNFFBF77CC,丹鳳段,.00,都市：住,,,,04460000
RPQOMLMKKHNFFDF18CC,智興段,12.12,都市：商,,,,04500000
RPQNMLMKKHNFFIF58CC,十三添段打鐵坑小段,57.00,非都市：山坡地保育區 ; 非都市編定：丙種建築用地,,,,00860006
RPVOMLMKKHNFFEF78CC,公司田段,24.28,都市：其他:,,,,00210000
RPQPMLMKKHNFFEF38CC,馬偕段,5.67,都市：工,,,,01960000
RPXPNLMKKHNFFEF56CC,海鷗段,2.99,都市：住,,,,11910000
RPUNNLMKKHNFFEF68CC,馬偕段,5.67,都市：工,,,,01960000
RPPQMLNKKHNFFHF78CC,中原段,.00,都市：工,,,,05230000
RPVQMLMKKHNFFHF66CC,永安段,.00,都市：商,,,,00680000
RPVQMLMKKHNFFHF66CC,永安段,.00,都市：商,,,,00690000
RPONNLNKKHNFFEF18CC,公司田段,17.41,都市：住,,,,01210000
RPXSMLMKKHNFFEF76CC,淡海段,39.11,都市：商,,,,01040000
RPUQMLNKKHNFFHF66CC,新民段,82.98,都市：工,,,,03520000
RPPQNLMKKHNFFEF48CC,新興段,21.35,都市：住,,,,10390000
RPUONLNKKHNFFEF88CC,海鷗段,.00,非都市： ; 非都市編定：,,,,00580000
RPQQMLNKKHNFFHF88CC,板南段,.00,都市：工,,,,03180000
RPWOMLNKKHNFFAF58CC,板院段,.00,都市：住,,,,08180000
RPRSMLNKKHNFFEF88CC,正德段,49.79,都市：住,,,,06620000
RPXNMLNKKHNFFBF68CC,國宅段,.00,都市：住,,,,00180019
RPUOMLNKKHNFFBF48CC,芳洲段,.00,都市：住,,,,01440000
RPWNMLNKKHNFFBF58CC,興化段,649.29,都市：工,,,,05320000
RPSOMLNKKHNFFBF28CC,芳洲段,.00,都市：住,,,,01490000
RPVOMLNKKHNFFBF58CC,頭興段,.00,都市：工,,,,00550010
RPSSMLNKKHNFFBF68CC,幸福段,.00,都市：工,,,,07990000
RPTPMLNKKHNFFGF98CC,興德段,.00,都市：工,,,,06460000
RPXOMLNKKHNFFBF78CC,頭興段,.00,都市：工,,,,00550004
RPVPMLNKKHNFFGF56CC,中興段,.00,都市：商,,,,04690000
RPSNMLNKKHNFFCF28CC,中華段,.00,都市：住,,,,06750000
RPSNMLNKKHNFFCF28CC,中華段,.00,都市：其他:道路用地,,,,06750001
RPROMLOKKHNFFCF38CC,寶橋段,.00,都市：工,,,,04510000
RPWPMLNKKHNFFGF66CC,中興段,.00,都市：工,,,,07940000
RPUQMLOKKHNFFBF98EC,國宅段,34.82,都市：住,,,,00010000
RPVNMLOKKHNFFAF48CC,江子翠段第二崁小段,.00,都市：住,,,,01620025
RPUQMLOKKHNFFBF88DC,中誠段,3.12,都市：住,500,53,持分移轉,06720000
RPUQMLOKKHNFFBF88DC,中誠段,13.86,都市：住,500,53,持分移轉,06710000
RPUQMLOKKHNFFBF88DC,中誠段,3.41,都市：住,500,53,持分移轉,06700000
RPPNMLKLKHNFFIF38CC,大學段一小段,32.88,都市：住,,,,01870001
RPQNMLKLKHNFFIF48CC,大學段二小段,40.09,都市：住,,,,01250000
RPUPMLOKKHNFFDF09EC,保長段,3.97,都市：住,,,,09950000
RPSNMLKLKHNFFIF68CC,大學段一小段,10.60,都市：住,,,,00110000
RPTNMLKLKHNFFIF78CC,和平段,25.69,都市：住,,,,07730000
RPVQMLOKKHNFFEF56CC,水仙段,.00,都市：住,,,,03190000
RPSOMLOKKHNFFEF68CC,海鷗段,.00,都市：住,,,,09710000
RPSNMLLLKHNFFCF18CC,惠國段,.00,都市：住,,,,04780000
RPRNMLKLKHNFFIF58CC,大學段二小段,8.46,都市：住,,,,01030000
RPSNMLLLKHNFFDF48EC,保長段,3.91,都市：住,,,,09950000
RPPNMLLLKHNFFDF97CC,智興段,12.23,都市：住,,,,05150000
RPQNMLLLKHNFFCF97CC,行政段,.00,都市：住,,,,08180000
RPVPMLLLKHNFFDF98EC,昊天段,317.78,都市：工,,,,08720000
RPUQMLLLKHNFFEF88CC,馬偕段,11.80,都市：工,,,,01960000
RPWNMLLLKHNFFDF68CC,新峰段,30.09,都市：住,,,,11680000
RPSOMLLLKHNFFAF08CC,港子嘴段,.00,都市：住,,,,02460000
RPRPMLLLKHNFFDF38CC,同新段,17.44,都市：工,,,,00130000
RPRPMLLLKHNFFDF38CC,同新段,.01,都市：工,,,,00130001
RPRPMLLLKHNFFDF38CC,同新段,.00,都市：工,,,,00130002
RPTNMLLLKHNFFBF18CC,安泰段,.00,都市：工,,,,06550000
RPQNMLLLKHNFFBF87CC,幸福段,.00,都市：工,,,,01120000
RPOQMLMLKHNFFBF08CC,立德段,6.86,都市：住,,,,01140000
RPPQMLMLKHNFFBF18CC,忠孝段,5.97,都市：商,,,,04880000
RPQOMLLLKHNFFDF18CC,建成段,1.69,都市：住,,,,05750000
RPQQMLMLKHNFFBF28CC,副都心段六小段,32.95,都市：住,,,,00170000
RPSPMLLLKHNFFDF48CC,同新段,9.56,都市：工,,,,00130000
RPSPMLLLKHNFFDF48CC,同新段,.00,都市：工,,,,00130001
RPSPMLLLKHNFFDF48CC,同新段,.00,都市：工,,,,00130002
RPRQMLMLKHNFFBF38CC,立德段,25.74,都市：住,,,,01180000
RPTQMLMLKHNFFBF58CC,同興段,13.58,都市：商,,,,01350000
RPSQMLMLKHNFFBF48CC,芳洲段,16.55,都市：住,,,,00280000
RPRPMLLLKHNFFBF18CC,榮富段,10.63,都市：住,,,,09060001
RPXQMLMLKHNFFBF98CC,中原段,34.01,都市：住,,,,02310000
RPQOMLMLKHNFFHF68CC,中正段,.00,都市：商,,,,08480000
RPPOMLMLKHNFFEF28CC,公司田段,11.69,都市：住,,,,01920000
RPUOMLMLKHNFFAF38CC,力行段,13.43,都市：住,,,,04080013
RPQPMLMLKHNFFAF08CC,江子翠段第二崁小段,18.73,都市：住,,,,01820000
RPSPMLMLKHNFFHF98CC,景平段,.00,都市：住,,,,00230000
RPXNMLMLKHNFFHF66CC,福和段,.00,都市：商,,,,09430000
RPXNMLMLKHNFFHF66CC,福和段,.00,都市：住,,,,09430001
RPROMLMLKHNFFHF78CC,中和段,.00,都市：住,,,,01840000
RPWOMLMLKHNFFEF98CC,龍米段,4.71,都市：住,,,,24310000
RPWOMLMLKHNFFHF66CC,安樂段,.00,都市：住,,,,04210000
RPTQMLMLKHNFFHF56CC,新和段,.00,都市：住,,,,00680000
RPTOMLMLKHNFFHF98CC,竹林段,.00,都市：住,,,,06370000
RPXQMLMLKHNFFHF96CC,興南段,.00,都市：住,,,,06780000
RPUQMLMLKHNFFHF66CC,員山段,.00,都市：住,,,,03840000
RPVQMLMLKHNFFHF76CC,華中段,26.94,都市：住,,,,00610000
RPSQMLMLKHNFFHF09CC,景華段,16.09,都市：住,,,,05350000
RPWPMLMLKHNFFHF76CC,國光段,.00,都市：住,,,,00030000
RPSNMLMLKHNFFDF58EC,保長段,4.04,都市：住,,,,09950000
RPPOMLMLKHNFFGF48CC,正義段,.00,都市：商,,,,05040000
RPTNMLNLKHNFFHF98CC,大仁段,.00,都市：住,,,,05670000
RPVNMLMLKHNFFDF88EC,智興段,16.20,都市：住,,,,03580000
RPVNMLMLKHNFFDF88EC,智興段,48.20,都市：住,,,,03590002
RPVNMLMLKHNFFDF88EC,智興段,22.60,都市：住,,,,03670001
RPWOMLNLKHNFFIF86CC,大學段一小段,.00,都市：住,,,,01380000
RPQOMLNLKHNFFIF88CC,大學段一小段,19.38,都市：住,,,,01830003
RPTOMLNLKHNFFHF09CC,公園段,.00,都市：商,,,,06470000
RPUOMLNLKHNFFHF56CC,景華段,.00,都市：住,,,,04020000
RPSNMLNLKHNFFHF88CC,盛昌段,.00,都市：住,,,,01530000
RPUNMLNLKHNFFHF09CC,華中段,.00,都市：住,,,,00610000
RPROMLNLKHNFFHF88CC,文化段,.00,都市：住,,,,00860000
RPVOMLNLKHNFFHF66CC,林森段,.00,都市：住,,,,01850000
RPVOMLNLKHNFFHF66CC,林森段,.00,都市：住,,,,01850000
RPSOMLNLKHNFFHF98CC,雙和段,.00,都市：住,,,,01430000
RPXPMLNLKHNFFEF66CC,馬偕段,5.67,都市：工,,,,01960000
RPPPMLNLKHNFFHF78CC,水源段,.00,都市：商,,,,06850000
RPPPMLNLKHNFFHF78CC,水源段,.00,都市：商,,,,06860000
RPSPMLNLKHNFFHF09CC,大華段,.00,都市：住,,,,13140000
RPTNMLNLKHNFFDF58CC,昊天段,60.24,都市：工,,,,10860000
RPRPMLNLKHNFFHF98CC,安邦段,.00,都市：工,,,,00140000
RPPNMLOLKHNFFEF38CC,淡海段,46.40,都市：住,,,,00850000
RPTOMLQLKHNFFHF76CC,永平段,10.69,都市：住,,,,07130000
RPTOMLQLKHNFFHF76CC,永平段,.01,都市：其他:道路用地,,,,07130001
RPWOMLNLKHNFFAF68CC,運校段,.00,都市：住,,,,06720000
RPUQMLQLKHNFFEF76CC,關渡段,.00,都市：商,,,,05870002
RPSOMLQLKHNFFDF88CC,厚德段,.00,都市：住,,,,01740000
RPXNMLQLKHNFFEF76CC,馬偕段,5.67,都市：工,,,,01960000
RPWOMLQLKHNFFHF07CC,華中段,24.96,都市：住,,,,00480000
RPVOMLQLKHNFFDF56CC,福德段,44.78,都市：住,,,,07750000
RPROMLQLKHNFFDF78CC,智興段,.00,都市：商,,,,04710000
RPROMLQLKHNFFDF78CC,智興段,.00,都市：住,,,,04760000
RPRNMLQLKHNFFBF48CC,芳洲段,.00,都市：商,,,,01410000
RPVPMLQLKHNFFAF98CC,樂利段,.00,都市：住,,,,03870000
RPVPMLQLKHNFFAF98CC,樂利段,.00,都市：住,,,,03880000
RPOSMLQLKHNFFBF68CC,榮富段,14.73,都市：住,,,,08820001
RPQNMLQLKHNFFBF38CC,芳洲段,.00,都市：商,,,,01360000
RPPSMLQLKHNFFBF78CC,榮富段,10.01,都市：住,,,,08500000
RPQSMLQLKHNFFBF88CC,榮富段,10.65,都市：住,,,,08350000
RPVSMLQLKHNFFBF76CC,榮富段,10.97,都市：住,,,,09290000
RPXNMLQLKHNFFIF17CC,中華段,82.95,都市：工,,,,05710000
RPVNMLRLKHNFFGF86CC,三民段,.00,都市：住,,,,02350000
RPTSMLQLKHNFFBF56CC,副都心段一小段,24.44,都市：商,,,,00100000
RPWNMLRLKHNFFGF96CC,富貴段,.00,都市：住,,,,05400000
RPUOMLRLKHNFFBF98CC,新豐段,9.75,都市：商,,,,00100000
RPUNMLQLKHNFFIF86CC,尖山堆段,209.99,都市：工,,,,02710000
RPXNMLRLKHNFFAF66EC,文化段,91.00,都市：住,,,,14820000
RPXRMLRLKHNFFBF96CC,新豐段,9.75,都市：商,,,,00100000
RPSRMLRLKHNFFBF09CC,新豐段,9.75,都市：商,,,,00100000
RPVRMLRLKHNFFBF76CC,新豐段,8.50,都市：商,,,,00100000
RPOTMLRLKHNFFAF78CC,金城段,.00,都市：住,,,,03280000
RPWTMLRLKHNFFBF07CC,副都心段一小段,13.09,都市：商,,,,02890000
RPWOMLRLKHNFFAF66EC,信義段,1495.00,都市：工,,,,02460000
RPWOMLRLKHNFFAF66EC,信義段,86.00,都市：工,,,,02280000
RPWOMLRLKHNFFAF66EC,信義段,82.00,都市：工,,,,02290000
RPRNMLSLKHNFFBF68CC,建林段,18.64,都市：住,,,,00630000
RPUNMLRLKHNFFHF86CC,華新段,.00,都市：住,,,,04740000
RPPNMLSLKHNFFGF98CC,忠孝段,.00,都市：住,,,,08240000
RPROMLLJLHNFFCF08CC,北宜段,.00,都市：其他:,,,,02980000
RPRNMLLJLHNFFGF38CC,中興段,.00,都市：工,,,,04540000
RPXNMLLJLHNFFDF88EC,保長段,8.53,都市：住,,,,09950000
RPTNMLLJLHNFFAF97CC,文化段,.00,都市：住,,,,11980000
RPXUMLRLKHNFFBF27CC,芳洲段,.00,都市：住,,,,01680000
RPWNMLLJLHNFFBF38CC,五工段,767.45,非都市：工業區 ; 非都市編定：丁種建築用地,,,,03210000
RPSNMLLJLHNFFDF18CC,昊天段,.00,都市：工,,,,08720000
RPQNMLLJLHNFFDF97CC,智興段,.00,都市：住,,,,01040000
RPSNMLLJLHNFFEF28CC,中正段,13.62,都市：商,,,,02410000
RPSNMLLJLHNFFEF28CC,中正段,1.29,都市：商,,,,02470000
RPOOMLLJLHNFFIF38CC,大學段一小段,11.26,都市：住,,,,00350000
RPSSMLMJLHNFFEF88CC,公司田段,18.93,都市：住,,,,01930000
RPOOMLMJLHNFFDF97CC,建成段,5.54,都市：住,,,,07690000
RPXNMLMJLHNFFHF56CC,南工段,.00,都市：商,,,,07430000
RPQNMLMJLHNFFDF08CC,智興段,.00,都市：住,,,,07010000
RPWPMLMJLHNFFAF58CC,運校段,.00,都市：住,,,,07940000
RPTNMLMJLHNFFDF38CC,崇德段,.00,都市：住,,,,15160000
RPVPMLMJLHNFFAF48CC,中正段,.00,都市：住,,,,07890000
RPVOMLMJLHNFFHF09CC,健康段,82.23,都市：工,,,,05630000
RPUNMLMJLHNFFDF48CC,昊天段,29.84,都市：工,,,,08720000
RPQOMLMJLHNFFGF48CC,富貴段,.00,都市：住,,,,05400000
RPWSMLMJLHNFFBF98CC,恒安段,7.10,都市：住,,,,03670000
RPWSMLMJLHNFFBF98CC,恒安段,18.70,都市：住,,,,03680000
RPPNMLOJLHNFFEF28CC,馬偕段,5.67,都市：工,,,,01960000
RPXNMLMJLHNFFIF66CC,大學段二小段,44.49,都市：住,,,,00330000
RPPNMLMJLHNFFAF87EC,頂福段,306.00,都市：住,,,,08810000
RPWQMLPJLHNFFEF76CC,公司田段,23.54,都市：住,,,,00060000
RPVQMLPJLHNFFEF66CC,公司田段,17.21,都市：住,,,,00050000
RPRRMLPJLHNFFEF98CC,公司田段,26.23,都市：住,,,,00100000
RPVRMLPJLHNFFEF76CC,海鷗段,2.73,都市：商,,,,11910000
RPTRMLPJLHNFFEF56CC,淡海段,26.71,都市：住,,,,00770000
RPOOMLPJLHNFFBF08CC,麗林段,11.38,都市：商,,,,04070004
RPWOMLPJLHNFFDF09CC,福德段,10.76,都市：其他:,,,,06120000
RPUOMLPJLHNFFBF68CC,成泰段,46.28,都市：工,,,,00630000
RPSOMLPJLHNFFAF38CC,文化段,.00,都市：住,,,,14410000
RPXNMLPJLHNFFBF88CC,建林段,47.71,都市：住,,,,10120000
RPRNMLPJLHNFFDF48CC,新峰段,17.30,都市：住,,,,06960000
RPOPMLPJLHNFFDF38CC,智興段,6.01,都市：住,,,,01040000
RPQPMLPJLHNFFDF58CC,智興段,6.21,都市：住,,,,01040000
RPTNMLPJLHNFFCF58CC,復興段,45.74,都市：工,,,,03800000
RPRPMLPJLHNFFCF58CC,莊敬段,.00,都市：工,,,,07780000
RPXNMLQJLHNFFDF56CC,智興段,.00,都市：商,,,,04860000
RPOOMLQJLHNFFDF38CC,智興段,23.03,都市：住,,,,11200000
RPTOMLPJLHNFFCF68CC,竹林段,20.00,都市：住,,,,05100000
RPWNMLQJLHNFFAF78CC,力行段,29.49,都市：住,,,,04080013
RPOOMLQJLHNFFAF08CC,力行段,18.69,都市：住,,,,04080013
RPQOMLPJLHNFFIF98CC,太平段,25.48,都市：住,,,,07500000
RPQOMLQJLHNFFDF58CC,橫科段橫科小段,1617.50,非都市：山坡地保育區 ; 非都市編定：農牧用地,,,,03520000
RPTOMLQJLHNFFAF58CC,力行段,25.54,都市：住,,,,04080013
RPRPMLQJLHNFFEF88CC,水仙段,.42,都市：住,,,,00670003
RPRPMLQJLHNFFEF88CC,水仙段,2.26,都市：住,,,,00670000
RPQOMLQJLHNFFBF38CC,復興段,86.99,都市：住,,,,00060000
RPQQMLQJLHNFFAF48CC,大安段,53.42,都市：工,,,,07450000
RPTNMLQJLHNFFEF88CC,正德段,12.50,都市：住,,,,07440000
RPPOMLQJLHNFFEF58CC,正德段,6.10,都市：住,,,,07440000
RPXPMLQJLHNFFEF86CC,興化店段頂田寮小段,3640.00,非都市：特定農業區 ; 非都市編定：農牧用地,,,,01360002
RPXQMLQJLHNFFEF96CC,公司田段,19.68,都市：住,,,,01330000
RPPRMLQJLHNFFEF88CC,下圭柔山段,221.00,都市：工,,,,03450004
RPQRMLQJLHNFFEF98CC,下圭柔山段,389.55,都市：工,,,,03450004
RPRRMLQJLHNFFEF09CC,公司田段,334.69,都市：住,,,,00890000
RPUNMLQJLHNFFHF66CC,華中段,.00,都市：住,,,,00610000
RPPNMLQJLHNFFHF78CC,仁愛段,.00,都市：商,,,,00190000
RPURMLRJLHNFFEF86CC,公司田段,334.69,都市：住,,,,00890000
RPOOMLQJLHNFFHF78CC,公園段,.00,都市：商,,,,06290000
RPWNMLRJLHNFFHF96CC,民富段,.00,都市：工,,,,03640000
RPOOMLQJLHNFFHF78CC,公園段,.00,都市：商,,,,06470000
RPOOMLRJLHNFFIF98CC,圳福段,173.68,都市：工,,,,01560000
RPVQMLRJLHNFFAF09CC,員和段,.00,都市：住,,,,11790000
RPVQMLRJLHNFFAF09CC,員和段,.00,都市：住,,,,11850000
RPVQMLRJLHNFFAF09CC,員和段,.00,都市：住,,,,11870000
RPVQMLRJLHNFFAF09CC,員和段,.00,都市：住,,,,11900000
RPVQMLRJLHNFFAF09CC,員和段,.00,都市：商,,,,11880000
RPVQMLRJLHNFFAF09CC,員和段,.00,都市：商,,,,11890000
RPUOMLRJLHNFFGF76CC,雙園段,.00,都市：住,,,,07330000
RPPNMLSJLHNFFGF88CC,光華段,.00,都市：住,,,,12540000
RPPPMLRJLHNFFBF48CC,建林段,15.55,都市：住,,,,01440000
RPSNMLSJLHNFFIF76CC,太平段,31.28,都市：住,,,,01720000
RPVPMLSJLHNFFDF96EC,保長段,14.85,都市：住,,,,09950000
RPUOMLSJLHNFFCF09CC,安坑段車子路小段,31.43,非都市：山坡地保育區 ; 非都市編定：丙種建築用地,,,,01800039
RPUOMLSJLHNFFCF09CC,安坑段車子路小段,3.10,非都市：山坡地保育區 ; 非都市編定：丙種建築用地,,,,01800142
RPUOMLSJLHNFFCF09CC,安坑段車子路小段,3.90,非都市：山坡地保育區 ; 非都市編定：丙種建築用地,,,,01800143
RPUOMLSJLHNFFCF09CC,安坑段車子路小段,2.10,非都市：山坡地保育區 ; 非都市編定：丙種建築用地,,,,01800144
RPUOMLSJLHNFFCF09CC,安坑段車子路小段,9.23,非都市：山坡地保育區 ; 非都市編定：丙種建築用地,,,,01800145
RPQQMLSJLHNFFDF56EC,保長段,5.51,都市：住,,,,10540000
RPXOMLSJLHNFFAF76EC,沛陂段,278.26,都市：工,,,,03040043
RPXOMLSJLHNFFAF76EC,沛陂段,16.59,非都市：一般農業區 ; 非都市編定：丁種建築用地,,,,03040031
RPXOMLSJLHNFFAF76EC,沛陂段,82.68,都市：工,,,,03040054
RPXOMLSJLHNFFAF76EC,沛陂段,4.93,非都市：一般農業區 ; 非都市編定：丁種建築用地,,,,03040055
RPXOMLSJLHNFFAF76EC,沛陂段,15.40,非都市：一般農業區 ; 非都市編定：丁種建築用地,,,,03040057
RPXOMLSJLHNFFAF76EC,沛陂段,258.51,都市：工,,,,03040058
RPVPMLSJLHNFFAF09CC,力行段,25.39,都市：住,,,,04080040
RPXPMLSJLHNFFDF96CC,智興段,.00,都市：商,,,,05110000
RPPNMLSJLHNFFDF58CC,智興段,.00,都市：住,,,,02650000
RPPNMLSJLHNFFDF58CC,智興段,.00,都市：其他:道路用地,,,,02650001
RPPNMLSJLHNFFEF68CC,新市段,44.21,都市：住,,,,00530000
RPQNMLSJLHNFFDF68CC,水源段,.00,都市：住,,,,09920000
RPQNMLSJLHNFFDF68CC,水源段,.00,都市：其他:保護區,,,,09920001
RPXNMLSJLHNFFEF86CC,新興段,12.81,都市：其他:,,,,07420000
RPXRMLSJLHNFFAF07EC,埔墘段,18.52,都市：住,,,,00430000
RPTOMLSJLHNFFEF56CC,馬偕段,5.67,都市：工,,,,01960000
RPXPMLSJLHNFFDF17EC,保長段,8.73,都市：住,,,,09950000
RPXPMLSJLHNFFAF66CC,力行段,25.57,都市：住,,,,04080040
RPRNMLTJLHNFFEF98CC,竹圍段,8.32,都市：商,,,,03900000
RPQOMLTJLHNFFEF98CC,公司田段,24.49,都市：住,,,,01880000
RPOPMLTJLHNFFHF56CC,板南段,.00,都市：工,,,,03820000
RPOPMLTJLHNFFHF56CC,板南段,.00,都市：其他:道路用地,,,,03820001
RPVOMLSJLHNFFBF09CC,力行段,.00,都市：住,,,,09840000
RPPPMLTJLHNFFHF66CC,板南段,.00,都市：工,,,,03820000
RPPPMLTJLHNFFHF66CC,板南段,.00,都市：其他:道路用地,,,,03820001
RPOOMLTJLHNFFBF48CC,力行段,.00,都市：商,,,,02590001
RPORMLTJLHNFFAF68CC,海山段,.00,都市：住,,,,10860000
RPTNMLTJLHNFFDF66EC,保長段,3.91,都市：住,,,,09950000
RPUNMLTJLHNFFDF76EC,保長段,3.91,都市：住,,,,09950000
RPTOMLTJLHNFFGF86CC,中興段,.00,都市：工,,,,07940000
RPXNMLTJLHNFFAF56CC,員和段,.00,都市：商,,,,13550000
RPTPMLTJLHNFFAF09DC,府中段,.50,都市：商,,,,12980002
RPTPMLTJLHNFFAF09DC,府中段,.55,都市：商,,,,12980003
RPTPMLTJLHNFFAF09DC,府中段,.60,都市：商,,,,12980004
RPTPMLTJLHNFFAF09DC,府中段,.40,都市：商,,,,13030000
RPTPMLTJLHNFFAF09DC,府中段,.20,都市：商,,,,16550001
RPTPMLTJLHNFFAF09DC,府中段,4.51,都市：商,,,,16550002
RPVNMLTJLHNFFAF56EC,新板段三小段,7.49,都市：其他:第二種特定專用區,,,,00250000
RPQNMLTJLHNFFDF98EC,保長段,8.73,都市：住,,,,09950000
RPRNMLKKLHNFFBF87CC,中原段,25.87,都市：商,,,,01730000
RPPNMLKKLHNFFBF67CC,榮富段,15.80,都市：住,,,,09060001
RPQNMLKKLHNFFBF77CC,副都心段一小段,12.91,都市：住,,,,00780000
RPUNMLTJLHNFFAF09EC,江子翠段第二崁小段,.00,都市：住,,,,01640000
RPUNMLKKLHNFFBF18CC,建林段,42.37,都市：住,,,,08630000
RPSNMLKKLHNFFBF97CC,榮富段,15.38,都市：住,,,,08530000
RPXOMLMKLHNFFEF09CC,公司田段,15.31,都市：住,,,,01930000
RPTNMLKKLHNFFBF08CC,榮富段,14.00,都市：住,,,,08530000
RPOOMLLKLHNFFEF08CC,公司田段,49.91,都市：住,,,,01920000
RPSOMLMKLHNFFHF88CC,公園段,19.98,都市：住,,,,04210000
RPPNMLMKLHNFFHF48CC,大同段,.00,都市：住,,,,02080000
RPUPMLMKLHNFFHF56CC,華中段,67.93,都市：住,,,,00190000
RPSPMLMKLHNFFEF68CC,海天段,24.54,都市：住,,,,02250000
RPVNMLKKLHNFFBF28CC,副都心段一小段,12.78,都市：住,,,,03290000
RPVNMLMKLHNFFBF48CC,建林段,.00,都市：住,,,,02860000
RPRPMLMKLHNFFEF58CC,公司田段,21.39,都市：住,,,,00580000
RPUOMLMKLHNFFHF09CC,福和段,.00,都市：商,,,,02330000
RPUOMLMKLHNFFHF09CC,福和段,.00,都市：住,,,,02330001
RPRQMLMKLHNFFBF38CC,新林段,48.07,都市：住,,,,11260000
RPPQMLMKLHNFFBF18CC,力行段,15.93,都市：住,,,,09370000
RPOQMLMKLHNFFBF08CC,國宅段,19.91,都市：住,,,,00090003
RPOPMLMKLHNFFAF87CC,力行段,24.30,都市：住,,,,04080040
RPQQMLMKLHNFFBF28CC,力行段,14.68,都市：住,,,,09840000
RPTQMLMKLHNFFBF58CC,力行段,10.81,都市：商,,,,07400000
RPSPMLMKLHNFFDF58CC,環河段,7.05,都市：工,,,,03890000
RPSPMLMKLHNFFDF58CC,環河段,47.74,都市：工,,,,03990000
RPPQMLMKLHNFFDF38CC,建成段,3.25,都市：住,,,,05980000
RPPQMLMKLHNFFDF38CC,建成段,9.02,都市：住,,,,07090000
RPSNMLMKLHNFFGF68CC,保佑段,.00,都市：其他:(捷運系統用地),,,,00070000
RPTNMLMKLHNFFIF98CC,永昌段,41.75,都市：住,,,,01550000
RPSOMLNKLHNFFIF09CC,太平段,.00,都市：住,,,,04520000
RPVOMLNKLHNFFGF56CC,過田段,.00,都市：商,,,,10060000
RPUOMLNKLHNFFGF09CC,中原段,.00,都市：住,,,,04490000
RPTOMLNKLHNFFAF58EC,公館段,37.33,都市：住,,,,08870000
RPWOMLNKLHNFFGF66CC,光興段,.00,都市：商,,,,03660000
RPWOMLNKLHNFFGF66CC,光興段,.00,都市：商,,,,03310000
RPROMLNKLHNFFAF18CC,光仁段,.00,都市：住,,,,12640000
RPSNMLNKLHNFFDF48CC,智興段,.00,都市：住,,,,13980000
RPPOMLNKLHNFFAF97CC,光華段,.00,都市：住,,,,04450008
RPVNMLNKLHNFFBF58CC,富國段,.00,都市：商,,,,02340000
RPSOMLNKLHNFFAF28CC,學成段,.00,都市：住,,,,03580000
RPSOMLNKLHNFFAF28CC,學成段,.00,都市：住,,,,03590000
RPSOMLNKLHNFFAF28CC,學成段,.00,都市：住,,,,04180000
RPQSMLNKLHNFFAF48CC,江子翠段第三崁小段,.00,都市：住,,,,02370000
RPWPMLNKLHNFFHF86CC,板南段,.00,都市：工,,,,03110000
RPXPMLNKLHNFFHF96CC,板南段,.00,都市：工,,,,03110000
RPTPMLNKLHNFFBF58CC,建林段,31.32,都市：住,,,,02910000
RPQNMLNKLHNFFEF38CC,公司田段,17.77,都市：住,,,,00880000
RPOQMLNKLHNFFHF78CC,板南段,.00,都市：工,,,,03110000
RPPOMLNKLHNFFEF38CC,淡海段,.00,都市：住,,,,00850000
RPPQMLNKLHNFFHF88CC,板南段,.00,都市：工,,,,03110000
RPROMLOKLHNFFEF68CC,公司田段,20.18,都市：住,,,,01930000
RPSOMLOKLHNFFEF78CC,海鷗段,9.86,都市：住,,,,09250000
RPUOMLOKLHNFFEF98CC,中興段,27.03,都市：住,,,,08770000
RPWNMLOKLHNFFHF76CC,長堤段,.00,都市：住,,,,06530000
RPUOMLOKLHNFFEF98CC,中興段,3.28,都市：住,,,,08770001
RPOOMLOKLHNFFHF68CC,信義段,.00,都市：住,,,,05070000
RPVUMLOKLHNFFEF07CC,正德段,14.11,都市：住,,,,09030000
RPROMLOKLHNFFHF98CC,信義段,.00,都市：商,,,,05040000
RPUOMLOKLHNFFBF68CC,中原段,33.16,都市：住,,,,01800000
RPWOMLOKLHNFFBF88CC,副都心段一小段,20.52,都市：商,,,,03990000
RPXPMLOKLHNFFBF09CC,力行段,9.00,都市：商,,,,00890000
RPQPMLOKLHNFFBF38CC,芳洲段,.00,都市：商,,,,01410000
RPVNMLOKLHNFFDF09EC,保長段,3.91,都市：住,,,,09950000
RPOOMLOKLHNFFDF48EC,保長段,7.82,都市：住,,,,09950000
RPOSMLOKLHNFFBF48CC,合鳳段,.00,都市：其他:部分住宅區部分道路用地,,,,01130000
RPUQMLOKLHNFFBF88CC,四維段,.00,都市：住,,,,04520000
RPXNMLOKLHNFFCF09DC,寶強段,5.00,都市：住,,,,03510000
RPVNMLOKLHNFFCF88DC,寶強段,2.76,都市：其他:,,,,10680000
RPOOMLOKLHNFFCF28DC,寶強段,5.00,都市：住,,,,03510000
RPXPMLOKLHNFFIF17CC,大學段一小段,.00,都市：住,,,,01380000
RPRPMLOKLHNFFGF98CC,富貴段,.00,都市：住,,,,04990000
RPXNMLOKLHNFFDF66EC,保長段,5.51,都市：住,,,,10540000
RPRNMLPKLHNFFDF58CC,智興段,.00,都市：商,,,,04710000
RPRNMLPKLHNFFDF58CC,智興段,.00,都市：住,,,,04760000
RPPNMLPKLHNFFCF28CC,福園段,.00,都市：住,,,,03670000
RPPNMLPKLHNFFCF28CC,福園段,.00,都市：住,,,,03700000
RPPOMLPKLHNFFDF48CC,智興段,.00,都市：商,,,,04410000
RPTQMLPKLHNFFEF56CC,新興段,8.64,都市：住,,,,01460000
RPVOMLQKLHNFFAF88CC,文化段,22.00,都市：住,,,,27990000
RPQNMLPKLHNFFDF48CC,智興段,.00,都市：商,,,,04410000
RPOOMLPKLHNFFDF38CC,福德段,10.76,都市：其他:,,,,07990000
RPWOMLQKLHNFFEF76CC,海天段,21.43,都市：住,,,,02740000
RPOSMLQKLHNFFBF68CC,富國段,.00,都市：住,,,,05570000
RPPNMLSKLHNFFDF68CC,智興段,.00,都市：商,,,,04410000
RPVPMLQKLHNFFBF09CC,化成段,89.23,都市：工,,,,01770000
RPPNMLQKLHNFFHF88CC,信和段,16.48,都市：住,,,,01030000
RPRNMLSKLHNFFDF88CC,智興段,.00,都市：其他:市場用地,,,,10610000
RPQNMLSKLHNFFDF78CC,智興段,.00,都市：商,,,,05520002
RPQNMLSKLHNFFDF78CC,智興段,.00,都市：商,,,,05520000
RPUOMLTKLHNFFAF09CC,土城段,14.09,都市：住,,,,06040000
RPVPMLTKLHNFFHF37CC,保生段,.00,都市：住,,,,00460000
RPUNMLTKLHNFFDF66CC,金龍段,2788.89,都市：住,,,,03320000
RPOQMLTKLHNFFHF76CC,南工段,.00,都市：住,,,,05250000
RPQQMLTKLHNFFHF96CC,南山段,.00,都市：其他:,,,,08540000
RPRPMLTKLHNFFBF98CC,自立段,.00,都市：住,,,,00040000
RPWPMLTKLHNFFHF47CC,大華段,.00,都市：住,,,,08440000
RPPQMLTKLHNFFHF86CC,健康段,.00,都市：工,,,,11590000
RPSNMLTKLHNFFIF96CC,中華段,.00,都市：住,,,,02950000
RPTNMLTKLHNFFHF17EC,德光段,.00,都市：住,,,,00160000
RPRQMLTKLHNFFHF07CC,南山段,.00,都市：其他:,,,,08540000
RPRNMLTKLHNFFGF66CC,仁義段,.00,都市：住,,,,08250000
RPQPMLTKLHNFFAF98EC,頂福段,21.87,都市：住,,,,00220000
RPTOMLTKLHNFFEF76CC,海天段,.02,都市：住,,,,06420000
RPTOMLTKLHNFFEF76CC,海天段,.00,都市：住,,,,06420003
RPTOMLTKLHNFFEF76CC,海天段,2.62,都市：住,,,,06530000
RPTOMLTKLHNFFEF76CC,海天段,.19,都市：住,,,,06530004
RPTOMLTKLHNFFEF76CC,海天段,.01,都市：住,,,,06530005
RPWOMLKLLHNFFEF88CC,海鷗段,4.69,都市：商,,,,11920000
RPXOMLKLLHNFFHF66CC,圓通段,.00,都市：住,,,,03830000
RPUPMLKLLHNFFHF09CC,華中段,24.96,都市：住,,,,00480000
RPORMLKLLHNFFHF68CC,公園段,.00,都市：其他:部份住宅區部份道路用地,,,,02930000
RPROMLKLLHNFFHF68CC,台貿段,.00,都市：住,,,,12890000
RPVPMLKLLHNFFHF56CC,南山段,.00,都市：住,,,,05650000
RPWPMLKLLHNFFHF66CC,圓通段,.00,都市：住,,,,03580000
RPPOMLKLLHNFFHF48CC,公園段,19.52,都市：住,,,,04670000
RPUOMLKLLHNFFHF98CC,得和段,.00,都市：商,,,,09360000
RPTOMLKLLHNFFHF88CC,復興段,.00,都市：住,,,,03450000
RPROMLKLLHNFFDF28CC,同新段,17.44,都市：工,,,,00130000
RPROMLKLLHNFFDF28CC,同新段,.01,都市：工,,,,00130001
RPROMLKLLHNFFDF28CC,同新段,.00,都市：工,,,,00130002
RPOQMLKLLHNFFBF97CC,五工段,.00,非都市：工業區 ; 非都市編定：丁種建築用地,,,,05530000
RPRPMLKLLHNFFAF08CC,江子翠段第二崁小段,.00,都市：住,,,,02590000
RPQOMLLLLHNFFBF08CC,力行段,31.40,都市：住,,,,09290000
RPROMLLLLHNFFHF78CC,橋和段,.00,都市：商,,,,05770000
RPSOMLKLLHNFFDF38CC,工建段,11.31,都市：工,,,,06730000
RPQOMLKLLHNFFDF18CC,工建段,18.12,都市：工,,,,06730000
RPPQMLLLLHNFFBF18CC,榮富段,.00,都市：住,,,,03510000
RPXNMLLLLHNFFDF88CC,福德段,12.04,都市：住,,,,05410000
RPXNMLLLLHNFFDF88CC,福德段,2.25,都市：住,,,,05680000
RPXNMLLLLHNFFBF68CC,國宅段,22.74,都市：住,,,,00120000
RPXOMLLLLHNFFEF09CC,海天段,.00,非都市： ; 非都市編定：,,,,04570000
RPWOMLLLLHNFFHF66CC,得林段,29.89,都市：住,,,,01520000
RPWOMLLLLHNFFHF66CC,長堤段,.24,都市：住,,,,07240001
RPUNMLLLLHNFFIF09CC,大學段一小段,14.02,都市：住,,,,01580000
RPXOMLLLLHNFFGF66CC,正義段,.00,都市：住,,,,02250000
RPTOMLLLLHNFFHF98CC,中和段,.00,都市：住,,,,06360000
RPQOMLLLLHNFFGF58CC,頂崁段,.00,都市：工,,,,08120000
RPQNMLMLLHNFFIF78CC,大學段一小段,32.88,都市：住,,,,01870001
RPWOMLLLLHNFFEF98CC,學府段,.00,非都市： ; 非都市編定：,,,,06100000
RPPNMLMLLHNFFGF48CC,頂崁段,.00,都市：工,,,,08120000
RPSNMLMLLHNFFIF98CC,大學段一小段,32.04,都市：住,,,,01480000
RPWNMLLLLHNFFGF09CC,富貴段,.00,都市：住,,,,02650000
RPTNMLMLLHNFFIF09CC,大學段二小段,17.05,都市：住,,,,01030000
RPXNMLMLLHNFFIF86CC,大學段一小段,32.88,都市：住,,,,01870001
RPVOMLMLLHNFFEF98CC,馬偕段,44.58,都市：住,,,,02240000
RPUNMLMLLHNFFIF56CC,介壽段,21.36,都市：住,,,,00060016
RPVOMLMLLHNFFHF66CC,福祥段,.00,都市：住,,,,04010000
RPWOMLMLLHNFFHF76CC,保平段,.00,都市：住,,,,01910000
RPWOMLMLLHNFFHF76CC,保平段,.00,都市：住,,,,01950000
RPTOMLMLLHNFFEF78CC,新市段,26.73,都市：住,,,,02110000
RPVOMLMLLHNFFDF88CC,中正段,.00,都市：住,,,,17540000
RPWNMLMLLHNFFIF76CC,中山段,19.60,都市：住,,,,00720000
RPOPMLMLLHNFFEF38CC,鄧公段,.00,非都市： ; 非都市編定：,,,,03090000
RPUNMLMLLHNFFHF09CC,民治段,.00,都市：商,,,,07370000
RPPNMLNLLHNFFDF28CC,智興段,.00,都市：商,,,,04410000
RPSOMLMLLHNFFEF68CC,公司田段,23.49,都市：住,,,,01340000
RPWOMLNLLHNFFDF09CC,新峰段,.00,都市：住,,,,06960000
RPWOMLNLLHNFFDF09CC,新峰段,.00,都市：住,,,,06980000
RPXPMLNLLHNFFBF09CC,丹鳳段,.00,都市：住,,,,06980000
RPQOMLMLLHNFFBF18CC,四維段,.00,都市：住,,,,02440000
RPVOMLNLLHNFFHF76CC,大新段,.00,都市：商,,,,00300000
RPSOMLNLLHNFFDF68CC,大同段,.00,都市：工,,,,05980000
RPWNMLNLLHNFFEF09CC,海鷗段,.00,都市：住,,,,09660000
RPOPMLNLLHNFFHF78CC,中原段,.00,都市：工,,,,01110000
RPWRMLNLLHNFFEF86CC,公司田段,21.57,都市：住,,,,00350000
RPPRMLNLLHNFFEF78CC,中興段,5.00,都市：住,,,,01730000
RPPQMLNLLHNFFEF68CC,淡海段,23.88,都市：住,,,,00850000
RPTNMLNLLHNFFCF58CC,中正段,21.50,都市：其他:,,,,01650000
RPUPMLNLLHNFFEF09CC,公司田段,12.97,都市：住,,,,00270001
RPUQMLNLLHNFFEF56CC,公司田段,19.13,都市：住,,,,01880000
RPWOMLNLLHNFFCF98CC,大豐段,32.85,都市：其他:第四種住宅,,,,00050000
RPPNMLPLLHNFFEF58CC,新興段,9.62,都市：住,,,,08280000
RPQNMLOLLHNFFEF58CC,馬偕段,8.51,都市：工,,,,01960000
RPPNMLOLLHNFFGF68CC,正義段,.00,都市：住,,,,06320000
RPPNMLOLLHNFFDF38CC,建成段,.00,都市：商,,,,05040000
RPPNMLOLLHNFFDF38CC,建成段,.00,都市：商,,,,05750000
RPPQMLQLLHNFFHF66CC,公園段,.00,都市：住,,,,04670000
RPQNMLNLLHNFFGF68CC,幸福段,.00,都市：住,,,,19110000
RPVNMLQLLHNFFHF96CC,民治段,.00,都市：商,,,,04330000
RPVNMLQLLHNFFHF96CC,民治段,.00,都市：住,,,,04550001
RPVNMLQLLHNFFHF96CC,民治段,.00,都市：住,,,,04410002
RPXOMLQLLHNFFAF56CC,埔墘段,.00,都市：住,,,,00430000
RPUNMLQLLHNFFBF88CC,佳林段,108.46,都市：商,,,,09110000
RPXPMLQLLHNFFHF37CC,健康段,.00,都市：工,,,,10650000
RPPPMLQLLHNFFBF58CC,五工段,.00,非都市：工業區 ; 非都市編定：丁種建築用地,,,,00580000
RPWPMLQLLHNFFGF17CC,中原段,.00,都市：住,,,,03420000
RPSQMLQLLHNFFHF96CC,信和段,.00,都市：住,,,,00470000
RPTQMLQLLHNFFGF96CC,成功段,.00,都市：商,,,,02800000
RPQPMLQLLHNFFAF58CC,文化段,.00,都市：住,,,,11980000
RPXPMLQLLHNFFBF76CC,副都心段一小段,.00,都市：商,,,,02890000
RPWNMLQLLHNFFAF98CC,港子嘴段,.00,都市：住,,,,01160000
RPVPMLQLLHNFFAF56DC,府中段,3.54,都市：商,,,,01180000
RPPPMLQLLHNFFAF48CC,南天母段,.00,都市：其他:風景區,,,,07530000
RPWPMLRLLHNFFAF86EC,力行段,13.69,都市：住,,,,04080013
RPUNMLRLLHNFFHF17EC,德光段,.00,都市：住,,,,00160000
RPTNMLQLLHNFFCF88CC,中央段,.00,都市：住,,,,04410000
RPWPMLRLLHNFFIF47CC,圳德段,497.91,都市：工,,,,08690000
RPQSMLRLLHNFFBF09CC,五工段,.00,非都市：工業區 ; 非都市編定：丁種建築用地,,,,03960000
RPTOMLRLLHNFFAF88CC,新板段三小段,4.93,都市：其他:第二種特定專區,,,,00250000
RPWOMLRLLHNFFDF86CC,昊天段,15.20,都市：工,,,,10860000
RPPPMLRLLHNFFDF88CC,同新段,2.82,都市：工,,,,00130000
RPPPMLRLLHNFFDF88CC,同新段,.00,都市：工,,,,00130001
RPPPMLRLLHNFFDF88CC,同新段,.00,都市：工,,,,00130002
RPQPMLRLLHNFFDF98CC,同新段,10.90,都市：工,,,,00130000
RPOPMLRLLHNFFHF56CC,大仁段,.00,都市：住,,,,04110000
RPOPMLRLLHNFFDF78CC,同新段,2.82,都市：工,,,,00130000
RPOPMLRLLHNFFDF78CC,同新段,.00,都市：工,,,,00130001
RPOPMLRLLHNFFDF78CC,同新段,.00,都市：工,,,,00130002
RPUNMLRLLHNFFEF66CC,海鷗段,3.28,都市：住,,,,11910000
RPUQMLRLLHNFFEF96CC,公司田段,12.46,都市：住,,,,01930000
RPRRMLRLLHNFFEF76CC,新市段,33.12,都市：住,,,,01990000
RPUPMLRLLHNFFEF86CC,新市段,30.30,都市：其他:,,,,00430000
RPWPMLSLLHNFFEF17CC,公司田段,.00,都市：住,,,,01880000
RPSPMLRLLHNFFDF56CC,同新段,.93,都市：工,,,,00060000
RPORMLRLLHNFFEF09CC,水仙段,2.26,都市：住,,,,00670000
RPSPMLRLLHNFFDF56CC,同新段,.74,都市：工,,,,00060000
RPSPMLRLLHNFFDF56CC,同新段,.72,都市：工,,,,00060000
RPORMLRLLHNFFEF09CC,水仙段,.42,都市：住,,,,00670003
RPSPMLRLLHNFFDF56CC,昊天段,29.76,都市：工,,,,08720000
RPSPMLRLLHNFFDF56CC,昊天段,23.82,都市：工,,,,08720000
RPSPMLRLLHNFFDF56CC,昊天段,23.01,都市：工,,,,08720000
RPVSMLRLLHNFFEF27CC,馬偕段,8.73,都市：工,,,,01960000
RPTOMLSLLHNFFEF76CC,公司田段,.00,都市：住,,,,00100001
RPXNMLSLLHNFFHF37CC,福和段,.00,都市：商,,,,15460000
RPOOMLSLLHNFFBF58CC,成蘆段,.00,都市：住,,,,09820000
RPVNMLSLLHNFFDF76CC,昊天段,11.59,都市：工,,,,08720000
RPVNMLSLLHNFFDF76CC,同新段,.36,都市：工,,,,00060000
RPWOMLSLLHNFFBF76CC,榮富段,.00,都市：住,,,,03960000
RPTPMLSLLHNFFHF17CC,中正段,.00,都市：住,,,,08340000
RPWNMLSLLHNFFIF37CC,介壽段,72.60,都市：住,,,,00010012
RPWOMLSLLHNFFAF66CC,新興段,.00,都市：住,,,,04020000
RPWOMLSLLHNFFAF66CC,新興段,.00,都市：住,,,,04030000
RPPRMLSLLHNFFAF88CC,文化段,.00,都市：住,,,,11980000
RPQNMLSLLHNFFBF68CC,南林段,.00,都市：住,,,,05720000
RPQNMLSLLHNFFBF68CC,南林段,.00,都市：住,,,,05730000
RPTNMLSLLHNFFCF09CC,寶強段,.00,都市：商,,,,11800000
RPSQMLSLLHNFFAF66EC,文化段,91.00,都市：住,,,,14820000
RPWNMLSLLHNFFBF76DC,富國段,22.14,都市：住,,,,04780000
RPROMLSLLHNFFIF96CC,樹新段,40.51,都市：商,,,,10450000
RPSOMLSLLHNFFIF07CC,民權段,5.99,都市：商,,,,01960000
RPQNMLSLLHNFFGF56CC,樹德段,.00,都市：住,,,,02140000
RPVOMLTLLHNFFBF76CC,力行段,.00,都市：住,,,,10160000
RPQOMLTLLHNFFCF98CC,大豐段,.00,都市：住,,,,00050000
RPQNMLTLLHNFFCF88CC,安坑段車子路小段,65.53,非都市：山坡地保育區 ; 非都市編定：丙種建築用地,,,,01800043
RPQNMLTLLHNFFCF88CC,安坑段車子路小段,1.32,非都市：山坡地保育區 ; 非都市編定：丙種建築用地,,,,01800171
RPQQMLTLLHNFFBF09CC,新豐段,12.50,都市：商,,,,00100000
RPUNMLKMLHNFFDF58CC,智興段,.00,都市：商,,,,04410000
RPTNMLTLLHNFFDF66CC,大同段,.00,都市：住,,,,03280000
RPWTMLKMLHNFFBF56CC,御史段,23.71,都市：住,,,,04320000
RPTNMLKMLHNFFAF18CC,土城段,.00,都市：住,,,,00400001
RPTNMLKMLHNFFAF18CC,土城段,.00,都市：住,,,,00400000
RPXRMLKMLHNFFAF98CC,公館段,24.25,都市：住,,,,07850000
RPOQMLKMLHNFFEF38CC,海鷗段,12.61,都市：住,,,,07600000
RPOQMLKMLHNFFEF38CC,海鷗段,.17,都市：住,,,,07600003
RPUNMLKMLHNFFHF98CC,秀山段,.00,都市：住,,,,05970000
RPPOMLKMLHNFFHF58CC,連城段,19.48,都市：住,,,,00750000
RPOOMLKMLHNFFDF08CC,中正段,12.00,都市：住,,,,08430002
RPOOMLKMLHNFFDF08CC,中正段,2.50,都市：住,,,,08430000
RPWRMLKMLHNFFEF66CC,公司田段,21.39,都市：住,,,,00580000
RPWQMLKMLHNFFEF56CC,海天段,6.31,都市：住,,,,01900000
RPSQMLKMLHNFFEF78CC,海天段,.02,都市：住,,,,06420000
RPSQMLKMLHNFFEF78CC,海天段,.00,都市：住,,,,06420003
RPSQMLKMLHNFFEF78CC,海天段,3.19,都市：住,,,,06530000
RPSQMLKMLHNFFEF78CC,海天段,.23,都市：住,,,,06530004
RPSQMLKMLHNFFEF78CC,海天段,.01,都市：住,,,,06530005
RPOTMLKMLHNFFEF68CC,淡海段,26.45,都市：住,,,,00790000
RPUQMLKMLHNFFCF78CC,復興段,.00,都市：工,,,,00820000
RPQOMLKMLHNFFHF78DC,安邦段,21.81,都市：住,,,,05900000
RPQNMLKMLHNFFIF68CC,水源段,.00,都市：住,,,,06270000
RPPNMLKMLHNFFDF28EC,保長段,3.91,都市：住,,,,09950000
RPXOMLKMLHNFFIF86CC,水源段,.00,都市：住,,,,00040000
RPUOMLKMLHNFFHF56DC,永平段,11.08,都市：住,,,,07130000
RPXUMLKMLHNFFEF07CC,馬偕段,5.90,都市：工,,,,01960000
RPPRMLKMLHNFFCF38CC,莊敬段,.00,都市：工,,,,07820000
RPUPMLLMLHNFFBF78DC,林口段,27.23,都市：商,,,,03420000
RPVOMLLMLHNFFGF56CC,正義段,.00,都市：商,,,,00300000
RPROMLLMLHNFFGF78CC,永安段,.00,都市：住,,,,00370001
RPWOMLLMLHNFFGF66CC,富貴段,.00,都市：住,,,,01770000
RPRRMLLMLHNFFBF58CC,榮富段,20.84,都市：住,,,,09290000
RPXRMLLMLHNFFBF56CC,新豐段,.00,都市：商,,,,00010000
RPPPMLLMLHNFFAF08CC,文化段,.00,都市：住,,,,12310000
RPUNMLLMLHNFFDF68CC,智興段,.00,都市：住,,,,00480000
RPOOMLLMLHNFFCF08CC,民安段,33.60,都市：住,,,,04960000
RPPNMLLMLHNFFDF18CC,智興段,11.18,都市：商,,,,05000000
RPWPMLLMLHNFFAF78CC,力行段,13.69,都市：住,,,,04080013
RPVQMLMJMHNFFAF68CC,江子翠段第三崁小段,.00,都市：住,,,,01060000
RPXOMLMJMHNFFEF09CC,紅毛城段,32.01,都市：其他:,,,,07340000
RPXOMLMJMHNFFEF09CC,紅毛城段,.82,都市：其他:,,,,07350000
RPQNMLLJMHNFFAF77CC,金城段,3.55,都市：住,,,,03900000
RPUPMLLMLHNFFAF58CC,力行段,30.02,都市：住,,,,04080013
RPTRMLMJMHNFFEF98CC,馬偕段,6.81,都市：工,,,,01960000
RPSTMLMJMHNFFEF09CC,中興段,26.87,都市：住,,,,09590000
RPSTMLMJMHNFFEF09CC,中興段,26.05,都市：住,,,,09580000
RPXRMLMJMHNFFEF76CC,新市段,34.88,都市：住,,,,00970000
RPUQMLMJMHNFFBF78DC,文德段,29.79,都市：住,,,,10840000
RPROMLMJMHNFFCF28CC,寶橋段,30.64,都市：工,,,,00800000
RPOPMLMJMHNFFBF97CC,副都心段一小段,26.46,都市：商,,,,00120000
RPVNMLNJMHNFFGF09CC,過田段,.00,都市：商,,,,01650000
RPPOMLNJMHNFFEF38CC,中興段,5.83,都市：住,,,,00380000
RPWNMLNJMHNFFCF88DC,寶橋段,.00,都市：工,,,,02850000
RPUNMLNJMHNFFHF09CC,新民段,.00,都市：工,,,,04390000
RPQOMLNJMHNFFEF48CC,公司田段,11.29,都市：住,,,,00100000
RPRUMLMJMHNFFEF09CC,水仙段,.42,都市：住,,,,00670003
RPRUMLMJMHNFFEF09CC,水仙段,2.29,都市：住,,,,00670000
RPQOMLNJMHNFFHF78CC,南山段,.00,都市：住,,,,06550000
RPUOMLNJMHNFFBF58CC,建林段,14.59,都市：住,,,,04360000
RPUOMLNJMHNFFHF76EC,橋和段,.00,都市：工,,,,02190000
RPWQMLNJMHNFFBF98CC,昌隆段,20.57,都市：住,,,,08610000
RPTPMLNJMHNFFBF58CC,四維段,18.19,都市：住,,,,04060000
RPTRMLNJMHNFFBF78CC,建林段,.00,都市：住,,,,06110000
RPWNMLNJMHNFFEF98CC,新市段,16.43,都市：住,,,,01970000
RPRRMLNJMHNFFAF48CC,力行段,.00,都市：住,,,,04080013
RPVNMLNJMHNFFDF78CC,智興段,.00,都市：商,,,,04410000
RPXNMLNJMHNFFDF98CC,智興段,4.54,都市：住,,,,01040000
RPRNMLOJMHNFFBF28CC,富國段,.00,都市：住,,,,04400000
RPTNMLNJMHNFFDF58CC,智興段,.00,都市：商,,,,05000000
RPTQMLNJMHNFFBF68CC,雙鳳段,31.02,都市：住,,,,01660000
RPTQMLNJMHNFFBF68CC,雙鳳段,.01,都市：其他:,,,,01660001
RPPNMLOJMHNFFCF18CC,寶強段,.00,都市：商,,,,12000000
RPQNMLOJMHNFFBF18CC,行政段,.00,都市：住,,,,06930000
RPPNMLQJMHNFFHF88CC,復興段,.00,都市：住,,,,09750000
RPPNMLPJMHNFFEF48CC,新市段,33.97,都市：住,,,,01990000
RPSOMLNJMHNFFDF58CC,智興段,.00,都市：住,,,,11150000
RPTOMLQJMHNFFAF68CC,幸福段,2.93,都市：住,,,,01220000
RPRNMLRJMHNFFBF58CC,中原段,13.42,都市：商,,,,01950000
RPTNMLRJMHNFFBF78CC,中原段,24.26,都市：商,,,,01960000
RPQNMLRJMHNFFBF48CC,復興段,26.81,都市：住,,,,02340000
RPUNMLRJMHNFFBF88CC,立言段,4.45,都市：住,,,,03220000
RPXNMLRJMHNFFBF56CC,榮富段,10.01,都市：住,,,,08500000
RPWNMLRJMHNFFBF09CC,榮富段,9.80,都市：住,,,,08820000
RPVNMLRJMHNFFBF98CC,榮富段,17.55,都市：住,,,,09290000
RPPNMLRJMHNFFEF68CC,公司田段,21.06,都市：住,,,,01340000
RPSNMLRJMHNFFEF98CC,公司田段,23.20,都市：住,,,,00580000
RPVNMLRJMHNFFEF66CC,新市段,33.91,都市：住,,,,00850000
RPRNMLRJMHNFFEF88CC,中正段,20.05,都市：住,,,,03760000
RPXNMLRJMHNFFEF86CC,長興段,10.62,都市：住,,,,01070000
RPXNMLRJMHNFFEF86CC,長興段,9.48,都市：住,,,,01080000
RPWNMLRJMHNFFEF76CC,鄧公段,1.89,都市：住,,,,06050000
RPWNMLRJMHNFFEF76CC,鄧公段,33.09,都市：住,,,,06060000
RPWNMLRJMHNFFEF76CC,鄧公段,.61,都市：住,,,,06070000
RPTNMLRJMHNFFEF09CC,公司田段,23.20,都市：住,,,,00580000
RPQNMLSJMHNFFAF48CC,海山段,36.33,都市：住,,,,17430000
RPPNMLSJMHNFFAF38CC,海山段,36.33,都市：住,,,,17430000
RPPNMLTJMHNFFDF78CC,昊天段,31.77,都市：工,,,,08720000
RPPNMLTJMHNFFDF78CC,同新段,.99,都市：工,,,,00060000
RPWOMLTJMHNFFDF96CC,金龍段,.39,都市：其他:風景區,,,,00060000
RPWOMLTJMHNFFDF96CC,金龍段,.45,非都市：山坡地保育區 ; 非都市編定：丙種建築用地,,,,12770000
RPWOMLTJMHNFFDF96CC,金龍段,.01,都市：其他:風景區,,,,12770001
RPWOMLTJMHNFFDF96CC,金龍段,.01,都市：其他:風景區,,,,12770002
RPRNMLTJMHNFFHF76CC,信和段,.00,非都市： ; 非都市編定：,,,,01320000
RPORMLTJMHNFFBF88CC,中原段,43.81,都市：住,,,,03340000
RPSOMLTJMHNFFHF96CC,秀山段,.00,都市：住,,,,05970000
RPUNMLTJMHNFFEF76CC,新興段,.00,都市：住,,,,06470000
RPUNMLTJMHNFFEF76CC,新興段,.00,都市：其他:道路用地,,,,06470001
RPOOMLTJMHNFFCF68CC,寶強段,6.90,都市：住,,,,05140000
RPPOMLTJMHNFFIF76CC,大學段一小段,32.88,都市：住,,,,01870001
RPQOMLTJMHNFFHF76CC,安邦段,17.01,都市：住,,,,09630000
RPOOMLTJMHNFFIF66CC,民族段,119.44,都市：住,,,,00020000
RPTPMLKKMHNFFHF09DC,安邦段,21.81,都市：住,,,,05900000
RPTOMLTJMHNFFHF27EC,國光段,37.22,都市：住,,,,07340000
RPXNMLTJMHNFFIF47CC,大學段一小段,32.88,都市：住,,,,01870001
RPQNMLKKMHNFFGF38CC,大安段,.00,都市：住,,,,02170000
RPQNMLKKMHNFFGF38CC,大安段,.00,都市：其他:道路用地,,,,02170001
RPQOMLTJMHNFFIF86CC,大學段一小段,17.29,都市：商,,,,00490000
RPSNMLKKMHNFFGF58CC,中山段,.00,都市：工,,,,08760000
RPWNMLKKMHNFFCF58CC,莊敬段,.00,都市：工,,,,07820000
RPVOMLTJMHNFFEF17EC,公司田段,8.76,都市：住,,,,00890000
RPTOMLKKMHNFFHF88CC,板南段,.00,都市：工,,,,03820000
RPTOMLKKMHNFFHF88CC,板南段,.00,都市：其他:,,,,03820001
RPOOMLKKMHNFFEF08CC,中興段,.00,都市：住,,,,00550000
RPSPMLKKMHNFFHF88CC,保平段,.00,都市：住,,,,06150000
RPROMLKKMHNFFHF68CC,景平段,.00,都市：商,,,,02750000
RPQNMLKKMHNFFBF87CC,力行段,.00,都市：住,,,,06170000
RPQNMLKKMHNFFHF48CC,永福段,.00,都市：住,,,,02970000
RPSNMLKKMHNFFBF08CC,雙鳳段,.00,都市：住,,,,07410000
RPVPMLKKMHNFFHF56CC,大仁段,.00,都市：住,,,,06570000
RPPPMLKKMHNFFHF58CC,橋和段,14.38,都市：工,,,,02190000
RPPOMLKKMHNFFEF18CC,關渡段,.00,都市：住,,,,00380000
RPXPMLKKMHNFFBF78CC,豐年段,.00,都市：住,,,,00240000
RPWNMLKKMHNFFBF48CC,副都心段一小段,.00,都市：商,,,,00270000
RPVNMLLKMHNFFDF68CC,工建段,.00,非都市： ; 非都市編定：,,,,01280000
RPOOMLKKMHNFFBF77CC,力行段,.00,都市：商,,,,07400000
RPTNMLKKMHNFFBF18CC,文德段,.00,都市：住,,,,05970000
RPQQMLKKMHNFFBF18CC,新工段二小段,22.31,非都市：工業區 ; 非都市編定：丁種建築用地,,,,02540000
RPTQMLLKMHNFFBF58CC,建林段,20.43,都市：住,,,,04890000
RPSNMLKKMHNFFDF28CC,福德段,.00,都市：住,,,,09830000
RPQNMLKKMHNFFAF77CC,府中段,.00,都市：商,,,,14760000
RPQNMLKKMHNFFAF77CC,府中段,.00,都市：商,,,,14770000
RPWRMLLKMHNFFBF98CC,五股段,.00,都市：住,,,,07490000
RPWRMLLKMHNFFBF98CC,五股段,.00,都市：住,,,,07500000
RPWRMLLKMHNFFBF98CC,五股段,.00,都市：住,,,,07510000
RPOPMLLKMHNFFEF28CC,公司田段,27.67,都市：住,,,,00500000
RPVQMLLKMHNFFBF78CC,建林段,22.27,都市：住,,,,04700000
RPQSMLLKMHNFFBF48CC,和平段,.00,都市：住,,,,06310000
RPSOMLLKMHNFFDF48CC,智興段,6.02,都市：住,,,,01040000
RPPPMLLKMHNFFHF68CC,中安段,.00,都市：商,,,,02690000
RPOOMLLKMHNFFHF48CC,仁愛段,.00,都市：住,,,,06470000
RPOOMLLKMHNFFHF48CC,仁愛段,.00,都市：住,,,,06480000
RPRPMLLKMHNFFHF88CC,華福段,.00,都市：住,,,,07020000
RPQPMLLKMHNFFHF78CC,板南段,.00,都市：工,,,,03420000
RPQPMLLKMHNFFHF78CC,板南段,.00,都市：其他:,,,,03420001
RPUOMLLKMHNFFHF09CC,健康段,.00,都市：工,,,,11590000
RPTPMLLKMHNFFHF09CC,景華段,.00,都市：住,,,,04020000
RPWOMLLKMHNFFHF66CC,板南段,.00,都市：工,,,,03110000
RPXPMLLKMHNFFHF86CC,永平段,6.53,都市：住,,,,07130000
RPXPMLLKMHNFFHF86CC,永平段,.01,都市：其他:道路用地,,,,07130001
RPXQMLLKMHNFFCF09CC,大豐段,.00,都市：住,,,,00380000
RPUPMLLKMHNFFHF56CC,永平段,.00,都市：住,,,,00740000
RPUNMLLKMHNFFEF78DC,正德段,683.51,都市：住,,,,08230000
RPOQMLLKMHNFFHF68CC,水源段,.00,都市：商,,,,02880000
RPVPMLLKMHNFFHF66CC,大華段,.00,都市：住,,,,09220000
RPPQMLLKMHNFFHF78CC,秀峰段,9.74,都市：住,,,,01690000
RPVOMLLKMHNFFAF68EC,力行段,31.07,都市：住,,,,04080013
RPXOMLLKMHNFFGF66CC,仁愛段,.00,都市：商,,,,19280007
RPXOMLLKMHNFFGF66CC,仁愛段,.00,都市：商,,,,19290004
RPTOMLLKMHNFFDF68DC,新峰段,37.35,都市：住,,,,16330000
RPVOMLMKMHNFFDF09EC,保長段,6.71,都市：住,,,,09950000
RPTPMLLKMHNFFAF58EC,學成段,28.66,都市：住,,,,04090000
RPRNMLMKMHNFFGF68CC,光興段,.00,都市：住,,,,05650000
RPROMLMKMHNFFDF68EC,保長段,8.60,都市：住,,,,09950000
RPPPMLLKMHNFFAF18EC,龍安段,5.16,都市：其他:道路用地,,,,06660003
RPPPMLLKMHNFFAF18EC,龍安段,113.36,都市：住,,,,06660000
RPSOMLMKMHNFFIF09CC,安溪段,6.75,都市：住,,,,08930000
RPQPMLMKMHNFFDF68EC,保長段,6.64,都市：住,,,,09950000
RPOPMLMKMHNFFDF48EC,保長段,8.60,都市：住,,,,09950000
RPRQMLMKMHNFFBF48CC,化成段,.00,都市：工,,,,03090000
RPRPMLMKMHNFFDF78EC,保長段,9.25,都市：住,,,,09950000
RPVNMLMKMHNFFHF56CC,雙和段,.00,都市：住,,,,05770000
RPVNMLMKMHNFFHF56CC,雙和段,.00,都市：商,,,,06250000
RPQPMLMKMHNFFEF58CC,公司田段,27.54,都市：住,,,,01340000
RPSNMLMKMHNFFGF78CC,富貴段,.00,都市：住,,,,01500000
RPUOMLMKMHNFFEF88CC,馬偕段,.00,都市：工,,,,01960000
RPOQMLNKMHNFFBF28CC,新豐段,.00,都市：商,,,,00100000
RPTQMLMKMHNFFBF68CC,幸福段,413.62,都市：工,,,,02560000
RPXRMLNKMHNFFBF66CC,丹鳳段,.00,都市：住,,,,06680000
RPOSMLNKMHNFFBF48CC,中原段,.00,都市：住,,,,01180000
RPQQMLNKMHNFFBF48CC,力行段,17.47,都市：住,,,,11470000
RPROMLNKMHNFFDF58CC,智興段,.00,都市：住,,,,02650000
RPROMLNKMHNFFDF58CC,智興段,.00,都市：其他:,,,,02650001
RPSQMLMKMHNFFBF58CC,中原段,17.61,都市：商,,,,01950000
RPXOMLNKMHNFFDF56CC,崇德段,.00,都市：住,,,,15380000
RPPOMLNKMHNFFBF18CC,副都心段一小段,.00,都市：商,,,,02810002
RPUSMLNKMHNFFBF09CC,丹鳳段,.00,都市：住,,,,04460000
RPSRMLNKMHNFFEF09CC,正德段,17.31,都市：住,,,,08880000
RPQOMLNKMHNFFHF88CC,中安段,.00,都市：商,,,,00760000
RPQOMLNKMHNFFHF88CC,中安段,.00,都市：住,,,,00760003
RPWPMLNKMHNFFEF66CC,淡海段,30.06,都市：商,,,,01040000
RPRPMLNKMHNFFIF56CC,大學段一小段,24.60,都市：住,,,,00600000
RPWNMLNKMHNFFHF76CC,南工段,.00,都市：住,,,,08380000
RPXOMLNKMHNFFHF96CC,華福段,.00,都市：住,,,,03180000
RPOOMLNKMHNFFGF58CC,頂崁段,660.00,都市：工,,,,06340000
RPQOMLNKMHNFFGF78CC,樹德段,.00,都市：住,,,,03650000
RPVNMLNKMHNFFDF09EC,保長段,3.91,都市：住,,,,09950000
RPTPMLNKMHNFFEF09DC,下圭柔山段,77.12,都市：住,,,,04810000
RPRNMLOKMHNFFGF88CC,仁興段,.00,都市：住,,,,20360000
RPPNMLPKMHNFFDF48CC,智興段,.00,都市：商,,,,04710000
RPPNMLPKMHNFFDF48CC,智興段,.00,都市：住,,,,04760000
RPPNMLOKMHNFFAF08CC,江子翠段第三崁小段,.00,都市：住,,,,00870002
RPQNMLOKMHNFFAF18CC,海山段,.00,都市：住,,,,20620000
RPPNMLQKMHNFFDF58CC,智興段,.00,都市：商,,,,04860000
RPQNMLPKMHNFFDF58CC,水源段,.00,都市：住,,,,09920000
RPQNMLPKMHNFFDF58CC,水源段,.00,都市：其他:保護區,,,,09920001
RPSOMLQKMHNFFDF98CC,智興段,21.00,都市：住,,,,05260000
RPPNMLOKMHNFFHF78CC,盛昌段,.00,都市：住,,,,02730000
RPQNMLQKMHNFFDF68CC,拱北段,38.71,非都市：鄉村區 ; 非都市編定：乙種建築用地,,,,03850000
RPTOMLQKMHNFFDF09CC,同新段,17.44,都市：工,,,,00130000
RPTOMLQKMHNFFDF09CC,同新段,.01,都市：工,,,,00130001
RPTOMLQKMHNFFDF09CC,同新段,.00,都市：工,,,,00130002
RPTNMLQKMHNFFDF98CC,同新段,7.78,都市：工,,,,00130000
RPVRMLQKMHNFFBF76CC,副都心段一小段,.00,都市：商,,,,04020000
RPRSMLQKMHNFFBF09CC,貴和段,64.41,都市：住,,,,04370000
RPUPMLQKMHNFFEF76CC,新市段,.00,都市：住,,,,00840000
RPVOMLQKMHNFFDF66CC,北山段,73.50,都市：工,,,,13520000
RPSOMLQKMHNFFGF66CC,雙園段,.00,都市：商,,,,06690000
RPSOMLQKMHNFFGF66CC,雙園段,.00,都市：商,,,,06700000
RPSOMLQKMHNFFGF66CC,雙園段,.00,都市：其他:道路用地,,,,06700001
RPSNMLQKMHNFFDF88CC,同新段,17.45,都市：工,,,,00130000
RPTOMLQKMHNFFIF96CC,大學段一小段,32.88,都市：住,,,,01870001
RPXNMLRKMHNFFGF17CC,幸福段,.00,都市：住,,,,19110000
RPXNMLRKMHNFFDF86CC,智興段,.00,都市：住,,,,02650000
RPXNMLRKMHNFFDF86CC,智興段,.00,都市：其他:道路用地,,,,02650001
RPTNMLRKMHNFFDF09CC,建成段,280.71,都市：住,,,,07530000
RPTNMLRKMHNFFDF09CC,建成段,1845.13,都市：住,,,,07690000
RPTNMLRKMHNFFDF09CC,建成段,2292.25,都市：住,,,,08420000
RPTNMLRKMHNFFDF09CC,建成段,73.76,都市：住,,,,08740000
RPTNMLRKMHNFFDF09CC,建成段,1215.77,都市：住,,,,09360000
RPTNMLRKMHNFFDF09CC,建成段,70.96,都市：住,,,,09490000
RPQOMLQKMHNFFIF76DC,大仁段,30.88,都市：住,,,,03880000
RPPOMLRKMHNFFDF78CC,昊天段,23.16,都市：工,,,,08720000
RPPOMLRKMHNFFDF78CC,同新段,.72,都市：工,,,,00060000
RPUVMLQKMHNFFBF07CC,國宅段,19.80,都市：住,,,,00120000
RPQOMLRKMHNFFDF88CC,智興段,.00,都市：住,,,,02990000
RPOPMLRKMHNFFGF09CC,民權段,.00,都市：住,,,,04790000
RPOPMLRKMHNFFGF09CC,民權段,.00,都市：住,,,,04800000
RPXOMLRKMHNFFIF47CC,大仁段,44.69,都市：住,,,,02840000
RPSOMLRKMHNFFDF09CC,智興段,.00,都市：商,,,,04410000
RPTNMLRKMHNFFBF88CC,新林段,20.32,都市：商,,,,10960000
RPUOMLSKMHNFFEF86CC,正德段,20.08,都市：住,,,,01490000
RPVOMLSKMHNFFEF96CC,公司田段,167.50,都市：住,,,,00890000
RPRQMLSKMHNFFEF76CC,海天段,.00,都市：住,,,,02140002
RPWRNLRKMHNFFAF96CC,埔墘段,8.12,都市：商,,,,00290024
RPQQMLSKMHNFFEF66CC,關渡段,.00,都市：商,,,,05870002
RPTQMLSKMHNFFEF96CC,公司田段,136.33,都市：住,,,,01420000
RPWPMLSKMHNFFEF17CC,公司田段,27.63,都市：住,,,,01360000
RPWOMLSKMHNFFBF76CC,福基段,.00,都市：工,,,,06910000
RPVOMLSKMHNFFHF27CC,保生段,.00,都市：住,,,,04420000
RPSQMLSKMHNFFEF86CC,新興段,.00,都市：住,,,,05930000
RPSQMLSKMHNFFEF86CC,新興段,.00,都市：住,,,,05980000
RPUOMLSKMHNFFHF17CC,錦和段,.00,都市：住,,,,08950000
RPUOMLSKMHNFFHF17CC,錦和段,.00,都市：住,,,,08960000
RPWOMLSKMHNFFHF37CC,圓通段,.00,都市：住,,,,03670000
RPSNMLSKMHNFFHF86CC,民有段,14.20,都市：住,,,,02720000
RPPPMLSKMHNFFHF76CC,水源段,.00,都市：住,,,,09600000
RPQOMLSKMHNFFIF86CC,大學段一小段,1921.41,都市：住,,,,00830000
RPSNMLSKMHNFFAF88DC,金城段,.00,都市：其他:道路用地,10000,26,持分移轉,03890001
RPSNMLSKMHNFFAF88DC,金城段,8.89,都市：住,10000,26,持分移轉,03890000
RPUOMLSKMHNFFAF66EC,府中段,.00,都市：住,,,,06720000
RPXOMLSKMHNFFHF47CC,盛昌段,.00,都市：住,,,,01530000
RPWOMLSKMHNFFGF27CC,富貴段,.00,都市：住,,,,02650000
RPPPMLSKMHNFFIF86CC,國光段,11.49,都市：住,,,,03490000
RPSNMLTKMHNFFAF09EC,文化段,.00,都市：住,,,,11980000
RPXSMLTKMHNFFAF47EC,土城段,15.35,都市：住,,,,06040000
RPWOMLTKMHNFFCF07DC,民安段,7.61,都市：住,,,,03530000
RPTNMLTKMHNFFAF56EC,文化段,.00,都市：住,,,,11980000
RPPNMLTKMHNFFGF56CC,忠孝段,.00,都市：住,,,,07960000
RPWNMLTKMHNFFBF76CC,副都心段一小段,33.56,都市：商,,,,04020000
RPQOMLTKMHNFFIF07DC,福德段,17.52,都市：住,,,,06300000
RPQOMLTKMHNFFIF07DC,福德段,1.51,都市：其他:道路用地,,,,06290000
RPVNMLTKMHNFFGF17CC,德新段,.00,都市：住,,,,04770000
RPVNMLTKMHNFFGF17CC,德新段,.00,都市：商,,,,04880000
RPOSMLTKMHNFFBF09CC,麗林段,147.32,都市：住,,,,03110001
RPOSMLTKMHNFFBF09CC,麗林段,158.34,都市：住,,,,03120000
RPRNMLTKMHNFFHF96DC,安平段,.00,都市：住,,,,05750000
RPPNMLKLMHNFFBF87CC,榮富段,.00,都市：住,,,,07480000
RPSPMLKLMHNFFBF38CC,建林段,19.41,都市：住,,,,01430000
RPQOMLKLMHNFFDF28CC,智興段,.00,都市：商,,,,05000000
RPVNMLKLMHNFFBF48CC,榮和段,.00,都市：住,,,,10140000
RPRQMLKLMHNFFAF28CC,金城段,.00,都市：住,,,,01780000
RPPNMLKLMHNFFDF08CC,福德段,.00,都市：商,,,,11390000
RPXNMLKLMHNFFHF66CC,景華段,.00,都市：住,,,,04020000
RPWNMLKLMHNFFHF56CC,福祥段,.00,都市：商,,,,04090000
RPWNMLKLMHNFFHF56CC,福祥段,.00,都市：住,,,,04090001
RPWNMLKLMHNFFBF58CC,建林段,22.94,都市：住,,,,03700000
RPWOMLKLMHNFFHF66CC,中原段,.00,都市：工,,,,05350000
RPTNMLKLMHNFFDF48CC,金龍段,21.43,都市：住,,,,02650000
RPPNMLKLMHNFFGF38CC,福德北段,.00,都市：住,,,,01830000
RPPNMLKLMHNFFEF18CC,新市段,.00,都市：住,,,,00680000
RPOOMLKLMHNFFEF28DC,新市段,49.12,都市：住,,,,00680000
RPPOMLKLMHNFFHF58CC,水源段,.00,都市：商,,,,06480000
RPPNMLLLMHNFFEF28CC,海天段,7.71,都市：住,,,,01900000
RPTOMLKLMHNFFHF98CC,信義段,.00,都市：商,,,,03910000
RPPNMLMLMHNFFDF28CC,水源段,.00,都市：住,,,,00010000
RPPNMLMLMHNFFDF28CC,水源段,.00,都市：其他:保護區,,,,00010001
RPPNMLKLMHNFFIF58CC,大學段一小段,.00,都市：住,,,,01870001
RPQNMLMLMHNFFDF38CC,智興段,.00,都市：其他:市場用地,,,,10610000
RPPNMLMLMHNFFEF38CC,新市段,29.87,都市：住,,,,00450000
RPWOMLNLMHNFFEF66CC,新市段,33.18,都市：住,,,,00530000
RPPNMLNLMHNFFEF48CC,公司田段,.00,都市：住,,,,00390001
RPQQMLNLMHNFFEF88CC,正德段,24.88,都市：住,,,,02120000
RPQNMLNLMHNFFHF88CC,華新段,.00,都市：住,,,,08240000
RPPPMLNLMHNFFHF98CC,竹林段,38.00,都市：住,,,,08180000
RPXOMLNLMHNFFHF07CC,大智段,.00,都市：住,,,,06450000
RPOPMLNLMHNFFHF88CC,橋和段,.00,都市：住,,,,04880000
RPPNMLLLMHNFFBF97CC,和平段,11.72,都市：住,,,,06470000
RPSPMLNLMHNFFHF66CC,民治段,723.14,都市：商,,,,00470000
RPSPMLNLMHNFFHF66CC,民治段,158.76,都市：商,,,,00490000
RPSPMLNLMHNFFHF66CC,民治段,331.20,都市：住,,,,00490001
RPQNMLMLMHNFFEF48CC,新興段,12.83,都市：住,,,,01460000
RPPQMLNLMHNFFHF09CC,安邦段,.00,都市：住,,,,09630000
RPTPMLNLMHNFFHF76CC,永平段,.00,都市：商,,,,09480000
RPTPMLNLMHNFFHF76CC,永平段,.00,都市：住,,,,09520000
RPPNMLNLMHNFFHF78CC,德光段,.00,都市：住,,,,00160000
RPPNMLNLMHNFFHF78CC,德光段,.00,都市：住,,,,00160001
RPVPMLNLMHNFFHF96CC,水源段,.00,都市：商,,,,00700000
RPRPMLNLMHNFFDF78CC,北山段,.00,都市：住,,,,10140000
RPUQMLNLMHNFFHF96CC,保平段,.00,都市：商,,,,08660000
RPVQMLNLMHNFFHF07CC,仁愛段,.00,都市：住,,,,06820000
RPWNMLNLMHNFFBF88CC,成功段,.00,都市：住,,,,02620000
RPSQMLNLMHNFFBF78CC,麗林段,31.17,都市：商,,,,04070003
RPQPMLNLMHNFFAF58EC,大同段,.00,都市：住,,,,03300000
RPOSMLNLMHNFFBF58CC,南勢埔段過崙子小段,2644.00,都市：農,,,,00530008
RPOOMLOLMHNFFDF58DC,同新段,10.00,都市：工,,,,00130000
RPPOMLOLMHNFFAF48EC,力行段,24.30,都市：住,,,,04080040
RPXOMLOLMHNFFCF76DC,小城段,85.04,都市：住,,,,16330000
RPVNMLNLMHNFFDF98CC,福德段,8.86,都市：住,,,,01720000
RPUOMLOLMHNFFGF96EC,錦田段,.00,都市：住,,,,01630000
RPUOMLOLMHNFFGF96EC,錦田段,.00,都市：住,,,,01640000
RPTPMLOLMHNFFAF78CC,力行段,25.57,都市：住,,,,04080040
RPUOMLOLMHNFFGF76CC,富貴段,.00,都市：住,,,,02090000
RPWWMLNLMHNFFBF17CC,復興段,.00,都市：住,,,,04620000
RPWOMLOLMHNFFAF98CC,仁愛段,25.00,都市：工,,,,11560000
RPSPMLOLMHNFFAF68CC,力行段,13.42,都市：住,,,,04080040
RPONNLOLMHNFFAF18CC,文化段,.00,都市：住,,,,11980000
RPUPMLOLMHNFFEF66CC,新興段,2.61,都市：住,,,,06470000
RPUPMLOLMHNFFEF66CC,新興段,.01,都市：住,,,,06470000
RPROMLOLMHNFFCF68CC,中正段,.00,都市：住,,,,10290000
RPQSMLOLMHNFFAF78CC,江子翠段新埔小段,.00,都市：住,,,,00070020
RPQSMLOLMHNFFAF78CC,江子翠段新埔小段,.00,都市：住,,,,00070116
RPPNMLPLMHNFFEF68CC,公司田段,27.28,都市：住,,,,00230000
RPSNMLPLMHNFFEF98CC,正德段,27.67,都市：商,,,,08260000
RPVNMLPLMHNFFHF96CC,大華段,8.28,都市：住,,,,14010000
RPVNMLPLMHNFFHF96CC,大華段,95.05,都市：住,,,,14060000
RPVNMLPLMHNFFHF96CC,大華段,392.24,都市：住,,,,14070000
RPQNMLPLMHNFFEF78CC,新市段,21.81,都市：住,,,,00530000
RPQOMLPLMHNFFHF56CC,大智段,.00,都市：住,,,,07480000
RPRQMLPLMHNFFHF86CC,圓通段,28.26,都市：住,,,,08600000
RPQQMLPLMHNFFHF76CC,圓通段,.00,都市：住,,,,07070000
RPUQMLPLMHNFFHF17CC,瓦?段,.00,都市：住,,,,00160000
RPOPMLPLMHNFFBF48CC,國宅段,.00,都市：住,,,,00970001
RPOUMLPLMHNFFBF98CC,麗林段,.00,都市：商,,,,04070001
RPVQMLPLMHNFFHF27CC,長堤段,.00,都市：住,,,,07020000
RPPSMLPLMHNFFBF88CC,力行段,.00,都市：住,,,,09370000
RPSUMLPLMHNFFBF76CC,安泰段,149.38,都市：工,,,,00400000
RPUPMLPLMHNFFAF98CC,幸福段,48.48,都市：住,,,,07570000
RPRUMLPLMHNFFBF66CC,四維段,.00,都市：住,,,,05030000
RPVOMLPLMHNFFGF96CC,仁愛段,.00,都市：商,,,,19280003
RPVOMLQLMHNFFCF66CC,寶橋段,.00,都市：工,,,,04510000
RPQPMLPLMHNFFIF76CC,民生段,2.54,都市：住,,,,06570000
RPXOMLQLMHNFFCF86CC,莊敬段,.00,都市：工,,,,07130000
RPSNMLQLMHNFFIF86CC,介壽段,38.30,都市：住,,,,00010014
RPWOMLQLMHNFFCF76CC,寶橋段,.00,都市：工,,,,02850000
RPOSMLQLMHNFFIF96CC,二橋段,23.94,都市：住,,,,02360000
RPRPMLQLMHNFFCF98CC,惠國段,.00,都市：住,,,,04780000
RPPPMLQLMHNFFCF78CC,寶橋段,.00,都市：工,,,,04210000
RPSPMLQLMHNFFBF98CC,國宅段,23.20,都市：住,,,,00170001
RPRNMLQLMHNFFCF78CC,環河段,.00,都市：住,,,,04070000
RPXPMLQLMHNFFBF86CC,復興段,24.02,都市：住,,,,06260000
RPPPMLQLMHNFFAF78EC,安和段,25.68,都市：住,,,,01820000
RPTPMLQLMHNFFBF09CC,國宅段,20.54,都市：住,,,,00120000
RPOQMLQLMHNFFBF68CC,副都心段一小段,24.11,都市：商,,,,00100000
RPPQMLQLMHNFFBF78CC,和平段,22.13,都市：住,,,,00720000
RPRQMLQLMHNFFBF98CC,中原段,14.28,都市：住,,,,00050000
RPRPMLQLMHNFFBF88CC,力行段,16.32,都市：住,,,,00530000
RPVQMLQLMHNFFBF76CC,中泰段,18.25,都市：住,,,,04280000
RPSQMLQLMHNFFBF09CC,中原段,14.28,都市：住,,,,00050000
RPPRMLQLMHNFFBF88CC,副都心段六小段,31.23,都市：住,,,,00530000
RPRNMLQLMHNFFDF88CC,智興段,.00,都市：住,,,,01040000
RPXQMLQLMHNFFBF96CC,思源段,21.59,都市：住,,,,01320000
RPSNMLQLMHNFFDF98CC,大同段,25.91,都市：住,,,,07140000
RPORMLQLMHNFFBF78CC,丹鳳段,5.27,都市：其他:市場用地,,,,04620000
RPXRMLQLMHNFFBF07CC,中原段,14.91,都市：住,,,,03290000
RPTNMLQLMHNFFHF86CC,信義段,.00,都市：商,,,,05040000
RPQSMLQLMHNFFBF09CC,信華段一小段,20.91,都市：住,,,,00260000
RPTNMLQLMHNFFAF78CC,幸福段,.00,都市：住,,,,01220000
RPWNMLQLMHNFFHF17CC,福和段,.00,都市：商,,,,14940000
RPVNMLQLMHNFFHF07CC,盛昌段,.00,都市：住,,,,01530000
RPOOMLQLMHNFFHF09CC,水源段,.00,都市：住,,,,08740000
RPOOMLQLMHNFFHF09CC,水源段,.00,都市：住,,,,08750000
RPXNMLQLMHNFFHF27CC,華中段,40.74,都市：住,,,,00470000
RPPOMLQLMHNFFHF56CC,永利段,.00,都市：住,,,,00710000
RPVOMLQLMHNFFHF17CC,連城段,.00,都市：住,,,,01220000
RPQQMLQLMHNFFHF86CC,大華段,.00,都市：商,,,,00280000
RPQTMLQLMHNFFEF86CC,新市段,.00,都市：其他:第五之一種住宅區,,,,02110000
RPSQMLQLMHNFFHF07CC,林森段,.00,都市：住,,,,03340000
RPWNMLRLMHNFFHF27CC,文化段,.00,都市：住,,,,09410000
RPVNMLRLMHNFFHF17CC,永安段,.00,都市：商,,,,04800000
RPVNMLRLMHNFFHF17CC,永安段,.00,都市：商,,,,04830000
RPPOMLRLMHNFFEF98CC,公司田段,16.43,都市：住,,,,01880000
RPTNMLRLMHNFFHF96CC,保健段,.00,都市：住,,,,01050000
RPXRMLRLMHNFFEF47CC,新市段,28.98,都市：住,,,,00120000
RPSOMLRLMHNFFHF96CC,板南段,.00,都市：工,,,,03110000
RPXNMLRLMHNFFHF37CC,健康段,.00,都市：工,,,,07000000
RPXPMLRLMHNFFHF57CC,中原段,.00,都市：工,,,,05230000
RPSQMLRLMHNFFHF17CC,中安段,.00,都市：商,,,,00370000
RPWQMLRLMHNFFHF57CC,民有段,.00,都市：住,,,,04860000
RPRQMLRLMHNFFHF07CC,健康段,.00,都市：工,,,,11600000
RPWPMLRLMHNFFAF76CC,江子翠段第一崁小段,.00,都市：住,,,,01000036
RPPQMLRLMHNFFHF86CC,景福段,.00,都市：住,,,,05890000
RPVPMLRLMHNFFHF37CC,中正段,.00,都市：住,,,,06890000
RPVPMLRLMHNFFHF37CC,中正段,.00,都市：住,,,,06910000
RPSSMLRLMHNFFAF66CC,中華段,.00,非都市： ; 非都市編定：,,,,07790000
RPPQMLRLMHNFFAF78CC,江子翠段第一崁小段,.00,都市：住,,,,01000036
RPPSMLRLMHNFFBF09CC,新樹段,.00,都市：商,,,,05670000
RPRSMLRLMHNFFAF76EC,忠孝段,.00,都市：住,,,,04580001
RPVSMLRLMHNFFAF17EC,力行段,15.27,都市：住,,,,04080013
RPQSMLRLMHNFFBF56CC,中原段,.00,都市：商,,,,01960000
RPUSMLRLMHNFFAF07EC,力行段,26.59,都市：住,,,,04080013
RPSPMLRLMHNFFHF27EC,德光段,.00,都市：住,,,,00160000
RPQPMLRLMHNFFHF07EC,德光段,.00,都市：住,,,,00160000
RPQPMLRLMHNFFCF98CC,新和段,.00,都市：住,,,,11400000
RPTSMLRLMHNFFEF37EC,龍米段,1.41,都市：住,,,,24310000
RPPPMLRLMHNFFCF88CC,順安段,.00,都市：住,,,,01510000
RPPNMLTLMHNFFIF86CC,大學段二小段,10.22,都市：商,,,,00900000
RPXOMLRLMHNFFBF86CC,榮富段,.00,都市：住,,,,01740000
RPTOMLRLMHNFFGF96CC,長壽段,.00,都市：其他:道路用地,,,,13670000
RPTOMLRLMHNFFGF96CC,長壽段,.00,都市：其他:道路用地,,,,13670001
RPTOMLRLMHNFFGF96CC,長壽段,.00,都市：其他:道路用地,,,,13680000
RPTOMLRLMHNFFGF96CC,長壽段,.00,都市：其他:道路用地,,,,13680001
RPTOMLRLMHNFFGF96CC,長壽段,.00,都市：其他:部分住宅.部分道路用地,,,,13720000
RPQNMLTLMHNFFIF96CC,隆恩段,4.52,都市：住,,,,00810000
RPTPMLRLMHNFFBF56CC,幸福段,.00,都市：工,,,,06590000
RPSNMLTLMHNFFIF17CC,大學段二小段,10.38,都市：商,,,,00980000
RPUPMLKMMHNFFIF76CC,文林段,704.08,都市：工,,,,18350000
RPUPMLKMMHNFFIF76CC,文林段,35.69,都市：其他:,,,,18160000
RPUNMLKMMHNFFGF98CC,忠孝段,.00,都市：住,,,,10440039
RPUNMLKMMHNFFGF98CC,忠孝段,.00,都市：住,,,,10440027
RPRNMLTLMHNFFIF07CC,大學段一小段,5.34,都市：住,,,,00910000
RPQOMLKMMHNFFGF68CC,菜寮段,20.47,都市：商,,,,15810000
RPTNMLTLMHNFFIF27CC,大學段一小段,28.88,都市：住,,,,00690000
RPQOMLKMMHNFFAF28EC,員仁段,.00,都市：工,,,,00270000
RPPOMLKMMHNFFCF18CC,中正段,.00,都市：其他:,,,,01650000
RPQOMLKMMHNFFCF28CC,玫瑰段,10.67,都市：住,,,,11440000
RPQOMLKMMHNFFCF28CC,玫瑰段,12.00,都市：住,,,,11450000
RPUNMLKMMHNFFCF58CC,寶元段,110.72,都市：住,,,,08500000
RPUNMLKMMHNFFCF58CC,寶元段,14.97,都市：其他:道路用地,,,,08510000
RPXOMLKMMHNFFAF98EC,沛陂段,.00,都市：工,,,,00660000
RPROMLKMMHNFFAF38EC,力行段,.00,都市：住,,,,12230004
RPROMLKMMHNFFAF38EC,新雅段,.00,都市：住,,,,12680000
RPROMLKMMHNFFGF78CC,錦田段,.00,都市：住,,,,00910000
RPROMLKMMHNFFGF78CC,錦田段,.00,都市：住,,,,04330000
RPORMLKMMHNFFAF38EC,新板段三小段,.00,都市：其他:第二種特定專用區,,,,00250000
RPQRMLKMMHNFFAF58EC,江子翠段溪頭小段,21.20,都市：住,,,,02640007
RPQRMLKMMHNFFAF58EC,江子翠段溪頭小段,10.20,都市：住,,,,02670003
RPTNMLKMMHNFFBF38CC,復興段,31.54,都市：住,,,,03160000
RPUNMLKMMHNFFBF48CC,力行段,13.04,都市：住,,,,09590000
RPRPMLKMMHNFFDF78EC,保長段,9.31,都市：住,,,,09950000
RPUOMLKMMHNFFBF58CC,貴和段,17.42,都市：商,,,,05390000
RPPOMLKMMHNFFAF18EC,員仁段,167.59,都市：工,,,,00720000
RPSPMLKMMHNFFDF88EC,保長段,8.86,都市：住,,,,09950000
RPRPMLKMMHNFFHF98CC,安邦段,.00,都市：工,,,,00140000
RPOPMLLJNHNFFEF28CC,海天段,.02,都市：住,,,,06420000
RPOPMLLJNHNFFEF28CC,海天段,.00,都市：住,,,,06420003
RPOPMLLJNHNFFEF28CC,海天段,2.33,都市：住,,,,06530000
RPOPMLLJNHNFFEF28CC,海天段,.17,都市：住,,,,06530004
RPOPMLLJNHNFFEF28CC,海天段,.01,都市：住,,,,06530005
RPWNMLLJNHNFFAF48CC,國光段,73.40,都市：住,,,,09910000
RPSOMLLJNHNFFDF48CC,金龍段,.00,都市：其他:風景區,,,,00060000
RPPPMLKMMHNFFHF78CC,福祥段,39.32,都市：商,,,,04190000
RPSOMLLJNHNFFDF48CC,金龍段,.00,非都市：山坡地保育區 ; 非都市編定：丙種建築用地,,,,12770000
RPSOMLLJNHNFFDF48CC,金龍段,.00,都市：其他:風景區,,,,12770001
RPPPMLKMMHNFFHF78CC,福祥段,1.68,都市：住,,,,04190001
RPSOMLLJNHNFFDF48CC,金龍段,.00,都市：其他:風景區,,,,12770002
RPQOMLLJNHNFFDF28CC,金龍段,.00,都市：其他:風景區,,,,00060000
RPQOMLLJNHNFFDF28CC,金龍段,.00,非都市：山坡地保育區 ; 非都市編定：丙種建築用地,,,,12770000
RPQOMLLJNHNFFDF28CC,金龍段,.00,都市：其他:風景區,,,,12770001
RPQOMLLJNHNFFDF28CC,金龍段,.00,都市：其他:風景區,,,,12770002
RPTOMLLJNHNFFDF58CC,金龍段,.00,都市：其他:風景區,,,,00060000
RPTOMLLJNHNFFDF58CC,金龍段,.00,非都市：山坡地保育區 ; 非都市編定：丙種建築用地,,,,12770000
RPTOMLLJNHNFFDF58CC,金龍段,.00,都市：其他:風景區,,,,12770001
RPTOMLLJNHNFFDF58CC,金龍段,.00,都市：其他:風景區,,,,12770002
RPOPMLLJNHNFFDF18CC,昊天段,.00,都市：工,,,,07770000
RPROMLLJNHNFFDF38CC,金龍段,.00,都市：其他:風景區,,,,00060000
RPROMLLJNHNFFDF38CC,金龍段,.00,非都市：山坡地保育區 ; 非都市編定：丙種建築用地,,,,12770000
RPROMLLJNHNFFDF38CC,金龍段,.00,都市：其他:風景區,,,,12770001
RPROMLLJNHNFFDF38CC,金龍段,.00,都市：其他:風景區,,,,12770002
RPQPMLLJNHNFFDF38CC,智興段,.00,都市：其他:道路用地,,,,02650001
RPQPMLLJNHNFFDF38CC,智興段,.00,都市：住,,,,02650000
RPPPMLLJNHNFFDF28CC,智興段,.00,都市：住,,,,14180003
RPSNMLMJNHNFFCF38CC,明德段,.00,都市：住,,,,06280000
RPSNMLLJNHNFFDF58EC,保長段,6.64,都市：住,,,,09950000
RPSPMLMJNHNFFDF88EC,北峰段,78.04,非都市：山坡地保育區 ; 非都市編定：丙種建築用地,,,,08790000
RPXNMLMJNHNFFCF88CC,黎明段,1.17,都市：其他:,,,,04730000
RPXNMLMJNHNFFCF88CC,黎明段,.01,都市：其他:,,,,04740000
RPXNMLMJNHNFFCF88CC,黎明段,.01,都市：其他:,,,,04960000
RPXNMLMJNHNFFCF88CC,黎明段,.03,都市：其他:,,,,05020000
RPXNMLMJNHNFFCF88CC,黎明段,.05,都市：其他:,,,,05040000
RPXNMLMJNHNFFCF88CC,黎明段,.21,都市：其他:,,,,05060000
RPXNMLMJNHNFFCF88CC,黎明段,.10,都市：其他:,,,,05080000
RPXNMLMJNHNFFCF88CC,黎明段,.03,都市：其他:,,,,05100000
RPXNMLMJNHNFFCF88CC,黎明段,.25,都市：其他:,,,,05110000
RPXNMLMJNHNFFCF88CC,黎明段,79.92,都市：其他:,,,,05120000
RPXNMLMJNHNFFCF88CC,黎明段,.96,都市：其他:,,,,05130000
RPXNMLMJNHNFFCF88CC,黎明段,.06,都市：其他:,,,,05180000
RPXNMLMJNHNFFCF88CC,黎明段,.15,都市：其他:,,,,05290000
RPTNMLMJNHNFFDF58CC,智興段,5.06,都市：住,,,,00410000
RPQNMLMJNHNFFDF28CC,江北段,13.16,都市：住,,,,09190000
RPRNMLMJNHNFFDF38CC,智興段,10.22,都市：住,,,,00410000
RPROMLMJNHNFFDF48CC,智興段,.00,都市：商,,,,02650000
RPROMLMJNHNFFDF48CC,智興段,.00,都市：其他:道路用地,,,,02650001
RPRNMLMJNHNFFAF08CC,和平段,.00,都市：住,,,,01900000
RPSNMLMJNHNFFAF18CC,永安段,.00,都市：住,,,,01570000
RPSOMLMJNHNFFDF58CC,智興段,.00,都市：商,,,,04410000
RPOOMLMJNHNFFAF87CC,江子翠段第二崁小段,.00,都市：住,,,,01560011
RPTNMLMJNHNFFAF28CC,新興段,.00,都市：商,,,,08420000
RPXPMLMJNHNFFEF66CC,水仙段,1.99,都市：住,,,,00670000
RPXPMLMJNHNFFEF66CC,水仙段,.37,都市：住,,,,00670003
RPXNMLMJNHNFFHF76CC,安邦段,.00,都市：住,,,,10450000
RPRPMLMJNHNFFBF38CC,新豐段,8.50,都市：商,,,,00100000
RPSPMLNJNHNFFEF88CC,公司田段,19.03,都市：住,,,,01880000
RPQPMLNJNHNFFHF98CC,公園段,.00,都市：住,,,,01820000
RPOQMLNJNHNFFBF28CC,五工段,131.57,非都市：工業區 ; 非都市編定：丁種建築用地,,,,04310000
RPORMLMJNHNFFBF28CC,石德段,56.50,都市：住,,,,00100001
RPTOMLNJNHNFFAF48CC,中華段,.00,都市：工,,,,05220000
RPTOMLNJNHNFFAF48CC,中華段,.00,都市：其他:道路用地,,,,05000000
RPXNMLNJNHNFFDF09CC,北山段,.00,都市：住,,,,10140000
RPXNMLNJNHNFFBF88CC,五股段,.00,都市：商,,,,00530000
RPOOMLNJNHNFFDF28CC,金龍段,.00,都市：住,,,,01390000
RPUQMLNJNHNFFGF76CC,富貴段,.00,都市：住,,,,06430000
RPWNMLNJNHNFFDF98CC,北山段,.00,都市：住,,,,05750000
RPVOMLNJNHNFFDF56EC,保長段,3.97,都市：住,,,,09950000
RPURMLNJNHNFFEF86EC,公司田段,50.13,都市：住,,,,00400000
RPURMLOJNHNFFEF86DC,新市段,80.29,都市：住,,,,00680000
RPWOMLNJNHNFFDF66EC,保長段,6.64,都市：住,,,,09950000
RPWRMLOJNHNFFEF07DC,新市段,73.45,都市：住,,,,00970000
RPWNMLOJNHNFFDF66EC,保長段,8.79,都市：住,,,,09950000
RPUNMLOJNHNFFDF09EC,保長段,4.04,都市：住,,,,09950000
RPTNMLOJNHNFFDF78CC,昊天段,11.87,都市：工,,,,08720000
RPQNMLOJNHNFFDF48CC,北山段,.00,都市：住,,,,04380000
RPRNMLOJNHNFFGF88CC,中華段,.00,都市：住,,,,00310000
RPRNMLOJNHNFFIF09CC,三福段,.00,都市：住,,,,01600000
RPPOMLOJNHNFFDF48CC,工建段,119.73,都市：工,,,,02430000
RPVNMLOJNHNFFDF98CC,昊天段,11.87,都市：工,,,,08720000
RPRNMLOJNHNFFBF38CC,丹鳳段,.00,都市：住,,,,05280000
RPQOMLOJNHNFFDF58CC,同新段,12.00,都市：工,,,,00130000
RPOOMLOJNHNFFDF38CC,同新段,17.44,都市：工,,,,00130000
RPOOMLOJNHNFFDF38CC,同新段,.01,都市：其他:鐵路用地,,,,00130001
RPSOMLOJNHNFFBF58CC,五工段,.00,非都市：工業區 ; 非都市編定：丁種建築用地,,,,03000000
RPOOMLOJNHNFFDF38CC,同新段,.00,都市：其他:鐵路用地,,,,00130001
RPRQMLOJNHNFFBF68CC,榮富段,23.52,都市：住,,,,09060000
RPPOMLOJNHNFFBF28CC,信華段一小段,.00,都市：住,,,,00240000
RPWPMLRJNHNFFEF07CC,水仙段,18.16,都市：住,,,,03190000
RPPNMLQJNHNFFEF68CC,竹圍段,19.26,都市：住,,,,06770000
RPPNMLQJNHNFFEF68CC,竹圍段,.24,都市：住,,,,08030002
RPPNMLQJNHNFFEF68CC,竹圍段,.00,都市：其他:公園用地,,,,08030004
RPPNMLQJNHNFFEF68CC,竹圍段,.08,都市：住,,,,08090001
RPPNMLQJNHNFFEF68CC,竹圍段,.26,都市：住,,,,08120001
RPVOMLRJNHNFFHF17CC,永福段,.00,都市：住,,,,02940000
RPPQMLOJNHNFFEF78CC,公司田段,.00,都市：住,,,,01920000
RPWOMLRJNHNFFHF27CC,大仁段,.00,都市：住,,,,06570000
RPVOMLRJNHNFFEF86CC,新市段,26.73,都市：住,,,,02110000
RPWQMLRJNHNFFEF17CC,飛歌段,.00,都市：其他:乙種工業用地,,,,09580000
RPOPMLRJNHNFFHF56CC,公園段,.00,都市：住,,,,02260000
RPPQMLRJNHNFFEF09CC,馬偕段,5.78,都市：工,,,,01960000
RPQPMLRJNHNFFHF76CC,林森段,.00,都市：住,,,,06910000
RPPOMLRJNHNFFBF58CC,昌隆段,14.20,都市：住,,,,05220000
RPPPMLRJNHNFFHF66CC,安樂段,.00,都市：商,,,,00450000
RPROMLRJNHNFFBF78CC,雙鳳段,16.21,都市：住,,,,04870000
RPRPMLRJNHNFFHF86CC,永福段,.00,都市：住,,,,02940000
RPTOMLRJNHNFFBF98CC,信華段一小段,30.56,都市：住,,,,00030000
RPWOMLRJNHNFFBF66CC,副都心段一小段,12.61,都市：住,,,,03290000
RPOPMLRJNHNFFBF58CC,信華段一小段,31.37,都市：住,,,,00260000
RPTOMLRJNHNFFDF56CC,新峰段,.00,都市：住,,,,09820000
RPUOMLRJNHNFFDF66CC,智興段,.00,都市：住,,,,02460000
RPVOMLRJNHNFFDF76CC,智興段,.00,都市：住,,,,00480000
RPVOMLRJNHNFFBF56CC,四維段,11.72,都市：住,,,,08410000
RPUPMLRJNHNFFBF56CC,榮富段,.00,都市：住,,,,01740000
RPUPMLRJNHNFFDF76CC,同新段,32.69,都市：工,,,,00130000
RPUPMLRJNHNFFDF76CC,同新段,.02,都市：工,,,,00130001
RPUPMLRJNHNFFDF76CC,同新段,.00,都市：工,,,,00130002
RPOQMLRJNHNFFDF88CC,同新段,19.62,都市：工,,,,00130000
RPOQMLRJNHNFFDF88CC,同新段,.01,都市：工,,,,00130001
RPOQMLRJNHNFFDF88CC,同新段,.00,都市：工,,,,00130002
RPVPMLRJNHNFFDF86CC,同新段,11.99,都市：工,,,,00130000
RPVPMLRJNHNFFDF86CC,同新段,.01,都市：工,,,,00130001
RPVPMLRJNHNFFDF86CC,同新段,.00,都市：工,,,,00130002
RPOOMLRJNHNFFIF56CC,大學段一小段,10.53,都市：住,,,,01860002
RPOPMLRJNHNFFAF48CC,公館段,32.75,都市：住,,,,08030000
RPPOMLRJNHNFFIF66CC,大學段一小段,10.41,都市：住,,,,01860002
RPSQMLRJNHNFFDF66CC,福德段,30.00,都市：住,,,,08510000
RPSQMLRJNHNFFDF66CC,福德段,3.05,都市：住,,,,08560000
RPQOMLRJNHNFFIF76CC,大學段一小段,10.75,都市：住,,,,01860002
RPTNMLRJNHNFFAF78CC,員仁段,.00,都市：工,,,,05920000
RPROMLRJNHNFFIF86CC,大學段一小段,10.75,都市：住,,,,01860002
RPSOMLRJNHNFFIF96CC,大學段一小段,17.32,都市：住,,,,01860002
RPXNMLRJNHNFFGF17CC,幸福段,.00,都市：住,,,,25950000
RPPNMLSJNHNFFGF09CC,永德段,.00,都市：住,,,,11660000
RPTNMLRJNHNFFHF96DC,健康段,.00,都市：工,,,,02580000
RPTOMLSJNHNFFBF09CC,和平段,.00,都市：住,,,,07390000
RPVTMLSJNHNFFBF27DC,昌隆段,12.42,都市：住,,,,01920000
RPPRMLSJNHNFFAF09EC,員仁段,.00,都市：工,,,,03070000
RPVNMLSJNHNFFDF96EC,保長段,8.47,都市：住,,,,09950000
RPVOMLSJNHNFFBF66CC,副都心段一小段,.00,都市：商,,,,00090000
RPVRMLSJNHNFFAF86CC,中華段,.00,都市：工,,,,05220000
RPVRMLSJNHNFFAF86CC,中華段,.00,都市：其他:道路用地,,,,05000000
RPQUMLSJNHNFFBF76CC,工二段,73.68,都市：住,,,,04510000
RPRNMLSJNHNFFDF98CC,智興段,.00,都市：商,,,,05060000
RPTNMLSJNHNFFDF56CC,智興段,10.80,都市：商,,,,05000000
RPOOMLTJNHNFFHF66CC,連城段,.00,都市：住,,,,03570000
RPPNMLSJNHNFFHF56CC,大新段,.00,都市：商,,,,00300000
RPXNMLTJNHNFFEF17CC,新市段,13.09,都市：住,,,,01680000
RPOOMLTJNHNFFEF98CC,新興段,.00,都市：住,,,,06470000
RPUOMLTJNHNFFHF27CC,圓通段,24.92,都市：住,,,,06430000
RPUOMLTJNHNFFEF96CC,公司田段,23.66,都市：住,,,,00330000
RPTOMLTJNHNFFBF56CC,力行段,25.94,都市：商,,,,07980000
RPROMLTJNHNFFGF86CC,富貴段,.00,都市：住,,,,00720000
RPWOMLTJNHNFFBF86CC,德音段,30.80,都市：住,,,,05690000
RPXPMLTJNHNFFAF17EC,新板段二小段,.00,都市：其他:第二種特定專用區,,,,00080000
RPUNMLKKNHNFFAF48EC,忠孝段,.00,都市：住,,,,12870000
RPXNMLKKNHNFFAF78EC,忠孝段,10.50,都市：住,,,,14050000
RPXNMLKKNHNFFAF78EC,忠孝段,43.00,都市：住,,,,14030000
RPPRMLTJNHNFFAF56EC,金城段,3.55,都市：住,,,,03900000
RPOOMLKKNHNFFAF97EC,忠孝段,26.00,都市：住,,,,13830000
RPOOMLKKNHNFFAF97EC,忠孝段,24.00,都市：住,,,,13840000
RPOOMLKKNHNFFAF97EC,忠孝段,4.00,都市：住,,,,13850000
RPWQMLKKNHNFFHF96DC,南山段,19.23,都市：住,,,,07050000
RPTOMLKKNHNFFGF09EC,鷺江段,.00,都市：住,,,,05930000
RPUOMLKKNHNFFGF56EC,頂崁段,.00,都市：工,,,,05370000
RPUOMLKKNHNFFGF56EC,頂崁段,.00,都市：工,,,,05360000
RPTOMLKKNHNFFIF09CC,大學段一小段,16.18,都市：住,,,,01860002
RPQNMLKKNHNFFGF48CC,大仁段,.00,都市：住,,,,04960000
RPTOMLKKNHNFFGF88CC,中民段,.00,都市：商,,,,02040000
RPPNMLKKNHNFFIF58CC,二橋段,.00,都市：住,,,,02060000
RPQNMLKKNHNFFBF97CC,力行段,.00,都市：住,,,,10160000
RPVOMLKKNHNFFIF66CC,大學段一小段,10.75,都市：住,,,,01860002
RPPQMLKKNHNFFIF88CC,大學段一小段,10.75,都市：住,,,,01860002
RPPNMLKKNHNFFBF87CC,新工段二小段,.00,非都市：工業區 ; 非都市編定：丁種建築用地,,,,03590000
RPUOMLKKNHNFFIF56CC,大學段一小段,10.53,都市：住,,,,01860002
RPPOMLKKNHNFFDF18CC,大同段,.00,都市：住,,,,01860000
RPQNMLKKNHNFFDF18CC,金龍段,.00,非都市：鄉村區 ; 非都市編定：乙種建築用地,,,,10890000
RPQOMLKKNHNFFDF28CC,智興段,.00,都市：商,,,,02650000
RPQOMLKKNHNFFDF28CC,智興段,.00,都市：其他:,,,,02650001
RPOOMLKKNHNFFDF08CC,智興段,12.15,都市：住,,,,07010000
RPSNMLKKNHNFFAF08CC,介壽段,.00,都市：商,,,,03940000
RPXOMLKKNHNFFAF68CC,員和段,24.91,都市：住,,,,10290000
RPTOMLKKNHNFFHF98CC,華新段,.00,都市：住,,,,04080000
RPPNMLKKNHNFFHF48CC,景華段,.00,都市：住,,,,07490000
RPSQMLKKNHNFFHF09CC,民樂段,.00,都市：住,,,,06620000
RPVPMLKKNHNFFAF58CC,埔墘段,.00,都市：住,,,,01970000
RPORMLKKNHNFFHF78CC,復興段,.00,都市：住,,,,08120000
RPPQMLKKNHNFFHF78CC,健康段,.00,都市：工,,,,10320000
RPVQMLKKNHNFFHF76CC,景華段,.00,都市：住,,,,04020000
