﻿編號,土地位置,土地移轉面積(平方公尺),使用分區或編定,權利人持分分母,權利人持分分子,移轉情形,地號
The serial number, land position,land shifting area square meter,the use zoning or compiles and checks,,,,land parcel
RPPSMLRLKHNFFBF78CB,力行段,15.01,都市：住,100000,2134,持分移轉,09230000
RPQSMLRLKHNFFBF88CB,力行段,16.51,都市：住,100000,2348,持分移轉,09230000
RPRSMLRLKHNFFBF98CB,力行段,10.99,都市：住,100000,1562,持分移轉,09230000
RPTQMLPJLHNFFEF98CB,新市段,21.05,都市：住,100000,116,持分移轉,02040000
RPSSMLRLKHNFFBF09CB,力行段,10.99,都市：住,100000,1562,持分移轉,09230000
RPQNMLQJLHNFFEF48CB,新市段,16.47,都市：住,10000,67,持分移轉,01310000
RPUOMLQJLHNFFEF98CB,新市段,20.87,都市：住,100000,115,持分移轉,02040000
RPVOMLQJLHNFFEF09CB,新市段,23.04,都市：住,100000,127,持分移轉,02040000
RPWOMLQJLHNFFEF56CB,新市段,23.04,都市：住,100000,127,持分移轉,02040000
RPXOMLQJLHNFFEF66CB,新市段,22.86,都市：住,100000,126,持分移轉,02040000
RPPPMLQJLHNFFEF58CB,新市段,23.04,都市：住,100000,127,持分移轉,02040000
RPTPMLQJLHNFFEF98CB,新市段,23.04,都市：住,100000,127,持分移轉,02040000
RPVPMLQJLHNFFEF56CB,新市段,23.04,都市：住,100000,127,持分移轉,02040000
RPQPMLQJLHNFFEF68CB,新市段,23.04,都市：住,100000,127,持分移轉,02040000
RPSPMLQJLHNFFEF88CB,新市段,23.04,都市：住,100000,127,持分移轉,02040000
RPUPMLQJLHNFFEF09CB,新市段,23.04,都市：住,100000,127,持分移轉,02040000
RPSQMLQJLHNFFEF98CB,新市段,23.04,都市：住,100000,127,持分移轉,02040000
RPPQMLQJLHNFFEF68CB,新市段,23.04,都市：住,100000,127,持分移轉,02040000
RPRQMLQJLHNFFEF88CB,新市段,23.04,都市：住,100000,127,持分移轉,02040000
RPVQMLQJLHNFFEF66CB,新市段,15.24,都市：住,100000,84,持分移轉,02040000
RPTPMLQJLHNFFBF68CB,芳洲段,13.79,都市：住,1000000,2548,持分移轉,00390000
RPORMLQJLHNFFEF68CB,新市段,15.06,都市：住,100000,83,持分移轉,02040000
RPWQMLQJLHNFFEF76CB,新市段,15.24,都市：住,100000,84,持分移轉,02040000
RPTSMLQJLHNFFBF98CB,建林段,20.62,都市：住,100000,506,持分移轉,04360000
RPWRMLQJLHNFFBF56CB,建林段,27.22,都市：住,100000,668,持分移轉,04360000
RPUSMLQJLHNFFBF09CB,建林段,20.62,都市：住,100000,506,持分移轉,04360000
RPOSMLQJLHNFFBF48CB,建林段,27.63,都市：住,100000,678,持分移轉,04360000
RPVSMLQJLHNFFBF56CB,建林段,21.03,都市：住,100000,516,持分移轉,04360000
RPXRMLQJLHNFFBF66CB,建林段,27.22,都市：住,100000,668,持分移轉,04360000
RPPTMLQJLHNFFBF68CB,建林段,20.62,都市：住,100000,506,持分移轉,04360000
RPXSMLQJLHNFFBF76CB,建林段,20.62,都市：住,100000,506,持分移轉,04360000
RPQTMLQJLHNFFBF78CB,建林段,20.62,都市：住,100000,506,持分移轉,04360000
RPWSMLQJLHNFFBF66CB,建林段,20.62,都市：住,100000,506,持分移轉,04360000
RPUTMLQJLHNFFBF56CB,建林段,20.62,都市：住,100000,506,持分移轉,04360000
RPSTMLQJLHNFFBF98CB,建林段,20.62,都市：住,100000,506,持分移轉,04360000
RPWTMLQJLHNFFBF76CB,建林段,20.62,都市：住,100000,506,持分移轉,04360000
RPVTMLQJLHNFFBF66CB,建林段,20.62,都市：住,100000,506,持分移轉,04360000
RPRTMLQJLHNFFBF88CB,建林段,20.62,都市：住,100000,506,持分移轉,04360000
RPTTMLQJLHNFFBF09CB,建林段,20.62,都市：住,100000,506,持分移轉,04360000
RPOUMLQJLHNFFBF68CB,建林段,20.62,都市：住,100000,506,持分移轉,04360000
RPSUMLQJLHNFFBF09CB,建林段,20.62,都市：住,100000,506,持分移轉,04360000
RPQUMLQJLHNFFBF88CB,建林段,20.62,都市：住,100000,506,持分移轉,04360000
RPVUMLQJLHNFFBF76CB,建林段,18.42,都市：住,100000,452,持分移轉,04360000
RPXTMLQJLHNFFBF86CB,建林段,20.62,都市：住,100000,506,持分移轉,04360000
RPPUMLQJLHNFFBF78CB,建林段,20.62,都市：住,100000,506,持分移轉,04360000
RPRUMLQJLHNFFBF98CB,建林段,20.62,都市：住,100000,506,持分移轉,04360000
RPTUMLQJLHNFFBF56CB,建林段,20.62,都市：住,100000,506,持分移轉,04360000
RPWUMLQJLHNFFBF86CB,建林段,18.42,都市：住,100000,452,持分移轉,04360000
RPXUMLQJLHNFFBF96CB,建林段,18.42,都市：住,100000,452,持分移轉,04360000
RPSVMLQJLHNFFBF56CB,建林段,18.42,都市：住,100000,452,持分移轉,04360000
RPUVMLQJLHNFFBF76CB,建林段,18.42,都市：住,100000,452,持分移轉,04360000
RPWVMLQJLHNFFBF96CB,建林段,18.42,都市：住,100000,452,持分移轉,04360000
RPOVMLQJLHNFFBF78CB,建林段,18.42,都市：住,100000,452,持分移轉,04360000
RPPWMLQJLHNFFBF98CB,建林段,18.42,都市：住,100000,452,持分移轉,04360000
RPQVMLQJLHNFFBF98CB,建林段,18.42,都市：住,100000,452,持分移轉,04360000
RPRVMLQJLHNFFBF09CB,建林段,18.42,都市：住,100000,452,持分移轉,04360000
RPVVMLQJLHNFFBF86CB,建林段,18.01,都市：住,100000,442,持分移轉,04360000
RPRWMLQJLHNFFBF56CB,建林段,18.01,都市：住,100000,442,持分移轉,04360000
RPTVMLQJLHNFFBF66CB,建林段,18.42,都市：住,100000,452,持分移轉,04360000
RPXVMLQJLHNFFBF07CB,建林段,18.42,都市：住,100000,452,持分移轉,04360000
RPVWMLQJLHNFFBF96CB,建林段,14.18,都市：住,100000,348,持分移轉,04360000
RPUWMLQJLHNFFBF86CB,建林段,14.59,都市：住,100000,358,持分移轉,04360000
RPXWMLQJLHNFFBF17CB,建林段,14.59,都市：住,100000,358,持分移轉,04360000
RPTWMLQJLHNFFBF76CB,建林段,14.18,都市：住,100000,348,持分移轉,04360000
RPWWMLQJLHNFFBF07CB,建林段,14.59,都市：住,100000,358,持分移轉,04360000
RPSWMLQJLHNFFBF66CB,建林段,18.42,都市：住,100000,452,持分移轉,04360000
RPRNNLQJLHNFFBF38CB,建林段,14.59,都市：住,100000,358,持分移轉,04360000
RPPNNLQJLHNFFBF18CB,建林段,14.18,都市：住,100000,348,持分移轉,04360000
RPVNNLQJLHNFFBF78CB,建林段,14.59,都市：住,100000,358,持分移轉,04360000
RPOONLQJLHNFFBF18CB,建林段,14.59,都市：住,100000,358,持分移轉,04360000
RPWNNLQJLHNFFBF88CB,建林段,14.59,都市：住,100000,358,持分移轉,04360000
RPONNLQJLHNFFBF08CB,建林段,.72,都市：住,100000,358,持分移轉,04360000
RPXNNLQJLHNFFBF98CB,建林段,.72,都市：住,100000,358,持分移轉,04360000
RPQONLQJLHNFFBF38CB,建林段,14.59,都市：住,100000,358,持分移轉,04360000
RPRONLQJLHNFFBF48CB,建林段,.72,都市：住,100000,358,持分移轉,04360000
RPPONLQJLHNFFBF28CB,建林段,14.18,都市：住,100000,348,持分移轉,04360000
RPTONLQJLHNFFBF68CB,建林段,20.62,都市：住,100000,506,持分移轉,04360000
RPSONLQJLHNFFBF58CB,建林段,14.59,都市：住,100000,358,持分移轉,04360000
RPUONLQJLHNFFBF78CB,建林段,18.42,都市：住,100000,452,持分移轉,04360000
RPVONLQJLHNFFBF88CB,建林段,18.42,都市：住,100000,452,持分移轉,04360000
RPQPNLQJLHNFFBF48CB,建林段,18.42,都市：住,100000,452,持分移轉,04360000
RPWONLQJLHNFFBF98CB,建林段,18.42,都市：住,100000,452,持分移轉,04360000
RPTPNLQJLHNFFBF78CB,建林段,27.18,都市：住,100000,667,持分移轉,04360000
RPOPNLQJLHNFFBF28CB,建林段,14.59,都市：住,100000,358,持分移轉,04360000
RPVPNLQJLHNFFBF98CB,建林段,27.59,都市：住,100000,677,持分移轉,04360000
RPSPNLQJLHNFFBF68CB,建林段,27.59,都市：住,100000,677,持分移轉,04360000
RPPPNLQJLHNFFBF38CB,建林段,18.42,都市：住,100000,452,持分移轉,04360000
RPWPNLQJLHNFFBF09CB,建林段,27.18,都市：住,100000,667,持分移轉,04360000
RPUPNLQJLHNFFBF88CB,建林段,27.18,都市：住,100000,667,持分移轉,04360000
RPXPNLQJLHNFFBF56CB,建林段,27.18,都市：住,100000,667,持分移轉,04360000
RPUQNLQJLHNFFBF98CB,建林段,27.59,都市：住,100000,677,持分移轉,04360000
RPOQNLQJLHNFFBF38CB,建林段,27.59,都市：住,100000,677,持分移轉,04360000
RPWQNLQJLHNFFBF56CB,建林段,27.59,都市：住,100000,677,持分移轉,04360000
RPSQNLQJLHNFFBF78CB,建林段,27.18,都市：住,100000,667,持分移轉,04360000
RPPQNLQJLHNFFBF48CB,建林段,27.59,都市：住,100000,677,持分移轉,04360000
RPQRNLQJLHNFFBF68CB,建林段,20.62,都市：住,100000,506,持分移轉,04360000
RPVQNLQJLHNFFBF09CB,建林段,27.59,都市：住,100000,677,持分移轉,04360000
RPTQNLQJLHNFFBF88CB,建林段,27.18,都市：住,100000,667,持分移轉,04360000
RPORNLQJLHNFFBF48CB,建林段,20.62,都市：住,100000,506,持分移轉,04360000
RPPRNLQJLHNFFBF58CB,建林段,20.62,都市：住,100000,506,持分移轉,04360000
RPURNLQJLHNFFBF09CB,建林段,20.62,都市：住,100000,506,持分移轉,04360000
RPRRNLQJLHNFFBF78CB,建林段,20.62,都市：住,100000,506,持分移轉,04360000
RPSRNLQJLHNFFBF88CB,建林段,20.62,都市：住,100000,506,持分移轉,04360000
RPTRNLQJLHNFFBF98CB,建林段,20.62,都市：住,100000,506,持分移轉,04360000
RPXRNLQJLHNFFBF76CB,建林段,20.62,都市：住,100000,506,持分移轉,04360000
RPVRNLQJLHNFFBF56CB,建林段,20.62,都市：住,100000,506,持分移轉,04360000
RPPSNLQJLHNFFBF68CB,建林段,20.62,都市：住,100000,506,持分移轉,04360000
RPOSNLQJLHNFFBF58CB,建林段,20.62,都市：住,100000,506,持分移轉,04360000
RPQSNLQJLHNFFBF78CB,建林段,20.62,都市：住,100000,506,持分移轉,04360000
RPWRNLQJLHNFFBF66CB,建林段,20.62,都市：住,100000,506,持分移轉,04360000
RPVSNLQJLHNFFBF66CB,建林段,20.62,都市：住,100000,506,持分移轉,04360000
RPRSNLQJLHNFFBF88CB,建林段,20.62,都市：住,100000,506,持分移轉,04360000
RPSSNLQJLHNFFBF98CB,建林段,20.62,都市：住,100000,506,持分移轉,04360000
RPXSNLQJLHNFFBF86CB,建林段,1.02,都市：住,100000,506,持分移轉,04360000
RPTSNLQJLHNFFBF09CB,建林段,21.03,都市：住,100000,516,持分移轉,04360000
RPOTNLQJLHNFFBF68CB,建林段,20.62,都市：住,100000,506,持分移轉,04360000
RPUSNLQJLHNFFBF56CB,建林段,20.62,都市：住,100000,506,持分移轉,04360000
RPWSNLQJLHNFFBF76CB,建林段,20.62,都市：住,100000,506,持分移轉,04360000
RPRTNLQJLHNFFBF98CB,建林段,18.42,都市：住,100000,452,持分移轉,04360000
RPUTNLQJLHNFFBF66CB,建林段,18.42,都市：住,100000,452,持分移轉,04360000
RPXTNLQJLHNFFBF96CB,建林段,18.42,都市：住,100000,452,持分移轉,04360000
RPSTNLQJLHNFFBF09CB,建林段,18.42,都市：住,100000,452,持分移轉,04360000
RPVTNLQJLHNFFBF76CB,建林段,18.42,都市：住,100000,452,持分移轉,04360000
RPPUNLQJLHNFFBF88CB,建林段,18.42,都市：住,100000,452,持分移轉,04360000
RPOUNLQJLHNFFBF78CB,建林段,18.42,都市：住,100000,452,持分移轉,04360000
RPTTNLQJLHNFFBF56CB,建林段,18.42,都市：住,100000,452,持分移轉,04360000
RPQUNLQJLHNFFBF98CB,建林段,18.42,都市：住,100000,452,持分移轉,04360000
RPWTNLQJLHNFFBF86CB,建林段,18.42,都市：住,100000,452,持分移轉,04360000
RPSUNLQJLHNFFBF56CB,建林段,18.42,都市：住,100000,452,持分移轉,04360000
RPXUNLQJLHNFFBF07CB,建林段,14.18,都市：住,100000,348,持分移轉,04360000
RPTUNLQJLHNFFBF66CB,建林段,18.42,都市：住,100000,452,持分移轉,04360000
RPRUNLQJLHNFFBF09CB,建林段,18.42,都市：住,100000,452,持分移轉,04360000
RPQVNLQJLHNFFBF09CB,建林段,14.59,都市：住,100000,358,持分移轉,04360000
RPUUNLQJLHNFFBF76CB,建林段,18.42,都市：住,100000,452,持分移轉,04360000
RPOVNLQJLHNFFBF88CB,建林段,14.59,都市：住,100000,358,持分移轉,04360000
RPVUNLQJLHNFFBF86CB,建林段,18.42,都市：住,100000,452,持分移轉,04360000
RPPVNLQJLHNFFBF98CB,建林段,14.59,都市：住,100000,358,持分移轉,04360000
RPSVNLQJLHNFFBF66CB,建林段,14.59,都市：住,100000,358,持分移轉,04360000
RPRVNLQJLHNFFBF56CB,建林段,14.59,都市：住,100000,358,持分移轉,04360000
RPTVNLQJLHNFFBF76CB,建林段,15.00,都市：住,100000,368,持分移轉,04360000
RPUVNLQJLHNFFBF86CB,建林段,14.59,都市：住,100000,358,持分移轉,04360000
RPOWNLQJLHNFFBF98CB,建林段,14.59,都市：住,100000,358,持分移轉,04360000
RPVVNLQJLHNFFBF96CB,建林段,14.59,都市：住,100000,358,持分移轉,04360000
RPQWNLQJLHNFFBF56CB,建林段,14.59,都市：住,100000,358,持分移轉,04360000
RPWVNLQJLHNFFBF07CB,建林段,14.59,都市：住,100000,358,持分移轉,04360000
RPPWNLQJLHNFFBF09CB,建林段,14.59,都市：住,100000,358,持分移轉,04360000
RPXVNLQJLHNFFBF17CB,建林段,14.59,都市：住,100000,358,持分移轉,04360000
RPSWNLQJLHNFFBF76CB,建林段,14.59,都市：住,100000,358,持分移轉,04360000
RPRWNLQJLHNFFBF66CB,建林段,14.59,都市：住,100000,358,持分移轉,04360000
RPQNMLRJLHNFFEF58CB,新市段,15.24,都市：住,100000,84,持分移轉,02040000
RPUWNLQJLHNFFBF96CB,建林段,14.59,都市：住,100000,358,持分移轉,04360000
RPTWNLQJLHNFFBF86CB,建林段,14.18,都市：住,100000,348,持分移轉,04360000
RPVNMLRJLHNFFEF09CB,新市段,15.24,都市：住,100000,84,持分移轉,02040000
RPTNMLRJLHNFFEF88CB,新市段,15.24,都市：住,100000,84,持分移轉,02040000
RPRNMLRJLHNFFEF68CB,新市段,15.24,都市：住,100000,84,持分移轉,02040000
RPXNMLRJLHNFFEF66CB,新市段,15.24,都市：住,100000,84,持分移轉,02040000
RPSNMLRJLHNFFEF78CB,新市段,15.24,都市：住,100000,84,持分移轉,02040000
RPOOMLRJLHNFFEF48CB,新市段,15.24,都市：住,100000,84,持分移轉,02040000
RPWNMLRJLHNFFEF56CB,新市段,15.24,都市：住,100000,84,持分移轉,02040000
RPSOMLRJLHNFFEF88CB,新市段,21.05,都市：住,100000,116,持分移轉,02040000
RPROMLRJLHNFFEF78CB,新市段,21.05,都市：住,100000,116,持分移轉,02040000
RPUOMLRJLHNFFEF09CB,新市段,21.05,都市：住,100000,116,持分移轉,02040000
RPPOMLRJLHNFFEF58CB,新市段,21.05,都市：住,100000,116,持分移轉,02040000
RPWOMLRJLHNFFEF66CB,新市段,21.05,都市：住,100000,116,持分移轉,02040000
RPVOMLRJLHNFFEF56CB,新市段,21.05,都市：住,100000,116,持分移轉,02040000
RPOPMLRJLHNFFEF58CB,新市段,21.05,都市：住,100000,116,持分移轉,02040000
RPTOMLRJLHNFFEF98CB,新市段,21.05,都市：住,100000,116,持分移轉,02040000
RPRPMLRJLHNFFEF88CB,新市段,21.05,都市：住,100000,116,持分移轉,02040000
RPXOMLRJLHNFFEF76CB,新市段,20.69,都市：住,100000,114,持分移轉,02040000
RPSPMLRJLHNFFEF98CB,新市段,21.05,都市：住,100000,116,持分移轉,02040000
RPPPMLRJLHNFFEF68CB,新市段,21.05,都市：住,100000,116,持分移轉,02040000
RPQPMLRJLHNFFEF78CB,新市段,21.05,都市：住,100000,116,持分移轉,02040000
RPTPMLRJLHNFFEF09CB,新市段,21.05,都市：住,100000,116,持分移轉,02040000
RPWPMLRJLHNFFEF76CB,新市段,21.05,都市：住,100000,116,持分移轉,02040000
RPUPMLRJLHNFFEF56CB,新市段,21.05,都市：住,100000,116,持分移轉,02040000
RPOQMLRJLHNFFEF68CB,新市段,21.05,都市：住,100000,116,持分移轉,02040000
RPVPMLRJLHNFFEF66CB,新市段,21.05,都市：住,100000,116,持分移轉,02040000
RPXPMLRJLHNFFEF86CB,新市段,21.05,都市：住,100000,116,持分移轉,02040000
RPQQMLRJLHNFFEF88CB,新市段,21.05,都市：住,100000,116,持分移轉,02040000
RPRQMLRJLHNFFEF98CB,新市段,20.87,都市：住,100000,115,持分移轉,02040000
RPPQMLRJLHNFFEF78CB,新市段,21.05,都市：住,100000,116,持分移轉,02040000
RPSQMLRJLHNFFEF09CB,新市段,21.05,都市：住,100000,116,持分移轉,02040000
RPTQMLRJLHNFFEF56CB,新市段,21.05,都市：住,100000,116,持分移轉,02040000
RPWQMLRJLHNFFEF86CB,新市段,21.05,都市：住,100000,116,持分移轉,02040000
RPUQMLRJLHNFFEF66CB,新市段,20.69,都市：住,100000,114,持分移轉,02040000
RPVQMLRJLHNFFEF76CB,新市段,21.05,都市：住,100000,116,持分移轉,02040000
RPQRMLRJLHNFFEF98CB,新市段,21.05,都市：住,100000,116,持分移轉,02040000
RPORMLRJLHNFFEF78CB,新市段,21.05,都市：住,100000,116,持分移轉,02040000
RPPRMLRJLHNFFEF88CB,新市段,21.05,都市：住,100000,116,持分移轉,02040000
RPXQMLRJLHNFFEF96CB,新市段,21.05,都市：住,100000,116,持分移轉,02040000
RPRRMLRJLHNFFEF09CB,新市段,15.24,都市：住,100000,84,持分移轉,02040000
RPSRMLRJLHNFFEF56CB,新市段,15.24,都市：住,100000,84,持分移轉,02040000
RPWRMLRJLHNFFEF96CB,新市段,15.24,都市：住,100000,84,持分移轉,02040000
RPVRMLRJLHNFFEF86CB,新市段,15.06,都市：住,100000,83,持分移轉,02040000
RPXRMLRJLHNFFEF07CB,新市段,15.24,都市：住,100000,84,持分移轉,02040000
RPTRMLRJLHNFFEF66CB,新市段,15.24,都市：住,100000,84,持分移轉,02040000
RPOSMLRJLHNFFEF88CB,新市段,15.24,都市：住,100000,84,持分移轉,02040000
RPQSMLRJLHNFFEF09CB,新市段,15.24,都市：住,100000,84,持分移轉,02040000
RPPSMLRJLHNFFEF98CB,新市段,15.24,都市：住,100000,84,持分移轉,02040000
RPSSMLRJLHNFFEF66CB,新市段,15.24,都市：住,100000,84,持分移轉,02040000
RPOQMLSJLHNFFBF48CB,力行段,15.47,都市：商,100000,696,持分移轉,00890000
RPPQMLSJLHNFFBF58CB,力行段,15.25,都市：商,100000,686,持分移轉,00890000
RPRSMLRJLHNFFEF56CB,新市段,15.24,都市：住,100000,84,持分移轉,02040000
RPQQMLSJLHNFFBF68CB,力行段,15.25,都市：商,100000,686,持分移轉,00890000
RPRQMLSJLHNFFBF78CB,力行段,12.54,都市：商,100000,564,持分移轉,00890000
RPTQMLSJLHNFFBF98CB,力行段,9.00,都市：商,100000,405,持分移轉,00890000
RPVQMLSJLHNFFBF56CB,力行段,11.83,都市：商,100000,532,持分移轉,00890000
RPSQMLSJLHNFFBF88CB,力行段,12.63,都市：商,100000,568,持分移轉,00890000
RPORMLSJLHNFFBF58CB,力行段,11.49,都市：商,100000,517,持分移轉,00890000
RPUQMLSJLHNFFBF09CB,力行段,11.49,都市：商,100000,517,持分移轉,00890000
RPWQMLSJLHNFFBF66CB,力行段,11.83,都市：商,100000,532,持分移轉,00890000
RPXQMLSJLHNFFBF76CB,力行段,10.14,都市：商,100000,456,持分移轉,00890000
RPQRMLSJLHNFFBF78CB,力行段,11.49,都市：商,100000,517,持分移轉,00890000
RPURMLSJLHNFFBF56CB,力行段,9.00,都市：商,100000,405,持分移轉,00890000
RPPRMLSJLHNFFBF68CB,力行段,9.00,都市：商,100000,405,持分移轉,00890000
RPRRMLSJLHNFFBF88CB,力行段,11.49,都市：商,100000,517,持分移轉,00890000
RPTRMLSJLHNFFBF09CB,力行段,9.00,都市：商,100000,405,持分移轉,00890000
RPVRMLSJLHNFFBF66CB,力行段,9.00,都市：商,100000,405,持分移轉,00890000
RPWRMLSJLHNFFBF76CB,力行段,11.49,都市：商,100000,517,持分移轉,00890000
RPSRMLSJLHNFFBF98CB,力行段,11.45,都市：商,100000,515,持分移轉,00890000
RPOSMLSJLHNFFBF68CB,力行段,11.87,都市：商,100000,534,持分移轉,00890000
RPXRMLSJLHNFFBF86CB,力行段,9.00,都市：商,100000,405,持分移轉,00890000
RPTSMLSJLHNFFBF56CB,力行段,11.49,都市：商,100000,517,持分移轉,00890000
RPPSMLSJLHNFFBF78CB,力行段,9.00,都市：商,100000,405,持分移轉,00890000
RPQSMLSJLHNFFBF88CB,力行段,6.00,都市：商,100000,270,持分移轉,00890000
RPRSMLSJLHNFFBF98CB,力行段,11.09,都市：商,100000,499,持分移轉,00890000
RPXSMLSJLHNFFBF96CB,力行段,15.23,都市：商,100000,685,持分移轉,00890000
RPWSMLSJLHNFFBF86CB,力行段,11.49,都市：商,100000,517,持分移轉,00890000
RPSSMLSJLHNFFBF09CB,力行段,15.27,都市：商,100000,687,持分移轉,00890000
RPUSMLSJLHNFFBF66CB,力行段,15.25,都市：商,100000,686,持分移轉,00890000
RPPTMLSJLHNFFBF88CB,力行段,9.00,都市：商,100000,405,持分移轉,00890000
RPQTMLSJLHNFFBF98CB,力行段,9.00,都市：商,100000,405,持分移轉,00890000
RPOTMLSJLHNFFBF78CB,力行段,14.92,都市：商,100000,671,持分移轉,00890000
RPRTMLSJLHNFFBF09CB,力行段,14.87,都市：商,100000,669,持分移轉,00890000
RPWTMLSJLHNFFBF96CB,力行段,15.14,都市：商,100000,681,持分移轉,00890000
RPSTMLSJLHNFFBF56CB,力行段,9.00,都市：商,100000,405,持分移轉,00890000
RPPUMLSJLHNFFBF98CB,力行段,11.87,都市：商,100000,534,持分移轉,00890000
RPTTMLSJLHNFFBF66CB,力行段,15.25,都市：商,100000,686,持分移轉,00890000
RPUTMLSJLHNFFBF76CB,力行段,11.83,都市：商,100000,532,持分移轉,00890000
RPSUMLSJLHNFFBF66CB,力行段,9.00,都市：商,100000,405,持分移轉,00890000
RPRUMLSJLHNFFBF56CB,力行段,9.00,都市：商,100000,405,持分移轉,00890000
RPOUMLSJLHNFFBF88CB,力行段,15.21,都市：商,100000,684,持分移轉,00890000
RPUUMLSJLHNFFBF86CB,力行段,9.00,都市：商,100000,405,持分移轉,00890000
RPQUMLSJLHNFFBF09CB,力行段,9.00,都市：商,100000,405,持分移轉,00890000
RPPVMLSJLHNFFBF09CB,力行段,11.49,都市：商,100000,517,持分移轉,00890000
RPQVMLSJLHNFFBF56CB,力行段,9.00,都市：商,100000,405,持分移轉,00890000
RPRVMLSJLHNFFBF66CB,力行段,11.49,都市：商,100000,517,持分移轉,00890000
RPSVMLSJLHNFFBF76CB,力行段,9.00,都市：商,100000,405,持分移轉,00890000
RPTUMLSJLHNFFBF76CB,力行段,11.83,都市：商,100000,532,持分移轉,00890000
RPVUMLSJLHNFFBF96CB,力行段,9.00,都市：商,100000,405,持分移轉,00890000
RPOVMLSJLHNFFBF98CB,力行段,15.14,都市：商,100000,681,持分移轉,00890000
RPUVMLSJLHNFFBF96CB,力行段,9.00,都市：商,100000,405,持分移轉,00890000
RPVVMLSJLHNFFBF07CB,力行段,9.00,都市：商,100000,405,持分移轉,00890000
RPPWMLSJLHNFFBF56CB,力行段,9.00,都市：商,100000,405,持分移轉,00890000
RPTVMLSJLHNFFBF86CB,力行段,6.00,都市：商,100000,270,持分移轉,00890000
RPSWMLSJLHNFFBF86CB,力行段,11.87,都市：商,100000,534,持分移轉,00890000
RPXVMLSJLHNFFBF27CB,力行段,11.49,都市：商,100000,517,持分移轉,00890000
RPWVMLSJLHNFFBF17CB,力行段,9.00,都市：商,100000,405,持分移轉,00890000
RPVWMLSJLHNFFBF17CB,力行段,11.49,都市：商,100000,517,持分移轉,00890000
RPOWMLSJLHNFFBF09CB,力行段,15.27,都市：商,100000,687,持分移轉,00890000
RPQWMLSJLHNFFBF66CB,力行段,14.92,都市：商,100000,671,持分移轉,00890000
RPRWMLSJLHNFFBF76CB,力行段,9.00,都市：商,100000,405,持分移轉,00890000
RPUWMLSJLHNFFBF07CB,力行段,18.05,都市：商,100000,812,持分移轉,00890000
RPWWMLSJLHNFFBF27CB,力行段,9.00,都市：商,100000,405,持分移轉,00890000
RPXWMLSJLHNFFBF37CB,力行段,11.87,都市：商,100000,534,持分移轉,00890000
RPONNLSJLHNFFBF28CB,力行段,15.14,都市：商,100000,681,持分移轉,00890000
RPRNNLSJLHNFFBF58CB,力行段,9.00,都市：商,100000,405,持分移轉,00890000
RPPNNLSJLHNFFBF38CB,力行段,11.49,都市：商,100000,517,持分移轉,00890000
RPQNNLSJLHNFFBF48CB,力行段,15.27,都市：商,100000,687,持分移轉,00890000
RPUNNLSJLHNFFBF88CB,力行段,15.25,都市：商,100000,686,持分移轉,00890000
RPXNNLSJLHNFFBF56CB,力行段,15.27,都市：商,100000,687,持分移轉,00890000
RPWNNLSJLHNFFBF09CB,力行段,11.49,都市：商,100000,517,持分移轉,00890000
RPVNNLSJLHNFFBF98CB,力行段,11.49,都市：商,100000,517,持分移轉,00890000
RPTNNLSJLHNFFBF78CB,力行段,15.25,都市：商,100000,686,持分移轉,00890000
RPPONLSJLHNFFBF48CB,力行段,11.49,都市：商,100000,517,持分移轉,00890000
RPSONLSJLHNFFBF78CB,力行段,9.00,都市：商,100000,405,持分移轉,00890000
RPOONLSJLHNFFBF38CB,力行段,15.14,都市：商,100000,681,持分移轉,00890000
RPTONLSJLHNFFBF88CB,力行段,11.87,都市：商,100000,534,持分移轉,00890000
RPUONLSJLHNFFBF98CB,力行段,11.49,都市：商,100000,517,持分移轉,00890000
RPVONLSJLHNFFBF09CB,力行段,9.00,都市：商,100000,405,持分移轉,00890000
RPRONLSJLHNFFBF68CB,力行段,11.49,都市：商,100000,517,持分移轉,00890000
RPQONLSJLHNFFBF58CB,力行段,14.92,都市：商,100000,671,持分移轉,00890000
RPOPNLSJLHNFFBF48CB,力行段,11.87,都市：商,100000,534,持分移轉,00890000
RPWONLSJLHNFFBF56CB,力行段,11.83,都市：商,100000,532,持分移轉,00890000
RPSPMLNKLHNFFEF68CB,新市段,15.24,都市：住,100000,84,持分移轉,02040000
RPPPNLSJLHNFFBF58CB,力行段,9.00,都市：商,100000,405,持分移轉,00890000
RPRPNLSJLHNFFBF78CB,力行段,9.00,都市：商,100000,405,持分移轉,00890000
RPXPMLNKLHNFFEF56CB,新市段,21.05,都市：住,100000,116,持分移轉,02040000
RPXONLSJLHNFFBF66CB,力行段,9.00,都市：商,100000,405,持分移轉,00890000
RPVPMLNKLHNFFEF98CB,新市段,15.24,都市：住,100000,84,持分移轉,02040000
RPQPNLSJLHNFFBF68CB,力行段,9.00,都市：商,100000,405,持分移轉,00890000
RPRQMLNKLHNFFEF68CB,新市段,30.30,都市：住,100000,167,持分移轉,02040000
RPTQMLNKLHNFFEF88CB,新市段,29.39,都市：住,100000,162,持分移轉,02040000
RPWPMLNKLHNFFEF09CB,新市段,15.24,都市：住,100000,84,持分移轉,02040000
RPUQMLNKLHNFFEF98CB,新市段,23.23,都市：住,100000,128,持分移轉,02040000
RPOQMLNKLHNFFEF38CB,新市段,15.06,都市：住,100000,83,持分移轉,02040000
RPVQMLNKLHNFFEF09CB,新市段,23.23,都市：住,100000,128,持分移轉,02110000
RPORMLNKLHNFFEF48CB,新市段,23.23,都市：住,100000,128,持分移轉,02040000
RPPRMLNKLHNFFEF58CB,新市段,23.23,都市：住,100000,128,持分移轉,02040000
RPTRMLNKLHNFFEF98CB,新市段,23.04,都市：住,100000,127,持分移轉,02040000
RPQRMLNKLHNFFEF68CB,新市段,23.23,都市：住,100000,128,持分移轉,02040000
RPSRMLNKLHNFFEF88CB,新市段,22.86,都市：住,100000,126,持分移轉,02040000
RPWQMLNKLHNFFEF56CB,新市段,23.23,都市：住,100000,128,持分移轉,02040000
RPXQMLNKLHNFFEF66CB,新市段,23.23,都市：住,100000,128,持分移轉,02040000
RPRRMLNKLHNFFEF78CB,新市段,22.86,都市：住,100000,126,持分移轉,02040000
RPVRMLNKLHNFFEF56CB,新市段,23.04,都市：住,100000,127,持分移轉,02040000
RPURMLNKLHNFFEF09CB,新市段,23.04,都市：住,100000,127,持分移轉,02040000
RPOSMLNKLHNFFEF58CB,新市段,23.04,都市：住,100000,127,持分移轉,02040000
RPPSMLNKLHNFFEF68CB,新市段,22.68,都市：住,100000,125,持分移轉,02040000
RPRSMLNKLHNFFEF88CB,新市段,22.86,都市：住,100000,126,持分移轉,02040000
RPWRMLNKLHNFFEF66CB,新市段,23.04,都市：住,100000,127,持分移轉,02040000
RPQSMLNKLHNFFEF78CB,新市段,23.04,都市：住,100000,127,持分移轉,02040000
RPXRMLNKLHNFFEF76CB,新市段,23.04,都市：住,100000,127,持分移轉,02040000
RPUSMLNKLHNFFEF56CB,新市段,23.04,都市：住,100000,127,持分移轉,02040000
RPWSMLNKLHNFFEF76CB,新市段,15.60,都市：住,100000,86,持分移轉,02040000
RPPTMLNKLHNFFEF78CB,新市段,15.24,都市：住,100000,84,持分移轉,02040000
RPTSMLNKLHNFFEF09CB,新市段,23.04,都市：住,100000,127,持分移轉,02040000
RPSSMLNKLHNFFEF98CB,新市段,23.04,都市：住,100000,127,持分移轉,02040000
RPTTMLNKLHNFFEF56CB,新市段,15.24,都市：住,100000,84,持分移轉,02040000
RPXSMLNKLHNFFEF86CB,新市段,15.60,都市：住,100000,86,持分移轉,02040000
RPOTMLNKLHNFFEF68CB,新市段,15.42,都市：住,100000,85,持分移轉,02040000
RPVTMLNKLHNFFEF76CB,新市段,15.24,都市：住,100000,84,持分移轉,02040000
RPRTMLNKLHNFFEF98CB,新市段,15.24,都市：住,100000,84,持分移轉,02040000
RPWTMLNKLHNFFEF86CB,新市段,15.24,都市：住,100000,84,持分移轉,02040000
RPSTMLNKLHNFFEF09CB,新市段,15.24,都市：住,100000,84,持分移轉,02040000
RPXTMLNKLHNFFEF96CB,新市段,15.24,都市：住,100000,84,持分移轉,02040000
RPOUMLNKLHNFFEF78CB,新市段,15.24,都市：住,100000,84,持分移轉,02040000
RPUTMLNKLHNFFEF66CB,新市段,15.24,都市：住,100000,84,持分移轉,02040000
RPTUMLNKLHNFFEF66CB,新市段,15.24,都市：住,100000,84,持分移轉,02040000
RPPVMLNKLHNFFEF98CB,新市段,21.05,都市：住,100000,116,持分移轉,02040000
RPPUMLNKLHNFFEF88CB,新市段,14.88,都市：住,100000,82,持分移轉,02040000
RPUUMLNKLHNFFEF76CB,新市段,15.24,都市：住,100000,84,持分移轉,02040000
RPVUMLNKLHNFFEF86CB,新市段,15.24,都市：住,100000,84,持分移轉,02040000
RPRUMLNKLHNFFEF09CB,新市段,15.06,都市：住,100000,83,持分移轉,02040000
RPXUMLNKLHNFFEF07CB,新市段,21.05,都市：住,100000,116,持分移轉,02040000
RPRVMLNKLHNFFEF56CB,新市段,21.05,都市：住,100000,116,持分移轉,02040000
RPQVMLNKLHNFFEF09CB,新市段,21.05,都市：住,100000,116,持分移轉,02040000
RPWUMLNKLHNFFEF96CB,新市段,21.05,都市：住,100000,116,持分移轉,02040000
RPUVMLNKLHNFFEF86CB,新市段,21.05,都市：住,100000,116,持分移轉,02040000
RPVVMLNKLHNFFEF96CB,新市段,20.69,都市：住,100000,114,持分移轉,02040000
RPSVMLNKLHNFFEF66CB,新市段,21.05,都市：住,100000,116,持分移轉,02040000
RPWVMLNKLHNFFEF07CB,新市段,21.05,都市：住,100000,116,持分移轉,02050000
RPOWMLNKLHNFFEF98CB,新市段,20.87,都市：住,100000,115,持分移轉,02040000
RPTVMLNKLHNFFEF76CB,新市段,21.05,都市：住,100000,116,持分移轉,02040000
RPRWMLNKLHNFFEF66CB,新市段,21.05,都市：住,100000,116,持分移轉,02040000
RPSWMLNKLHNFFEF76CB,新市段,21.05,都市：住,100000,116,持分移轉,02040000
RPVWMLNKLHNFFEF07CB,新市段,21.05,都市：住,100000,116,持分移轉,02040000
RPPWMLNKLHNFFEF09CB,新市段,20.50,都市：住,100000,113,持分移轉,02040000
RPONNLNKLHNFFEF18CB,新市段,21.05,都市：住,100000,116,持分移轉,02040000
RPUWMLNKLHNFFEF96CB,新市段,21.05,都市：住,100000,116,持分移轉,02040000
RPQWMLNKLHNFFEF56CB,新市段,21.05,都市：住,100000,116,持分移轉,02040000
RPTWMLNKLHNFFEF86CB,新市段,21.05,都市：住,100000,116,持分移轉,02040000
RPWWMLNKLHNFFEF17CB,新市段,21.05,都市：住,100000,116,持分移轉,02040000
RPQNNLNKLHNFFEF38CB,新市段,21.05,都市：住,100000,116,持分移轉,02040000
RPRNNLNKLHNFFEF48CB,新市段,20.87,都市：住,100000,115,持分移轉,02040000
RPSNNLNKLHNFFEF58CB,新市段,20.50,都市：住,100000,113,持分移轉,02040000
RPXWMLNKLHNFFEF27CB,新市段,21.05,都市：住,100000,116,持分移轉,02040000
RPPNNLNKLHNFFEF28CB,新市段,20.69,都市：住,100000,114,持分移轉,02040000
RPTNNLNKLHNFFEF68CB,新市段,21.05,都市：住,100000,116,持分移轉,02040000
RPQNMLOKLHNFFEF38CB,新市段,15.24,都市：住,100000,84,持分移轉,02040000
RPSNMLOKLHNFFEF58CB,新市段,15.24,都市：住,100000,84,持分移轉,02040000
RPRNMLOKLHNFFEF48CB,新市段,15.24,都市：住,100000,84,持分移轉,02040000
RPUNNLNKLHNFFEF78CB,新市段,21.05,都市：住,100000,116,持分移轉,02040000
RPXNMLOKLHNFFEF09CB,新市段,23.04,都市：住,100000,127,持分移轉,02040000
RPVNMLOKLHNFFEF88CB,新市段,14.88,都市：住,100000,82,持分移轉,02040000
RPUNMLOKLHNFFEF78CB,新市段,15.24,都市：住,100000,84,持分移轉,02040000
RPPNMLOKLHNFFEF28CB,新市段,15.24,都市：住,100000,84,持分移轉,02040000
RPOOMLOKLHNFFEF28CB,新市段,23.04,都市：住,100000,127,持分移轉,02040000
RPTNMLOKLHNFFEF68CB,新市段,15.24,都市：住,100000,84,持分移轉,02110000
RPQOMLOKLHNFFEF48CB,新市段,23.23,都市：住,100000,128,持分移轉,02040000
RPXOMLOKLHNFFEF56CB,新市段,23.23,都市：住,100000,128,持分移轉,02040000
RPWOMLOKLHNFFEF09CB,新市段,23.23,都市：住,100000,128,持分移轉,02040000
RPOPMLOKLHNFFEF38CB,新市段,23.23,都市：住,100000,128,持分移轉,02040000
RPPPMLOKLHNFFEF48CB,新市段,23.23,都市：住,100000,128,持分移轉,02040000
RPRPMLOKLHNFFEF68CB,新市段,22.86,都市：住,100000,126,持分移轉,02040000
RPSPMLOKLHNFFEF78CB,新市段,25.04,都市：住,100000,138,持分移轉,02040000
RPPOMLOKLHNFFEF38CB,新市段,23.23,都市：住,100000,128,持分移轉,02040000
RPTPMLOKLHNFFEF88CB,新市段,23.23,都市：住,100000,128,持分移轉,02040000
RPVPMLOKLHNFFEF09CB,新市段,23.23,都市：住,100000,128,持分移轉,02040000
RPUPMLOKLHNFFEF98CB,新市段,23.23,都市：住,100000,128,持分移轉,02040000
RPWPMLOKLHNFFEF56CB,新市段,23.23,都市：住,100000,128,持分移轉,02040000
RPQQMLOKLHNFFEF68CB,新市段,22.86,都市：住,100000,126,持分移轉,02040000
RPQPMLOKLHNFFEF58CB,新市段,23.23,都市：住,100000,128,持分移轉,02040000
RPPQMLOKLHNFFEF58CB,新市段,23.23,都市：住,100000,128,持分移轉,02040000
RPRQMLOKLHNFFEF78CB,新市段,22.86,都市：住,100000,126,持分移轉,02040000
RPTQMLOKLHNFFEF98CB,新市段,23.04,都市：住,100000,127,持分移轉,02040000
RPUQMLOKLHNFFEF09CB,新市段,23.04,都市：住,100000,127,持分移轉,02040000
RPXPMLOKLHNFFEF66CB,新市段,23.23,都市：住,100000,128,持分移轉,02040000
RPVQMLOKLHNFFEF56CB,新市段,23.04,都市：住,100000,127,持分移轉,02040000
RPORMLOKLHNFFEF58CB,新市段,23.04,都市：住,100000,127,持分移轉,02040000
RPPRMLOKLHNFFEF68CB,新市段,22.86,都市：住,100000,126,持分移轉,02040000
RPWQMLOKLHNFFEF66CB,新市段,23.04,都市：住,100000,127,持分移轉,02040000
RPQRMLOKLHNFFEF78CB,新市段,23.04,都市：住,100000,127,持分移轉,02040000
RPTRMLOKLHNFFEF09CB,新市段,23.04,都市：住,100000,127,持分移轉,02040000
RPSRMLOKLHNFFEF98CB,新市段,22.86,都市：住,100000,126,持分移轉,02040000
RPWRMLOKLHNFFEF76CB,新市段,23.04,都市：住,100000,127,持分移轉,02040000
RPXQMLOKLHNFFEF76CB,新市段,23.04,都市：住,100000,127,持分移轉,02040000
RPRRMLOKLHNFFEF88CB,新市段,23.04,都市：住,100000,127,持分移轉,02040000
RPPSMLOKLHNFFEF78CB,新市段,15.42,都市：住,100000,85,持分移轉,02040000
RPURMLOKLHNFFEF56CB,新市段,23.04,都市：住,100000,127,持分移轉,02040000
RPRSMLOKLHNFFEF98CB,新市段,15.24,都市：住,100000,84,持分移轉,02040000
RPQSMLOKLHNFFEF88CB,新市段,15.24,都市：住,100000,84,持分移轉,02040000
RPSSMLOKLHNFFEF09CB,新市段,15.24,都市：住,100000,84,持分移轉,02040000
RPXRMLOKLHNFFEF86CB,新市段,15.60,都市：住,100000,86,持分移轉,02040000
RPOSMLOKLHNFFEF68CB,新市段,15.60,都市：住,100000,86,持分移轉,02040000
RPVSMLOKLHNFFEF76CB,新市段,15.24,都市：住,100000,84,持分移轉,02040000
RPUSMLOKLHNFFEF66CB,新市段,15.24,都市：住,100000,84,持分移轉,02040000
RPWSMLOKLHNFFEF86CB,新市段,14.88,都市：住,100000,82,持分移轉,02040000
RPXSMLOKLHNFFEF96CB,新市段,15.24,都市：住,100000,84,持分移轉,02040000
RPPTMLOKLHNFFEF88CB,新市段,15.24,都市：住,100000,84,持分移轉,02040000
RPRTMLOKLHNFFEF09CB,新市段,15.24,都市：住,100000,84,持分移轉,02040000
RPSTMLOKLHNFFEF56CB,新市段,21.05,都市：住,100000,116,持分移轉,02040000
RPTSMLOKLHNFFEF56CB,新市段,15.24,都市：住,100000,84,持分移轉,02040000
RPUTMLOKLHNFFEF76CB,新市段,21.05,都市：住,100000,116,持分移轉,02040000
RPOTMLOKLHNFFEF78CB,新市段,15.06,都市：住,100000,83,持分移轉,02040000
RPQTMLOKLHNFFEF98CB,新市段,15.24,都市：住,100000,84,持分移轉,02040000
RPTTMLOKLHNFFEF66CB,新市段,21.05,都市：住,100000,116,持分移轉,02040000
RPVTMLOKLHNFFEF86CB,新市段,21.05,都市：住,100000,116,持分移轉,02040000
RPWTMLOKLHNFFEF96CB,新市段,21.05,都市：住,100000,116,持分移轉,02040000
RPXTMLOKLHNFFEF07CB,新市段,21.05,都市：住,100000,116,持分移轉,02040000
RPQUMLOKLHNFFEF09CB,新市段,20.87,都市：住,100000,115,持分移轉,02040000
RPRUMLOKLHNFFEF56CB,新市段,20.50,都市：住,100000,113,持分移轉,02040000
RPWUMLOKLHNFFEF07CB,新市段,21.05,都市：住,100000,116,持分移轉,02040000
RPTUMLOKLHNFFEF76CB,新市段,21.05,都市：住,100000,116,持分移轉,02040000
RPSUMLOKLHNFFEF66CB,新市段,21.05,都市：住,100000,116,持分移轉,02040000
RPUUMLOKLHNFFEF86CB,新市段,21.05,都市：住,100000,116,持分移轉,02040000
RPOUMLOKLHNFFEF88CB,新市段,21.05,都市：住,100000,116,持分移轉,02040000
RPPUMLOKLHNFFEF98CB,新市段,20.69,都市：住,100000,114,持分移轉,02040000
RPXUMLOKLHNFFEF17CB,新市段,21.05,都市：住,100000,116,持分移轉,02040000
RPPVMLOKLHNFFEF09CB,新市段,21.05,都市：住,100000,116,持分移轉,02040000
RPUVMLOKLHNFFEF96CB,新市段,21.05,都市：住,100000,116,持分移轉,02040000
RPVVMLOKLHNFFEF07CB,新市段,20.69,都市：住,100000,114,持分移轉,02040000
RPQVMLOKLHNFFEF56CB,新市段,21.05,都市：住,100000,116,持分移轉,02040000
RPTVMLOKLHNFFEF86CB,新市段,21.05,都市：住,100000,116,持分移轉,02040000
RPSVMLOKLHNFFEF76CB,新市段,21.05,都市：住,100000,116,持分移轉,02040000
RPRVMLOKLHNFFEF66CB,新市段,21.05,都市：住,100000,116,持分移轉,02040000
RPWVMLOKLHNFFEF17CB,新市段,21.05,都市：住,100000,116,持分移轉,02040000
RPXVMLOKLHNFFEF27CB,新市段,20.87,都市：住,100000,115,持分移轉,02040000
RPPWMLOKLHNFFEF56CB,新市段,21.05,都市：住,100000,116,持分移轉,02040000
RPOWMLOKLHNFFEF09CB,新市段,20.50,都市：住,100000,113,持分移轉,02040000
RPQWMLOKLHNFFEF66CB,新市段,21.05,都市：住,100000,116,持分移轉,02040000
RPSWMLOKLHNFFEF86CB,新市段,15.24,都市：住,100000,84,持分移轉,02040000
RPRWMLOKLHNFFEF76CB,新市段,15.42,都市：住,100000,85,持分移轉,02040000
RPTWMLOKLHNFFEF96CB,新市段,15.24,都市：住,100000,84,持分移轉,02040000
RPVWMLOKLHNFFEF17CB,新市段,15.24,都市：住,100000,84,持分移轉,02040000
RPWWMLOKLHNFFEF27CB,新市段,23.04,都市：住,100000,127,持分移轉,02040000
RPUWMLOKLHNFFEF07CB,新市段,14.88,都市：住,100000,82,持分移轉,02040000
RPXWMLOKLHNFFEF37CB,新市段,23.23,都市：住,100000,128,持分移轉,02040000
RPONNLOKLHNFFEF28CB,新市段,23.23,都市：住,100000,128,持分移轉,02040000
RPPNNLOKLHNFFEF38CB,新市段,23.23,都市：住,100000,128,持分移轉,02040000
RPQNNLOKLHNFFEF48CB,新市段,23.23,都市：住,100000,128,持分移轉,02040000
RPTNNLOKLHNFFEF78CB,新市段,23.23,都市：住,100000,128,持分移轉,02040000
RPVNNLOKLHNFFEF98CB,新市段,23.23,都市：住,100000,128,持分移轉,02040000
RPRNNLOKLHNFFEF58CB,新市段,23.23,都市：住,100000,128,持分移轉,02040000
RPXNNLOKLHNFFEF56CB,新市段,23.23,都市：住,100000,128,持分移轉,02040000
RPSNNLOKLHNFFEF68CB,新市段,23.23,都市：住,100000,128,持分移轉,02040000
RPOONLOKLHNFFEF38CB,新市段,23.23,都市：住,100000,128,持分移轉,02040000
RPUNNLOKLHNFFEF88CB,新市段,23.23,都市：住,100000,128,持分移轉,02040000
RPWNNLOKLHNFFEF09CB,新市段,23.23,都市：住,100000,128,持分移轉,02040000
RPQONLOKLHNFFEF58CB,新市段,30.48,都市：住,100000,168,持分移轉,02040000
RPRONLOKLHNFFEF68CB,新市段,30.30,都市：住,100000,167,持分移轉,02040000
RPTONLOKLHNFFEF88CB,新市段,30.30,都市：住,100000,167,持分移轉,02040000
RPPONLOKLHNFFEF48CB,新市段,23.23,都市：住,100000,128,持分移轉,02040000
RPVONLOKLHNFFEF09CB,新市段,30.30,都市：住,100000,167,持分移轉,02040000
RPSONLOKLHNFFEF78CB,新市段,30.30,都市：住,100000,167,持分移轉,02040000
RPWONLOKLHNFFEF56CB,新市段,30.30,都市：住,100000,167,持分移轉,02040000
RPPPNLOKLHNFFEF58CB,新市段,30.30,都市：住,100000,167,持分移轉,02040000
RPUONLOKLHNFFEF98CB,新市段,30.30,都市：住,100000,167,持分移轉,02040000
RPOPNLOKLHNFFEF48CB,新市段,30.30,都市：住,100000,167,持分移轉,02040000
RPQPNLOKLHNFFEF68CB,新市段,29.94,都市：住,100000,165,持分移轉,02040000
RPXONLOKLHNFFEF66CB,新市段,29.94,都市：住,100000,165,持分移轉,02040000
RPRPNLOKLHNFFEF78CB,新市段,30.30,都市：住,100000,167,持分移轉,02040000
RPVPNLOKLHNFFEF56CB,新市段,30.30,都市：住,100000,167,持分移轉,02040000
RPTPNLOKLHNFFEF98CB,新市段,30.30,都市：住,100000,167,持分移轉,02040000
RPWPNLOKLHNFFEF66CB,新市段,35.20,都市：住,100000,194,持分移轉,02040000
RPSPNLOKLHNFFEF88CB,新市段,30.30,都市：住,100000,167,持分移轉,02040000
RPUPNLOKLHNFFEF09CB,新市段,30.30,都市：住,100000,167,持分移轉,02040000
RPXPNLOKLHNFFEF76CB,新市段,35.20,都市：住,100000,194,持分移轉,02040000
RPOQNLOKLHNFFEF58CB,新市段,35.20,都市：住,100000,194,持分移轉,02040000
RPPQNLOKLHNFFEF68CB,新市段,35.20,都市：住,100000,194,持分移轉,02040000
RPQQNLOKLHNFFEF78CB,新市段,35.20,都市：住,100000,194,持分移轉,02040000
RPSQNLOKLHNFFEF98CB,新市段,35.20,都市：住,100000,194,持分移轉,02040000
RPRQNLOKLHNFFEF88CB,新市段,35.20,都市：住,100000,194,持分移轉,02110000
RPTQNLOKLHNFFEF09CB,新市段,35.20,都市：住,100000,194,持分移轉,02040000
RPUQNLOKLHNFFEF56CB,新市段,34.66,都市：住,100000,191,持分移轉,02040000
RPVQNLOKLHNFFEF66CB,新市段,35.02,都市：住,100000,193,持分移轉,02040000
RPWQNLOKLHNFFEF76CB,新市段,29.39,都市：住,100000,162,持分移轉,02040000
RPORNLOKLHNFFEF68CB,新市段,29.39,都市：住,100000,162,持分移轉,02040000
RPXQNLOKLHNFFEF86CB,新市段,29.39,都市：住,100000,162,持分移轉,02040000
RPPRNLOKLHNFFEF78CB,新市段,29.03,都市：住,100000,160,持分移轉,02040000
RPRRNLOKLHNFFEF98CB,新市段,29.39,都市：住,100000,162,持分移轉,02040000
RPSRNLOKLHNFFEF09CB,新市段,29.39,都市：住,100000,162,持分移轉,02040000
RPQRNLOKLHNFFEF88CB,新市段,29.39,都市：住,100000,162,持分移轉,02040000
RPURNLOKLHNFFEF66CB,新市段,29.39,都市：住,100000,162,持分移轉,02040000
RPWRNLOKLHNFFEF86CB,新市段,30.30,都市：住,100000,167,持分移轉,02040000
RPXRNLOKLHNFFEF96CB,新市段,30.30,都市：住,100000,167,持分移轉,02040000
RPTRNLOKLHNFFEF56CB,新市段,29.39,都市：住,100000,162,持分移轉,02040000
RPSSNLOKLHNFFEF56CB,新市段,30.30,都市：住,100000,167,持分移轉,02040000
RPOSNLOKLHNFFEF78CB,新市段,30.30,都市：住,100000,167,持分移轉,02040000
RPVRNLOKLHNFFEF76CB,新市段,30.48,都市：住,100000,168,持分移轉,02040000
RPQSNLOKLHNFFEF98CB,新市段,30.30,都市：住,100000,167,持分移轉,02040000
RPTSNLOKLHNFFEF66CB,新市段,30.30,都市：住,100000,167,持分移轉,02040000
RPUSNLOKLHNFFEF76CB,新市段,30.30,都市：住,100000,167,持分移轉,02040000
RPRSNLOKLHNFFEF09CB,新市段,30.30,都市：住,100000,167,持分移轉,02040000
RPPSNLOKLHNFFEF88CB,新市段,30.30,都市：住,100000,167,持分移轉,02040000
RPXSNLOKLHNFFEF07CB,新市段,30.30,都市：住,100000,167,持分移轉,02040000
RPVSNLOKLHNFFEF86CB,新市段,30.30,都市：住,100000,167,持分移轉,02040000
RPPTNLOKLHNFFEF98CB,新市段,30.12,都市：住,100000,166,持分移轉,02040000
RPWSNLOKLHNFFEF96CB,新市段,30.12,都市：住,100000,166,持分移轉,02040000
RPSTNLOKLHNFFEF66CB,新市段,35.20,都市：住,100000,194,持分移轉,02040000
RPVTNLOKLHNFFEF96CB,新市段,35.20,都市：住,100000,194,持分移轉,02040000
RPQTNLOKLHNFFEF09CB,新市段,30.30,都市：住,100000,167,持分移轉,02040000
RPOTNLOKLHNFFEF88CB,新市段,30.30,都市：住,100000,167,持分移轉,02040000
RPRTNLOKLHNFFEF56CB,新市段,30.30,都市：住,100000,167,持分移轉,02040000
RPTTNLOKLHNFFEF76CB,新市段,35.20,都市：住,100000,194,持分移轉,02040000
RPWTNLOKLHNFFEF07CB,新市段,35.02,都市：住,100000,193,持分移轉,02040000
RPUTNLOKLHNFFEF86CB,新市段,35.20,都市：住,100000,194,持分移轉,02040000
RPQOMLOKLHNFFCF28CB,北宜段,6.56,都市：商,10000,21,持分移轉,00210000
RPSOMLOKLHNFFCF48CB,北宜段,12.49,都市：商,10000,40,持分移轉,00210000
RPROMLOKLHNFFCF38CB,北宜段,4.37,都市：商,10000,14,持分移轉,00210000
RPTOMLOKLHNFFCF58CB,北宜段,12.49,都市：商,10000,40,持分移轉,00210000
RPOPMLOKLHNFFCF18CB,北宜段,4.37,都市：商,10000,14,持分移轉,00210000
RPXOMLOKLHNFFCF98CB,北宜段,8.74,都市：商,10000,28,持分移轉,00210000
RPPPMLOKLHNFFCF28CB,北宜段,5.31,都市：商,10000,17,持分移轉,00210000
RPSNMLPKLHNFFEF68CB,新市段,35.20,都市：住,100000,194,持分移轉,02040000
RPPNMLPKLHNFFEF38CB,新市段,35.20,都市：住,100000,194,持分移轉,02040000
RPTNMLPKLHNFFEF78CB,新市段,35.20,都市：住,100000,194,持分移轉,02040000
RPRNMLPKLHNFFEF58CB,新市段,35.20,都市：住,100000,194,持分移轉,02040000
RPQNMLPKLHNFFEF48CB,新市段,35.20,都市：住,100000,194,持分移轉,02040000
RPVNMLPKLHNFFEF98CB,新市段,35.20,都市：住,100000,194,持分移轉,02040000
RPUNMLPKLHNFFEF88CB,新市段,35.20,都市：住,100000,194,持分移轉,02040000
RPWNMLPKLHNFFEF09CB,新市段,35.20,都市：住,100000,194,持分移轉,02040000
RPPOMLPKLHNFFEF48CB,新市段,23.04,都市：住,100000,127,持分移轉,02040000
RPOOMLPKLHNFFEF38CB,新市段,23.04,都市：住,100000,127,持分移轉,02040000
RPROMLPKLHNFFEF68CB,新市段,23.04,都市：住,100000,127,持分移轉,02040000
RPTOMLPKLHNFFEF88CB,新市段,23.04,都市：住,100000,127,持分移轉,02040000
RPUOMLPKLHNFFEF98CB,新市段,23.04,都市：住,100000,127,持分移轉,02040000
RPVOMLPKLHNFFEF09CB,新市段,23.04,都市：住,100000,127,持分移轉,02040000
RPQOMLPKLHNFFEF58CB,新市段,23.04,都市：住,100000,127,持分移轉,02040000
RPOPMLPKLHNFFEF48CB,新市段,23.04,都市：住,100000,127,持分移轉,02040000
RPQPMLPKLHNFFEF68CB,新市段,23.04,都市：住,100000,127,持分移轉,02040000
RPWOMLPKLHNFFEF56CB,新市段,23.04,都市：住,100000,127,持分移轉,02040000
RPSOMLPKLHNFFEF78CB,新市段,23.04,都市：住,100000,127,持分移轉,02040000
RPPPMLPKLHNFFEF58CB,新市段,23.04,都市：住,100000,127,持分移轉,02040000
RPRPMLPKLHNFFEF78CB,新市段,15.24,都市：住,100000,84,持分移轉,02040000
RPSPMLPKLHNFFEF88CB,新市段,15.24,都市：住,100000,84,持分移轉,02040000
RPXPMLPKLHNFFEF76CB,新市段,15.06,都市：住,100000,83,持分移轉,02040000
RPUPMLPKLHNFFEF09CB,新市段,15.24,都市：住,100000,84,持分移轉,02040000
RPXOMLPKLHNFFEF66CB,新市段,23.04,都市：住,100000,127,持分移轉,02040000
RPWPMLPKLHNFFEF66CB,新市段,15.24,都市：住,100000,84,持分移轉,02040000
RPRPMLPKLHNFFBF48CB,建林段,27.26,都市：住,100000,669,持分移轉,04360000
RPTPMLPKLHNFFEF98CB,新市段,15.24,都市：住,100000,84,持分移轉,02040000
RPSPMLPKLHNFFBF58CB,建林段,27.22,都市：住,100000,668,持分移轉,04360000
RPUPMLPKLHNFFBF78CB,建林段,18.46,都市：住,100000,453,持分移轉,04360000
RPRQMLPKLHNFFEF88CB,新市段,20.69,都市：住,100000,114,持分移轉,02040000
RPVPMLPKLHNFFEF56CB,新市段,15.24,都市：住,100000,84,持分移轉,02040000
RPWPMLPKLHNFFBF98CB,建林段,21.03,都市：住,100000,516,持分移轉,04360000
RPXPMLPKLHNFFBF09CB,建林段,18.46,都市：住,100000,453,持分移轉,04360000
RPTPMLPKLHNFFBF68CB,建林段,20.62,都市：住,100000,506,持分移轉,04360000
RPWQMLQKLHNFFBF56CB,麗林段,28.00,都市：住,10000,144,持分移轉,03640000
RPORMLQKLHNFFBF48CB,麗林段,34.81,都市：住,10000,179,持分移轉,03640000
RPXQMLQKLHNFFBF66CB,麗林段,28.00,都市：住,10000,144,持分移轉,03640000
RPQRMLQKLHNFFBF68CB,麗林段,34.81,都市：住,10000,179,持分移轉,03640000
RPOQMLPKLHNFFBF28CB,建林段,14.59,都市：住,100000,358,持分移轉,04360000
RPVPMLPKLHNFFBF88CB,建林段,14.59,都市：住,100000,358,持分移轉,04360000
RPVQMLQKLHNFFBF09CB,麗林段,28.00,都市：住,10000,144,持分移轉,03640000
RPPRMLQKLHNFFBF58CB,麗林段,34.81,都市：住,10000,179,持分移轉,03640000
RPURMLQKLHNFFBF09CB,麗林段,28.00,都市：住,10000,144,持分移轉,03640000
RPWNMLKLLHNFFBF38CB,麗林段,28.00,都市：住,10000,144,持分移轉,03640000
RPRRMLQKLHNFFBF78CB,麗林段,34.81,都市：住,10000,179,持分移轉,03640000
RPXNMLKLLHNFFBF48CB,麗林段,28.00,都市：住,10000,144,持分移轉,03640000
RPPOMLKLLHNFFBF77CB,麗林段,28.00,都市：住,10000,144,持分移轉,03640000
RPQOMLKLLHNFFBF87CB,麗林段,28.00,都市：住,10000,144,持分移轉,03640000
RPROMLKLLHNFFBF97CB,麗林段,28.97,都市：住,10000,149,持分移轉,03640000
RPTOMLKLLHNFFBF18CB,麗林段,34.81,都市：住,10000,179,持分移轉,03640000
RPOPMLKLLHNFFBF77CB,麗林段,28.00,都市：住,10000,144,持分移轉,03640000
RPUOMLKLLHNFFBF28CB,麗林段,34.81,都市：住,10000,179,持分移轉,03640000
RPXOMLKLLHNFFBF58CB,麗林段,28.00,都市：住,10000,144,持分移轉,03640000
RPVOMLKLLHNFFBF38CB,麗林段,34.81,都市：住,10000,179,持分移轉,03640000
RPRPMLKLLHNFFBF08CB,麗林段,29.75,都市：住,10000,153,持分移轉,03640000
RPQPMLKLLHNFFBF97CB,麗林段,29.75,都市：住,10000,153,持分移轉,03640000
RPRQMLKLLHNFFBF18CB,麗林段,29.75,都市：住,10000,153,持分移轉,03640000
RPSPMLKLLHNFFBF18CB,麗林段,29.75,都市：住,10000,153,持分移轉,03640000
RPPPMLKLLHNFFBF87CB,麗林段,28.00,都市：住,10000,144,持分移轉,03640000
RPTPMLKLLHNFFBF28CB,麗林段,29.75,都市：住,10000,153,持分移轉,03640000
RPPPMLNLLHNFFEF48CB,新市段,30.30,都市：住,100000,167,持分移轉,02040000
RPQPMLNLLHNFFEF58CB,新市段,30.30,都市：住,100000,167,持分移轉,02040000
RPUQMLKLLHNFFBF48CB,麗林段,29.75,都市：住,10000,153,持分移轉,03640000
RPSPMLNLLHNFFEF78CB,新市段,30.30,都市：住,100000,167,持分移轉,02040000
RPORMLKLLHNFFBF97CB,麗林段,29.75,都市：住,10000,153,持分移轉,03640000
RPXPMLNLLHNFFEF66CB,新市段,21.05,都市：住,100000,116,持分移轉,02040000
RPTQMLKLLHNFFBF38CB,麗林段,29.75,都市：住,10000,153,持分移轉,03640000
RPWPMLNLLHNFFEF56CB,新市段,21.05,都市：住,100000,116,持分移轉,02040000
RPTPMLNLLHNFFEF88CB,新市段,30.30,都市：住,100000,167,持分移轉,02040000
RPVQMLKLLHNFFBF58CB,麗林段,29.75,都市：住,10000,153,持分移轉,03640000
RPOQMLNLLHNFFEF48CB,新市段,21.05,都市：住,100000,116,持分移轉,02040000
RPRQMLNLLHNFFEF78CB,新市段,21.05,都市：住,100000,116,持分移轉,02040000
RPQQMLNLLHNFFEF68CB,新市段,21.05,都市：住,100000,116,持分移轉,02040000
RPVQMLNLLHNFFEF56CB,新市段,21.05,都市：住,100000,116,持分移轉,02040000
RPSQMLNLLHNFFEF88CB,新市段,21.05,都市：住,100000,116,持分移轉,02040000
RPXQMLNLLHNFFEF76CB,新市段,21.05,都市：住,100000,116,持分移轉,02040000
RPRRMLNLLHNFFEF88CB,新市段,21.05,都市：住,100000,116,持分移轉,02040000
RPTQMLNLLHNFFEF98CB,新市段,21.05,都市：住,100000,116,持分移轉,02040000
RPORMLNLLHNFFEF58CB,新市段,21.05,都市：住,100000,116,持分移轉,02040000
RPSRMLNLLHNFFEF98CB,新市段,21.05,都市：住,100000,116,持分移轉,02040000
RPWQMLNLLHNFFEF66CB,新市段,21.05,都市：住,100000,116,持分移轉,02040000
RPURMLNLLHNFFEF56CB,新市段,21.05,都市：住,100000,116,持分移轉,02040000
RPQRMLNLLHNFFEF78CB,新市段,20.87,都市：住,100000,115,持分移轉,02040000
RPVRMLNLLHNFFEF66CB,新市段,21.05,都市：住,100000,116,持分移轉,02040000
RPOSMLNLLHNFFEF68CB,新市段,30.30,都市：住,100000,167,持分移轉,02040000
RPRSMLNLLHNFFEF98CB,新市段,30.30,都市：住,100000,167,持分移轉,02040000
RPQSMLNLLHNFFEF88CB,新市段,30.30,都市：住,100000,167,持分移轉,02040000
RPPSMLNLLHNFFEF78CB,新市段,30.12,都市：住,100000,166,持分移轉,02040000
RPTSMLNLLHNFFEF56CB,新市段,30.12,都市：住,100000,166,持分移轉,02040000
RPVSMLNLLHNFFEF76CB,新市段,30.30,都市：住,100000,167,持分移轉,02040000
RPSSMLNLLHNFFEF09CB,新市段,30.30,都市：住,100000,167,持分移轉,02040000
RPRTMLNLLHNFFEF09CB,新市段,35.20,都市：住,100000,194,持分移轉,02040000
RPSTMLNLLHNFFEF56CB,新市段,35.20,都市：住,100000,194,持分移轉,02040000
RPWSMLNLLHNFFEF86CB,新市段,30.30,都市：住,100000,167,持分移轉,02040000
RPTTMLNLLHNFFEF66CB,新市段,35.20,都市：住,100000,194,持分移轉,02040000
RPOTMLNLLHNFFEF78CB,新市段,30.30,都市：住,100000,167,持分移轉,02040000
RPXSMLNLLHNFFEF96CB,新市段,30.30,都市：住,100000,167,持分移轉,02040000
RPQTMLNLLHNFFEF98CB,新市段,15.42,都市：住,100000,85,持分移轉,02040000
RPVTMLNLLHNFFEF86CB,新市段,35.20,都市：住,100000,194,持分移轉,02040000
RPUTMLNLLHNFFEF76CB,新市段,34.84,都市：住,100000,192,持分移轉,02040000
RPWTMLNLLHNFFEF96CB,新市段,35.20,都市：住,100000,194,持分移轉,02040000
RPXTMLNLLHNFFEF07CB,新市段,23.04,都市：住,100000,127,持分移轉,02040000
RPOUMLNLLHNFFEF88CB,新市段,23.04,都市：住,100000,127,持分移轉,02040000
RPPUMLNLLHNFFEF98CB,新市段,23.04,都市：住,100000,127,持分移轉,02040000
RPRUMLNLLHNFFEF56CB,新市段,23.04,都市：住,100000,127,持分移轉,02040000
RPQUMLNLLHNFFEF09CB,新市段,23.04,都市：住,100000,127,持分移轉,02040000
RPSUMLNLLHNFFEF66CB,新市段,23.04,都市：住,100000,127,持分移轉,02040000
RPQQMLQLLHNFFEF98CB,新市段,23.04,都市：住,100000,127,持分移轉,02040000
RPRQMLQLLHNFFEF09CB,新市段,23.04,都市：住,100000,127,持分移轉,02040000
RPUQMLQLLHNFFEF76CB,新市段,23.04,都市：住,100000,127,持分移轉,02040000
RPXQMLQLLHNFFEF07CB,新市段,23.04,都市：住,100000,127,持分移轉,02040000
RPSQMLQLLHNFFEF56CB,新市段,23.04,都市：住,100000,127,持分移轉,02040000
RPTQMLQLLHNFFEF66CB,新市段,23.04,都市：住,100000,127,持分移轉,02040000
RPVQMLQLLHNFFEF86CB,新市段,22.86,都市：住,100000,126,持分移轉,02040000
RPWQMLQLLHNFFEF96CB,新市段,23.04,都市：住,100000,127,持分移轉,02040000
RPQRMLQLLHNFFEF09CB,新市段,15.42,都市：住,100000,85,持分移轉,02040000
RPORMLQLLHNFFEF88CB,新市段,15.42,都市：住,100000,85,持分移轉,02040000
RPRRMLQLLHNFFEF56CB,新市段,15.24,都市：住,100000,84,持分移轉,02040000
RPSRMLQLLHNFFEF66CB,新市段,15.24,都市：住,100000,84,持分移轉,02040000
RPTRMLQLLHNFFEF76CB,新市段,15.24,都市：住,100000,84,持分移轉,02040000
RPUOMLQLLHNFFHF86CB,林森段,1.72,都市：住,10000,79,持分移轉,06260000
RPUOMLQLLHNFFHF86CB,林森段,1.43,都市：住,10000,79,持分移轉,06270000
RPUOMLQLLHNFFHF86CB,林森段,1.44,都市：住,10000,79,持分移轉,06280000
RPUOMLQLLHNFFHF86CB,林森段,1.23,都市：住,10000,79,持分移轉,06290000
RPUOMLQLLHNFFHF86CB,林森段,4.21,都市：住,10000,79,持分移轉,06420000
RPUOMLQLLHNFFHF86CB,林森段,4.76,都市：住,10000,79,持分移轉,06430000
RPUOMLQLLHNFFHF86CB,林森段,.25,都市：住,10000,79,持分移轉,07010000
RPUOMLQLLHNFFHF86CB,林森段,.95,都市：住,10000,79,持分移轉,07140000
RPXOMLQLLHNFFHF17CB,林森段,1.28,都市：住,10000,59,持分移轉,06260000
RPXOMLQLLHNFFHF17CB,林森段,1.07,都市：住,10000,59,持分移轉,06270000
RPXOMLQLLHNFFHF17CB,林森段,1.07,都市：住,10000,59,持分移轉,06280000
RPXOMLQLLHNFFHF17CB,林森段,.92,都市：住,10000,59,持分移轉,06290000
RPXOMLQLLHNFFHF17CB,林森段,3.15,都市：住,10000,59,持分移轉,06420000
RPXOMLQLLHNFFHF17CB,林森段,3.56,都市：住,10000,59,持分移轉,06430000
RPXOMLQLLHNFFHF17CB,林森段,.19,都市：住,10000,59,持分移轉,07010000
RPXOMLQLLHNFFHF17CB,林森段,.71,都市：住,10000,59,持分移轉,07140000
RPOOMLRLLHNFFEF68CB,新市段,15.24,都市：住,100000,84,持分移轉,02040000
RPPOMLRLLHNFFEF78CB,新市段,15.24,都市：住,100000,84,持分移轉,02040000
RPWOMLQLLHNFFHF07CB,林森段,1.28,都市：住,10000,59,持分移轉,06260000
RPWOMLQLLHNFFHF07CB,林森段,1.07,都市：住,10000,59,持分移轉,06270000
RPWOMLQLLHNFFHF07CB,林森段,1.07,都市：住,10000,59,持分移轉,06280000
RPWOMLQLLHNFFHF07CB,林森段,.92,都市：住,10000,59,持分移轉,06290000
RPWOMLQLLHNFFHF07CB,林森段,3.15,都市：住,10000,59,持分移轉,06420000
RPWOMLQLLHNFFHF07CB,林森段,3.56,都市：住,10000,59,持分移轉,06430000
RPWOMLQLLHNFFHF07CB,林森段,.19,都市：住,10000,59,持分移轉,07010000
RPWOMLQLLHNFFHF07CB,林森段,.71,都市：住,10000,59,持分移轉,07140000
RPVOMLRLLHNFFEF76CB,新市段,21.05,都市：住,100000,116,持分移轉,02040000
RPTOMLRLLHNFFEF56CB,新市段,21.05,都市：住,100000,116,持分移轉,02040000
RPROMLRLLHNFFEF98CB,新市段,15.06,都市：住,100000,83,持分移轉,02040000
RPUOMLRLLHNFFEF66CB,新市段,21.05,都市：住,100000,116,持分移轉,02040000
RPWOMLRLLHNFFEF86CB,新市段,21.05,都市：住,100000,116,持分移轉,02040000
RPXOMLRLLHNFFEF96CB,新市段,21.05,都市：住,100000,116,持分移轉,02040000
RPQPMLRLLHNFFEF98CB,新市段,21.05,都市：住,100000,116,持分移轉,02040000
RPOQMLRLLHNFFEF88CB,新市段,21.05,都市：住,100000,116,持分移轉,02040000
RPRPMLRLLHNFFEF09CB,新市段,21.05,都市：住,100000,116,持分移轉,02040000
RPRQMLRLLHNFFEF56CB,新市段,21.05,都市：住,100000,116,持分移轉,02040000
RPTPMLRLLHNFFEF66CB,新市段,20.69,都市：住,100000,114,持分移轉,02040000
RPSPMLRLLHNFFEF56CB,新市段,21.05,都市：住,100000,116,持分移轉,02040000
RPVPMLRLLHNFFEF86CB,新市段,21.05,都市：住,100000,116,持分移轉,02040000
RPXPMLRLLHNFFEF07CB,新市段,20.87,都市：住,100000,115,持分移轉,02040000
RPWPMLRLLHNFFEF96CB,新市段,21.05,都市：住,100000,116,持分移轉,02040000
RPTQMLRLLHNFFEF76CB,新市段,21.05,都市：住,100000,116,持分移轉,02040000
RPSQMLRLLHNFFEF66CB,新市段,21.05,都市：住,100000,116,持分移轉,02040000
RPVQMLRLLHNFFEF96CB,新市段,21.05,都市：住,100000,116,持分移轉,02040000
RPWQMLRLLHNFFEF07CB,新市段,21.05,都市：住,100000,116,持分移轉,02040000
RPXQMLRLLHNFFEF17CB,新市段,35.20,都市：住,100000,194,持分移轉,02040000
RPURMLRLLHNFFEF96CB,新市段,23.04,都市：住,100000,127,持分移轉,02040000
RPSRMLRLLHNFFEF76CB,新市段,15.24,都市：住,100000,84,持分移轉,02040000
RPOSMLRLLHNFFEF09CB,新市段,30.30,都市：住,100000,167,持分移轉,02040000
RPXRMLRLLHNFFEF27CB,新市段,30.30,都市：住,100000,167,持分移轉,02040000
RPPSMLRLLHNFFEF56CB,新市段,30.30,都市：住,100000,167,持分移轉,02040000
RPVRMLRLLHNFFEF07CB,新市段,30.30,都市：住,100000,167,持分移轉,02040000
RPQSMLRLLHNFFEF66CB,新市段,30.12,都市：住,100000,166,持分移轉,02040000
RPSSMLRLLHNFFEF86CB,新市段,30.30,都市：住,100000,167,持分移轉,02040000
RPRSMLRLLHNFFEF76CB,新市段,30.30,都市：住,100000,167,持分移轉,02040000
RPOUMLRLLHNFFEF66CB,新市段,30.30,都市：住,100000,167,持分移轉,02040000
RPRUMLRLLHNFFEF96CB,新市段,30.30,都市：住,100000,167,持分移轉,02040000
RPSUMLRLLHNFFEF07CB,新市段,35.20,都市：住,100000,194,持分移轉,02040000
RPXTMLRLLHNFFEF47CB,新市段,30.12,都市：住,100000,166,持分移轉,02040000
RPQUMLRLLHNFFEF86CB,新市段,30.30,都市：住,100000,167,持分移轉,02040000
RPTUMLRLLHNFFEF17CB,新市段,30.30,都市：住,100000,167,持分移轉,02110000
RPXUMLRLLHNFFEF57CB,新市段,30.30,都市：住,100000,167,持分移轉,02040000
RPVUMLRLLHNFFEF37CB,新市段,30.30,都市：住,100000,167,持分移轉,02040000
RPOVMLRLLHNFFEF76CB,新市段,35.20,都市：住,100000,194,持分移轉,02040000
RPWUMLRLLHNFFEF47CB,新市段,30.30,都市：住,100000,167,持分移轉,02040000
RPSVMLRLLHNFFEF17CB,新市段,35.02,都市：住,100000,193,持分移轉,02040000
RPTVMLRLLHNFFEF27CB,新市段,35.20,都市：住,100000,194,持分移轉,02040000
RPWVMLRLLHNFFEF57CB,新市段,35.20,都市：住,100000,194,持分移轉,02040000
RPOWMLRLLHNFFEF86CB,新市段,35.20,都市：住,100000,194,持分移轉,02040000
RPXVMLRLLHNFFEF67CB,新市段,35.20,都市：住,100000,194,持分移轉,02040000
RPPVMLRLLHNFFEF86CB,新市段,34.84,都市：住,100000,192,持分移轉,02040000
RPPWMLRLLHNFFEF96CB,新市段,23.04,都市：住,100000,127,持分移轉,02040000
RPRWMLRLLHNFFEF17CB,新市段,23.04,都市：住,100000,127,持分移轉,02040000
RPSWMLRLLHNFFEF27CB,新市段,22.86,都市：住,100000,126,持分移轉,02040000
RPTWMLRLLHNFFEF37CB,新市段,23.04,都市：住,100000,127,持分移轉,02040000
RPWWMLRLLHNFFEF67CB,新市段,23.04,都市：住,100000,127,持分移轉,02040000
RPUVMLRLLHNFFEF37CB,新市段,35.20,都市：住,100000,194,持分移轉,02040000
RPRNNLRLLHNFFEF98CB,新市段,23.04,都市：住,100000,127,持分移轉,02040000
RPVWMLRLLHNFFEF57CB,新市段,23.04,都市：住,100000,127,持分移轉,02040000
RPSNNLRLLHNFFEF09CB,新市段,23.04,都市：住,100000,127,持分移轉,02040000
RPQNNLRLLHNFFEF88CB,新市段,23.04,都市：住,100000,127,持分移轉,02040000
RPONNLRLLHNFFEF68CB,新市段,23.04,都市：住,100000,127,持分移轉,02040000
RPTNNLRLLHNFFEF56CB,新市段,23.04,都市：住,100000,127,持分移轉,02040000
RPXWMLRLLHNFFEF77CB,新市段,23.04,都市：住,100000,127,持分移轉,02040000
RPVNNLRLLHNFFEF76CB,新市段,23.04,都市：住,100000,127,持分移轉,02040000
RPWNNLRLLHNFFEF86CB,新市段,23.04,都市：住,100000,127,持分移轉,02040000
RPSONLRLLHNFFEF56CB,新市段,15.24,都市：住,100000,84,持分移轉,02040000
RPOONLRLLHNFFEF78CB,新市段,15.42,都市：住,100000,85,持分移轉,02040000
RPUONLRLLHNFFEF76CB,新市段,15.06,都市：住,100000,83,持分移轉,02040000
RPXNNLRLLHNFFEF96CB,新市段,23.04,都市：住,100000,127,持分移轉,02040000
RPRONLRLLHNFFEF09CB,新市段,15.24,都市：住,100000,84,持分移轉,02040000
RPPPNLRLLHNFFEF98CB,新市段,15.24,都市：住,100000,84,持分移轉,02040000
RPOPNLRLLHNFFEF88CB,新市段,15.24,都市：住,100000,84,持分移轉,02040000
RPQPNLRLLHNFFEF09CB,新市段,21.05,都市：住,100000,116,持分移轉,02040000
RPVONLRLLHNFFEF86CB,新市段,15.24,都市：住,100000,84,持分移轉,02040000
RPRPNLRLLHNFFEF56CB,新市段,21.05,都市：住,100000,116,持分移轉,02040000
RPPNMLSLLHNFFEF78CB,新市段,21.05,都市：住,100000,116,持分移轉,02040000
RPQNMLSLLHNFFEF88CB,新市段,21.05,都市：住,100000,116,持分移轉,02040000
RPSNMLSLLHNFFEF09CB,新市段,20.87,都市：住,100000,115,持分移轉,02040000
RPSPNLRLLHNFFEF66CB,新市段,21.05,都市：住,100000,116,持分移轉,02040000
RPUNMLSLLHNFFEF66CB,新市段,21.05,都市：住,100000,116,持分移轉,02040000
RPTNMLSLLHNFFEF56CB,新市段,21.05,都市：住,100000,116,持分移轉,02040000
RPWNMLSLLHNFFEF86CB,新市段,21.05,都市：住,100000,116,持分移轉,02040000
RPVNMLSLLHNFFEF76CB,新市段,20.69,都市：住,100000,114,持分移轉,02040000
RPXNMLSLLHNFFEF96CB,新市段,21.05,都市：住,100000,116,持分移轉,02040000
RPRNMLSLLHNFFEF98CB,新市段,21.05,都市：住,100000,116,持分移轉,02040000
RPQOMLSLLHNFFEF98CB,新市段,21.05,都市：住,100000,116,持分移轉,02040000
RPROMLSLLHNFFEF09CB,新市段,21.05,都市：住,100000,116,持分移轉,02040000
RPSOMLSLLHNFFEF56CB,新市段,21.05,都市：住,100000,116,持分移轉,02040000
RPWOMLSLLHNFFEF96CB,新市段,21.05,都市：住,100000,116,持分移轉,02040000
RPOPMLSLLHNFFEF88CB,新市段,21.05,都市：住,100000,116,持分移轉,02040000
RPPNMLNJMHNFFAF77CB,大豐段,23.61,都市：住,1000000,3448,持分移轉,00080000
RPUOMLSLLHNFFEF76CB,新市段,21.05,都市：住,100000,116,持分移轉,02040000
RPSOMLPJMHNFFBF58DB,力行段,56.47,都市：住,10000,186,持分移轉,12530000
RPVOMLPJMHNFFBF88DB,力行段,21.56,都市：住,10000,71,持分移轉,12530000
RPVOMLSLLHNFFEF86CB,新市段,21.05,都市：住,100000,116,持分移轉,02040000
RPWOMLPJMHNFFBF98DB,力行段,21.56,都市：住,10000,71,持分移轉,12530000
RPOPMLPJMHNFFBF28DB,力行段,55.56,都市：住,10000,183,持分移轉,12530000
RPRPMLPJMHNFFBF58DB,力行段,25.20,都市：住,10000,83,持分移轉,12530000
RPPPMLPJMHNFFBF38DB,力行段,25.20,都市：住,10000,83,持分移轉,12530000
RPUPMLPJMHNFFBF88DB,力行段,36.74,都市：住,10000,121,持分移轉,12530000
RPXOMLPJMHNFFBF09DB,力行段,21.56,都市：住,10000,71,持分移轉,12530000
RPSPMLPJMHNFFBF68DB,力行段,25.20,都市：住,10000,83,持分移轉,12530000
RPXPMLPJMHNFFBF56DB,力行段,16.40,都市：住,10000,54,持分移轉,12530000
RPQPMLPJMHNFFBF48DB,力行段,25.20,都市：住,10000,83,持分移轉,12530000
RPTPMLPJMHNFFBF78DB,力行段,25.20,都市：住,10000,83,持分移轉,12530000
RPVPMLPJMHNFFBF98DB,力行段,22.47,都市：住,10000,74,持分移轉,12530000
RPQQMLPJMHNFFBF58DB,力行段,16.70,都市：住,10000,55,持分移轉,12530000
RPTNMLQKMHNFFAF58CB,大豐段,26.98,都市：住,1000000,3941,持分移轉,00080000
RPTQMLPJMHNFFBF88DB,力行段,16.70,都市：住,10000,55,持分移轉,12530000
RPSQMLPJMHNFFBF78DB,力行段,16.70,都市：住,10000,55,持分移轉,12530000
RPVNMLQKMHNFFAF78CB,大豐段,16.71,都市：住,1000000,2440,持分移轉,00080000
RPVQMLPJMHNFFBF09DB,力行段,16.70,都市：住,10000,55,持分移轉,12530000
RPWNMLQKMHNFFAF88CB,大豐段,26.98,都市：住,1000000,3941,持分移轉,00080000
RPXNMLMKMHNFFAF58CB,大豐段,17.55,都市：住,1000000,2564,持分移轉,00080000
RPOOMLQKMHNFFAF18CB,大豐段,26.98,都市：住,1000000,3941,持分移轉,00080000
RPVOMLQKMHNFFAF88CB,大豐段,27.89,都市：住,1000000,4074,持分移轉,00080000
RPUNMLQKMHNFFAF68CB,大豐段,16.71,都市：住,1000000,2440,持分移轉,00080000
RPUOMLQKMHNFFAF78CB,大豐段,27.89,都市：住,1000000,4074,持分移轉,00080000
RPQPMLQKMHNFFAF48CB,大豐段,27.15,都市：住,1000000,3966,持分移轉,00080000
RPTOMLQKMHNFFAF68CB,大豐段,27.89,都市：住,1000000,4074,持分移轉,00080000
RPROMLQKMHNFFAF48CB,大豐段,27.89,都市：住,1000000,4074,持分移轉,00080000
RPRPMLQKMHNFFAF58CB,大豐段,27.15,都市：住,1000000,3966,持分移轉,00080000
RPSPMLQKMHNFFAF68CB,大豐段,27.15,都市：住,1000000,3966,持分移轉,00080000
RPPPMLQKMHNFFAF38CB,大豐段,27.15,都市：住,1000000,3966,持分移轉,00080000
RPTPMLQKMHNFFAF78CB,大豐段,27.15,都市：住,1000000,3966,持分移轉,00080000
RPVPMLQKMHNFFAF98CB,大豐段,26.98,都市：住,1000000,3941,持分移轉,00080000
RPOQMLQKMHNFFAF38CB,大豐段,16.71,都市：住,1000000,2440,持分移轉,00080000
RPUPMLQKMHNFFAF88CB,大豐段,26.98,都市：住,1000000,3941,持分移轉,00080000
RPQQMLQKMHNFFAF58CB,大豐段,16.71,都市：住,1000000,2440,持分移轉,00080000
RPXPMLQKMHNFFAF56CB,大豐段,26.98,都市：住,1000000,3941,持分移轉,00080000
RPPQMLQKMHNFFAF48CB,大豐段,16.71,都市：住,1000000,2440,持分移轉,00080000
RPRQMLQKMHNFFAF68CB,大豐段,16.71,都市：住,1000000,2440,持分移轉,00080000
RPSQMLQKMHNFFAF78CB,大豐段,16.71,都市：住,1000000,2440,持分移轉,00080000
RPTQMLQKMHNFFAF88CB,大豐段,16.71,都市：住,1000000,2440,持分移轉,00080000
RPPRMLQKMHNFFAF58CB,大豐段,16.71,都市：住,1000000,2440,持分移轉,00080000
RPORMLQKMHNFFAF48CB,大豐段,16.71,都市：住,1000000,2440,持分移轉,00080000
RPXQMLQKMHNFFAF66CB,大豐段,16.71,都市：住,1000000,2440,持分移轉,00080000
RPUQMLQKMHNFFAF98CB,大豐段,16.71,都市：住,1000000,2440,持分移轉,00080000
RPQRMLQKMHNFFAF68CB,大豐段,16.71,都市：住,1000000,2440,持分移轉,00080000
RPRRMLQKMHNFFAF78CB,大豐段,16.71,都市：住,1000000,2440,持分移轉,00080000
RPURMLQKMHNFFAF09CB,大豐段,26.98,都市：住,1000000,3941,持分移轉,00080000
RPTRMLQKMHNFFAF98CB,大豐段,26.98,都市：住,1000000,3941,持分移轉,00080000
RPWRMLQKMHNFFAF66CB,大豐段,26.98,都市：住,1000000,3941,持分移轉,00080000
RPXRMLQKMHNFFAF76CB,大豐段,26.98,都市：住,1000000,3941,持分移轉,00080000
RPVRMLQKMHNFFAF56CB,大豐段,26.98,都市：住,1000000,3941,持分移轉,00080000
RPPSMLQKMHNFFAF68CB,大豐段,26.98,都市：住,1000000,3941,持分移轉,00080000
RPSRMLQKMHNFFAF88CB,大豐段,26.98,都市：住,1000000,3941,持分移轉,00080000
RPQSMLQKMHNFFAF78CB,大豐段,26.98,都市：住,1000000,3941,持分移轉,00080000
RPVSMLQKMHNFFAF66CB,大豐段,27.89,都市：住,1000000,4074,持分移轉,00080000
RPOTMLQKMHNFFAF68CB,大豐段,27.89,都市：住,1000000,4074,持分移轉,00080000
RPRSMLQKMHNFFAF88CB,大豐段,26.98,都市：住,1000000,3941,持分移轉,00080000
RPTSMLQKMHNFFAF09CB,大豐段,27.89,都市：住,1000000,4074,持分移轉,00080000
RPWSMLQKMHNFFAF76CB,大豐段,27.89,都市：住,1000000,4074,持分移轉,00080000
RPRTMLQKMHNFFAF98CB,大豐段,27.84,都市：住,1000000,4066,持分移轉,00080000
RPUSMLQKMHNFFAF56CB,大豐段,27.89,都市：住,1000000,4074,持分移轉,00080000
RPXSMLQKMHNFFAF86CB,大豐段,27.89,都市：住,1000000,4074,持分移轉,00080000
RPRWMLQKMHNFFBF86DB,力行段,34.92,都市：住,10000,115,持分移轉,12530000
RPSWMLQKMHNFFBF96DB,力行段,34.92,都市：住,10000,115,持分移轉,12530000
RPUWMLQKMHNFFBF17DB,力行段,34.92,都市：住,10000,115,持分移轉,12530000
RPWWMLQKMHNFFBF37DB,力行段,34.92,都市：住,10000,115,持分移轉,12530000
RPXWMLQKMHNFFBF47DB,力行段,21.86,都市：住,10000,72,持分移轉,12530000
RPVWMLQKMHNFFBF27DB,力行段,34.92,都市：住,10000,115,持分移轉,12530000
RPVNNLQKMHNFFBF09DB,力行段,21.86,都市：住,10000,72,持分移轉,12530000
RPTWMLQKMHNFFBF07DB,力行段,55.56,都市：住,10000,183,持分移轉,12530000
RPPNNLQKMHNFFBF48DB,力行段,21.86,都市：住,10000,72,持分移轉,12530000
RPRNNLQKMHNFFBF68DB,力行段,21.86,都市：住,10000,72,持分移轉,12530000
RPQPMLQKMHNFFEF88CB,新市段,20.36,都市：住,100000,195,持分移轉,02110000
RPUNMLRKMHNFFAF78CB,大豐段,16.62,都市：住,1000000,2428,持分移轉,00080000
RPSNNLQKMHNFFBF78DB,力行段,37.65,都市：住,10000,124,持分移轉,12530000
RPVNMLRKMHNFFAF88CB,大豐段,16.62,都市：住,1000000,2428,持分移轉,00080000
RPWNMLRKMHNFFAF98CB,大豐段,23.83,都市：住,1000000,3481,持分移轉,00080000
RPXNMLRKMHNFFAF09CB,大豐段,23.83,都市：住,1000000,3481,持分移轉,00080000
RPOOMLRKMHNFFAF28CB,大豐段,27.52,都市：住,1000000,4019,持分移轉,00080000
RPPOMLRKMHNFFAF38CB,大豐段,18.90,都市：住,1000000,2760,持分移轉,00080000
RPROMLRKMHNFFAF58CB,大豐段,18.57,都市：住,1000000,2713,持分移轉,00080000
RPQOMLRKMHNFFAF48CB,大豐段,18.57,都市：住,1000000,2713,持分移轉,00080000
RPTOMLRKMHNFFAF78CB,大豐段,26.24,都市：住,1000000,3833,持分移轉,00080000
RPSOMLRKMHNFFAF68CB,大豐段,18.57,都市：住,1000000,2713,持分移轉,00080000
RPUOMLRKMHNFFAF88CB,大豐段,26.24,都市：住,1000000,3833,持分移轉,00080000
RPVOMLRKMHNFFAF98CB,大豐段,26.65,都市：住,1000000,3892,持分移轉,00080000
RPSPMLRKMHNFFAF78CB,大豐段,16.62,都市：住,1000000,2428,持分移轉,00080000
RPTPMLRKMHNFFAF88CB,大豐段,16.62,都市：住,1000000,2428,持分移轉,00080000
RPXOMLRKMHNFFAF56CB,大豐段,17.55,都市：住,1000000,2564,持分移轉,00080000
RPXPMLRKMHNFFAF66CB,大豐段,23.83,都市：住,1000000,3481,持分移轉,00080000
RPQPMLRKMHNFFAF58CB,大豐段,16.62,都市：住,1000000,2428,持分移轉,00080000
RPWOMLRKMHNFFAF09CB,大豐段,17.55,都市：住,1000000,2564,持分移轉,00080000
RPPPMLRKMHNFFAF48CB,大豐段,16.62,都市：住,1000000,2428,持分移轉,00080000
RPWPMLRKMHNFFAF56CB,大豐段,23.83,都市：住,1000000,3481,持分移轉,00080000
RPRQMLRKMHNFFAF78CB,大豐段,27.52,都市：住,1000000,4019,持分移轉,00080000
RPTQMLRKMHNFFAF98CB,大豐段,18.90,都市：住,1000000,2760,持分移轉,00080000
RPPQMLRKMHNFFAF58CB,大豐段,23.83,都市：住,1000000,3481,持分移轉,00080000
RPWQMLRKMHNFFAF66CB,大豐段,18.90,都市：住,1000000,2760,持分移轉,00080000
RPSQMLRKMHNFFAF88CB,大豐段,27.52,都市：住,1000000,4019,持分移轉,00080000
RPVQMLRKMHNFFAF56CB,大豐段,18.90,都市：住,1000000,2760,持分移轉,00080000
RPQQMLRKMHNFFAF68CB,大豐段,23.83,都市：住,1000000,3481,持分移轉,00080000
RPORMLRKMHNFFAF58CB,大豐段,18.90,都市：住,1000000,2760,持分移轉,00080000
RPXQMLRKMHNFFAF76CB,大豐段,18.90,都市：住,1000000,2760,持分移轉,00080000
RPPRMLRKMHNFFAF68CB,大豐段,18.90,都市：住,1000000,2760,持分移轉,00080000
RPQRMLRKMHNFFAF78CB,大豐段,18.57,都市：住,1000000,2713,持分移轉,00080000
RPRRMLRKMHNFFAF88CB,大豐段,18.57,都市：住,1000000,2713,持分移轉,00080000
RPURMLRKMHNFFAF56CB,大豐段,18.57,都市：住,1000000,2713,持分移轉,00080000
RPTRMLRKMHNFFAF09CB,大豐段,18.57,都市：住,1000000,2713,持分移轉,00080000
RPVRMLRKMHNFFAF66CB,大豐段,26.24,都市：住,1000000,3833,持分移轉,00080000
RPWRMLRKMHNFFAF76CB,大豐段,26.24,都市：住,1000000,3833,持分移轉,00080000
RPPSMLRKMHNFFAF78CB,大豐段,26.24,都市：住,1000000,3833,持分移轉,00080000
RPSSMLRKMHNFFAF09CB,大豐段,26.65,都市：住,1000000,3892,持分移轉,00080000
RPOSMLRKMHNFFAF68CB,大豐段,26.24,都市：住,1000000,3833,持分移轉,00080000
RPQSMLRKMHNFFAF88CB,大豐段,26.24,都市：住,1000000,3833,持分移轉,00080000
RPRSMLRKMHNFFAF98CB,大豐段,26.65,都市：住,1000000,3892,持分移轉,00080000
RPVSMLRKMHNFFAF76CB,大豐段,26.65,都市：住,1000000,3892,持分移轉,00080000
RPXSMLRKMHNFFAF96CB,大豐段,17.55,都市：住,1000000,2564,持分移轉,00080000
RPTSMLRKMHNFFAF56CB,大豐段,26.65,都市：住,1000000,3892,持分移轉,00080000
RPUSMLRKMHNFFAF66CB,大豐段,26.65,都市：住,1000000,3892,持分移轉,00080000
RPOTMLRKMHNFFAF78CB,大豐段,17.55,都市：住,1000000,2564,持分移轉,00080000
RPQTMLRKMHNFFAF98CB,大豐段,17.55,都市：住,1000000,2564,持分移轉,00080000
RPWSMLRKMHNFFAF86CB,大豐段,26.65,都市：住,1000000,3892,持分移轉,00080000
RPPTMLRKMHNFFAF88CB,大豐段,17.55,都市：住,1000000,2564,持分移轉,00080000
RPSTMLRKMHNFFAF56CB,大豐段,17.55,都市：住,1000000,2564,持分移轉,00080000
RPRTMLRKMHNFFAF09CB,大豐段,17.55,都市：住,1000000,2564,持分移轉,00080000
RPUTMLRKMHNFFAF76CB,大豐段,17.55,都市：住,1000000,2564,持分移轉,00080000
RPRUMLRKMHNFFAF56CB,大豐段,18.90,都市：住,1000000,2760,持分移轉,00080000
RPTTMLRKMHNFFAF66CB,大豐段,17.55,都市：住,1000000,2564,持分移轉,00080000
RPSUMLRKMHNFFAF66CB,大豐段,18.90,都市：住,1000000,2760,持分移轉,00080000
RPWUMLRKMHNFFAF07CB,大豐段,17.55,都市：住,1000000,2563,持分移轉,00080000
RPTUMLRKMHNFFAF76CB,大豐段,18.57,都市：住,1000000,2713,持分移轉,00080000
RPUUMLRKMHNFFAF86CB,大豐段,17.55,都市：住,1000000,2563,持分移轉,00080000
RPXUMLRKMHNFFAF17CB,大豐段,17.55,都市：住,1000000,2563,持分移轉,00080000
RPPVMLRKMHNFFAF09CB,大豐段,17.55,都市：住,1000000,2563,持分移轉,00080000
RPOVMLRKMHNFFAF98CB,大豐段,17.55,都市：住,1000000,2563,持分移轉,00080000
RPQVMLRKMHNFFAF56CB,大豐段,17.55,都市：住,1000000,2563,持分移轉,00080000
RPRVMLRKMHNFFAF66CB,大豐段,17.55,都市：住,1000000,2563,持分移轉,00080000
RPSVMLRKMHNFFAF76CB,大豐段,17.55,都市：住,1000000,2563,持分移轉,00080000
RPVVMLRKMHNFFAF07CB,大豐段,17.55,都市：住,1000000,2563,持分移轉,00080000
RPTVMLRKMHNFFAF86CB,大豐段,17.55,都市：住,1000000,2563,持分移轉,00080000
RPUVMLRKMHNFFAF96CB,大豐段,17.55,都市：住,1000000,2563,持分移轉,00080000
RPXVMLRKMHNFFAF27CB,大豐段,17.55,都市：住,1000000,2563,持分移轉,00080000
RPOWMLRKMHNFFAF09CB,大豐段,17.55,都市：住,1000000,2563,持分移轉,00080000
RPRWMLRKMHNFFAF76CB,大豐段,18.57,都市：住,1000000,2713,持分移轉,00080000
RPPWMLRKMHNFFAF56CB,大豐段,26.65,都市：住,1000000,3892,持分移轉,00080000
RPQWMLRKMHNFFAF66CB,大豐段,26.65,都市：住,1000000,3892,持分移轉,00080000
RPTWMLRKMHNFFAF96CB,大豐段,18.57,都市：住,1000000,2713,持分移轉,00080000
RPVWMLRKMHNFFAF17CB,大豐段,18.57,都市：住,1000000,2713,持分移轉,00080000
RPWWMLRKMHNFFAF27CB,大豐段,18.57,都市：住,1000000,2713,持分移轉,00080000
RPUWMLRKMHNFFAF07CB,大豐段,18.57,都市：住,1000000,2713,持分移轉,00080000
RPONNLRKMHNFFAF28CB,大豐段,18.57,都市：住,1000000,2713,持分移轉,00080000
RPXWMLRKMHNFFAF37CB,大豐段,18.57,都市：住,1000000,2713,持分移轉,00080000
RPQNNLRKMHNFFAF48CB,大豐段,18.57,都市：住,1000000,2713,持分移轉,00080000
RPPNNLRKMHNFFAF38CB,大豐段,18.57,都市：住,1000000,2713,持分移轉,00080000
RPRNNLRKMHNFFAF58CB,大豐段,18.90,都市：住,1000000,2760,持分移轉,00080000
RPSNNLRKMHNFFAF68CB,大豐段,18.90,都市：住,1000000,2760,持分移轉,00080000
RPUNNLRKMHNFFAF88CB,大豐段,18.90,都市：住,1000000,2760,持分移轉,00080000
RPVNNLRKMHNFFAF98CB,大豐段,18.90,都市：住,1000000,2760,持分移轉,00080000
RPTNNLRKMHNFFAF78CB,大豐段,18.90,都市：住,1000000,2760,持分移轉,00080000
RPXNNLRKMHNFFAF56CB,大豐段,18.90,都市：住,1000000,2760,持分移轉,00080000
RPWNNLRKMHNFFAF09CB,大豐段,18.90,都市：住,1000000,2760,持分移轉,00080000
RPSONLRKMHNFFAF78CB,大豐段,27.52,都市：住,1000000,4019,持分移轉,00080000
RPRONLRKMHNFFAF68CB,大豐段,27.52,都市：住,1000000,4019,持分移轉,00080000
RPOONLRKMHNFFAF38CB,大豐段,18.90,都市：住,1000000,2760,持分移轉,00080000
RPPONLRKMHNFFAF48CB,大豐段,18.90,都市：住,1000000,2760,持分移轉,00080000
RPWONLRKMHNFFAF56CB,大豐段,27.52,都市：住,1000000,4019,持分移轉,00080000
RPVONLRKMHNFFAF09CB,大豐段,27.52,都市：住,1000000,4019,持分移轉,00080000
RPQONLRKMHNFFAF58CB,大豐段,27.52,都市：住,1000000,4019,持分移轉,00080000
RPUONLRKMHNFFAF98CB,大豐段,27.52,都市：住,1000000,4019,持分移轉,00080000
RPOPNLRKMHNFFAF48CB,大豐段,23.83,都市：住,1000000,3481,持分移轉,00080000
RPXONLRKMHNFFAF66CB,大豐段,23.83,都市：住,1000000,3481,持分移轉,00080000
RPPPNLRKMHNFFAF58CB,大豐段,23.83,都市：住,1000000,3481,持分移轉,00080000
RPTPNLRKMHNFFAF98CB,大豐段,23.83,都市：住,1000000,3481,持分移轉,00080000
RPQPNLRKMHNFFAF68CB,大豐段,16.62,都市：住,1000000,2428,持分移轉,00080000
RPSPNLRKMHNFFAF88CB,大豐段,23.83,都市：住,1000000,3481,持分移轉,00080000
RPRPNLRKMHNFFAF78CB,大豐段,23.83,都市：住,1000000,3481,持分移轉,00080000
RPUPNLRKMHNFFAF09CB,大豐段,23.83,都市：住,1000000,3481,持分移轉,00080000
RPVPNLRKMHNFFAF56CB,大豐段,23.83,都市：住,1000000,3481,持分移轉,00080000
RPWPNLRKMHNFFAF66CB,大豐段,23.83,都市：住,1000000,3481,持分移轉,00080000
RPOQNLRKMHNFFAF58CB,大豐段,23.83,都市：住,1000000,3481,持分移轉,00080000
RPRQNLRKMHNFFAF88CB,大豐段,16.62,都市：住,1000000,2428,持分移轉,00080000
RPXPNLRKMHNFFAF76CB,大豐段,23.83,都市：住,1000000,3481,持分移轉,00080000
RPPQNLRKMHNFFAF68CB,大豐段,23.83,都市：住,1000000,3481,持分移轉,00080000
RPTQNLRKMHNFFAF09CB,大豐段,16.62,都市：住,1000000,2428,持分移轉,00080000
RPSQNLRKMHNFFAF98CB,大豐段,16.62,都市：住,1000000,2428,持分移轉,00080000
RPVQNLRKMHNFFAF66CB,大豐段,16.62,都市：住,1000000,2428,持分移轉,00080000
RPPRNLRKMHNFFAF78CB,大豐段,16.62,都市：住,1000000,2428,持分移轉,00080000
RPXQNLRKMHNFFAF86CB,大豐段,16.62,都市：住,1000000,2428,持分移轉,00080000
RPQPMLSKMHNFFBF78CB,建林段,14.59,都市：住,100000,358,持分移轉,04360000
RPWQNLRKMHNFFAF76CB,大豐段,16.62,都市：住,1000000,2428,持分移轉,00080000
RPUOMLTKMHNFFBF56CB,副都心段一小段,21.77,都市：商,100000,749,持分移轉,04010000
RPSPMLSKMHNFFBF98CB,建林段,14.59,都市：住,100000,358,持分移轉,04360000
RPPPMLTKMHNFFBF78CB,副都心段一小段,12.67,都市：商,100000,436,持分移轉,04010000
RPXOMLTKMHNFFBF86CB,副都心段一小段,10.29,都市：商,100000,354,持分移轉,04010000
RPVPMLTKMHNFFBF76CB,副都心段一小段,12.67,都市：商,100000,436,持分移轉,04010000
RPSPMLTKMHNFFBF09CB,副都心段一小段,12.67,都市：商,100000,436,持分移轉,04010000
RPWOMLTKMHNFFBF76CB,副都心段一小段,21.77,都市：商,100000,749,持分移轉,04010000
RPUPMLTKMHNFFBF66CB,副都心段一小段,12.67,都市：商,100000,436,持分移轉,04010000
RPOPMLTKMHNFFBF68CB,副都心段一小段,12.67,都市：商,100000,436,持分移轉,04010000
RPOQMLTKMHNFFBF78CB,副都心段一小段,21.89,都市：商,100000,753,持分移轉,04010000
RPQPMLTKMHNFFBF88CB,副都心段一小段,12.67,都市：商,100000,436,持分移轉,04010000
RPPQMLTKMHNFFBF88CB,副都心段一小段,21.89,都市：商,100000,753,持分移轉,04010000
RPRQMLTKMHNFFBF09CB,副都心段一小段,27.00,都市：商,100000,929,持分移轉,04010000
RPWPMLTKMHNFFBF86CB,副都心段一小段,12.67,都市：商,100000,436,持分移轉,04010000
RPVQMLTKMHNFFBF86CB,副都心段一小段,12.50,都市：商,100000,430,持分移轉,04010000
RPWQMLTKMHNFFBF96CB,副都心段一小段,12.50,都市：商,100000,430,持分移轉,04010000
RPSQMLTKMHNFFBF56CB,副都心段一小段,18.84,都市：商,100000,648,持分移轉,04010000
RPUQMLTKMHNFFBF76CB,副都心段一小段,18.81,都市：商,100000,647,持分移轉,04010000
RPQRMLTKMHNFFBF09CB,副都心段一小段,12.50,都市：商,100000,430,持分移轉,04010000
RPSRMLTKMHNFFBF66CB,副都心段一小段,12.50,都市：商,100000,430,持分移轉,04010000
RPORMLTKMHNFFBF88CB,副都心段一小段,12.50,都市：商,100000,430,持分移轉,04010000
RPVRMLTKMHNFFBF96CB,副都心段一小段,13.40,都市：商,100000,461,持分移轉,04010000
RPRRMLTKMHNFFBF56CB,副都心段一小段,12.50,都市：商,100000,430,持分移轉,04010000
RPXQMLTKMHNFFBF07CB,副都心段一小段,12.50,都市：商,100000,430,持分移轉,04010000
RPURMLTKMHNFFBF86CB,副都心段一小段,12.50,都市：商,100000,430,持分移轉,04010000
RPWRMLTKMHNFFBF07CB,副都心段一小段,12.67,都市：商,100000,436,持分移轉,04010000
RPWNMLNLMHNFFEF09CB,新市段,4.43,都市：住,100000,191,持分移轉,02110000
RPWNMLNLMHNFFEF09CB,新市段,5.83,都市：住,100000,191,持分移轉,02110000
RPWNMLNLMHNFFEF09CB,新市段,6.68,都市：住,100000,191,持分移轉,02110000
RPWNMLNLMHNFFEF09CB,新市段,3.01,都市：住,100000,191,持分移轉,02110000
RPPRMLTKMHNFFBF98CB,副都心段一小段,12.47,都市：商,100000,429,持分移轉,04010000
RPVNMLNLMHNFFEF98CB,新市段,4.12,都市：住,100000,178,持分移轉,02110000
RPVNMLNLMHNFFEF98CB,新市段,5.43,都市：住,100000,178,持分移轉,02110000
RPVNMLNLMHNFFEF98CB,新市段,6.23,都市：住,100000,178,持分移轉,02110000
RPVNMLNLMHNFFEF98CB,新市段,2.80,都市：住,100000,178,持分移轉,02110000
RPXNMLNLMHNFFEF56CB,新市段,23.04,都市：住,100000,127,持分移轉,02040000
RPWOMLNLMHNFFBF88CB,麗林段,28.00,都市：住,10000,144,持分移轉,03640000
RPPOMLNLMHNFFEF48CB,新市段,23.23,都市：住,100000,128,持分移轉,02040000
RPQOMLNLMHNFFEF58CB,新市段,21.05,都市：住,100000,116,持分移轉,02040000
RPOOMLNLMHNFFEF38CB,新市段,23.04,都市：住,100000,127,持分移轉,02040000
RPSOMLNLMHNFFEF78CB,新市段,4.43,都市：住,100000,191,持分移轉,02110000
RPSOMLNLMHNFFEF78CB,新市段,5.83,都市：住,100000,191,持分移轉,02110000
RPSOMLNLMHNFFEF78CB,新市段,6.68,都市：住,100000,191,持分移轉,02110000
RPSOMLNLMHNFFEF78CB,新市段,3.01,都市：住,100000,191,持分移轉,02110000
RPROMLNLMHNFFEF68CB,新市段,30.30,都市：住,100000,167,持分移轉,02040000
RPUOMLNLMHNFFEF98CB,新市段,5.70,都市：住,100000,246,持分移轉,02110000
RPUOMLNLMHNFFEF98CB,新市段,7.50,都市：住,100000,246,持分移轉,02110000
RPUOMLNLMHNFFEF98CB,新市段,8.61,都市：住,100000,246,持分移轉,02110000
RPUOMLNLMHNFFEF98CB,新市段,3.88,都市：住,100000,246,持分移轉,02110000
RPQNMLPLMHNFFHF98CB,林森段,1.72,都市：住,10000,79,持分移轉,06260000
RPQNMLPLMHNFFHF98CB,林森段,1.43,都市：住,10000,79,持分移轉,06270000
RPQNMLPLMHNFFHF98CB,林森段,1.44,都市：住,10000,79,持分移轉,06280000
RPQNMLPLMHNFFHF98CB,林森段,1.23,都市：住,10000,79,持分移轉,06290000
RPTOMLNLMHNFFEF88CB,新市段,5.70,都市：住,100000,246,持分移轉,02110000
RPQNMLPLMHNFFHF98CB,林森段,4.21,都市：住,10000,79,持分移轉,06420000
RPTOMLNLMHNFFEF88CB,新市段,7.50,都市：住,100000,246,持分移轉,02110000
RPQNMLPLMHNFFHF98CB,林森段,4.76,都市：住,10000,79,持分移轉,06430000
RPTOMLNLMHNFFEF88CB,新市段,8.61,都市：住,100000,246,持分移轉,02110000
RPQNMLPLMHNFFHF98CB,林森段,.25,都市：住,10000,79,持分移轉,07010000
RPTOMLNLMHNFFEF88CB,新市段,3.88,都市：住,100000,246,持分移轉,02110000
RPQNMLPLMHNFFHF98CB,林森段,.95,都市：住,10000,79,持分移轉,07140000
RPVNMLSLMHNFFBF66DB,力行段,21.86,都市：住,10000,72,持分移轉,12530000
RPSNMLSLMHNFFBF98DB,力行段,16.40,都市：住,10000,54,持分移轉,12530000
RPXOMLNLMHNFFEF66CB,新市段,4.43,都市：住,100000,191,持分移轉,02110000
RPXOMLNLMHNFFEF66CB,新市段,5.83,都市：住,100000,191,持分移轉,02110000
RPXOMLNLMHNFFEF66CB,新市段,6.68,都市：住,100000,191,持分移轉,02110000
RPXOMLNLMHNFFEF66CB,新市段,3.01,都市：住,100000,191,持分移轉,02110000
RPWNMLSLMHNFFBF76DB,力行段,21.86,都市：住,10000,72,持分移轉,12530000
RPUNMLSLMHNFFBF56DB,力行段,16.70,都市：住,10000,55,持分移轉,12530000
RPXNMLSLMHNFFBF86DB,力行段,29.15,都市：住,10000,96,持分移轉,12530000
