﻿編號,屋齡,建物移轉面積平方公尺,主要用途,主要建材,建築完成日期,總層數,建物分層
The serial number,room age,building shifting area square meter,the main use,main building materials,construction completes the date,total layer,building lamination
RPOOMLMKKHNFFBH97CC,29,102.58,住家用,鋼筋混凝土造,78年4月25日,五層,
RPOOMLMKKHNFFBH97CC,29,24.30,共有部份,鋼筋混凝土造,78年4月25日,五層,
RPWRMLMKKHNFFAH98CC,10,1685.82,廠房附屬（停車空間、管理室）,鋼筋混凝土造,97年3月30日,九層,
RPRSMLMKKHNFFBH68CC,20,77.62,住家用,鋼筋混凝土造,87年5月14日,八層,
RPRSMLMKKHNFFBH68CC,20,31.53,共有部份,鋼筋混凝土造,87年5月14日,八層,
RPOPMLMKKHNFFBH18DC,26,59.32,住家用,鋼筋混凝土造,81年3月3日,六層,
RPOPMLMKKHNFFBH18DC,26,14.75,共有部份,鋼筋混凝土造,81年3月3日,六層,
RPXRMLMKKHNFFAH09CC,10,177.55,工業用,鋼筋混凝土造,97年3月30日,十層,
RPPNMLMKKHNFFFH38CC,3,95.19,店舖,鋼筋混凝土造,103年10月6日,十八層,
RPPNMLMKKHNFFFH38CC,3,19.45,共有部分之項目：管理委員會使用空間、電梯間、機械室、水箱、昇降機房、樓梯間等６項,鋼筋混凝土造,103年10月6日,十八層,
RPPNMLMKKHNFFFH38CC,3,.59,共有部分之項目：車道等１項,鋼筋混凝土造,103年10月6日,十八層,
RPPNMLMKKHNFFFH38CC,3,.01,共有部分之項目：梯間、防空避難室兼停車空間、停車空間等３項,鋼筋混凝土造,103年10月6日,十八層,
RPXOMLMKKHNFFFH76DC,24,106.21,住家用,鋼筋混凝土造,83年1月31日,五層,
RPTPMLMKKHNFFFH09DC,3,137.77,住家用,鋼筋混凝土造,103年10月6日,十八層,
RPXOMLMKKHNFFFH76DC,24,17.94,共有部份,鋼筋混凝土造,83年1月31日,五層,
RPWNMLNKKHNFFFH56CC,8,74.39,住家用,鋼筋混凝土造,98年10月16日,十五層,
RPWNMLNKKHNFFFH56CC,8,46.96,本共有部份之項目有：防空避難室、停車空間、設備空間、公共設施、守衛室及頂蓋型廣場式開放空間等６項。,鋼筋混凝土造,98年10月16日,十五層,
RPWNMLNKKHNFFFH56CC,8,13.03,本共有部分之項目有：梯間、機械室及水箱等３項,鋼筋混凝土造,98年10月16日,十五層,
RPOOMLNKKHNFFFH48CC,33,188.60,住商用,鋼筋混凝土加強磚造,74年1月28日,三層,
RPTNMLNKKHNFFAH38CC,14,58.90,住家用,鋼筋混凝土造,93年2月20日,八層,
RPTNMLNKKHNFFAH38CC,14,7.24,共有部份,鋼筋混凝土造,93年2月20日,八層,
RPPOMLNKKHNFFFH58CC,33,168.80,住商用,鋼筋混凝土造,74年1月30日,三層,
RPXSMLNKKHNFFAH66CC,7,41.66,住家用,鋼筋混凝土造,100年3月9日,十五層,
RPXSMLNKKHNFFAH66CC,7,17.74,本共有部分之主要項目有：附屬防空避難室兼停車空間、蓄水池、消防泵浦室、污水機房、發電機室、台電受電室、電信室、水池機房、管理室、開放空間、公共服務空間、垃圾處理空間、梯間、機械室及水箱等拾伍項。,鋼筋混凝土造,100年3月9日,十五層,
RPPTMLNKKHNFFAH58CC,27,108.13,住家用,鋼筋混凝土造,80年1月25日,六層,
RPPTMLNKKHNFFAH58CC,27,23.17,共有部份,鋼筋混凝土造,80年1月25日,六層,
RPOTMLNKKHNFFAH48CC,9,91.94,辦公室,鋼筋混凝土造,98年7月29日,六層,
RPPTMLNKKHNFFAH58CC,27,2.76,共有部份,鋼筋混凝土造,80年1月25日,六層,
RPOTMLNKKHNFFAH48CC,9,44.37,本共有部分用途有：法定防空避難室、機電空間、樓梯間、機械室、水箱等項。,鋼筋混凝土造,98年7月29日,六層,
RPOTMLNKKHNFFAH48CC,9,17.21,本共有部分用途有：法定停車空間等項。,鋼筋混凝土造,98年7月29日,六層,
RPQTMLNKKHNFFAH68CC,23,71.40,住家用,鋼筋混凝土造,84年2月25日,二十三層,
RPQTMLNKKHNFFAH68CC,23,12.04,共有部份,鋼筋混凝土造,84年2月25日,二十三層,
RPQTMLNKKHNFFAH68CC,23,10.78,共有部份,鋼筋混凝土造,84年2月25日,二十三層,
RPRNMLNKKHNFFBH28CC,23,20.89,共有部份,鋼筋混凝土造,83年8月1日,十五層,
RPRNMLNKKHNFFBH28CC,23,116.85,住家用,鋼筋混凝土造,83年8月1日,十五層,
RPTNMLNKKHNFFBH48CC,5,154.58,集合住宅,鋼筋混凝土造,101年8月27日,十二層,
RPRNMLNKKHNFFBH28CC,23,12.34,共有部份,鋼筋混凝土造,83年8月1日,十四層,
RPTNMLNKKHNFFBH48CC,5,67.30,本共有部分之項目有：消防泵浦室、消防水池、水箱、污水機房、污水處理設備、停車空間、發電機室、電信室、台電配電室、管理員室、防空避難室兼停車空間、車道、公共服務空間、廣場開放空間、陽台等共十五項。,鋼筋混凝土造,101年8月27日,十二層,
RPTNMLNKKHNFFBH48CC,5,29.34,本共有部分之項目有：梯廳、水箱、機械室、雨遮、陽台等共五項。,鋼筋混凝土造,101年8月27日,十二層,
RPVNMLNKKHNFFBH68CC,11,94.93,住家用,鋼筋混凝土造,96年6月26日,十三層,
RPVNMLNKKHNFFBH68CC,11,39.62,共有部份,鋼筋混凝土造,96年6月26日,十三層,
RPVNMLLLKHNFFCH78DC,23,174.26,住家用,鋼筋混凝土造,83年6月27日,三層,
RPROMLLLKHNFFAH18CC,37,69.43,商業用,鋼筋混凝土造,69年10月7日,十二層,
RPOOMLOKKHNFFCH28CC,40,64.48,住家用,加強磚造,67年1月30日,三層,
RPPOMLOKKHNFFCH38CC,38,83.42,住家用,加強磚造,69年1月8日,二層,
RPSPMLOKKHNFFAH58CC,23,57.33,住家用,鋼筋混凝土造,84年2月25日,二十三層,
RPSPMLOKKHNFFAH58CC,23,10.71,共有部份,鋼筋混凝土造,84年2月25日,二十三層,
RPSPMLOKKHNFFAH58CC,23,9.39,共有部份,鋼筋混凝土造,84年2月25日,二十三層,
RPQOMLOKKHNFFCH48CC,37,70.50,住家用,加強磚造,69年9月1日,三層,
RPUNMLMLKHNFFGH09CC,44,76.80,住家用,加強磚造,62年11月1日,二層,
RPQNMLMLKHNFFFH58CC,44,103.39,住家用,加強磚造,63年1月15日,三層,
RPQPMLMLKHNFFBH48DC,3,216.28,店舖、店舖（附屬儲藏室）,鋼筋混凝土造,104年5月25日,二十一層,
RPQPMLMLKHNFFBH48DC,3,207.32,店舖、店舖（附屬儲藏室）,鋼筋混凝土造,104年5月25日,二十一層,
RPQNMLMLKHNFFDH38CC,40,144.04,住家用,加強磚造,67年1月31日,二層,
RPUOMLNLKHNFFBH78CC,40,86.34,住家用,加強磚造,66年12月2日,二層,
RPQNMLQLKHNFFBH58CC,29,22.12,住家用,鋼筋混凝土造,78年7月1日,五層,
RPPNMLQLKHNFFBH48CC,21,79.14,住家用,鋼筋混凝土造,85年9月4日,十二層,
RPPNMLQLKHNFFBH48CC,21,11.38,共有部份,鋼筋混凝土造,85年9月4日,十三層,
RPPNMLQLKHNFFBH48CC,21,9.05,共有部份,鋼筋混凝土造,85年9月4日,十三層,
RPPNMLQLKHNFFBH48CC,21,.00,共有部份,鋼筋混凝土造,85年9月4日,十三層,
RPRPMLQLKHNFFBH88CC,9,75.46,住家用,鋼筋混凝土造,98年7月3日,十五層,
RPRPMLQLKHNFFBH88CC,9,28.38,共有部份,鋼筋混凝土造,98年7月3日,十五層,
RPTNMLQLKHNFFBH88CC,24,383.48,廠房、辦公室、宿舍,鋼筋混凝土造,83年7月13日,四層,
RPTNMLQLKHNFFAH78CC,20,117.48,通道、店舖,鋼筋混凝土造,87年4月10日,十三層,
RPTNMLQLKHNFFAH78CC,20,117.96,住家用,鋼筋混凝土造,87年4月10日,十三層,
RPTNMLQLKHNFFAH78CC,20,63.93,共有部份,鋼筋混凝土造,87年4月10日,十三層,
RPTNMLQLKHNFFAH78CC,20,24.13,共有部份,鋼筋混凝土造,87年4月10日,十三層,
RPSNMLQLKHNFFDH98CC,38,1801.65,商業用,鋼筋混凝土造,69年4月9日,二層,
RPWNMLQLKHNFFCH66CC,21,102.52,住家用,鋼筋混凝土造,86年1月30日,十四層,
RPWNMLQLKHNFFCH66CC,21,7.27,共有部份,鋼筋混凝土造,86年1月30日,十四層,
RPWNMLQLKHNFFCH66CC,21,1.81,共有部份,鋼筋混凝土造,86年1月30日,十八層,
RPWNMLQLKHNFFCH66CC,21,41.48,共有部份,鋼筋混凝土造,86年1月30日,十八層,
RPWNMLQLKHNFFCH66CC,21,.05,共有部份,鋼筋混凝土造,86年1月30日,一層,
RPWNMLQLKHNFFCH66CC,21,.01,共同使用（防空避難室，停車場）,鋼筋混凝土造,86年6月26日,十八層,
RPWNMLQLKHNFFCH66CC,21,.00,共有部份,鋼筋混凝土造,86年6月26日,一層,
RPWNMLQLKHNFFCH66CC,21,.05,社區遊憩設施,鋼筋混凝土造,86年6月26日,十五層,
RPWNMLQLKHNFFCH66CC,21,3.18,社區遊憩設施,鋼筋混凝土造,86年1月30日,十四層,
RPQNMLQLKHNFFGH09CC,2,100.99,住家用,鋼筋混凝土造,104年9月30日,十九層,
RPQNMLQLKHNFFGH09CC,2,15.35,共有部份,鋼筋混凝土造,104年9月30日,二十層,
RPQNMLQLKHNFFGH09CC,2,38.94,共有部份,鋼筋混凝土造,104年9月30日,二十層,
RPQNMLQLKHNFFGH09CC,2,31.28,共有部份,鋼筋混凝土造,104年9月30日,十九層,
RPXNMLRLKHNFFFH17CC,44,28.32,住商用,加強磚造,62年11月20日,二層,
RPXNMLRLKHNFFFH17CC,44,28.32,住商用,加強磚造,62年11月20日,二層,
RPXNMLQLKHNFFHH27CC,47,73.57,住家用,加強磚造,60年1月10日,三層,
RPTOMLRLKHNFFFH86CC,36,84.42,住家用,鋼筋混凝土造,71年7月30日,五層,
RPTOMLRLKHNFFFH86CC,36,3.84,共有部份,鋼筋混凝土造,71年7月30日,五層,
RPTNMLQLKHNFFHH86CC,28,351.40,廠房﹐辦公室﹐單身宿舍,鋼筋混凝土造,78年8月1日,二層,
RPSNMLRLKHNFFCH09DC,21,294.50,住商用,鋼筋混凝土造,86年6月26日,四層,
RPSNMLRLKHNFFCH09DC,21,.15,社區遊憩設施,鋼筋混凝土造,86年1月30日,十四層,
RPSNMLRLKHNFFCH09DC,21,17.04,社區遊憩設施,鋼筋混凝土造,86年6月26日,十五層,
RPUOMLRLKHNFFAH09CC,11,237.66,停車空間、車道、住宅,鋼筋混凝土造,95年12月15日,五層,
RPUOMLRLKHNFFAH09CC,11,2.09,共有部份,鋼筋混凝土造,95年12月15日,五層,
RPWNMLRLKHNFFBH66CC,14,231.11,商業用,鋼筋混凝土造,93年5月15日,十四層,
RPWNMLRLKHNFFHH37DC,8,120.85,住家用,鋼筋混凝土造,98年10月5日,十五層,
RPWNMLRLKHNFFHH37DC,8,82.81,本共有部分之項目有（附屬管理室、開放空間、公共服務空間、附屬梯間、附屬防空避難室兼停車空間、台電受電室、電信室、蓄水池、附屬停車空間、發電機房、消防泵浦室、污水機房、附屬機房、水箱）等１４項,鋼筋混凝土造,98年10月5日,十五層,
RPPQMLRLKHNFFBH88CC,24,81.59,住家用,鋼筋混凝土造,83年3月3日,六層,
RPPQMLRLKHNFFBH88CC,24,33.22,共有部份,鋼筋混凝土造,83年3月3日,六層,
RPQOMLRLKHNFFBH78CC,34,114.11,防空避難室、住宅,鋼筋混凝土造,72年12月23日,四層,
RPUNMLLJLHNFFAH38DC,4,97.06,店舖、辦公室,鋼筋混凝土造,102年12月31日,四層,
RPUNMLLJLHNFFAH38DC,4,131.43,辦公室,鋼筋混凝土造,102年12月31日,四層,
RPPNMLSLKHNFFDH98DC,5,147.39,住宅、住宅（附屬停車空間）,鋼筋混凝土造,101年9月21日,三層,
RPQNMLSLKHNFFBH88DC,37,26.00,住家用,鋼筋混凝土造,69年8月25日,四層,
RPUNMLLJLHNFFHH98CC,,67.53,住家用,鋼筋混凝土造,106年10月19日,十三層,
RPUNMLLJLHNFFHH98CC,,34.80,本案共有部分之項目有：集合住宅（附屬梯廳、管委會使用空間、停車空間、機房、防空避難室兼停車空間、樓電梯間、水箱）等７項。,鋼筋混凝土造,106年10月19日,十三層,
RPPOMLLJLHNFFAH08EC,19,27.27,一般事務所,鋼筋混凝土造,86年12月24日,十七層,
RPPOMLLJLHNFFAH08EC,19,3.24,共有部份,鋼筋混凝土造,86年12月24日,十七層,
RPPOMLLJLHNFFAH08EC,19,8.34,共有部份,鋼筋混凝土造,86年12月24日,十七層,
RPUOMLLJLHNFFAH48DC,6,176.85,住家用,鋼筋混凝土造,100年11月28日,十二層,
RPUNMLLJLHNFFEH88EC,19,437.78,廠房、梯間,鋼筋混凝土造,87年1月13日,二層,
RPWNMLLJLHNFFEH09EC,2,118.10,自由職業事務所,鋼筋混凝土造,104年7月13日,十八層,
RPWNMLLJLHNFFEH09EC,2,52.13,共有部份,鋼筋混凝土造,104年7月13日,十八層,
RPWNMLLJLHNFFEH09EC,2,37.73,共有部份,鋼筋混凝土造,104年7月13日,十八層,
RPXOMLLJLHNFFFH76EC,2,163.11,集合住宅,鋼筋混凝土造,105年4月12日,二十三層,
RPPNMLMJLHNFFFH58EC,34,96.20,住家用,鋼筋混凝土造,72年5月5日,五層,
RPQNMLMJLHNFFFH68EC,35,96.45,住家用,鋼筋混凝土造,71年8月31日,五層,
RPRNMLMJLHNFFFH78EC,23,90.57,住家用,鋼筋混凝土造,83年4月21日,五層,
RPRNMLMJLHNFFFH78EC,23,15.60,共有部份,鋼筋混凝土造,83年4月21日,五層,
RPROMLMJLHNFFFH88EC,18,95.87,商業用,鋼筋混凝土造,88年11月25日,十三層,
RPROMLMJLHNFFFH88EC,18,19.32,共有部份,鋼筋混凝土造,88年11月25日,十三層,
RPROMLMJLHNFFFH88EC,18,23.92,共有部份,鋼筋混凝土造,88年11月25日,十三層,
RPOOMLMJLHNFFFH48DC,10,80.02,住家用,鋼筋混凝土造,96年10月9日,十四層,
RPOOMLMJLHNFFFH48DC,10,17.02,共有部份,鋼筋混凝土造,96年10月9日,十四層,
RPOOMLMJLHNFFFH48DC,10,16.24,共有部份,鋼筋混凝土造,96年10月9日,十四層,
RPQPMLMJLHNFFAH38EC,2,110.64,住家用,鋼筋混凝土造,104年4月20日,十層,
RPQPMLMJLHNFFAH38EC,2,93.00,本共有部分之項目有附屬（停車空間兼用防空避難室、消防泵浦室、污水機房、梯間、停車空間、發電機室、電信室、垃圾冷藏室、蓄水池、台電配電場所、管委會使用空間、車道）等１２項。,鋼筋混凝土造,104年4月20日,十層,
RPQPMLMJLHNFFAH38EC,2,22.77,本共有部分之項目有附屬（梯間、機械室、水箱）等３項。,鋼筋混凝土造,104年4月20日,十層,
RPPNMLMJLHNFFHH58CC,14,112.18,住家用,鋼筋混凝土造,93年6月30日,十二層,
RPPNMLMJLHNFFHH58CC,14,13.55,警衛室,鋼筋混凝土造,93年6月30日,十二層,
RPRRMLMJLHNFFBH58CC,2,78.56,集合住宅,鋼筋混凝土造,105年1月22日,十三層,
RPRRMLMJLHNFFBH58CC,2,46.17,本共有部分之項目有：防空避難室兼停車空間、停車空間、機械室、管委會空間、門廳、緊急發電機室、污水處理機房、消防機房、共用梯廳、自來水楊水泵雨水回收機房、自來水箱、台電管道間、車道、台電配電室、電信室、垃圾處理空間、入口大廳、排煙室等共十八項,鋼筋混凝土造,105年1月22日,十三層,
RPRRMLMJLHNFFBH58CC,2,21.35,本共有部分之項目有：樓梯間、機房、水箱、排煙室、門廳、水箱機房、電梯機房等共七項,鋼筋混凝土造,105年1月22日,十三層,
RPSNMLNJLHNFFDH68DC,11,170.52,住家用,鋼筋混凝土造,96年3月15日,四層,
RPRNMLPJLHNFFFH88CC,29,294.65,店舖，住宅，避難室，通道,鋼筋混凝土造,77年12月12日,三層,
RPQNMLPJLHNFFGH09EC,2,59.59,住家用,鋼筋混凝土造,104年4月16日,十四層,
RPQNMLPJLHNFFGH09EC,2,11.05,共有部份,鋼筋混凝土造,104年4月16日,十四層,
RPQNMLPJLHNFFGH09EC,2,15.05,共有部份,鋼筋混凝土造,104年4月16日,十四層,
RPRNMLPJLHNFFGH56EC,24,88.67,住家用,鋼筋混凝土造,82年7月9日,六層,
RPRNMLPJLHNFFGH56EC,11,14.10,共有部份,鋼筋混凝土造,95年7月16日,十三層,
RPRNMLPJLHNFFGH56EC,11,52.48,共有部份,鋼筋混凝土造,95年7月16日,十三層,
RPOOMLMJLHNFFGH48CC,20,82.59,住家用,鋼筋混凝土造,86年11月17日,八層,
RPVNMLPJLHNFFAH78CC,15,30.04,住家用,鋼筋混凝土造,91年8月21日,五層,
RPVNMLPJLHNFFAH78CC,15,11.11,共有部份,鋼筋混凝土造,91年8月21日,五層,
RPXNMLPJLHNFFAH98CC,20,62.26,住家用,鋼筋混凝土造,86年9月1日,十七層,
RPXNMLPJLHNFFAH98CC,20,4.94,共有部份,鋼筋混凝土造,86年9月1日,十七層,
RPXNMLPJLHNFFAH98CC,20,12.68,共有部份,鋼筋混凝土造,86年9月1日,十七層,
RPQOMLPJLHNFFAH38CC,23,87.02,住家用,鋼筋混凝土造,84年4月19日,十九層,
RPQOMLPJLHNFFAH38CC,23,15.30,共有部份,鋼筋混凝土造,84年4月19日,二十層,
RPQOMLPJLHNFFAH38CC,23,3.06,共有部份,鋼筋混凝土造,84年4月19日,十九層,
RPVPMLPJLHNFFAH98CC,35,166.02,商業用,鋼筋混凝土造,72年2月1日,五層,
RPVPMLPJLHNFFAH98CC,35,104.48,住家用,鋼筋混凝土造,72年2月1日,五層,
RPXOMLPJLHNFFAH09CC,23,68.42,住家用,鋼筋混凝土造,84年5月20日,十二層,
RPXOMLPJLHNFFAH09CC,23,12.14,共有部份,鋼筋混凝土造,84年5月20日,十二層,
RPXOMLPJLHNFFAH09CC,23,6.77,共有部份,鋼筋混凝土造,84年5月20日,十三層,
RPXOMLPJLHNFFAH09CC,23,16.98,共有部份,鋼筋混凝土造,84年5月20日,十三層,
RPVNMLPJLHNFFBH88CC,15,126.90,住家用,鋼筋混凝土造,92年6月2日,十四層,
RPVNMLPJLHNFFBH88CC,15,27.27,共有部份,鋼筋混凝土造,92年6月2日,十四層,
RPVNMLPJLHNFFBH88CC,15,57.25,共有部份,鋼筋混凝土造,92年6月2日,十四層,
RPQNMLQJLHNFFBH48CC,35,23.24,住家用,鋼筋混凝土造,71年8月26日,四層,
RPQNMLQJLHNFFBH48CC,35,1.44,共有部份,鋼筋混凝土造,71年8月26日,四層,
RPUPMLQJLHNFFAH98CC,36,94.26,住宅．停車場,鋼筋混凝土造,70年12月30日,五層,
RPUNMLQJLHNFFDH09CC,33,37.44,住家用,加強磚造,73年9月20日,二層,
RPVNMLQJLHNFFDH56CC,1,63.61,集合住宅,鋼筋混凝土造,106年8月2日,十五層,
RPVNMLQJLHNFFDH56CC,1,59.75,本共有部分之項目有附屬管理室、防空避難室兼停車空間、蓄水池、消防泵浦室、污水處理設備、發電機房、梯間、台電配電場所、水循環設備、電信室、垃圾處理空間、公共服務空間、門廊、水箱、機房、雨水機房等１７項,鋼筋混凝土造,106年8月2日,十五層,
RPOOMLQJLHNFFFH78CC,30,2519.67,廠房，單人宿舍，防空避難室，辦公室,鋼筋混凝土造,76年11月17日,二層,
RPSNMLQJLHNFFGH56CC,,63.26,住家用,鋼筋混凝土造,106年8月17日,十五層,
RPSNMLQJLHNFFGH56CC,,30.15,共有部份,鋼筋混凝土造,106年8月17日,十五層,
RPRNMLQJLHNFFBH68DC,1,88.54,集合住宅,鋼筋混凝土造,106年6月29日,二十一層,
RPRNMLQJLHNFFBH68DC,1,77.97,本共有部分之項目有：停車空間、防空避難室兼停車空間、台電配電場所、梯廳、公共服務空間、樓梯間、水箱、機房、緊急發電機室、油箱水箱機房、雨水回收機房、汙水機房、消防水箱、消防機房、泳池機房、升降機機房、庭園機房、管理委員會使用空間、機電設備空間、高層建築防災空間、汽車車道、機車停車空間、電表間、水表間、梯廳兼排煙室、排煙室、資源回收間、通風機房、資源回收間、垃圾儲存間、受電箱、電信室、儲藏室、走廊、浴廁、更衣室及陽台等三十七項。,鋼筋混凝土造,106年6月29日,二十一層,
RPTNMLRJLHNFFAH88DC,46,195.12,商業用,加強磚造,61年5月6日,三層,
RPVOMLQJLHNFFAH98CC,22,30.94,住家用,鋼骨造,84年9月26日,十五層,
RPVOMLQJLHNFFAH98CC,22,15.37,共有部份,鋼骨造,84年9月26日,十五層,
RPVOMLQJLHNFFAH98CC,22,5.07,共有部份,鋼骨造,84年9月26日,十五層,
RPSNMLRJLHNFFFH56CC,22,100.97,住家用,鋼筋混凝土造,85年4月9日,七層,
RPSNMLRJLHNFFFH56CC,22,10.96,共有部份,鋼筋混凝土造,85年4月9日,七層,
RPSNMLRJLHNFFFH56CC,22,27.69,共有部份,鋼筋混凝土造,85年4月9日,七層,
RPSNMLQJLHNFFEH98CC,3,58.50,自由職業事務所,鋼筋混凝土造,104年7月13日,十七層,
RPSNMLQJLHNFFEH98CC,3,9.15,共有部份,鋼筋混凝土造,104年7月13日,十八層,
RPSNMLQJLHNFFEH98CC,3,21.50,共有部份,鋼筋混凝土造,104年7月13日,十七層,
RPWNMLRJLHNFFAH09CC,26,190.00,辦公室,鋼骨造,81年3月23日,二十二層,
RPSPMLRJLHNFFAH88CC,2,367.21,辦公室,鋼筋混凝土造,105年6月1日,十八層,
RPROMLSJLHNFFDH09CC,1,63.61,集合住宅,鋼筋混凝土造,106年8月2日,十五層,
RPTNMLRJLHNFFHH86CC,3,99.85,住家用,鋼筋混凝土造,104年8月14日,二十層,
RPROMLSJLHNFFDH09CC,1,59.75,本共有部分之項目有附屬管理室、防空避難室兼停車空間、蓄水池、消防泵浦室、污水處理設備、發電機房、梯間、台電配電場所、水循環設備、電信室、垃圾處理空間、公共服務空間、門廊、水箱、機房、雨水機房等１７項,鋼筋混凝土造,106年8月2日,十五層,
RPTNMLRJLHNFFHH86CC,3,8.86,本共有部分之項目有集合住宅（附屬停車空間）、集合住宅（附屬公共服務空間）、集合住宅（附屬管委會空間）等３項。,鋼筋混凝土造,104年8月14日,二十三層,
RPTNMLRJLHNFFHH86CC,3,4.46,本共有部分之項目集合住宅（附屬管委會使用空間）、集合住宅（附屬公共服務空間）等２項。,鋼筋混凝土造,104年8月14日,二十三層,
RPTNMLRJLHNFFHH86CC,3,29.32,本共有部分之項目有電樓梯間、集合住宅（附屬公共服務空間）、集合住宅（附屬管委會使用空間）、集合住宅（附屬中繼機房）、集合住宅（附屬機房、水箱）等５項。,鋼筋混凝土造,104年8月14日,二十層,
RPTNMLRJLHNFFHH86CC,3,37.58,本共有部分之項目有集合住宅（附屬停車空間）、車道等２項。,鋼筋混凝土造,104年8月14日,二十三層,
RPSNMLTJLHNFFEH76DC,3,96.26,住家用,鋼筋混凝土造,104年7月6日,十四層,
RPSNMLTJLHNFFEH76DC,3,73.55,共有部份,鋼筋混凝土造,104年7月6日,十四層,
RPPNMLSJLHNFFFH98CC,2,184.40,住家用,鋼筋混凝土造,104年11月5日,二十一層,
RPPNMLSJLHNFFFH98CC,2,98.66,共有部分之項目有：防空避難室兼停車空間、停車空間、公共服務空間、梯廳等計四項,鋼筋混凝土造,104年11月5日,二十一層,
RPPNMLSJLHNFFFH98CC,2,37.23,共有部分之項目有：樓梯間、機房、水箱等計三項,鋼筋混凝土造,104年11月5日,二十一層,
RPPNMLSJLHNFFFH98CC,2,.11,住家用,鋼筋混凝土造,104年11月5日,二十一層,
RPRNMLTJLHNFFGH76CC,1,63.29,住家用,鋼筋混凝土造,106年8月3日,十四層,
RPRNMLTJLHNFFGH76CC,1,16.99,共有部份,鋼筋混凝土造,106年8月3日,十四層,
RPRNMLTJLHNFFGH76CC,1,11.40,共有部份,鋼筋混凝土造,106年8月3日,十四層,
RPPOMLTJLHNFFDH56EC,30,303.05,住家用,鋼筋混凝土造,77年5月25日,四層,
RPVNMLTJLHNFFBH66CC,1,69.04,工業社區（社區住宅）,鋼筋混凝土造,105年10月12日,五層,
RPXNMLTJLHNFFDH07CC,42,98.36,住家用,加強磚造,65年5月27日,二層,
RPVNMLTJLHNFFBH66CC,1,14.26,本共有部分之項目有：機電設備空間、樓梯間、水箱、機械室及附屬停車空間等五項,鋼筋混凝土造,105年10月12日,五層,
RPVNMLTJLHNFFBH66CC,1,2.99,本共有部分之項目有：附屬停車空間,鋼筋混凝土造,105年10月12日,五層,
RPSOMLTJLHNFFBH09CC,30,23.62,住家用,鋼筋混凝土造,77年6月16日,五層,
RPPOMLTJLHNFFBH78CC,27,26.77,住家用,鋼筋混凝土造,80年2月6日,十二層,
RPPOMLTJLHNFFBH78CC,27,4.69,共有部份,鋼筋混凝土造,80年2月6日,十二層,
RPTNMLKKLHNFFBH28CC,5,66.67,集合住宅,鋼筋混凝土造,102年5月25日,十五層,
RPTNMLKKLHNFFBH28CC,5,61.16,本共有部分項目為：停車空間、防空避難室、梯間、蓄水池、消防泵浦室、污水機房、發電機室、台電配電場所、電信室、水景機房、公共服務空間、開放空間、垃圾儲藏室、管理室、機房、水箱、門廊等共１７項。,鋼筋混凝土造,102年5月25日,十五層,
RPUOMLTJLHNFFBH66CC,25,15.00,住家用,鋼筋混凝土造,82年6月1日,七層,
RPUOMLTJLHNFFBH66CC,25,5.28,共有部份,鋼筋混凝土造,82年6月1日,七層,
RPOOMLTJLHNFFDH09EC,30,434.04,住家用,鋼筋混凝土造,77年5月25日,四層,
RPVOMLTJLHNFFBH86DC,23,70.06,住家用,鋼筋混凝土造,84年3月7日,八層,
RPVOMLTJLHNFFBH86DC,23,9.52,住家用,鋼筋混凝土造,84年3月7日,八層,
RPVOMLTJLHNFFBH86DC,23,4.17,住家用,鋼筋混凝土造,84年3月7日,八層,
RPVOMLTJLHNFFBH86DC,23,8.89,共有部份,鋼筋混凝土造,84年3月7日,八層,
RPVOMLTJLHNFFBH86DC,23,20.30,共有部份,鋼筋混凝土造,84年3月7日,八層,
RPRNMLMKLHNFFBH28CC,23,83.37,住家用,鋼筋混凝土造,84年8月9日,七層,
RPRNMLMKLHNFFBH28CC,23,69.69,共有部份,鋼筋混凝土造,84年8月9日,七層,
RPQNMLMKLHNFFBH18CC,21,70.29,住家用,鋼筋混凝土造,85年9月21日,七層,
RPQNMLMKLHNFFBH18CC,21,24.15,共有部份,鋼筋混凝土造,85年9月21日,七層,
RPSNMLMKLHNFFBH38CC,8,65.63,住家用,鋼筋混凝土造,99年3月4日,五層,
RPSNMLMKLHNFFBH38CC,8,12.86,共有部分〈管委會使用空間、水箱、機房、梯間、電信機房〉,鋼筋混凝土造,99年3月4日,五層,
RPSNMLMKLHNFFBH38CC,8,7.91,共有部分〈梯間〉,鋼筋混凝土造,99年3月4日,五層,
RPROMLMKLHNFFBH38CC,19,31.03,住家用,鋼筋混凝土造,88年5月28日,十四層,
RPROMLMKLHNFFBH38CC,19,4.92,共有部份,鋼筋混凝土造,88年5月28日,十四層,
RPROMLMKLHNFFBH38CC,19,7.73,共有部份,鋼筋混凝土造,88年5月28日,十四層,
RPVNMLMKLHNFFDH88CC,2,90.70,住家用,鋼筋混凝土造,105年8月11日,十四層,
RPVNMLMKLHNFFDH88CC,2,67.07,本共有部分之項目有集合住宅（附屬防空避難室兼停車空間，消防泵浦室，梯間，附屬雨十機房，污水機房，發電機室，蓄水池，附屬停車空間，台電配電場所，電信室，附屬垃圾冷藏空間，水循環設備，附屬公共服務空間，管委會空間，車道，附屬梯間，附屬機械室，水箱等共１９項。,鋼筋混凝土造,105年8月11日,十四層,
RPPNMLMKLHNFFCH18CC,21,83.09,住家用,鋼筋混凝土造,86年6月26日,十四層,
RPPNMLMKLHNFFCH18CC,21,4.29,共有部份,鋼筋混凝土造,86年6月26日,十四層,
RPPNMLMKLHNFFCH18CC,21,.88,共有部份,鋼筋混凝土造,86年6月26日,十四層,
RPPNMLMKLHNFFCH18CC,21,.60,共同使用（防空避難室，停車場）,鋼筋混凝土造,86年6月26日,十八層,
RPPNMLMKLHNFFCH18CC,21,.05,共有部份,鋼筋混凝土造,86年6月26日,一層,
RPPNMLMKLHNFFCH18CC,21,.01,共有部份,鋼筋混凝土造,86年1月30日,十八層,
RPPNMLMKLHNFFCH18CC,21,.00,共有部份,鋼筋混凝土造,86年1月30日,一層,
RPPNMLMKLHNFFCH18CC,21,2.83,社區遊憩設施,鋼筋混凝土造,86年6月26日,十五層,
RPPNMLMKLHNFFCH18CC,21,.05,社區遊憩設施,鋼筋混凝土造,86年1月30日,十四層,
RPPNMLMKLHNFFEH38CC,25,76.24,住家用,鋼筋混凝土造,82年7月19日,六層,
RPPNMLMKLHNFFEH38CC,25,29.66,共有部份,鋼筋混凝土造,82年7月19日,六層,
RPTNMLMKLHNFFFH98DC,5,270.63,店舖、住宅,鋼筋混凝土造,101年11月6日,五層,
RPQOMLMKLHNFFCH38CC,14,94.80,集合住宅,鋼筋混凝土造,93年3月31日,九層,
RPOOMLMKLHNFFBH08CC,26,88.14,住家用,鋼筋混凝土造,80年12月30日,八層,
RPQNMLMKLHNFFFH58CC,21,255.95,走道、店舖住宅,鋼筋混凝土造,85年10月5日,三層,
RPOOMLMKLHNFFBH08CC,26,15.84,共有部份,鋼筋混凝土造,80年12月30日,八層,
RPXOMLMKLHNFFBH98CC,2,95.26,集合住宅,鋼筋混凝土造,104年12月20日,十八層,
RPVNMLNKLHNFFEH09CC,4,209.89,住家用,鋼筋混凝土造,103年3月25日,十一層,
RPXOMLMKLHNFFBH98CC,2,17.93,本共有部分之項目有：防空避難室兼停車空間、停車空間、水箱、機房、車道、排煙室、中繼水箱、中繼水箱設備空間、污水機房、消防機房、台電配電室、垃圾暫存空間、防災中心、發電機室、電信機房等共十五項。,鋼筋混凝土造,104年12月20日,十八層,
RPXOMLMKLHNFFBH98CC,2,32.39,本共有部分之項目有：管委會空間、樓梯間、機房、機械室、水箱、梯廳、排煙室、出入口緩衝空間、陽台、管委會使用空間、中繼水箱設備空間等十一項。,鋼筋混凝土造,104年12月20日,十八層,
RPQOMLNKLHNFFEH78DC,16,40.96,住家用,鋼筋混凝土造,91年5月23日,十七層,
RPQOMLNKLHNFFEH78DC,16,2.31,共有部份,鋼筋混凝土造,91年5月23日,十七層,
RPQOMLNKLHNFFEH78DC,16,13.29,共有部份,鋼筋混凝土造,91年5月23日,十七層,
RPPQMLNKLHNFFBH68EC,36,79.50,住商用,鋼筋混凝土造,70年11月21日,四層,
RPUNMLMKLHNFFCH68CC,21,105.57,住家用,鋼筋混凝土造,86年1月30日,十四層,
RPUNMLMKLHNFFCH68CC,21,7.52,共有部份,鋼筋混凝土造,86年1月30日,十四層,
RPUNMLMKLHNFFCH68CC,21,1.81,共有部份,鋼筋混凝土造,86年1月30日,十八層,
RPUNMLMKLHNFFCH68CC,21,.96,共有部份,鋼筋混凝土造,86年1月30日,十八層,
RPUNMLMKLHNFFCH68CC,21,.05,共有部份,鋼筋混凝土造,86年1月30日,一層,
RPSNMLOKLHNFFAH48CC,40,171.21,住工用,加強磚造,67年4月14日,二層,
RPTOMLNKLHNFFAH58CC,26,279.91,人行道﹐儲藏室﹐店舖﹐住宅,鋼筋混凝土造,81年6月8日,四層,
RPTNMLOKLHNFFAH58CC,48,60.14,住家用,加強磚造,58年12月20日,三層,
RPQNMLOKLHNFFBH38CC,11,57.65,住家用,鋼筋混凝土造,96年3月1日,十五層,
RPQNMLOKLHNFFBH38CC,11,12.83,共有部份,鋼筋混凝土造,96年3月1日,十五層,
RPQNMLOKLHNFFBH38CC,11,9.29,共有部份,鋼筋混凝土造,96年3月1日,十五層,
RPXNMLOKLHNFFBH09CC,37,74.74,住家用,鋼筋混凝土造,70年2月13日,四層,
RPPNMLOKLHNFFFH68CC,39,150.84,住商用,加強磚造,68年5月6日,二層,
RPRTMLOKLHNFFBH56DC,23,142.26,住家用,鋼筋混凝土造,83年10月12日,十六層,
RPWNMLOKLHNFFCH56DC,4,271.47,住宅、住宅（附屬停車空間）店舖、住宅（附屬樓梯間）,鋼筋混凝土造,102年9月15日,四層,
RPVOMLOKLHNFFDH56CC,13,236.86,住宅、停車空間,鋼筋混凝土造,94年8月22日,四層,
RPTNMLOKLHNFFHH66CC,2,54.15,住家用,鋼筋混凝土造,104年12月7日,七層,
RPTNMLOKLHNFFHH66CC,2,58.21,本共有部分之項目有附屬（附屬停車空間、消防泵浦室、發電機室、污水設備、蓄水池、梯間、台電配電場所、水循環設備、電信室、垃圾冷藏室、管委會使用空間、公共服務空間、車道、水箱、機械室）等１５項。,鋼筋混凝土造,104年12月7日,七層,
RPVNMLOKLHNFFBH88CC,13,59.72,住家用,鋼筋混凝土造,94年1月20日,十二層,
RPVNMLOKLHNFFBH88CC,13,10.06,共有部份,鋼筋混凝土造,94年1月20日,十二層,
RPPNMLPKLHNFFBH38CC,47,95.56,住家用,加強磚造,60年1月21日,二層,
RPVNMLOKLHNFFBH88CC,13,8.97,共有部份,鋼筋混凝土造,94年1月20日,十二層,
RPTNMLPKLHNFFBH78CC,23,90.92,住家用,鋼筋混凝土造,83年8月26日,七層,
RPSNMLPKLHNFFAH58CC,39,96.85,避難室、店舖、作業廠房、住宅,鋼筋混凝土造,68年7月7日,三層,
RPTNMLPKLHNFFBH78CC,23,3.95,共有部份,鋼筋混凝土造,83年8月26日,七層,
RPTNMLPKLHNFFBH78CC,23,12.38,共有部份,鋼筋混凝土造,83年8月26日,九層,
RPSNMLPKLHNFFCH78CC,3,91.35,集合住宅,鋼筋混凝土造,104年8月26日,十三層,
RPSNMLPKLHNFFCH78CC,3,51.57,集合住宅（附屬停車空間兼防空避難室，附屬消防幫浦室）、集合住宅（附屬汙水機房，附屬蓄水池）、集合住宅（附屬停車空間，附屬緊急發電室）、集合住宅（附屬台電配電埸所，附屬電信機房）、集合住宅（附屬公共服務空間，交誼廳，警衛室）,鋼筋混凝土造,104年8月26日,十四層,
RPSNMLPKLHNFFCH78CC,3,20.47,集合住宅（附屬樓梯間）、集合住宅（附屬樓梯間，附屬機械室，附屬水箱）,鋼筋混凝土造,104年8月26日,十四層,
RPQNMLQKLHNFFBH58CC,45,48.72,住家用,磚造,62年2月1日,一層,
RPSNMLQKLHNFFBH78CC,39,86.40,住家用,加強磚造,68年5月26日,二層,
RPUNMLTKLHNFFBH66CC,22,414.00,工業用,鋼造,84年11月2日,一層,
RPSNMLTKLHNFFBH09CC,25,87.05,住家用,鋼筋混凝土造,82年5月14日,六層,
RPUNMLTKLHNFFBH66CC,22,414.00,工業用,鋼造,84年11月2日,一層,
RPSNMLTKLHNFFBH09CC,25,18.61,共有部份,鋼筋混凝土造,82年5月14日,六層,
RPWNMLTKLHNFFBH86CC,26,138.21,辦公室,鋼筋混凝土造,81年5月27日,二十二層,
RPWNMLTKLHNFFBH86CC,26,47.34,共有部份,鋼筋混凝土造,81年5月27日,二十二層,
RPWNMLTKLHNFFBH86CC,26,8.39,共有部份,鋼筋混凝土造,81年5月27日,二十二層,
RPTNMLQKLHNFFBH88CC,22,109.30,住家用,鋼筋混凝土造,85年3月22日,八層,
RPOPMLTKLHNFFBH88CC,1,242.49,住家用,鋼筋混凝土造,105年11月10日,三層,
RPVOMLTKLHNFFBH86CC,13,220.29,住宅、停車空間,鋼筋混凝土造,94年8月17日,五層,
RPRNMLRKLHNFFEH09CC,3,92.28,住家用,鋼筋混凝土造,104年8月25日,七層,
RPTPMLTKLHNFFEH17DC,21,45.16,住家用,鋼筋混凝土造,86年1月22日,二十七層,
RPXPMLTKLHNFFBH27DC,13,149.78,住宅、停車空間,鋼筋混凝土造,94年7月30日,四層,
RPXPMLTKLHNFFBH27DC,13,15.75,住宅、停車空間,鋼筋混凝土造,94年7月30日,四層,
RPXPMLTKLHNFFBH27DC,13,6.89,住宅、停車空間,鋼筋混凝土造,94年7月30日,四層,
RPTNMLKLLHNFFHH98CC,23,82.59,住家用,鋼筋混凝土造,83年9月12日,十四層,
RPTNMLKLLHNFFHH98CC,23,13.20,共有部份,鋼筋混凝土造,83年9月12日,十四層,
RPTOMLKLLHNFFEH88DC,3,107.92,住家用,鋼筋混凝土造,104年7月6日,十四層,
RPTOMLKLLHNFFEH88DC,3,105.43,共有部份,鋼筋混凝土造,104年7月6日,十四層,
RPPNMLKLLHNFFFH38CC,25,81.50,住家用,鋼筋混凝土造,82年4月20日,十一層,
RPPNMLKLLHNFFFH38CC,25,22.98,共有部份,鋼筋混凝土造,82年4月20日,十一層,
RPRNMLKLLHNFFGH68CC,23,106.99,住家用,鋼筋混凝土造,84年6月13日,七層,
RPRNMLKLLHNFFGH68CC,23,24.29,共有部份,鋼筋混凝土造,84年6月13日,七層,
RPRNMLKLLHNFFGH68CC,23,6.36,共有部份,鋼筋混凝土造,84年6月13日,七層,
RPVNMLKLLHNFFFH98CC,2,78.69,住家用,鋼筋混凝土造,104年12月17日,十六層,
RPVNMLKLLHNFFFH98CC,2,18.35,共有部分之項目計有：集合住宅（附屬樓梯間）。,鋼筋混凝土造,104年12月17日,十六層,
RPVNMLKLLHNFFFH98CC,2,37.78,共有部分之項目計有：集合住宅（附屬停車空間、防空避難室）,鋼筋混凝土造,104年12月17日,十六層,
RPVNMLKLLHNFFFH98CC,2,18.33,共有部分之項目計有：集合住宅（附屬防災中心、機械室、大廳、管委會使用空間、樓梯間、電梯機房、水箱）。,鋼筋混凝土造,104年12月17日,十六層,
RPQNMLKLLHNFFDH48EC,10,119.81,一般零售業、停車空間、自由職業事務所,鋼筋混凝土造,96年11月19日,四層,
RPWNMLKLLHNFFBH68CC,22,220.83,廠房、辦公室,鋼筋混凝土造,84年10月21日,三層,
RPSNMLKLLHNFFDH48CC,1,63.61,集合住宅,鋼筋混凝土造,106年8月2日,十五層,
RPSNMLKLLHNFFDH48CC,1,61.70,本共有部分之項目有附屬管理室、防空避難室兼停車空間、蓄水池、消防泵浦室、污水處理設備、發電機房、梯間、台電配電場所、水循環設備、電信室、垃圾處理空間、公共服務空間、門廊、水箱、機房、雨水機房等１７項,鋼筋混凝土造,106年8月2日,十五層,
RPTNMLKLLHNFFDH58CC,1,59.42,集合住宅,鋼筋混凝土造,106年8月2日,十五層,
RPTNMLKLLHNFFDH58CC,1,59.50,本共有部分之項目有附屬管理室、防空避難室兼停車空間、蓄水池、消防泵浦室、污水處理設備、發電機房、梯間、台電配電場所、水循環設備、電信室、垃圾處理空間、公共服務空間、門廊、水箱、機房、雨水機房等１７項,鋼筋混凝土造,106年8月2日,十五層,
RPVNMLKLLHNFFDH78CC,13,60.44,住家用,鋼筋混凝土造,93年12月28日,九層,
RPRNMLKLLHNFFDH38CC,4,60.90,住家用,鋼筋混凝土造,102年11月15日,十二層,
RPVNMLKLLHNFFDH78CC,13,10.10,集合住宅、梯間、機械房、水箱,鋼筋混凝土造,93年12月28日,九層,
RPRNMLKLLHNFFDH38CC,4,66.61,共有部份,鋼筋混凝土造,102年11月15日,十二層,
RPVNMLKLLHNFFDH78CC,13,16.56,防空避難室兼停車空間,鋼筋混凝土造,93年12月28日,十層,
RPVNMLKLLHNFFDH78CC,13,1.80,停車空間、交誼廳,鋼筋混凝土造,93年12月28日,十層,
RPWNMLKLLHNFFAH58CC,36,42.20,住家用,加強磚造,71年7月9日,三層,
RPOOMLKLLHNFFDH18CC,3,85.96,住家用,鋼筋混凝土造,104年5月25日,十五層,
RPOOMLKLLHNFFDH18CC,3,74.52,本共有部分之項目有管理室（附屬公共服務空間、梯間）（附屬梯間、水箱、機房）（附屬停車空間、台電配電場所、電信室、水循環設備、梯間）（附屬停車空間、梯間）（附屬雨水機房）（附屬防空避難室兼停車空間、蓄水池、消防泵浦室、污水處理設備、發電機室、梯間）等二十項,鋼筋混凝土造,104年5月25日,十五層,
RPSOMLKLLHNFFAH28CC,37,105.70,商業用,鋼筋混凝土造,70年1月20日,五層,
RPRNMLLLLHNFFAH18CC,20,78.71,住家用,鋼筋混凝土造,87年5月28日,八層,
RPRNMLLLLHNFFAH18CC,20,29.20,共有部份,鋼筋混凝土造,87年5月28日,八層,
RPUPMLKLLHNFFAH58CC,24,98.20,住家用,鋼筋混凝土造,83年7月13日,十七層,
RPOOMLLLLHNFFCH18CC,41,78.00,住家用,加強磚造,66年7月25日,二層,
RPPOMLLLLHNFFCH28CC,17,84.00,走道、店舖、住宅,鋼筋混凝土造,89年12月11日,三層,
RPROMLLLLHNFFCH48CC,,332.01,作業廠房,鋼骨造,106年11月1日,一層,
RPRNMLLLLHNFFBH28CC,25,25.33,住家用,鋼筋混凝土造,82年1月19日,四層,
RPVNMLLLLHNFFBH68CC,3,70.28,集合住宅,鋼筋混凝土造,104年7月6日,十二層,
RPVNMLLLLHNFFBH68CC,3,61.75,本共有部分之項目有：停車空間、防空避難室兼停車空間、管委會使用空間、管委會、樓梯間、電梯機械間、蓄水池、消防幫浦室、汙／雨水機房、汽車坡道、台電配電場所、電信機房、發電機房、門廳、門廊、梯廳、水箱間、機械間等共十八項。,鋼筋混凝土造,104年7月6日,十二層,
RPTNMLLLLHNFFBH48CC,28,165.94,住家用,加強磚造,78年10月9日,二層,
RPOOMLLLLHNFFBH08CC,31,113.88,住家用,鋼筋混凝土造,75年9月16日,七層,
RPOOMLLLLHNFFBH08CC,31,16.85,共有部份,鋼筋混凝土造,75年9月16日,七層,
RPSOMLLLLHNFFBH48CC,2,79.83,集合住宅,鋼筋混凝土造,104年12月30日,十五層,
RPSOMLLLLHNFFBH48CC,2,65.02,本共有部分之項目有：防空避難室兼停車空間、停車空間、車道、消防泵浦室、汙水機房、發電機室、梯間、水景機房、警衛室、排煙室、蓄水池、台電配電場所、電信室、垃圾處理空間、管委會使用空間、梯廳、梯廳兼排煙室、水箱、機械室、門廊等共二十項。,鋼筋混凝土造,104年12月30日,十五層,
RPQNMLLLLHNFFBH18CC,25,25.33,住家用,鋼筋混凝土造,82年1月19日,四層,
RPTOMLLLLHNFFBH58CC,24,78.55,住家用,鋼筋混凝土造,83年8月26日,七層,
RPTOMLLLLHNFFBH58CC,24,15.17,共有部份,鋼筋混凝土造,83年8月26日,七層,
RPTOMLLLLHNFFBH58CC,24,10.69,共有部份,鋼筋混凝土造,83年8月26日,九層,
RPSNMLLLLHNFFBH38CC,27,26.77,住家用,鋼筋混凝土造,80年2月6日,十二層,
RPSNMLLLLHNFFBH38CC,27,4.69,共有部份,鋼筋混凝土造,80年2月6日,十二層,
RPSNMLLLLHNFFFH78CC,2,63.13,住家用,鋼筋混凝土造,104年12月17日,十六層,
RPSNMLLLLHNFFFH78CC,2,14.72,共有部分之項目計有：集合住宅（附屬樓梯間）。,鋼筋混凝土造,104年12月17日,十六層,
RPSNMLLLLHNFFFH78CC,2,14.74,共有部分之項目計有：集合住宅（附屬防災中心、機械室、大廳、管委會使用空間、樓梯間、電梯機房、水箱）。,鋼筋混凝土造,104年12月17日,十六層,
RPSNMLLLLHNFFFH78CC,2,.09,一般事務所,鋼筋混凝土造,104年12月17日,十六層,
RPSNMLLLLHNFFFH78CC,2,37.71,共有部分之項目計有：集合住宅（附屬停車空間、防空避難室）,鋼筋混凝土造,104年12月17日,十六層,
RPUOMLLLLHNFFBH68CC,37,24.91,住家用,鋼筋混凝土造,70年2月13日,四層,
RPROMLLLLHNFFGH88CC,13,26.16,集合住宅、梯廳、電機空間,鋼筋混凝土造,94年1月30日,十二層,
RPROMLLLLHNFFGH88CC,13,11.10,共有部份,鋼筋混凝土造,94年1月30日,十二層,
RPUNMLMLLHNFFEH09DC,19,82.34,商業用,鋼筋混凝土造,88年1月27日,十一層,
RPPNMLMLLHNFFFH58CC,37,100.60,住家用,加強磚造,70年3月10日,二層,
RPOOMLLLLHNFFEH48DC,19,82.34,商業用,鋼筋混凝土造,88年1月27日,十一層,
RPQOMLMLLHNFFGH98DC,9,310.11,住宅〈附屬停車空間、附屬騎樓、附屬樓梯間〉,鋼筋混凝土造,97年10月28日,四層,
RPROMLMLLHNFFGH09DC,4,225.28,住宅、住宅﹝附屬停車空間﹞,鋼筋混凝土造,103年6月11日,五層,
RPTNMLMLLHNFFBH58CC,24,89.74,住家用,鋼筋混凝土造,83年8月18日,十四層,
RPTNMLMLLHNFFBH58CC,24,7.21,共有部份,鋼筋混凝土造,83年8月18日,十四層,
RPTNMLMLLHNFFBH58CC,24,7.13,共有部份,鋼筋混凝土造,83年8月18日,十四層,
RPTNMLMLLHNFFBH58CC,24,14.54,共有部份,鋼筋混凝土造,83年8月18日,十四層,
RPTNMLMLLHNFFBH58CC,24,22.81,共有部份,鋼筋混凝土造,83年8月18日,十四層,
RPUNMLMLLHNFFBH68CC,3,263.89,一般零售場所,鋼筋混凝土造,103年11月6日,十四層,
RPXPMLMLLHNFFBH56CC,37,2399.97,防空避難室、停車空間、廠房、宿舍、機械房、機械室,鋼筋混凝土造、鋼骨造,70年1月13日,七層,
RPVNMLMLLHNFFBH78CC,2,140.37,集合住宅,鋼筋混凝土造,105年3月25日,二十三層,
RPROMLMLLHNFFAH38CC,13,69.10,住家用,鋼筋混凝土造,94年4月11日,十一層,
RPROMLMLLHNFFAH38CC,13,63.44,共有部份,鋼筋混凝土造,94年4月11日,十二層,
RPROMLNLLHNFFEH88CC,,75.28,住家用,鋼筋混凝土造,106年10月13日,十五層,
RPROMLNLLHNFFEH88CC,,35.37,共有部份,鋼筋混凝土造,106年10月13日,十五層,
RPSNMLMLLHNFFDH68CC,2,87.27,住家用,鋼筋混凝土造,105年8月11日,十四層,
RPSNMLMLLHNFFDH68CC,2,65.32,本共有部分之項目有集合住宅（附屬防空避難室兼停車空間，消防泵浦室，梯間，附屬雨十機房，污水機房，發電機室，蓄水池，附屬停車空間，台電配電場所，電信室，附屬垃圾冷藏空間，水循環設備，附屬公共服務空間，管委會空間，車道，附屬梯間，附屬機械室，水箱等共１９項。,鋼筋混凝土造,105年8月11日,十四層,
RPTOMLNLLHNFFEH09CC,35,25.71,受電室,加強磚造,72年1月26日,一層,
RPTOMLNLLHNFFEH09CC,35,1765.68,工業用,鋼筋混凝土造,72年1月26日,三層,
RPTOMLNLLHNFFEH09CC,35,297.68,工業用,鋼筋混凝土造,72年1月26日,二層,
RPTOMLNLLHNFFEH09CC,35,133.24,辦公室,鋼筋混凝土造,72年1月26日,一層,
RPTOMLNLLHNFFEH09CC,35,39.38,見其他登記事項,加強磚造,72年1月26日,一層,
RPTOMLNLLHNFFEH09CC,35,26.56,守衛室,加強磚造,72年1月26日,一層,
RPTOMLNLLHNFFEH09CC,35,266.48,防空避難室,鋼筋混凝土造,72年1月26日,三層,
RPTNMLNLLHNFFBH68CC,5,87.08,店舖,鋼筋混凝土造,102年5月25日,十五層,
RPTNMLNLLHNFFBH68CC,5,40.43,本共有部分項目為：停車空間、防空避難室、梯間、蓄水池、消防泵浦室、污水機房、發電機室、台電配電場所、電信室、水景機房、公共服務空間、開放空間、垃圾儲藏室、管理室、機房、水箱、門廊等共１７項。,鋼筋混凝土造,102年5月25日,十五層,
RPQNMLNLLHNFFFH78CC,4,175.58,住家用,鋼筋混凝土造,103年5月26日,十四層,
RPQNMLNLLHNFFFH78CC,4,140.19,共有部分之項目有：防空避難室兼停車空間、停車空間、台電配電場所、公共服務空間、開放空間、管理員室、梯間、機械室、水箱等計九項。,鋼筋混凝土造,103年5月26日,十四層,
RPPNMLOLLHNFFBH38CC,18,56.69,儲藏室、住宅、梯間、停車空間,鋼筋混凝土造,89年7月27日,五層,
RPUNMLOLLHNFFBH88CC,23,153.57,住家用,鋼筋混凝土造,84年7月25日,三層,
RPUNMLOLLHNFFBH88CC,23,27.94,住家用,鋼筋混凝土造,84年7月25日,三層,
RPPNMLOLLHNFFFH78CC,6,2948.04,廠房,鋼骨造,100年10月10日,一層,
RPPPMLQLLHNFFAH68CC,22,87.03,住家用,鋼筋混凝土造,84年12月12日,十七層,
RPPPMLQLLHNFFAH68CC,22,2.61,共有部份,鋼筋混凝土造,84年12月12日,十七層,
RPPPMLQLLHNFFAH68CC,22,9.09,共有部份,鋼筋混凝土造,84年12月12日,十七層,
RPVNMLQLLHNFFCH66CC,,332.01,作業廠房,鋼骨造,106年11月1日,一層,
RPVNMLQLLHNFFCH66CC,,332.01,作業廠房,鋼骨造,106年11月1日,一層,
RPVNMLQLLHNFFCH66CC,,332.01,作業廠房,鋼骨造,106年11月1日,一層,
RPVNMLQLLHNFFCH66CC,,227.05,作業廠房,鋼骨造,106年11月1日,一層,
RPVNMLQLLHNFFCH66CC,,332.01,作業廠房,鋼骨造,106年11月1日,一層,
RPVNMLQLLHNFFCH66CC,,338.13,作業廠房,鋼骨造,106年11月1日,一層,
RPVNMLQLLHNFFCH66CC,,502.97,作業廠房,鋼骨造,106年11月1日,一層,
RPUPMLQLLHNFFAH66DC,1,22.29,店舖、住宅（附屬停車空間）、樓梯間、機械室,鋼筋混凝土造,105年11月16日,四層,
RPTNMLQLLHNFFHH07DC,34,91.75,住家用,鋼筋混凝土造,73年4月28日,五層,
RPTNMLQLLHNFFHH07DC,34,5.80,住家用,鋼筋混凝土造,73年4月28日,五層,
RPSNMLRLLHNFFHH07DC,23,117.66,住家用,鋼筋混凝土造,83年10月19日,五層,
RPOOMLRLLHNFFEH09DC,11,88.54,住家用,鋼筋混凝土造,96年9月18日,十二層,
RPOOMLRLLHNFFEH09DC,11,61.23,共有部份,鋼筋混凝土造,96年9月18日,十二層,
RPPOMLQLLHNFFFH56DC,8,77.22,住家用,鋼筋混凝土造,98年10月16日,十三層,
RPPOMLQLLHNFFFH56DC,8,8.37,住家用,鋼筋混凝土造,98年10月16日,十三層,
RPPOMLQLLHNFFFH56DC,8,16.97,本共有部份之項目有：防空避難室、停車空間、設備空間、公共設施、守衛室及頂蓋型廣場式開放空間等６項。,鋼筋混凝土造,98年10月16日,十五層,
RPPOMLQLLHNFFFH56DC,8,18.80,本共有部分之項目有：梯間、機械室及水箱等３項,鋼筋混凝土造,98年10月16日,十三層,
RPPOMLRLLHNFFHH76CC,44,144.30,見使用執照,加強磚造,63年8月7日,二層,
RPOOMLRLLHNFFHH66CC,36,85.33,住家用,鋼筋混凝土造,70年9月15日,五層,
RPROMLRLLHNFFHH96CC,8,129.07,住家用,鋼筋混凝土造,98年10月5日,十五層,
RPROMLRLLHNFFHH96CC,8,86.07,本共有部分之項目有（附屬管理室、開放空間、公共服務空間、附屬梯間、附屬防空避難室兼停車空間、台電受電室、電信室、蓄水池、附屬停車空間、發電機房、消防泵浦室、污水機房、附屬機房、水箱）等１４項,鋼筋混凝土造,98年10月5日,十五層,
RPQOMLRLLHNFFHH86CC,35,111.02,住家用,加強磚造,71年10月26日,二層,
RPXNMLRLLHNFFAH76CC,37,97.85,住家用,鋼筋混凝土造,69年10月20日,四層,
RPXNMLRLLHNFFAH76CC,37,5.90,共有部份,鋼筋混凝土造,69年10月20日,四層,
RPOOMLSLLHNFFCH88CC,21,192.40,住家用,鋼筋混凝土造,86年7月26日,四層,
RPVNMLRLLHNFFFH07CC,3,67.20,住家用,鋼筋混凝土造,104年6月17日,二十四層,
RPVNMLRLLHNFFFH07CC,3,31.12,共有部分之項目有：機房、水箱、汙水處理機房、消防幫浦室、設備空間、中繼專用機房、機車停車空間、台電配電室、緊急發電機房、電錶室、垃圾處理室、泳池及噴灌機房、排煙室、健身房、門廳、梯廳、游泳池、更衣室、管理員室、樓電梯間、消防水箱、梯間、電梯機房、樓梯間等計２４項。,鋼筋混凝土造,104年6月17日,二十四層,
RPVNMLRLLHNFFFH07CC,3,31.92,共有部分之項目有：車道、防空避難室兼停車空間、供公眾使用停車空間兼停車空間、停車空間等計４項。,鋼筋混凝土造,104年6月17日,二十四層,
RPQOMLRLLHNFFCH98CC,21,102.96,住家用,鋼筋混凝土造,86年6月26日,十五層,
RPQOMLRLLHNFFCH98CC,21,6.52,共有部份,鋼筋混凝土造,86年6月26日,十五層,
RPQOMLRLLHNFFCH98CC,21,1.79,共有部份,鋼筋混凝土造,86年6月26日,十八層,
RPQOMLRLLHNFFCH98CC,21,2.16,共同使用（防空避難室，停車場）,鋼筋混凝土造,86年6月26日,十八層,
RPQOMLRLLHNFFCH98CC,21,.58,共有部份,鋼筋混凝土造,86年6月26日,一層,
RPQOMLRLLHNFFCH98CC,21,.00,共有部份,鋼筋混凝土造,86年1月30日,十八層,
RPQOMLRLLHNFFCH98CC,21,.00,共有部份,鋼筋混凝土造,86年1月30日,一層,
RPQOMLRLLHNFFCH98CC,21,3.47,社區遊憩設施,鋼筋混凝土造,86年6月26日,十五層,
RPQOMLRLLHNFFCH98CC,21,.05,社區遊憩設施,鋼筋混凝土造,86年1月30日,十四層,
RPROMLSLLHNFFDH66CC,27,273.25,農舍,加強磚造,79年12月20日,一層,
RPPOMLRLLHNFFCH88CC,21,105.83,住家用,鋼筋混凝土造,86年6月26日,十二層,
RPPOMLRLLHNFFCH88CC,21,6.96,共有部份,鋼筋混凝土造,86年6月26日,十二層,
RPPOMLRLLHNFFCH88CC,21,1.11,共有部份,鋼筋混凝土造,86年6月26日,十四層,
RPPOMLRLLHNFFCH88CC,21,.97,共同使用（防空避難室，停車場）,鋼筋混凝土造,86年6月26日,十八層,
RPPOMLRLLHNFFCH88CC,21,.05,共有部份,鋼筋混凝土造,86年6月26日,一層,
RPPOMLRLLHNFFCH88CC,21,.00,共有部份,鋼筋混凝土造,86年1月30日,十八層,
RPPOMLRLLHNFFCH88CC,21,.00,共有部份,鋼筋混凝土造,86年1月30日,一層,
RPPOMLRLLHNFFCH88CC,21,3.58,社區遊憩設施,鋼筋混凝土造,86年6月26日,十五層,
RPPOMLRLLHNFFCH88CC,21,.05,社區遊憩設施,鋼筋混凝土造,86年1月30日,十四層,
RPPOMLSLLHNFFGH76CC,14,99.45,住家用,鋼筋混凝土造,93年6月25日,十四層,
RPSNMLTLLHNFFFH07DC,4,106.96,住家用,鋼筋混凝土造,103年1月20日,十五層,
RPTNMLSLLHNFFGH07CC,26,71.02,住商用,鋼筋混凝土造,80年11月5日,三層,
RPSNMLTLLHNFFFH07DC,4,26.39,共有部分之項目計有：防空避難室、停車空間、機械室、台電配電室、頂蓋型廣場式開放空間、公共服務空間、管理委員會空間、樓梯間、機房、水箱等項,鋼筋混凝土造,103年1月20日,十五層,
RPSNMLTLLHNFFFH07DC,4,21.94,共有部分之項目計有：梯廳、排煙室、樓梯間、電梯機房、水箱等項,鋼筋混凝土造,103年1月20日,十五層,
RPWNMLTLLHNFFFH47DC,18,92.00,住家用,鋼筋混凝土造,88年11月25日,十三層,
RPWNMLTLLHNFFFH47DC,18,18.95,共有部份,鋼筋混凝土造,88年11月25日,十三層,
RPWNMLTLLHNFFFH47DC,18,23.45,共有部份,鋼筋混凝土造,88年11月25日,十三層,
RPRNMLTLLHNFFFH96DC,29,116.97,走道，店舖，住宅,鋼筋混凝土造,78年6月1日,三層,
RPQOMLTLLHNFFAH09DC,20,70.92,住家用,鋼筋混凝土造,86年9月3日,十六層,
RPQOMLTLLHNFFAH09DC,20,20.25,共有部份,鋼筋混凝土造,86年9月3日,十六層,
RPTNMLTLLHNFFAH56CC,25,116.23,工業用,鋼筋混凝土造,81年11月18日,七層,
RPTNMLTLLHNFFAH56CC,25,13.49,共有部份,鋼筋混凝土造,81年11月18日,七層,
RPTNMLTLLHNFFAH56CC,25,16.45,共有部份,鋼筋混凝土造,81年11月18日,七層,
RPVPMLTLLHNFFBH07CC,,10686.45,工業用,加強磚造,,一層,
RPPOMLSLLHNFFFH76DC,,77.42,店舖,鋼筋混凝土造,106年11月6日,十二層,
RPUNMLTLLHNFFAH66CC,4,58.42,住家用,鋼筋混凝土造,103年2月25日,十三層,
RPUNMLTLLHNFFAH66CC,4,24.98,本共有部分之項目有：集合住宅（附屬防空避難室兼停車空間、消防泵浦室、污水機房、蓄水池、梯間、停車空間、台電配電場所、電信室、發電機室、電錶區、垃圾儲藏室、開放空間、公共服務空間、機房、水箱）等１５項。,鋼筋混凝土造,103年2月25日,十四層,
RPQPMLKMLHNFFCH48CC,11,119.41,住家用,鋼筋混凝土造,96年6月2日,四層,
RPWNMLKMLHNFFEH56DC,3,69.45,住家用,鋼筋混凝土造,104年6月1日,十層,
RPUOMLKMLHNFFGH56CC,4,68.37,住家用,鋼筋混凝土造,102年12月20日,五層,
RPUOMLKMLHNFFGH56CC,4,34.07,共有部份,鋼筋混凝土造,102年12月20日,五層,
RPXNMLKMLHNFFEH66DC,15,58.00,住家用,鋼筋混凝土造,92年7月28日,十四層,
RPXNMLKMLHNFFEH66DC,15,11.72,共有部份,鋼筋混凝土造,92年7月28日,十四層,
RPXNMLKMLHNFFEH66DC,15,8.47,共有部份,鋼筋混凝土造,92年7月28日,十四層,
RPWNMLLMLHNFFHH96DC,3,291.63,店鋪（一般零售業）、一般事務所,鋼筋混凝土造,104年8月14日,二十三層,
RPUOMLLMLHNFFAH68CC,4,86.15,住家用,鋼筋混凝土造,102年9月25日,十五層,
RPUOMLLMLHNFFAH68CC,4,66.15,本共有部分之項目有：防空避難室兼停車空間、消防幫浦室、污，雨水機房、蓄水池、梯間、發電機房、停車空間、電信室、台電配電場所、公共服務空間、管理員室、垃圾處理室、社區中心、水箱及機房等１５項。,鋼筋混凝土造,102年9月25日,十五層,
RPUNMLLMLHNFFEH98CC,16,143.44,辦公室,鋼筋混凝土造,91年3月20日,八層,
RPUNMLLMLHNFFEH98CC,16,139.39,辦公室,鋼筋混凝土造,91年3月20日,八層,
RPUNMLLMLHNFFEH98CC,16,67.03,辦公室,鋼筋混凝土造,91年3月20日,八層,
RPUNMLLMLHNFFEH98CC,16,60.78,辦公室,鋼筋混凝土造,91年3月20日,八層,
RPVNMLKMLHNFFGH66DC,31,350.95,住商用,加強磚造,75年12月17日,二層,
RPROMLLMLHNFFEH78CC,19,143.43,商業用,鋼筋混凝土造,88年9月7日,九層,
RPQQMLMJMHNFFAH38CC,50,97.48,住商用,加強磚造,57年1月15日,二層,
RPUQMLMJMHNFFBH98DC,19,94.47,店舖、儲藏室,鋼筋混凝土造,88年9月14日,十五層,
RPRPMLMJMHNFFAH38CC,23,58.01,住家用,鋼筋混凝土造,83年10月26日,十六層,
RPRPMLMJMHNFFAH38CC,23,.33,共有部份,鋼筋混凝土造,83年10月26日,十六層,
RPRPMLMJMHNFFAH38CC,23,9.09,共有部份,鋼筋混凝土造,83年10月26日,十六層,
RPRPMLMJMHNFFAH38CC,23,2.84,共有部份,鋼筋混凝土造,83年10月26日,十六層,
RPUOMLMJMHNFFBH68CC,42,76.47,住家用,加強磚造,65年6月22日,三層,
RPQQMLMJMHNFFBH58DC,10,88.74,商業用,鋼筋混凝土造,97年4月6日,二十二層,
RPROMLNJMHNFFFH88CC,43,132.48,住商用,加強磚造,64年6月11日,二層,
RPWOMLNJMHNFFCH09CC,21,126.74,住家用,鋼筋混凝土造,86年6月26日,十四層,
RPWOMLNJMHNFFCH09CC,21,6.55,共有部份,鋼筋混凝土造,86年6月26日,十四層,
RPWOMLNJMHNFFCH09CC,21,1.33,共有部份,鋼筋混凝土造,86年6月26日,十四層,
RPWOMLNJMHNFFCH09CC,21,37.79,共同使用（防空避難室，停車場）,鋼筋混凝土造,86年6月26日,十八層,
RPWOMLNJMHNFFCH09CC,21,.06,共有部份,鋼筋混凝土造,86年6月26日,一層,
RPWOMLNJMHNFFCH09CC,21,.00,共有部份,鋼筋混凝土造,86年1月30日,十八層,
RPWOMLNJMHNFFCH09CC,21,.00,共有部份,鋼筋混凝土造,86年1月30日,一層,
RPWOMLNJMHNFFCH09CC,21,4.33,社區遊憩設施,鋼筋混凝土造,86年6月26日,十五層,
RPWOMLNJMHNFFCH09CC,21,.05,社區遊憩設施,鋼筋混凝土造,86年1月30日,十四層,
RPSSMLNJMHNFFBH09DC,32,242.61,住宅、防空避難室,鋼筋混凝土造,74年12月21日,三層,
RPPNMLNJMHNFFHH78CC,1,56.52,住家用,鋼筋混凝土造,106年8月16日,五層,
RPPNMLNJMHNFFHH78CC,1,49.42,本共有部分之項目有：集合住宅（附屬停車空間、梯間、水箱）。,鋼筋混凝土造,106年8月16日,五層,
RPPPMLNJMHNFFBH38CC,26,103.19,住家用,鋼筋混凝土造,81年4月13日,九層,
RPRNMLOJMHNFFEH78CC,2,496.20,廠房,鋼骨造、鋼筋混凝土造,105年4月18日,一層,
RPRNMLOJMHNFFEH78CC,2,529.40,廠房（附屬員工休息室、員工宿舍、機電室、樓梯間）,鋼骨造、鋼筋混凝土造,105年4月18日,四層,
RPXNMLOJMHNFFAH98CC,21,24.88,住家用,鋼筋混凝土造,86年9月1日,十七層,
RPXNMLOJMHNFFAH98CC,21,1.97,共有部份,鋼筋混凝土造,86年9月1日,十七層,
RPXNMLOJMHNFFAH98CC,21,4.59,共有部份,鋼筋混凝土造,86年9月1日,十七層,
RPXNMLOJMHNFFAH98CC,21,24.88,住家用,鋼筋混凝土造,86年9月1日,十七層,
RPQNMLOJMHNFFAH28CC,22,55.97,住家用,鋼筋混凝土造,84年12月15日,十七層,
RPQNMLOJMHNFFAH28CC,22,7.18,共有部份,鋼筋混凝土造,84年12月15日,十八層,
RPVNMLOJMHNFFAH78CC,25,110.73,住家用,鋼筋混凝土造,82年8月11日,十六層,
RPVNMLOJMHNFFAH78CC,25,63.71,共有部份,鋼筋混凝土造,82年8月11日,十六層,
RPPNMLRJMHNFFEH88CC,1,149.96,住家用,鋼筋混凝土造,106年8月15日,二十二層,
RPWNMLOJMHNFFBH98CC,31,154.12,宿舍、廠房、辦公室,加強磚造,75年10月16日,二層,
RPUNMLOJMHNFFBH78CC,6,1876.70,廠房、廠房（附屬電機室、附屬員工宿舍）,鋼筋混凝土造、鋼骨造,101年4月30日,二層,
RPUNMLOJMHNFFBH78CC,6,13.34,廠房（附屬守衛室）,鋼筋混凝土造、鋼骨造,101年4月30日,二層,
RPPNMLSJMHNFFFH09CC,24,89.11,住家用,鋼筋混凝土造,83年5月17日,九層,
RPPNMLSJMHNFFFH09CC,24,13.56,共有部份,鋼筋混凝土造,83年5月17日,九層,
RPPNMLSJMHNFFEH98CC,13,96.03,住家用,鋼筋混凝土造,94年3月1日,十層,
RPXNMLOJMHNFFBH09CC,7,4430.66,工廠、工廠（附屬會議室、倉庫、員工休息室、員工餐廳、設備間、樓梯間、電梯機房、水箱）,鋼骨造,100年1月17日,四層,
RPXNMLOJMHNFFBH09CC,7,29.26,工廠（附屬警衛室）,鋼骨造,100年1月17日,一層,
RPQNMLTJMHNFFHH86CC,11,40.25,集合住宅、機械室,鋼筋混凝土造,95年12月26日,六層,
RPRNMLTJMHNFFHH96CC,32,128.83,住家用,鋼筋混凝土造,75年4月4日,三層,
RPQNMLTJMHNFFHH86CC,11,4.67,共有部份,鋼筋混凝土造,95年12月26日,六層,
RPQNMLTJMHNFFHH86CC,11,9.38,共有部份,鋼筋混凝土造,95年12月26日,六層,
RPQNMLTJMHNFFGH76CC,39,29.47,住家用,磚造,68年5月24日,一層,
RPVNMLTJMHNFFHH37CC,91,141.82,住家用,加強磚造,16年1月1日,二層,
RPVNMLTJMHNFFHH37CC,91,16.80,住家用,加強磚造,16年1月1日,二層,
RPSNMLTJMHNFFHH07CC,19,26.96,住家用,鋼筋混凝土造,88年1月6日,十層,
RPSNMLTJMHNFFHH07CC,19,8.95,共有部份,鋼筋混凝土造,88年2月6日,十層,
RPXNMLTJMHNFFBH96CC,25,95.77,辦公室,鋼筋混凝土造,82年7月22日,十五層,
RPXNMLTJMHNFFBH96CC,25,19.12,共有部份,鋼筋混凝土造,82年7月22日,十五層,
RPSOMLTJMHNFFBH56CC,24,23.83,住家用,鋼筋混凝土造,83年3月12日,七層,
RPTNMLKKMHNFFBH38CC,27,31.59,住家用,鋼筋混凝土造,80年6月7日,四層,
RPROMLTJMHNFFBH09CC,23,113.97,住家用,鋼筋混凝土造,84年6月9日,七層,
RPROMLTJMHNFFBH09CC,23,29.17,共有部份,鋼筋混凝土造,84年6月9日,七層,
RPUNMLKKMHNFFBH48CC,34,76.70,住家用,鋼筋混凝土造,72年12月7日,五層,
RPUNMLKKMHNFFBH48CC,34,7.18,共有部份,鋼筋混凝土造,72年12月7日,五層,
RPXNMLKKMHNFFBH78CC,24,89.60,住家用,鋼筋混凝土造,83年8月18日,十四層,
RPXNMLKKMHNFFBH78CC,24,7.21,共有部份,鋼筋混凝土造,83年8月18日,十四層,
RPXNMLKKMHNFFBH78CC,24,7.13,共有部份,鋼筋混凝土造,83年8月18日,十四層,
RPXNMLKKMHNFFBH78CC,24,18.69,共有部份,鋼筋混凝土造,83年8月18日,十四層,
RPVNMLKKMHNFFBH58CC,2,64.57,工業社區（社區住宅）,鋼筋混凝土造,104年12月22日,五層,
RPVNMLKKMHNFFBH58CC,2,17.04,本共有部分之項目有：樓梯間等共一項,鋼筋混凝土造,104年12月22日,五層,
RPVNMLKKMHNFFBH58CC,2,3.18,本共有部分之項目有：停車空間、無障礙停車空間等共二項,鋼筋混凝土造,104年12月22日,五層,
RPXQMLTJMHNFFAH17CC,25,62.59,住家用,鋼筋混凝土造,82年8月2日,七層,
RPXQMLTJMHNFFAH17CC,25,13.92,共有部份,鋼筋混凝土造,82年8月2日,七層,
RPPOMLKKMHNFFBH08CC,4,221.88,住宅、住宅（附屬停車空間）,鋼筋混凝土造,103年7月11日,四層,
RPOOMLKKMHNFFBH97CC,1,65.62,工業社區（社區住宅）,鋼筋混凝土造,105年10月12日,五層,
RPOOMLKKMHNFFBH97CC,1,14.27,本共有部分之項目有：機電設備空間、樓梯間、水箱、機械室及附屬停車空間等五項,鋼筋混凝土造,105年10月12日,五層,
RPOOMLKKMHNFFBH97CC,3,2.99,本共有部份項目有：停車空間、機械房、電梯等三項。,鋼筋混凝土造,104年6月10日,五層,
RPOPMLKKMHNFFAH97CC,48,1885.35,工業用,加強磚造,59年6月2日,二層,
RPTOMLKKMHNFFAH38CC,24,85.97,住家用,鋼筋混凝土造,83年7月13日,十七層,
RPPPMLKKMHNFFAH08CC,48,1907.35,工業用,加強磚造,59年6月2日,二層,
RPPPMLKKMHNFFAH08CC,17,3170.40,見使用執照,鋼骨造,90年7月31日,二層,
RPVNMLKKMHNFFGH09CC,25,79.60,住家用,鋼筋混凝土造,82年3月8日,七層,
RPVNMLKKMHNFFGH09CC,25,15.75,共有部份,鋼筋混凝土造,82年3月8日,七層,
RPXOMLKKMHNFFBH98DC,5,67.37,集合住宅,鋼筋混凝土造,102年8月28日,十二層,
RPPNMLKKMHNFFHH58CC,25,98.86,住家用,鋼筋混凝土造,82年7月30日,六層,
RPXOMLKKMHNFFBH98DC,5,57.65,本共有部分之項目有：消防泵浦室、發電機房、電信室、台電配電場所、防空避難室兼停車空間、梯間、停車空間、車道、公共服務空間、垃圾處理室、蓄水池、污水及雨水機房、受電箱、門廳等共十四項,鋼筋混凝土造,102年8月28日,十二層,
RPPNMLKKMHNFFHH58CC,25,22.18,共有部份,鋼筋混凝土造,82年7月30日,六層,
RPXOMLKKMHNFFBH98DC,5,13.54,本共有部分之項目有：水箱、機房、梯間、機電空間等共四項,鋼筋混凝土造,102年8月28日,十二層,
RPVOMLKKMHNFFBH78DC,5,94.17,集合住宅,鋼筋混凝土造,102年8月28日,十二層,
RPPNMLLKMHNFFFH48CC,44,82.50,住家用,加強磚造,63年3月1日,一層,
RPVOMLKKMHNFFBH78DC,5,66.20,本共有部分之項目有：消防泵浦室、發電機房、電信室、台電配電場所、防空避難室兼停車空間、梯間、停車空間、車道、公共服務空間、垃圾處理室、蓄水池、污水及雨水機房、受電箱、門廳等共十四項,鋼筋混凝土造,102年8月28日,十二層,
RPVOMLKKMHNFFBH78DC,5,16.70,本共有部分之項目有：水箱、機房、梯間、機電空間等共四項,鋼筋混凝土造,102年8月28日,十二層,
RPXNMLLKMHNFFBH98DC,4,27.13,一般事務所、一般服務業、保險分支機構、運動休閒設施、運動休閒設施（附屬樓梯間）,鋼筋混凝土造,102年12月13日,四層,
RPQNMLLKMHNFFGH68CC,4,63.12,住家用,鋼筋混凝土造,103年7月28日,十五層,
RPRNMLLKMHNFFHH98DC,34,70.38,住家用,鋼筋混凝土造,73年3月20日,五層,
RPXNMLLKMHNFFEH66DC,4,92.88,住家用,鋼筋混凝土造,103年3月12日,十二層,
RPXNMLLKMHNFFEH66DC,4,42.74,共有部份,鋼筋混凝土造,103年3月12日,十二層,
RPOOMLLKMHNFFAH97CC,27,112.06,住家用,鋼筋混凝土造,80年7月8日,五層,
RPPNMLLKMHNFFBH08CC,13,181.92,住家用,鋼筋混凝土造,94年7月21日,三層,
RPOOMLLKMHNFFAH97CC,27,.99,共有部份,鋼筋混凝土造,80年7月8日,五層,
RPTNMLLKMHNFFFH98DC,40,142.00,住家用,加強磚造,67年6月8日,二層,
RPSNMLLKMHNFFBH38CC,11,233.66,店舖、住宅、停車空間、樓梯間,鋼筋混凝土造,95年11月15日,四層,
RPSNMLLKMHNFFBH38CC,11,.13,共有部份,鋼筋混凝土造,95年11月15日,一層,
RPTNMLLKMHNFFBH48CC,30,21.10,住家用,鋼筋混凝土造,77年6月16日,五層,
RPVNMLLKMHNFFBH68CC,30,79.63,住家用,鋼筋混凝土造,77年2月3日,五層,
RPUNMLLKMHNFFBH58CC,23,67.58,住家用,鋼筋混凝土造,83年12月12日,七層,
RPUNMLLKMHNFFBH58CC,23,15.12,共有部份,鋼筋混凝土造,83年12月12日,七層,
RPUNMLLKMHNFFBH58CC,23,8.80,共有部份,鋼筋混凝土造,83年12月12日,七層,
RPWNMLLKMHNFFBH78CC,33,96.18,住家用,鋼筋混凝土造,74年3月21日,五層,
RPOOMLLKMHNFFBH08CC,24,77.86,住家用,鋼筋混凝土造,83年5月24日,十二層,
RPOOMLLKMHNFFBH08CC,24,11.54,共有部份,鋼筋混凝土造,83年5月24日,十二層,
RPSOMLLKMHNFFBH48CC,5,92.63,集合住宅,鋼筋混凝土造,102年5月25日,十五層,
RPSOMLLKMHNFFBH48CC,5,72.14,本共有部分項目為：停車空間、防空避難室、梯間、蓄水池、消防泵浦室、污水機房、發電機室、台電配電場所、電信室、水景機房、公共服務空間、開放空間、垃圾儲藏室、管理室、機房、水箱、門廊等共１７項。,鋼筋混凝土造,102年5月25日,十五層,
RPVOMLMKMHNFFBH88CC,40,58.71,住商用,鋼筋混凝土造,67年6月27日,四層,
RPTPMLMKMHNFFAH68CC,26,138.62,辦公室,鋼筋混凝土造,81年1月31日,十六層,
RPTPMLMKMHNFFAH68CC,26,27.93,共有部份,鋼筋混凝土造,81年1月31日,十六層,
RPTPMLMKMHNFFAH68CC,26,57.10,共有部份,鋼筋混凝土造,81年1月31日,十六層,
RPTNMLMKMHNFFEH88CC,23,76.29,辦公室,鋼筋混凝土造,84年1月25日,九層,
RPTNMLMKMHNFFEH88CC,23,51.68,自用空調機房,鋼筋混凝土造,84年1月25日,九層,
RPPNMLMKMHNFFGH68CC,12,56.19,住家用,鋼筋混凝土造,94年10月6日,十二層,
RPPNMLMKMHNFFGH68CC,12,2.95,共有部份,鋼筋混凝土造,94年10月6日,十三層,
RPPNMLMKMHNFFGH68CC,12,9.16,共有部份,鋼筋混凝土造,94年10月6日,十二層,
RPRNMLMKMHNFFDH58CC,2,90.70,住家用,鋼筋混凝土造,105年8月11日,十四層,
RPRNMLMKMHNFFDH58CC,2,67.07,本共有部分之項目有集合住宅（附屬防空避難室兼停車空間，消防泵浦室，梯間，附屬雨十機房，污水機房，發電機室，蓄水池，附屬停車空間，台電配電場所，電信室，附屬垃圾冷藏空間，水循環設備，附屬公共服務空間，管委會空間，車道，附屬梯間，附屬機械室，水箱等共１９項。,鋼筋混凝土造,105年8月11日,十四層,
RPSOMLMKMHNFFBH58CC,18,53.10,住家用,鋼筋混凝土造,88年11月10日,九層,
RPSOMLMKMHNFFBH58CC,18,35.93,共有部份,鋼筋混凝土造,88年11月10日,九層,
RPSOMLMKMHNFFBH58CC,18,6.21,共有部份,鋼筋混凝土造,88年11月10日,九層,
RPRPMLMKMHNFFAH48CC,26,112.77,辦公室,鋼筋混凝土造,81年1月31日,十六層,
RPRPMLMKMHNFFAH48CC,26,25.39,共有部份,鋼筋混凝土造,81年1月31日,十六層,
RPRPMLMKMHNFFAH48CC,26,52.16,共有部份,鋼筋混凝土造,81年1月31日,十六層,
RPQNMLNKMHNFFDH68DC,23,83.25,住家用,鋼筋混凝土造,84年1月26日,八層,
RPQNMLNKMHNFFDH68DC,23,18.44,見其他登記事項,鋼筋混凝土造,84年1月26日,八層,
RPQNMLNKMHNFFDH68DC,23,4.19,梯間、穿廊、騎樓,鋼筋混凝土造,84年1月26日,八層,
RPQNMLNKMHNFFDH68DC,23,14.02,見其他登記事項,鋼筋混凝土造,84年1月26日,八層,
RPWNMLNKMHNFFFH76CC,20,86.75,住家用,鋼筋混凝土造,87年7月8日,五層,
RPWNMLNKMHNFFFH76CC,20,8.63,共有部份,鋼筋混凝土造,87年7月8日,五層,
RPQNMLNKMHNFFCH48CC,22,255.21,農舍,鋼筋混凝土造,85年8月16日,三層,
RPWNMLMKMHNFFGH76CC,12,55.03,住家用,鋼筋混凝土造,95年7月16日,十三層,
RPWNMLMKMHNFFGH76CC,12,10.79,共有部份,鋼筋混凝土造,95年7月16日,十三層,
RPWNMLMKMHNFFGH76CC,12,11.40,共有部份,鋼筋混凝土造,95年7月16日,十三層,
RPPNMLNKMHNFFEH58CC,13,391.12,工廠,鋼骨造,93年12月2日,二層,
RPPNMLNKMHNFFEH58CC,13,266.50,工廠,鋼骨造,93年12月2日,一層,
RPRNMLOKMHNFFBH58CC,7,29.95,本共有部分之項目：管委會使用空間、陽台、基地內通路、車道、停車空間、台電受電室、樓梯間、排風室、發電機室、水箱、防空避難室兼停車空間、排風管道、電信室、消防機房等十四項。,鋼筋混凝土造,100年6月28日,十五層,
RPRNMLOKMHNFFBH58CC,7,49.91,集合住宅,鋼筋混凝土造,100年6月28日,十五層,
RPRNMLOKMHNFFBH58CC,7,8.53,本共有部分之項目：樓梯間、機械室、水箱等三項。,鋼筋混凝土造,100年6月28日,十五層,
RPRNMLNKMHNFFBH48CC,23,92.94,住家用,鋼筋混凝土造,84年8月14日,九層,
RPRNMLNKMHNFFBH48CC,23,3.61,共有部份,鋼筋混凝土造,84年8月14日,九層,
RPQNMLQKMHNFFFH09CC,,64.37,集合住宅,鋼筋混凝土造,106年11月6日,十二層,
RPRNMLNKMHNFFBH48CC,23,22.31,共有部份,鋼筋混凝土造,84年8月14日,九層,
RPQNMLQKMHNFFFH09CC,,54.06,本建物共有部分項目：附屬管委會使用空間、公共服務空間、車道、梯間、管理室、機械室、水箱、停車空間、台電配電場所、蓄水池、電信室、水景機房、垃圾冷藏處理室、防空避難室兼停車空間、消防泵浦室、汙水回收機房、雨水回收及滯洪機房、發電機房等１８項。,鋼筋混凝土造,106年11月6日,十三層,
RPPNMLOKMHNFFHH98CC,10,75.08,商業用,鋼筋混凝土造,97年1月10日,七層,
RPPNMLOKMHNFFHH98CC,10,14.28,共有部份,鋼筋混凝土造,97年1月10日,七層,
RPPNMLOKMHNFFHH98CC,10,16.72,共有部份,鋼筋混凝土造,97年1月10日,九層,
RPXPMLNKMHNFFBH66CC,3,118.04,集合住宅,鋼筋混凝土造,104年3月12日,二十層,
RPXPMLNKMHNFFBH66CC,3,55.54,本共有部分之項目有：管委會使用空間、梯廳、排煙室、樓梯間、電梯間、中繼機房、機械室、污水處理室、消防幫浦室、水箱、防空避難室兼停車空間、停車空間、進風管道間、排風管道間、電信室、發電機室、防災中心、垃圾冷藏室、電錶室、台電配電室等共二十項。,鋼筋混凝土造,104年3月12日,二十層,
RPRNMLQKMHNFFGH76DC,25,106.84,住家用,鋼筋混凝土造,81年12月18日,五層,
RPQNMLQKMHNFFGH66DC,23,103.47,住家用,鋼筋混凝土造,84年4月21日,十六層,
RPRNMLQKMHNFFBH88DC,3,120.52,農舍,鋼骨造,103年12月25日,二層,
RPROMLQKMHNFFBH88CC,14,45.83,住家用,鋼筋混凝土造,93年7月1日,九層,
RPROMLQKMHNFFBH88CC,14,14.48,共有部份,鋼筋混凝土造,93年7月1日,九層,
RPROMLQKMHNFFBH88CC,14,8.80,共有部份,鋼筋混凝土造,93年7月1日,九層,
RPSOMLQKMHNFFBH98CC,2,64.06,集合住宅,鋼筋混凝土造,105年8月24日,十五層,
RPSOMLQKMHNFFBH98CC,2,15.53,本共有部分之項目有：梯間、水箱、機械室、梯廳兼排煙室、排煙室、梯廳等共六項,鋼筋混凝土造,105年8月24日,十五層,
RPSOMLQKMHNFFBH98CC,2,15.03,本共有部分之項目有：停車空間兼用防空避難室、水箱、梯間、消防泵浦室、汙水雨水機房、停車空間、發電機室、台電配電室、電信室、垃圾冷藏室、管委會使用空間、車道、公共服務空間、排煙室等共十四項,鋼筋混凝土造,105年8月24日,十五層,
RPRNMLQKMHNFFDH98CC,1,63.87,集合住宅,鋼筋混凝土造,106年8月2日,十五層,
RPRNMLQKMHNFFDH98CC,1,61.70,本共有部分之項目有附屬管理室、防空避難室兼停車空間、蓄水池、消防泵浦室、污水處理設備、發電機房、梯間、台電配電場所、水循環設備、電信室、垃圾處理空間、公共服務空間、門廊、水箱、機房、雨水機房等１７項,鋼筋混凝土造,106年8月2日,十五層,
RPPNMLRKMHNFFAH58CC,23,59.33,住家用,鋼筋混凝土造,84年9月2日,八層,
RPPNMLRKMHNFFAH58CC,23,6.77,共有部份,鋼筋混凝土造,84年9月2日,八層,
RPPNMLRKMHNFFEH98CC,19,96.29,商業用,鋼筋混凝土造,88年9月7日,九層,
RPRNMLRKMHNFFAH78CC,45,126.36,住商用,加強磚造,62年4月30日,二層,
RPPNMLRKMHNFFBH68CC,37,21.65,住家用,鋼筋混凝土造,69年12月11日,五層,
RPQNMLRKMHNFFBH78CC,27,105.65,住家用,鋼筋混凝土造,79年12月1日,五層,
RPQNMLRKMHNFFBH78CC,27,9.19,共有部份,鋼筋混凝土造,79年12月1日,五層,
RPSNMLRKMHNFFAH98DC,1,22.29,店舖、住宅（附屬停車空間）、樓梯間、機械室,鋼筋混凝土造,105年11月16日,四層,
RPQPMLRKMHNFFBH09DC,44,133.32,市場、貯藏室,加強磚造,63年7月14日,二層,
RPPNMLRKMHNFFGH66DC,4,119.50,住家用,鋼筋混凝土造,103年6月3日,十三層,
RPQNMLRKMHNFFHH76CC,3,78.27,住家用,鋼筋混凝土造,104年7月9日,二十一層,
RPQNMLRKMHNFFHH76CC,3,25.62,建物共有部分項目：電樓梯間、集合住宅（附屬公共服務空間、管委會空間）、集合住宅（附屬中繼機房）、集合住宅（附屬梯廳）、集合住宅（附屬電梯機房、排煙機房）、集合住宅（附屬屋頂水箱）等８項,鋼筋混凝土造,104年7月9日,二十一層,
RPQNMLRKMHNFFHH76CC,3,7.82,建物共有部分項目：集合住宅（附屬停車空間）等,鋼筋混凝土造,104年7月9日,二十一層,
RPQNMLRKMHNFFHH76CC,3,31.52,建物共有部分項目：停車空間、車道等２項,鋼筋混凝土造,104年7月9日,二十一層,
RPQNMLRKMHNFFAH78DC,1,22.29,店舖、住宅（附屬停車空間）、樓梯間、機械室,鋼筋混凝土造,105年11月16日,四層,
RPXNMLSKMHNFFFH37CC,40,10.92,住商用,加強磚造,67年4月18日,三層,
RPQOMLSKMHNFFFH76CC,2,172.56,店舖、住宅、住宅（附屬停車空間）,鋼筋混凝土造,105年3月22日,四層,
RPQOMLSKMHNFFAH98DC,23,126.93,住家用,鋼筋混凝土造,84年6月27日,七層,
RPQOMLSKMHNFFAH98DC,23,144.44,自用儲藏室﹐店舖,鋼筋混凝土造,84年6月27日,七層,
RPVOMLSKMHNFFDH17DC,13,83.94,住家用,鋼筋混凝土造,93年12月28日,九層,
RPWOMLSKMHNFFDH27DC,13,83.94,住家用,鋼筋混凝土造,93年12月28日,九層,
RPVNMLSKMHNFFGH27CC,34,126.56,住家用,加強磚造,73年9月1日,二層,
RPPOMLSKMHNFFBH88CC,1,41.40,店舖,鋼筋混凝土造,106年6月5日,十五層,
RPPOMLSKMHNFFBH88CC,1,19.75,本共有部分之項目有：停車空間、防空避難室兼停車空間、供管委會使用空間、樓梯間、排煙室、水箱、機房、排風機房、蓄水池、消防機房、污水機房、車道、台電配電室、水池機房、電錶區、發電機室、電信機房、垃圾暫存區、梯廳及消防水箱等二十項。,鋼筋混凝土造,106年6月5日,十五層,
RPWNMLSKMHNFFAH76CC,14,74.62,商業用,鋼筋混凝土造,92年10月30日,四層,
RPWNMLSKMHNFFAH76CC,14,117.68,共有部份,鋼筋混凝土造,92年10月30日,四層,
RPPOMLSKMHNFFFH76DC,24,99.29,住家用,鋼筋混凝土造,83年8月26日,七層,
RPPOMLSKMHNFFFH76DC,24,9.16,共有部份,鋼筋混凝土造,83年8月26日,七層,
RPPOMLSKMHNFFFH76DC,24,16.39,共有部份,鋼筋混凝土造,83年8月26日,七層,
RPTNMLSKMHNFFBH56CC,11,65.76,店舖、停車空間,鋼筋混凝土造,96年4月24日,四層,
RPTNMLSKMHNFFBH56CC,11,16.74,共有部份,鋼筋混凝土造,96年4月24日,四層,
RPRNMLTKMHNFFEH76CC,12,118.38,店舖、飲食店,鋼筋混凝土造,95年7月1日,二十九層,
RPXOMLTKMHNFFEH47CC,16,159.70,住家用,鋼筋混凝土造,91年5月23日,十七層,
RPRNMLTKMHNFFBH09CC,19,51.51,集合住宅,鋼筋混凝土造,88年6月1日,十層,
RPRNMLTKMHNFFBH09CC,19,8.37,樓梯間、電梯間,鋼筋混凝土造,88年6月1日,十層,
RPRNMLTKMHNFFBH09CC,19,11.28,停車空間、防空避難室,鋼筋混凝土造,88年6月1日,十層,
RPTNMLTKMHNFFDH86CC,,621.75,作業廠房、作業廠房（附屬辦公室）,鋼筋混凝土造,107年2月27日,四層,
RPTNMLTKMHNFFDH86CC,,173.28,共有部分：防空避難室兼停車空間、作業廠房（附屬管委會使用空間）,鋼筋混凝土造,107年2月27日,十層,
RPTNMLTKMHNFFBH66CC,44,99.40,住家用,加強磚造,63年5月27日,二層,
RPWNMLTKMHNFFEH37DC,20,139.37,店舖、住宅、人行走道、樓梯間,鋼筋混凝土造,87年4月21日,二層,
RPVNMLTKMHNFFBH86CC,24,61.24,住家用,鋼筋混凝土造,83年6月7日,十五層,
RPVNMLTKMHNFFBH86CC,24,12.77,共有部份,鋼筋混凝土造,83年6月7日,十五層,
RPVNMLTKMHNFFBH86CC,24,4.64,共有部份,鋼筋混凝土造,83年6月7日,十五層,
RPVNMLTKMHNFFBH86CC,24,40.69,共有部份,鋼筋混凝土造,83年6月7日,十五層,
RPQNMLTKMHNFFGH86CC,38,101.98,住家用,加強磚造,69年1月24日,二層,
RPQNMLTKMHNFFFH76CC,23,96.07,住家用,鋼筋混凝土造,84年4月18日,十六層,
RPQNMLTKMHNFFFH76CC,23,2.39,共有部份,鋼筋混凝土造,84年4月18日,十六層,
RPQNMLTKMHNFFFH76CC,23,12.63,共有部份,鋼筋混凝土造,84年4月18日,十六層,
RPQOMLTKMHNFFHH07CC,45,407.83,工業用,加強磚造,62年6月1日,一層,
RPQOMLTKMHNFFHH07CC,36,326.26,廠房﹐辦公室,鋼筋混凝土造,70年12月5日,二層,
RPUNMLTKMHNFFHH37CC,1,58.38,住家用,鋼筋混凝土造,106年7月27日,十四層,
RPUNMLTKMHNFFHH37CC,1,42.38,本建物共有部分項目：集合住宅（附屬停車空間，防空避難室兼停車空間，樓梯間，水箱，機房）。,鋼筋混凝土造,106年7月27日,十四層,
RPWNMLKLMHNFFFH56CC,10,75.60,住家用,鋼筋混凝土造,96年11月27日,十層,
RPWNMLKLMHNFFFH56CC,10,16.62,共有部份,鋼筋混凝土造,96年11月27日,十層,
RPWNMLKLMHNFFFH56CC,10,12.27,共有部份,鋼筋混凝土造,96年11月27日,十層,
RPPNMLKLMHNFFGH58CC,24,90.08,住家用,鋼筋混凝土造,83年5月20日,七層,
RPPNMLKLMHNFFGH58CC,24,9.08,共有部份,鋼筋混凝土造,83年5月20日,七層,
RPUNMLKLMHNFFDH98EC,24,70.51,住家用,鋼筋混凝土造,83年6月25日,十三層,
RPUNMLKLMHNFFDH98EC,24,12.39,共有部份,鋼筋混凝土造,83年6月25日,十三層,
RPUNMLKLMHNFFDH98EC,24,11.87,共有部份,鋼筋混凝土造,83年6月25日,十三層,
RPUPMLKLMHNFFBH78CC,17,115.98,住家用,鋼鐵架,90年7月17日,二層,
RPTNMLKLMHNFFAH38CC,12,109.31,住家用,鋼筋混凝土造,95年8月10日,十三層,
RPTNMLKLMHNFFAH38CC,12,86.32,共有部份,鋼筋混凝土造,95年8月10日,十三層,
RPTNMLKLMHNFFAH38CC,12,18.02,共有部份,鋼筋混凝土造,95年8月10日,十三層,
RPROMLNLMHNFFBH78DC,24,776.40,工業用,鋼筋混凝土造,83年9月26日,八層,
RPPOMLNLMHNFFFH88CC,22,192.48,住宅，停車空間,鋼筋混凝土造,84年10月28日,四層,
RPVQMLNLMHNFFAH56CC,11,168.22,補習班,鋼筋混凝土造,95年10月20日,四層,
RPVQMLNLMHNFFAH56CC,11,17.74,共有部份,鋼筋混凝土造,95年10月20日,四層,
RPTNMLNLMHNFFDH98CC,1,63.87,集合住宅,鋼筋混凝土造,106年8月2日,十五層,
RPTNMLNLMHNFFDH98CC,1,61.70,本共有部分之項目有附屬管理室、防空避難室兼停車空間、蓄水池、消防泵浦室、污水處理設備、發電機房、梯間、台電配電場所、水循環設備、電信室、垃圾處理空間、公共服務空間、門廊、水箱、機房、雨水機房等１７項,鋼筋混凝土造,106年8月2日,十五層,
RPROMLNLMHNFFEH98CC,14,219.62,車庫、住宅,鋼筋混凝土造,93年2月5日,五層,
RPUNMLNLMHNFFEH56CC,37,230.00,住商用,加強磚造,70年6月20日,三層,
RPSOMLNLMHNFFEH09CC,4,155.23,住家用,鋼筋混凝土造,103年3月24日,十三層,
RPOOMLOLMHNFFBH48CC,39,23.40,住家用,加強磚造,68年9月7日,二層,
RPPNMLNLMHNFFBH38CC,12,76.22,停車空間、店舖、住宅、樓梯間,鋼筋混凝土造,95年9月12日,四層,
RPVNMLOLMHNFFBH09CC,29,98.48,住家用,鋼筋混凝土造,78年4月25日,五層,
RPVNMLOLMHNFFBH09CC,29,23.71,共有部份,鋼筋混凝土造,78年4月25日,五層,
RPVNMLOLMHNFFBH09CC,29,6.83,共有部份,鋼筋混凝土造,78年4月25日,五層,
RPSNMLNLMHNFFEH98CC,5,11584.07,作業廠房（附屬停車空間）、作業廠房、作業廠房（附屬辦公室）、（附屬機械房）、（附屬樓梯間）,鋼筋混凝土造,101年12月20日,五層,
RPRNMLNLMHNFFBH58CC,41,99.98,住家用,鋼筋混凝土造,66年6月1日,四層,
RPWOMLOLMHNFFBH66CC,5,114.02,集合住宅,鋼筋混凝土造,102年6月5日,十五層,
RPWOMLOLMHNFFBH66CC,5,85.02,本共有部份項目為：停車空間、防空避難室、水箱、消防機房、梯間、公同門廳（一）、公共服務空間（一）藝術穿廊、公共服務空間（二）健身房及交誼廳、公共服務空間（三）才藝教室、公同門廳（二）、管理員室、垃圾集中室、汽機車坡道、緊急發電機室、台電配電場所、電信室、水景機房、消房幫浦室、蓄水池、機械室等共２０項。,鋼筋混凝土造,102年6月5日,十五層,
RPOPMLOLMHNFFBH58CC,,66.12,住家用,加強磚造,,二層,
RPPQMLOLMHNFFAH68CC,26,128.81,辦公室,鋼骨造,81年3月23日,二十二層,
RPWNMLOLMHNFFFH96CC,5,85.90,住家用,鋼筋混凝土造,102年8月23日,十三層,
RPVNMLOLMHNFFHH07CC,36,29.20,住家用,鋼筋混凝土造,70年12月31日,十二層,
RPWNMLOLMHNFFFH96CC,5,77.75,共有部分之項目有：防空避難室兼停車空間、停車空間、管理員室、公共服務空間、頂蓋型開放空間、梯間、機械室、水箱等計八項,鋼筋混凝土造,102年8月23日,十三層,
RPVNMLOLMHNFFHH07CC,36,4.96,共有部份,鋼筋混凝土造,70年12月31日,十二層,
RPUNMLOLMHNFFFH76CC,22,78.27,國民住宅,鋼筋混凝土造,85年8月3日,十七層,
RPUNMLOLMHNFFFH76CC,22,15.48,共有部份,鋼筋混凝土造,85年8月3日,十七層,
RPUNMLOLMHNFFFH76CC,22,6.66,共有部份,鋼筋混凝土造,85年8月3日,十七層,
RPUNMLOLMHNFFFH76CC,22,12.95,共有部份,鋼筋混凝土造,85年8月3日,十七層,
RPVNMLPLMHNFFFH96CC,3,56.94,住家用,鋼筋混凝土造,104年1月20日,十三層,
RPQNMLOLMHNFFDH78CC,1,86.96,集合住宅,鋼筋混凝土造,106年8月2日,十五層,
RPVNMLPLMHNFFFH96CC,3,52.06,本共有部分項目計有：防空避難室兼停車空間、停車空間、樓梯間、公共服務空間、多功能教室、閱覽室、機械室、水箱,鋼筋混凝土造,104年1月20日,十三層,
RPQNMLOLMHNFFDH78CC,1,72.43,本共有部分之項目有附屬管理室、防空避難室兼停車空間、蓄水池、消防泵浦室、污水處理設備、發電機房、梯間、台電配電場所、水循環設備、電信室、垃圾處理空間、公共服務空間、門廊、水箱、機房、雨水機房等１７項,鋼筋混凝土造,106年8月2日,十五層,
RPXOMLOLMHNFFEH17DC,3,73.56,共有部份,鋼筋混凝土造,104年7月6日,十四層,
RPXOMLOLMHNFFEH17DC,3,96.26,住家用,鋼筋混凝土造,104年7月6日,十四層,
RPROMLPLMHNFFFH76DC,4,180.62,住家用,鋼筋混凝土造,103年6月13日,十七層,
RPPNMLPLMHNFFCH78DC,11,51.70,店舖（附屬停車空間），住宅,鋼筋混凝土造,96年7月26日,五層,
RPQOMLPLMHNFFAH68CC,22,30.40,住家用,鋼筋混凝土造,85年1月18日,十七層,
RPQOMLPLMHNFFAH68CC,22,12.56,共有部份,鋼筋混凝土造,85年1月18日,十七層,
RPQNMLPLMHNFFFH66EC,1,45.33,集合住宅,鋼筋混凝土造,105年12月9日,十二層,
RPQNMLPLMHNFFFH66EC,1,8.38,集合住宅,鋼筋混凝土造,105年12月9日,十二層,
RPQNMLPLMHNFFFH66EC,1,26.96,共有部分之項目有：防空避難室兼停車空間、消防泵浦室、雨水機房、汙水機房、梯間、蓄水池、停車空間、發電機室、台電配電場所、垃圾儲藏室、電信室、管委會使用空間、車道、機房、水箱、機械室等計十六項,鋼筋混凝土造,105年12月9日,十二層,
RPOQMLPLMHNFFAH68CC,4,182.70,住商用,鋼筋混凝土造,103年4月3日,十五層,
RPTOMLPLMHNFFAH98CC,19,22.70,共有部份,鋼筋混凝土造,88年1月11日,二十二層,
RPTOMLPLMHNFFAH98CC,19,167.07,住家用,鋼筋混凝土造,88年1月11日,二十二層,
RPTOMLPLMHNFFAH98CC,19,11.66,共有部份,鋼筋混凝土造,88年1月11日,二十二層,
RPWPMLPLMHNFFBH86CC,28,133.97,住家用,鋼筋混凝土造,78年12月1日,五層,
RPWPMLPLMHNFFBH86CC,28,4.36,共有部份,鋼筋混凝土造,78年12月1日,五層,
RPWPMLPLMHNFFBH86CC,28,15.25,共有部份,鋼筋混凝土造,78年12月1日,五層,
RPVPMLPLMHNFFBH76CC,18,79.55,住家用,鋼筋混凝土造,89年3月2日,十九層,
RPVPMLPLMHNFFBH76CC,18,5.76,台電配電室、垃圾儲藏室、社區中心、污水處理場、電信機房、機房、門廳、門廊,鋼筋混凝土造,89年3月2日,十九層,
RPVPMLPLMHNFFBH76CC,18,1.72,防空避難室、停車空間,鋼筋混凝土造,89年3月2日,十九層,
RPVPMLPLMHNFFBH76CC,18,17.85,梯間、水箱、電梯機房,鋼筋混凝土造,89年3月2日,十九層,
RPVNMLPLMHNFFDH76CC,24,92.13,住商用,鋼筋混凝土造,83年3月21日,七層,
RPVNMLPLMHNFFDH76CC,24,2.82,住家用,鋼筋混凝土造,83年3月21日,七層,
RPVNMLPLMHNFFDH76CC,24,3.56,見其他登記事項,鋼筋混凝土造,83年3月21日,七層,
RPVNMLPLMHNFFDH76CC,24,3.50,見其他登記事項,鋼筋混凝土造,83年3月21日,七層,
RPQOMLQLMHNFFBH88CC,14,18.94,住家用,鋼筋混凝土造,93年4月10日,十層,
RPQOMLQLMHNFFBH88CC,14,5.87,共有部份,鋼筋混凝土造,93年4月10日,十層,
RPQOMLQLMHNFFBH88CC,14,.81,共有部份,鋼筋混凝土造,93年4月10日,十層,
RPQOMLQLMHNFFBH88CC,14,2.39,共有部份,鋼筋混凝土造,93年4月10日,十層,
RPXNMLQLMHNFFBH86CC,30,133.79,商業用,鋼筋混凝土造,77年10月6日,三層,
RPXNMLQLMHNFFBH86CC,30,7.18,共有部份,鋼筋混凝土造,77年10月6日,三層,
RPXNMLQLMHNFFBH86CC,30,10.75,共有部份,鋼筋混凝土造,77年10月6日,三層,
RPROMLQLMHNFFBH98CC,38,203.32,住宅、人行道,加強磚造,69年8月25日,二層,
RPUNMLQLMHNFFGH07CC,16,850.63,店舖,鋼骨鋼筋混凝土造,91年5月9日,十四層,
RPUNMLQLMHNFFGH07CC,16,272.22,共有部份,鋼骨鋼筋混凝土造,91年5月9日,十四層,
RPUNMLQLMHNFFGH07CC,16,95.66,共有部份,鋼骨鋼筋混凝土造,91年5月9日,十四層,
RPVNMLQLMHNFFDH86CC,21,201.06,住商用,鋼筋混凝土造,86年3月14日,四層,
RPUNMLQLMHNFFGH07CC,16,.27,共有部份,鋼骨鋼筋混凝土造,91年5月9日,十四層,
RPVNMLRLMHNFFGH27CC,18,9459.37,防空避難室、停車場、廠房、消防泵浦室、蓄水池、單身宿舍、梯間、機械室、水箱,鋼筋混凝土造,89年6月27日,七層,
RPOPMLRLMHNFFEH66DC,2,73.97,住家用,鋼筋混凝土造,105年9月29日,二十層,
RPOPMLRLMHNFFEH66DC,2,38.44,共有部份,鋼筋混凝土造,105年9月29日,二十層,
RPUNMLQLMHNFFAH09CC,26,138.62,辦公室,鋼筋混凝土造,81年1月31日,十六層,
RPUNMLQLMHNFFAH09CC,26,27.93,共有部份,鋼筋混凝土造,81年1月31日,十六層,
RPUNMLQLMHNFFAH09CC,26,57.10,共有部份,鋼筋混凝土造,81年1月31日,十六層,
RPPNMLRLMHNFFGH66CC,38,22.95,住家用,加強磚造,69年9月20日,二層,
RPWNMLRLMHNFFFH27CC,23,34.60,住家用,鋼筋混凝土造,84年4月18日,十六層,
RPWNMLRLMHNFFFH27CC,23,6.48,共有部份,鋼筋混凝土造,84年4月18日,十六層,
RPWNMLRLMHNFFFH27CC,23,1.32,共有部份,鋼筋混凝土造,84年4月18日,十六層,
RPWNMLRLMHNFFFH27CC,23,5.61,共有部份,鋼筋混凝土造,84年4月18日,十六層,
RPRNMLRLMHNFFHH96CC,15,553.88,作業廠房,鋼骨造,91年10月29日,一層,
RPPOMLRLMHNFFAH78CC,43,92.21,住家用,加強磚造,64年9月2日,一層,
RPSOMLRLMHNFFAH09CC,8,26.92,住宅（附屬停車空間、梯間）,鋼筋混凝土造,99年9月24日,五層,
RPTPMLRLMHNFFEH07CC,17,498.44,工業用,鋼骨造,90年6月13日,一層,
RPVPMLRLMHNFFEH27CC,17,330.57,工業用,鋼骨造,90年6月13日,一層,
RPTOMLRLMHNFFBH66CC,12,2.50,共有部份,鋼筋混凝土造,95年5月20日,十層,
RPTOMLRLMHNFFBH66CC,12,20.13,住家用,鋼筋混凝土造,95年5月20日,十層,
RPTOMLRLMHNFFBH66CC,12,6.52,共有部份,鋼筋混凝土造,95年5月20日,十層,
RPTOMLRLMHNFFBH66CC,12,2.59,共有部份,鋼筋混凝土造,95年5月20日,十層,
RPXPMLRLMHNFFAH07CC,3,941.36,商場,鋼筋混凝土造,104年8月24日,十九層,
RPXOMLRLMHNFFBH07CC,34,19.66,住家用,鋼筋混凝土造,72年12月30日,五層,
RPVQMLRLMHNFFBH07CC,24,423.14,工業用,鋼筋混凝土造,82年11月6日,二層,
RPXOMLRLMHNFFBH07CC,34,1.97,共有部份,鋼筋混凝土造,72年12月30日,五層,
RPXQMLRLMHNFFBH27CC,5,228.16,住宅、住宅（附屬停車空間、樓梯間）,鋼筋混凝土造,101年12月16日,四層,
RPXNMLKMMHNFFBH98CC,9,56.80,店舖、住宅（附屬機電設備空間兼停車空間、樓梯間）,鋼筋混凝土造,98年4月30日,四層,
RPXNMLKMMHNFFBH98CC,9,32.49,共有部份,鋼筋混凝土造,98年4月30日,四層,
RPWQMLRLMHNFFBH17CC,36,727.27,工業用,鋼造,71年3月23日,一層,
RPWSOLKMMHNFFBH96CC,5,66.67,集合住宅,鋼筋混凝土造,102年5月25日,十五層,
RPWSOLKMMHNFFBH96CC,5,30.39,本共有部分項目為：停車空間、防空避難室、梯間、蓄水池、消防泵浦室、污水機房、發電機室、台電配電場所、電信室、水景機房、公共服務空間、開放空間、垃圾儲藏室、管理室、機房、水箱、門廊等共１７項。,鋼筋混凝土造,102年5月25日,十五層,
RPVPMLKMMHNFFAH88CC,36,84.88,住家用,鋼筋混凝土造,71年5月10日,五層,
RPQNMLKMMHNFFDH48CC,2,103.20,住家用,鋼筋混凝土造,105年8月11日,十四層,
RPQNMLKMMHNFFDH48CC,2,72.58,本共有部分之項目有集合住宅（附屬防空避難室兼停車空間，消防泵浦室，梯間，附屬雨十機房，污水機房，發電機室，蓄水池，附屬停車空間，台電配電場所，電信室，附屬垃圾冷藏空間，水循環設備，附屬公共服務空間，管委會空間，車道，附屬梯間，附屬機械室，水箱等共１９項。,鋼筋混凝土造,105年8月11日,十四層,
RPQNMLKMMHNFFFH68CC,21,203.86,住家用,鋼筋混凝土造,85年12月5日,五層,
RPRNMLKMMHNFFBH38CC,5,64.11,集合住宅,鋼筋混凝土造,102年8月5日,十五層,
RPRNMLKMMHNFFBH38CC,5,45.94,本共有部分之項目有：防空避難室兼停車空間、停車空間、台電配電場所、電信室、排煙室、水箱、污水設備、梯間、消防幫浦室、發電機室、機械室、管理員使用空間、門廊、公共服務空間、開放空間、設備空間、車道、蓄水池等共十八項。,鋼筋混凝土造,102年8月5日,十五層,
RPRNMLKMMHNFFBH38CC,5,16.41,本共有部分之項目有：梯間、水箱、排煙室、機械室、門廊等共五項。,鋼筋混凝土造,102年8月5日,十五層,
RPPNMLKMMHNFFHH78CC,36,26.40,住家用,鋼筋混凝土造,70年12月31日,十二層,
RPPNMLKMMHNFFHH78CC,36,4.96,共有部份,鋼筋混凝土造,70年12月31日,十二層,
RPPNMLKMMHNFFAH08CC,22,47.11,住家用,鋼筋混凝土造,84年11月21日,六層,
RPPNMLKMMHNFFAH08CC,22,4.49,共有部份,鋼筋混凝土造,84年11月21日,六層,
RPPNMLKMMHNFFAH08CC,22,11.71,共有部份,鋼筋混凝土造,84年11月21日,六層,
RPQNMLLJNHNFFHH78CC,17,226.93,工業用,鋼筋混凝土造,89年10月3日,七層,
RPQNMLLJNHNFFHH78CC,17,51.72,共有部份,鋼筋混凝土造,89年10月3日,七層,
RPQNMLLJNHNFFHH78CC,17,62.15,共有部份,鋼筋混凝土造,89年10月3日,七層,
RPVNMLLJNHNFFHH66CC,25,253.23,住家用,鋼筋混凝土造,82年7月16日,八層,
RPSNMLMJNHNFFEH78CC,24,102.60,工業用,鋼筋混凝土造,82年11月4日,八層,
RPVNMLKMMHNFFDH09DC,44,844.24,工業用,磚造鐵骨造,62年10月10日,二層,
RPSNMLMJNHNFFEH78CC,24,26.98,共有部份,鋼筋混凝土造,82年11月4日,八層,
RPVNMLKMMHNFFDH09DC,31,255.94,工業用,見使用執照,75年12月12日,一層,
RPRNMLLJNHNFFAH18CC,48,88.76,商業用,加強磚造,58年12月5日,二層,
RPUPMLMJNHNFFCH98CC,21,141.49,住家用,鋼筋混凝土造,86年6月26日,十八層,
RPUPMLMJNHNFFCH98CC,21,6.59,共有部份,鋼筋混凝土造,86年6月26日,十八層,
RPUPMLMJNHNFFCH98CC,21,2.28,共有部份,鋼筋混凝土造,86年6月26日,十八層,
RPUPMLMJNHNFFCH98CC,21,75.30,共同使用（防空避難室，停車場）,鋼筋混凝土造,86年6月26日,十八層,
RPUPMLMJNHNFFCH98CC,21,.07,共有部份,鋼筋混凝土造,86年6月26日,一層,
RPUPMLMJNHNFFCH98CC,21,.00,共有部份,鋼筋混凝土造,86年1月30日,十八層,
RPUPMLMJNHNFFCH98CC,21,.00,共有部份,鋼筋混凝土造,86年1月30日,一層,
RPUPMLMJNHNFFCH98CC,21,5.26,社區遊憩設施,鋼筋混凝土造,86年6月26日,十五層,
RPUPMLMJNHNFFCH98CC,21,.05,社區遊憩設施,鋼筋混凝土造,86年1月30日,十四層,
RPQNMLLJNHNFFAH08CC,3,112.23,店舖診所類場所,鋼筋混凝土造,104年10月23日,六層,
RPVPMLMJNHNFFCH09CC,2,163.14,集合住宅,鋼筋混凝土造,105年6月15日,十二層,
RPVNMLMJNHNFFHH76CC,5,227.41,住宅（附屬停車空間、樓梯間）,鋼筋混凝土造,102年9月5日,四層,
RPUOMLNJNHNFFFH76DC,4,235.30,無公害小型工業設施、住宅,鋼筋混凝土造,102年10月21日,五層,
RPTNMLNJNHNFFEH09DC,16,67.88,住宅、店舖、停車空間、梯間,鋼筋混凝土造,90年12月3日,三層,
RPRQMLNJNHNFFBH78CC,10,57.28,店舖、住宅、住宅（附屬騎樓、停車空間、樓梯間）,鋼筋混凝土造,97年3月10日,四層,
RPVOMLMJNHNFFFH66CC,23,189.64,集合住宅，車庫,鋼筋混凝土造,84年10月6日,五層,
RPSOMLOJNHNFFBH78CC,41,122.85,住家用,加強磚造,65年10月14日,二層,
RPUNMLNJNHNFFFH56CC,6,89.70,住家用,鋼筋混凝土造,100年10月24日,十四層,
RPUNMLNJNHNFFFH56CC,6,43.49,本建物共有部分項目計有：防空避難室、停車空間、管委會使用空間。,鋼筋混凝土造,100年10月24日,十四層,
RPSQMLNJNHNFFAH98EC,23,71.86,住家用,鋼筋混凝土造,84年4月19日,十九層,
RPUNMLNJNHNFFFH56CC,6,23.42,本共有部分之項目有：樓梯間、機械房、水箱。,鋼筋混凝土造,100年10月24日,十四層,
RPTQMLNJNHNFFAH09EC,25,28.76,住家用,鋼筋混凝土造,82年2月22日,十二層,
RPOPMLOJNHNFFAH58EC,29,19.83,住商用,鋼筋混凝土造,77年11月9日,四層,
RPPPMLOJNHNFFAH68EC,9,167.86,店舖、住宅（附屬屋頂突出物）,鋼筋混凝土造,97年10月6日,五層,
RPQQMLOJNHNFFBH88DC,4,117.09,集合住宅,鋼筋混凝土造,103年7月18日,十四層,
RPOOMLOJNHNFFFH88DC,41,72.21,住家用,鋼筋混凝土造,66年8月25日,三層,
RPQQMLOJNHNFFBH88DC,4,77.07,本共有部分之項目有：消防機房、發電機房、電信室機房、台電配電場所、防空避難室兼停車空間、停車空間、車道、管委會使用空間、梯廳、排煙室、樓梯間、消防水箱、水箱、景觀灑水機房、垃圾冷藏室、機械室等共十六項。,鋼筋混凝土造,103年7月18日,十四層,
RPRNMLPJNHNFFAH58CC,50,168.22,住商用,加強磚造,56年11月14日,二層,
RPPPMLRJNHNFFBH88CC,11,2507.34,廠房、倉庫、梯間、辦公室,鋼筋混凝土造,95年11月16日,四層,
RPWNMLRJNHNFFDH07DC,25,73.58,住家用,鋼筋混凝土造,82年7月15日,八層,
RPWNMLRJNHNFFDH07DC,25,14.63,住家用,鋼筋混凝土造,82年7月15日,八層,
RPWNMLRJNHNFFDH07DC,25,14.19,住家用,鋼筋混凝土造,82年7月15日,八層,
RPWNMLRJNHNFFDH07DC,25,12.26,住家用,鋼筋混凝土造,82年7月15日,八層,
RPWNMLRJNHNFFDH07DC,25,7.95,住家用,鋼筋混凝土造,82年7月15日,八層,
RPVNMLRJNHNFFDH96DC,24,76.87,住家用,鋼筋混凝土造,82年12月22日,八層,
RPVNMLRJNHNFFDH96DC,24,3.86,住家用,鋼筋混凝土造,82年12月22日,八層,
RPVNMLRJNHNFFDH96DC,24,48.58,防空避難室、水箱、機房、樓梯間,鋼筋混凝土造,82年12月22日,八層,
RPWOMLRJNHNFFFH27CC,23,179.30,住家用,鋼筋混凝土造,84年6月15日,四層,
RPPPMLRJNHNFFFH66CC,,64.37,集合住宅,鋼筋混凝土造,106年11月6日,十二層,
RPWOMLRJNHNFFFH27CC,23,36.61,共有部份,鋼筋混凝土造,84年6月15日,四層,
RPPPMLRJNHNFFFH66CC,,54.06,集合住宅,鋼筋混凝土造,106年11月6日,十二層,
RPVNMLRJNHNFFGH27DC,6,82.78,住家用,鋼筋混凝土造,101年7月31日,十一層,
RPVNMLRJNHNFFGH27DC,6,.06,辦公室,鋼筋混凝土造,101年7月31日,十二層,
RPRNMLSJNHNFFCH56DC,39,91.02,住商用,加強磚造,67年12月10日,三層,
RPVOMLSJNHNFFDH17DC,3,177.02,商業用,鋼筋混凝土造,104年5月25日,十五層,
RPSNMLSJNHNFFEH86DC,4,49.99,辦公室、住宅、住宅附屬機電設備空間,鋼筋混凝土造,103年5月28日,五層,
RPSNMLSJNHNFFEH86DC,3,42.29,共有部份,鋼筋混凝土造,104年8月25日,八層,
RPTNMLSJNHNFFBH56CC,17,67.42,住家用,鋼筋混凝土造,90年8月30日,二十二層,
RPTNMLSJNHNFFBH56CC,17,2.23,共有部份,鋼筋混凝土造,90年8月30日,二十二層,
RPTNMLSJNHNFFBH56CC,17,15.99,共有部份,鋼筋混凝土造,90年8月30日,二十二層,
RPTNMLSJNHNFFBH56CC,17,1.67,共有部份,鋼筋混凝土造,90年8月30日,二十二層,
RPPNMLSJNHNFFFH56CC,4,88.72,住家用,鋼筋混凝土造,103年1月20日,十五層,
RPPNMLSJNHNFFFH56CC,4,17.98,共有部分之項目計有：梯廳、排煙室、樓梯間、機械房、水箱等項,鋼筋混凝土造,103年1月20日,十五層,
RPPNMLSJNHNFFBH78CC,30,21.10,住家用,鋼筋混凝土造,77年6月16日,五層,
RPPNMLSJNHNFFFH56CC,4,2.93,共有部分之項目計有：梯廳,鋼筋混凝土造,103年1月20日,十五層,
RPTOMLSJNHNFFAH56CC,22,312.20,廠房．梯間,鋼筋混凝土造,85年7月29日,四層,
RPPNMLSJNHNFFFH56CC,4,42.44,共有部分之項目計有：防空避難室、停車空間、公共服務空間、管理委員會空間、樓梯間、機房、水箱等項,鋼筋混凝土造,103年1月20日,十五層,
RPWNMLTJNHNFFAH86CC,13,88.27,住家用,鋼筋混凝土造,94年4月25日,十五層,
RPWNMLTJNHNFFAH86CC,13,13.24,共有部份,鋼筋混凝土造,94年4月25日,十五層,
RPWNMLTJNHNFFAH86CC,13,15.93,共有部份,鋼筋混凝土造,94年4月25日,十五層,
RPWNMLSJNHNFFBH86CC,24,82.44,住家用,鋼筋混凝土造,83年5月7日,六層,
RPWNMLSJNHNFFBH86CC,24,20.41,共有部份,鋼筋混凝土造,83年5月7日,六層,
RPXNMLTJNHNFFAH96CC,19,105.44,住家用,鋼筋混凝土造,88年9月2日,十五層,
RPXNMLTJNHNFFAH96CC,19,38.19,共有部份,鋼筋混凝土造,88年9月2日,十六層,
RPXNMLTJNHNFFAH96CC,19,25.89,共有部份,鋼筋混凝土造,88年9月2日,十六層,
RPPOMLTJNHNFFDH56CC,1,60.71,集合住宅,鋼筋混凝土造,106年8月2日,十五層,
RPPOMLTJNHNFFDH56CC,1,60.23,本共有部分之項目有附屬管理室、防空避難室兼停車空間、蓄水池、消防泵浦室、污水處理設備、發電機房、梯間、台電配電場所、水循環設備、電信室、垃圾處理空間、公共服務空間、門廊、水箱、機房、雨水機房等１７項,鋼筋混凝土造,106年8月2日,十五層,
RPVPMLTJNHNFFBH07CC,31,118.92,住家用,加強磚造,76年1月13日,二層,
RPSNMLTJNHNFFEH96DC,2,741.43,作業廠房、作業廠房（附屬停車空間、辦公室）,鋼筋混凝土造,105年5月25日,四層,
RPXQMLTJNHNFFBH37CC,10,57.26,住家用,鋼筋混凝土造,97年4月28日,二十四層,
RPXQMLTJNHNFFBH37CC,10,7.41,共有部份,鋼筋混凝土造,97年4月28日,二十四層,
RPXQMLTJNHNFFBH37CC,10,13.83,共有部份,鋼筋混凝土造,97年4月28日,二十四層,
RPTNMLTJNHNFFGH17CC,38,106.08,住家用,加強磚造,69年2月1日,二層,
RPXPMLTJNHNFFBH27CC,31,58.13,住家用,加強磚造,76年1月13日,二層,
RPRNMLKKNHNFFGH78CC,38,98.82,住家用,加強磚造,69年7月28日,二層,
RPXNMLKKNHNFFAH88DC,26,206.34,辦公室,鋼筋混凝土造,81年5月14日,十二層,
RPTNMLKKNHNFFFH88CC,48,47.32,住家用,加強磚造,58年11月7日,二層,
RPSNMLKKNHNFFFH78CC,25,90.05,工業用,鋼筋混凝土造,82年8月2日,五層,
RPSNMLKKNHNFFFH78CC,25,2.52,共有部份,鋼筋混凝土造,82年8月2日,五層,
RPQNMLKKNHNFFHH78CC,2,112.05,住家用,鋼筋混凝土造,104年11月13日,二十三層,
RPQNMLKKNHNFFHH78CC,2,29.05,本共有部分之項目有：機電設備、中繼機械室、樓梯間、機械室、水箱等５項,鋼筋混凝土造,104年11月13日,二十三層,
RPQNMLKKNHNFFHH78CC,2,43.60,本共有部分之項目有：停車空間、機電設備、門廳、公共服務空間等４項,鋼筋混凝土造,104年11月13日,二十四層,
RPTOMLKKNHNFFAH68EC,42,79.99,住家用,加強磚造,65年1月16日,三層,
RPPNMLKKNHNFFBH08CC,20,98.08,住家用,鋼筋混凝土造,87年8月4日,十五層,
RPPNMLKKNHNFFBH08CC,20,3.66,共有部份,鋼筋混凝土造,87年8月4日,十五層,
RPPNMLKKNHNFFBH08CC,20,4.80,共有部份,鋼筋混凝土造,87年8月4日,十五層,
RPPNMLKKNHNFFBH08CC,20,13.92,共有部份,鋼筋混凝土造,87年8月4日,十五層,
RPPNMLKKNHNFFBH08CC,20,.00,共有部份,鋼筋混凝土造,87年8月4日,十五層,
RPQNMLKKNHNFFBH18CC,24,29.91,住家用,鋼筋混凝土造,82年12月3日,七層,
RPQPMLKKNHNFFFH88DC,18,85.65,住家用,鋼筋混凝土造,88年11月25日,十三層,
RPQPMLKKNHNFFFH88DC,18,10.22,住家用,鋼筋混凝土造,88年11月25日,十三層,
RPQPMLKKNHNFFFH88DC,18,20.07,共有部份,鋼筋混凝土造,88年11月25日,十三層,
RPQPMLKKNHNFFFH88DC,18,24.39,共有部份,鋼筋混凝土造,88年11月25日,十三層,
RPQNMLKKNHNFFBH18CC,24,1.88,共有部份,鋼筋混凝土造,82年12月3日,七層,
RPQNMLKKNHNFFBH18CC,24,5.65,共有部份,鋼筋混凝土造,82年12月3日,七層,
RPVOMLKKNHNFFBH78CC,10,29.75,住家用,鋼筋混凝土結構造,96年12月12日,七層,
RPSPMLKKNHNFFAH48CC,2,177.99,辦公室,鋼筋混凝土造,105年6月1日,十八層,
RPPNMLKKNHNFFEH38CC,11,244.17,住宅、機電空間、樓梯間、水箱,鋼筋混凝土造,96年4月13日,三層,
RPPNMLKKNHNFFEH38CC,11,19.33,共有部份,鋼筋混凝土造,96年4月13日,三層,
RPUNMLKKNHNFFAH48CC,24,69.17,住家用,鋼筋混凝土造,83年10月5日,十七層,
RPUNMLKKNHNFFAH48CC,24,2.10,共有部份,鋼筋混凝土造,83年10月5日,十七層,
RPUNMLKKNHNFFAH48CC,24,9.48,共有部份,鋼筋混凝土造,83年10月5日,十七層,
RPSQMLKKNHNFFAH58CC,24,156.66,住家用,鋼筋混凝土造,82年12月16日,六層,
