﻿編號,土地位置,土地移轉面積(平方公尺),使用分區或編定,權利人持分分母,權利人持分分子,移轉情形,地號
The serial number, land position,land shifting area square meter,the use zoning or compiles and checks,,,,land parcel
RPWOMLNLKHNFFDH09CB,大金山下段大金山下小段,21.34,都市：住,10000,29,持分移轉,00450000
RPWOMLNLKHNFFDH09CB,大金山下段大金山下小段,1.20,都市：住,10000,29,持分移轉,00450012
RPVOMLNLKHNFFDH98CB,大金山下段大金山下小段,22.08,都市：住,10000,30,持分移轉,00450000
RPVOMLNLKHNFFDH98CB,大金山下段大金山下小段,1.24,都市：住,10000,30,持分移轉,00450012
RPUOMLNLKHNFFDH88CB,大金山下段大金山下小段,22.08,都市：住,10000,30,持分移轉,00450000
RPUOMLNLKHNFFDH88CB,大金山下段大金山下小段,1.24,都市：住,10000,30,持分移轉,00450012
RPUNMLQLKHNFFDH09CB,大金山下段大金山下小段,21.34,都市：住,10000,29,持分移轉,00450000
RPUNMLQLKHNFFDH09CB,大金山下段大金山下小段,1.20,都市：住,10000,29,持分移轉,00450012
RPOQMLRLKHNFFDH88CB,大金山下段大金山下小段,21.34,都市：住,10000,29,持分移轉,00450000
RPOQMLRLKHNFFDH88CB,大金山下段大金山下小段,1.20,都市：住,10000,29,持分移轉,00450012
RPPQMLRLKHNFFDH98CB,大金山下段大金山下小段,21.34,都市：住,10000,29,持分移轉,00450000
RPPQMLRLKHNFFDH98CB,大金山下段大金山下小段,1.20,都市：住,10000,29,持分移轉,00450012
RPXPMLRLKHNFFDH07CB,大金山下段大金山下小段,21.34,都市：住,10000,29,持分移轉,00450000
RPXPMLRLKHNFFDH07CB,大金山下段大金山下小段,1.20,都市：住,10000,29,持分移轉,00450012
RPTNMLQLKHNFFDH98CB,大金山下段大金山下小段,21.34,都市：住,10000,29,持分移轉,00450000
RPTNMLQLKHNFFDH98CB,大金山下段大金山下小段,1.20,都市：住,10000,29,持分移轉,00450012
RPSQMLRLKHNFFDH66CB,大金山下段大金山下小段,21.34,都市：住,10000,29,持分移轉,00450000
RPSQMLRLKHNFFDH66CB,大金山下段大金山下小段,1.20,都市：住,10000,29,持分移轉,00450012
RPRQMLRLKHNFFDH56CB,大金山下段大金山下小段,21.34,都市：住,10000,29,持分移轉,00450000
RPRQMLRLKHNFFDH56CB,大金山下段大金山下小段,1.20,都市：住,10000,29,持分移轉,00450012
RPXQMLRLKHNFFDH17CB,大金山下段大金山下小段,15.45,都市：住,10000,21,持分移轉,00450000
RPXQMLRLKHNFFDH17CB,大金山下段大金山下小段,.87,都市：住,10000,21,持分移轉,00450012
RPQRMLRLKHNFFDH56CB,大金山下段大金山下小段,15.45,都市：住,10000,21,持分移轉,00450000
RPQRMLRLKHNFFDH56CB,大金山下段大金山下小段,.87,都市：住,10000,21,持分移轉,00450012
RPRRMLRLKHNFFDH66CB,大金山下段大金山下小段,15.45,都市：住,10000,21,持分移轉,00450000
RPRRMLRLKHNFFDH66CB,大金山下段大金山下小段,.87,都市：住,10000,21,持分移轉,00450012
RPWQMLRLKHNFFDH07CB,大金山下段大金山下小段,15.45,都市：住,10000,21,持分移轉,00450000
RPWQMLRLKHNFFDH07CB,大金山下段大金山下小段,.87,都市：住,10000,21,持分移轉,00450012
RPURMLRLKHNFFDH96CB,大金山下段大金山下小段,15.45,都市：住,10000,21,持分移轉,00450000
RPURMLRLKHNFFDH96CB,大金山下段大金山下小段,.87,都市：住,10000,21,持分移轉,00450012
RPPRMLRLKHNFFDH09CB,大金山下段大金山下小段,15.45,都市：住,10000,21,持分移轉,00450000
RPPRMLRLKHNFFDH09CB,大金山下段大金山下小段,.87,都市：住,10000,21,持分移轉,00450012
RPTRMLRLKHNFFDH86CB,大金山下段大金山下小段,15.45,都市：住,10000,21,持分移轉,00450000
RPTRMLRLKHNFFDH86CB,大金山下段大金山下小段,.87,都市：住,10000,21,持分移轉,00450012
RPOSMLRLKHNFFDH09CB,大金山下段大金山下小段,15.45,都市：住,10000,21,持分移轉,00450000
RPOSMLRLKHNFFDH09CB,大金山下段大金山下小段,.87,都市：住,10000,21,持分移轉,00450012
RPTQMLRLKHNFFDH76CB,大金山下段大金山下小段,21.34,都市：住,10000,29,持分移轉,00450000
RPTQMLRLKHNFFDH76CB,大金山下段大金山下小段,1.20,都市：住,10000,29,持分移轉,00450012
RPPSMLRLKHNFFDH56CB,大金山下段大金山下小段,15.45,都市：住,10000,21,持分移轉,00450000
RPPSMLRLKHNFFDH56CB,大金山下段大金山下小段,.87,都市：住,10000,21,持分移轉,00450012
RPVRMLRLKHNFFDH07CB,大金山下段大金山下小段,15.45,都市：住,10000,21,持分移轉,00450000
RPVRMLRLKHNFFDH07CB,大金山下段大金山下小段,.87,都市：住,10000,21,持分移轉,00450012
RPQSMLRLKHNFFDH66CB,大金山下段大金山下小段,15.45,都市：住,10000,21,持分移轉,00450000
RPQSMLRLKHNFFDH66CB,大金山下段大金山下小段,.87,都市：住,10000,21,持分移轉,00450012
RPSRMLRLKHNFFDH76CB,大金山下段大金山下小段,15.45,都市：住,10000,21,持分移轉,00450000
RPSRMLRLKHNFFDH76CB,大金山下段大金山下小段,.87,都市：住,10000,21,持分移轉,00450012
RPXRMLRLKHNFFDH27CB,大金山下段大金山下小段,15.45,都市：住,10000,21,持分移轉,00450000
RPXRMLRLKHNFFDH27CB,大金山下段大金山下小段,.87,都市：住,10000,21,持分移轉,00450012
RPWRMLRLKHNFFDH17CB,大金山下段大金山下小段,15.45,都市：住,10000,21,持分移轉,00450000
RPWRMLRLKHNFFDH17CB,大金山下段大金山下小段,.87,都市：住,10000,21,持分移轉,00450012
RPVSMLRLKHNFFDH17CB,大金山下段大金山下小段,15.45,都市：住,10000,21,持分移轉,00450000
RPVSMLRLKHNFFDH17CB,大金山下段大金山下小段,.87,都市：住,10000,21,持分移轉,00450012
RPSSMLRLKHNFFDH86CB,大金山下段大金山下小段,15.45,都市：住,10000,21,持分移轉,00450000
RPSSMLRLKHNFFDH86CB,大金山下段大金山下小段,.87,都市：住,10000,21,持分移轉,00450012
RPXSMLRLKHNFFDH37CB,大金山下段大金山下小段,15.45,都市：住,10000,21,持分移轉,00450000
RPXSMLRLKHNFFDH37CB,大金山下段大金山下小段,.87,都市：住,10000,21,持分移轉,00450012
RPRSMLRLKHNFFDH76CB,大金山下段大金山下小段,15.45,都市：住,10000,21,持分移轉,00450000
RPRSMLRLKHNFFDH76CB,大金山下段大金山下小段,.87,都市：住,10000,21,持分移轉,00450012
RPTSMLRLKHNFFDH96CB,大金山下段大金山下小段,15.45,都市：住,10000,21,持分移轉,00450000
RPTSMLRLKHNFFDH96CB,大金山下段大金山下小段,.87,都市：住,10000,21,持分移轉,00450012
RPVNMLLJLHNFFDH58CB,大金山下段大金山下小段,21.34,都市：住,10000,29,持分移轉,00450000
RPVNMLLJLHNFFDH58CB,大金山下段大金山下小段,1.20,都市：住,10000,29,持分移轉,00450012
RPUSMLRLKHNFFDH07CB,大金山下段大金山下小段,15.45,都市：住,10000,21,持分移轉,00450000
RPUSMLRLKHNFFDH07CB,大金山下段大金山下小段,.87,都市：住,10000,21,持分移轉,00450012
RPXNMLLJLHNFFDH78CB,大金山下段大金山下小段,21.34,都市：住,10000,29,持分移轉,00450000
RPXNMLLJLHNFFDH78CB,大金山下段大金山下小段,1.20,都市：住,10000,29,持分移轉,00450012
RPOOMLLJLHNFFDH97CB,大金山下段大金山下小段,21.34,都市：住,10000,29,持分移轉,00450000
RPOOMLLJLHNFFDH97CB,大金山下段大金山下小段,1.20,都市：住,10000,29,持分移轉,00450012
RPPOMLLJLHNFFDH08CB,大金山下段大金山下小段,21.34,都市：住,10000,29,持分移轉,00450000
RPPOMLLJLHNFFDH08CB,大金山下段大金山下小段,1.20,都市：住,10000,29,持分移轉,00450012
RPQOMLLJLHNFFDH18CB,大金山下段大金山下小段,22.08,都市：住,10000,30,持分移轉,00450000
RPQOMLLJLHNFFDH18CB,大金山下段大金山下小段,1.24,都市：住,10000,30,持分移轉,00450012
RPWSMLRLKHNFFDH27CB,大金山下段大金山下小段,15.45,都市：住,10000,21,持分移轉,00450000
RPWSMLRLKHNFFDH27CB,大金山下段大金山下小段,.87,都市：住,10000,21,持分移轉,00450012
RPWNMLLJLHNFFDH68CB,大金山下段大金山下小段,21.34,都市：住,10000,29,持分移轉,00450000
RPWNMLLJLHNFFDH68CB,大金山下段大金山下小段,1.20,都市：住,10000,29,持分移轉,00450012
RPVOMLLJLHNFFDH68CB,大金山下段大金山下小段,25.02,都市：住,10000,34,持分移轉,00450000
RPVOMLLJLHNFFDH68CB,大金山下段大金山下小段,1.41,都市：住,10000,34,持分移轉,00450012
RPSOMLLJLHNFFDH38CB,大金山下段大金山下小段,21.34,都市：住,10000,29,持分移轉,00450000
RPSOMLLJLHNFFDH38CB,大金山下段大金山下小段,1.20,都市：住,10000,29,持分移轉,00450012
RPUOMLLJLHNFFDH58CB,大金山下段大金山下小段,21.34,都市：住,10000,29,持分移轉,00450000
RPUOMLLJLHNFFDH58CB,大金山下段大金山下小段,1.20,都市：住,10000,29,持分移轉,00450012
RPROMLLJLHNFFDH28CB,大金山下段大金山下小段,21.34,都市：住,10000,29,持分移轉,00450000
RPROMLLJLHNFFDH28CB,大金山下段大金山下小段,1.20,都市：住,10000,29,持分移轉,00450012
RPTOMLLJLHNFFDH48CB,大金山下段大金山下小段,22.08,都市：住,10000,30,持分移轉,00450000
RPTOMLLJLHNFFDH48CB,大金山下段大金山下小段,1.24,都市：住,10000,30,持分移轉,00450012
RPOPMLLJLHNFFDH08CB,大金山下段大金山下小段,24.28,都市：住,10000,33,持分移轉,00450000
RPOPMLLJLHNFFDH08CB,大金山下段大金山下小段,1.37,都市：住,10000,33,持分移轉,00450012
RPPPMLLJLHNFFDH18CB,大金山下段大金山下小段,25.02,都市：住,10000,34,持分移轉,00450000
RPPPMLLJLHNFFDH18CB,大金山下段大金山下小段,1.41,都市：住,10000,34,持分移轉,00450012
RPWOMLLJLHNFFDH78CB,大金山下段大金山下小段,25.02,都市：住,10000,34,持分移轉,00450000
RPWOMLLJLHNFFDH78CB,大金山下段大金山下小段,1.41,都市：住,10000,34,持分移轉,00450012
RPXOMLLJLHNFFDH88CB,大金山下段大金山下小段,25.02,都市：住,10000,34,持分移轉,00450000
RPXOMLLJLHNFFDH88CB,大金山下段大金山下小段,1.41,都市：住,10000,34,持分移轉,00450012
RPQPMLLJLHNFFDH28CB,大金山下段大金山下小段,25.02,都市：住,10000,34,持分移轉,00450000
RPQPMLLJLHNFFDH28CB,大金山下段大金山下小段,1.41,都市：住,10000,34,持分移轉,00450012
RPRPMLLJLHNFFDH38CB,大金山下段大金山下小段,25.02,都市：住,10000,34,持分移轉,00450000
RPRPMLLJLHNFFDH38CB,大金山下段大金山下小段,1.41,都市：住,10000,34,持分移轉,00450012
RPTPMLLJLHNFFDH58CB,大金山下段大金山下小段,25.76,都市：住,10000,35,持分移轉,00450000
RPTNMLRJLHNFFDH98CB,大金山下段大金山下小段,20.61,都市：住,10000,28,持分移轉,00450000
RPTPMLLJLHNFFDH58CB,大金山下段大金山下小段,1.45,都市：住,10000,35,持分移轉,00450012
RPTNMLRJLHNFFDH98CB,大金山下段大金山下小段,1.16,都市：住,10000,28,持分移轉,00450012
RPUNMLRJLHNFFDH09CB,大金山下段大金山下小段,20.61,都市：住,10000,28,持分移轉,00450000
RPUNMLRJLHNFFDH09CB,大金山下段大金山下小段,1.16,都市：住,10000,28,持分移轉,00450012
RPSRMLMJLHNFFBH58CB,榮南段,13.90,都市：住,10000,52,持分移轉,07290000
RPWNMLRJLHNFFDH66CB,大金山下段大金山下小段,20.61,都市：住,10000,28,持分移轉,00450000
RPWNMLRJLHNFFDH66CB,大金山下段大金山下小段,1.16,都市：住,10000,28,持分移轉,00450012
RPSNMLRJLHNFFDH88CB,大金山下段大金山下小段,20.61,都市：住,10000,28,持分移轉,00450000
RPSNMLRJLHNFFDH88CB,大金山下段大金山下小段,1.16,都市：住,10000,28,持分移轉,00450012
RPSPMLLJLHNFFDH48CB,大金山下段大金山下小段,25.02,都市：住,10000,34,持分移轉,00450000
RPSPMLLJLHNFFDH48CB,大金山下段大金山下小段,1.41,都市：住,10000,34,持分移轉,00450012
RPROMLRJLHNFFDH88CB,大金山下段大金山下小段,20.61,都市：住,10000,28,持分移轉,00450000
RPROMLRJLHNFFDH88CB,大金山下段大金山下小段,1.16,都市：住,10000,28,持分移轉,00450012
RPPOMLRJLHNFFDH68CB,大金山下段大金山下小段,20.61,都市：住,10000,28,持分移轉,00450000
RPPOMLRJLHNFFDH68CB,大金山下段大金山下小段,1.16,都市：住,10000,28,持分移轉,00450012
RPQNMLNKLHNFFDH38CB,大金山下段大金山下小段,21.34,都市：住,10000,29,持分移轉,00450000
RPQNMLNKLHNFFDH38CB,大金山下段大金山下小段,1.20,都市：住,10000,29,持分移轉,00450012
RPVNMLRJLHNFFDH56CB,大金山下段大金山下小段,21.34,都市：住,10000,29,持分移轉,00450000
RPVNMLRJLHNFFDH56CB,大金山下段大金山下小段,1.20,都市：住,10000,29,持分移轉,00450012
RPRNMLNKLHNFFDH48CB,大金山下段大金山下小段,21.34,都市：住,10000,29,持分移轉,00450000
RPRNMLNKLHNFFDH48CB,大金山下段大金山下小段,1.20,都市：住,10000,29,持分移轉,00450012
RPXNMLRJLHNFFDH76CB,大金山下段大金山下小段,20.61,都市：住,10000,28,持分移轉,00450000
RPXNMLRJLHNFFDH76CB,大金山下段大金山下小段,1.16,都市：住,10000,28,持分移轉,00450012
RPSNMLNKLHNFFDH58CB,大金山下段大金山下小段,21.34,都市：住,10000,29,持分移轉,00450000
RPSNMLNKLHNFFDH58CB,大金山下段大金山下小段,1.20,都市：住,10000,29,持分移轉,00450012
RPWNMLNKLHNFFDH98CB,大金山下段大金山下小段,21.34,都市：住,10000,29,持分移轉,00450000
RPWNMLNKLHNFFDH98CB,大金山下段大金山下小段,1.20,都市：住,10000,29,持分移轉,00450012
RPOOMLRJLHNFFDH58CB,大金山下段大金山下小段,20.61,都市：住,10000,28,持分移轉,00450000
RPOOMLRJLHNFFDH58CB,大金山下段大金山下小段,1.16,都市：住,10000,28,持分移轉,00450012
RPOOMLNKLHNFFDH28CB,大金山下段大金山下小段,21.34,都市：住,10000,29,持分移轉,00450000
RPOOMLNKLHNFFDH28CB,大金山下段大金山下小段,1.20,都市：住,10000,29,持分移轉,00450012
RPQOMLRJLHNFFDH78CB,大金山下段大金山下小段,20.61,都市：住,10000,28,持分移轉,00450000
RPQOMLRJLHNFFDH78CB,大金山下段大金山下小段,1.16,都市：住,10000,28,持分移轉,00450012
RPTNMLNKLHNFFDH68CB,大金山下段大金山下小段,21.34,都市：住,10000,29,持分移轉,00450000
RPTNMLNKLHNFFDH68CB,大金山下段大金山下小段,1.20,都市：住,10000,29,持分移轉,00450012
RPXNMLNKLHNFFDH09CB,大金山下段大金山下小段,21.34,都市：住,10000,29,持分移轉,00450000
RPXNMLNKLHNFFDH09CB,大金山下段大金山下小段,1.20,都市：住,10000,29,持分移轉,00450012
RPSOMLNKLHNFFDH68CB,大金山下段大金山下小段,21.34,都市：住,10000,29,持分移轉,00450000
RPSOMLNKLHNFFDH68CB,大金山下段大金山下小段,1.20,都市：住,10000,29,持分移轉,00450012
RPQOMLNKLHNFFDH48CB,大金山下段大金山下小段,21.34,都市：住,10000,29,持分移轉,00450000
RPQOMLNKLHNFFDH48CB,大金山下段大金山下小段,1.20,都市：住,10000,29,持分移轉,00450012
RPUNMLNKLHNFFDH78CB,大金山下段大金山下小段,21.34,都市：住,10000,29,持分移轉,00450000
RPUNMLNKLHNFFDH78CB,大金山下段大金山下小段,1.20,都市：住,10000,29,持分移轉,00450012
RPVOMLNKLHNFFDH98CB,大金山下段大金山下小段,21.34,都市：住,10000,29,持分移轉,00450000
RPVOMLNKLHNFFDH98CB,大金山下段大金山下小段,1.20,都市：住,10000,29,持分移轉,00450012
RPWOMLNKLHNFFDH09CB,大金山下段大金山下小段,21.34,都市：住,10000,29,持分移轉,00450000
RPWOMLNKLHNFFDH09CB,大金山下段大金山下小段,1.20,都市：住,10000,29,持分移轉,00450012
RPUOMLNKLHNFFDH88CB,大金山下段大金山下小段,21.34,都市：住,10000,29,持分移轉,00450000
RPUOMLNKLHNFFDH88CB,大金山下段大金山下小段,1.20,都市：住,10000,29,持分移轉,00450012
RPPOMLNKLHNFFDH38CB,大金山下段大金山下小段,21.34,都市：住,10000,29,持分移轉,00450000
RPPOMLNKLHNFFDH38CB,大金山下段大金山下小段,1.20,都市：住,10000,29,持分移轉,00450012
RPXOMLNKLHNFFDH56CB,大金山下段大金山下小段,21.34,都市：住,10000,29,持分移轉,00450000
RPXOMLNKLHNFFDH56CB,大金山下段大金山下小段,1.20,都市：住,10000,29,持分移轉,00450012
RPROMLNKLHNFFDH58CB,大金山下段大金山下小段,21.34,都市：住,10000,29,持分移轉,00450000
RPROMLNKLHNFFDH58CB,大金山下段大金山下小段,1.20,都市：住,10000,29,持分移轉,00450012
RPUPMLNKLHNFFDH98CB,大金山下段大金山下小段,20.61,都市：住,10000,28,持分移轉,00450000
RPUPMLNKLHNFFDH98CB,大金山下段大金山下小段,1.16,都市：住,10000,28,持分移轉,00450012
RPPPMLNKLHNFFDH48CB,大金山下段大金山下小段,21.34,都市：住,10000,29,持分移轉,00450000
RPPPMLNKLHNFFDH48CB,大金山下段大金山下小段,1.20,都市：住,10000,29,持分移轉,00450012
RPTOMLNKLHNFFDH78CB,大金山下段大金山下小段,21.34,都市：住,10000,29,持分移轉,00450000
RPTOMLNKLHNFFDH78CB,大金山下段大金山下小段,1.20,都市：住,10000,29,持分移轉,00450012
RPRPMLNKLHNFFDH68CB,大金山下段大金山下小段,20.61,都市：住,10000,28,持分移轉,00450000
RPRPMLNKLHNFFDH68CB,大金山下段大金山下小段,1.16,都市：住,10000,28,持分移轉,00450012
RPVPMLNKLHNFFDH09CB,大金山下段大金山下小段,20.61,都市：住,10000,28,持分移轉,00450000
RPVPMLNKLHNFFDH09CB,大金山下段大金山下小段,1.16,都市：住,10000,28,持分移轉,00450012
RPXPMLNKLHNFFDH66CB,大金山下段大金山下小段,20.61,都市：住,10000,28,持分移轉,00450000
RPXPMLNKLHNFFDH66CB,大金山下段大金山下小段,1.16,都市：住,10000,28,持分移轉,00450012
RPQPMLNKLHNFFDH58CB,大金山下段大金山下小段,20.61,都市：住,10000,28,持分移轉,00450000
RPQPMLNKLHNFFDH58CB,大金山下段大金山下小段,1.16,都市：住,10000,28,持分移轉,00450012
RPTPMLNKLHNFFDH88CB,大金山下段大金山下小段,20.61,都市：住,10000,28,持分移轉,00450000
RPTPMLNKLHNFFDH88CB,大金山下段大金山下小段,1.16,都市：住,10000,28,持分移轉,00450012
RPWPMLNKLHNFFDH56CB,大金山下段大金山下小段,20.61,都市：住,10000,28,持分移轉,00450000
RPSQMLNKLHNFFDH88CB,大金山下段大金山下小段,20.61,都市：住,10000,28,持分移轉,00450000
RPSQMLNKLHNFFDH88CB,大金山下段大金山下小段,1.16,都市：住,10000,28,持分移轉,00450012
RPWPMLNKLHNFFDH56CB,大金山下段大金山下小段,1.16,都市：住,10000,28,持分移轉,00450012
RPOPMLNKLHNFFDH38CB,大金山下段大金山下小段,21.34,都市：住,10000,29,持分移轉,00450000
RPOPMLNKLHNFFDH38CB,大金山下段大金山下小段,1.20,都市：住,10000,29,持分移轉,00450012
RPUQMLNKLHNFFDH09CB,大金山下段大金山下小段,25.02,都市：住,10000,34,持分移轉,00450000
RPUQMLNKLHNFFDH09CB,大金山下段大金山下小段,1.41,都市：住,10000,34,持分移轉,00450012
RPTQMLNKLHNFFDH98CB,大金山下段大金山下小段,20.61,都市：住,10000,28,持分移轉,00450000
RPTQMLNKLHNFFDH98CB,大金山下段大金山下小段,1.16,都市：住,10000,28,持分移轉,00450012
RPWQMLNKLHNFFDH66CB,大金山下段大金山下小段,25.02,都市：住,10000,34,持分移轉,00450000
RPWQMLNKLHNFFDH66CB,大金山下段大金山下小段,1.41,都市：住,10000,34,持分移轉,00450012
RPORMLNKLHNFFDH58CB,大金山下段大金山下小段,24.28,都市：住,10000,33,持分移轉,00450000
RPORMLNKLHNFFDH58CB,大金山下段大金山下小段,1.37,都市：住,10000,33,持分移轉,00450012
RPOQMLNKLHNFFDH48CB,大金山下段大金山下小段,20.61,都市：住,10000,28,持分移轉,00450000
RPOQMLNKLHNFFDH48CB,大金山下段大金山下小段,1.16,都市：住,10000,28,持分移轉,00450012
RPRQMLNKLHNFFDH78CB,大金山下段大金山下小段,21.34,都市：住,10000,29,持分移轉,00450000
RPRQMLNKLHNFFDH78CB,大金山下段大金山下小段,1.20,都市：住,10000,29,持分移轉,00450012
RPPQMLNKLHNFFDH58CB,大金山下段大金山下小段,20.61,都市：住,10000,28,持分移轉,00450000
RPPQMLNKLHNFFDH58CB,大金山下段大金山下小段,1.16,都市：住,10000,28,持分移轉,00450012
RPPRMLNKLHNFFDH68CB,大金山下段大金山下小段,24.28,都市：住,10000,33,持分移轉,00450000
RPPRMLNKLHNFFDH68CB,大金山下段大金山下小段,1.37,都市：住,10000,33,持分移轉,00450012
RPTRMLNKLHNFFDH09CB,大金山下段大金山下小段,25.02,都市：住,10000,34,持分移轉,00450000
RPTRMLNKLHNFFDH09CB,大金山下段大金山下小段,1.41,都市：住,10000,34,持分移轉,00450012
RPVRMLNKLHNFFDH66CB,大金山下段大金山下小段,25.02,都市：住,10000,34,持分移轉,00450000
RPVRMLNKLHNFFDH66CB,大金山下段大金山下小段,1.41,都市：住,10000,34,持分移轉,00450012
RPPSMLNKLHNFFDH78CB,大金山下段大金山下小段,24.28,都市：住,10000,33,持分移轉,00450000
RPPSMLNKLHNFFDH78CB,大金山下段大金山下小段,1.37,都市：住,10000,33,持分移轉,00450012
RPXRMLNKLHNFFDH86CB,大金山下段大金山下小段,25.76,都市：住,10000,35,持分移轉,00450000
RPXRMLNKLHNFFDH86CB,大金山下段大金山下小段,1.45,都市：住,10000,35,持分移轉,00450012
RPURMLNKLHNFFDH56CB,大金山下段大金山下小段,24.28,都市：住,10000,33,持分移轉,00450000
RPURMLNKLHNFFDH56CB,大金山下段大金山下小段,1.37,都市：住,10000,33,持分移轉,00450012
RPWRMLNKLHNFFDH76CB,大金山下段大金山下小段,25.02,都市：住,10000,34,持分移轉,00450000
RPWRMLNKLHNFFDH76CB,大金山下段大金山下小段,1.41,都市：住,10000,34,持分移轉,00450012
RPQRMLNKLHNFFDH78CB,大金山下段大金山下小段,24.28,都市：住,10000,33,持分移轉,00450000
RPQRMLNKLHNFFDH78CB,大金山下段大金山下小段,1.37,都市：住,10000,33,持分移轉,00450012
RPSSMLNKLHNFFDH09CB,大金山下段大金山下小段,24.28,都市：住,10000,33,持分移轉,00450000
RPSSMLNKLHNFFDH09CB,大金山下段大金山下小段,1.37,都市：住,10000,33,持分移轉,00450012
RPQSMLNKLHNFFDH88CB,大金山下段大金山下小段,24.28,都市：住,10000,33,持分移轉,00450000
RPQSMLNKLHNFFDH88CB,大金山下段大金山下小段,1.37,都市：住,10000,33,持分移轉,00450012
RPTSMLNKLHNFFDH56CB,大金山下段大金山下小段,25.02,都市：住,10000,34,持分移轉,00450000
RPTSMLNKLHNFFDH56CB,大金山下段大金山下小段,1.41,都市：住,10000,34,持分移轉,00450012
RPRSMLNKLHNFFDH98CB,大金山下段大金山下小段,24.28,都市：住,10000,33,持分移轉,00450000
RPRSMLNKLHNFFDH98CB,大金山下段大金山下小段,1.37,都市：住,10000,33,持分移轉,00450012
RPWSMLNKLHNFFDH86CB,大金山下段大金山下小段,20.61,都市：住,10000,28,持分移轉,00450000
RPWSMLNKLHNFFDH86CB,大金山下段大金山下小段,1.16,都市：住,10000,28,持分移轉,00450012
RPOSMLNKLHNFFDH68CB,大金山下段大金山下小段,24.28,都市：住,10000,33,持分移轉,00450000
RPOSMLNKLHNFFDH68CB,大金山下段大金山下小段,1.37,都市：住,10000,33,持分移轉,00450012
RPXSMLNKLHNFFDH96CB,大金山下段大金山下小段,20.61,都市：住,10000,28,持分移轉,00450000
RPXSMLNKLHNFFDH96CB,大金山下段大金山下小段,1.16,都市：住,10000,28,持分移轉,00450012
RPOTMLNKLHNFFDH78CB,大金山下段大金山下小段,20.61,都市：住,10000,28,持分移轉,00450000
RPOTMLNKLHNFFDH78CB,大金山下段大金山下小段,1.16,都市：住,10000,28,持分移轉,00450012
RPPTMLNKLHNFFDH88CB,大金山下段大金山下小段,20.61,都市：住,10000,28,持分移轉,00450000
RPPTMLNKLHNFFDH88CB,大金山下段大金山下小段,1.16,都市：住,10000,28,持分移轉,00450012
RPRTMLNKLHNFFDH09CB,大金山下段大金山下小段,20.61,都市：住,10000,28,持分移轉,00450000
RPRTMLNKLHNFFDH09CB,大金山下段大金山下小段,1.16,都市：住,10000,28,持分移轉,00450012
RPSTMLNKLHNFFDH56CB,大金山下段大金山下小段,20.61,都市：住,10000,28,持分移轉,00450000
RPSTMLNKLHNFFDH56CB,大金山下段大金山下小段,1.16,都市：住,10000,28,持分移轉,00450012
RPUSMLNKLHNFFDH66CB,大金山下段大金山下小段,20.61,都市：住,10000,28,持分移轉,00450000
RPUSMLNKLHNFFDH66CB,大金山下段大金山下小段,1.16,都市：住,10000,28,持分移轉,00450012
RPQTMLNKLHNFFDH98CB,大金山下段大金山下小段,20.61,都市：住,10000,28,持分移轉,00450000
RPQTMLNKLHNFFDH98CB,大金山下段大金山下小段,1.16,都市：住,10000,28,持分移轉,00450012
RPTTMLNKLHNFFDH66CB,大金山下段大金山下小段,20.61,都市：住,10000,28,持分移轉,00450000
RPTTMLNKLHNFFDH66CB,大金山下段大金山下小段,1.16,都市：住,10000,28,持分移轉,00450012
RPUTMLNKLHNFFDH76CB,大金山下段大金山下小段,20.61,都市：住,10000,28,持分移轉,00450000
RPUTMLNKLHNFFDH76CB,大金山下段大金山下小段,1.16,都市：住,10000,28,持分移轉,00450012
RPVTMLNKLHNFFDH86CB,大金山下段大金山下小段,21.34,都市：住,10000,29,持分移轉,00450000
RPVTMLNKLHNFFDH86CB,大金山下段大金山下小段,1.20,都市：住,10000,29,持分移轉,00450012
RPSNMLOKLHNFFDH68CB,大金山下段大金山下小段,14.72,都市：住,10000,20,持分移轉,00450000
RPSNMLOKLHNFFDH68CB,大金山下段大金山下小段,.83,都市：住,10000,20,持分移轉,00450012
RPWTMLNKLHNFFDH96CB,大金山下段大金山下小段,21.34,都市：住,10000,29,持分移轉,00450000
RPWTMLNKLHNFFDH96CB,大金山下段大金山下小段,1.20,都市：住,10000,29,持分移轉,00450012
RPXTMLNKLHNFFDH07CB,大金山下段大金山下小段,21.34,都市：住,10000,29,持分移轉,00450000
RPXTMLNKLHNFFDH07CB,大金山下段大金山下小段,1.20,都市：住,10000,29,持分移轉,00450012
RPRNMLOKLHNFFDH58CB,大金山下段大金山下小段,14.72,都市：住,10000,20,持分移轉,00450000
RPRNMLOKLHNFFDH58CB,大金山下段大金山下小段,.83,都市：住,10000,20,持分移轉,00450012
RPOUMLNKLHNFFDH88CB,大金山下段大金山下小段,25.02,都市：住,10000,34,持分移轉,00450000
RPOUMLNKLHNFFDH88CB,大金山下段大金山下小段,1.41,都市：住,10000,34,持分移轉,00450012
RPRUMLNKLHNFFDH56CB,大金山下段大金山下小段,14.72,都市：住,10000,20,持分移轉,00450000
RPRUMLNKLHNFFDH56CB,大金山下段大金山下小段,.83,都市：住,10000,20,持分移轉,00450012
RPSUMLNKLHNFFDH66CB,大金山下段大金山下小段,17.66,都市：住,10000,24,持分移轉,00450000
RPSUMLNKLHNFFDH66CB,大金山下段大金山下小段,.99,都市：住,10000,24,持分移轉,00450012
RPPUMLNKLHNFFDH98CB,大金山下段大金山下小段,25.02,都市：住,10000,34,持分移轉,00450000
RPPUMLNKLHNFFDH98CB,大金山下段大金山下小段,1.41,都市：住,10000,34,持分移轉,00450012
RPQNMLOKLHNFFDH48CB,大金山下段大金山下小段,14.72,都市：住,10000,20,持分移轉,00450000
RPQNMLOKLHNFFDH48CB,大金山下段大金山下小段,.83,都市：住,10000,20,持分移轉,00450012
RPXNMLOKLHNFFDH56CB,大金山下段大金山下小段,14.72,都市：住,10000,20,持分移轉,00450000
RPXNMLOKLHNFFDH56CB,大金山下段大金山下小段,.83,都市：住,10000,20,持分移轉,00450012
RPUNMLOKLHNFFDH88CB,大金山下段大金山下小段,14.72,都市：住,10000,20,持分移轉,00450000
RPUNMLOKLHNFFDH88CB,大金山下段大金山下小段,.83,都市：住,10000,20,持分移轉,00450012
RPTNMLOKLHNFFDH78CB,大金山下段大金山下小段,14.72,都市：住,10000,20,持分移轉,00450000
RPTNMLOKLHNFFDH78CB,大金山下段大金山下小段,.83,都市：住,10000,20,持分移轉,00450012
RPWNMLOKLHNFFDH09CB,大金山下段大金山下小段,14.72,都市：住,10000,20,持分移轉,00450000
RPWNMLOKLHNFFDH09CB,大金山下段大金山下小段,.83,都市：住,10000,20,持分移轉,00450012
RPOPMLOKLHNFFDH48CB,大金山下段大金山下小段,16.93,都市：住,10000,23,持分移轉,00450000
RPOPMLOKLHNFFDH48CB,大金山下段大金山下小段,.95,都市：住,10000,23,持分移轉,00450012
RPVNMLOKLHNFFDH98CB,大金山下段大金山下小段,14.72,都市：住,10000,20,持分移轉,00450000
RPVNMLOKLHNFFDH98CB,大金山下段大金山下小段,.83,都市：住,10000,20,持分移轉,00450012
RPQOMLOKLHNFFDH58CB,大金山下段大金山下小段,14.72,都市：住,10000,20,持分移轉,00450000
RPQOMLOKLHNFFDH58CB,大金山下段大金山下小段,.83,都市：住,10000,20,持分移轉,00450012
RPPOMLOKLHNFFDH48CB,大金山下段大金山下小段,14.72,都市：住,10000,20,持分移轉,00450000
RPPOMLOKLHNFFDH48CB,大金山下段大金山下小段,.83,都市：住,10000,20,持分移轉,00450012
RPOOMLOKLHNFFDH38CB,大金山下段大金山下小段,14.72,都市：住,10000,20,持分移轉,00450000
RPOOMLOKLHNFFDH38CB,大金山下段大金山下小段,.83,都市：住,10000,20,持分移轉,00450012
RPQPMLOKLHNFFDH68CB,大金山下段大金山下小段,16.93,都市：住,10000,23,持分移轉,00450000
RPQPMLOKLHNFFDH68CB,大金山下段大金山下小段,.95,都市：住,10000,23,持分移轉,00450012
RPROMLOKLHNFFDH68CB,大金山下段大金山下小段,16.93,都市：住,10000,23,持分移轉,00450000
RPROMLOKLHNFFDH68CB,大金山下段大金山下小段,.95,都市：住,10000,23,持分移轉,00450012
RPRPMLOKLHNFFDH78CB,大金山下段大金山下小段,16.93,都市：住,10000,23,持分移轉,00450000
RPRPMLOKLHNFFDH78CB,大金山下段大金山下小段,.95,都市：住,10000,23,持分移轉,00450012
RPUPMLOKLHNFFDH09CB,大金山下段大金山下小段,16.93,都市：住,10000,23,持分移轉,00450000
RPUPMLOKLHNFFDH09CB,大金山下段大金山下小段,.95,都市：住,10000,23,持分移轉,00450012
RPVPMLOKLHNFFDH56CB,大金山下段大金山下小段,16.19,都市：住,10000,22,持分移轉,00450000
RPVPMLOKLHNFFDH56CB,大金山下段大金山下小段,.91,都市：住,10000,22,持分移轉,00450012
RPSPMLOKLHNFFDH88CB,大金山下段大金山下小段,16.93,都市：住,10000,23,持分移轉,00450000
RPSPMLOKLHNFFDH88CB,大金山下段大金山下小段,.95,都市：住,10000,23,持分移轉,00450012
RPTPMLOKLHNFFDH98CB,大金山下段大金山下小段,16.93,都市：住,10000,23,持分移轉,00450000
RPTPMLOKLHNFFDH98CB,大金山下段大金山下小段,.95,都市：住,10000,23,持分移轉,00450012
RPOQMLOKLHNFFDH58CB,大金山下段大金山下小段,16.19,都市：住,10000,22,持分移轉,00450000
RPOQMLOKLHNFFDH58CB,大金山下段大金山下小段,.91,都市：住,10000,22,持分移轉,00450012
RPWPMLOKLHNFFDH66CB,大金山下段大金山下小段,16.19,都市：住,10000,22,持分移轉,00450000
RPWPMLOKLHNFFDH66CB,大金山下段大金山下小段,.91,都市：住,10000,22,持分移轉,00450012
RPXPMLOKLHNFFDH76CB,大金山下段大金山下小段,16.19,都市：住,10000,22,持分移轉,00450000
RPXPMLOKLHNFFDH76CB,大金山下段大金山下小段,.91,都市：住,10000,22,持分移轉,00450012
RPPQMLOKLHNFFDH68CB,大金山下段大金山下小段,16.19,都市：住,10000,22,持分移轉,00450000
RPPQMLOKLHNFFDH68CB,大金山下段大金山下小段,.91,都市：住,10000,22,持分移轉,00450012
RPQQMLOKLHNFFDH78CB,大金山下段大金山下小段,16.19,都市：住,10000,22,持分移轉,00450000
RPQQMLOKLHNFFDH78CB,大金山下段大金山下小段,.91,都市：住,10000,22,持分移轉,00450012
RPRQMLOKLHNFFDH88CB,大金山下段大金山下小段,16.19,都市：住,10000,22,持分移轉,00450000
RPRQMLOKLHNFFDH88CB,大金山下段大金山下小段,.91,都市：住,10000,22,持分移轉,00450012
RPSQMLOKLHNFFDH98CB,大金山下段大金山下小段,16.19,都市：住,10000,22,持分移轉,00450000
RPSQMLOKLHNFFDH98CB,大金山下段大金山下小段,.91,都市：住,10000,22,持分移轉,00450012
RPTQMLOKLHNFFDH09CB,大金山下段大金山下小段,16.19,都市：住,10000,22,持分移轉,00450000
RPTQMLOKLHNFFDH09CB,大金山下段大金山下小段,.91,都市：住,10000,22,持分移轉,00450012
RPUQMLOKLHNFFDH56CB,大金山下段大金山下小段,16.19,都市：住,10000,22,持分移轉,00450000
RPUQMLOKLHNFFDH56CB,大金山下段大金山下小段,.91,都市：住,10000,22,持分移轉,00450012
RPVQMLOKLHNFFDH66CB,大金山下段大金山下小段,16.19,都市：住,10000,22,持分移轉,00450000
RPVQMLOKLHNFFDH66CB,大金山下段大金山下小段,.91,都市：住,10000,22,持分移轉,00450012
RPWQMLOKLHNFFDH76CB,大金山下段大金山下小段,17.66,都市：住,10000,24,持分移轉,00450000
RPWQMLOKLHNFFDH76CB,大金山下段大金山下小段,.99,都市：住,10000,24,持分移轉,00450012
RPXQMLOKLHNFFDH86CB,大金山下段大金山下小段,17.66,都市：住,10000,24,持分移轉,00450000
RPXQMLOKLHNFFDH86CB,大金山下段大金山下小段,.99,都市：住,10000,24,持分移轉,00450012
RPPRMLOKLHNFFDH78CB,大金山下段大金山下小段,17.66,都市：住,10000,24,持分移轉,00450000
RPPRMLOKLHNFFDH78CB,大金山下段大金山下小段,.99,都市：住,10000,24,持分移轉,00450012
RPQRMLOKLHNFFDH88CB,大金山下段大金山下小段,17.66,都市：住,10000,24,持分移轉,00450000
RPQRMLOKLHNFFDH88CB,大金山下段大金山下小段,.99,都市：住,10000,24,持分移轉,00450012
RPORMLOKLHNFFDH68CB,大金山下段大金山下小段,17.66,都市：住,10000,24,持分移轉,00450000
RPORMLOKLHNFFDH68CB,大金山下段大金山下小段,.99,都市：住,10000,24,持分移轉,00450012
RPRRMLOKLHNFFDH98CB,大金山下段大金山下小段,14.72,都市：住,10000,20,持分移轉,00450000
RPRRMLOKLHNFFDH98CB,大金山下段大金山下小段,.83,都市：住,10000,20,持分移轉,00450012
RPSRMLOKLHNFFDH09CB,大金山下段大金山下小段,14.72,都市：住,10000,20,持分移轉,00450000
RPSRMLOKLHNFFDH09CB,大金山下段大金山下小段,.83,都市：住,10000,20,持分移轉,00450012
RPXRMLOKLHNFFDH96CB,大金山下段大金山下小段,14.72,都市：住,10000,20,持分移轉,00450000
RPXRMLOKLHNFFDH96CB,大金山下段大金山下小段,.83,都市：住,10000,20,持分移轉,00450012
RPURMLOKLHNFFDH66CB,大金山下段大金山下小段,14.72,都市：住,10000,20,持分移轉,00450000
RPURMLOKLHNFFDH66CB,大金山下段大金山下小段,.83,都市：住,10000,20,持分移轉,00450012
RPVRMLOKLHNFFDH76CB,大金山下段大金山下小段,14.72,都市：住,10000,20,持分移轉,00450000
RPTRMLOKLHNFFDH56CB,大金山下段大金山下小段,14.72,都市：住,10000,20,持分移轉,00450000
RPVRMLOKLHNFFDH76CB,大金山下段大金山下小段,.83,都市：住,10000,20,持分移轉,00450012
RPTRMLOKLHNFFDH56CB,大金山下段大金山下小段,.83,都市：住,10000,20,持分移轉,00450012
RPOSMLOKLHNFFDH78CB,大金山下段大金山下小段,14.72,都市：住,10000,20,持分移轉,00450000
RPOSMLOKLHNFFDH78CB,大金山下段大金山下小段,.83,都市：住,10000,20,持分移轉,00450012
RPTSMLOKLHNFFDH66CB,大金山下段大金山下小段,14.72,都市：住,10000,20,持分移轉,00450000
RPTSMLOKLHNFFDH66CB,大金山下段大金山下小段,.83,都市：住,10000,20,持分移轉,00450012
RPSSMLOKLHNFFDH56CB,大金山下段大金山下小段,14.72,都市：住,10000,20,持分移轉,00450000
RPSSMLOKLHNFFDH56CB,大金山下段大金山下小段,.83,都市：住,10000,20,持分移轉,00450012
RPWSMLOKLHNFFDH96CB,大金山下段大金山下小段,14.72,都市：住,10000,20,持分移轉,00450000
RPWSMLOKLHNFFDH96CB,大金山下段大金山下小段,.83,都市：住,10000,20,持分移轉,00450012
RPUSMLOKLHNFFDH76CB,大金山下段大金山下小段,14.72,都市：住,10000,20,持分移轉,00450000
RPUSMLOKLHNFFDH76CB,大金山下段大金山下小段,.83,都市：住,10000,20,持分移轉,00450012
RPOTMLOKLHNFFDH88CB,大金山下段大金山下小段,14.72,都市：住,10000,20,持分移轉,00450000
RPOTMLOKLHNFFDH88CB,大金山下段大金山下小段,.83,都市：住,10000,20,持分移轉,00450012
RPQTMLOKLHNFFDH09CB,大金山下段大金山下小段,16.93,都市：住,10000,23,持分移轉,00450000
RPQTMLOKLHNFFDH09CB,大金山下段大金山下小段,.95,都市：住,10000,23,持分移轉,00450012
RPXSMLOKLHNFFDH07CB,大金山下段大金山下小段,14.72,都市：住,10000,20,持分移轉,00450000
RPXSMLOKLHNFFDH07CB,大金山下段大金山下小段,.83,都市：住,10000,20,持分移轉,00450012
RPRTMLOKLHNFFDH56CB,大金山下段大金山下小段,16.93,都市：住,10000,23,持分移轉,00450000
RPRTMLOKLHNFFDH56CB,大金山下段大金山下小段,.95,都市：住,10000,23,持分移轉,00450012
RPPTMLOKLHNFFDH98CB,大金山下段大金山下小段,14.72,都市：住,10000,20,持分移轉,00450000
RPPTMLOKLHNFFDH98CB,大金山下段大金山下小段,.83,都市：住,10000,20,持分移轉,00450012
RPVTMLOKLHNFFDH96CB,大金山下段大金山下小段,16.93,都市：住,10000,23,持分移轉,00450000
RPVTMLOKLHNFFDH96CB,大金山下段大金山下小段,.95,都市：住,10000,23,持分移轉,00450012
RPSTMLOKLHNFFDH66CB,大金山下段大金山下小段,16.93,都市：住,10000,23,持分移轉,00450000
RPSTMLOKLHNFFDH66CB,大金山下段大金山下小段,.95,都市：住,10000,23,持分移轉,00450012
RPUTMLOKLHNFFDH86CB,大金山下段大金山下小段,16.93,都市：住,10000,23,持分移轉,00450000
RPUTMLOKLHNFFDH86CB,大金山下段大金山下小段,.95,都市：住,10000,23,持分移轉,00450012
RPXTMLOKLHNFFDH17CB,大金山下段大金山下小段,16.93,都市：住,10000,23,持分移轉,00450000
RPXTMLOKLHNFFDH17CB,大金山下段大金山下小段,.95,都市：住,10000,23,持分移轉,00450012
RPTTMLOKLHNFFDH76CB,大金山下段大金山下小段,16.93,都市：住,10000,23,持分移轉,00450000
RPTTMLOKLHNFFDH76CB,大金山下段大金山下小段,.95,都市：住,10000,23,持分移轉,00450012
RPWTMLOKLHNFFDH07CB,大金山下段大金山下小段,16.93,都市：住,10000,23,持分移轉,00450000
RPWTMLOKLHNFFDH07CB,大金山下段大金山下小段,.95,都市：住,10000,23,持分移轉,00450012
RPOUMLOKLHNFFDH98CB,大金山下段大金山下小段,16.93,都市：住,10000,23,持分移轉,00450000
RPOUMLOKLHNFFDH98CB,大金山下段大金山下小段,.95,都市：住,10000,23,持分移轉,00450012
RPTOMLOKLHNFFBH68CB,榮南段,21.66,都市：住,10000,81,持分移轉,07290000
RPPUMLOKLHNFFDH09CB,大金山下段大金山下小段,16.93,都市：住,10000,23,持分移轉,00450000
RPPUMLOKLHNFFDH09CB,大金山下段大金山下小段,.95,都市：住,10000,23,持分移轉,00450012
RPUOMLOKLHNFFBH78CB,榮南段,21.66,都市：住,10000,81,持分移轉,07290000
RPOOMLOKLHNFFBH18CB,榮南段,21.66,都市：住,10000,81,持分移轉,07290000
RPWOMLOKLHNFFBH98CB,榮南段,21.66,都市：住,10000,81,持分移轉,07290000
RPVOMLOKLHNFFBH88CB,榮南段,21.66,都市：住,10000,81,持分移轉,07290000
RPPPMLOKLHNFFBH38CB,榮南段,21.66,都市：住,10000,81,持分移轉,07290000
RPXOMLOKLHNFFBH09CB,榮南段,21.66,都市：住,10000,81,持分移轉,07290000
RPQPMLOKLHNFFBH48CB,榮南段,21.66,都市：住,10000,81,持分移轉,07290000
RPUPMLOKLHNFFBH88CB,榮南段,21.66,都市：住,10000,81,持分移轉,07290000
RPSPMLOKLHNFFBH68CB,榮南段,21.66,都市：住,10000,81,持分移轉,07290000
RPOPMLOKLHNFFBH28CB,榮南段,21.66,都市：住,10000,81,持分移轉,07290000
RPRPMLOKLHNFFBH58CB,榮南段,21.66,都市：住,10000,81,持分移轉,07290000
RPVPMLOKLHNFFBH98CB,榮南段,21.66,都市：住,10000,81,持分移轉,07290000
RPVQMLOKLHNFFBH09CB,榮南段,16.58,都市：住,10000,62,持分移轉,07290000
RPTQMLOKLHNFFBH88CB,榮南段,16.58,都市：住,10000,62,持分移轉,07290000
RPTPMLOKLHNFFBH78CB,榮南段,21.66,都市：住,10000,81,持分移轉,07290000
RPQRMLOKLHNFFBH68CB,榮南段,16.85,都市：住,10000,63,持分移轉,07290000
RPRQMLOKLHNFFBH68CB,榮南段,16.58,都市：住,10000,62,持分移轉,07290000
RPTRMLOKLHNFFBH98CB,榮南段,16.85,都市：住,10000,63,持分移轉,07290000
RPUQMLOKLHNFFBH98CB,榮南段,16.58,都市：住,10000,62,持分移轉,07290000
RPQSMLOKLHNFFBH78CB,榮南段,16.85,都市：住,10000,63,持分移轉,07290000
RPORMLOKLHNFFBH48CB,榮南段,16.85,都市：住,10000,63,持分移轉,07290000
RPRSMLOKLHNFFBH88CB,榮南段,16.85,都市：住,10000,63,持分移轉,07290000
RPWQMLOKLHNFFBH56CB,榮南段,16.85,都市：住,10000,63,持分移轉,07290000
RPVSMLOKLHNFFBH66CB,榮南段,21.39,都市：住,10000,80,持分移轉,07290000
RPSSMLOKLHNFFBH98CB,榮南段,16.85,都市：住,10000,63,持分移轉,07290000
RPUSMLOKLHNFFBH56CB,榮南段,21.12,都市：住,10000,79,持分移轉,07290000
RPWSMLOKLHNFFBH76CB,榮南段,21.39,都市：住,10000,80,持分移轉,07290000
RPVTMLOKLHNFFBH76CB,榮南段,21.39,都市：住,10000,80,持分移轉,07290000
RPSTMLOKLHNFFBH09CB,榮南段,21.39,都市：住,10000,80,持分移轉,07290000
RPPTMLOKLHNFFBH78CB,榮南段,21.39,都市：住,10000,80,持分移轉,07290000
RPWTMLOKLHNFFBH86CB,榮南段,21.39,都市：住,10000,80,持分移轉,07290000
RPTTMLOKLHNFFBH56CB,榮南段,21.39,都市：住,10000,80,持分移轉,07290000
RPUTMLOKLHNFFBH66CB,榮南段,21.39,都市：住,10000,80,持分移轉,07290000
RPOUMLOKLHNFFBH78CB,榮南段,21.39,都市：住,10000,80,持分移轉,02790000
RPXTMLOKLHNFFBH96CB,榮南段,21.39,都市：住,10000,80,持分移轉,07290000
RPPUMLOKLHNFFBH88CB,榮南段,21.39,都市：住,10000,80,持分移轉,02790000
RPRUMLOKLHNFFBH09CB,榮南段,21.39,都市：住,10000,80,持分移轉,07290000
RPQUMLOKLHNFFBH98CB,榮南段,21.39,都市：住,10000,80,持分移轉,02790000
RPSUMLOKLHNFFBH56CB,榮南段,10.96,都市：住,10000,41,持分移轉,07290000
RPWNMLPKLHNFFDH56CB,大金山下段大金山下小段,16.93,都市：住,10000,23,持分移轉,00450000
RPWNMLPKLHNFFDH56CB,大金山下段大金山下小段,.95,都市：住,10000,23,持分移轉,00450012
RPUUMLOKLHNFFBH76CB,榮南段,18.18,都市：住,10000,68,持分移轉,07290000
RPVUMLOKLHNFFBH86CB,榮南段,18.18,都市：住,10000,68,持分移轉,07290000
RPOOMLPKLHNFFDH48CB,大金山下段大金山下小段,24.28,都市：住,10000,33,持分移轉,00450000
RPOOMLPKLHNFFDH48CB,大金山下段大金山下小段,1.37,都市：住,10000,33,持分移轉,00450012
RPPOMLPKLHNFFDH58CB,大金山下段大金山下小段,16.19,都市：住,10000,22,持分移轉,00450000
RPPOMLPKLHNFFDH58CB,大金山下段大金山下小段,.91,都市：住,10000,22,持分移轉,00450012
RPTUMLOKLHNFFBH66CB,榮南段,18.18,都市：住,10000,68,持分移轉,07290000
RPXNMLPKLHNFFDH66CB,大金山下段大金山下小段,15.45,都市：住,10000,21,持分移轉,00450000
RPXNMLPKLHNFFDH66CB,大金山下段大金山下小段,.87,都市：住,10000,21,持分移轉,00450012
RPVOMLPKLHNFFDH56CB,大金山下段大金山下小段,16.19,都市：住,10000,22,持分移轉,00450000
RPVOMLPKLHNFFDH56CB,大金山下段大金山下小段,.91,都市：住,10000,22,持分移轉,00450012
RPSOMLPKLHNFFDH88CB,大金山下段大金山下小段,16.19,都市：住,10000,22,持分移轉,00450000
RPSOMLPKLHNFFDH88CB,大金山下段大金山下小段,.91,都市：住,10000,22,持分移轉,00450012
RPQOMLPKLHNFFDH68CB,大金山下段大金山下小段,16.19,都市：住,10000,22,持分移轉,00450000
RPQOMLPKLHNFFDH68CB,大金山下段大金山下小段,.91,都市：住,10000,22,持分移轉,00450012
RPTOMLPKLHNFFDH98CB,大金山下段大金山下小段,16.19,都市：住,10000,22,持分移轉,00450000
RPTOMLPKLHNFFDH98CB,大金山下段大金山下小段,.91,都市：住,10000,22,持分移轉,00450012
RPWOMLPKLHNFFDH66CB,大金山下段大金山下小段,16.19,都市：住,10000,22,持分移轉,00450000
RPWOMLPKLHNFFDH66CB,大金山下段大金山下小段,.91,都市：住,10000,22,持分移轉,00450012
RPPPMLPKLHNFFDH68CB,大金山下段大金山下小段,16.19,都市：住,10000,22,持分移轉,00450000
RPPPMLPKLHNFFDH68CB,大金山下段大金山下小段,.91,都市：住,10000,22,持分移轉,00450012
RPQPMLPKLHNFFDH78CB,大金山下段大金山下小段,16.19,都市：住,10000,22,持分移轉,00450000
RPQPMLPKLHNFFDH78CB,大金山下段大金山下小段,.91,都市：住,10000,22,持分移轉,00450012
RPOPMLPKLHNFFDH58CB,大金山下段大金山下小段,16.19,都市：住,10000,22,持分移轉,00450000
RPOPMLPKLHNFFDH58CB,大金山下段大金山下小段,.91,都市：住,10000,22,持分移轉,00450012
RPUOMLPKLHNFFDH09CB,大金山下段大金山下小段,16.19,都市：住,10000,22,持分移轉,00450000
RPUOMLPKLHNFFDH09CB,大金山下段大金山下小段,.91,都市：住,10000,22,持分移轉,00450012
RPTPMLPKLHNFFDH09CB,大金山下段大金山下小段,16.19,都市：住,10000,22,持分移轉,00450000
RPTPMLPKLHNFFDH09CB,大金山下段大金山下小段,.91,都市：住,10000,22,持分移轉,00450012
RPSPMLPKLHNFFDH98CB,大金山下段大金山下小段,16.19,都市：住,10000,22,持分移轉,00450000
RPSPMLPKLHNFFDH98CB,大金山下段大金山下小段,.91,都市：住,10000,22,持分移轉,00450012
RPUPMLPKLHNFFDH56CB,大金山下段大金山下小段,14.72,都市：住,10000,20,持分移轉,00450000
RPUPMLPKLHNFFDH56CB,大金山下段大金山下小段,.83,都市：住,10000,20,持分移轉,00450012
RPVPMLPKLHNFFDH66CB,大金山下段大金山下小段,24.28,都市：住,10000,33,持分移轉,00450000
RPVPMLPKLHNFFDH66CB,大金山下段大金山下小段,1.37,都市：住,10000,33,持分移轉,00450012
RPXPMLPKLHNFFDH86CB,大金山下段大金山下小段,22.08,都市：住,10000,30,持分移轉,00450000
RPXPMLPKLHNFFDH86CB,大金山下段大金山下小段,1.24,都市：住,10000,30,持分移轉,00450012
RPWPMLPKLHNFFDH76CB,大金山下段大金山下小段,21.34,都市：住,10000,29,持分移轉,00450000
RPOQMLPKLHNFFDH68CB,大金山下段大金山下小段,20.61,都市：住,10000,28,持分移轉,00450000
RPWPMLPKLHNFFDH76CB,大金山下段大金山下小段,1.20,都市：住,10000,29,持分移轉,00450012
RPOQMLPKLHNFFDH68CB,大金山下段大金山下小段,1.16,都市：住,10000,28,持分移轉,00450012
RPRPMLPKLHNFFDH88CB,大金山下段大金山下小段,16.19,都市：住,10000,22,持分移轉,00450000
RPRPMLPKLHNFFDH88CB,大金山下段大金山下小段,.91,都市：住,10000,22,持分移轉,00450012
RPQQMLPKLHNFFDH88CB,大金山下段大金山下小段,15.45,都市：住,10000,21,持分移轉,00450000
RPQQMLPKLHNFFDH88CB,大金山下段大金山下小段,.87,都市：住,10000,21,持分移轉,00450012
RPSQMLPKLHNFFDH09CB,大金山下段大金山下小段,20.61,都市：住,10000,28,持分移轉,00450000
RPSQMLPKLHNFFDH09CB,大金山下段大金山下小段,1.16,都市：住,10000,28,持分移轉,00450012
RPVQMLPKLHNFFDH76CB,大金山下段大金山下小段,13.98,都市：住,10000,19,持分移轉,00450000
RPVQMLPKLHNFFDH76CB,大金山下段大金山下小段,.79,都市：住,10000,19,持分移轉,00450012
RPPQMLPKLHNFFDH78CB,大金山下段大金山下小段,15.45,都市：住,10000,21,持分移轉,00450000
RPPQMLPKLHNFFDH78CB,大金山下段大金山下小段,.87,都市：住,10000,21,持分移轉,00450012
RPWQMLPKLHNFFDH86CB,大金山下段大金山下小段,17.66,都市：住,10000,24,持分移轉,00450000
RPWQMLPKLHNFFDH86CB,大金山下段大金山下小段,.99,都市：住,10000,24,持分移轉,00450012
RPORMLPKLHNFFDH78CB,大金山下段大金山下小段,16.93,都市：住,10000,23,持分移轉,00450000
RPORMLPKLHNFFDH78CB,大金山下段大金山下小段,.95,都市：住,10000,23,持分移轉,00450012
RPUQMLPKLHNFFDH66CB,大金山下段大金山下小段,11.77,都市：住,10000,16,持分移轉,00450000
RPUQMLPKLHNFFDH66CB,大金山下段大金山下小段,.66,都市：住,10000,16,持分移轉,00450012
RPTQMLPKLHNFFDH56CB,大金山下段大金山下小段,22.81,都市：住,10000,31,持分移轉,00450000
RPTQMLPKLHNFFDH56CB,大金山下段大金山下小段,1.28,都市：住,10000,31,持分移轉,00450012
RPQRMLPKLHNFFDH98CB,大金山下段大金山下小段,13.98,都市：住,10000,19,持分移轉,00450000
RPQRMLPKLHNFFDH98CB,大金山下段大金山下小段,.79,都市：住,10000,19,持分移轉,00450012
RPQQMLQKLHNFFBH78CB,榮南段,18.18,都市：住,10000,68,持分移轉,07290000
RPXQMLPKLHNFFDH96CB,大金山下段大金山下小段,15.45,都市：住,10000,21,持分移轉,00450000
RPXQMLPKLHNFFDH96CB,大金山下段大金山下小段,.87,都市：住,10000,21,持分移轉,00450012
RPTQMLQKLHNFFBH09CB,榮南段,18.18,都市：住,10000,68,持分移轉,07290000
RPPNMLRKLHNFFBH48CB,榮南段,18.45,都市：住,10000,69,持分移轉,07290000
RPSQMLQKLHNFFBH98CB,榮南段,18.45,都市：住,10000,69,持分移轉,07290000
RPQNMLRKLHNFFBH58CB,榮南段,18.45,都市：住,10000,69,持分移轉,07290000
RPWQMLQKLHNFFBH76CB,榮南段,18.18,都市：住,10000,68,持分移轉,07290000
RPSNMLRKLHNFFBH78CB,榮南段,18.45,都市：住,10000,69,持分移轉,07290000
RPTNMLRKLHNFFBH88CB,榮南段,18.45,都市：住,10000,69,持分移轉,07290000
RPRQMLQKLHNFFBH88CB,榮南段,18.45,都市：住,10000,69,持分移轉,07290000
RPVNMLRKLHNFFBH09CB,榮南段,16.58,都市：住,10000,62,持分移轉,07290000
RPUNMLRKLHNFFBH98CB,榮南段,10.96,都市：住,10000,41,持分移轉,07290000
RPWNMLRKLHNFFBH56CB,榮南段,16.85,都市：住,10000,63,持分移轉,07290000
RPRNMLRKLHNFFBH68CB,榮南段,18.45,都市：住,10000,69,持分移轉,07290000
RPPNMLSKLHNFFBH58CB,榮南段,16.85,都市：住,10000,63,持分移轉,07290000
RPPOMLRKLHNFFBH58CB,榮南段,16.85,都市：住,10000,63,持分移轉,07290000
RPOOMLRKLHNFFBH48CB,榮南段,16.58,都市：住,10000,62,持分移轉,07290000
RPXNMLRKLHNFFBH66CB,榮南段,16.58,都市：住,10000,62,持分移轉,07290000
RPTNMLSKLHNFFBH98CB,榮南段,16.85,都市：住,10000,63,持分移轉,07290000
RPSNMLSKLHNFFBH88CB,榮南段,16.85,都市：住,10000,63,持分移轉,07290000
RPQNMLSKLHNFFBH68CB,榮南段,16.85,都市：住,10000,63,持分移轉,07290000
RPWNMLSKLHNFFBH66CB,榮南段,16.85,都市：住,10000,63,持分移轉,07290000
RPUNMLSKLHNFFBH09CB,榮南段,16.58,都市：住,10000,62,持分移轉,07290000
RPXNMLSKLHNFFBH76CB,榮南段,16.58,都市：住,10000,62,持分移轉,07290000
RPRNMLSKLHNFFBH78CB,榮南段,16.58,都市：住,10000,62,持分移轉,07290000
RPPOMLSKLHNFFBH68CB,榮南段,21.39,都市：住,10000,80,持分移轉,07290000
RPQOMLSKLHNFFBH78CB,榮南段,21.66,都市：住,10000,81,持分移轉,07290000
RPVNMLSKLHNFFBH56CB,榮南段,16.85,都市：住,10000,63,持分移轉,07290000
RPOOMLSKLHNFFBH58CB,榮南段,21.66,都市：住,10000,81,持分移轉,07290000
RPQRMLTKLHNFFBH56CB,榮南段,21.66,都市：住,10000,81,持分移轉,07290000
RPRRMLTKLHNFFBH66CB,榮南段,21.66,都市：住,10000,81,持分移轉,07290000
RPROMLSKLHNFFBH88CB,榮南段,21.66,都市：住,10000,81,持分移轉,07290000
RPURMLTKLHNFFBH96CB,榮南段,21.66,都市：住,10000,81,持分移轉,07290000
RPPRMLTKLHNFFBH09CB,榮南段,21.66,都市：住,10000,81,持分移轉,07290000
RPSRMLTKLHNFFBH76CB,榮南段,21.66,都市：住,10000,81,持分移轉,07290000
RPTRMLTKLHNFFBH86CB,榮南段,21.66,都市：住,10000,81,持分移轉,07290000
RPWRMLTKLHNFFBH17CB,榮南段,24.60,都市：住,10000,92,持分移轉,07290000
RPVRMLTKLHNFFBH07CB,榮南段,24.60,都市：住,10000,92,持分移轉,07290000
RPXRMLTKLHNFFBH27CB,榮南段,24.60,都市：住,10000,92,持分移轉,07290000
RPQSMLTKLHNFFBH66CB,榮南段,24.60,都市：住,10000,92,持分移轉,07290000
RPOSMLTKLHNFFBH09CB,榮南段,24.60,都市：住,10000,92,持分移轉,07290000
RPPSMLTKLHNFFBH56CB,榮南段,24.60,都市：住,10000,92,持分移轉,07290000
RPWOMLLLLHNFFBH78CB,榮南段,24.60,都市：住,10000,92,持分移轉,07290000
RPPPMLLLLHNFFBH18CB,榮南段,24.60,都市：住,10000,92,持分移轉,07290000
RPSPMLLLLHNFFBH48CB,榮南段,24.60,都市：住,10000,92,持分移轉,07290000
RPXOMLLLLHNFFBH88CB,榮南段,24.60,都市：住,10000,92,持分移轉,07290000
RPVPMLLLLHNFFBH78CB,榮南段,24.60,都市：住,10000,92,持分移轉,07290000
RPXPMLLLLHNFFBH98CB,榮南段,24.60,都市：住,10000,92,持分移轉,07290000
RPWPMLLLLHNFFBH88CB,榮南段,24.60,都市：住,10000,92,持分移轉,07290000
RPQQMLLLLHNFFBH38CB,榮南段,17.11,都市：住,10000,64,持分移轉,07290000
RPOQMLLLLHNFFBH18CB,榮南段,24.60,都市：住,10000,92,持分移轉,07290000
RPRQMLLLLHNFFBH48CB,榮南段,17.11,都市：住,10000,64,持分移轉,07290000
RPSQMLLLLHNFFBH58CB,榮南段,16.85,都市：住,10000,63,持分移轉,07290000
RPPQMLLLLHNFFBH28CB,榮南段,16.85,都市：住,10000,63,持分移轉,07290000
RPVQMLLLLHNFFBH88CB,榮南段,17.11,都市：住,10000,64,持分移轉,07290000
RPTQMLLLLHNFFBH68CB,榮南段,16.85,都市：住,10000,63,持分移轉,07290000
RPWQMLLLLHNFFBH98CB,榮南段,17.11,都市：住,10000,64,持分移轉,07290000
RPTRMLLLLHNFFBH78CB,榮南段,24.60,都市：住,10000,92,持分移轉,07290000
RPRRMLLLLHNFFBH58CB,榮南段,24.60,都市：住,10000,92,持分移轉,07290000
RPURMLLLLHNFFBH88CB,榮南段,24.60,都市：住,10000,92,持分移轉,07290000
RPWRMLLLLHNFFBH09CB,榮南段,24.60,都市：住,10000,92,持分移轉,07290000
RPORMLLLLHNFFBH28CB,榮南段,17.11,都市：住,10000,64,持分移轉,07290000
RPVRMLLLLHNFFBH98CB,榮南段,24.60,都市：住,10000,92,持分移轉,07290000
RPXRMLLLLHNFFBH56CB,榮南段,24.60,都市：住,10000,92,持分移轉,07290000
RPQSMLLLLHNFFBH58CB,榮南段,24.60,都市：住,10000,92,持分移轉,07290000
RPRSMLLLLHNFFBH68CB,榮南段,24.60,都市：住,10000,92,持分移轉,07290000
RPPSMLLLLHNFFBH48CB,榮南段,24.60,都市：住,10000,92,持分移轉,07290000
RPTSMLLLLHNFFBH88CB,榮南段,24.60,都市：住,10000,92,持分移轉,07290000
RPOTMLLLLHNFFBH48CB,榮南段,24.60,都市：住,10000,92,持分移轉,07290000
RPWSMLLLLHNFFBH56CB,榮南段,24.60,都市：住,10000,92,持分移轉,07290000
RPSSMLLLLHNFFBH78CB,榮南段,24.60,都市：住,10000,92,持分移轉,07290000
RPVSMLLLLHNFFBH09CB,榮南段,24.60,都市：住,10000,92,持分移轉,07290000
RPVNMLNLLHNFFAH68CB,同安段,38.39,都市：住,10000,42,持分移轉,17940000
RPWNMLNLLHNFFAH78CB,同安段,45.70,都市：住,10000,50,持分移轉,17940000
RPXNMLNLLHNFFAH88CB,同安段,45.70,都市：住,10000,50,持分移轉,17940000
RPPOMLNLLHNFFAH18CB,同安段,45.70,都市：住,10000,50,持分移轉,17940000
RPOOMLNLLHNFFAH08CB,同安段,45.70,都市：住,10000,50,持分移轉,17940000
RPSOMLNLLHNFFAH48CB,同安段,45.70,都市：住,10000,50,持分移轉,17940000
RPTOMLNLLHNFFAH58CB,同安段,45.70,都市：住,10000,50,持分移轉,17940000
RPUOMLNLLHNFFAH68CB,同安段,45.70,都市：住,10000,50,持分移轉,17940000
RPWOMLNLLHNFFAH88CB,同安段,45.70,都市：住,10000,50,持分移轉,17940000
RPROMLNLLHNFFAH38CB,同安段,45.70,都市：住,10000,50,持分移轉,17940000
RPVOMLNLLHNFFAH78CB,同安段,45.70,都市：住,10000,50,持分移轉,17940000
RPXOMLNLLHNFFAH98CB,同安段,45.70,都市：住,10000,50,持分移轉,17940000
RPRPMLNLLHNFFAH48CB,同安段,44.79,都市：住,10000,49,持分移轉,17940000
RPPPMLNLLHNFFAH28CB,同安段,45.70,都市：住,10000,50,持分移轉,17940000
RPOPMLNLLHNFFAH18CB,同安段,45.70,都市：住,10000,50,持分移轉,17940000
RPSPMLNLLHNFFAH58CB,同安段,44.79,都市：住,10000,49,持分移轉,17940000
RPQPMLNLLHNFFAH38CB,同安段,45.70,都市：住,10000,50,持分移轉,17940000
RPUPMLNLLHNFFAH78CB,同安段,44.79,都市：住,10000,49,持分移轉,17940000
RPTPMLNLLHNFFAH68CB,同安段,44.79,都市：住,10000,49,持分移轉,17940000
RPVPMLNLLHNFFAH88CB,同安段,44.79,都市：住,10000,49,持分移轉,17940000
RPWPMLNLLHNFFAH98CB,同安段,44.79,都市：住,10000,49,持分移轉,17940000
RPPQMLNLLHNFFAH38CB,同安段,44.79,都市：住,10000,49,持分移轉,17940000
RPSQMLNLLHNFFAH68CB,同安段,44.79,都市：住,10000,49,持分移轉,17940000
RPTQMLNLLHNFFAH78CB,同安段,44.79,都市：住,10000,49,持分移轉,17940000
RPOQMLNLLHNFFAH28CB,同安段,44.79,都市：住,10000,49,持分移轉,17940000
RPRQMLNLLHNFFAH58CB,同安段,44.79,都市：住,10000,49,持分移轉,17940000
RPXPMLNLLHNFFAH09CB,同安段,44.79,都市：住,10000,49,持分移轉,17940000
RPUQMLNLLHNFFAH88CB,同安段,44.79,都市：住,10000,49,持分移轉,17940000
RPXQMLNLLHNFFAH56CB,同安段,44.79,都市：住,10000,49,持分移轉,17940000
RPWQMLNLLHNFFAH09CB,同安段,44.79,都市：住,10000,49,持分移轉,17940000
RPORMLNLLHNFFAH38CB,同安段,44.79,都市：住,10000,49,持分移轉,17940000
RPPRMLNLLHNFFAH48CB,同安段,38.39,都市：住,10000,42,持分移轉,17940000
RPQRMLNLLHNFFAH58CB,同安段,36.56,都市：住,10000,40,持分移轉,17940000
RPSRMLNLLHNFFAH78CB,同安段,36.56,都市：住,10000,40,持分移轉,17940000
RPQQMLNLLHNFFAH48CB,同安段,44.79,都市：住,10000,49,持分移轉,17940000
RPVRMLNLLHNFFAH09CB,同安段,36.56,都市：住,10000,40,持分移轉,17940000
RPOSMLNLLHNFFAH48CB,同安段,36.56,都市：住,10000,40,持分移轉,17940000
RPTRMLNLLHNFFAH88CB,同安段,36.56,都市：住,10000,40,持分移轉,17940000
RPWRMLNLLHNFFAH56CB,同安段,36.56,都市：住,10000,40,持分移轉,17940000
RPURMLNLLHNFFAH98CB,同安段,36.56,都市：住,10000,40,持分移轉,17940000
RPVQMLNLLHNFFAH98CB,同安段,44.79,都市：住,10000,49,持分移轉,17940000
RPXRMLNLLHNFFAH66CB,同安段,36.56,都市：住,10000,40,持分移轉,17940000
RPRRMLNLLHNFFAH68CB,同安段,36.56,都市：住,10000,40,持分移轉,17940000
RPPSMLNLLHNFFAH58CB,同安段,36.56,都市：住,10000,40,持分移轉,17940000
RPQSMLNLLHNFFAH68CB,同安段,36.56,都市：住,10000,40,持分移轉,17940000
RPVSMLNLLHNFFAH56CB,同安段,36.56,都市：住,10000,40,持分移轉,17940000
RPSSMLNLLHNFFAH88CB,同安段,36.56,都市：住,10000,40,持分移轉,17940000
RPTSMLNLLHNFFAH98CB,同安段,45.70,都市：住,10000,50,持分移轉,17940000
RPRSMLNLLHNFFAH78CB,同安段,36.56,都市：住,10000,40,持分移轉,17940000
RPUSMLNLLHNFFAH09CB,同安段,43.87,都市：住,10000,48,持分移轉,17940000
RPXSMLNLLHNFFAH76CB,同安段,36.56,都市：住,10000,40,持分移轉,17940000
RPPTMLNLLHNFFAH68CB,同安段,36.56,都市：住,10000,40,持分移轉,17940000
RPWSMLNLLHNFFAH66CB,同安段,36.56,都市：住,10000,40,持分移轉,17940000
RPRTMLNLLHNFFAH88CB,同安段,36.56,都市：住,10000,40,持分移轉,17940000
RPOTMLNLLHNFFAH58CB,同安段,36.56,都市：住,10000,40,持分移轉,17940000
RPQTMLNLLHNFFAH78CB,同安段,36.56,都市：住,10000,40,持分移轉,17940000
RPSTMLNLLHNFFAH98CB,同安段,36.56,都市：住,10000,40,持分移轉,17940000
RPVTMLNLLHNFFAH66CB,同安段,36.56,都市：住,10000,40,持分移轉,17940000
RPTTMLNLLHNFFAH09CB,同安段,36.56,都市：住,10000,40,持分移轉,17940000
RPRUMLNLLHNFFAH98CB,同安段,44.79,都市：住,10000,49,持分移轉,17940000
RPSUMLNLLHNFFAH09CB,同安段,44.79,都市：住,10000,49,持分移轉,17940000
RPWTMLNLLHNFFAH76CB,同安段,45.70,都市：住,10000,50,持分移轉,17940000
RPQUMLNLLHNFFAH88CB,同安段,44.79,都市：住,10000,49,持分移轉,17940000
RPUTMLNLLHNFFAH56CB,同安段,36.56,都市：住,10000,40,持分移轉,17940000
RPTUMLNLLHNFFAH56CB,同安段,44.79,都市：住,10000,49,持分移轉,17940000
RPOUMLNLLHNFFAH68CB,同安段,44.79,都市：住,10000,49,持分移轉,17940000
RPPUMLNLLHNFFAH78CB,同安段,44.79,都市：住,10000,49,持分移轉,17940000
RPVUMLNLLHNFFAH76CB,同安段,44.79,都市：住,10000,49,持分移轉,17940000
RPXUMLNLLHNFFAH96CB,同安段,44.79,都市：住,10000,49,持分移轉,17940000
RPUUMLNLLHNFFAH66CB,同安段,44.79,都市：住,10000,49,持分移轉,17940000
RPWUMLNLLHNFFAH86CB,同安段,44.79,都市：住,10000,49,持分移轉,17940000
RPQVMLNLLHNFFAH98CB,同安段,44.79,都市：住,10000,49,持分移轉,17940000
RPOVMLNLLHNFFAH78CB,同安段,44.79,都市：住,10000,49,持分移轉,17940000
RPSVMLNLLHNFFAH56CB,同安段,44.79,都市：住,10000,49,持分移轉,17940000
RPPVMLNLLHNFFAH88CB,同安段,44.79,都市：住,10000,49,持分移轉,17940000
RPRVMLNLLHNFFAH09CB,同安段,44.79,都市：住,10000,49,持分移轉,17940000
RPXVMLNLLHNFFAH07CB,同安段,44.79,都市：住,10000,49,持分移轉,17940000
RPTVMLNLLHNFFAH66CB,同安段,44.79,都市：住,10000,49,持分移轉,17940000
RPWVMLNLLHNFFAH96CB,同安段,44.79,都市：住,10000,49,持分移轉,17940000
RPUVMLNLLHNFFAH76CB,同安段,44.79,都市：住,10000,49,持分移轉,17940000
RPPWMLNLLHNFFAH98CB,同安段,36.56,都市：住,10000,40,持分移轉,17940000
RPVVMLNLLHNFFAH86CB,同安段,44.79,都市：住,10000,49,持分移轉,17940000
RPRWMLNLLHNFFAH56CB,同安段,36.56,都市：住,10000,40,持分移轉,17940000
RPOWMLNLLHNFFAH88CB,同安段,44.79,都市：住,10000,49,持分移轉,17940000
RPTWMLNLLHNFFAH76CB,同安段,36.56,都市：住,10000,40,持分移轉,17940000
RPSWMLNLLHNFFAH66CB,同安段,36.56,都市：住,10000,40,持分移轉,17940000
RPVWMLNLLHNFFAH96CB,同安段,36.56,都市：住,10000,40,持分移轉,17940000
RPQWMLNLLHNFFAH09CB,同安段,36.56,都市：住,10000,40,持分移轉,17940000
RPUWMLNLLHNFFAH86CB,同安段,36.56,都市：住,10000,40,持分移轉,17940000
RPXWMLNLLHNFFAH17CB,同安段,36.56,都市：住,10000,40,持分移轉,17940000
RPWWMLNLLHNFFAH07CB,同安段,36.56,都市：住,10000,40,持分移轉,17940000
RPRNNLNLLHNFFAH38CB,同安段,36.56,都市：住,10000,40,持分移轉,17940000
RPPNNLNLLHNFFAH18CB,同安段,36.56,都市：住,10000,40,持分移轉,17940000
RPSNNLNLLHNFFAH48CB,同安段,36.56,都市：住,10000,40,持分移轉,17940000
RPONNLNLLHNFFAH08CB,同安段,36.56,都市：住,10000,40,持分移轉,17940000
RPQNNLNLLHNFFAH28CB,同安段,36.56,都市：住,10000,40,持分移轉,17940000
RPTNNLNLLHNFFAH58CB,同安段,36.56,都市：住,10000,40,持分移轉,17940000
RPUNNLNLLHNFFAH68CB,同安段,36.56,都市：住,10000,40,持分移轉,17940000
RPWNNLNLLHNFFAH88CB,同安段,36.56,都市：住,10000,40,持分移轉,17940000
RPOONLNLLHNFFAH18CB,同安段,36.56,都市：住,10000,40,持分移轉,17940000
RPXNNLNLLHNFFAH98CB,同安段,36.56,都市：住,10000,40,持分移轉,17940000
RPVNNLNLLHNFFAH78CB,同安段,38.39,都市：住,10000,42,持分移轉,17940000
RPRONLNLLHNFFAH48CB,同安段,36.56,都市：住,10000,40,持分移轉,17940000
RPPOMLRLLHNFFBH68CB,復興段,31.88,都市：住,10000,107,持分移轉,13760000
RPXNMLRLLHNFFBH76CB,復興段,31.88,都市：住,10000,107,持分移轉,13760000
RPQONLNLLHNFFAH38CB,同安段,36.56,都市：住,10000,40,持分移轉,17940000
RPPONLNLLHNFFAH28CB,同安段,36.56,都市：住,10000,40,持分移轉,17940000
RPUOMLRLLHNFFBH56CB,復興段,31.88,都市：住,10000,107,持分移轉,13760000
RPVOMLRLLHNFFBH66CB,復興段,31.88,都市：住,10000,107,持分移轉,13760000
RPOPMLRLLHNFFBH68CB,復興段,31.88,都市：住,10000,107,持分移轉,13760000
RPQOMLRLLHNFFBH78CB,復興段,31.88,都市：住,10000,107,持分移轉,13760000
RPROMLRLLHNFFBH88CB,復興段,31.88,都市：住,10000,107,持分移轉,13760000
RPPPMLRLLHNFFBH78CB,復興段,31.88,都市：住,10000,107,持分移轉,13760000
RPSOMLRLLHNFFBH98CB,復興段,31.88,都市：住,10000,107,持分移轉,13760000
RPXOMLRLLHNFFBH86CB,復興段,31.88,都市：住,10000,107,持分移轉,13760000
RPRPMLRLLHNFFBH98CB,復興段,31.88,都市：住,10000,107,持分移轉,13760000
RPXQMLRLLHNFFBH07CB,復興段,33.36,都市：住,10000,112,持分移轉,13760000
RPQPMLRLLHNFFBH88CB,復興段,31.88,都市：住,10000,107,持分移轉,13760000
RPXPMLRLLHNFFBH96CB,復興段,33.36,都市：住,10000,112,持分移轉,13760000
RPUPMLRLLHNFFBH66CB,復興段,33.36,都市：住,10000,112,持分移轉,13760000
RPORMLRLLHNFFBH88CB,復興段,33.36,都市：住,10000,112,持分移轉,13760000
RPSPMLRLLHNFFBH09CB,復興段,31.88,都市：住,10000,107,持分移轉,13760000
RPPQMLRLLHNFFBH88CB,復興段,33.36,都市：住,10000,112,持分移轉,13760000
RPOQMLRLLHNFFBH78CB,復興段,33.36,都市：住,10000,112,持分移轉,13760000
RPUQMLRLLHNFFBH76CB,復興段,33.36,都市：住,10000,112,持分移轉,13760000
RPQRMLRLLHNFFBH09CB,復興段,33.36,都市：住,10000,112,持分移轉,13760000
RPPRMLRLLHNFFBH98CB,復興段,33.36,都市：住,10000,112,持分移轉,13760000
RPPOMLTLLHNFFBH88CB,榮南段,24.60,都市：住,10000,92,持分移轉,07290000
RPRRMLRLLHNFFBH56CB,復興段,33.36,都市：住,10000,112,持分移轉,13760000
RPWRMLRLLHNFFBH07CB,復興段,33.36,都市：住,10000,112,持分移轉,13760000
RPURMLRLLHNFFBH86CB,復興段,33.36,都市：住,10000,112,持分移轉,13760000
RPUNMLKMLHNFFBH48CB,復興段,33.36,都市：住,10000,112,持分移轉,13760000
RPVNMLKMLHNFFBH58CB,復興段,33.36,都市：住,10000,112,持分移轉,13760000
RPTNMLKMLHNFFBH38CB,復興段,33.36,都市：住,10000,112,持分移轉,13760000
RPWNMLKMLHNFFBH68CB,復興段,33.36,都市：住,10000,112,持分移轉,13760000
RPOOMLKMLHNFFBH97CB,復興段,33.36,都市：住,10000,112,持分移轉,13760000
RPVOMLKMLHNFFBH68CB,復興段,33.36,都市：住,10000,112,持分移轉,13760000
RPXNMLKMLHNFFBH78CB,復興段,33.36,都市：住,10000,112,持分移轉,13760000
RPQOMLKMLHNFFBH18CB,復興段,33.36,都市：住,10000,112,持分移轉,13760000
RPPOMLKMLHNFFBH08CB,復興段,33.36,都市：住,10000,112,持分移轉,13760000
RPROMLKMLHNFFBH28CB,復興段,33.36,都市：住,10000,112,持分移轉,13760000
RPWOMLKMLHNFFBH78CB,復興段,33.36,都市：住,10000,112,持分移轉,13760000
RPOPMLKMLHNFFBH08CB,復興段,31.88,都市：住,10000,107,持分移轉,13760000
RPUOMLKMLHNFFBH58CB,復興段,33.36,都市：住,10000,112,持分移轉,13760000
RPXOMLKMLHNFFBH88CB,復興段,31.88,都市：住,10000,107,持分移轉,13760000
RPSPMLKMLHNFFBH48CB,復興段,31.88,都市：住,10000,107,持分移轉,13760000
RPPPMLKMLHNFFBH18CB,復興段,31.88,都市：住,10000,107,持分移轉,13760000
RPQQMLKMLHNFFBH38CB,復興段,31.88,都市：住,10000,107,持分移轉,13760000
RPVPMLKMLHNFFBH78CB,復興段,31.88,都市：住,10000,107,持分移轉,13760000
RPQPMLKMLHNFFBH28CB,復興段,31.88,都市：住,10000,107,持分移轉,13760000
RPWPMLKMLHNFFBH88CB,復興段,31.88,都市：住,10000,107,持分移轉,13760000
RPTPMLKMLHNFFBH58CB,復興段,31.88,都市：住,10000,107,持分移轉,13760000
RPUPMLKMLHNFFBH68CB,復興段,31.88,都市：住,10000,107,持分移轉,13760000
RPOQMLKMLHNFFBH18CB,復興段,31.88,都市：住,10000,107,持分移轉,13760000
RPPQMLKMLHNFFBH28CB,復興段,31.88,都市：住,10000,107,持分移轉,13760000
RPSQMLKMLHNFFBH58CB,復興段,31.88,都市：住,10000,107,持分移轉,13760000
RPRSMLKMLHNFFBH68CB,復興段,22.64,都市：住,10000,76,持分移轉,13760000
RPUSMLKMLHNFFBH98CB,復興段,22.64,都市：住,10000,76,持分移轉,13760000
RPVRMLKMLHNFFBH98CB,復興段,22.64,都市：住,10000,76,持分移轉,13760000
RPTRMLKMLHNFFBH78CB,復興段,22.64,都市：住,10000,76,持分移轉,13760000
RPTSMLKMLHNFFBH88CB,復興段,22.64,都市：住,10000,76,持分移轉,13760000
RPXRMLKMLHNFFBH56CB,復興段,22.64,都市：住,10000,76,持分移轉,13760000
RPOTMLKMLHNFFBH48CB,復興段,22.64,都市：住,10000,76,持分移轉,13760000
RPVSMLKMLHNFFBH09CB,復興段,22.64,都市：住,10000,76,持分移轉,13760000
RPSSMLKMLHNFFBH78CB,復興段,22.64,都市：住,10000,76,持分移轉,13760000
RPQTMLKMLHNFFBH68CB,復興段,22.64,都市：住,10000,76,持分移轉,13760000
RPPTMLKMLHNFFBH58CB,復興段,22.64,都市：住,10000,76,持分移轉,13760000
RPSTMLKMLHNFFBH88CB,復興段,22.64,都市：住,10000,76,持分移轉,13760000
RPUTMLKMLHNFFBH09CB,復興段,22.64,都市：住,10000,76,持分移轉,13760000
RPTTMLKMLHNFFBH98CB,復興段,22.64,都市：住,10000,76,持分移轉,13760000
RPSUMLKMLHNFFBH98CB,復興段,22.64,都市：住,10000,76,持分移轉,13760000
RPPVMLKMLHNFFBH78CB,復興段,22.64,都市：住,10000,76,持分移轉,13760000
RPTUMLKMLHNFFBH09CB,復興段,22.64,都市：住,10000,76,持分移轉,13760000
RPVTMLKMLHNFFBH56CB,復興段,22.64,都市：住,10000,76,持分移轉,13760000
RPQVMLKMLHNFFBH88CB,復興段,22.64,都市：住,10000,76,持分移轉,13760000
RPRUMLKMLHNFFBH88CB,復興段,22.64,都市：住,10000,76,持分移轉,13760000
RPXUMLKMLHNFFBH86CB,復興段,22.64,都市：住,10000,76,持分移轉,13760000
RPOQMLLMLHNFFBH28CB,復興段,23.24,都市：住,10000,78,持分移轉,13760000
RPQQMLLMLHNFFBH48CB,復興段,23.24,都市：住,10000,78,持分移轉,13760000
RPSQMLLMLHNFFBH68CB,復興段,23.24,都市：住,10000,78,持分移轉,13760000
RPPQMLLMLHNFFBH38CB,復興段,23.24,都市：住,10000,78,持分移轉,13760000
RPRQMLLMLHNFFBH58CB,復興段,23.24,都市：住,10000,78,持分移轉,13760000
RPORMLLMLHNFFBH38CB,復興段,23.24,都市：住,10000,78,持分移轉,13760000
RPPRMLLMLHNFFBH48CB,復興段,23.24,都市：住,10000,78,持分移轉,13760000
RPVQMLLMLHNFFBH98CB,復興段,23.24,都市：住,10000,78,持分移轉,13760000
RPTQMLLMLHNFFBH78CB,復興段,23.24,都市：住,10000,78,持分移轉,13760000
RPXQMLLMLHNFFBH56CB,復興段,23.24,都市：住,10000,78,持分移轉,13760000
RPQRMLLMLHNFFBH58CB,復興段,23.24,都市：住,10000,78,持分移轉,13760000
RPSRMLLMLHNFFBH78CB,復興段,22.94,都市：住,10000,77,持分移轉,13760000
RPSOMLSKMHNFFBH09CB,青平段,26.80,都市：商,10000,134,持分移轉,01000000
RPURMLLMLHNFFBH98CB,復興段,22.94,都市：住,10000,77,持分移轉,13760000
RPVRMLLMLHNFFBH09CB,復興段,22.94,都市：住,10000,77,持分移轉,13760000
RPPPMLSKMHNFFBH88CB,青平段,26.80,都市：商,10000,134,持分移轉,01000000
RPWOMLSKMHNFFBH86CB,青平段,26.80,都市：商,10000,134,持分移轉,01000000
RPUOMLSKMHNFFBH66CB,青平段,26.60,都市：商,10000,133,持分移轉,01000000
RPRPMLSKMHNFFBH09CB,青平段,26.80,都市：商,10000,134,持分移轉,01000000
RPTPMLSKMHNFFBH66CB,青平段,26.80,都市：商,10000,134,持分移轉,01000000
RPSPMLSKMHNFFBH56CB,青平段,26.80,都市：商,10000,134,持分移轉,01000000
RPQPMLSKMHNFFBH98CB,青平段,26.80,都市：商,10000,134,持分移轉,01000000
RPUPMLSKMHNFFBH76CB,青平段,26.60,都市：商,10000,133,持分移轉,01000000
RPWRMLLMLHNFFBH56CB,復興段,22.94,都市：住,10000,77,持分移轉,13760000
RPXPMLSKMHNFFBH07CB,青平段,26.80,都市：商,10000,134,持分移轉,01000000
RPOQMLSKMHNFFBH88CB,青平段,26.80,都市：商,10000,134,持分移轉,01000000
RPVPMLSKMHNFFBH86CB,青平段,26.80,都市：商,10000,134,持分移轉,01000000
RPQQMLSKMHNFFBH09CB,青平段,21.20,都市：商,10000,106,持分移轉,03580000
RPWPMLSKMHNFFBH96CB,青平段,20.00,都市：商,10000,100,持分移轉,03580000
RPVQMLSKMHNFFBH96CB,青平段,26.80,都市：商,10000,134,持分移轉,01000000
RPSQMLSKMHNFFBH66CB,青平段,26.80,都市：商,10000,134,持分移轉,01000000
RPUQMLSKMHNFFBH86CB,青平段,26.80,都市：商,10000,134,持分移轉,01000000
RPRQMLSKMHNFFBH56CB,青平段,26.80,都市：商,10000,134,持分移轉,01000000
RPTQMLSKMHNFFBH76CB,青平段,21.20,都市：商,10000,106,持分移轉,03580000
RPPQMLSKMHNFFBH98CB,青平段,21.20,都市：商,10000,106,持分移轉,03580000
RPWQMLSKMHNFFBH07CB,青平段,26.60,都市：商,10000,133,持分移轉,01000000
RPQRMLSKMHNFFBH56CB,青平段,26.80,都市：商,10000,134,持分移轉,01000000
RPRRMLSKMHNFFBH66CB,青平段,21.20,都市：商,10000,106,持分移轉,03580000
RPSRMLSKMHNFFBH76CB,青平段,26.60,都市：商,10000,133,持分移轉,01000000
RPORMLSKMHNFFBH98CB,青平段,21.20,都市：商,10000,106,持分移轉,03580000
RPTRMLSKMHNFFBH86CB,青平段,21.20,都市：商,10000,106,持分移轉,03580000
RPURMLSKMHNFFBH96CB,青平段,26.80,都市：商,10000,134,持分移轉,01000000
RPXQMLSKMHNFFBH17CB,青平段,26.80,都市：商,10000,134,持分移轉,01000000
RPOSMLSKMHNFFBH09CB,青平段,26.80,都市：商,10000,134,持分移轉,01000000
RPRSMLSKMHNFFBH76CB,青平段,26.80,都市：商,10000,134,持分移轉,01000000
RPSSMLSKMHNFFBH86CB,青平段,26.60,都市：商,10000,133,持分移轉,01000000
RPWRMLSKMHNFFBH17CB,青平段,26.60,都市：商,10000,133,持分移轉,01000000
RPXRMLSKMHNFFBH27CB,青平段,21.40,都市：商,10000,107,持分移轉,03580000
RPXSMLSKMHNFFBH37CB,青平段,26.80,都市：商,10000,134,持分移轉,01000000
RPWSMLSKMHNFFBH27CB,青平段,26.80,都市：商,10000,134,持分移轉,01000000
RPPTMLSKMHNFFBH66CB,青平段,21.20,都市：商,10000,106,持分移轉,03580000
RPQSMLSKMHNFFBH66CB,青平段,21.20,都市：商,10000,106,持分移轉,03580000
RPQTMLSKMHNFFBH76CB,青平段,26.80,都市：商,10000,134,持分移轉,01000000
RPUSMLSKMHNFFBH07CB,青平段,21.20,都市：商,10000,106,持分移轉,03580000
RPUTMLSKMHNFFBH17CB,青平段,26.40,都市：商,10000,132,持分移轉,03580000
RPVTMLSKMHNFFBH27CB,青平段,26.80,都市：商,10000,134,持分移轉,01000000
RPXTMLSKMHNFFBH47CB,青平段,26.80,都市：商,10000,134,持分移轉,01000000
RPPUMLSKMHNFFBH76CB,青平段,24.80,都市：商,10000,124,持分移轉,01000000
RPOUMLSKMHNFFBH66CB,青平段,24.80,都市：商,10000,124,持分移轉,01000000
RPRTMLSKMHNFFBH86CB,青平段,21.20,都市：商,10000,106,持分移轉,03580000
RPSTMLSKMHNFFBH96CB,青平段,26.60,都市：商,10000,133,持分移轉,01000000
RPSUMLSKMHNFFBH07CB,青平段,24.80,都市：商,10000,124,持分移轉,01000000
RPTUMLSKMHNFFBH17CB,青平段,24.80,都市：商,10000,124,持分移轉,01000000
RPWTMLSKMHNFFBH37CB,青平段,15.20,都市：商,10000,76,持分移轉,03580000
RPUUMLSKMHNFFBH27CB,青平段,24.80,都市：商,10000,124,持分移轉,01000000
RPRUMLSKMHNFFBH96CB,青平段,24.80,都市：商,10000,124,持分移轉,01000000
RPXUMLSKMHNFFBH57CB,青平段,15.20,都市：商,10000,76,持分移轉,03580000
RPPVMLSKMHNFFBH86CB,青平段,15.20,都市：商,10000,76,持分移轉,03580000
RPWUMLSKMHNFFBH47CB,青平段,24.60,都市：商,10000,123,持分移轉,01000000
RPVUMLSKMHNFFBH37CB,青平段,15.00,都市：商,10000,75,持分移轉,03580000
RPRVMLSKMHNFFBH07CB,青平段,15.20,都市：商,10000,76,持分移轉,03580000
RPOVMLSKMHNFFBH76CB,青平段,24.80,都市：商,10000,124,持分移轉,01000000
RPQVMLSKMHNFFBH96CB,青平段,22.00,都市：商,10000,110,持分移轉,01000000
RPUVMLSKMHNFFBH37CB,青平段,24.80,都市：商,10000,124,持分移轉,01000000
RPSVMLSKMHNFFBH17CB,青平段,24.80,都市：商,10000,124,持分移轉,01000000
RPXVMLSKMHNFFBH67CB,青平段,24.80,都市：商,10000,124,持分移轉,01000000
RPTVMLSKMHNFFBH27CB,青平段,15.20,都市：商,10000,76,持分移轉,03580000
RPWVMLSKMHNFFBH57CB,青平段,24.80,都市：商,10000,124,持分移轉,01000000
RPQWMLSKMHNFFBH07CB,青平段,15.20,都市：商,10000,76,持分移轉,03580000
RPPWMLSKMHNFFBH96CB,青平段,15.20,都市：商,10000,76,持分移轉,03580000
RPVVMLSKMHNFFBH47CB,青平段,15.20,都市：商,10000,76,持分移轉,03580000
RPRWMLSKMHNFFBH17CB,青平段,24.60,都市：商,10000,123,持分移轉,01000000
RPOWMLSKMHNFFBH86CB,青平段,15.20,都市：商,10000,76,持分移轉,03580000
RPSWMLSKMHNFFBH27CB,青平段,24.80,都市：商,10000,124,持分移轉,01000000
RPUWMLSKMHNFFBH47CB,青平段,15.20,都市：商,10000,76,持分移轉,03580000
RPTWMLSKMHNFFBH37CB,青平段,15.20,都市：商,10000,76,持分移轉,03580000
RPXWMLSKMHNFFBH77CB,青平段,23.00,都市：商,10000,115,持分移轉,03580000
RPWWMLSKMHNFFBH67CB,青平段,17.20,都市：商,10000,86,持分移轉,03580000
RPONNLSKMHNFFBH68CB,青平段,22.80,都市：商,10000,114,持分移轉,03580000
RPVWMLSKMHNFFBH57CB,青平段,15.20,都市：商,10000,76,持分移轉,03580000
RPQNNLSKMHNFFBH88CB,青平段,24.80,都市：商,10000,124,持分移轉,01000000
RPRNNLSKMHNFFBH98CB,青平段,22.80,都市：商,10000,114,持分移轉,03580000
RPSNNLSKMHNFFBH09CB,青平段,24.60,都市：商,10000,123,持分移轉,01000000
RPTNNLSKMHNFFBH56CB,青平段,22.80,都市：商,10000,114,持分移轉,03580000
RPXNNLSKMHNFFBH96CB,青平段,24.60,都市：商,10000,123,持分移轉,01000000
RPVNNLSKMHNFFBH76CB,青平段,15.20,都市：商,10000,76,持分移轉,03580000
RPUNNLSKMHNFFBH66CB,青平段,24.60,都市：商,10000,123,持分移轉,01000000
RPWNNLSKMHNFFBH86CB,青平段,24.60,都市：商,10000,123,持分移轉,01000000
RPOONLSKMHNFFBH78CB,青平段,24.60,都市：商,10000,123,持分移轉,01000000
RPPONLSKMHNFFBH88CB,青平段,23.00,都市：商,10000,115,持分移轉,03580000
RPTONLSKMHNFFBH66CB,青平段,15.00,都市：商,10000,75,持分移轉,03580000
RPQONLSKMHNFFBH98CB,青平段,24.60,都市：商,10000,123,持分移轉,01000000
RPRONLSKMHNFFBH09CB,青平段,23.00,都市：商,10000,115,持分移轉,03580000
RPWONLSKMHNFFBH96CB,青平段,24.60,都市：商,10000,123,持分移轉,01000000
RPVONLSKMHNFFBH86CB,青平段,15.20,都市：商,10000,76,持分移轉,03580000
RPXONLSKMHNFFBH07CB,青平段,15.20,都市：商,10000,76,持分移轉,03580000
RPOPNLSKMHNFFBH88CB,青平段,15.20,都市：商,10000,76,持分移轉,03580000
RPQPNLSKMHNFFBH09CB,青平段,15.20,都市：商,10000,76,持分移轉,03580000
RPTPNLSKMHNFFBH76CB,青平段,15.20,都市：商,10000,76,持分移轉,03580000
RPRPNLSKMHNFFBH56CB,青平段,24.60,都市：商,10000,123,持分移轉,01000000
RPWPNLSKMHNFFBH07CB,青平段,15.20,都市：商,10000,76,持分移轉,03580000
RPUPNLSKMHNFFBH86CB,青平段,15.20,都市：商,10000,76,持分移轉,03580000
RPVPNLSKMHNFFBH96CB,青平段,20.00,都市：商,10000,100,持分移轉,01000000
RPXPNLSKMHNFFBH17CB,青平段,15.20,都市：商,10000,76,持分移轉,03580000
RPPQNLSKMHNFFBH09CB,青平段,15.20,都市：商,10000,76,持分移轉,03580000
RPQQNLSKMHNFFBH56CB,青平段,24.40,都市：商,10000,122,持分移轉,01000000
RPUQNLSKMHNFFBH96CB,青平段,24.60,都市：商,10000,123,持分移轉,01000000
RPSQNLSKMHNFFBH76CB,青平段,24.60,都市：商,10000,123,持分移轉,01000000
RPRQNLSKMHNFFBH66CB,青平段,24.40,都市：商,10000,122,持分移轉,01000000
RPVQNLSKMHNFFBH07CB,青平段,24.60,都市：商,10000,123,持分移轉,01000000
RPTQNLSKMHNFFBH86CB,青平段,23.00,都市：商,10000,115,持分移轉,03580000
RPWQNLSKMHNFFBH17CB,青平段,15.00,都市：商,10000,75,持分移轉,03580000
RPPRNLSKMHNFFBH56CB,青平段,15.20,都市：商,10000,76,持分移轉,03580000
RPXQNLSKMHNFFBH27CB,青平段,24.60,都市：商,10000,123,持分移轉,01000000
RPRRNLSKMHNFFBH76CB,青平段,15.20,都市：商,10000,76,持分移轉,03580000
RPSRNLSKMHNFFBH86CB,青平段,23.40,都市：商,10000,117,持分移轉,01080000
RPQRNLSKMHNFFBH66CB,青平段,13.40,都市：商,10000,67,持分移轉,01080000
RPURNLSKMHNFFBH07CB,青平段,15.20,都市：商,10000,76,持分移轉,03580000
RPWRNLSKMHNFFBH27CB,青平段,15.20,都市：商,10000,76,持分移轉,03580000
RPXRNLSKMHNFFBH37CB,青平段,23.60,都市：商,10000,118,持分移轉,01080000
RPPSNLSKMHNFFBH66CB,青平段,23.60,都市：商,10000,118,持分移轉,01080000
RPOSNLSKMHNFFBH56CB,青平段,15.20,都市：商,10000,76,持分移轉,03580000
RPVRNLSKMHNFFBH17CB,青平段,23.40,都市：商,10000,117,持分移轉,01080000
RPQSNLSKMHNFFBH76CB,青平段,15.20,都市：商,10000,76,持分移轉,03580000
RPRSNLSKMHNFFBH86CB,青平段,15.20,都市：商,10000,76,持分移轉,03580000
RPTSNLSKMHNFFBH07CB,青平段,23.60,都市：商,10000,118,持分移轉,01080000
RPUSNLSKMHNFFBH17CB,青平段,15.20,都市：商,10000,76,持分移轉,03580000
RPOTNLSKMHNFFBH66CB,青平段,21.20,都市：商,10000,106,持分移轉,03580000
RPXSNLSKMHNFFBH47CB,青平段,23.60,都市：商,10000,118,持分移轉,01080000
RPQTNLSKMHNFFBH86CB,青平段,21.40,都市：商,10000,107,持分移轉,03580000
RPSSNLSKMHNFFBH96CB,青平段,15.20,都市：商,10000,76,持分移轉,03580000
RPWSNLSKMHNFFBH37CB,青平段,15.20,都市：商,10000,76,持分移轉,03580000
RPSTNLSKMHNFFBH07CB,青平段,21.20,都市：商,10000,106,持分移轉,03580000
RPPTNLSKMHNFFBH76CB,青平段,23.60,都市：商,10000,118,持分移轉,01080000
RPRTNLSKMHNFFBH96CB,青平段,23.60,都市：商,10000,118,持分移轉,01080000
RPTTNLSKMHNFFBH17CB,青平段,21.20,都市：商,10000,106,持分移轉,03580000
RPVTNLSKMHNFFBH37CB,青平段,21.20,都市：商,10000,106,持分移轉,03580000
RPWTNLSKMHNFFBH47CB,青平段,21.20,都市：商,10000,106,持分移轉,03580000
RPUTNLSKMHNFFBH27CB,青平段,23.60,都市：商,10000,118,持分移轉,01080000
RPXTNLSKMHNFFBH57CB,青平段,23.60,都市：商,10000,118,持分移轉,01080000
RPUUNLSKMHNFFBH37CB,青平段,23.60,都市：商,10000,118,持分移轉,01080000
RPTUNLSKMHNFFBH27CB,青平段,23.60,都市：商,10000,118,持分移轉,01080000
RPVUNLSKMHNFFBH47CB,青平段,23.60,都市：商,10000,118,持分移轉,01080000
RPSUNLSKMHNFFBH17CB,青平段,23.60,都市：商,10000,118,持分移轉,01080000
RPWUNLSKMHNFFBH57CB,青平段,23.60,都市：商,10000,118,持分移轉,01080000
RPXUNLSKMHNFFBH67CB,青平段,23.60,都市：商,10000,118,持分移轉,01080000
RPPVNLSKMHNFFBH96CB,青平段,11.60,都市：商,10000,58,持分移轉,01080000
RPOVNLSKMHNFFBH86CB,青平段,21.20,都市：商,10000,106,持分移轉,03580000
RPQVNLSKMHNFFBH07CB,青平段,21.20,都市：商,10000,106,持分移轉,03580000
RPRVNLSKMHNFFBH17CB,青平段,23.40,都市：商,10000,117,持分移轉,01080000
RPVVNLSKMHNFFBH57CB,青平段,23.20,都市：商,10000,116,持分移轉,01080000
RPSVNLSKMHNFFBH27CB,青平段,21.20,都市：商,10000,106,持分移轉,03580000
RPTVNLSKMHNFFBH37CB,青平段,23.00,都市：商,10000,115,持分移轉,01080000
RPUVNLSKMHNFFBH47CB,青平段,21.20,都市：商,10000,106,持分移轉,03580000
RPXVNLSKMHNFFBH77CB,青平段,23.20,都市：商,10000,116,持分移轉,01080000
RPWVNLSKMHNFFBH67CB,青平段,21.20,都市：商,10000,106,持分移轉,03580000
RPPWNLSKMHNFFBH07CB,青平段,23.20,都市：商,10000,116,持分移轉,01080000
RPOWNLSKMHNFFBH96CB,青平段,14.80,都市：商,10000,74,持分移轉,03580000
RPQWNLSKMHNFFBH17CB,青平段,15.20,都市：商,10000,76,持分移轉,03580000
RPSWNLSKMHNFFBH37CB,青平段,23.20,都市：商,10000,116,持分移轉,01080000
RPRWNLSKMHNFFBH27CB,青平段,15.20,都市：商,10000,76,持分移轉,03580000
RPVWNLSKMHNFFBH67CB,青平段,15.20,都市：商,10000,76,持分移轉,03580000
RPTWNLSKMHNFFBH47CB,青平段,15.20,都市：商,10000,76,持分移轉,03580000
RPWWNLSKMHNFFBH77CB,青平段,23.20,都市：商,10000,116,持分移轉,01080000
RPUWNLSKMHNFFBH57CB,青平段,23.20,都市：商,10000,116,持分移轉,01080000
RPXWNLSKMHNFFBH87CB,青平段,15.20,都市：商,10000,76,持分移轉,03580000
RPONOLSKMHNFFBH78CB,青平段,15.20,都市：商,10000,76,持分移轉,03580000
RPSNOLSKMHNFFBH56CB,青平段,23.20,都市：商,10000,116,持分移轉,01080000
RPPNOLSKMHNFFBH88CB,青平段,23.20,都市：商,10000,116,持分移轉,01080000
RPQNOLSKMHNFFBH98CB,青平段,15.20,都市：商,10000,76,持分移轉,03580000
RPTNOLSKMHNFFBH66CB,青平段,15.20,都市：商,10000,76,持分移轉,03580000
RPVNOLSKMHNFFBH86CB,青平段,22.80,都市：商,10000,114,持分移轉,03580000
RPOOOLSKMHNFFBH88CB,青平段,23.00,都市：商,10000,115,持分移轉,03580000
RPRNOLSKMHNFFBH09CB,青平段,15.20,都市：商,10000,76,持分移轉,03580000
RPXNOLSKMHNFFBH07CB,青平段,22.80,都市：商,10000,114,持分移轉,03580000
RPUNOLSKMHNFFBH76CB,青平段,23.20,都市：商,10000,116,持分移轉,01080000
RPWNOLSKMHNFFBH96CB,青平段,23.00,都市：商,10000,115,持分移轉,03580000
RPPOOLSKMHNFFBH98CB,青平段,22.80,都市：商,10000,114,持分移轉,03580000
RPTOOLSKMHNFFBH76CB,青平段,23.00,都市：商,10000,115,持分移轉,01080000
RPQOOLSKMHNFFBH09CB,青平段,23.00,都市：商,10000,115,持分移轉,03580000
RPSOOLSKMHNFFBH66CB,青平段,23.00,都市：商,10000,115,持分移轉,03580000
RPUOOLSKMHNFFBH86CB,青平段,23.00,都市：商,10000,115,持分移轉,03580000
RPXOOLSKMHNFFBH17CB,青平段,23.20,都市：商,10000,116,持分移轉,01080000
RPWOOLSKMHNFFBH07CB,青平段,23.20,都市：商,10000,116,持分移轉,01080000
RPQOMLTKMHNFFBH98CB,青平段,23.20,都市：商,10000,116,持分移轉,01080000
RPOPOLSKMHNFFBH98CB,青平段,22.80,都市：商,10000,114,持分移轉,03580000
RPSOMLTKMHNFFBH56CB,青平段,23.20,都市：商,10000,116,持分移轉,01080000
RPVOOLSKMHNFFBH96CB,青平段,22.80,都市：商,10000,114,持分移轉,03580000
RPXOMLTKMHNFFBH07CB,青平段,20.80,都市：商,10000,104,持分移轉,01080000
RPVOMLTKMHNFFBH86CB,青平段,20.80,都市：商,10000,104,持分移轉,01080000
RPUOMLTKMHNFFBH76CB,青平段,12.40,都市：商,10000,62,持分移轉,01080000
RPSPMLTKMHNFFBH66CB,復興段,22.64,都市：住,10000,76,持分移轉,13760000
RPPPMLTKMHNFFBH98CB,青平段,20.80,都市：商,10000,104,持分移轉,01080000
RPOPMLTKMHNFFBH88CB,青平段,20.80,都市：商,10000,104,持分移轉,01080000
RPTPMLTKMHNFFBH76CB,青平段,20.80,都市：商,10000,104,持分移轉,01080000
RPUPMLTKMHNFFBH86CB,青平段,20.80,都市：商,10000,104,持分移轉,01080000
RPWPMLTKMHNFFBH07CB,青平段,21.00,都市：商,10000,105,持分移轉,01080000
RPVPMLTKMHNFFBH96CB,復興段,22.94,都市：住,10000,77,持分移轉,13760000
RPXPMLTKMHNFFBH17CB,青平段,20.80,都市：商,10000,104,持分移轉,01080000
RPQQMLTKMHNFFBH56CB,青平段,20.80,都市：商,10000,104,持分移轉,01080000
RPSQMLTKMHNFFBH76CB,青平段,21.00,都市：商,10000,105,持分移轉,01080000
RPRQMLTKMHNFFBH66CB,青平段,20.80,都市：商,10000,104,持分移轉,01080000
RPTQMLTKMHNFFBH86CB,青平段,20.80,都市：商,10000,104,持分移轉,01080000
RPUQMLTKMHNFFBH96CB,青平段,20.80,都市：商,10000,104,持分移轉,01080000
RPWQMLTKMHNFFBH17CB,青平段,20.80,都市：商,10000,104,持分移轉,01080000
RPORMLTKMHNFFBH09CB,青平段,20.80,都市：商,10000,104,持分移轉,01080000
RPVQMLTKMHNFFBH07CB,青平段,20.80,都市：商,10000,104,持分移轉,01080000
RPSRMLTKMHNFFBH86CB,青平段,14.00,都市：商,10000,70,持分移轉,01080000
RPPRMLTKMHNFFBH56CB,青平段,15.40,都市：商,10000,77,持分移轉,01080000
RPQRMLTKMHNFFBH66CB,青平段,14.00,都市：商,10000,70,持分移轉,01080000
RPVRMLTKMHNFFBH17CB,青平段,14.00,都市：商,10000,70,持分移轉,01080000
RPURMLTKMHNFFBH07CB,青平段,14.00,都市：商,10000,70,持分移轉,01080000
RPSSMLTKMHNFFBH96CB,青平段,14.00,都市：商,10000,70,持分移轉,01080000
RPOUMLTKMHNFFBH76CB,青平段,14.00,都市：商,10000,70,持分移轉,01080000
RPTRMLTKMHNFFBH96CB,青平段,14.00,都市：商,10000,70,持分移轉,01080000
RPQUMLTKMHNFFBH96CB,青平段,14.00,都市：商,10000,70,持分移轉,01080000
RPPUMLTKMHNFFBH86CB,青平段,14.00,都市：商,10000,70,持分移轉,01080000
RPRSMLTKMHNFFBH86CB,青平段,13.80,都市：商,10000,69,持分移轉,01080000
RPSUMLTKMHNFFBH17CB,青平段,14.00,都市：商,10000,70,持分移轉,01080000
RPVUMLTKMHNFFBH47CB,青平段,14.00,都市：商,10000,70,持分移轉,01080000
RPTUMLTKMHNFFBH27CB,青平段,14.00,都市：商,10000,70,持分移轉,01080000
RPOVMLTKMHNFFBH86CB,青平段,14.00,都市：商,10000,70,持分移轉,01080000
RPWUMLTKMHNFFBH57CB,青平段,14.00,都市：商,10000,70,持分移轉,01080000
RPRVMLTKMHNFFBH17CB,青平段,21.20,都市：商,10000,106,持分移轉,01080000
RPXUMLTKMHNFFBH67CB,青平段,14.00,都市：商,10000,70,持分移轉,01080000
RPPVMLTKMHNFFBH96CB,青平段,21.20,都市：商,10000,106,持分移轉,01080000
RPQVMLTKMHNFFBH07CB,青平段,21.20,都市：商,10000,106,持分移轉,01080000
RPSVMLTKMHNFFBH27CB,青平段,21.20,都市：商,10000,106,持分移轉,01080000
RPTVMLTKMHNFFBH37CB,青平段,21.40,都市：商,10000,107,持分移轉,01080000
RPUVMLTKMHNFFBH47CB,青平段,21.20,都市：商,10000,106,持分移轉,01080000
RPVVMLTKMHNFFBH57CB,青平段,21.20,都市：商,10000,106,持分移轉,01080000
RPOWMLTKMHNFFBH96CB,青平段,21.20,都市：商,10000,106,持分移轉,01080000
RPXVMLTKMHNFFBH77CB,青平段,21.40,都市：商,10000,107,持分移轉,01080000
RPSWMLTKMHNFFBH37CB,青平段,21.20,都市：商,10000,106,持分移轉,01080000
RPWVMLTKMHNFFBH67CB,青平段,21.20,都市：商,10000,106,持分移轉,01080000
RPPWMLTKMHNFFBH07CB,青平段,25.60,都市：商,10000,128,持分移轉,01080000
RPTWMLTKMHNFFBH47CB,青平段,21.20,都市：商,10000,106,持分移轉,01080000
RPVWMLTKMHNFFBH67CB,青平段,21.20,都市：商,10000,106,持分移轉,01080000
RPWWMLTKMHNFFBH77CB,青平段,21.20,都市：商,10000,106,持分移轉,01080000
RPUWMLTKMHNFFBH57CB,青平段,21.40,都市：商,10000,107,持分移轉,01080000
RPWQMLKMMHNFFBH09CB,振興段,23.54,都市：住,10000,64,持分移轉,05090000
RPUQMLKMMHNFFBH88CB,振興段,17.29,都市：住,10000,47,持分移轉,05090000
RPTQMLKMMHNFFBH78CB,振興段,25.38,都市：住,10000,69,持分移轉,05090000
RPVRMLKMMHNFFBH09CB,振興段,16.55,都市：住,10000,45,持分移轉,05090000
RPSRMLKMMHNFFBH78CB,振興段,17.29,都市：住,10000,47,持分移轉,05090000
RPQRMLKMMHNFFBH58CB,振興段,17.29,都市：住,10000,47,持分移轉,05090000
RPSSMLKMMHNFFBH88CB,振興段,23.54,都市：住,10000,64,持分移轉,05090000
RPOSMLKMMHNFFBH48CB,振興段,23.54,都市：住,10000,64,持分移轉,05090000
RPTRMLKMMHNFFBH88CB,振興段,23.54,都市：住,10000,64,持分移轉,05090000
RPXRMLKMMHNFFBH66CB,振興段,18.39,都市：住,10000,50,持分移轉,05090000
RPWSMLKMMHNFFBH66CB,振興段,17.29,都市：住,10000,47,持分移轉,05090000
RPRTMLKMMHNFFBH88CB,振興段,23.54,都市：住,10000,64,持分移轉,05090000
RPQTMLKMMHNFFBH78CB,振興段,16.55,都市：住,10000,45,持分移轉,05090000
RPPUMLKMMHNFFBH78CB,振興段,23.54,都市：住,10000,64,持分移轉,05090000
RPWTMLKMMHNFFBH76CB,振興段,17.29,都市：住,10000,47,持分移轉,05090000
RPVTMLKMMHNFFBH66CB,振興段,17.29,都市：住,10000,47,持分移轉,05090000
RPUTMLKMMHNFFBH56CB,振興段,23.54,都市：住,10000,64,持分移轉,05090000
RPTUMLKMMHNFFBH56CB,振興段,16.55,都市：住,10000,45,持分移轉,05090000
RPSUMLKMMHNFFBH09CB,振興段,24.64,都市：住,10000,67,持分移轉,05090000
RPXUMLKMMHNFFBH96CB,振興段,23.54,都市：住,10000,64,持分移轉,05090000
RPPVMLKMMHNFFBH88CB,振興段,16.55,都市：住,10000,45,持分移轉,05090000
RPQVMLKMMHNFFBH98CB,振興段,17.29,都市：住,10000,47,持分移轉,05090000
RPQWMLKMMHNFFBH09CB,振興段,16.55,都市：住,10000,45,持分移轉,05090000
RPQNNLKMMHNFFBH28CB,振興段,23.54,都市：住,10000,64,持分移轉,05090000
RPTNNLKMMHNFFBH58CB,振興段,17.29,都市：住,10000,47,持分移轉,05090000
RPXVMLKMMHNFFBH07CB,振興段,16.55,都市：住,10000,45,持分移轉,05090000
RPQONLKMMHNFFBH38CB,振興段,17.29,都市：住,10000,47,持分移轉,05090000
RPPWMLKMMHNFFBH98CB,振興段,17.29,都市：住,10000,47,持分移轉,05090000
RPRONLKMMHNFFBH48CB,振興段,16.55,都市：住,10000,45,持分移轉,05090000
RPWWMLKMMHNFFBH07CB,振興段,23.54,都市：住,10000,64,持分移轉,05090000
RPSNNLKMMHNFFBH48CB,振興段,18.39,都市：住,10000,50,持分移轉,05090000
RPTONLKMMHNFFBH68CB,振興段,23.54,非都市： ; 非都市編定：,10000,64,持分移轉,05090000
RPVONLKMMHNFFBH88CB,振興段,16.55,都市：住,10000,45,持分移轉,05090000
RPWPNLKMMHNFFBH09CB,振興段,16.55,都市：住,10000,45,持分移轉,05090000
RPPPNLKMMHNFFBH38CB,振興段,17.29,都市：住,10000,47,持分移轉,05090000
RPQQNLKMMHNFFBH58CB,振興段,23.54,都市：住,10000,64,持分移轉,05090000
RPSPNLKMMHNFFBH68CB,振興段,17.29,都市：住,10000,47,持分移轉,05090000
RPUONLKMMHNFFBH78CB,振興段,16.55,都市：住,10000,45,持分移轉,05090000
RPPQNLKMMHNFFBH48CB,振興段,17.29,都市：住,10000,47,持分移轉,05090000
RPRPNLKMMHNFFBH58CB,振興段,23.54,都市：住,10000,64,持分移轉,05090000
RPUQNLKMMHNFFBH98CB,振興段,17.29,都市：住,10000,47,持分移轉,05090000
RPRQNLKMMHNFFBH68CB,振興段,16.55,都市：住,10000,45,持分移轉,05090000
RPWQNLKMMHNFFBH56CB,振興段,18.39,都市：住,10000,50,持分移轉,05090000
RPQSNLKMMHNFFBH78CB,振興段,26.85,都市：住,10000,73,持分移轉,05090000
RPRSNLKMMHNFFBH88CB,振興段,23.54,都市：住,10000,64,持分移轉,05090000
RPSSNLKMMHNFFBH98CB,振興段,23.54,都市：住,10000,64,持分移轉,05090000
RPVSNLKMMHNFFBH66CB,振興段,23.54,都市：住,10000,64,持分移轉,05090000
RPXSNLKMMHNFFBH86CB,振興段,23.54,都市：住,10000,64,持分移轉,05090000
RPPSNLKMMHNFFBH68CB,振興段,23.54,都市：住,10000,64,持分移轉,05090000
RPUSNLKMMHNFFBH56CB,振興段,23.54,都市：住,10000,64,持分移轉,05090000
RPWSNLKMMHNFFBH76CB,振興段,23.54,都市：住,10000,64,持分移轉,05090000
RPSTNLKMMHNFFBH09CB,振興段,23.54,都市：住,10000,64,持分移轉,05090000
RPOTNLKMMHNFFBH68CB,振興段,23.54,都市：住,10000,64,持分移轉,05090000
RPTTNLKMMHNFFBH56CB,振興段,23.54,都市：住,10000,64,持分移轉,05090000
RPRTNLKMMHNFFBH98CB,振興段,23.54,都市：住,10000,64,持分移轉,05090000
RPPTNLKMMHNFFBH78CB,振興段,23.54,都市：住,10000,64,持分移轉,05090000
RPVTNLKMMHNFFBH76CB,振興段,23.54,都市：住,10000,64,持分移轉,05090000
RPPUNLKMMHNFFBH88CB,振興段,23.54,都市：住,10000,64,持分移轉,05090000
RPWTNLKMMHNFFBH86CB,振興段,23.54,都市：住,10000,64,持分移轉,05090000
RPUTNLKMMHNFFBH66CB,振興段,27.22,都市：住,10000,74,持分移轉,05090000
RPQUNLKMMHNFFBH98CB,振興段,23.54,都市：住,10000,64,持分移轉,05090000
RPXTNLKMMHNFFBH96CB,振興段,23.54,都市：住,10000,64,持分移轉,05090000
RPTUNLKMMHNFFBH66CB,振興段,27.22,都市：住,10000,74,持分移轉,05090000
RPRUNLKMMHNFFBH09CB,振興段,23.54,都市：住,10000,64,持分移轉,05090000
RPVUNLKMMHNFFBH86CB,振興段,23.54,都市：住,10000,64,持分移轉,05090000
RPUUNLKMMHNFFBH76CB,振興段,23.54,非都市： ; 非都市編定：,10000,64,持分移轉,05090000
RPXUNLKMMHNFFBH07CB,振興段,23.54,都市：住,10000,64,持分移轉,05090000
RPOVNLKMMHNFFBH88CB,振興段,23.54,都市：住,10000,64,持分移轉,05090000
RPQVNLKMMHNFFBH09CB,振興段,23.54,都市：住,10000,64,持分移轉,05090000
RPPVNLKMMHNFFBH98CB,振興段,23.54,都市：住,10000,64,持分移轉,05090000
RPWUNLKMMHNFFBH96CB,振興段,23.54,都市：住,10000,64,持分移轉,05090000
RPSVNLKMMHNFFBH66CB,振興段,23.54,都市：住,10000,64,持分移轉,05090000
RPTVNLKMMHNFFBH76CB,振興段,23.54,都市：住,10000,64,持分移轉,05090000
RPRVNLKMMHNFFBH56CB,振興段,.20,非都市： ; 非都市編定：,10000,74,持分移轉,05090000
RPVVNLKMMHNFFBH96CB,振興段,23.54,都市：住,10000,64,持分移轉,05090000
RPWVNLKMMHNFFBH07CB,振興段,23.54,都市：住,10000,64,持分移轉,05090000
RPPWNLKMMHNFFBH09CB,振興段,23.54,都市：住,10000,64,持分移轉,05090000
RPXVNLKMMHNFFBH17CB,振興段,26.85,都市：住,10000,73,持分移轉,05090000
RPUVNLKMMHNFFBH86CB,振興段,23.54,都市：住,10000,64,持分移轉,05090000
RPRWNLKMMHNFFBH66CB,振興段,23.54,都市：住,10000,64,持分移轉,05090000
RPOWNLKMMHNFFBH98CB,振興段,23.54,都市：住,10000,64,持分移轉,05090000
RPWWNLKMMHNFFBH17CB,振興段,23.54,都市：住,10000,64,持分移轉,05090000
RPVWNLKMMHNFFBH07CB,振興段,23.54,都市：住,10000,64,持分移轉,05090000
RPTWNLKMMHNFFBH86CB,振興段,23.54,都市：住,10000,64,持分移轉,05090000
RPQWNLKMMHNFFBH56CB,振興段,26.85,都市：住,10000,73,持分移轉,05090000
RPPNOLKMMHNFFBH28CB,振興段,23.54,都市：住,10000,64,持分移轉,05090000
RPONOLKMMHNFFBH18CB,振興段,23.54,都市：住,10000,64,持分移轉,05090000
RPUWNLKMMHNFFBH96CB,振興段,23.54,都市：住,10000,64,持分移轉,05090000
RPXWNLKMMHNFFBH27CB,振興段,26.85,都市：住,10000,73,持分移轉,05090000
RPRNOLKMMHNFFBH48CB,振興段,23.54,都市：住,10000,64,持分移轉,05090000
RPXNOLKMMHNFFBH09CB,振興段,23.54,都市：住,10000,64,持分移轉,05090000
RPSNOLKMMHNFFBH58CB,振興段,27.22,都市：住,10000,74,持分移轉,05090000
RPQNOLKMMHNFFBH38CB,振興段,23.54,都市：住,10000,64,持分移轉,05090000
RPTNOLKMMHNFFBH68CB,振興段,23.54,都市：住,10000,64,持分移轉,05090000
RPQOOLKMMHNFFBH48CB,振興段,26.85,都市：住,10000,73,持分移轉,05090000
RPOOOLKMMHNFFBH28CB,振興段,23.54,都市：住,10000,64,持分移轉,05090000
RPSOOLKMMHNFFBH68CB,振興段,23.54,都市：住,10000,64,持分移轉,05090000
RPTOOLKMMHNFFBH78CB,振興段,23.54,都市：住,10000,64,持分移轉,05090000
RPPOOLKMMHNFFBH38CB,振興段,23.54,都市：住,10000,64,持分移轉,05090000
RPROOLKMMHNFFBH58CB,振興段,23.54,都市：住,10000,64,持分移轉,05090000
RPUOOLKMMHNFFBH88CB,振興段,23.54,都市：住,10000,64,持分移轉,05090000
RPXOOLKMMHNFFBH56CB,振興段,23.54,都市：住,10000,64,持分移轉,05090000
RPVOOLKMMHNFFBH98CB,振興段,23.54,都市：住,10000,64,持分移轉,05090000
RPOPOLKMMHNFFBH38CB,振興段,23.54,都市：住,10000,64,持分移轉,05090000
RPWOOLKMMHNFFBH09CB,振興段,23.54,都市：住,10000,64,持分移轉,05090000
RPQPOLKMMHNFFBH58CB,振興段,23.54,都市：住,10000,64,持分移轉,05090000
RPPPOLKMMHNFFBH48CB,振興段,23.54,都市：住,10000,64,持分移轉,05090000
RPSPOLKMMHNFFBH78CB,振興段,26.85,都市：住,10000,73,持分移轉,05090000
RPRPOLKMMHNFFBH68CB,振興段,23.54,都市：住,10000,64,持分移轉,05090000
RPOQOLKMMHNFFBH48CB,振興段,23.54,都市：住,10000,64,持分移轉,05090000
RPWPOLKMMHNFFBH56CB,振興段,23.54,都市：住,10000,64,持分移轉,05090000
RPVPOLKMMHNFFBH09CB,振興段,23.54,都市：住,10000,64,持分移轉,05090000
RPTQOLKMMHNFFBH98CB,振興段,23.54,都市：住,10000,64,持分移轉,05090000
RPPQOLKMMHNFFBH58CB,振興段,23.54,都市：住,10000,64,持分移轉,05090000
RPXPOLKMMHNFFBH66CB,振興段,23.54,都市：住,10000,64,持分移轉,05090000
RPRQOLKMMHNFFBH78CB,振興段,23.54,都市：住,10000,64,持分移轉,05090000
RPSQOLKMMHNFFBH88CB,振興段,23.54,都市：住,10000,64,持分移轉,05090000
RPUQOLKMMHNFFBH09CB,振興段,23.54,都市：住,10000,64,持分移轉,05090000
RPVQOLKMMHNFFBH56CB,振興段,23.54,都市：住,10000,64,持分移轉,05090000
RPWQOLKMMHNFFBH66CB,振興段,27.22,都市：住,10000,74,持分移轉,05090000
RPXQOLKMMHNFFBH76CB,振興段,23.54,都市：住,10000,64,持分移轉,05090000
RPRROLKMMHNFFBH88CB,振興段,23.54,都市：住,10000,64,持分移轉,05090000
RPQROLKMMHNFFBH78CB,振興段,23.54,都市：住,10000,64,持分移轉,05090000
RPSROLKMMHNFFBH98CB,振興段,27.22,都市：住,10000,74,持分移轉,05090000
RPVROLKMMHNFFBH66CB,振興段,23.54,都市：住,10000,64,持分移轉,05090000
RPUROLKMMHNFFBH56CB,振興段,23.54,都市：住,10000,64,持分移轉,05090000
RPTROLKMMHNFFBH09CB,振興段,23.54,都市：住,10000,64,持分移轉,05090000
RPPSOLKMMHNFFBH78CB,振興段,23.54,都市：住,10000,64,持分移轉,05090000
RPWROLKMMHNFFBH76CB,振興段,23.54,都市：住,10000,64,持分移轉,05090000
