﻿鄉鎮市區,交易標的,土地位置建物門牌,土地面積平方公尺,都市土地使用分區,非都市土地使用分區,非都市土地使用編定,租賃年月日,租賃筆棟數,租賃層次,總樓層數,建物型態,主要用途,主要建材,建築完成年月,建物總面積平方公尺,建物現況格局-房,建物現況格局-廳,建物現況格局-衛,建物現況格局-隔間,有無管理組織,有無附傢俱,總額元,單價元平方公尺,車位類別,車位面積平方公尺,車位總額元,備註,編號
The villages and towns urban district,transaction sign,land sector position building sector house number plate,land shifting total area square meter,the use zoning or compiles and checks,the non-metropolis land use district,non-metropolis land use,transaction year month and day,transaction pen number,shifting level,total floor number,building state,main use,main building materials,construction to complete the years,building shifting total area,Building present situation pattern - room,building present situation pattern - hall,building present situation pattern - health,building present situation pattern - compartmented,Whether there is manages the organization,Whether there is attaches the furniture,total price NTD,the unit price (NTD / square meter),the berth category,berth shifting total area square meter,the berth total price NTD,the note,serial number
嘉義市,建物,嘉義市嘉義市忠孝路790之10號12樓之1,0.0,住,,,1070202,土地0建物1車位2,十二層,14,住宅大樓(11層含以上有電梯),見其他登記事項,見其他登記事項,1050510,151.51,2,2,2,有,有,有,40000,264,坡道機械,0.0,0,,RPXNMLMKKHNFFAI78CC
嘉義市,房地(土地+建物),嘉義市嘉義市仁愛路502號1樓,246.0,商,,,1070206,土地2建物1車位0,一層,3,店面(店鋪),見其他登記事項,鋼筋混凝土造,0850920,246.0,0,0,0,無,無,無,123000,500,,0.0,0,,RPTNMLNLKHNFFAI58CC
嘉義市,房地(土地+建物),嘉義市嘉義市忠孝路790-61號5樓1,19.6,住,,,1070207,土地1建物1車位0,五層,11,住宅大樓(11層含以上有電梯),住家用,鋼筋混凝土造,0841004,120.7,3,2,2,有,有,有,11000,91,,0.0,0,,RPUNMLNLKHNFFAI68CC
嘉義市,房地(土地+建物),嘉義市嘉義市中庄里22鄰秀園新村72號,75.0,住,,,1070210,土地2建物1車位0,全,2,透天厝,住家用,鋼筋混凝土加強磚造,0631014,83.87,2,2,2,有,無,無,6000,72,,0.0,0,,RPVNMLNLKHNFFAI78CC
嘉義市,房地(土地+建物),嘉義市嘉義市博東路117號11樓2,9.65,住,,,1070201,土地1建物1車位0,十一層,22,住宅大樓(11層含以上有電梯),住家用,鋼筋混凝土造,0870319,84.41,2,2,1,有,有,有,9000,107,,0.0,0,,RPQNMLNLKHNFFAI38DC
嘉義市,房地(土地+建物),嘉義市嘉義市博東路117號8樓2,9.65,住,,,1070202,土地1建物1車位0,八層,22,住宅大樓(11層含以上有電梯),住家用,鋼筋混凝土造,0870319,84.41,2,2,1,有,有,有,9000,107,,0.0,0,,RPRNMLNLKHNFFAI48DC
嘉義市,房地(土地+建物),嘉義市嘉義市忠孝路467號3樓1,26.55,住,,,1070206,土地1建物1車位0,三層,5,公寓(5樓含以下無電梯),住家用,鋼筋混凝土造,0730623,87.94,3,2,2,有,無,有,7500,85,,0.0,0,,RPQOMLRLKHNFFAI88DC
嘉義市,房地(土地+建物),嘉義市嘉義市博東路151號7樓4,18.5,住,,,1070213,土地1建物1車位0,七層,22,住宅大樓(11層含以上有電梯),住家用,鋼筋混凝土造,0870319,147.54,3,2,2,有,有,有,12000,81,,0.0,0,,RPQNMLPJLHNFFAI48DC
嘉義市,房地(土地+建物),嘉義市嘉義市博東路151號18樓2,15.28,住,,,1070214,土地1建物1車位0,十八層,22,住宅大樓(11層含以上有電梯),住家用,鋼筋混凝土造,0870319,124.74,3,2,2,有,有,無,8500,68,,0.0,0,,RPRNMLPJLHNFFAI58DC
嘉義市,房地(土地+建物),嘉義市嘉義市博東路115號16樓2,14.48,住,,,1070214,土地1建物1車位0,十六層,22,住宅大樓(11層含以上有電梯),住家用,鋼筋混凝土造,0870319,115.37,2,2,2,有,有,有,11352,98,,0.0,0,含管理費、稅金或水電等費用。,RPSNMLPJLHNFFAI68DC
嘉義市,房地(土地+建物),嘉義市嘉義市博東路155號17樓2,15.28,住,,,1070221,土地1建物1車位0,十七層,22,住宅大樓(11層含以上有電梯),住家用,鋼筋混凝土造,0870319,124.73,3,2,2,有,有,無,9500,76,,0.0,0,,RPVNMLNKLHNFFAI88DC
嘉義市,房地(土地+建物),嘉義市嘉義市博東路155號5樓4,18.5,住,,,1070224,土地1建物1車位0,五層,22,住宅大樓(11層含以上有電梯),住家用,鋼筋混凝土造,0870319,147.54,4,2,2,有,有,有,12000,81,,0.0,0,,RPXNMLNKLHNFFAI09DC
嘉義市,房地(土地+建物),嘉義市嘉義市永福一街42號,10.51,住,,,1070216,土地1建物1車位0,一層,8,華廈(10層含以下有電梯),住家用,鋼筋混凝土造,0800403,76.93,2,1,1,有,有,有,6000,78,,0.0,0,,RPOOMLPKLHNFFAI38CC
嘉義市,房地(土地+建物),嘉義市嘉義市大統路226號,43.71,住,,,1070315,土地1建物1車位0,一層,7,華廈(10層含以下有電梯),住商用,鋼筋混凝土造,0820217,103.93,0,0,0,無,無,有,18000,173,,0.0,0,,RPROMLPKLHNFFAI68CC
嘉義市,建物,嘉義市嘉義市西區志昇街101號14樓之1,0.0,住,,,1070315,土地0建物1車位0,十四層,14,住宅大樓(11層含以上有電梯),住家用,鋼筋混凝土造,0931101,188.64,3,2,2,有,有,無,12000,64,,0.0,0,起租日為107年3月23日另租金內含每月管理費1050元,RPXNMLTKLHNFFAI96CC
嘉義市,房地(土地+建物),嘉義市嘉義市博東路155號14樓2,15.28,住,,,1070226,土地1建物1車位0,十四層,22,住宅大樓(11層含以上有電梯),住家用,鋼筋混凝土造,0870319,124.74,3,2,2,有,有,有,10000,80,,0.0,0,,RPWNMLTKLHNFFAI96DC
嘉義市,房地(土地+建物),嘉義市嘉義市博東路151號3樓1,14.48,住,,,1070301,土地1建物1車位0,三層,22,住宅大樓(11層含以上有電梯),住家用,鋼筋混凝土造,0870319,119.94,3,2,2,有,有,有,11000,92,,0.0,0,,RPUNMLKLLHNFFAI58DC
嘉義市,房地(土地+建物),嘉義市嘉義市博東路155號10樓3,18.5,住,,,1070301,土地1建物1車位0,十層,22,住宅大樓(11層含以上有電梯),住家用,鋼筋混凝土造,0870319,151.04,3,2,2,有,有,有,12000,79,,0.0,0,,RPVNMLKLLHNFFAI68DC
嘉義市,房地(土地+建物)+車位,嘉義市嘉義市忠孝路790之12號七樓之5,14.18,住,,,1070309,土地1建物1車位0,七層,14,住宅大樓(11層含以上有電梯),見其他登記事項,見其他登記事項,1050510,74.76,0,0,0,無,有,有,16666,223,坡道機械,26.42,0,,RPQNMLMLLHNFFAI28CC
嘉義市,建物,嘉義市嘉義市國華街306號,0.0,,,,1070306,土地0建物0車位0,全,5,透天厝,見其他登記事項,見其他登記事項,1041110,26.45,1,0,1,有,無,有,9000,340,,0.0,0,含管理費、稅金或水電等費用。續租。,RPUNMLQLLHNFFAI56DC
嘉義市,房地(土地+建物),嘉義市嘉義市博東路157號7樓2,13.67,住,,,1070309,土地1建物1車位0,七層,22,住宅大樓(11層含以上有電梯),住家用,鋼筋混凝土造,0870319,112.72,3,2,2,有,有,有,10000,89,,0.0,0,,RPTNMLSLLHNFFAI66DC
嘉義市,房地(土地+建物),嘉義市嘉義市博東路115號5樓4,9.65,住,,,1070309,土地1建物1車位0,五層,22,住宅大樓(11層含以上有電梯),住家用,鋼筋混凝土造,0870319,79.56,2,2,1,有,有,有,9000,113,,0.0,0,,RPUNMLSLLHNFFAI76DC
嘉義市,房地(土地+建物),嘉義市嘉義市八德路358號4樓1,25.17,住,,,1070323,土地1建物1車位0,四層,8,華廈(10層含以下有電梯),住家用,鋼筋混凝土造,0821108,138.83,3,2,2,有,有,無,9000,65,,0.0,0,,RPPNMLKMLHNFFAI08CC
嘉義市,房地(土地+建物),嘉義市嘉義市忠孝路228，230號,130.0,住,,,1070330,土地1建物2車位0,一層,1,店面(店鋪),住商用,木造,0301020,90.15,0,0,0,無,無,無,30000,333,,0.0,0,,RPOOMLLMLHNFFAI18CC
嘉義市,房地(土地+建物),嘉義市嘉義市忠孝路790-80號6樓1,14.92,住,,,1070310,土地1建物1車位0,六層,11,住宅大樓(11層含以上有電梯),住家用,鋼筋混凝土造,0841004,61.74,2,2,1,有,無,有,8000,130,,0.0,0,,RPQOMLLMLHNFFAI38CC
嘉義市,房地(土地+建物),嘉義市嘉義市中山路575之1號,88.0,商,,,1070401,土地1建物1車位0,見其他登記事項,3,店面(店鋪),住商用,鋼筋混凝土造,0810518,212.19,0,0,0,無,無,無,90000,424,,0.0,0,,RPWNMLKKMHNFFAI78DC
嘉義市,房地(土地+建物),嘉義市嘉義市興業西路183號,32.26,住,,,1070324,土地1建物1車位0,一層,14,住宅大樓(11層含以上有電梯),住家用,鋼筋混凝土造,0931103,177.76,3,2,2,有,有,無,14000,79,,0.0,0,,RPVNMLNKMHNFFAI88CC
嘉義市,房地(土地+建物),嘉義市嘉義市東洋新&37032；633號四樓3之1,18.98,住,,,1070410,土地1建物1車位0,四層,6,華廈(10層含以下有電梯),住家用,鋼筋混凝土造,0731129,66.94,2,1,1,有,有,有,10000,149,,0.0,0,,RPXNMLNKMHNFFAI09CC
嘉義市,建物,嘉義市嘉義市國華街310號,0.0,,,,1070325,土地0建物0車位0,全,5,透天厝,見其他登記事項,見其他登記事項,1041110,16.72,1,0,1,有,無,有,7000,419,,0.0,0,含管理費、稅金或水電等費用。,RPVNMLSKMHNFFAI86DC
嘉義市,房地(土地+建物),嘉義市嘉義市彌陀路264號9樓4,10.44,住,,,1070327,土地1建物1車位0,九層,12,住宅大樓(11層含以上有電梯),住家用,鋼筋混凝土造,0810508,71.48,2,2,1,有,有,有,8000,112,,0.0,0,,RPWNMLSKMHNFFAI96DC
嘉義市,房地(土地+建物),嘉義市嘉義市大雅路一段288巷47號,79.49,住,,,1070420,土地2建物1車位0,全,5,透天厝,住家用,鋼筋混凝土造,0841111,210.84,4,2,3,有,有,有,17000,81,,0.0,0,起租日為107年5月1日起租租金內含每月管理費,RPQNMLLLMHNFFAI28CC
嘉義市,建物,嘉義市嘉義市國華街312號,0.0,,,,1070402,土地0建物0車位0,全,5,透天厝,見其他登記事項,見其他登記事項,1041110,39.75,1,1,1,有,無,有,9000,226,,0.0,0,含管理費、稅金或水電等費用。續租。,RPROMLPLMHNFFAI98DC
嘉義市,房地(土地+建物),嘉義市嘉義市長榮街219號,129.0,商,,,1070402,土地3建物1車位0,全,1,透天厝,住家用,木造,0451230,72.62,0,0,0,無,無,無,15000,207,,0.0,0,,RPRNMLQLMHNFFAI88CC
嘉義市,房地(土地+建物),嘉義市嘉義市啟明路312巷4號,195.0,其他,,,1070422,土地1建物1車位0,全,2,透天厝,住家用,鋼筋混凝土加強磚造,0551122,97.0,3,2,1,有,無,無,12000,124,,0.0,0,,RPSNMLLJNHNFFAI38CC
嘉義市,房地(土地+建物),嘉義市嘉義市民權路55號2、3、4樓,88.0,其他,,,1070420,土地1建物1車位0,全,4,透天厝,住商用,鋼筋混凝土加強磚造,0590105,183.03,5,3,3,有,無,無,20000,109,,0.0,0,,RPVNMLLJNHNFFAI68CC
嘉義市,房地(土地+建物),嘉義市嘉義市中興路25號,13.85,住,,,1070430,土地1建物1車位0,見其他登記事項,2,華廈(10層含以下有電梯),住商用,鋼筋混凝土造,0850618,237.93,2,1,2,有,無,有,28000,118,,0.0,0,,RPSOMLMJNHNFFAI58CC
嘉義市,房地(土地+建物),嘉義市嘉義市博東路151號5樓2,15.28,住,,,1070414,土地1建物1車位0,五層,22,住宅大樓(11層含以上有電梯),住家用,鋼筋混凝土造,0870319,124.74,3,2,2,有,有,有,11352,91,,0.0,0,含管理費、稅金或水電等費用。,RPTOMLNJNHNFFAI88DC
嘉義市,房地(土地+建物)+車位,嘉義市嘉義市西區世賢路一段873號4樓之2,23.85,住,,,1070413,土地1建物1車位1,四層,7,華廈(10層含以下有電梯),住家用,鋼筋混凝土造,0820604,90.92,3,2,2,有,有,有,16000,176,升降機械,0.0,0,,RPUNMLOJNHNFFAI88CC
嘉義市,土地,港子坪段19-6地號,1690.0,住,,,1070425,土地3建物0車位0,,,其他,,,,0.0,0,0,0,有,無,無,100000,59,,0.0,0,,RPVNMLOJNHNFFAI98CC
嘉義市,房地(土地+建物),嘉義市嘉義市長榮街277號,45.0,商,,,1070413,土地1建物1車位0,全,1,透天厝,住家用,木造,0200101,34.69,1,1,1,有,無,有,6000,173,,0.0,0,,RPOOMLRJNHNFFAI78DC
