﻿編號,土地位置,土地移轉面積(平方公尺),使用分區或編定,權利人持分分母,權利人持分分子,移轉情形,地號
The serial number, land position,land shifting area square meter,the use zoning or compiles and checks,,,,land parcel
RPROMLNKKHNFFAI18CA,台斗坑段,15.13,都市：住,10000,59,持分移轉,03240005
RPROMLNKKHNFFAI18CA,台斗坑段,.01,都市：住,10000,59,持分移轉,03240010
RPSNMLOKKHNFFAI28CA,竹村段,29.68,都市：農,10000,910,持分移轉,00350002
RPSNMLOKKHNFFAI28CA,竹村段,3.30,都市：農,11,1,持分移轉,00350006
RPSNMLOKKHNFFAI28CA,竹村段,.21,都市：住,11,1,持分移轉,00350008
RPSNMLOKKHNFFAI28CA,竹村段,67.08,都市：住,1,1,全筆移轉,05470000
RPSNMLOKKHNFFAI28CA,竹村段,.29,都市：住,11,1,持分移轉,05470016
RPSNMLOKKHNFFAI28CA,竹村段,.16,都市：住,11,1,持分移轉,05470017
RPSNMLOKKHNFFAI28CA,竹村段,38.19,都市：住,10000,1239,持分移轉,05470018
RPSNMLOKKHNFFAI28CA,竹村段,1.79,都市：住,11,1,持分移轉,05470019
RPQOMLLLKHNFFAI97CA,下路頭段,7.44,都市：住,10000,46,持分移轉,04350021
RPQNMLMLKHNFFAI18EA,台斗坑段,3.33,都市：住,3,1,持分移轉,03700011
RPQNMLMLKHNFFAI18EA,台斗坑段,3.33,都市：住,3,1,持分移轉,03700011
RPQNMLMLKHNFFAI18EA,台斗坑段,1.67,都市：住,6,1,持分移轉,03700011
RPQNMLMLKHNFFAI18EA,台斗坑段,1.67,都市：住,6,1,持分移轉,03700011
RPWPMLNKKHNFFAI78CA,短竹段,234.24,都市：住,10000,849,持分移轉,14530000
RPRQMLNKKHNFFAI38CA,短竹段,4.76,都市：住,50000,40,持分移轉,09120071
RPOOMLLLKHNFFAI77CA,新富段五小段,8.40,都市：住,10000,261,持分移轉,00040000
RPVOMLNLKHNFFAI68CA,港子坪段,104.13,都市：住,1815,63,持分移轉,02030002
RPROMLMJLHNFFAI08CA,下路頭段,83.00,都市：住,1,1,全筆移轉,05860153
RPWNMLNKLHNFFAI68CA,東川段,145.00,都市：住,1,1,全筆移轉,11640000
RPSNMLNLKHNFFAI28CA,湖子內段新民小段,394.30,都市：住,1,1,全筆移轉,00280000
RPXNMLNLKHNFFAI98EA,西門段二小段,22.57,都市：商,1000,74,持分移轉,00480000
RPUNMLOKKHNFFAI48CA,竹村段,3.91,都市：住,57600,477,持分移轉,05340000
RPUNMLOKKHNFFAI48CA,竹村段,3.91,都市：住,57600,477,持分移轉,05340000
RPUNMLOKKHNFFAI48CA,竹村段,49.08,都市：住,2,1,持分移轉,05370000
RPUNMLOKKHNFFAI48CA,竹村段,49.08,都市：住,2,1,持分移轉,05370000
RPUNMLOKKHNFFAI48CA,竹村段,1.56,都市：其他:道路用地,57600,477,持分移轉,05430000
RPUNMLOKKHNFFAI48CA,竹村段,1.56,都市：其他:道路用地,57600,477,持分移轉,05430000
RPUNMLOKKHNFFAI48CA,竹村段,2.06,都市：其他:道路用地,57600,477,持分移轉,05640000
RPUNMLOKKHNFFAI48CA,竹村段,2.06,都市：其他:道路用地,57600,477,持分移轉,05640000
RPXNMLMJLHNFFAI58CA,長竹段,98.00,都市：住,1,1,全筆移轉,03140006
RPWNMLMLKHNFFAI58CA,車店段,26.98,都市：住,100000,857,持分移轉,00880000
RPWNMLMLKHNFFAI58CA,白川段,4.29,都市：住,100000,857,持分移轉,00320001
RPOQMLOKKHNFFAI18CA,何庄段,1000.54,都市：農,10000,2062,持分移轉,01350000
RPRNMLOKKHNFFAI38EA,湖東段,62.20,都市：住,5,1,持分移轉,01550000
RPSNMLTJLHNFFAI78CA,檜段七小段,5.04,都市：商,10000,65,持分移轉,00010038
RPPNMLKKLHNFFAI67CA,車店段車店小段,81.00,都市：住,1,1,全筆移轉,04110001
RPVNMLMKLHNFFAI48CA,興村段,71.00,都市：住,1,1,全筆移轉,06610008
RPXNMLTJLHNFFAI66CA,榮段三小段,6.12,都市：住,96,2,持分移轉,00770000
RPXNMLTJLHNFFAI66CA,榮段三小段,28.00,都市：住,1,1,全筆移轉,00770010
RPQOMLRJLHNFFAI48CA,湖內段,14.62,都市：其他:綠地,48,3,持分移轉,12780000
RPQOMLRJLHNFFAI48CA,湖內段,.06,都市：住,48,3,持分移轉,12780002
RPQOMLRJLHNFFAI48CA,湖內段,.50,都市：住,48,3,持分移轉,12780004
RPQOMLRJLHNFFAI48CA,湖內段,171.00,都市：住,1,1,全筆移轉,13090000
RPPOMLMLKHNFFAI97CA,大溪段,.98,都市：住,32,1,持分移轉,07030001
RPPNMLLLKHNFFAI77CA,竹圍子段一小段,21.93,都市：住,10000,121,持分移轉,01380000
RPXNMLMLKHNFFAI68CA,車店段,46.00,都市：住,1,1,全筆移轉,04890072
RPXNMLMLKHNFFAI68CA,車店段,6.00,都市：住,1,1,全筆移轉,04890084
RPSOMLRLKHNFFAI78CA,北園段,2645.00,都市：農,1,1,全筆移轉,02430004
RPSOMLRLKHNFFAI78CA,北園段,224.64,都市：農,11433,2645,持分移轉,02430006
RPPNMLMLKHNFFAI87CA,湖內段,27.93,都市：住,10000,76,持分移轉,02360000
RPVOMLNKKHNFFAI78EA,北社尾段保安小段,3.48,都市：住,10000,27,持分移轉,06120000
RPOOMLNLKHNFFAI97CA,車店段,6.10,都市：住,1000,6,持分移轉,01440000
RPVNMLRLKHNFFAI98CA,後庄段,90.00,都市：住,1,1,全筆移轉,13190000
RPSNMLMLKHNFFAI38EA,太平段,94.00,都市：住,1,1,全筆移轉,00680038
RPSNMLMLKHNFFAI38EA,太平段,1.00,都市：住,1,1,全筆移轉,00680105
RPPNMLNJLHNFFAI87CA,同興段,100.00,都市：住,1,1,全筆移轉,11150001
RPTNMLTJLHNFFAI88CA,白川段,37.00,都市：住,1,1,全筆移轉,00460014
RPSOMLRJLHNFFAI68CA,長竹段,25.89,都市：住,10000,84,持分移轉,01520000
RPROMLRJLHNFFAI58CA,竹圍子段中興小段,15.54,都市：住,10000,118,持分移轉,00350000
RPSNMLOLLHNFFAI48CA,大溪段,19.12,都市：住,10000,2015,持分移轉,05480004
RPSNMLOLLHNFFAI48CA,大溪段,81.85,都市：住,1,1,全筆移轉,05480011
RPSNMLOLLHNFFAI48CA,大溪段,4.51,都市：住,1,1,全筆移轉,05480012
RPPNMLRLKHNFFAI38CA,元段二小段,2.33,都市：商,6,1,持分移轉,02200002
RPPNMLRLKHNFFAI38CA,元段二小段,.67,都市：商,18,1,持分移轉,02210001
RPPNMLRLKHNFFAI38CA,元段二小段,50.00,都市：商,1,1,全筆移轉,02210003
RPPNMLRLKHNFFAI38CA,元段二小段,3.17,都市：商,6,1,持分移轉,02220005
RPPNMLRLKHNFFAI38CA,元段二小段,.67,都市：商,6,1,持分移轉,02240001
RPSOMLMKLHNFFAI28CA,堀川段,24.05,都市：住,10000,308,持分移轉,00030024
RPPNMLNLKHNFFAI97CA,元段七小段,15.00,都市：住,1,1,全筆移轉,01470000
RPWNMLNLKHNFFAI68CA,頂庄段,19.29,都市：農,28,1,持分移轉,06580003
RPWNMLNLKHNFFAI68CA,頂庄段,84.00,都市：住,1,1,全筆移轉,06580011
RPWNMLNLKHNFFAI68CA,頂庄段,1.69,都市：住,13,1,持分移轉,06580020
RPWNMLNLKHNFFAI68CA,頂庄段,21.00,都市：農,1,1,全筆移轉,06580029
RPWNMLLJLHNFFAI58EA,太平段,.16,都市：住,100000,2,持分移轉,00210000
RPPNMLOKKHNFFAI18EA,盧東段,1012.41,都市：農,1,1,全筆移轉,10490015
RPQNMLTKLHNFFAI68CA,盧厝段,18.10,都市：住,10000,71,持分移轉,04290000
RPSNMLRKLHNFFAI68CA,西門段四小段,21.36,都市：商,10000,214,持分移轉,00800000
RPSNMLRKLHNFFAI68CA,西門段四小段,18.96,都市：商,10000,190,持分移轉,00800000
RPVNMLLJLHNFFAI28CA,長竹段,72.00,都市：住,1,1,全筆移轉,07960000
RPTNMLRKLHNFFAI78CA,遠東段,13.51,都市：住,100000,242,持分移轉,00680000
RPRNMLQLKHNFFAI48CA,北社尾段,53.00,都市：住,1,1,全筆移轉,06600058
RPPOMLMJLHNFFAI87CA,埤子頭段,30.00,都市：住,1,1,全筆移轉,02900010
RPROMLLJLHNFFAI97CA,車店段車店小段,101.00,都市：住,1,1,全筆移轉,04740000
RPWNMLPKLHNFFAI88CA,遠東段,18.93,都市：住,100000,339,持分移轉,00680000
RPVNMLMJLHNFFAI38CA,台斗坑段,25.16,都市：住,10000,44,持分移轉,03240003
RPVNMLMJLHNFFAI38CA,台斗坑段,.34,都市：住,100000,6,持分移轉,03240003
RPTNMLMJLHNFFAI38EA,湖子內段湖美小段,281.14,都市：商,1,1,全筆移轉,03500001
RPQOMLQKLHNFFAI48CA,頂庄段,74.00,都市：住,1,1,全筆移轉,05520007
RPWNMLRLKHNFFAI66EA,南門段六小段,10.67,都市：住,3,1,持分移轉,00170004
RPWNMLRLKHNFFAI66EA,南門段六小段,17.67,都市：住,3,1,持分移轉,00180008
RPWNMLRLKHNFFAI66EA,南門段六小段,.33,都市：住,12,1,持分移轉,00290031
RPRNMLRLKHNFFAI78EA,民族段三小段,23.00,都市：住,1,1,全筆移轉,00630003
RPRNMLRLKHNFFAI78EA,民族段三小段,48.00,都市：住,1,1,全筆移轉,00660001
RPTNMLRLKHNFFAI98EA,北社尾段,75.00,都市：住,1,1,全筆移轉,04660085
RPXNMLRJLHNFFAI09CA,北社尾段保安小段,10.09,都市：住,10000,46,持分移轉,08480000
RPOOMLRJLHNFFAI28CA,下路頭段,22.70,都市：住,10000,137,持分移轉,07670000
RPOOMLRLKHNFFAI38CA,車店段車店小段,5.72,都市：住,10000,44,持分移轉,05850000
RPUNMLRLKHNFFAI88CA,竹圍子段二小段,13.80,都市：住,15,1,持分移轉,02500008
RPUNMLRLKHNFFAI88CA,竹圍子段二小段,84.00,都市：住,1,1,全筆移轉,02500012
RPSNMLMLLHNFFAI28CA,南門段七小段,340.00,都市：商,1,1,全筆移轉,00170004
RPXNMLLJLHNFFAI48CA,長竹段,16.28,都市：住,10000,71,持分移轉,09170000
RPSNMLRLKHNFFAI68CA,埤子頭段,47.00,都市：住,1,1,全筆移轉,04060014
RPWNMLNLLHNFFAI78CA,育人段,480.07,都市：農,1,1,全筆移轉,13200012
RPWNMLNLLHNFFAI78CA,育人段,16.57,都市：農,1000,84,持分移轉,13190005
RPWNMLNLLHNFFAI78CA,育人段,53.00,都市：農,383,53,持分移轉,13200004
RPWNMLNLLHNFFAI78CA,育人段,57.00,都市：農,285,57,持分移轉,13200009
RPOOMLLJLHNFFAI87EA,同興段,82.00,都市：工,1,1,全筆移轉,10180001
RPTNMLNLLHNFFAI48CA,中庄段,39.33,都市：住,9,1,持分移轉,10110000
RPTNMLNLLHNFFAI48CA,中庄段,91.00,都市：住,1,1,全筆移轉,10110009
RPTNMLNLLHNFFAI48CA,中庄段,12.59,都市：住,22,1,持分移轉,10110021
RPRNMLMJLHNFFAI18EA,埤子頭段,3.41,都市：住,10000,54,持分移轉,03430001
RPRNMLMJLHNFFAI18EA,埤子頭段,3.88,都市：住,10000,54,持分移轉,03430019
RPRNMLRKLHNFFAI58CA,遠東段,16.13,都市：住,100000,289,持分移轉,00680000
RPXNMLNLLHNFFAI88CA,育人段,512.94,都市：農,1,1,全筆移轉,13200001
RPXNMLNLLHNFFAI88CA,育人段,16.57,都市：農,1000,84,持分移轉,13190005
RPXNMLNLLHNFFAI88CA,育人段,53.00,都市：農,383,53,持分移轉,13200004
RPXNMLNLLHNFFAI88CA,育人段,57.00,都市：農,285,57,持分移轉,13200009
RPPNMLSLKHNFFAI48CA,玉川段,17.14,都市：住,10000,122,持分移轉,00970002
RPUNMLLJLHNFFAI18CA,盧厝段,13.58,都市：住,10000,25,持分移轉,02600004
RPOOMLMJLHNFFAI77CA,興村段,1.55,都市：住,10000,50,持分移轉,01330000
RPOOMLMJLHNFFAI77CA,興村段,9.34,都市：住,10000,50,持分移轉,01490000
RPQOMLMJLHNFFAI97CA,劉厝段劉厝小段,32.17,都市：商,10000,333,持分移轉,03160002
RPPOMLRJLHNFFAI38CA,竹圍子段一小段,97.00,都市：住,1,1,全筆移轉,01640000
RPQNMLKKLHNFFAI77CA,劉厝段劉厝小段,9.92,都市：住,10000,26,持分移轉,03120001
RPTNMLKKLHNFFAI08CA,竹圍子段二小段,14.37,都市：住,10000,88,持分移轉,02530000
RPUNMLKKLHNFFAI18CA,竹圍子段二小段,9.63,都市：住,5832,34,持分移轉,00130000
RPPNMLLKLHNFFAI77CA,西門段四小段,2.71,都市：住,10000,134,持分移轉,00750010
RPPNMLLKLHNFFAI77CA,西門段四小段,.03,都市：住,10000,1,持分移轉,00750011
RPPNMLLKLHNFFAI77CA,西門段四小段,.01,都市：住,30000,3,持分移轉,00750014
RPSOMLLJLHNFFAI08CA,湖內段,20.21,都市：住,10000,141,持分移轉,03760000
RPQNMLTJLHNFFAI58CA,竹圍子段,71.00,都市：住,1,1,全筆移轉,00480014
RPRNMLTKLHNFFAI78CA,竹村段,28.07,都市：住,10000,129,持分移轉,04770000
RPRNMLKLLHNFFAI97CA,車店段車店小段,96.00,都市：商,1,1,全筆移轉,02010000
RPVNMLQLLHNFFAI98CA,西門段三小段,8.55,都市：住,10000,169,持分移轉,01170000
RPVNMLQLLHNFFAI98CA,西門段三小段,2.15,都市：住,10000,169,持分移轉,01190000
RPROMLQLLHNFFAI68CA,盧厝段,6.52,都市：住,10000,12,持分移轉,02600004
RPTOMLPKLHNFFAI68CA,育人段,258.42,都市：農,1,1,全筆移轉,01100000
RPQNMLQJLHNFFAI48EA,盧厝段,72.00,都市：農,1,1,全筆移轉,02890003
RPQNMLQJLHNFFAI48EA,盧厝段,36.00,都市：農,1,1,全筆移轉,02970131
RPUNMLQJLHNFFAI68CA,港子坪段,15.18,都市：住,10000,105,持分移轉,02030005
RPSNMLRJLHNFFAI58CA,盧厝段,81.50,都市：住,2,1,持分移轉,02550028
RPVNMLKKLHNFFAI28CA,太平段,12.05,都市：住,1074,17,持分移轉,00170003
RPVNMLKKLHNFFAI28CA,盧厝段,4.95,都市：住,1074,17,持分移轉,09650000
RPTNMLPJLHNFFAI48CA,下路頭段,10.88,都市：住,10000,20,持分移轉,00970000
RPWNMLRJLHNFFAI98CA,末廣段五小段,104.00,都市：商,1,1,全筆移轉,00160003
RPWNMLRJLHNFFAI98CA,末廣段五小段,61.00,都市：商,1,1,全筆移轉,00160004
RPWNMLPJLHNFFAI78CA,埤子頭段,25.18,都市：住,10000,150,持分移轉,02350000
RPUOMLMKLHNFFAI48CA,新富段五小段,27.00,都市：商,1,1,全筆移轉,00200011
RPQNMLPKLHNFFAI28CA,育人段,123.32,都市：住,1,1,全筆移轉,02330005
RPQOMLNKLHNFFAI18CA,埤子頭段,25.87,都市：住,10000,245,持分移轉,03800016
RPQOMLQLLHNFFAI58CA,白川段,48.63,都市：住,100000,1704,持分移轉,00330000
RPPOMLRLLHNFFAI58CA,竹圍子段,9.90,都市：住,10000,134,持分移轉,02390041
RPOOMLMLLHNFFAI97CA,中庄段,.69,都市：住,480,4,持分移轉,10410000
RPOOMLMLLHNFFAI97CA,中庄段,2.39,都市：住,480,4,持分移轉,10420000
RPOOMLMLLHNFFAI97CA,中庄段,2.48,都市：住,480,4,持分移轉,10450000
RPOOMLMLLHNFFAI97CA,中庄段,4.90,都市：住,480,4,持分移轉,10540000
RPOOMLMLLHNFFAI97CA,中庄段,33.60,都市：住,40,4,持分移轉,10560000
RPTNMLMLLHNFFAI38CA,南門段七小段,133.00,都市：商,1,1,全筆移轉,00160002
RPQOMLRLLHNFFAI68CA,同興段,20.50,都市：住,10000,15,持分移轉,14350000
RPRNMLRJLHNFFAI68EA,頂庄段,293.00,都市：農,1,1,全筆移轉,07360004
RPPNMLNLLHNFFAI08CA,盧東段,32.12,都市：農,10000,144,持分移轉,06420000
RPSNMLNLLHNFFAI38CA,車店段,1.00,都市：住,1,1,全筆移轉,03250046
RPPNMLNLLHNFFAI08CA,盧東段,37.38,都市：農,10000,144,持分移轉,06420003
RPSNMLNLLHNFFAI38CA,車店段,51.00,都市：住,1,1,全筆移轉,03280033
RPSNMLNLLHNFFAI38CA,車店段,1.00,都市：住,1,1,全筆移轉,03280166
RPPNMLNLLHNFFAI08CA,盧東段,12.96,都市：農,10000,144,持分移轉,06420004
RPPNMLNLLHNFFAI08CA,盧東段,111.04,都市：農,6,1,持分移轉,06420058
RPPNMLNLLHNFFAI08CA,盧東段,.48,都市：農,10000,144,持分移轉,06420075
RPPNMLNLLHNFFAI08CA,盧東段,.42,都市：農,10000,144,持分移轉,06420078
RPPNMLNLLHNFFAI08CA,盧東段,4.80,都市：農,10000,144,持分移轉,06420079
RPPNMLNLLHNFFAI08CA,盧東段,1.98,都市：農,10000,144,持分移轉,06420081
RPTOMLLMLHNFFAI48CA,劉厝段玉山小段,24.29,都市：住,1,1,全筆移轉,00080007
RPUNMLRJLHNFFAI98EA,中庄段,.69,都市：其他:,120,1,持分移轉,10410000
RPUNMLRJLHNFFAI98EA,中庄段,2.39,都市：住,120,1,持分移轉,10420000
RPUNMLRJLHNFFAI98EA,中庄段,2.48,都市：住,120,1,持分移轉,10450000
RPUNMLRJLHNFFAI98EA,中庄段,4.90,都市：住,120,1,持分移轉,10540000
RPUNMLRJLHNFFAI98EA,中庄段,33.60,都市：住,10,1,持分移轉,10560000
RPVNMLRJLHNFFAI09EA,溪東段,2.00,都市：住,9,1,持分移轉,03220006
RPVNMLRJLHNFFAI09EA,溪東段,17.40,都市：住,9,1,持分移轉,03220007
RPVNMLRJLHNFFAI09EA,溪東段,90.59,都市：住,1,1,全筆移轉,03220010
RPVNMLRJLHNFFAI09EA,溪東段,.13,都市：住,9,1,持分移轉,03220013
RPSNMLTKLHNFFAI88CA,南門段五小段,64.50,都市：商,4,3,持分移轉,00560014
RPWNMLQLLHNFFAI09CA,西門段四小段,6.29,都市：住,30000,189,持分移轉,00800000
RPSNMLTKLHNFFAI88CA,南門段五小段,9.00,都市：商,4,3,持分移轉,00570018
RPQNMLLMLHNFFAI08CA,車店段車店小段,32.22,都市：商,100000,714,持分移轉,01220000
RPVNMLQJLHNFFAI98EA,竹圍子段三小段,26.13,都市：住,10000,642,持分移轉,01660000
RPPOMLMKLHNFFAI97CA,仁義段,239.40,都市：其他:保護區,1,1,全筆移轉,09080000
RPOOMLNLLHNFFAI08CA,盧厝段,72.00,都市：住,1,1,全筆移轉,06440118
RPTNMLRJLHNFFAI68CA,竹圍子段二小段,9.56,都市：住,10000,23,持分移轉,01120000
RPQNMLRJLHNFFAI58EA,短竹段,3.49,都市：住,20000,34,持分移轉,09120070
RPROMLRLLHNFFAI78CA,同興段,150.00,都市：工,1,1,全筆移轉,02400000
RPTNMLTKLHNFFAI98CA,港子坪段港坪小段,213.00,都市：住,2,1,持分移轉,00100000
RPTNMLTKLHNFFAI98CA,港子坪段港坪小段,749.50,都市：住,2,1,持分移轉,00100001
RPTNMLTKLHNFFAI98CA,港子坪段港坪小段,273.50,都市：住,2,1,持分移轉,00160000
RPTNMLTKLHNFFAI98CA,港子坪段港坪小段,956.50,都市：住,2,1,持分移轉,00170000
RPTNMLTKLHNFFAI98CA,港子坪段港坪小段,384.50,都市：住,2,1,持分移轉,00470000
RPTNMLTKLHNFFAI98CA,港子坪段港坪小段,556.50,都市：住,2,1,持分移轉,00480000
RPTNMLTKLHNFFAI98CA,港子坪段港坪小段,347.00,都市：住,2,1,持分移轉,00790000
RPTOMLNKLHNFFAI48CA,竹村段,97.35,都市：住,1,1,全筆移轉,02170001
RPSOMLRLLHNFFAI88CA,同興段,312.00,都市：工,5,4,持分移轉,02410000
RPPNMLRJLHNFFAI48EA,短竹段,3.49,都市：住,20000,34,持分移轉,09120070
RPTOMLRLLHNFFAI98CA,同興段,78.00,都市：工,5,1,持分移轉,02410000
SPPNMLLMLHNFFAI08CA,北社尾段,11.03,都市：住,10000,24,持分移轉,07120001
RPTNMLMKLHNFFAI28CA,新富段一小段,104.00,都市：商,1,1,全筆移轉,00250015
RPTNMLMKLHNFFAI28CA,新富段一小段,26.50,都市：商,32,1,持分移轉,00250035
RPPNMLSLLHNFFAI58CA,興村段,70.00,都市：住,1,1,全筆移轉,01520009
RPPOMLLMLHNFFAI08CA,下路頭段,19.13,都市：住,10000,94,持分移轉,01930041
RPPOMLLMLHNFFAI08CA,下路頭段,3.21,都市：住,10000,94,持分移轉,01930210
RPSNMLTLLHNFFAI98CA,東川段,71.00,都市：住,1,1,全筆移轉,09280000
RPTNMLTLLHNFFAI09CA,北社尾段,18.75,都市：住,32,1,持分移轉,04670011
RPTNMLTLLHNFFAI09CA,北社尾段,254.00,都市：住,1,1,全筆移轉,04670018
RPRNMLLMLHNFFAI18CA,彌陀段,118.00,都市：住,1,1,全筆移轉,02080000
RPXNMLQLLHNFFAI56CA,同興段,21.87,都市：住,10000,16,持分移轉,14350000
RPUNMLNKLHNFFAI48CA,彌陀段,84.00,都市：住,1,1,全筆移轉,12110000
RPROMLMLLHNFFAI28CA,下路頭段,8.16,都市：住,10000,15,持分移轉,00970000
RPVNMLTLLHNFFAI66CA,北社尾段,18.75,都市：住,32,1,持分移轉,04670011
RPUOMLLMLHNFFAI58CA,遠東段,7.46,都市：住,10000,8,持分移轉,00680007
RPRNMLNKLHNFFAI18CA,車店段車店小段,108.00,都市：住,1,1,全筆移轉,02950000
RPQNMLSJLHNFFAI48CA,下路頭段,87.00,都市：住,1,1,全筆移轉,05700165
RPTNMLOKLHNFFAI48CA,埤子頭段,9.20,都市：其他:公共設施保留地,10,1,持分移轉,03930002
RPTNMLOKLHNFFAI48CA,埤子頭段,2.10,都市：其他:公共設施保留地,10,1,持分移轉,03930149
RPTNMLOKLHNFFAI48CA,埤子頭段,68.00,都市：住,1,1,全筆移轉,03930171
RPOOMLQLLHNFFAI38CA,竹圍子段三小段,83.00,都市：住,1,1,全筆移轉,02050014
RPPNMLNKLHNFFAI97CA,湖東段,177.00,都市：住,1,1,全筆移轉,01000000
RPPNMLNKLHNFFAI97CA,湖東段,31.00,都市：住,1,1,全筆移轉,01010003
RPUNMLTJLHNFFAI98CA,港子坪段,4.92,都市：住,10000,34,持分移轉,02030005
RPWNMLTJLHNFFAI56CA,湖子內段新民小段,998.11,都市：商,1,1,全筆移轉,03450000
RPVNMLTJLHNFFAI09CA,湖子內段新民小段,231.04,都市：商,1,1,全筆移轉,02280000
RPVNMLTJLHNFFAI09CA,湖子內段新民小段,2142.78,都市：商,1,1,全筆移轉,02290000
RPXNMLMKLHNFFAI68CA,新富段三小段,5.82,都市：住,10000,485,持分移轉,00750011
RPXNMLMKLHNFFAI68CA,新富段三小段,.29,都市：住,10000,485,持分移轉,00750048
RPSNMLQKLHNFFAI58CA,中山段五小段,16.00,都市：住,3356,64,持分移轉,00150003
RPPNMLTJLHNFFAI48CA,中山段六小段,75.00,都市：住,1,1,全筆移轉,00430019
RPRNMLMKLHNFFAI08CA,下路頭段,22.70,都市：住,10000,137,持分移轉,07670000
RPTOMLMKLHNFFAI38CA,陳厝段,101.84,都市：住,60480,3756,持分移轉,01220000
RPSNMLKKLHNFFAI97CA,短竹段,3.66,都市：住,10000,45,持分移轉,04040000
RPRNMLKKLHNFFAI87CA,盧厝段,25.53,都市：住,10000,47,持分移轉,02600004
RPSNMLNJMHNFFAI28CA,中庄段,42.46,都市：住,70,1,持分移轉,07120000
RPWNMLMJMHNFFAI58CA,台斗坑段,15.12,都市：住,10000,420,持分移轉,03500000
RPOOMLMKLHNFFAI08EA,西門段四小段,17.17,都市：住,10000,172,持分移轉,00800000
RPUOMLNJMHNFFAI58CA,盧東段,29.66,都市：農,10000,133,持分移轉,06420000
RPUOMLNJMHNFFAI58CA,盧東段,34.52,都市：農,10000,133,持分移轉,06420003
RPUOMLNJMHNFFAI58CA,盧東段,11.97,都市：農,10000,133,持分移轉,06420004
RPUOMLNJMHNFFAI58CA,盧東段,32.40,都市：農,6,1,持分移轉,06420020
RPUOMLNJMHNFFAI58CA,盧東段,102.92,都市：農,6,1,持分移轉,06420064
RPUOMLNJMHNFFAI58CA,盧東段,.44,都市：農,10000,133,持分移轉,06420075
RPUOMLNJMHNFFAI58CA,盧東段,.39,都市：農,10000,133,持分移轉,06420078
RPUOMLNJMHNFFAI58CA,盧東段,4.43,都市：農,10000,133,持分移轉,06420079
RPUOMLNJMHNFFAI58CA,盧東段,1.83,都市：農,10000,133,持分移轉,06420081
RPOOMLQKLHNFFAI28CA,湖子內段湖美小段,246.50,都市：其他:第一種商業區,1,1,全筆移轉,02080000
RPTNMLQLLHNFFAI78CA,下路頭段,4.89,都市：住,10000,9,持分移轉,00970000
RPQNMLRKLHNFFAI48CA,湖子內段湖美小段,320.40,都市：住,1,1,全筆移轉,01480000
RPSNMLMJMHNFFAI18CA,下路頭段,.50,都市：其他:道,56,1,持分移轉,07230020
RPSNMLMJMHNFFAI18CA,下路頭段,102.00,都市：住,1,1,全筆移轉,07230086
RPSNMLNKLHNFFAI28CA,下路頭段,81.00,都市：住,1,1,全筆移轉,00990035
RPPNMLTKLHNFFAI58CA,西門段六小段,3.24,都市：住,10000,113,持分移轉,00400004
RPPNMLTKLHNFFAI58CA,新富段六小段,10.87,都市：住,10000,113,持分移轉,00010000
RPRNMLOKLHNFFAI28CA,車店段車店小段,4.37,都市：住,10000,22,持分移轉,00460056
RPSOMLNKLHNFFAI38CA,檜段七小段,5.81,都市：商,10000,75,持分移轉,00010038
RPSNMLKLLHNFFAI08CA,榮段三小段,23.00,都市：住,2,1,持分移轉,00930007
RPSNMLKLLHNFFAI08CA,榮段三小段,4.50,都市：住,2,1,持分移轉,00920005
RPSNMLKLLHNFFAI08CA,榮段三小段,1.00,都市：住,2,1,持分移轉,00920010
RPPNMLMKLHNFFAI87CA,埤子頭段新厝小段,112.00,都市：住,1,1,全筆移轉,02850001
RPOOMLNKLHNFFAI97CA,下路頭段,23.81,都市：住,10000,117,持分移轉,01930041
RPOOMLNKLHNFFAI97CA,下路頭段,3.99,都市：住,10000,117,持分移轉,01930210
RPROMLMKLHNFFAI18CA,竹圍子段三小段,24.73,都市：住,10000,596,持分移轉,00250000
RPWNMLKLLHNFFAI48CA,白川段,1.00,都市：住,1,1,全筆移轉,00480078
RPWNMLKLLHNFFAI48CA,白川段,1.00,都市：住,1,1,全筆移轉,00480113
RPSNMLOKLHNFFAI38CA,下路頭段,89.00,都市：住,1,1,全筆移轉,05700163
RPPOMLQKLHNFFAI38CA,下路頭段,17.00,都市：住,1,1,全筆移轉,04280033
RPPOMLQKLHNFFAI38CA,下路頭段,67.00,都市：住,1,1,全筆移轉,04290026
RPPOMLQKLHNFFAI38CA,下路頭段,2.00,都市：住,1,1,全筆移轉,04290032
RPPOMLKLLHNFFAI87CA,劉厝段,110.00,都市：住,1,1,全筆移轉,00240112
RPVNMLPKLHNFFAI78CA,竹圍子段,114.00,都市：住,1,1,全筆移轉,03860041
RPPOMLPKLHNFFAI28CA,下路頭段,10.80,都市：住,5,1,持分移轉,04350060
RPPNMLRKLHNFFAI38CA,竹圍子段,32.47,都市：住,10000,555,持分移轉,01770022
RPXNMLPKLHNFFAI98CA,下路頭段,10.80,都市：住,5,1,持分移轉,04350060
RPPNMLQJMHNFFAI28CA,新富段一小段,.59,都市：住,5950,166,持分移轉,00080000
RPPNMLQJMHNFFAI28CA,南門段七小段,16.01,都市：住,5950,166,持分移轉,00100000
RPPNMLOJMHNFFAI08CA,盧厝段,41.69,都市：住,100000,178,持分移轉,03020000
RPTNMLPKLHNFFAI78EA,仁義段,589.50,都市：農,1,1,全筆移轉,00060000
RPTNMLPKLHNFFAI78EA,仁義段,3792.22,都市：農,1,1,全筆移轉,00070000
RPVNMLOKLHNFFAI88EA,劉厝段,142.00,都市：住,1,1,全筆移轉,00190052
RPUNMLNJMHNFFAI48CA,車店段車店小段,80.00,都市：住,1,1,全筆移轉,09420000
RPXNMLRLLHNFFAI66CA,同興段,87.00,都市：住,1,1,全筆移轉,11520011
RPTNMLQKLHNFFAI68CA,車店段,219.00,都市：住,1,1,全筆移轉,03940005
RPTNMLQKLHNFFAI68CA,車店段,.74,都市：住,19,1,持分移轉,03940105
RPTNMLQKLHNFFAI68CA,車店段,1.11,都市：住,19,1,持分移轉,03940106
RPQOMLPKLHNFFAI38CA,白川段,46.00,都市：住,1,1,全筆移轉,00770052
RPUNMLTJMHNFFAI66EA,下路頭段,77.00,都市：住,1,1,全筆移轉,06150052
RPTNMLQKLHNFFAI68CA,車店段,.53,都市：住,19,1,持分移轉,03940107
RPTNMLQKLHNFFAI68CA,車店段,34.58,都市：住,19,1,持分移轉,03940108
RPOOMLSLLHNFFAI58CA,盧厝段,40.73,都市：住,494100,4073,持分移轉,03640001
RPOOMLSLLHNFFAI58CA,盧厝段,49.59,都市：住,494100,4959,持分移轉,03640001
RPOOMLSLLHNFFAI58CA,盧厝段,49.59,都市：住,494100,4959,持分移轉,03640001
RPOOMLSLLHNFFAI58CA,盧厝段,49.59,都市：住,494100,4959,持分移轉,03640001
RPQNMLOJMHNFFAI18CA,中庄段,23.46,都市：住,13,1,持分移轉,04240007
RPQNMLOJMHNFFAI18CA,中庄段,119.00,都市：住,1,1,全筆移轉,04240001
RPWNMLOKLHNFFAI78CA,白川段,44.56,都市：住,100000,1818,持分移轉,00330004
RPRNMLPKLHNFFAI58EA,南門段四小段,66.00,都市：住,1,1,全筆移轉,00060008
RPRNMLPKLHNFFAI58EA,南門段四小段,15.00,都市：住,2,1,持分移轉,00060009
RPRNMLPKLHNFFAI58EA,南門段四小段,64.00,都市：住,1,1,全筆移轉,00060010
RPSOMLKLLHNFFAI18CA,北湖段,1404.00,都市：農,1,1,全筆移轉,01180003
RPSOMLMLLHNFFAI38CA,竹圍子段一小段,12.46,都市：住,10000,94,持分移轉,00260000
RPROMLKLLHNFFAI08CA,白川段,7.67,都市：住,10000,94,持分移轉,00890035
RPPNMLQKLHNFFAI28CA,車店段,223.00,都市：住,1,1,全筆移轉,03950069
RPOOMLKLLHNFFAI77CA,北湖段,170.00,都市：住,1,1,全筆移轉,02170000
RPQOMLMLLHNFFAI18CA,西門段四小段,7.39,都市：商,10000,74,持分移轉,00800000
RPXNMLKLLHNFFAI58CA,北湖段,3.30,都市：住,2140,33,持分移轉,02160000
RPWNMLMLLHNFFAI68CA,末廣段二小段,19.00,都市：商,85,19,持分移轉,00190003
RPWNMLMLLHNFFAI68CA,末廣段二小段,66.00,都市：商,85,66,持分移轉,00190003
RPRNMLQKLHNFFAI48CA,遠東段,42.88,都市：住,100000,768,持分移轉,00680000
RPXNMLMLLHNFFAI78CA,末廣段二小段,3.00,都市：商,1,1,全筆移轉,00190013
RPSNMLQLLHNFFAI68CA,車店段車店小段,253.00,都市：住,1,1,全筆移轉,05950002
RPQNMLNJMHNFFAI08CA,下路頭段,3.26,都市：住,10000,6,持分移轉,00970000
RPTNMLLMLHNFFAI38CA,同興段,19.14,都市：住,10000,14,持分移轉,14350000
RPPNMLKLLHNFFAI97EA,港子坪段港坪小段,181.00,都市：商,1,1,全筆移轉,02230005
RPWNMLQKLHNFFAI98CA,竹圍子段,.14,都市：住,100000,2857,持分移轉,00160011
RPWNMLQKLHNFFAI98CA,竹圍子段,25.50,都市：住,10000,192,持分移轉,00190004
RPSOMLQLLHNFFAI78CA,中山段三小段,14.19,都市：住,10000,190,持分移轉,00270000
RPWNMLNJMHNFFAI68CA,竹圍子段友愛小段,24.00,都市：住,810,24,持分移轉,02020000
RPUNMLTKLHNFFAI09CA,下路頭段,4.89,都市：住,10000,9,持分移轉,00970000
RPRNMLMLLHNFFAI18CA,新厝段,47.00,都市：住,1,1,全筆移轉,01350000
RPXNMLQKLHNFFAI09CA,竹圍子段三小段,32.53,都市：住,10000,464,持分移轉,00700000
RPQOMLKLLHNFFAI97CA,同興段,15.03,都市：住,10000,11,持分移轉,14350000
RPPOMLNJMHNFFAI18DA,港子坪段,102.00,都市：住,1,1,全筆移轉,02280143
RPPOMLNJMHNFFAI18DA,港子坪段,17.00,都市：其他:道路用地,1,1,全筆移轉,02280146
RPPNMLLLLHNFFAI87CA,盧厝段,87.00,都市：住,1,1,全筆移轉,03440016
RPVNMLTKLHNFFAI56CA,竹圍子段,68.00,都市：住,1,1,全筆移轉,00080040
RPOOMLTKLHNFFAI58CA,台斗坑段,20.76,都市：住,10000,207,持分移轉,03220002
RPWNMLLLLHNFFAI58CA,劉厝段,40.55,都市：住,10000,163,持分移轉,00370144
RPTNMLKLLHNFFAI28DA,盧厝段,81.00,都市：住,1,1,全筆移轉,02590040
RPTNMLKLLHNFFAI28DA,盧厝段,21.37,都市：住,57,3,持分移轉,02590025
RPTNMLKLLHNFFAI28DA,盧厝段,18.15,都市：住,60,3,持分移轉,02590043
RPVNMLLLLHNFFAI48CA,湖內段,70.00,都市：住,1,1,全筆移轉,01030000
RPQNMLNLLHNFFAI18CA,車店段,100.00,都市：住,1,1,全筆移轉,03940096
RPQNMLNLLHNFFAI18CA,車店段,.74,都市：住,19,1,持分移轉,03940105
RPQNMLNLLHNFFAI18CA,車店段,1.11,都市：住,19,1,持分移轉,03940106
RPQNMLNLLHNFFAI18CA,車店段,.53,都市：住,19,1,持分移轉,03940107
RPQNMLNLLHNFFAI18CA,車店段,34.58,都市：住,19,1,持分移轉,03940108
RPPNMLOLLHNFFAI18CA,西門段二小段,49.00,都市：住,1,1,全筆移轉,01410000
RPQNMLQLLHNFFAI48CA,台斗坑段,15.13,都市：住,10000,59,持分移轉,03240005
RPQNMLQLLHNFFAI48CA,台斗坑段,.01,都市：住,10000,59,持分移轉,03240010
RPQNMLLLLHNFFAI97CA,下路頭段,81.00,都市：住,1,1,全筆移轉,08500029
RPQNMLLLLHNFFAI97CA,下路頭段,13.00,都市：其他:道路用地,1,1,全筆移轉,08500031
RPPNMLMLLHNFFAI18EA,新富段三小段,19.00,都市：商,6,1,持分移轉,00470023
RPPNMLMLLHNFFAI18EA,新富段三小段,.83,都市：商,6,1,持分移轉,00470029
RPTNMLLKMHNFFAI28CA,下路頭段,257.64,都市：住,924000,49669,持分移轉,04980001
RPRNMLRLLHNFFAI88EA,新富段八小段,4.13,都市：商,10000,27,持分移轉,00090000
RPRNMLNKMHNFFAI28CA,竹圍子段一小段,222.00,都市：住,1,1,全筆移轉,01600000
RPQNMLQJMHNFFAI38CA,白川段,45.98,都市：住,100000,1818,持分移轉,00800003
RPRNMLTLLHNFFAI88CA,車店段車店小段,27.55,都市：住,10000,418,持分移轉,10240000
RPWNMLRLLHNFFAI56CA,遠東段,17.20,都市：住,100000,308,持分移轉,00680000
RPUNMLKKMHNFFAI48EA,車店段車店小段,8.06,都市：住,400000,714,持分移轉,01220000
RPWNMLTLLHNFFAI76CA,下路頭段,112.00,都市：住,1,1,全筆移轉,04140023
RPWNMLTLLHNFFAI76CA,下路頭段,2.80,都市：住,5,1,持分移轉,04140028
RPXNMLLLLHNFFAI68CA,下路頭段,28.50,都市：住,10000,165,持分移轉,05650007
RPQNMLRLLHNFFAI58CA,車店段,10.63,都市：住,50200,1063,持分移轉,03930001
RPSNMLLLLHNFFAI18CA,盧厝段,43.56,都市：住,100000,186,持分移轉,03020000
RPRNMLSJMHNFFAI78DA,下路頭段,341.85,都市：住,60500,4315,持分移轉,04980001
RPTNMLLLLHNFFAI28CA,竹圍子段,86.00,都市：住,1,1,全筆移轉,00300012
RPTNMLLLLHNFFAI28CA,竹圍子段,24.41,都市：住,10000,1265,持分移轉,00300018
RPTNMLLLLHNFFAI28CA,竹圍子段,.25,都市：住,12,1,持分移轉,00300020
RPUNMLLLLHNFFAI38CA,西門段一小段,4.85,都市：商,10000,105,持分移轉,00860001
RPUNMLLLLHNFFAI38CA,西門段一小段,1.47,都市：商,10000,105,持分移轉,00870001
RPUNMLMLLHNFFAI48CA,民族段一小段,67.00,都市：住,1,1,全筆移轉,00270021
RPRNMLLLLHNFFAI08CA,下路頭段,61.00,都市：住,1,1,全筆移轉,01930033
RPSNMLOJMHNFFAI38CA,榮段三小段,1.47,都市：住,6800,147,持分移轉,00380000
RPSNMLOJMHNFFAI38CA,榮段三小段,.89,都市：住,4200,89,持分移轉,00380001
RPSNMLOJMHNFFAI38CA,榮段三小段,12.60,都市：住,5820,126,持分移轉,00380002
RPPNMLQLLHNFFAI38CA,長竹段,87.00,都市：住,1,1,全筆移轉,05450000
RPVNMLLMLHNFFAI58CA,下路頭段,32.95,都市：住,20,1,持分移轉,04750176
RPVNMLMLLHNFFAI58CA,竹圍子段三小段,14.89,都市：住,10000,73,持分移轉,00980000
RPSNMLRLLHNFFAI98EA,後庄段,67.00,都市：住,1,1,全筆移轉,09620000
RPRNMLOJMHNFFAI28CA,盧厝段,25.24,都市：住,10000,132,持分移轉,02970057
RPRNMLSLLHNFFAI78CA,太平段,85.00,都市：住,1,1,全筆移轉,00310039
RPRNMLQLLHNFFAI78EA,湖子內段新民小段,188.97,都市：商,1,1,全筆移轉,00550001
RPROMLMKMHNFFAI28CA,劉厝段玉山小段,98.53,都市：住,1,1,全筆移轉,03500054
RPXNMLMKMHNFFAI78CA,竹圍子段一小段,12.72,都市：住,10000,96,持分移轉,00260000
RPOOMLRLLHNFFAI48CA,遠東段,1.74,都市：工,224,5,持分移轉,03970000
RPOOMLRLLHNFFAI48CA,遠東段,.62,都市：工,224,5,持分移轉,03980000
RPVNMLSLLHNFFAI56CA,下路頭段,52.00,都市：住,1,1,全筆移轉,05730036
RPVNMLSLLHNFFAI56CA,下路頭段,9.00,都市：其他:道路用地-公設保留地,1,1,全筆移轉,05730110
RPTOMLKLLHNFFAI28CA,台斗坑段,14.87,都市：住,10000,26,持分移轉,03240003
RPOOMLKMLHNFFAI87CA,車店段,70.00,都市：其他:乙種工業區,1,1,全筆移轉,04260032
RPTNMLRLLHNFFAI88CA,遠東段,78.00,都市：住,1,1,全筆移轉,00490019
RPVNMLOLLHNFFAI78CA,車店段車店小段,21.19,都市：住,10000,163,持分移轉,05850000
RPTOMLQLLHNFFAI88CA,車店段車店小段,19.00,都市：住,10000,39,持分移轉,00450000
RPWNMLOLLHNFFAI88CA,竹圍子段,31.65,都市：住,100000,2353,持分移轉,00190000
RPWNMLOLLHNFFAI88CA,竹圍子段,.22,都市：住,100000,2174,持分移轉,00190012
RPPNMLRLLHNFFAI48CA,長竹段,33.90,都市：住,10000,110,持分移轉,01520000
RPUNMLLMLHNFFAI48CA,下路頭段,67.00,都市：住,1,1,全筆移轉,05850008
RPUNMLRLLHNFFAI98CA,埤子頭段,60.00,都市：住,1,1,全筆移轉,01950138
RPUNMLRLLHNFFAI98CA,埤子頭段,26.00,都市：其他:道,1,1,全筆移轉,01950171
RPPOMLQLLHNFFAI48CA,下路頭段,24.10,都市：住,10000,188,持分移轉,01810009
RPPOMLQLLHNFFAI48CA,下路頭段,.02,都市：住,10000,188,持分移轉,01810024
RPUNMLRKMHNFFAI09DA,北園段,423.43,都市：農,30,1,持分移轉,06780000
RPRNMLQJMHNFFAI48CA,新富段一小段,103.00,都市：商,1,1,全筆移轉,00250016
RPRNMLQJMHNFFAI48CA,新富段一小段,26.50,都市：商,32,1,持分移轉,00250035
RPSOMLRKMHNFFAI88CA,車店段車店小段,89.00,都市：住,1,1,全筆移轉,01850003
RPVNMLRKMHNFFAI66EA,南門段五小段,13.16,都市：住,40000,132,持分移轉,00450000
RPVNMLRKMHNFFAI66EA,南門段五小段,4.93,都市：住,40000,132,持分移轉,00450003
RPVNMLRKMHNFFAI66EA,南門段五小段,.64,都市：住,40000,132,持分移轉,00450004
RPSNMLSLLHNFFAI09EA,竹圍子段,15.45,都市：其他:,40,1,持分移轉,02350050
RPSNMLSLLHNFFAI09EA,竹圍子段,112.00,都市：住,1,1,全筆移轉,02350051
RPSNMLSLLHNFFAI09EA,竹圍子段,18.28,都市：住,40,1,持分移轉,02350086
RPWNMLSLLHNFFAI66CA,車店段車店小段,87.00,都市：住,1,1,全筆移轉,01490010
RPPNMLKLMHNFFAI87CA,湖子內段湖美小段,1008.79,都市：住,1,1,全筆移轉,00640000
RPXNMLNJMHNFFAI78CA,湖內段,28.58,都市：住,15940,279,持分移轉,03040000
RPXNMLSLLHNFFAI76CA,台斗坑段,12.58,都市：住,10000,22,持分移轉,03240003
RPQNMLTLLHNFFAI78CA,車店段,108.00,都市：住,1,1,全筆移轉,03940101
RPQNMLTLLHNFFAI78CA,車店段,.74,都市：住,19,1,持分移轉,03940105
RPQNMLTLLHNFFAI78CA,車店段,1.11,都市：住,19,1,持分移轉,03940106
RPQNMLTLLHNFFAI78CA,車店段,.53,都市：住,19,1,持分移轉,03940107
RPQNMLTLLHNFFAI78CA,車店段,34.58,都市：住,19,1,持分移轉,03940108
RPPNMLLJMHNFFAI77CA,後庄段,93.00,都市：商,1,1,全筆移轉,07320000
RPXNMLLMLHNFFAI78CA,彌陀段日新小段,27.22,都市：住,10000,1830,持分移轉,00070000
RPQNMLSLLHNFFAI68CA,車店段,14.52,都市：住,10000,71,持分移轉,01450007
RPQNMLSLLHNFFAI68CA,車店段,.32,都市：住,10000,12,持分移轉,01450020
RPQNMLSLLHNFFAI68CA,車店段,1.24,都市：住,10000,24,持分移轉,01450021
RPTNMLQJMHNFFAI68CA,東川段,18.92,都市：住,10000,860,持分移轉,05900001
RPXNMLKKMHNFFAI58CA,下路頭段,47.40,都市：住,20,1,持分移轉,04800020
RPXNMLKKMHNFFAI58CA,下路頭段,13.05,都市：其他:公共設施保留地,20,1,持分移轉,04800032
RPPNMLRJMHNFFAI38CA,湖子內段新民小段,1798.48,都市：其他:休閒專用區,1,1,全筆移轉,03790002
RPWNMLKMLHNFFAI58CA,下路頭段,199.00,都市：住,1,1,全筆移轉,02300001
RPSOMLTJMHNFFAI98CA,劉厝段劉厝小段,239.00,都市：農,1,1,全筆移轉,00730004
RPQOMLTJMHNFFAI78CA,劉厝段劉厝小段,26.00,都市：農,1,1,全筆移轉,00370002
RPQOMLTJMHNFFAI78CA,劉厝段劉厝小段,62.00,都市：農,1,1,全筆移轉,00680003
RPROMLTJMHNFFAI88CA,劉厝段劉厝小段,41.00,都市：農,1,1,全筆移轉,00730003
RPPOMLRKMHNFFAI58CA,頂庄段,34.29,都市：住,10000,2029,持分移轉,04690000
RPTOMLTJMHNFFAI09CA,劉厝段劉厝小段,219.11,都市：農,10000,3955,持分移轉,00730001
RPUOMLTJMHNFFAI56CA,劉厝段劉厝小段,41.00,都市：農,1,1,全筆移轉,00730002
RPQPMLRKMHNFFAI78CA,頂庄段,34.29,都市：住,10000,2029,持分移轉,04690000
RPRNMLKKMHNFFAI18EA,車店段,66.00,都市：住,1,1,全筆移轉,04890080
RPXNMLKLMHNFFAI68CA,頂庄段,34.29,都市：住,10000,2029,持分移轉,04690000
RPRPMLRKMHNFFAI88CA,頂庄段,31.84,都市：住,10000,1884,持分移轉,04690000
RPWNMLSLLHNFFAI86EA,車店段,75.00,都市：住,1,1,全筆移轉,00340012
RPSNMLKKMHNFFAI28EA,港子坪段,36.37,都市：住,100000,6940,持分移轉,00060002
RPUPMLRKMHNFFAI56CA,北社尾段,86.00,都市：住,1,1,全筆移轉,07160040
RPVNMLKLMHNFFAI48CA,中山段四小段,629.20,都市：其他:道路用地,10000,9253,持分移轉,00160000
RPTNMLKLMHNFFAI28CA,下路頭段,10.83,都市：住,10000,37,持分移轉,00100076
RPXNMLRKMHNFFAI66CA,車店段,83.00,都市：住,1,1,全筆移轉,03440019
RPSNMLNKMHNFFAI38CA,台斗坑段,21.09,都市：住,10000,55,持分移轉,04540002
RPSNMLNKMHNFFAI38CA,台斗坑段,.01,都市：住,10000,55,持分移轉,04540023
RPPOMLMKMHNFFAI08CA,北社尾段,82.00,都市：住,1,1,全筆移轉,07240010
RPOOMLMKMHNFFAI97CA,埤子頭段,90.00,都市：住,1,1,全筆移轉,03840025
RPOOMLMKMHNFFAI97CA,埤子頭段,19.92,都市：住,12,1,持分移轉,03840029
RPSOMLNJMHNFFAI38CA,彌陀段,299.00,都市：住,1,1,全筆移轉,03190000
RPQNMLKKMHNFFAI87CA,興村段,15.30,都市：住,1000,45,持分移轉,02090000
RPXNMLKMLHNFFAI68CA,短竹段,7.92,都市：商,10000,107,持分移轉,04910000
RPXNMLKMLHNFFAI68CA,短竹段,.10,都市：其他:人行廣場用地,10000,107,持分移轉,04910001
RPXNMLKMLHNFFAI68CA,短竹段,6.71,都市：商,10000,107,持分移轉,06820000
RPQNMLKMLHNFFAI97CA,西門段三小段,8.50,都市：住,10000,168,持分移轉,01170000
RPQNMLKMLHNFFAI97CA,西門段三小段,2.13,都市：住,10000,168,持分移轉,01190000
RPOOMLNJMHNFFAI97CA,下路頭段,9.17,都市：住,12,1,持分移轉,02270015
RPOOMLNJMHNFFAI97CA,下路頭段,92.00,都市：住,1,1,全筆移轉,02270103
RPOOMLNJMHNFFAI97CA,下路頭段,1.50,都市：其他:公設地,12,1,持分移轉,02270255
RPWNMLLMLHNFFAI68CA,盧厝段,8.15,都市：住,10000,15,持分移轉,02600004
RPSOMLLMLHNFFAI38CA,竹圍子段,9.74,都市：住,10000,80,持分移轉,03660000
RPRNMLKMLHNFFAI08CA,下路頭段,89.00,都市：住,1,1,全筆移轉,05700105
RPUNMLKMLHNFFAI38CA,埤子頭段,67.00,都市：住,1,1,全筆移轉,01970041
RPTNMLKMLHNFFAI28CA,下路頭段,56.00,都市：住,1,1,全筆移轉,02520008
RPTNMLKMLHNFFAI28CA,下路頭段,7.00,都市：住,1,1,全筆移轉,02520022
RPTOMLNJMHNFFAI48CA,台斗坑段,12.58,都市：住,10000,22,持分移轉,03240003
RPROMLNJMHNFFAI28CA,興村段,77.00,都市：住,1736,77,持分移轉,02130000
RPROMLRKMHNFFAI78CA,荖藤段,128.00,都市：住,1,1,全筆移轉,04090005
RPQOMLNJMHNFFAI18CA,車店段車店小段,947.00,都市：住,1,1,全筆移轉,08110000
RPWNMLTJMHNFFAI66CA,盧厝段,7.69,都市：住,20500,769,持分移轉,06450000
RPWNMLTJMHNFFAI66CA,盧厝段,22.00,都市：住,58600,2200,持分移轉,06450001
RPWNMLTJMHNFFAI66CA,盧厝段,5.78,都市：住,15400,578,持分移轉,06450041
RPOOMLTJMHNFFAI58CA,下路頭段,92.00,都市：住,1,1,全筆移轉,05860063
RPTNMLOKMHNFFAI58CA,中庄段,78.00,都市：住,1,1,全筆移轉,05910000
RPSNMLTKMHNFFAI98CA,湖子內段湖美小段,239.04,都市：住,10000,2672,持分移轉,00830000
RPSNMLTKMHNFFAI98CA,湖子內段湖美小段,88.33,都市：住,10000,2672,持分移轉,00830001
RPUNMLNLMHNFFAI68CA,湖內段,69.00,都市：住,1,1,全筆移轉,12930013
RPUNMLNLMHNFFAI68CA,湖內段,14.00,都市：住,1,1,全筆移轉,12930024
RPOPMLRKMHNFFAI58CA,盧厝段,150.00,都市：住,1,1,全筆移轉,04370030
RPOPMLRKMHNFFAI58CA,盧厝段,18.00,都市：住,1,1,全筆移轉,04370031
RPUNMLOKMHNFFAI68CA,南門段三小段,1.00,都市：商,53,1,持分移轉,00360001
RPRNMLNJMHNFFAI28DA,東門段七小段,56.00,都市：住,1,1,全筆移轉,00860000
RPRNMLNJMHNFFAI28DA,東門段七小段,26.00,都市：住,1,1,全筆移轉,00870000
RPRNMLNJMHNFFAI28DA,東門段七小段,15.00,都市：住,1,1,全筆移轉,01130000
RPPNMLOLMHNFFAI48EA,新富段二小段,11.00,都市：商,14,1,持分移轉,00460030
RPPNMLOLMHNFFAI48EA,新富段二小段,62.00,都市：商,1,1,全筆移轉,00460033
RPPNMLOLMHNFFAI48EA,新富段二小段,4.14,都市：商,14,1,持分移轉,00470009
RPVNMLKMLHNFFAI68EA,長竹段,152.00,都市：住,1,1,全筆移轉,01030007
RPQNMLMJMHNFFAI18EA,竹圍子段,.14,都市：住,100000,2857,持分移轉,00160011
RPQNMLMJMHNFFAI18EA,竹圍子段,37.85,都市：住,10000,285,持分移轉,00190004
RPPNMLTKMHNFFAI68CA,太平段,32.89,都市：住,10000,123,持分移轉,00620000
RPSNMLOKMHNFFAI48CA,榮段二小段,4.50,都市：住,10000,110,持分移轉,00540000
RPVNMLNJMHNFFAI58CA,劉厝段玉山小段,97.21,都市：住,1,1,全筆移轉,00680003
RPSNMLMKMHNFFAI28CA,台斗坑段,9.10,都市：住,20000,93,持分移轉,03270008
RPRNMLOKMHNFFAI38CA,竹圍子段三小段,16.40,都市：住,5,1,持分移轉,01050012
RPOOMLRKMHNFFAI48CA,堀川段,25.00,都市：其他:公園用地,1,1,全筆移轉,00040278
RPRNMLOKMHNFFAI38CA,竹圍子段三小段,16.00,都市：住,1,1,全筆移轉,01050014
RPRNMLOKMHNFFAI38CA,竹圍子段三小段,68.00,都市：住,1,1,全筆移轉,01050017
RPUNMLMJMHNFFAI38CA,竹圍子段,5.51,都市：住,10000,26,持分移轉,03300000
RPQNMLKMMHNFFAI08CA,東川段,10.36,都市：住,10000,656,持分移轉,01190000
RPQNMLKMMHNFFAI08CA,東川段,20.40,都市：住,10000,656,持分移轉,01200000
RPWOMLNJMHNFFAI78CA,竹圍子段三小段,15.50,都市：住,10000,76,持分移轉,00980000
RPSNMLQJMHNFFAI58CA,埤子頭段,214.00,都市：住,1,1,全筆移轉,03850005
RPSNMLQJMHNFFAI58CA,埤子頭段,6.00,都市：其他:道路用地,1,1,全筆移轉,03850046
RPVOMLLMLHNFFAI68CA,下路頭段,71.00,都市：商,1,1,全筆移轉,00850027
RPRNMLMKMHNFFAI18CA,短竹段,137.00,都市：住,1,1,全筆移轉,16220012
RPVNMLOLMHNFFAI88CA,白川段,34.88,都市：住,100000,720,持分移轉,00170000
RPTNMLMJMHNFFAI28CA,劉厝段玉山小段,130.00,都市：住,1,1,全筆移轉,02210003
RPPNMLQLMHNFFAI48CA,遠東段,2285.00,都市：工,3994,2285,持分移轉,04840000
RPPNMLQLMHNFFAI48CA,遠東段,854.50,都市：工,7988,1709,持分移轉,04840000
RPPNMLQLMHNFFAI48CA,遠東段,854.50,都市：工,7988,1709,持分移轉,04840000
RPVNMLTKMHNFFAI66CA,南門段五小段,113.00,都市：商,1,1,全筆移轉,00500005
RPXNMLMJMHNFFAI78DA,興村段,1.55,都市：商,10000,50,持分移轉,01330000
RPXNMLMJMHNFFAI78DA,興村段,9.34,都市：商,10000,50,持分移轉,01490000
RPTNMLNLMHNFFAI58CA,竹圍子段二小段,24.66,都市：住,10000,151,持分移轉,02530000
RPQNMLNLMHNFFAI38DA,中山段六小段,21.00,都市：住,1,1,全筆移轉,00200001
RPSOMLPLMHNFFAI78CA,遠東段,15.41,都市：住,100000,276,持分移轉,00680000
RPRNMLLLMHNFFAI18CA,太平段,81.00,都市：住,1,1,全筆移轉,01090012
RPRNMLLLMHNFFAI18CA,山下段,34.00,都市：住,1,1,全筆移轉,00810011
RPXOMLRKMHNFFAI76CA,下路頭段,70.00,都市：住,1,1,全筆移轉,04350088
RPPNMLOKMHNFFAI18CA,湖子內段興安小段,149.01,都市：住,1,1,全筆移轉,01260000
RPTOMLPLMHNFFAI88CA,遠東段,18.48,都市：住,100000,331,持分移轉,00680000
RPSOMLMKMHNFFAI38CA,下路頭段,31.00,都市：住,1124,31,持分移轉,04350098
RPSNMLTJMHNFFAI09EA,埤子頭段,5.10,都市：住,10000,14,持分移轉,03120000
RPSNMLRKMHNFFAI98EA,新富段四小段,.62,都市：商,450000,51,持分移轉,00080000
RPWNMLMKMHNFFAI88EA,下路頭段,4.89,都市：住,10000,9,持分移轉,00970000
RPPNMLSJMHNFFAI48CA,白川段,140.00,都市：住,1,1,全筆移轉,00370086
RPPNMLTJMHNFFAI78EA,埤子頭段,34.00,都市：住,1,1,全筆移轉,03930123
RPQNMLOKMHNFFAI28CA,劉厝段玉山小段,127.93,都市：住,1,1,全筆移轉,03480009
RPPPMLPLMHNFFAI58CA,短竹段,6.67,都市：住,50000,56,持分移轉,09120071
RPVNMLTJMHNFFAI56CA,堀川段,101.00,都市：住,1,1,全筆移轉,00250021
RPRNMLTJMHNFFAI98EA,短竹段,110.00,都市：住,1,1,全筆移轉,16620001
RPRNMLTJMHNFFAI98EA,短竹段,31.50,都市：住,6,1,持分移轉,16620003
RPROMLRLMHNFFAI88CA,西門段四小段,4.00,都市：商,1,1,全筆移轉,00700022
RPWNMLRKMHNFFAI56CA,下路頭段,21.50,都市：住,19040,215,持分移轉,04270077
RPOOMLKLMHNFFAI87CA,台斗坑段,.01,都市：住,10000,56,持分移轉,04540023
RPOOMLKLMHNFFAI87CA,台斗坑段,21.48,都市：住,10000,56,持分移轉,04540002
RPTOMLRLMHNFFAI09CA,下路頭段,14.75,都市：住,8,1,持分移轉,04310133
RPTOMLRLMHNFFAI09CA,下路頭段,70.00,都市：住,1,1,全筆移轉,04310137
RPTOMLRLMHNFFAI09CA,下路頭段,16.93,都市：住,15,1,持分移轉,04310139
RPTOMLRLMHNFFAI09CA,下路頭段,2.73,都市：住,15,1,持分移轉,04310143
RPXOMLRLMHNFFAI86CA,竹圍子段二小段,13.77,都市：住,10000,170,持分移轉,02520000
RPXNMLOLMHNFFAI09CA,盧厝段,12.17,都市：住,10000,79,持分移轉,02440009
RPXNMLOLMHNFFAI09CA,長竹段,.13,都市：住,10000,79,持分移轉,00010003
RPRPMLPLMHNFFAI78CA,埤子頭段,14.20,都市：住,10000,39,持分移轉,03120000
RPVNMLNLMHNFFAI78CA,盧厝段,29.06,都市：住,10000,240,持分移轉,04090002
RPVOMLRKMHNFFAI56CA,中庄段,54.05,都市：住,600,10,持分移轉,10130000
RPUNMLKLMHNFFAI38CA,下路頭段,19.33,都市：住,10000,95,持分移轉,01930041
RPUNMLKLMHNFFAI38CA,下路頭段,3.24,都市：住,10000,95,持分移轉,01930210
RPQNMLNKMHNFFAI18CA,竹圍子段,2.04,都市：住,480,11,持分移轉,02070004
RPQNMLNKMHNFFAI18CA,竹圍子段,38.26,都市：住,50000,1964,持分移轉,02070039
RPQNMLNKMHNFFAI18CA,竹圍子段,1.12,都市：住,480,11,持分移轉,02080005
RPQNMLNKMHNFFAI18CA,竹圍子段,4.50,都市：住,2,1,持分移轉,02090026
RPQNMLNKMHNFFAI18CA,竹圍子段,5.00,都市：住,2,1,持分移轉,02130010
RPQNMLNKMHNFFAI18CA,竹圍子段,12.50,都市：住,2,1,持分移轉,02130011
RPQNMLNKMHNFFAI18CA,竹圍子段,16.37,都市：住,214,16,持分移轉,02130025
RPQNMLMKMHNFFAI08CA,竹圍子段二小段,9.14,都市：住,10000,56,持分移轉,00260000
RPVNMLLKMHNFFAI58DA,北園段,103.00,都市：住,1,1,全筆移轉,14830001
RPQNMLMKMHNFFAI08CA,竹圍子段二小段,1.14,都市：住,10000,7,持分移轉,00260000
RPVNMLLKMHNFFAI58DA,北園段,5.00,都市：住,1,1,全筆移轉,14840002
RPPNMLLKMHNFFAI08EA,盧厝段,109.00,都市：住,1,1,全筆移轉,03070024
RPRNMLLKMHNFFAI28EA,盧厝段,23.00,都市：住,1,1,全筆移轉,02440046
RPRNMLLKMHNFFAI28EA,盧厝段,49.00,都市：住,1,1,全筆移轉,02440057
RPWNMLLKMHNFFAI58CA,北湖段,106.00,都市：住,1,1,全筆移轉,04830002
RPTNMLRKMHNFFAI09EA,彌陀段,69.00,都市：住,1,1,全筆移轉,08980000
RPQNMLLKMHNFFAI18EA,同興段,.52,都市：住,120,2,持分移轉,07080000
RPQNMLLKMHNFFAI18EA,同興段,1.48,都市：住,120,2,持分移轉,07100000
RPQNMLLKMHNFFAI18EA,同興段,7.28,都市：住,240,19,持分移轉,07110000
RPQNMLLKMHNFFAI18EA,同興段,13.11,都市：住,360,39,持分移轉,07270000
RPQNMLLKMHNFFAI18EA,同興段,2.30,都市：住,240,19,持分移轉,07300000
RPXNMLLKMHNFFAI68CA,下路頭段,4.89,都市：住,10000,9,持分移轉,00970000
SPQNMLQKMHNFFAI58CA,埤子頭段,5.10,都市：住,10000,14,持分移轉,03120000
RPOOMLLKMHNFFAI87CA,湖子內段興安小段,180.19,都市：住,1,1,全筆移轉,00360000
RPUOMLRKMHNFFAI09CA,盧厝段,6.52,都市：住,10000,12,持分移轉,02600004
RPPNMLNKMHNFFAI08CA,埤子頭段,81.00,都市：住,1,1,全筆移轉,03750017
RPUNMLSJNHNFFAI09CA,車店段車店小段,36.36,都市：住,10000,900,持分移轉,09120005
RPSPMLPLMHNFFAI88CA,新厝段,28.23,都市：住,10000,177,持分移轉,01000000
RPSPMLPLMHNFFAI88CA,新厝段,.02,都市：住,10000,177,持分移轉,01000001
RPTPMLRKMHNFFAI09CA,後庄段,96.00,都市：住,1,1,全筆移轉,12970000
RPPNMLLLMHNFFAI97CA,興村段,1.55,都市：商,10000,50,持分移轉,01330000
RPPNMLLLMHNFFAI97CA,興村段,9.34,都市：商,10000,50,持分移轉,01490000
RPQPMLPLMHNFFAI68CA,車店段車店小段,6.12,都市：住,10000,170,持分移轉,09090002
RPWNMLMJNHNFFAI68CA,埤子頭段,15.29,都市：住,10000,42,持分移轉,03120000
RPRNMLPJNHNFFAI48CA,興村段,2.64,都市：商,10000,85,持分移轉,01330000
RPRNMLPJNHNFFAI48CA,興村段,15.89,都市：商,10000,85,持分移轉,01490000
RPVOMLMJNHNFFAI68CA,中山段三小段,.14,都市：住,10000,62,持分移轉,00210006
RPVOMLMJNHNFFAI68CA,中山段三小段,22.18,都市：住,10000,62,持分移轉,00250000
RPUOMLMJNHNFFAI58CA,中山段三小段,.09,都市：住,10000,40,持分移轉,00210006
RPUOMLMJNHNFFAI58CA,中山段三小段,.09,都市：住,10000,40,持分移轉,00210006
RPUOMLMJNHNFFAI58CA,中山段三小段,14.31,都市：住,10000,40,持分移轉,00250000
RPUOMLMJNHNFFAI58CA,中山段三小段,14.31,都市：住,10000,40,持分移轉,00250000
RPRNMLLJNHNFFAI08CA,竹圍子段,44.00,都市：住,1,1,全筆移轉,00070019
RPRNMLKLMHNFFAI08CA,榮段三小段,43.00,都市：商,1,1,全筆移轉,00610000
RPRNMLKLMHNFFAI08CA,榮段三小段,18.38,都市：商,16,1,持分移轉,00770000
RPRNMLKLMHNFFAI08CA,榮段三小段,82.00,都市：商,1,1,全筆移轉,00770007
RPQNMLTKMHNFFAI78CA,竹圍子段,77.00,都市：住,1,1,全筆移轉,03570201
RPVNMLRJNHNFFAI09CA,竹圍子段,7.00,都市：住,1,1,全筆移轉,03150026
RPVNMLRJNHNFFAI09CA,竹圍子段,52.00,都市：住,1,1,全筆移轉,03150033
RPWNMLNLMHNFFAI88CA,竹圍子段二小段,11.22,都市：住,10000,27,持分移轉,01120000
RPUOMLLJNHNFFAI48CA,竹圍子段三小段,110.00,都市：住,1,1,全筆移轉,00820006
RPRNMLQKMHNFFAI58CA,彌陀段,78.00,都市：住,1,1,全筆移轉,06740016
RPRNMLQKMHNFFAI58CA,彌陀段,19.57,都市：住,7,1,持分移轉,06740019
RPRNMLQKMHNFFAI58CA,彌陀段,.14,都市：住,7,1,持分移轉,06740024
RPWOMLRKMHNFFAI66CA,北社尾段保安小段,10.83,都市：住,10000,84,持分移轉,06120000
RPWNMLOKMHNFFAI88CA,頭港段,474.00,都市：農,1,1,全筆移轉,02560003
RPPNMLQKMHNFFAI38CA,車店段,25.33,都市：住,100000,889,持分移轉,00860013
RPPNMLQKMHNFFAI38CA,白川段,4.27,都市：住,100000,889,持分移轉,00800005
RPTNMLNKMHNFFAI48CA,下路頭段,38.00,都市：住,457,38,持分移轉,00460070
RPUNMLSKMHNFFAI66EA,北園段,116.33,都市：住,6,1,持分移轉,12640000
RPVNMLMKMHNFFAI78EA,下路頭段,234.00,都市：住,1,1,全筆移轉,01640014
RPTNMLQKMHNFFAI98EA,北門段四小段,43.00,都市：商,1,1,全筆移轉,00730002
RPTNMLQKMHNFFAI98EA,北門段四小段,26.00,都市：商,1,1,全筆移轉,00780001
RPTNMLMKMHNFFAI38CA,軍輝段,202.00,都市：住,1,1,全筆移轉,06430000
RPTNMLMKMHNFFAI38CA,軍輝段,66.00,都市：住,1,1,全筆移轉,06550019
RPWNMLNKMHNFFAI78CA,北社尾段,14.24,都市：住,10000,31,持分移轉,07120001
RPPNMLRKMHNFFAI48CA,北門段七小段,8.82,都市：商,10000,250,持分移轉,00040000
RPWOMLPLMHNFFAI56CA,下路頭段,9.79,都市：住,10000,18,持分移轉,00970000
RPVNMLSJNHNFFAI56CA,玉川段,95.00,都市：住,1,1,全筆移轉,00580224
RPSNMLSLMHNFFAI98CA,彌陀段,85.00,都市：住,1,1,全筆移轉,11780000
RPPNMLMLMHNFFAI08CA,長竹段,25.35,都市：住,10000,156,持分移轉,09590000
RPSNMLPJNHNFFAI58CA,中庄段,52.00,都市：住,1,1,全筆移轉,02830000
RPQNMLSKMHNFFAI68CA,興村段,83.00,都市：住,1,1,全筆移轉,02470048
RPRNMLSLMHNFFAI88CA,民族段四小段,46.00,都市：住,1,1,全筆移轉,00480005
RPRNMLSLMHNFFAI88CA,民族段四小段,8.00,都市：住,11,1,持分移轉,00480010
RPRNMLMJNHNFFAI18CA,育人段,121.21,都市：農,1,1,全筆移轉,06860000
RPXNMLMJNHNFFAI78CA,育人段,129.21,都市：農,2,1,持分移轉,01100000
RPXNMLRJNHNFFAI66CA,新富段八小段,41.48,都市：商,100000,2713,持分移轉,00090000
RPXNMLRJNHNFFAI66CA,末廣段一小段,1.25,都市：商,100000,2713,持分移轉,00020003
RPWNMLPLMHNFFAI09CA,港子坪段港坪小段,13.90,都市：住,10000,72,持分移轉,00950000
RPPNMLSKMHNFFAI58CA,竹圍子段,.14,都市：住,100000,2857,持分移轉,00160011
RPPNMLSKMHNFFAI58CA,竹圍子段,28.82,都市：住,10000,217,持分移轉,00190004
RPQNMLSLMHNFFAI78CA,湖內段,33.33,都市：住,10000,859,持分移轉,07950000
RPVNMLOKMHNFFAI78CA,南門段六小段,2.67,都市：住,10000,149,持分移轉,00100001
RPVNMLOKMHNFFAI78CA,元段六小段,7.29,都市：住,10000,149,持分移轉,01400000
RPVNMLOKMHNFFAI78CA,元段六小段,10.56,都市：住,10000,149,持分移轉,01420000
RPSPMLRKMHNFFAI98CA,港子坪段,4.92,都市：住,10000,34,持分移轉,02030005
RPOOMLNKMHNFFAI08CA,竹圍子段,23.00,都市：住,1,1,全筆移轉,03670018
RPOOMLNKMHNFFAI08CA,竹圍子段,50.00,都市：住,1,1,全筆移轉,03790057
RPXOMLMKPHNFFAI56CA,竹圍子段,22.69,都市：住,10000,93,持分移轉,00210000
RPUNMLQKMHNFFAI09EA,湖子內段湖美小段,135.11,都市：住,1,1,全筆移轉,01270000
RPPOMLNKMHNFFAI18CA,車店段車店小段,23.39,都市：住,10000,48,持分移轉,00450000
RPPNMLLJNHNFFAI08EA,埤子頭段,3.67,都市：住,10000,58,持分移轉,03430001
RPPNMLLJNHNFFAI08EA,埤子頭段,4.16,都市：住,10000,58,持分移轉,03430019
RPPPMLRKMHNFFAI68CA,白川段,77.00,都市：住,1,1,全筆移轉,00870029
RPWNMLTJNHNFFAI76CA,港子坪段港坪小段,13.90,都市：住,10000,72,持分移轉,00950000
RPRNMLSKMHNFFAI98EA,彌陀段,55.00,都市：住,1,1,全筆移轉,08480000
RPQOMLPLMHNFFAI78EA,劉厝段,88.00,都市：住,1,1,全筆移轉,00170035
RPTNMLSKNHNFFAI09CA,北湖段,1167.00,都市：農,2881,1167,持分移轉,08780000
RPXOMLPLMHNFFAI66CA,下埤段,383.34,都市：農,100000,59889,持分移轉,08350000
RPXOMLPLMHNFFAI66CA,下埤段,1442.09,都市：住,100000,73930,持分移轉,08490000
RPXOMLPLMHNFFAI66CA,下埤段,.46,都市：農,10,5,持分移轉,08350001
RPXOMLPLMHNFFAI66CA,下埤段,7.76,都市：農,10,5,持分移轉,08350002
RPVOMLRLMHNFFAI66CA,盧厝段,38.03,都市：住,10000,314,持分移轉,04090002
RPPNMLTLMHNFFAI78CA,竹圍子段,12.51,都市：住,10000,59,持分移轉,03300000
RPTOMLLJNHNFFAI38CA,新富段一小段,57.00,都市：住,1,1,全筆移轉,00350001
RPVNMLMJNHNFFAI58CA,下路頭段,4.89,都市：住,10000,9,持分移轉,00970000
RPVOMLNJNHNFFAI78CA,短竹段,190.00,都市：住,1,1,全筆移轉,14610002
RPWOMLRLMHNFFAI76CA,榮段五小段,49.00,都市：商,1,1,全筆移轉,00120036
RPXNMLPLMHNFFAI56CA,竹圍子段友愛小段,66.00,都市：住,1,1,全筆移轉,00140000
RPVNMLPLMHNFFAI98CA,竹圍子段二小段,81.00,都市：住,1,1,全筆移轉,01920000
RPUOMLNJNHNFFAI68CA,短竹段,191.00,都市：住,1,1,全筆移轉,14610003
RPPNMLMJNHNFFAI97CA,湖子內段湖內小段,617.00,都市：農,1,1,全筆移轉,00990000
RPXNMLSKMHNFFAI76CA,竹圍子段,23.40,都市：住,9300,234,持分移轉,02340003
RPTNMLPLMHNFFAI78CA,下路頭段,68.00,都市：住,1,1,全筆移轉,02600025
RPRNMLTKMHNFFAI88CA,檜段六小段,90.00,都市：商,1,1,全筆移轉,00140005
RPWNMLKLMHNFFAI58CA,車店段,4.83,都市：住,10000,101,持分移轉,01430008
RPWNMLKLMHNFFAI58CA,白川段,3.41,都市：住,10000,101,持分移轉,00920000
RPWNMLSJNHNFFAI66CA,車店段車店小段,25.80,都市：住,17120,258,持分移轉,02650000
RPTNMLTKMHNFFAI09CA,劉厝段劉厝小段,66.00,都市：住,1,1,全筆移轉,02330020
RPTNMLSKMHNFFAI56EA,白川段,34.93,都市：住,100000,709,持分移轉,00160007
RPOOMLOKNHNFFAI28CA,盧東段,29.66,都市：農,10000,133,持分移轉,06420000
RPOOMLOKNHNFFAI28CA,盧東段,34.52,都市：農,10000,133,持分移轉,06420003
RPOOMLOKNHNFFAI28CA,盧東段,11.97,都市：農,10000,133,持分移轉,06420004
RPOOMLOKNHNFFAI28CA,盧東段,32.40,都市：農,6,1,持分移轉,06420020
RPOOMLOKNHNFFAI28CA,盧東段,102.92,都市：農,6,1,持分移轉,06420064
RPOOMLOKNHNFFAI28CA,盧東段,.44,都市：農,10000,133,持分移轉,06420075
RPOOMLOKNHNFFAI28CA,盧東段,.39,都市：農,10000,133,持分移轉,06420078
RPOOMLOKNHNFFAI28CA,盧東段,4.43,都市：農,10000,133,持分移轉,06420079
RPOOMLOKNHNFFAI28CA,盧東段,1.83,都市：農,10000,133,持分移轉,06420081
RPRNMLRLMHNFFAI78CA,湖子內段新民小段,524.71,都市：住,1,1,全筆移轉,03860000
RPTNMLRLMHNFFAI56EA,短竹段,8.10,都市：住,50000,68,持分移轉,09120071
RPQNMLPLMHNFFAI48CA,同興段,20.50,都市：住,10000,15,持分移轉,14350000
RPVOMLPLMHNFFAI09CA,遠東段,16.86,都市：住,100000,302,持分移轉,00680000
RPVNMLQLMHNFFAI09CA,遠東段,17.92,都市：住,100000,321,持分移轉,00680000
RPUNMLPLMHNFFAI88CA,彌陀段,10.00,都市：住,1,1,全筆移轉,03130000
RPUNMLPLMHNFFAI88CA,彌陀段,184.00,都市：住,1,1,全筆移轉,03150000
RPUNMLPLMHNFFAI88CA,彌陀段,93.00,都市：住,1,1,全筆移轉,03170000
RPUNMLPLMHNFFAI88CA,彌陀段,390.00,都市：住,1,1,全筆移轉,03180000
RPUOMLPLMHNFFAI98CA,遠東段,20.04,都市：住,100000,359,持分移轉,00680000
RPOOMLPLMHNFFAI38CA,盧厝段,5.97,都市：住,10000,11,持分移轉,02600004
RPUNMLTKMHNFFAI56CA,湖子內段湖美小段,350.00,都市：商,1,1,全筆移轉,01670000
RPSNMLKLMHNFFAI18CA,竹圍子段,112.00,都市：住,1,1,全筆移轉,03860039
RPQNMLOLMHNFFAI38CA,同興段,28.60,都市：住,98360,572,持分移轉,17260000
RPPNMLNLMHNFFAI18CA,湖內段,19.48,都市：住,10000,53,持分移轉,02360000
RPQNMLKLMHNFFAI97CA,車店段,88.00,都市：住,1,1,全筆移轉,04260100
RPWOMLLJNHNFFAI68CA,短竹段,4.88,都市：住,50000,41,持分移轉,09120071
RPTNMLLJNHNFFAI28CA,短竹段,56.00,都市：住,1,1,全筆移轉,05540007
RPPOMLLJNHNFFAI97CA,劉厝段玉山小段,102.30,都市：住,1,1,全筆移轉,02510000
RPPOMLRLMHNFFAI68CA,埤子頭段新厝小段,77.00,都市：住,1,1,全筆移轉,03080002
RPWNMLRLMHNFFAI66CA,北湖段,262.00,都市：住,1,1,全筆移轉,02180000
RPVOMLLJNHNFFAI58CA,東川段,26.20,都市：住,10000,139,持分移轉,04980001
RPXOMLMJNHNFFAI88CA,彌陀段,128.00,都市：住,1,1,全筆移轉,01130002
RPXOMLMJNHNFFAI88CA,彌陀段,36.96,都市：住,28,1,持分移轉,01130010
RPXOMLMJNHNFFAI88CA,彌陀段,6.74,都市：住,10000,355,持分移轉,01130022
RPWNMLNJNHNFFAI78CA,劉厝段玉山小段,112.83,都市：住,1,1,全筆移轉,00380004
RPQNMLNKNHNFFAI28CA,下路頭段,68.00,都市：住,1,1,全筆移轉,07950084
RPPNMLPKNHNFFAI38CA,短竹段,6.79,都市：住,50000,57,持分移轉,09120071
RPPNMLNKNHNFFAI18CA,太平段,178.00,都市：住,1,1,全筆移轉,00620040
RPSNMLNLMHNFFAI58DA,山下段,61.00,都市：住,1,1,全筆移轉,01130015
RPXNMLOJNHNFFAI98CA,盧厝段,13.58,都市：住,10000,25,持分移轉,02600004
RPSNMLQLMHNFFAI98EA,劉厝段劉厝小段,66.00,都市：住,1,1,全筆移轉,03200011
RPRNMLSKNHNFFAI88CA,下路頭段,3.81,都市：住,10000,7,持分移轉,00970000
RPRNMLSKNHNFFAI88CA,下路頭段,3.81,都市：住,10000,7,持分移轉,00970000
RPSNMLRKNHNFFAI09EA,湖子內段新民小段,1011.89,都市：其他:休閒農業區,1,1,全筆移轉,03570003
RPQNMLTJNHNFFAI78CA,竹圍子段二小段,13.86,都市：住,10000,40,持分移轉,01600000
RPSOMLNJNHNFFAI48CA,港子坪段,53.00,都市：住,1,1,全筆移轉,02290057
RPUNMLMLIINFFAI28CA,下路頭段,21.65,都市：住,100,5,持分移轉,02960053
RPUNMLMLIINFFAI28CA,下路頭段,13.05,都市：住,100,5,持分移轉,02980002
RPPNMLPLMHNFFAI38CA,北湖段,122.00,都市：住,1,1,全筆移轉,03560003
RPOOMLLJNHNFFAI87CA,興村段,33.10,都市：住,10000,1000,持分移轉,01920000
RPPNMLOLMHNFFAI28CA,白川段,39.63,都市：住,10000,122,持分移轉,00050021
RPSNMLPLMHNFFAI68CA,西門段二小段,84.60,都市：商,5,3,持分移轉,00900000
RPQNMLRLMHNFFAI68CA,劉厝段劉厝小段,1341.00,都市：住,1,1,全筆移轉,02020001
RPPNMLSLMHNFFAI68CA,榮段五小段,46.00,都市：商,1,1,全筆移轉,00120014
RPPOMLPLMHNFFAI48CA,竹圍子段,67.00,都市：住,1,1,全筆移轉,03110010
RPOOMLNJNHNFFAI08CA,竹圍子段二小段,11.10,都市：商,10000,68,持分移轉,00260000
RPSNMLKMMHNFFAI38DA,彌陀段,87.00,都市：住,1,1,全筆移轉,05480007
RPPNMLMKNHNFFAI08CA,檜段三小段,13.50,都市：住,2,1,持分移轉,00230002
RPRNMLMLNHNFFAI38CA,台斗坑段,33.00,都市：其他:河川用地,1,1,全筆移轉,03450008
RPPNMLMKNHNFFAI08CA,檜段三小段,13.50,都市：住,2,1,持分移轉,00230002
RPPNMLMKNHNFFAI08CA,檜段三小段,17.00,都市：住,2,1,持分移轉,00240006
RPPNMLMKNHNFFAI08CA,檜段三小段,17.00,都市：住,2,1,持分移轉,00240006
RPTNMLOLMHNFFAI78DA,下路頭段,38.00,都市：住,1,1,全筆移轉,00940011
RPTNMLOLMHNFFAI78DA,下路頭段,20.00,都市：住,1,1,全筆移轉,00950065
RPRNMLSJNHNFFAI98EA,車店段車店小段,4.96,都市：住,10000,25,持分移轉,00460056
RPVNMLLKNHNFFAI58CA,興村段,17.01,都市：住,10000,517,持分移轉,01990000
RPQNMLNLNHNFFAI58EA,短竹段,9.93,都市：住,10000,152,持分移轉,04560000
RPXNMLRLMHNFFAI76CA,育人段,107.92,都市：住,1,1,全筆移轉,03430007
RPWNMLLJNHNFFAI58CA,北園段,53.00,都市：住,2,1,持分移轉,02070032
RPWNMLLJNHNFFAI58CA,北園段,53.00,都市：住,2,1,持分移轉,02070032
RPSNMLMLNHNFFAI48CA,台斗坑段,6.00,都市：其他:河川用地,1,1,全筆移轉,03440018
RPSNMLMLNHNFFAI48CA,台斗坑段,241.00,都市：其他:河川用地,1,1,全筆移轉,03460004
RPSNMLRLMHNFFAI88CA,育人段,103.83,都市：住,1,1,全筆移轉,03430009
RPRNMLPLMHNFFAI58CA,白川段,34.83,都市：住,100000,707,持分移轉,00160007
RPROMLLJNHNFFAI18CA,長竹段,25.41,都市：住,10000,210,持分移轉,10440000
RPOOMLRLMHNFFAI58CA,育人段,99.44,都市：住,1,1,全筆移轉,03430000
RPXNMLNJNHNFFAI88CA,何庄段,565.99,都市：農,1,1,全筆移轉,07100000
RPXNMLNJNHNFFAI88CA,何庄段,284.99,都市：農,1,1,全筆移轉,07150000
RPQOMLLJNHNFFAI08CA,台斗坑段,22.27,都市：住,10000,222,持分移轉,03220002
RPRNMLRJNHNFFAI68CA,竹圍子段三小段,58.37,都市：住,10000,661,持分移轉,01710000
RPWNMLQLMHNFFAI56CA,育人段,282.56,都市：住,1,1,全筆移轉,03430010
RPXNMLLKNHNFFAI78CA,車店段車店小段,56.00,都市：住,1,1,全筆移轉,00500006
RPQPMLMJNHNFFAI28CA,港子坪段,1.58,都市：住,10000,220,持分移轉,02020067
RPQPMLMJNHNFFAI28CA,港子坪段港坪小段,15.64,都市：住,10000,220,持分移轉,01110000
RPWNMLLKNHNFFAI68CA,車店段車店小段,56.00,都市：住,1,1,全筆移轉,00500005
RPRPMLMJNHNFFAI38CA,湖內段,20.35,都市：住,10000,142,持分移轉,03760000
RPXNMLTJNHNFFAI86CA,檜段三小段,24.00,都市：住,1,1,全筆移轉,00410009
RPSOMLTJNHNFFAI09CA,檜段三小段,40.00,都市：住,1,1,全筆移轉,00410003
RPVNMLTJNHNFFAI66CA,北園段,2.50,都市：住,2,1,持分移轉,02000000
RPUNMLTJNHNFFAI56CA,北園段,1.25,都市：住,4,1,持分移轉,02000000
RPOOMLTJNHNFFAI68CA,竹圍子段二小段,9.97,都市：住,10000,24,持分移轉,01120000
RPSNMLSJNHNFFAI88CA,竹村段,110.89,都市：住,1,1,全筆移轉,04930000
RPUNMLMKNHNFFAI58CA,同興段,46.47,都市：住,10000,34,持分移轉,14350000
RPQOMLOKNHNFFAI48CA,玉川段,27.92,都市：住,24,1,持分移轉,00090005
RPTNMLNKNHNFFAI58CA,下路頭段,123.00,都市：住,1,1,全筆移轉,00100130
RPTNMLNKNHNFFAI58CA,下路頭段,6.00,都市：住,1,1,全筆移轉,00100360
RPQNMLQLMHNFFAI78EA,興村段,66.00,都市：住,1,1,全筆移轉,05920000
RPTNMLLLNHNFFAI48CA,榮段三小段,1.60,都市：商,6800,160,持分移轉,00380000
RPTNMLLLNHNFFAI48CA,榮段三小段,.96,都市：商,4200,96,持分移轉,00380001
RPTNMLLLNHNFFAI48CA,榮段三小段,13.70,都市：商,5820,137,持分移轉,00380002
RPVNMLRLMHNFFAI76EA,湖子內段興安小段,134.02,都市：住,1,1,全筆移轉,02170002
RPUNMLQLMHNFFAI56EA,車店段車店小段,10.10,都市：住,1000,25,持分移轉,09120005
RPQOMLPKNHNFFAI78EA,長竹段,4.40,都市：住,10000,65,持分移轉,10540000
RPTNMLQLMHNFFAI09EA,西門段三小段,60.00,都市：商,1,1,全筆移轉,00860002
RPROMLLLNHNFFAI38CA,台斗坑段,17.95,都市：住,10000,70,持分移轉,03240005
RPROMLLLNHNFFAI38CA,台斗坑段,.01,都市：其他:道路用地,10000,70,持分移轉,03240010
RPUNMLRLMHNFFAI66EA,湖子內段興安小段,125.64,都市：住,1,1,全筆移轉,02170001
RPQNMLPJNHNFFAI38CA,中庄段,92.00,都市：住,1,1,全筆移轉,00060000
RPSNMLNKNHNFFAI48CA,玉川段,59.00,都市：住,1,1,全筆移轉,01030008
RPQOMLMJNHNFFAI18CA,湖子內段湖美小段,309.77,都市：住,1,1,全筆移轉,00480000
RPQOMLTJNHNFFAI88CA,湖子內段湖內小段,69.00,都市：住,1,1,全筆移轉,01460010
RPROMLTJNHNFFAI98CA,遠東段,19.60,都市：住,10000,21,持分移轉,00680007
RPUNMLLJNHNFFAI38CA,山下段,44.00,都市：住,1,1,全筆移轉,00390024
RPOOMLMJNHNFFAI97CA,竹圍子段一小段,9.67,都市：住,100000,730,持分移轉,00260000
RPVNMLNJNHNFFAI68CA,陳厝段,184.27,都市：住,1,1,全筆移轉,01140000
RPUNMLMJNHNFFAI48CA,湖內段,109.00,都市：住,1,1,全筆移轉,11390000
RPUNMLMJNHNFFAI48CA,湖內段,9.01,都市：其他:公共設施保留地,80,7,持分移轉,11380000
RPUNMLMJNHNFFAI48CA,湖內段,29.67,都市：住,9,1,持分移轉,11390014
RPXNMLLJNHNFFAI68CA,湖內段,42.50,都市：住,2,1,持分移轉,09140000
RPXNMLLJNHNFFAI68CA,湖內段,42.50,都市：住,2,1,持分移轉,09140000
RPSOMLRLMHNFFAI98CA,鳥岫段,63.85,都市：住,1,1,全筆移轉,05450000
RPSOMLRLMHNFFAI98CA,鳥岫段,30.31,都市：住,11,1,持分移轉,05550000
RPSOMLRLMHNFFAI98CA,鳥岫段,1.60,都市：住,11,1,持分移轉,05560000
RPQNMLOJNHNFFAI28CA,下路頭段,7.07,都市：住,10000,13,持分移轉,00970000
RPPNMLKMMHNFFAI97CA,玉川段,24.75,都市：住,4,1,持分移轉,00810055
RPPNMLKMMHNFFAI97CA,玉川段,117.00,都市：住,1,1,全筆移轉,00810057
RPTNMLKMMHNFFAI38CA,長竹段,12.51,都市：住,10000,77,持分移轉,09590000
RPUOMLRLMHNFFAI56CA,同興段,12.30,都市：住,30000,27,持分移轉,14350000
RPQNMLNJNHNFFAI18CA,湖內段,24.82,都市：商,27700,249,持分移轉,03180000
RPSOMLLJNHNFFAI28CA,竹圍子段,.14,都市：住,100000,2858,持分移轉,00160011
RPSOMLLJNHNFFAI28CA,竹圍子段,25.63,都市：住,10000,193,持分移轉,00190004
RPRPMLOKNHNFFAI68CA,盧厝段,16.11,都市：農,460,10,持分移轉,02740007
RPRPMLOKNHNFFAI68CA,盧厝段,.35,都市：農,460,10,持分移轉,02740030
RPRPMLOKNHNFFAI68CA,盧厝段,101.00,都市：農,1,1,全筆移轉,02740095
RPWNMLPKNHNFFAI09CA,埤子頭段,604.00,都市：住,1,1,全筆移轉,01570000
RPWNMLPKNHNFFAI09CA,埤子頭段,75.00,都市：其他:公共設施保留地之人行步道,1,1,全筆移轉,01570005
RPQOMLRLMHNFFAI78CA,埤子頭段,31.32,都市：住,10000,105,持分移轉,01980000
RPTOMLOKNHNFFAI78CA,新厝段,2849.00,都市：農,1,1,全筆移轉,09640001
RPPOMLMJNHNFFAI08CA,盧厝段,94.00,都市：住,1,1,全筆移轉,01820015
RPVNMLLLNHNFFAI68CA,頂庄段,15.97,都市：住,90000,515,持分移轉,04200000
RPQOMLMLNHNFFAI38CA,竹圍子段,60.00,都市：商,1,1,全筆移轉,01380017
RPXNMLSJNHNFFAI76CA,黑金段,50.00,都市：住,1,1,全筆移轉,00600025
RPXNMLSJNHNFFAI76CA,黑金段,6.25,都市：住,8,1,持分移轉,00600026
RPSOMLNLNHNFFAI68CA,竹圍子段三小段,16.04,都市：住,10000,135,持分移轉,01620000
RPUNMLTLNHNFFAI86DA,湖內段,27.25,都市：住,4,1,持分移轉,06840002
RPUNMLNKNHNFFAI68CA,港子坪段港坪小段,14.20,都市：住,10000,94,持分移轉,02220000
RPPNMLOJNHNFFAI28DA,興村段,54.00,都市：住,1,1,全筆移轉,03850000
RPWNMLNKNHNFFAI88CA,興村段,13.10,都市：住,18130,131,持分移轉,01340000
RPRNMLNKNHNFFAI38CA,下路頭段,7.61,都市：住,10000,14,持分移轉,00970000
RPVNMLNKNHNFFAI78CA,劉厝段劉厝小段,17.35,都市：住,10000,110,持分移轉,03110000
RPVNMLNKNHNFFAI78CA,劉厝段劉厝小段,5.43,都市：住,10000,110,持分移轉,03120011
RPPNMLPJNHNFFAI28CA,車店段,10.30,都市：住,50200,1030,持分移轉,03930001
RPQNMLMKNHNFFAI18CA,中庄段,81.00,都市：住,1,1,全筆移轉,00900000
RPRNMLNJNHNFFAI28CA,北園段,77.00,都市：住,1,1,全筆移轉,10440029
RPRNMLNJNHNFFAI28CA,北園段,20.91,都市：住,10000,203,持分移轉,10440041
RPSNMLNJNHNFFAI38CA,北門段二小段,82.00,都市：商,1,1,全筆移轉,00390000
RPSNMLNJNHNFFAI38CA,北門段二小段,26.00,都市：商,1,1,全筆移轉,00390001
RPQOMLNJNHNFFAI28CA,榮段一小段,16.19,都市：商,10000,55,持分移轉,00270000
RPWOMLMJNHNFFAI78CA,埤子頭段,14.92,都市：住,20000,82,持分移轉,03120000
RPWNMLOJNHNFFAI88CA,湖內段,58.00,都市：住,1,1,全筆移轉,03210045
RPSNMLMJNHNFFAI48EA,溪東段,88.63,都市：住,1,1,全筆移轉,03220001
RPSNMLMJNHNFFAI48EA,溪東段,2.00,都市：住,9,1,持分移轉,03220006
RPSNMLMJNHNFFAI48EA,溪東段,17.40,都市：住,9,1,持分移轉,03220007
RPSNMLMJNHNFFAI48EA,溪東段,.13,都市：住,9,1,持分移轉,03220013
RPSNMLKMNHNFFAI58EA,港子坪段港坪小段,108.00,都市：住,1,1,全筆移轉,01090009
RPQNMLLJNHNFFAI97CA,埤子頭段,30.00,都市：住,1,1,全筆移轉,02200055
RPQNMLLJNHNFFAI97CA,埤子頭段,36.00,都市：住,1,1,全筆移轉,02270092
RPQNMLMJNHNFFAI08CA,北園段,5.00,都市：住,1,1,全筆移轉,14840001
RPQOMLSLNHNFFAI56EA,湖子內段湖美小段,2045.54,都市：工,1,1,全筆移轉,04420000
RPTNMLNJNHNFFAI68EA,元段二小段,72.00,都市：商,1,1,全筆移轉,01920001
RPROMLNJNHNFFAI38CA,何庄段,96.58,都市：住,1,1,全筆移轉,07550000
RPPOMLNJNHNFFAI18CA,車店段,13.64,都市：住,36,1,持分移轉,03700000
RPPOMLNJNHNFFAI18CA,車店段,11.08,都市：住,36,1,持分移轉,03700001
RPPOMLNJNHNFFAI18CA,車店段,9.92,都市：住,36,1,持分移轉,03700002
RPPOMLNJNHNFFAI18CA,車店段,9.25,都市：住,36,1,持分移轉,03700003
RPPOMLNJNHNFFAI18CA,車店段,5.81,都市：住,36,1,持分移轉,03700004
RPPOMLNJNHNFFAI18CA,車店段,5.83,都市：住,36,1,持分移轉,03700005
RPPOMLNJNHNFFAI18CA,車店段,.33,都市：住,36,1,持分移轉,03700011
RPSNMLOJNHNFFAI48CA,興村段,14.13,都市：住,1000,45,持分移轉,01730000
RPWNMLKMNHNFFAI78CA,遠東段,24.26,都市：住,10000,26,持分移轉,00680007
RPQNMLTKNHNFFAI88CA,竹村段,99.69,都市：住,1,1,全筆移轉,05970000
RPUNMLQLNHNFFAI09CA,白川段,75.00,都市：住,1,1,全筆移轉,00850029
RPUNMLQLNHNFFAI09CA,白川段,2.00,都市：住,1,1,全筆移轉,00850045
RPUNMLQLNHNFFAI09CA,白川段,2.00,都市：住,1,1,全筆移轉,00860052
RPPOMLNLNHNFFAI38CA,東門段四小段,9.55,都市：住,96,7,持分移轉,00260000
RPPOMLNLNHNFFAI38CA,東門段四小段,9.92,都市：住,12,1,持分移轉,00260003
RPPOMLNLNHNFFAI38CA,東門段四小段,4.17,都市：住,12,1,持分移轉,00270001
RPRNMLKKNHNFFAI08CA,盧厝段,93.00,都市：住,1,1,全筆移轉,02620019
RPQOMLNLNHNFFAI48CA,東門段四小段,28.66,都市：住,192,42,持分移轉,00260000
RPQOMLNLNHNFFAI48CA,東門段四小段,29.75,都市：住,24,6,持分移轉,00260003
RPQOMLNLNHNFFAI48CA,東門段四小段,12.50,都市：住,24,6,持分移轉,00270001
RPPOMLTJNHNFFAI78CA,劉厝段劉厝小段,18.69,都市：住,10000,49,持分移轉,03120001
RPTNMLRJNHNFFAI88CA,玉川段,125.00,都市：住,1,1,全筆移轉,00450028
RPQNMLRJNHNFFAI78EA,下路頭段,34.22,都市：住,18,2,持分移轉,07260012
RPQNMLRJNHNFFAI78EA,下路頭段,11.22,都市：住,18,2,持分移轉,07260018
RPQNMLRJNHNFFAI78EA,下路頭段,.67,都市：住,18,2,持分移轉,07260019
RPOOMLSJNHNFFAI58CA,鳥岫段,532.31,都市：農,3,2,持分移轉,06670000
RPTNMLPKNHNFFAI98EA,盧厝段,740.00,都市：農,1,1,全筆移轉,01860009
RPPNMLSJNHNFFAI78EA,白川段,36.44,都市：住,100000,731,持分移轉,00180000
RPSNMLQKNHNFFAI98EA,白川段,39.88,都市：住,618613,13423,持分移轉,00860001
RPUNMLLLNHNFFAI58CA,車店段車店小段,88.00,都市：住,1,1,全筆移轉,07050004
RPTNMLLKNHNFFAI38CA,盧厝段,221.00,都市：農,1,1,全筆移轉,02730012
RPTNMLLKNHNFFAI38CA,盧厝段,4.35,都市：農,8558,348,持分移轉,02730014
RPTNMLLKNHNFFAI38CA,盧厝段,31.76,都市：農,8558,348,持分移轉,02730015
RPSNMLLKNHNFFAI48EA,車店段車店小段,6.24,都市：住,10000,48,持分移轉,05850000
RPTNMLLKNHNFFAI38CA,盧厝段,8.09,都市：農,8558,348,持分移轉,02730016
RPTNMLLKNHNFFAI38CA,盧厝段,5.45,都市：農,8558,348,持分移轉,02730027
RPTNMLLKNHNFFAI38CA,盧厝段,.73,都市：農,8558,348,持分移轉,02730034
RPTNMLLKNHNFFAI38CA,盧厝段,4.64,都市：農,8558,348,持分移轉,02730043
RPTNMLLKNHNFFAI38CA,盧厝段,107.00,都市：農,1,1,全筆移轉,02730060
RPRNMLSLNHNFFAI98CA,北社尾段,19.00,都市：住,1,1,全筆移轉,04720036
RPTNMLLKNHNFFAI38CA,北湖段,235.00,都市：農,1,1,全筆移轉,00100000
RPTNMLLKNHNFFAI38CA,鳥岫段,782.41,都市：農,1,1,全筆移轉,00890003
RPUNMLOJOHNFFAI78CA,竹圍子段,18.00,都市：住,2,1,持分移轉,03150110
RPUNMLMLNHNFFAI78DA,檜段一小段,134.00,都市：住,1,1,全筆移轉,00150000
RPUNMLMLNHNFFAI78DA,榮段四小段,131.00,都市：商,1,1,全筆移轉,00750003
RPVNMLOJOHNFFAI88CA,竹圍子段二小段,13.55,都市：住,10000,83,持分移轉,02530000
RPTNMLKKNHNFFAI28CA,東川段,33.08,都市：住,744,107,持分移轉,02970000
RPWNMLRJNHNFFAI56CA,竹圍子段三小段,16.26,都市：住,10000,232,持分移轉,00700000
RPWNMLRJNHNFFAI56CA,竹圍子段三小段,16.26,都市：住,10000,232,持分移轉,00700000
RPVNMLTLNHNFFAI86CA,埤子頭段,2.19,都市：住,80,1,持分移轉,03390012
RPVNMLTLNHNFFAI86CA,埤子頭段,.18,都市：住,80,1,持分移轉,03390013
RPVNMLTLNHNFFAI86CA,埤子頭段,.42,都市：住,80,1,持分移轉,03390014
RPPNMLQLNHNFFAI58CA,埤子頭段,72.00,都市：住,1,1,全筆移轉,01950018
RPVNMLTLNHNFFAI86CA,埤子頭段,1.42,都市：住,80,1,持分移轉,03390015
RPVNMLTLNHNFFAI86CA,埤子頭段,1.48,都市：住,120,1,持分移轉,03390016
RPVNMLTLNHNFFAI86CA,埤子頭段,36.44,都市：住,9509000,118863,持分移轉,03390001
RPVNMLTLNHNFFAI86CA,埤子頭段,.01,都市：住,120,1,持分移轉,03390017
RPVNMLTLNHNFFAI86CA,埤子頭段,.14,都市：其他:道路用地,120,1,持分移轉,03390018
RPVNMLTLNHNFFAI86CA,埤子頭段,.27,都市：其他:道路用地,120,1,持分移轉,03390019
RPVNMLTLNHNFFAI86CA,埤子頭段,49.29,都市：住,4754500,39621,持分移轉,03390025
RPVNMLTLNHNFFAI86CA,埤子頭段,.15,都市：其他:道路用地,4754500,39621,持分移轉,03390026
RPVNMLTLNHNFFAI86CA,埤子頭段,.06,都市：其他:道路用地,120,1,持分移轉,03990029
RPVNMLTLNHNFFAI86CA,埤子頭段,.09,都市：住,120,1,持分移轉,03390030
RPVNMLTLNHNFFAI86CA,埤子頭段,.06,都市：住,120,1,持分移轉,03390031
RPXNMLNKNHNFFAI98CA,彌陀段,86.00,都市：住,1,1,全筆移轉,12280000
RPUOMLPKNHNFFAI98CA,同興段,40.00,都市：住,1,1,全筆移轉,06890000
RPUOMLPKNHNFFAI98CA,同興段,134.00,都市：住,1,1,全筆移轉,07450003
RPTNMLTJNHNFFAI09CA,埤子頭段,20.88,都市：住,10000,70,持分移轉,01980000
RPXNMLTLNHNFFAI27EA,興村段,18.97,都市：住,1000,55,持分移轉,02120000
RPUNMLRJNHNFFAI98CA,白川段,34.25,都市：住,100000,708,持分移轉,00160000
RPRNMLTJNHNFFAI09EA,北湖段,5360.00,都市：農,1,1,全筆移轉,00540000
RPTNMLOJNHNFFAI78EA,車店段車店小段,33.00,都市：住,1,1,全筆移轉,05050001
RPTNMLOJNHNFFAI78EA,車店段車店小段,110.00,都市：住,1,1,全筆移轉,05060000
RPSNMLRJNHNFFAI98EA,東門段五小段,44.00,都市：住,1,1,全筆移轉,00110004
RPPNMLKKNHNFFAI08EA,竹圍子段二小段,172.00,都市：住,1,1,全筆移轉,01890000
RPPOMLRKNHNFFAI68CA,後庄段,72.00,都市：住,1,1,全筆移轉,06740007
RPRNMLSKNHNFFAI09EA,東川段,15.19,都市：住,10000,336,持分移轉,13760000
RPPOMLSKNHNFFAI78CA,車店段車店小段,100.00,都市：住,1,1,全筆移轉,02600002
RPTNMLOKNHNFFAI68CA,堀川段,40.50,都市：住,10,1,持分移轉,00250039
RPTNMLOKNHNFFAI68CA,堀川段,4.20,都市：其他:道路用地,10,1,持分移轉,00250168
RPUOMLQLNHNFFAI56CA,竹圍子段二小段,11.63,都市：住,10000,28,持分移轉,01120000
RPVNMLMKNHNFFAI68CA,同興段,12.30,都市：住,10000,9,持分移轉,14350000
RPOOMLPKNHNFFAI38CA,埤子頭段,11.64,都市：住,10000,163,持分移轉,03830000
RPSNMLKKNHNFFAI18CA,頂庄段,2.00,都市：住,1,1,全筆移轉,06580006
RPSNMLKKNHNFFAI18CA,頂庄段,3.00,都市：住,1,1,全筆移轉,06580007
RPROMLQLNHNFFAI88CA,後庄段,73.00,都市：住,1,1,全筆移轉,03120000
RPPOMLSJNHNFFAI68CA,北園段,108.00,都市：住,1,1,全筆移轉,16010002
RPSOMLQLNHNFFAI98CA,劉厝段,73.00,都市：工,1,1,全筆移轉,00030064
RPXNMLQLNHNFFAI76CA,白川段,42.00,都市：住,1,1,全筆移轉,00520043
RPXNMLQLNHNFFAI76CA,白川段,2.00,都市：其他:人行步道,1,1,全筆移轉,00520198
RPOOMLQLNHNFFAI58CA,長竹段,148.00,都市：其他:道路用地,1,1,全筆移轉,08150003
RPOOMLQLNHNFFAI58CA,長竹段,299.00,都市：住,1,1,全筆移轉,08150004
RPOOMLMLNHNFFAI18CA,北湖段,170.00,都市：住,1,1,全筆移轉,02170000
RPTOMLMLNHNFFAI68CA,西門段六小段,59.00,都市：商,1,1,全筆移轉,00310020
RPTOMLMLNHNFFAI68CA,西門段六小段,31.00,都市：商,1,1,全筆移轉,00310054
RPTOMLMLNHNFFAI68CA,西門段六小段,48.00,都市：商,1,1,全筆移轉,00320040
RPOOMLMJOHNFFAI08CA,竹圍子段,25.13,都市：住,10000,103,持分移轉,00210000
RPQNMLOJOHNFFAI38CA,大溪段,76.12,都市：住,1,1,全筆移轉,05400026
RPQNMLOJOHNFFAI38CA,大溪段,.35,都市：住,37,1,持分移轉,06160001
RPUNMLLKNHNFFAI48CA,台斗坑段,10.55,都市：住,20000,55,持分移轉,04540002
RPUNMLLKNHNFFAI48CA,台斗坑段,.01,都市：住,20000,55,持分移轉,04540023
RPXNMLMKNHNFFAI88CA,竹圍子段,24.15,都市：住,10000,249,持分移轉,00170019
RPXNMLMKNHNFFAI88CA,竹圍子段,8.88,都市：其他:道路用地,10000,233,持分移轉,00290005
RPRNMLMKNHNFFAI28CA,湖內段,20.06,都市：住,10000,140,持分移轉,03760000
RPQNMLPKNHNFFAI48CA,竹圍子段,33.00,都市：住,1,1,全筆移轉,02450049
RPPNMLSKNHNFFAI68CA,竹圍子段,13.99,都市：住,10000,66,持分移轉,03300000
RPRNMLPKNHNFFAI58CA,竹圍子段,32.00,都市：住,1,1,全筆移轉,02450050
RPPNMLTKNHNFFAI78CA,車店段車店小段,5.72,都市：住,10000,44,持分移轉,05850000
RPVOMLOKNHNFFAI98CA,北社尾段,60.00,都市：住,1,1,全筆移轉,06600057
RPWNMLOKNHNFFAI98CA,下路頭段,7.07,都市：住,10000,13,持分移轉,00970000
RPSNMLMKNHNFFAI38CA,短竹段,9.69,都市：住,10000,131,持分移轉,04910000
RPSNMLMKNHNFFAI38CA,短竹段,.12,都市：住,10000,131,持分移轉,04910001
RPSNMLMKNHNFFAI38CA,短竹段,8.21,都市：住,10000,131,持分移轉,06820000
RPQNMLKKNHNFFAI97CA,鳥岫段,1168.69,都市：農,5,1,持分移轉,06680000
RPSNMLTJNHNFFAI98CA,下埤段,3610.13,都市：農,1,1,全筆移轉,02290000
RPRNMLOKNHNFFAI48CA,彌陀段,8.00,都市：住,1,1,全筆移轉,06350009
RPRNMLOKNHNFFAI48CA,彌陀段,112.00,都市：住,1,1,全筆移轉,06510000
RPRNMLOKNHNFFAI48CA,彌陀段,33.00,都市：住,1,1,全筆移轉,06520000
RPSNMLOKNHNFFAI58CA,彌陀段,149.00,都市：住,1,1,全筆移轉,06520001
RPSNMLOKNHNFFAI58CA,彌陀段,22.71,都市：住,7,1,持分移轉,06520007
RPSNMLOKNHNFFAI58CA,彌陀段,.57,都市：住,7,1,持分移轉,06520010
RPOOMLKMNHNFFAI08CA,遠東段,16.53,都市：住,100000,296,持分移轉,00680000
RPQNMLMJOHNFFAI18CA,盧厝段,149.00,都市：住,1,1,全筆移轉,02480048
RPSOMLTLNHNFFAI66CA,何庄段,45.89,都市：農,1,1,全筆移轉,05540003
RPSOMLTLNHNFFAI66CA,何庄段,85.89,都市：住,1,1,全筆移轉,05560005
RPSOMLTLNHNFFAI66CA,何庄段,26.00,都市：住,12,1,持分移轉,05560016
RPVNMLRKNHNFFAI66DA,北社尾段,14.24,都市：住,10000,31,持分移轉,07120001
RPSNMLSLNHNFFAI09CA,何庄段,84.58,都市：住,1,1,全筆移轉,05560002
RPUNMLSLNHNFFAI66CA,何庄段,90.38,都市：住,1,1,全筆移轉,05560004
RPUNMLSLNHNFFAI66CA,何庄段,26.00,都市：住,12,1,持分移轉,05560016
RPWNMLSLNHNFFAI86CA,何庄段,86.14,都市：住,1,1,全筆移轉,05560009
RPWNMLSLNHNFFAI86CA,何庄段,26.00,都市：住,12,1,持分移轉,05560016
RPXNMLSLNHNFFAI96CA,何庄段,94.95,都市：住,1,1,全筆移轉,05560014
RPXNMLSLNHNFFAI96CA,何庄段,26.00,都市：住,12,1,持分移轉,05560016
RPVNMLSLNHNFFAI76CA,何庄段,88.91,都市：住,1,1,全筆移轉,05560008
RPVNMLSLNHNFFAI76CA,何庄段,26.00,都市：住,12,1,持分移轉,05560016
RPOOMLSLNHNFFAI78CA,何庄段,88.91,都市：住,1,1,全筆移轉,05560010
RPOOMLSLNHNFFAI78CA,何庄段,26.00,都市：住,12,1,持分移轉,05560016
RPQOMLSLNHNFFAI98CA,何庄段,91.04,都市：住,1,1,全筆移轉,05560015
RPQOMLSLNHNFFAI98CA,何庄段,26.00,都市：住,12,1,持分移轉,05560016
RPROMLSLNHNFFAI09CA,何庄段,95.80,都市：住,1,1,全筆移轉,05560013
RPROMLSLNHNFFAI09CA,何庄段,26.00,都市：住,12,1,持分移轉,05560016
RPSOMLSLNHNFFAI56CA,何庄段,87.04,都市：住,1,1,全筆移轉,05560012
RPSOMLSLNHNFFAI56CA,何庄段,26.00,都市：住,12,1,持分移轉,05560016
RPUOMLSLNHNFFAI76CA,何庄段,70.17,都市：農,1,1,全筆移轉,05540002
RPUOMLSLNHNFFAI76CA,何庄段,85.15,都市：住,1,1,全筆移轉,05560000
RPTOMLSLNHNFFAI66CA,何庄段,84.25,都市：住,1,1,全筆移轉,05560011
RPTOMLSLNHNFFAI66CA,何庄段,26.00,都市：住,12,1,持分移轉,05560016
RPWOMLSLNHNFFAI96CA,何庄段,55.36,都市：農,1,1,全筆移轉,05540004
RPWOMLSLNHNFFAI96CA,何庄段,85.06,都市：住,1,1,全筆移轉,05560006
RPWOMLSLNHNFFAI96CA,何庄段,155.98,都市：住,2,1,持分移轉,05560016
RPXOMLSLNHNFFAI07CA,何庄段,64.16,都市：農,1,1,全筆移轉,05540005
RPXOMLSLNHNFFAI07CA,何庄段,84.22,都市：住,1,1,全筆移轉,05560007
RPXOMLSLNHNFFAI07CA,何庄段,26.00,都市：住,12,1,持分移轉,05560016
RPPOMLOKNHNFFAI58EA,盧厝段,298.00,都市：農,1,1,全筆移轉,02890025
RPRNMLLKNHNFFAI38EA,下路頭段,31.25,都市：住,10000,102,持分移轉,00100230
RPQNMLQLNHNFFAI68CA,北社尾段,23.22,都市：住,10000,411,持分移轉,06530014
RPPNMLRLNHNFFAI68CA,下路頭段,9.79,都市：住,10000,18,持分移轉,00970000
RPPOMLQLNHNFFAI68CA,港子坪段,78.00,都市：住,1,1,全筆移轉,01980103
RPPNMLLKNHNFFAI97CA,堀川段,44.00,都市：住,1,1,全筆移轉,00040079
RPPNMLLKNHNFFAI97CA,堀川段,13.00,都市：住,1,1,全筆移轉,00040560
RPPNMLLKNHNFFAI97CA,堀川段,4.00,都市：住,1,1,全筆移轉,00040591
RPSOMLOKNHNFFAI68CA,北園段,93.00,都市：住,1,1,全筆移轉,16910002
RPSOMLMLNHNFFAI58CA,西門段一小段,4.85,都市：商,10000,105,持分移轉,00860001
RPSOMLMLNHNFFAI58CA,西門段一小段,1.47,都市：商,10000,105,持分移轉,00870001
RPTNMLMKNHNFFAI48CA,後庄段,103.00,都市：住,1,1,全筆移轉,02960000
RPPPMLOKNHNFFAI48CA,下路頭段,15.01,都市：住,10000,489,持分移轉,01010024
RPPPMLOKNHNFFAI48CA,下路頭段,77.00,都市：住,1,1,全筆移轉,01010055
RPPPMLOKNHNFFAI48CA,下路頭段,.20,都市：住,10,1,持分移轉,01010056
RPXOMLOKNHNFFAI56CA,短竹段,42.36,都市：其他:旅館區,11,1,持分移轉,02150011
RPXOMLOKNHNFFAI56CA,短竹段,199.00,都市：其他:旅館區,1,1,全筆移轉,02150016
RPXOMLOKNHNFFAI56CA,短竹段,.91,都市：其他:旅館區,11,1,持分移轉,02150018
RPQPMLOKNHNFFAI58CA,北社尾段,12.41,都市：住,10000,27,持分移轉,07120001
RPSNMLPKNHNFFAI68CA,湖內段,13.71,都市：商,10000,108,持分移轉,03160000
RPVNMLPKNHNFFAI98CA,埤子頭段新厝小段,76.00,都市：住,1,1,全筆移轉,00680000
