﻿編號,土地位置,土地移轉面積(平方公尺),使用分區或編定,權利人持分分母,權利人持分分子,移轉情形,地號
The serial number, land position,land shifting area square meter,the use zoning or compiles and checks,,,,land parcel
RPVNMLMJLHNFFDK09CC,公義段,26.99,都市：住,,,,02590000
RPRNMLOKLHNFFBK78CC,苗栗段,244.00,都市：住,,,,12560000
RPQNMLOKLHNFFDK88CC,龍坑段,903.01,非都市：山坡地保育區 ; 非都市編定：丁種建築用地,,,,08760004
RPRNMLQLKHNFFBK09DC,苗栗段,14.00,都市：住,,,,08390000
RPSNMLOKLHNFFBK88CC,苗栗段,221.00,都市：住,,,,02290101
RPQNMLTKLHNFFBK56CC,苗栗段,181.00,都市：商,,,,02820008
RPRNMLTLLHNFFDK96CC,東平段,29.11,都市：商,,,,02180000
RPTOMLLJNHNFFDK56DC,立達段,95.21,都市：住,,,,00160016
