﻿鄉鎮市區,交易標的,土地位置建物門牌,土地面積平方公尺,都市土地使用分區,非都市土地使用分區,非都市土地使用編定,租賃年月日,租賃筆棟數,租賃層次,總樓層數,建物型態,主要用途,主要建材,建築完成年月,建物總面積平方公尺,建物現況格局-房,建物現況格局-廳,建物現況格局-衛,建物現況格局-隔間,有無管理組織,有無附傢俱,總額元,單價元平方公尺,車位類別,車位面積平方公尺,車位總額元,備註,編號
The villages and towns urban district,transaction sign,land sector position building sector house number plate,land shifting total area square meter,the use zoning or compiles and checks,the non-metropolis land use district,non-metropolis land use,transaction year month and day,transaction pen number,shifting level,total floor number,building state,main use,main building materials,construction to complete the years,building shifting total area,Building present situation pattern - room,building present situation pattern - hall,building present situation pattern - health,building present situation pattern - compartmented,Whether there is manages the organization,Whether there is attaches the furniture,total price NTD,the unit price (NTD / square meter),the berth category,berth shifting total area square meter,the berth total price NTD,the note,serial number
新竹市,土地,力行段686地號,236.21,,山坡地保育區,丙種建築用地,1070115,土地1建物0車位0,,,其他,,,,0.0,0,0,0,有,無,有,28000,119,,0.0,0,,RPOQMLMKKHNFFAO78CC
新竹市,建物,新竹市新竹市南門街77號2樓之2,0.0,住,,,1070207,土地0建物1車位0,二層,7,華廈(10層含以下有電梯),住商用,鋼筋混凝土造,,77.53,3,2,1,有,無,有,10000,129,,0.0,0,,RPQQMLMKKHNFFAO98CC
新竹市,建物,新竹市新竹市光復路一段335巷32號3樓,0.0,住,,,1061219,土地0建物1車位0,三層,7,華廈(10層含以下有電梯),見其他登記事項,鋼筋混凝土造,1051222,92.94,2,2,2,有,有,有,14777,159,,0.0,0,租金包含網路第四台管理費及水費，此戶分隔為兩間套房,RPPOMLNKKHNFFAO78CC
新竹市,建物,新竹市新竹市南門街77號2樓之2,0.0,商,,,1070207,土地0建物1車位0,二層,7,華廈(10層含以下有電梯),住商用,鋼筋混凝土造,,77.53,3,2,1,有,無,有,10000,129,,0.0,0,,RPUOMLNKKHNFFAO66CC
新竹市,建物,新竹市新竹市西門街243號5樓,0.0,住,,,1070123,土地0建物1車位0,五層,5,公寓(5樓含以下無電梯),住家用,鋼筋混凝土造,0740614,91.63,3,2,2,有,無,有,10000,109,,0.0,0,,RPTQMLNKKHNFFAO76CC
新竹市,建物,新竹市新竹市中山路42號二十樓之3,0.0,商,,,1070117,土地0建物1車位0,二十層,24,住宅大樓(11層含以上有電梯),見其他登記事項,鋼筋混凝土造,1041030,162.53,3,2,2,有,有,有,40000,246,,0.0,0,,RPQRMLNKKHNFFAO56CC
新竹市,建物,新竹市新竹市八德路173號十四樓,0.0,商,,,1070117,土地0建物1車位2,十四層,14,辦公商業大樓,辦公室,鋼筋混凝土造,0971126,181.8,3,2,2,有,有,有,39000,215,坡道平面,0.0,0,,RPRRMLNKKHNFFAO66CC
新竹市,建物,新竹市新竹市北大路21號七樓之8,0.0,商,,,1070120,土地0建物1車位0,七層,9,辦公商業大樓,辦公室,鋼筋混凝土造,0990810,68.3,2,2,2,有,有,有,25000,366,,0.0,0,,RPSRMLNKKHNFFAO76CC
新竹市,建物,新竹市新竹市食品路252號五樓,0.0,住,,,1070114,土地0建物1車位1,五層,11,住宅大樓(11層含以上有電梯),見其他登記事項,鋼筋混凝土造,1021220,181.45,3,2,2,有,有,無,24000,132,坡道平面,0.0,0,租金含管理費,RPTPMLOKKHNFFAO76CC
新竹市,建物,新竹市新竹市學府路８４號五樓,0.0,住,,,1070129,土地0建物1車位0,五層,7,華廈(10層含以下有電梯),見使用執照,鋼筋混凝土造,0800909,77.58,2,1,1,有,有,無,10000,129,,0.0,0,,RPRNMLLLKHNFFAO78CC
新竹市,建物,新竹市新竹市振興路４８巷１５弄７號五樓之１０,0.0,住,,,1070204,土地0建物1車位0,五層,5,套房(1房1廳1衛),見其他登記事項,鋼筋混凝土造,0960416,31.82,1,1,1,有,有,有,7500,236,,0.0,0,,RPSNMLLLKHNFFAO88CC
新竹市,建物,新竹市新竹市東門街34巷11號7樓之1,0.0,商,,,1070103,土地0建物0車位0,七層,7,套房(1房1廳1衛),見其他登記事項,鋼筋混凝土造,1050520,52.17,1,0,1,有,無,有,19000,364,,0.0,0,,RPROMLNLKHNFFAO09CC
新竹市,建物,新竹市新竹市東山街２１號四樓,0.0,住,,,1070116,土地0建物0車位0,四層,4,套房(1房1廳1衛),住家用,鋼筋混凝土造,0670717,23.54,1,1,1,有,無,有,7000,297,,0.0,0,,RPUNMLQLKHNFFAO96CC
新竹市,建物,新竹市新竹市東山街２１號四樓,0.0,住,,,1070122,土地0建物0車位0,四層,4,套房(1房1廳1衛),住家用,鋼筋混凝土造,0670717,23.54,1,1,1,有,無,有,6500,276,,0.0,0,,RPVNMLQLKHNFFAO07CC
新竹市,房地(土地+建物),新竹市新竹市光華南街18巷13號3樓之1,2.51,住,,,1070214,土地1建物1車位0,三層,7,華廈(10層含以下有電梯),住家用,鋼筋混凝土造,,26.36,0,0,0,無,無,有,12000,455,,0.0,0,,RPWNMLRLKHNFFAO27CC
新竹市,房地(土地+建物),新竹市新竹市高峰路412巷33號1-2樓,73.05,住,,,1070128,土地1建物1車位0,全,2,透天厝,住家用,加強磚造,0680105,111.6,4,2,2,有,無,無,16800,151,,0.0,0,,RPXNMLRLKHNFFAO57EC
新竹市,房地(土地+建物),新竹市新竹市湳雅街６號,35.39,住,,,1070228,土地1建物1車位0,見其他登記事項,2,店面(店鋪),住商用,鋼筋混凝土造,0730919,38.68,0,0,0,無,無,無,35000,905,,0.0,0,,RPTNMLSLKHNFFAO07CC
新竹市,建物,新竹市新竹市明湖路751號地下三層之47,0.0,其他,,,1070208,土地0建物1車位0,地下三層,4,套房(1房1廳1衛),見其他登記事項,鋼筋混凝土造,0940220,48.36,1,0,1,有,有,有,8500,176,,0.0,0,租金含管理費,RPROMLSLKHNFFAO96CC
新竹市,建物,新竹市新竹市南門街47號七樓之2,0.0,商,,,1070209,土地0建物1車位0,七層,10,套房(1房1廳1衛),見其他登記事項,鋼筋混凝土造,1020130,25.85,1,0,1,有,有,有,12000,464,,0.0,0,租 含管理費1000元,RPSOMLSLKHNFFAO07CC
新竹市,建物,新竹市新竹市公道五路三段1號7樓之1、2,0.0,商,,,1070301,土地0建物2車位8,七層,14,辦公商業大樓,見其他登記事項,見其他登記事項,1060516,779.9200000000001,0,0,0,無,有,無,283523,364,坡道平面,0.0,0,,RPOOMLLJLHNFFAO48CC
新竹市,建物,新竹市新竹市武陵路73巷80號十二樓,0.0,住,,,1070211,土地0建物1車位1,十二層,12,住宅大樓(11層含以上有電梯),見其他登記事項,鋼筋混凝土造,0930915,189.09,4,2,2,有,有,無,17000,90,坡道平面,0.0,0,租金含管理費1530,RPXOMLLJLHNFFAO76CC
新竹市,建物,新竹市新竹市經國路二段179號十一樓之10,0.0,商,,,1070209,土地0建物1車位0,十一層,11,辦公商業大樓,辦公室,鋼筋混凝土造,0971108,60.92,1,1,1,有,有,有,28600,469,,0.0,0,,RPPPMLLJLHNFFAO68CC
新竹市,建物,新竹市新竹市東區光復路一段89巷1號,0.0,住,,,1070227,土地0建物0車位0,一層,3,店面(店鋪),見其他登記事項,鋼筋混凝土造,1051205,57.5,0,0,0,無,無,有,28000,487,,0.0,0,,RPSPMLMJLHNFFAO09CC
新竹市,房地(土地+建物),新竹市新竹市和平路139巷60號,61.0,,鄉村區,乙種建築用地,1070206,土地1建物1車位0,全,2,透天厝,住家用,加強磚造,0621010,80.55,2,2,1,有,無,無,12000,149,,0.0,0,,RPPNMLNJLHNFFAO68CC
新竹市,建物,新竹市新竹市慈祥路80號五樓之2,0.0,住,,,1070213,土地0建物1車位1,五層,12,住宅大樓(11層含以上有電梯),見其他登記事項,鋼筋混凝土造,1000324,100.65,2,1,1,有,有,有,20000,199,坡道平面,0.0,0,租金含管理費1750元,RPUOMLPJLHNFFAO86CC
新竹市,建物,新竹市新竹市榮濱路88號九樓之1,0.0,商,,,1070205,土地0建物1車位1,九層,15,住宅大樓(11層含以上有電梯),見其他登記事項,鋼筋混凝土造,1040520,154.53,3,2,2,有,有,無,16500,107,坡道平面,30.36,0,租金含管理費1500元,RPWOMLPJLHNFFAO07CC
新竹市,建物,新竹市新竹市頂埔路28巷2號6樓,0.0,住,,,1070115,土地0建物1車位1,六層,10,華廈(10層含以下有電梯),住家用,鋼筋混凝土造,0840619,118.47,2,2,2,有,有,有,15000,127,坡道平面,0.0,0,租金含管理費,RPXOMLQJLHNFFAO47EC
新竹市,建物,新竹市新竹市八德路175號六樓,0.0,商,,,1070116,土地0建物1車位1,六層,14,住宅大樓(11層含以上有電梯),見其他登記事項,鋼筋混凝土造,0971126,156.76999999999998,3,2,2,有,有,有,28000,179,坡道平面,0.0,0,租金含管理費.車位,RPOPMLQJLHNFFAO66EC
新竹市,建物,新竹市新竹市聖軍路132號十三樓之3,0.0,商,,,1070126,土地0建物1車位1,十三層,14,住宅大樓(11層含以上有電梯),見其他登記事項,鋼筋混凝土造,1040927,142.19,3,2,2,有,有,有,21000,148,坡道平面,0.0,0,租金含管理費車位,RPPPMLQJLHNFFAO76EC
新竹市,建物,新竹市新竹市世界街２號４樓,0.0,住,,,1070212,土地0建物1車位0,四層,4,公寓(5樓含以下無電梯),住家用,加強磚造,,82.29,2,1,1,有,無,有,8500,103,,0.0,0,,RPXNMLSJLHNFFAO37CC
新竹市,建物,新竹市新竹市龍山東路288號12樓之5,0.0,住,,,1070222,土地0建物1車位2,十二層,24,住宅大樓(11層含以上有電梯),見其他登記事項,鋼筋混凝土造,1010710,298.41,3,2,3,有,有,無,28000,94,坡道平面,63.04,0,,RPXPMLSJLHNFFAO57CC
新竹市,建物,新竹市新竹市東門街62號6樓,18.27,商,,,1070301,土地0建物1車位0,六層,11,辦公商業大樓,商業用,鋼筋混凝土造,0830726,189.7,0,0,0,無,無,無,45000,237,,0.0,0,,RPUPMLTJLHNFFAO37CC
新竹市,房地(土地+建物),新竹市新竹市忠孝路25之1號,20.29,住,,,1070308,土地1建物1車位0,一層,12,住宅大樓(11層含以上有電梯),見其他登記事項,鋼筋混凝土造,1050510,123.62,0,0,0,無,有,無,58000,469,,0.0,0,,RPOQMLTJLHNFFAO86CC
新竹市,房地(土地+建物)+車位,新竹市新竹市關新路１９巷２３號二樓,19.22,其他,,,1070213,土地1建物1車位1,二層,15,住宅大樓(11層含以上有電梯),見其他登記事項,鋼筋混凝土造,0980721,164.4,4,2,2,有,有,無,27000,164,坡道平面,21.75,0,,RPOOMLTJLHNFFAO76DC
新竹市,房地(土地+建物)+車位,新竹市新竹市東區關新路207號,39.97,住,,,1070313,土地1建物1車位1,見其他登記事項,21,店面(店鋪),見其他登記事項,鋼筋混凝土造,0990723,251.70999999999998,0,0,0,無,有,無,90000,358,坡道平面,46.34,0,承租樓層為地上1F-2F及地下1F。,RPXNMLNKLHNFFAO96CC
新竹市,建物,新竹市新竹市金山街61號五樓,0.0,住,,,1070222,土地0建物1車位0,五層,5,辦公商業大樓,辦公室,鋼筋混凝土造,0991125,60.11,2,2,1,有,無,有,22222,370,,0.0,0,租金含管理費網路及第四台費用,RPVOMLOKLHNFFAO96CC
新竹市,建物,新竹市新竹市東門街34巷20號十四樓,0.0,商,,,1070315,土地0建物1車位0,十四層,20,住宅大樓(11層含以上有電梯),見其他登記事項,鋼筋混凝土造,1011015,155.88,3,2,2,有,有,有,30650,197,,0.0,0,租金含稅,RPVNMLQKLHNFFAO07CC
新竹市,建物,新竹市新竹市民生路10巷25號六樓之5,0.0,住,,,1070225,土地0建物1車位0,六層,8,套房(1房1廳1衛),辦公室,鋼筋混凝土造,0961001,44.21,1,1,1,有,有,有,13000,294,,0.0,0,租金含管理費.網路.第四台,RPROMLQKLHNFFAO76CC
新竹市,建物,新竹市新竹市林森路310號12樓之2,0.0,商,,,1070224,土地0建物1車位0,十二層,12,住宅大樓(11層含以上有電梯),住家用,鋼筋混凝土造,0850913,74.04,2,2,1,有,有,有,12000,162,,0.0,0,租金含管理費,RPSOMLQKLHNFFAO86CC
新竹市,建物,新竹市新竹市林森路278號11樓之,0.0,商,,,1070228,土地0建物1車位0,十一層,12,住宅大樓(11層含以上有電梯),住家用,鋼筋混凝土造,0840616,102.35,2,2,1,有,有,有,11000,107,,0.0,0,,RPTOMLQKLHNFFAO96CC
新竹市,建物,新竹市新竹市東明街211號四樓之6,0.0,住,,,1070226,土地0建物1車位0,四層,11,套房(1房1廳1衛),見其他登記事項,鋼筋混凝土造,1031020,50.879999999999995,1,1,1,有,有,有,11000,216,,0.0,0,租金含管理費.網路.第四台,RPVOMLQKLHNFFAO17CC
新竹市,建物,新竹市新竹市東門街34巷11號7樓之2,0.0,商,,,1070223,土地0建物1車位0,七層,,套房(1房1廳1衛),,,,59.64,1,0,0,無,無,有,16000,268,,0.0,0,,RPPOMLTKLHNFFAO86CC
新竹市,建物,新竹市新竹市東區鐵道路一段28巷5號8樓,0.0,其他,,,1070319,土地0建物1車位1,八層,14,住宅大樓(11層含以上有電梯),見其他登記事項,鋼筋混凝土造,1000718,162.76,3,2,2,有,有,無,22000,135,坡道平面,0.0,0,,RPSOMLTKLHNFFAO17CC
新竹市,建物,新竹市新竹市中山路42號4樓之5,0.0,商,,,1070312,土地0建物1車位0,四層,24,住宅大樓(11層含以上有電梯),見其他登記事項,鋼筋混凝土造,1041030,174.67000000000002,3,2,2,有,有,有,39732,227,,0.0,0,,RPPPMLTKLHNFFAO96CC
新竹市,建物,新竹市新竹市八德路163號二樓,0.0,其他,,,1070228,土地0建物1車位0,二層,14,辦公商業大樓,見其他登記事項,鋼筋混凝土造,0971126,209.03,4,2,2,有,有,有,34091,163,,0.0,0,租金含稅,RPTNMLKLLHNFFAO98CC
新竹市,建物,新竹市新竹市東大路二段172巷1弄7號6樓,0.0,住,,,1070309,土地0建物1車位0,六層,10,華廈(10層含以下有電梯),住家用,鋼筋混凝土造,0870615,158.16,2,2,2,有,有,有,15000,95,,0.0,0,租金不含管理費。租賃期間107年3月20日~108年3月19日,RPPNMLLLLHNFFAO68CC
新竹市,建物,新竹市新竹市光華二街108巷19號,0.0,住,,,1070319,土地0建物1車位0,全,2,透天厝,住商用,鋼筋混凝土造,0771008,152.22,4,3,3,有,無,無,25000,164,,0.0,0,,RPQOMLLLLHNFFAO98DC
新竹市,建物,新竹市新竹市關新北路8號十五樓之1,0.0,住,,,1070228,土地0建物1車位0,十五層,23,住宅大樓(11層含以上有電梯),見其他登記事項,鋼筋混凝土造,1031031,247.88,4,2,2,有,有,有,70000,282,,0.0,0,,RPWNMLNLLHNFFAO96CC
新竹市,建物,新竹市新竹市埔頂路107號,0.0,住,,,1070315,土地0建物1車位0,一層,8,店面(店鋪),商業用,鋼筋混凝土造,0841208,77.3,0,1,1,有,無,有,12000,155,,0.0,0,,RPUNMLQLLHNFFAO07CC
新竹市,建物,新竹市新竹市慈濟路15號,0.0,商,,,1070323,土地0建物1車位1,見其他登記事項,28,店面(店鋪),見其他登記事項,鋼筋混凝土造,1050127,328.92,0,0,0,無,有,無,58000,176,坡道平面,25.0,0,租賃層次1到3樓,RPROMLQLLHNFFAO86CC
新竹市,建物,新竹市新竹市牛埔東路185巷7弄30號三樓,0.0,住,,,1070311,土地0建物1車位0,三層,3,公寓(5樓含以下無電梯),住家用,鋼筋混凝土造,0840427,106.02000000000001,3,2,1,有,無,無,10000,94,,0.0,0,,RPQNMLRLLHNFFAO76CC
新竹市,建物,新竹市新竹市振興一街1號四樓之3,0.0,住,,,1070315,土地0建物1車位0,四層,5,套房(1房1廳1衛),住家用,鋼筋混凝土造,0830622,28.590000000000003,1,0,1,有,無,有,7500,262,,0.0,0,租金含管理費500元,RPRNMLRLLHNFFAO86CC
新竹市,建物,新竹市新竹市建功一路53巷16號4樓,0.0,住,,,1070321,土地0建物1車位0,四層,5,公寓(5樓含以下無電梯),國民住宅,鋼筋混凝土造,,75.9,4,2,2,有,無,有,13000,171,,0.0,0,,RPVNMLRLLHNFFAO27CC
新竹市,建物,新竹市新竹市北門街180號7樓之5,0.0,商,,,1070302,土地0建物1車位0,七層,13,住宅大樓(11層含以上有電梯),見其他登記事項,鋼筋混凝土造,1040720,136.44,3,2,2,有,有,有,35000,257,,0.0,0,租金含管理費。,RPWNMLRLLHNFFAO37CC
新竹市,房地(土地+建物)+車位,新竹市新竹市新竹市公道五路二段295號11樓,27.9,住,,,1070310,土地1建物1車位1,十一層,14,住宅大樓(11層含以上有電梯),見其他登記事項,鋼筋混凝土造,0980922,156.86,4,2,2,有,有,有,30000,191,坡道平面,0.0,0,,RPOOMLTLLHNFFAO86CC
新竹市,房地(土地+建物)+車位,新竹市新竹市延平路一段159巷22號,73.53,商,,,1070312,土地2建物1車位1,全,4,透天厝,見其他登記事項,鋼筋混凝土造,0970205,298.79,4,3,4,有,有,有,38000,127,坡道平面,0.0,0,租金不含管理費。一樓做店面使用租賃期間107年3月25日~108年3月24日,RPUOMLTLLHNFFAO47CC
新竹市,建物,新竹市新竹市關新北路6號9樓之2,0.0,住,,,1070227,土地0建物1車位0,九層,13,住宅大樓(11層含以上有電梯),見其他登記事項,鋼筋混凝土造,1031031,159.69,2,2,2,有,有,無,29000,182,,0.0,0,,RPVOMLTLLHNFFAO57CC
新竹市,房地(土地+建物),新竹市新竹市北新街51巷12號,77.0,住,,,1070223,土地2建物1車位0,全,2,透天厝,住家用,加強磚造,0670407,94.64,4,2,2,有,無,有,22000,232,,0.0,0,,RPOOMLKMLHNFFAO88EC
新竹市,建物,新竹市新竹市少年街45號4樓,0.0,商,,,1070328,土地0建物1車位0,四層,9,套房(1房1廳1衛),住家用,鋼筋混凝土造,0830131,54.92,1,1,1,有,無,有,7500,137,,0.0,0,,RPRNMLLMLHNFFAO09DC
新竹市,房地(土地+建物)+車位,新竹市新竹市慈雲路119號16樓之3,14.95,商,,,1070307,土地1建物1車位1,十六層,28,住宅大樓(11層含以上有電梯),見其他登記事項,鋼筋混凝土造,1050125,138.79,3,2,2,有,有,有,26000,187,坡道平面,29.28,0,,RPXOMLLMLHNFFAO07CC
新竹市,建物,新竹市新竹市東門街34巷11號5樓之2A室,0.0,商,,,1070312,土地0建物1車位0,五層,7,華廈(10層含以下有電梯),見其他登記事項,鋼筋混凝土造,1050520,102.09,2,0,2,有,無,有,20000,196,,0.0,0,2個套房，同一個門牌號碼,RPPNMLLJMHNFFAO58CC
新竹市,建物,新竹市新竹市東門街34巷11號5樓之2B室,0.0,商,,,1070312,土地0建物1車位0,五層,7,華廈(10層含以下有電梯),見其他登記事項,鋼筋混凝土造,1050520,102.09,2,0,2,有,無,有,20000,196,,0.0,0,2個套房，同一個門牌號碼,RPQNMLLJMHNFFAO68CC
新竹市,建物,新竹市新竹市中山路42號18樓之5,0.0,商,,,1070319,土地0建物1車位0,十八層,24,住宅大樓(11層含以上有電梯),見其他登記事項,鋼筋混凝土造,1041030,174.67000000000002,4,2,2,有,有,有,42000,240,,0.0,0,,RPRNMLLJMHNFFAO78CC
新竹市,建物,新竹市新竹市東大路113之39號新址:東大路二段81巷27弄2號1樓,0.0,住,,,1070316,土地0建物0車位0,全,2,透天厝,住家用,加強磚造,,43.23,0,1,1,有,無,無,2000,46,,0.0,0,,RPWNMLMJMHNFFAO76CC
新竹市,建物,新竹市新竹市大庄路45巷3號1樓,0.0,工,,,1070319,土地0建物1車位0,一層,7,店面(店鋪),見其他登記事項,鋼筋混凝土造,1021030,131.93,0,0,0,無,有,無,30000,227,,0.0,0,,RPTOMLNJMHNFFAO66CC
新竹市,建物,新竹市新竹市明湖路1050巷24號3樓,0.0,,山坡地保育區,丙種建築用地,1070401,土地0建物1車位0,三層,5,公寓(5樓含以下無電梯),住家用,鋼筋混凝土造,0821019,36.61,3,2,2,有,無,有,11000,300,,0.0,0,,RPPNMLOJMHNFFAO88CC
新竹市,房地(土地+建物),新竹市新竹市新竹市北大路8號22樓之1,4.64,商,,,1070315,土地1建物1車位0,二十二層,28,住宅大樓(11層含以上有電梯),見其他登記事項,鋼骨鋼筋混凝土造,0960703,123.35,3,2,2,有,有,有,35000,284,,0.0,0,,RPTNMLOJMHNFFAO66CC
新竹市,建物,新竹市新竹市北大路12號十四樓之2,0.0,其他,,,1070305,土地0建物1車位0,十四層,28,住宅大樓(11層含以上有電梯),見其他登記事項,鋼骨鋼筋混凝土造,0960703,151.96,4,2,2,有,有,有,37800,249,,0.0,0,租金含管理費網路第四台稅費及二代健保,RPPNMLPJMHNFFAO98CC
新竹市,建物,新竹市新竹市建新路５８號１０樓之１,0.0,住,,,1070322,土地0建物1車位1,十層,15,住宅大樓(11層含以上有電梯),見其他登記事項,鋼筋混凝土造,0861111,143.06,3,2,2,有,有,有,20000,140,坡道平面,0.0,0,,RPROMLTJMHNFFAO07CC
新竹市,建物,新竹市新竹市埔頂二路16號,0.0,住,,,1070404,土地0建物1車位0,一層,23,店面(店鋪),見其他登記事項,鋼筋混凝土造,1040114,185.03,0,0,0,無,有,無,75000,405,,0.0,0,,RPUPMLKKMHNFFAO66CC
新竹市,建物,新竹市新竹市中華路二段199號,0.0,商,,,1070322,土地0建物1車位0,一層,18,店面(店鋪),見其他登記事項,鋼筋混凝土造,1020615,252.29999999999998,0,0,0,無,有,無,85000,337,,0.0,0,,RPTOMLMKMHNFFAO66CC
新竹市,房地(土地+建物)+車位,新竹市新竹市東區關新北路8號4樓之5,29.39,住,,,1070326,土地1建物1車位1,四層,23,住宅大樓(11層含以上有電梯),見其他登記事項,鋼筋混凝土造,1031031,195.64999999999998,2,2,2,有,有,有,40000,204,坡道平面,32.21,0,,RPWOMLMKMHNFFAO96CC
新竹市,建物,新竹市新竹市東區八德路191號14樓,0.0,其他,,,1070326,土地0建物1車位0,十四層,14,住宅大樓(11層含以上有電梯),辦公室,鋼筋混凝土造,0971126,234.33,4,2,3,有,有,有,49990,213,,0.0,0,,RPSPMLMKMHNFFAO66CC
新竹市,建物,新竹市新竹市中華路三段１０號７樓之６,0.0,商,,,1070321,土地0建物1車位0,七層,14,套房(1房1廳1衛),住家用,鋼筋混凝土造,0890417,39.33,1,1,1,有,無,無,7600,193,,0.0,0,,RPXNOLNKMHNFFAO27CC
新竹市,建物,新竹市新竹市經國路一段726號九樓之6,0.0,住,,,1070330,土地0建物1車位0,九層,9,套房(1房1廳1衛),辦公室,鋼筋混凝土造,0950701,36.35,1,0,1,有,有,有,10000,275,,0.0,0,,RPPNMLOKMHNFFAO98CC
新竹市,建物,新竹市新竹市牛埔東路２４７號１４樓之１６,0.0,其他,,,1070411,土地0建物1車位0,十四層,16,住宅大樓(11層含以上有電梯),住家用,鋼骨鋼筋混凝土造,0850926,81.71000000000001,2,2,1,有,有,有,11000,135,,0.0,0,,RPQOMLOKMHNFFAO56CC
新竹市,房地(土地+建物)+車位,新竹市新竹市關新北路155號,41.32,住,,,1070402,土地1建物1車位1,一層,20,店面(店鋪),見其他登記事項,鋼筋混凝土造,1000110,255.32,0,0,0,無,有,無,70000,274,坡道平面,27.71,0,,RPPOMLQKMHNFFAO66CC
新竹市,建物,新竹市新竹市埔頂一路151號,0.0,住,,,1070401,土地0建物1車位1,見其他登記事項,23,店面(店鋪),見其他登記事項,鋼筋混凝土造,1020915,245.54000000000002,0,2,2,有,無,有,48000,195,坡道平面,23.15,0,租賃層次1-2樓，1樓店面~2樓住家,RPROMLQKMHNFFAO86CC
新竹市,房地(土地+建物),新竹市新竹市湳雅街186-3號,34.78,住,,,1070416,土地1建物1車位0,全,4,透天厝,住商用,鋼筋混凝土造,0850122,80.8,5,2,3,有,無,有,19800,245,,0.0,0,,RPWOMLQKMHNFFAO37CC
新竹市,房地(土地+建物),新竹市新竹市光華南街18巷13號3樓之1,2.51,住,,,1070405,土地1建物1車位0,三層,7,華廈(10層含以下有電梯),住家用,鋼筋混凝土造,,26.36,0,0,0,無,無,有,12000,455,,0.0,0,,RPPPMLQKMHNFFAO76CC
新竹市,建物,新竹市新竹市東大路一段39巷33號五樓之10,0.0,住,,,1070330,土地0建物1車位0,五層,9,套房(1房1廳1衛),見其他登記事項,鋼筋混凝土造,0970701,38.09,1,0,1,有,有,有,18000,473,,0.0,0,租金含管理費1500元,RPXNMLRKMHNFFAO47CC
新竹市,房地(土地+建物)+車位,新竹市新竹市延平路一段159巷22號,73.53,商,,,1070312,土地2建物1車位1,全,4,透天厝,見其他登記事項,鋼筋混凝土造,0970205,298.79,4,3,4,有,有,有,38000,127,坡道平面,0.0,0,租金不含管理費。一樓做店面使用租賃期間107年3月25日~108年3月24日,RPTOMLRKMHNFFAO37EC
新竹市,建物,新竹市新竹市北新街129號,0.0,住,,,1070313,土地0建物1車位0,一層,10,店面(店鋪),見其他登記事項,鋼筋混凝土造,0980319,83.84,0,0,0,無,有,無,30000,358,,0.0,0,內含管理費,RPUOMLSKMHNFFAO57EC
新竹市,建物,新竹市新竹市東區慈雲路115號11樓之1,0.0,商,,,1070418,土地0建物1車位2,十一層,28,住宅大樓(11層含以上有電梯),見其他登記事項,鋼筋混凝土造,1050125,218.31,4,2,2,有,有,無,35000,160,坡道平面,0.0,0,,RPXNMLSKMHNFFAO57CC
新竹市,建物,新竹市新竹市科技五路2號,0.0,其他,,,1070320,土地0建物0車位20,二層,6,廠辦,見其他登記事項,鋼筋混凝土造,0870828,4297.53,0,0,0,無,有,無,1105000,257,坡道平面,0.0,0,,RPRQMLTKMHNFFAO37CC
新竹市,建物,新竹市新竹市牛埔南路１４２巷３３弄４９號九樓,0.0,住,,,1070413,土地0建物1車位1,九層,11,住宅大樓(11層含以上有電梯),見其他登記事項,鋼筋混凝土造,1010821,144.99,3,2,2,有,有,有,17000,117,坡道平面,21.49,0,,RPQNMLKLMHNFFAO78CC
新竹市,建物,新竹市新竹市西門街133號3樓,0.0,商,,,1070324,土地0建物1車位0,三層,5,公寓(5樓含以下無電梯),住家用,鋼筋混凝土造,0750424,90.99000000000001,3,2,2,有,無,無,10000,110,,0.0,0,,RPPNMLMLMHNFFAO88CC
新竹市,建物,新竹市新竹市中華路三段10號5樓之22,0.0,商,,,1070324,土地0建物1車位0,五層,14,套房(1房1廳1衛),住家用,鋼筋混凝土造,0890417,50.06,1,1,1,有,有,有,9000,180,,0.0,0,租金含管理費.第四台,RPQNMLMLMHNFFAO98CC
新竹市,建物,新竹市新竹市四維路8號12樓之10,0.0,商,,,1070328,土地0建物1車位0,十二層,12,套房(1房1廳1衛),住家用,鋼筋混凝土造,0800730,34.99,1,1,1,有,有,有,7500,214,,0.0,0,租金含管理費網路第四台,RPRNMLMLMHNFFAO09CC
新竹市,建物,新竹市新竹市林森路275號11樓之11,0.0,商,,,1070329,土地0建物1車位0,十一層,17,套房(1房1廳1衛),辦公室,鋼筋混凝土造,0860520,28.48,1,1,1,有,無,有,5500,193,,0.0,0,,RPSNMLMLMHNFFAO56CC
新竹市,建物,新竹市新竹市明湖路１２００巷４７之３號,0.0,,山坡地保育區,丙種建築用地,1070409,土地0建物1車位1,一層,7,套房(1房1廳1衛),見其他登記事項,鋼筋混凝土造,0970522,72.6,1,1,1,有,有,有,11000,152,坡道平面,0.0,0,,RPUNMLNLMHNFFAO86CC
新竹市,房地(土地+建物)+車位,新竹市新竹市慈雲路89號十六樓之2,15.39,商,,,1070327,土地1建物1車位2,十六層,27,住宅大樓(11層含以上有電梯),見其他登記事項,鋼筋混凝土造,1041208,230.95,3,2,2,有,有,無,30000,130,坡道平面,66.12,0,,RPRPMLOLMHNFFAO86CC
新竹市,土地,光復段370-1地號,6077.0,工,,,1070415,土地5建物0車位0,,,其他,,,,0.0,0,0,0,有,無,無,380000,63,,0.0,0,,RPUPMLOLMHNFFAO17CC
新竹市,房地(土地+建物)+車位,新竹市新竹市關新路213號七樓之2,34.19,住,,,1070412,土地1建物1車位1,七層,21,住宅大樓(11層含以上有電梯),見其他登記事項,鋼筋混凝土造,0990723,231.44,4,2,2,有,有,無,31000,134,坡道平面,29.03,0,,RPWOMLPLMHNFFAO37CC
新竹市,建物,新竹市新竹市東區關新路188號17樓之5,0.0,住,,,1061117,土地0建物1車位0,十七層,24,住宅大樓(11層含以上有電梯),見其他登記事項,鋼筋混凝土造,1001121,191.41000000000003,4,2,2,有,有,有,33619,176,,0.0,0,,RPQOMLPLMHNFFAO96EC
新竹市,建物,新竹市新竹市民生路255號1樓,0.0,商,,,1070415,土地0建物1車位0,一層,13,店面(店鋪),商業用,鋼筋混凝土造,0851231,76.68,1,0,1,有,有,無,30000,391,,0.0,0,,RPUOMLQLMHNFFAO37DC
新竹市,房地(土地+建物),新竹市新竹市新竹市北大路12號28樓之1,1.58,住,,,1070331,土地1建物1車位0,二十八層,28,住宅大樓(11層含以上有電梯),見其他登記事項,鋼骨鋼筋混凝土造,0960703,138.70999999999998,4,2,2,有,有,有,40000,288,,0.0,0,,RPOPMLQLMHNFFAO76CC
新竹市,建物,新竹市新竹市東門街34巷18號15樓,0.0,商,,,1070410,土地0建物1車位0,十五層,20,住宅大樓(11層含以上有電梯),見其他登記事項,鋼筋混凝土造,1011015,129.59,3,2,2,有,有,有,37000,286,,0.0,0,,RPRPMLQLMHNFFAO07CC
新竹市,建物,新竹市新竹市國光街92號7樓,0.0,住,,,1070402,土地0建物1車位0,七層,7,華廈(10層含以下有電梯),住家用,鋼筋混凝土造,0811228,111.07000000000001,3,2,2,有,無,無,13000,117,,0.0,0,,RPRNMLSLMHNFFAO07CC
新竹市,建物,新竹市新竹市北大路166巷46號六樓之4,0.0,住,,,1070412,土地0建物1車位0,六層,6,套房(1房1廳1衛),住家用,鋼筋混凝土造,0830323,37.739999999999995,1,0,1,有,有,有,8500,225,,0.0,0,,RPSNMLSLMHNFFAO17CC
新竹市,房地(土地+建物),新竹市新竹市香檳五街83號,133.15,,山坡地保育區,丙種建築用地,1070416,土地1建物1車位0,全,1,透天厝,住家用,加強磚造,0710602,86.1,3,2,1,有,無,有,10000,116,,0.0,0,,RPTNMLSLMHNFFAO27CC
新竹市,建物,新竹市新竹市武陵路86巷3號八樓,0.0,住,,,1070418,土地0建物1車位1,八層,11,住宅大樓(11層含以上有電梯),見其他登記事項,鋼筋混凝土造,0930215,154.34,3,2,2,有,有,無,16000,104,坡道平面,0.0,0,租金含管理費1390元含平面車位一個,RPUNMLSLMHNFFAO37CC
新竹市,建物,新竹市新竹市勝利路228巷4號3樓,0.0,商,,,1070427,土地0建物1車位0,三層,5,公寓(5樓含以下無電梯),住家用,鋼筋混凝土造,0840815,69.2,2,2,1,有,無,有,10500,152,,0.0,0,,RPVNMLSLMHNFFAO47CC
新竹市,建物,新竹市新竹市建功一路4號4樓之1,0.0,住,,,1070404,土地0建物1車位0,四層,7,套房(1房1廳1衛),住家用,鋼筋混凝土造,0810103,46.89,1,1,1,有,無,有,13000,277,,0.0,0,,RPQPMLKMMHNFFAO09CC
新竹市,建物,新竹市新竹市慈雲路117號28樓之1,0.0,商,,,1070407,土地0建物1車位1,二十八層,28,住宅大樓(11層含以上有電梯),見其他登記事項,鋼筋混凝土造,1050125,204.64,3,2,2,有,有,有,32000,156,坡道平面,29.26,0,,RPSPMLKMMHNFFAO66CC
新竹市,建物,新竹市新竹市中華路二段３１２巷９號,0.0,商,,,1070413,土地0建物0車位0,一層,3,套房(1房1廳1衛),見其他登記事項,見其他登記事項,,22.96,1,1,1,有,無,有,6825,297,,0.0,0,,RPQNMLMJNHNFFAO88CC
新竹市,建物,新竹市新竹市建功一路４９巷１８號３樓,0.0,住,,,1070409,土地0建物1車位0,三層,5,公寓(5樓含以下無電梯),住家用,鋼筋混凝土造,,75.9,2,1,1,有,無,無,13000,171,,0.0,0,,RPRNMLMJNHNFFAO98CC
新竹市,建物,新竹市新竹市經國路三段９２巷２６號十一樓,0.0,住,,,1070426,土地0建物1車位1,十一層,15,住宅大樓(11層含以上有電梯),見其他登記事項,鋼筋混凝土造,0990809,96.08000000000001,2,2,1,有,有,有,14500,151,坡道機械,24.09,0,,RPQPMLMJNHNFFAO09CC
新竹市,建物,新竹市新竹市武陵路７０巷１０號十樓,0.0,住,,,1070416,土地0建物1車位1,十層,11,住宅大樓(11層含以上有電梯),見其他登記事項,鋼筋混凝土造,0930215,176.34,3,2,2,有,有,有,14500,82,坡道平面,0.0,0,車位面積無法分算,RPXOMLNJNHNFFAO17CC
新竹市,建物,新竹市新竹市北大路21號八樓之1,0.0,商,,,1070317,土地0建物1車位0,八層,9,套房(1房1廳1衛),辦公室,鋼筋混凝土造,0990810,97.97999999999999,2,2,2,有,有,有,20000,204,,0.0,0,租金含管理費1500元,RPPQMLNJNHNFFAO56CC
新竹市,房地(土地+建物)+車位,新竹市新竹市公道五路三段1號,0.0,其他,,,1070420,土地1建物13車位1,見其他登記事項,14,辦公商業大樓,見其他登記事項,見其他登記事項,1060516,9387.14,13,0,8,有,有,無,5186546,553,坡道平面,0.0,342000,共承租114座車位,RPROMLSJNHNFFAO07CC
新竹市,建物,新竹市新竹市三民路85號20樓之2,0.0,住,,,1070415,土地0建物1車位0,二十層,24,住宅大樓(11層含以上有電梯),見其他登記事項,鋼筋混凝土造,0970720,174.88,3,2,2,有,有,有,36000,206,,0.0,0,,RPOPMLKKNHNFFAO78CC
新竹市,建物,新竹市新竹市忠孝路50號9樓之7,0.0,其他,,,1070419,土地0建物1車位0,九層,12,住宅大樓(11層含以上有電梯),見其他登記事項,鋼筋混凝土造,1010608,139.8,4,2,2,有,有,有,32000,229,,0.0,0,,RPPPMLKKNHNFFAO88CC
