﻿編號,屋齡,建物移轉面積平方公尺,主要用途,主要建材,建築完成日期,總層數,建物分層
The serial number,room age,building shifting area square meter,the main use,main building materials,construction completes the date,total layer,building lamination
RPPNMLLLLHNFFAP98EC,13,182.26,住商用,鋼筋混凝土造,93年10月5日,二層,
RPPNMLLLLHNFFAP98EC,13,83.42,住商用,鋼筋混凝土造,93年10月5日,二層,
RPPNMLNKMHNFFCP56CC,39,137.07,住商用,加強磚造,68年8月10日,二層,
RPTNMLQKMHNFFDP37CC,24,65.52,住家用,加強磚造,82年12月7日,二層,
