﻿編號,土地位置,土地移轉面積(平方公尺),使用分區或編定,權利人持分分母,權利人持分分子,移轉情形,地號
The serial number, land position,land shifting area square meter,the use zoning or compiles and checks,,,,land parcel
RPPNMLLLLHNFFAP98EC,斗六段,134.94,都市：住,,,,10050003
RPPNMLLLLHNFFAP98EC,斗六段,73.38,都市：住,,,,10050004
RPPNMLLLLHNFFAP98EC,斗六段,73.45,都市：住,,,,10050005
RPPNMLNKMHNFFCP56CC,漢北段,99.15,都市：住,,,,09370000
RPTNMLQKMHNFFDP37CC,五福段,49.97,都市：住,,,,00770000
