﻿編號,屋齡,建物移轉面積平方公尺,主要用途,主要建材,建築完成日期,總層數,建物分層
The serial number,room age,building shifting area square meter,the main use,main building materials,construction completes the date,total layer,building lamination
RPRNMLNKKHNFFBQ98CA,10,261.63,集合住宅、停車空間,鋼筋混凝土造,97年4月8日,四層,一層 二層 三層 四層 地下一層 見其他登記事項
RPRNMLNKKHNFFBQ98CA,10,4.83,管理委員會室,鋼筋混凝土造,97年4月8日,三層,
RPRNMLNKKHNFFBQ98CA,10,30.19,停車空間,鋼筋混凝土造,97年4月8日,四層,
RPPNMLOJLHNFFBQ88CA,12,17.64,住家用,鋼筋混凝土造,94年10月3日,十層,七層 陽台
RPPNMLOJLHNFFBQ88CA,12,.11,管理委員會使用空間,鋼筋混凝土造,94年10月3日,十層,
RPPNMLOJLHNFFBQ88CA,12,9.30,機電設備空間、停車空間、樓梯間、走廊、機械室、水塔,鋼筋混凝土造,94年10月3日,十層,
RPRNMLNLKHNFFBQ09CA,15,169.72,住家用,鋼筋混凝土造,92年5月27日,三層,一層 二層 三層 電梯樓梯間
RPQNMLOJLHNFFBQ98CA,12,17.73,住家用,鋼筋混凝土造,94年10月3日,十層,七層 陽台
RPQNMLOJLHNFFBQ98CA,12,.11,管理委員會使用空間,鋼筋混凝土造,94年10月3日,十層,
RPQNMLOJLHNFFBQ98CA,12,9.36,機電設備空間、停車空間、樓梯間、走廊、機械室、水塔,鋼筋混凝土造,94年10月3日,十層,
RPVNMLNKKHNFFCQ86CA,47,38.32,工業用,鐵造,59年10月1日,一層,一層
RPVNMLNKKHNFFCQ86CA,43,222.69,工業用,鐵造,64年2月6日,一層,一層
RPWOMLOKKHNFFCQ17CA,25,85.07,住家用,鋼筋混凝土造,81年11月30日,五層,二層 陽台
RPWOMLOKKHNFFCQ17CA,25,8.68,共有部分,鋼筋混凝土造,81年11月30日,地下層,
RPWOMLOKKHNFFCQ17CA,25,6.94,共有部分,鋼筋混凝土造,81年11月30日,五層,
RPPOMLNKKHNFFDQ09CA,1,177.37,住家用,鋼筋混凝土造,106年3月16日,三層,一層 二層 三層 陽台 見其他登記事項
RPWNMLNKKHNFFCQ96CA,34,87.76,住家用,鋼筋混凝土造,72年9月26日,四層,一層 二層
RPVOMLOKKHNFFCQ07CA,36,118.21,住家用,鋼筋混凝土加強磚造,71年1月28日,二層,一層 二層 騎樓 電梯樓梯間
RPVNMLMJLHNFFCQ76CA,13,17.86,集合住宅,鋼筋混凝土造,94年1月20日,五層,五層 陽台
RPVNMLMJLHNFFCQ76CA,13,.49,管委會辦公室,鋼筋混凝土造,94年1月20日,五層,
RPVNMLMJLHNFFCQ76CA,13,5.56,梯廳、梯間、水箱,鋼筋混凝土造,94年1月20日,五層,
RPUNMLMKKHNFFCQ76DA,36,102.64,住家用,鋼筋混凝土加強磚造,70年12月17日,二層,一層 二層 陽台 電梯樓梯間
RPPNMLKKLHNFFCQ68CA,13,158.64,集合住宅,鋼筋混凝土造,93年9月6日,三層,一層 二層 三層 電梯樓梯間 見其他登記事項
RPPNMLKKLHNFFCQ68CA,13,158.64,集合住宅,鋼筋混凝土造,93年9月6日,三層,一層 二層 三層 電梯樓梯間 見其他登記事項
RPOPMLOKKHNFFDQ56CA,38,84.36,,加強磚造,69年3月20日,二層,一層 二層 陽台
RPRNMLMKLHNFFDQ56CA,36,95.55,住家用,鋼筋混凝土加強磚造,70年12月30日,二層,一層 二層 電梯樓梯間
RPSNMLLLKHNFFCQ56DA,30,104.23,住商用,鋼筋混凝土加強磚造,77年1月21日,二層,一層 二層 騎樓 電梯樓梯間
RPOOMLRLKHNFFDQ86CA,6,184.15,停車空間、住宅、樓梯間,鋼筋混凝土造,100年9月15日,三層,一層 二層 三層 陽台 見其他登記事項
RPQNMLSLKHNFFCQ96CA,19,341.57,住商用,鋼筋混凝土造,87年7月31日,四層,一層 二層 三層 四層 騎樓
RPROMLRJLHNFFCQ96CA,34,87.46,住家用,鋼筋混凝土加強磚造,72年8月19日,二層,一層 二層 電梯樓梯間
RPSNMLMLKHNFFCQ56CA,38,103.10,住商用,鋼筋混凝土加強磚造,68年12月31日,二層,一層 二層 騎樓 電梯樓梯間
RPSNMLOKKHNFFCQ66CA,,211.69,店舖、停車空間、住宅,鋼筋混凝土造,106年11月24日,四層,一層 二層 三層 四層 見其他登記事項
RPVNMLOKKHNFFBQ86CA,3,294.25,集合住宅,鋼筋混凝土造,103年10月24日,三層,一層 二層 三層 陽台
RPVNMLOKKHNFFBQ86CA,3,1.00,社區管理室,鋼筋混凝土造,104年1月6日,一層,
RPSNMLLJLHNFFBQ88CA,3,294.25,集合住宅,鋼筋混凝土造,103年10月24日,三層,一層 二層 三層 陽台
RPSNMLLJLHNFFBQ88CA,3,1.00,社區管理室,鋼筋混凝土造,104年1月6日,一層,
RPVNMLNLKHNFFBQ86CA,31,141.11,住家用,鋼筋混凝土加強磚造,75年9月6日,二層,一層 二層 陽台 騎樓 電梯樓梯間
RPWNMLMLKHNFFCQ96CA,1,302.56,住宅、停車空間,鋼筋混凝土造,105年7月29日,四層,一層 二層 三層 四層 見其他登記事項
RPVNMLMLKHNFFCQ86CA,2,243.51,住宅、樓梯間,鋼筋混凝土造,105年7月29日,三層,一層 二層 三層 見其他登記事項 見其他登記事項
RPXNMLMLKHNFFCQ07CA,1,228.70,住家用,鋼筋混凝土造,105年12月27日,四層,一層 二層 三層 四層 見其他登記事項
RPPNMLPLKHNFFCQ56CA,35,47.70,集合住宅,鋼筋混凝土造,72年2月4日,三層,二層 陽台
RPQNMLPLKHNFFCQ66CA,35,55.38,集合住宅,鋼筋混凝土造,72年2月4日,三層,二層 陽台
RPXNMLLLKHNFFCQ96CA,14,162.70,停車空間、集合住宅,鋼筋混凝土造,92年12月26日,三層,一層 二層 三層 電梯樓梯間 見其他登記事項
RPPNMLLJLHNFFCQ68CA,37,52.42,住家用,鋼筋混凝土加強磚造,70年7月20日,三層,三層 見其他登記事項
RPTNMLSJLHNFFCQ17CA,,200.05,住宅、樓梯間,鋼筋混凝土造,106年11月16日,三層,一層 二層 三層 見其他登記事項 見其他登記事項
RPUNMLSJLHNFFCQ27CA,,197.90,住宅、樓梯間,鋼筋混凝土造,106年11月16日,三層,一層 二層 三層 見其他登記事項 見其他登記事項
RPUNMLPJLHNFFDQ07CA,20,182.12,住家用,鋼筋混凝土造,86年12月3日,三層,一層 二層 三層 電梯樓梯間
RPXNMLQJLHNFFDQ47CA,12,1.42,機械室、樓梯間、垃圾處理場、管理中心,鋼筋混凝土造,95年7月18日,三層,
RPXNMLQJLHNFFDQ47CA,12,.60,機械室、樓梯間,鋼筋混凝土造,95年7月18日,一層,
RPXNMLQJLHNFFDQ47CA,12,1.04,機械室、樓梯間、開放空間、交誼室,鋼筋混凝土造,95年7月18日,四層,
RPXNMLQJLHNFFDQ47CA,11,223.46,集合住宅,鋼筋混凝土造,96年7月17日,四層,一層 二層 三層 四層 陽台
RPUNMLLLKHNFFCQ86EA,38,100.40,住家用,鋼筋混凝土加強磚造,69年3月31日,二層,一層 二層 電梯樓梯間
RPUNMLMLKHNFFCQ96EA,,208.70,住家用,鋼筋混凝土造,106年9月26日,四層,一層 二層 三層 四層 見其他登記事項
RPVNMLLLKHNFFCQ86DA,40,91.20,住家用,鋼筋混凝土加強磚造,66年9月1日,二層,一層 二層 騎樓
RPSNMLQLKHNFFBQ96DA,20,296.82,飲食店,鋼造,86年8月22日,一層,一層
RPRNMLQKLHNFFBQ86DA,15,17.16,住家用,鋼筋混凝土造,92年2月14日,四層,四層 陽台
RPRNMLQKLHNFFBQ86DA,15,2.14,公共空間（樓梯間，電梯間）,鋼筋混凝土造,92年2月14日,四層,
RPRNMLQKLHNFFBQ86DA,15,3.16,公共空間,鋼筋混凝土造,92年2月14日,四層,
RPQNMLMKLHNFFDQ09CA,1,166.70,停車空間、住宅、樓梯間,鋼筋混凝土造,106年1月24日,三層,一層 二層 三層 陽台 見其他登記事項
RPVNMLQLKHNFFDQ37CA,26,169.54,住家用,鋼筋混凝土造,80年9月4日,三層,一層 二層 三層 騎樓 電梯樓梯間
RPQOMLMKLHNFFCQ09CA,42,169.40,住家用,磚造,65年1月15日,一層,
RPQOMLMKLHNFFCQ09CA,30,207.96,住家用,鋼筋混凝土加強磚造,77年1月6日,三層,
RPUNMLLJLHNFFDQ66CA,,150.07,住宅、樓梯間,鋼筋混凝土造,106年12月22日,三層,一層 二層 三層 陽台 見其他登記事項
RPTOMLLJLHNFFDQ66CA,,189.54,住宅、樓梯間,鋼筋混凝土造,106年12月22日,三層,一層 二層 三層 陽台 見其他登記事項
RPRNMLMJLHNFFCQ56EA,21,24.46,集合住宅,鋼筋混凝土造,85年12月3日,五層,四層 陽台
RPRNMLMJLHNFFCQ56EA,21,10.75,共有部分,鋼筋混凝土造,85年12月3日,五層,
RPXNMLMJLHNFFCQ17EA,21,21.39,集合住宅,鋼筋混凝土造,85年12月3日,五層,四層 陽台
RPXNMLMJLHNFFCQ17EA,21,9.67,共有部分,鋼筋混凝土造,85年12月3日,五層,
RPRNMLQLKHNFFDQ17EA,30,123.48,住家用,鋼筋混凝土加強磚造,76年6月16日,二層,一層 二層
RPWNMLRJLHNFFDQ47CA,18,316.90,農舍,鋼造,89年5月8日,二層,一層 二層 陽台
RPQNMLNLKHNFFDQ56CA,33,168.92,住家用,鋼筋混凝土加強磚造,73年12月24日,三層,一層 二層 三層
RPTNMLQLKHNFFDQ17CA,16,206.81,住家用,鋼筋混凝土造,90年11月2日,三層,一層 二層 三層 見其他登記事項
RPPNMLSLKHNFFCQ86CA,,172.83,住宅、樓梯間,鋼筋混凝土造,106年8月29日,三層,一層 二層 三層 見其他登記事項 見其他登記事項
RPPNMLRKLHNFFDQ86CA,22,171.17,住商用,鋼筋混凝土造,85年3月27日,四層,一層 二層 三層 四層 陽台
RPRNMLPKLHNFFBQ66CA,33,132.60,住家用,鋼筋混凝土加強磚造,73年12月19日,二層,一層 二層 騎樓 電梯樓梯間
RPPNMLMJLHNFFDQ88CA,10,210.66,店舖、住宅、停車空間,鋼筋混凝土造,96年8月22日,四層,一層 二層 三層 四層 陽台
RPTNMLMJLHNFFCQ76EA,21,9.67,共有部分,鋼筋混凝土造,85年12月3日,五層,
RPTNMLMJLHNFFCQ76EA,21,22.81,集合住宅,鋼筋混凝土造,85年12月3日,五層,二層 陽台
RPUNMLRLLHNFFDQ57DA,15,20.59,集合住宅,鋼筋混凝土造,92年5月5日,五層,四層 陽台
RPUNMLRLLHNFFDQ57DA,15,3.62,集合住宅,鋼筋混凝土造,92年5月5日,五層,
RPUNMLMJLHNFFCQ86EA,21,21.39,集合住宅,鋼筋混凝土造,85年12月3日,五層,二層 陽台
RPUNMLMJLHNFFCQ86EA,21,9.67,共有部分,鋼筋混凝土造,85年12月3日,五層,
RPUNMLNKLHNFFDQ96CA,38,90.10,住家用,鋼筋混凝土加強磚造,69年3月1日,二層,一層 二層
RPPNMLMJLHNFFCQ98EA,37,74.01,住商用,鋼筋混凝土加強磚造,70年4月18日,二層,一層 二層 電梯樓梯間
RPROMLMLLHNFFCQ66CA,,197.90,住宅、樓梯間,鋼筋混凝土造,106年11月16日,三層,一層 二層 三層 見其他登記事項 見其他登記事項
RPUNMLNLLHNFFCQ96CA,,252.99,見其他登記事項,鋼筋混凝土造,106年8月3日,三層,一層 二層 三層 見其他登記事項
RPPOMLQKLHNFFCQ76CA,36,200.06,住家用,鋼筋混凝土加強磚造,70年9月23日,二層,一層 二層 陽台 電梯樓梯間
RPSOMLMLLHNFFCQ76CA,,200.05,住宅、樓梯間,鋼筋混凝土造,106年11月16日,三層,一層 二層 三層 見其他登記事項 見其他登記事項
RPRNMLPJLHNFFBQ56CA,26,139.73,住家用,鋼筋混凝土造,80年11月21日,三層,一層 二層 三層
RPPOMLNKLHNFFBQ98CA,21,180.81,住商用,鋼筋混凝土造,86年3月24日,三層,一層 二層 三層 陽台 電梯樓梯間
RPTNMLMJLHNFFDQ66CA,19,175.45,住家用,鋼筋混凝土造,87年7月31日,三層,一層 二層 三層 陽台 平台 電梯樓梯間
RPSNMLQJLHNFFDQ96CA,21,74.29,住房、集合住宅,鋼筋混凝土造,86年6月23日,六層,四層 陽台 花台
RPSNMLQJLHNFFDQ96CA,21,19.96,見其他登記事項,鋼筋混凝土造,86年6月23日,七層,
RPSNMLQJLHNFFDQ96CA,21,10.90,樓梯間、機械室、水箱,鋼筋混凝土造,86年6月23日,七層,
RPRNMLRJLHNFFEQ07CA,30,164.28,工業用,鋼造,76年12月18日,一層,一層
RPQNMLQKLHNFFEQ96CA,6,215.73,住家用,鋼筋混凝土造,101年6月15日,三層,一層 二層 三層 陽台
RPRNMLNKLHNFFCQ66DA,25,105.73,國民住宅,鋼筋混凝土造,82年2月17日,五層,一層 平台
RPSNMLMJLHNFFBQ09DA,2,191.76,門廊、住宅,鋼筋混凝土造,105年8月4日,三層,一層 二層 三層 陽台
RPPNMLPJLHNFFCQ56DA,25,148.24,住商用,鋼筋混凝土造,81年10月7日,三層,一層 二層 三層 電梯樓梯間
RPPOMLMKLHNFFDQ09CA,29,252.32,住家用,鋼筋混凝土造,77年11月16日,三層,一層 二層 三層
RPRNMLSJLHNFFDQ07CA,19,124.21,住家用,鋼筋混凝土造,87年11月24日,三層,一層 二層 三層 陽台 平台
RPPNMLQJLHNFFDQ66CA,10,265.65,集合住宅、停車空間、機電設備空間,鋼筋混凝土造,96年9月29日,四層,一層 二層 三層 四層 陽台 雨遮 地下一層
RPPNMLQJLHNFFDQ66CA,12,1.59,門廳、遊憩設施,鋼筋混凝土造,94年8月26日,三層,
RPPNMLQJLHNFFDQ66CA,12,5.08,門廳、遊憩設施、機械空間、梯間、游泳池,鋼筋混凝土造,94年8月26日,二層,
RPQNMLQLLHNFFDQ96CA,23,205.66,住家用,鋼筋混凝土造,84年5月24日,四層,一層 二層 三層 四層 陽台 地下層
RPQNMLQLLHNFFDQ96CA,23,23.55,車道,鋼筋混凝土造,84年5月24日,四層,
RPPNMLRLLHNFFBQ76CA,12,17.49,住家用,鋼筋混凝土造,94年10月3日,十層,十層 陽台
RPPNMLRLLHNFFBQ76CA,12,.11,管理委員會使用空間,鋼筋混凝土造,94年10月3日,十層,
RPPNMLRLLHNFFBQ76CA,12,9.22,機電設備空間、停車空間、樓梯間、走廊、機械室、水塔,鋼筋混凝土造,94年10月3日,十層,
RPVNMLQLLHNFFCQ37CA,19,153.98,住家用,鋼筋混凝土造,87年11月23日,三層,一層 二層 三層 平台 電梯樓梯間 見其他登記事項
RPPNMLPJLHNFFBQ98CA,1,193.37,住宅、樓梯間,鋼筋混凝土造,106年6月21日,三層,一層 二層 三層 陽台 見其他登記事項
SPPNMLRLLHNFFBQ86CA,12,17.04,住家用,鋼筋混凝土造,94年10月3日,十層,十層 陽台
SPPNMLRLLHNFFBQ86CA,12,.10,管理委員會使用空間,鋼筋混凝土造,94年10月3日,十層,
SPPNMLRLLHNFFBQ86CA,12,8.58,機電設備空間、停車空間、樓梯間、走廊、機械室、水塔,鋼筋混凝土造,94年10月3日,十層,
RPWNMLMKLHNFFCQ96CA,,195.26,住宅、樓梯間,鋼筋混凝土造,106年8月16日,三層,一層 二層 三層 見其他登記事項 見其他登記事項
RPOOMLMKLHNFFCQ88CA,,198.00,住宅、樓梯間,鋼筋混凝土造,106年8月16日,三層,一層 二層 三層 見其他登記事項 見其他登記事項
RPQNMLPJLHNFFCQ56CA,35,94.00,住家用,見其他登記事項,71年8月21日,一層,一層 騎樓
RPOOMLQKLHNFFCQ66CA,24,98.79,住家用,鋼筋混凝土造,82年12月14日,七層,四層 陽台
RPOOMLQKLHNFFCQ66CA,24,7.89,共有部分,鋼筋混凝土造,82年12月14日,七層,
RPOOMLQKLHNFFCQ66CA,24,6.42,共有部分,鋼筋混凝土造,82年12月14日,七層,
RPVNMLSJLHNFFBQ27CA,18,163.60,住家用,鋼筋混凝土造,88年12月21日,三層,一層 二層 三層 陽台
RPQNMLRJLHNFFBQ66CA,35,38.68,住家用,加強磚造,72年5月15日,二層,一層 二層
RPQNMLRJLHNFFBQ66CA,38,273.12,廠房,鐵骨磚造,69年1月10日,一層,一層
RPQOMLNKLHNFFBQ09CA,37,36.68,住家用,鋼筋混凝土加強磚造,69年10月30日,二層,一層 二層
RPRNMLRLLHNFFBQ96CA,2,198.27,住宅、樓梯間,鋼筋混凝土造,105年2月26日,三層,一層 二層 三層 見其他登記事項 見其他登記事項
RPTNMLMJMHNFFBQ56CA,27,119.16,住商用,鋼筋混凝土造,79年10月5日,三層,一層 二層 三層 騎樓
RPPNMLQJLHNFFEQ76CA,17,107.60,住家用,鋼筋混凝土造,90年7月12日,三層,一層 二層 三層
RPTNMLQJLHNFFDQ07CA,22,200.46,住商用,鋼筋混凝土造,85年3月22日,四層,一層 二層 三層 四層 陽台
RPTNMLRJLHNFFEQ27CA,33,308.17,住商用,鋼筋混凝土造,74年4月4日,三層,一層 二層 三層 騎樓 電梯樓梯間
RPOOMLMKLHNFFDQ98CA,38,105.70,住家用,鋼筋混凝土加強磚造,69年1月18日,二層,一層 二層 騎樓 電梯樓梯間
RPQOMLMJMHNFFDQ56CA,39,76.00,住家用,鋼筋混凝土加強磚造,68年2月15日,二層,一層 二層
RPRNMLPJLHNFFCQ86EA,32,826.62,工業用,鋼造,74年7月11日,一層,一層
RPRNMLPJLHNFFCQ86EA,32,308.51,辦公室、單身宿舍、防空避難室、廁所,ＲＣ造、ＲＣ磚造,74年7月11日,三層,一層 二層 三層 電梯樓梯間 地下層
RPRNMLQLLHNFFDQ07CA,25,260.38,住家用,鋼筋混凝土造,82年3月6日,四層,一層 二層 三層 四層 地下層 見其他登記事項
RPPNMLMJMHNFFBQ78CA,12,16.32,住家用,鋼筋混凝土造,94年10月3日,十層,二層 陽台
RPPNMLMJMHNFFBQ78CA,12,.10,管理委員會使用空間,鋼筋混凝土造,94年10月3日,十層,
RPPNMLMJMHNFFBQ78CA,12,8.61,機電設備空間、停車空間、樓梯間、走廊、機械室、水塔,鋼筋混凝土造,94年10月3日,十層,
SPPNMLMJMHNFFBQ88CA,12,17.35,住家用,鋼筋混凝土造,94年10月3日,十層,二層 陽台
SPPNMLMJMHNFFBQ88CA,12,.11,管理委員會使用空間,鋼筋混凝土造,94年10月3日,十層,
SPPNMLMJMHNFFBQ88CA,12,9.58,機電設備空間、停車空間、樓梯間、走廊、機械室、水塔,鋼筋混凝土造,94年10月3日,十層,
RPSNMLTKLHNFFCQ27CA,40,91.20,住家用,鋼筋混凝土加強磚造,66年12月30日,二層,一層 二層 騎樓
RPQNMLQKLHNFFCQ76CA,2,222.18,停車空間、店舖、住宅,鋼筋混凝土造,104年11月13日,四層,一層 二層 三層 四層 見其他登記事項
RPSNMLSJLHNFFCQ07CA,13,158.64,集合住宅,鋼筋混凝土造,93年9月6日,三層,一層 二層 三層 電梯樓梯間 見其他登記事項
RPPNMLMLLHNFFBQ88CA,30,129.64,住家用,鋼筋混凝土加強磚造,77年5月17日,二層,一層 二層 騎樓 電梯樓梯間
RPPNMLKKLHNFFBQ58CA,23,82.93,住商用,鋼筋混凝土造,83年12月15日,五層,一層 平台
RPPNMLKKLHNFFBQ58CA,23,29.53,樓電梯間、停車空間、車道,鋼筋混凝土造,83年12月15日,五層,
RPQNMLMKLHNFFBQ88CA,18,84.40,住家用,鋼筋混凝土加強磚造,88年9月3日,二層,一層 二層 電梯樓梯間
RPPNMLTJLHNFFBQ76CA,36,168.62,住家用,ＲＣ磚造、磚木造,70年12月21日,三層,一層 二層 三層 騎樓 廚房
RPPNMLSLLHNFFDQ07CA,38,88.99,住家用,鋼筋混凝土加強磚造,69年3月1日,二層,一層 二層
RPRNMLKLLHNFFDQ09CA,40,160.89,住商用,鋼筋混凝土加強磚造,67年3月15日,三層,一層 二層 三層 騎樓
RPTNMLSLLHNFFDQ47CA,38,178.00,住家用,鋼筋混凝土加強磚造,69年7月1日,二層,一層 二層
RPQNMLTLLHNFFCQ17CA,19,162.43,住家用,鋼筋混凝土造,88年5月26日,四層,一層 二層 三層 四層 見其他登記事項
RPQNMLTLLHNFFCQ17CA,19,161.36,住家用,鋼筋混凝土造,88年5月26日,四層,一層 二層 三層 四層 見其他登記事項
RPQNMLOLLHNFFCQ66CA,24,98.64,住家用,鋼筋混凝土造,82年12月14日,七層,一層 二層 陽台 見其他登記事項
RPXNMLQKLHNFFDQ57CA,37,106.62,住家用,鋼筋混凝土加強磚造,69年8月13日,二層,一層 二層 騎樓 電梯樓梯間
RPPNMLTLLHNFFCQ07CA,19,174.33,住家用,鋼筋混凝土造,88年5月26日,四層,一層 二層 三層 四層 見其他登記事項
RPQNMLSJLHNFFDQ07DA,40,66.46,住家用,鋼筋混凝土加強磚造,67年2月1日,二層,一層 二層
RPOOMLSJLHNFFCQ86DA,24,167.44,住家用,鋼筋混凝土造,83年1月20日,三層,一層 二層 三層 電梯樓梯間 見其他登記事項
RPPNMLTJLHNFFCQ07EA,,155.54,住宅、梯間,鋼筋混凝土造,106年10月20日,三層,一層 二層 三層 見其他登記事項 見其他登記事項
RPQNMLTJLHNFFCQ17EA,,171.64,住宅、梯間,鋼筋混凝土造,106年10月20日,三層,一層 二層 三層 見其他登記事項 見其他登記事項
RPTNMLMKLHNFFCQ86EA,23,2.42,共有部分,鋼筋混凝土造,83年10月4日,五層,
RPTNMLMKLHNFFCQ86EA,23,164.23,住商用,鋼筋混凝土造,83年10月4日,五層,一層 二層 三層 騎樓 見其他登記事項
RPXNMLLMLHNFFDQ27CA,10,210.73,店舖、住宅、停車空間,鋼筋混凝土造,96年8月22日,四層,一層 二層 三層 四層 陽台
RPRNMLTJLHNFFDQ17CA,14,19.39,住家用,鋼筋混凝土造,93年8月3日,五層,五層 陽台
RPRNMLTJLHNFFDQ17CA,14,.82,車道、停車空間,鋼筋混凝土造,93年8月3日,五層,
RPRNMLTJLHNFFDQ17CA,14,.20,停車空間,鋼筋混凝土造,93年8月3日,五層,
RPRNMLTJLHNFFDQ17CA,14,.90,樓梯間,鋼筋混凝土造,93年8月3日,五層,
RPRNMLTJLHNFFDQ17CA,14,8.06,樓梯間、走廊,鋼筋混凝土造,93年8月3日,五層,
RPRNMLTJLHNFFDQ17CA,14,1.48,樓梯間、機房,鋼筋混凝土造,93年8月3日,五層,
RPXNMLMKLHNFFDQ17CA,2,199.26,住宅、樓梯間,鋼筋混凝土造,105年3月31日,三層,一層 二層 三層 陽台 見其他登記事項
RPTNMLOKLHNFFBQ76CA,11,19.19,住家用,鋼筋混凝土造,95年8月28日,八層,五層 陽台
RPTNMLOKLHNFFBQ76CA,11,7.43,共有部分,鋼筋混凝土造,95年8月28日,,
RPTNMLOKLHNFFBQ76CA,11,4.61,共有部分,鋼筋混凝土造,95年8月28日,,
RPSNMLOKLHNFFBQ66CA,11,19.19,住家用,鋼筋混凝土造,95年8月28日,八層,二層 陽台
RPSNMLOKLHNFFBQ66CA,11,7.43,共有部分,鋼筋混凝土造,95年8月28日,,
RPSNMLOKLHNFFBQ66CA,11,4.61,共有部分,鋼筋混凝土造,95年8月28日,,
RPSNMLOKLHNFFBQ66CA,11,19.19,住家用,鋼筋混凝土造,95年8月28日,八層,二層 陽台
RPSNMLOKLHNFFBQ66CA,11,4.61,共有部分,鋼筋混凝土造,95年8月28日,,
RPSNMLOKLHNFFBQ66CA,11,7.43,共有部分,鋼筋混凝土造,95年8月28日,,
RPQNMLKKLHNFFCQ78CA,13,158.64,集合住宅,鋼筋混凝土造,93年9月6日,三層,一層 二層 三層 電梯樓梯間 見其他登記事項
RPXNMLQKLHNFFCQ47CA,38,98.68,住家用,鋼筋混凝土加強磚造,69年6月20日,二層,一層 二層
RPSNMLKKLHNFFCQ98CA,11,228.34,停車空間、集合住宅,鋼筋混凝土造,95年8月14日,四層,一層 二層 三層 四層 見其他登記事項
RPSNMLNKLHNFFCQ66CA,37,118.31,住家用,鋼筋混凝土加強磚造,70年3月20日,二層,一層 二層 電梯樓梯間
RPRNMLKKLHNFFCQ88CA,37,98.53,住家用,鋼筋混凝土加強磚造,70年1月9日,二層,一層 二層 電梯樓梯間
RPTNMLOKLHNFFCQ86CA,5,179.58,住家用,鋼筋混凝土造,102年7月4日,三層,一層 二層 三層 見其他登記事項
RPPNMLRKLHNFFCQ76CA,9,390.59,農舍,鋼筋混凝土造,97年10月23日,二層,一層 二層 陽台
RPOOMLKMLHNFFCQ88CA,,274.93,住宅、樓梯間、停車空間,鋼筋混凝土造,106年11月20日,四層,一層 二層 三層 四層 見其他登記事項 見其他登記事項
RPTOMLMLLHNFFCQ86CA,22,167.11,住商用,鋼筋混凝土造,84年8月30日,三層,一層 二層 三層 騎樓 電梯樓梯間 見其他登記事項
RPXNMLKMLHNFFCQ07CA,,494.49,住宅、樓梯間、停車空間,鋼筋混凝土造,106年11月20日,五層,一層 二層 三層 四層 五層 見其他登記事項 見其他登記事項
RPPOMLKMLHNFFCQ98CA,,275.25,住宅、樓梯間、停車空間,鋼筋混凝土造,106年11月20日,四層,一層 二層 三層 四層 見其他登記事項 見其他登記事項
RPPNMLTKLHNFFEQ17CA,38,108.82,住家用,鋼筋混凝土加強磚造,69年7月12日,二層,一層 二層 電梯樓梯間
RPPNMLNKLHNFFCQ56EA,35,67.70,住家用,鋼筋混凝土加強磚造,72年4月23日,二層,一層 二層 陽台
RPQNMLOKLHNFFEQ96EA,24,161.79,住家用,鋼筋混凝土造,82年9月6日,三層,一層 二層 三層
RPQOMLKMLHNFFCQ09CA,,275.25,住宅、樓梯間、停車空間,鋼筋混凝土造,106年11月20日,四層,一層 二層 三層 四層 見其他登記事項 見其他登記事項
RPUNMLNKLHNFFCQ86CA,2,226.28,住宅、樓梯間,鋼筋混凝土造,104年8月30日,三層,一層 二層 三層 見其他登記事項 見其他登記事項
RPVNMLNKLHNFFCQ96CA,25,166.52,住家用,鋼筋混凝土造,81年11月18日,三層,一層 二層 三層 電梯樓梯間
RPPNMLPJMHNFFBQ09CA,23,91.62,住家用,鋼筋混凝土造,83年12月15日,五層,五層 陽台 花台
RPPNMLPJMHNFFBQ09CA,23,16.33,樓電梯間、停車空間、車道,鋼筋混凝土造,83年12月15日,五層,
RPRNMLSJMHNFFBQ96CA,11,15.06,住家用,鋼筋混凝土造,95年8月28日,八層,三層 陽台
RPRNMLSJMHNFFBQ96CA,11,5.79,共有部分,鋼筋混凝土造,95年8月28日,,
RPRNMLSJMHNFFBQ96CA,11,4.40,共有部分,鋼筋混凝土造,95年8月28日,,
RPQNMLRKLHNFFDQ96CA,,166.88,住家用,鋼筋混凝土造,107年1月25日,三層,一層 二層 三層 陽台
RPQNMLOKLHNFFDQ66CA,22,84.00,集合住宅,鋼筋混凝土造,84年10月4日,五層,五層 陽台
SPRNMLSJMHNFFBQ07CA,11,15.06,住家用,鋼筋混凝土造,95年8月28日,八層,三層 陽台
SPRNMLSJMHNFFBQ07CA,11,5.79,共有部分,鋼筋混凝土造,95年8月28日,,
SPRNMLSJMHNFFBQ07CA,11,4.40,共有部分,鋼筋混凝土造,95年8月28日,,
RPTNMLQKLHNFFDQ17CA,40,55.58,住家用,鋼筋混凝土加強磚造,67年3月1日,一層,一層
RPRNMLLMLHNFFDQ66CA,18,279.24,住家用,鋼筋混凝土造,89年7月21日,二層,一層 二層 陽台 電梯樓梯間
RPQNMLTLLHNFFDQ37DA,,268.42,店舖、住宅,鋼筋混凝土造,106年12月28日,四層,一層 二層 三層 四層 陽台 騎樓
RPQNMLTKLHNFFDQ27DA,13,15.37,見其他登記事項,鋼筋混凝土造,94年8月15日,五層,四層
RPQNMLTKLHNFFDQ27DA,13,6.84,見其他登記事項,鋼筋混凝土造,94年8月15日,五層,
RPPNMLPKLHNFFCQ66DA,25,85.07,住家用,鋼筋混凝土造,81年11月30日,五層,一層 平台
RPQNMLMLLHNFFEQ66CA,26,150.09,住家用,鋼筋混凝土造,81年2月18日,三層,一層 二層 三層 陽台 電梯樓梯間
RPQNMLOKLHNFFBQ56DA,2,191.76,門廊、住宅,鋼筋混凝土造,105年8月4日,三層,一層 二層 三層 陽台
RPRNMLTLLHNFFDQ47DA,,266.52,店舖、住宅,鋼筋混凝土造,106年12月28日,四層,一層 二層 三層 四層 陽台 騎樓
RPPNMLKLLHNFFEQ98CA,36,133.00,住商用,鋼筋混凝土加強磚造,71年1月15日,三層,一層 二層 三層 騎樓 電梯樓梯間
RPTNMLLMLHNFFEQ96CA,3,174.72,店舖、住宅,鋼筋混凝土造,103年12月22日,四層,一層 二層 三層 四層 陽台
RPPNMLSKLHNFFDQ96CA,2,155.77,住家用,鋼筋混凝土,105年2月19日,三層,一層 二層 三層 陽台 見其他登記事項
RPSNMLTLLHNFFDQ57DA,,255.72,店舖、住宅,鋼筋混凝土造,106年12月28日,四層,一層 二層 三層 四層 陽台 騎樓
RPSNMLQKLHNFFDQ07CA,42,49.87,住家用,磚造,64年12月31日,一層,一層 騎樓
RPTNMLLKMHNFFCQ66CA,,103.95,住宅、樓梯間,鋼筋混凝土造,106年11月17日,三層,一層 二層 三層 見其他登記事項 見其他登記事項
RPTNMLLKMHNFFCQ66CA,,103.95,住宅、樓梯間,鋼筋混凝土造,106年11月17日,三層,一層 二層 三層 見其他登記事項 見其他登記事項
RPRNMLRKLHNFFDQ07CA,,164.79,住家用,鋼筋混凝土造,107年1月25日,三層,一層 二層 三層 陽台
RPUNMLLKMHNFFCQ76CA,,207.90,住宅、樓梯間,鋼筋混凝土造,106年11月17日,三層,一層 二層 三層 見其他登記事項 見其他登記事項
RPXNMLLKMHNFFCQ07CA,,203.23,住宅、樓梯間,鋼筋混凝土造,106年11月17日,三層,一層 二層 三層 見其他登記事項 見其他登記事項
RPRNMLRKLHNFFCQ96CA,,174.89,住宅、梯間,鋼筋混凝土造,106年10月20日,三層,一層 二層 三層 見其他登記事項 見其他登記事項
RPWNMLLKMHNFFCQ96CA,,211.21,住宅、樓梯間,鋼筋混凝土造,106年11月17日,三層,一層 二層 三層 見其他登記事項 見其他登記事項
RPUNMLQKLHNFFCQ17CA,17,226.87,住宅、通廊,鋼筋混凝土造,89年11月7日,二層,一層 二層 電梯樓梯間
RPUNMLQLLHNFFCQ27CA,24,163.05,住家用,鋼筋混凝土造,82年8月9日,三層,一層 二層 三層 電梯樓梯間 見其他登記事項
RPPNMLTKLHNFFCQ96CA,36,222.69,住商用,鋼筋混凝土造,71年3月25日,三層,一層 二層 三層 騎樓 電梯樓梯間
RPQNMLRKLHNFFCQ86CA,42,130.58,住家用,鋼筋混凝土加強磚造,64年8月26日,二層,一層 二層
RPPNMLOJMHNFFCQ09CA,24,74.48,集合住宅,鋼筋混凝土造,83年8月8日,十一層,九層 陽台
RPPNMLOJMHNFFCQ09CA,24,15.71,共有部分,鋼筋混凝土造,83年8月8日,十一層,
RPPNMLOJMHNFFCQ09CA,24,19.30,共有部分,鋼筋混凝土造,83年8月8日,十一層,
RPUOMLMLLHNFFCQ96CA,36,101.71,住家用,鋼筋混凝土加強磚造,70年10月15日,二層,一層 二層 陽台
RPPNMLKLLHNFFDQ88CA,35,127.34,住商用,鋼筋混凝土加強磚造,71年9月29日,二層,一層 二層 騎樓 電梯樓梯間
RPRNMLPKLHNFFCQ96EA,40,57.03,住家用,磚造,66年10月1日,一層,一層
RPPNMLQKLHNFFEQ07EA,24,164.56,住家用,鋼筋混凝土加強磚造,82年12月3日,三層,一層 二層 三層 電梯樓梯間 夾層
RPQNMLLMLHNFFDQ56CA,38,87.92,住商用,鋼筋混凝土加強磚造,68年9月29日,二層,一層 二層 電梯樓梯間 夾層
RPSNMLQKLHNFFCQ07DA,25,242.10,住家用,鋼筋混凝土造,82年8月4日,四層,一層 二層 三層 四層 電梯樓梯間 見其他登記事項
RPSNMLQLLHNFFEQ27CA,21,273.71,住家用,鋼筋混凝土造,85年10月4日,四層,一層 二層 三層 四層 陽台 露台 花台 地下層
RPPNMLOLLHNFFEQ76CA,36,125.38,住家用,鋼筋混凝土加強磚造,70年8月19日,二層,一層 二層 電梯樓梯間
RPTNMLLLLHNFFDQ76CA,39,98.70,住家用,加強磚造,68年3月27日,二層,一層 二層 陽台
RPOOMLLKMHNFFCQ88CA,,203.23,住宅、樓梯間,鋼筋混凝土造,106年11月17日,三層,一層 二層 三層 見其他登記事項 見其他登記事項
RPPOMLLKMHNFFCQ98CA,,212.97,住宅、樓梯間,鋼筋混凝土造,106年11月17日,三層,一層 二層 三層 見其他登記事項 見其他登記事項
RPRNMLNLLHNFFBQ56CA,31,135.13,住家用,鋼筋混凝土加強磚造,75年12月4日,二層,一層 二層 陽台 電梯樓梯間
RPWNMLRLLHNFFCQ57CA,28,201.05,住家用,鋼筋混凝土造,78年10月14日,三層,一層 二層 三層 騎樓
RPSNMLLLLHNFFCQ56CA,37,110.06,住商用,鋼筋混凝土加強磚造,70年2月24日,二層,一層 二層 電梯樓梯間
RPSNMLLLLHNFFDQ66CA,39,102.23,住家用,加強磚造,68年3月27日,二層,一層 二層 陽台
RPPNMLTLLHNFFDQ17CA,26,150.42,住家用,鋼筋混凝土造,81年7月4日,三層,一層 二層 三層 陽台
RPROMLTLLHNFFDQ47CA,,174.63,住家用,鋼筋混凝土造,107年1月25日,三層,一層 二層 三層 陽台
RPQNMLKLLHNFFDQ98CA,2,147.76,店鋪、住宅,鋼筋混凝土造,105年7月26日,四層,一層 二層 三層 四層 陽台
RPWNMLTLLHNFFDQ87CA,35,97.00,住家用,鋼筋混凝土加強磚造,71年9月10日,二層,一層 二層 電梯樓梯間
RPPNMLLLLHNFFCQ98DA,23,65.31,見其他登記事項,鋼筋混凝土造,84年5月29日,四層,一層
RPQNMLLLLHNFFCQ56EA,38,100.40,住家用,鋼筋混凝土加強磚造,69年3月31日,二層,一層 二層 電梯樓梯間
RPVNMLKMLHNFFCQ86CA,21,91.78,集合住宅,鋼筋混凝土造,85年12月20日,十一層,六層 陽台
RPVNMLKMLHNFFCQ86CA,21,.73,共有部分,鋼筋混凝土造,85年12月20日,十一層,
RPVNMLKMLHNFFCQ86CA,21,20.15,共有部分,鋼筋混凝土造,85年12月20日,十一層,
RPVNMLKMLHNFFCQ86CA,21,11.28,共有部分,鋼筋混凝土造,85年12月20日,十一層,
RPXNMLLLLHNFFDQ17CA,25,147.90,住家用,鋼筋混凝土造,81年10月13日,三層,一層 二層 三層 電梯樓梯間
RPRNMLOJMHNFFCQ66CA,16,125.47,住家用,鋼筋混凝土造,91年1月14日,三層,一層 二層 三層 見其他登記事項
RPPNMLNLLHNFFCQ09CA,24,184.60,住家用,RC造（RC磚材料）,83年1月7日,三層,一層 二層 三層 電梯樓梯間 見其他登記事項
RPPNMLNLLHNFFDQ56CA,21,88.59,私設騎樓、店舖、集合住宅,鋼筋混凝土造,85年10月11日,五層,一層 二層 陽台 騎樓
RPPNMLNLLHNFFDQ56CA,21,31.21,警衛室、一樓停車空間、法定停車場,鋼筋混凝土造,85年10月11日,五層,
RPPNMLNLLHNFFDQ56CA,21,4.49,樓梯間,鋼筋混凝土造,85年10月11日,五層,
RPPNMLOLLHNFFCQ56CA,,230.89,住宅、停車空間,鋼筋混凝土造,106年9月18日,四層,一層 二層 三層 四層 見其他登記事項
RPPNMLOLLHNFFBQ09CA,23,163.48,住商用,鋼骨鋼筋混凝土造,84年4月28日,四層,一層 二層 三層 四層 陽台
RPPOMLMLLHNFFCQ09CA,25,129.32,住家用,鋼筋混凝土造,82年2月24日,三層,一層 二層 三層 電梯樓梯間
RPQOMLMLLHNFFCQ56CA,26,139.11,住家用,鋼筋混凝土造,80年10月1日,三層,一層 二層 三層
RPPNMLLLLHNFFBQ78CA,9,270.63,住家用,鋼筋混凝土造,97年9月15日,三層,一層 二層 三層 陽台
RPTNMLTLLHNFFDQ67DA,,241.66,店舖、住宅,鋼筋混凝土造,106年12月28日,四層,一層 二層 三層 四層 陽台 騎樓
RPVNMLTLLHNFFDQ87DA,,241.66,店舖、住宅,鋼筋混凝土造,106年12月28日,四層,一層 二層 三層 四層 陽台 騎樓
RPQNMLTKMHNFFDQ27CA,40,78.46,住家用,鋼筋混凝土加強磚造,67年7月14日,二層,一層 二層
RPTNMLNJMHNFFDQ86CA,37,66.81,住家用,鋼筋混凝土加強磚造,70年7月10日,一層,一層
RPPNMLQKMHNFFDQ86CA,27,180.20,住商用,鋼筋混凝土造,79年11月17日,三層,一層 二層 三層 見其他登記事項
RPPNMLQLLHNFFDQ86CA,7,206.94,住商用,鋼筋混凝土造,99年12月28日,四層,一層 二層 三層 四層 陽台
RPPNMLRLLHNFFDQ96CA,2,221.09,住宅、樓梯間,鋼筋混凝土造,104年11月30日,三層,一層 二層 三層 陽台 見其他登記事項
RPQNMLNLLHNFFDQ66CA,37,127.28,住家用,鋼筋混凝土加強磚造,69年12月16日,三層,一層 二層 三層
RPSNMLQLLHNFFCQ07CA,35,61.08,集合住宅,鋼筋混凝土造,72年2月4日,三層,二層 陽台
RPSNMLQLLHNFFCQ07CA,35,7.52,共有部分,鋼筋混凝土造,72年2月4日,三層,
RPSNMLQLLHNFFCQ07CA,35,1.11,共有部分,鋼筋混凝土造,72年2月4日,三層,
RPTNMLQLLHNFFCQ17CA,35,44.29,集合住宅,鋼筋混凝土造,72年2月4日,三層,二層 陽台
RPTNMLQLLHNFFCQ17CA,35,5.45,共有部分,鋼筋混凝土造,72年2月4日,三層,
RPTNMLQLLHNFFCQ17CA,35,.81,共有部分,鋼筋混凝土造,72年2月4日,三層,
RPROMLKMLHNFFCQ56CA,,274.93,住宅、樓梯間、停車空間,鋼筋混凝土造,106年11月20日,四層,一層 二層 三層 四層 見其他登記事項 見其他登記事項
RPSOMLKMLHNFFCQ66CA,,274.93,住宅、樓梯間、停車空間,鋼筋混凝土造,106年11月20日,四層,一層 二層 三層 四層 見其他登記事項 見其他登記事項
RPTNMLLMLHNFFCQ76CA,24,159.37,客廳．住房,鋼筋混凝土造,82年10月28日,四層,一層 二層 三層 四層 見其他登記事項
RPQNMLOLLHNFFDQ76CA,22,123.18,住家用,鋼筋混凝土造,84年9月21日,三層,一層 二層 三層 陽台 電梯樓梯間
RPWNMLSLLHNFFDQ77CA,18,106.71,農舍,鋼鐵造,89年4月14日,一層,一層
RPSNMLLMLHNFFCQ66CA,41,105.65,住家用,鋼筋混凝土加強磚造,66年2月15日,二層,一層 二層 騎樓
RPTOMLTLLHNFFDQ67CA,22,168.83,健身房、住房,鋼筋混凝土造,85年3月22日,四層,一層 二層 三層 四層 陽台 平台
RPXNMLRLLHNFFDQ77CA,22,150.83,健身房、住房,鋼筋混凝土造,85年3月22日,四層,一層 二層 三層 四層 陽台 平台
RPSNMLTLLHNFFBQ27CA,24,139.88,住家用,ＲＣ造磚材料,83年5月9日,三層,一層 二層 三層 陽台 電梯樓梯間
RPPNMLNJMHNFFDQ09CA,24,172.80,住家用,鋼筋混凝土造,82年12月15日,三層,一層 二層 三層
RPQNMLNJMHNFFDQ56CA,4,175.11,停車空間、住宅、樓梯間,鋼筋混凝土造,102年9月9日,三層,一層 二層 三層 陽台 雨遮 見其他登記事項
RPQNMLNLMHNFFDQ76CA,19,163.29,住商用,鋼筋混凝土造,88年6月11日,三層,一層 二層 三層 陽台 電梯樓梯間
RPPNMLSLLHNFFEQ17CA,4,185.20,住家用,鋼筋混凝土造,103年6月4日,四層,一層 二層 三層 四層 陽台
RPUNMLNLMHNFFDQ17CA,35,103.36,住家用,鋼筋混凝土加強磚造,71年7月7日,二層,一層 二層 騎樓 電梯樓梯間
RPPNMLLJMHNFFDQ88CA,25,155.38,住商用,鋼筋混凝土造,82年7月12日,三層,一層 二層 三層 電梯樓梯間
RPOOMLSLLHNFFDQ07CA,41,71.68,住家用,磚造,66年7月1日,一層,一層
RPQNMLNLMHNFFCQ66CA,4,237.85,農舍、梯間,鋼筋混凝土造,103年8月27日,二層,一層 二層 陽台 見其他登記事項
RPTNMLKKMHNFFCQ56CA,42,43.21,住家用,鋼筋混凝土加強磚造,65年3月24日,二層,一層 二層 電梯樓梯間
RPPNMLMJMHNFFCQ09EA,19,332.78,農舍,鋼骨造,87年11月13日,一層,一層
RPQNMLLMLHNFFBQ98CA,39,130.20,住家用,鋼筋混凝土加強磚造,68年1月15日,三層,一層 二層 三層
RPQNMLSLLHNFFEQ47EA,25,38.83,住家用,鋼筋混凝土造,82年4月1日,十八層,十層 陽台
RPQNMLSLLHNFFEQ47EA,25,7.68,梯間,鋼筋混凝土造,82年4月1日,十八層,
RPQNMLSLLHNFFEQ47EA,25,1.75,守衛室．健身房．游泳池．防空避難室兼停車場,鋼筋混凝土造,82年4月1日,,
RPRNMLQKMHNFFDQ07CA,21,182.77,住家用,鋼筋混凝土造,85年10月2日,三層,一層 二層 三層 陽台 電梯樓梯間
RPPNMLKMLHNFFCQ09EA,,155.54,住宅、梯間,鋼筋混凝土造,106年10月20日,三層,一層 二層 三層 見其他登記事項 見其他登記事項
RPRNMLKMLHNFFCQ66EA,,171.64,住宅、梯間,鋼筋混凝土造,106年10月20日,三層,一層 二層 三層 見其他登記事項 見其他登記事項
RPUNMLTJMHNFFBQ37CA,22,116.52,住家用,鋼筋混凝土造,85年8月15日,十四層,十一層 陽台
RPUNMLTJMHNFFBQ37CA,22,41.34,梯間、防空避難室、機械室、水塔牌樓兼停車空間,鋼筋混凝土造,85年8月15日,十四層,
RPPNMLLMLHNFFDQ09CA,24,147.25,住家用,鋼筋混凝土加強磚造,83年4月6日,三層,一層 二層 三層 見其他登記事項
RPSNMLNJMHNFFCQ66CA,1,228.86,住家用,鋼筋混凝土造,105年12月27日,四層,一層 二層 三層 四層 見其他登記事項
RPUOMLTLLHNFFDQ77CA,25,135.60,住家用,鋼筋混凝土造,82年4月19日,三層,一層 二層 三層 陽台
RPWNMLKMLHNFFCQ96CA,,177.16,住家用,鋼筋混凝土造,,三層,一層 二層 三層 電梯樓梯間 見其他登記事項
RPVOMLTLLHNFFDQ87CA,13,19.73,見其他登記事項,鋼筋混凝土造,94年2月4日,五層,一層
RPVOMLTLLHNFFDQ87CA,13,7.22,見其他登記事項,鋼筋混凝土造,94年2月4日,五層,
RPTNMLMKMHNFFCQ76CA,31,101.68,住家用,鋼筋混凝土加強磚造,76年1月26日,二層,一層 二層 騎樓 電梯樓梯間
RPVNMLOLMHNFFCQ27CA,37,100.02,住家用,鋼筋混凝土加強磚造,70年2月10日,二層,一層 二層 騎樓 電梯樓梯間
RPTNMLTLLHNFFCQ47CA,,208.41,住宅、樓梯間,鋼筋混凝土造,106年11月24日,三層,一層 二層 三層 見其他登記事項 見其他登記事項
RPPNMLRLMHNFFCQ96CA,36,121.17,住家用,鋼筋混凝土加強磚造,70年12月17日,二層,一層 二層 陽台 電梯樓梯間
RPTOMLKMLHNFFCQ76CA,35,99.98,住家用,鋼筋混凝土加強磚造,72年3月29日,二層,一層 二層
SPTOMLKMLHNFFCQ86CA,36,99.77,住家用,鋼筋混凝土加強磚造,71年4月16日,二層,一層 二層 陽台
RPRNMLLMLHNFFCQ56CA,38,104.66,住家用,加強磚造,69年1月15日,二層,一層 二層
RPPNMLLMLHNFFCQ98CA,2,169.61,住宅、停車空間、樓梯間,鋼筋混凝土造,105年1月14日,三層,一層 二層 三層 見其他登記事項 見其他登記事項
RPRNMLNJMHNFFBQ09CA,13,17.57,住家用,鋼筋混凝土造,94年1月3日,五層,三層 陽台
RPPNMLLJMHNFFCQ78CA,13,174.98,集合住宅,鋼筋混凝土造,94年6月7日,三層,一層 二層 三層 電梯樓梯間 見其他登記事項
RPSNMLMJMHNFFCQ76EA,26,164.67,住家用,鋼筋混凝土造,81年5月12日,三層,一層 二層 三層 電梯樓梯間
RPUNMLMJMHNFFCQ86DA,35,66.90,住家用,見其他登記事項,71年10月15日,一層,一層
RPVNMLMJMHNFFCQ96DA,23,162.26,住家用,鋼筋混凝土造,84年2月17日,三層,一層 二層 三層 平台 電梯樓梯間 見其他登記事項
RPVNMLRKMHNFFDQ57CA,38,90.10,住家用,鋼筋混凝土加強磚造,68年12月1日,二層,一層 二層
RPQNMLOJMHNFFDQ66CA,50,68.60,住家用,竹磚造,57年6月1日,一層,一層
RPWNMLRKMHNFFDQ67CA,13,180.81,住家用,鋼筋混凝土造,94年1月27日,三層,一層 二層 三層 陽台
RPRNMLOLMHNFFDQ96CA,2,203.73,住家用,鋼筋混凝土,104年12月4日,四層,一層 二層 三層 四層 陽台
RPPNMLNJMHNFFBQ88CA,41,102.00,住家用,鋼筋混凝土加強磚造,66年1月4日,二層,一層 二層 騎樓
RPSNMLTJMHNFFBQ17CA,40,107.89,住家用,鋼筋混凝土加強磚造,67年3月25日,二層,一層 二層 電梯樓梯間
RPVNMLMJMHNFFDQ96CA,40,66.80,,鋼筋混凝土磚造,67年4月20日,二層,一層 二層
RPQNMLRLMHNFFCQ07CA,,71.71,,,,,
RPQNMLRLMHNFFCQ07CA,50,40.70,住家用,木造,57年2月1日,一層,一層
RPQNMLRLMHNFFCQ07CA,50,39.08,住家用,木造,57年2月1日,一層,一層
RPQNMLRLMHNFFCQ07CA,50,44.94,住家用,木造,57年2月1日,一層,一層
RPPNMLOKMHNFFBQ09CA,27,124.09,住商用,鋼筋混凝土造,80年4月18日,三層,一層 二層 三層 騎樓
RPRNMLTJMHNFFBQ07CA,51,49.28,住家用,磚造,56年9月1日,,一層 騎樓
RPTNMLNLMHNFFBQ86CA,31,188.17,住商用,鋼筋混凝土加強磚造,75年10月22日,三層,一層 二層 三層 騎樓 電梯樓梯間
RPRNMLMJMHNFFBQ98CA,35,180.51,住家用,鋼筋混凝土加強磚造,72年9月3日,四層,一層 二層 三層 四層 陽台 騎樓
RPVNMLMJMHNFFBQ76CA,33,120.86,住家用,鋼筋混凝土造,73年12月1日,二層,一層 二層 騎樓 電梯樓梯間
RPQNMLPJMHNFFEQ86CA,20,145.75,住家用,鋼骨造,86年12月30日,一層,一層
RPUOMLTKMHNFFDQ77CA,,156.98,住宅、樓梯間,鋼筋混凝土造,106年12月22日,三層,一層 二層 三層 陽台 見其他登記事項
RPXNMLMKMHNFFDQ27CA,37,66.81,住家用,鋼筋混凝土加強磚造,70年7月25日,一層,一層
RPVNMLMKMHNFFDQ07CA,23,255.92,住家用,鋼筋混凝土造,84年3月13日,三層,一層 二層 三層 見其他登記事項
RPQNMLKKMHNFFBQ88DA,23,107.68,住家用,鋼筋混凝土造,83年12月15日,五層,五層 陽台 花台
RPQNMLKKMHNFFBQ88DA,23,19.55,樓電梯間、停車空間、車道,鋼筋混凝土造,83年12月15日,五層,
RPSNMLTJMHNFFCQ47EA,,174.89,住宅、梯間,鋼筋混凝土造,106年10月20日,三層,一層 二層 三層 見其他登記事項 見其他登記事項
RPTNMLRLMHNFFCQ37CA,25,149.58,停車空間兼臥室住宅,鋼筋混凝土造,81年12月23日,三層,一層 二層 三層 陽台 電梯樓梯間
RPSNMLMJMHNFFBQ09CA,37,101.80,住商用,鋼筋混凝土加強磚造,69年11月11日,二層,一層 二層 騎樓
RPQNMLQKMHNFFBQ76CA,4,54.46,集合住宅,鋼筋混凝土造,103年8月15日,八層,三層 陽台
RPQNMLQKMHNFFBQ76CA,4,44.84,停車空間、機械設備空間、水箱、門廳、管委會使用空間、台電配電室、電信室、樓梯間、水錶室、機械室等１０項。,鋼筋混凝土造,103年8月15日,八層,
RPQNMLKKMHNFFCQ88CA,36,113.50,住家用,鋼筋混凝土加強磚造,70年12月26日,二層,一層 二層 電梯樓梯間
RPPNMLKKMHNFFCQ78CA,21,102.09,住家用,鋼筋混凝土造,85年11月15日,五層,三層 陽台
RPPNMLKKMHNFFCQ78CA,21,9.83,共有部分,鋼筋混凝土造,85年11月15日,五層,
RPPNMLKKMHNFFCQ78CA,21,.52,共有部分,鋼筋混凝土造,85年11月15日,地下二層,
RPSNMLNKMHNFFCQ76CA,2,222.85,住宅、樓梯間,鋼筋混凝土造,105年2月1日,三層,一層 二層 三層 見其他登記事項 見其他登記事項
RPPNMLLJNHNFFCQ09EA,7,170.37,住家用,鋼筋混凝土造,100年3月22日,三層,一層 二層 三層 電梯樓梯間 見其他登記事項
RPRNMLKLMHNFFDQ66DA,38,90.10,住家用,鋼筋混凝土加強磚造,69年3月1日,二層,一層 二層
RPPNMLTJMHNFFBQ86CA,24,139.70,住商用,鋼筋混凝土加強磚造,83年9月9日,四層,一層 二層 三層 四層
RPPNMLTJMHNFFDQ07CA,19,123.88,住家用,鋼筋混凝土造,88年6月11日,三層,一層 二層 三層 陽台 平台
RPWNMLPLMHNFFDQ57CA,22,66.38,集合住宅,鋼筋混凝土造,84年12月27日,五層,五層 陽台
RPWNMLPLMHNFFDQ57CA,22,12.08,樓梯間、停車空間,鋼筋混凝土造,84年12月27日,五層,
RPPNMLKLMHNFFCQ88CA,32,154.94,住商用,鋼筋混凝土造,75年2月21日,四層,一層 二層 三層 四層
RPUNMLKKMHNFFCQ66CA,20,174.06,住商用,鋼筋混凝土造,86年8月16日,三層,一層 二層 三層 電梯樓梯間 見其他登記事項
RPPNMLQKMHNFFBQ66CA,29,118.27,住商用,鋼筋混凝土加強磚造,78年3月23日,二層,一層 二層
RPQNMLTKMHNFFBQ07CA,12,15.06,住家用,鋼筋混凝土造,95年8月28日,八層,七層 陽台
RPQNMLTKMHNFFBQ07CA,12,4.20,共有部分,鋼筋混凝土造,95年8月28日,,
RPQNMLTKMHNFFBQ07CA,12,5.72,共有部分,鋼筋混凝土造,95年8月28日,,
RPQNMLTKMHNFFBQ07CA,12,15.06,住家用,鋼筋混凝土造,95年8月28日,八層,七層 陽台
RPQNMLTKMHNFFBQ07CA,12,4.20,共有部分,鋼筋混凝土造,95年8月28日,,
RPQNMLTKMHNFFBQ07CA,12,5.72,共有部分,鋼筋混凝土造,95年8月28日,,
RPRNMLKKMHNFFBQ98DA,9,448.28,羊舍、倉儲設施、堆肥舍。,鋼骨構造、鋼鐵構造（有牆）。,98年8月12日,一層,一層
RPRNMLQLMHNFFBQ96CA,28,239.04,住商用,鋼筋混凝土造,79年1月6日,七層,地下層
RPRNMLQLMHNFFBQ96CA,28,31.62,共有部分,鋼筋混凝土造,79年1月6日,七層,
RPRNMLQLMHNFFBQ96CA,28,149.62,住家用,鋼筋混凝土造,79年1月6日,七層,二層
RPRNMLQLMHNFFBQ96CA,28,29.36,共有部分,鋼筋混凝土造,79年1月6日,七層,
RPRNMLQLMHNFFBQ96CA,28,146.90,住家用,鋼筋混凝土造,79年1月6日,七層,三層
RPRNMLQLMHNFFBQ96CA,28,29.36,共有部分,鋼筋混凝土造,79年1月6日,七層,
RPRNMLQLMHNFFBQ96CA,28,146.90,住家用,鋼筋混凝土造,79年1月6日,七層,四層
RPRNMLQLMHNFFBQ96CA,28,31.62,共有部分,鋼筋混凝土造,79年1月6日,七層,
RPRNMLQLMHNFFBQ96CA,28,146.90,住家用,鋼筋混凝土造,79年1月6日,七層,五層
RPRNMLQLMHNFFBQ96CA,28,31.62,共有部分,鋼筋混凝土造,79年1月6日,七層,
RPRNMLQLMHNFFBQ96CA,28,146.90,住家用,鋼筋混凝土造,79年1月6日,七層,六層
RPRNMLQLMHNFFBQ96CA,28,31.62,共有部分,鋼筋混凝土造,79年1月6日,七層,
RPRNMLQLMHNFFBQ96CA,28,146.90,住家用,鋼筋混凝土造,79年1月6日,七層,七層
RPRNMLQLMHNFFBQ96CA,28,31.62,共有部分,鋼筋混凝土造,79年1月6日,七層,
RPOOMLKLMHNFFDQ98CA,39,108.00,住家用,鋼筋混凝土加強磚造,68年4月30日,二層,一層 二層 騎樓
RPPOMLLKMHNFFDQ09CA,37,113.36,住家用,鋼筋混凝土加強磚造,70年3月28日,二層,一層 二層
RPRNMLKLMHNFFBQ98CA,34,162.49,店舖、住宅,鋼筋混凝土造,73年3月23日,三層,一層 二層 三層 陽台 屋頂突出物
RPPNMLKMMHNFFEQ56CA,25,37.23,住家用,鋼筋混凝土造,82年4月1日,十八層,七層 陽台
RPPNMLKMMHNFFEQ56CA,25,1.75,守衛室．健身房．游泳池．防空避難室兼停車場,鋼筋混凝土造,82年4月1日,,
RPPNMLKMMHNFFEQ56CA,25,7.31,梯間,鋼筋混凝土造,82年4月1日,十八層,
RPQOMLLKMHNFFDQ56CA,41,116.94,住商用,鋼筋混凝土加強磚造,66年8月25日,二層,
RPSNMLKKMHNFFBQ98CA,33,51.62,住家用,鋼筋混凝土加強磚造,73年9月29日,二層,一層 二層
RPPNMLLKMHNFFBQ78CA,27,204.57,住家用,鋼筋混凝土造,79年12月29日,三層,一層 二層 三層 電梯樓梯間
RPPOMLRJNHNFFDQ07CA,10,180.73,見其他登記事項,鋼筋混凝土造,96年12月6日,四層,一層 二層 三層 四層
RPPNMLTLMHNFFBQ07CA,36,71.85,住商用,鋼筋混凝土加強磚造,71年7月24日,三層,一層 二層 三層 騎樓 電梯樓梯間
RPPNMLTLMHNFFBQ07CA,36,71.85,住商用,鋼筋混凝土加強磚造,71年7月24日,三層,一層 二層 三層 騎樓 電梯樓梯間
RPSNMLLKMHNFFCQ56CA,36,89.64,住家用,鋼筋混凝土造,71年6月22日,二層,一層 二層 電梯樓梯間
RPPNMLQKMHNFFCQ76CA,14,79.32,集合住宅,鋼筋混凝土造,93年9月6日,三層,一層 二層 三層 電梯樓梯間 見其他登記事項
RPPNMLTKMHNFFDQ17CA,1,16.41,本共有之項目有公共服務空間、管委會使用空間、防災中心、大廳、迴廊、頂蓋型開放空間、車道、機車停車空間、台電配電室﹝一﹞﹝二﹞﹝三﹞、排風機房、守衛室、垃圾儲藏室、垃圾車暫停區、緊急發電機室、泳池機房、泳池水箱、公共水箱、雨水蓄留機房、儲藏室、消防泵浦、汙水機房、採光井﹝上方投影﹞、電信室、地下一層車位﹝２３１、２３２﹞等２６項　,鋼筋混凝土造,106年4月21日,十六層,
RPPNMLTKMHNFFDQ17CA,1,29.17,本共有之項目有梯廳、梯廳兼排煙室、排煙室、Ｂ棟水箱、水錶室、電錶室、垃圾暫存、樓梯間、電梯機房、水箱、消防水箱等１１項。,鋼筋混凝土造,106年4月21日,十六層,
RPPNMLTKMHNFFDQ17CA,1,59.73,本共有之項目有車道、防空避難室兼停車空間、停車空間等３項,鋼筋混凝土造,106年4月21日,十六層,
RPPNMLTKMHNFFDQ17CA,1,101.14,,鋼筋混凝土造,106年4月21日,十六層,二層 陽台
RPRNMLSLMHNFFCQ27CA,37,93.18,住家用,鋼筋混凝土加強磚造,70年4月10日,二層,一層 二層 電梯樓梯間
RPPNMLOKMHNFFEQ76CA,40,113.90,住家用,鋼筋混凝土加強磚造,67年7月15日,二層,一層 二層
RPSNMLLJNHNFFDQ66CA,3,138.60,住宅、梯間,鋼筋混凝土,104年9月10日,三層,一層 二層 三層 陽台 見其他登記事項
RPPNMLMKMHNFFDQ56DA,24,164.77,住家用,鋼筋混凝土造,82年9月25日,三層,一層 二層 三層 見其他登記事項
RPQNMLQKMHNFFCQ96DA,37,103.31,住家用,鋼筋混凝土加強磚造,70年2月10日,二層,一層 二層 電梯樓梯間
RPSOMLTKMHNFFDQ57CA,1,170.99,住家用,鋼筋混凝土造,106年5月16日,三層,一層 二層 三層 陽台 見其他登記事項
RPTNMLQKMHNFFCQ27DA,35,88.44,住家用,鋼筋混凝土加強磚造,72年4月23日,二層,一層 二層 陽台
RPRNMLSKMHNFFCQ17CA,38,110.20,住家用,鋼筋混凝土加強磚造,68年10月20日,二層,一層 二層
RPVNMLRLMHNFFDQ67CA,21,86.15,住家用,鋼筋混凝土造,86年5月24日,五層,二層 陽台
RPVNMLRLMHNFFDQ67CA,21,14.80,電梯、水箱、機械房、梯間,鋼筋混凝土造,86年5月24日,五層,
RPVNMLRLMHNFFDQ67CA,21,27.28,公共設施、防空避難室、停車空間,鋼筋混凝土造,86年5月24日,五層,
RPTNMLNKMHNFFBQ76CA,11,516.78,車庫、店舖、集合住宅,鋼筋混凝土造,96年9月10日,五層,一層 二層 三層 四層 五層 地下一層 見其他登記事項
RPSNMLNJNHNFFDQ86CA,1,208.68,住家用,鋼筋混凝土造,105年10月14日,四層,一層 二層 三層 四層 陽台
RPVNMLLJNHNFFDQ96CA,37,116.74,住家用,鋼筋混凝土加強磚造,70年5月10日,二層,一層 二層 電梯樓梯間
RPRNMLQKMHNFFCQ17EA,13,162.70,住家用,鋼筋混凝土造,94年6月23日,三層,一層 二層 三層 電梯樓梯間 見其他登記事項
RPUNMLQKMHNFFCQ47EA,19,174.33,住家用,鋼筋混凝土造,88年5月26日,四層,一層 二層 三層 四層 見其他登記事項
RPPNMLRJNHNFFDQ07DA,37,136.41,住家用,鋼筋混凝土加強磚造,70年6月20日,二層,一層 二層 陽台 平台 電梯樓梯間
RPPNMLQKMHNFFEQ17EA,23,125.18,住家用,鋼筋混凝土造,84年7月5日,三層,一層 二層 三層 陽台 電梯樓梯間
RPTNMLLJNHNFFDQ76CA,24,138.03,住家用,鋼筋混凝土造,83年1月11日,三層,一層 二層 三層 陽台 電梯樓梯間
RPQNMLSLMHNFFDQ27CA,13,7.54,見其他登記事項,鋼筋混凝土造,94年8月15日,五層,
RPQNMLSLMHNFFDQ27CA,13,15.37,見其他登記事項,鋼筋混凝土造,94年8月15日,五層,五層
RPQNMLSLMHNFFDQ27CA,13,7.92,見其他登記事項,鋼筋混凝土造,94年8月15日,五層,
RPQNMLSLMHNFFDQ27CA,13,16.15,見其他登記事項,鋼筋混凝土造,94年8月15日,五層,五層
RPUNMLLJNHNFFDQ86CA,36,66.81,住家用,鋼筋混凝土加強磚造,71年5月15日,一層,一層
RPPNMLSKMHNFFDQ07CA,5,170.48,住家用,鋼筋混凝土造,102年7月31日,四層,一層 二層 三層 四層 陽台
RPPNMLLLMHNFFCQ98CA,12,199.80,住宅、停車空間,鋼筋混凝土造,95年8月23日,四層,一層 二層 三層 四層 見其他登記事項
RPTNMLRKMHNFFDQ37CA,39,90.90,住家用,鋼筋混凝土加強磚造,68年1月15日,二層,一層 二層 騎樓
RPWNMLRLMHNFFCQ67CA,11,164.13,住家用,鋼筋混凝土造,95年10月11日,三層,一層 二層 三層 見其他登記事項
RPRNMLNLMHNFFBQ66CA,7,215.06,住家用,鋼筋混凝土造,100年1月21日,四層,一層 二層 三層 四層 見其他登記事項
RPPNMLRJNHNFFCQ86CA,36,111.87,住家用,鋼筋混凝土加強磚造,70年9月15日,二層,一層 二層 電梯樓梯間
RPPNMLQKNHNFFBQ76CA,12,31.56,住家用,鋼筋混凝土造,94年10月3日,十層,二層
RPPNMLQKNHNFFBQ76CA,12,.21,管理委員會使用空間,鋼筋混凝土造,94年10月3日,十層,
RPPNMLQKNHNFFBQ76CA,12,17.77,機電設備空間、停車空間、樓梯間、走廊、機械室、水塔,鋼筋混凝土造,94年10月3日,十層,
RPPNMLSLMHNFFDQ17CA,13,16.15,見其他登記事項,鋼筋混凝土造,94年8月15日,五層,五層
RPPNMLSLMHNFFDQ17CA,13,7.92,見其他登記事項,鋼筋混凝土造,94年8月15日,五層,
RPPNMLSLMHNFFDQ17CA,13,7.92,見其他登記事項,鋼筋混凝土造,94年8月15日,五層,
RPPNMLSLMHNFFDQ17CA,13,16.15,見其他登記事項,鋼筋混凝土造,94年8月15日,五層,五層
RPSNMLNLMHNFFDQ96CA,12,195.44,住家用,鋼筋混凝土造,94年10月5日,四層,一層 二層 三層 四層 陽台 見其他登記事項
RPUNMLNJNHNFFCQ07DA,35,62.00,集合住宅,鋼筋混凝土造,72年3月12日,五層,五層
RPUNMLNJNHNFFCQ07DA,35,.25,集合住宅,鋼筋混凝土造,72年3月12日,五層,
RPWNMLQKNHNFFDQ77DA,,69.68,住家用,磚造,,一層,一層
RPTNMLLJNHNFFEQ86CA,25,134.23,住家用,鋼筋混凝土造,82年5月18日,四層,一層 二層 三層 四層 電梯樓梯間
RPQNMLQKNHNFFDQ07CA,1,185.83,住家用,鋼筋混凝土造,106年10月18日,三層,一層 二層 三層 陽台 見其他登記事項
RPUNMLKLMHNFFDQ86CA,1,158.68,住家用,鋼筋混凝土造,106年3月16日,三層,一層 二層 三層 陽台 見其他登記事項
RPSNMLKLMHNFFDQ66CA,2,156.85,住家用,鋼筋混凝土,105年2月19日,三層,一層 二層 三層 陽台 見其他登記事項
RPPNMLKLMHNFFBQ78CA,38,143.25,住商用,鋼筋混凝土加強磚造,69年7月17日,三層,一層 二層 三層 騎樓
RPVNMLQLMHNFFBQ37CA,8,272.95,住家用,鋼筋混凝土造,98年11月11日,四層,一層 二層 三層 四層 見其他登記事項
RPVNMLQLMHNFFBQ37CA,8,1.06,管理員室,鋼筋混凝土造,98年11月11日,二層,
RPXNMLNLMHNFFCQ37CA,22,.86,共有部分,鋼筋混凝土造,85年2月9日,五層,
RPXNMLNLMHNFFCQ37CA,22,80.31,集合住宅,鋼筋混凝土造,85年2月9日,五層,五層 陽台
RPXNMLNLMHNFFCQ37CA,22,2.81,共有部分,鋼筋混凝土造,85年2月9日,五層,
RPXNMLNLMHNFFCQ37CA,22,2.82,共有部分,鋼筋混凝土造,85年2月9日,五層,
RPXNMLNLMHNFFCQ37CA,22,2.59,共有部分,鋼筋混凝土造,85年2月9日,五層,
RPSNMLMJNHNFFBQ56CA,3,198.72,住宅、樓梯間,鋼筋混凝土造,104年4月13日,三層,一層 二層 三層 見其他登記事項 見其他登記事項
RPVNMLKLMHNFFCQ86CA,36,96.98,住家用,鋼筋混凝土加強磚造,70年12月29日,二層,一層 二層 陽台
RPTNMLPKNHNFFDQ27CA,,142.48,住家用,鋼筋混凝土造,106年10月18日,三層,一層 二層 三層 陽台
RPQNMLLLMHNFFDQ56CA,25,145.54,住家用,鋼筋混凝土造,82年6月14日,三層,一層 二層 三層 見其他登記事項
RPTNMLKLMHNFFCQ66CA,20,166.62,住房．停車空間,鋼筋混凝土造,86年12月31日,三層,一層 二層 三層 電梯樓梯間 見其他登記事項
RPTNMLNLMHNFFDQ07CA,24,105.09,住家用,木造,83年4月11日,二層,一層 二層 陽台 露台
RPSNMLPKNHNFFDQ17CA,,166.25,住家用,鋼筋混凝土造,106年10月18日,三層,一層 二層 三層 陽台 見其他登記事項
RPTNMLKLMHNFFDQ76CA,1,158.38,住家用,鋼筋混凝土造,106年3月16日,三層,一層 二層 三層 陽台 見其他登記事項
RPUNMLOJNHNFFCQ27EA,23,236.94,住商用,鋼筋混凝土造,84年4月18日,三層,一層 二層 三層 電梯樓梯間 見其他登記事項
RPRNMLQLMHNFFCQ27EA,26,181.68,住商用,鋼筋混凝土造,81年6月30日,三層,一層 二層 三層 電梯樓梯間
RPRNMLPLMHNFFBQ96DA,24,195.12,住家用,鋼筋混凝土造,82年12月13日,四層,一層 二層 三層 四層 電梯樓梯間
RPPNMLQLMHNFFEQ07CA,21,50.80,住家用,鋼筋混凝土加強磚造,86年3月26日,二層,一層 二層 電梯樓梯間
RPPNMLPLMHNFFDQ86CA,24,33.00,集合住宅,鋼筋混凝土造,82年10月6日,九層,三層 陽台
RPPNMLPLMHNFFDQ86CA,24,5.20,避難室、停車場,鋼筋混凝土造,82年10月6日,9,
RPPNMLPLMHNFFDQ86CA,24,1.97,梯間,鋼筋混凝土造,82年10月6日,九層,
RPPNMLPLMHNFFDQ86CA,24,10.70,梯間,鋼筋混凝土造,82年10月6日,九層,
RPOOMLKMMHNFFDQ09CA,37,62.82,住家用,磚造,70年6月5日,一層,一層
RPQNMLNLMHNFFBQ56CA,18,156.85,住家用,鋼筋混凝土造,88年12月21日,三層,一層 二層 三層 陽台
RPWNMLNLMHNFFCQ27CA,37,113.02,住商用,鋼筋混凝土加強磚造,70年2月24日,二層,一層 二層 電梯樓梯間
RPUNMLPLMHNFFBQ17CA,3,1.00,社區管理室,鋼筋混凝土造,104年1月6日,一層,
RPUNMLPLMHNFFBQ17CA,3,294.25,集合住宅,鋼筋混凝土造,104年7月20日,三層,一層 二層 三層 陽台
RPVNMLOLMHNFFBQ17CA,3,420.35,集合住宅,鋼筋混凝土造,104年7月20日,三層,一層 二層 三層 陽台
RPVNMLPLMHNFFBQ27CA,4,38.80,集合住宅,鋼筋混凝土造,103年6月25日,五層,五層 陽台
RPVNMLPLMHNFFBQ27CA,4,11.09,車道、樓梯間、水箱等七項,鋼筋混凝土造,103年6月25日,五層,
RPRNMLKLNHNFFBQ09CA,12,19.19,住家用,鋼筋混凝土造,95年8月28日,八層,三層 陽台
RPRNMLKLNHNFFBQ09CA,12,4.83,共有部分,鋼筋混凝土造,95年8月28日,,
RPRNMLKLNHNFFBQ09CA,12,7.44,共有部分,鋼筋混凝土造,95年8月28日,,
RPQNMLTLMHNFFBQ17CA,35,172.18,住家用,鋼筋混凝土加強磚造,72年5月4日,三層,一層 二層 三層 騎樓 電梯樓梯間
RPRNMLSLMHNFFBQ17CA,29,176.04,住商用,鋼筋混凝土加強磚造,78年7月8日,三層,一層 二層 三層 騎樓 電梯樓梯間
RPSNMLKLNHNFFBQ56CA,12,19.19,住家用,鋼筋混凝土造,95年8月28日,八層,三層 陽台
RPSNMLKLNHNFFBQ56CA,12,4.83,共有部分,鋼筋混凝土造,95年8月28日,,
RPSNMLKLNHNFFBQ56CA,12,7.44,共有部分,鋼筋混凝土造,95年8月28日,,
RPUNMLKLNHNFFBQ76CA,14,185.65,住家用,鋼筋混凝土造,93年6月2日,四層,一層 二層 三層 四層 陽台
RPRNMLOLMHNFFBQ76CA,33,148.15,住家用,鋼筋混凝土加強磚造,73年12月31日,三層,一層 二層 三層 陽台 電梯樓梯間
RPQNMLPLMHNFFBQ76CA,,155.08,店舖、停車空間、住宅、樓梯間,鋼筋混凝土加強磚造,107年2月7日,三層,一層 二層 三層 陽台 見其他登記事項
RPTNMLOLMHNFFCQ07CA,,215.06,住宅、樓梯間,鋼筋混凝土造,106年11月17日,三層,一層 二層 三層 見其他登記事項 見其他登記事項
RPSNMLOLMHNFFCQ96CA,16,125.47,住家用,鋼筋混凝土造,91年1月14日,三層,一層 二層 三層 見其他登記事項
RPSNMLMJNHNFFCQ66CA,,278.24,住宅、樓梯間、停車空間,鋼筋混凝土造,106年11月20日,四層,一層 二層 三層 四層 見其他登記事項 見其他登記事項
RPPNMLQLMHNFFCQ86CA,36,116.25,住家用,加強磚造,71年7月1日,二層,一層 二層
RPQNMLMJNHNFFDQ56CA,22,66.50,集合住宅,鋼筋混凝土造,84年12月27日,五層,二層 陽台
RPQNMLMJNHNFFDQ56CA,22,12.08,樓梯間、停車空間,鋼筋混凝土造,84年12月27日,五層,
RPQNMLQLMHNFFDQ07CA,3,157.08,住家用,鋼筋混凝土,104年9月10日,三層,一層 二層 三層 陽台
RPPNMLKKNHNFFDQ98CA,13,16.15,見其他登記事項,鋼筋混凝土造,94年8月15日,五層,三層
RPPNMLKKNHNFFDQ98CA,13,7.19,見其他登記事項,鋼筋混凝土造,94年8月15日,五層,
RPWNMLOLMHNFFCQ57EA,25,105.07,國民住宅,鋼筋混凝土造,82年2月17日,五層,四層 陽台
RPWNMLOLMHNFFCQ57EA,25,9.59,共有部分,鋼筋混凝土造,82年2月17日,五層,
RPUNMLOLMHNFFCQ37EA,36,121.41,住商用,鋼筋混凝土加強磚造,70年11月10日,二層,一層 二層 騎樓 電梯樓梯間
RPRNMLNKNHNFFCQ76CA,12,228.34,停車空間、集合住宅,鋼筋混凝土造,95年8月23日,四層,一層 二層 三層 四層 見其他登記事項
RPVNMLPLMHNFFCQ37CA,,208.05,店舖、停車空間、住宅,鋼筋混凝土造,106年11月24日,四層,一層 二層 三層 四層 見其他登記事項
RPPNMLTLMHNFFCQ17CA,,208.70,住家用,鋼筋混凝土造,106年9月26日,四層,一層 二層 三層 四層 見其他登記事項
RPQNMLTLMHNFFCQ27CA,,208.70,住家用,鋼筋混凝土造,106年9月26日,四層,一層 二層 三層 四層 見其他登記事項
RPRNMLTLMHNFFCQ37CA,,211.84,住家用,鋼筋混凝土造,106年9月26日,四層,一層 二層 三層 四層 見其他登記事項
RPSNMLPLMHNFFBQ96CA,37,156.80,住家用,見其他登記事項,70年3月15日,三層,一層 二層 三層
RPQNMLSLMHNFFBQ07CA,46,46.42,住家用,ＲＣ磚木造,61年2月15日,二層,一層 二層 騎樓
RPPNMLSLMHNFFBQ96CA,38,109.40,住商用,鋼筋混凝土加強磚造,69年5月21日,二層,一層 二層 騎樓
RPRNMLPJNHNFFBQ76CA,12,19.19,住家用,鋼筋混凝土造,95年8月28日,八層,七層 陽台
RPRNMLPJNHNFFBQ76CA,12,7.43,共有部分,鋼筋混凝土造,95年8月28日,,
RPRNMLPJNHNFFBQ76CA,12,4.60,共有部分,鋼筋混凝土造,95年8月28日,,
RPPNMLQJNHNFFBQ66CA,12,19.19,住家用,鋼筋混凝土造,95年8月28日,八層,七層 陽台
RPPNMLQJNHNFFBQ66CA,12,4.60,共有部分,鋼筋混凝土造,95年8月28日,,
RPPNMLQJNHNFFBQ66CA,12,7.43,共有部分,鋼筋混凝土造,95年8月28日,,
RPQNMLOJNHNFFCQ66CA,35,76.65,國民住宅,鋼筋混凝土造,72年3月12日,五層,二層
RPSOMLRKNHNFFCQ37CA,24,92.92,集合住宅,鋼筋混凝土造,83年8月8日,十一層,八層 陽台
RPSOMLRKNHNFFCQ37CA,24,15.71,共有部分,鋼筋混凝土造,83年8月8日,十一層,
RPSOMLRKNHNFFCQ37CA,24,19.30,共有部分,鋼筋混凝土造,83年8月8日,十一層,
RPSNMLNKNHNFFCQ86CA,24,82.41,集合住宅,鋼筋混凝土造,83年8月10日,七層,七層 陽台 花台
RPSNMLNKNHNFFCQ86CA,24,29.16,共有部分,鋼筋混凝土造,83年8月10日,七層,
RPSNMLNKNHNFFCQ86CA,24,13.25,共有部分,鋼筋混凝土造,83年8月10日,七層,
RPQNMLQLMHNFFBQ96DA,31,130.08,住家用,鋼筋混凝土加強磚造,76年9月20日,三層,一層 二層 三層
RPTNMLSLMHNFFDQ57CA,22,237.64,住家用,鋼筋混凝土加強磚造,84年10月19日,二層,一層 二層
RPQNMLLJNHNFFCQ09DA,38,245.11,住商用,鋼筋混凝土加強磚造,69年8月5日,三層,一層 二層 三層 騎樓 電梯樓梯間
RPVNMLKMMHNFFDQ17DA,,202.26,住家用,鋼筋混凝土造,106年10月26日,三層,一層 二層 三層 陽台 見其他登記事項
RPUNMLRLMHNFFDQ57CA,,102.06,住商用,鋼筋混凝土造,,三層,一層 二層 三層
RPUNMLMJNHNFFDQ96CA,8,192.68,店舖、住宅、樓梯間,鋼筋混凝土造,99年3月24日,三層,一層 二層 三層 陽台 見其他登記事項
RPQNMLKLNHNFFCQ09CA,26,164.67,住家用,鋼筋混凝土造,81年5月12日,三層,一層 二層 三層 電梯樓梯間
RPRNMLKMMHNFFBQ09CA,13,17.44,住家用,鋼筋混凝土造,94年1月3日,五層,二層 陽台
RPRNMLKMMHNFFBQ09CA,13,2.62,走廊,鋼筋混凝土造,94年1月3日,五層,
RPRNMLKMMHNFFBQ09CA,13,1.72,梯廳、樓電梯室、消防泵浦、電信室、梯間,鋼筋混凝土造,94年1月3日,五層,
RPQNMLSLMHNFFCQ17CA,24,92.92,集合住宅,鋼筋混凝土造,83年8月8日,十一層,八層 陽台
RPQNMLSLMHNFFCQ17CA,24,15.71,共有部分,鋼筋混凝土造,83年8月8日,十一層,
RPQNMLSLMHNFFCQ17CA,24,19.30,共有部分,鋼筋混凝土造,83年8月8日,十一層,
RPQNMLKMMHNFFBQ98CA,13,17.44,住家用,鋼筋混凝土造,94年1月3日,五層,二層 陽台
RPQNMLKMMHNFFBQ98CA,13,2.62,走廊,鋼筋混凝土造,94年1月3日,五層,
RPQNMLKMMHNFFBQ98CA,13,1.72,梯廳、樓電梯室、消防泵浦、電信室、梯間,鋼筋混凝土造,94年1月3日,五層,
RPTNMLRLMHNFFBQ27CA,51,118.44,住家用,鋼筋混凝土加強磚造,56年5月10日,二層,一層 二層 騎樓
RPUNMLTJNHNFFCQ57CA,1,163.50,住家用,鋼筋混凝土造,106年8月29日,三層,一層 二層 三層 見其他登記事項
RPQNMLSKNHNFFDQ27CA,,200.56,住家用,鋼筋混凝土造,106年10月18日,三層,一層 二層 三層 陽台 見其他登記事項
RPQNMLNKNHNFFCQ66CA,41,95.00,住家用,鋼筋混凝土加強磚造,66年1月15日,二層,一層 二層 騎樓
RPRNMLOKNHNFFCQ86CA,25,124.08,住商用,鋼筋混凝土造,82年9月29日,三層,一層 二層 三層 電梯樓梯間
RPTNMLKMMHNFFDQ96DA,,202.26,住家用,鋼筋混凝土造,106年10月26日,三層,一層 二層 三層 陽台 見其他登記事項
RPUNMLNKNHNFFCQ07CA,14,106.94,集合住宅,鋼筋混凝土造,93年7月15日,四層,一層
RPUNMLNKNHNFFCQ07CA,14,52.80,集合住宅,鋼筋混凝土造,93年7月15日,四層,一層
RPUNMLNKNHNFFCQ07CA,14,22.50,室內停車空間、樓梯,鋼筋混凝土造,93年7月15日,四層,
RPUNMLNKNHNFFCQ07CA,14,45.59,室內停車空間、樓梯,鋼筋混凝土造,93年7月15日,四層,
RPUNMLNKNHNFFCQ07CA,14,45.59,室內停車空間、樓梯,鋼筋混凝土造,93年7月15日,四層,
RPUNMLNKNHNFFCQ07CA,14,106.94,集合住宅,鋼筋混凝土造,93年7月15日,四層,二層
RPUNMLNKNHNFFCQ07CA,14,22.50,室內停車空間、樓梯,鋼筋混凝土造,93年7月15日,四層,
RPUNMLNKNHNFFCQ07CA,14,52.80,集合住宅,鋼筋混凝土造,93年7月15日,四層,二層
RPUNMLNKNHNFFCQ07CA,14,45.59,室內停車空間、樓梯,鋼筋混凝土造,93年7月15日,四層,
RPUNMLNKNHNFFCQ07CA,14,106.94,集合住宅,鋼筋混凝土造,93年7月15日,四層,二層
RPUNMLNKNHNFFCQ07CA,14,45.59,室內停車空間、樓梯,鋼筋混凝土造,93年7月15日,四層,
RPUNMLNKNHNFFCQ07CA,14,106.94,集合住宅,鋼筋混凝土造,93年7月15日,四層,三層
RPUNMLNKNHNFFCQ07CA,14,22.50,室內停車空間、樓梯,鋼筋混凝土造,93年7月15日,四層,
RPUNMLNKNHNFFCQ07CA,14,52.80,集合住宅,鋼筋混凝土造,93年7月15日,四層,三層
RPUNMLNKNHNFFCQ07CA,14,45.59,室內停車空間、樓梯,鋼筋混凝土造,93年7月15日,四層,
RPUNMLNKNHNFFCQ07CA,14,106.94,集合住宅,鋼筋混凝土造,93年7月15日,四層,三層
RPUNMLNKNHNFFCQ07CA,14,45.59,室內停車空間、樓梯,鋼筋混凝土造,93年7月15日,四層,
RPUNMLNKNHNFFCQ07CA,14,106.94,集合住宅,鋼筋混凝土造,93年7月15日,四層,四層
RPUNMLNKNHNFFCQ07CA,14,22.50,室內停車空間、樓梯,鋼筋混凝土造,93年7月15日,四層,
RPUNMLNKNHNFFCQ07CA,14,52.80,集合住宅,鋼筋混凝土造,93年7月15日,四層,四層
RPXNMLRKNHNFFCQ87DA,15,523.25,自用農舍,鋼筋混凝土造,92年5月12日,二層,一層 二層 電梯樓梯間
RPVNMLMJNHNFFDQ17DA,12,167.87,住商用,鋼筋混凝土造,94年12月12日,三層,一層 二層 三層 見其他登記事項
RPRNMLLJNHNFFCQ66EA,34,398.59,住商用,鋼筋混凝土加強磚造,73年3月13日,三層,一層 二層 三層 騎樓 電梯樓梯間
RPSNMLPJNHNFFDQ07CA,21,78.54,住家用,鋼筋混凝土造,86年5月24日,五層,四層 陽台
RPSNMLPJNHNFFDQ07CA,21,14.72,電梯、水箱、機械房、梯間,鋼筋混凝土造,86年5月24日,五層,
RPSNMLPJNHNFFDQ07CA,21,26.10,公共設施、防空避難室、停車空間,鋼筋混凝土造,86年5月24日,五層,
RPROMLLLNHNFFDQ86CA,37,62.82,住家用,磚造,70年6月5日,一層,一層
RPQNMLMKNHNFFDQ66CA,24,209.52,住家用,鋼筋混凝土造,82年11月22日,三層,一層 二層 三層 夾層 見其他登記事項
RPPNMLSLNHNFFEQ37CA,,199.03,住宅,鋼筋混凝土造,107年2月22日,四層,一層 二層 三層 四層 陽台
RPXOMLOKNHNFFDQ67CA,22,210.08,住商用,鋼筋混凝土造,85年3月22日,四層,一層 二層 三層 四層 陽台 電梯樓梯間
RPUNMLQLNHNFFCQ47CA,37,96.98,住家用,鋼筋混凝土加強磚造,70年10月5日,二層,一層 二層 陽台
RPSNMLLJNHNFFCQ56CA,14,192.67,停車空間、集合住宅,鋼筋混凝土造,93年1月30日,三層,一層 二層 三層 見其他登記事項
RPPNMLSKNHNFFEQ27CA,39,78.60,住家用,鋼筋混凝土加強磚造,67年12月22日,二層,一層 二層 騎樓 電梯樓梯間
RPQNMLPKNHNFFBQ76CA,21,86.27,住家用,鋼筋混凝土造,86年1月10日,十層,七層 陽台
RPQNMLPKNHNFFBQ76CA,21,21.65,防空避難室兼停車空間,鋼筋混凝土造,86年1月10日,十層,
RPQNMLPKNHNFFBQ76CA,21,13.66,電、樓梯間,鋼筋混凝土造,86年1月10日,十層,
RPVNMLKLNHNFFBQ86CA,15,18.05,住家用,鋼筋混凝土造,92年8月21日,五層,二層 陽台
RPVNMLKLNHNFFBQ86CA,15,4.74,門廳、走道、梯間,鋼筋混凝土造,92年8月21日,五層,
RPQNMLNJNHNFFCQ56CA,35,61.08,集合住宅,鋼筋混凝土造,72年3月12日,五層,三層
RPQNMLNJNHNFFCQ56CA,35,7.86,共有部分,鋼筋混凝土造,72年3月12日,五層,
TPUOMLOKNHNFFDQ57CA,13,7.19,見其他登記事項,鋼筋混凝土造,94年8月15日,五層,
TPUOMLOKNHNFFDQ57CA,13,16.15,見其他登記事項,鋼筋混凝土造,94年8月15日,五層,三層
RPTNMLNJNHNFFEQ07CA,39,100.32,住家用,鋼筋混凝土加強磚造,68年5月12日,二層,一層 二層 騎樓
RPQNMLLLNHNFFEQ76CA,22,276.24,住宅、停車場,鋼筋混凝土造,85年1月23日,三層,一層 二層 三層 平台 地下層
RPQNMLSLNHNFFEQ47CA,,191.42,住宅,鋼筋混凝土造,107年2月22日,四層,一層 二層 三層 四層 陽台
RPPNMLMKNHNFFDQ56CA,38,109.80,住家用,鋼筋混凝土加強磚造,68年11月15日,二層,一層 二層 電梯樓梯間
RPUOMLOKNHNFFDQ37CA,13,7.19,見其他登記事項,鋼筋混凝土造,94年8月15日,五層,
RPUOMLOKNHNFFDQ37CA,13,16.15,見其他登記事項,鋼筋混凝土造,94年8月15日,五層,三層
SPUOMLOKNHNFFDQ47CA,13,7.19,見其他登記事項,鋼筋混凝土造,94年8月15日,五層,
SPUOMLOKNHNFFDQ47CA,13,16.15,見其他登記事項,鋼筋混凝土造,94年8月15日,五層,三層
UPUOMLOKNHNFFDQ67CA,13,7.19,見其他登記事項,鋼筋混凝土造,94年8月15日,五層,
UPUOMLOKNHNFFDQ67CA,13,16.15,見其他登記事項,鋼筋混凝土造,94年8月15日,五層,三層
VPUOMLOKNHNFFDQ77CA,13,7.19,見其他登記事項,鋼筋混凝土造,94年8月15日,五層,
VPUOMLOKNHNFFDQ77CA,13,16.15,見其他登記事項,鋼筋混凝土造,94年8月15日,五層,三層
RPTNMLMJNHNFFDQ96DA,,202.26,住家用,鋼筋混凝土造,106年10月26日,三層,一層 二層 三層 陽台 見其他登記事項
RPXNMLSKNHNFFDQ97CA,24,68.41,住家用,鋼造,83年9月26日,一層,一層
RPWNMLMJNHNFFDQ17CA,15,154.79,住家用,鋼筋混凝土造,91年11月22日,三層,一層 二層 三層 見其他登記事項
RPVNMLTJNHNFFDQ87DA,,160.86,住家用,鋼筋混凝土造,107年2月21日,三層,一層 二層 三層 陽台 見其他登記事項
RPRNMLMKNHNFFDQ76CA,25,132.57,住家用,鋼筋混凝土造,82年5月18日,三層,一層 二層 三層 見其他登記事項
RPUNMLTJNHNFFDQ77DA,,161.49,住家用,鋼筋混凝土造,107年2月21日,三層,一層 二層 三層 陽台 見其他登記事項
RPPOMLSKNHNFFDQ27CA,,158.42,住宅、樓梯間,鋼筋混凝土造,106年12月22日,三層,一層 二層 三層 陽台 見其他登記事項
RPSNMLOJNHNFFCQ86CA,25,157.32,住家用,鋼筋混凝土造,82年5月20日,四層,一層 二層 三層 四層 陽台 騎樓
RPQNMLTJNHNFFCQ17CA,37,32.27,住家用,磚造,70年3月20日,一層,一層
RPQNMLQJNHNFFBQ76CA,23,70.31,住家用,鋼筋混凝土造,83年11月15日,七層,二層 陽台
RPQNMLQJNHNFFBQ76CA,23,23.12,門廳、車道、樓梯間,鋼筋混凝土造,83年11月15日,七層,
RPRNMLKKNHNFFEQ66CA,32,163.10,住家用,鋼筋混凝土加強磚造,75年5月15日,三層,一層 二層 三層 騎樓 電梯樓梯間
RPTNMLKLNHNFFBQ66CA,24,183.06,住商用,ＲＣ造磚材料,82年12月29日,三層,一層 二層 三層 騎樓 電梯樓梯間
RPRNMLSJNHNFFCQ17CA,5,173.65,住家用,鋼筋混凝土造,102年7月1日,三層,一層 二層 三層 見其他登記事項
RPQNMLKKNHNFFDQ09CA,24,103.23,集合住宅,鋼筋混凝土造,83年8月19日,七層,四層 陽台 花台
RPQNMLKKNHNFFDQ09CA,24,21.52,防空避難室、樓梯間﹝共同使用﹞,鋼筋混凝土造,83年8月19日,七層,
RPQNMLKKNHNFFDQ09CA,24,10.90,停車場（共同使用）,鋼筋混凝土造,83年8月19日,七層,
RPQNMLQKNHNFFEQ17CA,23,43.53,住家用,鋼筋混凝土造,84年2月3日,四層,一層 二層 三層 四層 見其他登記事項
RPQNMLQKNHNFFEQ17CA,23,174.14,住家用,鋼筋混凝土造,84年2月3日,四層,一層 二層 三層 四層 見其他登記事項
RPQNMLQKNHNFFEQ17CA,23,.07,住家用,鋼筋混凝土造,84年2月3日,一層,
RPQNMLQKNHNFFEQ17CA,23,.29,住家用,鋼筋混凝土造,84年2月3日,一層,
RPUNMLMKNHNFFDQ07CA,25,145.45,住家用,鋼筋混凝土造,81年11月26日,三層,一層 二層 三層 見其他登記事項
RPQNMLOJNHNFFDQ76CA,1,158.97,住家用,鋼筋混凝土造,106年3月16日,三層,一層 二層 三層 陽台 見其他登記事項
RPUNMLNLNHNFFDQ27CA,2,178.07,住家用,鋼筋混凝土造,106年10月18日,三層,一層 二層 三層 陽台 見其他登記事項
RPTNMLQKNHNFFDQ37CA,2,189.56,住家用,鋼筋混凝土造,106年10月18日,三層,一層 二層 三層 陽台 見其他登記事項
RPWNMLNLNHNFFDQ47CA,1,175.60,住家用,鋼筋混凝土造,106年10月18日,三層,一層 二層 三層 陽台 見其他登記事項
RPXNMLNLNHNFFDQ57CA,1,178.07,住家用,鋼筋混凝土造,106年10月18日,三層,一層 二層 三層 陽台 見其他登記事項
RPVNMLNLNHNFFDQ37CA,2,178.07,住家用,鋼筋混凝土造,106年10月18日,三層,一層 二層 三層 陽台 見其他登記事項
RPQNMLTJNHNFFEQ57EA,39,99.70,住家用,磚造,68年5月20日,二層,一層 二層
RPOOMLNLNHNFFDQ76CA,2,165.44,住家用,鋼筋混凝土造,106年10月18日,三層,一層 二層 三層 陽台 見其他登記事項
RPRNMLRKNHNFFDQ27CA,,120.47,農舍,鋼筋混凝土造,107年2月5日,二層,一層 二層 陽台
RPQNMLSJNHNFFDQ17CA,23,229.09,住商用,鋼筋混凝土造,84年5月23日,五層,一層 二層 三層 四層 五層 見其他登記事項
RPQNMLTJNHNFFBQ17DA,39,33.67,住家用,鋼筋混凝土加強磚造,68年1月25日,三層,一層 二層 三層
RPRNMLSJNHNFFBQ07CA,42,101.85,住家用,鋼筋混凝土加強磚造,65年6月29日,二層,一層 二層
RPPNMLTJNHNFFCQ07CA,2,301.24,住宅、停車空間,鋼筋混凝土造,105年7月29日,四層,一層 二層 三層 四層 見其他登記事項
RPUNMLSJNHNFFCQ47CA,24,159.37,客廳．住房,鋼筋混凝土造,82年10月28日,四層,一層 二層 三層 四層 見其他登記事項
RPPNMLPLNHNFFEQ07CA,23,118.10,住商用,鋼筋混凝土造,84年5月12日,四層,一層 二層 三層 四層 陽台 平台 露台 花台
RPUNMLKKNHNFFDQ86CA,3,149.32,住宅、停車空間,鋼筋混凝土,104年9月10日,四層,一層 二層 三層 四層 陽台
RPPNMLLLNHNFFDQ56CA,,165.44,住家用,鋼筋混凝土造,106年10月18日,三層,一層 二層 三層 陽台 見其他登記事項
RPQNMLLLNHNFFDQ66CA,,160.08,住家用,鋼筋混凝土造,106年10月18日,三層,一層 二層 三層 陽台 見其他登記事項
RPPPMLOKNHNFFDQ96CA,12,168.00,住商用,鋼筋混凝土造,94年11月14日,四層,一層 二層 三層 四層 陽台
RPQNMLKKNHNFFCQ56EA,1,155.54,住宅、梯間,鋼筋混凝土造,106年10月20日,三層,一層 二層 三層 見其他登記事項 見其他登記事項
RPRNMLOJOHNFFDQ96CA,17,168.73,住家用,鋼筋混凝土造,89年12月4日,四層,一層 二層 三層 四層 見其他登記事項
RPQPMLOKNHNFFDQ07CA,23,96.59,集合住宅,鋼筋混凝土造,84年9月8日,十二層,十層 陽台 花台
RPQPMLOKNHNFFDQ07CA,23,20.40,防空避難室,鋼筋混凝土造,84年9月8日,十二層,
RPQPMLOKNHNFFDQ07CA,23,23.45,梯間,鋼筋混凝土造,84年9月8日,十二層,
RPPNMLPJOHNFFDQ86CA,,41.05,住宅、停車空間,鋼筋混凝土造,106年10月18日,四層,一層
RPPNMLPJOHNFFDQ86CA,,15.98,本共有之項目有樓梯間、機電空間。,鋼筋混凝土造,106年10月18日,四層,
RPPNMLPJOHNFFDQ86CA,,33.36,住宅、停車空間,鋼筋混凝土造,106年10月18日,四層,一層
RPPNMLPJOHNFFDQ86CA,,81.61,住家用,鋼筋混凝土造,106年10月18日,四層,二層 陽台
RPPNMLPJOHNFFDQ86CA,,81.37,住家用,鋼筋混凝土造,106年10月18日,四層,三層 陽台
RPPNMLPJOHNFFDQ86CA,,64.55,住家用,鋼筋混凝土造,106年10月18日,四層,四層 陽台
RPPNMLPJOHNFFDQ86CA,,15.98,本共有之項目有樓梯間、機電空間。,鋼筋混凝土造,106年10月18日,四層,
RPPNMLPJOHNFFDQ86CA,,15.98,本共有之項目有樓梯間、機電空間。,鋼筋混凝土造,106年10月18日,四層,
RPPNMLPJOHNFFDQ86CA,,15.98,本共有之項目有樓梯間、機電空間。,鋼筋混凝土造,106年10月18日,四層,
RPPNMLPJOHNFFDQ86CA,,15.98,本共有之項目有樓梯間、機電空間。,鋼筋混凝土造,106年10月18日,四層,
RPPNMLLLNHNFFEQ66CA,60,103.20,住家用,木造,47年2月10日,一層,一層 騎樓
RPTNMLTJNHNFFBQ47DA,44,64.80,住家用,鋼筋混凝土加強磚造,63年8月20日,二層,一層 二層
RPTNMLTJNHNFFBQ47DA,44,64.02,住家用,鋼筋混凝土加強磚造,63年8月20日,二層,一層 二層
RPTNMLPLNHNFFDQ37CA,36,65.23,住家用,鋼筋混凝土加強磚造,71年2月15日,一層,一層
RPRNMLKKNHNFFCQ09CA,36,162.85,住家用,鋼筋混凝土加強磚造,71年8月12日,二層,一層 二層 騎樓 電梯樓梯間
RPQNMLKKNHNFFBQ88CA,23,269.88,住家用,鋼筋混凝土造,83年10月24日,三層,一層 二層 三層 騎樓 電梯樓梯間
RPTNMLNKNHNFFCQ96CA,25,143.30,住商用,鋼筋混凝土造,82年1月19日,三層,一層 二層 三層 電梯樓梯間
RPSNMLTJNHNFFCQ37CA,37,116.06,住家用,鋼筋混凝土加強磚造,70年5月25日,二層,一層 二層 騎樓 電梯樓梯間
RPTNMLTJNHNFFCQ47CA,37,107.11,住家用,鋼筋混凝土加強磚造,70年2月1日,二層,一層 二層 陽台 電梯樓梯間
RPRNMLKKNHNFFBQ98CA,37,122.94,住商用,加強磚造,70年9月10日,二層,一層 二層
RPTNMLMLNHNFFCQ96CA,38,101.12,住家用,鋼筋混凝土加強磚造,69年3月31日,二層,一層 二層 電梯樓梯間
RPQNMLQLNHNFFCQ07CA,23,161.47,住家用,鋼筋混凝土造,84年8月30日,三層,一層 二層 三層 騎樓 電梯樓梯間 見其他登記事項
RPPNMLLKNHNFFDQ09CA,25,77.76,住家用,鋼筋混凝土造,81年9月29日,三層,一層 二層 三層
RPSNMLSKNHNFFDQ47CA,40,86.84,住家用,鋼筋混凝土加強磚造,67年7月10日,二層,一層 二層
RPWNMLMLNHNFFDQ37CA,41,118.34,住商用,鋼筋混凝土加強磚造,66年8月25日,二層,
RPSNMLLLNHNFFDQ86CA,,163.02,住家用,鋼筋混凝土造,106年10月18日,三層,一層 二層 三層 陽台 見其他登記事項
RPRNMLQKNHNFFCQ17DA,42,51.08,住家用,鋼筋混凝土加強磚造,65年9月20日,二層,一層 二層
RPQNMLLKNHNFFDQ66DA,24,152.88,住家用,鋼筋混凝土造,83年4月1日,三層,一層 二層 三層 陽台 騎樓 電梯樓梯間
RPQNMLOKNHNFFCQ96EA,9,81.26,農舍,加強磚造,98年7月31日,一層,一層
RPTNMLPJOHNFFDQ27CA,2,172.33,店鋪、住宅,鋼筋混凝土,105年6月27日,三層,一層 二層 三層 陽台 見其他登記事項
RPQNMLQLNHNFFEQ27CA,36,79.09,住家用,鋼筋混凝土磚木造,70年10月12日,一層,一層
RPPNMLOKNHNFFDQ76CA,40,89.78,住家用,鋼筋混凝土加強磚造,67年6月28日,二層,一層 二層
RPQNMLQKNHNFFCQ96CA,11,21.15,集合住宅,鋼筋混凝土造,96年6月23日,五層,五層 陽台
RPQNMLQKNHNFFCQ96CA,11,7.03,停車空間、機電設備空間、管理室、梯廳、走廊,鋼筋混凝土造,96年6月23日,五層,
RPPNMLNKNHNFFCQ56CA,28,147.91,住家用,鋼筋混凝土造,79年7月4日,三層,一層 二層 三層
RPPNMLOKNHNFFBQ56CA,30,134.74,國民住宅,ＲＣ造﹙ＲＣ磚材料﹚,77年7月16日,二層,一層 二層 電梯樓梯間
