﻿編號,車位類別,車位價格,車位面積平方公尺,車位所在樓層
Serial number,berth category,berth price,berth area square meter,
RPPNMLQJLHNFFDQ66CA,一樓平面,0,,
RPPNMLQJLHNFFDQ66CA,一樓平面,0,,
RPSNMLSJLHNFFCQ07CA,一樓平面,0,,
RPTOMLTLLHNFFDQ67CA,一樓平面,0,,
RPUNMLTJMHNFFBQ37CA,坡道平面,0,,
RPRNMLOLMHNFFDQ96CA,一樓平面,0,,
RPRNMLOLMHNFFDQ96CA,一樓平面,0,,
RPQNMLQKMHNFFBQ76CA,坡道平面,0,,
RPPNMLTKMHNFFDQ17CA,坡道平面,0,29.87,
RPPNMLTKMHNFFDQ17CA,坡道平面,0,29.86,
RPSOMLRKNHNFFCQ37CA,坡道機械,0,,
RPSNMLNKNHNFFCQ86CA,坡道平面,0,,
