﻿編號,屋齡,建物移轉面積平方公尺,主要用途,主要建材,建築完成日期,總層數,建物分層
The serial number,room age,building shifting area square meter,the main use,main building materials,construction completes the date,total layer,building lamination
RPQNMLRLKHNFFAU07CA,19,.48,住家用,鋼筋混凝土造,87年10月9日,五層,
RPQNMLRLKHNFFAU07CA,19,16.11,共有部份,鋼筋混凝土造,87年10月9日,五層,
RPQNMLRLKHNFFAU07CA,19,96.85,住家用,鋼筋混凝土造,87年10月9日,五層,三層 陽台
RPQNMLRLKHNFFAU07CA,19,31.79,共有部份,鋼筋混凝土造,87年10月9日,五層,
RPQNMLRLKHNFFAU07CA,19,.08,共有部份,鋼筋混凝土造,87年10月9日,五層,
RPQNMLRLKHNFFAU07CA,19,.15,共有部份,鋼筋混凝土造,87年10月9日,五層,
RPQNMLOKKHNFFAU66CA,5,219.85,住家用,鋼筋混凝土造,102年1月30日,四層,一層 二層 三層 四層 陽台 屋頂突出物
RPPNMLLLKHNFFAU98CA,,294.21,住家用,鋼筋混凝土造,106年11月6日,四層,一層 二層 三層 四層 陽台
RPTNMLSJLHNFFAU37CA,22,18.02,住家用,鋼筋混凝土造,84年8月19日,十一層,九層
RPTNMLSJLHNFFAU37CA,22,6.23,共有部份,鋼筋混凝土造,84年8月19日,十一層,
RPRNMLMJLHNFFAU56CA,25,122.61,倉儲,鋼筋混凝土造,81年9月30日,八層,四層 陽台
RPRNMLMJLHNFFAU56CA,25,23.54,共有部份,鋼筋混凝土造,81年9月30日,八層,
RPQOMLNKKHNFFAU66CA,30,26.56,住家用,鋼筋混凝土造,76年11月17日,七層,五層 陽台
RPQOMLNKKHNFFAU66CA,30,6.78,共有部份,鋼筋混凝土造,76年11月17日,七層,
RPQNMLNKKHNFFAU56CA,2,379.37,住家用,鋼筋混凝土造,105年1月15日,四層,一層 二層 三層 四層 陽台 屋頂突出物 見其他登記事項
RPRNMLNKKHNFFAU66CA,30,98.46,住家用,鋼筋混凝土造,77年6月2日,五層,三層 陽台
RPRNMLNKKHNFFAU66CA,30,8.05,共有部份,鋼筋混凝土造,77年6月2日,五層,
RPPNMLLLKHNFFBU66EA,45,106.86,住家用,ＲＣ加強磚造,62年3月16日,二層,一層 二層
RPPNMLOKKHNFFCU76CA,,205.24,住家用,鋼筋混凝土造,106年12月26日,三層,一層 二層 三層 陽台 屋頂突出物
RPRNMLOKKHNFFCU96CA,,206.60,住家用,鋼筋混凝土造,106年12月26日,三層,一層 二層 三層 陽台 屋頂突出物
RPQNMLOKKHNFFCU86CA,36,88.80,住家用,鋼筋混凝土加強磚造,71年3月27日,二層,一層 二層
RPPNMLSJLHNFFBU07CA,10,319.46,住家用,鋼筋混凝土造,97年5月13日,三層,一層 二層 三層 陽台 屋頂突出物 騎樓
RPXNMLSJLHNFFAU77CA,,78.94,住商用,鋼筋混凝土加強磚造,,二層,一層 二層 騎樓
RPSOMLMKLHNFFAU86CA,22,17.77,住家用,鋼筋混凝土造,84年8月19日,十一層,五層 雨遮
RPSOMLMKLHNFFAU86CA,22,5.34,共有部份,鋼筋混凝土造,84年8月19日,十一層,
RPQNMLMLKHNFFBU66CA,25,338.74,住商用,鋼筋混凝土造,81年10月23日,三層,一層 二層 三層 陽台 屋頂突出物 騎樓
RPQNMLLLKHNFFAU09CA,21,26.04,住家用,鋼筋混凝土造,85年9月3日,七層,四層 陽台
RPQNMLLLKHNFFAU09CA,21,11.27,共有部份,鋼筋混凝土造,85年9月3日,七層,
RPTNMLMLKHNFFAU86CA,40,109.36,住家用,鋼筋混凝土加強磚造,66年10月14日,二層,一層 二層
RPWPMLOKKHNFFAU47CA,,507.07,農舍,鋼筋混凝土造,106年12月15日,四層,一層 二層 三層 四層 陽台 屋頂突出物
RPTNMLQLKHNFFAU27CA,37,116.98,住家用,鋼筋混凝土加強磚造,70年3月23日,二層,一層 二層
RPSNMLQLKHNFFAU17CA,31,107.12,住家用,鋼筋混凝土造,75年11月25日,二層,一層 二層 陽台 見其他登記事項
RPOOMLLLKHNFFAU98CA,44,55.55,住家用,鋼筋水泥、木造,63年6月29日,二層,一層 二層
RPUNMLLJLHNFFAU76CA,29,62.04,住家用,鋼筋混凝土造,77年10月12日,五層,五層 陽台
RPUNMLLJLHNFFAU76CA,29,5.04,共有部份,鋼筋混凝土造,77年10月12日,五層,
RPPNMLQLKHNFFCU07CA,,209.68,住家用,鋼筋混凝土造,106年12月26日,三層,一層 二層 三層 陽台 屋頂突出物
RPSNMLQLKHNFFCU37CA,,214.62,住家用,鋼筋混凝土造,106年12月28日,三層,一層 二層 三層 陽台 屋頂突出物
RPQNMLQLKHNFFCU17CA,,211.78,住家用,鋼筋混凝土造,106年12月26日,三層,一層 二層 三層 陽台 屋頂突出物
RPROMLSJLHNFFAU27CA,37,103.06,住家用,鋼筋混凝土加強磚造,69年12月26日,二層,一層 二層 騎樓
RPRNMLQLKHNFFCU27CA,,213.90,住家用,鋼筋混凝土造,106年12月26日,三層,一層 二層 三層 陽台 屋頂突出物
RPUNMLQLKHNFFCU57CA,,208.16,住家用,鋼筋混凝土造,106年12月26日,三層,一層 二層 三層 陽台 屋頂突出物
RPQNMLNLKHNFFCU86CA,22,161.68,住家用,鋼筋混凝土造,84年11月8日,三層,一層 二層 三層 陽台
RPWNMLQLKHNFFAU57CA,22,107.65,住家用,鋼筋混凝土造,85年2月16日,十五層,八層 陽台
RPWNMLQLKHNFFAU57CA,22,28.00,共有部份,鋼筋混凝土造,85年2月16日,十五層,
RPUNMLQLKHNFFAU37CA,32,115.12,住家用,鋼筋混凝土造,75年4月2日,五層,三層 陽台
RPUNMLQLKHNFFAU37CA,32,14.79,共有部份,鋼筋混凝土造,75年4月2日,五層,
RPUNMLQLKHNFFAU37CA,32,7.70,共有部份,鋼筋混凝土造,75年4月2日,五層,
RPTNMLSJLHNFFCU57CA,,209.17,住家用,鋼筋混凝土造,106年12月26日,三層,一層 二層 三層 陽台 屋頂突出物
RPUOMLOKLHNFFAU27CA,1,261.74,住家用,鋼筋混凝土造,106年1月4日,三層,一層 二層 三層 陽台 屋頂突出物 屋簷 見其他登記事項
RPVNMLQLKHNFFAU47CA,22,94.03,住家用,鋼筋混凝土造,85年2月16日,十五層,二層 陽台
RPVNMLQLKHNFFAU47CA,22,25.79,共有部份,鋼筋混凝土造,85年2月16日,十五層,
RPWNMLTJLHNFFAU97EA,4,191.37,農舍,鋼筋混凝土造,102年10月15日,四層,一層 二層 三層 四層 陽台 雨遮
RPVNMLQLKHNFFCU67CA,,211.78,住家用,鋼筋混凝土造,106年12月26日,三層,一層 二層 三層 陽台 屋頂突出物
RPRNMLNLKHNFFCU96CA,32,80.88,住商用,鋼筋混凝土造,75年5月26日,一層,一層 騎樓
RPVNMLQJLHNFFAU37CA,23,110.27,住家用,鋼筋混凝土造,83年10月15日,五層,二層 陽台
RPVNMLQJLHNFFAU37CA,23,19.28,共有部份,鋼筋混凝土造,83年10月15日,五層,
RPUNMLMJLHNFFAU86CA,19,120.96,住家用,鋼筋混凝土造,88年4月14日,五層,三層 陽台 雨遮
RPUNMLMJLHNFFAU86CA,19,8.26,共有部份,鋼筋混凝土造,88年4月14日,五層,
RPUNMLMJLHNFFAU86CA,19,12.91,共有部份,鋼筋混凝土造,88年4月14日,五層,
RPSNMLMJLHNFFAU66CA,37,86.64,住家用,鋼筋混凝土加強磚造,70年6月13日,二層,一層 二層
RPQNMLSJLHNFFAU07CA,22,65.69,住家用,鋼筋混凝土造,84年11月4日,十一層,四層 陽台
RPQNMLSJLHNFFAU07CA,22,10.03,共有部份,鋼筋混凝土造,84年11月4日,十一層,
RPQNMLSJLHNFFAU07CA,22,15.11,共有部份,鋼筋混凝土造,84年11月4日,十層,
RPTNMLLJLHNFFAU66CA,23,41.16,住家用,鋼筋混凝土造,83年7月29日,九層,八層
RPTNMLLJLHNFFAU66CA,23,14.62,共有部份,鋼筋混凝土造,83年7月29日,九層,
RPRNMLPKLHNFFBU07CA,31,125.37,住商用,鋼筋混凝土造,76年5月22日,二層,一層 二層 屋頂突出物 騎樓
RPSNMLRLKHNFFAU27CA,28,81.13,住家用,鋼筋混凝土造,78年11月4日,六層,六層 陽台
RPSNMLRLKHNFFAU27CA,28,20.53,共有部份,鋼筋混凝土造,78年11月4日,六層,
RPRNMLRLKHNFFBU27CA,19,78.67,集合住宅,鋼筋混凝土造,88年7月6日,四層,一層 平台
RPRNMLRLKHNFFBU27CA,19,7.98,樓梯間,鋼筋混凝土造,88年7月6日,,
RPROMLRLKHNFFAU27CA,24,24.35,住家用,鋼筋混凝土造,82年11月29日,五層,三層 陽台
RPROMLRLKHNFFAU27CA,24,5.39,共有部份,鋼筋混凝土造,82年11月29日,五層,
RPXNMLTJLHNFFAU87CA,24,.61,商業用,鋼筋混凝土造,82年12月15日,七層,
RPXNMLTJLHNFFAU87CA,24,14.53,共有部份,鋼筋混凝土造,82年12月15日,七層,
RPXNMLTJLHNFFAU87CA,24,97.26,住家用,鋼筋混凝土造,82年12月15日,六層,六層 陽台
RPXNMLTJLHNFFAU87CA,24,14.66,共有部份,鋼筋混凝土造,82年12月15日,六層,
RPXNMLTJLHNFFAU87CA,24,15.24,共有部份,鋼筋混凝土造,82年12月15日,七層,
RPSOMLTJLHNFFAU47CA,47,88.80,住家用,鋼筋混凝土加強磚造,60年4月17日,二層,一層 二層 騎樓
RPSNMLTKLHNFFAU47CA,9,223.32,農舍,鋼骨鋼筋混凝土造,97年9月10日,三層,一層 二層 三層 陽台
RPSNMLMKLHNFFAU76CA,,67.20,集合住宅,鋼筋混凝土造,106年10月3日,五層,三層 陽台
RPSNMLMKLHNFFAU76CA,,10.97,共有部份,鋼筋混凝土造,106年10月3日,五層,
RPPNMLTKLHNFFAU17CA,16,84.48,倉庫,鋼骨造,91年3月4日,一層,一層
RPVNMLNKLHNFFAU17CA,19,102.98,住家用,鋼筋混凝土造,88年5月20日,四層,一層 二層 陽台 平台 雨遮
RPVNMLNKLHNFFAU17CA,19,16.52,共有部份,鋼筋混凝土造,88年5月20日,四層,
RPVNMLNKLHNFFAU17CA,19,14.25,停車空間,鋼筋混凝土造,88年5月20日,四層,
RPVNMLNKLHNFFAU17CA,19,18.48,共有部份,鋼筋混凝土造,88年5月20日,四層,
RPTNMLMKLHNFFAU86CA,,58.84,集合住宅,鋼筋混凝土造,106年10月5日,五層,三層 陽台
RPTNMLMKLHNFFAU86CA,,22.92,共有部份,鋼筋混凝土造,106年10月5日,五層,
RPSNMLLJLHNFFAU56CA,24,234.10,住家用,鋼筋混凝土造,83年2月8日,四層,一層 二層 三層 四層 陽台 平台 見其他登記事項
RPWNMLPKLHNFFAU47CA,32,97.29,住家用,鋼筋混凝土造,75年4月2日,五層,四層 陽台
RPWNMLPKLHNFFAU47CA,32,10.35,共有部份,鋼筋混凝土造,75年4月2日,五層,
RPWNMLPKLHNFFAU47CA,32,6.86,共有部份,鋼筋混凝土造,75年4月2日,五層,
RPUNMLNKLHNFFAU07CA,19,113.78,住家用,鋼筋混凝土造,88年5月20日,五層,四層 五層 陽台 見其他登記事項
RPUNMLNKLHNFFAU07CA,19,13.40,停車空間,鋼筋混凝土造,88年5月20日,五層,
RPUNMLNKLHNFFAU07CA,19,25.67,共有部份,鋼筋混凝土造,88年5月20日,五層,
RPVOMLKLLHNFFAU07CA,1,142.47,住家用,鋼筋混凝土造,106年6月1日,五層,五層 陽台
RPVOMLKLLHNFFAU07CA,1,68.47,共有部份,鋼筋混凝土造,106年6月1日,五層,
RPWNMLLJLHNFFAU96CA,2,239.48,住家用,鋼筋混凝土造,104年12月15日,三層,一層 二層 三層 陽台 見其他登記事項
RPWOMLQJLHNFFAU57CA,39,120.84,住家用,鋼筋混凝土加強磚造,67年7月20日,一層,一層 騎樓 見其他登記事項
RPQOMLMJLHNFFAU56CA,41,90.90,住家用,鋼筋混凝土加強磚造,65年9月14日,二層,一層 二層 騎樓
RPQNMLLLLHNFFAU56CA,22,107.58,住家用,鋼筋混凝土造,85年2月16日,十五層,四層 陽台
RPQNMLLLLHNFFAU56CA,22,28.63,共有部份,鋼筋混凝土造,85年2月16日,十五層,
RPQNMLPJLHNFFAU76CA,21,34.83,住商用,鋼筋混凝土造,86年2月24日,十層,八層
RPQNMLPJLHNFFAU76CA,21,10.35,共有部份,鋼筋混凝土造,86年2月24日,十層,
RPROMLLLLHNFFAU76CA,37,78.36,住家用,鋼筋混凝土造,70年6月19日,五層,三層
RPROMLLLLHNFFAU76CA,37,10.90,共有部份,鋼筋混凝土造,70年6月19日,五層,
RPWNMLMJLHNFFAU07CA,3,214.97,住家用,鋼筋混凝土造,104年2月4日,四層,一層 二層 三層 四層 陽台
RPTNMLQJLHNFFAU17CA,24,24.55,住家用,鋼筋混凝土造,82年11月29日,五層,五層 陽台
RPTNMLQJLHNFFAU17CA,24,6.02,共有部份,鋼筋混凝土造,82年11月29日,五層,
RPOOMLMJLHNFFAU98CA,1,190.47,住家用,鋼筋混凝土造,106年6月21日,三層,一層 二層 三層 陽台
RPWNMLSJLHNFFAU67CA,37,117.12,住商用,鋼筋混凝土加強磚造,70年6月16日,二層,一層 二層 騎樓
RPVNMLPKLHNFFAU37CA,1,43.13,共有部份,鋼筋混凝土造,106年2月2日,七層,
RPVNMLPKLHNFFAU37CA,1,93.91,住家用,鋼筋混凝土造,106年2月2日,七層,四層 陽台
RPVNMLPKLHNFFAU37CA,1,12.75,共有部份（停車空間）,鋼筋混凝土造,106年2月2日,七層,
RPPNMLNKLHNFFAU56CA,37,245.37,住家用,鋼筋混凝土造,70年1月13日,三層,一層 二層 三層 屋頂突出物 騎樓 地下層
RPWNMLQJLHNFFAU47CA,2,258.89,住家用,鋼筋混凝土造,104年7月8日,四層,一層 二層 三層 四層 陽台 屋頂突出物
RPSNMLNKLHNFFAU86CA,19,113.78,住家用,鋼筋混凝土造,88年5月20日,五層,四層 五層 陽台 見其他登記事項
RPSNMLNKLHNFFAU86CA,19,13.40,停車空間,鋼筋混凝土造,88年5月20日,五層,
RPSNMLNKLHNFFAU86CA,19,25.67,共有部份,鋼筋混凝土造,88年5月20日,五層,
RPPPMLKLLHNFFAU56CA,23,19.01,住家用,鋼筋混凝土造,83年10月7日,九層,五層
RPPPMLKLLHNFFAU56CA,23,9.17,共有部份,鋼筋混凝土造,83年10月7日,九層,
RPVNMLPJLHNFFAU47EA,24,483.54,住商用,鋼筋混凝土造,82年7月23日,四層,一層 二層 三層 四層 屋頂突出物 騎樓 見其他登記事項
RPVOMLQJLHNFFAU47CA,21,35.03,住商用,鋼筋混凝土造,86年2月24日,十層,八層
RPVOMLQJLHNFFAU47CA,21,10.35,共有部份,鋼筋混凝土造,86年2月24日,十層,
RPWNMLPJLHNFFCU57CA,38,106.38,住家用,鋼筋混凝土加強磚造,69年7月22日,二層,一層 二層 騎樓
RPROMLQJLHNFFAU07CA,23,215.55,住家用,鋼筋混凝土造,84年3月1日,四層,一層 二層 三層 四層 陽台 平台 見其他登記事項
RPPNMLQJLHNFFAU76CA,1,190.30,住家用,鋼筋混凝土造,105年9月26日,四層,一層 二層 三層 四層 陽台
RPRNMLQJLHNFFAU96CA,22,47.98,住家用,鋼筋混凝土造,85年2月8日,十二層,十一層 陽台
RPRNMLQJLHNFFAU96CA,22,15.15,共有部份,鋼筋混凝土造,85年2月8日,十二層,
RPVNMLMJLHNFFAU96CA,2,294.17,住家用,鋼筋混凝土造,104年8月14日,四層,一層 二層 三層 四層 陽台
RPPNMLPJLHNFFAU66CA,40,90.44,住家用,鋼筋混凝土加強磚造,67年4月3日,二層,一層 二層
RPRNMLNLLHNFFAU86CA,7,185.59,住家用,鋼筋混凝土造,99年12月30日,三層,一層 二層 三層 陽台
RPWNMLSLLHNFFAU87CA,16,199.73,住家用,鋼筋混凝土造,90年10月26日,二層,一層 二層 陽台 屋頂突出物 雨遮
RPUNMLQJLHNFFAU27CA,20,66.82,住家用,鋼筋混凝土造,86年8月27日,九層,六層 七層 陽台 花台
RPUNMLQJLHNFFAU27CA,20,10.27,共有部份,鋼筋混凝土造,86年8月27日,九層,
RPUNMLQJLHNFFAU27CA,20,8.82,共有部份,鋼筋混凝土造,86年8月27日,九層,
RPUNMLQJLHNFFAU27CA,20,3.04,共有部份,鋼筋混凝土造,86年8月27日,九層,
RPXNMLMJLHNFFAU17CA,34,85.00,住家用,鋼筋混凝土加強磚造,72年10月28日,二層,一層 二層
RPPOMLPJLHNFFAU76CA,,64.11,集合住宅,鋼筋混凝土造,106年10月5日,五層,二層 陽台 雨遮
RPPOMLPJLHNFFAU76CA,,22.92,共有部份,鋼筋混凝土造,106年10月5日,五層,
RPSOMLQJLHNFFAU17CA,59,38.84,住家用,木造,48年8月1日,一層,一層
RPTOMLQJLHNFFAU27CA,24,81.12,住家用,鋼筋混凝土造,82年10月15日,五層,二層 陽台
RPTOMLQJLHNFFAU27CA,24,28.95,共有部份,鋼筋混凝土造,82年10月15日,五層,
RPXNMLQJLHNFFAU57CA,23,152.63,住宅、停車空間,鋼筋混凝土造,83年12月23日,三層,一層 二層 三層 陽台 夾層 見其他登記事項
RPOOMLSJLHNFFAU96CA,22,62.71,住家用,鋼筋混凝土造,85年4月20日,五層,二層 陽台
RPOOMLSJLHNFFAU96CA,22,13.35,共有部份,鋼筋混凝土造,85年4月20日,五層,
RPPNMLTJLHNFFAU07CA,36,135.03,住商用,鋼筋混凝土加強磚造,70年12月1日,二層,一層 二層 騎樓
RPPNMLMKLHNFFAU09CA,38,79.28,住家用,鋼筋混凝土加強磚造,68年11月14日,二層,一層 二層
RPPNMLRJLHNFFCU27EA,35,133.96,住商用,鋼筋混凝土加強磚造,71年12月7日,二層,一層 二層 騎樓
RPWOMLMKLHNFFAU27CA,57,61.36,住家用,木造,49年8月5日,二層,一層 二層
RPXNMLNKLHNFFAU37CA,34,186.46,住商用,鋼筋混凝土造,72年8月31日,三層,一層 二層 三層 屋頂突出物 騎樓
RPPNMLNJMHNFFCU76CA,,454.22,農舍,鋼筋混凝土造,106年8月9日,三層,一層 二層 三層 陽台 屋頂突出物
RPQOMLQJLHNFFAU96CA,42,94.54,住家用,鋼筋混凝土造,65年7月24日,二層,一層 二層 騎樓
RPSNMLSJLHNFFAU27CA,22,29.86,住家用,鋼筋混凝土造,84年9月19日,六層,三層 陽台 花台
RPSNMLSJLHNFFAU27CA,22,14.40,共有部份,鋼筋混凝土造,84年9月19日,六層,
RPPOMLLLLHNFFAU56CA,22,76.63,住家用,鋼筋混凝土造,85年2月5日,十二層,四層 陽台
RPPOMLLLLHNFFAU56CA,22,12.41,共有部份,鋼筋混凝土造,85年2月5日,十二層,
RPPOMLLLLHNFFAU56CA,22,9.53,共有部份,鋼筋混凝土造,85年2月5日,十二層,
RPSOMLSLLHNFFAU57CA,26,52.15,住家用,鋼筋混凝土造,81年4月22日,五層,三層 陽台
RPSOMLSLLHNFFAU57CA,26,7.65,共有部份,鋼筋混凝土造,81年4月22日,五層,
RPUNMLOKLHNFFAU17CA,11,119.80,農舍,鋼筋混凝土造,95年9月14日,一層,一層
RPTNMLOKLHNFFAU07CA,24,54.37,住家用,鋼筋混凝土造,82年9月9日,六層,六層 夾層
RPTNMLOKLHNFFAU07CA,24,23.10,共有部份,鋼筋混凝土造,82年9月9日,六層,
RPSNMLRJLHNFFAU17CA,18,60.01,住家用,鋼筋混凝土造,89年5月9日,六層,六層 陽台
RPSNMLRJLHNFFAU17CA,18,22.58,共有部份,鋼筋混凝土造,89年5月9日,六層,
RPTNMLTJLHNFFAU47CA,5,173.68,農舍,鋼筋混凝土造,101年9月28日,二層,一層 二層 陽台
RPRNMLTJLHNFFAU27CA,24,118.79,住商用,鋼筋混凝土造,82年9月23日,三層,一層 二層 三層 陽台 平台
RPPOMLTJLHNFFAU17CA,37,172.06,住商用,鋼筋混凝土造,70年1月22日,三層,一層 二層 三層 屋頂突出物 騎樓
RPQPMLKLLHNFFAU66CA,41,111.12,住商用,鋼筋混凝土加強磚造,65年10月21日,二層,一層 二層 騎樓
RPRNMLMKLHNFFAU66CA,40,65.44,住家用,鋼筋混凝土加強磚造,67年2月10日,一層,一層
RPQNMLQKMHNFFCU27CA,72,8.98,住家用,木造,34年11月1日,一層,一層
RPQOMLTJLHNFFAU27CA,53,45.00,住家用,磚石造,54年1月1日,一層,一層
RPPPMLNKLHNFFAU76CA,25,122.61,倉儲,鋼筋混凝土造,81年9月30日,八層,八層 陽台
RPPPMLNKLHNFFAU76CA,25,23.54,共有部份,鋼筋混凝土造,81年9月30日,八層,
RPTOMLTJLHNFFAU57CA,39,75.76,住家用,鋼筋混凝土造,68年5月12日,四層,三層
RPTOMLTJLHNFFAU57CA,39,2.29,共有部份,鋼筋混凝土造,68年5月12日,四層,
RPTOMLTJLHNFFAU57CA,39,5.02,共有部份,鋼筋混凝土造,68年3月13日,四層,
RPQNMLTJLHNFFAU17CA,38,105.75,住商用,鋼筋混凝土加強磚造,69年4月17日,二層,一層 二層 屋頂突出物 騎樓
RPUNMLPKLHNFFAU27CA,1,93.91,住家用,鋼筋混凝土造,106年2月2日,七層,三層 陽台
RPUNMLPKLHNFFAU27CA,1,43.13,共有部份,鋼筋混凝土造,106年2月2日,七層,
RPUNMLPKLHNFFAU27CA,1,12.75,共有部份（停車空間）,鋼筋混凝土造,106年2月2日,七層,
RPVPMLTLLHNFFAU08CA,39,113.48,住商用,鋼筋混凝土加強磚造,67年8月15日,二層,一層 二層 騎樓
RPWOMLTJLHNFFAU87CA,30,138.22,住家用,鋼筋混凝土造,76年11月26日,二層,一層 二層 陽台 屋頂突出物 夾層
RPROMLOKLHNFFAU96CA,13,251.02,住家用,鋼筋混凝土造,94年3月28日,三層,一層 二層 三層 陽台 屋頂突出物
RPTNMLNKLHNFFAU96CA,44,60.06,住家用,加強磚造,,一層,一層
RPTNMLNKLHNFFAU96CA,46,63.65,住家用,木石磚造（磚石造）,,一層,一層 見其他登記事項
RPOOMLLLLHNFFAU09CA,1,239.48,住家用,鋼筋混凝土造,105年12月28日,三層,一層 二層 三層 陽台 屋頂突出物
RPPNMLKMLHNFFCU66CA,3,263.36,住家用,鋼筋混凝土造,104年4月29日,三層,一層 二層 三層 陽台 屋頂突出物
RPOPMLNKLHNFFAU66CA,1,286.41,住家用,鋼筋混凝土造,105年6月28日,四層,一層 二層 三層 四層 陽台 屋頂突出物
RPQNMLOKLHNFFAU76CA,20,57.78,商業用,鋼筋混凝土造,86年8月27日,九層,一層
RPQNMLOKLHNFFAU76CA,20,8.65,共有部份,鋼筋混凝土造,86年8月27日,九層,
RPQNMLOKLHNFFAU76CA,20,3.04,共有部份,鋼筋混凝土造,86年8月27日,九層,
RPRNMLPKLHNFFAU96CA,2,265.09,住家用,鋼筋混凝土造,104年7月8日,四層,一層 二層 三層 四層 陽台 屋頂突出物
RPQNMLQKLHNFFAU96CA,19,102.98,住家用,鋼筋混凝土造,88年5月20日,五層,二層 三層 陽台 平台 雨遮
RPQNMLQKLHNFFAU96CA,19,13.40,停車空間,鋼筋混凝土造,88年5月20日,五層,
RPQNMLQKLHNFFAU96CA,19,22.58,共有部份,鋼筋混凝土造,88年5月20日,五層,
RPOOMLTLLHNFFAU27CA,37,110.55,住家用,鋼筋混凝土加強磚造,70年1月30日,二層,一層 二層 屋頂突出物
RPRPMLTLLHNFFAU67CA,23,178.45,停車空間、住宅,鋼筋混凝土造,83年9月29日,四層,一層 二層 三層 四層 陽台 平台 屋頂突出物 花台
RPQPMLTLLHNFFAU57CA,37,81.60,住家用,鋼筋混凝土加強磚造,69年12月23日,二層,一層 二層
RPUOMLLMLHNFFAU17CA,13,185.36,住家用,鋼筋混凝土造,94年3月29日,三層,一層 二層 三層 陽台 見其他登記事項
RPPNMLOKLHNFFAU66CA,3,266.40,住家用,鋼筋混凝土造,104年4月29日,四層,一層 二層 三層 四層 陽台
RPWNMLLLLHNFFAU17CA,35,71.26,住家用,鋼筋混凝土造,72年1月31日,四層,四層
RPWNMLLLLHNFFAU17CA,,11.66,共有部份,鋼筋混凝土造,,四層,
RPSPMLTLLHNFFAU97EA,40,53.93,住家用,鋼筋混凝土加強磚造,67年1月1日,一層,一層
RPQNMLPKLHNFFAU86CA,21,68.60,住家用,鋼筋混凝土造,86年3月10日,七層,四層 陽台
RPQNMLPKLHNFFAU86CA,21,14.74,共有部份,鋼筋混凝土造,86年3月10日,七層,
RPQNMLPKLHNFFAU86CA,21,9.49,共有部份,鋼筋混凝土造,86年3月10日,七層,
RPTOMLOKLHNFFAU17CA,40,109.36,住家用,鋼筋混凝土加強磚造,66年8月10日,二層,一層 二層
RPOOMLPKLHNFFAU76CA,36,101.76,住家用,鋼筋混凝土加強磚造,71年2月27日,二層,一層 二層
RPQNMLPKLHNFFCU17DA,34,90.75,住家用,鋼筋混凝土加強磚造,73年2月16日,二層,一層 二層 陽台
RPQNMLPKLHNFFCU17DA,34,88.37,住家用,鋼筋混凝土加強磚造,73年2月16日,二層,一層 二層 陽台
RPRNMLQKLHNFFAU27EA,23,42.85,住家用,鋼筋混凝土造,84年4月6日,五層,五層 陽台
RPRNMLQKLHNFFAU27EA,23,6.39,共有部份,鋼筋混凝土造,84年4月6日,五層,
RPTNMLMLLHNFFAU07DA,23,64.02,住家用,鋼筋混凝土造,83年12月15日,二層,一層 二層 陽台 平台 屋頂突出物
RPSNMLQKLHNFFAU37EA,38,99.57,住商用,鋼筋混凝土加強磚造,69年4月21日,二層,一層 二層 騎樓
RPPNMLRKLHNFFAU96CA,24,262.10,住家用,鋼筋混凝土造,83年3月3日,三層,一層 二層 三層 陽台 見其他登記事項 見其他登記事項
RPOOMLNJMHNFFAU56CA,29,35.58,住家用,鋼筋混凝土造,78年6月30日,十層,六層 陽台
RPOOMLNJMHNFFAU56CA,31,27.37,共有部份,鋼筋混凝土造,76年6月30日,十層,
RPVNMLKLLHNFFAU96CA,27,216.10,住家用,鋼筋混凝土造,80年4月10日,三層,一層 二層 三層 陽台 屋頂突出物 騎樓
RPXNMLPKLHNFFAU57CA,,187.04,住家用,鋼筋混凝土造,107年1月5日,三層,一層 二層 三層 陽台
RPUPMLTLLHNFFAU97CA,36,90.04,住家用,鋼筋混凝土加強磚造,71年8月2日,二層,一層 二層
RPPOMLQKMHNFFAU07CA,24,24.63,地下室,鋼筋混凝土造,83年5月18日,七層,
RPPOMLQKMHNFFAU07CA,24,37.80,共有部份,鋼筋混凝土造,83年5月18日,七層,
RPPOMLQKMHNFFAU07CA,24,136.57,住家用,鋼筋混凝土造,83年5月18日,七層,六層 七層 陽台
RPPNMLMLLHNFFBU66CA,14,116.82,住家用,鋼筋混凝土造,92年10月16日,二層,一層 二層 陽台 屋頂突出物
RPPNMLMLLHNFFCU76CA,1,247.15,農舍,鋼骨或鋼骨混合造,106年5月25日,二層,一層 二層 陽台
RPQNMLKLLHNFFBU56CA,51,92.80,住家用,鋼筋混凝土加強磚造,55年10月15日,二層,一層 二層
RPPNMLMKMHNFFBU66CA,32,104.57,住家用,鋼筋混凝土加強磚造,75年3月30日,一層,一層
RPRNMLKLLHNFFAU56CA,37,115.38,住家用,鋼筋混凝土加強磚造,70年3月23日,二層,一層 二層
RPPOMLKLLHNFFAU09CA,,197.98,住家用,鋼筋混凝土造,106年8月23日,三層,一層 二層 三層 陽台 屋頂突出物
RPQOMLKLLHNFFAU56CA,23,98.92,住家用,鋼筋混凝土造,84年4月22日,六層,四層 陽台
RPQOMLKLLHNFFAU56CA,23,34.41,共有部份,鋼筋混凝土造,84年4月22日,六層,
RPSNMLKLLHNFFAU66CA,18,225.26,住家用,鋼筋混凝土造,89年6月14日,四層,一層 二層 三層 四層 陽台
RPUOMLLLLHNFFAU07CA,9,198.64,住家用,鋼筋混凝土造,98年7月2日,三層,一層 二層 三層 陽台 騎樓
RPQNMLTKLHNFFAU27CA,37,78.36,住家用,鋼筋混凝土造,70年6月19日,五層,四層
RPVNMLRLLHNFFAU67CA,13,176.36,住家用,鋼筋混凝土造,94年2月18日,三層,一層 二層 三層 陽台
RPQNMLTKLHNFFAU27CA,37,10.90,共有部份,鋼筋混凝土造,70年6月19日,五層,
RPOPMLKLLHNFFAU09CA,21,63.21,住家用,鋼筋混凝土造,85年9月3日,七層,三層 陽台
RPOPMLKLLHNFFAU09CA,21,19.00,共有部份,鋼筋混凝土造,85年9月3日,七層,
RPVOMLMKMHNFFAU27CA,19,102.98,住家用,鋼筋混凝土造,88年5月20日,五層,二層 三層 陽台 平台 雨遮
RPVOMLMKMHNFFAU27CA,19,13.40,停車空間,鋼筋混凝土造,88年5月20日,五層,
RPVOMLMKMHNFFAU27CA,19,22.58,共有部份,鋼筋混凝土造,88年5月20日,五層,
RPWNMLMLLHNFFAU27CA,11,15.30,共有部份,鋼筋混凝土造,96年1月4日,五層,
RPWNMLMLLHNFFAU27CA,11,94.19,商業用,鋼筋混凝土造,96年1月4日,五層,一層 騎樓
RPUNMLMJMHNFFAU96CA,41,100.69,住家用,鋼筋混凝土加強磚造,66年1月27日,二層,一層 二層
RPSOMLKMLHNFFAU86CA,28,259.96,住家用,鋼筋混凝土造,79年5月23日,三層,一層 二層 三層 陽台
RPROMLKLLHNFFAU66CA,12,172.23,住家用,鋼筋混凝土造,95年3月23日,三層,一層 二層 三層 陽台 屋頂突出物
RPSNMLNJMHNFFAU86CA,23,26.94,住家用,鋼筋混凝土造,83年11月15日,十二層,八層 陽台
RPSNMLNJMHNFFAU86CA,23,8.36,共有部份,鋼筋混凝土造,83年11月15日,十二層,
RPSNMLNJMHNFFAU86CA,23,4.38,共有部份,鋼筋混凝土造,83年11月15日,十二層,
RPTNMLQLMHNFFAU47CA,34,83.57,住家用,鋼筋混凝土造,73年6月25日,五層,四層 陽台
RPTNMLQLMHNFFAU47CA,34,6.00,共有部份,鋼筋混凝土造,73年6月25日,五層,
RPTNMLQLMHNFFAU47CA,34,8.00,共有部份,鋼筋混凝土造,73年6月25日,五層,
RPXOMLKLLHNFFAU27CA,40,105.60,住商用,鋼筋混凝土加強磚造,67年3月22日,二層,一層 二層
RPWNMLTLLHNFFAU97CA,45,142.93,住家用,鋼筋混凝土加強磚造,62年8月29日,一層,一層 騎樓
RPPNMLKLLHNFFBU09CA,30,142.66,住家、店鋪、人行,鋼筋混凝土造,76年11月26日,二層,一層 二層 屋頂突出物 騎樓
RPQOMLSLLHNFFAU37CA,,250.85,住家用,鋼筋混凝土造,106年11月7日,四層,一層 二層 三層 四層 陽台
RPSNMLTLLHNFFAU57CA,19,113.78,住家用,鋼筋混凝土造,88年5月20日,五層,四層 五層 陽台 見其他登記事項
RPSNMLTLLHNFFAU57CA,19,13.40,停車空間,鋼筋混凝土造,88年5月20日,五層,
RPSNMLTLLHNFFAU57CA,19,25.67,共有部份,鋼筋混凝土造,88年5月20日,五層,
RPOOMLKLLHNFFAU98CA,,75.16,住商用,鋼筋混凝土加強磚造,,二層,一層 二層 騎樓
RPSPMLTLLHNFFAU77CA,26,48.71,住家用,鋼筋混凝土造,81年4月22日,五層,二層 陽台
RPSPMLTLLHNFFAU77CA,26,7.01,共有部份,鋼筋混凝土造,81年4月22日,五層,
RPTOMLLLLHNFFAU96CA,,264.10,住家用,鋼筋混凝土造,106年12月13日,四層,一層 二層 三層 四層 陽台 屋頂突出物
RPWOMLLLLHNFFAU27CA,43,116.76,住商用,鋼筋混凝土造,64年2月20日,二層,一層 二層 騎樓
RPVOMLLLLHNFFAU17CA,40,91.70,住商用,鋼筋混凝土加強磚造,66年11月23日,二層,一層 二層 騎樓
RPXNMLQLLHNFFAU77CA,19,61.90,住家用,鋼筋混凝土造,87年11月30日,八層,七層 陽台
RPXNMLQLLHNFFAU77CA,19,24.59,車道，電梯間，樓梯間，騎樓，屋頂突出物,鋼筋混凝土造,87年11月30日,八層,
RPXNMLQLLHNFFAU77CA,19,9.99,停車空間,鋼筋混凝土造,87年11月30日,八層,
RPPNMLNLLHNFFAU66CA,16,367.28,加油亭、營業室、辦公室,鋼筋混凝土造,91年8月2日,二層,一層 二層 屋頂突出物
RPROMLNLLHNFFAU96CA,42,88.42,住家用,鋼筋混凝土加強磚造,64年10月8日,二層,一層 二層
RPQNMLQLLHNFFAU07CA,45,86.52,商業用,木造,62年6月7日,一層,一層 騎樓
RPUNMLMLLHNFFAU07CA,11,157.81,住家用,鋼筋混凝土造,95年8月18日,三層,一層 二層 三層 陽台 屋頂突出物 雨遮
RPQOMLKMLHNFFAU66CA,30,109.55,住家用,鋼筋混凝土造,77年2月13日,九層,七層 陽台
RPQOMLKMLHNFFAU66CA,30,33.43,共有部份,鋼筋混凝土造,77年1月13日,九層,
RPTNMLTLLHNFFAU67CA,37,102.80,住家用,鋼筋混凝土加強磚造,70年3月18日,二層,一層 二層
RPSNMLQLLHNFFAU27CA,24,52.08,住家用,鋼筋混凝土造,83年1月27日,五層,三層 陽台
RPSNMLQLLHNFFAU27CA,24,15.44,共有部份,鋼筋混凝土造,83年1月27日,五層,
RPQNMLLMLHNFFAU66CA,9,185.18,住家用,鋼筋混凝土造,97年10月9日,四層,一層 二層 三層 四層 陽台
RPPNMLQLLHNFFBU07CA,32,97.69,住家用,鋼筋混凝土造,75年8月23日,三層,一層 二層 三層 屋頂突出物
RPVNMLMJMHNFFAU07CA,14,89.45,住家用,鋼筋混凝土造,92年9月8日,六層,二層 陽台
RPVNMLMJMHNFFAU07CA,14,42.31,共有部份,鋼筋混凝土造,92年9月8日,六層,
RPVNMLQLLHNFFAU57CA,22,27.22,住家用,鋼筋混凝土造,85年2月2日,十層,二層 陽台
RPVNMLQLLHNFFAU57CA,22,2.99,共有部份,鋼筋混凝土造,85年2月2日,十層,
RPVNMLQLLHNFFAU57CA,22,6.20,共有部份,鋼筋混凝土造,85年2月2日,十層,
RPQOMLNLLHNFFAU86CA,1,292.42,農舍,鋼筋混凝土造,106年1月19日,三層,一層 二層 三層 陽台
RPOOMLQLLHNFFAU96CA,21,27.02,住家用,鋼筋混凝土造,86年8月1日,七層,二層 陽台 花台
RPOOMLQLLHNFFAU96CA,21,6.06,停車空間,鋼筋混凝土造,86年8月1日,七層,
RPOOMLQLLHNFFAU96CA,21,9.75,共有部份,鋼筋混凝土造,86年8月1日,七層,
RPXNMLNLLHNFFAU47CA,19,102.98,住家用,鋼筋混凝土造,88年5月20日,五層,二層 三層 陽台 平台 雨遮
RPXNMLNLLHNFFAU47CA,19,13.50,停車空間,鋼筋混凝土造,88年5月20日,五層,
RPXNMLNLLHNFFAU47CA,19,22.26,共有部份,鋼筋混凝土造,88年5月20日,五層,
RPOOMLNLLHNFFAU66CA,19,238.22,住家用,鋼筋混凝土造,87年12月14日,四層,一層 二層 三層 四層 陽台 屋頂突出物
RPVNMLLKMHNFFAU27EA,53,136.41,住家用,加強磚造平房＋加強磚造鐵皮屋頂,,一層,一層
RPWOMLTLLHNFFAU18DA,2,233.44,住家用,鋼筋混凝土造,105年2月5日,三層,一層 二層 三層 陽台 屋頂突出物
RPPNMLRLLHNFFAU07CA,36,98.46,住家用,鋼筋混凝土造,70年12月28日,五層,三層
RPPNMLRLLHNFFAU07CA,36,11.38,共有部份,鋼筋混凝土造,70年12月28日,五層,
RPQNMLRLLHNFFAU17CA,11,202.38,住商用,鋼筋混凝土造,95年9月27日,四層,一層 二層 三層 四層 陽台 屋頂突出物 騎樓
RPOOMLMKMHNFFAU56CA,,189.64,住家用,鋼筋混凝土造,107年1月5日,三層,一層 二層 三層 陽台
RPVNMLTJMHNFFAU77CA,29,123.48,住家用,鋼筋混凝土造,77年10月12日,五層,三層 陽台
RPVNMLTJMHNFFAU77CA,29,.93,共有部份,鋼筋混凝土造,77年10月12日,五層,
RPVNMLTJMHNFFAU77CA,29,13.47,避難室,鋼筋混凝土造,77年10月12日,五層,
RPVNMLTJMHNFFAU77CA,29,8.43,共有部份,鋼筋混凝土造,77年10月12日,五層,
RPPNMLTJMHNFFAU17CA,30,25.04,住家用,鋼筋混凝土造,76年11月17日,七層,五層 陽台
RPPNMLTJMHNFFAU17CA,30,5.19,共有部份,鋼筋混凝土造,76年11月17日,七層,
RPSOMLLMLHNFFAU96CA,26,70.14,住家用,鋼筋混凝土造,81年1月21日,六層,四層 陽台
RPSOMLLMLHNFFAU96CA,26,34.93,共有部份,鋼筋混凝土造,81年1月21日,六層,
RPXNMLMKMHNFFAU37CA,,187.04,住家用,鋼筋混凝土造,107年1月5日,三層,一層 二層 三層 陽台
RPQNMLMJMHNFFAU56CA,24,100.79,住家用,鋼筋混凝土造,83年5月6日,六層,三層 陽台 花台
RPQNMLMJMHNFFAU56CA,24,50.64,共有部份,鋼筋混凝土造,83年5月6日,六層,
RPOOMLMJMHNFFAU09CA,36,81.13,住家用,鋼筋混凝土造,70年12月4日,五層,三層
RPOOMLMJMHNFFAU09CA,36,16.82,共有部份,鋼筋混凝土造,70年12月4日,五層,
RPOOMLMJMHNFFAU09CA,36,2.04,共有部份,鋼筋混凝土造,70年12月4日,,
RPWNMLRLLHNFFAU77CA,,120.74,住商用,鋼筋水泥木造,,三層,一層 二層 三層 騎樓 廚房
RPSNMLRLLHNFFAU37CA,1,246.36,住家用,鋼筋混凝土造,106年7月28日,四層,一層 二層 三層 四層 屋頂突出物 見其他登記事項
RPQNMLSLLHNFFAU27CA,,126.87,住商用,鋼筋混凝土加強磚造,,二層,一層 二層 騎樓
RPUNMLRLLHNFFAU77EA,24,130.91,住家用,鋼筋混凝土造,83年7月19日,四層,二層 陽台
RPUNMLRLLHNFFAU77EA,24,11.96,共有部份,鋼筋混凝土造,83年7月19日,四層,
RPUNMLRLLHNFFAU77EA,24,35.81,共有部份,鋼筋混凝土造,83年7月19日,四層,
RPOPMLTLLHNFFAU37CA,2,87.08,住家用,鋼筋混凝土造,105年1月6日,一層,一層
RPWNMLQLLHNFFAU67CA,45,91.46,住家用,鋼筋混凝土加強磚造,62年2月16日,二層,一層 二層
RPXPMLTLLHNFFAU28CA,23,172.77,住家用,鋼筋混凝土造,83年9月29日,三層,一層 二層 三層 陽台 平台
RPXNMLKKMHNFFAU37EA,38,198.07,住商用,鋼筋混凝土造,68年12月16日,三層,一層 二層 三層 防空避難室 屋頂突出物 騎樓
RPXNMLKMLHNFFAU27CA,23,80.02,住家用,鋼筋混凝土造,83年7月19日,四層,四層 陽台
RPXNMLKMLHNFFAU27CA,23,11.75,共有部份,鋼筋混凝土造,83年7月19日,四層,
RPXNMLKMLHNFFAU27CA,23,24.06,共有部份,鋼筋混凝土造,83年7月19日,四層,
RPPNMLTLLHNFFCU47CA,,209.17,住家用,鋼筋混凝土造,106年12月26日,三層,一層 二層 三層 陽台 屋頂突出物
RPPOMLKMLHNFFAU56CA,28,92.00,住家用,鋼筋混凝土加強磚造,79年7月30日,一層,一層
RPOOMLLMLHNFFAU56CA,41,98.08,住家用,鋼筋混凝土加強磚造,66年7月15日,二層,一層 二層 騎樓
RPWNMLKMLHNFFAU17CA,19,89.46,住家用,鋼筋混凝土造,87年10月9日,五層,四層 陽台
RPWNMLKMLHNFFAU17CA,19,14.27,共有部份,鋼筋混凝土造,87年10月9日,五層,
RPWNMLKMLHNFFAU17CA,19,29.48,共有部份,鋼筋混凝土造,87年10月9日,五層,
RPWNMLKMLHNFFAU17CA,19,.44,住家用,鋼筋混凝土造,87年10月9日,五層,
RPWNMLKMLHNFFAU17CA,19,14.21,共有部份,鋼筋混凝土造,87年10月9日,五層,
RPWNMLKMLHNFFAU17CA,19,26.59,共有部份,鋼筋混凝土造,87年10月9日,五層,
RPQNMLTJMHNFFAU27CA,41,81.25,住家用,鋼筋混凝土造,66年3月21日,二層,一層 二層
RPPOMLTKMHNFFAU37CA,15,237.40,住家用,鋼筋混凝土造,92年5月21日,三層,一層 二層 三層 陽台 屋頂突出物
RPUNMLTKMHNFFAU77CA,25,65.99,住家用,鋼筋混凝土造,82年1月11日,九層,九層
RPUNMLTKMHNFFAU77CA,25,19.88,共有部份,鋼筋混凝土造,82年1月11日,九層,
RPOOMLTJMHNFFAU17CA,,187.04,住家用,鋼筋混凝土造,107年1月5日,三層,一層 二層 三層 陽台
RPQOMLNJMHNFFAU76CA,45,71.22,住家用,鋼筋混凝土加強磚造,61年11月10日,二層,一層 二層
RPWNMLNJMHNFFAU27CA,18,131.33,住家用,鋼筋混凝土造,88年6月22日,三層,一層 二層 三層 陽台
RPPNMLNJMHNFFAU56CA,10,422.77,農舍,鋼骨或鋼骨混合造,97年3月26日,二層,一層 二層 見其他登記事項
RPPNMLKMLHNFFAU09CA,20,155.87,農舍,鋼鐵（骨）造有牆,87年5月22日,一層,一層
RPWNMLMKMHNFFAU27CA,,212.78,住家用,鋼筋混凝土造,107年1月5日,三層,一層 二層 三層 陽台 屋頂突出物
RPUNMLNJMHNFFAU07CA,47,90.80,住家用,鋼筋混凝土加強磚造,60年3月4日,二層,一層 二層
RPWPMLTLLHNFFAU18CA,3,209.56,住家用,鋼筋混凝土造,104年2月10日,三層,一層 二層 三層 陽台 屋頂突出物 雨遮
RPSOMLTLLHNFFAU67CA,24,210.72,住家用,鋼筋混凝土造,82年4月2日,三層,一層 二層 三層 陽台 平台
RPQNMLKMLHNFFAU56CA,24,106.35,住家用,鋼筋混凝土造,82年12月15日,六層,五層 陽台 花台
RPQNMLKMLHNFFAU56CA,24,.42,辦公室,鋼筋混凝土造,82年12月15日,七層,
RPQNMLKMLHNFFAU56CA,24,15.96,共有部份,鋼筋混凝土造,82年12月15日,七層,
RPQNMLKMLHNFFAU56CA,24,13.88,共有部份,,82年12月15日,六層,
RPQNMLKMLHNFFAU56CA,24,14.97,共有部份,鋼筋混凝土造,82年12月15日,七層,
RPQNMLTLLHNFFCU57CA,39,104.15,住商用,鋼筋混凝土造,68年2月15日,二層,一層 二層 騎樓
RPQOMLTLLHNFFAU47CA,,67.20,集合住宅,鋼筋混凝土造,106年10月3日,五層,二層 陽台
RPQOMLTLLHNFFAU47CA,,10.97,共有部份,鋼筋混凝土造,106年10月3日,五層,
RPPNMLTLLHNFFAU27CA,24,105.94,住家用,鋼筋混凝土造,82年12月21日,三層,一層 二層 三層 陽台 平台 花台
RPTOMLTLLHNFFAU77CA,23,21.05,住家用,鋼筋混凝土造,83年11月15日,十二層,十層 陽台
RPTOMLTLLHNFFAU77CA,23,6.56,共有部份,鋼筋混凝土造,83年11月15日,十二層,
RPTOMLTLLHNFFAU77CA,23,3.58,共有部份,鋼筋混凝土造,83年11月15日,十二層,
RPXNMLMJMHNFFAU27CA,34,57.31,住家用,鋼筋混凝土造,73年6月2日,五層,五層
RPXNMLMJMHNFFAU27CA,34,10.56,共有部份,鋼筋混凝土造,73年6月2日,五層,
RPQNMLRJNHNFFBU47EA,33,102.88,住商用,鋼筋混凝土加強磚造,73年10月15日,二層,一層 二層 騎樓
RPQNMLRJNHNFFBU47EA,33,102.88,住商用,鋼筋混凝土加強磚造,73年10月30日,二層,一層 二層 騎樓
RPQNMLRJNHNFFBU47EA,33,102.88,住商用,鋼筋混凝土加強磚造,73年10月30日,二層,一層 二層 騎樓
RPSNMLTKMHNFFAU57CA,31,86.85,農舍,鋼筋混凝土加強磚造,76年3月6日,一層,一層 見其他登記事項
RPRNMLTKMHNFFAU47CA,23,21.68,住家用,鋼筋混凝土造,83年11月15日,十二層,七層 陽台
RPRNMLTKMHNFFAU47CA,23,3.58,共有部份,鋼筋混凝土造,83年11月15日,十二層,
RPRNMLTKMHNFFAU47CA,23,6.72,共有部份,鋼筋混凝土造,83年11月15日,十二層,
RPQOMLTKMHNFFAU47CA,22,67.42,住家用,鋼筋混凝土造,84年11月4日,十層,九層 陽台
RPQOMLTKMHNFFAU47CA,22,11.70,共有部份,鋼筋混凝土造,84年11月4日,十層,
RPQOMLTKMHNFFAU47CA,22,15.11,共有部份,鋼筋混凝土造,84年11月4日,十層,
RPQOMLRLMHNFFAU37CA,,101.96,集合住宅,鋼筋混凝土造,107年1月29日,十一層,三層 陽台
RPQOMLRLMHNFFAU37CA,,38.19,共有部份,鋼筋混凝土造,107年1月29日,十一層,
RPRNMLTJMHNFFAU37CA,39,130.50,住家用,鋼筋混凝土加強磚造,68年2月23日,二層,一層 二層
RPROMLRLMHNFFAU47CA,,36.13,共有部份,鋼筋混凝土造,107年1月29日,十一層,
RPROMLRLMHNFFAU47CA,,96.45,集合住宅,鋼筋混凝土造,107年1月29日,十一層,三層 陽台
RPROMLRLMHNFFAU47CA,,18.46,共有部份,鋼筋混凝土造,107年1月29日,十一層,
RPSOMLTJMHNFFAU57CA,29,556.75,住商用,鋼筋混凝土造,77年12月31日,四層,一層 二層 三層 四層 騎樓 地下層
RPWNMLTJMHNFFAU87CA,37,183.31,住商用,鋼筋混凝土造,70年1月17日,三層,一層 二層 三層 屋頂突出物 騎樓
RPTNMLKKMHNFFAU76CA,23,27.86,住家用,鋼筋混凝土造,84年1月11日,五層,五層 陽台
RPTNMLKKMHNFFAU76CA,23,5.21,共有部份,鋼筋混凝土造,84年1月11日,五層,
RPUNMLRJNHNFFAU57CA,,268.23,住家用,鋼筋混凝土造,106年11月3日,四層,一層 二層 三層 四層 陽台 騎樓 見其他登記事項
RPUNMLRJNHNFFAU57CA,,361.90,住家用,鋼筋混凝土造,106年11月7日,四層,一層 二層 三層 四層 陽台 騎樓 見其他登記事項
RPOOMLLKMHNFFAU09CA,23,49.29,住家用,鋼筋混凝土造,84年6月30日,七層,一層
RPOOMLLKMHNFFAU09CA,23,8.44,共有部份,鋼筋混凝土造,84年6月30日,七層,
RPOOMLLKMHNFFAU09CA,23,6.96,共有部份,鋼筋混凝土造,84年6月30日,七層,
RPTOMLLMLHNFFAU07CA,22,203.61,住家用,鋼筋混凝土造,85年2月16日,四層,一層 二層 三層 四層 見其他登記事項 見其他登記事項
RPWOMLLMLHNFFAU37CA,3,226.43,住家用,鋼筋混凝土造,103年11月28日,四層,一層 二層 三層 四層 陽台 屋簷
RPPNMLLMLHNFFAU56CA,33,80.75,住家用,鋼筋混凝土造,73年9月19日,五層,五層 陽台
RPPNMLLMLHNFFAU56CA,33,7.54,共有部份,鋼筋混凝土造,73年9月19日,五層,
RPPNMLLMLHNFFAU56CA,33,5.92,共有部份,鋼筋混凝土造,73年9月19日,五層,
RPXOMLKMLHNFFAU37CA,2,654.15,住家用,鋼筋混凝土造,105年6月16日,五層,一層 二層 三層 四層 五層 陽台 屋頂突出物
RPPNMLMJMHNFFBU76EA,26,144.27,住家用,鋼筋混凝土造,81年7月3日,三層,一層 二層 三層 陽台 屋頂突出物 騎樓
RPPNMLMJMHNFFAU09CA,32,157.52,住家用,鋼筋混凝土造,74年12月11日,二層,一層 二層 陽台 屋頂突出物
RPPPMLLMLHNFFAU76CA,2,47.29,住家用,鋼筋混凝土造,105年6月3日,一層,一層
RPRNMLSKMHNFFCU57CA,1,294.70,住家用,鋼筋混凝土造,106年5月11日,三層,一層 二層 三層 陽台 屋頂突出物 騎樓
RPTOMLRLMHNFFAU67CA,,87.83,集合住宅,鋼筋混凝土造,107年1月29日,十一層,四層 陽台
RPTOMLRLMHNFFAU67CA,,32.90,共有部份,鋼筋混凝土造,107年1月29日,十一層,
RPTOMLRLMHNFFAU67CA,,18.46,共有部份,鋼筋混凝土造,107年1月29日,十一層,
RPUOMLMJMHNFFAU07CA,39,281.79,住家用,鋼筋混凝土造,68年2月24日,三層,一層 二層 三層
RPPOMLMJMHNFFAU56CA,1,201.07,住家用,鋼筋混凝土造,106年8月23日,三層,一層 二層 三層 陽台 屋頂突出物
RPUOMLRLMHNFFAU77CA,,87.83,集合住宅,鋼筋混凝土造,107年1月29日,十一層,五層 陽台
RPUOMLRLMHNFFAU77CA,,32.90,共有部份,鋼筋混凝土造,107年1月29日,十一層,
RPUOMLRLMHNFFAU77CA,,18.46,共有部份,鋼筋混凝土造,107年1月29日,十一層,
RPXNMLOLMHNFFAU67CA,37,2001.58,店鋪、旅社、機房、避難室,鋼筋混凝土造,69年12月2日,七層,一層 二層 三層 四層 五層 六層 七層 陽台 防空避難室 屋頂突出物 騎樓
RPPNMLKKMHNFFBU09CA,10,212.21,住家用,鋼筋混凝土造,97年5月13日,三層,一層 二層 三層 陽台 騎樓
RPROMLTKMHNFFAU57CA,27,169.18,住家用,鋼筋混凝土造,79年10月26日,二層,一層 二層 陽台 屋頂突出物 見其他登記事項
RPXNMLQKMHNFFAU77CA,1,264.63,住家用,鋼筋混凝土造,106年2月2日,四層,一層 二層 三層 四層 陽台
RPVOMLRLMHNFFAU87CA,,96.45,集合住宅,鋼筋混凝土造,107年1月29日,十一層,九層 陽台
RPVOMLRLMHNFFAU87CA,,36.13,共有部份,鋼筋混凝土造,107年1月29日,十一層,
RPVOMLRLMHNFFAU87CA,,18.46,共有部份,鋼筋混凝土造,107年1月29日,十一層,
RPTOMLRKMHNFFAU57CA,1,270.51,住家用,鋼筋混凝土造,106年1月4日,三層,一層 二層 三層 陽台 屋頂突出物 屋簷 見其他登記事項
RPSNMLLJNHNFFAU76CA,41,57.44,住家用,鋼筋混凝土造,65年10月26日,二層,一層 二層
RPPOMLLKMHNFFAU56CA,22,83.35,住家用,鋼筋混凝土造,85年6月3日,五層,五層 陽台
RPPOMLLKMHNFFAU56CA,22,22.51,共有部份,鋼筋混凝土造,85年6月8日,五層,
RPXNMLTJMHNFFAU97CA,22,50.48,住家用,鋼筋混凝土造,85年5月13日,五層,三層 陽台
RPXNMLTJMHNFFAU97CA,22,9.01,共有部份,鋼筋混凝土造,85年5月13日,五層,
RPTOMLMJMHNFFAU96CA,24,35.90,住家用,鋼筋混凝土造,83年4月26日,七層,一層 平台
RPTOMLMJMHNFFAU96CA,24,12.55,共有部份,鋼筋混凝土造,83年4月26日,七層,
RPTOMLNJMHNFFAU07CA,45,97.85,住商用,鋼筋混凝土加強磚造,62年7月12日,二層,一層 二層 騎樓
RPQOMLTJMHNFFAU37CA,3,362.66,住家用,鋼筋混凝土造,104年5月18日,四層,一層 二層 三層 四層 陽台 屋頂突出物 見其他登記事項
RPRNMLPLMHNFFCU37CA,5,103.80,住家用,鋼筋混凝土造,102年7月3日,四層,一層 二層 三層 四層 陽台 見其他登記事項
RPVNMLMKMHNFFAU17CA,,368.96,住家用,鋼筋混凝土造,106年11月6日,四層,一層 二層 三層 四層 陽台 屋頂突出物
RPRNMLKKMHNFFAU56CA,31,101.30,商業用,鋼筋混凝土造,76年8月24日,二層,一層 二層 陽台
RPVNMLKKMHNFFAU96CA,24,140.24,住家用,鋼筋混凝土造,83年7月15日,二層,一層 二層 陽台 平台 屋頂突出物
RPQNMLMKMHNFFAU66CA,40,69.60,住家用,鋼筋混凝土加強磚造,66年9月1日,二層,一層 二層
RPUNMLLKMHNFFAU96CA,43,127.54,住家用,鋼筋混凝土加強磚造,63年11月1日,二層,一層 二層
RPOOMLQKMHNFFAU17EA,22,140.33,農舍,鋼筋混凝土造,84年11月11日,一層,一層
RPWOMLRLMHNFFAU97CA,,101.96,集合住宅,鋼筋混凝土造,107年1月29日,十一層,六層 陽台
RPWOMLRLMHNFFAU97CA,,38.19,共有部份,鋼筋混凝土造,107年1月29日,十一層,
RPQNMLKKMHNFFAU09CA,36,68.25,住家用,鋼筋混凝土加強磚造,71年8月12日,二層,一層 二層
RPPNMLKKMHNFFAU98CA,23,24.95,住家用,鋼筋混凝土造,84年8月19日,十一層,二層 陽台
RPPNMLKKMHNFFAU98CA,23,8.01,共有部份,鋼筋混凝土造,84年8月19日,十一層,
RPXNMLSKMHNFFCU18CA,,100.11,住家用,木造,,一層,一層 騎樓
RPXNMLKKMHNFFAU17CA,42,87.18,住家用,加強磚造,64年11月1日,二層,一層 二層 騎樓
RPOOMLKKMHNFFAU98CA,26,33.67,住家用,鋼筋混凝土造,81年1月28日,四層,一層 平台
RPOOMLKKMHNFFAU98CA,26,5.59,共有部份,鋼筋混凝土造,81年1月28日,四層,
RPWNMLLKMHNFFAU17CA,36,95.40,住家用,鋼筋混凝土加強磚造,71年5月10日,二層,一層 二層
RPXNMLLKMHNFFAU27CA,39,105.32,住商用,鋼筋混凝土加強磚造,68年6月7日,二層,一層 二層 騎樓
RPQNMLNKMHNFFAU76CA,23,18.70,住家用,鋼筋混凝土造,84年7月1日,五層,二層 陽台
RPQNMLNKMHNFFAU76CA,23,6.00,共有部份,鋼筋混凝土造,84年7月1日,五層,
RPPOMLKKMHNFFAU09CA,19,122.12,住家用,鋼筋混凝土造,88年6月22日,三層,一層 二層 三層 陽台
RPRNMLRKMHNFFAU27CA,23,5.77,共有部份,鋼筋混凝土造,83年11月17日,五層,
RPRNMLRKMHNFFAU27CA,23,25.56,住家用,鋼筋混凝土造,83年11月17日,五層,二層 陽台
RPOOMLOJNHNFFAU76CA,23,53.10,住家用,鋼筋混凝土造,83年11月17日,七層,六層 花台
RPOOMLOJNHNFFAU76CA,23,17.58,共有部份,鋼筋混凝土造,83年11月17日,七層,
RPVNMLSJNHNFFAU77CA,,94.07,集合住宅,鋼筋混凝土造,107年1月29日,十一層,二層 陽台
RPVNMLSJNHNFFAU77CA,,35.24,共有部份,鋼筋混凝土造,107年1月29日,十一層,
RPOOMLTKMHNFFAU27CA,,189.80,住家用,鋼筋混凝土造,107年1月5日,三層,一層 二層 三層 陽台
RPWNMLKLMHNFFAU17CA,5,276.61,農舍,鋼筋混凝土造,102年7月11日,三層,一層 二層 三層 陽台 見其他登記事項
RPPNMLNKMHNFFAU66CA,18,49.58,住家用,鋼筋混凝土造,88年12月8日,五層,三層 陽台
RPPNMLNKMHNFFAU66CA,18,22.58,共有部份,鋼筋混凝土造,88年12月8日,五層,
RPPOMLPLMHNFFCU27CA,34,339.53,住商用,鋼筋混凝土加強磚造,73年4月12日,三層,一層 二層 三層 騎樓
RPUNMLMKMHNFFAU07CA,2,63.53,社區日用品零售及服務設施,鋼筋混凝土造,105年3月7日,六層,一層 陽台
RPUNMLMKMHNFFAU07CA,2,24.48,共有部份,鋼筋混凝土造,105年3月7日,六層,
RPUNMLMKMHNFFAU07CA,2,191.52,社區日用品零售及服務設施,鋼筋混凝土造,105年3月7日,六層,二層 陽台
RPUNMLMKMHNFFAU07CA,2,52.51,共有部份,鋼筋混凝土造,105年3月7日,六層,
RPUNMLMKMHNFFAU07CA,2,34.67,集合社區住宅,鋼筋混凝土造,105年3月7日,六層,三層 陽台
RPUNMLMKMHNFFAU07CA,2,13.03,共有部份,鋼筋混凝土造,105年3月7日,六層,
RPUNMLMKMHNFFAU07CA,2,34.56,集合社區住宅,鋼筋混凝土造,105年3月7日,六層,三層 陽台
RPUNMLMKMHNFFAU07CA,2,13.03,共有部份,鋼筋混凝土造,105年3月7日,六層,
RPUNMLMKMHNFFAU07CA,2,34.56,集合社區住宅,鋼筋混凝土造,105年3月7日,六層,三層 陽台
RPUNMLMKMHNFFAU07CA,2,13.03,共有部份,鋼筋混凝土造,105年3月7日,六層,
RPUNMLMKMHNFFAU07CA,2,34.56,集合社區住宅,鋼筋混凝土造,105年3月7日,六層,三層 陽台
RPUNMLMKMHNFFAU07CA,2,13.03,共有部份,鋼筋混凝土造,105年3月7日,六層,
RPUNMLMKMHNFFAU07CA,2,43.81,集合社區住宅,鋼筋混凝土造,105年3月7日,六層,三層 陽台
RPUNMLMKMHNFFAU07CA,2,13.03,共有部份,鋼筋混凝土造,105年3月7日,六層,
RPUNMLMKMHNFFAU07CA,2,34.67,集合社區住宅,鋼筋混凝土造,105年3月7日,六層,四層 陽台
RPUNMLMKMHNFFAU07CA,2,13.03,共有部份,鋼筋混凝土造,105年3月7日,六層,
RPUNMLMKMHNFFAU07CA,2,34.56,集合社區住宅,鋼筋混凝土造,105年3月7日,六層,四層 陽台
RPUNMLMKMHNFFAU07CA,2,13.03,共有部份,鋼筋混凝土造,105年3月7日,六層,
RPUNMLMKMHNFFAU07CA,2,34.56,集合社區住宅,鋼筋混凝土造,105年3月7日,六層,四層 陽台
RPUNMLMKMHNFFAU07CA,2,13.03,共有部份,鋼筋混凝土造,105年3月7日,六層,
RPUNMLMKMHNFFAU07CA,2,34.56,集合社區住宅,鋼筋混凝土造,105年3月7日,六層,四層 陽台
RPUNMLMKMHNFFAU07CA,2,13.03,共有部份,鋼筋混凝土造,105年3月7日,六層,
RPUNMLMKMHNFFAU07CA,2,43.81,集合社區住宅,鋼筋混凝土造,105年3月7日,六層,四層 陽台
RPUNMLMKMHNFFAU07CA,2,13.03,共有部份,鋼筋混凝土造,105年3月7日,六層,
RPUNMLMKMHNFFAU07CA,2,34.67,集合社區住宅,鋼筋混凝土造,105年3月7日,六層,五層 陽台
RPUNMLMKMHNFFAU07CA,2,13.03,共有部份,鋼筋混凝土造,105年3月7日,六層,
RPUNMLMKMHNFFAU07CA,2,34.56,集合社區住宅,鋼筋混凝土造,105年3月7日,六層,五層 陽台
RPUNMLMKMHNFFAU07CA,2,13.03,共有部份,鋼筋混凝土造,105年3月7日,六層,
RPUNMLMKMHNFFAU07CA,2,34.56,集合社區住宅,鋼筋混凝土造,105年3月7日,六層,五層 陽台
RPUNMLMKMHNFFAU07CA,2,13.03,共有部份,鋼筋混凝土造,105年3月7日,六層,
RPUNMLMKMHNFFAU07CA,2,34.67,集合社區住宅,鋼筋混凝土造,105年3月7日,六層,六層 陽台
RPUNMLMKMHNFFAU07CA,2,13.03,共有部份,鋼筋混凝土造,105年3月7日,六層,
RPUNMLMKMHNFFAU07CA,2,34.56,集合社區住宅,鋼筋混凝土造,105年3月7日,六層,六層 陽台
RPUNMLMKMHNFFAU07CA,2,13.03,共有部份,鋼筋混凝土造,105年3月7日,六層,
RPUNMLMKMHNFFAU07CA,2,34.56,集合社區住宅,鋼筋混凝土造,105年3月7日,六層,六層 陽台
RPUNMLMKMHNFFAU07CA,2,13.03,共有部份,鋼筋混凝土造,105年3月7日,六層,
RPUNMLMKMHNFFAU07CA,2,34.56,集合社區住宅,鋼筋混凝土造,105年3月7日,六層,六層 陽台
RPUNMLMKMHNFFAU07CA,2,13.03,共有部份,鋼筋混凝土造,105年3月7日,六層,
RPOOMLRJNHNFFAU07CA,32,52.89,住家用,鋼筋混凝土加強磚造,74年11月15日,一層,一層
RPWNMLRLMHNFFAU87CA,24,305.29,住商用,鋼筋混凝土造,82年12月6日,五層,一層 二層 三層 四層 五層 陽台 平台 騎樓
RPQOMLQKMHNFFAU17CA,37,29.75,住商用,鋼筋混凝土造,70年7月24日,三層,一層 二層 三層 騎樓
RPXNMLTKMHNFFAU08CA,45,92.61,住家用,鋼筋混凝土加強磚造,62年8月28日,二層,一層 二層
RPPNMLTKMHNFFAU27CA,18,65.56,住家用,鋼筋混凝土造,89年5月9日,六層,四層 陽台
RPPNMLTKMHNFFAU27CA,18,24.15,共有部份,鋼筋混凝土造,89年5月9日,六層,
RPOOMLSJNHNFFAU17CA,,94.07,集合住宅,鋼筋混凝土造,107年1月29日,十一層,三層 陽台
RPOOMLSJNHNFFAU17CA,,35.24,共有部份,鋼筋混凝土造,107年1月29日,十一層,
RPPOMLSJNHNFFAU27CA,,96.45,集合住宅,鋼筋混凝土造,107年1月29日,十一層,八層 陽台
RPPOMLSJNHNFFAU27CA,,36.13,共有部份,鋼筋混凝土造,107年1月29日,十一層,
RPPOMLSJNHNFFAU27CA,,18.46,共有部份,鋼筋混凝土造,107年1月29日,十一層,
RPQOMLSJNHNFFAU37CA,,96.45,集合住宅,鋼筋混凝土造,107年1月29日,十一層,四層 陽台
RPQOMLSJNHNFFAU37CA,,36.13,共有部份,鋼筋混凝土造,107年1月29日,十一層,
RPQOMLSJNHNFFAU37CA,,18.46,共有部份,鋼筋混凝土造,107年1月29日,十一層,
RPWNMLNLMHNFFAU47CA,13,214.56,住家用,鋼筋混凝土造,94年5月3日,三層,一層 二層 三層 陽台 屋頂突出物
RPRNMLNKMHNFFAU86CA,34,66.91,住家用,鋼筋混凝土造,73年6月25日,五層,四層 陽台
RPRNMLNKMHNFFAU86CA,34,6.00,共有部份,鋼筋混凝土造,73年6月25日,五層,
RPRNMLNKMHNFFAU86CA,34,6.97,共有部份,鋼筋混凝土造,73年6月25日,五層,
RPUNMLLKNHNFFAU07CA,22,76.63,住家用,鋼筋混凝土造,85年2月5日,十二層,六層 陽台
RPUNMLLKNHNFFAU07CA,22,12.41,共有部份,鋼筋混凝土造,85年2月5日,十二層,
RPUNMLLKNHNFFAU07CA,22,9.53,共有部份,鋼筋混凝土造,85年2月5日,十二層,
RPVNMLSKMHNFFAU77CA,23,29.70,住家用,鋼筋混凝土造,84年8月19日,十一層,三層 陽台 花台
RPVNMLSKMHNFFAU77CA,23,8.90,共有部份,鋼筋混凝土造,84年8月19日,十一層,
RPUOMLSJNHNFFAU77CA,,94.07,集合住宅,鋼筋混凝土造,107年1月29日,十一層,九層 陽台
RPUOMLSJNHNFFAU77CA,,35.24,共有部份,鋼筋混凝土造,107年1月29日,十一層,
RPUOMLSJNHNFFAU77CA,,18.46,共有部份,鋼筋混凝土造,107年1月29日,十一層,
RPWNMLRKMHNFFAU77CA,24,179.20,住家用,鋼筋混凝土造,82年12月23日,三層,一層 二層 三層 陽台 平台 屋頂突出物
RPQNMLRKMHNFFAU17CA,35,104.32,住家用,鋼筋混凝土造,71年11月9日,二層,一層 二層 陽台 屋頂突出物
RPVOMLQKMHNFFAU67CA,30,34.24,商業用,鋼筋混凝土造,76年11月4日,七層,四層 陽台
RPVOMLQKMHNFFAU67CA,30,11.36,共有部份,鋼筋混凝土造,76年11月4日,七層,
RPUNMLRKMHNFFAU57CA,28,466.71,住商用,鋼筋混凝土造,78年11月30日,四層,一層 二層 三層 四層 陽台 防空避難室 屋頂突出物 騎樓
RPUOMLRKMHNFFAU67CA,,298.12,農舍,鋼筋混凝土造,107年2月6日,三層,一層 二層 三層 陽台 屋頂突出物 見其他登記事項
RPPNMLTLMHNFFAU37CA,20,88.60,住家用,鋼筋混凝土造,87年4月3日,十層,三層 陽台
RPPNMLTLMHNFFAU37CA,20,17.00,共有部份,鋼筋混凝土造,87年4月3日,十層,
RPPNMLTLMHNFFAU37CA,20,9.23,共有部份,鋼筋混凝土造,87年4月3日,十層,
RPPNMLTLMHNFFAU37CA,20,8.45,共有部份,鋼筋混凝土造,87年4月3日,十層,
RPQNMLLJNHNFFAU56CA,20,254.37,住商用,鋼筋混凝土造,87年4月4日,四層,一層 二層 三層 四層 陽台 平台 騎樓
RPQNMLSKMHNFFCU47CA,35,109.88,住商用,鋼筋混凝土加強磚造,72年2月3日,二層,一層 二層
RPQPMLTKMHNFFAU67DA,23,167.56,住商用,鋼筋混凝土造,84年3月28日,七層,一層 二層 騎樓 見其他登記事項
RPQPMLTKMHNFFAU67DA,23,28.07,共有部份,鋼筋混凝土造,84年3月28日,七層,
RPUNMLMJNHNFFAU07CA,33,96.98,住商用,鋼筋混凝土加強磚造,74年3月9日,二層,一層 二層 騎樓
RPXNMLMJNHNFFAU37CA,25,32.76,住家用,鋼筋混凝土造,81年10月9日,十二層,七層
RPXNMLMJNHNFFAU37CA,25,11.48,共有部份,鋼筋混凝土造,81年10月9日,十二層,
RPQOMLRKMHNFFAU27CA,19,120.96,住家用,鋼筋混凝土造,88年4月14日,五層,三層 陽台 雨遮
RPQOMLRKMHNFFAU27CA,19,8.26,共有部份,鋼筋混凝土造,88年4月14日,五層,
RPQOMLRKMHNFFAU27CA,19,12.91,共有部份,鋼筋混凝土造,88年4月14日,五層,
RPQNMLSJNHNFFBU37CA,31,97.24,住家用,鋼筋混凝土加強磚造,75年10月1日,二層,一層 二層 騎樓
RPROMLKLMHNFFAU76CA,24,53.44,住家用,鋼筋混凝土造,83年2月2日,七層,二層 花台
RPROMLKLMHNFFAU76CA,,18.16,共有部份,鋼筋混凝土造,,七層,
RPROMLPKNHNFFAU27CA,24,144.96,住商用,鋼筋混凝土造,83年7月29日,九層,一層 二層 三層 陽台 平台 騎樓 花台
RPROMLPKNHNFFAU27CA,24,34.69,共有部份,鋼筋混凝土造,83年7月29日,九層,
RPVOMLRKMHNFFAU77CA,9,167.49,住家用,鋼筋混凝土造,98年2月13日,三層,一層 二層 三層 陽台 屋頂突出物
RPQNMLOLMHNFFAU96CA,33,86.81,住家用,鋼筋混凝土加強磚造,73年12月11日,二層,一層 二層
RPRNMLSKMHNFFAU37CA,19,113.78,住家用,鋼筋混凝土造,88年5月20日,五層,四層 五層 陽台 見其他登記事項
RPRNMLSKMHNFFAU37CA,19,13.40,停車空間,鋼筋混凝土造,88年5月20日,五層,
RPRNMLSKMHNFFAU37CA,19,25.67,共有部份,鋼筋混凝土造,88年5月20日,五層,
RPPNMLLJNHNFFAU09CA,45,83.31,住家用,鋼筋混凝土加強磚造,61年12月20日,二層,一層 二層
RPSPMLRLMHNFFAU67CA,39,17.45,住家用,鋼筋混凝土造,67年12月18日,七層,七層
RPSPMLRLMHNFFAU67CA,6,4.53,共有部份,鋼筋混凝土造,100年9月14日,七層,
RPWNMLTKMHNFFAU97CA,22,64.05,住家用,鋼筋混凝土造,85年3月5日,五層,三層
RPWNMLTKMHNFFAU97CA,22,19.90,共有部份,鋼筋混凝土造,85年3月5日,五層,
RPQNMLKLMHNFFAU56CA,,49.00,住家用,紅磚及木造,,一層,一層
RPPNMLKLMHNFFAU09CA,21,47.85,住家用,鋼筋混凝土造,86年8月27日,九層,二層 三層 陽台 露台
RPPNMLKLMHNFFAU09CA,21,8.70,共有部份,鋼筋混凝土造,86年8月27日,九層,
RPPNMLKLMHNFFAU09CA,21,6.49,共有部份,鋼筋混凝土造,86年8月27日,九層,
RPPNMLKLMHNFFAU09CA,21,2.21,共有部份,鋼筋混凝土造,86年8月27日,九層,
RPWOMLTKMHNFFAU08CA,,101.96,集合住宅,鋼筋混凝土造,107年1月29日,十一層,五層 陽台
RPWOMLTKMHNFFAU08CA,,38.41,共有部份,鋼筋混凝土造,107年1月29日,十一層,
RPWOMLTKMHNFFAU08CA,,18.46,共有部份,鋼筋混凝土造,107年1月29日,十一層,
RPQOMLNLMHNFFAU96CA,22,67.42,住家用,鋼筋混凝土造,84年11月4日,十層,七層 陽台
RPQOMLNLMHNFFAU96CA,22,11.70,共有部份,鋼筋混凝土造,84年11月4日,十層,
RPQOMLNLMHNFFAU96CA,22,15.11,共有部份,鋼筋混凝土造,84年11月4日,十層,
RPUOMLTKMHNFFAU87CA,19,145.04,住家用,鋼筋混凝土造,88年3月23日,三層,一層 二層 三層 陽台
RPVNMLNLMHNFFAU37CA,,72.70,住家用,鋼筋混凝土造,,一層,一層
RPVNMLRKNHNFFAU77CA,34,191.63,住家用,鋼筋混凝土加強磚造,73年1月6日,二層,一層 二層 陽台 屋頂突出物 夾層
RPPNMLOJNHNFFBU86CA,32,92.54,住家用,鋼筋混凝土加強磚造,75年9月12日,二層,一層 二層 騎樓
RPTNMLRKNHNFFAU57CA,36,156.22,住家用,鋼筋混凝土加強磚造,70年12月4日,二層,一層 二層 屋頂突出物
RPTNMLKLMHNFFAU86CA,,30.38,住家用,木造,,一層,一層 騎樓 廚房
RPSOMLSJNHNFFAU57CA,23,18.63,住家用,鋼筋混凝土造,83年11月15日,十二層,六層
RPSOMLSJNHNFFAU57CA,23,5.76,共有部份,鋼筋混凝土造,83年11月15日,十二層,
RPSOMLSJNHNFFAU57CA,23,3.18,共有部份,鋼筋混凝土造,83年11月15日,十二層,
RPRNMLNLMHNFFAU96CA,24,8.86,避難室、停車場,鋼筋混凝土造,83年6月11日,九層,
RPRNMLNLMHNFFAU96CA,24,87.69,住家用,鋼筋混凝土造,83年6月11日,九層,七層 陽台
RPRNMLNLMHNFFAU96CA,24,8.25,共有部份,鋼筋混凝土造,83年6月11日,九層,
RPRNMLNLMHNFFAU96CA,24,9.44,共有部份,鋼筋混凝土造,83年6月11日,九層,
RPROMLNLMHNFFAU07CA,37,185.05,住家用,鋼筋混凝土造,70年3月16日,三層,一層 二層 三層
RPSOMLNLMHNFFAU17CA,,300.74,住家用,鋼筋混凝土造,107年1月17日,四層,一層 二層 三層 四層 陽台 屋頂突出物
RPUNMLKLMHNFFAU96CA,4,287.65,住家用,鋼筋混凝土造,103年6月18日,四層,一層 二層 三層 四層 陽台 見其他登記事項
RPSOMLRLMHNFFAU57CA,24,64.87,住家用,鋼筋混凝土造,83年2月2日,七層,三層 陽台 花台
RPSOMLRLMHNFFAU57CA,,17.57,共有部份,鋼筋混凝土造,,七層,
RPPNMLNLNHNFFCU07CA,,272.75,住家用,鋼筋混凝土造,107年2月23日,四層,一層 二層 三層 四層 陽台
RPRNMLLLMHNFFCU96CA,,266.93,住家用,鋼筋混凝土造,107年2月23日,四層,一層 二層 三層 四層 陽台
RPQNMLRJNHNFFAU17CA,10,227.21,住家用,鋼筋混凝土造,96年11月6日,三層,一層 二層 三層 陽台
RPUNMLLLMHNFFCU27CA,,353.92,住家用,鋼筋混凝土造,107年2月26日,四層,一層 二層 三層 四層 陽台
RPSNMLLLMHNFFCU07CA,,262.87,住家用,鋼筋混凝土造,107年2月23日,四層,一層 二層 三層 四層 陽台
RPSNMLPLMHNFFCU47CA,34,108.78,住家用,鋼筋混凝土加強磚造,73年7月1日,二層,一層 二層 陽台 騎樓
RPVNMLOJNHNFFCU57CA,8,221.20,住家用,鋼筋混凝土造,99年8月11日,三層,一層 二層 三層 陽台 見其他登記事項
RPSNMLRLMHNFFAU47CA,23,174.09,停車空間、住宅,鋼筋混凝土造,83年9月29日,四層,一層 二層 三層 四層 陽台 平台 屋頂突出物 花台
RPRNMLOLMHNFFAU07CA,36,81.46,住家用,鋼筋混凝土加強磚造,70年12月24日,二層,一層 二層
RPXNMLNLMHNFFAU57CA,40,109.18,住商用,鋼筋混凝土加強磚造,66年12月27日,二層,一層 二層 騎樓
RPUNMLNLMHNFFAU27CA,73,96.77,住商用,鋼筋水泥磚造木造,34年3月1日,二層,一層 二層
RPOOMLOLMHNFFAU86CA,24,201.00,住商用,鋼筋混凝土造,83年7月5日,三層,一層 二層 三層 陽台 平台 屋頂突出物 見其他登記事項
RPTNMLSJNHNFFAU57CA,18,19.67,住家用,鋼筋混凝土造,88年11月25日,六層,二層 陽台
RPTNMLSJNHNFFAU57CA,18,16.68,共有部份,鋼筋混凝土造,88年11月25日,六層,
RPROMLRKNHNFFAU47CA,,96.45,集合住宅,鋼筋混凝土造,107年1月29日,十一層,六層 陽台
RPROMLRKNHNFFAU47CA,,36.13,共有部份,鋼筋混凝土造,107年1月29日,十一層,
RPPOMLOLMHNFFAU96CA,14,157.07,住家用,鋼筋混凝土造,93年5月26日,三層,一層 二層 三層 陽台 平台 屋頂突出物
RPPNMLPLMHNFFAU96CA,23,28.78,住家用,鋼筋混凝土造,84年3月3日,五層,二層 陽台
RPPNMLPLMHNFFAU96CA,23,7.25,共有部份,鋼筋混凝土造,84年3月3日,五層,
RPQNMLQLMHNFFAU17CA,23,171.04,停車空間、住宅,鋼筋混凝土造,83年9月29日,四層,一層 二層 三層 四層 陽台 平台 屋頂突出物 花台
RPPNMLMJNHNFFCU76CA,29,138.30,住家用,鋼筋混凝土加強磚造,78年3月7日,一層,一層
RPQNMLPLMHNFFAU27EA,37,113.33,住商用,鋼筋混凝土加強磚造,70年4月27日,二層,一層 二層 騎樓
RPUNMLQLMHNFFAU57CA,36,108.64,住家用,鋼筋混凝土加強磚造,70年12月7日,二層,一層 二層
RPPNMLKMMHNFFAU56CA,21,39.79,住商用,鋼筋混凝土造,86年2月24日,十層,五層 陽台
RPPNMLKMMHNFFAU56CA,21,10.01,共有部份,鋼筋混凝土造,86年2月24日,十層,
RPPNMLNJNHNFFAU66CA,2,248.49,住家用,鋼筋混凝土造,104年12月21日,四層,一層 二層 三層 四層 陽台
RPRNMLQLMHNFFAU27CA,24,323.07,住家用,鋼筋混凝土造,83年4月15日,四層,一層 二層 三層 四層 陽台 屋頂突出物
RPSNMLLLNHNFFAU96CA,40,112.03,住商用,鋼筋混凝土加強磚造,67年8月15日,二層,一層 二層 騎樓
RPPNMLQLMHNFFBU17CA,24,139.22,住家用,鋼筋混凝土造,82年12月27日,二層,一層 二層 陽台 屋頂突出物
RPXNMLOJNHNFFAU57CA,24,51.31,住家用,鋼筋混凝土造,82年12月16日,五層,一層 平台
RPXNMLOJNHNFFAU57CA,24,7.89,共有部份,鋼筋混凝土造,82年12月16日,五層,
RPQNMLLJNHNFFBU86EA,33,90.50,住商用,鋼筋混凝土加強磚造,74年7月10日,二層,一層 二層 騎樓
RPPNMLSJNHNFFAU37EA,,200.68,住家用,鋼筋混凝土造,107年1月17日,四層,一層 二層 三層 四層 陽台
RPOPMLRLMHNFFAU47EA,30,58.54,住商用,鋼筋混凝土造,77年4月28日,四層,一層 二層 三層 四層 陽台 屋頂突出物 騎樓
RPTNMLOJNHNFFAU27DA,23,215.55,住家用,鋼筋混凝土造,84年5月12日,四層,一層 二層 三層 四層 見其他登記事項 見其他登記事項
RPQNMLKMMHNFFAU66CA,34,82.31,住家用,鋼筋混凝土造,73年9月19日,五層,五層 陽台
RPQNMLKMMHNFFAU66CA,34,13.88,共有部份,鋼筋混凝土造,73年9月19日,五層,
RPQNMLKMMHNFFAU66CA,34,10.28,共有部份,鋼筋混凝土造,73年9月19日,五層,
RPRNMLKMMHNFFAU76CA,8,353.07,農舍,鋼筋混凝土造,99年8月3日,三層,一層 二層 三層 陽台
RPUPMLRLMHNFFAU87CA,23,269.15,住家用,鋼筋混凝土造,83年11月24日,五層,一層 二層 三層 四層 五層 陽台 平台 屋頂突出物
RPTOMLSJNHNFFAU67CA,43,74.68,住商用,鋼筋混凝土造,64年1月27日,二層,一層 二層 騎樓
RPOOMLRLMHNFFAU17CA,7,232.05,住家用,鋼筋混凝土造,100年7月18日,三層,一層 二層 三層 陽台
RPXOMLRLMHNFFAU08CA,,200.25,住家用,鋼筋混凝土造,107年1月17日,四層,一層 二層 三層 四層 陽台
RPXNMLRLMHNFFAU97CA,3,293.27,住家用,鋼筋混凝土造,104年4月17日,四層,一層 二層 三層 四層 陽台
RPRNMLQKNHNFFAU27CA,3,362.36,住家用,鋼筋混凝土造,104年2月9日,四層,一層 二層 三層 四層 陽台 騎樓 見其他登記事項
RPQNMLKMMHNFFBU76CA,,106.20,住家用,木石磚造、加強磚造,,2,一層 二層
RPXNMLPLNHNFFAU87CA,38,116.92,住家用,鋼筋混凝土加強磚造,69年4月21日,二層,一層 二層
RPSOMLRKNHNFFAU57CA,4,234.64,住家用,鋼筋混凝土造,103年4月22日,四層,一層 二層 三層 四層 陽台 雨遮
RPOPMLKKNHNFFAU56CA,19,131.00,住家用,鋼筋混凝土造,88年6月21日,三層,一層 二層 三層 陽台 平台
RPUNMLOKNHNFFAU37CA,32,117.51,住商用,鋼筋混凝土造,75年7月24日,二層,一層 二層 陽台 騎樓
RPWNMLPLNHNFFAU77CA,20,90.70,住家用,鋼筋混凝土造,87年4月3日,十層,一層 平台 騎樓
RPWNMLPLNHNFFAU77CA,20,18.02,共有部份,鋼筋混凝土造,87年4月3日,十層,
RPWNMLPLNHNFFAU77CA,20,8.01,共有部份,鋼筋混凝土造,87年4月3日,十層,
RPVNMLKMMHNFFBU27CA,107,80.99,住家用,鋼筋混凝土加強磚造,0年1月1日,二層,二層 陽台
RPVNMLRJNHNFFAU67CA,33,79.73,住家用,鋼筋混凝土造,74年3月19日,五層,二層
RPVNMLRJNHNFFAU67CA,33,12.03,共有部份,鋼筋混凝土造,74年3月19日,五層,
RPVNMLNJNHNFFAU27CA,26,28.16,住家用,鋼筋混凝土造,81年8月20日,五層,四層 陽台
RPVNMLNJNHNFFAU27CA,26,6.60,共有部份,鋼筋混凝土造,81年8月20日,五層,
RPPNMLMJNHNFFAU76EA,1,198.05,住家用,鋼筋混凝土造,106年8月23日,三層,一層 二層 三層 陽台 屋頂突出物
RPUNMLKMNHNFFAU37EA,24,5.77,商業用,鋼筋混凝土造,83年6月30日,十二層,二層 陽台
RPUNMLKMNHNFFAU37EA,24,1.30,共有部份,鋼筋混凝土造,83年6月30日,十二層,
RPUNMLKMNHNFFAU37EA,24,3.04,共有部份,鋼筋混凝土造,83年6月30日,十二層,
RPXNMLNJNHNFFAU47CA,35,104.32,住家用,鋼筋混凝土造,71年11月9日,二層,一層 二層 陽台 屋頂突出物
RPSNMLMJNHNFFAU86CA,38,74.80,住家用,鋼筋混凝土加強磚造,69年7月19日,二層,一層 二層
RPWNMLMJNHNFFAU27CA,1,315.99,住家用,鋼筋混凝土造,106年4月14日,四層,一層 二層 三層 四層 陽台
RPQNMLMJNHNFFAU66CA,37,172.96,住家用,鋼筋混凝土造,70年4月17日,三層,一層 二層 三層 防空避難室 屋頂突出物
RPRNMLLJNHNFFAU66CA,44,24.25,住家用,木石磚造（磚石造）,,一層,一層
RPQOMLKKNHNFFAU66CA,25,118.79,住商用,鋼筋混凝土造,82年9月23日,三層,一層 二層 三層 陽台 平台
RPOOMLPLNHNFFAU07CA,33,128.21,住家用,鋼筋混凝土造,74年5月7日,二層,一層 二層 陽台 屋頂突出物 夾層
RPOOMLRKNHNFFAU17CA,,17.69,住家用,蓋瓦木造,,一層,一層
RPQOMLPKNHNFFAU17CA,42,97.73,住家用,鋼筋混凝土造,65年8月13日,二層,一層 二層 騎樓
RPUNMLSJNHNFFAU67CA,35,76.17,住家用,鋼筋混凝土造,72年9月10日,四層,四層
RPUNMLSJNHNFFAU67CA,35,6.47,共有部份,鋼筋混凝土造,72年9月10日,四層,
RPPOMLQKNHNFFAU17CA,35,79.07,住家用,鋼筋混凝土造,72年9月10日,四層,四層
RPPOMLQKNHNFFAU17CA,35,8.32,共有部份,鋼筋混凝土造,72年9月10日,四層,
RPRNMLMJNHNFFAU76CA,40,219.96,工業用,鋼筋混凝土加強磚造,67年1月17日,一層,一層
RPQOMLNJNHNFFAU07EA,18,108.80,住家用,鋼筋混凝土造,89年6月9日,七層,五層 陽台
RPQOMLNJNHNFFAU07EA,18,21.89,共有部份,鋼筋混凝土造,89年6月9日,七層,
RPQOMLNJNHNFFAU07EA,18,55.65,共有部份,鋼筋混凝土造,89年6月9日,七層,
RPTNMLMJNHNFFAU96CA,26,49.14,住家用,鋼筋混凝土造,81年4月22日,五層,四層 陽台
RPTNMLMJNHNFFAU96CA,26,7.65,共有部份,鋼筋混凝土造,81年4月22日,五層,
RPPOMLMJNHNFFAU66CA,21,84.43,住商用,鋼筋混凝土造,86年2月24日,十層,七層 陽台
RPPOMLMJNHNFFAU66CA,21,20.71,共有部份,鋼筋混凝土造,86年2月24日,十層,
RPWNMLNJNHNFFAU37CA,3,314.29,住家用,鋼筋混凝土造,104年7月8日,四層,一層 二層 三層 四層 陽台 屋頂突出物
RPSNMLNJNHNFFAU96CA,21,27.02,住家用,鋼筋混凝土造,86年8月1日,七層,二層 陽台 花台
RPSNMLNJNHNFFAU96CA,21,6.06,停車空間,鋼筋混凝土造,86年8月1日,七層,
RPSNMLNJNHNFFAU96CA,21,9.75,共有部份,鋼筋混凝土造,86年8月1日,七層,
RPRNMLNJNHNFFAU86CA,22,26.06,住家用,鋼筋混凝土造,85年2月2日,十層,十層 夾層
RPRNMLNJNHNFFAU86CA,22,3.92,共有部份,鋼筋混凝土造,85年2月2日,十層,
RPRNMLNJNHNFFAU86CA,22,11.87,共有部份,鋼筋混凝土造,85年2月2日,十層,
RPRNMLNJNHNFFAU86CA,22,.74,共有部份,鋼筋混凝土造,85年2月2日,十層,
RPRNMLRJNHNFFAU27CA,2,266.89,住家用,鋼筋混凝土造,104年11月27日,三層,一層 二層 三層 陽台 屋頂突出物 雨遮
RPWNMLOJNHNFFAU47CA,19,102.98,住家用,鋼筋混凝土造,88年5月20日,五層,二層 三層 陽台 平台 雨遮
RPWNMLOJNHNFFAU47CA,19,13.40,停車空間,鋼筋混凝土造,88年5月20日,五層,
RPWNMLOJNHNFFAU47CA,19,22.58,共有部份,鋼筋混凝土造,88年5月20日,五層,
RPTNMLNJNHNFFAU07CA,23,89.65,住家用,鋼筋混凝土造,84年2月22日,八層,六層 陽台 花台
RPTNMLNJNHNFFAU07CA,23,17.77,共有部份,鋼筋混凝土造,84年2月22日,八層,
RPTNMLNJNHNFFAU07CA,23,22.25,共有部份,鋼筋混凝土造,84年2月22日,八層,
RPSOMLLMNHNFFAU17CA,23,34.07,住家用,鋼筋混凝土造,84年3月16日,五層,五層 陽台
RPSOMLLMNHNFFAU17CA,23,8.66,共有部份,鋼筋混凝土造,84年3月16日,五層,
RPPOMLPLNHNFFAU17CA,39,75.76,住家用,鋼筋混凝土造,68年5月12日,四層,二層
RPPOMLPLNHNFFAU17CA,39,1.96,共有部份,鋼筋混凝土造,68年5月12日,四層,
RPPOMLPLNHNFFAU17CA,39,4.50,共有部份,鋼筋混凝土造,68年3月13日,四層,
RPSNMLTLNHNFFAU77CA,,101.96,集合住宅,鋼筋混凝土造,107年1月29日,十一層,八層 陽台
RPSNMLTLNHNFFAU77CA,,38.19,共有部份,鋼筋混凝土造,107年1月29日,十一層,
RPSOMLOJNHNFFAU17CA,1,247.28,住家用,鋼筋混凝土造,105年11月30日,四層,一層 二層 三層 四層 陽台
RPSOMLQKNHNFFAU67EA,35,88.78,醫療保健室,鋼筋混凝土加強磚造,71年10月1日,一層,一層
RPQOMLRJNHNFFAU27CA,12,194.69,住家用,鋼筋混凝土造,95年6月19日,四層,一層 二層 三層 四層 陽台
RPROMLRJNHNFFAU37CA,28,102.77,住家用,鋼筋混凝土造,78年12月6日,五層,四層 陽台
RPROMLRJNHNFFAU37CA,28,16.56,共有部份,鋼筋混凝土造,78年12月6日,五層,
RPXNMLRJNHNFFAU87CA,33,71.37,住家用,鋼筋混凝土造,74年7月30日,五層,四層 陽台
RPXNMLRJNHNFFAU87CA,33,10.65,共有部份,鋼筋混凝土造,74年7月30日,五層,
RPSNMLSJNHNFFAU47CA,22,31.44,住家用,鋼筋混凝土造,85年1月4日,六層,四層 陽台
RPSNMLSJNHNFFAU47CA,22,11.83,共有部份,鋼筋混凝土造,85年1月4日,六層,
RPOOMLLKNHNFFAU56CA,26,257.44,店鋪、自用貯藏室,鋼筋混凝土造,81年5月4日,四層,一層 二層 三層 四層 陽台 騎樓
RPROMLTJNHNFFAU57CA,2,340.89,農舍,鋼筋混凝土造,105年1月13日,四層,一層 二層 三層 四層 陽台 屋頂突出物
RPPNMLTJNHNFFAU27CA,22,18.34,住家用,鋼筋混凝土造,85年3月6日,五層,五層 陽台
RPPNMLTJNHNFFAU27CA,22,4.16,共有部份,鋼筋混凝土造,85年3月6日,五層,
RPTNMLOKNHNFFAU27CA,5,168.64,住家用,鋼筋混凝土造,101年12月14日,二層,一層 二層 陽台 屋頂突出物
RPPOMLLKNHNFFAU66CA,39,70.08,住家用,鋼筋混凝土加強磚造,68年4月9日,二層,一層 二層
RPTNMLTJNHNFFAU67CA,30,71.29,住商用,鋼筋混凝土造,76年11月11日,二層,一層 二層 陽台 騎樓
RPSOMLTJNHNFFAU67CA,2,179.33,住家用,鋼筋混凝土造,105年1月29日,三層,一層 二層 三層 陽台
RPOOMLKKNHNFFAU09CA,19,120.96,住家用,鋼筋混凝土造,88年4月14日,五層,五層 陽台 雨遮
RPOOMLKKNHNFFAU09CA,19,12.91,共有部份,鋼筋混凝土造,88年4月14日,五層,
RPOOMLKKNHNFFAU09CA,19,8.26,共有部份,鋼筋混凝土造,88年4月14日,五層,
RPRNMLLKNHNFFAU76CA,2,221.04,住家用,鋼筋混凝土造,105年1月6日,二層,一層 二層 陽台
RPQOMLLMNHNFFAU96CA,22,45.15,住家用,鋼筋混凝土造,85年1月30日,五層,五層 陽台
RPQOMLLMNHNFFAU96CA,22,15.99,共有部份,鋼筋混凝土造,85年1月30日,五層,
RPTNMLLJOHNFFAU96CA,17,155.13,住家用,鋼筋混凝土造,90年7月3日,三層,一層 二層 三層 陽台 平台 屋頂突出物
RPWNMLSJNHNFFAU87CA,35,71.26,住家用,鋼筋混凝土加強磚造,71年11月30日,二層,一層 二層
RPTOMLPLNHNFFAU57CA,18,156.62,住家用,鋼筋混凝土造,89年8月7日,十二層,十一層 十二層 陽台 露台 花台 雨遮
RPTOMLPLNHNFFAU57CA,18,40.55,共有部份,鋼筋混凝土造,89年8月7日,十五層,
RPTOMLPLNHNFFAU57CA,18,1.33,共有部份,鋼筋混凝土造,89年8月7日,十五層,
RPTOMLPLNHNFFAU57CA,18,14.09,停車空間,鋼筋混凝土造,89年8月7日,十五層,
RPTOMLPLNHNFFAU57CA,18,26.48,共有部份,鋼筋混凝土造,89年8月7日,十二層,
RPPNMLKKNHNFFBU56CA,22,110.72,住家用,磚造,85年1月25日,一層,一層
RPPPMLKKNHNFFAU66CA,8,270.18,住家用,鋼筋混凝土造,99年5月20日,十四層,五層 陽台 雨遮
RPPPMLKKNHNFFAU66CA,8,13.58,停車空間,鋼筋混凝土造,99年5月20日,十四層,
RPPPMLKKNHNFFAU66CA,8,68.09,共有部份,鋼筋混凝土造,99年5月20日,十四層,
RPQNMLTJNHNFFAU37CA,14,166.08,住家用,鋼筋混凝土造,93年3月25日,三層,一層 二層 三層 陽台 屋頂突出物
RPSNMLLJOHNFFCU07CA,21,250.54,住商用,鋼筋混凝土造,86年6月27日,三層,一層 二層 三層 陽台 騎樓
RPPNMLSJNHNFFCU37CA,20,147.71,住商用,鋼筋混凝土加強磚造,87年5月13日,二層,一層 二層 陽台 屋頂突出物 騎樓
RPWNMLTJNHNFFAU97CA,2,274.25,住家用,鋼筋混凝土造,105年6月14日,三層,一層 二層 三層 陽台 屋頂突出物
RPVNMLTJNHNFFAU87CA,24,47.42,住家用,鋼筋混凝土造,83年4月13日,十二層,六層 陽台 花台
RPVNMLTJNHNFFAU87CA,24,14.93,共有部份,鋼筋混凝土造,83年4月13日,十二層,
RPOOMLTJNHNFFAU27CA,46,148.05,住家用,鋼筋水泥磚蓋瓦,61年8月7日,一層,一層 騎樓
RPRNMLSJNHNFFCU77EA,,230.86,住家用,鋼筋混凝土造,107年2月6日,四層,一層 二層 三層 四層 陽台
RPWOMLKKNHNFFAU27CA,14,156.25,住家用,鋼筋混凝土造,93年6月18日,三層,一層 二層 三層 陽台 雨遮 見其他登記事項
RPVNMLKKNHNFFAU07CA,3,314.29,住家用,鋼筋混凝土造,104年7月8日,四層,一層 二層 三層 四層 陽台 屋頂突出物
RPUNMLKKNHNFFAU96CA,38,181.27,住商用,鋼筋混凝土造,69年4月22日,二層,一層 二層 屋頂突出物 騎樓
RPUOMLOKNHNFFAU47CA,37,91.68,住家用,鋼筋混凝土造,70年6月11日,四層,四層
RPQOMLLKNHNFFAU76CA,37,100.20,住商用,鋼筋混凝土加強磚造,70年6月12日,二層,一層 二層 騎樓
RPUOMLOKNHNFFAU47CA,37,16.32,共有部份,鋼筋混凝土造,70年6月11日,四層,
RPOOMLQKNHNFFAU07CA,25,225.82,住家用,鋼筋混凝土造,81年12月8日,三層,一層 二層 三層 陽台 見其他登記事項
RPVNMLPLNHNFFAU67CA,12,227.07,住家用,鋼筋混凝土造,95年3月28日,三層,一層 二層 三層 陽台 屋頂突出物
RPPOMLPKNHNFFAU07CA,21,35.03,住商用,鋼筋混凝土造,86年2月24日,十層,九層
RPPOMLPKNHNFFAU07CA,21,10.35,共有部份,鋼筋混凝土造,86年2月24日,十層,
RPUOMLLMNHNFFAU37CA,33,80.44,住家用,鋼筋混凝土造,74年2月7日,五層,五層 陽台
RPUOMLLMNHNFFAU37CA,33,11.06,共有部份,鋼筋混凝土造,74年2月7日,五層,
RPPOMLPJOHNFFAU07CA,,96.45,集合住宅,鋼筋混凝土造,107年1月29日,十一層,七層 陽台
RPPOMLPJOHNFFAU07CA,,36.13,共有部份,鋼筋混凝土造,107年1月29日,十一層,
RPPOMLPJOHNFFAU07CA,,18.46,共有部份,鋼筋混凝土造,107年1月29日,十一層,
RPXNMLOKNHNFFAU67CA,34,116.76,住家用,鋼筋混凝土加強磚造,73年5月4日,二層,一層 二層 騎樓
RPRNMLKKNHNFFAU66CA,3,501.71,農舍,鋼筋混凝土造,104年7月13日,三層,一層 二層 三層 陽台
RPTNMLLKNHNFFAU96CA,14,275.34,住家用,鋼筋混凝土造,93年3月10日,四層,一層 二層 三層 四層 陽台 見其他登記事項
RPUOMLKKNHNFFAU07CA,41,188.04,住商用,鋼筋混凝土造,66年9月19日,三層,一層 二層 三層 騎樓 地下層
RPVOMLKKNHNFFAU17CA,41,120.50,住家用,鋼筋混凝土加強磚造,66年10月6日,二層,一層 二層 騎樓
RPOOMLOKNHNFFAU86CA,15,112.10,住家用,鋼筋混凝土造,91年12月2日,十三層,十二層 陽台
RPOOMLOKNHNFFAU86CA,15,64.29,共有部份,鋼筋混凝土造,91年12月2日,十三層,
RPPNMLOKNHNFFCU17DA,42,508.36,住商用,鋼筋混凝土造,65年7月17日,三層,一層 二層 三層 騎樓
RPPNMLOKNHNFFAU86CA,41,149.37,住商用,鋼筋混凝土加強磚造,66年3月5日,二層,一層 二層 騎樓
RPWNMLLKNHNFFAU27CA,33,86.81,住家用,鋼筋混凝土造,74年2月7日,五層,五層 陽台
RPVNMLLKNHNFFAU17CA,24,98.80,住家用,鋼筋混凝土造,83年5月18日,七層,三層 陽台
RPWNMLLKNHNFFAU27CA,33,11.06,共有部份,鋼筋混凝土造,74年2月7日,五層,
RPVNMLLKNHNFFAU17CA,24,23.45,共有部份,鋼筋混凝土造,83年5月18日,七層,
RPRNMLOKNHNFFAU07CA,26,31.03,住家用,鋼筋混凝土造,81年10月9日,十二層,七層
RPRNMLOKNHNFFAU07CA,26,10.98,共有部份,鋼筋混凝土造,81年10月9日,十二層,
RPXNMLLKNHNFFAU37CA,24,33.56,住家用,鋼筋混凝土造,83年7月22日,五層,二層 陽台
RPXNMLLKNHNFFAU37CA,24,10.03,共有部份,鋼筋混凝土造,83年7月22日,五層,
RPUOMLQKNHNFFAU67CA,25,140.75,住家用,鋼筋混凝土造,82年4月3日,二層,一層 二層 陽台 屋頂突出物
RPTOMLQKNHNFFAU57CA,,108.13,住商用,鋼筋混凝土加強磚造,,二層,一層 二層 騎樓
RPSNMLOKNHNFFAU17CA,22,62.71,住家用,鋼筋混凝土造,85年4月20日,五層,二層 陽台
RPSNMLOKNHNFFAU17CA,22,13.35,共有部份,鋼筋混凝土造,85年4月20日,五層,
RPPNMLRJOHNFFAU17CA,23,26.94,住家用,鋼筋混凝土造,83年11月15日,十二層,八層 陽台
RPPNMLRJOHNFFAU17CA,23,8.36,共有部份,鋼筋混凝土造,83年11月15日,十二層,
RPPNMLRJOHNFFAU17CA,23,4.38,共有部份,鋼筋混凝土造,83年11月15日,十二層,
RPRNMLMLNHNFFBU07CA,24,15.18,樓梯間,鋼筋混凝土造,83年5月9日,三層,
RPRNMLMLNHNFFBU07CA,24,113.34,住家用,鋼筋混凝土造,83年5月9日,三層,二層 陽台
