﻿編號,土地位置,土地移轉面積(平方公尺),使用分區或編定,權利人持分分母,權利人持分分子,移轉情形,地號
The serial number, land position,land shifting area square meter,the use zoning or compiles and checks,,,,land parcel
RPXNMLMKKHNFFAV27CA,台東段,47.00,都市：住,1,1,全筆移轉,00010262
RPROMLPJLHNFFAV07CA,石壁段,2631.37,都市：農,1,1,全筆移轉,12060000
RPRNMLNKKHNFFAV76CA,大業段,539.66,都市：住,1,1,全筆移轉,03970000
RPQNMLNKKHNFFAV66CA,中清段,628.04,都市：住,1,1,全筆移轉,01620000
RPQNMLNKKHNFFAV66CA,中清段,2.17,都市：其他:道路,1,1,全筆移轉,01620001
RPWNMLMKKHNFFAV17CA,台東段,148.00,都市：住,1,1,全筆移轉,00250180
RPPNMLNKKHNFFAV56CA,普優瑪段,179.37,都市：住,1,1,全筆移轉,04500000
RPPNMLNKKHNFFAV56CA,普優瑪段,46.65,都市：住,1,1,全筆移轉,04520000
RPPNMLQLKHNFFDV27CA,荒野段,2870.29,非都市：一般農業區 ; 非都市編定：農牧用地,1,1,全筆移轉,09350000
RPRNMLMKKHNFFCV86CA,月野段,42.00,非都市：鄉村區 ; 非都市編定：乙種建築用地,1,1,全筆移轉,12840004
RPRNMLMKKHNFFCV86CA,月野段,476.00,非都市：鄉村區 ; 非都市編定：乙種建築用地,1,1,全筆移轉,12880001
RPVNMLOKKHNFFAV27CA,中正段,37.08,都市：住,60,5,持分移轉,01870000
RPPNMLLLKHNFFCV66CA,隆昌段,693.50,非都市：鄉村區 ; 非都市編定：乙種建築用地,1,1,全筆移轉,10970001
RPPNMLOKKHNFFCV96DA,和平段,2264.93,非都市：一般農業區 ; 非都市編定：農牧用地,1,1,全筆移轉,00910000
RPPNMLNKLHNFFBV86DA,沙泥灣段,814.70,非都市：風景區 ; 非都市編定：農牧用地,1,1,全筆移轉,02210000
RPTNMLPJLHNFFAV27DA,北南王段,103.91,都市：其他:河川用地,20,3,持分移轉,07970000
TPTNMLPJLHNFFAV47DA,北南王段,2.52,都市：其他:河川用地,5,1,持分移轉,07990001
RPRNMLOKKHNFFCV17DA,廣原段,13300.00,非都市：山坡地保育區 ; 非都市編定：農牧用地,1,1,全筆移轉,09590000
UPTNMLPJLHNFFAV57DA,北南王段,.76,都市：其他:河川用地,5,1,持分移轉,08000001
WPTNMLPJLHNFFAV77DA,北南王段,180.67,都市：其他:河川用地,5,1,持分移轉,08020001
RPQNMLLLKHNFFCV86DA,隆昌段,354.11,非都市： ; 非都市編定：,1,1,全筆移轉,06790003
RPSNMLOKKHNFFCV17CA,南山段,131.80,都市：住,1,1,全筆移轉,00790001
RPSNMLOKKHNFFCV17CA,南山段,20.32,都市：住,1,1,全筆移轉,00800000
RPSNMLOKKHNFFCV17CA,南山段,7.24,都市：其他:道路用地,1,1,全筆移轉,00820000
RPSNMLOKKHNFFCV17CA,南山段,4.74,都市：其他:道路用地,1,1,全筆移轉,00880002
RPSNMLOKKHNFFCV17CA,南山段,62.23,都市：住,1,1,全筆移轉,00890000
SPTNMLPJLHNFFAV37DA,北南王段,8.03,都市：其他:河川用地,20,3,持分移轉,07980001
RPRNMLMKLHNFFBV86CA,玉長段,165.46,非都市：鄉村區 ; 非都市編定：乙種建築用地,1,1,全筆移轉,08070001
RPRNMLMKLHNFFBV86CA,玉長段,28.55,非都市：鄉村區 ; 非都市編定：乙種建築用地,1,1,全筆移轉,08080002
RPRNMLMKLHNFFBV86CA,玉長段,126.89,非都市：鄉村區 ; 非都市編定：乙種建築用地,1,1,全筆移轉,08080004
RPPNMLRJLHNFFCV17CA,豐泉段,210.80,都市：住,1,1,全筆移轉,04460001
RPPNMLRJLHNFFCV17CA,豐泉段,19.81,都市：住,1,1,全筆移轉,04470003
VPTNMLPJLHNFFAV67DA,北南王段,7.82,都市：其他:河川用地,5,1,持分移轉,08010000
RPPNMLSLKHNFFCV37CA,鹿寮段,99.20,非都市：特定農業區 ; 非都市編定：甲種建築用地,1,1,全筆移轉,02570002
RPOOMLOKKHNFFAV66CA,永和段,16.44,都市：住,1,1,全筆移轉,00520000
RPOOMLOKKHNFFAV66CA,永和段,114.86,都市：住,1,1,全筆移轉,00530000
RPRNMLQJLHNFFBV17CA,和平南段,2703.39,非都市：風景區 ; 非都市編定：農牧用地,1,1,全筆移轉,06220000
RPRNMLQJLHNFFBV17CA,和平南段,2563.15,非都市：風景區 ; 非都市編定：農牧用地,1,1,全筆移轉,06220001
RPRNMLQJLHNFFBV17CA,和平南段,2560.00,非都市：風景區 ; 非都市編定：農牧用地,1,1,全筆移轉,06220002
RPRNMLQJLHNFFBV17CA,和平南段,263.04,非都市：風景區 ; 非都市編定：農牧用地,1,1,全筆移轉,06220003
RPPNMLNKKHNFFCV76CA,德高段,28.46,非都市：特定農業區 ; 非都市編定：甲種建築用地,3,1,持分移轉,01330000
RPPNMLNKKHNFFCV76CA,德高段,28.46,非都市：特定農業區 ; 非都市編定：甲種建築用地,3,1,持分移轉,01330000
RPPNMLNKKHNFFCV76CA,德高段,28.46,非都市：特定農業區 ; 非都市編定：甲種建築用地,3,1,持分移轉,01330000
RPPOMLOKKHNFFAV76CA,常德段,40.31,都市：住,1,1,全筆移轉,11800000
RPPNMLQJLHNFFCV07CA,豐泉段,465.47,都市：住,1,1,全筆移轉,07790000
RPXNMLOKKHNFFAV47CA,台東段,3.64,都市：住,10000,63,持分移轉,18220000
RPXNMLNKKHNFFAV37CA,自強段,105.95,都市：住,1,1,全筆移轉,10040004
RPVNMLMLKHNFFAV17CA,台東段,340.00,都市：住,2,1,持分移轉,20150000
RPVNMLMLKHNFFAV17CA,台東段,226.67,都市：住,6,2,持分移轉,20150000
RPVNMLMLKHNFFAV17CA,台東段,113.33,都市：住,6,1,持分移轉,20150000
SPUNMLPJLHNFFAV47DA,北南王段,8.03,都市：其他:河川用地,20,3,持分移轉,07980001
RPSNMLNKKHNFFAV86CA,馬蘭段,179.00,都市：住,1,1,全筆移轉,18210000
TPUNMLPJLHNFFAV57DA,北南王段,2.52,都市：其他:河川用地,5,1,持分移轉,07990001
VPUNMLPJLHNFFAV77DA,北南王段,7.82,都市：其他:河川用地,5,1,持分移轉,08010000
RPVNMLPJLHNFFAV47DA,北南王段,103.91,都市：其他:河川用地,20,3,持分移轉,07970000
RPPOMLNKKHNFFAV66CA,北南王段,79.86,都市：住,1,1,全筆移轉,04140000
RPPOMLNKKHNFFAV66CA,北南王段,2.04,都市：住,1,1,全筆移轉,04150000
UPUNMLPJLHNFFAV67DA,北南王段,.76,都市：其他:河川用地,5,1,持分移轉,08000001
SPVNMLPJLHNFFAV57DA,北南王段,8.03,都市：其他:河川用地,20,3,持分移轉,07980001
TPVNMLPJLHNFFAV67DA,北南王段,2.52,都市：其他:河川用地,5,1,持分移轉,07990001
WPUNMLPJLHNFFAV87DA,北南王段,180.67,都市：其他:河川用地,5,1,持分移轉,08020001
RPUNMLPJLHNFFAV37DA,北南王段,103.91,都市：其他:河川用地,20,3,持分移轉,07970000
UPVNMLPJLHNFFAV77DA,北南王段,.76,都市：其他:河川用地,5,1,持分移轉,08000001
WPVNMLPJLHNFFAV97DA,北南王段,180.67,都市：其他:河川用地,5,1,持分移轉,08020001
RPQNMLLLKHNFFDV86CA,秀山段,6.53,都市：住,100000,105,持分移轉,06590003
VPVNMLPJLHNFFAV87DA,北南王段,7.82,都市：其他:河川用地,5,1,持分移轉,08010000
RPRNMLMLKHNFFAV86DA,常德段,96.35,都市：住,1,1,全筆移轉,02540000
RPWNMLPJLHNFFAV57DA,北南王段,86.59,都市：其他:河川用地,8,1,持分移轉,07970000
SPWNMLPJLHNFFAV67DA,北南王段,6.70,都市：其他:河川用地,8,1,持分移轉,07980001
RPPNMLLLKHNFFDV86DA,北橋段,173.94,都市：商,1,1,全筆移轉,06100000
RPPNMLRLKHNFFAV17DA,台東段,457.00,都市：住,1,1,全筆移轉,02510000
RPPNMLRLKHNFFAV17DA,台東段,3.00,都市：住,1,1,全筆移轉,02510001
RPPNMLRLKHNFFAV17DA,台東段,27.00,都市：住,1,1,全筆移轉,02460001
RPPNMLRLKHNFFAV17DA,台東段,102.00,都市：住,1,1,全筆移轉,02460002
RPPNMLRLKHNFFAV17DA,台東段,73.00,都市：住,1,1,全筆移轉,02470004
RPPNMLRLKHNFFAV17DA,台東段,39.00,都市：住,1,1,全筆移轉,02500004
RPSNMLMLKHNFFAV96DA,常德段,92.39,都市：住,1,1,全筆移轉,02550000
RPWNMLMLKHNFFAV37DA,永清段,11.04,都市：商,1,1,全筆移轉,06820001
RPXNMLMLKHNFFAV37CA,東谷段,150.14,都市：住,1,1,全筆移轉,02560001
RPUNMLNLKHNFFAV17CA,中清段,1263.37,都市：農,1,1,全筆移轉,01630000
RPPNMLOLKHNFFAV76CA,永清段,1.72,都市：住,1,1,全筆移轉,07900000
RPTNMLNLKHNFFAV07CA,豐里段,162.01,非都市：鄉村區 ; 非都市編定：乙種建築用地,1,1,全筆移轉,09560000
RPTNMLNLKHNFFAV07CA,豐里段,12.75,非都市：鄉村區 ; 非都市編定：乙種建築用地,1,1,全筆移轉,09560001
RPTNMLNLKHNFFAV07CA,豐里段,.10,非都市：鄉村區 ; 非都市編定：乙種建築用地,1,1,全筆移轉,09560009
RPSNMLNLKHNFFAV96CA,豐里段,150.37,非都市：鄉村區 ; 非都市編定：乙種建築用地,1,1,全筆移轉,09560002
RPPNMLRLKHNFFBV17CA,和平北段,582.64,非都市：風景區 ; 非都市編定：農牧用地,2,1,持分移轉,05580000
RPPNMLRLKHNFFBV17CA,和平北段,582.64,非都市：風景區 ; 非都市編定：農牧用地,2,1,持分移轉,05580000
RPXNMLPJLHNFFAV67DA,北南王段,86.59,都市：其他:河川用地,8,1,持分移轉,07970000
RPRNMLNLKHNFFAV86CA,石壁段,9797.34,都市：其他:保護區,1,1,全筆移轉,03680000
RPQNMLNLKHNFFAV76CA,大豐段,2453.56,非都市：特定農業區 ; 非都市編定：農牧用地,1,1,全筆移轉,07290000
RPPNMLOKLHNFFAV76CA,福德段,600.00,非都市：山坡地保育區 ; 非都市編定：丙種建築用地,1,1,全筆移轉,04760004
RPUNMLMLKHNFFAV07CA,順天段,655.94,都市：農,1,1,全筆移轉,01220003
RPUNMLMLKHNFFAV07CA,順天段,31.48,都市：農,1,1,全筆移轉,01210001
RPPNMLNLKHNFFCV96DA,月野段,1710.00,非都市：特定農業區 ; 非都市編定：農牧用地,1,1,全筆移轉,20590000
RPPNMLNLKHNFFAV76DA,永清段,6.36,都市：商,1,1,全筆移轉,06800001
RPQNMLNLKHNFFCV07DA,月美段,2263.00,非都市：特定農業區 ; 非都市編定：農牧用地,1,1,全筆移轉,03180000
RPQNMLQLKHNFFCV37DA,大埔段,134.64,都市：住,1,1,全筆移轉,06870000
RPQNMLQLKHNFFCV37DA,大埔段,522.32,都市：住,1,1,全筆移轉,06870005
RPPNMLLJLHNFFBV56DA,真柄段,2987.50,非都市：風景區 ; 非都市編定：農牧用地,4,1,持分移轉,09000000
RPXNMLMJLHNFFAV37DA,中正段,125.00,都市：住,1,1,全筆移轉,06360000
SPOOMLPJLHNFFAV96DA,北南王段,2.68,都市：其他:河川用地,20,1,持分移轉,07980001
SPXNMLPJLHNFFAV77DA,北南王段,6.70,都市：其他:河川用地,8,1,持分移轉,07980001
RPQNMLQLKHNFFBV27DA,高原段,15938.00,非都市：森林區 ; 非都市編定：農牧用地,1,1,全筆移轉,11860001
TPOOMLPJLHNFFAV07DA,北南王段,.84,都市：其他:河川用地,15,1,持分移轉,07990001
TPPOMLPJLHNFFAV17DA,北南王段,.84,都市：其他:河川用地,15,1,持分移轉,07990001
SPPOMLPJLHNFFAV07DA,北南王段,2.68,都市：其他:河川用地,20,1,持分移轉,07980001
VPOOMLPJLHNFFAV27DA,北南王段,2.61,都市：其他:河川用地,15,1,持分移轉,08010000
RPOOMLPJLHNFFAV86DA,北南王段,34.64,都市：其他:河川用地,20,1,持分移轉,07970000
UPPOMLPJLHNFFAV27DA,北南王段,.25,都市：其他:河川用地,15,1,持分移轉,08000001
RPPOMLPJLHNFFAV96DA,北南王段,34.64,都市：其他:河川用地,20,1,持分移轉,07970000
UPOOMLPJLHNFFAV17DA,北南王段,.25,都市：其他:河川用地,15,1,持分移轉,08000001
WPOOMLPJLHNFFAV37DA,北南王段,60.22,都市：其他:河川用地,15,1,持分移轉,08020001
VPPOMLPJLHNFFAV37DA,北南王段,2.61,都市：其他:河川用地,15,1,持分移轉,08010000
WPPOMLPJLHNFFAV47DA,北南王段,60.22,都市：其他:河川用地,15,1,持分移轉,08020001
TPQOMLPJLHNFFAV27DA,北南王段,.84,都市：其他:河川用地,15,1,持分移轉,07990001
RPQNMLRLKHNFFBV27CA,加走灣段,2550.00,非都市：風景區 ; 非都市編定：農牧用地,1,1,全筆移轉,04340000
SPQOMLPJLHNFFAV17DA,北南王段,2.68,都市：其他:河川用地,20,1,持分移轉,07980001
VPQOMLPJLHNFFAV47DA,北南王段,2.61,都市：其他:河川用地,15,1,持分移轉,08010000
UPQOMLPJLHNFFAV37DA,北南王段,.25,都市：其他:河川用地,15,1,持分移轉,08000001
RPQOMLPJLHNFFAV07DA,北南王段,34.64,都市：其他:河川用地,20,1,持分移轉,07970000
WPQOMLPJLHNFFAV57DA,北南王段,60.22,都市：其他:河川用地,15,1,持分移轉,08020001
RPPNMLQLKHNFFBV07CA,都豐段,3528.54,非都市：風景區 ; 非都市編定：農牧用地,1,1,全筆移轉,06880000
RPPNMLMJLHNFFBV56CA,都豐段,96.20,非都市：風景區 ; 非都市編定：農牧用地,1,1,全筆移轉,03710001
RPPNMLMJLHNFFBV56CA,都豐段,284.95,非都市：風景區 ; 非都市編定：農牧用地,1,1,全筆移轉,03750000
RPPNMLMJLHNFFBV56CA,都豐段,3636.89,非都市：風景區 ; 非都市編定：農牧用地,1,1,全筆移轉,03760000
RPPNMLMJLHNFFBV56CA,都豐段,1308.66,非都市：風景區 ; 非都市編定：農牧用地,1,1,全筆移轉,03910000
RPPNMLMJLHNFFBV56CA,都豐段,110.72,非都市：風景區 ; 非都市編定：農牧用地,1,1,全筆移轉,04380000
RPRNMLRLKHNFFAV27CA,馬蘭段,40.42,都市：住,10000,78,持分移轉,15990000
RPRNMLQLKHNFFBV27CA,城仔埔段,956.36,非都市：風景區 ; 非都市編定：丙種建築用地,1,1,全筆移轉,00290000
RPTNMLLJLHNFFAV76CA,豐航段,1462.53,都市：農,1,1,全筆移轉,02300000
RPSNMLLJLHNFFAV66CA,豐年段,6.00,都市：住,10000,12,持分移轉,00270000
RPQNMLMJLHNFFAV56CA,自強段,148.77,都市：住,1,1,全筆移轉,10130000
RPQNMLMJLHNFFAV56CA,自強段,148.77,都市：住,1,1,全筆移轉,10130001
TPSOMLPJLHNFFAV47DA,北南王段,.84,都市：其他:河川用地,15,1,持分移轉,07990001
RPVNMLMJLHNFFAV07CA,台東段,11.09,都市：住,1000,42,持分移轉,15640000
RPVNMLMJLHNFFAV07CA,台東段,1.26,都市：住,1000,42,持分移轉,15640006
RPSOMLPJLHNFFAV27DA,北南王段,34.64,都市：其他:河川用地,20,1,持分移轉,07970000
SPSOMLPJLHNFFAV37DA,北南王段,2.68,都市：其他:河川用地,20,1,持分移轉,07980001
UPSOMLPJLHNFFAV57DA,北南王段,.25,都市：其他:河川用地,15,1,持分移轉,08000001
WPSOMLPJLHNFFAV77DA,北南王段,60.22,都市：其他:河川用地,15,1,持分移轉,08020001
SPTOMLPJLHNFFAV47DA,北南王段,2.68,都市：其他:河川用地,20,1,持分移轉,07980001
UPTOMLPJLHNFFAV67DA,北南王段,.25,都市：其他:河川用地,15,1,持分移轉,08000001
VPSOMLPJLHNFFAV67DA,北南王段,2.61,都市：其他:河川用地,15,1,持分移轉,08010000
TPTOMLPJLHNFFAV57DA,北南王段,.84,都市：其他:河川用地,15,1,持分移轉,07990001
VPTOMLPJLHNFFAV77DA,北南王段,2.61,都市：其他:河川用地,15,1,持分移轉,08010000
WPTOMLPJLHNFFAV87DA,北南王段,60.22,都市：其他:河川用地,15,1,持分移轉,08020001
RPTOMLPJLHNFFAV37DA,北南王段,34.64,都市：其他:河川用地,20,1,持分移轉,07970000
RPQNMLRLKHNFFAV27DA,台東段,12.68,都市：住,100000,783,持分移轉,00040009
RPRNMLQLKHNFFAV27DA,自強段,119.00,都市：住,1,1,全筆移轉,10210000
RPPNMLLJLHNFFCV66DA,月美段,2126.00,非都市：特定農業區 ; 非都市編定：農牧用地,1,1,全筆移轉,03080000
RPPNMLLJLHNFFCV66DA,月美段,1351.00,非都市：特定農業區 ; 非都市編定：農牧用地,1,1,全筆移轉,03090000
RPQNMLLJLHNFFBV66DA,成功段,37.49,都市：其他:學校用地,1,1,全筆移轉,05200005
RPPNMLQJLHNFFBV07DA,長光段,477.36,非都市：鄉村區 ; 非都市編定：乙種建築用地,1,1,全筆移轉,00270002
RPUOMLPJLHNFFAV47DA,北南王段,34.64,都市：其他:河川用地,20,1,持分移轉,07970000
RPVNMLPJLHNFFDV77DA,復興段,126.39,都市：其他:其他,1,1,全筆移轉,06670000
RPPNMLLJLHNFFAV09DA,建成段,94.97,都市：住,1,1,全筆移轉,00360007
SPUOMLPJLHNFFAV57DA,北南王段,2.68,都市：其他:河川用地,20,1,持分移轉,07980001
UPUOMLPJLHNFFAV77DA,北南王段,.25,都市：其他:河川用地,15,1,持分移轉,08000001
RPVOMLPJLHNFFAV57DA,下賓朗段,503.63,非都市：特定農業區 ; 非都市編定：水利用地,1,1,全筆移轉,14920002
RPPNMLPJLHNFFDV07CA,金富段,283.85,非都市：山坡地保育區 ; 非都市編定：農牧用地,3,1,持分移轉,08930000
RPPNMLPJLHNFFDV07CA,金富段,698.21,非都市：山坡地保育區 ; 非都市編定：農牧用地,3,1,持分移轉,08960000
RPPNMLPJLHNFFDV07CA,金富段,479.46,非都市：山坡地保育區 ; 非都市編定：農牧用地,3,1,持分移轉,08970000
RPPNMLPJLHNFFDV07CA,金富段,702.96,非都市：山坡地保育區 ; 非都市編定：農牧用地,3,1,持分移轉,08980000
SPVOMLPJLHNFFAV67DA,下賓朗段,691.70,非都市：特定農業區 ; 非都市編定：水利用地,1,1,全筆移轉,14920003
TPVOMLPJLHNFFAV77DA,下賓朗段,1372.47,非都市：一般農業區 ; 非都市編定：水利用地,1,1,全筆移轉,14930000
UPVOMLPJLHNFFAV87DA,下賓朗段,420.33,非都市：特定農業區 ; 非都市編定：水利用地,1,1,全筆移轉,14990000
TPUOMLPJLHNFFAV67DA,北南王段,.84,都市：其他:河川用地,15,1,持分移轉,07990001
WPUOMLPJLHNFFAV97DA,北南王段,60.22,都市：其他:河川用地,15,1,持分移轉,08020001
VPVOMLPJLHNFFAV97DA,下賓朗段,631.84,非都市：特定農業區 ; 非都市編定：水利用地,1,1,全筆移轉,15000001
VPUOMLPJLHNFFAV87DA,北南王段,2.61,都市：其他:河川用地,15,1,持分移轉,08010000
RPPNMLMJLHNFFAV09CA,馬蘭段,99.00,都市：住,1,1,全筆移轉,14500012
RPUNMLMJLHNFFAV96CA,岩灣段,213.80,都市：住,1,1,全筆移轉,04500000
RPPOMLMJLHNFFAV56CA,常德段,228.41,都市：住,1,1,全筆移轉,11310000
RPRNMLSJLHNFFAV27CA,台東段,42.00,都市：住,1,1,全筆移轉,00040642
RPRNMLSJLHNFFAV27CA,台東段,31.00,都市：住,1,1,全筆移轉,00040678
RPQNMLSJLHNFFAV17CA,台東段,57.00,都市：住,1,1,全筆移轉,00010104
RPWNMLMJLHNFFAV17CA,馬蘭段,6.67,都市：住,10000,190,持分移轉,15680000
RPWNMLMJLHNFFAV17CA,馬蘭段,7.85,都市：住,10000,190,持分移轉,15700000
RPQNMLPJLHNFFAV86CA,台東段,190.00,都市：住,1,1,全筆移轉,01600134
RPWNMLKLLHNFFAV17CA,豐年段,82.61,都市：住,1,1,全筆移轉,10490000
RPRNMLKLLHNFFAV66CA,上岩灣段,2666.91,非都市：特定農業區 ; 非都市編定：農牧用地,1,1,全筆移轉,09060000
RPPNMLOJLHNFFAV66CA,豐成段,1163.26,非都市：特定農業區 ; 非都市編定：農牧用地,1,1,全筆移轉,10530000
RPPNMLOJLHNFFAV66CA,豐成段,1398.59,非都市：特定農業區 ; 非都市編定：農牧用地,1,1,全筆移轉,10540000
RPPNMLRJLHNFFAV96CA,興航段,574.74,都市：住,1,1,全筆移轉,00280000
RPUNMLPJLHNFFDV57CA,蘭里段,206.73,非都市：鄉村區 ; 非都市編定：乙種建築用地,1,1,全筆移轉,03870000
RPOOMLTKLHNFFAV37DA,馬蘭段,40.42,都市：住,10000,78,持分移轉,15990000
RPPNMLMJLHNFFDV76CA,金富段,102.89,非都市：鄉村區 ; 非都市編定：乙種建築用地,1,1,全筆移轉,05860000
RPPOMLLLLHNFFAV66CA,鎮樂段,634.00,非都市：山坡地保育區 ; 非都市編定：林業用地,1,1,全筆移轉,04650000
RPSNMLPJLHNFFAV07CA,梅園段,87.77,都市：其他:鄉村區,1,1,全筆移轉,01950000
RPOOMLMJLHNFFAV56DA,豐年段,6.00,都市：住,10000,12,持分移轉,00270000
RPRNMLMJLHNFFAV76DA,富山段,53.95,非都市：風景區 ; 非都市編定：丙種建築用地,3,2,持分移轉,09840000
RPTNMLPJLHNFFDV47CA,嘉蘭段,3512.00,非都市：山坡地保育區 ; 非都市編定：農牧用地,1,1,全筆移轉,08440011
RPWNMLPJLHNFFDV77CA,荖花段,1692.03,非都市：一般農業區 ; 非都市編定：農牧用地,1,1,全筆移轉,05690000
RPWNMLPJLHNFFDV77CA,荖花段,1795.02,非都市：一般農業區 ; 非都市編定：農牧用地,1,1,全筆移轉,05700000
RPWNMLPJLHNFFDV77CA,荖花段,1458.01,非都市：一般農業區 ; 非都市編定：農牧用地,1,1,全筆移轉,05860000
RPSNMLMJLHNFFAV76CA,豐年段,154.56,都市：住,1,1,全筆移轉,09540016
RPOOMLLMLHNFFCV86CA,萬朝段,447.91,非都市：鄉村區 ; 非都市編定：乙種建築用地,1,1,全筆移轉,06390000
RPPNMLMKLHNFFBV66CA,三民段,95.58,都市：住,1,1,全筆移轉,10100000
RPRNMLRJLHNFFAV17CA,利家段,3100.00,非都市：特定農業區 ; 非都市編定：農牧用地,2,1,持分移轉,66570000
RPRNMLRJLHNFFAV17CA,利家段,3100.00,非都市：特定農業區 ; 非都市編定：農牧用地,2,1,持分移轉,66570000
RPPNMLSJLHNFFBV17CA,南八里段,2808.54,非都市：風景區 ; 非都市編定：農牧用地,1,1,全筆移轉,09290000
RPQNMLQJLHNFFBV07CA,新港段新港小段,85.00,非都市：風景區 ; 非都市編定：丙種建築用地,1,1,全筆移轉,02600034
RPPNMLSJLHNFFCV27CA,龍田段,243.72,都市：其他:零售市場用地,1,1,全筆移轉,00980001
RPQNMLSJLHNFFDV47CA,復興段,86.25,都市：住,1,1,全筆移轉,04890010
RPPNMLRJLHNFFBV17DA,高原段,5005.00,非都市：森林區 ; 非都市編定：農牧用地,1,1,全筆移轉,04310000
RPPNMLMKLHNFFAV56CA,新生段,14.89,都市：住,10000,60,持分移轉,00440000
RPPNMLQJLHNFFAV96DA,普優瑪段,283.22,都市：住,1,1,全筆移轉,09500000
RPPNMLQJLHNFFAV96DA,普優瑪段,1.54,都市：住,1,1,全筆移轉,09530001
RPTNMLRJLHNFFAV37CA,台東段,21.39,都市：住,10000,105,持分移轉,05610004
RPQNMLQJLHNFFCV27DA,北庄段,150.00,非都市：一般農業區 ; 非都市編定：甲種建築用地,1,1,全筆移轉,13720000
RPTNMLTLLHNFFAV77CA,台東段,59.00,都市：住,1,1,全筆移轉,04820119
SPTNMLTLLHNFFAV87CA,台東段,15.00,都市：住,1,1,全筆移轉,04820103
RPQNMLRJLHNFFAV07CA,南清段,101.10,都市：住,1,1,全筆移轉,03710000
RPQNMLRJLHNFFCV27CA,豐泉段,213.05,都市：住,1,1,全筆移轉,04800000
RPPNMLTJLHNFFCV37CA,中福段,62.08,都市：商,1,1,全筆移轉,03660000
RPQNMLTJLHNFFAV27CA,建和段,60.90,都市：住,1,1,全筆移轉,11640000
RPQNMLTJLHNFFAV27CA,建和段,18.04,都市：其他:道路用地,1,1,全筆移轉,11650000
RPSNMLRJLHNFFAV27CA,建華段,6162.96,都市：農,1,1,全筆移轉,06210000
RPSNMLRJLHNFFAV27CA,建華段,3994.55,都市：農,1,1,全筆移轉,06200000
RPRNMLLLLHNFFBV86CA,高原段,14030.00,非都市：森林區 ; 非都市編定：農牧用地,1,1,全筆移轉,21450000
RPRNMLLLLHNFFBV86CA,高原段,2534.00,非都市：森林區 ; 非都市編定：農牧用地,1,1,全筆移轉,21450009
RPRNMLLLLHNFFBV86CA,高原段,21879.00,非都市：森林區 ; 非都市編定：農牧用地,1,1,全筆移轉,21460000
RPRNMLSJLHNFFCV47CA,大原段,1056.00,非都市：特定農業區 ; 非都市編定：農牧用地,1,1,全筆移轉,25540000
RPRNMLSJLHNFFCV47CA,大原段,1091.00,非都市：特定農業區 ; 非都市編定：農牧用地,1,1,全筆移轉,25550000
RPRNMLSJLHNFFCV47CA,大原段,709.00,非都市：特定農業區 ; 非都市編定：農牧用地,1,1,全筆移轉,25560000
RPRNMLMKLHNFFAV86DA,東興段,190.87,非都市：鄉村區 ; 非都市編定：乙種建築用地,1,1,全筆移轉,06470000
RPPNMLTJLHNFFAV17CA,自強段,54.03,都市：住,20,1,持分移轉,09340000
RPQNMLSJLHNFFCV47DA,康源段,613.00,非都市：山坡地保育區 ; 非都市編定：丙種建築用地,1,1,全筆移轉,06280000
RPSNMLMKLHNFFAV96DA,東興段,81.97,非都市：鄉村區 ; 非都市編定：乙種建築用地,1,1,全筆移轉,06470001
RPPNMLSJLHNFFDV37CA,達人段,1031.49,非都市：山坡地保育區 ; 非都市編定：農牧用地,1,1,全筆移轉,04290000
RPPNMLSJLHNFFDV37CA,達人段,1050.17,非都市：山坡地保育區 ; 非都市編定：農牧用地,1,1,全筆移轉,04300000
RPWNMLTLLHNFFAV08CA,富岡南段,115.09,非都市：鄉村區 ; 非都市編定：乙種建築用地,1,1,全筆移轉,12670003
RPQNMLOLLHNFFCV17CA,月野段,888.00,非都市：山坡地保育區 ; 非都市編定：農牧用地,1,1,全筆移轉,00480119
RPPNMLOLLHNFFCV07CA,月野段,3736.00,非都市：山坡地保育區 ; 非都市編定：丙種建築用地,1,1,全筆移轉,00480052
RPPNMLOLLHNFFCV07CA,月野段,1339.00,非都市：山坡地保育區 ; 非都市編定：丙種建築用地,1,1,全筆移轉,00480090
RPPNMLOLLHNFFCV07CA,月野段,560.00,非都市：山坡地保育區 ; 非都市編定：丙種建築用地,1,1,全筆移轉,00480120
RPPNMLMJMHNFFAV56CA,利吉北段,4624.23,非都市：山坡地保育區 ; 非都市編定：農牧用地,1,1,全筆移轉,03150000
RPPNMLMKLHNFFCV86DA,萬朝段,232.33,非都市：鄉村區 ; 非都市編定：乙種建築用地,1,1,全筆移轉,09950000
RPQNMLMKLHNFFAV66CA,中正段,79.00,都市：住,1,1,全筆移轉,09120000
RPQNMLNKLHNFFBV86CA,萬年段,347.00,非都市：鄉村區 ; 非都市編定：乙種建築用地,1,1,全筆移轉,12010000
RPPNMLNKLHNFFDV96CA,金富段,2014.92,非都市：山坡地保育區 ; 非都市編定：農牧用地,1,1,全筆移轉,09200000
RPTNMLOKLHNFFAV17CA,台東段,76.00,都市：住,1,1,全筆移轉,00040407
RPQNMLMKLHNFFCV86CA,鹿寮段,100.12,非都市：鄉村區 ; 非都市編定：乙種建築用地,1,1,全筆移轉,07990000
RPQNMLMKLHNFFCV86CA,鹿寮段,23.81,非都市：鄉村區 ; 非都市編定：乙種建築用地,1,1,全筆移轉,08020000
RPPNMLNKLHNFFAV66CA,上源段,72.46,非都市：山坡地保育區 ; 非都市編定：丙種建築用地,1,1,全筆移轉,02240000
RPQNMLNKLHNFFAV76CA,新生段,192.00,都市：住,1,1,全筆移轉,14390000
RPVNMLOKLHNFFAV47DA,台東段,140.00,都市：商,1,1,全筆移轉,00570000
RPWNMLQKLHNFFAV67CA,豐年段,17.50,都市：住,10000,35,持分移轉,00270000
RPQNMLOKLHNFFAV86CA,豐年段,18.00,都市：住,10000,36,持分移轉,00270000
RPQNMLOKLHNFFAV86CA,豐年段,18.00,都市：住,10000,36,持分移轉,00270000
RPUNMLRLLHNFFAV67CA,台東段,31.00,都市：住,1,1,全筆移轉,00030167
RPUNMLRLLHNFFAV67CA,台東段,52.00,都市：住,1,1,全筆移轉,00030409
RPRNMLNKLHNFFAV86CA,常德段,14.24,都市：住,10000,75,持分移轉,07520000
RPPNMLKMLHNFFDV96DA,正興段,32.81,都市：住,1,1,全筆移轉,01800001
RPSNMLMLLHNFFAV07DA,北南王段,2028.91,都市：其他:河川用地,1,1,全筆移轉,08640000
RPPNMLSLLHNFFAV37DA,豐年段,626.05,都市：住,1,1,全筆移轉,09530002
RPQNMLQKLHNFFAV07CA,知本段,1496.00,非都市：特定農業區 ; 非都市編定：農牧用地,2,1,持分移轉,78580002
RPPNMLQKLHNFFAV96CA,馬蘭段,45.08,都市：住,10000,87,持分移轉,15990000
RPQNMLPKLHNFFAV96CA,豐年段,16.64,都市：住,10000,36,持分移轉,00270007
RPQNMLTKLHNFFAV37CA,新生段,790.00,都市：農,1,1,全筆移轉,16320012
RPQNMLTKLHNFFAV37CA,新生段,2671.00,都市：農,1,1,全筆移轉,16320013
RPVNMLTKLHNFFAV87CA,中心段,14.00,都市：住,1,1,全筆移轉,01030001
RPVNMLTKLHNFFAV87CA,中心段,113.00,都市：住,1,1,全筆移轉,01040000
RPSNMLQKLHNFFAV27CA,豐樂段,129.00,都市：住,1,1,全筆移轉,31150000
RPSNMLPKLHNFFAV17CA,南清段,69.92,都市：商,1,1,全筆移轉,05610000
RPTNMLQKLHNFFAV37CA,大豐段,4326.52,非都市：特定農業區 ; 非都市編定：農牧用地,1,1,全筆移轉,05270000
RPRNMLTLLHNFFBV67CA,新都威段,3059.02,非都市：風景區 ; 非都市編定：農牧用地,1,1,全筆移轉,00120000
RPPNMLTKLHNFFCV47CA,月野段,1741.00,非都市：特定農業區 ; 非都市編定：農牧用地,1,1,全筆移轉,13980000
RPTNMLTKLHNFFAV67CA,康樂段,3901.00,非都市：特定農業區 ; 非都市編定：農牧用地,1,1,全筆移轉,10410000
RPRNMLQLLHNFFAV27CA,普優瑪段,.20,都市：其他:道路,1,1,全筆移轉,03060002
RPRNMLQLLHNFFAV27CA,普優瑪段,142.17,都市：住,1,1,全筆移轉,03030000
RPRNMLQLLHNFFAV27CA,普優瑪段,2.70,都市：其他:道路,1,1,全筆移轉,03040001
RPRNMLQLLHNFFAV27CA,普優瑪段,22.77,都市：其他:道路,1,1,全筆移轉,03050000
RPSNMLTLLHNFFBV77CA,濱海段,85.86,都市：住,1,1,全筆移轉,02130000
RPSNMLTLLHNFFBV77CA,濱海段,87.40,都市：住,1,1,全筆移轉,02140000
RPSNMLTLLHNFFBV77CA,濱海段,170.52,都市：住,1,1,全筆移轉,02150000
RPPNMLSJMHNFFBV27CA,黃金橋段,342.84,非都市：鄉村區 ; 非都市編定：乙種建築用地,1,1,全筆移轉,06930000
RPVNMLQKLHNFFAV57CA,豐榮段,97.00,都市：住,1,1,全筆移轉,03590000
RPQNMLKLLHNFFBV66CA,都豐段,1179.43,非都市：風景區 ; 非都市編定：農牧用地,1,1,全筆移轉,13050000
RPQNMLKLLHNFFBV66CA,都豐段,1179.42,非都市：風景區 ; 非都市編定：農牧用地,1,1,全筆移轉,13050001
RPQNMLKLLHNFFBV66CA,都豐段,1129.78,非都市：風景區 ; 非都市編定：農牧用地,1,1,全筆移轉,13090000
RPQNMLKLLHNFFBV66CA,都豐段,1129.77,非都市：風景區 ; 非都市編定：農牧用地,1,1,全筆移轉,13090001
RPUNMLQKLHNFFAV47CA,台東段,16.72,都市：住,10000,131,持分移轉,18050000
RPPNMLPKLHNFFCV17DA,福文段,122.78,都市：商,1,1,全筆移轉,07790000
RPPNMLTKLHNFFAV37DA,富岡段,138.26,非都市：鄉村區 ; 非都市編定：乙種建築用地,1,1,全筆移轉,12290000
RPPNMLQKLHNFFBV17DA,都豐段,6354.48,非都市：風景區 ; 非都市編定：農牧用地,1,1,全筆移轉,03660000
RPPNMLQKLHNFFBV17DA,都豐段,5286.40,非都市：風景區 ; 非都市編定：農牧用地,1,1,全筆移轉,03710000
RPPNMLQKLHNFFBV17DA,都豐段,1743.29,非都市：風景區 ; 非都市編定：農牧用地,1,1,全筆移轉,03730000
RPPNMLQKLHNFFBV17DA,都豐段,78.10,非都市：風景區 ; 非都市編定：農牧用地,1,1,全筆移轉,03760001
RPTNMLKLLHNFFAV86CA,普優瑪段,146.63,都市：住,1,1,全筆移轉,03060000
RPTNMLKLLHNFFAV86CA,普優瑪段,23.92,都市：其他:道路用地,1,1,全筆移轉,03060001
RPRNMLTKLHNFFAV47CA,上岩灣段,91.40,都市：住,100000,1065,持分移轉,01980000
RPVNMLTLLHNFFAV97CA,南王段,92.51,都市：住,1,1,全筆移轉,00450015
RPUNMLTKLHNFFAV77CA,富岡南段,121.23,非都市：鄉村區 ; 非都市編定：乙種建築用地,1,1,全筆移轉,12670000
RPWNMLTKLHNFFAV97CA,利家段,96.00,非都市：特定農業區 ; 非都市編定：甲種建築用地,1,1,全筆移轉,75900084
RPXNMLTKLHNFFAV08CA,富岡南段,115.15,非都市：鄉村區 ; 非都市編定：乙種建築用地,1,1,全筆移轉,12670002
RPPNMLKLLHNFFAV09CA,馬蘭段,90.00,都市：住,1,1,全筆移轉,17280000
RPQNMLTKLHNFFCV57CA,福原段,113.45,都市：住,1,1,全筆移轉,07750003
RPRNMLLLLHNFFAV76CA,豐榮段,74.00,都市：住,1,1,全筆移轉,09410000
RPUNMLTLLHNFFAV87CA,富岡南段,115.03,非都市：鄉村區 ; 非都市編定：乙種建築用地,1,1,全筆移轉,12670004
RPUNMLKLLHNFFAV96CA,青林段,2.32,都市：住,1,1,全筆移轉,04190001
RPSNMLKLLHNFFAV76CA,鎮樂段,3700.00,非都市：山坡地保育區 ; 非都市編定：農牧用地,1,1,全筆移轉,01990000
RPPNMLLMLHNFFBV86DA,小湊段美山小段,2592.00,非都市：風景區 ; 非都市編定：農牧用地,1,1,全筆移轉,04590000
RPPNMLQLLHNFFBV27DA,忠勇段,88.57,都市：商,1,1,全筆移轉,12380000
RPPNMLMLLHNFFDV07DA,金富段,291.67,非都市：山坡地保育區 ; 非都市編定：農牧用地,1,1,全筆移轉,08770000
RPRNMLNKMHNFFDV27CA,秀山段,4.62,都市：住,10000,4,持分移轉,07230000
RPRNMLNKMHNFFDV27CA,秀山段,.00,都市：住,10000,4,持分移轉,07230001
RPQNMLQLLHNFFBV37DA,新竹湖段,4699.35,非都市：風景區 ; 非都市編定：農牧用地,1,1,全筆移轉,05380000
RPXNMLKLLHNFFAV27CA,台東段,78.00,都市：住,1,1,全筆移轉,01000024
RPQNMLLLLHNFFAV66CA,豐源段,3167.43,非都市：特定農業區 ; 非都市編定：農牧用地,1,1,全筆移轉,01770000
RPOOMLLLLHNFFAV56CA,中山段,101.00,都市：住,1,1,全筆移轉,01470000
RPQOMLLKMHNFFAV76CA,東海段,22.69,都市：住,10000,38,持分移轉,01300000
RPQOMLLKMHNFFAV76CA,東海段,1.46,都市：住,10000,38,持分移轉,01300002
RPPNMLRLLHNFFAV17CA,馬蘭段,2.46,都市：住,10000,70,持分移轉,15680000
RPRNMLMLLHNFFAV86CA,富岡南段,118.10,非都市：鄉村區 ; 非都市編定：乙種建築用地,1,1,全筆移轉,12670005
RPPNMLRLLHNFFAV17CA,馬蘭段,2.89,都市：住,10000,70,持分移轉,15700000
RPUNMLLLLHNFFAV07CA,富岡南段,100.01,非都市：鄉村區 ; 非都市編定：乙種建築用地,1,1,全筆移轉,11810000
RPSNMLLLLHNFFAV86CA,永清段,124.99,都市：住,1,1,全筆移轉,08380021
RPPNMLQLLHNFFAV07CA,永清段,3557.28,都市：農,1,1,全筆移轉,00780000
RPPNMLMLLHNFFAV66CA,東海段,22.69,都市：住,10000,38,持分移轉,01300000
RPPNMLMLLHNFFAV66CA,東海段,1.46,都市：住,10000,38,持分移轉,01300002
RPXNMLLLLHNFFAV37CA,馬蘭段,45.00,都市：住,1,1,全筆移轉,16570003
RPRNMLNLLHNFFCV17CA,福文段,2845.49,都市：農,1,1,全筆移轉,04600000
RPQNMLLLLHNFFBV76CA,南佳里段,560.18,非都市：風景區 ; 非都市編定：丙種建築用地,1,1,全筆移轉,01690000
RPPNMLKKMHNFFAV56DA,光明段,2.24,都市：其他:河川用地,12708,385,持分移轉,03210001
TPPNMLKKMHNFFAV76DA,光明段,3.89,都市：其他:河川用地,2543,6,持分移轉,03230002
UPPNMLKKMHNFFAV86DA,光明段,6.03,都市：其他:河川用地,2000,123,持分移轉,03240001
RPPNMLTJMHNFFCV57DA,大原段,2475.00,非都市：特定農業區 ; 非都市編定：農牧用地,1,1,全筆移轉,44800001
RPQNMLMLLHNFFAV76CA,梧州段,3.45,都市：住,1,1,全筆移轉,05160000
RPQNMLMLLHNFFAV76CA,梧州段,108.57,都市：住,1,1,全筆移轉,05160001
RPRNMLMKMHNFFAV86CA,豐里段,95.21,非都市：鄉村區 ; 非都市編定：乙種建築用地,1,1,全筆移轉,08440000
RPQNMLMLLHNFFCV07DA,南山段,279.25,非都市：一般農業區 ; 非都市編定：農牧用地,1,1,全筆移轉,10320001
SPPNMLKKMHNFFAV66DA,光明段,2.89,都市：其他:河川用地,2000,123,持分移轉,03230001
RPTNMLQLLHNFFAV47CA,梧州段,182.14,都市：住,1,1,全筆移轉,05200001
RPTNMLQLLHNFFAV47CA,梧州段,1004.72,都市：住,1,1,全筆移轉,05200000
RPTNMLQLLHNFFAV47CA,梧州段,60.21,都市：住,1,1,全筆移轉,05200002
RPTNMLQLLHNFFAV47CA,梧州段,510.82,都市：其他:道路用地,1,1,全筆移轉,05200003
RPTNMLQLLHNFFAV47CA,梧州段,194.80,都市：住,1,1,全筆移轉,05210000
RPOOMLLKMHNFFAV56CA,豐年段,18.50,都市：住,10000,37,持分移轉,00270000
VPPNMLKKMHNFFAV96DA,光明段,27.86,都市：其他:河川用地,2000,123,持分移轉,03240002
RPQNMLMKMHNFFAV76CA,豐谷段,92.00,都市：住,1,1,全筆移轉,02470000
RPWNMLLLLHNFFAV27CA,馬蘭段,179.00,都市：住,1,1,全筆移轉,16570002
RPPNMLMLLHNFFCV96DA,西莊段,3618.18,非都市：特定農業區 ; 非都市編定：農牧用地,1,1,全筆移轉,00700000
RPPNMLMLLHNFFCV96DA,西莊段,597.26,非都市：特定農業區 ; 非都市編定：農牧用地,1,1,全筆移轉,00720000
RPPNMLMLLHNFFCV96DA,西莊段,5954.67,非都市：特定農業區 ; 非都市編定：農牧用地,1,1,全筆移轉,01170000
RPPNMLMLLHNFFCV96DA,西莊段,514.29,非都市：特定農業區 ; 非都市編定：農牧用地,1,1,全筆移轉,01180000
RPPNMLMLLHNFFCV96DA,西莊段,478.82,非都市：特定農業區 ; 非都市編定：農牧用地,1,1,全筆移轉,01190000
RPPNMLMLLHNFFCV96DA,西莊段,3529.50,非都市：特定農業區 ; 非都市編定：農牧用地,1,1,全筆移轉,01200000
RPPNMLMLLHNFFCV96DA,西莊段,1563.60,非都市：特定農業區 ; 非都市編定：農牧用地,1,1,全筆移轉,01210000
RPPNMLMLLHNFFCV96DA,西莊段,1178.21,非都市：特定農業區 ; 非都市編定：農牧用地,1,1,全筆移轉,01570000
RPSNMLMLLHNFFCV27DA,慶福段,32.71,都市：住,1,1,全筆移轉,08910002
RPSNMLMLLHNFFCV27DA,慶福段,98.38,都市：住,1,1,全筆移轉,08920000
RPSOMLLKMHNFFAV96CA,豐年段,5.50,都市：住,10000,11,持分移轉,00270000
RPQNMLNKMHNFFDV27DA,復興段,92.66,都市：住,2,1,持分移轉,09950000
RPQNMLNKMHNFFDV27DA,復興段,6.98,都市：住,2,1,持分移轉,09950001
RPRNMLRLLHNFFCV57CA,利稻段,2030.00,非都市：風景區 ; 非都市編定：農牧用地,1,1,全筆移轉,03840000
RPWNMLLMLHNFFAV37CA,豐谷段,84.00,都市：住,1,1,全筆移轉,01380000
RPWNMLLMLHNFFAV37CA,豐谷段,8.00,都市：住,1,1,全筆移轉,01460000
RPRNMLRLLHNFFAV37CA,中山段,81.00,都市：住,1,1,全筆移轉,11280000
RPSNMLRLLHNFFAV47CA,豐谷段,91.00,都市：住,1,1,全筆移轉,05740000
RPPNMLQLLHNFFCV27CA,德高段,929.36,非都市：特定農業區 ; 非都市編定：甲種建築用地,1,1,全筆移轉,02570000
RPTNMLRLLHNFFAV57CA,利家段,4286.00,非都市：特定農業區 ; 非都市編定：農牧用地,1,1,全筆移轉,65200000
RPQNMLSKMHNFFAV37CA,利家段,2560.00,非都市：山坡地保育區 ; 非都市編定：農牧用地,1,1,全筆移轉,24120000
RPQNMLSKMHNFFAV37CA,利家段,1034.00,非都市：山坡地保育區 ; 非都市編定：農牧用地,1,1,全筆移轉,24130000
RPQNMLSKMHNFFAV37CA,利家段,606.00,非都市：山坡地保育區 ; 非都市編定：農牧用地,1,1,全筆移轉,24130001
RPPNMLKLMHNFFCV86DA,中和段,98.47,非都市：鄉村區 ; 非都市編定：乙種建築用地,1,1,全筆移轉,03330000
RPSNMLRKMHNFFAV57DA,台東段,6.00,都市：住,1,1,全筆移轉,02660002
RPTNMLTLLHNFFBV87CA,小馬東段,504.09,非都市：風景區 ; 非都市編定：丙種建築用地,1,1,全筆移轉,10480000
RPPNMLPLMHNFFCV27CA,水井段,133.25,非都市：鄉村區 ; 非都市編定：乙種建築用地,1,1,全筆移轉,07840000
RPPNMLPLMHNFFCV27CA,水井段,537.28,非都市：鄉村區 ; 非都市編定：乙種建築用地,1,1,全筆移轉,08070000
RPPNMLPLMHNFFCV27CA,水井段,299.56,非都市：鄉村區 ; 非都市編定：乙種建築用地,1,1,全筆移轉,07860000
RPPNMLPLMHNFFCV27CA,水井段,262.63,非都市：鄉村區 ; 非都市編定：乙種建築用地,1,1,全筆移轉,08070001
RPQNMLRLLHNFFAV37DA,豐利段,73.78,都市：住,1,1,全筆移轉,07870000
RPQNMLRLLHNFFAV37DA,豐利段,56.68,都市：其他:道路用地,1,1,全筆移轉,07870001
RPQNMLPLMHNFFCV37CA,水井段,664.34,非都市：鄉村區 ; 非都市編定：乙種建築用地,1,1,全筆移轉,11040000
RPQNMLPLMHNFFCV37CA,水井段,388.09,非都市：鄉村區 ; 非都市編定：乙種建築用地,1,1,全筆移轉,11040001
RPPNMLTLLHNFFBV47CA,萬年段,1012.00,非都市：鄉村區 ; 非都市編定：乙種建築用地,1,1,全筆移轉,00180000
RPSNMLLMLHNFFCV17CA,水井段,126.11,非都市：鄉村區 ; 非都市編定：乙種建築用地,1,1,全筆移轉,08070002
RPPNMLLJMHNFFBV56CA,濱海段,20.49,都市：住,1,1,全筆移轉,06980000
RPPNMLLJMHNFFBV56CA,濱海段,178.92,都市：住,1,1,全筆移轉,07000000
RPPNMLLJMHNFFBV56CA,濱海段,250.17,都市：住,1,1,全筆移轉,07010000
RPPNMLLJMHNFFBV56CA,濱海段,497.17,都市：住,1,1,全筆移轉,07020000
RPTNMLLMLHNFFCV27CA,水井段,184.90,非都市：鄉村區 ; 非都市編定：乙種建築用地,1,1,全筆移轉,07890002
RPWNMLLMLHNFFCV57CA,水井段,336.30,非都市：鄉村區 ; 非都市編定：乙種建築用地,1,1,全筆移轉,07890005
RPPNMLTLLHNFFCV57CA,親水段,2486.23,非都市：特定農業區 ; 非都市編定：農牧用地,1,1,全筆移轉,01940000
RPPNMLTLLHNFFCV57CA,親水段,2354.37,非都市：特定農業區 ; 非都市編定：農牧用地,1,1,全筆移轉,01950000
RPXNMLLMLHNFFCV67CA,水井段,69.00,非都市：鄉村區 ; 非都市編定：乙種建築用地,1,1,全筆移轉,07870000
RPXNMLLMLHNFFCV67CA,水井段,252.30,非都市：鄉村區 ; 非都市編定：乙種建築用地,1,1,全筆移轉,07890006
RPUNMLLMLHNFFCV37CA,水井段,470.87,非都市：鄉村區 ; 非都市編定：乙種建築用地,1,1,全筆移轉,07890001
RPPNMLLMLHNFFAV66CA,東谷段,130.55,非都市：特定農業區 ; 非都市編定：甲種建築用地,1,1,全筆移轉,05930000
RPVNMLLMLHNFFCV47CA,水井段,324.03,非都市：鄉村區 ; 非都市編定：乙種建築用地,1,1,全筆移轉,07890004
RPVNMLLMLHNFFCV47CA,水井段,327.75,非都市：鄉村區 ; 非都市編定：乙種建築用地,1,1,全筆移轉,07890003
RPRNMLNJMHNFFAV86CA,東海段,104.34,都市：住,1,1,全筆移轉,06350008
RPSNMLKMLHNFFDV17CA,笆札筏段,202.16,非都市：鄉村區 ; 非都市編定：乙種建築用地,1,1,全筆移轉,04090000
RPQNMLLMLHNFFAV76CA,利卡夢段,231.06,非都市：特定農業區 ; 非都市編定：甲種建築用地,1,1,全筆移轉,05430000
RPQNMLTLLHNFFBV57CA,和平南段,3138.95,非都市：風景區 ; 非都市編定：農牧用地,1,1,全筆移轉,04210000
RPPNMLTLLHNFFAV47DA,青林段,49.81,都市：住,10000,276,持分移轉,09350000
RPPNMLNKMHNFFAV76CA,富岡段,41.67,非都市：鄉村區 ; 非都市編定：乙種建築用地,3,1,持分移轉,09690000
RPPNMLNKMHNFFAV76CA,富岡段,214.55,非都市：鄉村區 ; 非都市編定：乙種建築用地,3,1,持分移轉,09700000
RPPNMLNKMHNFFAV76CA,富岡段,8.05,非都市：鄉村區 ; 非都市編定：乙種建築用地,3,1,持分移轉,09710000
RPPNMLNKMHNFFAV76CA,富岡南段,83.28,非都市：鄉村區 ; 非都市編定：乙種建築用地,3,1,持分移轉,01160000
RPPNMLNKMHNFFAV76CA,富岡南段,.18,非都市：鄉村區 ; 非都市編定：乙種建築用地,3,1,持分移轉,01170000
RPPNMLNKMHNFFAV76CA,富岡南段,34.19,非都市：鄉村區 ; 非都市編定：乙種建築用地,3,1,持分移轉,01180000
RPVOMLLKMHNFFAV27CA,南榮段,1243.73,都市：農,2,1,持分移轉,05260000
RPTNMLLMLHNFFAV07CA,中山段,124.00,都市：住,1,1,全筆移轉,05090000
RPTNMLNJMHNFFAV07CA,岩灣段,151.37,都市：住,1,1,全筆移轉,00570004
RPTNMLNJMHNFFAV07CA,岩灣段,151.37,都市：住,1,1,全筆移轉,00570005
RPTNMLNJMHNFFAV07CA,岩灣段,151.36,都市：住,1,1,全筆移轉,00570006
RPPNMLMJMHNFFBV76DA,都豐段,235.80,非都市：鄉村區 ; 非都市編定：乙種建築用地,1,1,全筆移轉,03000000
RPTNMLRKMHNFFAV57CA,台東段,10.08,都市：住,10000,67,持分移轉,20080000
RPVNMLLMLHNFFAV27CA,台東段,69.00,都市：住,1,1,全筆移轉,00040606
RPRNMLMJMHNFFBV86CA,坪頂段,60.71,非都市：風景區 ; 非都市編定：農牧用地,1,1,全筆移轉,05380001
RPRNMLLMLHNFFAV86CA,台東段,83.00,都市：住,1,1,全筆移轉,03270091
RPRNMLQKMHNFFBV37CA,東柄段,2500.00,非都市：風景區 ; 非都市編定：農牧用地,1,1,全筆移轉,03080000
RPQNMLMJMHNFFBV76CA,長濱段,5340.00,非都市：風景區 ; 非都市編定：農牧用地,1,1,全筆移轉,08220000
RPPNMLNLMHNFFDV27DA,秀山段,10.39,都市：其他:出租旅館區,10000,9,持分移轉,07230000
RPPNMLNLMHNFFDV27DA,秀山段,.00,都市：其他:道路用地,10000,9,持分移轉,07230001
RPPNMLPLMHNFFAV07CA,自強段,148.00,都市：住,1,1,全筆移轉,01740000
RPQNMLLMLHNFFBV96DA,和平北段,861.28,非都市：風景區 ; 非都市編定：農牧用地,1,1,全筆移轉,06140000
RPPNMLSKMHNFFCV47CA,里?段,90.15,都市：住,1,1,全筆移轉,04970000
RPPNMLSKMHNFFCV47CA,里?段,86.48,都市：住,1,1,全筆移轉,04990000
RPPNMLSKMHNFFCV47CA,里?段,1.50,都市：住,1,1,全筆移轉,05010000
RPUNMLNJMHNFFAV17CA,台東段,50.00,都市：住,1,1,全筆移轉,03470033
RPQNMLMJMHNFFAV66CA,常德段,40.76,都市：住,2,1,持分移轉,11230000
RPPNMLNJMHNFFAV76DA,豐利段,21.59,都市：其他:道路用地,1,1,全筆移轉,03890000
RPPNMLNJMHNFFAV76DA,豐利段,51.62,都市：住,1,1,全筆移轉,03920000
RPVNMLLKMHNFFAV17CA,台東段,46.00,都市：商,1,1,全筆移轉,03690000
RPWNMLNJMHNFFAV37CA,中清段,63.88,都市：住,1,1,全筆移轉,04040006
RPTNMLMJMHNFFAV96CA,南王段,92.51,都市：住,1,1,全筆移轉,00450014
RPPNMLQLMHNFFAV17CA,下賓朗段,242.39,非都市：一般農業區 ; 非都市編定：甲種建築用地,1,1,全筆移轉,13320000
RPQNMLNJMHNFFAV76CA,新園段,1608.00,非都市：特定農業區 ; 非都市編定：農牧用地,1,1,全筆移轉,07080000
RPSNMLTJMHNFFAV57CA,新生段,80.00,都市：住,1,1,全筆移轉,03190000
RPVNMLNJMHNFFAV27CA,豐樂段,83.00,都市：住,1,1,全筆移轉,31100000
RPSNMLNKMHNFFAV07CA,台東段,11.93,都市：住,100000,737,持分移轉,00040009
RPQNMLRKMHNFFAV27CA,石壁段,123.17,都市：住,1,1,全筆移轉,00400000
RPQNMLRKMHNFFAV27CA,石壁段,6.31,都市：住,1,1,全筆移轉,00400001
RPRNMLMJMHNFFAV76CA,台東段,111.00,都市：住,1,1,全筆移轉,23910000
RPXNMLLKMHNFFAV37CA,南清段,785.50,都市：住,1,1,全筆移轉,02030000
RPXNMLLKMHNFFAV37CA,南清段,762.77,都市：住,1,1,全筆移轉,02040000
RPXNMLLKMHNFFAV37CA,南清段,1043.37,都市：住,1,1,全筆移轉,02050000
SPTNMLTKMHNFFAV97DA,北南王段,12.61,都市：其他:河川用地,18,1,持分移轉,09890000
RPTNMLNKMHNFFAV17CA,豐年段,111.76,都市：住,1,1,全筆移轉,11260015
RPTNMLTJMHNFFAV67CA,台東段,131.00,都市：住,1,1,全筆移轉,00890003
RPQNMLTJMHNFFAV37CA,豐利段,39.37,都市：住,1,1,全筆移轉,03360000
RPPNMLLKMHNFFAV56CA,豐里段,280.10,非都市：鄉村區 ; 非都市編定：乙種建築用地,1,1,全筆移轉,08340000
RPPNMLTJMHNFFDV57CA,秀山段,8.08,都市：住,10000,7,持分移轉,07230000
RPPNMLTJMHNFFDV57CA,秀山段,.00,都市：住,10000,7,持分移轉,07230001
RPTNMLTKMHNFFAV87DA,北南王段,56.95,都市：其他:河川用地,18,1,持分移轉,09590001
RPUNMLTJMHNFFAV77CA,台東段,12.00,都市：住,1,1,全筆移轉,00890007
TPTNMLTKMHNFFAV08DA,北南王段,23.27,都市：其他:河川用地,18,1,持分移轉,09990000
RPPNMLTJMHNFFAV27CA,梧州段,180.05,都市：住,3,1,持分移轉,04730000
RPPNMLTJMHNFFAV27CA,梧州段,180.05,都市：住,3,1,持分移轉,04730000
RPPNMLTJMHNFFAV27CA,梧州段,180.05,都市：住,3,1,持分移轉,04730000
RPPNMLTJMHNFFAV27CA,梧州段,.22,都市：其他:道路用地,3,1,持分移轉,04730004
RPPNMLTJMHNFFAV27CA,梧州段,.22,都市：其他:道路用地,3,1,持分移轉,04730004
RPPNMLTJMHNFFAV27CA,梧州段,.22,都市：其他:道路用地,3,1,持分移轉,04730004
RPQNMLNLMHNFFDV27CA,秀山段,71.20,非都市：一般農業區 ; 非都市編定：甲種建築用地,1,1,全筆移轉,04460000
RPPNMLLKMHNFFBV66CA,忠智段,123.16,都市：住,1,1,全筆移轉,07010001
RPUNMLRKMHNFFAV67CA,利泰段,327.46,非都市： ; 非都市編定：,1,1,全筆移轉,01000001
RPPNMLQKMHNFFAV07CA,利吉段,484.45,非都市：鄉村區 ; 非都市編定：乙種建築用地,1,1,全筆移轉,04840000
RPQNMLRJNHNFFCV47CA,中和段,215.34,非都市：一般農業區 ; 非都市編定：農牧用地,1,1,全筆移轉,03510000
RPTNMLQKMHNFFAV47CA,下賓朗段,83.92,非都市：鄉村區 ; 非都市編定：乙種建築用地,1,1,全筆移轉,02600000
RPPNMLKKMHNFFCV66CA,福原段,34.79,都市：住,1,1,全筆移轉,06060003
RPPNMLMKMHNFFBV86DA,高原段,4418.00,非都市：森林區 ; 非都市編定：農牧用地,1,1,全筆移轉,02860013
RPRNMLRKMHNFFAV37CA,豐聖段,9.51,都市：農,1,1,全筆移轉,08790001
RPTOMLLKMHNFFAV07CA,台東段,58.69,都市：住,100000,795,持分移轉,25420000
RPWNMLLKMHNFFAV27CA,中山段,70.00,都市：住,1,1,全筆移轉,09950000
RPRNMLQLMHNFFAV37CA,澱粉段,2052.38,非都市：特定農業區 ; 非都市編定：甲種建築用地,1,1,全筆移轉,03550000
RPPNMLRJNHNFFCV37CA,中和段,556.36,非都市：一般農業區 ; 非都市編定：甲種建築用地,1,1,全筆移轉,03500000
RPQNMLMKMHNFFBV86CA,忠智段,122.92,都市：住,1,1,全筆移轉,07010000
RPUNMLTKMHNFFAV87CA,北南王段,31.88,都市：住,2,1,持分移轉,04310000
RPUNMLTKMHNFFAV87CA,北南王段,31.88,都市：住,2,1,持分移轉,04310000
RPRNMLKMMHNFFAV86CA,豐榮段,67.00,都市：住,1,1,全筆移轉,04180000
RPTNMLKKNHNFFAV96CA,梧州段,97.33,都市：住,1,1,全筆移轉,01700000
RPPNMLOKMHNFFAV86CA,豐成段,3085.10,非都市：特定農業區 ; 非都市編定：農牧用地,1,1,全筆移轉,02560001
RPQNMLLJNHNFFCV86CA,福文段,1924.86,都市：農,1,1,全筆移轉,00570000
RPQNMLLJNHNFFCV86CA,萬福段,407.92,非都市：一般農業區 ; 非都市編定：農牧用地,1,1,全筆移轉,02320000
RPQNMLLJNHNFFCV86CA,福文段,582.88,都市：農,1,1,全筆移轉,00560000
RPQNMLLKNHNFFBV86CA,田組段,139.83,非都市：風景區 ; 非都市編定：農牧用地,1,1,全筆移轉,05980000
RPQNMLLKNHNFFBV86CA,田組段,37.56,非都市：風景區 ; 非都市編定：農牧用地,1,1,全筆移轉,05980001
RPQNMLLKNHNFFBV86CA,田組段,175.30,非都市：風景區 ; 非都市編定：農牧用地,1,1,全筆移轉,05990000
RPQNMLLKNHNFFBV86CA,田組段,2975.21,非都市：風景區 ; 非都市編定：農牧用地,1,1,全筆移轉,06080000
RPQNMLLKNHNFFBV86CA,田組段,2532.76,非都市：風景區 ; 非都市編定：農牧用地,1,1,全筆移轉,06080001
RPQNMLLKNHNFFBV86CA,田組段,428.30,非都市：風景區 ; 非都市編定：農牧用地,1,1,全筆移轉,06080002
RPQNMLNKMHNFFAV86CA,上岩灣段,65.14,都市：住,100000,1540,持分移轉,01990000
RPSNMLQKMHNFFAV47DA,利家段,3440.00,非都市：特定農業區 ; 非都市編定：農牧用地,1,1,全筆移轉,49730000
RPQNMLQKMHNFFDV47CA,復興段,97.44,都市：住,1,1,全筆移轉,08410000
RPPNMLTKMHNFFDV67CA,秀山段,8.08,都市：商,10000,7,持分移轉,07230000
RPPNMLTKMHNFFDV67CA,秀山段,.00,都市：商,10000,7,持分移轉,07230001
RPPNMLKLMHNFFDV86CA,秀山段,8.08,都市：住,10000,7,持分移轉,07230000
RPPNMLKLMHNFFDV86CA,秀山段,.00,都市：住,10000,7,持分移轉,07230001
RPRNMLNKMHNFFAV96CA,台東段,16.72,都市：住,10000,131,持分移轉,18050000
RPQNMLTKMHNFFDV77CA,秀山段,8.08,都市：商,10000,7,持分移轉,07230000
RPQNMLTKMHNFFDV77CA,秀山段,.00,都市：商,10000,7,持分移轉,07230001
RPVNMLQKMHNFFAV67CA,石壁段,2420.96,都市：農,1,1,全筆移轉,10520000
RPVNMLQKMHNFFAV67CA,石壁段,2148.65,都市：農,1,1,全筆移轉,10540000
RPVNMLQKMHNFFAV67CA,石壁段,1007.45,都市：農,1,1,全筆移轉,10540001
RPPNMLLKNHNFFBV86DA,三民段,98.85,都市：住,1,1,全筆移轉,09540002
RPXNMLQKMHNFFAV87CA,新生段,10.42,都市：住,10000,42,持分移轉,00440000
RPPNMLSJNHNFFCV47CA,四維段,1439.87,非都市：一般農業區 ; 非都市編定：遊憩用地,1,1,全筆移轉,03620000
RPPNMLSJNHNFFCV47CA,四維段,3184.58,非都市：一般農業區 ; 非都市編定：遊憩用地,1,1,全筆移轉,03630000
RPPNMLSJNHNFFCV47CA,四維段,8285.00,非都市：一般農業區 ; 非都市編定：國土保安用地,1,1,全筆移轉,03670000
RPPNMLSJNHNFFCV47CA,四維段,29468.00,非都市：一般農業區 ; 非都市編定：遊憩用地,1,1,全筆移轉,03680000
RPPNMLSJNHNFFCV47CA,四維段,181.54,非都市：一般農業區 ; 非都市編定：遊憩用地,1,1,全筆移轉,03690000
RPPNMLSJNHNFFCV47CA,四維段,6729.17,非都市：一般農業區 ; 非都市編定：國土保安用地,1,1,全筆移轉,03700000
RPPNMLSJNHNFFCV47CA,四維段,270.12,非都市：一般農業區 ; 非都市編定：交通用地,1,1,全筆移轉,03770000
RPPNMLSJNHNFFCV47CA,四維段,112.00,非都市：一般農業區 ; 非都市編定：特定目的事業用地,1,1,全筆移轉,03800000
RPPNMLSJNHNFFCV47CA,四維段,356.96,非都市：一般農業區 ; 非都市編定：甲種建築用地,1,1,全筆移轉,12300000
RPPNMLSJNHNFFCV47CA,四維段,93.26,非都市：河川區 ; 非都市編定：甲種建築用地,1,1,全筆移轉,12300001
RPPNMLSJNHNFFCV47CA,四維段,779.18,非都市：一般農業區 ; 非都市編定：甲種建築用地,1,1,全筆移轉,12310000
RPPNMLSJNHNFFCV47CA,四維段,53.21,非都市：河川區 ; 非都市編定：甲種建築用地,1,1,全筆移轉,12310001
RPPNMLRKMHNFFAV17CA,馬蘭段,41.96,都市：住,10000,222,持分移轉,14460000
RPPNMLRKMHNFFBV27CA,新美山段,5357.89,非都市：風景區 ; 非都市編定：農牧用地,1,1,全筆移轉,08200000
RPPNMLNLMHNFFBV96CA,成功段,75.73,都市：住,1,1,全筆移轉,00970005
RPWNMLQKMHNFFAV77CA,中山段,78.00,都市：住,1,1,全筆移轉,04530000
RPPNMLKMMHNFFAV66CA,建成段,67.71,都市：其他:車站專用區,1,1,全筆移轉,01200001
RPPNMLKMMHNFFAV66CA,建成段,67.71,都市：其他:車站專用區,1,1,全筆移轉,01200002
RPQNMLQLMHNFFCV47CA,大同段,93.14,都市：住,1,1,全筆移轉,05990000
RPPNMLSKMHNFFAV37DA,北南王段,114.83,都市：住,1,1,全筆移轉,00540000
RPPNMLTKMHNFFAV37CA,新田段,6307.42,非都市：特定農業區 ; 非都市編定：農牧用地,1,1,全筆移轉,01960000
RPQNMLTKMHNFFCV67CA,水墜段,261.23,非都市：鄉村區 ; 非都市編定：乙種建築用地,3,1,持分移轉,01280000
RPRNMLTKMHNFFAV57CA,豐年段,23.75,都市：住,10000,92,持分移轉,00270003
RPSNMLTKMHNFFAV67CA,豐川段,447.43,非都市：特定農業區 ; 非都市編定：農牧用地,1,1,全筆移轉,06900000
RPQNMLLJNHNFFBV76CA,東柄段,2500.00,非都市：風景區 ; 非都市編定：農牧用地,1,1,全筆移轉,03080002
RPRNMLTKMHNFFBV67CA,忠勇段,89.85,都市：住,1,1,全筆移轉,11870000
RPQNMLTKMHNFFAV47CA,新生段,106.00,都市：住,1,1,全筆移轉,11940000
RPQNMLKLMHNFFAV66CA,利家段,18.00,非都市：鄉村區 ; 非都市編定：交通用地,1,1,全筆移轉,77120001
RPQNMLKLMHNFFAV66CA,利家段,30.00,非都市：鄉村區 ; 非都市編定：交通用地,1,1,全筆移轉,77120002
RPQNMLKLMHNFFAV66CA,利家段,180.00,非都市：鄉村區 ; 非都市編定：乙種建築用地,1,1,全筆移轉,77130000
RPSNMLQLMHNFFAV47CA,東谷段,258.35,都市：住,1,1,全筆移轉,01870000
RPQNMLNLMHNFFAV96CA,東海段,87.77,都市：住,1,1,全筆移轉,09390000
RPUNMLRJNHNFFAV67CA,興安段,157.12,都市：住,1,1,全筆移轉,02660005
RPSNMLSJNHNFFAV57CA,下賓朗段,91.77,非都市：一般農業區 ; 非都市編定：農牧用地,9,1,持分移轉,13800000
RPPNMLLLNHNFFBV96DA,三民段,25.65,都市：住,1,1,全筆移轉,00150002
RPXNMLOJNHNFFAV67CA,台東段,20.62,都市：住,10000,137,持分移轉,20080000
RPRNMLMJNHNFFAV86CA,台東段,58.76,都市：住,100000,796,持分移轉,25420000
RPWNMLRJNHNFFAV87CA,南榮段,7.80,都市：其他:住宅區之既成道路,10000,151,持分移轉,08900000
RPWNMLRJNHNFFAV87CA,南榮段,.45,都市：其他:道路用地,10000,151,持分移轉,08900002
RPWNMLRJNHNFFAV87CA,南榮段,18.26,都市：其他:住宅區之既成道路,10000,263,持分移轉,09430000
RPWNMLRJNHNFFAV87CA,南榮段,82.83,都市：住,1,1,全筆移轉,09520000
RPWNMLTKMHNFFAV08CA,新生段,117.00,都市：住,1,1,全筆移轉,07590007
RPPNMLKLMHNFFAV56CA,東海段,117.22,都市：住,1,1,全筆移轉,06800053
RPOOMLRJNHNFFAV17CA,岩灣段,118.42,都市：住,1,1,全筆移轉,01430002
RPQNMLTKMHNFFBV57CA,大馬段,533.00,非都市：風景區 ; 非都市編定：農牧用地,1,1,全筆移轉,00590000
RPQNMLTKMHNFFBV57CA,大馬段,6557.00,非都市：風景區 ; 非都市編定：農牧用地,1,1,全筆移轉,00600000
RPRNMLSJNHNFFDV77CA,秀山段,10.39,都市：其他:旅館區,10000,9,持分移轉,07230000
RPRNMLSJNHNFFDV77CA,秀山段,.00,都市：其他:道路用地,10000,9,持分移轉,07230001
RPPNMLNLMHNFFAV96DA,北南王段,30.89,都市：其他:河川用地,1,1,全筆移轉,07810000
RPWNMLOJNHNFFAV57CA,興安段,141.16,都市：住,1,1,全筆移轉,00890000
RPQNMLOLMHNFFCV27CA,南山段,418.96,都市：住,1,1,全筆移轉,07520000
RPPNMLSJNHNFFDV67DA,秀山段,16.73,都市：其他:出租旅館區,10000,52,持分移轉,07280000
RPPNMLNJNHNFFCV96CA,慶福段,131.05,都市：住,1,1,全筆移轉,08920001
RPRNMLKKNHNFFDV07CA,秀山段,8.08,都市：住,10000,7,持分移轉,07230000
RPRNMLKKNHNFFDV07CA,秀山段,.00,都市：住,10000,7,持分移轉,07230001
RPTNMLRJNHNFFCV77CA,福文段,22.64,都市：住,1,1,全筆移轉,02030001
RPTNMLRJNHNFFCV77CA,福文段,461.48,都市：住,1,1,全筆移轉,06440001
RPPNMLOLMHNFFCV27DA,新福段,3509.53,非都市：一般農業區 ; 非都市編定：農牧用地,1,1,全筆移轉,07630000
RPVNMLPLMHNFFAV77DA,台東段,52.00,都市：住,2,1,持分移轉,00040280
RPQNMLKLMHNFFDV07DA,南興段,7900.00,非都市：山坡地保育區 ; 非都市編定：農牧用地,1,1,全筆移轉,05400000
RPRNMLNLMHNFFAV07CA,新園段,7419.00,非都市：特定農業區 ; 非都市編定：農牧用地,1,1,全筆移轉,08280000
RPUNMLPLMHNFFAV57CA,豐工段,2217.35,都市：其他:乙種工業區,2,1,持分移轉,01020000
RPUNMLPLMHNFFAV57CA,豐工段,2217.35,都市：其他:乙種工業區,2,1,持分移轉,01020000
RPUNMLPLMHNFFAV57CA,豐工段,4260.36,都市：其他:乙種工業區,2,1,持分移轉,01020001
RPUNMLPLMHNFFAV57CA,豐工段,4260.36,都市：其他:乙種工業區,2,1,持分移轉,01020001
RPQNMLPLMHNFFAV17CA,常德段,3871.22,都市：商,1,1,全筆移轉,05450000
RPWNMLPLMHNFFAV77CA,豐年段,27.27,都市：住,10000,59,持分移轉,00270007
RPUNMLNLMHNFFAV37CA,豐年段,89.34,都市：住,2,1,持分移轉,09540046
RPUNMLNLMHNFFAV37CA,豐年段,89.34,都市：住,2,1,持分移轉,09540046
RPTNMLNLMHNFFAV27CA,南王段,82.93,都市：住,1,1,全筆移轉,01090000
RPRNMLOLMHNFFAV17CA,岩灣段,177.49,都市：住,1,1,全筆移轉,04560000
RPPNMLOLMHNFFAV96CA,豐年段,149.08,都市：住,1,1,全筆移轉,09540045
RPRNMLRJNHNFFCV67DA,紅葉段,5119.00,都市：其他:保護區,1,1,全筆移轉,08010000
RPRNMLRJNHNFFCV67DA,紅葉段,221.00,都市：其他:保護區,1,1,全筆移轉,08010005
RPRNMLRJNHNFFCV67DA,紅葉段,18.00,都市：其他:保護區,1,1,全筆移轉,08010006
RPSNMLOLMHNFFAV27CA,常德段,87.53,都市：住,1,1,全筆移轉,00860000
RPPNMLLJNHNFFBV66CA,馬稼海段,4065.32,非都市：風景區 ; 非都市編定：農牧用地,1,1,全筆移轉,04760000
RPPNMLOJNHNFFBV96CA,南佳里段,3700.00,非都市：風景區 ; 非都市編定：農牧用地,1,1,全筆移轉,08050001
RPPNMLOKNHNFFBV07CA,都豐段,1000.00,非都市：風景區 ; 非都市編定：農牧用地,1,1,全筆移轉,04850001
RPPNMLOJNHNFFCV07CA,水井段,7441.00,非都市：特定農業區 ; 非都市編定：農牧用地,2,1,持分移轉,00700000
RPSNMLOLMHNFFCV47CA,中福段,276.99,都市：住,1,1,全筆移轉,01840000
RPQNMLSJNHNFFDV67CA,秀山段,8.08,都市：商,10000,7,持分移轉,07230000
RPQNMLSJNHNFFDV67CA,秀山段,.00,都市：商,10000,7,持分移轉,07230001
RPPNMLKMMHNFFDV96CA,復興段,797.60,都市：住,1,1,全筆移轉,04150001
RPPNMLSLMHNFFBV47CA,小馬東段,2451.47,非都市：風景區 ; 非都市編定：農牧用地,1,1,全筆移轉,10470000
RPRNMLPLMHNFFAV27CA,利卡夢段,2800.26,非都市：特定農業區 ; 非都市編定：農牧用地,1,1,全筆移轉,06850000
RPQNMLRLMHNFFAV37CA,利家段,2179.00,非都市：特定農業區 ; 非都市編定：農牧用地,1,1,全筆移轉,68740000
RPSNMLPLMHNFFAV47DA,台東段,122.00,都市：住,1,1,全筆移轉,05610051
RPPNMLSLMHNFFAV37CA,常德段,101.71,都市：住,1,1,全筆移轉,00810000
RPPNMLRLMHNFFBV37CA,藍寶段,2057.82,非都市：風景區 ; 非都市編定：農牧用地,1,1,全筆移轉,02870002
RPTNMLQLMHNFFAV57CA,建國段,73.00,都市：住,1,1,全筆移轉,07250000
RPPNMLRLMHNFFAV27CA,台東段,124.00,都市：住,1,1,全筆移轉,01600127
RPUNMLOJNHNFFAV37CA,台東段,51.66,都市：住,100000,800,持分移轉,25640000
RPUNMLQLMHNFFAV67CA,德安段,26.13,都市：住,30000,209,持分移轉,00630000
RPUNMLQLMHNFFAV67CA,德安段,.18,都市：其他:道,30000,209,持分移轉,00630001
RPUNMLQLMHNFFAV67CA,德安段,2.41,都市：其他:道,30000,209,持分移轉,00630002
RPUNMLQLMHNFFAV67CA,德安段,.05,都市：其他:道,30000,209,持分移轉,00630003
RPWNMLTJNHNFFAV08CA,台東段,12.68,都市：住,100000,783,持分移轉,00040009
RPPOMLSJNHNFFAV37CA,豐谷段,75.00,都市：住,1,1,全筆移轉,09870000
RPPNMLLJNHNFFAV56CA,鎮樂段,4370.00,非都市：山坡地保育區 ; 非都市編定：林業用地,1,1,全筆移轉,04060000
RPPNMLRLMHNFFCV47CA,豐泉段,911.97,都市：住,1,1,全筆移轉,06040000
RPQNMLLLNHNFFBV07DA,高台段,9.60,非都市：鄉村區 ; 非都市編定：乙種建築用地,1,1,全筆移轉,07420002
RPQNMLLJNHNFFAV66CA,豐川段,32.20,非都市：特定農業區 ; 非都市編定：農牧用地,1,1,全筆移轉,04990000
RPQNMLLJNHNFFAV66CA,豐川段,1507.14,非都市：特定農業區 ; 非都市編定：農牧用地,1,1,全筆移轉,05060000
RPQNMLLJNHNFFAV66CA,豐川段,156.56,非都市：特定農業區 ; 非都市編定：農牧用地,1,1,全筆移轉,05110000
RPTNMLKMMHNFFAV07CA,常德段,12.59,都市：住,10000,249,持分移轉,05300000
RPPNMLRJNHNFFBV37DA,玉長段,120.59,非都市：鄉村區 ; 非都市編定：乙種建築用地,2,1,持分移轉,08100000
TPPNMLMJNHNFFAV96DA,下賓朗段,165.18,非都市：特定農業區 ; 非都市編定：水利用地,1,1,全筆移轉,15010000
RPQOMLRJNHNFFAV37CA,馬蘭段,11.54,都市：住,10000,285,持分移轉,18030000
RPPNMLKMMHNFFCV86CA,廣原段,50.00,非都市：鄉村區 ; 非都市編定：乙種建築用地,1,1,全筆移轉,04560007
SPPNMLMJNHNFFAV86DA,下賓朗段,275.76,非都市：一般農業區 ; 非都市編定：水利用地,1,1,全筆移轉,14950000
RPQNMLKMNHNFFCV17DA,大同段,120.47,都市：住,1,1,全筆移轉,03750005
RPQNMLKMMHNFFCV96CA,廣原段,22.50,非都市：鄉村區 ; 非都市編定：乙種建築用地,2,1,持分移轉,04560006
RPQNMLKMMHNFFCV96CA,廣原段,22.50,非都市：鄉村區 ; 非都市編定：乙種建築用地,2,1,持分移轉,04560006
RPPOMLMJNHNFFAV76CA,利家段,89.00,非都市：鄉村區 ; 非都市編定：乙種建築用地,1,1,全筆移轉,77940000
RPPNMLLJNHNFFCV76CA,瑞里段,143.52,非都市：鄉村區 ; 非都市編定：乙種建築用地,1,1,全筆移轉,01590000
RPPNMLSKNHNFFCV57CA,里?段,1795.43,都市：其他:學校用地,1,1,全筆移轉,10960000
RPPNMLMJNHNFFDV96CA,蘭里段,1781.03,非都市：特定農業區 ; 非都市編定：農牧用地,1,1,全筆移轉,08050000
RPPNMLMJNHNFFDV96CA,蘭里段,2149.99,非都市：特定農業區 ; 非都市編定：農牧用地,1,1,全筆移轉,08060000
RPPNMLMJNHNFFAV76DA,下賓朗段,2006.64,非都市：特定農業區 ; 非都市編定：水利用地,1,1,全筆移轉,14940000
RPQNMLSKNHNFFCV67CA,里?段,1314.98,都市：其他:學校用地,1,1,全筆移轉,10910000
RPPNMLSLNHNFFDV87DA,大王段,3000.00,非都市：山坡地保育區 ; 非都市編定：農牧用地,1,1,全筆移轉,02580001
RPPNMLPLNHNFFDV57DA,都哇拔段,366.38,非都市：鄉村區 ; 非都市編定：乙種建築用地,1,1,全筆移轉,00760000
RPROMLRJNHNFFAV47CA,馬蘭段,17.37,都市：住,10000,144,持分移轉,16590000
RPSNMLMJNHNFFAV96CA,大業段,22.63,都市：住,8,1,持分移轉,03580013
RPSNMLMJNHNFFAV96CA,大業段,86.33,都市：住,1,1,全筆移轉,03580015
RPQNMLMJNHNFFAV76CA,台東段,15.23,都市：住,10000,322,持分移轉,11920000
RPUNMLMJNHNFFAV17CA,利家段,111.00,非都市：鄉村區 ; 非都市編定：乙種建築用地,1,1,全筆移轉,81800000
RPXNMLMJNHNFFAV47CA,台東段,96.00,都市：商,1,1,全筆移轉,03720003
RPXNMLMJNHNFFAV47CA,台東段,22.00,都市：商,1,1,全筆移轉,03720004
RPPNMLMJNHNFFBV76CA,忠勇段,224.28,都市：住,1,1,全筆移轉,07920000
RPWNMLMJNHNFFAV37CA,台東段,70.00,都市：商,2,1,持分移轉,04800052
RPPNMLOLNHNFFAV07CA,興安段,133.96,都市：住,1,1,全筆移轉,03390017
RPQNMLOLNHNFFAV17CA,豐谷段,8.00,都市：其他:道路用地,1,1,全筆移轉,01450000
RPQNMLOLNHNFFAV17CA,豐谷段,92.00,都市：住,1,1,全筆移轉,01530000
RPPNMLNJNHNFFBV86CA,烏石鼻段,379.42,非都市：風景區 ; 非都市編定：農牧用地,1,1,全筆移轉,13330000
RPRNMLOLNHNFFAV27CA,興安段,283.24,都市：住,1,1,全筆移轉,00440000
SPTNMLRJNHNFFAV67CA,建成段,111.57,都市：住,1,1,全筆移轉,03400008
RPRNMLLJOHNFFCV17DA,瑞豐段,1078.43,非都市：鄉村區 ; 非都市編定：乙種建築用地,1,1,全筆移轉,08350000
RPRNMLLJOHNFFCV17DA,瑞豐段,45.93,非都市：鄉村區 ; 非都市編定：交通用地,1,1,全筆移轉,08490000
RPTNMLRJNHNFFAV57CA,建成段,105.33,都市：住,1,1,全筆移轉,03400009
RPSNMLOJNHNFFAV27DA,利家段,51.00,非都市：山坡地保育區 ; 非都市編定：丙種建築用地,1,1,全筆移轉,02930020
RPSNMLOJNHNFFCV37CA,親水段,3943.51,非都市：特定農業區 ; 非都市編定：農牧用地,1,1,全筆移轉,01980000
RPSNMLOJNHNFFCV37CA,親水段,74.92,非都市：特定農業區 ; 非都市編定：農牧用地,1,1,全筆移轉,02070000
RPPNMLTJNHNFFDV77DA,南興段,17120.00,非都市：山坡地保育區 ; 非都市編定：林業用地,1,1,全筆移轉,03900000
RPRNMLOJNHNFFAV07CA,豐利段,206.96,都市：其他:停車場用地,2,1,持分移轉,09330000
RPRNMLOJNHNFFAV07CA,豐利段,206.96,都市：其他:停車場用地,2,1,持分移轉,09330000
RPQNMLSJNHNFFAV37CA,馬蘭段,20.12,都市：住,10000,161,持分移轉,16940000
RPTNMLOJNHNFFAV37DA,豐利段,52.02,都市：住,1,1,全筆移轉,02740000
RPVNMLOJNHNFFAV47CA,上南寮段,31.77,都市：其他:保護區,1,1,全筆移轉,07680000
RPVNMLOJNHNFFAV47CA,上南寮段,181.00,都市：其他:道路,1,1,全筆移轉,07690000
RPVNMLOJNHNFFAV47CA,上南寮段,313.23,都市：住,1,1,全筆移轉,07700000
RPPNMLQJNHNFFAV07CA,新中寮段,91.32,都市：住,2,1,持分移轉,04650000
RPPNMLQJNHNFFAV07CA,新中寮段,27.04,都市：其他:道,1,1,全筆移轉,04660000
RPPNMLQJNHNFFAV07CA,新中寮段,187.86,都市：住,1,1,全筆移轉,11260000
RPPNMLQJNHNFFAV07CA,新中寮段,61.14,都市：其他:道,1,1,全筆移轉,11270000
RPPNMLQJNHNFFAV07CA,新中寮段,304.57,都市：其他:學校用地,1,1,全筆移轉,11280000
SPPNMLTJNHNFFCV67CA,福文段,110.98,都市：商,1,1,全筆移轉,07810000
RPPNMLMLNHNFFBV96CA,南都蘭段,2095.50,非都市：風景區 ; 非都市編定：農牧用地,1,1,全筆移轉,01490000
RPPNMLLKNHNFFAV76DA,常德段,96.87,都市：住,1,1,全筆移轉,03480000
RPOOMLOLNHNFFAV07CA,常德段,98.51,都市：住,1,1,全筆移轉,09760000
RPPNMLTJNHNFFCV57CA,福文段,114.22,都市：商,1,1,全筆移轉,07820000
RPRNMLOKNHNFFAV27DA,北南王段,481.30,都市：其他:河川用地,1,1,全筆移轉,07750001
RPQNMLRJNHNFFAV27CA,自強段,101.00,都市：住,1,1,全筆移轉,05710000
SPRNMLOKNHNFFAV37DA,下賓朗段,849.05,非都市：特定農業區 ; 非都市編定：水利用地,1,1,全筆移轉,15190001
RPOOMLTJNHNFFAV37CA,永豐段,56.74,都市：住,1,1,全筆移轉,02490000
RPOOMLTJNHNFFAV37CA,永豐段,117.58,都市：商,1,1,全筆移轉,02500000
RPOOMLTJNHNFFAV37CA,永豐段,80.44,都市：商,1,1,全筆移轉,02780000
TPRNMLOKNHNFFAV47DA,下賓朗段,2282.22,非都市：特定農業區 ; 非都市編定：水利用地,1,1,全筆移轉,15200000
RPSNMLRJNHNFFCV77DA,萬福段,3170.08,非都市：特定農業區 ; 非都市編定：農牧用地,1,1,全筆移轉,02910000
UPRNMLOKNHNFFAV57DA,下賓朗段,3342.98,非都市：一般農業區 ; 非都市編定：水利用地,1,1,全筆移轉,15210000
RPRNMLKKNHNFFAV76CA,東海段,116.54,都市：住,1,1,全筆移轉,06800050
RPRNMLKKNHNFFAV76CA,東海段,.72,都市：其他:道路用地,1,1,全筆移轉,06800060
RPWNMLSJNHNFFAV97CA,利家段,330.00,非都市：山坡地保育區 ; 非都市編定：丙種建築用地,1,1,全筆移轉,02050000
RPQNMLKKNHNFFAV66CA,下賓朗段,332.28,非都市：鄉村區 ; 非都市編定：乙種建築用地,1,1,全筆移轉,03960000
RPPOMLRJNHNFFAV27CA,台東段,116.00,都市：商,1,1,全筆移轉,03720000
RPQNMLLKNHNFFAV76CA,自強段,105.00,都市：住,1,1,全筆移轉,06520000
RPRNMLSJNHNFFAV47CA,利家段,35.43,非都市：鄉村區 ; 非都市編定：乙種建築用地,30000,697,持分移轉,74880000
RPTNMLPLNHNFFAV57CA,台東段,120.00,都市：住,1,1,全筆移轉,20100001
RPQNMLLLNHNFFAV86CA,利家段,35.43,非都市：鄉村區 ; 非都市編定：乙種建築用地,30000,697,持分移轉,74880000
RPRNMLPKNHNFFAV27CA,豐谷段,88.00,都市：住,1,1,全筆移轉,06380000
RPSNMLOLNHNFFAV37CA,常德段,1.45,都市：住,1,1,全筆移轉,07510001
RPSNMLNLNHNFFAV27CA,豐工段,1438.11,都市：住,1,1,全筆移轉,00520000
RPTNMLOLNHNFFAV47CA,建成段,91.82,都市：住,1,1,全筆移轉,02290010
RPQNMLKKNHNFFDV07DA,泰和段,26140.00,非都市：山坡地保育區 ; 非都市編定：農牧用地,1,1,全筆移轉,04290000
RPSNMLTJNHNFFAV67CA,台東段,84.00,都市：住,1,1,全筆移轉,19970000
RPVNMLSJNHNFFAV87CA,自強段,121.12,都市：住,1,1,全筆移轉,09340005
RPXNMLTLNHNFFAV48DA,自強段,111.00,都市：住,1,1,全筆移轉,03870000
RPSNMLLKNHNFFAV07DA,利家段,97.00,非都市：鄉村區 ; 非都市編定：乙種建築用地,1,1,全筆移轉,82940003
RPWNMLLLNHNFFAV57DA,利家段,2878.00,非都市：特定農業區 ; 非都市編定：農牧用地,1,1,全筆移轉,49300000
RPPNMLKKNHNFFDV96DA,泰王段,251.94,都市：住,1,1,全筆移轉,05140000
RPPNMLKKNHNFFDV96DA,泰王段,64.97,都市：住,1,1,全筆移轉,05160000
RPPNMLKKNHNFFDV96DA,泰王段,209.91,都市：住,1,1,全筆移轉,05170000
RPPNMLKKNHNFFDV96DA,泰王段,.60,都市：住,1,1,全筆移轉,06540000
RPPNMLPKNHNFFBV27DA,成功段,88.37,都市：住,1,1,全筆移轉,00970009
RPQNMLNLNHNFFAV17DA,台東段,48.00,都市：住,1,1,全筆移轉,01710023
RPUNMLLKNHNFFAV17CA,豐里段,3658.09,非都市：特定農業區 ; 非都市編定：農牧用地,1,1,全筆移轉,03960001
RPPNMLKKNHNFFAV56CA,龍過脈段,386.06,非都市：山坡地保育區 ; 非都市編定：丙種建築用地,1,1,全筆移轉,05070000
RPPNMLKKNHNFFAV56CA,龍過脈段,578.89,非都市：鄉村區 ; 非都市編定：乙種建築用地,1,1,全筆移轉,05140000
RPTNMLTLNHNFFAV97CA,上南寮段,94.68,都市：其他:遊憩區,2,1,持分移轉,03620000
RPTNMLTLNHNFFAV97CA,上南寮段,94.68,都市：其他:遊憩區,2,1,持分移轉,03620000
RPTNMLTLNHNFFAV97CA,上南寮段,4.59,都市：其他:遊憩區,2,1,持分移轉,03620001
RPTNMLTLNHNFFAV97CA,上南寮段,4.59,都市：其他:遊憩區,2,1,持分移轉,03620001
RPRNMLRKNHNFFAV47CA,下賓朗段,88.80,非都市：鄉村區 ; 非都市編定：乙種建築用地,1,1,全筆移轉,04310000
RPSNMLOKNHNFFAV27CA,旭川段,19.66,非都市： ; 非都市編定：,1,1,全筆移轉,11090001
RPVNMLTJNHNFFAV97CA,台東段,104.00,都市：住,1,1,全筆移轉,17930005
RPRNMLQKNHNFFAV47DA,光明段,4.47,都市：其他:河川用地,6354,384,持分移轉,03210001
SPRNMLQKNHNFFAV57DA,光明段,5.73,都市：其他:河川用地,1000,122,持分移轉,03230001
RPUNMLPKNHNFFAV57CA,豐航段,699.20,都市：農,1,1,全筆移轉,02480000
RPUNMLPKNHNFFAV57CA,豐航段,313.15,都市：農,1,1,全筆移轉,02490000
RPUNMLPKNHNFFAV57CA,豐航段,1397.45,都市：農,1,1,全筆移轉,02500000
RPUNMLPKNHNFFAV57CA,豐航段,204.22,都市：農,1,1,全筆移轉,02520000
RPQNMLPKNHNFFAV17CA,建業段,108.00,都市：住,1,1,全筆移轉,02210000
TPRNMLQKNHNFFAV67DA,光明段,7.78,都市：其他:河川用地,2543,12,持分移轉,03230002
UPRNMLQKNHNFFAV77DA,光明段,11.96,都市：其他:河川用地,1000,122,持分移轉,03240001
VPRNMLQKNHNFFAV87DA,光明段,55.27,都市：其他:河川用地,1000,122,持分移轉,03240002
