﻿編號,土地位置,土地移轉面積(平方公尺),使用分區或編定,權利人持分分母,權利人持分分子,移轉情形,地號
The serial number, land position,land shifting area square meter,the use zoning or compiles and checks,,,,land parcel
RPVNMLNKKHNFFAW27CA,寧安二劃段,1000.00,都市：農,1,1,全筆移轉,01570000
RPVNMLNKKHNFFAW27CA,寧湖三劃段,315.68,都市：農,1,1,全筆移轉,07900000
RPVNMLNKKHNFFAW27CA,寧湖三劃段,271.32,都市：農,1,1,全筆移轉,07900001
RPSNMLMLKHNFFAW96CA,寧安二劃段,47.10,都市：其他:自然村專用區,10000,645,持分移轉,03960000
RPPNMLMLKHNFFAW66CA,青山段,30.88,都市：住,10000,605,持分移轉,09330000
RPPNMLMLKHNFFAW66CA,青山段,26.06,都市：住,10000,605,持分移轉,09340000
RPTNMLNKKHNFFAW07CA,洋山測段,542.76,都市：農,1,1,全筆移轉,04150000
RPPNMLOKKHNFFAW86DA,金城劃段,1120.62,都市：農,1,1,全筆移轉,02900000
RPPNMLQLKHNFFAW07CA,庵邊段,42.44,都市：其他:自然村專用區,10000,649,持分移轉,01710000
RPSNMLQJLHNFFAW27CA,北二三劃測段,67.88,都市：農,9900,672,持分移轉,05570000
RPSNMLQJLHNFFAW27CA,北二三劃測段,96.97,都市：農,9900,960,持分移轉,05570000
RPSNMLQJLHNFFAW27CA,北二三劃測段,71.52,都市：農,9900,708,持分移轉,05570000
RPSNMLQJLHNFFAW27CA,北二三劃測段,121.21,都市：農,9900,1200,持分移轉,05570000
RPSNMLQJLHNFFAW27CA,北二三劃測段,206.06,都市：農,9900,2040,持分移轉,05570000
RPSNMLQJLHNFFAW27CA,北二三劃測段,145.46,都市：農,9900,1440,持分移轉,05570000
RPSNMLQJLHNFFAW27CA,北二三劃測段,90.91,都市：農,9900,900,持分移轉,05570000
RPSNMLQJLHNFFAW27CA,北二三劃測段,200.00,都市：農,9900,1980,持分移轉,05570000
RPWNMLNKKHNFFAW37CA,寧安二劃段,1000.00,都市：農,1,1,全筆移轉,01600000
RPWNMLQJLHNFFAW67CA,寧安四劃段,40.48,都市：住,8,1,持分移轉,03200000
RPWNMLQJLHNFFAW67CA,寧安四劃段,71.88,都市：住,1,1,全筆移轉,03200001
RPUNMLKLLHNFFAW07CA,古坵段,420.00,都市：住,1,1,全筆移轉,08650000
RPSNMLQLKHNFFAW37CA,山前段,1334.77,都市：農,1,1,全筆移轉,06570000
RPSNMLQLKHNFFAW37CA,山前段,109.62,都市：其他:道路用地,1,1,全筆移轉,06570001
RPPNMLMLLHNFFAW86DA,北二三劃測段,461.38,都市：住,2,1,持分移轉,01680000
RPVNMLKLLHNFFAW17CA,古坵段,319.00,都市：農,1,1,全筆移轉,10080000
RPRNMLLJLHNFFAW66CA,湖前段,59.16,都市：其他:自然村專用區,10000,745,持分移轉,03990000
RPVNMLLJLHNFFAW17DA,汶沙測段,303.61,都市：其他:道路用地,1,1,全筆移轉,15260000
RPQNMLTKLHNFFAW47CA,天后宮段,202.00,都市：住,1,1,全筆移轉,02510000
RPSNMLMKLHNFFAW96CA,煙墩段,1315.98,都市：其他:保護區,1,1,全筆移轉,02820000
RPSNMLMKLHNFFAW96CA,煙墩段,432.06,都市：其他:保護區,1,1,全筆移轉,08760000
RPSNMLMKLHNFFAW96CA,煙墩段,8.78,都市：其他:保護區,1,1,全筆移轉,09620001
RPTNMLQJLHNFFAW37CA,烏土段,500.31,都市：農,1,1,全筆移轉,02780000
RPRNMLTKLHNFFAW57CA,昔果山段,75.87,都市：其他:自然村專用區,100000,4101,持分移轉,00650000
RPTNMLLJLHNFFAW86CA,后豐港段,310.60,都市：其他:自然村專用區,5,1,持分移轉,00040000
RPTNMLLJLHNFFAW86CA,后豐港段,173.20,都市：其他:自然村專用區,5,1,持分移轉,00050000
RPUNMLLJLHNFFAW96CA,蔡厝劃測段,1174.18,都市：農,1,1,全筆移轉,01920000
RPPNMLQJLHNFFAW96CA,湖尾段,1027.59,都市：農,1,1,全筆移轉,01050000
RPQNMLQJLHNFFAW07CA,東坑村段,46.08,都市：住,12,1,持分移轉,00220000
RPRNMLRJLHNFFAW27CA,后垵段,556.74,都市：農,1,1,全筆移轉,02160000
RPRNMLQJLHNFFAW17CA,榜林村段,52.15,都市：住,1000,89,持分移轉,00240000
RPTNMLTJLHNFFAW67CA,青山段,436.54,都市：農,2,1,持分移轉,07010000
RPTNMLTJLHNFFAW67CA,青山段,436.54,都市：農,2,1,持分移轉,07010000
RPPNMLRJLHNFFAW17DA,東洲段,2315.98,都市：農,1,1,全筆移轉,04180000
RPPNMLRJLHNFFAW17DA,東洲段,555.00,都市：農,1,1,全筆移轉,04230000
RPSNMLKMLHNFFAW96CA,延平段,226.27,都市：農,184,44,持分移轉,01590000
RPSNMLKMLHNFFAW96CA,延平段,67.17,都市：其他:道路用地,184,44,持分移轉,01590001
RPSNMLRJLHNFFAW37CA,新頭段,124.62,都市：住,1,1,全筆移轉,08010007
RPQNMLMKLHNFFAW76CA,后湖段,513.98,都市：農,1,1,全筆移轉,00090000
RPRNMLSJLHNFFAW37CA,沙宅劃段,599.26,都市：農,1,1,全筆移轉,00200000
RPSNMLSJLHNFFAW47CA,寧湖二劃測段,46.67,都市：其他:自然村專用區,24,1,持分移轉,08820000
RPSNMLSJLHNFFAW47CA,寧湖二劃測段,15.29,都市：其他:自然村專用區,24,1,持分移轉,08830001
RPUNMLTJLHNFFAW77CA,盤山村段,38.50,都市：住,4,1,持分移轉,00390000
RPRNMLMKLHNFFAW96DA,祥安段,110.45,都市：住,1,1,全筆移轉,07470000
RPRNMLTJLHNFFAW47CA,寧湖一劃段,813.68,都市：農,1,1,全筆移轉,05960000
RPRNMLTJLHNFFAW47CA,寧湖一劃段,146.34,都市：其他:道路用地,1,1,全筆移轉,05960001
RPRNMLMKLHNFFAW96DA,祥安段,104.15,都市：其他:住、商,1,1,全筆移轉,07440000
RPRNMLMKLHNFFAW96DA,祥安段,6.69,都市：其他:道路,1,1,全筆移轉,07450000
RPRNMLMKLHNFFAW96DA,祥安段,3.71,都市：其他:道路,1,1,全筆移轉,07460000
RPRNMLPKLHNFFAW17CA,榮湖段,652.64,都市：其他:農業區及道路用地,1,1,全筆移轉,10160000
RPRNMLNKLHNFFAW96CA,市港段,20.99,都市：住,10000,303,持分移轉,00530000
RPRNMLQLLHNFFAW37CA,塔后段,947.63,都市：農,1,1,全筆移轉,01770000
RPSNMLNKLHNFFAW17DA,寧山段,794.03,都市：農,1,1,全筆移轉,03840000
RPTNMLNKLHNFFAW27DA,東紅山段,199.62,都市：其他:國家公園第二類一般管制區,1,1,全筆移轉,06800000
RPTNMLNKLHNFFAW27DA,東紅山段,398.83,都市：其他:國家公園第二類一般管制區,1,1,全筆移轉,09130000
RPTNMLNKLHNFFAW27DA,東紅山段,127.68,都市：其他:國家公園第二類一般管制區,1,1,全筆移轉,09120000
RPTNMLNKLHNFFAW27DA,赤岑段,359.28,都市：其他:國家公園第二類一般管制區,1,1,全筆移轉,08270000
RPTNMLNKLHNFFAW27DA,大園段,456.61,都市：其他:國家公園第二類一般管制區,1,1,全筆移轉,06590000
RPRNMLMLLHNFFAW96CA,昔果山段,78.23,都市：其他:自然村專用區,100000,4229,持分移轉,00650000
RPQNMLPKLHNFFAW17DA,上后垵段,57.83,都市：其他:自然村專用區,6,1,持分移轉,01120000
RPROMLKLRHNFFAW47CA,沙港劃段,115.37,都市：其他:公共設施保留地、自然村,3,2,持分移轉,11730000
RPROMLKLRHNFFAW47CA,沙港劃段,13.17,都市：住,3,2,持分移轉,11750001
RPROMLKLRHNFFAW47CA,沙港劃段,227.97,都市：其他:公共設施保留地、自然村,3,2,持分移轉,11880000
RPQNMLLLLHNFFAW86DA,南雄段,61.56,都市：其他:自然村專用區,1,1,全筆移轉,08940000
RPQNMLNLLHNFFAW96CA,延平段,500.08,都市：農,1,1,全筆移轉,01160000
RPXNMLKLLHNFFAW37CA,青山段,23.98,都市：其他:自然村專用區,4,1,持分移轉,11890002
RPXNMLKLLHNFFAW37CA,青山段,58.06,都市：其他:自然村專用區,1,1,全筆移轉,11890005
RPSNMLMLLHNFFAW07CA,瓊林段,119.00,都市：其他:國家公園區,1,1,全筆移轉,12940000
RPOOMLKLLHNFFAW56CA,北四劃段,733.00,都市：農,1,1,全筆移轉,00930000
RPSNMLLMLHNFFAW27EA,寧湖三劃段,48.75,都市：住,115567,8049,持分移轉,00300000
RPQNMLQLLHNFFAW27CA,中五劃段,298.94,都市：農,4,1,持分移轉,01260000
RPTNMLTKLHNFFAW77CA,烈濱劃測段,483.00,都市：農,1,1,全筆移轉,04700000
RPTNMLKLLHNFFAW07DA,陵水湖測段,488.16,都市：農,1,1,全筆移轉,08630000
RPSOMLRLLHNFFAW67CA,寧安二劃段,1000.00,都市：農,1,1,全筆移轉,01570000
RPTNMLMLLHNFFAW17CA,湖下村段,210.00,都市：其他:自然村專用區，道路用地,1,1,全筆移轉,03240000
RPSNMLSLLHNFFAW67CA,湖前段,37.82,都市：住,5,1,持分移轉,08230011
RPSNMLSLLHNFFAW67CA,湖前段,6.94,都市：住,5,1,持分移轉,08230125
RPSNMLSLLHNFFAW67CA,湖前段,23.24,都市：住,5,1,持分移轉,08230126
RPSNMLSLLHNFFAW67CA,湖前段,65.75,都市：住,1,1,全筆移轉,08230128
RPSNMLSLLHNFFAW67CA,湖前段,2.10,都市：住,5,1,持分移轉,08230131
RPRNMLNLLHNFFAW07CA,湖前段,59.16,都市：其他:自然村專用區,10000,745,持分移轉,03990000
RPQNMLMLLHNFFAW86CA,后垵段,1193.49,都市：農,1,1,全筆移轉,08790000
RPQNMLMLLHNFFAW86CA,后垵段,825.56,都市：農,1,1,全筆移轉,09730000
RPPNMLMKMHNFFAW86DA,汶沙測段,233.65,都市：農,216,153,持分移轉,04800000
RPPNMLMKMHNFFAW86DA,北八劃段,708.33,都市：農,216,153,持分移轉,01560000
RPPNMLMKMHNFFAW86DA,北八劃段,708.33,都市：農,216,153,持分移轉,04140000
RPPNMLMKMHNFFAW86DA,榮湖段,241.24,都市：農,216,153,持分移轉,00800000
RPPNMLMKMHNFFAW86DA,榮湖段,531.34,都市：農,216,153,持分移轉,01010000
RPPNMLMKMHNFFAW86DA,榮湖段,181.80,都市：農,216,153,持分移轉,01040000
RPPNMLMKMHNFFAW86DA,榮湖段,259.84,都市：農,216,153,持分移轉,01290000
RPPNMLMKMHNFFAW86DA,榮湖段,380.99,都市：農,216,153,持分移轉,02440000
RPPNMLMKMHNFFAW86DA,榮湖段,115.86,都市：農,216,153,持分移轉,03350000
RPPNMLMKMHNFFAW86DA,榮湖段,223.88,都市：農,216,153,持分移轉,03360000
RPPNMLMKMHNFFAW86DA,榮湖段,228.06,都市：農,216,153,持分移轉,03380000
RPPNMLMKMHNFFAW86DA,榮湖段,205.03,都市：農,216,153,持分移轉,03390000
RPPNMLMKMHNFFAW86DA,榮湖段,127.95,都市：農,216,153,持分移轉,04480000
RPPNMLMKMHNFFAW86DA,榮湖段,505.30,都市：農,216,153,持分移轉,04540000
RPPNMLMKMHNFFAW86DA,榮湖段,208.66,都市：農,216,153,持分移轉,04590000
RPPNMLMKMHNFFAW86DA,榮湖段,369.41,都市：農,216,153,持分移轉,04740000
RPPNMLMKMHNFFAW86DA,榮湖段,260.29,都市：農,216,153,持分移轉,04860000
RPPNMLMKMHNFFAW86DA,榮湖段,365.15,都市：農,216,153,持分移轉,05120000
RPVNMLMLLHNFFAW37CA,榜林村段,33.17,都市：其他:自然村專用區,6,1,持分移轉,02290000
RPPNMLQLLHNFFAW17CA,后湖段,1398.57,都市：其他:農業區/風景區,1,1,全筆移轉,05630000
RPXNMLRLLHNFFAW08CA,昔果山段,75.90,都市：其他:自然村專用區,100000,4103,持分移轉,00650000
RPUNMLRLLHNFFAW77CA,長寮段,39.60,都市：其他:自然村專用區,100000,7459,持分移轉,07200000
RPPOMLRLLHNFFAW37CA,長寮段,28.87,都市：其他:自然村專用區,100000,5438,持分移轉,07200000
RPRNMLSLLHNFFAW57CA,寧劃段,250.00,都市：農,2,1,持分移轉,02660000
RPRNMLSLLHNFFAW57CA,寧劃段,250.00,都市：農,2,1,持分移轉,02690000
RPRNMLSLLHNFFAW57CA,寧劃段,250.00,都市：農,2,1,持分移轉,02720000
RPRNMLSLLHNFFAW57CA,寧劃段,260.66,都市：農,2,1,持分移轉,02790000
RPRNMLSLLHNFFAW57CA,寧劃段,264.17,都市：農,2,1,持分移轉,02810000
RPWNMLRLLHNFFAW97CA,長寮段,38.99,都市：其他:自然村專用區,100000,7345,持分移轉,07200000
RPPNMLSLLHNFFAW37CA,后宅測段,852.00,都市：農,1,1,全筆移轉,08020000
RPPNMLSLLHNFFAW37CA,后宅測段,640.01,都市：農,1,1,全筆移轉,10780000
RPPNMLSLLHNFFAW37CA,后宅測段,322.17,都市：農,1,1,全筆移轉,10850000
RPPNMLSLLHNFFAW37CA,后宅測段,59.00,都市：農,1,1,全筆移轉,10860000
RPPNMLNLMHNFFAW07DA,莒光樓段,70.71,都市：住,6,1,持分移轉,07590000
RPROMLRLLHNFFAW57CA,長寮段,38.99,都市：其他:自然村專用區,100000,7345,持分移轉,07200000
RPPNMLKMLHNFFAW66CA,珠山段,447.81,都市：農,1,1,全筆移轉,04680000
RPPNMLKMLHNFFAW66CA,東紅山段,563.36,都市：農,1,1,全筆移轉,08730000
RPPNMLKMLHNFFAW66CA,東紅山段,489.45,都市：農,1,1,全筆移轉,08750000
SPPNMLNLMHNFFAW17DA,莒光樓段,70.71,都市：住,6,1,持分移轉,07590000
RPQNMLRLLHNFFAW37CA,長寮段,39.60,都市：其他:自然村專用區,100000,7459,持分移轉,07200000
RPSNMLRLLHNFFAW57CA,長寮段,36.75,都市：其他:自然村專用區,100000,6922,持分移轉,07200000
RPVNMLSLLHNFFAW97CA,湖尾段,123.06,都市：其他:自然村專用區,1,1,全筆移轉,08220005
RPVNMLSLLHNFFAW97CA,湖尾段,22.35,都市：其他:自然村專用區,10,1,持分移轉,08220011
RPVNMLSLLHNFFAW97CA,湖尾段,.95,都市：其他:自然村專用區,10,1,持分移轉,08220017
RPTOMLLMLHNFFAW27CA,羅劃測段,41.18,都市：其他:自然村專用區,10000,451,持分移轉,01870000
RPPNMLTLLHNFFAW47CA,中三劃測段,791.37,都市：農,1,1,全筆移轉,02190000
RPPNMLTLLHNFFAW47CA,中三劃測段,16.15,都市：其他:道路用地,1,1,全筆移轉,02190001
RPRNMLKMLHNFFAW86CA,珠山段,121.34,都市：農,2,1,持分移轉,04130000
RPRNMLKMLHNFFAW86CA,珠山段,276.13,都市：農,2,1,持分移轉,04510000
SPTOMLLMLHNFFAW37CA,羅劃測段,45.74,都市：其他:自然村專用區,10000,501,持分移轉,01870000
RPQNMLKMLHNFFAW76CA,東紅山段,606.93,都市：農,1,1,全筆移轉,06110000
RPUOMLLMLHNFFAW37CA,羅劃測段,31.68,都市：其他:自然村專用區,10000,347,持分移轉,01870000
RPTNMLNJMHNFFAW17CA,北九十劃段,495.30,都市：農,1,1,全筆移轉,03860000
RPPOMLLMLHNFFAW86CA,羅劃測段,45.74,都市：其他:自然村專用區,10000,501,持分移轉,01870000
RPPNMLQKMHNFFAW17CA,寧湖二劃測段,46.67,都市：其他:自然村專用區,24,1,持分移轉,08820000
RPPNMLQKMHNFFAW17CA,寧湖二劃測段,15.29,都市：其他:自然村專用區,24,1,持分移轉,08830001
RPQOMLLMLHNFFAW96CA,羅劃測段,39.08,都市：其他:自然村專用區,10000,428,持分移轉,01870000
RPRNMLNLMHNFFAW17CA,寧湖三劃段,500.00,都市：農,1,1,全筆移轉,04130000
RPRNMLLMLHNFFAW07DA,汶沙測段,153.00,都市：其他:自然村專用區,1,1,全筆移轉,05630000
RPWNMLLMLHNFFAW47CA,中二劃段,55.76,都市：其他:自然村專用區,10000,542,持分移轉,03320000
RPPNMLMJMHNFFAW66CA,羅劃測段,45.74,都市：其他:自然村專用區,10000,501,持分移轉,01870000
RPXNMLLMLHNFFAW57CA,羅劃測段,41.18,都市：其他:自然村專用區,10000,451,持分移轉,01870000
RPQNMLNJMHNFFAW86CA,市港段,11.27,都市：住,100000,639,持分移轉,00580000
RPSNMLNLMHNFFAW37DA,寧湖二劃測段,46.67,都市：住,24,1,持分移轉,08820000
RPSNMLNLMHNFFAW37DA,寧湖二劃測段,15.29,都市：住,24,1,持分移轉,08830001
RPSOMLLMLHNFFAW17CA,羅劃測段,31.68,都市：其他:自然村專用區,10000,347,持分移轉,01870000
RPQNMLMJMHNFFAW76CA,前山前段,67.00,都市：其他:自然村專用區,1,1,全筆移轉,00780000
RPQNMLMJMHNFFAW76CA,前山前段,28.00,都市：其他:自然村專用區,1,1,全筆移轉,00780001
RPPNMLNJMHNFFAW76CA,市港段,11.01,都市：住,100000,624,持分移轉,00580000
RPRNMLNJMHNFFAW96CA,山西段,68.13,都市：農,3,1,持分移轉,16010000
RPRNMLNJMHNFFAW96CA,後山前段,15.40,都市：其他:自然村專用,15,1,持分移轉,01380000
RPRNMLNJMHNFFAW96CA,後山前段,120.00,都市：其他:自然村專用,3,1,持分移轉,01670001
RPRNMLNJMHNFFAW96CA,後山前段,55.67,都市：其他:自然村專用,3,1,持分移轉,01670000
RPRNMLNJMHNFFAW96CA,英坑段,515.21,都市：農,3,1,持分移轉,06190000
RPRNMLNJMHNFFAW96CA,英坑段,298.87,都市：農,3,1,持分移轉,06340000
RPSNMLMJMHNFFAW96CA,羅劃測段,38.99,都市：其他:自然村專用區,10000,427,持分移轉,01870000
RPTNMLMJMHNFFAW07CA,羅劃測段,29.31,都市：其他:自然村專用區,10000,321,持分移轉,01870000
RPOOMLLMLHNFFAW76CA,羅劃測段,43.46,都市：其他:自然村專用區,10000,476,持分移轉,01870000
RPRNMLMJMHNFFAW86CA,湖前段,137.61,都市：其他:自然村專用區,1,1,全筆移轉,06120000
RPSNMLTJMHNFFAW67CA,小徑段,62.83,都市：住,6,1,持分移轉,10540000
RPSNMLTJMHNFFAW67CA,小徑段,31.42,都市：住,12,1,持分移轉,10540000
RPSNMLTJMHNFFAW67CA,小徑段,31.42,都市：住,12,1,持分移轉,10540000
RPRNMLLKMHNFFAW86CA,沙港劃段,930.01,都市：農,1,1,全筆移轉,01550000
RPRNMLLKMHNFFAW86CA,北九劃段,1000.00,都市：農,1,1,全筆移轉,09530000
RPTNMLTJMHNFFAW77CA,小徑段,49.50,都市：住,3,1,持分移轉,10540002
RPTNMLTJMHNFFAW77CA,小徑段,49.50,都市：住,3,1,持分移轉,10540002
RPRNMLTJMHNFFAW57CA,寧湖三劃段,500.00,都市：農,1,1,全筆移轉,01720001
RPRNMLTJMHNFFAW57CA,寧湖三劃段,500.00,都市：農,1,1,全筆移轉,01730000
RPQNMLSKMHNFFAW47CA,南雄段,685.74,都市：其他:自然村專用區,1,1,全筆移轉,01380000
RPQNMLSKMHNFFAW47CA,南雄段,197.47,都市：其他:自然村專用區、農業區,1,1,全筆移轉,01380001
RPOOMLTJMHNFFAW37CA,小徑段,125.67,都市：住,6,2,持分移轉,10540000
RPOOMLTJMHNFFAW37CA,小徑段,31.42,都市：住,12,1,持分移轉,10540000
RPOOMLTJMHNFFAW37CA,小徑段,31.42,都市：住,12,1,持分移轉,10540000
RPSNMLNJMHNFFAW07CA,寧湖二劃測段,46.67,都市：其他:自然村專用區,24,1,持分移轉,08820000
RPSNMLNJMHNFFAW07CA,寧湖二劃測段,15.29,都市：其他:自然村專用區,24,1,持分移轉,08830001
RPQNMLTJMHNFFAW57DA,天后宮段,23.29,都市：其他:第二種住宅區+道路用地,4,1,持分移轉,03330000
RPQNMLTJMHNFFAW57DA,天后宮段,23.29,都市：其他:第二種住宅區+道路用地,4,1,持分移轉,03330000
RPPNMLLKMHNFFAW76DA,祥安段,39.99,都市：住,1,1,全筆移轉,00380000
RPSNMLKKMHNFFAW96DA,浦邊段,129.75,都市：其他:自然村專用區,2,1,持分移轉,11550001
RPQNMLLKMHNFFAW76CA,寧湖二劃測段,46.67,都市：其他:自然村專用區,24,1,持分移轉,08820000
RPQNMLLKMHNFFAW76CA,寧湖二劃測段,15.29,都市：其他:自然村專用區,24,1,持分移轉,08830001
RPRNMLRLMHNFFAW57CA,中三劃測段,702.39,都市：農,1,1,全筆移轉,06870000
RPRNMLRLMHNFFAW57CA,中三劃測段,30.61,都市：其他:道路用地,1,1,全筆移轉,06870001
RPQNMLMKMHNFFAW86CA,洋山測段,692.09,都市：其他:農業區/保護區,1,1,全筆移轉,03530000
RPQNMLMKMHNFFAW86CA,后宅測段,307.07,都市：農,1,1,全筆移轉,01840000
RPQNMLNKMHNFFAW96CA,城南段,8.46,都市：商,5,1,持分移轉,02370000
RPQNMLNKMHNFFAW96CA,城南段,2.63,都市：其他:道路用地,5,1,持分移轉,02380000
RPQNMLQKMHNFFAW27CA,后湖村段,564.00,都市：農,1,1,全筆移轉,03120000
RPTNMLNKMHNFFAW27CA,北九十劃段,977.70,都市：農,1,1,全筆移轉,02180000
RPVNMLPLMHNFFAW77CA,古廟段,219.33,都市：住,3,2,持分移轉,02120000
RPPNMLNKMHNFFAW86CA,寧湖二劃測段,1000.01,都市：農,1,1,全筆移轉,04370000
RPUNMLSKMHNFFAW87CA,后垵段,876.59,都市：農,1,1,全筆移轉,06910000
RPRNMLMKMHNFFAW07DA,小西門劃測段,1119.10,都市：其他:農業區、自然村專用區,1,1,全筆移轉,22110000
RPRNMLMKMHNFFAW07DA,小西門劃測段,9.45,都市：其他:自然村專用區,1,1,全筆移轉,22110001
RPPNMLMJNHNFFAW76CA,高坑劃測段,52.63,都市：其他:自然村專用區,40130,5263,持分移轉,03020000
RPVOMLTKMHNFFAW18CA,長寮段,64.29,都市：其他:自然村專用區,100000,12110,持分移轉,07200000
RPUNMLPLMHNFFAW67CA,西園段,162.00,都市：住,1,1,全筆移轉,10720000
RPPNMLNJNHNFFAW86CA,山外段,31.11,都市：住,9,2,持分移轉,03270000
RPRNMLNKMHNFFAW07CA,沙溪測段,592.68,都市：農,2,1,持分移轉,00240000
RPUNMLNKMHNFFAW37CA,北二三劃測段,829.81,都市：農,1,1,全筆移轉,03580000
RPSNMLNKMHNFFAW17CA,沙港劃段,930.01,都市：農,1,1,全筆移轉,01550000
RPRNMLSKMHNFFAW57CA,沙溪一劃段,1325.40,都市：農,1,1,全筆移轉,04560000
RPQOMLTKMHNFFAW67CA,長寮段,28.87,都市：其他:自然村專用區,100000,5438,持分移轉,07200000
RPROMLTKMHNFFAW77CA,長寮段,28.87,都市：其他:自然村專用區,100000,5438,持分移轉,07200000
RPWOMLTKMHNFFAW28CA,寧湖一劃段,16.76,都市：其他:自然村專用區,100000,1874,持分移轉,05820000
RPTOMLTKMHNFFAW97CA,長寮段,28.87,都市：其他:自然村專用區,100000,5438,持分移轉,07200000
RPUOMLTKMHNFFAW08CA,長寮段,39.60,都市：其他:自然村專用區,100000,7459,持分移轉,07200000
RPQNMLNJNHNFFAW96CA,瓊林段,223.00,都市：住,1,1,全筆移轉,11930000
RPRNMLRKNHNFFAW67DA,吳厝村段,62.00,都市：其他:自然村專用區道路用地,1,1,全筆移轉,01270001
RPQNMLPKNHNFFAW37DA,金城劃段,62.32,都市：農,757180,62320,持分移轉,02660000
RPQNMLPKNHNFFAW37DA,金城劃段,104.23,都市：農,1,1,全筆移轉,02660014
RPQNMLPKNHNFFAW37DA,金城劃段,.80,都市：農,1000,18,持分移轉,02660029
RPTNMLSKMHNFFAW77CA,浯坑劃測段,1255.04,都市：農,1,1,全筆移轉,06590000
RPSOMLTKMHNFFAW97DA,安西劃段,628.38,都市：農,1,1,全筆移轉,05780000
RPSOMLTKMHNFFAW97DA,安西劃段,1060.24,都市：農,1,1,全筆移轉,07010000
RPSOMLTKMHNFFAW97DA,長寮段,84.82,都市：農,2,1,持分移轉,10310000
RPSNMLSKMHNFFAW67CA,北八劃段,1000.00,都市：農,1,1,全筆移轉,02020000
RPOPMLTKMHNFFAW57CA,庵邊段,51.64,都市：其他:自然村專用區,10000,1113,持分移轉,02470000
RPQNMLNLMHNFFAW07CA,寧安四劃段,49.00,都市：其他:自然村專用區,9,1,持分移轉,03190000
RPQNMLNLMHNFFAW07CA,寧安四劃段,17.36,都市：其他:自然村專用區,10000,570,持分移轉,03190019
RPPNMLKLMHNFFAW66CA,小西門劃測段,179.90,都市：農,1,1,全筆移轉,07580000
RPPNMLKLMHNFFAW66CA,小西門劃測段,145.12,都市：農,1,1,全筆移轉,07580001
RPQNMLKLMHNFFAW76CA,庵前劃測段,494.01,都市：農,1,1,全筆移轉,06760000
RPQNMLKLMHNFFAW76CA,庵前劃測段,448.01,都市：其他:農業區，保護區,1,1,全筆移轉,07060000
RPSNMLOLMHNFFAW37CA,寧安五劃段,1286.89,都市：農,1,1,全筆移轉,01910000
RPSNMLKMMHNFFAW07CA,湖前段,44.29,都市：其他:自然村,3,1,持分移轉,08900000
RPSNMLKMMHNFFAW07CA,湖前段,19.44,都市：其他:自然村,3,1,持分移轉,08900001
RPVNMLLJNHNFFAW27CA,羅劃測段,42.43,都市：住,100000,8252,持分移轉,01970000
RPTNMLKMMHNFFAW17CA,瓊林段,16.72,都市：其他:國家公園區,3,1,持分移轉,12830000
RPTNMLKMMHNFFAW17CA,瓊林段,8.69,都市：其他:國家公園區,3,1,持分移轉,12830001
RPTNMLKMMHNFFAW17CA,瓊林段,20.59,都市：其他:國家公園區,3,1,持分移轉,12830002
RPRNMLKMMHNFFAW96CA,湖前段,32.52,都市：其他:自然村使用區,100000,2438,持分移轉,08920000
RPSNMLPLMHNFFAW47CA,長寮段,49.52,都市：其他:自然村專用區,10000,839,持分移轉,06000000
RPQNMLPLMHNFFAW27CA,青山段,19.92,都市：其他:自然村專用區,10000,234,持分移轉,10450001
RPSNMLLJNHNFFAW96CA,古塔段,34.51,都市：其他:自然村,10,1,持分移轉,00650000
RPUOMLKMMHNFFAW37CA,安西劃段,564.91,都市：農,1,1,全筆移轉,08470000
RPRNMLLJNHNFFAW86CA,古塔段,34.51,都市：其他:自然村,10,1,持分移轉,00650000
RPQNMLLJNHNFFAW76CA,古塔段,34.51,都市：其他:自然村,10,1,持分移轉,00650000
RPRNMLNJNHNFFAW07CA,湖前段,19.19,都市：住,1000,38,持分移轉,01460000
RPPOMLKMMHNFFAW96DA,新頭段,81.22,都市：住,10000,1685,持分移轉,12650000
RPTNMLPLMHNFFAW57CA,寧湖二劃測段,46.67,都市：其他:自然村專用區,24,1,持分移轉,08820000
RPTNMLPLMHNFFAW57CA,寧湖二劃測段,15.29,都市：其他:自然村專用區,24,1,持分移轉,08830001
RPXNMLKMMHNFFAW67DA,新頭段,95.20,都市：住,10000,1975,持分移轉,12650000
RPSOMLKMMHNFFAW27DA,新頭段,131.34,都市：住,10000,2725,持分移轉,12650000
RPTOMLKMMHNFFAW37DA,新頭段,88.88,都市：住,10000,1844,持分移轉,12650000
RPVNMLKMMHNFFAW37CA,沙港劃段,1000.07,都市：農,1,1,全筆移轉,01700000
RPROMLLLNHNFFAW17CA,斗門劃測段,1600.10,都市：農,1,1,全筆移轉,04600000
RPWNMLKMMHNFFAW47CA,城隍廟段,89.63,都市：商,1,1,全筆移轉,00120000
RPUNMLLJNHNFFAW17CA,北一段,22.72,都市：農,1,1,全筆移轉,02250003
RPSNMLRLMHNFFAW67CA,東洲段,122.55,都市：其他:自然村專用區,10000,1467,持分移轉,04970000
RPROMLKMMHNFFAW07CA,長寮段,49.70,都市：其他:自然村專用區,10000,842,持分移轉,06000000
RPVNMLRLMHNFFAW97CA,市港段,16.00,都市：住,10000,376,持分移轉,01090000
RPTNMLRLMHNFFAW77CA,青山段,28.68,都市：住,10000,562,持分移轉,09330000
RPTNMLRLMHNFFAW77CA,青山段,24.21,都市：住,10000,562,持分移轉,09340000
RPQNMLOJNHNFFAW07CA,東沙段,282.45,都市：其他:國家公園--第二類一般管制區,1,1,全筆移轉,03600000
RPPNMLKMMHNFFAW76CA,北九劃段,500.00,都市：農,2,1,持分移轉,10910000
RPRNMLOJNHNFFAW17CA,金門城段,49.20,都市：其他:自然村專用區,10000,1135,持分移轉,08360000
RPXNMLRLMHNFFAW18CA,塔后段,17.95,都市：其他:自然村專用區,10000,444,持分移轉,00790000
RPQNMLPJNHNFFAW17CA,祥安段,47.96,都市：商,1,1,全筆移轉,07950000
RPTNMLLJNHNFFAW07CA,古塔段,34.51,都市：其他:自然村,10,1,持分移轉,00650000
RPPNMLOJNHNFFAW96CA,沙港劃段,930.01,都市：農,1,1,全筆移轉,01550000
RPSNMLRJNHNFFAW57CA,后垵段,1050.92,都市：其他:農業區，自然村專用區,1,1,全筆移轉,02690000
RPRNMLRJNHNFFAW47CA,北九劃段,1000.00,都市：農,1,1,全筆移轉,09530000
RPQNMLKMMHNFFAW86CA,西山段,1122.41,都市：農,1,1,全筆移轉,01900000
RPRNMLTJNHNFFAW67CA,羅劃測段,73.64,都市：住,167999,16800,持分移轉,02220000
RPRNMLTJNHNFFAW67CA,羅劃測段,87.63,都市：住,1,1,全筆移轉,02220007
RPRNMLTJNHNFFAW67CA,羅劃測段,6.73,都市：住,167999,16800,持分移轉,02220012
RPPOMLNLNHNFFAW17CA,寧湖二劃測段,508.00,都市：農,1,1,全筆移轉,08240001
RPXNMLLJOHNFFAW67DA,古崗村段,144.00,都市：其他:自然村專用區,1,1,全筆移轉,04110000
RPPNMLNLNHNFFAW07CA,洪門港測段,8.42,都市：住,553,10,持分移轉,00180000
RPPNMLNLNHNFFAW07CA,洪門港測段,1.65,都市：住,553,10,持分移轉,00180006
RPPNMLNLNHNFFAW07CA,洪門港測段,43.03,都市：住,3,1,持分移轉,00180012
RPPNMLKKNHNFFAW66CA,沙溪一劃段,933.08,都市：農,1,1,全筆移轉,04520000
RPUNMLLKNHNFFAW27CA,北一段,31.27,都市：農,5245200,312739,持分移轉,00520000
RPUNMLLKNHNFFAW27CA,北一段,175.75,都市：農,1,1,全筆移轉,00520005
RPUNMLLKNHNFFAW27CA,西堡劃測段,600.00,都市：農,1,1,全筆移轉,03770000
RPQNMLTJNHNFFAW57CA,羅劃測段,73.64,都市：住,167999,16800,持分移轉,02220000
RPQNMLTJNHNFFAW57CA,羅劃測段,87.63,都市：住,1,1,全筆移轉,02220006
RPQNMLTJNHNFFAW57CA,羅劃測段,6.73,都市：住,167999,16800,持分移轉,02220012
RPPNMLRJNHNFFAW27CA,洋山測段,959.03,都市：農,1,1,全筆移轉,01630000
RPPNMLRJNHNFFAW27CA,洋山測段,508.71,都市：其他:農業區&道路用地,1,1,全筆移轉,04940000
RPUNMLOJNHNFFAW57DA,湖尾村段,38.98,都市：住,100000,3434,持分移轉,02150000
RPRNMLLKNHNFFAW96CA,湖前段,106.25,都市：住,4,1,持分移轉,13280000
RPUNMLRJNHNFFAW77CA,后湖段,693.38,都市：農,1,1,全筆移轉,00030000
RPUNMLRJNHNFFAW77CA,后湖段,970.51,都市：其他:農業區&道路用地,1,1,全筆移轉,00040000
RPSNMLTJNHNFFAW77CA,后湖段,441.19,都市：農,1,1,全筆移轉,05070000
RPTNMLLKNHNFFAW17CA,新頭段,61.82,都市：住,1,1,全筆移轉,14500001
RPQNMLSJNHNFFAW47CA,青山段,1117.51,都市：農,1,1,全筆移轉,04320000
RPQOMLKMNHNFFAW07CA,高坑劃測段,985.92,都市：農,1,1,全筆移轉,05420000
RPQOMLLLNHNFFAW07CA,北二三劃測段,500.01,都市：農,1,1,全筆移轉,04130001
RPPNMLTJNHNFFAW57DA,寧湖三劃段,386.50,都市：其他:園林道路用地農業區,2,1,持分移轉,00490000
RPRNMLSJNHNFFAW57CA,城隍廟段,41.12,都市：住,3,1,持分移轉,02760000
RPWNMLLKNHNFFAW47CA,小徑段,45.00,都市：其他:國家公園區,1,1,全筆移轉,10860000
RPQNMLKKNHNFFAW76CA,庵前劃測段,494.01,都市：農,1,1,全筆移轉,06760000
RPQNMLKKNHNFFAW76CA,庵前劃測段,448.01,都市：其他:農業區，保護區,1,1,全筆移轉,07060000
RPQNMLNLNHNFFAW17CA,夏興段,367.00,都市：住,1,1,全筆移轉,12290001
RPPNMLPKNHNFFAW27DA,金門城段,472.00,都市：住,1,1,全筆移轉,08630000
