﻿鄉鎮市區,交易標的,土地位置建物門牌,土地移轉總面積平方公尺,都市土地使用分區,非都市土地使用分區,非都市土地使用編定,交易年月日,交易筆棟數,移轉層次,總樓層數,建物型態,主要用途,主要建材,建築完成年月,建物移轉總面積平方公尺,建物現況格局-房,建物現況格局-廳,建物現況格局-衛,建物現況格局-隔間,有無管理組織,總價元,單價元平方公尺,車位類別,車位移轉總面積(平方公尺),車位總價元,備註,編號,主建物面積,附屬建物面積,陽台面積,電梯,移轉編號
The villages and towns urban district,transaction sign,land sector position building sector house number plate,land shifting total area square meter,the use zoning or compiles and checks,the non-metropolis land use district,non-metropolis land use,transaction year month and day,transaction pen number,shifting level,total floor number,building state,main use,main building materials,construction to complete the years,building shifting total area,Building present situation pattern - room,building present situation pattern - hall,building present situation pattern - health,building present situation pattern - compartmented,Whether there is manages the organization,total price NTD,the unit price (NTD / square meter),the berth category,berth shifting total area square meter,the berth total price NTD,the note,serial number,,,,,
金沙鎮,土地,洋山測段415地號,542.76,農,,,1070131,土地1建物0車位0,,,其他,,,,0.0,0,0,0,有,無,542760,1000,,0.0,0,,RPTNMLNKKHNFFAW07CA,0.0,0.0,0.0,,
金寧鄉,土地,寧湖三劃段790地號,1587.0,農,,,1070116,土地3建物0車位0,,,其他,,,,0.0,0,0,0,有,無,3000000,1890,,0.0,0,,RPVNMLNKKHNFFAW27CA,0.0,0.0,0.0,,
金寧鄉,土地,寧安二劃段160地號,1000.0,農,,,1070116,土地1建物0車位0,,,其他,,,,0.0,0,0,0,有,無,2600000,2600,,0.0,0,,RPWNMLNKKHNFFAW37CA,0.0,0.0,0.0,,
金寧鄉,房地(土地+建物),金門縣金寧鄉頂堡９７之３號二樓,56.94,住,,,1070126,土地2建物1車位0,二層,三層,公寓(5樓含以下無電梯),集合住宅,鋼筋混凝土造,1060505,122.36,3,2,2,有,無,6000000,49036,,0.0,0,,RPPNMLMLKHNFFAW66CA,92.08,0.0,4.42,,
金城鎮,土地,金城劃段290地號,1120.62,農,,,1070212,土地1建物0車位0,,,其他,,,,0.0,0,0,0,有,無,12330000,11003,,0.0,0,,RPPNMLOKKHNFFAW86DA,0.0,0.0,0.0,,
金寧鄉,房地(土地+建物),金門縣金寧鄉湖南２８之３號,47.1,其他,,,1061003,土地1建物1車位0,一層,三層,公寓(5樓含以下無電梯),集合住宅,鋼筋混凝土造,1050830,73.75999999999999,3,2,2,有,無,5100000,69143,,0.0,0,,RPSNMLMLKHNFFAW96CA,69.77,0.0,0.0,,
金寧鄉,土地,北二三劃測段557地號,1000.01,農,,,1070202,土地1建物0車位0,,,其他,,,,0.0,0,0,0,有,無,8250000,8250,,0.0,0,,RPSNMLQJLHNFFAW27CA,0.0,0.0,0.0,,
金寧鄉,房地(土地+建物),金門縣金寧鄉安岐２１５號,112.36,住,,,1070201,土地2建物1車位0,全,三層,透天厝,集合住宅,鋼筋混凝土造,1060407,178.08,5,1,5,有,無,9200000,51662,,0.0,0,,RPWNMLQJLHNFFAW67CA,168.08,0.0,10.0,,
金湖鎮,房地(土地+建物),金門縣金湖鎮東村３之５號二樓,42.44,其他,,,1070119,土地1建物1車位0,二層,三層,公寓(5樓含以下無電梯),集合住宅,鋼筋混凝土造,1060306,76.21000000000001,3,2,2,有,無,3900000,51174,,0.0,0,,RPPNMLQLKHNFFAW07CA,62.09,0.0,6.3,,
金城鎮,土地,山前段657地號,1444.39,農,,,1070115,土地2建物0車位0,,,其他,,,,0.0,0,0,0,有,無,6000000,4154,,0.0,0,,RPSNMLQLKHNFFAW37CA,0.0,0.0,0.0,,
金城鎮,土地,古坵段865地號,420.0,住,,,1070131,土地1建物0車位0,,,其他,,,,0.0,0,0,0,有,無,12069750,28738,,0.0,0,,RPUNMLKLLHNFFAW07CA,0.0,0.0,0.0,,
金城鎮,土地,古坵段1008地號,319.0,農,,,1070131,土地1建物0車位0,,,其他,,,,0.0,0,0,0,有,無,9166550,28735,,0.0,0,,RPVNMLKLLHNFFAW17CA,0.0,0.0,0.0,,
金寧鄉,土地,煙墩段282地號,1756.82,其他,,,1070205,土地3建物0車位0,,,其他,,,,0.0,0,0,0,有,無,1780000,1013,,0.0,0,受債權債務影響或債務抵償之交易。,RPSNMLMKLHNFFAW96CA,0.0,0.0,0.0,,
金寧鄉,土地,北二三劃測段168地號,461.38,住,,,1070104,土地1建物0車位0,,,其他,,,,0.0,0,0,0,有,無,22000000,47683,,0.0,0,,RPPNMLMLLHNFFAW86DA,0.0,0.0,0.0,,
金沙鎮,土地,汶沙測段1526地號,303.61,其他,,,1070221,土地1建物0車位0,,,其他,,,,0.0,0,0,0,有,無,7225918,23800,,0.0,0,,RPVNMLLJLHNFFAW17DA,0.0,0.0,0.0,,
金城鎮,土地,天后宮段251地號,202.0,住,,,1070222,土地1建物0車位0,,,其他,,,,0.0,0,0,0,有,無,6000000,29703,,0.0,0,,RPQNMLTKLHNFFAW47CA,0.0,0.0,0.0,,
金寧鄉,房地(土地+建物),金門縣金寧鄉昔果山７８號三樓,75.87,其他,,,1070221,土地1建物1車位0,三層,三層,公寓(5樓含以下無電梯),,,1060712,102.39,3,2,2,有,無,5500000,53716,,0.0,0,3樓電梯公寓,RPRNMLTKLHNFFAW57CA,81.6,0.0,10.27,,
金湖鎮,房地(土地+建物),金門縣金湖鎮環島南路五段１２９號,59.16,其他,,,1070109,土地1建物1車位0,一層,三層,公寓(5樓含以下無電梯),集合住宅,鋼筋混凝土造,1061117,104.08,3,2,2,有,無,6350000,61011,,0.0,0,,RPRNMLLJLHNFFAW66CA,87.4,0.0,9.68,,
金城鎮,土地,后豐港段4地號,483.8,其他,,,1070208,土地2建物0車位0,,,其他,,,,0.0,0,0,0,有,無,7740000,15998,,0.0,0,,RPTNMLLJLHNFFAW86CA,0.0,0.0,0.0,,
金沙鎮,土地,蔡厝劃測段192地號,1174.18,農,,,1070202,土地1建物0車位0,,,其他,,,,0.0,0,0,0,有,無,3150000,2683,,0.0,0,,RPUNMLLJLHNFFAW96CA,0.0,0.0,0.0,,
金城鎮,土地,烏土段278地號,500.31,農,,,1070213,土地1建物0車位0,,,其他,,,,0.0,0,0,0,有,無,3750000,7495,,0.0,0,,RPTNMLQJLHNFFAW37CA,0.0,0.0,0.0,,
金寧鄉,房地(土地+建物),金門縣金寧鄉東坑１１號,46.08,住,,,1070209,土地1建物1車位0,一層,三層,公寓(5樓含以下無電梯),,,1060123,78.72,3,2,1,有,無,5500000,69868,,0.0,0,,RPQNMLQJLHNFFAW07CA,55.78,0.0,4.93,,
金寧鄉,房地(土地+建物),金門縣金寧鄉榜林１１３之２號二樓,52.15,住,,,1070206,土地1建物1車位0,二層,三層,公寓(5樓含以下無電梯),,,1051116,86.37,3,2,1,有,無,5800000,67153,,0.0,0,,RPRNMLQJLHNFFAW17CA,69.76,0.0,10.33,,
金寧鄉,土地,湖尾段105地號,1027.59,農,,,1070212,土地1建物0車位0,,,其他,,,,0.0,0,0,0,有,無,1800000,1752,,0.0,0,,RPPNMLQJLHNFFAW96CA,0.0,0.0,0.0,,
金寧鄉,土地,后垵段216地號,556.74,農,,,1070213,土地1建物0車位0,,,其他,,,,0.0,0,0,0,有,無,1500000,2694,,0.0,0,親友、員工或其他特殊關係間之交易。,RPRNMLRJLHNFFAW27CA,0.0,0.0,0.0,,
金城鎮,土地,延平段159-1地號,293.44,農,,,1070212,土地2建物0車位0,,,其他,,,,0.0,0,0,0,有,無,2048000,6979,,0.0,0,,RPSNMLKMLHNFFAW96CA,0.0,0.0,0.0,,
金寧鄉,土地,青山段701地號,873.08,農,,,1070220,土地1建物0車位0,,,其他,,,,0.0,0,0,0,有,無,2400000,2749,,0.0,0,,RPTNMLTJLHNFFAW67CA,0.0,0.0,0.0,,
金寧鄉,土地,東洲段423地號,2870.98,農,,,1070227,土地2建物0車位0,,,其他,,,,0.0,0,0,0,有,無,10000000,3483,,0.0,0,,RPPNMLRJLHNFFAW17DA,0.0,0.0,0.0,,
金湖鎮,房地(土地+建物),金門縣金湖鎮士校路６０９號,124.62,住,,,1070205,土地1建物1車位0,全,三層,透天厝,住家用,鋼筋混凝土造,1020304,196.21,5,1,3,有,無,8500000,43321,,0.0,0,,RPSNMLRJLHNFFAW37CA,187.26,0.0,8.95,,
金沙鎮,土地,沙宅劃段20地號,599.26,農,,,1070205,土地1建物0車位0,,,其他,,,,0.0,0,0,0,有,無,2700000,4506,,0.0,0,,RPRNMLSJLHNFFAW37CA,0.0,0.0,0.0,,
金寧鄉,房地(土地+建物)+車位,金門縣金寧鄉湖下２１３之３號三樓,61.96,其他,,,1070222,土地2建物1車位1,三層,三層,公寓(5樓含以下無電梯),集合住宅,鋼筋混凝土造,1061101,146.01,3,2,2,有,無,5200000,35525,坡道平面,12.3,450000,,RPSNMLSJLHNFFAW47CA,79.27,0.0,11.01,,
金寧鄉,土地,后湖段9地號,513.98,農,,,1070227,土地1建物0車位0,,,其他,,,,0.0,0,0,0,有,無,3400000,6615,,0.0,0,,RPQNMLMKLHNFFAW76CA,0.0,0.0,0.0,,
金沙鎮,土地,榮湖段1016地號,652.64,其他,,,1070209,土地1建物0車位0,,,其他,,,,0.0,0,0,0,有,無,1980000,3034,,0.0,0,,RPRNMLPKLHNFFAW17CA,0.0,0.0,0.0,,
金城鎮,房地(土地+建物),金門縣金城鎮北門里民生路20之2號,225.0,住,,,1070209,土地4建物1車位0,全,三層,透天厝,住家用,鋼筋混凝土加強磚造,0830827,291.78,8,2,5,有,無,20500000,70258,,0.0,0,,RPRNMLMKLHNFFAW96DA,285.88,0.0,5.9,,
金寧鄉,土地,盤山村段39地號,38.5,住,,,1070220,土地1建物0車位0,,,其他,,,,0.0,0,0,0,有,無,850000,22078,,0.0,0,親友、員工或其他特殊關係間之交易。,RPUNMLTJLHNFFAW77CA,0.0,0.0,0.0,,
金寧鄉,土地,寧湖一劃段596-1地號,960.02,農,,,1070305,土地2建物0車位0,,,其他,,,,0.0,0,0,0,有,無,12800000,13333,,0.0,0,,RPRNMLTJLHNFFAW47CA,0.0,0.0,0.0,,
金湖鎮,土地,塔后段177地號,947.63,農,,,1070307,土地1建物0車位0,,,其他,,,,0.0,0,0,0,有,無,3316705,3500,,0.0,0,,RPRNMLQLLHNFFAW37CA,0.0,0.0,0.0,,
金湖鎮,房地(土地+建物),金門縣金湖鎮市港三路２３５號三樓,20.99,住,,,1070305,土地1建物1車位0,三層,八層,華廈(10層含以下有電梯),集合住宅,鋼筋混凝土造,1050421,106.1,3,2,2,有,無,7000000,65975,,0.0,0,,RPRNMLNKLHNFFAW96CA,71.11,2.96,8.06,,
金寧鄉,土地,寧山段384地號,794.03,農,,,1070226,土地1建物0車位0,,,其他,,,,0.0,0,0,0,有,無,1508657,1900,,0.0,0,,RPSNMLNKLHNFFAW17DA,0.0,0.0,0.0,,
金城鎮,土地,東紅山段912地號,1542.02,其他,,,1070226,土地5建物0車位0,,,其他,,,,0.0,0,0,0,有,無,2140876,1388,,0.0,0,,RPTNMLNKLHNFFAW27DA,0.0,0.0,0.0,,
金寧鄉,房地(土地+建物),金門縣金寧鄉上后垵16之1號3樓,57.83,其他,,,1070305,土地1建物1車位0,三層,三層,公寓(5樓含以下無電梯),,,1000706,95.80000000000001,3,2,2,有,無,5200000,54280,,0.0,0,,RPQNMLPKLHNFFAW17DA,0.0,0.0,0.0,,
金寧鄉,房地(土地+建物),金門縣金寧鄉昔果山８０號二樓,78.23,其他,,,1070226,土地1建物1車位0,二層,三層,公寓(5樓含以下無電梯),,,1060712,105.3,3,2,2,有,無,5400000,51282,,0.0,0,3樓電梯公寓,RPRNMLMLLHNFFAW96CA,84.55,0.0,10.23,,
金寧鄉,房地(土地+建物),金門縣金寧鄉盤果路４６巷２號,82.04,其他,,,1070308,土地2建物1車位0,全,三層,透天厝,集合住宅,鋼筋混凝土造,1060215,154.64,4,1,4,有,無,10390000,67188,,0.0,0,,RPXNMLKLLHNFFAW37CA,147.03,0.0,7.61,,
金沙鎮,房地(土地+建物),金門縣金沙鎮沙美１３０號,356.51,其他,,,1070226,土地3建物1車位0,全,三層,透天厝,住家用,鋼筋混凝土加強磚造,0791126,150.13,3,2,2,有,無,3500000,23313,,0.0,0,,RPROMLKLRHNFFAW47CA,150.13,0.0,0.0,,
金湖鎮,房地(土地+建物),金門縣金湖鎮山外里山外75-2號,61.56,其他,,,1070313,土地1建物1車位0,全,二層,透天厝,住商用,鋼筋混凝土造,0750115,104.0,4,2,2,有,無,9800000,94231,,0.0,0,,RPQNMLLLLHNFFAW86DA,100.0,0.0,4.0,,
金寧鄉,房地(土地+建物),金門縣金寧鄉安岐270之1號三樓,48.75,住,,,1070130,土地1建物1車位0,三層,三層,公寓(5樓含以下無電梯),集合住宅,鋼筋混凝土造,1040428,85.82,3,2,2,有,無,4390000,51154,,0.0,0,,RPSNMLLMLHNFFAW27EA,69.68,3.1,7.68,,
烈嶼鄉,土地,烈濱劃測段470地號,483.0,農,,,1070307,土地1建物0車位0,,,其他,,,,0.0,0,0,0,有,無,950000,1967,,0.0,0,,RPTNMLTKLHNFFAW77CA,0.0,0.0,0.0,,
金城鎮,土地,延平段116地號,500.08,農,,,1070305,土地1建物0車位0,,,其他,,,,0.0,0,0,0,有,無,750000,1500,,0.0,0,親友、員工或其他特殊關係間之交易。,RPQNMLNLLHNFFAW96CA,0.0,0.0,0.0,,
金寧鄉,土地,北四劃段93地號,733.0,農,,,1070304,土地1建物0車位0,,,其他,,,,0.0,0,0,0,有,無,2200000,3001,,0.0,0,,RPOOMLKLLHNFFAW56CA,0.0,0.0,0.0,,
金湖鎮,土地,瓊林段1294地號,119.0,其他,,,1070308,土地1建物0車位0,,,其他,,,,0.0,0,0,0,有,無,4165000,35000,,0.0,0,,RPSNMLMLLHNFFAW07CA,0.0,0.0,0.0,,
烈嶼鄉,土地,陵水湖測段863地號,488.16,農,,,1070312,土地1建物0車位0,,,其他,,,,0.0,0,0,0,有,無,638944,1309,,0.0,0,,RPTNMLKLLHNFFAW07DA,0.0,0.0,0.0,,
金沙鎮,土地,榮湖段512地號,5855.13,農,,,1070314,土地18建物0車位0,,,其他,,,,0.0,0,0,0,有,無,14150161,2417,,0.0,0,,RPPNMLMKMHNFFAW86DA,0.0,0.0,0.0,,
金湖鎮,土地,中五劃段126地號,298.94,農,,,1070305,土地1建物0車位0,,,其他,,,,0.0,0,0,0,有,無,1464806,4900,,0.0,0,,RPQNMLQLLHNFFAW27CA,0.0,0.0,0.0,,
金寧鄉,土地,后湖段563地號,1398.57,其他,,,1070301,土地1建物0車位0,,,其他,,,,0.0,0,0,0,有,無,4300000,3075,,0.0,0,,RPPNMLQLLHNFFAW17CA,0.0,0.0,0.0,,
金寧鄉,土地,寧安二劃段157地號,1000.0,農,,,1070312,土地1建物0車位0,,,其他,,,,0.0,0,0,0,有,無,3000000,3000,,0.0,0,,RPSOMLRLLHNFFAW67CA,0.0,0.0,0.0,,
金湖鎮,房地(土地+建物),金門縣金湖鎮環島南路塔后段３巷３１號,135.86,住,,,1070122,土地5建物1車位0,全,三層,透天厝,集合住宅,鋼筋混凝土造,0980406,154.07,3,2,3,有,無,9000000,58415,,0.0,0,,RPSNMLSLLHNFFAW67CA,144.67,4.6,4.8,,
金寧鄉,土地,湖下村段324地號,210.0,其他,,,1070313,土地1建物0車位0,,,其他,,,,0.0,0,0,0,有,無,6000000,28571,,0.0,0,,RPTNMLMLLHNFFAW17CA,0.0,0.0,0.0,,
金寧鄉,土地,后垵段973地號,2019.05,農,,,1070308,土地2建物0車位0,,,其他,,,,0.0,0,0,0,有,無,2600000,1288,,0.0,0,,RPQNMLMLLHNFFAW86CA,0.0,0.0,0.0,,
金寧鄉,房地(土地+建物),金門縣金寧鄉榜林９６之２號三樓,33.17,其他,,,1070224,土地1建物1車位0,三層,三層,公寓(5樓含以下無電梯),,,1060322,66.12,2,1,2,有,無,4050000,61252,,0.0,0,,RPVNMLMLLHNFFAW37CA,54.66,0.0,5.01,,
金湖鎮,房地(土地+建物),金門縣金湖鎮環島南路五段129號二樓,59.16,其他,,,1070309,土地1建物1車位0,二層,三層,公寓(5樓含以下無電梯),集合住宅,鋼筋混凝土造,1061117,104.08,3,2,2,有,無,5800000,55726,,0.0,0,,RPRNMLNLLHNFFAW07CA,87.4,0.0,9.68,,
金寧鄉,房地(土地+建物),金門縣金寧鄉安岐２９１號二樓,39.6,其他,,,1070314,土地1建物1車位0,二層,五層,華廈(10層含以下有電梯),集合住宅,鋼筋混凝土造,1070130,102.47,3,2,2,有,無,5800000,56602,,0.0,0,,RPUNMLRLLHNFFAW77CA,80.41,0.0,11.33,,
金寧鄉,房地(土地+建物),金門縣金寧鄉安岐２９０號五樓之１,38.99,其他,,,1070314,土地1建物1車位0,五層,五層,華廈(10層含以下有電梯),集合住宅,鋼筋混凝土造,1070130,100.38999999999999,3,2,2,有,無,6510000,64847,,0.0,0,,RPWNMLRLLHNFFAW97CA,80.97,0.0,8.85,,
金寧鄉,房地(土地+建物),金門縣金寧鄉昔果山７９號三樓,75.9,其他,,,1070312,土地1建物1車位0,三層,三層,公寓(5樓含以下無電梯),,,1060712,102.45,3,2,2,有,無,5400000,52709,,0.0,0,,RPXNMLRLLHNFFAW08CA,81.66,0.0,10.27,,
金寧鄉,房地(土地+建物),金門縣金寧鄉安岐２９０號三樓,28.87,其他,,,1070314,土地1建物1車位0,三層,五層,華廈(10層含以下有電梯),集合住宅,鋼筋混凝土造,1070130,74.24000000000001,2,1,2,有,無,4000000,53879,,0.0,0,,RPPOMLRLLHNFFAW37CA,59.74,0.0,6.68,,
金寧鄉,房地(土地+建物),金門縣金寧鄉安岐２９０號三樓之１,38.99,其他,,,1070314,土地1建物1車位0,三層,五層,華廈(10層含以下有電梯),集合住宅,鋼筋混凝土造,1070130,100.38999999999999,3,2,2,有,無,6072000,60484,,0.0,0,,RPROMLRLLHNFFAW57CA,80.97,0.0,8.85,,
金寧鄉,房地(土地+建物),金門縣金寧鄉安岐２９１號三樓,39.6,其他,,,1070319,土地1建物1車位0,三層,五層,華廈(10層含以下有電梯),集合住宅,鋼筋混凝土造,1070130,102.47,3,2,2,有,無,6200000,60506,,0.0,0,,RPQNMLRLLHNFFAW37CA,80.41,0.0,11.33,,
金寧鄉,房地(土地+建物),金門縣金寧鄉安岐２９１號,36.75,其他,,,1070314,土地1建物1車位0,一層,五層,華廈(10層含以下有電梯),集合住宅,鋼筋混凝土造,1070130,96.87,3,2,2,有,無,6500000,67100,,0.0,0,,RPSNMLRLLHNFFAW57CA,80.36,0.0,6.55,,
金沙鎮,土地,后宅測段1086地號,1873.18,農,,,1070313,土地4建物0車位0,,,其他,,,,0.0,0,0,0,有,無,7490000,3999,,0.0,0,,RPPNMLSLLHNFFAW37CA,0.0,0.0,0.0,,
金寧鄉,土地,寧劃段281地號,1274.82,農,,,1061231,土地5建物0車位0,,,其他,,,,0.0,0,0,0,有,無,2500000,1961,,0.0,0,,RPRNMLSLLHNFFAW57CA,0.0,0.0,0.0,,
金寧鄉,房地(土地+建物),金門縣金寧鄉東堡６０號,146.36,其他,,,1070316,土地3建物1車位0,全,三層,透天厝,集合住宅,鋼筋混凝土造,1061127,168.9,4,2,3,有,無,13500000,79929,,0.0,0,,RPVNMLSLLHNFFAW97CA,150.59,2.75,15.56,,
金城鎮,土地,莒光樓段759地號,70.71,住,,,1070320,土地1建物0車位0,,,其他,,,,0.0,0,0,0,有,無,5880000,83157,,0.0,0,價金含地上已先行變更起造人之建物1戶,RPPNMLNLMHNFFAW07DA,0.0,0.0,0.0,,
金城鎮,土地,莒光樓段759地號,70.71,住,,,1070320,土地1建物0車位0,,,其他,,,,0.0,0,0,0,有,無,6100000,86268,,0.0,0,價金含地上已先行變更起造人之建物1戶,SPPNMLNLMHNFFAW17DA,0.0,0.0,0.0,,
金寧鄉,土地,中三劃測段219-1地號,807.52,農,,,1070307,土地2建物0車位0,,,其他,,,,0.0,0,0,0,有,無,17000000,21052,,0.0,0,,RPPNMLTLLHNFFAW47CA,0.0,0.0,0.0,,
金城鎮,土地,珠山段468地號,1500.62,農,,,1070313,土地3建物0車位0,,,其他,,,,0.0,0,0,0,有,無,2250000,1499,,0.0,0,,RPPNMLKMLHNFFAW66CA,0.0,0.0,0.0,,
金城鎮,土地,東紅山段611地號,606.93,農,,,1070314,土地1建物0車位0,,,其他,,,,0.0,0,0,0,有,無,910000,1499,,0.0,0,,RPQNMLKMLHNFFAW76CA,0.0,0.0,0.0,,
金城鎮,土地,珠山段413地號,397.47,農,,,1070322,土地2建物0車位0,,,其他,,,,0.0,0,0,0,有,無,600000,1510,,0.0,0,,RPRNMLKMLHNFFAW86CA,0.0,0.0,0.0,,
金湖鎮,房地(土地+建物),金門縣金湖鎮料羅新村６０６號,41.18,其他,,,1070321,土地1建物1車位0,一層,四層,華廈(10層含以下有電梯),集合住宅,鋼筋混凝土造,1070118,79.19999999999999,3,2,2,有,無,3762000,47500,,0.0,0,,RPTOMLLMLHNFFAW27CA,69.1,0.0,0.0,,
金湖鎮,房地(土地+建物),金門縣金湖鎮料羅新村６０６號二樓,45.74,其他,,,1070321,土地1建物1車位0,二層,四層,華廈(10層含以下有電梯),集合住宅,鋼筋混凝土造,1070118,87.18,3,2,2,有,無,3849000,44150,,0.0,0,,SPTOMLLMLHNFFAW37CA,69.1,0.0,6.85,,
金湖鎮,房地(土地+建物),金門縣金湖鎮料羅新村６０６號四樓,31.68,其他,,,1070309,土地1建物1車位0,四層,四層,華廈(10層含以下有電梯),集合住宅,鋼筋混凝土造,1070118,61.050000000000004,2,1,2,有,無,2860000,46847,,0.0,0,,RPUOMLLMLHNFFAW37CA,48.35,0.0,4.92,,
金湖鎮,房地(土地+建物),金門縣金湖鎮料羅新村６０６號三樓,45.74,其他,,,1070309,土地1建物1車位0,三層,四層,華廈(10層含以下有電梯),集合住宅,鋼筋混凝土造,1070118,87.18,3,2,2,有,無,3849000,44150,,0.0,0,,RPPOMLLMLHNFFAW86CA,69.1,0.0,6.85,,
金沙鎮,土地,北九十劃段386地號,495.3,農,,,1070314,土地1建物0車位0,,,其他,,,,0.0,0,0,0,有,無,1350000,2726,,0.0,0,,RPTNMLNJMHNFFAW17CA,0.0,0.0,0.0,,
金寧鄉,房地(土地+建物),金門縣金寧鄉湖下２１３之７號三樓,61.96,其他,,,1070225,土地2建物1車位0,三層,三層,公寓(5樓含以下無電梯),集合住宅,鋼筋混凝土造,1061101,134.26,3,2,2,有,無,5250000,39103,,0.0,0,,RPPNMLQKMHNFFAW17CA,79.81,0.0,11.01,,
金寧鄉,土地,寧湖三劃段413地號,500.0,農,,,1070226,土地1建物0車位0,,,其他,,,,0.0,0,0,0,有,無,4800000,9600,,0.0,0,,RPRNMLNLMHNFFAW17CA,0.0,0.0,0.0,,
金湖鎮,房地(土地+建物),金門縣金湖鎮料羅新村６０８號,39.08,其他,,,1070321,土地1建物1車位0,一層,四層,華廈(10層含以下有電梯),集合住宅,鋼筋混凝土造,1070118,75.02,3,2,2,有,無,3800000,50653,,0.0,0,,RPQOMLLMLHNFFAW96CA,64.92,0.0,0.0,,
金湖鎮,房地(土地+建物),金門縣金湖鎮料羅新村６０７號四樓,31.68,其他,,,1070321,土地1建物1車位0,四層,四層,華廈(10層含以下有電梯),集合住宅,鋼筋混凝土造,1070118,60.51,2,1,1,有,無,2900000,47926,,0.0,0,,RPSOMLLMLHNFFAW17CA,47.81,0.0,4.92,,
金湖鎮,房地(土地+建物),金門縣金湖鎮料羅新村６０７號三樓,45.74,其他,,,1070321,土地1建物1車位0,三層,四層,華廈(10層含以下有電梯),集合住宅,鋼筋混凝土造,1070118,86.53,3,2,2,有,無,4200000,48538,,0.0,0,,RPPNMLMJMHNFFAW66CA,68.45,0.0,6.85,,
金寧鄉,房地(土地+建物)+車位,金門縣金寧鄉前厝４６之８號,55.76,其他,,,1070319,土地1建物1車位1,一層,三層,公寓(5樓含以下無電梯),集合住宅,鋼筋混凝土造,1060614,138.82,2,2,2,有,無,7800000,56188,坡道平面,13.76,0,,RPWNMLLMLHNFFAW47CA,82.57,0.0,0.0,,
金湖鎮,房地(土地+建物),金門縣金湖鎮料羅新村６０７號,41.18,其他,,,1070321,土地1建物1車位0,一層,四層,華廈(10層含以下有電梯),集合住宅,鋼筋混凝土造,1070118,78.55,3,2,2,有,無,4000000,50923,,0.0,0,,RPXNMLLMLHNFFAW57CA,68.45,0.0,0.0,,
金湖鎮,房地(土地+建物),金門縣金湖鎮市港三路２２５號７樓之６,11.01,住,,,1070108,土地1建物1車位0,七層,八層,華廈(10層含以下有電梯),集合住宅,鋼筋混凝土造,1041125,61.589999999999996,1,2,1,有,有,4200000,68193,,0.0,0,,RPPNMLNJMHNFFAW76CA,33.29,2.54,3.61,,
金沙鎮,房地(土地+建物),金門縣金沙鎮后浦頭8-5號,153.0,其他,,,1070320,土地1建物1車位0,全,三層,透天厝,住家用,鋼筋混凝土造,1000422,272.34,5,2,5,有,無,2003700,7357,,0.0,0,親友、員工或其他特殊關係間之交易。,RPRNMLLMLHNFFAW07DA,253.65,7.12,11.57,,
金寧鄉,房地(土地+建物)+車位,金門縣金寧鄉湖下213之9號,61.96,住,,,1061231,土地2建物1車位1,一層,三層,公寓(5樓含以下無電梯),集合住宅,鋼筋混凝土造,1061101,210.28,3,2,2,有,無,7950000,38644,坡道平面,86.07,3150000,車位交易總價含7個停車位,RPSNMLNLMHNFFAW37DA,79.27,0.0,1.51,,
金湖鎮,房地(土地+建物),金門縣金湖鎮市港三路２２５號８樓之９,11.27,住,,,1070312,土地1建物1車位0,八層,八層,華廈(10層含以下有電梯),集合住宅,鋼筋混凝土造,1041125,61.269999999999996,1,2,1,有,有,4500000,73445,,0.0,0,,RPQNMLNJMHNFFAW86CA,33.64,0.0,4.65,,
金沙鎮,土地,英坑段634地號,1073.28,農,,,1070320,土地6建物0車位0,,,其他,,,,0.0,0,0,0,有,無,1400000,1304,,0.0,0,親友、員工或其他特殊關係間之交易。受債權債務影響或債務抵償之交易。,RPRNMLNJMHNFFAW96CA,0.0,0.0,0.0,,
金湖鎮,房地(土地+建物),金門縣金湖鎮料羅新村６０８號二樓,43.46,其他,,,1070321,土地1建物1車位0,二層,四層,華廈(10層含以下有電梯),集合住宅,鋼筋混凝土造,1070118,82.83,3,2,2,有,無,3920000,47326,,0.0,0,,RPOOMLLMLHNFFAW76CA,64.92,0.0,6.65,,
金城鎮,土地,前山前段78地號,95.0,其他,,,1070328,土地2建物0車位0,,,其他,,,,0.0,0,0,0,有,無,2500000,26316,,0.0,0,,RPQNMLMJMHNFFAW76CA,0.0,0.0,0.0,,
金湖鎮,房地(土地+建物),金門縣金湖鎮塔后１５８之１１號,137.61,其他,,,1070326,土地1建物1車位0,全,三層,透天厝,住家用,鋼筋混凝土造,1001027,227.52,5,2,4,有,無,9800000,43073,,0.0,0,,RPRNMLMJMHNFFAW86CA,220.41,0.0,7.11,,
金湖鎮,房地(土地+建物),金門縣金湖鎮料羅新村６０９號,38.99,其他,,,1070321,土地1建物1車位0,一層,四層,華廈(10層含以下有電梯),集合住宅,鋼筋混凝土造,1070118,75.79,3,2,2,有,無,3659000,48278,,0.0,0,,RPSNMLMJMHNFFAW96CA,65.7,0.0,0.0,,
金湖鎮,房地(土地+建物),金門縣金湖鎮料羅新村６０８號四樓,29.31,其他,,,1070321,土地1建物1車位0,四層,四層,華廈(10層含以下有電梯),集合住宅,鋼筋混凝土造,1070118,56.440000000000005,2,1,1,有,無,2530000,44826,,0.0,0,,RPTNMLMJMHNFFAW07CA,44.13,0.0,4.71,,
金湖鎮,土地,小徑段1054地號,125.67,住,,,1070315,土地1建物0車位0,,,其他,,,,0.0,0,0,0,有,無,5590000,44482,,0.0,0,,RPSNMLTJMHNFFAW67CA,0.0,0.0,0.0,,
金湖鎮,土地,小徑段1054-2地號,99.0,住,,,1070315,土地1建物0車位0,,,其他,,,,0.0,0,0,0,有,無,3050000,30808,,0.0,0,,RPTNMLTJMHNFFAW77CA,0.0,0.0,0.0,,
金沙鎮,土地,北九劃段953地號,1930.01,農,,,1070312,土地2建物0車位0,,,其他,,,,0.0,0,0,0,有,無,3500000,1813,,0.0,0,,RPRNMLLKMHNFFAW86CA,0.0,0.0,0.0,,
金湖鎮,土地,南雄段138-1地號,883.21,其他,,,1070320,土地2建物0車位0,,,其他,,,,0.0,0,0,0,有,無,18100000,20493,,0.0,0,,RPQNMLSKMHNFFAW47CA,0.0,0.0,0.0,,
金寧鄉,土地,寧湖三劃段173地號,1000.0,農,,,1070307,土地2建物0車位0,,,其他,,,,0.0,0,0,0,有,無,7200000,7200,,0.0,0,,RPRNMLTJMHNFFAW57CA,0.0,0.0,0.0,,
金寧鄉,房地(土地+建物)+車位,金門縣金寧鄉湖下２１３之６號三樓,61.96,其他,,,1070303,土地2建物1車位1,三層,三層,公寓(5樓含以下無電梯),集合住宅,鋼筋混凝土造,1061101,146.54999999999998,3,2,2,有,無,5350000,36499,坡道平面,12.3,450000,,RPSNMLNJMHNFFAW07CA,79.81,0.0,11.01,,
金城鎮,房地(土地+建物),金門縣金城鎮珠浦南路74巷21號3樓,46.58,其他,,,1070307,土地2建物2車位0,三層,四層,公寓(5樓含以下無電梯),集合住宅,鋼筋混凝土造,1000607,100.59,2,2,2,有,無,7250000,72075,,0.0,0,,RPQNMLTJMHNFFAW57DA,61.02,0.0,19.44,,
金湖鎮,土地,小徑段1054地號,188.5,住,,,1070319,土地1建物0車位0,,,其他,,,,0.0,0,0,0,有,無,6400000,33952,,0.0,0,,RPOOMLTJMHNFFAW37CA,0.0,0.0,0.0,,
金寧鄉,土地,中三劃測段687-1地號,733.0,農,,,1070326,土地2建物0車位0,,,其他,,,,0.0,0,0,0,有,無,18000000,24557,,0.0,0,,RPRNMLRLMHNFFAW57CA,0.0,0.0,0.0,,
金城鎮,土地,祥安段38地號,39.99,住,,,1070330,土地1建物0車位0,,,其他,,,,0.0,0,0,0,有,無,2360000,59015,,0.0,0,,RPPNMLLKMHNFFAW76DA,0.0,0.0,0.0,,
金沙鎮,土地,浦邊段1155-1地號,129.75,其他,,,1070409,土地1建物0車位0,,,其他,,,,0.0,0,0,0,有,無,1000000,7707,,0.0,0,,RPSNMLKKMHNFFAW96DA,0.0,0.0,0.0,,
金寧鄉,房地(土地+建物),金門縣金寧鄉湖下２１３之８號二樓,61.96,其他,,,1070130,土地2建物1車位0,二層,三層,公寓(5樓含以下無電梯),集合住宅,鋼筋混凝土造,1061101,133.57999999999998,3,1,2,有,無,5300000,39677,,0.0,0,,RPQNMLLKMHNFFAW76CA,79.27,0.0,11.01,,
金沙鎮,土地,后宅測段184地號,999.16,其他,,,1070331,土地2建物0車位0,,,其他,,,,0.0,0,0,0,有,無,1498740,1500,,0.0,0,,RPQNMLMKMHNFFAW86CA,0.0,0.0,0.0,,
金寧鄉,土地,寧湖二劃測段437地號,1000.01,農,,,1070326,土地1建物0車位0,,,其他,,,,0.0,0,0,0,有,無,15000000,15000,,0.0,0,,RPPNMLNKMHNFFAW86CA,0.0,0.0,0.0,,
金城鎮,土地,城南段238地號,11.09,商,,,1070403,土地2建物0車位0,,,其他,,,,0.0,0,0,0,有,無,1200000,108206,,0.0,0,,RPQNMLNKMHNFFAW96CA,0.0,0.0,0.0,,
金寧鄉,土地,后湖村段312地號,564.0,農,,,1070322,土地1建物0車位0,,,其他,,,,0.0,0,0,0,有,無,1400000,2482,,0.0,0,,RPQNMLQKMHNFFAW27CA,0.0,0.0,0.0,,
金沙鎮,土地,北九十劃段218地號,977.7,農,,,1070320,土地1建物0車位0,,,其他,,,,0.0,0,0,0,有,無,2950000,3017,,0.0,0,,RPTNMLNKMHNFFAW27CA,0.0,0.0,0.0,,
金寧鄉,土地,后垵段691地號,876.59,農,,,1070322,土地1建物0車位0,,,其他,,,,0.0,0,0,0,有,無,5350000,6103,,0.0,0,,RPUNMLSKMHNFFAW87CA,0.0,0.0,0.0,,
烈嶼鄉,土地,古廟段212地號,219.33,住,,,1070402,土地1建物0車位0,,,其他,,,,0.0,0,0,0,有,無,602000,2745,,0.0,0,,RPVNMLPLMHNFFAW77CA,0.0,0.0,0.0,,
金湖鎮,房地(土地+建物),金門縣金湖鎮山外４２號,31.11,住,,,1070403,土地1建物1車位0,一層,三層,公寓(5樓含以下無電梯),集合住宅,鋼筋混凝土造,1060817,57.989999999999995,2,2,1,有,無,4200000,72426,,0.0,0,增值稅及房屋稅由買方繳納,RPPNMLNJNHNFFAW86CA,50.69,0.0,0.0,,
金城鎮,土地,小西門劃測段2211-1地號,1128.55,其他,,,1070327,土地2建物0車位0,,,其他,,,,0.0,0,0,0,有,無,7500000,6646,,0.0,0,,RPRNMLMKMHNFFAW07DA,0.0,0.0,0.0,,
金沙鎮,房地(土地+建物),金門縣金沙鎮何厝４６之３號三樓,52.63,其他,,,1070322,土地1建物1車位0,三層,三層,公寓(5樓含以下無電梯),集合住宅,鋼筋混凝土造,1050111,90.75,3,1,2,有,無,4800000,52893,,0.0,0,,RPPNMLMJNHNFFAW76CA,81.75,0.0,9.0,,
金寧鄉,房地(土地+建物),金門縣金寧鄉安岐２９０號,64.29,其他,,,1070402,土地1建物1車位0,一層,五層,華廈(10層含以下有電梯),集合住宅、店舖,鋼筋混凝土造,1070130,166.07,2,1,3,有,無,11300000,68044,,0.0,0,,RPVOMLTKMHNFFAW18CA,147.65,0.0,1.0,,
金沙鎮,土地,西園段1072地號,162.0,住,,,1060402,土地1建物0車位0,,,其他,,,,0.0,0,0,0,有,無,300000,1852,,0.0,0,,RPUNMLPLMHNFFAW67CA,0.0,0.0,0.0,,
金寧鄉,土地,北二三劃測段358地號,829.81,農,,,1070319,土地1建物0車位0,,,其他,,,,0.0,0,0,0,有,無,7000000,8436,,0.0,0,,RPUNMLNKMHNFFAW37CA,0.0,0.0,0.0,,
烈嶼鄉,土地,沙溪測段24地號,592.68,農,,,1070329,土地1建物0車位0,,,其他,,,,0.0,0,0,0,有,無,1250000,2109,,0.0,0,,RPRNMLNKMHNFFAW07CA,0.0,0.0,0.0,,
金沙鎮,土地,沙港劃段155地號,930.01,農,,,1070331,土地1建物0車位0,,,其他,,,,0.0,0,0,0,有,無,3000000,3226,,0.0,0,,RPSNMLNKMHNFFAW17CA,0.0,0.0,0.0,,
金沙鎮,土地,沙溪一劃段456地號,1325.4,農,,,1070308,土地1建物0車位0,,,其他,,,,0.0,0,0,0,有,無,2250000,1698,,0.0,0,親友、員工或其他特殊關係間之交易。,RPRNMLSKMHNFFAW57CA,0.0,0.0,0.0,,
金寧鄉,房地(土地+建物),金門縣金寧鄉頂埔下２９號二樓之１１,16.76,其他,,,1070330,土地1建物1車位0,二層,三層,華廈(10層含以下有電梯),集合住宅,鋼筋混凝土造,1050126,35.31,0,0,0,無,無,2400000,67969,,0.0,0,,RPWOMLTKMHNFFAW28CA,22.76,0.0,3.6,,
金寧鄉,房地(土地+建物),金門縣金寧鄉安岐２９０號二樓,28.87,其他,,,1070402,土地1建物1車位0,二層,五層,華廈(10層含以下有電梯),集合住宅,鋼筋混凝土造,1070130,74.24000000000001,2,1,2,有,無,4100000,55226,,0.0,0,,RPQOMLTKMHNFFAW67CA,59.74,0.0,6.68,,
金寧鄉,房地(土地+建物),金門縣金寧鄉安岐２９０號四樓,28.87,其他,,,1070402,土地1建物1車位0,四層,五層,華廈(10層含以下有電梯),集合住宅,鋼筋混凝土造,1070130,74.24000000000001,2,1,2,有,無,4400000,59267,,0.0,0,,RPROMLTKMHNFFAW77CA,59.74,0.0,6.68,,
金寧鄉,房地(土地+建物),金門縣金寧鄉安岐２９０號五樓,28.87,其他,,,1070402,土地1建物1車位0,五層,五層,華廈(10層含以下有電梯),集合住宅,鋼筋混凝土造,1070130,74.24000000000001,2,1,2,有,無,4000000,53879,,0.0,0,,RPTOMLTKMHNFFAW97CA,59.74,0.0,6.68,,
金寧鄉,房地(土地+建物),金門縣金寧鄉安岐２９１號五樓,39.6,其他,,,1070402,土地1建物1車位0,五層,五層,華廈(10層含以下有電梯),集合住宅,鋼筋混凝土造,1070130,102.47,3,2,2,有,無,6500000,63433,,0.0,0,,RPUOMLTKMHNFFAW08CA,80.41,0.0,11.33,,
金沙鎮,土地,浯坑劃測段659地號,1255.04,農,,,1070328,土地1建物0車位0,,,其他,,,,0.0,0,0,0,有,無,6000000,4781,,0.0,0,,RPTNMLSKMHNFFAW77CA,0.0,0.0,0.0,,
金湖鎮,房地(土地+建物),金門縣金湖鎮瓊林６４號,223.0,住,,,1070329,土地1建物1車位0,全,二層,透天厝,住家用,鋼筋混凝土造,0710815,145.38,5,2,3,有,無,4300000,29578,,0.0,0,,RPQNMLNJNHNFFAW96CA,127.96,8.71,8.71,,
金寧鄉,土地,安西劃段578地號,1773.44,農,,,1070307,土地3建物0車位0,,,其他,,,,0.0,0,0,0,有,無,6308060,3557,,0.0,0,,RPSOMLTKMHNFFAW97DA,0.0,0.0,0.0,,
金城鎮,土地,吳厝村段127-1地號,62.0,其他,,,1070408,土地1建物0車位0,,,其他,,,,0.0,0,0,0,有,無,687000,11081,,0.0,0,,RPRNMLRKNHNFFAW67DA,0.0,0.0,0.0,,
金城鎮,土地,金城劃段266-29地號,167.35,農,,,1070413,土地3建物0車位0,,,其他,,,,0.0,0,0,0,有,無,1840821,11000,,0.0,0,,RPQNMLPKNHNFFAW37DA,0.0,0.0,0.0,,
金沙鎮,土地,北八劃段202地號,1000.0,農,,,1070410,土地1建物0車位0,,,其他,,,,0.0,0,0,0,有,無,5500000,5500,,0.0,0,,RPSNMLSKMHNFFAW67CA,0.0,0.0,0.0,,
金湖鎮,房地(土地+建物),金門縣金湖鎮東村１之７號,51.64,其他,,,1070124,土地1建物1車位0,一層,三層,公寓(5樓含以下無電梯),集合住宅,鋼筋混凝土造,1040804,94.24,3,2,2,有,無,4800000,50934,,0.0,0,,RPOPMLTKMHNFFAW57CA,80.37,0.0,8.38,,
金城鎮,土地,小西門劃測段758地號,325.02,農,,,1070403,土地2建物0車位0,,,其他,,,,0.0,0,0,0,有,無,450000,1385,,0.0,0,,RPPNMLKLMHNFFAW66CA,0.0,0.0,0.0,,
金城鎮,土地,庵前劃測段676地號,942.02,農,,,1070409,土地2建物0車位0,,,其他,,,,0.0,0,0,0,有,無,1000000,1062,,0.0,0,皆為無通路之農地,RPQNMLKLMHNFFAW76CA,0.0,0.0,0.0,,
金寧鄉,房地(土地+建物),金門縣金寧鄉安岐２２９號,66.35,其他,,,1060328,土地2建物1車位0,一層,三層,公寓(5樓含以下無電梯),集合住宅。,鋼筋混凝土造,1060525,94.41,3,2,2,有,無,5450000,57727,,0.0,0,,RPQNMLNLMHNFFAW07CA,79.29,0.0,8.31,,
金寧鄉,土地,寧安五劃段191地號,1286.89,農,,,1070327,土地1建物0車位0,,,其他,,,,0.0,0,0,0,有,無,2800000,2176,,0.0,0,受債權債務影響或債務抵償之交易。,RPSNMLOLMHNFFAW37CA,0.0,0.0,0.0,,
金湖鎮,房地(土地+建物),金門縣金湖鎮環島南路塔后段５巷２１號,63.73,其他,,,1070326,土地2建物1車位0,一層,三層,公寓(5樓含以下無電梯),集合住宅,鋼筋混凝土造,0990707,103.75999999999999,3,2,2,有,無,3500000,33732,,0.0,0,親友、員工或其他特殊關係間之交易。,RPSNMLKMMHNFFAW07CA,86.71,0.0,6.0,,
金湖鎮,土地,瓊林段1283-2地號,46.0,其他,,,1070413,土地3建物0車位0,,,其他,,,,0.0,0,0,0,有,無,1610000,35000,,0.0,0,含未辦保存登記之地上建物,RPTNMLKMMHNFFAW17CA,0.0,0.0,0.0,,
金湖鎮,房地(土地+建物),金門縣金湖鎮市港一路２５９號三樓,32.52,其他,,,1070207,土地1建物1車位0,三層,三層,公寓(5樓含以下無電梯),集合住宅,鋼筋混凝土造,1040429,76.91,3,1,2,有,無,6000000,78013,,0.0,0,,RPRNMLKMMHNFFAW96CA,51.87,0.76,5.68,,
金湖鎮,房地(土地+建物),金門縣金湖鎮料羅新村５２２號,42.43,住,,,1070417,土地1建物1車位0,一層,三層,公寓(5樓含以下無電梯),集合住宅,鋼筋混凝土造,1041230,69.32000000000001,2,2,2,有,無,3920000,56549,,0.0,0,,RPVNMLLJNHNFFAW27CA,64.9,0.0,0.0,,
金寧鄉,房地(土地+建物),金門縣金寧鄉下堡１９９號三樓,19.92,其他,,,1070313,土地1建物1車位0,三層,三層,套房(1房1廳1衛),集合住宅,鋼筋混凝土造,1031113,36.72,1,1,1,有,無,2100000,57190,,0.0,0,,RPQNMLPLMHNFFAW27CA,29.56,0.0,2.8,,
金寧鄉,房地(土地+建物),金門縣金寧鄉安岐４８之１１號,49.52,其他,,,1070403,土地1建物1車位0,一層,三層,公寓(5樓含以下無電梯),集合住宅,鋼筋混凝土造,1050428,93.99,3,2,2,有,無,4700000,50005,,0.0,0,,RPSNMLPLMHNFFAW47CA,84.55,0.0,2.69,,
金寧鄉,房地(土地+建物),金門縣金寧鄉湖下２１３之７號二樓,61.96,其他,,,1070204,土地2建物1車位0,二層,三層,公寓(5樓含以下無電梯),集合住宅,鋼筋混凝土造,1061101,134.12,3,1,2,有,無,5300000,39517,,0.0,0,,RPTNMLPLMHNFFAW57CA,79.81,0.0,11.01,,
金寧鄉,土地,安西劃段847地號,564.91,農,,,1070409,土地1建物0車位0,,,其他,,,,0.0,0,0,0,有,無,2850000,5045,,0.0,0,,RPUOMLKMMHNFFAW37CA,0.0,0.0,0.0,,
金城鎮,房地(土地+建物),金門縣金城鎮金門城１０６之９號五樓,34.51,其他,,,1070412,土地1建物1車位0,五層,五層,華廈(10層含以下有電梯),集合住宅,鋼筋混凝土造,1070202,83.29,2,2,2,有,無,5200000,62432,,0.0,0,,RPQNMLLJNHNFFAW76CA,60.89,0.0,6.37,,
金城鎮,房地(土地+建物),金門縣金城鎮金門城１０６之10號五樓,34.51,其他,,,1070412,土地1建物1車位0,五層,五層,華廈(10層含以下有電梯),集合住宅,鋼筋混凝土造,1070202,83.29,2,2,2,有,無,5200000,62432,,0.0,0,,RPRNMLLJNHNFFAW86CA,60.89,0.0,6.37,,
金城鎮,房地(土地+建物),金門縣金城鎮金門城１０６之９號,34.51,其他,,,1070412,土地1建物1車位0,一層,五層,華廈(10層含以下有電梯),集合住宅,鋼筋混凝土造,1070202,76.92,3,1,2,有,無,5300000,68903,,0.0,0,,RPSNMLLJNHNFFAW96CA,60.89,0.0,0.0,,
金湖鎮,房地(土地+建物),金門縣金湖鎮武德新莊１２３號三樓,19.19,住,,,1070413,土地1建物1車位0,三層,五層,公寓(5樓含以下無電梯),集合住宅,鋼筋混凝土造,0990712,66.10000000000001,2,2,1,有,無,4000000,60514,,0.0,0,,RPRNMLNJNHNFFAW07CA,53.99,0.0,2.14,,
金湖鎮,房地(土地+建物),金門縣金湖鎮新湖里新頭337號,95.2,住,,,1070330,土地1建物1車位0,全,三層,透天厝,集合住宅,鋼筋混凝土造,1070205,154.11,5,2,5,有,無,8250000,53533,,0.0,0,,RPXNMLKMMHNFFAW67DA,150.89,0.0,3.22,,
金湖鎮,房地(土地+建物),金門縣金湖鎮新湖里新頭331號,81.22,住,,,1070330,土地1建物1車位0,全,三層,透天厝,集合住宅,鋼筋混凝土造,1070205,131.41,4,2,5,有,無,7500000,57073,,0.0,0,,RPPOMLKMMHNFFAW96DA,123.77,0.0,7.64,,
金湖鎮,房地(土地+建物),金門縣金湖鎮新湖里新頭329號,131.34,住,,,1070416,土地1建物1車位0,全,三層,透天厝,集合住宅,鋼筋混凝土造,1070205,131.41,4,2,5,有,無,8390000,63846,,0.0,0,,RPSOMLKMMHNFFAW27DA,123.73,0.0,7.68,,
金湖鎮,房地(土地+建物),金門縣金湖鎮新湖里新頭335號,88.88,住,,,1070416,土地1建物1車位0,全,三層,透天厝,集合住宅,鋼筋混凝土造,1070205,144.0,4,2,5,有,無,8000000,55556,,0.0,0,,RPTOMLKMMHNFFAW37DA,140.88,0.0,3.12,,
金湖鎮,建物,金門縣金湖鎮湖前３５之２號,0.0,,,,1070416,土地0建物1車位0,全,三層,透天厝,集合住宅,鋼筋混凝土造,1051018,130.08,3,2,2,有,無,4000000,30750,,0.0,0,,RPQNMLLKNHNFFAW86CA,114.17,0.0,15.91,,
金沙鎮,土地,斗門劃測段460地號,1600.1,農,,,1070423,土地1建物0車位0,,,其他,,,,0.0,0,0,0,有,無,8000000,5000,,0.0,0,,RPROMLLLNHNFFAW17CA,0.0,0.0,0.0,,
金城鎮,土地,北一段225-3地號,22.72,農,,,1070403,土地1建物0車位0,,,其他,,,,0.0,0,0,0,有,無,1020000,44894,,0.0,0,,RPUNMLLJNHNFFAW17CA,0.0,0.0,0.0,,
金沙鎮,土地,沙港劃段170地號,1000.07,農,,,1070412,土地1建物0車位0,,,其他,,,,0.0,0,0,0,有,無,2400000,2400,,0.0,0,,RPVNMLKMMHNFFAW37CA,0.0,0.0,0.0,,
金城鎮,房地(土地+建物),金門縣金城鎮民權路１１７號,89.63,商,,,1070416,土地1建物1車位0,全,三層,透天厝,住商用,鋼筋混凝土造,0600815,229.11,7,2,2,有,無,6580000,28720,,0.0,0,另有買受人。親友、員工或其他特殊關係間之交易。,RPWNMLKMMHNFFAW47CA,222.19,0.0,6.92,,
金寧鄉,房地(土地+建物),金門縣金寧鄉安岐４８之１１號二樓,49.7,其他,,,1070322,土地1建物1車位0,二層,三層,公寓(5樓含以下無電梯),集合住宅,鋼筋混凝土造,1050428,93.96000000000001,3,2,2,有,無,4650000,49489,,0.0,0,,RPROMLKMMHNFFAW07CA,80.24,0.0,6.94,,
金寧鄉,房地(土地+建物),金門縣金寧鄉林湖路２９５之３號,122.55,其他,,,1070418,土地1建物1車位0,全,三層,透天厝,住家用,鋼筋混凝土造,1040810,193.0,5,2,5,有,無,11500000,59585,,0.0,0,,RPSNMLRLMHNFFAW67CA,180.0,0.0,13.0,,
金寧鄉,房地(土地+建物),金門縣金寧鄉頂堡９７之５號二樓,52.89,住,,,1070420,土地2建物1車位0,二層,三層,公寓(5樓含以下無電梯),集合住宅,鋼筋混凝土造,1060505,117.77,3,2,2,有,無,6000000,50947,,0.0,0,,RPTNMLRLMHNFFAW77CA,87.44,0.0,5.42,,
金湖鎮,房地(土地+建物),金門縣金湖鎮市港三路１３７號,16.0,住,,,1070323,土地1建物1車位0,一層,七層,華廈(10層含以下有電梯),集合住宅,鋼筋混凝土造,1050617,80.16,2,1,1,有,無,5900000,73603,,0.0,0,,RPVNMLRLMHNFFAW97CA,56.0,0.0,0.66,,
金湖鎮,房地(土地+建物),金門縣金湖鎮塔后５０１號二樓之３,17.95,其他,,,1070412,土地1建物1車位0,二層,三層,套房(1房1廳1衛),集合住宅,鋼筋混凝土造,1060627,32.85,1,1,1,有,無,2050000,62405,,0.0,0,,RPXNMLRLMHNFFAW18CA,26.6,1.63,0.0,,
金沙鎮,土地,北九劃段1091地號,500.0,農,,,1070402,土地1建物0車位0,,,其他,,,,0.0,0,0,0,有,無,2200000,4400,,0.0,0,,RPPNMLKMMHNFFAW76CA,0.0,0.0,0.0,,
金寧鄉,土地,西山段190地號,1122.41,農,,,1070402,土地1建物0車位0,,,其他,,,,0.0,0,0,0,有,無,3850000,3430,,0.0,0,,RPQNMLKMMHNFFAW86CA,0.0,0.0,0.0,,
金城鎮,房地(土地+建物),金門縣金城鎮金門城１０６之９號四樓,34.51,其他,,,1070331,土地1建物1車位0,四層,五層,華廈(10層含以下有電梯),集合住宅,鋼筋混凝土造,1070202,83.29,3,1,2,有,無,4800000,57630,,0.0,0,,RPTNMLLJNHNFFAW07CA,60.89,0.0,6.37,,
金沙鎮,土地,沙港劃段155地號,930.01,農,,,1070402,土地1建物0車位0,,,其他,,,,0.0,0,0,0,有,無,5500000,5914,,0.0,0,,RPPNMLOJNHNFFAW96CA,0.0,0.0,0.0,,
金城鎮,土地,東沙段360地號,282.45,其他,,,1070419,土地1建物0車位0,,,其他,,,,0.0,0,0,0,有,無,338940,1200,,0.0,0,沒有通路之農地,RPQNMLOJNHNFFAW07CA,0.0,0.0,0.0,,
金城鎮,房地(土地+建物),金門縣金城鎮金門城６８之７號三樓,49.2,其他,,,1070329,土地1建物1車位0,三層,三層,公寓(5樓含以下無電梯),,,1051109,84.66,3,2,2,有,無,5500000,64966,,0.0,0,,RPRNMLOJNHNFFAW17CA,70.32,0.0,7.52,,
金城鎮,房地(土地+建物),金門縣金城鎮中興路２０５巷３之３號,47.96,商,,,1070327,土地1建物1車位0,全,五層,透天厝,住宅、停車空間,鋼筋混凝土造,0950815,190.97,5,0,5,有,無,10000000,52364,,0.0,0,,RPQNMLPJNHNFFAW17CA,190.97,0.0,0.0,,
金沙鎮,土地,北九劃段953地號,1000.0,農,,,1070403,土地1建物0車位0,,,其他,,,,0.0,0,0,0,有,無,2800000,2800,,0.0,0,,RPRNMLRJNHNFFAW47CA,0.0,0.0,0.0,,
金寧鄉,土地,后垵段269地號,1050.92,其他,,,1070409,土地1建物0車位0,,,其他,,,,0.0,0,0,0,有,無,28200000,26834,,0.0,0,,RPSNMLRJNHNFFAW57CA,0.0,0.0,0.0,,
金湖鎮,房地(土地+建物),金門縣金湖鎮料羅新村５４３號,168.0,住,,,1070420,土地3建物1車位0,全,三層,透天厝,住家用,鋼筋混凝土造,1051006,208.78,6,2,4,有,無,10000000,47897,,0.0,0,,RPQNMLTJNHNFFAW57CA,196.58,0.0,12.2,,
金湖鎮,房地(土地+建物),金門縣金湖鎮料羅新村５４５號,168.0,住,,,1070421,土地3建物1車位0,全,三層,透天厝,住家用,鋼筋混凝土造,1051006,208.78,6,2,4,有,無,10200000,48855,,0.0,0,,RPRNMLTJNHNFFAW67CA,196.58,0.0,12.2,,
金寧鄉,土地,寧湖二劃測段824-1地號,508.0,農,,,1070418,土地1建物0車位0,,,其他,,,,0.0,0,0,0,有,無,3100000,6102,,0.0,0,,RPPOMLNLNHNFFAW17CA,0.0,0.0,0.0,,
金城鎮,土地,古崗村段411地號,144.0,其他,,,1070427,土地1建物0車位0,,,其他,,,,0.0,0,0,0,有,無,3200000,22222,,0.0,0,,RPXNMLLJOHNFFAW67DA,0.0,0.0,0.0,,
金寧鄉,房地(土地+建物),金門縣金寧鄉中堡8之6號四樓,38.98,住,,,1061231,土地1建物1車位0,四層,五層,華廈(10層含以下有電梯),,,1070202,89.77000000000001,3,2,2,有,無,4400000,49014,,0.0,0,,RPUNMLOJNHNFFAW57DA,61.74,4.73,5.82,,
金城鎮,房地(土地+建物),金門縣金城鎮後豐港３６之５號,53.1,住,,,1070424,土地3建物1車位0,一層,三層,公寓(5樓含以下無電梯),集合住宅,鋼筋混凝土造,1011226,95.13,2,1,2,有,無,5500000,57816,,0.0,0,,RPPNMLNLNHNFFAW07CA,80.0,0.0,2.46,,
金城鎮,房地(土地+建物),金門縣金城鎮大學路５３巷１５號,807.02,農,,,1070418,土地3建物1車位0,一層，二層，三層,三層,農舍,集村農舍,鋼筋混凝土造,1011108,328.88,12,1,12,有,無,12000000,,,0.0,0,,RPUNMLLKNHNFFAW27CA,309.84,0.0,19.04,,
金湖鎮,土地,湖前段1328地號,106.25,住,,,1070416,土地1建物0車位0,,,其他,,,,0.0,0,0,0,有,無,4000000,37647,,0.0,0,,RPRNMLLKNHNFFAW96CA,0.0,0.0,0.0,,
金湖鎮,建物,金門縣金湖鎮湖前３５之３號,0.0,,,,1060416,土地0建物1車位0,全,三層,透天厝,集合住宅,鋼筋混凝土造,1051018,129.81,3,2,2,有,無,4000000,30814,,0.0,0,,RPSNMLLKNHNFFAW07CA,113.68,0.0,16.13,,
金寧鄉,土地,后湖段507地號,441.19,農,,,1070419,土地1建物0車位0,,,其他,,,,0.0,0,0,0,有,無,430000,975,,0.0,0,,RPSNMLTJNHNFFAW77CA,0.0,0.0,0.0,,
金沙鎮,土地,沙溪一劃段452地號,933.08,農,,,1070406,土地1建物0車位0,,,其他,,,,0.0,0,0,0,有,無,3100000,3322,,0.0,0,,RPPNMLKKNHNFFAW66CA,0.0,0.0,0.0,,
金沙鎮,土地,洋山測段494地號,1467.74,農,,,1070412,土地2建物0車位0,,,其他,,,,0.0,0,0,0,有,無,1900000,1295,,0.0,0,,RPPNMLRJNHNFFAW27CA,0.0,0.0,0.0,,
金寧鄉,土地,后湖段4地號,1663.89,其他,,,1070417,土地2建物0車位0,,,其他,,,,0.0,0,0,0,有,無,9400000,5649,,0.0,0,,RPUNMLRJNHNFFAW77CA,0.0,0.0,0.0,,
金寧鄉,土地,青山段432地號,1117.51,農,,,1070409,土地1建物0車位0,,,其他,,,,0.0,0,0,0,有,無,4800000,4295,,0.0,0,,RPQNMLSJNHNFFAW47CA,0.0,0.0,0.0,,
金城鎮,房地(土地+建物),金門縣金城鎮中興路６７巷５之１號三樓,41.12,住,,,1070402,土地1建物1車位0,三層,三層,公寓(5樓含以下無電梯),住家用,鋼筋混凝土造,0920629,94.28,3,1,2,有,無,8000000,84854,,0.0,0,,RPRNMLSJNHNFFAW57CA,81.49,0.0,6.04,,
金寧鄉,土地,寧湖三劃段49地號,386.5,其他,,,1070501,土地1建物0車位0,,,其他,,,,0.0,0,0,0,有,無,2000000,5175,,0.0,0,,RPPNMLTJNHNFFAW57DA,0.0,0.0,0.0,,
金沙鎮,土地,高坑劃測段542地號,985.92,農,,,1070504,土地1建物0車位0,,,其他,,,,0.0,0,0,0,有,無,4100000,4159,,0.0,0,,RPQOMLKMNHNFFAW07CA,0.0,0.0,0.0,,
金湖鎮,土地,新頭段1450-1地號,61.82,住,,,1070426,土地1建物0車位0,,,其他,,,,0.0,0,0,0,有,無,3000000,48528,,0.0,0,,RPTNMLLKNHNFFAW17CA,0.0,0.0,0.0,,
金湖鎮,房地(土地+建物),金門縣金湖鎮小徑１１２號,45.0,其他,,,1070426,土地1建物1車位0,全,二層,透天厝,店屋,鋼筋混凝土造,0700110,87.34,0,0,0,無,無,2100000,24044,,0.0,0,屋齡老舊毛胚屋,RPWNMLLKNHNFFAW47CA,83.27,0.0,4.07,,
金城鎮,土地,庵前劃測段706地號,942.02,農,,,1070426,土地2建物0車位0,,,其他,,,,0.0,0,0,0,有,無,1300000,1380,,0.0,0,,RPQNMLKKNHNFFAW76CA,0.0,0.0,0.0,,
金寧鄉,土地,北二三劃測段413-1地號,500.01,農,,,1070427,土地1建物0車位0,,,其他,,,,0.0,0,0,0,有,無,2800000,5600,,0.0,0,,RPQOMLLLNHNFFAW07CA,0.0,0.0,0.0,,
金湖鎮,土地,夏興段1229-1地號,367.0,住,,,1070423,土地1建物0車位0,,,其他,,,,0.0,0,0,0,有,無,11010000,30000,,0.0,0,,RPQNMLNLNHNFFAW17CA,0.0,0.0,0.0,,
金城鎮,建物,金門縣金城鎮金門城68之3號,472.0,住,,,1070410,土地0建物1車位0,全,四層,透天厝,住家用,鋼筋混凝土造,1070227,952.65,22,23,1,有,無,50000000,52485,,0.0,0,,RPPNMLPKNHNFFAW27DA,866.69,0.0,85.96,,
