﻿鄉鎮市區,交易標的,土地位置建物門牌,土地移轉總面積平方公尺,都市土地使用分區,非都市土地使用分區,非都市土地使用編定,交易年月日,交易筆棟數,移轉層次,總樓層數,建物型態,主要用途,主要建材,建築完成年月,建物移轉總面積平方公尺,建物現況格局-房,建物現況格局-廳,建物現況格局-衛,建物現況格局-隔間,有無管理組織,總價元,單價元平方公尺,車位類別,車位移轉總面積(平方公尺),車位總價元,備註,編號,主建物面積,附屬建物面積,陽台面積,電梯,移轉編號
The villages and towns urban district,transaction sign,land sector position building sector house number plate,land shifting total area square meter,the use zoning or compiles and checks,the non-metropolis land use district,non-metropolis land use,transaction year month and day,transaction pen number,shifting level,total floor number,building state,main use,main building materials,construction to complete the years,building shifting total area,Building present situation pattern - room,building present situation pattern - hall,building present situation pattern - health,building present situation pattern - compartmented,Whether there is manages the organization,total price NTD,the unit price (NTD / square meter),the berth category,berth shifting total area square meter,the berth total price NTD,the note,serial number,,,,,
馬公市,土地,北極段237地號,1134.14,農,,,1070130,土地1建物0車位0,,,其他,,,,0.0,0,0,0,有,無,6250000,5511,,0.0,0,,RPQNMLNKKHNFFAX86CA,0.0,0.0,0.0,,
馬公市,土地,興崁段869地號,357.8,,一般農業區,農牧用地,1070115,土地1建物0車位0,,,其他,,,,0.0,0,0,0,有,無,1407000,3932,,0.0,0,申請不課徵土地增值稅,RPRNMLNKKHNFFAX96CA,0.0,0.0,0.0,,
馬公市,房地(土地+建物),澎湖縣馬公市鐵線尾２４之１４號,93.26,,鄉村區,乙種建築用地,1061231,土地1建物1車位0,全,三層,透天厝,住家用,鋼筋混凝土加強磚造,0731109,114.39,4,2,2,有,無,3800000,33220,,0.0,0,,RPUNMLNKKHNFFAX27CA,114.39,0.0,0.0,,
湖西鄉,土地,南寮北段706地號,1475.39,,一般農業區,農牧用地,1070114,土地2建物0車位0,,,其他,,,,0.0,0,0,0,有,無,2000000,1356,,0.0,0,親友間之交易。,RPPNMLMJLHNFFAX66CA,0.0,0.0,0.0,,
馬公市,房地(土地+建物),澎湖縣馬公市貿商街１２７號七樓之五,26.95,住,,,1061229,土地1建物1車位0,七層,十二層,住宅大樓(11層含以上有電梯),集合住宅,鋼筋混凝土造,0950629,181.29000000000002,3,2,2,有,有,4700000,25925,,0.0,0,,RPQNMLOKNHOFFAX37CA,96.88,0.0,11.16,,
馬公市,房地(土地+建物),澎湖縣馬公市大仁街38號,49.5,商,,,1070112,土地2建物1車位0,全,五層,透天厝,住商用,鋼筋混凝土造,0750203,244.6,6,2,5,有,無,4370000,17866,,0.0,0,親友、員工或其他特殊關係間之交易。,RPVNMLNKKHNFFAX47DA,244.61,0.0,0.0,,
馬公市,土地,馬公段533地號,274.0,商,,,1070201,土地1建物0車位0,,,其他,,,,0.0,0,0,0,有,無,22380000,81679,,0.0,0,,RPQNMLMLKHNFFAX96DA,0.0,0.0,0.0,,
馬公市,土地,東衛段500地號,328.42,,一般農業區,農牧用地,1070207,土地3建物0車位0,,,其他,,,,0.0,0,0,0,有,無,650000,1979,,0.0,0,,RPSNMLNKKHNFFAX27EA,0.0,0.0,0.0,,
西嶼鄉,土地,竹灣段2011地號,1242.74,,一般農業區,農牧用地,1070118,土地2建物0車位0,,,其他,,,,0.0,0,0,0,有,無,600000,483,,0.0,0,親友、員工或其他特殊關係間之交易。,RPSNMLOKKHNFFAX37EA,0.0,0.0,0.0,,
馬公市,房地(土地+建物),澎湖縣馬公市朝陽路１６５號,64.42,住,,,1070202,土地1建物1車位0,全,三層,透天厝,住家用,鋼筋混凝土造,1041016,141.07,3,1,3,有,無,3020372,21410,,0.0,0,親友、員工或其他特殊關係間之交易。,RPPNMLMKLHNFFAX96EA,141.07,0.0,0.0,,
湖西鄉,土地,鼎灣新段1432地號,5406.8,,一般農業區,農牧用地,1061230,土地2建物0車位0,,,其他,,,,0.0,0,0,0,有,無,9870000,1825,,0.0,0,,RPPNMLLJLHNFFAX66DA,0.0,0.0,0.0,,
馬公市,房地(土地+建物),澎湖縣馬公市光復路１５０號六樓,29.26,住,,,1070115,土地2建物1車位0,六層,七層,華廈(10層含以下有電梯),住家用,鋼筋混凝土造,0830303,145.37,3,2,2,有,有,5300000,36459,,0.0,0,,RPTNMLLLKHNFFAX07CA,104.81,8.71,0.0,,
馬公市,房地(土地+建物),澎湖縣馬公市東文澳１０８之４１,53.19,,鄉村區,乙種建築用地,1070130,土地1建物1車位0,全,二層,透天厝,住家用,鋼筋混凝土加強磚造,0741120,96.0,3,2,2,有,無,3500000,36458,,0.0,0,,RPPNMLRLKHNFFAX27CA,96.0,0.0,0.0,,
白沙鄉,土地,通梁中段138地號,490.1,,一般農業區,農牧用地,1070207,土地1建物0車位0,,,其他,,,,0.0,0,0,0,有,無,459575,938,,0.0,0,,RPQNMLNJLHNFFAX86CA,0.0,0.0,0.0,,
湖西鄉,土地,紅羅段376-2地號,83.59,,鄉村區,乙種建築用地,1070206,土地1建物0車位0,,,其他,,,,0.0,0,0,0,有,無,200000,2393,,0.0,0,權利人2人親友、員工或其他特殊關係間之交易。,RPPNMLQJLHNFFAX17DA,0.0,0.0,0.0,,
馬公市,土地,東澳段429地號,25.34,住,,,1070208,土地2建物0車位0,,,其他,,,,0.0,0,0,0,有,無,446000,17601,,0.0,0,,RPQNMLMJLHNFFAX96EA,0.0,0.0,0.0,,
馬公市,土地,五福段396地號,166.54,,鄉村區,國土保安用地,1070202,土地1建物0車位0,,,其他,,,,0.0,0,0,0,有,無,5284314,31730,,0.0,0,,RPPNMLNLKHNFFAX07EA,0.0,0.0,0.0,,
湖西鄉,土地,湖東新段1572地號,1844.81,,一般農業區,農牧用地,1070208,土地3建物0車位0,,,其他,,,,0.0,0,0,0,有,無,600000,325,,0.0,0,賣方賣清價,RPPNMLSLKHNFFAX47DA,0.0,0.0,0.0,,
馬公市,房地(土地+建物),澎湖縣馬公市文山路27巷1號八樓之2,27.74,住,,,1070112,土地2建物1車位0,八層,八層,華廈(10層含以下有電梯),住家用,鋼筋混凝土造,0860628,145.98,3,2,2,有,有,3800000,26031,,0.0,0,,RPQNMLSLKHNFFAX57DA,97.86,0.0,14.14,,
馬公市,土地,雙湖段964-4地號,88.66,,鄉村區,乙種建築用地,1070124,土地1建物0車位0,,,其他,,,,0.0,0,0,0,有,無,1233000,13907,,0.0,0,,RPPNMLNJLHNFFAX76CA,0.0,0.0,0.0,,
馬公市,土地,烏崁新段1198-23地號,19.19,,鄉村區,乙種建築用地,1070206,土地1建物0車位0,,,其他,,,,0.0,0,0,0,有,無,308767,16090,,0.0,0,向政府機關承購之案件。,RPWNMLMKLHNFFAX57DA,0.0,0.0,0.0,,
白沙鄉,土地,後寮段2606地號,136.0,,鄉村區,乙種建築用地,1060929,土地1建物0車位0,,,其他,,,,0.0,0,0,0,有,無,440650,3240,,0.0,0,向政府機關承購之案件。,RPQNMLKLLHNFFAX86DA,0.0,0.0,0.0,,
馬公市,土地,馬公段1841-2地號,55.0,住,,,1070212,土地1建物0車位0,,,其他,,,,0.0,0,0,0,有,無,3000000,54545,,0.0,0,,RPRNMLTKLHNFFAX67CA,0.0,0.0,0.0,,
馬公市,房地(土地+建物),澎湖縣馬公市文山路２７巷８號七樓之２,21.92,住,,,1070210,土地1建物1車位0,七層,十層,華廈(10層含以下有電梯),集合住宅,鋼筋混凝土造,1060328,93.82,2,2,1,有,有,5200000,55425,,0.0,0,,RPQNMLMKLHNFFAX86CA,56.72,9.41,0.0,,
馬公市,房地(土地+建物)+車位,澎湖縣馬公市三多路455號七樓之一,31.36,住,,,1070208,土地1建物1車位1,七層,七層,華廈(10層含以下有電梯),住家用,鋼筋混凝土造,0860710,162.19,3,1,2,有,無,4900000,30211,坡道平面,5.76,0,,RPRNMLLJLHNFFAX86DA,99.18,13.4,0.0,,
馬公市,土地,五福段67-2地號,405.48,,一般農業區,農牧用地,1070214,土地1建物0車位0,,,其他,,,,0.0,0,0,0,有,無,6377800,15729,,0.0,0,,RPPNMLOJLHNFFAX86CA,0.0,0.0,0.0,,
馬公市,車位,澎湖縣馬公市文山路２７巷８之１號,0.16,住,,,1070208,土地0建物0車位1,,,其他,,,,23.31,0,0,0,有,有,500000,,坡道平面,23.31,500000,因661建號原6個車位賣出1個車位，餘5個車位，所以固必須重新出狀。,RPRNMLMKLHNFFAX96CA,0.0,0.0,0.0,,
湖西鄉,土地,南寮北段701地號,675.34,,鄉村區,乙種建築用地,1070115,土地1建物0車位0,,,其他,,,,0.0,0,0,0,有,無,850000,1259,,0.0,0,親友、員工或其他特殊關係間之交易。,RPPNMLSLLHNFFAX47CA,0.0,0.0,0.0,,
白沙鄉,土地,赤崁中段381地號,1017.01,,一般農業區,農牧用地,1070111,土地1建物0車位0,,,其他,,,,0.0,0,0,0,有,無,14560000,14316,,0.0,0,共有人5人。專案核准興建住宅,RPPNMLPLLHNFFAX27DA,0.0,0.0,0.0,,
馬公市,房地(土地+建物),澎湖縣馬公市文明路137號,127.73,住,,,1070130,土地1建物1車位0,全,四層,透天厝,住家用,鋼筋混凝土造,1061221,360.6,6,3,7,有,無,19500000,54077,,0.0,0,,RPQNMLRKLHNFFAX47DA,333.13,27.47,0.0,,
馬公市,房地(土地+建物),澎湖縣馬公市朝陽路189巷6號,80.72,住,,,1070122,土地1建物1車位0,全,二層,透天厝,住家用,鋼筋混凝土加強磚造,0670802,83.3,4,2,2,有,無,5800000,69628,,0.0,0,,RPSNMLTJLHNFFAX77DA,83.3,0.0,0.0,,
馬公市,土地,五福段814-4地號,536.24,,一般農業區,農牧用地,1070221,土地2建物0車位0,,,其他,,,,0.0,0,0,0,有,無,17980000,33530,,0.0,0,權利人數：2人變更起造人，含未來興建房屋之費用。,RPQNMLSLLHNFFAX57CA,0.0,0.0,0.0,,
馬公市,土地,東衛段62地號,848.45,,一般農業區,農牧用地,1061231,土地1建物0車位0,,,其他,,,,0.0,0,0,0,有,無,26500000,31233,,0.0,0,權利人共五人興建共五戶二戶為親友間交易無買賣價格申報含未來興建三戶之房屋價款,RPUNMLKMLHNFFAX27CA,0.0,0.0,0.0,,
湖西鄉,土地,城北段262地號,731.83,,一般農業區,農牧用地,1070212,土地1建物0車位0,,,其他,,,,0.0,0,0,0,有,無,6200000,8472,,0.0,0,親友、員工或其他特殊關係間之交易。,RPQNMLRJLHNFFAX27CA,0.0,0.0,0.0,,
西嶼鄉,土地,橫礁段621地號,77.58,,風景區,農牧用地,1070126,土地1建物0車位0,,,其他,,,,0.0,0,0,0,有,無,190000,2449,,0.0,0,向政府機關承購之案件。,RPPNMLSJLHNFFAX27CA,0.0,0.0,0.0,,
西嶼鄉,土地,橫礁段621地號,77.58,,風景區,農牧用地,1070126,土地1建物0車位0,,,其他,,,,0.0,0,0,0,有,無,190000,2449,,0.0,0,向政府機關承購之案件。,RPQNMLSJLHNFFAX37CA,0.0,0.0,0.0,,
西嶼鄉,土地,橫礁段621地號,155.17,,風景區,農牧用地,1070126,土地1建物0車位0,,,其他,,,,0.0,0,0,0,有,無,380000,2449,,0.0,0,,RPRNMLSJLHNFFAX47CA,0.0,0.0,0.0,,
湖西鄉,土地,湖東新段1556地號,1329.12,,一般農業區,農牧用地,1070221,土地1建物0車位0,,,其他,,,,0.0,0,0,0,有,無,1080000,813,,0.0,0,土地增值稅由買方負擔。,RPPNMLRJLHNFFAX17CA,0.0,0.0,0.0,,
馬公市,車位,澎湖縣馬公市文山路２７巷８之1號,0.16,住,,,1070208,土地0建物0車位1,,,其他,,,,23.31,0,0,0,有,有,700000,,坡道平面,23.31,700000,因661建號原5個車位賣出1個車位，餘4個車位，所以固必須重新出狀。,RPTNMLMKLHNFFAX17CA,0.0,0.0,0.0,,
馬公市,房地(土地+建物),澎湖縣馬公市光復路３８８號,54.06,,鄉村區,乙種建築用地,1070227,土地1建物1車位0,全,三層,透天厝,住家用,鋼筋混凝土加強磚造,0690107,99.2,3,2,3,有,無,3000000,30242,,0.0,0,,RPQNMLQJLHNFFAX37EA,99.2,0.0,0.0,,
馬公市,車位,澎湖縣馬公市文山路２７巷８之１號,0.16,住,,,1070210,土地0建物0車位1,,,其他,,,,23.31,0,0,0,有,有,700000,,坡道平面,23.31,700000,因661建號原4個車位賣出1個車位，餘3個車位，所以固必須重新出狀。,RPUNMLMKLHNFFAX27CA,0.0,0.0,0.0,,
白沙鄉,土地,鎮海新段1125地號,529.59,,一般農業區,農牧用地,1070129,土地2建物0車位0,,,其他,,,,0.0,0,0,0,有,無,450000,850,,0.0,0,親友、員工或其他特殊關係間之交易。,RPVNMLMKLHNFFAX37CA,0.0,0.0,0.0,,
白沙鄉,土地,鎮海新段985地號,457.83,,一般農業區,農牧用地,1070129,土地1建物0車位0,,,其他,,,,0.0,0,0,0,有,無,225000,491,,0.0,0,親友、員工或其他特殊關係間之交易。,RPSNMLMKLHNFFAX07CA,0.0,0.0,0.0,,
馬公市,房地(土地+建物),澎湖縣馬公市光復路２９５之１號,22.72,住,,,1070212,土地3建物1車位0,一層,七層,華廈(10層含以下有電梯),住家用,鋼筋混凝土造,0860320,123.75,1,1,2,有,無,3340000,26990,,0.0,0,權利人數：2人親友、員工或其他特殊關係間之交易。,RPTNMLTJLHNFFAX77CA,93.77,0.0,0.0,,
馬公市,建物,澎湖縣馬公市東衛１５５之８號,0.0,,,,1070104,土地0建物1車位0,全,三層,透天厝,住家用,鋼筋混凝土造,0830603,184.96,4,2,3,有,無,1300000,7029,,0.0,0,親友、員工或其他特殊關係間之交易。,RPPNMLLKLHNFFAX66CA,169.02,15.94,0.0,,
馬公市,土地,東衛段1513地號,313.09,,一般農業區,農牧用地,1070209,土地1建物0車位0,,,其他,,,,0.0,0,0,0,有,無,663000,2118,,0.0,0,,RPQNMLTJLHNFFAX47CA,0.0,0.0,0.0,,
馬公市,土地,東澳段594地號,26.52,住,,,1070221,土地1建物0車位0,,,其他,,,,0.0,0,0,0,有,無,0,0,,0.0,0,土地及建物分次登記案件，後案建物登記收件字號008830 共 1筆，權利人共1人，此案為合建分售案,RPQNMLNKLHNFFAX96CA,0.0,0.0,0.0,,
馬公市,房地(土地+建物),澎湖縣馬公市文山路２７巷８號三樓之１,26.52,住,,,1070221,土地1建物1車位0,三層,十層,華廈(10層含以下有電梯),集合住宅,鋼筋混凝土造,1060328,113.25,3,2,2,有,無,5750000,50773,,0.0,0,土地及建物分次登記案件， 含土地款172.5萬 ，此案為合建分售案,RPRNMLNKLHNFFAX07CA,70.51,9.31,0.0,,
馬公市,土地,中山段321-1地號,19.92,住,,,1070212,土地1建物0車位0,,,其他,,,,0.0,0,0,0,有,無,670308,33650,,0.0,0,向政府機關承購之案件。,RPSNMLRKLHNFFAX57CA,0.0,0.0,0.0,,
馬公市,土地,興仁段832地號,2488.52,,一般農業區,農牧用地,1061231,土地1建物0車位0,,,其他,,,,0.0,0,0,0,有,無,11040000,4436,,0.0,0,,RPQNMLPLLHNFFAX27CA,0.0,0.0,0.0,,
馬公市,房地(土地+建物),澎湖縣馬公市鎖港里997號,80.67,住,,,1070221,土地1建物1車位0,全,三層,透天厝,住商用,鋼筋混凝土造,0840704,179.72,4,1,3,有,無,3520000,19586,,0.0,0,,RPRNMLTJLHNFFAX67DA,164.62,15.1,0.0,,
湖西鄉,土地,龍門南段408-7地號,107.15,,一般農業區,農牧用地,1070301,土地2建物0車位0,,,其他,,,,0.0,0,0,0,有,無,400000,3733,,0.0,0,親友、員工或其他特殊關係間之交易。,RPWNMLMKLHNFFAX67EA,0.0,0.0,0.0,,
西嶼鄉,土地,二崁南段1046地號,395.52,,一般農業區,農牧用地,1070212,土地2建物0車位0,,,其他,,,,0.0,0,0,0,有,無,838000,2119,,0.0,0,,RPPNMLNKLHNFFAX96DA,0.0,0.0,0.0,,
西嶼鄉,土地,二崁南段1043地號,1156.73,,一般農業區,農牧用地,1070206,土地2建物0車位0,,,其他,,,,0.0,0,0,0,有,無,2180000,1885,,0.0,0,,RPQNMLTKLHNFFAX67DA,0.0,0.0,0.0,,
西嶼鄉,土地,二崁南段1386-7地號,357.37,,風景區,丙種建築用地,1070227,土地2建物0車位0,,,其他,,,,0.0,0,0,0,有,無,6480000,18132,,0.0,0,,RPSNMLTKLHNFFAX77CA,0.0,0.0,0.0,,
馬公市,房地(土地+建物),澎湖縣馬公市永和街３２巷２０號,73.8,住,,,1070222,土地1建物1車位0,全,二層,透天厝,住家用,鋼筋混凝土加強磚造,0671122,84.18,3,1,1,有,無,6800000,80779,,0.0,0,,RPQNMLPKLHNFFAX17CA,84.18,0.0,0.0,,
馬公市,房地(土地+建物)+車位,澎湖縣馬公市五福路３巷４３號四樓之四,52.8,,鄉村區,乙種建築用地,1070213,土地1建物1車位1,四層，夾層,四層,公寓(5樓含以下無電梯),住家用,鋼筋混凝土造,0840530,128.79,4,2,2,有,無,4500000,34941,一樓平面,0.0,0,,RPSNMLSLLHNFFAX77CA,101.75,7.92,0.0,,
湖西鄉,土地,許家段256地號,943.3,,一般農業區,農牧用地,1061231,土地1建物0車位0,,,其他,,,,0.0,0,0,0,有,無,37920000,40199,,0.0,0,權利人共四人含未來興建四戶之房屋價款,RPPNMLTJMHNFFAX47CA,0.0,0.0,0.0,,
白沙鄉,土地,中屯新段1045地號,481.21,,鄉村區,乙種建築用地,1070305,土地1建物0車位0,,,其他,,,,0.0,0,0,0,有,無,3800000,7897,,0.0,0,,RPPNMLOKLHNFFAX17EA,0.0,0.0,0.0,,
西嶼鄉,土地,池東段1305地號,82.84,,鄉村區,乙種建築用地,1070308,土地1建物0車位0,,,其他,,,,0.0,0,0,0,有,無,281656,3400,,0.0,0,親友、員工或其他特殊關係間之交易。,RPPNMLPKLHNFFAX27EA,0.0,0.0,0.0,,
馬公市,土地,光榮段294地號,1222.34,其他,,,1070304,土地1建物0車位0,,,其他,,,,0.0,0,0,0,有,無,36303000,29700,,0.0,0,包含公共設施保留地之交易。,RPQNMLOKLHNFFAX07CA,0.0,0.0,0.0,,
馬公市,土地,鎖港西段157-1地號,17.51,住,,,1070222,土地1建物0車位0,,,其他,,,,0.0,0,0,0,有,無,197163,11260,,0.0,0,向政府機關承購之案件。,RPRNMLOKLHNFFAX17CA,0.0,0.0,0.0,,
馬公市,房地(土地+建物),澎湖縣馬公市光復路２８６號,120.0,農,,,1061128,土地1建物1車位0,全,四層,透天厝,住商用,鋼筋混凝土造,1060602,272.11,6,2,7,有,無,19600000,72030,,0.0,0,,RPQNMLNLLHNFFAX07CA,248.21,23.9,0.0,,
馬公市,房地(土地+建物),澎湖縣馬公市朝陽路８６之１號三樓,22.17,住,,,1070302,土地2建物1車位0,三層,五層,公寓(5樓含以下無電梯),住家用,鋼筋混凝土造,0840715,70.13,1,1,1,有,無,2500000,35648,,0.0,0,,RPQNMLTJMHNFFAX57CA,51.72,0.0,6.15,,
湖西鄉,土地,城北段991地號,1125.29,,一般農業區,農牧用地,1061205,土地1建物0車位0,,,其他,,,,0.0,0,0,0,有,無,7250000,6443,,0.0,0,,RPTNMLLKMHNFFAX17CA,0.0,0.0,0.0,,
馬公市,房地(土地+建物),澎湖縣馬公市後窟潭6之50號,302.74,,一般農業區,甲種建築用地,1070301,土地2建物1車位0,全,三層,透天厝,住家用,鋼筋混凝土造,1060822,357.62,7,1,8,有,無,11900000,33276,,0.0,0,土地增值稅權利人負擔,RPRNMLLKMHNFFAX07DA,343.21,14.41,0.0,,
湖西鄉,土地,成功北段770地號,1683.03,,一般農業區,農牧用地,1061229,土地1建物0車位0,,,其他,,,,0.0,0,0,0,有,無,42380000,25181,,0.0,0,權利人為8人，含未來興建8戶房屋價款。,RPQOMLKKMHNFFAX86CA,0.0,0.0,0.0,,
馬公市,土地,文澳段2279地號,147.0,住,,,1070126,土地1建物0車位0,,,其他,,,,0.0,0,0,0,有,無,7700000,52381,,0.0,0,親友、員工或其他特殊關係間之交易。,RPTNMLTKLHNFFAX87CA,0.0,0.0,0.0,,
白沙鄉,土地,小赤段384地號,448.09,,一般農業區,農牧用地,1070215,土地1建物0車位0,,,其他,,,,0.0,0,0,0,有,無,1650000,3682,,0.0,0,,RPPNMLTKLHNFFAX47CA,0.0,0.0,0.0,,
馬公市,土地,六合段396地號,205.03,,一般農業區,農牧用地,1070305,土地1建物0車位0,,,其他,,,,0.0,0,0,0,有,無,16000000,78037,,0.0,0,農變建之起造人變更含未來興建房屋價款,RPRNMLRKLHNFFAX47CA,0.0,0.0,0.0,,
馬公市,房地(土地+建物),澎湖縣馬公市重光里後窟潭10之3號,64.94,,鄉村區,乙種建築用地,1070312,土地1建物1車位0,全,三層,透天厝,住家用,鋼筋混凝土造,0820105,154.1,4,2,3,有,無,6000000,38936,,0.0,0,親友、員工或其他特殊關係間之交易。,RPQNMLMJMHNFFAX96DA,152.3,1.8,0.0,,
西嶼鄉,土地,橫礁段480地號,369.0,,鄉村區,乙種建築用地,1070312,土地2建物0車位0,,,其他,,,,0.0,0,0,0,有,無,1800000,4878,,0.0,0,包含土地增值稅,RPUNMLTKLHNFFAX08DA,0.0,0.0,0.0,,
馬公市,房地(土地+建物)+車位,澎湖縣馬公市文山路２７巷８號四樓,33.67,住,,,1070302,土地1建物1車位1,四層,十層,華廈(10層含以下有電梯),集合住宅,鋼筋混凝土造,1060328,164.67000000000002,3,2,2,有,無,7800000,50930,坡道平面,23.3,600000,權利人共二人,RPPNMLMLLHNFFAX86CA,88.1,12.94,0.0,,
馬公市,房地(土地+建物)+車位,澎湖縣馬公市文山路２７巷８之１號,31.92,住,,,1070221,土地1建物1車位2,一層,十層,華廈(10層含以下有電梯),集合住宅,鋼筋混凝土造,1060328,180.29000000000002,3,2,2,有,有,12900000,86020,坡道平面,46.6,1400000,,RPQNMLMLLHNFFAX96CA,83.33,8.82,0.0,,
白沙鄉,土地,赤崁中段1046地號,1050.13,,一般農業區,農牧用地,1070115,土地11建物0車位0,,,其他,,,,0.0,0,0,0,有,無,2680000,2552,,0.0,0,受債權債務影響或債務抵償之交易。,RPPNMLNLLHNFFAX96CA,0.0,0.0,0.0,,
馬公市,房地(土地+建物),澎湖縣馬公市大智街１８巷２０弄１號,44.0,商,,,1070301,土地1建物1車位0,全,四層,透天厝,住商用,鋼筋混凝土造,0690212,141.2,4,2,2,有,無,6960000,49292,,0.0,0,賣方賣清價,RPQNMLLLLHNFFAX86CA,141.2,0.0,0.0,,
馬公市,土地,興崁段533-16地號,274.37,,一般農業區,甲種建築用地,1061208,土地2建物0車位0,,,其他,,,,0.0,0,0,0,有,無,6500000,23691,,0.0,0,農變建變更起造人，含未來興建1戶房屋價款。,RPTOMLKKMHNFFAX17CA,0.0,0.0,0.0,,
馬公市,土地,中衛段1661-2地號,675.44,,一般農業區,農牧用地,1061229,土地1建物0車位0,,,其他,,,,0.0,0,0,0,有,無,23180000,34318,,0.0,0,權利人為3人，含未來興建3戶房屋價款。,RPPNMLLKMHNFFAX76CA,0.0,0.0,0.0,,
馬公市,土地,埕東段235地號,1370.01,住,,,1070118,土地3建物0車位0,,,其他,,,,0.0,0,0,0,有,無,73338000,53531,,0.0,0,,RPRNMLNLLHNFFAX17CA,0.0,0.0,0.0,,
馬公市,土地,四維段543地號,250.59,農,,,1070316,土地1建物0車位0,,,其他,,,,0.0,0,0,0,有,無,3032000,12099,,0.0,0,,RPPNMLQLLHNFFAX27CA,0.0,0.0,0.0,,
馬公市,土地,光華段223-1地號,2975.56,,一般農業區,農牧用地,1070314,土地2建物0車位0,,,其他,,,,0.0,0,0,0,有,無,14400000,4839,,0.0,0,親友、員工或其他特殊關係間之交易。；權利人共2位,RPPNMLKLLHOFFAX76CA,0.0,0.0,0.0,,
湖西鄉,房地(土地+建物),澎湖縣湖西鄉良文港36號,109.01,,鄉村區,乙種建築用地,1070315,土地1建物1車位0,全,一層,透天厝,住家用,造,0030101,99.64,2,1,1,有,無,660000,6624,,0.0,0,親友、員工或其他特殊關係間之交易。,RPRNMLSLLHNFFAX77DA,99.64,0.0,0.0,,
馬公市,土地,興崁段535地號,972.07,,一般農業區,農牧用地,1070225,土地1建物0車位0,,,其他,,,,0.0,0,0,0,有,無,33600000,34565,,0.0,0,權利人共四人  含未來興建四戶之房屋價格,RPSNMLSKMHNFFAX87DA,0.0,0.0,0.0,,
馬公市,房地(土地+建物),澎湖縣馬公市四維路125之4號,28.83,住,,,1061227,土地2建物1車位0,五層,七層,華廈(10層含以下有電梯),住家用,鋼筋混凝土造,0830831,146.88,5,1,2,有,無,3500000,23829,,0.0,0,,RPQNMLKLMHNFFAX96DA,118.67,13.97,0.0,,
馬公市,房地(土地+建物),澎湖縣馬公市朝陽路41巷10號及10號之1,37.01,住,,,1070228,土地1建物2車位0,全,四層,透天厝,住家用,鋼筋混凝土造,0760204,89.93,12,4,9,有,無,2256900,25096,,0.0,0,親友、員工或其他特殊關係間之交易。,RPRNMLMJMHNFFAX17EA,0.0,0.0,0.0,,
馬公市,土地,五福段303地號,1348.15,,一般農業區,農牧用地,1070316,土地1建物0車位0,,,其他,,,,0.0,0,0,0,有,無,16600000,12313,,0.0,0,,RPPNMLRLLHNFFAX37CA,0.0,0.0,0.0,,
馬公市,土地,鎖港南段886地號,124.78,住,,,1070302,土地1建物0車位0,,,其他,,,,0.0,0,0,0,有,無,1050000,8415,,0.0,0,親友、員工或其他特殊關係間之交易。受債權債務影響或債務抵償之交易。,RPRNMLTLLHNFFAX77CA,0.0,0.0,0.0,,
馬公市,土地,五福段1198地號,881.82,農,,,1070306,土地4建物0車位0,,,其他,,,,0.0,0,0,0,有,無,6230000,7065,,0.0,0,,RPPNMLTLLHNFFAX57CA,0.0,0.0,0.0,,
馬公市,房地(土地+建物)+車位,澎湖縣馬公市朝陽路７５號四樓,28.51,住,,,1070320,土地4建物1車位1,四層,七層,華廈(10層含以下有電梯),住家用,鋼筋混凝土造,0830509,169.63,3,2,2,有,有,5000000,29476,升降機械,0.0,0,,RPRNMLKKMHNFFAX86CA,114.66,20.58,0.0,,
馬公市,土地,鎖港南段886-1地號,83.19,住,,,1070227,土地1建物0車位0,,,其他,,,,0.0,0,0,0,有,無,600000,7212,,0.0,0,,RPQNMLTLLHNFFAX67CA,0.0,0.0,0.0,,
馬公市,土地,雙湖段1109-4地號,1192.93,,一般農業區,農牧用地,1070312,土地2建物0車位0,,,其他,,,,0.0,0,0,0,有,無,38088000,31928,,0.0,0,權利人共四人含未來興建四戶房屋價款,RPSNMLPLMHNFFAX57CA,0.0,0.0,0.0,,
馬公市,房地(土地+建物),澎湖縣馬公市鎖管港995號,89.31,住,,,1070314,土地1建物1車位0,全,三層,透天厝,住商用,鋼筋混凝土造,0840704,172.29,4,1,3,有,無,3200000,18573,,0.0,0,,RPTNMLNJMHNFFAX37DA,155.93,16.36,0.0,,
馬公市,房地(土地+建物),澎湖縣馬公市鎖管港1003號,107.75,住,,,1070314,土地1建物1車位0,全,三層,透天厝,住商用,鋼筋混凝土造,0840704,193.52,4,1,3,有,無,3200000,16536,,0.0,0,,RPRNMLNJMHNFFAX17DA,182.36,11.16,0.0,,
馬公市,房地(土地+建物),澎湖縣馬公市鎖管港999號,80.41,住,,,1070314,土地1建物1車位0,全,三層,透天厝,住商用,鋼筋混凝土造,0840704,179.72,4,1,3,有,無,3430000,19085,,0.0,0,,RPSNMLNJMHNFFAX27DA,164.62,15.1,0.0,,
馬公市,房地(土地+建物),澎湖縣馬公市中央街1巷4號,4.94,其他,,,1070202,土地2建物1車位0,一層，二層,二層,其他,住家用,造,,9.07,0,0,0,無,無,94287,10395,,0.0,0,為促進、維護文化資產，本交易為親族間之交易。該建物為歷史建物，目前為評估維修狀態，故無法提供建物現況格局。,RPSNMLQKMHNFFAX67DA,0.0,0.0,0.0,,
湖西鄉,土地,西溪新段812地號,228.88,,鄉村區,乙種建築用地,1070319,土地2建物0車位0,,,其他,,,,0.0,0,0,0,有,無,500000,2185,,0.0,0,親友、員工或其他特殊關係間之交易。,RPTNMLKMLHNFFAX27DA,0.0,0.0,0.0,,
馬公市,土地,文澳段2273地號,119.0,住,,,1070306,土地1建物0車位0,,,其他,,,,0.0,0,0,0,有,無,5200000,43697,,0.0,0,,RPQNMLMKMHNFFAX96CA,0.0,0.0,0.0,,
白沙鄉,土地,通梁東段189地號,894.58,,一般農業區,農牧用地,1070320,土地1建物0車位0,,,其他,,,,0.0,0,0,0,有,無,660000,738,,0.0,0,親友、員工或其他特殊關係間之交易。,RPRNMLSKMHNFFAX67CA,0.0,0.0,0.0,,
馬公市,土地,文東段1822地號,856.15,,一般農業區,農牧用地,1070307,土地1建物0車位0,,,其他,,,,0.0,0,0,0,有,無,11136800,13008,,0.0,0,,RPSNMLNLMHNFFAX37CA,0.0,0.0,0.0,,
馬公市,房地(土地+建物),澎湖縣馬公市文林街４５號,62.22,住,,,1070207,土地2建物1車位0,全,二層,透天厝,住商用,鋼筋混凝土加強磚造,0670823,76.6,3,3,2,有,無,4150000,54178,,0.0,0,,RPPNMLKMLHNFFAX76CA,76.6,0.0,0.0,,
湖西鄉,土地,沙港北段519地號,40.02,,一般農業區,交通用地,1070326,土地1建物0車位0,,,其他,,,,0.0,0,0,0,有,無,156078,3900,,0.0,0,協議價購 一般農業區交通用地,RPSNMLKMLHNFFAX07CA,0.0,0.0,0.0,,
馬公市,土地,中衛段1654地號,2109.44,,一般農業區,農牧用地,1070210,土地1建物0車位0,,,其他,,,,0.0,0,0,0,有,無,10650000,5049,,0.0,0,,RPPNMLLMLHNFFAX86CA,0.0,0.0,0.0,,
湖西鄉,土地,潭邊新段506-3地號,590.85,,一般農業區,農牧用地,1070118,土地1建物0車位0,,,其他,,,,0.0,0,0,0,有,無,4360000,7379,,0.0,0,,RPQNMLLMLHNFFAX96CA,0.0,0.0,0.0,,
西嶼鄉,土地,池東段3497地號,1470.16,,一般農業區,農牧用地,1070321,土地1建物0車位0,,,其他,,,,0.0,0,0,0,有,無,2360000,1605,,0.0,0,,RPRNMLLMLHNFFAX07CA,0.0,0.0,0.0,,
湖西鄉,土地,城北段1369-3地號,786.99,,一般農業區,農牧用地,1070301,土地2建物0車位0,,,其他,,,,0.0,0,0,0,有,無,1300000,1652,,0.0,0,受債權債務影響或債務抵償之交易。,RPPNMLMJMHNFFAX76CA,0.0,0.0,0.0,,
馬公市,房地(土地+建物),澎湖縣馬公市鎖管港８０之６號,117.09,住,,,1070210,土地1建物1車位0,全,四層,透天厝,住家用,鋼筋混凝土造,1060508,276.37,5,3,6,有,無,9400000,34012,,0.0,0,,RPTNMLKKMHNFFAX07CA,256.07,20.3,0.0,,
馬公市,土地,東澳段125地號,123.56,住,,,1070315,土地1建物0車位0,,,其他,,,,0.0,0,0,0,有,無,9560000,77371,,0.0,0,,RPSNMLLMLHNFFAX17CA,0.0,0.0,0.0,,
湖西鄉,土地,城北段586地號,923.44,,一般農業區,農牧用地,1070306,土地1建物0車位0,,,其他,,,,0.0,0,0,0,有,無,1674000,1813,,0.0,0,,RPTNMLLMLHNFFAX37DA,0.0,0.0,0.0,,
馬公市,房地(土地+建物),澎湖縣馬公市林森路15巷5號之1二樓之1,9.32,住,,,1070315,土地4建物1車位0,二層,五層,公寓(5樓含以下無電梯),住家用,鋼筋混凝土造,0840707,27.060000000000002,1,1,1,有,無,1700000,62823,,0.0,0,套房格局,RPOOMLLLOHOFFAX27DA,22.36,0.0,2.28,,
馬公市,土地,四維段1084地號,150.46,,鄉村區,乙種建築用地,1061211,土地1建物0車位0,,,其他,,,,0.0,0,0,0,有,無,1531509,10179,,0.0,0,親友、員工或其他特殊關係間之交易。,RPTNMLRKMHNFFAX87DA,0.0,0.0,0.0,,
馬公市,房地(土地+建物),澎湖縣馬公市光復路78-3號,40.0,住,,,1070301,土地2建物2車位0,四層,五層,公寓(5樓含以下無電梯),集合住宅,鋼筋混凝土造,0730629,82.11,3,1,2,有,有,3600000,43844,,0.0,0,,RPPNMLLJMHNFFAX66CA,81.81,0.0,0.0,,
西嶼鄉,房地(土地+建物),澎湖縣西嶼鄉竹篙灣４５號,628.31,,鄉村區,遊憩用地,1070312,土地3建物1車位0,全,一層,透天厝,,,0760701,108.29,2,2,2,有,無,3800000,35091,,0.0,0,,RPSNMLKKMHNFFAX96CA,108.29,0.0,0.0,,
白沙鄉,土地,下瓦硐段1362地號,1228.57,,一般農業區,農牧用地,1070328,土地4建物0車位0,,,其他,,,,0.0,0,0,0,有,無,4208000,3425,,0.0,0,,RPUNMLKKMHNFFAX17CA,0.0,0.0,0.0,,
馬公市,土地,五德西段614地號,521.51,,鄉村區,乙種建築用地,1070201,土地2建物0車位0,,,其他,,,,0.0,0,0,0,有,無,3000000,5753,,0.0,0,含未登記建物。,RPPNMLNJMHNFFAX86CA,0.0,0.0,0.0,,
白沙鄉,土地,赤崁中段927地號,1177.2,,一般農業區,農牧用地,1070223,土地1建物0車位0,,,其他,,,,0.0,0,0,0,有,無,1955555,1661,,0.0,0,向政府機關承購之案件。,RPQNMLNJMHNFFAX96CA,0.0,0.0,0.0,,
七美鄉,土地,七美一段1000地號,610.0,,風景區,農牧用地,1070326,土地1建物0車位0,,,其他,,,,0.0,0,0,0,有,無,500000,820,,0.0,0,,RPUNMLNLMHNFFAX57CA,0.0,0.0,0.0,,
馬公市,土地,五福段890-4地號,253.2,,一般農業區,甲種建築用地,1070227,土地2建物0車位0,,,其他,,,,0.0,0,0,0,有,無,11600000,45814,,0.0,0,農變建變更起造人，含未來興建1戶房屋價款。,RPSOMLKKMHNFFAX07CA,0.0,0.0,0.0,,
馬公市,土地,馬公段103-241地號,63.0,商,,,1070226,土地1建物0車位0,,,其他,,,,0.0,0,0,0,有,無,11680000,185397,,0.0,0,,RPPNMLQLMHNFFAX37CA,0.0,0.0,0.0,,
馬公市,土地,鎖港南段550地號,39.88,住,,,1070316,土地1建物0車位0,,,其他,,,,0.0,0,0,0,有,無,506476,12700,,0.0,0,向政府機關承購之案件。,RPPOMLKKMHNFFAX86DA,0.0,0.0,0.0,,
馬公市,房地(土地+建物),澎湖縣馬公市文光路35巷4-1號,134.01,住,,,1070312,土地1建物1車位0,全,二層,透天厝,住家用,鋼筋混凝土加強磚造,0670615,111.56,2,1,2,有,無,5300000,47508,,0.0,0,,RPQNMLRKMHNFFAX57DA,111.56,0.0,0.0,,
馬公市,土地,馬公段2476-8地號,6.0,商,,,1070308,土地1建物0車位0,,,其他,,,,0.0,0,0,0,有,無,692580,115430,,0.0,0,向政府機關承購之案件。,RPSNMLLKMHNFFAX17DA,0.0,0.0,0.0,,
馬公市,土地,東衛段922地號,680.06,,鄉村區,乙種建築用地,1070310,土地1建物0車位0,,,其他,,,,0.0,0,0,0,有,無,12000000,17646,,0.0,0,,RPVNMLKKMHNFFAX27CA,0.0,0.0,0.0,,
湖西鄉,房地(土地+建物),澎湖縣湖西鄉大城北５之３號,2733.5,,一般農業區,農牧用地,1070117,土地1建物1車位0,一層，二層，三層，地下層,三層,其他,溫室花圃,鋼筋混凝土造,0851129,1532.49,0,0,0,無,無,20000000,13051,,0.0,0,溫室花圃,RPXNMLKKMHNFFAX47CA,1452.28,80.21,0.0,,
湖西鄉,建物,澎湖縣湖西鄉西溪１０５號,0.0,,,,1070316,土地0建物1車位0,全,二層,透天厝,住家用,加強磚造,1060316,21.11,4,2,2,有,無,60000,2842,,0.0,0,親友、員工或其他特殊關係間之交易。,RPOOMLKKMHNFFAX66CA,0.0,0.0,0.0,,
馬公市,土地,五福段890地號,255.07,,一般農業區,甲種建築用地,1070227,土地2建物0車位0,,,其他,,,,0.0,0,0,0,有,無,12000000,47046,,0.0,0,農變建變更起造人，含未來興建1戶房屋價款。,RPROMLKKMHNFFAX96CA,0.0,0.0,0.0,,
馬公市,房地(土地+建物),澎湖縣馬公市文化路中心巷５號,38.0,商,,,1070319,土地1建物1車位0,一層，二層,二層,店面(店鋪),住商用,鋼筋混凝土加強空心磚造,0510815,63.91,0,0,0,無,無,37000000,578939,,0.0,0,,RPQNMLNKMHNFFAX07CA,63.91,0.0,0.0,,
馬公市,房地(土地+建物),澎湖縣馬公市文化路中心巷７號,28.0,商,,,1070319,土地1建物1車位0,一層，二層,二層,店面(店鋪),住商用,鋼筋混凝土加強空心磚造,0510815,53.9,0,0,0,無,無,0,0,,0.0,0,價格記載於標的1,SPQNMLNKMHNFFAX17CA,0.0,0.0,0.0,,
馬公市,房地(土地+建物),澎湖縣馬公市民生路２０號,35.0,商,,,1070319,土地1建物1車位0,一層，二層,二層,店面(店鋪),住商用,鋼筋混凝土加強空心磚造,0510815,60.59,0,0,0,無,無,0,0,,0.0,0,價格記載於標的1,TPQNMLNKMHNFFAX27CA,0.0,0.0,0.0,,
馬公市,房地(土地+建物),澎湖縣馬公市民生路２２號,28.0,商,,,1070319,土地1建物1車位0,一層，二層,二層,店面(店鋪),住商用,鋼筋混凝土加強空心磚造,0510815,54.26,0,0,0,無,無,0,0,,0.0,0,價格記載於標的1,UPQNMLNKMHNFFAX37CA,0.0,0.0,0.0,,
馬公市,房地(土地+建物),澎湖縣馬公市鎖管港１３０６號,121.87,住,,,1070305,土地1建物1車位0,全,四層,透天厝,住家用,鋼筋混凝土造,0840703,255.49,5,2,3,有,無,2650000,10372,,0.0,0,親友、員工或其他特殊關係間之交易。,RPUNMLLKMHNFFAX27CA,228.18,27.21,0.0,,
湖西鄉,房地(土地+建物),澎湖縣湖西鄉林投８８之２號,96.2,,一般農業區,甲種建築用地,1070321,土地1建物1車位0,全,二層,透天厝,住家用,鋼筋混凝土加強磚造,0750420,96.0,3,1,2,有,無,2000000,20833,,0.0,0,,RPPNMLSKMHNFFAX47CA,96.0,0.0,0.0,,
馬公市,土地,埕中段611地號,25.76,其他,,,1070331,土地1建物0車位0,,,其他,,,,0.0,0,0,0,有,無,1803200,70000,,0.0,0,協議價購,RPRNMLMKMHNFFAX07CA,0.0,0.0,0.0,,
馬公市,土地,馬公段275-1地號,11.0,其他,,,1070308,土地1建物0車位0,,,其他,,,,0.0,0,0,0,有,無,876700,79700,,0.0,0,向政府機關承購之案件。,RPUNMLSKMHNFFAX97CA,0.0,0.0,0.0,,
馬公市,土地,中衛段1489地號,211.07,,一般農業區,農牧用地,1070315,土地1建物0車位0,,,其他,,,,0.0,0,0,0,有,無,6920000,32785,,0.0,0,,RPPNMLQKMHNFFAX27CA,0.0,0.0,0.0,,
馬公市,土地,五福段543地號,2492.4,,一般農業區,農牧用地,1070328,土地1建物0車位0,,,其他,,,,0.0,0,0,0,有,無,34700000,13922,,0.0,0,,RPQNMLQKMHNFFAX37CA,0.0,0.0,0.0,,
湖西鄉,土地,許家段462-1地號,336.47,,一般農業區,甲種建築用地,1070327,土地1建物0車位0,,,其他,,,,0.0,0,0,0,有,無,5200000,15455,,0.0,0,,RPRNMLRKMHNFFAX57CA,0.0,0.0,0.0,,
馬公市,房地(土地+建物),澎湖縣馬公市敬業街１３巷２０號,90.89,住,,,1070212,土地2建物1車位0,全,二層,透天厝,住家用,鋼筋混凝土加強磚造,0720330,105.04,3,1,2,有,無,6050000,57597,,0.0,0,,RPSNMLRKMHNFFAX67CA,105.04,0.0,0.0,,
七美鄉,土地,七美二段995-3地號,745.5,,鄉村區,乙種建築用地,1070223,土地3建物0車位0,,,其他,,,,0.0,0,0,0,有,無,12000000,16097,,0.0,0,,RPPNMLSLMHNFFAX67DA,0.0,0.0,0.0,,
湖西鄉,土地,湖東新段1481地號,3284.12,,一般農業區,農牧用地,1070402,土地1建物0車位0,,,其他,,,,0.0,0,0,0,有,無,200000,61,,0.0,0,親友、員工或其他特殊關係間之交易。,RPTNMLSKMHNFFAX97DA,0.0,0.0,0.0,,
白沙鄉,土地,港子段1691地號,900.0,,一般農業區,農牧用地,1070313,土地1建物0車位0,,,其他,,,,0.0,0,0,0,有,無,983000,1092,,0.0,0,,RPUNMLRKMHNFFAX87CA,0.0,0.0,0.0,,
馬公市,土地,埕東段193地號,62.16,其他,,,1070413,土地1建物0車位0,,,其他,,,,0.0,0,0,0,有,無,3232320,52000,,0.0,0,協議價購,RPPNMLTKMHNFFAX57CA,0.0,0.0,0.0,,
西嶼鄉,房地(土地+建物),澎湖縣西嶼鄉小池角２之１６號,143.54,,一般農業區,甲種建築用地,1070330,土地1建物1車位0,全,三層,透天厝,住家用,鋼筋混凝土造,0920218,184.32,3,1,4,有,無,5100000,27669,,0.0,0,,RPQNMLTKMHNFFAX67CA,168.41,15.91,0.0,,
馬公市,房地(土地+建物),澎湖縣馬公市東衛８６之２６號,304.01,,一般農業區,甲種建築用地,1070104,土地2建物1車位0,全,三層,透天厝,住家用,鋼筋混凝土造,1050223,307.11,4,3,5,有,無,8460000,27547,,0.0,0,,RPRNMLPLMHNFFAX47CA,286.97,20.14,0.0,,
馬公市,土地,五福段891-2地號,582.26,,一般農業區,農牧用地,1070327,土地2建物0車位0,,,其他,,,,0.0,0,0,0,有,無,13200000,22670,,0.0,0,,RPRNMLOJNHNFFAX27CA,0.0,0.0,0.0,,
馬公市,土地,安宅段101-4地號,208.68,,一般農業區,甲種建築用地,1070403,土地2建物0車位0,,,其他,,,,0.0,0,0,0,有,無,11000000,52712,,0.0,0,農變建專案核准變更起造人交易總價包括興建中房屋建築費用。,RPPNMLQJNHNFFAX27CA,0.0,0.0,0.0,,
湖西鄉,土地,湖西北段571地號,215.72,,一般農業區,農牧用地,1070410,土地1建物0車位0,,,其他,,,,0.0,0,0,0,有,無,6600000,30595,,0.0,0,變更起造人含未來興建房屋之費用,RPUNMLOJNHNFFAX57CA,0.0,0.0,0.0,,
白沙鄉,土地,講美段254地號,826.02,,鄉村區,乙種建築用地,1070125,土地2建物0車位0,,,其他,,,,0.0,0,0,0,有,無,6246000,7562,,0.0,0,,RPPNMLNLMHNFFAX07CA,0.0,0.0,0.0,,
馬公市,土地,山水北段288-1地號,198.88,,一般農業區,交通用地,1070416,土地3建物0車位0,,,其他,,,,0.0,0,0,0,有,無,1034176,5200,,0.0,0,協議價購交通用地5200元/M2,RPQNMLNLMHNFFAX17CA,0.0,0.0,0.0,,
馬公市,土地,五福段76地號,727.37,,一般農業區,農牧用地,1070331,土地1建物0車位0,,,其他,,,,0.0,0,0,0,有,無,27060000,37203,,0.0,0,權利人為3人，興建共四戶，一戶為土地所有權人所有無買賣價格，申報含未來興建三戶之房屋價款。,RPQNMLRKNHNFFAX57CA,0.0,0.0,0.0,,
馬公市,房地(土地+建物)+車位,澎湖縣馬公市四維路９３號,38.58,住,,,1070315,土地1建物1車位0,一層，二層,七層,華廈(10層含以下有電梯),住商用,鋼筋混凝土造,0810908,192.83999999999997,3,2,3,有,有,7900000,40967,坡道平面,0.0,0,,RPRNMLMKNHNFFAX17CA,136.48,0.0,0.0,,
西嶼鄉,土地,池西段15地號,1018.67,,一般農業區,農牧用地,1070404,土地1建物0車位0,,,其他,,,,0.0,0,0,0,有,無,2200000,2160,,0.0,0,,RPPNMLOKNHNFFAX17CA,0.0,0.0,0.0,,
馬公市,房地(土地+建物),澎湖縣馬公市五福路138巷23之7號,242.4,,一般農業區,甲種建築用地,1070329,土地3建物1車位0,全,三層,透天厝,住家用,鋼筋混凝土造,1050603,337.31,6,2,7,有,無,13680000,40556,,0.0,0,,RPPNMLLLMHNFFAX96DA,317.93,19.38,0.0,,
七美鄉,土地,七美二段305地號,4.77,,一般農業區,農牧用地,1070214,土地1建物0車位0,,,其他,,,,0.0,0,0,0,有,無,6205,1301,,0.0,0,,RPRNMLNLMHNFFAX37DA,0.0,0.0,0.0,,
馬公市,土地,四維段587-4地號,204.3,,一般農業區,農牧用地,1070410,土地4建物0車位0,,,其他,,,,0.0,0,0,0,有,無,4300000,21047,,0.0,0,,RPPNMLTLMHNFFAX77DA,0.0,0.0,0.0,,
湖西鄉,土地,南寮北段1569地號,1032.62,,一般農業區,農牧用地,1070319,土地1建物0車位0,,,其他,,,,0.0,0,0,0,有,無,25100000,24307,,0.0,0,農變建移轉土地持分給予權利人共3人內含未來3戶興建之成本2510萬,RPQNMLPLMHNFFAX47DA,0.0,0.0,0.0,,
馬公市,房地(土地+建物),澎湖縣馬公市中華路４５號,40.0,商,,,1070413,土地1建物1車位0,全,三層,透天厝,住商用,鋼筋混凝土造,0720224,126.09,3,2,3,有,無,7800000,61861,,0.0,0,,RPPNMLKLMHNFFAX76CA,126.09,0.0,0.0,,
馬公市,土地,興仁段1547地號,1247.98,,一般農業區,農牧用地,1070330,土地1建物0車位0,,,其他,,,,0.0,0,0,0,有,無,4500000,3606,,0.0,0,,RPPNMLOJNHNFFAX07CA,0.0,0.0,0.0,,
馬公市,土地,埕東段235地號,24.33,其他,,,1070414,土地1建物0車位0,,,其他,,,,0.0,0,0,0,有,無,450000,18496,,0.0,0,賣方賣清價包含公共設施保留地之交易。,RPPNMLOLMHNFFAX17CA,0.0,0.0,0.0,,
馬公市,土地,文寮段40-4地號,230.79,,一般農業區,甲種建築用地,1070301,土地2建物0車位0,,,其他,,,,0.0,0,0,0,有,無,8500000,36830,,0.0,0,農變建變更起造人，含未來興建1戶房屋價款。,RPSNMLMLNHNFFAX37CA,0.0,0.0,0.0,,
馬公市,土地,海堤段25地號,288.7,,一般農業區,農牧用地,1070402,土地1建物0車位0,,,其他,,,,0.0,0,0,0,有,無,1700000,5888,,0.0,0,親友、員工或其他特殊關係間之交易。,RPRNMLOKNHNFFAX37CA,0.0,0.0,0.0,,
馬公市,土地,五福段889-4地號,179.18,,一般農業區,甲種建築用地,1070415,土地2建物0車位0,,,其他,,,,0.0,0,0,0,有,無,10500000,58600,,0.0,0,農變建之起造人變更含未來興建房屋價款,RPPNMLPJNHNFFAX17CA,0.0,0.0,0.0,,
望安鄉,土地,望安段1100地號,115.5,,鄉村區,乙種建築用地,1070223,土地1建物0車位0,,,其他,,,,0.0,0,0,0,有,無,500000,4329,,0.0,0,,RPTNMLOJNHNFFAX47CA,0.0,0.0,0.0,,
湖西鄉,土地,中西段899地號,409.31,,一般農業區,農牧用地,1070319,土地11建物0車位0,,,其他,,,,0.0,0,0,0,有,無,2230000,5448,,0.0,0,親友、員工或其他特殊關係間之交易。,RPPNMLNJNHNFFAX96CA,0.0,0.0,0.0,,
馬公市,土地,山水南段554地號,53.31,,一般農業區,甲種建築用地,1070416,土地1建物0車位0,,,其他,,,,0.0,0,0,0,有,無,208000,3902,,0.0,0,,RPPNMLLJNHNFFAX76CA,0.0,0.0,0.0,,
馬公市,房地(土地+建物),澎湖縣馬公市烏崁里132-1號,232.65,,一般農業區,甲種建築用地,1070412,土地2建物1車位0,全,三層,透天厝,住家用,鋼筋混凝土造,1070123,296.11,8,2,9,有,無,9460000,31948,,0.0,0,,RPRNMLSJNHNFFAX77DA,285.18,10.93,0.0,,
湖西鄉,土地,西溪新段402地號,46.2,,鄉村區,乙種建築用地,1070416,土地4建物0車位0,,,其他,,,,0.0,0,0,0,有,無,190500,4123,,0.0,0,親友、員工或其他特殊關係間之交易。,RPQNMLLJNHNFFAX86CA,0.0,0.0,0.0,,
白沙鄉,土地,講美段692地號,204.01,,一般農業區,農牧用地,1070418,土地1建物0車位0,,,其他,,,,0.0,0,0,0,有,無,420000,2059,,0.0,0,,RPSNMLLJNHNFFAX07CA,0.0,0.0,0.0,,
湖西鄉,土地,鼎灣新段607地號,32.41,,一般農業區,農牧用地,1070418,土地1建物0車位0,,,其他,,,,0.0,0,0,0,有,無,138000,4258,,0.0,0,,RPPNMLMJNHNFFAX86CA,0.0,0.0,0.0,,
馬公市,土地,中衛段701-1地號,305.62,農,,,1070417,土地1建物0車位0,,,其他,,,,0.0,0,0,0,有,無,3800000,12434,,0.0,0,,RPTNMLMLNHNFFAX47CA,0.0,0.0,0.0,,
馬公市,土地,中衛段728地號,42.58,農,,,1070413,土地1建物0車位0,,,其他,,,,0.0,0,0,0,有,無,900000,21137,,0.0,0,,RPUNMLMLNHNFFAX57CA,0.0,0.0,0.0,,
馬公市,房地(土地+建物),澎湖縣馬公市鎖管港１３０７號,73.09,住,,,1070416,土地1建物1車位0,全,二層,透天厝,住家用,鋼筋混凝土加強磚造,0681130,94.88,3,2,2,有,無,1400000,14755,,0.0,0,,RPRNMLRJNHNFFAX57CA,94.88,0.0,0.0,,
馬公市,土地,六合段210地號,726.52,,一般農業區,農牧用地,1070411,土地1建物0車位0,,,其他,,,,0.0,0,0,0,有,無,28600000,39366,,0.0,0,權利人為3人，興建共四戶，一戶為土地所有權人所有無買賣價格，申報含未來興建三戶之房屋價款。,RPQNMLSKNHNFFAX67CA,0.0,0.0,0.0,,
白沙鄉,土地,講美段693地號,562.34,,一般農業區,農牧用地,1070418,土地1建物0車位0,,,其他,,,,0.0,0,0,0,有,無,2720000,4837,,0.0,0,,RPRNMLLJNHNFFAX96CA,0.0,0.0,0.0,,
湖西鄉,土地,湖西南段643-1地號,23.55,,鄉村區,乙種建築用地,1070424,土地1建物0車位0,,,其他,,,,0.0,0,0,0,有,無,180000,7643,,0.0,0,親友、員工或其他特殊關係間之交易。,RPPNMLTJNHNFFAX67DA,0.0,0.0,0.0,,
馬公市,房地(土地+建物),澎湖縣馬公市光明路31號,71.0,商,,,1070402,土地1建物1車位0,一層，二層，三層，四層,四層,店面(店鋪),住商用,鋼筋混凝土加強磚造,0610206,253.92,7,3,4,有,無,25000000,98456,,0.0,0,住商用,RPSNMLOJNHNFFAX47DA,253.92,0.0,0.0,,
馬公市,土地,文東段1148地號,693.86,,一般農業區,農牧用地,1070306,土地1建物0車位0,,,其他,,,,0.0,0,0,0,有,無,2133333,3075,,0.0,0,土地逾期未辦繼承標售案,RPPNMLSJNHNFFAX57DA,0.0,0.0,0.0,,
馬公市,土地,文東段1627-1地號,24.38,,一般農業區,甲種建築用地,1070416,土地1建物0車位0,,,其他,,,,0.0,0,0,0,有,無,147400,6046,,0.0,0,親友間買賣,RPQNMLOJNHNFFAX17CA,0.0,0.0,0.0,,
西嶼鄉,土地,二崁南段1446地號,116.47,,一般農業區,甲種建築用地,1070322,土地1建物0車位0,,,其他,,,,0.0,0,0,0,有,無,739830,6352,,0.0,0,向政府機關承購之案件。,RPQNMLLLNHNFFAX07CA,0.0,0.0,0.0,,
馬公市,房地(土地+建物),澎湖縣馬公市六合路６５號四樓,23.96,住,,,1070320,土地1建物1車位0,四層,五層,公寓(5樓含以下無電梯),住家用,鋼筋混凝土造,0861206,103.22,3,2,1,有,無,4280000,41465,,0.0,0,,RPUNMLOKNHOFFAX77CA,72.68,10.46,0.0,,
馬公市,土地,光榮段858地號,581.06,住,,,1070315,土地3建物0車位0,,,其他,,,,0.0,0,0,0,有,無,26360000,45365,,0.0,0,,RPPNMLRJNHNFFAX37CA,0.0,0.0,0.0,,
馬公市,土地,東衛段1147地號,757.96,,鄉村區,乙種建築用地,1061227,土地1建物0車位0,,,其他,,,,0.0,0,0,0,有,無,13756800,18150,,0.0,0,,RPQNMLPKNHNFFAX37CA,0.0,0.0,0.0,,
馬公市,房地(土地+建物)+車位,澎湖縣馬公市貿商街１２７號二樓之五,26.91,住,,,1070404,土地1建物1車位1,二層,十二層,住宅大樓(11層含以上有電梯),集合住宅,鋼筋混凝土造,0950629,179.64,3,1,2,有,有,3800000,21153,坡道平面,0.0,0,,RPTNMLLMNHNFFAX47CA,96.63,0.0,11.16,,
馬公市,土地,鐵線段474地號,213.7,,一般農業區,農牧用地,1070423,土地1建物0車位0,,,其他,,,,0.0,0,0,0,有,無,570000,2667,,0.0,0,,RPVNMLOJNHNFFAX67CA,0.0,0.0,0.0,,
馬公市,房地(土地+建物),澎湖縣馬公市永安街５巷１５號,75.0,住,,,1070329,土地1建物1車位0,全,五層,透天厝,住商用,鋼筋混凝土造,0720524,272.99,4,5,4,有,無,8600000,31503,,0.0,0,,RPQNMLQJNHNFFAX37CA,272.99,0.0,0.0,,
馬公市,房地(土地+建物),澎湖縣馬公市貿商街１２８號二樓之三,28.82,住,,,1070420,土地2建物1車位0,二層,十四層,住宅大樓(11層含以上有電梯),集合住宅,鋼筋混凝土造,0950710,177.19,3,2,2,有,有,5480000,30927,,0.0,0,,RPQOMLNKNHOFFAX37CA,96.71,0.0,10.96,,
七美鄉,土地,大嶼段5032地號,999.5,,一般農業區,農牧用地,1070417,土地34建物0車位0,,,其他,,,,0.0,0,0,0,有,無,110000,110,,0.0,0,親友、員工或其他特殊關係間之交易。；,RPUNMLOLNHNFFAX77CA,0.0,0.0,0.0,,
馬公市,土地,光榮段244地號,430.25,住,,,1070411,土地1建物0車位0,,,其他,,,,0.0,0,0,0,有,無,24720000,57455,,0.0,0,共有人間買賣案件,RPSNMLRJNHNFFAX67CA,0.0,0.0,0.0,,
馬公市,土地,雙湖段474地號,417.87,,一般農業區,農牧用地,1070330,土地1建物0車位0,,,其他,,,,0.0,0,0,0,有,無,1000000,2393,,0.0,0,親友、員工或其他特殊關係間之交易。,RPQNMLSJNHNFFAX67DA,0.0,0.0,0.0,,
馬公市,土地,北極段626地號,161.72,住,,,1070406,土地5建物0車位0,,,其他,,,,0.0,0,0,0,有,無,2500000,15459,,0.0,0,親友、員工或其他特殊關係間之交易。,RPQNMLTJNHNFFAX77DA,0.0,0.0,0.0,,
馬公市,房地(土地+建物),澎湖縣馬公市文林街50巷1號,64.91,住,,,1070417,土地1建物1車位0,全,二層,透天厝,住家用,鋼筋混凝土加強磚造,0670510,81.8,3,2,2,有,無,4000000,48900,,0.0,0,親友、員工或其他特殊關係間之交易。,RPPNMLKKNHNFFAX86DA,81.8,0.0,0.0,,
望安鄉,房地(土地+建物),澎湖縣望安鄉水垵184號,160.0,,一般農業區,甲種建築用地,1070419,土地1建物1車位0,全,一層,透天厝,住家用,造,0260101,79.87,4,1,1,有,無,100000,1252,,0.0,0,含土地增值稅60377元.權利人三位共有親友、員工或其他特殊關係間之交易。,RPPNMLPKNHNFFAX37DA,79.87,0.0,0.0,,
湖西鄉,房地(土地+建物),澎湖縣湖西鄉港底330之7號,272.49,,一般農業區,甲種建築用地,1070413,土地2建物1車位0,全,三層,透天厝,住家用,鋼筋混凝土造,1070124,322.84,6,2,5,有,無,9160000,28373,,0.0,0,,RPVNMLMLNHNFFAX77DA,291.9,30.94,0.0,,
馬公市,土地,中衛段420地號,519.57,工,,,1070208,土地2建物0車位0,,,其他,,,,0.0,0,0,0,有,無,5200000,10008,,0.0,0,,RPRNMLTJNHNFFAX77CA,0.0,0.0,0.0,,
馬公市,房地(土地+建物),澎湖縣馬公市文光路８號二樓,18.38,住,,,1070417,土地1建物1車位0,二層，三層,七層,華廈(10層含以下有電梯),住家用,鋼筋混凝土造,0811202,140.55,2,2,2,有,有,4300000,30594,,0.0,0,,RPSNMLMKNHNFFAX27CA,110.37,0.0,0.0,,
馬公市,土地,五福段928地號,281.4,,鄉村區,乙種建築用地,1060911,土地1建物0車位0,,,其他,,,,0.0,0,0,0,有,無,9960000,35394,,0.0,0,,RPPNMLRKNHNFFAX47CA,0.0,0.0,0.0,,
馬公市,房地(土地+建物),澎湖縣馬公市文光路１６２巷９號,115.26,住,,,1070328,土地1建物1車位0,全,四層,透天厝,住家用,鋼筋混凝土造,1070301,316.0,7,1,7,有,無,20890000,66108,,0.0,0,,RPTNMLMKNHNFFAX37CA,274.06,41.94,0.0,,
馬公市,土地,文石段1159地號,1455.15,,一般農業區,農牧用地,1070329,土地1建物0車位0,,,其他,,,,0.0,0,0,0,有,無,17000000,11683,,0.0,0,,RPQNMLMKNHNFFAX07CA,0.0,0.0,0.0,,
馬公市,土地,東衛段1147-1地號,757.96,,鄉村區,乙種建築用地,1070416,土地1建物0車位0,,,其他,,,,0.0,0,0,0,有,無,13756800,18150,,0.0,0,,RPRNMLPKNHNFFAX47CA,0.0,0.0,0.0,,
