﻿編號,土地位置,土地移轉面積(平方公尺),使用分區或編定,權利人持分分母,權利人持分分子,移轉情形,地號
The serial number, land position,land shifting area square meter,the use zoning or compiles and checks,,,,land parcel
RPUNMLNKKHNFFAX27CA,鐵線段,93.26,非都市：鄉村區 ; 非都市編定：乙種建築用地,1,1,全筆移轉,10460000
RPQNMLMLKHNFFAX96DA,馬公段,274.00,非都市： ; 非都市編定：,1,1,全筆移轉,05330000
RPPNMLMJLHNFFAX66CA,南寮北段,292.34,非都市：鄉村區 ; 非都市編定：乙種建築用地,1,1,全筆移轉,08770000
RPPNMLMJLHNFFAX66CA,南寮北段,1183.05,非都市：一般農業區 ; 非都市編定：農牧用地,1,1,全筆移轉,07060000
RPRNMLNKKHNFFAX96CA,興崁段,357.80,非都市：一般農業區 ; 非都市編定：農牧用地,1,1,全筆移轉,08690000
RPPNMLMKLHNFFAX96EA,埕中段,64.42,非都市： ; 非都市編定：,1,1,全筆移轉,02050000
RPQNMLOKNHOFFAX37CA,文光段,26.95,非都市： ; 非都市編定：,100000,618,持分移轉,00570000
RPVNMLNKKHNFFAX47DA,馬公段,42.00,非都市： ; 非都市編定：,2,1,持分移轉,01030162
RPVNMLNKKHNFFAX47DA,馬公段,7.50,非都市： ; 非都市編定：,2,1,持分移轉,01030232
RPQNMLNKKHNFFAX86CA,北極段,1134.14,非都市： ; 非都市編定：,1,1,全筆移轉,02370000
RPSNMLNKKHNFFAX27EA,文東段,7.01,非都市：一般農業區 ; 非都市編定：農牧用地,5,1,持分移轉,09780000
RPSNMLNKKHNFFAX27EA,文東段,43.57,非都市：一般農業區 ; 非都市編定：農牧用地,5,1,持分移轉,09790000
RPSNMLNKKHNFFAX27EA,東衛段,277.85,非都市：一般農業區 ; 非都市編定：農牧用地,10,1,持分移轉,05000000
RPSNMLOKKHNFFAX37EA,竹篙灣段,1119.00,非都市：一般農業區 ; 非都市編定：農牧用地,8,1,持分移轉,33790000
RPSNMLOKKHNFFAX37EA,竹灣段,123.74,非都市：一般農業區 ; 非都市編定：農牧用地,8,1,持分移轉,20110000
RPTNMLLLKHNFFAX07CA,埕中段,.57,非都市： ; 非都市編定：,2604,113,持分移轉,04280000
RPTNMLLLKHNFFAX07CA,埕中段,28.68,非都市： ; 非都市編定：,2604,113,持分移轉,04300000
RPPNMLLJLHNFFAX66DA,鼎灣新段,2665.81,非都市：一般農業區 ; 非都市編定：農牧用地,1,1,全筆移轉,13100000
RPPNMLLJLHNFFAX66DA,鼎灣新段,2740.99,非都市：一般農業區 ; 非都市編定：農牧用地,1,1,全筆移轉,14320000
RPPNMLRLKHNFFAX27CA,北澳段,53.19,非都市：鄉村區 ; 非都市編定：乙種建築用地,1,1,全筆移轉,02840000
RPQNMLNJLHNFFAX86CA,通梁中段,490.10,非都市：一般農業區 ; 非都市編定：農牧用地,1,1,全筆移轉,01380000
RPPNMLQJLHNFFAX17DA,紅羅段,83.59,非都市：鄉村區 ; 非都市編定：乙種建築用地,1,1,全筆移轉,03760002
RPQNMLMJLHNFFAX96EA,東澳段,16.48,非都市： ; 非都市編定：,8,1,持分移轉,02490000
RPQNMLMJLHNFFAX96EA,東澳段,8.87,非都市： ; 非都市編定：,8,1,持分移轉,04290000
RPPNMLNLKHNFFAX07EA,五福段,166.54,非都市：鄉村區 ; 非都市編定：國土保安用地,1,1,全筆移轉,03960000
RPQNMLSLKHNFFAX57DA,東澳段,.62,非都市： ; 非都市編定：,10000,263,持分移轉,04890002
RPQNMLSLKHNFFAX57DA,東澳段,27.12,非都市： ; 非都市編定：,10000,263,持分移轉,05000000
RPPNMLSLKHNFFAX47DA,湖東新段,380.12,非都市：一般農業區 ; 非都市編定：農牧用地,1,1,全筆移轉,15690000
RPPNMLSLKHNFFAX47DA,湖東新段,1324.70,非都市：一般農業區 ; 非都市編定：農牧用地,1,1,全筆移轉,15710000
RPPNMLSLKHNFFAX47DA,湖東新段,139.99,非都市：一般農業區 ; 非都市編定：農牧用地,1,1,全筆移轉,15720000
RPPNMLNJLHNFFAX76CA,雙湖段,88.66,非都市：鄉村區 ; 非都市編定：乙種建築用地,1,1,全筆移轉,09640004
RPQNMLKLLHNFFAX86DA,後寮段,136.00,非都市：鄉村區 ; 非都市編定：乙種建築用地,1,1,全筆移轉,26060000
RPRNMLLJLHNFFAX86DA,光榮段,31.36,非都市： ; 非都市編定：,100000,3010,持分移轉,06690000
RPWNMLMKLHNFFAX57DA,烏崁新段,19.19,非都市：鄉村區 ; 非都市編定：乙種建築用地,1,1,全筆移轉,11980023
RPPNMLOJLHNFFAX86CA,五福段,405.48,非都市：一般農業區 ; 非都市編定：農牧用地,1,1,全筆移轉,00670002
RPRNMLTKLHNFFAX67CA,馬公段,55.00,非都市： ; 非都市編定：,1,1,全筆移轉,18410002
RPPNMLSLLHNFFAX47CA,南寮北段,675.34,非都市：鄉村區 ; 非都市編定：乙種建築用地,1,1,全筆移轉,07010000
RPQNMLMKLHNFFAX86CA,東澳段,21.92,非都市： ; 非都市編定：,10000,138,持分移轉,05940000
RPPNMLPLLHNFFAX27DA,赤崁中段,203.40,非都市：一般農業區 ; 非都市編定：農牧用地,1000,200,持分移轉,03810000
RPPNMLPLLHNFFAX27DA,赤崁中段,202.38,非都市：一般農業區 ; 非都市編定：農牧用地,1000,199,持分移轉,03810000
RPPNMLPLLHNFFAX27DA,赤崁中段,206.45,非都市：一般農業區 ; 非都市編定：農牧用地,1000,203,持分移轉,03810000
RPPNMLPLLHNFFAX27DA,赤崁中段,202.38,非都市：一般農業區 ; 非都市編定：農牧用地,1000,199,持分移轉,03810000
RPPNMLPLLHNFFAX27DA,赤崁中段,202.38,非都市：一般農業區 ; 非都市編定：農牧用地,1000,199,持分移轉,03810000
RPQNMLRKLHNFFAX47DA,東澳段,127.73,非都市： ; 非都市編定：,1,1,全筆移轉,05970002
RPUNMLKMLHNFFAX27CA,東衛段,848.45,非都市：一般農業區 ; 非都市編定：農牧用地,1,1,全筆移轉,00620000
RPQNMLRJLHNFFAX27CA,城北段,731.83,非都市：一般農業區 ; 非都市編定：農牧用地,1,1,全筆移轉,02620000
RPQNMLSJLHNFFAX37CA,橫礁段,77.58,非都市：風景區 ; 非都市編定：農牧用地,12,1,持分移轉,06210000
RPRNMLMKLHNFFAX96CA,東澳段,.16,非都市： ; 非都市編定：,10000,1,持分移轉,05940000
RPRNMLSJLHNFFAX47CA,橫礁段,155.17,非都市：風景區 ; 非都市編定：農牧用地,6,1,持分移轉,06210000
RPQNMLSLLHNFFAX57CA,五福段,323.83,非都市：一般農業區 ; 非都市編定：農牧用地,48551,32383,持分移轉,08160000
RPQNMLSLLHNFFAX57CA,五福段,152.41,非都市：一般農業區 ; 非都市編定：交通用地,2,1,持分移轉,08160002
RPQNMLSLLHNFFAX57CA,五福段,60.00,非都市：一般農業區 ; 非都市編定：交通用地,979830,60000,持分移轉,08140004
RPSNMLTJLHNFFAX77DA,埕中段,80.72,非都市： ; 非都市編定：,1,1,全筆移轉,03780000
RPPNMLSJLHNFFAX27CA,橫礁段,77.58,非都市：風景區 ; 非都市編定：農牧用地,12,1,持分移轉,06210000
RPTNMLMKLHNFFAX17CA,東澳段,.16,非都市： ; 非都市編定：,10000,1,持分移轉,05940000
RPUNMLMKLHNFFAX27CA,東澳段,.16,非都市： ; 非都市編定：,10000,1,持分移轉,05940000
RPVNMLMKLHNFFAX37CA,鎮海新段,414.00,非都市：一般農業區 ; 非都市編定：農牧用地,3,2,持分移轉,01540000
RPVNMLMKLHNFFAX37CA,鎮海新段,115.59,非都市：一般農業區 ; 非都市編定：農牧用地,3,2,持分移轉,11250000
RPQNMLQJLHNFFAX37EA,六合段,54.06,非都市：鄉村區 ; 非都市編定：乙種建築用地,1,1,全筆移轉,02690000
RPPNMLRJLHNFFAX17CA,湖東新段,1329.12,非都市：一般農業區 ; 非都市編定：農牧用地,1,1,全筆移轉,15560000
RPSNMLMKLHNFFAX07CA,鎮海新段,457.83,非都市：一般農業區 ; 非都市編定：農牧用地,1,1,全筆移轉,09850000
RPQNMLTJLHNFFAX47CA,東衛段,313.09,非都市：一般農業區 ; 非都市編定：農牧用地,1,1,全筆移轉,15130000
RPTNMLTJLHNFFAX77CA,埕西段,12.73,非都市： ; 非都市編定：,100000,4226,持分移轉,07530000
RPTNMLTJLHNFFAX77CA,埕西段,2.49,非都市： ; 非都市編定：,100000,4226,持分移轉,07520000
RPTNMLTJLHNFFAX77CA,埕西段,7.50,非都市： ; 非都市編定：,100000,4226,持分移轉,07550000
RPQNMLNKLHNFFAX96CA,東澳段,26.52,非都市： ; 非都市編定：,10000,167,持分移轉,05940000
RPRNMLTJLHNFFAX67DA,海堤段,80.67,非都市： ; 非都市編定：,1,1,全筆移轉,11070000
RPRNMLNKLHNFFAX07CA,東澳段,26.52,非都市： ; 非都市編定：,10000,167,持分移轉,05940000
RPSNMLRKLHNFFAX57CA,中山段,19.92,非都市： ; 非都市編定：,1,1,全筆移轉,03210001
RPSNMLTKLHNFFAX77CA,二崁南段,307.50,非都市：風景區 ; 非都市編定：丙種建築用地,1,1,全筆移轉,13860006
RPSNMLTKLHNFFAX77CA,二崁南段,49.87,非都市：風景區 ; 非都市編定：交通用地,100000,16800,持分移轉,13860007
RPWNMLMKLHNFFAX67EA,龍門南段,46.80,非都市：鄉村區 ; 非都市編定：乙種建築用地,1,1,全筆移轉,04070003
RPWNMLMKLHNFFAX67EA,龍門南段,60.35,非都市：一般農業區 ; 非都市編定：農牧用地,1,1,全筆移轉,04080007
RPQNMLPLLHNFFAX27CA,興仁段,2488.52,非都市：一般農業區 ; 非都市編定：農牧用地,1,1,全筆移轉,08320000
RPQNMLPKLHNFFAX17CA,埕中段,73.80,非都市： ; 非都市編定：,1,1,全筆移轉,06400000
RPPNMLNKLHNFFAX96DA,二崁南段,23.50,非都市：一般農業區 ; 非都市編定：交通用地,1,1,全筆移轉,10440000
RPPNMLNKLHNFFAX96DA,二崁南段,372.02,非都市：一般農業區 ; 非都市編定：農牧用地,1,1,全筆移轉,10460000
RPQNMLTKLHNFFAX67DA,二崁南段,1147.54,非都市：一般農業區 ; 非都市編定：農牧用地,2,1,持分移轉,10420000
RPQNMLTKLHNFFAX67DA,二崁南段,9.19,非都市：一般農業區 ; 非都市編定：交通用地,2,1,持分移轉,10430000
RPPNMLTJMHNFFAX47CA,許家段,943.30,非都市：一般農業區 ; 非都市編定：農牧用地,1,1,全筆移轉,02560000
RPPNMLOKLHNFFAX17EA,中屯新段,234.51,非都市：鄉村區 ; 非都市編定：乙種建築用地,1,1,全筆移轉,10440000
RPPNMLOKLHNFFAX17EA,中屯新段,246.70,非都市：鄉村區 ; 非都市編定：乙種建築用地,1,1,全筆移轉,10450000
RPQNMLNLLHNFFAX07CA,六合段,120.00,非都市： ; 非都市編定：,1,1,全筆移轉,06890001
RPPNMLPKLHNFFAX27EA,池東段,82.84,非都市：鄉村區 ; 非都市編定：乙種建築用地,4,2,持分移轉,13050000
RPSNMLSLLHNFFAX77CA,四維段,52.80,非都市：鄉村區 ; 非都市編定：乙種建築用地,100000,4419,持分移轉,00700000
RPRNMLLKMHNFFAX07DA,四維段,69.23,非都市：一般農業區 ; 非都市編定：交通用地,4,1,持分移轉,05860002
RPRNMLLKMHNFFAX07DA,四維段,233.51,非都市：一般農業區 ; 非都市編定：甲種建築用地,1,1,全筆移轉,05860003
RPQNMLTJMHNFFAX57CA,埕西段,12.10,非都市： ; 非都市編定：,5,1,持分移轉,03520000
RPQNMLTJMHNFFAX57CA,埕西段,10.07,非都市： ; 非都市編定：,5,1,持分移轉,03530000
RPRNMLOKLHNFFAX17CA,鎖港西段,17.51,非都市： ; 非都市編定：,1,1,全筆移轉,01570001
RPQOMLKKMHNFFAX86CA,成功北段,214.00,非都市：一般農業區 ; 非都市編定：農牧用地,1683,214,持分移轉,07700000
RPQOMLKKMHNFFAX86CA,成功北段,213.00,非都市：一般農業區 ; 非都市編定：農牧用地,1683,213,持分移轉,07700000
RPQOMLKKMHNFFAX86CA,成功北段,213.00,非都市：一般農業區 ; 非都市編定：農牧用地,1683,213,持分移轉,07700000
RPQOMLKKMHNFFAX86CA,成功北段,214.00,非都市：一般農業區 ; 非都市編定：農牧用地,1683,214,持分移轉,07700000
RPQOMLKKMHNFFAX86CA,成功北段,208.00,非都市：一般農業區 ; 非都市編定：農牧用地,1683,208,持分移轉,07700000
RPQOMLKKMHNFFAX86CA,成功北段,207.00,非都市：一般農業區 ; 非都市編定：農牧用地,1683,207,持分移轉,07700000
RPQOMLKKMHNFFAX86CA,成功北段,207.00,非都市：一般農業區 ; 非都市編定：農牧用地,1683,207,持分移轉,07700000
RPQOMLKKMHNFFAX86CA,成功北段,207.00,非都市：一般農業區 ; 非都市編定：農牧用地,1683,207,持分移轉,07700000
RPQNMLOKLHNFFAX07CA,光榮段,1222.34,非都市： ; 非都市編定：,1,1,全筆移轉,02940000
RPTNMLLKMHNFFAX17CA,城北段,1125.29,非都市：一般農業區 ; 非都市編定：農牧用地,1,1,全筆移轉,09910000
RPTNMLTKLHNFFAX87CA,文澳段,147.00,非都市： ; 非都市編定：,1,1,全筆移轉,22790000
RPPNMLTKLHNFFAX47CA,小赤段,448.09,非都市：一般農業區 ; 非都市編定：農牧用地,1,1,全筆移轉,03840000
RPQNMLMJMHNFFAX96DA,四維段,64.94,非都市：鄉村區 ; 非都市編定：乙種建築用地,2,1,持分移轉,08730000
RPRNMLRKLHNFFAX47CA,六合段,205.03,非都市：一般農業區 ; 非都市編定：農牧用地,2163,205,持分移轉,03960000
RPUNMLTKLHNFFAX08DA,,233.00,非都市： ; 非都市編定：,1,1,全筆移轉,04790000
RPUNMLTKLHNFFAX08DA,,136.00,非都市： ; 非都市編定：,1,1,全筆移轉,04800000
RPQNMLMLLHNFFAX96CA,東澳段,31.92,非都市： ; 非都市編定：,10000,201,持分移轉,05940000
RPPNMLMLLHNFFAX86CA,東澳段,16.83,非都市： ; 非都市編定：,10000,106,持分移轉,05940000
RPPNMLMLLHNFFAX86CA,東澳段,16.83,非都市： ; 非都市編定：,10000,106,持分移轉,05940000
RPQNMLLLLHNFFAX86CA,馬公段,44.00,非都市： ; 非都市編定：,1,1,全筆移轉,01030021
RPPNMLNLLHNFFAX96CA,後寮段,72.78,非都市：一般農業區 ; 非都市編定：農牧用地,9,1,持分移轉,12270000
RPPNMLNLLHNFFAX96CA,後寮段,63.56,非都市：一般農業區 ; 非都市編定：農牧用地,9,1,持分移轉,27190000
RPPNMLNLLHNFFAX96CA,後寮段,118.00,非都市：一般農業區 ; 非都市編定：農牧用地,9,1,持分移轉,28510000
RPPNMLNLLHNFFAX96CA,後寮段,32.89,非都市：一般農業區 ; 非都市編定：農牧用地,9,1,持分移轉,28580000
RPPNMLNLLHNFFAX96CA,赤崁西段,31.04,非都市：鄉村區 ; 非都市編定：乙種建築用地,3,1,持分移轉,00580000
RPPNMLNLLHNFFAX96CA,赤崁西段,31.02,非都市：鄉村區 ; 非都市編定：乙種建築用地,3,1,持分移轉,00590000
RPPNMLNLLHNFFAX96CA,赤崁西段,277.42,非都市：一般農業區 ; 非都市編定：農牧用地,3,1,持分移轉,02700000
RPPNMLNLLHNFFAX96CA,赤崁西段,181.59,非都市：一般農業區 ; 非都市編定：農牧用地,3,1,持分移轉,11410000
RPPNMLNLLHNFFAX96CA,赤崁中段,11.63,非都市：一般農業區 ; 非都市編定：農牧用地,3,1,持分移轉,02650000
RPPNMLNLLHNFFAX96CA,赤崁中段,119.43,非都市：一般農業區 ; 非都市編定：農牧用地,3,1,持分移轉,09630000
RPPNMLNLLHNFFAX96CA,赤崁中段,110.76,非都市：一般農業區 ; 非都市編定：農牧用地,3,1,持分移轉,10460000
RPPNMLQLLHNFFAX27CA,四維段,250.59,非都市： ; 非都市編定：,8,1,持分移轉,05430000
RPTOMLKKMHNFFAX17CA,興崁段,38.02,非都市：一般農業區 ; 非都市編定：交通用地,22,1,持分移轉,05330004
RPTOMLKKMHNFFAX17CA,興崁段,236.35,非都市：一般農業區 ; 非都市編定：甲種建築用地,1,1,全筆移轉,05330016
RPRNMLNLLHNFFAX17CA,埕東段,.42,非都市： ; 非都市編定：,20,1,持分移轉,02270000
RPRNMLNLLHNFFAX17CA,埕東段,1345.27,非都市： ; 非都市編定：,1,1,全筆移轉,02280000
RPRNMLNLLHNFFAX17CA,埕東段,24.33,非都市： ; 非都市編定：,20,1,持分移轉,02350000
RPPNMLLKMHNFFAX76CA,中衛段,230.12,非都市：一般農業區 ; 非都市編定：農牧用地,10000,2871,持分移轉,16610002
RPPNMLLKMHNFFAX76CA,中衛段,223.14,非都市：一般農業區 ; 非都市編定：農牧用地,10000,2784,持分移轉,16610002
RPPNMLLKMHNFFAX76CA,中衛段,222.18,非都市：一般農業區 ; 非都市編定：農牧用地,10000,2772,持分移轉,16610002
RPPNMLKLLHOFFAX76CA,光華段,2920.18,非都市：一般農業區 ; 非都市編定：農牧用地,1,1,全筆移轉,02230000
RPPNMLKLLHOFFAX76CA,光華段,55.38,非都市：一般農業區 ; 非都市編定：甲種建築用地,1,1,全筆移轉,02230001
RPRNMLSLLHNFFAX77DA,龍門北段,109.01,非都市：鄉村區 ; 非都市編定：乙種建築用地,1,1,全筆移轉,07750000
RPQNMLKLMHNFFAX96DA,,24.13,非都市： ; 非都市編定：,7,1,持分移轉,00120000
RPQNMLKLMHNFFAX96DA,,4.69,非都市： ; 非都市編定：,7,1,持分移轉,00130000
RPRNMLMJMHNFFAX17EA,埕東段,37.01,非都市： ; 非都市編定：,6,1,持分移轉,07970000
RPPNMLRLLHNFFAX37CA,五福段,1348.15,非都市：一般農業區 ; 非都市編定：農牧用地,1,1,全筆移轉,03030000
RPSNMLSKMHNFFAX87DA,,972.07,非都市： ; 非都市編定：,1886,972,持分移轉,05350000
RPPNMLTLLHNFFAX57CA,四維段,262.68,非都市： ; 非都市編定：,2,1,持分移轉,07720000
RPPNMLTLLHNFFAX57CA,四維段,219.00,非都市：一般農業區 ; 非都市編定：農牧用地,2,1,持分移轉,07730000
RPPNMLTLLHNFFAX57CA,四維段,288.62,非都市： ; 非都市編定：,2,1,持分移轉,12250000
RPPNMLTLLHNFFAX57CA,五福段,111.53,非都市：一般農業區 ; 非都市編定：農牧用地,2,1,持分移轉,11980000
RPRNMLKKMHNFFAX86CA,埕東段,7.66,非都市： ; 非都市編定：,10000,198,持分移轉,08560000
RPRNMLKKMHNFFAX86CA,埕東段,.12,非都市： ; 非都市編定：,10000,198,持分移轉,08600000
RPRNMLKKMHNFFAX86CA,埕東段,2.34,非都市： ; 非都市編定：,10000,198,持分移轉,08610000
RPRNMLKKMHNFFAX86CA,埕東段,18.39,非都市： ; 非都市編定：,10000,198,持分移轉,08640000
RPRNMLTLLHNFFAX77CA,鎖港南段,124.78,非都市： ; 非都市編定：,2,1,持分移轉,08860000
RPSNMLNJMHNFFAX27DA,海堤段,80.41,非都市： ; 非都市編定：,1,1,全筆移轉,11090000
RPSNMLPLMHNFFAX57CA,雙湖段,953.15,非都市：一般農業區 ; 非都市編定：農牧用地,1557,953,持分移轉,11090000
RPSNMLPLMHNFFAX57CA,雙湖段,239.79,非都市：一般農業區 ; 非都市編定：交通用地,10,4,持分移轉,11090004
RPRNMLNJMHNFFAX17DA,海堤段,107.75,非都市： ; 非都市編定：,1,1,全筆移轉,11140000
RPSNMLQKMHNFFAX67DA,馬公段,4.88,非都市： ; 非都市編定：,16,1,持分移轉,24030000
RPSNMLQKMHNFFAX67DA,馬公段,.06,非都市： ; 非都市編定：,16,1,持分移轉,24030001
RPTNMLKMLHNFFAX27DA,西溪新段,165.45,非都市：鄉村區 ; 非都市編定：乙種建築用地,1,1,全筆移轉,08100000
RPTNMLKMLHNFFAX27DA,西溪新段,63.42,非都市：鄉村區 ; 非都市編定：乙種建築用地,2,1,持分移轉,08120000
RPQNMLMKMHNFFAX96CA,文澳段,119.00,非都市： ; 非都市編定：,1,1,全筆移轉,22730000
RPQNMLTLLHNFFAX67CA,鎖港南段,41.59,非都市： ; 非都市編定：,6,1,持分移轉,08860001
RPQNMLTLLHNFFAX67CA,鎖港南段,41.59,非都市： ; 非都市編定：,6,1,持分移轉,08860001
RPRNMLSKMHNFFAX67CA,通梁東段,894.58,非都市：一般農業區 ; 非都市編定：農牧用地,1,1,全筆移轉,01890000
RPPNMLKMLHNFFAX76CA,埕西段,38.57,非都市： ; 非都市編定：,1,1,全筆移轉,05400000
RPPNMLKMLHNFFAX76CA,埕西段,23.66,非都市： ; 非都市編定：,24,4,持分移轉,05420000
RPTNMLNJMHNFFAX37DA,,89.31,非都市： ; 非都市編定：,1,1,全筆移轉,11050000
RPQNMLLMLHNFFAX96CA,潭邊新段,590.85,非都市：一般農業區 ; 非都市編定：農牧用地,1,1,全筆移轉,05060003
RPSNMLNLMHNFFAX37CA,文東段,522.25,非都市：一般農業區 ; 非都市編定：農牧用地,100,61,持分移轉,18220000
RPSNMLNLMHNFFAX37CA,文東段,333.90,非都市：一般農業區 ; 非都市編定：農牧用地,100,39,持分移轉,18220000
RPSNMLKMLHNFFAX07CA,沙港北段,40.02,非都市：一般農業區 ; 非都市編定：交通用地,1,1,全筆移轉,05190000
RPPNMLMJMHNFFAX76CA,文東段,672.21,非都市：一般農業區 ; 非都市編定：農牧用地,3,1,持分移轉,16440000
RPPNMLMJMHNFFAX76CA,城北段,114.78,非都市：一般農業區 ; 非都市編定：農牧用地,3,1,持分移轉,13690003
RPRNMLLMLHNFFAX07CA,池東段,1470.16,非都市：一般農業區 ; 非都市編定：農牧用地,1,1,全筆移轉,34970000
RPSNMLLMLHNFFAX17CA,東澳段,123.56,非都市： ; 非都市編定：,1,1,全筆移轉,01250000
RPTNMLKKMHNFFAX07CA,國宅段,117.09,非都市： ; 非都市編定：,1,1,全筆移轉,03190009
RPTNMLLMLHNFFAX37DA,城北段,923.44,非都市：一般農業區 ; 非都市編定：農牧用地,1,1,全筆移轉,05860000
RPTNMLRKMHNFFAX87DA,四維段,150.46,非都市：鄉村區 ; 非都市編定：乙種建築用地,1,1,全筆移轉,10840000
RPOOMLLLOHOFFAX27DA,埕中段,3.81,非都市： ; 非都市編定：,10000,307,持分移轉,00310000
RPOOMLLLOHOFFAX27DA,埕中段,.23,非都市： ; 非都市編定：,10000,307,持分移轉,00410001
RPOOMLLLOHOFFAX27DA,埕中段,.17,非都市： ; 非都市編定：,10000,307,持分移轉,00340001
RPOOMLLLOHOFFAX27DA,埕中段,5.11,非都市： ; 非都市編定：,10000,307,持分移轉,00420000
RPPNMLNJMHNFFAX86CA,五德西段,293.25,非都市：鄉村區 ; 非都市編定：乙種建築用地,1,1,全筆移轉,06130000
RPPNMLNJMHNFFAX86CA,五德西段,228.26,非都市：一般農業區 ; 非都市編定：農牧用地,1,1,全筆移轉,06140000
RPSNMLKKMHNFFAX96CA,竹灣段,108.10,非都市：鄉村區 ; 非都市編定：乙種建築用地,1,1,全筆移轉,04220000
RPSNMLKKMHNFFAX96CA,竹灣段,175.38,非都市：鄉村區 ; 非都市編定：乙種建築用地,1,1,全筆移轉,04520000
RPSNMLKKMHNFFAX96CA,竹灣段,344.83,非都市：鄉村區 ; 非都市編定：遊憩用地,1,1,全筆移轉,04540000
RPQNMLNJMHNFFAX96CA,赤崁中段,1177.20,非都市：一般農業區 ; 非都市編定：農牧用地,1,1,全筆移轉,09270000
RPPNMLLMLHNFFAX86CA,中衛段,2109.44,非都市：一般農業區 ; 非都市編定：農牧用地,10000,4822,持分移轉,16540000
RPUNMLKKMHNFFAX17CA,下瓦硐段,317.50,非都市：一般農業區 ; 非都市編定：農牧用地,2,1,持分移轉,13480000
RPUNMLKKMHNFFAX17CA,下瓦硐段,486.82,非都市：一般農業區 ; 非都市編定：農牧用地,2,1,持分移轉,13490000
RPUNMLKKMHNFFAX17CA,下瓦硐段,183.28,非都市：一般農業區 ; 非都市編定：農牧用地,2,1,持分移轉,13590000
RPUNMLKKMHNFFAX17CA,下瓦硐段,240.96,非都市：一般農業區 ; 非都市編定：農牧用地,2,1,持分移轉,13620000
RPUNMLNLMHNFFAX57CA,七美一段,610.00,非都市：風景區 ; 非都市編定：農牧用地,1,1,全筆移轉,10000000
RPPNMLLJMHNFFAX66CA,馬公段,36.25,非都市： ; 非都市編定：,10000,36,持分移轉,02010000
RPPNMLLJMHNFFAX66CA,馬公段,3.75,非都市： ; 非都市編定：,10000,30,持分移轉,02010003
RPPNMLQLMHNFFAX37CA,馬公段,63.00,非都市： ; 非都市編定：,1,1,全筆移轉,01030241
RPSOMLKKMHNFFAX07CA,五福段,163.30,非都市：一般農業區 ; 非都市編定：甲種建築用地,1,1,全筆移轉,08900002
RPSOMLKKMHNFFAX07CA,五福段,89.90,非都市：一般農業區 ; 非都市編定：交通用地,4,1,持分移轉,08900004
RPQNMLRKMHNFFAX57DA,文光段,134.01,非都市： ; 非都市編定：,1,1,全筆移轉,06710000
RPROMLKKMHNFFAX96CA,五福段,89.90,非都市：一般農業區 ; 非都市編定：交通用地,4,1,持分移轉,08900004
RPROMLKKMHNFFAX96CA,五福段,165.17,非都市：一般農業區 ; 非都市編定：甲種建築用地,1,1,全筆移轉,08900000
RPQNMLNKMHNFFAX07CA,馬公段,38.00,非都市： ; 非都市編定：,1,1,全筆移轉,16210126
RPSNMLLKMHNFFAX17DA,馬公段,6.00,非都市： ; 非都市編定：,1,1,全筆移轉,24760008
RPVNMLKKMHNFFAX27CA,東衛段,680.06,非都市：鄉村區 ; 非都市編定：乙種建築用地,1,1,全筆移轉,09220000
RPXNMLKKMHNFFAX47CA,城北段,2733.50,非都市：一般農業區 ; 非都市編定：農牧用地,1,1,全筆移轉,09100000
RPPOMLKKMHNFFAX86DA,鎖港南段,39.88,非都市： ; 非都市編定：,1,1,全筆移轉,05500000
RPUNMLLKMHNFFAX27CA,鎖港南段,121.87,非都市： ; 非都市編定：,1,1,全筆移轉,05420000
TPQNMLNKMHNFFAX27CA,馬公段,35.00,非都市： ; 非都市編定：,1,1,全筆移轉,16210127
SPQNMLNKMHNFFAX17CA,馬公段,28.00,非都市： ; 非都市編定：,1,1,全筆移轉,16210128
UPQNMLNKMHNFFAX37CA,馬公段,28.00,非都市： ; 非都市編定：,1,1,全筆移轉,16210129
RPUNMLSKMHNFFAX97CA,馬公段,11.00,非都市： ; 非都市編定：,1,1,全筆移轉,02750001
RPPNMLSKMHNFFAX47CA,,96.20,非都市： ; 非都市編定：,1,1,全筆移轉,02170000
RPQNMLQKMHNFFAX37CA,五福段,2492.40,非都市：一般農業區 ; 非都市編定：農牧用地,1,1,全筆移轉,05430000
RPPNMLQKMHNFFAX27CA,,211.07,非都市： ; 非都市編定：,1,1,全筆移轉,14890000
RPRNMLMKMHNFFAX07CA,,25.76,非都市： ; 非都市編定：,1,1,全筆移轉,06110000
RPRNMLRKMHNFFAX57CA,,336.47,非都市： ; 非都市編定：,1,1,全筆移轉,04620001
RPSNMLRKMHNFFAX67CA,,41.17,非都市： ; 非都市編定：,5,1,持分移轉,05620000
RPSNMLRKMHNFFAX67CA,,49.72,非都市： ; 非都市編定：,1,1,全筆移轉,05630000
RPQNMLTKMHNFFAX67CA,,143.54,非都市： ; 非都市編定：,1,1,全筆移轉,14460000
RPUNMLRKMHNFFAX87CA,港子段,900.00,非都市：一般農業區 ; 非都市編定：農牧用地,1,1,全筆移轉,16910000
RPPNMLSLMHNFFAX67DA,七美二段,217.25,非都市：鄉村區 ; 非都市編定：乙種建築用地,1,1,全筆移轉,09950001
RPPNMLSLMHNFFAX67DA,七美二段,264.25,非都市：鄉村區 ; 非都市編定：乙種建築用地,1,1,全筆移轉,09950002
RPPNMLSLMHNFFAX67DA,七美二段,264.00,非都市：鄉村區 ; 非都市編定：乙種建築用地,1,1,全筆移轉,09950003
RPRNMLOJNHNFFAX27CA,五福段,291.13,非都市：一般農業區 ; 非都市編定：農牧用地,1,1,全筆移轉,08910001
RPRNMLOJNHNFFAX27CA,五福段,291.13,非都市：一般農業區 ; 非都市編定：農牧用地,1,1,全筆移轉,08910002
RPRNMLPLMHNFFAX47CA,東衛段,37.72,非都市：一般農業區 ; 非都市編定：交通用地,12,1,持分移轉,10310004
RPRNMLPLMHNFFAX47CA,東衛段,266.29,非都市：一般農業區 ; 非都市編定：甲種建築用地,1,1,全筆移轉,10310010
RPUNMLOJNHNFFAX57CA,湖西北段,215.72,非都市：一般農業區 ; 非都市編定：農牧用地,292498,21572,持分移轉,05710000
RPPNMLTKMHNFFAX57CA,,62.16,非都市： ; 非都市編定：,2,1,持分移轉,01930000
RPPNMLQJNHNFFAX27CA,安宅段,169.33,非都市：一般農業區 ; 非都市編定：甲種建築用地,1,1,全筆移轉,01010002
RPPNMLQJNHNFFAX27CA,安宅段,39.35,非都市：一般農業區 ; 非都市編定：交通用地,15,1,持分移轉,01010004
RPTNMLSKMHNFFAX97DA,,3284.12,非都市： ; 非都市編定：,5,4,持分移轉,14810000
RPPNMLNLMHNFFAX07CA,講美段,242.51,非都市：鄉村區 ; 非都市編定：乙種建築用地,2,1,持分移轉,02530000
RPPNMLNLMHNFFAX07CA,講美段,242.51,非都市：鄉村區 ; 非都市編定：乙種建築用地,2,1,持分移轉,02530000
RPPNMLNLMHNFFAX07CA,講美段,170.50,非都市：鄉村區 ; 非都市編定：乙種建築用地,2,1,持分移轉,02540000
RPPNMLNLMHNFFAX07CA,講美段,170.50,非都市：鄉村區 ; 非都市編定：乙種建築用地,2,1,持分移轉,02540000
RPQNMLNLMHNFFAX17CA,,184.26,非都市： ; 非都市編定：,1,1,全筆移轉,02850000
RPQNMLNLMHNFFAX17CA,,11.73,非都市： ; 非都市編定：,1,1,全筆移轉,02880000
RPQNMLNLMHNFFAX17CA,,2.89,非都市： ; 非都市編定：,1,1,全筆移轉,02880001
RPQNMLRKNHNFFAX57CA,五福段,243.13,非都市：一般農業區 ; 非都市編定：農牧用地,970,243,持分移轉,00760000
RPQNMLRKNHNFFAX57CA,五福段,242.12,非都市：一般農業區 ; 非都市編定：農牧用地,970,242,持分移轉,00760000
RPQNMLRKNHNFFAX57CA,五福段,242.12,非都市：一般農業區 ; 非都市編定：農牧用地,970,242,持分移轉,00760000
RPPNMLOKNHNFFAX17CA,池西段,1018.67,非都市：一般農業區 ; 非都市編定：農牧用地,1,1,全筆移轉,00150000
RPPNMLKLMHNFFAX76CA,,40.00,非都市： ; 非都市編定：,1,1,全筆移轉,03630002
RPPNMLLLMHNFFAX96DA,五福段,202.64,非都市：一般農業區 ; 非都市編定：甲種建築用地,1,1,全筆移轉,10060002
RPPNMLLLMHNFFAX96DA,五福段,18.94,非都市：一般農業區 ; 非都市編定：交通用地,4,1,持分移轉,10060004
RPPNMLLLMHNFFAX96DA,五福段,20.83,非都市：一般農業區 ; 非都市編定：交通用地,4,1,持分移轉,10060005
RPPNMLTLMHNFFAX77DA,四維段,162.66,非都市：一般農業區 ; 非都市編定：農牧用地,1,1,全筆移轉,05860000
RPPNMLTLMHNFFAX77DA,四維段,27.69,非都市：一般農業區 ; 非都市編定：交通用地,10,1,持分移轉,05860002
RPPNMLTLMHNFFAX77DA,四維段,1.14,非都市：一般農業區 ; 非都市編定：交通用地,5,1,持分移轉,05860010
RPPNMLTLMHNFFAX77DA,四維段,12.81,非都市：一般農業區 ; 非都市編定：交通用地,15,1,持分移轉,05870004
RPQNMLPLMHNFFAX47DA,南寮北段,1032.62,非都市：一般農業區 ; 非都市編定：農牧用地,1000,473,持分移轉,15690000
RPRNMLMKNHNFFAX17CA,埕西段,38.58,非都市： ; 非都市編定：,14,1,持分移轉,00010000
RPPNMLOJNHNFFAX07CA,興仁段,1247.98,非都市：一般農業區 ; 非都市編定：農牧用地,1,1,全筆移轉,15470000
RPRNMLOKNHNFFAX37CA,海堤段,288.70,非都市：一般農業區 ; 非都市編定：農牧用地,2,1,持分移轉,00250000
RPPNMLOLMHNFFAX17CA,埕東段,24.33,非都市： ; 非都市編定：,40,2,持分移轉,02350000
RPSNMLMLNHNFFAX37CA,文寮段,173.32,非都市：一般農業區 ; 非都市編定：甲種建築用地,1,1,全筆移轉,00400003
RPSNMLMLNHNFFAX37CA,文寮段,57.47,非都市：一般農業區 ; 非都市編定：交通用地,8,1,持分移轉,00400004
RPRNMLNLMHNFFAX37DA,,4.77,非都市： ; 非都市編定：,12,1,持分移轉,03050000
RPPNMLPJNHNFFAX17CA,五福段,170.19,非都市：一般農業區 ; 非都市編定：甲種建築用地,1,1,全筆移轉,08890000
RPPNMLPJNHNFFAX17CA,五福段,8.99,非都市：一般農業區 ; 非都市編定：交通用地,5,1,持分移轉,08890004
RPPNMLNJNHNFFAX96CA,沙港南段,7.61,非都市：一般農業區 ; 非都市編定：農牧用地,18,1,持分移轉,03230000
RPPNMLNJNHNFFAX96CA,沙港南段,25.01,非都市：一般農業區 ; 非都市編定：農牧用地,18,1,持分移轉,03240000
RPPNMLNJNHNFFAX96CA,鼎灣新段,7.06,非都市：鄉村區 ; 非都市編定：乙種建築用地,18,1,持分移轉,04610000
RPPNMLNJNHNFFAX96CA,鼎灣新段,63.11,非都市：一般農業區 ; 非都市編定：農牧用地,18,1,持分移轉,07730000
RPPNMLNJNHNFFAX96CA,鼎灣新段,7.18,非都市：一般農業區 ; 非都市編定：農牧用地,18,1,持分移轉,08390000
RPPNMLNJNHNFFAX96CA,鼎灣新段,7.86,非都市：一般農業區 ; 非都市編定：農牧用地,18,1,持分移轉,08700000
RPPNMLNJNHNFFAX96CA,鼎灣新段,5.40,非都市：一般農業區 ; 非都市編定：農牧用地,18,1,持分移轉,08730000
RPPNMLNJNHNFFAX96CA,鼎灣新段,101.17,非都市：一般農業區 ; 非都市編定：農牧用地,18,1,持分移轉,12590000
RPPNMLNJNHNFFAX96CA,許家段,99.16,非都市：一般農業區 ; 非都市編定：農牧用地,18,1,持分移轉,08290000
RPPNMLNJNHNFFAX96CA,中西段,18.39,非都市：一般農業區 ; 非都市編定：農牧用地,9,1,持分移轉,00610000
RPPNMLNJNHNFFAX96CA,中西段,67.36,非都市：一般農業區 ; 非都市編定：農牧用地,9,1,持分移轉,08990000
RPPNMLLJNHNFFAX76CA,山水南段,53.31,非都市：一般農業區 ; 非都市編定：甲種建築用地,1,1,全筆移轉,05540000
RPSNMLLJNHNFFAX07CA,講美段,204.01,非都市：一般農業區 ; 非都市編定：農牧用地,1,1,全筆移轉,06920000
RPRNMLSJNHNFFAX77DA,興仁段,170.32,非都市：一般農業區 ; 非都市編定：甲種建築用地,1,1,全筆移轉,03050001
RPRNMLSJNHNFFAX77DA,興仁段,62.33,非都市：一般農業區 ; 非都市編定：交通用地,9,1,持分移轉,03050004
RPPNMLMJNHNFFAX86CA,鼎灣新段,32.41,非都市：一般農業區 ; 非都市編定：農牧用地,1,1,全筆移轉,06070000
RPQNMLLJNHNFFAX86CA,西溪新段,29.53,非都市：鄉村區 ; 非都市編定：乙種建築用地,8,1,持分移轉,03960000
RPQNMLLJNHNFFAX86CA,西溪新段,.84,非都市：鄉村區 ; 非都市編定：交通用地,8,1,持分移轉,03970000
RPQNMLLJNHNFFAX86CA,西溪新段,1.46,非都市：鄉村區 ; 非都市編定：交通用地,8,1,持分移轉,04010000
RPQNMLLJNHNFFAX86CA,西溪新段,14.38,非都市：鄉村區 ; 非都市編定：乙種建築用地,8,1,持分移轉,04020000
RPTNMLMLNHNFFAX47CA,中衛段,305.62,非都市： ; 非都市編定：,1,1,全筆移轉,07010001
RPTNMLOJNHNFFAX47CA,望安段,115.50,非都市：鄉村區 ; 非都市編定：乙種建築用地,2,1,持分移轉,11000000
RPUNMLMLNHNFFAX57CA,中衛段,42.58,非都市： ; 非都市編定：,12,5,持分移轉,07280000
RPQNMLSKNHNFFAX67CA,六合段,241.17,非都市：一般農業區 ; 非都市編定：農牧用地,1067,241,持分移轉,02100000
RPQNMLSKNHNFFAX67CA,六合段,241.17,非都市：一般農業區 ; 非都市編定：農牧用地,1067,241,持分移轉,02100000
RPQNMLSKNHNFFAX67CA,六合段,244.17,非都市：一般農業區 ; 非都市編定：農牧用地,1067,244,持分移轉,02100000
RPQNMLOJNHNFFAX17CA,文東段,24.38,非都市：一般農業區 ; 非都市編定：甲種建築用地,1,1,全筆移轉,16270001
RPRNMLLJNHNFFAX96CA,講美段,562.34,非都市：一般農業區 ; 非都市編定：農牧用地,1,1,全筆移轉,06930000
RPPNMLTJNHNFFAX67DA,湖西南段,23.55,非都市：鄉村區 ; 非都市編定：乙種建築用地,1,1,全筆移轉,06430001
RPSNMLOJNHNFFAX47DA,馬公段,71.00,非都市： ; 非都市編定：,1,1,全筆移轉,20210039
RPQNMLLLNHNFFAX07CA,二崁南段,116.47,非都市：一般農業區 ; 非都市編定：甲種建築用地,8,1,持分移轉,14460000
RPQNMLPKNHNFFAX37CA,東衛段,757.96,非都市：鄉村區 ; 非都市編定：乙種建築用地,1,1,全筆移轉,11470000
RPUNMLOKNHOFFAX77CA,埕東段,23.96,非都市： ; 非都市編定：,1000,165,持分移轉,00050000
RPRNMLRJNHNFFAX57CA,鎖港南段,73.09,非都市： ; 非都市編定：,1,1,全筆移轉,05430000
RPPNMLSJNHNFFAX57DA,文東段,693.86,非都市：一般農業區 ; 非都市編定：農牧用地,1,1,全筆移轉,11480000
RPTNMLLMNHNFFAX47CA,文光段,26.91,非都市： ; 非都市編定：,100000,617,持分移轉,00570000
RPQNMLQJNHNFFAX37CA,馬公段,75.00,非都市： ; 非都市編定：,1,1,全筆移轉,01020010
RPPNMLRJNHNFFAX37CA,光榮段,157.45,非都市： ; 非都市編定：,1,1,全筆移轉,07830000
RPPNMLRJNHNFFAX37CA,光榮段,159.97,非都市： ; 非都市編定：,1,1,全筆移轉,07850000
RPPNMLRJNHNFFAX37CA,光榮段,263.64,非都市： ; 非都市編定：,1,1,全筆移轉,08580000
RPSNMLRJNHNFFAX67CA,光榮段,430.25,非都市： ; 非都市編定：,17210,4302,持分移轉,02440000
RPQOMLNKNHOFFAX37CA,文光段,25.52,非都市： ; 非都市編定：,300000,924,持分移轉,00200000
RPQOMLNKNHOFFAX37CA,文光段,3.30,非都市： ; 非都市編定：,300000,924,持分移轉,00540000
RPQNMLTJNHNFFAX77DA,北極段,7.53,非都市： ; 非都市編定：,2,1,持分移轉,06150000
RPQNMLTJNHNFFAX77DA,北極段,2.52,非都市： ; 非都市編定：,2,1,持分移轉,06160000
RPQNMLTJNHNFFAX77DA,北極段,36.30,非都市： ; 非都市編定：,2,1,持分移轉,06170000
RPQNMLTJNHNFFAX77DA,北極段,91.94,非都市： ; 非都市編定：,2,1,持分移轉,06250000
RPQNMLTJNHNFFAX77DA,北極段,23.43,非都市： ; 非都市編定：,2,1,持分移轉,06260000
RPVNMLOJNHNFFAX67CA,鐵線段,213.70,非都市：一般農業區 ; 非都市編定：農牧用地,108,10,持分移轉,04740000
RPPNMLKKNHNFFAX86DA,埕西段,64.91,非都市： ; 非都市編定：,1,1,全筆移轉,02830000
RPUNMLOLNHNFFAX77CA,大嶼段,13.75,非都市：一般農業區 ; 非都市編定：農牧用地,24,1,持分移轉,47810000
RPUNMLOLNHNFFAX77CA,大嶼段,49.71,非都市：一般農業區 ; 非都市編定：農牧用地,24,1,持分移轉,45230000
RPUNMLOLNHNFFAX77CA,大嶼段,59.67,非都市：一般農業區 ; 非都市編定：農牧用地,24,1,持分移轉,47490000
RPUNMLOLNHNFFAX77CA,大嶼段,15.92,非都市：一般農業區 ; 非都市編定：農牧用地,24,1,持分移轉,47490001
RPUNMLOLNHNFFAX77CA,大嶼段,33.92,非都市：一般農業區 ; 非都市編定：農牧用地,24,1,持分移轉,47620000
RPUNMLOLNHNFFAX77CA,大嶼段,3.25,非都市：一般農業區 ; 非都市編定：交通用地,24,1,持分移轉,47620001
RPUNMLOLNHNFFAX77CA,大嶼段,116.58,非都市：一般農業區 ; 非都市編定：農牧用地,24,1,持分移轉,24070000
RPUNMLOLNHNFFAX77CA,大嶼段,81.25,非都市：一般農業區 ; 非都市編定：農牧用地,24,1,持分移轉,24100000
RPUNMLOLNHNFFAX77CA,大嶼段,22.62,非都市：一般農業區 ; 非都市編定：農牧用地,24,1,持分移轉,42730000
RPUNMLOLNHNFFAX77CA,大嶼段,26.67,非都市：一般農業區 ; 非都市編定：農牧用地,24,1,持分移轉,42750000
RPUNMLOLNHNFFAX77CA,大嶼段,30.92,非都市：一般農業區 ; 非都市編定：農牧用地,24,1,持分移轉,42760000
RPUNMLOLNHNFFAX77CA,大嶼段,30.92,非都市：一般農業區 ; 非都市編定：農牧用地,24,1,持分移轉,42880000
RPUNMLOLNHNFFAX77CA,大嶼段,6.08,非都市：一般農業區 ; 非都市編定：農牧用地,24,1,持分移轉,43030000
RPUNMLOLNHNFFAX77CA,大嶼段,10.46,非都市：一般農業區 ; 非都市編定：甲種建築用地,24,1,持分移轉,43030001
RPUNMLOLNHNFFAX77CA,大嶼段,7.67,非都市：一般農業區 ; 非都市編定：甲種建築用地,24,1,持分移轉,43040000
RPUNMLOLNHNFFAX77CA,大嶼段,14.00,非都市：一般農業區 ; 非都市編定：甲種建築用地,24,1,持分移轉,43050000
RPUNMLOLNHNFFAX77CA,大嶼段,14.54,非都市：一般農業區 ; 非都市編定：農牧用地,24,1,持分移轉,43080000
RPUNMLOLNHNFFAX77CA,大嶼段,12.75,非都市：一般農業區 ; 非都市編定：農牧用地,24,1,持分移轉,43090000
RPUNMLOLNHNFFAX77CA,大嶼段,27.67,非都市：一般農業區 ; 非都市編定：農牧用地,24,1,持分移轉,43150000
RPUNMLOLNHNFFAX77CA,大嶼段,20.62,非都市：一般農業區 ; 非都市編定：農牧用地,24,1,持分移轉,43190000
RPUNMLOLNHNFFAX77CA,大嶼段,31.71,非都市：一般農業區 ; 非都市編定：農牧用地,24,1,持分移轉,43510000
RPUNMLOLNHNFFAX77CA,大嶼段,9.42,非都市：一般農業區 ; 非都市編定：農牧用地,24,1,持分移轉,48190000
RPUNMLOLNHNFFAX77CA,大嶼段,.33,非都市：一般農業區 ; 非都市編定：交通用地,24,1,持分移轉,48190002
RPUNMLOLNHNFFAX77CA,大嶼段,51.46,非都市：一般農業區 ; 非都市編定：農牧用地,24,1,持分移轉,48370000
RPUNMLOLNHNFFAX77CA,大嶼段,6.54,非都市：一般農業區 ; 非都市編定：交通用地,24,1,持分移轉,48370001
RPUNMLOLNHNFFAX77CA,大嶼段,124.88,非都市：一般農業區 ; 非都市編定：農牧用地,8,1,持分移轉,48480000
RPUNMLOLNHNFFAX77CA,大嶼段,14.88,非都市：一般農業區 ; 非都市編定：農牧用地,24,1,持分移轉,49050000
RPUNMLOLNHNFFAX77CA,大嶼段,15.42,非都市：一般農業區 ; 非都市編定：甲種建築用地,24,1,持分移轉,49050001
RPUNMLOLNHNFFAX77CA,大嶼段,23.04,非都市：一般農業區 ; 非都市編定：農牧用地,24,1,持分移轉,49330000
RPUNMLOLNHNFFAX77CA,大嶼段,15.71,非都市：一般農業區 ; 非都市編定：農牧用地,24,1,持分移轉,50240000
RPUNMLOLNHNFFAX77CA,大嶼段,25.54,非都市：一般農業區 ; 非都市編定：農牧用地,24,1,持分移轉,50260000
RPUNMLOLNHNFFAX77CA,大嶼段,36.17,非都市：一般農業區 ; 非都市編定：農牧用地,24,1,持分移轉,50300000
RPUNMLOLNHNFFAX77CA,大嶼段,20.79,非都市：一般農業區 ; 非都市編定：農牧用地,24,1,持分移轉,50270000
RPUNMLOLNHNFFAX77CA,大嶼段,24.67,非都市：一般農業區 ; 非都市編定：農牧用地,24,1,持分移轉,50320000
RPQNMLSJNHNFFAX67DA,雙湖段,417.87,非都市：一般農業區 ; 非都市編定：農牧用地,1,1,全筆移轉,04740000
RPVNMLMLNHNFFAX77DA,成功南段,230.85,非都市：一般農業區 ; 非都市編定：甲種建築用地,1,1,全筆移轉,11400007
RPVNMLMLNHNFFAX77DA,成功南段,41.64,非都市：一般農業區 ; 非都市編定：交通用地,8,1,持分移轉,11400004
RPPNMLPKNHNFFAX37DA,水垵段,160.00,非都市：一般農業區 ; 非都市編定：甲種建築用地,1,1,全筆移轉,18610000
RPPNMLRKNHNFFAX47CA,五福段,281.40,非都市：鄉村區 ; 非都市編定：乙種建築用地,1,1,全筆移轉,09280000
RPRNMLTJNHNFFAX77CA,中衛段,74.64,非都市： ; 非都市編定：,3,1,持分移轉,04200003
RPRNMLTJNHNFFAX77CA,中衛段,444.93,非都市： ; 非都市編定：,1,1,全筆移轉,04200000
RPSNMLMKNHNFFAX27CA,馬公段,18.38,非都市： ; 非都市編定：,10000,494,持分移轉,01970000
RPTNMLMKNHNFFAX37CA,文光段,115.26,非都市： ; 非都市編定：,1,1,全筆移轉,02180000
RPQNMLMKNHNFFAX07CA,文石段,1455.15,非都市：一般農業區 ; 非都市編定：農牧用地,1,1,全筆移轉,11590000
RPRNMLPKNHNFFAX47CA,東衛段,757.96,非都市：鄉村區 ; 非都市編定：乙種建築用地,1,1,全筆移轉,11470001
