﻿編號,車位類別,車位價格,車位面積平方公尺,車位所在樓層
Serial number,berth category,berth price,berth area square meter,
RPRNMLLJLHNFFAX86DA,坡道平面,0,5.76,
RPRNMLMKLHNFFAX96CA,坡道平面,500000,23.31,
RPTNMLMKLHNFFAX17CA,坡道平面,700000,23.31,
RPUNMLMKLHNFFAX27CA,坡道平面,700000,23.31,
RPSNMLSLLHNFFAX77CA,一樓平面,0,,
RPQNMLMLLHNFFAX96CA,坡道平面,700000,23.30,
RPQNMLMLLHNFFAX96CA,坡道平面,700000,23.30,
RPPNMLMLLHNFFAX86CA,坡道平面,600000,23.30,
RPRNMLKKMHNFFAX86CA,升降機械,0,,
RPRNMLMKNHNFFAX17CA,坡道平面,0,,
RPTNMLLMNHNFFAX47CA,坡道平面,0,,
