﻿編號,土地位置,土地移轉面積(平方公尺),使用分區或編定,權利人持分分母,權利人持分分子,移轉情形,地號
The serial number, land position,land shifting area square meter,the use zoning or compiles and checks,,,,land parcel
RPQNMLPLOHNFFAZ87DA,馬祖段,5.19,都市：住,1,1,全筆移轉,00550002
RPPNMLNLMHNFFAZ37DA,介壽段,8.20,都市：其他:農業用地及住宅區,100000,5112,持分移轉,08510000
RPPNMLSJLHNFFAZ57DA,介壽段,8.20,都市：其他:農業及住宅區,100000,5112,持分移轉,08510000
RPPNMLNKMHNFFAZ27DA,東引西段,16.71,都市：住,1,1,全筆移轉,07230013
RPPNMLTKMHNFFAZ87DA,塘岐段,18.24,都市：商,1,1,全筆移轉,05200000
