﻿鄉鎮市區,交易標的,土地位置建物門牌,土地移轉總面積平方公尺,都市土地使用分區,非都市土地使用分區,非都市土地使用編定,交易年月日,交易筆棟數,移轉層次,總樓層數,建物型態,主要用途,主要建材,建築完成年月,建物移轉總面積平方公尺,建物現況格局-房,建物現況格局-廳,建物現況格局-衛,建物現況格局-隔間,有無管理組織,總價元,單價元平方公尺,車位類別,車位移轉總面積平方公尺,車位總價元,備註,編號
The villages and towns urban district,transaction sign,land sector position building sector house number plate,land shifting total area square meter,the use zoning or compiles and checks,the non-metropolis land use district,non-metropolis land use,transaction year month and day,transaction pen number,shifting level,total floor number,building state,main use,main building materials,construction to complete the years,building shifting total area,Building present situation pattern - room,building present situation pattern - hall,building present situation pattern - health,building present situation pattern - compartmented,Whether there is manages the organization,total price NTD,the unit price (NTD / square meter),the berth category,berth shifting total area square meter,the berth total price NTD,the note,serial number
中正區,房地(土地+建物),臺北市中正區南昌路二段136號旁A棟9F,7.42,商,,,1080726,土地2建物1車位0,九層,14,住宅大樓(11層含以上有電梯),住家用,鋼筋混凝土造,,89.78,2,1,1,有,無,23580000,262642,,0.0,0,,RPSOMLMKQHOFFAA18CB
中正區,房地(土地+建物),臺北市中正區南昌路二段136號旁Ｃ棟４F,5.41,商,,,1080512,土地2建物1車位0,四層,14,住宅大樓(11層含以上有電梯),住家用,鋼筋混凝土造,,65.53,2,1,1,有,無,17250000,263238,,0.0,0,,RPUOMLMKQHOFFAA38CB
中正區,房地(土地+建物),臺北市中正區南昌路二段136號旁Ｃ棟６F,5.41,商,,,1080504,土地2建物1車位0,六層,14,住宅大樓(11層含以上有電梯),住家用,鋼筋混凝土造,,65.53,2,1,1,有,無,17580000,268274,,0.0,0,,RPVOMLMKQHOFFAA48CB
中正區,房地(土地+建物),臺北市中正區南昌路二段136號旁Ｅ棟５F,3.5,商,,,1080615,土地2建物1車位0,五層,14,住宅大樓(11層含以上有電梯),住家用,鋼筋混凝土造,,42.3,1,1,1,有,無,10740000,253901,,0.0,0,,RPXOMLMKQHOFFAA68CB
中正區,房地(土地+建物)+車位,臺北市中正區南昌路二段136號旁Ｃ棟３F,5.45,商,,,1080717,土地2建物1車位1,三層,14,住宅大樓(11層含以上有電梯),住家用,鋼筋混凝土造,,76.68,2,1,1,有,無,17850000,248016,其他,11.16,1600000,,RPQPMLMKQHOFFAA08CB
南港區,房地(土地+建物),臺北市南港區三重里重陽路A5-3F,22.43,住,,,1080409,土地1建物1車位0,三層,12,華廈(10層含以下有電梯),住家用,鋼筋混凝土造,,103.49,3,2,1,有,無,22420000,216639,,0.0,0,,RPUNMLQKQHOFFDA98CB
南港區,房地(土地+建物)+車位,臺北市南港區三重里重陽路A5-2F,22.82,住,,,1080518,土地1建物1車位1,二層,12,華廈(10層含以下有電梯),住家用,鋼筋混凝土造,,136.27,3,2,1,有,無,25260000,223790,升降平面,32.78,2100000,,RPVNMLQKQHOFFDA09CB
南港區,房地(土地+建物),臺北市南港區三重里重陽路A3-6F,21.0,住,,,1071127,土地1建物1車位0,六層,12,華廈(10層含以下有電梯),住家用,鋼筋混凝土造,,86.16,2,2,1,有,無,18500000,214717,,0.0,0,,RPWNMLQKQHOFFDA56CB
南港區,房地(土地+建物)+車位,臺北市南港區三重里重陽路A3-3F,21.79,住,,,1080220,土地1建物1車位2,三層,12,華廈(10層含以下有電梯),住家用,鋼筋混凝土造,,151.72,3,2,1,有,無,22880000,216806,升降平面,65.56,4200000,,RPXNMLQKQHOFFDA66CB
南港區,房地(土地+建物)+車位,臺北市南港區三重里重陽路A2-6F,24.26,住,,,1071013,土地1建物1車位1,六層,12,華廈(10層含以下有電梯),住家用,鋼筋混凝土造,,128.99,3,2,1,有,無,23900000,226068,升降平面,32.78,2150000,,RPQOMLQKQHOFFDA68CB
南港區,房地(土地+建物)+車位,臺北市南港區三重里重陽路A2-2F,24.26,住,,,1080518,土地1建物1車位1,二層,12,華廈(10層含以下有電梯),住家用,鋼筋混凝土造,,128.99,2,2,1,有,無,23900000,225548,升降平面,32.78,2200000,,RPROMLQKQHOFFDA78CB
南港區,房地(土地+建物)+車位,臺北市南港區三重里重陽路A1-9F,21.15,住,,,1070708,土地1建物1車位1,九層,12,華廈(10層含以下有電梯),住家用,鋼筋混凝土造,,118.05,2,2,1,有,無,21500000,227513,升降平面,32.78,2100000,,RPSOMLQKQHOFFDA88CB
南港區,房地(土地+建物)+車位,臺北市南港區三重里重陽路A1-8F,21.15,住,,,1080429,土地1建物1車位1,八層,12,華廈(10層含以下有電梯),住家用,鋼筋混凝土造,,118.05,2,2,1,有,無,21600000,228685,升降平面,32.78,2100000,,RPTOMLQKQHOFFDA98CB
南港區,房地(土地+建物)+車位,臺北市南港區三重里重陽路A1-7F,21.15,住,,,1080429,土地1建物1車位1,七層,12,華廈(10層含以下有電梯),住家用,鋼筋混凝土造,,115.3,2,2,1,有,無,21450000,227513,升降平面,30.03,2050000,,RPUOMLQKQHOFFDA09CB
南港區,房地(土地+建物)+車位,臺北市南港區三重里重陽路A1-6F,21.15,住,,,1080507,土地1建物1車位1,六層,12,華廈(10層含以下有電梯),住家用,鋼筋混凝土造,,115.3,2,2,1,有,無,21380000,226926,升降平面,30.03,2030000,,RPVOMLQKQHOFFDA56CB
南港區,房地(土地+建物)+車位,臺北市南港區三重里重陽路A1-5F,21.15,住,,,1071204,土地1建物1車位1,五層,12,華廈(10層含以下有電梯),住家用,鋼筋混凝土造,,115.3,2,2,1,有,無,21150000,222822,升降平面,30.03,2150000,,RPXOMLQKQHOFFDA76CB
南港區,房地(土地+建物)+車位,臺北市南港區三重里重陽路A1-4F,21.15,住,,,1070916,土地1建物1車位1,四層,12,華廈(10層含以下有電梯),住家用,鋼筋混凝土造,,118.05,2,2,1,有,無,20980000,220828,升降平面,32.78,2150000,,RPOPMLQKQHOFFDA58CB
南港區,房地(土地+建物)+車位,臺北市南港區三重里重陽路A1-3F,21.15,住,,,1080626,土地1建物1車位1,三層,12,華廈(10層含以下有電梯),住家用,鋼筋混凝土造,,118.05,2,2,1,有,無,21390000,225519,升降平面,32.78,2160000,,RPPPMLQKQHOFFDA68CB
南港區,房地(土地+建物),臺北市南港區三重里重陽路A1-2F,20.76,住,,,1080618,土地1建物1車位0,二層,12,華廈(10層含以下有電梯),住家用,鋼筋混凝土造,,85.27,2,2,1,有,無,19720000,231265,,0.0,0,,RPQPMLQKQHOFFDA78CB
南港區,房地(土地+建物)+車位,臺北市南港區三重里重陽路A2-8F,24.26,住,,,1070621,土地1建物1車位1,八層,12,華廈(10層含以下有電梯),住家用,鋼筋混凝土造,,128.99,3,2,1,有,無,24030000,227419,升降平面,32.78,2150000,,RPSPMLQKQHOFFDA98CB
中正區,房地(土地+建物),臺北市中正區羅斯福路三段210巷旁Ａ棟１３樓,8.81,商,,,1080514,土地1建物1車位0,十三層,14,住宅大樓(11層含以上有電梯),住家用,鋼筋混凝土造,,92.02,2,2,2,有,無,32800000,356444,,0.0,0,,RPWNMLMLQHOFFAA58CB
中正區,房地(土地+建物)+車位,臺北市中正區羅斯福路三段210巷旁Ａ棟５樓,9.4,商,,,1080510,土地1建物1車位1,五層,14,住宅大樓(11層含以上有電梯),住家用,鋼筋混凝土造,,133.79,2,2,2,有,無,34200000,327802,其他,36.17,2200000,,RPXNMLMLQHOFFAA68CB
中正區,房地(土地+建物)+車位,臺北市中正區羅斯福路三段210巷旁Ａ棟１１樓,8.81,商,,,1080516,土地1建物1車位1,十一層,14,住宅大樓(11層含以上有電梯),住家用,鋼筋混凝土造,,127.81,2,2,2,有,無,34860000,356395,其他,36.17,2200000,,RPOOMLMLQHOFFAA87CB
中正區,房地(土地+建物),臺北市中正區羅斯福路三段210巷旁Ｃ棟３樓,7.88,商,,,1080513,土地1建物1車位0,三層,14,住宅大樓(11層含以上有電梯),住家用,鋼筋混凝土造,,81.59,2,2,2,有,無,26380000,323324,,0.0,0,,RPPOMLMLQHOFFAA97CB
中正區,房地(土地+建物),臺北市中正區羅斯福路三段210巷旁Ｃ棟４樓,7.88,商,,,1080601,土地1建物1車位0,四層,14,住宅大樓(11層含以上有電梯),住家用,鋼筋混凝土造,,81.59,2,2,2,有,無,26500000,324795,,0.0,0,,RPQOMLMLQHOFFAA08CB
中正區,房地(土地+建物)+車位,臺北市中正區羅斯福路三段210巷旁Ｃ棟９樓,7.88,商,,,1080518,土地1建物1車位1,九層,14,住宅大樓(11層含以上有電梯),住家用,鋼筋混凝土造,,117.76,2,2,2,有,無,30900000,351759,其他,36.17,2200000,,RPROMLMLQHOFFAA18CB
中正區,房地(土地+建物)+車位,臺北市中正區羅斯福路三段210巷旁Ｃ棟１２樓,7.88,商,,,1080520,土地1建物1車位1,十二層,14,住宅大樓(11層含以上有電梯),住家用,鋼筋混凝土造,,117.76,2,2,2,有,無,31680000,361319,其他,36.17,2200000,,RPSOMLMLQHOFFAA28CB
中正區,房地(土地+建物),臺北市中正區羅斯福路三段210巷旁Ａ棟２樓,8.8,商,,,1080812,土地1建物1車位0,二層,14,住宅大樓(11層含以上有電梯),住家用,鋼筋混凝土造,,92.02,2,2,2,有,無,29620000,321887,,0.0,0,,RPTOMLMLQHOFFAA38CB
中正區,房地(土地+建物)+車位,臺北市中正區羅斯福路三段210巷旁Ｂ棟９樓,8.78,商,,,1080727,土地1建物1車位1,九層,14,住宅大樓(11層含以上有電梯),住家用,鋼筋混凝土造,,126.62,2,2,2,有,無,33000000,340520,其他,36.17,2200000,,RPUOMLMLQHOFFAA48CB
中正區,房地(土地+建物)+車位,臺北市中正區羅斯福路三段210巷旁Ｂ棟１４樓,8.78,商,,,1080722,土地1建物1車位1,十四層,14,住宅大樓(11層含以上有電梯),住家用,鋼筋混凝土造,,126.62,2,2,2,有,無,34280000,354671,其他,36.17,2200000,,RPWOMLMLQHOFFAA68CB
中正區,房地(土地+建物),臺北市中正區羅斯福路三段210巷旁Ｃ棟２樓,7.88,商,,,1080812,土地1建物1車位0,二層,14,住宅大樓(11層含以上有電梯),住家用,鋼筋混凝土造,,81.19,2,2,2,有,無,26380000,324917,,0.0,0,,RPXOMLMLQHOFFAA78CB
中正區,房地(土地+建物),臺北市中正區羅斯福路三段210巷旁Ｃ棟５樓,7.88,商,,,1080804,土地1建物1車位0,五層,14,住宅大樓(11層含以上有電梯),住家用,鋼筋混凝土造,,81.59,2,2,2,有,無,27000000,330923,,0.0,0,,RPOPMLMLQHOFFAA97CB
中正區,房地(土地+建物),臺北市中正區羅斯福路三段210巷旁Ｃ棟７樓,7.88,商,,,1080725,土地1建物1車位0,七層,14,住宅大樓(11層含以上有電梯),住家用,鋼筋混凝土造,,81.59,2,2,2,有,無,28000000,343179,,0.0,0,,RPRPMLMLQHOFFAA28CB
中正區,房地(土地+建物),臺北市中正區羅斯福路三段210巷旁Ｃ棟１４樓,7.88,商,,,1080802,土地1建物1車位0,十四層,14,住宅大樓(11層含以上有電梯),住家用,鋼筋混凝土造,,81.59,2,2,2,有,無,29800000,365241,,0.0,0,,RPSPMLMLQHOFFAA38CB
北投區,房地(土地+建物)+車位,臺北市北投區三合街一段８２巷Ａ１－４Ｆ,17.81,住,,,1080622,土地1建物1車位1,四層,8,華廈(10層含以下有電梯),住家用,鋼筋混凝土造,,118.92,2,2,1,有,無,15500000,177589,升降機械,38.96,1300000,,RPVOMLPJRHOFFEA56CB
北投區,房地(土地+建物),臺北市北投區三合街一段８２巷Ａ１－５Ｆ,17.67,住,,,1080804,土地1建物1車位0,五層,8,華廈(10層含以下有電梯),住家用,鋼筋混凝土造,,79.96,2,1,1,有,無,14510000,181466,,0.0,0,,RPPPMLPJRHOFFEA68CB
北投區,房地(土地+建物),臺北市北投區三合街一段８２巷Ａ１－６Ｆ,17.67,住,,,1080814,土地1建物1車位0,六層,8,華廈(10層含以下有電梯),住家用,鋼筋混凝土造,,79.96,2,1,1,有,無,14700000,183842,,0.0,0,,RPQPMLPJRHOFFEA78CB
北投區,房地(土地+建物),臺北市北投區三合街一段８２巷Ａ１－７Ｆ,17.67,住,,,1080725,土地1建物1車位0,七層,8,華廈(10層含以下有電梯),住家用,鋼筋混凝土造,,79.96,2,1,1,有,無,14550000,181966,,0.0,0,,RPRPMLPJRHOFFEA88CB
北投區,房地(土地+建物)+車位,臺北市北投區三合街一段８２巷Ａ２－３Ｆ,19.08,住,,,1080625,土地1建物1車位1,三層,8,華廈(10層含以下有電梯),住家用,鋼筋混凝土造,,136.01,2,2,1,有,無,18200000,180798,坡道平面,47.79,2250000,,RPSPMLPJRHOFFEA98CB
北投區,房地(土地+建物)+車位,臺北市北投區三合街一段８２巷Ａ２－６Ｆ,19.08,住,,,1080727,土地1建物1車位1,六層,8,華廈(10層含以下有電梯),住家用,鋼筋混凝土造,,136.01,2,1,1,有,無,18300000,181932,坡道平面,47.79,2250000,,RPTPMLPJRHOFFEA09CB
北投區,房地(土地+建物)+車位,臺北市北投區三合街一段８２巷Ａ２－８Ｆ,19.08,住,,,1080717,土地1建物1車位1,八層,8,華廈(10層含以下有電梯),住家用,鋼筋混凝土造,,135.63,2,2,1,有,無,18800000,186703,坡道平面,47.79,2400000,,RPUPMLPJRHOFFEA56CB
北投區,房地(土地+建物)+車位,臺北市北投區三合街一段８２巷Ａ３－２Ｆ,11.31,住,,,1080414,土地1建物1車位1,二層,8,華廈(10層含以下有電梯),住家用,鋼筋混凝土造,,88.39,1,1,1,有,無,10460000,183290,升降機械,38.96,1400000,,RPQQMLPJRHOFFEA88CB
北投區,房地(土地+建物),臺北市北投區三合街一段８２巷Ａ３－３Ｆ,11.17,住,,,1080421,土地1建物1車位0,三層,8,華廈(10層含以下有電梯),住家用,鋼筋混凝土造,,49.43,1,1,1,有,無,9270000,187538,,0.0,0,,RPWQMLPJRHOFFEA86CB
北投區,房地(土地+建物),臺北市北投區三合街一段８２巷A3-4F,11.17,住,,,1080303,土地1建物1車位0,四層,8,華廈(10層含以下有電梯),住家用,鋼筋混凝土造,,49.43,1,1,1,有,無,9200000,186122,,0.0,0,,RPXQMLPJRHOFFEA96CB
北投區,房地(土地+建物),臺北市北投區三合街一段８２巷Ａ３－５Ｆ,11.17,住,,,1080422,土地1建物1車位0,五層,8,華廈(10層含以下有電梯),住家用,鋼筋混凝土造,,49.43,1,1,1,有,無,9100000,184099,,0.0,0,,RPORMLPJRHOFFEA78CB
北投區,房地(土地+建物)+車位,臺北市北投區三合街一段８２巷Ａ３－６Ｆ,11.31,住,,,1080427,土地1建物1車位1,六層,8,華廈(10層含以下有電梯),住家用,鋼筋混凝土造,,88.39,1,1,1,有,無,10600000,189156,升降機械,38.96,1250000,,RPPNMLQJRHOFFEA58CB
北投區,房地(土地+建物),臺北市北投區三合街一段８２巷Ａ３－８Ｆ,11.17,住,,,1080428,土地1建物1車位0,八層,8,華廈(10層含以下有電梯),住家用,鋼筋混凝土造,,49.43,1,1,1,有,無,9450000,191179,,0.0,0,,RPSNMLQJRHOFFEA88CB
北投區,房地(土地+建物)+車位,臺北市北投區三合街一段８２巷Ａ５－２Ｆ,21.06,住,,,1080509,土地1建物1車位1,二層,8,華廈(10層含以下有電梯),住家用,鋼筋混凝土造,,140.34,2,1,1,有,無,19180000,187790,升降平面,47.79,1800000,,RPUNMLQJRHOFFEA09CB
北投區,房地(土地+建物)+車位,臺北市北投區三合街一段８２巷A5-3F,21.06,住,,,1080301,土地1建物1車位1,三層,8,華廈(10層含以下有電梯),住家用,鋼筋混凝土造,,140.34,2,1,1,有,無,19600000,189087,坡道平面,47.79,2100000,,RPXNMLQJRHOFFEA76CB
北投區,房地(土地+建物),臺北市北投區三合街一段8２巷Ａ３－７Ｆ,11.17,住,,,1080423,土地1建物1車位0,七層,8,華廈(10層含以下有電梯),住家用,鋼筋混凝土造,,49.43,1,1,1,有,無,9360000,189359,,0.0,0,,RPOOMLQJRHOFFEA58CB
北投區,房地(土地+建物)+車位,臺北市北投區三合街一段８２巷A5-4F,21.06,住,,,1080301,土地1建物1車位1,四層,8,華廈(10層含以下有電梯),住家用,鋼筋混凝土造,,140.34,2,1,1,有,無,19660000,190276,坡道平面,47.79,2050000,,RPPOMLQJRHOFFEA68CB
北投區,房地(土地+建物)+車位,臺北市北投區三合街一段８２巷A5-5F,21.06,住,,,1080301,土地1建物1車位1,五層,8,華廈(10層含以下有電梯),住家用,鋼筋混凝土造,,140.34,2,1,1,有,無,19880000,192112,坡道平面,47.79,2100000,,RPTOMLQJRHOFFEA09CB
北投區,房地(土地+建物)+車位,臺北市北投區三合街一段８２巷A5-7F,21.06,住,,,1080301,土地1建物1車位1,七層,8,華廈(10層含以下有電梯),住家用,鋼筋混凝土造,,140.34,2,1,1,有,無,20160000,195138,坡道平面,47.79,2100000,,RPWOMLQJRHOFFEA76CB
北投區,房地(土地+建物)+車位,臺北市北投區三合街一段８２巷Ａ５－６Ｆ,21.06,住,,,1080324,土地1建物1車位1,六層,8,華廈(10層含以下有電梯),住家用,鋼筋混凝土造,,140.34,2,1,1,有,無,20330000,194273,坡道平面,47.79,2350000,,RPXOMLQJRHOFFEA86CB
北投區,房地(土地+建物)+車位,臺北市北投區三合街一段８２巷Ａ５－８Ｆ,17.81,住,,,1080324,土地1建物1車位1,八層,8,華廈(10層含以下有電梯),住家用,鋼筋混凝土造,,130.51,1,1,1,有,無,18810000,198380,坡道平面,47.79,2400000,,RPQPMLQJRHOFFEA88CB
北投區,房地(土地+建物)+車位,臺北市北投區三合街一段８２巷A6-2F,15.26,住,,,1080306,土地1建物1車位1,二層,8,華廈(10層含以下有電梯),住家用,鋼筋混凝土造,,107.32,1,1,1,有,無,14460000,189585,升降機械,38.96,1500000,,RPRPMLQJRHOFFEA98CB
北投區,房地(土地+建物)+車位,臺北市北投區三合街一段８２巷A6-3F,15.26,住,,,1080224,土地1建物1車位1,三層,8,華廈(10層含以下有電梯),住家用,鋼筋混凝土造,,116.13,1,1,1,有,無,14800000,185836,升降平面,47.79,2100000,,RPTPMLQJRHOFFEA56CB
北投區,房地(土地+建物)+車位,臺北市北投區三合街一段８２巷A6-4F,15.26,住,,,1080310,土地1建物1車位1,四層,8,華廈(10層含以下有電梯),住家用,鋼筋混凝土造,,107.3,1,1,1,有,無,14660000,192567,升降機械,38.96,1500000,,RPUPMLQJRHOFFEA66CB
北投區,房地(土地+建物),臺北市北投區三合街一段8２巷Ａ６－５Ｆ,15.12,住,,,1080323,土地1建物1車位0,五層,8,華廈(10層含以下有電梯),住家用,鋼筋混凝土造,,68.34,1,1,1,有,無,13310000,194761,,0.0,0,,RPWPMLQJRHOFFEA86CB
北投區,房地(土地+建物),臺北市北投區三合街一段８２巷Ａ６－６Ｆ,15.12,住,,,1080402,土地1建物1車位0,六層,8,華廈(10層含以下有電梯),住家用,鋼筋混凝土造,,68.34,2,2,1,有,無,13320000,194908,,0.0,0,,RPPQMLQJRHOFFEA88CB
北投區,房地(土地+建物),臺北市北投區三合街一段８２巷Ａ６－７Ｆ,15.12,住,,,1080713,土地1建物1車位0,七層,8,華廈(10層含以下有電梯),住家用,鋼筋混凝土造,,68.34,1,2,1,有,無,13560000,198420,,0.0,0,,RPQQMLQJRHOFFEA98CB
北投區,房地(土地+建物)+車位,臺北市北投區三合街一段８２巷A7-3F,20.07,住,,,1080223,土地1建物1車位1,三層,8,華廈(10層含以下有電梯),住家用,鋼筋混凝土造,,135.91,2,1,1,有,無,19300000,191784,坡道平面,47.79,2400000,,RPQRMLQJRHOFFEA09CB
北投區,房地(土地+建物),臺北市北投區三合街一段８２巷Ａ６－８Ｆ,13.85,住,,,1080526,土地1建物1車位0,八層,8,華廈(10層含以下有電梯),住家用,鋼筋混凝土造,,60.66,1,1,1,有,無,12500000,206067,,0.0,0,,RPRRMLQJRHOFFEA56CB
北投區,房地(土地+建物)+車位,臺北市北投區三合街一段８２巷Ａ７－５Ｆ,20.07,住,,,1080830,土地1建物1車位1,五層,8,華廈(10層含以下有電梯),住家用,鋼筋混凝土造,,135.91,2,1,1,有,無,19760000,197004,坡道平面,47.79,2400000,,RPSRMLQJRHOFFEA66CB
北投區,房地(土地+建物)+車位,臺北市北投區三合街一段８２巷A7-6F,20.07,住,,,1080222,土地1建物1車位1,六層,8,華廈(10層含以下有電梯),住家用,鋼筋混凝土造,,135.91,2,1,1,有,無,19800000,196891,坡道平面,47.79,2450000,,RPPSMLQJRHOFFEA09CB
北投區,房地(土地+建物)+車位,臺北市北投區三合街一段８２巷Ａ７－７Ｆ,20.07,住,,,1080511,土地1建物1車位1,七層,8,華廈(10層含以下有電梯),住家用,鋼筋混凝土造,,135.91,2,1,1,有,無,20070000,199955,坡道平面,47.79,2450000,,RPQSMLQJRHOFFEA56CB
北投區,房地(土地+建物)+車位,臺北市北投區三合街一段８２巷Ａ７－８Ｆ,18.09,住,,,1080324,土地1建物1車位1,八層,8,華廈(10層含以下有電梯),住家用,鋼筋混凝土造,,126.22,2,1,1,有,無,18680000,207574,坡道平面,47.79,2400000,,RPSSMLQJRHOFFEA76CB
北投區,房地(土地+建物)+車位,臺北市北投區三合街一段８２巷Ｂ１－３Ｆ,17.81,住,,,1080827,土地1建物1車位1,三層,8,華廈(10層含以下有電梯),住家用,鋼筋混凝土造,,118.91,2,1,1,有,無,15600000,178862,升降機械,38.96,1300000,,RPTSMLQJRHOFFEA86CB
北投區,房地(土地+建物),臺北市北投區三合街一段８２巷Ｂ１－６Ｆ,17.67,住,,,1080823,土地1建物1車位0,六層,8,華廈(10層含以下有電梯),住家用,鋼筋混凝土造,,79.95,2,1,1,有,無,14510000,181488,,0.0,0,,RPQNMLTJRHOFFEA98CB
北投區,房地(土地+建物),臺北市北投區三合街一段８２巷Ｂ２－２Ｆ,18.94,住,,,1080713,土地1建物1車位0,二層,8,華廈(10層含以下有電梯),住家用,鋼筋混凝土造,,88.22,2,1,1,有,無,16000000,181365,,0.0,0,,RPRNMLTJRHOFFEA09CB
北投區,房地(土地+建物),臺北市北投區三合街一段８２巷Ｂ２－３Ｆ,18.94,住,,,1080825,土地1建物1車位0,三層,8,華廈(10層含以下有電梯),住家用,鋼筋混凝土造,,88.22,2,1,1,有,無,16600000,188166,,0.0,0,,RPSNMLTJRHOFFEA56CB
北投區,房地(土地+建物)+車位,臺北市北投區三合街一段８２巷Ｂ２－４Ｆ,19.08,住,,,1080618,土地1建物1車位1,四層,8,華廈(10層含以下有電梯),住家用,鋼筋混凝土造,,135.63,2,2,1,有,無,18550000,186134,坡道平面,47.79,2200000,,RPTNMLTJRHOFFEA66CB
北投區,房地(土地+建物),臺北市北投區三合街一段８２巷Ｂ２－５Ｆ,18.94,住,,,1080323,土地1建物1車位0,五層,8,華廈(10層含以下有電梯),住家用,鋼筋混凝土造,,87.84,2,1,1,有,無,16680000,189891,,0.0,0,,RPUNMLTJRHOFFEA76CB
北投區,房地(土地+建物)+車位,臺北市北投區三合街一段８２巷Ｂ２－６Ｆ,19.08,住,,,1080414,土地1建物1車位1,六層,8,華廈(10層含以下有電梯),住家用,鋼筋混凝土造,,136.01,2,2,1,有,無,18880000,191340,坡道平面,47.79,2000000,,RPVNMLTJRHOFFEA86CB
北投區,房地(土地+建物)+車位,臺北市北投區三合街一段８２巷Ｂ２-７Ｆ,19.08,住,,,1080511,土地1建物1車位1,七層,8,華廈(10層含以下有電梯),住家用,鋼筋混凝土造,,136.01,2,1,1,有,無,19330000,192473,坡道平面,47.79,2350000,,RPWNMLTJRHOFFEA96CB
北投區,房地(土地+建物)+車位,臺北市北投區三合街一段８２巷Ｂ２－８Ｆ,19.08,住,,,1080526,土地1建物1車位1,八層,8,華廈(10層含以下有電梯),住家用,鋼筋混凝土造,,135.63,2,2,1,有,無,19290000,192851,坡道平面,47.79,2350000,,RPXNMLTJRHOFFEA07CB
北投區,房地(土地+建物),臺北市北投區三合街一段８２巷Ｂ３－２Ｆ,11.31,住,,,1080504,土地1建物1車位0,二層,8,華廈(10層含以下有電梯),住家用,鋼筋混凝土造,,50.31,1,1,1,有,無,9550000,189823,,0.0,0,,RPOOMLTJRHOFFEA88CB
北投區,房地(土地+建物),臺北市北投區三合街一段８２巷Ｂ３－３Ｆ,11.17,住,,,1080323,土地1建物1車位0,三層,8,華廈(10層含以下有電梯),住家用,鋼筋混凝土造,,49.43,1,1,1,有,無,9380000,189763,,0.0,0,,RPPOMLTJRHOFFEA98CB
北投區,房地(土地+建物),臺北市北投區三合街一段８2巷Ｂ３－４Ｆ,11.17,住,,,1080421,土地1建物1車位0,四層,8,華廈(10層含以下有電梯),住家用,鋼筋混凝土造,,49.43,1,1,1,有,無,9530000,192798,,0.0,0,,RPUOMLTJRHOFFEA86CB
北投區,房地(土地+建物),臺北市北投區三合街一段８２巷Ｂ３－５Ｆ,11.17,住,,,1080323,土地1建物1車位0,五層,8,華廈(10層含以下有電梯),住家用,鋼筋混凝土造,,49.43,1,1,1,有,無,9480000,191786,,0.0,0,,RPXOMLTJRHOFFEA17CB
北投區,房地(土地+建物),臺北市北投區三合街一段８２巷B3-6F,11.17,住,,,1080306,土地1建物1車位0,六層,8,華廈(10層含以下有電梯),住家用,鋼筋混凝土造,,49.43,1,1,1,有,無,9650000,195226,,0.0,0,,RPOPMLTJRHOFFEA98CB
北投區,房地(土地+建物),臺北市北投區三合街一段８２巷Ｂ３－７Ｆ,11.17,住,,,1080421,土地1建物1車位0,七層,8,華廈(10層含以下有電梯),住家用,鋼筋混凝土造,,49.43,1,1,1,有,無,9740000,197046,,0.0,0,,RPPPMLTJRHOFFEA09CB
北投區,房地(土地+建物),臺北市北投區三合街一段８２巷B3-8F,11.17,住,,,1080308,土地1建物1車位0,八層,8,華廈(10層含以下有電梯),住家用,鋼筋混凝土造,,49.42,1,1,1,有,無,9800000,198300,,0.0,0,,RPQPMLTJRHOFFEA56CB
北投區,房地(土地+建物)+車位,臺北市北投區三合街一段８２巷Ｂ５－３Ｆ,21.06,住,,,1080402,土地1建物1車位1,三層,8,華廈(10層含以下有電梯),住家用,鋼筋混凝土造,,140.34,2,1,1,有,無,20140000,192761,坡道平面,47.79,2300000,,RPRPMLTJRHOFFEA66CB
北投區,房地(土地+建物)+車位,臺北市北投區三合街一段８２巷Ｂ５－４Ｆ,21.06,住,,,1080624,土地1建物1車位1,四層,8,華廈(10層含以下有電梯),住家用,鋼筋混凝土造,,140.34,2,1,1,有,無,20560000,195138,坡道平面,47.79,2500000,,RPSPMLTJRHOFFEA76CB
北投區,房地(土地+建物)+車位,臺北市北投區三合街一段８２巷Ｂ５－６Ｆ,21.06,住,,,1080324,土地1建物1車位1,六層,8,華廈(10層含以下有電梯),住家用,鋼筋混凝土造,,140.34,2,1,1,有,無,20800000,198271,坡道平面,47.79,2450000,,RPVPMLTJRHOFFEA07CB
北投區,房地(土地+建物),臺北市北投區三合街一段８2巷Ｂ６－３Ｆ,15.12,住,,,1080519,土地1建物1車位0,三層,8,華廈(10層含以下有電梯),住家用,鋼筋混凝土造,,68.34,1,1,1,有,無,13150000,192420,,0.0,0,,RPQQMLTJRHOFFEA66CB
北投區,房地(土地+建物)+車位,臺北市北投區三合街一段８２巷Ｂ６－４Ｆ,15.26,住,,,1080418,土地1建物1車位1,四層,8,華廈(10層含以下有電梯),住家用,鋼筋混凝土造,,116.13,1,1,1,有,無,15200000,189494,坡道平面,47.79,2250000,,RPRQMLTJRHOFFEA76CB
北投區,房地(土地+建物)+車位,臺北市北投區三合街一段８２巷B6-5F,15.26,住,,,1080302,土地1建物1車位1,五層,8,華廈(10層含以下有電梯),住家用,鋼筋混凝土造,,107.3,1,1,1,有,無,14580000,189933,升降機械,38.96,1600000,,RPSQMLTJRHOFFEA86CB
北投區,房地(土地+建物)+車位,臺北市北投區三合街一段８２巷Ｂ６－６Ｆ,15.26,住,,,1080327,土地1建物1車位1,六層,8,華廈(10層含以下有電梯),住家用,鋼筋混凝土造,,107.3,1,1,1,有,無,14750000,192420,升降機械,38.96,1600000,,RPUQMLTJRHOFFEA07CB
北投區,房地(土地+建物)+車位,臺北市北投區三合街一段８２巷Ｂ６－７Ｆ,15.26,住,,,1080526,土地1建物1車位1,七層,8,華廈(10層含以下有電梯),住家用,鋼筋混凝土造,,107.3,1,1,1,有,無,15000000,197542,升降機械,38.96,1500000,,RPWQMLTJRHOFFEA27CB
北投區,房地(土地+建物)+車位,臺北市北投區三合街一段８２巷Ｂ６－８Ｆ,13.99,住,,,1080727,土地1建物1車位1,八層,8,華廈(10層含以下有電梯),住家用,鋼筋混凝土造,,108.45,1,1,1,有,無,14930000,208210,坡道平面,47.79,2300000,,RPQRMLTJRHOFFEA76CB
北投區,房地(土地+建物),臺北市北投區三合街一段８２巷Ｂ７-１Ｆ,11.73,住,,,1080608,土地1建物1車位0,一層,8,店面(店鋪),住家用,鋼筋混凝土造,,46.6,0,0,1,有,無,11000000,236052,,0.0,0,,RPSRMLTJRHOFFEA96CB
北投區,房地(土地+建物),臺北市北投區三合街一段８２巷Ｂ７－２Ｆ,10.18,住,,,1080630,土地1建物1車位0,二層,8,華廈(10層含以下有電梯),住家用,鋼筋混凝土造,,44.6,1,1,1,有,無,8800000,197309,,0.0,0,,RPTRMLTJRHOFFEA07CB
北投區,房地(土地+建物)+車位,臺北市北投區三合街一段８２巷B7-3F,20.07,住,,,1080223,土地1建物1車位1,三層,8,華廈(10層含以下有電梯),住家用,鋼筋混凝土造,,135.91,2,1,1,有,無,19180000,190422,坡道平面,47.79,2400000,,RPWRMLTJRHOFFEA37CB
北投區,房地(土地+建物)+車位,臺北市北投區三合街一段８２巷Ｂ７－６Ｆ,20.07,住,,,1080330,土地1建物1車位1,六層,8,華廈(10層含以下有電梯),住家用,鋼筋混凝土造,,135.91,2,1,1,有,無,19380000,195529,坡道平面,47.79,2150000,,RPXRMLTJRHOFFEA47CB
北投區,房地(土地+建物)+車位,臺北市北投區三合街一段８２巷Ｂ７－７Ｆ,20.07,住,,,1080813,土地1建物1車位1,七層,8,華廈(10層含以下有電梯),住家用,鋼筋混凝土造,,135.91,2,1,1,有,無,19970000,199387,坡道平面,47.79,2400000,,RPOSMLTJRHOFFEA66CB
北投區,房地(土地+建物)+車位,臺北市北投區三合街一段８２巷Ｂ７－８Ｆ,18.09,住,,,1080714,土地1建物1車位1,八層,8,華廈(10層含以下有電梯),住家用,鋼筋混凝土造,,126.22,2,1,1,有,無,18650000,207191,坡道平面,47.79,2400000,,RPPSMLTJRHOFFEA76CB
中山區,房地(土地+建物)+車位,臺北市中山區松江路38巷21號4樓,37.31,住,,,1040717,土地2建物1車位1,四層,12,住宅大樓(11層含以上有電梯),住家用,鋼筋混凝土造,,243.69,0,0,0,無,無,72650000,323967,坡道平面,30.86,3700000,,RPOOMLKLRHOFFCA97CB
中正區,房地(土地+建物)+車位,臺北市中正區南昌路二段136號旁Ｃ棟９F,5.0,商,,,1080519,土地2建物1車位1,九層,14,住宅大樓(11層含以上有電梯),住家用,鋼筋混凝土造,,71.29,2,1,1,有,無,18710000,277898,其他,11.16,2000000,,RPPNMLNLRHOFFAA08CB
大同區,房地(土地+建物)+車位,臺北市大同區雙連街8號旁,15.12,住,,,1070712,土地4建物1車位1,八層,8,華廈(10層含以下有電梯),住家用,鋼筋混凝土造,,98.05,2,1,1,有,無,25560000,306332,升降機械,21.14,2000000,,RPXNMLNLRHOFFBA09DB
北投區,房地(土地+建物)+車位,臺北市北投區三合街一段８２巷 Ａ１－３Ｆ,17.81,住,,,1080908,土地1建物1車位1,三層,8,華廈(10層含以下有電梯),住家用,鋼筋混凝土造,,118.92,2,1,1,有,無,15680000,177339,升降機械,38.96,1500000,,RPVNMLOLRHOFFEA56CB
中正區,房地(土地+建物)+車位,臺北市中正區牯嶺街95巷,9.5,商,,,1080317,土地2建物1車位1,五層,14,住宅大樓(11層含以上有電梯),住家用,鋼筋混凝土造,,105.84,2,2,2,有,無,23150000,232901,升降機械,14.17,1800000,,RPVNMLOJIIOFFAA87DB
中正區,房地(土地+建物),臺北市中正區牯嶺街95巷,6.56,商,,,1080720,土地2建物1車位0,九層,14,住宅大樓(11層含以上有電梯),住家用,鋼筋混凝土造,,63.57,1,1,1,有,無,15580000,245084,,0.0,0,,RPWNMLOJIIOFFAA97DB
北投區,房地(土地+建物)+車位,臺北市北投區三合街一８２巷B5-5F,21.06,住,,,1080304,土地1建物1車位1,五層,8,華廈(10層含以下有電梯),住家用,鋼筋混凝土造,,140.34,2,1,1,有,無,20480000,195894,坡道平面,47.79,2350000,,RPTOMLTLIIOFFEA78CB
北投區,房地(土地+建物)+車位,臺北市北投區三合街一段８２巷Ｂ５－８Ｆ,17.81,住,,,1080324,土地1建物1車位1,八層,8,華廈(10層含以下有電梯),住家用,鋼筋混凝土造,,130.51,2,1,1,有,無,19110000,201402,坡道平面,47.79,2450000,,RPVOMLTLIIOFFEA98CB
中正區,房地(土地+建物),臺北市中正區南昌路二段１３６號旁Ｄ棟７樓,4.05,商,,,1080819,土地2建物1車位0,七層,14,住宅大樓(11層含以上有電梯),住家用,鋼筋混凝土造,,49.04,1,1,1,有,無,12050000,245718,,0.0,0,,RPXNMLPJJIOFFAA18CB
中正區,房地(土地+建物),臺北市中正區南昌路二段１３６號旁Ｅ棟３樓,3.5,商,,,1080921,土地2建物1車位0,三層,14,住宅大樓(11層含以上有電梯),住家用,鋼筋混凝土造,,42.3,1,1,1,有,無,10000000,236407,,0.0,0,,RPOOMLPJJIOFFAA37CB
內湖區,房地(土地+建物)+車位,臺北市內湖區民權東路六段180巷42弄,29.29,住,,,1040518,土地1建物1車位1,四層,10,華廈(10層含以下有電梯),住家用,鋼筋混凝土造,,191.74,3,2,2,有,無,38090000,242960,坡道平面,44.02,2200000,,RPXNMLSJJIOFFCA68CB
內湖區,房地(土地+建物)+車位,臺北市內湖區民權東路六段180巷70弄,28.98,住,,,1070829,土地1建物1車位1,九層,10,華廈(10層含以下有電梯),住家用,鋼筋混凝土造,,193.47,3,2,2,有,無,34780000,218654,坡道平面,44.01,2100000,,RPOOMLSJJIOFFCA87CB
內湖區,房地(土地+建物)+車位,臺北市內湖區民權東路六段180巷70弄,28.98,住,,,1070829,土地1建物1車位1,八層,10,華廈(10層含以下有電梯),住家用,鋼筋混凝土造,,193.47,3,2,2,有,無,34220000,215576,坡道平面,44.01,2000000,,RPPOMLSJJIOFFCA97CB
內湖區,房地(土地+建物)+車位,臺北市內湖區民權東路六段180巷42弄,35.02,住,,,1040711,土地1建物1車位2,一層,10,華廈(10層含以下有電梯),住家用,鋼筋混凝土造,,258.72,3,2,2,有,無,53530000,287849,坡道平面,88.04,4400000,,RPQOMLSJJIOFFCA08CB
內湖區,房地(土地+建物)+車位,臺北市內湖區民權東路六段180巷42弄,28.69,住,,,1051028,土地1建物1車位1,三層,10,華廈(10層含以下有電梯),住家用,鋼筋混凝土造,,192.52,3,2,2,有,無,33600000,212795,坡道平面,44.02,2000000,,RPVOMLSJJIOFFCA58CB
內湖區,房地(土地+建物)+車位,臺北市內湖區民權東路六段180巷42弄,27.6,住,,,1050914,土地1建物1車位1,七層,10,華廈(10層含以下有電梯),住家用,鋼筋混凝土造,,183.75,3,2,2,有,無,32600000,219709,坡道平面,44.02,1900000,,RPXOMLSJJIOFFCA78CB
內湖區,房地(土地+建物)+車位,臺北市內湖區民權東路六段180巷42弄,27.6,住,,,1050722,土地1建物1車位1,三層,10,華廈(10層含以下有電梯),住家用,鋼筋混凝土造,,183.75,3,2,2,有,無,33570000,226651,坡道平面,44.02,1900000,,RPOPMLSJJIOFFCA97CB
內湖區,房地(土地+建物)+車位,臺北市內湖區民權東路六段180巷42弄,29.29,住,,,1050627,土地1建物1車位1,七層,10,華廈(10層含以下有電梯),住家用,鋼筋混凝土造,,191.74,3,2,2,有,無,35800000,228811,坡道平面,44.02,2000000,,RPPPMLSJJIOFFCA08CB
內湖區,房地(土地+建物)+車位,臺北市內湖區民權東路六段180巷42弄,29.29,住,,,1050626,土地1建物1車位1,二層,10,華廈(10層含以下有電梯),住家用,鋼筋混凝土造,,191.74,3,2,2,有,無,33790000,215881,坡道平面,44.02,1900000,,RPQPMLSJJIOFFCA18CB
內湖區,房地(土地+建物)+車位,臺北市內湖區民權東路六段180巷42弄,29.29,住,,,1041129,土地1建物1車位1,五層,10,華廈(10層含以下有電梯),住家用,鋼筋混凝土造,,191.74,3,2,2,有,無,35500000,227119,坡道平面,44.02,1950000,,RPRPMLSJJIOFFCA28CB
內湖區,房地(土地+建物)+車位,臺北市內湖區民權東路六段180巷42弄,27.6,住,,,1040913,土地1建物1車位1,六層,10,華廈(10層含以下有電梯),住家用,鋼筋混凝土造,,183.75,3,2,2,有,無,34300000,231518,坡道平面,44.02,1950000,,RPTPMLSJJIOFFCA48CB
內湖區,房地(土地+建物)+車位,臺北市內湖區民權東路六段180巷42弄,29.29,住,,,1040825,土地1建物1車位1,六層,10,華廈(10層含以下有電梯),住家用,鋼筋混凝土造,,191.74,3,2,2,有,無,37500000,235919,坡道平面,44.02,2650000,,RPUPMLSJJIOFFCA58CB
內湖區,房地(土地+建物)+車位,臺北市內湖區民權東路六段180巷42弄,28.69,住,,,1040725,土地1建物1車位1,五層,10,華廈(10層含以下有電梯),住家用,鋼筋混凝土造,,192.52,3,2,2,有,無,37280000,234882,坡道平面,44.02,2400000,,RPVPMLSJJIOFFCA68CB
內湖區,房地(土地+建物)+車位,臺北市內湖區民權東路六段180巷42弄,27.6,住,,,1040627,土地1建物1車位1,八層,10,華廈(10層含以下有電梯),住家用,鋼筋混凝土造,,183.75,3,2,2,有,無,37680000,252487,坡道平面,44.02,2400000,,RPWPMLSJJIOFFCA78CB
內湖區,房地(土地+建物)+車位,臺北市內湖區民權東路六段180巷42弄,27.6,住,,,1040624,土地1建物1車位1,五層,10,華廈(10層含以下有電梯),住家用,鋼筋混凝土造,,183.75,3,2,2,有,無,36600000,246547,坡道平面,44.02,2150000,,RPXPMLSJJIOFFCA88CB
內湖區,房地(土地+建物)+車位,臺北市內湖區民權東路六段180巷42弄,29.29,住,,,1040530,土地1建物1車位1,九層,10,華廈(10層含以下有電梯),住家用,鋼筋混凝土造,,191.74,3,2,2,有,無,40500000,259274,坡道平面,44.02,2200000,,RPOQMLSJJIOFFCA08CB
內湖區,房地(土地+建物)+車位,臺北市內湖區民權東路六段180巷42弄,27.6,住,,,1040521,土地1建物1車位1,四層,10,華廈(10層含以下有電梯),住家用,鋼筋混凝土造,,183.75,3,2,2,有,無,35580000,239247,坡道平面,44.02,2150000,,RPPQMLSJJIOFFCA18CB
內湖區,房地(土地+建物)+車位,臺北市內湖區民權東路六段180巷42弄,28.69,住,,,1040521,土地1建物1車位1,四層,10,華廈(10層含以下有電梯),住家用,鋼筋混凝土造,,192.52,3,2,2,有,無,37500000,237710,坡道平面,44.02,2200000,,RPRQMLSJJIOFFCA38CB
內湖區,房地(土地+建物)+車位,臺北市內湖區民權東路六段180巷42弄,28.98,住,,,1040518,土地1建物1車位1,四層,10,華廈(10層含以下有電梯),住家用,鋼筋混凝土造,,194.75,3,2,2,有,無,37910000,236914,坡道平面,44.02,2200000,,RPSQMLSJJIOFFCA48CB
