﻿編號,土地位置,土地移轉面積(平方公尺),使用分區或編定,權利人持分分母,權利人持分分子,移轉情形,地號
The serial number, land position,land shifting area square meter,the use zoning or compiles and checks,,,,land parcel
RPSOMLMKQHOFFAA18CB,河堤段二小段,7.33,都市：商,100000,2119,持分移轉,02930000
RPSOMLMKQHOFFAA18CB,河堤段二小段,.08,都市：商,100000,2119,持分移轉,03110002
RPXOMLMKQHOFFAA68CB,河堤段二小段,3.46,都市：商,100000,999,持分移轉,02930000
RPXOMLMKQHOFFAA68CB,河堤段二小段,.04,都市：商,100000,999,持分移轉,03110002
RPUOMLMKQHOFFAA38CB,河堤段二小段,5.35,都市：商,100000,1547,持分移轉,02930000
RPUOMLMKQHOFFAA38CB,河堤段二小段,.06,都市：商,100000,1547,持分移轉,03110002
RPQPMLMKQHOFFAA08CB,河堤段二小段,5.39,都市：商,100000,1557,持分移轉,02930000
RPQPMLMKQHOFFAA08CB,河堤段二小段,.06,都市：商,100000,1557,持分移轉,03110002
RPVOMLMKQHOFFAA48CB,河堤段二小段,5.35,都市：商,100000,1547,持分移轉,02930000
RPVOMLMKQHOFFAA48CB,河堤段二小段,.06,都市：商,100000,1547,持分移轉,03110002
RPVNMLQKQHOFFDA09CB,經貿段,22.82,都市：住,10000,287,持分移轉,00370002
RPXNMLQKQHOFFDA66CB,經貿段,21.79,都市：住,10000,274,持分移轉,00370002
RPQOMLQKQHOFFDA68CB,經貿段,24.26,都市：住,10000,305,持分移轉,00370002
RPUNMLQKQHOFFDA98CB,經貿段,22.43,都市：住,10000,282,持分移轉,00370002
RPWNMLQKQHOFFDA56CB,經貿段,21.00,都市：住,10000,264,持分移轉,00370002
RPSOMLQKQHOFFDA88CB,經貿段,21.15,都市：住,10000,266,持分移轉,00370002
RPTOMLQKQHOFFDA98CB,經貿段,21.15,都市：住,10000,266,持分移轉,00370002
RPXOMLQKQHOFFDA76CB,經貿段,21.15,都市：住,10000,266,持分移轉,00370002
RPVOMLQKQHOFFDA56CB,經貿段,21.15,都市：住,10000,266,持分移轉,00370002
RPUOMLQKQHOFFDA09CB,經貿段,21.15,都市：住,10000,266,持分移轉,00370002
RPROMLQKQHOFFDA78CB,經貿段,24.26,都市：住,10000,305,持分移轉,00370002
RPOPMLQKQHOFFDA58CB,經貿段,21.15,都市：住,10000,266,持分移轉,00370002
RPPPMLQKQHOFFDA68CB,經貿段,21.15,都市：住,10000,266,持分移轉,00370002
RPQPMLQKQHOFFDA78CB,經貿段,20.76,都市：住,10000,261,持分移轉,00370002
RPSPMLQKQHOFFDA98CB,經貿段,24.26,都市：住,10000,305,持分移轉,00370002
RPQOMLMLQHOFFAA08CB,福和段一小段,7.88,都市：商,100000,2371,持分移轉,04960000
RPXNMLMLQHOFFAA68CB,福和段一小段,9.40,都市：商,100000,2830,持分移轉,04960000
RPPOMLMLQHOFFAA97CB,福和段一小段,7.88,都市：商,100000,2371,持分移轉,04960000
RPWNMLMLQHOFFAA58CB,福和段一小段,8.81,都市：商,100000,2651,持分移轉,04960000
RPROMLMLQHOFFAA18CB,福和段一小段,7.88,都市：商,100000,2371,持分移轉,04960000
RPOOMLMLQHOFFAA87CB,福和段一小段,8.81,都市：商,100000,2651,持分移轉,04960000
RPVOMLPJRHOFFEA56CB,三合段,17.81,都市：住,10000,126,持分移轉,00230000
RPPPMLPJRHOFFEA68CB,三合段,17.67,都市：住,10000,125,持分移轉,00230000
RPQPMLPJRHOFFEA78CB,三合段,17.67,都市：住,10000,125,持分移轉,00230000
RPRPMLPJRHOFFEA88CB,三合段,17.67,都市：住,10000,125,持分移轉,00230000
RPSPMLPJRHOFFEA98CB,三合段,19.08,都市：住,10000,135,持分移轉,00230000
RPTPMLPJRHOFFEA09CB,三合段,19.08,都市：住,10000,135,持分移轉,00230000
RPUPMLPJRHOFFEA56CB,三合段,19.08,都市：住,10000,135,持分移轉,00230000
RPQQMLPJRHOFFEA88CB,三合段,11.31,都市：住,10000,80,持分移轉,00230000
RPWQMLPJRHOFFEA86CB,三合段,11.17,都市：住,10000,79,持分移轉,00230000
RPXQMLPJRHOFFEA96CB,三合段,11.17,都市：住,10000,79,持分移轉,00230000
RPORMLPJRHOFFEA78CB,三合段,11.17,都市：住,10000,79,持分移轉,00230000
RPPNMLQJRHOFFEA58CB,三合段,11.31,都市：住,10000,80,持分移轉,00230000
RPOPMLMLQHOFFAA97CB,福和段一小段,7.88,都市：商,100000,2371,持分移轉,04960000
RPSPMLMLQHOFFAA38CB,福和段一小段,7.88,都市：商,100000,2371,持分移轉,04960000
RPSOMLMLQHOFFAA28CB,福和段一小段,7.88,都市：商,100000,2371,持分移轉,04960000
RPXOMLMLQHOFFAA78CB,福和段一小段,7.88,都市：商,100000,2371,持分移轉,04960000
RPRPMLMLQHOFFAA28CB,福和段一小段,7.88,都市：商,100000,2371,持分移轉,04960000
RPWOMLMLQHOFFAA68CB,福和段一小段,8.78,都市：商,100000,2644,持分移轉,04960000
RPUOMLMLQHOFFAA48CB,福和段一小段,8.78,都市：商,100000,2644,持分移轉,04960000
RPTOMLMLQHOFFAA38CB,福和段一小段,8.80,都市：商,100000,2650,持分移轉,04960000
RPSNMLQJRHOFFEA88CB,三合段,11.17,都市：住,10000,79,持分移轉,00230000
RPUNMLQJRHOFFEA09CB,三合段,21.06,都市：住,10000,149,持分移轉,00230000
RPXNMLQJRHOFFEA76CB,三合段,21.06,都市：住,10000,149,持分移轉,00230000
RPPOMLQJRHOFFEA68CB,三合段,21.06,都市：住,10000,149,持分移轉,00230000
RPOOMLQJRHOFFEA58CB,三合段,11.17,都市：住,10000,79,持分移轉,00230000
RPRPMLQJRHOFFEA98CB,三合段,15.26,都市：住,10000,108,持分移轉,00230000
RPTPMLQJRHOFFEA56CB,三合段,15.26,都市：住,10000,108,持分移轉,00230000
RPUPMLQJRHOFFEA66CB,三合段,15.26,都市：住,10000,108,持分移轉,00230000
RPQPMLQJRHOFFEA88CB,三合段,17.81,都市：住,10000,126,持分移轉,00230000
RPWOMLQJRHOFFEA76CB,三合段,21.06,都市：住,10000,149,持分移轉,00230000
RPTOMLQJRHOFFEA09CB,三合段,21.06,都市：住,10000,149,持分移轉,00230000
RPXOMLQJRHOFFEA86CB,三合段,21.06,都市：住,10000,149,持分移轉,00230000
RPRRMLQJRHOFFEA56CB,三合段,13.85,都市：住,10000,98,持分移轉,00230000
RPQQMLQJRHOFFEA98CB,三合段,15.12,都市：住,10000,107,持分移轉,00230000
RPWPMLQJRHOFFEA86CB,三合段,15.12,都市：住,10000,107,持分移轉,00230000
RPSRMLQJRHOFFEA66CB,三合段,20.07,都市：住,10000,142,持分移轉,00230000
RPPQMLQJRHOFFEA88CB,三合段,15.12,都市：住,10000,107,持分移轉,00230000
RPQSMLQJRHOFFEA56CB,三合段,20.07,都市：住,10000,142,持分移轉,00230000
RPSSMLQJRHOFFEA76CB,三合段,18.09,都市：住,10000,128,持分移轉,00230000
RPTSMLQJRHOFFEA86CB,三合段,17.81,都市：住,10000,126,持分移轉,00230000
RPQRMLQJRHOFFEA09CB,三合段,20.07,都市：住,10000,142,持分移轉,00230000
RPPSMLQJRHOFFEA09CB,三合段,20.07,都市：住,10000,142,持分移轉,00230000
RPQNMLTJRHOFFEA98CB,三合段,17.67,都市：住,10000,125,持分移轉,00230000
RPRNMLTJRHOFFEA09CB,三合段,18.94,都市：住,10000,134,持分移轉,00230000
RPTNMLTJRHOFFEA66CB,三合段,19.08,都市：住,10000,135,持分移轉,00230000
RPUNMLTJRHOFFEA76CB,三合段,18.94,都市：住,10000,134,持分移轉,00230000
RPSNMLTJRHOFFEA56CB,三合段,18.94,都市：住,10000,134,持分移轉,00230000
RPWNMLTJRHOFFEA96CB,三合段,19.08,都市：住,10000,135,持分移轉,00230000
RPVNMLTJRHOFFEA86CB,三合段,19.08,都市：住,10000,135,持分移轉,00230000
RPXNMLTJRHOFFEA07CB,三合段,19.08,都市：住,10000,135,持分移轉,00230000
RPUOMLTJRHOFFEA86CB,三合段,11.17,都市：住,10000,79,持分移轉,00230000
RPXOMLTJRHOFFEA17CB,三合段,11.17,都市：住,10000,79,持分移轉,00230000
RPOPMLTJRHOFFEA98CB,三合段,11.17,都市：住,10000,79,持分移轉,00230000
RPOOMLTJRHOFFEA88CB,三合段,11.31,都市：住,10000,80,持分移轉,00230000
RPPOMLTJRHOFFEA98CB,三合段,11.17,都市：住,10000,79,持分移轉,00230000
RPPPMLTJRHOFFEA09CB,三合段,11.17,都市：住,10000,79,持分移轉,00230000
RPSQMLTJRHOFFEA86CB,三合段,15.26,都市：住,10000,108,持分移轉,00230000
RPVPMLTJRHOFFEA07CB,三合段,21.06,都市：住,10000,149,持分移轉,00230000
RPQQMLTJRHOFFEA66CB,三合段,15.12,都市：住,10000,107,持分移轉,00230000
RPRPMLTJRHOFFEA66CB,三合段,21.06,都市：住,10000,149,持分移轉,00230000
RPWQMLTJRHOFFEA27CB,三合段,15.26,都市：住,10000,108,持分移轉,00230000
RPRQMLTJRHOFFEA76CB,三合段,15.26,都市：住,10000,108,持分移轉,00230000
RPQRMLTJRHOFFEA76CB,三合段,13.99,都市：住,10000,99,持分移轉,00230000
RPSPMLTJRHOFFEA76CB,三合段,21.06,都市：住,10000,149,持分移轉,00230000
RPUQMLTJRHOFFEA07CB,三合段,15.26,都市：住,10000,108,持分移轉,00230000
RPQPMLTJRHOFFEA56CB,三合段,11.17,都市：住,10000,79,持分移轉,00230000
RPSRMLTJRHOFFEA96CB,三合段,11.73,都市：住,10000,83,持分移轉,00230000
RPTRMLTJRHOFFEA07CB,三合段,10.18,都市：住,10000,72,持分移轉,00230000
RPOSMLTJRHOFFEA66CB,三合段,20.07,都市：住,10000,142,持分移轉,00230000
RPXRMLTJRHOFFEA47CB,三合段,20.07,都市：住,10000,142,持分移轉,00230000
RPPNMLNLRHOFFAA08CB,河堤段二小段,4.94,都市：商,100000,1429,持分移轉,02930000
RPPNMLNLRHOFFAA08CB,河堤段二小段,.06,都市：商,100000,1429,持分移轉,03110002
RPWRMLTJRHOFFEA37CB,三合段,20.07,都市：住,10000,142,持分移轉,00230000
RPPSMLTJRHOFFEA76CB,三合段,18.09,都市：住,10000,128,持分移轉,00230000
RPVNMLOJIIOFFAA87DB,河堤段四小段,9.45,都市：商,10000,543,持分移轉,02290000
RPVNMLOJIIOFFAA87DB,河堤段四小段,.05,都市：住,10000,543,持分移轉,02630037
RPVNMLOLRHOFFEA56CB,三合段,17.81,都市：住,10000,126,持分移轉,00230000
RPTOMLTLIIOFFEA78CB,三合段,21.06,都市：住,10000,149,持分移轉,00230000
RPWNMLOJIIOFFAA97DB,河堤段四小段,6.52,都市：商,10000,375,持分移轉,02290000
RPWNMLOJIIOFFAA97DB,河堤段四小段,.04,都市：住,10000,375,持分移轉,02630037
RPVOMLTLIIOFFEA98CB,三合段,17.81,都市：住,10000,126,持分移轉,00230000
RPXNMLPJJIOFFAA18CB,河堤段二小段,4.01,都市：商,100000,1158,持分移轉,02930000
RPXNMLPJJIOFFAA18CB,河堤段二小段,.05,都市：商,100000,1158,持分移轉,03110002
RPOOMLPJJIOFFAA37CB,河堤段二小段,3.46,都市：商,100000,999,持分移轉,02930000
RPOOMLPJJIOFFAA37CB,河堤段二小段,.04,都市：商,100000,999,持分移轉,03110002
RPXNMLNLRHOFFBA09DB,雙連段一小段,4.01,都市：住,10000,461,持分移轉,06000000
RPXNMLNLRHOFFBA09DB,雙連段一小段,5.12,都市：住,10000,461,持分移轉,05990000
RPXNMLNLRHOFFBA09DB,雙連段一小段,5.21,都市：住,10000,461,持分移轉,05980000
RPXNMLNLRHOFFBA09DB,雙連段一小段,.78,都市：住,10000,461,持分移轉,05970000
RPXNMLSJJIOFFCA68CB,石潭段四小段,29.29,都市：住,100000,2753,持分移轉,04450000
RPQOMLSJJIOFFCA08CB,石潭段四小段,35.02,都市：住,100000,3291,持分移轉,04450000
RPOOMLKLRHOFFCA97CB,長安段四小段,.71,都市：住,100000,3216,持分移轉,05200000
RPOOMLKLRHOFFCA97CB,長安段四小段,36.60,都市：住,100000,3216,持分移轉,05030000
RPXOMLSJJIOFFCA78CB,石潭段四小段,27.60,都市：住,100000,2594,持分移轉,04450000
RPOOMLSJJIOFFCA87CB,石潭段四小段,28.98,都市：住,100000,2724,持分移轉,04450000
RPVOMLSJJIOFFCA58CB,石潭段四小段,28.69,都市：住,100000,2696,持分移轉,04450000
RPPOMLSJJIOFFCA97CB,石潭段四小段,28.98,都市：住,100000,2724,持分移轉,04450000
RPUPMLSJJIOFFCA58CB,石潭段四小段,29.29,都市：住,100000,2753,持分移轉,04450000
RPRPMLSJJIOFFCA28CB,石潭段四小段,29.29,都市：住,100000,2753,持分移轉,04450000
RPQPMLSJJIOFFCA18CB,石潭段四小段,29.29,都市：住,100000,2753,持分移轉,04450000
RPXPMLSJJIOFFCA88CB,石潭段四小段,27.60,都市：住,100000,2594,持分移轉,04450000
RPVPMLSJJIOFFCA68CB,石潭段四小段,28.69,都市：住,100000,2696,持分移轉,04450000
RPOQMLSJJIOFFCA08CB,石潭段四小段,29.29,都市：住,100000,2753,持分移轉,04450000
RPWPMLSJJIOFFCA78CB,石潭段四小段,27.60,都市：住,100000,2594,持分移轉,04450000
RPTPMLSJJIOFFCA48CB,石潭段四小段,27.60,都市：住,100000,2594,持分移轉,04450000
RPOPMLSJJIOFFCA97CB,石潭段四小段,27.60,都市：住,100000,2594,持分移轉,04450000
RPPPMLSJJIOFFCA08CB,石潭段四小段,29.29,都市：住,100000,2753,持分移轉,04450000
RPPQMLSJJIOFFCA18CB,石潭段四小段,27.60,都市：住,100000,2594,持分移轉,04450000
RPRQMLSJJIOFFCA38CB,石潭段四小段,28.69,都市：住,100000,2696,持分移轉,04450000
RPSQMLSJJIOFFCA48CB,石潭段四小段,28.98,都市：住,100000,2724,持分移轉,04450000
