﻿鄉鎮市區,交易標的,土地位置建物門牌,土地移轉總面積平方公尺,都市土地使用分區,非都市土地使用分區,非都市土地使用編定,交易年月日,交易筆棟數,移轉層次,總樓層數,建物型態,主要用途,主要建材,建築完成年月,建物移轉總面積平方公尺,建物現況格局-房,建物現況格局-廳,建物現況格局-衛,建物現況格局-隔間,有無管理組織,總價元,單價元平方公尺,車位類別,車位移轉總面積平方公尺,車位總價元,備註,編號
The villages and towns urban district,transaction sign,land sector position building sector house number plate,land shifting total area square meter,the use zoning or compiles and checks,the non-metropolis land use district,non-metropolis land use,transaction year month and day,transaction pen number,shifting level,total floor number,building state,main use,main building materials,construction to complete the years,building shifting total area,Building present situation pattern - room,building present situation pattern - hall,building present situation pattern - health,building present situation pattern - compartmented,Whether there is manages the organization,total price NTD,the unit price (NTD / square meter),the berth category,berth shifting total area square meter,the berth total price NTD,the note,serial number
大雅區,房地(土地+建物),臺中市大雅區三和段525-54地號,89.6,農,,,1080412,土地4建物1車位0,全,4,透天厝,住家用,鋼筋混凝土造,,150.23,4,2,3,有,無,12700000,84537,,0.0,0,,RPPNMLSLIIOFFHB58CB
大雅區,房地(土地+建物),臺中市大雅區三和段525-53地號,90.6,農,,,1080101,土地4建物1車位0,全,4,透天厝,住家用,鋼筋混凝土造,,150.23,4,2,3,有,無,12600000,83871,,0.0,0,,RPQNMLSLIIOFFHB68CB
大雅區,房地(土地+建物),臺中市大雅區三和段525-52地號,90.6,農,,,1080131,土地4建物1車位0,全,4,透天厝,,鋼筋混凝土造,,150.23,4,2,3,有,無,12680000,84404,,0.0,0,,RPRNMLSLIIOFFHB78CB
大雅區,房地(土地+建物),臺中市大雅區三和段525-51地號,89.6,農,,,1080108,土地4建物1車位0,全,4,透天厝,住家用,鋼筋混凝土造,,150.23,4,2,3,有,無,12500000,83206,,0.0,0,,RPSNMLSLIIOFFHB88CB
大雅區,房地(土地+建物),臺中市大雅區三和段525-50地號,88.6,農,,,1080412,土地4建物1車位0,全,4,透天厝,,鋼筋混凝土造,,150.23,4,2,3,有,無,12700000,84537,,0.0,0,,RPTNMLSLIIOFFHB98CB
大雅區,房地(土地+建物),臺中市大雅區三和段252-49地號,99.6,農,,,1081228,土地4建物1車位0,全,4,透天厝,住家用,鋼筋混凝土造,,171.66,4,2,3,有,無,13750000,80100,,0.0,0,,RPUNMLSLIIOFFHB09CB
大雅區,房地(土地+建物),臺中市大雅區三和段525-48地號,98.6,農,,,1080427,土地4建物1車位0,全,4,透天厝,住家用,鋼筋混凝土造,,171.66,4,2,3,有,無,13600000,79226,,0.0,0,,RPVNMLSLIIOFFHB56CB
大雅區,房地(土地+建物),臺中市大雅區三和段525-47地號,98.6,農,,,1071230,土地4建物1車位0,全,4,透天厝,住家用,鋼筋混凝土造,,171.66,4,2,3,有,無,13750000,80100,,0.0,0,,RPWNMLSLIIOFFHB66CB
大雅區,房地(土地+建物),臺中市大雅區三和段525-46地號,97.6,農,,,1080120,土地4建物1車位0,全,4,透天厝,住家用,鋼筋混凝土造,,171.66,4,2,3,有,無,13800000,80391,,0.0,0,,RPXNMLSLIIOFFHB76CB
大雅區,房地(土地+建物),臺中市大雅區三和段525-45地號,139.6,農,,,1080213,土地4建物1車位0,全,4,透天厝,住家用,鋼筋混凝土造,,156.65,4,2,3,有,無,15000000,95755,,0.0,0,,RPOOMLSLIIOFFHB58CB
大雅區,房地(土地+建物),臺中市大雅區三和段525-55地號,93.6,農,,,1080408,土地4建物1車位0,全,4,透天厝,住家用,鋼筋混凝土造,,209.12,4,2,3,有,無,12950000,61926,,0.0,0,,RPPOMLSLIIOFFHB68CB
大雅區,房地(土地+建物),臺中市大雅區三和段525-32地號,101.6,農,,,1080323,土地4建物1車位0,全,4,透天厝,住家用,鋼筋混凝土造,,237.02,4,2,3,有,無,15000000,63286,,0.0,0,,RPQOMLSLIIOFFHB78CB
大雅區,房地(土地+建物),臺中市大雅區三和段525-56地號,102.6,農,,,1080427,土地4建物1車位0,全,4,透天厝,住家用,鋼筋混凝土造,,237.02,4,2,3,有,無,14950000,63075,,0.0,0,,RPROMLSLIIOFFHB88CB
大雅區,房地(土地+建物),臺中市大雅區三和段525-33地號,87.6,農,,,1080921,土地4建物1車位0,全,4,透天厝,住家用,鋼筋混凝土造,,153.58,4,2,3,有,無,12250000,79763,,0.0,0,,RPSOMLSLIIOFFHB98CB
大雅區,房地(土地+建物),臺中市大雅區三和段525-34地號,84.6,農,,,1080503,土地4建物1車位0,全,4,透天厝,,鋼筋混凝土造,,150.23,4,2,3,有,無,12250000,81542,,0.0,0,,RPTOMLSLIIOFFHB09CB
大雅區,房地(土地+建物),臺中市大雅區三和段525-35地號,91.6,農,,,1080127,土地4建物1車位0,全,4,透天厝,住家用,鋼筋混凝土造,,150.23,4,2,3,有,無,12550000,83539,,0.0,0,,RPUOMLSLIIOFFHB56CB
大雅區,房地(土地+建物),臺中市大雅區三和段525-36地號,90.6,農,,,1080505,土地4建物1車位0,全,4,透天厝,住家用,鋼筋混凝土造,,150.23,4,2,3,有,無,12650000,84204,,0.0,0,,RPVOMLSLIIOFFHB66CB
大雅區,房地(土地+建物),臺中市大雅區三和段525-37地號,93.6,農,,,1080104,土地5建物1車位0,全,4,透天厝,住家用,鋼筋混凝土造,,150.23,4,2,3,有,無,12750000,84870,,0.0,0,,RPWOMLSLIIOFFHB76CB
大雅區,房地(土地+建物),臺中市大雅區三和段525-38地號,106.6,農,,,1080215,土地5建物1車位0,全,4,透天厝,住家用,鋼筋混凝土造,,171.5,4,2,3,有,無,14000000,81633,,0.0,0,,RPXOMLSLIIOFFHB86CB
大雅區,房地(土地+建物),臺中市大雅區三和段525-40地號,106.6,農,,,1080507,土地5建物1車位0,全,4,透天厝,住家用,鋼筋混凝土造,,171.5,4,2,3,有,無,13750000,80175,,0.0,0,,RPPPMLSLIIOFFHB78CB
大雅區,房地(土地+建物),臺中市大雅區三和段525-41地號,106.6,農,,,1080113,土地5建物1車位0,全,4,透天厝,住家用,鋼筋混凝土造,,171.5,4,2,3,有,無,13750000,80175,,0.0,0,,RPQPMLSLIIOFFHB88CB
大雅區,房地(土地+建物),臺中市大雅區三和段525-42地號,106.6,農,,,1080503,土地5建物1車位0,全,4,透天厝,住家用,鋼筋混凝土造,,171.5,4,2,3,有,無,13750000,80175,,0.0,0,,RPRPMLSLIIOFFHB98CB
大雅區,房地(土地+建物),臺中市大雅區三和段525-43地號,106.6,農,,,1080425,土地5建物1車位0,全,4,透天厝,住家用,鋼筋混凝土造,,171.5,4,2,3,有,無,13680000,79767,,0.0,0,,RPSPMLSLIIOFFHB09CB
大雅區,房地(土地+建物),臺中市大雅區三和段525-44地號,113.6,農,,,1080417,土地5建物1車位0,全,4,透天厝,住家用,鋼筋混凝土造,,171.45,4,2,3,有,無,13550000,79032,,0.0,0,,RPTPMLSLIIOFFHB56CB
大雅區,房地(土地+建物),臺中市大雅區三和段525-39地號,106.6,農,,,1080417,土地5建物1車位0,全,4,透天厝,,鋼筋混凝土造,,171.5,4,2,3,有,無,13600000,79300,,0.0,0,,RPVNMLKMIIOFFHB48CB
南區,房地(土地+建物)+車位,臺中市南區福田一街59號2F-1,25.5,住,,,1081002,土地1建物1車位1,二層,12,住宅大樓(11層含以上有電梯),住家用,鋼筋混凝土造,,172.3,3,2,2,有,無,10200000,67749,坡道平面,37.39,1060000,售價包含裝潢或家電。；,RPUPMLKMIIOFFAB87CB
南區,房地(土地+建物)+車位,臺中市南區福田一街59號3F-1,25.5,住,,,1080909,土地1建物1車位1,三層,12,住宅大樓(11層含以上有電梯),住家用,鋼筋混凝土造,,173.35,3,2,2,有,無,10660000,70788,坡道平面,38.44,1110000,售價包含裝潢或家電。；,RPVPMLKMIIOFFAB97CB
南區,房地(土地+建物)+車位,臺中市南區福田一街59號4F-1,25.5,住,,,1080722,土地1建物1車位1,四層,12,住宅大樓(11層含以上有電梯),住家用,鋼筋混凝土造,,173.35,3,2,2,有,無,9800000,64858,坡道平面,38.44,1050000,,RPWPMLKMIIOFFAB08CB
南區,房地(土地+建物)+車位,臺中市南區福田一街59號5F-1,25.5,住,,,1080506,土地1建物1車位1,五層,12,住宅大樓(11層含以上有電梯),住家用,鋼筋混凝土造,,173.35,3,2,2,有,無,9800000,64858,坡道平面,38.44,1050000,,RPXPMLKMIIOFFAB18CB
南區,房地(土地+建物)+車位,臺中市南區福田一街59號6F-1,25.5,住,,,1080217,土地1建物1車位1,六層,12,住宅大樓(11層含以上有電梯),住家用,鋼筋混凝土造,,172.3,3,2,2,有,無,10150000,67378,坡道平面,37.39,1060000,,RPOQMLKMIIOFFAB37CB
南區,房地(土地+建物)+車位,臺中市南區福田一街59號7F-1,25.5,住,,,1071105,土地1建物1車位1,七層,12,住宅大樓(11層含以上有電梯),住家用,鋼筋混凝土造,,173.35,3,2,2,有,無,10380000,69157,坡道平面,38.44,1050000,,RPPQMLKMIIOFFAB47CB
南區,房地(土地+建物)+車位,臺中市南區福田一街59號8F-1,25.5,住,,,1071022,土地1建物1車位1,八層,12,住宅大樓(11層含以上有電梯),住家用,鋼筋混凝土造,,173.35,3,2,2,有,無,10450000,69231,坡道平面,38.44,1110000,,RPQQMLKMIIOFFAB57CB
南區,房地(土地+建物)+車位,臺中市南區福田一街59號9F-1,25.72,住,,,1071105,土地1建物1車位2,九層,12,住宅大樓(11層含以上有電梯),住家用,鋼筋混凝土造,,210.74,3,2,2,有,無,11580000,68416,坡道平面,75.83,2350000,,RPRQMLKMIIOFFAB67CB
南區,房地(土地+建物)+車位,臺中市南區福田一街59號10F-1,25.5,住,,,1070801,土地1建物1車位1,十層,12,住宅大樓(11層含以上有電梯),住家用,鋼筋混凝土造,,173.35,3,2,2,有,無,10490000,69528,坡道平面,38.44,1110000,,RPSQMLKMIIOFFAB77CB
南區,房地(土地+建物)+車位,臺中市南區福田一街59號11F-1,25.5,住,,,1070801,土地1建物1車位1,十一層,12,住宅大樓(11層含以上有電梯),住家用,鋼筋混凝土造,,173.35,3,2,2,有,無,10480000,69454,坡道平面,38.44,1110000,,RPTQMLKMIIOFFAB87CB
南區,房地(土地+建物)+車位,臺中市南區福田一街59號12F-1,25.5,住,,,1071015,土地1建物1車位1,十二層,12,住宅大樓(11層含以上有電梯),住家用,鋼筋混凝土造,,173.35,3,2,2,有,無,10250000,68194,坡道平面,38.44,1050000,,RPUQMLKMIIOFFAB97CB
南區,房地(土地+建物)+車位,臺中市南區福田一街59號2F-2,18.37,住,,,1080517,土地1建物1車位1,二層,12,住宅大樓(11層含以上有電梯),住家用,鋼筋混凝土造,,140.0,2,2,1,有,無,7330000,61737,坡道平面,38.44,1060000,親友、員工或其他特殊關係間之交易。；,RPWQMLKMIIOFFAB18CB
南區,房地(土地+建物)+車位,臺中市南區福田一街59號3F-2,18.37,住,,,1080304,土地1建物1車位1,三層,12,住宅大樓(11層含以上有電梯),住家用,鋼筋混凝土造,,140.0,2,2,1,有,無,7800000,66463,坡道平面,38.44,1050000,,RPXQMLKMIIOFFAB28CB
南區,房地(土地+建物)+車位,臺中市南區福田一街59號4F-2,18.37,住,,,1070820,土地1建物1車位1,四層,12,住宅大樓(11層含以上有電梯),住家用,鋼筋混凝土造,,138.95,2,2,1,有,無,7680000,65872,坡道平面,37.39,990000,,RPORMLKMIIOFFAB47CB
南區,房地(土地+建物)+車位,臺中市南區福田一街59號5F-2,18.37,住,,,1070917,土地1建物1車位1,五層,12,住宅大樓(11層含以上有電梯),住家用,鋼筋混凝土造,,140.0,2,2,1,有,無,7790000,66365,坡道平面,38.44,1050000,,RPQRMLKMIIOFFAB67CB
南區,房地(土地+建物)+車位,臺中市南區福田一街59號6F-2,18.37,住,,,1071008,土地1建物1車位1,六層,12,住宅大樓(11層含以上有電梯),住家用,鋼筋混凝土造,,140.0,2,2,1,有,無,7900000,66857,坡道平面,38.44,1110000,,RPRRMLKMIIOFFAB77CB
南區,房地(土地+建物)+車位,臺中市南區福田一街59號7F-2,18.37,住,,,1071208,土地1建物1車位1,七層,12,住宅大樓(11層含以上有電梯),住家用,鋼筋混凝土造,,140.0,2,2,1,有,無,7980000,68236,坡道平面,38.44,1050000,,RPSRMLKMIIOFFAB87CB
南區,房地(土地+建物)+車位,臺中市南區福田一街59號8F-2,18.37,住,,,1070726,土地1建物1車位1,八層,12,住宅大樓(11層含以上有電梯),住家用,鋼筋混凝土造,,140.0,2,2,1,有,無,8000000,68432,坡道平面,38.44,1050000,,RPTRMLKMIIOFFAB97CB
南區,房地(土地+建物)+車位,臺中市南區福田一街59號9F-2,18.37,住,,,1080506,土地1建物1車位1,九層,12,住宅大樓(11層含以上有電梯),住家用,鋼筋混凝土造,,140.0,2,2,1,有,無,8010000,68531,坡道平面,38.44,1050000,,RPVRMLKMIIOFFAB18CB
南區,房地(土地+建物)+車位,臺中市南區福田一街59號10F-2,18.37,住,,,1071209,土地1建物1車位1,十層,12,住宅大樓(11層含以上有電梯),住家用,鋼筋混凝土造,,140.0,2,2,1,有,無,8140000,69811,坡道平面,38.44,1050000,,RPWRMLKMIIOFFAB28CB
南區,房地(土地+建物)+車位,臺中市南區福田一街59號11F-2,18.37,住,,,1071209,土地1建物1車位1,十一層,12,住宅大樓(11層含以上有電梯),住家用,鋼筋混凝土造,,140.0,2,2,1,有,無,8100000,69417,坡道平面,38.44,1050000,,RPXRMLKMIIOFFAB38CB
南區,房地(土地+建物)+車位,臺中市南區福田一街59號12F-2,18.37,住,,,1080211,土地1建物1車位1,十二層,12,住宅大樓(11層含以上有電梯),住家用,鋼筋混凝土造,,140.0,2,2,1,有,無,8160000,69417,坡道平面,38.44,1110000,,RPOSMLKMIIOFFAB57CB
南區,房地(土地+建物)+車位,臺中市南區福田一街59號2F-3,27.44,住,,,1070820,土地1建物1車位2,二層,12,住宅大樓(11層含以上有電梯),住家用,鋼筋混凝土造,,224.23,3,2,2,有,無,12150000,68127,坡道平面,75.83,2040000,,RPPSMLKMIIOFFAB67CB
南區,房地(土地+建物)+車位,臺中市南區福田一街59號3F-3,27.01,住,,,1080708,土地1建物1車位1,三層,12,住宅大樓(11層含以上有電梯),住家用,鋼筋混凝土造,,185.47,3,2,2,有,無,10880000,66788,坡道平面,37.39,990000,,RPRSMLKMIIOFFAB87CB
南區,房地(土地+建物)+車位,臺中市南區福田一街59號4F-3,27.01,住,,,1080804,土地1建物1車位1,四層,12,住宅大樓(11層含以上有電梯),住家用,鋼筋混凝土造,,186.52,3,2,2,有,無,10820000,65978,坡道平面,38.44,1050000,,RPSSMLKMIIOFFAB97CB
南區,房地(土地+建物)+車位,臺中市南區福田一街59號5F-3,27.01,住,,,1080614,土地1建物1車位1,五層,12,住宅大樓(11層含以上有電梯),住家用,鋼筋混凝土造,,186.52,3,2,2,有,無,12400000,75635,坡道平面,38.44,1200000,售價包含裝潢或家電。；,RPTSMLKMIIOFFAB08CB
南區,房地(土地+建物)+車位,臺中市南區福田一街59號6F-3,27.23,住,,,1080601,土地1建物1車位2,六層,12,住宅大樓(11層含以上有電梯),住家用,鋼筋混凝土造,,224.96,3,2,2,有,無,12130000,67734,坡道平面,76.88,2100000,,RPUSMLKMIIOFFAB18CB
南區,房地(土地+建物)+車位,臺中市南區福田一街59號7F-3,27.01,住,,,1080225,土地1建物1車位1,七層,12,住宅大樓(11層含以上有電梯),住家用,鋼筋混凝土造,,186.52,3,2,2,有,無,11300000,68814,坡道平面,38.44,1110000,,RPVSMLKMIIOFFAB28CB
南區,房地(土地+建物)+車位,臺中市南區福田一街59號8F-3,27.01,住,,,1080610,土地1建物1車位1,八層,12,住宅大樓(11層含以上有電梯),住家用,鋼筋混凝土造,,186.52,3,2,2,有,無,11590000,70165,坡道平面,38.44,1200000,,RPWSMLKMIIOFFAB38CB
南區,房地(土地+建物)+車位,臺中市南區福田一街59號9F-3,27.23,住,,,1080624,土地1建物1車位2,九層,12,住宅大樓(11層含以上有電梯),住家用,鋼筋混凝土造,,223.91,3,2,2,有,無,12450000,69422,坡道平面,75.83,2170000,,RPXSMLKMIIOFFAB48CB
南區,房地(土地+建物)+車位,臺中市南區福田一街59號10F-3,27.01,住,,,1080603,土地1建物1車位1,十層,12,住宅大樓(11層含以上有電梯),住家用,鋼筋混凝土造,,186.52,3,2,2,有,無,11500000,70165,坡道平面,38.44,1110000,,RPOTMLKMIIOFFAB67CB
南區,房地(土地+建物)+車位,臺中市南區福田一街59號11F-3,27.01,住,,,1080715,土地1建物1車位1,十一層,12,住宅大樓(11層含以上有電梯),住家用,鋼筋混凝土造,,186.52,3,2,2,有,無,11360000,69219,坡道平面,38.44,1110000,,RPPTMLKMIIOFFAB77CB
南區,房地(土地+建物)+車位,臺中市南區福田一街59號12F-3,27.01,住,,,1070910,土地1建物1車位1,十二層,12,住宅大樓(11層含以上有電梯),住家用,鋼筋混凝土造,,186.52,3,2,2,有,無,11250000,68882,坡道平面,38.44,1050000,,RPQTMLKMIIOFFAB87CB
南區,房地(土地+建物)+車位,臺中市南區福田一街59號2F-5,23.55,住,,,1081002,土地1建物1車位2,二層,12,住宅大樓(11層含以上有電梯),住家用,鋼筋混凝土造,,205.24,3,2,2,有,無,11200000,68387,坡道平面,75.83,2350000,售價包含裝潢或家電。；,RPRTMLKMIIOFFAB97CB
南區,房地(土地+建物)+車位,臺中市南區福田一街59號3F-5,23.34,住,,,1080812,土地1建物1車位1,三層,12,住宅大樓(11層含以上有電梯),住家用,鋼筋混凝土造,,167.85,3,2,2,有,無,10700000,74106,坡道平面,38.44,1110000,售價包含裝潢或家電。；,RPSTMLKMIIOFFAB08CB
南區,房地(土地+建物)+車位,臺中市南區福田一街59號4F-5,23.34,住,,,1070813,土地1建物1車位1,四層,12,住宅大樓(11層含以上有電梯),住家用,鋼筋混凝土造,,167.85,3,2,2,有,無,9700000,66842,坡道平面,38.44,1050000,,RPTTMLKMIIOFFAB18CB
南區,房地(土地+建物)+車位,臺中市南區福田一街59號5F-5,23.55,住,,,1071008,土地1建物1車位2,五層,12,住宅大樓(11層含以上有電梯),住家用,鋼筋混凝土造,,206.29,3,2,2,有,無,10800000,67228,坡道平面,76.88,2100000,,RPUTMLKMIIOFFAB28CB
南區,房地(土地+建物)+車位,臺中市南區福田一街59號6F-5,23.55,住,,,1080513,土地1建物1車位2,六層,12,住宅大樓(11層含以上有電梯),住家用,鋼筋混凝土造,,205.24,3,2,2,有,無,11250000,70165,坡道平面,75.83,2170000,,RPVTMLKMIIOFFAB38CB
南區,房地(土地+建物)+車位,臺中市南區福田一街59號7F-5,23.34,住,,,1070808,土地1建物1車位1,七層,12,住宅大樓(11層含以上有電梯),住家用,鋼筋混凝土造,,167.85,3,2,2,有,無,10050000,69546,坡道平面,38.44,1050000,,RPWTMLKMIIOFFAB48CB
南區,房地(土地+建物)+車位,臺中市南區福田一街59號8F-5,23.34,住,,,1080520,土地1建物1車位1,八層,12,住宅大樓(11層含以上有電梯),住家用,鋼筋混凝土造,,167.85,3,2,2,有,無,10360000,70783,坡道平面,38.44,1200000,,RPXTMLKMIIOFFAB58CB
南區,房地(土地+建物)+車位,臺中市南區福田一街59號9F-5,23.55,住,,,1080906,土地1建物1車位2,九層,12,住宅大樓(11層含以上有電梯),住家用,鋼筋混凝土造,,206.29,3,2,2,有,無,11080000,69315,坡道平面,76.88,2110000,,RPOUMLKMIIOFFAB77CB
南區,房地(土地+建物)+車位,臺中市南區福田一街59號10F-5,23.34,住,,,1070813,土地1建物1車位1,十層,12,住宅大樓(11層含以上有電梯),住家用,鋼筋混凝土造,,167.85,3,2,2,有,無,10260000,70706,坡道平面,38.44,1110000,,RPPUMLKMIIOFFAB87CB
南區,房地(土地+建物)+車位,臺中市南區福田一街59號11F-5,23.34,住,,,1080801,土地1建物1車位1,十一層,12,住宅大樓(11層含以上有電梯),住家用,鋼筋混凝土造,,167.85,3,2,2,有,無,10250000,70628,坡道平面,38.44,1110000,,RPQUMLKMIIOFFAB97CB
南區,房地(土地+建物)+車位,臺中市南區福田一街59號12F-5,23.34,住,,,1080520,土地1建物1車位1,十二層,12,住宅大樓(11層含以上有電梯),住家用,鋼筋混凝土造,,167.85,3,2,2,有,無,10160000,70396,坡道平面,38.44,1050000,,RPRUMLKMIIOFFAB08CB
南區,房地(土地+建物)+車位,臺中市南區福田一街39號2F-1,25.28,住,,,1080902,土地1建物1車位1,二層,12,住宅大樓(11層含以上有電梯),住家用,鋼筋混凝土造,,171.65,3,2,2,有,無,10700000,72442,坡道平面,38.44,1050000,售價包含裝潢或家電。；,RPSUMLKMIIOFFAB18CB
南區,房地(土地+建物)+車位,臺中市南區福田一街39號3F-1,25.28,住,,,1080617,土地1建物1車位1,三層,12,住宅大樓(11層含以上有電梯),住家用,鋼筋混凝土造,,170.61,3,2,2,有,無,9900000,65681,坡道平面,37.39,1150000,,RPVUMLKMIIOFFAB48CB
南區,房地(土地+建物)+車位,臺中市南區福田一街39號4F-1,25.5,住,,,1071119,土地1建物1車位2,四層,12,住宅大樓(11層含以上有電梯),住家用,鋼筋混凝土造,,210.1,3,2,2,有,無,11000000,66807,坡道平面,76.88,2100000,,RPXUMLKMIIOFFAB68CB
南區,房地(土地+建物)+車位,臺中市南區福田一街39號5F-1,25.28,住,,,1071112,土地1建物1車位1,五層,12,住宅大樓(11層含以上有電梯),住家用,鋼筋混凝土造,,170.61,3,2,2,有,無,9800000,66131,坡道平面,37.39,990000,,RPPVMLKMIIOFFAB97CB
南區,房地(土地+建物)+車位,臺中市南區福田一街39號6F-1,25.28,住,,,1070924,土地1建物1車位1,六層,12,住宅大樓(11層含以上有電梯),住家用,鋼筋混凝土造,,171.66,3,2,2,有,無,10050000,67107,坡道平面,38.44,1110000,,RPRVMLKMIIOFFAB18CB
南區,房地(土地+建物)+車位,臺中市南區福田一街39號7F-1,25.28,住,,,1070924,土地1建物1車位1,七層,12,住宅大樓(11層含以上有電梯),住家用,鋼筋混凝土造,,171.66,3,2,2,有,無,10250000,68608,坡道平面,38.44,1110000,,RPSVMLKMIIOFFAB28CB
南區,房地(土地+建物)+車位,臺中市南區福田一街39號8F-1,25.28,住,,,1070725,土地1建物1車位1,八層,12,住宅大樓(11層含以上有電梯),住家用,鋼筋混凝土造,,171.66,3,2,2,有,無,10200000,68683,坡道平面,38.44,1050000,,RPTVMLKMIIOFFAB38CB
南區,房地(土地+建物)+車位,臺中市南區福田一街39號9F-1,25.28,住,,,1070917,土地1建物1車位1,九層,12,住宅大樓(11層含以上有電梯),住家用,鋼筋混凝土造,,171.66,3,2,2,有,無,10430000,69959,坡道平面,38.44,1110000,,RPUVMLKMIIOFFAB48CB
南區,房地(土地+建物)+車位,臺中市南區福田一街39號10F-1,25.28,住,,,1080121,土地1建物1車位1,十層,12,住宅大樓(11層含以上有電梯),住家用,鋼筋混凝土造,,170.61,3,2,2,有,無,10300000,69359,坡道平面,37.39,1060000,,RPVVMLKMIIOFFAB58CB
南區,房地(土地+建物)+車位,臺中市南區福田一街39號11F-1,25.28,住,,,1070913,土地1建物1車位1,十一層,12,住宅大樓(11層含以上有電梯),住家用,鋼筋混凝土造,,171.66,3,2,2,有,無,10400000,69734,坡道平面,38.44,1110000,,RPWVMLKMIIOFFAB68CB
南區,房地(土地+建物)+車位,臺中市南區福田一街39號12F-1,25.28,住,,,1080429,土地1建物1車位1,十二層,12,住宅大樓(11層含以上有電梯),住家用,鋼筋混凝土造,,171.66,3,2,2,有,無,10300000,69434,坡道平面,38.44,1050000,,RPOWMLKMIIOFFAB97CB
南區,房地(土地+建物)+車位,臺中市南區福田一街39號2F-2,18.15,住,,,1071203,土地1建物1車位1,二層,12,住宅大樓(11層含以上有電梯),住家用,鋼筋混凝土造,,138.71,2,2,1,有,無,8500000,74299,坡道平面,38.44,1050000,售價包含裝潢或家電。；,RPVNMLLMIIOFFAB87CB
南區,房地(土地+建物)+車位,臺中市南區福田一街39號3F-2,18.15,住,,,1071001,土地1建物1車位1,三層,12,住宅大樓(11層含以上有電梯),住家用,鋼筋混凝土造,,138.71,2,2,1,有,無,7700000,66321,坡道平面,38.44,1050000,,RPWNMLLMIIOFFAB97CB
南區,房地(土地+建物)+車位,臺中市南區福田一街39號4F-2,18.15,住,,,1070910,土地1建物1車位1,四層,12,住宅大樓(11層含以上有電梯),住家用,鋼筋混凝土造,,137.66,2,2,1,有,無,7620000,66121,坡道平面,37.39,990000,,RPXNMLLMIIOFFAB08CB
南區,房地(土地+建物)+車位,臺中市南區福田一街39號5F-2,18.15,住,,,1070809,土地1建物1車位1,五層,12,住宅大樓(11層含以上有電梯),住家用,鋼筋混凝土造,,137.66,2,2,1,有,無,7660000,65822,坡道平面,37.39,1060000,,RPOOMLLMIIOFFAB27CB
南區,房地(土地+建物)+車位,臺中市南區福田一街39號6F-2,18.15,住,,,1070726,土地1建物1車位1,六層,12,住宅大樓(11層含以上有電梯),住家用,鋼筋混凝土造,,138.71,2,2,1,有,無,7850000,67817,坡道平面,38.44,1050000,,RPPOMLLMIIOFFAB37CB
南區,房地(土地+建物)+車位,臺中市南區福田一街39號7F-2,18.15,住,,,1080201,土地1建物1車位1,七層,12,住宅大樓(11層含以上有電梯),住家用,鋼筋混凝土造,,138.71,2,2,1,有,無,7080000,60636,坡道平面,38.44,1000000,親友、員工或其他特殊關係間之交易。；,RPQOMLLMIIOFFAB47CB
南區,房地(土地+建物)+車位,臺中市南區福田一街39號8F-2,18.15,住,,,1071022,土地1建物1車位1,八層,12,住宅大樓(11層含以上有電梯),住家用,鋼筋混凝土造,,138.71,2,2,1,有,無,8120000,69014,坡道平面,38.44,1200000,,RPROMLLMIIOFFAB57CB
南區,房地(土地+建物)+車位,臺中市南區福田一街39號9F-2,18.15,住,,,1071126,土地1建物1車位1,九層,12,住宅大樓(11層含以上有電梯),住家用,鋼筋混凝土造,,137.66,2,2,1,有,無,8050000,69712,坡道平面,37.39,1060000,,RPSOMLLMIIOFFAB67CB
南區,房地(土地+建物)+車位,臺中市南區福田一街39號10F-2,18.15,住,,,1071015,土地1建物1車位1,十層,12,住宅大樓(11層含以上有電梯),住家用,鋼筋混凝土造,,138.71,2,2,1,有,無,7950000,68814,坡道平面,38.44,1050000,,RPTOMLLMIIOFFAB77CB
南區,房地(土地+建物)+車位,臺中市南區福田一街39號11F-2,18.15,住,,,1071001,土地1建物1車位1,十一層,12,住宅大樓(11層含以上有電梯),住家用,鋼筋混凝土造,,138.71,2,2,1,有,無,8050000,69812,坡道平面,38.44,1050000,,RPUOMLLMIIOFFAB87CB
南區,房地(土地+建物)+車位,臺中市南區福田一街39號12F-2,18.15,住,,,1080311,土地1建物1車位1,十二層,12,住宅大樓(11層含以上有電梯),住家用,鋼筋混凝土造,,138.71,2,2,1,有,無,7900000,68316,坡道平面,38.44,1050000,,RPVOMLLMIIOFFAB97CB
南區,房地(土地+建物)+車位,臺中市南區福田一街39號2F-3,27.01,住,,,1080824,土地1建物1車位1,二層,12,住宅大樓(11層含以上有電梯),住家用,鋼筋混凝土造,,184.1,3,2,2,有,無,12240000,75591,坡道平面,37.39,1150000,售價包含裝潢或家電。；,RPXOMLLMIIOFFAB18CB
南區,房地(土地+建物)+車位,臺中市南區福田一街39號3F-3,27.01,住,,,1080729,土地1建物1車位1,三層,12,住宅大樓(11層含以上有電梯),住家用,鋼筋混凝土造,,184.75,3,2,2,有,無,11830000,72654,坡道平面,38.44,1200000,售價包含裝潢或家電。；,RPOPMLLMIIOFFAB37CB
南區,房地(土地+建物)+車位,臺中市南區福田一街39號4F-3,27.01,住,,,1080408,土地1建物1車位1,四層,12,住宅大樓(11層含以上有電梯),住家用,鋼筋混凝土造,,184.75,3,2,2,有,無,10900000,66913,坡道平面,38.44,1110000,,RPPPMLLMIIOFFAB47CB
南區,房地(土地+建物)+車位,臺中市南區福田一街39號5F-3,27.01,住,,,1080325,土地1建物1車位1,五層,12,住宅大樓(11層含以上有電梯),住家用,鋼筋混凝土造,,184.75,3,2,2,有,無,10950000,67665,坡道平面,38.44,1050000,,RPQPMLLMIIOFFAB57CB
南區,房地(土地+建物)+車位,臺中市南區福田一街39號6F-3,27.23,住,,,1080128,土地1建物1車位2,六層,12,住宅大樓(11層含以上有電梯),住家用,鋼筋混凝土造,,223.19,3,2,2,有,無,12100000,68348,坡道平面,76.88,2100000,,RPRPMLLMIIOFFAB67CB
南區,房地(土地+建物)+車位,臺中市南區福田一街39號7F-3,27.23,住,,,1070901,土地1建物1車位2,七層,12,住宅大樓(11層含以上有電梯),住家用,鋼筋混凝土造,,223.19,3,2,2,有,無,12200000,69032,坡道平面,76.88,2100000,,RPUPMLLMIIOFFAB97CB
南區,房地(土地+建物)+車位,臺中市南區福田一街39號8F-3,27.01,住,,,1080122,土地1建物1車位1,八層,12,住宅大樓(11層含以上有電梯),住家用,鋼筋混凝土造,,184.75,3,2,2,有,無,11400000,69715,坡道平面,38.44,1200000,,RPXPMLLMIIOFFAB28CB
南區,房地(土地+建物)+車位,臺中市南區福田一街39號9F-3,27.01,住,,,1080318,土地1建物1車位1,九層,12,住宅大樓(11層含以上有電梯),住家用,鋼筋混凝土造,,184.75,3,2,2,有,無,11400000,69715,坡道平面,38.44,1200000,,RPORMLLMIIOFFAB57CB
南區,房地(土地+建物)+車位,臺中市南區福田一街39號10F-3,27.01,住,,,1080328,土地1建物1車位1,十層,12,住宅大樓(11層含以上有電梯),住家用,鋼筋混凝土造,,184.75,3,2,2,有,無,11460000,70740,坡道平面,38.44,1110000,,RPPRMLLMIIOFFAB67CB
南區,房地(土地+建物)+車位,臺中市南區福田一街39號11F-3,27.23,住,,,1070827,土地1建物1車位2,十一層,12,住宅大樓(11層含以上有電梯),住家用,鋼筋混凝土造,,223.19,3,2,2,有,無,12360000,69305,坡道平面,76.88,2220000,,RPQRMLLMIIOFFAB77CB
南區,房地(土地+建物)+車位,臺中市南區福田一街39號12F-3,27.01,住,,,1080429,土地1建物1車位1,十二層,12,住宅大樓(11層含以上有電梯),住家用,鋼筋混凝土造,,184.75,3,2,2,有,無,11140000,68963,坡道平面,38.44,1050000,,RPRRMLLMIIOFFAB87CB
南區,房地(土地+建物)+車位,臺中市南區福田一街39號2F-5,31.33,住,,,1080916,土地1建物1車位1,二層,12,住宅大樓(11層含以上有電梯),住家用,鋼筋混凝土造,,207.83,4,2,2,有,無,13500000,72613,坡道平面,38.44,1200000,售價包含裝潢或家電。；,RPSRMLLMIIOFFAB97CB
南區,房地(土地+建物)+車位,臺中市南區福田一街39號3F-5,31.55,住,,,1071224,土地1建物1車位2,三層,12,住宅大樓(11層含以上有電梯),住家用,鋼筋混凝土造,,246.27,4,2,2,有,無,13660000,67536,坡道平面,76.88,2220000,,RPTRMLLMIIOFFAB08CB
南區,房地(土地+建物)+車位,臺中市南區福田一街39號4F-5,31.55,住,,,1080603,土地1建物1車位2,四層,12,住宅大樓(11層含以上有電梯),住家用,鋼筋混凝土造,,246.27,4,2,2,有,無,13780000,67182,坡道平面,76.88,2400000,,RPURMLLMIIOFFAB18CB
南區,房地(土地+建物)+車位,臺中市南區福田一街39號5F-5,31.55,住,,,1080415,土地1建物1車位2,五層,12,住宅大樓(11層含以上有電梯),住家用,鋼筋混凝土造,,246.27,4,2,2,有,無,13880000,67773,坡道平面,76.88,2400000,,RPVRMLLMIIOFFAB28CB
南區,房地(土地+建物)+車位,臺中市南區福田一街39號6F-5,31.55,住,,,1080422,土地1建物1車位2,六層,12,住宅大樓(11層含以上有電梯),住家用,鋼筋混凝土造,,246.27,4,2,2,有,無,13980000,68363,坡道平面,76.88,2400000,,RPWRMLLMIIOFFAB38CB
南區,房地(土地+建物)+車位,臺中市南區福田一街39號8F-5,31.55,住,,,1070813,土地1建物1車位2,八層,12,住宅大樓(11層含以上有電梯),住家用,鋼筋混凝土造,,246.27,4,2,2,有,無,13980000,69426,坡道平面,76.88,2220000,,RPPSMLLMIIOFFAB77CB
南區,房地(土地+建物)+車位,臺中市南區福田一街39號8F-5,31.55,住,,,1080114,土地1建物1車位2,八層,12,住宅大樓(11層含以上有電梯),住家用,鋼筋混凝土造,,246.27,4,2,2,有,無,14130000,69248,坡道平面,76.88,2400000,,RPQSMLLMIIOFFAB87CB
南區,房地(土地+建物)+車位,臺中市南區福田一街39號9F-5,31.55,住,,,1070827,土地1建物1車位2,九層,12,住宅大樓(11層含以上有電梯),住家用,鋼筋混凝土造,,246.27,4,2,2,有,無,14500000,71433,坡道平面,76.88,2400000,,RPSSMLLMIIOFFAB08CB
南區,房地(土地+建物)+車位,臺中市南區福田一街39號10F-5,31.55,住,,,1080107,土地1建物1車位2,十層,12,住宅大樓(11層含以上有電梯),住家用,鋼筋混凝土造,,246.27,4,2,2,有,無,14080000,70016,坡道平面,76.88,2220000,,RPTSMLLMIIOFFAB18CB
南區,房地(土地+建物)+車位,臺中市南區福田一街39號11F-5,31.55,住,,,1080114,土地1建物1車位2,十一層,12,住宅大樓(11層含以上有電梯),住家用,鋼筋混凝土造,,246.27,4,2,2,有,無,14190000,69603,坡道平面,76.88,2400000,,RPUSMLLMIIOFFAB28CB
南區,房地(土地+建物)+車位,臺中市南區福田一街39號12F-5,31.55,住,,,1080209,土地1建物1車位2,十二層,12,住宅大樓(11層含以上有電梯),住家用,鋼筋混凝土造,,246.27,4,2,2,有,無,14150000,70429,坡道平面,76.88,2220000,,RPVSMLLMIIOFFAB38CB
南區,房地(土地+建物)+車位,臺中市南區復興北路32號八樓之1,28.96,住,,,1070607,土地2建物1車位1,八層,15,住宅大樓(11層含以上有電梯),住家用,鋼筋混凝土造,,195.99,4,2,2,有,無,12900000,71323,坡道平面,33.35,1300000,,RPRPMLLMIIOFFAB87EB
南區,房地(土地+建物)+車位,臺中市南區復興北路20號七樓之2,10.69,住,,,1070824,土地2建物1車位1,七層,15,住宅大樓(11層含以上有電梯),住家用,鋼筋混凝土造,,96.7,1,2,1,有,無,5800000,72612,坡道平面,33.35,1200000,,RPSPMLLMIIOFFAB97EB
南區,房地(土地+建物)+車位,臺中市南區復興北路32號三樓之1,28.96,住,,,1070430,土地2建物1車位1,三層,15,住宅大樓(11層含以上有電梯),住家用,鋼筋混凝土造,,195.99,4,2,2,有,無,12400000,68864,坡道平面,33.35,1200000,,RPTPMLLMIIOFFAB08EB
南區,房地(土地+建物),臺中市南區復興北路20號三樓之1,15.6,住,,,1071206,土地2建物1車位0,三層,15,住宅大樓(11層含以上有電梯),住家用,鋼筋混凝土造,,97.73,2,2,1,有,無,6650000,68045,,0.0,0,,RPUPMLLMIIOFFAB18EB
南區,房地(土地+建物),臺中市南區復興北路20號二樓之3,15.6,住,,,1080115,土地2建物1車位0,二層,15,住宅大樓(11層含以上有電梯),住家用,鋼筋混凝土造,,94.88,2,2,1,有,無,6080000,64081,,0.0,0,,RPVPMLLMIIOFFAB28EB
南區,房地(土地+建物)+車位,臺中市南區復興北路32號六樓之2,24.06,住,,,1070509,土地2建物1車位1,六層,15,住宅大樓(11層含以上有電梯),住家用,鋼筋混凝土造,,167.32,3,2,2,有,無,10650000,69792,坡道平面,33.35,1300000,,RPOQMLLMIIOFFAB67EB
南區,房地(土地+建物)+車位,臺中市南區復興北路32號五樓之1,28.96,住,,,1070530,土地2建物1車位1,五層,15,住宅大樓(11層含以上有電梯),住家用,鋼筋混凝土造,,195.99,4,2,2,有,無,12280000,67511,坡道平面,33.35,1300000,,RPPQMLLMIIOFFAB77EB
南區,房地(土地+建物),臺中市南區復興北路20號六樓之1,15.6,住,,,1070827,土地2建物1車位0,六層,15,住宅大樓(11層含以上有電梯),住家用,鋼筋混凝土造,,97.73,2,2,1,有,無,6800000,69579,,0.0,0,,RPQQMLLMIIOFFAB87EB
南區,房地(土地+建物)+車位,臺中市南區復興北路22號六樓之2,16.04,住,,,1070507,土地2建物1車位1,六層,15,住宅大樓(11層含以上有電梯),住家用,鋼筋混凝土造,,129.12,2,2,1,有,無,7950000,70481,坡道平面,33.35,1200000,,RPRQMLLMIIOFFAB97EB
南區,房地(土地+建物)+車位,臺中市南區復興北路32號七樓之1,28.96,住,,,1070602,土地2建物1車位1,七層,15,住宅大樓(11層含以上有電梯),住家用,鋼筋混凝土造,,195.99,4,2,2,有,無,12480000,68741,坡道平面,33.35,1300000,,RPSQMLLMIIOFFAB08EB
南區,房地(土地+建物)+車位,臺中市南區復興北路32號十一樓之1,28.96,住,,,1070525,土地2建物1車位1,十一層,15,住宅大樓(11層含以上有電梯),住家用,鋼筋混凝土造,,195.99,4,2,2,有,無,13050000,72245,坡道平面,33.35,1300000,,RPTQMLLMIIOFFAB18EB
南區,房地(土地+建物)+車位,臺中市南區復興北路32號九樓之3,21.39,住,,,1070606,土地2建物1車位1,九層,15,住宅大樓(11層含以上有電梯),住家用,鋼筋混凝土造,,153.49,3,2,2,有,無,9980000,72249,坡道平面,33.35,1300000,,RPUQMLLMIIOFFAB28EB
