﻿編號,土地位置,土地移轉面積(平方公尺),使用分區或編定,權利人持分分母,權利人持分分子,移轉情形,地號
The serial number, land position,land shifting area square meter,the use zoning or compiles and checks,,,,land parcel
RPTNMLMKQHOFFCB58CC,國安段,.00,都市：住,,,,05930491
RPRPMLMKQHOFFCB58CC,惠民段,11.10,都市：其他:新市政中心專用區,,,,01110000
RPXNMLMKQHOFFCB98CC,上石碑段,.00,都市：住,,,,21660000
RPSPMLMKQHOFFCB68CC,惠民段,13.43,都市：其他:新市政中心專用區,,,,01390000
RPTPMLMKQHOFFCB78CC,惠民段,17.95,都市：其他:新市政中心專用區,,,,01430001
RPWSMLMKQHOFFAB56CC,半平厝段,19.40,都市：住,,,,19780000
RPWRMLMKQHOFFAB09CC,麻園頭段,10.51,都市：住,,,,01320000
RPSSMLMKQHOFFAB78CC,大益段,10.31,都市：住,,,,05230000
RPSSMLMKQHOFFAB78CC,大益段,3.17,都市：住,,,,05230001
RPTOMLMKQHOFFCB78DC,惠來厝段,38.00,都市：商,,,,11920000
RPRQMLMKQHOFFCB68CC,寶文段,.00,非都市： ; 非都市編定：,,,,00720019
RPQQMLMKQHOFFCB58CC,惠民段,12.64,都市：其他:新市政中心專用區,,,,01380000
RPQOMLNKQHOFFCB48CC,惠民段,29.49,都市：其他:新市政中心專用區,,,,01430001
RPPQMLMKQHOFFCB48CC,寶文段,.00,非都市： ; 非都市編定：,,,,00720019
RPOQMLMKQHOFFCB38CC,田心段,18.64,都市：住,,,,10250000
RPPOMLNKQHOFFCB38CC,惠民段,15.22,都市：其他:新市政中心專用區,,,,01390000
RPOOMLNKQHOFFHB78CC,雅潭段,12.74,都市：住,,,,00680000
RPROMLNKQHOFFCB58CC,惠民段,14.48,都市：其他:新市政中心專用區,,,,01110000
RPTQMLNKQHOFFCB98CC,福安段,.00,都市：住,,,,03740000
RPUOMLNKQHOFFCB88CC,惠民段,12.88,都市：其他:新市政中心專用區,,,,00110000
RPVOMLNKQHOFFCB98CC,寶山段,113.00,都市：住,,,,02960006
RPVOMLNKQHOFFCB98CC,寶山段,5.00,都市：住,,,,02960016
RPPOMLNKQHOFFAB18CC,下橋子頭段,1.72,都市：商,,,,02170014
RPSNMLOKQHOFFAB48CC,後?子段,5.25,都市：商,,,,01150122
RPSNMLOKQHOFFAB48CC,後?子段,19.75,都市：商,,,,01150123
RPSNMLOKQHOFFAB48CC,後?子段,5.00,都市：商,,,,01150124
RPQNMLOKQHOFFHB98CC,學雅段,9.80,都市：住,,,,07180000
RPRNMLOKQHOFFHB09CC,四德段,10.33,都市：住,,,,03170006
RPRNMLOKQHOFFHB09CC,四德段,59.91,都市：住,,,,03190000
RPRNMLOKQHOFFHB09CC,四德段,4.11,都市：住,,,,03230024
RPRNMLOKQHOFFHB09CC,四德段,.13,都市：住,,,,03180003
RPRNMLOKQHOFFHB09CC,四德段,3.02,都市：住,,,,03220014
RPTNMLOKQHOFFHB66CC,四維段,23.97,都市：住,,,,03890000
RPTNMLOKQHOFFFB09CC,市鎮北段,18.78,都市：商,,,,02010000
RPSNMLOKQHOFFKB86CC,新東段,13.32,非都市：鄉村區 ; 非都市編定：乙種建築用地,,,,04890000
RPTSMLOKQHOFFCB66CC,寶文段,.00,都市：住,,,,00720061
RPTSMLOKQHOFFCB66CC,寶文段,.00,都市：住,,,,00720061
RPQOMLOKQHOFFCB68DC,上石碑段,75.00,都市：住,,,,08290010
RPUNMLPKQHOFFCB98CC,大進段,.00,都市：住,,,,08530000
RPUNMLPKQHOFFCB98CC,大進段,.00,都市：住,,,,08530001
RPSOMLPKQHOFFCB88CC,惠國段,12.33,都市：其他:新市政中心專區,,,,00770000
RPUPMLPKQHOFFCB56CC,惠民段,16.16,都市：商,,,,01390000
RPUPMLPKQHOFFCB56CC,惠民段,15.75,都市：商,,,,01390000
RPQQMLPKQHOFFCB88CC,惠民段,.00,都市：其他:第六種新市政中心專用區,,,,00220000
RPSQMLPKQHOFFCB09CC,西屯段,.00,都市：住,,,,22950000
RPRNMLPKQHOFFAB48CC,麻園頭段,16.30,都市：商,,,,01320000
RPXNMLNKQHOFFIB07CC,興祥段,13.32,都市：住,,,,01670000
RPTOMLMKQHOFFBB58CC,北屯段,.00,都市：住,,,,05130001
RPXNMLNKQHOFFBB98CC,東信段,61.55,都市：商,,,,02680000
RPUQMLMKQHOFFBB88CC,東峰段,.00,都市：住,,,,02170000
RPTNMLPKQHOFFBB78CC,邱厝子段,32.90,都市：住,,,,00200000
RPXRMLNKQHOFFBB76CC,陳平段,.00,都市：其他:市場用地,,,,08000026
RPXRMLNKQHOFFBB76CC,陳平段,.00,都市：其他:道路用地,,,,08000079
RPQQMLMKQHOFFBB48CC,東峰段,9.99,都市：商,,,,01580000
RPSQMLMKQHOFFBB68CC,賴厝?段,.21,都市：商,,,,00310003
RPSQMLMKQHOFFBB68CC,邱厝子段,.17,都市：商,,,,00310062
RPUPMLQKQHOFFAB09CC,麻園頭段,.00,都市：住,,,,01860002
RPPNMLQKQHOFFDB68CC,北庄段,323.00,非都市：特定農業區 ; 非都市編定：甲種建築用地,,,,02130006
RPPNMLQKQHOFFDB68CC,北庄段,324.00,非都市：特定農業區 ; 非都市編定：甲種建築用地,,,,02130016
RPQPMLQKQHOFFCB88CC,大新段,.00,都市：商,,,,04830006
RPQPMLQKQHOFFCB88CC,大新段,.00,都市：商,,,,04830007
RPQPMLQKQHOFFCB88CC,大新段,.00,都市：商,,,,04830008
RPXNMLTKQHOFFJB77CC,新光段,4.92,都市：住,,,,09810000
RPPOMLTKQHOFFAB78CC,樹子腳段,.00,都市：住,,,,10410000
RPVOMLTKQHOFFAB76CC,後?子段,36.75,都市：住,,,,02170000
RPWOMLTKQHOFFAB86CC,後?子段,33.57,都市：住,,,,02170000
RPOPMLPKQHOFFBB48CC,景美段,.00,都市：住,,,,00530000
RPUPMLTKQHOFFCB96CC,惠信段,185.86,都市：住,,,,00340000
RPPNMLTKQHOFFBB78CC,水源段,.00,都市：住,,,,00260049
RPTOMLTKQHOFFBB66CC,邱厝子段,.00,都市：住,,,,00600002
RPSSMLTKQHOFFCB07CC,中正段,5.55,都市：商,,,,01550000
RPXRMLTKQHOFFCB47CC,國安段,27.34,都市：住,,,,06010000
RPTNMLQKQHOFFBB88CC,賴厝?段,19.80,都市：住,,,,00490014
RPSPMLTKQHOFFBB66CC,和平段,984.50,都市：住,,,,02890000
RPOSMLTKQHOFFCB66CC,福德段,801.16,都市：住,,,,00380000
RPRPMLTKQHOFFBB56CC,太原段,.00,都市：住,,,,01000000
RPTPMLTKQHOFFBB76CC,中清段,8.56,都市：商,,,,00060000
RPUOMLQKQHOFFFB86CC,南勢坑段埔子小段,152.06,都市：住,,,,04270016
RPVPMLTKQHOFFBB96CC,中清段,8.56,都市：商,,,,00060000
RPUOMLKLQHOFFBB58CC,文正段,6.00,都市：住,,,,01150002
RPUOMLKLQHOFFBB58CC,文正段,.88,都市：住,,,,01150169
RPOQMLTKQHOFFBB98CC,中清段,8.50,都市：商,,,,00060000
RPXPMLTKQHOFFBB17CC,中清段,8.56,都市：商,,,,00060000
RPUPMLTKQHOFFBB86CC,中清段,8.56,都市：商,,,,00060000
RPVOMLKLQHOFFBB68CC,文正段,6.00,都市：住,,,,01150002
RPVOMLKLQHOFFBB68CC,文正段,.88,都市：住,,,,01150169
RPTOMLKLQHOFFBB48CC,文正段,6.00,都市：住,,,,01150002
RPTOMLKLQHOFFBB48CC,文正段,.88,都市：住,,,,01150169
RPUQMLTKQHOFFBB96CC,賴厝?段,.14,都市：商,,,,00310003
RPUQMLTKQHOFFBB96CC,邱厝子段,.11,都市：商,,,,00310062
RPWPMLTKQHOFFBB07CC,中清段,8.56,都市：商,,,,00060000
RPSNMLKLQHOFFAB18CC,樹子腳段,82.00,都市：住,,,,16030077
RPSNMLKLQHOFFAB18CC,樹子腳段,1.64,都市：住,,,,16030082
RPSNMLKLQHOFFAB18CC,樹子腳段,1.10,都市：住,,,,16030105
RPSNMLKLQHOFFAB18CC,樹子腳段,.58,都市：住,,,,16090034
RPSNMLKLQHOFFAB18CC,樹子腳段,.69,都市：住,,,,16090043
RPSNMLKLQHOFFAB18CC,樹子腳段,1.37,都市：住,,,,16090092
RPSNMLKLQHOFFAB18CC,樹子腳段,1.88,都市：住,,,,16090149
RPUPMLKLQHOFFCB78CC,惠民段,12.94,都市：其他:新市政中心專用區,,,,00110000
RPOQMLKLQHOFFCB28CC,三塊厝段,15.11,都市：住,,,,05640000
RPQQMLKLQHOFFCB48CC,上石碑段,26.77,都市：住,,,,18170000
RPQNMLKLQHOFFJB88CC,新興段,.00,都市：住,,,,00230000
RPRNMLKLQHOFFJB98CC,新興段,81.14,都市：住,,,,01130003
RPRNMLKLQHOFFJB98CC,新興段,7.01,都市：住,,,,01130000
RPPPMLKLQHOFFFB58CC,銀聯段,91.00,都市：住,,,,20730026
RPUOMLKLQHOFFAB48CC,頂橋子頭段,2.17,都市：住,,,,03090000
RPSOMLKLQHOFFAB28CC,半平厝段,23.85,都市：住,,,,19780000
RPROMLKLQHOFFAB18CC,麻園頭段,11.41,都市：住,,,,01710002
RPRPMLKLQHOFFBB38CC,北屯段,28.69,都市：住,,,,01980000
RPQOMLKLQHOFFCB38DC,中仁段,4.95,都市：住,,,,02490000
RPOPMLKLQHOFFBB08CC,文正段,6.00,都市：住,,,,01150002
RPOPMLKLQHOFFBB08CC,文正段,.88,都市：住,,,,01150169
RPQPMLKLQHOFFBB28CC,文正段,6.00,都市：住,,,,01150002
RPQPMLKLQHOFFBB28CC,文正段,.88,都市：住,,,,01150169
RPPPMLKLQHOFFBB18CC,文正段,6.00,都市：住,,,,01150002
RPPPMLKLQHOFFBB18CC,文正段,.88,都市：住,,,,01150169
RPSPMLKLQHOFFCB68DC,惠民段,23.16,都市：其他:新市政中心專用區,,,,01390000
RPXNMLKLQHOFFAB68CC,下橋子頭段,1.83,都市：商,,,,02170014
RPQOMLKLQHOFFAB08CC,土庫段,21.69,都市：住,,,,00730021
RPSOMLKLQHOFFCB58DC,上石碑段,5.06,都市：住,,,,07580000
RPTNMLKLQHOFFAB38DC,公館段,1.48,都市：住,,,,00620001
RPTNMLKLQHOFFAB38DC,公館段,1.28,都市：住,,,,00630001
RPUNMLLLQHOFFHB66DC,大新段,170.78,都市：住,,,,07050000
RPVNMLLLQHOFFHB76DC,大新段,170.78,都市：住,,,,07050001
RPUNMLKLQHOFFAB48DC,後?子段,4.06,都市：住,,,,01480003
RPUNMLKLQHOFFAB48DC,後?子段,3.05,都市：住,,,,01480096
RPSOMLLLQHOFFIB56CC,公教段,97.61,非都市：鄉村區 ; 非都市編定：乙種建築用地,,,,06030000
RPXOMLLLQHOFFIB07CC,武德段,136.83,都市：住,,,,00610000
RPPOMLLLQHOFFCB28CC,惠智段,1057.46,都市：住,,,,00260000
RPUOMLLLQHOFFCB78CC,寶山段,1052.00,都市：農,,,,09450000
RPQOMLLLQHOFFBB28CC,太和段,162.54,都市：住,,,,00160007
RPVPMLLLQHOFFBB88CC,崇德段,584.09,都市：住,,,,02580000
RPQRMLMLQHOFFBB68CC,東光段,15.70,都市：住,,,,00850000
RPQOMLLLQHOFFCB38CC,惠安段,.00,都市：商,,,,01630000
RPOPMLMLQHOFFAB18CC,土庫段,.00,都市：住,,,,00330139
RPOPMLMLQHOFFAB18CC,土庫段,.00,都市：住,,,,00330210
RPOPMLMLQHOFFAB18CC,土庫段,.00,都市：其他:道路用地,,,,00330211
RPOPMLMLQHOFFAB18CC,土庫段,.00,都市：住,,,,00330232
RPSOMLLLQHOFFBB48CC,乾溝子段,21.00,都市：商,,,,01820055
RPSOMLLLQHOFFBB48CC,乾溝子段,59.00,都市：商,,,,01820060
RPSOMLLLQHOFFBB48CC,乾溝子段,26.00,都市：商,,,,01830005
RPXNMLMLQHOFFKB27CC,東園段,9.73,非都市：鄉村區 ; 非都市編定：乙種建築用地,,,,07470000
RPVNMLNLQHOFFCB98CC,大進段,.00,非都市： ; 非都市編定：,,,,08430000
RPXQMLNLQHOFFCB86CC,何安段,.00,都市：住,,,,03710000
RPXPMLMLQHOFFCB76DC,順安段,68.59,都市：住,,,,05310000
RPTRMLNLQHOFFCB56CC,民安段,.00,都市：住,,,,18860000
RPOQMLMLQHOFFCB48CC,永富段,670.96,都市：住,,,,00950000
RPOQMLMLQHOFFCB48CC,永富段,106.92,都市：住,,,,00960000
RPTPMLNLQHOFFCB98CC,豐業段,92.21,都市：住,,,,03950000
RPSOMLMLQHOFFCB68CC,上石碑段,.19,都市：商,,,,26710016
RPSOMLMLQHOFFCB68CC,上石碑段,.00,都市：商,,,,26730001
RPSOMLMLQHOFFCB68CC,上石碑段,3.25,都市：商,,,,26780000
RPSOMLMLQHOFFCB68CC,上石碑段,.60,都市：商,,,,26790002
RPSOMLMLQHOFFCB68CC,上石碑段,13.47,都市：商,,,,26800000
RPSOMLMLQHOFFCB68CC,上石碑段,.23,都市：商,,,,26930001
RPSNMLLLQHOFFHB98CC,大明段,38.22,都市：住,,,,02210000
RPXOMLLLQHOFFCB09CC,寶文段,48.94,都市：住,,,,00470003
RPROMLKLQHOFFHB88CC,甘潭段,9.21,都市：住,,,,04910000
RPVVMLNLQHOFFBB07CC,東峰段,.00,非都市： ; 非都市編定：,,,,02550000
RPQNMLOLQHOFFFB88CC,市鎮北段,14.99,都市：商,,,,00420000
RPPVMLNLQHOFFBB09CC,東峰段,.00,非都市： ; 非都市編定：,,,,02550000
RPUOMLNLQHOFFAB78CC,後?子段,42.90,都市：住,,,,03170026
RPXNMLQLQHOFFKB67CC,東園段,.00,非都市：鄉村區 ; 非都市編定：乙種建築用地,,,,07850000
RPPNMLOLQHOFFFB78CC,市鎮北段,18.64,都市：商,,,,00420000
RPOOMLQLQHOFFKB86CC,東園段,.00,非都市：鄉村區 ; 非都市編定：乙種建築用地,,,,07850000
RPRNMLPLQHOFFAB68DC,麻園頭段,72.82,都市：住,,,,05590000
RPQNMLQLQHOFFCB78CC,大進段,15.64,都市：住,,,,06170000
RPSOMLQLQHOFFCB09CC,中和段,14.72,都市：住,,,,03660000
RPUOMLQLQHOFFCB66CC,西屯段,.00,非都市： ; 非都市編定：,,,,12630000
RPWOMLQLQHOFFCB86CC,黎明段,.00,都市：住,,,,02490000
RPXPNLOLQHOFFBB86CC,中德段,2.19,都市：住,,,,04660000
RPPNMLOLQHOFFBB38CC,松昌段,65.00,都市：住,,,,03770055
RPPOMLQLQHOFFBB68CC,錦村段,.00,非都市： ; 非都市編定：,,,,02870000
RPVNMLQLQHOFFBB56CC,水源段,464.00,都市：住,,,,02450218
RPPQMLQLQHOFFBB88CC,東峰段,6.84,都市：商,,,,01580000
RPXOMLQLQHOFFBB86CC,乾溝子段,9.32,都市：商,,,,01700049
RPXOMLQLQHOFFBB86CC,乾溝子段,.26,都市：商,,,,01730011
RPPPMLQLQHOFFBB78CC,賴厝?段,.00,都市：住,,,,01460008
RPPPMLQLQHOFFBB78CC,賴厝?段,.00,都市：住,,,,01460139
RPUNMLQLQHOFFAB98CC,繼光段四小段,.00,非都市： ; 非都市編定：,,,,00050007
RPUNMLQLQHOFFAB98CC,繼光段四小段,.00,非都市： ; 非都市編定：,,,,00050014
RPWNMLQLQHOFFAB56CC,正義段九小段,.00,都市：商,,,,00110005
RPWNMLQLQHOFFAB56CC,正義段九小段,.00,都市：住,,,,00110026
RPVOMLRLQHOFFAB66CC,下橋子頭段,1.83,都市：商,,,,02170014
RPOPMLRLQHOFFAB68CC,下橋子頭段,1.72,都市：商,,,,02170014
RPWOMLRLQHOFFAB76CC,下橋子頭段,3.73,都市：商,,,,02170014
RPSPMLRLQHOFFAB09CC,萬安段九小段,.00,都市：住,,,,00010000
RPSPMLRLQHOFFAB09CC,正義段九小段,.00,都市：住,,,,00060000
RPSPMLRLQHOFFAB09CC,正義段九小段,.00,都市：商,,,,00070000
RPQQMLQLQHOFFBB98CC,中清段,8.50,都市：商,,,,00060000
RPOQMLRLQHOFFBB88CC,東峰段,10.44,都市：商,,,,00160000
RPQPMLRLQHOFFBB98CC,太原段,16.42,都市：住,,,,01000000
RPOPMLRLQHOFFBB78CC,長安段,73.00,都市：住,,,,04150011
RPVNMLRLQHOFFBB66CC,東信段,.00,都市：住,,,,01520000
RPVOMLSLQHOFFCB96CC,何安段,.00,都市：住,,,,09140000
RPVOMLSLQHOFFCB96CC,何安段,.00,都市：其他:部分商業區、部分住宅區,,,,09150000
RPVOMLRLQHOFFCB86CC,新富段,654.27,都市：住,,,,04170000
RPVOMLRLQHOFFCB86CC,新富段,493.74,都市：住,,,,04200000
RPWNMLSLQHOFFBB86CC,中清段,7.31,都市：住,,,,05710000
RPRNMLSLQHOFFFB76CC,市鎮北段,19.01,都市：商,,,,02010000
RPTNMLTLQHOFFIB47DC,涼傘樹段,925.00,非都市：特定農業區 ; 非都市編定：農牧用地,,,,09450000
RPVNMLTLQHOFFBB96DC,中興段,26.96,都市：商,,,,03720000
RPRQMLQLQHOFFCB56CC,寶山段,.00,非都市： ; 非都市編定：,,,,12290000
RPTNMLRLQHOFFCB56CC,中和段,24.48,都市：住,,,,02680000
RPPQMLQLQHOFFCB98CC,寶山段,.00,非都市： ; 非都市編定：,,,,12290000
RPSNMLMJRHOFFHB98CC,大明段,4.77,都市：住,,,,05980000
RPSNMLMJRHOFFHB98CC,大明段,4.52,都市：住,,,,05990000
RPSNMLMJRHOFFHB98CC,大明段,4.49,都市：住,,,,06000000
RPQNMLLMQHOFFHB88CC,三和段,92.00,都市：住,,,,10380009
RPUNMLMJRHOFFHB56CC,秀雅段,100.00,都市：住,,,,10790000
RPRNMLMJRHOFFFB68CC,市鎮北段,11.65,都市：商,,,,00420000
RPROMLMJRHOFFIB09CC,新義段,3.23,都市：住,,,,00720000
RPROMLMJRHOFFIB09CC,新義段,26.43,都市：住,,,,00850000
RPSOMLMJRHOFFIB56CC,新義段,3.23,都市：住,,,,00720000
RPSOMLMJRHOFFIB56CC,新義段,26.43,都市：住,,,,00850000
RPVOMLMJRHOFFIB86CC,立仁段,26.91,非都市：鄉村區 ; 非都市編定：乙種建築用地,,,,00400000
RPTPMLMJRHOFFIB76CC,仁化段,11.40,都市：住,,,,07950000
RPSNMLMJRHOFFDB58CC,一心段,137.96,都市：住,,,,04780000
RPSNMLMJRHOFFDB58CC,一心段,133.19,都市：住,,,,04780001
RPRNMLMJRHOFFJB09CC,愛平段,22.27,都市：住,,,,01930000
RPOOMLMJRHOFFJB88CC,勤益段,7.39,非都市：鄉村區 ; 非都市編定：乙種建築用地,,,,04530000
RPPOMLMJRHOFFJB98CC,勤益段,4.32,非都市：鄉村區 ; 非都市編定：乙種建築用地,,,,04090000
RPROMLMJRHOFFJB56CC,勤益段,11.38,非都市：鄉村區 ; 非都市編定：乙種建築用地,,,,04090000
RPTOMLMJRHOFFJB76CC,勤益段,6.64,非都市：鄉村區 ; 非都市編定：乙種建築用地,,,,04090000
RPSOMLMJRHOFFJB66CC,勤益段,6.64,非都市：鄉村區 ; 非都市編定：乙種建築用地,,,,04090000
RPQOMLMJRHOFFCB38CC,上石碑段,7.17,都市：其他:市場用地,,,,26810000
RPSPMLMJRHOFFCB68CC,中正段,7.20,都市：商,,,,01550000
RPROMLTLQHOFFBB56CC,賴厝?段,8.42,都市：住,,,,03340000
RPOOMLSLQHOFFBB78CC,東山段,7.29,都市：住,,,,02620000
RPTPMLKMQHOFFBB68CC,東新段,.00,都市：住,,,,01380000
RPTOMLTLQHOFFBB76CC,松昌段,.00,都市：住,,,,02770000
RPTNMLLMQHOFFBB58CC,東山段,3.37,都市：住,,,,02210000
RPUOMLKMQHOFFBB68CC,北屯段,.00,都市：住,,,,05130001
RPQNMLKMQHOFFBB18CC,賴厝?段,.00,都市：住,,,,04320004
RPPPMLMJRHOFFBB28CC,東正段,21.88,都市：住,,,,01400000
RPVRMLMJRHOFFBB09CC,東峰段,10.58,都市：商,,,,01580000
RPXPMLMJRHOFFBB09CC,東峰段,25.31,都市：住,,,,01380000
RPXRMLMJRHOFFBB66CC,東義段,31.13,都市：住,,,,00480000
RPOSMLMJRHOFFBB48CC,東峰段,5.84,都市：商,,,,01580000
RPUSMLMJRHOFFBB09CC,邱厝子段,.08,都市：住,,,,01090013
RPUSMLMJRHOFFBB09CC,邱厝子段,2.04,都市：住,,,,01100004
RPSNMLMJRHOFFAB28CC,平和段,2.60,都市：商,,,,00500000
RPPOMLMJRHOFFAB08CC,半平厝段,20.15,都市：住,,,,19780000
RPXNMLMJRHOFFAB78CC,半平厝段,10.27,都市：住,,,,19720000
RPPTMLMJRHOFFAB58CC,重慶段三小段,29.00,都市：商,,,,00090005
RPRTMLMJRHOFFAB78CC,頂橋子頭段,10.88,都市：住,,,,01380000
RPXSMLMJRHOFFBB76CC,賴厝?段,4.83,都市：商,,,,00310003
RPXSMLMJRHOFFBB76CC,邱厝子段,3.88,都市：商,,,,00310062
RPTTMLMJRHOFFAB98CC,中墩段二小段,1.00,都市：商,,,,00140000
RPXOMLMJRHOFFAB88CC,仁愛段二小段,6.20,都市：商,,,,00030040
RPXOMLMJRHOFFAB88CC,仁愛段二小段,3.43,都市：商,,,,00030044
RPSTMLMJRHOFFAB88CC,中墩段二小段,1.00,都市：商,,,,00140000
RPOPMLNJRHOFFBB28CC,東正段,16.74,都市：住,,,,01400000
RPOPMLMJRHOFFCB38DC,惠民段,.00,非都市： ; 非都市編定：,,,,00480000
RPUTMLMJRHOFFAB09CC,正義段九小段,1.09,都市：商,,,,00110004
RPUPMLNJRHOFFBB88CC,東正段,4.55,都市：商,,,,00880000
RPWPMLMJRHOFFCB09CC,中正段,6.24,都市：商,,,,01550000
RPOQMLMJRHOFFCB38CC,寶文段,10.27,都市：住,,,,00750011
RPWQMLNJRHOFFBB56CC,同榮段,12.55,都市：住,,,,21180000
RPVPMLMJRHOFFCB98CC,中正段,10.54,都市：商,,,,01550000
RPQQMLNJRHOFFBB58CC,平田段,4.90,都市：住,,,,04440000
RPTPMLMJRHOFFCB78CC,福星段,2305.09,都市：住,,,,04910000
RPSNMLOJRHOFFCB68CC,惠民段,17.95,都市：其他:新市政中心專用區,,,,01430001
RPUNMLOJRHOFFCB88CC,惠國段,24.20,都市：其他:新市政中心專用區,,,,00240000
RPSNMLOJRHOFFJB76CC,平欣段,14.38,都市：住,,,,06780000
RPQNMLOJRHOFFIB09CC,東城段,14.28,都市：住,,,,09510000
RPPOMLOJRHOFFIB09CC,東榮段,22.68,都市：住,,,,05730000
RPWNMLOJRHOFFJB17CC,新高段,8.87,都市：住,,,,07130000
RPWNMLOJRHOFFJB17CC,番子路段,6.17,都市：住,,,,02090000
RPVNMLOJRHOFFKB17CC,東園段,.00,非都市：鄉村區 ; 非都市編定：乙種建築用地,,,,07840000
RPUNMLOJRHOFFKB07CC,東園段,.00,非都市：鄉村區 ; 非都市編定：乙種建築用地,,,,07850000
RPUNMLOJRHOFFBB78CC,平田段,67.00,都市：住,,,,05550010
RPUNMLOJRHOFFBB78CC,平田段,19.83,都市：住,,,,05550012
RPWNMLOJRHOFFBB98CC,陳平段,.00,都市：住,,,,32040000
RPPPMLOJRHOFFBB48CC,文正段,7.50,都市：住,,,,01150002
RPPPMLOJRHOFFBB48CC,文正段,1.10,都市：住,,,,01150169
RPSPMLOJRHOFFBB78CC,文正段,7.50,都市：住,,,,01150002
RPSPMLOJRHOFFBB78CC,文正段,1.10,都市：住,,,,01150169
RPOQMLOJRHOFFBB48CC,文正段,7.50,都市：住,,,,01150002
RPOQMLOJRHOFFBB48CC,文正段,1.10,都市：住,,,,01150169
RPQQMLOJRHOFFBB68CC,文正段,7.50,都市：住,,,,01150002
RPQQMLOJRHOFFBB68CC,文正段,1.10,都市：住,,,,01150169
RPXPMLOJRHOFFBB66CC,文正段,7.50,都市：住,,,,01150002
RPXPMLOJRHOFFBB66CC,文正段,1.10,都市：住,,,,01150169
RPUPMLOJRHOFFBB98CC,文正段,6.00,都市：住,,,,01150002
RPUPMLOJRHOFFBB98CC,文正段,.88,都市：住,,,,01150169
RPXQMLOJRHOFFBB76CC,錦村段,.92,都市：商,,,,03310018
RPXQMLOJRHOFFBB76CC,錦村段,.80,都市：商,,,,03310017
RPXQMLOJRHOFFBB76CC,錦村段,.02,都市：商,,,,03310027
RPTOMLOJRHOFFAB68CC,頂橋子頭段,.00,非都市： ; 非都市編定：,,,,04230047
RPORMLOJRHOFFBB58CC,錦村段,.92,都市：商,,,,03310018
RPORMLOJRHOFFBB58CC,錦村段,.80,都市：商,,,,03310017
RPORMLOJRHOFFBB58CC,錦村段,.02,都市：商,,,,03310027
RPWOMLOJRHOFFAB98CC,下橋子頭段,.00,非都市： ; 非都市編定：,,,,01400002
RPWOMLOJRHOFFAB98CC,下橋子頭段,.00,非都市： ; 非都市編定：,,,,01400025
RPSPMLOJRHOFFAB68CC,尚武段,.00,非都市： ; 非都市編定：,,,,07350000
RPQQMLOJRHOFFAB58CC,後?子段,4.04,都市：商,,,,00930065
RPQQMLOJRHOFFAB58CC,後?子段,.75,都市：商,,,,00930065
RPSPMLPJRHOFFAB78CC,下橋子頭段,74.00,都市：住,,,,02050205
RPOPMLPJRHOFFAB38CC,麻園頭段,19.48,都市：住,,,,00220000
RPUNMLPJRHOFFBB88CC,文正段,7.50,都市：住,,,,01150002
RPUNMLPJRHOFFBB88CC,文正段,1.10,都市：住,,,,01150169
RPQNMLPJRHOFFDB68CC,圳前段,106.66,都市：商,,,,05140000
RPWOMLQJRHOFFBB76DC,北屯段,13.15,都市：住,,,,02220000
RPTNMLNJRHOFFFB98CC,市鎮北段,19.25,都市：商,,,,00420000
RPXNMLOJRHOFFJB27CC,豐中段,.00,非都市： ; 非都市編定：,,,,00100000
RPUNMLPJRHOFFCB98CC,黎明段,24.90,都市：住,,,,03690000
RPQOMLQJRHOFFCB78CC,下石碑段,.00,都市：住,,,,16920000
RPQOMLOJRHOFFCB58CC,上石碑段,6.64,都市：住,,,,13080001
RPOOMLOJRHOFFCB38CC,民安段,.00,都市：住,,,,18860002
RPQPMLQJRHOFFCB88CC,惠民段,15.24,都市：其他:新市政中心專用區,,,,01110000
RPQNMLQJRHOFFCB68CC,福德段,.00,都市：住,,,,01460000
RPUPMLPJRHOFFCB56CC,上石碑段,.00,都市：住,,,,18050002
RPQPMLPJRHOFFCB78CC,新富段,18.27,都市：住,,,,02320000
RPQPMLPJRHOFFCB78CC,新富段,.04,都市：住,,,,02710000
RPQPMLPJRHOFFCB78CC,新富段,4.81,都市：住,,,,02310000
RPPQMLOJRHOFFCB68CC,寶山段,135.00,都市：農,,,,09950012
RPRNMLQJRHOFFBB68CC,中德段,9.45,都市：住,,,,00620000
RPVNMLQJRHOFFAB98CC,麻園頭段,19.41,都市：住,,,,00110014
RPOQMLQJRHOFFBB68CC,文正段,.00,都市：商,,,,01070002
RPUNMLQJRHOFFAB88CC,後?子段,15.20,都市：住,,,,02250011
RPSNMLQJRHOFFFB66DC,大庄段大庄小段,79.00,都市：住,,,,04030258
RPTNMLRJRHOFFBB98CC,北屯段,27.51,都市：住,,,,02030000
RPROMLTJRHOFFBB56DC,和平段,556.88,都市：住,,,,01300001
RPQNMLTJRHOFFBB88CC,東正段,.00,都市：商,,,,01430000
RPSOMLTJRHOFFBB56CC,賴厝?段,124.00,都市：住,,,,00590062
RPQQMLQJRHOFFCB98CC,惠國段,10.96,都市：其他:第三種新市政中心專用區,,,,00770000
RPTQMLTJRHOFFCB96CC,寶文段,.00,非都市： ; 非都市編定：,,,,00750010
RPRPMLQJRHOFFCB98CC,福安段,8.75,都市：住,,,,02250000
RPQNMLRJRHOFFCB78CC,惠國段,76.20,都市：住,,,,00300000
RPTNMLTJRHOFFCB66CC,上石碑段,11.20,都市：住,,,,21220000
RPTPMLQJRHOFFCB56CC,寶山段,19.73,都市：住,,,,02690000
RPUQMLTJRHOFFCB07CC,寶文段,.00,非都市： ; 非都市編定：,,,,00720019
RPOPMLTJRHOFFCB98CC,三塊厝段,14.26,都市：住,,,,01200000
RPSPMLQJRHOFFCB09CC,惠民段,15.85,都市：其他:新市政中心專用區,,,,01390000
RPUPMLKKRHOFFBB68CC,中興段,4.72,都市：住,,,,03820000
RPVNMLLKRHOFFFB09CC,市鎮北段,13.09,都市：商,,,,02730000
RPUQMLKKRHOFFBB78CC,乾溝子段,23.21,都市：住,,,,01700049
RPUQMLKKRHOFFBB78CC,乾溝子段,.66,都市：住,,,,01730011
RPTPMLLKRHOFFCB78CC,大墩段,24.38,都市：住,,,,03320000
RPTSMLKKRHOFFBB88CC,中清段,8.56,都市：商,,,,00060000
RPPNMLKKRHOFFJB78CC,育賢段,.00,都市：住,,,,02060006
RPQPMLKKRHOFFCB38CC,惠民段,21.82,都市：其他:新市政中心專用區,,,,01430001
RPUNMLLKRHOFFFB98CC,市鎮北段,18.12,都市：商,,,,00420000
RPQRMLLKRHOFFCB68CC,何安段,.00,都市：住,,,,09730000
RPUSMLKKRHOFFBB98CC,中清段,7.75,都市：商,,,,00060000
RPRNMLLKRHOFFJB56DC,新興段,11.82,都市：住,,,,01640000
RPQOMLMKRHOFFFB78CC,市鎮北段,14.12,都市：商,,,,02380000
RPPNMLMKRHOFFHB78CC,學雅段,15.24,都市：住,,,,05700000
RPOQMLMKRHOFFCB58DC,惠民段,.00,非都市： ; 非都市編定：,,,,01390000
RPQNMLMKRHOFFHB88CC,民生段,.05,都市：住,,,,04730000
RPQNMLMKRHOFFHB88CC,民生段,.43,都市：住,,,,04740000
RPQNMLMKRHOFFHB88CC,民生段,.73,都市：住,,,,04820000
RPQNMLMKRHOFFHB88CC,民生段,24.66,都市：住,,,,04830000
RPPNMLMKRHOFFDB48DC,豐洲北段,.00,都市：農,,,,07660000
RPXNMLMKRHOFFHB96CC,祥和段,21.40,都市：住,,,,03760000
RPPNMLMKRHOFFJB98CC,新光段,21.98,都市：住,,,,10370000
RPQNMLMKRHOFFCB38CC,大墩段,12.31,都市：住,,,,04690000
RPROMLMKRHOFFBB48CC,錦村段,.00,都市：住,,,,03680013
RPTNMLLKRHOFFBB48CC,東峰段,.00,都市：商,,,,00040000
RPSPMLMKRHOFFBB68CC,東峰段,18.00,都市：住,,,,02620000
RPRNMLMKRHOFFCB48CC,民安段,12.57,都市：住,,,,18730000
RPQRMLQKRHOFFCB56CC,中正段,6.23,都市：商,,,,01550000
RPPPMLQKRHOFFCB88CC,惠民段,14.43,都市：其他:第五種新市政中心專用區,,,,01390000
RPSRMLQKRHOFFCB76CC,中正段,6.36,都市：商,,,,01550000
RPPRMLQKRHOFFCB09CC,中正段,6.23,都市：商,,,,01550000
RPSPMLQKRHOFFCB56CC,上石碑段,4.18,都市：住,,,,17900000
RPXNMLMKRHOFFCB09CC,福星段,33.03,都市：住,,,,00810000
RPOOMLMKRHOFFCB28CC,保安段,.00,都市：商,,,,09730005
RPOOMLMKRHOFFCB28CC,保安段,.00,都市：住,,,,09940003
RPWQMLQKRHOFFBB96CC,水源段,116.00,都市：住,,,,03270015
RPWQMLQKRHOFFBB96CC,水源段,19.00,都市：住,,,,03280000
RPUTMLQKRHOFFBB07CC,東峰段,9.74,都市：商,,,,01580000
RPQRMLQKRHOFFBB09CC,賴厝?段,82.00,都市：住,,,,01140002
RPQRMLQKRHOFFBB09CC,賴厝?段,6.00,都市：住,,,,01140001
RPQRMLQKRHOFFBB09CC,賴厝?段,17.00,都市：住,,,,01140007
RPPTMLQKRHOFFBB56CC,賴厝?段,2.97,都市：商,,,,00310003
RPPTMLQKRHOFFBB56CC,邱厝子段,2.39,都市：商,,,,00310062
RPWTMLQKRHOFFBB27CC,東峰段,6.42,都市：商,,,,01580000
RPTQMLQKRHOFFBB66CC,錦村段,.00,都市：住,,,,01450000
RPSTMLQKRHOFFBB86CC,賴厝?段,4.75,都市：商,,,,00310003
RPSTMLQKRHOFFBB86CC,邱厝子段,3.81,都市：商,,,,00310062
RPQTMLQKRHOFFBB66CC,賴厝?段,.14,都市：商,,,,00310003
RPQTMLQKRHOFFBB66CC,邱厝子段,.11,都市：商,,,,00310062
RPPOMLRKRHOFFJB96CC,瑞欣段,293.00,都市：工,,,,02940005
RPPOMLRKRHOFFJB96CC,瑞欣段,103.00,都市：工,,,,02940006
RPWPMLQKRHOFFAB76CC,土庫段,7.78,都市：住,,,,00270000
RPSNMLSKRHOFFJB27CC,番子路段,.00,都市：住,,,,01940000
RPSNMLSKRHOFFJB27CC,番子路段,.00,都市：住,,,,01940001
RPSNMLSKRHOFFJB27CC,番子路段,.00,都市：住,,,,01940002
RPSOMLQKRHOFFAB88CC,土庫段,405.00,都市：商,,,,00400041
RPROMLRKRHOFFBB98CC,賴厝?段,3598.00,都市：住,,,,00710000
RPXTMLQKRHOFFBB37CC,東峰段,9.49,都市：商,,,,01580000
RPTNMLSKRHOFFJB37CC,番子路段,.00,都市：住,,,,01940000
RPTNMLSKRHOFFJB37CC,番子路段,.00,都市：住,,,,01940002
RPPUMLQKRHOFFBB66CC,東峰段,6.34,都市：商,,,,01580000
RPWNMLTKRHOFFAB86CC,萬安段九小段,.00,都市：住,,,,00070004
RPWNMLTKRHOFFAB86CC,萬安段九小段,.00,都市：住,,,,00080011
RPWNMLTKRHOFFAB86CC,頂橋子頭段,.00,都市：住,,,,03680000
RPWNMLTKRHOFFAB86CC,信義段九小段,.00,都市：住,,,,00090004
RPXOMLSKRHOFFAB96CC,東勢子段,.00,非都市： ; 非都市編定：,,,,00360022
RPUOMLSKRHOFFAB66CC,繼光段四小段,.00,非都市： ; 非都市編定：,,,,00050007
RPUOMLSKRHOFFAB66CC,繼光段四小段,.00,非都市： ; 非都市編定：,,,,00050014
RPPPMLTKRHOFFBB09CC,太祥段,.00,都市：住,,,,01200000
RPUOMLTKRHOFFBB86CC,東光段,.00,都市：商,,,,05010001
RPRNMLSKRHOFFHB96CC,三和段,14.22,都市：其他:市場用地,,,,10020000
RPQOMLSKRHOFFBB98CC,松昌段,.00,都市：商,,,,04850000
RPQOMLSKRHOFFBB98CC,松昌段,.00,都市：住,,,,04820000
RPPOMLTKRHOFFCB09CC,上石碑段,.00,都市：住,,,,20860010
RPSOMLKLRHOFFBB48CC,碧柳段,116.69,都市：住,,,,01580000
RPVPMLKLRHOFFBB98DC,水源段,28.84,都市：住,,,,03210000
RPRNMLKLRHOFFIB98CC,成功段,.00,都市：住,,,,04850000
RPXNMLKLRHOFFAB78CC,下橋子頭段,.00,都市：住,,,,02420021
RPUOMLKLRHOFFBB68CC,碧柳段,122.31,都市：住,,,,02100000
RPSOMLKLRHOFFAB38CC,麻園頭段,16.29,都市：住,,,,01320000
RPVOMLKLRHOFFAB68CC,公館段,.00,都市：住,,,,00800754
RPVOMLKLRHOFFAB68CC,公館段,.00,都市：住,,,,00800755
RPUPMLKLRHOFFAB68CC,土庫段,40.75,都市：住,,,,00020041
RPPNMLMKRHOFFKB09CC,福麗段,1500.00,都市：工,,,,01790000
RPRNMLQKRHOFFKB07CC,遠東段,44.22,都市：住,,,,02910000
RPQNMLLLRHOFFCB38CC,上石碑段,24.28,都市：商,,,,26710000
RPXQMLTKRHOFFCB47CC,上石碑段,73.00,都市：住,,,,00640003
RPXQMLTKRHOFFCB47CC,上石碑段,19.00,都市：住,,,,00650004
RPTPMLKLRHOFFCB78CC,國安段,.00,都市：住,,,,05930005
RPTNMLKLRHOFFCB58CC,豐功段,.00,都市：住,,,,00250001
RPPPMLNLRHOFFCB68CC,大新段,78.00,都市：住,,,,05590000
RPPQMLTKRHOFFCB66CC,寶文段,.00,都市：住,,,,00720063
RPPQMLTKRHOFFCB66CC,寶文段,.00,都市：住,,,,00720064
RPPQMLTKRHOFFCB66CC,寶文段,.00,都市：住,,,,00720061
RPPQMLTKRHOFFCB66CC,寶文段,.00,都市：住,,,,00720001
RPRPMLNLRHOFFCB88CC,田心段,92.00,都市：商,,,,10390074
RPRPMLNLRHOFFCB88CC,田心段,94.00,都市：商,,,,10390073
RPWOMLNLRHOFFCB66CC,上石碑段,.00,都市：商,,,,17900000
RPWOMLNLRHOFFCB66CC,上石碑段,.00,都市：商,,,,18000007
RPOQMLNLRHOFFCB68CC,福星段,.00,都市：住,,,,04910000
RPPQMLNLRHOFFCB78CC,上石碑段,.00,都市：住,,,,07230000
RPVOMLNLRHOFFBB09CC,中清段,8.53,都市：商,,,,00060000
RPSOMLNLRHOFFBB78CC,水源段,.00,都市：住,,,,00920041
RPWOMLNLRHOFFBB56CC,中清段,8.56,都市：商,,,,00060000
RPOPMLNLRHOFFBB48CC,中清段,8.56,都市：商,,,,00060000
RPTNMLNLRHOFFIB86CC,興祥段,13.32,都市：住,,,,01670000
RPPPMLNLRHOFFBB58CC,中清段,8.56,都市：商,,,,00060000
RPQPMLNLRHOFFBB68CC,中清段,8.53,都市：商,,,,00060000
RPSPMLNLRHOFFBB88CC,東峰段,5.92,都市：商,,,,01580000
RPVNMLNLRHOFFCB56DC,何厝段,18.00,都市：住,,,,03240001
RPPNMLNLRHOFFJB66DC,宜欣段,4.29,都市：住,,,,21440000
RPQNMLNLRHOFFJB76DC,宜欣段,4.81,都市：住,,,,21440000
RPPOMLOLRHOFFAB58DC,繼光段一小段,22.37,都市：商,,,,00180004
RPXRMLOLRHOFFBB07CC,北屯段,.00,都市：住,,,,02070008
RPTNMLTKRHOFFFB07CC,市鎮北段,17.26,都市：商,,,,02730000
RPROMLOLRHOFFCB88CC,寶文段,.00,非都市： ; 非都市編定：,,,,00720019
RPQQMLOLRHOFFCB98CC,大新段,30.59,都市：商,,,,08630000
RPQQMLNLRHOFFCB88CC,中正段,8.13,都市：商,,,,01550000
RPPQMLOLRHOFFCB88CC,大新段,29.56,都市：商,,,,08630000
RPPOMLOLRHOFFCB68CC,永新段,178.75,都市：住,,,,01010000
RPSNMLPLRHOFFCB98CC,惠民段,17.04,都市：其他:新市政中心專用區,,,,01390000
RPOOMLPLRHOFFCB68CC,何厝段,17.56,都市：商,,,,00890013
RPVNMLPLRHOFFCB66CC,中仁段,28.34,都市：住,,,,05550000
RPQNMLPLRHOFFFB09CC,居仁段,222.37,都市：住,,,,03150000
RPQNMLPLRHOFFFB09CC,居仁段,13.86,都市：住,,,,03180000
RPQNMLPLRHOFFFB09CC,居仁段,.40,都市：住,,,,03210000
RPTOMLPLRHOFFCB56CC,大新段,30.73,都市：住,,,,06630000
RPXOMLPLRHOFFCB96CC,福安段,16.75,都市：住,,,,02250000
RPQPMLPLRHOFFCB98CC,中正段,19.45,都市：商,,,,01340000
RPROMLPLRHOFFCB98CC,田心段,18.45,都市：住,,,,10250000
RPUOMLPLRHOFFBB56CC,鑫新平段,1364.62,都市：商,,,,00080000
RPQPMLPLRHOFFBB88CC,太祥段,21.78,都市：住,,,,01260000
RPXNMLPLRHOFFAB66CC,後?子段,4.15,都市：住,,,,02100010
RPXNMLQLRHOFFAB76CC,萬安段九小段,.00,都市：住,,,,00010000
RPXNMLQLRHOFFAB76CC,正義段九小段,.00,都市：住,,,,00060000
RPXNMLQLRHOFFAB76CC,正義段九小段,.00,都市：商,,,,00070000
RPTNMLPLRHOFFAB88CC,後?子段,18.45,都市：商,,,,01020027
RPVPMLKLRHOFFAB78CC,振興段,.00,都市：住,,,,01070000
RPVOMLNLRHOFFAB98CC,公館段,.00,都市：商,,,,00750000
RPVOMLNLRHOFFAB98CC,公館段,.00,都市：住,,,,00670000
RPXNMLNLRHOFFAB09CC,下橋子頭段,21.54,都市：住,,,,00950003
RPSNMLQLRHOFFHB96CC,中山段,14.73,都市：住,,,,02310000
RPTPMLQLRHOFFCB76CC,龍富段,.00,都市：住,,,,00860000
RPSOMLQLRHOFFCB66DC,福安段,52.03,都市：其他:其他,,,,06040000
RPRQMLQLRHOFFCB66CC,惠國段,13.01,都市：其他:第三種新市政中心專用區,,,,00770000
RPVPMLQLRHOFFCB96CC,大新段,36.91,都市：商,,,,08400006
RPOOMLRLRHOFFHB76CC,大明段,38.21,都市：住,,,,02210000
RPOSMLRLRHOFFCB66CC,中和段,32.75,都市：住,,,,01660000
RPPOMLRLRHOFFHB86CC,四德段,14.75,都市：住,,,,00900022
RPVPMLRLRHOFFCB07CC,西屯段,.00,都市：住,,,,14570000
RPVPMLRLRHOFFCB07CC,西屯段,.00,都市：住,,,,14580000
RPTNMLRLRHOFFFB96CC,市鎮北段,19.25,都市：商,,,,00420000
RPQOMLOLRHOFFAB68DC,繼光段一小段,25.01,都市：商,,,,00180004
RPQOMLRLRHOFFBB98CC,邱厝子段,160.00,都市：住,,,,01390061
RPOOMLRLRHOFFBB78CC,青雲段,165.00,都市：商,,,,10430000
RPSNMLRLRHOFFBB09CC,東山段,23.00,都市：住,,,,03510000
RPWPMLRLRHOFFBB07CC,松觀段,15.10,都市：住,,,,06060000
RPUQMLQLRHOFFBB86CC,中清段,.00,都市：住,,,,00720000
RPTNMLQLRHOFFBB09CC,邱厝子段,135.00,都市：住,,,,01390045
RPXPMLPLRHOFFBB96CC,太原段,22.99,都市：住,,,,01000000
RPQOMLQLRHOFFBB88CC,邱厝子段,71.00,都市：住,,,,00380033
RPSOMLRLRHOFFBB56CC,仁德段,.00,都市：住,,,,01260013
RPSOMLRLRHOFFBB56CC,仁德段,.00,都市：住,,,,01260014
RPSPMLPLRHOFFBB09CC,水源段,.00,都市：住,,,,02300077
RPSPMLPLRHOFFBB09CC,錦村段,.00,都市：住,,,,02840000
RPSPMLPLRHOFFBB09CC,水源段,.00,都市：住,,,,02310000
RPSPMLPLRHOFFBB09CC,錦村段,.00,都市：住,,,,02840003
RPSPMLPLRHOFFBB09CC,錦村段,.00,都市：住,,,,02840004
RPSPMLPLRHOFFBB09CC,錦村段,.00,都市：住,,,,02840007
RPSPMLPLRHOFFBB09CC,錦村段,.00,都市：其他:道路用地,,,,02840008
RPSPMLPLRHOFFBB09CC,錦村段,.00,都市：其他:道路用地,,,,02840009
RPQQMLRLRHOFFBB56CC,文正段,7.79,都市：商,,,,00660000
RPPPMLKMRHOFFBB38CC,東峰段,54.37,都市：商,,,,02550000
RPSOMLKMRHOFFFB98CC,市鎮北段,8.05,都市：商,,,,02730000
RPPNMLKMRHOFFAB18DC,後?子段,.00,都市：住,,,,03320000
RPPOMLLJIIOFFDB57DC,萬年段,119.98,都市：住,,,,04560000
RPOOMLLJIIOFFIB87CC,東榮段,22.68,都市：住,,,,05730000
RPOPMLLJIIOFFBB37DC,邱厝子段,3.30,都市：住,,,,00270000
RPQPMLLJIIOFFBB57DC,賴厝?段,6.98,都市：住,,,,01120072
RPRPMLLJIIOFFBB67DC,東光段,3.05,都市：住,,,,01950001
RPSPMLKMRHOFFAB58CC,麻園頭段,19.83,都市：住,,,,01810000
RPUQMLRLRHOFFAB86CC,下橋子頭段,13.77,都市：住,,,,01820009
RPUPMLLJIIOFFBB97DC,賴厝?段,6.60,都市：住,,,,00530002
RPSPMLLJIIOFFBB77DC,北屯段,17.30,都市：住,,,,00350000
RPRRMLLJIIOFFCB87CC,國安段,26.03,都市：住,,,,05990000
RPTRMLLJIIOFFCB08CC,豐功段,20.73,都市：商,,,,02540000
RPSRMLLJIIOFFCB97CC,國安段,26.03,都市：住,,,,05990000
RPPPMLKMRHOFFCB48CC,上石碑段,19.85,都市：住,,,,16530000
RPPQMLLJIIOFFCB57CC,大新段,35.60,都市：住,,,,03670000
RPPQMLLJIIOFFCB57CC,大新段,16.82,都市：住,,,,03670000
RPWPMLLJIIOFFCB18CC,何安段,7.45,都市：住,,,,03710000
RPPOMLKMRHOFFCB38CC,黎明段,49.95,都市：住,,,,00240000
RPVRMLLJIIOFFBB18CC,乾溝子段,6.65,都市：商,,,,01700005
RPURMLLJIIOFFBB08CC,陳平段,15.88,都市：住,,,,18930000
RPPQMLLJIIOFFAB37CC,正義段九小段,6.47,都市：商,,,,00110005
RPPQMLLJIIOFFAB37CC,正義段九小段,6.72,都市：商,,,,00110026
RPQQMLLJIIOFFAB47CC,公館段,10.20,都市：商,,,,00610050
RPTNMLMJIIOFFAB57CC,樹子腳段,8.31,都市：商,,,,07410000
RPTQMLLJIIOFFBB87CC,東峰段,9.24,都市：商,,,,01580000
RPVNMLMJIIOFFAB77CC,頂橋子頭段,11.65,都市：住,,,,01430001
RPVNMLMJIIOFFAB77CC,頂橋子頭段,9.99,都市：住,,,,01430007
RPVNMLMJIIOFFAB77CC,頂橋子頭段,.90,都市：住,,,,01430022
RPSQMLLJIIOFFBB77CC,東峰段,10.29,都市：商,,,,01580000
RPTRMLLJIIOFFBB97CC,東山段,16.84,都市：住,,,,01260001
RPXQMLLJIIOFFBB28CC,賴厝?段,3.33,都市：商,,,,00310003
RPXQMLLJIIOFFBB28CC,邱厝子段,2.68,都市：商,,,,00310062
RPVQMLLJIIOFFBB08CC,賴厝?段,.14,都市：商,,,,00310003
RPVQMLLJIIOFFBB08CC,邱厝子段,.11,都市：商,,,,00310062
RPOQMLLJIIOFFBB37CC,乾溝子段,.67,都市：住,,,,01730011
RPOQMLLJIIOFFBB37CC,乾溝子段,23.56,都市：住,,,,01700049
RPRQMLMJIIOFFBB77CC,邱厝子段,.00,都市：住,,,,00320103
RPTOMLMJIIOFFAB67CC,後?子段,4.04,都市：商,,,,00930065
RPTOMLMJIIOFFAB67CC,後?子段,.75,都市：商,,,,00930065
RPTOMLMJIIOFFBB77CC,東義段,3.70,都市：住,,,,01550002
RPVOMLMJIIOFFBB97CC,東義段,3.70,都市：住,,,,01550002
RPVNMLMJIIOFFIB58CC,振坤段,21.05,都市：住,,,,06400000
RPWNMLMJIIOFFIB68CC,北新段,180.09,都市：住,,,,01350000
RPTNMLMJIIOFFHB28CC,學雅段,27.00,都市：住,,,,07070000
RPTNMLMJIIOFFHB28CC,學雅段,14.80,都市：住,,,,07060000
RPQNMLNJIIOFFDB67CC,福隆段,140.00,都市：住,,,,00500000
RPVNMLNJIIOFFKB88CC,東園段,.00,非都市：鄉村區 ; 非都市編定：乙種建築用地,,,,04560000
RPSPMLMJIIOFFAB67CC,後?子段,4.04,都市：商,,,,00930065
RPSPMLMJIIOFFAB67CC,後?子段,.75,都市：商,,,,00930065
RPUNMLMJIIOFFHB38CC,學雅段,27.00,都市：住,,,,07070000
RPUNMLMJIIOFFHB38CC,學雅段,14.80,都市：住,,,,07060000
RPQOMLMJIIOFFJB28CC,育賢段,.00,都市：商,,,,00920000
RPVNMLNJIIOFFFB38CC,大學段,4.93,都市：住,,,,09170000
RPWNMLNJIIOFFFB48CC,大學段,5.20,都市：住,,,,09180000
RPORMLNJIIOFFBB67CC,東信段,21.90,都市：住,,,,00570000
RPUQMLNJIIOFFCB28CC,新富段,.00,都市：住,,,,03200000
RPUQMLNJIIOFFCB28CC,新富段,.00,都市：住,,,,03390000
RPXTMLNJIIOFFCB88CC,中和段,13.20,都市：商,,,,03500000
RPVNMLOJIIOFFCB28DC,上石碑段,403.52,都市：商,,,,05340002
RPXRMLNJIIOFFCB68CC,寶山段,.00,非都市： ; 非都市編定：,,,,12800047
RPQRMLNJIIOFFBB87CC,平田段,8.88,都市：住,,,,01000000
RPQRMLNJIIOFFBB87CC,平田段,1.64,都市：住,,,,01000001
RPRPMLNJIIOFFCB87CC,惠國段,24.42,都市：商,,,,00240000
RPSNMLOJIIOFFBB77CC,文正段,7.50,都市：住,,,,01150002
RPSNMLOJIIOFFBB77CC,文正段,1.10,都市：住,,,,01150169
RPUNMLOJIIOFFBB97CC,松茂段,107.00,都市：住,,,,10810000
RPQNMLOJIIOFFCB67CC,上石碑段,.00,都市：住,,,,05410000
RPPNMLNJIIOFFIB18DC,吉隆段,82.76,都市：住,,,,14350000
RPTNMLOJIIOFFJB68CC,樹孝段,.00,都市：住,,,,16900000
RPTNMLOJIIOFFJB68CC,樹孝段,.00,都市：住,,,,16940000
RPTNMLOJIIOFFJB68CC,樹孝段,.00,都市：住,,,,17010000
RPSNMLOJIIOFFFB18CC,梧棲段,60.00,都市：商,,,,29130000
RPROMLPJIIOFFCB08DC,福星段,.00,非都市： ; 非都市編定：,,,,02030000
RPUNMLOJIIOFFCB08CC,西屯段,.00,都市：住,,,,30610000
RPUNMLOJIIOFFCB08CC,西屯段,.00,都市：住,,,,30610002
RPUNMLOJIIOFFCB08CC,西屯段,.00,都市：住,,,,30610003
RPSOMLNJIIOFFIB58DC,東湖段,13.74,都市：住,,,,09550000
RPUNMLOJIIOFFCB08CC,西屯段,.00,都市：住,,,,30610015
RPSNMLOJIIOFFJB58CC,新高段,.00,都市：商,,,,04400000
RPSRMLRJIIOFFBB48CC,中清段,8.56,都市：商,,,,00060000
RPPOMLOJIIOFFAB47CC,後?子段,.00,都市：住,,,,03320003
RPTRMLRJIIOFFBB58CC,東峰段,11.63,都市：商,,,,01580000
RPURMLRJIIOFFBB68CC,東峰段,9.24,都市：商,,,,01580000
RPVRMLRJIIOFFBB78CC,東峰段,9.74,都市：商,,,,01580000
RPVNMLRJIIOFFAB28CC,公館段,1.26,都市：住,,,,00620001
RPVNMLRJIIOFFAB28CC,公館段,1.09,都市：住,,,,00630001
RPWNMLRJIIOFFAB38CC,中華段四小段,2.39,都市：商,,,,00030027
RPWNMLRJIIOFFAB38CC,中華段四小段,.71,都市：商,,,,00030030
RPXNMLRJIIOFFAB48CC,麻園頭段,17.92,都市：住,,,,02650000
RPVOMLRJIIOFFCB58CC,惠國段,.00,都市：其他:第六種新市政中心專用區,,,,00990000
RPVOMLRJIIOFFCB58CC,惠國段,.00,都市：其他:第六種新市政中心專用區,,,,01000000
RPOQMLRJIIOFFCB08CC,春安段,.00,都市：商,,,,04810006
RPORMLRJIIOFFBB08CC,賴厝?段,3.11,都市：商,,,,00310003
RPORMLRJIIOFFBB08CC,邱厝子段,2.49,都市：商,,,,00310062
RPSNMLRJIIOFFBB08CC,水源段,.00,都市：住,,,,00920029
RPSNMLRJIIOFFBB08CC,水源段,.00,都市：住,,,,00910067
RPSNMLRJIIOFFBB08CC,水源段,.00,都市：其他:道路用地,,,,00910132
RPXNMLPJIIOFFBB38CC,賴厝?段,19.55,都市：商,,,,00260000
RPTNMLRJIIOFFBB18CC,軍福段,.00,都市：商,,,,01310000
RPVNMLOJIIOFFBB08CC,文正段,6.00,都市：住,,,,01150002
RPVNMLOJIIOFFBB08CC,文正段,.88,都市：住,,,,01150169
RPPRMLRJIIOFFBB18CC,賴厝?段,3.19,都市：商,,,,00310003
RPPRMLRJIIOFFBB18CC,邱厝子段,2.56,都市：商,,,,00310062
RPOOMLOJIIOFFBB47CC,文正段,7.50,都市：住,,,,01150002
RPOOMLOJIIOFFBB47CC,文正段,1.10,都市：住,,,,01150169
RPVPMLSJIIOFFBB78DC,東義段,155.00,都市：住,,,,02730005
RPXNMLTJIIOFFAB68CC,後?子段,157.47,都市：住,,,,02250005
RPQRMLRJIIOFFCB38CC,永春段,414.71,都市：住,,,,00090000
RPQPMLSJIIOFFAB08CC,大益段,.00,都市：住,,,,00050010
RPRRMLRJIIOFFBB38CC,東峰段,9.49,都市：商,,,,01580000
RPRRMLRJIIOFFCB48CC,中正段,8.57,都市：商,,,,01550000
RPOQMLTJIIOFFAB08CC,麻園頭段,37.27,都市：商,,,,01300002
RPVNMLTJIIOFFDB78CC,社南段,1076.00,都市：農,,,,12910000
RPVPMLTJIIOFFAB68CC,柳川段一小段,.00,都市：商,,,,00070009
RPVOMLTJIIOFFCB78CC,上石碑段,.00,都市：商,,,,26710016
RPVOMLTJIIOFFCB78CC,上石碑段,.00,都市：商,,,,26730001
RPVOMLTJIIOFFCB78CC,上石碑段,.00,都市：商,,,,26780000
RPVOMLTJIIOFFCB78CC,上石碑段,.00,都市：商,,,,26790002
RPVOMLTJIIOFFCB78CC,上石碑段,.00,都市：商,,,,26800000
RPVOMLTJIIOFFCB78CC,上石碑段,.00,都市：商,,,,26930001
RPSNMLLKIIOFFJB38CC,壽平段,80.00,都市：住,,,,08080009
RPUNMLLKIIOFFBB77CC,中清段,7.75,都市：商,,,,00060000
RPQOMLTJIIOFFAB08CC,麻園頭段,53.00,都市：住,,,,01820021
RPPNMLLKIIOFFAB17CC,中墩段四小段,18.00,都市：商,,,,00070003
RPPNMLLKIIOFFAB17CC,中墩段四小段,18.00,都市：商,,,,00070004
RPPNMLLKIIOFFAB17CC,中墩段四小段,58.00,都市：商,,,,00080001
RPVNMLLKIIOFFBB87CC,中清段,8.56,都市：商,,,,00060000
RPWNMLLKIIOFFBB97CC,中清段,8.56,都市：商,,,,00060000
RPWOMLTJIIOFFCB88CC,南屯段,9.19,都市：商,,,,01130000
RPSPMLOKIIOFFBB08CC,賴厝?段,3.05,都市：商,,,,00310003
RPSPMLOKIIOFFBB08CC,邱厝子段,2.45,都市：商,,,,00310062
RPPNMLLKIIOFFBB27CC,東山段,365.00,都市：住,,,,02860000
RPUNMLOKIIOFFJB88CC,新興段,.00,都市：住,,,,00660000
RPUPMLOKIIOFFBB28CC,東峰段,9.99,都市：商,,,,01580000
RPRPMLOKIIOFFBB97CC,賴厝?段,.14,都市：商,,,,00310003
RPRPMLOKIIOFFBB97CC,邱厝子段,.11,都市：商,,,,00310062
RPRNMLOKIIOFFCB87CC,保安段,.00,都市：住,,,,10510000
RPSNMLOKIIOFFCB97CC,保安段,.00,都市：住,,,,10510000
RPOOMLOKIIOFFCB67CC,惠民段,15.24,都市：其他:新市政中心專用區,,,,01110000
RPQNMLKKIIOFFFB67CC,市鎮北段,15.92,都市：商,,,,02380000
RPTNMLOKIIOFFFB38CC,銀聯段,104.00,都市：住,,,,15110015
RPTNMLRJIIOFFFB58CC,永安段,806.00,都市：工,,,,00860002
RPTNMLRJIIOFFFB58CC,永安段,210.00,都市：工,,,,00860003
RPTNMLRJIIOFFFB58CC,永安段,993.00,都市：工,,,,00870002
RPTNMLRJIIOFFFB58CC,永安段,152.00,都市：工,,,,00870005
RPTNMLRJIIOFFFB58CC,永安段,726.00,都市：工,,,,00880003
RPSNMLOKIIOFFFB28CC,梧棲段,8.96,都市：商,,,,27640000
RPPNMLKKIIOFFFB57CC,市鎮北段,16.00,都市：商,,,,00390000
RPVOMLOKIIOFFCB38CC,惠順段,27.47,都市：其他:第四之ㄧ種商業區,,,,00550000
RPWNMLPKIIOFFCB48CC,惠民段,1793.45,都市：其他:第六種新市政中心專用區,,,,00730000
RPTPMLOKIIOFFAB08CC,後?子段,15.75,都市：住,,,,03320001
RPUNMLPKIIOFFBB18CC,賴厝?段,19.80,都市：住,,,,00490014
RPROMLPKIIOFFCB08CC,惠國段,67.14,都市：住,,,,00230000
RPPPMLPKIIOFFBB87CC,東義段,33.90,都市：住,,,,00010000
RPPOMLPKIIOFFCB87CC,上石碑段,29.26,都市：住,,,,26710000
RPXPMLPKIIOFFBB68CC,東正段,119.00,都市：住,,,,00950014
RPOOMLPKIIOFFCB77CC,惠民段,4.41,都市：其他:第八種新市政中心專用區,,,,01430001
RPTQMLQKIIOFFBB48CC,賴厝?段,2.95,都市：商,,,,00310003
RPTQMLQKIIOFFBB48CC,邱厝子段,2.37,都市：商,,,,00310062
RPUQMLQKIIOFFBB58CC,賴厝?段,.21,都市：商,,,,00310003
RPUQMLQKIIOFFBB58CC,邱厝子段,.17,都市：商,,,,00310062
RPVNMLPKIIOFFDB48CC,文德段,.00,都市：住,,,,10300000
RPPOMLQKIIOFFBB87CC,北屯段,103.00,都市：工,,,,01600010
RPVQMLPKIIOFFBB58CC,平田段,5878.00,都市：住,,,,05140000
RPPNMLQKIIOFFBB77CC,水源段,.00,都市：住,,,,00280142
RPPNMLQKIIOFFBB77CC,水源段,.00,都市：住,,,,00280179
RPWQMLQKIIOFFBB78CC,賴厝?段,.29,都市：商,,,,00310003
RPWQMLQKIIOFFBB78CC,邱厝子段,.23,都市：商,,,,00310062
RPWQMLPKIIOFFBB68CC,賴厝?段,58517.00,都市：住,,,,00710000
RPPOMLQKIIOFFAB77CC,麻園頭段,17.26,都市：商,,,,00290000
RPSNMLQKIIOFFAB97CC,下橋子頭段,1.85,都市：商,,,,02170014
RPRPMLQKIIOFFAB08CC,頂橋子頭段,.00,都市：住,,,,05110000
RPVNMLQKIIOFFDB58CC,聯合段,121.07,都市：住,,,,03410000
RPQOMLQKIIOFFAB87CC,頂橋子頭段,.00,都市：其他:第一種商業區及第二種住宅區,,,,02980000
RPUNMLQKIIOFFJB09CC,欣欣段,.00,都市：工,,,,02990000
RPWNMLQKIIOFFDB68CC,三豐段,81.44,都市：住,,,,00640004
RPTOMLQKIIOFFAB18CC,半平厝段,.00,非都市： ; 非都市編定：,,,,19720000
RPTOMLQKIIOFFJB09CC,勤益段,.00,非都市：鄉村區 ; 非都市編定：乙種建築用地,,,,04090000
RPXOMLQKIIOFFJB86CC,勤益段,.00,非都市：鄉村區 ; 非都市編定：乙種建築用地,,,,04530000
RPVOMLQKIIOFFJB66CC,勤益段,.00,非都市：鄉村區 ; 非都市編定：乙種建築用地,,,,04530000
RPWOMLQKIIOFFJB76CC,勤益段,.00,非都市：鄉村區 ; 非都市編定：乙種建築用地,,,,04530000
RPUNMLQKIIOFFHB88CC,上楓段,19.02,都市：住,,,,12750000
RPWNMLQKIIOFFHB09CC,四維段,101.66,都市：住,,,,00260000
RPUNMLQKIIOFFCB38CC,中正段,10.94,都市：商,,,,01550000
RPOOMLQKIIOFFCB87CC,西屯段,.00,都市：住,,,,22790000
RPRNMLQKIIOFFCB08CC,田心段,.00,都市：住,,,,17840016
RPQOMLQKIIOFFCB18DC,民安段,75.67,都市：商,,,,10100003
RPQQMLQKIIOFFCB28CC,上石碑段,.00,非都市： ; 非都市編定：,,,,09020000
RPVOMLQKIIOFFCB58CC,惠仁段,19.64,都市：商,,,,00810000
RPVNMLRKIIOFFIB66DC,新仁段,82.00,都市：住,,,,08570002
RPPOMLQKIIOFFCB08DC,中和段,258.00,都市：商,,,,01910000
RPTNMLRKIIOFFCB38CC,埔興段,56.00,都市：住,,,,10700000
RPWOMLRKIIOFFIB76CC,新榮和段,2.90,都市：住,,,,00290000
RPXNMLRKIIOFFKB96CC,茄投段,1275.00,都市：工,,,,01050000
RPXNMLRKIIOFFKB96CC,茄投段,215.00,都市：工,,,,01050001
RPXNMLRKIIOFFKB96CC,茄投段,1.00,都市：工,,,,01050002
RPXNMLRKIIOFFKB96CC,茄投段,58.00,都市：工,,,,01050004
RPXOMLRKIIOFFIB86CC,新榮和段,2.90,都市：住,,,,00290000
RPQOMLRKIIOFFBB08CC,錦村段,.00,非都市： ; 非都市編定：,,,,02130069
RPUPMLRKIIOFFBB58CC,東峰段,9.74,都市：商,,,,01580000
RPVPMLRKIIOFFBB68CC,東峰段,9.23,都市：商,,,,01580000
RPPPMLRKIIOFFBB08CC,東峰段,9.89,都市：住,,,,00040000
RPUNMLSKIIOFFBB48CC,景美段,29.46,都市：住,,,,02620000
RPQOMLSKIIOFFBB18CC,陳平段,.00,都市：住,,,,33240000
RPSQMLSKIIOFFBB58CC,邱厝子段,26.04,都市：住,,,,00340418
RPWNMLSKIIOFFBB68CC,太和段,.00,都市：住,,,,00890000
RPXRMLSKIIOFFBB56CC,東信段,.00,都市：住,,,,00790000
RPPOMLSKIIOFFBB18DC,水源段,28.84,都市：住,,,,03210000
RPQNMLSKIIOFFIB78CC,新榮和段,2.90,都市：住,,,,00290000
RPRNMLSKIIOFFIB88CC,新榮和段,2.90,都市：住,,,,00290000
RPTPMLSKIIOFFAB48CC,後?子段,.00,都市：住,,,,02020022
RPTPMLSKIIOFFAB48CC,後?子段,.00,都市：商,,,,02020059
RPXPMLSKIIOFFAB88CC,信義段七小段,103.00,都市：住,,,,00010030
RPSPMLRKIIOFFAB28CC,樹子腳段,103.24,都市：住,,,,16370004
RPOOMLRKIIOFFAB77CC,麻園頭段,15.28,都市：住,,,,01320000
RPXNMLRKIIOFFAB58CC,麻園頭段,19.85,都市：住,,,,02910000
RPQQMLSKIIOFFCB58DC,大新段,482.00,都市：其他:空白,,,,03520000
RPROMLLLIIOFFCB87DC,西屯段,18.70,都市：住,,,,22710012
RPSNMLSKIIOFFIB98CC,新榮和段,2.90,都市：住,,,,00290000
RPTOMLRKIIOFFCB48CC,中正段,8.49,都市：商,,,,01550000
RPVOMLLLIIOFFCB18CC,黎明段,93.86,都市：住,,,,01000000
RPTOMLLLIIOFFCB97CC,田心段,74.00,都市：住,,,,10570000
RPPQMLSKIIOFFCB38CC,惠禮段,14.37,都市：住,,,,01520001
RPWOMLRKIIOFFCB78CC,上石碑段,3.49,都市：商,,,,17900000
RPUNMLSKIIOFFCB58CC,春安段,.00,都市：商,,,,04810006
RPWOMLRKIIOFFCB78CC,上石碑段,3.12,都市：商,,,,18000007
RPVOMLRKIIOFFCB68CC,中正段,5.55,都市：商,,,,01550000
RPXOMLLLIIOFFJB09CC,長億段,22.64,都市：住,,,,09650000
RPUNMLLLIIOFFIB58CC,烏日段,72.00,都市：住,,,,07100028
RPSOMLLLIIOFFAB67CC,練武段,1.81,都市：住,,,,08280000
RPPOMLLLIIOFFBB47CC,太順段,.00,都市：住,,,,00480000
RPOPMLLLIIOFFAB37CC,麻園頭段,2.91,都市：住,,,,00460000
RPVOMLMLIIOFFBB18CC,北屯段,180.00,都市：商,,,,02980003
RPWOMLMLIIOFFBB28CC,乾溝子段,9.50,都市：住,,,,01700049
RPTQMLLLIIOFFBB08CC,太祥段,19.47,都市：住,,,,01200000
RPSUMLMLIIOFFBB48CC,建業段,26.86,都市：住,,,,05790000
RPOVMLMLIIOFFBB18CC,東光段,33.64,都市：住,,,,01310000
RPXUMLMLIIOFFBB98CC,東峰段,23.62,都市：住,,,,02230000
RPPVMLMLIIOFFBB28CC,錦村段,61.00,都市：住,,,,03330021
RPWPMLLLIIOFFJB09CC,宜欣段,.00,都市：商,,,,11920000
RPVNMLMLIIOFFDB28CC,安康段,73.38,都市：住,,,,09390014
RPUPMLMLIIOFFIB88CC,新三和段,30.39,都市：住,,,,00700001
RPXPMLMLIIOFFIB56CC,中興段,28.00,都市：商,,,,01990009
RPUPMLLLIIOFFAB97CC,麻園頭段,.00,都市：住,,,,00110010
RPRVMLMLIIOFFBB48CC,東義段,3.70,都市：住,,,,01550002
RPWPMLLLIIOFFCB38CC,惠民段,10.02,都市：其他:,,,,01110000
RPVOMLMLIIOFFCB28CC,福德段,15.10,都市：商,,,,01850000
RPVPMLLLIIOFFCB28CC,福德段,872.87,都市：商,,,,01510000
RPUQMLLLIIOFFCB28CC,寶山段,14.48,都市：住,,,,12290000
RPOTMLNLIIOFFCB18CC,中正段,5.31,都市：商,,,,01550000
RPTRMLMLIIOFFCB38CC,惠民段,13.28,都市：其他:新市政中心專用區,,,,00110000
RPPVMLMLIIOFFCB38CC,大墩段,18.88,都市：商,,,,03510000
RPRQMLMLIIOFFCB08CC,惠民段,27.22,都市：其他:新市政中心專用區,,,,01390000
RPQRMLMLIIOFFCB08CC,福安段,26.12,都市：住,,,,02250000
RPRVMLMLIIOFFCB58CC,中和段,19.34,都市：住,,,,03000000
RPPTMLNLIIOFFCB28CC,中正段,9.01,都市：商,,,,01550000
RPPNMLNLIIOFFFB97CC,南勢坑段埔子小段,22.38,都市：住,,,,01630185
RPPNMLNLIIOFFFB97CC,南勢坑段埔子小段,66.00,都市：住,,,,01630182
RPSPMLNLIIOFFBB18DC,文正段,8.31,都市：商,,,,01070025
RPSPMLNLIIOFFBB18DC,文正段,8.77,都市：商,,,,01070004
RPVOMLNLIIOFFBB28CC,東山段,21.86,都市：住,,,,00130000
RPXOMLNLIIOFFBB48CC,東峰段,11.80,都市：商,,,,01580000
RPPPMLNLIIOFFBB77CC,東峰段,10.25,都市：商,,,,01580000
RPRNMLOLIIOFFBB87CC,錦村段,.00,都市：商,,,,01850000
RPPOMLNLIIOFFAB57CC,頂橋子頭段,10.88,都市：住,,,,01380000
RPSNMLNLIIOFFAB77CC,下橋子頭段,1.83,都市：商,,,,02170014
RPVNMLNLIIOFFAB08CC,後?子段,.00,都市：商,,,,01640003
RPTNMLNLIIOFFAB87CC,尚武段,36.66,都市：商,,,,03200000
RPQPMLMLIIOFFAB67CC,頂橋子頭段,.34,都市：住,,,,01180031
RPQPMLMLIIOFFAB67CC,頂橋子頭段,.75,都市：住,,,,01180032
RPQPMLMLIIOFFAB67CC,頂橋子頭段,.30,都市：住,,,,01180166
RPRNMLNLIIOFFAB67CC,下橋子頭段,6.12,都市：商,,,,02170014
RPPOMLMLIIOFFAB47CC,土庫段,20.09,都市：住,,,,00240000
RPOOMLMLIIOFFAB37CC,樹子腳段,25.67,都市：住,,,,16370000
RPRPMLMLIIOFFAB77CC,旱溪段,39.53,都市：住,,,,03550023
RPPOMLOLIIOFFAB67CC,頂橋子頭段,8.76,都市：住,,,,01380000
RPOOMLOLIIOFFAB57CC,頂橋子頭段,8.76,都市：住,,,,01380000
RPQPMLOLIIOFFBB08DC,松昌段,21.89,都市：住,,,,04250000
RPWOMLOLIIOFFAB38CC,下橋子頭段,2.41,都市：商,,,,00070012
RPUNMLOLIIOFFDB38CC,南陽段,100.13,都市：住,,,,08770022
RPQOMLOLIIOFFAB77CC,尚武段,26.88,都市：住,,,,07350000
RPPOMLOLIIOFFIB48CC,新義段,5.63,都市：住,,,,00720000
RPPOMLOLIIOFFIB48CC,新義段,46.04,都市：住,,,,00850000
RPOQMLOLIIOFFCB97CC,黎明段,12.69,都市：住,,,,02550000
RPSQMLOLIIOFFCB38CC,大墩段,11.07,都市：住,,,,02950000
RPXVMLPLIIOFFCB86CC,中和段,24.69,都市：住,,,,03810000
RPOPMLPLIIOFFCB97CC,春安段,13.60,都市：住,,,,02150001
RPOPMLPLIIOFFCB97CC,春安段,1.92,都市：住,,,,02150005
RPOPMLPLIIOFFCB97CC,春安段,1.92,都市：住,,,,02160004
RPTNMLPLIIOFFJB98CC,平欣段,9.50,都市：商,,,,07130000
RPTSMLOLIIOFFCB68CC,民安段,9.07,都市：住,,,,16750022
RPQSMLOLIIOFFCB38CC,田心段,29.31,都市：住,,,,14350000
RPRNMLPLIIOFFAB87CC,頂橋子頭段,21.46,都市：住,,,,00960009
RPROMLPLIIOFFAB97CC,土庫段,24.76,都市：住,,,,01030000
RPROMLPLIIOFFAB97CC,土庫段,1.03,都市：住,,,,01030003
RPROMLPLIIOFFAB97CC,土庫段,1.33,都市：住,,,,01030005
RPOPMLPLIIOFFAB77CC,頂橋子頭段,10.88,都市：住,,,,01380000
RPVOMLPLIIOFFAB38CC,半平厝段,8.40,都市：住,,,,19720000
RPXOMLPLIIOFFAB58CC,忠孝段四小段,13.78,都市：住,,,,00240011
RPXOMLPLIIOFFAB58CC,忠孝段四小段,13.22,都市：住,,,,00240010
RPQPMLPLIIOFFAB97CC,頂橋子頭段,10.88,都市：住,,,,01380000
RPPPMLPLIIOFFAB87CC,頂橋子頭段,10.88,都市：住,,,,01380000
RPPOMLPLIIOFFBB87CC,東光段,2.36,都市：商,,,,01950001
RPORMLOLIIOFFBB97CC,東正段,12.40,都市：住,,,,00720003
RPUPMLPLIIOFFBB48CC,松竹段,16.07,都市：住,,,,02480000
RPOPMLPLIIOFFBB87CC,北屯段,21.22,都市：住,,,,02030000
RPTPMLPLIIOFFBB38CC,松昌段,4.40,都市：住,,,,03020002
RPTQMLOLIIOFFBB38CC,太原段,14.92,都市：住,,,,01000000
RPSOMLOLIIOFFBB08CC,東正段,21.45,都市：住,,,,01240000
RPVNMLPLIIOFFBB38CC,乾溝子段,.00,都市：住,,,,01810000
RPVNMLPLIIOFFBB38CC,乾溝子段,.00,都市：住,,,,01810033
RPROMLOLIIOFFBB97CC,東正段,21.45,都市：住,,,,01240000
RPXNMLOLIIOFFBB48CC,東新段,.00,都市：住,,,,00080000
RPTQMLPLIIOFFBB48CC,賴厝?段,15.30,都市：住,,,,00280049
RPXSMLSLIIOFFBB76CC,中清段,8.53,都市：商,,,,00060000
RPOTMLSLIIOFFBB58CC,中清段,8.50,都市：商,,,,00060000
RPPTMLSLIIOFFBB68CC,北屯段,13.68,都市：商,,,,03520000
RPSOMLSLIIOFFAB38CC,公館段,3.04,都市：商,,,,00640050
RPSTMLSLIIOFFAB88CC,練武段,11.45,都市：商,,,,10730000
RPTTMLSLIIOFFAB98CC,城隍段三小段,11.03,都市：住,,,,00020014
RPTTMLSLIIOFFAB98CC,城隍段三小段,4.63,都市：住,,,,00020028
RPTTMLSLIIOFFAB98CC,城隍段三小段,27.12,都市：住,,,,00020033
RPOPMLSLIIOFFJB98CC,中華段,83.06,非都市：鄉村區 ; 非都市編定：乙種建築用地,,,,05700000
RPQPMLSLIIOFFIB09CC,峰西段,12.06,都市：商,,,,02590000
RPWSMLSLIIOFFBB66CC,東山段,40.29,都市：住,,,,00710000
RPRNMLQLIIOFFBB08CC,東山段,2697.00,都市：商,,,,00450000
RPTSMLSLIIOFFBB98CC,東義段,26.02,都市：住,,,,00700000
RPPOMLSLIIOFFBB18CC,中興段,5.08,都市：住,,,,03820000
RPVOMLSLIIOFFBB78CC,北屯段,567.00,都市：其他:市場用地,,,,03370003
RPQNMLQLIIOFFBB97CC,東山段,2058.00,都市：住,,,,00390000
RPUNMLSLIIOFFBB58CC,東正段,3.21,都市：住,,,,01340001
RPUNMLSLIIOFFBB58CC,東正段,11.25,都市：住,,,,01340011
RPROMLSLIIOFFBB38CC,建和段,33.99,都市：住,,,,08530000
RPSRMLSLIIOFFIB86CC,武德段,23.25,都市：住,,,,05870000
RPURMLSLIIOFFIB07CC,仁化段,13.83,都市：住,,,,04590000
RPRNMLSLIIOFFBB28CC,仁德段,26.07,都市：住,,,,01250000
RPPQMLSLIIOFFHB98CC,牛埔段,70.81,都市：農,,,,03470000
RPOQMLSLIIOFFHB88CC,四德段,24.20,都市：住,,,,01820000
RPXNMLSLIIOFFCB98CC,中義段,14.00,都市：住,,,,07990000
RPXNMLSLIIOFFCB98CC,中義段,10.60,都市：住,,,,08000000
RPSPMLSLIIOFFCB68CC,寶山段,11.35,都市：住,,,,08100000
RPVRMLSLIIOFFIB17CC,東榮段,3.58,都市：住,,,,04020000
RPPSNLSLIIOFFCB78CC,國安段,3.84,都市：住,,,,02920002
RPQSNLSLIIOFFCB88CC,國安段,34.71,都市：住,,,,02920000
RPPNMLSLIIOFFFB48CC,六福段,20.86,都市：住,,,,04990000
RPTPMLSLIIOFFAB68DC,繼光段五小段,.00,都市：商,,,,00150000
RPTPMLSLIIOFFAB68DC,繼光段五小段,.00,都市：商,,,,00150001
RPSQMLSLIIOFFHB66CC,石牌段,20.38,都市：住,,,,03860000
RPTRNLSLIIOFFCB09CC,上石碑段,16.91,都市：住,,,,21060000
RPQPMLTLIIOFFCB58CC,中和段,.00,都市：住,,,,01470005
RPQPMLTLIIOFFCB58CC,中和段,.00,都市：住,,,,01470006
RPROMLTLIIOFFDB68CC,市政段,60.56,都市：其他:市場用地,,,,05650000
RPQPMLTLIIOFFAB38CC,頂橋子頭段,10.73,都市：住,,,,05020000
RPUPMLTLIIOFFAB78CC,公館段,8.97,都市：住,,,,01580071
RPROMLTLIIOFFHB09CC,四德段,11.70,都市：住,,,,00840000
RPWPMLTLIIOFFAB98CC,公館段,3.98,都市：住,,,,00630001
RPWPMLTLIIOFFAB98CC,公館段,4.60,都市：住,,,,00620001
RPSQMLTLIIOFFBB78CC,錦村段,11.25,都市：住,,,,03040029
RPSQMLTLIIOFFBB78CC,錦村段,6.33,都市：住,,,,03050032
RPSQMLTLIIOFFBB78CC,錦村段,1.08,都市：住,,,,03050037
RPORMLTLIIOFFBB48CC,仁和段,20.11,都市：住,,,,03130000
RPXOMLTLIIOFFFB86CC,六福段,28.78,都市：住,,,,04930000
RPXRMLTLIIOFFBB76CC,平田段,10.52,都市：住,,,,05140000
RPROMLKMIIOFFBB67CC,東山段,70.00,都市：商,,,,02260001
RPVNMLKMIIOFFBB97CC,文正段,6.00,都市：住,,,,01150002
RPVNMLKMIIOFFBB97CC,文正段,.88,都市：住,,,,01150169
RPTPMLTLIIOFFBB78CC,錦村段,9.44,都市：商,,,,01850000
RPRRMLTLIIOFFBB78CC,錦村段,11.23,都市：住,,,,00770000
RPRPMLKMIIOFFAB67CC,後?子段,33.53,都市：其他:住二,,,,01630033
RPTPMLKMIIOFFBB97CC,東山段,21.77,都市：住,,,,03080000
RPVOMLKMIIOFFBB08CC,東光段,.00,都市：住,,,,02330000
RPSPMLKMIIOFFAB77CC,麻園頭段,14.90,都市：住,,,,01320000
RPOPMLKMIIOFFBB47CC,太祥段,20.33,都市：住,,,,01200000
RPTOMLKMIIOFFBB87CC,東峰段,9.18,都市：住,,,,00040000
RPVOMLKMIIOFFJB88CC,宜欣段,22.22,都市：住,,,,03350000
RPRNNLTLIIOFFCB58CC,永富段,387.27,都市：住,,,,05400002
RPRNNLTLIIOFFCB58CC,永富段,45.44,都市：住,,,,05400001
RPUVMLTLIIOFFCB96CC,惠國段,27.00,都市：商,,,,00240000
RPUNMLKMIIOFFFB28CC,市鎮北段,18.12,都市：商,,,,00420000
RPQPMLKMIIOFFBB77DC,賴厝?段,6.59,都市：住,,,,00530002
RPUOMLKMIIOFFJB78CC,宜欣段,22.22,都市：住,,,,03350000
RPPPMLKMIIOFFBB67DC,賴厝?段,6.42,都市：住,,,,00720000
RPQWMLTLIIOFFCB66CC,中正段,8.56,都市：住,,,,01550000
RPOVMLKMIIOFFAB97CC,公館段,1.28,都市：商,,,,00630001
RPOVMLKMIIOFFAB97CC,公館段,1.47,都市：商,,,,00620001
RPPOMLKMIIOFFFB87CC,市鎮北段,14.99,都市：商,,,,00420000
RPSWNLKMIIOFFCB78CC,惠民段,10.13,都市：其他:新市政中心專用區,,,,01110000
RPURMLKMIIOFFAB28DC,公館段,2.17,都市：住,,,,00630001
RPURMLKMIIOFFAB28DC,公館段,2.51,都市：住,,,,00620001
RPQSMLKMIIOFFAB97DC,土庫段,12.19,都市：住,,,,00570001
RPUNMLKMIIOFFJB78DC,忠平段,335.00,都市：工,,,,01810017
RPVQMLLMIIOFFCB48CC,中義段,4.71,都市：住,,,,02500000
RPWRMLLMIIOFFCB68CC,南屯段,15.13,都市：住,,,,14920000
RPWQMLLMIIOFFCB58CC,中義段,4.71,都市：住,,,,02500000
RPRWMLLMIIOFFCB68CC,保安段,8.98,都市：住,,,,09930000
RPRWMLLMIIOFFCB68CC,保安段,7.27,都市：住,,,,09940000
RPOPNLLMIIOFFCB77CC,中正段,10.54,都市：商,,,,01550000
RPVONLLMIIOFFCB38CC,三塊厝段,16.56,都市：住,,,,01200000
RPSOMLLMIIOFFIB58CC,霧峰段霧峰小段,106.49,非都市：山坡地保育區 ; 非都市編定：丙種建築用地,,,,00210037
RPUNMLLMIIOFFIB68CC,中興段,.00,都市：住,,,,00640000
RPVNMLLMIIOFFHB68CC,中山段,10.00,都市：住,,,,02640000
RPPOMLLMIIOFFBB67DC,錦村段,.00,非都市： ; 非都市編定：,,,,02960045
RPRNMLLMIIOFFAB57CC,下橋子頭段,21.50,都市：住,,,,02030009
RPPTMLLMIIOFFAB97CC,旱平段,24.11,都市：住,,,,06720000
RPTTMLLMIIOFFAB38CC,頂橋子頭段,10.88,都市：住,,,,01380000
RPVPMLLMIIOFFBB28CC,北屯段,3.04,都市：住,,,,01680003
RPOUMLLMIIOFFAB97CC,尚武段,6.01,都市：住,,,,01970000
RPOUMLLMIIOFFAB97CC,尚武段,27.96,都市：住,,,,02070001
RPWPMLLMIIOFFBB38CC,中清段,8.53,都市：商,,,,00060000
RPQQMLLMIIOFFBB87CC,東峰段,6.34,都市：商,,,,01580000
RPPQMLLMIIOFFBB77CC,賴厝?段,.21,都市：商,,,,00310003
RPPQMLLMIIOFFBB77CC,邱厝子段,.17,都市：商,,,,00310062
RPOQMLLMIIOFFBB67CC,賴厝?段,2.96,都市：商,,,,00310003
RPOQMLLMIIOFFBB67CC,邱厝子段,2.38,都市：商,,,,00310062
RPWOMLLJJIOFFBB08CC,水湳段,48.00,都市：住,,,,02260000
RPQPMLLJJIOFFBB57CC,東義段,25.83,都市：住,,,,03030000
RPQPMLLJJIOFFAB47CC,東勢子段,10.60,都市：住,,,,00930023
RPTPMLLJJIOFFAB77CC,麻園頭段,25.57,都市：住,,,,03020000
RPUOMLLJJIOFFJB68CC,光明段,27.50,非都市：鄉村區 ; 非都市編定：乙種建築用地,,,,08530000
RPWNMLLJJIOFFHB58CC,家興段,9.32,都市：住,,,,05630000
RPXNMLLJJIOFFHB68CC,東寶一段,15.55,都市：住,,,,03850000
RPQOMLLJJIOFFFB87CC,市鎮北段,15.00,都市：商,,,,00420000
RPOOMLLJJIOFFFB67CC,文光段,100.10,都市：住,,,,09600000
RPUNMLLMIIOFFDB18CC,三陽段,.00,都市：住,,,,00150019
RPRQMLLJJIOFFCB87CC,國安段,5.24,都市：住,,,,01950000
RPQQMLLJJIOFFCB77CC,惠國段,.00,都市：其他:第六種新市政中心專用區,,,,00990000
RPQQMLLJJIOFFCB77CC,惠國段,.00,都市：其他:第六種新市政中心專用區,,,,01000000
RPQSMLLJJIOFFCB97CC,寶山段,.00,都市：住,,,,12440000
RPSOMLKMIIOFFIB48CC,立仁段,23.90,非都市：鄉村區 ; 非都市編定：乙種建築用地,,,,00400000
RPXOMLKMIIOFFIB98CC,東湖段,22.47,都市：商,,,,08870000
RPWOMLKMIIOFFIB88CC,益民段,40.20,都市：住,,,,12510000
RPWRMLSLIIOFFIB27CC,武德段,19.54,都市：住,,,,00350000
RPQOMLKMIIOFFIB28CC,新榮和段,3.97,都市：住,,,,00290000
RPROMLKMIIOFFIB38CC,新榮和段,3.97,都市：住,,,,00290000
RPVOMLOJJIOFFIB98CC,吉隆段,27.07,都市：住,,,,02330000
RPVOMLOJJIOFFIB98CC,吉隆段,.10,都市：住,,,,02410001
RPWOMLOJJIOFFIB09CC,北新段,12.64,都市：住,,,,10490000
RPSPMLOJJIOFFCB18CC,國安段,29.08,都市：住,,,,05990000
RPWQMLOJJIOFFCB68CC,福德段,.00,都市：住,,,,01410000
RPWNMLOJJIOFFCB38CC,國安段,29.75,都市：住,,,,05990000
RPUPMLOJJIOFFCB38CC,三富段,1959.62,都市：住,,,,00260000
RPUPMLOJJIOFFCB38CC,三富段,742.39,都市：住,,,,00270000
RPRNMLOJJIOFFCB87CC,何安段,4.81,都市：住,,,,09730000
RPOTMLLJJIOFFCB87CC,惠國段,27.00,都市：商,,,,00240000
RPQUMLLJJIOFFCB18CC,惠信段,22.82,都市：住,,,,00630000
RPQPMLOJJIOFFIB58CC,北新段,14.28,都市：住,,,,10490000
RPSOMLOJJIOFFAB87CC,仁愛段二小段,.00,都市：商,,,,00030030
RPUPMLOJJIOFFAB18CC,樹子腳段,114.00,都市：住,,,,04500008
RPQPMLOJJIOFFBB87CC,東光段,20.28,都市：住,,,,03250000
RPXOMLPJJIOFFAB48CC,麻園頭段,.00,非都市： ; 非都市編定：,,,,09040000
RPVNMLOJJIOFFBB18CC,邱厝子段,44.77,都市：住,,,,00200000
RPXNMLPJJIOFFJB66CC,宜欣段,.00,非都市： ; 非都市編定：,,,,21440000
RPXNMLOJJIOFFBB38CC,賴厝?段,3.18,都市：住,,,,04420000
RPTSMLPJJIOFFCB68CC,順和段,.00,非都市： ; 非都市編定：,,,,02740000
RPPSMLPJJIOFFBB18CC,松竹段,.00,非都市： ; 非都市編定：,,,,10790051
RPOOMLOJJIOFFBB57CC,太祥段,18.44,都市：住,,,,01200000
RPRPMLOJJIOFFCB18DC,惠順段,26.37,都市：商,,,,01140000
RPTOMLQJJIOFFCB38CC,惠國段,19.90,都市：其他:新市政中心專用區,,,,01840000
RPSOMLQJJIOFFCB28CC,惠民段,17.45,都市：其他:新市政中心專用區,,,,01390000
RPVSMLPJJIOFFCB88CC,西屯段,.00,非都市： ; 非都市編定：,,,,07750000
RPROMLQJJIOFFCB18CC,惠民段,37.00,都市：其他:新市政中心專用區,,,,01380000
RPUSMLPJJIOFFCB78CC,大新段,4.13,都市：商,,,,08530000
RPUNMLQJJIOFFDB48CC,新水源段,152.32,都市：工,,,,02470000
RPQNMLQJJIOFFHB48CC,民生段,30.49,都市：住,,,,11510000
RPSOMLQJJIOFFAB08CC,半平厝段,13.56,都市：住,,,,19190000
RPTOMLQJJIOFFBB28CC,錦村段,.00,都市：商,,,,01850000
RPSNMLQJJIOFFIB78CC,新榮泉段,19.83,都市：住,,,,00160000
RPTNMLQJJIOFFAB08CC,後?子段,17.47,都市：住,,,,02170000
RPXPMLQJJIOFFBB78CC,賴厝?段,27.63,都市：住,,,,00490014
RPOPMLQJJIOFFBB87CC,乾溝子段,16.15,都市：住,,,,01820005
RPVOMLRJJIOFFBB58CC,錦村段,.00,都市：商,,,,01850000
RPRPMLRJJIOFFBB38DC,松昌段,80.00,都市：住,,,,00870023
RPXNMLRJJIOFFBB78DC,崇德段,38.03,都市：住,,,,00770000
RPROMLRJJIOFFBB28DC,北屯段,41.00,都市：商,,,,02980082
RPROMLRJJIOFFBB28DC,北屯段,21.00,都市：商,,,,02980154
RPQNMLRJJIOFFIB68CC,崇光段,.00,都市：商,,,,11630000
RPVOMLRJJIOFFAB48CC,麻園頭段,14.55,都市：住,,,,01320000
RPTNMLRJJIOFFHB98DC,東寶三段,412.35,都市：農,,,,08220000
RPTNMLRJJIOFFHB98DC,東寶三段,662.67,都市：農,,,,08250000
RPTNMLRJJIOFFHB98DC,東寶三段,313.45,都市：農,,,,08260000
RPUNMLRJJIOFFJB66DC,宜欣段,4.81,都市：住,,,,21440000
RPVOMLRJJIOFFCB68CC,福星段,20.31,都市：住,,,,04820000
RPTOMLRJJIOFFCB48CC,國安段,16.44,都市：住,,,,00120014
RPVNMLRJJIOFFJB76DC,宜欣段,6.49,都市：住,,,,21440000
RPSOMLRJJIOFFCB38CC,國安段,16.44,都市：住,,,,00120014
RPORMLSJJIOFFCB38CC,上石碑段,4.62,都市：住,,,,16570000
RPUNMLSJJIOFFAB38CC,麻園頭段,14.68,都市：住,,,,01320000
RPURMLSJJIOFFCB98CC,中正段,5.99,都市：商,,,,01550000
RPWNMLSJJIOFFDB88CC,豐原段,2.99,都市：住,,,,08410000
RPXNMLSJJIOFFDB98CC,建成段,10.32,都市：住,,,,03590000
RPTNMLSJJIOFFBB38CC,東正段,12.45,都市：住,,,,01040000
RPVOMLSJJIOFFBB68CC,陳平段,16.38,都市：住,,,,15140000
RPWOMLQJJIOFFCB68CC,中和段,24.84,都市：住,,,,02160000
RPXOMLQJJIOFFCB78CC,惠民段,14.21,都市：其他:新市政中心專用區,,,,01380000
RPPNMLRJJIOFFCB97CC,三塊厝段,.00,都市：住,,,,05450000
RPRPMLQJJIOFFCB28CC,福安段,9.00,都市：住,,,,02250000
RPQPMLQJJIOFFCB18CC,何厝段,13.71,都市：商,,,,00890013
RPVNMLSJJIOFFAB48CC,大益段,.00,都市：住,,,,00090016
RPQNMLTJJIOFFAB08CC,頂橋子頭段,39.25,都市：住,,,,02560014
RPTPMLSJJIOFFAB48CC,麻園頭段,11.48,都市：住,,,,01320000
RPSPMLSJJIOFFAB38CC,麻園頭段,11.48,都市：住,,,,01320000
RPXNMLSJJIOFFAB68CC,綠川段五小段,32.55,都市：商,,,,00120000
RPXNMLSJJIOFFAB68CC,綠川段五小段,15.84,都市：商,,,,00120001
