﻿編號,土地位置,土地移轉面積(平方公尺),使用分區或編定,權利人持分分母,權利人持分分子,移轉情形,地號
The serial number, land position,land shifting area square meter,the use zoning or compiles and checks,,,,land parcel
RPVNMLTLQHOFFCD07CB,水交社段,10.92,都市：住,10000,46,持分移轉,00030000
RPVNMLTLQHOFFCD07CB,水交社段,16.08,都市：住,10000,46,持分移轉,00060000
RPOOMLTLQHOFFCD09CB,水交社段,10.45,都市：住,10000,44,持分移轉,00030000
RPOOMLTLQHOFFCD09CB,水交社段,15.38,都市：住,10000,44,持分移轉,00060000
RPWNMLTLQHOFFCD17CB,水交社段,10.45,都市：住,10000,44,持分移轉,00030000
RPWNMLTLQHOFFCD17CB,水交社段,15.38,都市：住,10000,44,持分移轉,00060000
RPPOMLTLQHOFFCD56CB,水交社段,10.45,都市：住,10000,44,持分移轉,00030000
RPPOMLTLQHOFFCD56CB,水交社段,15.38,都市：住,10000,44,持分移轉,00060000
RPSOMLTLQHOFFCD86CB,水交社段,10.45,都市：住,10000,44,持分移轉,00030000
RPSOMLTLQHOFFCD86CB,水交社段,15.38,都市：住,10000,44,持分移轉,00060000
RPXNMLTLQHOFFCD27CB,水交社段,10.45,都市：住,10000,44,持分移轉,00030000
RPXNMLTLQHOFFCD27CB,水交社段,15.38,都市：住,10000,44,持分移轉,00060000
RPQPMLTLQHOFFCD76CB,水交社段,10.92,都市：住,10000,46,持分移轉,00030000
RPQPMLTLQHOFFCD76CB,水交社段,16.08,都市：住,10000,46,持分移轉,00060000
RPVOMLTLQHOFFCD17CB,水交社段,11.87,都市：住,10000,50,持分移轉,00030000
RPVOMLTLQHOFFCD17CB,水交社段,17.48,都市：住,10000,50,持分移轉,00060000
RPTPMLTLQHOFFCD07CB,水交社段,10.92,都市：住,10000,46,持分移轉,00030000
RPTPMLTLQHOFFCD07CB,水交社段,16.08,都市：住,10000,46,持分移轉,00060000
RPOPMLTLQHOFFCD56CB,水交社段,11.40,都市：住,10000,48,持分移轉,00030000
RPOPMLTLQHOFFCD56CB,水交社段,16.78,都市：住,10000,48,持分移轉,00060000
RPTOMLTLQHOFFCD96CB,水交社段,11.87,都市：住,10000,50,持分移轉,00030000
RPTOMLTLQHOFFCD96CB,水交社段,17.48,都市：住,10000,50,持分移轉,00060000
RPUPMLTLQHOFFCD17CB,水交社段,10.92,都市：住,10000,46,持分移轉,00030000
RPUPMLTLQHOFFCD17CB,水交社段,16.08,都市：住,10000,46,持分移轉,00060000
RPPPMLTLQHOFFCD66CB,水交社段,11.16,都市：住,10000,47,持分移轉,00030000
RPPPMLTLQHOFFCD66CB,水交社段,16.43,都市：住,10000,47,持分移轉,00060000
RPXPMLTLQHOFFCD47CB,水交社段,10.45,都市：住,10000,44,持分移轉,00030000
RPXPMLTLQHOFFCD47CB,水交社段,15.38,都市：住,10000,44,持分移轉,00060000
RPXOMLTLQHOFFCD37CB,水交社段,11.40,都市：住,10000,48,持分移轉,00030000
RPXOMLTLQHOFFCD37CB,水交社段,16.78,都市：住,10000,48,持分移轉,00060000
RPUOMLTLQHOFFCD07CB,水交社段,11.40,都市：住,10000,48,持分移轉,00030000
RPUOMLTLQHOFFCD07CB,水交社段,16.78,都市：住,10000,48,持分移轉,00060000
RPVPMLTLQHOFFCD27CB,水交社段,10.92,都市：住,10000,46,持分移轉,00030000
RPVPMLTLQHOFFCD27CB,水交社段,16.08,都市：住,10000,46,持分移轉,00060000
RPWOMLTLQHOFFCD27CB,水交社段,11.40,都市：住,10000,48,持分移轉,00030000
RPWOMLTLQHOFFCD27CB,水交社段,16.78,都市：住,10000,48,持分移轉,00060000
RPWPMLTLQHOFFCD37CB,水交社段,9.97,都市：住,10000,42,持分移轉,00030000
RPWPMLTLQHOFFCD37CB,水交社段,14.68,都市：住,10000,42,持分移轉,00060000
RPPQMLTLQHOFFCD76CB,水交社段,10.45,都市：住,10000,44,持分移轉,00030000
RPPQMLTLQHOFFCD76CB,水交社段,15.38,都市：住,10000,44,持分移轉,00060000
RPSQMLTLQHOFFCD07CB,水交社段,11.40,都市：住,10000,48,持分移轉,00030000
RPSQMLTLQHOFFCD07CB,水交社段,16.78,都市：住,10000,48,持分移轉,00060000
RPQQMLTLQHOFFCD86CB,水交社段,10.45,都市：住,10000,44,持分移轉,00030000
RPQQMLTLQHOFFCD86CB,水交社段,15.38,都市：住,10000,44,持分移轉,00060000
RPUQMLTLQHOFFCD27CB,水交社段,10.45,都市：住,10000,44,持分移轉,00030000
RPUQMLTLQHOFFCD27CB,水交社段,15.38,都市：住,10000,44,持分移轉,00060000
RPWQMLTLQHOFFCD47CB,水交社段,11.40,都市：住,10000,48,持分移轉,00030000
RPWQMLTLQHOFFCD47CB,水交社段,16.78,都市：住,10000,48,持分移轉,00060000
RPRQMLTLQHOFFCD96CB,水交社段,10.45,都市：住,10000,44,持分移轉,00030000
RPRQMLTLQHOFFCD96CB,水交社段,15.38,都市：住,10000,44,持分移轉,00060000
RPVNMLKMQHOFFCD88CB,水交社段,11.40,都市：住,10000,48,持分移轉,00030000
RPVNMLKMQHOFFCD88CB,水交社段,16.78,都市：住,10000,48,持分移轉,00060000
RPVQMLTLQHOFFCD37CB,水交社段,11.40,都市：住,10000,48,持分移轉,00030000
RPVQMLTLQHOFFCD37CB,水交社段,16.78,都市：住,10000,48,持分移轉,00060000
RPSPMLTLQHOFFCD96CB,水交社段,11.40,都市：住,10000,48,持分移轉,00030000
RPSPMLTLQHOFFCD96CB,水交社段,16.78,都市：住,10000,48,持分移轉,00060000
RPPOMLKMQHOFFCD38CB,水交社段,11.40,都市：住,10000,48,持分移轉,00030000
RPPOMLKMQHOFFCD38CB,水交社段,16.78,都市：住,10000,48,持分移轉,00060000
RPROMLKMQHOFFCD58CB,水交社段,10.92,都市：住,10000,46,持分移轉,00030000
RPROMLKMQHOFFCD58CB,水交社段,16.08,都市：住,10000,46,持分移轉,00060000
RPOOMLKMQHOFFCD28CB,水交社段,11.40,都市：住,10000,48,持分移轉,00030000
RPOOMLKMQHOFFCD28CB,水交社段,16.78,都市：住,10000,48,持分移轉,00060000
RPXNMLKMQHOFFCD09CB,水交社段,11.40,都市：住,10000,48,持分移轉,00030000
RPXNMLKMQHOFFCD09CB,水交社段,16.78,都市：住,10000,48,持分移轉,00060000
RPQPMLPJRHOFFCD88CB,水交社段,22.90,都市：住,10000,45,持分移轉,00210036
RPOPMLPJRHOFFCD68CB,水交社段,31.04,都市：住,10000,61,持分移轉,00210036
RPXOMLPJRHOFFCD86CB,水交社段,26.46,都市：住,10000,52,持分移轉,00210036
RPQOMLKMQHOFFCD48CB,水交社段,11.16,都市：住,10000,47,持分移轉,00030000
RPQOMLKMQHOFFCD48CB,水交社段,16.43,都市：住,10000,47,持分移轉,00060000
RPPPMLPJRHOFFCD78CB,水交社段,22.90,都市：住,10000,45,持分移轉,00210036
RPWOMLPJRHOFFCD76CB,水交社段,31.04,都市：住,10000,61,持分移轉,00210036
RPPQMLTJRHOFFCD66CB,水交社段,34.10,都市：住,10000,67,持分移轉,00210036
RPVOMLTJRHOFFCD07CB,水交社段,25.45,都市：住,10000,50,持分移轉,00210036
RPSPMLPJRHOFFCD09CB,水交社段,29.01,都市：住,10000,57,持分移轉,00210036
RPXPMLTJRHOFFCD37CB,水交社段,33.59,都市：住,10000,66,持分移轉,00210036
RPTPMLTJRHOFFCD96CB,水交社段,34.10,都市：住,10000,67,持分移轉,00210036
RPSPMLTJRHOFFCD86CB,水交社段,34.10,都市：住,10000,67,持分移轉,00210036
RPWPMLTJRHOFFCD27CB,水交社段,34.10,都市：住,10000,67,持分移轉,00210036
RPRPMLTJRHOFFCD76CB,水交社段,34.10,都市：住,10000,67,持分移轉,00210036
RPQQMLTJRHOFFCD76CB,水交社段,34.10,都市：住,10000,67,持分移轉,00210036
RPXQMLTJRHOFFCD47CB,水交社段,34.10,都市：住,10000,67,持分移轉,00210036
RPVQMLTJRHOFFCD27CB,水交社段,34.10,都市：住,10000,67,持分移轉,00210036
RPQRMLTJRHOFFCD86CB,水交社段,34.10,都市：住,10000,67,持分移轉,00210036
RPORMLTJRHOFFCD66CB,水交社段,34.10,都市：住,10000,67,持分移轉,00210036
RPWQMLTJRHOFFCD37CB,水交社段,34.10,都市：住,10000,67,持分移轉,00210036
RPPRMLTJRHOFFCD76CB,水交社段,34.10,都市：住,10000,67,持分移轉,00210036
RPRRMLTJRHOFFCD96CB,水交社段,34.10,都市：住,10000,67,持分移轉,00210036
RPPNMLKKRHOFFCD18CB,水交社段,34.10,都市：住,10000,67,持分移轉,00210036
RPQNMLKKRHOFFCD28CB,水交社段,34.10,都市：住,10000,67,持分移轉,00210036
RPURMLTJRHOFFCD27CB,水交社段,34.10,都市：住,10000,67,持分移轉,00210036
RPSRMLTJRHOFFCD07CB,水交社段,34.10,都市：住,10000,67,持分移轉,00210036
RPVNMLMKRHOFFCD98CB,水交社段,42.24,都市：住,10000,83,持分移轉,00210036
RPTRMLTJRHOFFCD17CB,水交社段,34.10,都市：住,10000,67,持分移轉,00210036
RPSNMLMKRHOFFCD68CB,水交社段,34.10,都市：住,10000,67,持分移轉,00210036
RPQOMLMKRHOFFCD58CB,水交社段,42.24,都市：住,10000,83,持分移轉,00210036
RPXNMLMKRHOFFCD56CB,水交社段,34.10,都市：住,10000,67,持分移轉,00210036
RPPOMLMKRHOFFCD48CB,水交社段,42.24,都市：住,10000,83,持分移轉,00210036
RPVOMLMKRHOFFCD09CB,水交社段,42.75,都市：住,10000,84,持分移轉,00210036
RPTOMLMKRHOFFCD88CB,水交社段,42.24,都市：住,10000,83,持分移轉,00210036
RPROMLMKRHOFFCD68CB,水交社段,42.75,都市：住,10000,84,持分移轉,00210036
RPWNMLMKRHOFFCD09CB,水交社段,34.10,都市：住,10000,67,持分移轉,00210036
RPWOMLMKRHOFFCD56CB,水交社段,42.24,都市：住,10000,83,持分移轉,00210036
RPOPMLMKRHOFFCD48CB,水交社段,42.75,都市：住,10000,84,持分移轉,00210036
RPXOMLMKRHOFFCD66CB,水交社段,42.75,都市：住,10000,84,持分移轉,00210036
RPQPMLMKRHOFFCD68CB,水交社段,42.75,都市：住,10000,84,持分移轉,00210036
RPPPMLMKRHOFFCD58CB,水交社段,42.24,都市：住,10000,83,持分移轉,00210036
RPVPMLTJRHOFFCD17CB,水交社段,34.10,都市：住,10000,67,持分移轉,00210036
RPSPMLMKRHOFFCD88CB,水交社段,42.24,都市：住,10000,83,持分移轉,00210036
RPRPMLPJRHOFFCD98CB,水交社段,23.41,都市：住,10000,46,持分移轉,00210036
RPRPMLMKRHOFFCD78CB,水交社段,44.28,都市：住,10000,87,持分移轉,00210036
RPOQMLMKRHOFFCD58CB,水交社段,42.24,都市：住,10000,83,持分移轉,00210036
RPWPMLMKRHOFFCD66CB,水交社段,42.24,都市：住,10000,83,持分移轉,00210036
RPVPMLMKRHOFFCD56CB,水交社段,42.24,都市：住,10000,83,持分移轉,00210036
RPXPMLMKRHOFFCD76CB,水交社段,42.24,都市：住,10000,83,持分移轉,00210036
RPQQMLMKRHOFFCD78CB,水交社段,42.24,都市：住,10000,83,持分移轉,00210036
RPRQMLMKRHOFFCD88CB,水交社段,42.24,都市：住,10000,83,持分移轉,00210036
RPTQMLMKRHOFFCD09CB,水交社段,42.24,都市：住,10000,83,持分移轉,00210036
RPUQMLMKRHOFFCD56CB,水交社段,42.75,都市：住,10000,84,持分移轉,00210036
RPVQMLMKRHOFFCD66CB,水交社段,42.24,都市：住,10000,83,持分移轉,00210036
RPWPMLRKRHOFFCD17CB,水交社段,34.10,都市：住,10000,67,持分移轉,00210036
RPSQMLMKRHOFFCD98CB,水交社段,42.24,都市：住,10000,83,持分移轉,00210036
RPWQMLMKRHOFFCD76CB,水交社段,44.28,都市：住,10000,87,持分移轉,00210036
RPUQMLRKRHOFFCD07CB,水交社段,34.10,都市：住,10000,67,持分移轉,00210036
RPPQMLRKRHOFFCD56CB,水交社段,34.10,都市：住,10000,67,持分移轉,00210036
RPSQMLRKRHOFFCD86CB,水交社段,34.10,都市：住,10000,67,持分移轉,00210036
RPSOMLSKRHOFFCD76CB,水交社段,34.10,都市：住,10000,67,持分移轉,00210036
RPRQMLRKRHOFFCD76CB,水交社段,34.10,都市：住,10000,67,持分移轉,00210036
RPTQMLRKRHOFFCD96CB,水交社段,34.10,都市：住,10000,67,持分移轉,00210036
RPOQMLRKRHOFFCD09CB,水交社段,34.10,都市：住,10000,67,持分移轉,00210036
RPQQMLRKRHOFFCD66CB,水交社段,34.10,都市：住,10000,67,持分移轉,00210036
RPOPMLSKRHOFFCD09CB,水交社段,34.10,都市：住,10000,67,持分移轉,00210036
RPSPMLSKRHOFFCD86CB,水交社段,11.16,都市：住,10000,47,持分移轉,00030000
RPSPMLSKRHOFFCD86CB,水交社段,16.43,都市：住,10000,47,持分移轉,00060000
RPTPMLSKRHOFFCD96CB,水交社段,36.13,都市：住,10000,71,持分移轉,00210036
RPQPMLSKRHOFFCD66CB,水交社段,10.92,都市：住,10000,46,持分移轉,00030000
RPQPMLSKRHOFFCD66CB,水交社段,16.08,都市：住,10000,46,持分移轉,00060000
RPWPMLSKRHOFFCD27CB,水交社段,36.13,都市：住,10000,71,持分移轉,00210036
RPUPMLSKRHOFFCD07CB,水交社段,11.16,都市：住,10000,47,持分移轉,00030000
RPUPMLSKRHOFFCD07CB,水交社段,16.43,都市：住,10000,47,持分移轉,00060000
RPTOMLSKRHOFFCD86CB,水交社段,34.10,都市：住,10000,67,持分移轉,00210036
RPVPMLSKRHOFFCD17CB,水交社段,11.16,都市：住,10000,47,持分移轉,00030000
RPVPMLSKRHOFFCD17CB,水交社段,16.43,都市：住,10000,47,持分移轉,00060000
RPXPMLRKRHOFFCD27CB,水交社段,34.10,都市：住,10000,67,持分移轉,00210036
RPXPMLSKRHOFFCD37CB,水交社段,36.13,都市：住,10000,71,持分移轉,00210036
RPQQMLSKRHOFFCD76CB,水交社段,36.13,都市：住,10000,71,持分移轉,00210036
RPTQMLSKRHOFFCD07CB,水交社段,11.16,都市：住,10000,47,持分移轉,00030000
RPTQMLSKRHOFFCD07CB,水交社段,16.43,都市：住,10000,47,持分移轉,00060000
RPPQMLSKRHOFFCD66CB,水交社段,36.13,都市：住,10000,71,持分移轉,00210036
RPSQMLSKRHOFFCD96CB,水交社段,11.16,都市：住,10000,47,持分移轉,00030000
RPSQMLSKRHOFFCD96CB,水交社段,16.43,都市：住,10000,47,持分移轉,00060000
RPXOMLSKRHOFFCD27CB,水交社段,10.92,都市：住,10000,46,持分移轉,00030000
RPXOMLSKRHOFFCD27CB,水交社段,16.08,都市：住,10000,46,持分移轉,00060000
RPPPMLSKRHOFFCD56CB,水交社段,10.92,都市：住,10000,46,持分移轉,00030000
RPPPMLSKRHOFFCD56CB,水交社段,16.08,都市：住,10000,46,持分移轉,00060000
RPSOMLTKRHOFFCD86CB,水交社段,36.13,都市：住,10000,71,持分移轉,00210036
RPOQMLSKRHOFFCD56CB,水交社段,36.13,都市：住,10000,71,持分移轉,00210036
RPWOMLSKRHOFFCD17CB,水交社段,10.92,都市：住,10000,46,持分移轉,00030000
RPWOMLSKRHOFFCD17CB,水交社段,16.08,都市：住,10000,46,持分移轉,00060000
RPRPMLSKRHOFFCD76CB,水交社段,11.16,都市：住,10000,47,持分移轉,00030000
RPRPMLSKRHOFFCD76CB,水交社段,16.43,都市：住,10000,47,持分移轉,00060000
RPUPMLTKRHOFFCD17CB,水交社段,11.40,都市：住,10000,48,持分移轉,00030000
RPUPMLTKRHOFFCD17CB,水交社段,16.78,都市：住,10000,48,持分移轉,00060000
RPRQMLSKRHOFFCD86CB,水交社段,36.13,都市：住,10000,71,持分移轉,00210036
RPUOMLTKRHOFFCD07CB,水交社段,36.13,都市：住,10000,71,持分移轉,00210036
RPXOMLTKRHOFFCD37CB,水交社段,36.13,都市：住,10000,71,持分移轉,00210036
RPWOMLTKRHOFFCD27CB,水交社段,36.13,都市：住,10000,71,持分移轉,00210036
RPXNMLKLRHOFFCD09CB,水交社段,11.40,都市：住,10000,48,持分移轉,00030000
RPXNMLKLRHOFFCD09CB,水交社段,16.78,都市：住,10000,48,持分移轉,00060000
RPVPMLTKRHOFFCD27CB,水交社段,11.40,都市：住,10000,48,持分移轉,00030000
RPVPMLTKRHOFFCD27CB,水交社段,16.78,都市：住,10000,48,持分移轉,00060000
RPOOMLKLRHOFFCD28CB,水交社段,11.40,都市：住,10000,48,持分移轉,00030000
RPOOMLKLRHOFFCD28CB,水交社段,16.78,都市：住,10000,48,持分移轉,00060000
RPQOMLKLRHOFFCD48CB,水交社段,11.40,都市：住,10000,48,持分移轉,00030000
RPQOMLKLRHOFFCD48CB,水交社段,16.78,都市：住,10000,48,持分移轉,00060000
RPWPMLTKRHOFFCD37CB,水交社段,11.40,都市：住,10000,48,持分移轉,00030000
RPWPMLTKRHOFFCD37CB,水交社段,16.78,都市：住,10000,48,持分移轉,00060000
RPROMLKLRHOFFCD58CB,水交社段,10.92,都市：住,10000,46,持分移轉,00030000
RPROMLKLRHOFFCD58CB,水交社段,16.08,都市：住,10000,46,持分移轉,00060000
RPTOMLKLRHOFFCD78CB,水交社段,10.92,都市：住,10000,46,持分移轉,00030000
RPTOMLKLRHOFFCD78CB,水交社段,16.08,都市：住,10000,46,持分移轉,00060000
RPTPMLKLRHOFFCD88CB,水交社段,10.92,都市：住,10000,46,持分移轉,00030000
RPTPMLKLRHOFFCD88CB,水交社段,16.08,都市：住,10000,46,持分移轉,00060000
RPWPMLKLRHOFFCD56CB,水交社段,10.92,都市：住,10000,46,持分移轉,00030000
RPWPMLKLRHOFFCD56CB,水交社段,16.08,都市：住,10000,46,持分移轉,00060000
RPUPMLKLRHOFFCD98CB,水交社段,10.92,都市：住,10000,46,持分移轉,00030000
RPUPMLKLRHOFFCD98CB,水交社段,16.08,都市：住,10000,46,持分移轉,00060000
RPRPMLKLRHOFFCD68CB,水交社段,10.92,都市：住,10000,46,持分移轉,00030000
RPRPMLKLRHOFFCD68CB,水交社段,16.08,都市：住,10000,46,持分移轉,00060000
RPQPMLKLRHOFFCD58CB,水交社段,10.92,都市：住,10000,46,持分移轉,00030000
RPQPMLKLRHOFFCD58CB,水交社段,16.08,都市：住,10000,46,持分移轉,00060000
RPPPMLKLRHOFFCD48CB,水交社段,10.21,都市：住,10000,43,持分移轉,00030000
RPPPMLKLRHOFFCD48CB,水交社段,15.03,都市：住,10000,43,持分移轉,00060000
RPOPMLKLRHOFFCD38CB,水交社段,10.92,都市：住,10000,46,持分移轉,00030000
RPOPMLKLRHOFFCD38CB,水交社段,16.08,都市：住,10000,46,持分移轉,00060000
RPVOMLKLRHOFFCD98CB,水交社段,10.92,都市：住,10000,46,持分移轉,00030000
RPVOMLKLRHOFFCD98CB,水交社段,16.08,都市：住,10000,46,持分移轉,00060000
RPRQMLKLRHOFFCD78CB,水交社段,26.97,都市：住,10000,53,持分移轉,00210036
RPPQMLKLRHOFFCD58CB,水交社段,26.97,都市：住,10000,53,持分移轉,00210036
RPUQMLKLRHOFFCD09CB,水交社段,26.97,都市：住,10000,53,持分移轉,00210036
RPTQMLKLRHOFFCD98CB,水交社段,26.97,都市：住,10000,53,持分移轉,00210036
RPOQMLKLRHOFFCD48CB,水交社段,36.13,都市：住,10000,71,持分移轉,00210036
RPQQMLKLRHOFFCD68CB,水交社段,26.97,都市：住,10000,53,持分移轉,00210036
RPSQMLKLRHOFFCD88CB,水交社段,26.46,都市：住,10000,52,持分移轉,00210036
RPWQMLKLRHOFFCD66CB,水交社段,26.97,都市：住,10000,53,持分移轉,00210036
RPORMLKLRHOFFCD58CB,水交社段,26.97,都市：住,10000,53,持分移轉,00210036
RPVQMLKLRHOFFCD56CB,水交社段,26.97,都市：住,10000,53,持分移轉,00210036
RPXQMLKLRHOFFCD76CB,水交社段,26.97,都市：住,10000,53,持分移轉,00210036
RPSPMLKLRHOFFCD78CB,水交社段,10.92,都市：住,10000,46,持分移轉,00030000
RPSPMLKLRHOFFCD78CB,水交社段,16.08,都市：住,10000,46,持分移轉,00060000
RPXOMLKLRHOFFCD56CB,水交社段,10.92,都市：住,10000,46,持分移轉,00030000
RPXOMLKLRHOFFCD56CB,水交社段,16.08,都市：住,10000,46,持分移轉,00060000
RPWOMLRLRHOFFCD17CB,水交社段,10.92,都市：住,10000,46,持分移轉,00030000
RPWOMLRLRHOFFCD17CB,水交社段,16.08,都市：住,10000,46,持分移轉,00060000
RPVOMLRLRHOFFCD07CB,水交社段,11.16,都市：住,10000,47,持分移轉,00030000
RPVOMLRLRHOFFCD07CB,水交社段,16.43,都市：住,10000,47,持分移轉,00060000
RPUOMLRLRHOFFCD96CB,水交社段,11.40,都市：住,10000,48,持分移轉,00030000
RPUOMLRLRHOFFCD96CB,水交社段,16.78,都市：住,10000,48,持分移轉,00060000
RPSOMLRLRHOFFCD76CB,水交社段,11.40,都市：住,10000,48,持分移轉,00030000
RPSOMLRLRHOFFCD76CB,水交社段,16.78,都市：住,10000,48,持分移轉,00060000
RPTOMLRLRHOFFCD86CB,水交社段,11.87,都市：住,10000,50,持分移轉,00030000
RPTOMLRLRHOFFCD86CB,水交社段,17.48,都市：住,10000,50,持分移轉,00060000
RPROMLRLRHOFFCD66CB,水交社段,11.40,都市：住,10000,48,持分移轉,00030000
RPROMLRLRHOFFCD66CB,水交社段,16.78,都市：住,10000,48,持分移轉,00060000
RPWNMLRLRHOFFCD07CB,水交社段,11.40,都市：住,10000,48,持分移轉,00030000
RPWNMLRLRHOFFCD07CB,水交社段,16.78,都市：住,10000,48,持分移轉,00060000
RPPRMLKLRHOFFCD68CB,水交社段,26.97,都市：住,10000,53,持分移轉,00210036
RPUPMLPLRHOFFCD86CB,水交社段,11.40,都市：住,10000,48,持分移轉,00030000
RPUPMLPLRHOFFCD86CB,水交社段,16.78,都市：住,10000,48,持分移轉,00060000
RPUOMLKMRHOFFCD98CB,水交社段,24.94,都市：住,10000,49,持分移轉,00210036
RPXOMLTJIIOFFCD09CB,水交社段,8.31,都市：住,10000,35,持分移轉,00030000
RPXOMLTJIIOFFCD09CB,水交社段,12.24,都市：住,10000,35,持分移轉,00060000
RPQPMLTJIIOFFCD48CB,水交社段,8.31,都市：住,10000,35,持分移轉,00030000
RPQPMLTJIIOFFCD48CB,水交社段,12.24,都市：住,10000,35,持分移轉,00060000
RPVNMLQKIIOFFCD58CB,水交社段,11.87,都市：住,10000,50,持分移轉,00030000
RPVNMLQKIIOFFCD58CB,水交社段,17.48,都市：住,10000,50,持分移轉,00060000
RPUNMLQKIIOFFCD48CB,水交社段,11.63,都市：住,10000,49,持分移轉,00030000
RPUNMLQKIIOFFCD48CB,水交社段,17.13,都市：住,10000,49,持分移轉,00060000
RPSNMLQKIIOFFCD28CB,水交社段,8.31,都市：住,10000,35,持分移轉,00030000
RPSNMLQKIIOFFCD28CB,水交社段,12.24,都市：住,10000,35,持分移轉,00060000
RPTNMLQKIIOFFCD38CB,水交社段,8.31,都市：住,10000,35,持分移轉,00030000
RPTNMLQKIIOFFCD38CB,水交社段,12.24,都市：住,10000,35,持分移轉,00060000
RPPPMLRLRHOFFCD56CB,水交社段,11.40,都市：住,10000,48,持分移轉,00030000
RPPPMLRLRHOFFCD56CB,水交社段,16.78,都市：住,10000,48,持分移轉,00060000
RPUPMLRLRHOFFCD07CB,水交社段,10.92,都市：住,10000,46,持分移轉,00030000
RPUPMLRLRHOFFCD07CB,水交社段,16.08,都市：住,10000,46,持分移轉,00060000
RPWOMLTJIIOFFCD98CB,水交社段,8.31,都市：住,10000,35,持分移轉,00030000
RPWOMLTJIIOFFCD98CB,水交社段,12.24,都市：住,10000,35,持分移轉,00060000
RPWNMLQKIIOFFCD68CB,水交社段,11.87,都市：住,10000,50,持分移轉,00030000
RPWNMLQKIIOFFCD68CB,水交社段,17.48,都市：住,10000,50,持分移轉,00060000
RPXNMLQKIIOFFCD78CB,水交社段,11.87,都市：住,10000,50,持分移轉,00030000
RPXNMLQKIIOFFCD78CB,水交社段,17.48,都市：住,10000,50,持分移轉,00060000
RPXOMLRLRHOFFCD27CB,水交社段,10.92,都市：住,10000,46,持分移轉,00030000
RPXOMLRLRHOFFCD27CB,水交社段,16.08,都市：住,10000,46,持分移轉,00060000
RPSPMLRLRHOFFCD86CB,水交社段,10.92,都市：住,10000,46,持分移轉,00030000
RPSPMLRLRHOFFCD86CB,水交社段,16.08,都市：住,10000,46,持分移轉,00060000
RPPPMLTJIIOFFCD38CB,水交社段,8.31,都市：住,10000,35,持分移轉,00030000
RPPPMLTJIIOFFCD38CB,水交社段,12.24,都市：住,10000,35,持分移轉,00060000
RPPOMLQKIIOFFCD08CB,水交社段,9.73,都市：住,10000,41,持分移轉,00030000
RPPOMLQKIIOFFCD08CB,水交社段,14.33,都市：住,10000,41,持分移轉,00060000
RPQPMLQKIIOFFCD28CB,水交社段,8.55,都市：住,10000,36,持分移轉,00030000
RPQPMLQKIIOFFCD28CB,水交社段,12.58,都市：住,10000,36,持分移轉,00060000
RPOPMLQKIIOFFCD08CB,水交社段,9.73,都市：住,10000,41,持分移轉,00030000
RPOPMLQKIIOFFCD08CB,水交社段,14.33,都市：住,10000,41,持分移轉,00060000
RPRPMLQKIIOFFCD38CB,水交社段,8.55,都市：住,10000,36,持分移轉,00030000
RPRPMLQKIIOFFCD38CB,水交社段,12.58,都市：住,10000,36,持分移轉,00060000
RPQOMLQKIIOFFCD18CB,水交社段,9.73,都市：住,10000,41,持分移轉,00030000
RPQOMLQKIIOFFCD18CB,水交社段,14.33,都市：住,10000,41,持分移轉,00060000
RPVOMLQKIIOFFCD68CB,水交社段,9.73,都市：住,10000,41,持分移轉,00030000
RPVOMLQKIIOFFCD68CB,水交社段,14.33,都市：住,10000,41,持分移轉,00060000
RPPPMLQKIIOFFCD18CB,水交社段,7.84,都市：住,10000,33,持分移轉,00030000
RPPPMLQKIIOFFCD18CB,水交社段,11.54,都市：住,10000,33,持分移轉,00060000
RPOOMLQKIIOFFCD97CB,水交社段,11.87,都市：住,10000,50,持分移轉,00030000
RPOOMLQKIIOFFCD97CB,水交社段,17.48,都市：住,10000,50,持分移轉,00060000
RPWOMLQKIIOFFCD78CB,水交社段,9.73,都市：住,10000,41,持分移轉,00030000
RPWOMLQKIIOFFCD78CB,水交社段,14.33,都市：住,10000,41,持分移轉,00060000
RPROMLQKIIOFFCD28CB,水交社段,9.73,都市：住,10000,41,持分移轉,00030000
RPROMLQKIIOFFCD28CB,水交社段,14.33,都市：住,10000,41,持分移轉,00060000
RPWPMLQKIIOFFCD88CB,水交社段,8.55,都市：住,10000,36,持分移轉,00030000
RPWPMLQKIIOFFCD88CB,水交社段,12.58,都市：住,10000,36,持分移轉,00060000
RPTPMLQKIIOFFCD58CB,水交社段,8.55,都市：住,10000,36,持分移轉,00030000
RPTPMLQKIIOFFCD58CB,水交社段,12.58,都市：住,10000,36,持分移轉,00060000
RPVPMLQKIIOFFCD78CB,水交社段,8.55,都市：住,10000,36,持分移轉,00030000
RPVPMLQKIIOFFCD78CB,水交社段,12.58,都市：住,10000,36,持分移轉,00060000
RPXPMLQKIIOFFCD98CB,水交社段,10.45,都市：住,10000,44,持分移轉,00030000
RPXPMLQKIIOFFCD98CB,水交社段,15.38,都市：住,10000,44,持分移轉,00060000
RPSPMLQKIIOFFCD48CB,水交社段,8.55,都市：住,10000,36,持分移轉,00030000
RPSPMLQKIIOFFCD48CB,水交社段,12.58,都市：住,10000,36,持分移轉,00060000
RPVQMLQKIIOFFCD88CB,水交社段,9.73,都市：住,10000,41,持分移轉,00030000
RPVQMLQKIIOFFCD88CB,水交社段,14.33,都市：住,10000,41,持分移轉,00060000
RPSQMLQKIIOFFCD58CB,水交社段,11.40,都市：住,10000,48,持分移轉,00030000
RPSQMLQKIIOFFCD58CB,水交社段,16.78,都市：住,10000,48,持分移轉,00060000
RPWQMLQKIIOFFCD98CB,水交社段,9.73,都市：住,10000,41,持分移轉,00030000
RPWQMLQKIIOFFCD98CB,水交社段,14.33,都市：住,10000,41,持分移轉,00060000
RPQQMLQKIIOFFCD38CB,水交社段,11.40,都市：住,10000,48,持分移轉,00030000
RPQQMLQKIIOFFCD38CB,水交社段,16.78,都市：住,10000,48,持分移轉,00060000
RPTNMLNLIIOFFCD18CB,水交社段,9.73,都市：住,10000,41,持分移轉,00030000
RPTNMLNLIIOFFCD18CB,水交社段,14.33,都市：住,10000,41,持分移轉,00060000
RPTQMLQKIIOFFCD68CB,水交社段,11.40,都市：住,10000,48,持分移轉,00030000
RPTQMLQKIIOFFCD68CB,水交社段,16.78,都市：住,10000,48,持分移轉,00060000
RPVNMLNLIIOFFCD38CB,水交社段,9.73,都市：住,10000,41,持分移轉,00030000
RPVNMLNLIIOFFCD38CB,水交社段,14.33,都市：住,10000,41,持分移轉,00060000
RPWNMLNLIIOFFCD48CB,水交社段,9.73,都市：住,10000,41,持分移轉,00030000
RPWNMLNLIIOFFCD48CB,水交社段,14.33,都市：住,10000,41,持分移轉,00060000
RPTOMLNLIIOFFCD28CB,水交社段,8.55,都市：住,10000,36,持分移轉,00030000
RPTOMLNLIIOFFCD28CB,水交社段,12.58,都市：住,10000,36,持分移轉,00060000
RPQOMLNLIIOFFCD97CB,水交社段,8.55,都市：住,10000,36,持分移轉,00030000
RPQOMLNLIIOFFCD97CB,水交社段,12.58,都市：住,10000,36,持分移轉,00060000
RPUOMLNLIIOFFCD38CB,水交社段,8.55,都市：住,10000,36,持分移轉,00030000
RPUOMLNLIIOFFCD38CB,水交社段,12.58,都市：住,10000,36,持分移轉,00060000
RPVOMLNLIIOFFCD48CB,水交社段,8.55,都市：住,10000,36,持分移轉,00030000
RPVOMLNLIIOFFCD48CB,水交社段,12.58,都市：住,10000,36,持分移轉,00060000
RPXNMLNLIIOFFCD58CB,水交社段,9.73,都市：住,10000,41,持分移轉,00030000
RPXNMLNLIIOFFCD58CB,水交社段,14.33,都市：住,10000,41,持分移轉,00060000
RPPOMLNLIIOFFCD87CB,水交社段,7.84,都市：住,10000,33,持分移轉,00030000
RPPOMLNLIIOFFCD87CB,水交社段,11.54,都市：住,10000,33,持分移轉,00060000
RPSOMLNLIIOFFCD18CB,水交社段,8.55,都市：住,10000,36,持分移轉,00030000
RPSOMLNLIIOFFCD18CB,水交社段,12.58,都市：住,10000,36,持分移轉,00060000
RPPPMLNLIIOFFCD97CB,水交社段,11.40,都市：住,10000,48,持分移轉,00030000
RPPPMLNLIIOFFCD97CB,水交社段,16.78,都市：住,10000,48,持分移轉,00060000
RPRPMLNLIIOFFCD18CB,水交社段,11.40,都市：住,10000,48,持分移轉,00030000
RPRPMLNLIIOFFCD18CB,水交社段,16.78,都市：住,10000,48,持分移轉,00060000
RPOQMLNLIIOFFCD97CB,水交社段,8.31,都市：住,10000,35,持分移轉,00030000
RPOQMLNLIIOFFCD97CB,水交社段,12.24,都市：住,10000,35,持分移轉,00060000
RPVPMLNLIIOFFCD58CB,水交社段,11.40,都市：住,10000,48,持分移轉,00030000
RPVPMLNLIIOFFCD58CB,水交社段,16.78,都市：住,10000,48,持分移轉,00060000
RPQPMLNLIIOFFCD08CB,水交社段,11.40,都市：住,10000,48,持分移轉,00030000
RPQPMLNLIIOFFCD08CB,水交社段,16.78,都市：住,10000,48,持分移轉,00060000
RPOPMLNLIIOFFCD87CB,水交社段,10.45,都市：住,10000,44,持分移轉,00030000
RPOPMLNLIIOFFCD87CB,水交社段,15.38,都市：住,10000,44,持分移轉,00060000
RPTQMLNLIIOFFCD48CB,水交社段,8.31,都市：住,10000,35,持分移轉,00030000
RPTQMLNLIIOFFCD48CB,水交社段,12.24,都市：住,10000,35,持分移轉,00060000
RPVQMLNLIIOFFCD68CB,水交社段,8.31,都市：住,10000,35,持分移轉,00030000
RPVQMLNLIIOFFCD68CB,水交社段,12.24,都市：住,10000,35,持分移轉,00060000
RPXOMLNLIIOFFCD68CB,水交社段,8.55,都市：住,10000,36,持分移轉,00030000
RPXOMLNLIIOFFCD68CB,水交社段,12.58,都市：住,10000,36,持分移轉,00060000
RPQQMLNLIIOFFCD18CB,水交社段,8.31,都市：住,10000,35,持分移轉,00030000
RPQQMLNLIIOFFCD18CB,水交社段,12.24,都市：住,10000,35,持分移轉,00060000
RPWPMLNLIIOFFCD68CB,水交社段,11.40,都市：住,10000,48,持分移轉,00030000
RPWPMLNLIIOFFCD68CB,水交社段,16.78,都市：住,10000,48,持分移轉,00060000
RPSQMLNLIIOFFCD38CB,水交社段,8.31,都市：住,10000,35,持分移轉,00030000
RPSQMLNLIIOFFCD38CB,水交社段,12.24,都市：住,10000,35,持分移轉,00060000
RPXQMLNLIIOFFCD88CB,水交社段,11.63,都市：住,10000,49,持分移轉,00030000
RPXQMLNLIIOFFCD88CB,水交社段,17.13,都市：住,10000,49,持分移轉,00060000
RPPOMLKMIIOFFCD67CB,水交社段,11.63,都市：住,10000,49,持分移轉,00030000
RPPOMLKMIIOFFCD67CB,水交社段,17.13,都市：住,10000,49,持分移轉,00060000
RPSOMLKMIIOFFCD97CB,水交社段,11.63,都市：住,10000,49,持分移轉,00030000
RPSOMLKMIIOFFCD97CB,水交社段,17.13,都市：住,10000,49,持分移轉,00060000
RPQOMLKMIIOFFCD77CB,水交社段,12.11,都市：住,10000,51,持分移轉,00030000
RPQOMLKMIIOFFCD77CB,水交社段,17.83,都市：住,10000,51,持分移轉,00060000
RPWQMLNLIIOFFCD78CB,水交社段,8.31,都市：住,10000,35,持分移轉,00030000
RPWQMLNLIIOFFCD78CB,水交社段,12.24,都市：住,10000,35,持分移轉,00060000
RPTOMLKMIIOFFCD08CB,水交社段,8.31,都市：住,10000,35,持分移轉,00030000
RPTOMLKMIIOFFCD08CB,水交社段,12.24,都市：住,10000,35,持分移轉,00060000
RPXNMLKMIIOFFCD38CB,水交社段,11.63,都市：住,10000,49,持分移轉,00030000
RPXNMLKMIIOFFCD38CB,水交社段,17.13,都市：住,10000,49,持分移轉,00060000
RPOOMLKMIIOFFCD57CB,水交社段,11.63,都市：住,10000,49,持分移轉,00030000
RPOOMLKMIIOFFCD57CB,水交社段,17.13,都市：住,10000,49,持分移轉,00060000
RPUOMLKMIIOFFCD18CB,水交社段,8.31,都市：住,10000,35,持分移轉,00030000
RPUOMLKMIIOFFCD18CB,水交社段,12.24,都市：住,10000,35,持分移轉,00060000
RPUPMLKMIIOFFCD28CB,水交社段,11.63,都市：住,10000,49,持分移轉,00030000
RPUPMLKMIIOFFCD28CB,水交社段,17.13,都市：住,10000,49,持分移轉,00060000
RPWPMLKMIIOFFCD48CB,水交社段,11.63,都市：住,10000,49,持分移轉,00030000
RPWPMLKMIIOFFCD48CB,水交社段,17.13,都市：住,10000,49,持分移轉,00060000
RPVOMLKMIIOFFCD28CB,水交社段,8.31,都市：住,10000,35,持分移轉,00030000
RPVOMLKMIIOFFCD28CB,水交社段,12.24,都市：住,10000,35,持分移轉,00060000
RPOPMLKMIIOFFCD67CB,水交社段,8.31,都市：住,10000,35,持分移轉,00030000
RPOPMLKMIIOFFCD67CB,水交社段,12.24,都市：住,10000,35,持分移轉,00060000
RPWOMLKMIIOFFCD38CB,水交社段,8.31,都市：住,10000,35,持分移轉,00030000
RPWOMLKMIIOFFCD38CB,水交社段,12.24,都市：住,10000,35,持分移轉,00060000
RPRQMLQKIIOFFCD48CB,水交社段,11.40,都市：住,10000,48,持分移轉,00030000
RPRQMLQKIIOFFCD48CB,水交社段,16.78,都市：住,10000,48,持分移轉,00060000
RPPQMLQKIIOFFCD28CB,水交社段,11.40,都市：住,10000,48,持分移轉,00030000
RPPQMLQKIIOFFCD28CB,水交社段,16.78,都市：住,10000,48,持分移轉,00060000
RPXOMLKMIIOFFCD48CB,水交社段,8.31,都市：住,10000,35,持分移轉,00030000
RPXOMLKMIIOFFCD48CB,水交社段,12.24,都市：住,10000,35,持分移轉,00060000
RPTPMLKMIIOFFCD18CB,水交社段,11.63,都市：住,10000,49,持分移轉,00030000
RPTPMLKMIIOFFCD18CB,水交社段,17.13,都市：住,10000,49,持分移轉,00060000
RPRPMLLMIIOFFCD08CB,水交社段,7.84,都市：住,10000,33,持分移轉,00030000
RPRPMLLMIIOFFCD08CB,水交社段,11.54,都市：住,10000,33,持分移轉,00060000
RPTQMLKMIIOFFCD28CB,水交社段,9.73,都市：住,10000,41,持分移轉,00030000
RPTQMLKMIIOFFCD28CB,水交社段,14.33,都市：住,10000,41,持分移轉,00060000
RPOPMLLMIIOFFCD77CB,水交社段,9.73,都市：住,10000,41,持分移轉,00030000
RPOPMLLMIIOFFCD77CB,水交社段,14.33,都市：住,10000,41,持分移轉,00060000
RPQQMLKMIIOFFCD97CB,水交社段,12.11,都市：住,10000,51,持分移轉,00030000
RPQQMLKMIIOFFCD97CB,水交社段,17.83,都市：住,10000,51,持分移轉,00060000
RPSQMLKMIIOFFCD18CB,水交社段,10.21,都市：住,10000,43,持分移轉,00030000
RPSQMLKMIIOFFCD18CB,水交社段,15.03,都市：住,10000,43,持分移轉,00060000
RPOQMLKMIIOFFCD77CB,水交社段,11.63,都市：住,10000,49,持分移轉,00030000
RPOQMLKMIIOFFCD77CB,水交社段,17.13,都市：住,10000,49,持分移轉,00060000
RPUOMLLMIIOFFCD28CB,水交社段,9.73,都市：住,10000,41,持分移轉,00030000
RPUOMLLMIIOFFCD28CB,水交社段,14.33,都市：住,10000,41,持分移轉,00060000
RPTPMLLMIIOFFCD28CB,水交社段,8.55,都市：住,10000,36,持分移轉,00030000
RPTPMLLMIIOFFCD28CB,水交社段,12.58,都市：住,10000,36,持分移轉,00060000
RPQPMLLMIIOFFCD97CB,水交社段,9.73,都市：住,10000,41,持分移轉,00030000
RPQPMLLMIIOFFCD97CB,水交社段,14.33,都市：住,10000,41,持分移轉,00060000
RPVPMLLMIIOFFCD48CB,水交社段,8.55,都市：住,10000,36,持分移轉,00030000
RPVPMLLMIIOFFCD48CB,水交社段,12.58,都市：住,10000,36,持分移轉,00060000
RPSPMLLJJIOFFCD97CB,水交社段,8.55,都市：住,10000,36,持分移轉,00030000
RPSPMLLJJIOFFCD97CB,水交社段,12.58,都市：住,10000,36,持分移轉,00060000
RPUPMLLJJIOFFCD18CB,水交社段,8.55,都市：住,10000,36,持分移轉,00030000
RPUPMLLJJIOFFCD18CB,水交社段,12.58,都市：住,10000,36,持分移轉,00060000
RPTPMLLJJIOFFCD08CB,水交社段,8.55,都市：住,10000,36,持分移轉,00030000
RPTPMLLJJIOFFCD08CB,水交社段,12.58,都市：住,10000,36,持分移轉,00060000
RPXPMLLJJIOFFCD48CB,水交社段,11.40,都市：住,10000,48,持分移轉,00030000
RPXPMLLJJIOFFCD48CB,水交社段,16.78,都市：住,10000,48,持分移轉,00060000
RPOQMLLJJIOFFCD67CB,水交社段,11.40,都市：住,10000,48,持分移轉,00030000
RPOQMLLJJIOFFCD67CB,水交社段,16.78,都市：住,10000,48,持分移轉,00060000
RPVPMLLJJIOFFCD28CB,水交社段,8.55,都市：住,10000,36,持分移轉,00030000
RPVPMLLJJIOFFCD28CB,水交社段,12.58,都市：住,10000,36,持分移轉,00060000
RPQQMLLJJIOFFCD87CB,水交社段,11.40,都市：住,10000,48,持分移轉,00030000
RPQQMLLJJIOFFCD87CB,水交社段,16.78,都市：住,10000,48,持分移轉,00060000
RPRPMLLJJIOFFCD87CB,水交社段,9.73,都市：住,10000,41,持分移轉,00030000
RPRPMLLJJIOFFCD87CB,水交社段,14.33,都市：住,10000,41,持分移轉,00060000
RPRQMLLJJIOFFCD97CB,水交社段,11.40,都市：住,10000,48,持分移轉,00030000
RPRQMLLJJIOFFCD97CB,水交社段,16.78,都市：住,10000,48,持分移轉,00060000
RPSQMLLJJIOFFCD08CB,水交社段,9.73,都市：住,10000,41,持分移轉,00030000
RPSQMLLJJIOFFCD08CB,水交社段,14.33,都市：住,10000,41,持分移轉,00060000
RPORMLLJJIOFFCD77CB,水交社段,7.84,都市：住,10000,33,持分移轉,00030000
RPORMLLJJIOFFCD77CB,水交社段,11.54,都市：住,10000,33,持分移轉,00060000
RPVQMLLJJIOFFCD38CB,水交社段,9.73,都市：住,10000,41,持分移轉,00030000
RPVQMLLJJIOFFCD38CB,水交社段,14.33,都市：住,10000,41,持分移轉,00060000
RPXQMLLJJIOFFCD58CB,水交社段,9.73,都市：住,10000,41,持分移轉,00030000
RPXQMLLJJIOFFCD58CB,水交社段,14.33,都市：住,10000,41,持分移轉,00060000
RPWQMLLJJIOFFCD48CB,水交社段,9.73,都市：住,10000,41,持分移轉,00030000
RPWQMLLJJIOFFCD48CB,水交社段,14.33,都市：住,10000,41,持分移轉,00060000
RPUQMLLJJIOFFCD28CB,水交社段,9.73,都市：住,10000,41,持分移轉,00030000
RPUQMLLJJIOFFCD28CB,水交社段,14.33,都市：住,10000,41,持分移轉,00060000
RPTQMLLJJIOFFCD18CB,水交社段,9.73,都市：住,10000,41,持分移轉,00030000
RPTQMLLJJIOFFCD18CB,水交社段,14.33,都市：住,10000,41,持分移轉,00060000
RPPRMLLJJIOFFCD87CB,水交社段,8.55,都市：住,10000,36,持分移轉,00030000
RPPRMLLJJIOFFCD87CB,水交社段,12.58,都市：住,10000,36,持分移轉,00060000
RPQRMLLJJIOFFCD97CB,水交社段,8.55,都市：住,10000,36,持分移轉,00030000
RPQRMLLJJIOFFCD97CB,水交社段,12.58,都市：住,10000,36,持分移轉,00060000
RPSRMLLJJIOFFCD18CB,水交社段,8.55,都市：住,10000,36,持分移轉,00030000
RPSRMLLJJIOFFCD18CB,水交社段,12.58,都市：住,10000,36,持分移轉,00060000
RPSOMLOJJIOFFCD18CB,水交社段,25.45,都市：住,10000,50,持分移轉,00210036
RPROMLOJJIOFFCD08CB,水交社段,25.45,都市：住,10000,50,持分移轉,00210036
RPTOMLOJJIOFFCD28CB,水交社段,24.94,都市：住,10000,49,持分移轉,00210036
RPXOMLOJJIOFFCD68CB,水交社段,25.45,都市：住,10000,50,持分移轉,00210036
RPWPMLLJJIOFFCD38CB,水交社段,10.45,都市：住,10000,44,持分移轉,00030000
RPWPMLLJJIOFFCD38CB,水交社段,15.38,都市：住,10000,44,持分移轉,00060000
RPPQMLLJJIOFFCD77CB,水交社段,11.40,都市：住,10000,48,持分移轉,00030000
RPPQMLLJJIOFFCD77CB,水交社段,16.78,都市：住,10000,48,持分移轉,00060000
RPUOMLOJJIOFFCD38CB,水交社段,24.94,都市：住,10000,49,持分移轉,00210036
RPVOMLOJJIOFFCD48CB,水交社段,24.94,都市：住,10000,49,持分移轉,00210036
RPRPMLOJJIOFFCD18CB,水交社段,25.45,都市：住,10000,50,持分移轉,00210036
RPOPMLOJJIOFFCD87CB,水交社段,25.45,都市：住,10000,50,持分移轉,00210036
RPUPMLOJJIOFFCD48CB,水交社段,25.95,都市：住,10000,51,持分移轉,00210036
RPVPMLOJJIOFFCD58CB,水交社段,25.95,都市：住,10000,51,持分移轉,00210036
RPSPMLOJJIOFFCD28CB,水交社段,25.45,都市：住,10000,50,持分移轉,00210036
RPPPMLOJJIOFFCD97CB,水交社段,25.45,都市：住,10000,50,持分移轉,00210036
RPTPMLOJJIOFFCD38CB,水交社段,25.95,都市：住,10000,51,持分移轉,00210036
RPSWMLQJJIOFFCD56CB,水交社段,10.45,都市：住,10000,44,持分移轉,00030000
RPSWMLQJJIOFFCD56CB,水交社段,15.38,都市：住,10000,44,持分移轉,00060000
RPQWMLQJJIOFFCD98CB,水交社段,8.55,都市：住,10000,36,持分移轉,00030000
RPQWMLQJJIOFFCD98CB,水交社段,12.58,都市：住,10000,36,持分移轉,00060000
RPXPMLOJJIOFFCD78CB,水交社段,25.95,都市：住,10000,51,持分移轉,00210036
RPXOMLRJJIOFFCD98CB,水交社段,11.40,都市：住,10000,48,持分移轉,00030000
RPXOMLRJJIOFFCD98CB,水交社段,16.78,都市：住,10000,48,持分移轉,00060000
RPOPMLRJJIOFFCD18CB,水交社段,11.40,都市：住,10000,48,持分移轉,00030000
RPOPMLRJJIOFFCD18CB,水交社段,16.78,都市：住,10000,48,持分移轉,00060000
RPTWMLQJJIOFFCD66CB,水交社段,11.40,都市：住,10000,48,持分移轉,00030000
RPTWMLQJJIOFFCD66CB,水交社段,16.78,都市：住,10000,48,持分移轉,00060000
RPWVMLQJJIOFFCD86CB,水交社段,8.55,都市：住,10000,36,持分移轉,00030000
RPWVMLQJJIOFFCD86CB,水交社段,12.58,都市：住,10000,36,持分移轉,00060000
RPWPMLOJJIOFFCD68CB,水交社段,25.95,都市：住,10000,51,持分移轉,00210036
RPQPMLRJJIOFFCD38CB,水交社段,11.40,都市：住,10000,48,持分移轉,00030000
RPQPMLRJJIOFFCD38CB,水交社段,16.78,都市：住,10000,48,持分移轉,00060000
RPUPMLRJJIOFFCD78CB,水交社段,8.31,都市：住,10000,35,持分移轉,00030000
RPUPMLRJJIOFFCD78CB,水交社段,12.24,都市：住,10000,35,持分移轉,00060000
RPTPMLRJJIOFFCD68CB,水交社段,8.31,都市：住,10000,35,持分移轉,00030000
RPTPMLRJJIOFFCD68CB,水交社段,12.24,都市：住,10000,35,持分移轉,00060000
RPPPMLRJJIOFFCD28CB,水交社段,11.40,都市：住,10000,48,持分移轉,00030000
RPPPMLRJJIOFFCD28CB,水交社段,16.78,都市：住,10000,48,持分移轉,00060000
RPSPMLRJJIOFFCD58CB,水交社段,8.31,都市：住,10000,35,持分移轉,00030000
RPSPMLRJJIOFFCD58CB,水交社段,12.24,都市：住,10000,35,持分移轉,00060000
RPVPMLRJJIOFFCD88CB,水交社段,8.31,都市：住,10000,35,持分移轉,00030000
RPVPMLRJJIOFFCD88CB,水交社段,12.24,都市：住,10000,35,持分移轉,00060000
RPXVMLQJJIOFFCD96CB,水交社段,8.55,都市：住,10000,36,持分移轉,00030000
RPXVMLQJJIOFFCD96CB,水交社段,12.58,都市：住,10000,36,持分移轉,00060000
RPOQMLOJJIOFFCD97CB,水交社段,25.95,都市：住,10000,51,持分移轉,00210036
