﻿鄉鎮市區,交易標的,土地位置建物門牌,土地移轉總面積平方公尺,都市土地使用分區,非都市土地使用分區,非都市土地使用編定,交易年月日,交易筆棟數,移轉層次,總樓層數,建物型態,主要用途,主要建材,建築完成年月,建物移轉總面積平方公尺,建物現況格局-房,建物現況格局-廳,建物現況格局-衛,建物現況格局-隔間,有無管理組織,總價元,單價元平方公尺,車位類別,車位移轉總面積平方公尺,車位總價元,備註,編號
The villages and towns urban district,transaction sign,land sector position building sector house number plate,land shifting total area square meter,the use zoning or compiles and checks,the non-metropolis land use district,non-metropolis land use,transaction year month and day,transaction pen number,shifting level,total floor number,building state,main use,main building materials,construction to complete the years,building shifting total area,Building present situation pattern - room,building present situation pattern - hall,building present situation pattern - health,building present situation pattern - compartmented,Whether there is manages the organization,total price NTD,the unit price (NTD / square meter),the berth category,berth shifting total area square meter,the berth total price NTD,the note,serial number
南區,房地(土地+建物)+車位,臺南市南區水交社路20巷11號Aa12F,27.0,住,,,1070509,土地1建物1車位2,二層,7,華廈(10層含以下有電梯),住家用,鋼筋混凝土造,,193.11,3,1,2,有,無,8100000,43344,坡道平面,69.68,2750000,,RPVNMLTLQHOFFCD07CB
南區,房地(土地+建物)+車位,臺南市南區水交社路20巷11號Aa1-3F,25.83,住,,,1070606,土地1建物1車位1,三層,7,華廈(10層含以下有電梯),住家用,鋼筋混凝土造,,158.77,3,1,2,有,無,7260000,47515,坡道平面,35.44,1400000,,RPWNMLTLQHOFFCD17CB
南區,房地(土地+建物)+車位,臺南市南區水交社路20巷11號Aa1-4F,25.83,住,,,1070221,土地1建物1車位1,四層,7,華廈(10層含以下有電梯),住家用,鋼筋混凝土造,,157.67,3,1,2,有,無,7140000,48569,坡道平面,34.34,1150000,,RPXNMLTLQHOFFCD27CB
南區,房地(土地+建物)+車位,臺南市南區水交社路20巷11號Aa1-5F,25.83,住,,,1070709,土地1建物1車位1,五層,7,華廈(10層含以下有電梯),住家用,鋼筋混凝土造,,158.77,3,1,2,有,無,7600000,50272,坡道平面,35.44,1400000,,RPOOMLTLQHOFFCD09CB
南區,房地(土地+建物)+車位,臺南市南區水交社路20巷11號Aa1-6F,25.83,住,,,1080413,土地1建物1車位1,六層,7,華廈(10層含以下有電梯),住家用,鋼筋混凝土造,,158.77,3,1,2,有,無,7800000,51893,坡道平面,35.44,1400000,,RPPOMLTLQHOFFCD56CB
南區,房地(土地+建物)+車位,臺南市南區水交社路20巷11號Aa1-7F,25.83,住,,,1070316,土地1建物1車位1,七層,7,華廈(10層含以下有電梯),住家用,鋼筋混凝土造,,158.77,3,1,2,有,無,7430000,50515,坡道平面,35.44,1200000,,RPSOMLTLQHOFFCD86CB
南區,房地(土地+建物)+車位,臺南市南區水交社路20巷11號Aa2-2F,29.35,住,,,1070402,土地1建物1車位2,二層,7,華廈(10層含以下有電梯),住家用,鋼筋混凝土造,,203.08,3,1,2,有,無,8300000,44629,坡道平面,70.88,2400000,,RPTOMLTLQHOFFCD96CB
南區,房地(土地+建物)+車位,臺南市南區水交社路20巷11號Aa2-3F,28.18,住,,,1070130,土地1建物1車位1,三層,7,華廈(10層含以下有電梯),住家用,鋼筋混凝土造,,167.64,3,1,2,有,無,7390000,46823,坡道平面,35.44,1200000,,RPUOMLTLQHOFFCD07CB
南區,房地(土地+建物)+車位,臺南市南區水交社路20巷11號Aa2-4F,29.35,住,,,1070129,土地1建物1車位2,四層,7,華廈(10層含以下有電梯),住家用,鋼筋混凝土造,,203.08,3,1,2,有,無,8280000,42965,坡道平面,70.88,2600000,,RPVOMLTLQHOFFCD17CB
南區,房地(土地+建物)+車位,臺南市南區水交社路20巷11號Aa2-5F,28.18,住,,,1070302,土地1建物1車位1,五層,7,華廈(10層含以下有電梯),住家用,鋼筋混凝土造,,167.64,3,1,2,有,無,7680000,48260,坡道平面,35.44,1300000,,RPWOMLTLQHOFFCD27CB
南區,房地(土地+建物)+車位,臺南市南區水交社路20巷11號Aa2-6F,28.18,住,,,1070213,土地1建物1車位1,六層,7,華廈(10層含以下有電梯),住家用,鋼筋混凝土造,,167.64,3,1,2,有,無,7600000,48411,坡道平面,35.44,1200000,,RPXOMLTLQHOFFCD37CB
南區,房地(土地+建物)+車位,臺南市南區水交社路20巷11號Aa2-7F,28.18,住,,,1070531,土地1建物1車位1,七層,7,華廈(10層含以下有電梯),住家用,鋼筋混凝土造,,167.64,3,1,2,有,無,7600000,48411,坡道平面,35.44,1200000,,RPOPMLTLQHOFFCD56CB
南區,房地(土地+建物)+車位,臺南市南區水交社路20巷11號Aa32F,27.59,住,,,1080615,土地1建物1車位1,二層,7,華廈(10層含以下有電梯),住家用,鋼筋混凝土造,,164.11,3,1,2,有,無,7120000,46009,坡道平面,35.44,1200000,含家電,RPPPMLTLQHOFFCD66CB
南區,房地(土地+建物)+車位,臺南市南區水交社路20巷11號Aa3-3F,27.0,住,,,1080527,土地1建物1車位1,三層,7,華廈(10層含以下有電梯),住家用,鋼筋混凝土造,,162.56,3,1,2,有,無,7100000,46405,坡道平面,34.34,1150000,,RPQPMLTLQHOFFCD76CB
南區,房地(土地+建物)+車位,臺南市南區水交社路20巷11號Aa3-4F,28.18,住,,,1070129,土地1建物1車位2,四層,7,華廈(10層含以下有電梯),住家用,鋼筋混凝土造,,199.1,3,1,2,有,無,8000000,42115,坡道平面,70.88,2600000,,RPSPMLTLQHOFFCD96CB
南區,房地(土地+建物)+車位,臺南市南區水交社路20巷11號Aa35F,27.0,住,,,1080513,土地1建物1車位1,五層,7,華廈(10層含以下有電梯),住家用,鋼筋混凝土造,,163.66,3,1,2,有,無,7260000,45703,坡道平面,35.44,1400000,含家電,RPTPMLTLQHOFFCD07CB
南區,房地(土地+建物)+車位,臺南市南區水交社路20巷11號Aa36F,27.0,住,,,1080520,土地1建物1車位1,六層,7,華廈(10層含以下有電梯),住家用,鋼筋混凝土造,,162.56,3,1,2,有,無,7140000,45937,坡道平面,34.34,1250000,含家電,RPUPMLTLQHOFFCD17CB
南區,房地(土地+建物)+車位,臺南市南區水交社路20巷11號Aa3-7F,27.0,住,,,1080617,土地1建物1車位1,七層,7,華廈(10層含以下有電梯),住家用,鋼筋混凝土造,,163.66,3,1,2,有,無,7320000,47730,坡道平面,35.44,1200000,,RPVPMLTLQHOFFCD27CB
南區,房地(土地+建物)+車位,臺南市南區水交社路20巷11號Ab1-1F,24.65,住,,,1070727,土地1建物1車位1,一層,7,華廈(10層含以下有電梯),住家用,鋼筋混凝土造,,147.34,3,1,2,有,無,6350000,46023,坡道平面,35.44,1200000,,RPWPMLTLQHOFFCD37CB
南區,房地(土地+建物)+車位,臺南市南區水交社路20巷11號Ab1-2F,25.83,住,,,1070309,土地1建物1車位1,二層,7,華廈(10層含以下有電梯),住家用,鋼筋混凝土造,,157.79,3,1,2,有,無,6550000,42910,坡道平面,35.44,1300000,,RPXPMLTLQHOFFCD47CB
南區,房地(土地+建物)+車位,臺南市南區水交社路20巷11號Ab13F,25.83,住,,,1070417,土地1建物1車位1,三層,7,華廈(10層含以下有電梯),住家用,鋼筋混凝土造,,157.79,3,1,2,有,無,7250000,49448,坡道平面,35.44,1200000,含裝潢,RPPQMLTLQHOFFCD76CB
南區,房地(土地+建物)+車位,臺南市南區水交社路20巷11號Ab1-4F,25.83,住,,,1070326,土地1建物1車位1,四層,7,華廈(10層含以下有電梯),住家用,鋼筋混凝土造,,157.79,3,1,2,有,無,6580000,43155,坡道平面,35.44,1300000,,RPQQMLTLQHOFFCD86CB
南區,房地(土地+建物)+車位,臺南市南區水交社路20巷11號Ab1-5F,25.83,住,,,1070315,土地1建物1車位1,五層,7,華廈(10層含以下有電梯),住家用,鋼筋混凝土造,,157.79,3,1,2,有,無,6800000,44953,坡道平面,35.44,1300000,,RPRQMLTLQHOFFCD96CB
南區,房地(土地+建物)+車位,臺南市南區水交社路20巷11號Ab1-6F,28.18,住,,,1070112,土地1建物1車位3,六層,7,華廈(10層含以下有電梯),住家用,鋼筋混凝土造,,228.67,3,1,2,有,無,8390000,36698,坡道平面,106.32,3900000,,RPSQMLTLQHOFFCD07CB
南區,房地(土地+建物)+車位,臺南市南區水交社路20巷11號Ab1-7F,25.83,住,,,1070412,土地1建物1車位1,七層,7,華廈(10層含以下有電梯),住家用,鋼筋混凝土造,,157.79,3,1,2,有,無,7000000,45770,坡道平面,35.44,1400000,,RPUQMLTLQHOFFCD27CB
南區,房地(土地+建物)+車位,臺南市南區水交社路20巷11號Ab2-2F,28.18,住,,,1080425,土地1建物1車位1,二層,7,華廈(10層含以下有電梯),住家用,鋼筋混凝土造,,166.46,3,1,2,有,無,7250000,46170,坡道平面,34.34,1150000,,RPVQMLTLQHOFFCD37CB
南區,房地(土地+建物)+車位,臺南市南區水交社路20巷11號Ab2-3F,28.18,住,,,1080513,土地1建物1車位1,三層,7,華廈(10層含以下有電梯),住家用,鋼筋混凝土造,,167.56,3,1,2,有,無,7500000,46170,坡道平面,35.44,1400000,,RPWQMLTLQHOFFCD47CB
南區,房地(土地+建物)+車位,臺南市南區水交社路20巷11號Ab2-4F,28.18,住,,,1071105,土地1建物1車位1,四層,7,華廈(10層含以下有電梯),住家用,鋼筋混凝土造,,166.46,3,1,2,有,無,7380000,46397,坡道平面,34.34,1250000,,RPVNMLKMQHOFFCD88CB
南區,房地(土地+建物)+車位,臺南市南區水交社路20巷11號Ab2-5F,28.18,住,,,1071015,土地1建物1車位1,五層,7,華廈(10層含以下有電梯),住家用,鋼筋混凝土造,,167.56,3,1,2,有,無,7580000,47533,坡道平面,35.44,1300000,,RPXNMLKMQHOFFCD09CB
南區,房地(土地+建物)+車位,臺南市南區水交社路20巷11號Ab2-6F,28.18,住,,,1070308,土地1建物1車位1,六層,7,華廈(10層含以下有電梯),住家用,鋼筋混凝土造,,167.56,3,1,2,有,無,7550000,47305,坡道平面,35.44,1300000,,RPOOMLKMQHOFFCD28CB
南區,房地(土地+建物)+車位,臺南市南區水交社路20巷11號Ab2-7F,28.18,住,,,1080515,土地1建物1車位1,七層,7,華廈(10層含以下有電梯),住家用,鋼筋混凝土造,,167.56,3,1,2,有,無,7500000,46170,坡道平面,35.44,1400000,,RPPOMLKMQHOFFCD38CB
南區,房地(土地+建物)+車位,臺南市南區水交社路20巷11號Ab32F,27.59,住,,,1080327,土地1建物1車位1,二層,7,華廈(10層含以下有電梯),住家用,鋼筋混凝土造,,164.13,3,1,2,有,無,7770000,49499,坡道平面,35.44,1400000,含裝潢冷氣,RPQOMLKMQHOFFCD48CB
南區,房地(土地+建物)+車位,臺南市南區水交社路20巷11號Ab3-3F,27.0,住,,,1080507,土地1建物1車位1,三層,7,華廈(10層含以下有電梯),住家用,鋼筋混凝土造,,163.59,3,1,2,有,無,7150000,46430,坡道平面,35.44,1200000,,RPROMLKMQHOFFCD58CB
南區,房地(土地+建物)+車位,臺南市南區西門路一段300巷50號 S011F,31.04,住,,,1070714,土地1建物1車位1,一層,13,住宅大樓(11層含以上有電梯),商業用,鋼筋混凝土造,,146.32,0,0,1,有,無,8600000,63705,坡道平面,31.73,1300000,店鋪,RPWOMLPJRHOFFCD76CB
南區,房地(土地+建物)+車位,臺南市南區西門路一段300巷52號 S021F,26.46,住,,,1070708,土地1建物1車位1,一層,13,住宅大樓(11層含以上有電梯),商業用,鋼筋混凝土造,,128.62,0,0,1,有,無,7470000,63680,坡道平面,31.73,1300000,店鋪,RPXOMLPJRHOFFCD86CB
南區,房地(土地+建物)+車位,臺南市南區西門路一段300巷56號 S031F,31.04,住,,,1070714,土地1建物1車位1,一層,13,住宅大樓(11層含以上有電梯),商業用,鋼筋混凝土造,,145.34,0,0,1,有,無,8550000,63815,坡道平面,31.73,1300000,店鋪,RPOPMLPJRHOFFCD68CB
南區,房地(土地+建物)+車位,臺南市南區西門路一段300巷58號 S051F,22.9,住,,,1080512,土地1建物1車位1,一層,13,住宅大樓(11層含以上有電梯),商業用,鋼筋混凝土造,,115.87,0,0,1,有,無,6700000,64773,坡道平面,31.73,1250000,店鋪,RPPPMLPJRHOFFCD78CB
南區,房地(土地+建物),臺南市南區西門路一段300巷60號 S061F,22.9,住,,,1080601,土地1建物1車位0,一層,13,住宅大樓(11層含以上有電梯),商業用,鋼筋混凝土造,,84.83,0,0,1,有,無,5910000,69669,,0.0,0,店鋪,RPQPMLPJRHOFFCD88CB
南區,房地(土地+建物)+車位,臺南市南區西門路一段300巷62號 S071F,23.41,住,,,1080728,土地1建物1車位1,一層,13,住宅大樓(11層含以上有電梯),商業用,鋼筋混凝土造,,116.03,0,0,1,有,無,7260000,71604,坡道平面,30.7,1150000,店鋪,RPRPMLPJRHOFFCD98CB
南區,房地(土地+建物)+車位,臺南市南區興昌路76巷5號 S081F,29.01,住,,,1080504,土地1建物1車位1,一層,13,住宅大樓(11層含以上有電梯),商業用,鋼筋混凝土造,,138.36,0,0,1,有,無,8050000,63772,坡道平面,31.73,1250000,店鋪,RPSPMLPJRHOFFCD09CB
南區,房地(土地+建物)+車位,臺南市南區興昌路76巷3號 S091F,25.45,住,,,1071027,土地1建物1車位2,一層,13,住宅大樓(11層含以上有電梯),商業用,鋼筋混凝土造,,155.58,0,0,1,有,無,8030000,60030,坡道平面,63.46,2500000,店鋪,RPVOMLTJRHOFFCD07CB
南區,房地(土地+建物)+車位,臺南市南區西門路一段300巷56號4樓之5 A1-04F,34.1,住,,,1080310,土地1建物1車位1,四層,13,住宅大樓(11層含以上有電梯),住家用,鋼筋混凝土造,,160.99,3,2,2,有,無,7300000,46418,坡道平面,31.73,1300000,,RPRPMLTJRHOFFCD76CB
南區,房地(土地+建物)+車位,臺南市南區西門路一段300巷56號3樓之5 A103F,34.1,住,,,1080404,土地1建物1車位1,三層,13,住宅大樓(11層含以上有電梯),住家用,鋼筋混凝土造,,160.99,3,2,2,有,無,8150000,52994,坡道平面,31.73,1300000,售價包含裝潢或家電。；本戶?實品屋,RPSPMLTJRHOFFCD86CB
南區,房地(土地+建物)+車位,臺南市南區西門路一段300巷56號5樓之5 A1-05F,34.1,住,,,1071013,土地1建物1車位1,五層,13,住宅大樓(11層含以上有電梯),住家用,鋼筋混凝土造,,160.99,3,2,2,有,無,7220000,46186,坡道平面,31.73,1250000,,RPTPMLTJRHOFFCD96CB
南區,房地(土地+建物)+車位,臺南市南區西門路一段300巷56號7樓之5 A1-07F,34.1,住,,,1071216,土地1建物1車位1,七層,13,住宅大樓(11層含以上有電梯),住家用,鋼筋混凝土造,,160.99,3,2,2,有,無,7380000,47424,坡道平面,31.73,1250000,,RPVPMLTJRHOFFCD17CB
南區,房地(土地+建物)+車位,臺南市南區西門路一段300巷56號8樓之5 A1-08F,34.1,住,,,1080301,土地1建物1車位1,八層,13,住宅大樓(11層含以上有電梯),住家用,鋼筋混凝土造,,160.99,3,2,2,有,無,7500000,47965,坡道平面,31.73,1300000,,RPWPMLTJRHOFFCD27CB
南區,房地(土地+建物)+車位,臺南市南區興昌路76巷1號 S101F,33.59,住,,,1070902,土地1建物1車位1,一層,13,住宅大樓(11層含以上有電梯),商業用,鋼筋混凝土造,,155.66,0,0,1,有,無,8500000,58097,坡道平面,31.73,1300000,店鋪,RPXPMLTJRHOFFCD37CB
南區,房地(土地+建物)+車位,臺南市南區西門路一段300巷56號2樓之5 A1-02F,34.1,住,,,1071028,土地1建物1車位1,二層,13,住宅大樓(11層含以上有電梯),住家用,鋼筋混凝土造,,160.99,3,2,2,有,無,7280000,46263,坡道平面,31.73,1300000,,RPPQMLTJRHOFFCD66CB
南區,房地(土地+建物)+車位,臺南市南區西門路一段300巷56號6樓之5 A1-06F,34.1,住,,,1070729,土地1建物1車位1,六層,13,住宅大樓(11層含以上有電梯),住家用,鋼筋混凝土造,,160.99,3,2,2,有,無,7220000,46186,坡道平面,31.73,1250000,,RPQQMLTJRHOFFCD76CB
南區,房地(土地+建物)+車位,臺南市南區西門路一段300巷56號10樓之5 A1-10F,34.1,住,,,1071223,土地1建物1車位1,十層,13,住宅大樓(11層含以上有電梯),住家用,鋼筋混凝土造,,160.99,3,2,2,有,無,7500000,48352,坡道平面,31.73,1250000,,RPVQMLTJRHOFFCD27CB
南區,房地(土地+建物)+車位,臺南市南區西門路一段300巷56號11樓之5 A1-11F,34.1,住,,,1071209,土地1建物1車位1,十一層,13,住宅大樓(11層含以上有電梯),住家用,鋼筋混凝土造,,160.99,3,2,2,有,無,7500000,47965,坡道平面,31.73,1300000,,RPWQMLTJRHOFFCD37CB
南區,房地(土地+建物)+車位,臺南市南區西門路一段300巷56號9樓之5 A1-09F,34.1,住,,,1080113,土地1建物1車位1,九層,13,住宅大樓(11層含以上有電梯),住家用,鋼筋混凝土造,,160.99,3,2,2,有,無,7480000,48197,坡道平面,31.73,1250000,,RPXQMLTJRHOFFCD47CB
南區,房地(土地+建物)+車位,臺南市南區西門路一段300巷56號12樓之5 A1-12F,34.1,住,,,1080505,土地1建物1車位1,十二層,13,住宅大樓(11層含以上有電梯),住家用,鋼筋混凝土造,,160.99,3,2,2,有,無,7460000,48043,坡道平面,31.73,1250000,,RPORMLTJRHOFFCD66CB
南區,房地(土地+建物)+車位,臺南市南區西門路一段300巷56號2樓之1 A5-02F,34.1,住,,,1080331,土地1建物1車位1,二層,13,住宅大樓(11層含以上有電梯),住家用,鋼筋混凝土造,,160.97,3,2,2,有,無,7190000,45961,坡道平面,31.73,1250000,,RPPRMLTJRHOFFCD76CB
南區,房地(土地+建物)+車位,臺南市南區西門路一段300巷56號3樓之1 A5-03F,34.1,住,,,1070908,土地1建物1車位1,三層,13,住宅大樓(11層含以上有電梯),住家用,鋼筋混凝土造,,160.97,3,2,2,有,無,7200000,45652,坡道平面,31.73,1300000,,RPQRMLTJRHOFFCD86CB
南區,房地(土地+建物)+車位,臺南市南區西門路一段300巷56號4樓之1 A5-04F,34.1,住,,,1080322,土地1建物1車位1,四層,13,住宅大樓(11層含以上有電梯),住家用,鋼筋混凝土造,,160.97,3,2,2,有,無,7360000,47276,坡道平面,31.73,1250000,,RPRRMLTJRHOFFCD96CB
南區,房地(土地+建物)+車位,臺南市南區西門路一段300巷56號5樓之1 A5-05F,34.1,住,,,1070916,土地1建物1車位1,五層,13,住宅大樓(11層含以上有電梯),住家用,鋼筋混凝土造,,160.97,3,2,2,有,無,7300000,46425,坡道平面,31.73,1300000,,RPSRMLTJRHOFFCD07CB
南區,房地(土地+建物)+車位,臺南市南區西門路一段300巷56號6樓之1 A5-06F,34.1,住,,,1071006,土地1建物1車位1,六層,13,住宅大樓(11層含以上有電梯),住家用,鋼筋混凝土造,,160.97,3,2,2,有,無,7400000,47199,坡道平面,31.73,1300000,,RPTRMLTJRHOFFCD17CB
南區,房地(土地+建物)+車位,臺南市南區西門路一段300巷56號7樓之1 A5-07F,34.1,住,,,1080112,土地1建物1車位1,七層,13,住宅大樓(11層含以上有電梯),住家用,鋼筋混凝土造,,160.97,3,2,2,有,無,7390000,47509,坡道平面,31.73,1250000,,RPURMLTJRHOFFCD27CB
南區,房地(土地+建物)+車位,臺南市南區西門路一段300巷56號8樓之1 A5-08F,34.1,住,,,1080316,土地1建物1車位1,八層,13,住宅大樓(11層含以上有電梯),住家用,鋼筋混凝土造,,160.97,3,2,2,有,無,7580000,48592,坡道平面,31.73,1300000,,RPPNMLKKRHOFFCD18CB
南區,房地(土地+建物)+車位,臺南市南區西門路一段300巷56號9樓之1 A5-09F,34.1,住,,,1080329,土地1建物1車位1,九層,13,住宅大樓(11層含以上有電梯),住家用,鋼筋混凝土造,,160.97,3,2,2,有,無,7650000,49133,坡道平面,31.73,1300000,,RPQNMLKKRHOFFCD28CB
南區,房地(土地+建物)+車位,臺南市南區西門路一段300巷56號10樓之1 A5-10F,34.1,住,,,1080415,土地1建物1車位1,十層,13,住宅大樓(11層含以上有電梯),住家用,鋼筋混凝土造,,160.97,3,2,2,有,無,7700000,49520,坡道平面,31.73,1300000,,RPSNMLMKRHOFFCD68CB
南區,房地(土地+建物)+車位,臺南市南區西門路一段300巷56號2樓之3 A2-02F,42.24,住,,,1080525,土地1建物1車位1,二層,13,住宅大樓(11層含以上有電梯),住家用,鋼筋混凝土造,,192.25,4,2,2,有,無,8580000,45353,坡道平面,31.73,1300000,,RPVNMLMKRHOFFCD98CB
南區,房地(土地+建物)+車位,臺南市南區西門路一段300巷56號11樓之1 A5-11F,34.1,住,,,1080324,土地1建物1車位1,十一層,13,住宅大樓(11層含以上有電梯),住家用,鋼筋混凝土造,,160.97,3,2,2,有,無,7580000,48592,坡道平面,31.73,1300000,,RPWNMLMKRHOFFCD09CB
南區,房地(土地+建物)+車位,臺南市南區西門路一段300巷56號12樓之1 A5-12F,34.1,住,,,1080426,土地1建物1車位1,十二層,13,住宅大樓(11層含以上有電梯),住家用,鋼筋混凝土造,,160.97,3,2,2,有,無,7500000,47973,坡道平面,31.73,1300000,,RPXNMLMKRHOFFCD56CB
南區,房地(土地+建物)+車位,臺南市南區西門路一段300巷56號3樓之3 A2-03F,42.24,住,,,1071201,土地1建物1車位1,三層,13,住宅大樓(11層含以上有電梯),住家用,鋼筋混凝土造,,192.25,4,2,2,有,無,8800000,46723,坡道平面,31.73,1300000,,RPPOMLMKRHOFFCD48CB
南區,房地(土地+建物)+車位,臺南市南區西門路一段300巷56號4樓之3 A2-04F,42.24,住,,,1080414,土地1建物1車位1,四層,13,住宅大樓(11層含以上有電梯),住家用,鋼筋混凝土造,,192.25,4,2,2,有,無,8780000,46599,坡道平面,31.73,1300000,,RPQOMLMKRHOFFCD58CB
南區,房地(土地+建物)+車位,臺南市南區西門路一段300巷56號5樓之3 A2-05F,42.75,住,,,1080413,土地1建物1車位2,五層,13,住宅大樓(11層含以上有電梯),住家用,鋼筋混凝土造,,223.98,4,2,2,有,無,10300000,47969,坡道平面,63.46,2600000,,RPROMLMKRHOFFCD68CB
南區,房地(土地+建物)+車位,臺南市南區西門路一段300巷56號6樓之3 A2-06F,42.24,住,,,1080420,土地1建物1車位1,六層,13,住宅大樓(11層含以上有電梯),住家用,鋼筋混凝土造,,192.25,4,2,2,有,無,9160000,49277,坡道平面,31.73,1250000,,RPTOMLMKRHOFFCD88CB
南區,房地(土地+建物)+車位,臺南市南區西門路一段300巷56號7樓之3 A2-07F,42.75,住,,,1080126,土地1建物1車位2,七層,13,住宅大樓(11層含以上有電梯),住家用,鋼筋混凝土造,,223.98,4,2,2,有,無,10050000,47035,坡道平面,63.46,2500000,,RPVOMLMKRHOFFCD09CB
南區,房地(土地+建物)+車位,臺南市南區西門路一段300巷56號8樓之3 A2-08F,42.24,住,,,1071202,土地1建物1車位1,八層,13,住宅大樓(11層含以上有電梯),住家用,鋼筋混凝土造,,192.25,4,2,2,有,無,9500000,51084,坡道平面,31.73,1300000,,RPWOMLMKRHOFFCD56CB
南區,房地(土地+建物)+車位,臺南市南區西門路一段300巷56號9樓之3 A2-09F,42.75,住,,,1070825,土地1建物1車位2,九層,13,住宅大樓(11層含以上有電梯),住家用,鋼筋混凝土造,,223.98,4,2,2,有,無,10180000,47845,坡道平面,63.46,2500000,,RPXOMLMKRHOFFCD66CB
南區,房地(土地+建物)+車位,臺南市南區西門路一段300巷56號10樓之3 A2-10F,42.75,住,,,1071206,土地1建物1車位2,十層,13,住宅大樓(11層含以上有電梯),住家用,鋼筋混凝土造,,223.98,4,2,2,有,無,10380000,49090,坡道平面,63.46,2500000,,RPOPMLMKRHOFFCD48CB
南區,房地(土地+建物)+車位,臺南市南區西門路一段300巷56號11樓之3 A2-11F,42.24,住,,,1080330,土地1建物1車位1,十一層,13,住宅大樓(11層含以上有電梯),住家用,鋼筋混凝土造,,192.25,4,2,2,有,無,9500000,51084,坡道平面,31.73,1300000,,RPPPMLMKRHOFFCD58CB
南區,房地(土地+建物)+車位,臺南市南區西門路一段300巷56號12樓之3 A2-12F,42.75,住,,,1070722,土地1建物1車位2,十二層,13,住宅大樓(11層含以上有電梯),住家用,鋼筋混凝土造,,223.98,4,2,2,有,無,10200000,47969,坡道平面,63.46,2500000,,RPQPMLMKRHOFFCD68CB
南區,房地(土地+建物)+車位,臺南市南區西門路一段300巷56號13樓之2 A2-13F,44.28,住,,,1070929,土地1建物1車位1,十三層,13,住宅大樓(11層含以上有電梯),住家用,鋼筋混凝土造,,199.55,4,2,2,有,無,10800000,56608,坡道平面,31.73,1300000,,RPRPMLMKRHOFFCD78CB
南區,房地(土地+建物)+車位,臺南市南區西門路一段300巷56號2樓之2 A3-02F,42.24,住,,,1080525,土地1建物1車位1,二層,13,住宅大樓(11層含以上有電梯),住家用,鋼筋混凝土造,,192.25,4,2,2,有,無,8580000,45664,坡道平面,31.73,1250000,,RPSPMLMKRHOFFCD88CB
南區,房地(土地+建物)+車位,臺南市南區西門路一段300巷56號3樓之2 A303F,42.24,住,,,1080427,土地1建物1車位1,三層,13,住宅大樓(11層含以上有電梯),住家用,鋼筋混凝土造,,192.25,4,2,2,有,無,9650000,52330,坡道平面,31.73,1250000,售價包含裝潢或家電。；本戶為實品屋,RPVPMLMKRHOFFCD56CB
南區,房地(土地+建物)+車位,臺南市南區西門路一段300巷56號4樓之2 A3-04F,42.24,住,,,1080504,土地1建物1車位1,四層,13,住宅大樓(11層含以上有電梯),住家用,鋼筋混凝土造,,191.22,4,2,2,有,無,8700000,46723,坡道平面,30.7,1200000,,RPWPMLMKRHOFFCD66CB
南區,房地(土地+建物)+車位,臺南市南區西門路一段300巷56號5樓之2 A3-05F,42.24,住,,,1080309,土地1建物1車位1,五層,13,住宅大樓(11層含以上有電梯),住家用,鋼筋混凝土造,,192.25,4,2,2,有,無,9000000,48281,坡道平面,31.73,1250000,,RPXPMLMKRHOFFCD76CB
南區,房地(土地+建物)+車位,臺南市南區西門路一段300巷56號6樓之2 A3-06F,42.24,住,,,1080425,土地1建物1車位1,六層,13,住宅大樓(11層含以上有電梯),住家用,鋼筋混凝土造,,192.25,4,2,2,有,無,9130000,49090,坡道平面,31.73,1250000,,RPOQMLMKRHOFFCD58CB
南區,房地(土地+建物)+車位,臺南市南區西門路一段300巷56號7樓之2 A3-07F,42.24,住,,,1080420,土地1建物1車位1,七層,13,住宅大樓(11層含以上有電梯),住家用,鋼筋混凝土造,,192.25,4,2,2,有,無,9500000,51084,坡道平面,31.73,1300000,,RPQQMLMKRHOFFCD78CB
南區,房地(土地+建物)+車位,臺南市南區西門路一段300巷56號8樓之2 A3-08F,42.24,住,,,1080317,土地1建物1車位1,八層,13,住宅大樓(11層含以上有電梯),住家用,鋼筋混凝土造,,192.25,4,2,2,有,無,9480000,50959,坡道平面,31.73,1300000,,RPRQMLMKRHOFFCD88CB
南區,房地(土地+建物)+車位,臺南市南區西門路一段300巷56號9樓之2 A3-09F,42.24,住,,,1071215,土地1建物1車位1,九層,13,住宅大樓(11層含以上有電梯),住家用,鋼筋混凝土造,,192.25,4,2,2,有,無,9350000,50461,坡道平面,31.73,1250000,,RPSQMLMKRHOFFCD98CB
南區,房地(土地+建物)+車位,臺南市南區西門路一段300巷56號10樓之2 A3-10F,42.24,住,,,1080406,土地1建物1車位1,十層,13,住宅大樓(11層含以上有電梯),住家用,鋼筋混凝土造,,192.25,4,2,2,有,無,9500000,51084,坡道平面,31.73,1300000,,RPTQMLMKRHOFFCD09CB
南區,房地(土地+建物)+車位,臺南市南區西門路一段300巷56號11樓之2 A3-11F,42.75,住,,,1080224,土地1建物1車位2,十一層,13,住宅大樓(11層含以上有電梯),住家用,鋼筋混凝土造,,223.98,4,2,2,有,無,10160000,47720,坡道平面,63.46,2500000,,RPUQMLMKRHOFFCD56CB
南區,房地(土地+建物)+車位,臺南市南區西門路一段300巷56號12樓之2 A3-12F,42.24,住,,,1071117,土地1建物1車位1,十二層,13,住宅大樓(11層含以上有電梯),住家用,鋼筋混凝土造,,192.25,4,2,2,有,無,9470000,50897,坡道平面,31.73,1300000,,RPVQMLMKRHOFFCD66CB
南區,房地(土地+建物)+車位,臺南市南區西門路一段300巷56號13樓之1 A3-13F,44.28,住,,,1071110,土地1建物1車位1,十三層,13,住宅大樓(11層含以上有電梯),住家用,鋼筋混凝土造,,199.55,4,2,2,有,無,10800000,56608,坡道平面,31.73,1300000,,RPWQMLMKRHOFFCD76CB
南區,房地(土地+建物)+車位,臺南市南區西門路一段300巷58號4樓之1 B1-04F,34.1,住,,,1070708,土地1建物1車位1,四層,13,住宅大樓(11層含以上有電梯),住家用,鋼筋混凝土造,,161.54,3,2,2,有,無,7150000,45451,坡道平面,31.73,1250000,,RPWPMLRKRHOFFCD17CB
南區,房地(土地+建物)+車位,臺南市南區西門路一段300巷58號3樓之1 B103F,34.1,住,,,1080619,土地1建物1車位1,三層,13,住宅大樓(11層含以上有電梯),住家用,鋼筋混凝土造,,161.54,3,2,2,有,無,8100000,52769,坡道平面,31.73,1250000,售價包含裝潢或家電。；本戶為實品屋,RPXPMLRKRHOFFCD27CB
南區,房地(土地+建物)+車位,臺南市南區西門路一段300巷58號2樓之1 B1-02F,34.1,住,,,1080518,土地1建物1車位1,二層,13,住宅大樓(11層含以上有電梯),住家用,鋼筋混凝土造,,160.51,3,2,2,有,無,7080000,45297,坡道平面,30.7,1200000,,RPOQMLRKRHOFFCD09CB
南區,房地(土地+建物)+車位,臺南市南區西門路一段300巷58號5樓之1 B1-05F,34.1,住,,,1070721,土地1建物1車位1,五層,13,住宅大樓(11層含以上有電梯),住家用,鋼筋混凝土造,,161.54,3,2,2,有,無,7430000,47608,坡道平面,31.73,1250000,,RPPQMLRKRHOFFCD56CB
南區,房地(土地+建物)+車位,臺南市南區西門路一段300巷58號6樓之1 B1-06F,34.1,住,,,1070721,土地1建物1車位1,六層,13,住宅大樓(11層含以上有電梯),住家用,鋼筋混凝土造,,161.54,3,2,2,有,無,7550000,48532,坡道平面,31.73,1250000,,RPQQMLRKRHOFFCD66CB
南區,房地(土地+建物)+車位,臺南市南區西門路一段300巷58號7樓之1 B1-07F,34.1,住,,,1070717,土地1建物1車位1,七層,13,住宅大樓(11層含以上有電梯),住家用,鋼筋混凝土造,,161.54,3,2,2,有,無,7550000,48532,坡道平面,31.73,1250000,,RPRQMLRKRHOFFCD76CB
南區,房地(土地+建物)+車位,臺南市南區西門路一段300巷58號8樓之1 B1-08F,34.1,住,,,1070811,土地1建物1車位1,八層,13,住宅大樓(11層含以上有電梯),住家用,鋼筋混凝土造,,161.54,3,2,2,有,無,7650000,49303,坡道平面,31.73,1250000,,RPSQMLRKRHOFFCD86CB
南區,房地(土地+建物)+車位,臺南市南區西門路一段300巷58號9樓之1 B1-09F,34.1,住,,,1070805,土地1建物1車位1,九層,13,住宅大樓(11層含以上有電梯),住家用,鋼筋混凝土造,,161.54,3,2,2,有,無,7900000,50844,坡道平面,31.73,1300000,,RPTQMLRKRHOFFCD96CB
南區,房地(土地+建物)+車位,臺南市南區西門路一段300巷58號10樓之1 B1-10F,34.1,住,,,1070811,土地1建物1車位1,十層,13,住宅大樓(11層含以上有電梯),住家用,鋼筋混凝土造,,161.54,3,2,2,有,無,7910000,51306,坡道平面,31.73,1250000,,RPUQMLRKRHOFFCD07CB
南區,房地(土地+建物)+車位,臺南市南區西門路一段300巷58號11樓之1 B1-11F,34.1,住,,,1071125,土地1建物1車位1,十一層,13,住宅大樓(11層含以上有電梯),住家用,鋼筋混凝土造,,161.54,3,2,2,有,無,7800000,50458,坡道平面,31.73,1250000,,RPSOMLSKRHOFFCD76CB
南區,房地(土地+建物)+車位,臺南市南區西門路一段300巷58號12樓之1 B1-12F,34.1,住,,,1071014,土地1建物1車位1,十二層,13,住宅大樓(11層含以上有電梯),住家用,鋼筋混凝土造,,161.54,3,2,2,有,無,7850000,50844,坡道平面,31.73,1250000,,RPTOMLSKRHOFFCD86CB
南區,房地(土地+建物)+車位,臺南市南區水交社路20巷11號Ab3-4F,27.0,住,,,1080304,土地1建物1車位1,四層,7,華廈(10層含以下有電梯),住家用,鋼筋混凝土造,,163.59,3,1,2,有,無,7210000,45337,坡道平面,35.44,1400000,,RPWOMLSKRHOFFCD17CB
南區,房地(土地+建物)+車位,臺南市南區水交社路20巷11號Ab3-5F,27.0,住,,,1080329,土地1建物1車位1,五層,7,華廈(10層含以下有電梯),住家用,鋼筋混凝土造,,163.59,3,1,2,有,無,7380000,46664,坡道平面,35.44,1400000,,RPXOMLSKRHOFFCD27CB
南區,房地(土地+建物)+車位,臺南市南區西門路一段300巷58號13樓之1 B1-13F,34.1,住,,,1070716,土地1建物1車位1,十三層,13,住宅大樓(11層含以上有電梯),住家用,鋼筋混凝土造,,160.51,3,2,2,有,無,7500000,48918,坡道平面,30.7,1150000,,RPOPMLSKRHOFFCD09CB
南區,房地(土地+建物)+車位,臺南市南區水交社路20巷11號Ab3-6F,27.0,住,,,1070307,土地1建物1車位1,六層,7,華廈(10層含以下有電梯),住家用,鋼筋混凝土造,,163.59,3,1,2,有,無,7500000,47600,坡道平面,35.44,1400000,,RPPPMLSKRHOFFCD56CB
南區,房地(土地+建物)+車位,臺南市南區水交社路20巷11號Ab3-7F,27.0,住,,,1080424,土地1建物1車位1,七層,7,華廈(10層含以下有電梯),住家用,鋼筋混凝土造,,162.49,3,1,2,有,無,7250000,46040,坡道平面,34.34,1350000,,RPQPMLSKRHOFFCD66CB
南區,房地(土地+建物)+車位,臺南市南區水交社路20巷11號Ba12F,27.59,住,,,1070402,土地1建物1車位1,二層,7,華廈(10層含以下有電梯),住家用,鋼筋混凝土造,,167.96,3,1,2,有,無,7730000,48983,坡道平面,36.69,1300000,含裝潢,RPRPMLSKRHOFFCD76CB
南區,房地(土地+建物)+車位,臺南市南區水交社路20巷11號Ba13F,27.59,住,,,1070502,土地1建物1車位1,三層,7,華廈(10層含以下有電梯),住家用,鋼筋混凝土造,,166.71,3,1,2,有,無,7800000,49516,坡道平面,35.44,1300000,含裝潢,RPSPMLSKRHOFFCD86CB
南區,房地(土地+建物)+車位,臺南市南區西門路一段300巷58號2樓之2 B2-02F,36.13,住,,,1080518,土地1建物1車位1,二層,13,住宅大樓(11層含以上有電梯),住家用,鋼筋混凝土造,,168.94,3,2,2,有,無,7500000,45551,坡道平面,31.73,1250000,,RPTPMLSKRHOFFCD96CB
南區,房地(土地+建物)+車位,臺南市南區水交社路20巷11號Ba1-4F,27.59,住,,,1070416,土地1建物1車位1,四層,7,華廈(10層含以下有電梯),住家用,鋼筋混凝土造,,167.96,3,1,2,有,無,7000000,44184,坡道平面,36.69,1200000,,RPUPMLSKRHOFFCD07CB
南區,房地(土地+建物)+車位,臺南市南區水交社路20巷11號Ba1-5F,27.59,住,,,1070226,土地1建物1車位1,五層,7,華廈(10層含以下有電梯),住家用,鋼筋混凝土造,,167.96,3,1,2,有,無,7230000,45936,坡道平面,36.69,1200000,,RPVPMLSKRHOFFCD17CB
南區,房地(土地+建物)+車位,臺南市南區西門路一段300巷58號3樓之2 B2-03F,36.13,住,,,1080127,土地1建物1車位1,三層,13,住宅大樓(11層含以上有電梯),住家用,鋼筋混凝土造,,168.94,3,2,2,有,無,7650000,46644,坡道平面,31.73,1250000,,RPWPMLSKRHOFFCD27CB
南區,房地(土地+建物)+車位,臺南市南區西門路一段300巷58號4樓之2 B2-04F,36.13,住,,,1080611,土地1建物1車位1,四層,13,住宅大樓(11層含以上有電梯),住家用,鋼筋混凝土造,,168.94,3,2,2,有,無,7700000,46644,坡道平面,31.73,1300000,,RPXPMLSKRHOFFCD37CB
南區,房地(土地+建物)+車位,臺南市南區西門路一段300巷58號5樓之2 B2-05F,36.13,住,,,1071014,土地1建物1車位1,五層,13,住宅大樓(11層含以上有電梯),住家用,鋼筋混凝土造,,167.97,3,2,2,有,無,7920000,48955,坡道平面,30.7,1200000,,RPOQMLSKRHOFFCD56CB
南區,房地(土地+建物)+車位,臺南市南區西門路一段300巷58號6樓之2 B2-06F,36.13,住,,,1071104,土地1建物1車位1,六層,13,住宅大樓(11層含以上有電梯),住家用,鋼筋混凝土造,,168.94,3,2,2,有,無,8000000,49195,坡道平面,31.73,1250000,,RPPQMLSKRHOFFCD66CB
南區,房地(土地+建物)+車位,臺南市南區西門路一段300巷58號7樓之2 B2-07F,36.13,住,,,1071111,土地1建物1車位1,七層,13,住宅大樓(11層含以上有電梯),住家用,鋼筋混凝土造,,168.94,3,2,2,有,無,8060000,49632,坡道平面,31.73,1250000,,RPQQMLSKRHOFFCD76CB
南區,房地(土地+建物)+車位,臺南市南區西門路一段300巷58號8樓之2 B2-08F,36.13,住,,,1070728,土地1建物1車位1,八層,13,住宅大樓(11層含以上有電梯),住家用,鋼筋混凝土造,,168.94,3,2,2,有,無,8180000,50507,坡道平面,31.73,1250000,,RPRQMLSKRHOFFCD86CB
南區,房地(土地+建物)+車位,臺南市南區水交社路20巷11號Ba1-6F,27.59,住,,,1070402,土地1建物1車位1,六層,7,華廈(10層含以下有電梯),住家用,鋼筋混凝土造,,166.71,3,1,2,有,無,7450000,46850,坡道平面,35.44,1300000,,RPSQMLSKRHOFFCD96CB
南區,房地(土地+建物)+車位,臺南市南區水交社路20巷11號Ba1-7F,27.59,住,,,1070129,土地1建物1車位1,七層,7,華廈(10層含以下有電梯),住家用,鋼筋混凝土造,,167.96,3,1,2,有,無,7450000,46850,坡道平面,36.69,1300000,,RPTQMLSKRHOFFCD07CB
南區,房地(土地+建物)+車位,臺南市南區西門路一段300巷58號9樓之2 B2-09F,36.13,住,,,1080127,土地1建物1車位1,九層,13,住宅大樓(11層含以上有電梯),住家用,鋼筋混凝土造,,168.94,3,2,2,有,無,8150000,50288,坡道平面,31.73,1250000,,RPSOMLTKRHOFFCD86CB
南區,房地(土地+建物)+車位,臺南市南區西門路一段300巷58號10樓之2 B2-10F,36.13,住,,,1080601,土地1建物1車位1,十層,13,住宅大樓(11層含以上有電梯),住家用,鋼筋混凝土造,,168.94,3,2,2,有,無,8280000,50871,坡道平面,31.73,1300000,,RPUOMLTKRHOFFCD07CB
南區,房地(土地+建物)+車位,臺南市南區西門路一段300巷58號11樓之2 B2-11F,36.13,住,,,1070923,土地1建物1車位1,十一層,13,住宅大樓(11層含以上有電梯),住家用,鋼筋混凝土造,,168.94,3,2,2,有,無,8220000,50798,坡道平面,31.73,1250000,,RPWOMLTKRHOFFCD27CB
南區,房地(土地+建物)+車位,臺南市南區西門路一段300巷58號12樓之2 B2-12F,36.13,住,,,1080601,土地1建物1車位1,十二層,13,住宅大樓(11層含以上有電梯),住家用,鋼筋混凝土造,,168.94,3,2,2,有,無,8180000,50507,坡道平面,31.73,1250000,,RPXOMLTKRHOFFCD37CB
南區,房地(土地+建物)+車位,臺南市南區水交社路20巷11號Ba22F,28.18,住,,,1080329,土地1建物1車位1,二層,7,華廈(10層含以下有電梯),住家用,鋼筋混凝土造,,167.12,3,1,2,有,無,7880000,49932,坡道平面,34.34,1250000,含裝潢冷氣,RPUPMLTKRHOFFCD17CB
南區,房地(土地+建物)+車位,臺南市南區水交社路20巷11號Ba2-3F,28.18,住,,,1070402,土地1建物1車位1,三層,7,華廈(10層含以下有電梯),住家用,鋼筋混凝土造,,169.47,3,1,2,有,無,7730000,48426,坡道平面,36.69,1300000,,RPVPMLTKRHOFFCD27CB
南區,房地(土地+建物)+車位,臺南市南區水交社路20巷11號Ba2-4F,28.18,住,,,1080508,土地1建物1車位1,四層,7,華廈(10層含以下有電梯),住家用,鋼筋混凝土造,,167.12,3,1,2,有,無,7360000,46016,坡道平面,34.34,1250000,,RPWPMLTKRHOFFCD37CB
南區,房地(土地+建物)+車位,臺南市南區水交社路20巷11號Ba2-5F,28.18,住,,,1070319,土地1建物1車位1,五層,7,華廈(10層含以下有電梯),住家用,鋼筋混凝土造,,168.22,3,1,2,有,無,7690000,48125,坡道平面,35.44,1300000,,RPXNMLKLRHOFFCD09CB
南區,房地(土地+建物)+車位,臺南市南區水交社路20巷11號Ba2-6F,28.18,住,,,1070628,土地1建物1車位1,六層,7,華廈(10層含以下有電梯),住家用,鋼筋混凝土造,,168.22,3,1,2,有,無,7550000,47823,坡道平面,35.44,1200000,,RPOOMLKLRHOFFCD28CB
南區,房地(土地+建物)+車位,臺南市南區水交社路20巷11號Ba2-7F,28.18,住,,,1080324,土地1建物1車位1,七層,7,華廈(10層含以下有電梯),住家用,鋼筋混凝土造,,168.22,3,1,2,有,無,7550000,46317,坡道平面,35.44,1400000,,RPQOMLKLRHOFFCD48CB
南區,房地(土地+建物)+車位,臺南市南區水交社路20巷11號Ba3-3F,27.0,住,,,1080518,土地1建物1車位1,三層,7,華廈(10層含以下有電梯),住家用,鋼筋混凝土造,,164.23,3,1,2,有,無,7200000,46587,坡道平面,35.44,1200000,,RPROMLKLRHOFFCD58CB
南區,房地(土地+建物)+車位,臺南市南區水交社路20巷11號Ba3-4F,27.0,住,,,1080417,土地1建物1車位1,四層,7,華廈(10層含以下有電梯),住家用,鋼筋混凝土造,,164.23,3,1,2,有,無,7110000,45889,坡道平面,35.44,1200000,,RPTOMLKLRHOFFCD78CB
南區,房地(土地+建物)+車位,臺南市南區水交社路20巷11號Ba35F,27.0,住,,,1080527,土地1建物1車位1,五層,7,華廈(10層含以下有電梯),住家用,鋼筋混凝土造,,164.23,3,1,2,有,無,7280000,47209,坡道平面,35.44,1200000,權利人共2人，含家電,RPVOMLKLRHOFFCD98CB
南區,房地(土地+建物)+車位,臺南市南區水交社路20巷11號Ba36F,27.0,住,,,1080429,土地1建物1車位1,六層,7,華廈(10層含以下有電梯),住家用,鋼筋混凝土造,,164.23,3,1,2,有,無,7350000,46976,坡道平面,35.44,1300000,含家電,RPXOMLKLRHOFFCD56CB
南區,房地(土地+建物)+車位,臺南市南區水交社路20巷11號Ba3-7F,27.0,住,,,1080704,土地1建物1車位1,七層,7,華廈(10層含以下有電梯),住家用,鋼筋混凝土造,,164.23,3,1,2,有,無,7200000,46587,坡道平面,35.44,1200000,,RPOPMLKLRHOFFCD38CB
南區,房地(土地+建物)+車位,臺南市南區水交社路20巷11號Bb1-1F,25.24,住,,,1070416,土地1建物1車位1,一層,7,華廈(10層含以下有電梯),住家用,鋼筋混凝土造,,149.4,3,1,2,有,無,6500000,46508,坡道平面,35.44,1200000,,RPPPMLKLRHOFFCD48CB
南區,房地(土地+建物)+車位,臺南市南區水交社路20巷11號Bb1-2F,27.0,住,,,1080510,土地1建物1車位1,二層,7,華廈(10層含以下有電梯),住家用,鋼筋混凝土造,,164.3,3,1,2,有,無,6600000,41906,坡道平面,35.44,1200000,,RPQPMLKLRHOFFCD58CB
南區,房地(土地+建物)+車位,臺南市南區水交社路20巷11號Bb1-3F,27.0,住,,,1080401,土地1建物1車位1,三層,7,華廈(10層含以下有電梯),住家用,鋼筋混凝土造,,163.2,3,1,2,有,無,6660000,42760,坡道平面,34.34,1150000,,RPRPMLKLRHOFFCD68CB
南區,房地(土地+建物)+車位,臺南市南區水交社路20巷11號Bb1-4F,27.0,住,,,1070313,土地1建物1車位1,四層,7,華廈(10層含以下有電梯),住家用,鋼筋混凝土造,,164.3,3,1,2,有,無,6750000,43070,坡道平面,35.44,1200000,,RPSPMLKLRHOFFCD78CB
南區,房地(土地+建物)+車位,臺南市南區水交社路20巷11號Bb1-5F,27.0,住,,,1070523,土地1建物1車位1,五層,7,華廈(10層含以下有電梯),住家用,鋼筋混凝土造,,164.3,3,1,2,有,無,7150000,44622,坡道平面,35.44,1400000,,RPTPMLKLRHOFFCD88CB
南區,房地(土地+建物)+車位,臺南市南區水交社路20巷11號Bb1-6F,27.0,住,,,1070727,土地1建物1車位1,六層,7,華廈(10層含以下有電梯),住家用,鋼筋混凝土造,,163.2,3,1,2,有,無,6880000,44467,坡道平面,34.34,1150000,,RPUPMLKLRHOFFCD98CB
南區,房地(土地+建物)+車位,臺南市南區水交社路20巷11號Bb1-7F,27.0,住,,,1080408,土地1建物1車位1,七層,7,華廈(10層含以下有電梯),住家用,鋼筋混凝土造,,164.3,3,1,2,有,無,6980000,43303,坡道平面,35.44,1400000,,RPWPMLKLRHOFFCD56CB
南區,房地(土地+建物)+車位,臺南市南區西門路一段300巷58號13樓之2 B2-13F,36.13,住,,,1071020,土地1建物1車位1,十三層,13,住宅大樓(11層含以上有電梯),住家用,鋼筋混凝土造,,170.19,3,2,2,有,無,8060000,49268,坡道平面,32.98,1300000,,RPOQMLKLRHOFFCD48CB
南區,房地(土地+建物)+車位,臺南市南區西門路一段300巷58號2樓之3 B3-02F,26.97,住,,,1080323,土地1建物1車位1,二層,13,住宅大樓(11層含以上有電梯),住家用,鋼筋混凝土造,,132.84,3,2,2,有,無,5900000,45495,坡道平面,31.73,1300000,,RPPQMLKLRHOFFCD58CB
南區,房地(土地+建物)+車位,臺南市南區西門路一段300巷58號3樓之3 B3-03F,26.97,住,,,1080308,土地1建物1車位1,三層,13,住宅大樓(11層含以上有電梯),住家用,鋼筋混凝土造,,132.84,3,2,2,有,無,5900000,45990,坡道平面,31.73,1250000,,RPQQMLKLRHOFFCD68CB
南區,房地(土地+建物)+車位,臺南市南區西門路一段300巷58號4樓之3 B3-04F,26.97,住,,,1080316,土地1建物1車位1,四層,13,住宅大樓(11層含以上有電梯),住家用,鋼筋混凝土造,,132.84,3,2,2,有,無,5950000,46484,坡道平面,31.73,1250000,,RPRQMLKLRHOFFCD78CB
南區,房地(土地+建物),臺南市南區西門路一段300巷58號5樓之3 B3-05F,26.46,住,,,1080323,土地1建物1車位0,五層,13,住宅大樓(11層含以上有電梯),住家用,鋼筋混凝土造,,101.11,3,2,2,有,無,5300000,52418,,0.0,0,,RPSQMLKLRHOFFCD88CB
南區,房地(土地+建物)+車位,臺南市南區西門路一段300巷58號6樓之3 B3-06F,26.97,住,,,1080309,土地1建物1車位1,六層,13,住宅大樓(11層含以上有電梯),住家用,鋼筋混凝土造,,132.84,3,2,2,有,無,6200000,48957,坡道平面,31.73,1250000,,RPTQMLKLRHOFFCD98CB
南區,房地(土地+建物)+車位,臺南市南區西門路一段300巷58號7樓之3 B3-07F,26.97,住,,,1080217,土地1建物1車位1,七層,13,住宅大樓(11層含以上有電梯),住家用,鋼筋混凝土造,,132.84,3,2,2,有,無,6250000,48957,坡道平面,31.73,1300000,,RPUQMLKLRHOFFCD09CB
南區,房地(土地+建物)+車位,臺南市南區西門路一段300巷58號8樓之3 B3-08F,26.97,住,,,1071208,土地1建物1車位1,八層,13,住宅大樓(11層含以上有電梯),住家用,鋼筋混凝土造,,132.84,3,2,2,有,無,6300000,49946,坡道平面,31.73,1250000,,RPVQMLKLRHOFFCD56CB
南區,房地(土地+建物)+車位,臺南市南區西門路一段300巷58號9樓之3 B3-09F,26.97,住,,,1070714,土地1建物1車位1,九層,13,住宅大樓(11層含以上有電梯),住家用,鋼筋混凝土造,,132.84,3,2,2,有,無,6380000,50737,坡道平面,31.73,1250000,,RPWQMLKLRHOFFCD66CB
南區,房地(土地+建物)+車位,臺南市南區西門路一段300巷58號10樓之3 B3-10F,26.97,住,,,1070819,土地1建物1車位1,十層,13,住宅大樓(11層含以上有電梯),住家用,鋼筋混凝土造,,134.09,3,2,2,有,無,6380000,50737,坡道平面,32.98,1250000,,RPXQMLKLRHOFFCD76CB
南區,房地(土地+建物)+車位,臺南市南區西門路一段300巷58號11樓之3 B3-11F,26.97,住,,,1080722,土地1建物1車位1,十一層,13,住宅大樓(11層含以上有電梯),住家用,鋼筋混凝土造,,132.84,3,2,2,有,無,6300000,49946,坡道平面,31.73,1250000,,RPORMLKLRHOFFCD58CB
南區,房地(土地+建物)+車位,臺南市南區西門路一段300巷58號12樓之3 B3-12F,26.97,住,,,1070909,土地1建物1車位1,十二層,13,住宅大樓(11層含以上有電梯),住家用,鋼筋混凝土造,,132.84,3,2,2,有,無,6350000,49946,坡道平面,31.73,1300000,,RPPRMLKLRHOFFCD68CB
南區,房地(土地+建物)+車位,臺南市南區水交社路20巷11號Bb2-2F,28.18,住,,,1080224,土地1建物1車位1,二層,7,華廈(10層含以下有電梯),住家用,鋼筋混凝土造,,168.03,3,1,2,有,無,7360000,63407,坡道平面,70.88,1200000,,RPUPMLPLRHOFFCD86CB
南區,房地(土地+建物)+車位,臺南市南區水交社路20巷11號Bb2-3F,28.18,住,,,1070502,土地1建物1車位1,三層,7,華廈(10層含以下有電梯),住家用,鋼筋混凝土造,,168.03,3,1,2,有,無,7450000,47138,坡道平面,35.44,1200000,,RPWNMLRLRHOFFCD07CB
南區,房地(土地+建物)+車位,臺南市南區水交社路20巷11號Bb2-4F,28.18,住,,,1080428,土地1建物1車位1,四層,7,華廈(10層含以下有電梯),住家用,鋼筋混凝土造,,169.28,3,1,2,有,無,7260000,44951,坡道平面,36.69,1300000,,RPROMLRLRHOFFCD66CB
南區,房地(土地+建物)+車位,臺南市南區水交社路20巷11號Bb2-5F,28.18,住,,,1070815,土地1建物1車位1,五層,7,華廈(10層含以下有電梯),住家用,鋼筋混凝土造,,168.03,3,1,2,有,無,7620000,47666,坡道平面,35.44,1300000,,RPSOMLRLRHOFFCD76CB
南區,房地(土地+建物)+車位,臺南市南區水交社路20巷11號Bb2-6F,29.35,住,,,1070925,土地1建物1車位2,六層,7,華廈(10層含以下有電梯),住家用,鋼筋混凝土造,,204.72,3,1,2,有,無,8470000,43518,坡道平面,72.13,2700000,,RPTOMLRLRHOFFCD86CB
南區,房地(土地+建物)+車位,臺南市南區水交社路20巷11號Bb2-7F,28.18,住,,,1080121,土地1建物1車位1,七層,7,華廈(10層含以下有電梯),住家用,鋼筋混凝土造,,168.03,3,1,2,有,無,7600000,47515,坡道平面,35.44,1300000,,RPUOMLRLRHOFFCD96CB
南區,房地(土地+建物)+車位,臺南市南區水交社路20巷11號Bb3-2F,27.59,住,,,1080408,土地1建物1車位1,二層,7,華廈(10層含以下有電梯),住家用,鋼筋混凝土造,,164.47,3,1,2,有,無,6980000,44796,坡道平面,35.44,1200000,,RPVOMLRLRHOFFCD07CB
南區,房地(土地+建物)+車位,臺南市南區水交社路20巷11號Bb3-3F,27.0,住,,,1070402,土地1建物1車位1,三層,7,華廈(10層含以下有電梯),住家用,鋼筋混凝土造,,164.02,3,1,2,有,無,7320000,46041,坡道平面,35.44,1400000,,RPWOMLRLRHOFFCD17CB
南區,房地(土地+建物)+車位,臺南市南區水交社路20巷11號Bb3-4F,27.0,住,,,1071126,土地1建物1車位1,四層,7,華廈(10層含以下有電梯),住家用,鋼筋混凝土造,,164.02,3,1,2,有,無,7220000,46041,坡道平面,35.44,1300000,,RPXOMLRLRHOFFCD27CB
南區,房地(土地+建物)+車位,臺南市南區水交社路20巷11號Bb3-5F,28.18,住,,,1080513,土地1建物1車位2,五層,7,華廈(10層含以下有電梯),住家用,鋼筋混凝土造,,199.46,3,1,2,有,無,8260000,43242,坡道平面,70.88,2700000,,RPPPMLRLRHOFFCD56CB
南區,房地(土地+建物)+車位,臺南市南區水交社路20巷11號Bb3-6F,27.0,住,,,1070720,土地1建物1車位1,六層,7,華廈(10層含以下有電梯),住家用,鋼筋混凝土造,,164.02,3,1,2,有,無,7500000,48219,坡道平面,35.44,1300000,,RPSPMLRLRHOFFCD86CB
南區,房地(土地+建物)+車位,臺南市南區水交社路20巷11號Bb3-7F,27.0,住,,,1080306,土地1建物1車位1,七層,7,華廈(10層含以下有電梯),住家用,鋼筋混凝土造,,162.92,3,1,2,有,無,7280000,46897,坡道平面,34.34,1250000,,RPUPMLRLRHOFFCD07CB
南區,房地(土地+建物),臺南市南區西門路一段300巷58號2樓之5 B5-02F,24.94,住,,,1070707,土地1建物1車位0,二層,13,住宅大樓(11層含以上有電梯),住家用,鋼筋混凝土造,,94.77,2,2,1,有,無,4500000,47483,,0.0,0,,RPUOMLKMRHOFFCD98CB
南區,房地(土地+建物)+車位,臺南市南區水交社路20巷11號Ca1-2F,20.55,住,,,1071029,土地1建物1車位1,二層,7,華廈(10層含以下有電梯),住家用,鋼筋混凝土造,,134.61,2,1,1,有,無,5450000,42382,坡道平面,36.69,1300000,,RPWOMLTJIIOFFCD98CB
南區,房地(土地+建物)+車位,臺南市南區水交社路20巷11號Ca1-3F,20.55,住,,,1080216,土地1建物1車位1,三層,7,華廈(10層含以下有電梯),住家用,鋼筋混凝土造,,133.36,2,1,1,有,無,5650000,45445,坡道平面,35.44,1200000,,RPXOMLTJIIOFFCD09CB
南區,房地(土地+建物)+車位,臺南市南區水交社路20巷11號Ca1-4F,20.55,住,,,1080318,土地1建物1車位1,四層,7,華廈(10層含以下有電梯),住家用,鋼筋混凝土造,,133.36,2,1,1,有,無,5600000,43913,坡道平面,35.44,1300000,,RPPPMLTJIIOFFCD38CB
南區,房地(土地+建物)+車位,臺南市南區水交社路20巷11號Ca1-5F,20.55,住,,,1071022,土地2建物1車位1,五層,7,華廈(10層含以下有電梯),住家用,鋼筋混凝土造,,133.36,2,1,1,有,無,6000000,46977,坡道平面,35.44,1400000,,RPQPMLTJIIOFFCD48CB
南區,房地(土地+建物)+車位,臺南市南區水交社路20巷11號Ca1-6F,20.55,住,,,1080314,土地1建物1車位1,六層,7,華廈(10層含以下有電梯),住家用,鋼筋混凝土造,,133.36,2,1,1,有,無,5800000,45956,坡道平面,35.44,1300000,,RPSNMLQKIIOFFCD28CB
南區,房地(土地+建物)+車位,臺南市南區水交社路20巷11號Ca17F,20.55,住,,,1080413,土地1建物1車位1,七層,7,華廈(10層含以下有電梯),住家用,鋼筋混凝土造,,133.36,2,1,1,有,無,6250000,49530,坡道平面,35.44,1400000,含裝潢冷氣,RPTNMLQKIIOFFCD38CB
南區,房地(土地+建物)+車位,臺南市南區水交社路20巷11號Ca2-2F,28.76,住,,,1071105,土地1建物1車位1,二層,7,華廈(10層含以下有電梯),住家用,鋼筋混凝土造,,174.01,3,1,2,有,無,7350000,43660,坡道平面,35.44,1300000,,RPUNMLQKIIOFFCD48CB
南區,房地(土地+建物)+車位,臺南市南區水交社路20巷11號Ca2-3F,29.35,住,,,1070410,土地1建物1車位1,三層,7,華廈(10層含以下有電梯),住家用,鋼筋混凝土造,,173.86,3,1,2,有,無,7520000,45658,坡道平面,35.44,1200000,,RPVNMLQKIIOFFCD58CB
南區,房地(土地+建物)+車位,臺南市南區水交社路20巷11號Ca2-4F,29.35,住,,,1080611,土地1建物1車位1,四層,7,華廈(10層含以下有電梯),住家用,鋼筋混凝土造,,173.86,3,1,2,有,無,7380000,43924,坡道平面,35.44,1300000,,RPWNMLQKIIOFFCD68CB
南區,房地(土地+建物)+車位,臺南市南區水交社路20巷11號Ca2-5F,29.35,住,,,1080520,土地1建物1車位1,五層,7,華廈(10層含以下有電梯),住家用,鋼筋混凝土造,,173.86,3,1,2,有,無,7400000,44791,坡道平面,35.44,1200000,,RPXNMLQKIIOFFCD78CB
南區,房地(土地+建物)+車位,臺南市南區水交社路20巷11號Ca2-7F,29.35,住,,,1080309,土地1建物1車位1,七層,7,華廈(10層含以下有電梯),住家用,鋼筋混凝土造,,173.86,3,1,2,有,無,7580000,46092,坡道平面,35.44,1200000,,RPOOMLQKIIOFFCD97CB
南區,房地(土地+建物)+車位,臺南市南區水交社路20巷11號Cb12F,24.07,住,,,1080310,土地1建物1車位1,二層,7,華廈(10層含以下有電梯),住家用,鋼筋混凝土造,,148.0,3,1,2,有,無,6800000,47974,坡道平面,35.44,1400000,含裝潢冷氣,RPPOMLQKIIOFFCD08CB
南區,房地(土地+建物)+車位,臺南市南區水交社路20巷11號Cb1-3F,24.07,住,,,1070704,土地1建物1車位1,三層,7,華廈(10層含以下有電梯),住家用,鋼筋混凝土造,,149.25,3,1,2,有,無,6150000,43088,坡道平面,36.69,1300000,,RPQOMLQKIIOFFCD18CB
南區,房地(土地+建物)+車位,臺南市南區水交社路20巷11號Cb1-4F,24.07,住,,,1070410,土地1建物1車位1,四層,7,華廈(10層含以下有電梯),住家用,鋼筋混凝土造,,148.0,3,1,2,有,無,6100000,43532,坡道平面,35.44,1200000,,RPROMLQKIIOFFCD28CB
南區,房地(土地+建物)+車位,臺南市南區水交社路20巷11號Cb1-5F,24.07,住,,,1070402,土地1建物1車位1,五層,7,華廈(10層含以下有電梯),住家用,鋼筋混凝土造,,148.0,3,1,2,有,無,6200000,43532,坡道平面,35.44,1300000,,RPVOMLQKIIOFFCD68CB
南區,房地(土地+建物)+車位,臺南市南區水交社路20巷11號Cb1-6F,24.07,住,,,1070130,土地1建物1車位1,六層,7,華廈(10層含以下有電梯),住家用,鋼筋混凝土造,,149.25,3,1,2,有,無,6280000,45131,坡道平面,36.69,1200000,,RPWOMLQKIIOFFCD78CB
南區,房地(土地+建物)+車位,臺南市南區水交社路20巷11號Cb1-7F,24.07,住,,,1070212,土地1建物1車位1,七層,7,華廈(10層含以下有電梯),住家用,鋼筋混凝土造,,149.25,3,1,2,有,無,6180000,44243,坡道平面,36.69,1200000,,RPOPMLQKIIOFFCD08CB
南區,房地(土地+建物)+車位,臺南市南區水交社路20巷11號Cb2-1F,19.37,住,,,1070315,土地1建物1車位1,一層,7,華廈(10層含以下有電梯),住家用,鋼筋混凝土造,,119.29,2,1,1,有,無,5080000,46273,坡道平面,35.44,1200000,,RPPPMLQKIIOFFCD18CB
南區,房地(土地+建物)+車位,臺南市南區水交社路20巷11號Cb22F,21.13,住,,,1080310,土地1建物1車位1,二層,7,華廈(10層含以下有電梯),住家用,鋼筋混凝土造,,130.8,2,1,1,有,無,5960000,47819,坡道平面,35.44,1400000,含裝潢冷氣,RPQPMLQKIIOFFCD28CB
南區,房地(土地+建物)+車位,臺南市南區水交社路20巷11號Cb2-3F,21.13,住,,,1070815,土地1建物1車位1,三層,7,華廈(10層含以下有電梯),住家用,鋼筋混凝土造,,129.7,2,1,1,有,無,5300000,42471,坡道平面,34.34,1250000,,RPRPMLQKIIOFFCD38CB
南區,房地(土地+建物)+車位,臺南市南區水交社路20巷11號Cb2-4F,21.13,住,,,1070306,土地1建物1車位1,四層,7,華廈(10層含以下有電梯),住家用,鋼筋混凝土造,,132.05,2,1,1,有,無,5300000,41946,坡道平面,36.69,1300000,,RPSPMLQKIIOFFCD48CB
南區,房地(土地+建物)+車位,臺南市南區水交社路20巷11號Cb2-5F,21.13,住,,,1071022,土地1建物1車位1,五層,7,華廈(10層含以下有電梯),住家用,鋼筋混凝土造,,130.8,2,1,1,有,無,5380000,42785,坡道平面,35.44,1300000,,RPTPMLQKIIOFFCD58CB
南區,房地(土地+建物)+車位,臺南市南區水交社路20巷11號Cb26F,21.13,住,,,1070723,土地1建物1車位1,六層,7,華廈(10層含以下有電梯),住家用,鋼筋混凝土造,,130.8,2,1,1,有,無,5980000,49077,坡道平面,35.44,1300000,權利人共兩人含裝潢,RPVPMLQKIIOFFCD78CB
南區,房地(土地+建物)+車位,臺南市南區水交社路20巷11號Cb2-7F,21.13,住,,,1070608,土地1建物1車位1,七層,7,華廈(10層含以下有電梯),住家用,鋼筋混凝土造,,131.36,2,1,1,有,無,6000000,50042,坡道平面,35.44,1200000,,RPWPMLQKIIOFFCD88CB
南區,房地(土地+建物)+車位,臺南市南區水交社路20巷11號Cb31F,25.83,住,,,1070927,土地1建物1車位1,一層,7,華廈(10層含以下有電梯),住家用,鋼筋混凝土造,,150.46,3,1,2,有,無,6780000,48513,坡道平面,35.44,1200000,含裝潢,RPXPMLQKIIOFFCD98CB
南區,房地(土地+建物)+車位,臺南市南區水交社路20巷11號Cb32F,28.18,住,,,1071119,土地1建物1車位1,二層,7,華廈(10層含以下有電梯),住家用,鋼筋混凝土造,,165.0,3,1,2,有,無,7350000,46697,坡道平面,35.44,1300000,含裝潢冷氣,RPPQMLQKIIOFFCD28CB
南區,房地(土地+建物)+車位,臺南市南區水交社路20巷11號Cb3-3F,28.18,住,,,1070621,土地1建物1車位1,三層,7,華廈(10層含以下有電梯),住家用,鋼筋混凝土造,,164.87,3,1,2,有,無,6700000,42494,坡道平面,35.44,1200000,,RPQQMLQKIIOFFCD38CB
南區,房地(土地+建物)+車位,臺南市南區水交社路20巷11號Cb3-4F,28.18,住,,,1070720,土地1建物1車位1,四層,7,華廈(10層含以下有電梯),住家用,鋼筋混凝土造,,164.87,3,1,2,有,無,6650000,41335,坡道平面,35.44,1300000,,RPRQMLQKIIOFFCD48CB
南區,房地(土地+建物)+車位,臺南市南區水交社路20巷11號Cb3-5F,28.18,住,,,1070712,土地1建物1車位1,五層,7,華廈(10層含以下有電梯),住家用,鋼筋混凝土造,,164.87,3,1,2,有,無,6800000,43267,坡道平面,35.44,1200000,,RPSQMLQKIIOFFCD58CB
南區,房地(土地+建物)+車位,臺南市南區水交社路20巷11號Cb3-6F,28.18,住,,,1071029,土地1建物1車位1,六層,7,華廈(10層含以下有電梯),住家用,鋼筋混凝土造,,164.87,3,1,2,有,無,6880000,42339,坡道平面,35.44,1400000,,RPTQMLQKIIOFFCD68CB
南區,房地(土地+建物)+車位,臺南市南區水交社路20巷11號Cc1-2F,24.07,住,,,1071008,土地1建物1車位1,二層,7,華廈(10層含以下有電梯),住家用,鋼筋混凝土造,,148.02,3,1,2,有,無,6130000,42015,坡道平面,35.44,1400000,,RPVQMLQKIIOFFCD88CB
南區,房地(土地+建物)+車位,臺南市南區水交社路20巷11號Cc1-3F,24.07,住,,,1070925,土地1建物1車位1,三層,7,華廈(10層含以下有電梯),住家用,鋼筋混凝土造,,148.02,3,1,2,有,無,6100000,42636,坡道平面,35.44,1300000,,RPWQMLQKIIOFFCD98CB
南區,房地(土地+建物)+車位,臺南市南區水交社路20巷11號Cc1-4F,24.07,住,,,1070802,土地1建物1車位1,四層,7,華廈(10層含以下有電梯),住家用,鋼筋混凝土造,,149.27,3,1,2,有,無,6000000,42636,坡道平面,36.69,1200000,,RPTNMLNLIIOFFCD18CB
南區,房地(土地+建物)+車位,臺南市南區水交社路20巷11號Cc1-5F,24.07,住,,,1070917,土地1建物1車位1,五層,7,華廈(10層含以下有電梯),住家用,鋼筋混凝土造,,148.02,3,1,2,有,無,6200000,43525,坡道平面,35.44,1300000,,RPVNMLNLIIOFFCD38CB
南區,房地(土地+建物)+車位,臺南市南區水交社路20巷11號Cc1-6F,24.07,住,,,1070823,土地1建物1車位1,六層,7,華廈(10層含以下有電梯),住家用,鋼筋混凝土造,,149.27,3,1,2,有,無,6150000,43080,坡道平面,36.69,1300000,,RPWNMLNLIIOFFCD48CB
南區,房地(土地+建物)+車位,臺南市南區水交社路20巷11號Cc1-7F,24.07,住,,,1071015,土地1建物1車位1,七層,7,華廈(10層含以下有電梯),住家用,鋼筋混凝土造,,148.06,3,1,2,有,無,6320000,43687,坡道平面,35.44,1400000,,RPXNMLNLIIOFFCD58CB
南區,房地(土地+建物)+車位,臺南市南區水交社路20巷11號Cc2-1F,19.37,住,,,1070720,土地1建物1車位1,一層,7,華廈(10層含以下有電梯),住家用,鋼筋混凝土造,,120.05,2,1,1,有,無,5020000,45825,坡道平面,36.69,1200000,,RPPOMLNLIIOFFCD87CB
南區,房地(土地+建物)+車位,臺南市南區水交社路20巷11號Cc22F,21.13,住,,,1071105,土地1建物1車位1,二層,7,華廈(10層含以下有電梯),住家用,鋼筋混凝土造,,131.1,2,1,1,有,無,5650000,45016,坡道平面,36.69,1400000,含裝潢冷氣,RPQOMLNLIIOFFCD97CB
南區,房地(土地+建物)+車位,臺南市南區水交社路20巷11號Cc2-3F,21.13,住,,,1071015,土地1建物1車位1,三層,7,華廈(10層含以下有電梯),住家用,鋼筋混凝土造,,129.85,2,1,1,有,無,5160000,41945,坡道平面,35.44,1200000,,RPSOMLNLIIOFFCD18CB
南區,房地(土地+建物)+車位,臺南市南區水交社路20巷11號Cc2-4F,21.13,住,,,1070823,土地1建物1車位1,四層,7,華廈(10層含以下有電梯),住家用,鋼筋混凝土造,,129.85,2,1,1,有,無,5200000,41309,坡道平面,35.44,1300000,親友、員工或其他特殊關係間之交易。；,RPTOMLNLIIOFFCD28CB
南區,房地(土地+建物)+車位,臺南市南區水交社路20巷11號Cc2-5F,21.13,住,,,1071119,土地1建物1車位1,五層,7,華廈(10層含以下有電梯),住家用,鋼筋混凝土造,,128.75,2,1,1,有,無,5320000,42051,坡道平面,34.34,1350000,,RPUOMLNLIIOFFCD38CB
南區,房地(土地+建物)+車位,臺南市南區水交社路20巷11號Cc2-6F,21.13,住,,,1070910,土地1建物1車位1,六層,7,華廈(10層含以下有電梯),住家用,鋼筋混凝土造,,129.85,2,1,1,有,無,5370000,43110,坡道平面,35.44,1300000,,RPVOMLNLIIOFFCD48CB
南區,房地(土地+建物)+車位,臺南市南區水交社路20巷11號Cc2-7F,21.13,住,,,1070925,土地1建物1車位1,七層,7,華廈(10層含以下有電梯),住家用,鋼筋混凝土造,,129.38,2,1,1,有,無,6000000,49979,坡道平面,34.34,1250000,,RPXOMLNLIIOFFCD68CB
南區,房地(土地+建物)+車位,臺南市南區水交社路20巷11號Cc3-1F,25.83,住,,,1070521,土地1建物1車位1,一層,7,華廈(10層含以下有電梯),住家用,鋼筋混凝土造,,150.53,3,1,2,有,無,6580000,46746,坡道平面,35.44,1200000,,RPOPMLNLIIOFFCD87CB
南區,房地(土地+建物)+車位,臺南市南區水交社路20巷11號Cc3-2F,28.18,住,,,1070802,土地1建物1車位1,二層,7,華廈(10層含以下有電梯),住家用,鋼筋混凝土造,,164.9,3,1,2,有,無,6750000,42870,坡道平面,35.44,1200000,,RPPPMLNLIIOFFCD97CB
南區,房地(土地+建物)+車位,臺南市南區水交社路20巷11號Cc3-3F,28.18,住,,,1070727,土地1建物1車位1,三層,7,華廈(10層含以下有電梯),住家用,鋼筋混凝土造,,163.8,3,1,2,有,無,6750000,43257,坡道平面,34.34,1150000,,RPQPMLNLIIOFFCD08CB
南區,房地(土地+建物)+車位,臺南市南區水交社路20巷11號Cc3-4F,28.18,住,,,1070712,土地1建物1車位1,四層,7,華廈(10層含以下有電梯),住家用,鋼筋混凝土造,,164.9,3,1,2,有,無,6700000,40939,坡道平面,35.44,1400000,,RPRPMLNLIIOFFCD18CB
南區,房地(土地+建物)+車位,臺南市南區水交社路20巷11號Cc3-5F,28.18,住,,,1070111,土地1建物1車位1,五層,7,華廈(10層含以下有電梯),住家用,鋼筋混凝土造,,164.9,3,1,2,有,無,6850000,43643,坡道平面,35.44,1200000,,RPVPMLNLIIOFFCD58CB
南區,房地(土地+建物)+車位,臺南市南區水交社路20巷11號Cc3-6F,28.18,住,,,1070802,土地1建物1車位1,六層,7,華廈(10層含以下有電梯),住家用,鋼筋混凝土造,,164.9,3,1,2,有,無,6800000,43257,坡道平面,35.44,1200000,,RPWPMLNLIIOFFCD68CB
南區,房地(土地+建物)+車位,臺南市南區水交社路20巷11號Cd12F,20.55,住,,,1071119,土地1建物1車位1,二層,7,華廈(10層含以下有電梯),住家用,鋼筋混凝土造,,132.66,2,1,1,有,無,5730000,46595,坡道平面,35.44,1200000,含裝潢冷氣,RPOQMLNLIIOFFCD97CB
南區,房地(土地+建物)+車位,臺南市南區水交社路20巷11號Cd13F,20.55,住,,,1080303,土地1建物1車位1,三層,7,華廈(10層含以下有電梯),住家用,鋼筋混凝土造,,132.66,2,1,1,有,無,6100000,49373,坡道平面,35.44,1300000,含裝潢冷氣,RPQQMLNLIIOFFCD18CB
南區,房地(土地+建物)+車位,臺南市南區水交社路20巷11號Cd1-4F,20.55,住,,,1081218,土地1建物1車位1,四層,7,華廈(10層含以下有電梯),住家用,鋼筋混凝土造,,132.66,2,1,1,有,無,5500000,44230,坡道平面,35.44,1200000,,RPSQMLNLIIOFFCD38CB
南區,房地(土地+建物)+車位,臺南市南區水交社路20巷11號Cd1-5F,20.55,住,,,1080110,土地1建物1車位1,五層,7,華廈(10層含以下有電梯),住家用,鋼筋混凝土造,,132.66,2,1,1,有,無,5800000,46287,坡道平面,35.44,1300000,,RPTQMLNLIIOFFCD48CB
南區,房地(土地+建物)+車位,臺南市南區水交社路20巷11號Cd1-6F,20.55,住,,,1080314,土地1建物1車位1,六層,7,華廈(10層含以下有電梯),住家用,鋼筋混凝土造,,132.66,2,1,1,有,無,5730000,45567,坡道平面,35.44,1300000,親友、員工或其他特殊關係間之交易。；,RPVQMLNLIIOFFCD68CB
南區,房地(土地+建物)+車位,臺南市南區水交社路20巷11號Cd1-7F,20.55,住,,,1080211,土地1建物1車位1,七層,7,華廈(10層含以下有電梯),住家用,鋼筋混凝土造,,132.66,2,1,1,有,無,5600000,45258,坡道平面,35.44,1200000,,RPWQMLNLIIOFFCD78CB
南區,房地(土地+建物)+車位,臺南市南區水交社路20巷11號Cd22F,28.76,住,,,1080314,土地1建物1車位1,二層,7,華廈(10層含以下有電梯),住家用,鋼筋混凝土造,,174.24,3,1,2,有,無,7900000,47983,坡道平面,36.69,1300000,含裝潢冷氣,RPXQMLNLIIOFFCD88CB
南區,房地(土地+建物)+車位,臺南市南區水交社路20巷11號Cd2-3F,28.76,住,,,1070910,土地1建物1車位1,三層,7,華廈(10層含以下有電梯),住家用,鋼筋混凝土造,,172.99,3,1,2,有,無,7660000,46238,坡道平面,35.44,1300000,,RPXNMLKMIIOFFCD38CB
南區,房地(土地+建物)+車位,臺南市南區水交社路20巷11號Cd2-4F,28.76,住,,,1080304,土地1建物1車位1,四層,7,華廈(10層含以下有電梯),住家用,鋼筋混凝土造,,172.99,3,1,2,有,無,7500000,44348,坡道平面,35.44,1400000,,RPOOMLKMIIOFFCD57CB
南區,房地(土地+建物)+車位,臺南市南區水交社路20巷11號Cd2-5F,28.76,住,,,1070705,土地1建物1車位1,五層,7,華廈(10層含以下有電梯),住家用,鋼筋混凝土造,,172.99,3,1,2,有,無,7550000,46165,坡道平面,35.44,1200000,,RPPOMLKMIIOFFCD67CB
南區,房地(土地+建物)+車位,臺南市南區水交社路20巷11號Cd2-6F,29.94,住,,,1080430,土地1建物1車位2,六層,7,華廈(10層含以下有電梯),住家用,鋼筋混凝土造,,208.43,3,1,2,有,無,8500000,41439,坡道平面,70.88,2800000,,RPQOMLKMIIOFFCD77CB
南區,房地(土地+建物)+車位,臺南市南區水交社路20巷11號Cd2-7F,28.76,住,,,1070712,土地1建物1車位1,七層,7,華廈(10層含以下有電梯),住家用,鋼筋混凝土造,,172.99,3,1,2,有,無,7650000,46165,坡道平面,35.44,1300000,,RPSOMLKMIIOFFCD97CB
南區,房地(土地+建物)+車位,臺南市南區水交社路20巷11號Da12F,20.55,住,,,1080228,土地1建物1車位1,二層,7,華廈(10層含以下有電梯),住家用,鋼筋混凝土造,,134.8,2,1,1,有,無,6000000,48309,坡道平面,35.44,1200000,含裝潢冷氣,RPTOMLKMIIOFFCD08CB
南區,房地(土地+建物)+車位,臺南市南區水交社路20巷11號Da1-3F,20.55,住,,,1080317,土地1建物1車位1,三層,7,華廈(10層含以下有電梯),住家用,鋼筋混凝土造,,134.76,2,1,1,有,無,5750000,43798,坡道平面,35.44,1400000,,RPUOMLKMIIOFFCD18CB
南區,房地(土地+建物)+車位,臺南市南區水交社路20巷11號Da1-4F,20.55,住,,,1080421,土地1建物1車位1,五層,7,華廈(10層含以下有電梯),住家用,鋼筋混凝土造,,136.01,2,1,1,有,無,5580000,44100,坡道平面,36.69,1200000,,RPVOMLKMIIOFFCD28CB
南區,房地(土地+建物)+車位,臺南市南區水交社路20巷11號Da1-5F,20.55,住,,,1070409,土地1建物1車位1,五層,7,華廈(10層含以下有電梯),住家用,鋼筋混凝土造,,134.76,2,1,1,有,無,5800000,46315,坡道平面,35.44,1200000,,RPWOMLKMIIOFFCD38CB
南區,房地(土地+建物)+車位,臺南市南區水交社路20巷11號Da1-6F,20.55,住,,,1070326,土地1建物1車位1,六層,7,華廈(10層含以下有電梯),住家用,鋼筋混凝土造,,136.01,2,1,1,有,無,6000000,47322,坡道平面,36.69,1300000,,RPXOMLKMIIOFFCD48CB
南區,房地(土地+建物)+車位,臺南市南區水交社路20巷11號Da1-7F,20.55,住,,,1080518,土地1建物1車位1,七層,7,華廈(10層含以下有電梯),住家用,鋼筋混凝土造,,134.76,2,1,1,有,無,5820000,44503,坡道平面,35.44,1400000,,RPOPMLKMIIOFFCD67CB
南區,房地(土地+建物)+車位,臺南市南區水交社路20巷11號Da2-2F,28.76,住,,,1080520,土地1建物1車位1,二層,7,華廈(10層含以下有電梯),住家用,鋼筋混凝土造,,175.97,3,1,2,有,無,7460000,43122,坡道平面,35.44,1400000,,RPTPMLKMIIOFFCD18CB
南區,房地(土地+建物)+車位,臺南市南區水交社路20巷11號Da2-3F,28.76,住,,,1080603,土地1建物1車位1,三層,7,華廈(10層含以下有電梯),住家用,鋼筋混凝土造,,175.84,3,1,2,有,無,7600000,44872,坡道平面,35.44,1300000,,RPUPMLKMIIOFFCD28CB
南區,房地(土地+建物)+車位,臺南市南區水交社路20巷11號Da2-4F,28.76,住,,,1070425,土地1建物1車位1,四層,7,華廈(10層含以下有電梯),住家用,鋼筋混凝土造,,175.84,3,1,2,有,無,7560000,45299,坡道平面,35.44,1200000,,RPWPMLKMIIOFFCD48CB
南區,房地(土地+建物)+車位,臺南市南區水交社路20巷11號Da2-5F,28.76,住,,,1070910,土地1建物1車位1,五層,7,華廈(10層含以下有電梯),住家用,鋼筋混凝土造,,175.84,3,1,2,有,無,7600000,44872,坡道平面,35.44,1300000,,RPOQMLKMIIOFFCD77CB
南區,房地(土地+建物)+車位,臺南市南區水交社路20巷11號Da2-6F,29.94,住,,,1080314,土地1建物1車位2,六層,7,華廈(10層含以下有電梯),住家用,鋼筋混凝土造,,211.28,3,1,2,有,無,8500000,40598,坡道平面,70.88,2800000,,RPQQMLKMIIOFFCD97CB
南區,房地(土地+建物)+車位,臺南市南區水交社路20巷11號Db1-2F,25.24,住,,,1071015,土地1建物1車位1,二層,7,華廈(10層含以下有電梯),住家用,鋼筋混凝土造,,149.1,3,1,2,有,無,6120000,42407,坡道平面,35.44,1300000,,RPSQMLKMIIOFFCD18CB
南區,房地(土地+建物)+車位,臺南市南區水交社路20巷11號Db1-3F,24.07,住,,,1070412,土地1建物1車位1,三層,7,華廈(10層含以下有電梯),住家用,鋼筋混凝土造,,147.98,3,1,2,有,無,6150000,43984,坡道平面,35.44,1200000,,RPTQMLKMIIOFFCD28CB
南區,房地(土地+建物)+車位,臺南市南區水交社路20巷11號Db1-4F,24.07,住,,,1070126,土地1建物1車位1,四層,7,華廈(10層含以下有電梯),住家用,鋼筋混凝土造,,149.23,3,1,2,有,無,6050000,42207,坡道平面,36.69,1300000,,RPUOMLLMIIOFFCD28CB
南區,房地(土地+建物)+車位,臺南市南區水交社路20巷11號Db1-6F,24.07,住,,,1070808,土地1建物1車位1,六層,7,華廈(10層含以下有電梯),住家用,鋼筋混凝土造,,147.98,3,1,2,有,無,6100000,43540,坡道平面,35.44,1200000,,RPOPMLLMIIOFFCD77CB
南區,房地(土地+建物)+車位,臺南市南區水交社路20巷11號Db1-7F,24.07,住,,,1080209,土地1建物1車位1,七層,7,華廈(10層含以下有電梯),住家用,鋼筋混凝土造,,148.02,3,1,2,有,無,6200000,42636,坡道平面,35.44,1400000,,RPQPMLLMIIOFFCD97CB
南區,房地(土地+建物)+車位,臺南市南區水交社路20巷11號Db2-1F,19.37,住,,,1070312,土地1建物1車位1,一層,7,華廈(10層含以下有電梯),住家用,鋼筋混凝土造,,119.27,2,1,1,有,無,5080000,46284,坡道平面,35.44,1200000,,RPRPMLLMIIOFFCD08CB
南區,房地(土地+建物)+車位,臺南市南區水交社路20巷11號Db2-2F,21.13,住,,,1080510,土地1建物1車位1,二層,7,華廈(10層含以下有電梯),住家用,鋼筋混凝土造,,130.09,2,1,1,有,無,5120000,41416,坡道平面,35.44,1200000,,RPTPMLLMIIOFFCD28CB
南區,房地(土地+建物)+車位,臺南市南區水交社路20巷11號Db2-3F,21.13,住,,,1070425,土地1建物1車位1,三層,7,華廈(10層含以下有電梯),住家用,鋼筋混凝土造,,129.7,2,1,1,有,無,5200000,42471,坡道平面,34.34,1150000,,RPVPMLLMIIOFFCD48CB
南區,房地(土地+建物)+車位,臺南市南區水交社路20巷11號Db1-5F,24.07,住,,,1080324,土地1建物1車位1,五層,7,華廈(10層含以下有電梯),住家用,鋼筋混凝土造,,147.98,3,1,2,有,無,6260000,43185,坡道平面,35.44,1400000,,RPRPMLLJJIOFFCD87CB
南區,房地(土地+建物)+車位,臺南市南區水交社路20巷11號Db2-4F,21.13,住,,,1071004,土地2建物1車位1,四層,7,華廈(10層含以下有電梯),住家用,鋼筋混凝土造,,132.05,2,1,1,有,無,5150000,41422,坡道平面,36.69,1200000,,RPSPMLLJJIOFFCD97CB
南區,房地(土地+建物)+車位,臺南市南區水交社路20巷11號Db2-5F,21.13,住,,,1070130,土地1建物1車位1,五層,7,華廈(10層含以下有電梯),住家用,鋼筋混凝土造,,132.05,2,1,1,有,無,5380000,43834,坡道平面,36.69,1200000,,RPTPMLLJJIOFFCD08CB
南區,房地(土地+建物)+車位,臺南市南區水交社路20巷11號Db2-6F,21.13,住,,,1071008,土地1建物1車位1,六層,7,華廈(10層含以下有電梯),住家用,鋼筋混凝土造,,130.8,2,1,1,有,無,5450000,42471,坡道平面,35.44,1400000,,RPUPMLLJJIOFFCD18CB
南區,房地(土地+建物)+車位,臺南市南區水交社路20巷11號Db2-7F,21.13,住,,,1070927,土地1建物1車位1,七層,7,華廈(10層含以下有電梯),住家用,鋼筋混凝土造,,131.34,2,1,1,有,無,6000000,50052,坡道平面,35.44,1200000,,RPVPMLLJJIOFFCD28CB
南區,房地(土地+建物)+車位,臺南市南區水交社路20巷11號Db3-1F,25.83,住,,,1070425,土地1建物1車位1,一層,7,華廈(10層含以下有電梯),住家用,鋼筋混凝土造,,150.64,3,1,2,有,無,6500000,46007,坡道平面,35.44,1200000,,RPWPMLLJJIOFFCD38CB
南區,房地(土地+建物)+車位,臺南市南區水交社路20巷11號Db3-2F,28.18,住,,,1080327,土地1建物1車位1,二層,7,華廈(10層含以下有電梯),住家用,鋼筋混凝土造,,164.85,3,1,2,有,無,6660000,40646,坡道平面,35.44,1400000,,RPXPMLLJJIOFFCD48CB
南區,房地(土地+建物)+車位,臺南市南區水交社路20巷11號Db3-3F,28.18,住,,,1070621,土地1建物1車位1,三層,7,華廈(10層含以下有電梯),住家用,鋼筋混凝土造,,164.85,3,1,2,有,無,6700000,42501,坡道平面,35.44,1200000,,RPOQMLLJJIOFFCD67CB
南區,房地(土地+建物)+車位,臺南市南區水交社路20巷11號Db3-4F,28.18,住,,,1070412,土地1建物1車位1,四層,7,華廈(10層含以下有電梯),住家用,鋼筋混凝土造,,166.1,3,1,2,有,無,6680000,42346,坡道平面,36.69,1200000,,RPPQMLLJJIOFFCD77CB
南區,房地(土地+建物)+車位,臺南市南區水交社路20巷11號Db3-5F,28.18,住,,,1070705,土地1建物1車位1,五層,7,華廈(10層含以下有電梯),住家用,鋼筋混凝土造,,164.85,3,1,2,有,無,6800000,42501,坡道平面,35.44,1300000,,RPQQMLLJJIOFFCD87CB
南區,房地(土地+建物)+車位,臺南市南區水交社路20巷11號Db3-6F,28.18,住,,,1070727,土地1建物1車位1,六層,7,華廈(10層含以下有電梯),住家用,鋼筋混凝土造,,163.75,3,1,2,有,無,6900000,42887,坡道平面,34.34,1350000,,RPRQMLLJJIOFFCD97CB
南區,房地(土地+建物)+車位,臺南市南區水交社路20巷11號Dc12F,24.07,住,,,1070705,土地1建物1車位1,二層,7,華廈(10層含以下有電梯),住家用,鋼筋混凝土造,,148.02,3,1,2,有,無,6750000,48410,坡道平面,35.44,1300000,含裝潢,RPSQMLLJJIOFFCD08CB
南區,房地(土地+建物)+車位,臺南市南區水交社路20巷11號Dc1-3F,24.07,住,,,1070720,土地1建物1車位1,三層,7,華廈(10層含以下有電梯),住家用,鋼筋混凝土造,,148.02,3,1,2,有,無,6150000,43080,坡道平面,35.44,1300000,,RPTQMLLJJIOFFCD18CB
南區,房地(土地+建物)+車位,臺南市南區水交社路20巷11號Dc1-4F,24.07,住,,,1070226,土地1建物1車位1,四層,7,華廈(10層含以下有電梯),住家用,鋼筋混凝土造,,148.02,3,1,2,有,無,6100000,43525,坡道平面,35.44,1200000,,RPUQMLLJJIOFFCD28CB
南區,房地(土地+建物)+車位,臺南市南區水交社路20巷11號Dc1-5F,24.07,住,,,1070802,土地1建物1車位1,五層,7,華廈(10層含以下有電梯),住家用,鋼筋混凝土造,,148.02,3,1,2,有,無,6060000,43169,坡道平面,35.44,1200000,,RPVQMLLJJIOFFCD38CB
南區,房地(土地+建物)+車位,臺南市南區水交社路20巷11號Dc1-6F,24.07,住,,,1070910,土地1建物1車位1,六層,7,華廈(10層含以下有電梯),住家用,鋼筋混凝土造,,148.02,3,1,2,有,無,6200000,42636,坡道平面,35.44,1400000,,RPWQMLLJJIOFFCD48CB
南區,房地(土地+建物)+車位,臺南市南區水交社路20巷11號Dc1-7F,24.07,住,,,1080518,土地1建物1車位1,七層,7,華廈(10層含以下有電梯),住家用,鋼筋混凝土造,,149.31,3,1,2,有,無,6320000,43687,坡道平面,36.69,1400000,,RPXQMLLJJIOFFCD58CB
南區,房地(土地+建物)+車位,臺南市南區水交社路20巷11號Dc2-1F,19.37,住,,,1071022,土地1建物1車位1,一層,7,華廈(10層含以下有電梯),住家用,鋼筋混凝土造,,118.66,2,1,1,有,無,5050000,45061,坡道平面,35.44,1300000,,RPORMLLJJIOFFCD77CB
南區,房地(土地+建物)+車位,臺南市南區水交社路20巷11號Dc2-2F,21.13,住,,,1071022,土地1建物1車位1,二層,7,華廈(10層含以下有電梯),住家用,鋼筋混凝土造,,129.85,2,1,1,有,無,5250000,40780,坡道平面,35.44,1400000,,RPPRMLLJJIOFFCD87CB
南區,房地(土地+建物)+車位,臺南市南區水交社路20巷11號Dc23F,21.13,住,,,1080329,土地1建物1車位1,三層,7,華廈(10層含以下有電梯),住家用,鋼筋混凝土造,,129.85,2,1,1,有,無,4760000,42792,坡道平面,35.44,720000,公司自售,RPQRMLLJJIOFFCD97CB
南區,房地(土地+建物)+車位,臺南市南區水交社路20巷11號Dc2-4F,21.13,住,,,1070223,土地1建物1車位1,四層,7,華廈(10層含以下有電梯),住家用,鋼筋混凝土造,,129.85,2,1,1,有,無,5150000,41839,坡道平面,35.44,1200000,,RPSRMLLJJIOFFCD18CB
南區,房地(土地+建物)+車位,臺南市南區西門路一段300巷58號3樓之5 B5-03F,25.45,住,,,1070930,土地1建物1車位1,三層,13,住宅大樓(11層含以上有電梯),住家用,鋼筋混凝土造,,126.5,2,2,1,有,無,5290000,42630,坡道平面,31.73,1250000,,RPROMLOJJIOFFCD08CB
南區,房地(土地+建物)+車位,臺南市南區西門路一段300巷58號4樓之5 B5-04F,25.45,住,,,1070922,土地1建物1車位1,四層,13,住宅大樓(11層含以上有電梯),住家用,鋼筋混凝土造,,125.47,2,2,1,有,無,5290000,43157,坡道平面,30.7,1200000,,RPSOMLOJJIOFFCD18CB
南區,房地(土地+建物),臺南市南區西門路一段300巷58號5樓之5 B5-05F,24.94,住,,,1070805,土地1建物1車位0,五層,13,住宅大樓(11層含以上有電梯),住家用,鋼筋混凝土造,,94.77,2,2,1,有,無,4500000,47483,,0.0,0,,RPTOMLOJJIOFFCD28CB
南區,房地(土地+建物),臺南市南區西門路一段300巷58號6樓之5 B5-06F,24.94,住,,,1070818,土地1建物1車位0,六層,13,住宅大樓(11層含以上有電梯),住家用,鋼筋混凝土造,,94.77,2,2,1,有,無,4500000,47483,,0.0,0,,RPUOMLOJJIOFFCD38CB
南區,房地(土地+建物),臺南市南區西門路一段300巷58號7樓之5 B5-07F,24.94,住,,,1070916,土地1建物1車位0,七層,13,住宅大樓(11層含以上有電梯),住家用,鋼筋混凝土造,,94.77,2,2,1,有,無,4550000,48011,,0.0,0,,RPVOMLOJJIOFFCD48CB
南區,房地(土地+建物)+車位,臺南市南區西門路一段300巷58號8樓之5 B5-08F,25.45,住,,,1070622,土地1建物1車位1,八層,13,住宅大樓(11層含以上有電梯),住家用,鋼筋混凝土造,,126.5,2,2,1,有,無,5520000,44529,坡道平面,31.73,1300000,,RPXOMLOJJIOFFCD68CB
南區,房地(土地+建物)+車位,臺南市南區西門路一段300巷58號9樓之5 B5-09F,25.45,住,,,1070715,土地1建物1車位1,九層,13,住宅大樓(11層含以上有電梯),住家用,鋼筋混凝土造,,126.5,2,2,1,有,無,5470000,44529,坡道平面,31.73,1250000,,RPOPMLOJJIOFFCD87CB
南區,房地(土地+建物)+車位,臺南市南區西門路一段300巷58號10樓之5 B5-10F,25.45,住,,,1070728,土地1建物1車位1,十層,13,住宅大樓(11層含以上有電梯),住家用,鋼筋混凝土造,,126.5,2,2,1,有,無,5470000,44529,坡道平面,31.73,1250000,,RPPPMLOJJIOFFCD97CB
南區,房地(土地+建物)+車位,臺南市南區西門路一段300巷58號11樓之5 B5-11F,25.45,住,,,1070624,土地1建物1車位1,十一層,13,住宅大樓(11層含以上有電梯),住家用,鋼筋混凝土造,,126.5,2,2,1,有,無,5450000,44318,坡道平面,31.73,1250000,,RPRPMLOJJIOFFCD18CB
南區,房地(土地+建物)+車位,臺南市南區西門路一段300巷58號12樓之5 B5-12F,25.45,住,,,1070801,土地1建物1車位1,十二層,13,住宅大樓(11層含以上有電梯),住家用,鋼筋混凝土造,,126.5,2,2,1,有,無,5480000,44634,坡道平面,31.73,1250000,,RPSPMLOJJIOFFCD28CB
南區,房地(土地+建物)+車位,臺南市南區興昌路76巷1號2樓之6 C1-02F,25.95,住,,,1071226,土地1建物1車位1,二層,13,住宅大樓(11層含以上有電梯),住家用,鋼筋混凝土造,,130.82,2,2,1,有,無,5680000,44202,坡道平面,31.73,1300000,,RPTPMLOJJIOFFCD38CB
南區,房地(土地+建物)+車位,臺南市南區興昌路76巷1號3樓之6 C1-03F,25.95,住,,,1080616,土地1建物1車位1,三層,13,住宅大樓(11層含以上有電梯),住家用,鋼筋混凝土造,,130.82,2,2,1,有,無,5630000,44202,坡道平面,31.73,1250000,,RPUPMLOJJIOFFCD48CB
南區,房地(土地+建物)+車位,臺南市南區興昌路76巷1號4樓之6 C1-04F,25.95,住,,,1071216,土地1建物1車位1,四層,13,住宅大樓(11層含以上有電梯),住家用,鋼筋混凝土造,,130.82,2,2,1,有,無,5620000,44101,坡道平面,31.73,1250000,,RPVPMLOJJIOFFCD58CB
南區,房地(土地+建物)+車位,臺南市南區興昌路76巷1號5樓之6 C1-05F,25.95,住,,,1071021,土地1建物1車位1,五層,13,住宅大樓(11層含以上有電梯),住家用,鋼筋混凝土造,,130.82,2,2,1,有,無,5730000,44707,坡道平面,31.73,1300000,,RPWPMLOJJIOFFCD68CB
南區,房地(土地+建物)+車位,臺南市南區興昌路76巷1號6樓之6 C1-06F,25.95,住,,,1070929,土地1建物1車位1,六層,13,住宅大樓(11層含以上有電梯),住家用,鋼筋混凝土造,,130.82,2,2,1,有,無,5700000,44909,坡道平面,31.73,1250000,,RPXPMLOJJIOFFCD78CB
南區,房地(土地+建物)+車位,臺南市南區興昌路76巷1號7樓之6 C1-07F,25.95,住,,,1080106,土地1建物1車位1,七層,13,住宅大樓(11層含以上有電梯),住家用,鋼筋混凝土造,,130.82,2,2,1,有,無,5820000,45615,坡道平面,31.73,1300000,,RPOQMLOJJIOFFCD97CB
南區,房地(土地+建物)+車位,臺南市南區水交社路20巷11號Dc2-5F,21.13,住,,,1080430,土地1建物1車位1,五層,7,華廈(10層含以下有電梯),住家用,鋼筋混凝土造,,131.1,2,1,1,有,無,5280000,42157,坡道平面,36.69,1300000,,RPWVMLQJJIOFFCD86CB
南區,房地(土地+建物)+車位,臺南市南區水交社路20巷11號Dc2-6F,21.13,住,,,1080506,土地1建物1車位1,六層,7,華廈(10層含以下有電梯),住家用,鋼筋混凝土造,,128.75,2,1,1,有,無,5310000,41945,坡道平面,34.34,1350000,,RPXVMLQJJIOFFCD96CB
南區,房地(土地+建物)+車位,臺南市南區水交社路20巷11號Dc2-7F,21.13,住,,,1080218,土地1建物1車位1,七層,7,華廈(10層含以下有電梯),住家用,鋼筋混凝土造,,129.39,2,1,1,有,無,6080000,49763,坡道平面,34.34,1350000,,RPQWMLQJJIOFFCD98CB
南區,房地(土地+建物)+車位,臺南市南區水交社路20巷11號Dc3-1F,25.83,住,,,1070301,土地1建物1車位1,一層,7,華廈(10層含以下有電梯),住家用,鋼筋混凝土造,,150.54,3,1,2,有,無,6500000,46047,坡道平面,35.44,1200000,,RPSWMLQJJIOFFCD56CB
南區,房地(土地+建物)+車位,臺南市南區水交社路20巷11號Dc3-2F,28.18,住,,,1070911,土地1建物1車位1,二層,7,華廈(10層含以下有電梯),住家用,鋼筋混凝土造,,164.9,3,1,2,有,無,6700000,41712,坡道平面,35.44,1300000,,RPTWMLQJJIOFFCD66CB
南區,房地(土地+建物)+車位,臺南市南區水交社路20巷11號Dc3-3F,28.18,住,,,1070705,土地1建物1車位1,三層,7,華廈(10層含以下有電梯),住家用,鋼筋混凝土造,,164.9,3,1,2,有,無,6800000,42484,坡道平面,35.44,1300000,,RPXOMLRJJIOFFCD98CB
南區,房地(土地+建物)+車位,臺南市南區水交社路20巷11號Dc3-4F,28.18,住,,,1070522,土地1建物1車位1,四層,7,華廈(10層含以下有電梯),住家用,鋼筋混凝土造,,166.15,3,1,2,有,無,6820000,41866,坡道平面,36.69,1400000,,RPOPMLRJJIOFFCD18CB
南區,房地(土地+建物)+車位,臺南市南區水交社路20巷11號Dc3-5F,28.18,住,,,1070613,土地1建物1車位1,五層,7,華廈(10層含以下有電梯),住家用,鋼筋混凝土造,,164.9,3,1,2,有,無,7000000,44029,坡道平面,35.44,1300000,,RPPPMLRJJIOFFCD28CB
南區,房地(土地+建物)+車位,臺南市南區水交社路20巷11號Dc3-6F,28.18,住,,,1070130,土地1建物1車位1,六層,7,華廈(10層含以下有電梯),住家用,鋼筋混凝土造,,166.15,3,1,2,有,無,6980000,43875,坡道平面,36.69,1300000,,RPQPMLRJJIOFFCD38CB
南區,房地(土地+建物)+車位,臺南市南區水交社路20巷11號Dd1-3F,20.55,住,,,1080506,土地1建物1車位1,三層,7,華廈(10層含以下有電梯),住家用,鋼筋混凝土造,,134.77,2,1,1,有,無,5630000,44599,坡道平面,35.44,1200000,,RPSPMLRJJIOFFCD58CB
南區,房地(土地+建物)+車位,臺南市南區水交社路20巷11號Dd1-4F,20.55,住,,,1070712,土地1建物1車位1,四層,7,華廈(10層含以下有電梯),住家用,鋼筋混凝土造,,134.75,2,1,1,有,無,5800000,45313,坡道平面,35.44,1300000,,RPTPMLRJJIOFFCD68CB
南區,房地(土地+建物)+車位,臺南市南區水交社路20巷11號Dd1-5F,20.55,住,,,1080226,土地1建物1車位1,五層,7,華廈(10層含以下有電梯),住家用,鋼筋混凝土造,,134.75,2,1,1,有,無,5800000,45313,坡道平面,35.44,1300000,,RPUPMLRJJIOFFCD78CB
南區,房地(土地+建物)+車位,臺南市南區水交社路20巷11號Dd1-6F,20.55,住,,,1070416,土地1建物1車位1,六層,7,華廈(10層含以下有電梯),住家用,鋼筋混凝土造,,136.0,2,1,1,有,無,5800000,46320,坡道平面,36.69,1200000,,RPVPMLRJJIOFFCD88CB
