﻿編號,土地位置,土地移轉面積(平方公尺),使用分區或編定,權利人持分分母,權利人持分分子,移轉情形,地號
The serial number, land position,land shifting area square meter,the use zoning or compiles and checks,,,,land parcel
RPRNMLMKQHOFFAD38CC,頂美段,95.54,都市：住,,,,09830000
RPTNMLMKQHOFFAD58CC,仁愛段,.00,非都市： ; 非都市編定：,,,,04500002
RPROMLMKQHOFFCD68CC,東安段,.00,非都市： ; 非都市編定：,,,,02250000
RPOOMLOKQHOFFHD09CC,三德段,22.12,都市：住,,,,04760000
RPROMLMKQHOFFAD48CC,金華段,.00,非都市： ; 非都市編定：,,,,00410058
RPPOMLMKQHOFFCD48CC,虎尾寮段,.00,非都市： ; 非都市編定：,,,,03660090
RPUNMLOKQHOFFAD88CC,永福段,26.00,都市：商,,,,06770000
RPQOMLMKQHOFFAD38CC,金華段,.00,非都市： ; 非都市編定：,,,,00410058
RPQOMLOKQHOFFHD66CC,圳西段,.00,都市：工,,,,04940012
RPQOMLPKQHOFFKD07CC,頂南段,.00,都市：住,,,,04000000
RPSNMLOKQHOFFKD07CC,成功段,34.73,都市：住,,,,02210000
RPXOMLPKQHOFFAD76CC,觀音段,90.70,都市：商,,,,04620000
RPXOMLPKQHOFFAD76CC,觀音段,9.24,都市：商,,,,04640000
RPRNMLQKQHOFFAD78CC,三民段,.00,非都市： ; 非都市編定：,,,,02380000
RPRNMLQKQHOFFAD78CC,三民段,.00,非都市： ; 非都市編定：,,,,02390000
RPOOMLPKQHOFFCD68CC,育樂段,32.75,都市：住,,,,04490000
RPUNMLQKQHOFFAD09CC,金華段,.00,非都市： ; 非都市編定：,,,,00640000
RPVNMLQKQHOFFAD56CC,銀同段,.00,非都市： ; 非都市編定：,,,,10610000
RPVNMLQKQHOFFAD56CC,銀同段,.00,非都市： ; 非都市編定：,,,,10620000
RPVNMLQKQHOFFAD56CC,銀同段,.00,非都市： ; 非都市編定：,,,,10630000
RPOOMLQKQHOFFAD58CC,頂美段,.00,非都市： ; 非都市編定：,,,,07530000
RPRNMLQKQHOFFCD09DC,龍泉段,99.34,都市：商,,,,06080000
RPRNMLQKQHOFFCD09DC,龍泉段,19.44,都市：商,,,,06090000
RPPNMLQKQHOFFKD96CC,橋北段,.00,都市：住,,,,00520000
RPOOMLTKQHOFFBD98CC,溪東段,109.70,都市：住,,,,01480004
RPQOMLQKQHOFFAD78CC,金城段,.00,非都市： ; 非都市編定：,,,,00750001
RPWOMLPKQHOFFCD86CC,仁和段,.00,都市：住,,,,00900001
RPVNMLTKQHOFFCD07CC,仁和段,23.94,都市：住,,,,00900000
RPTNMLKLQHOFFCD68CC,水交社段,.00,非都市： ; 非都市編定：,,,,00020000
RPOOMLKLQHOFFCD28CC,鹽埕段,146.00,都市：住,,,,02300308
RPXOMLTKQHOFFCD37CC,德高段,.00,非都市： ; 非都市編定：,,,,07110002
RPUNMLKLQHOFFCD78CC,公英段,35.83,都市：住,,,,00080000
RPUNMLKLQHOFFBD68CC,和館段,.00,都市：住,,,,00440817
RPROMLKLQHOFFKD76CC,兵南段,24.25,都市：住,,,,05450000
RPWNMLKLQHOFFKD17CC,鹽東段,.00,都市：住,,,,16650000
RPSOMLLLQHOFFKD96CC,大灣段,.00,非都市： ; 非都市編定：,,,,73330010
RPRNMLLLQHOFFBD48CC,海東段,.00,都市：住,,,,01390000
RPTNMLQKQHOFFID17CC,健康段,.00,都市：住,,,,00180018
RPWNMLPKQHOFFID37CC,媽祖廟段二小段,.00,非都市：特定農業區 ; 非都市編定：農牧用地,,,,02000000
RPTNMLOKQHOFFID96CC,白崙段,.00,都市：商,,,,00890005
RPRNMLLLQHOFFCD58CC,大林段,.00,都市：住,,,,03160000
RPQOMLLLQHOFFCD58CC,東寧段,.00,都市：商,,,,06940000
RPOPMLMLQHOFFCD58CC,精忠段,.00,都市：住,,,,11110000
RPSPMLMLQHOFFCD98CC,虎尾寮段,.00,都市：住,,,,03520004
RPSPMLMLQHOFFCD98CC,虎尾寮段,.00,都市：住,,,,03520028
RPUPMLMLQHOFFCD56CC,富強段,112.48,都市：住,,,,06190000
RPWNMLMLQHOFFBD09CC,怡中段,.00,都市：住,,,,08820000
RPTNMLMLQHOFFID86CC,林仔段,.00,都市：工,,,,10190004
RPVNMLMLQHOFFKD27CC,六甲頂段,.00,都市：住,,,,10910000
RPOOMLNLQHOFFKD76CC,頂西段,.00,都市：工,,,,01150000
RPOOMLNLQHOFFKD76CC,頂西段,.00,都市：工,,,,01210000
RPQOMLNLQHOFFKD96CC,大灣段,.00,都市：住,,,,83090001
RPSOMLNLQHOFFKD17CC,兵北段,.00,都市：住,,,,00100000
RPQNMLKLQHOFFDD48CC,新岸段,75.02,都市：住,,,,03150000
RPROMLKLQHOFFAD38CC,保安段,.00,非都市： ; 非都市編定：,,,,60000025
RPOOMLNLQHOFFAD38CC,郡王祠段,37.50,都市：住,,,,22600000
RPWOMLMLQHOFFAD09CC,仁愛段,.00,都市：住,,,,10940003
RPQNMLKLQHOFFAD18CC,立人段,.00,都市：住,,,,00650003
RPSNMLLLQHOFFAD48CC,大豐段,.00,都市：住,,,,01970000
RPUNMLLLQHOFFAD68CC,廣慈段,.00,都市：商,,,,01540000
RPUNMLLLQHOFFAD68CC,廣慈段,.00,都市：商,,,,01550000
RPUNMLLLQHOFFAD68CC,廣慈段,.00,都市：商,,,,01560000
RPPOMLKLQHOFFAD18CC,金華段,.00,都市：住,,,,01050001
RPVNMLKLQHOFFAD68CC,開元段,.00,都市：其他:廣場兼停車場用地,,,,03610025
RPVNMLKLQHOFFAD68CC,開元段,.00,都市：商,,,,05970000
RPVNMLKLQHOFFAD68CC,開元段,.00,都市：住,,,,06180000
RPQOMLNLQHOFFCD78CC,虎尾寮段,.00,都市：住,,,,04610000
RPSOMLNLQHOFFCD98CC,光明段,.00,都市：住,,,,06380000
RPPOMLNLQHOFFCD68CC,虎尾寮段,.00,都市：住,,,,03320006
RPVNMLQLQHOFFAD66CC,開元段,.00,都市：商,,,,03610005
RPQOMLQLQHOFFAD88CC,小北段,.00,都市：住,,,,04220000
RPOPMLNLQHOFFAD48CC,金華段,.00,非都市： ; 非都市編定：,,,,00410058
RPSOMLNLQHOFFAD78CC,青年段,.00,都市：商,,,,02540000
RPSOMLNLQHOFFAD78CC,青年段,.00,都市：商,,,,02550000
RPSOMLNLQHOFFAD78CC,青年段,.00,都市：商,,,,02560000
RPTOMLQLQHOFFCD76CC,公英段,.00,都市：住,,,,07700000
RPXOMLNLQHOFFAD66CC,小北段,.00,非都市： ; 非都市編定：,,,,09690151
RPXOMLNLQHOFFAD66CC,小北段,.00,非都市： ; 非都市編定：,,,,09690152
RPVOMLQLQHOFFAD76CC,自強段,.00,都市：商,,,,07140000
RPVOMLQLQHOFFAD76CC,自強段,.00,都市：商,,,,07150000
RPVOMLQLQHOFFAD76CC,自強段,.00,都市：商,,,,07160000
RPVOMLQLQHOFFAD76CC,自強段,.00,都市：商,,,,07170000
RPOOMLQLQHOFFCD88CC,新東段,.00,都市：住,,,,13880000
RPTNMLQLQHOFFCD66CC,鹽埕段,.00,都市：住,,,,02900756
RPQPMLQLQHOFFAD98CC,富台段,.00,都市：住,,,,09220000
RPVNMLQLQHOFFKD67CC,蔦松南段,.00,都市：住,,,,06380000
RPTOMLQLQHOFFAD56CC,仁愛段,.00,都市：住,,,,00090000
RPVNMLQLQHOFFID47CC,?豬厝段,.00,非都市：一般農業區 ; 非都市編定：甲種建築用地,,,,09220009
RPOOMLQLQHOFFID86CC,媽祖廟段二小段,.00,非都市：鄉村區 ; 非都市編定：乙種建築用地,,,,07930000
RPUNMLQLQHOFFID37CC,?豬厝段,.00,非都市：一般農業區 ; 非都市編定：農牧用地,,,,09220005
RPXNMLQLQHOFFBD96CC,海東段,.00,都市：住,,,,04340013
RPVOMLQLQHOFFHD47CC,大榮段,43.80,都市：住,,,,07450000
RPTNMLRLQHOFFCD76CC,仁和段,.00,都市：住,,,,08940000
RPSNMLRLQHOFFGD17DC,興化段,167.00,非都市：鄉村區 ; 非都市編定：乙種建築用地,,,,01120000
RPPOMLRLQHOFFCD09CC,富農段,.00,都市：住,,,,00480000
RPPOMLRLQHOFFCD09CC,富農段,.00,都市：住,,,,00480001
RPQNMLSLQHOFFCD56CC,公英段,.00,都市：住,,,,00080000
RPUNMLSLQHOFFAD76CC,光賢段,.00,非都市： ; 非都市編定：,,,,00570441
RPUNMLSLQHOFFAD76CC,光賢段,.00,非都市： ; 非都市編定：,,,,00570449
RPSNMLSLQHOFFCD76CC,富農段,.00,都市：住,,,,08970000
RPQNMLSLQHOFFHD07CC,光華段,.00,都市：住,,,,13160000
RPSNMLSLQHOFFHD27CC,華興段,22.10,都市：住,,,,01500000
RPSNMLSLQHOFFID37CC,中清段,.00,都市：住,,,,01630003
RPQNMLTLQHOFFHD17CC,南港段,93.47,非都市： ; 非都市編定：,,,,02550000
RPSNMLTLQHOFFHD37CC,慶安段,.00,都市：住,,,,03870006
RPSNMLTLQHOFFKD67CC,六甲頂段,.00,都市：住,,,,10910000
RPTNMLTLQHOFFKD77CC,六甲頂段,.00,都市：住,,,,08630000
RPTOMLQLQHOFFKD57CC,鹽中段,.00,都市：住,,,,04560033
RPXPMLQLQHOFFKD08CC,兵南段,.00,都市：商,,,,01160000
RPQOMLSLQHOFFAD09CC,開元段,.40,都市：住,,,,06180000
RPQOMLSLQHOFFAD09CC,開元段,84.70,都市：商,,,,05970000
RPQOMLSLQHOFFAD09CC,開元段,.03,都市：其他:停車場用地,,,,03610025
RPUOMLQLQHOFFKD67CC,鹽埕段,.00,都市：住,,,,04700000
RPXNMLSLQHOFFAD07CC,中山段,.00,都市：商,,,,05360000
RPQPMLQLQHOFFKD37CC,永康段,1811.00,都市：住,,,,15080000
RPWNMLQLQHOFFKD77CC,中興段,.00,都市：住,,,,08900000
RPQOMLQLQHOFFKD27CC,南新段,.00,都市：住,,,,03920000
RPQOMLQLQHOFFKD27CC,南新段,.00,都市：住,,,,03930000
RPQOMLQLQHOFFKD27CC,南新段,.00,都市：住,,,,03890000
RPQOMLQLQHOFFKD27CC,南新段,.00,都市：住,,,,00820000
RPQOMLQLQHOFFKD27CC,南新段,.00,都市：住,,,,03960000
RPTOMLTLQHOFFAD86CC,三民段,74.24,都市：商,,,,01470000
RPXNMLTLQHOFFAD17CC,大豐段,.00,都市：住,,,,06720000
RPXNMLTLQHOFFAD17CC,大豐段,.00,都市：住,,,,06730000
RPPOMLKMQHOFFKD66CC,永信段,.00,都市：住,,,,02990000
RPSOMLKMQHOFFID76CC,武東段,132.93,都市：住,,,,05290028
RPSOMLKMQHOFFID76CC,武東段,503.22,都市：住,,,,05290034
RPWOMLKMQHOFFCD56CC,龍泉段,3.31,都市：商,,,,02210000
RPWOMLKMQHOFFCD56CC,龍泉段,3.15,都市：商,,,,02250000
RPOQMLTLQHOFFCD76CC,光華段,.00,非都市： ; 非都市編定：,,,,14000000
RPUNMLTLQHOFFCD07CC,東安段,.00,非都市： ; 非都市編定：,,,,06190000
RPOOMLTLQHOFFAD98CC,銀同段,.00,都市：商,,,,06090000
RPOOMLTLQHOFFAD98CC,銀同段,.00,都市：商,,,,06100000
RPTOMLKMQHOFFID86CC,歸仁南段,62.00,非都市：鄉村區 ; 非都市編定：乙種建築用地,,,,10630012
RPXNMLKMQHOFFKD37CC,永興段,.00,都市：住,,,,01500000
RPRPMLTLQHOFFCD96CC,鹽埕段,.00,都市：住,,,,20680007
RPTNMLMJRHOFFKD96CC,蜈蜞潭段,9.60,都市：住,,,,20130001
RPROMLMJRHOFFKD86CC,南工段,.00,非都市： ; 非都市編定：,,,,01410000
RPROMLMJRHOFFKD86CC,南工段,.00,非都市： ; 非都市編定：,,,,01420000
RPVOMLKMQHOFFKD27CC,永強段,.00,都市：住,,,,06080000
RPTOMLMJRHOFFAD68CC,仁愛段,.00,非都市： ; 非都市編定：,,,,04500002
RPSOMLMJRHOFFCD78CC,光明段,50.00,都市：商,,,,02090000
RPSOMLMJRHOFFCD78CC,光明段,10.00,都市：商,,,,02090001
RPSOMLMJRHOFFCD78CC,光明段,56.00,都市：商,,,,02100000
RPSOMLMJRHOFFCD78CC,光明段,4.00,都市：商,,,,02100001
RPXNMLNJRHOFFAD09CC,新南段,97.39,都市：住,,,,05970000
RPQPMLOJRHOFFAD68CC,東豐段,.00,都市：住,,,,07210000
RPQPMLOJRHOFFAD68CC,東豐段,.00,都市：住,,,,07220000
RPPOMLOJRHOFFCD68CC,鹽埕段,.00,都市：住,,,,02680008
RPTOMLNJRHOFFAD78CC,漁光段,24.75,都市：商,,,,08690000
RPUNMLOJRHOFFAD88CC,金城段,297.00,都市：住,,,,00550041
RPUNMLOJRHOFFAD88CC,金城段,229.00,都市：住,,,,00550047
RPPPMLOJRHOFFAD58CC,立人段,.00,都市：住,,,,00510026
RPTNMLOJRHOFFAD78CC,新南段,756.00,都市：住,,,,01030010
RPSNMLOJRHOFFCD88CC,竹篙厝段,64.00,都市：住,,,,12540003
RPOOMLOJRHOFFKD76CC,蔦松南段,.00,都市：住,,,,06380000
RPROMLOJRHOFFCD88CC,虎尾寮段,.00,都市：住,,,,03670021
RPRQMLOJRHOFFAD88CC,保安段,.00,都市：商,,,,11290000
RPRQMLOJRHOFFAD88CC,保安段,.00,都市：商,,,,11310000
RPQNMLOJRHOFFFD98CC,溝子墘段,.00,都市：農,,,,01410045
RPQOMLOJRHOFFCD78CC,虎尾寮段,.00,都市：住,,,,03670021
RPSOMLOJRHOFFKD17CC,崑山段,.00,都市：住,,,,09280000
RPVNMLPJRHOFFKD47CC,成功段,.00,都市：住,,,,01860000
RPPNMLPJRHOFFBD58CC,公學段,.00,非都市： ; 非都市編定：,,,,00080000
RPTNMLPJRHOFFCD09CC,新東段,.00,非都市： ; 非都市編定：,,,,03730001
RPVNMLPJRHOFFCD66CC,鹽埕段,.00,都市：住,,,,01770000
RPVNMLPJRHOFFCD66CC,鹽埕段,.00,都市：住,,,,01770006
RPVNMLPJRHOFFID27CC,媽祖廟段二小段,.00,非都市：鄉村區 ; 非都市編定：乙種建築用地,,,,07930000
RPTNMLOJRHOFFID96CC,崙中段,.00,都市：住,,,,00550013
RPXNMLPJRHOFFCD86CC,竹篙厝段,.00,都市：住,,,,16860002
RPUPMLPJRHOFFCD76CC,仁和段,.00,都市：住,,,,13350000
RPUNMLPJRHOFFCD56CC,竹篙厝段,.00,都市：住,,,,10430004
RPPQMLQJRHOFFCD09CC,新東段,.00,非都市： ; 非都市編定：,,,,05660000
RPQQMLQJRHOFFCD56CC,仁和段,.00,非都市： ; 非都市編定：,,,,02470000
RPWNMLQJRHOFFCD86CC,鹽埕段,.00,都市：工,,,,30360071
RPXNMLQJRHOFFBD86CC,淵西段,.00,非都市： ; 非都市編定：,,,,05700000
RPPNMLTJRHOFFID07CC,中正段,20.30,都市：住,,,,06040000
RPVNMLTJRHOFFHD57CC,善昌段,91.38,非都市： ; 非都市編定：,,,,09040006
RPUNMLTJRHOFFKD77CC,鹽東段,734.87,都市：住,,,,17760000
RPVOMLTJRHOFFBD07CC,東和段,342.99,都市：農,,,,00040001
RPPPMLQJRHOFFAD78CC,青年段,5.33,都市：其他:空白,,,,00580000
RPOOMLTJRHOFFBD98CC,鎮安段,72.55,都市：住,,,,04780000
RPOOMLTJRHOFFBD98CC,鎮安段,1.15,都市：住,,,,04410000
RPOOMLTJRHOFFBD98CC,鎮安段,8.11,都市：住,,,,04490000
RPOOMLTJRHOFFBD98CC,鎮安段,.39,都市：住,,,,04530000
RPOOMLTJRHOFFBD98CC,鎮安段,10.69,都市：住,,,,04730000
RPQOMLQJRHOFFAD78CC,金華段,.00,非都市： ; 非都市編定：,,,,01050001
RPOOMLTJRHOFFBD98CC,鎮安段,.39,都市：住,,,,05110000
RPSNMLQJRHOFFAD88CC,中正段,.00,都市：商,,,,05060000
RPVNMLTJRHOFFCD07CC,公英段,.00,都市：住,,,,00080000
RPPOMLQJRHOFFAD68CC,金城段,.00,非都市： ; 非都市編定：,,,,00520015
RPPOMLQJRHOFFAD68CC,金城段,.00,非都市： ; 非都市編定：,,,,00520018
RPOOMLQJRHOFFAD58CC,金城段,.00,非都市： ; 非都市編定：,,,,00070001
RPTNMLPJRHOFFAD88CC,郡王祠段,.00,非都市： ; 非都市編定：,,,,22240000
RPTPMLTJRHOFFAD86CC,青年段,814.54,都市：住,,,,02540000
RPTPMLTJRHOFFAD86CC,青年段,1907.47,都市：住,,,,02550000
RPTPMLTJRHOFFAD86CC,青年段,77.59,都市：住,,,,02560000
RPUPMLTJRHOFFAD96CC,正興段,.00,都市：住,,,,09320006
RPPNMLKKRHOFFAD08CC,金華段,.00,都市：住,,,,00990000
RPPOMLKKRHOFFCD38CC,竹篙厝段,31.97,都市：住,,,,12750000
RPUOMLKKRHOFFBD78CC,草湖段,394.72,都市：住,,,,06900000
RPOOMLKKRHOFFAD18DC,北元段,564.86,都市：住,,,,06210014
RPQNMLLKRHOFFHD98CC,善昌段,.00,都市：住,,,,07410001
RPOOMLLKRHOFFCD38CC,富裕段,.00,非都市： ; 非都市編定：,,,,10140000
RPROMLLKRHOFFCD68CC,水交社段,.00,都市：商,,,,00510000
RPTOMLKKRHOFFKD96CC,兵南段,13.03,都市：住,,,,05450000
RPQOMLLKRHOFFKD76CC,兵南段,.00,都市：住,,,,05840000
RPTNMLLKRHOFFKD96CC,六甲頂段,.00,非都市： ; 非都市編定：,,,,06840000
RPTNMLLKRHOFFKD96CC,六甲頂段,.00,非都市： ; 非都市編定：,,,,06910000
RPTNMLLKRHOFFKD96CC,六甲頂段,.00,非都市： ; 非都市編定：,,,,06930000
RPTNMLLKRHOFFKD96CC,六甲頂段,.00,非都市： ; 非都市編定：,,,,06940000
RPQNMLKKRHOFFKD56CC,崑山段,14.29,都市：住,,,,10110000
RPOOMLMKRHOFFCD48CC,竹篙厝段,.00,都市：住,,,,40260000
RPQNMLKKRHOFFKD56CC,崑山段,15.50,都市：住,,,,10120000
RPQNMLKKRHOFFKD56CC,崑山段,109.61,都市：住,,,,10130000
RPQNMLKKRHOFFKD56CC,崑山段,72.43,都市：住,,,,10140000
RPQNMLKKRHOFFKD56CC,崑山段,327.82,都市：住,,,,10150000
RPQNMLKKRHOFFKD56CC,崑山段,60.27,都市：住,,,,10200000
RPQNMLKKRHOFFKD56CC,崑山段,78.87,都市：住,,,,10210000
RPQNMLKKRHOFFKD56CC,崑山段,136.38,都市：住,,,,10220000
RPQNMLKKRHOFFKD56CC,崑山段,136.46,都市：住,,,,10230000
RPQNMLKKRHOFFKD56CC,崑山段,130.67,都市：住,,,,10240000
RPQNMLKKRHOFFKD56CC,崑山段,156.34,都市：住,,,,10250000
RPQNMLKKRHOFFKD56CC,崑山段,149.66,都市：住,,,,10260000
RPQNMLKKRHOFFKD56CC,崑山段,138.56,都市：住,,,,10270000
RPQNMLKKRHOFFKD56CC,崑山段,13.54,都市：住,,,,10280000
RPQNMLKKRHOFFKD56CC,崑山段,39.96,都市：住,,,,10320000
RPPNMLMKRHOFFKD66CC,崑山段,367.10,都市：工,,,,00350000
RPPNMLMKRHOFFKD66CC,崑山段,231.30,都市：工,,,,00360000
RPTNMLQKRHOFFKD47CC,南新段,6.91,非都市： ; 非都市編定：,,,,07980000
RPRNMLQKRHOFFHD96CC,新吉段,2613.00,非都市：一般農業區 ; 非都市編定：農牧用地,,,,12630000
RPXNMLRKRHOFFHD67CC,新吉段,.00,非都市：特定農業區 ; 非都市編定：甲種建築用地,,,,08100012
RPUNMLQKRHOFFHD27CC,華興段,166.22,都市：住,,,,05150000
RPVNMLSKRHOFFID67CC,車頭段,.00,都市：農,,,,05140000
RPTNMLSKRHOFFHD37CC,光文段,122.19,非都市： ; 非都市編定：,,,,03120000
RPTNMLSKRHOFFHD37CC,光文段,120.43,非都市： ; 非都市編定：,,,,03130000
RPXNMLSKRHOFFCD27CC,裕東段,.00,都市：住,,,,07110047
RPRNMLSKRHOFFDD76CC,茄苳?段,72.00,都市：住,,,,10520015
RPWOMLTKRHOFFAD17CC,觀音段,.00,非都市： ; 非都市編定：,,,,03060000
RPOOMLSKRHOFFAD88CC,觀音段,.00,都市：商,,,,03060000
RPOPMLTKRHOFFAD09CC,金華段,.00,非都市： ; 非都市編定：,,,,00370039
RPQOMLLKRHOFFAD38CC,仁愛段,.00,都市：住,,,,10730020
RPOOMLLKRHOFFAD18CC,自強段,.00,都市：商,,,,11010000
RPSOMLKKRHOFFAD48CC,延平段,41.91,都市：住,,,,11690060
RPPOMLSKRHOFFAD98CC,星鑽段,193.81,都市：住,,,,04090000
RPPOMLSKRHOFFAD98CC,星鑽段,13.92,都市：住,,,,04100000
RPPOMLLKRHOFFAD28CC,頂美段,.00,都市：住,,,,08390000
RPQOMLRKRHOFFKD37CC,大灣段,.00,都市：商,,,,61410000
RPTNMLSKRHOFFKD67CC,永中段,.00,都市：農,,,,01180004
RPTNMLSKRHOFFKD67CC,永中段,.00,都市：農,,,,01190004
RPTNMLSKRHOFFKD67CC,永中段,.00,都市：農,,,,01200014
RPTNMLSKRHOFFKD67CC,永中段,.00,都市：農,,,,01200013
RPTNMLSKRHOFFKD67CC,永中段,.00,都市：農,,,,01190003
RPTNMLSKRHOFFKD67CC,永中段,.00,都市：農,,,,01180003
RPVNMLKLRHOFFBD88CC,砂崙段,.00,都市：住,,,,09350014
RPXNMLTKRHOFFBD27CC,溪南段,998.57,都市：農,,,,07190000
RPVNMLKLRHOFFCD98CC,新興段,.00,都市：住,,,,04570002
RPQNMLTKRHOFFKD47CC,大灣段,.00,都市：商,,,,63360000
RPSNMLNLRHOFFCD98CC,鹽埕段,127.00,都市：住,,,,00920016
RPPNMLLLRHOFFHD98CC,大成段,22.06,都市：住,,,,05910000
RPWOMLKLRHOFFKD37CC,蜈蜞潭段,.00,都市：住,,,,18330000
RPWOMLKLRHOFFKD37CC,蜈蜞潭段,.00,都市：住,,,,18340000
RPXOMLKLRHOFFID27CC,崁腳北段,238.32,都市：農,,,,09990000
RPXOMLKLRHOFFKD47CC,蜈蜞潭段,.00,都市：住,,,,11900000
RPRNMLKLRHOFFFD88CC,中?段,86.00,都市：住,,,,02020003
RPTNMLNLRHOFFCD09CC,鹽埕段,.00,都市：住,,,,06770712
RPOPMLNLRHOFFCD78CC,竹篙厝段,.00,都市：商,,,,16780008
RPUOMLNLRHOFFCD66CC,泉南段,136.70,都市：住,,,,00190000
RPQOMLOLRHOFFCD98CC,竹篙厝段,74.00,都市：商,,,,19980053
RPRNMLOLRHOFFBD88CC,安東段,.00,都市：住,,,,03770000
RPOOMLOLRHOFFKD96CC,鹽東段,.00,都市：住,,,,17120037
RPSNMLOLRHOFFBD98CC,國安段,.00,都市：住,,,,10270000
RPTNMLPLRHOFFKD47CC,六合段,264.46,都市：住,,,,00990000
RPSOMLPLRHOFFKD47CC,永興段,.00,都市：住,,,,00130000
RPOOMLPLRHOFFCD88CC,東寧段,23.62,都市：商,,,,04800000
RPPPMLPLRHOFFCD09CC,東寧段,23.62,都市：商,,,,04800000
RPPOMLPLRHOFFCD98CC,東寧段,23.62,都市：商,,,,04800000
RPPOMLOLRHOFFAD68CC,南門段,.00,都市：商,,,,19760000
RPSNMLPLRHOFFAD98CC,赤崁段,19.01,都市：商,,,,04390000
RPPOMLQLRHOFFAD88CC,立人段,.00,都市：住,,,,00530000
RPPOMLNLRHOFFAD58CC,自強段,.00,都市：商,,,,03250000
RPXOMLOLRHOFFAD86CC,金華段,26.36,都市：住,,,,00580029
RPSOMLOLRHOFFAD98CC,金華段,.00,都市：商,,,,01330000
RPWOMLQLRHOFFAD96CC,青年段,.00,都市：商,,,,03010000
RPQOMLOLRHOFFAD78CC,康祥段,.00,都市：住,,,,06850000
RPQOMLOLRHOFFAD78CC,康祥段,.00,都市：住,,,,06950000
RPSPMLNLRHOFFAD98CC,北元段,.00,都市：住,,,,01640000
RPQPMLNLRHOFFAD78CC,立人段,.00,都市：住,,,,00520000
RPRNMLQLRHOFFCD56CC,育樂段,.00,都市：住,,,,12870008
RPRNMLQLRHOFFCD56CC,育樂段,.00,都市：住,,,,12870013
RPPOMLQLRHOFFCD09CC,龍泉段,.00,都市：住,,,,16590000
RPUOMLQLRHOFFBD86CC,朝皇段,.00,都市：住,,,,04250000
RPUOMLQLRHOFFBD86CC,朝皇段,.00,都市：住,,,,04230000
RPUOMLQLRHOFFBD86CC,朝皇段,.00,都市：住,,,,04240001
RPSNMLRLRHOFFBD66CC,怡中段,.00,都市：住,,,,09720008
RPVNMLRLRHOFFBD96CC,溪東段,.00,非都市： ; 非都市編定：,,,,10840000
RPPPMLQLRHOFFKD37CC,大灣段,.00,都市：商,,,,62280000
RPWNMLRLRHOFFBD07CC,溪東段,.00,非都市： ; 非都市編定：,,,,10840000
RPXNMLRLRHOFFBD17CC,溪東段,.00,非都市： ; 非都市編定：,,,,10840000
RPOOMLRLRHOFFKD27CC,兵南段,.00,都市：住,,,,05830000
RPWNMLRLRHOFFAD96CC,新南段,.00,都市：商,,,,00370005
RPPNMLRLRHOFFID17DC,車路墘段,558.00,都市：住,,,,08210000
RPPNMLRLRHOFFID17DC,車路墘段,1193.00,都市：農,,,,08200000
RPPOMLRLRHOFFAD98CC,金華段,306.00,都市：住,,,,00420007
RPTQMLRLRHOFFHD77DC,善文段,.00,非都市： ; 非都市編定：,,,,09980000
RPTQMLRLRHOFFHD77DC,善文段,.00,非都市： ; 非都市編定：,,,,09990000
RPTNMLRLRHOFFBD86DC,新淵段,147.16,都市：住,,,,00290000
RPUQMLKMRHOFFHD17CC,潭頂段,76.00,非都市：鄉村區 ; 非都市編定：乙種建築用地,,,,05950012
RPUNMLKMRHOFFBD88CC,溪東段,84.05,都市：住,,,,11250007
RPSNMLLJIIOFFHD28CC,光文段,122.19,非都市： ; 非都市編定：,,,,03120000
RPSNMLLJIIOFFHD28CC,光文段,120.43,非都市： ; 非都市編定：,,,,03130000
RPVQMLLJIIOFFCD38CC,富農段,.00,都市：住,,,,08740000
RPUQMLLJIIOFFCD28CC,富農段,.00,都市：住,,,,08740000
RPTNMLRLRHOFFCD86CC,水交社段,.00,都市：商,,,,00220000
RPROMLKMRHOFFCD78CC,水交社段,13.28,都市：住,,,,00060000
RPSQMLLJIIOFFCD08CC,龍泉段,.00,都市：住,,,,15380000
RPQOMLQLRHOFFCD56CC,德高段,.00,都市：住,,,,02590016
RPXNMLRLRHOFFCD27CC,東寧段,.00,都市：住,,,,02980000
RPXQMLLJIIOFFCD58CC,仁和段,.00,都市：住,,,,09200067
RPUNMLMJIIOFFAD87CC,金華段,.00,都市：住,,,,01220009
RPTPMLLJIIOFFAD87CC,武聖段,106.39,都市：住,,,,12060000
RPQOMLMJIIOFFAD57CC,漁光段,.00,都市：商,,,,08690000
RPVNMLMJIIOFFAD97CC,漁光段,.00,都市：商,,,,08660000
RPPOMLKMRHOFFAD38CC,漁光段,.00,都市：商,,,,08660000
RPOQMLLJIIOFFAD47CC,大興段,6.29,都市：其他:道路用地,,,,15080000
RPOQMLLJIIOFFAD47CC,大興段,67.28,都市：住,,,,15090000
RPOQMLLJIIOFFAD47CC,大興段,57.60,都市：住,,,,15100000
RPOQMLLJIIOFFAD47CC,大興段,57.60,都市：住,,,,15110000
RPOQMLLJIIOFFAD47CC,大興段,67.28,都市：住,,,,15120000
RPOQMLLJIIOFFAD47CC,大興段,6.29,都市：其他:道路用地,,,,15130000
RPOQMLLJIIOFFAD47CC,大興段,6.29,都市：其他:道路用地,,,,15140000
RPOQMLLJIIOFFAD47CC,大興段,251.74,都市：住,,,,15150000
RPOQMLLJIIOFFAD47CC,大興段,101.07,都市：住,,,,15180000
RPOQMLLJIIOFFAD47CC,大興段,5.55,都市：其他:道路用地,,,,15190000
RPOQMLLJIIOFFAD47CC,大興段,133.05,都市：住,,,,15340000
RPOQMLLJIIOFFAD47CC,大興段,139.30,都市：住,,,,15350000
RPPNMLSLRHOFFAD98CC,漁光段,.00,非都市： ; 非都市編定：,,,,08660000
RPROMLMJIIOFFAD67CC,自強段,.00,都市：商,,,,09420000
RPROMLMJIIOFFAD67CC,自強段,.00,都市：商,,,,09680000
RPTNMLMJIIOFFAD77CC,漁光段,.00,都市：商,,,,08660000
RPQNMLKMRHOFFAD38CC,頂美段,.00,非都市： ; 非都市編定：,,,,15120037
RPXOMLMJIIOFFAD28CC,永安段,.00,都市：商,,,,14970000
RPXOMLMJIIOFFAD28CC,永安段,.00,都市：商,,,,15010000
RPXOMLMJIIOFFAD28CC,永安段,.00,都市：住,,,,14990000
RPXOMLMJIIOFFAD28CC,永安段,.00,都市：住,,,,15000000
RPUNMLMJIIOFFCD08CC,龍泉段,.00,都市：商,,,,06590000
RPUNMLMJIIOFFCD08CC,龍泉段,.00,都市：商,,,,06590001
RPUNMLMJIIOFFCD08CC,龍泉段,.00,都市：住,,,,06620000
RPUNMLMJIIOFFCD08CC,龍泉段,.00,都市：住,,,,06620001
RPROMLMJIIOFFCD87CC,虎尾寮段,.00,都市：住,,,,03530036
RPOOMLMJIIOFFKD38CC,烏竹段,.00,都市：住,,,,08650000
RPOOMLMJIIOFFKD38CC,烏竹段,.00,都市：住,,,,08730000
RPSOMLMJIIOFFCD97CC,竹篙厝段,.00,都市：商,,,,16780008
RPRNMLMJIIOFFKD58CC,永興段,.00,都市：住,,,,00130000
RPVNMLMJIIOFFHD68CC,新音段,.00,都市：住,,,,01370000
RPUOMLMJIIOFFKD98CC,永信段,.00,都市：住,,,,14590000
RPPNMLNJIIOFFHD18CC,南港段,93.64,都市：住,,,,03760000
RPXOMLMJIIOFFCD48CC,光明段,.00,都市：住,,,,09340081
RPWNMLNJIIOFFHD88CC,大榮段,71.25,都市：住,,,,01100000
RPRNMLNJIIOFFCD87CC,精忠段,.00,都市：住,,,,06560000
RPTNMLNJIIOFFID68CC,歸仁北段,.00,都市：住,,,,16430001
RPTNMLNJIIOFFID68CC,歸仁北段,.00,都市：住,,,,16430021
RPPOMLNJIIOFFCD77CC,竹篙厝段,.00,都市：住,,,,20990002
RPTNMLNJIIOFFKD88CC,頂中段,.00,都市：住,,,,06850000
RPSNMLNJIIOFFCD97CC,富農段,.00,都市：住,,,,00480000
RPSNMLNJIIOFFCD97CC,富農段,.00,都市：住,,,,00480001
RPUNMLNJIIOFFKD98CC,鹽新段,.00,都市：住,,,,00620000
RPQOMLNJIIOFFCD87CC,富強段,.00,都市：住,,,,10090000
RPSOMLNJIIOFFCD08CC,富農段,.00,都市：住,,,,16640000
RPPNMLOJIIOFFAD57CC,小北段,.00,都市：住,,,,09690208
RPOPMLPJIIOFFHD48CC,大榮段,14.21,都市：住,,,,07780000
RPOPMLPJIIOFFHD48CC,大榮段,.77,都市：住,,,,07790000
RPOPMLPJIIOFFHD48CC,大榮段,9.59,都市：住,,,,07800000
RPSOMLPJIIOFFCD28CC,竹篙厝段,14.19,都市：住,,,,24290000
RPUNMLOJIIOFFAD08CC,開元段,.00,都市：商,,,,06250000
RPSNMLRJIIOFFAD18CC,金城段,.00,都市：住,,,,00640011
RPXOMLPJIIOFFHD66CC,北勢段,43.95,非都市：特定專用區 ; 非都市編定：甲種建築用地,,,,05740006
RPQNMLOJIIOFFAD67CC,新南段,.00,都市：商,,,,00780006
RPSOMLOJIIOFFAD97CC,保安段,81.00,都市：住,,,,18180000
RPWNMLOJIIOFFAD28CC,星鑽段,178.29,都市：商,,,,19500000
RPWNMLOJIIOFFAD28CC,星鑽段,32.31,都市：商,,,,19520000
RPWNMLOJIIOFFAD28CC,星鑽段,1.45,都市：其他:道路用地,,,,19520001
RPWNMLOJIIOFFAD28CC,星鑽段,139.09,都市：商,,,,19530000
RPTNMLOJIIOFFKD98CC,成功段,.00,都市：商,,,,01190000
RPXNMLTJIIOFFCD09CC,竹篙厝段,79.00,都市：住,,,,19520000
RPXNMLTJIIOFFCD09CC,竹篙厝段,80.00,都市：住,,,,19520001
RPRNMLOJIIOFFKD78CC,鹽行段,.00,都市：住,,,,14890001
RPPOMLTJIIOFFAD18CC,延平段,.00,都市：住,,,,16340002
RPPOMLTJIIOFFCD38CC,德高段,.00,都市：住,,,,14420002
RPPOMLTJIIOFFCD38CC,德高段,.00,都市：住,,,,14500017
RPPOMLTJIIOFFCD38CC,德高段,.00,都市：住,,,,14650007
RPWNMLTJIIOFFBD88CC,州南段,88.84,都市：住,,,,00290002
RPOOMLTJIIOFFKD09CC,五王段,82.93,都市：住,,,,09220002
RPOOMLTJIIOFFCD28CC,光明段,.00,都市：住,,,,03480004
RPWNMLTJIIOFFHD86CC,三民段,113.92,都市：住,,,,07190000
RPSPMLTJIIOFFCD78CC,育樂段,.00,都市：住,,,,12870005
RPXNMLTJIIOFFKD27CC,橋北段,.00,都市：商,,,,00540001
RPTNMLOKIIOFFKD09CC,永強段,.00,都市：住,,,,06230000
RPQOMLOKIIOFFHD58CC,善新段,.00,都市：住,,,,02880091
RPPOMLTJIIOFFKD56CC,東灣段,16.34,都市：住,,,,05040000
RPSNMLPKIIOFFCD28CC,水交社段,15.42,都市：商,,,,00220000
RPUNMLOKIIOFFCD38CC,虎尾寮段,.00,都市：住,,,,05200010
RPROMLOKIIOFFHD68CC,光華段,.00,都市：住,,,,06060000
RPXNMLOKIIOFFBD58CC,怡中段,.00,都市：住,,,,07790000
RPPNMLPKIIOFFAD77CC,南門段,24.42,都市：住,,,,01910000
RPOOMLPKIIOFFAD77CC,金華段,.00,都市：商,,,,01340000
RPUNMLPKIIOFFHD98CC,善化段,89.00,都市：住,,,,22250042
RPWNMLPKIIOFFCD68CC,竹篙厝段,.00,都市：住,,,,13500000
RPPOMLPKIIOFFID68CC,德南段,.00,都市：住,,,,07220000
RPWNMLPKIIOFFGD56DC,佳果段,280.19,都市：住,,,,03970000
RPWNMLPKIIOFFGD56DC,佳果段,399.74,都市：住,,,,04030000
RPUOMLPKIIOFFCD58CC,竹篙厝段,32.18,都市：住,,,,32590000
RPXOMLPKIIOFFAD68CC,延平段,227.00,都市：住,,,,12800000
RPWNMLQKIIOFFKD96CC,南工段,104.31,都市：住,,,,06410000
RPWNMLQKIIOFFKD96CC,南工段,106.95,都市：住,,,,06430000
RPXNMLQKIIOFFAD68CC,金華段,11.69,都市：住,,,,00880000
RPTNMLPKIIOFFKD56CC,六甲頂段,.00,都市：住,,,,05150010
RPPOMLQKIIOFFAD97CC,光賢段,28.08,都市：住,,,,04490000
RPUNMLRKIIOFFKD86CC,頂安段,146.40,都市：工,,,,02030000
RPUNMLRKIIOFFKD86CC,頂安段,127.41,都市：工,,,,02030001
RPOPMLRKIIOFFKD09CC,大灣段,240.00,都市：商,,,,79340000
RPTNMLQKIIOFFHD98CC,光華段,100.00,都市：住,,,,08920001
RPXOMLSKIIOFFKD37CC,頂南段,.00,都市：住,,,,03320000
RPUNMLLLIIOFFKD98CC,兵北段,.00,都市：住,,,,05930002
RPUNMLLLIIOFFKD98CC,兵北段,.00,都市：住,,,,05930003
RPSOMLRKIIOFFID56CC,新工段,78.18,都市：住,,,,14980000
RPPOMLSKIIOFFAD18CC,正興段,.00,都市：住,,,,09320008
RPTOMLNLIIOFFAD18CC,郡王祠段,.00,都市：住,,,,25920000
RPRNMLLLIIOFFID48CC,虎山段,.00,都市：農,,,,00380000
RPVOMLMLIIOFFAD28CC,金華段,8.67,都市：住,,,,00840003
RPROMLLLIIOFFHD48CC,善中段,.00,都市：住,,,,14540015
RPSPMLMLIIOFFAD08CC,頂美段,9.27,都市：住,,,,07530000
RPUPMLNLIIOFFCD58CC,虎尾寮段,.00,都市：住,,,,04780003
RPRNMLNLIIOFFED28CC,新東段,185.82,非都市：鄉村區 ; 非都市編定：乙種建築用地,,,,07690000
RPRNMLNLIIOFFED28CC,新東段,182.93,非都市：鄉村區 ; 非都市編定：乙種建築用地,,,,07680000
RPRNMLNLIIOFFKD88CC,車行段,1235.00,都市：工,,,,09160000
RPRQMLNLIIOFFCD38CC,富農段,.00,都市：住,,,,11140000
RPRQMLNLIIOFFCD38CC,富農段,.00,都市：住,,,,11140001
RPRQMLNLIIOFFCD38CC,富農段,.00,都市：住,,,,11140002
RPQNMLNLIIOFFDD08CC,新生段,141.03,都市：住,,,,02000000
RPOPMLNLIIOFFAD77CC,星鑽段,.00,都市：商,,,,20750000
RPOPMLNLIIOFFAD77CC,星鑽段,.00,都市：商,,,,21080000
RPOPMLNLIIOFFAD77CC,星鑽段,.00,都市：商,,,,21110000
RPQOMLOLIIOFFID78CC,媽祖廟段二小段,.00,非都市：特定農業區 ; 非都市編定：農牧用地,,,,02580000
RPXNMLOLIIOFFID76CC,二空段,.00,都市：住,,,,00370000
RPPNMLOLIIOFFHD48CC,大成段,.00,都市：住,,,,01810000
RPPNMLOLIIOFFHD48CC,大成段,.00,都市：住,,,,01820000
RPVNMLOLIIOFFCD58CC,虎尾寮段,.00,都市：住,,,,03100034
RPQOMLOLIIOFFCD18CC,竹篙厝段,.00,都市：住,,,,34330000
RPTNMLOLIIOFFAD18CC,頂美段,.00,都市：住,,,,15190000
RPROMLOLIIOFFAD08CC,立人段,.00,都市：住,,,,00650003
RPUOMLOLIIOFFCD58CC,竹篙厝段,.00,都市：商,,,,19060000
RPSNMLOLIIOFFAD08CC,康祥段,.00,都市：住,,,,01290000
RPSNMLOLIIOFFAD08CC,康祥段,.00,都市：住,,,,01400000
RPUNMLPLIIOFFAD38CC,新南段,.00,都市：商,,,,00780006
RPTNMLPLIIOFFAD28CC,延平段,.00,都市：住,,,,11690008
RPROMLPLIIOFFAD18CC,環河段,9.06,都市：住,,,,02810000
RPVOMLPLIIOFFAD58CC,新南段,.00,都市：住,,,,00480034
RPWOMLPLIIOFFAD68CC,新南段,.00,都市：住,,,,00480034
RPROMLPLIIOFFBD28CC,安中段,.00,都市：住,,,,03070040
RPOOMLPLIIOFFCD08CC,鹽埕段,3040.00,都市：工,,,,29490000
RPTNMLPLIIOFFCD48CC,竹篙厝段,22.87,都市：住,,,,19560000
RPUPMLTLIIOFFAD98CC,保安段,82.00,都市：住,,,,20110000
RPUNMLTLIIOFFAD88DC,康祥段,54.00,都市：住,,,,02520000
RPVNMLKMIIOFFAD08CC,公園段,.00,都市：商,,,,04470000
RPVNMLKMIIOFFAD08CC,公園段,.00,都市：商,,,,04480000
RPUNMLKMIIOFFCD18CC,泉南段,6.55,都市：住,,,,00010000
RPUNMLKMIIOFFCD18CC,泉南段,.07,都市：住,,,,00010001
RPUNMLKMIIOFFCD18CC,泉南段,10.33,都市：住,,,,00020000
RPTNMLKMIIOFFKD88CC,兵北段,.00,都市：住,,,,01200000
RPSNMLPLIIOFFKD56CC,成功段,.00,都市：商,,,,01190000
RPSNMLKMIIOFFKD78CC,鹽埕段,.00,都市：住,,,,04150033
RPUNMLSLIIOFFKD07CC,永和段,.00,都市：其他:市場用地,,,,13840000
RPRNMLPLIIOFFKD09CC,兵北段,.00,都市：住,,,,05930001
RPTNMLOLIIOFFKD56CC,蜈蜞潭段,125.00,都市：住,,,,13350003
RPQNMLOLIIOFFKD88CC,鹽西段,.00,都市：工,,,,12550000
RPPNMLOLIIOFFKD78CC,鹽行段,.00,都市：住,,,,14300057
RPRNMLOLIIOFFKD98CC,成功段,.00,都市：住,,,,02590000
RPOOMLNLIIOFFKD68CC,永仁段,.00,都市：住,,,,11110000
RPPPMLLMIIOFFID58CC,歸仁北段,.00,都市：住,,,,09920081
RPRNMLLMIIOFFHD48CC,南社內段,205.77,非都市：特定農業區 ; 非都市編定：甲種建築用地,,,,05960000
RPRNMLLMIIOFFHD48CC,南社內段,185.30,非都市：特定農業區 ; 非都市編定：甲種建築用地,,,,05970000
RPUNMLLMIIOFFHD78CC,光文段,122.19,非都市： ; 非都市編定：,,,,03120000
RPUNMLLMIIOFFHD78CC,光文段,120.43,非都市： ; 非都市編定：,,,,03130000
RPVNMLKMIIOFFID88CC,健康段,.00,都市：住,,,,00070089
RPUNMLKMIIOFFKD98CC,龍潭段,.00,都市：住,,,,12830000
RPSOMLLMIIOFFAD97CC,金華段,.00,都市：住,,,,01110000
RPQNMLLMIIOFFAD67CC,開元段,.00,都市：商,,,,05970000
RPQNMLLMIIOFFAD67CC,開元段,.00,都市：住,,,,06180000
RPPPMLLMIIOFFCD97CC,仁和段,.00,都市：住,,,,00900001
RPQOMLLJJIOFFAD57CC,環河段,.00,都市：住,,,,22790000
RPRPMLLJJIOFFAD77CC,檨仔林段,.00,都市：商,,,,03360000
RPTOMLLMIIOFFAD08CC,金華段,.00,都市：住,,,,00870000
RPWOMLLJJIOFFCD38CC,府東段,.38,都市：住,,,,05310000
RPWOMLLJJIOFFCD38CC,府東段,.17,都市：住,,,,05300000
RPWOMLLJJIOFFCD38CC,府東段,16.35,都市：住,,,,05290000
RPUNMLLJJIOFFID68CC,城光段,.00,都市：住,,,,00700007
RPQPMLLMIIOFFAD87CC,北元段,.00,都市：住,,,,03080003
RPQPMLLMIIOFFAD87CC,北元段,.00,都市：住,,,,03080004
RPTNMLLJJIOFFAD77CC,頂美段,.00,都市：住,,,,08390000
RPRNMLOJJIOFFKD88CC,鹽中段,3.50,都市：住,,,,07140002
RPWNMLLJJIOFFKD09CC,六甲頂段,.00,都市：住,,,,07380012
RPROMLLJJIOFFCD87CC,新東段,.00,都市：住,,,,00140000
RPROMLLJJIOFFCD87CC,新東段,.00,都市：住,,,,00140000
RPSNMLOJJIOFFKD98CC,鹽中段,3.50,都市：住,,,,07140002
RPUNMLOJJIOFFAD18CC,五條港段,3.27,都市：商,,,,05840000
RPUNMLOJJIOFFAD18CC,五條港段,11.86,都市：商,,,,05850000
RPUNMLOJJIOFFAD18CC,五條港段,21.08,都市：商,,,,05860000
RPUNMLOJJIOFFAD18CC,五條港段,23.01,都市：商,,,,05870000
RPUNMLOJJIOFFAD18CC,五條港段,23.22,都市：商,,,,05880000
RPWNMLQJJIOFFAD58CC,東興段,.00,都市：住,,,,02520040
RPQPMLOJJIOFFAD97CC,郡王祠段,37.31,都市：住,,,,17520000
RPUNMLOJJIOFFHD88CC,胡厝寮段,11.00,都市：住,,,,09530006
RPPPMLQJJIOFFAD08CC,北元段,1805.12,都市：住,,,,01980000
RPVNMLLMIIOFFBD28CC,和館段,.00,都市：住,,,,00940093
RPUNMLOJJIOFFKD56CC,鹽中段,504.07,都市：工,,,,14130014
RPVVMLQJJIOFFCD86CC,東光段,.00,都市：住,,,,02300024
RPVVMLQJJIOFFCD86CC,東光段,.00,都市：其他:細部計畫道路用地,,,,02300037
RPWNMLQJJIOFFID76CC,太子段,71.04,都市：工,,,,08930000
RPWNMLQJJIOFFID76CC,太子段,390.69,都市：工,,,,08940000
RPPOMLQJJIOFFID78CC,嘉南段,293.93,都市：工,,,,04880000
RPPOMLQJJIOFFID78CC,嘉南段,6.10,都市：工,,,,04880001
RPQNMLQJJIOFFKD98CC,大灣段,91.00,都市：住,,,,31540015
RPTNMLQJJIOFFKD66CC,大灣段,.00,都市：住,,,,87930002
RPUNMLQJJIOFFKD76CC,勝利段,.00,都市：住,,,,02800000
RPVNMLQJJIOFFKD86CC,竹行段,1058.51,都市：工,,,,17860000
RPVNMLQJJIOFFKD86CC,竹行段,92.89,都市：工,,,,17850000
RPWNMLQJJIOFFKD96CC,鹽埕段,.00,都市：住,,,,03840000
RPSNMLRJJIOFFKD66CC,大灣段,.00,都市：住,,,,74450001
RPQNMLRJJIOFFCD28CC,虎尾寮段,.00,都市：住,,,,03390014
RPQNMLRJJIOFFCD28CC,虎尾寮段,.00,都市：住,,,,03390015
RPRNMLRJJIOFFCD38CC,光華段,.00,非都市： ; 非都市編定：,,,,13560000
RPVNMLRJJIOFFCD78CC,富裕段,.00,都市：住,,,,03200000
RPSVMLQJJIOFFCD56CC,東安段,.00,非都市： ; 非都市編定：,,,,02250000
RPTNMLQJJIOFFCD48CC,虎尾寮段,.00,都市：住,,,,04780003
RPSNMLQJJIOFFCD38CC,光明段,.00,都市：住,,,,04230001
RPRVMLQJJIOFFCD09CC,竹篙厝段,.00,非都市： ; 非都市編定：,,,,20560001
RPVNMLRJJIOFFAD58CC,華興段,.00,都市：住,,,,07230003
RPXOMLLJJIOFFCD48CC,新東段,.00,都市：住,,,,00140000
RPXOMLLJJIOFFCD48CC,新東段,.00,都市：住,,,,00140001
RPUVMLQJJIOFFCD76CC,德高段,.00,都市：住,,,,04650087
RPQVMLQJJIOFFCD98CC,虎尾寮段,.00,都市：商,,,,05910021
RPRNMLQJJIOFFCD28CC,竹篙厝段,.00,都市：住,,,,40610000
RPVOMLRJJIOFFAD68CC,金華段,.00,都市：住,,,,00350013
RPVOMLRJJIOFFAD68CC,金華段,.00,都市：住,,,,00350014
RPVNMLOJJIOFFCD48CC,富農段,152.25,都市：住,,,,11460000
RPVNMLOJJIOFFCD48CC,富農段,22.79,都市：住,,,,11460001
RPVNMLOJJIOFFCD48CC,富農段,62.82,都市：住,,,,11470000
RPPPMLRJJIOFFAD18CC,永安段,.00,都市：住,,,,16150000
RPOPMLRJJIOFFAD08CC,金華段,90.00,都市：住,,,,00160024
RPUNMLRJJIOFFCD78DC,大同段,123.31,都市：商,,,,06040000
RPSOMLSJJIOFFCD68CC,育樂段,.00,都市：住,,,,08960000
RPQOMLSJJIOFFKD66CC,蜈蜞潭段,.00,都市：住,,,,20790020
RPXOMLSJJIOFFAD98CC,開元段,.00,都市：住,,,,04040000
RPSOMLSJJIOFFKD86CC,六甲頂段,.00,都市：住,,,,04160000
RPSOMLSJJIOFFKD86CC,六甲頂段,.00,都市：住,,,,04170000
RPSNMLSJJIOFFHD09CC,南港段,93.47,非都市： ; 非都市編定：,,,,02550000
RPTNMLSJJIOFFKD86CC,六合段,.00,都市：住,,,,08870000
RPTNMLSJJIOFFKD86CC,六合段,.00,都市：住,,,,08880000
RPTOMLSJJIOFFKD96CC,成功段,.00,都市：商,,,,01190000
RPQNMLTJJIOFFBD38CC,淵東段,.00,非都市： ; 非都市編定：,,,,03120048
RPQNMLTJJIOFFCD48CC,府連段,.00,非都市： ; 非都市編定：,,,,01470000
