﻿編號,土地位置,土地移轉面積(平方公尺),使用分區或編定,權利人持分分母,權利人持分分子,移轉情形,地號
The serial number, land position,land shifting area square meter,the use zoning or compiles and checks,,,,land parcel
RPRNMLMKQHOFFAE48CC,龍中段,16.62,都市：商,,,,01250000
RPSNMLMKQHOFFAE58CC,前金段,5.71,都市：商,,,,00930004
RPPNMLMKQHOFFAE28CC,大智段,5.97,都市：商,,,,05310000
RPOOMLMKQHOFFBE38CC,新興段三小段,4.74,都市：商,,,,00200000
RPXNMLMKQHOFFAE09CC,龍華段八小段,8.09,都市：商,,,,22560000
RPTNMLMKQHOFFEE09CC,新民段,.00,都市：商,,,,01730000
RPXNMLMKQHOFFEE86CC,藍田中段,116.00,都市：住,,,,02190000
RPPNMLMKQHOFFCE48CC,盛興段,14.37,都市：住,,,,14920000
RPUOMLMKQHOFFCE09CC,盛興段,12.20,都市：住,,,,14920000
RPQNMLMKQHOFFCE58CC,盛興段,12.09,都市：住,,,,14920000
RPVOMLMKQHOFFCE56CC,盛興段,18.14,都市：住,,,,14920000
RPTOMLMKQHOFFCE98CC,盛興段,18.14,都市：住,,,,14920000
RPPOMLMKQHOFFGE98CC,鳳山段縣口小段,11.49,都市：商,,,,02780007
RPPOMLMKQHOFFGE98CC,鳳山段縣口小段,4.42,都市：商,,,,02830000
RPPOMLMKQHOFFGE98CC,鳳山段縣口小段,.78,都市：商,,,,02840001
RPVNMLMKQHOFFGE86CC,華鳳段,14.69,都市：住,,,,01630001
RPTNMLMKQHOFFIE86CC,大安段,163.00,都市：住,,,,09900004
RPWNMLMKQHOFFIE17CC,新後港西段,28.70,都市：商,,,,00690148
RPUPMLMKQHOFFDE66CC,灣子內段寶珠溝小段,.00,都市：住,,,,06660000
RPSPMLMKQHOFFDE09CC,大順段,.00,都市：商,,,,08720000
RPOPMLMKQHOFFDE68CC,建安段,86.00,都市：商,,,,00130000
RPTPMLMKQHOFFDE56CC,灣子內段寶珠溝小段,.00,都市：住,,,,06660000
RPPNMLNKQHOFFEE78CC,援中段一小段,.00,都市：商,,,,01720000
RPPPMLNKQHOFFCE78CC,店鎮段二小段,.00,都市：住,,,,29400000
RPWOMLNKQHOFFCE76CC,小港段,2056.00,都市：工,,,,10390000
RPRNMLNKQHOFFEE98CC,藍田中段,244.00,都市：商,,,,02540000
RPOOMLNKQHOFFEE78CC,新庄段七小段,23.75,都市：住,,,,06380000
RPWOMLNKQHOFFEE96CC,果貿段,76.00,都市：住,,,,00060006
RPVOMLNKQHOFFEE86CC,福民段,121.90,都市：住,,,,00900003
RPXOMLNKQHOFFEE07CC,和平段五小段,552.00,都市：住,,,,02340000
RPXOMLNKQHOFFEE07CC,和平段五小段,1062.00,都市：住,,,,02400000
RPXNMLNKQHOFFDE86CC,河濱段,14.00,都市：住,,,,02240001
RPXNMLNKQHOFFDE86CC,河濱段,32.00,都市：商,,,,02240000
RPWPMLNKQHOFFEE07CC,新庄段六小段,.00,都市：住,,,,11660000
RPQPMLNKQHOFFDE98CC,灣子內段寶珠溝小段,.00,都市：商,,,,05560003
RPWNMLNKQHOFFDE76CC,大港段二小段,.00,都市：住,,,,15510000
RPSPMLNKQHOFFDE56CC,建豐段,.00,都市：商,,,,07000000
RPSPMLNKQHOFFDE56CC,建豐段,.00,都市：商,,,,07010000
RPXOMLNKQHOFFDE96CC,獅頭段,12.64,都市：商,,,,22530000
RPVPMLNKQHOFFDE86CC,建安段,.00,都市：商,,,,07360000
RPUNMLNKQHOFFBE98CC,意誠段,.00,都市：商,,,,07630000
RPVNMLNKQHOFFBE09CC,苓雅寮段,.00,都市：商,,,,04920000
RPTNMLNKQHOFFBE88CC,苓洲段,12.34,都市：商,,,,11960000
RPSOMLMKQHOFFBE78CC,過田子段,.00,都市：商,,,,11360000
RPRNMLNKQHOFFGE56CC,五甲段,118.00,都市：住,,,,03270055
RPQOMLNKQHOFFGE56CC,竹子腳段,.17,都市：住,,,,00770071
RPQOMLNKQHOFFGE56CC,竹子腳段,11.54,都市：住,,,,00770057
RPROMLMKQHOFFBE68CC,林興段,99.00,都市：住,,,,03180000
RPROMLMKQHOFFBE68CC,林興段,7.00,都市：住,,,,03190000
RPUOMLNKQHOFFBE09CC,苓雅寮段,6.35,都市：商,,,,07120000
RPROMLMKQHOFFGE56CC,五甲段,87.00,都市：商,,,,12730060
RPROMLNKQHOFFBE78CC,意誠段,10.72,都市：商,,,,00430000
RPRNMLNKQHOFFAE58CC,龍中段,14.23,都市：商,,,,01130000
RPSOMLNKQHOFFGE76CC,文山段,12.34,都市：住,,,,00340000
RPQNMLNKQHOFFAE48CC,前金段,10.56,都市：商,,,,00710004
RPSOMLOKQHOFFDE56CC,灣和段,.00,都市：住,,,,00990005
RPRNMLOKQHOFFGE66CC,赤山段,83.00,都市：住,,,,04880000
RPSNMLNKQHOFFAE68CC,青海段,9.67,都市：商,,,,02090000
RPWOMLOKQHOFFCE86CC,愛群段,11.62,都市：商,,,,29500003
RPQOMLOKQHOFFDE98CC,三塊厝段,.00,都市：住,,,,11480009
RPPPMLOKQHOFFDE98CC,大港段四小段,.00,都市：商,,,,31190000
RPPOMLPKQHOFFEE09CC,翠屏段四小段,13.41,都市：住,,,,00040000
RPQNMLOKQHOFFCE78CC,港和段一小段,19.51,都市：商,,,,07700000
RPTOMLPKQHOFFEE86CC,新庄段十三小段,.00,都市：商,,,,15080000
RPWNMLPKQHOFFDE96CC,建民段,.00,都市：住,,,,07630000
RPQNMLPKQHOFFBE78CC,苓洲段,.00,都市：商,,,,01150000
RPTNMLPKQHOFFBE09CC,意誠段,.00,都市：商,,,,01990000
RPPNMLPKQHOFFBE68CC,林德官段,.00,都市：商,,,,13680000
RPVNMLPKQHOFFBE66CC,意誠段,.00,都市：商,,,,01990000
RPQOMLPKQHOFFBE88CC,意誠段,.00,都市：商,,,,00930000
RPPOMLPKQHOFFBE78CC,大統段一小段,.00,都市：商,,,,02600000
RPWNMLPKQHOFFCE86CC,光華段一小段,10.78,都市：住,,,,20220000
RPTNMLPKQHOFFCE56CC,獅甲段一小段,33.13,都市：住,,,,05310000
RPXNMLQKQHOFFBE96CC,新興段二小段,4.08,都市：商,,,,09090000
RPXOMLQKQHOFFAE96CC,博孝段,5.68,都市：商,,,,12340000
RPSOMLQKQHOFFAE09CC,前金段,6.48,都市：商,,,,00930004
RPROMLQKQHOFFAE98CC,龍中段,.00,都市：商,,,,00910000
RPPOMLQKQHOFFAE78CC,前金段,5.22,都市：商,,,,00930004
RPWOMLQKQHOFFAE86CC,鼓南段一小段,.00,都市：商,,,,01860000
RPWOMLQKQHOFFAE86CC,鼓南段一小段,.00,都市：商,,,,01870000
RPWOMLQKQHOFFAE86CC,鼓南段一小段,.00,都市：商,,,,01920000
RPWOMLQKQHOFFAE86CC,鼓南段一小段,.00,都市：商,,,,01930000
RPWOMLQKQHOFFAE86CC,鼓南段一小段,.00,都市：商,,,,01930001
RPUNMLNKQHOFFAE88CC,北金段,628.00,都市：住,,,,02550000
RPUPMLPKQHOFFAE66CC,龍中段,.00,都市：住,,,,02080000
RPPNMLQKQHOFFAE68CC,前金段,2.09,都市：商,,,,00630000
RPPNMLQKQHOFFAE68CC,前金段,2.84,都市：商,,,,01080005
RPPNMLQKQHOFFAE68CC,前金段,3.40,都市：商,,,,01080021
RPWNMLQKQHOFFCE96CC,仁愛段,267.00,都市：工,,,,07920066
RPUNMLQKQHOFFDE86CC,覆鼎金段覆鼎金小段,11.40,都市：住,,,,16390000
RPUNMLQKQHOFFDE86CC,鼎泰段一小段,7.14,都市：住,,,,11010000
RPPOMLQKQHOFFCE98CC,獅甲段二小段,10.32,都市：商,,,,05520000
RPOOMLQKQHOFFCE88CC,盛興段,14.37,都市：住,,,,14920000
RPTNMLQKQHOFFLE57CC,大寮段,258.00,都市：工,,,,24570055
RPTNMLQKQHOFFLE57CC,大寮段,32.50,都市：工,,,,24570059
RPQOMLQKQHOFFGE86CC,竹子腳段,58.00,都市：商,,,,02720067
RPQNMLTKQHOFFBE56CC,成功段,6.79,都市：商,,,,02990000
RPPNMLRKQHOFFBE88CC,林德官段二小段,6.53,都市：商,,,,33730003
RPPNMLRKQHOFFBE88CC,林德官段二小段,9.89,都市：商,,,,33710000
RPPOMLQKQHOFFEE56CC,和平段五小段,16.97,都市：住,,,,02690000
RPRNMLQKQHOFFEE66CC,菜公段一小段,27.98,都市：住,,,,04000000
RPTNMLTKQHOFFBE86CC,新興段三小段,.00,都市：商,,,,09410000
RPXNMLTKQHOFFBE27CC,林德官段一小段,42.51,都市：住,,,,26940000
RPVNMLTKQHOFFBE07CC,新興段四小段,.00,都市：商,,,,09240000
RPROMLTKQHOFFAE66CC,興福段,13.21,都市：商,,,,05660000
RPSNMLTKQHOFFAE66CC,興仁段,18.00,都市：商,,,,07590000
RPSNMLTKQHOFFAE66CC,興仁段,49.00,都市：商,,,,07560000
RPURMLTKQHOFFEE67CC,藍田中段,446.00,都市：商,,,,02530000
RPOSMLTKQHOFFEE17CC,新夏段,27.82,都市：住,,,,00120000
RPXRMLTKQHOFFEE97CC,新庄段十三小段,8.76,都市：商,,,,14450000
RPTOMLTKQHOFFIE67CC,興農段,.00,都市：住,,,,07940010
RPQNMLTKQHOFFGE07CC,華鳳段,18.51,都市：住,,,,01630001
RPTOMLTKQHOFFGE47CC,二甲段,.00,都市：住,,,,00040015
RPTOMLTKQHOFFFE37CC,興龍段,.00,非都市：特定農業區 ; 非都市編定：甲種建築用地,,,,00040000
RPROMLTKQHOFFGE37DC,埤頂段,56.00,都市：住,,,,14490060
RPUNMLKLQHOFFCE88CC,愛群段,24.70,都市：住,,,,04870000
RPUNMLKLQHOFFCE88CC,愛群段,9.50,都市：住,,,,04940009
RPUNMLKLQHOFFCE88CC,愛群段,4.20,都市：住,,,,06230000
RPXOMLTKQHOFFDE57CC,灣和段,.00,都市：住,,,,00990006
RPQPMLTKQHOFFDE96CC,灣子內段寶珠溝小段,.00,都市：商,,,,05560002
RPPPMLTKQHOFFDE86CC,灣子內段寶珠溝小段,.00,都市：商,,,,05560003
RPWOMLTKQHOFFDE47CC,大順段,.00,都市：住,,,,04020008
RPROMLTKQHOFFDE96CC,三塊厝段一小段,12.83,都市：商,,,,10890005
RPQOMLTKQHOFFDE86CC,澄東段,.00,都市：住,,,,01050011
RPXOMLKLQHOFFCE66CC,獅甲段一小段,.00,都市：住,,,,05310000
RPQOMLKLQHOFFCE58CC,憲德段二小段,9.80,都市：商,,,,00260000
RPSNMLKLQHOFFEE88CC,新庄段十三小段,6.70,都市：商,,,,14450000
RPROMLKLQHOFFEE88CC,福山段,5.93,都市：商,,,,03420000
RPTNMLKLQHOFFEE98CC,新庄段十三小段,.00,都市：商,,,,15080000
RPTOMLKLQHOFFEE09CC,新庄段十二小段,.00,都市：商,,,,12040000
RPSOMLKLQHOFFGE56CC,埤頂段,.00,都市：住,,,,21810109
RPSNMLKLQHOFFIE66CC,興農段,.00,都市：住,,,,07940006
RPXOMLKLQHOFFDE76CC,建豐段,.00,都市：商,,,,07030000
RPRPMLTKQHOFFAE76CC,民生段,9.31,都市：其他:道路用地,,,,02980001
RPRPMLTKQHOFFAE76CC,民生段,80.87,都市：商,,,,02980000
RPRPMLKLQHOFFEE98CC,新華段,14.56,都市：住,,,,00260000
RPVPMLKLQHOFFEE76CC,福山段,6.19,都市：商,,,,03420000
RPWOMLTKQHOFFAE17CC,前金段,1.84,都市：商,,,,00630000
RPWOMLTKQHOFFAE17CC,前金段,2.50,都市：商,,,,01080005
RPWOMLTKQHOFFAE17CC,前金段,3.00,都市：商,,,,01080021
RPSPMLKLQHOFFEE09CC,福山段,29.82,都市：住,,,,02240000
RPWOMLKLQHOFFEE76CC,新庄段十三小段,7.94,都市：商,,,,14450000
RPPNMLKLQHOFFAE18CC,龍華段八小段,.00,都市：商,,,,21920000
RPUOMLKLQHOFFEE56CC,新庄段八小段,97.00,都市：住,,,,01240005
RPSNMLKLQHOFFAE48CC,龍華段一小段,.00,都市：其他:市場用地,,,,05000000
RPRNMLKLQHOFFAE38CC,龍華段八小段,.00,都市：商,,,,24200000
RPOOMLKLQHOFFAE18CC,內惟段二小段,21.91,都市：住,,,,01200002
RPUOMLKLQHOFFAE78CC,前金段,10.22,都市：商,,,,00710008
RPPNMLKLQHOFFBE28CC,新興段四小段,.00,都市：商,,,,16770000
RPPNMLKLQHOFFBE28CC,新興段四小段,.00,都市：商,,,,16780000
RPRNMLKLQHOFFBE48CC,成功段,14.34,都市：商,,,,00590000
RPWNMLKLQHOFFBE98CC,新興段四小段,.00,都市：商,,,,18230000
RPWOMLKLQHOFFAE98CC,博孝段,5.45,都市：商,,,,00060000
RPROMLKLQHOFFAE48CC,前金段,7.24,都市：商,,,,00930004
RPPPMLKLQHOFFAE38CC,東金段,.00,都市：商,,,,17660000
RPQNMLLLQHOFFAE38CC,龍中段,.00,都市：商,,,,00910000
RPOOMLLLQHOFFAE28CC,內惟段三小段,26.30,都市：住,,,,01890009
RPUNMLLLQHOFFDE09CC,大港段二小段,.00,都市：住,,,,14450007
RPTOMLLLQHOFFEE56CC,楠梓段五小段,.00,都市：住,,,,11860000
RPROMLLLQHOFFAE58CC,鼓南段四小段,.00,都市：住,,,,04710000
RPPOMLLLQHOFFDE68CC,大順段,.00,都市：住,,,,04020007
RPUOMLLLQHOFFAE88CC,鼓中段一小段,.00,都市：住,,,,02990000
RPVPMLLLQHOFFEE86CC,新庄段十二小段,32.20,都市：住,,,,10520000
RPUOMLLLQHOFFDE56CC,灣和段,.00,都市：住,,,,00990005
RPRQMLLLQHOFFEE56CC,福山段,15.88,都市：商,,,,05450000
RPPOMLLLQHOFFIE56CC,大華段,.00,都市：住,,,,04290031
RPPOMLLLQHOFFIE56CC,大華段,.00,都市：住,,,,04290033
RPQPMLLLQHOFFGE56CC,七老爺段一甲小段,.00,都市：住,,,,13570002
RPTNMLLLQHOFFCE88CC,光華段,.00,都市：住,,,,00230002
RPSNMLLLQHOFFFE09CC,大仁段,105.00,都市：住,,,,25510000
RPPPMLLLQHOFFGE09CC,七老爺段一甲小段,.00,都市：住,,,,13570002
RPRNMLMLQHOFFGE56CC,埤頂段一小段,.00,都市：住,,,,13230323
RPUNMLLLQHOFFFE66CC,文化段,.00,都市：住,,,,06390000
RPPOMLMLQHOFFIE66CC,圳觀段,337.19,都市：農,,,,00230000
RPQNMLMLQHOFFJE76CC,峰崗段,19127.17,非都市：一般農業區 ; 非都市編定：特定目的事業用地,,,,08230000
RPTNMLMLQHOFFDE09CC,大港段七小段,.00,都市：商,,,,04440006
RPPOMLMLQHOFFDE78CC,中都段二小段,.00,都市：住,,,,04080000
RPXOMLLLQHOFFDE86CC,大港段四小段,13.49,都市：商,,,,32500000
RPSOMLMLQHOFFDE09CC,義民段,.00,都市：住,,,,11420000
RPROMLMLQHOFFDE98CC,大港段五小段,.00,都市：商,,,,08430003
RPVNMLMLQHOFFAE98CC,鹽壽段,.00,都市：商,,,,01480000
RPQOMLMLQHOFFBE68CC,意誠段,.00,都市：商,,,,01990000
RPUNMLLLQHOFFBE88CC,林德官段,.00,都市：商,,,,11730010
RPPNMLMLQHOFFBE48CC,意誠段,1.16,都市：商,,,,07630000
RPPNMLMLQHOFFBE48CC,意誠段,.28,都市：商,,,,07630001
RPPNMLLLQHOFFBE38CC,五塊厝段,8.66,都市：商,,,,21650000
RPPNMLLLQHOFFBE38CC,五塊厝段,8.83,都市：商,,,,21660000
RPRNMLMLQHOFFBE68CC,意誠段,11.44,都市：商,,,,01990000
RPXNMLLLQHOFFBE56CC,新興段四小段,.00,都市：商,,,,18230000
RPQNMLLLQHOFFBE48CC,意誠段,.00,都市：商,,,,01990000
RPPQMLMLQHOFFEE09CC,新庄段十四小段,.00,都市：住,,,,15400000
RPOOMLMLQHOFFEE78CC,新庄段十三小段,7.34,都市：商,,,,15090000
RPUNMLNLQHOFFBE09CC,新興段四小段,11.73,都市：商,,,,23180000
RPOQMLMLQHOFFEE98CC,果貿段,22.50,都市：其他:果貿國宅專用區,,,,00170000
RPXNMLNLQHOFFBE76CC,大統段一小段,11.72,都市：商,,,,02040000
RPTOMLMLQHOFFBE98CC,林德官段一小段,.00,都市：住,,,,16880000
RPQOMLNLQHOFFAE68CC,龍華段八小段,11.96,都市：商,,,,21950000
RPQOMLNLQHOFFBE78CC,林德官段,.00,都市：商,,,,13680000
RPTNMLNLQHOFFIE07CC,金鼎段,39.56,都市：住,,,,00610002
RPSOMLNLQHOFFAE88CC,文東段,42.00,都市：商,,,,11800000
RPSOMLNLQHOFFAE88CC,文東段,17.00,都市：商,,,,11810000
RPOOMLNLQHOFFGE09CC,赤山段,29.00,都市：住,,,,06490011
RPSNMLNLQHOFFDE09CC,大港段,18.88,都市：商,,,,35650001
RPPOMLNLQHOFFGE56CC,七老爺段一甲小段,14.00,都市：住,,,,00690083
RPPOMLNLQHOFFGE56CC,七老爺段一甲小段,33.00,都市：住,,,,00690079
RPRNMLNLQHOFFLE17CC,翁公園段,566.00,都市：其他:甲種工業區,,,,30130000
RPRNMLNLQHOFFLE17CC,翁公園段,566.00,都市：其他:甲種工業區,,,,30130003
RPRNMLNLQHOFFLE17CC,翁公園段,20.66,都市：其他:道路用地,,,,30130002
RPPNMLNLQHOFFFE98CC,橋子頭段,88.00,都市：住,,,,11420167
RPSOMLNLQHOFFDE56CC,灣中段,.00,都市：住,,,,05010000
RPOPMLQLQHOFFBE98CC,新興段三小段,82.00,都市：商,,,,12280000
RPQPMLQLQHOFFBE56CC,正明段,64.98,都市：商,,,,02290000
RPSNMLQLQHOFFDE76CC,大順段,8.99,都市：商,,,,03070000
RPSNMLQLQHOFFDE76CC,大順段,27.62,都市：住,,,,03070001
RPQPMLQLQHOFFDE76CC,金獅段,6.07,都市：商,,,,01490000
RPUOMLQLQHOFFEE17CC,左南段,.00,都市：住,,,,07000000
RPOPMLQLQHOFFEE66CC,福山段,.00,都市：商,,,,03240000
RPTPMLQLQHOFFEE17CC,果貿段,170.00,都市：住,,,,00060025
RPTNMLQLQHOFFCE76CC,瑞隆段二小段,92.00,都市：住,,,,04230000
RPPOMLQLQHOFFBE98CC,苓雅寮段,.00,都市：商,,,,05100000
RPUOMLQLQHOFFBE86CC,新興段四小段,.00,都市：商,,,,09240000
RPOOMLQLQHOFFBE88CC,新興段四小段,.00,都市：商,,,,16770000
RPTOMLQLQHOFFBE76CC,新興段四小段,.00,都市：商,,,,07490000
RPOOMLQLQHOFFBE88CC,新興段四小段,.00,都市：商,,,,16780000
RPXNMLQLQHOFFBE07CC,林德官段一小段,6.24,都市：商,,,,27630000
RPRNMLPLQHOFFBE98CC,苓洲段,6.64,都市：商,,,,17920000
RPWOMLQLQHOFFBE07CC,新興段二小段,.00,都市：商,,,,07780000
RPVOMLQLQHOFFBE96CC,林德官段二小段,.00,都市：商,,,,33970000
RPSOMLQLQHOFFBE66CC,新興段二小段,.00,都市：商,,,,14540000
RPWNMLQLQHOFFIE67CC,北屋段,967.36,都市：住,,,,11980000
RPTOMLQLQHOFFCE86CC,獅甲段,.00,都市：住,,,,01600001
RPWOMLQLQHOFFEE47DC,新博段,26.60,都市：住,,,,00070000
RPTOMLRLQHOFFCE96CC,獅甲段,6.77,都市：商,,,,01580001
RPTOMLRLQHOFFCE96CC,獅甲段,6.23,都市：住,,,,01600001
RPOOMLRLQHOFFCE09CC,獅甲段,.31,都市：商,,,,03300000
RPROMLRLQHOFFCE76CC,獅甲段,.31,都市：商,,,,03300000
RPOOMLRLQHOFFCE09CC,獅甲段,.97,都市：商,,,,03310000
RPROMLRLQHOFFCE76CC,獅甲段,.97,都市：商,,,,03310000
RPQOMLRLQHOFFCE66CC,二苓段一小段,1487.60,都市：工,,,,10730000
RPVNMLQLQHOFFIE57CC,保甲段,902.52,都市：農,,,,06360000
RPWNMLRLQHOFFFE47CC,興龍段,.00,非都市：特定農業區 ; 非都市編定：甲種建築用地,,,,00040000
RPSOMLRLQHOFFCE86CC,愛群段,15.37,都市：商,,,,24630000
RPWNMLRLQHOFFCE17CC,愛群段,5.86,都市：商,,,,24590000
RPOOMLRLQHOFFBE98CC,五權段,29.97,都市：住,,,,04490000
RPPOMLRLQHOFFEE76CC,福山段,.00,都市：商,,,,03380000
RPPOMLRLQHOFFBE09CC,成功段,15.22,都市：商,,,,00590000
RPRNMLRLQHOFFBE56CC,新興段四小段,.00,都市：商,,,,05810000
RPUNMLRLQHOFFBE86CC,新興段一小段,5.30,都市：商,,,,20240000
RPUNMLRLQHOFFBE86CC,新興段一小段,1.86,都市：商,,,,20270000
RPUNMLRLQHOFFBE86CC,新興段一小段,.17,都市：商,,,,20480000
RPVNMLRLQHOFFBE96CC,新興段一小段,3.47,都市：商,,,,20270000
RPRNMLRLQHOFFEE86CC,新庄段五小段,126.00,都市：住,,,,14600000
RPVNMLRLQHOFFBE96CC,新興段一小段,9.88,都市：商,,,,20240000
RPVNMLRLQHOFFBE96CC,新興段一小段,.31,都市：商,,,,20480000
RPXOMLRLQHOFFDE47CC,獅頭段,.00,都市：商,,,,27390001
RPXOMLRLQHOFFDE47CC,獅頭段,.00,都市：住,,,,27390000
RPWNMLRLQHOFFBE07CC,林德官段,.00,都市：商,,,,11730010
RPXNMLRLQHOFFBE17CC,新興段二小段,.00,都市：商,,,,16080000
RPVNMLRLQHOFFAE86CC,龍北段,10.26,都市：住,,,,00170000
RPPOMLRLQHOFFAE98CC,龍中段,14.72,都市：商,,,,01490000
RPUNMLRLQHOFFAE76CC,民生段,.00,都市：商,,,,06080000
RPUNMLSLQHOFFDE17CC,大港段四小段,.00,都市：住,,,,22880004
RPPNMLSLQHOFFAE98CC,青海段,24.28,都市：住,,,,06800000
RPTOMLRLQHOFFAE76CC,龍中段,.00,都市：住,,,,02000004
RPVNMLSLQHOFFCE17CC,愛群段,11.23,都市：商,,,,23940000
RPQNMLSLQHOFFAE09CC,龍華段三小段,26.20,都市：住,,,,09450000
RPSNMLTLQHOFFCE07DC,獅甲段二小段,76.45,都市：住,,,,05720036
RPSNMLTLQHOFFCE07DC,獅甲段二小段,125.51,都市：住,,,,05720037
RPQNMLSLQHOFFIE27CC,竹園段,282.00,都市：工,,,,02210015
RPOOMLTLQHOFFGE07CC,五甲段,.00,都市：住,,,,13170000
RPRNMLTLQHOFFDE96CC,灣復段,.00,都市：商,,,,00750000
RPWNMLTLQHOFFDE47CC,建安段,15.19,都市：商,,,,00810000
RPOOMLTLQHOFFDE76CC,灣子內段寶珠溝小段,.00,都市：商,,,,05560002
RPQNMLTLQHOFFAE56CC,龍華段七小段,103.00,都市：住,,,,10510006
RPSOMLTLQHOFFAE86CC,青海段,21.50,都市：住,,,,06570000
RPWNMLSLQHOFFCE27CC,愛群段,14.04,都市：商,,,,23940000
RPOOMLTLQHOFFAE09CC,青海段,19.04,都市：住,,,,06360000
RPTPMLTLQHOFFCE27CC,竹北段,108.00,都市：住,,,,16470000
RPXNMLTLQHOFFAE27CC,前金段,.00,都市：商,,,,01080005
RPTPMLKMQHOFFAE88CC,前金段,.00,都市：商,,,,01070001
RPVOMLTLQHOFFAE17CC,龍華段二小段,68.12,都市：住,,,,05970000
RPRNMLTLQHOFFBE76CC,新興段四小段,.00,都市：商,,,,16770000
RPRNMLTLQHOFFBE76CC,新興段四小段,.00,都市：商,,,,16780000
RPUPMLKMQHOFFAE98CC,前金段,.00,都市：商,,,,01070001
RPPPMLKMQHOFFAE48CC,前金段,6.76,都市：商,,,,00710017
RPVNMLKMQHOFFDE56CC,灣愛段,.00,都市：住,,,,02340000
RPQOMLKMQHOFFDE78CC,建民段,17.78,都市：住,,,,07770000
RPQPMLKMQHOFFDE88CC,陽明段二小段,4.83,都市：商,,,,00350001
RPQPMLKMQHOFFDE88CC,陽明段二小段,12.40,都市：住,,,,00350022
RPTNMLKMQHOFFFE56CC,嘉興段,3355.00,非都市：特定農業區 ; 非都市編定：農牧用地,,,,01530000
RPQNMLKMQHOFFCE58CC,盛興段,12.20,都市：住,,,,14920000
RPSOMLKMQHOFFCE88CC,草衙段二小段,.00,都市：商,,,,02090000
RPROMLKMQHOFFCE78CC,草衙段二小段,.00,都市：商,,,,02090000
RPOPMLKMQHOFFEE78CC,莒光段二小段,73.00,都市：商,,,,00090001
RPWOMLTLQHOFFEE67CC,翠屏段四小段,.00,都市：住,,,,00040000
RPSNMLTLQHOFFEE17CC,藍田中段,97.31,都市：其他:空白,,,,02950024
RPTNMLSLQHOFFEE17CC,新庄段八小段,23.54,都市：住,,,,00620000
RPPOMLSLQHOFFEE86CC,福山段,9.96,都市：商,,,,03170000
RPWOMLKMQHOFFIE27CC,北屋段,174.56,都市：住,,,,03450012
RPVOMLSLQHOFFEE47CC,新福段二小段,.00,都市：住,,,,00220000
RPPNMLLMQHOFFCE58CC,盛興段,12.20,都市：住,,,,14920000
RPRNMLLMQHOFFCE78CC,憲德段二小段,14.18,都市：商,,,,00200000
RPPOMLKMQHOFFFE88CC,興龍段,.00,非都市：特定農業區 ; 非都市編定：甲種建築用地,,,,00040000
RPRNMLLJRHOFFDE68CC,獅頭段一小段,17.59,都市：商,,,,16140000
RPPNMLLMQHOFFBE48CC,武聖段,6.67,都市：住,,,,26800000
RPPNMLLMQHOFFBE48CC,武聖段,16.83,都市：住,,,,26800001
RPQNMLLMQHOFFBE58CC,過田子段,24.21,都市：住,,,,09060000
RPSNMLLMQHOFFCE88CC,盛興段,14.49,都市：住,,,,14920000
RPRNMLMJRHOFFLE96CC,赤崁段潮州寮三小段,5304.00,都市：工,,,,66180000
RPQNMLMJRHOFFCE58CC,盛興段,12.21,都市：住,,,,14920000
RPQOMLMJRHOFFCE68CC,草衙段二小段,.00,都市：商,,,,02090000
RPSOMLMJRHOFFFE56CC,興龍段,.00,非都市：特定農業區 ; 非都市編定：甲種建築用地,,,,00040000
RPUNMLMJRHOFFFE66CC,橋南段,62.00,都市：住,,,,12890000
RPUNMLMJRHOFFFE66CC,橋南段,1.00,都市：住,,,,12890002
RPTOMLMJRHOFFFE66CC,興龍段,.00,非都市：特定農業區 ; 非都市編定：甲種建築用地,,,,00040000
RPUOMLMJRHOFFFE76CC,興龍段,.00,非都市：特定農業區 ; 非都市編定：甲種建築用地,,,,00040000
RPRNMLMJRHOFFDE78CC,澄清段一小段,36.74,都市：商,,,,02240000
RPROMLKMQHOFFGE56CC,文山段,.00,都市：住,,,,05530002
RPTPMLKMQHOFFGE86CC,新甲段,.00,都市：住,,,,13230150
RPRNMLLJRHOFFGE98CC,文山段,16.38,都市：住,,,,01460023
RPOPMLKMQHOFFGE98CC,文山段,.00,都市：住,,,,01840000
RPPNMLKMQHOFFGE88CC,大貝湖段,.00,都市：住,,,,00780014
RPPNMLKMQHOFFGE88CC,大貝湖段,.00,都市：住,,,,00780021
RPRNMLMJRHOFFBE58CC,苓洲段,4.42,都市：商,,,,05420000
RPTNMLMJRHOFFBE78CC,苓洲段,5.36,都市：商,,,,05420000
RPUNMLMJRHOFFBE88CC,苓洲段,8.31,都市：商,,,,17920000
RPUOMLMJRHOFFEE66CC,新庄段十三小段,.00,都市：住,,,,14930000
RPSOMLMJRHOFFEE09CC,果貿段,.00,都市：住,,,,00060000
RPVNMLMJRHOFFEE66CC,興隆段,16.97,都市：住,,,,08640000
RPWNMLMJRHOFFBE09CC,新興段一小段,7.02,都市：商,,,,09680000
RPROMLMJRHOFFAE58CC,東金段,.00,都市：商,,,,02100000
RPVOMLNJRHOFFAE09CC,前金段,5.14,都市：商,,,,00930004
RPSNMLNJRHOFFBE78CC,成功段,.00,都市：商,,,,06310000
RPUNMLNJRHOFFBE98CC,苓東段,54.00,都市：商,,,,10950000
RPUNMLNJRHOFFBE98CC,苓東段,11.00,都市：商,,,,10950001
RPSNMLNJRHOFFGE66CC,大貝湖段,216.74,都市：住,,,,01220000
RPTOMLNJRHOFFGE86CC,灣頭段,76.11,都市：住,,,,00400140
RPTNMLOJRHOFFGE86CC,文山段,.00,都市：住,,,,05840000
RPVNMLOJRHOFFGE07CC,五甲段,67.00,都市：住,,,,16170025
RPTNMLOJRHOFFCE09CC,青島段四小段,29.98,都市：住,,,,08410001
RPTNMLOJRHOFFCE09CC,青島段四小段,50.46,都市：住,,,,08410002
RPTNMLOJRHOFFCE09CC,青島段四小段,46.66,都市：住,,,,08410003
RPQOMLOJRHOFFCE88CC,盛興段,12.09,都市：住,,,,14920000
RPROMLNJRHOFFDE98CC,建豐段,13.32,都市：商,,,,08280000
RPOOMLNJRHOFFDE68CC,灣復段,.00,都市：商,,,,05460000
RPWNMLMJRHOFFDE66CC,三塊厝段三小段,.00,都市：住,,,,36670000
RPPOMLMJRHOFFDE68CC,覆鼎金段覆鼎金一小段,.00,都市：住,,,,06280009
RPQOMLNJRHOFFDE88CC,建豐段,17.12,都市：商,,,,08280000
RPUOMLMJRHOFFDE56CC,覆鼎金段覆鼎金一小段,.00,都市：住,,,,06280010
RPTNMLPJRHOFFBE09CC,新興段三小段,.00,都市：商,,,,09010000
RPWNMLOJRHOFFBE66CC,意誠段,140.00,都市：商,,,,01100000
RPQNMLOJRHOFFAE58CC,東金段,61.90,非都市： ; 非都市編定：,,,,18760000
RPWNMLPJRHOFFBE76CC,意誠段,4.80,都市：商,,,,01990000
RPRNMLPJRHOFFBE88CC,新興段三小段,.00,都市：商,,,,09410000
RPXNMLOJRHOFFBE76CC,新興段一小段,3.40,都市：商,,,,05170000
RPTNMLPJRHOFFDE66CC,大港段,8.30,都市：住,,,,34160000
RPVNMLPJRHOFFDE86CC,大港段二小段,113.00,都市：住,,,,16910000
RPOOMLPJRHOFFBE68CC,過田子段,335.00,都市：商,,,,11630012
RPOQMLPJRHOFFCE98CC,憲德段二小段,.00,都市：商,,,,00200000
RPRNMLPJRHOFFDE09CC,金獅段,22.53,都市：住,,,,00950000
RPXNMLPJRHOFFDE07CC,金獅段,.00,都市：住,,,,00950000
RPTOMLPJRHOFFGE07CC,五甲段,.00,都市：住,,,,16370006
RPSNMLPJRHOFFFE76CC,興龍段,.00,非都市：特定農業區 ; 非都市編定：甲種建築用地,,,,00040000
RPVNMLPJRHOFFIE37CC,興農段,.00,都市：住,,,,07940006
RPSNMLQJRHOFFIE17CC,竹園段,998.00,都市：工,,,,03030002
RPRNMLQJRHOFFIE07CC,灣勢段,494.92,都市：農,,,,04720000
RPOOMLQJRHOFFFE56CC,興龍段,.00,非都市：特定農業區 ; 非都市編定：甲種建築用地,,,,00040000
RPWNMLQJRHOFFFE27CC,興龍段,.00,非都市：特定農業區 ; 非都市編定：甲種建築用地,,,,00040000
RPTNMLQJRHOFFCE66CC,?莊段,11.22,都市：商,,,,07380000
RPVNMLQJRHOFFCE86CC,憲德段二小段,12.26,都市：商,,,,00280000
RPOPMLQJRHOFFDE09CC,覆鼎金段覆鼎金一小段,51.00,都市：住,,,,06850015
RPOPMLQJRHOFFDE09CC,覆鼎金段覆鼎金一小段,23.46,都市：住,,,,06850011
RPPPMLQJRHOFFDE56CC,三塊厝段四小段,64.00,都市：住,,,,20100000
RPROMLQJRHOFFEE76CC,新庄段十三小段,7.00,都市：商,,,,15090000
RPPNMLQJRHOFFEE09CC,翠屏段一小段,.00,都市：住,,,,00010000
RPXOMLMJRHOFFEE96CC,新庄段四小段,.00,都市：住,,,,04740000
RPVOMLMJRHOFFEE76CC,新庄段一小段,.00,都市：住,,,,07550000
RPSOMLOJRHOFFEE66CC,新庄段二小段,14.94,都市：工,,,,03310000
RPPPMLMJRHOFFEE88CC,福山段,10.70,都市：商,,,,02960000
RPSNMLQJRHOFFFE86CC,興龍段,.00,非都市：特定農業區 ; 非都市編定：甲種建築用地,,,,00040000
RPVNMLQJRHOFFFE17CC,興龍段,.00,非都市：特定農業區 ; 非都市編定：甲種建築用地,,,,00040000
RPRNMLRJRHOFFDE66CC,建昌段,16.16,都市：其他:第二種特定商業專用區,,,,04480000
RPRNMLRJRHOFFDE66CC,建昌段,12.26,都市：住,,,,04480001
RPTPMLQJRHOFFEE07CC,德昌段,11.77,都市：住,,,,01600000
RPUNMLQJRHOFFFE07CC,興龍段,.00,非都市：特定農業區 ; 非都市編定：甲種建築用地,,,,00040000
RPUNMLPJRHOFFFE96CC,興龍段,.00,非都市：特定農業區 ; 非都市編定：甲種建築用地,,,,00040000
RPPNMLRJRHOFFLE37DC,山子頂段,62.00,都市：商,,,,24610006
RPPNMLRJRHOFFLE37DC,山子頂段,7.00,都市：商,,,,24610036
RPTNMLTJRHOFFCE96CC,光華段一小段,71.00,都市：住,,,,19120020
RPUNMLQJRHOFFBE66CC,過田子段,.00,都市：商,,,,11360000
RPTNMLQJRHOFFBE56CC,新興段四小段,.00,都市：商,,,,16770000
RPTNMLQJRHOFFBE56CC,新興段四小段,.00,都市：商,,,,16780000
RPUOMLTJRHOFFGE57CC,牛潮埔段,21.05,都市：住,,,,02020002
RPOPMLTJRHOFFBE56CC,新興段三小段,10.44,都市：商,,,,09410000
RPPNMLTJRHOFFAE98CC,龍華段八小段,.00,非都市： ; 非都市編定：,,,,22720000
RPXOMLTJRHOFFBE37CC,新興段二小段,.00,都市：商,,,,09980000
RPUPMLTJRHOFFEE47CC,新民段,14.46,都市：商,,,,01520000
RPXQMLTJRHOFFEE87CC,福民段,.00,都市：住,,,,03620002
RPPQMLTJRHOFFEE07CC,新福段四小段,35.18,都市：住,,,,00010000
RPSQMLTJRHOFFEE37CC,新庄段十二小段,98.00,都市：住,,,,09220000
RPSNMLKKRHOFFBE58CC,苓洲段,.00,都市：商,,,,00140000
RPUNMLKKRHOFFBE78CC,福東段,37.00,都市：其他:第二種特定商業專用區,,,,06460000
RPTNMLKKRHOFFBE68CC,福河段,200.00,都市：住,,,,03980000
RPQNMLKKRHOFFEE68CC,新庄段十三小段,.00,都市：商,,,,14920000
RPVNMLKKRHOFFEE56CC,高楠段,444.00,都市：農,,,,01280032
RPXNMLKKRHOFFEE76CC,和平段五小段,.00,都市：住,,,,02690000
RPOOMLKKRHOFFEE58CC,新庄段七小段,12.14,都市：住,,,,03150000
RPSOMLKKRHOFFEE98CC,福山段,.00,都市：商,,,,03420000
RPWOMLKKRHOFFEE76CC,新庄段十三小段,3.58,都市：住,,,,14360000
RPXOMLKKRHOFFEE86CC,新庄段三小段,.00,都市：住,,,,11840000
RPOPMLKKRHOFFEE68CC,新庄段十三小段,.00,都市：住,,,,14360000
RPSPMLKKRHOFFEE09CC,新庄段八小段,21.08,都市：住,,,,00910000
RPTPMLKKRHOFFEE56CC,新庄段十二小段,147.00,都市：商,,,,12120000
RPUNMLKKRHOFFDE98CC,灣中段,12.52,都市：商,,,,01210000
RPQOMLKKRHOFFCE58CC,愛群段,.00,都市：商,,,,17390000
RPQOMLKKRHOFFCE58CC,愛群段,.00,都市：商,,,,17600000
RPPNMLKKRHOFFIE98CC,興農段,.00,都市：住,,,,07940010
RPPNMLKKRHOFFIE98CC,興農段,.00,都市：住,,,,07940011
RPTOMLKKRHOFFCE88CC,店鎮段一小段,.00,都市：商,,,,12140000
RPRPMLKKRHOFFFE09CC,安西段,148.46,都市：農,,,,02140003
RPSPMLKKRHOFFFE56CC,興龍段,.00,非都市：特定農業區 ; 非都市編定：甲種建築用地,,,,00040000
RPTPMLKKRHOFFFE66CC,興龍段,.00,非都市：特定農業區 ; 非都市編定：甲種建築用地,,,,00040000
RPUPMLKKRHOFFFE76CC,興龍段,.00,非都市：特定農業區 ; 非都市編定：甲種建築用地,,,,00040000
RPUOMLKKRHOFFAE78CC,東金段,.00,都市：商,,,,17660000
RPSOMLKKRHOFFAE58CC,青海段,22.98,都市：住,,,,01050000
RPROMLKKRHOFFAE48CC,龍北段,28.67,都市：住,,,,00070000
RPTNMLKKRHOFFAE58CC,前金段,.00,都市：商,,,,00710036
RPTNMLKKRHOFFAE58CC,前金段,.00,都市：商,,,,00710037
RPUNMLTJRHOFFAE86CC,龍水段,.00,都市：住,,,,06670000
RPUNMLTJRHOFFAE86CC,青海段,.00,都市：住,,,,06150000
RPPOMLKKRHOFFAE28CC,龍華段八小段,5.22,都市：商,,,,22380000
RPTNMLTJRHOFFAE76CC,龍華段四小段,19.10,都市：住,,,,06180000
RPPNMLKKRHOFFAE18CC,青海段,.00,都市：住,,,,04300000
RPWNMLLKRHOFFFE86CC,興龍段,.00,非都市：特定農業區 ; 非都市編定：甲種建築用地,,,,00040000
RPXPMLKKRHOFFFE07CC,興龍段,.00,非都市：特定農業區 ; 非都市編定：甲種建築用地,,,,00040000
RPVNMLLKRHOFFFE76CC,興龍段,.00,非都市：特定農業區 ; 非都市編定：甲種建築用地,,,,00040000
RPVPMLKKRHOFFFE86CC,興龍段,.00,非都市：特定農業區 ; 非都市編定：甲種建築用地,,,,00040000
RPTNMLLKRHOFFFE56CC,深水段,1314.00,非都市：山坡地保育區 ; 非都市編定：農牧用地,,,,01390004
RPOQMLKKRHOFFFE88CC,鳳雄段,.00,非都市：一般農業區 ; 非都市編定：甲種建築用地,,,,00320018
RPXNMLLKRHOFFFE96CC,興龍段,.00,非都市：特定農業區 ; 非都市編定：甲種建築用地,,,,00040000
RPQOMLLKRHOFFFE98CC,興龍段,.00,非都市：特定農業區 ; 非都市編定：甲種建築用地,,,,00040000
RPOOMLLKRHOFFFE78CC,興龍段,.00,非都市：特定農業區 ; 非都市編定：甲種建築用地,,,,00040000
RPSOMLLKRHOFFFE56CC,興龍段,.00,非都市：特定農業區 ; 非都市編定：甲種建築用地,,,,00040000
RPROMLLKRHOFFIE76CC,慈惠段,.00,非都市： ; 非都市編定：,,,,08770000
RPSNMLLKRHOFFGE56CC,道爺?段,27.00,都市：住,,,,10850003
RPTNMLLKRHOFFGE66CC,新甲段,20.65,都市：住,,,,12000012
RPPOMLLKRHOFFFE88CC,興龍段,.00,非都市：特定農業區 ; 非都市編定：甲種建築用地,,,,00040000
RPRNMLLKRHOFFGE09CC,道爺?段,27.00,都市：住,,,,10850003
RPXNMLLKRHOFFGE07CC,華鳳段,10.37,都市：住,,,,01120000
RPTNMLLKRHOFFIE96DC,烏林段,26.65,非都市：鄉村區 ; 非都市編定：乙種建築用地,,,,10110000
RPTNMLLKRHOFFIE96DC,烏林段,66.37,非都市：鄉村區 ; 非都市編定：乙種建築用地,,,,10120000
RPUNMLLKRHOFFAE88DC,大成段,474.00,都市：住,,,,04920000
RPUNMLLKRHOFFAE88DC,大成段,9.00,都市：住,,,,04930000
RPPOMLLKRHOFFGE98CC,牛潮埔段,218.00,都市：工,,,,10780006
RPVNMLLKRHOFFBE98CC,林德官段,48.00,都市：商,,,,15530012
RPTOMLLKRHOFFBE88CC,苓洲段,4.33,都市：商,,,,05420000
RPRNMLLKRHOFFAE48CC,後金段,23.70,都市：商,,,,00370000
RPSNMLLKRHOFFAE58CC,鼓南段一小段,33.00,都市：商,,,,03800000
RPSNMLLKRHOFFAE58CC,鼓南段一小段,135.00,都市：商,,,,03810000
RPSNMLLKRHOFFAE58CC,鼓南段一小段,12.00,都市：商,,,,03810001
RPXNMLLKRHOFFEE86CC,清豐段,.00,都市：住,,,,01940001
RPRPMLKKRHOFFCE78CC,瑞崗段二小段,56.00,都市：住,,,,04720000
RPROMLLKRHOFFBE68CC,大統段二小段,.00,都市：商,,,,08620000
RPSOMLLKRHOFFBE78CC,新興段四小段,.00,都市：商,,,,18230000
RPVOMLLKRHOFFDE66CC,水源段,11.29,都市：住,,,,04810000
RPVOMLLKRHOFFDE66CC,水源段,2.29,都市：商,,,,05110001
RPTOMLLKRHOFFDE09CC,灣子內段寶珠溝小段,.00,都市：商,,,,05560002
RPRNMLMKRHOFFEE98CC,新庄段十二小段,.00,都市：住,,,,10300000
RPRNMLMKRHOFFEE98CC,新庄段十二小段,.00,都市：住,,,,10310000
RPWOMLMKRHOFFEE96CC,福民段,.00,都市：住,,,,03370000
RPWOMLMKRHOFFDE86CC,灣子內段寶珠溝小段,.00,都市：商,,,,05560003
RPVNMLMKRHOFFGE96CC,文英段,585.00,都市：住,,,,00070000
RPQNMLMKRHOFFIE66CC,大安段,76.00,都市：住,,,,06010007
RPUNMLMKRHOFFIE07CC,鳳松段,121.00,都市：住,,,,08890000
RPOOMLMKRHOFFLE86CC,琉球段,.00,都市：住,,,,11650000
RPQOMLMKRHOFFFE09CC,興龍段,.00,非都市：特定農業區 ; 非都市編定：甲種建築用地,,,,00040000
RPRPMLMKRHOFFAE78CC,龍華段四小段,.00,都市：住,,,,06180000
RPVOMLMKRHOFFAE09CC,前金段,.00,都市：商,,,,01070001
RPOOMLLKRHOFFAE28CC,青海段,.00,都市：住,,,,02650001
RPSOMLMKRHOFFAE78CC,龍中段,15.43,都市：商,,,,01120000
RPVNMLLKRHOFFAE88CC,龍華段八小段,12.77,都市：商,,,,22200000
RPTNMLLKRHOFFAE68CC,龍中段,2108.60,都市：住,,,,02210000
RPOOMLMKRHOFFAE38CC,龍中段,.00,都市：住,,,,02390000
RPQNMLMKRHOFFAE48CC,大成段,288.00,都市：商,,,,00540000
RPWNMLLKRHOFFAE98CC,龍華段八小段,10.88,都市：商,,,,22560000
RPVOMLMKRHOFFFE96CC,興龍段,.00,非都市：特定農業區 ; 非都市編定：甲種建築用地,,,,00040000
RPQNMLOKRHOFFDE98CC,覆鼎金段覆鼎金小段,.00,都市：住,,,,13260016
RPQOMLMKRHOFFCE78CC,憲德段一小段,159.00,都市：住,,,,08010025
RPUOMLPKRHOFFEE07CC,福山段,.00,都市：住,,,,03920007
RPQNMLMKRHOFFCE68CC,瑞隆段二小段,65.17,都市：住,,,,01070000
RPSNMLPKRHOFFGE96CC,灣頭段,.00,都市：住,,,,00390145
RPOOMLQKRHOFFGE76CC,鳳翔段,2396.35,都市：住,,,,00740000
RPRNMLQKRHOFFCE56CC,盛興段,14.37,都市：住,,,,14920000
RPVOMLQKRHOFFEE27CC,新博段,34.08,都市：住,,,,00080000
RPWNMLQKRHOFFEE27CC,新庄段十二小段,270.00,都市：住,,,,09990001
RPQOMLQKRHOFFEE76CC,福山段,15.46,都市：住,,,,02640000
RPWNMLQKRHOFFIE67CC,灣北段,69.99,都市：住,,,,08100000
RPRPMLQKRHOFFEE96CC,右昌段六小段,.00,都市：住,,,,16260000
RPWOMLQKRHOFFDE27CC,灣復段,6.25,都市：商,,,,04830000
RPOPMLQKRHOFFDE56CC,義民段,66.07,都市：住,,,,05820000
RPSPMLQKRHOFFDE96CC,大港段三小段,.00,都市：商,,,,07810000
RPUPMLQKRHOFFDE17CC,大港段六小段,.00,都市：商,,,,06380001
RPVPMLQKRHOFFDE27CC,三塊厝段一小段,20.62,都市：商,,,,10890000
RPRNMLQKRHOFFAE98CC,鹽新段,12.00,都市：商,,,,03000000
RPRNMLQKRHOFFAE98CC,鹽新段,53.00,都市：商,,,,02990000
RPVNMLQKRHOFFAE76CC,青海段,9.26,都市：商,,,,01660000
RPQOMLQKRHOFFBE09CC,新興段一小段,37.00,都市：商,,,,11270000
RPPPMLQKRHOFFBE09CC,意誠段,6.03,都市：商,,,,01990000
RPVNMLRKRHOFFBE96CC,過田子段,.00,都市：商,,,,10650000
RPVNMLRKRHOFFBE96CC,過田子段,.00,都市：商,,,,10660009
RPTNMLRKRHOFFAE66CC,東金段,.00,都市：商,,,,02730000
RPQNMLRKRHOFFDE66CC,覆鼎金段覆鼎金小段,9.60,都市：住,,,,12260000
RPQPMLQKRHOFFBE56CC,五權段,.00,都市：住,,,,05800000
RPSOMLRKRHOFFDE96CC,大港段四小段,.00,都市：住,,,,26970000
RPUOMLRKRHOFFDE17CC,大豐段二小段,.00,都市：住,,,,05360000
RPQPMLRKRHOFFDE86CC,大港段二小段,.00,都市：商,,,,12360001
RPRNMLRKRHOFFEE86CC,楠梓段四小段,89.00,都市：住,,,,07400002
RPWOMLRKRHOFFEE47CC,莒光段三小段,.00,都市：住,,,,05410000
RPPPMLRKRHOFFEE86CC,新庄段十三小段,.00,都市：商,,,,14290000
RPPNMLRKRHOFFCE09CC,愛群段,24.99,都市：住,,,,18130000
RPPNMLRKRHOFFCE09CC,愛群段,3.62,都市：住,,,,18130001
RPQNMLRKRHOFFCE56CC,愛群段,2.28,都市：商,,,,29490000
RPWNMLRKRHOFFCE17CC,憲德段一小段,.00,都市：住,,,,07920000
RPWNMLRKRHOFFCE17CC,憲德段一小段,.00,都市：商,,,,07920002
RPTOMLRKRHOFFEE17CC,新庄段五小段,.00,都市：住,,,,08190000
RPTOMLRKRHOFFEE17CC,新庄段五小段,.00,都市：住,,,,08220000
RPXNMLRKRHOFFFE57CC,梓平段,173.14,都市：住,,,,01570000
RPOOMLRKRHOFFLE37CC,內湖段,.00,都市：住,,,,08710023
RPTNMLSKRHOFFGE37CC,鳳山段草店尾小段,6.22,都市：商,,,,02330027
RPXNMLSKRHOFFGE77CC,灣頭段,.00,都市：住,,,,00390145
RPWOMLSKRHOFFCE37CC,獅甲段,1.94,都市：商,,,,03310000
RPRNMLSKRHOFFCE76CC,仁愛段,47.00,都市：商,,,,03110008
RPROMLSKRHOFFGE27CC,七老爺段一甲小段,.00,都市：住,,,,14520011
RPPPMLSKRHOFFCE76CC,獅甲段,33.33,都市：住,,,,00720000
RPVOMLSKRHOFFCE37DC,愛群段,128.00,都市：商,,,,01820012
RPWNMLSKRHOFFBE27DC,過田子段,11.72,都市：商,,,,11480000
RPXOMLSKRHOFFCE57DC,獅甲段,.64,都市：商,,,,03310000
RPXOMLSKRHOFFCE57DC,獅甲段,.20,都市：商,,,,03300000
RPROMLSKRHOFFBE86DC,意誠段,8.32,都市：商,,,,00430000
RPQNMLSKRHOFFEE86CC,新庄段一小段,.00,都市：住,,,,12510000
RPQOMLSKRHOFFEE96CC,新庄段三小段,.00,都市：住,,,,11840000
RPSPMLSKRHOFFEE27CC,新庄段一小段,15.27,都市：其他:市場用地,,,,12720000
RPRNMLSKRHOFFAE56CC,龍華段八小段,.00,都市：商,,,,23150000
RPQOMLSKRHOFFAE56CC,青海段,38.60,都市：住,,,,03680000
RPXNMLSKRHOFFAE17CC,龍華段八小段,.00,都市：商,,,,22510000
RPROMLSKRHOFFAE66CC,民生段,.00,都市：商,,,,08160000
RPTOMLSKRHOFFAE86CC,後金段,15.07,都市：商,,,,05080000
RPWOMLSKRHOFFAE17CC,內惟段五小段,.00,都市：商,,,,05870000
RPROMLMKRHOFFFE56CC,興龍段,.00,非都市：特定農業區 ; 非都市編定：甲種建築用地,,,,00040000
RPTOMLMKRHOFFFE76CC,興龍段,.00,非都市：特定農業區 ; 非都市編定：甲種建築用地,,,,00040000
RPUOMLMKRHOFFFE86CC,興龍段,.00,非都市：特定農業區 ; 非都市編定：甲種建築用地,,,,00040000
RPPOMLSKRHOFFBE56CC,成功段,.00,都市：商,,,,06310000
RPRNMLTKRHOFFBE76CC,苓洲段,4.33,都市：商,,,,05420000
RPVNMLSKRHOFFBE07CC,新興段四小段,5.19,都市：商,,,,12140000
RPOOMLSKRHOFFBE09CC,苓洲段,.00,都市：商,,,,01150000
RPROMLRKRHOFFBE66CC,過田子段,.00,都市：商,,,,06010000
RPQNMLTKRHOFFBE66CC,過田子段,.00,都市：商,,,,11360000
RPTNMLSKRHOFFBE86CC,過田子段,76.00,都市：商,,,,10740094
RPUNMLSKRHOFFBE96CC,林德官段一小段,.00,都市：住,,,,28100000
RPSOMLRKRHOFFBE76CC,成功段,.00,都市：商,,,,07030000
RPOOMLTKRHOFFBE56CC,五塊厝段,19.42,都市：住,,,,19500000
RPTNMLTKRHOFFBE96CC,大港埔段,65.00,都市：商,,,,05480002
RPROMLTKRHOFFBE86CC,意誠段,19.90,都市：商,,,,07780001
RPWNMLTKRHOFFAE17CC,前金段,11.31,都市：商,,,,00710004
RPXNMLTKRHOFFBE37CC,新興段二小段,.00,都市：商,,,,16080000
RPUNMLTKRHOFFAE96CC,青海段,27.05,都市：住,,,,04080000
RPVOMLTKRHOFFAE17CC,龍中段,12.86,都市：住,,,,02260000
RPOOMLTKRHOFFAE09CC,龍中段,16.31,都市：商,,,,01030000
RPRNMLTKRHOFFAE66CC,龍中段,.00,都市：商,,,,00550000
RPSOMLTKRHOFFBE96CC,林德官段二小段,211.08,都市：住,,,,34790001
RPPOMLTKRHOFFEE96CC,興隆段,12.08,都市：住,,,,08590050
RPTQMLTKRHOFFEE57CC,新光段,512.44,都市：住,,,,03200000
RPPNMLTKRHOFFEE86CC,新庄段十三小段,.00,都市：商,,,,15310000
RPPNMLTKRHOFFEE86CC,新庄段十三小段,.00,都市：商,,,,15330000
RPORMLTKRHOFFEE17CC,新華段,14.08,都市：住,,,,00260000
RPVQMLTKRHOFFEE77CC,翠屏段一小段,30.26,都市：住,,,,00130000
RPXNMLTKRHOFFEE67CC,福民段,.00,都市：住,,,,03390000
RPXQMLTKRHOFFEE97CC,藍昌段三小段,6.61,都市：商,,,,04860000
RPUPMLTKRHOFFEE57CC,果貿段,.00,都市：住,,,,00540000
RPXPMLTKRHOFFEE87CC,加昌段二小段,10.82,都市：商,,,,19400000
RPUNMLTKRHOFFCE17CC,獅甲段,.00,都市：商,,,,03310000
RPQNMLTKRHOFFCE76CC,愛群段,7.85,都市：商,,,,24590000
RPTPMLSKRHOFFCE17CC,光華段一小段,.00,都市：商,,,,20700000
RPVNMLTKRHOFFCE27CC,憲德段二小段,12.68,都市：商,,,,00260004
RPXNMLTKRHOFFCE47CC,獅甲段,1.75,都市：商,,,,03300000
RPXNMLTKRHOFFCE47CC,獅甲段,5.50,都市：商,,,,03310000
RPQNMLTKRHOFFFE07CC,後壁田段,26.07,都市：商,,,,00610000
RPTNMLTKRHOFFFE37CC,興龍段,.00,非都市：特定農業區 ; 非都市編定：甲種建築用地,,,,00040000
RPQOMLTKRHOFFGE27CC,曹公段,454.00,都市：工,,,,01030124
RPROMLTKRHOFFGE37CC,新甲段,.00,都市：住,,,,10920007
RPWOMLTKRHOFFGE87CC,曹公段,379.16,都市：工,,,,01030123
RPXOMLTKRHOFFGE97CC,中崙段,41.27,都市：住,,,,00170000
RPTNMLKLRHOFFGE66CC,頂庄段,.00,都市：住,,,,07100000
RPQNMLKLRHOFFLE86CC,大寮段,870.00,都市：工,,,,29200000
RPQNMLKLRHOFFLE86CC,大寮段,725.00,都市：工,,,,29210000
RPOOMLTKRHOFFDE76CC,大港段二小段,13.40,都市：商,,,,10780000
RPPOMLTKRHOFFDE86CC,獅頭段,14.99,都市：商,,,,26990000
RPVNMLTKRHOFFDE37CC,建民段,.00,都市：商,,,,01830000
RPUNMLTKRHOFFDE27CC,覆鼎金段覆鼎金一小段,.00,都市：住,,,,06850001
RPUOMLTKRHOFFDE37CC,灣子內段寶珠溝小段,.00,都市：商,,,,05560003
RPTOMLTKRHOFFDE27CC,大港段二小段,74.00,都市：住,,,,14910003
RPWNMLKLRHOFFIE17CC,保社段,452.83,都市：農,,,,03490005
RPVNMLKLRHOFFIE07CC,大?腿段,281.00,都市：農,,,,15140003
RPRNMLKLRHOFFIE66CC,竹園段,998.00,都市：工,,,,03030002
RPVPMLKLRHOFFFE96CC,文化段,.00,都市：住,,,,06390000
RPXNMLKLRHOFFIE27CC,保安段,1607.00,都市：農,,,,00320002
RPQPMLKLRHOFFFE09CC,瓊西段,2247.43,都市：農,,,,00470000
RPTNMLKLRHOFFDE98CC,澄清段二小段,31.92,都市：住,,,,00110000
RPSNMLKLRHOFFDE88CC,三塊厝段,99.65,都市：商,,,,13000005
RPOOMLKLRHOFFDE58CC,大港段,.00,都市：住,,,,34460000
RPOOMLKLRHOFFDE58CC,大港段,.00,都市：住,,,,34470000
RPTOMLKLRHOFFDE09CC,獅頭段一小段,.00,都市：住,,,,16940000
RPVOMLKLRHOFFDE66CC,大港段二小段,.00,都市：住,,,,14450007
RPSOMLKLRHOFFDE98CC,獅頭段一小段,.00,都市：住,,,,16940000
RPWNMLKLRHOFFEE76CC,新庄段十三小段,8.41,都市：商,,,,14450000
RPVPMLKLRHOFFEE86CC,援中段一小段,.00,都市：商,,,,02870000
RPTPMLKLRHOFFEE66CC,藍昌段一小段,.00,都市：住,,,,02330000
RPVOMLKLRHOFFCE56CC,愛群段,.00,都市：住,,,,08130000
RPROMLTKRHOFFCE96CC,愛群段,16.99,都市：商,,,,24630000
RPWNMLKLRHOFFCE56CC,青島段一小段,.00,非都市： ; 非都市編定：,,,,13180000
RPQOMLKLRHOFFCE68CC,宏明段,113.76,都市：住,,,,01840014
RPPOMLTKRHOFFCE76CC,大業段,22.57,都市：商,,,,00350000
RPXRMLKLRHOFFEE27CC,新庄段五小段,.00,都市：住,,,,10840000
RPOSMLKLRHOFFEE09CC,楠梓段五小段,.00,都市：住,,,,11860000
RPSRMLKLRHOFFEE76CC,新博段,.00,都市：住,,,,00030000
RPRSMLKLRHOFFEE76CC,加昌段,13.40,都市：住,,,,06390000
RPRSMLKLRHOFFEE76CC,加昌段,19.80,都市：住,,,,06390001
RPRSMLKLRHOFFEE76CC,加昌段,.27,都市：住,,,,06390002
RPTNMLKLRHOFFBE78CC,過田子段,11.80,都市：其他:第三種特定商業專用區,,,,08220000
RPTNMLKLRHOFFBE78CC,過田子段,6.36,都市：其他:第三種特定商業專用區,,,,08230000
RPTNMLKLRHOFFAE68CC,龍中段,11.59,都市：住,,,,01130000
RPPOMLKLRHOFFBE48CC,意誠段,5.85,都市：商,,,,01990000
RPTOMLKLRHOFFBE88CC,新興段二小段,7.01,都市：商,,,,12760000
RPVNMLKLRHOFFCE09CC,愛群段,5.94,都市：商,,,,24590000
RPRRMLKLRHOFFEE66CC,菜公段一小段,.00,都市：住,,,,04000000
RPUOMLKLRHOFFBE98CC,正德段,.00,都市：住,,,,04670000
RPTRMLKLRHOFFEE86CC,和平東段,.00,都市：住,,,,00190001
RPPNMLKLRHOFFAE28CC,前金段,4.04,都市：商,,,,00930004
RPWOMLKLRHOFFBE56CC,大統段一小段,.00,都市：商,,,,14050000
RPQPMLKLRHOFFBE68CC,新興段一小段,7.62,都市：商,,,,05200000
RPPPMLKLRHOFFBE58CC,意誠段,.00,都市：商,,,,01700000
RPTPMLKLRHOFFBE98CC,新興段二小段,.00,都市：商,,,,14590000
RPPQMLKLRHOFFBE68CC,大統段一小段,.00,都市：商,,,,14050000
RPUNMLLLRHOFFAE88CC,龍華段一小段,30.10,都市：住,,,,07640000
RPWPMLKLRHOFFBE66CC,五塊厝段,13.26,都市：商,,,,17080000
RPVNMLLLRHOFFAE98CC,龍華段八小段,12.13,都市：商,,,,23920000
RPROMLNLRHOFFDE56CC,三塊厝段一小段,3.44,都市：商,,,,10850000
RPPOMLNLRHOFFEE09CC,新民段,75.60,都市：住,,,,03070003
RPTOMLNLRHOFFEE86CC,福民段,.00,都市：住,,,,01600000
RPRNMLLLRHOFFBE68CC,意誠段,.00,都市：商,,,,01990000
RPSPMLNLRHOFFEE86CC,福山段,25.30,都市：住,,,,03810000
RPPOMLNLRHOFFFE56CC,安西段,219.86,都市：工,,,,06540000
RPUNMLNLRHOFFAE09CC,後金段,9.52,都市：商,,,,05300000
RPVOMLNLRHOFFGE27CC,七老爺段一甲小段,747.00,都市：住,,,,14700001
RPQNMLOLRHOFFGE76CC,文山段,789.00,都市：住,,,,05520008
RPQNMLLLRHOFFDE78CC,灣內段,226.63,都市：住,,,,07590000
RPPNMLNLRHOFFAE58CC,北金段,6.47,都市：商,,,,02550000
RPSNMLOLRHOFFLE47CC,內坑段,.00,都市：住,,,,08440000
RPSNMLOLRHOFFLE47CC,內坑段,.00,都市：住,,,,08450000
RPUOMLNLRHOFFGE17CC,鳳甲段,4179.94,都市：住,,,,00680000
RPSNMLOLRHOFFFE86CC,九甲圍段,766.00,非都市：一般農業區 ; 非都市編定：農牧用地,,,,10110000
RPSNMLOLRHOFFFE86CC,九甲圍段,984.00,非都市：一般農業區 ; 非都市編定：農牧用地,,,,10100000
RPWNMLOLRHOFFFE27CC,興龍段,.00,非都市：特定農業區 ; 非都市編定：甲種建築用地,,,,00040000
RPUNMLOLRHOFFAE56CC,龍華段九小段,436.50,都市：住,,,,09600000
RPVNMLOLRHOFFAE66CC,文東段,.00,都市：商,,,,09280000
RPWNMLOLRHOFFAE76CC,龍水段一小段,15.35,都市：住,,,,12260000
RPQOMLOLRHOFFAE88CC,內惟段九小段,.00,都市：住,,,,00220001
RPQOMLOLRHOFFAE88CC,內惟段九小段,.00,都市：住,,,,00220002
RPVNMLOLRHOFFBE76CC,大統段一小段,12.14,都市：商,,,,00060000
RPQNMLOLRHOFFEE56CC,藍田西段,13.75,都市：商,,,,01440000
RPSOMLOLRHOFFEE86CC,新庄段十三小段,10.03,都市：商,,,,14290000
RPQNMLOLRHOFFDE09CC,鼎泰段,13.07,都市：住,,,,13780000
RPTNMLOLRHOFFDE76CC,灣復段,.00,都市：商,,,,05470000
RPTOMLOLRHOFFDE86CC,三塊厝段四小段,.00,都市：住,,,,18550000
RPRNMLOLRHOFFIE07CC,新後港西段,62.71,都市：住,,,,00690105
RPRNMLOLRHOFFIE07CC,新後港西段,22.39,都市：住,,,,00690147
RPPOMLKLRHOFFIE56CC,金鼎段,1185.44,都市：住,,,,07070000
RPSNMLOLRHOFFIE17CC,澄觀段,290.00,都市：住,,,,01100000
RPVPMLPLRHOFFDE27CC,大順段,.00,都市：住,,,,04020007
RPOOMLPLRHOFFDE09CC,三塊厝段,.00,都市：住,,,,12230009
RPOOMLPLRHOFFDE09CC,三塊厝段,.00,都市：其他:道路用地,,,,12230027
RPQOMLOLRHOFFFE76CC,興龍段,.00,非都市：特定農業區 ; 非都市編定：甲種建築用地,,,,00040000
RPSNMLPLRHOFFBE56CC,新興段四小段,.00,都市：商,,,,16770000
RPSNMLPLRHOFFBE56CC,新興段四小段,.00,都市：商,,,,16780000
RPTNMLPLRHOFFBE66CC,過田子段,.00,都市：商,,,,11360000
RPVOMLPLRHOFFBE96CC,林德官段二小段,.00,都市：住,,,,33650002
RPPOMLOLRHOFFFE66CC,興龍段,.00,非都市：特定農業區 ; 非都市編定：甲種建築用地,,,,00040000
RPPOMLPLRHOFFBE98CC,五塊厝段,25.10,都市：商,,,,20050000
RPSOMLPLRHOFFFE07CC,興龍段,.00,非都市：特定農業區 ; 非都市編定：甲種建築用地,,,,00040000
RPVNMLPLRHOFFLE87CC,中門段,372.11,都市：工,,,,05150000
RPSNMLPLRHOFFAE09CC,青海段,.00,都市：住,,,,06430000
RPXNMLPLRHOFFAE96CC,龍華段八小段,10.43,都市：商,,,,22540000
RPTNMLPLRHOFFLE67CC,大寮段芎蕉腳小段,215.00,都市：農,,,,18730000
RPUNMLPLRHOFFAE66CC,龍中段,.00,都市：商,,,,01120000
RPWNMLPLRHOFFLE97CC,翁公園段,68.00,都市：其他:乙種工業區,,,,39910096
RPPOMLPLRHOFFLE37CC,內湖段,.00,都市：住,,,,08220000
RPWNMLPLRHOFFGE47CC,牛潮埔段,229.00,都市：工,,,,11000013
RPOOMLPLRHOFFGE76CC,過埤段,231.08,都市：農,,,,02570002
RPWNMLPLRHOFFIE67CC,善德段,463.93,都市：農,,,,00080028
RPXNMLPLRHOFFCE27DC,坪頂段,1132.04,都市：住,,,,00570002
RPVNMLPLRHOFFGE37CC,大貝湖段,216.74,都市：住,,,,01220000
RPVNMLPLRHOFFIE67DC,新後港西段,6.65,都市：住,,,,00690147
RPVNMLPLRHOFFIE67DC,新後港西段,87.89,都市：住,,,,00690121
RPQNMLPLRHOFFIE17DC,新後港西段,24.23,都市：住,,,,00690148
RPOOMLPLRHOFFIE07DC,新後港西段,21.97,都市：住,,,,00690148
RPXNMLQLRHOFFFE57CC,後壁田段,10.96,都市：商,,,,00610000
RPSNMLQLRHOFFAE56CC,青海段,27.04,都市：商,,,,02140001
RPPOMLQLRHOFFAE98CC,龍華段一小段,.00,都市：住,,,,10240000
RPSOMLQLRHOFFAE66CC,龍華段八小段,.00,都市：商,,,,22720000
RPTOMLQLRHOFFAE76CC,龍中段,.00,都市：商,,,,01480000
RPQNMLQLRHOFFBE09CC,林德官段,.00,都市：商,,,,13680000
RPQNMLQLRHOFFBE09CC,林德官段,.00,都市：住,,,,13680001
RPSNMLQLRHOFFBE66CC,武聖段,33.50,都市：住,,,,12370000
RPTNMLQLRHOFFBE76CC,林德官段,13.46,都市：商,,,,11860004
RPTNMLQLRHOFFBE76CC,林德官段,1.28,都市：商,,,,11860011
RPPOMLQLRHOFFBE09CC,過田子段,.00,都市：住,,,,10130000
RPOOMLQLRHOFFBE98CC,過田子段,.00,都市：住,,,,10130000
RPXOMLQLRHOFFCE37CC,憲德段二小段,.00,都市：商,,,,00260001
RPROMLQLRHOFFCE76CC,盛興段,18.14,都市：住,,,,14920000
RPPNMLPLRHOFFCE98CC,店鎮段,18.55,都市：住,,,,01690000
RPSNMLOLRHOFFCE56CC,愛群段,52.00,都市：商,,,,01870000
RPUNMLOLRHOFFCE76CC,光華段,.00,都市：住,,,,00230002
RPTNMLOLRHOFFCE66CC,光華段,.00,都市：住,,,,00230002
RPUOMLQLRHOFFDE17CC,金獅段,.00,都市：商,,,,01490000
RPOSMLQLRHOFFDE96CC,大港段四小段,60.00,都市：住,,,,24600000
RPVPMLQLRHOFFEE47CC,新光段,.00,都市：商,,,,03820000
RPWPMLQLRHOFFEE57CC,果貿段,.00,都市：住,,,,00060000
RPWOMLRLRHOFFEE57CC,新庄段四小段,73.00,都市：住,,,,00280003
RPQOMLQLRHOFFBE56CC,過田子段,.00,都市：住,,,,10130000
RPSOMLRLRHOFFEE17CC,新庄段十三小段,7.34,都市：商,,,,15090000
RPRSMLQLRHOFFDE27CC,大港段四小段,60.00,都市：住,,,,24600000
RPSQMLRLRHOFFEE37CC,和平段四小段,391.00,都市：住,,,,00900002
RPRPMLRLRHOFFEE17CC,左東段,72.00,都市：住,,,,00140074
RPRPMLRLRHOFFEE17CC,左東段,72.00,都市：住,,,,00140075
RPVOMLRLRHOFFDE37CC,建工段,10.00,都市：商,,,,07600000
RPVOMLRLRHOFFDE37CC,建工段,66.00,都市：商,,,,07610000
RPQPMLRLRHOFFEE07CC,新庄段十三小段,12.36,都市：住,,,,14140000
RPUPMLRLRHOFFDE37CC,三塊厝段,63.00,都市：住,,,,12220032
RPOOMLRLRHOFFDE66CC,灣復段,.00,都市：商,,,,05470000
RPRSMLRLRHOFFDE37CC,大豐段二小段,101.00,都市：住,,,,07680000
RPPOMLRLRHOFFDE76CC,灣復段,.00,都市：商,,,,05470000
RPQOMLRLRHOFFDE86CC,灣復段,9.06,都市：商,,,,12110000
RPXQMLRLRHOFFDE77CC,灣子內段寶珠溝小段,.00,都市：商,,,,05560003
RPVNMLRLRHOFFBE07CC,大統段二小段,.00,都市：商,,,,02770000
RPWNMLRLRHOFFBE17CC,新興段一小段,10.72,都市：商,,,,01400004
RPOOMLRLRHOFFBE09CC,林德官段,3.39,都市：商,,,,12940023
RPPOMLRLRHOFFBE56CC,苓東段,119.76,都市：商,,,,08650000
RPROMLRLRHOFFCE86CC,愛群段,82.00,都市：商,,,,29260000
RPUOMLRLRHOFFFE47CC,興龍段,.00,非都市：特定農業區 ; 非都市編定：甲種建築用地,,,,00040000
RPROMLRLRHOFFFE17CC,為隨段,1140.00,非都市：特定農業區 ; 非都市編定：農牧用地,,,,03300000
RPROMLRLRHOFFFE17CC,為隨段,1140.00,非都市：特定農業區 ; 非都市編定：農牧用地,,,,03310000
RPSNMLRLRHOFFLE77CC,大寮段芎蕉腳小段,363.63,都市：農,,,,16320000
RPSPMLRLRHOFFAE86CC,府北段五小段,3.20,都市：商,,,,01610000
RPOOMLRLRHOFFLE47CC,林園段,83.00,都市：商,,,,03000028
RPPQMLRLRHOFFAE66CC,博孝段,4.78,都市：商,,,,12340000
RPTOMLRLRHOFFAE86CC,青海段,18.49,都市：住,,,,06350000
RPRNMLRLRHOFFAE56CC,龍華段八小段,.00,都市：商,,,,23840000
RPQNMLRLRHOFFAE09CC,青海段,.00,都市：住,,,,03600000
RPPNMLSLRHOFFCE66CC,愛群段,7.62,都市：商,,,,24590000
RPPNMLSLRHOFFBE56CC,林德官段,9.76,都市：商,,,,11810000
RPPNMLSLRHOFFBE56CC,林德官段,.92,都市：其他:道路用地,,,,11810003
RPQNMLSLRHOFFCE76CC,憲德段二小段,18.51,都市：商,,,,00200000
RPRNMLSLRHOFFBE76CC,苓東段,11.12,都市：商,,,,01280000
RPRNMLSLRHOFFBE76CC,苓東段,21.04,都市：住,,,,01290000
RPRNMLSLRHOFFCE86CC,愛群段,7.61,都市：商,,,,24590000
RPQNMLTLRHOFFAE66CC,龍中段,.00,都市：商,,,,00150000
RPRNMLTLRHOFFEE17CC,新庄段十三小段,.00,都市：住,,,,14020000
RPQNMLSLRHOFFEE96CC,新庄段十三小段,6.55,都市：商,,,,15090000
RPOOMLKMRHOFFAE38CC,前金段,1.68,都市：商,,,,00630000
RPOOMLKMRHOFFAE38CC,前金段,2.28,都市：商,,,,01080005
RPOOMLKMRHOFFAE38CC,前金段,2.73,都市：商,,,,01080021
RPQOMLKMRHOFFAE58CC,青海段,13.75,都市：商,,,,01660000
RPPNMLKMRHOFFBE48CC,過田子段,.00,都市：商,,,,05840006
RPOOMLKMRHOFFBE48CC,新興段二小段,5.97,都市：商,,,,12760000
RPUOMLQLRHOFFGE47CC,文英段,21.81,都市：住,,,,21500002
RPSNMLSLRHOFFGE37CC,鳳山段大老衙小段,12.47,都市：商,,,,02300000
RPOOMLRLRHOFFGE96CC,文英段,22.27,都市：住,,,,17000002
RPRNMLSLRHOFFGE27CC,新庄子段一小段,84.51,都市：住,,,,01320065
RPXOMLQLRHOFFGE77CC,竹子腳段,.00,都市：住,,,,01690013
RPXOMLQLRHOFFGE77CC,竹子腳段,.00,都市：住,,,,01770010
RPXOMLQLRHOFFGE77CC,竹子腳段,.00,都市：住,,,,01780030
RPXOMLQLRHOFFGE77CC,竹子腳段,.00,都市：住,,,,01780032
RPSNMLKMRHOFFEE09CC,新庄段十二小段,.00,都市：住,,,,10380011
RPTNMLKMRHOFFEE56CC,新民段,12.28,都市：住,,,,03680000
RPQPMLKMRHOFFEE09CC,新庄段十三小段,6.70,都市：商,,,,14450000
RPRQMLKMRHOFFEE66CC,新光段,6.20,都市：住,,,,01830000
RPXQMLKMRHOFFDE17CC,灣復段,.00,都市：商,,,,03890000
RPSQMLKMRHOFFDE66CC,灣子內段寶珠溝小段,.00,都市：商,,,,05560003
RPRQMLKMRHOFFDE56CC,灣子內段寶珠溝小段,.00,都市：商,,,,05560003
RPRNMLKMRHOFFDE88CC,建興段,25.82,都市：商,,,,03370000
RPRNMLKMRHOFFDE88CC,建興段,9.86,都市：商,,,,03390000
RPUQMLKMRHOFFDE86CC,灣子內段寶珠溝小段,.00,都市：商,,,,05560003
RPQQMLKMRHOFFDE09CC,獅頭段,129.00,都市：商,,,,27650001
RPQQMLKMRHOFFDE09CC,獅頭段,371.00,都市：商,,,,27650002
RPPNMLTLRHOFFDE86CC,大港段二小段,.00,都市：住,,,,12700028
RPSOMLKMRHOFFCE98CC,港和段一小段,24.76,都市：商,,,,07700000
RPOPMLKMRHOFFFE98CC,興龍段,.00,非都市：特定農業區 ; 非都市編定：甲種建築用地,,,,00040000
RPXOMLKMRHOFFFE17CC,興龍段,.00,非都市：特定農業區 ; 非都市編定：甲種建築用地,,,,00040000
RPXNMLKMRHOFFGE17CC,大貝湖段,2438.45,都市：住,,,,00840000
RPROMLKMRHOFFCE88CC,愛群段,.00,都市：住,,,,22790003
RPQOMLKMRHOFFGE56CC,新甲段,.00,都市：住,,,,01850000
RPQOMLKMRHOFFFE09CC,大紅段,9.77,都市：住,,,,05190000
RPRNMLKMRHOFFIE76CC,尖山腳段,.00,非都市：山坡地保育區 ; 非都市編定：丙種建築用地,,,,02290000
RPOPMLLJIIOFFCE67CC,愛群段,5.94,都市：商,,,,24590000
RPWNMLLJIIOFFIE88CC,鳳松段,8.62,都市：住,,,,04590000
RPXNMLLJIIOFFIE98CC,興農段,.00,都市：住,,,,07940010
RPXNMLLJIIOFFIE98CC,興農段,.00,都市：住,,,,07940011
RPVPMLLJIIOFFDE48CC,獅頭段,7.78,都市：商,,,,22450000
RPTNMLLJIIOFFBE87CC,過田子段,.00,都市：住,,,,10130000
RPVNMLLJIIOFFAE97CC,府北段五小段,.00,都市：商,,,,01800000
RPPOMLLJIIOFFAE47CC,龍中段,18.07,都市：商,,,,00280001
RPQNMLMJIIOFFAE57CC,龍華段三小段,32.00,都市：住,,,,09450000
RPWNMLMJIIOFFAE18CC,青海段,48.33,都市：住,,,,05580000
RPPPMLKMRHOFFFE09CC,興龍段,.00,非都市：特定農業區 ; 非都市編定：甲種建築用地,,,,00040000
RPRNMLMJIIOFFBE77CC,意誠段,.00,都市：商,,,,01990000
RPSNMLMJIIOFFBE87CC,意誠段,.00,都市：商,,,,01990000
RPSNMLLJIIOFFEE08CC,加昌段,11.58,都市：住,,,,01620000
RPSNMLLJIIOFFEE08CC,加昌段,14.44,都市：住,,,,01630000
RPSNMLLJIIOFFGE28CC,文山段,22.43,都市：住,,,,05510000
RPXQMLKMRHOFFEE27CC,新庄段二小段,29.07,都市：住,,,,02050001
RPUOMLLJIIOFFGE58CC,中崙段,41.41,都市：住,,,,00170000
RPWQMLKMRHOFFEE17CC,新庄段十二小段,464.00,都市：住,,,,09700000
RPVNMLLJIIOFFEE38CC,菜公段六小段,.00,都市：住,,,,11100000
RPRNMLLJIIOFFEE97CC,新庄段六小段,7.24,都市：住,,,,09130000
RPTQMLKMRHOFFEE86CC,福山段,8.09,都市：商,,,,03170000
RPSOMLMJIIOFFAE87CC,東金段,31.44,都市：商,,,,02160000
RPSNMLMJIIOFFDE08CC,大港段二小段,20.88,都市：住,,,,15260002
RPPOMLMJIIOFFEE97CC,菜公段六小段,9.18,都市：住,,,,11030000
RPPPMLMJIIOFFEE08CC,新庄段十三小段,.00,都市：商,,,,14360000
RPRNMLMJIIOFFLE78CC,大寮段芎蕉腳小段,495.87,都市：農,,,,16320000
RPUNMLNJIIOFFIE88CC,金鼎段,347.39,都市：住,,,,00030000
RPSOMLMJIIOFFLE98CC,赤崁段,1606.00,都市：農,,,,16420000
RPUNMLMJIIOFFCE18CC,愛群段,29.76,都市：商,,,,22790003
RPXNMLNJIIOFFGE98CC,埤頂段,.00,都市：住,,,,12430035
RPOOMLNJIIOFFGE18CC,大貝湖段,71.31,都市：住,,,,00440017
RPPOMLNJIIOFFGE28CC,華鳳段,20.06,都市：住,,,,01250000
RPUOMLNJIIOFFEE58CC,福山段,8.42,都市：商,,,,04720000
RPSNMLNJIIOFFAE87CC,龍華段八小段,.00,都市：商,,,,22210000
RPQOMLOJIIOFFAE87CC,龍中段,18.08,都市：商,,,,00360000
RPWOMLOJIIOFFAE48CC,龍中段,19.84,都市：商,,,,00650000
RPWNMLMJIIOFFBE28CC,大統段一小段,57.26,都市：商,,,,02600000
RPPNMLNJIIOFFBE67CC,過田子段,.00,都市：商,,,,11360000
RPTNMLOJIIOFFBE18CC,苓東段,.00,都市：住,,,,00130000
RPTNMLOJIIOFFBE18CC,苓東段,.00,都市：其他:道路用地,,,,00090013
RPUOMLMJIIOFFBE18CC,林德官段,10.62,都市：商,,,,11970000
RPPOMLMJIIOFFBE67CC,意誠段,.00,都市：商,,,,01990000
RPQOMLNJIIOFFBE87CC,福裕段,12.00,都市：商,,,,04080000
RPOOMLMJIIOFFBE57CC,意誠段,.00,都市：商,,,,01990000
RPVNMLNJIIOFFBE28CC,林德官段,47.90,都市：商,,,,13370000
RPXOMLMJIIOFFBE48CC,新興段一小段,101.00,都市：商,,,,19670000
RPROMLMJIIOFFBE87CC,林德官段一小段,62.00,都市：住,,,,26640000
RPQOMLOJIIOFFBE97CC,林德官段,.00,都市：商,,,,11480000
RPOPMLOJIIOFFEE18CC,興隆段,79.00,都市：商,,,,08640133
RPWOMLOJIIOFFDE78CC,大港段,.00,都市：住,,,,34650000
RPXOMLOJIIOFFDE88CC,大港段二小段,119.00,都市：商,,,,10700000
RPOOMLOJIIOFFIE48CC,草潭段,121.31,都市：其他:空白,,,,09330000
RPSNMLOJIIOFFLE09CC,赤崁段潮州寮小段,330.58,都市：農,,,,52720000
RPSNMLOJIIOFFJE88CC,中路段,3115.00,非都市：特定農業區 ; 非都市編定：農牧用地,,,,26450000
RPSNMLOJIIOFFFE48CC,安東段,280.16,都市：工,,,,01530000
RPSNMLOJIIOFFFE48CC,安東段,652.32,都市：農,,,,01930006
RPQNMLOJIIOFFFE28CC,中山段,228.10,都市：住,,,,00950000
RPQNMLOJIIOFFFE28CC,中山段,274.08,都市：住,,,,00960000
RPQNMLOJIIOFFFE28CC,中山段,67.51,都市：住,,,,00960001
RPOOMLOJIIOFFEE18DC,菜公段六小段,8.69,都市：住,,,,11030000
RPROMLPJIIOFFFE58CC,後壁田段,.00,都市：商,,,,00610000
RPQNMLPJIIOFFCE08CC,愛群段,.00,都市：商,,,,07740000
RPTNMLPJIIOFFLE66CC,六合段,.00,都市：住,,,,01420000
RPVOMLPJIIOFFDE78CC,大港段,.00,都市：住,,,,34650000
RPXOMLPJIIOFFDE98CC,三塊厝段,.00,都市：商,,,,12020016
RPXNMLPJIIOFFCE78CC,獅甲段,.00,都市：商,,,,03310000
RPPPMLRJIIOFFAE18CC,龍華段一小段,22.33,都市：住,,,,10870001
RPTNMLRJIIOFFBE48CC,苓洲段,5.30,都市：商,,,,17920000
RPVNMLRJIIOFFBE68CC,苓洲段,4.25,都市：商,,,,05420000
RPPOMLRJIIOFFBE18CC,成功段,8.37,都市：商,,,,02960000
RPXNMLRJIIOFFBE88CC,林德官段,5.68,都市：商,,,,12940023
RPQPMLRJIIOFFAE28CC,龍中段,.00,都市：商,,,,00830000
RPQPMLRJIIOFFAE28CC,龍中段,.00,都市：商,,,,00830004
RPQPMLRJIIOFFAE28CC,龍中段,.00,都市：商,,,,00830007
RPRPMLRJIIOFFAE38CC,龍華段三小段,65.00,都市：農,,,,07000000
RPSPMLRJIIOFFAE48CC,興仁段,.00,都市：住,,,,00230000
RPSPMLRJIIOFFAE48CC,興仁段,.00,都市：住,,,,00240000
RPSPMLRJIIOFFAE48CC,興仁段,.00,都市：住,,,,00240001
RPROMLRJIIOFFDE58CC,獅頭段,.00,都市：住,,,,27670000
RPRPMLRJIIOFFBE48CC,新興段二小段,.00,都市：商,,,,14590000
RPPNMLRJIIOFFIE78CC,林邊段,396.69,都市：農,,,,03120001
RPRNMLPJIIOFFBE08CC,過田子段,.00,都市：商,,,,06000000
RPQNMLRJIIOFFIE88CC,大?腿段,1024.79,都市：工,,,,16330004
RPRNMLRJIIOFFGE78CC,竹子腳段,376.00,都市：住,,,,02740008
RPRNMLRJIIOFFCE38CC,憲德段二小段,17.07,都市：商,,,,00260002
RPSNMLSJIIOFFCE58CC,獅甲段,9.07,都市：商,,,,03310000
RPWNMLRJIIOFFFE56CC,大公段,8.70,都市：住,,,,03420007
RPWNMLRJIIOFFFE56CC,大公段,29.20,都市：住,,,,03430001
RPTNMLSJIIOFFCE68CC,獅甲段二小段,14.17,都市：商,,,,05530000
RPSOMLSJIIOFFCE68CC,仁愛段,42.89,都市：住,,,,05210000
RPWPMLRJIIOFFDE56CC,覆鼎金段覆鼎金一小段,.00,都市：住,,,,06280000
RPQOMLRJIIOFFEE58CC,新庄段八小段,11.72,都市：住,,,,01810000
RPTNMLSJIIOFFEE88CC,新庄段十三小段,.00,都市：商,,,,14910000
RPVNMLSJIIOFFEE09CC,新庄段十三小段,20.21,都市：住,,,,12870000
RPOOMLRJIIOFFEE38CC,福民段,9.50,都市：住,,,,03880000
RPWQMLRJIIOFFEE76CC,菜公段六小段,37.36,都市：住,,,,10160000
RPROMLPJIIOFFEE48CC,和平東段,.00,都市：住,,,,00190001
RPXNMLSJIIOFFEE66CC,新庄段十三小段,23.92,都市：住,,,,12870000
RPSNMLSJIIOFFEE78CC,新庄段七小段,177.00,都市：住,,,,04710000
RPQNMLSJIIOFFAE18CC,青海段,11.70,都市：商,,,,02090000
RPPOMLSJIIOFFAE18CC,青海段,40.65,都市：商,,,,01940000
RPPOMLSJIIOFFAE18CC,龍水段一小段,10.71,都市：商,,,,11750000
RPPNMLTJIIOFFBE28CC,意誠段,16.78,都市：商,,,,00470000
RPWNMLTJIIOFFBE98CC,新興段二小段,.00,都市：商,,,,00210000
RPQOMLSJIIOFFBE38CC,林德官段二小段,12.88,都市：商,,,,34120000
RPXQMLRJIIOFFEE86CC,楠梓段五小段,.00,都市：住,,,,11860000
RPVOMLPJIIOFFEE88CC,福山段,8.41,都市：住,,,,03640000
RPUNMLTJIIOFFAE68CC,龍華段八小段,.00,都市：商,,,,21920000
RPTOMLTJIIOFFAE68CC,青海段,.00,都市：商,,,,01490000
RPTNMLTJIIOFFEE98CC,新庄段七小段,147.00,都市：住,,,,09050000
RPUOMLTJIIOFFAE78CC,青海段,9.67,都市：商,,,,02090000
RPOOMLTJIIOFFEE58CC,菜公段二小段,.00,都市：工,,,,04230075
RPVOMLTJIIOFFAE88CC,前金段,11.67,都市：商,,,,00820002
RPTPMLTJIIOFFAE78CC,青海段,26.82,都市：商,,,,01580000
RPUNMLTJIIOFFBE78CC,五塊厝段,.00,都市：商,,,,22640000
RPOOMLTJIIOFFAE18CC,內惟段一小段,95.00,都市：住,,,,08590007
RPQPMLTJIIOFFDE78CC,大港段七小段,.00,都市：商,,,,06810004
RPQPMLTJIIOFFDE78CC,大港段七小段,.00,都市：商,,,,06810000
RPQPMLTJIIOFFDE78CC,大港段七小段,.00,都市：其他:,,,,06810011
RPQPMLTJIIOFFDE78CC,大港段七小段,.00,都市：其他:,,,,06810012
RPUNMLTJIIOFFEE09CC,新民段,83.10,都市：住,,,,03190001
RPPPMLTJIIOFFDE68CC,大港段七小段,39.38,都市：商,,,,06810004
RPPPMLTJIIOFFDE68CC,大港段七小段,55.46,都市：商,,,,06810000
RPPPMLTJIIOFFDE68CC,大港段七小段,3.69,都市：其他:,,,,06810011
RPPOMLTJIIOFFEE68CC,福山段,12.75,都市：商,,,,03130000
RPPPMLTJIIOFFDE68CC,大港段七小段,5.23,都市：其他:,,,,06810012
RPTOMLTJIIOFFEE09CC,新庄段十二小段,33.31,都市：住,,,,09140000
RPPOMLTJIIOFFFE78CC,後壁田段,9.97,都市：住,,,,00480000
RPPOMLTJIIOFFFE78CC,後壁田段,142.52,都市：商,,,,00480008
RPQNMLTJIIOFFCE48CC,光華段,19.19,都市：住,,,,00230000
RPROMLTJIIOFFGE09CC,福誠段,25.00,都市：住,,,,00220000
RPOOMLTJIIOFFIE98CC,北屋段,15.97,都市：住,,,,06220000
RPSNMLKKIIOFFEE08CC,新民段,1522.06,都市：住,,,,02820001
RPXNMLTJIIOFFGE96CC,文英段,.00,都市：住,,,,16790000
RPUNMLKKIIOFFEE28CC,新庄段六小段,.00,都市：住,,,,05190002
RPPNMLTJIIOFFIE98CC,永和段,165.28,都市：住,,,,10980000
RPPNMLKKIIOFFGE97CC,鳳青段,109.06,都市：住,,,,02080018
RPQNMLLKIIOFFEE97CC,福山段,13.34,都市：住,,,,02240000
RPSNMLLKIIOFFEE18CC,新福段四小段,13.61,都市：住,,,,00010000
RPRNMLLKIIOFFDE97CC,鼎中段,8.08,都市：商,,,,04070000
RPRNMLLKIIOFFEE08CC,新庄段四小段,85.00,都市：住,,,,05080001
RPPNMLLKIIOFFEE87CC,新華段,18.16,都市：住,,,,00260000
RPSNMLLKIIOFFDE08CC,建民段,5.55,都市：商,,,,03320000
RPTNMLLKIIOFFEE28CC,新福段七小段,15.70,都市：住,,,,00040000
RPUNMLLKIIOFFDE28CC,灣中段,11.18,都市：商,,,,01210000
RPTNMLLKIIOFFDE18CC,鼎泰段一小段,10.36,都市：住,,,,02920000
RPVNMLLKIIOFFDE38CC,中華段一小段,14.01,都市：商,,,,02760000
RPWNMLLKIIOFFDE48CC,大港段四小段,17.32,都市：商,,,,28230000
RPUNMLTJIIOFFCE88CC,愛群段,9.71,都市：商,,,,10810000
RPXNMLLKIIOFFDE58CC,澄義段,67.78,都市：住,,,,00740000
RPPNMLLKIIOFFGE08CC,五甲段,16.47,都市：住,,,,15360000
RPQNMLLKIIOFFGE18CC,鳳甲段,35.11,都市：住,,,,00680000
RPPNMLLKIIOFFCE67CC,憲德段二小段,17.69,都市：商,,,,00280003
RPQNMLLKIIOFFCE77CC,憲德段二小段,18.56,都市：商,,,,00280000
RPRNMLLKIIOFFCE87CC,愛群段,14.57,都市：商,,,,24630000
RPXNMLOKIIOFFCE78CC,獅甲段,1.13,都市：商,,,,03300000
RPXNMLOKIIOFFCE78CC,獅甲段,3.56,都市：商,,,,03310000
RPRNMLLKIIOFFBE77CC,苓東段,16.00,都市：住,,,,00130000
RPSNMLOKIIOFFFE58CC,岡山段,36.63,都市：住,,,,04620000
RPROMLOKIIOFFCE28CC,愛群段,11.62,都市：商,,,,29500003
RPOOMLTJIIOFFLE66CC,水源段,17.68,都市：住,,,,04300000
RPOPMLOKIIOFFGE48CC,新甲段,32.20,都市：住,,,,12450182
RPWNMLOKIIOFFIE66CC,北屋段,5.48,都市：住,,,,13330000
RPWNMLOKIIOFFIE66CC,北屋段,17.67,都市：住,,,,13340000
RPSOMLOKIIOFFGE78CC,五甲段,75.00,都市：住,,,,20460000
RPSNMLPKIIOFFAE18CC,龍水段,2.53,都市：其他:特定第五種住宅區,,,,06670000
RPSNMLPKIIOFFAE18CC,青海段,9.18,都市：其他:特定第五種住宅區,,,,06150000
RPRNMLLKIIOFFAE67CC,鹽中段,35.64,都市：商,,,,03430000
RPRNMLLKIIOFFAE67CC,鹽中段,8.28,都市：商,,,,03440000
RPRNMLLKIIOFFAE67CC,鹽中段,1.80,都市：商,,,,03450000
RPROMLPKIIOFFAE18CC,龍水段一小段,34.48,都市：商,,,,11790000
RPPNMLLKIIOFFAE47CC,內惟段五小段,80.67,都市：住,,,,11780003
RPUNMLLKIIOFFAE97CC,文東段,3.70,都市：商,,,,03610000
RPWPMLTJIIOFFAE09CC,龍中段,13.70,都市：住,,,,00280001
RPTNMLLKIIOFFAE87CC,青海段,55.52,都市：住,,,,02670000
RPQOMLPKIIOFFBE18CC,新興段四小段,.00,都市：商,,,,04400000
RPPOMLOKIIOFFAE87CC,文東段,55.00,都市：商,,,,11400000
RPPOMLOKIIOFFAE87CC,文東段,18.00,都市：商,,,,11390000
RPPOMLOKIIOFFAE87CC,文東段,6.00,都市：商,,,,11380000
RPPOMLOKIIOFFAE87CC,文東段,4.00,都市：商,,,,11370000
RPPOMLOKIIOFFAE87CC,文東段,40.00,都市：商,,,,11360000
RPPOMLOKIIOFFAE87CC,文東段,55.00,都市：商,,,,11330000
RPROMLPKIIOFFBE28CC,過田子段,.00,都市：商,,,,07860000
RPPOMLPKIIOFFDE28CC,灣和段,18.83,都市：住,,,,00730000
RPQNMLLKIIOFFAE57CC,龍中段,21.46,都市：商,,,,00360000
RPROMLPKIIOFFDE48CC,鼎泰段一小段,230.35,都市：住,,,,03470000
RPQOMLPKIIOFFDE38CC,灣興段,359.17,都市：工,,,,00070001
RPRNMLPKIIOFFEE48CC,加昌段,6.64,都市：商,,,,13290000
RPPPMLPKIIOFFDE38CC,大順段,.00,都市：住,,,,04020007
RPQNMLPKIIOFFDE28CC,建豐段,204.00,都市：商,,,,08840000
RPQNMLPKIIOFFDE28CC,建豐段,112.00,都市：商,,,,08830000
RPVNMLPKIIOFFBE58CC,過田子段,.00,都市：商,,,,11360000
RPQNMLPKIIOFFIE78CC,大?腿段,247.93,都市：農,,,,12950005
RPOOMLPKIIOFFIE68CC,北屋段,255.31,都市：住,,,,01150000
RPRNMLPKIIOFFIE88CC,豐禾段,198.34,都市：住,,,,00790000
RPSNMLPKIIOFFIE98CC,林內段,76.00,都市：住,,,,08890032
RPXNMLPKIIOFFLE17CC,六合段,15.69,都市：住,,,,10160000
RPPNMLPKIIOFFCE08CC,盛興段,12.09,都市：住,,,,14920000
RPWNMLPKIIOFFGE56CC,文英段,30.56,都市：住,,,,21010000
RPSNMLPKIIOFFCE38CC,瑞隆段二小段,73.00,都市：住,,,,02420000
RPUNMLPKIIOFFCE58CC,獅甲段,1.64,都市：商,,,,03300000
RPUNMLPKIIOFFCE58CC,獅甲段,5.18,都市：商,,,,03310000
RPOOMLPKIIOFFCE08CC,瑞崗段一小段,120.00,都市：住,,,,07570000
RPTNMLQKIIOFFCE58CC,盛興段,12.09,都市：住,,,,14920000
RPSPMLQKIIOFFCE68CC,瑞隆段二小段,73.00,都市：住,,,,02430000
RPSNMLQKIIOFFCE48CC,愛群段,17.19,都市：商,,,,24630000
RPWNMLQKIIOFFBE78CC,大統段一小段,.00,都市：商,,,,01190000
RPRNMLQKIIOFFIE98CC,保甲段,198.34,都市：農,,,,06250000
RPXNMLRKIIOFFBE98CC,苓中段,133.00,都市：商,,,,01370000
RPROMLRKIIOFFBE48CC,過田子段,.00,都市：商,,,,06070000
RPPOMLQKIIOFFBE18CC,大統段一小段,.00,非都市： ; 非都市編定：,,,,10610000
RPROMLPKIIOFFEE58CC,菜公段六小段,34.11,都市：住,,,,11190000
RPWNMLPKIIOFFEE98CC,新福段六小段,15.77,都市：住,,,,00180000
RPVOMLRKIIOFFEE56CC,新庄段十三小段,.00,都市：商,,,,15310000
RPUPMLPKIIOFFEE98CC,新庄段六小段,.00,都市：住,,,,08630000
RPVOMLRKIIOFFEE56CC,新庄段十三小段,.00,都市：商,,,,15330000
RPSNMLPKIIOFFEE58CC,新民段,32.79,都市：住,,,,00750000
RPXOMLQKIIOFFEE66CC,新庄段十二小段,.00,都市：住,,,,11460003
RPXOMLQKIIOFFEE66CC,新庄段十二小段,.00,都市：住,,,,11460004
RPVNMLRKIIOFFGE66CC,埤頂段,.00,都市：住,,,,12430036
RPPOMLPKIIOFFEE38CC,新福段六小段,15.77,都市：住,,,,00180000
RPUOMLRKIIOFFCE88CC,朝興段,540.69,都市：其他:大坪頂特定區,,,,01460006
RPPOMLRKIIOFFCE38CC,瑞隆段三小段,43.56,都市：住,,,,06360000
RPROMLSKIIOFFCE68CC,獅甲段,6.94,都市：商,,,,01580001
RPROMLSKIIOFFCE68CC,獅甲段,6.39,都市：商,,,,01600001
RPSOMLSKIIOFFCE78CC,獅甲段,7.45,都市：住,,,,00720000
RPTOMLSKIIOFFCE88CC,盛興段,12.20,都市：住,,,,14920000
RPQOMLSKIIOFFCE58CC,憲德段一小段,69.00,都市：住,,,,08020072
RPQNMLSKIIOFFGE88CC,大貝湖段,71.31,都市：住,,,,00440017
RPSNMLSKIIOFFLE96CC,磚子?段,429.75,都市：農,,,,29190004
RPQOMLSKIIOFFIE56CC,慈惠段,.00,非都市： ; 非都市編定：,,,,08770000
RPPOMLSKIIOFFLE76CC,開封段,22.02,都市：住,,,,08380000
RPRNMLSKIIOFFGE98CC,新甲段,.00,都市：住,,,,11830027
RPQOMLSKIIOFFLE86CC,赤崁段潮州寮小段,1360.00,都市：農,,,,60100000
RPXNMLSKIIOFFIE17CC,慈惠段,124.68,都市：住,,,,02870024
RPVNMLSKIIOFFEE56CC,新福段七小段,15.20,都市：住,,,,00050000
RPOOMLSKIIOFFIE98CC,大?腿段,936.00,都市：農,,,,16620000
RPXNMLSKIIOFFEE76CC,福山段,8.67,都市：商,,,,03420000
RPRQMLSKIIOFFEE09CC,福民段,.00,都市：住,,,,03370000
RPRNMLSKIIOFFDE68CC,澄東段,39.73,都市：住,,,,00240000
RPWNMLSKIIOFFGE96DC,新庄子段,72.00,都市：住,,,,01280038
RPTPMLSKIIOFFDE09CC,獅頭段一小段,33.70,都市：商,,,,16700000
RPUOMLSKIIOFFEE56CC,加昌段,.00,都市：住,,,,08680000
RPXNMLSKIIOFFDE66CC,金獅段,161.98,都市：住,,,,00990000
RPWNMLRKIIOFFFE66CC,大仁段,149.00,都市：住,,,,25780000
RPVNMLSKIIOFFBE88CC,衛武段,32.35,都市：住,,,,00240000
RPVNMLSKIIOFFBE88CC,衛武段,.03,都市：住,,,,00240001
RPWNMLSKIIOFFBE98CC,意誠段,.00,都市：商,,,,01990000
RPXNMLSKIIOFFBE09CC,意誠段,.00,都市：商,,,,01990000
RPSOMLSKIIOFFAE58CC,青海段,48.33,都市：住,,,,05580000
RPQNMLSKIIOFFAE28CC,前金段,58.74,都市：商,,,,03910028
RPQNMLSKIIOFFAE28CC,前金段,42.89,都市：商,,,,03910028
RPXOMLPKIIOFFAE78CC,北金段,27.76,都市：商,,,,03280000
RPPOMLSKIIOFFBE38CC,意誠段,.00,都市：商,,,,01990000
RPTOMLSKIIOFFAE68CC,龍華段一小段,59.10,都市：住,,,,02710000
RPSNMLSKIIOFFAE48CC,龍中段,14.85,都市：商,,,,00590000
RPSOMLRKIIOFFAE48CC,北金段,.00,都市：住,,,,11580000
RPQOMLSKIIOFFAE38CC,前金段,5.32,都市：商,,,,00930004
RPQOMLRKIIOFFAE28CC,北金段,.00,都市：住,,,,11580000
RPQOMLSKIIOFFBE48CC,意誠段,.00,都市：商,,,,01990000
RPRNMLSKIIOFFAE38CC,龍華段八小段,10.69,都市：商,,,,22160000
RPRNMLKLIIOFFEE08CC,新庄段八小段,15.87,都市：住,,,,00490000
RPSPMLLLIIOFFEE48CC,新庄段四小段,.00,都市：住,,,,04740000
RPPNMLTKIIOFFGE88CC,南華段,102.46,都市：住,,,,00420109
RPPNMLTKIIOFFGE88CC,南華段,.36,都市：住,,,,00420116
RPPPMLLLIIOFFDE08CC,大豐段三小段,64.00,都市：住,,,,02580032
RPQOMLLLIIOFFDE08CC,澄清段二小段,53.72,都市：住,,,,00430000
RPPNMLLLIIOFFDE87CC,獅頭段一小段,.00,都市：商,,,,17360000
RPQPMLLLIIOFFDE18CC,中華段二小段,.00,都市：商,,,,12680001
RPRNMLKLIIOFFAE67CC,內惟段三小段,69.00,都市：住,,,,00060017
RPVNMLTKIIOFFGE86CC,鳳甲段,4179.94,都市：住,,,,00680000
RPSOMLLLIIOFFBE08CC,新興段三小段,4.40,都市：商,,,,16810000
RPPNMLLLIIOFFAE57CC,龍華段七小段,22.04,都市：住,,,,11040000
RPUNMLLLIIOFFBE18CC,林德官段一小段,.00,都市：住,,,,31230000
RPROMLLLIIOFFGE48CC,新甲段,.00,都市：住,,,,11830027
RPTOMLMLIIOFFFE68CC,興龍段,.00,非都市：特定農業區 ; 非都市編定：甲種建築用地,,,,00040000
RPOOMLLLIIOFFFE08CC,仕豐段,69.00,都市：住,,,,04130013
RPVNMLLLIIOFFGE78CC,新庄子段,102.00,都市：住,,,,01860019
RPVOMLMLIIOFFFE88CC,興龍段,.00,非都市：特定農業區 ; 非都市編定：甲種建築用地,,,,00040000
RPXOMLMLIIOFFFE09CC,興龍段,.00,非都市：特定農業區 ; 非都市編定：甲種建築用地,,,,00040000
RPUOMLMLIIOFFGE88CC,保泰段,12.96,都市：商,,,,00050000
RPPOMLLLIIOFFCE87CC,籬子內段籬子內小段,.00,都市：住,,,,11840007
RPSNMLMLIIOFFAE97CC,民生段,.00,都市：商,,,,08160000
RPROMLMLIIOFFFE48CC,興龍段,.00,非都市：特定農業區 ; 非都市編定：甲種建築用地,,,,00040000
RPRNMLMLIIOFFBE97CC,過田子段,.00,都市：商,,,,11360000
RPQNMLMLIIOFFBE87CC,過田子段,.00,都市：商,,,,11360000
RPROMLMLIIOFFCE18CC,草衙段二小段,42.37,都市：商,,,,11360000
RPVOMLMLIIOFFAE38CC,龍中段,12.08,都市：住,,,,00280001
RPQOMLMLIIOFFGE48CC,埤頂段,.00,都市：住,,,,21810109
RPPNMLMLIIOFFEE08CC,福民段,.00,都市：住,,,,03620003
RPTPMLMLIIOFFEE68CC,新庄段十一小段,22.92,都市：住,,,,14590000
RPRPMLMLIIOFFEE48CC,新庄段三小段,1156.00,都市：工,,,,02960000
RPXQMLMLIIOFFDE09CC,灣子內段寶珠溝小段,.00,都市：商,,,,05560002
RPPQMLMLIIOFFDE28CC,三塊厝段五小段,.00,都市：住,,,,01330001
RPXOMLMLIIOFFAE58CC,龍華段一小段,228.00,都市：住,,,,09390000
RPWPMLNLIIOFFEE09CC,新庄段三小段,75.00,都市：住,,,,12060007
RPWPMLMLIIOFFEE98CC,新庄段十三小段,3.28,都市：商,,,,14930000
RPUPMLMLIIOFFEE78CC,加昌段二小段,.00,都市：商,,,,19400000
RPUNMLNLIIOFFBE38CC,林德官段,3.46,都市：商,,,,11130000
RPVPMLNLIIOFFEE98CC,楠都段一小段,.00,都市：住,,,,10340000
RPTNMLNLIIOFFBE28CC,新興段二小段,8.43,都市：商,,,,12760000
RPPPMLNLIIOFFDE28CC,獅頭段一小段,.00,都市：住,,,,19680000
RPXOMLNLIIOFFDE98CC,大順段,.00,都市：住,,,,04020007
RPPOMLNLIIOFFDE18CC,中華段一小段,529.00,都市：工,,,,08850000
RPPOMLNLIIOFFDE18CC,中華段一小段,159.00,都市：工,,,,08860000
RPROMLNLIIOFFBE18CC,意誠段,.00,都市：商,,,,01990000
RPSOMLNLIIOFFBE28CC,新興段四小段,.00,都市：商,,,,18230000
RPQOMLNLIIOFFBE08CC,意誠段,.00,都市：商,,,,01990000
RPXNMLNLIIOFFBE68CC,成功段,14.56,都市：商,,,,00590000
RPWOMLNLIIOFFBE68CC,林德官段二小段,.00,都市：住,,,,33650002
RPPOMLNLIIOFFBE97CC,成功段,18.31,都市：商,,,,00590000
RPQNMLNLIIOFFGE48CC,五甲段,794.00,都市：商,,,,18010000
RPWNMLNLIIOFFGE09CC,七老爺段,165.29,都市：農,,,,12040000
RPOPMLNLIIOFFCE08CC,店鎮段一小段,.00,都市：商,,,,13880000
RPUNMLNLIIOFFAE38DC,文東段,69.00,都市：商,,,,06080000
RPUNMLNLIIOFFAE38DC,文東段,55.00,都市：商,,,,06070000
RPTNMLNLIIOFFGE78CC,明頂段,138.45,都市：商,,,,00200000
RPWOMLNLIIOFFCE78CC,愛群段,6.44,都市：商,,,,23940000
RPQOMLNLIIOFFGE68DC,文山段,34.50,都市：住,,,,03050010
RPQOMLNLIIOFFCE18CC,愛群段,8.09,都市：住,,,,23940000
RPVNMLOLIIOFFCE68CC,?莊段,14.01,都市：商,,,,07210000
RPUNMLOLIIOFFCE58CC,憲德段一小段,22.30,都市：商,,,,08130000
RPROMLOLIIOFFCE38CC,獅甲段,2.27,都市：住,,,,03310000
RPROMLOLIIOFFCE38CC,獅甲段,.72,都市：住,,,,03300000
RPTOMLOLIIOFFFE88CC,仕隆段一小段,96.68,都市：住,,,,15020000
RPUOMLOLIIOFFGE09CC,埤頂段,92.00,都市：住,,,,12670013
RPPNMLOLIIOFFBE97CC,過田子段,.00,都市：商,,,,10730001
RPPNMLOLIIOFFBE97CC,過田子段,.00,都市：商,,,,10730002
RPPNMLOLIIOFFBE97CC,過田子段,.00,都市：其他:道路用地,,,,10730003
RPPNMLOLIIOFFBE97CC,過田子段,.00,都市：其他:道路用地,,,,10730004
RPSOMLOLIIOFFBE38CC,苓洲段,5.36,都市：商,,,,05420000
RPWOMLOLIIOFFFE56CC,興龍段,.00,非都市：特定農業區 ; 非都市編定：甲種建築用地,,,,00040000
RPXOMLOLIIOFFFE66CC,興龍段,.00,非都市：特定農業區 ; 非都市編定：甲種建築用地,,,,00040000
RPVOMLOLIIOFFBE68CC,苓東段,18.49,都市：住,,,,00090000
RPVOMLOLIIOFFBE68CC,苓東段,1.80,都市：住,,,,00090001
RPVOMLOLIIOFFBE68CC,苓東段,2.11,都市：住,,,,00090003
RPSNMLOLIIOFFAE18CC,龍中段,12.61,都市：商,,,,00360000
RPQNMLOLIIOFFBE08CC,新興段三小段,17.09,都市：商,,,,03200000
RPWOMLOLIIOFFBE78CC,新興段二小段,6.00,都市：商,,,,12760000
RPTNMLOLIIOFFDE58CC,鼎泰段,.00,都市：住,,,,14570000
RPSNMLOLIIOFFDE48CC,鼎泰段,.00,都市：住,,,,14570000
RPXNMLOLIIOFFDE98CC,大順段,5.02,都市：住,,,,02790000
RPSOMLOLIIOFFAE28CC,博孝段,9.47,都市：住,,,,05360000
RPXNMLOLIIOFFDE98CC,大順段,4.57,都市：住,,,,02770000
RPXNMLOLIIOFFDE98CC,大順段,2.28,都市：住,,,,02760000
RPXNMLOLIIOFFDE98CC,大順段,8.37,都市：住,,,,02660000
RPQOMLOLIIOFFDE38CC,獅頭段,10.79,都市：商,,,,23290000
RPTNMLOLIIOFFAE28CC,前金段,14.88,都市：商,,,,00710004
RPWOMLOLIIOFFDE98CC,大港段,.00,都市：住,,,,34270002
RPVNMLOLIIOFFEE88CC,福山段,.00,都市：住,,,,02740003
RPQOMLOLIIOFFEE48CC,新福段九小段,9.24,都市：商,,,,00060000
RPQPMLOLIIOFFDE48CC,三塊厝段四小段,.00,都市：住,,,,22860002
RPSOMLOLIIOFFEE68CC,新庄段十三小段,16.00,都市：商,,,,14910000
RPRPMLOLIIOFFDE58CC,大港段,.00,都市：商,,,,35170000
RPPQMLOLIIOFFDE48CC,三塊厝段,.00,都市：住,,,,11480009
RPTNMLOLIIOFFEE68CC,新庄段八小段,33.22,都市：住,,,,01130000
RPSPMLOLIIOFFDE68CC,灣復段,.00,都市：商,,,,03890000
RPWOMLOLIIOFFEE09CC,福山段,7.37,都市：商,,,,03220000
RPROMLPLIIOFFDE58CC,鼎山段,240.56,都市：住,,,,02570000
RPVQMLPLIIOFFGE86CC,大貝湖段,216.74,都市：住,,,,01220000
RPPNMLPLIIOFFAE97CC,龍中段,.00,都市：商,,,,01480000
RPQOMLPLIIOFFLE66CC,大寮段芎蕉腳小段,326.00,都市：農,,,,17910002
RPPOMLPLIIOFFBE18CC,林德官段,.00,都市：商,,,,11730010
RPUNMLMLIIOFFIE98CC,興農段,.00,都市：住,,,,07940010
RPPNMLPLIIOFFFE48CC,後壁田段,43.46,都市：住,,,,03090000
RPQPMLPLIIOFFEE68CC,福民段,.00,都市：住,,,,00300000
RPQOMLNLIIOFFIE78CC,仁義段,330.57,非都市：山坡地保育區 ; 非都市編定：農牧用地,,,,09910000
RPSPMLPLIIOFFEE88CC,新庄段一小段,70.00,都市：住,,,,07260000
RPTNMLPLIIOFFEE78CC,新庄段十三小段,.00,都市：商,,,,14910000
RPUNMLQLIIOFFDE88CC,獅頭段,12.05,都市：商,,,,26550000
RPQNMLQLIIOFFDE48CC,獅頭段,29.39,都市：商,,,,21810000
RPVNMLPLIIOFFFE09CC,岡山段,35.55,都市：住,,,,04620000
RPRNMLQLIIOFFAE28CC,龍華段一小段,301.00,都市：住,,,,03790000
RPPNMLQLIIOFFBE18CC,意誠段,.00,都市：商,,,,01990000
RPXNMLPLIIOFFFE66CC,烏樹林段,72.00,非都市： ; 非都市編定：,,,,05190105
RPWPMLSLIIOFFEE96CC,新福段七小段,.00,都市：住,,,,00040000
RPOOMLSLIIOFFEE68CC,新庄段八小段,97.00,都市：住,,,,00220000
RPQNMLSLIIOFFDE68CC,三塊厝段一小段,.00,都市：商,,,,10850001
RPRNMLSLIIOFFAE48CC,龍中段,7.01,都市：商,,,,00110000
RPXNMLSLIIOFFDE76CC,大港段七小段,.00,都市：商,,,,04250000
RPUOMLSLIIOFFDE56CC,大順段,.00,都市：住,,,,03360000
RPVPMLSLIIOFFEE86CC,新福段七小段,69.12,都市：住,,,,00250003
RPSNMLSLIIOFFAE58CC,龍華段八小段,18.08,都市：商,,,,23880000
RPXOMLSLIIOFFFE07CC,頂蚵子寮段,81.00,都市：商,,,,00151406
RPTOMLSLIIOFFBE88CC,新興段四小段,10.43,都市：商,,,,01210000
RPXNMLSLIIOFFAE09CC,青海段,14.38,都市：住,,,,03600000
RPUNMLSLIIOFFLE27CC,內坑段,.00,都市：住,,,,08440000
RPUNMLSLIIOFFLE27CC,內坑段,.00,都市：住,,,,08450000
RPXPMLSLIIOFFEE07CC,新庄段八小段,33.34,都市：住,,,,01380000
RPWOMLSLIIOFFFE96CC,興龍段,.00,非都市：特定農業區 ; 非都市編定：甲種建築用地,,,,00040000
RPOOMLSLIIOFFGE88CC,文英段,7.58,都市：住,,,,08570000
RPVNMLSLIIOFFIE07CC,興農段,.00,都市：住,,,,07940010
RPVNMLSLIIOFFCE09CC,愛群段,.00,都市：商,,,,28140000
RPTNMLSLIIOFFEE56DC,福山段,197.70,都市：商,,,,03340002
RPPNMLTLIIOFFCE58CC,愛群段,.00,都市：商,,,,24590000
RPVOMLTLIIOFFFE96CC,興龍段,.00,非都市：特定農業區 ; 非都市編定：甲種建築用地,,,,00040000
RPUNMLSLIIOFFIE96CC,仁義段,1725.00,非都市：山坡地保育區 ; 非都市編定：農牧用地,,,,09920000
RPOOMLTLIIOFFBE48CC,過田子段,59.00,都市：商,,,,05880012
RPQNMLTLIIOFFBE58CC,苓洲段,59.00,都市：商,,,,01560000
RPQNMLTLIIOFFFE98CC,仕興段,75.00,都市：住,,,,08980024
RPVOMLTLIIOFFBE56CC,大統段二小段,11.43,都市：商,,,,02560000
RPPOMLTLIIOFFBE58CC,新興段一小段,6.97,都市：商,,,,17560000
RPQOMLTLIIOFFBE68CC,五權段,.00,都市：住,,,,05380000
RPOOMLTLIIOFFAE38CC,內惟段一小段,.00,都市：住,,,,02870000
RPQOMLTLIIOFFAE58CC,龍中段,19.47,都市：商,,,,00650000
RPTNMLTLIIOFFEE56CC,果貿段,24.20,都市：住,,,,00020008
RPWOMLTLIIOFFAE56CC,前金段,.00,都市：住,,,,06820000
RPWNMLTLIIOFFEE86CC,後勁段四小段,.00,非都市： ; 非都市編定：,,,,00070000
RPSOMLTLIIOFFEE56CC,新福段四小段,13.61,都市：住,,,,00010000
RPTOMLTLIIOFFEE66CC,新庄段十三小段,6.24,都市：商,,,,14450000
RPROMLTLIIOFFEE09CC,藍昌段三小段,10.58,都市：商,,,,04860000
RPVOMLTLIIOFFEE86CC,左東段,11.02,都市：住,,,,05280000
RPROMLTLIIOFFDE98CC,鼎泰段,61.88,都市：住,,,,13780000
RPWOMLTLIIOFFEE96CC,新華段,13.77,都市：住,,,,00260000
RPXOMLTLIIOFFEE07CC,新庄段十三小段,9.77,都市：商,,,,14910000
RPUOMLTLIIOFFDE66CC,澄東段,24.16,都市：住,,,,01050011
RPXOMLTLIIOFFDE96CC,大順段,.00,都市：住,,,,04020007
RPXNMLKMIIOFFDE68CC,獅頭段一小段,.00,都市：商,,,,14590000
RPWNMLKMIIOFFDE58CC,三塊厝段,.00,都市：住,,,,11480009
RPOOMLKMIIOFFDE87CC,中都段三小段,.00,都市：住,,,,04870000
RPPPMLSLIIOFFGE09CC,埤頂段,.00,都市：住,,,,21810109
RPRQMLSLIIOFFGE76CC,牛潮埔段,26.00,都市：工,,,,13370006
RPRQMLSLIIOFFGE76CC,牛潮埔段,898.00,都市：工,,,,13390000
RPWOMLTLIIOFFGE17CC,牛潮埔段,.00,都市：住,,,,02020002
RPQNMLKMIIOFFAE67CC,前金段,33.59,都市：商,,,,00510000
RPQNMLKMIIOFFAE67CC,前金段,5.35,都市：商,,,,00510002
RPSNMLKMIIOFFAE87CC,龍北段,19.34,都市：住,,,,00070000
RPUNMLKMIIOFFAE08CC,文東段,.00,都市：商,,,,10210000
RPSPMLTLIIOFFBE98CC,新興段三小段,4.40,都市：商,,,,16810000
RPQOMLKMIIOFFBE87CC,林德官段,15.66,都市：商,,,,11880000
RPPOMLKMIIOFFBE77CC,新興段一小段,9.88,都市：商,,,,20240000
RPRPMLTLIIOFFBE88CC,新興段三小段,4.40,都市：商,,,,16810000
RPTPMLTLIIOFFBE09CC,大統段一小段,11.73,都市：商,,,,02040000
RPTNMLKMIIOFFCE18CC,盛興段,14.37,都市：住,,,,14920000
RPTOMLKMIIOFFCE28CC,憲德段二小段,24.39,都市：住,,,,00260004
RPOOMLKMIIOFFGE18CC,新甲段,65.00,都市：住,,,,11750013
RPSNMLKMIIOFFGE48CC,四甲段,52.78,都市：住,,,,00230017
RPSNMLKMIIOFFGE48CC,四甲段,12.16,都市：住,,,,00230009
RPPNMLKMIIOFFGE18CC,新甲段,53.00,都市：住,,,,12470055
RPVOMLKMIIOFFIE09CC,暘善段,147.20,都市：農,,,,04110000
RPVOMLKMIIOFFIE09CC,暘善段,1679.72,都市：農,,,,04120000
RPUNMLKMIIOFFIE88CC,尖山腳段,2550.32,非都市：一般農業區 ; 非都市編定：農牧用地,,,,07660000
RPUNMLKMIIOFFIE88CC,尖山腳段,1786.43,非都市：一般農業區 ; 非都市編定：農牧用地,,,,07670000
RPUNMLKMIIOFFIE88CC,尖山腳段,4841.49,非都市：一般農業區 ; 非都市編定：農牧用地,,,,07680000
RPTNMLKMIIOFFEE38CC,新庄段十三小段,56.82,都市：商,,,,15310000
RPQNMLKMIIOFFIE48CC,?埔段,1652.89,都市：農,,,,12060000
RPTNMLKMIIOFFEE38CC,新庄段十三小段,23.51,都市：商,,,,15330000
RPRPMLKMIIOFFEE38CC,新庄段八小段,120.00,都市：住,,,,00140000
RPROMLKMIIOFFEE28CC,新福段七小段,11.08,都市：住,,,,00050000
RPWNMLKMIIOFFIE09CC,美德段,26.44,都市：農,,,,07790003
RPXNMLKMIIOFFIE56CC,仁新段,165.28,都市：農,,,,17150003
RPTOMLKMIIOFFEE48CC,左東段,41.60,都市：商,,,,01420038
RPTOMLKMIIOFFEE48CC,左東段,9.20,都市：商,,,,01420058
RPWOMLKMIIOFFEE78CC,新庄段十三小段,19.89,都市：商,,,,14900000
RPTNMLKMIIOFFLE09CC,磚子?段,330.58,都市：農,,,,32340000
RPWNMLLMIIOFFGE98CC,新甲段,.00,非都市： ; 非都市編定：,,,,10870004
RPTNMLLMIIOFFFE58CC,岡山段,60.87,都市：住,,,,04620000
RPVOMLLMIIOFFCE58CC,憲德段一小段,64.00,都市：住,,,,08270013
RPTNMLLMIIOFFCE28CC,仁愛段,346.00,都市：住,,,,02490000
RPUNMLLMIIOFFCE38CC,憲德段一小段,.00,都市：商,,,,08260000
RPQOMLLMIIOFFBE97CC,正文段,39.28,都市：住,,,,03890000
RPQNMLLMIIOFFAE77CC,龍華段一小段,21.83,都市：住,,,,06840000
RPWOMLLMIIOFFBE58CC,林德官段,.00,都市：商,,,,13370000
RPRNMLLMIIOFFDE18CC,三塊厝段四小段,.00,都市：商,,,,29260000
RPTNMLLMIIOFFDE38CC,灣子內段寶珠溝小段,6.28,都市：商,,,,07640000
RPUNMLLMIIOFFAE18CC,青海段,18.49,都市：住,,,,00610000
RPRPMLLMIIOFFBE18CC,林德官段,.00,都市：商,,,,13370000
RPVNMLLMIIOFFEE68CC,新庄段六小段,103.00,都市：住,,,,05190002
RPRSMLLJJIOFFEE58CC,新庄段十二小段,125.00,都市：住,,,,09840000
RPRSMLLJJIOFFEE58CC,新庄段十二小段,125.00,都市：住,,,,09840001
RPTPMLLMIIOFFDE58CC,三塊厝段,37.23,都市：住,,,,12650000
RPTPMLLMIIOFFDE58CC,三塊厝段,.25,都市：住,,,,12650002
RPOPMLLMIIOFFBE87CC,林德官段,.00,都市：商,,,,13370000
RPSOMLLJJIOFFCE08CC,竹北段,.00,都市：住,,,,18920000
RPPPMLLJJIOFFGE28CC,五甲段,.00,非都市： ; 非都市編定：,,,,15390023
RPUNMLLJJIOFFFE58DC,大全段,98.00,都市：住,,,,02670000
RPSNMLLJJIOFFAE77CC,前金段,.00,都市：商,,,,01070001
RPPOMLLJJIOFFAE57CC,青海段,29.05,都市：住,,,,00070000
RPUNMLLJJIOFFAE97CC,前金段,14.94,都市：商,,,,00650000
RPRNMLMJJIOFFAE77CC,興福段,13.21,都市：商,,,,05660000
RPQOMLLJJIOFFLE78CC,赤崁段潮州寮三小段,.00,非都市： ; 非都市編定：,,,,65680022
RPPNMLMJJIOFFCE77CC,鎮昌段一小段,17.74,都市：商,,,,13320000
RPQNMLMJJIOFFBE77CC,成功段,11.03,都市：商,,,,00590000
RPTNMLMJJIOFFBE08CC,意誠段,.00,都市：商,,,,01990000
RPQNMLMJJIOFFAE67CC,龍華段九小段,24.18,都市：住,,,,09620000
RPPOMLOJJIOFFEE28CC,新光段,480.29,都市：住,,,,03460000
RPTNMLMJJIOFFEE38CC,新庄段七小段,14.53,都市：住,,,,05750000
RPSNMLMJJIOFFEE28CC,新庄段八小段,33.34,都市：住,,,,01380000
RPOOMLOJJIOFFAE77CC,龍華段八小段,159.00,都市：商,,,,23420000
RPTOMLOJJIOFFBE38CC,新興段一小段,.00,都市：商,,,,13360000
RPWNMLPJJIOFFLE07CC,赤崁段潮州寮小段,491.00,都市：工,,,,58880009
RPVNMLOJJIOFFLE86CC,翁公園段二小段,826.45,都市：農,,,,45330000
RPWNMLPJJIOFFGE56CC,鳳山段火房口小段,105.00,都市：商,,,,05640012
RPQOMLPJJIOFFBE18CC,成功段,26.52,都市：商,,,,03010000
RPROMLPJJIOFFBE28CC,林德官段,87.00,都市：商,,,,11940007
RPOOMLPJJIOFFLE09DC,赤崁段潮州寮三小段,1563.00,都市：工,,,,65680063
RPOPMLLJJIOFFDE87CC,獅頭段,51.00,都市：商,,,,22480009
RPQPMLOJJIOFFDE38CC,大裕段一小段,679.00,都市：商,,,,01520000
RPQOMLPJJIOFFDE38CC,獅頭段一小段,.00,都市：商,,,,16940000
RPSNMLLJJIOFFDE08CC,獅頭段,13.31,都市：商,,,,22600000
RPPOMLPJJIOFFDE28CC,大港段二小段,.00,都市：住,,,,14450007
RPXOMLOJJIOFFDE98CC,覆鼎金段覆鼎金小段,88.00,都市：商,,,,13160000
RPRNMLQJJIOFFDE48CC,建德段,.00,都市：商,,,,09130000
RPQNMLQJJIOFFBE18CC,過田子段,.00,都市：商,,,,11360000
RPUPMLPJJIOFFEE98CC,新庄段一小段,80.00,都市：住,,,,13180011
RPRNMLQJJIOFFEE58CC,新庄段十二小段,.00,都市：商,,,,12170000
RPOOMLQJJIOFFEE38CC,楠都段四小段,10.70,都市：住,,,,01830000
RPTOMLQJJIOFFEE88CC,福山段,32.02,都市：商,,,,02910000
RPUOMLPJJIOFFEE88CC,福民段,21.72,都市：住,,,,01910000
RPTPMLPJJIOFFEE88CC,新庄段十二小段,.00,都市：住,,,,09760000
RPOOMLQJJIOFFBE08CC,意誠段,4.02,都市：商,,,,01990000
RPTNMLQJJIOFFAE38CC,民生段,68.00,都市：商,,,,07520000
RPRNMLQJJIOFFBE28CC,過田子段,.00,都市：商,,,,11360000
RPWNMLQJJIOFFAE68CC,龍華段二小段,31.11,都市：商,,,,06590001
RPSOMLQJJIOFFGE98CC,文英段,14.99,都市：住,,,,16920000
RPQNMLQJJIOFFLE56CC,山子頂段,56.00,都市：住,,,,31690047
RPUOMLQJJIOFFGE56CC,竹子腳段,.00,都市：住,,,,01470061
RPWNMLQJJIOFFLE17CC,赤崁段潮州寮小段,897.00,都市：農,,,,54520000
RPROMLQJJIOFFFE78CC,岡山段,96.96,都市：住,,,,04620000
RPVNMLRJJIOFFFE56CC,石螺潭段,6041.00,非都市：特定農業區 ; 非都市編定：農牧用地,,,,06060166
RPPOMLQJJIOFFLE56CC,赤崁段潮州寮三小段,1563.00,都市：工,,,,65680063
RPPOMLRJJIOFFIE98CC,大華段,.00,都市：住,,,,02470000
RPPOMLRJJIOFFIE98CC,大華段,.00,都市：住,,,,02480000
RPUNMLQJJIOFFFE98CC,後壁田段,984.26,都市：住,,,,03460000
RPPNMLRJJIOFFAE08CC,北金段,3.96,都市：商,,,,09610000
RPUNMLRJJIOFFLE07CC,翁公園段二小段,396.69,都市：農,,,,48930000
RPWOMLRJJIOFFBE98CC,新興段一小段,74.00,都市：商,,,,06040000
RPQNMLRJJIOFFAE18CC,龍中段,13.76,都市：商,,,,01150000
RPXNMLRJJIOFFDE56CC,大港段四小段,60.00,都市：住,,,,24600000
RPXOMLRJJIOFFBE09CC,大統段二小段,123.00,都市：商,,,,03360000
RPPPMLRJJIOFFDE58CC,大港段七小段,179.00,都市：商,,,,04530001
RPVNMLSJJIOFFDE09CC,鼎泰段,18.11,都市：住,,,,14740001
RPWNMLSJJIOFFEE66CC,新庄段十三小段,9.63,都市：商,,,,14910000
RPROMLSJJIOFFDE78CC,三塊厝段三小段,31.37,都市：住,,,,35860000
RPQOMLSJJIOFFEE78CC,新庄段十三小段,6.24,都市：商,,,,14450000
RPPNMLSJJIOFFBE28CC,大統段一小段,59.00,都市：商,,,,03170000
RPROMLSJJIOFFAE48CC,青海段,25.36,都市：住,,,,00850000
RPSNMLSJJIOFFBE58CC,大統段二小段,12.53,都市：商,,,,02560000
RPVNMLSJJIOFFBE88CC,正明段,238.03,都市：商,,,,02090000
RPUOMLSJJIOFFAE78CC,龍中段,9.54,都市：住,,,,02390000
RPQOMLSJJIOFFBE48CC,五塊厝段,13.83,都市：商,,,,16140000
RPTOMLSJJIOFFAE68CC,龍華段八小段,7.93,都市：商,,,,22720000
RPXNMLSJJIOFFIE17CC,保社段,654.99,都市：住,,,,01910004
RPVNMLSJJIOFFIE96CC,大?腿段,1000.00,都市：農,,,,13480000
RPVNMLSJJIOFFIE96CC,大?腿段,742.15,都市：農,,,,13480001
RPPOMLSJJIOFFIE09CC,圳觀段,429.75,都市：農,,,,12190000
RPVOMLSJJIOFFIE07CC,大丘園段,165.28,非都市：一般農業區 ; 非都市編定：農牧用地,,,,04910000
RPOOMLSJJIOFFIE98CC,林內段,586.44,都市：住,,,,06420000
RPVNMLSJJIOFFGE76CC,赤山段,91.00,都市：住,,,,00440002
RPVNMLSJJIOFFGE76CC,赤山段,90.00,都市：住,,,,00440003
RPXOMLSJJIOFFIE27CC,興農段,73.00,都市：住,,,,10820000
RPXOMLSJJIOFFIE27CC,興農段,69.00,都市：住,,,,10830000
RPTNMLSJJIOFFFE09CC,新興段,549.26,都市：農,,,,01720000
RPXOMLSJJIOFFIE27CC,興農段,104.00,都市：住,,,,10800001
RPTNMLSJJIOFFFE09CC,新興段,508.59,都市：農,,,,01740000
RPXNMLSJJIOFFGE96CC,五甲段,26.51,都市：住,,,,16050000
RPRNMLSJJIOFFFE88CC,北角宿段,396.69,非都市：特定農業區 ; 非都市編定：農牧用地,,,,01250000
RPWNMLSJJIOFFFE76CC,後壁田段,16.26,都市：商,,,,00610000
RPQNMLTJJIOFFLE86CC,赤崁段潮州寮三小段,812.00,都市：工,,,,66710004
RPPNMLTJJIOFFIE09CC,林內段,1132.00,都市：住,,,,06420000
RPPNMLTJJIOFFEE68CC,新庄段十三小段,8.24,都市：商,,,,15090000
RPSNMLSJJIOFFJE76CC,三爺埤段,991.73,非都市：一般農業區 ; 非都市編定：農牧用地,,,,02060001
RPSNMLOJJIOFFCE28CC,桂林段,17.12,都市：住,,,,04900000
RPWNMLOJJIOFFCE68CC,新生段,19.84,都市：工,,,,16880000
RPWNMLOJJIOFFCE68CC,新生段,12.78,都市：工,,,,16880003
RPWNMLOJJIOFFCE68CC,新生段,.09,都市：其他:道路用地,,,,16880004
RPPOMLSJJIOFFCE48CC,愛群段,4.52,都市：商,,,,24590000
