﻿鄉鎮市區,交易標的,土地位置建物門牌,土地面積平方公尺,都市土地使用分區,非都市土地使用分區,非都市土地使用編定,租賃年月日,租賃筆棟數,租賃層次,總樓層數,建物型態,主要用途,主要建材,建築完成年月,建物總面積平方公尺,建物現況格局-房,建物現況格局-廳,建物現況格局-衛,建物現況格局-隔間,有無管理組織,有無附傢俱,總額元,單價元平方公尺,車位類別,車位面積平方公尺,車位總額元,備註,編號
The villages and towns urban district,transaction sign,land sector position building sector house number plate,land shifting total area square meter,the use zoning or compiles and checks,the non-metropolis land use district,non-metropolis land use,transaction year month and day,transaction pen number,shifting level,total floor number,building state,main use,main building materials,construction to complete the years,building shifting total area,Building present situation pattern - room,building present situation pattern - hall,building present situation pattern - health,building present situation pattern - compartmented,Whether there is manages the organization,Whether there is attaches the furniture,total price NTD,the unit price (NTD / square meter),the berth category,berth shifting total area square meter,the berth total price NTD,the note,serial number
嘉義市,房地(土地+建物),嘉義市嘉義市博東路117號4樓2,9.65,住,,,1080810,土地1建物1車位0,四層,22,住宅大樓(11層含以上有電梯),住家用,鋼筋混凝土造,0870319,60.0,2,1,1,有,有,有,8000,133,,0.0,0,,RPWNMLOKQHOFFAI96CC
嘉義市,房地(土地+建物),嘉義市嘉義市博東路153號14樓3,18.5,住,,,1080804,土地1建物1車位0,十四層,22,住宅大樓(11層含以上有電梯),住家用,鋼筋混凝土造,0870319,150.51,4,2,2,有,有,有,12000,80,,0.0,0,,RPOOMLOKQHOFFAI88CC
嘉義市,房地(土地+建物)+車位,嘉義市嘉義市博東路155號13樓3,18.5,住,,,1080815,土地1建物1車位1,十三層,22,住宅大樓(11層含以上有電梯),住家用,鋼筋混凝土造,0870319,107.51,4,2,2,有,有,有,11500,107,坡道平面,15.0,0,,RPPPMLTKQHOFFAI96CC
嘉義市,房地(土地+建物),嘉義市嘉義市新民路655號,110.0,住,,,1080813,土地1建物1車位0,一層,5,店面(店鋪),見其他登記事項,鋼筋混凝土造,0870702,55.3,0,0,0,無,無,無,40000,723,,0.0,0,,RPQNMLLLQHOFFAI78CC
嘉義市,房地(土地+建物),嘉義市嘉義市博東路159號14樓3,9.65,住,,,1080801,土地1建物1車位0,十四層,22,住宅大樓(11層含以上有電梯),住家用,鋼筋混凝土造,0870319,83.95,2,2,1,有,有,有,10000,119,,0.0,0,,RPWNMLLLQHOFFAI76CC
嘉義市,土地,湖子內段新民小段3地號,874.59,住,,,1080819,土地2建物0車位0,,,其他,,,,0.0,0,0,0,有,無,無,30000,34,,0.0,0,租金從11月10日開始收,RPRNMLQLQHOFFAI96EC
嘉義市,房地(土地+建物),嘉義市嘉義市博東路117號15樓2,9.65,住,,,1080805,土地1建物1車位0,十五層,22,住宅大樓(11層含以上有電梯),住家用,鋼筋混凝土造,0870319,84.41,2,2,1,有,有,有,9000,107,,0.0,0,續租。；,RPPPMLSLQHOFFAI96CC
嘉義市,房地(土地+建物),嘉義市嘉義市博東路153號14樓2,15.28,住,,,1080807,土地1建物1車位0,十四層,22,住宅大樓(11層含以上有電梯),住家用,鋼筋混凝土造,0870319,124.32,3,2,2,有,有,有,10000,80,,0.0,0,續租。；,RPUNMLKMQHOFFAI56CC
嘉義市,房地(土地+建物),嘉義市嘉義市博東路153號17樓1,14.48,住,,,1080901,土地1建物1車位0,十七層,22,住宅大樓(11層含以上有電梯),住家用,鋼筋混凝土造,0870319,86.28,3,2,2,有,有,有,9000,104,,0.0,0,,RPSNMLQJRHOFFAI76CC
嘉義市,房地(土地+建物),嘉義市嘉義市忠孝路630號,2403.0,住,,,1080826,土地1建物0車位0,,2,廠辦,商場，倉庫，消防機房，辦公室,鋼骨造，鋼筋混凝土造,0920923,1002.54,0,0,0,無,無,無,200000,199,,0.0,0,含增建或未登記建物。；108.11.1-118.10.31整棟出租,RPRNMLRJRHOFFAI76CC
嘉義市,房地(土地+建物)+車位,嘉義市嘉義市西區仁愛路240巷6號2樓5,34.82,住,,,1080909,土地1建物1車位0,,14,住宅大樓(11層含以上有電梯),住家用,鋼筋混凝土造,0931028,101.11,3,2,2,有,有,無,14000,138,坡道平面,0.0,0,,RPVNMLMKRHOFFAI86DC
嘉義市,房地(土地+建物)+車位,嘉義市嘉義市永安街345號12樓,32.98,住,,,1080905,土地1建物1車位0,,12,住宅大樓(11層含以上有電梯),住家用,鋼筋混凝土造,0931028,115.04,3,2,2,有,有,無,14800,129,坡道平面,0.0,0,,RPXNMLMKRHOFFAI07DC
嘉義市,房地(土地+建物),嘉義市嘉義市博東路115號4樓1,5.87,住,,,1080823,土地1建物1車位0,四層,22,住宅大樓(11層含以上有電梯),住家用,鋼筋混凝土造,0870319,113.53,2,2,2,有,有,有,10000,88,,0.0,0,續租。；,RPPNMLOKRHOFFAI98CC
嘉義市,建物,嘉義市嘉義市國華街306號,0.0,商,,,1080902,土地0建物1車位0,一層,5,店面(店鋪),見其他登記事項,見其他登記事項,1041110,61.1,0,0,0,無,無,無,23000,376,,0.0,0,起租日為108年10月3日租金內含水費,RPQNMLOKRHOFFAI09CC
嘉義市,建物,嘉義市嘉義市新榮路32巷5號2樓,0.0,住,,,1080913,土地0建物1車位0,二層,3,公寓(5樓含以下無電梯),住家用,加強磚造,0580505,80.78,3,1,1,有,無,無,8000,99,,0.0,0,,RPRNMLOKRHOFFAI56CC
嘉義市,房地(土地+建物),嘉義市嘉義市忠孝路790之10號十二樓之1,18.76,住,,,1080906,土地1建物1車位0,十二層,14,住宅大樓(11層含以上有電梯),見其他登記事項,見其他登記事項,1050510,151.51,2,2,2,有,有,有,35000,231,,0.0,0,含二位汽車停車位,RPXNMLSKRHOFFAI57CC
嘉義市,房地(土地+建物),嘉義市嘉義市忠孝路790之12號九樓之3,15.24,住,,,1080912,土地1建物1車位0,九層,14,住宅大樓(11層含以上有電梯),見其他登記事項,見其他登記事項,1050510,123.81,3,2,2,有,有,有,35000,283,,0.0,0,含一位汽車停車位,RPQOMLSKRHOFFAI96CC
嘉義市,房地(土地+建物),嘉義市嘉義市忠孝路79070號2樓2,19.6,住,,,1080827,土地1建物1車位0,二層,11,住宅大樓(11層含以上有電梯),住家用,鋼筋混凝土造,0841004,130.51,3,2,2,有,有,有,11363,87,,0.0,0,續租。；含管理費、稅金或水電等費用。；,RPSOMLSKRHOFFAI17CC
嘉義市,房地(土地+建物)+車位,嘉義市嘉義市德陽街30號11f1,897.0,住,,,1080924,土地1建物1車位2,十一層,11,住宅大樓(11層含以上有電梯),住家用,鋼筋混凝土造,0860204,199.78,3,2,2,有,有,無,18385,87,坡道平面,23.46,3000,,RPTNMLPLRHOFFAI96CC
嘉義市,房地(土地+建物),嘉義市嘉義市博東路117號14樓2,9.65,住,,,1080905,土地1建物1車位0,十四層,22,住宅大樓(11層含以上有電梯),住家用,鋼筋混凝土造,0870319,84.41,2,2,1,有,有,有,10228,121,,0.0,0,含管理費、稅金或水電等費用。；,RPVNMLKMRHOFFAI76CC
嘉義市,房地(土地+建物),嘉義市嘉義市長榮街224號3樓,20.25,住,,,1080914,土地1建物1車位0,三層,4,套房(1房1廳1衛),住家用,鋼筋混凝土造,0821110,49.55,1,1,1,有,無,有,6500,131,,0.0,0,,RPPPMLLJIIOFFAI97CC
嘉義市,房地(土地+建物),嘉義市嘉義市保成路55號1樓,111.0,住,,,1080930,土地1建物1車位0,全,4,透天厝,見其他登記事項,鋼筋混凝土造,0950413,61.28,0,0,0,無,無,無,10000,163,,0.0,0,,RPSPMLLJIIOFFAI28CC
嘉義市,房地(土地+建物),嘉義市嘉義市西區新榮路35巷21號7樓之1,35.57,住,,,1080930,土地1建物1車位0,七層,14,住宅大樓(11層含以上有電梯),住家用,鋼筋混凝土造,0931028,207.08999999999997,4,2,2,有,有,有,24000,116,,0.0,0,續租。；續租,RPQPMLLJIIOFFAI18DC
嘉義市,房地(土地+建物),嘉義市嘉義市北興街456號,934.0,其他,,,1080915,土地2建物1車位0,一層,1,其他,見使用執照,鋼造,0730716,400.58,0,0,0,無,無,有,10000,25,,0.0,0,,RPSNMLLJIIOFFAI28EC
嘉義市,房地(土地+建物),嘉義市嘉義市興業西路157號,440.0,住,,,1080901,土地1建物1車位0,全,1,透天厝,見其他登記事項,見其他登記事項,0950417,130.23,0,0,0,無,無,無,140000,1075,,0.0,0,前3個月108.9.1~108.11.30每月租金為新台幣柒萬元正,RPOPMLLJIIOFFAI08EC
嘉義市,建物,嘉義市嘉義市長榮街235號6樓之2,0.0,商,,,1080915,土地0建物1車位0,六層,6,華廈(10層含以下有電梯),見其他登記事項,見其他登記事項,1040825,65.08,0,0,0,無,無,有,8000,123,,0.0,0,,RPTNMLMJIIOFFAI28CC
嘉義市,房地(土地+建物),嘉義市嘉義市博東路155號16樓1,14.48,住,,,1080910,土地1建物1車位0,十六層,22,住宅大樓(11層含以上有電梯),住家用,鋼筋混凝土造,0870319,119.94,2,2,2,有,有,有,12000,100,,0.0,0,,RPOOMLNJIIOFFAI97CC
嘉義市,房地(土地+建物)+車位,嘉義市嘉義市博東路153號15樓之3,18.5,住,,,1081001,土地1建物1車位1,十五層,22,住宅大樓(11層含以上有電梯),住家用,鋼筋混凝土造,0870319,150.3,4,2,2,有,有,有,13000,86,坡道平面,30.51,0,,RPOPMLTJIIOFFAI68CC
嘉義市,房地(土地+建物),嘉義市嘉義市西區重興街75號,29.0,住,,,1081011,土地1建物0車位0,全,3,透天厝,住商用,鋼筋混凝土造,0881025,60.56,2,1,3,有,無,無,9000,149,,0.0,0,,RPQNMLOKIIOFFAI28CC
嘉義市,建物,嘉義市嘉義市嘉北街66巷51號202室,71.11,住,,,1081007,土地1建物0車位0,,5,套房(1房1廳1衛),商業用,鋼筋混凝土造,0820821,14.87,1,1,1,有,無,無,4000,269,,0.0,0,,RPRNMLOKIIOFFAI38CC
嘉義市,房地(土地+建物),嘉義市嘉義市博東路153號2樓4,18.49,住,,,1081010,土地1建物1車位0,二層,22,住宅大樓(11層含以上有電梯),住家用,鋼筋混凝土造,0870319,104.66,4,2,2,有,有,無,11000,105,,0.0,0,,RPWOMLPKIIOFFAI09CC
嘉義市,土地,下路頭段287-31地號,205.0,住,,,1081004,土地1建物0車位0,,,其他,,,,0.0,0,0,0,有,無,無,10000,49,,0.0,0,,RPSNMLRKIIOFFAI78CC
嘉義市,房地(土地+建物),嘉義市嘉義市忠順一街21號,16.1,商,,,1081005,土地1建物1車位0,一層,8,華廈(10層含以下有電梯),住家用,鋼筋混凝土造,0820317,118.75,3,2,2,有,有,有,12000,101,,0.0,0,含管理費、稅金或水電等費用。,RPPNMLQLIIOFFAI48CC
嘉義市,土地,埤子頭段398-65地號,104.0,住,,,1081031,土地2建物0車位0,,,其他,,,,0.0,3,0,0,有,無,無,10000,96,,0.0,0,含未保存平房約25坪3房2廳1衛,RPQNMLLJJIOFFAI97CC
嘉義市,房地(土地+建物),嘉義市嘉義市忠孝路790之8號5樓之3,19.54,住,,,1081024,土地1建物1車位0,五層,14,住宅大樓(11層含以上有電梯),見其他登記事項,見其他登記事項,1050510,162.0,3,2,2,有,有,有,36000,222,,0.0,0,含汽車停車位一位,RPSNMLLJJIOFFAI18CC
嘉義市,土地,新富段四小段16-25地號,47.0,其他,,,1081026,土地1建物0車位0,,,其他,,,,0.0,0,0,0,有,無,無,23000,489,,0.0,0,含增建或未登記建物。；,RPSPMLPJJIOFFAI88DC
