﻿編號,土地位置,土地移轉面積(平方公尺),使用分區或編定,權利人持分分母,權利人持分分子,移轉情形,地號
The serial number, land position,land shifting area square meter,the use zoning or compiles and checks,,,,land parcel
RPSNMLKLQHOFFDN07CC,惠來段,292.52,都市：住,,,,11130000
RPPNMLPKQHOFFBN07DC,新盛段,39.99,都市：工,,,,03370000
RPPNMLPKQHOFFBN07DC,新盛段,321.41,都市：工,,,,03370001
RPPNMLOLQHOFFDN17CC,惠來段,.00,都市：住,,,,06370000
RPRNMLTKRHOFFCN77CC,鹿德段,45.00,都市：住,,,,03190000
RPPOMLPKQHOFFAN96CC,牛稠子段山腳小段,.00,都市：住,,,,03650035
RPPOMLPKQHOFFAN96CC,牛稠子段山腳小段,.00,都市：住,,,,03660014
RPXNMLSLQHOFFAN08CC,南郭段南郭小段,.00,都市：住,,,,04670002
RPPNMLMJRHOFFCN76CC,福新段,73.36,非都市：鄉村區 ; 非都市編定：乙種建築用地,,,,07970000
RPUOMLQLRHOFFAN77CC,民權段,49.00,都市：商,,,,01650000
RPRNMLMKRHOFFDN17CC,僑信段,115.39,都市：住,,,,09780000
RPRNMLMKRHOFFDN17CC,僑信段,11.23,都市：住,,,,09780001
RPQNMLRLRHOFFCN57CC,大興段,96.00,非都市：特定農業區 ; 非都市編定：甲種建築用地,,,,12700012
RPSOMLPJIIOFFDN76CC,仁愛段,.00,都市：住,,,,13900000
RPXNMLOKIIOFFAN86CC,延和段,.00,都市：住,,,,03530001
RPQNMLRLRHOFFHN08CC,大發段,.00,都市：住,,,,00520006
RPQNMLQKIIOFFHN07CC,瓦窯中段,31.81,都市：住,,,,12810000
RPPNMLLLIIOFFCN68CC,景福段,23.52,都市：住,,,,05600000
RPRNMLQKRHOFFDN57CC,三橋段,76.00,都市：住,,,,21650000
RPRNMLQKRHOFFDN57CC,三橋段,82.00,都市：住,,,,21660000
RPVNMLSLIIOFFBN27CC,富貴段,12509.68,非都市：工業區 ; 非都市編定：丁種建築用地,,,,00990001
RPVNMLRKRHOFFDN08CC,員林段,23.27,都市：商,,,,00480000
RPTNMLPLIIOFFAN66CC,牛稠子段山腳小段,.00,非都市：鄉村區 ; 非都市編定：乙種建築用地,,,,01150025
RPTNMLPLIIOFFAN66CC,台鳳段,.00,非都市：特定農業區 ; 非都市編定：甲種建築用地,,,,03240000
RPROMLSLIIOFFDN17CC,員林段,.00,都市：住,,,,00420228
RPUNMLPJJIOFFHN37CC,東門段,174.00,都市：其他:（空白）,,,,07810000
RPUNMLPJJIOFFHN37CC,東門段,9.00,都市：其他:（空白）,,,,07790000
RPSNMLRKRHOFFGN08CC,儒明段,54.36,都市：商,,,,06410037
RPQOMLQJJIOFFAN09CC,南郭段南郭小段,.00,都市：住,,,,04500000
RPWNMLPJJIOFFDN17CC,惠農段,.00,都市：住,,,,04000035
RPWNMLPJJIOFFDN17CC,惠農段,.00,都市：住,,,,04000014
RPPNMLOJJIOFFCN88CC,龍山段,149.94,都市：住,,,,03140000
RPUNMLMLIIOFFCN66CC,永豐段,1217.00,非都市：特定農業區 ; 非都市編定：甲種建築用地,,,,13030000
RPQNMLOLIIOFFCN09CC,東石段,292.92,都市：住,,,,02920027
RPTNMLQJJIOFFDN96CC,惠安段,52.32,都市：住,,,,06050000
RPTNMLQJJIOFFDN96CC,惠安段,59.59,都市：住,,,,06060000
