﻿編號,土地位置,土地移轉面積(平方公尺),使用分區或編定,權利人持分分母,權利人持分分子,移轉情形,地號
The serial number, land position,land shifting area square meter,the use zoning or compiles and checks,,,,land parcel
RPVNMLMKQHOFFAO37EB,香村段,153.01,非都市：山坡地保育區 ; 非都市編定：丙種建築用地,1,1,全筆移轉,04270160
RPVNMLMKQHOFFAO37EB,香村段,25.33,非都市：山坡地保育區 ; 非都市編定：丙種建築用地,9,1,持分移轉,04270081
RPVNMLMKQHOFFAO37EB,香村段,5.55,非都市：山坡地保育區 ; 非都市編定：丙種建築用地,500,1,持分移轉,04130003
RPVNMLMKQHOFFAO37EB,香村段,5.35,非都市：山坡地保育區 ; 非都市編定：丙種建築用地,500,1,持分移轉,04130067
RPVNMLMKQHOFFAO37EB,香村段,6.64,非都市：山坡地保育區 ; 非都市編定：丙種建築用地,500,1,持分移轉,02610005
RPVNMLMKQHOFFAO37EB,香村段,22.37,非都市：山坡地保育區 ; 非都市編定：農牧用地,500,1,持分移轉,04170001
RPPOMLOKQHOFFAO86CB,東光段,18.99,都市：其他:住商混合區,100000,141,持分移轉,02380000
RPUOMLOKQHOFFAO37CB,東光段,19.12,都市：其他:住商混合區,100000,142,持分移轉,02380000
RPVOMLOKQHOFFAO47CB,東光段,19.12,都市：其他:住商混合區,100000,142,持分移轉,02380000
RPWOMLOKQHOFFAO57CB,東光段,20.20,都市：其他:住商混合區,100000,150,持分移轉,02380000
RPSOMLOKQHOFFAO17CB,東光段,26.80,都市：其他:住商混合區,100000,199,持分移轉,02380000
RPOPMLOKQHOFFAO86CB,東光段,20.47,都市：其他:住商混合區,100000,152,持分移轉,02380000
RPQPMLOKQHOFFAO07CB,東光段,23.57,都市：其他:住商混合區,100000,175,持分移轉,02380000
RPXOMLOKQHOFFAO67CB,東光段,20.47,都市：其他:住商混合區,100000,152,持分移轉,02380000
RPPPMLOKQHOFFAO96CB,東光段,20.07,都市：其他:住商混合區,100000,149,持分移轉,02380000
RPRPMLOKQHOFFAO17CB,東光段,23.57,都市：其他:住商混合區,100000,175,持分移轉,02380000
RPSPMLOKQHOFFAO27CB,東光段,20.60,都市：其他:住商混合區,100000,153,持分移轉,02380000
RPTPMLOKQHOFFAO37CB,東光段,20.60,都市：其他:住商混合區,100000,153,持分移轉,02380000
RPUPMLOKQHOFFAO47CB,東光段,17.91,都市：其他:住商混合區,100000,133,持分移轉,02380000
RPVPMLOKQHOFFAO57CB,東光段,12.79,都市：其他:住商混合區,100000,95,持分移轉,02380000
RPXPMLOKQHOFFAO77CB,東光段,18.85,都市：其他:住商混合區,100000,140,持分移轉,02380000
RPOQMLOKQHOFFAO96CB,東光段,20.20,都市：其他:住商混合區,100000,150,持分移轉,02380000
RPPQMLOKQHOFFAO07CB,東光段,18.85,都市：其他:住商混合區,100000,140,持分移轉,02380000
RPXOMLMKQHOFFAO67EB,香村段,147.11,非都市：山坡地保育區 ; 非都市編定：丙種建築用地,1,1,全筆移轉,04270155
RPXOMLMKQHOFFAO67EB,香村段,25.33,非都市：山坡地保育區 ; 非都市編定：丙種建築用地,9,1,持分移轉,04270081
RPXOMLMKQHOFFAO67EB,香村段,5.55,非都市：山坡地保育區 ; 非都市編定：丙種建築用地,500,1,持分移轉,04130003
RPXOMLMKQHOFFAO67EB,香村段,5.35,非都市：山坡地保育區 ; 非都市編定：丙種建築用地,500,1,持分移轉,04130067
RPXOMLMKQHOFFAO67EB,香村段,6.64,非都市：山坡地保育區 ; 非都市編定：丙種建築用地,500,1,持分移轉,02610005
RPXOMLMKQHOFFAO67EB,香村段,22.37,非都市：山坡地保育區 ; 非都市編定：農牧用地,500,1,持分移轉,04170001
RPWOMLMKQHOFFAO57EB,香村段,176.61,非都市：山坡地保育區 ; 非都市編定：丙種建築用地,1,1,全筆移轉,04270156
RPWOMLMKQHOFFAO57EB,香村段,25.33,非都市：山坡地保育區 ; 非都市編定：丙種建築用地,9,1,持分移轉,04270081
RPWOMLMKQHOFFAO57EB,香村段,5.55,非都市：山坡地保育區 ; 非都市編定：丙種建築用地,500,1,持分移轉,04130003
RPWOMLMKQHOFFAO57EB,香村段,5.35,非都市：山坡地保育區 ; 非都市編定：丙種建築用地,500,1,持分移轉,04130067
RPWOMLMKQHOFFAO57EB,香村段,6.64,非都市：山坡地保育區 ; 非都市編定：丙種建築用地,500,1,持分移轉,02610005
RPWOMLMKQHOFFAO57EB,香村段,22.37,非都市：山坡地保育區 ; 非都市編定：農牧用地,500,1,持分移轉,04170001
RPOPMLMKQHOFFAO86EB,香村段,155.25,非都市：山坡地保育區 ; 非都市編定：丙種建築用地,1,1,全筆移轉,04270159
RPOPMLMKQHOFFAO86EB,香村段,25.33,非都市：山坡地保育區 ; 非都市編定：丙種建築用地,9,1,持分移轉,04270081
RPOPMLMKQHOFFAO86EB,香村段,5.55,非都市：山坡地保育區 ; 非都市編定：丙種建築用地,500,1,持分移轉,04130003
RPOPMLMKQHOFFAO86EB,香村段,5.35,非都市：山坡地保育區 ; 非都市編定：丙種建築用地,500,1,持分移轉,04130067
RPOPMLMKQHOFFAO86EB,香村段,6.64,非都市：山坡地保育區 ; 非都市編定：丙種建築用地,500,1,持分移轉,02610005
RPOPMLMKQHOFFAO86EB,香村段,22.37,非都市：山坡地保育區 ; 非都市編定：農牧用地,500,1,持分移轉,04170001
RPWPMLOKQHOFFAO67CB,東光段,20.60,都市：其他:住商混合區,100000,153,持分移轉,02380000
RPOOMLMKQHOFFAO76EB,香村段,155.68,非都市：山坡地保育區 ; 非都市編定：丙種建築用地,1,1,全筆移轉,04270157
RPOOMLMKQHOFFAO76EB,香村段,25.33,非都市：山坡地保育區 ; 非都市編定：丙種建築用地,9,1,持分移轉,04270081
RPOOMLMKQHOFFAO76EB,香村段,5.55,非都市：山坡地保育區 ; 非都市編定：丙種建築用地,500,1,持分移轉,04130003
RPOOMLMKQHOFFAO76EB,香村段,5.35,非都市：山坡地保育區 ; 非都市編定：丙種建築用地,500,1,持分移轉,04130067
RPOOMLMKQHOFFAO76EB,香村段,6.64,非都市：山坡地保育區 ; 非都市編定：丙種建築用地,500,1,持分移轉,02610005
RPOOMLMKQHOFFAO76EB,香村段,22.37,非都市：山坡地保育區 ; 非都市編定：農牧用地,500,1,持分移轉,04170001
RPOOMLMKQHOFFAO76EB,香村段,10.18,非都市：山坡地保育區 ; 非都市編定：丙種建築用地,1,1,全筆移轉,02610038
RPWNMLMKQHOFFAO47EB,香村段,147.11,非都市：山坡地保育區 ; 非都市編定：丙種建築用地,1,1,全筆移轉,04270154
RPWNMLMKQHOFFAO47EB,香村段,25.33,非都市：山坡地保育區 ; 非都市編定：丙種建築用地,9,1,持分移轉,04270081
RPWNMLMKQHOFFAO47EB,香村段,5.55,非都市：山坡地保育區 ; 非都市編定：丙種建築用地,500,1,持分移轉,04130003
RPWNMLMKQHOFFAO47EB,香村段,5.35,非都市：山坡地保育區 ; 非都市編定：丙種建築用地,500,1,持分移轉,04130067
RPWNMLMKQHOFFAO47EB,香村段,6.64,非都市：山坡地保育區 ; 非都市編定：丙種建築用地,500,1,持分移轉,02610005
RPWNMLMKQHOFFAO47EB,香村段,22.37,非都市：山坡地保育區 ; 非都市編定：農牧用地,500,1,持分移轉,04170001
RPQQMLOKQHOFFAO17CB,東光段,24.51,都市：其他:住商混合區,100000,182,持分移轉,02380000
RPPPMLMKQHOFFAO96EB,香村段,160.92,非都市：山坡地保育區 ; 非都市編定：丙種建築用地,1,1,全筆移轉,04270153
RPPPMLMKQHOFFAO96EB,香村段,25.33,非都市：山坡地保育區 ; 非都市編定：丙種建築用地,9,1,持分移轉,04270081
RPPPMLMKQHOFFAO96EB,香村段,5.55,非都市：山坡地保育區 ; 非都市編定：丙種建築用地,500,1,持分移轉,04130003
RPPPMLMKQHOFFAO96EB,香村段,5.35,非都市：山坡地保育區 ; 非都市編定：丙種建築用地,500,1,持分移轉,04130067
RPPPMLMKQHOFFAO96EB,香村段,6.64,非都市：山坡地保育區 ; 非都市編定：丙種建築用地,500,1,持分移轉,02610005
RPPPMLMKQHOFFAO96EB,香村段,22.37,非都市：山坡地保育區 ; 非都市編定：農牧用地,500,1,持分移轉,04170001
RPRQMLOKQHOFFAO27CB,東光段,20.87,都市：其他:住商混合區,100000,155,持分移轉,02380000
RPWQMLOKQHOFFAO77CB,東光段,18.85,都市：其他:住商混合區,100000,140,持分移轉,02380000
RPVQMLOKQHOFFAO67CB,東光段,20.20,都市：其他:住商混合區,100000,150,持分移轉,02380000
RPUQMLOKQHOFFAO57CB,東光段,19.12,都市：其他:住商混合區,100000,142,持分移轉,02380000
RPORMLOKQHOFFAO07CB,東光段,23.57,都市：其他:住商混合區,100000,175,持分移轉,02380000
RPXQMLOKQHOFFAO87CB,東光段,20.47,都市：其他:住商混合區,100000,152,持分移轉,02380000
RPTQMLOKQHOFFAO47CB,東光段,19.12,都市：其他:住商混合區,100000,142,持分移轉,02380000
RPSQMLOKQHOFFAO37CB,東光段,20.20,都市：其他:住商混合區,100000,150,持分移轉,02380000
RPPRMLOKQHOFFAO17CB,東光段,20.20,都市：其他:住商混合區,100000,150,持分移轉,02380000
RPSRMLOKQHOFFAO47CB,東光段,20.34,都市：其他:住商混合區,100000,151,持分移轉,02380000
RPQRMLOKQHOFFAO27CB,東光段,20.20,都市：其他:住商混合區,100000,150,持分移轉,02380000
RPURMLOKQHOFFAO67CB,東光段,20.60,都市：其他:住商混合區,100000,153,持分移轉,02380000
RPRRMLOKQHOFFAO37CB,東光段,20.47,都市：其他:住商混合區,100000,152,持分移轉,02380000
RPTRMLOKQHOFFAO57CB,東光段,20.47,都市：其他:住商混合區,100000,152,持分移轉,02380000
RPWRMLOKQHOFFAO87CB,東光段,24.51,都市：其他:住商混合區,100000,182,持分移轉,02380000
RPPSMLOKQHOFFAO27CB,東光段,12.66,都市：其他:住商混合區,100000,94,持分移轉,02380000
RPOSMLOKQHOFFAO17CB,東光段,20.47,都市：其他:住商混合區,100000,152,持分移轉,02380000
RPXRMLOKQHOFFAO97CB,東光段,20.20,都市：其他:住商混合區,100000,150,持分移轉,02380000
RPVRMLOKQHOFFAO77CB,東光段,20.47,都市：其他:住商混合區,100000,152,持分移轉,02380000
RPSSMLOKQHOFFAO57CB,東光段,18.85,都市：其他:住商混合區,100000,140,持分移轉,02380000
RPTSMLOKQHOFFAO67CB,東光段,20.60,都市：其他:住商混合區,100000,153,持分移轉,02380000
RPWSMLOKQHOFFAO97CB,東光段,20.20,都市：其他:住商混合區,100000,150,持分移轉,02380000
RPQSMLOKQHOFFAO37CB,東光段,24.51,都市：其他:住商混合區,100000,182,持分移轉,02380000
RPXSMLOKQHOFFAO08CB,東光段,20.47,都市：其他:住商混合區,100000,152,持分移轉,02380000
RPOTMLOKQHOFFAO27CB,東光段,20.20,都市：其他:住商混合區,100000,150,持分移轉,02380000
RPPTMLOKQHOFFAO37CB,東光段,24.51,都市：其他:住商混合區,100000,182,持分移轉,02380000
RPUSMLOKQHOFFAO77CB,東光段,20.20,都市：其他:住商混合區,100000,150,持分移轉,02380000
RPVSMLOKQHOFFAO87CB,東光段,23.57,都市：其他:住商混合區,100000,175,持分移轉,02380000
RPRSMLOKQHOFFAO47CB,東光段,23.57,都市：其他:住商混合區,100000,175,持分移轉,02380000
RPQTMLOKQHOFFAO47CB,東光段,20.47,都市：其他:住商混合區,100000,152,持分移轉,02380000
RPSTMLOKQHOFFAO67CB,東光段,20.60,都市：其他:住商混合區,100000,153,持分移轉,02380000
RPUTMLOKQHOFFAO87CB,東光段,24.51,都市：其他:住商混合區,100000,182,持分移轉,02380000
RPVTMLOKQHOFFAO97CB,東光段,20.60,都市：其他:住商混合區,100000,153,持分移轉,02380000
RPWTMLOKQHOFFAO08CB,東光段,24.51,都市：其他:住商混合區,100000,182,持分移轉,02380000
RPXTMLOKQHOFFAO18CB,東光段,20.20,都市：其他:住商混合區,100000,150,持分移轉,02380000
RPPUMLOKQHOFFAO47CB,東光段,19.39,都市：其他:住商混合區,100000,144,持分移轉,02380000
RPRTMLOKQHOFFAO57CB,東光段,19.12,都市：其他:住商混合區,100000,142,持分移轉,02380000
RPTTMLOKQHOFFAO77CB,東光段,17.91,都市：其他:住商混合區,100000,133,持分移轉,02380000
RPOUMLOKQHOFFAO37CB,東光段,20.20,都市：其他:住商混合區,100000,150,持分移轉,02380000
RPRUMLOKQHOFFAO67CB,東光段,20.47,都市：其他:住商混合區,100000,152,持分移轉,02380000
RPSUMLOKQHOFFAO77CB,東光段,19.39,都市：其他:住商混合區,100000,144,持分移轉,02380000
RPTUMLOKQHOFFAO87CB,東光段,20.20,都市：其他:住商混合區,100000,150,持分移轉,02380000
RPXUMLOKQHOFFAO28CB,東光段,19.39,都市：其他:住商混合區,100000,144,持分移轉,02380000
RPVUMLOKQHOFFAO08CB,東光段,20.20,都市：其他:住商混合區,100000,150,持分移轉,02380000
RPPVMLOKQHOFFAO57CB,東光段,23.57,都市：其他:住商混合區,100000,175,持分移轉,02380000
RPQUMLOKQHOFFAO57CB,東光段,19.39,都市：其他:住商混合區,100000,144,持分移轉,02380000
RPWUMLOKQHOFFAO18CB,東光段,20.20,都市：其他:住商混合區,100000,150,持分移轉,02380000
RPUUMLOKQHOFFAO97CB,東光段,20.47,都市：其他:住商混合區,100000,152,持分移轉,02380000
RPSVMLOKQHOFFAO87CB,東光段,20.60,都市：其他:住商混合區,100000,153,持分移轉,02380000
RPOVMLOKQHOFFAO47CB,東光段,18.85,都市：其他:住商混合區,100000,140,持分移轉,02380000
RPWVMLOKQHOFFAO28CB,東光段,19.12,都市：其他:住商混合區,100000,142,持分移轉,02380000
RPQVMLOKQHOFFAO67CB,東光段,12.79,都市：其他:住商混合區,100000,95,持分移轉,02380000
RPUVMLOKQHOFFAO08CB,東光段,24.51,都市：其他:住商混合區,100000,182,持分移轉,02380000
RPXVMLOKQHOFFAO38CB,東光段,20.60,都市：其他:住商混合區,100000,153,持分移轉,02380000
RPVVMLOKQHOFFAO18CB,東光段,20.20,都市：其他:住商混合區,100000,150,持分移轉,02380000
RPRVMLOKQHOFFAO77CB,東光段,20.47,都市：其他:住商混合區,100000,152,持分移轉,02380000
RPTVMLOKQHOFFAO97CB,東光段,24.51,都市：其他:住商混合區,100000,182,持分移轉,02380000
RPPWMLOKQHOFFAO67CB,東光段,24.51,都市：其他:住商混合區,100000,182,持分移轉,02380000
RPQWMLOKQHOFFAO77CB,東光段,18.85,都市：其他:住商混合區,100000,140,持分移轉,02380000
RPOWMLOKQHOFFAO57CB,東光段,19.12,都市：其他:住商混合區,100000,142,持分移轉,02380000
RPRWMLOKQHOFFAO87CB,東光段,20.20,都市：其他:住商混合區,100000,150,持分移轉,02380000
RPTWMLOKQHOFFAO08CB,東光段,20.47,都市：其他:住商混合區,100000,152,持分移轉,02380000
RPSWMLOKQHOFFAO97CB,東光段,20.20,都市：其他:住商混合區,100000,150,持分移轉,02380000
RPVWMLOKQHOFFAO28CB,東光段,20.20,都市：其他:住商混合區,100000,150,持分移轉,02380000
RPUWMLOKQHOFFAO18CB,東光段,20.47,都市：其他:住商混合區,100000,152,持分移轉,02380000
RPONNLOKQHOFFAO76CB,東光段,20.20,都市：其他:住商混合區,100000,150,持分移轉,02380000
RPXWMLOKQHOFFAO48CB,東光段,24.51,都市：其他:住商混合區,100000,182,持分移轉,02380000
RPWWMLOKQHOFFAO38CB,東光段,20.60,都市：其他:住商混合區,100000,153,持分移轉,02380000
RPSNNLOKQHOFFAO17CB,東光段,20.47,都市：其他:住商混合區,100000,152,持分移轉,02380000
RPWNNLOKQHOFFAO57CB,東光段,18.85,都市：其他:住商混合區,100000,140,持分移轉,02380000
RPOONLOKQHOFFAO86CB,東光段,20.20,都市：其他:住商混合區,100000,150,持分移轉,02380000
RPVNNLOKQHOFFAO47CB,東光段,19.12,都市：其他:住商混合區,100000,142,持分移轉,02380000
RPUNNLOKQHOFFAO37CB,東光段,23.57,都市：其他:住商混合區,100000,175,持分移轉,02380000
RPQNNLOKQHOFFAO96CB,東光段,23.57,都市：其他:住商混合區,100000,175,持分移轉,02380000
RPXNNLOKQHOFFAO67CB,東光段,20.20,都市：其他:住商混合區,100000,150,持分移轉,02380000
RPPNNLOKQHOFFAO86CB,東光段,21.55,都市：其他:住商混合區,100000,160,持分移轉,02380000
RPRNNLOKQHOFFAO07CB,東光段,20.47,都市：其他:住商混合區,100000,152,持分移轉,02380000
RPTNNLOKQHOFFAO27CB,東光段,19.39,都市：其他:住商混合區,100000,144,持分移轉,02380000
RPRONLOKQHOFFAO17CB,東光段,23.57,都市：其他:住商混合區,100000,175,持分移轉,02380000
RPTONLOKQHOFFAO37CB,東光段,18.85,都市：其他:住商混合區,100000,140,持分移轉,02380000
RPSONLOKQHOFFAO27CB,東光段,20.07,都市：其他:住商混合區,100000,149,持分移轉,02380000
RPWONLOKQHOFFAO67CB,東光段,20.20,都市：其他:住商混合區,100000,150,持分移轉,02380000
RPPONLOKQHOFFAO96CB,東光段,20.20,都市：其他:住商混合區,100000,150,持分移轉,02380000
RPXONLOKQHOFFAO77CB,東光段,20.47,都市：其他:住商混合區,100000,152,持分移轉,02380000
RPUONLOKQHOFFAO47CB,東光段,19.39,都市：其他:住商混合區,100000,144,持分移轉,02380000
RPQONLOKQHOFFAO07CB,東光段,20.47,都市：其他:住商混合區,100000,152,持分移轉,02380000
RPOPNLOKQHOFFAO96CB,東光段,20.07,都市：其他:住商混合區,100000,149,持分移轉,02380000
RPVONLOKQHOFFAO57CB,東光段,19.39,都市：其他:住商混合區,100000,144,持分移轉,02380000
RPQPNLOKQHOFFAO17CB,東光段,20.20,都市：其他:住商混合區,100000,150,持分移轉,02380000
RPRPNLOKQHOFFAO27CB,東光段,20.47,都市：其他:住商混合區,100000,152,持分移轉,02380000
RPVPNLOKQHOFFAO67CB,東光段,20.20,都市：其他:住商混合區,100000,150,持分移轉,02380000
RPSPNLOKQHOFFAO37CB,東光段,20.20,都市：其他:住商混合區,100000,150,持分移轉,02380000
RPTPNLOKQHOFFAO47CB,東光段,20.20,都市：其他:住商混合區,100000,150,持分移轉,02380000
RPUPNLOKQHOFFAO57CB,東光段,20.20,都市：其他:住商混合區,100000,150,持分移轉,02380000
RPPPNLOKQHOFFAO07CB,東光段,20.47,都市：其他:住商混合區,100000,152,持分移轉,02380000
RPXPNLOKQHOFFAO87CB,東光段,20.20,都市：其他:住商混合區,100000,150,持分移轉,02380000
RPPQNLOKQHOFFAO17CB,東光段,20.20,都市：其他:住商混合區,100000,150,持分移轉,02380000
RPWPNLOKQHOFFAO77CB,東光段,19.12,都市：其他:住商混合區,100000,142,持分移轉,02380000
RPSQNLOKQHOFFAO47CB,東光段,17.91,都市：其他:住商混合區,100000,133,持分移轉,02380000
RPOQNLOKQHOFFAO07CB,東光段,20.60,都市：其他:住商混合區,100000,153,持分移轉,02380000
RPUQNLOKQHOFFAO67CB,東光段,23.57,都市：其他:住商混合區,100000,175,持分移轉,02380000
RPQQNLOKQHOFFAO27CB,東光段,19.39,都市：其他:住商混合區,100000,144,持分移轉,02380000
RPWQNLOKQHOFFAO87CB,東光段,20.47,都市：其他:住商混合區,100000,152,持分移轉,02380000
RPTQNLOKQHOFFAO57CB,東光段,12.66,都市：其他:住商混合區,100000,94,持分移轉,02380000
RPORNLOKQHOFFAO17CB,東光段,19.39,都市：其他:住商混合區,100000,144,持分移轉,02380000
RPRQNLOKQHOFFAO37CB,東光段,19.39,都市：其他:住商混合區,100000,144,持分移轉,02380000
RPXQNLOKQHOFFAO97CB,東光段,18.85,都市：其他:住商混合區,100000,140,持分移轉,02380000
RPVQNLOKQHOFFAO77CB,東光段,20.47,都市：其他:住商混合區,100000,152,持分移轉,02380000
RPQRNLOKQHOFFAO37CB,東光段,19.12,都市：其他:住商混合區,100000,142,持分移轉,02380000
RPRRNLOKQHOFFAO47CB,東光段,18.85,都市：其他:住商混合區,100000,140,持分移轉,02380000
RPTRNLOKQHOFFAO67CB,東光段,19.39,都市：其他:住商混合區,100000,144,持分移轉,02380000
RPSRNLOKQHOFFAO57CB,東光段,20.20,都市：其他:住商混合區,100000,150,持分移轉,02380000
RPURNLOKQHOFFAO77CB,東光段,23.57,都市：其他:住商混合區,100000,175,持分移轉,02380000
RPXRNLOKQHOFFAO08CB,東光段,18.85,都市：其他:住商混合區,100000,140,持分移轉,02380000
RPOSNLOKQHOFFAO27CB,東光段,20.20,都市：其他:住商混合區,100000,150,持分移轉,02380000
RPPSNLOKQHOFFAO37CB,東光段,20.07,都市：其他:住商混合區,100000,149,持分移轉,02380000
RPRSNLOKQHOFFAO57CB,東光段,20.20,都市：其他:住商混合區,100000,150,持分移轉,02380000
RPTSNLOKQHOFFAO77CB,東光段,19.12,都市：其他:住商混合區,100000,142,持分移轉,02380000
RPPRNLOKQHOFFAO27CB,東光段,20.47,都市：其他:住商混合區,100000,152,持分移轉,02380000
RPSSNLOKQHOFFAO67CB,東光段,20.20,都市：其他:住商混合區,100000,150,持分移轉,02380000
RPUSNLOKQHOFFAO87CB,東光段,20.47,都市：其他:住商混合區,100000,152,持分移轉,02380000
RPVRNLOKQHOFFAO87CB,東光段,20.07,都市：其他:住商混合區,100000,149,持分移轉,02380000
RPVSNLOKQHOFFAO97CB,東光段,18.85,都市：其他:住商混合區,100000,140,持分移轉,02380000
RPWRNLOKQHOFFAO97CB,東光段,19.39,都市：其他:住商混合區,100000,144,持分移轉,02380000
RPQSNLOKQHOFFAO47CB,東光段,24.51,都市：其他:住商混合區,100000,182,持分移轉,02380000
RPXSNLOKQHOFFAO18CB,東光段,20.47,都市：其他:住商混合區,100000,152,持分移轉,02380000
RPWSNLOKQHOFFAO08CB,東光段,20.07,都市：其他:住商混合區,100000,149,持分移轉,02380000
RPRTNLOKQHOFFAO67CB,東光段,19.39,都市：其他:住商混合區,100000,144,持分移轉,02380000
RPQTNLOKQHOFFAO57CB,東光段,20.20,都市：其他:住商混合區,100000,150,持分移轉,02380000
RPTTNLOKQHOFFAO87CB,東光段,20.07,都市：其他:住商混合區,100000,149,持分移轉,02380000
RPSTNLOKQHOFFAO77CB,東光段,23.57,都市：其他:住商混合區,100000,175,持分移轉,02380000
RPVTNLOKQHOFFAO08CB,東光段,20.47,都市：其他:住商混合區,100000,152,持分移轉,02380000
RPPTNLOKQHOFFAO47CB,東光段,24.51,都市：其他:住商混合區,100000,182,持分移轉,02380000
RPOTNLOKQHOFFAO37CB,東光段,20.60,都市：其他:住商混合區,100000,153,持分移轉,02380000
RPUTNLOKQHOFFAO97CB,東光段,20.20,都市：其他:住商混合區,100000,150,持分移轉,02380000
RPXTNLOKQHOFFAO28CB,東光段,20.20,都市：其他:住商混合區,100000,150,持分移轉,02380000
RPPUNLOKQHOFFAO57CB,東光段,20.60,都市：其他:住商混合區,100000,153,持分移轉,02380000
RPOUNLOKQHOFFAO47CB,東光段,20.07,都市：其他:住商混合區,100000,149,持分移轉,02380000
RPWTNLOKQHOFFAO18CB,東光段,20.20,都市：其他:住商混合區,100000,150,持分移轉,02380000
RPVUNLOKQHOFFAO18CB,東光段,18.85,都市：其他:住商混合區,100000,140,持分移轉,02380000
RPUUNLOKQHOFFAO08CB,東光段,20.07,都市：其他:住商混合區,100000,149,持分移轉,02380000
RPTUNLOKQHOFFAO97CB,東光段,12.79,都市：其他:住商混合區,100000,95,持分移轉,02380000
RPSUNLOKQHOFFAO87CB,東光段,20.20,都市：其他:住商混合區,100000,150,持分移轉,02380000
RPWUNLOKQHOFFAO28CB,東光段,19.12,都市：其他:住商混合區,100000,142,持分移轉,02380000
RPRUNLOKQHOFFAO77CB,東光段,12.66,都市：其他:住商混合區,100000,94,持分移轉,02380000
RPOVNLOKQHOFFAO57CB,東光段,20.60,都市：其他:住商混合區,100000,153,持分移轉,02380000
RPPVNLOKQHOFFAO67CB,東光段,19.39,都市：其他:住商混合區,100000,144,持分移轉,02380000
RPSVNLOKQHOFFAO97CB,東光段,20.47,都市：其他:住商混合區,100000,152,持分移轉,02380000
RPQVNLOKQHOFFAO77CB,東光段,19.12,都市：其他:住商混合區,100000,142,持分移轉,02380000
RPTVNLOKQHOFFAO08CB,東光段,20.20,都市：其他:住商混合區,100000,150,持分移轉,02380000
RPXUNLOKQHOFFAO38CB,東光段,18.85,都市：其他:住商混合區,100000,140,持分移轉,02380000
RPQUNLOKQHOFFAO67CB,東光段,20.07,都市：其他:住商混合區,100000,149,持分移轉,02380000
RPVVNLOKQHOFFAO28CB,東光段,23.57,都市：其他:住商混合區,100000,175,持分移轉,02380000
RPUVNLOKQHOFFAO18CB,東光段,20.20,都市：其他:住商混合區,100000,150,持分移轉,02380000
RPXVNLOKQHOFFAO48CB,東光段,24.91,都市：其他:住商混合區,100000,185,持分移轉,02380000
RPPWNLOKQHOFFAO77CB,東光段,18.85,都市：其他:住商混合區,100000,140,持分移轉,02380000
RPWVNLOKQHOFFAO38CB,東光段,22.49,都市：其他:住商混合區,100000,167,持分移轉,02380000
RPRVNLOKQHOFFAO87CB,東光段,19.39,都市：其他:住商混合區,100000,144,持分移轉,02380000
RPOWNLOKQHOFFAO67CB,東光段,19.39,都市：其他:住商混合區,100000,144,持分移轉,02380000
RPUWNLOKQHOFFAO28CB,東光段,16.16,都市：其他:住商混合區,100000,120,持分移轉,02380000
RPRWNLOKQHOFFAO97CB,東光段,21.68,都市：其他:住商混合區,100000,161,持分移轉,02380000
RPSWNLOKQHOFFAO08CB,東光段,22.62,都市：其他:住商混合區,100000,168,持分移轉,02380000
RPQWNLOKQHOFFAO87CB,東光段,24.91,都市：其他:住商混合區,100000,185,持分移轉,02380000
RPWWNLOKQHOFFAO48CB,東光段,19.39,都市：其他:住商混合區,100000,144,持分移轉,02380000
RPPNOLOKQHOFFAO96CB,東光段,25.05,都市：其他:住商混合區,100000,186,持分移轉,02380000
RPXWNLOKQHOFFAO58CB,東光段,13.06,都市：其他:住商混合區,100000,97,持分移轉,02380000
RPTWNLOKQHOFFAO18CB,東光段,18.45,都市：其他:住商混合區,100000,137,持分移轉,02380000
RPVWNLOKQHOFFAO38CB,東光段,14.54,都市：其他:住商混合區,100000,108,持分移轉,02380000
RPQNOLOKQHOFFAO07CB,東光段,17.64,都市：其他:住商混合區,100000,131,持分移轉,02380000
RPSNOLOKQHOFFAO27CB,東光段,16.16,都市：其他:住商混合區,100000,120,持分移轉,02380000
RPUNOLOKQHOFFAO47CB,東光段,19.39,都市：其他:住商混合區,100000,144,持分移轉,02380000
RPTNOLOKQHOFFAO37CB,東光段,16.56,都市：其他:住商混合區,100000,123,持分移轉,02380000
RPSOOLOKQHOFFAO37CB,東光段,23.43,都市：其他:住商混合區,100000,174,持分移轉,02380000
RPROOLOKQHOFFAO27CB,東光段,19.39,都市：其他:住商混合區,100000,144,持分移轉,02380000
RPTOOLOKQHOFFAO47CB,東光段,24.91,都市：其他:住商混合區,100000,185,持分移轉,02380000
RPXNOLOKQHOFFAO77CB,東光段,18.45,都市：其他:住商混合區,100000,137,持分移轉,02380000
RPOOOLOKQHOFFAO96CB,東光段,19.39,都市：其他:住商混合區,100000,144,持分移轉,02380000
RPWNOLOKQHOFFAO67CB,東光段,17.64,都市：其他:住商混合區,100000,131,持分移轉,02380000
RPVNOLOKQHOFFAO57CB,東光段,24.91,都市：其他:住商混合區,100000,185,持分移轉,02380000
RPUOOLOKQHOFFAO57CB,東光段,17.64,都市：其他:住商混合區,100000,131,持分移轉,02380000
RPPOOLOKQHOFFAO07CB,東光段,13.06,都市：其他:住商混合區,100000,97,持分移轉,02380000
RPQOOLOKQHOFFAO17CB,東光段,18.45,都市：其他:住商混合區,100000,137,持分移轉,02380000
RPVOOLOKQHOFFAO67CB,東光段,19.39,都市：其他:住商混合區,100000,144,持分移轉,02380000
RPQPOLOKQHOFFAO27CB,東光段,19.39,都市：其他:住商混合區,100000,144,持分移轉,02380000
RPSPOLOKQHOFFAO47CB,東光段,13.06,都市：其他:住商混合區,100000,97,持分移轉,02380000
RPXOOLOKQHOFFAO87CB,東光段,19.39,都市：其他:住商混合區,100000,144,持分移轉,02380000
RPOPOLOKQHOFFAO07CB,東光段,18.85,都市：其他:住商混合區,100000,140,持分移轉,02380000
RPRPOLOKQHOFFAO37CB,東光段,19.39,都市：其他:住商混合區,100000,144,持分移轉,02380000
RPUPOLOKQHOFFAO67CB,東光段,12.66,都市：其他:住商混合區,100000,94,持分移轉,02380000
RPXPOLOKQHOFFAO97CB,東光段,13.60,都市：其他:住商混合區,100000,101,持分移轉,02380000
RPWOOLOKQHOFFAO77CB,東光段,19.39,都市：其他:住商混合區,100000,144,持分移轉,02380000
RPTPOLOKQHOFFAO57CB,東光段,18.45,都市：其他:住商混合區,100000,137,持分移轉,02380000
RPPPOLOKQHOFFAO17CB,東光段,18.85,都市：其他:住商混合區,100000,140,持分移轉,02380000
RPVPOLOKQHOFFAO77CB,東光段,13.60,都市：其他:住商混合區,100000,101,持分移轉,02380000
RPPQOLOKQHOFFAO27CB,東光段,13.60,都市：其他:住商混合區,100000,101,持分移轉,02380000
RPTQOLOKQHOFFAO67CB,東光段,21.68,都市：其他:住商混合區,100000,161,持分移轉,02380000
RPWPOLOKQHOFFAO87CB,東光段,13.60,都市：其他:住商混合區,100000,101,持分移轉,02380000
RPOQOLOKQHOFFAO17CB,東光段,13.60,都市：其他:住商混合區,100000,101,持分移轉,02380000
RPRQOLOKQHOFFAO47CB,東光段,17.64,都市：其他:住商混合區,100000,131,持分移轉,02380000
RPWQOLOKQHOFFAO97CB,東光段,19.39,都市：其他:住商混合區,100000,144,持分移轉,02380000
RPQQOLOKQHOFFAO37CB,東光段,24.91,都市：其他:住商混合區,100000,185,持分移轉,02380000
RPXQOLOKQHOFFAO08CB,東光段,18.45,都市：其他:住商混合區,100000,137,持分移轉,02380000
RPOROLOKQHOFFAO27CB,東光段,18.85,都市：其他:住商混合區,100000,140,持分移轉,02380000
RPSQOLOKQHOFFAO57CB,東光段,24.91,都市：其他:住商混合區,100000,185,持分移轉,02380000
RPUQOLOKQHOFFAO77CB,東光段,17.64,都市：其他:住商混合區,100000,131,持分移轉,02380000
RPPROLOKQHOFFAO37CB,東光段,13.60,都市：其他:住商混合區,100000,101,持分移轉,02380000
RPVQOLOKQHOFFAO87CB,東光段,22.49,都市：其他:住商混合區,100000,167,持分移轉,02380000
RPQROLOKQHOFFAO47CB,東光段,18.85,都市：其他:住商混合區,100000,140,持分移轉,02380000
RPWROLOKQHOFFAO08CB,東光段,16.16,都市：其他:住商混合區,100000,120,持分移轉,02380000
RPTROLOKQHOFFAO77CB,東光段,22.62,都市：其他:住商混合區,100000,168,持分移轉,02380000
RPSROLOKQHOFFAO67CB,東光段,13.06,都市：其他:住商混合區,100000,97,持分移轉,02380000
RPVROLOKQHOFFAO97CB,東光段,18.85,都市：其他:住商混合區,100000,140,持分移轉,02380000
RPQSOLOKQHOFFAO57CB,東光段,18.85,都市：其他:住商混合區,100000,140,持分移轉,02380000
RPRROLOKQHOFFAO57CB,東光段,14.54,都市：其他:住商混合區,100000,108,持分移轉,02380000
RPOSOLOKQHOFFAO37CB,東光段,13.60,都市：其他:住商混合區,100000,101,持分移轉,02380000
RPPSOLOKQHOFFAO47CB,東光段,19.39,都市：其他:住商混合區,100000,144,持分移轉,02380000
RPXROLOKQHOFFAO18CB,東光段,14.54,都市：其他:住商混合區,100000,108,持分移轉,02380000
RPUROLOKQHOFFAO87CB,東光段,18.45,都市：其他:住商混合區,100000,137,持分移轉,02380000
RPRSOLOKQHOFFAO67CB,東光段,17.64,都市：其他:住商混合區,100000,131,持分移轉,02380000
RPTSOLOKQHOFFAO87CB,東光段,24.91,都市：其他:住商混合區,100000,185,持分移轉,02380000
RPUSOLOKQHOFFAO97CB,東光段,14.54,都市：其他:住商混合區,100000,108,持分移轉,02380000
RPOTOLOKQHOFFAO47CB,東光段,22.49,都市：其他:住商混合區,100000,167,持分移轉,02380000
RPXSOLOKQHOFFAO28CB,東光段,16.16,都市：其他:住商混合區,100000,120,持分移轉,02380000
RPPTOLOKQHOFFAO57CB,東光段,24.91,都市：其他:住商混合區,100000,185,持分移轉,02380000
RPVSOLOKQHOFFAO08CB,東光段,18.45,都市：其他:住商混合區,100000,137,持分移轉,02380000
RPSSOLOKQHOFFAO77CB,東光段,13.60,都市：其他:住商混合區,100000,101,持分移轉,02380000
RPUTOLOKQHOFFAO08CB,東光段,18.45,都市：其他:住商混合區,100000,137,持分移轉,02380000
RPWSOLOKQHOFFAO18CB,東光段,13.06,都市：其他:住商混合區,100000,97,持分移轉,02380000
RPSTOLOKQHOFFAO87CB,東光段,24.91,都市：其他:住商混合區,100000,185,持分移轉,02380000
RPRTOLOKQHOFFAO77CB,東光段,22.49,都市：其他:住商混合區,100000,167,持分移轉,02380000
RPTTOLOKQHOFFAO97CB,東光段,18.45,都市：其他:住商混合區,100000,137,持分移轉,02380000
RPVTOLOKQHOFFAO18CB,東光段,13.06,都市：其他:住商混合區,100000,97,持分移轉,02380000
RPQTOLOKQHOFFAO67CB,東光段,17.64,都市：其他:住商混合區,100000,131,持分移轉,02380000
RPWTOLOKQHOFFAO28CB,東光段,17.64,都市：其他:住商混合區,100000,131,持分移轉,02380000
RPPUOLOKQHOFFAO67CB,東光段,12.66,都市：其他:住商混合區,100000,94,持分移轉,02380000
RPRUOLOKQHOFFAO87CB,東光段,21.68,都市：其他:住商混合區,100000,161,持分移轉,02380000
RPTUOLOKQHOFFAO08CB,東光段,18.85,都市：其他:住商混合區,100000,140,持分移轉,02380000
RPUUOLOKQHOFFAO18CB,東光段,24.91,都市：其他:住商混合區,100000,185,持分移轉,02380000
RPQUOLOKQHOFFAO77CB,東光段,23.43,都市：其他:住商混合區,100000,174,持分移轉,02380000
RPXTOLOKQHOFFAO38CB,東光段,24.91,都市：其他:住商混合區,100000,185,持分移轉,02380000
RPSUOLOKQHOFFAO97CB,東光段,24.91,都市：其他:住商混合區,100000,185,持分移轉,02380000
RPOUOLOKQHOFFAO57CB,東光段,21.68,都市：其他:住商混合區,100000,161,持分移轉,02380000
RPXUOLOKQHOFFAO48CB,東光段,21.68,都市：其他:住商混合區,100000,161,持分移轉,02380000
RPWUOLOKQHOFFAO38CB,東光段,13.60,都市：其他:住商混合區,100000,101,持分移轉,02380000
RPVUOLOKQHOFFAO28CB,東光段,13.06,都市：其他:住商混合區,100000,97,持分移轉,02380000
RPOVOLOKQHOFFAO67CB,東光段,25.86,都市：其他:住商混合區,100000,192,持分移轉,02380000
RPOWOLOKQHOFFAO77CB,東光段,22.62,都市：其他:住商混合區,100000,168,持分移轉,02380000
RPPVOLOKQHOFFAO77CB,東光段,22.62,都市：其他:住商混合區,100000,168,持分移轉,02380000
RPUVOLOKQHOFFAO28CB,東光段,18.85,都市：其他:住商混合區,100000,140,持分移轉,02380000
RPTVOLOKQHOFFAO18CB,東光段,13.60,都市：其他:住商混合區,100000,101,持分移轉,02380000
RPQVOLOKQHOFFAO87CB,東光段,17.64,都市：其他:住商混合區,100000,131,持分移轉,02380000
RPXVOLOKQHOFFAO58CB,東光段,18.85,都市：其他:住商混合區,100000,140,持分移轉,02380000
RPSVOLOKQHOFFAO08CB,東光段,24.91,都市：其他:住商混合區,100000,185,持分移轉,02380000
RPWVOLOKQHOFFAO48CB,東光段,18.85,都市：其他:住商混合區,100000,140,持分移轉,02380000
RPVVOLOKQHOFFAO38CB,東光段,18.45,都市：其他:住商混合區,100000,137,持分移轉,02380000
RPRVOLOKQHOFFAO97CB,東光段,18.85,都市：其他:住商混合區,100000,140,持分移轉,02380000
RPQWOLOKQHOFFAO97CB,東光段,24.91,都市：其他:住商混合區,100000,185,持分移轉,02380000
RPUWOLOKQHOFFAO38CB,東光段,18.85,都市：其他:住商混合區,100000,140,持分移轉,02380000
RPPWOLOKQHOFFAO87CB,東光段,22.62,都市：其他:住商混合區,100000,168,持分移轉,02380000
RPSWOLOKQHOFFAO18CB,東光段,16.16,都市：其他:住商混合區,100000,120,持分移轉,02380000
RPTWOLOKQHOFFAO28CB,東光段,17.64,都市：其他:住商混合區,100000,131,持分移轉,02380000
RPRWOLOKQHOFFAO08CB,東光段,18.85,都市：其他:住商混合區,100000,140,持分移轉,02380000
RPVWOLOKQHOFFAO48CB,東光段,16.16,都市：其他:住商混合區,100000,120,持分移轉,02380000
RPXWOLOKQHOFFAO68CB,東光段,22.49,都市：其他:住商混合區,100000,167,持分移轉,02380000
RPONPLOKQHOFFAO96CB,東光段,18.45,都市：其他:住商混合區,100000,137,持分移轉,02380000
RPWWOLOKQHOFFAO58CB,東光段,16.16,都市：其他:住商混合區,100000,120,持分移轉,02380000
RPPNPLOKQHOFFAO07CB,東光段,18.85,都市：其他:住商混合區,100000,140,持分移轉,02380000
RPQNPLOKQHOFFAO17CB,東光段,21.68,都市：其他:住商混合區,100000,161,持分移轉,02380000
RPOOPLOKQHOFFAO07CB,東光段,24.91,都市：其他:住商混合區,100000,185,持分移轉,02380000
RPWNPLOKQHOFFAO77CB,東光段,13.06,都市：其他:住商混合區,100000,97,持分移轉,02380000
RPVNPLOKQHOFFAO67CB,東光段,13.06,都市：其他:住商混合區,100000,97,持分移轉,02380000
RPUNPLOKQHOFFAO57CB,東光段,13.06,都市：其他:住商混合區,100000,97,持分移轉,02380000
RPRNPLOKQHOFFAO27CB,東光段,13.06,都市：其他:住商混合區,100000,97,持分移轉,02380000
RPPOPLOKQHOFFAO17CB,東光段,18.85,都市：其他:住商混合區,100000,140,持分移轉,02380000
RPXNPLOKQHOFFAO87CB,東光段,16.16,都市：其他:住商混合區,100000,120,持分移轉,02380000
RPTNPLOKQHOFFAO47CB,東光段,13.06,都市：其他:住商混合區,100000,97,持分移轉,02380000
RPROPLOKQHOFFAO37CB,東光段,13.60,都市：其他:住商混合區,100000,101,持分移轉,02380000
RPQOPLOKQHOFFAO27CB,東光段,16.16,都市：其他:住商混合區,100000,120,持分移轉,02380000
RPTOPLOKQHOFFAO57CB,東光段,18.85,都市：其他:住商混合區,100000,140,持分移轉,02380000
RPUOPLOKQHOFFAO67CB,東光段,18.85,都市：其他:住商混合區,100000,140,持分移轉,02380000
RPVOPLOKQHOFFAO77CB,東光段,22.62,都市：其他:住商混合區,100000,168,持分移轉,02380000
RPQPPLOKQHOFFAO37CB,東光段,18.72,都市：其他:住商混合區,100000,139,持分移轉,02380000
RPSOPLOKQHOFFAO47CB,東光段,12.66,都市：其他:住商混合區,100000,94,持分移轉,02380000
RPOPPLOKQHOFFAO17CB,東光段,13.60,都市：其他:住商混合區,100000,101,持分移轉,02380000
RPPPPLOKQHOFFAO27CB,東光段,18.45,都市：其他:住商混合區,100000,137,持分移轉,02380000
RPWOPLOKQHOFFAO87CB,東光段,25.86,都市：其他:住商混合區,100000,192,持分移轉,02380000
RPXOPLOKQHOFFAO97CB,東光段,19.39,都市：其他:住商混合區,100000,144,持分移轉,02380000
RPSPPLOKQHOFFAO57CB,東光段,17.64,都市：其他:住商混合區,100000,131,持分移轉,02380000
RPWPPLOKQHOFFAO97CB,東光段,24.91,都市：其他:住商混合區,100000,185,持分移轉,02380000
RPRPPLOKQHOFFAO47CB,東光段,13.60,都市：其他:住商混合區,100000,101,持分移轉,02380000
RPTPPLOKQHOFFAO67CB,東光段,16.16,都市：其他:住商混合區,100000,120,持分移轉,02380000
RPUPPLOKQHOFFAO77CB,東光段,24.91,都市：其他:住商混合區,100000,185,持分移轉,02380000
RPPQPLOKQHOFFAO37CB,東光段,21.68,都市：其他:住商混合區,100000,161,持分移轉,02380000
RPVPPLOKQHOFFAO87CB,東光段,22.49,都市：其他:住商混合區,100000,167,持分移轉,02380000
RPXPPLOKQHOFFAO08CB,東光段,12.66,都市：其他:住商混合區,100000,94,持分移轉,02380000
RPQQPLOKQHOFFAO47CB,東光段,24.91,都市：其他:住商混合區,100000,185,持分移轉,02380000
RPOQPLOKQHOFFAO27CB,東光段,22.62,都市：其他:住商混合區,100000,168,持分移轉,02380000
RPRQPLOKQHOFFAO57CB,東光段,24.91,都市：其他:住商混合區,100000,185,持分移轉,02380000
RPVQPLOKQHOFFAO97CB,東光段,16.16,都市：其他:住商混合區,100000,120,持分移轉,02380000
RPUQPLOKQHOFFAO87CB,東光段,13.06,都市：其他:住商混合區,100000,97,持分移轉,02380000
RPSQPLOKQHOFFAO67CB,東光段,19.39,都市：其他:住商混合區,100000,144,持分移轉,02380000
RPWQPLOKQHOFFAO08CB,東光段,16.16,都市：其他:住商混合區,100000,120,持分移轉,02380000
RPTQPLOKQHOFFAO77CB,東光段,17.64,都市：其他:住商混合區,100000,131,持分移轉,02380000
RPXQPLOKQHOFFAO18CB,東光段,18.45,都市：其他:住商混合區,100000,137,持分移轉,02380000
RPORPLOKQHOFFAO37CB,東光段,18.05,都市：其他:住商混合區,100000,134,持分移轉,02380000
RPPRPLOKQHOFFAO47CB,東光段,18.05,都市：其他:住商混合區,100000,134,持分移轉,02380000
RPQRPLOKQHOFFAO57CB,東光段,18.05,都市：其他:住商混合區,100000,134,持分移轉,02380000
RPRRPLOKQHOFFAO67CB,東光段,19.39,都市：其他:住商混合區,100000,144,持分移轉,02380000
RPURPLOKQHOFFAO97CB,東光段,20.20,都市：其他:住商混合區,100000,150,持分移轉,02380000
RPSRPLOKQHOFFAO77CB,東光段,20.47,都市：其他:住商混合區,100000,152,持分移轉,02380000
RPWRPLOKQHOFFAO18CB,東光段,18.85,都市：其他:住商混合區,100000,140,持分移轉,02380000
RPVRPLOKQHOFFAO08CB,東光段,19.39,都市：其他:住商混合區,100000,144,持分移轉,02380000
RPQSPLOKQHOFFAO67CB,東光段,18.05,都市：其他:住商混合區,100000,134,持分移轉,02380000
RPPSPLOKQHOFFAO57CB,東光段,18.05,都市：其他:住商混合區,100000,134,持分移轉,02380000
RPTRPLOKQHOFFAO87CB,東光段,20.74,都市：其他:住商混合區,100000,154,持分移轉,02380000
RPRSPLOKQHOFFAO77CB,東光段,20.74,都市：其他:住商混合區,100000,154,持分移轉,02380000
RPXRPLOKQHOFFAO28CB,東光段,20.20,都市：其他:住商混合區,100000,150,持分移轉,02380000
RPOSPLOKQHOFFAO47CB,東光段,19.39,都市：其他:住商混合區,100000,144,持分移轉,02380000
RPTSPLOKQHOFFAO97CB,東光段,19.80,都市：其他:住商混合區,100000,147,持分移轉,02380000
RPSSPLOKQHOFFAO87CB,東光段,12.66,都市：其他:住商混合區,100000,94,持分移轉,02380000
RPXSPLOKQHOFFAO38CB,東光段,19.39,都市：其他:住商混合區,100000,144,持分移轉,02380000
RPUSPLOKQHOFFAO08CB,東光段,12.12,都市：其他:住商混合區,100000,90,持分移轉,02380000
RPVSPLOKQHOFFAO18CB,東光段,20.74,都市：其他:住商混合區,100000,154,持分移轉,02380000
RPWSPLOKQHOFFAO28CB,東光段,12.66,都市：其他:住商混合區,100000,94,持分移轉,02380000
RPRTPLOKQHOFFAO87CB,東光段,18.85,都市：其他:住商混合區,100000,140,持分移轉,02380000
RPOUPLOKQHOFFAO67CB,東光段,19.39,都市：其他:住商混合區,100000,144,持分移轉,02380000
RPXTPLOKQHOFFAO48CB,東光段,19.39,都市：其他:住商混合區,100000,144,持分移轉,02380000
RPQTPLOKQHOFFAO77CB,東光段,20.74,都市：其他:住商混合區,100000,154,持分移轉,02380000
RPSTPLOKQHOFFAO97CB,東光段,12.66,都市：其他:住商混合區,100000,94,持分移轉,02380000
RPPTPLOKQHOFFAO67CB,東光段,18.85,都市：其他:住商混合區,100000,140,持分移轉,02380000
RPWTPLOKQHOFFAO38CB,東光段,19.39,都市：其他:住商混合區,100000,144,持分移轉,02380000
RPTTPLOKQHOFFAO08CB,東光段,19.39,都市：其他:住商混合區,100000,144,持分移轉,02380000
RPVTPLOKQHOFFAO28CB,東光段,16.70,都市：其他:住商混合區,100000,124,持分移轉,02380000
RPPUPLOKQHOFFAO77CB,東光段,20.47,都市：其他:住商混合區,100000,152,持分移轉,02380000
RPRUPLOKQHOFFAO97CB,東光段,16.70,都市：其他:住商混合區,100000,124,持分移轉,02380000
RPOTPLOKQHOFFAO57CB,東光段,19.39,都市：其他:住商混合區,100000,144,持分移轉,02380000
RPUUPLOKQHOFFAO28CB,東光段,19.39,都市：其他:住商混合區,100000,144,持分移轉,02380000
RPTUPLOKQHOFFAO18CB,東光段,20.20,都市：其他:住商混合區,100000,150,持分移轉,02380000
RPWUPLOKQHOFFAO48CB,東光段,18.05,都市：其他:住商混合區,100000,134,持分移轉,02380000
RPQUPLOKQHOFFAO87CB,東光段,16.70,都市：其他:住商混合區,100000,124,持分移轉,02380000
RPOVPLOKQHOFFAO77CB,東光段,18.05,都市：其他:住商混合區,100000,134,持分移轉,02380000
RPSUPLOKQHOFFAO08CB,東光段,19.39,都市：其他:住商混合區,100000,144,持分移轉,02380000
RPXUPLOKQHOFFAO58CB,東光段,18.05,都市：其他:住商混合區,100000,134,持分移轉,02380000
RPVUPLOKQHOFFAO38CB,東光段,16.70,都市：其他:住商混合區,100000,124,持分移轉,02380000
RPRVPLOKQHOFFAO08CB,東光段,18.05,都市：其他:住商混合區,100000,134,持分移轉,02380000
RPTVPLOKQHOFFAO28CB,東光段,20.74,都市：其他:住商混合區,100000,154,持分移轉,02380000
RPPVPLOKQHOFFAO87CB,東光段,18.05,都市：其他:住商混合區,100000,134,持分移轉,02380000
RPVVPLOKQHOFFAO48CB,東光段,19.39,都市：其他:住商混合區,100000,144,持分移轉,02380000
RPSVPLOKQHOFFAO18CB,東光段,18.85,都市：其他:住商混合區,100000,140,持分移轉,02380000
RPUVPLOKQHOFFAO38CB,東光段,20.74,都市：其他:住商混合區,100000,154,持分移轉,02380000
RPQVPLOKQHOFFAO97CB,東光段,18.05,都市：其他:住商混合區,100000,134,持分移轉,02380000
RPPWPLOKQHOFFAO97CB,東光段,20.47,都市：其他:住商混合區,100000,152,持分移轉,02380000
RPOWPLOKQHOFFAO87CB,東光段,18.85,都市：其他:住商混合區,100000,140,持分移轉,02380000
RPWVPLOKQHOFFAO58CB,東光段,20.47,都市：其他:住商混合區,100000,152,持分移轉,02380000
RPXVPLOKQHOFFAO68CB,東光段,20.20,都市：其他:住商混合區,100000,150,持分移轉,02380000
RPSWPLOKQHOFFAO28CB,東光段,19.39,都市：其他:住商混合區,100000,144,持分移轉,02380000
RPVWPLOKQHOFFAO58CB,東光段,20.74,都市：其他:住商混合區,100000,154,持分移轉,02380000
RPUWPLOKQHOFFAO48CB,東光段,19.39,都市：其他:住商混合區,100000,144,持分移轉,02380000
RPQWPLOKQHOFFAO08CB,東光段,12.66,都市：其他:住商混合區,100000,94,持分移轉,02380000
RPRWPLOKQHOFFAO18CB,東光段,20.47,都市：其他:住商混合區,100000,152,持分移轉,02380000
RPWWPLOKQHOFFAO68CB,東光段,19.53,都市：其他:住商混合區,100000,145,持分移轉,02380000
RPXWPLOKQHOFFAO78CB,東光段,16.70,都市：其他:住商混合區,100000,124,持分移轉,02380000
RPONQLOKQHOFFAO07CB,東光段,19.39,都市：其他:住商混合區,100000,144,持分移轉,02380000
RPWNQLOKQHOFFAO87CB,東光段,20.20,都市：其他:住商混合區,100000,150,持分移轉,02380000
RPSNQLOKQHOFFAO47CB,東光段,20.47,都市：其他:住商混合區,100000,152,持分移轉,02380000
RPRNQLOKQHOFFAO37CB,東光段,12.66,都市：其他:住商混合區,100000,94,持分移轉,02380000
RPVNQLOKQHOFFAO77CB,東光段,16.70,都市：其他:住商混合區,100000,124,持分移轉,02380000
RPXNQLOKQHOFFAO97CB,東光段,20.87,都市：其他:住商混合區,100000,155,持分移轉,02380000
RPUNQLOKQHOFFAO67CB,東光段,20.74,都市：其他:住商混合區,100000,154,持分移轉,02380000
RPTNQLOKQHOFFAO57CB,東光段,19.39,都市：其他:住商混合區,100000,144,持分移轉,02380000
RPQNQLOKQHOFFAO27CB,東光段,12.66,都市：其他:住商混合區,100000,94,持分移轉,02380000
RPPNQLOKQHOFFAO17CB,東光段,16.70,都市：其他:住商混合區,100000,124,持分移轉,02380000
RPOOQLOKQHOFFAO17CB,東光段,19.39,都市：其他:住商混合區,100000,144,持分移轉,02380000
RPROQLOKQHOFFAO47CB,東光段,16.70,都市：其他:住商混合區,100000,124,持分移轉,02380000
RPQOQLOKQHOFFAO37CB,東光段,20.20,都市：其他:住商混合區,100000,150,持分移轉,02380000
RPTOQLOKQHOFFAO67CB,東光段,20.47,都市：其他:住商混合區,100000,152,持分移轉,02380000
RPUOQLOKQHOFFAO77CB,東光段,19.39,都市：其他:住商混合區,100000,144,持分移轉,02380000
RPPOQLOKQHOFFAO27CB,東光段,19.39,都市：其他:住商混合區,100000,144,持分移轉,02380000
RPSOQLOKQHOFFAO57CB,東光段,19.39,都市：其他:住商混合區,100000,144,持分移轉,02380000
RPOPQLOKQHOFFAO27CB,東光段,20.20,都市：其他:住商混合區,100000,150,持分移轉,02380000
RPPPQLOKQHOFFAO37CB,東光段,16.70,都市：其他:住商混合區,100000,124,持分移轉,02380000
RPWOQLOKQHOFFAO97CB,東光段,20.74,都市：其他:住商混合區,100000,154,持分移轉,02380000
RPVOQLOKQHOFFAO87CB,東光段,19.39,都市：其他:住商混合區,100000,144,持分移轉,02380000
RPSPQLOKQHOFFAO67CB,東光段,16.70,都市：其他:住商混合區,100000,124,持分移轉,02380000
RPXOQLOKQHOFFAO08CB,東光段,20.20,都市：其他:住商混合區,100000,150,持分移轉,02380000
RPUPQLOKQHOFFAO87CB,東光段,18.85,都市：其他:住商混合區,100000,140,持分移轉,02380000
RPTPQLOKQHOFFAO77CB,東光段,12.66,都市：其他:住商混合區,100000,94,持分移轉,02380000
RPQPQLOKQHOFFAO47CB,東光段,20.74,都市：其他:住商混合區,100000,154,持分移轉,02380000
RPRPQLOKQHOFFAO57CB,東光段,20.47,都市：其他:住商混合區,100000,152,持分移轉,02380000
RPOQQLOKQHOFFAO37CB,東光段,19.39,都市：其他:住商混合區,100000,144,持分移轉,02380000
RPPQQLOKQHOFFAO47CB,東光段,19.39,都市：其他:住商混合區,100000,144,持分移轉,02380000
RPQQQLOKQHOFFAO57CB,東光段,20.34,都市：其他:住商混合區,100000,151,持分移轉,02380000
RPSQQLOKQHOFFAO77CB,東光段,20.20,都市：其他:住商混合區,100000,150,持分移轉,02380000
RPVPQLOKQHOFFAO97CB,東光段,20.47,都市：其他:住商混合區,100000,152,持分移轉,02380000
RPRQQLOKQHOFFAO67CB,東光段,18.85,都市：其他:住商混合區,100000,140,持分移轉,02380000
RPWPQLOKQHOFFAO08CB,東光段,18.85,都市：其他:住商混合區,100000,140,持分移轉,02380000
RPXPQLOKQHOFFAO18CB,東光段,19.39,都市：其他:住商混合區,100000,144,持分移轉,02380000
RPWQQLOKQHOFFAO18CB,東光段,16.70,都市：其他:住商混合區,100000,124,持分移轉,02380000
RPVQQLOKQHOFFAO08CB,東光段,12.66,都市：其他:住商混合區,100000,94,持分移轉,02380000
RPXQQLOKQHOFFAO28CB,東光段,20.74,都市：其他:住商混合區,100000,154,持分移轉,02380000
RPTQQLOKQHOFFAO87CB,東光段,20.20,都市：其他:住商混合區,100000,150,持分移轉,02380000
RPUQQLOKQHOFFAO97CB,東光段,19.53,都市：其他:住商混合區,100000,145,持分移轉,02380000
RPXRQLOKQHOFFAO38CB,東光段,20.74,都市：其他:住商混合區,100000,154,持分移轉,02380000
RPSRQLOKQHOFFAO87CB,東光段,12.66,都市：其他:住商混合區,100000,94,持分移轉,02380000
RPORQLOKQHOFFAO47CB,東光段,19.39,都市：其他:住商混合區,100000,144,持分移轉,02380000
RPTRQLOKQHOFFAO97CB,東光段,18.85,都市：其他:住商混合區,100000,140,持分移轉,02380000
RPRRQLOKQHOFFAO77CB,東光段,12.66,都市：其他:住商混合區,100000,94,持分移轉,02380000
RPURQLOKQHOFFAO08CB,東光段,20.47,都市：其他:住商混合區,100000,152,持分移轉,02380000
RPQSQLOKQHOFFAO77CB,東光段,18.85,都市：其他:住商混合區,100000,140,持分移轉,02380000
RPVRQLOKQHOFFAO18CB,東光段,20.47,都市：其他:住商混合區,100000,152,持分移轉,02380000
RPOSQLOKQHOFFAO57CB,東光段,20.47,都市：其他:住商混合區,100000,152,持分移轉,02380000
RPPSQLOKQHOFFAO67CB,東光段,20.20,都市：其他:住商混合區,100000,150,持分移轉,02380000
RPSSQLOKQHOFFAO97CB,東光段,12.66,都市：其他:住商混合區,100000,94,持分移轉,02380000
RPPRQLOKQHOFFAO57CB,東光段,18.85,都市：其他:住商混合區,100000,140,持分移轉,02380000
RPQRQLOKQHOFFAO67CB,東光段,12.66,都市：其他:住商混合區,100000,94,持分移轉,02380000
RPUSQLOKQHOFFAO18CB,東光段,18.05,都市：其他:住商混合區,100000,134,持分移轉,02380000
RPVSQLOKQHOFFAO28CB,東光段,20.47,都市：其他:住商混合區,100000,152,持分移轉,02380000
RPWSQLOKQHOFFAO38CB,東光段,20.87,都市：其他:住商混合區,100000,155,持分移轉,02380000
RPQTQLOKQHOFFAO87CB,東光段,18.85,都市：其他:住商混合區,100000,140,持分移轉,02380000
RPOTQLOKQHOFFAO67CB,東光段,20.20,都市：其他:住商混合區,100000,150,持分移轉,02380000
RPRTQLOKQHOFFAO97CB,東光段,20.20,都市：其他:住商混合區,100000,150,持分移轉,02380000
RPUTQLOKQHOFFAO28CB,東光段,16.70,都市：其他:住商混合區,100000,124,持分移轉,02380000
RPSTQLOKQHOFFAO08CB,東光段,16.70,都市：其他:住商混合區,100000,124,持分移轉,02380000
RPRSQLOKQHOFFAO87CB,東光段,20.47,都市：其他:住商混合區,100000,152,持分移轉,02380000
RPPTQLOKQHOFFAO77CB,東光段,12.66,都市：其他:住商混合區,100000,94,持分移轉,02380000
RPTSQLOKQHOFFAO08CB,東光段,18.05,都市：其他:住商混合區,100000,134,持分移轉,02380000
RPTTQLOKQHOFFAO18CB,東光段,19.39,都市：其他:住商混合區,100000,144,持分移轉,02380000
RPVTQLOKQHOFFAO38CB,東光段,19.39,都市：其他:住商混合區,100000,144,持分移轉,02380000
RPWTQLOKQHOFFAO48CB,東光段,16.70,都市：其他:住商混合區,100000,124,持分移轉,02380000
RPXSQLOKQHOFFAO48CB,東光段,18.85,都市：其他:住商混合區,100000,140,持分移轉,02380000
RPXTQLOKQHOFFAO58CB,東光段,18.85,都市：其他:住商混合區,100000,140,持分移轉,02380000
RPVUQLOKQHOFFAO48CB,東光段,25.86,都市：其他:住商混合區,100000,192,持分移轉,02380000
RPOUQLOKQHOFFAO77CB,東光段,18.85,都市：其他:住商混合區,100000,140,持分移轉,02380000
RPQUQLOKQHOFFAO97CB,東光段,26.66,都市：其他:住商混合區,100000,198,持分移轉,02380000
RPSUQLOKQHOFFAO18CB,東光段,26.80,都市：其他:住商混合區,100000,199,持分移轉,02380000
RPTUQLOKQHOFFAO28CB,東光段,26.80,都市：其他:住商混合區,100000,199,持分移轉,02380000
RPUUQLOKQHOFFAO38CB,東光段,23.03,都市：其他:住商混合區,100000,171,持分移轉,02380000
RPPUQLOKQHOFFAO87CB,東光段,12.66,都市：其他:住商混合區,100000,94,持分移轉,02380000
RPRUQLOKQHOFFAO08CB,東光段,26.80,都市：其他:住商混合區,100000,199,持分移轉,02380000
RPXUQLOKQHOFFAO68CB,東光段,20.34,都市：其他:住商混合區,100000,151,持分移轉,02380000
RPWUQLOKQHOFFAO58CB,東光段,18.85,都市：其他:住商混合區,100000,140,持分移轉,02380000
RPRVQLOKQHOFFAO18CB,東光段,20.47,都市：其他:住商混合區,100000,152,持分移轉,02380000
RPQVQLOKQHOFFAO08CB,東光段,20.20,都市：其他:住商混合區,100000,150,持分移轉,02380000
RPOVQLOKQHOFFAO87CB,東光段,20.34,都市：其他:住商混合區,100000,151,持分移轉,02380000
RPUVQLOKQHOFFAO48CB,東光段,21.82,都市：其他:住商混合區,100000,162,持分移轉,02380000
RPPVQLOKQHOFFAO97CB,東光段,23.16,都市：其他:住商混合區,100000,172,持分移轉,02380000
RPVVQLOKQHOFFAO58CB,東光段,19.39,都市：其他:住商混合區,100000,144,持分移轉,02380000
RPWVQLOKQHOFFAO68CB,東光段,26.80,都市：其他:住商混合區,100000,199,持分移轉,02380000
RPTVQLOKQHOFFAO38CB,東光段,19.39,都市：其他:住商混合區,100000,144,持分移轉,02380000
RPXVQLOKQHOFFAO78CB,東光段,18.85,都市：其他:住商混合區,100000,140,持分移轉,02380000
RPPWQLOKQHOFFAO08CB,東光段,20.34,都市：其他:住商混合區,100000,151,持分移轉,02380000
RPQWQLOKQHOFFAO18CB,東光段,23.16,都市：其他:住商混合區,100000,172,持分移轉,02380000
RPRWQLOKQHOFFAO28CB,東光段,20.34,都市：其他:住商混合區,100000,151,持分移轉,02380000
RPUWQLOKQHOFFAO58CB,東光段,23.16,都市：其他:住商混合區,100000,172,持分移轉,02380000
RPSVQLOKQHOFFAO28CB,東光段,23.16,都市：其他:住商混合區,100000,172,持分移轉,02380000
RPSWQLOKQHOFFAO38CB,東光段,20.34,都市：其他:住商混合區,100000,151,持分移轉,02380000
RPOWQLOKQHOFFAO97CB,東光段,20.20,都市：其他:住商混合區,100000,150,持分移轉,02380000
RPVWQLOKQHOFFAO68CB,東光段,18.85,都市：其他:住商混合區,100000,140,持分移轉,02380000
RPWWQLOKQHOFFAO78CB,東光段,18.85,都市：其他:住商混合區,100000,140,持分移轉,02380000
RPTWQLOKQHOFFAO48CB,東光段,19.39,都市：其他:住商混合區,100000,144,持分移轉,02380000
RPXWQLOKQHOFFAO88CB,東光段,22.49,都市：其他:住商混合區,100000,167,持分移轉,02380000
RPRNRLOKQHOFFAO47CB,東光段,18.85,都市：其他:住商混合區,100000,140,持分移轉,02380000
RPONRLOKQHOFFAO17CB,東光段,20.20,都市：其他:住商混合區,100000,150,持分移轉,02380000
RPSNRLOKQHOFFAO57CB,東光段,26.80,都市：其他:住商混合區,100000,199,持分移轉,02380000
RPTNRLOKQHOFFAO67CB,東光段,21.82,都市：其他:住商混合區,100000,162,持分移轉,02380000
RPWNRLOKQHOFFAO97CB,東光段,22.09,都市：其他:住商混合區,100000,164,持分移轉,02380000
RPXNRLOKQHOFFAO08CB,東光段,23.16,都市：其他:住商混合區,100000,172,持分移轉,02380000
RPQNRLOKQHOFFAO37CB,東光段,12.66,都市：其他:住商混合區,100000,94,持分移轉,02380000
RPVNRLOKQHOFFAO87CB,東光段,21.82,都市：其他:住商混合區,100000,162,持分移轉,02380000
RPUNRLOKQHOFFAO77CB,東光段,12.66,都市：其他:住商混合區,100000,94,持分移轉,02380000
RPOORLOKQHOFFAO27CB,東光段,21.82,都市：其他:住商混合區,100000,162,持分移轉,02380000
RPPORLOKQHOFFAO37CB,東光段,20.20,都市：其他:住商混合區,100000,150,持分移轉,02380000
RPQORLOKQHOFFAO47CB,東光段,19.39,都市：其他:住商混合區,100000,144,持分移轉,02380000
RPSORLOKQHOFFAO67CB,東光段,23.03,都市：其他:住商混合區,100000,171,持分移轉,02380000
RPUORLOKQHOFFAO87CB,東光段,27.34,都市：其他:住商混合區,100000,203,持分移轉,02380000
RPRORLOKQHOFFAO57CB,東光段,12.66,都市：其他:住商混合區,100000,94,持分移轉,02380000
RPPNRLOKQHOFFAO27CB,東光段,27.34,都市：其他:住商混合區,100000,203,持分移轉,02380000
RPWORLOKQHOFFAO08CB,東光段,26.80,都市：其他:住商混合區,100000,199,持分移轉,02380000
RPVORLOKQHOFFAO97CB,東光段,26.40,都市：其他:住商混合區,100000,196,持分移轉,02380000
RPOPRLOKQHOFFAO37CB,東光段,21.82,都市：其他:住商混合區,100000,162,持分移轉,02380000
RPQPRLOKQHOFFAO57CB,東光段,21.82,都市：其他:住商混合區,100000,162,持分移轉,02380000
RPRPRLOKQHOFFAO67CB,東光段,22.09,都市：其他:住商混合區,100000,164,持分移轉,02380000
RPTPRLOKQHOFFAO87CB,東光段,20.34,都市：其他:住商混合區,100000,151,持分移轉,02380000
RPUPRLOKQHOFFAO97CB,東光段,19.39,都市：其他:住商混合區,100000,144,持分移轉,02380000
RPVPRLOKQHOFFAO08CB,東光段,12.93,都市：其他:住商混合區,100000,96,持分移轉,02380000
RPTORLOKQHOFFAO77CB,東光段,22.09,都市：其他:住商混合區,100000,164,持分移轉,02380000
RPWPRLOKQHOFFAO18CB,東光段,20.34,都市：其他:住商混合區,100000,151,持分移轉,02380000
RPXPRLOKQHOFFAO28CB,東光段,18.85,都市：其他:住商混合區,100000,140,持分移轉,02380000
RPOQRLOKQHOFFAO47CB,東光段,20.34,都市：其他:住商混合區,100000,151,持分移轉,02380000
RPXORLOKQHOFFAO18CB,東光段,22.09,都市：其他:住商混合區,100000,164,持分移轉,02380000
RPPPRLOKQHOFFAO47CB,東光段,27.34,都市：其他:住商混合區,100000,203,持分移轉,02380000
RPPQRLOKQHOFFAO57CB,東光段,20.34,都市：其他:住商混合區,100000,151,持分移轉,02380000
RPSPRLOKQHOFFAO77CB,東光段,23.03,都市：其他:住商混合區,100000,171,持分移轉,02380000
RPRQRLOKQHOFFAO77CB,東光段,23.16,都市：其他:住商混合區,100000,172,持分移轉,02380000
RPSQRLOKQHOFFAO87CB,東光段,21.68,都市：其他:住商混合區,100000,161,持分移轉,02380000
RPVQRLOKQHOFFAO18CB,東光段,22.09,都市：其他:住商混合區,100000,164,持分移轉,02380000
RPTQRLOKQHOFFAO97CB,東光段,20.34,都市：其他:住商混合區,100000,151,持分移轉,02380000
RPXQRLOKQHOFFAO38CB,東光段,19.39,都市：其他:住商混合區,100000,144,持分移轉,02380000
RPUQRLOKQHOFFAO08CB,東光段,20.20,都市：其他:住商混合區,100000,150,持分移轉,02380000
RPORRLOKQHOFFAO57CB,東光段,20.34,都市：其他:住商混合區,100000,151,持分移轉,02380000
RPWQRLOKQHOFFAO28CB,東光段,22.09,都市：其他:住商混合區,100000,164,持分移轉,02380000
RPQQRLOKQHOFFAO67CB,東光段,22.09,都市：其他:住商混合區,100000,164,持分移轉,02380000
RPTRRLOKQHOFFAO08CB,東光段,20.20,都市：其他:住商混合區,100000,150,持分移轉,02380000
RPQRRLOKQHOFFAO77CB,東光段,21.82,都市：其他:住商混合區,100000,162,持分移轉,02380000
RPURRLOKQHOFFAO18CB,東光段,22.09,都市：其他:住商混合區,100000,164,持分移轉,02380000
RPWRRLOKQHOFFAO38CB,東光段,22.76,都市：其他:住商混合區,100000,169,持分移轉,02380000
RPXRRLOKQHOFFAO48CB,東光段,25.86,都市：其他:住商混合區,100000,192,持分移轉,02380000
RPRRRLOKQHOFFAO87CB,東光段,12.66,都市：其他:住商混合區,100000,94,持分移轉,02380000
RPOSRLOKQHOFFAO67CB,東光段,20.20,都市：其他:住商混合區,100000,150,持分移轉,02380000
RPSRRLOKQHOFFAO97CB,東光段,26.40,都市：其他:住商混合區,100000,196,持分移轉,02380000
RPPSRLOKQHOFFAO77CB,東光段,22.09,都市：其他:住商混合區,100000,164,持分移轉,02380000
RPRSRLOKQHOFFAO97CB,東光段,12.66,都市：其他:住商混合區,100000,94,持分移轉,02380000
RPQSRLOKQHOFFAO87CB,東光段,12.66,都市：其他:住商混合區,100000,94,持分移轉,02380000
RPUSRLOKQHOFFAO28CB,東光段,27.34,都市：其他:住商混合區,100000,203,持分移轉,02380000
RPSSRLOKQHOFFAO08CB,東光段,26.80,都市：其他:住商混合區,100000,199,持分移轉,02380000
RPTSRLOKQHOFFAO18CB,東光段,22.09,都市：其他:住商混合區,100000,164,持分移轉,02380000
RPVSRLOKQHOFFAO38CB,東光段,20.34,都市：其他:住商混合區,100000,151,持分移轉,02380000
RPWSRLOKQHOFFAO48CB,東光段,23.03,都市：其他:住商混合區,100000,171,持分移轉,02380000
RPVRRLOKQHOFFAO28CB,東光段,23.16,都市：其他:住商混合區,100000,172,持分移轉,02380000
RPVTRLOKQHOFFAO48CB,東光段,19.39,都市：其他:住商混合區,100000,144,持分移轉,02380000
RPUTRLOKQHOFFAO38CB,東光段,22.09,都市：其他:住商混合區,100000,164,持分移轉,02380000
RPRTRLOKQHOFFAO08CB,東光段,18.85,都市：其他:住商混合區,100000,140,持分移轉,02380000
RPWTRLOKQHOFFAO58CB,東光段,20.20,都市：其他:住商混合區,100000,150,持分移轉,02380000
RPTTRLOKQHOFFAO28CB,東光段,21.82,都市：其他:住商混合區,100000,162,持分移轉,02380000
RPXSRLOKQHOFFAO58CB,東光段,12.66,都市：其他:住商混合區,100000,94,持分移轉,02380000
RPSTRLOKQHOFFAO18CB,東光段,21.82,都市：其他:住商混合區,100000,162,持分移轉,02380000
RPOTRLOKQHOFFAO77CB,東光段,21.82,都市：其他:住商混合區,100000,162,持分移轉,02380000
RPQTRLOKQHOFFAO97CB,東光段,23.16,都市：其他:住商混合區,100000,172,持分移轉,02380000
RPPURLOKQHOFFAO97CB,東光段,23.03,都市：其他:住商混合區,100000,171,持分移轉,02380000
RPXTRLOKQHOFFAO68CB,東光段,26.80,都市：其他:住商混合區,100000,199,持分移轉,02380000
RPQURLOKQHOFFAO08CB,東光段,20.34,都市：其他:住商混合區,100000,151,持分移轉,02380000
RPPTRLOKQHOFFAO87CB,東光段,23.16,都市：其他:住商混合區,100000,172,持分移轉,02380000
RPTURLOKQHOFFAO38CB,東光段,27.07,都市：其他:住商混合區,100000,201,持分移轉,02380000
RPVURLOKQHOFFAO58CB,東光段,18.85,都市：其他:住商混合區,100000,140,持分移轉,02380000
RPUURLOKQHOFFAO48CB,東光段,18.85,都市：其他:住商混合區,100000,140,持分移轉,02380000
RPXURLOKQHOFFAO78CB,東光段,12.66,都市：其他:住商混合區,100000,94,持分移轉,02380000
RPWURLOKQHOFFAO68CB,東光段,19.39,都市：其他:住商混合區,100000,144,持分移轉,02380000
RPSURLOKQHOFFAO28CB,東光段,20.87,都市：其他:住商混合區,100000,155,持分移轉,02380000
RPOURLOKQHOFFAO87CB,東光段,13.33,都市：其他:住商混合區,100000,99,持分移轉,02380000
RPOVRLOKQHOFFAO97CB,東光段,23.03,都市：其他:住商混合區,100000,171,持分移轉,02380000
RPQVRLOKQHOFFAO18CB,東光段,12.93,都市：其他:住商混合區,100000,96,持分移轉,02380000
RPSVRLOKQHOFFAO38CB,東光段,22.09,都市：其他:住商混合區,100000,164,持分移轉,02380000
RPPVRLOKQHOFFAO08CB,東光段,12.66,都市：其他:住商混合區,100000,94,持分移轉,02380000
RPRURLOKQHOFFAO18CB,東光段,20.20,都市：其他:住商混合區,100000,150,持分移轉,02380000
RPVVRLOKQHOFFAO68CB,東光段,26.40,都市：其他:住商混合區,100000,196,持分移轉,02380000
RPUVRLOKQHOFFAO58CB,東光段,20.20,都市：其他:住商混合區,100000,150,持分移轉,02380000
RPQWRLOKQHOFFAO28CB,東光段,18.85,都市：其他:住商混合區,100000,140,持分移轉,02380000
RPTVRLOKQHOFFAO48CB,東光段,22.36,都市：其他:住商混合區,100000,166,持分移轉,02380000
RPXVRLOKQHOFFAO88CB,東光段,12.66,都市：其他:住商混合區,100000,94,持分移轉,02380000
RPWVRLOKQHOFFAO78CB,東光段,20.87,都市：其他:住商混合區,100000,155,持分移轉,02380000
RPOWRLOKQHOFFAO08CB,東光段,21.01,都市：其他:住商混合區,100000,156,持分移轉,02380000
RPPWRLOKQHOFFAO18CB,東光段,19.39,都市：其他:住商混合區,100000,144,持分移轉,02380000
RPRVRLOKQHOFFAO28CB,東光段,19.39,都市：其他:住商混合區,100000,144,持分移轉,02380000
RPSWRLOKQHOFFAO48CB,東光段,20.20,都市：其他:住商混合區,100000,150,持分移轉,02380000
RPRWRLOKQHOFFAO38CB,東光段,13.33,都市：其他:住商混合區,100000,99,持分移轉,02380000
RPTWRLOKQHOFFAO58CB,東光段,12.66,都市：其他:住商混合區,100000,94,持分移轉,02380000
RPONSLOKQHOFFAO27CB,東光段,22.22,都市：其他:住商混合區,100000,165,持分移轉,02380000
RPUWRLOKQHOFFAO68CB,東光段,22.36,都市：其他:住商混合區,100000,166,持分移轉,02380000
RPWWRLOKQHOFFAO88CB,東光段,18.99,都市：其他:住商混合區,100000,141,持分移轉,02380000
RPQNSLOKQHOFFAO47CB,東光段,19.39,都市：其他:住商混合區,100000,144,持分移轉,02380000
RPRNSLOKQHOFFAO57CB,東光段,26.40,都市：其他:住商混合區,100000,196,持分移轉,02380000
RPVWRLOKQHOFFAO78CB,東光段,12.66,都市：其他:住商混合區,100000,94,持分移轉,02380000
RPXWRLOKQHOFFAO98CB,東光段,22.36,都市：其他:住商混合區,100000,166,持分移轉,02380000
RPTNSLOKQHOFFAO77CB,東光段,18.85,都市：其他:住商混合區,100000,140,持分移轉,02380000
RPPNSLOKQHOFFAO37CB,東光段,20.34,都市：其他:住商混合區,100000,151,持分移轉,02380000
RPSNSLOKQHOFFAO67CB,東光段,23.16,都市：其他:住商混合區,100000,172,持分移轉,02380000
RPQOSLOKQHOFFAO57CB,東光段,23.16,都市：其他:住商混合區,100000,172,持分移轉,02380000
RPTOSLOKQHOFFAO87CB,東光段,26.80,都市：其他:住商混合區,100000,199,持分移轉,02380000
RPROSLOKQHOFFAO67CB,東光段,23.03,都市：其他:住商混合區,100000,171,持分移轉,02380000
RPXNSLOKQHOFFAO18CB,東光段,20.20,都市：其他:住商混合區,100000,150,持分移轉,02380000
RPOOSLOKQHOFFAO37CB,東光段,22.09,都市：其他:住商混合區,100000,164,持分移轉,02380000
RPPOSLOKQHOFFAO47CB,東光段,27.34,都市：其他:住商混合區,100000,203,持分移轉,02380000
RPWNSLOKQHOFFAO08CB,東光段,12.66,都市：其他:住商混合區,100000,94,持分移轉,02380000
RPUNSLOKQHOFFAO87CB,東光段,18.85,都市：其他:住商混合區,100000,140,持分移轉,02380000
RPVNSLOKQHOFFAO97CB,東光段,18.85,都市：其他:住商混合區,100000,140,持分移轉,02380000
RPWOSLOKQHOFFAO18CB,東光段,20.20,都市：其他:住商混合區,100000,150,持分移轉,02380000
RPRPSLOKQHOFFAO77CB,東光段,20.34,都市：其他:住商混合區,100000,151,持分移轉,02380000
RPSOSLOKQHOFFAO77CB,東光段,22.22,都市：其他:住商混合區,100000,165,持分移轉,02380000
RPUOSLOKQHOFFAO97CB,東光段,12.66,都市：其他:住商混合區,100000,94,持分移轉,02380000
RPVOSLOKQHOFFAO08CB,東光段,23.03,都市：其他:住商混合區,100000,171,持分移轉,02380000
RPXOSLOKQHOFFAO28CB,東光段,26.80,都市：其他:住商混合區,100000,199,持分移轉,02380000
RPTPSLOKQHOFFAO97CB,東光段,13.60,都市：其他:住商混合區,100000,101,持分移轉,02380000
RPSPSLOKQHOFFAO87CB,東光段,19.39,都市：其他:住商混合區,100000,144,持分移轉,02380000
RPOPSLOKQHOFFAO47CB,東光段,23.03,都市：其他:住商混合區,100000,171,持分移轉,02380000
RPPPSLOKQHOFFAO57CB,東光段,21.82,都市：其他:住商混合區,100000,162,持分移轉,02380000
RPQPSLOKQHOFFAO67CB,東光段,19.39,都市：其他:住商混合區,100000,144,持分移轉,02380000
RPUPSLOKQHOFFAO08CB,東光段,22.09,都市：其他:住商混合區,100000,164,持分移轉,02380000
RPVPSLOKQHOFFAO18CB,東光段,27.34,都市：其他:住商混合區,100000,203,持分移轉,02380000
RPXPSLOKQHOFFAO38CB,東光段,21.82,都市：其他:住商混合區,100000,162,持分移轉,02380000
RPPQSLOKQHOFFAO67CB,東光段,19.26,都市：其他:住商混合區,100000,143,持分移轉,02380000
RPWPSLOKQHOFFAO28CB,東光段,12.93,都市：其他:住商混合區,100000,96,持分移轉,02380000
RPQQSLOKQHOFFAO77CB,東光段,17.91,都市：其他:住商混合區,100000,133,持分移轉,02380000
RPOQSLOKQHOFFAO57CB,東光段,20.87,都市：其他:住商混合區,100000,155,持分移轉,02380000
RPRQSLOKQHOFFAO87CB,東光段,19.12,都市：其他:住商混合區,100000,142,持分移轉,02380000
RPVQSLOKQHOFFAO28CB,東光段,19.26,都市：其他:住商混合區,100000,143,持分移轉,02380000
RPWQSLOKQHOFFAO38CB,東光段,19.12,都市：其他:住商混合區,100000,142,持分移轉,02380000
RPORSLOKQHOFFAO67CB,東光段,19.26,都市：其他:住商混合區,100000,143,持分移轉,02380000
RPPRSLOKQHOFFAO77CB,東光段,19.12,都市：其他:住商混合區,100000,142,持分移轉,02380000
RPTQSLOKQHOFFAO08CB,東光段,19.12,都市：其他:住商混合區,100000,142,持分移轉,02380000
RPQRSLOKQHOFFAO87CB,東光段,19.26,都市：其他:住商混合區,100000,143,持分移轉,02380000
RPRRSLOKQHOFFAO97CB,東光段,19.26,都市：其他:住商混合區,100000,143,持分移轉,02380000
RPUQSLOKQHOFFAO18CB,東光段,17.91,都市：其他:住商混合區,100000,133,持分移轉,02380000
RPXQSLOKQHOFFAO48CB,東光段,19.12,都市：其他:住商混合區,100000,142,持分移轉,02380000
RPTRSLOKQHOFFAO18CB,東光段,19.12,都市：其他:住商混合區,100000,142,持分移轉,02380000
RPWRSLOKQHOFFAO48CB,東光段,19.26,都市：其他:住商混合區,100000,143,持分移轉,02380000
RPSQSLOKQHOFFAO97CB,東光段,18.99,都市：其他:住商混合區,100000,141,持分移轉,02380000
RPURSLOKQHOFFAO28CB,東光段,19.12,都市：其他:住商混合區,100000,142,持分移轉,02380000
RPVRSLOKQHOFFAO38CB,東光段,19.26,都市：其他:住商混合區,100000,143,持分移轉,02380000
RPXRSLOKQHOFFAO58CB,東光段,19.26,都市：其他:住商混合區,100000,143,持分移轉,02380000
RPOSSLOKQHOFFAO77CB,東光段,17.91,都市：其他:住商混合區,100000,133,持分移轉,02380000
RPPSSLOKQHOFFAO87CB,東光段,17.91,都市：其他:住商混合區,100000,133,持分移轉,02380000
RPQSSLOKQHOFFAO97CB,東光段,19.12,都市：其他:住商混合區,100000,142,持分移轉,02380000
RPSRSLOKQHOFFAO08CB,東光段,18.05,都市：其他:住商混合區,100000,134,持分移轉,02380000
RPVSSLOKQHOFFAO48CB,東光段,19.26,都市：其他:住商混合區,100000,143,持分移轉,02380000
RPTSSLOKQHOFFAO28CB,東光段,17.91,都市：其他:住商混合區,100000,133,持分移轉,02380000
RPRSSLOKQHOFFAO08CB,東光段,17.91,都市：其他:住商混合區,100000,133,持分移轉,02380000
RPUSSLOKQHOFFAO38CB,東光段,19.12,都市：其他:住商混合區,100000,142,持分移轉,02380000
RPXSSLOKQHOFFAO68CB,東光段,17.91,都市：其他:住商混合區,100000,133,持分移轉,02380000
RPSSSLOKQHOFFAO18CB,東光段,19.12,都市：其他:住商混合區,100000,142,持分移轉,02380000
RPWSSLOKQHOFFAO58CB,東光段,17.91,都市：其他:住商混合區,100000,133,持分移轉,02380000
RPOTSLOKQHOFFAO87CB,東光段,19.26,都市：其他:住商混合區,100000,143,持分移轉,02380000
RPPTSLOKQHOFFAO97CB,東光段,19.12,都市：其他:住商混合區,100000,142,持分移轉,02380000
RPRTSLOKQHOFFAO18CB,東光段,19.26,都市：其他:住商混合區,100000,143,持分移轉,02380000
RPSTSLOKQHOFFAO28CB,東光段,19.12,都市：其他:住商混合區,100000,142,持分移轉,02380000
RPWTSLOKQHOFFAO68CB,東光段,19.12,都市：其他:住商混合區,100000,142,持分移轉,02380000
RPXTSLOKQHOFFAO78CB,東光段,19.12,都市：其他:住商混合區,100000,142,持分移轉,02380000
RPPUSLOKQHOFFAO08CB,東光段,19.12,都市：其他:住商混合區,100000,142,持分移轉,02380000
RPQUSLOKQHOFFAO18CB,東光段,19.93,都市：其他:住商混合區,100000,148,持分移轉,02380000
RPQTSLOKQHOFFAO08CB,東光段,17.91,都市：其他:住商混合區,100000,133,持分移轉,02380000
RPSUSLOKQHOFFAO38CB,東光段,19.12,都市：其他:住商混合區,100000,142,持分移轉,02380000
RPRUSLOKQHOFFAO28CB,東光段,19.26,都市：其他:住商混合區,100000,143,持分移轉,02380000
RPTTSLOKQHOFFAO38CB,東光段,17.91,都市：其他:住商混合區,100000,133,持分移轉,02380000
RPUTSLOKQHOFFAO48CB,東光段,19.26,都市：其他:住商混合區,100000,143,持分移轉,02380000
RPUUSLOKQHOFFAO58CB,東光段,19.12,都市：其他:住商混合區,100000,142,持分移轉,02380000
RPVTSLOKQHOFFAO58CB,東光段,19.12,都市：其他:住商混合區,100000,142,持分移轉,02380000
RPOUSLOKQHOFFAO97CB,東光段,18.32,都市：其他:住商混合區,100000,136,持分移轉,02380000
RPWUSLOKQHOFFAO78CB,東光段,19.12,都市：其他:住商混合區,100000,142,持分移轉,02380000
RPTUSLOKQHOFFAO48CB,東光段,19.12,都市：其他:住商混合區,100000,142,持分移轉,02380000
RPXUSLOKQHOFFAO88CB,東光段,17.91,都市：其他:住商混合區,100000,133,持分移轉,02380000
RPOVSLOKQHOFFAO08CB,東光段,19.12,都市：其他:住商混合區,100000,142,持分移轉,02380000
RPVUSLOKQHOFFAO68CB,東光段,19.12,都市：其他:住商混合區,100000,142,持分移轉,02380000
RPPVSLOKQHOFFAO18CB,東光段,19.12,都市：其他:住商混合區,100000,142,持分移轉,02380000
RPSVSLOKQHOFFAO48CB,東光段,17.91,都市：其他:住商混合區,100000,133,持分移轉,02380000
RPRVSLOKQHOFFAO38CB,東光段,19.12,都市：其他:住商混合區,100000,142,持分移轉,02380000
RPUVSLOKQHOFFAO68CB,東光段,17.91,都市：其他:住商混合區,100000,133,持分移轉,02380000
RPQVSLOKQHOFFAO28CB,東光段,19.12,都市：其他:住商混合區,100000,142,持分移轉,02380000
RPOPMLTKQHOFFAO37CB,東光段,61.68,都市：其他:住商混合區,100000,458,持分移轉,02380000
RPWVSLOKQHOFFAO88CB,東光段,19.12,都市：其他:住商混合區,100000,142,持分移轉,02380000
RPVVSLOKQHOFFAO78CB,東光段,19.12,都市：其他:住商混合區,100000,142,持分移轉,02380000
RPUOMLTKQHOFFAO87CB,東光段,18.05,都市：其他:住商混合區,100000,134,持分移轉,02380000
RPPPMLTKQHOFFAO47CB,東光段,35.82,都市：其他:住商混合區,100000,266,持分移轉,02380000
RPQPMLTKQHOFFAO57CB,東光段,51.44,都市：其他:住商混合區,100000,382,持分移轉,02380000
RPTVSLOKQHOFFAO58CB,東光段,19.12,都市：其他:住商混合區,100000,142,持分移轉,02380000
RPRPMLTKQHOFFAO67CB,東光段,13.60,都市：其他:住商混合區,100000,101,持分移轉,02380000
RPSPMLTKQHOFFAO77CB,東光段,69.36,都市：其他:住商混合區,100000,515,持分移轉,02380000
RPTPMLTKQHOFFAO87CB,東光段,13.06,都市：其他:住商混合區,100000,97,持分移轉,02380000
RPPOMLTKQHOFFAO57EB,光武段,.53,都市：商,100000,257,持分移轉,10220000
RPPOMLTKQHOFFAO57EB,光武段,4.24,都市：商,100000,257,持分移轉,10230000
RPPOMLTKQHOFFAO57EB,光武段,.85,都市：商,100000,257,持分移轉,10240000
RPPOMLTKQHOFFAO57EB,光武段,1.20,都市：商,100000,257,持分移轉,10250000
RPPOMLTKQHOFFAO57EB,光武段,.70,都市：商,100000,257,持分移轉,10260000
RPPOMLTKQHOFFAO57EB,光武段,4.00,都市：商,100000,257,持分移轉,10270000
RPPOMLTKQHOFFAO57EB,光武段,3.13,都市：商,100000,257,持分移轉,10280000
RPPOMLTKQHOFFAO57EB,光武段,.69,都市：商,100000,257,持分移轉,10300000
RPPOMLTKQHOFFAO57EB,光武段,1.15,都市：商,100000,257,持分移轉,10310000
RPPOMLTKQHOFFAO57EB,光武段,2.97,都市：商,100000,257,持分移轉,10320000
RPPOMLTKQHOFFAO57EB,光武段,1.34,都市：商,100000,257,持分移轉,10330000
RPPOMLTKQHOFFAO57EB,光武段,.56,都市：商,100000,257,持分移轉,10340000
RPPOMLTKQHOFFAO57EB,光武段,1.21,都市：商,100000,257,持分移轉,10410000
RPPOMLTKQHOFFAO57EB,光武段,.78,都市：商,100000,257,持分移轉,10420000
RPPOMLTKQHOFFAO57EB,光武段,.91,都市：商,100000,257,持分移轉,10430000
RPPOMLTKQHOFFAO57EB,光武段,.51,都市：商,100000,257,持分移轉,10440000
RPPOMLTKQHOFFAO57EB,光武段,.91,都市：商,100000,257,持分移轉,10450000
RPPOMLTKQHOFFAO57EB,光武段,2.64,都市：商,100000,257,持分移轉,10460000
RPPOMLTKQHOFFAO57EB,光武段,4.01,都市：商,100000,257,持分移轉,10470000
RPPOMLTKQHOFFAO57EB,光武段,1.25,都市：商,100000,257,持分移轉,12530000
RPPOMLTKQHOFFAO57EB,光武段,.51,都市：商,100000,257,持分移轉,12540000
RPPOMLTKQHOFFAO57EB,光武段,.42,都市：商,100000,257,持分移轉,12550000
RPUPMLTKQHOFFAO97CB,東光段,23.03,都市：其他:住商混合區,100000,171,持分移轉,02380000
