﻿編號,土地位置,土地移轉面積(平方公尺),使用分區或編定,權利人持分分母,權利人持分分子,移轉情形,地號
The serial number, land position,land shifting area square meter,the use zoning or compiles and checks,,,,land parcel
RPSNMLQJRHOFFAP47CC,正心段,170.39,都市：住,,,,02170000
RPVNMLQKIIOFFAP07CC,大潭段社口小段,23.10,都市：住,,,,01760020
RPQNMLLLQHOFFDP17CC,虎新段,.00,都市：商,,,,06580000
RPQNMLSJRHOFFDP77CC,立仁段,8.83,都市：住,,,,00530000
RPTNMLQJRHOFFAP57CC,正心段,170.39,都市：住,,,,02170000
RPUNMLRLRHOFFAP97CC,西平段,83.89,非都市：鄉村區 ; 非都市編定：乙種建築用地,,,,04140000
RPQNMLLLIIOFFFP66CC,崙南段,399.63,非都市：一般農業區 ; 非都市編定：農牧用地,,,,02970000
