﻿編號,土地位置,土地移轉面積(平方公尺),使用分區或編定,權利人持分分母,權利人持分分子,移轉情形,地號
The serial number, land position,land shifting area square meter,the use zoning or compiles and checks,,,,land parcel
RPTNMLRKRHOFFDQ18CC,嘉保段,46.68,都市：住,,,,01000000
RPQNMLNKQHOFFBQ17CC,文化段,77.13,都市：住,,,,06380005
RPSNMLSLQHOFFEQ28CC,轆子腳段,900.00,非都市：一般農業區 ; 非都市編定：農牧用地,,,,01380024
RPTNMLPJJIOFFDQ27DC,田寮段,1199.00,非都市：特定農業區 ; 非都市編定：農牧用地,,,,00940000
RPTNMLPJJIOFFDQ27DC,田寮段,2199.00,非都市：特定農業區 ; 非都市編定：農牧用地,,,,00940001
RPTNMLPJJIOFFDQ27DC,田寮段,1199.00,非都市：特定農業區 ; 非都市編定：農牧用地,,,,00940002
RPUNMLSKRHOFFDQ38CC,嘉保段,114.48,都市：住,,,,02130189
RPRNMLLMIIOFFBQ56CC,嘉朴段,9.09,都市：住,,,,02620000
RPPNMLRKRHOFFBQ57CC,嘉朴段,21.13,都市：住,,,,02620000
