﻿編號,屋齡,建物移轉面積平方公尺,主要用途,主要建材,建築完成日期,總層數,建物分層
The serial number,room age,building shifting area square meter,the main use,main building materials,construction completes the date,total layer,building lamination
RPRNMLPKQHOFFCQ37CA,1,314.69,住宅、停車空間、樓梯間,鋼筋混凝土造,107年8月10日,四層,一層 二層 三層 四層 見其他登記事項 見其他登記事項
RPUNMLNJRHOFFCQ47CA,13,228.34,停車空間、集合住宅,鋼筋混凝土造,95年8月14日,四層,一層 二層 三層 四層 見其他登記事項
RPUNMLPJRHOFFCQ67CA,,275.83,住家用,鋼筋混凝土造,108年5月15日,四層,一層 二層 三層 四層 見其他登記事項
RPRNMLQLQHOFFCQ57CA,1,145.61,住家用,鋼筋混凝土造,107年9月4日,二層,一層 二層 見其他登記事項
RPWNMLNLQHOFFDQ87CA,,210.62,住宅、樓梯間,鋼筋混凝土造,108年6月3日,三層,一層 二層 三層 陽台 見其他登記事項
SPVNMLMKQHOFFDQ67CA,14,16.15,見其他登記事項,鋼筋混凝土造,94年8月15日,五層,三層
SPVNMLMKQHOFFDQ67CA,14,7.19,見其他登記事項,鋼筋混凝土造,94年8月15日,五層,
RPVNMLMKQHOFFDQ57CA,14,16.15,見其他登記事項,鋼筋混凝土造,94年8月15日,五層,二層
RPVNMLMKQHOFFDQ57CA,14,7.19,見其他登記事項,鋼筋混凝土造,94年8月15日,五層,
RPRNMLKLQHOFFBQ96DA,38,129.33,住家用,鋼筋混凝土加強磚造,70年7月1日,二層,一層 二層 騎樓 電梯樓梯間 廚房
RPTNMLMLQHOFFBQ27CA,53,923.02,工業用,鋼筋混凝土造,55年12月1日,二層,一層 二層 騎樓
RPXOMLPKQHOFFCQ08CA,43,115.60,住商用,鋼筋混凝土加強磚造,65年3月23日,二層,一層 二層 電梯樓梯間
RPQNMLLLQHOFFDQ07CA,20,132.56,集合住宅,鋼筋混凝土造,88年5月31日,三層,一層 二層 三層 陽台 雨遮
RPRNMLLJRHOFFCQ96CA,25,165.85,住商用,鋼筋混凝土造,83年8月8日,十一層,一層 二層 三層 騎樓 見其他登記事項
RPRNMLLJRHOFFCQ96CA,25,19.32,共有部分,鋼筋混凝土造,83年8月8日,十一層,
RPRNMLLJRHOFFCQ96CA,25,19.30,共有部分,鋼筋混凝土造,83年8月8日,十一層,
RPQNMLMKRHOFFCQ17DA,27,79.75,住家用,鋼筋混凝土造,81年11月30日,五層,五層 陽台
RPQNMLMKRHOFFCQ17DA,27,8.25,共有部分,鋼筋混凝土造,81年11月30日,地下層,
RPQNMLMKRHOFFCQ17DA,27,6.94,共有部分,鋼筋混凝土造,81年11月30日,五層,
RPTNMLMLQHOFFDQ47CA,14,19.73,見其他登記事項,鋼筋混凝土造,94年2月4日,五層,五層
RPTNMLMLQHOFFDQ47CA,14,7.22,見其他登記事項,鋼筋混凝土造,94年2月4日,五層,
RPXNMLTKQHOFFEQ58CA,21,44.60,防空避難室兼停車空間、梯間、機械室、水箱、車道、門廊、管理員室。　,鋼筋混凝土造,87年7月17日,八層,
RPXNMLTKQHOFFEQ58CA,21,96.09,住家用,鋼筋混凝土造,87年7月17日,八層,八層 陽台 雨遮
RPVNMLMJRHOFFEQ67CA,,175.90,住宅、樓梯間,鋼筋混凝土構造,108年5月6日,三層,一層 二層 三層 陽台 屋頂突出物
RPUNMLMLQHOFFDQ57CA,38,101.20,住商用,鋼筋混凝土加強磚造,70年6月12日,二層,一層 二層 騎樓
RPTNMLKMQHOFFCQ27CA,6,193.60,住宅、停車空間,鋼筋混凝土造,102年10月29日,三層,一層 二層 三層 陽台
RPPNMLRKQHOFFCQ37CA,22,166.74,集合住宅．停車空間,鋼筋混凝土造,86年11月18日,四層,一層 二層 三層 四層 見其他登記事項
RPTNMLQKQHOFFDQ77CA,13,174.44,店舖、停車空間、住宅、樓梯間,鋼筋混凝土造,96年1月12日,三層,一層 二層 三層 陽台 見其他登記事項
RPROMLKMQHOFFBQ07CA,34,173.49,住家用,鋼筋混凝土造,74年10月10日,二層,一層 二層 騎樓 電梯樓梯間
RPVNMLQKQHOFFDQ97CA,14,16.15,見其他登記事項,鋼筋混凝土造,94年8月15日,五層,三層
RPVNMLQKQHOFFDQ97CA,14,7.19,見其他登記事項,鋼筋混凝土造,94年8月15日,五層,
RPSNMLKLQHOFFDQ17CA,,256.31,住家用,鋼筋混凝土造,108年5月17日,四層,一層 二層 三層 四層 陽台
RPUNMLKLQHOFFDQ37CA,,256.31,住家用,鋼筋混凝土造,108年5月17日,四層,一層 二層 三層 四層 陽台
RPRNMLKLQHOFFDQ07CA,,256.31,住家用,鋼筋混凝土造,108年5月17日,四層,一層 二層 三層 四層 陽台
RPTNMLKLQHOFFDQ27CA,,256.31,住家用,鋼筋混凝土造,108年5月17日,四層,一層 二層 三層 四層 陽台
RPXNMLKKRHOFFCQ57CA,41,885.03,工業用,見其他登記事項,67年11月29日,一層,一層
RPROMLKLQHOFFDQ17CA,,233.81,住家用,鋼筋混凝土造,108年5月17日,四層,一層 二層 三層 四層 陽台
RPWNMLKLQHOFFDQ57CA,,207.45,住家用,鋼筋混凝土造,108年5月17日,三層,一層 二層 三層 陽台 見其他登記事項
RPVNMLKLQHOFFDQ47CA,,233.81,住家用,鋼筋混凝土造,108年5月17日,四層,一層 二層 三層 四層 陽台
RPXNMLOJRHOFFDQ97CA,42,102.45,住家用,鋼筋混凝土加強磚造,66年10月26日,二層,一層 二層
RPXNMLKLQHOFFDQ67CA,,207.45,住家用,鋼筋混凝土造,108年5月17日,三層,一層 二層 三層 陽台 見其他登記事項
RPOOMLKLQHOFFDQ86CA,,233.81,住家用,鋼筋混凝土造,108年5月17日,四層,一層 二層 三層 四層 陽台
RPPOMLKLQHOFFDQ96CA,,207.45,住家用,鋼筋混凝土造,108年5月17日,三層,一層 二層 三層 陽台 見其他登記事項
RPQOMLKLQHOFFDQ07CA,,210.61,住家用,鋼筋混凝土造,108年5月17日,三層,一層 二層 三層 陽台 見其他登記事項
RPPNMLKMQHOFFEQ07CA,26,33.90,住家用,鋼筋混凝土造,82年4月1日,十八層,十三層 陽台
RPPNMLKMQHOFFEQ07CA,26,1.75,守衛室．健身房．游泳池．防空避難室兼停車場,鋼筋混凝土造,82年4月1日,,
RPPNMLKMQHOFFEQ07CA,26,6.62,梯間,鋼筋混凝土造,82年4月1日,十八層,
RPSNMLLLQHOFFDQ27CA,31,118.92,住家用,鋼筋混凝土加強磚造,77年5月9日,二層,一層 二層 電梯樓梯間
RPSNMLKLQHOFFBQ96CA,1,209.72,住家用,鋼筋混凝土造,107年2月13日,四層,一層 二層 三層 四層 見其他登記事項
RPSOMLPJRHOFFDQ67CA,38,132.60,住家用,加強磚造,70年2月1日,二層,一層 二層
RPPNMLLLQHOFFBQ76CA,40,194.08,住商用,鋼筋混凝土造,68年12月18日,三層,一層 二層 三層 電梯樓梯間
RPPNMLKLQHOFFDQ96DA,35,115.15,住家用,鋼筋混凝土加強磚造,73年5月26日,二層,一層 二層 電梯樓梯間
RPVNMLLLQHOFFDQ67DA,40,109.98,住家用,鋼筋混凝土加強磚造,69年1月14日,二層,一層 二層
RPTNMLKKRHOFFBQ07CA,14,16.03,住家用,鋼筋混凝土造,94年10月3日,十層,二層 陽台
RPTNMLKKRHOFFBQ07CA,14,.10,管理委員會使用空間,鋼筋混凝土造,94年10月3日,十層,
RPTNMLKKRHOFFBQ07CA,14,8.47,機電設備空間、停車空間、樓梯間、走廊、機械室、水塔,鋼筋混凝土造,94年10月3日,十層,
RPRNMLMKRHOFFBQ07CA,40,100.88,住家用,鋼筋混凝土加強磚造,68年2月6日,二層,一層 二層
RPPNMLKKRHOFFBQ66CA,26,113.41,住商用,鋼筋混凝土造,82年6月3日,三層,一層 二層 三層
RPVNMLKMQHOFFBQ37CA,38,94.40,住家用,鋼筋混凝土加強磚造,70年5月22日,二層,一層 二層
RPQNMLNJRHOFFCQ07CA,31,128.02,住家用,加強磚造,77年7月12日,二層,一層 二層 電梯樓梯間
RPPNMLLMQHOFFDQ07CA,21,124.21,住家用,鋼筋混凝土造,87年11月24日,三層,一層 二層 三層 陽台 平台
RPUNMLLLQHOFFDQ47CA,22,57.66,住房、集合住宅,鋼筋混凝土造,86年6月23日,六層,五層 陽台
RPUNMLLLQHOFFDQ47CA,22,9.92,見其他登記事項,鋼筋混凝土造,86年6月23日,七層,
RPUNMLLLQHOFFDQ47CA,22,9.51,樓梯間、機械室、水箱,鋼筋混凝土造,86年6月23日,七層,
RPTNMLMJRHOFFEQ47CA,,175.90,住宅、樓梯間,鋼筋混凝土構造,108年5月6日,三層,一層 二層 三層 陽台 屋頂突出物
RPQNMLQJRHOFFEQ57CA,5,161.14,住家用,鋼筋混凝土造,103年12月22日,四層,一層 二層 三層 四層 陽台
RPVNMLRLQHOFFDQ18CA,14,248.11,住商用,鋼筋混凝土造,94年9月2日,四層,一層 二層 三層 四層 陽台
RPQNMLMLQHOFFDQ17CA,41,70.31,住家用,鋼筋混凝土加強磚造,68年1月15日,二層,一層 二層
RPUNMLLKRHOFFDQ47CA,37,124.04,住家用,鋼筋混凝土加強磚造,71年8月12日,三層,一層 二層 三層 騎樓
RPVNMLTJRHOFFCQ18CA,14,167.22,住家用,鋼筋混凝土造,94年6月23日,三層,一層 二層 三層 電梯樓梯間 見其他登記事項
RPPNMLOLQHOFFCQ17CA,40,103.38,住商用,鋼筋混凝土加強磚造,68年12月31日,二層,一層 二層 騎樓 電梯樓梯間
RPQNMLOJRHOFFBQ07CA,32,129.97,住家用,鋼筋混凝土加強磚造,76年12月17日,二層,一層 二層 騎樓 電梯樓梯間
RPQNMLQLQHOFFEQ87EA,24,132.04,住家用,鋼筋混凝土造,84年7月5日,三層,一層 二層 三層 陽台 電梯樓梯間
RPQNMLQLQHOFFEQ87EA,24,45.09,避難室,鋼筋混凝土造,84年7月5日,,
RPTNMLQLQHOFFCQ97EA,38,113.75,住商用,鋼筋混凝土加強磚造,70年9月12日,二層,一層 二層 騎樓 電梯樓梯間
RPXNMLQKRHOFFDQ28CA,2,191.02,住宅類場所,鋼筋混凝土造,106年10月7日,四層,一層 二層 三層 四層 陽台 雨遮
RPWNMLQKRHOFFDQ18CA,2,191.02,住宅類場所,鋼筋混凝土造,106年10月7日,四層,一層 二層 三層 四層 陽台 雨遮
RPVNMLNLQHOFFCQ87EA,38,128.75,住家用,鋼筋混凝土加強磚造,70年4月7日,三層,一層 二層 三層
RPQNMLQLQHOFFBQ37CA,28,120.86,住家用,鋼筋混凝土造,80年2月26日,三層,一層 二層 三層
RPQNMLNLQHOFFEQ47DA,27,141.90,農舍,木造,81年8月20日,一層,一層
RPVNMLMLQHOFFCQ57CA,1,170.56,住家用,鋼筋混凝土造,107年12月20日,四層,一層 二層 三層 四層 見其他登記事項
RPWNMLMLQHOFFCQ67CA,1,75.82,住家用,鋼筋混凝土造,107年12月20日,四層,一層 二層 三層 四層 見其他登記事項
RPWNMLMLQHOFFCQ67CA,1,75.82,住家用,鋼筋混凝土造,107年12月20日,四層,一層 二層 三層 四層 見其他登記事項
RPPNMLMJRHOFFCQ86CA,12,232.04,住宅、停車空間,鋼筋混凝土造,96年7月19日,四層,一層 二層 三層 四層 見其他登記事項
RPRPMLTLQHOFFCQ08CA,1,193.14,住家用,鋼筋混凝土造,107年9月4日,二層,一層 二層 見其他登記事項
RPQNMLLMQHOFFDQ17CA,9,178.85,住家用,鋼筋混凝土造,99年2月2日,三層,一層 二層 三層 陽台 雨遮
RPVNMLMLQHOFFDQ67CA,3,252.96,住家用,鋼筋混凝土造,105年8月2日,四層,一層 二層 三層 四層 陽台 見其他登記事項
RPWNMLMLQHOFFDQ77CA,1,163.60,住家用,鋼筋混凝土造,108年1月9日,三層,一層 二層 三層 見其他登記事項
RPVNMLNLQHOFFDQ77CA,14,15.37,見其他登記事項,鋼筋混凝土造,94年8月15日,五層,一層
RPVNMLNLQHOFFDQ77CA,14,6.84,見其他登記事項,鋼筋混凝土造,94年8月15日,五層,
SPVNMLNLQHOFFDQ87CA,14,15.37,見其他登記事項,鋼筋混凝土造,94年8月15日,五層,三層
SPVNMLNLQHOFFDQ87CA,14,6.84,見其他登記事項,鋼筋混凝土造,94年8月15日,五層,
RPRNMLNLQHOFFBQ27DA,4,222.84,住宅、樓梯間,鋼筋混凝土造,104年3月19日,三層,一層 二層 三層 陽台 見其他登記事項
RPOOMLMKRHOFFEQ17CA,12,165.76,住宅、樓梯間,鋼筋混凝土、鋼骨構造,96年8月20日,一層,一層 屋頂突出物
RPTNMLSLQHOFFEQ18CA,41,85.24,住家用,鋼筋混凝土加強磚造,68年1月12日,二層,一層 二層
RPRNMLQLQHOFFDQ67CA,13,155.61,住家用,鋼筋混凝土造,95年4月27日,三層,一層 二層 三層 陽台 電梯樓梯間
RPWNMLQLQHOFFDQ18CA,14,15.37,見其他登記事項,鋼筋混凝土造,94年8月15日,五層,二層
RPWNMLQLQHOFFDQ18CA,14,6.84,見其他登記事項,鋼筋混凝土造,94年8月15日,五層,
SPWNMLSLQHOFFDQ48CA,14,15.37,見其他登記事項,鋼筋混凝土造,94年8月15日,五層,一層
SPWNMLSLQHOFFDQ48CA,14,6.84,見其他登記事項,鋼筋混凝土造,94年8月15日,五層,
RPWNMLSLQHOFFDQ38CA,14,15.37,見其他登記事項,鋼筋混凝土造,94年8月15日,五層,一層
RPWNMLSLQHOFFDQ38CA,14,6.84,見其他登記事項,鋼筋混凝土造,94年8月15日,五層,
RPSNMLQKRHOFFCQ67CA,36,80.12,住家用,鋼筋混凝土加強磚造,72年9月15日,二層,一層 二層
RPSNMLQJRHOFFBQ47CA,,417.57,住宅、住宅（附屬機房）,鋼筋混凝土造,107年10月23日,五層,一層 二層 三層 四層 五層 陽台 雨遮 見其他登記事項
RPSNMLQJRHOFFBQ47CA,,1.13,本共有部分之項目有電信室、郵務室、警衛室、廁所、噴灌機房、垃圾貯存室及雨遮等七項。,鋼筋混凝土造,107年10月23日,一層,
RPTNMLQJRHOFFBQ57CA,,286.91,住宅、住宅（附屬機房）,鋼筋混凝土造,107年10月23日,四層,一層 二層 三層 四層 陽台 雨遮 屋簷 見其他登記事項
RPTNMLQJRHOFFBQ57CA,,1.13,本共有部分之項目有電信室、郵務室、警衛室、廁所、噴灌機房、垃圾貯存室及雨遮等七項。,鋼筋混凝土造,107年10月23日,一層,
RPQNMLQKRHOFFCQ47CA,1,299.37,住宅、店舖、門廊,鋼筋混凝土造,107年9月4日,二層,一層 二層 見其他登記事項
RPRNMLQKRHOFFCQ57CA,43,82.30,住家用,鋼筋混凝土加強磚造,65年3月1日,二層,一層 二層
RPUNMLQLQHOFFCQ87CA,42,126.28,住家用,鋼筋混凝土加強磚造,66年9月1日,二層,一層 二層 騎樓
RPRNMLLKRHOFFBQ96CA,12,212.16,集合住宅,鋼筋混凝土造,96年6月28日,四層,一層 二層 三層 四層 見其他登記事項
RPSNMLQLQHOFFDQ87DA,,178.66,停車空間、住宅,鋼筋混凝土造,108年4月11日,三層,一層 二層 三層 陽台 見其他登記事項
RPPNMLSLQHOFFCQ77EA,39,100.31,住家用,鋼筋混凝土加強磚造,69年5月6日,二層,一層 二層 騎樓
RPQNMLKMQHOFFBQ86CA,40,120.81,住家用,加強磚造,68年10月15日,二層,一層 二層
SPQNMLKMQHOFFBQ96CA,40,125.65,住家用,鋼筋混凝土加強磚造,68年4月26日,二層,一層 二層 騎樓
RPQNMLMJRHOFFCQ96CA,28,226.24,住家用,鋼筋混凝土造,80年6月7日,四層,一層 二層 三層 四層 地下層 見其他登記事項
RPQNMLMJRHOFFCQ96CA,28,33.33,共有部分,鋼筋混凝土造,80年6月7日,地下層,
RPTNMLRKRHOFFCQ87CA,4,211.43,住家用,鋼筋混凝土造,104年8月13日,四層,一層 二層 三層 四層 見其他登記事項
RPWNMLTLQHOFFDQ48CA,26,186.81,住商用,鋼筋混凝土造,82年9月7日,三層,一層 二層 三層 陽台 電梯樓梯間
RPUOMLOJRHOFFDQ77CA,27,92.92,住家用,鋼筋混凝土加強磚造,81年6月29日,二層,一層 二層 陽台 平台 電梯樓梯間
SPSNMLRLQHOFFDQ97CA,14,16.15,見其他登記事項,鋼筋混凝土造,94年8月15日,五層,三層
SPSNMLRLQHOFFDQ97CA,14,7.19,見其他登記事項,鋼筋混凝土造,94年8月15日,五層,
RPRNMLRLQHOFFDQ77CA,14,16.15,見其他登記事項,鋼筋混凝土造,94年8月15日,五層,三層
RPRNMLRLQHOFFDQ77CA,14,7.19,見其他登記事項,鋼筋混凝土造,94年8月15日,五層,
RPSNMLRLQHOFFDQ87CA,14,16.15,見其他登記事項,鋼筋混凝土造,94年8月15日,五層,三層
RPSNMLRLQHOFFDQ87CA,14,7.19,見其他登記事項,鋼筋混凝土造,94年8月15日,五層,
RPPNMLTJRHOFFEQ77CA,5,201.99,住家用,鋼筋混凝土造,103年12月22日,四層,一層 二層 三層 四層 陽台
RPUNMLMJRHOFFEQ57CA,,174.02,住宅、樓梯間,鋼筋混凝土構造,108年5月6日,三層,一層 二層 三層 陽台 屋頂突出物
RPXNMLRLQHOFFDQ38CA,14,16.15,見其他登記事項,鋼筋混凝土造,94年8月15日,五層,一層
RPXNMLRLQHOFFDQ38CA,14,7.19,見其他登記事項,鋼筋混凝土造,94年8月15日,五層,
SPXNMLRLQHOFFDQ48CA,14,16.15,見其他登記事項,鋼筋混凝土造,94年8月15日,五層,一層
SPXNMLRLQHOFFDQ48CA,14,7.19,見其他登記事項,鋼筋混凝土造,94年8月15日,五層,
TPXNMLRLQHOFFDQ58CA,14,16.15,見其他登記事項,鋼筋混凝土造,94年8月15日,五層,一層
TPXNMLRLQHOFFDQ58CA,14,7.19,見其他登記事項,鋼筋混凝土造,94年8月15日,五層,
RPQNMLTLQHOFFDQ87CA,1,178.57,住宅、樓梯間,鋼筋混凝土造,107年5月17日,三層,一層 二層 三層 陽台 見其他登記事項
RPVNMLTLQHOFFDQ38CA,25,27.69,共有部分,鋼筋混凝土造,83年6月20日,,
RPVNMLTLQHOFFDQ38CA,25,175.20,住家用,鋼筋混凝土造,83年6月20日,四層,一層 二層 三層 四層 地下層 見其他登記事項
RPVNMLQKRHOFFDQ08CA,2,190.74,住宅類場所,鋼筋混凝土造,106年10月7日,四層,一層 二層 三層 四層 陽台 雨遮
RPUNMLQKRHOFFDQ97CA,2,191.02,住宅類場所,鋼筋混凝土造,106年10月7日,四層,一層 二層 三層 四層 陽台 雨遮
RPSNMLSKRHOFFCQ87CA,6,253.26,住宅、停車空間、店舖、機電空間,鋼筋混凝土造,102年6月4日,四層,一層 二層 三層 四層 見其他登記事項 見其他登記事項
RPTNMLQKRHOFFDQ87CA,2,191.02,住宅類場所,鋼筋混凝土造,106年10月7日,四層,一層 二層 三層 四層 陽台 雨遮
RPUNMLSKRHOFFCQ08CA,,4176.00,廠房,鋼骨構造,107年2月12日,一層,一層
RPUNMLSKRHOFFCQ08CA,,3448.49,廠房,鋼骨構造,107年2月12日,一層,一層
RPRNMLPJRHOFFCQ37CA,1,160.39,住家用,鋼筋混凝土造,107年9月4日,二層,一層 二層 見其他登記事項
RPWNMLKKRHOFFCQ47CA,38,223.22,住家用,鋼筋混凝土加強磚造,70年12月28日,二層,一層 二層 陽台 電梯樓梯間
RPTNMLQJRHOFFCQ67CA,36,61.08,集合住宅,鋼筋混凝土造,72年3月12日,五層,五層
RPTNMLQJRHOFFCQ67CA,36,.03,共有部分,鋼筋混凝土造,72年3月12日,五層,
RPTNMLQJRHOFFCQ67CA,36,.25,集合住宅,鋼筋混凝土造,72年3月12日,五層,一層
RPTNMLQJRHOFFCQ67CA,36,7.92,共有部分,鋼筋混凝土造,72年3月12日,五層,
RPRNMLSLQHOFFBQ67CA,15,18.19,住家用,鋼筋混凝土造,94年1月3日,五層,三層 陽台
RPRNMLSLQHOFFBQ67CA,15,2.72,走廊,鋼筋混凝土造,94年1月3日,五層,
RPRNMLSLQHOFFBQ67CA,15,1.79,梯廳、樓電梯室、消防泵浦、電信室、梯間,鋼筋混凝土造,94年1月3日,五層,
RPVOMLSLQHOFFCQ28CA,1,164.49,住家用,鋼筋混凝土造,107年12月20日,四層,一層 二層 三層 四層 見其他登記事項
RPWOMLSLQHOFFCQ38CA,1,168.95,住家用,鋼筋混凝土造,107年12月20日,四層,一層 二層 三層 四層 見其他登記事項
RPPNMLQLRHOFFCQ57DA,27,83.63,住家用,鋼筋混凝土造,81年11月30日,五層,五層 陽台
RPPNMLQLRHOFFCQ57DA,27,8.46,共有部分,鋼筋混凝土造,81年11月30日,地下層,
RPPNMLQLRHOFFCQ57DA,27,6.94,共有部分,鋼筋混凝土造,81年11月30日,五層,
RPTOMLSLQHOFFCQ28EA,26,14.24,共有部分,鋼筋混凝土造,82年2月17日,五層,
RPTOMLSLQHOFFCQ28EA,26,104.46,集合住宅,鋼筋混凝土造,82年2月17日,五層,五層
RPWNMLRLQHOFFDQ38DA,,51.24,集合住宅,鋼筋混凝土造,108年2月23日,八層,七層 陽台
RPWNMLRLQHOFFDQ38DA,,62.24,本共有之項目有停車空間、機械設備空間、水箱、台電配電室、防空避難室、門廳、管委會使用空間、樓梯間、水錶室、機械室等１０項。,鋼筋混凝土造,108年2月23日,八層,
RPRNMLKMQHOFFDQ27DA,1,247.43,住家用,鋼筋混凝土造,107年3月14日,四層,一層 二層 三層 四層 陽台
RPPNMLTLQHOFFEQ08EA,38,104.82,住家用,鋼筋混凝土加強磚造,70年9月15日,二層,一層 二層 電梯樓梯間
RPPNMLNJRHOFFDQ17DA,39,88.82,住家用,鋼筋混凝土加強磚造,69年4月1日,二層,一層 二層
RPPNMLQJRHOFFBQ17CA,,240.14,住宅、住宅（附屬機房）,鋼筋混凝土造,107年10月23日,四層,一層 二層 三層 四層 陽台 雨遮 屋簷 見其他登記事項
RPPNMLQJRHOFFBQ17CA,,1.13,本共有部分之項目有電信室、郵務室、警衛室、廁所、噴灌機房、垃圾貯存室及雨遮等七項。,鋼筋混凝土造,107年10月23日,一層,
RPXNMLTJRHOFFBQ28CA,46,65.67,住家用,鋼筋混凝土加強磚造,62年4月15日,一層,一層
RPOOMLTJRHOFFCQ57CA,8,362.56,住家用,鋼筋混凝土造,100年3月22日,三層,一層 二層 三層 見其他登記事項
RPPNMLQJRHOFFCQ27CA,36,160.76,住家用,鋼筋混凝土加強磚造,72年3月2日,二層,一層 二層 騎樓 電梯樓梯間
RPTPMLTLQHOFFCQ28CA,25,202.32,住家用,鋼筋混凝土造,83年5月23日,三層,一層 二層 三層 電梯樓梯間
RPTNMLSKRHOFFCQ97CA,37,89.64,住家用,鋼筋混凝土加強磚造,71年6月22日,二層,一層 二層 電梯樓梯間
RPRNMLMKRHOFFCQ17CA,1,150.53,住家用,鋼筋混凝土造,107年9月4日,二層,一層 二層 見其他登記事項
RPPOMLKMQHOFFDQ07CA,13,469.36,店舖、住宅、停車空間、樓梯間,鋼筋混凝土造,96年2月8日,四層,一層 二層 三層 四層 見其他登記事項 見其他登記事項
RPTNMLTLQHOFFDQ18CA,18,11024.67,機房、停車空間、作業廠房、水箱、樓梯,鋼筋混凝土造,90年11月20日,三層,一層 二層 三層 陽台 雨遮 地下一層 見其他登記事項
RPPNMLOKRHOFFEQ37CA,3,40.00,農業資材室,鋼骨構造,105年3月17日,一層,一層
RPQNMLMJRHOFFDQ07CA,18,41.54,住家用,見其他登記事項,90年12月13日,一層,一層
RPWNMLSKRHOFFCQ28CA,,6669.65,廠房,鋼骨構造,107年4月16日,一層,一層
RPXNMLNLRHOFFCQ97CA,,3306.42,工廠、辦公室、機電設備空間,鐵骨構造,107年12月20日,一層,一層
RPSNMLKMQHOFFDQ27CA,,162.16,停車空間、住宅,鋼筋混凝土造,108年4月11日,三層,一層 二層 三層 陽台
RPVNMLKKRHOFFDQ47CA,13,173.72,店舖、停車空間、住宅、樓梯間,鋼筋混凝土造,96年1月12日,三層,一層 二層 三層 陽台 見其他登記事項
RPPNMLLKRHOFFDQ96CA,23,167.66,住家用,鋼筋混凝土造,85年10月15日,四層,一層 二層 三層 四層 陽台 平台 雨遮
RPSNMLQJRHOFFCQ57CA,20,109.14,住家用,鋼筋混凝土造,88年3月3日,九層,三層 陽台
RPSNMLQJRHOFFCQ57CA,20,29.78,共有部分,鋼筋混凝土造,88年3月3日,九層,
RPVNMLKKRHOFFCQ37CA,25,293.48,農舍,鋼造,83年8月25日,二層,一層 二層
RPRNMLNJRHOFFCQ37EA,37,95.88,住家用,鋼筋混凝土加強磚造,71年6月22日,二層,一層 二層 電梯樓梯間
RPSNMLPJRHOFFDQ67DA,12,162.54,住家用,鋼筋混凝土造,96年3月3日,三層,一層 二層 三層 陽台
RPUNMLKMQHOFFCQ37CA,2,306.61,住家用,鋼筋混凝土造,106年12月1日,二層,一層 二層 見其他登記事項
RPTNMLMJRHOFFCQ27CA,,273.73,住家用,鋼骨構造,108年3月27日,四層,一層 二層 三層 四層 見其他登記事項
RPPNMLQKRHOFFCQ37CA,36,80.12,住家用,鋼筋混凝土加強磚造,72年9月15日,二層,一層 二層
RPPNMLMJRHOFFDQ96CA,40,111.80,住商用,鋼筋混凝土加強磚造,68年12月17日,二層,一層 二層 騎樓 電梯樓梯間 夾層
RPRNMLRKRHOFFEQ87CA,39,114.91,住家用,鋼筋混凝土加強磚造,69年12月1日,二層,一層 二層 騎樓 電梯樓梯間
RPUNMLNJRHOFFDQ57CA,,233.81,住家用,鋼筋混凝土造,108年2月22日,四層,一層 二層 三層 四層 見其他登記事項
RPPOMLOJRHOFFDQ27CA,13,220.14,住宅、停車空間,鋼筋混凝土造,95年11月17日,三層,一層 二層 三層 陽台
RPPOMLKKRHOFFDQ96CA,20,163.29,住商用,鋼筋混凝土造,88年6月11日,三層,一層 二層 三層 陽台 電梯樓梯間
RPQNMLPJRHOFFCQ27CA,26,228.42,住家用,鋼筋混凝土造,82年12月16日,三層,一層 二層 三層 電梯樓梯間 見其他登記事項
RPSNMLKKRHOFFBQ96CA,14,16.03,住家用,鋼筋混凝土造,94年10月3日,十層,二層 陽台
RPSNMLKKRHOFFBQ96CA,14,.10,管理委員會使用空間,鋼筋混凝土造,94年10月3日,十層,
RPSNMLKKRHOFFBQ96CA,14,8.47,機電設備空間、停車空間、樓梯間、走廊、機械室、水塔,鋼筋混凝土造,94年10月3日,十層,
RPTNMLKLRHOFFDQ37CA,23,174.30,住家用,鋼筋混凝土造,85年10月15日,四層,一層 二層 三層 四層 見其他登記事項
RPPNMLMLRHOFFDQ17CA,34,85.38,住家用,鋼筋混凝土加強磚造,74年4月20日,二層,一層 二層 電梯樓梯間
RPWNMLKLRHOFFCQ57CA,39,101.78,住家用,鋼筋混凝土加強磚造,70年2月1日,二層,一層 二層
RPPNMLOJRHOFFCQ27EA,26,183.04,住家用,鋼筋混凝土造,82年10月4日,三層,一層 二層 三層 電梯樓梯間 見其他登記事項
RPPNMLOKRHOFFBQ07CA,13,19.19,住家用,鋼筋混凝土造,95年8月28日,八層,三層 陽台
RPPNMLOKRHOFFBQ07CA,13,4.61,共有部分,鋼筋混凝土造,95年8月28日,,
RPPNMLOKRHOFFBQ07CA,13,7.43,共有部分,鋼筋混凝土造,95年8月28日,,
RPQNMLPJRHOFFBQ17CA,26,129.36,住家用,鋼筋混凝土造,82年8月4日,三層,一層 二層 三層 夾層
RPTNMLRJRHOFFCQ77CA,17,100.16,集合住宅,鋼筋混凝土造,91年7月25日,五層,四層 陽台 雨遮
RPTNMLRJRHOFFCQ77CA,17,14.17,梯間、機械室、水箱,鋼筋混凝土造,91年7月25日,五層,
RPTNMLRJRHOFFCQ77CA,17,33.34,停車空間,鋼筋混凝土造,91年7月25日,五層,
RPRNMLQJRHOFFCQ47CA,54,84.25,住家用,見使用執照,54年12月5日,三層,一層 二層 三層
RPRNMLRKRHOFFDQ77CA,3,233.75,住家用,鋼筋混凝土造,105年5月24日,三層,一層 二層 三層 陽台
RPRNMLOJRHOFFDQ37CA,,178.35,停車空間、住宅,鋼筋混凝土造,108年4月11日,三層,一層 二層 三層 陽台 見其他登記事項
RPWNMLOJRHOFFDQ87CA,32,47.60,住家用,鋼筋混凝土加強磚造,76年4月2日,二層,一層 二層 陽台
RPWNMLOJRHOFFDQ87CA,32,47.60,住家用,鋼筋混凝土加強磚造,76年4月2日,二層,一層 二層 陽台
RPUNMLPJRHOFFDQ77CA,,155.92,住家用,鋼筋混凝土造,108年3月26日,三層,一層 二層 三層 見其他登記事項
RPWNMLPJRHOFFDQ97CA,,155.92,住家用,鋼筋混凝土造,108年3月26日,三層,一層 二層 三層 見其他登記事項
RPVNMLPJRHOFFDQ87CA,,165.11,住宅、樓梯間,鋼筋混凝土造,108年3月26日,三層,一層 二層 三層 見其他登記事項 見其他登記事項
RPWNMLQJRHOFFBQ97DA,13,19.19,住家用,鋼筋混凝土造,95年8月28日,八層,四層 陽台
RPWNMLQJRHOFFBQ97DA,13,19.19,住家用,鋼筋混凝土造,95年8月28日,八層,四層 陽台
RPWNMLQJRHOFFBQ97DA,13,4.61,共有部分,鋼筋混凝土造,95年8月28日,,
RPWNMLQJRHOFFBQ97DA,13,7.43,共有部分,鋼筋混凝土造,95年8月28日,,
RPWNMLQJRHOFFBQ97DA,13,4.61,共有部分,鋼筋混凝土造,95年8月28日,,
RPWNMLQJRHOFFBQ97DA,13,7.43,共有部分,鋼筋混凝土造,95年8月28日,,
RPSNMLQLRHOFFCQ77CA,22,166.74,集合住宅．停車空間,鋼筋混凝土造,86年11月18日,四層,一層 二層 三層 四層 見其他登記事項
RPPNMLPKRHOFFEQ47CA,1,199.03,住宅,鋼筋混凝土造,107年2月22日,四層,一層 二層 三層 四層 陽台
RPXNMLPJRHOFFDQ08CA,,171.19,住宅、樓梯間,鋼筋混凝土造,108年3月26日,三層,一層 二層 三層 見其他登記事項 見其他登記事項
RPOOMLPJRHOFFDQ27CA,,171.00,住宅、樓梯間,鋼筋混凝土造,108年3月26日,三層,一層 二層 三層 見其他登記事項 見其他登記事項
RPPNMLPJRHOFFDQ27CA,29,217.02,農舍,鋼筋混凝土造,79年11月8日,三層,一層 二層 三層
RPUNMLKLRHOFFDQ47CA,38,132.23,住商用,鋼筋混凝土加強磚造,70年10月17日,三層,一層 二層 三層 騎樓 電梯樓梯間
RPRNMLQLRHOFFDQ77CA,27,167.27,住商用,鋼筋混凝土造,82年2月26日,四層,一層 二層 三層 四層 陽台
RPTNMLRLRHOFFDQ08CA,38,136.41,住家用,鋼筋混凝土加強磚造,70年6月20日,二層,一層 二層 陽台 平台 電梯樓梯間
RPUNMLSLRHOFFDQ28CA,2,133.08,集合住宅,鋼筋混凝土造,106年4月21日,十五層,四層 陽台 雨遮
RPUNMLSLRHOFFDQ28CA,2,20.71,本共有之項目有公共服務空間、管委會使用空間、防災中心、大廳、迴廊、頂蓋型開放空間、車道、機車停車空間、台電配電室﹝一﹞﹝二﹞﹝三﹞、排風機房、守衛室、垃圾儲藏室、垃圾車暫停區、緊急發電機室、泳池機房、泳池水箱、公共水箱、雨水蓄留機房、儲藏室、消防泵浦、汙水機房、採光井﹝上方投影﹞、電信室、地下一層車位﹝２３１、２３２﹞等２６項　,鋼筋混凝土造,106年4月21日,十六層,
RPUNMLSLRHOFFDQ28CA,2,34.07,本共有之項目有梯廳、梯廳兼排煙室、排煙室、Ａ棟水箱、水錶室、電錶室、垃圾暫存、樓梯間、電梯機房、水箱、消防水箱等１１項。,鋼筋混凝土造,106年4月21日,十五層,
RPUNMLSLRHOFFDQ28CA,2,29.87,本共有之項目有車道、防空避難室兼停車空間、停車空間等３項,鋼筋混凝土造,106年4月21日,十六層,
RPPNMLRJRHOFFCQ37CA,26,204.42,住商用,鋼筋混凝土造,83年1月5日,四層,一層 二層 三層 四層 見其他登記事項
RPQNMLTJRHOFFCQ67CA,25,202.56,住家用,鋼筋混凝土加強磚造,83年6月7日,二層,一層 二層 電梯樓梯間
RPVNMLQJRHOFFCQ87CA,3,196.31,住宅、樓梯間,鋼筋混凝土造,105年10月31日,三層,一層 二層 三層 見其他登記事項 見其他登記事項
RPWNMLQJRHOFFCQ97CA,24,157.02,住商用,鋼筋混凝土造,84年8月30日,三層,一層 二層 三層 騎樓 電梯樓梯間 見其他登記事項
RPPNMLTJRHOFFBQ47CA,46,48.30,商業用,鋼筋混凝土、補強磚木造,62年9月5日,一層,一層 騎樓
RPTNMLPJRHOFFCQ57CA,3,202.59,住宅、停車空間,鋼筋混凝土造,105年12月27日,四層,一層 二層 三層 四層 見其他登記事項
RPRNMLPJRHOFFDQ57DA,24,150.69,住家用,鋼筋混凝土造,84年8月25日,四層,一層 二層 三層 四層 陽台 電梯樓梯間
RPQNMLRJRHOFFCQ47CA,36,107.51,住家用,鋼筋混凝土加強磚造,72年6月20日,二層,一層 二層 騎樓 電梯樓梯間
RPWNMLOLRHOFFCQ97CA,3,192.51,住宅、樓梯間,鋼筋混凝土造,105年10月25日,三層,一層 二層 三層 見其他登記事項 見其他登記事項
RPSNMLNLRHOFFBQ37CA,,202.26,住宅、樓梯間、停車空間,鋼筋混凝土造,108年1月29日,三層,一層 二層 三層 陽台 屋頂突出物
RPQOMLNLRHOFFDQ47CA,25,101.74,集合住宅,鋼筋混凝土造,83年8月19日,七層,五層 陽台
RPQOMLNLRHOFFDQ47CA,25,21.52,防空避難室、樓梯間﹝共同使用﹞,鋼筋混凝土造,83年8月19日,七層,
RPQOMLNLRHOFFDQ47CA,25,10.90,停車場（共同使用）,鋼筋混凝土造,83年8月19日,七層,
RPUNMLPLRHOFFBQ77CA,13,15.06,住家用,鋼筋混凝土造,95年8月28日,八層,三層 陽台
RPUNMLPLRHOFFBQ77CA,13,5.78,共有部分,鋼筋混凝土造,95年8月28日,,
RPUNMLPLRHOFFBQ77CA,13,4.20,共有部分,鋼筋混凝土造,95年8月28日,,
RPRNMLRJRHOFFDQ67CA,1,220.89,住宅、樓梯間,鋼筋混凝土造,107年12月22日,三層,一層 二層 三層 陽台 見其他登記事項
RPROMLNLRHOFFDQ57CA,21,124.21,住家用,鋼筋混凝土造,87年11月24日,三層,一層 二層 三層 陽台 平台
RPRNMLQJRHOFFDQ57CA,,164.13,停車空間、住宅,鋼筋混凝土造,108年4月11日,三層,一層 二層 三層 陽台
RPQNMLRJRHOFFDQ57CA,1,192.14,住宅、樓梯間,鋼筋混凝土造,107年12月22日,三層,一層 二層 三層 陽台 見其他登記事項
RPSNMLQJRHOFFDQ67CA,14,145.57,住家用,鋼筋混凝土造,94年6月10日,三層,一層 二層 三層 見其他登記事項
RPQNMLKKRHOFFEQ07CA,22,109.73,住家用,鋼筋混凝土造,86年2月27日,三層,一層 二層 三層 陽台 電梯樓梯間
RPPNMLMKRHOFFCQ96CA,4,276.92,住宅、樓梯間,鋼筋混凝土造,104年11月25日,三層,一層 二層 三層 見其他登記事項 見其他登記事項
RPSNMLMKRHOFFEQ67EA,1,203.36,住宅、樓梯間,鋼筋混凝土造,107年8月2日,三層,一層 二層 三層 陽台 見其他登記事項
RPUNMLMKRHOFFCQ47CA,22,134.05,住家用,鋼筋混凝土造,86年8月8日,三層,一層 二層 三層 見其他登記事項
RPRNMLOKRHOFFCQ37CA,15,549.40,室內停車空間、住宅、陽台,鋼筋混凝土造,93年4月14日,四層,一層 二層 三層 四層 電梯樓梯間
RPVNMLKLRHOFFCQ47CA,48,50.47,住家用,木石磚造（磚石造）,61年1月15日,一層,一層 騎樓
RPUNMLPLRHOFFDQ97CA,2,105.91,集合住宅,鋼筋混凝土造,106年4月21日,十六層,十三層 陽台 雨遮
RPUNMLPLRHOFFDQ97CA,2,16.79,本共有之項目有公共服務空間、管委會使用空間、防災中心、大廳、迴廊、頂蓋型開放空間、車道、機車停車空間、台電配電室﹝一﹞﹝二﹞﹝三﹞、排風機房、守衛室、垃圾儲藏室、垃圾車暫停區、緊急發電機室、泳池機房、泳池水箱、公共水箱、雨水蓄留機房、儲藏室、消防泵浦、汙水機房、採光井﹝上方投影﹞、電信室、地下一層車位﹝２３１、２３２﹞等２６項　,鋼筋混凝土造,106年4月21日,十六層,
RPUNMLPLRHOFFDQ97CA,2,29.80,本共有之項目有梯廳、梯廳兼排煙室、排煙室、Ｃ棟水箱、水錶室、電錶室、垃圾暫存、樓梯間、電梯機房、水箱、消防水箱等１１項,鋼筋混凝土造,106年4月21日,十六層,
RPUNMLPLRHOFFDQ97CA,2,29.87,本共有之項目有車道、防空避難室兼停車空間、停車空間等３項,鋼筋混凝土造,106年4月21日,十六層,
RPSNMLLKRHOFFEQ37CA,29,120.29,住家用,加強磚造,79年3月2日,二層,一層 二層 電梯樓梯間
RPPNMLSLRHOFFEQ87CA,19,2271.01,畜牧設施,鋼鐵造、磚木造,89年12月1日,一層,一層
RPTNMLQLRHOFFCQ87CA,,177.63,住家用,鋼筋混凝土造,108年6月10日,三層,一層 二層 三層 見其他登記事項
RPUNMLQLRHOFFCQ97CA,,175.45,住家用,鋼筋混凝土造,108年6月10日,三層,一層 二層 三層 見其他登記事項
RPVNMLQLRHOFFCQ08CA,,175.45,住家用,鋼筋混凝土造,108年6月10日,三層,一層 二層 三層 見其他登記事項
RPWNMLQLRHOFFCQ18CA,,177.63,住家用,鋼筋混凝土造,108年6月10日,三層,一層 二層 三層 見其他登記事項
RPXNMLQLRHOFFCQ28CA,,176.37,住家用,鋼筋混凝土造,108年6月10日,三層,一層 二層 三層 見其他登記事項
RPVNMLMKRHOFFCQ57CA,17,65.83,集合住宅,鋼筋混凝土造,91年7月25日,五層,五層 陽台 雨遮
RPVNMLMKRHOFFCQ57CA,17,12.74,梯間、機械室、水箱,鋼筋混凝土造,91年7月25日,五層,
RPVNMLMKRHOFFCQ57CA,17,33.34,停車空間,鋼筋混凝土造,91年7月25日,五層,
RPQNMLLKRHOFFCQ96CA,24,167.11,住商用,鋼筋混凝土造,84年8月30日,三層,一層 二層 三層 騎樓 電梯樓梯間 見其他登記事項
RPTNMLMKRHOFFDQ57DA,20,88.09,集合住宅,鋼筋混凝土造,88年5月31日,五層,三層 陽台
RPTNMLMKRHOFFDQ57DA,20,10.94,樓梯間、機械室、水箱,鋼筋混凝土造,88年5月31日,五層,
RPTNMLMKRHOFFDQ57DA,20,.80,蓄水池,鋼筋混凝土造,88年5月31日,一層,
RPUNMLKKRHOFFCQ37DA,23,102.34,集合住宅,鋼筋混凝土造,85年5月17日,八層,四層 陽台 花台
RPUNMLKKRHOFFCQ37DA,23,18.91,共有部分,鋼筋混凝土造,85年5月17日,八層,
RPUNMLKKRHOFFCQ37DA,23,13.68,共有部分,鋼筋混凝土造,85年5月17日,八層,
RPUNMLKKRHOFFCQ37DA,23,.08,警衛室,鋼筋混凝土造,85年5月17日,八層,
RPRNMLRLRHOFFDQ87CA,24,64.71,集合住宅,鋼筋混凝土造,84年9月8日,十二層,八層 陽台 花台
RPRNMLRLRHOFFDQ87CA,24,13.69,防空避難室,鋼筋混凝土造,84年9月8日,十二層,
RPRNMLRLRHOFFDQ87CA,24,15.86,梯間,鋼筋混凝土造,84年9月8日,十二層,
RPQNMLMKRHOFFDQ17CA,12,223.46,集合住宅,鋼筋混凝土造,96年7月17日,四層,一層 二層 三層 四層 陽台
RPQNMLMKRHOFFDQ17CA,13,1.42,機械室、樓梯間、垃圾處理場、管理中心,鋼筋混凝土造,95年7月18日,三層,一層 二層 三層 地下層 見其他登記事項
RPQNMLMKRHOFFDQ17CA,13,.60,機械室、樓梯間,鋼筋混凝土造,95年7月18日,一層,地下層
RPQNMLMKRHOFFDQ17CA,13,1.04,機械室、樓梯間、開放空間、交誼室,鋼筋混凝土造,95年7月18日,四層,一層 二層 三層 四層 地下層 見其他登記事項
RPRNMLSKRHOFFDQ87CA,1,223.48,住宅、梯間,鋼筋混凝土造,107年5月23日,三層,一層 二層 三層 陽台 見其他登記事項
RPQOMLMJIIOFFDQ98CA,39,100.12,住家用,鋼筋混凝土加強磚造,69年3月24日,二層,一層 二層 電梯樓梯間
RPPNMLKMRHOFFEQ17CA,,210.13,停車空間、住宅、樓梯間,鋼筋混凝土造,108年4月10日,三層,一層 二層 三層 屋頂突出物
RPRNMLQKRHOFFDQ67CA,,162.16,停車空間、住宅,鋼筋混凝土造,108年4月11日,三層,一層 二層 三層 陽台
RPQNMLSKRHOFFDQ77CA,1,212.14,住宅、梯間,鋼筋混凝土造,107年5月23日,三層,一層 二層 三層 陽台 見其他登記事項
RPWNMLSKRHOFFDQ38CA,1,191.11,住家用,鋼筋混凝土,107年2月13日,三層,一層 二層 三層 陽台
RPWNMLSLRHOFFDQ48CA,24,227.60,住家用,鋼筋混凝土造,84年3月13日,三層,一層 二層 三層 見其他登記事項
RPRNMLSLRHOFFDQ97CA,3,186.19,住家用,鋼筋混凝土造,105年8月19日,三層,一層 二層 三層 陽台 見其他登記事項
RPQNMLQKRHOFFDQ67DA,1,247.43,住家用,鋼筋混凝土造,107年3月14日,四層,一層 二層 三層 四層 陽台
RPWNMLSKRHOFFBQ18CA,25,84.39,住家用,鋼筋混凝土造,83年9月10日,十二層,十一層 陽台
RPWNMLSKRHOFFBQ18CA,25,8.68,樓梯間,鋼筋混凝土造,83年9月10日,十二層,
RPWNMLSKRHOFFBQ18CA,25,24.14,防空避難室﹒停車空間,鋼筋混凝土造,83年9月10日,十三層,
RPQNMLKLRHOFFCQ96CA,39,472.22,住商用,鋼筋混凝土加強磚造,69年3月10日,三層,一層 二層 三層 電梯樓梯間
RPWNMLKMRHOFFBQ67DA,34,295.68,乾燥室,鋼骨造,74年7月27日,一層,一層
RPWNMLKMRHOFFBQ67DA,34,51.43,廚房,鋼筋混凝土加強磚造,74年7月27日,一層,一層
RPWNMLKMRHOFFBQ67DA,34,152.18,辦公室,鋼筋混凝土加強磚造,74年7月27日,一層,一層 防空避難室
RPWNMLKMRHOFFBQ67DA,38,1094.40,廠房,鋼鐵造,70年10月15日,一層,一層
RPRNMLPLRHOFFCQ57CA,26,158.90,住家用,鋼筋混凝土造,82年11月2日,三層,一層 二層 三層 電梯樓梯間 見其他登記事項
RPUNMLRKRHOFFDQ08CA,13,166.03,住家用,鋼筋混凝土造,95年5月12日,三層,一層 二層 三層 見其他登記事項
RPSNMLSKRHOFFDQ97CA,42,86.52,住家用,鋼筋混凝土加強磚造,66年9月26日,二層,一層 二層
RPSNMLPLRHOFFEQ87CA,,208.33,停車空間、住宅、樓梯間,鋼筋混凝土造,108年4月10日,三層,一層 二層 三層 屋頂突出物
RPVNMLSLRHOFFDQ38CA,41,92.14,住家用,鋼筋混凝土加強磚造,67年4月2日,二層,一層 二層
RPPNMLQJIIOFFBQ98CA,14,17.24,住家用,鋼筋混凝土造,94年10月3日,十層,三層 陽台
RPPNMLQJIIOFFBQ98CA,14,.11,管理委員會使用空間,鋼筋混凝土造,94年10月3日,十層,
RPPNMLQJIIOFFBQ98CA,14,9.11,機電設備空間、停車空間、樓梯間、走廊、機械室、水塔,鋼筋混凝土造,94年10月3日,十層,
RPSNMLMJIIOFFCQ98CA,,276.25,住家用,鋼筋混凝土造,108年5月15日,四層,一層 二層 三層 四層 見其他登記事項
RPRNMLPKIIOFFDQ76CA,20,87.78,集合住宅,鋼筋混凝土造,88年5月31日,五層,二層 陽台
RPRNMLPKIIOFFDQ76CA,20,10.93,樓梯間、機械室、水箱,鋼筋混凝土造,88年5月31日,五層,
RPRNMLPKIIOFFDQ76CA,20,.80,蓄水池,鋼筋混凝土造,88年5月31日,一層,
RPRNMLKLRHOFFDQ27DA,45,51.40,住家用,見使用執照,63年7月27日,一層,一層
RPRNMLLJIIOFFDQ88CA,26,126.96,住家用,鋼筋混凝土加強磚造,82年5月11日,二層,一層 二層 電梯樓梯間
RPSNMLMLRHOFFDQ47CA,1,195.52,住宅、樓梯間,鋼筋混凝土造,107年12月22日,三層,一層 二層 三層 陽台 見其他登記事項
RPXNMLOLRHOFFCQ08CA,38,109.77,住家用,鋼筋混凝土加強磚造,70年11月16日,二層,一層 二層 騎樓 電梯樓梯間
RPSNMLOLRHOFFBQ57DA,89,499.71,住商用,鋼筋混凝土加強磚造,19年6月15日,二層,一層 二層 騎樓
RPTNMLMLRHOFFDQ57CA,1,196.73,住宅、樓梯間,鋼筋混凝土造,107年12月22日,三層,一層 二層 三層 陽台 見其他登記事項
RPSNMLOLRHOFFBQ57DA,29,627.51,人行道、店舖、儲藏室,鐵骨造,79年7月31日,三層,一層 二層 三層 騎樓
RPTNMLPLRHOFFEQ97CA,,208.33,停車空間、住宅、樓梯間,鋼筋混凝土造,108年4月10日,三層,一層 二層 三層 屋頂突出物
RPPNMLSKRHOFFEQ77CA,38,105.12,住商用,鋼筋混凝土加強磚造,71年1月11日,二層,一層 二層 騎樓 電梯樓梯間
RPQNMLTJIIOFFCQ86CA,,203.13,住宅、樓梯間,鋼筋混凝土造,108年3月20日,三層,一層 二層 三層 見其他登記事項 見其他登記事項
RPRNMLPJIIOFFBQ56DA,44,61.80,住家用,磚造,64年8月8日,一層,一層
RPTNMLKLRHOFFCQ27CA,,166.42,住家用,鋼筋混凝土造,108年4月24日,三層,一層 二層 三層
RPWNMLTJIIOFFCQ47CA,38,94.60,住家用,鋼筋混凝土加強磚造,70年12月29日,二層,一層 二層 陽台
RPRNMLTJIIOFFCQ96CA,1,184.58,住宅、樓梯間,鋼筋混凝土造,107年7月31日,三層,一層 二層 三層 見其他登記事項 見其他登記事項
RPPNMLTJIIOFFCQ76CA,37,116.13,住家用,鋼筋混凝土加強磚造,71年3月1日,二層,一層 二層 電梯樓梯間
RPSNMLTJIIOFFCQ07CA,1,183.37,住宅、樓梯間,鋼筋混凝土造,107年7月31日,三層,一層 二層 三層 見其他登記事項 見其他登記事項
RPPNMLTLRHOFFCQ77CA,38,69.00,住家用,磚造,70年10月8日,一層,一層
RPPNMLQKIIOFFCQ56CA,27,138.51,住家用,鋼筋混凝土造,82年1月13日,四層,一層 二層 三層 四層 電梯樓梯間
RPUNMLQKIIOFFCQ07CA,41,56.73,住家用,鋼筋混凝土加強磚造,67年7月10日,二層,一層 二層 電梯樓梯間
RPPNMLMKIIOFFCQ78CA,20,175.62,住家用,鋼筋混凝土造,88年3月22日,三層,一層 二層 三層 電梯樓梯間
RPTNMLNJIIOFFEQ76CA,26,33.90,住家用,鋼筋混凝土造,82年4月1日,十八層,十四層 陽台
RPTNMLNJIIOFFEQ76CA,26,6.78,梯間,鋼筋混凝土造,82年4月1日,十八層,
RPTNMLNJIIOFFEQ76CA,26,1.75,守衛室．健身房．游泳池．防空避難室兼停車場,鋼筋混凝土造,82年4月1日,,
RPPNMLKMRHOFFBQ86CA,40,311.64,商業用,見其他登記事項,69年1月15日,一層,一層
RPPNMLKMRHOFFBQ86CA,40,167.56,住商用,見其他登記事項,69年1月15日,二層,一層 二層
RPWNMLQKIIOFFCQ27CA,,234.55,住宅、樓梯間,鋼骨鋼筋混凝土造,108年6月20日,三層,一層 二層 三層 見其他登記事項 見其他登記事項
RPXNMLQKIIOFFCQ37CA,,234.55,住宅、樓梯間,鋼骨鋼筋混凝土造,108年6月20日,三層,一層 二層 三層 見其他登記事項 見其他登記事項
RPPNMLLJIIOFFCQ58CA,39,100.33,住家用,鋼筋混凝土加強磚造,70年1月9日,二層,一層 二層 電梯樓梯間
RPQNMLQLRHOFFCQ57CA,1,147.18,住家用,鋼筋混凝土造,107年9月4日,二層,一層 二層 見其他登記事項
RPRNMLQLRHOFFCQ67CA,1,147.18,住家用,鋼筋混凝土造,107年9月4日,二層,一層 二層 見其他登記事項
RPTNMLSLRHOFFDQ18CA,1,188.59,住家用,鋼筋混凝土造,107年7月20日,三層,一層 二層 三層 陽台 見其他登記事項
RPTNMLPLRHOFFDQ87CA,1,199.19,住家用,鋼筋混凝土造,107年3月13日,四層,一層 二層 三層 四層 陽台
RPWNMLRKIIOFFBQ27CA,,182.54,住家用,鋼筋混凝土造,108年7月9日,三層,一層 二層 三層 陽台
RPQNMLSKIIOFFBQ76CA,,182.54,住家用,鋼筋混凝土造,108年7月9日,三層,一層 二層 三層 陽台
RPPNMLPLRHOFFDQ57DA,1,81.44,集合住宅,鋼筋混凝土造,108年2月23日,八層,七層 陽台
RPPNMLPLRHOFFDQ57DA,1,81.75,本共有之項目有停車空間、機械設備空間、水箱、台電配電室、防空避難室、門廳、管委會使用空間、樓梯間、水錶室、機械室等１０項。,鋼筋混凝土造,108年2月23日,八層,
RPSNMLSLRHOFFDQ08CA,25,138.77,農舍,鐵造,83年9月21日,二層,一層 二層
RPQNMLPLRHOFFCQ47CA,1,206.33,住家用,鋼筋混凝土造,107年12月20日,四層,一層 二層 三層 四層 見其他登記事項
RPTNMLQKIIOFFBQ96DA,,158.94,住宅、門廊、樓梯間,鋼筋混凝土造,108年7月12日,三層,一層 二層 三層 陽台 屋頂突出物
RPOOMLMJIIOFFCQ68CA,,188.58,住宅、樓梯間,鋼筋混凝土造,108年7月3日,三層,一層 二層 三層 見其他登記事項 見其他登記事項
RPPOMLMJIIOFFCQ78CA,,186.69,住宅、樓梯間,鋼筋混凝土造,108年7月3日,三層,一層 二層 三層 見其他登記事項 見其他登記事項
RPQOMLMJIIOFFCQ88CA,,181.32,住宅、樓梯間,鋼筋混凝土造,108年7月3日,三層,一層 二層 三層 見其他登記事項 見其他登記事項
RPROMLMJIIOFFCQ98CA,,179.63,住宅、樓梯間,鋼筋混凝土造,108年7月3日,三層,一層 二層 三層 見其他登記事項 見其他登記事項
RPQNMLNJIIOFFCQ88CA,,178.78,住宅、樓梯間,鋼筋混凝土造,108年7月3日,三層,一層 二層 三層 見其他登記事項 見其他登記事項
RPPNMLNJIIOFFCQ78CA,,202.64,住宅、樓梯間,鋼筋混凝土造,108年7月3日,三層,一層 二層 三層 見其他登記事項 見其他登記事項
RPRNMLNJIIOFFCQ98CA,,177.06,住宅、樓梯間,鋼筋混凝土造,108年7月3日,三層,一層 二層 三層 見其他登記事項 見其他登記事項
RPUNMLNLRHOFFBQ57CA,1,194.32,Ｈ２住宅,鋼筋混凝土造,107年9月6日,四層,一層 二層 三層 四層 陽台
RPPNMLMJIIOFFBQ58CA,29,119.16,住商用,鋼筋混凝土造,79年10月5日,三層,一層 二層 三層 騎樓
RPQNMLLKIIOFFBQ68CA,36,124.62,住商用,鋼筋混凝土加強磚造,72年9月20日,二層,一層 二層 陽台 騎樓 電梯樓梯間
RPRNMLKMRHOFFCQ17CA,43,72.75,住家用,木造,65年9月30日,二層,一層 二層
RPPNMLPLRHOFFEQ57CA,10,339.45,住宅（含民宿）,鋼筋混凝土造,98年8月15日,二層,一層 二層 屋頂突出物
RPVNMLNJIIOFFCQ76CA,,221.83,住家用,鋼筋混凝土造,108年7月3日,四層,一層 二層 三層 四層 見其他登記事項
RPPNMLRKIIOFFDQ76CA,1,206.48,住宅、梯間,鋼筋混凝土造,107年10月29日,三層,一層 二層 三層 陽台 見其他登記事項
RPSNMLRJIIOFFDQ96CA,42,113.48,住家用,鋼筋混凝土加強磚造,67年1月15日,二層,一層 二層 騎樓 電梯樓梯間
RPPNMLRLRHOFFBQ57DA,23,170.06,住商用,鋼筋混凝土造,86年2月19日,四層,一層 二層 三層 四層
RPROMLTJIIOFFCQ07CA,15,158.64,集合住宅,鋼筋混凝土造,93年9月6日,三層,一層 二層 三層 電梯樓梯間 見其他登記事項
RPUNMLOKIIOFFBQ76CA,,286.91,住宅、住宅（附屬機房）,鋼筋混凝土造,107年10月23日,四層,一層 二層 三層 四層 陽台 雨遮 屋簷 見其他登記事項
RPUNMLOKIIOFFBQ76CA,,1.13,本共有部分之項目有電信室、郵務室、警衛室、廁所、噴灌機房、垃圾貯存室及雨遮等七項。,鋼筋混凝土造,107年10月23日,一層,
RPTNMLPKIIOFFBQ76CA,5,54.46,集合住宅,鋼筋混凝土造,103年8月15日,八層,六層 陽台
RPTNMLPKIIOFFBQ76CA,5,44.84,停車空間、機械設備空間、水箱、門廳、管委會使用空間、台電配電室、電信室、樓梯間、水錶室、機械室等１０項。,鋼筋混凝土造,103年8月15日,八層,
RPVNMLRKIIOFFBQ17CA,,182.54,住家用,鋼筋混凝土造,108年7月9日,三層,一層 二層 三層 陽台
RPXNMLOKIIOFFBQ07CA,,286.81,住宅、住宅（附屬機房）,鋼筋混凝土造,107年10月23日,四層,一層 二層 三層 四層 陽台 雨遮 屋簷 見其他登記事項
RPXNMLOKIIOFFBQ07CA,,1.13,本共有部分之項目有電信室、郵務室、警衛室、廁所、噴灌機房、垃圾貯存室及雨遮等七項。,鋼筋混凝土造,107年10月23日,一層,
RPUNMLRKIIOFFBQ07CA,,180.27,住家用,鋼筋混凝土造,108年7月9日,三層,一層 二層 三層 陽台
RPVNMLOKIIOFFBQ86CA,,286.81,住宅、住宅（附屬機房）,鋼筋混凝土造,107年10月23日,四層,一層 二層 三層 四層 陽台 雨遮 屋簷 見其他登記事項
RPVNMLOKIIOFFBQ86CA,,1.13,本共有部分之項目有電信室、郵務室、警衛室、廁所、噴灌機房、垃圾貯存室及雨遮等七項。,鋼筋混凝土造,107年10月23日,一層,
RPOOMLQLRHOFFCQ47CA,24,162.53,住家用,鋼筋混凝土造,84年5月8日,四層,一層 二層 三層 四層 見其他登記事項
RPWNMLOKIIOFFBQ96CA,,286.91,住宅、住宅（附屬機房）,鋼筋混凝土造,107年10月23日,四層,一層 二層 三層 四層 陽台 雨遮 屋簷 見其他登記事項
RPWNMLOKIIOFFBQ96CA,,1.13,本共有部分之項目有電信室、郵務室、警衛室、廁所、噴灌機房、垃圾貯存室及雨遮等七項。,鋼筋混凝土造,107年10月23日,一層,
RPPNMLKLIIOFFBQ58CA,23,278.17,住家用,鋼筋混凝土造,85年7月8日,五層,一層 二層 三層 四層 五層 陽台
RPQNMLKLIIOFFBQ68CA,14,21.81,住家用,鋼筋混凝土造,94年10月3日,十層,二層 陽台
RPQNMLKLIIOFFBQ68CA,14,.13,管理委員會使用空間,鋼筋混凝土造,94年10月3日,十層,
RPQNMLKLIIOFFBQ68CA,14,11.08,機電設備空間、停車空間、樓梯間、走廊、機械室、水塔,鋼筋混凝土造,94年10月3日,十層,
RPQNMLRLRHOFFCQ67CA,21,153.15,住家用,鋼筋混凝土造,87年11月26日,三層,一層 二層 三層 平台 電梯樓梯間 見其他登記事項
RPPNMLTKIIOFFEQ07CA,2,230.45,住宅、梯間,鋼筋混凝土造,106年10月16日,三層,一層 二層 三層 陽台 屋頂突出物
RPQNMLMJIIOFFDQ98DA,16,50.08,攤位、管理室、廁所、垃圾處理場,鋼骨造,92年4月7日,一層,一層
RPSNMLNJIIOFFDQ56CA,38,65.32,住家用,鋼筋混凝土加強磚造,70年10月30日,一層,一層
RPQNMLLJIIOFFCQ78DA,25,263.41,住家用,鋼筋混凝土造,83年10月28日,三層,一層 二層 三層 平台 電梯樓梯間 見其他登記事項
RPOOMLTJIIOFFCQ76CA,37,93.51,住家用,鋼筋混凝土加強磚造,71年12月15日,二層,一層 二層 電梯樓梯間
RPPOMLQKIIOFFCQ66CA,20,70.09,住家用,鋼筋混凝土造,88年6月29日,四層,四層 陽台
RPPOMLQKIIOFFCQ66CA,20,6.40,共有部分,鋼筋混凝土造,88年6月29日,四層,
RPWNMLSKIIOFFCQ47CA,13,298.32,住宅、室內停車空間,鋼筋混凝土造,95年5月30日,五層,一層 二層 三層 四層 五層
RPOOMLQKIIOFFCQ56CA,20,80.81,住家用,鋼筋混凝土造,88年6月29日,四層,三層 陽台
RPOOMLQKIIOFFCQ56CA,20,10.24,共有部分,鋼筋混凝土造,88年6月29日,四層,
RPTNMLKMRHOFFBQ27CA,,159.55,Ｈ２住宅,鋼筋混凝土造,108年3月11日,三層,一層 二層 三層 陽台
RPPOMLKMRHOFFBQ96CA,28,177.41,住家用,鋼筋混凝土加強磚造,80年9月3日,三層,一層 二層 三層 電梯樓梯間
RPPNMLLJIIOFFBQ48CA,25,171.89,住商用,鋼筋混凝土造,83年11月25日,三層,一層 二層 三層 陽台 平台 騎樓 電梯樓梯間
RPPNMLOLIIOFFBQ98CA,1,186.13,Ｈ２住宅,鋼筋混凝土造,107年9月6日,四層,一層 二層 三層 四層 陽台
RPRNMLLJIIOFFBQ68CA,,262.82,住家用,鋼筋混凝土造,108年4月23日,四層,一層 二層 三層 四層 陽台
RPRNMLLLIIOFFBQ88CA,38,64.67,住家用,鋼筋混凝土加強磚造,70年8月21日,二層,一層 二層 電梯樓梯間
RPSNMLLJIIOFFBQ78CA,31,138.01,住家用,鋼筋混凝土加強磚造,77年5月7日,二層,一層 二層 騎樓 電梯樓梯間
RPPNMLTJIIOFFBQ66CA,24,224.58,住家用,鋼筋混凝土造,84年11月30日,四層,一層 二層 三層 四層 陽台 露台 雨遮
RPSNMLLJIIOFFCQ88CA,27,131.18,住家用,鋼筋混凝土造,81年7月4日,三層,一層 二層 三層 電梯樓梯間
RPWNMLLJIIOFFCQ66CA,36,62.12,住家用,鋼筋混凝土造,72年3月12日,五層,二層
RPTNMLKMRHOFFDQ47CA,26,234.02,儲藏室、店舖、集合住宅,鋼筋混凝土造,82年10月6日,九層,一層 二層 陽台 騎樓 地下層
RPTNMLKMRHOFFDQ47CA,26,36.41,避難室、停車場,鋼筋混凝土造,82年10月6日,9,
RPTNMLKMRHOFFDQ47CA,26,29.70,梯間,鋼筋混凝土造,82年10月6日,九層,
RPRNMLKMRHOFFDQ37DA,39,153.45,住家用,鋼筋混凝土加強磚造,69年3月18日,二層,一層 二層 見其他登記事項
RPTNMLNJIIOFFCQ66DA,15,17.95,集合住宅,鋼筋混凝土造,94年1月20日,五層,四層 陽台
RPTNMLNJIIOFFCQ66DA,15,.50,管委會辦公室,鋼筋混凝土造,94年1月20日,五層,
RPTNMLNJIIOFFCQ66DA,15,5.68,梯廳、梯間、水箱,鋼筋混凝土造,94年1月20日,五層,
RPROMLMJIIOFFDQ09CA,1,207.45,住宅、梯間,鋼筋混凝土造,108年2月22日,三層,一層 二層 三層 見其他登記事項 見其他登記事項
RPUNMLQKIIOFFBQ07DA,,158.94,住宅、門廊、樓梯間,鋼筋混凝土造,108年7月12日,三層,一層 二層 三層 陽台 屋頂突出物
RPVNMLQKIIOFFBQ17DA,,158.94,住宅、門廊、樓梯間,鋼筋混凝土造,108年7月12日,三層,一層 二層 三層 陽台 屋頂突出物
RPXNMLQKIIOFFBQ37DA,,156.05,住宅、門廊、樓梯間,鋼筋混凝土造,108年7月12日,三層,一層 二層 三層 陽台 屋頂突出物
RPWNMLQKIIOFFBQ27DA,,157.52,住宅、門廊、樓梯間,鋼筋混凝土造,108年7月12日,三層,一層 二層 三層 陽台 屋頂突出物
RPXNMLNJIIOFFCQ96CA,,230.04,住宅、梯間,鋼筋混凝土造,108年7月30日,三層,一層 二層 三層 見其他登記事項 見其他登記事項
RPXNMLSKIIOFFCQ57CA,24,90.70,集合住宅,鋼筋混凝土造,84年7月20日,六層,二層 陽台
RPXNMLSKIIOFFCQ57CA,24,20.06,共有部分,鋼筋混凝土造,84年7月20日,一層,
RPOOMLQKIIOFFBQ56DA,,158.94,住宅、門廊、樓梯間,鋼筋混凝土造,108年7月12日,三層,一層 二層 三層 陽台 屋頂突出物
RPXNMLSKIIOFFCQ57CA,24,13.86,共有部分,鋼筋混凝土造,84年7月20日,,
RPRNMLLLIIOFFCQ98CA,39,108.95,住家用,鋼筋混凝土加強磚造,69年10月30日,二層,一層 二層 騎樓
RPTNMLMLIIOFFCQ66CA,23,91.78,集合住宅,鋼筋混凝土造,85年12月20日,十一層,九層 陽台
RPTNMLMLIIOFFCQ66CA,23,.73,共有部分,鋼筋混凝土造,85年12月20日,十一層,
RPTNMLMLIIOFFCQ66CA,23,11.28,共有部分,鋼筋混凝土造,85年12月20日,十一層,
RPTNMLMLIIOFFCQ66CA,23,8.51,共有部分,鋼筋混凝土造,85年12月20日,十一層,
RPRNMLNKIIOFFCQ09CA,35,135.69,住家用,鋼筋混凝土加強磚造,73年9月24日,三層,一層 二層 三層 電梯樓梯間
RPSNMLQKIIOFFCQ86CA,26,159.32,住商用,鋼筋混凝土加強磚造,82年10月16日,三層,一層 二層 三層 電梯樓梯間 見其他登記事項
RPOOMLRKIIOFFBQ56CA,,180.27,住家用,鋼筋混凝土造,108年7月9日,三層,一層 二層 三層 陽台
RPRNMLSKIIOFFBQ86CA,,182.54,住家用,鋼筋混凝土造,108年7月9日,三層,一層 二層 三層 陽台
RPTNMLTJIIOFFEQ37CA,38,113.26,住家用,鋼筋混凝土加強磚造,70年12月26日,二層,一層 二層 騎樓 電梯樓梯間
RPRNMLRJIIOFFEQ96CA,,210.47,停車空間、住宅、樓梯間,鋼筋混凝土造,108年4月10日,三層,一層 二層 三層 屋頂突出物
RPSNMLQKIIOFFDQ96CA,37,72.63,住家用,磚造,71年5月12日,一層,一層
RPPOMLTJIIOFFDQ96CA,20,132.56,集合住宅,鋼筋混凝土造,88年5月31日,三層,一層 二層 三層 陽台 雨遮
RPPNMLQLIIOFFDQ76CA,14,158.10,住宅、停車空間,鋼筋混凝土造,94年7月19日,三層,一層 二層 三層 陽台 屋頂突出物 雨遮
RPOOMLTJIIOFFDQ86CA,20,87.78,集合住宅,鋼筋混凝土造,88年5月31日,五層,二層 陽台
RPOOMLTJIIOFFDQ86CA,20,10.93,樓梯間、機械室、水箱,鋼筋混凝土造,88年5月31日,五層,
RPOOMLTJIIOFFDQ86CA,20,.80,蓄水池,鋼筋混凝土造,88年5月31日,一層,
RPUNMLOJIIOFFCQ76CA,39,91.66,住家用,鋼筋混凝土加強磚造,70年2月12日,二層,一層 二層 電梯樓梯間
RPPNMLSJIIOFFBQ56CA,28,188.23,住家用,鋼筋混凝土加強磚造,80年10月22日,四層,一層 二層 三層 四層
RPPNMLRJIIOFFCQ56CA,50,36.54,住家用,加強磚造、木石磚造〈雜木以外〉,58年4月15日,二層,一層 二層
RPVNMLTJIIOFFCQ37CA,4,222.85,住宅、樓梯間,鋼筋混凝土造,105年2月1日,三層,一層 二層 三層 見其他登記事項 見其他登記事項
RPTNMLOJIIOFFCQ66CA,32,50.24,住家用,鋼筋混凝土加強磚造,76年12月3日,一層,一層
RPTNMLOJIIOFFCQ66CA,35,83.94,住家用,鋼筋混凝土加強磚造,73年12月8日,二層,一層 二層
RPTNMLOJIIOFFCQ66CA,35,82.71,住家用,鋼筋混凝土加強磚造,73年12月28日,二層,一層 二層
RPPNMLSLIIOFFCQ86CA,,228.07,住家用,鋼筋混凝土造,108年6月10日,三層,一層 二層 三層 見其他登記事項 見其他登記事項
RPOOMLSJIIOFFDQ76CA,,184.68,住家用,鋼筋混凝土造,108年6月27日,三層,一層 二層 三層 陽台 見其他登記事項
RPVNMLSKIIOFFDQ47CA,24,220.12,住家用,鋼筋混凝土造,84年3月13日,三層,一層 二層 三層 見其他登記事項
RPWNMLSJIIOFFDQ47CA,,187.69,住家用,鋼筋混凝土造,108年6月27日,三層,一層 二層 三層 陽台 見其他登記事項
RPXNMLKMIIOFFCQ96CA,23,155.27,住家用,鋼筋混凝土造,85年11月14日,三層,一層 二層 三層
RPSNMLTLIIOFFCQ27CA,27,85.07,住家用,鋼筋混凝土造,81年11月30日,五層,二層 陽台
RPSNMLTLIIOFFCQ27CA,27,8.68,共有部分,鋼筋混凝土造,81年11月30日,地下層,
RPSNMLTLIIOFFCQ27CA,27,6.94,共有部分,鋼筋混凝土造,81年11月30日,五層,
RPPNMLRJIIOFFEQ96EA,5,174.72,店舖、住宅,鋼筋混凝土造,103年12月22日,四層,一層 二層 三層 四層 陽台
RPQNMLRJIIOFFEQ86CA,26,123.09,住家用,鋼筋混凝土造,82年4月1日,十九層,十一層 陽台
RPQNMLRJIIOFFEQ86CA,26,20.69,梯間,鋼筋混凝土造,82年4月1日,十九層,
RPQNMLRJIIOFFEQ86CA,26,5.78,守衛室．健身房．游泳池．防空避難室兼停車場,鋼筋混凝土造,82年4月1日,,
RPPNMLSLMHGGFBQ56EA,23,122.68,住家用,鋼筋混凝土造,85年5月25日,十層,五層 陽台
RPPNMLSLMHGGFBQ56EA,23,9.07,電樓梯間,鋼筋混凝土造,85年5月25日,十層,
RPPNMLSLMHGGFBQ56EA,23,25.66,防空避難室兼停車場,鋼筋混凝土造,85年5月25日,十層,
RPPNMLQLIIOFFEQ86CA,26,33.90,住家用,鋼筋混凝土造,82年4月1日,十八層,十層 陽台
RPPNMLQLIIOFFEQ86CA,26,6.78,梯間,鋼筋混凝土造,82年4月1日,十八層,
RPPNMLQLIIOFFEQ86CA,26,1.75,守衛室．健身房．游泳池．防空避難室兼停車場,鋼筋混凝土造,82年4月1日,,
RPTNMLOKIIOFFBQ66CA,,286.90,住宅、住宅（附屬機房）,鋼筋混凝土造,107年10月23日,四層,一層 二層 三層 四層 陽台 雨遮 屋簷 見其他登記事項
RPTNMLOKIIOFFBQ66CA,,1.13,本共有部分之項目有電信室、郵務室、警衛室、廁所、噴灌機房、垃圾貯存室及雨遮等七項。,鋼筋混凝土造,107年10月23日,一層,
RPSNMLOKIIOFFBQ56CA,,286.80,住宅、住宅（附屬機房）,鋼筋混凝土造,107年10月23日,四層,一層 二層 三層 四層 陽台 雨遮 屋簷 見其他登記事項
RPSNMLOKIIOFFBQ56CA,,1.13,本共有部分之項目有電信室、郵務室、警衛室、廁所、噴灌機房、垃圾貯存室及雨遮等七項。,鋼筋混凝土造,107年10月23日,一層,
RPQNMLSJIIOFFDQ86CA,41,88.14,住家用,鋼筋混凝土加強磚造,67年5月15日,二層,一層 二層
RPRNMLOKIIOFFBQ09CA,,286.90,住宅、住宅（附屬機房）,鋼筋混凝土造,107年10月23日,四層,一層 二層 三層 四層 陽台 雨遮 屋簷 見其他登記事項
RPRNMLOKIIOFFBQ09CA,,1.13,本共有部分之項目有電信室、郵務室、警衛室、廁所、噴灌機房、垃圾貯存室及雨遮等七項。,鋼筋混凝土造,107年10月23日,一層,
RPQNMLOKIIOFFBQ98CA,,286.80,住宅、住宅（附屬機房）,鋼筋混凝土造,107年10月23日,四層,一層 二層 三層 四層 陽台 雨遮 屋簷 見其他登記事項
RPOOMLLMIIOFFDQ98CA,1,203.98,住宅、樓梯間,鋼筋混凝土造,107年12月22日,三層,一層 二層 三層 陽台 見其他登記事項
RPQNMLOKIIOFFBQ98CA,,1.13,本共有部分之項目有電信室、郵務室、警衛室、廁所、噴灌機房、垃圾貯存室及雨遮等七項。,鋼筋混凝土造,107年10月23日,一層,
RPXNMLLMIIOFFDQ17CA,1,204.62,住宅、樓梯間,鋼筋混凝土造,107年12月22日,三層,一層 二層 三層 陽台 見其他登記事項
RPRNMLTJIIOFFDQ07CA,26,100.40,住家用,鋼筋混凝土造,82年11月25日,三層,一層 二層 三層 陽台 見其他登記事項
RPRNMLRKIIOFFDQ96CA,22,87.53,商業用,鋼筋混凝土造,86年7月15日,四層,一層 平台
RPRNMLRKIIOFFDQ96CA,22,6.19,樓梯間,鋼筋混凝土造,86年7月15日,四層,
RPSNMLRKIIOFFDQ07CA,38,109.23,住家用,鋼筋混凝土加強磚造,70年6月20日,二層,一層 二層 陽台 平台
RPUOMLRJIIOFFCQ17CA,13,228.34,停車空間、集合住宅,鋼筋混凝土造,95年8月23日,四層,一層 二層 三層 四層 見其他登記事項
RPQNMLSLIIOFFBQ86CA,35,98.04,農民住宅,鋼筋混凝土加強磚造,73年8月17日,二層,一層 二層 電梯樓梯間
RPPNMLRKIIOFFCQ66CA,16,192.67,停車空間、集合住宅,鋼筋混凝土造,93年1月30日,三層,一層 二層 三層 見其他登記事項
RPTNMLRKIIOFFDQ17CA,22,83.69,集合住宅,鋼筋混凝土造,86年7月15日,四層,三層 陽台
RPTNMLRKIIOFFDQ17CA,22,6.19,樓梯間,鋼筋混凝土造,86年7月15日,四層,
RPSNMLMLIIOFFCQ56CA,5,195.58,住宅類場所、水箱,鋼筋混凝土造,103年8月6日,四層,一層 二層 三層 四層 見其他登記事項 見其他登記事項
RPQNMLQLIIOFFDQ86CA,20,169.82,住商用,鋼筋混凝土造,88年8月31日,四層,一層 二層 三層 四層 見其他登記事項
RPQNMLSLIIOFFDQ07CA,52,68.31,住家用,木造,57年1月5日,一層,一層
RPUNMLRKIIOFFDQ27CA,22,84.93,集合住宅,鋼筋混凝土造,86年7月15日,四層,二層 陽台
RPUNMLRKIIOFFDQ27CA,22,6.19,樓梯間,鋼筋混凝土造,86年7月15日,四層,
RPPNMLSLIIOFFDQ96CA,26,86.36,集合住宅,鋼筋混凝土造,82年10月6日,九層,四層 陽台 花台
RPPNMLSLIIOFFDQ96CA,26,15.83,避難室、停車場,鋼筋混凝土造,82年10月6日,9,
RPPNMLSLIIOFFDQ96CA,26,5.14,梯間,鋼筋混凝土造,82年10月6日,九層,
RPPNMLTJIIOFFDQ86CA,,157.72,住家用,鋼筋混凝土造,108年3月26日,三層,一層 二層 三層 見其他登記事項
RPPOMLPJJIOFFDQ66CA,38,132.23,住商用,鋼筋混凝土加強磚造,70年10月17日,三層,一層 二層 三層 騎樓 電梯樓梯間
RPQNMLTJIIOFFDQ96CA,,173.40,住家用,鋼筋混凝土造,108年3月26日,三層,一層 二層 三層 見其他登記事項
RPSNMLPLIIOFFCQ86CA,15,158.64,集合住宅,鋼筋混凝土造,93年9月6日,三層,一層 二層 三層 電梯樓梯間 見其他登記事項
RPPOMLTJIIOFFCQ86CA,30,101.65,住家用,鋼筋混凝土加強磚造,78年3月31日,二層,一層 二層 騎樓 電梯樓梯間
RPPNMLTKIIOFFCQ86CA,25,161.29,住商用,鋼筋混凝土造,83年5月18日,四層,一層 二層 三層 四層 見其他登記事項
RPTNMLTJIIOFFCQ17CA,5,172.86,住宅、樓梯間,鋼筋混凝土造,103年11月13日,三層,一層 二層 三層 見其他登記事項 見其他登記事項
RPUNMLKMIIOFFDQ76CA,6,176.65,住宅、樓梯間,鋼筋混凝土造,102年8月8日,三層,一層 二層 三層 陽台 見其他登記事項
RPOOMLOKIIOFFBQ88CA,11,259.64,集合住宅、停車空間,鋼筋混凝土造,97年4月8日,四層,一層 二層 三層 四層 地下一層 見其他登記事項
RPOOMLOKIIOFFBQ88CA,11,4.08,管理委員會室,鋼筋混凝土造,97年4月8日,三層,
RPOOMLOKIIOFFBQ88CA,11,25.97,停車空間,鋼筋混凝土造,97年4月8日,四層,
RPTNMLPLIIOFFCQ96CA,26,177.36,住家用,鋼筋混凝土造,82年11月17日,三層,一層 二層 三層 電梯樓梯間 見其他登記事項
RPPOMLOKIIOFFBQ98CA,37,100.40,住家用,鋼筋混凝土加強磚造,71年9月1日,二層,一層 二層 陽台 騎樓
RPWNMLRKIIOFFDQ47CA,39,84.98,住商用,鋼筋混凝土加強磚造,69年3月31日,二層,一層 二層 騎樓 電梯樓梯間
RPUNMLPKIIOFFDQ07CA,14,16.15,見其他登記事項,鋼筋混凝土造,94年8月15日,五層,二層
RPUNMLPKIIOFFDQ07CA,14,7.19,見其他登記事項,鋼筋混凝土造,94年8月15日,五層,
RPQNMLPKIIOFFDQ66CA,24,147.32,住家用,鋼筋混凝土造,84年8月25日,四層,一層 二層 三層 四層 陽台 電梯樓梯間
RPSNMLKMIIOFFDQ56CA,19,131.40,住家用,鋼筋混凝土造,89年10月12日,三層,一層 二層 三層 陽台
RPRNMLPKIIOFFBQ56CA,38,110.39,住家用,鋼筋混凝土加強磚造,71年2月26日,二層,一層 二層
RPSNMLPKIIOFFDQ86CA,13,205.70,住宅、停車空間、機械室、樓梯間,鋼筋混凝土造,95年12月5日,四層,一層 二層 三層 四層 陽台 地下層 見其他登記事項
RPSNMLPKIIOFFEQ17EA,,195.16,住宅、樓梯間,鋼筋混凝土造,108年8月23日,三層,一層 二層 三層 陽台 屋頂突出物
RPPNMLRJJIOFFBQ66DA,5,21.28,集合住宅,鋼筋混凝土造,103年6月25日,五層,二層 陽台
RPPNMLRJJIOFFBQ66DA,5,7.64,車道、樓梯間、水箱等七項,鋼筋混凝土造,103年6月25日,五層,
RPRNMLQKIIOFFBQ66CA,30,71.55,農舍,鋼筋混凝土加強磚造,79年1月24日,一層,一層
RPQNMLTLIIOFFBQ96CA,2,172.57,住宅、樓梯間,鋼筋混凝土造,107年3月7日,三層,一層 二層 三層 見其他登記事項 見其他登記事項
RPPNMLLJJIOFFCQ68CA,1,187.75,住宅、樓梯間、水塔,鋼筋混凝土造,108年3月20日,三層,一層 二層 三層 見其他登記事項 見其他登記事項
RPRNMLLJJIOFFCQ88CA,1,187.12,住宅、樓梯間,鋼筋混凝土造,108年1月22日,三層,一層 二層 三層 見其他登記事項 見其他登記事項
RPSNMLLJJIOFFCQ98CA,1,183.99,住宅、樓梯間,鋼筋混凝土造,108年1月22日,三層,一層 二層 三層 見其他登記事項 見其他登記事項
RPQNMLLJJIOFFCQ78CA,1,185.07,住宅、樓梯間,鋼筋混凝土造,107年7月31日,三層,一層 二層 三層 見其他登記事項 見其他登記事項
RPRNMLLMIIOFFCQ09CA,24,167.11,住商用,鋼筋混凝土造,84年5月8日,三層,一層 二層 三層 騎樓 電梯樓梯間 見其他登記事項
RPSNMLRKIIOFFCQ96CA,36,67.70,住家用,鋼筋混凝土加強磚造,72年4月23日,二層,一層 二層 見其他登記事項
RPTNMLLJJIOFFBQ98CA,13,275.98,店舖、住宅、梯間、停車空間,鋼筋混凝土造,95年10月1日,四層,一層 二層 三層 四層 見其他登記事項
RPTNMLTLIIOFFDQ47CA,38,101.23,住商用,鋼筋混凝土加強磚造,70年7月8日,二層,一層 二層 騎樓 電梯樓梯間
RPTNMLLMIIOFFDQ76CA,26,173.88,住家用,鋼筋混凝土造,82年12月21日,三層,一層 二層 三層 陽台 平台 電梯樓梯間
RPPNMLRKIIOFFEQ86CA,40,100.32,住家用,鋼筋混凝土加強磚造,68年5月12日,二層,一層 二層 騎樓
RPWNMLTLIIOFFDQ77CA,24,64.71,集合住宅,鋼筋混凝土造,84年9月8日,十二層,四層 陽台 花台
RPWNMLTLIIOFFDQ77CA,24,15.86,梯間,鋼筋混凝土造,84年9月8日,十二層,
RPWNMLTLIIOFFDQ77CA,24,13.69,防空避難室,鋼筋混凝土造,84年9月8日,十二層,
RPQNMLRLIIOFFDQ96CA,28,96.00,住家用,加強磚造,81年1月27日,二層,一層 二層 陽台
RPRNMLMLIIOFFDQ56CA,42,115.36,住家用,鋼筋混凝土加強磚造,67年2月10日,二層,一層 二層 騎樓 電梯樓梯間
RPVNMLKMIIOFFDQ86CA,7,155.25,停車空間、住宅,鋼筋混凝土造,101年10月16日,三層,一層 二層 三層 陽台
RPUNMLMJJIOFFCQ66CA,26,210.77,住家用,鋼筋混凝土造,82年12月15日,四層,一層 二層 三層 四層 平台 見其他登記事項
RPVNMLLLIIOFFDQ86CA,40,90.85,住家用,鋼筋混凝土加強磚造,69年1月25日,二層,一層 二層 騎樓
RPSNMLSKIIOFFCQ07CA,17,100.04,集合住宅,鋼筋混凝土造,91年7月25日,五層,三層 陽台 雨遮
RPSNMLSKIIOFFCQ07CA,17,12.64,梯間、機械室、水箱,鋼筋混凝土造,91年7月25日,五層,
RPSNMLSKIIOFFCQ07CA,17,33.34,停車空間,鋼筋混凝土造,91年7月25日,五層,
RPPNMLOJJIOFFCQ98CA,38,98.76,住家用,鋼筋混凝土加強磚造,70年12月29日,二層,一層 二層
RPTNMLTLIIOFFCQ37CA,26,93.79,住家用,鋼筋混凝土造,82年12月14日,七層,七層 陽台 花台
RPTNMLTLIIOFFCQ37CA,26,7.89,共有部分,鋼筋混凝土造,82年12月14日,七層,
RPTNMLTLIIOFFCQ37CA,26,5.68,共有部分,鋼筋混凝土造,82年12月14日,七層,
RPTNMLSKIIOFFCQ17CA,39,113.37,住商用,鋼筋混凝土加強磚造,69年12月16日,二層,一層 二層 騎樓 電梯樓梯間
RPTNMLLJJIOFFCQ09CA,1,238.33,住宅、樓梯間,鋼筋混凝土造,107年7月31日,三層,一層 二層 三層 見其他登記事項 見其他登記事項
RPUNMLLJJIOFFCQ56CA,1,185.73,住宅、樓梯間,鋼筋混凝土造,108年1月22日,三層,一層 二層 三層 見其他登記事項 見其他登記事項
RPVNMLLJJIOFFCQ66CA,1,185.80,住宅、樓梯間,鋼筋混凝土造,108年1月22日,三層,一層 二層 三層 見其他登記事項 見其他登記事項
RPTNMLMLIIOFFBQ56CA,4,294.25,集合住宅,鋼筋混凝土造,104年7月20日,三層,一層 二層 三層 陽台
RPTNMLMLIIOFFBQ56CA,5,1.00,社區管理室,鋼筋混凝土造,104年1月6日,一層,一層
RPVNMLSKIIOFFBQ27CA,39,76.00,住家用,鋼筋混凝土加強磚造,69年12月1日,二層,一層 二層
RPUNMLSKIIOFFDQ47DA,1,57.35,集合住宅,鋼筋混凝土造,108年2月23日,八層,三層 陽台
RPUNMLSKIIOFFDQ47DA,1,60.52,本共有之項目有停車空間、機械設備空間、水箱、台電配電室、防空避難室、門廳、管委會使用空間、樓梯間、水錶室、機械室等１０項。,鋼筋混凝土造,108年2月23日,八層,
RPSNMLMLIIOFFDQ76DA,,226.21,住家用,鋼筋混凝土造,108年5月3日,三層,一層 二層 三層 陽台 見其他登記事項
RPVNMLNLIIOFFDQ17DA,,224.49,住家用,鋼筋混凝土造,108年5月3日,三層,一層 二層 三層 陽台 見其他登記事項
RPTNMLMLIIOFFDQ86DA,,225.70,住家用,鋼筋混凝土造,108年5月3日,三層,一層 二層 三層 陽台 見其他登記事項
RPPNMLMLIIOFFDQ09DA,41,106.98,住商用,鋼筋混凝土加強磚造,67年6月30日,二層,一層 二層 騎樓 廚房
RPPNMLNLIIOFFDQ56DA,,225.70,住家用,鋼筋混凝土造,108年5月3日,三層,一層 二層 三層 陽台 見其他登記事項
RPRNMLNLIIOFFDQ76DA,,236.86,住家用,鋼筋混凝土造,108年5月3日,三層,一層 二層 三層 陽台 見其他登記事項
RPRNMLLJJIOFFBQ78CA,29,66.70,住家用,鋼筋混凝土加強磚造,79年12月3日,三層,一層 二層 三層 騎樓 電梯樓梯間
RPSNMLLLIIOFFDQ56CA,,184.68,住家用,鋼筋混凝土造,108年6月27日,三層,一層 二層 三層 陽台 見其他登記事項
RPUNMLSKIIOFFCQ27CA,36,106.85,住商用,鋼筋混凝土造,72年10月13日,三層,一層 二層 三層 騎樓 電梯樓梯間
RPRNMLLLIIOFFDQ09CA,,184.68,住家用,鋼筋混凝土造,108年6月27日,三層,一層 二層 三層 陽台 見其他登記事項
RPTOMLPJJIOFFDQ07CA,16,90.62,住商用,鋼筋混凝土造,92年9月1日,二層,一層 二層 陽台
RPTNMLTLIIOFFEQ57CA,25,152.51,住家用,鋼筋混凝土造,83年6月29日,四層,一層 二層 三層 四層 陽台
RPTNMLLLIIOFFDQ66CA,,184.68,住家用,鋼筋混凝土造,108年6月27日,三層,一層 二層 三層 陽台 見其他登記事項
RPUNMLLLIIOFFDQ76CA,,187.69,住家用,鋼筋混凝土造,108年6月27日,三層,一層 二層 三層 陽台 見其他登記事項
RPTNMLNKJIOFFDQ86CA,12,196.15,店舖、集合住宅、停車空間,鋼筋混凝土造,96年9月29日,四層,一層 二層 三層 四層 陽台 雨遮
RPTNMLNKJIOFFDQ86CA,14,1.59,門廳、遊憩設施,鋼筋混凝土造,94年8月26日,三層,一層 二層 三層
RPTNMLNKJIOFFDQ86CA,14,5.08,門廳、遊憩設施、機械空間、梯間、游泳池,鋼筋混凝土造,94年8月26日,二層,一層 二層 地下一層 地下二層
RPQNMLKMIIOFFBQ78CA,28,234.73,住家用,鋼筋混凝土造,80年8月17日,三層,一層 二層 三層 電梯樓梯間
RPRNMLMLIIOFFBQ98CA,26,213.75,住家用,鋼筋混凝土加強磚造,82年7月14日,四層,一層 二層 三層 四層 陽台 平台 電梯樓梯間
RPPNMLOLIIOFFCQ09CA,8,170.37,住家用,鋼筋混凝土造,100年3月22日,三層,一層 二層 三層 電梯樓梯間 見其他登記事項
RPVNMLMLIIOFFCQ86CA,8,145.98,住家用,鋼筋混凝土造,100年10月14日,三層,一層 二層 三層 見其他登記事項
RPXNMLLJJIOFFCQ86CA,39,100.10,住家用,鋼筋混凝土加強磚造,69年4月30日,二層,一層 二層 騎樓
RPWNMLMLIIOFFCQ96CA,1,302.72,住宅、停車空間,鋼筋混凝土造,107年8月10日,四層,一層 二層 三層 四層 見其他登記事項
RPRNMLSLIIOFFEQ27CA,2,187.53,住宅,鋼筋混凝土造,106年10月31日,三層,一層 二層 三層 陽台
RPPNMLQKJIOFFCQ66CA,38,94.60,住家用,鋼筋混凝土加強磚造,70年9月23日,二層,一層 二層 陽台
RPRNMLOKJIOFFDQ76CA,40,89.50,住商用,鋼筋混凝土加強磚造,69年2月22日,二層,一層 二層 騎樓 電梯樓梯間
RPRNMLOKJIOFFDQ76CA,40,89.50,住商用,鋼筋混凝土加強磚造,69年2月22日,二層,一層 二層 騎樓 電梯樓梯間
RPPNMLLJJIOFFEQ88CA,23,130.16,住家用,鋼筋混凝土造、部分木造,85年10月29日,三層,一層 二層 三層 陽台
RPPNMLLMIIOFFEQ09CA,2,199.03,住宅,鋼筋混凝土造,107年2月22日,四層,一層 二層 三層 四層 陽台
RPSNMLPLIIOFFBQ86DA,,158.94,住宅、門廊、樓梯間,鋼筋混凝土造,108年7月12日,三層,一層 二層 三層 陽台 屋頂突出物
RPPNMLPLIIOFFBQ56DA,12,364.95,停車空間、店舖、集合住宅,鋼筋混凝土造,96年6月28日,四層,一層 二層 三層 四層 見其他登記事項 見其他登記事項
RPTNMLPLIIOFFBQ96DA,,158.94,住宅、門廊、樓梯間,鋼筋混凝土造,108年7月12日,三層,一層 二層 三層 陽台 屋頂突出物
RPUNMLMLIIOFFDQ86CA,14,165.02,住商用,鋼筋混凝土造,94年9月19日,四層,一層 二層 三層 四層 陽台
RPRNMLOLIIOFFEQ86CA,24,173.40,廠房,鋼骨造,84年8月8日,一層,一層
RPQOMLNLIIOFFDQ66CA,,176.75,住家用,鋼筋混凝土造,108年3月26日,三層,一層 二層 三層 見其他登記事項
RPRNMLKMIIOFFDQ09CA,26,109.34,住家用,鋼筋混凝土造,82年4月10日,二層,一層 二層 見其他登記事項
RPVNMLOLIIOFFDQ17CA,40,106.12,住家用,鋼筋混凝土加強磚造,69年1月18日,二層,一層 二層 騎樓 電梯樓梯間
RPOOMLOLIIOFFDQ56CA,38,124.55,住家用,鋼筋混凝土加強磚造,70年4月9日,二層,一層 二層 電梯樓梯間
RPUNMLNKJIOFFDQ96CA,7,223.44,集合住宅,鋼筋混凝土造,101年8月29日,四層,一層 二層 三層 四層 陽台
RPUNMLNKJIOFFDQ96CA,13,.65,機械室、樓梯間、垃圾處理場、管理中心,鋼筋混凝土造,95年7月18日,三層,一層 二層 三層 地下層 見其他登記事項
RPUNMLNKJIOFFDQ96CA,13,.27,機械室、樓梯間,鋼筋混凝土造,95年7月18日,一層,地下層
RPUNMLNKJIOFFDQ96CA,13,.48,機械室、樓梯間、開放空間、交誼室,鋼筋混凝土造,95年7月18日,四層,一層 二層 三層 四層 地下層 見其他登記事項
RPQNMLNLIIOFFBQ98CA,,211.10,住宅、樓梯間,鋼筋混凝土造,108年8月29日,三層,一層 二層 三層 陽台 屋頂突出物
RPRNMLNLIIOFFBQ09CA,,211.35,住宅、樓梯間,鋼筋混凝土造,108年8月29日,三層,一層 二層 三層 陽台 屋頂突出物
RPSNMLNLIIOFFBQ56CA,,211.35,住宅、樓梯間,鋼筋混凝土造,108年8月29日,三層,一層 二層 三層 陽台 屋頂突出物
RPUNMLNKJIOFFBQ76CA,15,18.19,住家用,鋼筋混凝土造,94年1月3日,五層,三層 陽台
RPUNMLNKJIOFFBQ76CA,15,2.72,走廊,鋼筋混凝土造,94年1月3日,五層,
RPUNMLNKJIOFFBQ76CA,15,1.79,梯廳、樓電梯室、消防泵浦、電信室、梯間,鋼筋混凝土造,94年1月3日,五層,
RPUNMLNKJIOFFBQ76CA,15,18.19,住家用,鋼筋混凝土造,94年1月3日,五層,三層 陽台
RPUNMLNKJIOFFBQ76CA,15,2.72,走廊,鋼筋混凝土造,94年1月3日,五層,
RPUNMLNKJIOFFBQ76CA,15,1.79,梯廳、樓電梯室、消防泵浦、電信室、梯間,鋼筋混凝土造,94年1月3日,五層,
RPTNMLNLIIOFFBQ66CA,,211.10,住宅、樓梯間,鋼筋混凝土造,108年8月29日,三層,一層 二層 三層 陽台 屋頂突出物
RPUNMLQJJIOFFDQ27DA,24,179.41,住家用,鋼筋混凝土造,84年5月5日,三層,一層 二層 三層 見其他登記事項
RPTNMLNLIIOFFDQ96DA,2,244.74,住家用,鋼筋混凝土造,107年3月14日,四層,一層 二層 三層 四層 陽台
RPVNMLNLIIOFFCQ07DA,37,116.13,住家用,鋼筋混凝土加強磚造,71年3月1日,二層,一層 二層 電梯樓梯間
RPUNMLOLIIOFFDQ17DA,39,108.94,住家用,鋼筋混凝土加強磚造,69年7月5日,二層,一層 二層 騎樓 電梯樓梯間
SPTNMLTKJIOFFBQ37CA,17,19.37,住家用,鋼筋混凝土造,91年4月23日,四層,二層 陽台
SPTNMLTKJIOFFBQ37CA,17,1.83,共有部分,鋼筋混凝土造,91年4月23日,四層,
SPTNMLTKJIOFFBQ37CA,17,4.73,共有部分,鋼筋混凝土造,91年4月23日,四層,
RPSNMLTKJIOFFBQ17CA,17,19.60,住家用,鋼筋混凝土造,91年4月23日,四層,四層 陽台
RPSNMLTKJIOFFBQ17CA,17,1.86,共有部分,鋼筋混凝土造,91年4月23日,四層,
RPSNMLTKJIOFFBQ17CA,17,4.93,共有部分,鋼筋混凝土造,91年4月23日,四層,
RPTNMLTKJIOFFBQ27CA,17,19.37,住家用,鋼筋混凝土造,91年4月23日,四層,二層 陽台
RPPNMLQKJIOFFBQ56CA,19,148.28,住家用,鋼筋混凝土造,89年10月20日,四層,一層 二層 三層 四層
RPTNMLTKJIOFFBQ27CA,17,1.83,共有部分,鋼筋混凝土造,91年4月23日,四層,
RPTNMLTKJIOFFBQ27CA,17,4.73,共有部分,鋼筋混凝土造,91年4月23日,四層,
RPPOMLNKJIOFFBQ98CA,5,54.46,集合住宅,鋼筋混凝土造,103年8月15日,八層,七層 陽台
RPPOMLNKJIOFFBQ98CA,5,46.61,停車空間、機械設備空間、水箱、門廳、管委會使用空間、台電配電室、電信室、樓梯間、水錶室、機械室等１０項。,鋼筋混凝土造,103年8月15日,八層,
RPUNMLLKJIOFFCQ66CA,25,159.55,住家用,鋼筋混凝土造,83年6月29日,三層,一層 二層 三層 電梯樓梯間 見其他登記事項
RPUNMLNLIIOFFCQ86CA,24,55.73,見其他登記事項,鋼筋混凝土造,84年5月29日,四層,一層
RPUNMLNLIIOFFCQ86CA,24,20.16,共有部分,鋼筋混凝土造,84年5月29日,四層,
RPTNMLMJJIOFFCQ56CA,38,120.57,住家用,鋼筋混凝土加強磚造,70年12月29日,二層,一層 二層 陽台 電梯樓梯間
RPPNMLRKJIOFFCQ76CA,,212.84,住家用,鋼筋混凝土造,108年6月10日,三層,一層 二層 三層 見其他登記事項 見其他登記事項
RPQOMLPJJIOFFDQ76CA,1,168.23,住宅、樓梯間,鋼筋混凝土造,107年5月17日,三層,一層 二層 三層 陽台 見其他登記事項
RPPNMLPLIIOFFDQ66CA,26,79.31,集合住宅,鋼筋混凝土造,82年4月1日,六層,五層 陽台
RPPNMLPLIIOFFDQ66CA,26,9.46,共有部分,鋼筋混凝土造,82年4月1日,六層,
RPPNMLPLIIOFFDQ66CA,26,9.21,共有部分,鋼筋混凝土造,82年4月1日,六層,
RPWNMLLKJIOFFCQ86CA,39,98.10,住家用,鋼筋混凝土加強磚造,70年2月1日,二層,一層 二層
RPVNMLLKJIOFFCQ76CA,25,34.60,住家用,鋼筋混凝土造,84年2月28日,五層,二層 陽台
RPVNMLLKJIOFFCQ76CA,25,9.46,共有部分,鋼筋混凝土造,84年2月28日,五層,
RPPNMLQLIIOFFBQ56CA,24,178.33,住家用,鋼筋混凝土造,84年10月28日,三層,一層 二層 三層 電梯樓梯間
RPPNMLTLIIOFFBQ86CA,39,83.82,住家用,鋼筋混凝土加強磚造,69年12月4日,二層,一層 二層
RPUNMLLJJIOFFDQ76DA,27,132.61,住商用,鋼筋混凝土造,81年12月21日,二層,一層 二層 見其他登記事項
RPRNMLSLIIOFFCQ07CA,27,79.90,住家用,鋼筋混凝土造,81年11月30日,五層,四層 陽台
RPRNMLSLIIOFFCQ07CA,27,8.25,共有部分,鋼筋混凝土造,81年11月30日,地下層,
RPRNMLSLIIOFFCQ07CA,27,6.74,共有部分,鋼筋混凝土造,81年11月30日,五層,
RPVNMLSLIIOFFDQ57CA,14,168.46,見其他登記事項,鋼筋混凝土造,94年9月8日,四層,一層 二層 三層 四層
RPOOMLLJJIOFFDQ78CA,39,98.64,住家用,鋼筋混凝土加強磚造,70年1月1日,二層,一層 二層
RPSNMLPKJIOFFCQ86CA,1,188.23,住宅、樓梯間,鋼筋混凝土造,108年1月22日,三層,一層 二層 三層 見其他登記事項 見其他登記事項
RPUNMLPKJIOFFDQ17CA,22,83.69,集合住宅,鋼筋混凝土造,86年7月15日,四層,四層 陽台
RPUNMLPKJIOFFDQ17CA,22,6.19,樓梯間,鋼筋混凝土造,86年7月15日,四層,
RPRNMLKLJIOFFCQ09DA,27,85.07,住家用,鋼筋混凝土造,81年11月30日,五層,三層 陽台
RPRNMLKLJIOFFCQ09DA,27,8.68,共有部分,鋼筋混凝土造,81年11月30日,地下層,
RPRNMLKLJIOFFCQ09DA,27,6.94,共有部分,鋼筋混凝土造,81年11月30日,五層,
RPQNMLLMIIOFFDQ09CA,26,194.67,住商用,鋼筋混凝土造,83年3月3日,三層,一層 二層 三層 騎樓 見其他登記事項
RPPNMLMJJIOFFCQ78CA,,177.23,住宅、樓梯間,鋼筋混凝土造,108年8月2日,三層,一層 二層 三層 見其他登記事項 見其他登記事項
RPRNMLMJJIOFFCQ98CA,,182.28,住宅、樓梯間,鋼筋混凝土造,108年8月2日,三層,一層 二層 三層 見其他登記事項 見其他登記事項
RPSNMLMJJIOFFCQ09CA,,199.00,住宅、樓梯間,鋼筋混凝土造,108年8月2日,三層,一層 二層 三層 見其他登記事項 見其他登記事項
RPRNMLPJJIOFFCQ66CA,12,432.28,店鋪、住宅,鋼筋混凝土造,96年5月30日,五層,一層 二層 三層 四層 五層 騎樓
RPQNMLMJJIOFFCQ88CA,,182.28,住宅、樓梯間,鋼筋混凝土造,108年8月2日,三層,一層 二層 三層 見其他登記事項 見其他登記事項
RPPNMLRJJIOFFCQ86EA,24,81.80,集合住宅,鋼筋混凝土造,85年2月9日,五層,三層 陽台
RPXNMLOJJIOFFBQ07CA,10,.88,管理員室,鋼筋混凝土造,98年11月11日,二層,一層 二層 見其他登記事項
RPXNMLOJJIOFFBQ07CA,10,221.13,住商用,鋼筋混凝土造,98年11月11日,四層,一層 二層 三層 四層 見其他登記事項
RPUNMLLMIIOFFDQ96DA,19,163.93,住家用,鋼筋混凝土造,89年4月28日,三層,一層 二層 三層 電梯樓梯間 見其他登記事項
RPQNMLLMIIOFFEQ56CA,40,116.24,住家用,鋼筋混凝土加強磚造,69年2月7日,二層,一層 二層 電梯樓梯間
RPROMLPJJIOFFDQ86CA,,184.05,住家用,鋼筋混凝土造,108年7月2日,三層,一層 二層 三層 陽台 見其他登記事項
RPSOMLPJJIOFFDQ96CA,,197.32,停車空間、住宅,鋼筋混凝土造,108年7月2日,三層,一層 二層 三層 陽台 見其他登記事項
RPWNMLSJJIOFFDQ57CA,24,70.64,集合住宅,鋼筋混凝土造,84年12月27日,五層,五層 陽台
RPWNMLSJJIOFFDQ57CA,24,12.77,樓梯間、停車空間,鋼筋混凝土造,84年12月27日,五層,
RPWNMLLJJIOFFDQ86CA,31,251.89,農舍,鋼筋混凝土加強磚造,77年7月18日,二層,一層 二層 電梯樓梯間
RPPNMLLMIIOFFCQ88CA,5,168.29,住宅、樓梯間,鋼筋混凝土造,103年11月13日,三層,一層 二層 三層 見其他登記事項 見其他登記事項
RPQNMLRJJIOFFCQ76CA,28,141.63,住家用,鋼筋混凝土造,80年7月15日,三層,一層 二層 三層
RPQNMLLJJIOFFBQ68CA,39,82.56,住家用,鋼筋混凝土加強磚造,69年10月3日,二層,一層 二層
RPROMLMLJIOFFDQ76CA,,192.15,住家用,鋼筋混凝土造,108年7月2日,三層,一層 二層 三層 陽台 見其他登記事項
RPQNMLLJJIOFFDQ98DA,1,54.21,集合住宅,鋼筋混凝土造,108年2月23日,八層,七層 陽台
RPQNMLLJJIOFFDQ98DA,1,64.17,本共有之項目有停車空間、機械設備空間、水箱、台電配電室、防空避難室、門廳、管委會使用空間、樓梯間、水錶室、機械室等１０項。,鋼筋混凝土造,108年2月23日,八層,
RPQNMLPJJIOFFDQ76DA,41,45.66,住商用,鋼筋混凝土加強磚造,67年7月20日,二層,一層 二層
RPRNMLPJJIOFFDQ86DA,41,43.96,住商用,鋼筋混凝土加強磚造,67年7月20日,二層,一層 二層
RPUNMLLJJIOFFBQ09CA,16,220.08,住家用,鋼筋混凝土造,92年7月21日,五層,四層 陽台
RPUNMLLJJIOFFBQ09CA,16,28.49,門廳、梯間,鋼筋混凝土造,92年7月21日,,
RPSNMLPLJIOFFBQ96DA,43,91.54,住家用,鋼筋混凝土加強磚造,66年1月5日,二層,一層 二層
RPTNMLPKJIOFFCQ96CA,1,185.55,住宅、樓梯間,鋼筋混凝土造,107年7月19日,三層,一層 二層 三層 見其他登記事項 見其他登記事項
RPRNMLPKJIOFFCQ76CA,1,185.54,住宅、樓梯間,鋼筋混凝土造,107年7月19日,三層,一層 二層 三層 見其他登記事項 見其他登記事項
RPVNMLMLJIOFFBQ86CA,16,18.05,住家用,鋼筋混凝土造,92年8月21日,五層,二層 陽台
RPVNMLMLJIOFFBQ86CA,16,4.74,門廳、走道、梯間,鋼筋混凝土造,92年8月21日,五層,
RPXNMLPLJIOFFBQ37CA,37,157.01,住商用,鋼筋混凝土造,72年3月24日,三層,一層 二層 三層 騎樓 電梯樓梯間
RPQNMLMJJIOFFDQ98CA,1,204.62,住宅、樓梯間,鋼筋混凝土造,107年12月22日,三層,一層 二層 三層 陽台 見其他登記事項
RPPNMLLJJIOFFDQ78CA,39,126.93,住家用,鋼筋混凝土加強磚造,69年6月30日,二層,一層 二層 騎樓 電梯樓梯間
RPRNMLLJJIOFFDQ98CA,12,201.51,停車空間、店舖住宅,鋼筋混凝土造,96年5月1日,四層,一層 二層 三層 四層 陽台
RPVNMLQLJIOFFDQ47CA,25,223.72,住家用,鋼筋混凝土造,84年3月13日,三層,一層 二層 三層 見其他登記事項
SPTNMLOJJIOFFCQ86CA,36,61.08,國民住宅,鋼筋混凝土造,72年3月12日,五層,二層
RPOOMLNKJIOFFBQ88CA,6,195.36,住宅、樓梯間,鋼筋混凝土造,102年9月10日,三層,一層 二層 三層 見其他登記事項 見其他登記事項
RPSNMLOJJIOFFCQ86EA,20,7.47,共有部分,鋼筋混凝土造,88年6月29日,四層,
RPSNMLOJJIOFFCQ86EA,20,78.59,住商用,鋼筋混凝土造,88年6月29日,四層,一層 陽台
RPSNMLQJJIOFFDQ96CA,20,132.56,集合住宅,鋼筋混凝土造,88年5月31日,三層,一層 二層 三層 陽台 雨遮
RPUOMLPJJIOFFDQ17CA,39,65.49,住家用,鋼筋混凝土加強磚造,69年7月1日,一層,一層
RPRNMLMJKIOFFDQ56CA,25,234.76,住商用,鋼筋混凝土造,83年9月8日,四層,一層 二層 三層 四層 見其他登記事項
RPQNMLLKJIOFFDQ98CA,17,181.56,店舖、集合住宅,鋼筋混凝土造,91年12月26日,四層,一層 二層 三層 四層 見其他登記事項
RPTNMLMLJIOFFDQ86CA,,187.55,停車空間、住宅,鋼筋混凝土造,108年7月2日,三層,一層 二層 三層 陽台 見其他登記事項
RPVNMLMLJIOFFDQ07CA,,205.31,停車空間、住宅,鋼筋混凝土造,108年7月2日,四層,一層 二層 三層 四層 陽台
RPRNMLLLJIOFFDQ56CA,17,179.97,集合住宅,鋼筋混凝土造,91年12月26日,四層,一層 二層 三層 四層 見其他登記事項
RPOOMLMLJIOFFDQ09CA,,238.55,停車空間、住宅,鋼筋混凝土造,108年7月2日,四層,一層 二層 三層 四層 陽台
RPUNMLMLJIOFFDQ96CA,,195.63,住家用,鋼筋混凝土造,108年7月2日,三層,一層 二層 三層 陽台
RPXNMLMLJIOFFDQ27CA,,202.30,停車空間、住宅,鋼筋混凝土造,108年7月2日,四層,一層 二層 三層 四層 陽台
RPXNMLNKJIOFFBQ07CA,14,283.48,住商用,鋼筋混凝土造,94年12月26日,四層,一層 二層 三層 四層 陽台 雨遮
RPQNMLQJJIOFFBQ56CA,28,186.28,住家用,鋼筋混凝土加強磚造,80年10月22日,四層,一層 二層 三層 四層
RPOOMLLKJIOFFDQ98DA,21,277.14,住家用,鋼筋混凝土造,87年4月23日,三層,一層 二層 三層
RPQNMLPJJIOFFBQ09CA,33,95.13,置物室,鐵骨造,75年12月10日,一層,一層
RPPNMLQJJIOFFCQ76EA,37,99.77,住家用,鋼筋混凝土加強磚造,71年4月16日,二層,一層 二層 陽台
RPXNMLQJJIOFFCQ37CA,,250.45,住宅、梯間,鋼筋混凝土造,108年7月30日,三層,一層 二層 三層 見其他登記事項 見其他登記事項
RPQOMLMLJIOFFDQ66CA,,188.55,住家用,鋼筋混凝土造,108年7月2日,三層,一層 二層 三層 陽台 見其他登記事項
RPPOMLMLJIOFFDQ56CA,,199.55,住家用,鋼筋混凝土造,108年7月2日,三層,一層 二層 三層 陽台 見其他登記事項
RPUNMLPKJIOFFCQ07CA,1,209.83,住宅、樓梯間,鋼筋混凝土造,107年7月31日,三層,一層 二層 三層 見其他登記事項 見其他登記事項
RPWNMLQJJIOFFDQ37CA,,190.88,停車空間、住宅,鋼筋混凝土造,108年7月2日,三層,一層 二層 三層 陽台 見其他登記事項
RPUNMLLLJIOFFDQ86CA,,190.88,停車空間、住宅,鋼筋混凝土造,108年7月2日,三層,一層 二層 三層 陽台 見其他登記事項
RPXNMLQJJIOFFDQ47CA,,192.15,住家用,鋼筋混凝土造,108年7月2日,三層,一層 二層 三層 陽台 見其他登記事項
RPVNMLPKJIOFFCQ17CA,1,185.36,住宅、樓梯間,鋼筋混凝土造,108年1月22日,三層,一層 二層 三層 見其他登記事項 見其他登記事項
RPVNMLQJJIOFFDQ27CA,,184.05,住家用,鋼筋混凝土造,108年7月2日,三層,一層 二層 三層 陽台 見其他登記事項
RPQNMLNLJIOFFCQ56CA,,186.40,住宅、樓梯間,鋼筋混凝土造,108年8月21日,三層,一層 二層 三層 見其他登記事項 見其他登記事項
RPVNMLMLJIOFFCQ96CA,,60.26,住家用,磚造,,一層,一層
RPPNMLKMJIOFFBQ78CA,5,54.46,集合住宅,鋼筋混凝土造,103年8月15日,八層,七層 陽台
RPPNMLKMJIOFFBQ78CA,5,46.61,停車空間、機械設備空間、水箱、門廳、管委會使用空間、台電配電室、電信室、樓梯間、水錶室、機械室等１０項。,鋼筋混凝土造,103年8月15日,八層,
RPOOMLNLJIOFFCQ09CA,,186.44,住宅、樓梯間,鋼筋混凝土造,108年8月21日,三層,一層 二層 三層 見其他登記事項 見其他登記事項
RPXNMLNLJIOFFCQ27CA,,186.44,住宅、樓梯間,鋼筋混凝土造,108年8月21日,三層,一層 二層 三層 見其他登記事項 見其他登記事項
RPUNMLRJJIOFFCQ17CA,38,111.71,住家用,鋼筋混凝土加強磚造,71年3月6日,二層,一層 二層 陽台
RPRNMLRJJIOFFCQ86CA,17,273.00,農機具室、水稻育苗作業室,鋼骨造,91年4月23日,一層,一層
RPTNMLRJJIOFFBQ96CA,28,266.46,住家用,鋼筋混凝土加強磚造,81年1月20日,四層,一層 二層 三層 四層
RPOOMLRJJIOFFBQ56CA,13,19.19,住家用,鋼筋混凝土造,95年8月28日,八層,七層 陽台
RPOOMLRJJIOFFBQ56CA,13,7.43,共有部分,鋼筋混凝土造,95年8月28日,,
RPOOMLRJJIOFFBQ56CA,13,4.60,共有部分,鋼筋混凝土造,95年8月28日,,
RPVNMLNKJIOFFBQ86CA,4,174.03,住宅、樓梯間,鋼筋混凝土造,104年10月21日,三層,一層 二層 三層 見其他登記事項 見其他登記事項
RPRNMLLKJIOFFBQ88CA,2,170.10,店舖、停車空間、住宅、樓梯間,鋼筋混凝土加強磚造,107年2月7日,三層,一層 二層 三層 陽台 見其他登記事項
RPSNMLTKJIOFFCQ47EA,40,244.03,住家用,鋼筋混凝土造,68年5月9日,三層,一層 二層 三層 電梯樓梯間
RPRNMLSLJIOFFDQ47EA,24,64.71,集合住宅,鋼筋混凝土造,84年9月8日,十二層,八層 陽台 花台
RPRNMLSLJIOFFDQ47EA,24,13.69,防空避難室,鋼筋混凝土造,84年9月8日,十二層,
RPRNMLSLJIOFFDQ47EA,24,15.86,梯間,鋼筋混凝土造,84年9月8日,十二層,
RPRNMLLKJIOFFCQ98CA,1,264.71,住宅、停車空間,鋼筋混凝土造,107年8月10日,四層,一層 二層 三層 四層 見其他登記事項
RPTNMLSJJIOFFCQ17CA,40,124.40,住家用,鋼筋混凝土加強磚造,68年12月15日,二層,一層 二層 騎樓
RPWNMLNLJIOFFCQ17CA,,186.44,住宅、樓梯間,鋼筋混凝土造,108年8月21日,三層,一層 二層 三層 見其他登記事項 見其他登記事項
RPOOMLPLJIOFFDQ76CA,16,18.87,集合住宅,鋼筋混凝土造,92年5月5日,五層,二層 陽台
RPOOMLPLJIOFFDQ76CA,16,4.44,集合住宅,鋼筋混凝土造,92年5月5日,五層,
RPUNMLNLJIOFFCQ96CA,,186.44,住宅、樓梯間,鋼筋混凝土造,108年8月21日,三層,一層 二層 三層 見其他登記事項 見其他登記事項
RPVNMLNLJIOFFCQ07CA,,186.44,住宅、樓梯間,鋼筋混凝土造,108年8月21日,三層,一層 二層 三層 見其他登記事項 見其他登記事項
RPWOMLMKJIOFFDQ17CA,28,132.56,人行道、客廳、廚房、臥室、浴廁、樓梯間,鋼筋混凝土造、磚造,80年7月26日,二層,一層 二層 陽台 騎樓 見其他登記事項
RPPNMLNLJIOFFDQ56CA,10,166.25,住宅、樓梯間,鋼筋混凝土造,99年1月27日,三層,一層 二層 三層 陽台 雨遮 見其他登記事項
RPUNMLKLJIOFFDQ76CA,37,106.01,住商用,鋼筋混凝土加強磚造,71年7月9日,二層,一層 二層 電梯樓梯間
RPTNMLMKJIOFFDQ76CA,26,139.82,住家用,鋼筋混凝土造,82年7月26日,三層,一層 二層 三層 見其他登記事項
RPPNMLPKJIOFFDQ66CA,39,114.40,住家用,加強磚造,70年4月1日,二層,一層 二層 陽台
RPTNMLPLJIOFFDQ17CA,39,37.79,住商用,鋼筋混凝土加強磚造,69年3月31日,二層,一層 二層 騎樓
RPOOMLLKJIOFFCQ78CA,25,175.74,住家用,鋼筋混凝土造,83年10月20日,四層,一層 二層 三層 四層 平台 見其他登記事項
RPOOMLKLJIOFFCQ78CA,42,91.20,住家用,鋼筋混凝土加強磚造,66年12月30日,二層,一層 二層 騎樓
RPPNMLLKJIOFFCQ78CA,38,98.08,住家用,鋼筋混凝土加強磚造,71年2月18日,二層,一層 二層
RPQNMLMLJIOFFBQ98CA,13,19.19,住家用,鋼筋混凝土造,95年8月28日,八層,五層 陽台
RPQNMLMLJIOFFBQ98CA,13,7.43,共有部分,鋼筋混凝土造,95年8月28日,,
RPQNMLMLJIOFFBQ98CA,13,4.61,共有部分,鋼筋混凝土造,95年8月28日,,
RPTNMLLKJIOFFBQ09CA,5,226.54,住宅，儲藏室，水箱,鋼筋混凝土造,103年6月25日,四層,一層 二層 三層 四層 陽台 見其他登記事項
RPTNMLSJJIOFFDQ37DA,62,53.63,住家用,木造,46年7月6日,一層,一層
RPPNMLSKJIOFFDQ07DA,16,165.92,住家用,鋼筋混凝土造,92年6月24日,三層,一層 二層 三層 陽台
RPPNMLTKJIOFFDQ07CA,36,89.06,住家用,鋼筋混凝土加強磚造,73年1月16日,二層,一層 二層 電梯樓梯間
RPPNMLRKJIOFFDQ86CA,,183.53,住宅、梯間,鋼筋混凝土造,108年7月5日,三層,一層 二層 三層 見其他登記事項 見其他登記事項
