﻿編號,屋齡,建物移轉面積平方公尺,主要用途,主要建材,建築完成日期,總層數,建物分層
The serial number,room age,building shifting area square meter,the main use,main building materials,construction completes the date,total layer,building lamination
RPTNMLRKRHOFFDQ18CC,24,102.31,店舖、集合住宅,鋼筋混凝土造,85年2月7日,九層,
RPQNMLNKQHOFFBQ17CC,22,45.89,住商用,鋼筋混凝土造,86年7月29日,五層,
RPSNMLSLQHOFFEQ28CC,3,216.69,農舍,鋼骨構造,106年2月21日,三層,
RPUNMLSKRHOFFDQ38CC,12,173.63,集合住宅,鋼筋混凝土造,96年7月17日,四層,
RPRNMLLMIIOFFBQ56CC,13,22.32,住家用,鋼筋混凝土造,95年8月28日,八層,
RPPNMLRKRHOFFBQ57CC,13,48.38,商業用,鋼筋混凝土造,95年8月28日,八層,
