﻿編號,屋齡,建物移轉面積平方公尺,主要用途,主要建材,建築完成日期,總層數,建物分層
The serial number,room age,building shifting area square meter,the main use,main building materials,construction completes the date,total layer,building lamination
RPPOMLNKQHOFFAU47CC,31,151.39,住商用,鋼筋混凝土造,77年12月8日,二層,
RPOOMLNKQHOFFAU47DC,41,117.80,住商用,鋼筋混凝土加強磚造,67年9月15日,二層,
RPROMLNKQHOFFAU77DC,3,43.01,住家用,鋼筋混凝土造,105年5月4日,三層,
RPWNMLQKQHOFFAU38CC,42,60.36,住商用,鋼筋混凝土造,66年11月10日,三層,
RPPPMLOKQHOFFAU87EC,41,219.99,住商用,鋼筋混凝土造,67年12月13日,三層,
RPRNMLLLQHOFFAU47CC,25,48.02,住家用,鋼筋混凝土造,83年8月11日,八層,
RPRNMLLLQHOFFAU47CC,25,20.40,共有部份,鋼筋混凝土造,83年8月11日,八層,
RPXNMLQKQHOFFAU48CC,39,106.50,住商用,鋼筋混凝土造,69年8月4日,八層,
RPVOMLKLQHOFFAU87CC,14,263.25,住商用,鋼筋混凝土造,94年7月8日,四層,
RPUOMLPKQHOFFAU28DC,3,38.08,住家用,鋼筋混凝土造,105年5月4日,三層,
RPXNMLMLQHOFFAU18CC,8,21.09,住家用,鋼筋混凝土造,100年6月7日,三層,
RPOOMLMLQHOFFAU37CC,16,63.17,住家用,鋼骨造,92年2月21日,十二層,
RPOOMLMLQHOFFAU37CC,16,8.27,共有部份,鋼骨造,92年2月21日,十二層,
RPOOMLMLQHOFFAU37CC,16,12.06,共有部份,鋼骨造,92年2月21日,十二層,
RPPNMLMLQHOFFAU47DC,20,114.32,住商用,鋼筋混凝土造,88年4月20日,四層,
RPPNMLMLQHOFFAU47DC,20,11.17,共有部份,鋼筋混凝土造,88年4月20日,四層,
RPPOMLQKQHOFFAU77CC,4,60.27,商業用,鋼鐵造有牆,102年10月15日,一層,
RPOOMLQKQHOFFAU67CC,23,76.63,住家用,鋼筋混凝土造,85年2月5日,十二層,
RPOOMLQKQHOFFAU67CC,23,12.27,共有部份,鋼筋混凝土造,85年2月5日,十二層,
RPOOMLQKQHOFFAU67CC,23,12.20,共有部份,鋼筋混凝土造,85年2月5日,十二層,
RPPOMLTKQHOFFAU08CC,1,47.28,住家用,鋼筋混凝土造,107年5月14日,五層,
RPRNMLRLQHOFFAU28EC,24,81.21,住家用,鋼筋混凝土造,84年2月6日,五層,
RPRNMLRLQHOFFAU28EC,24,12.80,共有部份,鋼筋混凝土造,84年2月6日,五層,
RPUNMLKMQHOFFAU77CC,25,61.99,住家用,鋼筋混凝土造,83年5月16日,五層,
RPUNMLKMQHOFFAU77CC,25,31.92,共有部份,鋼筋混凝土造,83年5月16日,五層,
RPOOMLKMQHOFFAU27CC,24,34.07,住家用,鋼筋混凝土造,84年3月16日,五層,
RPOOMLKMQHOFFAU27CC,24,8.66,共有部份,鋼筋混凝土造,84年3月16日,五層,
RPOOMLQLQHOFFAU77CC,37,66.80,住商用,鋼筋混凝土造,71年4月24日,三層,
RPROMLRLQHOFFAU18CC,47,111.85,住家用,鋼筋混凝土造,61年8月9日,二層,
RPVNMLKMQHOFFAU87CC,24,76.73,住家用,鋼筋混凝土造,84年3月21日,十四層,
RPVNMLKMQHOFFAU87CC,24,8.20,共有部份,鋼筋混凝土造,84年3月21日,十三層,
RPVNMLKMQHOFFAU87CC,24,9.80,共有部份,鋼筋混凝土造,84年3月21日,十四層,
RPVNMLQLQHOFFAU38CC,4,326.21,住家用,鋼筋混凝土造,104年11月30日,四層,
RPOOMLNLQHOFFAU47CC,1,28.00,住家用,鋼筋混凝土造,107年7月18日,四層,
RPWNMLNLQHOFFAU18CC,1,27.00,住家用,鋼筋混凝土造,107年7月18日,四層,
RPUNMLNLQHOFFAU97CC,24,21.16,住家用,鋼筋混凝土造,84年8月19日,十一層,
RPUNMLNLQHOFFAU97CC,24,7.41,共有部份,鋼筋混凝土造,84年8月19日,十一層,
RPQOMLKMQHOFFAU47CC,30,73.04,住家用,鋼筋混凝土造,78年6月24日,四層,
RPSOMLKMQHOFFAU67CC,15,83.61,住家用,鋼筋混凝土造,93年10月21日,三層,
RPQOMLKMQHOFFAU47CC,30,16.62,共有部份,鋼筋混凝土造,78年6月24日,四層,
RPSOMLKMQHOFFAU67CC,15,10.39,共有部份,鋼筋混凝土造,93年10月21日,三層,
RPWNMLNJRHOFFAU18DC,17,112.10,住家用,鋼筋混凝土造,91年12月2日,十三層,
RPWNMLNJRHOFFAU18DC,17,64.29,共有部份,鋼筋混凝土造,91年12月2日,十三層,
RPVOMLKMQHOFFAU97CC,27,101.17,住家用,鋼筋混凝土造,82年1月9日,七層,
RPVOMLKMQHOFFAU97CC,27,10.21,共有部份,鋼筋混凝土造,82年1月9日,七層,
RPVOMLKMQHOFFAU97CC,27,11.39,共有部份,鋼筋混凝土造,82年1月9日,七層,
RPTOMLKMQHOFFAU77CC,31,59.57,住商用,鋼筋混凝土造,77年5月26日,二層,
RPTOMLKMQHOFFAU77CC,31,60.39,住商用,鋼筋混凝土造,77年5月26日,二層,
RPUOMLKMQHOFFAU87CC,13,228.44,住商用,鋼筋混凝土造,95年3月22日,四層,
RPOOMLOJRHOFFAU47CC,9,74.66,集合住宅,鋼筋混凝土造,100年1月21日,十二層,
RPOOMLOJRHOFFAU47CC,9,33.01,共有部份,鋼筋混凝土造,100年1月21日,十二層,
RPXOMLKMQHOFFAU18CC,24,229.42,住商用,鋼筋混凝土造,84年8月14日,五層,
RPOOMLMJRHOFFAU27CC,41,89.55,住商用,鋼筋混凝土加強磚造,67年11月9日,二層,
RPWNMLMJRHOFFAU97CC,39,118.89,住商用,鋼筋混凝土造,69年8月6日,四層,
RPVNMLMJRHOFFAU87CC,43,91.99,住家用,鋼筋混凝土加強磚造,66年2月16日,二層,
RPRRMLQJRHOFFAU28CC,1,47.28,住家用,鋼筋混凝土造,107年5月14日,五層,
RPPPMLPJRHOFFAU77CC,26,74.51,住家用,鋼筋混凝土造,82年11月8日,六層,
RPTNMLLKRHOFFAU67CC,,71.24,商業用,木造,,一層,
RPTNMLPJRHOFFAU97CC,35,102.43,住家用,鋼筋混凝土造,74年2月13日,四層,
RPTNMLPJRHOFFAU97CC,35,14.94,共有部份,鋼筋混凝土造,74年2月13日,四層,
RPSRMLQJRHOFFAU38CC,2,24.00,住家用,鋼筋混凝土造,106年11月24日,五層,
RPRNMLLKRHOFFAU57DC,25,43.74,住家用,鋼筋混凝土造,83年4月14日,六層,
RPRNMLLKRHOFFAU57DC,25,18.77,共有部份,鋼筋混凝土造,83年4月14日,六層,
RPSNMLLKRHOFFAU67DC,26,102.62,住家用,鋼筋混凝土造,83年2月2日,七層,
RPSNMLLKRHOFFAU67DC,,29.42,共有部份,鋼筋混凝土造,,七層,
RPUNMLQKRHOFFAU28CC,24,42.85,住家用,鋼筋混凝土造,84年4月6日,五層,
RPUNMLQKRHOFFAU28CC,24,6.39,共有部份,鋼筋混凝土造,84年4月6日,五層,
RPRNMLRKRHOFFAU18DC,41,35.71,住家用,鋼筋混凝土加強磚造,67年4月11日,一層,
RPQNMLSKRHOFFAU08CC,22,57.41,住家用,鋼筋混凝土造,86年5月24日,七層,
RPQNMLSKRHOFFAU08CC,22,22.01,共有部份,鋼筋混凝土造,86年5月24日,七層,
RPOOMLOLRHOFFAU67CC,33,50.94,住家用,鋼筋混凝土造,75年10月27日,九層,
RPOOMLOLRHOFFAU67CC,33,11.13,共有部份,鋼筋混凝土造,75年10月27日,九層,
RPWNMLQKRHOFFAU48CC,3,38.07,住家用,鋼筋混凝土造,105年5月4日,三層,
RPWOMLKMQHOFFAU08CC,22,35.37,住家用,鋼筋混凝土造,86年5月24日,五層,
RPWOMLKMQHOFFAU08CC,22,6.77,共有部份,鋼筋混凝土造,86年5月24日,五層,
RPROMLNLRHOFFAU87CC,1,23.00,住家用,鋼筋混凝土造,107年7月18日,四層,
RPSNMLPJRHOFFAU87CC,34,83.98,住商用,鋼筋混凝土造,74年11月8日,三層,
RPPNMLSKRHOFFAU97CC,23,25.11,住家用,鋼筋混凝土造,86年1月13日,七層,
RPPNMLSKRHOFFAU97CC,23,9.27,共有部份,鋼筋混凝土造,86年1月13日,七層,
RPPNMLSKRHOFFAU97CC,23,10.52,共有部份,鋼筋混凝土造,86年1月13日,七層,
RPUNMLPLRHOFFAU28CC,34,78.42,住商用,鋼筋混凝土造,74年4月2日,二層,
RPTOMLMJIIOFFAU17EC,44,1274.92,商業用,鋼筋混凝土造,64年6月27日,四層,
RPPOMLMJIIOFFAU66DC,35,94.26,住家用,鋼筋混凝土加強磚造,73年8月31日,二層,
RPUOMLMJIIOFFAU27EC,31,225.74,住商用,鋼筋混凝土造,77年4月25日,三層,
RPUNMLPJRHOFFAU08CC,25,60.02,住家用,鋼筋混凝土造,83年6月10日,五層,
RPUNMLPJRHOFFAU08CC,25,8.27,共有部份,鋼筋混凝土造,83年6月10日,五層,
RPWNMLRJIIOFFAU67CC,34,20.00,住商用,鋼筋混凝土造,74年4月24日,三層,
RPVNMLQLRHOFFAU48CC,45,133.29,住商用,鋼筋混凝土加強磚造,63年9月2日,二層,
RPQOMLRJIIOFFAU17CC,23,49.08,住家用,鋼筋混凝土造,85年5月13日,五層,
RPQOMLRJIIOFFAU17CC,23,11.63,共有部份,鋼筋混凝土造,85年3月13日,五層,
RPOOMLLJIIOFFAU98CC,39,20.00,住商用,鋼筋混凝土加強磚造,69年3月31日,二層,
RPPOMLRJIIOFFAU07CC,34,20.00,住商用,鋼筋混凝土造,74年4月24日,三層,
RPUNMLNJIIOFFAU07CC,1,47.28,住家用,鋼筋混凝土造,107年5月14日,五層,
RPOPMLRJIIOFFAU07CC,28,63.02,住家用,鋼筋混凝土造,81年1月21日,六層,
RPOPMLRJIIOFFAU07CC,28,33.78,共有部份,鋼筋混凝土造,81年1月21日,六層,
RPXOMLMJIIOFFAU37CC,25,60.79,住家用,鋼筋混凝土造,83年4月14日,六層,
RPOOMLQLRHOFFAU87CC,29,203.37,住商用,鋼筋混凝土造,79年8月1日,四層,
RPUOMLPLRHOFFAU38CC,36,110.61,住商用,鋼筋混凝土加強磚造,72年7月1日,二層,
RPOPMLSJIIOFFAU17CC,14,51.76,住商用,鋼筋混凝土造,94年7月5日,四層,
RPVNMLPLRHOFFAU38CC,36,73.35,住家用,鋼筋混凝土造,72年9月10日,四層,
RPVNMLPLRHOFFAU38CC,36,7.69,共有部份,鋼筋混凝土造,72年9月10日,四層,
RPROMLQKIIOFFAU37DC,2,38.19,共有部份,鋼筋混凝土造,107年1月29日,十一層,
RPROMLQKIIOFFAU37DC,2,18.46,共有部份,鋼筋混凝土造,107年1月29日,十一層,
RPROMLQKIIOFFAU37DC,2,101.96,集合住宅,鋼筋混凝土造,107年1月29日,十一層,
RPQOMLPKIIOFFAU07CC,23,77.08,住家用,鋼筋混凝土造,86年1月6日,七層,
RPQOMLPKIIOFFAU07CC,23,17.70,共有部份,鋼筋混凝土造,86年1月6日,七層,
RPQOMLPKIIOFFAU07CC,23,11.70,共有部份,鋼筋混凝土造,86年1月16日,七層,
RPRNMLRKIIOFFAU27CC,25,31.69,商業用,鋼筋混凝土造,83年6月30日,十二層,
RPRNMLRKIIOFFAU27CC,25,5.02,共有部份,鋼筋混凝土造,83年6月30日,十二層,
RPRNMLRKIIOFFAU27CC,25,8.21,共有部份,鋼筋混凝土造,83年6月30日,十二層,
RPWNMLRKIIOFFAU77CC,27,87.75,住家用,鋼筋混凝土造,81年11月17日,六層,
RPWNMLRKIIOFFAU77CC,27,11.48,停車空間,鋼筋混凝土造,81年11月17日,六層,
RPWNMLRKIIOFFAU77CC,27,13.58,共有部份,鋼筋混凝土造,81年11月17日,六層,
RPOOMLPKIIOFFAU86CC,37,304.85,住商用,鋼筋混凝土造,72年2月9日,四層,
RPWNMLOKIIOFFAU47CC,20,113.78,住家用,鋼筋混凝土造,88年5月20日,五層,
RPWNMLOKIIOFFAU47CC,20,25.66,共有部份,鋼筋混凝土造,88年5月20日,五層,
RPWNMLOKIIOFFAU47CC,20,13.39,停車空間,鋼筋混凝土造,88年5月20日,五層,
RPOOMLLLIIOFFAU66DC,39,62.05,住家用,鋼筋混凝土造,69年6月30日,五層,
RPOOMLLLIIOFFAU66DC,39,12.44,共有部份,,69年6月30日,,
RPVNMLOKIIOFFAU37CC,25,60.79,住家用,鋼筋混凝土造,83年4月14日,六層,
RPVNMLOKIIOFFAU37CC,25,22.39,共有部份,鋼筋混凝土造,83年4月14日,六層,
RPXNMLSLIIOFFAU18DC,26,53.85,住家用,鋼筋混凝土造,83年1月10日,九層,
RPXNMLSLIIOFFAU18DC,26,22.85,共有部份,鋼筋混凝土造,83年1月10日,九層,
RPXNMLKMIIOFFAU47DC,35,78.17,住家用,鋼筋混凝土造,73年6月25日,五層,
RPXNMLKMIIOFFAU47DC,35,5.69,共有部份,鋼筋混凝土造,73年6月25日,五層,
RPXNMLKMIIOFFAU47DC,35,7.69,共有部份,鋼筋混凝土造,73年6月25日,五層,
RPWOMLRKIIOFFAU87CC,23,49.24,住商用,鋼筋混凝土造,85年7月23日,五層,
RPUNMLRKIIOFFAU57CC,13,220.34,住商用,鋼筋混凝土造,96年3月13日,三層,
RPVNMLNLIIOFFAU37CC,23,49.93,住家用,鋼筋混凝土造,85年10月29日,十六層,
RPVNMLNLIIOFFAU37CC,23,8.64,共有部份,鋼筋混凝土造,85年10月29日,十六層,
RPVNMLNLIIOFFAU37CC,23,13.21,共有部份,鋼筋混凝土造,85年10月29日,十六層,
RPRNMLSKIIOFFAU37CC,25,79.39,住家用,鋼筋混凝土造,84年2月22日,八層,
RPRNMLSKIIOFFAU37CC,25,14.98,共有部份,鋼筋混凝土造,84年2月22日,八層,
RPRNMLSKIIOFFAU37CC,25,12.27,共有部份,鋼筋混凝土造,84年2月22日,八層,
RPSOMLLMIIOFFAU07CC,1,40.07,住家用,鋼筋混凝土造,107年5月14日,五層,
RPTOMLMLIIOFFAU17CC,24,65.69,住家用,鋼筋混凝土造,84年11月4日,十一層,
RPTOMLMLIIOFFAU17CC,24,10.03,共有部份,鋼筋混凝土造,84年11月4日,十一層,
RPTOMLMLIIOFFAU17CC,24,15.10,共有部份,鋼筋混凝土造,84年11月4日,十層,
RPTNMLLLIIOFFAU96CC,1,53.05,住家用,鋼筋混凝土造,107年5月14日,五層,
RPPNMLOJJIOFFAU76CC,1,40.26,住家用,鋼筋混凝土造,107年5月14日,五層,
RPWNMLOJJIOFFAU57DC,35,114.12,住家用,鋼筋混凝土造,73年8月27日,五層,
RPWNMLOJJIOFFAU57DC,35,8.22,共有部份,鋼筋混凝土造,73年8月27日,,
RPWNMLOJJIOFFAU57DC,35,7.82,共有部份,鋼筋混凝土造,73年8月27日,,
RPQOMLPJJIOFFAU07CC,13,272.83,住家用,鋼筋混凝土造,96年1月17日,四層,
RPTNMLPJJIOFFAU27CC,1,53.05,住家用,鋼筋混凝土造,107年5月14日,五層,
RPTNMLLMIIOFFAU07CC,26,265.41,廠房、宿舍、倉庫,鋼筋混凝土造,83年2月5日,四層,
RPRNMLRJJIOFFAU27CC,40,94.80,住商用,鋼筋混凝土加強磚造,69年1月17日,二層,
RPVOMLLJJIOFFAU17CC,2,24.00,住家用,鋼筋混凝土造,106年11月24日,五層,
RPWOMLQJJIOFFAU77CC,24,25.90,住家用,鋼筋混凝土造,84年4月14日,五層,
RPWOMLQJJIOFFAU77CC,24,13.30,共有部份,鋼筋混凝土造,84年4月14日,五層,
RPXOMLQJJIOFFAU87CC,4,93.89,住家用,鋼筋混凝土造,104年8月25日,四層,
RPOOMLQJJIOFFAU96CC,1,23.00,住家用,鋼筋混凝土造,107年7月18日,四層,
RPTNMLRJJIOFFAU47CC,24,52.35,住家用,鋼筋混凝土造,85年1月30日,五層,
RPTNMLRJJIOFFAU47CC,24,11.06,共有部份,鋼筋混凝土造,85年1月30日,五層,
RPSNMLRJJIOFFAU37CC,24,26.86,住家用,鋼筋混凝土造,85年2月2日,十層,
RPSNMLRJJIOFFAU37CC,24,3.99,共有部份,鋼筋混凝土造,85年2月2日,十層,
RPSNMLRJJIOFFAU37CC,24,11.91,共有部份,鋼筋混凝土造,85年2月2日,十層,
RPSNMLRJJIOFFAU37CC,24,.74,共有部份,鋼筋混凝土造,85年2月2日,十層,
RPSPMLQJJIOFFAU47CC,39,268.04,住商用,鋼筋混凝土造,70年3月31日,四層,
RPQPMLQJJIOFFAU27CC,25,28.77,住家用,鋼筋混凝土造,83年11月17日,五層,
RPQPMLQJJIOFFAU27CC,25,6.61,共有部份,鋼筋混凝土造,83年11月17日,五層,
RPQNMLRJJIOFFAU17CC,23,183.46,住家用,鋼筋混凝土造,85年5月21日,四層,
RPSOMLSJJIOFFAU57CC,14,248.52,住家用,鋼筋混凝土造,94年8月19日,四層,
RPWNMLRJJIOFFAU77CC,27,57.77,住家用,鋼筋混凝土造,81年11月17日,六層,
RPWNMLRJJIOFFAU77CC,27,11.48,停車空間,鋼筋混凝土造,81年11月17日,六層,
RPWNMLRJJIOFFAU77CC,27,12.15,共有部份,鋼筋混凝土造,81年11月17日,六層,
