﻿編號,土地位置,土地移轉面積(平方公尺),使用分區或編定,權利人持分分母,權利人持分分子,移轉情形,地號
The serial number, land position,land shifting area square meter,the use zoning or compiles and checks,,,,land parcel
RPXNMLNKQHOFFAV08CA,東海段,25.08,都市：住,10000,42,持分移轉,01300000
RPXNMLNKQHOFFAV08CA,東海段,1.62,都市：住,10000,42,持分移轉,01300002
RPUOMLNKQHOFFAV87CA,建華段,1000.00,都市：農,1,1,全筆移轉,15010004
RPSNMLOKQHOFFAV67CA,新生段,504.00,都市：其他:體育場用地,1,1,全筆移轉,16120000
RPPNMLMKQHOFFCV37CA,溪埔段,144.39,都市：工,1,1,全筆移轉,11330000
RPPNMLMKQHOFFCV37CA,溪埔段,134.33,都市：工,1,1,全筆移轉,11590000
RPSNMLQKQHOFFAV87CA,知本段,4803.00,非都市：特定農業區 ; 非都市編定：農牧用地,1,1,全筆移轉,73570001
RPOOMLMLQHOFFAV27CA,馬蘭段,11.75,都市：住,10000,290,持分移轉,18030000
RPOOMLNKQHOFFAV27CA,南清段,11.92,都市：住,1,1,全筆移轉,06470001
RPOOMLNKQHOFFAV27CA,南清段,118.00,都市：住,1,1,全筆移轉,06490004
RPPNMLTKQHOFFBV08DA,南八里段,88.82,非都市：鄉村區 ; 非都市編定：乙種建築用地,1,1,全筆移轉,01460000
RPPNMLQKQHOFFAV67DA,台東段,71.00,都市：住,1,1,全筆移轉,01810005
RPQOMLMLQHOFFAV47CA,東農段,4846.78,非都市：特定農業區 ; 非都市編定：農牧用地,1,1,全筆移轉,01420000
RPPNMLPKQHOFFBV57CA,城仔埔段,2328.48,非都市：風景區 ; 非都市編定：農牧用地,1,1,全筆移轉,01540000
RPSOMLNKQHOFFAV67CA,岩灣段,93.10,都市：住,1,1,全筆移轉,03980004
RPWOMLNKQHOFFAV08CA,常德段,135.61,都市：住,1,1,全筆移轉,06890000
RPQNMLNKQHOFFAV37CA,豐里段,110.23,非都市：鄉村區 ; 非都市編定：乙種建築用地,1,1,全筆移轉,09300006
RPRNMLQKQHOFFAV77CA,富岡南段,650.83,非都市：鄉村區 ; 非都市編定：乙種建築用地,1,1,全筆移轉,10960000
RPQNMLOKQHOFFAV47CA,利家段,3210.00,非都市：特定農業區 ; 非都市編定：農牧用地,1,1,全筆移轉,55550000
RPQNMLOKQHOFFAV47CA,利家段,1067.00,非都市：特定農業區 ; 非都市編定：農牧用地,1,1,全筆移轉,55670000
RPQNMLKLQHOFFCV47DA,康源段,430.00,非都市：鄉村區 ; 非都市編定：乙種建築用地,1,1,全筆移轉,09620000
RPPNMLTKQHOFFAV87CA,豐航段,1350.32,都市：農,1,1,全筆移轉,01500000
RPPNMLTKQHOFFAV87CA,豐航段,1334.44,都市：農,1,1,全筆移轉,01510000
RPTNMLOKQHOFFAV77CA,利家段,2116.50,非都市：特定農業區 ; 非都市編定：農牧用地,2,1,持分移轉,62950000
RPSNMLPKQHOFFAV77CA,馬蘭段,202.00,都市：住,1,1,全筆移轉,15630000
RPQNMLTKQHOFFAV97CA,知本段,479.50,非都市：特定農業區 ; 非都市編定：農牧用地,2,1,持分移轉,82430001
RPPNMLSLQHOFFBV97CA,北佳里段,3195.84,非都市：風景區 ; 非都市編定：農牧用地,1,1,全筆移轉,03620000
RPPNMLSLQHOFFBV97CA,北佳里段,1472.74,非都市：風景區 ; 非都市編定：農牧用地,1,1,全筆移轉,03630000
RPTNMLPKQHOFFAV87CA,南王段,197.06,都市：住,1,1,全筆移轉,03020000
RPRNMLPKQHOFFAV67CA,岩灣段,83.26,都市：住,49132,22517,持分移轉,03980000
RPPNMLPKQHOFFAV47CA,建華段,1692.53,非都市：特定農業區 ; 非都市編定：農牧用地,1,1,全筆移轉,03060000
RPPNMLQKQHOFFCV87DA,武陵段,4188.00,非都市：山坡地保育區 ; 非都市編定：農牧用地,1,1,全筆移轉,07300000
RPQNMLPKQHOFFAV57CA,普優瑪段,77.36,都市：住,1,1,全筆移轉,00890000
RPQNMLQKQHOFFAV67CA,新生段,86.00,都市：住,1,1,全筆移轉,06120000
RPRNMLTKQHOFFAV08CA,台東段,70.00,都市：住,1,1,全筆移轉,05500030
RPRNMLTKQHOFFAV08CA,台東段,24.00,都市：住,1,1,全筆移轉,05500031
RPPNMLKLQHOFFAV07CA,馬蘭段,208.00,都市：住,1,1,全筆移轉,18090000
RPXNMLQKQHOFFAV38CA,豐年段,112.96,都市：住,1,1,全筆移轉,09430029
RPPNMLLJRHOFFAV07CA,台東段,16.72,都市：住,10000,131,持分移轉,18050000
RPPNMLKLQHOFFBV17CA,新港段八邊小段,1907.00,非都市：風景區 ; 非都市編定：農牧用地,1,1,全筆移轉,01300000
RPPNMLKLQHOFFBV17CA,新港段八邊小段,1000.00,非都市：風景區 ; 非都市編定：農牧用地,1,1,全筆移轉,01300006
RPQNMLMLQHOFFBV47CA,忠仁段,33.79,都市：住,1,1,全筆移轉,09440000
RPQNMLMLQHOFFBV47CA,忠仁段,13.34,都市：住,1,1,全筆移轉,09440001
RPQNMLMLQHOFFBV47CA,忠仁段,9.40,都市：商,1,1,全筆移轉,09440002
RPQNMLQLQHOFFCV97CA,西莊段,134.82,非都市：特定農業區 ; 非都市編定：甲種建築用地,1,1,全筆移轉,08250000
RPRNMLQLQHOFFCV08CA,西莊段,134.82,非都市：特定農業區 ; 非都市編定：甲種建築用地,1,1,全筆移轉,08230000
RPUNMLKLQHOFFAV67DA,中清段,143.94,都市：農,1,1,全筆移轉,01200000
RPSNMLQLQHOFFAV08DA,新中寮段,49.42,都市：住,1,1,全筆移轉,01960004
RPPNMLQLQHOFFDV97CA,德其段,40.83,都市：住,1,1,全筆移轉,07450000
RPPNMLQLQHOFFDV97CA,德其段,39.26,都市：其他:道路用地,1,1,全筆移轉,07460000
RPPNMLQLQHOFFDV97CA,德其段,4.14,都市：其他:道路用地,1,1,全筆移轉,07480000
RPPNMLQLQHOFFDV97CA,德其段,5.16,都市：住,1,1,全筆移轉,07510000
RPRNMLSLQHOFFAV18DA,常德段,131.53,都市：住,1,1,全筆移轉,05430001
RPQNMLKLQHOFFBV27CA,忠仁段,271.02,都市：住,1,1,全筆移轉,06030000
RPSNMLKLQHOFFBV47CA,八桑灣段,3695.51,非都市：風景區 ; 非都市編定：農牧用地,1,1,全筆移轉,00780000
RPPNMLPJRHOFFAV47CA,豐里段,139.75,非都市：鄉村區 ; 非都市編定：乙種建築用地,1,1,全筆移轉,08340000
RPTNMLTJRHOFFAV28CA,建康段,93.60,都市：農,1,1,全筆移轉,00350129
RPPNMLQLQHOFFAV67CA,南王段,107.68,都市：住,1,1,全筆移轉,08580000
RPWNMLKLQHOFFAV77CA,興安段,72.98,都市：住,2,1,持分移轉,04610001
RPRNMLLLQHOFFAV37CA,台東段,141.00,都市：住,1,1,全筆移轉,00030116
RPRNMLLLQHOFFAV37CA,台東段,8.00,都市：其他:道路用地,1,1,全筆移轉,00030561
RPPNMLLLQHOFFAV17CA,大業段,32.46,都市：住,10000,601,持分移轉,00020000
RPXNMLKLQHOFFAV87CA,豐利段,2.10,都市：住,1,1,全筆移轉,02510000
RPXNMLKLQHOFFAV87CA,豐利段,59.72,都市：其他:道路用地,1,1,全筆移轉,02510001
RPRNMLKLQHOFFAV27CA,東海段,2.50,都市：住,5,1,持分移轉,00270000
RPRNMLKLQHOFFAV27CA,東海段,2.58,都市：住,5,1,持分移轉,00270002
RPRNMLKLQHOFFAV27CA,東海段,.19,都市：住,5,1,持分移轉,00270003
RPRNMLKLQHOFFAV27CA,東海段,24.33,都市：住,5,1,持分移轉,00280000
RPRNMLKLQHOFFAV27CA,東海段,.25,都市：住,5,1,持分移轉,00280001
RPRNMLKLQHOFFAV27CA,東海段,.75,都市：住,5,1,持分移轉,00430000
RPOOMLKLQHOFFAV07CA,豐工段,1990.41,都市：工,1,1,全筆移轉,01070000
RPOOMLKLQHOFFAV07CA,豐工段,275.32,都市：其他:道路用地,1,1,全筆移轉,01070001
RPTNMLKLQHOFFAV47CA,豐年段,191.91,都市：住,1,1,全筆移轉,04040004
RPTNMLKLQHOFFAV47CA,豐年段,36.70,都市：其他:道路,6,1,持分移轉,04080002
RPTNMLKLQHOFFAV47CA,豐年段,34.03,都市：住,1,1,全筆移轉,04100001
RPSNMLKLQHOFFAV37CA,中山段,39.50,都市：住,2,1,持分移轉,09920000
RPQNMLKLQHOFFAV17CA,東海段,5.00,都市：住,5,2,持分移轉,00270000
RPQNMLKLQHOFFAV17CA,東海段,5.15,都市：住,5,2,持分移轉,00270002
RPQNMLKLQHOFFAV17CA,東海段,.38,都市：住,5,2,持分移轉,00270003
RPQNMLKLQHOFFAV17CA,東海段,48.66,都市：住,5,2,持分移轉,00280000
RPQNMLKLQHOFFAV17CA,東海段,.49,都市：住,5,2,持分移轉,00280001
RPQNMLKLQHOFFAV17CA,東海段,1.50,都市：住,5,2,持分移轉,00430000
RPUNMLNLQHOFFAV87CA,大業段,2792.08,非都市：特定農業區 ; 非都市編定：農牧用地,1,1,全筆移轉,05570001
RPQNMLNLQHOFFAV47CA,大豐段,3338.17,非都市：特定農業區 ; 非都市編定：農牧用地,1,1,全筆移轉,02490000
RPTNMLLLQHOFFAV57CA,大業段,76.57,非都市：特定農業區 ; 非都市編定：甲種建築用地,1,1,全筆移轉,06410001
RPPNMLMLQHOFFAV27CA,知本段,2500.00,非都市：特定農業區 ; 非都市編定：農牧用地,1,1,全筆移轉,83630001
RPROMLMLQHOFFAV57CA,常德段,255.87,都市：住,1,1,全筆移轉,07830004
RPQNMLMLQHOFFAV37CA,建本段,10.74,都市：住,1,1,全筆移轉,13670000
RPQNMLNLQHOFFBV57CA,仰光段,143.22,都市：住,1,1,全筆移轉,03110000
RPQNMLNLQHOFFBV57CA,仰光段,12.17,都市：住,1,1,全筆移轉,03130002
RPSNMLLLQHOFFAV47CA,台東段,10.26,都市：住,10000,217,持分移轉,11920000
RPSNMLMLQHOFFAV57CA,永清段,1.12,都市：商,1,1,全筆移轉,06730000
RPSNMLMLQHOFFAV57CA,永清段,4.81,都市：其他:道路用地,1,1,全筆移轉,06730001
RPSNMLMLQHOFFAV57CA,永清段,90.72,都市：商,1,1,全筆移轉,06740003
RPRNMLMLQHOFFAV47CA,利家段,3700.00,非都市：特定農業區 ; 非都市編定：農牧用地,1,1,全筆移轉,65030000
RPRNMLSLQHOFFCV28CA,瑞和段,228.45,非都市：特定農業區 ; 非都市編定：甲種建築用地,1,1,全筆移轉,05640000
RPSNMLQLQHOFFDV38DA,壢坵段,8905.00,非都市：森林區 ; 非都市編定：林業用地,1,1,全筆移轉,06900017
RPQNMLMLQHOFFCV67DA,龍田段,174.93,都市：住,1,1,全筆移轉,04830001
RPPNMLNLQHOFFBV57DA,和平南段,1125.86,非都市：風景區 ; 非都市編定：農牧用地,1,1,全筆移轉,01870000
RPQNMLRLQHOFFDV18CA,秀山段,6.53,都市：其他:旅館區,100000,105,持分移轉,06590003
RPRNMLRLQHOFFDV28CA,秀山段,6.53,都市：其他:旅館區,100000,105,持分移轉,06590003
RPOOMLNJRHOFFAV27CA,北南王段,31.84,都市：住,2,1,持分移轉,04270000
RPPNMLNLQHOFFCV57CA,大原段,3693.00,非都市：特定農業區 ; 非都市編定：農牧用地,1,1,全筆移轉,44790000
RPVNMLNLQHOFFAV97CA,台東段,197.00,都市：住,1,1,全筆移轉,17710000
RPSNMLNLQHOFFAV67CA,利家段,6980.00,非都市：特定農業區 ; 非都市編定：農牧用地,1,1,全筆移轉,49840000
RPRNMLMJRHOFFAV37CA,台東段,106.00,都市：住,1,1,全筆移轉,00150001
RPRNMLMJRHOFFAV37CA,台東段,35.00,都市：住,1,1,全筆移轉,00160028
RPWNMLNLQHOFFAV08CA,台東段,7.35,都市：住,10000,115,持分移轉,05150000
RPPOMLNLQHOFFAV47CA,豐榮段,131.16,都市：住,1,1,全筆移轉,06530004
RPPNMLRLQHOFFAV77CA,台東段,131.00,都市：住,1,1,全筆移轉,17910000
RPRNMLRLQHOFFAV97CA,新生段,329.50,都市：其他:公共設施保留地公園用地,2,1,持分移轉,08240000
RPSNMLRLQHOFFAV08CA,知本段,5259.00,非都市：特定農業區 ; 非都市編定：農牧用地,1,1,全筆移轉,84870000
RPSNMLOJRHOFFAV67CA,台東段,21.68,都市：住,10000,352,持分移轉,18130000
RPQNMLRLQHOFFAV87CA,岩灣段,123.50,都市：住,1,1,全筆移轉,01980000
RPRNMLNLQHOFFAV57CA,建華段,72.09,都市：住,1,1,全筆移轉,10350000
RPPNMLRLQHOFFCV97CA,永安段,563.00,非都市：特定農業區 ; 非都市編定：農牧用地,1,1,全筆移轉,01260012
RPPNMLRLQHOFFCV97CA,永安段,3908.00,非都市：特定農業區 ; 非都市編定：農牧用地,1,1,全筆移轉,01340001
RPPNMLTJRHOFFDV18CA,秀山段,7.72,都市：其他:旅館區,100000,124,持分移轉,06590003
RPTNMLQLQHOFFDV38CA,秀山段,8.08,都市：其他:出租旅館區,10000,7,持分移轉,07230000
RPTNMLQLQHOFFDV38CA,秀山段,.00,都市：其他:道路用地,10000,7,持分移轉,07230001
RPPNMLSLQHOFFAV97DA,旭川段,110.45,非都市：特定農業區 ; 非都市編定：甲種建築用地,1,1,全筆移轉,03570000
RPPNMLSLQHOFFAV97DA,旭川段,161.55,非都市：鄉村區 ; 非都市編定：乙種建築用地,1,1,全筆移轉,03580000
RPPNMLSLQHOFFCV18DA,坪頂段,2584.48,非都市：一般農業區 ; 非都市編定：農牧用地,1,1,全筆移轉,00230000
RPQNMLSLQHOFFCV28DA,坪頂段,3248.57,非都市：一般農業區 ; 非都市編定：農牧用地,1,1,全筆移轉,06300000
RPSNMLSLQHOFFAV18CA,東海段,93.07,都市：住,1,1,全筆移轉,01270014
RPSNMLSLQHOFFAV18CA,東海段,21.61,都市：住,18,1,持分移轉,01270017
RPQNMLQLQHOFFAV77CA,大豐段,159.67,非都市：特定農業區 ; 非都市編定：甲種建築用地,1,1,全筆移轉,03890000
RPQNMLRLQHOFFCV08CA,鹿寮段,2751.12,非都市：山坡地保育區 ; 非都市編定：農牧用地,1,1,全筆移轉,05920000
RPPNMLKMQHOFFBV27CA,三仙段,1876.04,非都市：風景區 ; 非都市編定：農牧用地,1,1,全筆移轉,07440000
RPPNMLRKRHOFFCV97CA,鹿野段,1605.00,非都市：特定農業區 ; 非都市編定：農牧用地,1,1,全筆移轉,35210000
RPPNMLRKRHOFFCV97CA,鹿野段,947.00,非都市：特定農業區 ; 非都市編定：農牧用地,1,1,全筆移轉,35220000
RPPNMLPJRHOFFBV57CA,東河段,368.75,都市：住,1,1,全筆移轉,05370000
RPPNMLPJRHOFFBV57CA,東河段,1.60,都市：其他:人行步道,1,1,全筆移轉,05370001
RPPNMLPJRHOFFBV57CA,東河段,15.43,都市：其他:人行步道,1,1,全筆移轉,05430000
RPQNMLKMQHOFFBV37CA,小馬東段,2322.45,非都市：風景區 ; 非都市編定：農牧用地,1,1,全筆移轉,05100000
RPQNMLKMQHOFFBV37CA,小馬東段,769.91,非都市：風景區 ; 非都市編定：農牧用地,1,1,全筆移轉,05110000
RPPOMLPJRHOFFAV57CA,利家段,2347.00,非都市：特定農業區 ; 非都市編定：農牧用地,1,1,全筆移轉,55100000
RPPOMLPJRHOFFAV57CA,利家段,901.00,非都市：特定農業區 ; 非都市編定：農牧用地,1,1,全筆移轉,55180000
RPPOMLPJRHOFFAV57CA,利家段,1694.00,非都市：特定農業區 ; 非都市編定：農牧用地,1,1,全筆移轉,55260000
RPQNMLTJRHOFFDV28CA,北橋段,1127.27,都市：農,1,1,全筆移轉,01040000
RPQNMLTJRHOFFDV28CA,北橋段,8.96,都市：其他:鐵路用地,1,1,全筆移轉,01050000
RPUNMLSLQHOFFAV38CA,光明段,8.48,都市：住,60,1,持分移轉,04850000
RPUNMLSLQHOFFAV38CA,光明段,31.67,都市：住,3,1,持分移轉,04880000
RPSNMLTLQHOFFAV28CA,東海段,25.08,都市：住,10000,42,持分移轉,01300000
RPSNMLTLQHOFFAV28CA,東海段,1.62,都市：其他:人行步道用地,10000,42,持分移轉,01300002
RPVNMLSLQHOFFAV48CA,豐年段,83.57,都市：住,1,1,全筆移轉,05360005
RPVNMLSLQHOFFAV48CA,豐年段,31.50,都市：住,1,1,全筆移轉,06030003
RPPNMLTLQHOFFAV97CA,普優瑪段,82.31,都市：住,1,1,全筆移轉,07960000
RPPNMLTLQHOFFAV97CA,普優瑪段,.48,都市：其他:廣場用地,40,25,持分移轉,07960001
RPQNMLKMQHOFFAV27CA,南清段,51.44,都市：住,1,1,全筆移轉,10040000
RPQNMLKMQHOFFAV27CA,南清段,1.40,都市：住,1,1,全筆移轉,10040001
RPQNMLKMQHOFFAV27CA,南清段,30.58,都市：住,1,1,全筆移轉,10050000
RPSNMLMJRHOFFAV47CA,台東段,60.00,都市：住,1,1,全筆移轉,00040300
RPTNMLKMQHOFFAV57CA,台東段,12.68,都市：住,100000,783,持分移轉,00040009
RPXNMLNJRHOFFAV08CA,建成段,117.58,都市：住,1,1,全筆移轉,00630000
RPQNMLNJRHOFFAV37CA,山里段,4845.03,非都市：山坡地保育區 ; 非都市編定：農牧用地,1,1,全筆移轉,05580000
RPQNMLTLQHOFFAV08CA,大業段,71.15,非都市：特定農業區 ; 非都市編定：甲種建築用地,1,1,全筆移轉,06410002
RPRNMLOJRHOFFAV57CA,豐康段,114.22,非都市：特定農業區 ; 非都市編定：甲種建築用地,1,1,全筆移轉,03750000
RPRNMLTLQHOFFAV18CA,普優瑪段,20.53,都市：其他:道,22,1,持分移轉,10740000
RPRNMLTLQHOFFAV18CA,普優瑪段,127.22,都市：住,1,1,全筆移轉,10740007
RPRNMLTLQHOFFAV18CA,普優瑪段,3.20,都市：其他:道,22,1,持分移轉,10740024
RPRNMLTLQHOFFAV18CA,普優瑪段,2.65,都市：其他:道,22,1,持分移轉,10740025
RPPOMLQJRHOFFAV67CA,和平段,7008.06,非都市：山坡地保育區 ; 非都市編定：農牧用地,1,1,全筆移轉,02990000
RPRNMLLKRHOFFBV57DA,玉港段,2229.58,非都市：風景區 ; 非都市編定：農牧用地,1,1,全筆移轉,06390000
RPRNMLLKRHOFFBV57DA,新都威段,3996.21,非都市：風景區 ; 非都市編定：農牧用地,1,1,全筆移轉,11090000
RPRNMLLKRHOFFBV57DA,新都威段,1402.81,非都市：風景區 ; 非都市編定：農牧用地,1,1,全筆移轉,11290000
RPRNMLLKRHOFFBV57DA,新都威段,2065.23,非都市：風景區 ; 非都市編定：農牧用地,1,1,全筆移轉,11300000
RPSNMLLKRHOFFBV67DA,玉港段,214.95,非都市：風景區 ; 非都市編定：農牧用地,1,1,全筆移轉,05540000
RPOOMLNLQHOFFAV37CA,豐榮段,133.85,都市：住,1,1,全筆移轉,06530005
RPXNMLNLQHOFFAV18CA,豐年段,76.33,都市：住,10000,157,持分移轉,00270006
RPQNMLQKRHOFFCV97CA,南山段,174.38,都市：其他:水溝用地,1,1,全筆移轉,05300000
RPQNMLQKRHOFFCV97CA,南山段,319.26,都市：住,1,1,全筆移轉,05290000
RPRNMLQJRHOFFAV77CA,東農段,275.39,非都市：特定農業區 ; 非都市編定：甲種建築用地,1,1,全筆移轉,06920000
RPTNMLQJRHOFFAV97CA,東農段,281.30,非都市：特定農業區 ; 非都市編定：甲種建築用地,1,1,全筆移轉,06920001
RPTNMLMJRHOFFAV57CA,豐榮段,129.81,都市：住,1,1,全筆移轉,06530001
RPUNMLNJRHOFFAV77CA,知本段,2000.00,非都市：特定農業區 ; 非都市編定：農牧用地,1,1,全筆移轉,82520000
RPQNMLMKRHOFFAV37CA,興安段,105.03,都市：住,1,1,全筆移轉,00280015
RPVNMLNJRHOFFAV87CA,豐谷段,892.80,都市：住,1,1,全筆移轉,04130000
RPVNMLNJRHOFFAV87CA,豐谷段,48.33,都市：住,1,1,全筆移轉,04130001
RPVNMLNJRHOFFAV87CA,豐谷段,3.00,都市：住,1,1,全筆移轉,04110000
RPWNMLNJRHOFFAV97CA,豐谷段,454.27,都市：住,1,1,全筆移轉,04240000
RPWNMLNJRHOFFAV97CA,豐谷段,173.19,都市：住,1,1,全筆移轉,04240008
RPQNMLOJRHOFFAV47CA,南清段,81.10,都市：住,1,1,全筆移轉,09160000
RPQNMLOJRHOFFAV47CA,南清段,25.92,都市：其他:部分住宅區部分道路用地,146,2,持分移轉,09290000
RPQNMLQJRHOFFAV67CA,利家段,508.00,非都市：鄉村區 ; 非都市編定：乙種建築用地,1,1,全筆移轉,74930000
RPUNMLQJRHOFFAV08CA,東農段,275.84,非都市：特定農業區 ; 非都市編定：甲種建築用地,1,1,全筆移轉,06920002
RPSNMLQJRHOFFAV87CA,上岩灣段,91.40,都市：住,100000,1065,持分移轉,01980000
RPPNMLLLRHOFFAV27CA,澱粉段,7318.32,非都市：特定農業區 ; 非都市編定：甲種建築用地,1,1,全筆移轉,06140000
RPPNMLLLRHOFFAV27CA,澱粉段,475.12,非都市：特定農業區 ; 非都市編定：甲種建築用地,1,1,全筆移轉,06140001
RPRNMLLKRHOFFAV37CA,豐富段,76.52,都市：住,1,1,全筆移轉,00990000
RPSNMLLKRHOFFAV47CA,岩灣段,138.20,都市：住,1,1,全筆移轉,04180002
RPUNMLRKRHOFFAV28CA,建康段,93.61,都市：農,1,1,全筆移轉,00350094
RPQNMLSKRHOFFAV97CA,台東段,72.00,都市：住,1,1,全筆移轉,19260000
RPXNMLTJRHOFFAV68CA,自強段,101.00,都市：住,1,1,全筆移轉,09250005
RPQNMLMJRHOFFCV57DA,大埔段,2.74,都市：住,1,1,全筆移轉,05390004
RPQNMLMJRHOFFCV57DA,大埔段,2.79,都市：住,1,1,全筆移轉,05500000
RPPNMLMJRHOFFCV47DA,隆盛段,2176.82,非都市：特定農業區 ; 非都市編定：農牧用地,1,1,全筆移轉,09090000
RPPNMLMJRHOFFBV27CA,仙民段,2000.00,非都市：風景區 ; 非都市編定：農牧用地,1,1,全筆移轉,04810000
RPPNMLMJRHOFFBV27CA,仙民段,889.95,非都市：風景區 ; 非都市編定：農牧用地,1,1,全筆移轉,04820000
RPPNMLQJRHOFFCV87DA,福原段,42.61,都市：住,6,2,持分移轉,01130000
RPPNMLPJRHOFFDV77CA,秀山段,13.07,都市：其他:出租旅館區,100000,210,持分移轉,06590003
RPQNMLRKRHOFFAV87CA,青林段,139.15,非都市：山坡地保育區 ; 非都市編定：丙種建築用地,10000,505,持分移轉,06480000
RPOOMLQJRHOFFAV57CA,豐谷段,72.00,都市：住,1,1,全筆移轉,08130000
RPQNMLPJRHOFFDV87CA,北橋段,79.72,都市：住,1,1,全筆移轉,07330000
RPQNMLKLRHOFFAV27CA,自強段,105.65,都市：住,4,1,持分移轉,09240001
RPRNMLPJRHOFFAV67CA,台東段,26.00,都市：住,1,1,全筆移轉,03470024
RPVNMLPJRHOFFAV08CA,南王段,91.27,都市：住,1,1,全筆移轉,00860000
RPWNMLPJRHOFFAV18CA,台東段,107.00,都市：住,1,1,全筆移轉,06110038
RPRNMLSKRHOFFAV08CA,常德段,113.10,都市：住,1,1,全筆移轉,09640009
RPXNMLQJRHOFFAV38CA,利家段,2538.00,非都市：特定農業區 ; 非都市編定：農牧用地,1,1,全筆移轉,63580000
RPVNMLQJRHOFFAV18CA,南清段,11.71,都市：住,5,1,持分移轉,08260001
RPVNMLQJRHOFFAV18CA,南清段,.14,都市：住,8,1,持分移轉,08260048
RPVNMLQJRHOFFAV18CA,南清段,.13,都市：住,8,1,持分移轉,08260049
RPVNMLQJRHOFFAV18CA,南清段,1.99,都市：住,8,1,持分移轉,08260050
RPVNMLQJRHOFFAV18CA,南清段,1.43,都市：住,8,1,持分移轉,08260051
RPVNMLQJRHOFFAV18CA,南清段,129.94,都市：住,1,1,全筆移轉,08270010
RPVNMLQJRHOFFAV18CA,南清段,28.91,都市：住,8,1,持分移轉,08270018
RPVNMLQJRHOFFAV18CA,南清段,4.62,都市：住,8,1,持分移轉,08340002
RPSNMLSKRHOFFAV18CA,煙草間段,116.34,非都市：特定農業區 ; 非都市編定：甲種建築用地,1,1,全筆移轉,01400000
RPPNMLKKRHOFFBV17CA,忠智段,105.65,都市：住,1,1,全筆移轉,00590000
RPPNMLKKRHOFFBV17CA,忠智段,49.50,都市：住,1,1,全筆移轉,00840000
RPPNMLQJRHOFFBV77DA,仙民段,6815.91,非都市：風景區 ; 非都市編定：農牧用地,1,1,全筆移轉,01510000
RPPNMLQJRHOFFBV77DA,仙民段,22751.97,非都市：風景區 ; 非都市編定：農牧用地,1,1,全筆移轉,01520000
RPRNMLQJRHOFFCV97CA,高台段,2101.20,非都市：山坡地保育區 ; 非都市編定：農牧用地,1,1,全筆移轉,02960000
RPPNMLMKRHOFFCV47CA,德高段,7790.77,非都市：特定農業區 ; 非都市編定：農牧用地,1,1,全筆移轉,04870000
RPPNMLMKRHOFFCV47CA,德高段,190.73,非都市：特定農業區 ; 非都市編定：交通用地,1,1,全筆移轉,04870001
RPPNMLTJRHOFFCV08CA,中和段,1963.03,非都市：一般農業區 ; 非都市編定：農牧用地,1,1,全筆移轉,06330000
RPPNMLLKRHOFFBV27CA,南八里段,2363.33,非都市：風景區 ; 非都市編定：農牧用地,1,1,全筆移轉,09700000
RPPNMLLKRHOFFBV27CA,南八里段,828.70,非都市：風景區 ; 非都市編定：農牧用地,1,1,全筆移轉,09710000
RPQNMLQJRHOFFBV77CA,北八里段,2266.25,非都市：風景區 ; 非都市編定：農牧用地,1,1,全筆移轉,00730000
RPPNMLQKRHOFFBV87DA,都豐段,312.62,非都市：鄉村區 ; 非都市編定：乙種建築用地,4,3,持分移轉,05340000
RPRNMLTKRHOFFAV18CA,台東段,26.46,都市：其他:既成巷道,100,9,持分移轉,21950000
RPRNMLTKRHOFFAV18CA,台東段,49.00,都市：住,1,1,全筆移轉,22000000
RPWNMLQJRHOFFAV28CA,初鹿段,1760.00,非都市：特定農業區 ; 非都市編定：農牧用地,1,1,全筆移轉,39910000
RPQNMLTJRHOFFAV97CA,岩灣段,123.03,都市：住,1,1,全筆移轉,01980003
RPRNMLTJRHOFFAV08CA,中山段,103.00,都市：住,1,1,全筆移轉,01620000
RPVNMLTJRHOFFAV48CA,台東段,48.00,都市：住,1,1,全筆移轉,01600808
RPVNMLTJRHOFFAV48CA,台東段,2.00,都市：住,1,1,全筆移轉,01601122
RPQNMLSLRHOFFAV08CA,建康段,95.07,都市：住,1,1,全筆移轉,14760000
RPQNMLSLRHOFFAV08CA,建康段,5.36,都市：其他:道路用地,1,1,全筆移轉,14760001
RPQNMLSLRHOFFAV08CA,建康段,47.71,都市：住,1,1,全筆移轉,14780000
RPQNMLSLRHOFFAV08CA,建康段,4.53,都市：其他:道路用地,1,1,全筆移轉,14780001
RPTNMLLKRHOFFAV57CA,豐利段,80.00,都市：住,1,1,全筆移轉,08000000
RPQNMLLKRHOFFAV27CA,新生段,16.85,都市：住,10000,287,持分移轉,01590000
RPPNMLKKRHOFFAV07CA,台東段,7.69,都市：住,16,1,持分移轉,03410018
RPPNMLKKRHOFFAV07CA,台東段,51.94,都市：住,16,1,持分移轉,03410001
RPQNMLPJRHOFFAV67DA,馬蘭段,45.60,都市：住,10000,302,持分移轉,15710000
RPRNMLKKRHOFFAV27CA,普優瑪段,7.43,都市：住,1,1,全筆移轉,03940001
RPRNMLKMQHOFFAV47DA,知本段,75.00,非都市：特定農業區 ; 非都市編定：甲種建築用地,4,2,持分移轉,78940002
RPPNMLNJRHOFFAV37DA,台東段,100.00,都市：住,1,1,全筆移轉,02570008
RPPNMLNJRHOFFAV37DA,台東段,100.00,都市：住,1,1,全筆移轉,02570002
RPPNMLMJRHOFFAV27DA,馬蘭段,58.00,都市：住,2,1,持分移轉,16990025
RPUNMLKKRHOFFAV57CA,台東段,237.00,都市：住,1,1,全筆移轉,00030047
RPSNMLTJRHOFFAV18CA,岩灣段,131.26,都市：住,1,1,全筆移轉,01980004
RPQNMLQKRHOFFAV77CA,青林段,49.26,都市：住,10000,273,持分移轉,09350000
RPUNMLTJRHOFFAV38CA,公?東段,1149.66,都市：其他:農業區,1,1,全筆移轉,04000000
RPUNMLTJRHOFFAV38CA,公?東段,182.63,都市：其他:道路用地,1,1,全筆移轉,04000001
RPPNMLMKRHOFFAV27CA,台東段,52.00,都市：住,1,1,全筆移轉,01600046
RPPNMLTJRHOFFBV08DA,烏石鼻段,2500.00,非都市：風景區 ; 非都市編定：農牧用地,1,1,全筆移轉,00140000
RPPNMLQKRHOFFDV97CA,台拉段,4170.45,非都市：山坡地保育區 ; 非都市編定：農牧用地,1,1,全筆移轉,00150001
RPPNMLMJIIOFFAV98CA,公?東段,197.93,都市：住,1,1,全筆移轉,11940000
RPPNMLKKRHOFFCV27CA,電光段,150.36,非都市：鄉村區 ; 非都市編定：乙種建築用地,1,1,全筆移轉,06690000
RPQNMLTKRHOFFBV18CA,仰光段,150.48,都市：住,2,1,持分移轉,03020000
RPQNMLOLRHOFFBV77CA,新大馬段,5482.15,非都市：風景區 ; 非都市編定：農牧用地,1,1,全筆移轉,06370000
RPQNMLQKRHOFFBV87CA,城仔埔段,2558.90,非都市：風景區 ; 非都市編定：農牧用地,1,1,全筆移轉,00820002
RPQNMLLKRHOFFCV47CA,中和段,4663.34,非都市：一般農業區 ; 非都市編定：農牧用地,1,1,全筆移轉,01360000
RPXNMLQKRHOFFAV48CA,興航段,143.97,都市：住,1,1,全筆移轉,00640000
RPRNMLLKRHOFFCV57CA,電光段,317.01,非都市：特定農業區 ; 非都市編定：農牧用地,1,1,全筆移轉,02870000
RPRNMLLKRHOFFCV57CA,電光段,2441.46,非都市：特定農業區 ; 非都市編定：農牧用地,1,1,全筆移轉,02880000
RPRNMLLKRHOFFCV57CA,電光段,437.54,非都市：特定農業區 ; 非都市編定：農牧用地,1,1,全筆移轉,02890000
RPSNMLKKRHOFFAV37CA,利家段,127.16,非都市：鄉村區 ; 非都市編定：乙種建築用地,10000,158,持分移轉,81260000
RPSNMLKKRHOFFAV37CA,利家段,22.29,非都市：鄉村區 ; 非都市編定：乙種建築用地,10000,158,持分移轉,82850000
RPQNMLRKRHOFFCV08CA,豐泉段,268.51,都市：住,1,1,全筆移轉,04680001
RPWNMLKKRHOFFAV77CA,建華段,557.28,非都市：鄉村區 ; 非都市編定：乙種建築用地,1,1,全筆移轉,01150000
RPUNMLQKRHOFFAV18CA,利家段,40.00,非都市：鄉村區 ; 非都市編定：乙種建築用地,1,1,全筆移轉,83460000
RPUNMLQKRHOFFAV18CA,利家段,70.00,非都市：鄉村區 ; 非都市編定：乙種建築用地,1,1,全筆移轉,83510004
RPUNMLQKRHOFFAV18CA,利家段,20.09,非都市：鄉村區 ; 非都市編定：乙種建築用地,11,1,持分移轉,83510005
RPXNMLKKRHOFFAV87CA,德安段,2.21,都市：住,30000,191,持分移轉,00630002
RPXNMLKKRHOFFAV87CA,德安段,.04,都市：住,30000,191,持分移轉,00630003
RPXNMLKKRHOFFAV87CA,德安段,23.88,都市：住,30000,191,持分移轉,00630000
RPXNMLKKRHOFFAV87CA,德安段,.17,都市：住,30000,191,持分移轉,00630001
RPRNMLMKRHOFFBV57CA,烏石鼻段,99.18,非都市：風景區 ; 非都市編定：農牧用地,1,1,全筆移轉,03150001
RPTNMLKKRHOFFAV47CA,新生段,205.00,都市：住,1,1,全筆移轉,10360007
RPTNMLKKRHOFFAV47CA,新生段,15.00,都市：住,1,1,全筆移轉,10360023
RPVNMLLKRHOFFAV77CA,建樂段,9.54,都市：住,10000,44,持分移轉,04800000
RPPNMLLKRHOFFDV47CA,德其段,43.30,都市：住,2,1,持分移轉,08540003
RPPNMLLKRHOFFDV47CA,德其段,43.30,都市：住,2,1,持分移轉,08540003
RPWNMLQKRHOFFAV38CA,興航段,140.93,都市：住,1,1,全筆移轉,00650000
RPOOMLQKRHOFFAV77DA,大業段,45.91,都市：住,10000,850,持分移轉,00020000
RPPNMLSKRHOFFBV97CA,萬年段,975.00,非都市：風景區 ; 非都市編定：農牧用地,1,1,全筆移轉,03940001
RPPNMLSKRHOFFBV97CA,萬年段,41.00,非都市：風景區 ; 非都市編定：農牧用地,1,1,全筆移轉,03940002
RPPNMLQKRHOFFCV87CA,萬朝段,232.33,非都市：鄉村區 ; 非都市編定：乙種建築用地,1,1,全筆移轉,09950000
RPSNMLMKRHOFFAV57CA,岩灣段,138.19,都市：住,1,1,全筆移轉,04180004
RPPNMLOKRHOFFAV47CA,自強段,194.00,都市：住,1,1,全筆移轉,08140008
RPRNMLRKRHOFFAV97CA,建華段,165.10,都市：住,1,1,全筆移轉,08280000
RPUNMLSKRHOFFAV38CA,台東段,63.00,都市：住,1,1,全筆移轉,00080221
RPSNMLRKRHOFFAV08CA,常德段,3.84,都市：商,10000,30,持分移轉,06970000
RPROMLSKRHOFFAV18CA,青林段,119.52,都市：住,1,1,全筆移轉,02080000
RPSNMLQKRHOFFAV97CA,台東段,48.81,都市：住,10000,267,持分移轉,17480000
RPRNMLQKRHOFFAV87CA,富岡南段,150.15,非都市：鄉村區 ; 非都市編定：乙種建築用地,1,1,全筆移轉,12700000
RPPNMLRKRHOFFAV77CA,利家段,135.00,非都市：鄉村區 ; 非都市編定：乙種建築用地,1,1,全筆移轉,81250005
RPXNMLSKRHOFFAV78DA,台東段,52.33,都市：住,24,1,持分移轉,03450000
RPXNMLSKRHOFFAV78DA,台東段,5.38,都市：住,24,1,持分移轉,03450006
RPRNMLMKRHOFFAV47CA,豐里段,75.48,非都市：鄉村區 ; 非都市編定：乙種建築用地,49561,7548,持分移轉,09090001
RPRNMLMKRHOFFAV47CA,豐里段,38.24,非都市：鄉村區 ; 非都市編定：乙種建築用地,6,1,持分移轉,09090009
RPPNMLQKRHOFFAV77DA,利家段,413.00,非都市：山坡地保育區 ; 非都市編定：農牧用地,2500,413,持分移轉,02920005
RPTNMLKMRHOFFDV08DA,泰王段,107.87,都市：住,1,1,全筆移轉,07970000
RPPNMLTKRHOFFAV08DA,常德段,110.75,都市：住,1,1,全筆移轉,04120012
RPRNMLKLRHOFFAV37CA,建國段,225.95,都市：住,1,1,全筆移轉,05210001
RPTNMLSKRHOFFAV28CA,中正段,96.00,都市：工,1,1,全筆移轉,00070001
RPPOMLSKRHOFFAV97CA,自強段,113.00,都市：住,1,1,全筆移轉,05100000
RPQOMLSKRHOFFAV08CA,東海段,122.58,都市：住,1,1,全筆移轉,07920000
RPQOMLSKRHOFFAV08CA,東海段,2.45,都市：其他:道路用地,1,1,全筆移轉,07920001
RPQOMLSKRHOFFAV08CA,東海段,53.93,都市：其他:道路用地,1,1,全筆移轉,07920002
RPVNMLSKRHOFFAV48CA,豐榮段,68.00,都市：住,1,1,全筆移轉,00140000
RPOOMLSKRHOFFAV87CA,梧州段,6.67,都市：住,1,1,全筆移轉,01000009
RPVNMLRKRHOFFAV38CA,自強段,79.00,都市：住,1,1,全筆移轉,02970000
RPXNMLRKRHOFFAV58CA,豐利段,26.69,都市：住,20,1,持分移轉,07770009
RPXNMLRKRHOFFAV58CA,豐利段,101.04,都市：住,1,1,全筆移轉,07770033
RPWNMLRKRHOFFAV48CA,中心段,61.00,都市：住,1,1,全筆移轉,11120000
RPWNMLRKRHOFFAV48CA,中心段,16.00,都市：住,1,1,全筆移轉,11160000
RPPNMLNLRHOFFAV47CA,青林段,92.50,都市：住,1,1,全筆移轉,04190002
RPUNMLOJIIOFFAV07CA,東農段,494.62,非都市：特定農業區 ; 非都市編定：農牧用地,1000,144,持分移轉,07280001
RPPNMLKLRHOFFBV27CA,萬年段,144.00,非都市：鄉村區 ; 非都市編定：乙種建築用地,1,1,全筆移轉,05930005
RPPNMLMLRHOFFBV47CA,小馬東段,371.80,非都市：鄉村區 ; 非都市編定：乙種建築用地,1,1,全筆移轉,07130000
RPPNMLNLRHOFFBV57CA,成功段,53.63,都市：住,300000,7324,持分移轉,03810000
RPPNMLOLRHOFFCV77CA,龍田段,2933.04,都市：農,1,1,全筆移轉,02180000
RPPNMLTKRHOFFBV08CA,忠智段,22.31,都市：住,1,1,全筆移轉,00970000
RPQNMLTKRHOFFAV18DA,台東段,107.00,都市：住,1,1,全筆移轉,25200000
RPPNMLKLRHOFFDV57DA,秀山段,10.39,都市：其他:出租旅館區,10000,9,持分移轉,07230000
RPPNMLKLRHOFFDV57DA,秀山段,.00,都市：其他:道路用地,10000,9,持分移轉,07230001
RPPNMLPLRHOFFBV77CA,高原段,3149.00,非都市：森林區 ; 非都市編定：農牧用地,1,1,全筆移轉,06940031
RPQNMLKLRHOFFDV67DA,秀山段,10.39,都市：其他:出租旅館區,10000,9,持分移轉,07230000
RPQNMLKLRHOFFDV67DA,秀山段,.00,都市：其他:道路用地,10000,9,持分移轉,07230001
RPQNMLLJIIOFFAV98CA,德安段,.49,都市：其他:學校用地,1,1,全筆移轉,06810000
RPQNMLLJIIOFFAV98CA,德安段,.31,都市：其他:學校用地,1,1,全筆移轉,06810001
RPQNMLLJIIOFFAV98CA,德安段,1.89,都市：其他:部份學校用地及部份道路用地,1,1,全筆移轉,06810002
RPQNMLLJIIOFFAV98CA,德安段,2270.03,都市：其他:學校用地,1,1,全筆移轉,06860000
RPQNMLLJIIOFFAV98CA,德安段,.05,都市：其他:學校用地,1,1,全筆移轉,06860001
RPPNMLLLRHOFFDV57CA,金富段,243.20,非都市：鄉村區 ; 非都市編定：乙種建築用地,1,1,全筆移轉,03930000
RPPNMLTKRHOFFDV28CA,都哇拔段,58.08,非都市：鄉村區 ; 非都市編定：乙種建築用地,2,1,持分移轉,01190000
RPXNMLTKRHOFFAV78CA,東海段,142.06,都市：住,1,1,全筆移轉,06920000
RPPOMLTKRHOFFAV08CA,中心段,147.00,都市：住,1,1,全筆移轉,08830000
RPPOMLTKRHOFFAV08CA,中心段,20.40,都市：住,1,1,全筆移轉,08840000
RPPOMLTKRHOFFAV08CA,中心段,11.00,都市：住,1,1,全筆移轉,08890001
RPQOMLTKRHOFFAV18CA,新生段,86.00,都市：住,1,1,全筆移轉,06120000
RPROMLTKRHOFFAV28CA,下賓朗段,253.71,非都市：鄉村區 ; 非都市編定：乙種建築用地,1,1,全筆移轉,07040000
RPQNMLRJIIOFFAV96CA,興安段,146.00,都市：住,1,1,全筆移轉,00500000
RPRNMLRJIIOFFAV07CA,常德段,96.01,都市：住,1,1,全筆移轉,02480000
RPSOMLTKRHOFFAV38CA,下賓朗段,2635.38,非都市：一般農業區 ; 非都市編定：遊憩用地,1,1,全筆移轉,12220000
RPSOMLTKRHOFFAV38CA,下賓朗段,15.02,非都市：一般農業區 ; 非都市編定：特定目的事業用地,1,1,全筆移轉,12220002
RPSOMLTKRHOFFAV38CA,下賓朗段,1597.00,非都市：一般農業區 ; 非都市編定：國土保安用地,1,1,全筆移轉,12220003
RPVNMLTKRHOFFAV58CA,豐成段,4.41,非都市：特定農業區 ; 非都市編定：甲種建築用地,1,1,全筆移轉,00420001
RPTNMLTKRHOFFAV38CA,利家段,89.00,非都市：特定農業區 ; 非都市編定：甲種建築用地,1,1,全筆移轉,75900012
RPWNMLTKRHOFFAV68CA,豐成段,16.15,非都市：特定農業區 ; 非都市編定：甲種建築用地,1,1,全筆移轉,00410001
RPUNMLTKRHOFFAV48CA,加路蘭段,4444.40,非都市：風景區 ; 非都市編定：農牧用地,10000,8435,持分移轉,05090001
RPOOMLTKRHOFFAV97CA,中山段,86.00,都市：住,1,1,全筆移轉,07120000
RPSNMLKLRHOFFAV47CA,中山段,112.00,都市：住,1,1,全筆移轉,07510006
RPSNMLKLRHOFFAV47CA,中山段,10.00,都市：住,1,1,全筆移轉,07510007
RPTNMLKLRHOFFAV57CA,自強段,107.33,都市：住,1,1,全筆移轉,09370007
RPUNMLKLRHOFFAV67CA,上岩灣段,114.93,都市：住,1,1,全筆移轉,05240000
RPUNMLKLRHOFFAV67CA,上岩灣段,18.42,都市：其他:道路用地,1,1,全筆移轉,05240001
RPXNMLKLRHOFFAV97CA,利家段,3218.00,非都市：特定農業區 ; 非都市編定：農牧用地,1,1,全筆移轉,69740000
RPWNMLKLRHOFFAV87CA,馬蘭段,10.49,都市：住,10000,87,持分移轉,16590000
RPPNMLOLRHOFFAV57CA,東海段,28.52,都市：住,3,1,持分移轉,04240001
RPRNMLNLRHOFFAV67CA,大業段,71.15,非都市：特定農業區 ; 非都市編定：甲種建築用地,1,1,全筆移轉,06410002
RPUNMLNLRHOFFAV97CA,豐利段,27.22,都市：住,1,1,全筆移轉,04350000
RPUNMLNLRHOFFAV97CA,豐利段,11.18,都市：其他:道路用地,1,1,全筆移轉,04360000
RPTNMLOLRHOFFAV97CA,台東段,20.39,都市：住,10000,331,持分移轉,18130000
RPSNMLNLRHOFFAV77CA,南清段,284.82,都市：商,1,1,全筆移轉,03170000
RPTNMLNLRHOFFAV87CA,南清段,42.25,都市：商,1,1,全筆移轉,05690000
RPSNMLOLRHOFFAV87CA,建樂段,9.54,都市：住,10000,44,持分移轉,04800000
RPSNMLOLRHOFFAV87CA,建樂段,8.85,都市：住,10000,36,持分移轉,04840000
RPSNMLOLRHOFFAV87CA,建樂段,.02,都市：其他:道路,10000,36,持分移轉,04840001
RPPNMLPLRHOFFCV87CA,鹿野段,660.00,非都市：特定農業區 ; 非都市編定：農牧用地,1,1,全筆移轉,32340000
RPPNMLPLRHOFFCV87CA,鹿野段,960.00,非都市：特定農業區 ; 非都市編定：農牧用地,1,1,全筆移轉,32350000
RPSNMLKLRHOFFDV87DA,北太麻里段,219.00,非都市：鄉村區 ; 非都市編定：乙種建築用地,1,1,全筆移轉,07580000
RPPNMLKLRHOFFAV27DA,新生段,83.00,都市：住,1,1,全筆移轉,06070000
RPPNMLKLRHOFFAV27DA,新生段,3.00,都市：住,1,1,全筆移轉,06070001
RPPNMLRLRHOFFDV18CA,秀山段,8.08,都市：其他:出租旅館,10000,7,持分移轉,07230000
RPPNMLRLRHOFFDV18CA,秀山段,.00,都市：其他:道路,10000,7,持分移轉,07230001
RPPNMLKLRHOFFCV47DA,牧野段,1201.77,非都市：一般農業區 ; 非都市編定：農牧用地,1,1,全筆移轉,10580000
RPPNMLNLRHOFFCV77DA,南山段,66.95,都市：住,1,1,全筆移轉,06580000
RPPNMLQLRHOFFBV87CA,忠智段,105.07,都市：住,1,1,全筆移轉,06100000
RPQNMLOLRHOFFAV67CA,東海段,28.52,都市：住,3,1,持分移轉,04240001
RPRNMLOLRHOFFAV77CA,東海段,28.52,都市：住,3,1,持分移轉,04240001
RPTNMLSJIIOFFAV47DA,下南寮段,237.34,都市：農,1,1,全筆移轉,05170000
RPPNMLRLRHOFFCV18DA,隆盛段,1790.71,非都市：特定農業區 ; 非都市編定：農牧用地,1,1,全筆移轉,10870000
RPPNMLRLRHOFFCV18DA,隆盛段,22.00,非都市：特定農業區 ; 非都市編定：農牧用地,1,1,全筆移轉,10870002
RPQNMLNLRHOFFAV57CA,興安段,925.70,都市：住,1,1,全筆移轉,00340000
RPVNMLNLRHOFFAV08CA,台東段,162.00,都市：住,1,1,全筆移轉,00040240
RPSNMLRJIIOFFAV17CA,馬蘭段,2.42,都市：住,10000,69,持分移轉,15680000
RPSNMLRJIIOFFAV17CA,馬蘭段,2.85,都市：住,10000,69,持分移轉,15700000
RPPNMLPLRHOFFAV77DA,中山段,48.00,都市：住,1,1,全筆移轉,02030000
RPRNMLKMRHOFFAV57DA,梧州段,932.06,都市：農,1,1,全筆移轉,05730002
RPPNMLQLRHOFFCV97CA,鹿野段,1188.00,非都市：特定農業區 ; 非都市編定：農牧用地,1,1,全筆移轉,25440000
RPPNMLQLRHOFFCV97CA,鹿野段,6040.00,非都市：特定農業區 ; 非都市編定：農牧用地,1,1,全筆移轉,25480000
RPPNMLQLRHOFFCV97CA,鹿寮段,452.38,非都市：山坡地保育區 ; 非都市編定：農牧用地,1,1,全筆移轉,05780000
RPQNMLRKIIOFFAV07CA,常德段,33.98,都市：住,10000,179,持分移轉,07520000
RPPNMLNJIIOFFDV76CA,壢坵段,2135.00,非都市：山坡地保育區 ; 非都市編定：農牧用地,2,1,持分移轉,03730000
RPTNMLNKJHPFFAV07CA,豐康段,108.23,都市：住,1,1,全筆移轉,07840000
RPTNMLQLRHOFFAV18CA,岩灣段,89.39,都市：住,1,1,全筆移轉,03980003
RPPNMLRLRHOFFAV87CA,建成段,114.79,都市：住,1,1,全筆移轉,00420000
RPSNMLQLRHOFFAV08CA,台東段,80.00,都市：住,1,1,全筆移轉,20490005
RPSNMLPLRHOFFAV97CA,順天段,1779.38,都市：農,2,1,持分移轉,05220000
RPQNMLPLRHOFFAV77CA,台東段,8.20,都市：住,7560,82,持分移轉,20450000
RPRNMLPLRHOFFAV87CA,順天段,149.54,都市：住,2,1,持分移轉,05190000
RPRNMLPLRHOFFAV87CA,順天段,105.48,都市：住,2,1,持分移轉,05200000
RPPNMLQLRHOFFAV77CA,建華段,232.37,都市：住,1,1,全筆移轉,07790000
RPPNMLQLRHOFFAV77CA,建華段,707.71,都市：住,1,1,全筆移轉,07810000
RPPNMLQLRHOFFAV77CA,建華段,216.48,都市：住,1,1,全筆移轉,07840000
RPPNMLQLRHOFFAV77CA,建華段,1331.18,都市：農,1,1,全筆移轉,07850000
RPPNMLQLRHOFFAV77CA,建華段,1781.24,都市：農,1,1,全筆移轉,07870000
RPTNMLPLRHOFFAV08CA,建和段,563.69,都市：住,1,1,全筆移轉,14390000
RPTNMLPLRHOFFAV08CA,建和段,34.81,都市：其他:道路用地,1,1,全筆移轉,14400000
RPUNMLQLRHOFFAV28CA,光明段,68.00,都市：住,1,1,全筆移轉,01140000
RPUNMLOLRHOFFAV08CA,台東段,51.96,都市：住,100000,646,持分移轉,25450000
RPVNMLOLRHOFFAV18CA,常德段,76.55,都市：住,1,1,全筆移轉,05990000
RPUNMLRJIIOFFAV37CA,知本段,2500.00,非都市：特定農業區 ; 非都市編定：農牧用地,1,1,全筆移轉,82860002
RPVNMLQLRHOFFAV38CA,岩灣段,98.42,都市：住,49132,26615,持分移轉,03980000
RPRNMLLJIIOFFAV09CA,中清段,116.55,都市：住,1,1,全筆移轉,02350001
RPVNMLRJIIOFFAV47CA,台東段,191.00,都市：住,1,1,全筆移轉,22230000
RPVNMLRJIIOFFAV47CA,台東段,191.00,都市：住,1,1,全筆移轉,22230004
RPVNMLRJIIOFFAV47CA,台東段,199.00,都市：住,1,1,全筆移轉,22230005
RPUNMLKMRHOFFAV77CA,豐年段,23.57,都市：住,10000,51,持分移轉,00270007
RPQNMLMJIIOFFAV09CA,建成段,148.31,都市：住,1,1,全筆移轉,02230000
RPTNMLRJIIOFFAV27CA,知本段,2500.00,非都市：特定農業區 ; 非都市編定：農牧用地,1,1,全筆移轉,82860007
RPQNMLRJIIOFFCV17CA,龍田段,54.94,都市：其他:人行步道,2,1,持分移轉,02180001
RPQNMLRJIIOFFCV17CA,龍田段,3010.00,都市：農,1,1,全筆移轉,02180002
RPQNMLRLRHOFFDV28CA,大王段,500.00,非都市：山坡地保育區 ; 非都市編定：農牧用地,5,1,持分移轉,02430000
RPQNMLRLRHOFFDV28CA,大王段,2660.00,非都市： ; 非都市編定：,1,1,全筆移轉,02430001
RPPNMLRJIIOFFCV07CA,龍田段,54.94,都市：其他:人行步道,2,1,持分移轉,02180001
RPPNMLRJIIOFFCV07CA,龍田段,3010.00,都市：農,1,1,全筆移轉,02180003
RPRNMLRLRHOFFAV08CA,豐富段,84.46,都市：住,1,1,全筆移轉,00940000
RPQNMLQLRHOFFAV87CA,豐樂段,1010.00,都市：工,1,1,全筆移轉,30580000
RPQNMLRLRHOFFAV97CA,常德段,9.05,都市：住,10000,179,持分移轉,05300000
RPPNMLKMRHOFFDV57CA,大鳥段,289.00,非都市：山坡地保育區 ; 非都市編定：特定目的事業用地,1,1,全筆移轉,00370002
RPQNMLKMRHOFFDV67CA,大鳥段,289.00,非都市：山坡地保育區 ; 非都市編定：特定目的事業用地,1,1,全筆移轉,00360001
RPQNMLKMRHOFFAV37CA,利家段,267.00,非都市：鄉村區 ; 非都市編定：乙種建築用地,1,1,全筆移轉,81250006
RPQNMLSKIIOFFCV37CA,鹿寮段,1665.31,非都市：山坡地保育區 ; 非都市編定：農牧用地,1,1,全筆移轉,02090000
RPPNMLKMRHOFFAV27CA,馬蘭段,76.00,都市：住,1,1,全筆移轉,14610012
RPTNMLKMRHOFFAV67CA,豐成段,141.71,非都市：特定農業區 ; 非都市編定：甲種建築用地,1,1,全筆移轉,08610000
RPSNMLKMRHOFFDV87CA,大鳥段,289.00,非都市：山坡地保育區 ; 非都市編定：特定目的事業用地,1,1,全筆移轉,00130001
RPPNMLNJIIOFFAV09CA,公?西段,259.17,都市：農,1,1,全筆移轉,08500000
RPPNMLLJIIOFFAV88CA,建國段,2708.00,都市：農,1,1,全筆移轉,09400000
RPRNMLMJIIOFFAV56CA,馬蘭段,38.18,都市：住,10000,202,持分移轉,14460000
RPRNMLKMRHOFFDV77CA,大鳥段,289.00,非都市：山坡地保育區 ; 非都市編定：特定目的事業用地,1,1,全筆移轉,00250001
RPPNMLLJIIOFFCV09CA,隆昌段,97.10,非都市：鄉村區 ; 非都市編定：乙種建築用地,1,1,全筆移轉,11770001
RPPNMLLJIIOFFCV09CA,隆昌段,166.23,非都市：鄉村區 ; 非都市編定：乙種建築用地,1,1,全筆移轉,11660000
RPPNMLLJIIOFFCV09CA,隆昌段,159.70,非都市：鄉村區 ; 非都市編定：乙種建築用地,1,1,全筆移轉,11670000
RPPNMLLJIIOFFCV09CA,隆昌段,159.67,非都市：鄉村區 ; 非都市編定：乙種建築用地,1,1,全筆移轉,11680000
RPPNMLLJIIOFFCV09CA,隆昌段,159.88,非都市：鄉村區 ; 非都市編定：乙種建築用地,1,1,全筆移轉,11690000
RPSNMLKMRHOFFAV57CA,中心段,103.00,都市：住,1,1,全筆移轉,08820001
RPQNMLLJIIOFFCV56CA,月野段,1042.00,非都市：特定農業區 ; 非都市編定：農牧用地,1,1,全筆移轉,10180000
RPQNMLLJIIOFFCV56CA,月野段,1067.00,非都市：特定農業區 ; 非都市編定：農牧用地,1,1,全筆移轉,10360000
RPQNMLLJIIOFFCV56CA,月野段,1067.00,非都市：特定農業區 ; 非都市編定：農牧用地,1,1,全筆移轉,10370000
RPPNMLSKIIOFFCV27CA,月野段,1042.00,非都市：特定農業區 ; 非都市編定：農牧用地,1,1,全筆移轉,10190000
RPPNMLLJIIOFFBV98CA,忠智段,74.94,都市：住,1,1,全筆移轉,03820000
RPPNMLMJIIOFFDV66CA,秀山段,10.39,都市：其他:出租旅館區,10000,9,持分移轉,07230000
RPPNMLMJIIOFFDV66CA,秀山段,.00,都市：其他:道路用地,10000,9,持分移轉,07230001
RPPNMLMJIIOFFBV09CA,小湊段美山小段,1600.00,非都市：風景區 ; 非都市編定：農牧用地,1,1,全筆移轉,01970000
RPPNMLNJIIOFFCV66CA,東明段,2500.00,非都市：一般農業區 ; 非都市編定：農牧用地,1,1,全筆移轉,03300000
RPQNMLOJIIOFFAV66CA,德安段,21.26,都市：住,30000,170,持分移轉,00630000
RPQNMLOJIIOFFAV66CA,德安段,.15,都市：住,30000,170,持分移轉,00630001
RPQNMLOJIIOFFAV66CA,德安段,1.96,都市：住,30000,170,持分移轉,00630002
RPQNMLOJIIOFFAV66CA,德安段,.04,都市：住,30000,170,持分移轉,00630003
RPRNMLLJIIOFFCV66CA,龍田段,1814.26,都市：農,2,1,持分移轉,05860002
RPWNMLOJIIOFFAV27CA,湧泉段,684.97,都市：其他:學校用地,1,1,全筆移轉,00280000
RPRNMLOJIIOFFAV86DA,石川段,468.97,非都市：風景區 ; 非都市編定：特定目的事業用地,1,1,全筆移轉,03790001
RPRNMLOJIIOFFAV86DA,石川段,166.96,非都市：風景區 ; 非都市編定：特定目的事業用地,1,1,全筆移轉,03800001
RPSNMLOJIIOFFAV96DA,石川段,139.90,非都市：風景區 ; 非都市編定：特定目的事業用地,1,1,全筆移轉,03810001
RPPNMLMJIIOFFCV66DA,隆盛段,137.85,非都市：特定農業區 ; 非都市編定：甲種建築用地,6,4,持分移轉,10970000
RPTNMLOJIIOFFAV07DA,石川段,207.56,非都市：風景區 ; 非都市編定：特定目的事業用地,1,1,全筆移轉,04160001
RPXNMLOJIIOFFAV37CA,台東段,93.50,都市：商,2,1,持分移轉,04610000
RPXNMLOJIIOFFAV37CA,台東段,93.50,都市：商,2,1,持分移轉,04610000
RPXNMLOJIIOFFAV37CA,台東段,4.00,都市：其他:道路用地,2,1,持分移轉,04670001
RPXNMLOJIIOFFAV37CA,台東段,4.00,都市：其他:道路用地,2,1,持分移轉,04670001
RPXNMLOJIIOFFAV37CA,台東段,6.00,都市：其他:道路用地,2,1,持分移轉,04680001
RPXNMLOJIIOFFAV37CA,台東段,6.00,都市：其他:道路用地,2,1,持分移轉,04680001
RPSNMLRKIIOFFAV37DA,梧州段,338.37,都市：住,5,1,持分移轉,04480000
RPSNMLRKIIOFFAV37DA,梧州段,75.28,都市：其他:公園用地,5,1,持分移轉,04480001
RPSNMLRKIIOFFAV37DA,梧州段,107.85,都市：其他:道路用地,5,1,持分移轉,04480002
RPSNMLRKIIOFFAV37DA,梧州段,326.30,都市：住,5,1,持分移轉,04510000
RPSNMLRKIIOFFAV37DA,梧州段,307.03,都市：其他:公園用地,5,1,持分移轉,04510001
RPSNMLRKIIOFFAV37DA,梧州段,37.56,都市：其他:道路用地,5,1,持分移轉,04510002
RPSNMLRKIIOFFAV37DA,梧州段,15.92,都市：其他:道路用地,5,1,持分移轉,04510003
RPTNMLRKIIOFFAV47DA,梧州段,211.80,都市：其他:公園用地,63,9,持分移轉,04670000
RPTNMLRKIIOFFAV47DA,梧州段,513.01,都市：其他:公園用地,63,9,持分移轉,04680000
RPPNMLRJIIOFFBV96CA,北八里段,175.27,非都市：鄉村區 ; 非都市編定：乙種建築用地,1,1,全筆移轉,12470000
RPPNMLRJIIOFFBV96CA,北八里段,307.60,非都市：鄉村區 ; 非都市編定：乙種建築用地,1,1,全筆移轉,12480000
RPUNMLRKIIOFFAV57DA,梧州段,35.23,都市：住,10000,750,持分移轉,05010000
RPUNMLRKIIOFFAV57DA,梧州段,90.35,都市：住,10000,270,持分移轉,05010002
RPUNMLRKIIOFFAV57DA,梧州段,35.32,都市：住,10000,750,持分移轉,05010004
RPUNMLRKIIOFFAV57DA,梧州段,14.60,都市：住,100000,6250,持分移轉,05060000
RPPNMLPJIIOFFCV86CA,水井段,83.25,非都市：鄉村區 ; 非都市編定：乙種建築用地,1,1,全筆移轉,10610000
RPQNMLSJIIOFFDV37CA,秀山段,9.40,都市：其他:旅館區,100000,151,持分移轉,06590003
RPRNMLRKIIOFFAV27DA,梧州段,338.37,都市：住,5,1,持分移轉,04480000
RPRNMLRKIIOFFAV27DA,梧州段,75.28,都市：其他:公園用地,5,1,持分移轉,04480001
RPRNMLRKIIOFFAV27DA,梧州段,107.85,都市：其他:道路用地,5,1,持分移轉,04480002
RPRNMLRKIIOFFAV27DA,梧州段,326.30,都市：住,5,1,持分移轉,04510000
RPRNMLRKIIOFFAV27DA,梧州段,307.03,都市：其他:公園用地,5,1,持分移轉,04510001
RPRNMLRKIIOFFAV27DA,梧州段,37.56,都市：其他:道路用地,5,1,持分移轉,04510002
RPRNMLRKIIOFFAV27DA,梧州段,15.92,都市：其他:道路用地,5,1,持分移轉,04510003
RPQNMLMJIIOFFBV56CA,新都威段,1629.02,非都市：風景區 ; 非都市編定：農牧用地,1,1,全筆移轉,01430000
RPRNMLPJIIOFFCV07CA,鹿野段,1306.00,非都市：特定農業區 ; 非都市編定：農牧用地,1,1,全筆移轉,30470000
RPRNMLPJIIOFFCV07CA,鹿野段,391.00,非都市：特定農業區 ; 非都市編定：農牧用地,1,1,全筆移轉,30480000
RPVNMLRKIIOFFAV67DA,梧州段,7.30,都市：住,100000,3125,持分移轉,05060000
RPVNMLRKIIOFFAV67DA,梧州段,3.78,都市：其他:道路用地,100000,3125,持分移轉,05060001
RPVNMLRKIIOFFAV67DA,梧州段,56.57,都市：住,100000,3125,持分移轉,05060002
RPVNMLRKIIOFFAV67DA,梧州段,16.43,都市：其他:道路用地,100000,3125,持分移轉,05060003
RPVNMLRKIIOFFAV67DA,梧州段,.04,都市：其他:道路用地,100000,3125,持分移轉,05060004
RPVNMLRKIIOFFAV67DA,梧州段,3.80,都市：住,100000,3125,持分移轉,05060005
RPPNMLOKIIOFFCV96DA,崁頂段,270.00,非都市：鄉村區 ; 非都市編定：乙種建築用地,1,1,全筆移轉,02810000
RPQNMLPJIIOFFCV07DA,慶豐段,88.59,非都市：鄉村區 ; 非都市編定：乙種建築用地,1,1,全筆移轉,09810000
RPPNMLSJIIOFFBV17DA,成功段,820.06,都市：農,1,1,全筆移轉,06810000
RPPNMLSJIIOFFBV17DA,成功段,2986.16,都市：農,1,1,全筆移轉,06820000
RPPNMLPKOHPFFAV47DA,南王段,136.00,都市：住,1,1,全筆移轉,08100001
RPPNMLLLIIOFFDV86DA,森永段,20.00,非都市：山坡地保育區 ; 非都市編定：交通用地,1,1,全筆移轉,09410019
RPVNMLOJIIOFFAV27DA,煙草間段,134.18,非都市：鄉村區 ; 非都市編定：乙種建築用地,1,1,全筆移轉,07770000
RPQNMLPJIIOFFAV76CA,永樂段,172.00,都市：其他:乙種工業區,1,1,全筆移轉,00300000
RPPNMLPJIIOFFAV66CA,馬蘭段,21.35,都市：住,10000,177,持分移轉,16590000
RPQNMLOKIIOFFAV76CA,豐航段,85.93,都市：住,1,1,全筆移轉,08810000
RPRNMLPJIIOFFAV86CA,南清段,42.88,都市：住,1,1,全筆移轉,10270001
RPVNMLSJIIOFFAV57CA,下南寮段,435.13,都市：住,1,1,全筆移轉,11070000
RPVNMLSJIIOFFAV57CA,下南寮段,17.52,都市：住,1,1,全筆移轉,11070001
RPWNMLRJIIOFFAV57CA,建國段,201.96,都市：住,1,1,全筆移轉,06830000
RPPOMLRJIIOFFAV96CA,台東段,99.00,都市：商,1,1,全筆移轉,05270022
RPWNMLRJIIOFFAV57CA,建國段,3.37,都市：住,1,1,全筆移轉,06830003
RPPNMLSJIIOFFAV96CA,豐榮段,67.00,都市：住,1,1,全筆移轉,04230000
RPTNMLOKIIOFFAV07CA,豐利段,47.73,都市：住,1,1,全筆移轉,08110000
RPTNMLOKIIOFFAV07CA,豐利段,47.95,都市：住,1,1,全筆移轉,08120000
RPWNMLOKIIOFFAV37CA,豐利段,27.22,都市：住,1,1,全筆移轉,04350000
RPWNMLOKIIOFFAV37CA,豐利段,11.18,都市：其他:道路用地,1,1,全筆移轉,04360000
RPOOMLRJIIOFFAV86CA,南清段,25.17,都市：住,1,1,全筆移轉,10010000
RPOOMLRJIIOFFAV86CA,南清段,56.43,都市：住,1,1,全筆移轉,10000000
RPOOMLRJIIOFFAV86CA,南清段,1.75,都市：其他:道路用地,1,1,全筆移轉,10000001
RPSNMLSJIIOFFAV27CA,台東段,85.00,都市：住,1,1,全筆移轉,00120003
RPUNMLPJIIOFFAV17CA,豐富段,557.85,都市：住,1,1,全筆移轉,03470014
RPUNMLPJIIOFFAV17CA,豐富段,108.32,都市：住,1,1,全筆移轉,03470025
SPUNMLPJIIOFFAV27CA,豐富段,505.48,都市：其他:道,1,1,全筆移轉,03470024
RPRNMLRJIIOFFCV37DA,鹿野段,576.00,非都市：特定農業區 ; 非都市編定：農牧用地,1,1,全筆移轉,30940000
RPRNMLRJIIOFFCV37DA,鹿野段,584.00,非都市：特定農業區 ; 非都市編定：農牧用地,1,1,全筆移轉,30950000
RPRNMLKKIIOFFCV66CA,霧鹿段,12540.00,非都市：森林區 ; 非都市編定：林業用地,6,1,持分移轉,02710000
RPRNMLKKIIOFFCV66CA,霧鹿段,5000.00,非都市：森林區 ; 非都市編定：農牧用地,6,1,持分移轉,02710001
RPRNMLKKIIOFFCV66CA,廣原段,10380.00,非都市：山坡地保育區 ; 非都市編定：農牧用地,1,1,全筆移轉,06840000
RPPNMLRJIIOFFDV17CA,大鳥段,3940.00,非都市：山坡地保育區 ; 非都市編定：農牧用地,1,1,全筆移轉,03100000
RPPNMLTLIIOFFBV37CA,高原段,4142.00,非都市：森林區 ; 非都市編定：農牧用地,1,1,全筆移轉,02330000
RPPNMLSKIIOFFBV17CA,長光段,170.03,非都市：鄉村區 ; 非都市編定：乙種建築用地,1,1,全筆移轉,04050000
RPQNMLTJIIOFFAV17CA,常德段,170.73,都市：住,1,1,全筆移轉,09370000
RPRNMLSJIIOFFAV17CA,中山段,48.00,都市：其他:市場用地,1,1,全筆移轉,02240000
RPXNMLRJIIOFFAV67CA,大業段,71.15,非都市：特定農業區 ; 非都市編定：甲種建築用地,1,1,全筆移轉,06410002
RPPNMLQKIIOFFBV96CA,北都蘭段,2502.94,非都市：風景區 ; 非都市編定：農牧用地,1,1,全筆移轉,00050000
RPPNMLTJIIOFFCV37DA,錦富段,198.00,非都市：鄉村區 ; 非都市編定：乙種建築用地,1,1,全筆移轉,03240001
RPPNMLPKIIOFFAV86DA,北南王段,161.33,都市：住,1,1,全筆移轉,01140000
RPPNMLTJIIOFFAV17DA,豐航段,73.01,都市：住,1,1,全筆移轉,08460000
RPTNMLMLIIOFFAV96CA,利家段,127.00,非都市：鄉村區 ; 非都市編定：乙種建築用地,1,1,全筆移轉,81250004
RPPNMLOLIIOFFBV86CA,南八里段,4949.09,非都市：風景區 ; 非都市編定：農牧用地,1,1,全筆移轉,09740000
RPPNMLSJJIOFFCV27CA,福原段,21.32,都市：住,10000,172,持分移轉,07900000
RPQNMLSJJIOFFCV37CA,福原段,27.39,都市：住,10000,221,持分移轉,07900000
RPRNMLTJIIOFFAV27CA,東海段,196.66,都市：住,1,1,全筆移轉,06800048
RPPNMLOKIIOFFAV66CA,台東段,25.29,都市：住,10000,227,持分移轉,19190000
RPSNMLNLIIOFFAV96CA,台東段,217.00,都市：住,1,1,全筆移轉,18060000
RPWNMLRKIIOFFAV77DA,梧州段,1171.86,都市：其他:公園用地,2,1,持分移轉,04660000
RPWNMLRKIIOFFAV77DA,梧州段,509.82,都市：住,2,1,持分移轉,04660001
RPWNMLRKIIOFFAV77DA,梧州段,234.12,都市：其他:道路用地,2,1,持分移轉,04660002
RPWNMLRKIIOFFAV77DA,梧州段,15.62,都市：其他:道路用地,1,1,全筆移轉,04660003
RPWNMLRKIIOFFAV77DA,梧州段,6.42,都市：其他:道路用地,1,1,全筆移轉,04670001
RPWNMLRKIIOFFAV77DA,梧州段,121.63,都市：住,1,1,全筆移轉,04680002
RPWNMLRKIIOFFAV77DA,梧州段,1271.44,都市：其他:道路用地,1,1,全筆移轉,04680003
RPWNMLRKIIOFFAV77DA,梧州段,1142.79,都市：住,1,1,全筆移轉,04690000
RPWNMLRKIIOFFAV77DA,梧州段,3.06,都市：其他:道路用地,1,1,全筆移轉,04690001
RPWNMLRKIIOFFAV77DA,梧州段,344.93,都市：住,1,1,全筆移轉,04700000
RPWNMLRKIIOFFAV77DA,梧州段,112.86,都市：其他:道路用地,1,1,全筆移轉,04700001
RPRNMLOKIIOFFAV86CA,永清段,132.21,都市：住,1,1,全筆移轉,05120006
RPPNMLOLIIOFFAV76CA,常德段,99.82,都市：住,1,1,全筆移轉,00240000
RPSNMLOKIIOFFAV96CA,下賓朗段,207.68,非都市：一般農業區 ; 非都市編定：甲種建築用地,1,1,全筆移轉,05530000
RPUNMLMLIIOFFAV07CA,台東段,12.64,都市：住,100000,781,持分移轉,00040009
RPUNMLOKIIOFFAV17CA,豐富段,2145.23,都市：農,1,1,全筆移轉,03470002
RPPNMLQKIIOFFAV86CA,豐谷段,77.00,都市：住,1,1,全筆移轉,00870000
RPQNMLOKIIOFFCV96CA,福文段,910.55,都市：住,1,1,全筆移轉,05970000
RPQNMLPKIIOFFAV86CA,南王段,91.27,都市：住,1,1,全筆移轉,00860000
RPPNMLLMIIOFFBV66CA,玉港段,162.92,非都市：鄉村區 ; 非都市編定：乙種建築用地,1,1,全筆移轉,08950000
RPTNMLQKIIOFFAV27CA,中正段,500.00,都市：住,1,1,全筆移轉,02150000
RPTNMLQKIIOFFAV27CA,中正段,18.36,都市：其他:道,403,100,持分移轉,02350000
RPTNMLQKIIOFFAV27CA,中正段,31.51,都市：其他:道,403,100,持分移轉,02370000
RPPNMLQKIIOFFDV17CA,大鳥段,2940.00,非都市：山坡地保育區 ; 非都市編定：農牧用地,1,1,全筆移轉,07760000
RPSNMLQKIIOFFAV17CA,山里段,556.54,非都市：山坡地保育區 ; 非都市編定：丙種建築用地,1,1,全筆移轉,05330000
RPSNMLQKIIOFFAV17CA,山里段,27.16,非都市：山坡地保育區 ; 非都市編定：丙種建築用地,1,1,全筆移轉,05070001
RPQNMLLMIIOFFBV76CA,玉港段,211.49,非都市：鄉村區 ; 非都市編定：乙種建築用地,1,1,全筆移轉,08930000
RPPNMLRKIIOFFAV96CA,馬蘭段,12.38,都市：住,10000,99,持分移轉,16940000
RPRNMLLLIIOFFAV66CA,德安段,17.38,都市：住,30000,139,持分移轉,00630000
RPRNMLLLIIOFFAV66CA,德安段,.12,都市：住,30000,139,持分移轉,00630001
RPRNMLLLIIOFFAV66CA,德安段,1.61,都市：住,30000,139,持分移轉,00630002
RPRNMLLLIIOFFAV66CA,德安段,.03,都市：住,30000,139,持分移轉,00630003
RPSNMLMLIIOFFAV86CA,新園段,166.00,都市：農,1,1,全筆移轉,01510002
RPXNMLRKIIOFFAV77CA,台東段,27.78,都市：商,100000,2570,持分移轉,00840000
RPWNMLNLIIOFFAV37CA,常德段,115.82,都市：商,1,1,全筆移轉,06190001
RPPNMLOLIIOFFCV96CA,鹿寮段,7917.40,非都市：山坡地保育區 ; 非都市編定：農牧用地,1,1,全筆移轉,00750000
RPPNMLMLIIOFFCV86DA,大原段,146.00,非都市： ; 非都市編定：,1,1,全筆移轉,47280003
RPQNMLRKIIOFFBV17CA,三民段,.67,都市：住,1,1,全筆移轉,09560001
RPQNMLRKIIOFFBV17CA,三民段,29.61,都市：住,1,1,全筆移轉,09560004
RPSNMLRKIIOFFBV37CA,三民段,1.26,都市：住,1,1,全筆移轉,09570002
RPTNMLRKIIOFFBV47CA,三民段,38.84,都市：住,1,1,全筆移轉,09550004
RPPNMLNLIIOFFBV76CA,北佳里段,6296.63,非都市：風景區 ; 非都市編定：農牧用地,1,1,全筆移轉,08670000
RPPNMLSKIIOFFDV37CA,蘭里段,149.92,非都市：鄉村區 ; 非都市編定：乙種建築用地,1,1,全筆移轉,12810000
RPTNMLLJJIOFFAV76CA,大業段,1822.73,都市：住,1,1,全筆移轉,01980000
RPRNMLNLIIOFFBV96CA,北佳里段,3067.25,非都市：風景區 ; 非都市編定：農牧用地,1,1,全筆移轉,08680000
RPVNMLLMIIOFFAV17CA,台東段,90.00,都市：商,1,1,全筆移轉,03960001
RPRNMLNLIIOFFAV86CA,豐年段,6.00,都市：住,10000,12,持分移轉,00270000
RPTNMLNLIIOFFAV07CA,東海段,22.69,都市：住,10000,38,持分移轉,01300000
RPTNMLNLIIOFFAV07CA,東海段,1.46,都市：住,10000,38,持分移轉,01300002
RPVNMLLLIIOFFAV07CA,自強段,105.65,都市：住,4,1,持分移轉,09240001
RPQNMLSKIIOFFAV17CA,豐年段,5.00,都市：住,10000,10,持分移轉,00270000
RPUNMLSKIIOFFAV57CA,新中寮段,204.38,都市：住,1,1,全筆移轉,11500000
RPUNMLSKIIOFFAV57CA,新中寮段,222.87,都市：其他:道路,1,1,全筆移轉,11510000
RPPNMLSKIIOFFAV07CA,南王段,97.79,都市：住,1,1,全筆移轉,08130000
RPTNMLSKIIOFFAV47CA,利家段,2466.00,非都市：特定農業區 ; 非都市編定：農牧用地,1,1,全筆移轉,55120000
RPPNMLLLIIOFFAV09CA,永清段,129.10,都市：住,1,1,全筆移轉,05120008
RPPNMLKLIIOFFAV98CA,台東段,56.00,都市：商,1,1,全筆移轉,02350012
RPSNMLLLIIOFFAV76CA,射馬干段,5172.29,非都市：特定農業區 ; 非都市編定：農牧用地,108,66,持分移轉,02600000
RPUNMLLLIIOFFAV96CA,台東段,46.25,都市：住,10000,417,持分移轉,18120000
RPTNMLLLIIOFFAV86CA,射馬干段,3291.46,非都市：特定農業區 ; 非都市編定：農牧用地,108,42,持分移轉,02600000
RPPNMLTKIIOFFCV37CA,大池段,2266.57,非都市：特定農業區 ; 非都市編定：農牧用地,1,1,全筆移轉,03000000
RPSNMLNLIIOFFBV07CA,永福段,3058.22,非都市：風景區 ; 非都市編定：農牧用地,1,1,全筆移轉,00870000
RPRNMLOLIIOFFBV07CA,坪頂段,101.62,非都市：鄉村區 ; 非都市編定：乙種建築用地,1,1,全筆移轉,08840000
RPPNMLMLIIOFFBV76DA,富民段,4541.08,非都市：風景區 ; 非都市編定：農牧用地,1,1,全筆移轉,06270000
RPPNMLMLIIOFFBV76DA,富民段,2031.22,非都市：風景區 ; 非都市編定：農牧用地,1,1,全筆移轉,06290002
RPPNMLMLIIOFFBV76DA,富民段,35.15,非都市：風景區 ; 非都市編定：農牧用地,6,1,持分移轉,06290004
RPQNMLMLIIOFFBV86DA,忠勇段,114.99,都市：住,1,1,全筆移轉,05440000
RPQNMLLLIIOFFAV56CA,知本段,2000.00,非都市：特定農業區 ; 非都市編定：農牧用地,1,1,全筆移轉,75550001
RPQNMLMLIIOFFAV66CA,豐航段,2681.29,都市：住,1,1,全筆移轉,07520000
RPRNMLMLIIOFFAV76CA,建業段,67.52,都市：住,1,1,全筆移轉,05130000
RPQNMLNLIIOFFBV96DA,高台段,21.46,非都市：鄉村區 ; 非都市編定：乙種建築用地,1,1,全筆移轉,00600001
RPQNMLNLIIOFFAV76CA,南王段,142.58,都市：住,1,1,全筆移轉,05160000
RPQNMLNLIIOFFAV76CA,南王段,4.72,都市：住,1,1,全筆移轉,05260003
RPRNMLPLIIOFFBV17CA,北都歷段,444.57,非都市：鄉村區 ; 非都市編定：乙種建築用地,1,1,全筆移轉,02190000
RPPNMLMKJIOFFBV66CA,北八里段,3780.96,非都市：風景區 ; 非都市編定：農牧用地,1,1,全筆移轉,04970002
RPPNMLPLIIOFFCV07CA,隆昌段,4069.00,非都市：山坡地保育區 ; 非都市編定：農牧用地,1,1,全筆移轉,01580001
RPQNMLPLIIOFFBV07CA,三仙段,173.70,非都市：風景區 ; 非都市編定：丙種建築用地,1,1,全筆移轉,07220000
RPQNMLSLIIOFFAV27CA,大業段,97.81,非都市：特定農業區 ; 非都市編定：甲種建築用地,1,1,全筆移轉,06860000
RPOOMLPLIIOFFAV86CA,豐利段,104.04,都市：住,1,1,全筆移轉,07430000
RPTNMLPLIIOFFAV27CA,大業段,94.27,都市：住,1,1,全筆移轉,00550003
RPSNMLPLIIOFFAV17CA,豐田段,24.39,都市：住,10000,42,持分移轉,13910000
RPSNMLPLIIOFFAV17CA,豐田段,3.00,都市：其他:綠地,1,1,全筆移轉,13330008
RPVNMLPLIIOFFAV47CA,台東段,125.00,都市：住,1,1,全筆移轉,05810005
RPVNMLPLIIOFFAV47CA,台東段,35.00,都市：住,1,1,全筆移轉,05810010
RPWNMLPLIIOFFAV57CA,新中寮段,264.62,都市：住,1,1,全筆移轉,04530000
RPWNMLPLIIOFFAV57CA,新中寮段,30.26,都市：其他:道路,1,1,全筆移轉,04620000
RPRNMLPLIIOFFAV07CA,豐田段,312.40,都市：住,10000,1589,持分移轉,13330003
RPXNMLPLIIOFFAV67CA,台東段,122.00,都市：住,1,1,全筆移轉,00030124
RPXNMLPLIIOFFAV67CA,台東段,12.00,都市：住,1,1,全筆移轉,00030570
RPOOMLLMIIOFFAV56CA,中正段,210.00,都市：其他:道路用地,1,1,全筆移轉,10050000
RPPNMLNLIIOFFAV66CA,豐谷段,79.00,都市：住,1,1,全筆移轉,05850000
RPVNMLNLIIOFFAV27CA,豐康段,98.48,都市：住,1,1,全筆移轉,07330120
RPSNMLOLIIOFFAV07CA,台東段,71.00,都市：住,1,1,全筆移轉,06490116
RPTNMLOLIIOFFAV17CA,南清段,152.43,都市：住,1,1,全筆移轉,04890020
RPPNMLPLIIOFFAV86CA,光明段,103.00,都市：住,1,1,全筆移轉,04360024
RPPNMLLJJIOFFAV98CA,永和段,87.25,都市：住,1,1,全筆移轉,03000000
RPUNMLOLIIOFFAV27CA,台東段,6.00,都市：住,1,1,全筆移轉,00240108
RPUNMLOLIIOFFAV27CA,台東段,22.00,都市：住,1,1,全筆移轉,00240184
RPQNMLPLIIOFFAV96CA,上南寮段,143.20,都市：住,1,1,全筆移轉,14740000
RPQNMLPLIIOFFAV96CA,上南寮段,90.85,都市：其他:道路用地,1,1,全筆移轉,14740001
RPPNMLSLIIOFFAV17CA,青林段,49.81,都市：住,10000,276,持分移轉,09350000
RPWNMLLMIIOFFAV27CA,台東段,99.00,都市：住,1,1,全筆移轉,00100440
RPWNMLLMIIOFFAV27CA,台東段,12.00,都市：住,1,1,全筆移轉,00100448
RPUNMLPLIIOFFAV37CA,馬蘭段,1804.00,都市：住,1,1,全筆移轉,18810000
RPQNMLOLIIOFFAV86CA,豐年段,23.57,都市：住,10000,51,持分移轉,00270007
RPPOMLPLIIOFFAV96CA,馬蘭段,43.08,都市：住,10000,112,持分移轉,14590000
RPPNMLKMIIOFFBV56CA,三間屋段,171.78,非都市：鄉村區 ; 非都市編定：乙種建築用地,1,1,全筆移轉,02740000
RPRNMLOLIIOFFAV07DA,台東段,80.00,都市：住,1,1,全筆移轉,12380019
RPSNMLTLIIOFFAV67DA,台東段,20.00,都市：商,1,1,全筆移轉,01360002
RPRNMLTLIIOFFAV57DA,豐里段,173.06,非都市：特定農業區 ; 非都市編定：甲種建築用地,1,1,全筆移轉,02640003
RPXNMLQJJIOFFAV77DA,南王段,54.54,都市：住,1,1,全筆移轉,00660000
RPQNMLTLIIOFFCV57CA,大池段,47.19,非都市：鄉村區 ; 非都市編定：乙種建築用地,1,1,全筆移轉,08080000
RPPNMLTLIIOFFAV37DA,利家段,51.00,非都市：鄉村區 ; 非都市編定：乙種建築用地,1,1,全筆移轉,77510000
RPPNMLTLIIOFFDV67DA,北橋段,629.36,都市：農,3,1,持分移轉,00480000
RPSNMLSLIIOFFAV47CA,東海段,313.59,都市：其他:保護區,1,1,全筆移轉,02270002
RPSNMLSLIIOFFAV47CA,東海段,1658.91,都市：農,1,1,全筆移轉,02270000
RPQOMLPLIIOFFAV07CA,大業段,107.70,都市：住,1,1,全筆移轉,00530015
RPPOMLLMIIOFFAV66CA,台東段,100.00,都市：住,1,1,全筆移轉,01700025
RPQNMLLJJIOFFAV09CA,豐成段,584.06,非都市：特定農業區 ; 非都市編定：農牧用地,1,1,全筆移轉,09640000
RPQNMLLJJIOFFAV09CA,豐成段,445.70,非都市：特定農業區 ; 非都市編定：甲種建築用地,1,1,全筆移轉,09730000
RPVNMLLJJIOFFAV96CA,岩灣段,83.26,都市：住,49132,22517,持分移轉,03980000
RPOOMLLJJIOFFAV98CA,公?西段,149.52,都市：農,1,1,全筆移轉,11740011
RPPNMLPJJIOFFAV76CA,台東段,.03,都市：其他:道路用地,10000,105,持分移轉,03470053
RPPNMLPJJIOFFAV76CA,台東段,77.26,都市：商,10000,105,持分移轉,03470000
RPPNMLPJJIOFFAV76CA,台東段,.06,都市：其他:道路用地,10000,105,持分移轉,03470052
RPQNMLTLIIOFFAV37CA,馬蘭段,96.00,都市：住,1,1,全筆移轉,17040003
RPUNMLTLIIOFFAV77CA,永清段,160.21,都市：住,1,1,全筆移轉,05120011
RPQNMLRJJIOFFBV17CA,玉長段,2500.00,非都市：風景區 ; 非都市編定：農牧用地,1,1,全筆移轉,01770000
RPRNMLPJJIOFFAV96CA,利家段,60.00,非都市：鄉村區 ; 非都市編定：乙種建築用地,1,1,全筆移轉,76350000
RPQNMLTLIIOFFBV47CA,南都歷段,3555.84,非都市：風景區 ; 非都市編定：農牧用地,1,1,全筆移轉,01700000
RPPOMLTLIIOFFAV37CA,新生段,12.40,都市：住,20000,100,持分移轉,00440000
RPVNMLTLIIOFFAV87CA,豐康段,174.98,都市：住,1,1,全筆移轉,08440005
RPPNMLLMIIOFFAV56CA,建業段,23.70,都市：住,2,1,持分移轉,00370000
RPPNMLLMIIOFFAV56CA,建業段,16.30,都市：住,2,1,持分移轉,00370001
RPPNMLKLJIOFFBV56CA,長光段,150.65,非都市：風景區 ; 非都市編定：丙種建築用地,1,1,全筆移轉,06250000
RPQOMLTLIIOFFAV47CA,豐谷段,78.00,都市：住,1,1,全筆移轉,00960000
RPOOMLTLIIOFFAV27CA,利家段,2420.00,非都市：特定農業區 ; 非都市編定：農牧用地,1,1,全筆移轉,65710000
RPSNMLOJJIOFFBV07CA,萬年段,189.00,非都市：鄉村區 ; 非都市編定：乙種建築用地,1,1,全筆移轉,06130001
RPPNMLLMIIOFFCV86DA,錦富段,3481.32,非都市：特定農業區 ; 非都市編定：農牧用地,2,1,持分移轉,00390000
RPSNMLLJJIOFFAV66CA,利家段,2118.00,非都市：特定農業區 ; 非都市編定：農牧用地,1,1,全筆移轉,52590000
RPSNMLTLIIOFFBV67CA,忠智段,93.97,都市：住,1,1,全筆移轉,10310000
RPSNMLOJJIOFFAV96CA,台東段,77.26,都市：商,10000,105,持分移轉,03470000
RPSNMLOJJIOFFAV96CA,台東段,.06,都市：商,10000,105,持分移轉,03470052
RPSNMLOJJIOFFAV96CA,台東段,.03,都市：商,10000,105,持分移轉,03470053
RPPNMLKMIIOFFDV76CA,復興段,180.57,都市：住,1,1,全筆移轉,04190000
RPRNMLOJJIOFFAV86CA,班鳩段,1078.02,非都市：特定農業區 ; 非都市編定：農牧用地,1,1,全筆移轉,00480000
RPRNMLOJJIOFFAV86CA,班鳩段,578.24,非都市：特定農業區 ; 非都市編定：農牧用地,1,1,全筆移轉,00540000
RPPNMLKMIIOFFAV09CA,北南王段,94.21,都市：住,1,1,全筆移轉,05970000
RPSNMLOKJIOFFAV17DA,梧州段,187.28,都市：住,1,1,全筆移轉,02220001
RPQNMLKMIIOFFAV56CA,東海段,22.69,都市：住,10000,38,持分移轉,01300000
RPQNMLKMIIOFFAV56CA,東海段,1.46,都市：住,10000,38,持分移轉,01300002
RPRNMLKMIIOFFAV66CA,永清段,140.80,都市：住,1,1,全筆移轉,09300002
RPSNMLLMIIOFFAV86CA,上南寮段,794.36,都市：住,1,1,全筆移轉,04460002
RPSNMLLMIIOFFAV86CA,上南寮段,88.87,都市：住,21,6,持分移轉,04460003
RPWNMLTLIIOFFAV97CA,新生段,22.00,都市：其他:,1,1,全筆移轉,09960000
RPWNMLTLIIOFFAV97CA,新生段,75.00,都市：住,1,1,全筆移轉,09970000
RPTNMLLMIIOFFAV96CA,上岩灣段,434.83,都市：住,1,1,全筆移轉,07750000
RPTNMLLMIIOFFAV96CA,上岩灣段,7.22,都市：住,1,1,全筆移轉,07750001
RPTNMLLMIIOFFAV96CA,上岩灣段,4.42,都市：住,1,1,全筆移轉,07750002
RPTNMLLMIIOFFAV96CA,上岩灣段,220.25,都市：其他:道路用地,1,1,全筆移轉,07750003
RPTNMLLMIIOFFAV96CA,上岩灣段,80.95,都市：其他:道路用地,1,1,全筆移轉,07750004
RPRNMLKMIIOFFDV96CA,荖花段,2365.59,非都市：特定農業區 ; 非都市編定：農牧用地,1,1,全筆移轉,00120000
RPXNMLTLIIOFFAV08CA,新中寮段,398.96,都市：住,1,1,全筆移轉,00330000
RPXNMLTLIIOFFAV08CA,新中寮段,32.82,都市：其他:道路用地,1,1,全筆移轉,00340000
RPPNMLLMIIOFFDV86CA,蘭里段,3535.00,非都市：特定農業區 ; 非都市編定：農牧用地,1,1,全筆移轉,07300000
RPUNMLLJJIOFFAV86CA,建國段,3561.70,都市：農,1,1,全筆移轉,08770000
RPQNMLLMIIOFFDV07DA,秀山段,1106.79,非都市：一般農業區 ; 非都市編定：農牧用地,5,2,持分移轉,04020000
RPQNMLOJJIOFFAV76CA,知本段,2718.00,非都市：特定農業區 ; 非都市編定：農牧用地,1,1,全筆移轉,82150001
RPPNMLOJJIOFFDV96CA,秀山段,8.08,都市：其他:出租旅館,10000,7,持分移轉,07230000
RPPNMLOJJIOFFDV96CA,秀山段,.00,都市：其他:道路用地,10000,7,持分移轉,07230001
RPPOMLLJJIOFFAV09CA,知本段,992.00,非都市：特定農業區 ; 非都市編定：農牧用地,1,1,全筆移轉,74890002
RPWNMLLJJIOFFAV07CA,永清段,128.98,都市：住,1,1,全筆移轉,05120010
RPQOMLLJJIOFFAV56CA,中正段,90.00,都市：住,1,1,全筆移轉,10460000
RPXNMLLJJIOFFAV17CA,永清段,129.37,都市：住,1,1,全筆移轉,05120004
RPPNMLQJJIOFFAV86CA,公?西段,383.89,都市：農,1,1,全筆移轉,09280000
RPPNMLNJJIOFFAV56CA,台東段,32.00,都市：住,1,1,全筆移轉,04560005
RPRNMLQJJIOFFAV07CA,公?西段,790.27,都市：農,1,1,全筆移轉,09290000
RPPNMLRJJIOFFBV07CA,東河段,707.38,都市：其他:道路用地,1,1,全筆移轉,06160001
RPPNMLRJJIOFFBV07CA,東河段,200.91,都市：住,1,1,全筆移轉,06170001
RPPNMLRJJIOFFBV07CA,東河段,1032.81,都市：住,1,1,全筆移轉,06180001
RPUNMLOJJIOFFAV17CA,知本段,1800.00,非都市：特定農業區 ; 非都市編定：農牧用地,1,1,全筆移轉,77370002
RPUNMLPKJIOFFAV37CA,中清段,187.64,都市：住,1,1,全筆移轉,05560000
RPVNMLPKJIOFFAV47CA,南王段,56.26,都市：住,1,1,全筆移轉,05900009
RPPNMLOJJIOFFBV76CA,忠仁段,80.56,都市：住,1,1,全筆移轉,03400000
RPQNMLOJJIOFFBV86CA,都豐段,129.30,非都市：鄉村區 ; 非都市編定：乙種建築用地,1,1,全筆移轉,07200000
RPQNMLOJJIOFFBV86CA,都豐段,297.17,非都市：鄉村區 ; 非都市編定：乙種建築用地,1,1,全筆移轉,07210001
RPRNMLPKJIOFFAV07CA,中清段,18.27,都市：其他:道路,1,1,全筆移轉,05560006
RPXNMLKLJIOFFAV27CA,南清段,84.89,都市：住,1,1,全筆移轉,07870000
RPQNMLLMIIOFFAV66CA,常德段,81.00,都市：住,1,1,全筆移轉,04560000
RPXNMLLMIIOFFAV37CA,台東段,12.81,都市：住,100000,791,持分移轉,00040009
RPTNMLPKJIOFFAV27CA,青林段,2850.27,非都市：山坡地保育區 ; 非都市編定：農牧用地,1,1,全筆移轉,14350000
RPRNMLLJJIOFFAV56CA,台東段,52.33,都市：住,24,1,持分移轉,03450000
RPRNMLLJJIOFFAV56CA,台東段,5.38,都市：住,24,1,持分移轉,03450006
RPWNMLQJJIOFFAV57CA,南榮段,102.67,都市：住,1,1,全筆移轉,09160000
RPRNMLOJJIOFFBV96CA,烏石鼻段,4008.60,非都市：風景區 ; 非都市編定：農牧用地,1,1,全筆移轉,00140003
RPRNMLOJJIOFFBV96CA,烏石鼻段,418.75,非都市：風景區 ; 非都市編定：農牧用地,1,1,全筆移轉,00140004
RPSNMLQJJIOFFAV17CA,永豐段,72.75,都市：住,1,1,全筆移轉,00630000
RPUNMLQJJIOFFAV37CA,東海段,12.54,都市：住,10000,21,持分移轉,01300000
RPUNMLQJJIOFFAV37CA,東海段,12.54,都市：住,10000,21,持分移轉,01300000
RPUNMLQJJIOFFAV37CA,東海段,.81,都市：住,10000,21,持分移轉,01300002
RPUNMLQJJIOFFAV37CA,東海段,.81,都市：住,10000,21,持分移轉,01300002
RPQNMLPJJIOFFAV86CA,永清段,129.44,都市：住,1,1,全筆移轉,05120003
RPPNMLQJJIOFFDV17CA,金崙段,4010.00,非都市：山坡地保育區 ; 非都市編定：農牧用地,1,1,全筆移轉,14020000
RPTNMLOJJIOFFAV07CA,馬蘭段,117.00,都市：住,1,1,全筆移轉,18360000
RPPNMLQJJIOFFCV07CA,鹿寮段,433.98,非都市：山坡地保育區 ; 非都市編定：農牧用地,6,1,持分移轉,02320000
RPQNMLPJJIOFFDV27DA,蘭里段,52.23,非都市：特定農業區 ; 非都市編定：甲種建築用地,1,1,全筆移轉,06350000
RPQNMLPJJIOFFDV27DA,蘭里段,94.33,非都市：山坡地保育區 ; 非都市編定：丙種建築用地,1,1,全筆移轉,06360000
RPSNMLPJJIOFFAV17DA,東谷段,86.97,都市：住,1,1,全筆移轉,04300000
RPSNMLPJJIOFFAV17DA,東谷段,8.61,都市：住,1,1,全筆移轉,04390000
RPPNMLPJJIOFFDV17DA,金星段,5620.00,非都市：山坡地保育區 ; 非都市編定：農牧用地,1,1,全筆移轉,00750000
RPPNMLPJJIOFFDV17DA,金星段,700.00,非都市：山坡地保育區 ; 非都市編定：農牧用地,1,1,全筆移轉,05240000
RPQNMLQJJIOFFAV96CA,東海段,66.16,都市：住,2,1,持分移轉,07760004
RPQNMLQJJIOFFAV96CA,東海段,66.16,都市：住,2,1,持分移轉,07760004
RPVNMLQJJIOFFAV47CA,永清段,133.45,都市：住,1,1,全筆移轉,05120000
RPPNMLLKJIOFFDV76CA,秀山段,10.39,都市：其他:出租旅館區,10000,9,持分移轉,07230000
RPPNMLLKJIOFFDV76CA,秀山段,.00,都市：其他:道路用地,10000,9,持分移轉,07230001
RPSOMLOKJIOFFAV17CA,台東段,102.00,都市：商,1,1,全筆移轉,03840002
RPSNMLSJJIOFFBV47CA,高原段,1063.00,非都市：鄉村區 ; 非都市編定：乙種建築用地,1,1,全筆移轉,06080000
RPPNMLPKJIOFFBV96CA,南佳里段,68.31,非都市：風景區 ; 非都市編定：農牧用地,1,1,全筆移轉,13350000
RPPNMLQKJIOFFAV96CA,台東段,162.00,都市：商,1,1,全筆移轉,02040001
RPPNMLQKJIOFFAV96CA,台東段,129.00,都市：商,1,1,全筆移轉,02060000
RPPNMLQKJIOFFAV96CA,台東段,5.00,都市：商,1,1,全筆移轉,02070005
RPPNMLQKJIOFFAV96CA,台東段,31.00,都市：商,1,1,全筆移轉,02070006
RPPNMLQKJIOFFAV96CA,台東段,1339.00,都市：其他:部分商業區部分住宅區,1,1,全筆移轉,02350000
RPPNMLQKJIOFFAV96CA,台東段,70.00,都市：商,1,1,全筆移轉,02350005
RPXNMLLKJIOFFAV27CA,台東段,2.00,都市：商,1,1,全筆移轉,01090068
RPXNMLRJJIOFFAV77CA,中正段,94.00,都市：住,1,1,全筆移轉,10460001
RPXNMLRJJIOFFAV77CA,中正段,55.00,都市：住,1,1,全筆移轉,10460002
RPRNMLLKJIOFFAV66CA,豐田段,144.40,都市：其他:道路用地,10,1,持分移轉,13600000
RPRNMLLKJIOFFAV66CA,豐田段,135.00,都市：住,10,1,持分移轉,13600001
RPRNMLLKJIOFFAV66CA,豐田段,80.80,都市：其他:部分鄰里公園兼兒童遊樂場用地部分道路用地部分住宅區,10,1,持分移轉,13600002
RPRNMLLKJIOFFAV66CA,豐田段,23.90,都市：其他:道路用地,10,1,持分移轉,13600003
RPRNMLLKJIOFFAV66CA,豐田段,1.70,都市：其他:道路用地,10,1,持分移轉,13600004
RPRNMLLKJIOFFAV66CA,豐田段,2.00,都市：住,10,1,持分移轉,13600005
RPRNMLLKJIOFFAV66CA,豐田段,8.10,都市：其他:鄰里公園兼兒童遊樂場用,10,1,持分移轉,13600006
RPRNMLLKJIOFFAV66CA,豐田段,13.60,都市：其他:道路用地,10,2,持分移轉,13660000
RPRNMLLKJIOFFAV66CA,豐田段,2.40,都市：住,10,2,持分移轉,13660001
RPRNMLLKJIOFFAV66CA,豐田段,190.20,都市：住,10,2,持分移轉,15380000
RPRNMLLKJIOFFAV66CA,豐田段,63.20,都市：其他:部分住宅區及部分道路用地,10,2,持分移轉,15380001
RPRNMLLKJIOFFAV66CA,豐田段,100.40,都市：住,10,2,持分移轉,15380002
RPQNMLMLJIOFFAV76CA,公?東段,407.18,都市：住,1,1,全筆移轉,09710000
RPSNMLLKJIOFFAV76CA,台東段,605.00,都市：住,1,1,全筆移轉,00250026
RPSNMLLLJIOFFAV86CA,新中寮段,413.84,都市：其他:保護區,2,1,持分移轉,13910000
RPSNMLLLJIOFFAV86CA,新中寮段,413.84,都市：其他:保護區,2,1,持分移轉,13910000
RPTNMLLKJIOFFAV86CA,台東段,462.00,都市：住,1,1,全筆移轉,00250029
RPTNMLLKJIOFFAV86CA,台東段,1565.00,都市：住,1,1,全筆移轉,00250081
RPTNMLLKJIOFFAV86CA,台東段,534.00,都市：住,1,1,全筆移轉,00260000
RPPOMLKLJIOFFAV66DA,下南寮段,329.48,都市：農,1,1,全筆移轉,09000000
RPRNMLSJJIOFFDV57CA,秀山段,6.53,都市：其他:旅館區,100000,105,持分移轉,06590003
RPQNMLSJJIOFFDV57DA,大鳥段,1190.00,非都市：山坡地保育區 ; 非都市編定：農牧用地,1,1,全筆移轉,09060000
RPTNMLRJJIOFFDV77DA,秀山段,8.08,都市：其他:出租旅館區,10000,7,持分移轉,07230000
RPTNMLRJJIOFFDV77DA,秀山段,.00,都市：其他:道路用地,10000,7,持分移轉,07230001
RPSNMLRJJIOFFDV67DA,秀山段,8.08,都市：其他:出租旅館區,10000,7,持分移轉,07230000
RPSNMLRJJIOFFDV67DA,秀山段,.00,都市：其他:道路用地,10000,7,持分移轉,07230001
RPUNMLMJKIOFFAV07CA,豐康段,122.90,都市：住,1,1,全筆移轉,08670016
RPVNMLLKJIOFFAV07CA,豐里段,4397.22,非都市：特定農業區 ; 非都市編定：農牧用地,1,1,全筆移轉,03110000
RPTNMLRJJIOFFAV37CA,豐利段,300.13,都市：住,1,1,全筆移轉,07990000
RPUNMLRJJIOFFAV47CA,豐成段,2102.26,非都市：特定農業區 ; 非都市編定：農牧用地,1,1,全筆移轉,05230000
RPVNMLRJJIOFFAV57CA,龍過脈段,1784.56,非都市：山坡地保育區 ; 非都市編定：農牧用地,1,1,全筆移轉,09110000
RPRNMLRJJIOFFAV17CA,馬蘭段,36.80,都市：住,10000,413,持分移轉,14810000
RPSNMLRJJIOFFAV27CA,利家段,351.00,非都市：特定農業區 ; 非都市編定：甲種建築用地,1,1,全筆移轉,54800012
RPQNMLRJJIOFFAV07CA,台東段,.47,都市：住,1,1,全筆移轉,00250466
RPPNMLRJJIOFFAV96CA,台東段,66.00,都市：住,1,1,全筆移轉,11890000
RPSOMLPKJIOFFAV27CA,利家段,80.48,非都市：鄉村區 ; 非都市編定：乙種建築用地,10000,100,持分移轉,81260000
RPSOMLPKJIOFFAV27CA,利家段,14.11,非都市：鄉村區 ; 非都市編定：乙種建築用地,10000,100,持分移轉,82850000
RPPNMLLKJIOFFAV09CA,馬蘭段,111.00,都市：住,1,1,全筆移轉,17580000
RPQNMLMKJIOFFAV66CA,永清段,132.14,都市：住,1,1,全筆移轉,05120007
RPPNMLMKJIOFFAV56CA,台東段,132.00,都市：住,1,1,全筆移轉,06540027
RPOOMLLKJIOFFAV09CA,永清段,129.04,都市：住,1,1,全筆移轉,05120009
RPWNMLLKJIOFFAV17CA,中清段,124.68,都市：住,1,1,全筆移轉,04960000
RPPNMLNKJIOFFCV86CA,電光段,99.20,非都市：鄉村區 ; 非都市編定：乙種建築用地,1,1,全筆移轉,08790000
RPPNMLNKJIOFFCV86CA,電光段,48.38,非都市：鄉村區 ; 非都市編定：乙種建築用地,1,1,全筆移轉,09160000
RPTNMLSJJIOFFBV57CA,三間段大來小段,586.00,非都市：風景區 ; 非都市編定：農牧用地,1,1,全筆移轉,10290000
RPUNMLSKJIOFFAV67CA,知本段,2500.00,非都市：特定農業區 ; 非都市編定：農牧用地,1,1,全筆移轉,75010001
RPSNMLMKJIOFFAV86CA,梧州段,127.45,都市：住,1,1,全筆移轉,04390014
