﻿編號,土地位置,土地移轉面積(平方公尺),使用分區或編定,權利人持分分母,權利人持分分子,移轉情形,地號
The serial number, land position,land shifting area square meter,the use zoning or compiles and checks,,,,land parcel
RPWNMLQKQHOFFAV58DC,常德段,.00,都市：住,,,,05200000
RPRNMLSJJIOFFAV57DC,光明段,122.00,都市：住,,,,06320103
RPTNMLPJRHOFFAV08CC,新生段,.00,都市：住,,,,02040000
RPUNMLPJRHOFFAV18CC,新生段,.00,都市：住,,,,02040000
RPTNMLQKRHOFFAV28CC,南清段,.00,都市：住,,,,07440000
RPTNMLQKRHOFFAV28CC,南清段,.00,都市：住,,,,07440001
