﻿鄉鎮市區,交易標的,土地位置建物門牌,土地面積平方公尺,都市土地使用分區,非都市土地使用分區,非都市土地使用編定,租賃年月日,租賃筆棟數,租賃層次,總樓層數,建物型態,主要用途,主要建材,建築完成年月,建物總面積平方公尺,建物現況格局-房,建物現況格局-廳,建物現況格局-衛,建物現況格局-隔間,有無管理組織,有無附傢俱,總額元,單價元平方公尺,車位類別,車位面積平方公尺,車位總額元,備註,編號
The villages and towns urban district,transaction sign,land sector position building sector house number plate,land shifting total area square meter,the use zoning or compiles and checks,the non-metropolis land use district,non-metropolis land use,transaction year month and day,transaction pen number,shifting level,total floor number,building state,main use,main building materials,construction to complete the years,building shifting total area,Building present situation pattern - room,building present situation pattern - hall,building present situation pattern - health,building present situation pattern - compartmented,Whether there is manages the organization,Whether there is attaches the furniture,total price NTD,the unit price (NTD / square meter),the berth category,berth shifting total area square meter,the berth total price NTD,the note,serial number
金湖鎮,房地(土地+建物),金門縣金湖鎮塔后308號,105.0,住,,,1080827,土地1建物1車位0,全,3,透天厝,見其他登記事項,鋼筋混凝土造,0910704,199.28,4,2,5,有,無,有,15000,75,,0.0,0,,RPTNMLNJRHOFFAW08DC
金城鎮,房地(土地+建物),金門縣金城鎮民權路1113號,68.6,住,,,1080630,土地1建物1車位0,一層,3,店面(店鋪),住商用,鋼筋混凝土造,,62.25,0,0,0,無,無,有,25000,402,,0.0,0,,RPUNMLNJRHOFFAW18DC
金城鎮,房地(土地+建物),金門縣金城鎮水頭65之1號,74.57,其他,,,1080905,土地1建物0車位0,全,3,透天厝,住家用,鋼筋混凝土造,1050606,142.64,5,1,3,有,無,無,18000,126,,0.0,0,,RPQNMLNLRHOFFAW87CC
