﻿編號,屋齡,建物移轉面積平方公尺,主要用途,主要建材,建築完成日期,總層數,建物分層
The serial number,room age,building shifting area square meter,the main use,main building materials,construction completes the date,total layer,building lamination
RPQNMLQKQHOFFAW77CA,4,36.96,集合住宅,鋼筋混凝土造,104年7月21日,三層,二層 陽台
RPQNMLQKQHOFFAW77CA,4,19.10,共有部分：本共有部分之項目有樓梯間、電梯間、梯廳、機房、電信機房、蓄水池抽水設備、車道、停車場及停車位等９項。,鋼筋混凝土造,104年7月21日,三層,
RPPNMLOKQHOFFAW47CA,24,152.04,住家用,鋼筋混凝土加強磚造,84年9月7日,三層,一層 二層 三層
RPPNMLTKQHOFFAW97CA,19,189.64,住家用,鋼筋混凝土造,89年3月3日,三層,一層 二層 三層 屋頂突出物
RPPNMLQKQHOFFAW67CA,11,87.91,集合住宅,鋼筋混凝土造,97年11月18日,五層,五層 陽台
RPPNMLQKQHOFFAW67CA,11,15.99,樓梯間、機械間。,鋼筋混凝土造,97年11月18日,五層,
RPQNMLTKQHOFFAW08CA,1,104.62,集合住宅,鋼筋混凝土造,107年9月28日,三層,三層 陽台
RPQNMLTKQHOFFAW08CA,1,43.80,共有部分：本共有部分之項目有消防機房（兼發電機室）、車道、儲藏室、台電配電室、停車空間、樓梯、梯廳、門廊及無障礙電梯等９項。,鋼筋混凝土造,107年9月28日,三層,
RPTNMLTKQHOFFAW38CA,1,87.47,集合住宅,鋼筋混凝土造,107年9月28日,三層,三層 陽台
RPTNMLTKQHOFFAW38CA,1,38.81,共有部分：本共有部分之項目有消防機房（兼發電機室）、車道、儲藏室、台電配電室、停車空間、樓梯、梯廳、門廊及無障礙電梯等９項。,鋼筋混凝土造,107年9月28日,三層,
RPQNMLNLQHOFFAW57CA,1,119.43,集合住宅,鋼筋混凝土造,107年9月28日,三層,三層 陽台
RPQNMLNLQHOFFAW57CA,1,47.79,共有部分：本共有部分之項目有消防機房（兼發電機室）、車道、儲藏室、台電配電室、停車空間、樓梯、梯廳、門廊及無障礙電梯等９項。,鋼筋混凝土造,107年9月28日,三層,
RPROMLKLQHOFFAW47CA,7,164.36,集合住宅,鋼筋混凝土造,101年7月11日,三層,一層 二層 三層 陽台
RPQNMLKLQHOFFAW27CA,23,198.26,住家用,鋼筋混凝土造,85年9月6日,三層,一層 二層 三層 陽台 平台
RPXNMLKLQHOFFAW97CA,,81.12,集合住宅,鋼筋混凝土造,108年4月24日,五層,三層 陽台
RPXNMLKLQHOFFAW97CA,,12.51,共有部分：本共有部分之項目計有走廊、無障礙電梯、梯廳、無障礙樓梯、梯間、機房（電信）等６項。,鋼筋混凝土造,108年4月24日,五層,
RPSNMLKLQHOFFAW47CA,1,77.65,集合住宅,鋼筋混凝土造,107年10月9日,五層,三層 陽台
RPSNMLKLQHOFFAW47CA,1,11.38,共有部分：本共有部分之項目有梯廳及樓梯間等２項。,鋼筋混凝土造,107年10月9日,五層,
RPPNMLQLQHOFFAW77CA,1,129.62,集合住宅,鋼筋混凝土造,107年4月25日,三層,三層 陽台
RPPNMLQLQHOFFAW77CA,1,13.47,共有部分：本共有部分之項目有門廳、樓梯間及電梯間等３項。,鋼筋混凝土造,107年4月25日,三層,
RPRNMLMLQHOFFAW57CA,1,105.40,集合住宅,鋼筋混凝土造,107年2月13日,三層,三層 陽台
RPRNMLMLQHOFFAW57CA,1,7.21,共有部分：本共有部分之項目有樓梯間及水箱等２項。,鋼筋混凝土造,107年2月13日,三層,
RPSNMLMJRHOFFAW57CA,3,176.40,集合住宅,鋼筋混凝土造,105年7月28日,三層,一層 二層 三層 陽台 屋頂突出物 雨遮
RPWNMLQLQHOFFAW48CA,1,86.97,集合住宅,鋼筋混凝土造,107年9月13日,三層,三層 陽台
RPWNMLQLQHOFFAW48CA,1,6.86,共有部分：本共有部分之項目樓梯間及水箱等２項。,鋼筋混凝土造,107年9月13日,三層,
RPSNMLKMQHOFFAW57CA,2,114.51,集合住宅,鋼筋混凝土造,106年10月30日,三層,二層 陽台
RPSNMLKMQHOFFAW57CA,2,6.42,共有部分：本共有部分之項目有樓梯間１項。,鋼筋混凝土造,106年10月30日,三層,
RPPNMLKMQHOFFAW27CA,7,7.96,共有部分：本共有部分之項目有樓梯間等一項。,鋼筋混凝土造,102年2月5日,三層,
RPPNMLKMQHOFFAW27CA,7,108.51,集合住宅,鋼筋混凝土造,102年2月5日,三層,二層 陽台
RPQNMLTLQHOFFAW18CA,3,75.98,見其他登記事項,鋼筋混凝土造,106年1月23日,三層,一層
RPQNMLTLQHOFFAW18CA,3,6.55,見其他登記事項,鋼筋混凝土造,106年1月23日,三層,
RPSNMLTLQHOFFAW38CA,1,124.51,集合住宅,鋼筋混凝土造,107年9月28日,三層,三層 陽台
RPSNMLTLQHOFFAW38CA,1,77.32,共有部分：本共有部分之項目有消防機房（兼發電機室）、車道、儲藏室、台電配電室、停車空間、樓梯、梯廳、門廊及無障礙電梯等９項。,鋼筋混凝土造,107年9月28日,三層,
RPPNMLTLQHOFFAW08CA,6,66.07,集合住宅,鋼筋混凝土造,102年10月25日,三層,三層 陽台
RPPNMLTLQHOFFAW08CA,6,11.78,共有部分：本共有部分之項目計有樓梯間、走廊、水箱機房等三項。,鋼筋混凝土造,102年10月25日,三層,
RPRNMLSLQHOFFAW18CA,6,207.96,集合住宅,鋼筋混凝土造,102年1月23日,三層,一層 二層 三層 陽台 雨遮
RPSNMLQKQHOFFAW97CA,1,93.78,集合住宅,鋼筋混凝土造,107年9月28日,三層,一層 陽台
RPSNMLQKQHOFFAW97CA,1,44.94,共有部分：本共有部分之項目有消防機房（兼發電機室）、車道、儲藏室、台電配電室、停車空間、樓梯、梯廳、門廊及無障礙電梯等９項。,鋼筋混凝土造,107年9月28日,三層,
RPPNMLTKRHOFFAW08CA,,100.90,見其他登記事項,鋼筋混凝土造,108年6月24日,五層,四層
RPPNMLTKRHOFFAW08CA,,12.63,見其他登記事項,鋼筋混凝土造,108年6月24日,五層,
RPRNMLOLRHOFFAW87CA,,100.90,見其他登記事項,鋼筋混凝土造,108年6月24日,五層,一層
RPRNMLOLRHOFFAW87CA,,12.63,見其他登記事項,鋼筋混凝土造,108年6月24日,五層,
RPRNMLTKRHOFFAW28CA,,100.90,見其他登記事項,鋼筋混凝土造,108年6月24日,五層,五層
RPVNMLNLRHOFFAW18CA,,100.90,見其他登記事項,鋼筋混凝土造,108年6月24日,五層,二層
RPRNMLTKRHOFFAW28CA,,12.63,見其他登記事項,鋼筋混凝土造,108年6月24日,五層,
RPVNMLNLRHOFFAW18CA,,12.63,見其他登記事項,鋼筋混凝土造,108年6月24日,五層,
RPTNMLTKRHOFFAW48CA,,100.90,見其他登記事項,鋼筋混凝土造,108年6月24日,五層,一層
RPTNMLTKRHOFFAW48CA,,12.63,見其他登記事項,鋼筋混凝土造,108年6月24日,五層,
RPSNMLOLRHOFFAW97CA,,100.90,見其他登記事項,鋼筋混凝土造,108年6月24日,五層,三層
RPSNMLOLRHOFFAW97CA,,12.63,見其他登記事項,鋼筋混凝土造,108年6月24日,五層,
RPPNMLNLRHOFFAW57CA,,100.90,見其他登記事項,鋼筋混凝土造,108年6月24日,五層,三層
RPPNMLNLRHOFFAW57CA,,12.63,見其他登記事項,鋼筋混凝土造,108年6月24日,五層,
RPSNMLTKRHOFFAW38CA,,100.90,見其他登記事項,鋼筋混凝土造,108年6月24日,五層,二層
RPSNMLTKRHOFFAW38CA,,12.63,見其他登記事項,鋼筋混凝土造,108年6月24日,五層,
RPPNMLQLRHOFFAW87CA,,100.90,見其他登記事項,鋼筋混凝土造,108年6月24日,五層,四層
RPPNMLQLRHOFFAW87CA,,12.63,見其他登記事項,鋼筋混凝土造,108年6月24日,五層,
RPQNMLRLRHOFFAW08CA,5,370.52,農舍,鋼筋混凝土造,103年7月25日,三層,一層 二層 三層 陽台
RPSNMLPLRHOFFAW08CA,,100.90,見其他登記事項,鋼筋混凝土造,108年6月24日,五層,五層
RPSNMLPLRHOFFAW08CA,,12.63,見其他登記事項,鋼筋混凝土造,108年6月24日,五層,
RPXNMLPJRHOFFAW38CA,5,31.72,集合住宅,鋼筋混凝土造,103年11月13日,三層,三層 陽台
RPXNMLPJRHOFFAW38CA,5,4.36,共有部分：本共有部分之項目有走廊、樓梯間等二項。,鋼筋混凝土造,103年11月13日,三層,
RPWNMLPJRHOFFAW28CA,67,35.72,住商用,鋼筋混凝土造,41年7月1日,二層,一層 二層 陽台 平台
RPVNMLPJRHOFFAW18CA,10,253.53,集合住宅,鋼筋混凝土造,98年9月24日,三層,一層 二層 三層 陽台 屋頂突出物
RPQNMLPJRHOFFAW67CA,2,89.82,集合住宅,鋼筋混凝土造,107年1月30日,五層,四層 陽台
RPQNMLPJRHOFFAW67CA,2,10.57,共有部分：本共有部分之項目有電梯、梯間、梯廳等３項。,鋼筋混凝土造,107年1月30日,五層,
RPQNMLLKRHOFFAW37CA,,74.99,集合住宅,鋼筋混凝土造,108年4月18日,三層,二層 陽台
RPQNMLLKRHOFFAW37CA,,3.73,共有部分：本共有部分之項目有樓梯間１項。,鋼筋混凝土造,108年4月18日,三層,
RPRNMLPLRHOFFAW97CA,1,91.51,集合住宅,鋼筋混凝土造,108年1月17日,三層,一層 陽台
RPRNMLPLRHOFFAW97CA,1,11.29,共有部分：共有部分之項目有樓梯間等１項。,鋼筋混凝土造,108年1月17日,三層,
RPSNMLSKRHOFFAW28CA,,60.15,集合住宅,鋼筋混凝土造,108年4月24日,五層,四層 陽台
RPSNMLSKRHOFFAW28CA,,9.28,共有部分：本共有部分之項目計有走廊、無障礙電梯、梯廳、無障礙樓梯、梯間、機房（電信）等６項。,鋼筋混凝土造,108年4月24日,五層,
RPWNMLSKRHOFFAW68CA,,60.15,集合住宅,鋼筋混凝土造,108年4月24日,五層,一層 陽台
RPWNMLSKRHOFFAW68CA,,9.28,共有部分：本共有部分之項目計有走廊、無障礙電梯、梯廳、無障礙樓梯、梯間、機房（電信）等６項。,鋼筋混凝土造,108年4月24日,五層,
RPVNMLSKRHOFFAW58CA,,81.12,集合住宅,鋼筋混凝土造,108年4月24日,五層,四層 陽台
RPVNMLSKRHOFFAW58CA,,12.51,共有部分：本共有部分之項目計有走廊、無障礙電梯、梯廳、無障礙樓梯、梯間、機房（電信）等６項。,鋼筋混凝土造,108年4月24日,五層,
RPTNMLSKRHOFFAW38CA,,60.15,集合住宅,鋼筋混凝土造,108年4月24日,五層,五層 陽台
RPTNMLSKRHOFFAW38CA,,9.28,共有部分：本共有部分之項目計有走廊、無障礙電梯、梯廳、無障礙樓梯、梯間、機房（電信）等６項。,鋼筋混凝土造,108年4月24日,五層,
RPRNMLSKRHOFFAW18CA,1,79.19,集合住宅,鋼筋混凝土造,107年11月27日,三層,三層 陽台
RPRNMLSKRHOFFAW18CA,1,6.53,共有部分：本共有部分之項目有安全梯１項。,鋼筋混凝土造,107年11月27日,三層,
RPQNMLKLRHOFFAW37CA,26,298.05,商業用,鋼筋混凝土造,82年5月11日,三層,一層 二層 三層 騎樓
RPTNMLNLRHOFFAW08DA,24,100.95,住家用,鋼筋混凝土加強磚造,84年11月3日,三層,一層 平台
RPTNMLNLRHOFFAW08DA,24,3.64,共用部分,鋼筋混凝土加強磚造,84年11月3日,三層,
RPTNMLPLRHOFFAW18CA,,74.99,集合住宅,鋼筋混凝土造,108年4月18日,三層,三層 陽台
RPTNMLPLRHOFFAW18CA,,3.73,共有部分：本共有部分之項目有樓梯間１項。,鋼筋混凝土造,108年4月18日,三層,
RPQNMLKMRHOFFAW47CA,3,98.63,集合住宅,鋼筋混凝土造,105年6月21日,三層,二層 陽台
RPQNMLKMRHOFFAW47CA,3,21.97,共有部分：本共有部分之項目有梯廳、樓梯間、停車空間、水箱機房、機房等５項。,鋼筋混凝土造,105年6月21日,三層,
RPQNMLOLRHOFFAW87DA,6,86.53,集合住宅,鋼筋混凝土造,103年1月10日,三層,一層 陽台
RPQNMLOLRHOFFAW87DA,6,5.67,共有部分：本共有部分之項目有樓梯間、陽台等二項。,鋼筋混凝土造,103年1月10日,三層,
RPUNMLPLRHOFFAW28CA,,74.99,集合住宅,鋼筋混凝土造,108年4月18日,三層,三層 陽台
RPUNMLPLRHOFFAW28CA,,3.73,共有部分：本共有部分之項目有樓梯間１項。,鋼筋混凝土造,108年4月18日,三層,
RPOOMLRKRHOFFAW87CA,,63.27,集合住宅,鋼筋混凝土造,108年4月18日,三層,一層
RPOOMLRKRHOFFAW87CA,,10.86,共有部分：本共有部分之項目有樓梯間１項。,鋼筋混凝土造,108年4月18日,三層,
RPXNMLRKRHOFFAW68CA,1,92.01,集合住宅,鋼筋混凝土造,108年1月17日,三層,二層 陽台
RPXNMLRKRHOFFAW68CA,1,11.29,共有部分：共有部分之項目有樓梯間等１項。,鋼筋混凝土造,108年1月17日,三層,
RPQNMLRKRHOFFAW97CA,1,92.01,集合住宅,鋼筋混凝土造,108年1月17日,三層,三層 陽台
RPQNMLRKRHOFFAW97CA,1,11.29,共有部分：共有部分之項目有樓梯間等１項。,鋼筋混凝土造,108年1月17日,三層,
RPPOMLRKRHOFFAW97CA,,74.99,集合住宅,鋼筋混凝土造,108年4月18日,三層,二層 陽台
RPPOMLRKRHOFFAW97CA,,3.74,共有部分：本共有部分之項目有樓梯間１項。,鋼筋混凝土造,108年4月18日,三層,
RPQOMLRKRHOFFAW08CA,,63.27,集合住宅,鋼筋混凝土造,108年4月18日,三層,一層
RPQOMLRKRHOFFAW08CA,,10.86,共有部分：本共有部分之項目有樓梯間１項。,鋼筋混凝土造,108年4月18日,三層,
RPPNMLQJIIOFFAW86CA,16,253.21,住家用,鋼筋混凝土造,92年12月22日,三層,一層 二層 三層 陽台
RPUNMLOJIIOFFAW27DA,3,81.82,集合住宅,鋼筋混凝土造,105年4月13日,三層,一層 陽台
RPUNMLOJIIOFFAW27DA,3,6.31,共有部分：本共有部分之項目有樓梯間一項。,鋼筋混凝土造,105年4月13日,三層,
RPPNMLMLIIOFFAW66CA,2,68.74,集合住宅,鋼筋混凝土造,107年3月8日,三層,三層 陽台
RPPNMLMLIIOFFAW66CA,2,4.80,共有部分：本共有部分之項目有梯間１項。,鋼筋混凝土造,107年3月8日,三層,
RPRNMLPKIIOFFAW07CA,3,98.63,集合住宅,鋼筋混凝土造,105年6月21日,三層,三層 陽台
RPRNMLPKIIOFFAW07CA,3,21.97,共有部分：本共有部分之項目有梯廳、樓梯間、停車空間、水箱機房、機房等５項。,鋼筋混凝土造,105年6月21日,三層,
RPRNMLLJIIOFFAW56CA,5,31.72,集合住宅,鋼筋混凝土造,103年11月13日,三層,三層 陽台
RPRNMLLJIIOFFAW56CA,5,4.36,共有部分：本共有部分之項目有走廊、樓梯間等二項。,鋼筋混凝土造,103年11月13日,三層,
RPRNMLOJIIOFFAW86CA,4,165.21,住家用,鋼筋混凝土造,104年11月30日,三層,一層 二層 三層 陽台
RPPNMLOJIIOFFAW66CA,14,76.03,集合住宅,鋼筋混凝土造,94年7月21日,四層,四層 陽台
RPPNMLOJIIOFFAW66CA,14,10.37,樓梯間、屋頂突出物,鋼筋混凝土造,94年7月21日,四層,
RPUNMLNJIIOFFAW07CA,4,92.09,集合住宅,鋼筋混凝土造,104年4月10日,三層,三層 陽台
RPUNMLNJIIOFFAW07CA,4,11.46,共有部分：本共有部分之項目計有樓梯間、停車空間、發電機、電氣室機房、電錶室、消防泵機房、消防蓄水池、雨水貯集水槽、不鏽鋼水箱等九項。,鋼筋混凝土造,104年4月10日,三層,
RPVNMLOKIIOFFAW37CA,,97.76,集合住宅,鋼筋混凝土造,108年5月23日,四層,二層 陽台
RPVNMLOKIIOFFAW37CA,,19.35,共有部分：本共有部分之項目計有公寓大廈管委會、無障礙電梯、梯廳、梯間等４項。,鋼筋混凝土造,108年5月23日,四層,
RPXNMLOKIIOFFAW57CA,10,88.53,集合住宅,鋼筋混凝土造,99年1月20日,三層,一層 二層 三層 陽台 屋頂突出物
RPUNMLOKIIOFFAW27CA,,97.76,集合住宅,鋼筋混凝土造,108年5月23日,四層,三層 陽台
RPXNMLOKIIOFFAW57CA,10,88.53,集合住宅,鋼筋混凝土造,99年1月20日,三層,一層 二層 三層 陽台 屋頂突出物
RPUNMLOKIIOFFAW27CA,,19.35,共有部分：本共有部分之項目計有公寓大廈管委會、無障礙電梯、梯廳、梯間等４項。,鋼筋混凝土造,108年5月23日,四層,
RPXNMLOKIIOFFAW57CA,10,63.03,停車空間，本共有部份之項目有停車空間等１項。,鋼筋混凝土造,99年1月20日,三層,
RPQNMLTJIIOFFAW27CA,1,79.83,集合住宅,鋼筋混凝土造,107年11月27日,三層,三層 陽台
RPQNMLTJIIOFFAW27CA,1,6.53,共有部分：本共有部分之項目有安全梯１項。,鋼筋混凝土造,107年11月27日,三層,
RPSNMLOKIIOFFAW07CA,,65.00,集合住宅,鋼筋混凝土造,108年5月23日,四層,二層 陽台
RPSNMLOKIIOFFAW07CA,,12.83,共有部分：本共有部分之項目計有公寓大廈管委會、無障礙電梯、梯廳、梯間等４項。,鋼筋混凝土造,108年5月23日,四層,
RPTNMLOKIIOFFAW17CA,,65.00,集合住宅,鋼筋混凝土造,108年5月23日,四層,三層 陽台
RPTNMLOKIIOFFAW17CA,,12.83,共有部分：本共有部分之項目計有公寓大廈管委會、無障礙電梯、梯廳、梯間等４項。,鋼筋混凝土造,108年5月23日,四層,
RPVNMLLLIIOFFAW17CA,,96.50,集合住宅,鋼筋混凝土造,108年6月11日,五層,二層 陽台
RPVNMLLLIIOFFAW17CA,,17.10,共有部分：本共有部分之項目有梯廳、無障礙電梯、梯間及電梯機房等４項。,鋼筋混凝土造,108年6月11日,五層,
RPVNMLQJJIOFFAW57CA,1,182.02,集合住宅,鋼筋混凝土造,107年9月28日,三層,一層 二層 三層 陽台
RPVNMLQJJIOFFAW57CA,1,30.39,共有部分：本共有部分之項目有消防機房（兼發電機室）、車道、儲藏室、台電配電室、停車空間、樓梯、梯廳、門廊及無障礙電梯等９項。,鋼筋混凝土造,107年9月28日,三層,
RPQOMLLLIIOFFAW76CA,,99.12,集合住宅,鋼筋混凝土造,108年6月11日,五層,二層 陽台
RPQOMLLLIIOFFAW76CA,,17.60,共有部分：本共有部分之項目有梯廳、無障礙電梯、梯間及電梯機房等４項。,鋼筋混凝土造,108年6月11日,五層,
RPPNMLOLIIOFFAW86CA,,75.94,集合住宅,鋼筋混凝土造,108年6月11日,五層,二層 陽台
RPPNMLOLIIOFFAW86CA,,13.57,共有部分：本共有部分之項目有梯廳、無障礙電梯、梯間及電梯機房等４項。,鋼筋混凝土造,108年6月11日,五層,
RPXNMLLLIIOFFAW37CA,,96.51,集合住宅,鋼筋混凝土造,108年6月11日,五層,一層 陽台
RPXNMLLLIIOFFAW37CA,,17.10,共有部分：本共有部分之項目有梯廳、無障礙電梯、梯間及電梯機房等４項。,鋼筋混凝土造,108年6月11日,五層,
RPQNMLNLIIOFFAW86CA,,96.50,集合住宅,鋼筋混凝土造,108年6月11日,五層,四層 陽台
RPQNMLNLIIOFFAW86CA,,17.10,共有部分：本共有部分之項目有梯廳、無障礙電梯、梯間及電梯機房等４項。,鋼筋混凝土造,108年6月11日,五層,
RPPNMLSKIIOFFAW17CA,1,99.37,集合住宅,鋼筋混凝土造,107年12月11日,七層,六層 陽台
RPPNMLSKIIOFFAW17CA,1,36.46,共有部分：本共有部分之項目有台電配電室、消防機房、電信機房、發電機室、無障礙樓梯、梯廳、無障礙電梯、防空避難室兼停車空間、車道、水箱、資源回收區、機械室、外廊及門廳等１４項。,鋼筋混凝土造,107年12月11日,七層,
RPSOMLLLIIOFFAW96CA,,99.12,集合住宅,鋼筋混凝土造,108年6月11日,五層,四層 陽台
RPSOMLLLIIOFFAW96CA,,17.60,共有部分：本共有部分之項目有梯廳、無障礙電梯、梯間及電梯機房等４項。,鋼筋混凝土造,108年6月11日,五層,
RPQNMLSKIIOFFAW27CA,,74.99,集合住宅,鋼筋混凝土造,108年4月18日,三層,二層 陽台
RPQNMLSKIIOFFAW27CA,,3.73,共有部分：本共有部分之項目有樓梯間１項。,鋼筋混凝土造,108年4月18日,三層,
RPPNMLLLIIOFFAW56CA,,75.94,集合住宅,鋼筋混凝土造,108年6月11日,五層,五層 陽台
RPQNMLMLIIOFFAW76CA,,75.94,集合住宅,鋼筋混凝土造,108年6月11日,五層,三層 陽台
RPPNMLLLIIOFFAW56CA,,13.57,共有部分：本共有部分之項目有梯廳、無障礙電梯、梯間及電梯機房等４項。,鋼筋混凝土造,108年6月11日,五層,
RPQNMLMLIIOFFAW76CA,,13.57,共有部分：本共有部分之項目有梯廳、無障礙電梯、梯間及電梯機房等４項。,鋼筋混凝土造,108年6月11日,五層,
RPRNMLLLIIOFFAW76CA,,99.12,集合住宅,鋼筋混凝土造,108年6月11日,五層,三層 陽台
RPRNMLLLIIOFFAW76CA,,17.60,共有部分：本共有部分之項目有梯廳、無障礙電梯、梯間及電梯機房等４項。,鋼筋混凝土造,108年6月11日,五層,
RPWNMLSLIIOFFAW97CA,10,152.38,住家用,鋼筋混凝土造,99年1月21日,三層,一層 二層 三層 陽台 雨遮
RPWNMLNLIIOFFAW47CA,3,65.84,集合住宅,鋼筋混凝土造,105年11月23日,九層,八層 陽台 雨遮
RPWNMLNLIIOFFAW47CA,3,30.79,共有部分：本共有部分之項目有停車空間兼防空避難室、水箱、消防泵浦室、電信室、發電機室、台電配電室、梯廳、電樓梯間、（停車空間（一樓）垃圾儲藏空間、管委會辦公室、車道、陽台、雨遮、機械室、消防水池、雨水貯留池、基地內通路穿廊等１８項。,鋼筋混凝土造,105年11月23日,九層,
RPWNMLNLIIOFFAW47CA,3,8.68,共有部分：本共有部分之項目有停車空間兼防空避難室１項。,鋼筋混凝土造,105年11月23日,九層,
RPUNMLNLIIOFFAW27CA,2,68.43,集合住宅,鋼筋混凝土造,106年8月7日,三層,一層 陽台
RPUNMLNLIIOFFAW27CA,2,4.10,共有部分：本共有部分之項目有樓梯間１項。,鋼筋混凝土造,106年8月7日,三層,
RPRNMLOLIIOFFAW07CA,3,75.18,集合住宅,鋼筋混凝土造,106年1月23日,三層,一層 陽台
RPRNMLOLIIOFFAW07CA,3,6.55,共有部分：本共有部分之項目有樓梯間１項。,鋼筋混凝土造,106年1月23日,三層,
RPWNMLQJJIOFFAW67CA,1,191.61,集合住宅,鋼筋混凝土造,107年9月28日,三層,一層 二層 三層 陽台
RPWNMLQJJIOFFAW67CA,1,33.24,共有部分：本共有部分之項目有消防機房（兼發電機室）、車道、儲藏室、台電配電室、停車空間、樓梯、梯廳、門廊及無障礙電梯等９項。,鋼筋混凝土造,107年9月28日,三層,
RPQNMLPLIIOFFAW07CA,2,87.60,集合住宅。,鋼筋混凝土造,106年5月25日,三層,三層 陽台
RPQNMLPLIIOFFAW07CA,2,6.81,共有部分：本共有部分之項目有樓梯間１項。,鋼筋混凝土造,106年5月25日,三層,
RPVNMLTLIIOFFAW97CA,3,84.50,辦公室（廳）,鋼筋混凝土造,105年12月6日,十層,六層 陽台 雨遮
RPVNMLTLIIOFFAW97CA,3,32.85,共有部分：本共有部分之項目有消防水箱、機電消防室、台電配電室、清水池、汽車昇降道、防空避難室兼停車空間、電信室、外廊、梯廳、安全梯、車道、水錶室、電梯機房、水箱、梯間等１５項。,鋼筋混凝土造,105年12月6日,十層,
RPSNMLPLIIOFFAW27CA,,96.50,集合住宅,鋼筋混凝土造,108年6月11日,五層,五層 陽台
RPSNMLPLIIOFFAW27CA,,17.10,共有部分：本共有部分之項目有梯廳、無障礙電梯、梯間及電梯機房等４項。,鋼筋混凝土造,108年6月11日,五層,
RPTNMLPLIIOFFAW37CA,,99.12,集合住宅,鋼筋混凝土造,108年6月11日,五層,五層 陽台
RPTNMLPLIIOFFAW37CA,,17.60,共有部分：本共有部分之項目有梯廳、無障礙電梯、梯間及電梯機房等４項。,鋼筋混凝土造,108年6月11日,五層,
RPROMLSLIIOFFAW57CA,,160.07,集合住宅,鋼筋混凝土造,108年6月17日,三層,一層 二層 三層 陽台
RPPOMLSLIIOFFAW37CA,,157.96,集合住宅,鋼筋混凝土造,108年6月17日,三層,一層 二層 三層 陽台
RPQNMLOLIIOFFAW96CA,3,75.18,集合住宅,鋼筋混凝土造,106年1月23日,三層,二層 陽台
RPQNMLOLIIOFFAW96CA,3,6.55,共有部分：本共有部分之項目有樓梯間１項。,鋼筋混凝土造,106年1月23日,三層,
RPTNMLSLIIOFFAW67CA,1,79.38,集合住宅,鋼筋混凝土造,107年11月27日,三層,二層 陽台
RPTNMLSLIIOFFAW67CA,1,12.96,共有部分：本共有部分之項目有安全梯１項。,鋼筋混凝土造,107年11月27日,三層,
RPTNMLTLIIOFFAW77CA,3,84.50,辦公室（廳）,鋼筋混凝土造,105年12月6日,十層,四層 陽台 雨遮
RPTNMLTLIIOFFAW77CA,3,32.85,共有部分：本共有部分之項目有消防水箱、機電消防室、台電配電室、清水池、汽車昇降道、防空避難室兼停車空間、電信室、外廊、梯廳、安全梯、車道、水錶室、電梯機房、水箱、梯間等１５項。,鋼筋混凝土造,105年12月6日,十層,
RPOOMLTLIIOFFAW37CA,3,84.50,集合住宅,鋼筋混凝土造,105年12月6日,十層,七層 陽台 雨遮
RPOOMLTLIIOFFAW37CA,3,32.85,共有部分：本共有部分之項目有消防水箱、機電消防室、台電配電室、清水池、汽車昇降道、防空避難室兼停車空間、電信室、外廊、梯廳、安全梯、車道、水錶室、電梯機房、水箱、梯間等１５項。,鋼筋混凝土造,105年12月6日,十層,
RPRNMLKMIIOFFAW76CA,,165.50,集合住宅,鋼筋混凝土造,108年6月17日,三層,一層 二層 三層 陽台
RPUNMLKMIIOFFAW07CA,5,31.72,集合住宅,鋼筋混凝土造,103年11月13日,三層,三層 陽台
RPUNMLKMIIOFFAW07CA,5,4.36,共有部分：本共有部分之項目有走廊、樓梯間等二項。,鋼筋混凝土造,103年11月13日,三層,
RPQNMLPJJIOFFAW07DA,1,86.97,集合住宅,鋼筋混凝土造,107年9月13日,三層,三層 陽台
RPQNMLPJJIOFFAW07DA,1,6.86,共有部分：本共有部分之項目樓梯間及水箱等２項。,鋼筋混凝土造,107年9月13日,三層,
RPQNMLPKIIOFFAW07DA,3,59.34,集合住宅,鋼筋混凝土造,105年12月23日,三層,三層 陽台
RPQNMLPKIIOFFAW07DA,3,5.86,共有部分：本共有部分之項目有樓梯間１項。,鋼筋混凝土造,105年12月23日,三層,
RPXNMLQJJIOFFAW77CA,1,191.61,集合住宅,鋼筋混凝土造,107年9月28日,三層,一層 二層 三層 陽台
RPXNMLQJJIOFFAW77CA,1,33.24,共有部分：本共有部分之項目有消防機房（兼發電機室）、車道、儲藏室、台電配電室、停車空間、樓梯、梯廳、門廊及無障礙電梯等９項。,鋼筋混凝土造,107年9月28日,三層,
RPTNMLLLIIOFFAW96CA,,75.94,集合住宅,鋼筋混凝土造,108年6月11日,五層,四層 陽台
RPTNMLLLIIOFFAW96CA,,13.57,共有部分：本共有部分之項目有梯廳、無障礙電梯、梯間及電梯機房等４項。,鋼筋混凝土造,108年6月11日,五層,
RPXNMLSLIIOFFAW08CA,3,482.70,住家用,鋼筋混凝土造,105年6月14日,三層,一層 二層 三層 陽台 屋頂突出物
RPSNMLSLIIOFFAW57CA,16,176.92,住家用,鋼筋混凝土造,93年1月4日,三層,一層 二層 三層 陽台
RPWNMLLMIIOFFAW37CA,18,204.90,農舍,鋼筋混凝土造,90年10月15日,二層,一層 二層 陽台 平台 屋頂突出物
RPPNMLRJJIOFFAW07CA,1,81.70,集合住宅,鋼筋混凝土造,107年12月10日,五層,三層 陽台
RPPNMLRJJIOFFAW07CA,1,17.27,共有部分：本共有部分之項目有梯間及無障礙電梯等２項。,鋼筋混凝土造,107年12月10日,五層,
RPTNMLRJJIOFFAW47CA,,165.50,集合住宅,鋼筋混凝土造,108年6月17日,三層,一層 二層 三層 陽台
RPSNMLLKJIOFFAW86CA,24,200.80,住家用,鋼筋混凝土造,84年6月26日,三層,一層 二層 三層 陽台 露台
RPRNMLRJJIOFFAW27CA,,157.96,集合住宅,鋼筋混凝土造,108年6月17日,三層,一層 二層 三層 陽台
RPVNMLRJJIOFFAW67CA,4,80.95,集合住宅,鋼筋混凝土造,105年4月1日,三層,一層 陽台
RPVNMLRJJIOFFAW67CA,4,6.17,共有部分：本共有部分之項目有樓梯間一項。,鋼筋混凝土造,105年4月1日,三層,
RPRNMLLKJIOFFAW76CA,4,82.13,集合住宅,鋼筋混凝土造,105年4月21日,八層,八層 陽台 雨遮
RPRNMLLKJIOFFAW76CA,4,43.86,共有部分：本共有部分之項目有梯間、防空避難室兼停車空間、車道、升降機機道、機電消防室、電信室、台電配電室、清水池、消防水池、外廊、水錶室、水箱及電梯機房等１３項。,鋼筋混凝土造,105年4月21日,八層,
RPRNMLOLJIOFFAW17CA,6,275.93,農舍,鋼筋混凝土造,102年8月7日,二層,一層 二層 陽台 屋頂突出物
RPSNMLOKJIOFFAW17CA,1,125.07,集合住宅,鋼筋混凝土造,107年4月25日,三層,一層 陽台
RPSNMLOKJIOFFAW17CA,1,13.47,共有部分：本共有部分之項目有門廳、樓梯間及電梯間等３項。,鋼筋混凝土造,107年4月25日,三層,
RPROMLKMIIOFFAW86CA,,47.41,集合住宅,鋼筋混凝土造,108年6月25日,三層,一層 陽台
RPROMLKMIIOFFAW86CA,,17.78,共有部分：本共有部分之項目計有機房Ａ－消防泵浦室、機房Ｂ－發電機室、機房Ｃ－電信、機房Ｄ－台電、機房Ｅ－自來水用（下水池）、消防水池、梯廳、梯間、停車空間、公共空間、走廊、電梯、地下車道、滯洪池、停車位等１５項。,鋼筋混凝土造,108年6月25日,三層,
RPQNMLLMIIOFFAW76CA,2,44.91,集合住宅,鋼筋混凝土造,107年1月30日,五層,二層 陽台
RPQNMLLMIIOFFAW76CA,2,44.91,集合住宅,鋼筋混凝土造,107年1月30日,五層,二層 陽台
RPQNMLLMIIOFFAW76CA,2,10.57,共有部分：本共有部分之項目有電梯、梯間、梯廳等３項。,鋼筋混凝土造,107年1月30日,五層,
RPQOMLKMIIOFFAW76CA,,50.28,集合住宅,鋼筋混凝土造,108年6月25日,三層,一層 陽台
RPQOMLKMIIOFFAW76CA,,47.35,共有部分：本共有部分之項目計有機房Ａ－消防泵浦室、機房Ｂ－發電機室、機房Ｃ－電信、機房Ｄ－台電、機房Ｅ－自來水用（下水池）、消防水池、梯廳、梯間、停車空間、公共空間、走廊、電梯、地下車道、滯洪池、停車位等１５項。,鋼筋混凝土造,108年6月25日,三層,
SPUNMLKMIIOFFAW17CA,5,31.72,集合住宅,鋼筋混凝土造,103年11月13日,三層,三層 陽台
SPUNMLKMIIOFFAW17CA,5,4.36,共有部分：本共有部分之項目有走廊、樓梯間等二項。,鋼筋混凝土造,103年11月13日,三層,
RPPOMLKMIIOFFAW66CA,,60.67,集合住宅,鋼筋混凝土造,108年6月25日,三層,三層 陽台
RPPOMLKMIIOFFAW66CA,,22.51,共有部分：本共有部分之項目計有機房Ａ－消防泵浦室、機房Ｂ－發電機室、機房Ｃ－電信、機房Ｄ－台電、機房Ｅ－自來水用（下水池）、消防水池、梯廳、梯間、停車空間、公共空間、走廊、電梯、地下車道、滯洪池、停車位等１５項。,鋼筋混凝土造,108年6月25日,三層,
