﻿鄉鎮市區,交易標的,土地位置建物門牌,土地移轉總面積平方公尺,都市土地使用分區,非都市土地使用分區,非都市土地使用編定,交易年月日,交易筆棟數,移轉層次,總樓層數,建物型態,主要用途,主要建材,建築完成年月,建物移轉總面積平方公尺,建物現況格局-房,建物現況格局-廳,建物現況格局-衛,建物現況格局-隔間,有無管理組織,總價元,單價元平方公尺,車位類別,車位移轉總面積(平方公尺),車位總價元,備註,編號,主建物面積,附屬建物面積,陽台面積,電梯,移轉編號
The villages and towns urban district,transaction sign,land sector position building sector house number plate,land shifting total area square meter,the use zoning or compiles and checks,the non-metropolis land use district,non-metropolis land use,transaction year month and day,transaction pen number,shifting level,total floor number,building state,main use,main building materials,construction to complete the years,building shifting total area,Building present situation pattern - room,building present situation pattern - hall,building present situation pattern - health,building present situation pattern - compartmented,Whether there is manages the organization,total price NTD,the unit price (NTD / square meter),the berth category,berth shifting total area square meter,the berth total price NTD,the note,serial number,,,,,
馬公市,土地,興崁段428地號,883.23,,一般農業區,農牧用地,1080806,土地1建物0車位0,,,其他,,,,0.0,0,0,0,有,無,800000,906,,0.0,0,親友、員工或其他特殊關係間之交易。；,RPQNMLNKQHOFFAX57CA,0.0,0.0,0.0,,
七美鄉,土地,七美一段184地號,542.93,,一般農業區,農牧用地,1070722,土地2建物0車位0,,,其他,,,,0.0,0,0,0,有,無,1218000,2243,,0.0,0,,RPPNMLOKQHOFFAX57CA,0.0,0.0,0.0,,
馬公市,土地,文東段988-5地號,208.61,,一般農業區,農牧用地,1080723,土地4建物0車位0,,,其他,,,,0.0,0,0,0,有,無,2650000,12703,,0.0,0,親友、員工或其他特殊關係間之交易。；,RPQNMLOKQHOFFAX67CA,0.0,0.0,0.0,,
西嶼鄉,土地,池東段2900地號,301.41,,一般農業區,農牧用地,1080730,土地1建物0車位0,,,其他,,,,0.0,0,0,0,有,無,1367647,4537,,0.0,0,,RPPNMLTKQHOFFAX08CA,0.0,0.0,0.0,,
馬公市,土地,風櫃西段1355地號,237.97,,一般農業區,農牧用地,1080805,土地1建物0車位0,,,其他,,,,0.0,0,0,0,有,無,3672000,15431,,0.0,0,,RPPNMLPLQHOFFAX77CA,0.0,0.0,0.0,,
白沙鄉,土地,中屯新段1027地號,25.13,,鄉村區,乙種建築用地,1080627,土地3建物0車位0,,,其他,,,,0.0,0,0,0,有,無,80000,3183,,0.0,0,親友、員工或其他特殊關係間之交易。；,RPQNMLMJJHPFFAX76CA,0.0,0.0,0.0,,
馬公市,房地(土地+建物)+車位,澎湖縣馬公市貿商街１２７號十樓之三,28.04,住,,,1080715,土地1建物1車位1,十層,十二層,住宅大樓(11層含以上有電梯),集合住宅,鋼筋混凝土造,0950629,188.66,3,2,2,有,有,3500000,18552,坡道平面,0.0,0,,RPPNMLMLQHOFFAX47CA,100.81,0.0,11.64,,
七美鄉,土地,七美二段893-1地號,72.52,,鄉村區,乙種建築用地,1080802,土地1建物0車位0,,,其他,,,,0.0,0,0,0,有,無,1300000,17926,,0.0,0,所有稅費含增值稅由買方負擔,RPPNMLLLQHOFFAX37CA,0.0,0.0,0.0,,
馬公市,土地,東衛段1253地號,452.74,,鄉村區,乙種建築用地,1080606,土地1建物0車位0,,,其他,,,,0.0,0,0,0,有,無,7943000,17544,,0.0,0,,RPPNMLPKQHOFFAX67CA,0.0,0.0,0.0,,
馬公市,土地,北澳段4地號,56.91,,一般農業區,農牧用地,1080730,土地1建物0車位0,,,其他,,,,0.0,0,0,0,有,無,1204700,21169,,0.0,0,,RPTNMLPKQHOFFAX08CA,0.0,0.0,0.0,,
馬公市,房地(土地+建物),澎湖縣馬公市自立路１０２號,145.0,住,,,1080729,土地2建物1車位0,全,四層,透天厝,住家用,鋼筋混凝土造,0770912,341.9,7,2,7,有,無,21500000,62884,,0.0,0,,RPQNMLQKQHOFFAX87CA,341.9,0.0,0.0,,
馬公市,土地,井垵西段1518地號,439.03,,一般農業區,農牧用地,1071221,土地2建物0車位0,,,其他,,,,0.0,0,0,0,有,無,2650000,6036,,0.0,0,土地增值稅買賣雙方各半負擔,RPPNMLSKQHOFFAX97CA,0.0,0.0,0.0,,
馬公市,土地,六合段435地號,659.12,,一般農業區,農牧用地,1080710,土地1建物0車位0,,,其他,,,,0.0,0,0,0,有,無,23430000,35547,,0.0,0,其中2人農變建專案核准交易總價包括未興建房屋建築費用。,RPPNMLTJRHOFFAX08CA,0.0,0.0,0.0,,
湖西鄉,土地,紅羅段1622地號,194.4,,鄉村區,乙種建築用地,1080605,土地1建物0車位0,,,其他,,,,0.0,0,0,0,有,無,301100,1549,,0.0,0,向政府機關承購之案件。；,RPPNMLOLQHOFFAX67CA,0.0,0.0,0.0,,
白沙鄉,土地,講美段853地號,105.7,,鄉村區,乙種建築用地,1080620,土地1建物0車位0,,,其他,,,,0.0,0,0,0,有,無,317999,3009,,0.0,0,標售逾期未辦繼承登記土地,RPQNMLOJRHOFFAX67CA,0.0,0.0,0.0,,
白沙鄉,房地(土地+建物),澎湖縣白沙鄉後寮２３９號,52.32,,一般農業區,甲種建築用地,1080606,土地1建物1車位0,全,一層,透天厝,住家用,加強磚造,0831122,25.3,2,1,1,有,無,314365,12425,,0.0,0,親友、員工或其他特殊關係間之交易。；,RPPNMLKKRHOFFAX27CA,25.3,0.0,0.0,,
西嶼鄉,土地,合界段1046地號,124.94,,一般農業區,甲種建築用地,1080710,土地1建物0車位0,,,其他,,,,0.0,0,0,0,有,無,700000,5603,,0.0,0,親友、員工或其他特殊關係間之交易。；含增建或未登記建物。；,RPPNMLQLQHOFFAX97DA,0.0,0.0,0.0,,
馬公市,土地,東澳段1150-5地號,5.53,住,,,1080802,土地1建物0車位0,,,其他,,,,0.0,0,0,0,有,無,364869,65980,,0.0,0,向政府機關承購之案件。；,RPQNMLKLQHOFFAX57EA,0.0,0.0,0.0,,
馬公市,土地,海堤段848地號,223.59,住,,,1080703,土地1建物0車位0,,,其他,,,,0.0,0,0,0,有,無,3760000,16816,,0.0,0,,RPQNMLLLQHOFFAX47CA,0.0,0.0,0.0,,
西嶼鄉,土地,池西段1268地號,756.5,,一般農業區,農牧用地,1080720,土地1建物0車位0,,,其他,,,,0.0,0,0,0,有,無,1100000,1454,,0.0,0,,RPRNMLMLQHOFFAX67CA,0.0,0.0,0.0,,
馬公市,土地,五福段1258地號,173.07,,一般農業區,農牧用地,1080702,土地1建物0車位0,,,其他,,,,0.0,0,0,0,有,無,800000,4622,,0.0,0,親友、員工或其他特殊關係間之交易。；,RPRNMLQLQHOFFAX08CA,0.0,0.0,0.0,,
白沙鄉,土地,講美段603地號,22.38,,鄉村區,乙種建築用地,1080812,土地1建物0車位0,,,其他,,,,0.0,0,0,0,有,無,70000,3128,,0.0,0,,RPRNMLKLQHOFFAX47CA,0.0,0.0,0.0,,
馬公市,土地,興仁段833-4地號,200.0,,一般農業區,甲種建築用地,1080731,土地2建物0車位0,,,其他,,,,0.0,0,0,0,有,無,7000000,35000,,0.0,0,此為單戶農變建變更起造人含未來興建房屋之費用。,RPPNMLMJRHOFFAX37CA,0.0,0.0,0.0,,
馬公市,土地,山水西段128-1地號,34.23,,鄉村區,乙種建築用地,1080806,土地2建物0車位0,,,其他,,,,0.0,0,0,0,有,無,200000,5843,,0.0,0,親友、員工或其他特殊關係間之交易。；,RPSNMLOJRHOFFAX87CA,0.0,0.0,0.0,,
西嶼鄉,土地,二崁南段1160地號,273.63,,風景區,農牧用地,1071113,土地1建物0車位0,,,其他,,,,0.0,0,0,0,有,無,356500,1303,,0.0,0,國有財產署標售逾期未辦理繼承不動產,RPSNMLLLQHOFFAX77DA,0.0,0.0,0.0,,
湖西鄉,土地,南寮南段193地號,2142.3,,一般農業區,農牧用地,1080605,土地2建物0車位0,,,其他,,,,0.0,0,0,0,有,無,2780000,1298,,0.0,0,向政府機關承購之案件。；逾期未辦理繼承標售,RPQNMLMLQHOFFAX67DA,0.0,0.0,0.0,,
馬公市,房地(土地+建物),澎湖縣馬公市五福路１３８巷１１５號,210.61,,一般農業區,甲種建築用地,1080802,土地2建物1車位0,全,三層,透天厝,住家用,鋼筋混凝土造,1060815,282.17,5,2,5,有,無,11000000,38984,,0.0,0,,RPPNMLNLQHOFFAX57CA,270.95,11.22,0.0,,
西嶼鄉,土地,二崁北段1072地號,299.58,,一般農業區,農牧用地,1080629,土地1建物0車位0,,,其他,,,,0.0,0,0,0,有,無,580000,1936,,0.0,0,,RPQNMLQLQHOFFAX97CA,0.0,0.0,0.0,,
七美鄉,土地,七美二段255地號,406.76,,一般農業區,農牧用地,1080715,土地2建物0車位0,,,其他,,,,0.0,0,0,0,有,無,836392,2056,,0.0,0,,RPSNMLPJRHOFFAX97CA,0.0,0.0,0.0,,
七美鄉,土地,七美二段256地號,68.34,,一般農業區,農牧用地,1080715,土地2建物0車位0,,,其他,,,,0.0,0,0,0,有,無,123335,1805,,0.0,0,,RPTNMLPJRHOFFAX08CA,0.0,0.0,0.0,,
馬公市,土地,五福段559地號,751.26,,一般農業區,農牧用地,1080617,土地1建物0車位0,,,其他,,,,0.0,0,0,0,有,無,11200000,14908,,0.0,0,,RPQNMLRKRHOFFAX08CA,0.0,0.0,0.0,,
馬公市,土地,中衛段1648地號,3635.26,,一般農業區,農牧用地,1080724,土地1建物0車位0,,,其他,,,,0.0,0,0,0,有,無,48000000,13204,,0.0,0,,RPSNMLQLQHOFFAX18CA,0.0,0.0,0.0,,
白沙鄉,土地,吉貝西段1203地號,1280.89,,一般農業區,農牧用地,1080819,土地1建物0車位0,,,其他,,,,0.0,0,0,0,有,無,2900000,2264,,0.0,0,親友、員工或其他特殊關係間之交易。；,RPOOMLRKRHOFFAX08DA,0.0,0.0,0.0,,
白沙鄉,土地,赤崁中段1110地號,115.99,,一般農業區,農牧用地,1080822,土地1建物0車位0,,,其他,,,,0.0,0,0,0,有,無,1017320,8771,,0.0,0,,RPQNMLTLQHOFFAX28CA,0.0,0.0,0.0,,
白沙鄉,土地,赤崁中段1110地號,49.84,,一般農業區,農牧用地,1080822,土地1建物0車位0,,,其他,,,,0.0,0,0,0,有,無,452100,9071,,0.0,0,,RPRNMLTLQHOFFAX38CA,0.0,0.0,0.0,,
馬公市,房地(土地+建物),澎湖縣馬公市光明路１之２２號,18.0,商,,,1080819,土地2建物1車位0,全,四層,透天厝,住商用,鋼筋混凝土加強磚造,0610130,61.62,2,1,1,有,無,1800000,29211,,0.0,0,,RPSNMLTLQHOFFAX48CA,61.62,0.0,0.0,,
馬公市,房地(土地+建物),澎湖縣馬公市陽明路32號,59.25,住,,,1080424,土地1建物1車位0,全,二層,透天厝,住家用,鋼筋混凝土加強磚造,0660412,79.0,3,2,1,有,無,7600000,96203,,0.0,0,,RPPNMLSJRHOFFAX97CA,79.0,0.0,0.0,,
馬公市,土地,鐵線段1137地號,1786.82,,一般農業區,農牧用地,1080807,土地2建物0車位0,,,其他,,,,0.0,0,0,0,有,無,4057000,2271,,0.0,0,親友、員工或其他特殊關係間之交易。；,RPQNMLPJRHOFFAX77CA,0.0,0.0,0.0,,
馬公市,房地(土地+建物),澎湖縣馬公市雙頭掛１２０之１８號,196.19,,一般農業區,甲種建築用地,1080809,土地2建物1車位0,全,三層,透天厝,住家用,鋼筋混凝土造,0921001,203.43,4,2,4,有,無,7380000,36278,,0.0,0,,RPPNMLOJRHOFFAX57CA,194.2,9.23,0.0,,
湖西鄉,土地,成功南段851地號,2233.92,,一般農業區,農牧用地,1080823,土地1建物0車位0,,,其他,,,,0.0,0,0,0,有,無,74520000,33358,,0.0,0,農變建移轉土地持分給予權利人共9人內含未來9戶興建之成本7452萬,RPQNMLMJRHOFFAX47CA,0.0,0.0,0.0,,
馬公市,土地,安宅段791地號,248.75,,一般農業區,農牧用地,1080826,土地1建物0車位0,,,其他,,,,0.0,0,0,0,有,無,8500000,34171,,0.0,0,含未來興建之成本,RPRNMLMJRHOFFAX57CA,0.0,0.0,0.0,,
馬公市,土地,興仁段1510地號,2259.01,,一般農業區,農牧用地,1080625,土地1建物0車位0,,,其他,,,,0.0,0,0,0,有,無,15033711,6655,,0.0,0,,RPRNMLQJRHOFFAX97CA,0.0,0.0,0.0,,
馬公市,土地,海堤段99-5地號,216.93,,一般農業區,甲種建築用地,1080526,土地2建物0車位0,,,其他,,,,0.0,0,0,0,有,無,3530000,16273,,0.0,0,農變建專案核准變更起造人,RPPNMLPKRHOFFAX77CA,0.0,0.0,0.0,,
馬公市,土地,五福段31地號,505.74,,一般農業區,農牧用地,1080722,土地1建物0車位0,,,其他,,,,0.0,0,0,0,有,無,1000000,1977,,0.0,0,親友、員工或其他特殊關係間之交易。；權利人2人,RPPNMLOLRHOFFAX77CA,0.0,0.0,0.0,,
馬公市,土地,文寮段623地號,1088.31,,一般農業區,農牧用地,1080814,土地1建物0車位0,,,其他,,,,0.0,0,0,0,有,無,2095000,1925,,0.0,0,,RPPNMLNJRHOFFAX57DA,0.0,0.0,0.0,,
白沙鄉,土地,鎮海新段648地號,252.08,,一般農業區,農牧用地,1080810,土地1建物0車位0,,,其他,,,,0.0,0,0,0,有,無,352912,1400,,0.0,0,,RPPNMLQJRHOFFAX87DA,0.0,0.0,0.0,,
馬公市,房地(土地+建物),澎湖縣馬公市後窟潭１之２７號,76.34,,一般農業區,甲種建築用地,1080726,土地2建物1車位0,一層，二層，夾層,四層,公寓(5樓含以下無電梯),住家用,鋼筋混凝土造,0820104,168.37,4,3,2,有,無,5680000,33735,,0.0,0,,RPQNMLNJRHOFFAX57CA,168.37,0.0,0.0,,
馬公市,土地,鐵線段650-1地號,264.49,,一般農業區,農牧用地,1080527,土地1建物0車位0,,,其他,,,,0.0,0,0,0,有,無,1760000,6654,,0.0,0,,RPRNMLOJRHOFFAX77CA,0.0,0.0,0.0,,
湖西鄉,房地(土地+建物),澎湖縣湖西鄉大城北５之１號,4259.1,,一般農業區,農牧用地,1080723,土地2建物1車位0,一層,一層,農舍,農舍,鋼筋混凝土加強空心磚造,0751105,129.6,0,1,1,有,無,23834845,,,0.0,0,親友、員工或其他特殊關係間之交易。；,RPRNMLPJRHOFFAX87CA,129.6,0.0,0.0,,
白沙鄉,房地(土地+建物),澎湖縣白沙鄉港子１之６號,439.5,,一般農業區,甲種建築用地,1080801,土地3建物1車位0,全,三層,透天厝,住家用,鋼筋混凝土造,0990701,450.36,9,1,10,有,無,15500000,34417,,0.0,0,,RPQNMLQJRHOFFAX87CA,441.66,8.7,0.0,,
馬公市,土地,中衛段264地號,1756.01,農,,,1080720,土地2建物0車位0,,,其他,,,,0.0,0,0,0,有,無,6880000,3918,,0.0,0,,RPRNMLMKRHOFFAX67CA,0.0,0.0,0.0,,
湖西鄉,土地,成功南段1330-11地號,250.78,,一般農業區,甲種建築用地,1080823,土地2建物0車位0,,,其他,,,,0.0,0,0,0,有,無,2670000,10647,,0.0,0,,RPSOMLRKRHOFFAX38CA,0.0,0.0,0.0,,
白沙鄉,土地,後寮段2442地號,7.0,,鄉村區,乙種建築用地,1071113,土地1建物0車位0,,,其他,,,,0.0,0,0,0,有,無,21000,3000,,0.0,0,逾期未辦繼承標售土地,RPPNMLPJRHOFFAX77DA,0.0,0.0,0.0,,
湖西鄉,土地,湖西南段1722地號,459.19,,一般農業區,農牧用地,1080820,土地1建物0車位0,,,其他,,,,0.0,0,0,0,有,無,2083500,4537,,0.0,0,,RPRNMLTJRHOFFAX38DA,0.0,0.0,0.0,,
馬公市,土地,興仁段307地號,1028.08,,一般農業區,農牧用地,1080830,土地1建物0車位0,,,其他,,,,0.0,0,0,0,有,無,9660000,9396,,0.0,0,,RPSNMLTJRHOFFAX48DA,0.0,0.0,0.0,,
馬公市,土地,鐵線段1008-1地號,114.02,,一般農業區,農牧用地,1080821,土地1建物0車位0,,,其他,,,,0.0,0,0,0,有,無,340000,2982,,0.0,0,,RPTNMLLKRHOFFAX77CA,0.0,0.0,0.0,,
七美鄉,土地,大嶼段5761-2地號,900.0,,一般農業區,農牧用地,1080828,土地2建物0車位0,,,其他,,,,0.0,0,0,0,有,無,1732962,1926,,0.0,0,108.05.25出賣人出售原母地號持分先辦理分割後將其所有土地分別登記予買方二位原總價1732962元於辦理過程中買賣雙方同意減價40000元土地增值稅32733元買賣雙方各半分擔.於農用證明核發後以108.08.28為買賣登記日期不另訂私契.,RPRNMLPLRHOFFAX08CA,0.0,0.0,0.0,,
馬公市,房地(土地+建物),澎湖縣馬公市西衛８０３號三樓之２,53.5,,一般農業區,交通用地,1070419,土地2建物1車位0,三層,五層,套房(1房1廳1衛),住家用,鋼筋混凝土造,1071105,78.75,1,1,1,有,無,3380000,42921,,0.0,0,,RPRNMLKMRHOFFAX67CA,53.81,6.5,0.0,,
馬公市,房地(土地+建物),澎湖縣馬公市西衛803號三樓之1,53.5,,一般農業區,交通用地,1070117,土地2建物1車位0,三層,五層,套房(1房1廳1衛),住家用,鋼筋混凝土造,1071105,78.75,1,1,1,有,無,3380000,42921,,0.0,0,,RPRNMLRKRHOFFAX18CA,53.81,6.5,0.0,,
馬公市,房地(土地+建物),澎湖縣馬公市西衛803號三樓之2,53.5,,一般農業區,交通用地,1070419,土地2建物1車位0,三層,五層,套房(1房1廳1衛),住家用,鋼筋混凝土造,1071105,78.75,1,1,1,有,無,3380000,42921,,0.0,0,,RPTNMLRKRHOFFAX38CA,53.81,6.5,0.0,,
馬公市,房地(土地+建物),澎湖縣馬公市西衛８０３號二樓之２,53.5,,一般農業區,交通用地,1080515,土地2建物1車位0,二層,五層,套房(1房1廳1衛),住家用,鋼筋混凝土造,1071105,78.75,1,1,1,有,無,3300000,41905,,0.0,0,,RPUNMLRKRHOFFAX48CA,53.81,6.5,0.0,,
望安鄉,土地,花宅段1945地號,4527.0,,一般農業區,農牧用地,1080813,土地11建物0車位0,,,其他,,,,0.0,0,0,0,有,無,4800000,1060,,0.0,0,,RPWNMLRKRHOFFAX68CA,0.0,0.0,0.0,,
湖西鄉,土地,城北段1076-7地號,953.28,,一般農業區,農牧用地,1080819,土地2建物0車位0,,,其他,,,,0.0,0,0,0,有,無,7209000,7562,,0.0,0,,RPXNMLRKRHOFFAX78CA,0.0,0.0,0.0,,
馬公市,土地,文寮段437地號,2323.55,,一般農業區,農牧用地,1080815,土地1建物0車位0,,,其他,,,,0.0,0,0,0,有,無,8430000,3628,,0.0,0,,RPQNMLTJRHOFFAX18CA,0.0,0.0,0.0,,
湖西鄉,土地,成功南段1338-5地號,216.94,,一般農業區,甲種建築用地,1080830,土地2建物0車位0,,,其他,,,,0.0,0,0,0,有,無,7600000,35033,,0.0,0,含未來房屋興建價款,RPPNMLMJIIOFFAX56CA,0.0,0.0,0.0,,
西嶼鄉,房地(土地+建物),澎湖縣西嶼鄉大池角６５之７號,84.4,,一般農業區,甲種建築用地,1080901,土地2建物1車位0,全,二層,透天厝,住家用,鋼筋混凝土加強磚造,0730220,122.85,4,1,1,有,無,300000,2442,,0.0,0,建物老舊,RPTNMLOJIIOFFAX17CA,122.85,0.0,0.0,,
馬公市,土地,北極段792地號,663.62,商,,,1080706,土地3建物0車位0,,,其他,,,,0.0,0,0,0,有,無,9000000,13562,,0.0,0,,RPWNMLLKRHOFFAX08CA,0.0,0.0,0.0,,
白沙鄉,土地,通梁東段71地號,970.15,,一般農業區,農牧用地,1071113,土地1建物0車位0,,,其他,,,,0.0,0,0,0,有,無,1111000,1145,,0.0,0,權利人數：2人國有財產屬標售逾期未辦理繼承登記土地,RPXNMLLKRHOFFAX28DA,0.0,0.0,0.0,,
西嶼鄉,土地,外垵一段131地號,422.18,,一般農業區,農牧用地,1080826,土地1建物0車位0,,,其他,,,,0.0,0,0,0,有,無,15520000,36762,,0.0,0,權利人共2人含未來興建2戶房屋價款,RPPNMLMKRHOFFAX47CA,0.0,0.0,0.0,,
馬公市,土地,五福段73-2地號,1674.62,,一般農業區,農牧用地,1080809,土地3建物0車位0,,,其他,,,,0.0,0,0,0,有,無,24500000,14630,,0.0,0,,RPVNMLLKRHOFFAX97CA,0.0,0.0,0.0,,
馬公市,土地,安宅段1232地號,77.44,,一般農業區,農牧用地,1080904,土地1建物0車位0,,,其他,,,,0.0,0,0,0,有,無,170500,2202,,0.0,0,親友、員工或其他特殊關係間之交易。；,RPSNMLMKRHOFFAX77CA,0.0,0.0,0.0,,
馬公市,房地(土地+建物),澎湖縣馬公市中華路５９之２號七樓,36.58,住,,,1080812,土地4建物1車位0,七層,七層,華廈(10層含以下有電梯),住家用,鋼筋混凝土造,0830421,191.79,3,2,2,有,無,5300000,27634,,0.0,0,,RPPNMLSKRHOFFAX08CA,131.47,18.28,0.0,,
湖西鄉,土地,林投南段160-1地號,1365.9,,一般農業區,農牧用地,1080807,土地1建物0車位0,,,其他,,,,0.0,0,0,0,有,無,3200000,2343,,0.0,0,,RPQNMLSKRHOFFAX18CA,0.0,0.0,0.0,,
馬公市,房地(土地+建物),澎湖縣馬公市民族路９７之１號,259.0,住,,,1080605,土地1建物1車位0,全,二層,透天厝,住家用,鋼筋混凝土加強磚造,0730424,127.79,3,1,2,有,無,27000000,211284,,0.0,0,,RPVNMLRKRHOFFAX58CA,127.79,0.0,0.0,,
望安鄉,土地,花宅段1237地號,209.75,,一般農業區,農牧用地,1080826,土地1建物0車位0,,,其他,,,,0.0,0,0,0,有,無,467000,2226,,0.0,0,,RPQNMLPKRHOFFAX87CA,0.0,0.0,0.0,,
馬公市,房地(土地+建物),澎湖縣馬公市永和街４１號,64.56,住,,,1080725,土地1建物1車位0,全,四層,透天厝,住家用,鋼筋混凝土造,0651122,133.21,4,2,5,有,無,8380000,62908,,0.0,0,,RPPNMLKLRHOFFAX37CA,133.21,0.0,0.0,,
馬公市,房地(土地+建物),澎湖縣馬公市文化路１９之７號,46.0,住,,,1080816,土地2建物2車位0,全,二層,透天厝,住家用,鋼筋混凝土加強空心磚造,0510810,87.54,2,2,2,有,無,5000000,57117,,0.0,0,,RPSNMLOJIIOFFAX07CA,87.54,0.0,0.0,,
白沙鄉,建物,澎湖縣白沙鄉港子１１２號,0.0,,,,1080815,土地0建物1車位0,全,三層,透天厝,住家用,鋼筋混凝土造,1020220,26.23,3,2,3,有,無,300000,11437,,0.0,0,以債抵價,RPRNMLNJIIOFFAX86CA,25.05,1.18,0.0,,
馬公市,房地(土地+建物),澎湖縣馬公市東衛90號,222.65,,鄉村區,乙種建築用地,1080903,土地1建物1車位0,全,二層,透天厝,住家用,加強磚造,0690701,161.48,6,1,2,有,無,3600000,22294,,0.0,0,含增建或未登記建物。；權利人共計3人,RPPNMLTKRHOFFAX28DA,161.48,0.0,0.0,,
馬公市,土地,五福段817地號,878.44,,一般農業區,農牧用地,1080905,土地1建物0車位0,,,其他,,,,0.0,0,0,0,有,無,12270000,13968,,0.0,0,,RPSNMLMJIIOFFAX86CA,0.0,0.0,0.0,,
馬公市,土地,五德西段105地號,564.02,,一般農業區,農牧用地,1080821,土地1建物0車位0,,,其他,,,,0.0,0,0,0,有,無,3360000,5957,,0.0,0,,RPSNMLRKRHOFFAX28CA,0.0,0.0,0.0,,
湖西鄉,土地,白坑段443地號,276.71,,一般農業區,農牧用地,1080820,土地3建物0車位0,,,其他,,,,0.0,0,0,0,有,無,600000,2168,,0.0,0,,RPRNMLSKRHOFFAX28CA,0.0,0.0,0.0,,
馬公市,土地,烏崁新段942地號,98.84,,鄉村區,乙種建築用地,1080829,土地2建物0車位0,,,其他,,,,0.0,0,0,0,有,無,592258,5992,,0.0,0,,RPSNMLSKRHOFFAX38CA,0.0,0.0,0.0,,
馬公市,房地(土地+建物),澎湖縣馬公市鎖管港８８之１０號,113.42,住,,,1080902,土地1建物1車位0,全,三層,透天厝,住家用,鋼筋混凝土造,1070823,234.63,6,2,6,有,無,8300000,35375,,0.0,0,,RPQNMLNLRHOFFAX77CA,220.09,14.54,0.0,,
馬公市,土地,興仁段832-4地號,196.87,,一般農業區,甲種建築用地,1080724,土地2建物0車位0,,,其他,,,,0.0,0,0,0,有,無,1760000,8940,,0.0,0,農變建專案核准變更起造人,RPPNMLTLRHOFFAX28CA,0.0,0.0,0.0,,
馬公市,房地(土地+建物),澎湖縣馬公市五福路３巷１８弄１０號,140.4,,一般農業區,甲種建築用地,1080818,土地2建物1車位0,全,三層,透天厝,住家用,鋼筋混凝土造,0861204,193.43,4,2,3,有,無,6760000,34948,,0.0,0,,RPRNMLMJIIOFFAX76CA,179.8,13.63,0.0,,
白沙鄉,土地,城前新段178地號,182.12,,一般農業區,農牧用地,1080409,土地1建物0車位0,,,其他,,,,0.0,0,0,0,有,無,252000,1384,,0.0,0,逾期未辦繼承標售土地,RPQNMLKLRHOFFAX57DA,0.0,0.0,0.0,,
馬公市,土地,五福段76-4地號,242.6,,一般農業區,甲種建築用地,1080827,土地2建物0車位0,,,其他,,,,0.0,0,0,0,有,無,9260000,38170,,0.0,0,農變建之起造人變更 含未來興建房屋價款,RPQNMLTKRHOFFAX28CA,0.0,0.0,0.0,,
白沙鄉,土地,赤崁西段1063地號,252.68,,一般農業區,農牧用地,1080625,土地2建物0車位0,,,其他,,,,0.0,0,0,0,有,無,1299000,5141,,0.0,0,,RPPNMLNLRHOFFAX67CA,0.0,0.0,0.0,,
馬公市,土地,中衛段1648地號,3635.26,,一般農業區,農牧用地,1080907,土地1建物0車位0,,,其他,,,,0.0,0,0,0,有,無,132610000,36479,,0.0,0,農變建移轉土地持分給予權利人共15人內含未來15戶興建之成本1億3261萬,RPWNMLSJIIOFFAX87CA,0.0,0.0,0.0,,
馬公市,土地,五福段349地號,416.58,,一般農業區,農牧用地,1080913,土地1建物0車位0,,,其他,,,,0.0,0,0,0,有,無,4600000,11042,,0.0,0,,RPQNMLOLRHOFFAX87CA,0.0,0.0,0.0,,
馬公市,房地(土地+建物),澎湖縣馬公市西衛１０１８號,250.08,,一般農業區,甲種建築用地,1080410,土地3建物1車位0,全,三層,透天厝,住家用,鋼筋混凝土造,1080624,316.22,5,5,2,有,無,11380000,35988,,0.0,0,,RPPNMLPLRHOFFAX87CA,298.86,17.36,0.0,,
白沙鄉,土地,小赤段384地號,448.09,,一般農業區,農牧用地,1080917,土地1建物0車位0,,,其他,,,,0.0,0,0,0,有,無,1650000,3682,,0.0,0,,RPPNMLQLRHOFFAX97CA,0.0,0.0,0.0,,
馬公市,土地,興仁段1384地號,615.41,,一般農業區,農牧用地,1080901,土地1建物0車位0,,,其他,,,,0.0,0,0,0,有,無,1860000,3022,,0.0,0,,RPRNMLOLRHOFFAX97CA,0.0,0.0,0.0,,
湖西鄉,土地,成功南段399地號,438.76,,一般農業區,農牧用地,1080815,土地1建物0車位0,,,其他,,,,0.0,0,0,0,有,無,18000000,41025,,0.0,0,權利人共二人含未來二戶之房屋價款,RPSNMLOLRHOFFAX08CA,0.0,0.0,0.0,,
馬公市,土地,五福段620地號,1153.49,,一般農業區,農牧用地,1080405,土地1建物0車位0,,,其他,,,,0.0,0,0,0,有,無,5191500,4501,,0.0,0,親友、員工或其他特殊關係間之交易。；權利人有四人,RPQNMLPLRHOFFAX97CA,0.0,0.0,0.0,,
馬公市,房地(土地+建物),澎湖縣馬公市五福路１３８巷２３之８號,242.29,,一般農業區,甲種建築用地,1080910,土地3建物1車位0,全,三層,透天厝,住家用,鋼筋混凝土造,1050603,337.31,6,3,7,有,無,13680000,40556,,0.0,0,,RPPNMLSLRHOFFAX18CA,317.93,19.38,0.0,,
馬公市,土地,安宅段863-7地號,323.52,,一般農業區,農牧用地,1080917,土地2建物0車位0,,,其他,,,,0.0,0,0,0,有,無,9600000,29674,,0.0,0,此為單戶農變建變更起造人含未來興建房屋之費用。,RPWNMLMJIIOFFAX27CA,0.0,0.0,0.0,,
湖西鄉,土地,湖東新段1026地號,678.37,,一般農業區,農牧用地,1080717,土地1建物0車位0,,,其他,,,,0.0,0,0,0,有,無,820000,1209,,0.0,0,,RPTNMLKMRHOFFAX87CA,0.0,0.0,0.0,,
馬公市,土地,安宅段406地號,346.81,,一般農業區,農牧用地,1080919,土地1建物0車位0,,,其他,,,,0.0,0,0,0,有,無,800000,2307,,0.0,0,親友、員工或其他特殊關係間之交易。；,RPQNMLQLRHOFFAX18DA,0.0,0.0,0.0,,
馬公市,土地,春暉段458-2地號,79.17,其他,,,1080909,土地2建物0車位0,,,其他,,,,0.0,0,0,0,有,無,4425603,55900,,0.0,0,道路開闢協議價購,RPSNMLLJIIOFFAX76CA,0.0,0.0,0.0,,
馬公市,土地,春暉段446-2地號,221.77,其他,,,1080909,土地2建物0車位0,,,其他,,,,0.0,0,0,0,有,無,12396943,55900,,0.0,0,道路開闢協議價購,RPTNMLLJIIOFFAX86CA,0.0,0.0,0.0,,
馬公市,土地,春暉段444地號,51.29,其他,,,1080904,土地1建物0車位0,,,其他,,,,0.0,0,0,0,有,無,2867111,55900,,0.0,0,道路開闢協議價購,RPVNMLLJIIOFFAX07CA,0.0,0.0,0.0,,
馬公市,土地,春暉段454-1地號,19.02,其他,,,1080904,土地1建物0車位0,,,其他,,,,0.0,0,0,0,有,無,1063218,55900,,0.0,0,道路開闢協議價購,RPWNMLLJIIOFFAX17CA,0.0,0.0,0.0,,
馬公市,土地,春暉段445-7地號,151.21,其他,,,1080830,土地2建物0車位0,,,其他,,,,0.0,0,0,0,有,無,8452639,55900,,0.0,0,道路開闢協議價購,RPXNMLLJIIOFFAX27CA,0.0,0.0,0.0,,
馬公市,土地,五福段856地號,1658.18,,一般農業區,農牧用地,1080919,土地1建物0車位0,,,其他,,,,0.0,0,0,0,有,無,72290000,43596,,0.0,0,本案權利人數：8人。此為農變建變更起造人含未來興建房屋8棟之費用。,RPPOMLMJIIOFFAX66CA,0.0,0.0,0.0,,
馬公市,土地,五福段1005地號,876.45,,一般農業區,農牧用地,1080919,土地1建物0車位0,,,其他,,,,0.0,0,0,0,有,無,38200000,43585,,0.0,0,農變建移轉土地持分給予權利人共4人內含未來4戶興建之成本3820萬,RPSNMLKMRHOFFAX77CA,0.0,0.0,0.0,,
馬公市,土地,春暉段444地號,12.82,其他,,,1080907,土地1建物0車位0,,,其他,,,,0.0,0,0,0,有,無,716778,55911,,0.0,0,道路開闢協議價購,RPUNMLLJIIOFFAX96CA,0.0,0.0,0.0,,
馬公市,土地,風櫃西段1124地號,562.45,,一般農業區,農牧用地,1080615,土地1建物0車位0,,,其他,,,,0.0,0,0,0,有,無,3402800,6050,,0.0,0,,RPPNMLLJIIOFFAX09CA,0.0,0.0,0.0,,
馬公市,土地,五福段525地號,191.92,,一般農業區,農牧用地,1080728,土地1建物0車位0,,,其他,,,,0.0,0,0,0,有,無,10850000,56534,,0.0,0,親友、員工或其他特殊關係間之交易。；含未來興建成本1085萬,RPOOMLLJIIOFFAX09CA,0.0,0.0,0.0,,
湖西鄉,土地,尖山中段1483地號,542.29,,一般農業區,農牧用地,1080920,土地1建物0車位0,,,其他,,,,0.0,0,0,0,有,無,815000,1503,,0.0,0,,RPTNMLMJIIOFFAX96CA,0.0,0.0,0.0,,
馬公市,土地,六合段212-4地號,147.03,,一般農業區,交通用地,1080731,土地1建物0車位0,,,其他,,,,0.0,0,0,0,有,無,2215200,15066,,0.0,0,,RPPNMLOJIIOFFAX76CA,0.0,0.0,0.0,,
馬公市,土地,六合段212地號,470.11,,一般農業區,農牧用地,1080731,土地1建物0車位0,,,其他,,,,0.0,0,0,0,有,無,7084800,15071,,0.0,0,,RPQNMLOJIIOFFAX86CA,0.0,0.0,0.0,,
湖西鄉,土地,城北段958地號,2476.72,,一般農業區,農牧用地,1080705,土地3建物0車位0,,,其他,,,,0.0,0,0,0,有,無,13800000,5572,,0.0,0,,RPQNMLMJIIOFFAX66CA,0.0,0.0,0.0,,
湖西鄉,土地,成功南段1338-8地號,229.43,,一般農業區,甲種建築用地,1080815,土地2建物0車位0,,,其他,,,,0.0,0,0,0,有,無,8380000,36525,,0.0,0,親友、員工或其他特殊關係間之交易。；農變建之起造人變更含未來興建房屋價款,RPUNMLOLIIOFFAX47CA,0.0,0.0,0.0,,
湖西鄉,土地,湖西南段1719地號,253.66,,一般農業區,農牧用地,1080919,土地1建物0車位0,,,其他,,,,0.0,0,0,0,有,無,2685600,10587,,0.0,0,,RPOOMLMJIIOFFAX66DA,0.0,0.0,0.0,,
湖西鄉,土地,南寮南段193地號,942.3,,一般農業區,農牧用地,1080902,土地1建物0車位0,,,其他,,,,0.0,0,0,0,有,無,1320000,1401,,0.0,0,,RPPNMLSKIIOFFAX27CA,0.0,0.0,0.0,,
馬公市,土地,春暉段444地號,51.29,其他,,,1080912,土地1建物0車位0,,,其他,,,,0.0,0,0,0,有,無,2867111,55900,,0.0,0,道路開闢協議價購,RPPNMLNJIIOFFAX66CA,0.0,0.0,0.0,,
馬公市,土地,春暉段444地號,38.47,其他,,,1080912,土地1建物0車位0,,,其他,,,,0.0,0,0,0,有,無,2150333,55896,,0.0,0,道路開闢協議價購,RPQNMLNJIIOFFAX76CA,0.0,0.0,0.0,,
馬公市,房地(土地+建物),澎湖縣馬公市民族路１４３之２號,77.0,住,,,1080806,土地2建物1車位0,全,三層,透天厝,住商用,鋼筋混凝土加強磚造,0700821,154.28,3,1,3,有,無,15000000,97226,,0.0,0,親友、員工或其他特殊關係間之交易。；,RPRNMLPJIIOFFAX07CA,154.28,0.0,0.0,,
馬公市,土地,五德西段446地號,311.58,,鄉村區,乙種建築用地,1080730,土地4建物0車位0,,,其他,,,,0.0,0,0,0,有,無,1696000,5443,,0.0,0,,RPQNMLPJIIOFFAX96CA,0.0,0.0,0.0,,
馬公市,房地(土地+建物),澎湖縣馬公市中華路２９１巷５號,132.12,住,,,1080923,土地1建物1車位0,全,三層,透天厝,住家用,鋼筋混凝土造,0860103,188.95,5,2,4,有,無,7820000,41387,,0.0,0,,RPRNMLOJIIOFFAX96CA,181.69,7.26,0.0,,
馬公市,房地(土地+建物),澎湖縣馬公市鎖管港１３０７號,73.09,住,,,1080924,土地1建物1車位0,全,二層,透天厝,住家用,鋼筋混凝土加強磚造,0681130,94.88,4,1,2,有,無,1890000,19920,,0.0,0,受債權債務影響或債務抵償之交易。；,RPWNMLTJIIOFFAX97CA,94.88,0.0,0.0,,
七美鄉,土地,七美二段910地號,908.67,,一般農業區,農牧用地,1080916,土地1建物0車位0,,,其他,,,,0.0,0,0,0,有,無,2748700,3025,,0.0,0,,RPTNMLPKIIOFFAX37CA,0.0,0.0,0.0,,
白沙鄉,土地,吉貝西段122-1地號,191.77,,一般農業區,農牧用地,1080924,土地1建物0車位0,,,其他,,,,0.0,0,0,0,有,無,290000,1512,,0.0,0,親友、員工或其他特殊關係間之交易。；,RPQNMLNKIIOFFAX96DA,0.0,0.0,0.0,,
馬公市,房地(土地+建物),澎湖縣馬公市民裕街36巷3號2樓,49.3,住,,,1080925,土地1建物1車位0,二層,五層,公寓(5樓含以下無電梯),集合住宅,鋼筋混凝土造,0840119,111.75999999999999,3,2,1,有,無,3560000,31854,,0.0,0,,RPQNMLSKIIOFFAX47DA,87.76,10.98,0.0,,
馬公市,土地,文寮段31地號,154.17,住,,,1080903,土地1建物0車位0,,,其他,,,,0.0,0,0,0,有,無,3095000,20075,,0.0,0,標售逾期未辦繼承登記,RPRNMLTJIIOFFAX47CA,0.0,0.0,0.0,,
馬公市,房地(土地+建物)+車位,澎湖縣馬公市陽明路８７號六樓之二,33.21,住,,,1080910,土地2建物1車位1,六層,七層,華廈(10層含以下有電梯),住家用,鋼筋混凝土造,0880515,187.73,4,1,2,有,有,5800000,30895,升降平面,0.0,0,,RPPNMLPJIIOFFAX86CA,131.8,0.0,10.46,,
馬公市,土地,中衛段1637地號,173.84,,一般農業區,農牧用地,1080925,土地1建物0車位0,,,其他,,,,0.0,0,0,0,有,無,8000000,46019,,0.0,0,含未來興建房屋總價款,RPUNMLSJIIOFFAX67CA,0.0,0.0,0.0,,
馬公市,土地,中衛段1637地號,172.34,,一般農業區,農牧用地,1080925,土地1建物0車位0,,,其他,,,,0.0,0,0,0,有,無,8000000,46420,,0.0,0,含未來興建房屋總價款,RPVNMLSJIIOFFAX77CA,0.0,0.0,0.0,,
湖西鄉,土地,成功南段758地號,460.54,,一般農業區,農牧用地,1081001,土地1建物0車位0,,,其他,,,,0.0,0,0,0,有,無,2578000,5598,,0.0,0,,RPQNMLSJIIOFFAX27CA,0.0,0.0,0.0,,
馬公市,土地,虎井段681地號,655.0,,一般農業區,農牧用地,1080909,土地1建物0車位0,,,其他,,,,0.0,0,0,0,有,無,473000,722,,0.0,0,,RPSNMLPKIIOFFAX27CA,0.0,0.0,0.0,,
西嶼鄉,土地,橫礁新段476地號,446.69,,一般農業區,農牧用地,1080927,土地1建物0車位0,,,其他,,,,0.0,0,0,0,有,無,1450000,3246,,0.0,0,親友、員工或其他特殊關係間之交易。；,RPPNMLNKIIOFFAX86DA,0.0,0.0,0.0,,
馬公市,房地(土地+建物),澎湖縣馬公市五福路７８巷２３弄９號,224.33,,一般農業區,甲種建築用地,1080902,土地2建物1車位0,全,三層,透天厝,住家用,鋼筋混凝土造,1070202,311.05,5,2,5,有,無,12000000,38579,,0.0,0,親友、員工或其他特殊關係間之交易。；,RPTNMLTJIIOFFAX67CA,294.42,16.63,0.0,,
馬公市,房地(土地+建物),澎湖縣馬公市朝陽路７０號,49.75,商,,,1080923,土地1建物1車位0,全,三層,透天厝,住商用,鋼筋混凝土造,0730411,145.8,6,1,2,有,無,5200000,35665,,0.0,0,,RPQNMLTJIIOFFAX37CA,145.8,0.0,0.0,,
馬公市,土地,光華段917地號,213.65,,一般農業區,農牧用地,1080924,土地1建物0車位0,,,其他,,,,0.0,0,0,0,有,無,2003500,9377,,0.0,0,,RPPNMLTJIIOFFAX27CA,0.0,0.0,0.0,,
湖西鄉,房地(土地+建物),澎湖縣湖西鄉港子尾１３０之１號,264.8,,一般農業區,甲種建築用地,1080904,土地3建物1車位0,全,三層,透天厝,住家用,鋼筋混凝土造,1070517,262.85,6,2,5,有,無,8500000,32338,,0.0,0,,RPVNMLTJIIOFFAX87CA,237.91,24.94,0.0,,
馬公市,房地(土地+建物),澎湖縣馬公市文光路１００巷６號,147.0,住,,,1080910,土地1建物1車位0,全,一層,透天厝,住家用,鋼筋加強造,0540330,72.79,3,2,1,有,無,3810000,52342,,0.0,0,,RPSNMLQKIIOFFAX37CA,72.79,0.0,0.0,,
馬公市,房地(土地+建物),澎湖縣馬公市鎖管港８８之８號,113.45,住,,,1080904,土地1建物1車位0,全,三層,透天厝,住家用,鋼筋混凝土造,1070823,234.63,6,2,5,有,無,8600000,36653,,0.0,0,,RPQNMLPKIIOFFAX07CA,220.09,14.54,0.0,,
湖西鄉,房地(土地+建物),澎湖縣湖西鄉林投１２１號,4035.21,,一般農業區,窯業用地,1080917,土地4建物1車位0,一層，二層，三層，地下層,三層,工廠,作業廠房，骨材庫，蓄水池,鋼筋混凝土造,0870505,539.83,0,0,0,無,無,9760000,,,0.0,0,作業廠房、骨材庫、蓄水池,RPRNMLPKIIOFFAX17CA,484.63,55.2,0.0,,
湖西鄉,土地,林投北段655-1地號,142.81,,一般農業區,水利用地,1080917,土地1建物0車位0,,,其他,,,,0.0,0,0,0,有,無,1120000,7843,,0.0,0,,SPRNMLPKIIOFFAX27CA,0.0,0.0,0.0,,
馬公市,房地(土地+建物),澎湖縣馬公市石泉１之９２號,52.38,,鄉村區,乙種建築用地,1080902,土地1建物1車位0,全,三層,透天厝,住家用,鋼筋混凝土造,0720118,100.62,3,2,2,有,無,3000000,29815,,0.0,0,,RPPNMLNLIIOFFAX86CA,100.62,0.0,0.0,,
湖西鄉,房地(土地+建物),澎湖縣湖西鄉北寮21之1號,297.55,,鄉村區,乙種建築用地,1080927,土地2建物1車位0,全,三層,透天厝,住家用,鋼筋混凝土造,0790211,208.56,5,2,2,有,無,1071327,5137,,0.0,0,親友、員工或其他特殊關係間之交易。；,RPSNMLOLIIOFFAX37DA,202.02,6.54,0.0,,
白沙鄉,土地,小赤段573地號,53.58,,鄉村區,乙種建築用地,1081003,土地1建物0車位0,,,其他,,,,0.0,0,0,0,有,無,250000,4666,,0.0,0,,RPPNMLQKIIOFFAX17DA,0.0,0.0,0.0,,
馬公市,房地(土地+建物)+車位,澎湖縣馬公市貿商街１３１號九樓之一,31.4,住,,,1080904,土地1建物1車位1,九層,十三層,住宅大樓(11層含以上有電梯),集合住宅,鋼筋混凝土造,0950629,211.2,4,2,2,有,無,6120000,28977,升降平面,0.0,0,,RPRNMLQLJIOFFAX47CA,114.65,0.0,11.21,,
馬公市,土地,井垵西段1580地號,1886.03,,一般農業區,農牧用地,1080610,土地1建物0車位0,,,其他,,,,0.0,0,0,0,有,無,13122000,6957,,0.0,0,,RPSNMLTJIIOFFAX57CA,0.0,0.0,0.0,,
湖西鄉,土地,湖西南段879地號,675.27,,一般農業區,農牧用地,1080816,土地1建物0車位0,,,其他,,,,0.0,0,0,0,有,無,3100000,4591,,0.0,0,,RPPNMLKKIIOFFAX09CA,0.0,0.0,0.0,,
馬公市,土地,春暉段445-8地號,34.29,其他,,,1080925,土地1建物0車位0,,,其他,,,,0.0,0,0,0,有,無,1916811,55900,,0.0,0,道路開闢 協議價購,RPPNMLOKIIOFFAX86CA,0.0,0.0,0.0,,
馬公市,土地,雙湖段954-3地號,38.5,,鄉村區,乙種建築用地,1081002,土地1建物0車位0,,,其他,,,,0.0,0,0,0,有,無,310000,8052,,0.0,0,,RPQNMLOKIIOFFAX96CA,0.0,0.0,0.0,,
馬公市,土地,北極段1213地號,153.92,住,,,1080924,土地1建物0車位0,,,其他,,,,0.0,0,0,0,有,無,1520000,9875,,0.0,0,本土地買賣含未登記建物一棟，權利範圍1/3。,RPUNMLPKIIOFFAX47CA,0.0,0.0,0.0,,
馬公市,土地,五福段707地號,1872.17,,一般農業區,農牧用地,1080930,土地1建物0車位0,,,其他,,,,0.0,0,0,0,有,無,19820000,10587,,0.0,0,,RPRNMLRKIIOFFAX37CA,0.0,0.0,0.0,,
馬公市,土地,中山段674-2地號,306.0,農,,,1080902,土地1建物0車位0,,,其他,,,,0.0,0,0,0,有,無,2976000,9725,,0.0,0,,RPQNMLRKIIOFFAX27CA,0.0,0.0,0.0,,
湖西鄉,土地,葉新段1206地號,199.84,,一般農業區,農牧用地,1080921,土地1建物0車位0,,,其他,,,,0.0,0,0,0,有,無,400000,2002,,0.0,0,,RPRNMLQKIIOFFAX27CA,0.0,0.0,0.0,,
馬公市,房地(土地+建物),澎湖縣馬公市五福路７８巷１８弄８號,195.83,,一般農業區,甲種建築用地,1080822,土地2建物1車位0,全,三層,透天厝,住家用,鋼筋混凝土造,1010315,224.64,6,2,4,有,無,8880000,39530,,0.0,0,,RPSNMLKMIIOFFAX96CA,209.75,14.89,0.0,,
馬公市,房地(土地+建物),澎湖縣馬公市東衛90號,222.65,,鄉村區,乙種建築用地,1080920,土地1建物1車位0,全,二層,透天厝,住家用,加強磚造,0690701,161.48,6,1,2,有,無,4100000,25390,,0.0,0,含增建或未登記建物。；,RPSNMLLLIIOFFAX07DA,161.48,0.0,0.0,,
馬公市,土地,中衛段329地號,300.52,工,,,1081004,土地1建物0車位0,,,其他,,,,0.0,0,0,0,有,無,2272672,7562,,0.0,0,買方負擔土地增值稅153696元,RPQNMLMLIIOFFAX96DA,0.0,0.0,0.0,,
湖西鄉,土地,龍門南段588地號,1318.98,,一般農業區,農牧用地,1071119,土地4建物0車位0,,,其他,,,,0.0,0,0,0,有,無,1200000,910,,0.0,0,受債權債務影響或債務抵償之交易。；本案係屬債權抵償,RPUNMLLLIIOFFAX17CA,0.0,0.0,0.0,,
馬公市,土地,山水西段76-1地號,111.37,,鄉村區,乙種建築用地,1081003,土地1建物0車位0,,,其他,,,,0.0,0,0,0,有,無,1090000,9787,,0.0,0,,RPRNMLLLIIOFFAX86CA,0.0,0.0,0.0,,
馬公市,土地,中衛段815地號,998.19,農,,,1080903,土地3建物0車位0,,,其他,,,,0.0,0,0,0,有,無,55500000,55601,,0.0,0,含增建或未登記建物。；,RPPNMLOLIIOFFAX96CA,0.0,0.0,0.0,,
馬公市,土地,興仁段833-6地號,867.23,,一般農業區,農牧用地,1081005,土地2建物0車位0,,,其他,,,,0.0,0,0,0,有,無,32180000,37107,,0.0,0,本案權利人數：4人。此為農變建變更起造人含未來興建房屋4棟之費用。,RPPNMLMLIIOFFAX76CA,0.0,0.0,0.0,,
馬公市,土地,五福段527地號,762.39,,一般農業區,農牧用地,1080925,土地1建物0車位0,,,其他,,,,0.0,0,0,0,有,無,38000000,49843,,0.0,0,權利人共3人含未來3戶興建房屋價款,RPQNMLMKJIOFFAX86CA,0.0,0.0,0.0,,
馬公市,土地,興崁段1095地號,1157.62,,一般農業區,農牧用地,1081015,土地1建物0車位0,,,其他,,,,0.0,0,0,0,有,無,10440000,9019,,0.0,0,,RPPNMLPKJIOFFAX07CA,0.0,0.0,0.0,,
白沙鄉,土地,上瓦硐段326地號,1032.46,,一般農業區,農牧用地,1081009,土地1建物0車位0,,,其他,,,,0.0,0,0,0,有,無,2239000,2169,,0.0,0,,RPTNMLLLIIOFFAX07CA,0.0,0.0,0.0,,
馬公市,房地(土地+建物),澎湖縣馬公市三多路５５號五樓,28.53,住,,,1080903,土地2建物1車位0,五層,十層,華廈(10層含以下有電梯),住家用,鋼筋混凝土造,0850215,185.58999999999997,4,1,2,有,有,4800000,25863,,0.0,0,,RPPNMLKLIIOFFAX56CA,107.97,10.8,0.0,,
馬公市,房地(土地+建物)+車位,澎湖縣馬公市西衛８０３號四樓之２,64.51,,一般農業區,甲種建築用地,1080927,土地2建物1車位1,四層,五層,套房(1房1廳1衛),住家用,鋼筋混凝土造,1071105,107.08000000000001,1,1,1,有,無,5000000,46694,坡道平面,28.33,0,停車位編號1,RPVNMLLLIIOFFAX27CA,53.81,6.5,0.0,,
馬公市,房地(土地+建物),澎湖縣馬公市西衛８０３號五樓,89.14,,一般農業區,交通用地,1080927,土地2建物1車位0,五層,五層,套房(1房1廳1衛),住家用,鋼筋混凝土造,1071105,130.41,1,1,1,有,無,7000000,53677,,0.0,0,,RPWNMLLLIIOFFAX37CA,83.83,8.06,0.0,,
馬公市,房地(土地+建物),澎湖縣馬公市三多路３９０巷１５號,104.79,住,,,1081003,土地1建物1車位0,全,四層,透天厝,住家用,鋼筋混凝土造,1011130,274.43,7,1,7,有,無,18000000,65590,,0.0,0,,RPXNMLLLIIOFFAX47CA,256.57,17.86,0.0,,
馬公市,土地,五福段522-1地號,1238.27,,一般農業區,農牧用地,1080930,土地1建物0車位0,,,其他,,,,0.0,0,0,0,有,無,22816500,18426,,0.0,0,,RPOOMLLLIIOFFAX66CA,0.0,0.0,0.0,,
馬公市,土地,五福段140地號,30.33,,一般農業區,農牧用地,1080930,土地1建物0車位0,,,其他,,,,0.0,0,0,0,有,無,558500,18414,,0.0,0,,RPPOMLLLIIOFFAX76CA,0.0,0.0,0.0,,
西嶼鄉,土地,竹灣段2797地號,272.96,,一般農業區,農牧用地,1080930,土地3建物0車位0,,,其他,,,,0.0,0,0,0,有,無,336199,1232,,0.0,0,受債權債務影響或債務抵償之交易。；,RPPNMLRLIIOFFAX27CA,0.0,0.0,0.0,,
馬公市,房地(土地+建物)+車位,澎湖縣馬公市貿商街１２８號八樓之三,28.82,住,,,1080919,土地2建物1車位1,八層,十四層,住宅大樓(11層含以上有電梯),集合住宅,鋼筋混凝土造,0950710,177.19,3,2,2,有,有,4720000,26638,坡道平面,0.0,0,,RPPNMLSLIIOFFAX37CA,96.71,0.0,10.96,,
湖西鄉,土地,成功北段823地號,2303.86,,一般農業區,農牧用地,1081016,土地1建物0車位0,,,其他,,,,0.0,0,0,0,有,無,6350000,2756,,0.0,0,,RPTNMLMKJIOFFAX27DA,0.0,0.0,0.0,,
望安鄉,土地,望安段998地號,1602.3,,一般農業區,農牧用地,1080930,土地5建物0車位0,,,其他,,,,0.0,0,0,0,有,無,555000,346,,0.0,0,,RPQOMLKLJIOFFAX86CA,0.0,0.0,0.0,,
馬公市,房地(土地+建物),澎湖縣馬公市民權路１８、20號,97.0,住,,,1080902,土地2建物2車位0,全,二層,透天厝,住商用,混凝土造,0440101,130.81,1,2,2,有,無,10380000,79352,,0.0,0,,RPTNMLKKKIOFFAX07CA,130.81,0.0,0.0,,
馬公市,土地,雙湖段396地號,427.08,,鄉村區,乙種建築用地,1081002,土地1建物0車位0,,,其他,,,,0.0,0,0,0,有,無,6500000,15220,,0.0,0,,RPRNMLRJJIOFFAX37CA,0.0,0.0,0.0,,
西嶼鄉,土地,池東段1583-2地號,301.39,,一般農業區,甲種建築用地,1081001,土地2建物0車位0,,,其他,,,,0.0,0,0,0,有,無,3150000,10452,,0.0,0,,RPWNMLPJJIOFFAX67CA,0.0,0.0,0.0,,
馬公市,房地(土地+建物),澎湖縣馬公市光華１２３之１９號,213.62,,一般農業區,甲種建築用地,1071202,土地3建物1車位0,全,三層,透天厝,住家用,鋼筋混凝土造,1080726,278.65,5,2,6,有,無,8800000,31581,,0.0,0,,RPQNMLPJJIOFFAX07CA,256.31,22.34,0.0,,
馬公市,房地(土地+建物),澎湖縣馬公市興仁里２２號,104.05,,鄉村區,乙種建築用地,1080909,土地1建物1車位0,一層,一層,其他,住家用,造,,37.04,6,2,1,有,無,565360,15263,,0.0,0,向政府機關承購之案件。；逾期未辦理繼承登記標售案。,RPSNMLQJJIOFFAX37CA,37.04,0.0,0.0,,
湖西鄉,房地(土地+建物),澎湖縣湖西鄉鼎灣村9之5號,103.98,,鄉村區,乙種建築用地,1081004,土地1建物1車位0,全,三層,透天厝,住家用,鋼筋混凝土造,0940801,192.09,4,2,4,有,無,4580000,23843,,0.0,0,,RPPNMLTLIIOFFAX57DA,182.19,9.9,0.0,,
馬公市,房地(土地+建物),澎湖縣馬公市中華路２１３號,64.14,住,,,1080831,土地1建物1車位0,全,三層,透天厝,住家用,鋼筋混凝土加強磚造,0660708,115.47,3,2,4,有,無,12500000,108253,,0.0,0,,RPPNMLPLIIOFFAX07CA,115.47,0.0,0.0,,
馬公市,土地,東衛段722地號,285.12,,一般農業區,農牧用地,1080903,土地1建物0車位0,,,其他,,,,0.0,0,0,0,有,無,2000000,7015,,0.0,0,,RPQNMLPLIIOFFAX17CA,0.0,0.0,0.0,,
馬公市,土地,雙湖段912-2地號,1243.48,,鄉村區,乙種建築用地,1081007,土地2建物0車位0,,,其他,,,,0.0,0,0,0,有,無,60000000,48252,,0.0,0,,RPRNMLPLIIOFFAX27CA,0.0,0.0,0.0,,
馬公市,土地,鎖港西段307地號,125.67,住,,,1081001,土地1建物0車位0,,,其他,,,,0.0,0,0,0,有,無,2080000,16551,,0.0,0,,RPSNMLTLIIOFFAX87DA,0.0,0.0,0.0,,
馬公市,土地,興崁段1182-4地號,266.46,,一般農業區,甲種建築用地,1080922,土地3建物0車位0,,,其他,,,,0.0,0,0,0,有,無,5000000,18765,,0.0,0,,RPPNMLOLJIOFFAX07CA,0.0,0.0,0.0,,
西嶼鄉,土地,池東段1583-2地號,458.11,,一般農業區,甲種建築用地,1081001,土地2建物0車位0,,,其他,,,,0.0,0,0,0,有,無,4300000,9386,,0.0,0,,RPXNMLPJJIOFFAX77CA,0.0,0.0,0.0,,
馬公市,房地(土地+建物),澎湖縣馬公市光華１２３之２１號,181.61,,一般農業區,甲種建築用地,1080530,土地3建物1車位0,全,三層,透天厝,住家用,鋼筋混凝土造,1080726,259.08,5,2,5,有,無,8800000,33966,,0.0,0,,RPSNMLOJJIOFFAX17CA,246.22,12.86,0.0,,
馬公市,房地(土地+建物)+車位,澎湖縣馬公市中華路２１８之１號,29.26,住,,,1081007,土地2建物1車位1,一層,七層,華廈(10層含以下有電梯),住家用,鋼筋混凝土造,0821119,142.65,3,1,2,有,有,5550000,38906,坡道機械,0.0,0,,RPRNMLLMIIOFFAX96CA,105.47,14.01,0.0,,
馬公市,土地,東澳段1025地號,41.97,住,,,1080730,土地1建物0車位0,,,其他,,,,0.0,0,0,0,有,無,1000000,23827,,0.0,0,,RPPNMLOJJIOFFAX86CA,0.0,0.0,0.0,,
白沙鄉,土地,鳥嶼新段234地號,100.25,,鄉村區,乙種建築用地,1080903,土地1建物0車位0,,,其他,,,,0.0,0,0,0,有,無,1800000,17955,,0.0,0,含增建或未登記建物。；未保存建物：層次：1，構造別：加強磚造，面積：87.20層次：屋突，構造別：加強磚造，面積：9面積合計：96.20,RPPNMLTKJIOFFAX47CA,0.0,0.0,0.0,,
湖西鄉,土地,紅羅段393地號,238.33,,一般農業區,甲種建築用地,1081024,土地1建物0車位0,,,其他,,,,0.0,0,0,0,有,無,1500000,6294,,0.0,0,,RPPNMLLMIIOFFAX76CA,0.0,0.0,0.0,,
馬公市,房地(土地+建物),澎湖縣馬公市貿商街142號七樓之二,30.41,住,,,1081008,土地2建物1車位0,七層,十四層,住宅大樓(11層含以上有電梯),集合住宅,鋼筋混凝土造,0950710,186.98000000000002,3,1,2,有,有,5400000,28880,,0.0,0,,RPPNMLQJJIOFFAX07CA,101.98,0.0,11.64,,
馬公市,土地,烏崁新段37地號,1276.54,,一般農業區,礦業用地,1081018,土地1建物0車位0,,,其他,,,,0.0,0,0,0,有,無,3396000,2660,,0.0,0,,RPRNMLOJJIOFFAX07CA,0.0,0.0,0.0,,
湖西鄉,土地,鼎灣新段1458地號,336.08,,一般農業區,農牧用地,1081021,土地1建物0車位0,,,其他,,,,0.0,0,0,0,有,無,12810000,38116,,0.0,0,農變建移轉土地持分給予權利人共2人內含未來2戶興建之成本1281萬,RPVNMLPJJIOFFAX57CA,0.0,0.0,0.0,,
馬公市,土地,海堤段580-1地號,5.65,住,,,1081014,土地1建物0車位0,,,其他,,,,0.0,0,0,0,有,無,118876,21040,,0.0,0,向政府機關承購之案件。；共有人2人,RPQNMLSJJIOFFAX37CA,0.0,0.0,0.0,,
馬公市,土地,北極段664地號,26.03,住,,,1081016,土地1建物0車位0,,,其他,,,,0.0,0,0,0,有,無,451881,17360,,0.0,0,向政府機關承購之案件。；,RPPNMLSJJIOFFAX27CA,0.0,0.0,0.0,,
馬公市,房地(土地+建物),澎湖縣馬公市光華１２３之１７號,188.56,,一般農業區,甲種建築用地,1070812,土地3建物1車位0,全,三層,透天厝,住家用,鋼筋混凝土造,1080726,260.32,5,2,5,有,無,8500000,32652,,0.0,0,,RPPNMLPJJIOFFAX96CA,238.36,21.96,0.0,,
湖西鄉,土地,鼎灣新段641-8地號,424.43,,一般農業區,農牧用地,1081021,土地1建物0車位0,,,其他,,,,0.0,0,0,0,有,無,4500000,10602,,0.0,0,,RPQNMLOJJIOFFAX96CA,0.0,0.0,0.0,,
湖西鄉,土地,林投南段1051地號,370.28,,一般農業區,農牧用地,1081018,土地1建物0車位0,,,其他,,,,0.0,0,0,0,有,無,4250000,11478,,0.0,0,,RPTNMLPJJIOFFAX37CA,0.0,0.0,0.0,,
湖西鄉,土地,西溪新段219-1地號,460.48,,一般農業區,特定目的事業用地,1081008,土地2建物0車位0,,,其他,,,,0.0,0,0,0,有,無,1074152,2333,,0.0,0,塔位或墓園。；政府機關協議價購,RPRNMLTKJIOFFAX67CA,0.0,0.0,0.0,,
湖西鄉,土地,西溪新段219-1地號,460.48,,一般農業區,特定目的事業用地,1081008,土地2建物0車位0,,,其他,,,,0.0,0,0,0,有,無,1074152,2333,,0.0,0,塔位或墓園。；政府機關協議價購,RPTNMLTKJIOFFAX87CA,0.0,0.0,0.0,,
湖西鄉,土地,西溪新段219-1地號,92.1,,一般農業區,特定目的事業用地,1081008,土地2建物0車位0,,,其他,,,,0.0,0,0,0,有,無,214830,2333,,0.0,0,塔位或墓園。；政府機關協議價購,RPUNMLTKJIOFFAX97CA,0.0,0.0,0.0,,
湖西鄉,土地,西溪新段219-1地號,92.1,,一般農業區,特定目的事業用地,1081008,土地2建物0車位0,,,其他,,,,0.0,0,0,0,有,無,214830,2333,,0.0,0,塔位或墓園。；政府機關協議價購,RPVNMLTKJIOFFAX08CA,0.0,0.0,0.0,,
湖西鄉,土地,西溪新段219-1地號,92.1,,一般農業區,特定目的事業用地,1081008,土地2建物0車位0,,,其他,,,,0.0,0,0,0,有,無,214830,2333,,0.0,0,塔位或墓園。；政府機關協議價購,RPWNMLTKJIOFFAX18CA,0.0,0.0,0.0,,
馬公市,房地(土地+建物),澎湖縣馬公市三多路１８４巷１２號,57.84,住,,,1081021,土地1建物1車位0,全,二層,透天厝,住家用,鋼筋混凝土加強磚造,0681105,53.6,3,2,2,有,無,3250000,60634,,0.0,0,,RPUNMLPJJIOFFAX47CA,53.6,0.0,0.0,,
馬公市,土地,山水南段981地號,182.83,,鄉村區,乙種建築用地,1080129,土地1建物0車位0,,,其他,,,,0.0,0,0,0,有,無,2100000,11486,,0.0,0,,RPPNMLRJJIOFFAX17CA,0.0,0.0,0.0,,
馬公市,房地(土地+建物),澎湖縣馬公市光華１２３之１８號,184.01,,一般農業區,甲種建築用地,1080914,土地3建物1車位0,全,三層,透天厝,住家用,鋼筋混凝土造,1080726,260.32,5,2,5,有,無,8575000,32940,,0.0,0,,RPQNMLQJJIOFFAX17CA,238.36,21.96,0.0,,
白沙鄉,土地,赤崁北段332地號,295.48,,一般農業區,農牧用地,1080805,土地1建物0車位0,,,其他,,,,0.0,0,0,0,有,無,715000,2420,,0.0,0,,RPPNMLRKJIOFFAX27CA,0.0,0.0,0.0,,
馬公市,房地(土地+建物),澎湖縣馬公市石泉１之１０７號,47.36,,鄉村區,乙種建築用地,1080928,土地1建物1車位0,全,三層,透天厝,住家用,鋼筋混凝土造,0720118,100.62,2,2,2,有,無,3000000,29815,,0.0,0,親友、員工或其他特殊關係間之交易。；1.地政士僅受託買賣案件申請登記，成交案件實際資訊係由不動產經紀業或權利人自行提供，供地政士申報登錄。2.為尊重權利人隱私權主張，地政士同意不到房屋現場勘查，由權利人提供建物現況格局實際資訊，供地政士申報登錄。,RPRNMLMKJIOFFAX96CA,100.62,0.0,0.0,,
湖西鄉,土地,紅羅段2088地號,1385.13,,一般農業區,農牧用地,1081008,土地1建物0車位0,,,其他,,,,0.0,0,0,0,有,無,1153546,833,,0.0,0,逾期未辦繼承標售土地,RPTNMLOJJIOFFAX37DA,0.0,0.0,0.0,,
馬公市,房地(土地+建物),澎湖縣馬公市朝陽路54巷22號,87.64,住,,,1080920,土地1建物1車位0,全,二層,透天厝,住家用,鋼筋混凝土加強磚造,0740118,111.08,5,2,2,有,無,4000000,36010,,0.0,0,,RPRNMLQJJIOFFAX37DA,111.08,0.0,0.0,,
湖西鄉,土地,西溪新段221-1地號,314.81,,一般農業區,特定目的事業用地,1081008,土地1建物0車位0,,,其他,,,,0.0,0,0,0,有,無,629620,2000,,0.0,0,政府機關協議價購,RPPNMLKLJIOFFAX66CA,0.0,0.0,0.0,,
湖西鄉,土地,西溪新段223-1地號,1222.48,,一般農業區,特定目的事業用地,1081008,土地2建物0車位0,,,其他,,,,0.0,0,0,0,有,無,2420510,1980,,0.0,0,政府機關協議價購,RPQNMLKLJIOFFAX76CA,0.0,0.0,0.0,,
湖西鄉,土地,西溪新段223-2地號,347.17,,一般農業區,農牧用地,1081008,土地2建物0車位0,,,其他,,,,0.0,0,0,0,有,無,687397,1980,,0.0,0,政府機關協議價購,RPRNMLKLJIOFFAX86CA,0.0,0.0,0.0,,
湖西鄉,土地,西溪新段224-1地號,927.98,,一般農業區,特定目的事業用地,1081008,土地1建物0車位0,,,其他,,,,0.0,0,0,0,有,無,1837400,1980,,0.0,0,政府機關協議價購,RPSNMLKLJIOFFAX96CA,0.0,0.0,0.0,,
湖西鄉,土地,西溪新段224-2地號,204.34,,一般農業區,農牧用地,1081008,土地1建物0車位0,,,其他,,,,0.0,0,0,0,有,無,404593,1980,,0.0,0,政府機關協議價購,RPTNMLKLJIOFFAX07CA,0.0,0.0,0.0,,
湖西鄉,土地,西溪新段225-1地號,862.56,,一般農業區,特定目的事業用地,1081008,土地1建物0車位0,,,其他,,,,0.0,0,0,0,有,無,1742371,2020,,0.0,0,政府機關協議價購,RPUNMLKLJIOFFAX17CA,0.0,0.0,0.0,,
湖西鄉,土地,西溪新段225-2地號,314.49,,一般農業區,農牧用地,1081008,土地2建物0車位0,,,其他,,,,0.0,0,0,0,有,無,635270,2020,,0.0,0,政府機關協議價購,RPVNMLKLJIOFFAX27CA,0.0,0.0,0.0,,
湖西鄉,土地,西溪新段227-1地號,541.15,,一般農業區,特定目的事業用地,1081008,土地1建物0車位0,,,其他,,,,0.0,0,0,0,有,無,1082300,2000,,0.0,0,政府機關協議價購,RPWNMLKLJIOFFAX37CA,0.0,0.0,0.0,,
湖西鄉,土地,西溪新段227地號,143.84,,一般農業區,農牧用地,1081008,土地1建物0車位0,,,其他,,,,0.0,0,0,0,有,無,287680,2000,,0.0,0,政府機關協議價購,RPXNMLKLJIOFFAX47CA,0.0,0.0,0.0,,
湖西鄉,土地,西溪新段219-1地號,92.1,,一般農業區,特定目的事業用地,1081008,土地2建物0車位0,,,其他,,,,0.0,0,0,0,有,無,214830,2333,,0.0,0,塔位或墓園。；政府機關協議價購,RPXNMLTKJIOFFAX28CA,0.0,0.0,0.0,,
湖西鄉,土地,西溪新段219-1地號,30.7,,一般農業區,特定目的事業用地,1081008,土地2建物0車位0,,,其他,,,,0.0,0,0,0,有,無,71610,2333,,0.0,0,塔位或墓園。；政府機關協議價購,RPOOMLTKJIOFFAX47CA,0.0,0.0,0.0,,
湖西鄉,土地,西溪新段219-1地號,30.7,,一般農業區,特定目的事業用地,1081008,土地2建物0車位0,,,其他,,,,0.0,0,0,0,有,無,71610,2333,,0.0,0,塔位或墓園。；政府機關協議價購,RPPOMLTKJIOFFAX57CA,0.0,0.0,0.0,,
湖西鄉,土地,西溪新段219-1地號,30.7,,一般農業區,特定目的事業用地,1081008,土地2建物0車位0,,,其他,,,,0.0,0,0,0,有,無,71610,2333,,0.0,0,塔位或墓園。；政府機關協議價購,RPQOMLTKJIOFFAX67CA,0.0,0.0,0.0,,
湖西鄉,土地,西溪新段219-2地號,332.25,,一般農業區,農牧用地,1081008,土地2建物0車位0,,,其他,,,,0.0,0,0,0,有,無,644564,1940,,0.0,0,塔位或墓園。；政府機關協議價購,RPROMLTKJIOFFAX77CA,0.0,0.0,0.0,,
湖西鄉,土地,西溪新段219-2地號,332.25,,一般農業區,農牧用地,1081008,土地2建物0車位0,,,其他,,,,0.0,0,0,0,有,無,644564,1940,,0.0,0,塔位或墓園。；政府機關協議價購,RPSOMLTKJIOFFAX87CA,0.0,0.0,0.0,,
湖西鄉,土地,西溪新段219-2地號,66.45,,一般農業區,農牧用地,1081008,土地2建物0車位0,,,其他,,,,0.0,0,0,0,有,無,128913,1940,,0.0,0,塔位或墓園。；政府機關協議價購,RPTOMLTKJIOFFAX97CA,0.0,0.0,0.0,,
湖西鄉,土地,西溪新段219-2地號,66.45,,一般農業區,農牧用地,1081008,土地2建物0車位0,,,其他,,,,0.0,0,0,0,有,無,128913,1940,,0.0,0,塔位或墓園。；政府機關協議價購,RPUOMLTKJIOFFAX08CA,0.0,0.0,0.0,,
湖西鄉,土地,西溪新段219-2地號,66.45,,一般農業區,農牧用地,1081008,土地2建物0車位0,,,其他,,,,0.0,0,0,0,有,無,128913,1940,,0.0,0,塔位或墓園。；政府機關協議價購,RPVOMLTKJIOFFAX18CA,0.0,0.0,0.0,,
湖西鄉,土地,西溪新段219-2地號,66.45,,一般農業區,農牧用地,1081008,土地2建物0車位0,,,其他,,,,0.0,0,0,0,有,無,128913,1940,,0.0,0,塔位或墓園。；政府機關協議價購,RPWOMLTKJIOFFAX28CA,0.0,0.0,0.0,,
湖西鄉,土地,西溪新段219-2地號,22.15,,一般農業區,農牧用地,1081008,土地2建物0車位0,,,其他,,,,0.0,0,0,0,有,無,42971,1940,,0.0,0,塔位或墓園。；政府機關協議價購,RPXOMLTKJIOFFAX38CA,0.0,0.0,0.0,,
湖西鄉,土地,西溪新段219-2地號,22.15,,一般農業區,農牧用地,1081008,土地2建物0車位0,,,其他,,,,0.0,0,0,0,有,無,42971,1940,,0.0,0,塔位或墓園。；政府機關協議價購,RPOPMLTKJIOFFAX57CA,0.0,0.0,0.0,,
湖西鄉,土地,西溪新段219-2地號,22.15,,一般農業區,農牧用地,1081008,土地2建物0車位0,,,其他,,,,0.0,0,0,0,有,無,42971,1940,,0.0,0,塔位或墓園。；政府機關協議價購,RPPPMLTKJIOFFAX67CA,0.0,0.0,0.0,,
馬公市,土地,烏崁新段185地號,1175.48,,一般農業區,農牧用地,1081022,土地1建物0車位0,,,其他,,,,0.0,0,0,0,有,無,4300000,3658,,0.0,0,,RPQNMLRJJIOFFAX27CA,0.0,0.0,0.0,,
馬公市,土地,五福段349地號,416.58,,一般農業區,農牧用地,1081022,土地1建物0車位0,,,其他,,,,0.0,0,0,0,有,無,4600000,11042,,0.0,0,,RPPNMLMKJIOFFAX76CA,0.0,0.0,0.0,,
馬公市,土地,五福段133-1地號,358.2,,一般農業區,農牧用地,1080930,土地1建物0車位0,,,其他,,,,0.0,0,0,0,有,無,6360000,17755,,0.0,0,,RPPNMLKKJIOFFAX56CA,0.0,0.0,0.0,,
馬公市,房地(土地+建物),澎湖縣馬公市四維路１１７號,81.08,住,,,1080914,土地1建物1車位0,全,二層,透天厝,住家用,鋼筋混凝土加強磚造,0720617,91.08,3,2,2,有,無,4500000,49407,,0.0,0,,RPQNMLKKJIOFFAX66CA,91.08,0.0,0.0,,
馬公市,土地,北澳段572地號,218.53,,一般農業區,農牧用地,1080823,土地1建物0車位0,,,其他,,,,0.0,0,0,0,有,無,2710000,12401,,0.0,0,1.權利人共3人2.買方負擔1/2增值稅＄137382,RPUNMLMKJIOFFAX27CA,0.0,0.0,0.0,,
西嶼鄉,房地(土地+建物),澎湖縣西嶼鄉外垵１７７之５號,105.28,,鄉村區,乙種建築用地,1081016,土地2建物1車位0,全,二層,透天厝,住家用,鋼筋混凝土加強磚造,0730501,123.8,3,1,2,有,無,2000000,16155,,0.0,0,親友、員工或其他特殊關係間之交易。；,RPQNMLSKJIOFFAX47CA,123.8,0.0,0.0,,
白沙鄉,土地,鳥嶼新段411地號,63.46,,鄉村區,乙種建築用地,1081003,土地1建物0車位0,,,其他,,,,0.0,0,0,0,有,無,500000,7879,,0.0,0,含增建或未登記建物。；,RPTNMLMLJIOFFAX37DA,0.0,0.0,0.0,,
馬公市,土地,五福段80地號,722.6,,一般農業區,農牧用地,1081029,土地1建物0車位0,,,其他,,,,0.0,0,0,0,有,無,45090000,62400,,0.0,0,本案權利人數：4人。此為農變建變更起造人含未來興建房屋4棟之費用。,RPVOMLNKJIOFFAX57CA,0.0,0.0,0.0,,
馬公市,土地,烏崁新段942地號,79.07,,鄉村區,乙種建築用地,1081024,土地2建物0車位0,,,其他,,,,0.0,0,0,0,有,無,452800,5727,,0.0,0,,RPPNMLLKJIOFFAX66CA,0.0,0.0,0.0,,
馬公市,土地,中衛段311-3地號,76.23,工,,,1080925,土地1建物0車位0,,,其他,,,,0.0,0,0,0,有,無,4610000,60475,,0.0,0,,RPQNMLLKJIOFFAX76CA,0.0,0.0,0.0,,
望安鄉,土地,花宅段1237地號,629.25,,一般農業區,農牧用地,1080926,土地1建物0車位0,,,其他,,,,0.0,0,0,0,有,無,2499000,3971,,0.0,0,親友、員工或其他特殊關係間之交易。；,RPQNMLLLJIOFFAX86CA,0.0,0.0,0.0,,
望安鄉,土地,花宅段1946地號,165.0,,鄉村區,乙種建築用地,1080926,土地1建物0車位0,,,其他,,,,0.0,0,0,0,有,無,653500,3961,,0.0,0,親友、員工或其他特殊關係間之交易。；,RPRNMLLLJIOFFAX96CA,0.0,0.0,0.0,,
馬公市,土地,東衛段827地號,325.83,,一般農業區,農牧用地,1081031,土地1建物0車位0,,,其他,,,,0.0,0,0,0,有,無,300000,921,,0.0,0,,RPSNMLMKJIOFFAX17DA,0.0,0.0,0.0,,
