﻿編號,土地位置,土地移轉面積(平方公尺),使用分區或編定,權利人持分分母,權利人持分分子,移轉情形,地號
The serial number, land position,land shifting area square meter,the use zoning or compiles and checks,,,,land parcel
RPVOMLLKNHPFFAA18CB,政大段四小段,19.27,都市：住,10000,146,持分移轉,08380000
RPVOMLLKNHPFFAA18CB,政大段四小段,11.76,都市：住,10000,146,持分移轉,08390000
RPUOMLLKNHPFFAA08CB,政大段四小段,22.57,都市：住,10000,171,持分移轉,08380000
RPUOMLLKNHPFFAA08CB,政大段四小段,13.77,都市：住,10000,171,持分移轉,08390000
RPROMLLKNHPFFAA77CB,政大段四小段,26.66,都市：住,10000,202,持分移轉,08380000
RPROMLLKNHPFFAA77CB,政大段四小段,16.27,都市：住,10000,202,持分移轉,08390000
RPWOMLLKNHPFFAA28CB,政大段四小段,14.39,都市：住,10000,109,持分移轉,08380000
RPWOMLLKNHPFFAA28CB,政大段四小段,8.78,都市：住,10000,109,持分移轉,08390000
RPQOMLLKNHPFFAA67CB,政大段四小段,14.52,都市：住,10000,110,持分移轉,08380000
RPQOMLLKNHPFFAA67CB,政大段四小段,8.86,都市：住,10000,110,持分移轉,08390000
RPSOMLLKNHPFFAA87CB,政大段四小段,14.39,都市：住,10000,109,持分移轉,08380000
RPSOMLLKNHPFFAA87CB,政大段四小段,8.78,都市：住,10000,109,持分移轉,08390000
RPTOMLLKNHPFFAA97CB,政大段四小段,19.27,都市：住,10000,146,持分移轉,08380000
RPTOMLLKNHPFFAA97CB,政大段四小段,11.76,都市：住,10000,146,持分移轉,08390000
RPQPMLLKNHPFFAA77CB,政大段四小段,14.52,都市：住,10000,110,持分移轉,08380000
RPQPMLLKNHPFFAA77CB,政大段四小段,8.86,都市：住,10000,110,持分移轉,08390000
RPXOMLLKNHPFFAA38CB,政大段四小段,21.78,都市：住,10000,165,持分移轉,08380000
RPXOMLLKNHPFFAA38CB,政大段四小段,13.29,都市：住,10000,165,持分移轉,08390000
RPOPMLLKNHPFFAA57CB,政大段四小段,14.52,都市：住,10000,110,持分移轉,08380000
RPOPMLLKNHPFFAA57CB,政大段四小段,8.86,都市：住,10000,110,持分移轉,08390000
RPSPMLLKNHPFFAA97CB,政大段四小段,19.27,都市：住,10000,146,持分移轉,08380000
RPSPMLLKNHPFFAA97CB,政大段四小段,11.76,都市：住,10000,146,持分移轉,08390000
RPTPMLLKNHPFFAA08CB,政大段四小段,23.89,都市：住,10000,181,持分移轉,08380000
RPTPMLLKNHPFFAA08CB,政大段四小段,14.57,都市：住,10000,181,持分移轉,08390000
RPXPMLLKNHPFFAA48CB,政大段四小段,14.39,都市：住,10000,109,持分移轉,08380000
RPXPMLLKNHPFFAA48CB,政大段四小段,8.78,都市：住,10000,109,持分移轉,08390000
RPRPMLLKNHPFFAA87CB,政大段四小段,14.52,都市：住,10000,110,持分移轉,08380000
RPRPMLLKNHPFFAA87CB,政大段四小段,8.86,都市：住,10000,110,持分移轉,08390000
RPVPMLLKNHPFFAA28CB,政大段四小段,20.59,都市：住,10000,156,持分移轉,08380000
RPVPMLLKNHPFFAA28CB,政大段四小段,12.56,都市：住,10000,156,持分移轉,08390000
RPUPMLLKNHPFFAA18CB,政大段四小段,20.46,都市：住,10000,155,持分移轉,08380000
RPUPMLLKNHPFFAA18CB,政大段四小段,12.48,都市：住,10000,155,持分移轉,08390000
RPWPMLLKNHPFFAA38CB,政大段四小段,22.57,都市：住,10000,171,持分移轉,08380000
RPWPMLLKNHPFFAA38CB,政大段四小段,13.77,都市：住,10000,171,持分移轉,08390000
RPQQMLLKNHPFFAA87CB,政大段四小段,22.57,都市：住,10000,171,持分移轉,08380000
RPQQMLLKNHPFFAA87CB,政大段四小段,13.77,都市：住,10000,171,持分移轉,08390000
RPPQMLLKNHPFFAA77CB,政大段四小段,20.59,都市：住,10000,156,持分移轉,08380000
RPPQMLLKNHPFFAA77CB,政大段四小段,12.56,都市：住,10000,156,持分移轉,08390000
RPOQMLLKNHPFFAA67CB,政大段四小段,19.27,都市：住,10000,146,持分移轉,08380000
RPOQMLLKNHPFFAA67CB,政大段四小段,11.76,都市：住,10000,146,持分移轉,08390000
RPUQMLLKNHPFFAA28CB,政大段四小段,14.52,都市：住,10000,110,持分移轉,08380000
RPUQMLLKNHPFFAA28CB,政大段四小段,8.86,都市：住,10000,110,持分移轉,08390000
RPSQMLLKNHPFFAA08CB,政大段四小段,14.52,都市：住,10000,110,持分移轉,08380000
RPSQMLLKNHPFFAA08CB,政大段四小段,8.86,都市：住,10000,110,持分移轉,08390000
RPWQMLLKNHPFFAA48CB,政大段四小段,19.27,都市：住,10000,146,持分移轉,08380000
RPWQMLLKNHPFFAA48CB,政大段四小段,11.76,都市：住,10000,146,持分移轉,08390000
RPVQMLLKNHPFFAA38CB,政大段四小段,14.39,都市：住,10000,109,持分移轉,08380000
RPVQMLLKNHPFFAA38CB,政大段四小段,8.78,都市：住,10000,109,持分移轉,08390000
RPXQMLLKNHPFFAA58CB,政大段四小段,19.27,都市：住,10000,146,持分移轉,08380000
RPXQMLLKNHPFFAA58CB,政大段四小段,11.76,都市：住,10000,146,持分移轉,08390000
RPTQMLLKNHPFFAA18CB,政大段四小段,24.02,都市：住,10000,182,持分移轉,08380000
RPTQMLLKNHPFFAA18CB,政大段四小段,14.65,都市：住,10000,182,持分移轉,08390000
RPORMLLKNHPFFAA77CB,政大段四小段,19.27,都市：住,10000,146,持分移轉,08380000
RPORMLLKNHPFFAA77CB,政大段四小段,11.76,都市：住,10000,146,持分移轉,08390000
RPPRMLLKNHPFFAA87CB,政大段四小段,27.72,都市：住,10000,210,持分移轉,08380000
RPPRMLLKNHPFFAA87CB,政大段四小段,16.91,都市：住,10000,210,持分移轉,08390000
RPQRMLLKNHPFFAA97CB,政大段四小段,14.52,都市：住,10000,110,持分移轉,08380000
RPQRMLLKNHPFFAA97CB,政大段四小段,8.86,都市：住,10000,110,持分移轉,08390000
RPSRMLLKNHPFFAA18CB,政大段四小段,19.27,都市：住,10000,146,持分移轉,08380000
RPSRMLLKNHPFFAA18CB,政大段四小段,11.76,都市：住,10000,146,持分移轉,08390000
RPRRMLLKNHPFFAA08CB,政大段四小段,15.84,都市：住,10000,120,持分移轉,08380000
RPRRMLLKNHPFFAA08CB,政大段四小段,9.66,都市：住,10000,120,持分移轉,08390000
RPVRMLLKNHPFFAA48CB,政大段四小段,19.27,都市：住,10000,146,持分移轉,08380000
RPVRMLLKNHPFFAA48CB,政大段四小段,11.76,都市：住,10000,146,持分移轉,08390000
RPTRMLLKNHPFFAA28CB,政大段四小段,19.27,都市：住,10000,146,持分移轉,08380000
RPTRMLLKNHPFFAA28CB,政大段四小段,11.76,都市：住,10000,146,持分移轉,08390000
RPWRMLLKNHPFFAA58CB,政大段四小段,19.27,都市：住,10000,146,持分移轉,08380000
RPWRMLLKNHPFFAA58CB,政大段四小段,11.76,都市：住,10000,146,持分移轉,08390000
RPURMLLKNHPFFAA38CB,政大段四小段,19.27,都市：住,10000,146,持分移轉,08380000
RPURMLLKNHPFFAA38CB,政大段四小段,11.76,都市：住,10000,146,持分移轉,08390000
RPXRMLLKNHPFFAA68CB,政大段四小段,21.91,都市：住,10000,166,持分移轉,08380000
RPXRMLLKNHPFFAA68CB,政大段四小段,13.37,都市：住,10000,166,持分移轉,08390000
RPOSMLLKNHPFFAA87CB,政大段四小段,19.27,都市：住,10000,146,持分移轉,08380000
RPOSMLLKNHPFFAA87CB,政大段四小段,11.76,都市：住,10000,146,持分移轉,08390000
RPROMLMKNHPFFAA87CB,政大段四小段,23.89,都市：住,10000,181,持分移轉,08380000
RPROMLMKNHPFFAA87CB,政大段四小段,14.57,都市：住,10000,181,持分移轉,08390000
RPRNMLMKNHPFFDA08CB,南港段四小段,.91,都市：住,100000,1016,持分移轉,01730002
RPRNMLMKNHPFFDA08CB,南港段四小段,1.64,都市：住,100000,1016,持分移轉,01770001
RPRNMLMKNHPFFDA08CB,南港段四小段,2.87,都市：住,100000,1016,持分移轉,02440000
RPRNMLMKNHPFFDA08CB,南港段四小段,1.03,都市：住,100000,1016,持分移轉,01770000
RPRNMLMKNHPFFDA08CB,南港段四小段,2.03,都市：住,100000,1016,持分移轉,01730000
RPRNMLMKNHPFFDA08CB,南港段四小段,1.47,都市：住,100000,1016,持分移轉,01750000
RPRNMLMKNHPFFDA08CB,南港段四小段,.46,都市：住,100000,1016,持分移轉,01780000
RPRNMLMKNHPFFDA08CB,南港段四小段,.67,都市：住,100000,1016,持分移轉,01790000
RPRNMLMKNHPFFDA08CB,南港段四小段,.35,都市：住,100000,1016,持分移轉,01740000
RPRNMLMKNHPFFDA08CB,南港段四小段,2.27,都市：住,100000,1016,持分移轉,01760000
RPUNMLMKNHPFFDA38CB,南港段四小段,.93,都市：住,100000,1035,持分移轉,01730002
RPUNMLMKNHPFFDA38CB,南港段四小段,1.67,都市：住,100000,1035,持分移轉,01770001
RPUNMLMKNHPFFDA38CB,南港段四小段,2.92,都市：住,100000,1035,持分移轉,02440000
RPUNMLMKNHPFFDA38CB,南港段四小段,1.05,都市：住,100000,1035,持分移轉,01770000
RPUNMLMKNHPFFDA38CB,南港段四小段,2.07,都市：住,100000,1035,持分移轉,01730000
RPUNMLMKNHPFFDA38CB,南港段四小段,1.50,都市：住,100000,1035,持分移轉,01750000
RPUNMLMKNHPFFDA38CB,南港段四小段,.47,都市：住,100000,1035,持分移轉,01780000
RPUNMLMKNHPFFDA38CB,南港段四小段,.68,都市：住,100000,1035,持分移轉,01790000
RPUNMLMKNHPFFDA38CB,南港段四小段,.35,都市：住,100000,1035,持分移轉,01740000
RPUNMLMKNHPFFDA38CB,南港段四小段,2.31,都市：住,100000,1035,持分移轉,01760000
RPSNMLMKNHPFFDA18CB,南港段四小段,.93,都市：住,100000,1035,持分移轉,01730002
RPSNMLMKNHPFFDA18CB,南港段四小段,1.67,都市：住,100000,1035,持分移轉,01770001
RPSNMLMKNHPFFDA18CB,南港段四小段,2.92,都市：住,100000,1035,持分移轉,02440000
RPSNMLMKNHPFFDA18CB,南港段四小段,1.05,都市：住,100000,1035,持分移轉,01770000
RPSNMLMKNHPFFDA18CB,南港段四小段,2.07,都市：住,100000,1035,持分移轉,01730000
RPSNMLMKNHPFFDA18CB,南港段四小段,1.50,都市：住,100000,1035,持分移轉,01750000
RPSNMLMKNHPFFDA18CB,南港段四小段,.47,都市：住,100000,1035,持分移轉,01780000
RPSNMLMKNHPFFDA18CB,南港段四小段,.68,都市：住,100000,1035,持分移轉,01790000
RPSNMLMKNHPFFDA18CB,南港段四小段,.35,都市：住,100000,1035,持分移轉,01740000
RPSNMLMKNHPFFDA18CB,南港段四小段,2.31,都市：住,100000,1035,持分移轉,01760000
RPOOMLMKNHPFFDA87CB,南港段四小段,2.42,都市：住,100000,1212,持分移轉,01730000
RPOOMLMKNHPFFDA87CB,南港段四小段,1.76,都市：住,100000,1212,持分移轉,01750000
RPOOMLMKNHPFFDA87CB,南港段四小段,.55,都市：住,100000,1212,持分移轉,01780000
RPOOMLMKNHPFFDA87CB,南港段四小段,.80,都市：住,100000,1212,持分移轉,01790000
RPOOMLMKNHPFFDA87CB,南港段四小段,.41,都市：住,100000,1212,持分移轉,01740000
RPOOMLMKNHPFFDA87CB,南港段四小段,2.70,都市：住,100000,1212,持分移轉,01760000
RPOOMLMKNHPFFDA87CB,南港段四小段,1.09,都市：住,100000,1212,持分移轉,01730002
RPOOMLMKNHPFFDA87CB,南港段四小段,1.95,都市：住,100000,1212,持分移轉,01770001
RPOOMLMKNHPFFDA87CB,南港段四小段,3.42,都市：住,100000,1212,持分移轉,02440000
RPOOMLMKNHPFFDA87CB,南港段四小段,1.22,都市：住,100000,1212,持分移轉,01770000
RPQOMLMKNHPFFDA08CB,南港段四小段,1.88,都市：住,100000,2089,持分移轉,01730002
RPQOMLMKNHPFFDA08CB,南港段四小段,3.36,都市：住,100000,2089,持分移轉,01770001
RPQOMLMKNHPFFDA08CB,南港段四小段,5.89,都市：住,100000,2089,持分移轉,02440000
RPQOMLMKNHPFFDA08CB,南港段四小段,2.11,都市：住,100000,2089,持分移轉,01770000
RPQOMLMKNHPFFDA08CB,南港段四小段,4.18,都市：住,100000,2089,持分移轉,01730000
RPQOMLMKNHPFFDA08CB,南港段四小段,3.03,都市：住,100000,2089,持分移轉,01750000
RPQOMLMKNHPFFDA08CB,南港段四小段,.94,都市：住,100000,2089,持分移轉,01780000
RPQOMLMKNHPFFDA08CB,南港段四小段,1.38,都市：住,100000,2089,持分移轉,01790000
RPQOMLMKNHPFFDA08CB,南港段四小段,.71,都市：住,100000,2089,持分移轉,01740000
RPQOMLMKNHPFFDA08CB,南港段四小段,4.66,都市：住,100000,2089,持分移轉,01760000
RPPOMLMKNHPFFDA97CB,南港段四小段,2.42,都市：住,100000,1212,持分移轉,01730000
RPPOMLMKNHPFFDA97CB,南港段四小段,1.76,都市：住,100000,1212,持分移轉,01750000
RPPOMLMKNHPFFDA97CB,南港段四小段,.55,都市：住,100000,1212,持分移轉,01780000
RPPOMLMKNHPFFDA97CB,南港段四小段,.80,都市：住,100000,1212,持分移轉,01790000
RPPOMLMKNHPFFDA97CB,南港段四小段,.41,都市：住,100000,1212,持分移轉,01740000
RPPOMLMKNHPFFDA97CB,南港段四小段,2.70,都市：住,100000,1212,持分移轉,01760000
RPPOMLMKNHPFFDA97CB,南港段四小段,1.09,都市：住,100000,1212,持分移轉,01730002
RPPOMLMKNHPFFDA97CB,南港段四小段,1.95,都市：住,100000,1212,持分移轉,01770001
RPPOMLMKNHPFFDA97CB,南港段四小段,3.42,都市：住,100000,1212,持分移轉,02440000
RPPOMLMKNHPFFDA97CB,南港段四小段,1.22,都市：住,100000,1212,持分移轉,01770000
RPVNMLMKNHPFFDA48CB,南港段四小段,.94,都市：住,100000,1049,持分移轉,01730002
RPVNMLMKNHPFFDA48CB,南港段四小段,1.69,都市：住,100000,1049,持分移轉,01770001
RPVNMLMKNHPFFDA48CB,南港段四小段,2.96,都市：住,100000,1049,持分移轉,02440000
RPVNMLMKNHPFFDA48CB,南港段四小段,1.06,都市：住,100000,1049,持分移轉,01770000
RPVNMLMKNHPFFDA48CB,南港段四小段,2.10,都市：住,100000,1049,持分移轉,01730000
RPVNMLMKNHPFFDA48CB,南港段四小段,1.52,都市：住,100000,1049,持分移轉,01750000
RPVNMLMKNHPFFDA48CB,南港段四小段,.47,都市：住,100000,1049,持分移轉,01780000
RPVNMLMKNHPFFDA48CB,南港段四小段,.69,都市：住,100000,1049,持分移轉,01790000
RPVNMLMKNHPFFDA48CB,南港段四小段,.36,都市：住,100000,1049,持分移轉,01740000
RPVNMLMKNHPFFDA48CB,南港段四小段,2.34,都市：住,100000,1049,持分移轉,01760000
RPUOMLMKNHPFFDA48CB,南港段四小段,1.88,都市：住,100000,2089,持分移轉,01730002
RPUOMLMKNHPFFDA48CB,南港段四小段,3.36,都市：住,100000,2089,持分移轉,01770001
RPUOMLMKNHPFFDA48CB,南港段四小段,5.89,都市：住,100000,2089,持分移轉,02440000
RPUOMLMKNHPFFDA48CB,南港段四小段,2.11,都市：住,100000,2089,持分移轉,01770000
RPUOMLMKNHPFFDA48CB,南港段四小段,4.18,都市：住,100000,2089,持分移轉,01730000
RPUOMLMKNHPFFDA48CB,南港段四小段,3.03,都市：住,100000,2089,持分移轉,01750000
RPUOMLMKNHPFFDA48CB,南港段四小段,.94,都市：住,100000,2089,持分移轉,01780000
RPUOMLMKNHPFFDA48CB,南港段四小段,1.38,都市：住,100000,2089,持分移轉,01790000
RPUOMLMKNHPFFDA48CB,南港段四小段,.71,都市：住,100000,2089,持分移轉,01740000
RPUOMLMKNHPFFDA48CB,南港段四小段,4.66,都市：住,100000,2089,持分移轉,01760000
RPVOMLMKNHPFFDA58CB,南港段四小段,1.88,都市：住,100000,2089,持分移轉,01730002
RPVOMLMKNHPFFDA58CB,南港段四小段,3.36,都市：住,100000,2089,持分移轉,01770001
RPVOMLMKNHPFFDA58CB,南港段四小段,5.89,都市：住,100000,2089,持分移轉,02440000
RPVOMLMKNHPFFDA58CB,南港段四小段,2.11,都市：住,100000,2089,持分移轉,01770000
RPVOMLMKNHPFFDA58CB,南港段四小段,4.18,都市：住,100000,2089,持分移轉,01730000
RPVOMLMKNHPFFDA58CB,南港段四小段,3.03,都市：住,100000,2089,持分移轉,01750000
RPVOMLMKNHPFFDA58CB,南港段四小段,.94,都市：住,100000,2089,持分移轉,01780000
RPVOMLMKNHPFFDA58CB,南港段四小段,1.38,都市：住,100000,2089,持分移轉,01790000
RPVOMLMKNHPFFDA58CB,南港段四小段,.71,都市：住,100000,2089,持分移轉,01740000
RPVOMLMKNHPFFDA58CB,南港段四小段,4.66,都市：住,100000,2089,持分移轉,01760000
RPWOMLMKNHPFFDA68CB,南港段四小段,1.12,都市：住,100000,1242,持分移轉,01730002
RPWOMLMKNHPFFDA68CB,南港段四小段,2.00,都市：住,100000,1242,持分移轉,01770001
RPWOMLMKNHPFFDA68CB,南港段四小段,3.50,都市：住,100000,1242,持分移轉,02440000
RPWOMLMKNHPFFDA68CB,南港段四小段,1.25,都市：住,100000,1242,持分移轉,01770000
RPWOMLMKNHPFFDA68CB,南港段四小段,2.48,都市：住,100000,1242,持分移轉,01730000
RPWOMLMKNHPFFDA68CB,南港段四小段,1.80,都市：住,100000,1242,持分移轉,01750000
RPWOMLMKNHPFFDA68CB,南港段四小段,.56,都市：住,100000,1242,持分移轉,01780000
RPWOMLMKNHPFFDA68CB,南港段四小段,.82,都市：住,100000,1242,持分移轉,01790000
RPWOMLMKNHPFFDA68CB,南港段四小段,.42,都市：住,100000,1242,持分移轉,01740000
RPWOMLMKNHPFFDA68CB,南港段四小段,2.77,都市：住,100000,1242,持分移轉,01760000
RPPPMLMKNHPFFDA08CB,南港段四小段,1.94,都市：住,100000,2156,持分移轉,01730002
RPPPMLMKNHPFFDA08CB,南港段四小段,3.47,都市：住,100000,2156,持分移轉,01770001
RPPPMLMKNHPFFDA08CB,南港段四小段,6.08,都市：住,100000,2156,持分移轉,02440000
RPPPMLMKNHPFFDA08CB,南港段四小段,2.18,都市：住,100000,2156,持分移轉,01770000
RPPPMLMKNHPFFDA08CB,南港段四小段,4.31,都市：住,100000,2156,持分移轉,01730000
RPPPMLMKNHPFFDA08CB,南港段四小段,3.13,都市：住,100000,2156,持分移轉,01750000
RPPPMLMKNHPFFDA08CB,南港段四小段,.97,都市：住,100000,2156,持分移轉,01780000
RPPPMLMKNHPFFDA08CB,南港段四小段,1.42,都市：住,100000,2156,持分移轉,01790000
RPPPMLMKNHPFFDA08CB,南港段四小段,.73,都市：住,100000,2156,持分移轉,01740000
RPPPMLMKNHPFFDA08CB,南港段四小段,4.81,都市：住,100000,2156,持分移轉,01760000
RPRQMLMKNHPFFDA38CB,南港段四小段,1.96,都市：住,100000,2173,持分移轉,01730002
RPRQMLMKNHPFFDA38CB,南港段四小段,3.50,都市：住,100000,2173,持分移轉,01770001
RPRQMLMKNHPFFDA38CB,南港段四小段,6.13,都市：住,100000,2173,持分移轉,02440000
RPRQMLMKNHPFFDA38CB,南港段四小段,2.19,都市：住,100000,2173,持分移轉,01770000
RPRQMLMKNHPFFDA38CB,南港段四小段,4.35,都市：住,100000,2173,持分移轉,01730000
RPRQMLMKNHPFFDA38CB,南港段四小段,3.15,都市：住,100000,2173,持分移轉,01750000
RPRQMLMKNHPFFDA38CB,南港段四小段,.98,都市：住,100000,2173,持分移轉,01780000
RPRQMLMKNHPFFDA38CB,南港段四小段,1.43,都市：住,100000,2173,持分移轉,01790000
RPRQMLMKNHPFFDA38CB,南港段四小段,.74,都市：住,100000,2173,持分移轉,01740000
RPRQMLMKNHPFFDA38CB,南港段四小段,4.85,都市：住,100000,2173,持分移轉,01760000
RPXPMLMKNHPFFDA88CB,南港段四小段,1.86,都市：住,100000,2072,持分移轉,01730002
RPXPMLMKNHPFFDA88CB,南港段四小段,3.34,都市：住,100000,2072,持分移轉,01770001
RPXPMLMKNHPFFDA88CB,南港段四小段,5.84,都市：住,100000,2072,持分移轉,02440000
RPXPMLMKNHPFFDA88CB,南港段四小段,2.09,都市：住,100000,2072,持分移轉,01770000
RPXPMLMKNHPFFDA88CB,南港段四小段,4.14,都市：住,100000,2072,持分移轉,01730000
RPXPMLMKNHPFFDA88CB,南港段四小段,3.00,都市：住,100000,2072,持分移轉,01750000
RPXPMLMKNHPFFDA88CB,南港段四小段,.93,都市：住,100000,2072,持分移轉,01780000
RPXPMLMKNHPFFDA88CB,南港段四小段,1.37,都市：住,100000,2072,持分移轉,01790000
RPXPMLMKNHPFFDA88CB,南港段四小段,.70,都市：住,100000,2072,持分移轉,01740000
RPXPMLMKNHPFFDA88CB,南港段四小段,4.62,都市：住,100000,2072,持分移轉,01760000
RPSQMLMKNHPFFDA48CB,南港段四小段,1.10,都市：住,100000,1227,持分移轉,01730002
RPSQMLMKNHPFFDA48CB,南港段四小段,1.98,都市：住,100000,1227,持分移轉,01770001
RPSQMLMKNHPFFDA48CB,南港段四小段,3.46,都市：住,100000,1227,持分移轉,02440000
RPSQMLMKNHPFFDA48CB,南港段四小段,1.24,都市：住,100000,1227,持分移轉,01770000
RPSQMLMKNHPFFDA48CB,南港段四小段,2.45,都市：住,100000,1227,持分移轉,01730000
RPSQMLMKNHPFFDA48CB,南港段四小段,1.78,都市：住,100000,1227,持分移轉,01750000
RPSQMLMKNHPFFDA48CB,南港段四小段,.55,都市：住,100000,1227,持分移轉,01780000
RPSQMLMKNHPFFDA48CB,南港段四小段,.81,都市：住,100000,1227,持分移轉,01790000
RPSQMLMKNHPFFDA48CB,南港段四小段,.42,都市：住,100000,1227,持分移轉,01740000
RPSQMLMKNHPFFDA48CB,南港段四小段,2.74,都市：住,100000,1227,持分移轉,01760000
RPRRMLMKNHPFFDA48CB,南港段四小段,.89,都市：住,100000,991,持分移轉,01730002
RPRRMLMKNHPFFDA48CB,南港段四小段,1.60,都市：住,100000,991,持分移轉,01770001
RPRRMLMKNHPFFDA48CB,南港段四小段,2.79,都市：住,100000,991,持分移轉,02440000
RPRRMLMKNHPFFDA48CB,南港段四小段,1.00,都市：住,100000,991,持分移轉,01770000
RPRRMLMKNHPFFDA48CB,南港段四小段,1.98,都市：住,100000,991,持分移轉,01730000
RPRRMLMKNHPFFDA48CB,南港段四小段,1.44,都市：住,100000,991,持分移轉,01750000
RPRRMLMKNHPFFDA48CB,南港段四小段,.45,都市：住,100000,991,持分移轉,01780000
RPRRMLMKNHPFFDA48CB,南港段四小段,.65,都市：住,100000,991,持分移轉,01790000
RPRRMLMKNHPFFDA48CB,南港段四小段,.34,都市：住,100000,991,持分移轉,01740000
RPRRMLMKNHPFFDA48CB,南港段四小段,2.21,都市：住,100000,991,持分移轉,01760000
RPUQMLMKNHPFFDA68CB,南港段四小段,1.10,都市：住,100000,1227,持分移轉,01730002
RPUQMLMKNHPFFDA68CB,南港段四小段,1.98,都市：住,100000,1227,持分移轉,01770001
RPUQMLMKNHPFFDA68CB,南港段四小段,3.46,都市：住,100000,1227,持分移轉,02440000
RPUQMLMKNHPFFDA68CB,南港段四小段,1.24,都市：住,100000,1227,持分移轉,01770000
RPUQMLMKNHPFFDA68CB,南港段四小段,2.45,都市：住,100000,1227,持分移轉,01730000
RPUQMLMKNHPFFDA68CB,南港段四小段,1.78,都市：住,100000,1227,持分移轉,01750000
RPUQMLMKNHPFFDA68CB,南港段四小段,.55,都市：住,100000,1227,持分移轉,01780000
RPUQMLMKNHPFFDA68CB,南港段四小段,.81,都市：住,100000,1227,持分移轉,01790000
RPWQMLMKNHPFFDA88CB,南港段四小段,.93,都市：住,100000,1031,持分移轉,01730002
RPUQMLMKNHPFFDA68CB,南港段四小段,.42,都市：住,100000,1227,持分移轉,01740000
RPWQMLMKNHPFFDA88CB,南港段四小段,1.66,都市：住,100000,1031,持分移轉,01770001
RPUQMLMKNHPFFDA68CB,南港段四小段,2.74,都市：住,100000,1227,持分移轉,01760000
RPWQMLMKNHPFFDA88CB,南港段四小段,2.91,都市：住,100000,1031,持分移轉,02440000
RPWQMLMKNHPFFDA88CB,南港段四小段,1.04,都市：住,100000,1031,持分移轉,01770000
RPWQMLMKNHPFFDA88CB,南港段四小段,2.06,都市：住,100000,1031,持分移轉,01730000
RPWQMLMKNHPFFDA88CB,南港段四小段,1.49,都市：住,100000,1031,持分移轉,01750000
RPWQMLMKNHPFFDA88CB,南港段四小段,.46,都市：住,100000,1031,持分移轉,01780000
RPWQMLMKNHPFFDA88CB,南港段四小段,.68,都市：住,100000,1031,持分移轉,01790000
RPWQMLMKNHPFFDA88CB,南港段四小段,.35,都市：住,100000,1031,持分移轉,01740000
RPWQMLMKNHPFFDA88CB,南港段四小段,2.30,都市：住,100000,1031,持分移轉,01760000
RPURMLMKNHPFFDA78CB,南港段四小段,1.81,都市：住,100000,2008,持分移轉,01730002
RPURMLMKNHPFFDA78CB,南港段四小段,3.23,都市：住,100000,2008,持分移轉,01770001
RPURMLMKNHPFFDA78CB,南港段四小段,5.66,都市：住,100000,2008,持分移轉,02440000
RPURMLMKNHPFFDA78CB,南港段四小段,2.03,都市：住,100000,2008,持分移轉,01770000
RPURMLMKNHPFFDA78CB,南港段四小段,4.02,都市：住,100000,2008,持分移轉,01730000
RPURMLMKNHPFFDA78CB,南港段四小段,2.91,都市：住,100000,2008,持分移轉,01750000
RPURMLMKNHPFFDA78CB,南港段四小段,.90,都市：住,100000,2008,持分移轉,01780000
RPURMLMKNHPFFDA78CB,南港段四小段,1.33,都市：住,100000,2008,持分移轉,01790000
RPURMLMKNHPFFDA78CB,南港段四小段,.68,都市：住,100000,2008,持分移轉,01740000
RPURMLMKNHPFFDA78CB,南港段四小段,4.48,都市：住,100000,2008,持分移轉,01760000
RPWRMLMKNHPFFDA98CB,南港段四小段,1.57,都市：住,100000,1749,持分移轉,01730002
RPWRMLMKNHPFFDA98CB,南港段四小段,2.82,都市：住,100000,1749,持分移轉,01770001
RPWRMLMKNHPFFDA98CB,南港段四小段,4.93,都市：住,100000,1749,持分移轉,02440000
RPWRMLMKNHPFFDA98CB,南港段四小段,1.77,都市：住,100000,1749,持分移轉,01770000
RPWRMLMKNHPFFDA98CB,南港段四小段,3.50,都市：住,100000,1749,持分移轉,01730000
RPWRMLMKNHPFFDA98CB,南港段四小段,2.54,都市：住,100000,1749,持分移轉,01750000
RPWRMLMKNHPFFDA98CB,南港段四小段,.79,都市：住,100000,1749,持分移轉,01780000
RPWRMLMKNHPFFDA98CB,南港段四小段,1.15,都市：住,100000,1749,持分移轉,01790000
RPWRMLMKNHPFFDA98CB,南港段四小段,.59,都市：住,100000,1749,持分移轉,01740000
RPWRMLMKNHPFFDA98CB,南港段四小段,3.90,都市：住,100000,1749,持分移轉,01760000
RPXRMLMKNHPFFDA09CB,南港段四小段,1.57,都市：住,100000,1749,持分移轉,01730002
RPXRMLMKNHPFFDA09CB,南港段四小段,2.82,都市：住,100000,1749,持分移轉,01770001
RPXRMLMKNHPFFDA09CB,南港段四小段,4.93,都市：住,100000,1749,持分移轉,02440000
RPXRMLMKNHPFFDA09CB,南港段四小段,1.77,都市：住,100000,1749,持分移轉,01770000
RPXRMLMKNHPFFDA09CB,南港段四小段,3.50,都市：住,100000,1749,持分移轉,01730000
RPXRMLMKNHPFFDA09CB,南港段四小段,2.54,都市：住,100000,1749,持分移轉,01750000
RPXRMLMKNHPFFDA09CB,南港段四小段,.79,都市：住,100000,1749,持分移轉,01780000
RPXRMLMKNHPFFDA09CB,南港段四小段,1.15,都市：住,100000,1749,持分移轉,01790000
RPXRMLMKNHPFFDA09CB,南港段四小段,.59,都市：住,100000,1749,持分移轉,01740000
RPXRMLMKNHPFFDA09CB,南港段四小段,3.90,都市：住,100000,1749,持分移轉,01760000
RPOSMLMKNHPFFDA28CB,南港段四小段,.98,都市：住,100000,1088,持分移轉,01730002
RPOSMLMKNHPFFDA28CB,南港段四小段,1.75,都市：住,100000,1088,持分移轉,01770001
RPOSMLMKNHPFFDA28CB,南港段四小段,3.07,都市：住,100000,1088,持分移轉,02440000
RPOSMLMKNHPFFDA28CB,南港段四小段,1.10,都市：住,100000,1088,持分移轉,01770000
RPOSMLMKNHPFFDA28CB,南港段四小段,2.18,都市：住,100000,1088,持分移轉,01730000
RPOSMLMKNHPFFDA28CB,南港段四小段,1.58,都市：住,100000,1088,持分移轉,01750000
RPOSMLMKNHPFFDA28CB,南港段四小段,.49,都市：住,100000,1088,持分移轉,01780000
RPOSMLMKNHPFFDA28CB,南港段四小段,.72,都市：住,100000,1088,持分移轉,01790000
RPOSMLMKNHPFFDA28CB,南港段四小段,.37,都市：住,100000,1088,持分移轉,01740000
RPOSMLMKNHPFFDA28CB,南港段四小段,2.43,都市：住,100000,1088,持分移轉,01760000
RPPNMLNKNHPFFDA97CB,南港段四小段,.98,都市：住,100000,1086,持分移轉,01730002
RPPNMLNKNHPFFDA97CB,南港段四小段,1.75,都市：住,100000,1086,持分移轉,01770001
RPPNMLNKNHPFFDA97CB,南港段四小段,3.06,都市：住,100000,1086,持分移轉,02440000
RPPNMLNKNHPFFDA97CB,南港段四小段,1.10,都市：住,100000,1086,持分移轉,01770000
RPPNMLNKNHPFFDA97CB,南港段四小段,2.17,都市：住,100000,1086,持分移轉,01730000
RPPNMLNKNHPFFDA97CB,南港段四小段,1.57,都市：住,100000,1086,持分移轉,01750000
RPPNMLNKNHPFFDA97CB,南港段四小段,.49,都市：住,100000,1086,持分移轉,01780000
RPPNMLNKNHPFFDA97CB,南港段四小段,.72,都市：住,100000,1086,持分移轉,01790000
RPPNMLNKNHPFFDA97CB,南港段四小段,.37,都市：住,100000,1086,持分移轉,01740000
RPPNMLNKNHPFFDA97CB,南港段四小段,2.42,都市：住,100000,1086,持分移轉,01760000
RPPSMLMKNHPFFDA38CB,南港段四小段,.98,都市：住,100000,1088,持分移轉,01730002
RPPSMLMKNHPFFDA38CB,南港段四小段,1.75,都市：住,100000,1088,持分移轉,01770001
RPPSMLMKNHPFFDA38CB,南港段四小段,3.07,都市：住,100000,1088,持分移轉,02440000
RPPSMLMKNHPFFDA38CB,南港段四小段,1.10,都市：住,100000,1088,持分移轉,01770000
RPPSMLMKNHPFFDA38CB,南港段四小段,2.18,都市：住,100000,1088,持分移轉,01730000
RPPSMLMKNHPFFDA38CB,南港段四小段,1.58,都市：住,100000,1088,持分移轉,01750000
RPPSMLMKNHPFFDA38CB,南港段四小段,.49,都市：住,100000,1088,持分移轉,01780000
RPPSMLMKNHPFFDA38CB,南港段四小段,.72,都市：住,100000,1088,持分移轉,01790000
RPPSMLMKNHPFFDA38CB,南港段四小段,.37,都市：住,100000,1088,持分移轉,01740000
RPPSMLMKNHPFFDA38CB,南港段四小段,2.43,都市：住,100000,1088,持分移轉,01760000
RPPPMLLKNHPFFAA67CB,政大段四小段,21.91,都市：住,10000,166,持分移轉,08380000
RPPPMLLKNHPFFAA67CB,政大段四小段,13.37,都市：住,10000,166,持分移轉,08390000
RPRNMLNKNHPFFDA18CB,南港段四小段,.98,都市：住,100000,1086,持分移轉,01730002
RPRNMLNKNHPFFDA18CB,南港段四小段,1.75,都市：住,100000,1086,持分移轉,01770001
RPRNMLNKNHPFFDA18CB,南港段四小段,3.06,都市：住,100000,1086,持分移轉,02440000
RPRNMLNKNHPFFDA18CB,南港段四小段,1.10,都市：住,100000,1086,持分移轉,01770000
RPRNMLNKNHPFFDA18CB,南港段四小段,2.17,都市：住,100000,1086,持分移轉,01730000
RPRNMLNKNHPFFDA18CB,南港段四小段,1.57,都市：住,100000,1086,持分移轉,01750000
RPRNMLNKNHPFFDA18CB,南港段四小段,.49,都市：住,100000,1086,持分移轉,01780000
RPRNMLNKNHPFFDA18CB,南港段四小段,.72,都市：住,100000,1086,持分移轉,01790000
RPRNMLNKNHPFFDA18CB,南港段四小段,.37,都市：住,100000,1086,持分移轉,01740000
RPRNMLNKNHPFFDA18CB,南港段四小段,2.42,都市：住,100000,1086,持分移轉,01760000
RPVNMLNKNHPFFDA58CB,南港段四小段,2.50,都市：住,100000,2774,持分移轉,01730002
RPVNMLNKNHPFFDA58CB,南港段四小段,4.47,都市：住,100000,2774,持分移轉,01770001
RPVNMLNKNHPFFDA58CB,南港段四小段,7.82,都市：住,100000,2774,持分移轉,02440000
RPVNMLNKNHPFFDA58CB,南港段四小段,2.80,都市：住,100000,2774,持分移轉,01770000
RPVNMLNKNHPFFDA58CB,南港段四小段,5.55,都市：住,100000,2774,持分移轉,01730000
RPVNMLNKNHPFFDA58CB,南港段四小段,4.02,都市：住,100000,2774,持分移轉,01750000
RPVNMLNKNHPFFDA58CB,南港段四小段,1.25,都市：住,100000,2774,持分移轉,01780000
RPVNMLNKNHPFFDA58CB,南港段四小段,1.83,都市：住,100000,2774,持分移轉,01790000
RPVNMLNKNHPFFDA58CB,南港段四小段,.94,都市：住,100000,2774,持分移轉,01740000
RPVNMLNKNHPFFDA58CB,南港段四小段,6.19,都市：住,100000,2774,持分移轉,01760000
RPUNMLNKNHPFFDA48CB,南港段四小段,.98,都市：住,100000,1086,持分移轉,01730002
RPUNMLNKNHPFFDA48CB,南港段四小段,1.75,都市：住,100000,1086,持分移轉,01770001
RPUNMLNKNHPFFDA48CB,南港段四小段,3.06,都市：住,100000,1086,持分移轉,02440000
RPUNMLNKNHPFFDA48CB,南港段四小段,1.10,都市：住,100000,1086,持分移轉,01770000
RPUNMLNKNHPFFDA48CB,南港段四小段,2.17,都市：住,100000,1086,持分移轉,01730000
RPUNMLNKNHPFFDA48CB,南港段四小段,1.57,都市：住,100000,1086,持分移轉,01750000
RPUNMLNKNHPFFDA48CB,南港段四小段,.49,都市：住,100000,1086,持分移轉,01780000
RPUNMLNKNHPFFDA48CB,南港段四小段,.72,都市：住,100000,1086,持分移轉,01790000
RPUNMLNKNHPFFDA48CB,南港段四小段,.37,都市：住,100000,1086,持分移轉,01740000
RPUNMLNKNHPFFDA48CB,南港段四小段,2.42,都市：住,100000,1086,持分移轉,01760000
RPSNMLNKNHPFFDA28CB,南港段四小段,.98,都市：住,100000,1086,持分移轉,01730002
RPSNMLNKNHPFFDA28CB,南港段四小段,1.75,都市：住,100000,1086,持分移轉,01770001
RPSNMLNKNHPFFDA28CB,南港段四小段,3.06,都市：住,100000,1086,持分移轉,02440000
RPSNMLNKNHPFFDA28CB,南港段四小段,1.10,都市：住,100000,1086,持分移轉,01770000
RPSNMLNKNHPFFDA28CB,南港段四小段,2.17,都市：住,100000,1086,持分移轉,01730000
RPSNMLNKNHPFFDA28CB,南港段四小段,1.57,都市：住,100000,1086,持分移轉,01750000
RPSNMLNKNHPFFDA28CB,南港段四小段,.49,都市：住,100000,1086,持分移轉,01780000
RPSNMLNKNHPFFDA28CB,南港段四小段,.72,都市：住,100000,1086,持分移轉,01790000
RPSNMLNKNHPFFDA28CB,南港段四小段,.37,都市：住,100000,1086,持分移轉,01740000
RPSNMLNKNHPFFDA28CB,南港段四小段,2.42,都市：住,100000,1086,持分移轉,01760000
RPWNMLNKNHPFFDA68CB,南港段四小段,1.23,都市：住,100000,1368,持分移轉,01730002
RPWNMLNKNHPFFDA68CB,南港段四小段,2.20,都市：住,100000,1368,持分移轉,01770001
RPWNMLNKNHPFFDA68CB,南港段四小段,3.86,都市：住,100000,1368,持分移轉,02440000
RPWNMLNKNHPFFDA68CB,南港段四小段,1.38,都市：住,100000,1368,持分移轉,01770000
RPWNMLNKNHPFFDA68CB,南港段四小段,2.74,都市：住,100000,1368,持分移轉,01730000
RPWNMLNKNHPFFDA68CB,南港段四小段,1.98,都市：住,100000,1368,持分移轉,01750000
RPWNMLNKNHPFFDA68CB,南港段四小段,.62,都市：住,100000,1368,持分移轉,01780000
RPWNMLNKNHPFFDA68CB,南港段四小段,.90,都市：住,100000,1368,持分移轉,01790000
RPWNMLNKNHPFFDA68CB,南港段四小段,.47,都市：住,100000,1368,持分移轉,01740000
RPWNMLNKNHPFFDA68CB,南港段四小段,3.05,都市：住,100000,1368,持分移轉,01760000
RPPOMLNKNHPFFDA08CB,南港段四小段,1.09,都市：住,100000,1206,持分移轉,01730002
RPPOMLNKNHPFFDA08CB,南港段四小段,1.94,都市：住,100000,1206,持分移轉,01770001
RPPOMLNKNHPFFDA08CB,南港段四小段,3.40,都市：住,100000,1206,持分移轉,02440000
RPPOMLNKNHPFFDA08CB,南港段四小段,1.22,都市：住,100000,1206,持分移轉,01770000
RPPOMLNKNHPFFDA08CB,南港段四小段,2.41,都市：住,100000,1206,持分移轉,01730000
RPPOMLNKNHPFFDA08CB,南港段四小段,1.75,都市：住,100000,1206,持分移轉,01750000
RPPOMLNKNHPFFDA08CB,南港段四小段,.54,都市：住,100000,1206,持分移轉,01780000
RPPOMLNKNHPFFDA08CB,南港段四小段,.80,都市：住,100000,1206,持分移轉,01790000
RPPOMLNKNHPFFDA08CB,南港段四小段,.41,都市：住,100000,1206,持分移轉,01740000
RPPOMLNKNHPFFDA08CB,南港段四小段,2.69,都市：住,100000,1206,持分移轉,01760000
RPSOMLNKNHPFFDA38CB,南港段四小段,1.07,都市：住,100000,1194,持分移轉,01730002
RPSOMLNKNHPFFDA38CB,南港段四小段,1.92,都市：住,100000,1194,持分移轉,01770001
RPSOMLNKNHPFFDA38CB,南港段四小段,3.37,都市：住,100000,1194,持分移轉,02440000
RPSOMLNKNHPFFDA38CB,南港段四小段,1.21,都市：住,100000,1194,持分移轉,01770000
RPSOMLNKNHPFFDA38CB,南港段四小段,2.39,都市：住,100000,1194,持分移轉,01730000
RPSOMLNKNHPFFDA38CB,南港段四小段,1.73,都市：住,100000,1194,持分移轉,01750000
RPSOMLNKNHPFFDA38CB,南港段四小段,.54,都市：住,100000,1194,持分移轉,01780000
RPSOMLNKNHPFFDA38CB,南港段四小段,.79,都市：住,100000,1194,持分移轉,01790000
RPSOMLNKNHPFFDA38CB,南港段四小段,.41,都市：住,100000,1194,持分移轉,01740000
RPSOMLNKNHPFFDA38CB,南港段四小段,2.66,都市：住,100000,1194,持分移轉,01760000
RPROMLNKNHPFFDA28CB,南港段四小段,1.09,都市：住,100000,1206,持分移轉,01730002
RPROMLNKNHPFFDA28CB,南港段四小段,1.94,都市：住,100000,1206,持分移轉,01770001
RPROMLNKNHPFFDA28CB,南港段四小段,3.40,都市：住,100000,1206,持分移轉,02440000
RPROMLNKNHPFFDA28CB,南港段四小段,1.22,都市：住,100000,1206,持分移轉,01770000
RPROMLNKNHPFFDA28CB,南港段四小段,2.41,都市：住,100000,1206,持分移轉,01730000
RPROMLNKNHPFFDA28CB,南港段四小段,1.75,都市：住,100000,1206,持分移轉,01750000
RPROMLNKNHPFFDA28CB,南港段四小段,.54,都市：住,100000,1206,持分移轉,01780000
RPROMLNKNHPFFDA28CB,南港段四小段,.80,都市：住,100000,1206,持分移轉,01790000
RPROMLNKNHPFFDA28CB,南港段四小段,.41,都市：住,100000,1206,持分移轉,01740000
RPROMLNKNHPFFDA28CB,南港段四小段,2.69,都市：住,100000,1206,持分移轉,01760000
RPOPMLNKNHPFFDA08CB,南港段四小段,1.08,都市：住,100000,1196,持分移轉,01730002
RPOPMLNKNHPFFDA08CB,南港段四小段,1.93,都市：住,100000,1196,持分移轉,01770001
RPOPMLNKNHPFFDA08CB,南港段四小段,3.37,都市：住,100000,1196,持分移轉,02440000
RPOPMLNKNHPFFDA08CB,南港段四小段,1.21,都市：住,100000,1196,持分移轉,01770000
RPOPMLNKNHPFFDA08CB,南港段四小段,2.39,都市：住,100000,1196,持分移轉,01730000
RPOPMLNKNHPFFDA08CB,南港段四小段,1.73,都市：住,100000,1196,持分移轉,01750000
RPOPMLNKNHPFFDA08CB,南港段四小段,.54,都市：住,100000,1196,持分移轉,01780000
RPOPMLNKNHPFFDA08CB,南港段四小段,.79,都市：住,100000,1196,持分移轉,01790000
RPOPMLNKNHPFFDA08CB,南港段四小段,.41,都市：住,100000,1196,持分移轉,01740000
RPOPMLNKNHPFFDA08CB,南港段四小段,2.67,都市：住,100000,1196,持分移轉,01760000
RPTOMLKLNHPFFFA48CB,懷生段三小段,3.68,都市：住,100000,8714,持分移轉,02350000
RPVOMLNKNHPFFDA68CB,南港段四小段,1.08,都市：住,100000,1196,持分移轉,01730002
RPVOMLNKNHPFFDA68CB,南港段四小段,1.93,都市：住,100000,1196,持分移轉,01770001
RPVOMLNKNHPFFDA68CB,南港段四小段,3.37,都市：住,100000,1196,持分移轉,02440000
RPVOMLNKNHPFFDA68CB,南港段四小段,1.21,都市：住,100000,1196,持分移轉,01770000
RPVOMLNKNHPFFDA68CB,南港段四小段,2.39,都市：住,100000,1196,持分移轉,01730000
RPVOMLNKNHPFFDA68CB,南港段四小段,1.73,都市：住,100000,1196,持分移轉,01750000
RPVOMLNKNHPFFDA68CB,南港段四小段,.54,都市：住,100000,1196,持分移轉,01780000
RPVOMLNKNHPFFDA68CB,南港段四小段,.79,都市：住,100000,1196,持分移轉,01790000
RPVOMLNKNHPFFDA68CB,南港段四小段,.41,都市：住,100000,1196,持分移轉,01740000
RPVOMLNKNHPFFDA68CB,南港段四小段,2.67,都市：住,100000,1196,持分移轉,01760000
RPOOMLKLNHPFFFA97CB,懷生段三小段,3.68,都市：住,100000,8714,持分移轉,02350000
RPQOMLKLNHPFFFA18CB,懷生段三小段,3.68,都市：住,100000,8714,持分移轉,02350000
RPROMLKLNHPFFFA28CB,懷生段三小段,3.68,都市：住,100000,8714,持分移轉,02350000
RPXOMLKLNHPFFFA88CB,懷生段三小段,3.68,都市：住,100000,8714,持分移轉,02350000
RPWOMLKLNHPFFFA78CB,懷生段三小段,3.68,都市：住,100000,8714,持分移轉,02350000
RPPPMLKLNHPFFFA18CB,懷生段三小段,3.68,都市：住,100000,8714,持分移轉,02350000
RPSPMLKLNHPFFFA48CB,懷生段三小段,3.42,都市：住,100000,8395,持分移轉,02350000
RPTPMLKLNHPFFFA58CB,懷生段三小段,2.19,都市：住,100000,6724,持分移轉,02350000
RPSPMLPLNHPFFCA78DB,中山段三小段,12.72,都市：商,10000,117,持分移轉,03250000
RPRPMLKLNHPFFFA38CB,懷生段三小段,3.68,都市：住,100000,8714,持分移轉,02350000
RPTPMLPLNHPFFCA88DB,中山段三小段,12.72,都市：商,10000,117,持分移轉,03250000
RPURMLPLNHPFFCA56DB,中山段三小段,8.04,都市：商,10000,74,持分移轉,03250000
RPUPMLKLNHPFFFA68CB,懷生段三小段,2.21,都市：住,100000,6754,持分移轉,02350000
RPXRMLPLNHPFFCA86DB,中山段三小段,8.04,都市：商,10000,74,持分移轉,03250000
RPPSMLPLNHPFFCA78DB,中山段三小段,7.28,都市：商,10000,67,持分移轉,03250000
RPTSMLPLNHPFFCA56DB,中山段三小段,15.54,都市：商,10000,143,持分移轉,03250000
RPSNMLQLNHPFFAA38CB,永昌段四小段,12.12,都市：住,100000,7642,持分移轉,00460001
RPQSMLPLNHPFFCA88DB,中山段三小段,7.07,都市：商,10000,65,持分移轉,03250000
RPWNMLQLNHPFFAA78CB,永昌段四小段,19.60,都市：住,100000,12358,持分移轉,00460001
RPUNMLQLNHPFFAA58CB,永昌段四小段,12.12,都市：住,100000,7642,持分移轉,00460001
RPPOMLQLNHPFFAA18CB,永昌段四小段,19.60,都市：住,100000,12358,持分移轉,00460001
RPOOMLQLNHPFFAA08CB,永昌段四小段,19.60,都市：住,100000,12358,持分移轉,00460001
RPTNMLQLNHPFFAA48CB,永昌段四小段,12.12,都市：住,100000,7642,持分移轉,00460001
RPXNMLQLNHPFFAA88CB,永昌段四小段,19.60,都市：住,100000,12358,持分移轉,00460001
RPVNMLQLNHPFFAA68CB,永昌段四小段,12.12,都市：住,100000,7642,持分移轉,00460001
RPQOMLQLNHPFFAA28CB,永昌段四小段,20.80,都市：住,100000,1060,持分移轉,00440000
RPSOMLQLNHPFFAA48CB,永昌段四小段,20.80,都市：住,100000,1060,持分移轉,00440000
RPROMLQLNHPFFAA38CB,永昌段四小段,20.80,都市：住,100000,1060,持分移轉,00440000
RPUOMLQLNHPFFAA68CB,永昌段四小段,10.91,都市：住,100000,556,持分移轉,00440000
RPTOMLQLNHPFFAA58CB,永昌段四小段,10.60,都市：住,100000,540,持分移轉,00440000
RPVOMLQLNHPFFAA78CB,永昌段四小段,10.91,都市：住,100000,556,持分移轉,00440000
RPOPMLQLNHPFFAA18CB,永昌段四小段,10.91,都市：住,100000,556,持分移轉,00440000
RPWOMLQLNHPFFAA88CB,永昌段四小段,10.91,都市：住,100000,556,持分移轉,00440000
RPXOMLQLNHPFFAA98CB,永昌段四小段,10.91,都市：住,100000,556,持分移轉,00440000
RPPPMLQLNHPFFAA28CB,永昌段四小段,10.91,都市：住,100000,556,持分移轉,00440000
RPRPMLQLNHPFFAA48CB,永昌段四小段,10.91,都市：住,100000,556,持分移轉,00440000
RPQPMLQLNHPFFAA38CB,永昌段四小段,10.91,都市：住,100000,556,持分移轉,00440000
RPSPMLQLNHPFFAA58CB,永昌段四小段,20.72,都市：住,100000,1056,持分移轉,00440000
RPWPMLQLNHPFFAA98CB,永昌段四小段,20.72,都市：住,100000,1056,持分移轉,00440000
RPTPMLQLNHPFFAA68CB,永昌段四小段,20.72,都市：住,100000,1056,持分移轉,00440000
RPPQMLQLNHPFFAA38CB,永昌段四小段,20.84,都市：住,100000,1062,持分移轉,00440000
RPUPMLQLNHPFFAA78CB,永昌段四小段,20.72,都市：住,100000,1056,持分移轉,00440000
RPXPMLQLNHPFFAA09CB,永昌段四小段,20.72,都市：住,100000,1056,持分移轉,00440000
RPOQMLQLNHPFFAA28CB,永昌段四小段,20.84,都市：住,100000,1062,持分移轉,00440000
RPVPMLQLNHPFFAA88CB,永昌段四小段,20.72,都市：住,100000,1056,持分移轉,00440000
RPRQMLQLNHPFFAA58CB,永昌段四小段,21.04,都市：住,100000,1072,持分移轉,00440000
RPQQMLQLNHPFFAA48CB,永昌段四小段,20.84,都市：住,100000,1062,持分移轉,00440000
RPTQMLQLNHPFFAA78CB,永昌段四小段,20.84,都市：住,100000,1062,持分移轉,00440000
RPUQMLQLNHPFFAA88CB,永昌段四小段,24.59,都市：住,100000,1253,持分移轉,00440000
RPSQMLQLNHPFFAA68CB,永昌段四小段,21.04,都市：住,100000,1072,持分移轉,00440000
RPWQMLQLNHPFFAA09CB,永昌段四小段,11.15,都市：住,100000,568,持分移轉,00440000
RPVQMLQLNHPFFAA98CB,永昌段四小段,19.66,都市：住,100000,1002,持分移轉,00440000
RPQRMLQLNHPFFAA58CB,永昌段四小段,20.27,都市：住,100000,1033,持分移轉,00440000
RPORMLQLNHPFFAA38CB,永昌段四小段,11.50,都市：住,100000,586,持分移轉,00440000
RPXQMLQLNHPFFAA56CB,永昌段四小段,11.50,都市：住,100000,586,持分移轉,00440000
RPPRMLQLNHPFFAA48CB,永昌段四小段,11.50,都市：住,100000,586,持分移轉,00440000
RPRRMLQLNHPFFAA68CB,永昌段四小段,20.27,都市：住,100000,1033,持分移轉,00440000
RPVRMLQLNHPFFAA09CB,永昌段四小段,20.80,都市：住,100000,1060,持分移轉,00440000
RPSRMLQLNHPFFAA78CB,永昌段四小段,20.59,都市：住,100000,1049,持分移轉,00440000
RPURMLQLNHPFFAA98CB,永昌段四小段,24.73,都市：住,100000,1260,持分移轉,00440000
RPPSMLQLNHPFFAA58CB,永昌段四小段,20.08,都市：住,100000,1023,持分移轉,00440000
RPTRMLQLNHPFFAA88CB,永昌段四小段,24.98,都市：住,100000,1273,持分移轉,00440000
RPQSMLQLNHPFFAA68CB,永昌段四小段,11.30,都市：住,100000,576,持分移轉,00440000
RPSSMLQLNHPFFAA88CB,永昌段四小段,6.40,都市：住,100000,326,持分移轉,00440000
RPRSMLQLNHPFFAA78CB,永昌段四小段,11.30,都市：住,100000,576,持分移轉,00440000
RPWRMLQLNHPFFAA56CB,永昌段四小段,20.80,都市：住,100000,1060,持分移轉,00440000
RPTSMLQLNHPFFAA98CB,永昌段四小段,4.98,都市：住,100000,254,持分移轉,00440000
RPVOMLOJOHPFFDA78CB,寶清段一小段,25.84,都市：住,10000,90,持分移轉,00570002
RPXOMLOJOHPFFDA98CB,寶清段一小段,25.84,都市：住,10000,90,持分移轉,00570002
RPWOMLOJOHPFFDA88CB,寶清段一小段,26.99,都市：住,10000,94,持分移轉,00570002
RPRPMLOJOHPFFDA48CB,寶清段一小段,19.81,都市：住,10000,69,持分移轉,00570002
RPSPMLOJOHPFFDA58CB,寶清段一小段,19.24,都市：住,10000,67,持分移轉,00570002
RPPPMLOJOHPFFDA28CB,寶清段一小段,28.14,都市：住,10000,98,持分移轉,00570002
RPSOMLOJOHPFFCA38CB,金泰段,19.37,都市：商,100000,1894,持分移轉,00070003
RPQPMLOJOHPFFDA38CB,寶清段一小段,19.24,都市：住,10000,67,持分移轉,00570002
RPTOMLOJOHPFFCA48CB,金泰段,19.37,都市：商,100000,1894,持分移轉,00070003
RPUOMLOJOHPFFCA58CB,金泰段,19.37,都市：商,100000,1894,持分移轉,00070003
RPVOMLOJOHPFFCA68CB,金泰段,19.37,都市：商,100000,1894,持分移轉,00070003
RPQPMLOJOHPFFCA28CB,金泰段,20.84,都市：商,100000,2038,持分移轉,00070003
RPWOMLOJOHPFFCA78CB,金泰段,19.37,都市：商,100000,1894,持分移轉,00070003
RPOPMLOJOHPFFCA08CB,金泰段,19.37,都市：商,100000,1894,持分移轉,00070003
RPPPMLOJOHPFFCA18CB,金泰段,19.37,都市：商,100000,1894,持分移轉,00070003
RPSPMLOJOHPFFCA48CB,金泰段,20.84,都市：商,100000,2038,持分移轉,00070003
RPRPMLOJOHPFFCA38CB,金泰段,20.84,都市：商,100000,2038,持分移轉,00070003
RPTPMLOJOHPFFCA58CB,金泰段,20.84,都市：商,100000,2038,持分移轉,00070003
RPUPMLOJOHPFFCA68CB,金泰段,20.84,都市：商,100000,2038,持分移轉,00070003
RPVPMLOJOHPFFCA78CB,金泰段,20.84,都市：商,100000,2038,持分移轉,00070003
RPOQMLOJOHPFFCA18CB,金泰段,22.84,都市：商,100000,2233,持分移轉,00070003
RPWPMLOJOHPFFCA88CB,金泰段,20.84,都市：商,100000,2038,持分移轉,00070003
RPQQMLOJOHPFFCA38CB,金泰段,17.04,都市：商,100000,1666,持分移轉,00070003
RPXPMLOJOHPFFCA98CB,金泰段,20.84,都市：商,100000,2038,持分移轉,00070003
RPRQMLOJOHPFFCA48CB,金泰段,20.78,都市：商,100000,2032,持分移轉,00070003
RPTQMLOJOHPFFCA68CB,金泰段,20.78,都市：商,100000,2032,持分移轉,00070003
RPUQMLOJOHPFFCA78CB,金泰段,20.78,都市：商,100000,2032,持分移轉,00070003
RPVQMLOJOHPFFCA88CB,金泰段,20.78,都市：商,100000,2032,持分移轉,00070003
RPSQMLOJOHPFFCA58CB,金泰段,20.78,都市：商,100000,2032,持分移轉,00070003
RPXQMLOJOHPFFCA09CB,金泰段,20.78,都市：商,100000,2032,持分移轉,00070003
RPORMLOJOHPFFCA28CB,金泰段,20.78,都市：商,100000,2032,持分移轉,00070003
RPRRMLOJOHPFFCA58CB,金泰段,19.37,都市：商,100000,1894,持分移轉,00070003
RPTRMLOJOHPFFCA78CB,金泰段,19.37,都市：商,100000,1894,持分移轉,00070003
RPURMLOJOHPFFCA88CB,金泰段,19.37,都市：商,100000,1894,持分移轉,00070003
RPWRMLOJOHPFFCA09CB,金泰段,19.37,都市：商,100000,1894,持分移轉,00070003
RPPRMLOJOHPFFCA38CB,金泰段,20.78,都市：商,100000,2032,持分移轉,00070003
RPQPMLPJOHPFFDA48CB,寶清段一小段,19.81,都市：住,10000,69,持分移轉,00570002
RPXRMLOJOHPFFCA56CB,金泰段,19.37,都市：商,100000,1894,持分移轉,00070003
RPRPMLPJOHPFFDA58CB,寶清段一小段,24.98,都市：住,10000,87,持分移轉,00570002
RPXPMLPJOHPFFDA56CB,寶清段一小段,19.81,都市：住,10000,69,持分移轉,00570002
RPSSMLOJOHPFFCA78CB,金泰段,19.37,都市：商,100000,1894,持分移轉,00070003
RPPQMLPJOHPFFDA48CB,寶清段一小段,19.24,都市：住,10000,67,持分移轉,00570002
RPVPMLPJOHPFFDA98CB,寶清段一小段,19.81,都市：住,10000,69,持分移轉,00570002
RPXQMLPJOHPFFDA66CB,寶清段一小段,21.82,都市：住,10000,76,持分移轉,00570002
RPOQMLPJOHPFFDA38CB,寶清段一小段,19.81,都市：住,10000,69,持分移轉,00570002
RPRQMLPJOHPFFDA68CB,寶清段一小段,19.24,都市：住,10000,67,持分移轉,00570002
RPUQMLPJOHPFFDA98CB,寶清段一小段,19.24,都市：住,10000,67,持分移轉,00570002
RPQQMLPJOHPFFDA58CB,寶清段一小段,19.24,都市：住,10000,67,持分移轉,00570002
RPXOMLNLOHPFFAA78CB,萬慶段二小段,31.77,都市：住,100000,1883,持分移轉,08410000
RPWOMLNLOHPFFAA68CB,萬慶段二小段,31.77,都市：住,100000,1883,持分移轉,08410000
RPSQMLPJOHPFFDA78CB,寶清段一小段,19.24,都市：住,10000,67,持分移轉,00570002
RPVOMLNLOHPFFAA58CB,萬慶段二小段,31.77,都市：住,100000,1883,持分移轉,08410000
RPPPMLNLOHPFFAA08CB,萬慶段二小段,31.77,都市：住,100000,1883,持分移轉,08410000
RPVPMLNLOHPFFAA68CB,萬慶段二小段,18.44,都市：住,100000,1093,持分移轉,08410000
RPUPMLNLOHPFFAA58CB,萬慶段二小段,18.44,都市：住,100000,1093,持分移轉,08410000
RPQPMLNLOHPFFAA18CB,萬慶段二小段,18.44,都市：住,100000,1093,持分移轉,08410000
RPOPMLNLOHPFFAA97CB,萬慶段二小段,31.77,都市：住,100000,1883,持分移轉,08410000
RPWPMLNLOHPFFAA78CB,萬慶段二小段,27.92,都市：住,100000,1655,持分移轉,08410000
RPPQMLNLOHPFFAA18CB,萬慶段二小段,27.92,都市：住,100000,1655,持分移轉,08410000
RPSQMLNLOHPFFAA48CB,萬慶段二小段,43.56,都市：住,100000,2582,持分移轉,08410000
RPRQMLNLOHPFFAA38CB,萬慶段二小段,20.23,都市：住,100000,1199,持分移轉,08410000
RPUQMLNLOHPFFAA68CB,萬慶段二小段,37.32,都市：住,100000,2212,持分移轉,08410000
RPQQMLNLOHPFFAA28CB,萬慶段二小段,27.92,都市：住,100000,1655,持分移轉,08410000
RPOQMLNLOHPFFAA08CB,萬慶段二小段,27.92,都市：住,100000,1655,持分移轉,08410000
RPTQMLNLOHPFFAA58CB,萬慶段二小段,43.56,都市：住,100000,2582,持分移轉,08410000
RPWQMLNLOHPFFAA88CB,萬慶段二小段,36.19,都市：住,100000,2145,持分移轉,08410000
RPVQMLNLOHPFFAA78CB,萬慶段二小段,36.19,都市：住,100000,2145,持分移轉,08410000
RPPRMLNLOHPFFAA28CB,萬慶段二小段,20.40,都市：住,100000,1209,持分移轉,08410000
RPXQMLNLOHPFFAA98CB,萬慶段二小段,14.41,都市：住,100000,854,持分移轉,08410000
RPQRMLNLOHPFFAA38CB,萬慶段二小段,16.23,都市：住,100000,7117,持分移轉,08120000
RPORMLNLOHPFFAA18CB,萬慶段二小段,20.40,都市：住,100000,1209,持分移轉,08410000
RPQPMLOLOHPFFAA28CB,萬慶段二小段,36.51,都市：住,100000,2164,持分移轉,08410000
RPURMLNLOHPFFAA78CB,萬慶段二小段,18.21,都市：住,100000,7988,持分移轉,08120000
RPRPMLOLOHPFFAA38CB,萬慶段二小段,15.89,都市：住,100000,5243,持分移轉,01340000
RPSPMLOLOHPFFAA48CB,萬慶段二小段,15.89,都市：住,100000,5243,持分移轉,01340000
RPPOMLTJPHPFFAA58DB,河堤段四小段,.05,都市：住,10000,543,持分移轉,02630037
RPPOMLTJPHPFFAA58DB,河堤段四小段,9.45,都市：商,10000,543,持分移轉,02290000
RPQOMLTJPHPFFAA68DB,河堤段四小段,6.52,都市：商,10000,375,持分移轉,02290000
RPQOMLTJPHPFFAA68DB,河堤段四小段,.04,都市：住,10000,375,持分移轉,02630037
RPROMLPKPHPFFFA88CB,學府段三小段,1.77,都市：住,10000,249,持分移轉,00340000
RPROMLPKPHPFFFA88CB,學府段三小段,7.07,都市：住,10000,249,持分移轉,00360000
RPROMLPKPHPFFFA88CB,學府段三小段,4.91,都市：住,10000,249,持分移轉,00370000
RPROMLPKPHPFFFA88CB,學府段三小段,.07,都市：住,10000,249,持分移轉,00410002
RPROMLPKPHPFFFA88CB,學府段三小段,7.93,都市：住,10000,249,持分移轉,00420000
RPROMLPKPHPFFFA88CB,學府段三小段,4.51,都市：住,10000,249,持分移轉,00430000
RPROMLPKPHPFFFA88CB,學府段三小段,3.09,都市：住,10000,249,持分移轉,00440000
RPSOMLPKPHPFFFA98CB,學府段三小段,1.77,都市：住,10000,249,持分移轉,00340000
RPSOMLPKPHPFFFA98CB,學府段三小段,7.07,都市：住,10000,249,持分移轉,00360000
RPSOMLPKPHPFFFA98CB,學府段三小段,4.91,都市：住,10000,249,持分移轉,00370000
RPOOMLPKPHPFFFA58CB,學府段三小段,1.61,都市：住,10000,227,持分移轉,00340000
RPOOMLPKPHPFFFA58CB,學府段三小段,6.45,都市：住,10000,227,持分移轉,00360000
RPOOMLPKPHPFFFA58CB,學府段三小段,4.47,都市：住,10000,227,持分移轉,00370000
RPOOMLPKPHPFFFA58CB,學府段三小段,.06,都市：住,10000,227,持分移轉,00410002
RPSOMLPKPHPFFFA98CB,學府段三小段,.07,都市：住,10000,249,持分移轉,00410002
RPOOMLPKPHPFFFA58CB,學府段三小段,7.23,都市：住,10000,227,持分移轉,00420000
RPOOMLPKPHPFFFA58CB,學府段三小段,4.11,都市：住,10000,227,持分移轉,00430000
RPSOMLPKPHPFFFA98CB,學府段三小段,7.93,都市：住,10000,249,持分移轉,00420000
RPOOMLPKPHPFFFA58CB,學府段三小段,2.81,都市：住,10000,227,持分移轉,00440000
RPSOMLPKPHPFFFA98CB,學府段三小段,4.51,都市：住,10000,249,持分移轉,00430000
RPSOMLPKPHPFFFA98CB,學府段三小段,3.09,都市：住,10000,249,持分移轉,00440000
RPUOMLPKPHPFFFA56CB,學府段三小段,1.77,都市：住,10000,249,持分移轉,00340000
RPUOMLPKPHPFFFA56CB,學府段三小段,7.07,都市：住,10000,249,持分移轉,00360000
RPUOMLPKPHPFFFA56CB,學府段三小段,4.91,都市：住,10000,249,持分移轉,00370000
RPUOMLPKPHPFFFA56CB,學府段三小段,.07,都市：住,10000,249,持分移轉,00410002
RPUOMLPKPHPFFFA56CB,學府段三小段,7.93,都市：住,10000,249,持分移轉,00420000
RPUOMLPKPHPFFFA56CB,學府段三小段,4.51,都市：住,10000,249,持分移轉,00430000
RPUOMLPKPHPFFFA56CB,學府段三小段,3.09,都市：住,10000,249,持分移轉,00440000
RPTOMLPKPHPFFFA09CB,學府段三小段,1.77,都市：住,10000,249,持分移轉,00340000
RPTOMLPKPHPFFFA09CB,學府段三小段,7.07,都市：住,10000,249,持分移轉,00360000
RPTOMLPKPHPFFFA09CB,學府段三小段,4.91,都市：住,10000,249,持分移轉,00370000
RPTOMLPKPHPFFFA09CB,學府段三小段,.07,都市：住,10000,249,持分移轉,00410002
RPTOMLPKPHPFFFA09CB,學府段三小段,7.93,都市：住,10000,249,持分移轉,00420000
RPTOMLPKPHPFFFA09CB,學府段三小段,4.51,都市：住,10000,249,持分移轉,00430000
RPTOMLPKPHPFFFA09CB,學府段三小段,3.09,都市：住,10000,249,持分移轉,00440000
RPVOMLPKPHPFFFA66CB,學府段三小段,1.77,都市：住,10000,249,持分移轉,00340000
RPVOMLPKPHPFFFA66CB,學府段三小段,7.07,都市：住,10000,249,持分移轉,00360000
RPVOMLPKPHPFFFA66CB,學府段三小段,4.91,都市：住,10000,249,持分移轉,00370000
RPVOMLPKPHPFFFA66CB,學府段三小段,.07,都市：住,10000,249,持分移轉,00410002
RPVOMLPKPHPFFFA66CB,學府段三小段,7.93,都市：住,10000,249,持分移轉,00420000
RPVOMLPKPHPFFFA66CB,學府段三小段,4.51,都市：住,10000,249,持分移轉,00430000
RPVOMLPKPHPFFFA66CB,學府段三小段,3.09,都市：住,10000,249,持分移轉,00440000
RPWOMLPKPHPFFFA76CB,學府段三小段,1.77,都市：住,10000,249,持分移轉,00340000
RPWOMLPKPHPFFFA76CB,學府段三小段,7.07,都市：住,10000,249,持分移轉,00360000
RPWOMLPKPHPFFFA76CB,學府段三小段,4.91,都市：住,10000,249,持分移轉,00370000
RPWOMLPKPHPFFFA76CB,學府段三小段,.07,都市：住,10000,249,持分移轉,00410002
RPWOMLPKPHPFFFA76CB,學府段三小段,7.93,都市：住,10000,249,持分移轉,00420000
RPWOMLPKPHPFFFA76CB,學府段三小段,4.51,都市：住,10000,249,持分移轉,00430000
RPWOMLPKPHPFFFA76CB,學府段三小段,3.09,都市：住,10000,249,持分移轉,00440000
RPOPMLPKPHPFFFA68CB,學府段三小段,1.77,都市：住,10000,249,持分移轉,00340000
RPOPMLPKPHPFFFA68CB,學府段三小段,7.07,都市：住,10000,249,持分移轉,00360000
RPOPMLPKPHPFFFA68CB,學府段三小段,4.91,都市：住,10000,249,持分移轉,00370000
RPOPMLPKPHPFFFA68CB,學府段三小段,.07,都市：住,10000,249,持分移轉,00410002
RPOPMLPKPHPFFFA68CB,學府段三小段,7.93,都市：住,10000,249,持分移轉,00420000
RPOPMLPKPHPFFFA68CB,學府段三小段,4.51,都市：住,10000,249,持分移轉,00430000
RPOPMLPKPHPFFFA68CB,學府段三小段,3.09,都市：住,10000,249,持分移轉,00440000
RPPPMLPKPHPFFFA78CB,學府段三小段,1.77,都市：住,10000,249,持分移轉,00340000
RPPPMLPKPHPFFFA78CB,學府段三小段,7.07,都市：住,10000,249,持分移轉,00360000
RPPPMLPKPHPFFFA78CB,學府段三小段,4.91,都市：住,10000,249,持分移轉,00370000
RPPPMLPKPHPFFFA78CB,學府段三小段,.07,都市：住,10000,249,持分移轉,00410002
RPPPMLPKPHPFFFA78CB,學府段三小段,7.93,都市：住,10000,249,持分移轉,00420000
RPPPMLPKPHPFFFA78CB,學府段三小段,4.51,都市：住,10000,249,持分移轉,00430000
RPPPMLPKPHPFFFA78CB,學府段三小段,3.09,都市：住,10000,249,持分移轉,00440000
RPQPMLPKPHPFFFA88CB,學府段三小段,1.77,都市：住,10000,249,持分移轉,00340000
RPQPMLPKPHPFFFA88CB,學府段三小段,7.07,都市：住,10000,249,持分移轉,00360000
RPQPMLPKPHPFFFA88CB,學府段三小段,4.91,都市：住,10000,249,持分移轉,00370000
RPQPMLPKPHPFFFA88CB,學府段三小段,.07,都市：住,10000,249,持分移轉,00410002
RPQPMLPKPHPFFFA88CB,學府段三小段,7.93,都市：住,10000,249,持分移轉,00420000
RPQPMLPKPHPFFFA88CB,學府段三小段,4.51,都市：住,10000,249,持分移轉,00430000
RPQPMLPKPHPFFFA88CB,學府段三小段,3.09,都市：住,10000,249,持分移轉,00440000
RPRPMLPKPHPFFFA98CB,學府段三小段,1.77,都市：住,10000,249,持分移轉,00340000
RPRPMLPKPHPFFFA98CB,學府段三小段,7.07,都市：住,10000,249,持分移轉,00360000
RPRPMLPKPHPFFFA98CB,學府段三小段,4.91,都市：住,10000,249,持分移轉,00370000
RPRPMLPKPHPFFFA98CB,學府段三小段,.07,都市：住,10000,249,持分移轉,00410002
RPRPMLPKPHPFFFA98CB,學府段三小段,7.93,都市：住,10000,249,持分移轉,00420000
RPRPMLPKPHPFFFA98CB,學府段三小段,4.51,都市：住,10000,249,持分移轉,00430000
RPRPMLPKPHPFFFA98CB,學府段三小段,3.09,都市：住,10000,249,持分移轉,00440000
RPXOMLPKPHPFFFA86CB,學府段三小段,1.77,都市：住,10000,249,持分移轉,00340000
RPXOMLPKPHPFFFA86CB,學府段三小段,7.07,都市：住,10000,249,持分移轉,00360000
RPXOMLPKPHPFFFA86CB,學府段三小段,4.91,都市：住,10000,249,持分移轉,00370000
RPXOMLPKPHPFFFA86CB,學府段三小段,.07,都市：住,10000,249,持分移轉,00410002
RPXOMLPKPHPFFFA86CB,學府段三小段,7.93,都市：住,10000,249,持分移轉,00420000
RPXOMLPKPHPFFFA86CB,學府段三小段,4.51,都市：住,10000,249,持分移轉,00430000
RPXOMLPKPHPFFFA86CB,學府段三小段,3.09,都市：住,10000,249,持分移轉,00440000
RPWPMLPKPHPFFFA86CB,學府段三小段,1.39,都市：住,10000,196,持分移轉,00340000
RPWPMLPKPHPFFFA86CB,學府段三小段,5.57,都市：住,10000,196,持分移轉,00360000
RPWPMLPKPHPFFFA86CB,學府段三小段,3.86,都市：住,10000,196,持分移轉,00370000
RPWPMLPKPHPFFFA86CB,學府段三小段,.05,都市：住,10000,196,持分移轉,00410002
RPWPMLPKPHPFFFA86CB,學府段三小段,6.24,都市：住,10000,196,持分移轉,00420000
RPWPMLPKPHPFFFA86CB,學府段三小段,3.55,都市：住,10000,196,持分移轉,00430000
RPWPMLPKPHPFFFA86CB,學府段三小段,2.43,都市：住,10000,196,持分移轉,00440000
RPXPMLPKPHPFFFA96CB,學府段三小段,5.57,都市：住,10000,196,持分移轉,00360000
RPXPMLPKPHPFFFA96CB,學府段三小段,3.86,都市：住,10000,196,持分移轉,00370000
RPXPMLPKPHPFFFA96CB,學府段三小段,.05,都市：住,10000,196,持分移轉,00410002
RPXPMLPKPHPFFFA96CB,學府段三小段,6.24,都市：住,10000,196,持分移轉,00420000
RPXPMLPKPHPFFFA96CB,學府段三小段,3.55,都市：住,10000,196,持分移轉,00430000
RPXPMLPKPHPFFFA96CB,學府段三小段,2.43,都市：住,10000,196,持分移轉,00440000
RPXPMLPKPHPFFFA96CB,學府段三小段,1.39,都市：住,10000,196,持分移轉,00340000
RPTQMLPKPHPFFFA66CB,學府段三小段,.91,都市：住,10000,128,持分移轉,00340000
RPTQMLPKPHPFFFA66CB,學府段三小段,3.64,都市：住,10000,128,持分移轉,00360000
RPTQMLPKPHPFFFA66CB,學府段三小段,2.52,都市：住,10000,128,持分移轉,00370000
RPTQMLPKPHPFFFA66CB,學府段三小段,.03,都市：住,10000,128,持分移轉,00410002
RPTQMLPKPHPFFFA66CB,學府段三小段,4.08,都市：住,10000,128,持分移轉,00420000
RPTQMLPKPHPFFFA66CB,學府段三小段,2.32,都市：住,10000,128,持分移轉,00430000
RPTQMLPKPHPFFFA66CB,學府段三小段,1.59,都市：住,10000,128,持分移轉,00440000
RPTPMLPKPHPFFFA56CB,學府段三小段,1.77,都市：住,10000,249,持分移轉,00340000
RPTPMLPKPHPFFFA56CB,學府段三小段,7.07,都市：住,10000,249,持分移轉,00360000
RPTPMLPKPHPFFFA56CB,學府段三小段,4.91,都市：住,10000,249,持分移轉,00370000
RPTPMLPKPHPFFFA56CB,學府段三小段,.07,都市：住,10000,249,持分移轉,00410002
RPTPMLPKPHPFFFA56CB,學府段三小段,7.93,都市：住,10000,249,持分移轉,00420000
RPTPMLPKPHPFFFA56CB,學府段三小段,4.51,都市：住,10000,249,持分移轉,00430000
RPTPMLPKPHPFFFA56CB,學府段三小段,3.09,都市：住,10000,249,持分移轉,00440000
RPVPMLPKPHPFFFA76CB,學府段三小段,1.39,都市：住,10000,196,持分移轉,00340000
RPVPMLPKPHPFFFA76CB,學府段三小段,5.57,都市：住,10000,196,持分移轉,00360000
RPVPMLPKPHPFFFA76CB,學府段三小段,3.86,都市：住,10000,196,持分移轉,00370000
RPVPMLPKPHPFFFA76CB,學府段三小段,.05,都市：住,10000,196,持分移轉,00410002
RPVPMLPKPHPFFFA76CB,學府段三小段,6.24,都市：住,10000,196,持分移轉,00420000
RPVPMLPKPHPFFFA76CB,學府段三小段,3.55,都市：住,10000,196,持分移轉,00430000
RPVPMLPKPHPFFFA76CB,學府段三小段,2.43,都市：住,10000,196,持分移轉,00440000
RPVQMLPKPHPFFFA86CB,學府段三小段,.91,都市：住,10000,128,持分移轉,00340000
RPVQMLPKPHPFFFA86CB,學府段三小段,3.64,都市：住,10000,128,持分移轉,00360000
RPVQMLPKPHPFFFA86CB,學府段三小段,2.52,都市：住,10000,128,持分移轉,00370000
RPVQMLPKPHPFFFA86CB,學府段三小段,.03,都市：住,10000,128,持分移轉,00410002
RPVQMLPKPHPFFFA86CB,學府段三小段,4.08,都市：住,10000,128,持分移轉,00420000
RPVQMLPKPHPFFFA86CB,學府段三小段,2.32,都市：住,10000,128,持分移轉,00430000
RPVQMLPKPHPFFFA86CB,學府段三小段,1.59,都市：住,10000,128,持分移轉,00440000
RPWQMLPKPHPFFFA96CB,學府段三小段,.91,都市：住,10000,128,持分移轉,00340000
RPWQMLPKPHPFFFA96CB,學府段三小段,3.64,都市：住,10000,128,持分移轉,00360000
RPWQMLPKPHPFFFA96CB,學府段三小段,2.52,都市：住,10000,128,持分移轉,00370000
RPWQMLPKPHPFFFA96CB,學府段三小段,.03,都市：住,10000,128,持分移轉,00410002
RPWQMLPKPHPFFFA96CB,學府段三小段,4.08,都市：住,10000,128,持分移轉,00420000
RPWQMLPKPHPFFFA96CB,學府段三小段,2.32,都市：住,10000,128,持分移轉,00430000
RPWQMLPKPHPFFFA96CB,學府段三小段,1.59,都市：住,10000,128,持分移轉,00440000
RPSPMLPKPHPFFFA09CB,學府段三小段,7.07,都市：住,10000,249,持分移轉,00360000
RPSPMLPKPHPFFFA09CB,學府段三小段,4.91,都市：住,10000,249,持分移轉,00370000
RPSPMLPKPHPFFFA09CB,學府段三小段,.07,都市：住,10000,249,持分移轉,00410002
RPSPMLPKPHPFFFA09CB,學府段三小段,7.93,都市：住,10000,249,持分移轉,00420000
RPSPMLPKPHPFFFA09CB,學府段三小段,4.51,都市：住,10000,249,持分移轉,00430000
RPSPMLPKPHPFFFA09CB,學府段三小段,3.09,都市：住,10000,249,持分移轉,00440000
RPSPMLPKPHPFFFA09CB,學府段三小段,1.77,都市：住,10000,249,持分移轉,00340000
RPORMLPKPHPFFFA88CB,學府段三小段,3.64,都市：住,10000,128,持分移轉,00360000
RPORMLPKPHPFFFA88CB,學府段三小段,2.52,都市：住,10000,128,持分移轉,00370000
RPORMLPKPHPFFFA88CB,學府段三小段,.03,都市：住,10000,128,持分移轉,00410002
RPORMLPKPHPFFFA88CB,學府段三小段,4.08,都市：住,10000,128,持分移轉,00420000
RPORMLPKPHPFFFA88CB,學府段三小段,2.32,都市：住,10000,128,持分移轉,00430000
RPORMLPKPHPFFFA88CB,學府段三小段,1.59,都市：住,10000,128,持分移轉,00440000
RPORMLPKPHPFFFA88CB,學府段三小段,.91,都市：住,10000,128,持分移轉,00340000
RPPRMLPKPHPFFFA98CB,學府段三小段,.91,都市：住,10000,128,持分移轉,00340000
RPPRMLPKPHPFFFA98CB,學府段三小段,3.64,都市：住,10000,128,持分移轉,00360000
RPPRMLPKPHPFFFA98CB,學府段三小段,2.52,都市：住,10000,128,持分移轉,00370000
RPPRMLPKPHPFFFA98CB,學府段三小段,.03,都市：住,10000,128,持分移轉,00410002
RPPRMLPKPHPFFFA98CB,學府段三小段,4.08,都市：住,10000,128,持分移轉,00420000
RPPRMLPKPHPFFFA98CB,學府段三小段,2.32,都市：住,10000,128,持分移轉,00430000
RPPRMLPKPHPFFFA98CB,學府段三小段,1.59,都市：住,10000,128,持分移轉,00440000
RPOQMLPKPHPFFFA78CB,學府段三小段,1.39,都市：住,10000,196,持分移轉,00340000
RPOQMLPKPHPFFFA78CB,學府段三小段,5.57,都市：住,10000,196,持分移轉,00360000
RPOQMLPKPHPFFFA78CB,學府段三小段,3.86,都市：住,10000,196,持分移轉,00370000
RPOQMLPKPHPFFFA78CB,學府段三小段,.05,都市：住,10000,196,持分移轉,00410002
RPOQMLPKPHPFFFA78CB,學府段三小段,6.24,都市：住,10000,196,持分移轉,00420000
RPOQMLPKPHPFFFA78CB,學府段三小段,3.55,都市：住,10000,196,持分移轉,00430000
RPOQMLPKPHPFFFA78CB,學府段三小段,2.43,都市：住,10000,196,持分移轉,00440000
RPPQMLPKPHPFFFA88CB,學府段三小段,1.39,都市：住,10000,196,持分移轉,00340000
RPPQMLPKPHPFFFA88CB,學府段三小段,5.57,都市：住,10000,196,持分移轉,00360000
RPPQMLPKPHPFFFA88CB,學府段三小段,3.86,都市：住,10000,196,持分移轉,00370000
RPPQMLPKPHPFFFA88CB,學府段三小段,.05,都市：住,10000,196,持分移轉,00410002
RPPQMLPKPHPFFFA88CB,學府段三小段,6.24,都市：住,10000,196,持分移轉,00420000
RPPQMLPKPHPFFFA88CB,學府段三小段,3.55,都市：住,10000,196,持分移轉,00430000
RPPQMLPKPHPFFFA88CB,學府段三小段,2.43,都市：住,10000,196,持分移轉,00440000
RPRRMLPKPHPFFFA56CB,學府段三小段,1.08,都市：住,10000,152,持分移轉,00340000
RPRRMLPKPHPFFFA56CB,學府段三小段,4.32,都市：住,10000,152,持分移轉,00360000
RPRRMLPKPHPFFFA56CB,學府段三小段,2.99,都市：住,10000,152,持分移轉,00370000
RPRRMLPKPHPFFFA56CB,學府段三小段,.04,都市：住,10000,152,持分移轉,00410002
RPRRMLPKPHPFFFA56CB,學府段三小段,4.84,都市：住,10000,152,持分移轉,00420000
RPRRMLPKPHPFFFA56CB,學府段三小段,2.75,都市：住,10000,152,持分移轉,00430000
RPRRMLPKPHPFFFA56CB,學府段三小段,1.88,都市：住,10000,152,持分移轉,00440000
RPRQMLPKPHPFFFA09CB,學府段三小段,.91,都市：住,10000,128,持分移轉,00340000
RPRQMLPKPHPFFFA09CB,學府段三小段,3.64,都市：住,10000,128,持分移轉,00360000
RPRQMLPKPHPFFFA09CB,學府段三小段,2.52,都市：住,10000,128,持分移轉,00370000
RPRQMLPKPHPFFFA09CB,學府段三小段,.03,都市：住,10000,128,持分移轉,00410002
RPRQMLPKPHPFFFA09CB,學府段三小段,4.08,都市：住,10000,128,持分移轉,00420000
RPRQMLPKPHPFFFA09CB,學府段三小段,2.32,都市：住,10000,128,持分移轉,00430000
RPRQMLPKPHPFFFA09CB,學府段三小段,1.59,都市：住,10000,128,持分移轉,00440000
RPURMLPKPHPFFFA86CB,學府段三小段,1.08,都市：住,10000,152,持分移轉,00340000
RPURMLPKPHPFFFA86CB,學府段三小段,4.32,都市：住,10000,152,持分移轉,00360000
RPURMLPKPHPFFFA86CB,學府段三小段,2.99,都市：住,10000,152,持分移轉,00370000
RPURMLPKPHPFFFA86CB,學府段三小段,.04,都市：住,10000,152,持分移轉,00410002
RPURMLPKPHPFFFA86CB,學府段三小段,4.84,都市：住,10000,152,持分移轉,00420000
RPURMLPKPHPFFFA86CB,學府段三小段,2.75,都市：住,10000,152,持分移轉,00430000
RPURMLPKPHPFFFA86CB,學府段三小段,1.88,都市：住,10000,152,持分移轉,00440000
RPTRMLPKPHPFFFA76CB,學府段三小段,1.08,都市：住,10000,152,持分移轉,00340000
RPTRMLPKPHPFFFA76CB,學府段三小段,4.32,都市：住,10000,152,持分移轉,00360000
RPTRMLPKPHPFFFA76CB,學府段三小段,2.99,都市：住,10000,152,持分移轉,00370000
RPTRMLPKPHPFFFA76CB,學府段三小段,.04,都市：住,10000,152,持分移轉,00410002
RPTRMLPKPHPFFFA76CB,學府段三小段,4.84,都市：住,10000,152,持分移轉,00420000
RPTRMLPKPHPFFFA76CB,學府段三小段,2.75,都市：住,10000,152,持分移轉,00430000
RPTRMLPKPHPFFFA76CB,學府段三小段,1.88,都市：住,10000,152,持分移轉,00440000
RPUQMLPKPHPFFFA76CB,學府段三小段,.91,都市：住,10000,128,持分移轉,00340000
RPUQMLPKPHPFFFA76CB,學府段三小段,3.64,都市：住,10000,128,持分移轉,00360000
RPUQMLPKPHPFFFA76CB,學府段三小段,2.52,都市：住,10000,128,持分移轉,00370000
RPUQMLPKPHPFFFA76CB,學府段三小段,.03,都市：住,10000,128,持分移轉,00410002
RPVRMLPKPHPFFFA96CB,學府段三小段,1.08,都市：住,10000,152,持分移轉,00340000
RPVRMLPKPHPFFFA96CB,學府段三小段,4.32,都市：住,10000,152,持分移轉,00360000
RPQRMLPKPHPFFFA09CB,學府段三小段,1.08,都市：住,10000,152,持分移轉,00340000
RPQRMLPKPHPFFFA09CB,學府段三小段,4.32,都市：住,10000,152,持分移轉,00360000
RPQRMLPKPHPFFFA09CB,學府段三小段,2.99,都市：住,10000,152,持分移轉,00370000
RPQRMLPKPHPFFFA09CB,學府段三小段,.04,都市：住,10000,152,持分移轉,00410002
RPQRMLPKPHPFFFA09CB,學府段三小段,4.84,都市：住,10000,152,持分移轉,00420000
RPQRMLPKPHPFFFA09CB,學府段三小段,2.75,都市：住,10000,152,持分移轉,00430000
RPQRMLPKPHPFFFA09CB,學府段三小段,1.88,都市：住,10000,152,持分移轉,00440000
RPVRMLPKPHPFFFA96CB,學府段三小段,2.99,都市：住,10000,152,持分移轉,00370000
RPVRMLPKPHPFFFA96CB,學府段三小段,.04,都市：住,10000,152,持分移轉,00410002
RPVRMLPKPHPFFFA96CB,學府段三小段,4.84,都市：住,10000,152,持分移轉,00420000
RPVRMLPKPHPFFFA96CB,學府段三小段,2.75,都市：住,10000,152,持分移轉,00430000
RPVRMLPKPHPFFFA96CB,學府段三小段,1.88,都市：住,10000,152,持分移轉,00440000
RPUQMLPKPHPFFFA76CB,學府段三小段,4.08,都市：住,10000,128,持分移轉,00420000
RPUQMLPKPHPFFFA76CB,學府段三小段,2.32,都市：住,10000,128,持分移轉,00430000
RPUQMLPKPHPFFFA76CB,學府段三小段,1.59,都市：住,10000,128,持分移轉,00440000
RPWRMLPKPHPFFFA07CB,學府段三小段,1.08,都市：住,10000,152,持分移轉,00340000
RPWRMLPKPHPFFFA07CB,學府段三小段,4.32,都市：住,10000,152,持分移轉,00360000
RPWRMLPKPHPFFFA07CB,學府段三小段,2.99,都市：住,10000,152,持分移轉,00370000
RPWRMLPKPHPFFFA07CB,學府段三小段,.04,都市：住,10000,152,持分移轉,00410002
RPWRMLPKPHPFFFA07CB,學府段三小段,4.84,都市：住,10000,152,持分移轉,00420000
RPWRMLPKPHPFFFA07CB,學府段三小段,2.75,都市：住,10000,152,持分移轉,00430000
RPWRMLPKPHPFFFA07CB,學府段三小段,1.88,都市：住,10000,152,持分移轉,00440000
RPSRMLPKPHPFFFA66CB,學府段三小段,1.08,都市：住,10000,152,持分移轉,00340000
RPSRMLPKPHPFFFA66CB,學府段三小段,4.32,都市：住,10000,152,持分移轉,00360000
RPSRMLPKPHPFFFA66CB,學府段三小段,2.99,都市：住,10000,152,持分移轉,00370000
RPSRMLPKPHPFFFA66CB,學府段三小段,.04,都市：住,10000,152,持分移轉,00410002
RPSRMLPKPHPFFFA66CB,學府段三小段,4.84,都市：住,10000,152,持分移轉,00420000
RPSRMLPKPHPFFFA66CB,學府段三小段,2.75,都市：住,10000,152,持分移轉,00430000
RPSRMLPKPHPFFFA66CB,學府段三小段,1.88,都市：住,10000,152,持分移轉,00440000
RPRQMLRKPHPFFCA09DB,中山段三小段,13.37,都市：商,10000,123,持分移轉,03250000
RPTQMLRKPHPFFCA66DB,中山段三小段,12.50,都市：商,10000,115,持分移轉,03250000
RPXRMLPKPHPFFFA17CB,學府段三小段,1.08,都市：住,10000,152,持分移轉,00340000
RPXRMLPKPHPFFFA17CB,學府段三小段,4.32,都市：住,10000,152,持分移轉,00360000
RPXRMLPKPHPFFFA17CB,學府段三小段,2.99,都市：住,10000,152,持分移轉,00370000
RPXRMLPKPHPFFFA17CB,學府段三小段,.04,都市：住,10000,152,持分移轉,00410002
RPXRMLPKPHPFFFA17CB,學府段三小段,4.84,都市：住,10000,152,持分移轉,00420000
RPXRMLPKPHPFFFA17CB,學府段三小段,2.75,都市：住,10000,152,持分移轉,00430000
RPXRMLPKPHPFFFA17CB,學府段三小段,1.88,都市：住,10000,152,持分移轉,00440000
RPVPMLRKPHPFFCA76DB,中山段三小段,13.37,都市：商,10000,123,持分移轉,03250000
RPURMLRKPHPFFCA86DB,中山段三小段,18.59,都市：商,10000,171,持分移轉,03250000
RPOSMLPKPHPFFFA98CB,學府段三小段,4.32,都市：住,10000,152,持分移轉,00360000
RPOSMLPKPHPFFFA98CB,學府段三小段,2.99,都市：住,10000,152,持分移轉,00370000
RPOSMLPKPHPFFFA98CB,學府段三小段,.04,都市：住,10000,152,持分移轉,00410002
RPOSMLPKPHPFFFA98CB,學府段三小段,4.84,都市：住,10000,152,持分移轉,00420000
RPOSMLPKPHPFFFA98CB,學府段三小段,2.75,都市：住,10000,152,持分移轉,00430000
RPOSMLPKPHPFFFA98CB,學府段三小段,1.88,都市：住,10000,152,持分移轉,00440000
RPOSMLPKPHPFFFA98CB,學府段三小段,1.08,都市：住,10000,152,持分移轉,00340000
RPVRMLRKPHPFFCA96DB,中山段三小段,18.59,都市：商,10000,171,持分移轉,03250000
RPXRMLRKPHPFFCA17DB,中山段三小段,18.15,都市：商,10000,167,持分移轉,03250000
RPOSMLRKPHPFFCA98DB,中山段三小段,16.63,都市：商,10000,153,持分移轉,03250000
RPUQMLRKPHPFFCA76DB,中山段三小段,20.65,都市：商,10000,190,持分移轉,03250000
RPXQMLRKPHPFFCA07DB,中山段三小段,14.35,都市：商,10000,132,持分移轉,03250000
RPSSMLRKPHPFFCA76DB,中山段三小段,16.20,都市：商,10000,149,持分移轉,03250000
RPPSMLRKPHPFFCA09DB,中山段三小段,15.11,都市：商,10000,139,持分移轉,03250000
RPPRMLRKPHPFFCA98DB,中山段三小段,12.39,都市：商,10000,114,持分移轉,03250000
RPVSMLRKPHPFFCA07DB,中山段三小段,13.04,都市：商,10000,120,持分移轉,03250000
RPQSMLRKPHPFFCA56DB,中山段三小段,15.87,都市：商,10000,146,持分移轉,03250000
RPXSMLRKPHPFFCA27DB,中山段三小段,8.37,都市：商,10000,77,持分移轉,03250000
RPUSMLRKPHPFFCA96DB,中山段三小段,14.67,都市：商,10000,135,持分移轉,03250000
RPOTMLRKPHPFFCA09DB,中山段三小段,13.37,都市：商,10000,123,持分移轉,03250000
RPQOMLMLPHPFFCA38DB,中山段三小段,12.39,都市：商,10000,114,持分移轉,03250000
RPVNMLOJQHPFFEA98CB,三合段,32.69,都市：住,100000,1171,持分移轉,00050000
RPROMLOJQHPFFEA68CB,三合段,43.99,都市：住,100000,1576,持分移轉,00050000
RPWNMLOJQHPFFEA09CB,三合段,32.69,都市：住,100000,1171,持分移轉,00050000
RPXNMLOJQHPFFEA56CB,三合段,32.72,都市：住,100000,1172,持分移轉,00050000
RPUOMLOJQHPFFEA98CB,三合段,28.39,都市：住,100000,1017,持分移轉,00050000
RPPOMLOJQHPFFEA48CB,三合段,32.72,都市：住,100000,1172,持分移轉,00050000
RPSOMLOJQHPFFEA78CB,三合段,28.39,都市：住,100000,1017,持分移轉,00050000
RPQOMLOJQHPFFEA58CB,三合段,26.60,都市：住,100000,953,持分移轉,00050000
RPXOMLOJQHPFFEA66CB,三合段,28.39,都市：住,100000,1017,持分移轉,00050000
RPTOMLOJQHPFFEA88CB,三合段,28.39,都市：住,100000,1017,持分移轉,00050000
RPQPMLOJQHPFFEA68CB,三合段,28.11,都市：住,100000,1007,持分移轉,00050000
RPSPMLOJQHPFFEA88CB,三合段,28.39,都市：住,100000,1017,持分移轉,00050000
RPRPMLOJQHPFFEA78CB,三合段,28.39,都市：住,100000,1017,持分移轉,00050000
RPVOMLOJQHPFFEA09CB,三合段,28.39,都市：住,100000,1017,持分移轉,00050000
RPVPMLOJQHPFFEA56CB,三合段,44.08,都市：住,100000,1579,持分移轉,00050000
RPUPMLOJQHPFFEA09CB,三合段,44.08,都市：住,100000,1579,持分移轉,00050000
RPTPMLOJQHPFFEA98CB,三合段,44.08,都市：住,100000,1579,持分移轉,00050000
RPPQMLOJQHPFFEA68CB,三合段,32.19,都市：住,100000,1153,持分移轉,00050000
RPOQMLOJQHPFFEA58CB,三合段,44.36,都市：住,100000,1589,持分移轉,00050000
RPWPMLOJQHPFFEA66CB,三合段,44.08,都市：住,100000,1579,持分移轉,00050000
RPXPMLOJQHPFFEA76CB,三合段,44.08,都市：住,100000,1579,持分移轉,00050000
RPTQMLOJQHPFFEA09CB,三合段,36.54,都市：住,100000,1309,持分移轉,00050000
RPQQMLOJQHPFFEA78CB,三合段,32.19,都市：住,100000,1153,持分移轉,00050000
RPRQMLOJQHPFFEA88CB,三合段,36.54,都市：住,100000,1309,持分移轉,00050000
RPVQMLOJQHPFFEA66CB,三合段,30.40,都市：住,100000,1089,持分移轉,00050000
RPSQMLOJQHPFFEA98CB,三合段,36.54,都市：住,100000,1309,持分移轉,00050000
RPQRMLOJQHPFFEA88CB,三合段,30.37,都市：住,100000,1088,持分移轉,00050000
RPSRMLOJQHPFFEA09CB,三合段,30.37,都市：住,100000,1088,持分移轉,00050000
RPORMLOJQHPFFEA68CB,三合段,30.37,都市：住,100000,1088,持分移轉,00050000
RPTRMLOJQHPFFEA56CB,三合段,21.22,都市：住,100000,760,持分移轉,00050000
RPWQMLOJQHPFFEA76CB,三合段,30.37,都市：住,100000,1088,持分移轉,00050000
RPPRMLOJQHPFFEA78CB,三合段,30.37,都市：住,100000,1088,持分移轉,00050000
RPURMLOJQHPFFEA66CB,三合段,21.22,都市：住,100000,760,持分移轉,00050000
RPVRMLOJQHPFFEA76CB,三合段,21.22,都市：住,100000,760,持分移轉,00050000
RPRRMLOJQHPFFEA98CB,三合段,30.37,都市：住,100000,1088,持分移轉,00050000
RPXRMLOJQHPFFEA96CB,三合段,21.22,都市：住,100000,760,持分移轉,00050000
RPPSMLOJQHPFFEA88CB,三合段,21.49,都市：住,100000,770,持分移轉,00050000
RPSSMLOJQHPFFEA56CB,三合段,30.37,都市：住,100000,1088,持分移轉,00050000
RPRSMLOJQHPFFEA09CB,三合段,21.49,都市：住,100000,770,持分移轉,00050000
RPWRMLOJQHPFFEA86CB,三合段,21.22,都市：住,100000,760,持分移轉,00050000
RPQSMLOJQHPFFEA98CB,三合段,21.49,都市：住,100000,770,持分移轉,00050000
RPWSMLOJQHPFFEA96CB,三合段,21.22,都市：住,100000,760,持分移轉,00050000
RPOSMLOJQHPFFEA78CB,三合段,21.49,都市：住,100000,770,持分移轉,00050000
RPVSMLOJQHPFFEA86CB,三合段,21.22,都市：住,100000,760,持分移轉,00050000
RPXSMLOJQHPFFEA07CB,三合段,21.49,都市：住,100000,770,持分移轉,00050000
RPTSMLOJQHPFFEA66CB,三合段,21.49,都市：住,100000,770,持分移轉,00050000
RPTTMLOJQHPFFEA76CB,三合段,30.57,都市：住,100000,1095,持分移轉,00050000
RPOTMLOJQHPFFEA88CB,三合段,21.49,都市：住,100000,770,持分移轉,00050000
RPUSMLOJQHPFFEA76CB,三合段,21.22,都市：住,100000,760,持分移轉,00050000
RPUTMLOJQHPFFEA86CB,三合段,30.57,都市：住,100000,1095,持分移轉,00050000
RPVTMLOJQHPFFEA96CB,三合段,30.57,都市：住,100000,1095,持分移轉,00050000
RPWTMLOJQHPFFEA07CB,三合段,30.57,都市：住,100000,1095,持分移轉,00050000
RPXTMLOJQHPFFEA17CB,三合段,30.57,都市：住,100000,1095,持分移轉,00050000
RPPTMLOJQHPFFEA98CB,三合段,21.49,都市：住,100000,770,持分移轉,00050000
RPSTMLOJQHPFFEA66CB,三合段,30.57,都市：住,100000,1095,持分移轉,00050000
RPPUMLOJQHPFFEA09CB,三合段,39.75,都市：住,100000,1424,持分移轉,00050000
RPRUMLOJQHPFFEA66CB,三合段,39.47,都市：住,100000,1414,持分移轉,00050000
RPQUMLOJQHPFFEA56CB,三合段,39.47,都市：住,100000,1414,持分移轉,00050000
RPRTMLOJQHPFFEA56CB,三合段,30.57,都市：住,100000,1095,持分移轉,00050000
RPSUMLOJQHPFFEA76CB,三合段,39.47,都市：住,100000,1414,持分移轉,00050000
RPOUMLOJQHPFFEA98CB,三合段,39.47,都市：住,100000,1414,持分移轉,00050000
RPTUMLOJQHPFFEA86CB,三合段,39.47,都市：住,100000,1414,持分移轉,00050000
RPSQMLPJQHPFFAA68CB,永昌段四小段,20.80,都市：住,100000,1060,持分移轉,00440000
RPUQMLPJQHPFFAA88CB,永昌段四小段,10.91,都市：住,100000,556,持分移轉,00440000
RPPNMLTJQHPFFBA58CB,雙園段二小段,18.91,都市：住,100000,3030,持分移轉,01500000
RPTQMLPJQHPFFAA78CB,永昌段四小段,20.80,都市：住,100000,1060,持分移轉,00440000
RPSNMLTJQHPFFBA88CB,雙園段二小段,18.91,都市：住,100000,3030,持分移轉,01500000
RPQNMLTJQHPFFBA68CB,雙園段二小段,19.23,都市：住,100000,3082,持分移轉,01500000
RPVQMLPJQHPFFAA98CB,永昌段四小段,20.72,都市：住,100000,1056,持分移轉,00400000
RPXNMLQLQHPFFCA76CB,潭美段四小段,1.45,都市：住,3100000,69261,持分移轉,05820000
RPRNMLTJQHPFFBA78CB,雙園段二小段,18.94,都市：住,100000,3036,持分移轉,01500000
RPXNMLQLQHPFFCA76CB,潭美段四小段,.16,都市：住,3100000,69261,持分移轉,05880000
RPXNMLQLQHPFFCA76CB,潭美段四小段,.22,都市：住,3100000,69261,持分移轉,05790002
RPXNMLQLQHPFFCA76CB,潭美段四小段,.25,都市：住,3100000,69261,持分移轉,05790004
RPXNMLQLQHPFFCA76CB,潭美段四小段,3.28,都市：住,3100000,69261,持分移轉,05800000
RPXNMLQLQHPFFCA76CB,潭美段四小段,1.61,都市：住,3100000,69261,持分移轉,05810000
RPXNMLQLQHPFFCA76CB,潭美段四小段,1.74,都市：住,3100000,69261,持分移轉,05840000
RPXNMLQLQHPFFCA76CB,潭美段四小段,.29,都市：住,3100000,69261,持分移轉,05860000
RPXNMLQLQHPFFCA76CB,潭美段四小段,.09,都市：住,3100000,69261,持分移轉,05870000
RPXNMLQLQHPFFCA76CB,潭美段四小段,2.97,都市：住,3100000,69261,持分移轉,05900000
RPXNMLQLQHPFFCA76CB,潭美段四小段,.69,都市：住,3100000,69261,持分移轉,05910000
RPXNMLQLQHPFFCA76CB,潭美段四小段,.56,都市：住,3100000,69261,持分移轉,05940000
RPXNMLQLQHPFFCA76CB,潭美段四小段,2.39,都市：住,3100000,69261,持分移轉,05960000
RPXNMLQLQHPFFCA76CB,潭美段四小段,4.20,都市：住,3100000,69261,持分移轉,05990000
RPXNMLQLQHPFFCA76CB,潭美段四小段,1.65,都市：住,3100000,69261,持分移轉,06000000
RPXNMLQLQHPFFCA76CB,潭美段四小段,4.60,都市：住,3100000,69261,持分移轉,06010000
RPXNMLQLQHPFFCA76CB,潭美段四小段,.22,都市：住,3100000,69261,持分移轉,06040000
RPXNMLQLQHPFFCA76CB,潭美段四小段,1.45,都市：住,3100000,69261,持分移轉,05830000
RPXNMLQLQHPFFCA76CB,潭美段四小段,3.11,都市：住,3100000,69261,持分移轉,05850000
RPXNMLQLQHPFFCA76CB,潭美段四小段,3.66,都市：住,3100000,69261,持分移轉,05950000
RPXNMLQLQHPFFCA76CB,潭美段四小段,.09,都市：住,3100000,69261,持分移轉,05890000
RPSOMLKKQHPFFCA28CB,金泰段,12.57,都市：商,100000,1229,持分移轉,00070003
RPXOMLQLQHPFFCA86CB,潭美段四小段,1.16,都市：住,100000,1777,持分移轉,05820000
RPXOMLQLQHPFFCA86CB,潭美段四小段,.12,都市：住,100000,1777,持分移轉,05880000
RPXOMLQLQHPFFCA86CB,潭美段四小段,.18,都市：住,100000,1777,持分移轉,05790002
RPXOMLQLQHPFFCA86CB,潭美段四小段,.20,都市：住,100000,1777,持分移轉,05790004
RPXOMLQLQHPFFCA86CB,潭美段四小段,2.61,都市：住,100000,1777,持分移轉,05800000
RPXOMLQLQHPFFCA86CB,潭美段四小段,1.28,都市：住,100000,1777,持分移轉,05810000
RPXOMLQLQHPFFCA86CB,潭美段四小段,1.39,都市：住,100000,1777,持分移轉,05840000
RPXOMLQLQHPFFCA86CB,潭美段四小段,.23,都市：住,100000,1777,持分移轉,05860000
RPXOMLQLQHPFFCA86CB,潭美段四小段,.07,都市：住,100000,1777,持分移轉,05870000
RPXOMLQLQHPFFCA86CB,潭美段四小段,2.36,都市：住,100000,1777,持分移轉,05900000
RPXOMLQLQHPFFCA86CB,潭美段四小段,.55,都市：住,100000,1777,持分移轉,05910000
RPXOMLQLQHPFFCA86CB,潭美段四小段,.44,都市：住,100000,1777,持分移轉,05940000
RPXOMLQLQHPFFCA86CB,潭美段四小段,1.90,都市：住,100000,1777,持分移轉,05960000
RPXOMLQLQHPFFCA86CB,潭美段四小段,3.34,都市：住,100000,1777,持分移轉,05990000
RPXOMLQLQHPFFCA86CB,潭美段四小段,1.31,都市：住,100000,1777,持分移轉,06000000
RPXOMLQLQHPFFCA86CB,潭美段四小段,3.66,都市：住,100000,1777,持分移轉,06010000
RPXOMLQLQHPFFCA86CB,潭美段四小段,.18,都市：住,100000,1777,持分移轉,06040000
RPXOMLQLQHPFFCA86CB,潭美段四小段,1.16,都市：住,100000,1777,持分移轉,05830000
RPXOMLQLQHPFFCA86CB,潭美段四小段,2.47,都市：住,100000,1777,持分移轉,05850000
RPXOMLQLQHPFFCA86CB,潭美段四小段,2.91,都市：住,100000,1777,持分移轉,05950000
RPXOMLQLQHPFFCA86CB,潭美段四小段,.07,都市：住,100000,1777,持分移轉,05890000
RPSPMLQLQHPFFCA09CB,潭美段四小段,1.16,都市：住,100000,1777,持分移轉,05820000
RPSPMLQLQHPFFCA09CB,潭美段四小段,.12,都市：住,100000,1777,持分移轉,05880000
RPSPMLQLQHPFFCA09CB,潭美段四小段,.18,都市：住,100000,1777,持分移轉,05790002
RPSPMLQLQHPFFCA09CB,潭美段四小段,.20,都市：住,100000,1777,持分移轉,05790004
RPSPMLQLQHPFFCA09CB,潭美段四小段,2.61,都市：住,100000,1777,持分移轉,05800000
RPSPMLQLQHPFFCA09CB,潭美段四小段,1.28,都市：住,100000,1777,持分移轉,05810000
RPSPMLQLQHPFFCA09CB,潭美段四小段,1.39,都市：住,100000,1777,持分移轉,05840000
RPSPMLQLQHPFFCA09CB,潭美段四小段,.23,都市：住,100000,1777,持分移轉,05860000
RPSPMLQLQHPFFCA09CB,潭美段四小段,.07,都市：住,100000,1777,持分移轉,05870000
RPSPMLQLQHPFFCA09CB,潭美段四小段,2.36,都市：住,100000,1777,持分移轉,05900000
RPSPMLQLQHPFFCA09CB,潭美段四小段,.55,都市：住,100000,1777,持分移轉,05910000
RPSPMLQLQHPFFCA09CB,潭美段四小段,.44,都市：住,100000,1777,持分移轉,05940000
RPSPMLQLQHPFFCA09CB,潭美段四小段,1.90,都市：住,100000,1777,持分移轉,05960000
RPSPMLQLQHPFFCA09CB,潭美段四小段,3.34,都市：住,100000,1777,持分移轉,05990000
RPSPMLQLQHPFFCA09CB,潭美段四小段,1.31,都市：住,100000,1777,持分移轉,06000000
RPSPMLQLQHPFFCA09CB,潭美段四小段,3.66,都市：住,100000,1777,持分移轉,06010000
RPSPMLQLQHPFFCA09CB,潭美段四小段,.18,都市：住,100000,1777,持分移轉,06040000
RPSPMLQLQHPFFCA09CB,潭美段四小段,1.16,都市：住,100000,1777,持分移轉,05830000
RPSPMLQLQHPFFCA09CB,潭美段四小段,2.47,都市：住,100000,1777,持分移轉,05850000
RPSPMLQLQHPFFCA09CB,潭美段四小段,2.91,都市：住,100000,1777,持分移轉,05950000
RPSPMLQLQHPFFCA09CB,潭美段四小段,.07,都市：住,100000,1777,持分移轉,05890000
RPQPMLQLQHPFFCA88CB,潭美段四小段,1.16,都市：住,3100000,55323,持分移轉,05820000
RPQPMLQLQHPFFCA88CB,潭美段四小段,.12,都市：住,3100000,55323,持分移轉,05880000
RPQPMLQLQHPFFCA88CB,潭美段四小段,.18,都市：住,3100000,55323,持分移轉,05790002
RPQPMLQLQHPFFCA88CB,潭美段四小段,.20,都市：住,3100000,55323,持分移轉,05790004
RPQPMLQLQHPFFCA88CB,潭美段四小段,2.62,都市：住,3100000,55323,持分移轉,05800000
RPQPMLQLQHPFFCA88CB,潭美段四小段,1.28,都市：住,3100000,55323,持分移轉,05810000
RPQPMLQLQHPFFCA88CB,潭美段四小段,1.39,都市：住,3100000,55323,持分移轉,05840000
RPQPMLQLQHPFFCA88CB,潭美段四小段,.23,都市：住,3100000,55323,持分移轉,05860000
RPQPMLQLQHPFFCA88CB,潭美段四小段,.07,都市：住,3100000,55323,持分移轉,05870000
RPQPMLQLQHPFFCA88CB,潭美段四小段,2.37,都市：住,3100000,55323,持分移轉,05900000
RPQPMLQLQHPFFCA88CB,潭美段四小段,.55,都市：住,3100000,55323,持分移轉,05910000
RPQPMLQLQHPFFCA88CB,潭美段四小段,.45,都市：住,3100000,55323,持分移轉,05940000
RPQPMLQLQHPFFCA88CB,潭美段四小段,1.91,都市：住,3100000,55323,持分移轉,05960000
RPQPMLQLQHPFFCA88CB,潭美段四小段,3.36,都市：住,3100000,55323,持分移轉,05990000
RPQPMLQLQHPFFCA88CB,潭美段四小段,1.32,都市：住,3100000,55323,持分移轉,06000000
RPQPMLQLQHPFFCA88CB,潭美段四小段,3.68,都市：住,3100000,55323,持分移轉,06010000
RPQPMLQLQHPFFCA88CB,潭美段四小段,.18,都市：住,3100000,55323,持分移轉,06040000
RPQPMLQLQHPFFCA88CB,潭美段四小段,1.16,都市：住,3100000,55323,持分移轉,05830000
RPQPMLQLQHPFFCA88CB,潭美段四小段,2.48,都市：住,3100000,55323,持分移轉,05850000
RPQPMLQLQHPFFCA88CB,潭美段四小段,2.93,都市：住,3100000,55323,持分移轉,05950000
RPQPMLQLQHPFFCA88CB,潭美段四小段,.07,都市：住,3100000,55323,持分移轉,05890000
RPSOMLSLQHPFFFA86CB,學府段三小段,14.65,都市：住,10000,576,持分移轉,00410001
RPSOMLSLQHPFFFA86CB,學府段三小段,.84,都市：住,10000,576,持分移轉,00420001
RPSOMLSLQHPFFFA86CB,學府段三小段,12.38,都市：住,10000,576,持分移轉,00410000
RPSNMLQLQHPFFBA78CB,臨沂段二小段,.00,都市：商,100000,617,持分移轉,03630000
RPSNMLQLQHPFFBA78CB,臨沂段二小段,.01,都市：商,100000,617,持分移轉,03630002
RPSNMLQLQHPFFBA78CB,臨沂段二小段,.74,都市：商,100000,617,持分移轉,03900001
RPSNMLQLQHPFFBA78CB,臨沂段二小段,.23,都市：商,100000,617,持分移轉,03900002
RPSNMLQLQHPFFBA78CB,臨沂段二小段,.07,都市：商,100000,617,持分移轉,03900008
RPSNMLQLQHPFFBA78CB,臨沂段二小段,.06,都市：商,100000,617,持分移轉,03910000
RPSNMLQLQHPFFBA78CB,臨沂段二小段,.15,都市：商,100000,617,持分移轉,03910003
RPSNMLQLQHPFFBA78CB,臨沂段二小段,.02,都市：商,100000,617,持分移轉,03910005
RPSNMLQLQHPFFBA78CB,臨沂段二小段,.06,都市：商,100000,617,持分移轉,03920002
RPSNMLQLQHPFFBA78CB,臨沂段二小段,.02,都市：商,100000,617,持分移轉,03920003
RPSNMLQLQHPFFBA78CB,臨沂段二小段,1.26,都市：商,100000,617,持分移轉,03950000
RPSNMLQLQHPFFBA78CB,臨沂段二小段,.02,都市：商,100000,617,持分移轉,03960000
RPSNMLQLQHPFFBA78CB,臨沂段二小段,.01,都市：商,100000,617,持分移轉,03970000
RPSNMLQLQHPFFBA78CB,臨沂段二小段,.90,都市：商,100000,617,持分移轉,03980000
RPSNMLQLQHPFFBA78CB,臨沂段二小段,.01,都市：商,100000,617,持分移轉,03980001
RPSNMLQLQHPFFBA78CB,臨沂段二小段,.10,都市：商,100000,617,持分移轉,03990000
RPSNMLQLQHPFFBA78CB,臨沂段二小段,.21,都市：商,100000,617,持分移轉,04000000
RPSNMLQLQHPFFBA78CB,臨沂段二小段,.95,都市：商,100000,617,持分移轉,04010000
RPQQMLQLQHPFFCA98CB,潭美段四小段,1.16,都市：住,3100000,55261,持分移轉,05820000
RPSNMLQLQHPFFBA78CB,臨沂段二小段,.05,都市：商,100000,617,持分移轉,04020000
RPQQMLQLQHPFFCA98CB,潭美段四小段,.12,都市：住,3100000,55261,持分移轉,05880000
RPSNMLQLQHPFFBA78CB,臨沂段二小段,7.00,都市：商,100000,617,持分移轉,04030000
RPQQMLQLQHPFFCA98CB,潭美段四小段,.18,都市：住,3100000,55261,持分移轉,05790002
RPSNMLQLQHPFFBA78CB,臨沂段二小段,3.37,都市：商,100000,617,持分移轉,04030003
RPQQMLQLQHPFFCA98CB,潭美段四小段,.20,都市：住,3100000,55261,持分移轉,05790004
RPSNMLQLQHPFFBA78CB,臨沂段二小段,.07,都市：商,100000,617,持分移轉,04040000
RPQQMLQLQHPFFCA98CB,潭美段四小段,2.62,都市：住,3100000,55261,持分移轉,05800000
RPSNMLQLQHPFFBA78CB,臨沂段二小段,.08,都市：商,100000,617,持分移轉,04040002
RPQQMLQLQHPFFCA98CB,潭美段四小段,1.28,都市：住,3100000,55261,持分移轉,05810000
RPSNMLQLQHPFFBA78CB,臨沂段二小段,.25,都市：商,100000,617,持分移轉,04050000
RPQQMLQLQHPFFCA98CB,潭美段四小段,1.39,都市：住,3100000,55261,持分移轉,05840000
RPSNMLQLQHPFFBA78CB,臨沂段二小段,.62,都市：商,100000,617,持分移轉,04060000
RPQQMLQLQHPFFCA98CB,潭美段四小段,.23,都市：住,3100000,55261,持分移轉,05860000
RPSNMLQLQHPFFBA78CB,臨沂段二小段,.79,都市：商,100000,617,持分移轉,04070000
RPQQMLQLQHPFFCA98CB,潭美段四小段,.07,都市：住,3100000,55261,持分移轉,05870000
RPSNMLQLQHPFFBA78CB,臨沂段二小段,.55,都市：商,100000,617,持分移轉,04080000
RPQQMLQLQHPFFCA98CB,潭美段四小段,2.37,都市：住,3100000,55261,持分移轉,05900000
RPSNMLQLQHPFFBA78CB,臨沂段二小段,.22,都市：商,100000,617,持分移轉,04090000
RPQQMLQLQHPFFCA98CB,潭美段四小段,.55,都市：住,3100000,55261,持分移轉,05910000
RPQQMLQLQHPFFCA98CB,潭美段四小段,.45,都市：住,3100000,55261,持分移轉,05940000
RPQQMLQLQHPFFCA98CB,潭美段四小段,1.91,都市：住,3100000,55261,持分移轉,05960000
RPQQMLQLQHPFFCA98CB,潭美段四小段,3.35,都市：住,3100000,55261,持分移轉,05990000
RPQQMLQLQHPFFCA98CB,潭美段四小段,1.32,都市：住,3100000,55261,持分移轉,06000000
RPQQMLQLQHPFFCA98CB,潭美段四小段,3.67,都市：住,3100000,55261,持分移轉,06010000
RPQQMLQLQHPFFCA98CB,潭美段四小段,.18,都市：住,3100000,55261,持分移轉,06040000
RPQQMLQLQHPFFCA98CB,潭美段四小段,1.16,都市：住,3100000,55261,持分移轉,05830000
RPQQMLQLQHPFFCA98CB,潭美段四小段,2.48,都市：住,3100000,55261,持分移轉,05850000
RPQQMLQLQHPFFCA98CB,潭美段四小段,2.92,都市：住,3100000,55261,持分移轉,05950000
RPQQMLQLQHPFFCA98CB,潭美段四小段,.07,都市：住,3100000,55261,持分移轉,05890000
RPXPMLQLQHPFFCA96CB,潭美段四小段,1.15,都市：住,100000,1775,持分移轉,05820000
RPXPMLQLQHPFFCA96CB,潭美段四小段,.12,都市：住,100000,1775,持分移轉,05880000
RPXPMLQLQHPFFCA96CB,潭美段四小段,.18,都市：住,100000,1775,持分移轉,05790002
RPXPMLQLQHPFFCA96CB,潭美段四小段,.20,都市：住,100000,1775,持分移轉,05790004
RPXPMLQLQHPFFCA96CB,潭美段四小段,2.61,都市：住,100000,1775,持分移轉,05800000
RPXPMLQLQHPFFCA96CB,潭美段四小段,1.28,都市：住,100000,1775,持分移轉,05810000
RPXPMLQLQHPFFCA96CB,潭美段四小段,1.38,都市：住,100000,1775,持分移轉,05840000
RPXPMLQLQHPFFCA96CB,潭美段四小段,.23,都市：住,100000,1775,持分移轉,05860000
RPXPMLQLQHPFFCA96CB,潭美段四小段,.07,都市：住,100000,1775,持分移轉,05870000
RPXPMLQLQHPFFCA96CB,潭美段四小段,2.36,都市：住,100000,1775,持分移轉,05900000
RPXPMLQLQHPFFCA96CB,潭美段四小段,.55,都市：住,100000,1775,持分移轉,05910000
RPXPMLQLQHPFFCA96CB,潭美段四小段,.44,都市：住,100000,1775,持分移轉,05940000
RPXPMLQLQHPFFCA96CB,潭美段四小段,1.90,都市：住,100000,1775,持分移轉,05960000
RPXPMLQLQHPFFCA96CB,潭美段四小段,3.34,都市：住,100000,1775,持分移轉,05990000
RPXPMLQLQHPFFCA96CB,潭美段四小段,1.31,都市：住,100000,1775,持分移轉,06000000
RPXPMLQLQHPFFCA96CB,潭美段四小段,3.66,都市：住,100000,1775,持分移轉,06010000
RPXPMLQLQHPFFCA96CB,潭美段四小段,.18,都市：住,100000,1775,持分移轉,06040000
RPUOMLSLQHPFFFA07CB,學府段三小段,16.05,都市：住,10000,631,持分移轉,00410001
RPXPMLQLQHPFFCA96CB,潭美段四小段,1.15,都市：住,100000,1775,持分移轉,05830000
RPXPMLQLQHPFFCA96CB,潭美段四小段,2.47,都市：住,100000,1775,持分移轉,05850000
RPXPMLQLQHPFFCA96CB,潭美段四小段,2.91,都市：住,100000,1775,持分移轉,05950000
RPXPMLQLQHPFFCA96CB,潭美段四小段,.07,都市：住,100000,1775,持分移轉,05890000
RPUOMLSLQHPFFFA07CB,學府段三小段,.92,都市：住,10000,631,持分移轉,00420001
RPUOMLSLQHPFFFA07CB,學府段三小段,13.57,都市：住,10000,631,持分移轉,00410000
RPTOMLSLQHPFFFA96CB,學府段三小段,16.05,都市：住,10000,631,持分移轉,00410001
RPVOMLSLQHPFFFA17CB,學府段三小段,15.14,都市：住,10000,595,持分移轉,00410001
RPTOMLSLQHPFFFA96CB,學府段三小段,.92,都市：住,10000,631,持分移轉,00420001
RPVOMLSLQHPFFFA17CB,學府段三小段,.87,都市：住,10000,595,持分移轉,00420001
RPTOMLSLQHPFFFA96CB,學府段三小段,13.57,都市：住,10000,631,持分移轉,00410000
RPVOMLSLQHPFFFA17CB,學府段三小段,12.79,都市：住,10000,595,持分移轉,00410000
RPXOMLSLQHPFFFA37CB,學府段三小段,10.68,都市：住,10000,420,持分移轉,00410001
RPXOMLSLQHPFFFA37CB,學府段三小段,.61,都市：住,10000,420,持分移轉,00420001
RPXOMLSLQHPFFFA37CB,學府段三小段,9.03,都市：住,10000,420,持分移轉,00410000
RPOPMLSLQHPFFFA56CB,學府段三小段,10.68,都市：住,10000,420,持分移轉,00410001
RPOPMLSLQHPFFFA56CB,學府段三小段,.61,都市：住,10000,420,持分移轉,00420001
RPOPMLSLQHPFFFA56CB,學府段三小段,9.03,都市：住,10000,420,持分移轉,00410000
RPPPMLSLQHPFFFA66CB,學府段三小段,10.68,都市：住,10000,420,持分移轉,00410001
RPPPMLSLQHPFFFA66CB,學府段三小段,.61,都市：住,10000,420,持分移轉,00420001
RPPPMLSLQHPFFFA66CB,學府段三小段,9.03,都市：住,10000,420,持分移轉,00410000
RPQPMLSLQHPFFFA76CB,學府段三小段,9.03,都市：住,10000,420,持分移轉,00410000
RPQPMLSLQHPFFFA76CB,學府段三小段,10.68,都市：住,10000,420,持分移轉,00410001
RPQPMLSLQHPFFFA76CB,學府段三小段,.61,都市：住,10000,420,持分移轉,00420001
RPSPMLSLQHPFFFA96CB,學府段三小段,13.91,都市：住,10000,647,持分移轉,00410000
RPRPMLSLQHPFFFA86CB,學府段三小段,16.04,都市：住,10000,746,持分移轉,00410000
RPSPMLSLQHPFFFA96CB,學府段三小段,16.46,都市：住,10000,647,持分移轉,00410001
RPSPMLSLQHPFFFA96CB,學府段三小段,.95,都市：住,10000,647,持分移轉,00420001
RPRPMLSLQHPFFFA86CB,學府段三小段,18.98,都市：住,10000,746,持分移轉,00410001
RPRPMLSLQHPFFFA86CB,學府段三小段,1.09,都市：住,10000,746,持分移轉,00420001
RPTPMLSLQHPFFFA07CB,學府段三小段,16.05,都市：住,10000,631,持分移轉,00410001
RPTPMLSLQHPFFFA07CB,學府段三小段,.92,都市：住,10000,631,持分移轉,00420001
RPTPMLSLQHPFFFA07CB,學府段三小段,13.57,都市：住,10000,631,持分移轉,00410000
RPXOMLMJRHPFFCA09DB,,21.31,都市：商,10000,196,持分移轉,03250000
RPWOMLMJRHPFFCA98DB,中山段三小段,22.39,都市：商,10000,206,持分移轉,03250000
RPPPMLMJRHPFFCA38DB,中山段三小段,19.78,都市：商,10000,182,持分移轉,03250000
RPUPMLSLQHPFFFA17CB,學府段三小段,16.03,都市：住,10000,630,持分移轉,00410001
RPUPMLSLQHPFFFA17CB,學府段三小段,.92,都市：住,10000,630,持分移轉,00420001
RPUPMLSLQHPFFFA17CB,學府段三小段,13.54,都市：住,10000,630,持分移轉,00410000
RPRPMLMJRHPFFCA58DB,中山段三小段,22.17,都市：商,10000,204,持分移轉,03250000
