﻿鄉鎮市區,交易標的,土地位置建物門牌,土地面積平方公尺,都市土地使用分區,非都市土地使用分區,非都市土地使用編定,租賃年月日,租賃筆棟數,租賃層次,總樓層數,建物型態,主要用途,主要建材,建築完成年月,建物總面積平方公尺,建物現況格局-房,建物現況格局-廳,建物現況格局-衛,建物現況格局-隔間,有無管理組織,有無附傢俱,總額元,單價元平方公尺,車位類別,車位面積平方公尺,車位總額元,備註,編號
The villages and towns urban district,transaction sign,land sector position building sector house number plate,land shifting total area square meter,the use zoning or compiles and checks,the non-metropolis land use district,non-metropolis land use,transaction year month and day,transaction pen number,shifting level,total floor number,building state,main use,main building materials,construction to complete the years,building shifting total area,Building present situation pattern - room,building present situation pattern - hall,building present situation pattern - health,building present situation pattern - compartmented,Whether there is manages the organization,Whether there is attaches the furniture,total price NTD,the unit price (NTD / square meter),the berth category,berth shifting total area square meter,the berth total price NTD,the note,serial number
中正區,建物,基隆市中正區調和街296號七樓之1,0.0,住,,,1090503,土地0建物1車位0,七層,14,住宅大樓(11層含以上有電梯),見其他登記事項,鋼筋混凝土造,1080212,136.8,3,2,2,有,有,有,12000,88,,0.0,0,,RPRNMLMKNHPFFBC18CC
中正區,建物,基隆市中正區調和街296號十樓之1,0.0,住,,,1090505,土地0建物1車位0,十層,14,住宅大樓(11層含以上有電梯),見其他登記事項,鋼筋混凝土造,1080212,136.8,3,2,2,有,有,有,12000,88,,0.0,0,,RPSNMLMKNHPFFBC28CC
中正區,建物,基隆市中正區祥豐街95號2樓之4,0.0,住,,,1090504,土地0建物1車位0,二層,7,公寓(5樓含以下無電梯),住家用,鋼筋混凝土造,0880510,33.43,1,1,1,有,有,有,6500,194,,0.0,0,,RPTNMLMKNHPFFBC38CC
信義區,建物,基隆市信義區仁一路41號,0.0,商,,,1090508,土地0建物1車位0,一層,5,公寓(5樓含以下無電梯),商業用,鋼筋混凝土造,0800720,120.53,1,1,1,有,無,有,6000,50,,0.0,0,,RPUNMLMKNHPFFBC48CC
七堵區,房地(土地+建物)+車位,基隆市七堵區明德二路15之43號4樓,17.77,住,,,1090413,土地1建物1車位1,四層,12,住宅大樓(11層含以上有電梯),住家用,鋼筋混凝土造,0840801,90.71,3,2,2,有,有,有,14000,154,坡道平面,12.11,0,車位B1-80號,RPPNMLMKNHPFFCC08CC
信義區,土地,福祿段347-2地號,106.0,商,,,1090514,土地5建物0車位0,,,其他,,,,0.0,0,0,0,有,無,無,50000,472,,0.0,0,含增建或未登記建物。；未登記錄物面積155.3平方公尺,RPRNMLOKNHPFFBC38CC
七堵區,土地,五堵段五堵北小段1072地號,4773.0,住,,,1090511,土地5建物0車位0,,,其他,,,,0.0,0,0,0,有,無,無,216575,45,,0.0,0,,RPRNMLKLNHPFFCC18CC
安樂區,房地(土地+建物),基隆市安樂區麥金路233號16樓,6.83,住,,,1090516,土地3建物1車位0,十六層,22,住宅大樓(11層含以上有電梯),見其他登記事項,鋼筋混凝土造,1050124,70.29,2,1,1,有,有,有,16000,228,,0.0,0,含管理費,RPXNMLKLNHPFFCC88DC
中正區,建物,基隆市中正區觀海街112號16樓,0.0,住,,,1090505,土地0建物1車位0,十六層,16,住宅大樓(11層含以上有電梯),住家用,鋼筋混凝土造,0880114,130.32,4,2,2,有,有,有,15000,115,,0.0,0,含管理費,RPTNMLLLNHPFFBC38CC
安樂區,建物,基隆市安樂區麥金路215號4樓,0.0,住,,,1090523,土地0建物1車位1,四層,18,住宅大樓(11層含以上有電梯),見其他登記事項,鋼筋混凝土造,1050124,86.77000000000001,2,1,1,有,有,有,16000,184,坡道平面,0.0,0,,RPWNMLPLNHPFFCC56CC
中正區,建物,基隆市中正區調和街296號7樓,0.0,住,,,1090512,土地0建物1車位0,七層,14,住宅大樓(11層含以上有電梯),見其他登記事項,鋼筋混凝土造,1080212,144.06,3,1,2,有,有,有,12000,83,,0.0,0,,RPTNMLQLNHPFFBC88CC
信義區,建物,基隆市信義區正信路39號1樓,0.0,住,,,1090517,土地0建物1車位0,一層,4,公寓(5樓含以下無電梯),住家用,鋼筋混凝土加強磚造,0640802,73.77,3,1,1,有,無,有,8000,108,,0.0,0,,RPOOMLSLNHPFFBC68CC
信義區,建物,基隆市信義區信二路36巷2號1樓,0.0,住,,,1090527,土地0建物1車位0,一層,5,公寓(5樓含以下無電梯),住家用,鋼筋混凝土造,0801228,35.13,1,1,1,有,無,有,10000,285,,0.0,0,,RPPNMLMJOHPFFBC08DC
仁愛區,房地(土地+建物),基隆市仁愛區仁愛區仁二路200號,76.0,商,,,1090515,土地1建物1車位0,一層,6,公寓(5樓含以下無電梯),商業用,鋼筋混凝土造,0700623,65.8,0,0,0,無,無,無,65500,995,,0.0,0,,RPUNMLNJOHPFFBC58CC
仁愛區,房地(土地+建物),基隆市仁愛區仁二路198號,82.0,商,,,1090515,土地2建物1車位0,一層,6,公寓(5樓含以下無電梯),商業用,鋼筋混凝土造,0700623,74.85,0,0,0,無,無,有,54500,728,,0.0,0,,RPWNMLNJOHPFFBC78CC
七堵區,房地(土地+建物),基隆市七堵區實踐路252號15樓,36.91,住,,,1090515,土地1建物1車位0,,15,住宅大樓(11層含以上有電梯),見其他登記事項,鋼筋混凝土造,1071212,171.6,4,2,2,有,無,無,19000,111,,0.0,0,,RPPNMLQJOHPFFCC48CC
七堵區,房地(土地+建物),基隆市七堵區實踐路252號3樓,36.91,住,,,1090527,土地1建物1車位0,三層,15,住宅大樓(11層含以上有電梯),見其他登記事項,鋼筋混凝土造,1071212,171.49,4,2,2,有,無,有,24000,140,,0.0,0,,RPQNMLQJOHPFFCC58CC
仁愛區,建物,基隆市仁愛區成功一路113巷62弄5號1樓,0.0,住,,,1090509,土地0建物1車位0,一層,2,公寓(5樓含以下無電梯),住家用,加強磚造,0580718,45.99,2,1,1,有,無,有,10000,217,,0.0,0,,RPXNMLSJOHPFFBC76CC
仁愛區,房地(土地+建物),基隆市仁愛區孝三路65巷22號,17.25,商,,,1090604,土地1建物1車位0,一層,3,公寓(5樓含以下無電梯),住家用,加強磚造,0460701,60.14,0,0,0,無,無,無,18000,299,,0.0,0,含增建或未登記建物。；增建防火巷,RPXNMLTJOHPFFBC86CC
仁愛區,建物,基隆市仁愛區仁一路203號1樓,0.0,商,,,1090523,土地0建物1車位0,一層,3,店面(店鋪),住商用,加強磚造,0521101,32.16,0,0,0,無,無,無,30000,933,,0.0,0,,RPWNMLTJOHPFFBC86DC
安樂區,房地(土地+建物),基隆市安樂區基金一路208巷138弄27號,25.33,住,,,1090614,土地2建物1車位0,三層,5,公寓(5樓含以下無電梯),住家用,鋼筋混凝土造,0831015,92.42,3,2,2,有,有,有,10500,114,,0.0,0,含管理費、稅金或水電等費用。；,RPRNMLPKOHPFFCC68CC
中正區,房地(土地+建物),基隆市中正區北寧路349號,36.6,商,,,1090605,土地2建物1車位0,一層,4,店面(店鋪),商業用,鋼筋混凝土造,0661208,113.48,1,1,1,有,無,有,22000,194,,0.0,0,,RPOOMLRKOHPFFBC58CC
安樂區,房地(土地+建物),基隆市安樂區基金一路112巷7之1號2樓,27.58,其他,,,1090620,土地8建物1車位0,二層,2,華廈(10層含以下有電梯),住家用,鋼筋混凝土造,0870302,119.41,2,2,2,有,有,有,12000,100,,0.0,0,含管理費、稅金或水電等費用。；,RPRNMLKLOHPFFCC28CC
暖暖區,建物,基隆市暖暖區碇內街396號5樓,0.0,住,,,1090527,土地0建物1車位0,五層,6,華廈(10層含以下有電梯),住家用,鋼筋混凝土造,0840808,91.3,3,2,1,有,有,有,8000,88,,0.0,0,基隆市都發處社會住宅包租代管計畫第二期,RPSNMLKLOHPFFCC38CC
安樂區,房地(土地+建物)+車位,基隆市安樂區樂利二街62巷249號3樓,21.4,住,,,1090620,土地2建物1車位1,三層,3,住宅大樓(11層含以上有電梯),住家用,鋼筋混凝土造,0880114,100.89,3,2,2,有,有,有,18000,178,坡道平面,27.44,0,,RPTNMLKLOHPFFCC48CC
安樂區,房地(土地+建物),基隆市安樂區基金一路214之15號12樓,28.27,住,,,1090621,土地1建物1車位0,十二層,12,住宅大樓(11層含以上有電梯),住家用,鋼筋混凝土造,0830310,161.94,3,2,2,有,有,有,16000,99,,0.0,0,含管理費、稅金或水電等費用。；,RPVNMLMLOHPFFCC88CC
安樂區,建物,基隆市安樂區武聖街162號5樓,0.0,住,,,1090528,土地0建物1車位0,五層,5,公寓(5樓含以下無電梯),住家用,鋼筋混凝土造,0790523,99.03999999999999,2,1,1,有,無,有,8000,81,,0.0,0,基隆市都發處社會住宅包租代管計畫第二期,RPXNMLMLOHPFFCC09CC
暖暖區,建物,基隆市暖暖區暖中路53之3號,0.0,住,,,1090529,土地0建物1車位0,四層,4,公寓(5樓含以下無電梯),住家用,鋼筋混凝土造,0700902,84.7,3,2,2,有,無,有,7800,92,,0.0,0,基隆市都發處社會住宅包租代管計畫第二期,RPPOMLMLOHPFFCC38CC
中山區,建物,基隆市中山區復興路212巷12弄31之2號,0.0,住,,,1090603,土地0建物1車位0,三層,5,公寓(5樓含以下無電梯),住家用,鋼筋混凝土造,0711209,89.14999999999999,3,2,1,有,無,有,8000,90,,0.0,0,基隆市都發處社會住宅包租代管計畫第二期,RPQOMLMLOHPFFCC48CC
七堵區,建物,基隆市七堵區八德路68號3樓,0.0,住,,,1090601,土地0建物1車位0,三層,4,公寓(5樓含以下無電梯),住家用,鋼筋混凝土造,0840929,142.62,3,2,2,有,無,無,12000,84,,0.0,0,基隆市都發處社會住宅包租代管計畫第二期,RPROMLMLOHPFFCC58CC
七堵區,建物,基隆市七堵區東新街17之2號,0.0,商,,,1090601,土地0建物1車位0,三層,4,公寓(5樓含以下無電梯),住家用,鋼筋混凝土加強磚造,0660709,63.36,2,1,1,有,無,有,9500,150,,0.0,0,基隆市都發處社會住宅包租代管計畫第二期,RPTOMLMLOHPFFCC78CC
暖暖區,建物,基隆市暖暖區碇內街305號3樓,0.0,住,,,1090527,土地0建物1車位0,三層,6,華廈(10層含以下有電梯),住家用,鋼筋混凝土造,0840517,98.86,3,2,2,有,有,有,5900,60,,0.0,0,基隆市都發處社會住宅包租代管計畫第二期,RPUOMLMLOHPFFCC88CC
暖暖區,建物,基隆市暖暖區碇內街446號3樓,0.0,住,,,1090603,土地0建物1車位0,三層,6,華廈(10層含以下有電梯),住家用,鋼筋混凝土造,0840808,91.27,2,2,1,有,有,有,6500,71,,0.0,0,基隆市都發處社會住宅包租代管計畫第二期,RPOPMLMLOHPFFCC38CC
暖暖區,建物,基隆市暖暖區碇內街267號4樓,0.0,住,,,1090604,土地0建物1車位0,四層,6,華廈(10層含以下有電梯),住家用,鋼筋混凝土造,0840808,109.06,3,1,2,有,有,無,7800,72,,0.0,0,基隆市都發處社會住宅包租代管計畫第二期,RPRPMLMLOHPFFCC68CC
安樂區,建物,基隆市安樂區安一路370巷15之1號,0.0,住,,,1090605,土地0建物1車位0,二層,4,公寓(5樓含以下無電梯),住家用,鋼筋混凝土加強磚造,0631213,73.93,2,1,1,有,無,無,10000,135,,0.0,0,基隆市都發處社會住宅包租代管計畫第二期,RPSPMLMLOHPFFCC78CC
中正區,建物,基隆市中正區祥豐街95號2樓之4,0.0,住,,,1090529,土地0建物1車位0,二層,7,華廈(10層含以下有電梯),住家用,鋼筋混凝土造,0880510,33.43,1,1,1,有,有,有,6100,182,,0.0,0,基隆市都發處社會住宅包租代管計畫第二期,RPWNMLMLOHPFFBC88CC
信義區,建物,基隆市信義區深澳坑路2之5號12樓之5,0.0,住,,,1090603,土地0建物1車位0,十二層,16,套房(1房1廳1衛),住家用,鋼筋混凝土造,0850426,41.55,1,1,1,有,有,有,6300,152,,0.0,0,基隆市都發處社會住宅包租代管計畫第二期,RPXNMLMLOHPFFBC98CC
信義區,建物,基隆市信義區深澳坑路2之5號7樓之21,0.0,住,,,1090604,土地0建物1車位0,七層,16,套房(1房1廳1衛),住家用,鋼筋混凝土造,0850426,46.6,1,1,1,有,有,有,7500,161,,0.0,0,基隆市都發處社會住宅包租代管計畫第二期,RPOOMLMLOHPFFBC18CC
中正區,建物,基隆市中正區立德路98之1號,0.0,住,,,1090609,土地0建物1車位0,二層,5,公寓(5樓含以下無電梯),住家用,鋼筋混凝土造,0711229,97.19,3,1,1,有,無,有,12000,123,,0.0,0,基隆市都發處社會住宅包租代管計畫第二期,RPPOMLMLOHPFFBC28CC
中正區,建物,基隆市中正區調和街296號10樓之1,0.0,住,,,1090615,土地0建物1車位0,十層,14,住宅大樓(11層含以上有電梯),見其他登記事項,鋼筋混凝土造,1080212,136.8,3,1,2,有,有,無,12000,88,,0.0,0,基隆市都發處社會住宅包租代管計畫第二期,RPQOMLMLOHPFFBC38CC
中正區,建物,基隆市中正區調和街296號7樓之1,0.0,住,,,1090615,土地0建物1車位0,七層,14,住宅大樓(11層含以上有電梯),見其他登記事項,鋼筋混凝土造,1080212,136.8,3,1,2,有,有,無,12000,88,,0.0,0,基隆市都發處社會住宅包租代管計畫第二期,RPXNMLNLOHPFFBC09CC
中正區,建物,基隆市中正區調和街296號7樓,0.0,住,,,1090615,土地0建物1車位0,七層,14,住宅大樓(11層含以上有電梯),見其他登記事項,鋼筋混凝土造,1080212,144.06,3,1,2,有,有,無,12000,83,,0.0,0,基隆市都發處社會住宅包租代管計畫第二期,RPOOMLNLOHPFFBC28CC
中正區,建物,基隆市中正區調和街296號10樓,0.0,住,,,1090615,土地0建物1車位0,十層,14,住宅大樓(11層含以上有電梯),見其他登記事項,鋼筋混凝土造,1080212,144.06,3,1,2,有,有,無,12000,83,,0.0,0,基隆市都發處社會住宅包租代管計畫第二期,RPPOMLNLOHPFFBC38CC
中正區,建物,基隆市中正區調和街296號11樓,0.0,住,,,1090615,土地0建物1車位0,十一層,14,住宅大樓(11層含以上有電梯),見其他登記事項,鋼筋混凝土造,1080212,144.06,3,1,2,有,有,無,12000,83,,0.0,0,基隆市都發處社會住宅包租代管計畫第二期,RPROMLNLOHPFFBC58CC
中正區,建物,基隆市中正區新豐街460之10號12樓,0.0,住,,,1090616,土地0建物1車位0,十二層,18,套房(1房1廳1衛),住家用,鋼筋混凝土造,0861121,39.61,1,1,1,有,有,有,7000,177,,0.0,0,基隆市都發處社會住宅包租代管計畫第二期,RPSOMLNLOHPFFBC68CC
中正區,建物,基隆市中正區調和街296號11樓之1,0.0,住,,,1090615,土地0建物1車位0,十一層,14,住宅大樓(11層含以上有電梯),見其他登記事項,鋼筋混凝土造,1080212,136.8,3,1,2,有,有,無,12000,88,,0.0,0,基隆市都發處社會住宅包租代管計畫第二期,RPRPMLNLOHPFFBC68CC
中正區,建物,基隆市中正區觀海街167號13樓,0.0,住,,,1090619,土地0建物1車位0,十三層,16,套房(1房1廳1衛),住家用,鋼筋混凝土造,0880114,30.9,1,1,1,有,有,有,5600,181,,0.0,0,基隆市都發處社會住宅包租代管計畫第二期,RPSPMLNLOHPFFBC78CC
信義區,建物,基隆市信義區福民街71巷4號4樓,0.0,住,,,1090622,土地0建物1車位0,四層,4,公寓(5樓含以下無電梯),住家用,鋼筋混凝土造,0740912,72.6,2,1,1,有,無,有,7900,109,,0.0,0,基隆市都發處社會住宅包租代管計畫第二期,RPUPMLNLOHPFFBC98CC
中正區,建物,基隆市中正區新豐街161巷98號,0.0,住,,,1090623,土地0建物1車位0,一層,7,華廈(10層含以下有電梯),見其他登記事項,鋼筋混凝土造,1051007,82.52,2,1,1,有,有,有,10000,121,,0.0,0,基隆市都發處社會住宅包租代管計畫第二期,RPWPMLNLOHPFFBC56CC
暖暖區,建物,基隆市暖暖區金華街267號4樓之10,0.0,住,,,1090611,土地0建物1車位0,四層,11,套房(1房1廳1衛),住家用,鋼筋混凝土造,0850105,35.239999999999995,1,1,1,有,有,有,6000,170,,0.0,0,基隆市都發處社會住宅包租代管計畫第二期,RPXNMLNLOHPFFCC56CC
暖暖區,建物,基隆市暖暖區碇內街262號4樓,0.0,住,,,1090618,土地0建物1車位0,四層,10,華廈(10層含以下有電梯),住家用,鋼筋混凝土造,0850217,99.98,2,1,1,有,有,有,8500,85,,0.0,0,基隆市都發處社會住宅包租代管計畫第二期,RPUOMLNLOHPFFCC98CC
中正區,房地(土地+建物),基隆市中正區信五路17號,11.2,商,,,1090622,土地2建物1車位0,一層,5,公寓(5樓含以下無電梯),商業用,鋼筋混凝土造,0720208,48.58,0,0,0,無,無,有,16000,329,,0.0,0,租期自109年9月1日至114年8月31日,RPQOMLNLOHPFFBC58DC
中正區,建物,基隆市中正區新豐街140號7樓,0.0,住,,,1090611,土地0建物1車位0,七層,7,華廈(10層含以下有電梯),住家用,鋼筋混凝土造,0850607,103.88,3,2,2,有,無,有,10000,96,,0.0,0,,RPPNMLPLOHPFFBC48CC
信義區,房地(土地+建物),基隆市信義區深溪路12號,172.0,住,,,1090619,土地1建物1車位0,一層,5,店面(店鋪),見其他登記事項,鋼筋混凝土造,1060410,88.32,0,0,0,無,無,有,50000,566,,0.0,0,含增建或未登記建物。；一樓空地增建。,RPQQMLMJPHPFFBC48CC
中正區,房地(土地+建物)+車位,基隆市中正區新豐街486之6號5樓,23.06,住,,,1090630,土地3建物1車位1,五層,17,住宅大樓(11層含以上有電梯),住家用,鋼筋混凝土造,0861121,147.84,3,2,2,有,有,有,15000,101,坡道平面,34.17,0,含管理費,RPUOMLSJPHPFFBC76DC
仁愛區,房地(土地+建物),基隆市仁愛區忠一路31號,40.0,商,,,1090709,土地2建物1車位0,一層,6,店面(店鋪),住商用,加強磚造,,174.02,0,0,0,無,無,無,115000,661,,0.0,0,,RPVOMLNKPHPFFBC98CC
安樂區,建物,基隆市安樂區樂利二街62巷210號,0.0,住,,,1090707,土地0建物1車位0,一層,13,店面(店鋪),商業用,鋼筋混凝土造,0880114,96.18,0,0,1,有,有,無,30000,312,,0.0,0,租金含管理費,RPQOMLOKPHPFFCC78DC
安樂區,建物,基隆市安樂區麥金路223號18樓,0.0,住,,,1090713,土地0建物1車位0,十八層,18,住宅大樓(11層含以上有電梯),見其他登記事項,鋼筋混凝土造,1050124,73.28,1,1,1,有,有,有,17300,236,,0.0,0,含管理費、稅金或水電等費用。；,RPROMLQKPHPFFCC09DC
安樂區,房地(土地+建物)+車位,基隆市安樂區武崙街155號6樓,31.98,住,,,1090626,土地1建物1車位1,六層,7,華廈(10層含以下有電梯),見其他登記事項,鋼筋混凝土造,1071009,125.39,2,1,1,有,有,有,14375,115,坡道平面,35.85,0,附屬設備項目如下：冷氣3台、排油煙機1台、流理台1件、熱水器1台及天然瓦斯。管理費及車位清潔費由承租方繳納：2125元/月不含在租金內,RPVOMLLLPHPFFCC98CC
信義區,房地(土地+建物),基隆市信義區信二路113號2樓,34.96,其他,,,1090629,土地2建物1車位0,二層,5,公寓(5樓含以下無電梯),住家用,鋼筋混凝土造,0721008,88.15,3,1,2,有,無,有,13000,147,,0.0,0,附屬設備項目如下：洗衣機兩台、冷氣兩台、流理臺、瓦斯爐及天然瓦斯。,RPWOMLLLPHPFFBC98CC
中正區,建物,基隆市中正區中正路656巷30號,0.0,住,,,1090624,土地0建物1車位0,一層,5,公寓(5樓含以下無電梯),住家用,鋼筋混凝土造,0680425,70.04,3,2,1,有,無,有,11500,164,,0.0,0,,RPOPMLLLPHPFFBC28CC
信義區,建物,基隆市信義區深溪路65號2樓之1,0.0,住,,,1090629,土地0建物1車位0,二層,7,套房(1房1廳1衛),住家用,鋼筋混凝土造,0880122,43.92,1,1,1,有,有,有,7000,159,,0.0,0,,RPOOMLMLPHPFFBC28CC
中正區,建物,基隆市中正區觀海街146號15樓,0.0,住,,,1090703,土地0建物1車位0,十五層,16,住宅大樓(11層含以上有電梯),住家用,鋼筋混凝土造,0880114,112.08,2,1,1,有,有,有,9000,80,,0.0,0,,RPPOMLMLPHPFFBC38CC
信義區,建物,基隆市信義區正信路6之21號4樓,0.0,住,,,1090713,土地0建物1車位0,四層,5,公寓(5樓含以下無電梯),住家用,鋼筋混凝土造,0730320,95.99,3,2,1,有,無,有,7000,73,,0.0,0,,RPQOMLMLPHPFFBC48CC
中正區,建物,基隆市中正區八斗街172號3樓,0.0,住,,,1090702,土地0建物1車位0,三層,5,公寓(5樓含以下無電梯),住家用,鋼筋混凝土造,0870831,123.72,3,2,2,有,無,有,8000,65,,0.0,0,,RPXPMLMLPHPFFBC66CC
中正區,建物,基隆市中正區信五路2巷28之2號,0.0,住,,,1090701,土地0建物1車位0,三層,5,公寓(5樓含以下無電梯),住家用,鋼筋混凝土造,0700701,82.2,5,1,1,有,無,有,13000,158,,0.0,0,,RPPQMLMLPHPFFBC58CC
中正區,建物,基隆市中正區觀海街96號7樓,0.0,住,,,1090701,土地0建物1車位0,七層,16,住宅大樓(11層含以上有電梯),住家用,鋼筋混凝土造,0880114,70.77,2,1,2,有,有,有,11000,155,,0.0,0,,RPQQMLMLPHPFFBC68CC
仁愛區,建物,基隆市仁愛區孝三路30巷24號3樓,0.0,住,,,1090703,土地0建物1車位0,三層,5,套房(1房1廳1衛),住家用,鋼筋混凝土造,0791124,37.7,1,1,1,有,無,有,7500,199,,0.0,0,,RPRQMLMLPHPFFBC78CC
信義區,建物,基隆市信義區深溪路55巷36號4樓之3,0.0,住,,,1090708,土地0建物1車位0,四層,7,華廈(10層含以下有電梯),住家用,鋼筋混凝土造,0880122,133.03,3,2,2,有,無,有,12000,90,,0.0,0,,RPTQMLMLPHPFFBC98CC
中正區,建物,基隆市中正區平一路23巷4號4樓,0.0,住,,,1090710,土地0建物1車位0,四層,5,公寓(5樓含以下無電梯),住家用,鋼筋混凝土造,0821202,96.04,3,2,2,有,無,有,8500,89,,0.0,0,,RPVQMLMLPHPFFBC56CC
中正區,建物,基隆市中正區立德路71號5樓,0.0,住,,,1090713,土地0建物1車位0,五層,5,公寓(5樓含以下無電梯),住家用,鋼筋混凝土造,0870521,92.61999999999999,3,2,2,有,無,有,7500,81,,0.0,0,,RPWQMLMLPHPFFBC66CC
中正區,建物,基隆市中正區立德路71之1號5樓,0.0,住,,,1090713,土地0建物1車位0,五層,5,公寓(5樓含以下無電梯),住家用,鋼筋混凝土造,0870521,92.71,3,2,2,有,無,有,7500,81,,0.0,0,,RPXQMLMLPHPFFBC76CC
中正區,建物,基隆市中正區武昌街70巷3之2號,0.0,住,,,1090715,土地0建物1車位0,三層,4,公寓(5樓含以下無電梯),住家用,鋼筋混凝土加強磚造,0640109,56.92,4,1,1,有,無,有,10500,184,,0.0,0,,RPORMLMLPHPFFBC58CC
信義區,建物,基隆市信義區仁一路7巷69號,0.0,商,,,1090720,土地0建物1車位0,一層,4,公寓(5樓含以下無電梯),住家用,鋼筋混凝土加強磚造,0610509,72.31,2,2,1,有,無,有,10000,138,,0.0,0,,RPPRMLMLPHPFFBC68CC
安樂區,建物,基隆市安樂區武嶺街291號7樓,0.0,住,,,1090710,土地0建物1車位0,七層,7,華廈(10層含以下有電梯),住家用,鋼筋混凝土造,0850216,108.05000000000001,2,1,1,有,無,有,9500,88,,0.0,0,,RPPPMLMLPHPFFCC58CC
安樂區,建物,基隆市安樂區武聖街28巷17號3樓,0.0,住,,,1090702,土地0建物1車位0,三層,5,公寓(5樓含以下無電梯),住家用,鋼筋混凝土造,0790915,100.61,3,2,1,有,無,有,9000,89,,0.0,0,,RPVPMLMLPHPFFCC56CC
暖暖區,建物,基隆市暖暖區碇內街196巷4號2樓,0.0,住,,,1090703,土地0建物1車位0,二層,4,公寓(5樓含以下無電梯),住家用,鋼筋混凝土造,0730112,82.44,2,2,1,有,無,有,10000,121,,0.0,0,,RPOQMLMLPHPFFCC58CC
安樂區,建物,基隆市安樂區安一路328之8號5樓,0.0,住,,,1090708,土地0建物1車位0,五層,5,公寓(5樓含以下無電梯),住家用,鋼筋混凝土造,0720719,88.7,3,1,1,有,無,有,7500,85,,0.0,0,,RPRQMLMLPHPFFCC88CC
暖暖區,建物,基隆市暖暖區碇內街194巷14號2樓,0.0,住,,,1090710,土地0建物1車位0,二層,5,公寓(5樓含以下無電梯),住家用,鋼筋混凝土造,0820910,83.53,3,1,1,有,無,有,8000,96,,0.0,0,,RPSQMLMLPHPFFCC98CC
七堵區,建物,基隆市七堵區百六街15之3號4樓,0.0,住,,,1090717,土地0建物1車位0,四層,5,公寓(5樓含以下無電梯),住家用,鋼筋混凝土造,0700617,90.3,3,2,1,有,無,有,9900,110,,0.0,0,,RPTQMLMLPHPFFCC09CC
信義區,房地(土地+建物),基隆市信義區義六路29號,42.3,住,,,1090722,土地1建物1車位0,見其他登記事項,5,公寓(5樓含以下無電梯),商業用,鋼筋混凝土造,0720729,119.32,5,2,1,有,無,有,30000,251,,0.0,0,,RPXNMLOLPHPFFBC76DC
信義區,建物,基隆市信義區深澳坑路2-5號5樓之9,0.0,住,,,1090703,土地0建物1車位0,五層,16,套房(1房1廳1衛),住家用,鋼筋混凝土造,0850426,41.879999999999995,1,1,1,有,有,有,6430,154,,0.0,0,108年度基隆市社會住宅包租代管第2期計畫,RPVNMLOLPHPFFBC09CC
信義區,建物,基隆市信義區深溪路38巷3-5號7樓,0.0,住,,,1090630,土地0建物1車位0,七層,10,華廈(10層含以下有電梯),見其他登記事項,鋼筋混凝土造,1061109,82.84,3,1,1,有,有,有,20000,241,,0.0,0,含管理費、稅金或水電等費用。；,RPSOMLTLPHPFFBC76CC
仁愛區,建物,基隆市仁愛區精一路19之1號,0.0,商,,,1090720,土地0建物1車位0,一層,6,店面(店鋪),商業用,鋼筋混凝土造,0700718,37.55,0,0,0,無,無,無,19000,506,,0.0,0,租期109.07.20-110.12.31,RPQOMLKMPHPFFBC38CC
安樂區,建物,基隆市安樂區麥金路175之8號12樓,0.0,住,,,1090713,土地0建物1車位0,十二層,12,套房(1房1廳1衛),住家用,鋼筋混凝土造,0860718,31.3,1,1,1,有,無,有,6500,208,,0.0,0,108年度基隆市社會住宅包租代管第2期計畫,RPPOMLQJQHPFFCC78CC
中山區,建物,基隆市中山區成功二路39之1號,0.0,住,,,1090724,土地0建物1車位0,二層,6,華廈(10層含以下有電梯),住家用,鋼筋混凝土造,0760612,81.74,3,2,1,有,無,有,10000,122,,0.0,0,108年度基隆社會住宅包租代管第2期計畫,RPQOMLQJQHPFFCC88CC
安樂區,建物,基隆市安樂區樂利三街236巷30之2號3樓,0.0,住,,,1090729,土地0建物1車位0,三層,5,公寓(5樓含以下無電梯),住家用,鋼筋混凝土造,0720913,78.23,3,2,1,有,無,有,9000,115,,0.0,0,108年度基隆社會住宅包租代管第2期計畫,RPXNMLRJQHPFFCC96CC
中山區,建物,基隆市中山區成功二路187之4號5樓,0.0,商,,,1090729,土地0建物1車位0,五層,5,公寓(5樓含以下無電梯),住家用,鋼筋混凝土造,0770112,64.96,3,1,1,有,無,有,6000,92,,0.0,0,108年度基隆社會住宅包租代管第2期計畫,RPOOMLRJQHPFFCC78CC
中正區,建物,基隆市中正區新豐街374號5樓,0.0,住,,,1090724,土地0建物1車位0,五層,15,住宅大樓(11層含以上有電梯),住家用,鋼筋混凝土造,0850309,81.61,2,2,1,有,有,有,10000,123,,0.0,0,含管理費,RPUNMLKKQHPFFBC58CC
中正區,建物,基隆市中正區新豐街303巷13弄23號5樓,0.0,住,,,1090806,土地0建物1車位0,五層,5,公寓(5樓含以下無電梯),住家用,鋼筋混凝土造,0851119,103.76,3,2,1,有,有,無,7000,67,,0.0,0,,RPVNMLKKQHPFFBC68CC
仁愛區,建物,基隆市仁愛區精一路19號,0.0,商,,,1090731,土地0建物1車位0,一層,6,店面(店鋪),商業用,鋼筋混凝土造,0700718,42.67,0,0,0,無,無,無,19000,445,,0.0,0,期間109年7月31日-110年12月31日,RPVNMLLKQHPFFBC78CC
中正區,建物,基隆市中正區祥豐街95號2樓之3,0.0,住,,,1090731,土地0建物1車位0,二層,7,套房(1房1廳1衛),住家用,鋼筋混凝土造,0880510,37.980000000000004,1,1,1,有,無,有,6000,158,,0.0,0,108年度基隆市社會住宅包租代管第2期計畫,RPWNMLPLQHPFFBC76CC
中正區,建物,基隆市中正區新豐街226號9樓,0.0,住,,,1090803,土地0建物1車位0,九層,23,套房(1房1廳1衛),住家用,鋼筋混凝土造,0851129,32.29,1,1,1,有,無,有,6000,186,,0.0,0,108年度基隆市社會住宅包租代管第2期計畫,RPXNMLPLQHPFFBC86CC
信義區,建物,基隆市信義區深澳坑路168巷50弄22號2樓,0.0,住,,,1090807,土地0建物1車位0,二層,4,公寓(5樓含以下無電梯),見其他登記事項,鋼筋混凝土造,0840610,70.37,3,2,2,有,無,有,8000,114,,0.0,0,108年度基隆市社會住宅包租代管第2期計畫,RPOOMLPLQHPFFBC68CC
中正區,建物,基隆市中正區新豐街460之12號18樓,0.0,住,,,1090810,土地0建物1車位0,十八層,18,套房(1房1廳1衛),住家用,鋼筋混凝土造,0861121,37.71,1,1,1,有,無,有,6500,172,,0.0,0,108年度基隆市社會住宅包租代管第2期計畫,RPSOMLPLQHPFFBC09CC
仁愛區,建物,基隆市仁愛區自來街32號3樓,0.0,商,,,1090723,土地0建物1車位0,三層,5,公寓(5樓含以下無電梯),國民住宅,鋼筋混凝土造,0751220,77.95,2,2,2,有,無,有,7000,90,,0.0,0,108年度基隆市社會住宅包租代管第2期計劃,RPTOMLPLQHPFFBC56CC
安樂區,建物,基隆市安樂區基金一路129巷2之12號5樓,0.0,住,,,1090810,土地0建物1車位0,五層,5,華廈(10層含以下有電梯),住家用,鋼筋混凝土造,0850410,105.81,2,2,2,有,無,有,12000,113,,0.0,0,108年度基隆市社會住宅包租代管第2期計畫,RPXNMLPLQHPFFCC96CC
安樂區,建物,基隆市安樂區麥金路447之4號5樓,0.0,住,,,1090811,土地0建物1車位0,五層,5,公寓(5樓含以下無電梯),住家用,鋼筋混凝土造,0720917,84.07,3,2,1,有,無,有,5000,59,,0.0,0,108年度基隆市社會住宅包租代管第2期計劃,RPXNMLRLQHPFFCC17CC
七堵區,建物,基隆市七堵區明德一路172巷16之11號4樓,0.0,住,,,1090814,土地0建物1車位0,四層,4,公寓(5樓含以下無電梯),住家用,鋼筋混凝土造,0680613,97.51,3,2,1,有,無,有,10000,103,,0.0,0,108年度基隆市社會住宅包租代管第2期計劃,RPOOMLRLQHPFFCC98CC
中山區,建物,基隆市中山區西定路447之2號3樓,0.0,住,,,1090814,土地0建物1車位0,三層,4,公寓(5樓含以下無電梯),住家用,鋼筋混凝土加強磚造,,45.33,2,2,1,有,無,有,7500,165,,0.0,0,108年度基隆市社會住宅包租代管第2期計劃,RPPOMLRLQHPFFCC09CC
七堵區,建物,基隆市七堵區福二街19之1號,0.0,住,,,1090731,土地0建物1車位0,二層,4,公寓(5樓含以下無電梯),住家用,鋼筋混凝土造,0680112,88.86,3,2,1,有,無,有,10000,113,,0.0,0,108年度基隆市社會住宅包租代管第2期計劃,RPROMLRLQHPFFCC66CC
七堵區,建物,基隆市七堵區崇廉街20巷54之3號,0.0,住,,,1090803,土地0建物1車位0,四層,4,公寓(5樓含以下無電梯),住家用,鋼筋混凝土造,0710426,92.52,3,1,1,有,無,有,13500,146,,0.0,0,108年度基隆市社會住宅包租代管第2期計劃,RPSOMLRLQHPFFCC76CC
中山區,建物,基隆市中山區成功二路187之1號2樓,0.0,商,,,1090804,土地0建物1車位0,二層,5,公寓(5樓含以下無電梯),住家用,鋼筋混凝土造,0770112,64.96,2,2,1,有,無,有,7000,108,,0.0,0,108年度基隆市社會住宅包租代管第2期計劃,RPTOMLRLQHPFFCC86CC
仁愛區,建物,基隆市仁愛區愛六路17號4樓之1,0.0,商,,,1090818,土地0建物1車位0,四層,5,公寓(5樓含以下無電梯),住家用,鋼筋混凝土造,0691212,82.68,3,2,1,有,無,有,10000,121,,0.0,0,108年度基隆市社會住宅包租代管第2期計劃,RPWOMLRLQHPFFBC07CC
信義區,建物,基隆市信義區正信路12巷2之2號,0.0,住,,,1090821,土地0建物1車位0,三層,5,套房(1房1廳1衛),住家用,鋼筋混凝土造,0710601,54.2,1,1,1,有,無,有,8000,148,,0.0,0,108年度基隆市社會住宅包租代管第2期計劃,RPRPMLRLQHPFFBC66CC
信義區,建物,基隆市信義區正信路39號,0.0,住,,,1090803,土地0建物1車位0,一層,4,公寓(5樓含以下無電梯),住家用,鋼筋混凝土加強磚造,0640802,73.77,3,1,1,有,無,有,8000,108,,0.0,0,108年度基隆市社會住宅包租代管第2期計劃,RPSPMLRLQHPFFBC76CC
仁愛區,建物,基隆市仁愛區南新街31巷6之2號3樓,0.0,住,,,1090807,土地0建物1車位0,三層,4,公寓(5樓含以下無電梯),住家用,鋼筋混凝土造,0710823,79.9,3,1,1,有,無,有,10000,125,,0.0,0,108年度基隆市社會住宅包租代管第2期計劃,RPXNMLSLQHPFFBC17CC
信義區,建物,基隆市信義區東明路39巷24號4樓,0.0,住,,,1090810,土地0建物1車位0,四層,5,公寓(5樓含以下無電梯),住家用,鋼筋混凝土造,0791019,130.78,4,2,2,有,無,有,13500,103,,0.0,0,108年度基隆市社會住宅包租代管第2期計劃,RPOOMLSLQHPFFBC98CC
信義區,建物,基隆市信義區東峰街14號5樓,0.0,住,,,1090810,土地0建物1車位0,五層,5,公寓(5樓含以下無電梯),住家用,鋼筋混凝土造,0821220,75.32,2,2,2,有,無,有,7000,93,,0.0,0,108年度基隆市社會住宅包租代管第2期計劃,RPPOMLSLQHPFFBC09CC
仁愛區,建物,基隆市仁愛區仁二路119巷54號,0.0,住,,,1090814,土地0建物1車位0,見其他登記事項,2,公寓(5樓含以下無電梯),住家用,磚造,0460601,102.21,3,1,2,有,無,有,13500,132,,0.0,0,108年度基隆市社會住宅包租代管第2期計劃,RPROMLSLQHPFFBC66CC
仁愛區,建物,基隆市仁愛區南榮路455巷26號,0.0,住,,,1090819,土地0建物1車位0,一層,4,公寓(5樓含以下無電梯),住家用,鋼筋混凝土加強磚造,0641007,76.56,3,2,1,有,無,有,13500,176,,0.0,0,108年度基隆市社會住宅包租代管第2期計劃,RPTOMLSLQHPFFBC86CC
七堵區,建物,基隆市七堵區明德一路32之3號,0.0,商,,,1090812,土地0建物1車位0,四層,5,公寓(5樓含以下無電梯),住家用,鋼筋混凝土造,0740731,108.38,2,1,1,有,無,有,13500,125,,0.0,0,108年度基隆市社會住宅包租代管第2期計劃,RPVNMLSLQHPFFCC07CC
七堵區,建物,基隆市七堵區明德二路1巷15號2樓,0.0,住,,,1090821,土地0建物1車位0,二層,5,公寓(5樓含以下無電梯),住家用,鋼筋混凝土造,0790531,69.28999999999999,2,1,1,有,無,有,10000,144,,0.0,0,108年度基隆市社會住宅包租代管第2期計劃,RPWNMLSLQHPFFCC17CC
中正區,房地(土地+建物),基隆市中正區新豐街333巷35號1樓,35.38,住,,,1090830,土地1建物1車位0,一層,9,華廈(10層含以下有電梯),住家用,鋼筋混凝土造,0841122,144.02,4,2,2,有,有,有,15000,104,,0.0,0,,RPROMLLMQHPFFBC78DC
暖暖區,建物,基隆市暖暖區碇內街199號4樓,0.0,住,,,1090825,土地0建物1車位0,四層,6,華廈(10層含以下有電梯),住家用,鋼筋混凝土造,0840808,110.84,3,1,2,有,無,有,10000,90,,0.0,0,108年度基隆市社會住宅包租代管第2期計劃,RPOOMLMJRHPFFCC38CC
信義區,建物,基隆市信義區東光路205巷51號2樓,0.0,住,,,1090814,土地0建物1車位0,二層,5,公寓(5樓含以下無電梯),住家用,鋼筋混凝土造,0841116,94.81,3,2,2,有,無,有,12000,127,,0.0,0,108年度基隆市社會住宅包租代管第2期計劃,RPVNMLMJRHPFFBC88CC
信義區,建物,基隆市信義區正信路227巷23弄48號3樓,0.0,住,,,1090807,土地0建物1車位0,三層,6,華廈(10層含以下有電梯),住家用,鋼筋混凝土造,0860607,100.64999999999999,3,2,2,有,無,有,13500,134,,0.0,0,108年度基隆市社會住宅包租代管第2期計畫,RPWNMLMJRHPFFBC98CC
信義區,建物,基隆市信義區東光路205巷29弄13號5樓,0.0,住,,,1090818,土地0建物1車位0,五層,5,公寓(5樓含以下無電梯),住家用,鋼筋混凝土造,0841116,98.45,3,2,2,有,無,有,12000,122,,0.0,0,108年度基隆市社會住宅包租代管第2期計劃,RPXNMLMJRHPFFBC09CC
安樂區,房地(土地+建物)+車位,基隆市安樂區基金一路214之15號12樓,28.27,住,,,1090621,土地1建物1車位1,十二層,12,住宅大樓(11層含以上有電梯),住家用,鋼筋混凝土造,0830310,161.94,3,2,2,有,有,有,16000,99,坡道平面,44.81,0,含管理費、稅金或水電等費用。；,RPROMLRJRHPFFCC56CC
七堵區,建物,基隆市七堵區明德一路41之2號,0.0,商,,,1090825,土地0建物1車位0,三層,5,公寓(5樓含以下無電梯),住家用,鋼筋混凝土造,0700528,87.07,3,1,1,有,無,有,8000,92,,0.0,0,108基隆市社會住宅包租代管第二期計畫,RPWOMLKKRHPFFCC09CC
