﻿編號,屋齡,建物移轉面積平方公尺,主要用途,主要建材,建築完成日期,總層數,建物分層
The serial number,room age,building shifting area square meter,the main use,main building materials,construction completes the date,total layer,building lamination
RPRNMLMKNHPFFBC18CC,1,93.61,集合住宅,鋼筋混凝土造,108年2月12日,十四層,
RPRNMLMKNHPFFBC18CC,1,17.53,本共有部分之項目有樓電梯間、梯廳、樓梯間、設備室、機械室及水箱等六項,鋼筋混凝土造,108年2月12日,十四層,
RPRNMLMKNHPFFBC18CC,1,25.66,本共有部分之項目有車道、住宅門廳、排煙室兼梯廳、樓電梯間、陽台、防空避難室兼停車空間、受電箱、安全梯、台電配電場所、電信室、機房、儲藏室、機械設備室、機械室、排煙室、樓梯間、貯藏室、管委會使用空間、門廳及住宅挑高門廳等二十項,鋼筋混凝土造,108年2月12日,十四層,
RPTNMLMKNHPFFBC38CC,21,25.41,住家用,鋼筋混凝土造,88年5月10日,七層,
RPTNMLMKNHPFFBC38CC,21,5.04,共用部份,鋼筋混凝土造,88年5月10日,七層,
RPTNMLMKNHPFFBC38CC,21,2.98,共用部份,鋼筋混凝土造,88年5月10日,七層,
RPPNMLMKNHPFFCC08CC,25,74.85,住家用,鋼筋混凝土造,84年8月1日,十二層,
RPPNMLMKNHPFFCC08CC,25,12.11,共用部份,鋼筋混凝土造,84年8月1日,十二層,
RPPNMLMKNHPFFCC08CC,25,3.75,共用部份,鋼筋混凝土造,84年8月1日,十二層,
RPWNMLPLNHPFFCC56CC,4,51.68,集合住宅,鋼筋混凝土造,105年1月24日,十八層,
RPWNMLPLNHPFFCC56CC,4,.50,本共有部分之項目為受水池、安全梯、受水池機房、社區水箱、迴廊等共５項。,鋼筋混凝土造,105年1月24日,二十三層,
RPWNMLPLNHPFFCC56CC,4,34.59,本共有部分之項目為排煙室、特別安全梯、緊急昇降機、機房、樓梯間、消防水箱、水箱、電梯機房、消防中繼機房、陽台、中繼室、中繼自來水箱、雨遮、中繼消防水箱、消防泵浦室、機電空間、安全梯  、發電機室、電信室、台電配電場所、大廳、行動不便者電梯、電梯  、１Ｆ門廳、２Ｆ門廳、３Ｆ門廳、台電管道間、消防幫浦室、泵浦  、走道、停車空間、配電箱、資源回收區、４Ｆ門廳、廚餘冷藏室、  不可回收垃圾區、緊急升降機、梯廳、電信機房、５Ｆ門廳、防空避難室兼停車空間、台電專用管道、雨水回收區、雨水收集槽、雨水回收及噴灌機房、６Ｆ門廳、游泳池及中庭景觀池機房、消防幫浦機房  、電信機房室、垃圾處理空間、７Ｆ門廳、機車位、社區中心、防災中心、水景機房等共５５項。,鋼筋混凝土造,105年1月24日,二十五層,
RPTNMLQLNHPFFBC88CC,1,98.37,集合住宅,鋼筋混凝土造,108年2月12日,十四層,
RPTNMLQLNHPFFBC88CC,1,18.47,本共有部分之項目有樓電梯間、梯廳、樓梯間、設備室、機械室及水箱等六項,鋼筋混凝土造,108年2月12日,十四層,
RPTNMLQLNHPFFBC88CC,1,27.22,本共有部分之項目有車道、住宅門廳、排煙室兼梯廳、樓電梯間、陽台、防空避難室兼停車空間、受電箱、安全梯、台電配電場所、電信室、機房、儲藏室、機械設備室、機械室、排煙室、樓梯間、貯藏室、管委會使用空間、門廳及住宅挑高門廳等二十項,鋼筋混凝土造,108年2月12日,十四層,
RPOOMLSLNHPFFBC68CC,45,73.77,住家用,鋼筋混凝土加強磚造,64年8月2日,四層,
RPTNMLLLNHPFFBC38CC,21,130.32,住家用,鋼筋混凝土造,88年1月14日,十六層,
RPPNMLMJOHPFFBC08DC,28,35.13,住家用,鋼筋混凝土造,80年12月28日,五層,
RPXNMLKLNHPFFCC88DC,4,49.55,集合住宅,鋼筋混凝土造,105年1月24日,二十二層,
RPXNMLKLNHPFFCC88DC,4,.48,本共有部分之項目為受水池、安全梯、受水池機房、社區水箱、迴廊等共５項。,鋼筋混凝土造,105年1月24日,二十三層,
RPXNMLKLNHPFFCC88DC,4,20.25,本共有部分之項目為排煙室、特別安全梯、緊急昇降機、機房、樓梯間、消防水箱、水箱、電梯機房、消防中繼機房、陽台、中繼室、中繼自來水箱、雨遮、中繼消防水箱、消防泵浦室、機電空間、安全梯  、發電機室、電信室、台電配電場所、大廳、行動不便者電梯、電梯  、１Ｆ門廳、２Ｆ門廳、３Ｆ門廳、台電管道間、消防幫浦室、泵浦  、走道、停車空間、配電箱、資源回收區、４Ｆ門廳、廚餘冷藏室、  不可回收垃圾區、緊急升降機、梯廳、電信機房、５Ｆ門廳、防空避難室兼停車空間、台電專用管道、雨水回收區、雨水收集槽、雨水回收及噴灌機房、６Ｆ門廳、游泳池及中庭景觀池機房、消防幫浦機房  、電信機房室、垃圾處理空間、７Ｆ門廳、機車位、社區中心、防災中心、水景機房等共５５項。,鋼筋混凝土造,105年1月24日,二十五層,
RPXNMLKLNHPFFCC88DC,4,.01,辦公室,鋼筋混凝土造,105年1月24日,,
RPUNMLNJOHPFFBC58CC,39,65.80,商業用,鋼筋混凝土造,70年6月23日,六層,
RPWNMLNJOHPFFBC78CC,39,74.85,商業用,鋼筋混凝土造,70年6月23日,六層,
RPQNMLQJOHPFFCC58CC,1,121.63,集合住宅,鋼筋混凝土造,107年12月12日,十五層,
RPQNMLQJOHPFFCC58CC,1,9.64,本建物共有部分之項目有停車空間、防空避難室兼停車空間等共２項,鋼筋混凝土造,107年12月12日,十五層,
RPQNMLQJOHPFFCC58CC,1,40.22,本建物共有部分之項目有蓄水池、樓電梯間、排煙室、梯廳、公共服務空間、梯間、水箱、電梯機房、消防水箱、陽台等共１０項。,鋼筋混凝土造,107年12月12日,十五層,
RPPNMLQJOHPFFCC48CC,1,121.63,集合住宅,鋼筋混凝土造,107年12月12日,十五層,
RPPNMLQJOHPFFCC48CC,1,9.64,本建物共有部分之項目有停車空間、防空避難室兼停車空間等共２項,鋼筋混凝土造,107年12月12日,十五層,
RPPNMLQJOHPFFCC48CC,1,40.33,本建物共有部分之項目有蓄水池、樓電梯間、排煙室、梯廳、公共服務空間、梯間、水箱、電梯機房、消防水箱、陽台等共１０項。,鋼筋混凝土造,107年12月12日,十五層,
RPXNMLSJOHPFFBC76CC,51,45.99,住家用,加強磚造,58年7月18日,二層,
RPWNMLTJOHPFFBC86DC,57,32.16,住商用,加強磚造,52年11月1日,三層,
RPOOMLRKOHPFFBC58CC,42,113.48,商業用,鋼筋混凝土造,66年12月8日,四層,
RPSNMLMKNHPFFBC28CC,1,93.61,集合住宅,鋼筋混凝土造,108年2月12日,十四層,
RPSNMLMKNHPFFBC28CC,1,17.53,本共有部分之項目有樓電梯間、梯廳、樓梯間、設備室、機械室及水箱等六項,鋼筋混凝土造,108年2月12日,十四層,
RPSNMLMKNHPFFBC28CC,1,25.66,本共有部分之項目有車道、住宅門廳、排煙室兼梯廳、樓電梯間、陽台、防空避難室兼停車空間、受電箱、安全梯、台電配電場所、電信室、機房、儲藏室、機械設備室、機械室、排煙室、樓梯間、貯藏室、管委會使用空間、門廳及住宅挑高門廳等二十項,鋼筋混凝土造,108年2月12日,十四層,
RPRNMLPKOHPFFCC68CC,26,92.42,住家用,鋼筋混凝土造,83年10月15日,五層,
RPRNMLKLOHPFFCC28CC,22,119.41,住家用,鋼筋混凝土造,87年3月2日,七層,
RPSNMLKLOHPFFCC38CC,25,68.36,住家用,鋼筋混凝土造,84年8月8日,六層,
RPSNMLKLOHPFFCC38CC,25,11.61,共用部份,鋼筋混凝土造,84年8月8日,六層,
RPSNMLKLOHPFFCC38CC,25,11.33,共用部份,鋼筋混凝土造,84年8月8日,六層,
RPVNMLMLOHPFFCC88CC,26,161.94,住家用,鋼筋混凝土造,83年3月10日,十二層,
RPTNMLKLOHPFFCC48CC,21,100.89,住家用,鋼筋混凝土造,88年1月14日,十三層,
RPXNMLMLOHPFFCC09CC,30,92.74,住家用,鋼筋混凝土造,79年5月23日,五層,
RPXNMLMLOHPFFCC09CC,30,6.30,共用部份,鋼筋混凝土造,79年5月23日,五層,
RPQOMLMLOHPFFCC48CC,37,80.96,住家用,鋼筋混凝土造,71年12月9日,五層,
RPQOMLMLOHPFFCC48CC,37,8.19,共用部份,鋼筋混凝土造,71年12月9日,五層,
RPPOMLMLOHPFFCC38CC,39,84.70,住家用,鋼筋混凝土造,70年9月2日,四層,
RPTOMLMLOHPFFCC78CC,43,63.36,住家用,鋼筋混凝土加強磚造,66年7月9日,四層,
RPROMLMLOHPFFCC58CC,25,137.27,住家用,鋼筋混凝土造,84年9月29日,四層,
RPROMLMLOHPFFCC58CC,25,5.35,共用部份,鋼筋混凝土造,84年9月29日,四層,
RPUOMLMLOHPFFCC88CC,25,71.19,住家用,鋼筋混凝土造,84年5月17日,六層,
RPUOMLMLOHPFFCC88CC,25,13.17,共用部份,鋼筋混凝土造,84年5月17日,六層,
RPUOMLMLOHPFFCC88CC,25,14.50,共用部份,鋼筋混凝土造,84年5月17日,六層,
RPOPMLMLOHPFFCC38CC,25,68.33,住家用,鋼筋混凝土造,84年8月8日,六層,
RPOPMLMLOHPFFCC38CC,25,11.61,共用部份,鋼筋混凝土造,84年8月8日,六層,
RPOPMLMLOHPFFCC38CC,25,11.33,共用部份,鋼筋混凝土造,84年8月8日,六層,
RPRPMLMLOHPFFCC68CC,25,16.17,共用部份,鋼筋混凝土造,84年8月8日,六層,
RPRPMLMLOHPFFCC68CC,25,12.76,共用部份,鋼筋混凝土造,84年8月8日,六層,
RPRPMLMLOHPFFCC68CC,25,80.13,住家用,鋼筋混凝土造,84年8月8日,六層,
RPSPMLMLOHPFFCC78CC,45,73.93,住家用,鋼筋混凝土加強磚造,63年12月13日,四層,
RPWNMLMLOHPFFBC88CC,21,25.41,住家用,鋼筋混凝土造,88年5月10日,七層,
RPWNMLMLOHPFFBC88CC,21,5.04,共用部份,鋼筋混凝土造,88年5月10日,七層,
RPWNMLMLOHPFFBC88CC,21,2.98,共用部份,鋼筋混凝土造,88年5月10日,七層,
RPXNMLMLOHPFFBC98CC,24,31.78,住家用,鋼筋混凝土造,85年4月26日,十六層,
RPXNMLMLOHPFFBC98CC,24,6.02,共用部份,鋼筋混凝土造,85年4月26日,十六層,
RPXNMLMLOHPFFBC98CC,24,3.75,共用部份,鋼筋混凝土造,85年4月26日,十六層,
RPQOMLMLOHPFFBC38CC,1,93.61,集合住宅,鋼筋混凝土造,108年2月12日,十四層,
RPQOMLMLOHPFFBC38CC,1,17.53,本共有部分之項目有樓電梯間、梯廳、樓梯間、設備室、機械室及水箱等六項,鋼筋混凝土造,108年2月12日,十四層,
RPQOMLMLOHPFFBC38CC,1,25.66,本共有部分之項目有車道、住宅門廳、排煙室兼梯廳、樓電梯間、陽台、防空避難室兼停車空間、受電箱、安全梯、台電配電場所、電信室、機房、儲藏室、機械設備室、機械室、排煙室、樓梯間、貯藏室、管委會使用空間、門廳及住宅挑高門廳等二十項,鋼筋混凝土造,108年2月12日,十四層,
RPPOMLMLOHPFFBC28CC,37,97.19,住家用,鋼筋混凝土造,71年12月29日,五層,
RPOOMLMLOHPFFBC18CC,24,36.50,住家用,鋼筋混凝土造,85年4月26日,十六層,
RPOOMLMLOHPFFBC18CC,24,6.25,共用部份,鋼筋混凝土造,85年4月26日,十六層,
RPOOMLMLOHPFFBC18CC,24,3.85,共用部份,鋼筋混凝土造,85年4月26日,十六層,
RPUNMLMKNHPFFBC48CC,29,117.44,商業用,鋼筋混凝土造,80年7月20日,五層,
RPUNMLMKNHPFFBC48CC,29,3.09,共用部份,鋼筋混凝土造,80年7月20日,五層,
RPXNMLNLOHPFFBC09CC,1,93.61,集合住宅,鋼筋混凝土造,108年2月12日,十四層,
RPXNMLNLOHPFFBC09CC,1,17.53,本共有部分之項目有樓電梯間、梯廳、樓梯間、設備室、機械室及水箱等六項,鋼筋混凝土造,108年2月12日,十四層,
RPXNMLNLOHPFFBC09CC,1,25.66,本共有部分之項目有車道、住宅門廳、排煙室兼梯廳、樓電梯間、陽台、防空避難室兼停車空間、受電箱、安全梯、台電配電場所、電信室、機房、儲藏室、機械設備室、機械室、排煙室、樓梯間、貯藏室、管委會使用空間、門廳及住宅挑高門廳等二十項,鋼筋混凝土造,108年2月12日,十四層,
RPOOMLNLOHPFFBC28CC,1,98.37,集合住宅,鋼筋混凝土造,108年2月12日,十四層,
RPOOMLNLOHPFFBC28CC,1,18.47,本共有部分之項目有樓電梯間、梯廳、樓梯間、設備室、機械室及水箱等六項,鋼筋混凝土造,108年2月12日,十四層,
RPOOMLNLOHPFFBC28CC,1,27.22,本共有部分之項目有車道、住宅門廳、排煙室兼梯廳、樓電梯間、陽台、防空避難室兼停車空間、受電箱、安全梯、台電配電場所、電信室、機房、儲藏室、機械設備室、機械室、排煙室、樓梯間、貯藏室、管委會使用空間、門廳及住宅挑高門廳等二十項,鋼筋混凝土造,108年2月12日,十四層,
RPPOMLNLOHPFFBC38CC,1,98.37,集合住宅,鋼筋混凝土造,108年2月12日,十四層,
RPPOMLNLOHPFFBC38CC,1,18.47,本共有部分之項目有樓電梯間、梯廳、樓梯間、設備室、機械室及水箱等六項,鋼筋混凝土造,108年2月12日,十四層,
RPPOMLNLOHPFFBC38CC,1,27.22,本共有部分之項目有車道、住宅門廳、排煙室兼梯廳、樓電梯間、陽台、防空避難室兼停車空間、受電箱、安全梯、台電配電場所、電信室、機房、儲藏室、機械設備室、機械室、排煙室、樓梯間、貯藏室、管委會使用空間、門廳及住宅挑高門廳等二十項,鋼筋混凝土造,108年2月12日,十四層,
RPROMLNLOHPFFBC58CC,1,98.37,集合住宅,鋼筋混凝土造,108年2月12日,十四層,
RPROMLNLOHPFFBC58CC,1,18.47,本共有部分之項目有樓電梯間、梯廳、樓梯間、設備室、機械室及水箱等六項,鋼筋混凝土造,108年2月12日,十四層,
RPROMLNLOHPFFBC58CC,1,27.22,本共有部分之項目有車道、住宅門廳、排煙室兼梯廳、樓電梯間、陽台、防空避難室兼停車空間、受電箱、安全梯、台電配電場所、電信室、機房、儲藏室、機械設備室、機械室、排煙室、樓梯間、貯藏室、管委會使用空間、門廳及住宅挑高門廳等二十項,鋼筋混凝土造,108年2月12日,十四層,
RPSOMLNLOHPFFBC68CC,23,30.16,住家用,鋼筋混凝土造,86年11月21日,十八層,
RPSOMLNLOHPFFBC68CC,23,6.83,共用部份,鋼筋混凝土造,86年11月21日,十八層,
RPSOMLNLOHPFFBC68CC,23,2.62,共用部份,鋼筋混凝土造,86年11月21日,二十一層,
RPRPMLNLOHPFFBC68CC,1,93.61,集合住宅,鋼筋混凝土造,108年2月12日,十四層,
RPRPMLNLOHPFFBC68CC,1,17.53,本共有部分之項目有樓電梯間、梯廳、樓梯間、設備室、機械室及水箱等六項,鋼筋混凝土造,108年2月12日,十四層,
RPRPMLNLOHPFFBC68CC,1,25.66,本共有部分之項目有車道、住宅門廳、排煙室兼梯廳、樓電梯間、陽台、防空避難室兼停車空間、受電箱、安全梯、台電配電場所、電信室、機房、儲藏室、機械設備室、機械室、排煙室、樓梯間、貯藏室、管委會使用空間、門廳及住宅挑高門廳等二十項,鋼筋混凝土造,108年2月12日,十四層,
RPSPMLNLOHPFFBC78CC,21,24.14,住家用,鋼筋混凝土造,88年1月14日,十六層,
RPSPMLNLOHPFFBC78CC,21,4.94,共用部份,鋼筋混凝土造,88年1月14日,十六層,
RPSPMLNLOHPFFBC78CC,21,.14,共用部份,鋼筋混凝土造,88年1月14日,十六層,
RPSPMLNLOHPFFBC78CC,21,.73,共用部份,鋼筋混凝土造,88年1月14日,十六層,
RPSPMLNLOHPFFBC78CC,21,.63,共用部份,鋼筋混凝土造,88年1月14日,十六層,
RPSPMLNLOHPFFBC78CC,21,.32,共用部份,鋼筋混凝土造,88年1月14日,十六層,
RPXNMLNLOHPFFCC56CC,24,13.52,共用部份,鋼筋混凝土造,85年1月5日,十一層,
RPXNMLNLOHPFFCC56CC,24,.17,共用部份,鋼筋混凝土造,85年1月5日,十一層,
RPXNMLNLOHPFFCC56CC,24,.40,共用部份,鋼筋混凝土造,85年1月5日,十一層,
RPXNMLNLOHPFFCC56CC,24,3.57,共用部份,鋼筋混凝土造,85年1月5日,十一層,
RPXNMLNLOHPFFCC56CC,24,17.58,住家用,鋼筋混凝土造,85年1月5日,十一層,
RPUPMLNLOHPFFBC98CC,35,64.38,住家用,鋼筋混凝土造,74年9月12日,四層,
RPUPMLNLOHPFFBC98CC,35,6.68,共用部份,鋼筋混凝土造,74年9月12日,四層,
RPUPMLNLOHPFFBC98CC,35,1.54,共用部份,鋼筋混凝土造,74年9月12日,四層,
RPWPMLNLOHPFFBC56CC,4,61.40,店舖,鋼筋混凝土造,105年10月7日,七層,
RPWPMLNLOHPFFBC56CC,4,21.12,本共有部分之項目有防空避難室兼停車場、水箱、配電室、機房、梯廳、車道、大廳、管委會使用空間、A‧B棟門廳、樓梯間及機械室等１１項,鋼筋混凝土造,105年10月7日,七層,
RPUOMLNLOHPFFCC98CC,24,74.53,住家用,鋼筋混凝土造,85年2月17日,十層,
RPUOMLNLOHPFFCC98CC,24,9.39,共用部份,鋼筋混凝土造,85年2月17日,十層,
RPUOMLNLOHPFFCC98CC,24,16.06,共用部份,鋼筋混凝土造,85年2月17日,十層,
RPQOMLNLOHPFFBC58DC,37,48.58,商業用,鋼筋混凝土造,72年2月8日,五層,
RPPNMLPLOHPFFBC48CC,24,103.88,住家用,鋼筋混凝土造,85年6月7日,七層,
RPUOMLSJPHPFFBC76DC,23,147.84,住家用,鋼筋混凝土造,86年11月21日,十七層,
RPQQMLMJPHPFFBC48CC,3,88.32,店舖,鋼筋混凝土造,106年4月10日,五層,
RPVOMLNKPHPFFBC98CC,,174.02,住商用,加強磚造,,六層,
RPROMLQKPHPFFCC09DC,4,73.28,集合住宅,鋼筋混凝土造,105年1月24日,十八層,
RPVOMLLLPHPFFCC98CC,2,125.39,集合住宅,鋼筋混凝土造,107年10月9日,七層,
RPPOMLMLPHPFFBC38CC,21,57.92,住家用,鋼筋混凝土造,88年1月14日,十六層,
RPPOMLMLPHPFFBC38CC,21,7.88,共用部份,鋼筋混凝土造,88年1月14日,十六層,
RPPOMLMLPHPFFBC38CC,21,.70,共用部份,鋼筋混凝土造,88年1月14日,十六層,
RPPOMLMLPHPFFBC38CC,21,2.10,共用部份,鋼筋混凝土造,88年1月14日,十六層,
RPPOMLMLPHPFFBC38CC,21,41.38,共用部份,鋼筋混凝土造,88年1月14日,十六層,
RPPOMLMLPHPFFBC38CC,21,1.41,共用部份,鋼筋混凝土造,88年1月14日,十六層,
RPPOMLMLPHPFFBC38CC,21,.69,共用部份,鋼筋混凝土造,88年1月14日,十六層,
RPOOMLMLPHPFFBC28CC,21,32.49,住家用,鋼筋混凝土造,88年1月22日,七層,
RPOOMLMLPHPFFBC28CC,21,5.76,共用部份,鋼筋混凝土造,88年1月22日,七層,
RPOOMLMLPHPFFBC28CC,21,3.99,共用部份,鋼筋混凝土造,88年1月22日,七層,
RPOOMLMLPHPFFBC28CC,21,.80,共用部份,鋼筋混凝土造,88年1月22日,七層,
RPOOMLMLPHPFFBC28CC,21,.88,共用部份,鋼筋混凝土造,88年1月22日,七層,
RPQOMLOKPHPFFCC78DC,21,96.18,商業用,鋼筋混凝土造,88年1月14日,十三層,
RPOPMLLLPHPFFBC28CC,41,70.04,住家用,鋼筋混凝土造,68年4月25日,五層,
RPWOMLLLPHPFFBC98CC,37,88.15,住家用,鋼筋混凝土造,72年10月8日,五層,
RPXPMLMLPHPFFBC66CC,22,107.02,住家用,鋼筋混凝土造,87年8月31日,五層,
RPXPMLMLPHPFFBC66CC,22,16.70,共用部份,鋼筋混凝土造,87年8月31日,五層,
RPQOMLMLPHPFFBC48CC,36,95.99,住家用,鋼筋混凝土造,73年3月20日,五層,
RPXNMLTJOHPFFBC86CC,63,60.14,住家用,加強磚造,46年7月1日,三層,
RPPQMLMLPHPFFBC58CC,39,82.20,住家用,鋼筋混凝土造,70年7月1日,五層,
RPQQMLMLPHPFFBC68CC,21,57.92,住家用,鋼筋混凝土造,88年1月14日,十六層,
RPQQMLMLPHPFFBC68CC,21,8.42,共用部份,鋼筋混凝土造,88年1月14日,十六層,
RPQQMLMLPHPFFBC68CC,21,2.33,共用部份,鋼筋混凝土造,88年1月14日,十六層,
RPQQMLMLPHPFFBC68CC,21,1.41,共用部份,鋼筋混凝土造,88年1月14日,十六層,
RPQQMLMLPHPFFBC68CC,21,.69,共用部份,鋼筋混凝土造,88年1月14日,十六層,
RPTQMLMLPHPFFBC98CC,21,79.53,住家用,鋼筋混凝土造,88年1月22日,七層,
RPTQMLMLPHPFFBC98CC,21,14.47,共用部份,鋼筋混凝土造,88年1月22日,七層,
RPTQMLMLPHPFFBC98CC,21,5.32,共用部份,鋼筋混凝土造,88年1月22日,七層,
RPTQMLMLPHPFFBC98CC,21,31.60,共用部份,鋼筋混凝土造,88年1月22日,七層,
RPTQMLMLPHPFFBC98CC,21,2.11,共用部份,鋼筋混凝土造,88年1月22日,七層,
RPWQMLMLPHPFFBC66CC,22,83.57,住家用,鋼筋混凝土造,87年5月21日,五層,
RPWQMLMLPHPFFBC66CC,22,9.05,共用部份,鋼筋混凝土造,87年5月21日,五層,
RPRQMLMLPHPFFBC78CC,30,37.70,住家用,鋼筋混凝土造,79年11月24日,五層,
RPVQMLMLPHPFFBC56CC,27,93.64,住家用,鋼筋混凝土造,82年12月2日,五層,
RPVQMLMLPHPFFBC56CC,27,2.40,共用部份,鋼筋混凝土造,82年12月2日,五層,
RPXQMLMLPHPFFBC76CC,22,83.66,住家用,鋼筋混凝土造,87年5月21日,五層,
RPXQMLMLPHPFFBC76CC,22,9.05,共用部份,鋼筋混凝土造,87年5月21日,五層,
RPORMLMLPHPFFBC58CC,46,56.92,住家用,鋼筋混凝土加強磚造,64年1月9日,四層,
RPPPMLMLPHPFFCC58CC,24,59.46,住家用,鋼筋混凝土造,85年2月16日,七層,
RPPPMLMLPHPFFCC58CC,24,48.59,共用部份,鋼筋混凝土造,85年2月16日,七層,
RPPRMLMLPHPFFBC68CC,48,72.31,住家用,鋼筋混凝土加強磚造,61年5月9日,四層,
RPVPMLMLPHPFFCC56CC,30,93.65,住家用,鋼筋混凝土造,79年9月15日,五層,
RPVPMLMLPHPFFCC56CC,30,6.96,共用部份,鋼筋混凝土造,79年9月15日,五層,
RPRQMLMLPHPFFCC88CC,37,88.70,住家用,鋼筋混凝土造,72年7月19日,五層,
RPSQMLMLPHPFFCC98CC,27,79.53,住家用,鋼筋混凝土造,82年9月10日,五層,
RPSQMLMLPHPFFCC98CC,27,4.00,共用部份,鋼筋混凝土造,82年9月10日,五層,
RPTQMLMLPHPFFCC09CC,39,90.30,住家用,鋼筋混凝土造,70年6月17日,五層,
RPXNMLOLPHPFFBC76DC,37,119.32,商業用,鋼筋混凝土造,72年7月29日,五層,
RPSOMLTLPHPFFBC76CC,3,55.06,集合住宅,鋼筋混凝土造,106年11月9日,十層,
RPSOMLTLPHPFFBC76CC,3,27.78,本共有部分之項目有防空避難室兼停車空間、台電配電室、梯廳、排煙室、昇降機、信箱區、公共陽台、泳池、泳池水箱、安全梯、水箱、機房、雨水機房、消防機房、供行動不便者使用樓梯、發電機室、垃圾儲藏室、電信機房、停車空間、供管委會使用空間、供行動不便者使用電梯、門廊、男廁、女廁、梯間、消防水箱及陽台等二十七項,鋼筋混凝土造,106年11月9日,十層,
RPQOMLKMPHPFFBC38CC,39,37.55,商業用,鋼筋混凝土造,70年7月18日,六層,
RPPOMLQJQHPFFCC78CC,23,23.91,住家用,鋼筋混凝土造,86年7月18日,十二層,
RPPOMLQJQHPFFCC78CC,23,.66,共用部份,鋼筋混凝土造,86年7月18日,四層,
RPPOMLQJQHPFFCC78CC,23,2.78,共用部份,鋼筋混凝土造,86年7月18日,十二層,
RPPOMLQJQHPFFCC78CC,23,3.95,共用部份,鋼筋混凝土造,86年7月18日,十二層,
RPUNMLKKQHPFFBC58CC,24,81.61,住家用,鋼筋混凝土造,85年3月9日,十五層,
RPVNMLLKQHPFFBC78CC,39,42.67,商業用,鋼筋混凝土造,70年7月18日,六層,
RPVNMLKKQHPFFBC68CC,24,103.76,住家用,鋼筋混凝土造,85年11月19日,五層,
RPWNMLPLQHPFFBC76CC,21,29.46,住家用,鋼筋混凝土造,88年5月10日,七層,
RPWNMLPLQHPFFBC76CC,21,5.84,共用部份,鋼筋混凝土造,88年5月10日,七層,
RPWNMLPLQHPFFBC76CC,21,2.68,共用部份,鋼筋混凝土造,88年5月10日,七層,
RPXNMLPLQHPFFBC86CC,24,24.89,住家用,鋼筋混凝土造,85年11月29日,二十三層,
RPXNMLPLQHPFFBC86CC,24,4.19,共用部份,鋼筋混凝土造,85年11月29日,二十三層,
RPXNMLPLQHPFFBC86CC,24,1.28,共用部份,鋼筋混凝土造,85年11月29日,二十三層,
RPXNMLPLQHPFFBC86CC,24,1.93,共用部份,鋼筋混凝土造,85年11月29日,二十三層,
RPOOMLPLQHPFFBC68CC,25,64.58,住宅（夾層）儲藏室,鋼筋混凝土造,84年6月10日,四層,
RPOOMLPLQHPFFBC68CC,25,4.84,共用部份,鋼筋混凝土造,84年6月10日,四層,
RPOOMLPLQHPFFBC68CC,25,.95,共用部份,鋼筋混凝土造,84年6月10日,五層,
RPSOMLPLQHPFFBC09CC,23,28.38,住家用,鋼筋混凝土造,86年11月21日,十八層,
RPSOMLPLQHPFFBC09CC,23,6.83,共用部份,鋼筋混凝土造,86年11月21日,十八層,
RPSOMLPLQHPFFBC09CC,23,2.50,共用部份,鋼筋混凝土造,86年11月21日,二十一層,
RPTOMLPLQHPFFBC56CC,34,77.95,國民住宅,鋼筋混凝土造,75年12月20日,五層,
RPXNMLRLQHPFFCC17CC,37,84.07,住家用,鋼筋混凝土造,72年9月17日,五層,
RPXNMLPLQHPFFCC96CC,24,67.16,住家用,鋼筋混凝土造,85年4月10日,五層,
RPXNMLPLQHPFFCC96CC,24,26.82,共用部份,鋼筋混凝土造,85年4月10日,五層,
RPXNMLPLQHPFFCC96CC,24,11.83,共用部份,鋼筋混凝土造,85年4月10日,五層,
RPQOMLQJQHPFFCC88CC,33,81.74,住家用,鋼筋混凝土造,76年6月12日,六層,
RPOOMLRLQHPFFCC98CC,41,97.51,住家用,鋼筋混凝土造,68年6月13日,四層,
RPPOMLRLQHPFFCC09CC,,45.33,住家用,鋼筋混凝土加強磚造,,四層,
RPVNMLOLPHPFFBC09CC,24,32.11,住家用,鋼筋混凝土造,85年4月26日,十六層,
RPVNMLOLPHPFFBC09CC,24,6.02,共用部份,鋼筋混凝土造,85年4月26日,十六層,
RPVNMLOLPHPFFBC09CC,24,3.75,共用部份,鋼筋混凝土造,85年4月26日,十六層,
RPROMLRLQHPFFCC66CC,42,88.86,住家用,鋼筋混凝土造,68年1月12日,四層,
RPSOMLRLQHPFFCC76CC,38,87.02,住家用,鋼筋混凝土造,71年4月26日,四層,
RPSOMLRLQHPFFCC76CC,38,5.50,共用部份,鋼筋混凝土造,71年4月26日,四層,
RPTOMLRLQHPFFCC86CC,33,64.96,住家用,鋼筋混凝土造,77年1月12日,五層,
RPXNMLRJQHPFFCC96CC,37,78.23,住家用,鋼筋混凝土造,72年9月13日,五層,
RPWOMLRLQHPFFBC07CC,40,82.68,住家用,鋼筋混凝土造,69年12月12日,五層,
RPOOMLRJQHPFFCC78CC,33,64.96,住家用,鋼筋混凝土造,77年1月12日,五層,
RPOQMLMLPHPFFCC58CC,36,82.44,住家用,鋼筋混凝土造,73年1月12日,四層,
RPRPMLRLQHPFFBC66CC,38,54.20,住家用,鋼筋混凝土造,71年6月1日,五層,
RPOOMLSLQHPFFBC98CC,30,120.16,住家用,鋼筋混凝土造,79年10月19日,五層,
RPOOMLSLQHPFFBC98CC,30,7.08,共用部份,鋼筋混凝土造,79年10月19日,五層,
RPOOMLSLQHPFFBC98CC,30,3.54,共用部份,鋼筋混凝土造,79年10月19日,五層,
RPSPMLRLQHPFFBC76CC,45,73.77,住家用,鋼筋混凝土加強磚造,64年8月2日,四層,
RPPOMLSLQHPFFBC09CC,,72.55,住家用,鋼筋混凝土造,,,
RPPOMLSLQHPFFBC09CC,,2.77,共用部份,鋼筋混凝土造,,,
RPXNMLSLQHPFFBC17CC,38,79.90,住家用,鋼筋混凝土造,71年8月23日,四層,
RPVNMLSLQHPFFCC07CC,35,108.38,住家用,鋼筋混凝土造,74年7月31日,五層,
RPTOMLSLQHPFFBC86CC,45,76.56,住家用,鋼筋混凝土加強磚造,64年10月7日,四層,
RPROMLSLQHPFFBC66CC,63,102.21,住家用,磚造,46年6月1日,二層,
RPROMLLMQHPFFBC78DC,25,144.02,住家用,鋼筋混凝土造,84年11月22日,九層,
RPWNMLSLQHPFFCC17CC,,64.80,,,,,
RPWNMLSLQHPFFCC17CC,,1.35,,,,,
RPWNMLSLQHPFFCC17CC,,3.14,,,,,
RPVNMLMJRHPFFBC88CC,25,94.81,住家用,鋼筋混凝土造,84年11月16日,五層,
RPWNMLMJRHPFFBC98CC,23,85.96,住家用,鋼筋混凝土造,86年6月7日,六層,
RPWNMLMJRHPFFBC98CC,23,11.02,共用部份,鋼筋混凝土造,86年6月7日,六層,
RPWNMLMJRHPFFBC98CC,23,3.67,共用部份,鋼筋混凝土造,86年6月7日,六層,
RPXNMLMJRHPFFBC09CC,25,98.45,住家用,鋼筋混凝土造,84年11月16日,五層,
RPWOMLKKRHPFFCC09CC,39,87.07,住家用,鋼筋混凝土造,70年5月28日,五層,
RPROMLRJRHPFFCC56CC,26,161.94,住家用,鋼筋混凝土造,83年3月10日,十二層,
RPOOMLMJRHPFFCC38CC,25,95.47,住家用,鋼筋混凝土造,84年8月8日,六層,
RPOOMLMJRHPFFCC38CC,25,15.37,共用部份,鋼筋混凝土造,84年8月8日,六層,
