﻿編號,土地位置,土地移轉面積(平方公尺),使用分區或編定,權利人持分分母,權利人持分分子,移轉情形,地號
The serial number, land position,land shifting area square meter,the use zoning or compiles and checks,,,,land parcel
RPXNMLLKNHPFFAD68CC,仁愛段,.00,都市：住,,,,00490002
RPXNMLLKNHPFFAD68CC,仁愛段,.00,都市：住,,,,00500007
RPQNMLLKNHPFFCD18CC,東光段,.00,都市：商,,,,00510008
RPPOMLLKNHPFFCD18CC,新興段,.00,都市：住,,,,02610000
RPSNMLLKNHPFFCD38CC,仁和段,.00,都市：住,,,,04820042
RPPNMLLKNHPFFAD87CC,永華段,27.70,都市：商,,,,04540000
RPSOMLLKNHPFFCD48CC,府東段,.00,都市：住,,,,04910000
RPSOMLLKNHPFFCD48CC,府東段,.00,都市：住,,,,04910001
RPROMLLKNHPFFCD38CC,虎尾寮段,.00,都市：住,,,,04610000
RPTNMLLKNHPFFKD66CC,永華段,.00,都市：住,,,,08860000
RPWNMLLKNHPFFCD78CC,虎尾寮段,.00,都市：住,,,,03740002
RPTOMLLKNHPFFCD58CC,水交社段,.00,都市：商,,,,00510000
RPWNMLLKNHPFFDD88CC,華城段,.00,都市：住,,,,05260000
RPUOMLLKNHPFFKD86CC,六甲頂段,5.45,都市：住,,,,08630000
RPQNMLMKNHPFFED48CC,頂豐段,482.07,非都市：鄉村區 ; 非都市編定：乙種建築用地,,,,00260000
RPQNMLMKNHPFFED48CC,頂豐段,479.35,非都市：鄉村區 ; 非都市編定：乙種建築用地,,,,00270000
RPSNMLMKNHPFFID09CC,清水段,.00,都市：住,,,,09380000
RPSNMLMKNHPFFID09CC,清水段,.00,都市：住,,,,09390000
RPSNMLMKNHPFFID09CC,清水段,.00,都市：住,,,,10000000
RPSOMLLKNHPFFKD66CC,永和段,.00,都市：商,,,,13110000
RPSNMLMKNHPFFID09CC,清水段,.00,都市：住,,,,10010000
RPSNMLMKNHPFFBD38CC,怡中段,.00,都市：住,,,,11100000
RPTNMLMKNHPFFID56CC,興安段,.00,都市：工,,,,09950000
RPSNMLMKNHPFFDD58CC,新東段,.00,非都市： ; 非都市編定：,,,,05830000
RPPNMLMKNHPFFCD18CC,虎尾寮段,.00,都市：住,,,,03660090
RPSNMLMKNHPFFCD48CC,育樂段,.00,都市：住,,,,03070000
RPOOMLMKNHPFFCD18CC,富農段,.00,都市：住,,,,00480000
RPOOMLMKNHPFFCD18CC,富農段,.00,都市：住,,,,00480001
RPRNMLMKNHPFFCD38CC,光明段,.00,都市：住,,,,05820013
RPUNMLMKNHPFFAD48CC,南門段,.00,都市：住,,,,19370000
RPVNMLMKNHPFFKD96CC,大灣段,.00,都市：商,,,,61770000
RPTOMLMKNHPFFAD48CC,金華段,86.00,都市：住,,,,00520010
RPWNMLMKNHPFFCD88CC,公英段,.00,都市：住,,,,02280000
RPUNMLNKNHPFFAD58CC,青年段,.00,都市：商,,,,02540000
RPUNMLNKNHPFFAD58CC,青年段,.00,都市：商,,,,02550000
RPUNMLNKNHPFFAD58CC,青年段,.00,都市：商,,,,02560000
RPUNMLMKNHPFFCD68CC,富農段,.00,都市：住,,,,17400000
RPUNMLMKNHPFFCD68CC,富農段,.00,都市：住,,,,17400001
RPQOMLNKNHPFFAD28CC,金華段,.00,都市：商,,,,00640025
RPXNMLNKNHPFFAD88CC,開元段,.00,都市：其他:市場用地,,,,04310001
RPXNMLNKNHPFFCD09CC,大山段,.00,都市：住,,,,03880000
RPWNMLNKNHPFFAD78CC,北元段,.00,都市：住,,,,03400000
RPSOMLNKNHPFFAD48CC,公園段,.00,都市：商,,,,02790000
RPPOMLNKNHPFFCD38CC,德高段,.00,都市：住,,,,04650181
RPQNMLNKNHPFFKD56CC,大灣段,16.94,都市：住,,,,68780000
RPROMLNKNHPFFCD58CC,大林段,.00,都市：住,,,,06430000
RPROMLNKNHPFFCD58CC,大林段,.00,都市：住,,,,06430001
RPWNMLNKNHPFFKD17CC,中興段,.00,都市：住,,,,04980000
RPSNMLNKNHPFFBD48CC,幸福段,78.99,都市：住,,,,07790000
RPVNMLNKNHPFFBD78CC,海佃段,87.67,都市：住,,,,16150000
RPWNMLNKNHPFFBD88CC,海東段,.00,都市：住,,,,02010000
RPOOMLOKNHPFFBD28CC,天馬段,.00,都市：住,,,,01130000
RPTOMLOKNHPFFHD76CC,信義段,.00,都市：住,,,,07510000
RPQOMLNKNHPFFID09CC,白崙段,.00,都市：商,,,,00890031
RPRNMLOKNHPFFID56CC,清王段,.00,都市：住,,,,05760000
RPWNMLOKNHPFFHD96CC,三德段,.00,都市：住,,,,04760000
RPRNMLOKNHPFFKD76CC,成功段,.00,都市：住,,,,07110000
RPWNMLOKNHPFFKD27CC,六合段,.00,都市：住,,,,00860000
RPTNMLOKNHPFFBD68CC,安中段,.00,都市：住,,,,05510004
RPWOMLOKNHPFFCD56CC,竹篙厝段,.00,都市：住,,,,21630001
RPPPMLOKNHPFFCD58CC,竹篙厝段,.00,都市：住,,,,13500000
RPQPMLOKNHPFFCD68CC,龍泉段,.00,都市：商,,,,12920000
RPQPMLOKNHPFFCD68CC,龍泉段,.00,都市：住,,,,12960000
RPSPMLOKNHPFFCD88CC,東安段,.00,都市：住,,,,00060000
RPVOMLOKNHPFFAD88CC,中山段,.00,都市：商,,,,06490000
RPWOMLOKNHPFFAD98CC,金華段,.00,都市：住,,,,00360001
RPTOMLOKNHPFFAD68CC,五條港段,74.07,都市：住,,,,00960000
RPPPMLPKNHPFFAD48CC,華興段,.00,都市：住,,,,07230003
RPPPMLPKNHPFFAD48CC,華興段,.00,都市：住,,,,07230004
RPUOMLOKNHPFFAD78CC,開元段,.00,都市：商,,,,06270008
RPXOMLPKNHPFFAD56CC,金華段,33.11,都市：住,,,,00910006
RPXNMLPKNHPFFCD66CC,富農段,.00,都市：住,,,,04540000
RPQPMLPKNHPFFAD58CC,南門段,.00,都市：住,,,,21030000
RPROMLPKNHPFFID76CC,中清段,.00,都市：工,,,,02470051
RPVOMLSKNHPFFCD86CC,東寧段,.00,都市：住,,,,04340000
RPWNMLPKNHPFFBD09CC,中洲段,.00,都市：住,,,,00480000
RPVNMLPKNHPFFDD56CC,長榮段,74.31,都市：住,,,,03640000
RPVNMLSKNHPFFCD76CC,竹篙厝段,.00,都市：住,,,,18780000
RPQNMLPKNHPFFCD58CC,鹽埕段,.00,都市：住,,,,31080059
RPWOMLSKNHPFFCD96CC,東寧段,.00,都市：住,,,,04350000
RPPPMLSKNHPFFCD98CC,龍泉段,.00,都市：商,,,,03840000
RPTNMLSKNHPFFAD98CC,金華段,.00,都市：住,,,,00140000
RPQNMLSKNHPFFKD07CC,大灣段,.00,都市：住,,,,47560028
RPUOMLSKNHPFFAD56CC,武聖段,87.44,都市：住,,,,13140000
RPVPMLSKNHPFFAD76CC,漁光段,.00,都市：商,,,,08690000
RPWOMLTKNHPFFCD07CC,竹篙厝段,92.00,都市：商,,,,40140002
RPQOMLSKNHPFFAD78CC,北華段,.00,都市：住,,,,05200000
RPPOMLTKNHPFFAD78CC,大豐段,.00,都市：其他:部分住宅區 部分商業區,,,,14110000
RPPOMLTKNHPFFAD78CC,大豐段,.00,都市：住,,,,14120000
RPTOMLKLNHPFFCD58CC,育樂段,.00,都市：住,,,,03070000
RPQQMLSKNHPFFAD98CC,華興段,.00,都市：住,,,,07490000
RPXOMLTKNHPFFBD07CC,溪東段,.00,都市：住,,,,10840000
RPWOMLTKNHPFFBD96CC,溪東段,.00,都市：住,,,,10840000
RPRNMLKLNHPFFAD08CC,觀音段,5.19,都市：商,,,,03060000
RPQPMLLLNHPFFAD28CC,延平段,.00,都市：住,,,,10090055
RPPOMLKLNHPFFCD18CC,東光段,15.56,都市：住,,,,02900000
RPVPMLLLNHPFFAD78CC,星鑽段,.00,都市：住,,,,02340000
RPXPMLLLNHPFFAD98CC,星鑽段,.00,都市：商,,,,19290000
RPPQMLLLNHPFFAD28CC,漁光段,.00,都市：商,,,,08660000
RPTQMLLLNHPFFAD68CC,裕民段,.00,都市：住,,,,07110005
RPSQMLLLNHPFFAD58CC,裕民段,.00,都市：住,,,,07110005
RPRPMLLLNHPFFCD58CC,立德段,.00,都市：商,,,,00620000
RPROMLLLNHPFFCD48CC,鹽埕段,.00,都市：商,,,,19570006
RPROMLLLNHPFFCD48CC,鹽埕段,.00,都市：商,,,,19570007
RPVNMLLLNHPFFID76CC,媽祖廟段,.00,非都市：特定農業區 ; 非都市編定：甲種建築用地,,,,21180019
RPPOMLMLNHPFFID98CC,二空段,.00,都市：住,,,,08170000
RPWNMLMLNHPFFKD17CC,五王段,.00,都市：住,,,,05200000
RPUOMLLLNHPFFKD96CC,六合段,.00,都市：住,,,,08870000
RPUOMLLLNHPFFKD96CC,六合段,.00,都市：住,,,,08880000
RPXNMLMLNHPFFKD27CC,兵北段,.00,都市：住,,,,05670000
RPSOMLLLNHPFFKD76CC,兵北段,.00,都市：住,,,,01350000
RPOOMLMLNHPFFKD09CC,大灣段,.00,都市：住,,,,69250002
RPPPMLMLNHPFFCD48CC,東光段,.00,都市：住,,,,02860000
RPTNMLMLNHPFFAD48CC,銀同段,.00,都市：商,,,,00590000
RPTNMLMLNHPFFAD48CC,銀同段,.00,都市：商,,,,00600000
RPTNMLMLNHPFFAD48CC,銀同段,.00,都市：商,,,,00610000
RPXNMLMLNHPFFCD09CC,竹篙厝段,.00,都市：商,,,,16780014
RPQOMLMLNHPFFKD66CC,鹽埕段,.00,都市：住,,,,04150033
RPVOMLMLNHPFFAD78CC,星鑽段,.00,都市：商,,,,18530000
RPRNMLNLNHPFFKD76CC,市政段,1375.42,都市：住,,,,02750000
RPRNMLNLNHPFFKD76CC,市政段,191.60,都市：住,,,,02760000
RPSNMLPLNHPFFCD88CC,竹篙厝段,.00,都市：住,,,,33420000
RPOOMLMLNHPFFAD08CC,三民段,.00,都市：商,,,,00460000
RPQPMLMLNHPFFAD38CC,星鑽段,.00,都市：商,,,,18300000
RPQPMLMLNHPFFAD38CC,星鑽段,.00,都市：商,,,,18400000
RPUOMLPLNHPFFCD56CC,裕東段,.00,都市：住,,,,11840026
RPSNMLPLNHPFFAD68CC,南門段,12.31,都市：住,,,,18530000
RPWOMLPLNHPFFCD76CC,虎尾寮段,.00,都市：商,,,,05910021
RPUNMLPLNHPFFAD88CC,延平段,28.96,都市：住,,,,15170001
RPTNMLPLNHPFFKD17CC,鹽新段,28.50,都市：住,,,,11320000
RPXOMLPLNHPFFCD86CC,竹篙厝段,.00,都市：商,,,,37240000
RPVNMLPLNHPFFAD98CC,北安段,19.86,都市：商,,,,00500094
RPTOMLPLNHPFFAD88CC,正興段,22.25,都市：商,,,,12450000
RPPPMLPLNHPFFAD58CC,金華段,.00,都市：住,,,,00410058
RPQNMLQLNHPFFHD66CC,大榮段,80.42,都市：住,,,,02950000
RPXOMLPLNHPFFAD66CC,金華段,.00,都市：住,,,,01110000
RPVOMLPLNHPFFAD09CC,金華段,.00,都市：住,,,,00910002
RPSNMLPLNHPFFID86CC,歸仁北段,94.00,都市：商,,,,11300078
RPRNMLQLNHPFFHD76CC,圳西段,11.32,都市：住,,,,03370000
RPRNMLQLNHPFFHD76CC,圳西段,10.48,都市：住,,,,02700000
RPUNMLPLNHPFFID07CC,歸仁北段,80.00,都市：住,,,,05720002
RPUNMLPLNHPFFID07CC,歸仁北段,7.00,都市：住,,,,05730014
RPQOMLQLNHPFFAD68CC,立人段,136.00,都市：住,,,,15020000
RPQOMLQLNHPFFAD68CC,立人段,136.00,都市：住,,,,15030000
RPPOMLQLNHPFFAD58CC,星鑽段,.00,都市：商,,,,17540000
RPPOMLQLNHPFFAD58CC,星鑽段,.00,都市：商,,,,17550000
RPRNMLQLNHPFFAD68CC,青年段,.00,都市：商,,,,03830000
RPRNMLQLNHPFFAD68CC,青年段,.00,都市：商,,,,04060000
RPRNMLQLNHPFFAD68CC,青年段,.00,都市：商,,,,04070000
RPRNMLQLNHPFFAD68CC,青年段,.00,都市：商,,,,04090000
RPOOMLRLNHPFFAD58CC,保安段,.00,都市：住,,,,60000025
RPSNMLRLNHPFFCD09CC,鹽埕段,190.00,都市：其他:空白,,,,00010134
RPSNMLRLNHPFFCD09CC,鹽埕段,48.00,都市：其他:空白,,,,00010346
RPXNMLRLNHPFFAD76CC,實踐段,99.39,都市：住,,,,05840000
RPVNMLRLNHPFFCD76CC,公英段,.00,都市：住,,,,02120000
RPUNMLRLNHPFFKD47CC,兵南段,.00,都市：商,,,,00840000
RPWNMLRLNHPFFCD86CC,鹽埕段,81.00,都市：住,,,,02410031
RPWNMLSLNHPFFBD86CC,原佃段,2500.00,都市：其他:空白,,,,00960000
RPWNMLSLNHPFFBD86CC,原佃段,98.11,都市：其他:空白,,,,00960001
RPWNMLSLNHPFFBD86CC,原佃段,842.81,都市：其他:空白,,,,00220000
RPWNMLSLNHPFFBD86CC,原佃段,201.16,都市：其他:空白,,,,00220002
RPTNMLRLNHPFFKD37CC,六甲頂段,.00,都市：住,,,,10910000
RPSOMLSLNHPFFGD17DC,佳化段,1355.00,非都市：特定農業區 ; 非都市編定：農牧用地,,,,14790000
RPTNMLTLNHPFFFD07CC,港子頭段,82.00,非都市：特定農業區 ; 非都市編定：甲種建築用地,,,,05930002
RPUOMLTLNHPFFBD86CC,安慶段,.00,都市：住,,,,13340000
RPWNMLRLNHPFFID47CC,正義段,.00,都市：住,,,,03380000
RPWNMLRLNHPFFID47CC,正義段,.00,都市：住,,,,03390000
RPXNMLTLNHPFFKD97CC,六甲頂段,.00,都市：住,,,,11180000
RPXNMLTLNHPFFKD97CC,六甲頂段,.00,都市：住,,,,11190000
RPXNMLTLNHPFFKD97CC,六甲頂段,.00,都市：住,,,,11200000
RPUOMLTLNHPFFID57CC,後壁段,.00,都市：住,,,,11530000
RPUPMLTLNHPFFCD07CC,虎尾寮段,15.93,都市：商,,,,05910021
RPRPMLTLNHPFFCD76CC,龍泉段,.00,都市：商,,,,13130000
RPWPMLTLNHPFFCD27CC,竹篙厝段,.00,都市：住,,,,27880006
RPXPMLTLNHPFFCD37CC,虎尾寮段,.00,都市：住,,,,03660028
RPVOMLTLNHPFFAD86CC,永華段,.00,都市：商,,,,02310000
RPVOMLTLNHPFFAD86CC,永華段,.00,都市：商,,,,02320000
RPVOMLTLNHPFFAD86CC,永華段,.00,都市：商,,,,02350000
RPOPMLTLNHPFFAD88CC,新南段,5.20,都市：商,,,,00780006
RPRNMLKMNHPFFCD38CC,鹽埕段,21.86,都市：住,,,,00730003
RPSPMLTLNHPFFAD66CC,環河段,.00,都市：住,,,,24700000
RPWNMLKMNHPFFAD68CC,中正段,17.40,都市：商,,,,03640000
RPWNMLKMNHPFFAD68CC,中正段,47.07,都市：商,,,,03650000
RPPNMLKMNHPFFHD68CC,新化段太子廟小段,77.00,非都市：特定農業區 ; 非都市編定：甲種建築用地,,,,22520002
RPROMLLJOHPFFKD56CC,永信段,.00,都市：住,,,,02970000
RPQPMLLJOHPFFCD38CC,虎尾寮段,.00,都市：住,,,,03740002
RPUOMLMJOHPFFAD58CC,開元段,.00,都市：商,,,,05970000
RPQOMLLJOHPFFKD09CC,橋北段,.00,都市：住,,,,00520000
RPSNMLMJOHPFFAD28CC,開元段,.00,都市：商,,,,06270008
RPUOMLLJOHPFFAD48CC,漁光段,.00,都市：商,,,,08660000
RPROMLMJOHPFFAD28CC,北安段,.00,都市：商,,,,00500094
RPWOMLMJOHPFFAD78CC,中山段,.00,都市：商,,,,00830000
RPWOMLMJOHPFFAD78CC,中山段,.00,都市：商,,,,00840000
RPWOMLMJOHPFFAD78CC,中山段,.00,都市：商,,,,00850000
RPWPMLMJOHPFFAD88CC,赤崁段,.00,都市：商,,,,04000000
RPVNMLMJOHPFFAD58CC,仁愛段,28.52,都市：住,,,,10730020
RPXNMLMJOHPFFKD17CC,蔦松南段,88.76,都市：住,,,,09080000
RPXNMLMJOHPFFKD17CC,蔦松南段,210.37,都市：住,,,,09100000
RPQQMLMJOHPFFAD38CC,漁光段,.00,都市：商,,,,08660000
RPPOMLMJOHPFFKD09CC,永仁段,.00,都市：住,,,,00220000
RPWOMLMJOHPFFKD17CC,自強段,.00,都市：住,,,,05920000
RPVOMLMJOHPFFKD07CC,西勢段,.00,都市：住,,,,13830062
RPQOMLMJOHPFFKD56CC,仁愛段,.00,都市：住,,,,05210000
RPQOMLMJOHPFFKD56CC,仁愛段,.00,都市：住,,,,05240000
RPQOMLMJOHPFFKD56CC,仁愛段,.00,都市：住,,,,05260000
RPQOMLMJOHPFFKD56CC,仁愛段,.00,都市：住,,,,05270000
RPQPMLMJOHPFFKD66CC,南新段,.00,都市：住,,,,09000000
RPSPMLMJOHPFFKD86CC,六甲頂段,.00,都市：住,,,,14370000
RPTPMLMJOHPFFKD96CC,鹽東段,.00,都市：住,,,,16650000
RPVNMLMJOHPFFCD78CC,光明段,.00,都市：住,,,,04290007
RPXNMLMJOHPFFCD98CC,東光段,.00,都市：商,,,,00510008
RPUNMLMJOHPFFCD68CC,光明段,.00,都市：住,,,,04230011
RPOOMLMJOHPFFCD18CC,富裕段,.00,都市：住,,,,05390000
RPSOMLMJOHPFFCD58CC,大同段,.00,都市：住,,,,07890000
RPSOMLMJOHPFFCD58CC,大同段,.00,都市：住,,,,07900000
RPWNMLMJOHPFFHD76CC,新興段,.00,都市：住,,,,01130000
RPQNMLMJOHPFFID88CC,忠義段,27.47,都市：住,,,,13290101
RPPNMLMJOHPFFAD08DC,新南段,.00,都市：商,,,,00780004
RPVNMLOJOHPFFAD78CC,金華段,17.68,都市：住,,,,00870000
RPXNMLOJOHPFFAD98CC,金城段,.00,都市：住,,,,00630000
RPUOMLNJOHPFFAD68CC,環河段,409.00,都市：住,,,,22330000
RPSOMLOJOHPFFAD58CC,開元段,.00,都市：商,,,,09610000
RPROMLOJOHPFFAD48CC,公園段,.00,都市：商,,,,07610000
RPTOMLOJOHPFFAD68CC,開元段,.00,都市：住,,,,05460000
RPUOMLOJOHPFFAD78CC,開元段,.00,都市：商,,,,03610005
RPVOMLOJOHPFFAD88CC,開元段,.00,都市：商,,,,05970000
RPVOMLOJOHPFFAD88CC,開元段,.00,都市：住,,,,06180000
RPSNMLOJOHPFFCD68CC,鹽埕段,.00,都市：住,,,,31020123
RPQPMLOJOHPFFAD48CC,正覺段,.00,都市：其他:道路,,,,01030000
RPQPMLOJOHPFFAD48CC,正覺段,.00,都市：其他:道路,,,,01790000
RPQPMLOJOHPFFAD48CC,正覺段,.00,都市：住,,,,01800000
RPTNMLOJOHPFFCD78CC,虎尾寮段,.00,都市：住,,,,04640007
RPQPMLOJOHPFFAD48CC,正覺段,.00,都市：住,,,,02910000
RPXNMLOJOHPFFCD56CC,東光段,.00,都市：住,,,,04760000
RPQNMLOJOHPFFCD48CC,新興段,4.58,都市：住,,,,02770000
RPQNMLOJOHPFFCD48CC,新興段,35.44,都市：住,,,,02770002
RPQOMLOJOHPFFCD58CC,鹽埕段,.00,都市：住,,,,30990137
RPVNMLOJOHPFFCD98CC,竹篙厝段,.00,都市：住,,,,10430004
RPPOMLOJOHPFFCD48CC,竹篙厝段,.00,都市：商,,,,16780014
RPTOMLOJOHPFFCD88CC,育樂段,.00,都市：住,,,,12870009
RPSOMLOJOHPFFCD78CC,竹篙厝段,.00,都市：住,,,,38680000
RPSOMLOJOHPFFCD78CC,竹篙厝段,.00,都市：住,,,,38680001
RPVOMLOJOHPFFCD09CC,公英段,.00,都市：住,,,,01330000
RPUOMLOJOHPFFCD98CC,新東段,.00,都市：住,,,,12680005
RPWNMLOJOHPFFKD27CC,南新段,.00,都市：住,,,,09000000
RPROMLOJOHPFFKD86CC,六合段,.00,都市：住,,,,08770035
RPWOMLOJOHPFFCD56CC,德高段,.00,都市：住,,,,14830010
RPUOMLOJOHPFFKD17CC,六甲頂段,.00,都市：住,,,,11310011
RPPOMLOJOHPFFKD66CC,大灣段,.00,都市：農,,,,33070000
RPSNMLOJOHPFFID66CC,新工段,.00,都市：住,,,,11990000
RPVOMLOJOHPFFKD27CC,鹽中段,.00,都市：住,,,,03470000
RPUNMLOJOHPFFID86CC,新工段,.00,都市：住,,,,16300000
RPXNMLOJOHPFFID17CC,神農段,.00,都市：住,,,,06030000
RPWRMLOJOHPFFHD37CC,新吉段,26.45,非都市：特定農業區 ; 非都市編定：農牧用地,,,,16820000
RPTNMLOJOHPFFBD68CC,溪東段,.00,都市：住,,,,10840000
RPXNMLOJOHPFFBD09CC,溪東段,.00,都市：住,,,,10270000
RPXNMLOJOHPFFBD09CC,溪東段,.00,都市：住,,,,10530000
RPSNMLQJOHPFFAD68CC,新南段,417.48,都市：住,,,,21300000
RPWQMLOJOHPFFHD27CC,七王段,.00,都市：住,,,,02750000
RPQNMLPJOHPFFCD58CC,虎尾寮段,.00,都市：住,,,,03660001
RPQNMLQJOHPFFAD58DC,公園段,116.00,都市：商,,,,04230000
RPQNMLQJOHPFFAD58DC,公園段,31.00,都市：商,,,,04240000
RPQNMLQJOHPFFAD58DC,公園段,55.00,都市：商,,,,04250000
RPQNMLQJOHPFFAD58DC,公園段,28.00,都市：商,,,,04260000
RPQNMLQJOHPFFAD58DC,公園段,51.00,都市：商,,,,04320001
RPQNMLQJOHPFFAD58DC,公園段,2.00,都市：商,,,,04320002
RPQNMLQJOHPFFAD58DC,公園段,1.00,都市：商,,,,04320003
RPQNMLQJOHPFFAD58DC,公園段,16.00,都市：商,,,,04320004
RPQNMLQJOHPFFAD58DC,公園段,117.00,都市：商,,,,04930000
RPQNMLQJOHPFFAD58DC,公園段,15.00,都市：商,,,,04940000
RPQNMLQJOHPFFAD58DC,公園段,26.00,都市：商,,,,04950000
RPQNMLQJOHPFFAD58DC,公園段,19.00,都市：商,,,,04950001
RPXNMLPJOHPFFKD47CC,大灣段,.00,都市：住,,,,65730012
RPPNMLQJOHPFFDD68CC,王公廟段,792.00,都市：工,,,,00650013
RPTOMLSJOHPFFKD47CC,東南段,453.04,都市：工,,,,11750000
RPTOMLSJOHPFFKD47CC,東南段,405.31,都市：工,,,,11760000
RPUOMLSJOHPFFAD56CC,金華段,.00,都市：住,,,,01430012
RPROMLTJOHPFFKD37CC,兵北段,.00,都市：住,,,,00410000
RPVOMLSJOHPFFCD86CC,東安段,21.00,都市：住,,,,03940000
RPSOMLSJOHPFFAD98CC,金城段,.00,都市：住,,,,00380066
RPXNMLSJOHPFFAD76CC,金華段,.00,都市：住,,,,00420038
RPSOMLTJOHPFFKD47CC,六合段,.00,都市：住,,,,08770035
RPVNMLTJOHPFFKD67CC,東灣段,13.83,都市：住,,,,05040000
RPQNMLTJOHPFFAD78CC,星鑽段,62.59,都市：商,,,,15020000
RPUOMLTJOHPFFKD67CC,兵北段,.00,都市：住,,,,09240032
RPSNMLTJOHPFFAD98CC,保安段,.00,都市：商,,,,07400000
RPSPMLTJOHPFFAD56CC,大港段,.00,都市：住,,,,00570000
RPSPMLTJOHPFFAD56CC,大港段,.00,都市：住,,,,00570001
RPRNMLTJOHPFFAD88CC,福安段,.00,都市：商,,,,04470000
RPOOMLTJOHPFFAD68CC,仁愛段,.00,都市：住,,,,10730020
RPVNMLTJOHPFFBD76CC,南興段,.00,都市：其他:市場用地,,,,02590000
RPSNMLTJOHPFFID17CC,歸仁北段,.00,都市：住,,,,06300039
RPRNMLKKOHPFFBD18CC,南興段,.00,都市：其他:市場用地,,,,02590000
RPSNMLKKOHPFFBD28CC,淵南段,.00,都市：住,,,,00350075
RPTOMLTJOHPFFBD66CC,頂安段,.00,都市：住,,,,00460006
RPPOMLKKOHPFFAD97CC,金華段,.00,都市：商,,,,01340000
RPTNMLKKOHPFFHD98CC,福壽段,16.86,都市：住,,,,02050000
RPUNMLKKOHPFFHD09CC,善新段,226.67,都市：住,,,,02790048
RPRNMLKKOHPFFKD09CC,蜈蜞潭段,.00,都市：住,,,,20330008
RPQNMLKKOHPFFKD98CC,鹽東段,.00,都市：住,,,,16650000
RPVNMLLKOHPFFCD78CC,東光段,106.00,都市：商,,,,00290001
RPOOMLLKOHPFFCD18CC,竹篙厝段,.00,都市：住,,,,10430004
RPWNMLKKOHPFFCD78CC,竹篙厝段,265.00,都市：商,,,,13900001
RPWNMLKKOHPFFCD78CC,竹篙厝段,264.00,都市：商,,,,13900002
RPWNMLKKOHPFFCD78CC,竹篙厝段,114.00,都市：商,,,,13930001
RPWNMLKKOHPFFCD78CC,竹篙厝段,112.00,都市：商,,,,13930004
RPWNMLKKOHPFFCD78CC,竹篙厝段,112.00,都市：商,,,,13930005
RPWNMLKKOHPFFCD78CC,竹篙厝段,112.00,都市：商,,,,13930006
RPWNMLKKOHPFFCD78CC,竹篙厝段,112.00,都市：商,,,,13930007
RPWNMLKKOHPFFCD78CC,竹篙厝段,114.00,都市：商,,,,13930008
RPRNMLLKOHPFFCD38CC,竹篙厝段,270.00,都市：工,,,,23040007
RPRNMLLKOHPFFCD38CC,竹篙厝段,270.00,都市：工,,,,23040008
RPRNMLLKOHPFFCD38CC,竹篙厝段,292.00,都市：工,,,,23040009
RPTOMLLKOHPFFCD68CC,竹篙厝段,.00,都市：住,,,,24290000
RPXNMLLKOHPFFCD98CC,大恩段,.00,都市：住,,,,00570000
RPXNMLLKOHPFFCD98CC,大恩段,.00,都市：住,,,,00570001
RPSOMLLKOHPFFAD38CC,金華段,.00,都市：住,,,,00770015
RPWNMLLKOHPFFKD07CC,永華段,.00,都市：住,,,,10720000
RPOOMLLKOHPFFAD97CC,金華段,.00,都市：住,,,,00610045
RPXOMLLKOHPFFBD98CC,新順段,.00,都市：住,,,,12930003
RPVNMLLKOHPFFBD68CC,安北段,.00,都市：住,,,,06590018
RPQPMLLKOHPFFCD48CC,鹽埕段,.00,非都市： ; 非都市編定：,,,,26390000
RPQPMLLKOHPFFCD48CC,鹽埕段,.00,非都市： ; 非都市編定：,,,,26410002
RPTNMLLKOHPFFID56CC,保生段,.00,都市：住,,,,06130006
RPTOMLLKOHPFFID66CC,公園段,1553.44,都市：工,,,,01950000
RPRNMLMKOHPFFID09CC,正義段,.00,都市：住,,,,13160000
RPVNMLMKOHPFFHD76CC,看西段,.00,都市：農,,,,03750024
RPSNMLMKOHPFFAD38CC,萬昌段,48.95,都市：商,,,,06500000
RPWOMLMKOHPFFAD88CC,大豐段,.00,都市：住,,,,04320000
RPWOMLMKOHPFFAD88CC,大豐段,.00,都市：住,,,,04330000
RPPOMLMKOHPFFAD18CC,新南段,641.44,都市：住,,,,03910000
RPTNMLMKOHPFFCD68CC,光明段,.00,都市：住,,,,09400040
RPTNMLMKOHPFFAD48CC,星鑽段,.00,都市：住,,,,07290000
RPPOMLMKOHPFFCD38CC,竹篙厝段,.00,都市：住,,,,38150000
RPWNMLNKOHPFFHD96CC,善駕段,69.63,都市：其他:,,,,07460000
RPPNMLNKOHPFFCD38CC,新都段,34.00,都市：商,,,,02300000
RPPNMLNKOHPFFCD38CC,新都段,34.00,都市：商,,,,02300001
RPSNMLPKOHPFFHD76CC,善駕段,69.61,都市：住,,,,07440000
RPXNMLPKOHPFFAD56CC,銀同段,.00,都市：其他:道路用地,,,,07470000
RPXNMLPKOHPFFAD56CC,銀同段,.00,都市：商,,,,07710000
RPXNMLPKOHPFFAD56CC,銀同段,.00,都市：商,,,,07720000
RPXNMLPKOHPFFAD56CC,銀同段,.00,都市：商,,,,07700000
RPSNMLPKOHPFFAD68CC,上鯤鯓段,197.00,都市：住,,,,04540000
RPWNMLPKOHPFFAD09CC,古堡段,.00,都市：住,,,,03490000
RPSOMLPKOHPFFCD98CC,鹽埕段,.00,都市：住,,,,26180000
RPSOMLPKOHPFFCD98CC,鹽埕段,.00,都市：商,,,,26170003
RPSOMLPKOHPFFCD98CC,鹽埕段,.00,都市：商,,,,26170000
RPVOMLQKOHPFFAD56CC,立人段,.00,都市：住,,,,00520000
RPPPMLQKOHPFFAD68CC,環河段,.00,都市：住,,,,00620000
RPOPMLQKOHPFFAD58CC,立人段,.00,都市：住,,,,00530000
RPPQMLQKOHPFFAD78CC,漁光段,.00,都市：商,,,,08660000
RPVNMLQKOHPFFCD66CC,育樂段,.00,都市：住,,,,04470000
RPXOMLQKOHPFFAD76CC,富台段,.00,都市：住,,,,08410000
RPXOMLQKOHPFFAD76CC,富台段,.00,都市：其他:道路,,,,08410001
RPUNMLRKOHPFFDD76CC,柳南段,80.98,都市：住,,,,04060000
RPTNMLQKOHPFFBD98CC,溪東段,.00,都市：住,,,,14720057
RPWNMLQKOHPFFKD57CC,兵北段,.00,都市：住,,,,00410000
RPUNMLQKOHPFFKD37CC,六合段,.00,都市：住,,,,10730000
RPOPMLRKOHPFFBD78CC,溪東段,.00,都市：住,,,,11500000
RPTNMLRKOHPFFDD66CC,新榮段,29.18,都市：住,,,,01730000
RPXNMLQKOHPFFKD67CC,中灣段,.00,都市：住,,,,02180000
RPVNMLRKOHPFFID37CC,仁義段,.00,都市：住,,,,07110000
RPSNMLRKOHPFFKD27CC,橋北段,.00,都市：住,,,,00520000
RPWNMLRKOHPFFCD86CC,東光段,.00,都市：商,,,,00510008
RPVNMLRKOHPFFCD76CC,富農段,.00,都市：住,,,,00480000
RPVNMLRKOHPFFCD76CC,富農段,.00,都市：住,,,,00480001
RPROMLRKOHPFFCD09CC,虎尾寮段,.00,都市：商,,,,05910021
RPVOMLRKOHPFFCD86CC,大林段,.00,都市：住,,,,09090000
RPQOMLRKOHPFFCD98CC,仁和段,.00,都市：住,,,,08940000
RPQPMLRKOHPFFCD09CC,光明段,.00,都市：住,,,,60000000
RPSOMLRKOHPFFCD56CC,虎尾寮段,.00,都市：住,,,,05070002
RPSOMLRKOHPFFCD56CC,虎尾寮段,.00,都市：住,,,,05070008
RPSOMLRKOHPFFCD56CC,虎尾寮段,.00,都市：住,,,,05070001
RPXOMLRKOHPFFCD07CC,龍泉段,.00,都市：住,,,,11040000
RPPNMLRKOHPFFAD58CC,富台段,.00,都市：住,,,,02460000
RPUOMLRKOHPFFCD76CC,光華段,.00,都市：住,,,,01280000
RPTNMLRKOHPFFAD98CC,開元段,.00,都市：商,,,,05970000
RPTNMLRKOHPFFAD98CC,開元段,.00,都市：住,,,,06180000
RPROMLRKOHPFFAD88CC,立人段,.00,都市：住,,,,00530000
RPSOMLRKOHPFFAD98CC,北安段,.00,都市：住,,,,00560116
RPSOMLRKOHPFFAD98CC,北安段,.00,都市：住,,,,00560123
RPROMLSKOHPFFAD98CC,保安段,.00,都市：住,,,,15100001
RPROMLSKOHPFFAD98CC,保安段,.00,都市：住,,,,15100000
RPPPMLSKOHPFFAD88CC,武聖段,.00,都市：住,,,,25010011
RPUOMLSKOHPFFAD66CC,開元段,.00,都市：商,,,,05970000
RPUOMLSKOHPFFAD66CC,開元段,.00,都市：住,,,,06180000
RPUOMLSKOHPFFAD66CC,開元段,.00,都市：其他:廣場兼停車場用地,,,,03610025
RPOPMLSKOHPFFAD78CC,正興段,.00,都市：住,,,,02430028
RPSOMLSKOHPFFAD09CC,仁愛段,.00,都市：住,,,,10970001
RPQNMLSKOHPFFCD98CC,竹篙厝段,.00,都市：住,,,,19560005
RPUPMLSKOHPFFAD76CC,環河段,.00,都市：住,,,,00620000
RPVNMLSKOHPFFCD86CC,東安段,.00,都市：住,,,,00060000
RPRNMLSKOHPFFKD27CC,大灣段,.00,都市：商,,,,62380000
RPPOMLTKOHPFFCD09CC,路東段,52.14,都市：住,,,,02840000
RPSNMLSKOHPFFKD37CC,大灣段,.00,都市：住,,,,75860008
RPTNMLKLOHPFFCD58CC,同安段,80.00,都市：農,,,,00290000
RPTNMLKLOHPFFCD58CC,同安段,168.00,都市：農,,,,00300000
RPROMLKLOHPFFAD28CC,頂美段,373.31,都市：住,,,,25560000
RPVPMLTKOHPFFHD67CC,三德段,18.96,都市：住,,,,04760000
RPRNMLKLOHPFFCD38CC,仁和段,.00,都市：住,,,,13350000
RPUOMLSKOHPFFHD47DC,看西段,1202.00,都市：工,,,,04840000
RPVOMLSKOHPFFAD86DC,環河段,.00,都市：住,,,,00530000
RPVOMLSKOHPFFAD86DC,環河段,.00,都市：住,,,,00540000
RPUOMLSKOHPFFHD47DC,看西段,781.00,都市：工,,,,04840002
RPVOMLSKOHPFFAD86DC,環河段,.00,都市：住,,,,00550000
RPUOMLSKOHPFFHD47DC,看西段,806.00,都市：工,,,,04860000
RPUOMLSKOHPFFHD47DC,看西段,3801.00,都市：工,,,,10210001
RPUOMLSKOHPFFHD47DC,看西段,711.00,都市：工,,,,04840003
RPUOMLSKOHPFFHD47DC,看西段,790.00,都市：工,,,,10220000
RPUOMLSKOHPFFHD47DC,看西段,760.00,都市：工,,,,10220001
RPUOMLSKOHPFFHD47DC,看西段,770.00,都市：工,,,,10220002
RPUOMLSKOHPFFHD47DC,看西段,349.00,都市：工,,,,10220005
RPVPMLKLOHPFFAD78CC,妙壽段,.00,都市：住,,,,05010000
RPRSMLKLOHPFFAD68CC,金華段,.00,都市：商,,,,00010000
RPTTMLKLOHPFFAD98CC,漁光段,.00,都市：商,,,,08660000
RPRVMLKLOHPFFAD98CC,漁光段,.00,都市：商,,,,08660000
RPUWMLMLOHPFFAD96CC,金城段,.00,都市：住,,,,00750001
RPVTMLMLOHPFFAD76CC,富台段,.00,都市：住,,,,07790000
RPWWMLMLOHPFFAD17CC,立人段,7.61,都市：住,,,,00650003
RPQWMLMLOHPFFAD56CC,三民段,.00,都市：商,,,,02380000
RPQWMLMLOHPFFAD56CC,三民段,.00,都市：商,,,,02390000
RPXTMLMLOHPFFAD96CC,光賢段,.00,都市：住,,,,00570313
RPPPNLMLOHPFFAD48CC,金華段,.00,都市：住,,,,00910029
RPRNNLMLOHPFFAD48CC,立人段,3.26,都市：住,,,,00650003
RPSNMLMLOHPFFCD68CC,新東段,.00,都市：住,,,,16040000
RPRNMLMLOHPFFCD58CC,虎尾寮段,.00,都市：住,,,,04680000
RPVNMLMLOHPFFCD98CC,府連段,.00,都市：住,,,,08400000
RPVNMLMLOHPFFCD98CC,府連段,.00,都市：商,,,,08400001
RPVNMLMLOHPFFCD98CC,府連段,.00,都市：商,,,,08400002
RPPNMLMLOHPFFCD38CC,龍泉段,.00,都市：商,,,,13050000
RPPNMLMLOHPFFCD38CC,龍泉段,.00,都市：商,,,,13060000
RPXOMLMLOHPFFCD66CC,鹽埕段,.00,都市：住,,,,02200722
RPWOMLMLOHPFFCD56CC,公英段,.00,都市：住,,,,00080000
RPWNMLMLOHPFFCD09CC,虎尾寮段,.00,都市：住,,,,03690000
RPPPMLMLOHPFFCD58CC,關帝段,.00,都市：住,,,,02390000
RPOPMLMLOHPFFCD48CC,育樂段,.00,都市：其他:中(附),,,,04150000
RPRPMLMLOHPFFCD78CC,富裕段,.00,都市：住,,,,05330000
RPTPMLMLOHPFFCD98CC,仁和段,.00,都市：住,,,,03790002
RPWPMLMLOHPFFCD66CC,鹽埕段,.00,都市：住,,,,31080082
RPVPMLMLOHPFFCD56CC,光華段,.00,都市：住,,,,09090000
RPRQMLMLOHPFFCD88CC,鹽埕段,.00,都市：住,,,,00670016
RPUPMLMLOHPFFCD09CC,大山段,.00,都市：住,,,,03880000
RPQQMLMLOHPFFCD78CC,公英段,.00,都市：住,,,,00080000
RPXNMLMLOHPFFKD37CC,鹽埕段,.00,都市：住,,,,04150033
RPPNMLMLOHPFFKD56CC,兵北段,447.23,都市：住,,,,06440000
RPRNMLMLOHPFFKD76CC,鹽東段,7.93,都市：住,,,,17760000
RPPOMLMLOHPFFKD66CC,埔園段,.00,都市：住,,,,06150000
RPROMLMLOHPFFKD86CC,頂南段,.00,都市：住,,,,04040000
RPQOMLMLOHPFFKD76CC,鹽埕段,.00,都市：住,,,,04150033
RPPPMLMLOHPFFKD76CC,東橋段,.00,都市：工,,,,03260000
RPUOMLMLOHPFFBD88CC,州北段,.00,都市：住,,,,11960000
RPVOMLMLOHPFFKD27CC,兵北段,7119.91,都市：商,,,,01200000
RPRNMLMLOHPFFBD48CC,州南段,.00,都市：住,,,,08610000
RPRNMLMLOHPFFBD48CC,州南段,.00,都市：住,,,,08610001
RPTOMLMLOHPFFHD76CC,大榮段,.00,都市：住,,,,08750000
RPSOMLMLOHPFFID76CC,上崙段,.00,都市：住,,,,05240000
RPUPMLNLOHPFFBD09CC,安中段,.00,都市：商,,,,07830007
RPRNMLNLOHPFFHD56CC,善新段,25.44,都市：住,,,,01410000
RPXNMLNLOHPFFKD47CC,鹽中段,23.38,都市：住,,,,07140002
RPTRMLNLOHPFFAD09CC,永華段,.00,都市：商,,,,05020000
RPTRMLNLOHPFFAD09CC,永華段,.00,都市：商,,,,05040000
RPOOMLNLOHPFFHD98CC,圳西段,276.40,都市：其他:,,,,04940078
RPQPMLNLOHPFFCD78CC,虎尾寮段,.00,都市：住,,,,04610000
RPPWMLNLOHPFFAD56CC,保安段,.00,都市：住,,,,60000025
RPXOMLNLOHPFFHD27CC,善西段,20.20,都市：住,,,,08140003
RPVSMLNLOHPFFAD76CC,南門段,.00,都市：住,,,,18530000
RPSUMLNLOHPFFAD66CC,金華段,27.39,都市：住,,,,00670000
RPUVMLNLOHPFFAD96CC,星鑽段,83.61,都市：商,,,,17450000
RPUVMLNLOHPFFAD96CC,星鑽段,30.10,都市：商,,,,17470000
RPTPMLNLOHPFFCD09CC,育樂段,.00,都市：住,,,,08920000
RPSOMLOLOHPFFAD78CC,保安段,73.00,都市：住,,,,15100000
RPWOMLOLOHPFFAD56CC,公園段,.00,都市：商,,,,02020000
RPTOMLOLOHPFFAD88CC,立人段,5.92,都市：住,,,,00520000
RPPNMLOLOHPFFCD58CC,裕東段,103.85,都市：住,,,,06880071
RPXNMLOLOHPFFCD76CC,竹篙厝段,.00,都市：住,,,,19710000
RPSNMLOLOHPFFCD88CC,大忠段,.00,都市：住,,,,01980000
RPROMLOLOHPFFAD68CC,中山段,.00,都市：商,,,,02140000
RPSNMLOLOHPFFCD88CC,大忠段,.00,都市：其他:細部計畫道路用地,,,,01980001
RPTOMLOLOHPFFCD09CC,竹篙厝段,37.60,都市：住,,,,16910000
RPROMLOLOHPFFCD88CC,泉南段,.00,都市：商,,,,00150000
RPVOMLOLOHPFFAD09CC,小北段,.00,都市：住,,,,11180024
RPQPMLOLOHPFFCD88CC,虎尾寮段,.00,都市：住,,,,03770003
RPWPMLOLOHPFFCD86CC,虎尾寮段,.00,都市：住,,,,04610000
RPXQMLOLOHPFFCD07CC,公英段,.00,都市：住,,,,10850003
RPVPMLOLOHPFFCD76CC,龍泉段,.00,都市：商,,,,05520000
RPROMLOLOHPFFKD07CC,兵北段,.00,都市：住,,,,00410000
RPVPMLOLOHPFFCD76CC,龍泉段,.00,都市：住,,,,05580000
RPVOMLOLOHPFFKD47CC,六合段,.00,都市：住,,,,08770023
RPSNMLOLOHPFFKD07CC,二王段,.00,都市：住,,,,09770000
RPWOMLOLOHPFFKD57CC,永康段,.00,都市：住,,,,16480000
RPWNMLOLOHPFFDD76CC,建國段,.00,非都市：鄉村區 ; 非都市編定：乙種建築用地,,,,11830000
RPOOMLOLOHPFFID56CC,仁義段,.00,都市：住,,,,05060000
RPROMLOLOHPFFID86CC,岳王段,.00,都市：住,,,,08220000
RPPNMLQLOHPFFCD78CC,鹽埕段,21.86,都市：住,,,,00730003
RPXPMLTLOHPFFCD47CC,光華段,.00,都市：住,,,,09090000
RPTNMLKMOHPFFKD86CC,成功段,89.41,都市：住,,,,02540000
RPUNMLKMOHPFFCD78CC,府連段,.00,都市：住,,,,06850000
RPUNMLKMOHPFFCD78CC,府連段,.00,都市：商,,,,06860000
RPPOMLKMOHPFFCD38CC,光華段,.00,都市：住,,,,09090000
RPSOMLKMOHPFFKD86CC,頂安段,.00,都市：住,,,,00880000
RPSOMLKMOHPFFKD86CC,頂安段,.00,都市：其他:綠地,,,,00880001
RPSOMLKMOHPFFKD86CC,頂安段,.00,都市：住,,,,00900000
RPVPMLKMOHPFFCD09CC,虎尾寮段,4.23,都市：住,,,,04610000
RPWPMLKMOHPFFKD37CC,永和段,.00,都市：其他:市場用地,,,,13840000
RPSOMLKMOHPFFAD48CC,南門段,.00,都市：商,,,,07080000
RPVQMLKMOHPFFCD56CC,育樂段,.00,都市：住,,,,02450000
RPVQMLKMOHPFFCD56CC,育樂段,.00,都市：住,,,,02470000
RPPTMLKMOHPFFAD68CC,赤崁段,.00,都市：商,,,,02950000
RPUSMLKMOHPFFAD09CC,北元段,.00,都市：住,,,,00790001
RPUNMLKMOHPFFGD56CC,仁得段,174.21,都市：住,,,,09340000
RPUNMLKMOHPFFGD56CC,仁得段,174.21,都市：住,,,,09340001
RPUNMLKMOHPFFGD56CC,仁得段,174.21,都市：住,,,,09340002
RPPUMLKMOHPFFAD78CC,開元段,.00,都市：商,,,,05970000
RPVPMLKMOHPFFBD98CC,溪東段,.00,都市：住,,,,12860000
RPOOMLKMOHPFFCD38DC,光明段,31.51,都市：住,,,,04230010
RPWNMLLJPHPFFAD68CC,金城段,.00,都市：商,,,,00460016
RPUOMLLJPHPFFAD58CC,金城段,295.00,都市：住,,,,00560019
RPOQMLKMOHPFFKD76DC,六甲頂段,413.00,都市：住,,,,06360000
RPOOMLLJPHPFFAD97CC,金華段,.00,都市：商,,,,00010003
RPRPMLKMOHPFFKD96DC,安康段,81.53,都市：住,,,,07190000
RPSOMLLJPHPFFAD38CC,南門段,.00,都市：商,,,,16430000
RPSOMLLJPHPFFAD38CC,南門段,.00,都市：商,,,,16360000
RPSOMLLJPHPFFAD38CC,南門段,.00,都市：商,,,,16440000
RPSOMLLJPHPFFAD38CC,南門段,.00,都市：住,,,,16450000
RPSOMLLJPHPFFAD38CC,南門段,.00,都市：住,,,,16460000
RPXQMLLJPHPFFAD09CC,立人段,.00,都市：住,,,,00650004
RPXQMLLJPHPFFAD09CC,立人段,.00,都市：商,,,,01040000
RPTPMLLJPHPFFAD58CC,立人段,16.66,都市：住,,,,00530000
RPUOMLLJPHPFFCD78CC,仁和段,.00,都市：住,,,,03760000
RPQQMLLJPHPFFCD58CC,育樂段,.00,都市：住,,,,12870006
RPSNMLMJPHPFFCD58CC,公英段,.00,都市：住,,,,03390000
RPWPMLMJPHPFFCD56CC,東寧段,26.00,都市：住,,,,02850002
RPWPMLMJPHPFFCD56CC,東寧段,61.00,都市：住,,,,02870001
RPOOMLMJPHPFFCD28CC,南華段,36.75,都市：住,,,,09680000
RPXPMLMJPHPFFCD66CC,東寧段,26.00,都市：住,,,,02850002
RPXPMLMJPHPFFCD66CC,東寧段,61.00,都市：住,,,,02870001
RPTQMLMJPHPFFKD17CC,南新段,76.29,都市：其他:空白,,,,02040000
RPXOMLMJPHPFFCD56CC,龍泉段,.00,都市：住,,,,15380000
RPSOMLMJPHPFFAD48CC,開元段,.00,都市：商,,,,06250000
RPUOMLMJPHPFFAD68CC,康祥段,.00,都市：住,,,,03200000
RPTQMLMJPHPFFAD78CC,開元段,.03,都市：其他:廣場兼停車場用地,,,,03610025
RPTQMLMJPHPFFAD78CC,開元段,10.72,都市：商,,,,05970000
RPTQMLMJPHPFFAD78CC,開元段,.51,都市：住,,,,06180000
RPXNMLMJPHPFFGD96DC,九龍段,91.69,都市：住,,,,10710024
RPXNMLMJPHPFFGD96DC,九龍段,25.70,都市：住,,,,10710000
RPURMLMJPHPFFAD98CC,青年段,.00,都市：商,,,,01290000
RPTNMLNJPHPFFDD88CC,延平段,513.63,都市：住,,,,03920000
RPOPMLNJPHPFFCD58DC,水交社段,12.89,都市：住,,,,00070000
RPTOMLNJPHPFFAD68CC,開元段,.00,都市：商,,,,05970000
RPXOMLNJPHPFFAD09CC,新南段,.00,都市：住,,,,04970000
RPWQMLNJPHPFFAD56CC,公園段,.00,都市：商,,,,09390000
RPXOMLNJPHPFFAD09CC,新南段,.00,都市：其他:細部計畫道路用地,,,,04990000
RPWQMLNJPHPFFAD56CC,公園段,.00,都市：商,,,,09390001
RPWQMLNJPHPFFAD56CC,公園段,.00,都市：其他:細部計畫道路用地,,,,09390003
RPRTMLNJPHPFFAD98CC,漁光段,.00,都市：商,,,,08690000
RPQSMLNJPHPFFAD78CC,府前段,.00,都市：商,,,,11460000
RPUPMLNJPHPFFKD27CC,兵南段,.00,都市：住,,,,05840000
RPPQMLNJPHPFFKD86CC,永和段,.00,都市：商,,,,06760000
RPVQMLNJPHPFFKD47CC,六甲頂段,.00,都市：住,,,,10910000
RPORMLNJPHPFFKD86CC,鹽埕段,.00,都市：住,,,,04150033
RPVTMLNJPHPFFAD76CC,正興段,.00,都市：住,,,,10210006
RPXQMLNJPHPFFKD67CC,鹽埕段,.00,都市：住,,,,04150033
RPOQMLNJPHPFFKD76CC,兵北段,.00,都市：住,,,,07880000
RPTRMLNJPHPFFKD37CC,兵北段,.00,都市：住,,,,01300000
RPSQMLNJPHPFFKD17CC,六甲頂段,.00,都市：住,,,,05150010
RPQRMLNJPHPFFKD07CC,兵北段,.00,都市：住,,,,00410000
RPURMLNJPHPFFKD47CC,鹽中段,.00,都市：工,,,,09410000
RPURMLNJPHPFFKD47CC,鹽中段,.00,都市：工,,,,09430000
RPQNMLOJPHPFFID56CC,中清段,228.00,都市：其他:空白,,,,02470031
RPRNMLOJPHPFFID66CC,中清段,245.00,都市：其他:空白,,,,02470007
RPUNMLPJPHPFFKD27CC,鹽行段,23.91,都市：住,,,,13500000
RPUNMLQJPHPFFKD37CC,鹽東段,97.07,都市：住,,,,16660000
RPOPMLQJPHPFFDD88CC,永生段,59.05,都市：商,,,,01380000
RPSNMLOJPHPFFID76CC,中清段,263.50,都市：其他:空白,,,,02470019
RPQPMLQJPHPFFDD09CC,新北段,.00,都市：住,,,,06920000
RPPRMLRJPHPFFBD56DC,國安段,81.47,都市：住,,,,15770001
RPSNMLRJPHPFFFD76CC,番子渡頭段,1219.00,非都市：一般農業區 ; 非都市編定：農牧用地,,,,02740000
RPROMLPJPHPFFID86CC,歸仁北段,72.00,都市：住,,,,04510000
RPROMLPJPHPFFID86CC,歸仁北段,63.00,都市：住,,,,04520003
RPVOMLQJPHPFFID37CC,嘉南段,9.90,都市：住,,,,07320000
RPUNMLSJPHPFFID37CC,仁義段,.00,都市：住,,,,05000000
RPVNMLSJPHPFFCD86CC,德高段,.00,都市：住,,,,04870061
RPWNMLSJPHPFFCD96CC,富農段,.00,都市：住,,,,00480001
RPWNMLSJPHPFFCD96CC,富農段,.00,都市：住,,,,00480000
RPXNMLSJPHPFFKD87CC,成功段,.00,都市：住,,,,01860000
RPWNMLSJPHPFFBD86CC,安中段,37.83,都市：住,,,,01410000
RPXPMLTJPHPFFAD17CC,金華段,.00,都市：商,,,,00010003
RPOPMLSJPHPFFKD17CC,保生段,49.59,都市：住,,,,11000000
RPWNMLTJPHPFFAD86CC,仁愛段,.00,都市：住,,,,00420044
RPWNMLTJPHPFFAD86CC,仁愛段,.00,都市：住,,,,00420010
RPWNMLTJPHPFFAD86CC,仁愛段,.00,都市：住,,,,00290002
RPOPMLSJPHPFFAD78CC,大豐段,.00,都市：住,,,,04260000
RPOPMLSJPHPFFAD78CC,大豐段,.00,都市：其他:細部計畫道路用地,,,,04270000
RPOPMLSJPHPFFAD78CC,大豐段,.00,都市：其他:細部計畫道路用地,,,,04280000
RPOPMLSJPHPFFAD78CC,大豐段,.00,都市：住,,,,04290000
RPWPMLTJPHPFFAD07CC,星鑽段,.00,都市：住,,,,08890000
RPXOMLTJPHPFFKD08CC,鹽中段,.00,都市：住,,,,04560033
RPPNMLKKPHPFFCD18CC,育樂段,.00,都市：住,,,,04460000
RPWOMLTJPHPFFCD17CC,新東段,.00,都市：住,,,,00140000
RPWOMLTJPHPFFCD17CC,新東段,.00,都市：住,,,,00140000
RPWPMLTJPHPFFKD08CC,南新段,.00,都市：住,,,,08320000
RPQNMLKKPHPFFCD28CC,育樂段,.00,都市：住,,,,04460000
RPSNMLKKPHPFFCD48CC,水交社段,.00,都市：住,,,,00210036
RPXOMLKKPHPFFAD88CC,上鯤鯓段,197.00,都市：住,,,,04540000
RPPNMLMKPHPFFID98CC,白崙段,232.00,都市：商,,,,00210004
RPPNMLMKPHPFFID98CC,白崙段,1323.21,都市：商,,,,00210005
RPXNMLNKPHPFFHD17CC,善新段,76.49,都市：住,,,,00180001
RPTNMLKKPHPFFCD58CC,水交社段,.00,都市：住,,,,00330000
RPTNMLKKPHPFFCD58CC,水交社段,.00,都市：住,,,,00320000
RPTNMLKKPHPFFCD58CC,水交社段,.00,都市：住,,,,00340000
RPQOMLNKPHPFFCD68CC,仁和段,.00,都市：住,,,,05280000
RPQOMLNKPHPFFCD68CC,仁和段,.00,都市：其他:道路用地,,,,05280004
RPSQMLNKPHPFFAD88CC,公園段,.00,都市：商,,,,02020000
RPTOMLNKPHPFFKD17CC,大灣段,.00,都市：住,,,,63550011
RPVOMLOKPHPFFAD09CC,南門段,25.84,都市：住,,,,03920000
RPQOMLOKPHPFFBD68CC,草湖段,.00,都市：住,,,,07080000
RPSPMLOKPHPFFCD09CC,育樂段,.00,都市：住,,,,01350000
RPVOMLPKPHPFFBD66CC,安和段,78.77,都市：住,,,,09760000
RPPQMLOKPHPFFCD88CC,鹽埕段,145.00,都市：商,,,,00030379
RPSNMLPKPHPFFID96CC,嘉南段,9.90,都市：住,,,,07320000
RPSQMLPKPHPFFHD17CC,大榮段,76.68,都市：住,,,,08090000
RPVQMLPKPHPFFAD76CC,上鯤鯓段,.00,都市：住,,,,05320000
RPPRMLPKPHPFFAD88CC,金城段,.00,都市：住,,,,00520015
RPTRMLPKPHPFFAD66CC,保安段,55.00,都市：商,,,,07310002
RPRRMLPKPHPFFAD09CC,銀同段,.00,都市：商,,,,04320000
RPRRMLPKPHPFFAD09CC,銀同段,.00,都市：商,,,,04330000
RPRRMLPKPHPFFAD09CC,銀同段,.00,都市：商,,,,04340000
RPTPMLPKPHPFFCD66CC,裕東段,.00,都市：住,,,,12240000
RPQQMLPKPHPFFKD27CC,南新段,.00,都市：住,,,,01140009
RPRQMLPKPHPFFKD37CC,大灣段,.00,都市：住,,,,64020002
RPVOMLQKPHPFFKD67CC,六甲頂段,.00,都市：住,,,,05090000
RPSPMLQKPHPFFCD66CC,竹篙厝段,.00,都市：住,,,,28690000
RPQRMLPKPHPFFKD37CC,永興段,69.37,都市：住,,,,07180000
RPTPMLQKPHPFFCD76CC,富裕段,.00,都市：住,,,,04040000
RPUPMLQKPHPFFCD86CC,竹篙厝段,.00,都市：住,,,,20040000
RPSOMLQKPHPFFAD98CC,北安段,.00,都市：其他:市場用地,,,,02240000
RPOOMLQKPHPFFGD66DC,佳化段,815.00,非都市：特定農業區 ; 非都市編定：丁種建築用地,,,,20300000
RPOOMLQKPHPFFFD09CC,隆本段,.00,都市：住,,,,08640000
RPUOMLQKPHPFFAD56CC,萬昌段,.00,都市：商,,,,01940000
RPQOMLQKPHPFFGD76CC,廣安段,.00,都市：農,,,,04480000
RPPPMLQKPHPFFAD78CC,北元段,32.04,都市：住,,,,04330002
RPWNMLQKPHPFFBD76CC,州南段,6.83,都市：其他:主要計畫道路用地,,,,03560000
RPWNMLQKPHPFFBD76CC,州南段,12.17,都市：住,,,,03560001
RPWNMLQKPHPFFBD76CC,州南段,85.00,都市：住,,,,03750000
RPRNMLRKPHPFFHD96CC,大榮段,76.68,都市：住,,,,08090000
RPROMLQKPHPFFHD96CC,六分寮段,2992.00,非都市：特定農業區 ; 非都市編定：農牧用地,,,,23120000
RPROMLQKPHPFFHD96CC,六分寮段,1820.00,非都市：特定農業區 ; 非都市編定：農牧用地,,,,23130000
RPROMLQKPHPFFHD96CC,六分寮段,2439.00,非都市：特定農業區 ; 非都市編定：農牧用地,,,,23140000
RPROMLQKPHPFFHD96CC,六分寮段,1235.00,非都市：特定農業區 ; 非都市編定：農牧用地,,,,23150000
RPRNMLQKPHPFFJD07CC,望明段,.00,非都市：鄉村區 ; 非都市編定：乙種建築用地,,,,05400000
RPOOMLRKPHPFFAD68CC,府前段,4.43,都市：商,,,,13170000
RPOOMLRKPHPFFAD68CC,府前段,8.80,都市：商,,,,13160000
RPVNMLRKPHPFFAD66CC,開元段,.00,都市：商,,,,05970000
RPWNMLRKPHPFFAD76CC,開元段,.00,都市：商,,,,06250000
RPPOMLRKPHPFFAD78CC,開元段,.00,都市：商,,,,05970000
RPPOMLRKPHPFFAD78CC,開元段,.00,都市：其他:廣場兼停車場用地,,,,03610025
RPPOMLRKPHPFFAD78CC,開元段,.00,都市：住,,,,06180000
RPQOMLRKPHPFFAD88CC,檨仔林段,233.83,都市：商,,,,00460000
RPVPMLRKPHPFFAD86CC,開元段,.00,都市：住,,,,00570001
RPQOMLRKPHPFFAD88CC,檨仔林段,9.67,都市：其他:學校用地,,,,00460001
RPUPMLRKPHPFFAD76CC,正興段,.00,都市：其他:道路用地,,,,09880006
RPUPMLRKPHPFFAD76CC,正興段,.00,都市：住,,,,09880007
RPUPMLRKPHPFFAD76CC,正興段,.00,都市：其他:道路用地,,,,10020000
RPUPMLRKPHPFFAD76CC,正興段,.00,都市：住,,,,10020001
RPUPMLRKPHPFFAD76CC,正興段,.00,都市：住,,,,10070000
RPUPMLRKPHPFFAD76CC,正興段,.00,都市：其他:道路用地,,,,10070002
RPRPMLRKPHPFFCD66CC,大林段,.00,都市：住,,,,07860000
RPRRMLRKPHPFFAD66CC,金華段,.00,都市：住,,,,00540007
RPTPMLRKPHPFFKD67CC,永興段,.00,都市：住,,,,00130000
RPSNMLRKPHPFFKD37CC,成功段,.00,都市：商,,,,01190000
RPUNMLRKPHPFFCD76CC,仁和段,.00,都市：住,,,,13840003
RPWOMLKLPHPFFKD27CC,大灣段,430.00,都市：農,,,,53220000
RPTNMLRKPHPFFKD47CC,鹽西段,260.90,都市：工,,,,01120000
RPTNMLRKPHPFFKD47CC,鹽西段,222.86,都市：工,,,,01130000
RPTNMLRKPHPFFKD47CC,鹽西段,43.22,都市：工,,,,01070002
RPTNMLRKPHPFFKD47CC,鹽西段,205.94,都市：工,,,,01140000
RPTNMLRKPHPFFKD47CC,鹽西段,283.10,都市：工,,,,01150000
RPTNMLRKPHPFFKD47CC,鹽西段,61.79,都市：工,,,,01170002
RPQPMLKLPHPFFKD76CC,廣富段,.00,都市：住,,,,07970000
RPOPMLKLPHPFFCD38CC,新東段,.00,都市：住,,,,05190015
RPQPMLKLPHPFFCD58CC,大同段,.00,都市：商,,,,06420000
RPRQMLKLPHPFFCD78CC,東光段,.00,都市：住,,,,04760000
RPPPMLKLPHPFFKD66CC,頂安段,.00,都市：住,,,,00880000
RPPPMLKLPHPFFKD66CC,頂安段,.00,都市：其他:綠地,,,,00880001
RPPPMLKLPHPFFKD66CC,頂安段,.00,都市：住,,,,00900000
RPPPMLKLPHPFFCD48CC,大同段,.00,都市：商,,,,11960000
RPWOMLKLPHPFFCD09CC,育樂段,.00,都市：商,,,,08920000
RPUPMLKLPHPFFAD78CC,金華段,.00,都市：商,,,,01340000
RPVPMLKLPHPFFAD88CC,正興段,15.37,都市：商,,,,12450000
RPTNMLKLPHPFFAD48CC,五條港段,17.51,都市：商,,,,02540000
RPPQMLKLPHPFFAD38CC,正興段,.00,都市：住,,,,10250003
RPWPMLKLPHPFFAD98CC,中山段,.00,都市：商,,,,00830000
RPWPMLKLPHPFFAD98CC,中山段,.00,都市：商,,,,00840000
RPWPMLKLPHPFFAD98CC,中山段,.00,都市：商,,,,00850000
RPRQMLKLPHPFFAD58CC,金華段,.00,都市：商,,,,00640000
RPOQMLKLPHPFFAD28CC,立人段,4.35,都市：住,,,,00650003
RPTOMLLLPHPFFHD76CC,善文段,68.60,都市：商,,,,09780000
RPSQMLKLPHPFFAD68CC,光賢段,.00,都市：住,,,,01990055
RPOPMLKLPHPFFHD88CC,新興段,.00,都市：住,,,,04990000
RPVOMLLLPHPFFHD96CC,德興段,.00,非都市：鄉村區 ; 非都市編定：乙種建築用地,,,,01020000
RPVQMLKLPHPFFAD98CC,星鑽段,.00,都市：住,,,,05610000
RPXOMLLLPHPFFHD17CC,什美段,.00,非都市：鄉村區 ; 非都市編定：乙種建築用地,,,,06690000
RPOPMLLLPHPFFHD98CC,新吉段,.00,非都市：特定農業區 ; 非都市編定：甲種建築用地,,,,09750021
RPUOMLLLPHPFFBD88CC,和館段,.00,都市：住,,,,00940093
RPWOMLLLPHPFFBD09CC,安中段,.00,都市：住,,,,03130034
RPSOMLLLPHPFFAD58CC,南門段,.00,都市：商,,,,06060000
RPTOMLLLPHPFFAD68CC,五條港段,.00,都市：商,,,,01550000
RPWOMLLLPHPFFCD56CC,東光段,276.00,都市：住,,,,08060000
RPWOMLLLPHPFFCD56CC,東光段,15.00,都市：住,,,,08060007
RPWOMLLLPHPFFCD56CC,東光段,58.00,都市：住,,,,08060014
RPUNMLLLPHPFFCD88CC,路東段,.00,都市：住,,,,04720000
RPWOMLLLPHPFFCD56CC,東光段,2.00,都市：住,,,,08060013
RPPPMLLLPHPFFCD58CC,鹽埕段,.00,都市：住,,,,10130032
RPWOMLLLPHPFFAD98CC,開元段,.00,都市：住,,,,05840000
RPWOMLLLPHPFFAD98CC,開元段,.00,都市：商,,,,05870000
RPTPMLLLPHPFFCD98CC,育樂段,.00,都市：住,,,,12870009
RPPOMLMLPHPFFCD58CC,鹽埕段,9.00,都市：住,,,,01390062
RPPOMLMLPHPFFCD58CC,鹽埕段,111.00,都市：住,,,,01390027
RPTPMLMLPHPFFCD09CC,育樂段,.00,都市：商,,,,04460000
RPWPMLMLPHPFFCD76CC,育樂段,.00,都市：商,,,,08920000
RPXPMLMLPHPFFCD86CC,竹篙厝段,.00,都市：住,,,,14690003
RPPQMLMLPHPFFCD78CC,育樂段,.00,都市：商,,,,08910000
RPQNMLNLPHPFFCD68CC,竹篙厝段,535.00,都市：住,,,,37510000
RPVNMLMLPHPFFAD88CC,新南段,118.43,都市：住,,,,01090016
RPVNMLMLPHPFFAD88CC,新南段,119.57,都市：住,,,,01090063
RPWOMLMLPHPFFKD47CC,成功段,85.55,都市：住,,,,06160000
RPSNMLNLPHPFFCD88CC,水交社段,.00,都市：住,,,,00320000
RPSNMLNLPHPFFCD88CC,水交社段,.00,都市：住,,,,00330000
RPSNMLNLPHPFFCD88CC,水交社段,.00,都市：住,,,,00340000
RPVNMLNLPHPFFKD57EC,成功段,79.48,都市：住,,,,03080000
RPSOMLNLPHPFFCD98CC,育樂段,.00,都市：住,,,,03030000
RPVOMLOLPHPFFID37CC,車頭段,.00,都市：住,,,,04000000
RPWNMLOLPHPFFBD76DC,公塭段,14.24,都市：住,,,,01900010
RPWNMLOLPHPFFBD76DC,公塭段,76.37,都市：住,,,,01900014
RPQPMLOLPHPFFBD88CC,州南段,.00,都市：住,,,,04660000
RPSNMLOLPHPFFCD98CC,立德段,.00,都市：商,,,,01560000
RPOOMLOLPHPFFKD86CC,六甲頂段,.00,都市：住,,,,06840000
RPWOMLOLPHPFFID47CC,健康段,.00,都市：住,,,,00180018
RPOOMLOLPHPFFKD86CC,六甲頂段,.00,都市：住,,,,06910000
RPOOMLOLPHPFFKD86CC,六甲頂段,.00,都市：住,,,,06930000
RPOOMLOLPHPFFKD86CC,六甲頂段,.00,都市：住,,,,06940000
RPWNMLOLPHPFFKD57CC,永和段,.00,都市：商,,,,13110000
RPPOMLOLPHPFFAD58CC,環河段,.00,都市：住,,,,00620000
RPTPMLOLPHPFFKD47CC,鹽中段,517.51,都市：工,,,,14130015
RPPNMLOLPHPFFAD48CC,保安段,.00,都市：住,,,,60000025
RPUNMLOLPHPFFAD98CC,金華段,.00,都市：住,,,,00910040
RPSOMLOLPHPFFAD88CC,開元段,.00,都市：商,,,,03610005
RPPOMLOLPHPFFKD96CC,南工段,.00,都市：住,,,,00010000
RPQRMLOLPHPFFAD98CC,金華段,.00,都市：商,,,,01020003
RPORMLOLPHPFFAD78CC,永安段,33.00,都市：住,,,,11020000
RPPNMLQLPHPFFBD78CC,安東段,78.51,都市：住,,,,01950000
RPPOMLRLPHPFFHD96CC,蘇興段,.00,非都市：鄉村區 ; 非都市編定：乙種建築用地,,,,12030000
RPPPMLRLPHPFFGD96CC,廣安段,155.80,都市：住,,,,01600005
RPPPMLRLPHPFFAD98CC,永安段,.00,都市：商,,,,12930000
RPVNMLRLPHPFFAD76CC,仁愛段,.00,都市：商,,,,11020007
RPOPMLSLPHPFFAD98CC,東興段,.00,都市：住,,,,00380000
RPSOMLSLPHPFFAD66CC,新南段,.00,都市：住,,,,00900026
RPROMLSLPHPFFAD56CC,保安段,.00,都市：住,,,,13450000
RPWPMLSLPHPFFAD17CC,郡王祠段,.00,都市：住,,,,18290000
RPSQMLSLPHPFFAD86CC,金華段,.00,都市：住,,,,01050001
RPUQMLSLPHPFFAD07CC,郡王祠段,.00,都市：住,,,,13860000
RPUQMLSLPHPFFAD07CC,郡王祠段,.00,都市：住,,,,13870000
RPQRMLSLPHPFFAD76CC,金華段,.00,都市：住,,,,01050001
RPUQMLSLPHPFFAD07CC,郡王祠段,.00,都市：住,,,,13880000
RPROMLSLPHPFFKD57CC,二王段,.00,都市：住,,,,13890000
RPOOMLSLPHPFFKD27CC,六甲頂段,.00,都市：住,,,,10910000
RPVQMLSLPHPFFAD17CC,妙壽段,.00,都市：商,,,,10750000
RPUNMLSLPHPFFKD77CC,永信段,.00,都市：住,,,,09880000
RPTOMLSLPHPFFKD77CC,蜈蜞潭段,1.00,都市：住,,,,13050004
RPTOMLSLPHPFFKD77CC,蜈蜞潭段,173.00,都市：住,,,,13050002
RPTOMLSLPHPFFKD77CC,蜈蜞潭段,185.00,都市：住,,,,13050003
RPTOMLSLPHPFFKD77CC,蜈蜞潭段,96.00,都市：住,,,,13050000
RPTOMLSLPHPFFKD77CC,蜈蜞潭段,1139.00,都市：住,,,,13060001
RPTOMLSLPHPFFKD77CC,蜈蜞潭段,200.00,都市：住,,,,13060005
RPTOMLSLPHPFFKD77CC,蜈蜞潭段,33.00,都市：住,,,,13060006
RPTNMLSLPHPFFCD86CC,東安段,.00,都市：商,,,,10910000
RPSOMLSLPHPFFKD67CC,永康段,.00,都市：住,,,,15490000
RPSNMLSLPHPFFCD76CC,府東段,.00,都市：商,,,,07450000
RPUNMLSLPHPFFCD96CC,竹篙厝段,.00,都市：商,,,,16780008
RPOOMLSLPHPFFCD09CC,新東段,.00,都市：住,,,,12180000
RPXNMLSLPHPFFCD27CC,公英段,.00,都市：住,,,,00080000
RPPOMLSLPHPFFCD56CC,府連段,.00,都市：住,,,,08910000
RPQOMLSLPHPFFCD66CC,鹽埕段,.00,都市：住,,,,31080076
RPROMLSLPHPFFCD76CC,竹篙厝段,.00,都市：住,,,,20990002
RPSOMLSLPHPFFCD86CC,虎尾寮段,.00,都市：住,,,,04950058
RPTOMLSLPHPFFCD96CC,泉南段,.00,都市：住,,,,02380000
RPUOMLSLPHPFFCD07CC,東安段,.00,都市：住,,,,04800004
RPVNMLSLPHPFFGD57DC,佳里段,81.00,都市：住,,,,11060166
RPUPMLSLPHPFFCD17CC,公英段,.00,都市：住,,,,00080000
RPTPMLSLPHPFFID67CC,嘉南段,.00,都市：工,,,,01570000
RPPPMLSLPHPFFHD17CC,善新段,.00,都市：住,,,,00550021
RPUNMLSLPHPFFID57CC,保甲段,.00,都市：住,,,,03900000
RPUNMLSLPHPFFID57CC,保甲段,.00,都市：住,,,,03910000
RPOQMLSLPHPFFBD56CC,長和段,.00,都市：住,,,,10790011
RPVNMLTLPHPFFBD07CC,溪東段,110.91,都市：住,,,,01480005
RPVOMLTLPHPFFCD27CC,鹽埕段,53.00,都市：住,,,,01740167
RPPOMLTLPHPFFKD47CC,鹽北段,529.00,都市：工,,,,11060000
RPVOMLTLPHPFFCD27CC,鹽埕段,5.00,都市：住,,,,01740179
RPTPMLKMPHPFFAD78CC,新臨安段,.00,都市：住,,,,19510000
RPRPMLTLPHPFFAD76CC,新南段,.00,都市：商,,,,00390007
RPUNMLKMPHPFFCD88CC,精忠段,11.47,都市：住,,,,05380000
RPWNMLKMPHPFFCD09CC,鹽埕段,.00,都市：住,,,,02240102
RPWNMLKMPHPFFCD09CC,鹽埕段,.00,都市：住,,,,02240165
RPXNMLKMPHPFFCD56CC,竹篙厝段,.00,都市：住,,,,40150008
RPSNMLKMPHPFFID66CC,太子段,.00,都市：住,,,,04440000
RPSNMLKMPHPFFKD86CC,五王段,.00,都市：住,,,,09090000
RPWNMLLMPHPFFID17CC,武東段,94.92,都市：住,,,,04810006
RPSPMLLMPHPFFCD98CC,裕東段,.00,都市：住,,,,00280008
RPPOMLLMPHPFFCD58CC,虎尾寮段,.00,都市：住,,,,04610000
RPTPMLLMPHPFFKD27CC,成功段,.00,都市：住,,,,01860000
RPOOMLLMPHPFFAD28CC,康祥段,.00,都市：住,,,,01920000
RPWNMLLMPHPFFAD98CC,北元段,.00,都市：住,,,,03400000
RPROMLLMPHPFFAD58CC,頂美段,.00,都市：住,,,,08390000
RPWPMLLMPHPFFKD57CC,永興段,.00,都市：住,,,,10150000
RPWPMLLMPHPFFKD57CC,永興段,.00,都市：住,,,,10150001
RPOPMLLMPHPFFAD38CC,漁光段,.00,都市：商,,,,08660000
RPVOMLLMPHPFFAD98CC,漁光段,.00,都市：商,,,,08660000
RPXPMLLMPHPFFKD67CC,永信段,.00,都市：住,,,,10700000
RPXOMLLMPHPFFAD56CC,青年段,.00,都市：商,,,,01230000
RPVQMLLMPHPFFAD56CC,大豐段,.00,都市：住,,,,05190000
RPSOMLOJQHPFFAD78CC,仁愛段,.00,都市：住,,,,04500002
RPUOMLOJQHPFFAD98CC,東興段,.00,都市：住,,,,02520040
RPVOMLOJQHPFFAD09CC,中正段,.00,都市：商,,,,01090000
RPXOMLOJQHPFFAD66CC,新南段,.00,都市：住,,,,00480016
RPTOMLOJQHPFFCD09CC,新東段,.00,都市：商,,,,00140000
RPVOMLOJQHPFFCD66CC,東光段,.00,都市：住,,,,01400005
RPTOMLOJQHPFFCD09CC,新東段,.00,都市：住,,,,00140001
RPVOMLOJQHPFFCD66CC,東光段,.00,都市：住,,,,01410018
RPTOMLOJQHPFFAD88CC,華興段,.00,都市：住,,,,07230004
RPUOMLOJQHPFFCD56CC,虎尾寮段,.00,非都市： ; 非都市編定：,,,,03660090
RPOPMLOJQHPFFCD68CC,竹篙厝段,.00,都市：住,,,,35240005
RPOPMLOJQHPFFID66CC,和愛段,75.84,都市：住,,,,09260000
RPXOMLOJQHPFFCD86CC,東光段,.00,都市：住,,,,05390002
RPXOMLOJQHPFFCD86CC,東光段,.00,都市：住,,,,05390006
RPRPMLOJQHPFFCD98CC,竹篙厝段,.00,都市：住,,,,30510000
RPPOMLPJQHPFFHD66CC,大洲段,.00,非都市：鄉村區 ; 非都市編定：乙種建築用地,,,,03050000
RPQOMLPJQHPFFHD76CC,善文段,.00,都市：商,,,,00670000
RPQNMLPJQHPFFCD78CC,德高段,.00,都市：住,,,,06130002
RPTPMLOJQHPFFID17CC,保甲段,.00,都市：住,,,,03900000
RPTPMLOJQHPFFID17CC,保甲段,.00,都市：住,,,,03910000
RPWPMLPJQHPFFKD87DC,埔園段,16.93,都市：住,,,,03280000
RPUOMLPJQHPFFKD47CC,成功段,.00,都市：住,,,,01860000
RPVOMLPJQHPFFKD57CC,勝利段,.00,都市：住,,,,02790000
RPROMLPJQHPFFCD98CC,鹽埕段,2990.00,都市：工,,,,30850016
RPWOMLPJQHPFFKD67CC,永信段,.00,都市：住,,,,09880000
RPPPMLPJQHPFFKD07CC,永強段,.00,都市：住,,,,09640000
RPXOMLPJQHPFFKD77CC,六合段,.00,都市：住,,,,08770035
RPOQMLPJQHPFFAD68CC,漁光段,11.48,都市：商,,,,08690000
RPWNMLQJQHPFFKD67CC,成功段,.00,都市：住,,,,01860000
RPUPMLPJQHPFFAD56CC,廣慈段,.00,都市：商,,,,02130000
RPRQMLPJQHPFFAD98CC,金華段,.00,都市：住,,,,01100007
RPQQMLPJQHPFFAD88CC,延平段,.00,都市：住,,,,10630001
RPUNMLQJQHPFFKD47CC,大灣段,.00,都市：住,,,,69320002
RPXNMLQJQHPFFKD77CC,安康段,.00,都市：住,,,,09760000
RPQOMLQJQHPFFKD17CC,永康段,989.00,都市：住,,,,15440000
RPTOMLQJQHPFFKD47CC,鹽中段,.00,都市：住,,,,04560033
RPOOMLQJQHPFFCD78CC,育樂段,.00,都市：住,,,,04460000
RPVNMLQJQHPFFCD76CC,育樂段,.00,都市：住,,,,04460000
RPQNMLRJQHPFFBD88CC,溪墘段,96.12,都市：住,,,,03600000
RPWOMLQJQHPFFCD96CC,鹽埕段,.00,都市：住,,,,02900756
RPWOMLQJQHPFFKD77CC,南新段,.00,都市：住,,,,00820000
RPWOMLQJQHPFFKD77CC,南新段,.00,都市：住,,,,03890000
RPWOMLQJQHPFFKD77CC,南新段,.00,都市：住,,,,03920000
RPWOMLQJQHPFFKD77CC,南新段,.00,都市：住,,,,03930000
RPWOMLQJQHPFFKD77CC,南新段,.00,都市：住,,,,03960000
RPSNMLQJQHPFFGD96DC,潭墘段,199.52,都市：住,,,,09690000
RPVNMLRJQHPFFAD66CC,郡王祠段,.00,都市：住,,,,22160000
RPXNMLRJQHPFFAD86CC,保安段,.00,都市：住,,,,20750000
RPSNMLKKQHPFFHD09CC,善新段,153.75,都市：住,,,,02620089
RPPNMLMKQHPFFCD48CC,虎尾寮段,110.00,都市：住,,,,04960008
RPTNMLMKQHPFFCD88CC,竹篙厝段,13.84,都市：商,,,,19260000
RPUNMLMKQHPFFCD98CC,東光段,.00,都市：商,,,,00510008
RPSOMLLKQHPFFCD78CC,大山段,15.37,都市：住,,,,01160000
RPPNMLKKQHPFFFD58CC,興國段,54.97,都市：住,,,,14150021
RPWOMLKKQHPFFCD09CC,鹽埕段,.00,都市：商,,,,26170000
RPWOMLKKQHPFFCD09CC,鹽埕段,.00,都市：商,,,,26170003
RPWOMLKKQHPFFCD09CC,鹽埕段,.00,都市：住,,,,26180000
RPUOMLRJQHPFFAD66CC,青年段,19.41,都市：商,,,,03010000
RPQNMLMKQHPFFKD76CC,鹽新段,.00,都市：住,,,,04790000
RPRNMLMKQHPFFKD86CC,鹽埕段,.00,都市：住,,,,04700000
RPTNMLMKQHPFFKD07CC,兵南段,.00,都市：商,,,,01160000
RPOOMLMKQHPFFKD66CC,鹽新段,.00,都市：住,,,,11320000
RPSOMLMKQHPFFAD68CC,開元段,2.89,都市：住,,,,05840000
RPSOMLMKQHPFFAD68CC,開元段,5.92,都市：商,,,,05870000
RPWNMLMKQHPFFKD37CC,永信段,.00,都市：住,,,,06000000
RPWNMLMKQHPFFKD37CC,永信段,.00,都市：住,,,,06010000
RPQPMLMKQHPFFKD96CC,六甲頂段,.00,都市：住,,,,10910000
RPVNMLMKQHPFFBD98CC,海東段,.00,都市：住,,,,04340013
RPXOMLMKQHPFFAD56CC,金華段,.00,都市：商,,,,01340000
RPVQMLNKQHPFFBD76CC,和館段,.00,都市：住,,,,00940093
RPRPMLMKQHPFFAD68CC,北元段,.00,都市：住,,,,03400000
RPSOMLNKQHPFFHD86CC,大成段,.00,都市：農,,,,09770000
RPUNMLMKQHPFFAD78CC,自強段,.00,都市：商,,,,07140000
RPUNMLMKQHPFFAD78CC,自強段,.00,都市：商,,,,07150000
RPUNMLMKQHPFFAD78CC,自強段,.00,都市：商,,,,07160000
RPUNMLMKQHPFFAD78CC,自強段,.00,都市：商,,,,07170000
RPQOMLNKQHPFFAD58CC,金華段,.00,都市：商,,,,00020006
RPTOMLNKQHPFFAD88CC,金城段,.00,都市：住,,,,00550033
RPWOMLNKQHPFFAD56CC,立人段,.00,都市：住,,,,00650003
RPUNMLNKQHPFFID07CC,健康段,.00,都市：住,,,,00070089
RPQPMLNKQHPFFAD68CC,金華段,.00,都市：住,,,,00220089
RPPQMLNKQHPFFAD68CC,仁愛段,.00,都市：住,,,,10890000
RPRQMLNKQHPFFAD88CC,白金段,16.94,都市：商,,,,04580000
RPRQMLNKQHPFFAD88CC,白金段,250.79,都市：商,,,,04590000
RPSPMLNKQHPFFKD27CC,永康段,.00,都市：住,,,,16150000
RPOQMLNKQHPFFAD58CC,漁光段,.00,都市：商,,,,08660000
RPXNMLNKQHPFFCD76CC,竹篙厝段,.00,都市：工,,,,22660000
RPOQMLNKQHPFFKD96CC,橋北段,.00,都市：住,,,,00520000
RPPNMLOKQHPFFKD86CC,成功段,.00,都市：住,,,,05350000
RPRPMLOKQHPFFKD27CC,永仁段,28.26,都市：住,,,,10870000
RPRPMLOKQHPFFKD27CC,永仁段,4.47,都市：住,,,,10880000
RPVNMLOKQHPFFGD07CC,仁得段,.00,都市：住,,,,11250000
RPWOMLNKQHPFFCD76CC,竹篙厝段,.00,都市：住,,,,33420000
RPVNMLOKQHPFFFD96CC,寮子?段,19.71,非都市：鄉村區 ; 非都市編定：乙種建築用地,,,,02620005
RPVNMLOKQHPFFFD96CC,寮子?段,96.00,非都市：鄉村區 ; 非都市編定：乙種建築用地,,,,02620066
RPOOMLNKQHPFFCD58CC,育樂段,.00,都市：商,,,,08920000
RPTOMLNKQHPFFCD09CC,虎尾寮段,.00,都市：商,,,,04610000
RPWNMLOKQHPFFGD17CC,仁得段,.00,都市：住,,,,11250000
RPXNMLOKQHPFFGD37DC,仁得段,.00,都市：住,,,,11250000
RPPOMLRKQHPFFCD09CC,富農段,.00,都市：住,,,,00480000
RPPOMLRKQHPFFCD09CC,富農段,.00,都市：商,,,,00480001
RPWNMLPKQHPFFKD67CC,成功段,30.79,都市：住,,,,01670000
RPWOMLRKQHPFFKD97CC,橋北段,.00,都市：住,,,,00130000
RPSOMLRKQHPFFKD57CC,頂安段,188.56,都市：住,,,,03700000
RPWOMLRKQHPFFAD96CC,立人段,.00,都市：住,,,,00650003
RPTNMLRKQHPFFAD56CC,開元段,.00,都市：其他:市場用地,,,,04310001
RPPNMLRKQHPFFID96CC,嘉南段,9.00,都市：住,,,,07320000
RPVNMLSKQHPFFDD17CC,王公廟段,433.50,都市：工,,,,00280021
RPVNMLSKQHPFFDD17CC,王公廟段,433.50,都市：工,,,,00280078
RPTOMLSKQHPFFID57CC,二行段,.00,都市：住,,,,12050000
RPXOMLSKQHPFFID97CC,崙尾段,.00,都市：住,,,,05640017
RPXOMLSKQHPFFID97CC,崙尾段,.00,都市：住,,,,05670006
RPTPMLSKQHPFFAD86CC,環河段,33.03,都市：住,,,,21670000
RPUNMLSKQHPFFHD47CC,善新段,535.58,都市：住,,,,02320000
RPOQMLSKQHPFFAD09CC,府前段,.00,都市：商,,,,11900001
RPQQMLSKQHPFFAD66CC,金華段,.00,都市：住,,,,00870000
RPPQMLSKQHPFFAD56CC,府前段,.00,都市：商,,,,11900001
RPPPMLSKQHPFFKD47CC,橋北段,.00,都市：商,,,,00590000
RPTOMLSKQHPFFCD96CC,新興段,.00,都市：住,,,,02640028
RPOOMLTKQHPFFCD56CC,富農段,.00,都市：住,,,,00480000
RPOOMLTKQHPFFCD56CC,富農段,.00,都市：住,,,,00480001
RPRNMLTKQHPFFCD76CC,水交社段,18.66,都市：住,,,,00220000
RPUPMLOKQHPFFKD57CC,兵南段,6.53,都市：住,,,,05840000
RPXOMLTKQHPFFCD47CC,府東段,.00,都市：住,,,,04910000
RPXOMLTKQHPFFCD47CC,府東段,.00,都市：住,,,,04910001
RPSNMLTKQHPFFAD66CC,金華段,8.66,都市：住,,,,00840003
RPUNMLTKQHPFFAD86CC,中山段,.00,都市：商,,,,02140000
RPWOMLTKQHPFFAD17CC,金華段,.00,都市：住,,,,00040000
RPQOMLRKQHPFFCD56CC,仁和段,.00,都市：住,,,,12780000
RPQOMLTKQHPFFKD67DC,橋北段,89.54,都市：住,,,,00290016
RPUOMLTKQHPFFAD96CC,新南段,.00,都市：住,,,,01260010
RPUOMLTKQHPFFAD96CC,新南段,.00,都市：住,,,,01260011
RPROMLTKQHPFFKD77DC,橋北段,89.54,都市：住,,,,00290016
RPXOMLRKQHPFFAD07CC,頂美段,.00,都市：住,,,,13470000
RPSNMLKLQHPFFBD58CC,和館段,.00,都市：住,,,,00940093
RPQOMLKLQHPFFDD68CC,民治段,.00,都市：住,,,,04450000
RPWOMLKLQHPFFHD07CC,文正段,.00,都市：住,,,,05250000
RPUNMLKLQHPFFBD78CC,和成段,.00,都市：住,,,,07110000
RPTOMLKLQHPFFAD68CC,金城段,.00,都市：住,,,,00500014
RPWOMLKLQHPFFAD98CC,青年段,.00,都市：商,,,,01440000
RPXNMLKLQHPFFID17CC,崁腳北段,.00,都市：工,,,,09990000
RPOPMLKLQHPFFAD28CC,新南段,.00,都市：住,,,,00240025
RPQPMLKLQHPFFAD48CC,五條港段,.00,都市：商,,,,17700000
RPUOMLKLQHPFFAD78CC,大豐段,.00,都市：住,,,,07230000
RPUOMLKLQHPFFAD78CC,大豐段,.00,都市：其他:道路用地,,,,07240000
RPQNMLKLQHPFFCD48CC,竹篙厝段,.00,都市：商,,,,39520000
RPQNMLKLQHPFFCD48CC,竹篙厝段,.00,都市：商,,,,39520002
RPQNMLKLQHPFFCD48CC,竹篙厝段,.00,都市：商,,,,39520003
RPSPMLKLQHPFFKD07CC,大灣段,.00,都市：商,,,,60540000
RPQNMLKLQHPFFCD48CC,竹篙厝段,.00,都市：商,,,,39520004
RPSNMLLLQHPFFCD78CC,新興段,142.00,都市：住,,,,02320001
RPXNMLLLQHPFFKD47CC,成功段,19.57,都市：商,,,,05350000
RPUOMLKLQHPFFKD17CC,頂中段,.00,都市：住,,,,04650000
RPXOMLLLQHPFFCD76CC,虎尾寮段,3.59,都市：住,,,,04610000
RPVPMLLLQHPFFCD66CC,富農段,.00,都市：住,,,,00480000
RPVPMLLLQHPFFCD66CC,富農段,.00,都市：住,,,,00480001
RPPPMLLLQHPFFAD48CC,小北段,2.51,都市：住,,,,09690165
RPSOMLLLQHPFFCD88CC,虎尾寮段,70.00,都市：住,,,,04720138
RPPPMLLLQHPFFAD48CC,小北段,112.14,都市：住,,,,09690181
RPPPMLLLQHPFFAD48CC,小北段,6.62,都市：住,,,,09690182
RPQPMLLLQHPFFAD58CC,小北段,2.51,都市：住,,,,09690165
RPQPMLLLQHPFFAD58CC,小北段,112.14,都市：住,,,,09690181
RPQPMLLLQHPFFAD58CC,小北段,6.62,都市：住,,,,09690182
RPSPMLLLQHPFFKD27DC,自強段,87.92,都市：住,,,,07970000
RPOPMLLLQHPFFBD48CC,淵北段,.00,都市：住,,,,08850009
RPUNMLMLQHPFFBD98CC,溪東段,98.11,都市：住,,,,11890002
RPUNMLMLQHPFFBD98CC,溪東段,70.94,都市：住,,,,11890003
RPOPMLLLQHPFFCD58CC,新東段,.00,都市：住,,,,04470000
RPOPMLLLQHPFFCD58CC,新東段,.00,都市：住,,,,04480000
RPTNMLOLQHPFFAD98CC,華興段,.00,都市：住,,,,07230004
RPVNMLOLQHPFFBD66CC,溪東段,110.91,都市：住,,,,01480005
RPOOMLOLQHPFFAD58CC,永安段,1.56,都市：商,,,,14970000
RPOOMLOLQHPFFAD58CC,永安段,.88,都市：住,,,,14990000
RPOOMLOLQHPFFAD58CC,永安段,6.97,都市：住,,,,15000000
RPOOMLOLQHPFFAD58CC,永安段,12.92,都市：商,,,,15010000
RPVNMLPLQHPFFCD86CC,虎尾寮段,.00,都市：住,,,,03680011
RPUNMLPLQHPFFAD56CC,白金段,.00,都市：商,,,,03550000
RPSNMLOLQHPFFKD27CC,橋北段,94.11,都市：住,,,,00190145
RPUOMLPLQHPFFCD86CC,東安段,113.00,都市：商,,,,02240002
RPTOMLPLQHPFFAD56CC,孔廟段,101.20,都市：商,,,,01130000
RPPOMLPLQHPFFAD78CC,正覺段,.00,都市：其他:道路,,,,01030000
RPPOMLPLQHPFFAD78CC,正覺段,.00,都市：其他:道路,,,,01790000
RPPOMLPLQHPFFAD78CC,正覺段,.00,都市：住,,,,01800000
RPPOMLPLQHPFFAD78CC,正覺段,.00,都市：住,,,,02910000
RPSOMLPLQHPFFAD09CC,銀同段,.00,都市：商,,,,05760000
RPSOMLPLQHPFFAD09CC,銀同段,.00,都市：其他:道路,,,,05760001
RPSOMLPLQHPFFAD09CC,銀同段,.00,都市：商,,,,05770000
RPSOMLPLQHPFFAD09CC,銀同段,.00,都市：商,,,,05780000
RPSOMLPLQHPFFAD09CC,銀同段,.00,都市：其他:道路,,,,05780001
RPSOMLPLQHPFFAD09CC,銀同段,.00,都市：商,,,,05790000
RPPPMLPLQHPFFAD88CC,金城段,.00,都市：住,,,,00600000
RPPPMLPLQHPFFAD88CC,金城段,.00,都市：住,,,,00600013
RPPPMLPLQHPFFAD88CC,金城段,.00,都市：住,,,,00600014
RPPPMLPLQHPFFAD88CC,金城段,.00,都市：住,,,,00600015
RPPPMLPLQHPFFAD88CC,金城段,.00,都市：住,,,,00600016
RPPPMLPLQHPFFAD88CC,金城段,.00,都市：住,,,,00600017
RPXOMLPLQHPFFHD67CC,什美段,.00,非都市：鄉村區 ; 非都市編定：乙種建築用地,,,,05160001
RPUOMLPLQHPFFAD66CC,立人段,.00,都市：住,,,,00650003
RPXNMLPLQHPFFID67CC,武東段,.00,非都市： ; 非都市編定：,,,,05290017
RPSNMLPLQHPFFHD07CC,善新段,.00,都市：住,,,,01150000
RPPOMLQLQHPFFHD96CC,番子寮段,.00,非都市：特定專用區 ; 非都市編定：甲種建築用地,,,,15640003
RPVNMLQLQHPFFHD47CC,慶安段,21.85,都市：住,,,,02960000
RPTOMLQLQHPFFHD37CC,善文段,14.69,都市：住,,,,09770001
RPTOMLQLQHPFFHD37CC,善文段,60.30,都市：住,,,,09780002
RPUOMLQLQHPFFHD47CC,善新段,258.88,都市：其他:生活服務區(第三種住宅區),,,,02750003
RPUOMLQLQHPFFHD47CC,善新段,3.83,都市：其他:生活服務區(第三種住宅區),,,,02750004
RPUOMLQLQHPFFHD47CC,善新段,.56,都市：其他:生活服務區(第三種住宅區),,,,02750050
RPUOMLQLQHPFFHD47CC,善新段,16.65,都市：其他:生活服務區(第三種住宅區),,,,02750000
RPVOMLQLQHPFFHD57CC,大成段,116.35,都市：其他:,,,,02400000
RPUOMLQLQHPFFHD47CC,善新段,11.65,都市：其他:生活服務區(第三種住宅區),,,,02750001
RPUOMLQLQHPFFHD47CC,營新段,47.23,都市：其他:生活服務區(第三種住宅區),,,,00180000
RPVOMLQLQHPFFHD57CC,大成段,87.63,都市：其他:,,,,02410000
RPXOMLQLQHPFFHD77CC,善中段,24.87,都市：住,,,,14630000
RPWNMLQLQHPFFBD96CC,安慶段,.00,都市：住,,,,01070000
RPWNMLQLQHPFFBD96CC,安慶段,.00,都市：其他:道,,,,01070001
RPOPMLQLQHPFFHD96CC,大營段,1.19,非都市：特定農業區 ; 非都市編定：丁種建築用地,,,,26620022
RPOPMLQLQHPFFHD96CC,大營段,257.00,非都市：特定農業區 ; 非都市編定：丁種建築用地,,,,26620183
RPOPMLQLQHPFFHD96CC,大營段,.04,非都市：特定農業區 ; 非都市編定：丁種建築用地,,,,26620217
RPOPMLQLQHPFFHD96CC,大營段,54.40,非都市：特定農業區 ; 非都市編定：丁種建築用地,,,,26620218
RPOPMLQLQHPFFAD88CC,孔廟段,.00,都市：商,,,,00920000
RPOPMLQLQHPFFAD88CC,孔廟段,.00,都市：商,,,,00930000
RPTNMLQLQHPFFBD66CC,海東段,.00,都市：住,,,,09890000
RPTPMLQLQHPFFAD76CC,金華段,.00,都市：住,,,,00450001
RPQPMLQLQHPFFAD09CC,新南段,.00,都市：住,,,,00810073
RPXQMLQLQHPFFAD27CC,康祥段,.00,都市：住,,,,03220000
RPSPMLQLQHPFFAD66CC,環河段,.00,都市：住,,,,01000000
RPSPMLQLQHPFFAD66CC,環河段,.00,都市：住,,,,01010000
RPTRMLQLQHPFFAD96CC,金華段,.00,都市：住,,,,00590000
RPSTMLQLQHPFFAD07CC,南門段,.00,都市：住,,,,19370000
RPURMLQLQHPFFAD07CC,金華段,.00,都市：住,,,,00870000
RPPTMLQLQHPFFAD76CC,北元段,210.57,都市：住,,,,01820000
RPPSMLQLQHPFFAD66CC,新南段,13.46,都市：商,,,,00370005
RPVNMLQLQHPFFCD96CC,鹽埕段,.00,都市：住,,,,20680007
RPTTMLQLQHPFFAD17CC,妙壽段,.00,都市：住,,,,04990000
RPQNMLQLQHPFFCD09CC,竹篙厝段,.00,都市：住,,,,40260000
RPPNMLQLQHPFFCD98CC,鹽埕段,.00,都市：住,,,,02680008
RPWNMLQLQHPFFCD07CC,竹篙厝段,.00,都市：住,,,,12750000
RPXOMLQLQHPFFCD27CC,竹篙厝段,.00,都市：住,,,,21300000
RPXOMLQLQHPFFCD27CC,竹篙厝段,.00,都市：住,,,,21310000
RPOPMLQLQHPFFCD09CC,公英段,.00,都市：住,,,,00700001
RPOPMLQLQHPFFCD09CC,公英段,104.00,都市：住,,,,00700000
RPTOMLQLQHPFFCD86CC,仁和段,.00,都市：住,,,,08940000
RPOOMLQLQHPFFCD98CC,鹽埕段,.00,都市：住,,,,31050023
RPPPMLQLQHPFFCD56CC,光華段,.00,都市：商,,,,10680000
RPPPMLQLQHPFFCD56CC,光華段,.00,都市：住,,,,10690000
RPRNMLQLQHPFFKD37CC,兵北段,.00,都市：住,,,,00410000
RPVNMLRLQHPFFCD07CC,鹽埕段,.00,都市：住,,,,06771226
RPROMLRLQHPFFKD57CC,鹽新段,.00,都市：住,,,,11320000
RPXNMLRLQHPFFKD08CC,頂東段,.00,都市：工,,,,07330000
RPOOMLRLQHPFFKD27CC,六合段,.00,都市：住,,,,08030000
RPTOMLRLQHPFFCD96CC,水交社段,.00,都市：住,,,,00330000
RPTOMLRLQHPFFCD96CC,水交社段,.00,都市：住,,,,00320000
RPTOMLRLQHPFFCD96CC,水交社段,.00,都市：住,,,,00340000
RPXNMLRLQHPFFAD07CC,北元段,.00,都市：住,,,,01640000
RPTNMLRLQHPFFAD66CC,五條港段,.00,都市：商,,,,18560000
RPPOMLRLQHPFFAD98CC,立人段,.00,都市：住,,,,00650004
RPPOMLRLQHPFFAD98CC,立人段,.00,都市：商,,,,01040000
RPXNMLRLQHPFFHD77CC,南港段,.00,都市：住,,,,08040000
RPROMLRLQHPFFDD86CC,新營段,949.46,都市：住,,,,13160001
RPPOMLRLQHPFFHD07CC,慶安段,.00,都市：住,,,,03870006
RPQNMLSLQHPFFED86CC,嶺頂段,.00,都市：住,,,,01540000
RPTNMLSLQHPFFHD57DC,新北段,1274.98,都市：住,,,,00320000
RPTOMLSLQHPFFID67CC,二行段,.00,都市：住,,,,05120000
RPQOMLSLQHPFFAD66DC,南門段,166.10,都市：住,,,,04340000
RPSNMLSLQHPFFAD66CC,新南段,.00,都市：住,,,,00590050
RPVOMLSLQHPFFAD07CC,頂美段,.00,都市：住,,,,07530000
RPROMLSLQHPFFAD66CC,新南段,.00,都市：住,,,,00700044
RPPOMLSLQHPFFAD09CC,正興段,.00,都市：商,,,,10420001
RPPNMLSLQHPFFCD56CC,竹篙厝段,.00,都市：住,,,,08650005
RPQNMLSLQHPFFCD66CC,育樂段,110.00,都市：其他:道路用地,,,,10620003
RPWNMLSLQHPFFCD27CC,東安段,.00,都市：住,,,,06190000
RPVNMLSLQHPFFCD17CC,富農段,.00,都市：住,,,,04540000
RPPOMLSLQHPFFCD66CC,新都心段,.00,都市：住,,,,00420000
RPRNMLSLQHPFFCD76CC,育樂段,110.00,都市：其他:道路用地,,,,10620003
RPPPMLSLQHPFFCD76CC,鹽埕段,.00,都市：住,,,,01500089
RPTOMLSLQHPFFCD07CC,竹篙厝段,.00,都市：商,,,,37320000
RPXOMLSLQHPFFCD47CC,竹篙厝段,.00,都市：住,,,,17260009
RPSPMLSLQHPFFCD07CC,東寧段,.00,都市：住,,,,04390001
RPVNMLSLQHPFFKD97CC,永和段,.00,都市：住,,,,01380000
RPSOMLSLQHPFFKD77CC,鹽北段,331.00,都市：工,,,,11060000
RPWOMLLMQHPFFCD76CC,德高段,63.00,都市：住,,,,05320000
RPVOMLLMQHPFFAD09CC,武聖段,.00,都市：住,,,,09760000
RPQOMLLJRHPFFCD58CC,東安段,.00,都市：住,,,,05010000
RPTOMLLJRHPFFKD07CC,二王段,.00,都市：住,,,,15940000
RPSPMLLMQHPFFAD88CC,北元段,.00,都市：住,,,,04330000
RPROMLLJRHPFFKD86CC,成功段,.00,都市：商,,,,01190000
RPUOMLLJRHPFFKD17CC,鹽行段,.00,都市：住,,,,14890001
RPXNMLLJRHPFFKD47DC,橋北段,89.54,都市：住,,,,00290016
RPRNMLLJRHPFFID56CC,嘉南段,9.00,都市：住,,,,07320000
RPXNMLLJRHPFFID17CC,南興段,300.00,都市：工,,,,04530003
RPPOMLLJRHPFFID09CC,媽祖廟段二小段,315.00,非都市：特定農業區 ; 非都市編定：農牧用地,,,,05420000
RPVOMLMJRHPFFKD37CC,鹽中段,.00,都市：住,,,,04560033
RPPPMLMJRHPFFAD58DC,延平段,32.06,都市：住,,,,11690060
RPSNMLMJRHPFFHD66CC,大榮段,12.97,都市：住,,,,07780000
RPSNMLMJRHPFFHD66CC,大榮段,.71,都市：住,,,,07790000
RPSNMLMJRHPFFHD66CC,大榮段,8.75,都市：住,,,,07800000
RPQPMLMJRHPFFKD96CC,永和段,.00,都市：商,,,,13880000
RPWOMLMJRHPFFKD47CC,鹽中段,.00,都市：住,,,,04560033
RPRPMLMJRHPFFKD07CC,鹽新段,.00,都市：住,,,,11680000
RPOPMLMJRHPFFAD38CC,開元段,.00,都市：商,,,,03610005
RPVOMLMJRHPFFCD56CC,虎尾寮段,.00,都市：住,,,,04610000
RPUPMLMJRHPFFAD98CC,南門段,.00,都市：住,,,,21030000
RPSNMLNJRHPFFAD68CC,府前段,.00,都市：商,,,,13160000
RPSNMLNJRHPFFAD68CC,府前段,.00,都市：商,,,,13170000
RPTPMLMJRHPFFAD88CC,金華段,.00,都市：住,,,,01040004
RPPPMLNJRHPFFCD78CC,育樂段,.00,都市：住,,,,11940001
RPPQMLMJRHPFFAD58CC,永安段,.00,都市：住,,,,19750000
RPPQMLMJRHPFFAD58CC,永安段,.00,都市：住,,,,19770000
RPPQMLMJRHPFFAD58CC,永安段,.00,都市：住,,,,19780000
RPRNMLNJRHPFFCD78CC,光華段,.00,都市：住,,,,01890000
RPWNMLNJRHPFFAD09CC,保西段,3.08,都市：商,,,,06790000
RPWNMLNJRHPFFAD09CC,保西段,3.67,都市：商,,,,06800000
RPWNMLNJRHPFFAD09CC,保西段,11.31,都市：商,,,,06700000
RPWNMLNJRHPFFAD09CC,保西段,17.11,都市：商,,,,06820000
RPWNMLNJRHPFFAD09CC,保西段,19.51,都市：商,,,,06810000
RPWOMLNJRHPFFAD56CC,金華段,9.75,都市：商,,,,00640000
RPXNMLOJRHPFFCD86CC,竹篙厝段,140.00,都市：商,,,,13980000
RPQPMLNJRHPFFCD88CC,育樂段,.00,都市：住,,,,11940001
RPRNMLRJRHPFFCD56CC,虎尾寮段,2557.00,都市：住,,,,03740002
RPXNMLOJRHPFFHD37CC,曾文段,1339.00,都市：工,,,,26870000
RPSOMLRJRHPFFHD27CC,光華段,128.98,都市：住,,,,11410000
RPSPMLRJRHPFFHD37CC,南港段,93.64,都市：住,,,,03760000
RPQNMLRJRHPFFAD88CC,漁光段,.00,都市：商,,,,08660000
RPPPMLSJRHPFFAD09CC,金華段,.00,都市：商,,,,01340000
RPSPMLRJRHPFFAD66CC,南門段,26.68,都市：住,,,,03940000
RPQNMLSJRHPFFAD98CC,新南段,.00,都市：住,,,,01110003
RPQNMLSJRHPFFID17CC,嘉南段,.00,都市：住,,,,07320000
RPSOMLSJRHPFFKD67CC,鹽中段,.00,都市：住,,,,04560033
RPVOMLTJRHPFFAD17DC,公園段,.00,都市：商,,,,09390000
RPVOMLTJRHPFFAD17DC,公園段,.00,都市：商,,,,09390001
RPVOMLTJRHPFFAD17DC,公園段,.00,都市：其他:道路用地,,,,09390003
RPTOMLSJRHPFFKD77CC,六合段,6.16,都市：商,,,,02460000
RPTOMLSJRHPFFID57CC,清水段,12.16,都市：住,,,,05550000
RPTOMLSJRHPFFID57CC,清水段,92.98,都市：住,,,,05570000
RPTOMLSJRHPFFID57CC,清水段,85.97,都市：住,,,,05540000
RPTOMLSJRHPFFID57CC,清水段,10.07,都市：住,,,,05580000
RPWOMLTJRHPFFAD27DC,公園段,.00,都市：商,,,,09390000
RPWOMLTJRHPFFAD27DC,公園段,.00,都市：商,,,,09390001
RPWOMLTJRHPFFAD27DC,公園段,.00,都市：其他:道路用地,,,,09390003
RPWPMLTJRHPFFAD37DC,小北段,773.81,都市：住,,,,09980175
RPVNMLTJRHPFFHD67CC,保加段,.00,都市：商,,,,06370005
RPQPMLTJRHPFFKD67CC,大灣段,.00,都市：住,,,,39590017
RPQPMLTJRHPFFKD67CC,大灣段,.00,都市：住,,,,39590018
RPWNMLTJRHPFFBD17CC,和館段,.00,都市：住,,,,00440119
RPSPMLTJRHPFFKD87CC,六甲頂段,.00,都市：住,,,,08990000
RPOQMLTJRHPFFKD57CC,鹽東段,.00,都市：住,,,,16110000
RPUPMLTJRHPFFKD08CC,南新段,.00,都市：住,,,,09730000
RPUPMLTJRHPFFKD08CC,南新段,.00,都市：住,,,,09740000
RPUNMLTJRHPFFCD07CC,仁和段,.00,都市：住,,,,04760014
RPQNMLTJRHPFFCD66CC,新都心段,.00,都市：商,,,,00420000
RPVPMLTJRHPFFKD18CC,王田段,.00,都市：住,,,,14070000
RPPPMLTJRHPFFCD76CC,精忠段,.00,都市：住,,,,10240000
RPWNMLTJRHPFFCD27CC,公英段,.00,都市：住,,,,01680002
RPQPMLTJRHPFFAD66CC,廣慈段,.00,都市：商,,,,04780000
RPROMLTJRHPFFAD66CC,上鯤鯓段,.00,都市：住,,,,04030000
RPSOMLTJRHPFFAD76CC,北元段,.00,都市：住,,,,07290000
RPUNMLTJRHPFFAD86CC,新南段,.00,都市：住,,,,21830000
RPRNMLKKRHPFFAD38CC,金華段,.00,都市：住,,,,01040000
RPRPMLTJRHPFFAD76CC,新南段,.00,都市：住,,,,00240025
RPQNMLKKRHPFFAD28CC,檨仔林段,233.83,都市：商,,,,00460000
RPOPMLKKRHPFFAD28CC,東興段,.00,都市：住,,,,09710000
RPQNMLKKRHPFFAD28CC,檨仔林段,9.67,都市：其他:學校用地,,,,00460001
RPUPMLKKRHPFFAD88CC,武聖段,11.96,都市：住,,,,23250000
RPOOMLKKRHPFFAD18CC,金華段,.00,都市：住,,,,00840003
RPVPMLKKRHPFFAD98CC,南門段,.00,都市：住,,,,19980000
RPVPMLKKRHPFFAD98CC,南門段,.00,都市：住,,,,19990000
RPSNMLKKRHPFFCD68CC,自由段,.00,都市：住,,,,00580000
RPTNMLKKRHPFFCD78CC,泉南段,.00,都市：住,,,,06180000
RPQOMLKKRHPFFKD76CC,橋北段,.00,都市：住,,,,00040000
RPUNMLKKRHPFFCD88CC,竹篙厝段,.00,都市：住,,,,27760000
RPWNMLKKRHPFFCD09CC,竹篙厝段,.00,都市：住,,,,27760000
RPXNMLKKRHPFFCD56CC,泉南段,.00,都市：住,,,,02910000
RPWPMLKKRHPFFAD09CC,光賢段,.00,都市：住,,,,04490000
RPROMLKKRHPFFKD86CC,兵南段,.00,都市：住,,,,05420000
RPSOMLKKRHPFFKD96CC,兵南段,.00,都市：住,,,,05970000
RPXPMLKKRHPFFKD57CC,南工段,.00,都市：住,,,,10660000
RPTOMLKKRHPFFHD76CC,福壽段,70.55,都市：住,,,,01020000
RPQNMLKKRHPFFDD58CC,東昇段,.00,都市：住,,,,07580003
