﻿鄉鎮市區,交易標的,土地位置建物門牌,土地移轉總面積平方公尺,都市土地使用分區,非都市土地使用分區,非都市土地使用編定,交易年月日,交易筆棟數,移轉層次,總樓層數,建物型態,主要用途,主要建材,建築完成年月,建物移轉總面積平方公尺,建物現況格局-房,建物現況格局-廳,建物現況格局-衛,建物現況格局-隔間,有無管理組織,總價元,單價元平方公尺,車位類別,車位移轉總面積平方公尺,車位總價元,備註,編號
The villages and towns urban district,transaction sign,land sector position building sector house number plate,land shifting total area square meter,the use zoning or compiles and checks,the non-metropolis land use district,non-metropolis land use,transaction year month and day,transaction pen number,shifting level,total floor number,building state,main use,main building materials,construction to complete the years,building shifting total area,Building present situation pattern - room,building present situation pattern - hall,building present situation pattern - health,building present situation pattern - compartmented,Whether there is manages the organization,total price NTD,the unit price (NTD / square meter),the berth category,berth shifting total area square meter,the berth total price NTD,the note,serial number
北區,房地(土地+建物),臺南市北區海安路3段B06棟11樓,11.15,住,,,1051224,土地1建物1車位0,十一層,24,住宅大樓(11層含以上有電梯),住家用,鋼筋混凝土造,,94.1,1,2,2,有,無,6420000,68225,,0.0,0,,RPOQMLKLOHPFFAD08CB
北區,房地(土地+建物)+車位,臺南市北區海安路3段B02棟05樓,11.15,住,,,1051224,土地1建物1車位1,五層,24,住宅大樓(11層含以上有電梯),住家用,鋼筋混凝土造,,127.4,1,2,2,有,無,7600000,68013,坡道平面,33.3,1200000,,RPQQMLKLOHPFFAD28CB
北區,房地(土地+建物)+車位,臺南市北區海安路3段B05棟21樓,15.21,住,,,1051229,土地1建物1車位1,二十一層,24,住宅大樓(11層含以上有電梯),住家用,鋼筋混凝土造,,161.76,2,2,2,有,無,9980000,69905,坡道平面,33.3,1000000,,RPRQMLKLOHPFFAD38CB
北區,房地(土地+建物),臺南市北區海安路3段B06棟21樓,11.15,住,,,1060103,土地1建物1車位0,二十一層,24,住宅大樓(11層含以上有電梯),住家用,鋼筋混凝土造,,94.1,1,2,2,有,無,6530000,69394,,0.0,0,,RPSQMLKLOHPFFAD48CB
北區,房地(土地+建物)+車位,臺南市北區海安路3段A01棟24樓,15.18,住,,,1051225,土地1建物1車位1,二十四層,24,住宅大樓(11層含以上有電梯),住家用,鋼筋混凝土造,,161.96,2,2,2,有,無,10760000,73916,坡道平面,33.3,1250000,,RPTQMLKLOHPFFAD58CB
北區,房地(土地+建物)+車位,臺南市北區海安路3段A01棟13樓,15.14,住,,,1060410,土地1建物1車位1,十三層,24,住宅大樓(11層含以上有電梯),住家用,鋼筋混凝土造,,161.96,2,2,2,有,無,10710000,73527,坡道平面,33.3,1250000,,RPUQMLKLOHPFFAD68CB
北區,房地(土地+建物)+車位,臺南市北區海安路3段A02棟24樓,11.15,住,,,1051225,土地1建物1車位1,二十四層,24,住宅大樓(11層含以上有電梯),住家用,鋼筋混凝土造,,127.63,1,2,2,有,無,8060000,72723,坡道平面,33.3,1200000,,RPVQMLKLOHPFFAD78CB
北區,房地(土地+建物)+車位,臺南市北區海安路3段A07棟10樓,15.18,住,,,1060104,土地1建物1車位1,十層,24,住宅大樓(11層含以上有電梯),住家用,鋼筋混凝土造,,162.05,2,2,2,有,無,9980000,67806,坡道平面,33.3,1250000,,RPWQMLKLOHPFFAD88CB
北區,房地(土地+建物),臺南市北區海安路3段B06棟05樓,11.15,住,,,1051227,土地1建物1車位0,五層,24,住宅大樓(11層含以上有電梯),住家用,鋼筋混凝土造,,94.1,1,2,2,有,無,6360000,67588,,0.0,0,,RPXQMLKLOHPFFAD98CB
北區,房地(土地+建物)+車位,臺南市北區海安路3段A07棟03樓,15.18,住,,,1060410,土地1建物1車位1,三層,24,住宅大樓(11層含以上有電梯),住家用,鋼筋混凝土造,,162.05,2,2,2,有,無,9430000,65087,坡道平面,33.3,1050000,,RPORMLKLOHPFFAD18CB
北區,房地(土地+建物)+車位,臺南市北區海安路3段A07棟19樓,15.18,住,,,1060106,土地1建物1車位1,十九層,24,住宅大樓(11層含以上有電梯),住家用,鋼筋混凝土造,,162.05,2,2,2,有,無,10210000,69592,坡道平面,33.3,1250000,,RPPRMLKLOHPFFAD28CB
北區,房地(土地+建物)+車位,臺南市北區海安路3段B01棟03樓,15.14,住,,,1060410,土地1建物1車位1,三層,24,住宅大樓(11層含以上有電梯),住家用,鋼筋混凝土造,,161.64,2,2,2,有,無,9400000,63503,坡道平面,33.3,1250000,,RPQRMLKLOHPFFAD38CB
北區,房地(土地+建物),臺南市北區海安路3段B06棟13樓,11.15,住,,,1051229,土地1建物1車位0,十三層,24,住宅大樓(11層含以上有電梯),住家用,鋼筋混凝土造,,94.1,1,2,2,有,無,5700000,60574,,0.0,0,,RPSRMLKLOHPFFAD58CB
北區,房地(土地+建物)+車位,臺南市北區海安路3段B07棟03樓,15.18,住,,,1060419,土地1建物1車位1,三層,24,住宅大樓(11層含以上有電梯),住家用,鋼筋混凝土造,,161.73,2,2,2,有,無,9150000,61668,坡道平面,33.3,1230000,,RPTRMLKLOHPFFAD68CB
北區,房地(土地+建物)+車位,臺南市北區海安路3段A05棟20樓,15.21,住,,,1060106,土地1建物1車位1,二十層,24,住宅大樓(11層含以上有電梯),住家用,鋼筋混凝土造,,162.08,2,2,2,有,無,10200000,71440,坡道平面,33.3,1000000,,RPURMLKLOHPFFAD78CB
北區,房地(土地+建物)+車位,臺南市北區海安路3段B05棟04樓,15.21,住,,,1060421,土地1建物1車位1,四層,24,住宅大樓(11層含以上有電梯),住家用,鋼筋混凝土造,,161.76,2,2,2,有,無,9680000,66791,坡道平面,33.3,1100000,,RPVRMLKLOHPFFAD88CB
北區,房地(土地+建物)+車位,臺南市北區海安路3段A03棟21樓,15.21,住,,,1060103,土地1建物1車位1,二十一層,24,住宅大樓(11層含以上有電梯),住家用,鋼筋混凝土造,,162.08,2,2,2,有,無,10300000,71828,坡道平面,33.3,1050000,,RPWRMLKLOHPFFAD98CB
北區,房地(土地+建物)+車位,臺南市北區海安路3段A01棟03樓,15.14,住,,,1060422,土地1建物1車位1,三層,24,住宅大樓(11層含以上有電梯),住家用,鋼筋混凝土造,,161.96,2,2,2,有,無,9800000,68009,坡道平面,33.3,1050000,,RPXRMLKLOHPFFAD09CB
北區,房地(土地+建物)+車位,臺南市北區海安路3段A02棟03樓,11.15,住,,,1060422,土地1建物1車位1,三層,24,住宅大樓(11層含以上有電梯),住家用,鋼筋混凝土造,,127.63,1,2,2,有,無,7200000,65197,坡道平面,33.3,1050000,,RPOSMLKLOHPFFAD28CB
北區,房地(土地+建物)+車位,臺南市北區海安路3段A01棟19樓,15.18,住,,,1060425,土地1建物1車位1,十九層,24,住宅大樓(11層含以上有電梯),住家用,鋼筋混凝土造,,161.96,2,2,2,有,無,10830000,75626,坡道平面,33.3,1100000,,RPPSMLKLOHPFFAD38CB
北區,房地(土地+建物)+車位,臺南市北區海安路3段A03棟19樓,15.21,住,,,1060817,土地1建物1車位1,十九層,24,住宅大樓(11層含以上有電梯),住家用,鋼筋混凝土造,,162.08,2,2,2,有,無,10450000,72604,坡道平面,33.3,1100000,,RPQSMLKLOHPFFAD48CB
北區,房地(土地+建物),臺南市北區海安路3段B06棟04樓,11.15,住,,,1060502,土地1建物1車位0,四層,24,住宅大樓(11層含以上有電梯),住家用,鋼筋混凝土造,,94.1,1,2,2,有,無,6400000,68013,,0.0,0,,RPSSMLKLOHPFFAD68CB
北區,房地(土地+建物)+車位,臺南市北區海安路3段B07棟04樓,15.18,住,,,1060502,土地1建物1車位1,四層,24,住宅大樓(11層含以上有電梯),住家用,鋼筋混凝土造,,161.73,2,2,2,有,無,9160000,63147,坡道平面,33.3,1050000,,RPTSMLKLOHPFFAD78CB
北區,房地(土地+建物)+車位,臺南市北區海安路3段B02棟04樓,11.15,住,,,1060503,土地1建物1車位1,四層,24,住宅大樓(11層含以上有電梯),住家用,鋼筋混凝土造,,127.4,1,2,2,有,無,7250000,65887,坡道平面,33.3,1050000,,RPUSMLKLOHPFFAD88CB
北區,房地(土地+建物),臺南市北區海安路3段B02棟15樓,11.15,住,,,1051231,土地1建物1車位0,十五層,24,住宅大樓(11層含以上有電梯),住家用,鋼筋混凝土造,,94.1,1,2,2,有,無,6580000,69926,,0.0,0,,RPVSMLKLOHPFFAD98CB
北區,房地(土地+建物)+車位,臺南市北區海安路3段B03棟13樓,15.21,住,,,1060109,土地1建物1車位1,十三層,24,住宅大樓(11層含以上有電梯),住家用,鋼筋混凝土造,,161.76,2,2,2,有,無,9990000,69983,坡道平面,33.3,1000000,,RPXSMLKLOHPFFAD56CB
北區,房地(土地+建物)+車位,臺南市北區海安路3段A01棟20樓,15.18,住,,,1051231,土地1建物1車位1,二十層,24,住宅大樓(11層含以上有電梯),住家用,鋼筋混凝土造,,161.96,2,2,2,有,無,10720000,75159,坡道平面,33.3,1050000,,RPOTMLKLOHPFFAD38CB
北區,房地(土地+建物)+車位,臺南市北區海安路3段B03棟24樓,15.21,住,,,1060102,土地1建物1車位1,二十四層,24,住宅大樓(11層含以上有電梯),住家用,鋼筋混凝土造,,161.76,2,2,2,有,無,10360000,70917,坡道平面,33.3,1250000,,RPPTMLKLOHPFFAD48CB
北區,房地(土地+建物)+車位,臺南市北區海安路3段A07棟05樓,15.18,住,,,1060110,土地1建物1車位1,五層,24,住宅大樓(11層含以上有電梯),住家用,鋼筋混凝土造,,162.05,2,2,2,有,無,9890000,69049,坡道平面,33.3,1000000,,RPQTMLKLOHPFFAD58CB
北區,房地(土地+建物)+車位,臺南市北區海安路3段B07棟15樓,15.18,住,,,1060109,土地1建物1車位1,十五層,24,住宅大樓(11層含以上有電梯),住家用,鋼筋混凝土造,,161.73,2,2,2,有,無,10050000,70466,坡道平面,33.3,1000000,,RPRTMLKLOHPFFAD68CB
北區,房地(土地+建物),臺南市北區海安路3段B06棟06樓,11.15,住,,,1060103,土地1建物1車位0,六層,24,住宅大樓(11層含以上有電梯),住家用,鋼筋混凝土造,,94.1,1,2,2,有,無,6380000,67800,,0.0,0,,RPUTMLKLOHPFFAD98CB
北區,房地(土地+建物),臺南市北區海安路3段B06棟24樓,11.15,住,,,1060110,土地1建物1車位0,二十四層,24,住宅大樓(11層含以上有電梯),住家用,鋼筋混凝土造,,94.1,1,2,2,有,無,6720000,71413,,0.0,0,,RPVTMLKLOHPFFAD09CB
北區,房地(土地+建物)+車位,臺南市北區海安路3段B07棟24樓,15.18,住,,,1060110,土地1建物1車位1,二十四層,24,住宅大樓(11層含以上有電梯),住家用,鋼筋混凝土造,,161.73,2,2,2,有,無,10480000,71868,坡道平面,33.3,1250000,,RPWTMLKLOHPFFAD56CB
北區,房地(土地+建物)+車位,臺南市北區海安路3段B05棟11樓,15.21,住,,,1060102,土地1建物1車位1,十一層,24,住宅大樓(11層含以上有電梯),住家用,鋼筋混凝土造,,161.76,2,2,2,有,無,9900000,69282,坡道平面,33.3,1000000,,RPXTMLKLOHPFFAD66CB
北區,房地(土地+建物)+車位,臺南市北區海安路3段A01棟10樓,15.14,住,,,1060103,土地1建物1車位1,十層,24,住宅大樓(11層含以上有電梯),住家用,鋼筋混凝土造,,161.96,2,2,2,有,無,10470000,72050,坡道平面,33.3,1200000,,RPOUMLKLOHPFFAD48CB
北區,房地(土地+建物)+車位,臺南市北區海安路3段B05棟13樓,15.21,住,,,1060105,土地1建物1車位1,十三層,24,住宅大樓(11層含以上有電梯),住家用,鋼筋混凝土造,,161.76,2,2,2,有,無,9900000,68893,坡道平面,33.3,1050000,,RPPUMLKLOHPFFAD58CB
北區,房地(土地+建物)+車位,臺南市北區海安路3段A06棟21樓,11.15,住,,,1060107,土地1建物1車位1,二十一層,24,住宅大樓(11層含以上有電梯),住家用,鋼筋混凝土造,,127.63,1,2,2,有,無,7750000,71557,坡道平面,33.3,1000000,,RPRUMLKLOHPFFAD78CB
北區,房地(土地+建物)+車位,臺南市北區海安路3段A03棟05樓,15.21,住,,,1060105,土地1建物1車位1,五層,24,住宅大樓(11層含以上有電梯),住家用,鋼筋混凝土造,,162.08,2,2,2,有,無,10340000,70585,坡道平面,33.3,1250000,,RPSUMLKLOHPFFAD88CB
北區,房地(土地+建物)+車位,臺南市北區海安路3段B05棟07樓,15.21,住,,,1060105,土地1建物1車位1,七層,24,住宅大樓(11層含以上有電梯),住家用,鋼筋混凝土造,,161.76,2,2,2,有,無,9760000,68192,坡道平面,33.3,1000000,,RPTUMLKLOHPFFAD98CB
北區,房地(土地+建物)+車位,臺南市北區海安路3段B02棟11樓,11.15,住,,,1060107,土地1建物1車位1,十一層,24,住宅大樓(11層含以上有電梯),住家用,鋼筋混凝土造,,127.4,1,2,2,有,無,7530000,68863,坡道平面,33.3,1050000,,RPUUMLKLOHPFFAD09CB
北區,房地(土地+建物)+車位,臺南市北區海安路3段B05棟20樓,15.21,住,,,1060106,土地1建物1車位1,二十層,24,住宅大樓(11層含以上有電梯),住家用,鋼筋混凝土造,,161.76,2,2,2,有,無,10280000,70294,坡道平面,33.3,1250000,,RPVUMLKLOHPFFAD56CB
北區,房地(土地+建物)+車位,臺南市北區海安路3段B01棟24樓,15.18,住,,,1060210,土地1建物1車位1,二十四層,24,住宅大樓(11層含以上有電梯),住家用,鋼筋混凝土造,,161.64,2,2,2,有,無,10380000,72698,坡道平面,33.3,1050000,,RPWUMLKLOHPFFAD66CB
北區,房地(土地+建物)+車位,臺南市北區海安路3段B02棟24樓,11.15,住,,,1060109,土地1建物1車位1,二十四層,24,住宅大樓(11層含以上有電梯),住家用,鋼筋混凝土造,,127.4,1,2,2,有,無,7980000,71520,坡道平面,33.3,1250000,,RPXUMLKLOHPFFAD76CB
北區,房地(土地+建物),臺南市北區海安路3段A06棟13樓,11.15,住,,,1060106,土地1建物1車位0,十三層,24,住宅大樓(11層含以上有電梯),住家用,鋼筋混凝土造,,94.33,1,2,2,有,無,5950000,63076,,0.0,0,,RPOVMLKLOHPFFAD58CB
北區,房地(土地+建物),臺南市北區海安路3段A07棟24樓,15.18,住,,,1060121,土地1建物1車位0,二十四層,24,住宅大樓(11層含以上有電梯),住家用,鋼筋混凝土造,,128.75,2,2,2,有,無,9090000,70602,,0.0,0,,RPPVMLKLOHPFFAD68CB
北區,房地(土地+建物)+車位,臺南市北區海安路3段A07棟13樓,15.18,住,,,1060106,土地1建物1車位1,十三層,24,住宅大樓(11層含以上有電梯),住家用,鋼筋混凝土造,,162.05,2,2,2,有,無,10210000,69592,坡道平面,33.3,1250000,,RPQVMLKLOHPFFAD78CB
北區,房地(土地+建物)+車位,臺南市北區海安路3段A01棟14樓,15.14,住,,,1060113,土地1建物1車位1,十四層,24,住宅大樓(11層含以上有電梯),住家用,鋼筋混凝土造,,161.96,2,2,2,有,無,10720000,73605,坡道平面,33.3,1250000,,RPSVMLKLOHPFFAD98CB
北區,房地(土地+建物),臺南市北區海安路3段A02棟14樓,11.15,住,,,1060113,土地1建物1車位0,十四層,24,住宅大樓(11層含以上有電梯),住家用,鋼筋混凝土造,,94.33,1,2,2,有,無,6750000,71557,,0.0,0,,RPTVMLKLOHPFFAD09CB
北區,房地(土地+建物),臺南市北區海安路3段B02棟13樓,11.15,住,,,1060114,土地1建物1車位0,十三層,24,住宅大樓(11層含以上有電梯),住家用,鋼筋混凝土造,,94.1,1,2,2,有,無,6750000,71732,,0.0,0,,RPUVMLKLOHPFFAD56CB
北區,房地(土地+建物)+車位,臺南市北區海安路3段B05棟24樓,15.21,住,,,1060125,土地1建物1車位1,二十四層,24,住宅大樓(11層含以上有電梯),住家用,鋼筋混凝土造,,161.76,2,2,2,有,無,10220000,71773,坡道平面,33.3,1000000,,RPVVMLKLOHPFFAD66CB
北區,房地(土地+建物)+車位,臺南市北區海安路3段B03棟21樓,15.21,住,,,1060125,土地1建物1車位1,二十一層,24,住宅大樓(11層含以上有電梯),住家用,鋼筋混凝土造,,161.76,2,2,2,有,無,10100000,70839,坡道平面,33.3,1000000,,RPWVMLKLOHPFFAD76CB
北區,房地(土地+建物)+車位,臺南市北區海安路3段B02棟20樓,11.15,住,,,1060209,土地1建物1車位1,二十層,24,住宅大樓(11層含以上有電梯),住家用,鋼筋混凝土造,,127.4,1,2,2,有,無,7590000,70032,坡道平面,33.3,1000000,,RPXVMLKLOHPFFAD86CB
北區,房地(土地+建物)+車位,臺南市北區海安路3段B05棟14樓,15.21,住,,,1060206,土地1建物1車位1,十四層,24,住宅大樓(11層含以上有電梯),住家用,鋼筋混凝土造,,161.76,2,2,2,有,無,9260000,63911,坡道平面,33.3,1050000,,RPOWMLKLOHPFFAD68CB
北區,房地(土地+建物),臺南市北區海安路3段B02棟14樓,11.15,住,,,1060131,土地1建物1車位0,十四層,24,住宅大樓(11層含以上有電梯),住家用,鋼筋混凝土造,,94.1,1,2,2,有,無,6700000,71201,,0.0,0,,RPPWMLKLOHPFFAD78CB
北區,房地(土地+建物)+車位,臺南市北區海安路3段B07棟14樓,19.5,住,,,1060202,土地1建物1車位1,十四層,24,住宅大樓(11層含以上有電梯),住家用,鋼筋混凝土造,,196.17,3,2,3,有,無,11400000,62013,坡道平面,33.3,1300000,,RPQWMLKLOHPFFAD88CB
北區,房地(土地+建物)+車位,臺南市北區海安路3段B07棟13樓,15.18,住,,,1060210,土地1建物1車位1,十三層,24,住宅大樓(11層含以上有電梯),住家用,鋼筋混凝土造,,161.73,2,2,2,有,無,10240000,71167,坡道平面,33.3,1100000,,RPRWMLKLOHPFFAD98CB
北區,房地(土地+建物)+車位,臺南市北區海安路3段A05棟24樓,15.21,住,,,1060209,土地1建物1車位1,二十四層,24,住宅大樓(11層含以上有電梯),住家用,鋼筋混凝土造,,162.08,2,2,2,有,無,10850000,74546,坡道平面,33.3,1250000,,RPSWMLKLOHPFFAD09CB
北區,房地(土地+建物),臺南市北區海安路3段A02棟04樓,11.15,住,,,1060210,土地1建物1車位0,四層,24,住宅大樓(11層含以上有電梯),住家用,鋼筋混凝土造,,94.33,1,2,2,有,無,6080000,64455,,0.0,0,,RPTWMLKLOHPFFAD56CB
北區,房地(土地+建物)+車位,臺南市北區海安路3段A05棟14樓,15.21,住,,,1060215,土地1建物1車位1,十四層,24,住宅大樓(11層含以上有電梯),住家用,鋼筋混凝土造,,162.08,2,2,2,有,無,9520000,65771,坡道平面,33.3,1050000,,RPUWMLKLOHPFFAD66CB
北區,房地(土地+建物)+車位,臺南市北區海安路3段A02棟20樓,11.15,住,,,1060213,土地1建物1車位1,二十層,24,住宅大樓(11層含以上有電梯),住家用,鋼筋混凝土造,,127.63,1,2,2,有,無,8080000,73996,坡道平面,33.3,1100000,,RPVWMLKLOHPFFAD76CB
北區,房地(土地+建物),臺南市北區海安路3段A06棟05樓,11.15,住,,,1060224,土地1建物1車位0,五層,24,住宅大樓(11層含以上有電梯),住家用,鋼筋混凝土造,,94.33,1,2,2,有,無,6680000,70815,,0.0,0,,RPWWMLKLOHPFFAD86CB
北區,房地(土地+建物)+車位,臺南市北區海安路3段B03棟16樓,15.21,住,,,1060509,土地1建物1車位1,十六層,24,住宅大樓(11層含以上有電梯),住家用,鋼筋混凝土造,,161.76,2,2,2,有,無,10150000,70450,坡道平面,33.3,1100000,,RPPNMLLLOHPFFAD97CB
北區,房地(土地+建物)+車位,臺南市北區海安路3段B03棟04樓,15.21,住,,,1060605,土地1建物1車位1,四層,24,住宅大樓(11層含以上有電梯),住家用,鋼筋混凝土造,,161.76,2,2,2,有,無,9150000,63055,坡道平面,33.3,1050000,,RPQNMLLLOHPFFAD08CB
北區,房地(土地+建物),臺南市北區海安路3段B02棟06樓,11.15,住,,,1060516,土地1建物1車位0,六層,24,住宅大樓(11層含以上有電梯),住家用,鋼筋混凝土造,,94.1,1,2,2,有,無,6650000,70670,,0.0,0,,RPRNMLLLOHPFFAD18CB
北區,房地(土地+建物)+車位,臺南市北區海安路3段B03棟06樓,15.21,住,,,1060516,土地1建物1車位1,六層,24,住宅大樓(11層含以上有電梯),住家用,鋼筋混凝土造,,161.76,2,2,2,有,無,9710000,67414,坡道平面,33.3,1050000,,RPSNMLLLOHPFFAD28CB
北區,房地(土地+建物)+車位,臺南市北區海安路3段A05棟10樓,15.21,住,,,1060529,土地1建物1車位1,十層,24,住宅大樓(11層含以上有電梯),住家用,鋼筋混凝土造,,162.08,2,2,2,有,無,10120000,70042,坡道平面,33.3,1100000,,RPTNMLLLOHPFFAD38CB
北區,房地(土地+建物)+車位,臺南市北區海安路3段B07棟16樓,15.18,住,,,1060603,土地1建物1車位1,十六層,24,住宅大樓(11層含以上有電梯),住家用,鋼筋混凝土造,,161.73,2,2,2,有,無,10280000,71089,坡道平面,33.3,1150000,,RPUNMLLLOHPFFAD48CB
北區,房地(土地+建物)+車位,臺南市北區海安路3段B01棟05樓,15.14,住,,,1060605,土地1建物1車位1,五層,24,住宅大樓(11層含以上有電梯),住家用,鋼筋混凝土造,,161.64,2,2,2,有,無,9450000,65062,坡道平面,33.3,1100000,,RPVNMLLLOHPFFAD58CB
北區,房地(土地+建物),臺南市北區海安路3段A06棟10樓,11.15,住,,,1060624,土地1建物1車位0,十層,24,住宅大樓(11層含以上有電梯),住家用,鋼筋混凝土造,,94.33,1,2,2,有,無,6500000,68907,,0.0,0,,RPWNMLLLOHPFFAD68CB
北區,房地(土地+建物)+車位,臺南市北區海安路3段A03棟03樓,15.21,住,,,1060626,土地1建物1車位1,三層,24,住宅大樓(11層含以上有電梯),住家用,鋼筋混凝土造,,162.08,2,2,2,有,無,9950000,69110,坡道平面,33.3,1050000,,RPXNMLLLOHPFFAD78CB
北區,房地(土地+建物)+車位,臺南市北區海安路3段A03棟04樓,15.21,住,,,1060630,土地1建物1車位1,四層,24,住宅大樓(11層含以上有電梯),住家用,鋼筋混凝土造,,162.08,2,2,2,有,無,9590000,65926,坡道平面,33.3,1100000,,RPOOMLLLOHPFFAD97CB
北區,房地(土地+建物)+車位,臺南市北區海安路3段A02棟05樓,11.15,住,,,1060709,土地1建物1車位1,五層,24,住宅大樓(11層含以上有電梯),住家用,鋼筋混凝土造,,127.63,1,2,2,有,無,7700000,69437,坡道平面,33.3,1150000,,RPPOMLLLOHPFFAD08CB
北區,房地(土地+建物)+車位,臺南市北區海安路3段A03棟14樓,15.21,住,,,1060715,土地1建物1車位1,十四層,24,住宅大樓(11層含以上有電梯),住家用,鋼筋混凝土造,,162.08,2,2,2,有,無,9600000,66004,坡道平面,33.3,1100000,,RPQOMLLLOHPFFAD18CB
北區,房地(土地+建物)+車位,臺南市北區海安路3段B01棟11樓,15.14,住,,,1060711,土地1建物1車位1,十一層,24,住宅大樓(11層含以上有電梯),住家用,鋼筋混凝土造,,161.64,2,2,2,有,無,9970000,69113,坡道平面,33.3,1100000,,RPROMLLLOHPFFAD28CB
北區,房地(土地+建物)+車位,臺南市北區海安路3段A07棟06樓,15.18,住,,,1061004,土地1建物1車位1,六層,24,住宅大樓(11層含以上有電梯),住家用,鋼筋混凝土造,,162.05,2,2,2,有,無,10840000,74874,坡道平面,33.3,1200000,,RPSOMLLLOHPFFAD38CB
北區,房地(土地+建物)+車位,臺南市北區海安路3段A06棟04樓,11.15,住,,,1060722,土地1建物1車位1,四層,24,住宅大樓(11層含以上有電梯),住家用,鋼筋混凝土造,,127.63,1,2,2,有,無,7450000,67317,坡道平面,33.3,1100000,,RPTOMLLLOHPFFAD48CB
北區,房地(土地+建物)+車位,臺南市北區海安路3段B01棟19樓,15.18,住,,,1060728,土地1建物1車位1,十九層,24,住宅大樓(11層含以上有電梯),住家用,鋼筋混凝土造,,161.64,2,2,2,有,無,10210000,70594,坡道平面,33.3,1150000,,RPUOMLLLOHPFFAD58CB
北區,房地(土地+建物)+車位,臺南市北區海安路3段A02棟15樓,11.15,住,,,1060825,土地1建物1車位1,十五層,24,住宅大樓(11層含以上有電梯),住家用,鋼筋混凝土造,,127.63,1,2,2,有,無,8040000,73041,坡道平面,33.3,1150000,,RPVOMLLLOHPFFAD68CB
北區,房地(土地+建物)+車位,臺南市北區海安路3段B01棟07樓,15.14,住,,,1060825,土地1建物1車位1,七層,24,住宅大樓(11層含以上有電梯),住家用,鋼筋混凝土造,,161.64,2,2,2,有,無,9630000,67243,坡道平面,33.3,1000000,,RPWOMLLLOHPFFAD78CB
北區,房地(土地+建物),臺南市北區海安路3段B02棟07樓,11.15,住,,,1060827,土地1建物1車位0,七層,24,住宅大樓(11層含以上有電梯),住家用,鋼筋混凝土造,,94.1,1,2,2,有,無,6810000,72370,,0.0,0,,RPXOMLLLOHPFFAD88CB
北區,房地(土地+建物),臺南市北區海安路3段A02棟13樓,11.15,住,,,1060828,土地1建物1車位0,十三層,24,住宅大樓(11層含以上有電梯),住家用,鋼筋混凝土造,,94.33,1,2,2,有,無,6920000,73359,,0.0,0,,RPOPMLLLOHPFFAD08CB
北區,房地(土地+建物)+車位,臺南市北區海安路3段A02棟19樓,11.15,住,,,1060826,土地1建物1車位1,十九層,24,住宅大樓(11層含以上有電梯),住家用,鋼筋混凝土造,,127.63,1,2,2,有,無,8220000,74950,坡道平面,33.3,1150000,,RPPPMLLLOHPFFAD18CB
北區,房地(土地+建物)+車位,臺南市北區海安路3段B01棟13樓,15.14,住,,,1060902,土地1建物1車位1,十三層,24,住宅大樓(11層含以上有電梯),住家用,鋼筋混凝土造,,161.64,2,2,2,有,無,9730000,67633,坡道平面,33.3,1050000,,RPQPMLLLOHPFFAD28CB
北區,房地(土地+建物)+車位,臺南市北區海安路3段B03棟20樓,15.21,住,,,1060904,土地1建物1車位1,二十層,24,住宅大樓(11層含以上有電梯),住家用,鋼筋混凝土造,,161.76,2,2,2,有,無,10220000,69827,坡道平面,33.3,1250000,,RPRPMLLLOHPFFAD38CB
北區,房地(土地+建物)+車位,臺南市北區海安路3段B01棟14樓,15.14,住,,,1060906,土地1建物1車位1,十四層,24,住宅大樓(11層含以上有電梯),住家用,鋼筋混凝土造,,161.64,2,2,2,有,無,9840000,68490,坡道平面,33.3,1050000,,RPSPMLLLOHPFFAD48CB
北區,房地(土地+建物)+車位,臺南市北區海安路3段B06棟15樓,11.15,住,,,1060909,土地1建物1車位1,十五層,24,住宅大樓(11層含以上有電梯),住家用,鋼筋混凝土造,,127.4,1,2,2,有,無,8170000,74601,坡道平面,33.3,1150000,,RPTPMLLLOHPFFAD58CB
北區,房地(土地+建物)+車位,臺南市北區海安路3段A06棟08樓,11.15,住,,,1060909,土地1建物1車位1,八層,24,住宅大樓(11層含以上有電梯),住家用,鋼筋混凝土造,,127.63,1,2,2,有,無,7810000,70073,坡道平面,33.3,1200000,,RPUPMLLLOHPFFAD68CB
北區,房地(土地+建物)+車位,臺南市北區海安路3段B02棟09樓,11.15,住,,,1061125,土地1建物1車位1,九層,24,住宅大樓(11層含以上有電梯),住家用,鋼筋混凝土造,,127.4,1,2,2,有,無,8010000,73433,坡道平面,33.3,1100000,,RPVPMLLLOHPFFAD78CB
北區,房地(土地+建物)+車位,臺南市北區海安路3段B01棟09樓,15.14,住,,,1061125,土地1建物1車位1,九層,24,住宅大樓(11層含以上有電梯),住家用,鋼筋混凝土造,,161.64,2,2,2,有,無,10180000,70750,坡道平面,33.3,1100000,,RPWPMLLLOHPFFAD88CB
北區,房地(土地+建物)+車位,臺南市北區海安路3段B01棟15樓,15.14,住,,,1060909,土地1建物1車位1,十五層,24,住宅大樓(11層含以上有電梯),住家用,鋼筋混凝土造,,161.64,2,2,2,有,無,10100000,70126,坡道平面,33.3,1100000,,RPXPMLLLOHPFFAD98CB
北區,房地(土地+建物)+車位,臺南市北區海安路3段A05棟19樓,15.21,住,,,1060930,土地1建物1車位1,十九層,24,住宅大樓(11層含以上有電梯),住家用,鋼筋混凝土造,,162.08,2,2,2,有,無,10760000,73459,坡道平面,33.3,1300000,,RPOQMLLLOHPFFAD18CB
北區,房地(土地+建物)+車位,臺南市北區海安路3段A03棟06樓,15.21,住,,,1061004,土地1建物1車位1,六層,24,住宅大樓(11層含以上有電梯),住家用,鋼筋混凝土造,,162.08,2,2,2,有,無,9500000,65228,坡道平面,33.3,1100000,,RPPQMLLLOHPFFAD28CB
北區,房地(土地+建物)+車位,臺南市北區海安路3段B03棟11樓,15.21,住,,,1061012,土地1建物1車位1,十一層,24,住宅大樓(11層含以上有電梯),住家用,鋼筋混凝土造,,161.76,2,2,2,有,無,9980000,68348,坡道平面,33.3,1200000,,RPQQMLLLOHPFFAD38CB
北區,房地(土地+建物)+車位,臺南市北區海安路3段B07棟17樓,15.18,住,,,1061028,土地1建物1車位1,十七層,24,住宅大樓(11層含以上有電梯),住家用,鋼筋混凝土造,,161.73,2,2,2,有,無,9800000,68130,坡道平面,33.3,1050000,,RPRQMLLLOHPFFAD48CB
北區,房地(土地+建物)+車位,臺南市北區海安路3段B01棟12樓,15.14,住,,,1061014,土地1建物1車位1,十二層,24,住宅大樓(11層含以上有電梯),住家用,鋼筋混凝土造,,161.64,2,2,2,有,無,10080000,69970,坡道平面,33.3,1100000,,RPSQMLLLOHPFFAD58CB
北區,房地(土地+建物)+車位,臺南市北區海安路3段B03棟15樓,15.21,住,,,1061019,土地1建物1車位1,十五層,24,住宅大樓(11層含以上有電梯),住家用,鋼筋混凝土造,,161.76,2,2,2,有,無,10100000,68504,坡道平面,33.3,1300000,,RPTQMLLLOHPFFAD68CB
北區,房地(土地+建物)+車位,臺南市北區海安路3段A03棟13樓,15.21,住,,,1061017,土地1建物1車位1,十三層,24,住宅大樓(11層含以上有電梯),住家用,鋼筋混凝土造,,162.08,2,2,2,有,無,10000000,67557,坡道平面,33.3,1300000,,RPUQMLLLOHPFFAD78CB
北區,房地(土地+建物)+車位,臺南市北區海安路3段B03棟09樓,15.21,住,,,1061104,土地1建物1車位1,九層,24,住宅大樓(11層含以上有電梯),住家用,鋼筋混凝土造,,161.76,2,2,2,有,無,10200000,69282,坡道平面,33.3,1300000,,RPVQMLLLOHPFFAD88CB
北區,房地(土地+建物)+車位,臺南市北區海安路3段B03棟17樓,15.21,住,,,1061028,土地1建物1車位1,十七層,24,住宅大樓(11層含以上有電梯),住家用,鋼筋混凝土造,,161.76,2,2,2,有,無,10140000,69594,坡道平面,33.3,1200000,,RPWQMLLLOHPFFAD98CB
北區,房地(土地+建物)+車位,臺南市北區海安路3段B07棟20樓,15.18,住,,,1061029,土地1建物1車位1,二十層,24,住宅大樓(11層含以上有電梯),住家用,鋼筋混凝土造,,161.73,2,2,2,有,無,10730000,72647,坡道平面,33.3,1400000,,RPXQMLLLOHPFFAD09CB
北區,房地(土地+建物)+車位,臺南市北區海安路3段B07棟22樓,15.18,住,,,1061029,土地1建物1車位1,二十二層,24,住宅大樓(11層含以上有電梯),住家用,鋼筋混凝土造,,161.73,2,2,2,有,無,10880000,73815,坡道平面,33.3,1400000,,RPORMLLLOHPFFAD28CB
北區,房地(土地+建物)+車位,臺南市北區海安路3段B07棟19樓,15.18,住,,,1061029,土地1建物1車位1,十九層,24,住宅大樓(11層含以上有電梯),住家用,鋼筋混凝土造,,161.73,2,2,2,有,無,10600000,72024,坡道平面,33.3,1350000,,RPPRMLLLOHPFFAD38CB
北區,房地(土地+建物)+車位,臺南市北區海安路3段A03棟15樓,15.21,住,,,1061022,土地1建物1車位1,十五層,24,住宅大樓(11層含以上有電梯),住家用,鋼筋混凝土造,,162.08,2,2,2,有,無,10270000,70818,坡道平面,33.3,1150000,,RPQRMLLLOHPFFAD48CB
北區,房地(土地+建物)+車位,臺南市北區海安路3段A05棟04樓,15.21,住,,,1061117,土地1建物1車位1,四層,24,住宅大樓(11層含以上有電梯),住家用,鋼筋混凝土造,,162.08,2,2,2,有,無,9500000,65228,坡道平面,33.3,1100000,,RPRRMLLLOHPFFAD58CB
北區,房地(土地+建物),臺南市北區海安路3段B06棟10樓,11.15,住,,,1061116,土地1建物1車位0,十層,24,住宅大樓(11層含以上有電梯),住家用,鋼筋混凝土造,,94.1,1,2,2,有,無,6880000,73114,,0.0,0,,RPSRMLLLOHPFFAD68CB
北區,房地(土地+建物)+車位,臺南市北區海安路3段B03棟19樓,15.21,住,,,1061120,土地1建物1車位1,十九層,24,住宅大樓(11層含以上有電梯),住家用,鋼筋混凝土造,,161.76,2,2,2,有,無,10680000,73408,坡道平面,33.3,1250000,,RPTRMLLLOHPFFAD78CB
北區,房地(土地+建物)+車位,臺南市北區海安路3段B07棟06樓,15.18,住,,,1061206,土地1建物1車位1,六層,24,住宅大樓(11層含以上有電梯),住家用,鋼筋混凝土造,,161.73,2,2,2,有,無,9990000,69221,坡道平面,33.3,1100000,,RPURMLLLOHPFFAD88CB
北區,房地(土地+建物)+車位,臺南市北區海安路3段B05棟10樓,15.21,住,,,1061125,土地1建物1車位1,十層,24,住宅大樓(11層含以上有電梯),住家用,鋼筋混凝土造,,161.76,2,2,2,有,無,10040000,69983,坡道平面,33.3,1050000,,RPVRMLLLOHPFFAD98CB
北區,房地(土地+建物),臺南市北區海安路3段A06棟09樓,11.15,住,,,1061128,土地1建物1車位0,九層,24,住宅大樓(11層含以上有電梯),住家用,鋼筋混凝土造,,94.33,1,2,2,有,無,6600000,69967,,0.0,0,,RPWRMLLLOHPFFAD09CB
北區,房地(土地+建物)+車位,臺南市北區海安路3段B03棟10樓,15.21,住,,,1061130,土地1建物1車位1,十層,24,住宅大樓(11層含以上有電梯),住家用,鋼筋混凝土造,,161.76,2,2,2,有,無,9980000,69127,坡道平面,33.3,1100000,,RPQNMLMLOHPFFAD18CB
北區,房地(土地+建物)+車位,臺南市北區海安路3段A06棟15樓,11.15,住,,,1061205,土地1建物1車位1,十五層,24,住宅大樓(11層含以上有電梯),住家用,鋼筋混凝土造,,127.63,1,2,2,有,無,8000000,71557,坡道平面,33.3,1250000,,RPRNMLMLOHPFFAD28CB
北區,房地(土地+建物)+車位,臺南市北區海安路3段B07棟07樓,15.18,住,,,1061205,土地1建物1車位1,七層,24,住宅大樓(11層含以上有電梯),住家用,鋼筋混凝土造,,161.73,2,2,2,有,無,9990000,69221,坡道平面,33.3,1100000,,RPSNMLMLOHPFFAD38CB
北區,房地(土地+建物),臺南市北區海安路3段B06棟16樓,11.15,住,,,1061205,土地1建物1車位0,十六層,24,住宅大樓(11層含以上有電梯),住家用,鋼筋混凝土造,,94.1,1,2,2,有,無,6900000,73326,,0.0,0,,RPTNMLMLOHPFFAD48CB
北區,房地(土地+建物)+車位,臺南市北區海安路3段A01棟09樓,15.14,住,,,1061205,土地1建物1車位1,九層,24,住宅大樓(11層含以上有電梯),住家用,鋼筋混凝土造,,161.96,2,2,2,有,無,11160000,76636,坡道平面,33.3,1300000,,RPUNMLMLOHPFFAD58CB
北區,房地(土地+建物)+車位,臺南市北區海安路3段B07棟21樓,15.18,住,,,1061205,土地1建物1車位1,二十一層,24,住宅大樓(11層含以上有電梯),住家用,鋼筋混凝土造,,161.73,2,2,2,有,無,10750000,74360,坡道平面,33.3,1200000,,RPVNMLMLOHPFFAD68CB
北區,房地(土地+建物)+車位,臺南市北區海安路3段B02棟19樓,11.15,住,,,1061208,土地1建物1車位1,十九層,24,住宅大樓(11層含以上有電梯),住家用,鋼筋混凝土造,,127.4,1,2,2,有,無,8270000,75664,坡道平面,33.3,1150000,,RPWNMLMLOHPFFAD78CB
北區,房地(土地+建物)+車位,臺南市北區海安路3段B05棟09樓,15.21,住,,,1061213,土地1建物1車位1,九層,24,住宅大樓(11層含以上有電梯),住家用,鋼筋混凝土造,,161.76,2,2,2,有,無,10250000,70061,坡道平面,33.3,1250000,,RPXNMLMLOHPFFAD88CB
北區,房地(土地+建物)+車位,臺南市北區海安路3段B05棟15樓,15.21,住,,,1061225,土地1建物1車位1,十五層,24,住宅大樓(11層含以上有電梯),住家用,鋼筋混凝土造,,161.76,2,2,2,有,無,10430000,71073,坡道平面,33.3,1300000,,RPOOMLMLOHPFFAD08CB
北區,房地(土地+建物)+車位,臺南市北區海安路3段B05棟17樓,15.21,住,,,1061217,土地1建物1車位1,十七層,24,住宅大樓(11層含以上有電梯),住家用,鋼筋混凝土造,,161.76,2,2,2,有,無,10410000,72085,坡道平面,33.3,1150000,,RPPOMLMLOHPFFAD18CB
北區,房地(土地+建物)+車位,臺南市北區海安路3段B05棟12樓,15.21,住,,,1061224,土地1建物1車位1,十二層,24,住宅大樓(11層含以上有電梯),住家用,鋼筋混凝土造,,161.76,2,2,2,有,無,10080000,69905,坡道平面,33.3,1100000,,RPQOMLMLOHPFFAD28CB
北區,房地(土地+建物)+車位,臺南市北區海安路3段A03棟24樓,15.21,住,,,1061223,土地1建物1車位1,二十四層,24,住宅大樓(11層含以上有電梯),住家用,鋼筋混凝土造,,162.08,2,2,2,有,無,10980000,75943,坡道平面,33.3,1200000,,RPROMLMLOHPFFAD38CB
北區,房地(土地+建物)+車位,臺南市北區海安路3段B01棟21樓,15.18,住,,,1070108,土地1建物1車位1,二十一層,24,住宅大樓(11層含以上有電梯),住家用,鋼筋混凝土造,,161.64,2,2,2,有,無,10720000,74178,坡道平面,33.3,1200000,,RPSOMLMLOHPFFAD48CB
北區,房地(土地+建物)+車位,臺南市北區海安路3段A03棟07樓,15.21,住,,,1061226,土地1建物1車位1,七層,24,住宅大樓(11層含以上有電梯),住家用,鋼筋混凝土造,,162.08,2,2,2,有,無,9990000,69421,坡道平面,33.3,1050000,,RPTOMLMLOHPFFAD58CB
北區,房地(土地+建物),臺南市北區海安路3段B02棟03樓,11.15,住,,,1061231,土地1建物1車位0,三層,24,住宅大樓(11層含以上有電梯),住家用,鋼筋混凝土造,,94.1,1,2,2,有,無,6660000,70776,,0.0,0,,RPUOMLMLOHPFFAD68CB
北區,房地(土地+建物)+車位,臺南市北區海安路3段B03棟22樓,15.21,住,,,1070110,土地1建物1車位1,二十二層,24,住宅大樓(11層含以上有電梯),住家用,鋼筋混凝土造,,161.76,2,2,2,有,無,10880000,74576,坡道平面,33.3,1300000,,RPVOMLMLOHPFFAD78CB
北區,房地(土地+建物)+車位,臺南市北區海安路3段B07棟05樓,15.18,住,,,1070107,土地1建物1車位1,五層,24,住宅大樓(11層含以上有電梯),住家用,鋼筋混凝土造,,161.73,2,2,2,有,無,9380000,64860,坡道平面,33.3,1050000,,RPWOMLMLOHPFFAD88CB
北區,房地(土地+建物)+車位,臺南市北區海安路3段B05棟19樓,15.21,住,,,1070113,土地1建物1車位1,十九層,24,住宅大樓(11層含以上有電梯),住家用,鋼筋混凝土造,,161.76,2,2,2,有,無,10680000,73019,坡道平面,33.3,1300000,,RPXOMLMLOHPFFAD98CB
北區,房地(土地+建物)+車位,臺南市北區海安路3段B05棟05樓,15.21,住,,,1070113,土地1建物1車位1,五層,24,住宅大樓(11層含以上有電梯),住家用,鋼筋混凝土造,,161.76,2,2,2,有,無,10200000,69282,坡道平面,33.3,1300000,,RPOPMLMLOHPFFAD18CB
北區,房地(土地+建物),臺南市北區海安路3段A06棟07樓,11.15,住,,,1070118,土地1建物1車位0,七層,24,住宅大樓(11層含以上有電梯),住家用,鋼筋混凝土造,,94.33,1,2,2,有,無,6670000,70709,,0.0,0,,RPPPMLMLOHPFFAD28CB
北區,房地(土地+建物)+車位,臺南市北區海安路3段B05棟06樓,15.21,住,,,1070208,土地1建物1車位1,六層,24,住宅大樓(11層含以上有電梯),住家用,鋼筋混凝土造,,161.76,2,2,2,有,無,10680000,73797,坡道平面,33.3,1200000,,RPQPMLMLOHPFFAD38CB
北區,房地(土地+建物)+車位,臺南市北區海安路3段A07棟07樓,15.18,住,,,1070205,土地1建物1車位1,七層,24,住宅大樓(11層含以上有電梯),住家用,鋼筋混凝土造,,162.05,2,2,2,有,無,10950000,76117,坡道平面,33.3,1150000,,RPSPMLMLOHPFFAD58CB
北區,房地(土地+建物)+車位,臺南市北區海安路3段A01棟05樓,15.14,住,,,1070612,土地1建物1車位1,五層,24,住宅大樓(11層含以上有電梯),住家用,鋼筋混凝土造,,161.96,2,2,2,有,無,10960000,76247,坡道平面,33.3,1150000,,RPTPMLMLOHPFFAD68CB
北區,房地(土地+建物)+車位,臺南市北區海安路3段A05棟07樓,15.21,住,,,1070126,土地1建物1車位1,七層,24,住宅大樓(11層含以上有電梯),住家用,鋼筋混凝土造,,162.08,2,2,2,有,無,10030000,69343,坡道平面,33.3,1100000,,RPUPMLMLOHPFFAD78CB
北區,房地(土地+建物)+車位,臺南市北區海安路3段A03棟20樓,15.21,住,,,1070117,土地1建物1車位1,二十層,24,住宅大樓(11層含以上有電梯),住家用,鋼筋混凝土造,,162.08,2,2,2,有,無,10700000,73769,坡道平面,33.3,1200000,,RPVPMLMLOHPFFAD88CB
北區,房地(土地+建物)+車位,臺南市北區海安路3段B05棟22樓,15.21,住,,,1070124,土地1建物1車位1,二十二層,24,住宅大樓(11層含以上有電梯),住家用,鋼筋混凝土造,,161.76,2,2,2,有,無,10760000,74809,坡道平面,33.3,1150000,,RPWPMLMLOHPFFAD98CB
北區,房地(土地+建物)+車位,臺南市北區海安路3段A01棟07樓,15.14,住,,,1070126,土地1建物1車位1,七層,24,住宅大樓(11層含以上有電梯),住家用,鋼筋混凝土造,,161.96,2,2,2,有,無,11000000,76947,坡道平面,33.3,1100000,,RPXPMLMLOHPFFAD09CB
北區,房地(土地+建物)+車位,臺南市北區海安路3段B03棟05樓,15.21,住,,,1070202,土地1建物1車位1,五層,24,住宅大樓(11層含以上有電梯),住家用,鋼筋混凝土造,,161.76,2,2,2,有,無,10170000,69827,坡道平面,33.3,1200000,,RPOQMLMLOHPFFAD28CB
北區,房地(土地+建物)+車位,臺南市北區海安路3段B01棟17樓,15.14,住,,,1070127,土地1建物1車位1,十七層,24,住宅大樓(11層含以上有電梯),住家用,鋼筋混凝土造,,161.64,2,2,2,有,無,10660000,74879,坡道平面,33.3,1050000,,RPPQMLMLOHPFFAD38CB
北區,房地(土地+建物)+車位,臺南市北區海安路3段A05棟21樓,15.21,住,,,1070202,土地1建物1車位1,二十一層,24,住宅大樓(11層含以上有電梯),住家用,鋼筋混凝土造,,162.08,2,2,2,有,無,10980000,76332,坡道平面,33.3,1150000,,RPQQMLMLOHPFFAD48CB
,車位,臺南市北區海安路3段214號車位,0.0,,,,1070211,土地0建物0車位1,,24,其他,住家用,鋼筋混凝土造,,33.3,0,0,0,有,無,1400000,,坡道平面,33.3,1400000,,RPSQMLMLOHPFFAD68CB
北區,房地(土地+建物)+車位,臺南市北區海安路3段A03棟08樓,15.21,住,,,1070210,土地1建物1車位1,八層,24,住宅大樓(11層含以上有電梯),住家用,鋼筋混凝土造,,162.08,2,2,2,有,無,10250000,69887,坡道平面,33.3,1250000,,RPTQMLMLOHPFFAD78CB
北區,房地(土地+建物)+車位,臺南市北區海安路3段A01棟04樓,15.14,住,,,1070214,土地1建物1車位1,四層,24,住宅大樓(11層含以上有電梯),住家用,鋼筋混凝土造,,161.96,2,2,2,有,無,9990000,68320,坡道平面,33.3,1200000,,RPUQMLMLOHPFFAD88CB
北區,房地(土地+建物)+車位,臺南市北區海安路3段B06棟19樓,11.15,住,,,1070214,土地1建物1車位1,十九層,24,住宅大樓(11層含以上有電梯),住家用,鋼筋混凝土造,,127.4,1,2,2,有,無,8700000,79171,坡道平面,33.3,1250000,,RPVQMLMLOHPFFAD98CB
北區,房地(土地+建物)+車位,臺南市北區海安路3段B07棟09樓,15.18,住,,,1070306,土地1建物1車位1,九層,24,住宅大樓(11層含以上有電梯),住家用,鋼筋混凝土造,,161.73,2,2,2,有,無,10450000,72024,坡道平面,33.3,1200000,,RPWQMLMLOHPFFAD09CB
北區,房地(土地+建物)+車位,臺南市北區海安路3段A03棟09樓,15.21,住,,,1070227,土地1建物1車位1,九層,24,住宅大樓(11層含以上有電梯),住家用,鋼筋混凝土造,,162.08,2,2,2,有,無,10180000,70120,坡道平面,33.3,1150000,,RPXQMLMLOHPFFAD56CB
北區,房地(土地+建物)+車位,臺南市北區海安路3段B07棟10樓,15.18,住,,,1070304,土地1建物1車位1,十層,24,住宅大樓(11層含以上有電梯),住家用,鋼筋混凝土造,,161.73,2,2,2,有,無,10500000,72413,坡道平面,33.3,1200000,,RPORMLMLOHPFFAD38CB
北區,房地(土地+建物)+車位,臺南市北區海安路3段A05棟08樓,15.21,住,,,1070224,土地1建物1車位1,八層,24,住宅大樓(11層含以上有電梯),住家用,鋼筋混凝土造,,162.08,2,2,2,有,無,10130000,70508,坡道平面,33.3,1050000,,RPPRMLMLOHPFFAD48CB
北區,房地(土地+建物)+車位,臺南市北區海安路3段B03棟07樓,15.21,住,,,1070224,土地1建物1車位1,七層,24,住宅大樓(11層含以上有電梯),住家用,鋼筋混凝土造,,161.76,2,2,2,有,無,9990000,69204,坡道平面,33.3,1100000,,RPQRMLMLOHPFFAD58CB
北區,房地(土地+建物)+車位,臺南市北區海安路3段A05棟09樓,15.21,住,,,1070304,土地1建物1車位1,九層,24,住宅大樓(11層含以上有電梯),住家用,鋼筋混凝土造,,162.08,2,2,2,有,無,10210000,70353,坡道平面,33.3,1150000,,RPRRMLMLOHPFFAD68CB
北區,房地(土地+建物)+車位,臺南市北區海安路3段B05棟03樓,15.21,住,,,1070303,土地1建物1車位1,三層,24,住宅大樓(11層含以上有電梯),住家用,鋼筋混凝土造,,161.76,2,2,2,有,無,10600000,73175,坡道平面,33.3,1200000,,RPSRMLMLOHPFFAD78CB
北區,房地(土地+建物),臺南市北區海安路3段S07棟01樓,25.68,住,,,1070307,土地1建物1車位0,一層,24,店面(店鋪),住商用,鋼筋混凝土造,,227.24,0,0,0,無,無,28880000,127090,,0.0,0,,RPTRMLMLOHPFFAD88CB
北區,房地(土地+建物),臺南市北區海安路3段A06棟06樓,11.15,住,,,1070323,土地1建物1車位0,六層,24,住宅大樓(11層含以上有電梯),住家用,鋼筋混凝土造,,94.33,1,2,2,有,無,6600000,69967,,0.0,0,,RPVRMLMLOHPFFAD09CB
北區,房地(土地+建物),臺南市北區海安路3段B06棟07樓,11.15,住,,,1070329,土地1建物1車位0,七層,24,住宅大樓(11層含以上有電梯),住家用,鋼筋混凝土造,,94.1,1,2,2,有,無,6700000,71201,,0.0,0,,RPWRMLMLOHPFFAD56CB
北區,房地(土地+建物)+車位,臺南市北區海安路3段B05棟08樓,15.21,住,,,1070407,土地1建物1車位1,八層,24,住宅大樓(11層含以上有電梯),住家用,鋼筋混凝土造,,161.76,2,2,2,有,無,10180000,70294,坡道平面,33.3,1150000,,RPXRMLMLOHPFFAD66CB
北區,房地(土地+建物)+車位,臺南市北區海安路3段B03棟08樓,15.21,住,,,1070406,土地1建物1車位1,八層,24,住宅大樓(11層含以上有電梯),住家用,鋼筋混凝土造,,161.76,2,2,2,有,無,10100000,69671,坡道平面,33.3,1150000,,RPOSMLMLOHPFFAD48CB
北區,房地(土地+建物)+車位,臺南市北區海安路3段A03棟10樓,15.21,住,,,1070409,土地1建物1車位1,十層,24,住宅大樓(11層含以上有電梯),住家用,鋼筋混凝土造,,162.08,2,2,2,有,無,10370000,71595,坡道平面,33.3,1150000,,RPPSMLMLOHPFFAD58CB
北區,房地(土地+建物)+車位,臺南市北區海安路3段B06棟09樓,11.15,住,,,1070410,土地1建物1車位1,九層,24,住宅大樓(11層含以上有電梯),住家用,鋼筋混凝土造,,127.4,1,2,2,有,無,7920000,71945,坡道平面,33.3,1150000,,RPQSMLMLOHPFFAD68CB
北區,房地(土地+建物)+車位,臺南市北區海安路3段A05棟15樓,15.21,住,,,1070406,土地1建物1車位1,十五層,24,住宅大樓(11層含以上有電梯),住家用,鋼筋混凝土造,,162.08,2,2,2,有,無,10200000,70663,坡道平面,33.3,1100000,,RPRSMLMLOHPFFAD78CB
北區,房地(土地+建物)+車位,臺南市北區海安路3段B07棟08樓,15.18,住,,,1070408,土地1建物1車位1,八層,24,住宅大樓(11層含以上有電梯),住家用,鋼筋混凝土造,,161.73,2,2,2,有,無,10250000,70856,坡道平面,33.3,1150000,,RPSSMLMLOHPFFAD88CB
北區,房地(土地+建物)+車位,臺南市北區海安路3段B01棟08樓,15.14,住,,,1070420,土地1建物1車位1,八層,24,住宅大樓(11層含以上有電梯),住家用,鋼筋混凝土造,,161.64,2,2,2,有,無,10500000,71685,坡道平面,33.3,1300000,,RPUSMLMLOHPFFAD09CB
北區,房地(土地+建物)+車位,臺南市北區海安路3段B03棟12樓,15.21,住,,,1070427,土地1建物1車位1,十二層,24,住宅大樓(11層含以上有電梯),住家用,鋼筋混凝土造,,161.76,2,2,2,有,無,10560000,73642,坡道平面,33.3,1100000,,RPVSMLMLOHPFFAD56CB
北區,房地(土地+建物)+車位,臺南市北區海安路3段A05棟03樓,15.21,住,,,1070504,土地1建物1車位1,三層,24,住宅大樓(11層含以上有電梯),住家用,鋼筋混凝土造,,162.08,2,2,2,有,無,10420000,71983,坡道平面,33.3,1150000,,RPWSMLMLOHPFFAD66CB
北區,房地(土地+建物)+車位,臺南市北區海安路3段A05棟05樓,15.21,住,,,1070506,土地1建物1車位1,五層,24,住宅大樓(11層含以上有電梯),住家用,鋼筋混凝土造,,162.08,2,2,2,有,無,10060000,68800,坡道平面,33.3,1200000,,RPXSMLMLOHPFFAD76CB
北區,房地(土地+建物)+車位,臺南市北區海安路3段A07棟04樓,15.18,住,,,1070507,土地1建物1車位1,四層,24,住宅大樓(11層含以上有電梯),住家用,鋼筋混凝土造,,162.05,2,2,2,有,無,9650000,66019,坡道平面,33.3,1150000,,RPOTMLMLOHPFFAD58CB
北區,房地(土地+建物)+車位,臺南市北區海安路3段B01棟16樓,15.14,住,,,1070519,土地1建物1車位1,十六層,24,住宅大樓(11層含以上有電梯),住家用,鋼筋混凝土造,,161.64,2,2,2,有,無,10690000,74178,坡道平面,33.3,1170000,,RPPTMLMLOHPFFAD68CB
北區,房地(土地+建物),臺南市北區海安路3段B06棟08樓,11.15,住,,,1070514,土地1建物1車位0,八層,24,住宅大樓(11層含以上有電梯),住家用,鋼筋混凝土造,,94.1,1,2,2,有,無,6720000,71413,,0.0,0,,RPQTMLMLOHPFFAD78CB
北區,房地(土地+建物),臺南市北區海安路3段B06棟20樓,11.15,住,,,1070520,土地1建物1車位0,二十層,24,住宅大樓(11層含以上有電梯),住家用,鋼筋混凝土造,,94.1,1,2,2,有,無,6990000,74283,,0.0,0,,RPRTMLMLOHPFFAD88CB
北區,房地(土地+建物),臺南市北區海安路3段A06棟19樓,11.15,住,,,1070526,土地1建物1車位0,十九層,24,住宅大樓(11層含以上有電梯),住家用,鋼筋混凝土造,,94.33,1,2,2,有,無,6990000,74102,,0.0,0,,RPSTMLMLOHPFFAD98CB
北區,房地(土地+建物),臺南市北區海安路3段B02棟12樓,11.15,住,,,1070602,土地1建物1車位0,十二層,24,住宅大樓(11層含以上有電梯),住家用,鋼筋混凝土造,,94.1,1,2,2,有,無,6900000,73326,,0.0,0,,RPTTMLMLOHPFFAD09CB
北區,房地(土地+建物)+車位,臺南市北區海安路3段B07棟11樓,15.18,住,,,1060218,土地1建物1車位1,十一層,24,住宅大樓(11層含以上有電梯),住家用,鋼筋混凝土造,,161.73,2,2,2,有,無,9950000,68909,坡道平面,33.3,1100000,,RPQUMLMLOHPFFAD88CB
北區,房地(土地+建物)+車位,臺南市北區海安路3段B06棟03樓,11.15,住,,,1060219,土地1建物1車位1,三層,24,住宅大樓(11層含以上有電梯),住家用,鋼筋混凝土造,,127.4,1,2,2,有,無,7540000,68438,坡道平面,33.3,1100000,,RPRUMLMLOHPFFAD98CB
北區,房地(土地+建物),臺南市北區海安路3段A06棟03樓,11.15,住,,,1060301,土地1建物1車位0,三層,24,住宅大樓(11層含以上有電梯),住家用,鋼筋混凝土造,,94.33,1,2,2,有,無,6450000,68377,,0.0,0,,RPSUMLMLOHPFFAD09CB
北區,房地(土地+建物)+車位,臺南市北區海安路3段A05棟13樓,15.21,住,,,1060307,土地1建物1車位1,十三層,24,住宅大樓(11層含以上有電梯),住家用,鋼筋混凝土造,,162.08,2,2,2,有,無,10450000,71440,坡道平面,33.3,1250000,,RPTUMLMLOHPFFAD56CB
北區,房地(土地+建物)+車位,臺南市北區海安路3段B01棟06樓,15.14,住,,,1060306,土地1建物1車位1,六層,24,住宅大樓(11層含以上有電梯),住家用,鋼筋混凝土造,,161.64,2,2,2,有,無,10000000,69347,坡道平面,33.3,1100000,,RPUUMLMLOHPFFAD66CB
北區,房地(土地+建物)+車位,臺南市北區海安路3段A05棟06樓,15.21,住,,,1060306,土地1建物1車位1,六層,24,住宅大樓(11層含以上有電梯),住家用,鋼筋混凝土造,,162.08,2,2,2,有,無,9890000,68644,坡道平面,33.3,1050000,,RPVUMLMLOHPFFAD76CB
北區,房地(土地+建物)+車位,臺南市北區海安路3段B01棟04樓,15.14,住,,,1060323,土地1建物1車位1,四層,24,住宅大樓(11層含以上有電梯),住家用,鋼筋混凝土造,,161.64,2,2,2,有,無,9250000,63893,坡道平面,33.3,1050000,,RPWUMLMLOHPFFAD86CB
北區,房地(土地+建物)+車位,臺南市北區海安路3段A07棟14樓,19.5,住,,,1060318,土地1建物1車位1,十四層,24,住宅大樓(11層含以上有電梯),住家用,鋼筋混凝土造,,196.58,3,2,3,有,無,12000000,66756,坡道平面,33.3,1100000,,RPXUMLMLOHPFFAD96CB
北區,房地(土地+建物)+車位,臺南市北區海安路3段B01棟20樓,15.18,住,,,1060410,土地1建物1車位1,二十層,24,住宅大樓(11層含以上有電梯),住家用,鋼筋混凝土造,,161.64,2,2,2,有,無,10680000,73087,坡道平面,33.3,1300000,,RPOVMLMLOHPFFAD78CB
北區,房地(土地+建物)+車位,臺南市北區海安路3段B03棟03樓,15.21,住,,,1060326,土地1建物1車位1,三層,24,住宅大樓(11層含以上有電梯),住家用,鋼筋混凝土造,,161.76,2,2,2,有,無,10050000,70061,坡道平面,33.3,1050000,,RPPVMLMLOHPFFAD88CB
北區,房地(土地+建物)+車位,臺南市北區海安路3段A02棟10樓,11.15,住,,,1060405,土地1建物1車位1,十層,24,住宅大樓(11層含以上有電梯),住家用,鋼筋混凝土造,,127.63,1,2,2,有,無,7580000,68695,坡道平面,33.3,1100000,,RPQVMLMLOHPFFAD98CB
北區,房地(土地+建物)+車位,臺南市北區海安路3段B07棟12樓,15.18,住,,,1070602,土地1建物1車位1,十二層,24,住宅大樓(11層含以上有電梯),住家用,鋼筋混凝土造,,161.73,2,2,2,有,無,10380000,71479,坡道平面,33.3,1200000,,RPRNMLNLOHPFFAD38CB
北區,房地(土地+建物),臺南市北區海安路3段B06棟12樓,11.15,住,,,1070607,土地1建物1車位0,十二層,24,住宅大樓(11層含以上有電梯),住家用,鋼筋混凝土造,,94.1,1,2,2,有,無,7000000,74389,,0.0,0,,RPSNMLNLOHPFFAD48CB
北區,房地(土地+建物)+車位,臺南市北區海安路3段A07棟09樓,15.18,住,,,1070606,土地1建物1車位1,九層,24,住宅大樓(11層含以上有電梯),住家用,鋼筋混凝土造,,162.05,2,2,2,有,無,11000000,76117,坡道平面,33.3,1200000,,RPTNMLNLOHPFFAD58CB
北區,房地(土地+建物)+車位,臺南市北區海安路3段B01棟10樓,15.14,住,,,1070612,土地1建物1車位1,十層,24,住宅大樓(11層含以上有電梯),住家用,鋼筋混凝土造,,161.64,2,2,2,有,無,10500000,72464,坡道平面,33.3,1200000,,RPUNMLNLOHPFFAD68CB
北區,房地(土地+建物)+車位,臺南市北區海安路3段B02棟10樓,11.15,住,,,1070629,土地1建物1車位1,十層,24,住宅大樓(11層含以上有電梯),住家用,鋼筋混凝土造,,127.4,1,2,2,有,無,8100000,72795,坡道平面,33.3,1250000,,RPVNMLNLOHPFFAD78CB
北區,房地(土地+建物)+車位,臺南市北區海安路3段B06棟22樓,11.15,住,,,1070703,土地1建物1車位1,二十二層,24,住宅大樓(11層含以上有電梯),住家用,鋼筋混凝土造,,127.4,1,2,2,有,無,8200000,74389,坡道平面,33.3,1200000,,RPWNMLNLOHPFFAD88CB
北區,房地(土地+建物)+車位,臺南市北區海安路3段A01棟18樓,15.18,住,,,1070624,土地1建物1車位1,十八層,24,住宅大樓(11層含以上有電梯),住家用,鋼筋混凝土造,,161.96,2,2,2,有,無,11630000,79123,坡道平面,33.3,1450000,,RPXNMLNLOHPFFAD98CB
北區,房地(土地+建物)+車位,臺南市北區海安路3段A01棟08樓,15.14,住,,,1070728,土地1建物1車位1,八層,24,住宅大樓(11層含以上有電梯),住家用,鋼筋混凝土造,,161.96,2,2,2,有,無,11350000,76947,坡道平面,33.3,1450000,,RPOOMLNLOHPFFAD18CB
北區,房地(土地+建物)+車位,臺南市北區海安路3段B03棟14樓,15.21,住,,,1070721,土地1建物1車位1,十四層,24,住宅大樓(11層含以上有電梯),住家用,鋼筋混凝土造,,161.76,2,2,2,有,無,10450000,72007,坡道平面,33.3,1200000,,RPPOMLNLOHPFFAD28CB
北區,房地(土地+建物)+車位,臺南市北區海安路3段B02棟08樓,11.15,住,,,1070726,土地1建物1車位1,八層,24,住宅大樓(11層含以上有電梯),住家用,鋼筋混凝土造,,127.4,1,2,2,有,無,8220000,74070,坡道平面,33.3,1250000,,RPQOMLNLOHPFFAD38CB
北區,房地(土地+建物)+車位,臺南市北區海安路3段B01棟23樓,15.18,住,,,1070728,土地1建物1車位1,二十三層,24,住宅大樓(11層含以上有電梯),住家用,鋼筋混凝土造,,161.64,2,2,2,有,無,11400000,78308,坡道平面,33.3,1350000,,RPROMLNLOHPFFAD48CB
北區,房地(土地+建物)+車位,臺南市北區海安路3段A07棟08樓,15.18,住,,,1070801,土地1建物1車位1,八層,24,住宅大樓(11層含以上有電梯),住家用,鋼筋混凝土造,,162.05,2,2,2,有,無,10900000,76117,坡道平面,33.3,1100000,,RPSOMLNLOHPFFAD58CB
北區,房地(土地+建物)+車位,臺南市北區海安路3段A02棟06樓,11.15,住,,,1070804,土地1建物1車位1,六層,24,住宅大樓(11層含以上有電梯),住家用,鋼筋混凝土造,,127.63,1,2,2,有,無,7880000,71875,坡道平面,33.3,1100000,,RPTOMLNLOHPFFAD68CB
北區,房地(土地+建物),臺南市北區海安路3段A02棟07樓,11.15,住,,,1070803,土地1建物1車位0,七層,24,住宅大樓(11層含以上有電梯),住家用,鋼筋混凝土造,,94.33,1,2,2,有,無,6880000,72935,,0.0,0,,RPUOMLNLOHPFFAD78CB
北區,房地(土地+建物)+車位,臺南市北區海安路3段A01棟15樓,15.14,住,,,1070804,土地1建物1車位1,十五層,24,住宅大樓(11層含以上有電梯),住家用,鋼筋混凝土造,,161.96,2,2,2,有,無,11370000,77491,坡道平面,33.3,1400000,,RPVOMLNLOHPFFAD88CB
北區,房地(土地+建物),臺南市北區海安路3段A06棟20樓,11.15,住,,,1070809,土地1建物1車位0,二十層,24,住宅大樓(11層含以上有電梯),住家用,鋼筋混凝土造,,94.33,1,2,2,有,無,7030000,74526,,0.0,0,,RPWOMLNLOHPFFAD98CB
北區,房地(土地+建物)+車位,臺南市北區海安路3段A01棟21樓,15.18,住,,,1070814,土地1建物1車位1,二十一層,24,住宅大樓(11層含以上有電梯),住家用,鋼筋混凝土造,,161.96,2,2,2,有,無,11750000,80056,坡道平面,33.3,1450000,,RPXOMLNLOHPFFAD09CB
北區,房地(土地+建物),臺南市北區海安路3段B02棟16樓,11.15,住,,,1070812,土地1建物1車位0,十六層,24,住宅大樓(11層含以上有電梯),住家用,鋼筋混凝土造,,94.1,1,2,2,有,無,7080000,75239,,0.0,0,,RPOPMLNLOHPFFAD28CB
北區,房地(土地+建物)+車位,臺南市北區海安路3段B05棟16樓,15.21,住,,,1070910,土地1建物1車位1,十六層,24,住宅大樓(11層含以上有電梯),住家用,鋼筋混凝土造,,161.76,2,2,2,有,無,10680000,73797,坡道平面,33.3,1200000,,RPPPMLNLOHPFFAD38CB
北區,房地(土地+建物)+車位,臺南市北區海安路3段B03棟18樓,15.21,住,,,1070819,土地1建物1車位1,十八層,24,住宅大樓(11層含以上有電梯),住家用,鋼筋混凝土造,,161.76,2,2,2,有,無,10830000,73797,坡道平面,33.3,1350000,,RPQPMLNLOHPFFAD48CB
北區,房地(土地+建物)+車位,臺南市北區海安路3段A03棟18樓,15.21,住,,,1070825,土地1建物1車位1,十八層,24,住宅大樓(11層含以上有電梯),住家用,鋼筋混凝土造,,162.08,2,2,2,有,無,10800000,73769,坡道平面,33.3,1300000,,RPRPMLNLOHPFFAD58CB
北區,房地(土地+建物)+車位,臺南市北區海安路3段B05棟18樓,15.21,住,,,1070904,土地1建物1車位1,十八層,24,住宅大樓(11層含以上有電梯),住家用,鋼筋混凝土造,,161.76,2,2,2,有,無,10850000,74731,坡道平面,33.3,1250000,,RPSPMLNLOHPFFAD68CB
北區,房地(土地+建物)+車位,臺南市北區海安路3段A05棟18樓,15.21,住,,,1070907,土地1建物1車位1,十八層,24,住宅大樓(11層含以上有電梯),住家用,鋼筋混凝土造,,162.08,2,2,2,有,無,10690000,72527,坡道平面,33.3,1350000,,RPTPMLNLOHPFFAD78CB
北區,房地(土地+建物)+車位,臺南市北區海安路3段B07棟23樓,15.18,住,,,1070919,土地1建物1車位1,二十三層,24,住宅大樓(11層含以上有電梯),住家用,鋼筋混凝土造,,161.73,2,2,2,有,無,10950000,75917,坡道平面,33.3,1200000,,RPUPMLNLOHPFFAD88CB
北區,房地(土地+建物)+車位,臺南市北區海安路3段B05棟23樓,15.21,住,,,1070922,土地1建物1車位1,二十三層,24,住宅大樓(11層含以上有電梯),住家用,鋼筋混凝土造,,161.76,2,2,2,有,無,11020000,76444,坡道平面,33.3,1200000,,RPVPMLNLOHPFFAD98CB
北區,房地(土地+建物)+車位,臺南市北區海安路3段A06棟18樓,11.15,住,,,1070922,土地1建物1車位1,十八層,24,住宅大樓(11層含以上有電梯),住家用,鋼筋混凝土造,,127.63,1,2,2,有,無,8130000,73996,坡道平面,33.3,1150000,,RPWPMLNLOHPFFAD09CB
北區,房地(土地+建物)+車位,臺南市北區海安路3段A07棟20樓,15.18,住,,,1070928,土地1建物1車位1,二十層,24,住宅大樓(11層含以上有電梯),住家用,鋼筋混凝土造,,162.05,2,2,2,有,無,11800000,80388,坡道平面,33.3,1450000,,RPXPMLNLOHPFFAD56CB
北區,房地(土地+建物)+車位,臺南市北區海安路3段A07棟21樓,15.18,住,,,1070928,土地1建物1車位1,二十一層,24,住宅大樓(11層含以上有電梯),住家用,鋼筋混凝土造,,162.05,2,2,2,有,無,11800000,80388,坡道平面,33.3,1450000,,RPOQMLNLOHPFFAD38CB
北區,房地(土地+建物)+車位,臺南市北區海安路3段B03棟23樓,15.21,住,,,1071006,土地1建物1車位1,二十三層,24,住宅大樓(11層含以上有電梯),住家用,鋼筋混凝土造,,161.76,2,2,2,有,無,11060000,76755,坡道平面,33.3,1200000,,RPPQMLNLOHPFFAD48CB
北區,房地(土地+建物)+車位,臺南市北區海安路3段B02棟23樓,11.15,住,,,1070929,土地1建物1車位1,二十三層,24,住宅大樓(11層含以上有電梯),住家用,鋼筋混凝土造,,127.4,1,2,2,有,無,8400000,76514,坡道平面,33.3,1200000,,RPQQMLNLOHPFFAD58CB
北區,房地(土地+建物)+車位,臺南市北區海安路3段A07棟15樓,15.18,住,,,1070930,土地1建物1車位1,十五層,24,住宅大樓(11層含以上有電梯),住家用,鋼筋混凝土造,,162.05,2,2,2,有,無,11370000,77049,坡道平面,33.3,1450000,,RPRQMLNLOHPFFAD68CB
北區,房地(土地+建物)+車位,臺南市北區海安路3段A07棟18樓,15.18,住,,,1070930,土地1建物1車位1,十八層,24,住宅大樓(11層含以上有電梯),住家用,鋼筋混凝土造,,162.05,2,2,2,有,無,11180000,77126,坡道平面,33.3,1250000,,RPSQMLNLOHPFFAD78CB
北區,房地(土地+建物)+車位,臺南市北區海安路3段A02棟08樓,11.15,住,,,1071007,土地1建物1車位1,八層,24,住宅大樓(11層含以上有電梯),住家用,鋼筋混凝土造,,127.63,1,2,2,有,無,8520000,76010,坡道平面,33.3,1350000,,RPTQMLNLOHPFFAD88CB
北區,房地(土地+建物)+車位,臺南市北區海安路3段B02棟17樓,11.15,住,,,1071004,土地1建物1車位1,十七層,24,住宅大樓(11層含以上有電梯),住家用,鋼筋混凝土造,,127.4,1,2,2,有,無,8200000,75452,坡道平面,33.3,1100000,,RPUQMLNLOHPFFAD98CB
北區,房地(土地+建物),臺南市北區海安路3段B01棟18樓,15.18,住,,,1071006,土地1建物1車位0,十八層,24,住宅大樓(11層含以上有電梯),住家用,鋼筋混凝土造,,128.34,2,2,2,有,無,9720000,75736,,0.0,0,,RPVQMLNLOHPFFAD09CB
北區,房地(土地+建物)+車位,臺南市北區海安路3段B01棟22樓,15.18,住,,,1071016,土地1建物1車位1,二十二層,24,住宅大樓(11層含以上有電梯),住家用,鋼筋混凝土造,,161.64,2,2,2,有,無,11500000,77528,坡道平面,33.3,1550000,,RPWQMLNLOHPFFAD56CB
,車位,臺南市北區海安路3段231號車位,0.0,,,,1071019,土地0建物0車位1,,24,其他,住家用,鋼筋混凝土造,,33.3,0,0,0,有,無,1550000,,坡道平面,33.3,1550000,,RPXQMLNLOHPFFAD66CB
北區,房地(土地+建物),臺南市北區海安路3段B06棟18樓,11.15,住,,,1071019,土地1建物1車位0,十八層,24,住宅大樓(11層含以上有電梯),住家用,鋼筋混凝土造,,94.1,1,2,2,有,無,6960000,73964,,0.0,0,,RPORMLNLOHPFFAD48CB
北區,房地(土地+建物)+車位,臺南市北區海安路3段B07棟18樓,15.18,住,,,1071018,土地1建物1車位1,十八層,24,住宅大樓(11層含以上有電梯),住家用,鋼筋混凝土造,,161.73,2,2,2,有,無,11210000,75216,坡道平面,33.3,1550000,,RPPRMLNLOHPFFAD58CB
北區,房地(土地+建物),臺南市北區海安路3段A06棟24樓,11.15,住,,,1071025,土地1建物1車位0,二十四層,24,住宅大樓(11層含以上有電梯),住家用,鋼筋混凝土造,,94.33,1,2,2,有,無,7210000,76434,,0.0,0,,RPQRMLNLOHPFFAD68CB
北區,房地(土地+建物)+車位,臺南市北區海安路3段A02棟09樓,11.15,住,,,1071028,土地1建物1車位1,九層,24,住宅大樓(11層含以上有電梯),住家用,鋼筋混凝土造,,127.63,1,2,2,有,無,8310000,76434,坡道平面,33.3,1100000,,RPRRMLNLOHPFFAD78CB
北區,房地(土地+建物)+車位,臺南市北區海安路3段B02棟18樓,11.15,住,,,1071106,土地1建物1車位1,十八層,24,住宅大樓(11層含以上有電梯),住家用,鋼筋混凝土造,,127.4,1,2,2,有,無,8370000,75664,坡道平面,33.3,1250000,,RPSRMLNLOHPFFAD88CB
北區,房地(土地+建物),臺南市北區海安路3段B02棟22樓,11.15,住,,,1071108,土地1建物1車位0,二十二層,24,住宅大樓(11層含以上有電梯),住家用,鋼筋混凝土造,,94.1,1,2,2,有,無,7130000,75770,,0.0,0,,RPURMLNLOHPFFAD09CB
北區,房地(土地+建物)+車位,臺南市北區海安路3段A06棟11樓,11.15,住,,,1071110,土地1建物1車位1,十一層,24,住宅大樓(11層含以上有電梯),住家用,鋼筋混凝土造,,127.63,1,2,2,有,無,8100000,72087,坡道平面,33.3,1300000,,RPVRMLNLOHPFFAD56CB
北區,房地(土地+建物)+車位,臺南市北區海安路3段A02棟21樓,11.15,住,,,1071111,土地1建物1車位1,二十一層,24,住宅大樓(11層含以上有電梯),住家用,鋼筋混凝土造,,127.63,1,2,2,有,無,8600000,77388,坡道平面,33.3,1300000,,RPWRMLNLOHPFFAD66CB
北區,房地(土地+建物)+車位,臺南市北區海安路3段A02棟18樓,11.15,住,,,1071111,土地1建物1車位1,十八層,24,住宅大樓(11層含以上有電梯),住家用,鋼筋混凝土造,,127.63,1,2,2,有,無,8520000,77070,坡道平面,33.3,1250000,,RPXRMLNLOHPFFAD76CB
北區,房地(土地+建物)+車位,臺南市北區海安路3段S03棟01樓,22.23,住,,,1071117,土地1建物1車位1,一層,24,店面(店鋪),住商用,鋼筋混凝土造,,226.4,0,0,0,無,無,22230000,108131,坡道平面,33.3,1350000,,RPOSMLNLOHPFFAD58CB
北區,房地(土地+建物)+車位,臺南市北區海安路3段B06棟23樓,11.15,住,,,1071124,土地1建物1車位1,二十三層,24,住宅大樓(11層含以上有電梯),住家用,鋼筋混凝土造,,127.4,1,2,2,有,無,8350000,75452,坡道平面,33.3,1250000,,RPPSMLNLOHPFFAD68CB
北區,房地(土地+建物)+車位,臺南市北區海安路3段A05棟11樓,15.21,住,,,1071208,土地1建物1車位1,十一層,24,住宅大樓(11層含以上有電梯),住家用,鋼筋混凝土造,,162.08,2,2,2,有,無,10500000,71828,坡道平面,33.3,1250000,,RPQSMLNLOHPFFAD78CB
北區,房地(土地+建物),臺南市北區海安路3段B06棟17樓,11.15,住,,,1071215,土地1建物1車位0,十七層,24,住宅大樓(11層含以上有電梯),住家用,鋼筋混凝土造,,94.1,1,2,2,有,無,7110000,75558,,0.0,0,,RPRSMLNLOHPFFAD88CB
,車位,臺南市北區海安路3段120號車位,0.0,,,,1071217,土地0建物0車位1,,24,其他,住家用,鋼筋混凝土造,,33.3,0,0,0,有,無,1250000,,坡道平面,33.3,1250000,,RPSSMLNLOHPFFAD98CB
,車位,臺南市北區海安路3段169號車位,0.0,,,,1071216,土地0建物0車位1,,24,其他,住家用,鋼筋混凝土造,,33.3,0,0,0,有,無,1300000,,坡道平面,33.3,1300000,,RPTSMLNLOHPFFAD09CB
北區,房地(土地+建物)+車位,臺南市北區海安路3段B02棟21樓,11.15,住,,,1071217,土地1建物1車位1,二十一層,24,住宅大樓(11層含以上有電梯),住家用,鋼筋混凝土造,,127.4,1,2,2,有,無,8320000,75664,坡道平面,33.3,1200000,,RPUSMLNLOHPFFAD56CB
北區,房地(土地+建物)+車位,臺南市北區海安路3段A03棟11樓,15.21,住,,,1080123,土地1建物1車位1,十一層,24,住宅大樓(11層含以上有電梯),住家用,鋼筋混凝土造,,162.08,2,2,2,有,無,10500000,71828,坡道平面,33.3,1250000,,RPWSMLNLOHPFFAD76CB
北區,房地(土地+建物)+車位,臺南市北區海安路3段A02棟11樓,11.15,住,,,1071220,土地1建物1車位1,十一層,24,住宅大樓(11層含以上有電梯),住家用,鋼筋混凝土造,,127.63,1,2,2,有,無,8550000,76858,坡道平面,33.3,1300000,,RPXSMLNLOHPFFAD86CB
北區,房地(土地+建物)+車位,臺南市北區海安路3段A01棟11樓,15.14,住,,,1071229,土地1建物1車位1,十一層,24,住宅大樓(11層含以上有電梯),住家用,鋼筋混凝土造,,161.96,2,2,2,有,無,11150000,76947,坡道平面,33.3,1250000,,RPOTMLNLOHPFFAD68CB
北區,房地(土地+建物)+車位,臺南市北區海安路3段A07棟11樓,15.18,住,,,1080225,土地1建物1車位1,十一層,24,住宅大樓(11層含以上有電梯),住家用,鋼筋混凝土造,,162.05,2,2,2,有,無,11170000,77049,坡道平面,33.3,1250000,,RPPTMLNLOHPFFAD78CB
北區,房地(土地+建物)+車位,臺南市北區海安路3段A01棟06樓,15.14,住,,,1080422,土地1建物1車位1,六層,24,住宅大樓(11層含以上有電梯),住家用,鋼筋混凝土造,,161.96,2,2,2,有,無,11010000,76247,坡道平面,33.3,1200000,,RPQTMLNLOHPFFAD88CB
北區,房地(土地+建物)+車位,臺南市北區海安路3段A03棟12樓,15.21,住,,,1080902,土地1建物1車位1,十二層,24,住宅大樓(11層含以上有電梯),住家用,鋼筋混凝土造,,162.08,2,2,2,有,無,10670000,72760,坡道平面,33.3,1300000,,RPRTMLNLOHPFFAD98CB
北區,房地(土地+建物)+車位,臺南市北區海安路3段A05棟12樓,15.21,住,,,1080913,土地1建物1車位1,十二層,24,住宅大樓(11層含以上有電梯),住家用,鋼筋混凝土造,,162.08,2,2,2,有,無,10670000,72760,坡道平面,33.3,1300000,,RPSTMLNLOHPFFAD09CB
北區,房地(土地+建物)+車位,臺南市北區海安路3段A03棟17樓,15.21,住,,,1081004,土地1建物1車位1,十七層,24,住宅大樓(11層含以上有電梯),住家用,鋼筋混凝土造,,162.08,2,2,2,有,無,11250000,76487,坡道平面,33.3,1400000,,RPTTMLNLOHPFFAD56CB
北區,房地(土地+建物)+車位,臺南市北區海安路3段A02棟17樓,11.15,住,,,1081026,土地1建物1車位1,十七層,24,住宅大樓(11層含以上有電梯),住家用,鋼筋混凝土造,,127.63,1,2,2,有,無,8650000,78978,坡道平面,33.3,1200000,,RPUTMLNLOHPFFAD66CB
北區,房地(土地+建物)+車位,臺南市北區海安路3段S01棟01樓,25.68,住,,,1081122,土地1建物1車位1,一層,24,店面(店鋪),住商用,鋼筋混凝土造,,261.08,0,0,0,無,無,34000000,144218,坡道平面,33.3,1150000,,RPVTMLNLOHPFFAD76CB
北區,房地(土地+建物)+車位,臺南市北區海安路3段A02棟12樓,11.15,住,,,1081114,土地1建物1車位1,十二層,24,住宅大樓(11層含以上有電梯),住家用,鋼筋混凝土造,,127.63,1,2,2,有,無,8850000,80038,坡道平面,33.3,1300000,,RPWTMLNLOHPFFAD86CB
永康區,房地(土地+建物)+車位,臺南市永康區小東路423巷A1-04F,40.04,住,,,1090330,土地1建物1車位2,四層,11,住宅大樓(11層含以上有電梯),住家用,鋼筋混凝土造,,230.25,4,1,2,有,無,12450000,61539,坡道平面,73.44,2800000,,RPQOMLQKPHPFFKD07CB
永康區,房地(土地+建物)+車位,臺南市永康區小東路423巷A1-05F,40.04,住,,,1090303,土地1建物1車位2,五層,11,住宅大樓(11層含以上有電梯),住家用,鋼筋混凝土造,,230.25,4,1,2,有,無,12390000,62432,坡道平面,73.44,2600000,,RPSOMLQKPHPFFKD27CB
永康區,房地(土地+建物)+車位,臺南市永康區小東路423巷A2-5F,39.55,住,,,1081231,土地1建物1車位1,五層,11,住宅大樓(11層含以上有電梯),住家用,鋼筋混凝土造,,193.68,4,1,2,有,無,11500000,63710,坡道平面,36.72,1500000,,RPUOMLQKPHPFFKD47CB
永康區,房地(土地+建物)+車位,臺南市永康區小東路423巷A2-8F,40.04,住,,,1081018,土地1建物1車位2,八層,11,住宅大樓(11層含以上有電梯),住家用,鋼筋混凝土造,,230.4,4,1,2,有,無,12910000,64411,坡道平面,73.44,2800000,,RPXPMLMLPHPFFKD57CB
永康區,房地(土地+建物)+車位,臺南市永康區小東路423巷A1-01F,36.14,住,,,1090313,土地1建物1車位1,一層,11,住宅大樓(11層含以上有電梯),住家用,鋼筋混凝土造,,179.35,4,1,2,有,無,10650000,64152,坡道平面,36.72,1500000,,RPTNMLOLPHPFFKD17CB
永康區,房地(土地+建物)+車位,臺南市永康區小東路423巷A1-03F,39.55,住,,,1090225,土地1建物1車位1,三層,11,住宅大樓(11層含以上有電梯),住家用,鋼筋混凝土造,,193.53,4,1,2,有,無,11480000,63644,坡道平面,36.72,1500000,,RPXNMLOLPHPFFKD57CB
永康區,房地(土地+建物)+車位,臺南市永康區小東路423巷A1-06F,39.55,住,,,1081025,土地1建物1車位1,六層,11,住宅大樓(11層含以上有電梯),住家用,鋼筋混凝土造,,193.53,4,1,2,有,無,11750000,66003,坡道平面,36.72,1400000,,RPQOMLOLPHPFFKD96CB
永康區,房地(土地+建物)+車位,臺南市永康區小東路423巷A1-07F,39.55,住,,,1080920,土地1建物1車位1,七層,11,住宅大樓(11層含以上有電梯),住家用,鋼筋混凝土造,,193.53,4,1,2,有,無,11800000,66322,坡道平面,36.72,1400000,,RPWPMLOLPHPFFKD67CB
永康區,房地(土地+建物)+車位,臺南市永康區小東路423巷A1-08F,39.55,住,,,1081007,土地1建物1車位1,八層,11,住宅大樓(11層含以上有電梯),住家用,鋼筋混凝土造,,193.53,4,1,2,有,無,11800000,66322,坡道平面,36.72,1400000,,RPXPMLOLPHPFFKD77CB
永康區,房地(土地+建物)+車位,臺南市永康區小東路423巷A1-09F,40.04,住,,,1081115,土地1建物1車位2,九層,11,住宅大樓(11層含以上有電梯),住家用,鋼筋混凝土造,,230.25,4,1,2,有,無,12800000,63771,坡道平面,73.44,2800000,,RPOQMLOLPHPFFKD96CB
永康區,房地(土地+建物)+車位,臺南市永康區小東路423巷A1-10F,40.53,住,,,1090227,土地1建物1車位3,十層,11,住宅大樓(11層含以上有電梯),住家用,鋼筋混凝土造,,266.97,4,1,2,有,無,14180000,62368,坡道平面,110.16,4400000,,RPPQMLOLPHPFFKD07CB
永康區,房地(土地+建物)+車位,臺南市永康區小東路423巷A2-2F,39.55,住,,,1090608,土地1建物1車位1,二層,11,住宅大樓(11層含以上有電梯),住家用,鋼筋混凝土造,,193.68,4,1,2,有,無,11200000,62436,坡道平面,36.72,1400000,,RPQQMLOLPHPFFKD17CB
永康區,房地(土地+建物)+車位,臺南市永康區小東路423巷A2-3F,39.55,住,,,1090225,土地1建物1車位1,三層,11,住宅大樓(11層含以上有電梯),住家用,鋼筋混凝土造,,193.68,4,1,2,有,無,11480000,63583,坡道平面,36.72,1500000,,RPVOMLTLPHPFFKD97CB
永康區,房地(土地+建物)+車位,臺南市永康區小東路423巷A2-10F,40.04,住,,,1081014,土地1建物1車位2,十層,11,住宅大樓(11層含以上有電梯),住家用,鋼筋混凝土造,,230.4,4,1,2,有,無,13180000,64857,坡道平面,73.44,3000000,,RPRPMLTLPHPFFKD67CB
永康區,房地(土地+建物)+車位,臺南市永康區小東路423巷A2-11F,39.55,住,,,1090416,土地1建物1車位1,十一層,11,住宅大樓(11層含以上有電梯),住家用,鋼筋混凝土造,,193.68,4,1,2,有,無,11600000,64985,坡道平面,36.72,1400000,,RPTPMLTLPHPFFKD87CB
永康區,房地(土地+建物)+車位,臺南市永康區小東路423巷A3-3F,33.21,住,,,1081206,土地1建物1車位1,三層,11,住宅大樓(11層含以上有電梯),住家用,鋼筋混凝土造,,167.75,3,1,2,有,無,9800000,64107,坡道平面,36.72,1400000,,RPOQMLTLPHPFFKD47CB
永康區,房地(土地+建物)+車位,臺南市永康區小東路423巷A3-7F,33.21,住,,,1081106,土地1建物1車位1,七層,11,住宅大樓(11層含以上有電梯),住家用,鋼筋混凝土造,,167.75,3,1,2,有,無,10030000,65100,坡道平面,36.72,1500000,,RPTQMLTLPHPFFKD97CB
永康區,房地(土地+建物)+車位,臺南市永康區小東路423巷A3-8F,33.69,住,,,1080926,土地1建物1車位2,八層,11,住宅大樓(11層含以上有電梯),住家用,鋼筋混凝土造,,204.47,3,1,2,有,無,10800000,62581,坡道平面,73.44,2600000,,RPUQMLTLPHPFFKD08CB
永康區,房地(土地+建物)+車位,臺南市永康區小東路423巷A3-9F,33.21,住,,,1081218,土地1建物1車位1,九層,11,住宅大樓(11層含以上有電梯),住家用,鋼筋混凝土造,,167.75,3,1,2,有,無,9860000,65329,坡道平面,36.72,1300000,,RPUOMLRJQHPFFKD57CB
永康區,房地(土地+建物)+車位,臺南市永康區小東路423巷A3-10F,33.21,住,,,1090203,土地1建物1車位1,十層,11,住宅大樓(11層含以上有電梯),住家用,鋼筋混凝土造,,167.75,3,1,2,有,無,9820000,65023,坡道平面,36.72,1300000,,RPVOMLRJQHPFFKD67CB
永康區,房地(土地+建物)+車位,臺南市永康區小東路423巷A3-11F,33.21,住,,,1090205,土地1建物1車位1,十一層,11,住宅大樓(11層含以上有電梯),住家用,鋼筋混凝土造,,167.75,3,1,2,有,無,9900000,65634,坡道平面,36.72,1300000,,RPWOMLRJQHPFFKD77CB
永康區,房地(土地+建物)+車位,臺南市永康區小東路423巷A5-1F,30.76,住,,,1090416,土地1建物1車位3,一層,11,住宅大樓(11層含以上有電梯),住家用,鋼筋混凝土造,,227.82,3,1,2,有,無,11420000,60088,坡道平面,110.16,4350000,,RPXOMLRJQHPFFKD87CB
永康區,房地(土地+建物)+車位,臺南市永康區小東路423巷A5-2F,33.21,住,,,1090225,土地1建物1車位1,二層,11,住宅大樓(11層含以上有電梯),住家用,鋼筋混凝土造,,168.0,3,1,2,有,無,9780000,63071,坡道平面,36.72,1500000,,RPOPMLRJQHPFFKD07CB
永康區,房地(土地+建物)+車位,臺南市永康區小東路423巷A5-3F,33.21,住,,,1090205,土地1建物1車位1,三層,11,住宅大樓(11層含以上有電梯),住家用,鋼筋混凝土造,,168.0,3,1,2,有,無,9600000,61700,坡道平面,36.72,1500000,,RPQPMLRJQHPFFKD27CB
永康區,房地(土地+建物)+車位,臺南市永康區小東路423巷A5-5F,33.21,住,,,1080912,土地1建物1車位1,五層,11,住宅大樓(11層含以上有電梯),住家用,鋼筋混凝土造,,168.0,3,1,2,有,無,9880000,64595,坡道平面,36.72,1400000,,RPTPMLMKQHPFFKD17CB
永康區,房地(土地+建物)+車位,臺南市永康區小東路423巷A5-7F,33.69,住,,,1081014,土地1建物1車位2,七層,11,住宅大樓(11層含以上有電梯),住家用,鋼筋混凝土造,,204.72,3,1,2,有,無,11100000,63224,坡道平面,73.44,2800000,,RPVPMLMKQHPFFKD37CB
永康區,房地(土地+建物)+車位,臺南市永康區小東路423巷A5-8F,33.69,住,,,1081114,土地1建物1車位2,八層,11,住宅大樓(11層含以上有電梯),住家用,鋼筋混凝土造,,204.72,3,1,2,有,無,11300000,64747,坡道平面,73.44,2800000,,RPWNMLNKQHPFFKD37CB
永康區,房地(土地+建物)+車位,臺南市永康區小東路423巷A5-9F,33.69,住,,,1081114,土地1建物1車位2,九層,11,住宅大樓(11層含以上有電梯),住家用,鋼筋混凝土造,,204.72,3,1,2,有,無,10950000,63605,坡道平面,73.44,2600000,,RPPOMLNKQHPFFKD76CB
永康區,房地(土地+建物)+車位,臺南市永康區小東路423巷B1-2F,23.44,住,,,1090305,土地1建物1車位1,二層,11,住宅大樓(11層含以上有電梯),住家用,鋼筋混凝土造,,128.63,2,1,1,有,無,7300000,64193,坡道平面,36.72,1400000,,RPVOMLNKQHPFFKD37CB
永康區,房地(土地+建物)+車位,臺南市永康區小東路423巷B1-3F,23.44,住,,,1081206,土地1建物1車位1,三層,11,住宅大樓(11層含以上有電梯),住家用,鋼筋混凝土造,,128.63,2,1,1,有,無,7130000,63432,坡道平面,36.72,1300000,,RPWOMLNKQHPFFKD47CB
永康區,房地(土地+建物)+車位,臺南市永康區小東路423巷B1-5F,23.44,住,,,1090122,土地1建物1車位1,五層,11,住宅大樓(11層含以上有電梯),住家用,鋼筋混凝土造,,128.63,2,1,1,有,無,7160000,63758,坡道平面,36.72,1300000,,RPVNMLOKQHPFFKD37CB
永康區,房地(土地+建物)+車位,臺南市永康區小東路423巷B1-6F,23.44,住,,,1090107,土地1建物1車位1,六層,11,住宅大樓(11層含以上有電梯),住家用,鋼筋混凝土造,,128.63,2,1,1,有,無,7220000,64411,坡道平面,36.72,1300000,,RPWNMLOKQHPFFKD47CB
永康區,房地(土地+建物)+車位,臺南市永康區小東路423巷B1-7F,23.44,住,,,1081111,土地1建物1車位1,七層,11,住宅大樓(11層含以上有電梯),住家用,鋼筋混凝土造,,128.63,2,1,1,有,無,7380000,65064,坡道平面,36.72,1400000,,RPWOMLSKQHPFFKD97CB
永康區,房地(土地+建物)+車位,臺南市永康區小東路423巷B1-8F,23.44,住,,,1090122,土地1建物1車位1,八層,11,住宅大樓(11層含以上有電梯),住家用,鋼筋混凝土造,,128.63,2,1,1,有,無,7300000,64193,坡道平面,36.72,1400000,,RPOPMLSKQHPFFKD27CB
永康區,房地(土地+建物)+車位,臺南市永康區小東路423巷B1-10F,23.44,住,,,1090110,土地1建物1車位1,十層,11,住宅大樓(11層含以上有電梯),住家用,鋼筋混凝土造,,128.63,2,1,1,有,無,7230000,63432,坡道平面,36.72,1400000,,RPSPMLSKQHPFFKD67CB
永康區,房地(土地+建物)+車位,臺南市永康區小東路423巷B1-11F,23.44,住,,,1090122,土地1建物1車位1,十一層,11,住宅大樓(11層含以上有電梯),住家用,鋼筋混凝土造,,128.63,2,1,1,有,無,7280000,63976,坡道平面,36.72,1400000,,RPTPMLSKQHPFFKD77CB
永康區,房地(土地+建物)+車位,臺南市永康區小東路423巷B2-3F,23.44,住,,,1080923,土地1建物1車位1,三層,11,住宅大樓(11層含以上有電梯),住家用,鋼筋混凝土造,,128.76,2,1,1,有,無,7250000,63559,坡道平面,36.72,1400000,,RPUPMLSKQHPFFKD87CB
永康區,房地(土地+建物)+車位,臺南市永康區小東路423巷B2-4F,23.44,住,,,1081217,土地1建物1車位1,四層,11,住宅大樓(11層含以上有電梯),住家用,鋼筋混凝土造,,128.76,2,1,1,有,無,7250000,63559,坡道平面,36.72,1400000,,RPWPMLSKQHPFFKD08CB
永康區,房地(土地+建物)+車位,臺南市永康區小東路423巷B2-5F,23.44,住,,,1081216,土地1建物1車位1,五層,11,住宅大樓(11層含以上有電梯),住家用,鋼筋混凝土造,,128.76,2,1,1,有,無,7300000,64103,坡道平面,36.72,1400000,,RPXPMLSKQHPFFKD18CB
永康區,房地(土地+建物)+車位,臺南市永康區小東路423巷B2-6F,23.44,住,,,1080923,土地1建物1車位1,六層,11,住宅大樓(11層含以上有電梯),住家用,鋼筋混凝土造,,128.76,2,1,1,有,無,7380000,64972,坡道平面,36.72,1400000,,RPVNMLTKQHPFFKD87CB
永康區,房地(土地+建物)+車位,臺南市永康區小東路423巷B2-7F,23.93,住,,,1081028,土地1建物1車位2,七層,11,住宅大樓(11層含以上有電梯),住家用,鋼筋混凝土造,,165.48,2,1,1,有,無,8580000,62799,坡道平面,73.44,2800000,,RPPOMLTKQHPFFKD37CB
永康區,房地(土地+建物)+車位,臺南市永康區小東路423巷B2-8F,23.44,住,,,1081030,土地1建物1車位1,七層,11,住宅大樓(11層含以上有電梯),住家用,鋼筋混凝土造,,128.76,2,1,1,有,無,7480000,66058,坡道平面,36.72,1400000,,RPTOMLTKQHPFFKD77CB
永康區,房地(土地+建物)+車位,臺南市永康區小東路423巷B2-9F,23.44,住,,,1080920,土地1建物1車位1,九層,11,住宅大樓(11層含以上有電梯),住家用,鋼筋混凝土造,,128.76,2,1,1,有,無,7350000,65732,坡道平面,36.72,1300000,,RPUOMLTKQHPFFKD87CB
永康區,房地(土地+建物)+車位,臺南市永康區小東路423巷B2-10F,23.44,住,,,1090205,土地1建物1車位1,十層,11,住宅大樓(11層含以上有電梯),住家用,鋼筋混凝土造,,128.76,2,1,1,有,無,7380000,66058,坡道平面,36.72,1300000,,RPVOMLTKQHPFFKD97CB
永康區,房地(土地+建物)+車位,臺南市永康區小東路423巷B2-11F,23.44,住,,,1090219,土地1建物1車位1,十一層,11,住宅大樓(11層含以上有電梯),住家用,鋼筋混凝土造,,128.76,2,1,1,有,無,7420000,65406,坡道平面,36.72,1400000,,RPWOMLTKQHPFFKD08CB
永康區,房地(土地+建物)+車位,臺南市永康區小東路423巷B3-2F,23.44,住,,,1090429,土地1建物1車位1,二層,11,住宅大樓(11層含以上有電梯),住家用,鋼筋混凝土造,,128.74,2,1,1,有,無,7100000,61943,坡道平面,36.72,1400000,,RPXOMLTKQHPFFKD18CB
永康區,房地(土地+建物)+車位,臺南市永康區小東路423巷B3-3F,23.44,住,,,1081114,土地1建物1車位1,三層,11,住宅大樓(11層含以上有電梯),住家用,鋼筋混凝土造,,128.74,2,1,1,有,無,7220000,64334,坡道平面,36.72,1300000,,RPPPMLTKQHPFFKD47CB
永康區,房地(土地+建物)+車位,臺南市永康區小東路423巷B3-5F,23.44,住,,,1090122,土地1建物1車位1,五層,11,住宅大樓(11層含以上有電梯),住家用,鋼筋混凝土造,,128.74,2,1,1,有,無,7580000,66073,坡道平面,36.72,1500000,,RPQPMLTKQHPFFKD57CB
永康區,房地(土地+建物)+車位,臺南市永康區小東路423巷B3-6F,23.44,住,,,1081226,土地1建物1車位1,六層,11,住宅大樓(11層含以上有電梯),住家用,鋼筋混凝土造,,128.74,2,1,1,有,無,7450000,64660,坡道平面,36.72,1500000,,RPRPMLTKQHPFFKD67CB
永康區,房地(土地+建物)+車位,臺南市永康區小東路423巷B3-7F,23.44,住,,,1090107,土地1建物1車位1,七層,11,住宅大樓(11層含以上有電梯),住家用,鋼筋混凝土造,,128.74,2,1,1,有,無,7350000,65747,坡道平面,36.72,1300000,,RPSQMLPLQHPFFKD57CB
永康區,房地(土地+建物)+車位,臺南市永康區小東路423巷B3-8F,23.44,住,,,1090122,土地1建物1車位1,八層,11,住宅大樓(11層含以上有電梯),住家用,鋼筋混凝土造,,128.74,2,1,1,有,無,7520000,65421,坡道平面,36.72,1500000,,RPTQMLPLQHPFFKD67CB
永康區,房地(土地+建物)+車位,臺南市永康區小東路423巷B3-9F,23.44,住,,,1081017,土地1建物1車位1,九層,11,住宅大樓(11層含以上有電梯),住家用,鋼筋混凝土造,,128.74,2,1,1,有,無,7480000,64986,坡道平面,36.72,1500000,,RPUQMLPLQHPFFKD77CB
永康區,房地(土地+建物)+車位,臺南市永康區小東路423巷B3-10F,23.44,住,,,1090122,土地1建物1車位1,十層,11,住宅大樓(11層含以上有電梯),住家用,鋼筋混凝土造,,128.74,2,1,1,有,無,7600000,66290,坡道平面,36.72,1500000,,RPVQMLPLQHPFFKD87CB
永康區,房地(土地+建物)+車位,臺南市永康區小東路423巷B5-7F,23.44,住,,,1081118,土地1建物1車位1,七層,11,住宅大樓(11層含以上有電梯),住家用,鋼筋混凝土造,,128.68,2,1,1,有,無,7380000,65028,坡道平面,36.72,1400000,,RPVRMLPLQHPFFKD97CB
永康區,房地(土地+建物)+車位,臺南市永康區小東路423巷B5-8F,23.44,住,,,1081028,土地1建物1車位1,八層,11,住宅大樓(11層含以上有電梯),住家用,鋼筋混凝土造,,128.68,2,1,1,有,無,7380000,65028,坡道平面,36.72,1400000,,RPWRMLPLQHPFFKD08CB
永康區,房地(土地+建物)+車位,臺南市永康區小東路423巷B5-10F,23.44,住,,,1081118,土地1建物1車位1,十層,11,住宅大樓(11層含以上有電梯),住家用,鋼筋混凝土造,,128.68,2,1,1,有,無,7420000,65463,坡道平面,36.72,1400000,,RPSOMLRLQHPFFKD57CB
永康區,房地(土地+建物)+車位,臺南市永康區小東路423巷SB2,22.95,住,,,1081224,土地1建物1車位1,一層,11,住宅大樓(11層含以上有電梯),住家用,鋼筋混凝土造,,129.74,1,1,1,有,無,10000000,91378,坡道平面,36.72,1500000,,RPQPMLRLQHPFFKD47CB
永康區,房地(土地+建物)+車位,臺南市永康區小東路423巷SB3,39.55,住,,,1081223,土地1建物1車位1,一層,11,住宅大樓(11層含以上有電梯),住家用,鋼筋混凝土造,,195.67,1,1,1,有,無,16500000,94369,坡道平面,36.72,1500000,,RPTPMLRLQHPFFKD77CB
永康區,房地(土地+建物)+車位,臺南市永康區小東路423巷,28.81,住,,,1090122,土地1建物1車位1,,11,住宅大樓(11層含以上有電梯),住家用,鋼筋混凝土造,,152.21,1,1,1,有,無,12380000,94207,坡道平面,36.72,1500000,,RPOOMLSLQHPFFKD27CB
永康區,房地(土地+建物)+車位,臺南市永康區小東路423巷A2-4F,39.55,住,,,1090525,土地1建物1車位1,四層,11,住宅大樓(11層含以上有電梯),住家用,鋼筋混凝土造,,193.68,4,1,2,有,無,10960000,61544,坡道平面,36.72,1300000,,RPUNMLNJRHPFFKD17CB
永康區,房地(土地+建物)+車位,臺南市永康區小東路423巷C1-03F,30.76,住,,,1081218,土地1建物1車位1,三層,11,住宅大樓(11層含以上有電梯),住家用,鋼筋混凝土造,,159.06,3,1,2,有,無,9200000,63757,坡道平面,36.72,1400000,,RPVNMLNJRHPFFKD27CB
永康區,房地(土地+建物)+車位,臺南市永康區小東路423巷C1-04F,30.76,住,,,1081212,土地1建物1車位1,四層,11,住宅大樓(11層含以上有電梯),住家用,鋼筋混凝土造,,159.06,3,1,2,有,無,9150000,63348,坡道平面,36.72,1400000,,RPXNMLNJRHPFFKD47CB
永康區,房地(土地+建物)+車位,臺南市永康區小東路423巷A1-02F,39.55,住,,,1090609,土地1建物1車位1,二層,11,住宅大樓(11層含以上有電梯),住家用,鋼筋混凝土造,,193.53,4,1,2,有,無,11000000,61858,坡道平面,36.72,1300000,,RPOPMLNJRHPFFKD76CB
永康區,房地(土地+建物)+車位,臺南市永康區小東路423巷C1-05F,30.76,住,,,1090611,土地1建物1車位1,五層,11,住宅大樓(11層含以上有電梯),住家用,鋼筋混凝土造,,159.06,3,1,2,有,無,9280000,64411,坡道平面,36.72,1400000,,RPRPMLNJRHPFFKD07CB
永康區,房地(土地+建物)+車位,臺南市永康區小東路423巷C1-06F,31.25,住,,,1081108,土地1建物1車位2,六層,11,住宅大樓(11層含以上有電梯),住家用,鋼筋混凝土造,,195.78,3,1,2,有,無,10300000,62939,坡道平面,73.44,2600000,,RPTPMLNJRHPFFKD27CB
永康區,房地(土地+建物)+車位,臺南市永康區小東路423巷C1-07F,30.76,住,,,1090601,土地1建物1車位1,七層,11,住宅大樓(11層含以上有電梯),住家用,鋼筋混凝土造,,159.06,3,1,2,有,無,9360000,65065,坡道平面,36.72,1400000,,RPUPMLNJRHPFFKD37CB
永康區,房地(土地+建物)+車位,臺南市永康區小東路423巷C1-08F,30.76,住,,,1080923,土地1建物1車位1,八層,11,住宅大樓(11層含以上有電梯),住家用,鋼筋混凝土造,,159.06,3,1,2,有,無,9260000,65065,坡道平面,36.72,1300000,,RPQNMLOJRHPFFKD86CB
永康區,房地(土地+建物)+車位,臺南市永康區小東路423巷C1-09F,30.76,住,,,1081212,土地1建物1車位1,九層,11,住宅大樓(11層含以上有電梯),住家用,鋼筋混凝土造,,159.06,3,1,2,有,無,9600000,66209,坡道平面,36.72,1500000,,RPVOMLSJRHPFFKD87CB
永康區,房地(土地+建物)+車位,臺南市永康區小東路423巷C1-10F,30.76,住,,,1081007,土地1建物1車位1,十層,11,住宅大樓(11層含以上有電梯),住家用,鋼筋混凝土造,,159.06,3,1,2,有,無,9620000,66372,坡道平面,36.72,1500000,,RPXOMLSJRHPFFKD08CB
永康區,房地(土地+建物)+車位,臺南市永康區小東路423巷C1-11F,30.76,住,,,1080920,土地1建物1車位1,十一層,11,住宅大樓(11層含以上有電梯),住家用,鋼筋混凝土造,,159.06,3,1,2,有,無,9470000,65964,坡道平面,36.72,1400000,,RPOPMLSJRHPFFKD27CB
永康區,房地(土地+建物)+車位,臺南市永康區小東路423巷SC2,32.72,住,,,1090529,土地1建物1車位1,一層,11,住宅大樓(11層含以上有電梯),住家用,鋼筋混凝土造,,167.24,1,1,1,有,無,11000000,72786,坡道平面,36.72,1500000,,RPPPMLSJRHPFFKD37CB
永康區,房地(土地+建物)+車位,臺南市永康區小東路423巷C2-02F,31.25,住,,,1090122,土地1建物1車位1,二層,11,住宅大樓(11層含以上有電梯),住家用,鋼筋混凝土造,,159.17,3,1,2,有,無,9120000,63046,坡道平面,36.72,1400000,,RPQPMLSJRHPFFKD47CB
永康區,房地(土地+建物)+車位,臺南市永康區小東路423巷C2-03F,31.25,住,,,1080910,土地1建物1車位1,三層,11,住宅大樓(11層含以上有電梯),住家用,鋼筋混凝土造,,159.17,3,1,2,有,無,9330000,64761,坡道平面,36.72,1400000,,RPRPMLSJRHPFFKD57CB
永康區,房地(土地+建物)+車位,臺南市永康區小東路423巷C2-04F,31.25,住,,,1081108,土地1建物1車位1,四層,11,住宅大樓(11層含以上有電梯),住家用,鋼筋混凝土造,,159.17,3,1,2,有,無,9200000,62883,坡道平面,36.72,1500000,,RPTPMLSJRHPFFKD77CB
永康區,房地(土地+建物)+車位,臺南市永康區小東路423巷C2-05F,31.74,住,,,1080926,土地1建物1車位2,五層,11,住宅大樓(11層含以上有電梯),住家用,鋼筋混凝土造,,196.89,3,1,2,有,無,10080000,60591,坡道平面,73.44,2600000,,RPUPMLSJRHPFFKD87CB
永康區,房地(土地+建物)+車位,臺南市永康區小東路423巷C2-06F,31.25,住,,,1081115,土地1建物1車位1,六層,11,住宅大樓(11層含以上有電梯),住家用,鋼筋混凝土造,,159.17,3,1,2,有,無,9450000,65741,坡道平面,36.72,1400000,,RPTNMLTJRHPFFKD67CB
永康區,房地(土地+建物)+車位,臺南市永康區小東路423巷C2-07F,31.74,住,,,1081231,土地1建物1車位2,七層,11,住宅大樓(11層含以上有電梯),住家用,鋼筋混凝土造,,195.89,3,1,2,有,無,10580000,63536,坡道平面,73.44,2800000,,RPUNMLTJRHPFFKD77CB
永康區,房地(土地+建物)+車位,臺南市永康區小東路423巷C2-08F,31.25,住,,,1081114,土地1建物1車位1,八層,11,住宅大樓(11層含以上有電梯),住家用,鋼筋混凝土造,,159.17,3,1,2,有,無,9300000,65333,坡道平面,36.72,1300000,,RPVNMLTJRHPFFKD87CB
永康區,房地(土地+建物)+車位,臺南市永康區小東路423巷C2-09F,31.74,住,,,1081114,土地1建物1車位2,九層,11,住宅大樓(11層含以上有電梯),住家用,鋼筋混凝土造,,195.89,3,1,2,有,無,10310000,62964,坡道平面,73.44,2600000,,RPWNMLTJRHPFFKD97CB
永康區,房地(土地+建物)+車位,臺南市永康區小東路423巷C2-10F,31.74,住,,,1081108,土地1建物1車位2,十層,11,住宅大樓(11層含以上有電梯),住家用,鋼筋混凝土造,,195.89,3,1,2,有,無,10500000,62883,坡道平面,73.44,2800000,,RPXNMLTJRHPFFKD08CB
永康區,房地(土地+建物)+車位,臺南市永康區小東路423巷C2-11F,31.25,住,,,1090318,土地1建物1車位1,十一層,11,住宅大樓(11層含以上有電梯),住家用,鋼筋混凝土造,,159.17,3,1,2,有,無,9400000,65333,坡道平面,36.72,1400000,,RPOOMLTJRHPFFKD27CB
永康區,房地(土地+建物)+車位,臺南市永康區小東路423巷C3-02F,31.25,住,,,1090303,土地1建物1車位1,二層,11,住宅大樓(11層含以上有電梯),住家用,鋼筋混凝土造,,159.18,3,1,2,有,無,8920000,61408,坡道平面,36.72,1400000,,RPPOMLTJRHPFFKD37CB
永康區,房地(土地+建物)+車位,臺南市永康區小東路423巷C3-03F,31.25,住,,,1081005,土地1建物1車位1,三層,11,住宅大樓(11層含以上有電梯),住家用,鋼筋混凝土造,,159.18,3,1,2,有,無,9080000,63531,坡道平面,36.72,1300000,,RPQOMLTJRHPFFKD47CB
永康區,房地(土地+建物)+車位,臺南市永康區小東路423巷C3-04F,31.25,住,,,1081015,土地1建物1車位1,四層,11,住宅大樓(11層含以上有電梯),住家用,鋼筋混凝土造,,159.18,3,1,2,有,無,9080000,62714,坡道平面,36.72,1400000,,RPSOMLTJRHPFFKD67CB
永康區,房地(土地+建物)+車位,臺南市永康區小東路423巷C3-05F,31.74,住,,,1080926,土地1建物1車位2,五層,11,住宅大樓(11層含以上有電梯),住家用,鋼筋混凝土造,,195.9,3,1,2,有,無,10060000,60918,坡道平面,73.44,2600000,,RPTOMLTJRHPFFKD77CB
永康區,房地(土地+建物)+車位,臺南市永康區小東路423巷C3-06F,31.74,住,,,1081022,土地1建物1車位2,六層,11,住宅大樓(11層含以上有電梯),住家用,鋼筋混凝土造,,195.9,3,1,2,有,無,10520000,61408,坡道平面,73.44,3000000,,RPUOMLTJRHPFFKD87CB
永康區,房地(土地+建物)+車位,臺南市永康區小東路423巷C3-07F,31.25,住,,,1081024,土地1建物1車位1,七層,11,住宅大樓(11層含以上有電梯),住家用,鋼筋混凝土造,,159.18,3,1,2,有,無,9350000,64919,坡道平面,36.72,1400000,,RPVOMLTJRHPFFKD97CB
永康區,房地(土地+建物)+車位,臺南市永康區小東路423巷C3-08F,31.25,住,,,1080912,土地1建物1車位1,八層,11,住宅大樓(11層含以上有電梯),住家用,鋼筋混凝土造,,159.18,3,1,2,有,無,9580000,65981,坡道平面,36.72,1500000,,RPWOMLTJRHPFFKD08CB
永康區,房地(土地+建物)+車位,臺南市永康區小東路423巷C3-09F,31.25,住,,,1081113,土地1建物1車位1,九層,11,住宅大樓(11層含以上有電梯),住家用,鋼筋混凝土造,,159.18,3,1,2,有,無,9300000,65327,坡道平面,36.72,1300000,,RPXOMLTJRHPFFKD18CB
永康區,房地(土地+建物)+車位,臺南市永康區小東路423巷C3-10F,31.74,住,,,1090612,土地1建物1車位2,十層,11,住宅大樓(11層含以上有電梯),住家用,鋼筋混凝土造,,195.9,3,1,2,有,無,10750000,63286,坡道平面,73.44,3000000,,RPOPMLTJRHPFFKD37CB
永康區,房地(土地+建物)+車位,臺南市永康區小東路423巷C3-11F,31.25,住,,,1090506,土地1建物1車位1,十一層,11,住宅大樓(11層含以上有電梯),住家用,鋼筋混凝土造,,159.18,3,1,2,有,無,9150000,64103,坡道平面,36.72,1300000,,RPPPMLTJRHPFFKD47CB
永康區,房地(土地+建物)+車位,臺南市永康區小東路423巷C5-02F,31.74,住,,,1081104,土地1建物1車位2,二層,11,住宅大樓(11層含以上有電梯),住家用,鋼筋混凝土造,,195.83,3,1,2,有,無,10400000,60462,坡道平面,73.44,3000000,,RPXPMLTJRHPFFKD28CB
永康區,房地(土地+建物)+車位,臺南市永康區小東路423巷C5-03F,31.25,住,,,1081014,土地1建物1車位1,三層,11,住宅大樓(11層含以上有電梯),住家用,鋼筋混凝土造,,159.11,3,1,2,有,無,9290000,64466,坡道平面,36.72,1400000,,RPPQMLTJRHPFFKD57CB
永康區,房地(土地+建物)+車位,臺南市永康區小東路423巷C5-04F,31.25,住,,,1080920,土地1建物1車位1,四層,11,住宅大樓(11層含以上有電梯),住家用,鋼筋混凝土造,,159.11,3,1,2,有,無,9080000,63567,坡道平面,36.72,1300000,,RPRQMLTJRHPFFKD77CB
永康區,房地(土地+建物)+車位,臺南市永康區小東路423巷C5-05F,31.25,住,,,1081017,土地1建物1車位1,五層,11,住宅大樓(11層含以上有電梯),住家用,鋼筋混凝土造,,159.11,3,1,2,有,無,9300000,65365,坡道平面,36.72,1300000,,RPSQMLTJRHPFFKD87CB
永康區,房地(土地+建物)+車位,臺南市永康區小東路423巷C5-06F,31.25,住,,,1080926,土地1建物1車位1,六層,11,住宅大樓(11層含以上有電梯),住家用,鋼筋混凝土造,,159.11,3,1,2,有,無,9300000,65365,坡道平面,36.72,1300000,,RPTQMLTJRHPFFKD97CB
永康區,房地(土地+建物)+車位,臺南市永康區小東路423巷C5-08F,31.25,住,,,1081015,土地1建物1車位1,八層,11,住宅大樓(11層含以上有電梯),住家用,鋼筋混凝土造,,159.11,3,1,2,有,無,9300000,65365,坡道平面,36.72,1300000,,RPVQMLTJRHPFFKD18CB
永康區,房地(土地+建物)+車位,臺南市永康區小東路423巷C5-09F,31.25,住,,,1080917,土地1建物1車位1,九層,11,住宅大樓(11層含以上有電梯),住家用,鋼筋混凝土造,,159.11,3,1,2,有,無,9330000,65610,坡道平面,36.72,1300000,,RPVNMLKKRHPFFKD07CB
永康區,房地(土地+建物)+車位,臺南市永康區小東路423巷C5-10F,31.25,住,,,1081029,土地1建物1車位1,十層,11,住宅大樓(11層含以上有電梯),住家用,鋼筋混凝土造,,159.11,3,1,2,有,無,9260000,64221,坡道平面,36.72,1400000,,RPWNMLKKRHPFFKD17CB
永康區,房地(土地+建物)+車位,臺南市永康區小東路423巷C5-11F,31.25,住,,,1090122,土地1建物1車位1,十一層,11,住宅大樓(11層含以上有電梯),住家用,鋼筋混凝土造,,159.11,3,1,2,有,無,9120000,63077,坡道平面,36.72,1400000,,RPXNMLKKRHPFFKD27CB
永康區,房地(土地+建物)+車位,臺南市永康區小東路423巷SD1,31.25,住,,,1090611,土地1建物1車位1,一層,11,住宅大樓(11層含以上有電梯),住家用,鋼筋混凝土造,,133.38,1,1,1,有,無,8200000,70350,坡道平面,36.72,1400000,,RPOOMLKKRHPFFKD09CB
永康區,房地(土地+建物),臺南市永康區小東路423巷SD2,23.93,住,,,1090701,土地1建物1車位0,一層,11,住宅大樓(11層含以上有電梯),住家用,鋼筋混凝土造,,96.68,1,1,1,有,無,6700000,69301,,0.0,0,,RPUQMLKKRHPFFKD27CB
