﻿鄉鎮市區,交易標的,土地位置建物門牌,土地移轉總面積平方公尺,都市土地使用分區,非都市土地使用分區,非都市土地使用編定,交易年月日,交易筆棟數,移轉層次,總樓層數,建物型態,主要用途,主要建材,建築完成年月,建物移轉總面積平方公尺,建物現況格局-房,建物現況格局-廳,建物現況格局-衛,建物現況格局-隔間,有無管理組織,總價元,單價元平方公尺,車位類別,車位移轉總面積平方公尺,車位總價元,備註,編號
The villages and towns urban district,transaction sign,land sector position building sector house number plate,land shifting total area square meter,the use zoning or compiles and checks,the non-metropolis land use district,non-metropolis land use,transaction year month and day,transaction pen number,shifting level,total floor number,building state,main use,main building materials,construction to complete the years,building shifting total area,Building present situation pattern - room,building present situation pattern - hall,building present situation pattern - health,building present situation pattern - compartmented,Whether there is manages the organization,total price NTD,the unit price (NTD / square meter),the berth category,berth shifting total area square meter,the berth total price NTD,the note,serial number
苓雅區,房地(土地+建物),高雄市苓雅區成功一路2樓A1,6.18,商,,,1081010,土地1建物1車位0,二層,15,住宅大樓(11層含以上有電梯),住家用,鋼筋混凝土造,,80.07,2,1,1,有,無,6580000,82178,,0.0,0,,RPXOMLKLNHPFFBE88CB
苓雅區,房地(土地+建物),高雄市苓雅區成功一路2樓A2,4.99,商,,,1080319,土地1建物1車位0,二層,15,住宅大樓(11層含以上有電梯),住家用,鋼筋混凝土造,,64.83,2,1,1,有,無,4800000,74040,,0.0,0,,RPOPMLKLNHPFFBE08CB
苓雅區,房地(土地+建物),高雄市苓雅區成功一路2樓A3,4.31,商,,,1071229,土地1建物1車位0,二層,15,住宅大樓(11層含以上有電梯),住家用,鋼筋混凝土造,,57.64,2,1,1,有,無,3960000,68702,,0.0,0,,RPPPMLKLNHPFFBE18CB
苓雅區,房地(土地+建物),高雄市苓雅區成功一路2樓A5,4.95,商,,,1081025,土地1建物1車位0,二層,15,住宅大樓(11層含以上有電梯),住家用,鋼筋混凝土造,,65.15,2,1,1,有,無,5640000,86569,,0.0,0,,RPRPMLKLNHPFFBE38CB
苓雅區,房地(土地+建物),高雄市苓雅區成功一路2樓A6,5.25,商,,,1081010,土地1建物1車位0,二層,15,住宅大樓(11層含以上有電梯),住家用,鋼筋混凝土造,,68.55,2,1,1,有,無,5570000,81255,,0.0,0,,RPSPMLKLNHPFFBE48CB
苓雅區,房地(土地+建物),高雄市苓雅區成功一路3樓A1,6.18,商,,,1081028,土地1建物1車位0,三層,15,住宅大樓(11層含以上有電梯),住家用,鋼筋混凝土造,,80.07,2,1,1,有,無,6580000,82178,,0.0,0,,RPTPMLKLNHPFFBE58CB
苓雅區,房地(土地+建物),高雄市苓雅區成功一路3樓A3,4.31,商,,,1071228,土地1建物1車位0,三層,15,住宅大樓(11層含以上有電梯),住家用,鋼筋混凝土造,,57.64,2,1,1,有,無,3960000,68702,,0.0,0,,RPOQMLKLNHPFFBE18CB
苓雅區,房地(土地+建物),高雄市苓雅區成功一路3樓A5,4.95,商,,,1081025,土地1建物1車位0,三層,15,住宅大樓(11層含以上有電梯),住家用,鋼筋混凝土造,,65.15,2,1,1,有,無,5640000,86569,,0.0,0,,RPVNMLLLNHPFFBE68CB
苓雅區,房地(土地+建物),高雄市苓雅區成功一路3樓A6,5.25,商,,,1081010,土地1建物1車位0,三層,15,住宅大樓(11層含以上有電梯),住家用,鋼筋混凝土造,,68.55,2,1,1,有,無,5570000,81255,,0.0,0,,RPPPMLLLNHPFFBE28CB
苓雅區,房地(土地+建物),高雄市苓雅區成功一路4樓A2,4.99,商,,,1080309,土地1建物1車位0,四層,15,住宅大樓(11層含以上有電梯),住家用,鋼筋混凝土造,,64.83,2,1,1,有,無,4750000,73269,,0.0,0,,RPRPMLLLNHPFFBE48CB
苓雅區,房地(土地+建物),高雄市苓雅區成功一路4樓A3,4.31,商,,,1080121,土地1建物1車位0,四層,15,住宅大樓(11層含以上有電梯),住家用,鋼筋混凝土造,,57.64,2,1,1,有,無,3950000,68529,,0.0,0,,RPTPMLLLNHPFFBE68CB
苓雅區,房地(土地+建物),高雄市苓雅區成功一路4樓A6,5.25,商,,,1081021,土地1建物1車位0,四層,15,住宅大樓(11層含以上有電梯),住家用,鋼筋混凝土造,,68.55,2,1,1,有,無,5490000,80088,,0.0,0,,RPWPMLLLNHPFFBE98CB
苓雅區,房地(土地+建物),高雄市苓雅區成功一路5樓A3,4.31,商,,,1080113,土地1建物1車位0,五層,15,住宅大樓(11層含以上有電梯),住家用,鋼筋混凝土造,,57.64,2,1,1,有,無,3960000,68702,,0.0,0,,RPRQMLLLNHPFFBE58CB
苓雅區,房地(土地+建物),高雄市苓雅區成功一路5樓A5,4.95,商,,,1081010,土地1建物1車位0,五層,15,住宅大樓(11層含以上有電梯),住家用,鋼筋混凝土造,,65.15,2,1,1,有,無,5690000,87337,,0.0,0,,RPTQMLLLNHPFFBE78CB
苓雅區,房地(土地+建物),高雄市苓雅區成功一路5樓A6,5.25,商,,,1081017,土地1建物1車位0,五層,15,住宅大樓(11層含以上有電梯),住家用,鋼筋混凝土造,,68.55,2,1,1,有,無,5000000,72939,,0.0,0,,RPVQMLLLNHPFFBE98CB
苓雅區,房地(土地+建物),高雄市苓雅區成功一路6樓A2,4.99,商,,,1080107,土地1建物1車位0,六層,15,住宅大樓(11層含以上有電梯),住家用,鋼筋混凝土造,,64.83,2,1,1,有,無,5000000,77125,,0.0,0,,RPSNMLNLNHPFFBE58CB
苓雅區,房地(土地+建物),高雄市苓雅區成功一路6樓A3,4.31,商,,,1080114,土地1建物1車位0,六層,15,住宅大樓(11層含以上有電梯),住家用,鋼筋混凝土造,,57.64,2,1,1,有,無,4080000,70784,,0.0,0,,RPTNMLNLNHPFFBE68CB
苓雅區,房地(土地+建物),高雄市苓雅區成功一路6樓A5,4.95,商,,,1080419,土地1建物1車位0,六層,15,住宅大樓(11層含以上有電梯),住家用,鋼筋混凝土造,,65.15,2,1,1,有,無,4900000,75211,,0.0,0,,RPUNMLNLNHPFFBE78CB
苓雅區,房地(土地+建物),高雄市苓雅區成功一路7樓A1,6.18,商,,,1081010,土地1建物1車位0,七層,15,住宅大樓(11層含以上有電梯),住家用,鋼筋混凝土造,,80.07,2,1,1,有,無,6820000,85175,,0.0,0,,RPWNMLNLNHPFFBE98CB
苓雅區,房地(土地+建物),高雄市苓雅區成功一路7樓A2,4.99,商,,,1080227,土地1建物1車位0,七層,15,住宅大樓(11層含以上有電梯),住家用,鋼筋混凝土造,,64.83,2,1,1,有,無,4930000,76045,,0.0,0,,RPXNMLNLNHPFFBE09CB
苓雅區,房地(土地+建物),高雄市苓雅區成功一路7樓A3,4.31,商,,,1080120,土地1建物1車位0,七層,15,住宅大樓(11層含以上有電梯),住家用,鋼筋混凝土造,,57.64,2,1,1,有,無,4150000,71999,,0.0,0,,RPOOMLNLNHPFFBE28CB
苓雅區,房地(土地+建物),高雄市苓雅區成功一路7樓A5,4.95,商,,,1080430,土地1建物1車位0,七層,15,住宅大樓(11層含以上有電梯),住家用,鋼筋混凝土造,,65.15,2,1,1,有,無,5000000,76746,,0.0,0,,RPQOMLNLNHPFFBE48CB
苓雅區,房地(土地+建物),高雄市苓雅區成功一路7樓A6,5.25,商,,,1081023,土地1建物1車位0,七層,15,住宅大樓(11層含以上有電梯),住家用,鋼筋混凝土造,,68.55,2,1,1,有,無,5730000,83589,,0.0,0,,RPROMLNLNHPFFBE58CB
苓雅區,房地(土地+建物),高雄市苓雅區成功一路8樓A2,4.99,商,,,1080110,土地1建物1車位0,八層,15,住宅大樓(11層含以上有電梯),住家用,鋼筋混凝土造,,64.83,2,1,1,有,無,4980000,76816,,0.0,0,,RPSOMLNLNHPFFBE68CB
苓雅區,房地(土地+建物),高雄市苓雅區成功一路8樓A3,4.31,商,,,1080110,土地1建物1車位0,八層,15,住宅大樓(11層含以上有電梯),住家用,鋼筋混凝土造,,57.64,2,1,1,有,無,4200000,72866,,0.0,0,,RPTOMLNLNHPFFBE78CB
苓雅區,房地(土地+建物),高雄市苓雅區成功一路8樓A5,4.95,住,,,1080514,土地1建物1車位0,八層,15,住宅大樓(11層含以上有電梯),住家用,鋼筋混凝土造,,65.15,2,1,1,有,無,5000000,76746,,0.0,0,,RPWOMLPLNHPFFBE66CB
苓雅區,房地(土地+建物)+車位,高雄市苓雅區成功一路S1,4.43,商,,,1080325,土地1建物1車位1,一層,15,住宅大樓(11層含以上有電梯),商業用,鋼筋混凝土造,,58.71,0,0,0,無,無,12580000,239697,塔式車位,11.15,1180000,,RPPPMLPLNHPFFBE68CB
苓雅區,房地(土地+建物)+車位,高雄市苓雅區成功一路3樓A2,4.99,商,,,1080315,土地1建物1車位1,三層,15,住宅大樓(11層含以上有電梯),住家用,鋼筋混凝土造,,64.83,2,1,1,有,無,5700000,84203,塔式車位,11.15,1180000,,RPQPMLPLNHPFFBE78CB
苓雅區,房地(土地+建物)+車位,高雄市苓雅區成功一路4樓A1,6.18,商,,,1081021,土地1建物1車位1,四層,15,住宅大樓(11層含以上有電梯),住家用,鋼筋混凝土造,,80.07,2,1,1,有,無,7970000,98520,塔式車位,11.15,1180000,,RPRPMLPLNHPFFBE88CB
苓雅區,房地(土地+建物)+車位,高雄市苓雅區成功一路4樓A5,4.95,商,,,1080531,土地1建物1車位1,四層,15,住宅大樓(11層含以上有電梯),住家用,鋼筋混凝土造,,65.15,2,1,1,有,無,5700000,83704,塔式車位,11.15,1180000,,RPSPMLPLNHPFFBE98CB
苓雅區,房地(土地+建物)+車位,高雄市苓雅區成功一路5樓A1,6.18,商,,,1080307,土地1建物1車位1,五層,15,住宅大樓(11層含以上有電梯),住家用,鋼筋混凝土造,,80.07,2,1,1,有,無,6980000,84156,塔式車位,11.15,1180000,,RPTPMLPLNHPFFBE09CB
苓雅區,房地(土地+建物)+車位,高雄市苓雅區成功一路5樓A2,4.99,商,,,1080311,土地1建物1車位1,五層,15,住宅大樓(11層含以上有電梯),住家用,鋼筋混凝土造,,64.83,2,1,1,有,無,5950000,88860,塔式車位,11.15,1180000,,RPUPMLPLNHPFFBE56CB
苓雅區,房地(土地+建物)+車位,高雄市苓雅區成功一路6樓A1,6.18,商,,,1080425,土地1建物1車位1,六層,15,住宅大樓(11層含以上有電梯),住家用,鋼筋混凝土造,,80.07,2,1,1,有,無,6880000,82705,塔式車位,11.15,1180000,,RPVPMLPLNHPFFBE66CB
苓雅區,房地(土地+建物)+車位,高雄市苓雅區成功一路6樓A6,5.25,商,,,1081021,土地1建物1車位1,六層,15,住宅大樓(11層含以上有電梯),住家用,鋼筋混凝土造,,68.55,2,1,1,有,無,7150000,104007,塔式車位,11.15,1180000,,RPWPMLPLNHPFFBE76CB
苓雅區,房地(土地+建物)+車位,高雄市苓雅區成功一路8樓A6,5.25,商,,,1080515,土地1建物1車位1,八層,15,住宅大樓(11層含以上有電梯),住家用,鋼筋混凝土造,,68.55,2,1,1,有,無,6430000,91463,塔式車位,11.15,1180000,,RPXPMLPLNHPFFBE86CB
苓雅區,房地(土地+建物)+車位,高雄市苓雅區成功一路9樓A1,6.18,商,,,1080530,土地1建物1車位1,九層,15,住宅大樓(11層含以上有電梯),住家用,鋼筋混凝土造,,80.07,2,1,1,有,無,7230000,87783,塔式車位,11.15,1180000,,RPOQMLPLNHPFFBE68CB
苓雅區,房地(土地+建物),高雄市苓雅區成功一路9樓A2,4.99,商,,,1080129,土地1建物1車位0,九層,15,住宅大樓(11層含以上有電梯),住家用,鋼筋混凝土造,,64.83,2,1,1,有,無,5070000,78205,,0.0,0,,RPPQMLPLNHPFFBE78CB
苓雅區,房地(土地+建物)+車位,高雄市苓雅區成功一路9樓A3,4.31,商,,,1081021,土地1建物1車位1,九層,15,住宅大樓(11層含以上有電梯),住家用,鋼筋混凝土造,,57.64,2,1,1,有,無,5800000,99376,塔式車位,11.15,1180000,,RPQQMLPLNHPFFBE88CB
苓雅區,房地(土地+建物)+車位,高雄市苓雅區成功一路9樓A5,4.95,商,,,1080403,土地1建物1車位1,九層,15,住宅大樓(11層含以上有電梯),住家用,鋼筋混凝土造,,65.15,2,1,1,有,無,5880000,87037,塔式車位,11.15,1180000,,RPRQMLPLNHPFFBE98CB
苓雅區,房地(土地+建物),高雄市苓雅區成功一路9樓A6,5.25,商,,,1081011,土地1建物1車位0,九層,15,住宅大樓(11層含以上有電梯),住家用,鋼筋混凝土造,,68.55,2,1,1,有,無,5780000,84318,,0.0,0,,RPSQMLPLNHPFFBE09CB
苓雅區,房地(土地+建物)+車位,高雄市苓雅區成功一路10樓A1,6.18,商,,,1080404,土地1建物1車位1,十層,15,住宅大樓(11層含以上有電梯),住家用,鋼筋混凝土造,,80.07,2,1,1,有,無,7410000,90395,塔式車位,11.15,1180000,,RPTQMLPLNHPFFBE56CB
苓雅區,房地(土地+建物),高雄市苓雅區成功一路10樓A3,4.31,商,,,1080110,土地1建物1車位0,十層,15,住宅大樓(11層含以上有電梯),住家用,鋼筋混凝土造,,57.64,2,1,1,有,無,4340000,75295,,0.0,0,,RPUQMLPLNHPFFBE66CB
苓雅區,房地(土地+建物),高雄市苓雅區成功一路10樓A5,4.95,商,,,1080309,土地1建物1車位0,十層,15,住宅大樓(11層含以上有電梯),住家用,鋼筋混凝土造,,65.15,2,1,1,有,無,5200000,79816,,0.0,0,,RPVQMLPLNHPFFBE76CB
苓雅區,房地(土地+建物),高雄市苓雅區成功一路10樓A6,5.25,商,,,1081026,土地1建物1車位0,十層,15,住宅大樓(11層含以上有電梯),住家用,鋼筋混凝土造,,68.55,2,1,1,有,無,5860000,85485,,0.0,0,,RPXQMLPLNHPFFBE96CB
苓雅區,房地(土地+建物)+車位,高雄市苓雅區成功一路11樓A1,6.18,商,,,1080409,土地1建物1車位1,十一層,15,住宅大樓(11層含以上有電梯),住家用,鋼筋混凝土造,,80.07,2,1,1,有,無,7450000,90975,塔式車位,11.15,1180000,,RPORMLPLNHPFFBE78CB
苓雅區,房地(土地+建物),高雄市苓雅區成功一路11樓A2,4.99,商,,,1080105,土地1建物1車位0,十一層,15,住宅大樓(11層含以上有電梯),住家用,鋼筋混凝土造,,64.83,2,1,1,有,無,5050000,77896,,0.0,0,,RPSPMLRLNHPFFBE56CB
苓雅區,房地(土地+建物),高雄市苓雅區成功一路11樓A3,4.31,商,,,1071231,土地1建物1車位0,十一層,15,住宅大樓(11層含以上有電梯),住家用,鋼筋混凝土造,,57.64,2,1,1,有,無,4440000,77030,,0.0,0,,RPSNMLSLNHPFFBE09CB
苓雅區,房地(土地+建物),高雄市苓雅區成功一路11樓A6,5.25,商,,,1081027,土地1建物1車位0,十一層,15,住宅大樓(11層含以上有電梯),住家用,鋼筋混凝土造,,68.55,2,1,1,有,無,5900000,86069,,0.0,0,,RPTNMLSLNHPFFBE56CB
苓雅區,房地(土地+建物),高雄市苓雅區成功一路12樓A2,4.99,商,,,1080105,土地1建物1車位0,十二層,15,住宅大樓(11層含以上有電梯),住家用,鋼筋混凝土造,,64.83,2,1,1,有,無,5130000,79130,,0.0,0,,RPUNMLSLNHPFFBE66CB
苓雅區,房地(土地+建物),高雄市苓雅區成功一路12樓A3,4.31,商,,,1080107,土地1建物1車位0,十二層,15,住宅大樓(11層含以上有電梯),住家用,鋼筋混凝土造,,57.64,2,1,1,有,無,4510000,78244,,0.0,0,,RPVNMLSLNHPFFBE76CB
苓雅區,房地(土地+建物)+車位,高雄市苓雅區成功一路13樓A1,6.18,商,,,1080409,土地1建物1車位1,十三層,15,住宅大樓(11層含以上有電梯),住家用,鋼筋混凝土造,,80.07,2,1,1,有,無,7500000,91701,塔式車位,11.15,1180000,,RPWNMLSLNHPFFBE86CB
苓雅區,房地(土地+建物),高雄市苓雅區成功一路13樓A2,4.99,商,,,1080105,土地1建物1車位0,十三層,15,住宅大樓(11層含以上有電梯),住家用,鋼筋混凝土造,,64.83,2,1,1,有,無,5190000,80056,,0.0,0,,RPXNMLSLNHPFFBE96CB
苓雅區,房地(土地+建物),高雄市苓雅區成功一路13樓A3,4.31,商,,,1080110,土地1建物1車位0,十三層,15,住宅大樓(11層含以上有電梯),住家用,鋼筋混凝土造,,57.64,2,1,1,有,無,4530000,78591,,0.0,0,,RPOOMLSLNHPFFBE78CB
苓雅區,房地(土地+建物),高雄市苓雅區成功一路13樓A6,5.25,商,,,1081030,土地1建物1車位0,十三層,15,住宅大樓(11層含以上有電梯),住家用,鋼筋混凝土造,,68.55,2,1,1,有,無,6090000,88840,,0.0,0,,RPPOMLSLNHPFFBE88CB
苓雅區,房地(土地+建物),高雄市苓雅區成功一路14樓A1,6.18,商,,,1071225,土地1建物1車位0,十四層,15,住宅大樓(11層含以上有電梯),住家用,鋼筋混凝土造,,80.07,2,1,1,有,無,6500000,81179,,0.0,0,,RPQOMLSLNHPFFBE98CB
苓雅區,房地(土地+建物),高雄市苓雅區成功一路14樓A2,4.99,商,,,1080105,土地1建物1車位0,十四層,15,住宅大樓(11層含以上有電梯),住家用,鋼筋混凝土造,,64.83,2,1,1,有,無,5230000,80673,,0.0,0,,RPROMLSLNHPFFBE09CB
苓雅區,房地(土地+建物),高雄市苓雅區成功一路14樓A3,4.31,商,,,1080215,土地1建物1車位0,十四層,15,住宅大樓(11層含以上有電梯),住家用,鋼筋混凝土造,,57.64,2,1,1,有,無,4680000,81194,,0.0,0,,RPSOMLSLNHPFFBE56CB
苓雅區,房地(土地+建物)+車位,高雄市苓雅區成功一路14樓A5,4.95,商,,,1081027,土地1建物1車位1,十四層,15,住宅大樓(11層含以上有電梯),住家用,鋼筋混凝土造,,65.15,2,1,1,有,無,7300000,113333,塔式車位,11.15,1180000,,RPTOMLSLNHPFFBE66CB
苓雅區,房地(土地+建物),高雄市苓雅區成功一路14樓A6,5.25,商,,,1081030,土地1建物1車位0,十四層,15,住宅大樓(11層含以上有電梯),住家用,鋼筋混凝土造,,68.55,2,1,1,有,無,6140000,89570,,0.0,0,,RPVOMLSLNHPFFBE86CB
苓雅區,房地(土地+建物),高雄市苓雅區成功一路15樓A1,6.18,商,,,1081024,土地1建物1車位0,十五層,15,住宅大樓(11層含以上有電梯),住家用,鋼筋混凝土造,,80.07,2,1,1,有,無,6000000,74934,,0.0,0,,RPWOMLSLNHPFFBE96CB
苓雅區,房地(土地+建物)+車位,高雄市苓雅區成功一路15樓A2,4.99,商,,,1080928,土地1建物1車位1,十五層,15,住宅大樓(11層含以上有電梯),住家用,鋼筋混凝土造,,64.83,2,1,1,有,無,7470000,117176,塔式車位,11.15,1180000,,RPXOMLSLNHPFFBE07CB
苓雅區,房地(土地+建物)+車位,高雄市苓雅區成功一路15樓A3,4.31,商,,,1080610,土地1建物1車位1,十五層,15,住宅大樓(11層含以上有電梯),住家用,鋼筋混凝土造,,57.64,2,1,1,有,無,5710000,97440,塔式車位,11.15,1180000,,RPOPMLSLNHPFFBE88CB
苓雅區,房地(土地+建物),高雄市苓雅區成功一路15樓A5,4.95,商,,,1081025,土地1建物1車位0,十五層,15,住宅大樓(11層含以上有電梯),住家用,鋼筋混凝土造,,65.15,2,1,1,有,無,6200000,95165,,0.0,0,,RPPPMLSLNHPFFBE98CB
苓雅區,房地(土地+建物)+車位,高雄市苓雅區成功一路15樓A6,5.25,商,,,1081013,土地1建物1車位1,十五層,15,住宅大樓(11層含以上有電梯),住家用,鋼筋混凝土造,,68.55,2,1,1,有,無,6400000,90941,塔式車位,11.15,1180000,,RPQPMLSLNHPFFBE09CB
苓雅區,房地(土地+建物)+車位,高雄市苓雅區成功一路8樓A1,6.18,商,,,1081112,土地1建物1車位1,八層,15,住宅大樓(11層含以上有電梯),住家用,鋼筋混凝土造,,80.07,2,1,1,有,無,8320000,103598,塔式車位,11.15,1180000,,RPVNMLLJOHPFFBE58CB
苓雅區,房地(土地+建物)+車位,高雄市苓雅區成功一路10樓A2,4.99,商,,,1080409,土地1建物1車位1,十層,15,住宅大樓(11層含以上有電梯),住家用,鋼筋混凝土造,,64.83,2,1,1,有,無,6080000,91282,塔式車位,11.15,1180000,,RPWNMLLJOHPFFBE68CB
苓雅區,房地(土地+建物),高雄市苓雅區成功一路12樓A1,6.18,商,,,1080120,土地1建物1車位0,十二層,15,住宅大樓(11層含以上有電梯),住家用,鋼筋混凝土造,,80.07,2,1,1,有,無,7150000,89297,,0.0,0,,RPPOMLLJOHPFFBE08CB
苓雅區,房地(土地+建物),高雄市苓雅區成功一路12樓A6,5.25,商,,,1081026,土地1建物1車位0,十二層,15,住宅大樓(11層含以上有電梯),住家用,鋼筋混凝土造,,68.55,2,1,1,有,無,6020000,87819,,0.0,0,,RPQOMLLJOHPFFBE18CB
苓雅區,房地(土地+建物)+車位,高雄市苓雅區成功一路11樓A5,4.95,商,,,1080419,土地1建物1車位1,十一層,15,住宅大樓(11層含以上有電梯),住家用,鋼筋混凝土造,,65.15,2,1,1,有,無,5950000,88333,塔式車位,11.15,1180000,,RPROMLLJOHPFFBE28CB
苓雅區,房地(土地+建物)+車位,高雄市苓雅區成功一路12樓A5,4.95,商,,,1081021,土地1建物1車位1,十二層,15,住宅大樓(11層含以上有電梯),住家用,鋼筋混凝土造,,65.15,2,1,1,有,無,7190000,111296,塔式車位,11.15,1180000,,RPSOMLLJOHPFFBE38CB
苓雅區,房地(土地+建物),高雄市苓雅區成功一路13樓A5,4.95,商,,,1081025,土地1建物1車位0,十三層,15,住宅大樓(11層含以上有電梯),住家用,鋼筋混凝土造,,65.15,2,1,1,有,無,6130000,94091,,0.0,0,,RPTOMLLJOHPFFBE48CB
鳳山區,房地(土地+建物)+車位,高雄市鳳山區鳳頂路A1棟8樓,21.34,商,,,1070624,土地1建物1車位1,八層,15,住宅大樓(11層含以上有電梯),住家用,鋼筋混凝土造,,155.53,2,2,2,有,無,8400000,53565,坡道平面,22.98,1300000,,RPQOMLLLQHPFFGE09CB
鳳山區,房地(土地+建物)+車位,高雄市鳳山區鳳頂路A1棟11樓,21.34,商,,,1080706,土地1建物1車位1,十一層,15,住宅大樓(11層含以上有電梯),住家用,鋼筋混凝土造,,155.53,2,2,2,有,無,8900000,57697,坡道平面,30.74,1700000,,RPROMLLLQHPFFGE56CB
鳳山區,房地(土地+建物)+車位,高雄市鳳山區鳳頂路A2棟8樓,20.76,商,,,1080309,土地1建物1車位1,八層,15,住宅大樓(11層含以上有電梯),住家用,鋼筋混凝土造,,151.23,2,2,2,有,無,8000000,51774,坡道平面,22.98,1360000,,RPPNMLPLQHPFFGE66CB
鳳山區,房地(土地+建物)+車位,高雄市鳳山區鳳頂路A2棟13樓,20.76,商,,,1070812,土地1建物1車位1,十三層,15,住宅大樓(11層含以上有電梯),住家用,鋼筋混凝土造,,151.23,2,2,2,有,無,8250000,53723,坡道平面,22.98,1360000,,RPVNMLPLQHPFFGE27CB
鳳山區,房地(土地+建物),高雄市鳳山區鳳頂路A3棟2樓,12.84,商,,,1070826,土地1建物1車位0,二層,15,住宅大樓(11層含以上有電梯),住家用,鋼筋混凝土造,,93.53,2,2,2,有,無,4050000,43302,,0.0,0,,RPWNMLPLQHPFFGE37CB
鳳山區,房地(土地+建物),高雄市鳳山區鳳頂路A3棟4樓,12.74,商,,,1080212,土地1建物1車位0,四層,15,住宅大樓(11層含以上有電梯),住家用,鋼筋混凝土造,,92.82,2,2,2,有,無,4280000,46111,,0.0,0,,RPXNMLPLQHPFFGE47CB
鳳山區,房地(土地+建物)+車位,高雄市鳳山區鳳頂路A3棟5樓,12.74,商,,,1071120,土地1建物1車位1,五層,15,住宅大樓(11層含以上有電梯),住家用,鋼筋混凝土造,,92.82,2,2,2,有,無,5400000,59565,坡道平面,22.98,1240000,,RPOOMLPLQHPFFGE66CB
鳳山區,房地(土地+建物)+車位,高雄市鳳山區鳳頂路A3棟6樓,12.74,商,,,1071114,土地1建物1車位1,六層,15,住宅大樓(11層含以上有電梯),住家用,鋼筋混凝土造,,92.82,2,2,2,有,無,5400000,59565,坡道平面,22.98,1240000,,RPPOMLPLQHPFFGE76CB
鳳山區,房地(土地+建物)+車位,高雄市鳳山區鳳頂路A3棟7樓,12.74,商,,,1080428,土地1建物1車位1,七層,15,住宅大樓(11層含以上有電梯),住家用,鋼筋混凝土造,,92.82,2,2,2,有,無,5400000,59565,坡道平面,22.98,1240000,,RPQOMLPLQHPFFGE86CB
鳳山區,房地(土地+建物),高雄市鳳山區鳳頂路A3棟8樓,12.74,商,,,1080805,土地1建物1車位0,八層,15,住宅大樓(11層含以上有電梯),住家用,鋼筋混凝土造,,92.82,2,2,2,有,無,4300000,46326,,0.0,0,,RPVOMLPLQHPFFGE37CB
鳳山區,房地(土地+建物)+車位,高雄市鳳山區鳳頂路A3棟9樓,12.74,商,,,1080102,土地1建物1車位1,九層,15,住宅大樓(11層含以上有電梯),住家用,鋼筋混凝土造,,92.82,2,2,2,有,無,5500000,60997,坡道平面,22.98,1240000,,RPXOMLPLQHPFFGE57CB
鳳山區,房地(土地+建物)+車位,高雄市鳳山區鳳頂路A3棟11樓,12.74,商,,,1080629,土地1建物1車位1,十一層,15,住宅大樓(11層含以上有電梯),住家用,鋼筋混凝土造,,92.82,2,2,2,有,無,5520000,61283,坡道平面,22.98,1240000,,RPTPMLPLQHPFFGE27CB
鳳山區,房地(土地+建物),高雄市鳳山區鳳頂路A5棟2樓,11.35,商,,,1070710,土地1建物1車位0,二層,15,住宅大樓(11層含以上有電梯),住家用,鋼筋混凝土造,,82.66,2,2,2,有,無,3500000,42342,,0.0,0,,RPUPMLPLQHPFFGE37CB
鳳山區,房地(土地+建物),高雄市鳳山區鳳頂路A5棟3樓,11.35,商,,,1070620,土地1建物1車位0,三層,15,住宅大樓(11層含以上有電梯),住家用,鋼筋混凝土造,,82.66,2,2,2,有,無,3550000,42947,,0.0,0,,RPVPMLPLQHPFFGE47CB
鳳山區,房地(土地+建物),高雄市鳳山區鳳頂路A5棟4樓,11.35,商,,,1070705,土地1建物1車位0,四層,15,住宅大樓(11層含以上有電梯),住家用,鋼筋混凝土造,,82.66,2,2,2,有,無,3530000,42705,,0.0,0,,RPXPMLPLQHPFFGE67CB
鳳山區,房地(土地+建物),高雄市鳳山區鳳頂路A5棟5樓,11.35,商,,,1070729,土地1建物1車位0,五層,15,住宅大樓(11層含以上有電梯),住家用,鋼筋混凝土造,,82.66,2,2,2,有,無,3700000,44762,,0.0,0,,RPTQMLPLQHPFFGE37CB
鳳山區,房地(土地+建物)+車位,高雄市鳳山區鳳頂路A5棟6樓,11.35,商,,,1070912,土地1建物1車位1,六層,15,住宅大樓(11層含以上有電梯),住家用,鋼筋混凝土造,,82.66,2,2,2,有,無,4980000,62668,坡道平面,22.98,1240000,,RPUQMLPLQHPFFGE47CB
鳳山區,房地(土地+建物),高雄市鳳山區鳳頂路A5棟7樓,11.35,商,,,1070918,土地1建物1車位0,七層,15,住宅大樓(11層含以上有電梯),住家用,鋼筋混凝土造,,82.66,2,2,2,有,無,3730000,45125,,0.0,0,,RPVQMLPLQHPFFGE57CB
鳳山區,房地(土地+建物),高雄市鳳山區鳳頂路A5棟8樓,11.35,商,,,1071117,土地1建物1車位0,八層,15,住宅大樓(11層含以上有電梯),住家用,鋼筋混凝土造,,82.66,2,2,2,有,無,3800000,45971,,0.0,0,,RPPNMLQLQHPFFGE76CB
鳳山區,房地(土地+建物),高雄市鳳山區鳳頂路A5棟9樓,11.35,商,,,1070812,土地1建物1車位0,九層,15,住宅大樓(11層含以上有電梯),住家用,鋼筋混凝土造,,82.66,2,2,2,有,無,3800000,45971,,0.0,0,,RPQNMLQLQHPFFGE86CB
鳳山區,房地(土地+建物),高雄市鳳山區鳳頂路A5棟10樓,11.35,商,,,1070718,土地1建物1車位0,十層,15,住宅大樓(11層含以上有電梯),住家用,鋼筋混凝土造,,82.66,2,2,2,有,無,3800000,45971,,0.0,0,,RPRNMLQLQHPFFGE96CB
鳳山區,房地(土地+建物),高雄市鳳山區鳳頂路A5棟11樓,11.35,商,,,1071118,土地1建物1車位0,十一層,15,住宅大樓(11層含以上有電梯),住家用,鋼筋混凝土造,,82.66,2,2,2,有,無,3820000,46213,,0.0,0,,RPSNMLQLQHPFFGE07CB
鳳山區,房地(土地+建物),高雄市鳳山區鳳頂路A5棟12樓,11.35,商,,,1071223,土地1建物1車位0,十二層,15,住宅大樓(11層含以上有電梯),住家用,鋼筋混凝土造,,82.66,2,2,2,有,無,3880000,46939,,0.0,0,,RPTNMLQLQHPFFGE17CB
鳳山區,房地(土地+建物),高雄市鳳山區鳳頂路A5棟13樓,11.35,商,,,1071203,土地1建物1車位0,十三層,15,住宅大樓(11層含以上有電梯),住家用,鋼筋混凝土造,,82.66,2,2,2,有,無,3890000,47060,,0.0,0,,RPUNMLQLQHPFFGE27CB
鳳山區,房地(土地+建物),高雄市鳳山區鳳頂路A6棟2樓,12.86,商,,,1080526,土地1建物1車位0,二層,15,住宅大樓(11層含以上有電梯),住家用,鋼筋混凝土造,,93.72,2,2,2,有,無,4000000,42680,,0.0,0,,RPPOMLQLQHPFFGE86CB
鳳山區,房地(土地+建物)+車位,高雄市鳳山區鳳頂路A6棟3樓,12.93,商,,,1080109,土地1建物1車位1,三層,15,住宅大樓(11層含以上有電梯),住家用,鋼筋混凝土造,,94.18,2,2,2,有,無,5300000,57022,坡道平面,22.98,1240000,,RPSOMLSLQHPFFGE37CB
鳳山區,房地(土地+建物)+車位,高雄市鳳山區鳳頂路A6棟4樓,12.86,商,,,1080805,土地1建物1車位1,四層,15,住宅大樓(11層含以上有電梯),住家用,鋼筋混凝土造,,93.72,2,2,2,有,無,5270000,56969,坡道平面,22.98,1240000,,RPVOMLSLQHPFFGE67CB
鳳山區,房地(土地+建物)+車位,高雄市鳳山區鳳頂路A6棟5樓,12.86,商,,,1070616,土地1建物1車位1,五層,15,住宅大樓(11層含以上有電梯),住家用,鋼筋混凝土造,,93.72,2,2,2,有,無,5380000,58524,坡道平面,22.98,1240000,,RPWOMLSLQHPFFGE77CB
鳳山區,房地(土地+建物)+車位,高雄市鳳山區鳳頂路A6棟6樓,12.86,商,,,1080410,土地1建物1車位1,六層,15,住宅大樓(11層含以上有電梯),住家用,鋼筋混凝土造,,93.72,2,2,2,有,無,5420000,59090,坡道平面,22.98,1240000,,RPXOMLSLQHPFFGE87CB
鳳山區,房地(土地+建物)+車位,高雄市鳳山區鳳頂路A6棟7樓,12.86,商,,,1080404,土地1建物1車位1,七層,15,住宅大樓(11層含以上有電梯),住家用,鋼筋混凝土造,,93.72,2,2,2,有,無,5500000,60221,坡道平面,22.98,1240000,,RPOPMLSLQHPFFGE07CB
鳳山區,房地(土地+建物)+車位,高雄市鳳山區鳳頂路A6棟8樓,12.86,商,,,1080501,土地1建物1車位1,八層,15,住宅大樓(11層含以上有電梯),住家用,鋼筋混凝土造,,93.72,2,2,2,有,無,5500000,60221,坡道平面,22.98,1240000,,RPPPMLSLQHPFFGE17CB
鳳山區,房地(土地+建物)+車位,高雄市鳳山區鳳頂路A6棟9樓,12.86,商,,,1080518,土地1建物1車位1,九層,15,住宅大樓(11層含以上有電梯),住家用,鋼筋混凝土造,,93.72,2,2,2,有,無,5580000,61351,坡道平面,22.98,1240000,,RPQPMLSLQHPFFGE27CB
鳳山區,房地(土地+建物)+車位,高雄市鳳山區鳳頂路A6棟10樓,12.86,商,,,1080518,土地1建物1車位1,十層,15,住宅大樓(11層含以上有電梯),住家用,鋼筋混凝土造,,93.72,2,2,2,有,無,5580000,61351,坡道平面,22.98,1240000,,RPRPMLSLQHPFFGE37CB
鳳山區,房地(土地+建物)+車位,高雄市鳳山區鳳頂路A6棟11樓,12.86,商,,,1080721,土地1建物1車位1,十一層,15,住宅大樓(11層含以上有電梯),住家用,鋼筋混凝土造,,93.72,2,2,2,有,無,5850000,65168,坡道平面,22.98,1240000,,RPSPMLSLQHPFFGE47CB
鳳山區,房地(土地+建物)+車位,高雄市鳳山區鳳頂路A7棟3樓,16.31,商,,,1080330,土地1建物1車位1,三層,15,住宅大樓(11層含以上有電梯),住家用,鋼筋混凝土造,,118.78,2,2,2,有,無,6280000,51983,坡道平面,22.98,1300000,,RPTPMLSLQHPFFGE57CB
鳳山區,房地(土地+建物)+車位,高雄市鳳山區鳳頂路A7棟4樓,16.31,商,,,1070827,土地1建物1車位1,四層,15,住宅大樓(11層含以上有電梯),住家用,鋼筋混凝土造,,118.78,2,2,2,有,無,6350000,52714,坡道平面,22.98,1300000,,RPUPMLSLQHPFFGE67CB
鳳山區,房地(土地+建物)+車位,高雄市鳳山區鳳頂路A7棟5樓,16.31,商,,,1070807,土地1建物1車位1,五層,15,住宅大樓(11層含以上有電梯),住家用,鋼筋混凝土造,,118.78,2,2,2,有,無,6600000,55324,坡道平面,22.98,1300000,,RPVPMLSLQHPFFGE77CB
鳳山區,房地(土地+建物)+車位,高雄市鳳山區鳳頂路A7棟6樓,16.31,商,,,1071117,土地1建物1車位1,六層,15,住宅大樓(11層含以上有電梯),住家用,鋼筋混凝土造,,118.78,2,2,2,有,無,6600000,55324,坡道平面,22.98,1300000,,RPWPMLSLQHPFFGE87CB
鳳山區,房地(土地+建物)+車位,高雄市鳳山區鳳頂路A7棟7樓,16.31,商,,,1080331,土地1建物1車位1,七層,15,住宅大樓(11層含以上有電梯),住家用,鋼筋混凝土造,,118.78,2,2,2,有,無,6600000,54697,坡道平面,22.98,1360000,,RPXPMLSLQHPFFGE97CB
鳳山區,房地(土地+建物)+車位,高雄市鳳山區鳳頂路A7棟8樓,16.31,商,,,1080331,土地1建物1車位1,八層,15,住宅大樓(11層含以上有電梯),住家用,鋼筋混凝土造,,118.78,2,2,2,有,無,6580000,55115,坡道平面,22.98,1300000,,RPOQMLSLQHPFFGE17CB
鳳山區,房地(土地+建物)+車位,高雄市鳳山區鳳頂路A7棟9樓,16.31,商,,,1080401,土地1建物1車位1,九層,15,住宅大樓(11層含以上有電梯),住家用,鋼筋混凝土造,,118.78,2,2,2,有,無,6680000,56159,坡道平面,22.98,1300000,,RPPQMLSLQHPFFGE27CB
鳳山區,房地(土地+建物)+車位,高雄市鳳山區鳳頂路A7棟10樓,16.31,商,,,1080331,土地1建物1車位1,十層,15,住宅大樓(11層含以上有電梯),住家用,鋼筋混凝土造,,118.78,2,2,2,有,無,6680000,56159,坡道平面,22.98,1300000,,RPQQMLSLQHPFFGE37CB
鳳山區,房地(土地+建物)+車位,高雄市鳳山區鳳頂路A7棟11樓,16.31,商,,,1080406,土地1建物1車位1,十一層,15,住宅大樓(11層含以上有電梯),住家用,鋼筋混凝土造,,118.78,2,2,2,有,無,6740000,56785,坡道平面,22.98,1300000,,RPRQMLSLQHPFFGE47CB
鳳山區,房地(土地+建物)+車位,高雄市鳳山區鳳頂路A7棟12樓,16.31,商,,,1080413,土地1建物1車位1,十二層,15,住宅大樓(11層含以上有電梯),住家用,鋼筋混凝土造,,118.78,2,2,2,有,無,6800000,57411,坡道平面,22.98,1300000,,RPSQMLSLQHPFFGE57CB
鳳山區,房地(土地+建物)+車位,高雄市鳳山區鳳頂路A7棟13樓,16.31,商,,,1080630,土地1建物1車位1,十三層,15,住宅大樓(11層含以上有電梯),住家用,鋼筋混凝土造,,118.78,2,2,2,有,無,6780000,57203,坡道平面,22.98,1300000,,RPTQMLSLQHPFFGE67CB
鳳山區,房地(土地+建物)+車位,高雄市鳳山區鳳頂路A7棟15樓,16.31,商,,,1080717,土地1建物1車位1,十五層,15,住宅大樓(11層含以上有電梯),住家用,鋼筋混凝土造,,118.78,2,2,2,有,無,6860000,58038,坡道平面,22.98,1300000,,RPUQMLSLQHPFFGE77CB
鳳山區,房地(土地+建物),高雄市鳳山區鳳頂路A8棟2樓,9.64,商,,,1080106,土地1建物1車位0,二層,15,住宅大樓(11層含以上有電梯),住家用,鋼筋混凝土造,,70.47,1,1,1,有,無,3100000,43990,,0.0,0,,RPVQMLSLQHPFFGE87CB
鳳山區,房地(土地+建物),高雄市鳳山區鳳頂路A8棟3樓,9.64,商,,,1070617,土地1建物1車位0,三層,15,住宅大樓(11層含以上有電梯),住家用,鋼筋混凝土造,,70.47,1,2,1,有,無,3200000,45409,,0.0,0,,RPWQMLSLQHPFFGE97CB
鳳山區,房地(土地+建物),高雄市鳳山區鳳頂路A8棟4樓,9.64,商,,,1070819,土地1建物1車位0,四層,15,住宅大樓(11層含以上有電梯),住家用,鋼筋混凝土造,,70.47,2,2,1,有,無,3200000,45409,,0.0,0,,RPXQMLSLQHPFFGE08CB
鳳山區,房地(土地+建物),高雄市鳳山區鳳頂路A8棟5樓,9.64,商,,,1070912,土地1建物1車位0,五層,15,住宅大樓(11層含以上有電梯),住家用,鋼筋混凝土造,,70.47,1,2,1,有,無,3320000,47112,,0.0,0,,RPORMLSLQHPFFGE27CB
鳳山區,房地(土地+建物)+車位,高雄市鳳山區鳳頂路A8棟6樓,9.64,商,,,1071013,土地1建物1車位1,六層,15,住宅大樓(11層含以上有電梯),住家用,鋼筋混凝土造,,70.47,1,2,1,有,無,4540000,69488,坡道平面,22.98,1240000,,RPPRMLSLQHPFFGE37CB
鳳山區,房地(土地+建物),高雄市鳳山區鳳頂路A8棟7樓,9.64,商,,,1071110,土地1建物1車位0,七層,15,住宅大樓(11層含以上有電梯),住家用,鋼筋混凝土造,,70.47,1,2,1,有,無,3280000,46545,,0.0,0,,RPQRMLSLQHPFFGE47CB
鳳山區,房地(土地+建物)+車位,高雄市鳳山區鳳頂路A8棟8樓,9.64,商,,,1070825,土地1建物1車位1,八層,15,住宅大樓(11層含以上有電梯),住家用,鋼筋混凝土造,,70.47,2,2,2,有,無,4640000,71594,坡道平面,22.98,1240000,,RPRRMLSLQHPFFGE57CB
鳳山區,房地(土地+建物),高雄市鳳山區過埤里鳳頂路A8棟9樓,9.64,商,,,1071121,土地1建物1車位0,九層,15,住宅大樓(11層含以上有電梯),,鋼筋混凝土造,,70.47,1,1,1,有,無,3350000,47538,,0.0,0,,RPRNMLTLQHPFFGE27CB
鳳山區,房地(土地+建物),高雄市鳳山區鳳頂路A8棟10樓,9.64,商,,,1071207,土地1建物1車位0,十層,15,住宅大樓(11層含以上有電梯),住家用,鋼筋混凝土造,,70.47,1,2,1,有,無,3400000,48247,,0.0,0,,RPSNMLTLQHPFFGE37CB
鳳山區,房地(土地+建物),高雄市鳳山區鳳頂路A8棟11樓,9.64,商,,,1071216,土地1建物1車位0,十一層,15,住宅大樓(11層含以上有電梯),住家用,鋼筋混凝土造,,70.47,1,2,1,有,無,3450000,48957,,0.0,0,,RPTNMLTLQHPFFGE47CB
鳳山區,房地(土地+建物),高雄市鳳山區鳳頂路A8棟13樓,9.64,商,,,1071231,土地1建物1車位0,十三層,15,住宅大樓(11層含以上有電梯),住家用,鋼筋混凝土造,,70.47,1,2,1,有,無,3380000,47964,,0.0,0,,RPVNMLTLQHPFFGE67CB
鳳山區,房地(土地+建物),高雄市鳳山區鳳頂路A8棟14樓,9.66,商,,,1080101,土地1建物1車位0,十四層,15,住宅大樓(11層含以上有電梯),住家用,鋼筋混凝土造,,70.47,1,1,1,有,無,3450000,48957,,0.0,0,,RPWNMLTLQHPFFGE77CB
鳳山區,房地(土地+建物),高雄市鳳山區鳳頂路A8棟12樓,9.64,商,,,1071230,土地1建物1車位0,十二層,15,住宅大樓(11層含以上有電梯),住家用,鋼筋混凝土造,,70.47,1,2,1,有,無,3450000,48957,,0.0,0,,RPXNMLTLQHPFFGE87CB
鳳山區,房地(土地+建物),高雄市鳳山區鳳頂路A8棟15樓,9.66,商,,,1071230,土地1建物1車位0,十五層,15,住宅大樓(11層含以上有電梯),住家用,鋼筋混凝土造,,70.47,1,2,1,有,無,3450000,48957,,0.0,0,,RPOOMLTLQHPFFGE07CB
鳳山區,房地(土地+建物)+車位,高雄市鳳山區鳳頂路A9棟2樓,17.07,商,,,1080720,土地1建物1車位1,二層,15,住宅大樓(11層含以上有電梯),住家用,鋼筋混凝土造,,124.37,2,2,2,有,無,7100000,57797,坡道平面,22.98,1240000,,RPPOMLTLQHPFFGE17CB
鳳山區,房地(土地+建物)+車位,高雄市鳳山區鳳頂路A9棟3樓,17.07,商,,,1070709,土地1建物1車位1,三層,15,住宅大樓(11層含以上有電梯),住家用,鋼筋混凝土造,,124.37,2,2,2,有,無,7110000,57303,坡道平面,22.98,1300000,,RPQOMLTLQHPFFGE27CB
鳳山區,房地(土地+建物)+車位,高雄市鳳山區鳳頂路A9棟5樓,17.07,商,,,1070721,土地1建物1車位1,五層,15,住宅大樓(11層含以上有電梯),住家用,鋼筋混凝土造,,124.37,2,2,2,有,無,6950000,55725,坡道平面,22.98,1300000,,RPROMLTLQHPFFGE37CB
鳳山區,房地(土地+建物)+車位,高雄市鳳山區鳳頂路A9棟6樓,17.07,商,,,1070626,土地1建物1車位1,六層,15,住宅大樓(11層含以上有電梯),住家用,鋼筋混凝土造,,124.37,2,2,2,有,無,6950000,55725,坡道平面,22.98,1300000,,RPSOMLTLQHPFFGE47CB
鳳山區,房地(土地+建物)+車位,高雄市鳳山區鳳頂路A9棟7樓,17.07,商,,,1071209,土地1建物1車位1,七層,15,住宅大樓(11層含以上有電梯),住家用,鋼筋混凝土造,,124.37,2,2,2,有,無,7100000,57205,坡道平面,22.98,1300000,,RPTOMLTLQHPFFGE57CB
鳳山區,房地(土地+建物)+車位,高雄市鳳山區鳳頂路A9棟10樓,17.07,商,,,1071116,土地1建物1車位1,十層,15,住宅大樓(11層含以上有電梯),住家用,鋼筋混凝土造,,124.37,2,2,2,有,無,7080000,57008,坡道平面,22.98,1300000,,RPVOMLTLQHPFFGE77CB
鳳山區,房地(土地+建物)+車位,高雄市鳳山區鳳頂路A9棟11樓,17.07,商,,,1080531,土地1建物1車位1,十一層,15,住宅大樓(11層含以上有電梯),住家用,鋼筋混凝土造,,124.37,2,2,2,有,無,7310000,58684,坡道平面,22.98,1360000,,RPWOMLTLQHPFFGE87CB
鳳山區,房地(土地+建物)+車位,高雄市鳳山區鳳頂路A9棟12樓,17.07,商,,,1080115,土地1建物1車位1,十二層,15,住宅大樓(11層含以上有電梯),住家用,鋼筋混凝土造,,124.37,2,2,2,有,無,7160000,57797,坡道平面,22.98,1300000,,RPXOMLTLQHPFFGE97CB
鳳山區,房地(土地+建物)+車位,高雄市鳳山區鳳頂路A9棟14樓,17.07,商,,,1080626,土地1建物1車位1,十四層,15,住宅大樓(11層含以上有電梯),住家用,鋼筋混凝土造,,124.37,2,2,2,有,無,7270000,58882,坡道平面,22.98,1300000,,RPOPMLTLQHPFFGE17CB
鳳山區,房地(土地+建物)+車位,高雄市鳳山區鳳頂路A9棟15樓,17.07,商,,,1080630,土地1建物1車位1,十五層,15,住宅大樓(11層含以上有電梯),住家用,鋼筋混凝土造,,124.37,2,2,2,有,無,7330000,58882,坡道平面,22.98,1360000,,RPPPMLTLQHPFFGE27CB
鳳山區,房地(土地+建物)+車位,高雄市鳳山區鳳頂路A10棟2樓,13.81,商,,,1080729,土地1建物1車位1,二層,15,住宅大樓(11層含以上有電梯),住家用,鋼筋混凝土造,,100.57,2,2,2,有,無,5950000,60704,坡道平面,22.98,1240000,,RPPNMLKMQHPFFGE88CB
鳳山區,房地(土地+建物)+車位,高雄市鳳山區鳳頂路A10棟3樓,13.75,商,,,1071110,土地1建物1車位1,三層,15,住宅大樓(11層含以上有電梯),住家用,鋼筋混凝土造,,100.12,2,2,2,有,無,5680000,57558,坡道平面,22.98,1240000,,RPQNMLKMQHPFFGE98CB
鳳山區,房地(土地+建物)+車位,高雄市鳳山區鳳頂路A10棟4樓,13.81,商,,,1080610,土地1建物1車位1,四層,15,住宅大樓(11層含以上有電梯),住家用,鋼筋混凝土造,,100.57,2,2,2,有,無,5700000,57482,坡道平面,22.98,1240000,,RPRNMLKMQHPFFGE09CB
鳳山區,房地(土地+建物)+車位,高雄市鳳山區鳳頂路A10棟5樓,13.81,商,,,1080618,土地1建物1車位1,五層,15,住宅大樓(11層含以上有電梯),住家用,鋼筋混凝土造,,100.57,2,2,2,有,無,5760000,58255,坡道平面,22.98,1240000,,RPSNMLKMQHPFFGE56CB
鳳山區,房地(土地+建物)+車位,高雄市鳳山區鳳頂路A10棟7樓,13.81,商,,,1080210,土地1建物1車位1,七層,15,住宅大樓(11層含以上有電梯),住家用,鋼筋混凝土造,,100.57,2,2,2,有,無,5860000,59544,坡道平面,22.98,1240000,,RPUNMLKMQHPFFGE76CB
鳳山區,房地(土地+建物)+車位,高雄市鳳山區鳳頂路A10棟8樓,13.81,商,,,1071208,土地1建物1車位1,八層,15,住宅大樓(11層含以上有電梯),住家用,鋼筋混凝土造,,100.57,2,2,2,有,無,5900000,60059,坡道平面,22.98,1240000,,RPVNMLKMQHPFFGE86CB
鳳山區,房地(土地+建物)+車位,高雄市鳳山區鳳頂路A10棟9樓,13.81,商,,,1080625,土地1建物1車位1,九層,15,住宅大樓(11層含以上有電梯),住家用,鋼筋混凝土造,,100.57,2,2,2,有,無,5850000,59415,坡道平面,22.98,1240000,,RPWNMLKMQHPFFGE96CB
鳳山區,房地(土地+建物)+車位,高雄市鳳山區鳳頂路A10棟11樓,13.81,商,,,1080606,土地1建物1車位1,十一層,15,住宅大樓(11層含以上有電梯),住家用,鋼筋混凝土造,,100.57,2,2,2,有,無,6000000,60575,坡道平面,22.98,1300000,,RPXNMLKMQHPFFGE07CB
鳳山區,房地(土地+建物)+車位,高雄市鳳山區鳳頂路A10棟12樓,13.81,商,,,1080609,土地1建物1車位1,十二層,15,住宅大樓(11層含以上有電梯),住家用,鋼筋混凝土造,,100.57,2,2,2,有,無,6050000,61993,坡道平面,22.98,1240000,,RPOOMLKMQHPFFGE88CB
鳳山區,房地(土地+建物)+車位,高雄市鳳山區鳳頂路A10棟13樓,13.81,商,,,1080715,土地1建物1車位1,十三層,15,住宅大樓(11層含以上有電梯),住家用,鋼筋混凝土造,,100.57,2,2,2,有,無,6080000,61606,坡道平面,22.98,1300000,,RPPOMLKMQHPFFGE98CB
鳳山區,房地(土地+建物)+車位,高雄市鳳山區鳳頂路A10棟14樓,13.81,商,,,1080805,土地1建物1車位1,十四層,15,住宅大樓(11層含以上有電梯),住家用,鋼筋混凝土造,,100.57,2,2,2,有,無,7500000,79134,坡道平面,22.98,1360000,,RPQOMLKMQHPFFGE09CB
鳳山區,房地(土地+建物)+車位,高雄市鳳山區鳳頂路A10棟15樓,13.81,商,,,1080726,土地1建物1車位1,十五層,15,住宅大樓(11層含以上有電梯),住家用,鋼筋混凝土造,,100.57,2,2,2,有,無,6190000,62250,坡道平面,22.98,1360000,,RPROMLKMQHPFFGE56CB
鳳山區,房地(土地+建物),高雄市鳳山區鳳頂路A11棟2樓,13.87,商,,,1070810,土地1建物1車位0,二層,15,住宅大樓(11層含以上有電梯),住家用,鋼筋混凝土造,,101.11,2,2,2,有,無,4660000,46088,,0.0,0,,RPSOMLKMQHPFFGE66CB
鳳山區,房地(土地+建物)+車位,高雄市鳳山區鳳頂路A11棟4樓,13.75,商,,,1080623,土地1建物1車位1,四層,15,住宅大樓(11層含以上有電梯),住家用,鋼筋混凝土造,,100.13,2,2,2,有,無,5700000,57032,坡道平面,22.98,1300000,,RPUOMLKMQHPFFGE86CB
鳳山區,房地(土地+建物)+車位,高雄市鳳山區鳳頂路A11棟5樓,13.75,商,,,1071230,土地1建物1車位1,五層,15,住宅大樓(11層含以上有電梯),住家用,鋼筋混凝土造,,100.13,2,2,2,有,無,5860000,59106,坡道平面,22.98,1300000,,RPVOMLKMQHPFFGE96CB
鳳山區,房地(土地+建物)+車位,高雄市鳳山區鳳頂路A11棟6樓,13.75,商,,,1070826,土地1建物1車位1,六層,15,住宅大樓(11層含以上有電梯),住家用,鋼筋混凝土造,,100.13,2,2,2,有,無,5890000,60272,坡道平面,22.98,1240000,,RPWOMLKMQHPFFGE07CB
鳳山區,房地(土地+建物)+車位,高雄市鳳山區鳳頂路A11棟7樓,13.75,商,,,1080613,土地1建物1車位1,七層,15,住宅大樓(11層含以上有電梯),住家用,鋼筋混凝土造,,100.13,2,2,2,有,無,5770000,58717,坡道平面,22.98,1240000,,RPXOMLKMQHPFFGE17CB
鳳山區,房地(土地+建物)+車位,高雄市鳳山區鳳頂路A11棟8樓,13.75,商,,,1080422,土地1建物1車位1,八層,15,住宅大樓(11層含以上有電梯),住家用,鋼筋混凝土造,,100.13,2,2,2,有,無,5800000,59106,坡道平面,22.98,1240000,,RPOPMLKMQHPFFGE98CB
鳳山區,房地(土地+建物)+車位,高雄市鳳山區鳳頂路A11棟9樓,13.75,商,,,1080511,土地1建物1車位1,九層,15,住宅大樓(11層含以上有電梯),住家用,鋼筋混凝土造,,100.13,2,2,2,有,無,6120000,63253,坡道平面,22.98,1240000,,RPPPMLKMQHPFFGE09CB
鳳山區,房地(土地+建物)+車位,高雄市鳳山區鳳頂路A11棟10樓,13.75,商,,,1080604,土地1建物1車位1,十層,15,住宅大樓(11層含以上有電梯),住家用,鋼筋混凝土造,,100.13,2,2,2,有,無,5900000,60402,坡道平面,22.98,1240000,,RPQPMLKMQHPFFGE56CB
鳳山區,房地(土地+建物)+車位,高雄市鳳山區鳳頂路A11棟11樓,13.75,商,,,1080628,土地1建物1車位1,十一層,15,住宅大樓(11層含以上有電梯),住家用,鋼筋混凝土造,,100.13,2,2,2,有,無,5980000,61439,坡道平面,22.98,1240000,,RPRPMLKMQHPFFGE66CB
鳳山區,房地(土地+建物)+車位,高雄市鳳山區鳳頂路A11棟12樓,13.75,商,,,1080717,土地1建物1車位1,十二層,15,住宅大樓(11層含以上有電梯),住家用,鋼筋混凝土造,,100.13,2,2,2,有,無,6050000,61568,坡道平面,22.98,1300000,,RPSPMLKMQHPFFGE76CB
鳳山區,房地(土地+建物)+車位,高雄市鳳山區鳳頂路A11棟13樓,13.75,商,,,1080715,土地1建物1車位1,十三層,15,住宅大樓(11層含以上有電梯),住家用,鋼筋混凝土造,,100.13,2,2,2,有,無,6060000,61698,坡道平面,22.98,1300000,,RPTPMLKMQHPFFGE86CB
鳳山區,房地(土地+建物)+車位,高雄市鳳山區鳳頂路A11棟14樓,13.75,商,,,1080715,土地1建物1車位1,十四層,15,住宅大樓(11層含以上有電梯),住家用,鋼筋混凝土造,,100.13,2,2,2,有,無,6100000,62216,坡道平面,22.98,1300000,,RPUPMLKMQHPFFGE96CB
鳳山區,房地(土地+建物)+車位,高雄市鳳山區鳳頂路A11棟15樓,13.75,商,,,1080804,土地1建物1車位1,十五層,15,住宅大樓(11層含以上有電梯),住家用,鋼筋混凝土造,,100.13,2,2,2,有,無,6120000,63253,坡道平面,22.98,1240000,,RPVPMLKMQHPFFGE07CB
鳳山區,房地(土地+建物)+車位,高雄市鳳山區高雄市鳳山區過埤里鳳頂路A3棟10樓,12.74,商,,,1071210,土地1建物1車位1,十層,15,住宅大樓(11層含以上有電梯),,鋼筋混凝土造,,92.82,2,2,2,有,無,5550000,61712,坡道平面,22.98,1240000,,RPSNMLLMQHPFFGE66CB
鳳山區,房地(土地+建物),高雄市鳳山區鳳頂路A5棟15樓,11.35,商,,,1080227,土地1建物1車位0,十五層,15,住宅大樓(11層含以上有電梯),住家用,鋼筋混凝土造,,82.66,2,2,2,有,無,3900000,47181,,0.0,0,,RPWOMLLMQHPFFGE17CB
鳳山區,房地(土地+建物)+車位,高雄市鳳山區鳳頂路A9棟9樓,17.07,商,,,1071026,土地1建物1車位1,九層,15,住宅大樓(11層含以上有電梯),住家用,鋼筋混凝土造,,124.37,2,2,2,有,無,7100000,57205,坡道平面,22.98,1300000,,RPXOMLLMQHPFFGE27CB
鳳山區,房地(土地+建物)+車位,高雄市鳳山區鳳頂路A10棟6樓,13.81,商,,,1080406,土地1建物1車位1,六層,15,住宅大樓(11層含以上有電梯),住家用,鋼筋混凝土造,,100.57,2,2,2,有,無,5780000,58513,坡道平面,22.98,1240000,,RPOPMLLMQHPFFGE09CB
鳳山區,房地(土地+建物)+車位,高雄市鳳山區鳳頂路A11棟3樓,13.81,商,,,1070709,土地1建物1車位1,三層,15,住宅大樓(11層含以上有電梯),住家用,鋼筋混凝土造,,100.58,2,2,2,有,無,5650000,56830,坡道平面,22.98,1240000,,RPPPMLLMQHPFFGE56CB
鳳山區,房地(土地+建物)+車位,高雄市鳳山區高雄市鳳山區過埤里鳳頂路A1棟12樓,21.34,商,,,1080703,土地1建物1車位1,十二層,15,住宅大樓(11層含以上有電梯),,鋼筋混凝土造,,155.53,1,1,1,有,無,8600000,54621,坡道平面,22.98,1360000,,RPQPMLLMQHPFFGE66CB
鳳山區,房地(土地+建物)+車位,高雄市鳳山區鳳頂路A1棟13樓,21.34,商,,,1080715,土地1建物1車位1,十三層,15,住宅大樓(11層含以上有電梯),住家用,鋼筋混凝土造,,155.53,2,2,2,有,無,8660000,55074,坡道平面,22.98,1360000,,RPRPMLLMQHPFFGE76CB
鳳山區,房地(土地+建物)+車位,高雄市鳳山區鳳頂路A2棟7樓,20.76,商,,,1080721,土地1建物1車位1,七層,15,住宅大樓(11層含以上有電梯),住家用,鋼筋混凝土造,,151.23,2,2,2,有,無,7920000,51618,坡道平面,22.98,1300000,,RPSPMLLMQHPFFGE86CB
鳳山區,房地(土地+建物),高雄市鳳山區鳳頂路A5棟14樓,11.35,商,,,1080113,土地1建物1車位0,十四層,15,住宅大樓(11層含以上有電梯),住家用,鋼筋混凝土造,,82.66,2,2,2,有,無,3900000,47181,,0.0,0,,RPTPMLLMQHPFFGE96CB
