﻿編號,屋齡,建物移轉面積平方公尺,主要用途,主要建材,建築完成日期,總層數,建物分層
The serial number,room age,building shifting area square meter,the main use,main building materials,construction completes the date,total layer,building lamination
RPPNMLOKNHPFFAW27CA,5,403.38,農舍,鋼筋混凝土造,103年11月17日,三層,一層 二層 三層 陽台
RPSNMLOKNHPFFAW57CA,2,209.19,集合住宅,鋼筋混凝土造,107年6月27日,三層,一層 二層 三層 陽台 屋頂突出物 雨遮
RPSNMLOKNHPFFAW57CA,2,87.32,共有部分：本共有部分之項目有台電配電場所、發電機室、消防機房、消防水池、梯廳、水箱機房、雨水貯集池、停車空間、車道、機房、梯間、樓電梯間及梯間（Ａ梯）等１３項。,鋼筋混凝土造,107年6月27日,三層,
RPRNMLNKNHPFFAW37CA,4,31.14,集合住宅,鋼筋混凝土造,104年11月25日,三層,二層 陽台
RPRNMLNKNHPFFAW37CA,4,4.14,共有部分：本共有部分之項目有樓梯間及走廊等二項。,鋼筋混凝土造,104年11月25日,三層,
RPXNMLPKNHPFFAW18CA,6,22.80,集合住宅,鋼筋混凝土造,102年11月20日,三層,一層 陽台
RPXNMLPKNHPFFAW18CA,6,3.80,共有部分：本共有部分之項目計有樓梯間、走廊等２項,鋼筋混凝土造,102年11月20日,三層,
RPXNMLPKNHPFFAW18CA,6,5.03,共有部分：本共有部分之項目計有樓梯間、停車空間、廢水池、消防水池、台電配電室、機房、蓄水池、電信機房等８項,鋼筋混凝土造,102年11月20日,三層,
RPPNMLPLNHPFFAW47CA,49,107.97,住商用,鋼筋混凝土造,59年12月15日,三層,一層 二層 三層
RPTNMLPLNHPFFAW87CA,64,89.58,住家用,磚石造,45年7月1日,一層,一層 陽台
RPPNMLSKNHPFFAW67CA,4,85.05,集合住宅,鋼筋混凝土造,104年10月30日,三層,一層
RPPNMLSKNHPFFAW67CA,4,6.13,共有部分：本共有部分之項目有樓梯間１項。,鋼筋混凝土造,104年10月30日,三層,
RPRNMLTKNHPFFAW97CA,4,64.59,集合住宅,鋼筋混凝土造,105年6月17日,七層,四層 陽台 雨遮
RPRNMLTKNHPFFAW97CA,4,25.40,共有部分：本共有部分之項目有梯間、防空避難室兼停車空間、消防水池、機電消防室、台電配電室、雨遮、汽車升降機房、汽車昇降道、清水池、電信室、車道、外廊、水錶室、水箱、電梯機房等１５項。,鋼筋混凝土造,105年6月17日,七層,
RPTNMLSKNHPFFAW08CA,7,73.81,集合住宅,鋼筋混凝土造,102年5月19日,五層,三層 陽台
RPTNMLSKNHPFFAW08CA,7,13.07,共有部分：本共有部分之項目有樓梯間、水箱兩項。,鋼筋混凝土造,102年5月19日,五層,
RPRNMLLLNHPFFAW27CA,11,141.75,集合住宅,鋼筋混凝土造,98年10月19日,三層,一層 二層 三層
RPSNMLPLNHPFFAW77CA,1,88.44,集合住宅,鋼筋混凝土造,108年10月2日,四層,三層 陽台
RPSNMLPLNHPFFAW77CA,1,23.41,共有部分：本共有部分之項目有樓梯間、電梯間、屋突、水箱等４項。,鋼筋混凝土造,108年10月2日,四層,
RPQNMLPLNHPFFAW57CA,52,81.65,住家用,磚石造,57年7月1日,一層,一層 陽台
RPRNMLQLNHPFFAW77CA,5,169.41,集村農舍,鋼筋混凝土造,104年4月1日,三層,一層 二層 三層 陽台
RPPNMLSLNHPFFAW77CA,3,90.82,集合住宅,鋼筋混凝土造,106年11月1日,三層,三層 陽台
RPPNMLSLNHPFFAW77CA,3,55.73,共有部分：本共有部分之項目有水箱、台電配電室、發電機室、消防機房、電訊室、停車空間、樓梯間、機電室、消防蓄水池等９項。,鋼筋混凝土造,106年11月1日,三層,
RPPNMLRLNHPFFAW67CA,3,81.19,集合住宅,鋼筋混凝土造,106年4月10日,三層,二層
RPPNMLRLNHPFFAW67CA,3,12.41,共有部分：本共有部分之項目有樓梯間１項。,鋼筋混凝土造,106年4月10日,三層,
RPQNMLTLNHPFFAW97CA,8,218.01,農舍,鋼筋混凝土造,101年8月9日,二層,一層 二層 陽台 屋頂突出物
RPTNMLPJOHPFFAW77CA,5,55.80,集合住宅,鋼筋混凝土造,104年2月16日,三層,一層 陽台
RPTNMLPJOHPFFAW77CA,5,4.35,共有部分：本共有部分之項目計有樓梯間一項。,鋼筋混凝土造,104年2月16日,三層,
RPRNMLNJOHPFFAW37CA,,144.03,集合住宅,鋼筋混凝土造,109年2月24日,七層,四層 陽台 雨遮
RPRNMLNJOHPFFAW37CA,,65.14,集合住宅、店鋪：本建物共有部分項目有電信機房、梯廳、無障礙電梯、安全梯、機房、防空避難室、門廳、電梯機房等８項。,鋼筋混凝土造,109年2月24日,七層,
RPQNMLNJOHPFFAW27CA,5,144.34,住家用,鋼筋混凝土造,104年8月4日,三層,一層 二層 三層 陽台
RPPNMLSKOHPFFAW77CA,3,79.28,集合住宅,鋼筋混凝土造,106年3月6日,三層,一層
RPPNMLSKOHPFFAW77CA,3,6.96,共有部分：本共有部分之項目有樓梯間１項。,鋼筋混凝土造,106年3月6日,三層,
RPQNMLTLOHPFFAW08CA,2,69.56,集合住宅,鋼筋混凝土造,107年11月6日,七層,四層 陽台
RPQNMLTLOHPFFAW08CA,2,28.69,共有部分：本共有部分之項目有機電設備、防空避難室、電信室、蓄水池、電梯、梯廳、梯間、門廊、機械室、管委會服務空間等１０項。,鋼筋混凝土造,107年11月6日,七層,
RPSNMLPJOHPFFAW67CA,2,95.37,集合住宅,鋼筋混凝土造,107年9月19日,三層,二層 陽台
RPSNMLPJOHPFFAW67CA,2,19.48,共有部分：本共有部分之項目有樓梯間及雨遮等２項。,鋼筋混凝土造,107年9月19日,三層,
RPQNMLTJOHPFFAW87CA,2,41.79,見其他登記事項,鋼筋混凝土造,107年3月30日,三層,
RPQNMLTJOHPFFAW87CA,2,5.52,見其他登記事項,鋼筋混凝土造,107年3月30日,三層,
RPTNMLKKOHPFFAW47DA,9,164.23,住家用,鋼筋混凝土造,100年11月15日,三層,一層 二層 三層 陽台
RPROMLKKOHPFFAW27CA,,144.03,集合住宅,鋼筋混凝土造,109年2月24日,七層,五層 陽台 雨遮
RPROMLKKOHPFFAW27CA,,65.14,集合住宅、店鋪：本建物共有部分項目有電信機房、梯廳、無障礙電梯、安全梯、機房、防空避難室、門廳、電梯機房等８項。,鋼筋混凝土造,109年2月24日,七層,
RPRNMLPKOHPFFAW67CA,53,200.18,店屋,鋼筋混凝土造,56年1月1日,三層,一層 二層 三層 陽台 騎樓
RPRNMLMLOHPFFAW47CA,108,84.73,住家用,磚石造,1年1月1日,一層,一層 陽台
RPROMLNLOHPFFAW67CA,4,95.22,集合住宅,鋼筋混凝土造,105年11月4日,十一層,四層 陽台
RPROMLNLOHPFFAW67CA,4,69.05,共有部分：本共有部分之項目有蓄水池、停車空間、滯洪池、消防蓄水池、消防機械室、儲藏室、車道、樓梯間、電信室、防空避難室兼停車空間、發電機房、台電配電室、管理室、公共廁所、梯廳、機房、水錶間、水箱、安全梯間、昇降機道、台電通道、機車區、甲梯無障礙樓梯（安全梯）、乙梯（安全梯）、昇降機及無障礙昇降機等２６項。,鋼筋混凝土造,105年11月4日,十一層,
RPUNMLOLOHPFFAW97CA,4,119.03,集合住宅,鋼筋混凝土造,105年11月4日,十一層,九層 陽台
RPUNMLOLOHPFFAW97CA,4,77.32,共有部分：本共有部分之項目有蓄水池、停車空間、滯洪池、消防蓄水池、消防機械室、儲藏室、車道、樓梯間、電信室、防空避難室兼停車空間、發電機房、台電配電室、管理室、公共廁所、梯廳、機房、水錶間、水箱、安全梯間、昇降機道、台電通道、機車區、甲梯無障礙樓梯（安全梯）、乙梯（安全梯）、昇降機及無障礙昇降機等２６項。,鋼筋混凝土造,105年11月4日,十一層,
RPSOMLNLOHPFFAW77CA,4,95.22,集合住宅,鋼筋混凝土造,105年11月4日,十一層,七層 陽台
RPSOMLNLOHPFFAW77CA,4,69.05,共有部分：本共有部分之項目有蓄水池、停車空間、滯洪池、消防蓄水池、消防機械室、儲藏室、車道、樓梯間、電信室、防空避難室兼停車空間、發電機房、台電配電室、管理室、公共廁所、梯廳、機房、水錶間、水箱、安全梯間、昇降機道、台電通道、機車區、甲梯無障礙樓梯（安全梯）、乙梯（安全梯）、昇降機及無障礙昇降機等２６項。,鋼筋混凝土造,105年11月4日,十一層,
RPXNMLMLOHPFFAW08CA,5,31.14,集合住宅,鋼筋混凝土造,104年11月25日,三層,三層 陽台
RPXNMLMLOHPFFAW08CA,5,4.14,共有部分：本共有部分之項目有樓梯間及走廊等二項。,鋼筋混凝土造,104年11月25日,三層,
RPRNMLSKOHPFFAW97CA,1,86.51,集合住宅,鋼筋混凝土造,108年11月19日,五層,四層 陽台
RPRNMLSKOHPFFAW97CA,1,13.57,集合住宅：本共有部分之項目有樓梯間及水箱等２項。,鋼筋混凝土造,108年11月19日,五層,
RPSNMLSKOHPFFAW18DA,1,53.87,集合住宅,鋼筋混凝土造,108年6月25日,三層,二層 陽台
RPSNMLSKOHPFFAW18DA,1,20.11,共有部分：本共有部分之項目計有機房Ａ－消防泵浦室、機房Ｂ－發電機室、機房Ｃ－電信、機房Ｄ－台電、機房Ｅ－自來水用（下水池）、消防水池、梯廳、梯間、停車空間、公共空間、走廊、電梯、地下車道、滯洪池、停車位等１５項。,鋼筋混凝土造,108年6月25日,三層,
RPPNMLTLOHPFFAW97CA,1,80.14,集合住宅,鋼筋混凝土造,108年4月24日,五層,一層 陽台
RPPNMLTLOHPFFAW97CA,1,12.34,共有部分：本共有部分之項目計有走廊、無障礙電梯、梯廳、無障礙樓梯、梯間、機房（電信）等６項。,鋼筋混凝土造,108年4月24日,五層,
RPRNMLKLOHPFFAW27CA,3,92.86,集合住宅,鋼筋混凝土造,106年5月5日,三層,三層 陽台
RPRNMLKLOHPFFAW27CA,3,24.91,共有部分：本共有部分之項目計有停車空間、廢水池兼滯滲池、無障礙樓梯、走廊等４項。,鋼筋混凝土造,106年5月5日,三層,
RPRNMLMLPHPFFAW57CA,,56.76,集合住宅,鋼筋混凝土造,108年11月29日,四層,三層 陽台
RPRNMLMLPHPFFAW57CA,,20.05,共有部分：本共有部分之項目有無障礙電梯、梯間、無障礙室內通路、樓電梯間、樓梯間、機電設備空間等６項。,鋼筋混凝土造,108年11月29日,四層,
RPTNMLKLOHPFFAW47CA,,144.03,集合住宅,鋼筋混凝土造,109年2月24日,七層,三層 陽台 雨遮
RPTNMLKLOHPFFAW47CA,,65.14,集合住宅、店鋪：本建物共有部分項目有電信機房、梯廳、無障礙電梯、安全梯、機房、防空避難室、門廳、電梯機房等８項。,鋼筋混凝土造,109年2月24日,七層,
RPTNMLMLOHPFFAW67CA,3,182.42,住家用,鋼筋混凝土造,106年6月19日,三層,一層 二層 三層 陽台 屋頂突出物
RPVNMLQJPHPFFAW18CA,27,202.08,住家用,鋼筋混凝土加強磚造,82年6月30日,二層,一層 二層
RPVNMLQKPHPFFAW28CA,4,59.84,集合住宅,鋼筋混凝土造,105年11月4日,十一層,八層 陽台
RPVNMLQKPHPFFAW28CA,4,36.30,共有部分：本共有部分之項目有蓄水池、停車空間、滯洪池、消防蓄水池、消防機械室、儲藏室、車道、樓梯間、電信室、防空避難室兼停車空間、發電機房、台電配電室、管理室、公共廁所、梯廳、機房、水錶間、水箱、安全梯間、昇降機道、台電通道、機車區、甲梯無障礙樓梯（安全梯）、乙梯（安全梯）、昇降機及無障礙昇降機等２６項。,鋼筋混凝土造,105年11月4日,十一層,
RPVNMLQKPHPFFAW28CA,4,36.30,共有部分：本共有部分之項目有蓄水池、停車空間、滯洪池、消防蓄水池、消防機械室、儲藏室、車道、樓梯間、電信室、防空避難室兼停車空間、發電機房、台電配電室、管理室、公共廁所、梯廳、機房、水錶間、水箱、安全梯間、昇降機道、台電通道、機車區、甲梯無障礙樓梯（安全梯）、乙梯（安全梯）、昇降機及無障礙昇降機等２６項。,鋼筋混凝土造,105年11月4日,十一層,
RPVNMLQKPHPFFAW28CA,4,59.84,集合住宅,鋼筋混凝土造,105年11月4日,十一層,八層 陽台
RPTNMLQJPHPFFAW08DA,6,276.71,集村農舍,鋼筋混凝土造,103年1月23日,三層,一層 二層 三層 陽台
RPQOMLMJPHPFFAW37CA,3,84.76,集合住宅。,鋼筋混凝土造,106年5月25日,三層,二層 陽台
RPQOMLMJPHPFFAW37CA,3,6.81,共有部分：本共有部分之項目有樓梯間１項。,鋼筋混凝土造,106年5月25日,三層,
RPQNMLLJPHPFFAW37EA,4,68.44,集合住宅,鋼筋混凝土造,105年11月23日,九層,九層 陽台 屋簷
RPQNMLLJPHPFFAW37EA,4,32.27,共有部分：本共有部分之項目有停車空間兼防空避難室、水箱、消防泵浦室、電信室、發電機室、台電配電室、梯廳、電樓梯間、（停車空間（一樓）垃圾儲藏空間、管委會辦公室、車道、陽台、雨遮、機械室、消防水池、雨水貯留池、基地內通路穿廊等１８項。,鋼筋混凝土造,105年11月23日,九層,
RPVOMLQJPHPFFAW28CA,3,53.17,集合住宅,鋼筋混凝土造,106年6月27日,三層,一層 地下一層
RPVOMLQJPHPFFAW28CA,3,8.70,共有部分：本共有部分之項目有梯間、門廊、陽台等３項。,鋼筋混凝土造,106年6月27日,三層,
RPRNMLNJPHPFFAW67EA,,89.03,集合住宅,鋼筋混凝土造,108年8月5日,三層,三層 陽台
RPRNMLNJPHPFFAW67EA,,7.14,共有部分：本共有部分之項目有梯間一項。,鋼筋混凝土造,108年8月5日,三層,
RPSNMLNJPHPFFAW77EA,1,55.43,集合住宅,鋼筋混凝土造,108年8月5日,三層,三層 陽台
RPSNMLNJPHPFFAW77EA,1,4.44,共有部分：本共有部分之項目有梯間一項。,鋼筋混凝土造,108年8月5日,三層,
RPQNMLSJPHPFFAW97DA,3,69.20,集合住宅,鋼筋混凝土造,106年6月23日,三層,一層 陽台
RPQNMLSJPHPFFAW97DA,3,5.96,共有部分：本共有部分之項目有樓梯間１項。,鋼筋混凝土造,106年6月23日,三層,
RPQNMLTJPHPFFAW08DA,4,208.78,住家用,鋼筋混凝土造,105年10月6日,三層,一層 二層 三層 陽台
RPVNMLSJPHPFFAW58EA,1,55.43,集合住宅,鋼筋混凝土造,108年8月5日,三層,二層 陽台
RPVNMLSJPHPFFAW58EA,1,4.44,共有部分：本共有部分之項目有梯間一項。,鋼筋混凝土造,108年8月5日,三層,
RPUNMLSJPHPFFAW48EA,22,89.69,停車空間、店鋪。,鋼筋混凝土造,87年10月12日,五層,一層 平台 騎樓
RPUNMLSJPHPFFAW48EA,22,99.97,辦公室。,鋼筋混凝土造,87年10月12日,五層,二層 陽台
RPUNMLSJPHPFFAW48EA,22,13.30,公共設施。,鋼筋混凝土造,87年10月12日,五層,
RPUNMLSJPHPFFAW48EA,22,13.30,公共設施。,鋼筋混凝土造,87年10月12日,五層,
RPVNMLKKPHPFFAW87EA,7,105.36,集合住宅,鋼筋混凝土造,102年12月27日,三層,二層 陽台
RPVNMLKKPHPFFAW87EA,7,5.45,共有部分：本共有部分之項目有樓梯間一項。,鋼筋混凝土造,102年12月27日,三層,
RPPNMLRJPHPFFAW77DA,18,205.89,停車空間、住宅,鋼筋混凝土造,91年2月1日,三層,一層 二層 三層 陽台 平台 屋頂突出物
RPWNMLKKPHPFFAW87DA,,43.27,集合住宅,鋼筋混凝土造,104年4月29日,三層,一層 陽台 雨遮
RPWNMLKKPHPFFAW87DA,,14.20,共有部分：本共有部分之項目計有機房空間、樓梯間、電梯、雨遮、走廊等五項。,鋼筋混凝土造,104年4月29日,三層,
RPSNMLTJPHPFFAW38EA,3,92.27,店舖,鋼筋混凝土造,105年12月12日,三層,一層
RPSNMLTJPHPFFAW38EA,3,8.82,共有部分：本共有部分之項目有樓梯間及梯廳等２項。,鋼筋混凝土造,105年12月12日,三層,
RPWNMLPKPHPFFAW38DA,10,56.13,集合住宅、停車空間,鋼筋混凝土造,99年7月12日,五層,一層 陽台
RPWNMLPKPHPFFAW38DA,10,9.97,共有部分，本共有部分之項目有梯廳、安全梯等二項。,鋼筋混凝土造,99年7月12日,五層,
RPXNMLLLQHPFFAW18CA,,558.92,住家用,鋼筋混凝土造,109年1月15日,四層,一層 二層 三層 四層 陽台
RPSNMLQKPHPFFAW08DA,15,205.19,住家用,鋼筋混凝土造,94年7月11日,四層,一層 二層 三層 四層 陽台
RPQNMLQKPHPFFAW87DA,5,72.48,集合住宅,鋼筋混凝土造,104年12月1日,十層,三層 陽台 雨遮
RPQNMLQKPHPFFAW87DA,5,9.72,共有部分：本共有部分之項目有機械房１項。,鋼筋混凝土造,104年12月1日,十層,
RPQNMLQKPHPFFAW87DA,5,5.78,共有部分：本共有部分之項目有梯廳１項。,鋼筋混凝土造,104年12月1日,十層,
RPQNMLQKPHPFFAW87DA,5,8.02,共有部分：本共有部分之項目有安全梯、昇降機、梯廳、水錶室、屋頂水箱、電梯機械室等６項。,鋼筋混凝土造,104年12月1日,十層,
RPQNMLQKPHPFFAW87DA,5,7.53,共有部分：本共有部分之項目有車道、管委會空間、梯廳、陽台、蓄水池、防空避難室兼停車空間、電信機房、機械室、緊急發電機室、消防泵浦室、昇降機、安全梯、台電配電場所等１３項。本成果表停車位共計４１位。,鋼筋混凝土造,104年12月1日,十層,
RPRNMLOKPHPFFAW77DA,5,186.21,集合住宅,鋼筋混凝土造,104年4月30日,三層,一層 二層 三層 陽台
RPVNMLPKPHPFFAW28DA,3,40.81,集合住宅,鋼筋混凝土造,106年12月25日,三層,一層 陽台
RPVNMLPKPHPFFAW28DA,3,13.37,共有部分：本共有部分之項目有樓梯間、水箱等２項。,鋼筋混凝土造,106年12月25日,三層,
RPUNMLKLPHPFFAW87EA,1,77.61,集合住宅,鋼筋混凝土造,108年6月17日,三層,一層 二層 三層 陽台
RPUNMLKLPHPFFAW87EA,1,77.61,集合住宅,鋼筋混凝土造,108年6月17日,三層,一層 二層 三層 陽台
RPPNMLNLPHPFFAW57DA,4,90.02,集合住宅,鋼筋混凝土造,105年7月28日,三層,一層
RPPNMLLLPHPFFAW47EA,1,63.27,集合住宅,鋼筋混凝土造,108年4月18日,三層,一層
RPPNMLNLPHPFFAW57DA,4,10.09,共有部分：本共有部分之項目有樓梯間１項。,鋼筋混凝土造,105年7月28日,三層,
RPPNMLLLPHPFFAW47EA,1,10.83,共有部分：本共有部分之項目有樓梯間１項。,鋼筋混凝土造,108年4月18日,三層,
RPSNMLPKPHPFFAW97DA,2,93.25,集合住宅,鋼筋混凝土造,107年7月23日,三層,三層 陽台
RPSNMLPKPHPFFAW97DA,2,8.21,共有部分：本共有部分之項目計有門廳、梯廳及樓梯間等３項。,鋼筋混凝土造,107年7月23日,三層,
RPUNMLQKPHPFFAW28DA,6,24.34,集合住宅,鋼筋混凝土造,103年10月16日,三層,二層 陽台
RPUNMLQKPHPFFAW28DA,6,3.74,共有部分：本共有部分之項目計有樓梯間、走廊等二項。,鋼筋混凝土造,103年10月16日,三層,
RPQNMLRLPHPFFAW18EA,10,190.05,集合住宅,鋼筋混凝土造,99年2月23日,三層,一層 二層 三層 陽台
RPTNMLRLPHPFFAW38DA,,101.70,集合住宅,鋼筋混凝土造,109年4月28日,五層,二層 陽台
RPTNMLRLPHPFFAW38DA,,13.43,集合住宅、本共有部分之項目計有樓梯間、水箱等二項。,鋼筋混凝土造,109年4月28日,五層,
RPXNMLRLPHPFFAW78DA,,101.70,集合住宅,鋼筋混凝土造,109年4月28日,五層,四層 陽台
RPXNMLRLPHPFFAW78DA,,13.43,集合住宅、本共有部分之項目計有樓梯間、水箱等二項。,鋼筋混凝土造,109年4月28日,五層,
RPVNMLRLPHPFFAW58DA,,101.70,集合住宅,鋼筋混凝土造,109年4月28日,五層,五層 陽台
RPVNMLRLPHPFFAW58DA,,13.43,集合住宅、本共有部分之項目計有樓梯間、水箱等二項。,鋼筋混凝土造,109年4月28日,五層,
RPOOMLRLPHPFFAW97DA,,101.70,集合住宅,鋼筋混凝土造,109年4月28日,五層,五層 陽台
RPOOMLRLPHPFFAW97DA,,13.43,集合住宅、本共有部分之項目計有樓梯間、水箱等二項。,鋼筋混凝土造,109年4月28日,五層,
RPPOMLRLPHPFFAW08DA,,101.70,集合住宅,鋼筋混凝土造,109年4月28日,五層,三層 陽台
RPPOMLRLPHPFFAW08DA,,13.43,集合住宅、本共有部分之項目計有樓梯間、水箱等二項。,鋼筋混凝土造,109年4月28日,五層,
RPPNMLOLPHPFFAW67DA,2,69.76,集合住宅,鋼筋混凝土造,107年11月6日,七層,四層 陽台
RPPNMLOLPHPFFAW67DA,2,28.69,共有部分：本共有部分之項目有機電設備、防空避難室、電信室、蓄水池、電梯、梯廳、梯間、門廊、機械室、管委會服務空間等１０項。,鋼筋混凝土造,107年11月6日,七層,
RPPNMLSLPHPFFAW08DA,4,95.22,集合住宅,鋼筋混凝土造,105年11月4日,十一層,七層 陽台
RPPNMLSLPHPFFAW08DA,4,69.05,共有部分：本共有部分之項目有蓄水池、停車空間、滯洪池、消防蓄水池、消防機械室、儲藏室、車道、樓梯間、電信室、防空避難室兼停車空間、發電機房、台電配電室、管理室、公共廁所、梯廳、機房、水錶間、水箱、安全梯間、昇降機道、台電通道、機車區、甲梯無障礙樓梯（安全梯）、乙梯（安全梯）、昇降機及無障礙昇降機等２６項。,鋼筋混凝土造,105年11月4日,十一層,
RPUNMLTLPHPFFAW68DA,10,112.53,集合住宅,鋼筋混凝土造,99年12月24日,三層,二層 陽台 雨遮
RPUNMLTLPHPFFAW68DA,10,6.86,共有部分，本共有部分之項目有樓梯間一項,鋼筋混凝土造,99年12月24日,三層,
RPQNMLSLPHPFFAW18DA,4,43.98,集合住宅,鋼筋混凝土造,105年11月4日,十一層,七層 陽台
RPQNMLSLPHPFFAW18DA,4,43.98,集合住宅,鋼筋混凝土造,105年11月4日,十一層,七層 陽台
RPQNMLSLPHPFFAW18DA,4,15.23,共有部分：本共有部分之項目有蓄水池、停車空間、滯洪池、消防蓄水池、消防機械室、儲藏室、車道、樓梯間、電信室、防空避難室兼停車空間、發電機房、台電配電室、管理室、公共廁所、梯廳、機房、水錶間、水箱、安全梯間、昇降機道、台電通道、機車區、甲梯無障礙樓梯（安全梯）、乙梯（安全梯）、昇降機及無障礙昇降機等２６項。,鋼筋混凝土造,105年11月4日,十一層,
RPQNMLSLPHPFFAW18DA,4,15.23,共有部分：本共有部分之項目有蓄水池、停車空間、滯洪池、消防蓄水池、消防機械室、儲藏室、車道、樓梯間、電信室、防空避難室兼停車空間、發電機房、台電配電室、管理室、公共廁所、梯廳、機房、水錶間、水箱、安全梯間、昇降機道、台電通道、機車區、甲梯無障礙樓梯（安全梯）、乙梯（安全梯）、昇降機及無障礙昇降機等２６項。,鋼筋混凝土造,105年11月4日,十一層,
RPSNMLOJQHPFFAW87DA,1,89.46,集合住宅,鋼筋混凝土造,108年5月17日,三層,三層 陽台
RPSNMLOJQHPFFAW87DA,1,9.99,共有部分：本共有部分之項目有樓梯間１項。,鋼筋混凝土造,108年5月17日,三層,
RPPNMLOJQHPFFAW57DA,2,66.42,集合住宅,鋼筋混凝土造,107年1月30日,五層,三層 陽台
RPPNMLOJQHPFFAW57DA,2,7.82,共有部分：本共有部分之項目有電梯、梯間、梯廳等３項。,鋼筋混凝土造,107年1月30日,五層,
RPTNMLOJQHPFFAW08EA,3,153.67,集合住宅,鋼筋混凝土造,106年10月30日,三層,一層 二層 三層 陽台
RPUNMLOJQHPFFAW18EA,3,76.92,集合住宅,鋼筋混凝土造,106年10月30日,三層,一層 二層 三層 陽台
RPUNMLOJQHPFFAW18EA,3,76.92,集合住宅,鋼筋混凝土造,106年10月30日,三層,一層 二層 三層 陽台
RPSOMLPJQHPFFAW08DA,4,57.21,集合住宅,鋼筋混凝土造,105年5月9日,三層,三層 陽台
RPSOMLPJQHPFFAW08DA,4,5.30,共有部分：本共有部分之項目有樓梯間１項。,鋼筋混凝土造,105年5月9日,三層,
RPXNMLKKPHPFFAW97DA,1,89.03,集合住宅,鋼筋混凝土造,108年8月5日,三層,二層 陽台
RPXNMLKKPHPFFAW97DA,1,7.14,共有部分：本共有部分之項目有梯間一項。,鋼筋混凝土造,108年8月5日,三層,
RPVNMLOJQHPFFAW28EA,3,44.70,集合住宅,鋼筋混凝土造,106年10月30日,三層,一層
RPVNMLOJQHPFFAW28EA,3,5.38,共有部分：本共有部分之項目有樓梯間１項。,鋼筋混凝土造,106年10月30日,三層,
RPUNMLMLPHPFFAW97DA,,41.82,旅館,鋼筋混凝土造,109年4月8日,十層,八層 雨遮
RPUNMLMLPHPFFAW97DA,,21.41,店舖、集合住宅、本建物共有部分之項目有車道、排風機房、緊急昇降機、客梯兼無障礙電梯、廢水池、消防幫浦室、蓄水池、甲梯、進風機房、防空避難室兼停車空間、電信機房、乙梯、梯廳、汙物處理室、台電受電室、設備空間、機械室、停車空間、迴轉空間、發電機室、排煙室、消防設備空間、雨遮、陽台、管委會空間等共計２５項。,鋼筋混凝土造,109年4月8日,十層,
RPPNMLQJQHPFFAW77DA,3,101.51,集合住宅,鋼筋混凝土造,106年6月14日,三層,二層 陽台
RPPNMLQJQHPFFAW77DA,3,50.25,共有部分：本共有部分之項目計有無障礙樓梯（丙梯、丁梯）、無障礙昇降設備、梯廳間、維修連通梯（安全梯）、給水水箱等設備、機電設備空間、緊急發電機室、消防機房暨電信機房、停車空間、陽台等１０項。,鋼筋混凝土造,106年6月14日,三層,
RPPNMLQJQHPFFAW77DA,3,13.76,共有部分：本共有部分之項目有停車位１項。,鋼筋混凝土造,106年6月14日,三層,
RPTOMLPJQHPFFAW18DA,,41.82,旅館,鋼筋混凝土造,109年4月8日,十層,三層 雨遮
RPTOMLPJQHPFFAW18DA,,21.41,店舖、集合住宅、本建物共有部分之項目有車道、排風機房、緊急昇降機、客梯兼無障礙電梯、廢水池、消防幫浦室、蓄水池、甲梯、進風機房、防空避難室兼停車空間、電信機房、乙梯、梯廳、汙物處理室、台電受電室、設備空間、機械室、停車空間、迴轉空間、發電機室、排煙室、消防設備空間、雨遮、陽台、管委會空間等共計２５項。,鋼筋混凝土造,109年4月8日,十層,
RPXNMLKMPHPFFAW18DA,,96.16,集合住宅,鋼筋混凝土造,109年4月23日,五層,二層 陽台
RPXNMLKMPHPFFAW18DA,,14.02,集合住宅：本共有部分之項目計有安全梯、梯廳（升降機間）、升降機、無障礙樓梯、電梯機房、梯廳、電信室等７項。,鋼筋混凝土造,109年4月23日,五層,
RPVNMLKMPHPFFAW97DA,,76.17,集合住宅,鋼筋混凝土造,109年4月23日,五層,五層 陽台
RPVNMLKMPHPFFAW97DA,,11.12,集合住宅：本共有部分之項目計有安全梯、梯廳（升降機間）、升降機、無障礙樓梯、電梯機房、梯廳、電信室等７項。,鋼筋混凝土造,109年4月23日,五層,
RPPOMLKMPHPFFAW47DA,,67.95,集合住宅,鋼筋混凝土造,109年4月23日,五層,三層 陽台
RPPOMLKMPHPFFAW47DA,,9.94,集合住宅：本共有部分之項目計有安全梯、梯廳（升降機間）、升降機、無障礙樓梯、電梯機房、梯廳、電信室等７項。,鋼筋混凝土造,109年4月23日,五層,
RPUNMLNJPHPFFAW87DA,57,49.00,住商用,鋼筋混凝土造,52年7月10日,二層,一層 二層 騎樓
RPROMLKMPHPFFAW67DA,,67.95,集合住宅,鋼筋混凝土造,109年4月23日,五層,四層 陽台
RPROMLKMPHPFFAW67DA,,9.94,集合住宅：本共有部分之項目計有安全梯、梯廳（升降機間）、升降機、無障礙樓梯、電梯機房、梯廳、電信室等７項。,鋼筋混凝土造,109年4月23日,五層,
RPXNMLNKQHPFFAW38DA,5,30.25,集合住宅,鋼筋混凝土造,105年1月11日,三層,三層 陽台
RPXNMLNKQHPFFAW38DA,5,30.25,集合住宅,鋼筋混凝土造,105年1月11日,三層,三層 陽台
RPXNMLNKQHPFFAW38DA,5,.00,共有部分：本共有部分之項目有樓梯間１項。,鋼筋混凝土造,105年1月11日,三層,
RPXNMLNKQHPFFAW38DA,5,3.59,共有部分：本共有部分之項目有樓梯間１項。,鋼筋混凝土造,105年1月11日,三層,
RPXNMLNKQHPFFAW38DA,5,3.59,共有部分：本共有部分之項目有樓梯間１項。,鋼筋混凝土造,105年1月11日,三層,
RPTNMLOJQHPFFAW97DA,4,47.61,集合住宅,鋼筋混凝土造,105年11月4日,十一層,四層 陽台
RPTNMLOJQHPFFAW97DA,4,47.61,集合住宅,鋼筋混凝土造,105年11月4日,十一層,四層 陽台
RPTNMLOJQHPFFAW97DA,4,63.97,集合住宅,鋼筋混凝土造,105年11月4日,十一層,四層 陽台
RPTNMLOJQHPFFAW97DA,4,34.53,共有部分：本共有部分之項目有蓄水池、停車空間、滯洪池、消防蓄水池、消防機械室、儲藏室、車道、樓梯間、電信室、防空避難室兼停車空間、發電機房、台電配電室、管理室、公共廁所、梯廳、機房、水錶間、水箱、安全梯間、昇降機道、台電通道、機車區、甲梯無障礙樓梯（安全梯）、乙梯（安全梯）、昇降機及無障礙昇降機等２６項。,鋼筋混凝土造,105年11月4日,十一層,
RPTNMLOJQHPFFAW97DA,4,22.15,共有部分：本共有部分之項目有蓄水池、停車空間、滯洪池、消防蓄水池、消防機械室、儲藏室、車道、樓梯間、電信室、防空避難室兼停車空間、發電機房、台電配電室、管理室、公共廁所、梯廳、機房、水錶間、水箱、安全梯間、昇降機道、台電通道、機車區、甲梯無障礙樓梯（安全梯）、乙梯（安全梯）、昇降機及無障礙昇降機等２６項。,鋼筋混凝土造,105年11月4日,十一層,
RPTNMLOJQHPFFAW97DA,4,34.53,共有部分：本共有部分之項目有蓄水池、停車空間、滯洪池、消防蓄水池、消防機械室、儲藏室、車道、樓梯間、電信室、防空避難室兼停車空間、發電機房、台電配電室、管理室、公共廁所、梯廳、機房、水錶間、水箱、安全梯間、昇降機道、台電通道、機車區、甲梯無障礙樓梯（安全梯）、乙梯（安全梯）、昇降機及無障礙昇降機等２６項。,鋼筋混凝土造,105年11月4日,十一層,
RPWNMLOJQHPFFAW28DA,,63.97,集合住宅,鋼筋混凝土造,105年11月4日,十一層,四層 陽台
RPWNMLOJQHPFFAW28DA,,22.15,共有部分：本共有部分之項目有蓄水池、停車空間、滯洪池、消防蓄水池、消防機械室、儲藏室、車道、樓梯間、電信室、防空避難室兼停車空間、發電機房、台電配電室、管理室、公共廁所、梯廳、機房、水錶間、水箱、安全梯間、昇降機道、台電通道、機車區、甲梯無障礙樓梯（安全梯）、乙梯（安全梯）、昇降機及無障礙昇降機等２６項。,鋼筋混凝土造,105年11月4日,十一層,
RPTNMLKKPHPFFAW57DA,1,44.48,集合住宅,鋼筋混凝土造,108年10月2日,四層,四層 陽台
RPTNMLKKPHPFFAW57DA,1,44.48,集合住宅,鋼筋混凝土造,108年10月2日,四層,四層 陽台
RPTNMLKKPHPFFAW57DA,1,11.71,共有部分：本共有部分之項目有樓梯間、電梯間、屋突、水箱等４項。,鋼筋混凝土造,108年10月2日,四層,
RPTNMLKKPHPFFAW57DA,1,11.71,共有部分：本共有部分之項目有樓梯間、電梯間、屋突、水箱等４項。,鋼筋混凝土造,108年10月2日,四層,
RPSNMLMKQHPFFAW77DA,12,65.53,集合住宅,鋼筋混凝土造,97年10月29日,五層,五層 陽台 雨遮 見其他登記事項
RPSNMLMKQHPFFAW77DA,12,65.53,集合住宅,鋼筋混凝土造,97年10月29日,五層,五層 陽台 雨遮 見其他登記事項
RPRNMLRJPHPFFAW97DA,20,204.89,住家用,鋼筋混凝土造,89年9月30日,四層,一層 二層 三層 四層 陽台 平台 屋頂突出物 騎樓
RPSNMLMKQHPFFAW77DA,12,8.40,樓梯間,鋼筋混凝土造,97年10月29日,五層,
RPSNMLMKQHPFFAW77DA,12,8.40,樓梯間,鋼筋混凝土造,97年10月29日,五層,
RPRNMLQJQHPFFAW97DA,,49.54,集合住宅,鋼筋混凝土造,109年4月8日,十層,十層 見其他登記事項
RPRNMLQJQHPFFAW97DA,,26.26,店舖、集合住宅、本建物共有部分之項目有車道、排風機房、緊急昇降機、客梯兼無障礙電梯、廢水池、消防幫浦室、蓄水池、甲梯、進風機房、防空避難室兼停車空間、電信機房、乙梯、梯廳、汙物處理室、台電受電室、設備空間、機械室、停車空間、迴轉空間、發電機室、排煙室、消防設備空間、雨遮、陽台、管委會空間等共計２５項。,鋼筋混凝土造,109年4月8日,十層,
RPQOMLRLPHPFFAW18DA,3,59.02,集合住宅,鋼筋混凝土造,106年6月30日,三層,二層 陽台
RPQOMLRLPHPFFAW18DA,3,5.70,共有部分：本共有部分之項目有樓梯間１項。,鋼筋混凝土造,106年6月30日,三層,
RPSNMLQJQHPFFAW08DA,,40.84,集合住宅,鋼筋混凝土造,109年4月8日,十層,十層 見其他登記事項
RPSNMLQJQHPFFAW08DA,,21.85,店舖、集合住宅、本建物共有部分之項目有車道、排風機房、緊急昇降機、客梯兼無障礙電梯、廢水池、消防幫浦室、蓄水池、甲梯、進風機房、防空避難室兼停車空間、電信機房、乙梯、梯廳、汙物處理室、台電受電室、設備空間、機械室、停車空間、迴轉空間、發電機室、排煙室、消防設備空間、雨遮、陽台、管委會空間等共計２５項。,鋼筋混凝土造,109年4月8日,十層,
RPUNMLQJQHPFFAW28DA,,35.96,集合住宅,鋼筋混凝土造,109年4月8日,十層,十層 見其他登記事項
RPUNMLQJQHPFFAW28DA,,19.25,店舖、集合住宅、本建物共有部分之項目有車道、排風機房、緊急昇降機、客梯兼無障礙電梯、廢水池、消防幫浦室、蓄水池、甲梯、進風機房、防空避難室兼停車空間、電信機房、乙梯、梯廳、汙物處理室、台電受電室、設備空間、機械室、停車空間、迴轉空間、發電機室、排煙室、消防設備空間、雨遮、陽台、管委會空間等共計２５項。,鋼筋混凝土造,109年4月8日,十層,
RPTNMLQJQHPFFAW18DA,,39.00,集合住宅,鋼筋混凝土造,109年4月8日,十層,十層 見其他登記事項
RPTNMLQJQHPFFAW18DA,,20.89,店舖、集合住宅、本建物共有部分之項目有車道、排風機房、緊急昇降機、客梯兼無障礙電梯、廢水池、消防幫浦室、蓄水池、甲梯、進風機房、防空避難室兼停車空間、電信機房、乙梯、梯廳、汙物處理室、台電受電室、設備空間、機械室、停車空間、迴轉空間、發電機室、排煙室、消防設備空間、雨遮、陽台、管委會空間等共計２５項。,鋼筋混凝土造,109年4月8日,十層,
RPUOMLSKQHPFFAW68DA,2,78.05,集合住宅,鋼筋混凝土造,107年10月9日,五層,四層 陽台
RPUOMLSKQHPFFAW68DA,2,11.38,共有部分：本共有部分之項目有梯廳及樓梯間等２項。,鋼筋混凝土造,107年10月9日,五層,
RPRNMLTKQHPFFAW48EA,5,80.00,集合住宅,鋼筋混凝土造,104年9月2日,三層,一層 二層 三層 陽台
RPRNMLTKQHPFFAW48EA,5,80.00,集合住宅,鋼筋混凝土造,104年9月2日,三層,一層 二層 三層 陽台
RPQNMLTKQHPFFAW28DA,4,87.18,集合住宅,鋼筋混凝土造,106年1月12日,三層,三層 陽台
RPQNMLTKQHPFFAW28DA,4,9.99,共有部分：本共有部分之項目有乙梯（一至三樓樓梯間）及外廊等２項。,鋼筋混凝土造,106年1月12日,三層,
RPQNMLTKQHPFFAW28DA,4,46.63,共有部分：本共有部分之項目有甲梯（地下室至一樓）、乙梯（地下室至一樓）、防空避難室兼停車空間、水箱室、消防機房、消防水池、發電機房、台電受電室、車道（一樓）、污水暫存池等１０項。,鋼筋混凝土造,106年1月12日,三層,
RPROMLSKQHPFFAW38DA,7,94.20,集合住宅,鋼筋混凝土造,102年11月20日,三層,三層 陽台
RPROMLSKQHPFFAW38DA,7,6.99,共有部分：本共有部分之項目有樓梯間１項,鋼筋混凝土造,102年11月20日,三層,
RPROMLSKQHPFFAW38DA,7,46.09,共有部分：本共有部分之項目計有樓梯間、停車空間、廢水池、消防水池、台電配電室、機房、蓄水池、電信機房等８項,鋼筋混凝土造,102年11月20日,三層,
RPPNMLNKQHPFFAW57DA,3,44.86,集合住宅,鋼筋混凝土造,106年10月30日,三層,一層
RPPNMLNKQHPFFAW57DA,3,5.39,共有部分：本共有部分之項目有樓梯間１項。,鋼筋混凝土造,106年10月30日,三層,
RPSNMLPLQHPFFAW18DA,20,81.51,住家用,鋼骨混凝土造,89年8月21日,十二層,九層 陽台
RPSNMLPLQHPFFAW18DA,20,23.14,樓梯間，屋頂突出物等,鋼骨混凝土造,89年8月21日,十二層,
RPQOMLOJQHPFFAW77DA,,75.18,集合住宅,鋼筋混凝土造,106年1月23日,三層,二層 陽台
RPQOMLOJQHPFFAW77DA,,6.55,共有部分：本共有部分之項目有樓梯間１項。,鋼筋混凝土造,106年1月23日,三層,
RPWNMLRLPHPFFAW68DA,3,76.10,集合住宅,鋼筋混凝土造,106年4月7日,三層,一層
RPWNMLRLPHPFFAW68DA,3,6.52,共有部分：本共有部分之項目有樓梯間１項。,鋼筋混凝土造,106年4月7日,三層,
RPPNMLPJQHPFFAW67DA,,75.98,集合住宅,鋼筋混凝土造,106年1月23日,三層,二層 陽台
RPPNMLPJQHPFFAW67DA,,6.55,共有部分：本共有部分之項目有樓梯間１項。,鋼筋混凝土造,106年1月23日,三層,
RPPNMLOLQHPFFAW77DA,16,81.06,集合住宅,鋼筋混凝土造,93年5月10日,五層,三層 陽台
RPPNMLOLQHPFFAW77DA,16,23.36,公共設施,鋼筋混凝土造,93年5月10日,五層,
RPPNMLOLQHPFFAW77DA,16,22.77,公共設施,鋼筋混凝土造,93年5月10日,五層,
RPXNMLQJQHPFFAW58DA,3,230.76,集合住宅,鋼筋混凝土造,105年10月24日,三層,一層 二層 三層 陽台 屋頂突出物
RPPNMLRLQHPFFAW08DA,,75.93,集合住宅,鋼筋混凝土造,109年7月21日,三層,一層
RPPNMLRLQHPFFAW08DA,,9.15,集合住宅：本共有部分之項目有樓梯間１項。,鋼筋混凝土造,109年7月21日,三層,
RPQNMLKKQHPFFAW37DA,1,194.50,集合住宅,鋼筋混凝土造,108年10月2日,四層,一層 二層 三層 陽台 屋簷 見其他登記事項
RPTNMLRLQHPFFAW58EA,,172.29,住家用,鋼筋混凝土造,109年5月29日,三層,一層 二層 三層 陽台 屋頂突出物
RPRNMLRKQHPFFAW18DA,,95.90,集合住宅,鋼筋混凝土造,107年5月14日,三層,二層 陽台
RPRNMLRKQHPFFAW18DA,,60.39,共有部分：本共有部分之項目計有台電配電場所、配電場所、電表箱空間、電信機房、消防幫浦室、緊急發電機室、水箱、停車空間、污水池、管理室、車道、公共廁所等１２項。,鋼筋混凝土造,107年5月14日,三層,
RPRNMLRKQHPFFAW18DA,,15.04,共有部分：本共有部分之項目計有梯間、梯廳、電梯、安全梯、機房等５項。,鋼筋混凝土造,107年5月14日,三層,
RPRNMLSLQHPFFAW38DA,24,195.41,住家用,鋼筋混凝土加強磚造,85年6月3日,三層,一層 二層 三層
RPPNMLLMQHPFFAW57DA,,101.70,集合住宅,鋼筋混凝土造,109年4月28日,五層,四層 陽台
RPPNMLLMQHPFFAW57DA,,13.43,集合住宅、本共有部分之項目計有樓梯間、水箱等二項。,鋼筋混凝土造,109年4月28日,五層,
RPSNMLSLQHPFFAW48DA,,101.70,集合住宅,鋼筋混凝土造,109年4月28日,五層,三層 陽台
RPSNMLSLQHPFFAW48DA,,13.43,集合住宅、本共有部分之項目計有樓梯間、水箱等二項。,鋼筋混凝土造,109年4月28日,五層,
RPUNMLKLQHPFFAW87DA,7,47.26,集合住宅,鋼筋混凝土造,102年3月19日,七層,六層 陽台
RPUNMLKLQHPFFAW87DA,7,47.26,集合住宅,鋼筋混凝土造,102年3月19日,七層,六層 陽台
RPUNMLKLQHPFFAW87DA,7,9.80,共有部分：本共有部分之項目有梯間、梯廳、電梯間、電梯機房、水箱、蓄水池、發電機室、消防室、台電管道間、電信室、防空避難室等１１項。,鋼筋混凝土造,102年3月19日,七層,
RPUNMLKLQHPFFAW87DA,7,9.80,共有部分：本共有部分之項目有梯間、梯廳、電梯間、電梯機房、水箱、蓄水池、發電機室、消防室、台電管道間、電信室、防空避難室等１１項。,鋼筋混凝土造,102年3月19日,七層,
RPSNMLRKQHPFFAW28DA,1,51.14,集合住宅,鋼筋混凝土造,108年8月5日,三層,一層
RPSNMLRKQHPFFAW28DA,1,4.44,共有部分：本共有部分之項目有梯間一項。,鋼筋混凝土造,108年8月5日,三層,
RPSNMLLMQHPFFAW87DA,,78.22,集合住宅,鋼筋混凝土造,109年6月23日,三層,三層 陽台
RPSNMLLMQHPFFAW87DA,,10.62,集合住宅、本共有部分有樓梯間及水箱等２項。,鋼筋混凝土造,109年6月23日,三層,
RPUNMLLMQHPFFAW08DA,,83.14,集合住宅,鋼筋混凝土造,109年7月16日,四層,三層 陽台
RPUNMLLMQHPFFAW08DA,,14.49,集合住宅、本共有部分之項目計有升降梯間、水箱室、安全梯間等３項。,鋼筋混凝土造,109年7月16日,四層,
RPQNMLSLQHPFFAW28DA,,73.88,集合住宅,鋼筋混凝土造,106年3月3日,三層,二層 陽台
RPQNMLSLQHPFFAW28DA,,52.67,共有部分：本共有部分之項目計有車道、台電機房、發電機室、電信機房、消防水池、消防泵浦室、水箱、停車空間、梯間等９項。,鋼筋混凝土造,106年3月3日,三層,
RPXNMLMJRHPFFAW28DA,3,90.45,集合住宅,鋼筋混凝土造,106年10月3日,三層,二層 陽台
RPXNMLMJRHPFFAW28DA,3,20.06,共有部分：本共有部分之項目有樓梯間、機電設備空間、水箱等３項。,鋼筋混凝土造,106年10月3日,三層,
RPPNMLSLQHPFFAW18DA,3,66.73,集合住宅,鋼筋混凝土造,106年3月3日,三層,一層 陽台
RPPNMLSLQHPFFAW18DA,3,48.60,共有部分：本共有部分之項目計有車道、台電機房、發電機室、電信機房、消防水池、消防泵浦室、水箱、停車空間、梯間等９項。,鋼筋混凝土造,106年3月3日,三層,
RPTNMLLMQHPFFAW97DA,,93.69,集合住宅,鋼筋混凝土造,109年7月16日,四層,三層 陽台
RPTNMLLMQHPFFAW97DA,,14.49,集合住宅、本共有部分之項目計有升降梯間、水箱室、安全梯間等３項。,鋼筋混凝土造,109年7月16日,四層,
RPPOMLSKQHPFFAW18DA,45,140.77,住家用,鋼筋混凝土造,64年8月1日,二層,一層 二層 陽台
RPPNMLQJRHPFFAW87DA,5,89.37,集合住宅,鋼筋混凝土造,104年6月9日,三層,二層 陽台
RPPNMLQJRHPFFAW87DA,5,8.97,共有部分：本共有部分之項目計有樓梯間１項。,鋼筋混凝土造,104年6月9日,三層,
RPSNMLRLQHPFFAW38DA,6,207.79,集村農舍,鋼筋混凝土造,103年10月2日,三層,一層 二層 三層 陽台
RPSNMLOLPHPFFAW97DA,2,185.26,住家用,鋼筋混凝土造,107年3月27日,三層,一層 二層 三層 陽台
RPVNMLMJRHPFFAW08DA,4,63.97,集合住宅,鋼筋混凝土造,105年11月4日,十一層,五層 陽台
RPVNMLMJRHPFFAW08DA,4,22.15,共有部分：本共有部分之項目有蓄水池、停車空間、滯洪池、消防蓄水池、消防機械室、儲藏室、車道、樓梯間、電信室、防空避難室兼停車空間、發電機房、台電配電室、管理室、公共廁所、梯廳、機房、水錶間、水箱、安全梯間、昇降機道、台電通道、機車區、甲梯無障礙樓梯（安全梯）、乙梯（安全梯）、昇降機及無障礙昇降機等２６項。,鋼筋混凝土造,105年11月4日,十一層,
