﻿鄉鎮市區,交易標的,土地位置建物門牌,土地移轉總面積平方公尺,都市土地使用分區,非都市土地使用分區,非都市土地使用編定,交易年月日,交易筆棟數,移轉層次,總樓層數,建物型態,主要用途,主要建材,建築完成年月,建物移轉總面積平方公尺,建物現況格局-房,建物現況格局-廳,建物現況格局-衛,建物現況格局-隔間,有無管理組織,總價元,單價元平方公尺,車位類別,車位移轉總面積(平方公尺),車位總價元,備註,編號,主建物面積,附屬建物面積,陽台面積,電梯,移轉編號
The villages and towns urban district,transaction sign,land sector position building sector house number plate,land shifting total area square meter,the use zoning or compiles and checks,the non-metropolis land use district,non-metropolis land use,transaction year month and day,transaction pen number,shifting level,total floor number,building state,main use,main building materials,construction to complete the years,building shifting total area,Building present situation pattern - room,building present situation pattern - hall,building present situation pattern - health,building present situation pattern - compartmented,Whether there is manages the organization,total price NTD,the unit price (NTD / square meter),the berth category,berth shifting total area square meter,the berth total price NTD,the note,serial number,,,,,
馬公市,房地(土地+建物),澎湖縣馬公市光復路６８之３號,40.0,住,,,1090410,土地2建物2車位0,四層,五層,公寓(5樓含以下無電梯),集合住宅,鋼筋混凝土造,0730629,82.11,3,2,3,有,有,4300000,52369,,0.0,0,,RPPNMLSKNHPFFAX77CA,82.11,0.0,0.0,,
馬公市,土地,東澳段1084地號,394.21,住,,,1090429,土地1建物0車位0,,,其他,,,,0.0,0,0,0,有,無,19000000,48198,,0.0,0,,RPVNMLSKNHPFFAX38CA,0.0,0.0,0.0,,
湖西鄉,土地,湖東新段1552地號,748.12,,一般農業區,農牧用地,1090505,土地1建物0車位0,,,其他,,,,0.0,0,0,0,有,無,333092,445,,0.0,0,,RPRNMLNKNHPFFAX57DA,0.0,0.0,0.0,,
湖西鄉,土地,湖東新段1551地號,37.96,,一般農業區,交通用地,1090505,土地1建物0車位0,,,其他,,,,0.0,0,0,0,有,無,16908,445,,0.0,0,,RPSNMLNKNHPFFAX67DA,0.0,0.0,0.0,,
馬公市,建物,澎湖縣馬公市中山路33之34號,0.0,,,,1090318,土地0建物1車位0,全,二層,透天厝,商業用,鋼筋加強磚造,0610831,22.12,2,1,1,有,無,60000,2712,,0.0,0,,RPRNMLSKNHPFFAX08DA,22.12,0.0,0.0,,
湖西鄉,土地,南寮北段1641地號,195.42,,一般農業區,農牧用地,1081210,土地1建物0車位0,,,其他,,,,0.0,0,0,0,有,無,306500,1568,,0.0,0,向政府機關承購之案件。；逾期未辦理繼承土地,RPRNMLOJOHPFFAX67DA,0.0,0.0,0.0,,
馬公市,土地,馬公段1758-5地號,6.0,住,,,1090324,土地1建物0車位0,,,其他,,,,0.0,0,0,0,有,無,381840,63640,,0.0,0,向政府機關承購之案件。；,RPVNMLRLNHPFFAX48DA,0.0,0.0,0.0,,
馬公市,房地(土地+建物),澎湖縣馬公市文前街６８號,123.88,住,,,1090328,土地1建物1車位0,全,四層,透天厝,住家用,鋼筋混凝土造,1071217,299.14,6,2,7,有,無,21600000,72207,,0.0,0,,RPQNMLOKNHPFFAX47CA,279.3,19.84,0.0,,
西嶼鄉,土地,池東段675地號,106.8,,鄉村區,乙種建築用地,1090416,土地1建物0車位0,,,其他,,,,0.0,0,0,0,有,無,484500,4537,,0.0,0,,RPSNMLOKNHPFFAX67CA,0.0,0.0,0.0,,
湖西鄉,房地(土地+建物),澎湖縣湖西鄉港底１之４６號,176.21,,一般農業區,甲種建築用地,1090427,土地2建物1車位0,全,三層,透天厝,住家用,鋼筋混凝土造,0890822,187.03,4,2,3,有,無,3150000,16842,,0.0,0,,RPPNMLPKNHPFFAX47CA,179.35,7.68,0.0,,
湖西鄉,土地,城北段371地號,938.82,,一般農業區,殯葬用地,1090505,土地2建物0車位0,,,其他,,,,0.0,0,0,0,有,無,1130000,1204,,0.0,0,,RPQNMLPKNHPFFAX57CA,0.0,0.0,0.0,,
馬公市,房地(土地+建物),澎湖縣馬公市鎖港五路６號,99.15,住,,,1090305,土地1建物1車位0,全,三層,透天厝,住家用,鋼筋混凝土造,1090207,234.81,4,3,5,有,無,10000000,42588,,0.0,0,,RPRNMLOKNHPFFAX57CA,214.02,20.79,0.0,,
馬公市,土地,四維段934地號,20.04,,鄉村區,乙種建築用地,1081112,土地1建物0車位0,,,其他,,,,0.0,0,0,0,有,無,294705,14706,,0.0,0,標售逾期未辦理繼承登記不動產,RPPNMLKLNHPFFAX07CA,0.0,0.0,0.0,,
馬公市,房地(土地+建物),澎湖縣馬公市五福路１３８巷１６７號,219.82,,一般農業區,甲種建築用地,1090501,土地2建物1車位0,全,三層,透天厝,住家用,鋼筋混凝土造,1090302,243.54,5,3,5,有,無,10200000,41882,,0.0,0,,RPQNMLKLNHPFFAX17CA,226.84,16.7,0.0,,
馬公市,土地,文東段462地號,59.12,,一般農業區,農牧用地,1090324,土地1建物0車位0,,,其他,,,,0.0,0,0,0,有,無,168000,2842,,0.0,0,標售逾期未辦理繼承登記不動產,RPPNMLTKNHPFFAX87CA,0.0,0.0,0.0,,
馬公市,土地,文東段94地號,893.71,,一般農業區,農牧用地,1090506,土地1建物0車位0,,,其他,,,,0.0,0,0,0,有,無,9460000,10585,,0.0,0,,RPSNMLTKNHPFFAX18CA,0.0,0.0,0.0,,
湖西鄉,土地,許家段788地號,517.89,,一般農業區,農牧用地,1090422,土地1建物0車位0,,,其他,,,,0.0,0,0,0,有,無,26580000,51324,,0.0,0,權利人3人  含未來興建房屋之費用,RPUNMLKLNHPFFAX57CA,0.0,0.0,0.0,,
馬公市,土地,安宅段1262地號,218.01,,鄉村區,乙種建築用地,1090507,土地1建物0車位0,,,其他,,,,0.0,0,0,0,有,無,3060000,14036,,0.0,0,,RPUNMLSKNHPFFAX28CA,0.0,0.0,0.0,,
馬公市,土地,五德西段98-4地號,1045.53,,一般農業區,農牧用地,1090501,土地2建物0車位0,,,其他,,,,0.0,0,0,0,有,無,17380000,16623,,0.0,0,權利人數4人  含未來興建房屋之費用,RPSNMLKLNHPFFAX37CA,0.0,0.0,0.0,,
馬公市,土地,五德西段98地號,490.16,,一般農業區,農牧用地,1090501,土地1建物0車位0,,,其他,,,,0.0,0,0,0,有,無,8610000,17566,,0.0,0,權利人2人  含未來興建房屋之費用,RPTNMLKLNHPFFAX47CA,0.0,0.0,0.0,,
馬公市,房地(土地+建物),澎湖縣馬公市鎖管港３６９號,84.01,住,,,1090501,土地1建物1車位0,全,三層,透天厝,住家用,鋼筋混凝土造,0840522,153.77,5,1,3,有,無,4200000,27314,,0.0,0,,RPXNMLSKNHPFFAX58CA,141.63,12.14,0.0,,
馬公市,土地,馬公段270-14地號,45.0,商,,,1090417,土地1建物0車位0,,,其他,,,,0.0,0,0,0,有,無,5528250,122850,,0.0,0,,RPQNMLSKNHPFFAX87CA,0.0,0.0,0.0,,
馬公市,房地(土地+建物),澎湖縣馬公市惠民新村２０號,59.49,住,,,1090226,土地3建物1車位0,全,二層,透天厝,住家用,鋼筋混凝土加強空心磚造,0571001,51.12,2,1,1,有,無,1200000,23474,,0.0,0,親友、員工或其他特殊關係間之交易。；買受人負擔土地增值稅149200元,RPTNMLSKNHPFFAX18CA,51.12,0.0,0.0,,
馬公市,房地(土地+建物),澎湖縣馬公市後窟潭４之１號,80.37,,鄉村區,乙種建築用地,1090422,土地1建物1車位0,全,四層,透天厝,住家用,鋼筋混凝土造,0820619,177.13,4,2,4,有,無,5300000,29922,,0.0,0,,RPWNMLKLNHPFFAX77CA,177.13,0.0,0.0,,
馬公市,房地(土地+建物),澎湖縣馬公市光榮街７６號,120.51,住,,,1090412,土地1建物1車位0,全,三層,透天厝,住家用,鋼筋混凝土造,0950926,244.56,4,2,5,有,無,13800000,56428,,0.0,0,,RPWNMLTKNHPFFAX58CA,227.44,0.0,17.12,,
馬公市,土地,鎖港西段299地號,1233.01,住,,,1090417,土地1建物0車位0,,,其他,,,,0.0,0,0,0,有,無,20513350,16637,,0.0,0,含未登記房屋乙棟,RPOOMLKLNHPFFAX07CA,0.0,0.0,0.0,,
湖西鄉,土地,沙港南段924地號,2501.2,,一般農業區,農牧用地,1090501,土地1建物0車位0,,,其他,,,,0.0,0,0,0,有,無,9080000,3630,,0.0,0,,RPTNMLQLNHPFFAX08CA,0.0,0.0,0.0,,
馬公市,房地(土地+建物),澎湖縣馬公市石泉１之２６２號,64.25,,一般農業區,甲種建築用地,1090330,土地1建物1車位0,全,二層,透天厝,住家用,鋼筋混凝土加強磚造,0791201,82.4,3,2,2,有,無,3600000,43689,,0.0,0,,RPPNMLLLNHPFFAX17CA,82.4,0.0,0.0,,
馬公市,土地,光榮段384-1地號,2.62,非都市： ; 非都市編定：,,,1090508,土地1建物0車位0,,,其他,,,,0.0,0,0,0,有,無,143052,54600,,0.0,0,公5公6辦理協議價購,RPQNMLPLNHPFFAX67CA,0.0,0.0,0.0,,
馬公市,土地,文東段1202地號,3172.0,,一般農業區,農牧用地,1090504,土地1建物0車位0,,,其他,,,,0.0,0,0,0,有,無,30000000,9458,,0.0,0,,RPXNMLKLNHPFFAX87CA,0.0,0.0,0.0,,
馬公市,土地,西澳段156-3地號,148.91,住,,,1090414,土地1建物0車位0,,,其他,,,,0.0,0,0,0,有,無,8680000,58290,,0.0,0,買清賣方負擔全部稅金規費,RPQNMLNJOHPFFAX37CA,0.0,0.0,0.0,,
白沙鄉,土地,鎮海新段297地號,110.28,,一般農業區,農牧用地,1090501,土地1建物0車位0,,,其他,,,,0.0,0,0,0,有,無,154392,1400,,0.0,0,親友、員工或其他特殊關係間之交易。；,RPPNMLTJOHPFFAX87CA,0.0,0.0,0.0,,
馬公市,土地,北極段52-1地號,91.94,住,,,1090506,土地1建物0車位0,,,其他,,,,0.0,0,0,0,有,無,2785000,30291,,0.0,0,,RPQNMLLLNHPFFAX27CA,0.0,0.0,0.0,,
西嶼鄉,土地,池東段599地號,306.2,,鄉村區,乙種建築用地,1081120,土地2建物0車位0,,,其他,,,,0.0,0,0,0,有,無,370000,1208,,0.0,0,土地法34-1之買賣案件,RPQNMLMLNHPFFAX37CA,0.0,0.0,0.0,,
馬公市,土地,四維段1106-1地號,146.21,,一般農業區,農牧用地,1090512,土地1建物0車位0,,,其他,,,,0.0,0,0,0,有,無,2899344,19830,,0.0,0,,RPPNMLPLNHPFFAX57CA,0.0,0.0,0.0,,
馬公市,房地(土地+建物),澎湖縣馬公市光復路４４５巷２１號,65.97,,鄉村區,乙種建築用地,1090417,土地1建物1車位0,全,三層,透天厝,住家用,鋼筋混凝土加強磚造,0691001,92.2,3,1,2,有,無,2500000,27115,,0.0,0,,RPUNMLPLNHPFFAX08CA,92.2,0.0,0.0,,
馬公市,土地,東衛段1692-1地號,62.72,,一般農業區,水利用地,1090511,土地1建物0車位0,,,其他,,,,0.0,0,0,0,有,無,811597,12940,,0.0,0,向政府機關承購之案件。；,RPPNMLMLNHPFFAX37DA,0.0,0.0,0.0,,
馬公市,土地,馬公段2370地號,55.0,非都市： ; 非都市編定：,,,1080220,土地1建物0車位0,,,其他,,,,0.0,0,0,0,有,無,5800000,105455,,0.0,0,,RPTNMLPLNHPFFAX97CA,0.0,0.0,0.0,,
馬公市,房地(土地+建物),澎湖縣馬公市光復路１２８巷３號,71.02,住,,,1090410,土地1建物1車位0,全,二層,透天厝,住家用,鋼筋混凝土加強磚造,0650430,77.52,5,1,1,有,無,4300000,55470,,0.0,0,,RPQNMLRLNHPFFAX87CA,77.52,0.0,0.0,,
馬公市,土地,山水西段61地號,927.57,,一般農業區,農牧用地,1090508,土地1建物0車位0,,,其他,,,,0.0,0,0,0,有,無,18180000,19600,,0.0,0,權利人共三人含未來房屋興建價款,RPSNMLMKOHPFFAX57CA,0.0,0.0,0.0,,
馬公市,房地(土地+建物),澎湖縣馬公市東衛７３之１號,351.25,,鄉村區,乙種建築用地,1090514,土地6建物1車位0,全,三層,透天厝,住家用,鐵筋加強造,0560710,96.71,4,2,3,有,無,1800000,18612,,0.0,0,,RPRNMLQLNHPFFAX87CA,96.71,0.0,0.0,,
馬公市,土地,安宅段101-14地號,238.38,,一般農業區,甲種建築用地,1090328,土地2建物0車位0,,,其他,,,,0.0,0,0,0,有,無,13500000,56632,,0.0,0,農變建專案核准變更起造人交易總價包括未興建房屋建築費用。,RPUNMLQKOHPFFAX18CA,0.0,0.0,0.0,,
馬公市,土地,興崁段1175-4地號,2216.33,,一般農業區,農牧用地,1090318,土地2建物0車位0,,,其他,,,,0.0,0,0,0,有,無,14420000,6506,,0.0,0,農變建專案核准興建住宅權利人8人,RPPNMLLLOHPFFAX27CA,0.0,0.0,0.0,,
馬公市,土地,光榮段244地號,1462.97,住,,,1090515,土地1建物0車位0,,,其他,,,,0.0,0,0,0,有,無,92925000,63518,,0.0,0,,RPRNMLRLNHPFFAX97CA,0.0,0.0,0.0,,
馬公市,房地(土地+建物),澎湖縣馬公市三多路４５５號,6.61,住,,,1090424,土地1建物1車位0,一層,七層,華廈(10層含以下有電梯),住商用,鋼筋混凝土造,0860710,40.38,1,1,1,有,無,1760000,43586,,0.0,0,,RPUNMLRLNHPFFAX28CA,23.7,5.6,0.0,,
馬公市,房地(土地+建物),澎湖縣馬公市文學路３９２巷１號,59.12,住,,,1090413,土地2建物1車位0,全,四層,透天厝,住家用,鋼筋混凝土加強磚造,0810613,98.72,4,1,2,有,無,3000000,30389,,0.0,0,,RPQNMLTLNHPFFAX08CA,96.52,2.2,0.0,,
西嶼鄉,土地,大池段586地號,548.03,,一般農業區,農牧用地,1090514,土地1建物0車位0,,,其他,,,,0.0,0,0,0,有,無,800000,1460,,0.0,0,,RPQNMLQLNHPFFAX77CA,0.0,0.0,0.0,,
馬公市,土地,井垵西段1518地號,439.03,,一般農業區,農牧用地,1081108,土地2建物0車位0,,,其他,,,,0.0,0,0,0,有,無,1800000,4100,,0.0,0,親友、員工或其他特殊關係間之交易。；,RPPNMLLJOHPFFAX07CA,0.0,0.0,0.0,,
馬公市,土地,興崁段1175-4地號,365.93,,一般農業區,交通用地,1090318,土地1建物0車位0,,,其他,,,,0.0,0,0,0,有,無,2160000,5903,,0.0,0,農變建專案核准交通用地。權利人共12人。,RPQNMLLLOHPFFAX37CA,0.0,0.0,0.0,,
馬公市,房地(土地+建物),澎湖縣馬公市朝陽路148巷5號,66.79,農,,,1090429,土地2建物1車位0,全,二層,透天厝,住家用,鋼筋混凝土加強磚造,0660114,37.83,2,2,1,有,無,1700000,44938,,0.0,0,親友、員工或其他特殊關係間之交易。；,RPTNMLRLNHPFFAX28DA,37.83,0.0,0.0,,
馬公市,土地,國宅段479地號,98.28,住,,,1090515,土地1建物0車位0,,,其他,,,,0.0,0,0,0,有,無,1980000,20147,,0.0,0,,RPPNMLSLNHPFFAX87CA,0.0,0.0,0.0,,
馬公市,房地(土地+建物),澎湖縣馬公市五福路１３８巷８９號,126.43,,一般農業區,甲種建築用地,1090519,土地1建物1車位0,全,三層,透天厝,住宅，佛堂,鋼筋混凝土造,0880712,161.77,2,1,2,有,無,7000000,43271,,0.0,0,,RPRNMLSLPHPFFAX28CA,151.65,10.12,0.0,,
馬公市,土地,光榮段244-1地號,258.23,住,,,1090518,土地1建物0車位0,,,其他,,,,0.0,0,0,0,有,無,17960000,69550,,0.0,0,,RPQNMLMJOHPFFAX27CA,0.0,0.0,0.0,,
馬公市,土地,北極段1267-1地號,86.02,住,,,1090515,土地1建物0車位0,,,其他,,,,0.0,0,0,0,有,無,1560000,18135,,0.0,0,,RPVNMLSKOHPFFAX48CA,0.0,0.0,0.0,,
馬公市,土地,興仁段1123地號,172.02,,一般農業區,農牧用地,1090520,土地2建物0車位0,,,其他,,,,0.0,0,0,0,有,無,412200,2396,,0.0,0,,RPRNMLLJOHPFFAX37DA,0.0,0.0,0.0,,
馬公市,土地,興仁段1123地號,301.04,,一般農業區,農牧用地,1090520,土地2建物0車位0,,,其他,,,,0.0,0,0,0,有,無,688800,2288,,0.0,0,,RPSNMLLJOHPFFAX47DA,0.0,0.0,0.0,,
馬公市,土地,興仁段1123地號,86.01,,一般農業區,農牧用地,1090520,土地2建物0車位0,,,其他,,,,0.0,0,0,0,有,無,222000,2581,,0.0,0,,RPTNMLLJOHPFFAX57DA,0.0,0.0,0.0,,
馬公市,土地,文寮段347地號,324.75,,一般農業區,農牧用地,1081001,土地1建物0車位0,,,其他,,,,0.0,0,0,0,有,無,4600000,14165,,0.0,0,農變建專案核准興建住宅。權利人2人。,RPRNMLLLOHPFFAX47CA,0.0,0.0,0.0,,
白沙鄉,土地,中屯新段1425地號,738.22,,鄉村區,乙種建築用地,1090427,土地2建物0車位0,,,其他,,,,0.0,0,0,0,有,無,1800000,2438,,0.0,0,親友、員工或其他特殊關係間之交易。；,RPRNMLPKOHPFFAX77CA,0.0,0.0,0.0,,
馬公市,房地(土地+建物),澎湖縣馬公市文山路２７巷１號六樓之一,26.15,住,,,1090513,土地2建物1車位0,六層,八層,華廈(10層含以下有電梯),住家用,鋼筋混凝土造,0860628,139.41,3,2,2,有,無,4100000,29410,,0.0,0,,RPTNMLMJOHPFFAX57CA,92.05,0.0,7.83,,
湖西鄉,土地,鼎灣新段1458地號,170.14,,一般農業區,甲種建築用地,1090507,土地1建物0車位0,,,其他,,,,0.0,0,0,0,有,無,6450000,37910,,0.0,0,農變建移轉土地 含興建中建物之成本共645萬,RPUNMLMJOHPFFAX67CA,0.0,0.0,0.0,,
馬公市,建物,澎湖縣馬公市六合路２１巷１０號,0.0,,,,1090513,土地0建物1車位0,全,二層,透天厝,住家用,鋼筋混凝土加強磚造,0771123,126.54,4,3,2,有,無,300000,2371,,0.0,0,,RPPNMLNJOHPFFAX27CA,126.54,0.0,0.0,,
馬公市,土地,海堤段230地號,538.78,住,,,1090523,土地3建物0車位0,,,其他,,,,0.0,0,0,0,有,無,9000000,16704,,0.0,0,,RPQNMLOJOHPFFAX47CA,0.0,0.0,0.0,,
白沙鄉,土地,港子段1694地號,1100.0,,一般農業區,農牧用地,1090506,土地1建物0車位0,,,其他,,,,0.0,0,0,0,有,無,616600,561,,0.0,0,向政府機關承購之案件。；,RPTNMLTJOHPFFAX28CA,0.0,0.0,0.0,,
馬公市,土地,北澳段480地號,636.07,,一般農業區,農牧用地,1090526,土地2建物0車位0,,,其他,,,,0.0,0,0,0,有,無,12000000,18866,,0.0,0,,RPRNMLMKOHPFFAX47CA,0.0,0.0,0.0,,
七美鄉,土地,大嶼段4135地號,675.5,,一般農業區,農牧用地,1090426,土地1建物0車位0,,,其他,,,,0.0,0,0,0,有,無,650000,962,,0.0,0,親友、員工或其他特殊關係間之交易。；,RPUNMLMKOHPFFAX87DA,0.0,0.0,0.0,,
馬公市,房地(土地+建物),澎湖縣馬公市文林街55號,74.31,住,,,1090518,土地1建物1車位0,全,二層,透天厝,住家用,鋼筋混凝土加強磚造,0690320,87.96,3,2,1,有,無,5500000,62528,,0.0,0,,RPQNMLPKOHPFFAX77DA,87.96,0.0,0.0,,
馬公市,房地(土地+建物),澎湖縣馬公市六合路４７號,51.04,住,,,1090515,土地5建物1車位0,全,五層,透天厝,住家用,鋼筋混凝土造,0801220,151.68,4,2,2,有,無,15000000,98892,,0.0,0,,RPSNMLOJOHPFFAX67CA,137.56,0.0,0.0,,
馬公市,土地,四維段1107-1地號,1300.79,,一般農業區,特定目的事業用地,1090526,土地3建物0車位0,,,其他,,,,0.0,0,0,0,有,無,19499344,14990,,0.0,0,,RPQNMLPJOHPFFAX57CA,0.0,0.0,0.0,,
馬公市,房地(土地+建物),澎湖縣馬公市朝陽路１８９巷６號,80.72,住,,,1090413,土地1建物1車位0,全,二層,透天厝,住家用,鋼筋混凝土加強磚造,0670802,83.3,4,2,2,有,無,6200000,74430,,0.0,0,,RPRNMLPJOHPFFAX67CA,83.3,0.0,0.0,,
西嶼鄉,土地,外垵一段124地號,480.29,,一般農業區,農牧用地,1090505,土地1建物0車位0,,,其他,,,,0.0,0,0,0,有,無,3340000,6954,,0.0,0,,RPPNMLSJOHPFFAX77CA,0.0,0.0,0.0,,
馬公市,土地,光榮段349地號,54.11,非都市： ; 非都市編定：,,,1090428,土地1建物0車位0,,,其他,,,,0.0,0,0,0,有,無,2954405,54600,,0.0,0,公5公6辦理協議價購,RPQNMLTJOHPFFAX97CA,0.0,0.0,0.0,,
馬公市,土地,光榮段350地號,57.25,非都市： ; 非都市編定：,,,1090505,土地1建物0車位0,,,其他,,,,0.0,0,0,0,有,無,3125848,54600,,0.0,0,公5公6辦理協議價購,RPRNMLTJOHPFFAX08CA,0.0,0.0,0.0,,
馬公市,房地(土地+建物),澎湖縣馬公市前寮５３之５號,100.38,,鄉村區,乙種建築用地,1090415,土地1建物1車位0,全,四層,透天厝,住家用,鋼筋混凝土造,0841009,183.71,4,1,3,有,無,5000000,27217,,0.0,0,,RPSNMLTJOHPFFAX18CA,175.03,8.68,0.0,,
馬公市,房地(土地+建物),澎湖縣馬公市東衛７１之１３號,258.26,,一般農業區,甲種建築用地,1090515,土地2建物1車位0,全,二層,透天厝,住家用,鋼筋混凝土造,0970414,226.78,4,2,5,有,無,8920000,39333,,0.0,0,,RPUNMLTJOHPFFAX38CA,218.3,0.0,8.48,,
馬公市,土地,馬公段1879-1地號,13.0,住,,,1090525,土地1建物0車位0,,,其他,,,,0.0,0,0,0,有,無,1250860,96220,,0.0,0,向政府機關承購之案件。；,RPPNMLMKOHPFFAX27CA,0.0,0.0,0.0,,
馬公市,房地(土地+建物),澎湖縣馬公市民富街２０巷１３號,114.06,住,,,1090226,土地1建物1車位0,全,四層,透天厝,住家用,鋼筋混凝土造,1081030,293.81,4,3,6,有,無,21500000,73177,,0.0,0,親友、員工或其他特殊關係間之交易。；,RPPNMLRLOHPFFAX87CA,268.54,25.27,0.0,,
馬公市,土地,南澳段104地號,847.98,商,,,1090522,土地2建物0車位0,,,其他,,,,0.0,0,0,0,有,無,58880000,69436,,0.0,0,受債權債務影響或債務抵償之交易。；因債權債務關係所有權返還以買賣移轉案件登記無訂立買賣私契亦無價金支付以102/11澎湖縣政府標售價為本案土地交易總價,RPPOMLQJPHPFFAX77CA,0.0,0.0,0.0,,
馬公市,房地(土地+建物),澎湖縣馬公市文山路３６巷２１號,72.89,住,,,1090226,土地1建物1車位0,全,四層,透天厝,住家用,鋼筋混凝土造,1081030,285.33,4,3,6,有,無,17140000,60071,,0.0,0,,RPQNMLRLOHPFFAX97CA,262.56,22.77,0.0,,
望安鄉,房地(土地+建物),澎湖縣望安鄉東安村６５號,281.0,,鄉村區,乙種建築用地,1090520,土地2建物1車位0,全,一層,透天厝,住家用,造,,124.7,4,2,1,有,無,2000000,16038,,0.0,0,,RPQNMLTKOHPFFAX08CA,124.7,0.0,0.0,,
馬公市,土地,五福段873地號,834.3,,一般農業區,農牧用地,1090520,土地1建物0車位0,,,其他,,,,0.0,0,0,0,有,無,37340000,44756,,0.0,0,權利人數4人，含未來興建房屋之費用,RPUNMLMLOHPFFAX87CA,0.0,0.0,0.0,,
馬公市,土地,光榮段282地號,33.01,非都市： ; 非都市編定：,,,1090604,土地1建物0車位0,,,其他,,,,0.0,0,0,0,有,無,1802346,54600,,0.0,0,公5公6辦理協議價購,RPQNMLMKOHPFFAX37CA,0.0,0.0,0.0,,
白沙鄉,土地,下瓦硐段770地號,385.13,,一般農業區,農牧用地,1090425,土地2建物0車位0,,,其他,,,,0.0,0,0,0,有,無,1200000,3116,,0.0,0,,RPRNMLRKOHPFFAX97CA,0.0,0.0,0.0,,
馬公市,房地(土地+建物),澎湖縣馬公市北辰街１５號，新村路373號,33.89,住,,,1090527,土地2建物2車位0,四層,五層,公寓(5樓含以下無電梯),集合住宅,鋼筋混凝土造,0730629,89.09,3,1,2,有,無,2660000,29857,,0.0,0,,RPPNMLQKOHPFFAX67CA,89.09,0.0,0.0,,
湖西鄉,房地(土地+建物),澎湖縣湖西鄉港子尾４５號,653.08,,一般農業區,甲種建築用地,1090516,土地2建物1車位0,全,一層,透天厝,住家用,造,,86.4,3,2,1,有,無,11256807,130287,,0.0,0,含增建或未登記建物。；,RPTNMLQKOHPFFAX08CA,65.47,20.93,0.0,,
馬公市,房地(土地+建物),澎湖縣馬公市中華路３４之３號,111.0,商,,,1090525,土地1建物1車位0,全,二層,透天厝,住商用,鋼筋混凝土加強磚造,0641023,125.0,8,1,5,有,無,17000000,136000,,0.0,0,增建3層59.20㎡4層35.25㎡,RPPNMLRKOHPFFAX77CA,125.0,0.0,0.0,,
馬公市,土地,興崁段575-4地號,196.99,,一般農業區,甲種建築用地,1090521,土地2建物0車位0,,,其他,,,,0.0,0,0,0,有,無,1820000,9239,,0.0,0,農變建專案核准變更起造人,RPWNMLSKOHPFFAX58CA,0.0,0.0,0.0,,
馬公市,房地(土地+建物),澎湖縣馬公市三多路184巷11號,59.14,住,,,1090601,土地1建物1車位0,全,二層,透天厝,住家用,鋼筋混凝土加強磚造,0690806,71.2,3,2,1,有,無,4610000,64747,,0.0,0,,RPVNMLQKOHPFFAX38DA,71.2,0.0,0.0,,
湖西鄉,土地,城北段1087地號,365.52,,一般農業區,農牧用地,1090610,土地3建物0車位0,,,其他,,,,0.0,0,0,0,有,無,2900000,7934,,0.0,0,,RPPNMLOKPHPFFAX57CA,0.0,0.0,0.0,,
湖西鄉,土地,鼎灣新段788地號,1058.28,,一般農業區,農牧用地,1090522,土地1建物0車位0,,,其他,,,,0.0,0,0,0,有,無,5760000,5443,,0.0,0,土地增值稅由買方負擔。,RPUNMLSKOHPFFAX38CA,0.0,0.0,0.0,,
馬公市,土地,案山段1地號,330.58,住,,,1090515,土地1建物0車位0,,,其他,,,,0.0,0,0,0,有,無,38500000,116462,,0.0,0,,RPQNMLRKOHPFFAX87CA,0.0,0.0,0.0,,
馬公市,土地,興仁段479地號,390.61,,鄉村區,乙種建築用地,1090413,土地1建物0車位0,,,其他,,,,0.0,0,0,0,有,無,2748200,7036,,0.0,0,,RPPNMLSKOHPFFAX87CA,0.0,0.0,0.0,,
馬公市,土地,烏崁新段76地號,1452.23,,一般農業區,農牧用地,1090601,土地2建物0車位0,,,其他,,,,0.0,0,0,0,有,無,2900000,1997,,0.0,0,,RPQNMLSKOHPFFAX97CA,0.0,0.0,0.0,,
馬公市,土地,興仁段651地號,768.08,,一般農業區,農牧用地,1090615,土地1建物0車位0,,,其他,,,,0.0,0,0,0,有,無,2834343,3690,,0.0,0,,RPRNMLSKOHPFFAX08CA,0.0,0.0,0.0,,
白沙鄉,土地,後寮西段57地號,260.0,,一般農業區,甲種建築用地,1090506,土地1建物0車位0,,,其他,,,,0.0,0,0,0,有,無,1086000,4177,,0.0,0,親友、員工或其他特殊關係間之交易。；,RPRNMLOLOHPFFAX77CA,0.0,0.0,0.0,,
白沙鄉,土地,中屯新段844地號,388.42,,一般農業區,農牧用地,1090528,土地1建物0車位0,,,其他,,,,0.0,0,0,0,有,無,735168,1893,,0.0,0,向政府機關承購之案件。；,RPOOMLMLOHPFFAX37CA,0.0,0.0,0.0,,
西嶼鄉,土地,二崁北段986地號,499.84,農,,,1090617,土地1建物0車位0,,,其他,,,,0.0,0,0,0,有,無,1666686,3334,,0.0,0,代為標售地籍清理土地,RPSNMLSKOHPFFAX28DA,0.0,0.0,0.0,,
西嶼鄉,土地,池東段1342地號,572.76,,一般農業區,農牧用地,1090617,土地1建物0車位0,,,其他,,,,0.0,0,0,0,有,無,733600,1281,,0.0,0,代為標售地籍清理土地,RPTNMLSKOHPFFAX38DA,0.0,0.0,0.0,,
馬公市,土地,東衛段1681地號,233.71,,一般農業區,農牧用地,1090616,土地1建物0車位0,,,其他,,,,0.0,0,0,0,有,無,1651681,7067,,0.0,0,代為標售地籍清理土地,RPPNMLTKOHPFFAX08DA,0.0,0.0,0.0,,
西嶼鄉,土地,竹灣段45地號,430.64,,一般農業區,農牧用地,1090616,土地1建物0車位0,,,其他,,,,0.0,0,0,0,有,無,690000,1602,,0.0,0,代為標售地籍清理土地,RPRNMLTKOHPFFAX28DA,0.0,0.0,0.0,,
馬公市,土地,四維段1483地號,795.55,,一般農業區,農牧用地,1090505,土地1建物0車位0,,,其他,,,,0.0,0,0,0,有,無,5210000,6549,,0.0,0,國有財產署標售逾期未辦理繼承登記之案件,RPSNMLKLOHPFFAX57DA,0.0,0.0,0.0,,
馬公市,土地,興仁段368地號,88.41,,一般農業區,農牧用地,1090407,土地1建物0車位0,,,其他,,,,0.0,0,0,0,有,無,451688,5109,,0.0,0,澎湖縣政府代為標售地籍清理土地,RPRNMLTLOHPFFAX38DA,0.0,0.0,0.0,,
馬公市,房地(土地+建物),澎湖縣馬公市珠江１５１之４８號,133.37,,一般農業區,甲種建築用地,1090508,土地1建物1車位0,全,三層,透天厝,住家用,鋼筋混凝土造,0890506,178.89,7,1,4,有,無,5100000,28509,,0.0,0,,RPXNMLMLOHPFFAX18CA,170.26,8.63,0.0,,
湖西鄉,土地,城北段1087地號,1537.7,,一般農業區,農牧用地,1090529,土地3建物0車位0,,,其他,,,,0.0,0,0,0,有,無,41900000,27248,,0.0,0,權利人數6人  含未來興建房屋之費用,RPXNMLOLOHPFFAX38CA,0.0,0.0,0.0,,
湖西鄉,土地,尖山中段1245地號,1241.05,,一般農業區,農牧用地,1090610,土地1建物0車位0,,,其他,,,,0.0,0,0,0,有,無,1780000,1434,,0.0,0,,RPSNMLMLOHPFFAX67CA,0.0,0.0,0.0,,
馬公市,土地,光榮段156地號,415.5,非都市： ; 非都市編定：,,,1090505,土地1建物0車位0,,,其他,,,,0.0,0,0,0,有,無,22686297,54600,,0.0,0,公5公6辦理協議價購,RPUNMLOLOHPFFAX08CA,0.0,0.0,0.0,,
馬公市,土地,五福段709地號,1938.17,,一般農業區,農牧用地,1090605,土地1建物0車位0,,,其他,,,,0.0,0,0,0,有,無,94167000,48586,,0.0,0,權利人數10人  含未來興建房屋之費用,RPWNMLOLOHPFFAX28CA,0.0,0.0,0.0,,
七美鄉,土地,大嶼段3961地號,259.5,,一般農業區,農牧用地,1090407,土地1建物0車位0,,,其他,,,,0.0,0,0,0,有,無,766000,2952,,0.0,0,,RPPNMLNLOHPFFAX47CA,0.0,0.0,0.0,,
湖西鄉,土地,葉新段857地號,204.08,,鄉村區,乙種建築用地,1090407,土地1建物0車位0,,,其他,,,,0.0,0,0,0,有,無,1551000,7600,,0.0,0,,RPQNMLNLOHPFFAX57CA,0.0,0.0,0.0,,
湖西鄉,土地,白坑段79地號,421.11,,一般農業區,農牧用地,1090608,土地1建物0車位0,,,其他,,,,0.0,0,0,0,有,無,660000,1567,,0.0,0,,RPQNMLMLOHPFFAX57DA,0.0,0.0,0.0,,
馬公市,土地,文寮段911地號,80.83,,一般農業區,交通用地,1090609,土地1建物0車位0,,,其他,,,,0.0,0,0,0,有,無,938436,11610,,0.0,0,,RPRNMLNLOHPFFAX67CA,0.0,0.0,0.0,,
馬公市,土地,北極段66地號,35.84,非都市： ; 非都市編定：,,,1090602,土地1建物0車位0,,,其他,,,,0.0,0,0,0,有,無,602112,16800,,0.0,0,道路協議價購,RPQNMLOLOHPFFAX67CA,0.0,0.0,0.0,,
白沙鄉,土地,赤崁西段604地號,79.11,,一般農業區,交通用地,1090605,土地1建物0車位0,,,其他,,,,0.0,0,0,0,有,無,664524,8400,,0.0,0,道路協議價購,RPTNMLOLOHPFFAX97CA,0.0,0.0,0.0,,
湖西鄉,房地(土地+建物),澎湖縣湖西鄉港底２２０號,250.84,,一般農業區,甲種建築用地,1090407,土地2建物1車位0,全,三層,透天厝,住家用,鋼筋混凝土造,1090326,235.06,5,2,5,有,無,8360000,35565,,0.0,0,,RPRNMLRLOHPFFAX08CA,222.69,12.37,0.0,,
白沙鄉,土地,中屯新段843地號,38.47,,一般農業區,交通用地,1090505,土地1建物0車位0,,,其他,,,,0.0,0,0,0,有,無,58161,1512,,0.0,0,逾期未辦繼承登記不動產標售,RPQNMLTLOHPFFAX18CA,0.0,0.0,0.0,,
七美鄉,土地,七美二段476地號,145.66,,一般農業區,農牧用地,1090407,土地2建物0車位0,,,其他,,,,0.0,0,0,0,有,無,303538,2084,,0.0,0,澎湖縣政府代為標售地籍清理土地,RPPNMLTLOHPFFAX18DA,0.0,0.0,0.0,,
馬公市,房地(土地+建物)+車位,澎湖縣馬公市貿商街122號12樓1,28.82,住,,,1090614,土地2建物1車位1,十二層,十四層,住宅大樓(11層含以上有電梯),集合住宅,鋼筋混凝土造,0950710,177.12,3,1,2,有,有,4250000,23995,坡道平面,0.0,0,,RPTNMLMJPHPFFAX77DA,96.64,0.0,10.96,,
馬公市,土地,光榮段16地號,635.45,住,,,1090312,土地1建物0車位0,,,其他,,,,0.0,0,0,0,有,無,41980000,66063,,0.0,0,,RPSNMLTLOHPFFAX38CA,0.0,0.0,0.0,,
馬公市,土地,山水北段268地號,62.85,,一般農業區,交通用地,1090604,土地1建物0車位0,,,其他,,,,0.0,0,0,0,有,無,345703,5500,,0.0,0,道路協議價購,RPPNMLKMOHPFFAX27CA,0.0,0.0,0.0,,
馬公市,房地(土地+建物)+車位,澎湖縣馬公市文光路８５號九樓之七,7.57,非都市： ; 非都市編定：,,,1090531,土地10建物1車位1,九層,十層,華廈(10層含以下有電梯),住家用,鋼筋混凝土造,0870723,79.21,2,1,1,有,有,3280000,41409,坡道平面,0.0,0,,RPRNMLKMOHPFFAX47CA,48.49,3.38,0.0,,
湖西鄉,房地(土地+建物),澎湖縣湖西鄉港子尾４５號,145.04,,一般農業區,甲種建築用地,1090609,土地1建物1車位0,全,一層,透天厝,住家用,造,,86.4,3,2,1,有,無,3300000,38194,,0.0,0,,RPSNMLKMOHPFFAX57CA,65.47,20.93,0.0,,
馬公市,土地,鎖港南段658-4地號,68.13,住,,,1090610,土地1建物0車位0,,,其他,,,,0.0,0,0,0,有,無,1124145,16500,,0.0,0,權利人3人向國有財產局購買,RPTNMLKMOHPFFAX67CA,0.0,0.0,0.0,,
馬公市,房地(土地+建物),澎湖縣馬公市五福路１３８巷６０號,265.57,,一般農業區,甲種建築用地,1090519,土地2建物1車位0,全,三層,透天厝,住家用,鋼筋混凝土造,1070815,318.42,6,2,7,有,無,13600000,42711,,0.0,0,,RPQPMLNJPHPFFAX67CA,282.26,36.16,0.0,,
馬公市,土地,山水北段268地號,62.85,,一般農業區,交通用地,1090609,土地1建物0車位0,,,其他,,,,0.0,0,0,0,有,無,345702,5500,,0.0,0,道路協議價購,RPQNMLKMOHPFFAX37CA,0.0,0.0,0.0,,
湖西鄉,房地(土地+建物),澎湖縣湖西鄉大城北２６號,708.17,,一般農業區,農牧用地,1090611,土地2建物1車位0,全,一層,透天厝,住家用,造,0240101,30.3,1,2,1,有,無,802000,26469,,0.0,0,,RPXNMLMJPHPFFAX08CA,30.3,0.0,0.0,,
七美鄉,土地,七美二段455地號,202.71,,一般農業區,農牧用地,1090629,土地1建物0車位0,,,其他,,,,0.0,0,0,0,有,無,385160,1900,,0.0,0,向政府機關承購之案件。；縣政府代為標售地籍清理土地,RPUNMLKMOHPFFAX77CA,0.0,0.0,0.0,,
湖西鄉,土地,湖西南段1402地號,2231.25,,一般農業區,農牧用地,1090612,土地3建物0車位0,,,其他,,,,0.0,0,0,0,有,無,3346875,1500,,0.0,0,親友、員工或其他特殊關係間之交易。；,RPPNMLNKPHPFFAX57DA,0.0,0.0,0.0,,
馬公市,房地(土地+建物),澎湖縣馬公市鎖管港537號,122.05,住,,,1090612,土地1建物1車位0,全,三層,透天厝,住家用,鋼筋混凝土造,0831114,173.5,5,2,3,有,無,3450000,19885,,0.0,0,,RPQNMLLJPHPFFAX27CA,173.5,0.0,0.0,,
馬公市,房地(土地+建物),澎湖縣馬公市東衛２５１之２１號,259.03,,一般農業區,甲種建築用地,1090501,土地2建物1車位0,全,三層,透天厝,住家用,鋼筋混凝土造,1050921,262.56,3,2,4,有,無,8600000,32754,,0.0,0,,RPROMLMJPHPFFAX57CA,246.58,15.98,0.0,,
湖西鄉,土地,鼎灣新段441地號,147.64,,鄉村區,乙種建築用地,1090601,土地1建物0車位0,,,其他,,,,0.0,0,0,0,有,無,520000,3522,,0.0,0,親友、員工或其他特殊關係間之交易。；瑕疵物件之交易。；,RPXNMLLJPHPFFAX97CA,0.0,0.0,0.0,,
馬公市,土地,光榮段232-1地號,60.4,住,,,1090609,土地1建物0車位0,,,其他,,,,0.0,0,0,0,有,無,2100000,34768,,0.0,0,,RPTOMLTJPHPFFAX48CA,0.0,0.0,0.0,,
馬公市,土地,興崁段903地號,102.49,,一般農業區,農牧用地,1090505,土地1建物0車位0,,,其他,,,,0.0,0,0,0,有,無,390000,3805,,0.0,0,逾期未辦理繼承土地標售,RPTNMLKLPHPFFAX77DA,0.0,0.0,0.0,,
馬公市,土地,五福段1165地號,165.29,,鄉村區,乙種建築用地,1090601,土地1建物0車位0,,,其他,,,,0.0,0,0,0,有,無,6000000,36300,,0.0,0,,RPPPMLNJPHPFFAX67DA,0.0,0.0,0.0,,
西嶼鄉,土地,二崁南段370地號,75.33,住,,,1090505,土地1建物0車位0,,,其他,,,,0.0,0,0,0,有,無,780010,10355,,0.0,0,標售逾期未辦理繼承登記不動產,RPVNMLQJPHPFFAX38DA,0.0,0.0,0.0,,
馬公市,房地(土地+建物),澎湖縣馬公市光明路４４號,132.0,商,,,1090620,土地2建物1車位0,全,二層,透天厝,住家用,鋼筋加強造,0570103,92.34,3,1,2,有,無,22000000,238250,,0.0,0,賣方賣清價。土地增值稅由買方負擔。,RPSOMLQJPHPFFAX08CA,92.34,0.0,0.0,,
馬公市,土地,光華段688-4地號,2567.88,,一般農業區,農牧用地,1090622,土地2建物0車位0,,,其他,,,,0.0,0,0,0,有,無,89640000,34908,,0.0,0,權利人為11人含未來興建11戶房屋價款,RPXNMLRJPHPFFAX58CA,0.0,0.0,0.0,,
湖西鄉,土地,中西段268地號,65.88,,一般農業區,農牧用地,1090622,土地1建物0車位0,,,其他,,,,0.0,0,0,0,有,無,259000,3931,,0.0,0,親友、員工或其他特殊關係間之交易。；,RPUNMLQJPHPFFAX18CA,0.0,0.0,0.0,,
馬公市,土地,文寮段460地號,1674.7,,一般農業區,農牧用地,1090601,土地1建物0車位0,,,其他,,,,0.0,0,0,0,有,無,10413000,6218,,0.0,0,,RPROMLQJPHPFFAX97CA,0.0,0.0,0.0,,
湖西鄉,土地,西溪新段888-4地號,70.53,,鄉村區,乙種建築用地,1090627,土地1建物0車位0,,,其他,,,,0.0,0,0,0,有,無,410000,5813,,0.0,0,,RPUOMLNJPHPFFAX08DA,0.0,0.0,0.0,無,
馬公市,土地,文石段835地號,2079.95,,一般農業區,農牧用地,1090430,土地6建物0車位0,,,其他,,,,0.0,0,0,0,有,無,23235000,11171,,0.0,0,面積最大金額1637萬元 74.5坪金額2235000元另4筆合計金額463萬元,RPSNMLSLPHPFFAX38CA,0.0,0.0,0.0,,
西嶼鄉,土地,池東段2906地號,175.41,,鄉村區,乙種建築用地,1090407,土地1建物0車位0,,,其他,,,,0.0,0,0,0,有,無,916000,5222,,0.0,0,地清或未辦繼承標售；,RPSNMLLJPHPFFAX67EA,0.0,0.0,0.0,無,
西嶼鄉,土地,池東段2905地號,145.08,,一般農業區,農牧用地,1090407,土地1建物0車位0,,,其他,,,,0.0,0,0,0,有,無,471000,3246,,0.0,0,地清或未辦繼承標售；,SPSNMLLJPHPFFAX77EA,0.0,0.0,0.0,無,
馬公市,房地(土地+建物),澎湖縣馬公市石泉１之４１號,49.08,,鄉村區,乙種建築用地,1090508,土地1建物1車位0,全,二層,透天厝,住家用,鋼筋混凝土加強磚造,0700820,85.68,3,2,2,有,無,3000000,35014,,0.0,0,,RPRNMLLLQHPFFAX67CA,85.68,0.0,0.0,,
七美鄉,土地,七美二段397地號,562.02,,一般農業區,農牧用地,1090407,土地1建物0車位0,,,其他,,,,0.0,0,0,0,有,無,3051000,5429,,0.0,0,地清或未辦繼承標售；,RPPOMLNJPHPFFAX57DA,0.0,0.0,0.0,無,
湖西鄉,土地,林投北段230地號,601.01,,一般農業區,農牧用地,1090505,土地1建物0車位0,,,其他,,,,0.0,0,0,0,有,無,642434,1069,,0.0,0,地清或未辦繼承標售；,RPTOMLNJPHPFFAX97DA,0.0,0.0,0.0,無,
馬公市,土地,案山段882-9地號,434.05,工,,,1090621,土地2建物0車位0,,,其他,,,,0.0,0,0,0,有,無,12000000,27647,,0.0,0,親友、員工、共有人或其他特殊關係間之交易；,RPRPMLNJPHPFFAX87DA,0.0,0.0,0.0,無,
湖西鄉,土地,白坑段425地號,538.95,,一般農業區,農牧用地,1090505,土地1建物0車位0,,,其他,,,,0.0,0,0,0,有,無,672336,1247,,0.0,0,義務人各移轉持分3分之1地清或未辦繼承標售；,RPWOMLNJPHPFFAX28DA,0.0,0.0,0.0,無,
馬公市,土地,中衛段303地號,1206.9,農,,,1090623,土地1建物0車位0,,,其他,,,,0.0,0,0,0,有,無,3650872,3025,,0.0,0,,RPOPMLNJPHPFFAX57DA,0.0,0.0,0.0,無,
西嶼鄉,土地,內垵三段1544地號,1271.72,,一般農業區,農牧用地,1090529,土地3建物0車位0,,,其他,,,,0.0,0,0,0,有,無,800000,629,,0.0,0,受債權債務影響或債務抵償之交易。；,RPWNMLPKPHPFFAX38CA,0.0,0.0,0.0,,
白沙鄉,房地(土地+建物),講美５７號,118.83,,鄉村區,乙種建築用地,1090505,土地1建物1車位0,全,一層,透天厝,住家用,造,0020000,42.29,3,1,1,有,無,356490,8430,,0.0,0,地清或未辦繼承標售；,RPXOMLNJPHPFFAX38DA,42.29,0.0,0.0,無,
馬公市,土地,興仁段1517地號,543.13,,一般農業區,農牧用地,1090605,土地1建物0車位0,,,其他,,,,0.0,0,0,0,有,無,5300000,9758,,0.0,0,,RPSOMLNJPHPFFAX87DA,0.0,0.0,0.0,無,
望安鄉,土地,花宅段1500地號,528.0,,一般農業區,農牧用地,1090619,土地1建物0車位0,,,其他,,,,0.0,0,0,0,有,無,550000,1042,,0.0,0,,RPVOMLNJPHPFFAX18DA,0.0,0.0,0.0,無,
馬公市,房地(土地+建物),光復路１４８巷３號三樓之一,14.24,住,,,1090429,土地2建物1車位0,三層,七層,華廈(10層含以下有電梯),住家用,鋼筋混凝土造,0830303,77.85,2,1,1,有,無,2300000,29544,,0.0,0,,RPWNMLLJPHPFFAX97DA,58.66,2.2,0.0,有,
馬公市,房地(土地+建物),鎖港一路７３巷２３弄１０號,97.89,住,,,1090620,土地1建物1車位0,全,三層,透天厝,住家用,鋼筋混凝土造,1080703,194.42,6,2,7,有,無,7150000,36776,,0.0,0,,RPROMLNJPHPFFAX87EA,183.67,10.75,0.0,無,
白沙鄉,房地(土地+建物),２１號,102.5,,一般農業區,甲種建築用地,1090521,土地1建物1車位0,全,一層,透天厝,住家用,造,,56.93,1,0,0,有,無,291050,5112,,0.0,0,地清或未辦繼承標售；,RPVNMLMJPHPFFAX97DA,56.93,0.0,0.0,無,
馬公市,房地(土地+建物)+車位,林森路８０號五樓,30.13,住,,,1090522,土地1建物1車位1,五層,七層,華廈(10層含以下有電梯),住家用,鋼筋混凝土造,0870925,155.82,3,2,2,有,有,5300000,34014,坡道平面,0.0,0,,RPXNMLQJPHPFFAX58DA,100.46,0.0,6.61,有,
馬公市,土地,文澳段2364地號,76.0,,,,1090509,土地1建物0車位0,,,其他,,,,0.0,0,0,0,有,無,4250000,55921,,0.0,0,,RPQOMLQJPHPFFAX97DA,0.0,0.0,0.0,無,
馬公市,土地,五福段526-4地號,173.21,,一般農業區,甲種建築用地,1090525,土地2建物0車位0,,,其他,,,,0.0,0,0,0,有,無,5200000,30021,,0.0,0,農變建專案核准變更起造人,RPPNMLRJPHPFFAX87DA,0.0,0.0,0.0,無,
西嶼鄉,土地,二崁南段1508地號,977.63,,一般農業區,農牧用地,1090619,土地3建物0車位0,,,其他,,,,0.0,0,0,0,有,無,1270924,1300,,0.0,0,親友、員工、共有人或其他特殊關係間之交易；,RPWNMLRJPHPFFAX58DA,0.0,0.0,0.0,無,
湖西鄉,房地(土地+建物),澎湖縣湖西鄉港底１之６３號,1851.77,,一般農業區,農牧用地,1080709,土地1建物1車位0,一層,一層,農舍,農舍,加強磚造,1040515,163.74,1,1,1,有,無,5750000,,,0.0,0,,RPTNMLOKPHPFFAX97CA,163.74,0.0,0.0,,
馬公市,土地,文光段851地號,10.49,住,,,1090624,土地1建物0車位0,,,其他,,,,0.0,0,0,0,有,無,572832,54607,,0.0,0,包含公共設施保留地用地；協議價購；,RPVNMLOLOHPFFAX28DA,0.0,0.0,0.0,無,
西嶼鄉,土地,內垵三段677地號,114.21,,鄉村區,乙種建築用地,1090529,土地1建物0車位0,,,其他,,,,0.0,0,0,0,有,無,200000,1751,,0.0,0,受債權債務影響或債務抵償之交易。；,RPVNMLPKPHPFFAX28CA,0.0,0.0,0.0,,
馬公市,房地(土地+建物),成功街８巷３號,188.56,非都市： ; 非都市編定：,,,1090520,土地2建物1車位0,全,一層,透天厝,住家用,鋼筋混凝土加強磚造,0660205,70.5,3,1,1,有,無,5000000,70922,,0.0,0,,RPPNMLSJPHPFFAX97DA,70.5,0.0,0.0,無,
馬公市,土地,海堤段67地號,1234.52,,一般農業區,農牧用地,1090621,土地1建物0車位0,,,其他,,,,0.0,0,0,0,有,無,4260000,3451,,0.0,0,,RPXNMLSJPHPFFAX78DA,0.0,0.0,0.0,無,
馬公市,土地,文寮段423地號,864.84,,一般農業區,農牧用地,1090629,土地1建物0車位0,,,其他,,,,0.0,0,0,0,有,無,6140000,7100,,0.0,0,,RPUNMLSJPHPFFAX48DA,0.0,0.0,0.0,無,
馬公市,土地,鎖港南段659地號,208.05,住,,,1090630,土地2建物0車位0,,,其他,,,,0.0,0,0,0,有,無,2300000,11055,,0.0,0,,RPVNMLSJPHPFFAX58DA,0.0,0.0,0.0,無,
馬公市,土地,鎖港南段658-4地號,68.13,住,,,1090630,土地1建物0車位0,,,其他,,,,0.0,0,0,0,有,無,1124145,16500,,0.0,0,,SPVNMLSJPHPFFAX68DA,0.0,0.0,0.0,無,
馬公市,土地,東衛段555地號,262.04,,一般農業區,農牧用地,1090512,土地1建物0車位0,,,其他,,,,0.0,0,0,0,有,無,620000,2366,,0.0,0,向政府機關承購之案件。；,RPUNMLOLPHPFFAX28DA,0.0,0.0,0.0,,
馬公市,土地,國宅段555地號,65.95,,,,1090703,土地1建物0車位0,,,其他,,,,0.0,0,0,0,有,無,490000,7430,,0.0,0,,RPQNMLKKPHPFFAX37DA,0.0,0.0,0.0,無,
馬公市,房地(土地+建物),大案山５號,297.0,住,,,1090608,土地1建物1車位0,全,二層,透天厝,住家用,石及紅磚造,0661007,126.0,3,2,2,有,無,7500000,59524,,0.0,0,,RPVNMLKKPHPFFAX87DA,126.0,0.0,0.0,無,
馬公市,房地(土地+建物),文山路２７巷８號三樓之１,26.52,住,,,1090608,土地1建物1車位0,三層,十層,華廈(10層含以下有電梯),集合住宅,鋼筋混凝土造,1060328,113.25,3,2,2,有,有,5500000,48565,,0.0,0,,RPWNMLNKPHPFFAX38EA,70.51,9.31,0.0,有,
湖西鄉,土地,中西段268地號,39.53,,一般農業區,農牧用地,1090709,土地1建物0車位0,,,其他,,,,0.0,0,0,0,有,無,155439,3932,,0.0,0,義務人3人各移轉持分1/20,RPUNMLNKPHPFFAX18EA,0.0,0.0,0.0,無,
馬公市,房地(土地+建物),永安街５巷８號,75.0,住,,,1090626,土地1建物1車位0,全,二層,透天厝,住家用,鋼筋混凝土加強磚造,0640901,97.0,4,1,5,有,無,11260000,116082,,0.0,0,,RPWNMLNKPHPFFAX28DA,97.0,0.0,0.0,無,
馬公市,土地,興崁段517地號,2559.17,,一般農業區,農牧用地,1090708,土地1建物0車位0,,,其他,,,,0.0,0,0,0,有,無,15500000,6057,,0.0,0,,RPSNMLOKPHPFFAX97DA,0.0,0.0,0.0,無,
馬公市,土地,光榮新段35地號,448.02,住,,,1090703,土地1建物0車位0,,,其他,,,,0.0,0,0,0,有,無,30200000,67408,,0.0,0,,RPSOMLTJPHPFFAX48DA,0.0,0.0,0.0,無,
七美鄉,土地,大嶼段3793地號,136.0,,一般農業區,甲種建築用地,1090630,土地1建物0車位0,,,其他,,,,0.0,0,0,0,有,無,150000,1103,,0.0,0,親友、員工、共有人或其他特殊關係間之交易；未登記建物；,RPOOMLSJPHPFFAX97DA,0.0,0.0,0.0,無,
馬公市,房地(土地+建物),文化路５９號七樓,20.54,住,,,1090530,土地1建物1車位0,七層,七層,華廈(10層含以下有電梯),住家用,鋼筋混凝土造,0830601,109.17,3,1,2,有,有,4000000,36640,,0.0,0,,RPRNMLOKPHPFFAX87DA,76.4,10.41,0.0,有,
湖西鄉,土地,葉新段111地號,310.71,,一般農業區,農牧用地,1090710,土地1建物0車位0,,,其他,,,,0.0,0,0,0,有,無,320000,1030,,0.0,0,親友、員工、共有人或其他特殊關係間之交易；,RPPNMLPKPHPFFAX87EA,0.0,0.0,0.0,無,
馬公市,房地(土地+建物),頭掛４９號,55.16,,鄉村區,乙種建築用地,1090708,土地2建物1車位0,全,一層,透天厝,住家用,造,,18.82,2,1,0,有,無,230000,12221,,0.0,0,親友、員工、共有人或其他特殊關係間之交易；,RPPNMLQKPHPFFAX97EA,18.82,0.0,0.0,無,
湖西鄉,土地,湖西南段71地號,39.0,,一般農業區,農牧用地,1090505,土地1建物0車位0,,,其他,,,,0.0,0,0,0,有,無,58500,1500,,0.0,0,地清或未辦繼承標售；,RPPNMLRKPHPFFAX08EA,0.0,0.0,0.0,無,
馬公市,土地,風櫃東段476地號,1636.27,,一般農業區,農牧用地,1090423,土地1建物0車位0,,,其他,,,,0.0,0,0,0,有,無,2460000,1503,,0.0,0,賣方同意買方以新台幣220萬元整為對買方之免除債務。親友、員工、共有人或其他特殊關係間之交易；農作物；,RPUNMLKKPHPFFAX77DA,0.0,0.0,0.0,無,
馬公市,房地(土地+建物)+車位,三多路３５５號三樓之三,28.65,,,,1090703,土地1建物1車位1,三層,十四層,住宅大樓(11層含以上有電梯),集合住宅,鋼筋混凝土造,0950629,192.67000000000002,3,2,2,有,有,5380000,27923,坡道平面,0.0,0,,RPSOMLQKPHPFFAX28DA,103.06,0.0,11.74,有,
七美鄉,土地,七美二段489地號,594.15,,一般農業區,農牧用地,1090519,土地1建物0車位0,,,其他,,,,0.0,0,0,0,有,無,1200000,2020,,0.0,0,,RPPOMLSJPHPFFAX08DA,0.0,0.0,0.0,無,
馬公市,房地(土地+建物),林森路１０４巷２２號,86.92,住,,,1090617,土地2建物1車位0,全,二層,透天厝,住家用,鋼筋混凝土加強磚造,0770622,114.68,3,3,2,有,無,6800000,59295,,0.0,0,,RPPNMLTKPHPFFAX18DA,114.68,0.0,0.0,無,
馬公市,土地,五德西段565-2地號,493.07,,一般農業區,農牧用地,1081031,土地2建物0車位0,,,其他,,,,0.0,0,0,0,有,無,7090000,14379,,0.0,0,農變建專案核准興建住宅,RPUNMLKLPHPFFAX87DA,0.0,0.0,0.0,無,
湖西鄉,土地,西溪新段815地號,158.17,,鄉村區,乙種建築用地,1090618,土地1建物0車位0,,,其他,,,,0.0,0,0,0,有,無,300000,1897,,0.0,0,親友、員工、共有人或其他特殊關係間之交易；,RPSNMLLLPHPFFAX77DA,0.0,0.0,0.0,無,
馬公市,房地(土地+建物),東衛１６５之７號,117.56,,鄉村區,乙種建築用地,1090621,土地1建物1車位0,全,三層,透天厝,住家用,鋼筋混凝土造,0961002,174.48,4,2,3,有,無,7600000,43558,,0.0,0,其他增建；,RPPNMLMLPHPFFAX57DA,169.91,0.0,4.57,無,
馬公市,土地,四維段373-2地號,599.31,,,,1090716,土地1建物0車位0,,,其他,,,,0.0,0,0,0,有,無,8300000,13849,,0.0,0,,RPQNMLMLPHPFFAX67DA,0.0,0.0,0.0,無,
西嶼鄉,土地,橫礁新段311地號,1128.19,,一般農業區,農牧用地,1090523,土地1建物0車位0,,,其他,,,,0.0,0,0,0,有,無,5100000,4521,,0.0,0,,RPRNMLMLPHPFFAX77DA,0.0,0.0,0.0,無,
馬公市,土地,北極段1211地號,109.94,住,,,1090709,土地1建物0車位0,,,其他,,,,0.0,0,0,0,有,無,1501000,13653,,0.0,0,地清或未辦繼承標售；,RPVNMLNLPHPFFAX28DA,0.0,0.0,0.0,無,
西嶼鄉,土地,二崁北段1031地號,621.35,,一般農業區,農牧用地,1090720,土地1建物0車位0,,,其他,,,,0.0,0,0,0,有,無,1920000,3090,,0.0,0,,RPUNMLLLPHPFFAX97DA,0.0,0.0,0.0,無,
馬公市,土地,鐵線段1098-1地號,208.22,,鄉村區,乙種建築用地,1090708,土地1建物0車位0,,,其他,,,,0.0,0,0,0,有,無,2563188,12310,,0.0,0,政府機關標讓售；,RPWNMLMLPHPFFAX28DA,0.0,0.0,0.0,無,
馬公市,房地(土地+建物),三多路２６４號,92.28,住,,,1090616,土地1建物1車位0,全,三層,透天厝,住家用,鋼筋混凝土造,0800802,148.65,9,1,11,有,無,18800000,126472,,0.0,0,,RPUNMLOKPHPFFAX18DA,148.65,0.0,0.0,有,
馬公市,房地(土地+建物),文光路１５６之７號,99.14,住,,,1090603,土地1建物1車位0,全,二層,透天厝,住家用,鋼筋混凝土加強磚造,0671009,79.07,2,2,2,有,無,4200000,53117,,0.0,0,親友、員工、共有人或其他特殊關係間之交易；,RPTNMLKKPHPFFAX67DA,79.07,0.0,0.0,無,
白沙鄉,土地,瓦硐南段146地號,1023.35,,一般農業區,農牧用地,1090714,土地1建物0車位0,,,其他,,,,0.0,0,0,0,有,無,928000,907,,0.0,0,地清或未辦繼承標售；,RPXNMLNLPHPFFAX48DA,0.0,0.0,0.0,無,
西嶼鄉,土地,大池段586地號,274.01,,一般農業區,農牧用地,1090604,土地1建物0車位0,,,其他,,,,0.0,0,0,0,有,無,410000,1496,,0.0,0,親友、員工、共有人或其他特殊關係間之交易；,RPTNMLTJPHPFFAX48DA,0.0,0.0,0.0,無,
西嶼鄉,土地,竹篙灣段3832地號,5433.0,,風景區,農牧用地,1090624,土地1建物0車位0,,,其他,,,,0.0,0,0,0,有,無,7606200,1400,,0.0,0,受債權債務關係影響或債務抵償；,RPQOMLNJPHPFFAX67DA,0.0,0.0,0.0,無,
馬公市,土地,文石段1355地號,648.14,,一般農業區,農牧用地,1090716,土地1建物0車位0,,,其他,,,,0.0,0,0,0,有,無,5300000,8177,,0.0,0,,RPUNMLNLPHPFFAX18DA,0.0,0.0,0.0,無,
馬公市,房地(土地+建物),西衛１０１２號,238.35,,一般農業區,甲種建築用地,1090113,土地3建物1車位0,全,三層,透天厝,住家用,鋼筋混凝土造,1090508,288.05,5,2,5,有,無,10680000,37077,,0.0,0,,RPWNMLNLPHPFFAX38DA,280.25,7.8,0.0,無,
湖西鄉,土地,西溪新段1130地號,258.69,,一般農業區,甲種建築用地,1090702,土地1建物0車位0,,,其他,,,,0.0,0,0,0,有,無,600000,2319,,0.0,0,土地款558000元未登記建物款42000元親友、員工、共有人或其他特殊關係間之交易；未登記建物；,RPTNMLNLPHPFFAX08DA,0.0,0.0,0.0,無,
湖西鄉,土地,尖山中段986地號,1422.57,,一般農業區,農牧用地,1090522,土地1建物0車位0,,,其他,,,,0.0,0,0,0,有,無,8300000,5835,,0.0,0,,RPTNMLLLPHPFFAX87DA,0.0,0.0,0.0,無,
馬公市,土地,五德東段364-4地號,201.02,,一般農業區,甲種建築用地,1090622,土地3建物0車位0,,,其他,,,,0.0,0,0,0,有,無,4680000,23281,,0.0,0,,RPQNMLQLPHPFFAX08DA,0.0,0.0,0.0,無,
湖西鄉,土地,鼎灣新段1458-2地號,316.62,,一般農業區,農牧用地,1090713,土地1建物0車位0,,,其他,,,,0.0,0,0,0,有,無,12930000,40838,,0.0,0,農變建移轉土地持分給予權利人共2人內含未來2戶興建之成本1293萬土地交易案件之價格含未來興建房屋成本；,RPPNMLOLPHPFFAX77DA,0.0,0.0,0.0,無,
白沙鄉,土地,中屯新段1465地號,491.86,,鄉村區,乙種建築用地,1090713,土地4建物0車位0,,,其他,,,,0.0,0,0,0,有,無,1720000,3497,,0.0,0,,RPQOMLNLPHPFFAX97EA,0.0,0.0,0.0,無,
白沙鄉,土地,中屯新段1461地號,169.38,,鄉村區,乙種建築用地,1090713,土地2建物0車位0,,,其他,,,,0.0,0,0,0,有,無,535000,3159,,0.0,0,,RPOOMLNLPHPFFAX67DA,0.0,0.0,0.0,無,
馬公市,土地,興仁段635地號,36.5,,一般農業區,農牧用地,1090720,土地1建物0車位0,,,其他,,,,0.0,0,0,0,有,無,128368,3517,,0.0,0,,RPVNMLLLPHPFFAX08DA,0.0,0.0,0.0,無,
馬公市,土地,雙湖段349地號,43.93,,鄉村區,乙種建築用地,1090628,土地2建物0車位0,,,其他,,,,0.0,0,0,0,有,無,500000,11382,,0.0,0,親友、員工、共有人或其他特殊關係間之交易；未登記建物；,RPUNMLMLPHPFFAX08DA,0.0,0.0,0.0,無,
西嶼鄉,土地,外垵二段1210地號,87.63,,鄉村區,乙種建築用地,1090708,土地1建物0車位0,,,其他,,,,0.0,0,0,0,有,無,281000,3207,,0.0,0,地清或未辦繼承標售；,RPPNMLSLPHPFFAX18DA,0.0,0.0,0.0,無,
白沙鄉,土地,中屯新段1469地號,75.35,,鄉村區,乙種建築用地,1090622,土地1建物0車位0,,,其他,,,,0.0,0,0,0,有,無,280000,3716,,0.0,0,地清或未辦繼承標售；,RPQNMLRLPHPFFAX18DA,0.0,0.0,0.0,無,
湖西鄉,土地,沙港北段1525地號,81.77,,鄉村區,乙種建築用地,1090702,土地1建物0車位0,,,其他,,,,0.0,0,0,0,有,無,375000,4586,,0.0,0,親友、員工、共有人或其他特殊關係間之交易；,RPSNMLRLPHPFFAX38DA,0.0,0.0,0.0,無,
馬公市,土地,國宅段555地號,10.99,住,,,1090720,土地1建物0車位0,,,其他,,,,0.0,0,0,0,有,無,90000,8189,,0.0,0,,RPTNMLRLPHPFFAX48DA,0.0,0.0,0.0,無,
馬公市,土地,國宅段555地號,10.99,住,,,1090721,土地1建物0車位0,,,其他,,,,0.0,0,0,0,有,無,90000,8189,,0.0,0,,RPUNMLRLPHPFFAX58DA,0.0,0.0,0.0,無,
馬公市,土地,鐵線段525-1地號,350.5,,一般農業區,農牧用地,1090601,土地1建物0車位0,,,其他,,,,0.0,0,0,0,有,無,2450000,6990,,0.0,0,,RPQNMLSLPHPFFAX28DA,0.0,0.0,0.0,無,
馬公市,土地,北極段738地號,17.49,商,,,1090620,土地1建物0車位0,,,其他,,,,0.0,0,0,0,有,無,465500,26615,,0.0,0,,RPTNMLSLPHPFFAX58DA,0.0,0.0,0.0,無,
馬公市,房地(土地+建物)+車位,文光路１３８號四樓,44.31,非都市： ; 非都市編定：,,,1090710,土地2建物1車位1,四層,五層,公寓(5樓含以下無電梯),住家用,鋼筋混凝土造,0840110,170.83,3,2,2,有,無,6200000,36293,坡道平面,0.0,0,,RPQNMLTLPHPFFAX38DA,121.74,11.41,0.0,無,
馬公市,房地(土地+建物),文山路２７巷８號二樓,34.14,住,,,1090701,土地1建物1車位0,二層,十層,華廈(10層含以下有電梯),集合住宅,鋼筋混凝土造,1060328,143.84,3,2,2,有,有,6300000,43799,,0.0,0,,RPPOMLTLPHPFFAX38DA,88.1,12.94,0.0,有,
馬公市,土地,烏崁新段870地號,301.92,,一般農業區,農牧用地,1090711,土地1建物0車位0,,,其他,,,,0.0,0,0,0,有,無,730000,2418,,0.0,0,,RPWNMLTLPHPFFAX98DA,0.0,0.0,0.0,無,
湖西鄉,土地,林投南段913地號,303.4,,鄉村區,乙種建築用地,1090728,土地1建物0車位0,,,其他,,,,0.0,0,0,0,有,無,1500000,4944,,0.0,0,親友、員工、共有人或其他特殊關係間之交易；,RPSNMLKMPHPFFAX77DA,0.0,0.0,0.0,無,
馬公市,土地,光榮段270地號,853.82,住,,,1090505,土地1建物0車位0,,,其他,,,,0.0,0,0,0,有,無,43860000,51369,,0.0,0,,RPPNMLLLPHPFFAX47DA,0.0,0.0,0.0,無,
湖西鄉,房地(土地+建物),湖西９２之１８號,228.74,,一般農業區,甲種建築用地,1090714,土地1建物1車位0,全,三層,透天厝,住家用,鋼筋混凝土造,0850910,409.32,4,3,5,有,無,9200000,22476,,0.0,0,,RPPNMLTLPHPFFAX38EA,409.32,0.0,0.0,無,
湖西鄉,土地,西溪新段1104地號,999.8,,一般農業區,農牧用地,1090612,土地1建物0車位0,,,其他,,,,0.0,0,0,0,有,無,850000,850,,0.0,0,,RPVNMLMLPHPFFAX18DA,0.0,0.0,0.0,無,
湖西鄉,土地,城北段1100-4地號,1219.23,,一般農業區,農牧用地,1090724,土地3建物0車位0,,,其他,,,,0.0,0,0,0,有,無,38600000,31659,,0.0,0,權利人為5人含未來5戶興建房屋價款,RPTNMLKMPHPFFAX87DA,0.0,0.0,0.0,無,
馬公市,房地(土地+建物),菜園６８號六樓之一,10.8,,鄉村區,乙種建築用地,1090720,土地1建物1車位0,六層,六層,華廈(10層含以下有電梯),集合住宅,鋼筋混凝土造,1080418,38.73,1,0,1,有,有,1800000,46476,,0.0,0,,RPQOMLTLPHPFFAX48DA,25.51,2.94,0.0,有,
馬公市,土地,馬公段284-7地號,142.0,商,,,1090713,土地1建物0車位0,,,其他,,,,0.0,0,0,0,無,無,8700000,61268,,0.0,0,房屋老舊未登記建物；,RPTOMLTLPHPFFAX78DA,0.0,0.0,0.0,無,
馬公市,土地,五福段686地號,1985.5,,一般農業區,農牧用地,1090611,土地2建物0車位0,,,其他,,,,0.0,0,0,0,有,無,15000000,7555,,0.0,0,賣方賣清價，土地增值稅由買方負擔。,RPRNMLKMPHPFFAX67DA,0.0,0.0,0.0,無,
馬公市,房地(土地+建物),西衛８１２號,243.9,,一般農業區,甲種建築用地,1090709,土地2建物1車位0,全,三層,透天厝,住家用,鋼筋混凝土造,1090225,256.73,7,2,8,有,無,10580000,41211,,0.0,0,,RPSNMLTLPHPFFAX58DA,245.17,11.56,0.0,無,
湖西鄉,土地,許家段1095-3地號,1182.37,,一般農業區,農牧用地,1090723,土地2建物0車位0,,,其他,,,,0.0,0,0,0,有,無,30890000,26125,,0.0,0,土地交易案件之價格含未來興建房屋成本；,RPUNMLSLPHPFFAX68DA,0.0,0.0,0.0,無,
湖西鄉,土地,城北段1057地號,1186.09,,一般農業區,農牧用地,1090723,土地1建物0車位0,,,其他,,,,0.0,0,0,0,有,無,6600000,5565,,0.0,0,,RPVNMLKMPHPFFAX08DA,0.0,0.0,0.0,無,
馬公市,土地,東澳段1025地號,13.99,住,,,1090717,土地1建物0車位0,,,其他,,,,0.0,0,0,0,有,無,450000,32166,,0.0,0,親友、員工、共有人或其他特殊關係間之交易；,RPPNMLLMPHPFFAX57DA,0.0,0.0,0.0,無,
西嶼鄉,房地(土地+建物),內垵１９５號,193.88,,鄉村區,乙種建築用地,1090616,土地1建物1車位0,全,一層,透天厝,住家用,造,0080000,33.95,2,1,1,有,無,594640,17515,,0.0,0,親友、員工、共有人或其他特殊關係間之交易；,RPXNMLTLPHPFFAX09DA,33.95,0.0,0.0,無,
白沙鄉,土地,中屯新段1469地號,150.69,,鄉村區,乙種建築用地,1090703,土地1建物0車位0,,,其他,,,,0.0,0,0,0,有,無,497038,3298,,0.0,0,地清或未辦繼承標售；,RPUNMLKMPHPFFAX97DA,0.0,0.0,0.0,無,
馬公市,土地,山水西段75地號,365.59,,一般農業區,農牧用地,1090714,土地1建物0車位0,,,其他,,,,0.0,0,0,0,有,無,2300000,6291,,0.0,0,賣方賣清價。土地增值稅由買方負擔。,RPPNMLMJQHPFFAX47DA,0.0,0.0,0.0,無,
湖西鄉,土地,尖山南段1125-1地號,97.19,,一般農業區,水利用地,1081128,土地1建物0車位0,,,其他,,,,0.0,0,0,0,有,無,447074,4600,,0.0,0,協議價購；,RPTNMLLJPHPFFAX67DA,0.0,0.0,0.0,無,
湖西鄉,土地,尖山南段1235-2地號,9.04,,一般農業區,水利用地,1081128,土地1建物0車位0,,,其他,,,,0.0,0,0,0,有,無,41584,4600,,0.0,0,協議價購；,SPTNMLLJPHPFFAX77DA,0.0,0.0,0.0,無,
湖西鄉,土地,尖山南段1160-1地號,174.51,,一般農業區,水利用地,1081128,土地1建物0車位0,,,其他,,,,0.0,0,0,0,有,無,802746,4600,,0.0,0,協議價購；,TPTNMLLJPHPFFAX87DA,0.0,0.0,0.0,無,
湖西鄉,土地,尖山南段1160-2地號,32.36,,一般農業區,水利用地,1081128,土地1建物0車位0,,,其他,,,,0.0,0,0,0,有,無,148856,4600,,0.0,0,協議價購；,UPTNMLLJPHPFFAX97DA,0.0,0.0,0.0,無,
湖西鄉,土地,尖山南段1233-1地號,29.74,,一般農業區,水利用地,1081128,土地1建物0車位0,,,其他,,,,0.0,0,0,0,有,無,136804,4600,,0.0,0,協議價購；,VPTNMLLJPHPFFAX08DA,0.0,0.0,0.0,無,
湖西鄉,土地,尖山南段1129-1地號,14.93,,一般農業區,水利用地,1081128,土地1建物0車位0,,,其他,,,,0.0,0,0,0,有,無,68678,4600,,0.0,0,協議價購；,WPTNMLLJPHPFFAX18DA,0.0,0.0,0.0,無,
湖西鄉,土地,尖山南段1234-1地號,19.15,,一般農業區,水利用地,1081128,土地1建物0車位0,,,其他,,,,0.0,0,0,0,有,無,88090,4600,,0.0,0,協議價購；,XPTNMLLJPHPFFAX28DA,0.0,0.0,0.0,無,
湖西鄉,土地,尖山南段1128-1地號,58.33,,一般農業區,水利用地,1081128,土地1建物0車位0,,,其他,,,,0.0,0,0,0,有,無,268318,4600,,0.0,0,協議價購；,YPTNMLLJPHPFFAX38DA,0.0,0.0,0.0,無,
湖西鄉,土地,尖山南段1081-1地號,42.93,,一般農業區,水利用地,1081128,土地1建物0車位0,,,其他,,,,0.0,0,0,0,有,無,197478,4600,,0.0,0,協議價購；,ZPTNMLLJPHPFFAX48DA,0.0,0.0,0.0,無,
湖西鄉,土地,尖山南段1083-1地號,47.64,,一般農業區,水利用地,1081128,土地1建物0車位0,,,其他,,,,0.0,0,0,0,有,無,219144,4600,,0.0,0,協議價購；,QQTNMLLJPHPFFAX67DA,0.0,0.0,0.0,無,
湖西鄉,土地,尖山南段1232-1地號,72.76,,一般農業區,水利用地,1081128,土地1建物0車位0,,,其他,,,,0.0,0,0,0,有,無,334696,4600,,0.0,0,協議價購；,RQTNMLLJPHPFFAX77DA,0.0,0.0,0.0,無,
湖西鄉,土地,尖山南段1107-1地號,10.13,,一般農業區,水利用地,1081128,土地1建物0車位0,,,其他,,,,0.0,0,0,0,有,無,46598,4600,,0.0,0,協議價購；,SQTNMLLJPHPFFAX87DA,0.0,0.0,0.0,無,
湖西鄉,土地,尖山南段1072-20地號,7.98,,風景區,水利用地,1081128,土地1建物0車位0,,,其他,,,,0.0,0,0,0,有,無,36708,4600,,0.0,0,協議價購；,TQTNMLLJPHPFFAX97DA,0.0,0.0,0.0,無,
湖西鄉,土地,尖山南段1072-9地號,19.6,,,,1081128,土地1建物0車位0,,,其他,,,,0.0,0,0,0,有,無,90160,4600,,0.0,0,協議價購；,UQTNMLLJPHPFFAX08DA,0.0,0.0,0.0,無,
湖西鄉,土地,尖山南段1072-21地號,11.3,,,,1081128,土地1建物0車位0,,,其他,,,,0.0,0,0,0,有,無,51980,4600,,0.0,0,協議價購；,VQTNMLLJPHPFFAX18DA,0.0,0.0,0.0,無,
馬公市,房地(土地+建物),烏崁５５５號,218.45,,一般農業區,甲種建築用地,1090714,土地2建物1車位0,全,二層,透天厝,住家用,鋼筋混凝土造,1090511,191.07,5,1,5,有,無,7500000,39253,,0.0,0,,RPVNMLPJQHPFFAX38DA,182.98,8.09,0.0,無,
白沙鄉,土地,中屯新段1892地號,41.19,,鄉村區,乙種建築用地,1090708,土地1建物0車位0,,,其他,,,,0.0,0,0,0,有,無,400367,9720,,0.0,0,政府機關標讓售；,RPXNMLPJQHPFFAX58DA,0.0,0.0,0.0,無,
馬公市,土地,北極段739地號,198.35,商,,,1090723,土地1建物0車位0,,,其他,,,,0.0,0,0,0,有,無,5280000,26620,,0.0,0,,RPSNMLQJQHPFFAX18DA,0.0,0.0,0.0,無,
馬公市,土地,北極段739-1地號,193.38,商,,,1090713,土地1建物0車位0,,,其他,,,,0.0,0,0,0,有,無,5147000,26616,,0.0,0,,RPTNMLQJQHPFFAX28DA,0.0,0.0,0.0,無,
馬公市,房地(土地+建物),後窟潭２８之５號四樓,33.92,,鄉村區,乙種建築用地,1090726,土地2建物1車位0,四層,五層,公寓(5樓含以下無電梯),住家用,鋼筋混凝土造,0870401,92.85,3,2,2,有,無,2800000,30156,,0.0,0,,RPUNMLQJQHPFFAX38DA,74.88,0.0,7.65,無,
馬公市,土地,文寮段580地號,681.45,,一般農業區,農牧用地,1090713,土地1建物0車位0,,,其他,,,,0.0,0,0,0,有,無,2044350,3000,,0.0,0,親友、員工、共有人或其他特殊關係間之交易；,RPQNMLOJQHPFFAX77DA,0.0,0.0,0.0,無,
西嶼鄉,土地,竹灣段2797地號,223.63,,一般農業區,農牧用地,1090701,土地2建物0車位0,,,其他,,,,0.0,0,0,0,有,無,300000,1342,,0.0,0,,RPSNMLOJQHPFFAX97DA,0.0,0.0,0.0,無,
馬公市,土地,文寮段580地號,681.45,,一般農業區,農牧用地,1090713,土地1建物0車位0,,,其他,,,,0.0,0,0,0,有,無,2044350,3000,,0.0,0,親友、員工、共有人或其他特殊關係間之交易；,RPUNMLOJQHPFFAX18DA,0.0,0.0,0.0,無,
西嶼鄉,土地,竹灣段1058-1地號,964.13,,一般農業區,農牧用地,1090610,土地1建物0車位0,,,其他,,,,0.0,0,0,0,有,無,1399916,1452,,0.0,0,,RPOOMLTLPHPFFAX28DA,0.0,0.0,0.0,無,
馬公市,土地,興崁段534地號,202.61,,一般農業區,甲種建築用地,1090706,土地1建物0車位0,,,其他,,,,0.0,0,0,0,有,無,7200000,35536,,0.0,0,含未來房屋興建價款土地交易案件之價格含未來興建房屋成本；,RPVNMLRJQHPFFAX58DA,0.0,0.0,0.0,無,
馬公市,土地,中衛段1602地號,714.4,,一般農業區,農牧用地,1090710,土地1建物0車位0,,,其他,,,,0.0,0,0,0,有,無,3800000,5319,,0.0,0,依土地法34條之1處分共有物親友、員工、共有人或其他特殊關係間之交易；,RPPNMLQJQHPFFAX97EA,0.0,0.0,0.0,無,
馬公市,土地,馬公段2188-7地號,9.0,商,,,1090728,土地1建物0車位0,,,其他,,,,0.0,0,0,0,有,無,1081080,120120,,0.0,0,政府機關標讓售；,RPSNMLKKQHPFFAX77EA,0.0,0.0,0.0,無,
馬公市,土地,五福段498-1地號,726.13,,一般農業區,農牧用地,1090715,土地1建物0車位0,,,其他,,,,0.0,0,0,0,有,無,17000000,23412,,0.0,0,,RPOOMLPJQHPFFAX77DA,0.0,0.0,0.0,無,
馬公市,房地(土地+建物),石泉１之１４２號,53.26,,鄉村區,乙種建築用地,1090709,土地1建物1車位0,全,三層,透天厝,住家用,鋼筋混凝土造,0730621,122.8,3,1,2,有,無,3600000,29316,,0.0,0,,RPRNMLKKQHPFFAX57DA,122.8,0.0,0.0,無,
馬公市,房地(土地+建物),鎖港五路８號,99.15,住,,,1090723,土地1建物1車位0,全,三層,透天厝,住家用,鋼筋混凝土造,1090207,236.41,4,3,5,有,無,8700000,36800,,0.0,0,,RPWNMLKKQHPFFAX08DA,215.42,20.99,0.0,無,
馬公市,土地,雙湖段498地號,194.26,,一般農業區,農牧用地,1090714,土地1建物0車位0,,,其他,,,,0.0,0,0,0,有,無,675588,3478,,0.0,0,地清或未辦繼承標售；,RPPNMLPJQHPFFAX77DA,0.0,0.0,0.0,無,
馬公市,房地(土地+建物)+車位,三多路４１１號五樓之九,16.11,非都市： ; 非都市編定：,,,1090722,土地1建物1車位1,五層,十層,華廈(10層含以下有電梯),住家用,鋼筋混凝土造,0850308,142.66,3,1,2,有,有,5200000,36450,坡道平面,0.0,0,,RPPNMLMKQHPFFAX57DA,100.37,11.07,0.0,有,
湖西鄉,土地,許家段462地號,366.3,,一般農業區,甲種建築用地,1090616,土地1建物0車位0,,,其他,,,,0.0,0,0,0,有,無,6515000,17786,,0.0,0,,RPSNMLMKQHPFFAX87DA,0.0,0.0,0.0,無,
馬公市,土地,雙湖段497地號,253.15,,一般農業區,農牧用地,1090717,土地1建物0車位0,,,其他,,,,0.0,0,0,0,有,無,900000,3555,,0.0,0,地清或未辦繼承標售；,RPQNMLKKQHPFFAX47DA,0.0,0.0,0.0,無,
馬公市,土地,馬公段270-11地號,14.0,商,,,1090730,土地1建物0車位0,,,其他,,,,0.0,0,0,0,有,無,1719900,122850,,0.0,0,政府機關標讓售；,RPPNMLLKQHPFFAX47DA,0.0,0.0,0.0,無,
馬公市,土地,鐵線段774地號,669.31,,一般農業區,農牧用地,1090811,土地1建物0車位0,,,其他,,,,0.0,0,0,0,有,無,23100000,34513,,0.0,0,農變建移轉土地持分給予權利人共3人內含未來3戶興建之成本2310萬,RPPNMLOKQHPFFAX77DA,0.0,0.0,0.0,無,
湖西鄉,土地,鼎灣新段1410-1地號,427.39,,一般農業區,農牧用地,1090726,土地3建物0車位0,,,其他,,,,0.0,0,0,0,有,無,13600000,31821,,0.0,0,權利人共2人含未來房屋興建價款及交通用地鼎灣新段1410地號交易價格土地交易案件之價格含未來興建房屋成本；,RPPNMLNKQHPFFAX67DA,0.0,0.0,0.0,無,
馬公市,土地,興崁段1142地號,942.05,,一般農業區,農牧用地,1090331,土地1建物0車位0,,,其他,,,,0.0,0,0,0,有,無,4200000,4458,,0.0,0,,RPQNMLOKPHPFFAX77DA,0.0,0.0,0.0,無,
馬公市,房地(土地+建物),宅嶼６８之３號,166.63,,鄉村區,乙種建築用地,1090720,土地1建物1車位0,全,二層,透天厝,住家用,鋼筋混凝土加強磚造,0810921,182.62,4,2,4,有,無,3600000,19713,,0.0,0,,RPRNMLKLPHPFFAX57DA,182.62,0.0,0.0,無,
馬公市,房地(土地+建物),中山路６巷６號三樓,20.32,商,,,1090709,土地1建物1車位0,三層,五層,華廈(10層含以下有電梯),住家用,鋼筋混凝土造,0871118,96.88000000000001,2,1,2,有,有,3600000,37159,,0.0,0,,RPQNMLOKQHPFFAX87DA,76.36,0.49,7.8,有,
西嶼鄉,土地,赤馬一段993地號,1078.62,,一般農業區,農牧用地,1090717,土地1建物0車位0,,,其他,,,,0.0,0,0,0,有,無,909000,843,,0.0,0,地清或未辦繼承標售；,RPTNMLMKQHPFFAX97DA,0.0,0.0,0.0,無,
馬公市,房地(土地+建物),鎖港一路７３巷２３弄２號,110.28,住,,,1090716,土地2建物1車位0,全,三層,透天厝,住家用,鋼筋混凝土造,1080703,214.49,6,2,7,有,無,8300000,38696,,0.0,0,,RPRNMLLKQHPFFAX77EA,204.38,10.11,0.0,無,
馬公市,土地,鎖港南段658-3地號,67.76,住,,,1090806,土地1建物0車位0,,,其他,,,,0.0,0,0,0,有,無,1118040,16500,,0.0,0,政府機關標讓售；,RPOOMLSKQHPFFAX18DA,0.0,0.0,0.0,無,
湖西鄉,土地,沙港北段1110地號,1304.08,,一般農業區,農牧用地,1090615,土地4建物0車位0,,,其他,,,,0.0,0,0,0,有,無,3000000,2300,,0.0,0,親友、員工、共有人或其他特殊關係間之交易；,RPXPMLRKQHPFFAX09DA,0.0,0.0,0.0,無,
馬公市,房地(土地+建物),鎖港一路７３巷２７弄８號,105.51,住,,,1090720,土地2建物1車位0,全,四層,透天厝,住家用,鋼筋混凝土造,1080703,204.16,6,2,7,有,無,7480000,36638,,0.0,0,,RPVNMLSKQHPFFAX78DA,186.61,17.55,0.0,無,
馬公市,房地(土地+建物),文山路７９號四樓,28.39,住,,,1090713,土地5建物1車位0,四層,七層,華廈(10層含以下有電梯),住家用,鋼筋混凝土造,0840804,157.35000000000002,3,2,2,有,有,4396000,27938,,0.0,0,,RPUNMLPKPHPFFAX28DA,99.63,0.0,17.8,有,
湖西鄉,土地,尖山北段98地號,981.62,,一般農業區,農牧用地,1090713,土地1建物0車位0,,,其他,,,,0.0,0,0,0,有,無,1300000,1324,,0.0,0,受債權債務關係影響或債務抵償；,RPXNMLNKPHPFFAX38DA,0.0,0.0,0.0,無,
馬公市,房地(土地+建物),鎖港一路７３巷２３弄６號,110.28,住,,,1090718,土地2建物1車位0,全,三層,透天厝,住家用,鋼筋混凝土造,1080703,215.18,6,2,7,有,無,8150000,37875,,0.0,0,,RPXNMLSKQHPFFAX98DA,204.38,10.8,0.0,無,
湖西鄉,土地,西溪新段127地號,2242.44,,一般農業區,農牧用地,1090708,土地1建物0車位0,,,其他,,,,0.0,0,0,0,有,無,1080000,482,,0.0,0,,RPQNMLNKQHPFFAX77DA,0.0,0.0,0.0,無,
馬公市,房地(土地+建物),經國路９７巷３９號五樓,22.58,商,,,1090727,土地1建物1車位0,五層，見其他登記事項,五層,華廈(10層含以下有電梯),集合住宅,鋼筋混凝土造,1090601,104.34,3,2,2,有,無,9800000,93924,,0.0,0,,RPQNMLRKQHPFFAX18DA,65.46,8.78,0.0,有,
馬公市,房地(土地+建物),經國路９７巷３９號四樓,19.48,商,,,1090727,土地1建物1車位0,四層,五層,華廈(10層含以下有電梯),集合住宅,鋼筋混凝土造,1090601,86.84,2,2,2,有,無,7500000,86366,,0.0,0,,RPRNMLRKQHPFFAX28DA,53.47,8.78,0.0,有,
湖西鄉,土地,許家段1206地號,1099.6,,一般農業區,農牧用地,1090515,土地1建物0車位0,,,其他,,,,0.0,0,0,0,有,無,4388000,3991,,0.0,0,,RPRNMLTKQHPFFAX48DA,0.0,0.0,0.0,無,
馬公市,土地,五德西段736地號,693.57,,一般農業區,農牧用地,1090605,土地1建物0車位0,,,其他,,,,0.0,0,0,0,有,無,2727000,3932,,0.0,0,,RPPNMLKLQHPFFAX47DA,0.0,0.0,0.0,無,
馬公市,房地(土地+建物),經國路９７巷３９號三樓,19.48,商,,,1090727,土地1建物1車位0,三層,五層,華廈(10層含以下有電梯),集合住宅,鋼筋混凝土造,1090601,86.84,2,2,2,有,無,5980000,68862,,0.0,0,,RPTNMLRKQHPFFAX48DA,53.47,8.78,0.0,有,
馬公市,房地(土地+建物),西文澳６３之５８號二樓之２,34.06,住,,,1090730,土地1建物1車位0,二層,五層,華廈(10層含以下有電梯),集合住宅,鋼筋混凝土造,1080522,119.99,3,2,2,有,無,5800000,48337,,0.0,0,,RPXOMLRKQHPFFAX98DA,77.17,12.52,0.0,有,
馬公市,房地(土地+建物),西文澳６３之５８號五樓之２,34.32,住,,,1090730,土地1建物1車位0,五層,五層,華廈(10層含以下有電梯),集合住宅,鋼筋混凝土造,1080522,119.96,3,2,2,有,無,5800000,48349,,0.0,0,,RPOPMLRKQHPFFAX18DA,76.26,13.43,0.0,有,
馬公市,房地(土地+建物),西文澳６３之５８號五樓之１,23.92,住,,,1090730,土地1建物1車位0,五層,五層,華廈(10層含以下有電梯),集合住宅,鋼筋混凝土造,1080522,83.1,2,2,2,有,無,4200000,50542,,0.0,0,,RPPPMLRKQHPFFAX28DA,54.2,7.92,0.0,有,
馬公市,房地(土地+建物),西文澳６３之５７號,20.8,住,,,1090730,土地1建物1車位0,一層,五層,華廈(10層含以下有電梯),集合住宅,鋼筋混凝土造,1080522,72.51,2,2,2,有,無,4800000,66198,,0.0,0,,RPQPMLRKQHPFFAX38DA,54.2,0.0,0.0,有,
馬公市,房地(土地+建物)+車位,西文澳６３之５８號,6.5,住,,,1090730,土地1建物1車位1,一層,五層,華廈(10層含以下有電梯),集合住宅,鋼筋混凝土造,1080522,47.3,1,1,1,有,無,2200000,46512,一樓平面,0.0,800000,,RPRPMLRKQHPFFAX48DA,16.67,0.0,0.0,有,
馬公市,房地(土地+建物),西文澳６３之５８號二樓之１,23.92,住,,,1090730,土地1建物1車位0,二層,五層,華廈(10層含以下有電梯),集合住宅,鋼筋混凝土造,1080522,83.1,2,2,2,有,無,4100000,49338,,0.0,0,,RPSPMLRKQHPFFAX58DA,54.2,7.92,0.0,有,
馬公市,房地(土地+建物),西文澳６３之５８號三樓之２,34.32,住,,,1090730,土地1建物1車位0,三層,五層,華廈(10層含以下有電梯),集合住宅,鋼筋混凝土造,1080522,119.96,3,2,2,有,無,5700000,47516,,0.0,0,,RPTPMLRKQHPFFAX68DA,77.17,12.52,0.0,有,
馬公市,房地(土地+建物),西文澳６３之５８號三樓之１,23.92,住,,,1090730,土地1建物1車位0,三層,五層,華廈(10層含以下有電梯),集合住宅,鋼筋混凝土造,1080522,83.1,2,2,2,有,無,4250000,51143,,0.0,0,,RPUPMLRKQHPFFAX78DA,54.2,7.92,0.0,有,
馬公市,房地(土地+建物),西文澳６３之５８號四樓之２,34.32,住,,,1090730,土地1建物1車位0,四層,五層,華廈(10層含以下有電梯),集合住宅,鋼筋混凝土造,1080522,119.96,3,2,2,有,無,5900000,49183,,0.0,0,,RPVPMLRKQHPFFAX88DA,77.17,12.52,0.0,有,
馬公市,房地(土地+建物),西文澳６３之５８號四樓之１,23.92,住,,,1090730,土地1建物1車位0,四層,五層,華廈(10層含以下有電梯),集合住宅,鋼筋混凝土造,1080522,83.1,2,2,2,有,無,3900000,46931,,0.0,0,,RPWPMLRKQHPFFAX98DA,54.2,7.92,0.0,有,
七美鄉,土地,大嶼段4403地號,60.0,,一般農業區,甲種建築用地,1090708,土地1建物0車位0,,,其他,,,,0.0,0,0,0,有,無,26000,433,,0.0,0,雙方約定土地增值稅及地政士服務費由買方負擔。親友、員工、共有人或其他特殊關係間之交易；,RPRNMLSJPHPFFAX18DA,0.0,0.0,0.0,無,
馬公市,土地,烏崁新段1504地號,52.66,,鄉村區,乙種建築用地,1090820,土地1建物0車位0,,,其他,,,,0.0,0,0,0,有,無,750000,14242,,0.0,0,畸零地或有合併使用效益；,RPSNMLKLQHPFFAX77DA,0.0,0.0,0.0,無,
馬公市,土地,中衛段707-5地號,25.58,農,,,1090810,土地1建物0車位0,,,其他,,,,0.0,0,0,0,有,無,540761,21140,,0.0,0,政府機關標讓售；,RPPNMLOLQHPFFAX87DA,0.0,0.0,0.0,無,
馬公市,房地(土地+建物),烏崁３７號,190.97,,鄉村區,乙種建築用地,1090813,土地1建物1車位0,全,二層,透天厝,住家用,加強磚造,0821122,137.92,3,1,2,有,無,4600000,33353,,0.0,0,,RPUNMLOLQHPFFAX38DA,134.45,3.47,0.0,無,
馬公市,土地,南澳段104地號,423.99,商,,,1090808,土地2建物0車位0,,,其他,,,,0.0,0,0,0,有,無,30000000,70756,,0.0,0,,RPTNMLKLQHPFFAX87DA,0.0,0.0,0.0,無,
白沙鄉,土地,赤崁北段294地號,546.27,,一般農業區,農牧用地,1090806,土地1建物0車位0,,,其他,,,,0.0,0,0,0,有,無,3310000,6059,,0.0,0,,RPXNMLTKQHPFFAX09DA,0.0,0.0,0.0,無,
湖西鄉,土地,沙港北段1525地號,27.25,,鄉村區,乙種建築用地,1090807,土地1建物0車位0,,,其他,,,,0.0,0,0,0,有,無,125000,4587,,0.0,0,親友、員工、共有人或其他特殊關係間之交易；,RPSNMLLLQHPFFAX97EA,0.0,0.0,0.0,無,
馬公市,土地,海堤段760地號,11.34,非都市： ; 非都市編定：,,,1090813,土地1建物0車位0,,,其他,,,,0.0,0,0,0,有,無,190428,16793,,0.0,0,協議價購每平方公尺16800元包含公共設施保留地用地；協議價購；,RPUNMLMKQHPFFAX08DA,0.0,0.0,0.0,無,
馬公市,土地,海堤段295地號,121.48,非都市： ; 非都市編定：,,,1090727,土地1建物0車位0,,,其他,,,,0.0,0,0,0,有,無,2040864,16800,,0.0,0,包含公共設施保留地用地；協議價購；,RPPNMLRLPHPFFAX08DA,0.0,0.0,0.0,無,
馬公市,土地,海堤段760地號,11.34,非都市： ; 非都市編定：,,,1090817,土地1建物0車位0,,,其他,,,,0.0,0,0,0,有,無,190428,16793,,0.0,0,協議價購每平方公尺16800元包含公共設施保留地用地；協議價購；,RPUOMLRKQHPFFAX68DA,0.0,0.0,0.0,無,
西嶼鄉,土地,二崁北段1030地號,2207.45,,一般農業區,農牧用地,1090616,土地1建物0車位0,,,其他,,,,0.0,0,0,0,有,無,2011000,911,,0.0,0,地清或未辦繼承標售；,RPVNMLTKQHPFFAX88DA,0.0,0.0,0.0,無,
馬公市,土地,南澳段104地號,423.99,商,,,1090808,土地2建物0車位0,,,其他,,,,0.0,0,0,0,有,無,30000000,70756,,0.0,0,,RPUNMLKLQHPFFAX97DA,0.0,0.0,0.0,無,
馬公市,房地(土地+建物),頭掛５１１號,197.29,,一般農業區,甲種建築用地,1090729,土地1建物1車位0,全,三層,透天厝,住家用,鋼筋混凝土造,1080311,256.56,6,1,6,有,無,9500000,37028,,0.0,0,,RPSNMLPLQHPFFAX28DA,249.45,7.11,0.0,無,
湖西鄉,土地,許家段462-1地號,336.47,,一般農業區,甲種建築用地,1090710,土地1建物0車位0,,,其他,,,,0.0,0,0,0,有,無,7630000,22677,,0.0,0,,RPPNMLQLQHPFFAX08DA,0.0,0.0,0.0,無,
馬公市,房地(土地+建物),林森路８７巷２２弄６號,80.66,住,,,1090812,土地1建物1車位0,全,二層,透天厝,住家用,鋼筋混凝土加強磚造,0650628,82.8,3,1,1,有,無,3800000,45894,,0.0,0,,RPUNMLQLQHPFFAX58DA,82.8,0.0,0.0,無,
馬公市,房地(土地+建物),西衛１０１５號,212.87,,一般農業區,甲種建築用地,1080603,土地3建物1車位0,全,三層,透天厝,住家用,鋼筋混凝土造,1090508,277.0,5,2,5,有,無,9880000,35668,,0.0,0,,RPQNMLNLQHPFFAX87DA,263.94,13.06,0.0,無,
白沙鄉,土地,瓦硐南段245地號,1102.17,,一般農業區,農牧用地,1090722,土地1建物0車位0,,,其他,,,,0.0,0,0,0,有,無,1310001,1189,,0.0,0,地清或未辦繼承標售；,RPRNMLPLQHPFFAX18DA,0.0,0.0,0.0,無,
白沙鄉,土地,赤崁西段593-3地號,91.89,,一般農業區,農牧用地,1090819,土地1建物0車位0,,,其他,,,,0.0,0,0,0,有,無,129000,1404,,0.0,0,親友、員工、共有人或其他特殊關係間之交易；,RPOOMLQLQHPFFAX08DA,0.0,0.0,0.0,無,
馬公市,土地,六合段210-4地號,88.11,,一般農業區,交通用地,1090529,土地1建物0車位0,,,其他,,,,0.0,0,0,0,有,無,987000,11202,,0.0,0,,RPQNMLRLQHPFFAX28DA,0.0,0.0,0.0,無,
湖西鄉,土地,紅羅段694地號,493.37,,一般農業區,農牧用地,1090703,土地1建物0車位0,,,其他,,,,0.0,0,0,0,有,無,2014000,4082,,0.0,0,,RPPNMLPLQHPFFAX97DA,0.0,0.0,0.0,無,
馬公市,土地,文寮段422地號,563.89,,一般農業區,農牧用地,1090729,土地1建物0車位0,,,其他,,,,0.0,0,0,0,有,無,5117000,9074,,0.0,0,,RPRNMLKLQHPFFAX67DA,0.0,0.0,0.0,無,
湖西鄉,土地,龍門南段574地號,359.72,,一般農業區,農牧用地,1090825,土地1建物0車位0,,,其他,,,,0.0,0,0,0,有,無,150000,417,,0.0,0,親友、員工、共有人或其他特殊關係間之交易；急買急賣；,RPSNMLRLQHPFFAX58EA,0.0,0.0,0.0,無,
馬公市,房地(土地+建物),新村路２４號,37.74,住,,,1090818,土地2建物1車位0,一層，二層，電梯樓梯間,五層,公寓(5樓含以下無電梯),集合住宅,鋼筋混凝土造,0730629,76.33,2,0,1,有,無,6500000,85157,,0.0,0,,RPUNMLTKQHPFFAX78DA,76.33,0.0,0.0,無,
馬公市,土地,烏崁新段1786地號,688.44,,一般農業區,農牧用地,1081008,土地1建物0車位0,,,其他,,,,0.0,0,0,0,有,無,11215000,16290,,0.0,0,農變建專案核准興建住宅,RPUNMLRLQHPFFAX68DA,0.0,0.0,0.0,無,
白沙鄉,土地,後寮東段1693地號,437.59,,一般農業區,農牧用地,1090620,土地2建物0車位0,,,其他,,,,0.0,0,0,0,有,無,1400000,3199,,0.0,0,,RPPOMLQLQHPFFAX18DA,0.0,0.0,0.0,無,
馬公市,房地(土地+建物),六合路５５巷１０號,108.53,,,,1090713,土地1建物1車位0,全,二層,透天厝,住家用,鋼筋混凝土加強磚造,0770728,136.57,4,2,2,有,無,7500000,54917,,0.0,0,,RPQNMLPLQHPFFAX08DA,136.57,0.0,0.0,無,
湖西鄉,土地,尖山中段1327地號,31.89,,一般農業區,遊憩用地,1090812,土地1建物0車位0,,,其他,,,,0.0,0,0,0,有,無,202502,6350,,0.0,0,政府機關標讓售；,RPQNMLOLQHPFFAX08EA,0.0,0.0,0.0,無,
馬公市,土地,鐵線段666-7地號,220.82,,一般農業區,甲種建築用地,1090803,土地2建物0車位0,,,其他,,,,0.0,0,0,0,有,無,6780000,30704,,0.0,0,農變建移轉土地 含興建中建物之成本 共678萬,RPPNMLRLQHPFFAX18DA,0.0,0.0,0.0,無,
馬公市,土地,文東段1826地號,512.96,,一般農業區,農牧用地,1090821,土地1建物0車位0,,,其他,,,,0.0,0,0,0,有,無,1360000,2651,,0.0,0,,RPVNMLQLQHPFFAX68DA,0.0,0.0,0.0,無,
湖西鄉,土地,尖山南段444地號,1608.76,,一般農業區,農牧用地,1090820,土地2建物0車位0,,,其他,,,,0.0,0,0,0,有,無,8100000,5035,,0.0,0,,RPPNMLKMQHPFFAX57DA,0.0,0.0,0.0,無,
馬公市,土地,北極段745地號,697.2,商,,,1090815,土地3建物0車位0,,,其他,,,,0.0,0,0,0,有,無,10100000,14487,,0.0,0,,RPTNMLLMQHPFFAX08DA,0.0,0.0,0.0,無,
湖西鄉,土地,成功南段851-6地號,211.88,,一般農業區,甲種建築用地,1090518,土地2建物0車位0,,,其他,,,,0.0,0,0,0,有,無,7490000,35350,,0.0,0,農變建移轉土地，含未來興建中建物之成本 共749萬,RPVNMLLMQHPFFAX28DA,0.0,0.0,0.0,無,
馬公市,房地(土地+建物),西衛１０１６號,213.59,,一般農業區,甲種建築用地,1090511,土地3建物1車位0,全,三層,透天厝,住家用,鋼筋混凝土造,1090508,277.0,5,2,5,有,無,10880000,39278,,0.0,0,,RPPNMLNLQHPFFAX77DA,263.94,13.06,0.0,無,
湖西鄉,土地,湖西南段1946地號,1835.7,,一般農業區,農牧用地,1090605,土地3建物0車位0,,,其他,,,,0.0,0,0,0,有,無,6100000,3323,,0.0,0,,RPSNMLSLQHPFFAX68EA,0.0,0.0,0.0,無,
馬公市,土地,興仁段1123地號,43.01,,一般農業區,農牧用地,1090804,土地2建物0車位0,,,其他,,,,0.0,0,0,0,有,無,82058,1908,,0.0,0,,RPTNMLQLQHPFFAX58EA,0.0,0.0,0.0,無,
馬公市,土地,中衛段700地號,446.14,農,,,1090822,土地1建物0車位0,,,其他,,,,0.0,0,0,0,有,無,2100000,4707,,0.0,0,,RPSNMLLJRHPFFAX87EA,0.0,0.0,0.0,無,
馬公市,土地,興仁段1123地號,43.01,,一般農業區,農牧用地,1090817,土地2建物0車位0,,,其他,,,,0.0,0,0,0,有,無,82058,1908,,0.0,0,,RPQNMLQLQHPFFAX28EA,0.0,0.0,0.0,無,
馬公市,土地,馬公段1230地號,40.0,商,,,1090818,土地2建物0車位0,,,其他,,,,0.0,0,0,0,有,無,4350000,108750,,0.0,0,,RPQNMLKLQHPFFAX57DA,0.0,0.0,0.0,無,
馬公市,土地,光華段529-3地號,214.6,,一般農業區,農牧用地,1090819,土地1建物0車位0,,,其他,,,,0.0,0,0,0,有,無,3250000,15144,,0.0,0,,RPPNMLLJRHPFFAX47DA,0.0,0.0,0.0,無,
馬公市,土地,鐵線段1189地號,1397.1,,一般農業區,農牧用地,1090807,土地1建物0車位0,,,其他,,,,0.0,0,0,0,有,無,4500000,3221,,0.0,0,,RPUNMLLMQHPFFAX18DA,0.0,0.0,0.0,無,
馬公市,土地,國宅段317地號,85.16,住,,,1090729,土地1建物0車位0,,,其他,,,,0.0,0,0,0,有,無,600000,7046,,0.0,0,,RPSNMLLMQHPFFAX97DA,0.0,0.0,0.0,無,
馬公市,土地,興崁段522地號,16.91,,一般農業區,農牧用地,1090824,土地1建物0車位0,,,其他,,,,0.0,0,0,0,有,無,80000,4731,,0.0,0,,RPPNMLNJRHPFFAX67DA,0.0,0.0,0.0,無,
馬公市,土地,興崁段571地號,920.32,,一般農業區,農牧用地,1090825,土地1建物0車位0,,,其他,,,,0.0,0,0,0,有,無,34320000,37291,,0.0,0,土地交易案件之價格含未來興建房屋成本；,RPSNMLNJRHPFFAX97DA,0.0,0.0,0.0,無,
湖西鄉,土地,沙港北段195地號,394.57,,一般農業區,農牧用地,1090806,土地1建物0車位0,,,其他,,,,0.0,0,0,0,有,無,4443252,11261,,0.0,0,,RPTNMLNJRHPFFAX08DA,0.0,0.0,0.0,無,
馬公市,土地,興仁段1510地號,2259.01,,一般農業區,農牧用地,1090421,土地1建物0車位0,,,其他,,,,0.0,0,0,0,有,無,19470000,8619,,0.0,0,,RPPNMLOJRHPFFAX77DA,0.0,0.0,0.0,無,
馬公市,房地(土地+建物),大賢街９１巷５號,176.17,住,,,1090706,土地2建物1車位0,全,四層,透天厝,住家用,鋼筋混凝土造,1030516,286.82,6,1,6,有,無,16000000,55784,,0.0,0,,RPTNMLOJRHPFFAX18DA,277.9,8.92,0.0,無,
馬公市,房地(土地+建物),石泉１之６２號,49.4,,鄉村區,乙種建築用地,1090729,土地1建物1車位0,全,三層,透天厝,住家用,鋼筋混凝土造,0720118,100.62,3,2,1,有,無,3300000,32797,,0.0,0,,RPUNMLMJRHPFFAX08DA,100.62,0.0,0.0,無,
馬公市,土地,四維段267地號,1606.38,,一般農業區,農牧用地,1090614,土地1建物0車位0,,,其他,,,,0.0,0,0,0,有,無,23080000,14368,,0.0,0,,RPVNMLMJRHPFFAX18DA,0.0,0.0,0.0,無,
馬公市,房地(土地+建物),五福路１３８巷１５９號,214.21,,一般農業區,甲種建築用地,1090714,土地2建物1車位0,全,三層,透天厝,住家用,鋼筋混凝土造,1090302,233.28,4,3,4,有,無,8800000,37723,,0.0,0,,RPWNMLQLQHPFFAX78DA,220.79,12.49,0.0,無,
西嶼鄉,土地,二崁南段688-1地號,63.93,非都市： ; 非都市編定：,,,1090810,土地3建物0車位0,,,其他,,,,0.0,0,0,0,有,無,268506,4200,,0.0,0,協議價購每平方公尺4200元包含公共設施保留地用地；協議價購；,RPVNMLQJQHPFFAX48DA,0.0,0.0,0.0,無,
七美鄉,土地,大嶼段5222地號,328.06,,一般農業區,農牧用地,1090728,土地1建物0車位0,,,其他,,,,0.0,0,0,0,有,無,393666,1200,,0.0,0,親友、員工、共有人或其他特殊關係間之交易；,RPQNMLLKQHPFFAX57DA,0.0,0.0,0.0,無,
馬公市,土地,馬公段2558-2地號,1.78,住,,,1090826,土地1建物0車位0,,,其他,,,,0.0,0,0,0,有,無,144661,81270,,0.0,0,政府機關標讓售；,RPOOMLSJRHPFFAX18DA,0.0,0.0,0.0,無,
馬公市,土地,案山段190地號,3.68,住,,,1090829,土地1建物0車位0,,,其他,,,,0.0,0,0,0,有,無,100000,27174,,0.0,0,,RPTNMLRJRHPFFAX48DA,0.0,0.0,0.0,無,
馬公市,土地,裡新段157-1地號,92.34,,鄉村區,乙種建築用地,1090827,土地2建物0車位0,,,其他,,,,0.0,0,0,0,有,無,1080000,11696,,0.0,0,親友、員工、共有人或其他特殊關係間之交易；,RPSNMLMJRHPFFAX87DA,0.0,0.0,0.0,無,
湖西鄉,土地,成功南段1046地號,2110.43,,一般農業區,農牧用地,1090801,土地1建物0車位0,,,其他,,,,0.0,0,0,0,有,無,13540000,6416,,0.0,0,,RPUNMLRJRHPFFAX58DA,0.0,0.0,0.0,無,
馬公市,土地,文東段819地號,77.46,,一般農業區,甲種建築用地,1090901,土地3建物0車位0,,,其他,,,,0.0,0,0,0,有,無,2251000,29060,,0.0,0,,RPVNMLRJRHPFFAX68DA,0.0,0.0,0.0,無,
湖西鄉,土地,湖西南段1985地號,97.12,,一般農業區,農牧用地,1090902,土地1建物0車位0,,,其他,,,,0.0,0,0,0,有,無,323166,3327,,0.0,0,,RPRNMLSJRHPFFAX38DA,0.0,0.0,0.0,無,
湖西鄉,土地,沙港南段924地號,2300.85,,一般農業區,農牧用地,1090825,土地1建物0車位0,,,其他,,,,0.0,0,0,0,有,無,66860000,29059,,0.0,0,土地交易案件之價格含未來興建房屋成本；,RPSNMLSJRHPFFAX48DA,0.0,0.0,0.0,無,
馬公市,土地,興仁段307地號,2270.16,,一般農業區,農牧用地,1090901,土地1建物0車位0,,,其他,,,,0.0,0,0,0,有,無,85170000,37517,,0.0,0,土地交易案件之價格含未來興建房屋成本；,RPTNMLSJRHPFFAX58DA,0.0,0.0,0.0,無,
馬公市,房地(土地+建物),東衛７之２１號,125.62,,一般農業區,甲種建築用地,1090710,土地3建物1車位0,全,三層,透天厝,住家用,鋼筋混凝土造,0930630,205.17,5,2,3,有,無,7200000,35093,,0.0,0,,RPVNMLSJRHPFFAX78DA,191.14,14.03,0.0,無,
馬公市,土地,五福段765地號,2643.18,,一般農業區,農牧用地,1090610,土地1建物0車位0,,,其他,,,,0.0,0,0,0,有,無,29689640,11233,,0.0,0,依土地法第34條之1處分,RPSNMLRJRHPFFAX38DA,0.0,0.0,0.0,無,
馬公市,土地,文寮段514地號,315.9,,鄉村區,乙種建築用地,1090820,土地1建物0車位0,,,其他,,,,0.0,0,0,0,有,無,6500000,20576,,0.0,0,未登記建物；,RPSNMLTJRHPFFAX58DA,0.0,0.0,0.0,無,
馬公市,土地,五福段816-4地號,133.94,,一般農業區,農牧用地,1090903,土地3建物0車位0,,,其他,,,,0.0,0,0,0,有,無,1600000,11946,,0.0,0,,RPTNMLTJRHPFFAX68DA,0.0,0.0,0.0,無,
馬公市,房地(土地+建物),北辰街１７巷５弄７之１號,42.26,住,,,1090823,土地2建物1車位0,二層,五層,公寓(5樓含以下無電梯),集合住宅,鋼筋混凝土造,0730629,86.17,3,2,2,有,無,4500000,52222,,0.0,0,,RPRNMLKKRHPFFAX67DA,86.17,0.0,0.0,無,
馬公市,建物,石泉１之１３２號,0.0,,,,1090831,土地0建物1車位0,全,三層,透天厝,住家用,鋼筋混凝土造,0730621,122.8,3,3,3,有,無,900000,7329,,0.0,0,,RPSNMLKKRHPFFAX77DA,122.8,0.0,0.0,無,
馬公市,房地(土地+建物),文明路６６號二樓,26.88,住,,,1090826,土地3建物1車位0,二層,七層,華廈(10層含以下有電梯),住家用,鋼筋混凝土造,0841208,120.58999999999999,2,1,2,有,有,3730000,30931,,0.0,0,,RPRNMLTJRHPFFAX48DA,89.83,0.0,7.13,有,
馬公市,土地,烏崁新段1306地號,205.69,,鄉村區,乙種建築用地,1090830,土地1建物0車位0,,,其他,,,,0.0,0,0,0,有,無,1800000,8751,,0.0,0,,RPPNMLTJRHPFFAX38EA,0.0,0.0,0.0,無,
馬公市,土地,山水南段551地號,210.34,,鄉村區,乙種建築用地,1090831,土地1建物0車位0,,,其他,,,,0.0,0,0,0,有,無,3650000,17353,,0.0,0,,RPPNMLMJRHPFFAX57DA,0.0,0.0,0.0,無,
馬公市,土地,光榮段358地號,120.35,非都市： ; 非都市編定：,,,1090721,土地1建物0車位0,,,其他,,,,0.0,0,0,0,有,無,6571311,54602,,0.0,0,包含公共設施保留地用地；協議價購；,RPSNMLLMPHPFFAX87DA,0.0,0.0,0.0,無,
