﻿鄉鎮市區,交易標的,土地位置建物門牌,土地面積平方公尺,都市土地使用分區,非都市土地使用分區,非都市土地使用編定,租賃年月日,租賃筆棟數,租賃層次,總樓層數,建物型態,主要用途,主要建材,建築完成年月,建物總面積平方公尺,建物現況格局-房,建物現況格局-廳,建物現況格局-衛,建物現況格局-隔間,有無管理組織,有無附傢俱,總額元,單價元平方公尺,車位類別,車位面積平方公尺,車位總額元,備註,編號
The villages and towns urban district,transaction sign,land sector position building sector house number plate,land shifting total area square meter,the use zoning or compiles and checks,the non-metropolis land use district,non-metropolis land use,transaction year month and day,transaction pen number,shifting level,total floor number,building state,main use,main building materials,construction to complete the years,building shifting total area,Building present situation pattern - room,building present situation pattern - hall,building present situation pattern - health,building present situation pattern - compartmented,Whether there is manages the organization,Whether there is attaches the furniture,total price NTD,the unit price (NTD / square meter),the berth category,berth shifting total area square meter,the berth total price NTD,the note,serial number
安樂區,房地(土地+建物),基隆市安樂區基金一路３７９巷２３號,672.66,工,,,1101106,土地2建物1車位0,見其他登記事項,2,廠辦,廠房,鋼筋混凝土造,0770621,307.3,0,0,0,無,無,無,95000,309,,0.0,0,一樓外空地在契約中給予承租方兩個車位的使用權. 每個月出租方開立租金發票給承租方租金內含5%營業稅稅金部分由屋主自行繳納,RPXQMLLKJIGGFDC08CC
中正區,房地(土地+建物),基隆市中正區中正路７３０號１樓,26.0,商,,,1101022,土地1建物1車位0,一層,4,店面(店鋪),住商用,鋼筋混凝土造,0590218,87.19,0,0,0,無,無,無,26169,300,,0.0,0,自2021年11月10日至2021年12月9日為本租賃物之免租金裝修期,RPSPMLMKJIGGFDC67DC
安樂區,房地(土地+建物),基隆市安樂區樂一路９６號２樓,22.59,住,,,1101111,土地1建物1車位0,二層,5,公寓(5樓含以下無電梯),住家用,鋼筋混凝土造,0760808,83.83,3,1,2,有,無,有,10000,119,,0.0,0,,RPUOMLPKJIGGFDC97CC
信義區,房地(土地+建物),基隆市信義區東信路１４７號,17.0,商,,,1101102,土地1建物1車位0,一層,5,公寓(5樓含以下無電梯),商業用,鋼筋混凝土造,0730613,98.77,0,0,0,無,無,無,13000,132,,0.0,0,此案沒有租夾層，只租一層跟地下層。為好友不動產經紀有限公司基隆成功營業處承辦。,RPPOMLQKJIGGFDC57CC
仁愛區,建物,基隆市仁愛區獅球路１３９之８號,0.0,住,,,1101023,土地0建物1車位0,四層,5,公寓(5樓含以下無電梯),住家用,鋼筋混凝土加強磚造,0660113,68.95,3,1,1,有,無,有,7000,102,,0.0,0,108年度基隆市社會住宅包租代管第二期計畫,RPOPMLQKJIGGFDC57CC
中山區,建物,基隆市中山區安一路３１號４樓,0.0,商,,,1101019,土地0建物1車位0,四層,5,公寓(5樓含以下無電梯),住家用,鋼筋混凝土造,0831125,73.17,2,1,1,有,無,有,10000,137,,0.0,0,108年度基隆市社會住宅包租代管第二期計畫,RPPPMLQKJIGGFDC67CC
暖暖區,建物,基隆市暖暖區碇內街３５１號,0.0,住,,,1101019,土地0建物1車位0,一層,6,華廈(10層含以下有電梯),住家用,鋼筋混凝土造,0840517,108.34,3,1,2,有,無,有,11000,102,,0.0,0,108年度基隆市社會住宅包租代管第二期計畫,RPRPMLQKJIGGFDC87CC
安樂區,建物,基隆市安樂區基金一路１２１巷１４之６號１樓,0.0,其他,,,1101023,土地0建物1車位0,一層,5,公寓(5樓含以下無電梯),住家用,鋼筋混凝土造,0850930,82.78,3,2,2,有,無,有,10000,121,,0.0,0,108年度基隆市社會住宅包租代管第二期計畫,RPQOMLRKJIGGFDC77CC
安樂區,建物,基隆市安樂區中和路８５巷２３號８樓之２,0.0,其他,,,1101019,土地0建物1車位0,八層,11,住宅大樓(11層含以上有電梯),住家用,鋼筋混凝土造,0860508,41.7,2,1,1,有,有,有,8000,192,,0.0,0,108年度基隆市社會住宅包租代管第二期計畫,RPROMLRKJIGGFDC87CC
七堵區,建物,基隆市七堵區明德二路１１號２樓,0.0,住,,,1101023,土地0建物1車位0,二層,5,華廈(10層含以下有電梯),集合住宅,鋼筋混凝土造,1070914,64.27,3,1,2,有,有,有,12000,187,,0.0,0,108年度基隆市社會住宅包租代管第二期計畫,RPSOMLRKJIGGFDC97CC
安樂區,房地(土地+建物),基隆市安樂區基金一路１１２巷１１０弄１５之８號２樓,26.84,住,,,1101114,土地1建物1車位0,二層,7,華廈(10層含以下有電梯),住家用,鋼筋混凝土造,0851107,116.46000000000001,3,2,1,有,有,有,9800,84,,0.0,0,,RPXNMLTKJIGGFDC58CC
仁愛區,房地(土地+建物),基隆市仁愛區愛四路８６號,88.0,商,,,1100929,土地2建物1車位0,一層,5,店面(店鋪),商業用,鋼筋混凝土造,0830715,94.01,0,0,0,無,無,無,80000,851,,0.0,0,,RPQOMLMLJIGGFDC37CC
中山區,建物,基隆市中山區復興路２５９巷２５之２號２樓,0.0,住,,,1101105,土地0建物1車位0,二層,5,公寓(5樓含以下無電梯),住家用,鋼筋混凝土造,0830930,72.51,2,1,1,有,無,有,7000,97,,0.0,0,基隆市社會住宅包租代管第三期計畫,RPSPMLKMJIGGFDC57CC
信義區,建物,基隆市信義區東信路３５巷３號,0.0,住,,,1101105,土地0建物1車位0,一層,3,公寓(5樓含以下無電梯),住家用,加強磚造,0601007,68.62,2,1,1,有,無,有,12000,175,,0.0,0,基隆市社會住宅包租代管第三期計畫,RPTPMLKMJIGGFDC67CC
安樂區,建物,基隆市安樂區安和二街１４之１號９樓,0.0,其他,,,1101105,土地0建物1車位0,九層,16,住宅大樓(11層含以上有電梯),國民住宅,鋼筋混凝土造,0850120,91.56,3,2,2,有,有,有,15000,164,,0.0,0,基隆市社會住宅包租代管第三期計畫,RPUPMLKMJIGGFDC77CC
信義區,建物,基隆市信義區深溪路３６巷５０弄１４號７樓,0.0,住,,,1101105,土地0建物1車位0,七層,7,華廈(10層含以下有電梯),住家用,鋼筋混凝土造,0840322,129.49,4,2,2,有,有,有,13700,106,,0.0,0,基隆市社會住宅包租代管第三期計畫,RPVPMLKMJIGGFDC87CC
中正區,建物,基隆市中正區觀海街１２６號,0.0,住,,,1101105,土地0建物1車位0,一層,16,住宅大樓(11層含以上有電梯),住家用,鋼筋混凝土造,0880114,101.54,4,1,2,有,有,有,12000,118,,0.0,0,基隆市社會住宅包租代管第三期計畫,RPXPMLKMJIGGFDC08CC
信義區,建物,基隆市信義區深溪路３６巷５０弄８號２樓,0.0,住,,,1101106,土地0建物1車位0,二層,7,華廈(10層含以下有電梯),住家用,鋼筋混凝土造,0840515,110.81,4,2,2,有,有,有,15000,135,,0.0,0,基隆市社會住宅包租代管第三期計畫,RPOPMLLJKIGGFDC07CC
安樂區,建物,基隆市安樂區中和路８５巷２２號９樓之２,0.0,其他,,,1101106,土地0建物1車位0,九層,11,住宅大樓(11層含以上有電梯),住家用,鋼筋混凝土造,0860508,70.77,4,2,2,有,有,有,15000,212,,0.0,0,基隆市社會住宅包租代管第三期計畫,RPPPMLLJKIGGFDC17CC
七堵區,建物,基隆市七堵區泰安路１之３號７樓,0.0,住,,,1101106,土地0建物1車位0,七層,7,華廈(10層含以下有電梯),集合住宅,鋼筋混凝土造,1080925,65.96,2,2,1,有,有,有,15000,227,,0.0,0,基隆市社會住宅包租代管第三期計畫,RPQPMLLJKIGGFDC27CC
暖暖區,建物,基隆市暖暖區暖暖街２８１巷１５號１０樓,0.0,住,,,1101106,土地0建物1車位0,十層,13,住宅大樓(11層含以上有電梯),集合住宅,鋼筋混凝土造,1021204,104.58,3,2,2,有,有,有,18000,172,,0.0,0,基隆市社會住宅包租代管第三期計畫,RPRPMLLJKIGGFDC37CC
暖暖區,建物,基隆市暖暖區暖暖街２０９之１號,0.0,住,,,1101106,土地0建物1車位0,二層,4,公寓(5樓含以下無電梯),住家用,鋼筋混凝土造,0691022,78.25,3,1,1,有,無,有,10000,128,,0.0,0,基隆市社會住宅包租代管第三期計畫,RPSPMLLJKIGGFDC47CC
信義區,建物,基隆市信義區東明路１５３之１號,0.0,商,,,1101106,土地0建物1車位0,二層,4,公寓(5樓含以下無電梯),住家用,加強磚造,0580930,72.94,2,2,2,有,無,有,12000,165,,0.0,0,基隆市社會住宅包租代管第三期計畫,RPTPMLLJKIGGFDC57CC
暖暖區,建物,基隆市暖暖區東碇路３１０之１號２樓,0.0,住,,,1101106,土地0建物1車位0,二層,9,華廈(10層含以下有電梯),住家用,鋼筋混凝土造,0860623,24.92,1,1,1,有,有,有,7200,289,,0.0,0,基隆市社會住宅包租代管第三期計畫,RPUPMLLJKIGGFDC67CC
中正區,建物,基隆市中正區新豐街１６１巷１０８號６樓,0.0,住,,,1101106,土地0建物1車位0,六層,7,華廈(10層含以下有電梯),集合住宅,鋼筋混凝土造,1051007,55.29,1,1,1,有,有,有,11000,199,,0.0,0,基隆市社會住宅包租代管第三期計畫,RPVPMLLJKIGGFDC77CC
信義區,建物,基隆市信義區信二路８２號４樓,0.0,住,,,1101106,土地0建物1車位0,四層,7,華廈(10層含以下有電梯),住家用,鋼筋混凝土造,0890202,68.79,2,1,1,有,有,有,12000,174,,0.0,0,基隆市社會住宅包租代管第三期計畫,RPWNMLMJKIGGFDC77CC
暖暖區,建物,基隆市暖暖區碇內街２３８號８樓,0.0,住,,,1101109,土地0建物1車位0,八層,10,華廈(10層含以下有電梯),住家用,鋼筋混凝土造,0850217,74.53,2,1,1,有,有,有,12000,161,,0.0,0,基隆市社會住宅包租代管第三期計畫,RPXNMLMJKIGGFDC87CC
七堵區,建物,基隆市七堵區明德二路１５之５１號６樓之８,0.0,住,,,1101109,土地0建物1車位0,六層,12,住宅大樓(11層含以上有電梯),住家用,鋼筋混凝土造,0840801,52.52,2,1,1,有,有,有,11000,209,,0.0,0,基隆市社會住宅包租代管第三期計畫,RPQOMLMJKIGGFDC27CC
中正區,建物,基隆市中正區調和街１７之３號２樓,0.0,住,,,1101109,土地0建物1車位0,二層,5,公寓(5樓含以下無電梯),住家用,鋼筋混凝土造,0760323,82.45,3,1,1,有,無,有,12000,146,,0.0,0,基隆市社會住宅包租代管第三期計畫,RPSOMLMJKIGGFDC47CC
安樂區,建物,基隆市安樂區樂利二街６２巷２７４號３樓,0.0,住,,,1101109,土地0建物1車位0,三層,14,住宅大樓(11層含以上有電梯),住家用,鋼筋混凝土造,0881231,84.8,3,1,2,有,有,有,12000,142,,0.0,0,基隆市社會住宅包租代管第三期計畫,RPUOMLMJKIGGFDC67CC
安樂區,建物,基隆市安樂區武聖街７６號,0.0,住,,,1101109,土地0建物1車位0,一層,5,公寓(5樓含以下無電梯),住家用,鋼筋混凝土造,0790424,93.6,3,2,2,有,無,有,12000,128,,0.0,0,基隆市社會住宅包租代管第三期計畫,RPWOMLMJKIGGFDC87CC
信義區,建物,基隆市信義區深澳坑路１６６之５號３樓,0.0,住,,,1101109,土地0建物1車位0,三層,10,華廈(10層含以下有電梯),住家用,鋼筋混凝土造,0840127,30.31,1,0,0,無,有,有,6500,214,,0.0,0,基隆市社會住宅包租代管第三期計畫,RPXPMLMJKIGGFDC08CC
暖暖區,建物,基隆市暖暖區暖暖街３５７號７樓,0.0,住,,,1101109,土地0建物1車位0,七層,7,華廈(10層含以下有電梯),住家用,鋼筋混凝土造,0821023,110.7,3,2,2,有,有,有,15000,136,,0.0,0,基隆市社會住宅包租代管第三期計畫,RPPQMLMJKIGGFDC37CC
安樂區,建物,基隆市安樂區樂利二街６２巷２９８號７樓,0.0,住,,,1101109,土地0建物1車位0,七層,12,住宅大樓(11層含以上有電梯),住家用,鋼筋混凝土造,0881231,64.46,3,1,1,有,有,有,12000,186,,0.0,0,基隆市社會住宅包租代管第三期計畫,RPRQMLMJKIGGFDC57CC
暖暖區,建物,基隆市暖暖區碇內街２２９號６樓,0.0,住,,,1101109,土地0建物1車位0,六層,6,華廈(10層含以下有電梯),住家用,鋼筋混凝土造,0840808,69.05,3,1,1,有,有,有,9000,130,,0.0,0,基隆市社會住宅包租代管第三期計畫,RPTQMLMJKIGGFDC77CC
安樂區,建物,基隆市安樂區安和一街１３１巷６之２號,0.0,住,,,1101109,土地0建物1車位0,三層,5,公寓(5樓含以下無電梯),國民住宅,鋼筋混凝土造,0710624,98.36,3,1,1,有,無,有,8000,81,,0.0,0,基隆市社會住宅包租代管第三期計畫,RPUQMLMJKIGGFDC87CC
安樂區,建物,基隆市安樂區麥金路４７５之３號,0.0,住,,,1101109,土地0建物1車位0,四層,5,公寓(5樓含以下無電梯),國民住宅,鋼筋混凝土造,0711220,99.41,3,1,2,有,無,有,8500,86,,0.0,0,基隆市社會住宅包租代管第三期計畫,RPWQMLMJKIGGFDC08CC
暖暖區,建物,基隆市暖暖區碇內街１８４巷７號３樓,0.0,住,,,1101109,土地0建物1車位0,三層,5,公寓(5樓含以下無電梯),住家用,鋼筋混凝土造,0830224,64.4,2,2,1,有,無,有,9500,148,,0.0,0,基隆市社會住宅包租代管第三期計畫,RPORMLMJKIGGFDC37CC
中正區,建物,基隆市中正區中正路６５６巷３５之７號,0.0,住,,,1101109,土地0建物1車位0,四層,4,公寓(5樓含以下無電梯),住家用,鋼筋混凝土加強磚造,0640215,60.9,2,1,1,有,無,有,11000,181,,0.0,0,基隆市社會住宅包租代管第三期計畫,RPPRMLMJKIGGFDC47CC
中正區,建物,基隆市中正區豐稔街１１８號２樓之２,0.0,住,,,1101109,土地0建物1車位0,三層,14,住宅大樓(11層含以上有電梯),集合住宅,鋼筋混凝土造,1041020,62.84,2,1,1,有,有,有,11500,183,,0.0,0,基隆市社會住宅包租代管第三期計畫,RPQRMLMJKIGGFDC57CC
暖暖區,建物,基隆市暖暖區國安路３０巷１７之３號,0.0,住,,,1101109,土地0建物1車位0,四層,4,公寓(5樓含以下無電梯),住家用,鋼筋混凝土造,0710915,72.33,2,1,1,有,無,有,9000,124,,0.0,0,基隆市社會住宅包租代管第三期計畫,RPRRMLMJKIGGFDC67CC
暖暖區,建物,基隆市暖暖區東勢街２６巷１２５之１號３樓,0.0,住,,,1101109,土地0建物1車位0,三層,9,華廈(10層含以下有電梯),住家用,鋼筋混凝土造,0840505,55.05,2,2,2,有,有,有,15000,272,,0.0,0,基隆市社會住宅包租代管第三期計畫,RPSRMLMJKIGGFDC77CC
七堵區,建物,基隆市七堵區長安街２３２之２號,0.0,,鄉村區,乙種建築用地,1101109,土地0建物1車位0,三層,3,公寓(5樓含以下無電梯),住家用,鋼筋混凝土造,0710223,57.1,2,1,1,有,無,有,9000,158,,0.0,0,基隆市社會住宅包租代管第三期計畫,RPTRMLMJKIGGFDC87CC
七堵區,建物,基隆市七堵區福二街１３６之９號,0.0,住,,,1101110,土地0建物1車位0,二層,5,公寓(5樓含以下無電梯),住家用,鋼筋混凝土造,0711226,52.47,2,1,1,有,無,有,11000,210,,0.0,0,基隆市社會住宅包租代管第三期計畫,RPURMLMJKIGGFDC97CC
暖暖區,建物,基隆市暖暖區源遠路１５２巷３５號６樓,0.0,住,,,1101110,土地0建物1車位0,六層,7,華廈(10層含以下有電梯),住家用,鋼筋混凝土造,0820927,84.87,2,1,1,有,有,有,10000,118,,0.0,0,基隆市社會住宅包租代管第三期計畫,RPVRMLMJKIGGFDC08CC
暖暖區,建物,基隆市暖暖區碇內街１４１號１２樓,0.0,住,,,1101110,土地0建物1車位0,十二層,12,住宅大樓(11層含以上有電梯),住家用,鋼筋混凝土造,0980624,99.56,2,2,2,有,有,有,10000,100,,0.0,0,基隆市社會住宅包租代管第三期計畫,RPXRMLMJKIGGFDC28CC
安樂區,建物,基隆市安樂區安一路１２４號５樓,0.0,商,,,1101110,土地0建物1車位0,五層,5,公寓(5樓含以下無電梯),住家用,鋼筋混凝土造,0720601,25.88,2,1,1,有,無,有,5000,193,,0.0,0,基隆市社會住宅包租代管第三期計畫,RPOSMLMJKIGGFDC47CC
中正區,建物,基隆市中正區觀海街１２９號８樓,0.0,住,,,1101111,土地0建物1車位0,八層,14,住宅大樓(11層含以上有電梯),住家用,鋼筋混凝土造,0880114,24.14,1,1,1,有,有,有,8600,356,,0.0,0,基隆市社會住宅包租代管第三期計畫,RPPSMLMJKIGGFDC57CC
暖暖區,建物,基隆市暖暖區源遠路２３３號１樓,0.0,住,,,1101105,土地0建物1車位0,一層,2,店面(店鋪),住家用,加強磚造,0641226,61.0,0,0,0,無,無,有,12000,197,,0.0,0,,RPPPMLNJKIGGFDC37CC
仁愛區,房地(土地+建物),基隆市仁愛區仁一路２９５之１２號,17.1,商,,,1101119,土地1建物1車位0,一層,6,店面(店鋪),商業用,鋼筋混凝土造,0660122,90.0,0,0,0,無,無,無,50000,556,,0.0,0,,RPRNMLOJKIGGFDC47CC
中正區,建物,基隆市中正區正榮街７７巷５號,0.0,住,,,1101112,土地0建物1車位0,一層,5,公寓(5樓含以下無電梯),住家用,鋼筋混凝土造,0720301,88.39,2,2,1,有,無,有,5500,62,,0.0,0,基隆市社會住宅包租代管第三期計畫,RPRSMLKKKIGGFDC67CC
信義區,建物,基隆市信義區信二路６３號１１樓,0.0,商,,,1101112,土地0建物1車位0,十一層,12,住宅大樓(11層含以上有電梯),住家用,鋼筋混凝土造,0870112,81.38,2,2,2,有,有,有,13000,160,,0.0,0,基隆市社會住宅包租代管第三期計畫,RPVSMLKKKIGGFDC08CC
安樂區,建物,基隆市安樂區基金二路１巷１７４之３號５樓之１,0.0,住,,,1101112,土地0建物1車位0,五層,17,住宅大樓(11層含以上有電梯),住家用,鋼筋混凝土造,0811103,67.66,2,1,1,有,有,有,10000,148,,0.0,0,基隆市社會住宅包租代管第三期計畫,RPWSMLKKKIGGFDC18CC
信義區,建物,基隆市信義區崇法街８９巷９號５樓,0.0,住,,,1101112,土地0建物1車位0,五層,9,華廈(10層含以下有電梯),集合住宅,鋼筋混凝土造,1090513,65.87,2,2,1,有,有,有,17000,258,,0.0,0,基隆市社會住宅包租代管第三期計畫,RPXSMLKKKIGGFDC28CC
中正區,建物,基隆市中正區正義路７４巷３０弄１號,0.0,其他,,,1101112,土地0建物1車位0,一層,4,公寓(5樓含以下無電梯),住家用,加強磚造,0581107,81.49,1,1,1,有,無,有,5000,61,,0.0,0,基隆市社會住宅包租代管第三期計畫,RPOTMLKKKIGGFDC47CC
中正區,建物,基隆市中正區和平街２９巷３９號,0.0,住,,,1101112,土地0建物1車位0,一層,2,公寓(5樓含以下無電梯),住家用,加強磚造,0600212,53.65,3,1,1,有,無,有,10000,186,,0.0,0,基隆市社會住宅包租代管第三期計畫,RPPTMLKKKIGGFDC57CC
中正區,建物,基隆市中正區新豐街３９８號,0.0,住,,,1101112,土地0建物1車位0,一層,14,住宅大樓(11層含以上有電梯),住家用,鋼筋混凝土造,0850309,84.2,3,2,2,有,有,有,12000,143,,0.0,0,基隆市社會住宅包租代管第三期計畫,RPQTMLKKKIGGFDC67CC
暖暖區,建物,基隆市暖暖區碇內街１８４巷１１號４樓,0.0,住,,,1101112,土地0建物1車位0,四層,5,公寓(5樓含以下無電梯),住家用,鋼筋混凝土造,0830224,68.43,2,1,1,有,無,有,6000,88,,0.0,0,基隆市社會住宅包租代管第三期計畫,RPRTMLKKKIGGFDC77CC
信義區,建物,基隆市信義區東信路１４９號５樓,0.0,商,,,1101112,土地0建物1車位0,五層,5,公寓(5樓含以下無電梯),住家用,鋼筋混凝土造,0730613,74.36,3,1,1,有,無,有,7500,101,,0.0,0,基隆市社會住宅包租代管第三期計畫,RPSTMLKKKIGGFDC87CC
仁愛區,建物,基隆市仁愛區南新街３１巷１之２號,0.0,住,,,1101112,土地0建物1車位0,三層,4,公寓(5樓含以下無電梯),住家用,加強磚造,0600921,68.4,1,1,1,有,無,有,10500,154,,0.0,0,基隆市社會住宅包租代管第三期計畫,RPPNMLLKKIGGFDC07CC
信義區,建物,基隆市信義區東光路２０５巷３０號２樓,0.0,住,,,1101112,土地0建物1車位0,二層,5,公寓(5樓含以下無電梯),住家用,鋼筋混凝土造,0841116,91.66,3,2,2,有,無,有,10000,109,,0.0,0,基隆市社會住宅包租代管第三期計畫,RPQNMLLKKIGGFDC17CC
安樂區,建物,基隆市安樂區中和路８５巷４６號１１樓,0.0,其他,,,1101112,土地0建物1車位0,見其他登記事項,22,住宅大樓(11層含以上有電梯),住家用,鋼筋混凝土造,0860508,67.48,2,2,1,有,有,有,12500,185,,0.0,0,基隆市社會住宅包租代管第三期計畫,RPRNMLLKKIGGFDC27CC
暖暖區,建物,基隆市暖暖區源遠路１８８巷２３號２樓,0.0,住,,,1101112,土地0建物1車位0,二層,5,公寓(5樓含以下無電梯),住家用,鋼筋混凝土造,0840118,96.88,3,2,2,有,無,有,10000,103,,0.0,0,基隆市社會住宅包租代管第三期計畫,RPSNMLLKKIGGFDC37CC
七堵區,建物,基隆市七堵區明德二路１５之４２號６樓,0.0,住,,,1101112,土地0建物1車位0,六層,12,住宅大樓(11層含以上有電梯),住家用,鋼筋混凝土造,0840801,73.09,3,2,2,有,有,有,12000,164,,0.0,0,基隆市社會住宅包租代管第三期計畫,RPTNMLLKKIGGFDC47CC
安樂區,建物,基隆市安樂區麥金路１９９號１３樓,0.0,住,,,1101112,土地0建物1車位0,十三層,15,住宅大樓(11層含以上有電梯),住家用,鋼筋混凝土造,0860718,89.53,3,2,2,有,有,有,14000,156,,0.0,0,基隆市社會住宅包租代管第三期計畫,RPUNMLLKKIGGFDC57CC
仁愛區,建物,基隆市仁愛區南榮路４５５巷２６號,0.0,住,,,1101112,土地0建物1車位0,一層,4,公寓(5樓含以下無電梯),住家用,鋼筋混凝土加強磚造,0641007,76.56,3,1,1,有,無,有,13500,176,,0.0,0,基隆市社會住宅包租代管第三期計畫,RPVNMLLKKIGGFDC67CC
安樂區,建物,基隆市安樂區中平街３３之１號,0.0,其他,,,1101112,土地0建物1車位0,二層,4,公寓(5樓含以下無電梯),住家用,鋼筋混凝土造,0700420,85.07,3,2,1,有,無,有,10000,118,,0.0,0,基隆市社會住宅包租代管第三期計畫,RPWNMLLKKIGGFDC77CC
安樂區,建物,基隆市安樂區武聖街１２２號４樓,0.0,住,,,1101112,土地0建物1車位0,四層,5,公寓(5樓含以下無電梯),住家用,鋼筋混凝土造,0790421,89.7,3,1,1,有,無,有,9000,100,,0.0,0,基隆市社會住宅包租代管第三期計畫,RPXNMLLKKIGGFDC87CC
信義區,建物,基隆市信義區深澳坑路５７之５號３樓,0.0,住,,,1101113,土地0建物1車位0,三層,5,公寓(5樓含以下無電梯),住家用,鋼筋混凝土造,0870123,75.9,3,2,2,有,無,有,12000,158,,0.0,0,基隆市社會住宅包租代管第三期計畫,RPPOMLLKKIGGFDC17CC
安樂區,建物,基隆市安樂區樂利三街２６３巷３５之２號,0.0,住,,,1101113,土地0建物1車位0,三層,5,公寓(5樓含以下無電梯),住家用,鋼筋混凝土造,0710603,87.85,3,2,1,有,無,有,8500,97,,0.0,0,基隆市社會住宅包租代管第三期計畫,RPQOMLLKKIGGFDC27CC
安樂區,建物,基隆市安樂區中和路１６８巷３弄２０號３樓,0.0,其他,,,1101113,土地0建物1車位0,三層,5,公寓(5樓含以下無電梯),住家用,鋼筋混凝土造,0860401,97.07,3,2,2,有,無,有,15000,155,,0.0,0,基隆市社會住宅包租代管第三期計畫,RPROMLLKKIGGFDC37CC
中正區,建物,基隆市中正區新豐街１６４號１８樓,0.0,住,,,1101113,土地0建物1車位0,十八層,23,住宅大樓(11層含以上有電梯),住家用,鋼筋混凝土造,0851129,55.08,3,1,1,有,有,有,10500,191,,0.0,0,基隆市社會住宅包租代管第三期計畫,RPSOMLLKKIGGFDC47CC
仁愛區,建物,基隆市仁愛區南榮路１９１巷３９號,0.0,住,,,1101113,土地0建物1車位0,全,1,透天厝,住家用,磚造,0520301,43.68,2,1,1,有,無,有,10000,229,,0.0,0,基隆市社會住宅包租代管第三期計畫,RPTOMLLKKIGGFDC57CC
中正區,建物,基隆市中正區新豐街４６６號之１,0.0,其他,,,1101113,土地0建物1車位0,一層,17,住宅大樓(11層含以上有電梯),住家用,鋼筋混凝土造,0861121,71.69,3,2,1,有,有,有,13000,181,,0.0,0,基隆市社會住宅包租代管第三期計畫,RPUOMLLKKIGGFDC67CC
安樂區,建物,基隆市安樂區麥金路４８８之４號,0.0,住,,,1101113,土地0建物1車位0,五層,5,公寓(5樓含以下無電梯),國民住宅,鋼筋混凝土造,0670809,57.33,2,1,1,有,無,有,5000,87,,0.0,0,基隆市社會住宅包租代管第三期計畫,RPVOMLLKKIGGFDC77CC
中山區,建物,基隆市中山區復興路２９１之２號,0.0,住,,,1101113,土地0建物1車位0,三層,4,公寓(5樓含以下無電梯),住家用,鋼筋混凝土造,0691107,77.28,3,1,1,有,無,有,10000,129,,0.0,0,基隆市社會住宅包租代管第三期計畫,RPWOMLLKKIGGFDC87CC
安樂區,建物,基隆市安樂區基金一路１０８之３號,0.0,住,,,1101113,土地0建物1車位0,一層,9,華廈(10層含以下有電梯),住家用,鋼筋混凝土造,0810708,70.84,3,1,1,有,有,有,13500,191,,0.0,0,基隆市社會住宅包租代管第三期計畫,RPXOMLLKKIGGFDC97CC
中山區,建物,基隆市中山區復興路２５９巷２６之２號５樓,0.0,住,,,1101113,土地0建物1車位0,五層,5,公寓(5樓含以下無電梯),住家用,鋼筋混凝土造,0830930,97.76,3,2,2,有,無,有,9000,92,,0.0,0,基隆市社會住宅包租代管第三期計畫,RPOPMLLKKIGGFDC17CC
安樂區,建物,基隆市安樂區麥金路２４１號１５樓,0.0,住,,,1101113,土地0建物1車位0,十五層,22,住宅大樓(11層含以上有電梯),集合住宅,鋼筋混凝土造,1050124,49.55,2,1,1,有,有,有,17500,353,,0.0,0,基隆市社會住宅包租代管第三期計畫,RPPPMLLKKIGGFDC27CC
中山區,建物,基隆市中山區德安路４２巷９號５樓,0.0,住,,,1101113,土地0建物1車位0,五層,5,公寓(5樓含以下無電梯),住家用,鋼筋混凝土造,0820819,85.9,3,2,2,有,無,有,5500,64,,0.0,0,基隆市社會住宅包租代管第三期計畫,RPQPMLLKKIGGFDC37CC
安樂區,建物,基隆市安樂區中和路８５巷４２號７樓之２,0.0,其他,,,1101113,土地0建物1車位0,見其他登記事項,22,住宅大樓(11層含以上有電梯),住家用,鋼筋混凝土造,0860508,66.02,2,1,1,有,有,有,12000,182,,0.0,0,基隆市社會住宅包租代管第三期計畫,RPRPMLLKKIGGFDC47CC
安樂區,建物,基隆市安樂區基金一路１３５巷２１弄１７號５樓,0.0,住,,,1101113,土地0建物1車位0,五層,7,華廈(10層含以下有電梯),住家用,鋼筋混凝土造,0820902,114.61,2,1,2,有,有,有,14000,122,,0.0,0,基隆市社會住宅包租代管第三期計畫,RPSPMLLKKIGGFDC57CC
中正區,建物,基隆市中正區新豐街３７２號１５樓,0.0,住,,,1101113,土地0建物1車位0,十五層,15,住宅大樓(11層含以上有電梯),住家用,鋼筋混凝土造,0850309,57.14,2,1,1,有,有,有,10000,175,,0.0,0,基隆市社會住宅包租代管第三期計畫,RPTPMLLKKIGGFDC67CC
中正區,建物,基隆市中正區觀海街７２號２樓,0.0,住,,,1101113,土地0建物1車位0,二層,16,住宅大樓(11層含以上有電梯),住家用,鋼筋混凝土造,0880114,57.92,2,1,2,有,有,有,11000,190,,0.0,0,基隆市社會住宅包租代管第三期計畫,RPUPMLLKKIGGFDC77CC
中正區,建物,基隆市中正區觀海街１６８號５樓,0.0,住,,,1101113,土地0建物1車位0,五層,16,住宅大樓(11層含以上有電梯),住家用,鋼筋混凝土造,0880114,57.92,2,1,2,有,無,有,11000,190,,0.0,0,基隆市社會住宅包租代管第三期計畫,RPVPMLLKKIGGFDC87CC
信義區,建物,基隆市信義區福民街５５巷４４號４樓,0.0,住,,,1101113,土地0建物1車位0,四層,5,公寓(5樓含以下無電梯),住家用,鋼筋混凝土造,0860115,98.99,3,2,2,有,無,有,8000,81,,0.0,0,基隆市社會住宅包租代管第三期計畫,RPWPMLLKKIGGFDC97CC
信義區,建物,基隆市信義區義六路６７巷３號,0.0,住,,,1101113,土地0建物1車位0,全,2,透天厝,住家用,加強磚造,0520801,137.96,5,4,3,有,無,有,15000,109,,0.0,0,基隆市社會住宅包租代管第三期計畫,RPXPMLLKKIGGFDC08CC
七堵區,建物,基隆市七堵區明德二路１５之５２號３樓之１,0.0,住,,,1101113,土地0建物1車位0,三層,12,住宅大樓(11層含以上有電梯),住家用,鋼筋混凝土造,0840801,56.39,3,1,1,有,有,有,12000,213,,0.0,0,基隆市社會住宅包租代管第三期計畫,RPOQMLLKKIGGFDC27CC
安樂區,房地(土地+建物)+車位,基隆市安樂區麥金路３６號４樓,25.1,住,,,1101206,土地3建物1車位1,四層,18,住宅大樓(11層含以上有電梯),住家用,鋼筋混凝土造,0811216,180.42,4,2,2,有,有,有,20000,111,坡道平面,0.0,0,,RPOPMLNKKIGGFDC37CC
中正區,建物,基隆市中正區觀海街１６９號１４樓,0.0,住,,,1101120,土地0建物1車位0,十四層,16,住宅大樓(11層含以上有電梯),住家用,鋼筋混凝土造,0880114,24.46,1,0,1,有,有,有,6000,245,,0.0,0,基隆市社會住宅包租代管第三期計畫,RPSOMLOKKIGGFDC77CC
安樂區,建物,基隆市安樂區中和路１５８之３號,0.0,其他,,,1101117,土地0建物1車位0,全,4,透天厝,住宅　（騎樓）人行道,鋼筋混凝土造,0870715,297.84,5,2,3,有,無,有,19000,64,,0.0,0,基隆市社會住宅包租代管第三期計畫,RPTOMLOKKIGGFDC87CC
中正區,建物,基隆市中正區新豐街３６０號１０樓,0.0,住,,,1101116,土地0建物1車位0,十層,15,住宅大樓(11層含以上有電梯),住家用,鋼筋混凝土造,0850309,57.91,2,1,1,有,有,有,15000,259,,0.0,0,基隆市社會住宅包租代管第三期計畫,RPUOMLOKKIGGFDC97CC
暖暖區,建物,基隆市暖暖區暖中路７７之３號,0.0,住,,,1101119,土地0建物1車位0,四層,4,公寓(5樓含以下無電梯),住家用,鋼筋混凝土造,0701230,75.98,3,2,1,有,無,有,5500,72,,0.0,0,基隆市社會住宅包租代管第三期計畫,RPVOMLOKKIGGFDC08CC
安樂區,房地(土地+建物),基隆市安樂區麥金路２３９號６樓,7.11,住,,,1101209,土地3建物1車位0,六層,22,住宅大樓(11層含以上有電梯),集合住宅,鋼筋混凝土造,1050124,73.28,2,1,1,有,有,有,14000,191,,0.0,0,,RPXOMLOKKIGGFDC28CC
安樂區,建物,基隆市安樂區樂利三街３４巷２４之２號,0.0,住,,,1101119,土地0建物1車位0,三層,4,公寓(5樓含以下無電梯),住家用,鋼筋混凝土造,0680228,81.09,3,2,1,有,無,有,10000,123,,0.0,0,基隆市社會住宅包租代管第三期計畫,RPVPMLQKKIGGFDC38CC
中正區,建物,基隆市中正區調和街３００號７樓之８,0.0,住,,,1101119,土地0建物1車位0,七層,14,華廈(10層含以下有電梯),集合住宅,鋼筋混凝土造,1080212,75.69,2,1,1,有,無,有,15000,198,,0.0,0,基隆市社會住宅包租代管第三期計畫,RPWPMLQKKIGGFDC48CC
安樂區,建物,基隆市安樂區武嶺街３０９號６樓之４,0.0,住,,,1101119,土地0建物1車位0,六層,7,華廈(10層含以下有電梯),住家用,鋼筋混凝土造,0850118,25.53,1,0,1,有,無,有,6500,255,,0.0,0,基隆市社會住宅包租代管第三期計畫,RPXPMLQKKIGGFDC58CC
仁愛區,建物,基隆市仁愛區復興街１６巷１４之１號,0.0,住,,,1101119,土地0建物1車位0,二層,4,公寓(5樓含以下無電梯),住家用,鋼筋混凝土加強磚造,0620403,54.67,2,1,1,有,無,有,12000,219,,0.0,0,基隆市社會住宅包租代管第三期計畫,RPOQMLQKKIGGFDC77CC
中正區,建物,基隆市中正區觀海街３９號４樓,0.0,住,,,1101119,土地0建物1車位0,四層,15,住宅大樓(11層含以上有電梯),住家用,鋼筋混凝土造,0880114,57.41,2,1,2,有,有,有,9000,157,,0.0,0,基隆市社會住宅包租代管第三期計畫,RPQQMLQKKIGGFDC97CC
中山區,建物,基隆市中山區安一路９９之２號,0.0,其他,,,1101119,土地0建物1車位0,三層,6,公寓(5樓含以下無電梯),住家用,鋼筋混凝土加強磚造,0661220,92.14,3,2,2,有,無,有,13000,141,,0.0,0,基隆市社會住宅包租代管第三期計畫,RPSQMLQKKIGGFDC18CC
暖暖區,建物,基隆市暖暖區暖碇路３８巷８５號８樓,0.0,住,,,1101119,土地0建物1車位0,八層,10,華廈(10層含以下有電梯),集合住宅,鋼筋混凝土造,0980716,105.3,3,2,2,有,無,有,15000,142,,0.0,0,基隆市社會住宅包租代管第三期計畫,RPTQMLQKKIGGFDC28CC
中正區,建物,基隆市中正區立德路１００號,0.0,住,,,1101120,土地0建物1車位0,一層,5,公寓(5樓含以下無電梯),住家用,鋼筋混凝土造,0711229,103.22,2,1,1,有,無,有,12000,116,,0.0,0,基隆市社會住宅包租代管第三期計畫,RPPOMLRKKIGGFDC77CC
中山區,建物,基隆市中山區復興路２５９巷２５之１號３樓,0.0,住,,,1101120,土地0建物1車位0,三層,5,公寓(5樓含以下無電梯),住家用,鋼筋混凝土造,0830930,72.4,2,2,2,有,無,有,8500,117,,0.0,0,基隆市社會住宅包租代管第三期計畫,RPROMLRKKIGGFDC97CC
中山區,建物,基隆市中山區中山二路２１之１號３樓,0.0,商,,,1101120,土地0建物1車位0,三層,4,公寓(5樓含以下無電梯),住家用,鋼筋混凝土加強磚造,0660208,56.44,2,1,1,有,無,有,13500,239,,0.0,0,基隆市社會住宅包租代管第三期計畫,RPVOMLRKKIGGFDC38CC
安樂區,建物,基隆市安樂區基金一路１２１巷２８號１樓,0.0,住,,,1101120,土地0建物1車位0,一層,5,公寓(5樓含以下無電梯),住家用,鋼筋混凝土造,0850503,86.14,3,1,2,有,無,有,10000,116,,0.0,0,基隆市社會住宅包租代管第三期計畫,RPWOMLRKKIGGFDC48CC
安樂區,建物,基隆市安樂區中和路１６８巷５弄３８號５樓,0.0,其他,,,1101120,土地0建物1車位0,五層,5,公寓(5樓含以下無電梯),住家用,鋼筋混凝土造,0860401,102.8,3,1,2,有,無,有,9000,88,,0.0,0,基隆市社會住宅包租代管第三期計畫,RPXOMLRKKIGGFDC58CC
中正區,建物,基隆市中正區觀海街１４８號１１樓,0.0,住,,,1101120,土地0建物1車位0,十一層,16,住宅大樓(11層含以上有電梯),住家用,鋼筋混凝土造,0880114,91.37,3,2,2,有,有,有,12000,131,,0.0,0,基隆市社會住宅包租代管第三期計畫,RPOPMLRKKIGGFDC77CC
信義區,建物,基隆市信義區信一路３３號３樓,0.0,商,,,1101120,土地0建物1車位0,三層,5,公寓(5樓含以下無電梯),辦公室,鋼筋混凝土造,0900718,56.56,2,1,1,有,無,有,12500,221,,0.0,0,基隆市社會住宅包租代管第三期計畫,RPPPMLRKKIGGFDC87CC
七堵區,建物,基隆市七堵區百二街３８巷３之２號,0.0,住,,,1101120,土地0建物1車位0,三層,4,公寓(5樓含以下無電梯),住家用,鋼筋混凝土造,0680805,84.64,3,2,1,有,無,有,9000,106,,0.0,0,基隆市社會住宅包租代管第三期計畫,RPQPMLRKKIGGFDC97CC
暖暖區,建物,基隆市暖暖區金華街２６７號７樓之２,0.0,住,,,1101120,土地0建物1車位0,七層,11,住宅大樓(11層含以上有電梯),住家用,鋼筋混凝土造,0850105,22.19,1,0,1,有,無,有,7000,315,,0.0,0,基隆市社會住宅包租代管第三期計畫,RPTPMLRKKIGGFDC28CC
中正區,建物,基隆市中正區中正路６４０巷２０號,0.0,住,,,1101120,土地0建物1車位0,一層,5,公寓(5樓含以下無電梯),住家用,鋼筋混凝土造,0691212,44.32,1,2,1,有,無,有,7000,158,,0.0,0,基隆市社會住宅包租代管第三期計畫,RPUPMLRKKIGGFDC38CC
中正區,建物,基隆市中正區立德路９６之２號,0.0,住,,,1101120,土地0建物1車位0,三層,5,公寓(5樓含以下無電梯),住家用,鋼筋混凝土造,0711229,95.53,3,2,2,有,無,有,10000,105,,0.0,0,基隆市社會住宅包租代管第三期計畫,RPOQMLRKKIGGFDC87CC
中正區,建物,基隆市中正區新豐街３０３巷１５弄２４號５樓,0.0,住,,,1101120,土地0建物1車位0,五層,5,公寓(5樓含以下無電梯),住家用,鋼筋混凝土造,0851119,79.48,3,2,1,有,無,有,8000,101,,0.0,0,基隆市社會住宅包租代管第三期計畫,RPPQMLRKKIGGFDC97CC
七堵區,建物,基隆市七堵區東新街８２之１３號３樓,0.0,住,,,1101120,土地0建物1車位0,三層,11,住宅大樓(11層含以上有電梯),集合住宅,鋼筋混凝土造,1080213,95.84,3,2,2,有,有,有,15000,157,,0.0,0,基隆市社會住宅包租代管第三期計畫,RPQQMLRKKIGGFDC08CC
安樂區,建物,基隆市安樂區樂利三街８巷６１號５樓,0.0,其他,,,1101120,土地0建物1車位0,五層,17,住宅大樓(11層含以上有電梯),住家用,鋼筋混凝土造,0840504,79.92,2,2,1,有,有,有,11000,138,,0.0,0,基隆市社會住宅包租代管第三期計畫,RPRQMLRKKIGGFDC18CC
暖暖區,建物,基隆市暖暖區金華街２６９號３樓之１,0.0,住,,,1101120,土地0建物1車位0,三層,11,住宅大樓(11層含以上有電梯),住家用,鋼筋混凝土造,0850105,99.26,3,2,2,有,無,有,13500,136,,0.0,0,基隆市社會住宅包租代管第三期計畫,RPSQMLRKKIGGFDC28CC
信義區,建物,基隆市信義區正信路２２７巷２３弄６號６樓,0.0,住,,,1101122,土地0建物1車位0,六層,6,華廈(10層含以下有電梯),住家用,鋼筋混凝土造,0860607,24.31,1,0,1,有,無,有,7500,309,,0.0,0,基隆市社會住宅包租代管第三期計畫,RPUOMLKLKIGGFDC67CC
暖暖區,建物,基隆市暖暖區過港路１０巷１２６號２樓,0.0,住,,,1101123,土地0建物1車位0,二層,11,住宅大樓(11層含以上有電梯),住家用,鋼筋混凝土造,0841218,31.85,2,1,1,有,有,有,7000,220,,0.0,0,基隆市社會住宅包租代管第三期計畫,RPVOMLKLKIGGFDC77CC
中正區,建物,基隆市中正區中正路６５６巷１４２之２號,0.0,住,,,1101123,土地0建物1車位0,三層,5,公寓(5樓含以下無電梯),住家用,鋼筋混凝土加強磚造,0650930,92.85,3,1,2,有,無,有,9000,97,,0.0,0,基隆市社會住宅包租代管第三期計畫,RPOPMLKLKIGGFDC17CC
中正區,建物,基隆市中正區觀海街１７０號１３樓,0.0,住,,,1101123,土地0建物1車位0,十三層,16,住宅大樓(11層含以上有電梯),住家用,鋼筋混凝土造,0880114,91.37,3,2,2,有,有,有,15000,164,,0.0,0,基隆市社會住宅包租代管第三期計畫,RPTOMLLLKIGGFDC67CC
中正區,建物,基隆市中正區新豐街３０３巷１５弄１３號５樓,0.0,住,,,1101123,土地0建物1車位0,五層,5,公寓(5樓含以下無電梯),住家用,鋼筋混凝土造,0851119,86.92,3,2,2,有,無,有,7500,86,,0.0,0,基隆市社會住宅包租代管第三期計畫,RPUOMLLLKIGGFDC77CC
安樂區,建物,基隆市安樂區中平街５之１號４樓,0.0,住,,,1101123,土地0建物1車位0,四層,5,公寓(5樓含以下無電梯),住家用,鋼筋混凝土造,0781123,92.76,3,2,2,有,無,有,9000,97,,0.0,0,基隆市社會住宅包租代管第三期計畫,RPVOMLLLKIGGFDC87CC
中山區,建物,基隆市中山區中華路１４３之３號,0.0,住,,,1101123,土地0建物1車位0,四層,4,公寓(5樓含以下無電梯),住家用,鋼筋混凝土造,0691105,90.06,3,2,2,有,無,有,12500,139,,0.0,0,基隆市社會住宅包租代管第三期計畫,RPWOMLLLKIGGFDC97CC
中正區,建物,基隆市中正區正義路１００巷１２３之２號,0.0,住,,,1101123,土地0建物1車位0,三層,3,公寓(5樓含以下無電梯),住家用,加強磚造,0620727,61.43,3,2,1,有,無,有,5500,90,,0.0,0,基隆市社會住宅包租代管第三期計畫,RPXOMLLLKIGGFDC08CC
中正區,建物,基隆市中正區正義路２巷４３之２號２樓,0.0,住,,,1101123,土地0建物1車位0,地下四層,0,公寓(5樓含以下無電梯),住家用,鋼筋混凝土造,0740126,94.78,2,2,1,有,無,有,10000,106,,0.0,0,基隆市社會住宅包租代管第三期計畫,RPPPMLLLKIGGFDC37CC
安樂區,建物,基隆市安樂區武嶺街２１７之４號７樓,0.0,其他,,,1101126,土地0建物1車位0,七層,7,華廈(10層含以下有電梯),住家用,鋼筋混凝土造,0850406,99.99,3,2,2,有,無,有,14200,142,,0.0,0,基隆市社會住宅包租代管第三期計畫,RPSPMLLLKIGGFDC67CC
七堵區,房地(土地+建物)+車位,基隆市七堵區泰安路２１-１８號９樓,6.67,住,,,1101220,土地1建物1車位1,九層,10,華廈(10層含以下有電梯),住家用,鋼筋混凝土造,0961116,36.61,3,2,2,有,有,有,21000,683,坡道平面,9.54,2500,,RPTPMLLLKIGGFDC77CC
中山區,建物,基隆市中山區復旦路１７之４號５樓,0.0,住,,,1101126,土地0建物1車位0,五層,5,公寓(5樓含以下無電梯),住家用,鋼筋混凝土造,0780408,109.14,3,2,2,有,無,有,11000,101,,0.0,0,基隆市社會住宅包租代管第三期計畫,RPUPMLLLKIGGFDC87CC
中正區,建物,基隆市中正區調和街５之３號,0.0,住,,,1101126,土地0建物1車位0,四層,5,公寓(5樓含以下無電梯),住家用,鋼筋混凝土造,0700730,88.73,4,1,2,有,無,有,13500,152,,0.0,0,基隆市社會住宅包租代管第三期計畫,RPVPMLLLKIGGFDC97CC
中正區,建物,基隆市中正區觀海街５８號５樓,0.0,住,,,1101127,土地0建物1車位0,五層,16,住宅大樓(11層含以上有電梯),住家用,鋼筋混凝土造,0880114,50.84,2,1,2,有,有,有,10500,207,,0.0,0,基隆市社會住宅包租代管第三期計畫,RPWPMLLLKIGGFDC08CC
信義區,建物,基隆市信義區深澳坑路１之３４號４樓,0.0,住,,,1101127,土地0建物1車位0,四層,7,華廈(10層含以下有電梯),住家用,鋼筋混凝土造,0800204,110.63,4,2,2,有,有,有,10000,90,,0.0,0,基隆市社會住宅包租代管第三期計畫,RPXPMLLLKIGGFDC18CC
安樂區,建物,基隆市安樂區中和路１６８巷８弄４號２樓,0.0,住,,,1101127,土地0建物1車位0,二層,5,公寓(5樓含以下無電梯),住家用,鋼筋混凝土造,0840117,80.49,3,2,1,有,無,有,9000,112,,0.0,0,基隆市社會住宅包租代管第三期計畫,RPPQMLLLKIGGFDC47CC
中正區,建物,基隆市中正區和一路８４巷２３之２號,0.0,住,,,1101129,土地0建物1車位0,三層,4,公寓(5樓含以下無電梯),住家用,鋼筋混凝土造,0681222,61.87,2,1,1,有,無,有,6600,107,,0.0,0,基隆市社會住宅包租代管第三期計畫,RPTQMLLLKIGGFDC87CC
暖暖區,建物,基隆市暖暖區碇內街１９６巷２號４樓,0.0,住,,,1101129,土地0建物1車位0,四層,4,公寓(5樓含以下無電梯),住家用,鋼筋混凝土造,0730112,83.67,3,1,1,有,無,有,8000,96,,0.0,0,基隆市社會住宅包租代管第三期計畫,RPVQMLLLKIGGFDC08CC
中正區,建物,基隆市中正區觀海街２２１號１０樓,0.0,住,,,1101130,土地0建物1車位0,十層,16,住宅大樓(11層含以上有電梯),住家用,鋼筋混凝土造,0880114,23.42,1,0,1,有,有,有,7000,299,,0.0,0,基隆市社會住宅包租代管第三期計畫,RPWQMLLLKIGGFDC18CC
安樂區,建物,基隆市安樂區樂利三街８巷５１號７樓,0.0,其他,,,1101130,土地0建物1車位0,七層,17,住宅大樓(11層含以上有電梯),住家用,鋼筋混凝土造,0840504,76.37,3,2,2,有,有,有,12000,157,,0.0,0,基隆市社會住宅包租代管第三期計畫,RPXQMLLLKIGGFDC28CC
安樂區,建物,基隆市安樂區基金一路１１０之８３號５樓,0.0,住,,,1101130,土地0建物1車位0,五層,12,住宅大樓(11層含以上有電梯),住家用,鋼筋混凝土造,0820111,33.0,1,0,1,有,有,有,6000,182,,0.0,0,基隆市社會住宅包租代管第三期計畫,RPRRMLLLKIGGFDC77CC
安樂區,建物,基隆市安樂區武嶺街２９７號２樓之２,0.0,住,,,1101130,土地0建物1車位0,二層,7,華廈(10層含以下有電梯),住家用,鋼筋混凝土造,0850216,58.97,2,1,1,有,無,有,13000,220,,0.0,0,基隆市社會住宅包租代管第三期計畫,RPTRMLLLKIGGFDC97CC
中正區,建物,基隆市中正區調和街４８號５樓,0.0,商,,,1101203,土地0建物1車位0,五層,5,公寓(5樓含以下無電梯),住家用,鋼筋混凝土造,0690730,62.48,2,1,1,有,無,有,7800,125,,0.0,0,基隆市社會住宅包租代管第三期計畫,RPURMLLLKIGGFDC08CC
七堵區,建物,基隆市七堵區福五街２０６號底一層,0.0,其他,,,1101205,土地0建物1車位0,地下一層,5,華廈(10層含以下有電梯),商業用,鋼筋混凝土造,0850313,45.96,3,1,2,有,無,有,13500,294,,0.0,0,基隆市社會住宅包租代管第三期計畫,RPSPMLMLKIGGFDC77CC
七堵區,建物,基隆市七堵區崇廉街２６號３樓,0.0,住,,,1101207,土地0建物1車位0,三層,5,公寓(5樓含以下無電梯),住家用,鋼筋混凝土造,0840622,66.41,1,1,1,有,無,有,8500,128,,0.0,0,基隆市社會住宅包租代管第三期計畫,RPUPMLMLKIGGFDC97CC
信義區,建物,基隆市信義區深澳坑路２之５號２樓之１４,0.0,住,,,1101209,土地0建物1車位0,二層,16,住宅大樓(11層含以上有電梯),住家用,鋼筋混凝土造,0850426,36.65,1,1,1,有,有,有,8500,232,,0.0,0,基隆市社會住宅包租代管第三期計畫,RPWPMLMLKIGGFDC18CC
安樂區,建物,基隆市安樂區中和路８５巷４６號１３樓,0.0,其他,,,1101130,土地0建物1車位0,見其他登記事項,22,住宅大樓(11層含以上有電梯),住家用,鋼筋混凝土造,0860508,67.43,3,1,1,有,無,有,10000,148,,0.0,0,基隆市社會住宅包租代管第三期計畫,RPPQMLMLKIGGFDC57CC
安樂區,建物,基隆市安樂區樂利三街５７號１２樓之１,0.0,住,,,1101130,土地0建物1車位0,十二層,20,住宅大樓(11層含以上有電梯),住家用,鋼筋混凝土造,0860117,22.3,1,1,1,有,有,有,7000,314,,0.0,0,基隆市社會住宅包租代管第三期計畫,RPQQMLMLKIGGFDC67CC
信義區,建物,基隆市信義區深澳坑路２之５號２樓之１９,0.0,住,,,1101126,土地0建物1車位0,二層,16,住宅大樓(11層含以上有電梯),住家用,鋼筋混凝土造,0850426,35.77,1,1,1,有,無,有,6000,168,,0.0,0,基隆市社會住宅包租代管第三期計畫,RPRQMLMLKIGGFDC77CC
安樂區,建物,基隆市安樂區武嶺街３０７號２樓之１３,0.0,住,,,1101117,土地0建物1車位0,二層,7,華廈(10層含以下有電梯),住家用,鋼筋混凝土造,0850118,93.96,3,2,2,有,無,有,13500,144,,0.0,0,基隆市社會住宅包租代管第三期計畫,RPSQMLMLKIGGFDC87CC
信義區,建物,基隆市信義區深澳坑路２之５號５樓之８,0.0,住,,,1101126,土地0建物1車位0,五層,16,住宅大樓(11層含以上有電梯),住家用,鋼筋混凝土造,0850426,30.52,1,1,1,有,有,有,7000,229,,0.0,0,基隆市社會住宅包租代管第三期計畫,RPUQMLMLKIGGFDC08CC
安樂區,建物,基隆市安樂區中和路１６８巷１０弄１２號２樓,0.0,住,,,1101127,土地0建物1車位0,二層,5,公寓(5樓含以下無電梯),住家用,鋼筋混凝土造,0840117,88.52,3,2,2,有,無,有,8000,90,,0.0,0,基隆市社會住宅包租代管第三期計畫,RPORMLMLKIGGFDC57CC
仁愛區,建物,基隆市仁愛區成功一路５４號３樓,0.0,商,,,1101127,土地0建物1車位0,三層,5,公寓(5樓含以下無電梯),住家用,鋼筋混凝土造,0900424,32.64,1,1,1,有,無,有,7000,214,,0.0,0,基隆市社會住宅包租代管第三期計畫,RPPRMLMLKIGGFDC67CC
安樂區,建物,基隆市安樂區基金一路１３５巷１１９號５樓,0.0,住,,,1101127,土地0建物1車位0,五層,7,華廈(10層含以下有電梯),住家用,鋼筋混凝土造,0840519,111.93,3,2,2,有,無,有,14000,125,,0.0,0,基隆市社會住宅包租代管第三期計畫,RPTRMLMLKIGGFDC08CC
安樂區,建物,基隆市安樂區安一路２５６之３號,0.0,住,,,1101127,土地0建物1車位0,四層,5,公寓(5樓含以下無電梯),住家用,鋼筋混凝土造,0710227,51.26,3,1,1,有,無,有,9500,185,,0.0,0,基隆市社會住宅包租代管第三期計畫,RPQSMLMLKIGGFDC87CC
中正區,建物,基隆市中正區調和街２９６號８樓,0.0,住,,,1101129,土地0建物1車位0,八層,14,住宅大樓(11層含以上有電梯),集合住宅,鋼筋混凝土造,1080212,98.37,3,2,2,有,有,有,15000,152,,0.0,0,基隆市社會住宅包租代管第三期計畫,RPUSMLMLKIGGFDC28CC
仁愛區,房地(土地+建物),基隆市仁愛區孝三路６５巷１９號３樓,26.25,商,,,1101216,土地1建物1車位0,三層,4,公寓(5樓含以下無電梯),住家用,加強磚造,,98.41,0,1,1,有,無,有,12000,122,,0.0,0,附屬設備項目如下：冰箱乙台、流理臺、瓦斯爐、熱水器。損壞屋主不處理，承租方可以丟棄,RPVSMLMLKIGGFDC38CC
中正區,建物,基隆市中正區新豐街４０８號１５樓,0.0,住,,,1101201,土地0建物1車位0,十五層,15,住宅大樓(11層含以上有電梯),住家用,鋼筋混凝土造,0850309,99.12,3,2,2,有,有,有,14500,146,,0.0,0,基隆市社會住宅包租代管第三期計畫,RPXSMLMLKIGGFDC58CC
中正區,建物,基隆市中正區新豐街１６４號７樓,0.0,住,,,1101205,土地0建物1車位0,七層,23,住宅大樓(11層含以上有電梯),住家用,鋼筋混凝土造,0851129,55.08,2,1,1,有,有,有,13500,245,,0.0,0,基隆市社會住宅包租代管第三期計畫,RPOTMLMLKIGGFDC77CC
安樂區,建物,基隆市安樂區武聖街１５４號５樓,0.0,住,,,1101207,土地0建物1車位0,五層,5,公寓(5樓含以下無電梯),住家用,鋼筋混凝土造,0790523,90.44,3,2,1,有,無,有,8500,94,,0.0,0,基隆市社會住宅包租代管第三期計畫,RPPTMLMLKIGGFDC87CC
安樂區,建物,基隆市安樂區麥金路４４３號,0.0,住,,,1101210,土地0建物1車位0,一層,5,公寓(5樓含以下無電梯),住家用,鋼筋混凝土造,0720917,76.4,4,3,2,有,無,有,10000,131,,0.0,0,基隆市社會住宅包租代管第三期計畫,RPQTMLMLKIGGFDC97CC
安樂區,建物,基隆市安樂區麥金路４２１巷６５之２號,0.0,其他,,,1101205,土地0建物1車位0,三層,5,公寓(5樓含以下無電梯),國民住宅,鋼筋混凝土造,0670809,61.41,3,1,1,有,無,有,9000,147,,0.0,0,基隆市社會住宅包租代管第三期計畫,RPRTMLMLKIGGFDC08CC
信義區,建物,基隆市信義區深澳坑路１６６之６號７樓,0.0,住,,,1101210,土地0建物1車位0,七層,10,華廈(10層含以下有電梯),住家用,鋼筋混凝土造,0840127,43.63,1,1,1,有,有,有,8500,195,,0.0,0,基隆市社會住宅包租代管第三期計畫,RPSTMLMLKIGGFDC18CC
安樂區,建物,基隆市安樂區武嶺街３０８之１號,0.0,其他,,,1101210,土地0建物1車位0,二層,4,公寓(5樓含以下無電梯),住家用,鋼筋混凝土造,0670215,68.24,2,1,1,有,無,有,10000,147,,0.0,0,基隆市社會住宅包租代管第三期計畫,RPTTMLMLKIGGFDC28CC
七堵區,建物,基隆市七堵區福二街１３６之１號,0.0,住,,,1101211,土地0建物1車位0,二層,5,公寓(5樓含以下無電梯),住家用,鋼筋混凝土造,0711126,75.61,2,1,1,有,無,有,10000,132,,0.0,0,基隆市社會住宅包租代管第三期計畫,RPUTMLMLKIGGFDC38CC
信義區,建物,基隆市信義區福民街７１巷４號４樓,0.0,住,,,1101211,土地0建物1車位0,四層,4,公寓(5樓含以下無電梯),住家用,鋼筋混凝土造,0740912,64.38,2,1,1,有,無,有,7000,109,,0.0,0,基隆市社會住宅包租代管第三期計畫,RPWTMLMLKIGGFDC58CC
安樂區,建物,基隆市安樂區中和路１６８巷７弄１０號２樓,0.0,住,,,1101211,土地0建物1車位0,二層,5,公寓(5樓含以下無電梯),住家用,鋼筋混凝土造,0851202,92.52,2,2,1,有,無,有,8000,86,,0.0,0,基隆市社會住宅包租代管第三期計畫,RPXTMLMLKIGGFDC68CC
仁愛區,建物,基隆市仁愛區仁一路２９３巷２之１４號,0.0,商,,,1101214,土地0建物1車位0,二層,4,公寓(5樓含以下無電梯),住家用,鋼筋混凝土加強磚造,0621128,98.04,2,2,1,有,無,有,7750,79,,0.0,0,基隆市社會住宅包租代管第三期計畫,RPOUMLMLKIGGFDC87CC
中正區,建物,基隆市中正區中正路２０３之３號,0.0,住,,,1101214,土地0建物1車位0,三層,4,公寓(5樓含以下無電梯),住家用,鋼筋混凝土加強磚造,0640909,36.59,2,1,1,有,無,有,7500,205,,0.0,0,基隆市社會住宅包租代管第三期計畫,RPPUMLMLKIGGFDC97CC
安樂區,建物,基隆市安樂區麥金路１４７之２號５樓,0.0,住,,,1101214,土地0建物1車位0,五層,13,住宅大樓(11層含以上有電梯),住家用,鋼筋混凝土造,0860718,78.87,3,2,1,有,無,有,14000,178,,0.0,0,基隆市社會住宅包租代管第三期計畫,RPQUMLMLKIGGFDC08CC
仁愛區,建物,基隆市仁愛區南新街３１巷１４之２號,0.0,住,,,1101214,土地0建物1車位0,三層,4,公寓(5樓含以下無電梯),住家用,鋼筋混凝土造,0710823,80.3,3,2,1,有,無,有,10000,125,,0.0,0,基隆市社會住宅包租代管第三期計畫,RPRUMLMLKIGGFDC18CC
中正區,建物,基隆市中正區新豐街３０３巷１１弄３３號４樓,0.0,住,,,1101215,土地0建物1車位0,四層,7,華廈(10層含以下有電梯),住家用,鋼筋混凝土造,0830429,71.96,2,2,2,有,無,有,12500,174,,0.0,0,基隆市社會住宅包租代管第三期計畫,RPUUMLMLKIGGFDC48CC
中正區,建物,基隆市中正區觀海街１５３號１６樓,0.0,住,,,1101215,土地0建物1車位0,十六層,16,住宅大樓(11層含以上有電梯),住家用,鋼筋混凝土造,0880114,24.14,1,1,1,有,無,有,6000,249,,0.0,0,基隆市社會住宅包租代管第三期計畫,RPVUMLMLKIGGFDC58CC
安樂區,建物,基隆市安樂區中和路１６４巷５２號２樓,0.0,住,,,1101217,土地0建物1車位0,二層,5,公寓(5樓含以下無電梯),住家用,鋼筋混凝土造,0871210,68.33,3,2,2,有,無,有,10000,146,,0.0,0,基隆市社會住宅包租代管第三期計畫,RPVNMLNLKIGGFDC97CC
安樂區,建物,基隆市安樂區基金一路１２１巷１７之４號４樓,0.0,住,,,1101217,土地0建物1車位0,四層,5,公寓(5樓含以下無電梯),住家用,鋼筋混凝土造,0850503,84.91,3,2,2,有,無,有,11000,130,,0.0,0,基隆市社會住宅包租代管第三期計畫,RPWNMLNLKIGGFDC08CC
信義區,建物,基隆市信義區東明路３９巷４５之１５號,0.0,住,,,1101217,土地0建物1車位0,四層,4,公寓(5樓含以下無電梯),住家用,鋼筋混凝土加強磚造,0660108,71.78,2,1,1,有,無,有,6500,91,,0.0,0,基隆市社會住宅包租代管第三期計畫,RPXNMLNLKIGGFDC18CC
安樂區,建物,基隆市安樂區樂利三街２０３號１０樓,0.0,住,,,1101130,土地0建物1車位0,十層,17,住宅大樓(11層含以上有電梯),住家用,鋼筋混凝土造,0800826,115.19,3,2,2,有,無,有,13000,113,,0.0,0,基隆市社會住宅包租代管第三期計畫,RPPOMLNLKIGGFDC47CC
中正區,建物,基隆市中正區觀海街１３５號７樓,0.0,住,,,1101201,土地0建物1車位0,七層,14,住宅大樓(11層含以上有電梯),住家用,鋼筋混凝土造,0880114,65.98,2,1,2,有,無,有,11000,167,,0.0,0,基隆市社會住宅包租代管第三期計畫,RPSOMLNLKIGGFDC77CC
安樂區,建物,基隆市安樂區麥金路１９１號１０樓,0.0,住,,,1101201,土地0建物1車位0,十層,15,住宅大樓(11層含以上有電梯),住家用,鋼筋混凝土造,0860718,104.22,4,2,2,有,無,有,15000,144,,0.0,0,基隆市社會住宅包租代管第三期計畫,RPUOMLNLKIGGFDC97CC
中正區,建物,基隆市中正區觀海街８８號１３樓,0.0,住,,,1101203,土地0建物1車位0,十三層,16,住宅大樓(11層含以上有電梯),住家用,鋼筋混凝土造,0880114,57.92,2,1,2,有,無,有,10000,173,,0.0,0,基隆市社會住宅包租代管第三期計畫,RPVOMLNLKIGGFDC08CC
信義區,建物,基隆市信義區東信路３５巷３４之３號,0.0,其他,,,1101203,土地0建物1車位0,四層,5,公寓(5樓含以下無電梯),住家用,鋼筋混凝土造,0700708,77.41,3,1,1,有,無,有,8000,103,,0.0,0,基隆市社會住宅包租代管第三期計畫,RPWOMLNLKIGGFDC18CC
中山區,建物,基隆市中山區德安路１０１之２號,0.0,其他,,,1101205,土地0建物1車位0,三層,4,公寓(5樓含以下無電梯),住家用,鋼筋混凝土造,0680511,46.75,2,1,1,有,無,有,7800,167,,0.0,0,基隆市社會住宅包租代管第三期計畫,RPOPMLNLKIGGFDC47CC
暖暖區,建物,基隆市暖暖區東勢街２６巷１１７號３樓,0.0,住,,,1101205,土地0建物1車位0,三層,12,住宅大樓(11層含以上有電梯),住家用,鋼筋混凝土造,0831129,91.36,3,1,1,有,有,有,13500,148,,0.0,0,基隆市社會住宅包租代管第三期計畫,RPPPMLNLKIGGFDC57CC
七堵區,建物,基隆市七堵區東新街８３之９號７樓,0.0,住,,,1101205,土地0建物1車位0,七層,10,華廈(10層含以下有電梯),住家用,鋼筋混凝土造,0871111,126.74,4,2,2,有,無,有,17000,134,,0.0,0,基隆市社會住宅包租代管第三期計畫,RPRPMLNLKIGGFDC77CC
暖暖區,建物,基隆市暖暖區暖暖街２４６巷１２號３樓,0.0,住,,,1101205,土地0建物1車位0,三層,8,華廈(10層含以下有電梯),住家用,鋼筋混凝土造,0831120,72.57,2,1,1,有,無,有,11000,152,,0.0,0,基隆市社會住宅包租代管第三期計畫,RPTPMLNLKIGGFDC97CC
中正區,建物,基隆市中正區觀海街１２３號１１樓,0.0,住,,,1101205,土地0建物1車位0,十一層,14,住宅大樓(11層含以上有電梯),住家用,鋼筋混凝土造,0880114,65.98,2,1,2,有,有,有,12000,182,,0.0,0,基隆市社會住宅包租代管第三期計畫,RPUPMLNLKIGGFDC08CC
暖暖區,建物,基隆市暖暖區碇內街４０２號２樓,0.0,住,,,1101205,土地0建物1車位0,二層,6,華廈(10層含以下有電梯),住家用,鋼筋混凝土造,0840808,58.37,3,1,1,有,無,有,9700,166,,0.0,0,基隆市社會住宅包租代管第三期計畫,RPXPMLNLKIGGFDC38CC
暖暖區,建物,基隆市暖暖區碇內街４１６號２樓,0.0,住,,,1101205,土地0建物1車位0,二層,6,華廈(10層含以下有電梯),住家用,鋼筋混凝土造,0840808,62.13,3,1,1,有,無,有,10000,161,,0.0,0,基隆市社會住宅包租代管第三期計畫,RPOQMLNLKIGGFDC57CC
仁愛區,建物,基隆市仁愛區崇安街７６號,0.0,商,,,1101206,土地0建物1車位0,一層,5,公寓(5樓含以下無電梯),商業用,鋼筋混凝土造,0720129,57.84,2,1,1,有,無,有,7500,130,,0.0,0,基隆市社會住宅包租代管第三期計畫,RPQQMLNLKIGGFDC77CC
中正區,建物,基隆市中正區調和街１巷３號９樓,0.0,商,,,1101218,土地0建物1車位0,九層,9,華廈(10層含以下有電梯),住家用,鋼筋混凝土造,0841006,99.66,3,2,2,有,無,有,10000,100,,0.0,0,基隆市社會住宅包租代管第三期計畫,RPSQMLNLKIGGFDC97CC
信義區,建物,基隆市信義區深澳坑路２之５號４樓之２,0.0,住,,,1101218,土地0建物1車位0,四層,16,住宅大樓(11層含以上有電梯),住家用,鋼筋混凝土造,0850426,31.78,1,1,1,有,有,有,7200,227,,0.0,0,基隆市社會住宅包租代管第三期計畫,RPTQMLNLKIGGFDC08CC
中正區,建物,基隆市中正區祥豐街１１９之２號２樓,0.0,住,,,1101222,土地0建物1車位0,二層,7,華廈(10層含以下有電梯),住家用,鋼筋混凝土造,0880605,60.27,2,1,1,有,有,有,7500,124,,0.0,0,基隆市社會住宅包租代管第三期計畫,RPQRMLNLKIGGFDC87CC
仁愛區,建物,基隆市仁愛區南榮路４５５巷２０之２號,0.0,住,,,1101222,土地0建物1車位0,三層,4,公寓(5樓含以下無電梯),住家用,鋼筋混凝土加強磚造,0641007,76.44,3,2,1,有,無,有,12000,157,,0.0,0,基隆市社會住宅包租代管第三期計畫,RPTRMLNLKIGGFDC18CC
安樂區,建物,基隆市安樂區基金一路１３５巷３３號４樓,0.0,住,,,1101221,土地0建物1車位0,四層,7,華廈(10層含以下有電梯),住家用,鋼筋混凝土造,0820315,94.61,3,2,2,有,有,有,13000,137,,0.0,0,基隆市社會住宅包租代管第三期計畫,RPOSMLNLKIGGFDC77CC
仁愛區,建物,基隆市仁愛區華五街２４之３號,0.0,其他,,,1101221,土地0建物1車位0,四層,4,公寓(5樓含以下無電梯),住家用,鋼筋混凝土加強磚造,0620623,79.2,3,2,2,有,無,有,12000,152,,0.0,0,基隆市社會住宅包租代管第三期計畫,RPWSMLNLKIGGFDC58CC
暖暖區,建物,基隆市暖暖區碇內街３８６號２樓,0.0,住,,,1101218,土地0建物1車位0,二層,6,華廈(10層含以下有電梯),住家用,鋼筋混凝土造,0840808,62.13,3,2,1,有,有,有,7800,126,,0.0,0,基隆市社會住宅包租代管第三期計畫,RPPTMLNLKIGGFDC97CC
暖暖區,建物,基隆市暖暖區源遠路８９巷９號３樓,0.0,住,,,1101207,土地0建物1車位0,三層,5,公寓(5樓含以下無電梯),住家用,鋼筋混凝土造,0850117,96.27,3,2,2,有,無,有,10000,104,,0.0,0,基隆市社會住宅包租代管第三期計畫,RPRTMLNLKIGGFDC18CC
七堵區,建物,基隆市七堵區東新街７３巷６０弄１１之１號,0.0,住,,,1101207,土地0建物1車位0,二層,4,公寓(5樓含以下無電梯),住家用,鋼筋混凝土加強磚造,0670615,67.37,3,2,1,有,無,有,10000,148,,0.0,0,基隆市社會住宅包租代管第三期計畫,RPSTMLNLKIGGFDC28CC
中山區,建物,基隆市中山區復旦路１７之３號５樓,0.0,住,,,1101205,土地0建物1車位0,五層,5,公寓(5樓含以下無電梯),住家用,鋼筋混凝土造,0780408,109.14,3,2,2,有,無,有,11000,101,,0.0,0,基隆市社會住宅包租代管第三期計畫,RPVTMLNLKIGGFDC58CC
仁愛區,建物,基隆市仁愛區劉銘傳路５３巷１２之２號,0.0,住,,,1101208,土地0建物1車位0,三層,3,公寓(5樓含以下無電梯),住家用,鋼筋混凝土造,0720208,34.73,1,1,1,有,無,有,12000,346,,0.0,0,基隆市社會住宅包租代管第三期計畫,RPXTMLNLKIGGFDC78CC
暖暖區,建物,基隆市暖暖區八堵路１０號５樓,0.0,住,,,1101209,土地0建物1車位0,五層,5,公寓(5樓含以下無電梯),住家用,鋼筋混凝土造,0901004,91.61,3,2,2,有,無,有,12000,131,,0.0,0,基隆市社會住宅包租代管第三期計畫,RPOUMLNLKIGGFDC97CC
安樂區,建物,基隆市安樂區武聖街５７號５樓,0.0,住,,,1101210,土地0建物1車位0,五層,5,公寓(5樓含以下無電梯),住家用,鋼筋混凝土造,0790319,89.39,3,1,2,有,無,有,11000,123,,0.0,0,基隆市社會住宅包租代管第三期計畫,RPPUMLNLKIGGFDC08CC
中正區,建物,基隆市中正區中正路４８８號５樓,0.0,商,,,1101210,土地0建物1車位0,五層,5,公寓(5樓含以下無電梯),住家用,鋼筋混凝土造,0740619,91.29,2,2,2,有,無,有,10000,110,,0.0,0,基隆市社會住宅包租代管第三期計畫,RPQUMLNLKIGGFDC18CC
中正區,建物,基隆市中正區調和街１７之２號５樓,0.0,住,,,1101210,土地0建物1車位0,五層,5,公寓(5樓含以下無電梯),住家用,鋼筋混凝土造,0760323,91.91,3,2,1,有,無,有,7500,82,,0.0,0,基隆市社會住宅包租代管第三期計畫,RPTUMLNLKIGGFDC48CC
中正區,建物,基隆市中正區新豐街４６０之３號１６樓,0.0,其他,,,1101211,土地0建物1車位0,十六層,18,住宅大樓(11層含以上有電梯),住家用,鋼筋混凝土造,0861121,28.38,1,1,1,有,有,有,7800,275,,0.0,0,基隆市社會住宅包租代管第三期計畫,RPWUMLNLKIGGFDC78CC
仁愛區,建物,基隆市仁愛區崇安街８４號５樓,0.0,商,,,1101211,土地0建物1車位0,五層,5,公寓(5樓含以下無電梯),住家用,鋼筋混凝土造,0730814,43.84,2,1,1,有,無,有,7000,160,,0.0,0,基隆市社會住宅包租代管第三期計畫,RPXUMLNLKIGGFDC88CC
安樂區,建物,基隆市安樂區樂利二街６２巷２６７號１３樓,0.0,住,,,1101211,土地0建物1車位0,十三層,14,住宅大樓(11層含以上有電梯),住家用,鋼筋混凝土造,0881231,94.13,3,2,2,有,有,有,15000,159,,0.0,0,基隆市社會住宅包租代管第三期計畫,RPOVMLNLKIGGFDC08CC
中正區,建物,基隆市中正區新豐街４５２之１號１５樓,0.0,其他,,,1101211,土地0建物1車位0,十五層,18,住宅大樓(11層含以上有電梯),住家用,鋼筋混凝土造,0861121,65.45,3,1,1,有,有,有,11000,168,,0.0,0,基隆市社會住宅包租代管第三期計畫,RPPVMLNLKIGGFDC18CC
安樂區,建物,基隆市安樂區安樂路二段１２６之５號,0.0,商,,,1101211,土地0建物1車位0,六層,8,華廈(10層含以下有電梯),住家用,鋼筋混凝土造,0690501,111.98,3,1,1,有,無,有,13500,121,,0.0,0,基隆市社會住宅包租代管第三期計畫,RPVNMLOLKIGGFDC08CC
安樂區,建物,基隆市安樂區武嶺街３０９號４樓之１２,0.0,住,,,1101214,土地0建物1車位0,四層,7,華廈(10層含以下有電梯),住家用,鋼筋混凝土造,0850118,72.72,3,1,2,有,無,有,12000,165,,0.0,0,基隆市社會住宅包租代管第三期計畫,RPWNMLOLKIGGFDC18CC
安樂區,建物,基隆市安樂區樂利三街３２巷１１號,0.0,住,,,1101215,土地0建物1車位0,見其他登記事項,4,公寓(5樓含以下無電梯),住商用,鋼筋混凝土造,0671115,84.38,3,1,1,有,無,有,8000,95,,0.0,0,基隆市社會住宅包租代管第三期計畫,RPXNMLOLKIGGFDC28CC
安樂區,建物,基隆市安樂區麥金路７７９號３樓,0.0,其他,,,1101217,土地0建物1車位0,三層,12,住宅大樓(11層含以上有電梯),住家用,鋼筋混凝土造,0840622,86.36,3,1,1,有,有,有,10000,116,,0.0,0,基隆市社會住宅包租代管第三期計畫,RPQOMLOLKIGGFDC67CC
安樂區,建物,基隆市安樂區麥金路４２１巷１１５之３號,0.0,其他,,,1101218,土地0建物1車位0,四層,5,公寓(5樓含以下無電梯),國民住宅,鋼筋混凝土造,0670809,61.41,3,1,1,有,無,有,8000,130,,0.0,0,基隆市社會住宅包租代管第三期計畫,RPROMLOLKIGGFDC77CC
信義區,建物,基隆市信義區深溪路３６巷１０２弄１９號７樓,0.0,住,,,1101218,土地0建物1車位0,七層,7,華廈(10層含以下有電梯),住家用,鋼筋混凝土造,0860813,78.85,2,2,1,有,無,有,12000,152,,0.0,0,基隆市社會住宅包租代管第三期計畫,RPTOMLOLKIGGFDC97CC
中正區,建物,基隆市中正區祥豐街１７７巷６１之１號,0.0,住,,,1101218,土地0建物1車位0,二層,5,公寓(5樓含以下無電梯),住家用,鋼筋混凝土造,0700319,99.23,5,3,2,有,無,有,16000,161,,0.0,0,基隆市社會住宅包租代管第三期計畫,RPUOMLOLKIGGFDC08CC
中正區,建物,基隆市中正區調和街３８號４樓,0.0,商,,,1101218,土地0建物1車位0,四層,5,公寓(5樓含以下無電梯),住家用,鋼筋混凝土造,0690730,79.38,3,1,1,有,無,有,8400,106,,0.0,0,基隆市社會住宅包租代管第三期計畫,RPVOMLOLKIGGFDC18CC
安樂區,建物,基隆市安樂區中和路８５巷４２號１１樓之３,0.0,其他,,,1101219,土地0建物1車位0,見其他登記事項,22,住宅大樓(11層含以上有電梯),住家用,鋼筋混凝土造,0860508,92.23,2,2,2,有,有,有,12000,130,,0.0,0,基隆市社會住宅包租代管第三期計畫,RPWOMLOLKIGGFDC28CC
安樂區,建物,基隆市安樂區安一路３７０巷４之３號,0.0,住,,,1101221,土地0建物1車位0,四層,4,公寓(5樓含以下無電梯),住家用,鋼筋混凝土加強磚造,0631213,69.95,3,2,2,有,無,有,8000,114,,0.0,0,基隆市社會住宅包租代管第三期計畫,RPXOMLOLKIGGFDC38CC
暖暖區,建物,基隆市暖暖區碇內街３４８號２樓,0.0,住,,,1101222,土地0建物1車位0,二層,6,華廈(10層含以下有電梯),住家用,鋼筋混凝土造,0840808,75.09,3,1,2,有,無,有,8000,107,,0.0,0,基隆市社會住宅包租代管第三期計畫,RPOPMLOLKIGGFDC57CC
安樂區,建物,基隆市安樂區武訓街４號,0.0,工,,,1101223,土地0建物1車位0,一層,1,工廠,工業用,鋼造,0660106,479.61,0,0,0,無,無,無,70000,,,0.0,0,,RPRPMLOLKIGGFDC87CC
中正區,建物,基隆市中正區調和街３４號３樓,0.0,商,,,1101218,土地0建物1車位0,三層,5,公寓(5樓含以下無電梯),住家用,鋼筋混凝土造,0690730,73.9,3,1,1,有,無,有,9500,129,,0.0,0,基隆市社會住宅包租代管第三期計畫,RPPOMLRLKIGGFDC87CC
中正區,建物,基隆市中正區中船路１１２巷１４號,0.0,商,,,1101223,土地0建物1車位0,見其他登記事項,5,公寓(5樓含以下無電梯),住家用,鋼筋混凝土造,0860617,101.34,3,1,1,有,無,有,11000,109,,0.0,0,基隆市社會住宅包租代管第三期計畫,RPVOMLRLKIGGFDC48CC
安樂區,建物,基隆市安樂區樂利三街５９號１７樓之１,0.0,住,,,1101224,土地0建物1車位0,十七層,20,住宅大樓(11層含以上有電梯),住家用,鋼筋混凝土造,0860117,22.3,1,0,1,有,有,有,7500,336,,0.0,0,基隆市社會住宅包租代管第三期計畫,RPWOMLRLKIGGFDC58CC
中正區,建物,基隆市中正區新豐街１３７號２樓,0.0,住,,,1101224,土地0建物1車位0,二層,4,公寓(5樓含以下無電梯),住家用,鋼筋混凝土造,0721224,89.11,3,2,1,有,無,有,9000,101,,0.0,0,基隆市社會住宅包租代管第三期計畫,RPXOMLRLKIGGFDC68CC
中正區,建物,基隆市中正區正義路３０巷２０弄１５號５樓,0.0,其他,,,1101224,土地0建物1車位0,五層,5,公寓(5樓含以下無電梯),住家用,鋼筋混凝土造,0850311,56.14,1,2,1,有,無,有,9500,169,,0.0,0,基隆市社會住宅包租代管第三期計畫,RPOPMLRLKIGGFDC87CC
七堵區,建物,基隆市七堵區百七街７１巷４３之２號,0.0,住,,,1101224,土地0建物1車位0,三層,4,公寓(5樓含以下無電梯),住家用,鋼筋混凝土造,0700106,108.68,2,2,1,有,無,有,13500,124,,0.0,0,基隆市社會住宅包租代管第三期計畫,RPRPMLRLKIGGFDC18CC
仁愛區,建物,基隆市仁愛區愛四路２８巷１１之２號,0.0,商,,,1101224,土地0建物1車位0,三層,5,公寓(5樓含以下無電梯),住家用,鋼筋混凝土造,0680118,103.94,7,1,1,有,無,有,8500,82,,0.0,0,基隆市社會住宅包租代管第三期計畫,RPTPMLRLKIGGFDC38CC
暖暖區,建物,基隆市暖暖區碇內街３６４號２樓,0.0,住,,,1101226,土地0建物1車位0,二層,6,華廈(10層含以下有電梯),住家用,鋼筋混凝土造,0840808,62.13,2,1,1,有,有,有,9300,150,,0.0,0,基隆市社會住宅包租代管第三期計畫,RPWPMLRLKIGGFDC68CC
仁愛區,建物,基隆市仁愛區龍安街２０８之１號２樓,0.0,住,,,1101226,土地0建物1車位0,二層,9,華廈(10層含以下有電梯),住家用,鋼筋混凝土造,0970908,69.5,2,2,1,有,無,有,13500,194,,0.0,0,基隆市社會住宅包租代管第三期計畫,RPOQMLRLKIGGFDC97CC
中正區,建物,基隆市中正區觀海街１１０號２樓,0.0,住,,,1101226,土地0建物1車位0,二層,16,住宅大樓(11層含以上有電梯),住家用,鋼筋混凝土造,0880114,102.0,4,2,2,有,有,有,13500,132,,0.0,0,基隆市社會住宅包租代管第三期計畫,RPPQMLRLKIGGFDC08CC
七堵區,建物,基隆市七堵區福一街１７２巷１６號３樓,0.0,住,,,1101226,土地0建物1車位0,三層,5,公寓(5樓含以下無電梯),住家用,鋼筋混凝土造,0820306,108.51,3,2,2,有,無,有,13500,124,,0.0,0,基隆市社會住宅包租代管第三期計畫,RPRQMLRLKIGGFDC28CC
信義區,建物,基隆市信義區培德路１４巷２２之５號５樓,0.0,其他,,,1101226,土地0建物1車位0,五層,5,公寓(5樓含以下無電梯),住家用,鋼筋混凝土造,0780605,116.47,4,2,2,有,無,有,9000,77,,0.0,0,基隆市社會住宅包租代管第三期計畫,RPTQMLRLKIGGFDC48CC
安樂區,建物,基隆市安樂區樂利二街６２巷７７號４樓,0.0,住,,,1101226,土地0建物1車位0,四層,7,華廈(10層含以下有電梯),住家用,鋼筋混凝土造,0841002,90.83,3,2,2,有,無,有,13500,149,,0.0,0,基隆市社會住宅包租代管第三期計畫,RPVQMLRLKIGGFDC68CC
中正區,建物,基隆市中正區調和街３００號５樓之１,0.0,住,,,1101226,土地0建物1車位0,五層,14,住宅大樓(11層含以上有電梯),集合住宅,鋼筋混凝土造,1080212,42.5,0,0,0,無,有,有,12000,282,,0.0,0,基隆市社會住宅包租代管第三期計畫,RPWQMLRLKIGGFDC78CC
安樂區,建物,基隆市安樂區基金二路５１號８樓,0.0,住,,,1101226,土地0建物1車位0,八層,12,住宅大樓(11層含以上有電梯),住家用,鋼筋混凝土造,0820518,59.04,2,2,1,有,有,有,9500,161,,0.0,0,基隆市社會住宅包租代管第三期計畫,RPXQMLRLKIGGFDC88CC
安樂區,房地(土地+建物),基隆市安樂區樂利三街８巷８號５樓,19.84,其他,,,1101217,土地3建物1車位0,五層,17,住宅大樓(11層含以上有電梯),住家用,鋼筋混凝土造,0840504,178.57000000000002,3,2,2,有,有,有,15000,84,,0.0,0,,RPURMLRLKIGGFDC68CC
仁愛區,房地(土地+建物)+車位,基隆市仁愛區南榮路２２號９樓之１,10.38,商,,,1101206,土地1建物1車位1,九層,15,住宅大樓(11層含以上有電梯),住家用,鋼筋混凝土造,0830822,144.06,3,2,2,有,有,有,20000,139,坡道平面,0.0,0,,RPOPMLTLKIGGFDC18DC
中正區,建物,基隆市中正區觀海街１４９號１４樓,0.0,住,,,1101222,土地0建物1車位0,十四層,16,住宅大樓(11層含以上有電梯),住家用,鋼筋混凝土造,0880114,84.78,2,1,2,有,有,有,11000,130,,0.0,0,含管理費,RPWNMLMJJHHGFDC67CC
信義區,建物,基隆市信義區東信路５５巷４８號５樓,0.0,住,,,1101220,土地0建物1車位0,五層,5,公寓(5樓含以下無電梯),住家用,鋼筋混凝土造,0720520,99.38,2,2,1,有,無,有,9000,91,,0.0,0,,RPXOMLNJJHHGFDC97CC
安樂區,建物,基隆市安樂區麥金路４３９巷１１之２號,0.0,住,,,1101228,土地0建物1車位0,三層,5,公寓(5樓含以下無電梯),國民住宅,鋼筋混凝土造,0670809,48.64,2,1,1,有,無,有,5000,103,,0.0,0,基隆市社會住宅包租代管第三期計畫,RPTOMLOJJHHGFDC67CC
中正區,建物,基隆市中正區立德路３４之３號,0.0,住,,,1101228,土地0建物1車位0,四層,5,公寓(5樓含以下無電梯),住家用,鋼筋混凝土造,0711229,84.17,4,1,1,有,無,有,7000,83,,0.0,0,基隆市社會住宅包租代管第三期計畫,RPUOMLOJJHHGFDC77CC
中正區,房地(土地+建物)+車位,基隆市中正區新豐街３３３巷４１號２樓,22.05,住,,,1101225,土地1建物1車位1,二層,9,華廈(10層含以下有電梯),住家用,鋼筋混凝土造,0841122,138.84,3,2,2,有,有,有,15000,108,坡道平面,0.0,0,含管理費,RPWOMLOJJHHGFDC08DC
暖暖區,建物,基隆市暖暖區碇內街３９４號４樓,0.0,住,,,1101228,土地0建物1車位0,四層,6,華廈(10層含以下有電梯),住家用,鋼筋混凝土造,0840808,62.13,3,1,1,有,有,有,5700,92,,0.0,0,基隆市社會住宅包租代管第三期計畫,RPQOMLPJJHHGFDC47CC
信義區,建物,基隆市信義區培德路２巷９９之１號,0.0,住,,,1101228,土地0建物1車位0,一層,5,公寓(5樓含以下無電梯),住家用,鋼筋混凝土造,0780803,117.79,3,2,2,有,無,有,12000,102,,0.0,0,基隆市社會住宅包租代管第三期計畫,RPSOMLPJJHHGFDC67CC
暖暖區,建物,基隆市暖暖區碇內街２５６號８樓,0.0,住,,,1101228,土地0建物1車位0,八層,10,華廈(10層含以下有電梯),住家用,鋼筋混凝土造,0850217,56.59,2,1,1,有,有,有,9000,159,,0.0,0,基隆市社會住宅包租代管第三期計畫,RPUOMLPJJHHGFDC87CC
安樂區,建物,基隆市安樂區樂利三街２８巷１３之３號,0.0,其他,,,1101228,土地0建物1車位0,四層,4,公寓(5樓含以下無電梯),住家用,鋼筋混凝土造,0710220,88.99,3,1,2,有,無,有,11000,124,,0.0,0,基隆市社會住宅包租代管第三期計畫,RPVOMLPJJHHGFDC97CC
信義區,建物,基隆市信義區東明路１４５之３號,0.0,商,,,1101228,土地0建物1車位0,四層,4,公寓(5樓含以下無電梯),住家用,加強磚造,0590721,68.1,2,2,1,有,無,有,12000,176,,0.0,0,基隆市社會住宅包租代管第三期計畫,RPRPMLPJJHHGFDC67CC
暖暖區,建物,基隆市暖暖區金山街１２號３樓,0.0,住,,,1101231,土地0建物1車位0,三層,4,公寓(5樓含以下無電梯),住家用,鋼筋混凝土造,0800621,67.22,2,2,1,有,無,有,8200,122,,0.0,0,基隆市社會住宅包租代管第三期計畫,RPUPMLPJJHHGFDC97CC
中正區,建物,基隆市中正區義二路２６號後門,422.0,商,,,1101229,土地0建物1車位0,二層,8,公寓(5樓含以下無電梯),住商用,磚造,0390501,319.65,0,0,0,無,無,無,95000,297,,0.0,0,,RPROMLQJJHHGFDC67CC
中正區,建物,基隆市中正區中正路２１２之１號４樓,0.0,住,,,1110103,土地0建物1車位0,四層,4,公寓(5樓含以下無電梯),住家用,鋼筋混凝土加強磚造,0601213,107.4,2,1,1,有,無,有,13500,126,,0.0,0,基隆市社會住宅包租代管第三期計畫,RPSWMLKKJHHGFDC08CC
安樂區,建物,基隆市安樂區新西街６８巷２７號,0.0,住,,,1110107,土地0建物1車位0,一層,4,公寓(5樓含以下無電梯),住家用,鋼筋混凝土造,0680601,67.67,3,1,1,有,無,有,9000,133,,0.0,0,基隆市社會住宅包租代管第三期計畫,RPXWMLKKJHHGFDC58CC
信義區,建物,基隆市信義區信一路３３號２樓,0.0,商,,,1110107,土地0建物1車位0,二層,5,公寓(5樓含以下無電梯),辦公室,鋼筋混凝土造,0900718,56.56,2,2,2,有,無,有,12000,212,,0.0,0,基隆市社會住宅包租代管第三期計畫,RPRNNLKKJHHGFDC17CC
中正區,建物,基隆市中正區中正路６５６巷４７號,0.0,住,,,1110107,土地0建物1車位0,一層,4,公寓(5樓含以下無電梯),住家用,鋼筋混凝土加強磚造,0630723,62.78,3,1,1,有,無,有,12000,191,,0.0,0,基隆市社會住宅包租代管第三期計畫,RPTNNLKKJHHGFDC37CC
七堵區,建物,基隆市七堵區東新街４巷７號,0.0,商,,,1110107,土地0建物1車位0,一層,4,公寓(5樓含以下無電梯),商業用,鋼筋混凝土造,0690722,64.58,2,1,1,有,無,有,10000,155,,0.0,0,基隆市社會住宅包租代管第三期計畫,RPUNNLKKJHHGFDC47CC
中正區,建物,基隆市中正區平二路６之１號２樓,0.0,住,,,1110107,土地0建物1車位0,二層,4,公寓(5樓含以下無電梯),住家用,鋼筋混凝土加強磚造,0650708,48.51,2,1,1,有,無,有,5200,107,,0.0,0,基隆市社會住宅包租代管第三期計畫,RPPONLKKJHHGFDC07CC
中正區,建物,基隆市中正區新豐街４６０號之６ １６樓,0.0,住,,,1101212,土地0建物1車位0,十六層,18,住宅大樓(11層含以上有電梯),住家用,鋼筋混凝土造,0861121,37.07,1,0,1,有,無,有,8000,216,,0.0,0,,RPTWMLKKJHHGFDC28DC
仁愛區,建物,基隆市仁愛區南榮路３１９巷１０之２號,0.0,住,,,1101212,土地0建物1車位0,二層,5,公寓(5樓含以下無電梯),住家用,鋼筋混凝土造,0650330,70.8,2,2,1,有,無,有,12000,169,,0.0,0,,RPONNLKKJHHGFDC96DC
中正區,建物,基隆市中正區正濱路１１６巷５弄１１號２樓,0.0,住,,,1101212,土地0建物1車位0,二層,5,公寓(5樓含以下無電梯),住家用,鋼筋混凝土造,0830719,95.33999999999999,3,2,1,有,無,有,12600,132,,0.0,0,,RPSNNLKKJHHGFDC37DC
安樂區,建物,基隆市安樂區樂利三街３４巷７號,0.0,住,,,1101212,土地0建物1車位0,一層,4,公寓(5樓含以下無電梯),住家用,鋼筋混凝土造,0671115,68.18,3,1,1,有,無,有,10000,147,,0.0,0,,RPVNNLKKJHHGFDC67DC
仁愛區,建物,基隆市仁愛區南榮路２１５之５號,0.0,其他,,,1110105,土地0建物1車位0,六層,6,公寓(5樓含以下無電梯),住家用,鋼筋混凝土造,0701228,70.79,2,1,1,有,無,有,8000,113,,0.0,0,基隆市社會住宅包租代管第三期計畫,RPXNMLLKJHHGFDC77CC
仁愛區,建物,基隆市仁愛區南新街２８４之３號,0.0,住,,,1101127,土地0建物1車位0,四層,4,公寓(5樓含以下無電梯),住家用,鋼筋混凝土造,0690924,67.01,3,1,1,有,無,有,8000,119,,0.0,0,,RPQOMLLKJHHGFDC17CC
仁愛區,建物,基隆市仁愛區南新街３１巷６之２號,0.0,住,,,1101222,土地0建物1車位0,三層,4,公寓(5樓含以下無電梯),住家用,鋼筋混凝土造,0710823,79.9,3,2,1,有,無,有,10000,125,,0.0,0,基隆市社會住宅包租代管第三期計畫,RPSOMLLKJHHGFDC37CC
仁愛區,房地(土地+建物),基隆市仁愛區愛三路３３號，愛三路４９巷５號,108.75,商,,,1101218,土地3建物2車位0,二層,4,公寓(5樓含以下無電梯),商業用,磚造,0460517,138.22,0,0,0,無,無,無,45000,326,,0.0,0,,RPRQMLLKJHHGFDC47CC
七堵區,建物,基隆市七堵區福二街２３０號,0.0,商,,,1110112,土地0建物1車位0,一層,7,華廈(10層含以下有電梯),商業用,鋼筋混凝土造,0820501,178.63,0,0,0,無,無,無,31000,174,,0.0,0,,RPXNMLNKJHHGFDC97CC
暖暖區,建物,基隆市暖暖區暖中路５５號,0.0,住,,,1110105,土地0建物1車位0,地下二層,2,公寓(5樓含以下無電梯),住家用,鋼筋混凝土造,0700902,70.7,3,1,2,有,無,有,10000,141,,0.0,0,基隆市社會住宅包租代管第三期計畫,RPXNMLOLJHHGFDC18CC
安樂區,建物,基隆市安樂區中和路８５巷２３號６樓之１,0.0,其他,,,1110111,土地0建物1車位0,六層,11,住宅大樓(11層含以上有電梯),住家用,鋼筋混凝土造,0860508,52.13,3,1,2,有,無,有,9000,173,,0.0,0,基隆市社會住宅包租代管第三期計畫,RPOOMLOLJHHGFDC37CC
仁愛區,建物,基隆市仁愛區南榮路２１５之５號,0.0,其他,,,1110105,土地0建物1車位0,六層,6,華廈(10層含以下有電梯),住家用,鋼筋混凝土造,0701228,70.79,2,1,1,有,無,有,8000,113,,0.0,0,基隆市社會住宅包租代管第三期計畫,RPPOMLOLJHHGFDC47CC
安樂區,建物,基隆市安樂區武嶺街２１９之１號６樓,0.0,其他,,,1110111,土地0建物1車位0,六層,7,華廈(10層含以下有電梯),住家用,鋼筋混凝土造,0850406,105.14,3,1,2,有,無,有,12000,114,,0.0,0,基隆市社會住宅包租代管第三期計畫,RPQOMLOLJHHGFDC57CC
信義區,建物,基隆市信義區義六路３４巷２８號,0.0,住,,,1110111,土地0建物1車位0,一層,4,公寓(5樓含以下無電梯),住家用,加強磚造,0570829,73.62,3,2,1,有,無,有,10000,136,,0.0,0,基隆市社會住宅包租代管第三期計畫,RPTOMLOLJHHGFDC87CC
中正區,建物,基隆市中正區調和街３００號１１樓之６,0.0,住,,,1110111,土地0建物1車位0,十一層,14,住宅大樓(11層含以上有電梯),集合住宅,鋼筋混凝土造,1080212,42.5,1,1,1,有,無,有,10000,235,,0.0,0,基隆市社會住宅包租代管第三期計畫,RPVOMLOLJHHGFDC08CC
信義區,建物,基隆市信義區東明路３９巷１０號５樓,0.0,商,,,1110111,土地0建物1車位0,五層,5,公寓(5樓含以下無電梯),住家用,鋼筋混凝土造,0720804,114.24,3,2,1,有,無,有,10000,88,,0.0,0,基隆市社會住宅包租代管第三期計畫,RPWOMLOLJHHGFDC18CC
信義區,建物,基隆市信義區正信路１２巷２之２號,0.0,其他,,,1110114,土地0建物1車位0,三層,5,公寓(5樓含以下無電梯),住家用,鋼筋混凝土造,0710601,54.2,2,1,1,有,無,有,8000,148,,0.0,0,基隆市社會住宅包租代管第三期計畫,RPOPMLOLJHHGFDC47CC
中正區,建物,基隆市中正區調和街２９８號３樓,0.0,住,,,1110114,土地0建物1車位0,三層,14,住宅大樓(11層含以上有電梯),集合住宅,鋼筋混凝土造,1080212,93.35,3,2,2,有,無,有,12000,129,,0.0,0,基隆市社會住宅包租代管第三期計畫,RPPPMLOLJHHGFDC57CC
七堵區,房地(土地+建物),基隆市七堵區明德一路１８６號２樓,30.75,住,,,1110113,土地1建物1車位0,二層,12,住宅大樓(11層含以上有電梯),住家用,鋼筋混凝土造,0840524,147.38,0,0,0,無,有,無,30000,204,,0.0,0,,RPQPMLOLJHHGFDC67CC
仁愛區,建物,基隆市仁愛區愛六路１７號２樓之１,0.0,商,,,1110114,土地0建物1車位0,二層,5,公寓(5樓含以下無電梯),住家用,鋼筋混凝土造,0691212,82.68,3,2,1,有,無,有,13000,157,,0.0,0,基隆市社會住宅包租代管第三期計畫,RPSPMLOLJHHGFDC87CC
中山區,建物,基隆市中山區華興街５３巷７號６樓之６,0.0,住,,,1110114,土地0建物1車位0,六層,8,華廈(10層含以下有電梯),住家用,鋼筋混凝土造,0960131,51.73,2,2,2,有,有,有,13000,251,,0.0,0,基隆市社會住宅包租代管第三期計畫,RPTPMLOLJHHGFDC97CC
暖暖區,建物,基隆市暖暖區國安路３０巷１０之７號,0.0,住,,,1110114,土地0建物1車位0,四層,4,公寓(5樓含以下無電梯),住家用,鋼筋混凝土造,0710915,72.9,2,2,2,有,無,有,10500,144,,0.0,0,基隆市社會住宅包租代管第三期計畫,RPXNMLPLJHHGFDC28CC
七堵區,建物,基隆市七堵區福五街１７２之３號４樓,0.0,住,,,1110115,土地0建物1車位0,四層,5,公寓(5樓含以下無電梯),住家用,鋼筋混凝土造,0831018,83.08,3,1,1,有,無,有,11000,132,,0.0,0,基隆市社會住宅包租代管第三期計畫,RPOOMLPLJHHGFDC47CC
中山區,建物,基隆市中山區中山一路４９之２號,0.0,商,,,1110125,土地0建物1車位0,三層,5,公寓(5樓含以下無電梯),住家用,鋼筋混凝土造,0701231,71.08,3,1,1,有,無,有,7000,98,,0.0,0,基隆市社會住宅包租代管第三期計畫,RPQOMLPLJHHGFDC67CC
中山區,建物,基隆市中山區西定路３６８巷１２號,0.0,住,,,1110119,土地0建物1車位0,全,2,透天厝,住家用,加強磚造,0581217,51.21,1,1,1,有,無,有,5000,98,,0.0,0,基隆市社會住宅包租代管第三期計畫,RPROMLPLJHHGFDC77CC
中山區,建物,基隆市中山區西定路３６８巷１２號２樓,0.0,住,,,1110119,土地0建物1車位0,全,2,透天厝,住家用,加強磚造,0581217,51.21,2,1,1,有,無,有,9000,176,,0.0,0,基隆市社會住宅包租代管第三期計畫,RPSOMLPLJHHGFDC87CC
安樂區,建物,基隆市安樂區中和路１６４巷５４號５樓,0.0,住,,,1110121,土地0建物1車位0,五層,5,公寓(5樓含以下無電梯),住家用,鋼筋混凝土造,0871210,68.51,3,2,2,有,無,有,10000,146,,0.0,0,基隆市社會住宅包租代管第三期計畫,RPVOMLPLJHHGFDC18CC
中正區,建物,基隆市中正區調和街３００號４樓,0.0,住,,,1110121,土地0建物1車位0,四層,14,住宅大樓(11層含以上有電梯),集合住宅,鋼筋混凝土造,1080212,75.59,2,2,1,有,無,有,16000,212,,0.0,0,基隆市社會住宅包租代管第三期計畫,RPWOMLPLJHHGFDC28CC
安樂區,建物,基隆市安樂區安和一街６巷１５之３號,0.0,住,,,1110123,土地0建物1車位0,四層,5,公寓(5樓含以下無電梯),住家用,鋼筋混凝土造,0690308,82.29,3,1,2,有,無,有,12500,152,,0.0,0,基隆市社會住宅包租代管第三期計畫,RPXOMLPLJHHGFDC38CC
信義區,建物,基隆市信義區培德路２巷２７號,0.0,住,,,1110123,土地0建物1車位0,全,2,透天厝,住家用,加強磚造,,89.22,3,2,1,有,無,有,11500,129,,0.0,0,基隆市社會住宅包租代管第三期計畫,RPPPMLPLJHHGFDC67CC
仁愛區,建物,基隆市仁愛區南榮路３９３巷４４弄３之２號,0.0,住,,,1110124,土地0建物1車位0,三層,4,公寓(5樓含以下無電梯),住家用,鋼筋混凝土造,0680314,70.71,2,1,1,有,無,有,14000,198,,0.0,0,基隆市社會住宅包租代管第三期計畫,RPQPMLPLJHHGFDC77CC
仁愛區,建物,基隆市仁愛區仁一路２５７號５樓之１７,0.0,商,,,1101230,土地0建物1車位0,五層,31,住宅大樓(11層含以上有電梯),辦公室,鋼骨鋼筋混凝土造,0970204,28.64,1,1,2,有,無,有,13000,454,,0.0,0,基隆市社會住宅包租代管第三期計畫,RPVNMLQLJHHGFDC18CC
安樂區,建物,基隆市安樂區中平街５８號,0.0,住,,,1101230,土地0建物1車位0,全,2,透天厝,住家用,加強磚造,0630305,71.38,3,2,2,有,無,有,18000,252,,0.0,0,基隆市社會住宅包租代管第三期計畫,RPWNMLQLJHHGFDC28CC
中正區,建物,基隆市中正區新豐街１６１巷５７號４樓,0.0,住,,,1101230,土地0建物1車位0,四層,4,公寓(5樓含以下無電梯),住家用,鋼筋混凝土造,0720427,73.29,3,2,2,有,無,有,11000,150,,0.0,0,基隆市社會住宅包租代管第三期計畫,RPXNMLQLJHHGFDC38CC
暖暖區,建物,基隆市暖暖區東勢街２０之２號,0.0,住,,,1101230,土地0建物1車位0,三層,4,公寓(5樓含以下無電梯),住家用,鋼筋混凝土造,0691209,80.77,1,2,1,有,無,有,9000,111,,0.0,0,基隆市社會住宅包租代管第三期計畫,RPOOMLQLJHHGFDC57CC
安樂區,建物,基隆市安樂區樂利三街８巷２號６樓,0.0,其他,,,1101231,土地0建物1車位0,六層,17,住宅大樓(11層含以上有電梯),住家用,鋼筋混凝土造,0840504,117.74,3,3,2,有,無,有,15000,127,,0.0,0,基隆市社會住宅包租代管第三期計畫,RPPOMLQLJHHGFDC67CC
安樂區,建物,基隆市安樂區樂利二街６２巷７５號７樓,0.0,住,,,1110101,土地0建物1車位0,七層,7,華廈(10層含以下有電梯),住家用,鋼筋混凝土造,0841002,91.1,3,2,2,有,無,有,12000,132,,0.0,0,基隆市社會住宅包租代管第三期計畫,RPROMLQLJHHGFDC87CC
暖暖區,建物,基隆市暖暖區金華街２６７號７樓之１,0.0,住,,,1110105,土地0建物1車位0,七層,11,住宅大樓(11層含以上有電梯),住家用,鋼筋混凝土造,0850105,33.11,1,0,1,有,無,有,7500,227,,0.0,0,基隆市社會住宅包租代管第三期計畫,RPSOMLQLJHHGFDC97CC
安樂區,建物,基隆市安樂區樂利二街４６之１號,0.0,住,,,1110105,土地0建物1車位0,二層,5,公寓(5樓含以下無電梯),國民住宅,鋼筋混凝土造,0670809,61.41,3,1,1,有,無,有,8500,138,,0.0,0,基隆市社會住宅包租代管第三期計畫,RPUOMLQLJHHGFDC18CC
中山區,建物,基隆市中山區西定路３９８巷１９號２樓,0.0,住,,,1110108,土地0建物1車位0,二層,2,公寓(5樓含以下無電梯),住家用,加強磚造,0620619,45.2,3,2,1,有,無,有,9000,199,,0.0,0,基隆市社會住宅包租代管第三期計畫,RPVOMLQLJHHGFDC28CC
七堵區,建物,基隆市七堵區福二街１３７之３號,0.0,住,,,1110110,土地0建物1車位0,四層,5,公寓(5樓含以下無電梯),住家用,鋼筋混凝土造,0701229,91.88,3,2,1,有,無,有,11000,120,,0.0,0,基隆市社會住宅包租代管第三期計畫,RPWOMLQLJHHGFDC38CC
中正區,建物,基隆市中正區新豐街３０３巷１０弄５８號,0.0,住,,,1110115,土地0建物1車位0,全,4,透天厝,一層：住宅，停車空間、二層～四層：住宅,鋼筋混凝土造,0920328,204.13,6,2,3,有,無,有,15000,73,,0.0,0,基隆市社會住宅包租代管第三期計畫,RPXOMLQLJHHGFDC48CC
中山區,建物,基隆市中山區西定路１３２巷１號３樓,0.0,其他,,,1110115,土地0建物1車位0,三層,4,公寓(5樓含以下無電梯),住家用,鋼筋混凝土加強磚造,0621122,62.66,3,2,1,有,無,有,11000,176,,0.0,0,基隆市社會住宅包租代管第三期計畫,RPOPMLQLJHHGFDC67CC
信義區,建物,基隆市信義區義三路１２巷２５號,0.0,商,,,1110115,土地0建物1車位0,二層,2,公寓(5樓含以下無電梯),住家用,加強磚造,0460801,52.8,2,2,1,有,無,有,8500,161,,0.0,0,基隆市社會住宅包租代管第三期計畫,RPPPMLQLJHHGFDC77CC
中山區,建物,基隆市中山區中山二路８３之１號７樓,0.0,住,,,1110115,土地0建物1車位0,七層,7,華廈(10層含以下有電梯),住家用,鋼筋混凝土造,0830912,118.76,3,2,2,有,無,有,15000,126,,0.0,0,基隆市社會住宅包租代管第三期計畫,RPRPMLQLJHHGFDC97CC
中正區,建物,基隆市中正區武昌街１０４巷５號３樓,0.0,住,,,1110118,土地0建物1車位0,三層,4,公寓(5樓含以下無電梯),住家用,鋼筋混凝土造,0720611,100.22,3,2,1,有,無,有,12000,120,,0.0,0,基隆市社會住宅包租代管第三期計畫,RPTPMLQLJHHGFDC18CC
信義區,建物,基隆市信義區深澳坑路２之５號７樓之４,0.0,住,,,1110120,土地0建物1車位0,七層,16,住宅大樓(11層含以上有電梯),住家用,鋼筋混凝土造,0850426,31.07,1,0,1,有,無,有,8000,257,,0.0,0,基隆市社會住宅包租代管第三期計畫,RPUPMLQLJHHGFDC28CC
中正區,建物,基隆市中正區新豐街３５８號８樓,0.0,住,,,1110120,土地0建物1車位0,八層,15,住宅大樓(11層含以上有電梯),住家用,鋼筋混凝土造,0850309,69.25,2,2,1,有,無,有,12800,185,,0.0,0,基隆市社會住宅包租代管第三期計畫,RPVPMLQLJHHGFDC38CC
信義區,建物,基隆市信義區深澳坑路２之５號１５樓之５,0.0,住,,,1110126,土地0建物1車位0,十五層,16,住宅大樓(11層含以上有電梯),住家用,鋼筋混凝土造,0850426,31.78,1,1,1,有,無,有,7000,220,,0.0,0,基隆市社會住宅包租代管第三期計畫,RPTNMLRLJHHGFDC08CC
七堵區,建物,基隆市七堵區南興路１６３之３號,0.0,商,,,1110126,土地0建物1車位0,四層,5,公寓(5樓含以下無電梯),住家用,鋼筋混凝土造,0711007,121.48,3,2,1,有,無,有,10000,82,,0.0,0,基隆市社會住宅包租代管第三期計畫,RPUNMLRLJHHGFDC18CC
仁愛區,建物,基隆市仁愛區華二街１號４樓,0.0,其他,,,1110126,土地0建物1車位0,四層,12,住宅大樓(11層含以上有電梯),國民住宅,鋼筋混凝土造,0721205,84.9,3,2,1,有,無,有,15000,177,,0.0,0,基隆市社會住宅包租代管第三期計畫,RPVNMLRLJHHGFDC28CC
安樂區,建物,基隆市安樂區中和路８５巷２５號３樓之１,0.0,其他,,,1110126,土地0建物1車位0,三層,11,住宅大樓(11層含以上有電梯),住家用,鋼筋混凝土造,0860508,52.21,1,1,2,有,無,有,11000,211,,0.0,0,基隆市社會住宅包租代管第三期計畫,RPWNMLRLJHHGFDC38CC
仁愛區,房地(土地+建物),基隆市仁愛區龍安街１９８巷１８號,24.98,住,,,1110125,土地1建物1車位0,一層,5,公寓(5樓含以下無電梯),住家用,鋼筋混凝土造,0741203,90.58,2,2,2,有,無,無,13000,144,,0.0,0,,RPQNMLTLJHHGFDC97CC
仁愛區,房地(土地+建物),基隆市仁愛區仁二路２５３號２樓,83.0,商,,,1110118,土地2建物1車位0,全,3,透天厝,商業用,磚造,0200101,70.89,0,0,0,無,無,無,30000,423,,0.0,0,※好友不動產經紀有限公司成功營業處承辦※1/18簽約，1/19-2/28為裝潢期免租金，租期3/1開始繳納租金,RPVPMLKKKHHGFDC77CC
七堵區,房地(土地+建物),基隆市七堵區泰和街４２號４樓,25.4,住,,,1110207,土地1建物1車位0,四層,4,公寓(5樓含以下無電梯),住家用,鋼筋混凝土造,0790505,79.14,2,2,1,有,無,無,8000,101,,0.0,0,,RPWPMLKKKHHGFDC87CC
