﻿編號,土地位置,土地移轉面積(平方公尺),使用分區或編定,權利人持分分母,權利人持分分子,移轉情形,地號
The serial number, land position,land shifting area square meter,the use zoning or compiles and checks,,,,land parcel
RPUNMLLKJIGGFAD27CC,漁光段,.00,都市：商,,,,08910002
RPPNMLLKJIGGFCD96CC,龍崗段,.00,都市：住,,,,06470000
RPROMLLKJIGGFCD27CC,龍泉段,.00,都市：商,,,,12920000
RPROMLLKJIGGFCD27CC,龍泉段,.00,都市：住,,,,12960000
RPRNMLLKJIGGFCD17CC,水交社段,.00,都市：住,,,,00210036
RPUOMLLKJIGGFCD57CC,育樂段,.00,都市：住,,,,07850000
RPXNMLLKJIGGFCD77CC,竹篙厝段,.00,都市：住,,,,16610000
RPQNMLLKJIGGFBD96CC,安慶段,.00,都市：住,,,,01660011
RPUNMLLKJIGGFID08CC,新工段,.00,都市：住,,,,16790000
RPUOMLMKJIGGFKD48CC,中興段,80.85,都市：住,,,,10250000
RPPOMLLKJIGGFID67CC,太新段,.00,都市：工,,,,02340000
RPSOMLLKJIGGFKD18CC,五王段,.00,都市：住,,,,01370000
RPTOMLMKJIGGFID18CC,二王段,165.28,都市：農,,,,09720000
RPSOMLMKJIGGFKD28CC,兵南段,.00,都市：住,,,,05840000
RPTNMLLKJIGGFAD17CC,新臨安段,70.00,都市：住,,,,00690000
RPVOMLMKJIGGFKD58CC,烏竹段,73.63,都市：住,,,,20260000
RPRPMLLKJIGGFAD17CC,公園段,.00,都市：商,,,,01360000
RPXOMLMKJIGGFID58CC,二空段,.00,都市：住,,,,08170000
RPRNMLMKJIGGFCD27CC,東光段,.00,都市：商,,,,00160000
RPWQMLMKJIGGFBD97CC,溪頂段,.00,都市：住,,,,00470027
RPVNMLMKJIGGFBD57CC,國安段,.00,都市：住,,,,16120000
RPXNMLMKJIGGFBD77CC,長安段,.00,都市：住,,,,11170002
RPXQMLMKJIGGFBD08CC,溪頂段,.00,都市：住,,,,00470027
RPTOMLMKJIGGFCD57CC,同安段,92.56,都市：住,,,,02220007
RPOOMLMKJIGGFCD07CC,仁和段,.00,都市：住,,,,04360000
RPPPMLMKJIGGFCD27CC,龍泉段,.00,都市：住,,,,16600000
RPTPMLMKJIGGFAD47CC,漁光段,.00,都市：商,,,,08690000
RPUNMLMKJIGGFAD37CC,頂美段,.00,都市：住,,,,07530000
RPRPMLMKJIGGFCD47CC,竹篙厝段,.00,都市：住,,,,10430004
RPVPMLMKJIGGFAD67CC,北元段,24.41,都市：住,,,,06020000
RPPNMLOKJIGGFHD77CC,善中段,.00,,,,,14540020
RPSWMLMKJIGGFAD08CC,金華段,26.36,都市：住,,,,00580029
RPWOMLPKJIGGFHD68CC,新北段,.00,都市：住,,,,00520003
RPOPMLPKJIGGFHD97CC,大成段,72.10,都市：住,,,,06780000
RPUPMLPKJIGGFBD97CC,佃西段,.00,都市：住,,,,05400000
RPRNMLPKJIGGFAD37CC,環河段,5.85,都市：住,,,,00530000
RPRNMLPKJIGGFAD37CC,環河段,.26,都市：住,,,,00540000
RPRNMLPKJIGGFAD37CC,環河段,.05,都市：住,,,,00550000
RPUOMLPKJIGGFAD77CC,正興段,.00,都市：住,,,,11120000
RPQNMLQKJIGGFCD57CC,富強段,.00,都市：住,,,,00690000
RPQNMLQKJIGGFCD57CC,富強段,.00,都市：住,,,,00690001
RPVNMLRKJIGGFCD18CC,富強段,.00,都市：住,,,,06890000
RPVNMLRKJIGGFCD18CC,富強段,.00,都市：住,,,,06900000
RPRNMLQKJIGGFID28CC,刣豬厝段,13.43,非都市：一般農業區 ; 非都市編定：甲種建築用地,,,,04590000
RPPOMLRKJIGGFBD57CC,科工段,634.71,都市：工,,,,02340000
RPUNMLRKJIGGFID68CC,仁義段,.00,都市：住,,,,04180000
RPWNMLRKJIGGFID88CC,白崙段,.00,都市：商,,,,00720000
RPUQMLMKJIGGFBD77CC,國安段,.00,都市：住,,,,06790000
RPQOMLRKJIGGFBD67CC,和館段,.00,都市：住,,,,00940093
RPVOMLRKJIGGFHD78CC,新吉段,.00,非都市：鄉村區 ; 非都市編定：乙種建築用地,,,,01990000
RPOQMLRKJIGGFHD28CC,六塊寮段,.00,非都市：鄉村區 ; 非都市編定：乙種建築用地,,,,31640006
RPSNMLRKJIGGFAD67CC,開元段,.00,都市：商,,,,03610005
RPPQMLRKJIGGFHD38CC,善文段,21.10,都市：住,,,,09350000
RPVNMLRKJIGGFAD97CC,金華段,.00,都市：住,,,,00040000
RPPOMLRKJIGGFAD47CC,開元段,.00,都市：商,,,,05880000
RPUNMLRKJIGGFAD87CC,金華段,.00,都市：住,,,,00630000
RPSOMLRKJIGGFAD77CC,小北段,.00,都市：住,,,,14560000
RPROMLRKJIGGFAD67CC,富台段,.00,都市：住,,,,07790000
RPVOMLRKJIGGFAD08CC,康祥段,.00,都市：住,,,,00910000
RPWOMLRKJIGGFAD18CC,康祥段,.00,都市：住,,,,00910000
RPXOMLRKJIGGFAD28CC,康祥段,.00,都市：住,,,,00910000
RPPPMLRKJIGGFAD57CC,金華段,.00,都市：住,,,,00330051
RPQNMLRKJIGGFKD48CC,正強段,.00,都市：住,,,,03100000
RPUNMLRKJIGGFKD88CC,成功段,.00,都市：住,,,,01860000
RPUPMLRKJIGGFAD08CC,金華段,.00,都市：住,,,,00700000
RPUPMLRKJIGGFAD08CC,金華段,.00,都市：住,,,,00700009
RPUPMLRKJIGGFAD08CC,金華段,.00,都市：住,,,,00700010
RPUPMLRKJIGGFAD08CC,金華段,.00,都市：住,,,,00700011
RPUPMLRKJIGGFAD08CC,金華段,.00,都市：住,,,,00700012
RPPPMLRKJIGGFKD58CC,六甲頂段,.00,都市：住,,,,10910000
RPWNMLRKJIGGFKD09CC,永康段,.00,都市：住,,,,15200005
RPTOMLRKJIGGFKD88CC,成功段,.00,都市：商,,,,01190000
RPOPMLRKJIGGFKD48CC,六甲頂段,.00,都市：住,,,,10910000
RPVOMLRKJIGGFKD09CC,頂安段,.00,都市：住,,,,08610000
RPPOMLRKJIGGFCD77DC,南華段,117.35,都市：住,,,,03440000
RPPOMLRKJIGGFCD77DC,南華段,30.35,都市：住,,,,03400000
RPQOMLSKJIGGFFD18CC,龜子港段,.00,非都市：一般農業區 ; 非都市編定：甲種建築用地,,,,00680154
RPOOMLSKJIGGFKD48CC,南新段,.00,都市：住,,,,07980000
RPROMLSKJIGGFKD78CC,自強段,.00,都市：住,,,,00200000
RPSOMLSKJIGGFKD88CC,鹽東段,.00,都市：住,,,,16220000
RPQPMLMKJIGGFCD37CC,鹽埕段,.00,都市：住,,,,24800011
RPWOMLSKJIGGFKD66CC,龍王段,.00,都市：住,,,,17230000
RPPOMLSKJIGGFKD58CC,六合段,.00,都市：住,,,,00610000
RPWUMLMKJIGGFAD28CC,正覺段,.00,都市：住,,,,06470000
RPPOMLSKJIGGFKD58CC,六合段,.00,都市：住,,,,00620000
RPVOMLSKJIGGFKD56CC,南工段,.00,都市：住,,,,03910000
RPOPMLSKJIGGFKD58CC,六合段,.00,都市：住,,,,10730000
RPRNMLSKJIGGFAD67CC,老古石段,.00,都市：住,,,,15130000
RPSNMLSKJIGGFAD77CC,老古石段,.00,都市：住,,,,15130000
RPPOMLSKJIGGFAD57CC,五條港段,.00,都市：商,,,,02950000
RPSOMLSKJIGGFAD87CC,五條港段,.00,都市：商,,,,01040000
RPSOMLSKJIGGFAD87CC,五條港段,.00,都市：商,,,,01050000
RPRPMLSKJIGGFAD87CC,公園段,.00,都市：商,,,,09390000
RPRPMLSKJIGGFAD87CC,公園段,.00,都市：商,,,,09390001
RPRPMLSKJIGGFAD87CC,公園段,.00,都市：其他:細部計畫道路用地,,,,09390003
RPROMLSKJIGGFAD77CC,開元段,.00,都市：商,,,,06250000
RPUOMLSKJIGGFAD08CC,保安段,.00,都市：住,,,,60000025
RPWNMLSKJIGGFID98CC,歸仁南段,.00,非都市：鄉村區 ; 非都市編定：乙種建築用地,,,,09350015
RPTPMLSKJIGGFAD08CC,星鑽段,.00,都市：商,,,,18300000
RPTPMLSKJIGGFAD08CC,星鑽段,.00,都市：商,,,,18400000
RPQPMLSKJIGGFCD97CC,富強段,.00,都市：住,,,,03810000
RPVPMLSKJIGGFAD28CC,環河段,.00,都市：住,,,,00520000
RPXNMLSKJIGGFHD98CC,光榮段,.00,非都市：鄉村區 ; 非都市編定：乙種建築用地,,,,03260000
RPUQMLSKJIGGFCD48CC,德高段,.00,都市：住,,,,03600000
RPRQMLSKJIGGFCD18CC,鹽埕段,.00,都市：住,,,,31020123
RPUNMLTKJIGGFCD28CC,鹽埕段,.00,都市：商,,,,26170000
RPUNMLTKJIGGFCD28CC,鹽埕段,.00,都市：商,,,,26170003
RPUNMLTKJIGGFCD28CC,鹽埕段,.00,都市：住,,,,26180000
RPOOMLTKJIGGFCD77CC,竹篙厝段,.00,都市：住,,,,42980016
RPOOMLTKJIGGFID38CC,牛稠段,74.36,都市：住,,,,04640000
RPRNMLTKJIGGFAD77CC,金華段,.00,都市：商,,,,01470006
RPXOMLTKJIGGFAD48CC,郡王祠段,.00,都市：商,,,,08760000
RPXOMLTKJIGGFAD48CC,郡王祠段,.00,都市：商,,,,08770000
RPUNMLTKJIGGFAD08CC,金華段,.00,都市：住,,,,01540005
RPRPMLTKJIGGFHD78DC,大營段,261.00,非都市：一般農業區 ; 非都市編定：丁種建築用地,,,,26620182
RPSPMLTKJIGGFHD88DC,大營段,261.00,非都市：一般農業區 ; 非都市編定：丁種建築用地,,,,26620182
RPPOMLMLJIGGFKD08CC,鹽北段,143.97,都市：工,,,,11070000
RPVOMLMLJIGGFKD68CC,南工段,.00,都市：商,,,,05140000
RPUOMLMLJIGGFKD58CC,龍王段,.00,都市：住,,,,17900000
RPPPMLMLJIGGFKD18CC,南工段,.00,都市：商,,,,05140000
RPUOMLMLJIGGFAD57CC,北元段,.00,都市：住,,,,09250002
RPWOMLMLJIGGFAD77CC,東興段,.00,都市：住,,,,01530003
RPRPMLMLJIGGFAD37CC,新南段,.00,都市：住,,,,00240025
RPOQMLSKJIGGFCD87CC,富裕段,.00,都市：住,,,,04040000
RPOOMLMLJIGGFHD67CC,善成段,148.78,都市：住,,,,01770000
RPRNMLMLJIGGFBD27CC,和成段,.00,都市：住,,,,07110000
RPQNMLMLJIGGFCD27CC,鹽埕段,.00,都市：住,,,,00950000
RPTNMLMLJIGGFCD57CC,虎尾寮段,.00,都市：商,,,,05910021
RPWNMLMLJIGGFBD77CC,海前段,23.40,都市：住,,,,11330000
RPTOMLMLJIGGFBD57CC,神榕段,100.06,都市：住,,,,06140013
RPTOMLMLJIGGFBD57CC,神榕段,15.92,都市：住,,,,06140014
RPUNMLMLJIGGFCD67CC,竹篙厝段,.00,都市：住,,,,09810000
RPVNMLMLJIGGFCD77CC,竹篙厝段,.00,都市：住,,,,29400000
RPWNMLMLJIGGFCD87CC,竹篙厝段,.00,都市：住,,,,09810000
RPTOMLMLJIGGFCD67CC,鹽埕段,.00,都市：住,,,,31090051
RPXNMLMLJIGGFCD97CC,竹篙厝段,.00,都市：住,,,,19390013
RPQPMLMLJIGGFCD47CC,新東段,.00,都市：住,,,,09820000
RPSPMLMLJIGGFCD67CC,富農段,.00,都市：住,,,,17620000
RPRPMLMLJIGGFCD57CC,龍泉段,.00,都市：住,,,,15280000
RPOOMLNLJIGGFCD27CC,鹽埕段,.00,都市：住,,,,02900905
RPOOMLNLJIGGFCD27CC,鹽埕段,.00,都市：住,,,,03110302
RPSNMLNLJIGGFBD47CC,十字段,.00,都市：住,,,,11850009
RPUOMLNLJIGGFAD67CC,觀音段,.00,都市：商,,,,05760000
RPQNMLOLJIGGFGD87CC,東埔段,1454.54,非都市：特定農業區 ; 非都市編定：農牧用地,,,,03300000
RPTOMLNLJIGGFBD67CC,國安段,.00,都市：住,,,,16120000
RPWNMLNLJIGGFKD78CC,永大段,.00,都市：住,,,,00010000
RPQNMLPLJIGGFKD38CC,大灣段,.00,都市：住,,,,29720000
RPWOMLPLJIGGFKD09CC,大灣段,.00,都市：住,,,,29720000
RPQNMLPLJIGGFAD37CC,新美段,50.25,都市：商,,,,10930000
RPPOMLPLJIGGFAD37CC,金華段,.00,都市：商,,,,01330000
RPUNMLPLJIGGFKD78CC,南工段,76.13,都市：住,,,,07640000
RPPOMLPLJIGGFKD38CC,鹽東段,.00,都市：住,,,,16650000
RPRNMLPLJIGGFAD47CC,星鑽段,15.38,都市：住,,,,12420000
RPRNMLPLJIGGFAD47CC,星鑽段,.00,都市：其他:道路用地,,,,12420001
RPRNMLPLJIGGFAD47CC,星鑽段,.00,都市：其他:道路用地,,,,12420002
RPRNMLPLJIGGFAD47CC,星鑽段,.05,都市：住,,,,12430000
RPRNMLPLJIGGFAD47CC,星鑽段,.37,都市：住,,,,12450000
RPRNMLPLJIGGFAD47CC,星鑽段,.00,都市：其他:道路用地,,,,12450001
RPOOMLSKJIGGFAD47CC,老古石段,.00,都市：住,,,,15130000
RPUPMLSKJIGGFAD18CC,金華段,.00,都市：住,,,,00840003
RPQOMLPLJIGGFAD47CC,老古石段,.00,都市：住,,,,15130000
RPSOMLPLJIGGFAD67CC,金華段,.00,都市：住,,,,00540026
RPXPMLPLJIGGFAD28CC,保安段,.00,都市：住,,,,60000025
RPVNMLPLJIGGFBD97CC,安東段,.00,都市：住,,,,00220000
RPTOMLPLJIGGFAD77CC,北元段,.00,都市：住,,,,06730026
RPUOMLPLJIGGFAD87CC,大豐段,.00,都市：住,,,,23910000
RPPOMLPLJIGGFCD57CC,虎尾寮段,.00,都市：住,,,,04690038
RPPOMLPLJIGGFCD57CC,虎尾寮段,.00,都市：住,,,,04690047
RPWNMLQLJIGGFCD28CC,富農段,.00,都市：住,,,,00480000
RPWNMLQLJIGGFCD28CC,富農段,.00,都市：住,,,,00480001
RPQOMLPLJIGGFCD67CC,光華段,.00,都市：住,,,,12440000
RPQOMLPLJIGGFCD67CC,光華段,.00,都市：住,,,,12450001
RPQOMLQLJIGGFBD67CC,十字段,100.58,都市：住,,,,11790006
RPQOMLQLJIGGFBD67CC,十字段,24.04,都市：住,,,,11790012
RPTOMLQLJIGGFID68CC,媽祖廟段二小段,1292.00,非都市：特定農業區 ; 非都市編定：農牧用地,,,,03310000
RPROMLQLJIGGFID48CC,歸仁北段,.00,都市：住,,,,09880052
RPRPMLQLJIGGFAD77CC,實踐段,.00,都市：住,,,,01400000
RPQPMLQLJIGGFAD67CC,中正段,.00,都市：商,,,,03950000
RPSPMLQLJIGGFAD87CC,金華段,.00,都市：住,,,,00220089
RPQOMLQLJIGGFAD57CC,五條港段,.00,都市：商,,,,02410000
RPXOMLQLJIGGFKD66CC,大灣段,.00,都市：商,,,,62280000
RPOPMLQLJIGGFKD48CC,頂安段,.00,都市：住,,,,08610000
RPUNMLTLJIGGFKD66DC,橋北段,128.21,都市：住,,,,00280000
RPXNMLQLJIGGFAD18CC,五條港段,.00,都市：商,,,,02410000
RPVNMLTLJIGGFKD76DC,六甲頂段,77.00,都市：住,,,,05210011
RPQNMLTLJIGGFAD77CC,公園段,205.00,都市：商,,,,04190000
RPXNMLTLJIGGFID66CC,媽祖廟段二小段,363.63,非都市：特定農業區 ; 非都市編定：農牧用地,,,,05300000
RPOOMLTLJIGGFID48CC,新工段,238.01,都市：工,,,,03510000
RPTQMLTLJIGGFHD09CC,善新段,.00,都市：其他:生活服務區,,,,01090044
RPTQMLTLJIGGFHD09CC,善新段,.00,都市：其他:生活服務區,,,,01090063
RPRNMLTLJIGGFBD97CC,國安段,20.85,都市：住,,,,16120000
RPPPMLTLJIGGFCD08CC,東寧段,.00,都市：住,,,,04800000
RPSQMLTLJIGGFHD98CC,圳西段,13.99,都市：住,,,,03370000
RPRNMLTLJIGGFCD08CC,竹篙厝段,.00,都市：住,,,,16780014
RPWNMLKMJIGGFCD77CC,東光段,72.00,都市：住,,,,03170016
RPOOMLKMJIGGFCD07CC,新東段,.00,都市：住,,,,00310000
RPOOMLKMJIGGFCD07CC,新東段,.00,都市：住,,,,00310001
RPQOMLKMJIGGFCD27CC,鹽埕段,.00,都市：住,,,,31070010
RPRNMLKMJIGGFID87CC,保甲段,.00,都市：住,,,,03900000
RPRNMLKMJIGGFID87CC,保甲段,.00,都市：住,,,,03910000
RPOPMLKMJIGGFHD67CC,善新段,.00,都市：住,,,,00770022
RPQPMLKMJIGGFCD37CC,德高段,.00,都市：住,,,,04650087
RPQQMLKMJIGGFBD37CC,安中段,.00,都市：住,,,,06300011
RPRNMLKMJIGGFAD07CC,富台段,.02,都市：住,,,,06480000
RPRNMLKMJIGGFAD07CC,富台段,28.17,都市：住,,,,07790000
RPSNMLKMJIGGFID97CC,白崙段,.00,都市：商,,,,00720000
RPWNMLKMJIGGFAD57CC,裕民段,.00,都市：住,,,,03490000
RPWNMLKMJIGGFAD57CC,裕民段,.00,都市：住,,,,03500000
RPXNMLKMJIGGFAD67CC,中正段,.00,都市：商,,,,00490000
RPOOMLKMJIGGFAD86CC,延平段,.00,都市：住,,,,11690031
RPQOMLKMJIGGFAD07CC,北元段,.00,都市：住,,,,04430000
RPUPMLKMJIGGFAD57CC,青年段,.00,都市：商,,,,02540000
RPUPMLKMJIGGFAD57CC,青年段,.00,都市：商,,,,02550000
RPUPMLKMJIGGFAD57CC,青年段,.00,都市：商,,,,02560000
RPWOMLKMJIGGFAD77DC,延平段,190.05,都市：商,,,,11900000
RPWOMLKMJIGGFAD77DC,延平段,48.00,都市：住,,,,11910000
RPSPMLKMJIGGFAD37CC,開元段,.00,都市：住,,,,05840000
RPSPMLKMJIGGFAD37CC,開元段,.00,都市：商,,,,05870000
RPVNMLKMJIGGFKD48CC,南工段,.00,都市：住,,,,00010000
RPUNMLKMJIGGFKD38CC,仁愛段,.00,都市：住,,,,05210000
RPUNMLKMJIGGFKD38CC,仁愛段,.00,都市：住,,,,05240000
RPUNMLKMJIGGFKD38CC,仁愛段,.00,都市：住,,,,05260000
RPUNMLKMJIGGFKD38CC,仁愛段,.00,都市：住,,,,05270000
RPOOMLKMJIGGFKD87CC,南工段,.00,都市：住,,,,00010000
RPSOMLKMJIGGFKD28CC,南工段,.00,都市：住,,,,00010000
RPTOMLKMJIGGFKD38CC,仁愛段,.00,都市：住,,,,05210000
RPVOMLLJKIGGFKD48CC,南工段,.00,都市：商,,,,05140000
RPTOMLKMJIGGFKD38CC,仁愛段,.00,都市：住,,,,05240000
RPTOMLKMJIGGFKD38CC,仁愛段,.00,都市：住,,,,05260000
RPTOMLKMJIGGFKD38CC,仁愛段,.00,都市：住,,,,05270000
RPXOMLLJKIGGFKD68CC,永康段,.00,都市：住,,,,15480000
RPXOMLLJKIGGFKD68CC,永康段,.00,都市：住,,,,15480001
RPXOMLLJKIGGFKD68CC,永康段,.00,都市：住,,,,15480002
RPTOMLLJKIGGFKD28CC,永華段,.00,都市：住,,,,04090000
RPOOMLLJKIGGFAD76CC,白金段,.00,都市：商,,,,02390000
RPOOMLLJKIGGFAD76CC,白金段,.00,都市：商,,,,02430000
RPOOMLLJKIGGFAD76CC,白金段,.00,都市：商,,,,02440000
RPOOMLLJKIGGFAD76CC,白金段,.00,都市：商,,,,02450000
RPOOMLLJKIGGFAD76CC,白金段,.00,都市：商,,,,02460000
RPOOMLLJKIGGFAD76CC,白金段,.00,都市：商,,,,02470000
RPOOMLLJKIGGFAD76CC,白金段,.00,都市：商,,,,02480000
RPTOMLLJKIGGFAD27CC,漁光段,.00,都市：商,,,,08910002
RPQOMLLJKIGGFAD96CC,新臨安段,.00,都市：住,,,,23700000
RPOPMLLJKIGGFAD86CC,自強段,.00,都市：商,,,,09810001
RPOPMLLJKIGGFAD86CC,自強段,.00,都市：商,,,,09820000
RPTPMLLJKIGGFAD37CC,大豐段,.00,都市：住,,,,05860000
RPUPMLLJKIGGFAD47CC,老古石段,.00,都市：商,,,,24580000
RPVPMLLJKIGGFAD57CC,東豐段,.00,都市：住,,,,04660000
RPVNMLLJKIGGFID18CC,媽祖廟段三小段,165.29,非都市：特定農業區 ; 非都市編定：農牧用地,,,,14490000
RPQOMLLJKIGGFCD17CC,新東段,.00,都市：住,,,,04640000
RPTOMLLJKIGGFBD37CC,安西段,128.92,都市：住,,,,19750000
RPQOMLLJKIGGFBD07CC,和工段,264.46,都市：工,,,,09620000
RPTOMLLJKIGGFCD47CC,大忠段,.00,都市：住,,,,01980000
RPOQMLLJKIGGFHD67CC,茄拔段一小段,.00,非都市：鄉村區 ; 非都市編定：乙種建築用地,,,,08700000
RPSOMLLJKIGGFCD37CC,竹篙厝段,.00,都市：住,,,,27900000
RPUOMLLJKIGGFCD57CC,新興段,.00,都市：住,,,,02170015
RPVNMLQLJIGGFBD08CC,和業段,462.80,都市：工,,,,01260000
RPXOMLLJKIGGFCD87CC,竹篙厝段,.00,都市：住,,,,38580001
RPUPMLLJKIGGFCD67CC,虎尾段,.00,都市：住,,,,03410000
RPSOMLKMJIGGFCD47CC,竹篙厝段,.00,都市：住,,,,21770000
RPQOMLMJKIGGFCD27CC,新東段,.00,都市：住,,,,00140000
RPQOMLMJKIGGFCD27CC,新東段,.00,都市：住,,,,00140001
RPTOMLMJKIGGFCD57CC,新東段,.00,都市：住,,,,10110000
RPQPMLLJKIGGFCD27CC,竹篙厝段,.00,都市：住,,,,19400000
RPVOMLMJKIGGFCD77CC,育樂段,.00,都市：住,,,,07850000
RPUOMLMJKIGGFCD67CC,新東段,.00,都市：住,,,,10110000
RPSOMLMJKIGGFID08CC,歸仁南段,.00,非都市：一般農業區 ; 非都市編定：甲種建築用地,,,,10090019
RPOPMLMJKIGGFCD17CC,府東段,.00,都市：住,,,,07450000
RPUPMLMJKIGGFHD28CC,善中段,.00,都市：住,,,,14630000
RPUOMLMJKIGGFHD18CC,善新段,1053.34,都市：住,,,,02040000
RPRNMLMJKIGGFAD07CC,星鑽段,35.88,都市：住,,,,05170000
RPTOMLMJKIGGFAD37CC,青年段,.00,都市：商,,,,02540000
RPTOMLMJKIGGFAD37CC,青年段,.00,都市：商,,,,02550000
RPPOMLMJKIGGFBD07CC,海中段,.00,都市：住,,,,01460000
RPTOMLMJKIGGFAD37CC,青年段,.00,都市：商,,,,02560000
RPSOMLMJKIGGFAD27CC,老古石段,.00,都市：住,,,,15130000
RPQOMLMJKIGGFAD07CC,金華段,.00,都市：住,,,,00350013
RPQOMLMJKIGGFAD07CC,金華段,.00,都市：住,,,,00350014
RPWOMLMJKIGGFAD67CC,老古石段,.00,都市：住,,,,15130000
RPOPMLMJKIGGFAD96CC,開元段,.00,都市：商,,,,05970000
RPQOMLMJKIGGFKD08CC,六甲頂段,.00,都市：住,,,,10910000
RPUOMLMJKIGGFAD47CC,老古石段,.00,都市：住,,,,15130000
RPWOMLMJKIGGFKD68CC,大灣段,.00,都市：住,,,,76800000
RPROMLMJKIGGFKD18CC,兵北段,.00,都市：住,,,,00410000
RPTOMLMJKIGGFKD38CC,兵北段,.00,都市：住,,,,00410000
RPXOMLMJKIGGFKD78CC,大灣段,.00,都市：住,,,,76800000
RPPPMLMJKIGGFKD08CC,大灣段,.00,都市：商,,,,60540000
RPTNMLNJKIGGFKD38CC,六甲頂段,.00,都市：住,,,,10980000
RPPPMLNJKIGGFKD18CC,東橋段,375.70,都市：工,,,,04720001
RPROMLNJKIGGFKD28CC,烏竹段,.00,都市：住,,,,08650000
RPROMLNJKIGGFKD28CC,烏竹段,.00,都市：住,,,,08730000
RPWNMLNJKIGGFAD67CC,郡王祠段,.00,都市：住,,,,26660000
RPTOMLNJKIGGFAD47CC,北安段,13.75,都市：商,,,,00500094
RPUOMLNJKIGGFAD57CC,南門段,.00,都市：住,,,,20840000
RPOOMLNJKIGGFBD07CC,新淵段,.00,都市：住,,,,00390004
RPUNMLNJKIGGFID28CC,媽祖廟段三小段,76.00,非都市：鄉村區 ; 非都市編定：乙種建築用地,,,,03990053
RPSOMLNJKIGGFCD57CC,龍泉段,.00,都市：商,,,,02210000
RPSOMLNJKIGGFCD57CC,龍泉段,.00,都市：住,,,,02250000
RPTOMLNJKIGGFCD67CC,虎尾段,.00,都市：住,,,,11020000
RPVOMLNJKIGGFCD87CC,新東段,.00,都市：住,,,,01580006
RPPNMLPJKIGGFAD17CC,檨仔林段,.00,都市：商,,,,07110000
RPPNMLPJKIGGFAD17CC,檨仔林段,.00,都市：商,,,,07120000
RPPNMLPJKIGGFAD17CC,檨仔林段,.00,都市：商,,,,07130000
RPPNMLPJKIGGFAD17CC,檨仔林段,.00,都市：商,,,,07140000
RPPNMLPJKIGGFAD17CC,檨仔林段,.00,都市：商,,,,07150000
RPPNMLPJKIGGFAD17CC,檨仔林段,.00,都市：商,,,,07160000
RPPNMLPJKIGGFAD17CC,檨仔林段,.00,都市：商,,,,07170000
RPPNMLPJKIGGFAD17CC,檨仔林段,.00,都市：商,,,,07180000
RPTNMLQJKIGGFAD67CC,郡王祠段,.00,都市：住,,,,15310000
RPUNMLQJKIGGFCD97CC,鹽埕段,.00,都市：住,,,,02570179
RPQNMLPJKIGGFAD27CC,金華段,12.39,都市：住,,,,00850002
RPVNMLQJKIGGFCD08CC,鹽埕段,.00,都市：住,,,,01770000
RPVNMLQJKIGGFCD08CC,鹽埕段,.00,都市：住,,,,01770006
RPWNMLQJKIGGFCD18CC,裕南段,.00,都市：住,,,,14090000
RPUNMLRJKIGGFCD08CC,富農段,.00,都市：住,,,,00480000
RPUNMLRJKIGGFCD08CC,富農段,.00,都市：住,,,,00480001
RPXNMLQJKIGGFCD28CC,鹽埕段,.00,都市：住,,,,01740019
RPXNMLQJKIGGFCD28CC,鹽埕段,.00,都市：住,,,,01740095
RPROMLQJKIGGFCD77CC,水交社段,.00,都市：住,,,,00340000
RPVNMLRJKIGGFCD18CC,鹽埕段,.00,都市：住,,,,00730003
RPWNMLRJKIGGFCD28CC,竹篙厝段,.00,都市：住,,,,34190007
RPUOMLRJKIGGFCD18CC,公英段,.00,都市：住,,,,00080000
RPXOMLRJKIGGFCD48CC,東寧段,.00,都市：住,,,,07520000
RPRNMLRJKIGGFAD57CC,金華段,39.88,都市：住,,,,00750043
RPPPMLRJKIGGFCD77CC,鹽埕段,.00,都市：住,,,,23550001
RPSOMLRJKIGGFBD87CC,佃北段,24.72,都市：其他:市AN03-1,,,,07340000
RPTNMLRJKIGGFID58CC,成功段,.00,都市：住,,,,11990000
RPQOMLRJKIGGFAD57CC,星鑽段,.00,都市：商,,,,18300000
RPQOMLRJKIGGFAD57CC,星鑽段,.00,都市：商,,,,18400000
RPROMLRJKIGGFAD67CC,星鑽段,.00,都市：住,,,,02340000
RPUPMLRJKIGGFAD08CC,開元段,5.47,都市：商,,,,05970000
RPUPMLRJKIGGFAD08CC,開元段,.26,都市：住,,,,06180000
RPUPMLRJKIGGFAD08CC,開元段,.02,都市：其他:廣場兼停車場用地,,,,03610025
RPQQMLRJKIGGFAD77CC,裕民段,.00,都市：住,,,,07220000
RPWNMLRJKIGGFKD09CC,鹽東段,8.59,都市：住,,,,17760000
RPSNMLRJKIGGFKD68CC,南工段,.00,都市：住,,,,00010000
RPXNMLRJKIGGFHD98DC,什美段,.00,非都市：鄉村區 ; 非都市編定：乙種建築用地,,,,05160001
RPOPMLRJKIGGFKD48CC,鹽新段,.00,,,,,00620000
RPTNMLSJKIGGFKD88CC,永興段,.00,,,,,00130000
RPVNMLSJKIGGFKD09CC,大灣段,.00,都市：住,,,,76800000
RPXNMLSJKIGGFKD66CC,大灣段,.00,都市：住,,,,76800000
RPOOMLSJKIGGFKD48CC,大灣段,.00,都市：住,,,,76800000
RPQPMLSJKIGGFAD77CC,正興段,.00,都市：住,,,,07810001
RPQPMLSJKIGGFAD77CC,正興段,.00,都市：住,,,,07820000
RPWOMLSJKIGGFCD48CC,光華段,.00,都市：住,,,,00010002
RPPPMLSJKIGGFCD87CC,東光段,.00,都市：住,,,,03170006
RPUOMLMJKIGGFKD48CC,仁愛段,.00,都市：住,,,,10050000
RPRPMLSJKIGGFAD87CC,正興段,.00,都市：住,,,,07810001
RPUOMLMJKIGGFKD48CC,仁愛段,.00,都市：住,,,,10120000
RPRPMLSJKIGGFAD87CC,正興段,.00,都市：住,,,,07820000
RPQPMLNJKIGGFKD28CC,東橋段,401.27,都市：工,,,,04720001
RPRPMLSJKIGGFCD08CC,南華段,145.92,都市：住,,,,08070000
RPPOMLTJKIGGFCD87CC,東光段,64.00,都市：商,,,,00930005
RPRNMLTJKIGGFID58CC,二仁段,.00,都市：住,,,,02220000
RPQNMLTJKIGGFID48CC,二仁段,.00,都市：住,,,,02220000
RPXOMLTJKIGGFBD58CC,國安段,13.72,都市：住,,,,15600000
RPQOMLTJKIGGFHD48CC,華美段,3539.38,都市：工,,,,00610000
RPWNMLTJKIGGFAD28CC,新南段,67.32,都市：住,,,,00280002
RPPPMLTJKIGGFBD87CC,安慶段,160.73,都市：住,,,,12060010
RPWNMLTJKIGGFKD66CC,五王段,.00,都市：住,,,,09340000
RPQOMLTJKIGGFAD77CC,仁愛段,.00,都市：住,,,,04560000
RPQOMLTJKIGGFAD77CC,仁愛段,.00,都市：住,,,,04660000
RPSOMLTJKIGGFKD98CC,中興段,.00,都市：住,,,,08900000
RPQPMLTJKIGGFKD88CC,橋北段,.00,都市：住,,,,01310008
RPUNMLTJKIGGFKD09CC,大灣段,287.00,都市：住,,,,46670008
RPUNMLTJKIGGFKD09CC,大灣段,5.00,都市：住,,,,48900025
RPQNMLKKKIGGFDD17CC,茄苳段,91.00,都市：住,,,,07720000
RPPOMLKKKIGGFKD87CC,鹽西段,299.00,都市：工,,,,08830001
RPTNMLKKKIGGFAD17CC,永華段,25.03,都市：商,,,,04010000
RPSOMLKKKIGGFKD18CC,大灣段,.00,都市：住,,,,63940000
RPSNMLTJKIGGFDD18CC,新營段,.00,都市：住,,,,08410125
RPXOMLKKKIGGFAD67CC,金華段,.00,都市：住,,,,01620003
RPVNMLKKKIGGFAD37CC,北安段,33.89,都市：住,,,,00560094
RPUOMLKKKIGGFAD37CC,開元段,.00,都市：住,,,,05840000
RPPPMLKKKIGGFAD96CC,星鑽段,.00,都市：商,,,,18300000
RPUOMLKKKIGGFAD37CC,開元段,.00,都市：商,,,,05870000
RPPPMLKKKIGGFAD96CC,星鑽段,.00,都市：商,,,,18400000
RPQPMLKKKIGGFAD07CC,星鑽段,.00,都市：商,,,,21830000
RPQPMLKKKIGGFAD07CC,星鑽段,.00,都市：商,,,,21840000
RPTPMLKKKIGGFHD08CC,營新段,169.69,都市：住,,,,00090027
RPPOMLKKKIGGFID67CC,八甲段,661.15,非都市：特定農業區 ; 非都市編定：農牧用地,,,,40170000
RPQOMLKKKIGGFID77CC,媽祖廟段三小段,595.04,非都市：特定農業區 ; 非都市編定：農牧用地,,,,14480000
RPSPMLKKKIGGFCD47CC,大山段,.00,都市：住,,,,01290000
RPQPMLKKKIGGFCD27CC,鹽埕段,.00,都市：住,,,,20530000
RPOOMLKKKIGGFCD96CC,仁和段,75.00,都市：住,,,,04270000
RPTPMLKKKIGGFCD57CC,虎尾段,.00,都市：住,,,,02640000
RPWNMLNKKIGGFCD97CC,鹽埕段,.00,都市：住,,,,02900756
RPSNMLNKKIGGFCD57CC,德高段,.00,都市：住,,,,04980020
RPSOMLNKKIGGFCD67CC,大恩段,.00,都市：住,,,,07450000
RPOOMLNKKIGGFCD27CC,竹篙厝段,.00,都市：住,,,,24290000
RPVOMLNKKIGGFCD97CC,裕南段,.00,都市：住,,,,09820000
RPTOMLNKKIGGFCD77CC,東寧段,.00,都市：住,,,,05680000
RPXNMLNKKIGGFBD97CC,鎮安段,.00,都市：住,,,,11390000
RPWOMLNKKIGGFCD08CC,公英段,.00,都市：住,,,,10850000
RPQOMLNKKIGGFID08CC,白崙段,.00,都市：商,,,,00720000
RPVNMLNKKIGGFBD77CC,神榕段,.00,都市：住,,,,10110000
RPWNMLNKKIGGFAD77CC,新南段,8.65,都市：商,,,,00780006
RPOOMLNKKIGGFAD07CC,中正段,.00,都市：商,,,,09350000
RPSOMLNKKIGGFAD47CC,新南段,.00,都市：商,,,,00710001
RPROMLNKKIGGFAD37CC,華興段,.00,都市：住,,,,09170000
RPPPMLNKKIGGFAD27CC,白金段,.00,都市：商,,,,02230000
RPRPMLNKKIGGFAD47CC,漁光段,.00,都市：商,,,,08660000
RPROMLNKKIGGFKD38CC,大灣段,.00,都市：住,,,,76800000
RPUOMLNKKIGGFKD68CC,大灣段,.00,都市：住,,,,76800000
RPTOMLNKKIGGFKD58CC,大灣段,.00,都市：住,,,,76800000
RPTPMLNKKIGGFAD67CC,金華段,.00,都市：住,,,,00050003
RPTPMLNKKIGGFAD67CC,金華段,.00,都市：住,,,,00050010
RPTPMLNKKIGGFAD67CC,金華段,.00,都市：住,,,,00050011
RPTPMLNKKIGGFAD67CC,金華段,.00,都市：住,,,,00050012
RPTPMLNKKIGGFAD67CC,金華段,.00,都市：住,,,,00050013
RPTPMLNKKIGGFAD67CC,金華段,.00,都市：住,,,,00050014
RPTPMLNKKIGGFAD67CC,金華段,.00,都市：住,,,,00050015
RPTPMLNKKIGGFAD67CC,金華段,.00,都市：住,,,,00050016
RPTPMLNKKIGGFAD67CC,金華段,.00,都市：住,,,,00050017
RPTPMLNKKIGGFAD67CC,金華段,.00,都市：住,,,,00050018
RPTPMLNKKIGGFAD67CC,金華段,.00,都市：住,,,,00050019
RPTPMLNKKIGGFAD67CC,金華段,.00,都市：住,,,,00050020
RPTPMLNKKIGGFAD67CC,金華段,.00,都市：住,,,,00050021
RPTPMLNKKIGGFAD67CC,金華段,.00,都市：住,,,,00050022
RPTPMLNKKIGGFAD67CC,金華段,.00,都市：住,,,,00050023
RPWOMLNKKIGGFKD88CC,大灣段,.00,都市：住,,,,76800000
RPOPMLNKKIGGFKD18CC,大灣段,.00,都市：住,,,,76800000
RPVOMLNKKIGGFKD78CC,大灣段,.00,都市：住,,,,76800000
RPXOMLNKKIGGFKD98CC,大灣段,.00,都市：住,,,,76800000
RPQNMLOKKIGGFGD87CC,佳里段,111.00,都市：住,,,,23410000
RPQPMLNKKIGGFKD38CC,鹽新段,.00,都市：住,,,,11680000
RPSOMLOKKIGGFKD58CC,信義段,.00,都市：工,,,,12050000
RPSOMLOKKIGGFKD58CC,信義段,.00,都市：工,,,,12100000
RPSOMLOKKIGGFKD58CC,信義段,.00,都市：工,,,,12130000
RPSNMLOKKIGGFAD47CC,新南段,598.18,都市：住,,,,03840000
RPXNMLOKKIGGFAD97CC,永華段,.00,都市：商,,,,05850000
RPXNMLOKKIGGFAD97CC,永華段,.00,都市：商,,,,05860000
RPOOMLOKKIGGFAD17CC,開元段,.00,都市：商,,,,05880002
RPPSMLOKKIGGFAD67CC,裕民段,.00,都市：住,,,,07220000
RPQRMLOKKIGGFAD67CC,南廠段,.00,都市：住,,,,03220000
RPRRMLOKKIGGFAD77CC,南廠段,.00,都市：住,,,,02670000
RPVPMLOKKIGGFBD08CC,溪頂段,.00,都市：住,,,,00410004
RPVPMLOKKIGGFBD08CC,溪頂段,.00,都市：住,,,,00410000
RPSOMLOKKIGGFHD28CC,善文段,79.20,都市：其他:空白,,,,01030000
RPSOMLTJKIGGFAD97CC,武聖段,90.14,都市：住,,,,16300000
RPSOMLTJKIGGFAD97CC,武聖段,112.78,都市：住,,,,16150000
RPXOMLOKKIGGFHD78CC,善新段,115.44,都市：其他:空白,,,,01220027
RPSOMLTJKIGGFAD97CC,武聖段,25.07,都市：住,,,,16310000
RPRNMLKKKIGGFKD97CC,永信段,110.68,都市：住,,,,07810000
RPUOMLOKKIGGFID58CC,白崙段,.00,都市：商,,,,00720000
RPRNMLOKKIGGFID18CC,白崙段,.00,都市：商,,,,00720000
RPWOMLOKKIGGFCD18CC,公英段,.00,都市：住,,,,04140002
RPVPMLOKKIGGFCD18CC,富農段,.00,都市：住,,,,17620000
RPRRMLOKKIGGFCD97CC,富農段,.00,都市：住,,,,00480000
RPRRMLOKKIGGFCD97CC,富農段,.00,都市：住,,,,00480001
RPQPMLOKKIGGFCD67CC,虎尾寮段,.00,都市：住,,,,04780003
RPUSMLOKKIGGFCD38CC,竹篙厝段,.00,都市：住,,,,36850027
RPPTMLOKKIGGFCD97CC,鹽埕段,.00,都市：住,,,,02560070
RPVOMLPKKIGGFCD18CC,竹篙厝段,.00,都市：商,,,,39460008
RPPOMLPKKIGGFCD57CC,竹篙厝段,.00,都市：住,,,,40300003
RPUOMLPKKIGGFCD08CC,龍泉段,.00,都市：其他:中心商業區,,,,05510000
RPUOMLPKKIGGFCD08CC,龍泉段,.00,都市：住,,,,05590000
RPQNMLPKKIGGFHD08CC,港口段,.00,非都市：鄉村區 ; 非都市編定：乙種建築用地,,,,30220054
RPPNMLPKKIGGFAD27CC,金城段,.00,都市：商,,,,00460012
RPQNMLPKKIGGFAD37CC,金華段,.00,都市：住,,,,00840003
RPRNMLPKKIGGFAD47CC,星鑽段,.00,都市：商,,,,18300000
RPRNMLPKKIGGFAD47CC,星鑽段,.00,都市：商,,,,18400000
RPTNMLPKKIGGFAD67CC,立人段,.00,都市：住,,,,11120000
RPQOMLPKKIGGFAD47CC,光賢段,.00,都市：住,,,,05530005
RPWPMLPKKIGGFAD18CC,郡王祠段,109.13,都市：住,,,,16260000
RPQNMLPKKIGGFID28DC,文化段,62.60,都市：住,,,,01630000
RPQNMLPKKIGGFID28DC,文化段,1.52,都市：住,,,,01630001
RPXNMLPKKIGGFAD08CC,金華段,8.67,都市：住,,,,00840003
RPPPMLPKKIGGFAD47CC,武聖段,115.10,都市：住,,,,24230003
RPPPMLPKKIGGFKD48CC,兵北段,.00,都市：住,,,,01220000
RPWOMLPKKIGGFKD09CC,大灣段,.00,都市：住,,,,73330000
RPWNMLPKKIGGFKD98CC,埔園段,.00,都市：住,,,,12480000
RPVOMLQKKIGGFKD09CC,六合段,.00,都市：住,,,,00610000
RPVOMLQKKIGGFKD09CC,六合段,.00,都市：住,,,,00620000
RPTPMLQKKIGGFKD98CC,自強段,.00,都市：住,,,,07660000
RPXPMLQKKIGGFKD76CC,兵北段,.00,都市：住,,,,01220013
RPWPMLQKKIGGFKD66CC,永強段,.00,都市：住,,,,06230000
RPSOMLQKKIGGFAD77CC,北元段,.00,都市：住,,,,01640000
RPWNMLQKKIGGFCD28CC,竹篙厝段,.00,都市：商,,,,42400006
RPVNMLQKKIGGFID78CC,文賢段,.00,都市：住,,,,07330000
RPVNMLQKKIGGFID78CC,文賢段,.00,都市：住,,,,07340000
RPVNMLQKKIGGFID78CC,文賢段,.00,都市：住,,,,07360000
RPPPMLQKKIGGFAD57CC,北元段,.00,都市：住,,,,04330000
RPSNMLQKKIGGFCD87CC,路東段,.00,都市：住,,,,09530000
RPSNMLQKKIGGFCD87CC,路東段,.00,都市：住,,,,09530001
RPOOMLQKKIGGFCD57CC,龍泉段,.00,都市：商,,,,12070000
RPSOMLQKKIGGFCD97CC,虎尾段,23.88,都市：商,,,,13520000
RPWOMLRKKIGGFID09CC,白崙段,12.08,都市：住,,,,01090000
RPWOMLRKKIGGFHD98CC,大榮段,.00,都市：住,,,,07430000
RPSNMLRKKIGGFCD97CC,鹽埕段,.00,都市：住,,,,00530004
RPUPMLRKKIGGFHD88CC,善新段,.00,都市：其他:生活服務區,,,,00530000
RPVOMLRKKIGGFHD88CC,善中段,.00,都市：住,,,,15880000
RPUNMLRKKIGGFAD97CC,星鑽段,.00,都市：商,,,,18520000
RPWNMLRKKIGGFAD18CC,環河段,.00,都市：住,,,,20030000
RPOOMLRKKIGGFAD47CC,郡王祠段,.00,都市：住,,,,25200000
RPTOMLRKKIGGFAD97CC,星鑽段,.00,都市：商,,,,14990000
RPROMLRKKIGGFAD77CC,仁愛段,.00,都市：住,,,,00090000
RPUOMLRKKIGGFAD08CC,自強段,.00,都市：商,,,,13850000
RPPPMLRKKIGGFAD67CC,老古石段,.00,都市：住,,,,15130000
RPTPMLRKKIGGFAD08CC,老古石段,.00,都市：住,,,,15130000
RPSPMLRKKIGGFAD97CC,老古石段,.00,都市：住,,,,15130000
RPUPMLRKKIGGFAD18CC,老古石段,.00,都市：住,,,,15130000
RPWPMLRKKIGGFAD38CC,老古石段,.00,都市：住,,,,15130000
RPOQMLRKKIGGFAD67CC,老古石段,.00,都市：住,,,,15130000
RPQNMLRKKIGGFKD58CC,橋北段,.00,都市：住,,,,00520000
RPXNMLRKKIGGFKD66CC,永康段,.00,都市：住,,,,15990000
RPTOMLRKKIGGFKD98CC,大灣段,.00,都市：住,,,,76800000
RPWNMLRKKIGGFKD56CC,成功段,.00,都市：住,,,,07110000
RPSNMLKLKIGGFKD18CC,兵北段,.00,都市：住,,,,01350000
RPTNMLRKKIGGFGD48CC,西港堡段,.00,都市：住,,,,03350000
RPROMLRKKIGGFKD88DC,崑山段,167.47,都市：住,,,,07980003
RPXPMLKLKIGGFKD88CC,蜈蜞潭段,.00,都市：住,,,,11610001
RPOOMLKLKIGGFAD86CC,立人段,3.98,都市：住,,,,00650003
RPVNMLKLKIGGFBD57CC,中洲段,90.27,都市：住,,,,09480000
RPXNMLKLKIGGFID48CC,城光段,330.58,都市：住,,,,00630000
RPOPMLKLKIGGFCD17CC,正義段,79.38,都市：住,,,,07000000
RPOPMLKLKIGGFCD17CC,正義段,78.85,都市：住,,,,07010000
RPOPMLKLKIGGFCD17CC,正義段,78.70,都市：住,,,,07020000
RPXOMLLLKIGGFBD97CC,和館段,.00,都市：住,,,,00440535
RPOPMLLLKIGGFBD17CC,和館段,.00,都市：住,,,,00440535
RPTNMLLLKIGGFCD57CC,竹篙厝段,.00,都市：住,,,,12750000
RPWNMLLLKIGGFID48CC,大同段,.00,都市：住,,,,04910000
RPXNMLLLKIGGFID58CC,岳王段,.00,都市：住,,,,08240000
RPRNMLLLKIGGFAD17CC,新南段,8.63,都市：商,,,,00780006
RPXNMLLLKIGGFAD77CC,南門段,.00,都市：住,,,,15020000
RPWNMLLLKIGGFAD67CC,正覺段,.00,都市：住,,,,06470000
RPVSMLOKKIGGFCD48CC,虎尾寮段,.00,都市：住,,,,05010026
RPSOMLLLKIGGFAD37CC,立人段,.00,都市：住,,,,00650004
RPSOMLLLKIGGFAD37CC,立人段,.00,都市：商,,,,01040000
RPOOMLLLKIGGFKD97CC,大灣段,.00,都市：住,,,,74660000
RPSPMLLLKIGGFKD48CC,頂南段,.04,都市：住,,,,04090002
RPSPMLLLKIGGFKD48CC,頂南段,10.48,都市：住,,,,04090000
RPTNMLLLKIGGFKD38CC,兵北段,.00,都市：住,,,,07880000
RPXNMLMLKIGGFKD88CC,大灣段,191.00,都市：住,,,,35550033
RPXNMLMLKIGGFKD88CC,大灣段,47.00,都市：住,,,,35550024
RPXNMLMLKIGGFKD88CC,大灣段,29.00,都市：住,,,,35560011
RPXOMLLLKIGGFAD87CC,公園段,.00,都市：商,,,,09050000
RPTQMLMLKIGGFFD28CC,隆田段,.00,都市：住,,,,00940000
RPXNMLMLKIGGFAD87CC,漁港段,.00,都市：住,,,,10920000
RPTOMLMLKIGGFAD57CC,環河段,.00,都市：住,,,,25340000
RPTOMLMLKIGGFAD57CC,環河段,.00,都市：住,,,,25350000
RPOOMLMLKIGGFAD07CC,金華段,.00,都市：住,,,,01050001
RPQOMLMLKIGGFAD27CC,漁光段,.00,都市：商,,,,08910002
RPUOMLMLKIGGFBD77CC,和業段,256.67,都市：工,,,,10830000
RPSPMLMLKIGGFAD57CC,北元段,.00,都市：住,,,,04330000
RPRQMLMLKIGGFAD57CC,老古石段,.00,都市：商,,,,11590000
RPUNMLMLKIGGFCD77CC,鹽埕段,.00,都市：住,,,,02900874
RPTNMLNLKIGGFCD77CC,鹽埕段,.00,都市：住,,,,00030591
RPPOMLMLKIGGFCD37CC,東光段,.00,都市：商,,,,00510008
RPVNMLNLKIGGFCD97CC,富農段,.00,都市：住,,,,11460000
RPVNMLNLKIGGFCD97CC,富農段,.00,都市：住,,,,11470000
RPQQMLNLKIGGFBD67CC,安西段,.00,都市：住,,,,19890000
RPQQMLNLKIGGFBD67CC,安西段,.00,都市：住,,,,19880000
RPRQMLNLKIGGFHD38CC,六塊寮段,.00,非都市：鄉村區 ; 非都市編定：乙種建築用地,,,,31630010
RPRPMLNLKIGGFCD77CC,鹽埕段,.00,都市：住,,,,04900034
RPWNMLNLKIGGFID68CC,中清段,245.00,都市：工,,,,02470027
RPQOMLNLKIGGFAD37CC,金華段,47.00,都市：住,,,,00580029
RPROMLNLKIGGFAD47CC,金華段,47.00,都市：住,,,,00580029
RPPPMLNLKIGGFAD37CC,北元段,.00,都市：住,,,,04860008
RPXOMLNLKIGGFAD08CC,金華段,.00,都市：住,,,,00850002
RPOPMLNLKIGGFAD27CC,南廠段,.00,都市：商,,,,02420000
RPQPMLNLKIGGFAD47CC,裕民段,.00,都市：住,,,,03780000
RPTPMLNLKIGGFAD77CC,漁光段,.00,都市：商,,,,08910002
RPSNMLNLKIGGFDD77CC,新岸段,36.36,都市：住,,,,01430001
RPSPMLNLKIGGFAD67CC,北元段,.00,都市：住,,,,08860004
RPOPMLNLKIGGFKD28CC,蜈蜞潭段,.00,都市：住,,,,11900000
RPVNMLOLKIGGFKD88CC,永信段,.00,都市：住,,,,10560000
RPQPMLNLKIGGFKD48CC,六甲頂段,.00,都市：住,,,,08990000
RPXOMLNLKIGGFKD09CC,大灣段,.00,都市：住,,,,85030000
RPUNMLOLKIGGFKD78CC,亞太段,1537.19,都市：工,,,,02700000
RPROMLOLKIGGFKD58CC,鹽中段,66.11,都市：工,,,,14950003
RPRPMLNLKIGGFKD58CC,四維段,.00,都市：住,,,,03100000
RPSOMLOLKIGGFAD67CC,銀同段,33.61,都市：商,,,,03630000
RPUNMLOLKIGGFID58CC,岳王段,330.58,都市：農,,,,02620000
RPXNMLOLKIGGFID88CC,中山段,.00,都市：住,,,,09060000
RPWOMLOLKIGGFHD78CC,港子尾段,743.80,非都市：特定農業區 ; 非都市編定：農牧用地,,,,18240000
RPWOMLOLKIGGFHD78CC,港子尾段,743.80,非都市：特定農業區 ; 非都市編定：農牧用地,,,,18250000
RPSOMLOLKIGGFKD68CC,六甲頂段,.00,都市：住,,,,14180000
RPQOMLOLKIGGFCD77DC,竹篙厝段,.00,都市：住,,,,15760008
RPVOMLOLKIGGFCD18CC,鹽埕段,67.00,都市：住,,,,06771226
RPPOMLOLKIGGFID18CC,八甲東段,.00,都市：住,,,,04070000
RPXOMLOLKIGGFCD38CC,關帝段,.00,都市：住,,,,10570000
RPXOMLOLKIGGFCD38CC,關帝段,.00,都市：住,,,,10570001
RPWOMLOLKIGGFCD28CC,竹篙厝段,.00,都市：商,,,,39460008
RPWOMLOLKIGGFCD28CC,竹篙厝段,.00,都市：商,,,,39460011
RPWOMLOLKIGGFCD28CC,竹篙厝段,.00,都市：商,,,,39460012
RPQOMLRLKIGGFBD87CC,州南段,.00,都市：住,,,,15860000
RPPPMLRLKIGGFKD78CC,頭前段,71.05,都市：住,,,,04910000
RPPNMLPLKIGGFAD37CC,大興段,63.76,都市：住,,,,02350002
RPPPMLRLKIGGFKD78CC,頭前段,78.44,都市：住,,,,04920000
RPPNMLPLKIGGFAD37CC,大興段,8.20,都市：住,,,,02360002
RPOOMLSLKIGGFKD68CC,大灣段,.00,都市：住,,,,82350000
RPOPMLSLKIGGFKD78CC,南新段,.00,都市：住,,,,00960000
RPRNMLRLKIGGFCD97CC,竹篙厝段,.00,都市：住,,,,40240000
RPQPMLSLKIGGFKD98CC,永康段,.00,都市：住,,,,16190000
RPWOMLSLKIGGFKD86CC,六甲頂段,.00,都市：住,,,,10910000
RPSNMLSLKIGGFKD98CC,大灣段,.00,都市：住,,,,86910002
RPVPMLSLKIGGFKD86CC,南工段,.00,都市：住,,,,00010000
RPPQMLSLKIGGFKD98CC,兵南段,.00,都市：商,,,,00840000
RPSPMLSLKIGGFKD56CC,南工段,.00,都市：住,,,,00010000
RPWPMLSLKIGGFKD96CC,仁愛段,.00,都市：住,,,,05210000
RPWPMLSLKIGGFKD96CC,仁愛段,.00,都市：住,,,,05240000
RPWPMLSLKIGGFKD96CC,仁愛段,.00,都市：住,,,,05260000
RPWPMLSLKIGGFKD96CC,仁愛段,.00,都市：住,,,,05270000
RPQQMLSLKIGGFKD09CC,兵北段,.00,都市：住,,,,05670000
RPWNMLSLKIGGFDD68CC,新橋段,.00,非都市：鄉村區 ; 非都市編定：乙種建築用地,,,,11520000
RPRPMLSLKIGGFKD09CC,兵南段,.00,都市：商,,,,00840000
RPXPMLSLKIGGFKD07CC,安康段,.00,都市：住,,,,07700000
RPOOMLSLKIGGFCD97DC,新東段,.00,都市：住,,,,13870000
RPSOMLSLKIGGFBD18CC,海中段,.00,都市：住,,,,00980000
RPUNMLSLKIGGFBD28CC,青砂段,.00,都市：住,,,,10160025
RPPPMLSLKIGGFID68CC,中清段,228.00,都市：工,,,,02470070
RPPPMLSLKIGGFID68CC,中清段,2.88,都市：工,,,,02470072
RPPPMLSLKIGGFID68CC,中清段,38.43,都市：工,,,,02470064
RPSNMLSLKIGGFCD18CC,虎尾寮段,.00,都市：住,,,,04730036
RPUNMLNLKIGGFID48CC,德崙段,.00,都市：住,,,,05720013
RPUNMLSLKIGGFCD38CC,路東段,.00,都市：住,,,,05590000
RPUNMLSLKIGGFCD38CC,路東段,.00,都市：住,,,,05590001
RPXNMLSLKIGGFID66CC,歸仁北段,.00,都市：住,,,,08490000
RPOOMLSLKIGGFID48CC,上崙段,.00,都市：住,,,,10780000
RPTOMLSLKIGGFCD38CC,華南段,208.26,都市：農,,,,12660002
RPXNMLSLKIGGFCD68CC,新東段,.00,都市：住,,,,00310000
RPWOMLSLKIGGFCD68CC,公英段,33.01,都市：其他:體育場用地,,,,00080000
RPXNMLSLKIGGFCD68CC,新東段,.00,都市：住,,,,00310001
RPUNMLSLKIGGFAD18CC,華興段,.00,都市：住,,,,07230004
RPUNMLSLKIGGFAD18CC,華興段,.00,都市：住,,,,07230003
RPWNMLSLKIGGFAD38CC,老古石段,.00,都市：住,,,,15130000
RPXNMLSLKIGGFAD48CC,正興段,.00,都市：住,,,,04960008
RPWOMLSLKIGGFAD48CC,金華段,.00,都市：商,,,,00020006
RPQOMLSLKIGGFAD87CC,金華段,.00,都市：住,,,,00850004
RPOOMLSLKIGGFAD67CC,星鑽段,.00,都市：商,,,,18530000
RPOPMLSLKIGGFAD77CC,環河段,.00,都市：住,,,,02560000
RPXOMLSLKIGGFAD58CC,漁光段,.00,都市：商,,,,08910002
RPPPMLSLKIGGFAD87CC,中正段,.00,都市：商,,,,00490000
RPQPMLSLKIGGFAD97CC,北元段,11.15,都市：住,,,,04330000
RPTPMLSLKIGGFAD28CC,金華段,.00,都市：商,,,,00640000
RPSPMLSLKIGGFAD18CC,環河段,.00,都市：住,,,,00530000
RPSPMLSLKIGGFAD18CC,環河段,.00,都市：住,,,,00540000
RPSPMLSLKIGGFAD18CC,環河段,.00,都市：住,,,,00550000
RPPQMLSLKIGGFAD97CC,康祥段,.00,都市：住,,,,01760000
RPSOMLTLKIGGFAD18CC,東豐段,.00,都市：住,,,,04660000
RPSOMLTLKIGGFAD18CC,東豐段,.00,都市：商,,,,04940000
RPOOMLTLKIGGFAD77CC,開元段,.00,都市：商,,,,06250000
RPROMLTLKIGGFAD08CC,富台段,.04,都市：住,,,,06480000
RPROMLTLKIGGFAD08CC,富台段,44.62,都市：住,,,,06480000
RPROMLTLKIGGFAD08CC,富台段,.13,都市：住,,,,07790000
RPOPMLTLKIGGFAD87CC,老古石段,.00,都市：住,,,,14230000
RPSNMLTLKIGGFCD28CC,東光段,.00,都市：住,,,,03210000
RPVNMLTLKIGGFCD58CC,鹽埕段,.00,都市：住,,,,01680010
RPOOMLTLKIGGFCD97CC,竹篙厝段,.00,都市：住,,,,31320000
RPPOMLTLKIGGFCD08CC,竹篙厝段,.00,都市：住,,,,27890000
RPROMLTLKIGGFCD28CC,鹽埕段,.00,都市：工,,,,30020071
RPSOMLTLKIGGFID98CC,太新段,.00,都市：工,,,,04540000
RPSOMLTLKIGGFCD38CC,仁和段,.00,都市：住,,,,09170000
RPUOMLTLKIGGFKD76CC,成功段,.00,都市：商,,,,01190000
RPTNMLTLKIGGFBD28CC,國安段,16.14,都市：住,,,,16120000
RPUOMLTLKIGGFCD58CC,竹篙厝段,.00,都市：住,,,,34110000
RPWPMLKMKIGGFKD88CC,亞太段,545.45,都市：工,,,,02700000
RPQPMLTLKIGGFKD09CC,二王段,.00,都市：住,,,,09770000
RPOQMLKMKIGGFKD18CC,亞太段,545.45,都市：工,,,,02700000
RPSQMLKMKIGGFKD58CC,鹽東段,.00,都市：住,,,,16110000
RPRQMLKMKIGGFKD48CC,廣興段,.00,都市：住,,,,11570000
RPTQMLKMKIGGFKD68CC,六合段,.00,都市：住,,,,08770035
RPUNMLKMKIGGFBD57CC,城東段,.00,都市：住,,,,02690007
RPRRMLKMKIGGFKD58CC,亞太段,297.52,都市：工,,,,02700000
RPXQMLKMKIGGFKD09CC,頂南段,10.48,都市：住,,,,04090000
RPSOMLKMKIGGFBD47CC,安中段,.00,都市：住,,,,01410000
RPTNMLKMKIGGFCD57CC,喜北段,106.00,都市：住,,,,01770000
RPPOMLKMKIGGFID87CC,仁義段,.00,都市：商,,,,01140000
RPROMLKMKIGGFCD47CC,新東段,.00,都市：住,,,,14100004
RPRNMLKMKIGGFCD37CC,新興段,.00,都市：住,,,,02750000
RPSOMLKMKIGGFCD57CC,新東段,.00,都市：住,,,,06590000
RPUOMLKMKIGGFCD77CC,德高段,.00,都市：住,,,,04650087
RPUNMLKMKIGGFAD47CC,檨仔林段,.00,都市：商,,,,03520000
RPUNMLKMKIGGFAD47CC,檨仔林段,.00,都市：商,,,,03530000
RPWOMLKMKIGGFCD97CC,仁和段,.00,都市：住,,,,10730000
RPOPMLKMKIGGFAD07CC,延平段,.00,都市：住,,,,12940000
RPOPMLKMKIGGFCD27CC,竹篙厝段,.00,都市：住,,,,35140000
RPXOMLKMKIGGFCD08CC,仁和段,.00,都市：住,,,,04340000
RPQOMLKMKIGGFAD17CC,中山段,.00,都市：商,,,,02040000
RPPOMLKMKIGGFAD07CC,武聖段,.00,都市：住,,,,12850000
RPVOMLKMKIGGFAD67CC,金華段,.00,都市：住,,,,00840003
RPUPMLKMKIGGFAD67CC,星鑽段,.00,都市：商,,,,18520000
RPPPMLKMKIGGFAD17CC,富台段,.00,都市：住,,,,06120001
RPWPMLKMKIGGFAD87CC,銀同段,.00,都市：商,,,,10580000
RPQPMLKMKIGGFAD27CC,廣慈段,.00,都市：商,,,,02390000
RPTPMLKMKIGGFAD57CC,延平段,.00,都市：住,,,,11690060
RPSNMLLMKIGGFBD47CC,國安段,14.96,都市：住,,,,15600000
RPQNMLLMKIGGFKD18CC,橋北段,4429.65,都市：住,,,,00280000
RPPSMLNJJHHGFID18CC,二空段,.00,都市：住,,,,02790001
RPSNMLLMKIGGFKD38CC,南新段,33.86,都市：其他:道路用地,,,,10190000
RPSNMLLMKIGGFKD38CC,南新段,108.35,都市：住,,,,10220000
RPQSMLNJJHHGFID28CC,歸仁北段,.00,都市：住,,,,11580000
RPPNMLLJJHHGFID47CC,二仁段,.00,都市：住,,,,02220000
RPWRMLNJJHHGFID78CC,忠義段,.00,都市：住,,,,10650000
RPRQMLNJJHHGFAD37CC,金城段,.00,都市：住,,,,00220010
RPSNMLNJJHHGFAD17CC,北元段,83.70,都市：住,,,,07300006
RPTPMLNJJHHGFAD47CC,金華段,.00,都市：住,,,,01620003
RPQNMLOJJHHGFID87CC,後壁段,.00,都市：住,,,,00940000
RPPQMLNJJHHGFAD17CC,金城段,.00,都市：住,,,,00600000
RPPQMLNJJHHGFAD17CC,金城段,.00,都市：住,,,,00600013
RPPQMLNJJHHGFAD17CC,金城段,.00,都市：住,,,,00600014
RPPQMLNJJHHGFAD17CC,金城段,.00,都市：住,,,,00600015
RPPQMLNJJHHGFAD17CC,金城段,.00,都市：住,,,,00600016
RPPQMLNJJHHGFAD17CC,金城段,.00,都市：住,,,,00600017
RPVOMLNJJHHGFKD58CC,鹽東段,.00,都市：住,,,,17760000
RPUOMLOJJHHGFBD67CC,布袋段,220.06,都市：其他:乙種工業區,,,,12750001
RPUOMLOJJHHGFBD67CC,布袋段,592.82,都市：其他:乙種工業區,,,,12750004
RPROMLOJJHHGFAD27CC,郡王祠段,.00,都市：商,,,,04190000
RPROMLOJJHHGFAD27CC,郡王祠段,.00,都市：商,,,,04180000
RPROMLOJJHHGFAD27CC,郡王祠段,.00,都市：商,,,,04200000
RPROMLOJJHHGFAD27CC,郡王祠段,.00,都市：商,,,,04210000
RPRNMLOJJHHGFHD87CC,善文段,55.28,都市：住,,,,06610000
RPXPMLKMKIGGFKD98CC,六甲頂段,.00,都市：住,,,,07730000
RPPOMLPJJHHGFCD37CC,新都段,353.82,都市：商,,,,04600000
RPPOMLPJJHHGFCD37CC,新都段,339.25,都市：商,,,,04590000
RPWNMLPJJHHGFCD97CC,府東段,.00,都市：住,,,,04910000
RPWNMLPJJHHGFCD97CC,府東段,.00,都市：住,,,,04910001
RPTPMLOJJHHGFHD28CC,東勢寮段二小段,.00,非都市：鄉村區 ; 非都市編定：乙種建築用地,,,,11510053
RPUNMLOJJHHGFCD67CC,水交社段,.00,都市：商,,,,00230000
RPRNMLPJJHHGFCD47CC,竹篙厝段,.00,都市：住,,,,28690000
RPWOMLPJJHHGFCD08CC,公英段,.00,都市：住,,,,00630000
RPVPMLPJJHHGFCD08CC,水交社段,.00,都市：商,,,,00230000
RPSOMLPJJHHGFCD67CC,鹽埕段,.00,都市：住,,,,00570000
RPOPMLPJJHHGFCD37CC,龍泉段,.00,都市：商,,,,05970000
RPPOMLPJJHHGFAD17CC,環河段,38.95,都市：住,,,,01430000
RPXNMLPJJHHGFID68CC,南興段,.00,都市：工,,,,06440000
RPXNMLPJJHHGFID68CC,南興段,.00,都市：工,,,,06490000
RPUOMLPJJHHGFKD68CC,南新段,.00,都市：住,,,,09730000
RPUOMLPJJHHGFKD68CC,南新段,.00,都市：住,,,,09740000
RPTNMLPJJHHGFAD47CC,金華段,16.06,都市：住,,,,01050001
RPUNMLPJJHHGFID38CC,仁義段,.00,都市：商,,,,03430000
RPQPMLPJJHHGFKD38CC,蜈蜞潭段,16.91,都市：住,,,,11900000
RPPPMLPJJHHGFKD28CC,鹽新段,.00,都市：住,,,,03990000
RPRPMLRJJHHGFCD87CC,竹篙厝段,.00,都市：住,,,,34340000
RPTNMLQJJHHGFED97CC,東中段,.00,都市：商,,,,03860000
RPVNMLQJJHHGFCD97CC,富強段,.00,都市：住,,,,00700000
RPOOMLQJJHHGFCD37CC,竹篙厝段,.00,都市：住,,,,40090004
RPWPMLRJJHHGFCD38CC,裕南段,.00,都市：住,,,,14010000
RPTNMLRJJHHGFID48CC,白崙段,.00,都市：商,,,,00720000
RPUPMLRJJHHGFCD18CC,鹽埕段,.00,都市：住,,,,02900874
RPSNMLRJJHHGFDD87CC,仁愛段,269.83,都市：工,,,,05120017
RPSNMLRJJHHGFDD87CC,仁愛段,269.83,都市：工,,,,05120018
RPRNMLRJJHHGFKD48CC,頂南段,.00,都市：住,,,,04000000
RPSNMLRJJHHGFKD58CC,兵北段,.00,都市：住,,,,00100000
RPOPMLKKJHHGFHD47CC,善新段,.00,都市：其他:生活服務區(第一種住宅區),,,,02640067
RPWPMLKKJHHGFHD28CC,大營段,246.00,非都市：一般農業區 ; 非都市編定：丁種建築用地,,,,26620109
RPSOMLKKJHHGFID87CC,太新段,206.46,都市：工,,,,03450000
RPSOMLKKJHHGFID87CC,太新段,461.57,都市：工,,,,03460000
RPSNMLKKJHHGFCD17CC,新興段,21.21,都市：住,,,,02130012
RPSOMLKKJHHGFBD17CC,海佃段,.00,都市：住,,,,15280000
RPOOMLKKJHHGFCD86CC,鹽埕段,.00,都市：住,,,,00570055
RPQOMLKKJHHGFCD07CC,竹篙厝段,.00,都市：住,,,,39780000
RPQOMLKKJHHGFCD07CC,竹篙厝段,.00,都市：住,,,,39810000
RPSOMLKKJHHGFCD27CC,光華段,.00,都市：住,,,,09490000
RPSOMLRJJHHGFID48CC,歸仁北段,.00,都市：住,,,,03930000
RPXPMLKKJHHGFCD87CC,水交社段,.00,都市：商,,,,00230000
RPOOMLKKJHHGFAD66CC,環河段,12.90,都市：商,,,,24960000
RPXPMLKKJHHGFAD67CC,觀音段,.00,都市：商,,,,01740000
RPORMLKKJHHGFAD96CC,銀同段,.00,都市：商,,,,10390000
RPUNMLKKJHHGFKD18CC,六甲頂段,.00,都市：住,,,,10910000
RPWNMLKKJHHGFKD38CC,鹽中段,.00,都市：住,,,,07650035
RPVNMLKKJHHGFCD47CC,新東段,.00,都市：住,,,,00310000
RPVNMLKKJHHGFCD47CC,新東段,.00,都市：住,,,,00310001
RPRNMLLKJHHGFAD96CC,立人段,.00,都市：住,,,,00530000
RPXNMLLKJHHGFAD57CC,金華段,.00,都市：商,,,,01330000
RPSNMLLKJHHGFAD07CC,金華段,.00,都市：商,,,,00020006
RPQOMLLKJHHGFAD96CC,漁光段,.00,都市：商,,,,08660000
RPUPMLLKJHHGFAD47CC,大豐段,.00,都市：其他:細部計畫道路用地,,,,11340000
RPUPMLLKJHHGFAD47CC,大豐段,.00,都市：住,,,,11350000
RPPRMLLKJHHGFAD17CC,正興段,.00,都市：住,,,,07050016
RPOQMLLKJHHGFAD96CC,金華段,.00,都市：住,,,,00980000
RPWQMLLKJHHGFAD77CC,仁愛段,.00,都市：住,,,,10970001
RPVRMLLKJHHGFAD77CC,仁愛段,.00,都市：住,,,,10970001
RPPSMLLKJHHGFAD27CC,金華段,.00,都市：住,,,,00630000
RPOTMLLKJHHGFAD27CC,金城段,.00,都市：住,,,,00660002
RPWTMLLKJHHGFAD08CC,漁光段,.00,都市：商,,,,08910002
RPXTMLLKJHHGFAD18CC,廣慈段,.00,都市：商,,,,04120000
RPXTMLLKJHHGFAD18CC,廣慈段,.00,都市：商,,,,04130000
RPXTMLLKJHHGFAD18CC,廣慈段,.00,都市：商,,,,04140000
RPTNMLLKJHHGFCD37CC,竹篙厝段,.00,都市：住,,,,38680000
RPTNMLLKJHHGFCD37CC,竹篙厝段,.00,都市：住,,,,38680001
RPTUMLLKJHHGFAD87CC,開元段,.00,都市：商,,,,05970000
RPVNMLLKJHHGFCD57CC,龍泉段,.00,都市：商,,,,12920000
RPVNMLLKJHHGFCD57CC,龍泉段,.00,都市：住,,,,12960000
RPWNMLLKJHHGFCD67CC,鹽埕段,.00,都市：住,,,,19740000
RPXNMLLKJHHGFCD77CC,公英段,.00,都市：住,,,,00080000
RPOOMLLKJHHGFCD96CC,龍泉段,.00,都市：住,,,,03040000
RPOOMLLKJHHGFCD96CC,龍泉段,.00,都市：住,,,,03110000
RPOOMLLKJHHGFCD96CC,龍泉段,.00,都市：住,,,,03120000
RPROMLLKJHHGFCD27CC,裕東段,.00,都市：住,,,,02580000
RPUOMLLKJHHGFCD57CC,關帝段,1629.24,都市：商,,,,10500000
RPROMLLKJHHGFCD27CC,裕東段,.00,都市：住,,,,02580001
RPXOMLLKJHHGFCD87CC,鹽埕段,.00,都市：住,,,,02710024
RPPOMLLKJHHGFCD07CC,東安段,.00,都市：商,,,,06620000
RPOPMLLKJHHGFCD07CC,府連段,.00,都市：商,,,,03570000
RPOPMLLKJHHGFCD07CC,府連段,.00,都市：住,,,,03590000
RPPPMLLKJHHGFCD17CC,竹篙厝段,.00,都市：住,,,,21970000
RPPPMLLKJHHGFCD17CC,竹篙厝段,.00,都市：住,,,,21980000
RPUPMLLKJHHGFCD67CC,新都心段,.00,都市：住,,,,00420000
RPSNMLLKJHHGFBD17CC,溪東段,.00,都市：住,,,,03540000
RPROMLLKJHHGFID87CC,德崙段,.00,都市：住,,,,05190000
RPSPMLQJJHHGFAD67CC,環河段,.00,都市：住,,,,02810000
RPSOMLLKJHHGFID97CC,白崙段,.00,都市：商,,,,00720000
RPQNMLLKJHHGFKD87CC,南工段,.00,都市：住,,,,00010000
RPPNMLLKJHHGFID57CC,歸仁北段,.00,都市：住,,,,08530001
RPUNMLLKJHHGFKD28CC,永和段,.00,都市：住,,,,10270000
RPSNMLLKJHHGFID87CC,八甲段,.00,非都市：鄉村區 ; 非都市編定：乙種建築用地,,,,01530006
RPSNMLLKJHHGFKD08CC,仁愛段,.00,都市：住,,,,05210000
RPSNMLLKJHHGFKD08CC,仁愛段,.00,都市：住,,,,05240000
RPSNMLLKJHHGFKD08CC,仁愛段,.00,都市：住,,,,05260000
RPSNMLLKJHHGFKD08CC,仁愛段,.00,都市：住,,,,05270000
RPVNMLLKJHHGFKD38CC,仁愛段,.00,都市：住,,,,05210000
RPVNMLLKJHHGFKD38CC,仁愛段,.00,都市：住,,,,05240000
RPVNMLLKJHHGFKD38CC,仁愛段,.00,都市：住,,,,05260000
RPVNMLLKJHHGFKD38CC,仁愛段,.00,都市：住,,,,05270000
RPRNMLLKJHHGFKD97CC,南工段,.00,都市：住,,,,00010000
RPOOMLLKJHHGFKD77CC,六合段,.00,都市：住,,,,10730000
RPSNMLLKJHHGFGD67CC,欣榮段,.00,都市：住,,,,06900075
RPPNMLMKJHHGFID67CC,德崙段,23.46,都市：住,,,,02440000
RPSNMLLKJHHGFED47CC,侯伯段,.00,都市：住,,,,10810000
RPUNMLMKJHHGFID18CC,武東段,.00,都市：住,,,,03450037
RPPRMLLKJHHGFKD18CC,蜈蜞潭段,.00,都市：住,,,,12430002
RPQOMLLKJHHGFKD97CC,永和段,.00,都市：住,,,,15800000
RPQTMLMKJHHGFHD28CC,什美段,.00,非都市：鄉村區 ; 非都市編定：乙種建築用地,,,,05580000
RPQNMLMKJHHGFCD17CC,富農段,.00,都市：住,,,,00480000
RPQNMLMKJHHGFCD17CC,富農段,.00,都市：住,,,,00480001
RPWNMLMKJHHGFDD87CC,民治段,.00,都市：住,,,,03630000
RPSNMLMKJHHGFAD17CC,頂美段,114.90,都市：住,,,,13340000
RPSNMLMKJHHGFAD17CC,頂美段,171.17,都市：住,,,,13350000
RPSNMLMKJHHGFAD17CC,頂美段,255.20,都市：住,,,,13350001
RPTNMLMKJHHGFCD47CC,育樂段,.00,都市：住,,,,06110000
RPVNMLMKJHHGFAD47CC,北安段,.00,都市：住,,,,00500248
RPROMLMKJHHGFAD17CC,頂美段,.00,都市：住,,,,13190000
RPROMLMKJHHGFAD17CC,頂美段,.00,都市：住,,,,13190001
RPUOMLMKJHHGFAD47CC,北安段,83.25,都市：住,,,,16770000
RPPNMLNKJHHGFAD96CC,延平段,.00,都市：其他:道路用地,,,,15180000
RPWOMLMKJHHGFAD67CC,武聖段,.00,都市：住,,,,23250000
RPUOMLMKJHHGFAD47CC,北安段,83.26,都市：住,,,,16780000
RPPNMLNKJHHGFAD96CC,延平段,.00,都市：住,,,,15180001
RPOPMLNKJHHGFAD07CC,開元段,43.21,都市：商,,,,05970000
RPOPMLNKJHHGFAD07CC,開元段,2.06,都市：住,,,,06180000
RPOPMLNKJHHGFAD07CC,開元段,.14,都市：其他:廣場兼停車場用地,,,,03610025
RPXOMLNKJHHGFAD87CC,公園段,.00,都市：商,,,,01360000
RPSOMLNKJHHGFCD57CC,鹽埕段,.00,都市：住,,,,02080165
RPWNMLNKJHHGFAD67CC,白金段,.00,都市：商,,,,02390000
RPWNMLNKJHHGFAD67CC,白金段,.00,都市：商,,,,02430000
RPWNMLNKJHHGFAD67CC,白金段,.00,都市：商,,,,02440000
RPWNMLNKJHHGFAD67CC,白金段,.00,都市：商,,,,02450000
RPWNMLNKJHHGFAD67CC,白金段,.00,都市：商,,,,02460000
RPWNMLNKJHHGFAD67CC,白金段,.00,都市：商,,,,02470000
RPWNMLNKJHHGFAD67CC,白金段,.00,都市：商,,,,02480000
RPPOMLNKJHHGFID87CC,白崙段,9.99,都市：商,,,,00720000
RPPOMLNKJHHGFHD77CC,大營段,.00,非都市：一般農業區 ; 非都市編定：丁種建築用地,,,,26620198
RPQOMLNKJHHGFHD87CC,大營段,.00,非都市：一般農業區 ; 非都市編定：丁種建築用地,,,,26620197
RPTNMLNKJHHGFKD38CC,埔園段,.00,都市：商,,,,03280000
RPOOMLOKJHHGFKD08CC,成功段,.00,都市：商,,,,01190000
RPSNMLOKJHHGFKD38CC,六甲頂段,.00,都市：住,,,,10910000
RPWNMLOKJHHGFKD78CC,鹽新段,.00,都市：住,,,,11320000
RPUNMLOKJHHGFCD77CC,德高段,.00,,,,,04670002
RPTNMLOKJHHGFID28CC,太乙段,245.96,都市：工,,,,08520000
RPSOMLOKJHHGFID28CC,歸仁北段,463.00,都市：住,,,,16950001
RPQOMLOKJHHGFCD47CC,德高段,.00,,,,,04670002
RPUNMLOKJHHGFAD57CC,金城段,325.00,都市：住,,,,00940000
RPUNMLOKJHHGFAD57CC,金城段,481.00,都市：住,,,,00940014
RPWRMLOKJHHGFCD38CC,東光段,.00,都市：商,,,,01070023
RPRQMLOKJHHGFCD77CC,育樂段,.00,都市：住,,,,01550000
RPXNMLOKJHHGFAD87CC,金華段,.00,都市：住,,,,00870000
RPOOMLOKJHHGFAD07CC,星鑽段,.00,都市：住,,,,04200000
RPUOMLOKJHHGFAD67CC,漁光段,.00,都市：商,,,,08910002
RPSOMLOKJHHGFAD47CC,金華段,.00,都市：住,,,,00770015
RPTPMLOKJHHGFAD67CC,正興段,27.90,都市：住,,,,09020004
RPTPMLOKJHHGFAD67CC,正興段,.39,都市：住,,,,09020013
RPTPMLOKJHHGFAD67CC,正興段,2.26,都市：其他:道路用地,,,,09020012
RPVOMLOKJHHGFAD77CC,金華段,.00,都市：商,,,,00640025
RPQNMLPKJHHGFKD28CC,龍安段,120.87,都市：住,,,,04720000
RPOPMLOKJHHGFAD17CC,開元段,.00,都市：商,,,,05880002
RPWOMLRKJHHGFKD56CC,竹行段,4762.26,都市：工,,,,17240000
RPVOMLRKJHHGFKD56DC,頂南段,3.49,都市：住,,,,04090000
RPQPMLRKJHHGFKD68CC,永仁段,132.39,都市：其他:學校用地(供完全中學使用),,,,11710001
RPPPMLRKJHHGFAD57CC,金華段,.00,都市：住,,,,01100126
RPSSMLRKJHHGFAD18CC,石門段,98.63,都市：住,,,,06260000
RPWNMLRKJHHGFCD28CC,鹽埕段,.00,都市：住,,,,01760174
RPVRMLRKJHHGFAD38CC,新南段,258.95,都市：住,,,,03780004
RPTOMLRKJHHGFBD97CC,科工段,429.75,都市：農,,,,06060000
RPPPMLRKJHHGFCD77CC,竹篙厝段,.00,都市：住,,,,38220000
RPUNMLRKJHHGFID68CC,二仁段,.00,都市：住,,,,02220000
RPQPMLRKJHHGFCD87CC,泉南段,.00,都市：商,,,,04920000
RPQPMLRKJHHGFCD87CC,泉南段,.00,都市：商,,,,04930000
RPWOMLRKJHHGFID98CC,媽祖廟段一小段,231.40,非都市：特定農業區 ; 非都市編定：農牧用地,,,,06800000
RPXPMLRKJHHGFCD58CC,新興段,.00,都市：住,,,,02570007
RPQOMLSKJHHGFAD67CC,立人段,.00,都市：住,,,,15230000
RPRPMLSKJHHGFBD97CC,海前段,110.60,都市：住,,,,11330000
RPSOMLSKJHHGFAD87CC,延平段,.00,都市：住,,,,11690060
RPSOMLSKJHHGFCD08CC,府連段,.00,都市：商,,,,03570000
RPPPMLSKJHHGFAD67CC,新南段,.00,都市：商,,,,00780005
RPQNMLTKJHHGFKD68CC,大灣段,164.43,都市：工,,,,37920000
RPWNMLTKJHHGFKD66CC,鹽新段,.00,都市：住,,,,00620000
RPQQMLSKJHHGFAD87CC,金華段,.00,都市：商,,,,01330000
RPPOMLOKJHHGFKD18CC,南工段,.00,都市：住,,,,00010000
RPWNMLSKJHHGFKD56CC,六甲頂段,79.99,都市：住,,,,12500000
RPRNMLTKJHHGFAD77CC,北元段,993.16,都市：住,,,,02240000
RPSNMLTKJHHGFAD87CC,檨仔林段,.00,都市：商,,,,03520000
RPSNMLTKJHHGFAD87CC,檨仔林段,.00,都市：商,,,,03530000
RPTNMLTKJHHGFAD97CC,檨仔林段,.00,都市：商,,,,03520000
RPVOMLTKJHHGFKD66CC,橋北段,.00,都市：住,,,,00900000
RPTNMLTKJHHGFAD97CC,檨仔林段,.00,都市：商,,,,03530000
RPUNMLTKJHHGFAD08CC,檨仔林段,.00,都市：商,,,,03520000
RPUNMLTKJHHGFAD08CC,檨仔林段,.00,都市：商,,,,03530000
RPRPMLTKJHHGFAD97CC,上鯤鯓段,.00,都市：住,,,,04030000
RPROMLTKJHHGFID68CC,太乙段,87.00,都市：工,,,,03930009
RPROMLTKJHHGFID68CC,太乙段,259.78,都市：工,,,,03930010
RPSPMLTKJHHGFAD08CC,青年段,.00,都市：商,,,,06030000
RPXOMLTKJHHGFCD68CC,仁和段,.00,都市：住,,,,04820049
RPTOMLTKJHHGFID88CC,崙中段,.00,都市：住,,,,00480042
RPSOMLTKJHHGFAD97CC,公園段,.00,都市：商,,,,02790000
RPXNMLKLJHHGFID38CC,歸仁北段,.00,都市：商,,,,10640008
RPUPMLKLJHHGFID28CC,大同段,.00,都市：住,,,,04910000
RPWNMLTKJHHGFHD98CC,看西段,101.00,都市：住,,,,04010030
RPTOMLKLJHHGFID08CC,崙中段,.00,都市：住,,,,00550013
RPUNMLKLJHHGFCD47CC,德高段,.00,都市：住,,,,04040007
RPOOMLKLJHHGFAD76CC,北元段,.00,都市：住,,,,01640000
RPUOMLKLJHHGFCD57CC,泉南段,29.89,都市：商,,,,04920000
RPUOMLKLJHHGFCD57CC,泉南段,6.08,都市：住,,,,04930000
RPVNMLKLJHHGFAD37CC,北元段,18.78,都市：住,,,,06120000
RPXNMLKLJHHGFAD57CC,南門段,.00,都市：住,,,,18530000
RPQNMLKLJHHGFAD86CC,南門段,.00,都市：住,,,,20940000
RPUOMLKLJHHGFAD37CC,仁愛段,.00,都市：住,,,,08880000
RPPOMLKLJHHGFAD86CC,南門段,.00,都市：商,,,,07080000
RPTPMLKLJHHGFAD37CC,正興段,.00,都市：商,,,,10890002
RPUPMLKLJHHGFAD47CC,廣慈段,.00,都市：商,,,,02570000
RPUPMLKLJHHGFAD47CC,廣慈段,.00,都市：商,,,,02580000
RPUPMLKLJHHGFAD47CC,廣慈段,.00,都市：商,,,,02590000
RPRNMLKLJHHGFKD97CC,大灣段,.00,都市：農,,,,40050000
RPOOMLKLJHHGFKD77CC,六甲頂段,.00,都市：住,,,,11180000
RPOOMLKLJHHGFKD77CC,六甲頂段,.00,都市：住,,,,11190000
RPOOMLKLJHHGFKD77CC,六甲頂段,.00,都市：住,,,,11200000
RPVOMLKLJHHGFKD48CC,二王段,.00,都市：住,,,,15940000
RPVPMLKLJHHGFKD58CC,南新段,.00,都市：住,,,,09000000
RPOPMLKLJHHGFKD87CC,南新段,7.98,都市：住,,,,07980000
RPWOMLKLJHHGFKD58CC,自強段,.00,都市：住,,,,05550000
RPWNMLKLJHHGFDD77CC,延平段,8.87,都市：商,,,,01340000
RPPOMLKLJHHGFDD17CC,水秀段,.00,非都市：鄉村區 ; 非都市編定：乙種建築用地,,,,03910000
RPQQMLKLJHHGFGD77CC,東興段,.00,都市：住,,,,05430006
RPSNMLLLJHHGFDD47CC,民族段,.00,都市：商,,,,04720000
RPOOMLLLJHHGFKD87CC,大灣段,.00,都市：商,,,,62300000
RPSPMLLLJHHGFKD38CC,兵北段,.00,都市：住,,,,05670000
RPQPMLLLJHHGFKD18CC,永強段,.00,都市：住,,,,06230000
RPVNMLLLJHHGFKD48CC,鹽東段,.00,都市：住,,,,19610000
RPVOMLLLJHHGFKD58CC,文化段,.00,都市：住,,,,08100000
RPRPMLLLJHHGFKD28CC,永仁段,.00,都市：住,,,,08120000
RPRNMLLLJHHGFAD07CC,五條港段,.00,都市：商,,,,06030000
RPRNMLLLJHHGFAD07CC,五條港段,.00,都市：商,,,,06040000
RPTNMLLLJHHGFAD27CC,大港段,.00,都市：住,,,,00510039
RPUNMLLLJHHGFAD37CC,自強段,.00,都市：商,,,,07140000
RPUNMLLLJHHGFAD37CC,自強段,.00,都市：商,,,,07150000
RPUNMLLLJHHGFAD37CC,自強段,.00,都市：商,,,,07160000
RPUNMLLLJHHGFAD37CC,自強段,.00,都市：商,,,,07170000
RPVOMLLLJHHGFAD57CC,南門段,.00,都市：住,,,,12590000
RPVNMLLLJHHGFAD47CC,大港段,.00,都市：住,,,,00510090
RPWNMLLLJHHGFAD57CC,開元段,.00,都市：商,,,,06250000
RPROMLLLJHHGFAD17CC,金華段,.00,都市：商,,,,00640037
RPTOMLLLJHHGFAD37CC,環河段,.00,都市：商,,,,24960000
RPSPMLLLJHHGFAD37CC,立人段,.00,都市：住,,,,00540000
RPQPMLLLJHHGFAD17CC,新臨安段,.00,都市：住,,,,11000000
RPTPMLLLJHHGFAD47CC,漁光段,.00,都市：商,,,,08910002
RPOPMLLLJHHGFAD96CC,新南段,.00,都市：住,,,,00670000
RPWPMLLLJHHGFAD77CC,中正段,.00,都市：商,,,,09350000
RPUNMLLLJHHGFCD57CC,東安段,.00,都市：住,,,,05020000
RPQOMLLLJHHGFCD27CC,光明段,.00,都市：住,,,,04290007
RPTOMLLLJHHGFCD57CC,竹篙厝段,150.00,都市：商,,,,18140000
RPTOMLLLJHHGFCD57CC,竹篙厝段,150.00,都市：商,,,,18130000
RPOQMLLLJHHGFAD07CC,北元段,97.13,都市：住,,,,08230045
RPOQMLLLJHHGFAD07CC,北元段,9.91,都市：住,,,,08230036
RPUOMLLLJHHGFCD67CC,大恩段,.00,都市：住,,,,00570000
RPUOMLLLJHHGFCD67CC,大恩段,.00,都市：住,,,,00570001
RPVOMLLLJHHGFCD77CC,光華段,.00,都市：住,,,,09490000
RPTNMLLLJHHGFCD47CC,光華段,.00,都市：住,,,,09490000
RPSOMLLLJHHGFCD47CC,裕東段,.00,都市：住,,,,00300006
RPOPMLLLJHHGFCD17CC,光華段,.00,都市：住,,,,09490000
RPQPMLLLJHHGFCD37CC,水交社段,.00,都市：住,,,,00060000
RPRPMLLLJHHGFCD47CC,鹽埕段,.00,都市：住,,,,31020050
RPPPMLLLJHHGFCD27CC,光明段,.00,都市：住,,,,01150000
RPUPMLLLJHHGFCD77CC,光華段,.00,都市：住,,,,09490000
RPSPMLLLJHHGFCD57CC,育樂段,.00,都市：住,,,,03090000
RPVPMLLLJHHGFCD87CC,竹篙厝段,.00,都市：住,,,,33420000
RPTPMLLLJHHGFCD67CC,竹篙厝段,.00,都市：住,,,,32690002
RPXPMLLLJHHGFCD08CC,路東段,.00,都市：住,,,,09530001
RPXPMLLLJHHGFCD08CC,路東段,.00,都市：住,,,,09530000
RPOQMLLLJHHGFCD27CC,龍泉段,.00,都市：商,,,,06590000
RPOQMLLLJHHGFCD27CC,龍泉段,.00,都市：商,,,,06590001
RPOQMLLLJHHGFCD27CC,龍泉段,.00,都市：住,,,,06620000
RPOQMLLLJHHGFCD27CC,龍泉段,.00,都市：住,,,,06620001
RPOPMLKLJHHGFAD86CC,金華段,.00,都市：商,,,,00010003
RPPQMLLLJHHGFCD37CC,東寧段,.00,都市：住,,,,07280000
RPVOMLLLJHHGFBD67CC,海北段,60.91,都市：其他:空白,,,,05290000
RPQQMLLLJHHGFCD47CC,龍泉段,.00,都市：商,,,,05510000
RPQQMLLLJHHGFCD47CC,龍泉段,.00,都市：住,,,,05590000
RPRQMLLLJHHGFCD57CC,裕南段,.00,都市：住,,,,16530000
RPRQMLLLJHHGFCD57CC,裕南段,.00,都市：住,,,,16530001
RPTQMLLLJHHGFCD77CC,新都心段,.00,都市：住,,,,00420000
RPSQMLLLJHHGFCD67CC,鹽埕段,.00,都市：住,,,,20920003
RPQNMLLLJHHGFBD07CC,公塭段,.00,都市：住,,,,12280000
RPTPMLLLJHHGFBD57CC,國安段,4.27,都市：住,,,,15600000
RPRNMLOLJHHGFCD57CC,富農段,.00,都市：住,,,,00480000
RPRNMLOLJHHGFCD57CC,富農段,.00,都市：住,,,,00480001
RPTNMLOLJHHGFCD77CC,光明段,.00,都市：住,,,,05850010
RPSNMLOLJHHGFID28CC,二空段,.00,都市：住,,,,05960000
RPTOMLOLJHHGFCD87CC,鹽埕段,.00,都市：住,,,,30990108
RPRNMLOLJHHGFAD37CC,老古石段,.00,都市：住,,,,14230000
RPTNMLOLJHHGFAD57CC,金城段,.00,都市：商,,,,00170024
RPQOMLOLJHHGFCD57CC,裕東段,.00,都市：住,,,,01350007
RPXNMLOLJHHGFKD98CC,六甲頂段,.00,都市：住,,,,10910000
RPWNMLOLJHHGFKD88CC,頂溪段,.00,都市：工,,,,09380000
RPWNMLOLJHHGFKD88CC,頂溪段,.00,都市：工,,,,09390000
RPWNMLOLJHHGFKD88CC,頂溪段,.00,都市：工,,,,09400000
RPWNMLOLJHHGFKD88CC,頂溪段,.00,都市：工,,,,09410000
RPWNMLOLJHHGFKD88CC,頂溪段,.00,都市：工,,,,09420000
RPWNMLOLJHHGFKD88CC,頂溪段,.00,都市：工,,,,09430000
RPWNMLOLJHHGFKD88CC,頂溪段,.00,都市：工,,,,09440000
RPWNMLOLJHHGFKD88CC,頂溪段,.00,都市：工,,,,09450000
RPWNMLOLJHHGFKD88CC,頂溪段,.00,都市：工,,,,09500000
RPWNMLOLJHHGFKD88CC,頂溪段,.00,都市：工,,,,09510000
RPOOMLOLJHHGFKD18CC,市政段,150.00,都市：住,,,,00210001
RPOOMLOLJHHGFKD18CC,市政段,241.81,都市：住,,,,00240000
RPROMLOLJHHGFAD47CC,立人段,.00,都市：住,,,,00530000
RPOOMLOLJHHGFKD18CC,市政段,264.99,都市：住,,,,00430000
RPOOMLOLJHHGFKD18CC,市政段,265.00,都市：住,,,,00440000
RPOOMLOLJHHGFKD18CC,市政段,168.01,都市：住,,,,00450000
RPOOMLOLJHHGFKD18CC,市政段,198.00,都市：住,,,,00460000
RPOOMLOLJHHGFKD18CC,市政段,167.99,都市：住,,,,00470000
RPPPMLOLJHHGFKD38CC,頂南段,60.92,都市：住,,,,04380000
RPVNMLOLJHHGFFD28CC,港子尾段,103.04,非都市：鄉村區 ; 非都市編定：乙種建築用地,,,,00010163
RPROMLOLJHHGFKD48CC,三村段,.00,都市：住,,,,05960000
RPVOMLOLJHHGFKD88CC,三村段,.00,都市：住,,,,05960001
RPUOMLOLJHHGFKD78CC,南工段,.00,都市：商,,,,05010000
RPWNMLOLJHHGFFD38CC,港子尾段,113.00,非都市：鄉村區 ; 非都市編定：乙種建築用地,,,,00010441
RPXNMLPLJHHGFKD09CC,大灣段,991.73,都市：工,,,,38260000
RPSOMLPLJHHGFDD97CC,仁愛段,269.83,都市：工,,,,05120015
RPSOMLPLJHHGFDD97CC,仁愛段,269.83,都市：工,,,,05120016
RPVOMLPLJHHGFKD98CC,永二段,26.44,都市：住,,,,03580000
RPWNMLPLJHHGFKD98CC,三村段,.00,都市：住,,,,05960000
RPQNMLPLJHHGFAD37CC,小北段,73.01,都市：住,,,,09640012
RPQOMLPLJHHGFKD48CC,橋北段,.00,都市：住,,,,00020000
RPUNMLPLJHHGFAD77CC,小北段,.00,都市：住,,,,09690455
RPTNMLPLJHHGFAD67CC,東豐段,.00,都市：住,,,,04660000
RPTNMLPLJHHGFAD67CC,東豐段,.00,都市：商,,,,04940000
RPPPMLPLJHHGFAD47CC,公園段,40.00,都市：商,,,,04480000
RPVPMLPLJHHGFAD08CC,觀音段,.00,都市：商,,,,01740000
RPVNMLPLJHHGFCD08CC,竹篙厝段,.00,都市：住,,,,40710026
RPTNMLPLJHHGFCD87CC,仁和段,.00,都市：住,,,,10830000
RPTNMLPLJHHGFCD87CC,仁和段,.00,都市：住,,,,10830010
RPTNMLPLJHHGFCD87CC,仁和段,.00,都市：其他:細部計畫道路用地,,,,10830023
RPXNMLQLJHHGFID98CC,長興段,.00,都市：其他:市場用地,,,,02610000
RPOOMLQLJHHGFID18CC,中正段,.00,都市：住,,,,07320000
RPWNMLPLJHHGFHD68CC,大榮段,11.89,都市：住,,,,07780000
RPWNMLPLJHHGFHD68CC,大榮段,.65,都市：住,,,,07790000
RPWNMLPLJHHGFHD68CC,大榮段,8.02,都市：住,,,,07800000
RPOOMLQLJHHGFCD57CC,竹篙厝段,.00,都市：住,,,,10430004
RPRNMLQLJHHGFBD67CC,溪東段,6.31,都市：商,,,,16740000
RPUNMLQLJHHGFCD08CC,仁和段,.00,都市：住,,,,08950000
RPTNMLQLJHHGFCD97CC,仁和段,.00,都市：住,,,,13350000
RPVNMLQLJHHGFCD18CC,竹篙厝段,.00,都市：住,,,,09810000
RPSNMLQLJHHGFAD67CC,觀音段,.00,都市：商,,,,01740000
RPSOMLQLJHHGFCD97CC,仁和段,.00,都市：住,,,,13350000
RPQOMLQLJHHGFCD77CC,日新段,.00,都市：住,,,,03130000
RPXNMLQLJHHGFAD18CC,郡王祠段,.00,都市：住,,,,25220000
RPUNMLQLJHHGFKD88CC,六甲頂段,.00,都市：住,,,,08630000
RPTOMLQLJHHGFAD87CC,赤崁段,.00,都市：商,,,,02200000
RPTOMLQLJHHGFKD88CC,永大段,.00,都市：住,,,,00670000
RPPNMLRLJHHGFKD48CC,蜈蜞潭段,.00,都市：住,,,,13490001
RPXNMLRLJHHGFKD66CC,六甲頂段,.00,都市：住,,,,10910000
RPSNMLRLJHHGFKD78CC,南新段,.00,都市：住,,,,09000000
RPTOMLRLJHHGFKD98CC,崑山段,172.01,都市：商,,,,07980004
RPUNMLRLJHHGFCD28DC,東光段,.00,都市：住,,,,06140000
RPPNMLRLJHHGFAD47CC,五條港段,.00,都市：商,,,,01040000
RPPNMLRLJHHGFAD47CC,五條港段,.00,都市：商,,,,01050000
RPTNMLRLJHHGFAD87CC,武聖段,.00,都市：住,,,,09760000
RPUNMLRLJHHGFAD97CC,三民段,.00,都市：商,,,,07790000
RPVNMLRLJHHGFAD08CC,漁光段,.00,都市：商,,,,08910002
RPPOMLRLJHHGFAD57CC,環河段,8.92,都市：商,,,,24960000
RPUOMLRLJHHGFAD08CC,老古石段,.00,都市：住,,,,15130000
RPTNMLRLJHHGFCD08CC,光華段,.00,都市：住,,,,09490000
RPTPMLRLJHHGFAD08CC,星鑽段,.00,都市：住,,,,01920000
RPTPMLRLJHHGFAD08CC,星鑽段,.00,都市：住,,,,02030000
RPPOMLRLJHHGFCD77CC,府東段,.00,都市：住,,,,07450000
RPQPMLRLJHHGFCD97CC,鹽埕段,.00,都市：住,,,,18930003
RPVNMLRLJHHGFCD28CC,育樂段,.00,都市：住,,,,04460000
RPQNMLRLJHHGFCD77CC,光華段,.00,都市：住,,,,09490000
RPSOMLOLJHHGFID38CC,忠義段,.00,都市：住,,,,12190000
RPWNMLRLJHHGFCD38CC,竹篙厝段,.00,都市：住,,,,20040000
RPQNMLSLJHHGFBD77CC,國安段,10.60,都市：住,,,,15600000
RPXNMLSLJHHGFCD58CC,立德段,.00,都市：住,,,,09160000
RPRNMLSLJHHGFAD77CC,頂美段,.00,都市：住,,,,15120039
RPVOMLRLJHHGFHD88CC,北子店段二小段,.00,非都市：一般農業區 ; 非都市編定：甲種建築用地,,,,07980052
RPWPMLRLJHHGFID56CC,歸仁北段,91.00,都市：住,,,,10960004
RPWPMLRLJHHGFID56CC,歸仁北段,344.00,都市：住,,,,10970007
RPXNMLSLJHHGFHD09CC,圳西段,.00,都市：其他:國民住宅,,,,02700000
RPXNMLSLJHHGFHD09CC,圳西段,.00,都市：其他:國民住宅,,,,03370000
RPWNMLSLJHHGFBD38CC,城東段,.00,都市：住,,,,04120002
RPSNMLSLJHHGFCD08CC,竹篙厝段,.00,都市：住,,,,19710000
RPXNMLSLJHHGFAD38CC,南門段,.00,都市：商,,,,07080000
RPTNMLSLJHHGFBD18DC,和館段,93.15,都市：住,,,,00940122
RPTNMLSLJHHGFBD18DC,和館段,24.93,都市：住,,,,00940154
RPPNMLSLJHHGFFD08CC,港子尾段,91.05,非都市：鄉村區 ; 非都市編定：乙種建築用地,,,,00010163
RPTOMLSLJHHGFAD08CC,開元段,.00,都市：商,,,,03610005
RPSNMLSLJHHGFKD88CC,六合段,175.20,都市：住,,,,00990000
RPUOMLSLJHHGFAD18CC,開元段,10.72,都市：商,,,,05970000
RPUOMLSLJHHGFAD18CC,開元段,.51,都市：住,,,,06180000
RPUOMLSLJHHGFAD18CC,開元段,.03,都市：其他:其他廣場及停車場用地,,,,03610000
RPTPMLRJKHHGFAD97CC,武聖段,11.84,都市：住,,,,23250000
RPWPMLRJKHHGFKD66CC,永信段,82.35,都市：住,,,,06400000
RPOPMLRJKHHGFAD47CC,檨仔林段,112.09,都市：商,,,,02590000
RPOPMLRJKHHGFAD47CC,檨仔林段,21.84,都市：商,,,,02580000
RPOQMLRJKHHGFAD57CC,金華段,.00,都市：住,,,,00590005
RPPNMLRJKHHGFCD57CC,路東段,29.61,都市：商,,,,00070000
RPWPMLRJKHHGFAD28CC,北安段,.00,都市：住,,,,00560123
RPWPMLRJKHHGFAD28CC,北安段,.00,都市：住,,,,00560116
RPQNMLRJKHHGFHD18CC,六塊寮段,127.00,非都市：鄉村區 ; 非都市編定：乙種建築用地,,,,32540000
RPQNMLRJKHHGFHD18CC,六塊寮段,127.00,非都市：鄉村區 ; 非都市編定：乙種建築用地,,,,32540032
RPQPMLRJKHHGFCD87CC,富農段,.00,都市：住,,,,05950000
RPRPMLRJKHHGFCD97CC,光華段,.00,都市：住,,,,09490000
RPWNMLRJKHHGFCD28CC,新東段,.00,都市：住,,,,08920000
RPPPMLRJKHHGFID38CC,太乙段,.00,都市：工,,,,12470000
RPPPMLRJKHHGFCD77CC,富農段,.00,都市：住,,,,05950000
RPTNMLRJKHHGFHD48CC,善成段,.00,都市：其他:空白,,,,07650020
RPTNMLSJKHHGFHD58CC,玉二段,152.38,都市：住,,,,06560000
RPXNMLSJKHHGFBD38CC,海東段,71.06,都市：住,,,,04160000
RPXNMLSJKHHGFBD38CC,海東段,82.39,都市：住,,,,04150000
RPSNMLSJKHHGFCD97CC,竹篙厝段,.00,都市：住,,,,28010005
RPTNMLSJKHHGFCD08CC,光華段,.00,都市：住,,,,09490000
RPROMLSJKHHGFCD97CC,東光段,.00,都市：住,,,,03260000
RPQOMLSJKHHGFCD87CC,光華段,.00,都市：住,,,,09490000
RPVNMLSJKHHGFAD08CC,正興段,.00,都市：住,,,,10890005
RPXNMLSJKHHGFCD48CC,立德段,.00,都市：其他:鄰里商業區,,,,03230000
RPPOMLSJKHHGFAD57CC,保西段,.00,都市：商,,,,05480000
RPXPMLSJKHHGFCD68CC,立德段,.00,都市：住,,,,09160000
RPROMLSJKHHGFAD77CC,小北段,.00,都市：住,,,,09690156
RPOPMLSJKHHGFAD57CC,立人段,.00,都市：住,,,,00650003
RPUNMLSJKHHGFKD98CC,成功段,.00,都市：商,,,,01190000
RPTNMLSJKHHGFDD18CC,仁愛段,276.50,都市：工,,,,05120009
RPVOMLTJKHHGFAD28CC,漁光段,.00,都市：商,,,,08910002
RPOPMLSJKHHGFKD58CC,頂南段,.00,都市：住,,,,04090000
RPOPMLSJKHHGFKD58CC,頂南段,.00,都市：住,,,,04090002
RPUPMLSJKHHGFKD56CC,永和段,.00,都市：住,,,,13110000
RPTNMLTJKHHGFID88DC,歸仁北段,.00,都市：商,,,,10740007
RPWOMLTJKHHGFCD58CC,東光段,.00,都市：住,,,,06110000
RPWOMLTJKHHGFCD58CC,東光段,.00,都市：住,,,,06120000
RPPPMLTJKHHGFCD97CC,光明段,5138.00,都市：住,,,,06130000
RPPPMLTJKHHGFCD97CC,光明段,69.00,都市：住,,,,06130003
RPPPMLTJKHHGFHD48CC,港口段,.00,非都市：鄉村區 ; 非都市編定：乙種建築用地,,,,30930018
RPPNMLTJKHHGFID38CC,健康段,.00,都市：住,,,,00110015
RPUNMLKKKHHGFCD47CC,新東段,.00,都市：住,,,,05190004
RPTOMLKKKHHGFID08CC,清王段,.00,都市：住,,,,05760000
RPVNMLTJKHHGFID98CC,歸仁北段,.00,都市：住,,,,08490000
RPOPMLKKKHHGFBD96CC,新順段,.00,都市：住,,,,08890003
RPTNMLKKKHHGFCD37CC,富裕段,.00,都市：住,,,,00470000
RPQOMLKKKHHGFHD67CC,南港段,83.12,都市：住,,,,07670001
RPSOMLKKKHHGFCD37CC,新東段,.00,都市：住,,,,09800000
RPSNMLKKKHHGFAD07CC,中山段,.00,都市：商,,,,02140000
RPVOMLKKKHHGFCD67CC,竹篙厝段,.00,都市：住,,,,42980016
RPPOMLKKKHHGFAD86CC,金華段,.00,都市：住,,,,00630000
RPQNMLKKKHHGFKD87CC,六甲頂段,.00,都市：住,,,,11700001
RPSNMLKKKHHGFKD08CC,六甲頂段,.00,都市：住,,,,10910000
RPSNMLSJKHHGFHD48CC,玉二段,147.07,都市：住,,,,06550000
