﻿編號,車位類別,車位價格,車位面積平方公尺,車位所在樓層
Serial number,berth category,berth price,berth area square meter,
RPQOMLKMJIGGFAI57CC,升降機械,0,,地下一樓
RPQOMLKMJIGGFAI57CC,升降機械,0,,地下一樓
RPRNMLQJKIGGFAI97CC,坡道平面,0,,無固定樓層
RPQNMLLLKIGGFAI57CC,一樓平面,0,,一樓
RPUNMLLLKIGGFAI97CC,升降機械,0,,地下一樓
RPRNMLKMKIGGFAI67CC,坡道平面,0,,地下一樓
RPWNMLLKJHHGFAI97CC,升降機械,0,,地下一樓
RPWNMLLKJHHGFAI97CC,升降機械,0,,地下一樓
RPVRMLOJJHHGFAI48CC,坡道平面,0,30.51,地下二樓
RPRPMLOKJHHGFAI97CC,升降機械,0,,地下一樓
RPRNMLPKJHHGFAI87CC,坡道平面,0,,地下二樓
RPQOMLMLJHHGFAI67CC,坡道平面,0,,地下二樓
