﻿編號,屋齡,建物移轉面積平方公尺,主要用途,主要建材,建築完成日期,總層數,建物分層
The serial number,room age,building shifting area square meter,the main use,main building materials,construction completes the date,total layer,building lamination
RPXNMLMKJIGGFBJ38CC,20,815.73,工業用,鋼筋混凝土造,90年6月12日,七層,
RPXOMLMKJIGGFBJ48CC,14,30.64,商業用,鋼筋混凝土造,97年3月21日,十三層,
RPXOMLMKJIGGFBJ48CC,14,2.77,共有部分,鋼筋混凝土造,97年3月21日,十四層,
RPXOMLMKJIGGFBJ48CC,14,10.88,共有部分,鋼筋混凝土造,97年3月21日,十三層,
RPRRMLMKJIGGFBJ18CC,13,23.94,商業用,鋼筋混凝土造,98年1月23日,七層,
RPRRMLMKJIGGFBJ18CC,13,12.71,共有部分,鋼筋混凝土造,98年1月23日,七層,
RPWOMLMKJIGGFCJ48CC,2,121.35,集合住宅,鋼筋混凝土造,109年2月12日,五層,
RPWOMLMKJIGGFCJ48CC,2,57.44,本共有部分之項目有停車空間、樓梯間等二項,鋼筋混凝土造,109年2月12日,五層,
RPSOMLMKJIGGFBJ97CC,14,842.50,工業用,鋼筋混凝土造,96年6月7日,八層,
RPTOMLMKJIGGFBJ08CC,14,213.85,工業用,鋼筋混凝土造,96年6月7日,八層,
RPUOMLMKJIGGFBJ18CC,12,561.67,一般服務業,鋼筋混凝土造,99年3月5日,十四層,
RPXNMLMKJIGGFDJ58CC,28,85.28,住家用,鋼筋混凝土造,82年11月3日,七層,
RPXNMLMKJIGGFDJ58CC,28,12.98,共有部分,鋼筋混凝土造,82年11月3日,七層,
RPXNMLMKJIGGFDJ58CC,28,12.86,共有部分,鋼筋混凝土造,82年11月3日,七層,
RPTNMLPKJIGGFBJ28CC,16,92.47,住家用,鋼筋混凝土造,94年9月23日,十四層,
RPTNMLPKJIGGFBJ28CC,16,.03,守衛室,鋼筋混凝土造,94年9月23日,十五層,
RPTNMLPKJIGGFBJ28CC,16,10.88,共有部分,鋼筋混凝土造,94年9月23日,十四層,
RPTNMLPKJIGGFBJ28CC,16,43.86,共有部分,鋼筋混凝土造,94年9月23日,十五層,
RPXOMLPKJIGGFBJ78CC,2,98.59,住家用,鋼筋混凝土造,109年2月21日,二十九層,
RPXOMLPKJIGGFBJ78CC,2,24.05,本共有部分之項目有停車空間、機房、消防機房、汙水機房、梯廳、梯間、排煙室、水箱、機械室、中繼機房、防空避難室兼停車空間、台電配電室、發電機房、安全梯、電信機房、社區中心、防災中心、前廊、門廊、污水處理室、特別安全梯、頂蓋型開放空間、社區游泳池等二十三項。,鋼筋混凝土造,109年2月21日,二十九層,
RPXOMLPKJIGGFBJ78CC,2,24.16,本共有部分之項目有梯廳、特別安全梯、排煙室、梯間、機械室、中繼機房、水箱等七項。,鋼筋混凝土造,109年2月21日,二十九層,
RPVOMLRKJIGGFBJ78CC,,173.64,住家用,加強磚造,,二層,
RPQOMLMKJIGGFBJ77CC,14,248.37,工業用,鋼筋混凝土造,96年6月7日,八層,
RPVOMLMKJIGGFBJ28CC,9,740.23,工業用,鋼筋混凝土造,102年3月18日,十層,
RPQPMLRKJIGGFBJ38CC,20,867.10,工業用,鋼筋混凝土造,90年6月12日,七層,
RPQPMLRKJIGGFBJ38CC,20,867.10,工業用,鋼筋混凝土造,90年6月12日,七層,
RPQPMLRKJIGGFBJ38CC,20,875.59,工業用,鋼筋混凝土造,90年6月12日,七層,
RPQPMLRKJIGGFBJ38CC,20,866.49,工業用,鋼筋混凝土造,90年6月12日,七層,
RPXOMLRKJIGGFBJ98CC,10,97.92,商業用,鋼筋混凝土造,100年12月22日,十三層,
RPXOMLRKJIGGFBJ98CC,10,.27,梯間,鋼筋混凝土造,100年12月22日,十三層,
RPXOMLRKJIGGFBJ98CC,10,100.02,本共有部分之項目有防空避難室、停車空間、頂蓋型開放空間、戶外安全梯、及梯廳、管理員室、垃圾儲藏室、梯間、水箱等九項,鋼筋混凝土造,100年12月22日,十三層,
RPUPMLRKJIGGFBJ78CC,24,180.96,住家用,鋼筋混凝土造,86年10月8日,三層,
RPTPMLSKJIGGFBJ78CC,13,55.78,住家用,鋼筋混凝土造,97年6月27日,十四層,
RPTPMLSKJIGGFBJ78CC,13,12.87,共用部分,鋼筋混凝土造,97年6月27日,十四層,
RPTPMLSKJIGGFBJ78CC,13,11.28,共用部分,鋼筋混凝土造,97年6月27日,14,
RPXNMLSKJIGGFDJ56CC,,97.20,住家用,加強磚造,,二層,
RPOQMLRKJIGGFBJ28CC,29,27.37,商業用,鋼筋混凝土造,81年7月31日,八層,
RPOQMLRKJIGGFBJ28CC,29,10.05,共用部分,鋼筋混凝土造,81年7月31日,八層,
RPOQMLRKJIGGFBJ28CC,29,2.38,共用部分,鋼筋混凝土造,81年7月31日,八層,
RPWOMLRKJIGGFBJ88CC,20,672.69,工業用,鋼筋混凝土造,90年6月12日,七層,
RPXOMLTKJIGGFBJ56CC,6,124.07,住家用,鋼筋混凝土造,105年1月14日,九層,
RPXOMLTKJIGGFBJ56CC,6,113.14,本共有部分之項目有車道、防空避難室兼停車空間、梯間、安全梯、消防機房、電信室、梯廳、發電機室、水箱間、台電配電室、機房、樓梯間、停車空間等十三項,鋼筋混凝土造,105年1月14日,九層,
RPUQMLSKJIGGFBJ98CC,13,109.69,住家用,鋼筋混凝土造,97年8月25日,十四層,
RPUQMLSKJIGGFBJ98CC,13,21.33,共用部分,鋼筋混凝土造,97年8月25日,十四層,
RPUQMLSKJIGGFBJ98CC,13,20.61,共用部分,鋼筋混凝土造,97年8月25日,十四層,
RPXNMLTKJIGGFDJ66CC,29,95.25,住家用,鋼筋混凝土造,81年9月2日,五層,
RPXNMLTKJIGGFDJ66CC,29,13.10,梯間,鋼筋混凝土造,81年9月2日,五層,
RPQNMLMLJIGGFBJ77CC,15,61.97,住家用,鋼筋混凝土造,95年5月19日,十二層,
RPQNMLMLJIGGFBJ77CC,15,23.04,共用部分,鋼筋混凝土造,95年5月19日,十二層,
RPSPMLOLJIGGFBJ38CC,12,64.86,商業用,鋼筋混凝土造,98年9月21日,十層,
RPWPMLOLJIGGFBJ78CC,14,211.78,工業用,鋼筋混凝土造,96年6月7日,八層,
RPRNMLLLJIGGFCJ87CC,,86.70,住家用,鋼筋混凝土造,,見使用執照,
RPSPMLRKJIGGFBJ58CC,9,103.36,住商用,鋼筋混凝土造,101年10月12日,二層,
RPSPMLRKJIGGFBJ58CC,9,95.66,本共有部分之項目有：防空避難室兼停車空間、梯間、蓄水池、消防泵浦室、開放空間、管理空間、垃圾處理室等七項,鋼筋混凝土造,101年10月12日,十五層,
RPXPMLOLJIGGFBJ88CC,14,213.62,工業用,鋼筋混凝土造,96年6月7日,八層,
RPRPMLQLJIGGFDJ68CC,,124.55,住家用,加強磚造,,二層,
RPQQMLOLJIGGFBJ28CC,1,282.08,工廠,鋼筋混凝土造,109年8月26日,十一層,
RPXOMLMLJIGGFBJ68DC,7,545.48,前廊、店舖、辦公室,鋼筋混凝土造,103年9月24日,二十三層,
RPOQMLOLJIGGFBJ08CC,5,367.30,工業用,鋼筋混凝土造,105年12月1日,十層,
RPOQMLOLJIGGFBJ08CC,5,340.26,工業用,鋼筋混凝土造,105年12月1日,十層,
RPOQMLOLJIGGFBJ08CC,5,340.26,工業用,鋼筋混凝土造,105年12月1日,十層,
RPOQMLOLJIGGFBJ08CC,5,340.26,工業用,鋼筋混凝土造,105年12月1日,十層,
RPOQMLOLJIGGFBJ08CC,9,443.68,工業用,鋼筋混凝土造,102年3月18日,十層,
RPVPMLNLJIGGFBJ58CC,16,103.07,住家用,鋼筋混凝土造,94年9月23日,十五層,
RPQPMLKMJIGGFCJ97CC,28,75.77,住家用,鋼筋混凝土造,82年10月16日,八層,
RPQPMLKMJIGGFCJ97CC,28,11.34,共有部分,鋼筋混凝土造,82年10月16日,八層,
RPQPMLKMJIGGFCJ97CC,28,13.45,共有部分,鋼筋混凝土造,82年10月16日,八層,
RPOOMLMJKIGGFCJ67CC,1,64.10,集合住宅,鋼筋混凝土造,110年1月28日,十三層,
RPOOMLMJKIGGFCJ67CC,1,65.38,共有部分主要用途項目有：停車空間、開放空間、公共服務空間、梯間、機房、水箱等６項,鋼筋混凝土造,110年1月28日,十三層,
RPPOMLMJKIGGFCJ77CC,1,87.60,集合住宅,鋼筋混凝土造,110年1月28日,十三層,
RPPOMLMJKIGGFCJ77CC,1,78.78,共有部分主要用途項目有：停車空間、開放空間、公共服務空間、梯間、機房、水箱等６項,鋼筋混凝土造,110年1月28日,十三層,
RPQPMLQLJIGGFBJ38CC,10,93.26,住家用,鋼筋混凝土造,100年7月7日,十五層,
RPQPMLQLJIGGFBJ38CC,10,50.41,本共有部分之項目有開放空間、社區中心、梯間、防空避難室、停車空間、車道、冷藏室、前廊等八項。,鋼筋混凝土造,100年7月7日,十五層,
RPQPMLQLJIGGFBJ38CC,10,22.90,本共有部分之項目有梯間等一項。,鋼筋混凝土造,100年7月7日,十五層,
RPQOMLQLJIGGFDJ48CC,29,95.97,住家用,鋼筋混凝土造,81年9月2日,五層,
RPQPMLMJKIGGFBJ87CC,14,53.78,商業用,鋼筋混凝土造,96年5月28日,二十三層,
RPQPMLMJKIGGFBJ87CC,14,20.83,共用部分,鋼筋混凝土造,96年5月28日,二十三層,
RPQPMLMJKIGGFBJ87CC,14,12.04,共用部分,鋼筋混凝土造,96年5月28日,二十三層,
RPXPNLPLJIGGFDJ66CC,28,79.89,住家用,鋼筋混凝土造,82年11月3日,七層,
RPXPNLPLJIGGFDJ66CC,28,12.22,共有部分,鋼筋混凝土造,82年11月3日,七層,
RPXPNLPLJIGGFDJ66CC,28,12.09,共有部分,鋼筋混凝土造,82年11月3日,七層,
RPUPMLMJKIGGFBJ28CC,5,61.21,住家用,鋼筋混凝土造,105年11月1日,二十三層,
RPUPMLMJKIGGFBJ28CC,5,40.04,本共有部分之項目有停車空間、防空避難室兼停車空間等二項。,鋼筋混凝土造,105年11月1日,二十三層,
RPUPMLMJKIGGFBJ28CC,5,21.10,本共有部分之項目有店舖、管委會使用空間、沿街步道式、廣場式（有頂蓋）開放空間、梯間、機械式、水箱等七項。,鋼筋混凝土造,105年11月1日,二十三層,
RPWNMLNJKIGGFBJ38CC,25,54.25,住家用,鋼筋混凝土造,85年8月21日,九層,
RPWNMLNJKIGGFBJ38CC,25,37.02,共用部分,鋼筋混凝土造,85年8月21日,十層,
RPWNMLNJKIGGFBJ38CC,25,8.01,共用部分,鋼筋混凝土造,85年8月21日,九層,
RPSPMLMJKIGGFBJ08CC,14,28.27,商業用,鋼筋混凝土造,96年12月4日,十一層,
RPSPMLMJKIGGFBJ08CC,14,4.65,共用部分,鋼筋混凝土造,96年12月4日,十三層,
RPSPMLMJKIGGFBJ08CC,14,8.57,共用部分,鋼筋混凝土造,96年12月4日,十三層,
RPXNMLNJKIGGFBJ48CC,14,210.18,工業用,鋼筋混凝土造,96年6月7日,八層,
RPROMLNJKIGGFBJ97CC,3,69.09,商業用,鋼筋混凝土造,108年3月20日,十四層,
RPROMLNJKIGGFBJ97CC,3,69.45,本共有部分之項目有停車空間、水箱、消防機房、梯廳、汙雨水機房、排煙室、緊急發電機室、防空避難室兼停車空間、台電配電室、電信室、開放空間、資源回收室、管理委員會空間、公共服務空間、管委會使用空間、樓梯間、水錶室、昇降機機房等１８項。,鋼筋混凝土造,108年3月20日,十四層,
RPQOMLNJKIGGFBJ87CC,5,366.30,工業用,鋼筋混凝土造,105年12月1日,十層,
RPQOMLNJKIGGFBJ87CC,5,366.30,工業用,鋼筋混凝土造,105年12月1日,十層,
RPQOMLNJKIGGFBJ87CC,5,409.51,工業用,鋼筋混凝土造,105年12月1日,十層,
RPSPMLNJKIGGFBJ18CC,16,178.65,商業用,鋼筋混凝土造,95年4月21日,十三層,
RPSPMLNJKIGGFBJ18CC,16,81.98,共用部分,鋼筋混凝土造,95年4月21日,十三層,
RPVRMLMJKIGGFBJ58CC,16,119.18,住家用,鋼筋混凝土造,94年10月28日,十層,
RPVRMLMJKIGGFBJ58CC,16,37.75,共用部分,鋼筋混凝土造,94年10月28日,十層,
RPUPMLNJKIGGFBJ38CC,9,158.37,住家用,鋼筋混凝土造,101年8月24日,二十三層,
RPUPMLNJKIGGFBJ38CC,9,67.29,本共有部份之項目有停車空間、污水設備室、電信設備室、消防機械室、台電受電室、開放空間資源回收室、梯間、機械室、水箱等九項,鋼筋混凝土造,101年8月24日,二十三層,
RPPOMLNJKIGGFBJ77CC,12,979.32,一般服務業,鋼筋混凝土造,99年3月5日,十四層,
RPPOMLNJKIGGFBJ77CC,12,1084.53,一般服務業,鋼筋混凝土造,99年3月5日,十四層,
RPVPMLNJKIGGFBJ48CC,14,111.88,商業用,鋼筋混凝土造,96年5月28日,二十三層,
RPVPMLNJKIGGFBJ48CC,14,43.56,共用部分,鋼筋混凝土造,96年5月28日,二十三層,
RPVPMLNJKIGGFBJ48CC,14,21.68,共用部分,鋼筋混凝土造,96年5月28日,二十三層,
RPVPMLNJKIGGFDJ68CC,,38.52,住家用,加強磚造,,三層,
RPTNMLNJKIGGFCJ18CC,28,85.62,住家用,鋼筋混凝土造,82年7月29日,十二層,
RPTNMLNJKIGGFCJ18CC,28,13.81,共有部分,鋼筋混凝土造,82年7月29日,十二層,
RPTNMLNJKIGGFCJ18CC,28,11.35,共有部分,鋼筋混凝土造,82年7月29日,十二層,
RPSNMLNJKIGGFCJ08CC,23,200.70,住家用,鋼筋混凝土造,88年1月18日,四層,
RPRNMLPJKIGGFBJ08CC,13,34.84,商業用,鋼筋混凝土造,97年9月15日,十六層,
RPRNMLPJKIGGFBJ08CC,13,38.24,共用部分,鋼筋混凝土造,97年9月15日,十六層,
RPRNMLPJKIGGFBJ08CC,13,2.13,共用部分,鋼筋混凝土造,97年9月15日,十六層,
RPRNMLPJKIGGFBJ08CC,13,11.08,共用部分,鋼筋混凝土造,97年9月15日,十六層,
RPRNMLPJKIGGFBJ08CC,13,.06,商業用,鋼筋混凝土造,97年9月15日,十六層,
RPSPMLSJKIGGFBJ68CC,20,87.59,住家用,鋼筋混凝土造,90年9月3日,十層,
RPSPMLSJKIGGFBJ68CC,20,14.63,共用部分,鋼筋混凝土造,90年9月3日,十層,
RPSPMLSJKIGGFBJ68CC,20,11.07,共用部分,鋼筋混凝土造,90年9月3日,十層,
RPTPMLSJKIGGFBJ78CC,12,1148.24,一般服務業,鋼筋混凝土造,99年3月5日,十四層,
RPUPMLSJKIGGFBJ88CC,9,286.61,工業用,鋼筋混凝土造,102年3月18日,十層,
RPUPMLSJKIGGFBJ88CC,9,269.41,工業用,鋼筋混凝土造,102年3月18日,十層,
RPUPMLSJKIGGFBJ88CC,9,342.40,工業用,鋼筋混凝土造,102年3月18日,十層,
RPUPMLSJKIGGFBJ88CC,9,269.52,工業用,鋼筋混凝土造,102年3月18日,十層,
RPUPMLSJKIGGFBJ88CC,9,341.19,工業用,鋼筋混凝土造,102年3月18日,十層,
RPQNMLPJKIGGFBJ97CC,1,63.12,集合住宅,鋼筋混凝土造,109年12月25日,二十四層,
RPQNMLPJKIGGFBJ97CC,1,59.50,本共有部分之項目有停車空間、防空避難室兼停車空間、管委會空間、防災中心、梯間、機房、水箱等七項。,鋼筋混凝土造,109年12月25日,二十四層,
RPWNMLTJKIGGFCJ09CC,25,28.64,住家用,鋼筋混凝土造,85年12月24日,十一層,
RPWNMLTJKIGGFCJ09CC,25,6.38,共用部分,鋼筋混凝土造,85年12月24日,十二層,
RPWNMLTJKIGGFCJ09CC,25,1.06,共用部分,鋼筋混凝土造,85年12月24日,十二層,
RPWNMLTJKIGGFCJ09CC,25,1.32,共用部分,鋼筋混凝土造,85年12月24日,十二層,
RPWNMLTJKIGGFCJ09CC,25,2.60,共用部分,鋼筋混凝土造,85年12月24日,十二層,
RPXOMLTJKIGGFBJ56CC,1,47.57,集合住宅,鋼筋混凝土造,109年12月26日,二十四層,
RPXOMLTJKIGGFBJ56CC,1,25.80,集合住宅,鋼筋混凝土造,109年12月26日,二十四層,
RPUTNLKKKIGGFDJ88CC,4,52.84,集合住宅,鋼筋混凝土造,107年1月26日,五層,
RPUTNLKKKIGGFDJ88CC,4,3.03,停車空間,鋼筋混凝土造,107年1月26日,五層,
RPUTNLKKKIGGFDJ88CC,4,14.05,本共有部分之項目有梯間、機械室等２項,鋼筋混凝土造,107年1月26日,五層,
RPVNMLQJKIGGFBJ58CC,3,52.27,住商用,鋼筋混凝土造,108年3月11日,十五層,
RPVNMLQJKIGGFBJ58CC,3,62.88,本共有部分之項目有停車空間、消防機房、污水機房、水箱、排煙室、緊急發電機室、設備室、防空避難室兼停車空間、汽機車停車空間、台電配電室、受電室、電表室、沿街開放空間、垃圾室、管理室、公共服務空間、梯廳、汽機車車道、管委會使用空間、樓梯間、水錶箱室、升降機機房等二十二項。,鋼筋混凝土造,108年3月11日,十五層,
RPPPMLNKKIGGFCJ08CC,,80.06,住家用,鋼筋混凝土造,,五層,
RPQPMLNKKIGGFBJ08CC,20,170.56,住家用,鋼筋混凝土造,91年2月5日,三層,
RPUOMLNKKIGGFBJ38CC,13,84.49,住家用,鋼筋混凝土造,97年6月27日,14,
RPUOMLNKKIGGFBJ38CC,13,19.67,共用部分,鋼筋混凝土造,97年6月27日,十四層,
RPUOMLNKKIGGFBJ38CC,13,17.08,共用部分,鋼筋混凝土造,97年6月27日,14,
RPSOMLSJKIGGFCJ68CC,28,11.20,住家用,鋼筋混凝土造,82年10月16日,八層,
RPSOMLSJKIGGFCJ68CC,23,37.36,停車場避難室等公共設施,鋼筋混凝土造,87年9月29日,十二層,
RPSOMLSJKIGGFCJ68CC,23,89.63,住家用,鋼筋混凝土造,87年9月29日,十一層,
RPUOMLOKKIGGFBJ48CC,29,106.24,住家用,鋼筋混凝土造,82年5月1日,七層,
RPUOMLOKKIGGFBJ48CC,29,13.14,共用部分,鋼筋混凝土造,82年5月1日,七層,
RPPQMLOKKIGGFBJ18CC,3,81.17,住家用,鋼筋混凝土造,107年10月26日,十五層,
RPUNMLOKKIGGFCJ48CC,24,69.70,住家用,鋼筋混凝土造,86年9月15日,五層,
RPUNMLOKKIGGFCJ48CC,24,12.60,共用部分,鋼筋混凝土造,86年9月15日,五層,
RPUNMLOKKIGGFCJ48CC,24,12.74,共用部分,鋼筋混凝土造,86年9月15日,五層,
RPSNMLRKKIGGFBJ48CC,3,103.56,商業用,鋼筋混凝土造,107年11月14日,二十一層,
RPSNMLRKKIGGFBJ48CC,3,78.16,本共有部分之項目有防空避難室兼停車空間、停車空間、防災中心、辦公室、公共服務空間、集中式垃圾貯存空間、開放空間、樓電梯間、樓梯間、機房、水箱等十一項。,鋼筋混凝土造,107年11月14日,二十一層,
RPSPMLOKKIGGFDJ58CC,29,70.76,住家用,鋼筋混凝土造,81年10月13日,五層,
RPSPMLOKKIGGFDJ58CC,29,7.97,共用部分,鋼筋混凝土造,81年11月21日,五層,
RPXOMLRKKIGGFBJ09CC,16,87.88,住家用,鋼筋混凝土造,94年10月4日,十五層,
RPXOMLRKKIGGFBJ09CC,16,39.16,共有部分,鋼筋混凝土造,94年10月4日,十五層,
RPXOMLRKKIGGFBJ09CC,16,11.55,共有部分,鋼筋混凝土造,94年10月4日,十五層,
RPQPMLKLKIGGFBJ87CC,18,25.11,住家用,鋼筋混凝土造,93年3月9日,十層,
RPQPMLKLKIGGFBJ87CC,18,16.54,共有部分,鋼筋混凝土造,93年3月9日,十層,
RPQPMLKLKIGGFBJ87CC,18,6.99,共有部分,鋼筋混凝土造,93年3月9日,十層,
RPUNMLRKKIGGFCJ78CC,,104.77,住家用,加強磚造,,二層,
RPXNMLLLKIGGFDJ68CC,27,113.72,住家用,鋼筋混凝土造,83年8月22日,十一層,
RPXNMLLLKIGGFDJ68CC,27,22.69,共用部分,鋼筋混凝土造,83年8月22日,十一層,
RPXNMLLLKIGGFDJ68CC,27,15.58,共用部分,鋼筋混凝土造,83年8月22日,十一層,
RPRPMLKLKIGGFBJ97CC,9,157.89,住家用,鋼筋混凝土造,101年10月4日,十九層,
RPRPMLKLKIGGFBJ97CC,9,123.04,本共有部分之項目有停車空間、梯間、機械室、水箱等四項,鋼筋混凝土造,101年10月4日,十九層,
RPUOMLMLKIGGFCJ48CC,6,94.38,辦公室,鋼筋混凝土造,104年7月13日,十四層,
RPUOMLMLKIGGFCJ48CC,6,22.05,共用部分,鋼筋混凝土造,104年7月13日,十四層,
RPUOMLMLKIGGFCJ48CC,6,20.74,共用部分,鋼筋混凝土造,104年7月13日,十四層,
RPSOMLOLKIGGFBJ38CC,9,689.02,工業用,鋼筋混凝土造,102年3月18日,十層,
RPUPMLOLKIGGFCJ78CC,25,57.77,住家用,鋼筋混凝土造,85年12月24日,十一層,
RPUPMLOLKIGGFCJ78CC,25,9.68,共有部分,鋼筋混凝土造,85年12月24日,十二層,
RPUPMLOLKIGGFCJ78CC,25,2.75,共有部分,鋼筋混凝土造,85年12月24日,十二層,
RPUPMLOLKIGGFCJ78CC,25,3.44,共有部分,鋼筋混凝土造,85年12月24日,十二層,
RPUPMLOLKIGGFCJ78CC,25,7.18,共有部分,鋼筋混凝土造,85年12月24日,十一層,
RPVOMLOLKIGGFBJ68CC,7,358.58,工業用,鋼筋混凝土造,104年1月9日,十層,
RPVOMLOLKIGGFBJ68CC,7,358.58,工業用,鋼筋混凝土造,104年1月9日,十層,
RPOQMLOKKIGGFBJ08CC,10,117.97,住家用,鋼筋混凝土造,100年11月28日,十九層,
RPOQMLOKKIGGFBJ08CC,10,28.47,本共有部分之項目有樓梯間、水箱、機房等３項,鋼筋混凝土造,100年11月28日,十九層,
RPOQMLOKKIGGFBJ08CC,10,80.34,本共有部份之項目有防空避難室兼停車空間、樓梯間、水箱、機房、停車空間及供公眾停車空間、管理員室、頂蓋型廣場式開放空間、健身娛樂室等８項,鋼筋混凝土造,100年11月28日,十九層,
RPQNMLPLKIGGFBJ18CC,11,141.26,商業用,鋼筋混凝土造,99年11月3日,十層,
RPQNMLPLKIGGFBJ18CC,11,87.30,本共有部分之項目有防空避難室、停車空間、樓梯間、機械室、門廊、梯廳、管理員室等七項,鋼筋混凝土造,99年11月3日,十層,
RPXOMLOLKIGGFBJ88CC,30,126.74,住家用,鋼筋混凝土造,80年7月24日,二層,
RPSNMLRLKIGGFBJ58CC,16,77.04,住家用,鋼筋混凝土造,94年9月23日,十五層,
RPSNMLRLKIGGFBJ58CC,16,10.20,共有部分,鋼筋混凝土造,94年9月23日,十五層,
RPSNMLRLKIGGFBJ58CC,16,15.32,共有部分,鋼筋混凝土造,94年9月23日,十五層,
RPQOMLSLKIGGFBJ58CC,21,949.22,工業用,鋼筋混凝土造,90年6月12日,六層,
RPROMLPKKIGGFCJ38CC,29,78.96,住家用,鋼筋混凝土造,82年1月6日,六層,
RPROMLPKKIGGFCJ38CC,29,25.50,共用部分,鋼筋混凝土造,82年1月6日,六層,
RPTOMLRKKIGGFBJ68CC,8,113.78,住家用,鋼筋混凝土造,102年8月2日,十四層,
RPTOMLRKKIGGFBJ68CC,8,80.80,本共有部分之項目有防空避難室兼停車空間、有頂蓋式開放空間、梯間、水箱、機械室等五項。,鋼筋混凝土造,102年8月2日,十四層,
RPWNMLKMKIGGFBJ38CC,9,36.41,住家用,鋼筋混凝土造,101年9月24日,二十五層,
RPWNMLKMKIGGFBJ38CC,9,3.12,住家用,鋼筋混凝土造,101年9月24日,二十五層,
RPWNMLKMKIGGFBJ38CC,9,1.00,住家用,鋼筋混凝土造,101年9月24日,二十五層,
RPWNMLKMKIGGFBJ38CC,9,31.27,本共有部份之項目有防空避難室兼停車空間、管理員室等二項,鋼筋混凝土造,101年9月24日,二十五層,
RPWNMLKMKIGGFBJ38CC,9,8.94,本共有部份之項目有樓梯間、機電設備空間、水箱、機械室等四項,鋼筋混凝土造,101年9月24日,二十五層,
RPPOMLMLKIGGFDJ08CC,27,72.99,住家用,鋼筋混凝土造,84年3月13日,九層,
RPPOMLMLKIGGFDJ08CC,27,12.48,共用部分,鋼筋混凝土造,84年3月13日,九層,
RPPOMLMLKIGGFDJ08CC,27,33.76,停車空間,鋼筋混凝土造,84年3月13日,九層,
RPVPMLOLKIGGFDJ98CC,6,74.71,集合住宅,鋼筋混凝土造,104年9月4日,五層,
RPVPMLOLKIGGFDJ98CC,6,12.75,梯間,鋼筋混凝土造,104年9月4日,五層,
RPUOMLOLKIGGFBJ58CC,9,581.86,工業用,鋼筋混凝土造,102年3月18日,十層,
RPTPMLKMKIGGFDJ48CC,9,69.97,集合住宅,鋼筋混凝土造,102年6月10日,五層,
RPTPMLKMKIGGFDJ48CC,9,9.84,本共有部分之項目有樓梯間、電梯機房及水塔等三項,鋼筋混凝土造,102年6月10日,五層,
RPSPMLSLKIGGFBJ88CC,11,126.61,商業用,鋼筋混凝土造,99年11月3日,十層,
RPUOMLTLKIGGFBJ09CC,9,111.12,住家用,鋼筋混凝土造,101年9月24日,二十五層,
RPUOMLTLKIGGFBJ09CC,9,97.45,本共有部份之項目有防空避難室兼停車空間、管理員室等二項,鋼筋混凝土造,101年9月24日,二十五層,
RPUOMLTLKIGGFBJ09CC,9,24.44,本共有部份之項目有樓梯間、機電設備空間、水箱、機械室等四項,鋼筋混凝土造,101年9月24日,二十五層,
RPPSMLKMKIGGFDJ38CC,4,68.16,集合住宅,鋼筋混凝土造,107年5月24日,七層,
RPUNMLKMKIGGFBJ18CC,30,24.07,商業用,鋼筋混凝土造,81年1月27日,九層,
RPUNMLKMKIGGFBJ18CC,30,7.09,共有部分,鋼筋混凝土造,81年1月27日,九層,
RPPSMLKMKIGGFDJ38CC,4,11.05,本共有部分之項目有集合住宅（附屬樓梯間、機械室、水箱）。,鋼筋混凝土造,107年5月24日,七層,
RPPSMLKMKIGGFDJ38CC,4,16.81,本共有部分之項目有：集合住宅（附屬防空避難室兼停車空間、附屬停車空間）、集合住宅（附屬管委會空間、警衛室）。,鋼筋混凝土造,107年5月24日,十層,
RPPOMLKMKIGGFBJ77CC,11,66.96,住家用,鋼筋混凝土造,99年12月14日,十五層,
RPPOMLKMKIGGFBJ77CC,11,13.59,本共有部分之項目有防空避難室、停車空間、垃圾處理室、管理空間、廣場式開放空間、蓄水池、消防泵浦室等七項,鋼筋混凝土造,99年12月14日,十五層,
RPPOMLKMKIGGFBJ77CC,11,16.31,本共有部分之項目有梯間等一項,鋼筋混凝土造,99年12月14日,十五層,
RPSOMLQKKIGGFBJ48CC,11,158.28,住商用,鋼筋混凝土造,99年11月18日,四層,
RPSOMLQKKIGGFBJ48CC,11,158.28,住商用,鋼筋混凝土造,99年11月18日,四層,
RPSOMLQKKIGGFBJ48CC,11,158.28,住商用,鋼筋混凝土造,99年11月18日,四層,
RPSOMLQKKIGGFBJ48CC,11,158.28,住商用,鋼筋混凝土造,99年11月18日,四層,
RPSOMLQKKIGGFBJ48CC,11,6.61,住商用,鋼筋混凝土造,99年11月18日,四層,
RPSOMLQKKIGGFBJ48CC,11,50.03,住商用,鋼筋混凝土造,99年11月18日,四層,
RPSOMLQKKIGGFBJ48CC,11,29.82,住商用,鋼筋混凝土造,99年11月18日,四層,
RPROMLSLKIGGFBJ68CC,9,341.19,工業用,鋼筋混凝土造,102年3月18日,十層,
RPROMLSLKIGGFBJ68CC,9,292.33,工業用,鋼筋混凝土造,102年3月18日,十層,
RPROMLSLKIGGFBJ68CC,9,269.52,工業用,鋼筋混凝土造,102年3月18日,十層,
RPROMLSLKIGGFBJ68CC,9,341.19,工業用,鋼筋混凝土造,102年3月18日,十層,
RPWOMLNJJHHGFBJ38CC,10,26.67,住商用,鋼筋混凝土造,101年1月4日,五層,
RPUOMLPJJHHGFBJ38CC,18,133.24,住家用,鋼筋混凝土造,93年5月17日,二十一層,
RPUOMLPJJHHGFBJ38CC,18,29.64,共有部分,鋼筋混凝土造,93年5月17日,二十一層,
RPUOMLPJJHHGFBJ38CC,18,10.11,共有部分,鋼筋混凝土造,93年5月17日,二十一層,
RPRPMLSLKIGGFBJ78CC,11,147.78,住家用,鋼筋混凝土造,100年2月25日,十五層,
RPRPMLSLKIGGFBJ78CC,11,31.80,本共有部分之項目有停車空間、防空避難室、公共服務空間、垃圾處理場、車道、廣場式有頂蓋開放空間等六項。,鋼筋混凝土造,100年2月25日,十五層,
RPRPMLSLKIGGFBJ78CC,11,28.62,本共有部分之項目有梯間、水箱等二項。,鋼筋混凝土造,100年2月25日,十五層,
RPOPMLQJJHHGFBJ97CC,16,113.53,住家用,鋼筋混凝土造,94年10月4日,十五層,
RPOPMLQJJHHGFBJ97CC,16,42.42,共有部分,鋼筋混凝土造,94年10月4日,十五層,
RPOPMLQJJHHGFBJ97CC,16,18.16,共有部分,鋼筋混凝土造,94年10月4日,十五層,
RPSOMLRJJHHGFBJ38CC,16,139.83,商業用,鋼筋混凝土造,94年11月14日,十五層,
RPSOMLRJJHHGFBJ38CC,16,89.29,共有部分,鋼筋混凝土造,94年11月14日,十五層,
RPSOMLRJJHHGFBJ38CC,16,29.45,共有部分,鋼筋混凝土造,94年11月14日,十五層,
RPROMLKMKIGGFBJ97CC,26,96.17,住家用,鋼筋混凝土造,85年4月1日,九層,
RPROMLKMKIGGFBJ97CC,26,26.15,共有部分,鋼筋混凝土造,85年4月1日,九層,
RPWOMLRJJHHGFBJ78CC,9,192.86,住家用,鋼筋混凝土造,101年8月24日,二十三層,
RPWOMLRJJHHGFBJ78CC,9,119.62,本共有部份之項目有停車空間、污水設備室、電信設備室、消防機械室、台電受電室、開放空間資源回收室、梯間、機械室、水箱等九項,鋼筋混凝土造,101年8月24日,二十三層,
RPRQMLKMKIGGFDJ38CC,6,84.32,集合住宅,鋼筋混凝土造,104年10月10日,七層,
RPRQMLKMKIGGFDJ38CC,6,17.40,停車空間、防空避難室兼停車空間、管委會空間、雨遮,鋼筋混凝土造,104年10月10日,七層,
RPRQMLKMKIGGFDJ38CC,6,17.91,樓梯間、機械室、水箱,鋼筋混凝土造,104年10月10日,七層,
RPQSMLKMKIGGFDJ48CC,1,51.92,集合住宅,鋼筋混凝土造,110年6月30日,七層,
RPQSMLKMKIGGFDJ48CC,1,26.46,共有部分,鋼筋混凝土造,110年6月30日,七層,
RPUQMLRJJHHGFBJ78CC,28,50.14,商業用,鋼筋混凝土造,83年4月21日,地下二層,
RPUQMLRJJHHGFBJ78CC,28,14.43,共有部分,鋼筋混凝土造,83年4月21日,地下一層,
RPXOMLLKJHHGFBJ38CC,,28.02,住家用,鋼筋混凝土造,,五層,
RPXOMLLKJHHGFBJ38CC,,8.59,共有部分,鋼筋混凝土造,,五層,
RPTNMLMKJHHGFBJ97CC,15,248.65,工業用,鋼筋混凝土造,96年6月7日,八層,
RPUNMLMKJHHGFBJ08CC,15,211.78,工業用,鋼筋混凝土造,96年6月7日,八層,
RPOOMLMKJHHGFBJ57CC,10,50.01,住家用,鋼筋混凝土造,100年7月7日,十五層,
RPOOMLMKJHHGFBJ57CC,10,43.16,本共有部分之項目有開放空間、社區中心、梯間、防空避難室、停車空間、車道、冷藏室、前廊等八項。,鋼筋混凝土造,100年7月7日,十五層,
RPOOMLMKJHHGFBJ57CC,10,12.72,本共有部分之項目有梯間等一項,鋼筋混凝土造,100年7月7日,十五層,
RPQOMLKMKIGGFCJ97CC,25,27.77,住家用,鋼筋混凝土造,85年12月24日,十一層,
RPQOMLKMKIGGFCJ97CC,25,6.16,共有部分,鋼筋混凝土造,85年12月24日,十二層,
RPQOMLKMKIGGFCJ97CC,25,1.08,共有部分,鋼筋混凝土造,85年12月24日,十二層,
RPQOMLKMKIGGFCJ97CC,25,1.35,共有部分,鋼筋混凝土造,85年12月24日,十二層,
RPQOMLKMKIGGFCJ97CC,25,2.15,共有部分,鋼筋混凝土造,85年12月24日,十一層,
RPUNMLOJJHHGFBJ18CC,8,174.95,住家用,鋼筋混凝土造,102年6月24日,十九層,
RPUNMLOJJHHGFBJ18CC,8,142.49,本共有部分之項目有停車空間，防空避難室，管理員室，開放空間，樓梯間，機械室，水箱等七項。,鋼筋混凝土造,102年6月24日,十九層,
RPVOMLQJJHHGFBJ58CC,11,106.12,住家用,鋼筋混凝土造,100年5月12日,十三層,
RPVOMLQJJHHGFBJ58CC,11,74.44,本共有部分之項目有防空避難室、停車空間、排煙室、梯間等四項,鋼筋混凝土造,100年5月12日,十三層,
RPXOMLQJJHHGFBJ78CC,14,30.30,商業用,鋼筋混凝土造,97年3月21日,十三層,
RPXOMLQJJHHGFBJ78CC,14,2.77,共有部分,鋼筋混凝土造,97年3月21日,十四層,
RPXOMLQJJHHGFBJ78CC,14,10.73,共有部分,鋼筋混凝土造,97年3月21日,十三層,
RPQOMLOKJHHGFCJ08CC,14,91.94,住家用,鋼筋混凝土造,96年12月24日,十二層,
RPQOMLOKJHHGFCJ08CC,14,13.22,共有部分,鋼筋混凝土造,96年12月24日,十二層,
RPQOMLOKJHHGFCJ08CC,14,22.11,共有部分,鋼筋混凝土造,96年12月24日,十二層,
RPRNMLSKJHHGFBJ48DC,17,119.54,住家用,鋼筋混凝土造,93年8月27日,四層,
RPROMLQJJHHGFDJ38CC,6,60.41,集合住宅,鋼筋混凝土造,104年8月30日,七層,
RPROMLQJJHHGFDJ38CC,6,10.80,樓梯間、機械室、水箱,鋼筋混凝土造,104年8月30日,七層,
RPROMLQJJHHGFDJ38CC,6,7.06,防空避難室兼停車空間,鋼筋混凝土造,104年8月30日,七層,
RPVOMLRJJHHGFBJ68CC,14,109.12,商業用,鋼筋混凝土造,97年3月21日,十四層,
RPVOMLRJJHHGFBJ68CC,14,11.73,共有部分,鋼筋混凝土造,97年3月21日,十四層,
RPVOMLRJJHHGFBJ68CC,14,24.68,共有部分,鋼筋混凝土造,97年3月21日,十四層,
RPXOMLTKJHHGFBJ56CC,8,176.62,住家用,鋼筋混凝土造,102年11月10日,二十層,
RPXOMLTKJHHGFBJ56CC,8,38.55,本共有部分之項目有樓梯間、機械室、水箱等３項,鋼筋混凝土造,102年11月10日,二十層,
RPXOMLTKJHHGFBJ56CC,8,4.89,本共有部分之項目有機車停車位等一項。,鋼筋混凝土造,102年11月10日,二十層,
RPXOMLTKJHHGFBJ56CC,8,41.10,本共有部分之項目有管理員室、開放空間、管委會使用空間等３項,鋼筋混凝土造,102年11月10日,二十層,
RPXOMLTKJHHGFBJ56CC,8,77.11,本共有部分之項目有防空避難室兼停車空間，機械室，水箱等三項,鋼筋混凝土造,102年11月10日,二十層,
RPWPMLTKJHHGFBJ56CC,14,207.30,商業用,鋼筋混凝土造,97年2月1日,十九層,
RPWPMLTKJHHGFBJ56CC,14,17.33,共有部分,鋼筋混凝土造,97年2月1日,十九層,
RPWPMLTKJHHGFBJ56CC,14,28.78,共有部分,鋼筋混凝土造,97年2月1日,十九層,
RPVPMLTKJHHGFBJ09CC,17,41.34,商業用,鋼筋混凝土造,93年9月21日,十二層,
RPVPMLTKJHHGFBJ09CC,17,19.39,共有部分,鋼筋混凝土造,93年9月21日,十二層,
RPPOMLKKJHHGFBJ47CC,18,40.00,住家用,鋼筋混凝土造,93年3月3日,五層,
RPTOMLKLJHHGFDJ18CC,,115.50,住家用,加強磚造,,二層,
RPROMLKLJHHGFCJ87CC,25,65.79,住家用,鋼筋混凝土造,85年12月24日,十二層,
RPROMLKLJHHGFCJ87CC,25,10.90,共有部分,鋼筋混凝土造,85年12月24日,十二層,
RPROMLKLJHHGFCJ87CC,25,21.83,共有部分,鋼筋混凝土造,85年12月24日,十二層,
RPROMLKLJHHGFCJ87CC,25,5.40,共有部分,鋼筋混凝土造,85年12月24日,十二層,
RPROMLKLJHHGFCJ87CC,25,5.29,共有部分,鋼筋混凝土造,85年12月24日,十二層,
RPSPMLKLJHHGFCJ08CC,,80.06,住家用,鋼筋混凝土造,,五層,
RPROMLOKJHHGFBJ08CC,18,25.45,住家用,鋼筋混凝土造,93年3月9日,十層,
RPROMLOKJHHGFBJ08CC,18,3.47,共有部分,鋼筋混凝土造,93年3月9日,十層,
RPROMLOKJHHGFBJ08CC,18,7.08,共有部分,鋼筋混凝土造,93年3月9日,十層,
RPVNMLTKJHHGFCJ98CC,24,176.68,住家用,鋼筋混凝土造,86年10月20日,四層,
RPWOMLQJJHHGFBJ68CC,17,30.30,商業用,鋼筋混凝土造,93年9月21日,十二層,
RPWOMLQJJHHGFBJ68CC,17,14.20,共有部分,鋼筋混凝土造,93年9月21日,十二層,
RPWNMLTKJHHGFDJ56CC,28,69.63,住家用,鋼筋混凝土造,82年11月19日,五層,
RPWNMLTKJHHGFDJ56CC,28,12.51,電梯．樓梯間,鋼筋混凝土造,82年11月19日,五層,
RPQPMLRKJHHGFBJ38CC,10,86.10,住家用,鋼筋混凝土造,101年5月1日,五層,
RPQPMLRKJHHGFBJ38CC,10,16.15,本共有部分之項目有樓梯間、水箱等二項。,鋼筋混凝土造,101年5月1日,五層,
RPQPMLRKJHHGFBJ38CC,10,41.51,本共有部分之項目有停車空間等一項。,鋼筋混凝土造,101年5月1日,五層,
RPOSMLLLJHHGFBJ97CC,15,209.90,工業用,鋼筋混凝土造,96年6月7日,八層,
RPOSMLLLJHHGFBJ97CC,15,211.74,工業用,鋼筋混凝土造,96年6月7日,八層,
RPOSMLLLJHHGFBJ97CC,15,248.37,工業用,鋼筋混凝土造,96年6月7日,八層,
RPQSMLLLJHHGFBJ18CC,15,296.20,工業用,鋼筋混凝土造,96年6月7日,八層,
RPTPMLTKJHHGFBJ88CC,1,198.03,店舖,鋼筋混凝土造,110年5月20日,二十層,
RPTPMLTKJHHGFBJ88CC,1,110.51,本共有部分之項目有停車空間、消防中繼水箱、消防機房、排煙室、電梯、樓梯間、機房、水箱、防空避難室兼停車空間、發電機房、防災中心、電信室、台電配電室、電錶室、警衛室、汽車車道、資源回收室、梯廳、公共服務空間（交誼廳、會議室、信箱區、宅配室、健身房）、管委會使用空間、昇降機房、消防水箱等二十二項。,鋼筋混凝土造,110年5月20日,二十層,
RPQOMLKLJHHGFBJ67CC,14,33.84,商業用,鋼筋混凝土造,97年3月21日,十三層,
RPQOMLKLJHHGFBJ67CC,14,2.93,共有部分,鋼筋混凝土造,97年3月21日,十四層,
RPQOMLKLJHHGFBJ67CC,14,10.63,共有部分,鋼筋混凝土造,97年3月21日,十三層,
RPVPMLOLJHHGFBJ68CC,16,1201.28,工業用,鋼骨鋼筋混凝土造,94年12月27日,二層,
RPSNMLOLJHHGFDJ38CC,44,105.20,住家用,加強磚造,67年7月12日,二層,
RPQPMLPLJHHGFCJ38CC,28,73.16,住家用,鋼筋混凝土造,83年4月1日,六層,
RPQPMLPLJHHGFCJ38CC,28,26.42,共有部分,鋼筋混凝土造,83年4月1日,六層,
RPQPMLPLJHHGFCJ38CC,28,12.22,共有部分,鋼筋混凝土造,83年4月1日,六層,
RPRQMLPLJHHGFBJ48CC,1,50.40,集合住宅,鋼筋混凝土造,110年3月24日,十四層,
RPRQMLPLJHHGFBJ48CC,1,24.81,本共有部分之項目有停車空間、排煙室、樓梯間、水箱、揚水泵機房、雨污水機房、消防機械室、防空避難室兼停車空間、台電配電室、電信室、人行道、垃圾儲存空間、發電機室、車道、梯廳、管委會使用空間、外廊、電梯機房等十八項。,鋼筋混凝土造,110年3月24日,十四層,
RPSQMLPLJHHGFBJ58CC,11,98.58,住家用,鋼筋混凝土造,100年3月11日,十層,
RPSQMLPLJHHGFBJ58CC,11,12.89,本共有部分之項目有梯間、機械室、水箱等三項,鋼筋混凝土造,100年3月11日,十層,
RPSQMLPLJHHGFBJ58CC,11,44.80,本共有部分之項目有停車空間、防空避難室等二項,鋼筋混凝土造,100年3月11日,十層,
RPSQMLPLJHHGFBJ58CC,11,.30,管委會,鋼筋混凝土造,100年3月11日,十層,
RPXNMLRLJHHGFBJ98CC,23,170.67,住家用,鋼筋混凝土造,87年8月19日,四層,
RPXNMLRLJHHGFBJ98CC,23,1.57,共有部分,鋼筋混凝土造,87年8月19日,地下層,
RPPOMLRLJHHGFBJ28CC,16,80.41,住家用,鋼筋混凝土造,95年5月24日,十層,
RPPOMLRLJHHGFBJ28CC,16,44.50,共有部分,鋼筋混凝土造,95年5月24日,十層,
RPPOMLRLJHHGFBJ28CC,16,12.36,共有部分,鋼筋混凝土造,95年5月24日,十層,
RPPNMLOJKHHGFBJ77CC,1,49.04,集合住宅,鋼筋混凝土造,109年12月26日,二十四層,
RPPNMLOJKHHGFBJ77CC,1,57.06,本共有部分之項目有停車空間、排煙室、水箱室、消防機械室、梯間、地下室進排氣機房、雨汙水機房、安全梯、防空避難室兼停車空間、台電配電室、電錶室、發電機房、防災中心、管委會使用空間、車道、梯廳、特別安全梯、機械室、機房、電梯機房、消防中繼機房等二十一項。,鋼筋混凝土造,109年12月26日,二十四層,
RPSOMLKLJHHGFBJ87CC,10,99.67,住家用,鋼筋混凝土造,100年10月13日,十一層,
RPSOMLKLJHHGFBJ87CC,10,16.56,本共有部分之項目有樓梯間、機房、水箱等三項,鋼筋混凝土造,100年10月13日,十一層,
RPSOMLKLJHHGFBJ87CC,10,21.91,本共有部分之項目有防空避難室、停車空間、開放空間、車道、垃圾回收室等五項,鋼筋混凝土造,100年10月13日,十一層,
RPSOMLKLJHHGFBJ87CC,10,2.79,管理員室,鋼筋混凝土造,100年10月13日,十一層,
RPSOMLKLJHHGFBJ87CC,10,.05,本共有部分之項目有樓梯間、機房、水箱等三項,鋼筋混凝土造,100年10月13日,十一層,
RPVPMLSJKHHGFBJ98CC,,295.92,辦公室,鋼筋混凝土造,110年8月23日,十一層,
RPVPMLSJKHHGFBJ98CC,,243.28,辦公室,鋼筋混凝土造,110年8月23日,十一層,
RPVPMLSJKHHGFBJ98CC,,243.12,辦公室,鋼筋混凝土造,110年8月23日,十一層,
RPVPMLSJKHHGFBJ98CC,,240.84,辦公室,鋼筋混凝土造,110年8月23日,十一層,
RPVPMLSJKHHGFBJ98CC,,591.04,辦公室,鋼筋混凝土造,110年8月23日,十一層,
RPVPMLSJKHHGFBJ98CC,,359.48,辦公室,鋼筋混凝土造,110年8月23日,十一層,
RPUOMLKKKHHGFBJ08CC,20,91.47,住家用,鋼筋混凝土造,90年9月3日,十層,
RPUOMLKKKHHGFBJ08CC,20,12.54,共有部分,鋼筋混凝土造,90年9月3日,十層,
RPUOMLKKKHHGFBJ08CC,20,11.52,共有部分,鋼筋混凝土造,90年9月3日,十層,
RPTNMLOLJHHGFBJ28CC,9,206.68,住家用,鋼筋混凝土造,101年11月2日,十七層,
RPTNMLOLJHHGFBJ28CC,9,172.29,本共有部分之項目有防空避難室兼停車空間、公共服務性空間、管委會使用空間、梯間、機械室、水箱等六項,鋼筋混凝土造,101年11月2日,十七層,
RPPSMLLLJHHGFBJ08CC,21,949.22,工業用,鋼筋混凝土造,90年6月12日,六層,
RPQQMLPLJHHGFBJ38CC,4,142.54,店舖、辦公室,鋼筋混凝土造,106年10月20日,十五層,
RPQQMLPLJHHGFBJ38CC,4,14.49,本共有部分之項目有外廊、公共服務空間、排煙室、緊急昇降機、樓梯間、管委會使用空間、水錶室、機房、水箱等九項。,鋼筋混凝土造,106年10月20日,十五層,
RPQQMLPLJHHGFBJ38CC,4,64.35,本共有部分之項目有停車空間、水箱、揚水泵機房、消防機房、雨污水機房、機房、電信機房、防空避難室兼停車空間、台電配電室、緊急發電機室、景觀機房、緊急昇降機、排煙室、樓梯間等十四項。,鋼筋混凝土造,106年10月20日,十五層,
RPROMLRLJHHGFBJ48CC,28,148.28,住家用,鋼筋混凝土造,83年6月22日,十層,
RPROMLRLJHHGFBJ48CC,28,15.62,共有部分,鋼筋混凝土造,83年6月22日,十層,
RPQNMLRJKHHGFDJ38CC,8,197.51,住宅（附屬停車空間、樓梯間）店鋪,鋼筋混凝土造,102年7月30日,四層,
RPRPMLSJKHHGFBJ58CC,,295.92,辦公室,鋼筋混凝土造,110年8月23日,十一層,
RPRPMLSJKHHGFBJ58CC,,243.28,辦公室,鋼筋混凝土造,110年8月23日,十一層,
RPRPMLSJKHHGFBJ58CC,,243.12,辦公室,鋼筋混凝土造,110年8月23日,十一層,
RPRPMLSJKHHGFBJ58CC,,240.84,辦公室,鋼筋混凝土造,110年8月23日,十一層,
RPRPMLSJKHHGFBJ58CC,,591.04,辦公室,鋼筋混凝土造,110年8月23日,十一層,
RPRPMLSJKHHGFBJ58CC,,359.48,辦公室,鋼筋混凝土造,110年8月23日,十一層,
RPWNMLOLJHHGFCJ68CC,14,82.49,住家用,鋼筋混凝土造,96年12月24日,十二層,
RPWNMLOLJHHGFCJ68CC,14,13.13,共有部分,鋼筋混凝土造,96年12月24日,十二層,
RPWNMLOLJHHGFCJ68CC,14,34.86,共有部分,鋼筋混凝土造,96年12月24日,十二層,
RPTOMLTJKHHGFDJ98CC,40,86.22,住家用,加強磚造,70年12月28日,三層,
RPVNMLKKKHHGFCJ18CC,7,101.86,店舖,鋼筋混凝土造,103年10月2日,十三層,
RPVNMLKKKHHGFCJ18CC,7,10.44,本共有部分之項目有停車空間，台電配電室，電信機房，污水機房，發電機房，消防機房等六項,鋼筋混凝土造,103年10月2日,十三層,
RPVNMLKKKHHGFCJ18CC,7,17.18,本共有部分之項目有樓梯間，機械室，水箱，水錶箱室，門廳，管理委員會空間，資源回收室，開放空間等八項,鋼筋混凝土造,103年10月2日,十三層,
RPPPMLKKKHHGFBJ67CC,3,52.17,住家用,鋼筋混凝土造,107年10月26日,十五層,
RPPPMLKKKHHGFBJ67CC,3,20.18,本共有部分之項目有公共服務空間、頂蓋型沿街步道、管委會空間、樓梯間、機房等五項。,鋼筋混凝土造,107年10月26日,十五層,
RPPPMLKKKHHGFBJ67CC,3,40.73,本共有部分之項目有停車空間、防空避難室兼停車空間等２項。,鋼筋混凝土造,107年10月26日,十五層,
