﻿編號,土地位置,土地移轉面積(平方公尺),使用分區或編定,權利人持分分母,權利人持分分子,移轉情形,地號
The serial number, land position,land shifting area square meter,the use zoning or compiles and checks,,,,land parcel
RPPNMLTKJIGGFCM58CB,双吉段,128.80,非都市：特定農業區 ; 非都市編定：甲種建築用地,1,1,全筆移轉,09430000
RPPNMLTKJIGGFCM58CB,双吉段,43.00,非都市：特定農業區 ; 非都市編定：甲種建築用地,17,1,持分移轉,09430018
RPPNMLTKJIGGFCM58CB,双吉段,61.22,非都市：特定農業區 ; 非都市編定：農牧用地,17,1,持分移轉,09440000
RPPNMLQLJIGGFCM48DB,梅林段,24.08,都市：住,100000,2483,持分移轉,06390000
RPSNMLRLJIGGFBM68CB,草屯段,22.50,都市：商,100000,512,持分移轉,07370001
RPPNMLMLJIGGFCM97CB,忠孝段,20.36,都市：住,100000,1276,持分移轉,01950000
RPWNMLLJKIGGFCM58DB,和平段,19.81,都市：商,100000,1206,持分移轉,02670000
RPRNMLMJKIGGFBM08DB,新富功段,4.13,都市：住,10000,187,持分移轉,00490020
RPRNMLMJKIGGFBM08DB,新富功段,4.64,都市：住,10000,187,持分移轉,00490001
RPQNMLRLJIGGFBM48CB,草屯段,22.50,都市：商,100000,512,持分移轉,07370001
RPSNMLMJKIGGFBM18DB,新富功段,14.59,都市：住,10000,843,持分移轉,00490021
RPQNMLQLJIGGFCM58DB,梅林段,24.88,都市：住,100000,2565,持分移轉,06390000
RPSNMLMJKIGGFBM18DB,新富功段,5.91,都市：住,10000,843,持分移轉,00490000
RPSNMLMJKIGGFBM18DB,新富功段,86.19,都市：住,1,1,全筆移轉,00490004
RPPNMLTLJIGGFCM78DB,梅林段,30.85,都市：住,100000,3181,持分移轉,06390000
RPTNMLMJKIGGFBM28DB,新富功段,5.19,都市：住,10000,235,持分移轉,00490020
RPTNMLMJKIGGFBM28DB,新富功段,5.83,都市：住,10000,235,持分移轉,00490001
RPQNMLMJKIGGFDM08CB,興產段,21.31,都市：住,100000,1464,持分移轉,01100000
RPSNMLMJKIGGFDM28CB,菩提段,69.00,都市：商,1,1,全筆移轉,01100025
RPSNMLMJKIGGFDM28CB,菩提段,25.88,都市：商,8,1,持分移轉,01100026
RPQNMLNJKIGGFBM97CB,新光段,16.02,非都市：鄉村區 ; 非都市編定：乙種建築用地,100000,1031,持分移轉,00290000
RPPNMLNJKIGGFBM87CB,新光段,16.02,非都市：鄉村區 ; 非都市編定：乙種建築用地,100000,1031,持分移轉,00290000
RPUNMLMJKIGGFBM38DB,新富功段,17.04,都市：住,10000,985,持分移轉,00490021
RPUNMLMJKIGGFBM38DB,新富功段,5.67,都市：住,10000,810,持分移轉,00490000
RPUNMLMJKIGGFBM38DB,新富功段,72.45,都市：住,1,1,全筆移轉,00490007
RPUNMLMJKIGGFBM38DB,新富功段,6.94,都市：住,1,1,全筆移轉,00490010
RPTNMLMJKIGGFDM38CB,菩提段,67.00,都市：商,1,1,全筆移轉,01100023
RPTNMLMJKIGGFDM38CB,菩提段,25.88,都市：商,8,1,持分移轉,01100026
RPPNMLNJKIGGFCM08DB,民生段,36.70,都市：農,100000,4943,持分移轉,04790030
RPQNMLNJKIGGFCM18DB,民生段,36.70,都市：農,100000,4943,持分移轉,04790030
RPQNMLQJKIGGFBM28CB,新光段,16.02,非都市：鄉村區 ; 非都市編定：乙種建築用地,100000,1031,持分移轉,00290000
RPPNMLQJKIGGFBM18CB,新光段,16.02,非都市：鄉村區 ; 非都市編定：乙種建築用地,100000,1031,持分移轉,00290000
RPSNMLQJKIGGFBM48CB,新光段,16.02,非都市：鄉村區 ; 非都市編定：乙種建築用地,100000,1031,持分移轉,00290000
RPUNMLQJKIGGFBM68CB,新光段,19.11,非都市：鄉村區 ; 非都市編定：乙種建築用地,100000,1230,持分移轉,00290000
RPWNMLQJKIGGFBM88CB,新光段,19.11,非都市：鄉村區 ; 非都市編定：乙種建築用地,100000,1230,持分移轉,00290000
RPOOMLQJKIGGFBM18CB,新光段,19.11,非都市：鄉村區 ; 非都市編定：乙種建築用地,100000,1230,持分移轉,00290000
RPRNMLQJKIGGFBM38CB,新光段,16.02,非都市：鄉村區 ; 非都市編定：乙種建築用地,100000,1031,持分移轉,00290000
RPQOMLQJKIGGFBM38CB,新光段,16.02,非都市：鄉村區 ; 非都市編定：乙種建築用地,100000,1031,持分移轉,00290000
RPSOMLQJKIGGFBM58CB,新光段,16.02,非都市：鄉村區 ; 非都市編定：乙種建築用地,100000,1031,持分移轉,00290000
RPUOMLQJKIGGFBM78CB,新光段,16.02,非都市：鄉村區 ; 非都市編定：乙種建築用地,100000,1031,持分移轉,00290000
RPVNMLQJKIGGFBM78CB,新光段,19.11,非都市：鄉村區 ; 非都市編定：乙種建築用地,100000,1230,持分移轉,00290000
RPXOMLQJKIGGFBM09CB,新光段,16.02,非都市：鄉村區 ; 非都市編定：乙種建築用地,100000,1031,持分移轉,00290000
RPPOMLQJKIGGFBM28CB,新光段,19.11,非都市：鄉村區 ; 非都市編定：乙種建築用地,100000,1230,持分移轉,00290000
RPPPMLQJKIGGFBM38CB,新光段,16.02,非都市：鄉村區 ; 非都市編定：乙種建築用地,100000,1031,持分移轉,00290000
RPROMLQJKIGGFBM48CB,新光段,16.02,非都市：鄉村區 ; 非都市編定：乙種建築用地,100000,1031,持分移轉,00290000
RPQPMLQJKIGGFBM48CB,新光段,16.02,非都市：鄉村區 ; 非都市編定：乙種建築用地,100000,1031,持分移轉,00290000
RPTOMLQJKIGGFBM68CB,新光段,16.02,非都市：鄉村區 ; 非都市編定：乙種建築用地,100000,1031,持分移轉,00290000
RPVOMLQJKIGGFBM88CB,新光段,16.02,非都市：鄉村區 ; 非都市編定：乙種建築用地,100000,1031,持分移轉,00290000
RPSPMLQJKIGGFBM68CB,新光段,16.02,非都市：鄉村區 ; 非都市編定：乙種建築用地,100000,1031,持分移轉,00290000
RPWOMLQJKIGGFBM98CB,新光段,16.02,非都市：鄉村區 ; 非都市編定：乙種建築用地,100000,1031,持分移轉,00290000
RPUPMLQJKIGGFBM88CB,新光段,16.02,非都市：鄉村區 ; 非都市編定：乙種建築用地,100000,1031,持分移轉,00290000
RPRPMLQJKIGGFBM58CB,新光段,16.02,非都市：鄉村區 ; 非都市編定：乙種建築用地,100000,1031,持分移轉,00290000
RPVPMLQJKIGGFBM98CB,新光段,21.65,非都市：鄉村區 ; 非都市編定：乙種建築用地,100000,1393,持分移轉,00290000
RPOPMLQJKIGGFBM28CB,新光段,16.02,非都市：鄉村區 ; 非都市編定：乙種建築用地,100000,1031,持分移轉,00290000
RPPNMLRJKIGGFBM28CB,新光段,19.11,非都市：鄉村區 ; 非都市編定：乙種建築用地,100000,1230,持分移轉,00290000
RPQNMLRJKIGGFBM38CB,新光段,19.11,非都市：鄉村區 ; 非都市編定：乙種建築用地,100000,1230,持分移轉,00290000
RPSNMLRJKIGGFBM58CB,新光段,16.02,非都市：鄉村區 ; 非都市編定：乙種建築用地,100000,1031,持分移轉,00290000
RPTPMLQJKIGGFBM78CB,新光段,21.65,非都市：鄉村區 ; 非都市編定：乙種建築用地,100000,1393,持分移轉,00290000
RPUNMLRJKIGGFBM78CB,新光段,19.11,非都市：鄉村區 ; 非都市編定：乙種建築用地,100000,1230,持分移轉,00290000
RPWPMLQJKIGGFBM09CB,新光段,21.65,非都市：鄉村區 ; 非都市編定：乙種建築用地,100000,1393,持分移轉,00290000
RPPNMLSJKIGGFAM28CB,茄苳腳段,59.00,都市：住,1,1,全筆移轉,03890142
RPPNMLSJKIGGFAM28CB,茄苳腳段,20.41,都市：住,22,1,持分移轉,03890137
RPXPMLQJKIGGFBM56CB,新光段,21.65,非都市：鄉村區 ; 非都市編定：乙種建築用地,100000,1393,持分移轉,00290000
RPOQMLQJKIGGFBM38CB,新光段,16.02,非都市：鄉村區 ; 非都市編定：乙種建築用地,100000,1031,持分移轉,00290000
RPRNMLSJKIGGFAM48CB,茄苳腳段,50.00,都市：住,1,1,全筆移轉,03890144
RPRNMLSJKIGGFAM48CB,茄苳腳段,20.41,都市：住,22,1,持分移轉,03890137
RPRNMLRJKIGGFBM48CB,新光段,21.65,非都市：鄉村區 ; 非都市編定：乙種建築用地,100000,1393,持分移轉,00290000
RPSNMLSJKIGGFAM58CB,茄苳腳段,56.00,都市：住,1,1,全筆移轉,03890150
RPSNMLSJKIGGFAM58CB,茄苳腳段,20.41,都市：住,22,1,持分移轉,03890137
RPTNMLRJKIGGFBM68CB,新光段,16.02,非都市：鄉村區 ; 非都市編定：乙種建築用地,100000,1031,持分移轉,00290000
RPVNMLSJKIGGFAM88CB,茄苳腳段,50.00,都市：住,1,1,全筆移轉,03890134
RPVNMLSJKIGGFAM88CB,茄苳腳段,20.41,都市：住,22,1,持分移轉,03890137
RPWNMLSJKIGGFAM98CB,茄苳腳段,50.00,都市：住,1,1,全筆移轉,03890140
RPWNMLSJKIGGFAM98CB,茄苳腳段,20.41,都市：住,22,1,持分移轉,03890137
RPQNMLTJKIGGFAM48CB,茄苳腳段,70.00,都市：住,1,1,全筆移轉,03890131
RPQNMLSJKIGGFAM38CB,茄苳腳段,50.00,都市：住,1,1,全筆移轉,03890145
RPQNMLSJKIGGFAM38CB,茄苳腳段,20.41,都市：住,22,1,持分移轉,03890137
RPTNMLSJKIGGFAM68CB,茄苳腳段,55.00,都市：住,1,1,全筆移轉,03890154
RPTNMLSJKIGGFAM68CB,茄苳腳段,20.41,都市：住,22,1,持分移轉,03890137
RPRNMLTJKIGGFCM88DB,和平段,20.14,都市：商,100000,1226,持分移轉,02670000
RPUNMLSJKIGGFAM78CB,茄苳腳段,57.00,都市：住,1,1,全筆移轉,03890153
RPUNMLSJKIGGFAM78CB,茄苳腳段,20.41,都市：住,22,1,持分移轉,03890137
RPQNMLTJKIGGFCM68CB,忠良段,80.35,都市：住,1,1,全筆移轉,07200005
RPSNMLTJKIGGFCM88CB,忠良段,84.28,都市：住,1,1,全筆移轉,07200007
RPPNMLTJKIGGFAM38CB,茄苳腳段,75.00,都市：住,1,1,全筆移轉,03890004
RPRNMLTJKIGGFCM78CB,忠良段,80.35,都市：住,1,1,全筆移轉,07200006
RPPNMLKKKIGGFCM87DB,南光段,29.85,都市：住,100000,4951,持分移轉,05740000
RPRNMLTJKIGGFAM58CB,茄苳腳段,82.00,都市：住,1,1,全筆移轉,03890132
RPQNMLTJKIGGFCM78DB,和平段,20.04,都市：商,100000,1220,持分移轉,02670000
RPRNMLKKKIGGFCM08DB,南光段,31.55,都市：住,100000,5233,持分移轉,05740000
RPSNMLTJKIGGFCM98DB,和平段,25.75,都市：商,100000,1567,持分移轉,02670000
RPPNMLKKKIGGFBM67CB,新富功段,26.15,都市：住,100000,310,持分移轉,00650000
RPPNMLKKKIGGFBM67CB,新富功段,.57,都市：住,100000,310,持分移轉,01110000
RPQNMLKKKIGGFCM97DB,南光段,29.85,都市：住,100000,4951,持分移轉,05740000
RPTNMLKKKIGGFBM08CB,新富功段,28.77,都市：住,100000,341,持分移轉,00650000
RPTNMLKKKIGGFBM08CB,新富功段,.62,都市：住,100000,341,持分移轉,01110000
RPUNMLKKKIGGFBM18CB,草屯段,23.34,都市：商,100000,531,持分移轉,07370001
RPVNMLMKKIGGFBM48CB,新御史段,51.23,都市：住,1,1,全筆移轉,00540065
RPVNMLMKKIGGFBM48CB,新御史段,1.13,都市：住,100000,915,持分移轉,00540080
RPVNMLMKKIGGFBM48CB,新御史段,5.14,都市：住,100000,1531,持分移轉,00540076
RPVNMLMKKIGGFBM48CB,新御史段,5.08,都市：住,100000,1531,持分移轉,00540069
RPVNMLMKKIGGFBM48CB,新御史段,5.03,都市：住,100000,1531,持分移轉,00540062
RPVNMLMKKIGGFBM48CB,新御史段,.86,都市：住,100000,915,持分移轉,00540060
RPSOMLPKKIGGFAM48CB,牛運堀段,14.77,都市：住,100000,1079,持分移轉,02760000
RPSOMLPKKIGGFAM48CB,牛運堀段,1.86,都市：住,100000,1079,持分移轉,02760007
RPSOMLPKKIGGFAM48CB,牛運堀段,4.56,都市：住,100000,1079,持分移轉,02760008
RPSOMLPKKIGGFAM48CB,牛運堀段,7.97,都市：住,100000,1079,持分移轉,02760009
RPSOMLPKKIGGFAM48CB,牛運堀段,.04,都市：住,100000,1079,持分移轉,02770017
RPSOMLPKKIGGFAM48CB,牛運堀段,8.69,都市：住,100000,1079,持分移轉,02790000
RPRNMLKKKIGGFBM87CB,新富功段,39.90,都市：住,100000,473,持分移轉,00650000
RPRNMLKKKIGGFBM87CB,新富功段,.87,都市：住,100000,473,持分移轉,01110000
RPTOMLPKKIGGFAM58CB,牛運堀段,14.77,都市：住,100000,1079,持分移轉,02760000
RPTOMLPKKIGGFAM58CB,牛運堀段,1.86,都市：住,100000,1079,持分移轉,02760007
RPTOMLPKKIGGFAM58CB,牛運堀段,4.56,都市：住,100000,1079,持分移轉,02760008
RPTOMLPKKIGGFAM58CB,牛運堀段,7.97,都市：住,100000,1079,持分移轉,02760009
RPTOMLPKKIGGFAM58CB,牛運堀段,.04,都市：住,100000,1079,持分移轉,02770017
RPSNMLKKKIGGFBM97CB,新富功段,28.68,都市：住,100000,340,持分移轉,00650000
RPSNMLKKKIGGFBM97CB,新富功段,.62,都市：住,100000,340,持分移轉,01110000
RPTOMLPKKIGGFAM58CB,牛運堀段,8.69,都市：住,100000,1079,持分移轉,02790000
RPPNMLQKKIGGFAM18CB,牛運堀段,12.40,都市：住,100000,906,持分移轉,02760000
RPPNMLQKKIGGFAM18CB,牛運堀段,1.56,都市：住,100000,906,持分移轉,02760007
RPPNMLQKKIGGFAM18CB,牛運堀段,3.83,都市：住,100000,906,持分移轉,02760008
RPPNMLQKKIGGFAM18CB,牛運堀段,6.70,都市：住,100000,906,持分移轉,02760009
RPPNMLQKKIGGFAM18CB,牛運堀段,.04,都市：住,100000,906,持分移轉,02770017
RPPNMLQKKIGGFAM18CB,牛運堀段,7.29,都市：住,100000,906,持分移轉,02790000
RPQNMLKKKIGGFBM77CB,新富功段,28.77,都市：住,100000,341,持分移轉,00650000
RPQNMLKKKIGGFBM77CB,新富功段,.62,都市：住,100000,341,持分移轉,01110000
RPPNMLLKKIGGFBM77CB,新富功段,26.24,都市：住,100000,311,持分移轉,00650000
RPPNMLLKKIGGFBM77CB,新富功段,.57,都市：住,100000,311,持分移轉,01110000
RPQNMLQKKIGGFAM28CB,牛運堀段,12.59,都市：住,100000,920,持分移轉,02760000
RPQNMLQKKIGGFAM28CB,牛運堀段,1.58,都市：住,100000,920,持分移轉,02760007
RPQNMLQKKIGGFAM28CB,牛運堀段,3.89,都市：住,100000,920,持分移轉,02760008
RPQNMLQKKIGGFAM28CB,牛運堀段,6.80,都市：住,100000,920,持分移轉,02760009
RPQNMLQKKIGGFAM28CB,牛運堀段,.04,都市：住,100000,920,持分移轉,02770017
RPQNMLQKKIGGFAM28CB,牛運堀段,7.41,都市：住,100000,920,持分移轉,02790000
RPROMLPKKIGGFAM38CB,牛運堀段,12.40,都市：住,100000,906,持分移轉,02760000
RPROMLPKKIGGFAM38CB,牛運堀段,1.56,都市：住,100000,906,持分移轉,02760007
RPROMLPKKIGGFAM38CB,牛運堀段,3.83,都市：住,100000,906,持分移轉,02760008
RPROMLPKKIGGFAM38CB,牛運堀段,6.70,都市：住,100000,906,持分移轉,02760009
RPROMLPKKIGGFAM38CB,牛運堀段,.04,都市：住,100000,906,持分移轉,02770017
RPROMLPKKIGGFAM38CB,牛運堀段,7.29,都市：住,100000,906,持分移轉,02790000
RPTNMLQKKIGGFAM58CB,牛運堀段,15.13,都市：住,100000,1105,持分移轉,02760000
RPTNMLQKKIGGFAM58CB,牛運堀段,1.90,都市：住,100000,1105,持分移轉,02760007
RPTNMLQKKIGGFAM58CB,牛運堀段,4.67,都市：住,100000,1105,持分移轉,02760008
RPTNMLQKKIGGFAM58CB,牛運堀段,8.17,都市：住,100000,1105,持分移轉,02760009
RPTNMLQKKIGGFAM58CB,牛運堀段,.04,都市：住,100000,1105,持分移轉,02770017
RPTNMLQKKIGGFAM58CB,牛運堀段,8.90,都市：住,100000,1105,持分移轉,02790000
RPUNMLQKKIGGFAM68CB,牛運堀段,10.38,都市：住,100000,758,持分移轉,02760000
RPUNMLQKKIGGFAM68CB,牛運堀段,1.30,都市：住,100000,758,持分移轉,02760007
RPUNMLQKKIGGFAM68CB,牛運堀段,3.21,都市：住,100000,758,持分移轉,02760008
RPUNMLQKKIGGFAM68CB,牛運堀段,5.60,都市：住,100000,758,持分移轉,02760009
RPUNMLQKKIGGFAM68CB,牛運堀段,.03,都市：住,100000,758,持分移轉,02770017
RPUNMLQKKIGGFAM68CB,牛運堀段,6.10,都市：住,100000,758,持分移轉,02790000
RPWNMLQKKIGGFAM88CB,牛運堀段,12.59,都市：住,100000,920,持分移轉,02760000
RPWNMLQKKIGGFAM88CB,牛運堀段,1.58,都市：住,100000,920,持分移轉,02760007
RPWNMLQKKIGGFAM88CB,牛運堀段,3.89,都市：住,100000,920,持分移轉,02760008
RPWNMLQKKIGGFAM88CB,牛運堀段,6.80,都市：住,100000,920,持分移轉,02760009
RPWNMLQKKIGGFAM88CB,牛運堀段,.04,都市：住,100000,920,持分移轉,02770017
RPWNMLQKKIGGFAM88CB,牛運堀段,7.41,都市：住,100000,920,持分移轉,02790000
RPUOMLPKKIGGFAM68CB,牛運堀段,10.38,都市：住,100000,758,持分移轉,02760000
RPUOMLPKKIGGFAM68CB,牛運堀段,1.30,都市：住,100000,758,持分移轉,02760007
RPUOMLPKKIGGFAM68CB,牛運堀段,3.21,都市：住,100000,758,持分移轉,02760008
RPUOMLPKKIGGFAM68CB,牛運堀段,5.60,都市：住,100000,758,持分移轉,02760009
RPUOMLPKKIGGFAM68CB,牛運堀段,.03,都市：住,100000,758,持分移轉,02770017
RPUOMLPKKIGGFAM68CB,牛運堀段,6.10,都市：住,100000,758,持分移轉,02790000
RPRNMLRKKIGGFAM48CB,牛運堀段,10.38,都市：住,100000,758,持分移轉,02760000
RPRNMLRKKIGGFAM48CB,牛運堀段,1.30,都市：住,100000,758,持分移轉,02760007
RPRNMLQKKIGGFAM38CB,牛運堀段,12.40,都市：住,100000,906,持分移轉,02760000
RPRNMLRKKIGGFAM48CB,牛運堀段,3.21,都市：住,100000,758,持分移轉,02760008
RPRNMLQKKIGGFAM38CB,牛運堀段,1.56,都市：住,100000,906,持分移轉,02760007
RPRNMLRKKIGGFAM48CB,牛運堀段,5.60,都市：住,100000,758,持分移轉,02760009
RPRNMLQKKIGGFAM38CB,牛運堀段,3.83,都市：住,100000,906,持分移轉,02760008
RPRNMLRKKIGGFAM48CB,牛運堀段,.03,都市：住,100000,758,持分移轉,02770017
RPRNMLQKKIGGFAM38CB,牛運堀段,6.70,都市：住,100000,906,持分移轉,02760009
RPRNMLRKKIGGFAM48CB,牛運堀段,6.10,都市：住,100000,758,持分移轉,02790000
RPRNMLQKKIGGFAM38CB,牛運堀段,.04,都市：住,100000,906,持分移轉,02770017
RPRNMLQKKIGGFAM38CB,牛運堀段,7.29,都市：住,100000,906,持分移轉,02790000
RPPNMLRKKIGGFCM58DB,和平段,20.14,都市：商,100000,1226,持分移轉,02670000
RPQNMLRKKIGGFCM68DB,和平段,20.04,都市：商,100000,1220,持分移轉,02670000
RPSNMLQKKIGGFAM48CB,牛運堀段,12.40,都市：住,100000,906,持分移轉,02760000
RPSNMLQKKIGGFAM48CB,牛運堀段,1.56,都市：住,100000,906,持分移轉,02760007
RPSNMLQKKIGGFAM48CB,牛運堀段,3.83,都市：住,100000,906,持分移轉,02760008
RPSNMLQKKIGGFAM48CB,牛運堀段,6.70,都市：住,100000,906,持分移轉,02760009
RPSNMLQKKIGGFAM48CB,牛運堀段,.04,都市：住,100000,906,持分移轉,02770017
RPSNMLQKKIGGFAM48CB,牛運堀段,7.29,都市：住,100000,906,持分移轉,02790000
RPVNMLQKKIGGFAM78CB,牛運堀段,15.62,都市：住,100000,1141,持分移轉,02760000
RPVNMLQKKIGGFAM78CB,牛運堀段,1.96,都市：住,100000,1141,持分移轉,02760007
RPVNMLQKKIGGFAM78CB,牛運堀段,4.83,都市：住,100000,1141,持分移轉,02760008
RPVNMLQKKIGGFAM78CB,牛運堀段,8.43,都市：住,100000,1141,持分移轉,02760009
RPVNMLQKKIGGFAM78CB,牛運堀段,.05,都市：住,100000,1141,持分移轉,02770017
RPVNMLQKKIGGFAM78CB,牛運堀段,9.19,都市：住,100000,1141,持分移轉,02790000
RPPNMLRKKIGGFAM28CB,牛運堀段,9.97,都市：住,100000,728,持分移轉,02760000
RPPNMLRKKIGGFAM28CB,牛運堀段,1.25,都市：住,100000,728,持分移轉,02760007
RPPNMLRKKIGGFAM28CB,牛運堀段,3.08,都市：住,100000,728,持分移轉,02760008
RPPNMLRKKIGGFAM28CB,牛運堀段,5.38,都市：住,100000,728,持分移轉,02760009
RPPNMLRKKIGGFAM28CB,牛運堀段,.03,都市：住,100000,728,持分移轉,02770017
RPPNMLRKKIGGFAM28CB,牛運堀段,5.86,都市：住,100000,728,持分移轉,02790000
RPQNMLRKKIGGFAM38CB,牛運堀段,9.97,都市：住,100000,728,持分移轉,02760000
RPQNMLRKKIGGFAM38CB,牛運堀段,1.25,都市：住,100000,728,持分移轉,02760007
RPQNMLRKKIGGFAM38CB,牛運堀段,3.08,都市：住,100000,728,持分移轉,02760008
RPQNMLRKKIGGFAM38CB,牛運堀段,5.38,都市：住,100000,728,持分移轉,02760009
RPQNMLRKKIGGFAM38CB,牛運堀段,.03,都市：住,100000,728,持分移轉,02770017
RPQNMLRKKIGGFAM38CB,牛運堀段,5.86,都市：住,100000,728,持分移轉,02790000
RPQNMLKLKIGGFAM77CB,牛運堀段,12.40,都市：住,100000,906,持分移轉,02760000
RPQNMLKLKIGGFAM77CB,牛運堀段,1.56,都市：住,100000,906,持分移轉,02760007
RPQNMLKLKIGGFAM77CB,牛運堀段,3.83,都市：住,100000,906,持分移轉,02760008
RPQNMLKLKIGGFAM77CB,牛運堀段,6.70,都市：住,100000,906,持分移轉,02760009
RPQNMLKLKIGGFAM77CB,牛運堀段,.04,都市：住,100000,906,持分移轉,02770017
RPQNMLKLKIGGFAM77CB,牛運堀段,7.29,都市：住,100000,906,持分移轉,02790000
RPPNMLKLKIGGFAM67CB,牛運堀段,12.40,都市：住,100000,906,持分移轉,02760000
RPPNMLKLKIGGFAM67CB,牛運堀段,1.56,都市：住,100000,906,持分移轉,02760007
RPPNMLKLKIGGFAM67CB,牛運堀段,3.83,都市：住,100000,906,持分移轉,02760008
RPPNMLKLKIGGFAM67CB,牛運堀段,6.70,都市：住,100000,906,持分移轉,02760009
RPPNMLKLKIGGFAM67CB,牛運堀段,.04,都市：住,100000,906,持分移轉,02770017
RPPNMLKLKIGGFAM67CB,牛運堀段,7.29,都市：住,100000,906,持分移轉,02790000
RPQNMLKLKIGGFBM87CB,新御史段,63.74,都市：住,1,1,全筆移轉,00540058
RPQNMLKLKIGGFBM87CB,新御史段,1.41,都市：住,100000,1139,持分移轉,00540080
RPQNMLKLKIGGFBM87CB,新御史段,3.26,都市：住,100000,972,持分移轉,00540076
RPQNMLKLKIGGFBM87CB,新御史段,3.22,都市：住,100000,972,持分移轉,00540069
RPQNMLKLKIGGFBM87CB,新御史段,3.19,都市：住,100000,972,持分移轉,00540062
RPQNMLKLKIGGFBM87CB,新御史段,1.07,都市：住,100000,1139,持分移轉,00540060
RPRNMLKLKIGGFBM97CB,新御史段,95.40,都市：住,1,1,全筆移轉,00540057
RPRNMLKLKIGGFBM97CB,新御史段,2.11,都市：住,100000,1705,持分移轉,00540080
RPRNMLKLKIGGFBM97CB,新御史段,4.88,都市：住,100000,1454,持分移轉,00540076
RPRNMLKLKIGGFBM97CB,新御史段,4.82,都市：住,100000,1454,持分移轉,00540069
RPRNMLKLKIGGFBM97CB,新御史段,4.78,都市：住,100000,1454,持分移轉,00540062
RPRNMLKLKIGGFBM97CB,新御史段,1.61,都市：住,100000,1705,持分移轉,00540060
RPSNMLRKKIGGFAM58CB,牛運堀段,10.38,都市：住,100000,758,持分移轉,02760000
RPSNMLRKKIGGFAM58CB,牛運堀段,1.30,都市：住,100000,758,持分移轉,02760007
RPSNMLRKKIGGFAM58CB,牛運堀段,3.21,都市：住,100000,758,持分移轉,02760008
RPSNMLRKKIGGFAM58CB,牛運堀段,5.60,都市：住,100000,758,持分移轉,02760009
RPSNMLRKKIGGFAM58CB,牛運堀段,.03,都市：住,100000,758,持分移轉,02770017
RPSNMLRKKIGGFAM58CB,牛運堀段,6.10,都市：住,100000,758,持分移轉,02790000
RPTNMLLLKIGGFAM18CB,茄苳腳段,29.99,非都市：鄉村區 ; 非都市編定：乙種建築用地,100000,2293,持分移轉,02990010
RPUNMLLLKIGGFAM28CB,牛運堀段,12.59,都市：住,100000,920,持分移轉,02760000
RPUNMLLLKIGGFAM28CB,牛運堀段,1.58,都市：住,100000,920,持分移轉,02760007
RPUNMLLLKIGGFAM28CB,牛運堀段,3.89,都市：住,100000,920,持分移轉,02760008
RPUNMLLLKIGGFAM28CB,牛運堀段,6.80,都市：住,100000,920,持分移轉,02760009
RPUNMLLLKIGGFAM28CB,牛運堀段,.04,都市：住,100000,920,持分移轉,02770017
RPUNMLLLKIGGFAM28CB,牛運堀段,7.41,都市：住,100000,920,持分移轉,02790000
RPWNMLLLKIGGFAM48CB,牛運堀段,12.40,都市：住,100000,906,持分移轉,02760000
RPWNMLLLKIGGFAM48CB,牛運堀段,1.56,都市：住,100000,906,持分移轉,02760007
RPWNMLLLKIGGFAM48CB,牛運堀段,3.83,都市：住,100000,906,持分移轉,02760008
RPWNMLLLKIGGFAM48CB,牛運堀段,6.70,都市：住,100000,906,持分移轉,02760009
RPWNMLLLKIGGFAM48CB,牛運堀段,.04,都市：住,100000,906,持分移轉,02770017
RPWNMLLLKIGGFAM48CB,牛運堀段,7.29,都市：住,100000,906,持分移轉,02790000
RPPNMLKLKIGGFBM77CB,新御史段,63.74,都市：住,1,1,全筆移轉,00540059
RPPNMLKLKIGGFBM77CB,新御史段,1.41,都市：住,100000,1139,持分移轉,00540080
RPPNMLKLKIGGFBM77CB,新御史段,3.26,都市：住,100000,972,持分移轉,00540076
RPPNMLKLKIGGFBM77CB,新御史段,3.22,都市：住,100000,972,持分移轉,00540069
RPPNMLKLKIGGFBM77CB,新御史段,3.19,都市：住,100000,972,持分移轉,00540062
RPPNMLKLKIGGFBM77CB,新御史段,1.07,都市：住,100000,1139,持分移轉,00540060
RPPNMLLLKIGGFCM97CB,福興段,96.00,非都市：一般農業區 ; 非都市編定：甲種建築用地,1,1,全筆移轉,16090011
RPPNMLLLKIGGFCM97CB,福興段,17.46,非都市：一般農業區 ; 非都市編定：甲種建築用地,13,1,持分移轉,16090000
RPPNMLLLKIGGFAM77CB,牛運堀段,12.40,都市：住,100000,906,持分移轉,02760000
RPQNMLLLKIGGFAM97DB,牛運堀段,31.95,都市：住,100000,5726,持分移轉,05090000
RPPNMLLLKIGGFAM77CB,牛運堀段,1.56,都市：住,100000,906,持分移轉,02760007
RPPNMLLLKIGGFAM77CB,牛運堀段,3.83,都市：住,100000,906,持分移轉,02760008
RPQNMLLLKIGGFAM97DB,牛運堀段,57.00,都市：住,1,1,全筆移轉,05090004
RPPNMLLLKIGGFAM77CB,牛運堀段,6.70,都市：住,100000,906,持分移轉,02760009
RPPNMLLLKIGGFAM77CB,牛運堀段,.04,都市：住,100000,906,持分移轉,02770017
RPQNMLLLKIGGFAM97DB,牛運堀段,.46,都市：住,100000,5726,持分移轉,05090027
RPPNMLLLKIGGFAM77CB,牛運堀段,7.29,都市：住,100000,906,持分移轉,02790000
RPRNMLLLKIGGFAM97CB,牛運堀段,14.77,都市：住,100000,1079,持分移轉,02760000
RPRNMLLLKIGGFAM97CB,牛運堀段,1.86,都市：住,100000,1079,持分移轉,02760007
RPRNMLLLKIGGFAM97CB,牛運堀段,4.56,都市：住,100000,1079,持分移轉,02760008
RPRNMLLLKIGGFAM97CB,牛運堀段,7.97,都市：住,100000,1079,持分移轉,02760009
RPRNMLLLKIGGFAM97CB,牛運堀段,.04,都市：住,100000,1079,持分移轉,02770017
RPRNMLLLKIGGFAM97CB,牛運堀段,8.69,都市：住,100000,1079,持分移轉,02790000
RPSNMLLLKIGGFAM08CB,牛運堀段,12.40,都市：住,100000,906,持分移轉,02760000
RPSNMLLLKIGGFAM08CB,牛運堀段,1.56,都市：住,100000,906,持分移轉,02760007
RPSNMLLLKIGGFAM08CB,牛運堀段,3.83,都市：住,100000,906,持分移轉,02760008
RPSNMLLLKIGGFAM08CB,牛運堀段,6.70,都市：住,100000,906,持分移轉,02760009
RPSNMLLLKIGGFAM08CB,牛運堀段,.04,都市：住,100000,906,持分移轉,02770017
RPSNMLLLKIGGFAM08CB,牛運堀段,7.29,都市：住,100000,906,持分移轉,02790000
RPPNMLNLKIGGFBM08CB,玉峰段,29.62,都市：住,100000,883,持分移轉,01960000
RPVNMLLLKIGGFAM38CB,牛運堀段,15.13,都市：住,100000,1105,持分移轉,02760000
RPVNMLLLKIGGFAM38CB,牛運堀段,1.90,都市：住,100000,1105,持分移轉,02760007
RPVNMLLLKIGGFAM38CB,牛運堀段,4.67,都市：住,100000,1105,持分移轉,02760008
RPVNMLLLKIGGFAM38CB,牛運堀段,8.17,都市：住,100000,1105,持分移轉,02760009
RPVNMLLLKIGGFAM38CB,牛運堀段,.04,都市：住,100000,1105,持分移轉,02770017
RPVNMLLLKIGGFAM38CB,牛運堀段,8.90,都市：住,100000,1105,持分移轉,02790000
RPVNMLNLKIGGFBM68CB,新光段,19.11,非都市：鄉村區 ; 非都市編定：乙種建築用地,100000,1230,持分移轉,00290000
RPXNMLLLKIGGFAM58CB,茄苳腳段,24.63,非都市：鄉村區 ; 非都市編定：乙種建築用地,100000,1883,持分移轉,02990010
RPWNMLNLKIGGFBM78CB,新光段,19.11,非都市：鄉村區 ; 非都市編定：乙種建築用地,100000,1230,持分移轉,00290000
RPSNMLNLKIGGFBM38CB,新光段,19.11,非都市：鄉村區 ; 非都市編定：乙種建築用地,100000,1230,持分移轉,00290000
RPOOMLNLKIGGFBM08CB,新光段,16.02,非都市：鄉村區 ; 非都市編定：乙種建築用地,100000,1031,持分移轉,00290000
RPPNMLMLKIGGFAM87CB,牛運堀段,12.59,都市：住,100000,920,持分移轉,02760000
RPPNMLMLKIGGFAM87CB,牛運堀段,1.58,都市：住,100000,920,持分移轉,02760007
RPPNMLMLKIGGFAM87CB,牛運堀段,3.89,都市：住,100000,920,持分移轉,02760008
RPPNMLMLKIGGFAM87CB,牛運堀段,6.80,都市：住,100000,920,持分移轉,02760009
RPPNMLMLKIGGFAM87CB,牛運堀段,.04,都市：住,100000,920,持分移轉,02770017
RPPNMLMLKIGGFAM87CB,牛運堀段,7.41,都市：住,100000,920,持分移轉,02790000
RPQNMLOLKIGGFAM18CB,牛運堀段,12.59,都市：住,100000,920,持分移轉,02760000
RPQNMLOLKIGGFAM18CB,牛運堀段,1.58,都市：住,100000,920,持分移轉,02760007
RPQNMLOLKIGGFAM18CB,牛運堀段,3.89,都市：住,100000,920,持分移轉,02760008
RPQNMLOLKIGGFAM18CB,牛運堀段,6.80,都市：住,100000,920,持分移轉,02760009
RPQNMLOLKIGGFAM18CB,牛運堀段,.04,都市：住,100000,920,持分移轉,02770017
RPQNMLOLKIGGFAM18CB,牛運堀段,7.41,都市：住,100000,920,持分移轉,02790000
RPSNMLOLKIGGFAM38CB,牛運堀段,10.38,都市：住,100000,758,持分移轉,02760000
RPSNMLOLKIGGFAM38CB,牛運堀段,1.30,都市：住,100000,758,持分移轉,02760007
RPSNMLOLKIGGFAM38CB,牛運堀段,3.21,都市：住,100000,758,持分移轉,02760008
RPSNMLOLKIGGFAM38CB,牛運堀段,5.60,都市：住,100000,758,持分移轉,02760009
RPSNMLOLKIGGFAM38CB,牛運堀段,.03,都市：住,100000,758,持分移轉,02770017
RPSNMLOLKIGGFAM38CB,牛運堀段,6.10,都市：住,100000,758,持分移轉,02790000
RPTNMLOLKIGGFAM48CB,牛運堀段,9.97,都市：住,100000,728,持分移轉,02760000
RPTNMLOLKIGGFAM48CB,牛運堀段,1.25,都市：住,100000,728,持分移轉,02760007
RPTNMLOLKIGGFAM48CB,牛運堀段,3.08,都市：住,100000,728,持分移轉,02760008
RPTNMLOLKIGGFAM48CB,牛運堀段,5.38,都市：住,100000,728,持分移轉,02760009
RPTNMLOLKIGGFAM48CB,牛運堀段,.03,都市：住,100000,728,持分移轉,02770017
RPTNMLOLKIGGFAM48CB,牛運堀段,5.86,都市：住,100000,728,持分移轉,02790000
RPTNMLNLKIGGFBM48CB,新光段,19.11,非都市：鄉村區 ; 非都市編定：乙種建築用地,100000,1230,持分移轉,00290000
RPUNMLOLKIGGFAM58CB,牛運堀段,12.40,都市：住,100000,906,持分移轉,02760000
RPUNMLOLKIGGFAM58CB,牛運堀段,1.56,都市：住,100000,906,持分移轉,02760007
RPUNMLOLKIGGFAM58CB,牛運堀段,3.83,都市：住,100000,906,持分移轉,02760008
RPUNMLOLKIGGFAM58CB,牛運堀段,6.70,都市：住,100000,906,持分移轉,02760009
RPUNMLOLKIGGFAM58CB,牛運堀段,.04,都市：住,100000,906,持分移轉,02770017
RPUNMLOLKIGGFAM58CB,牛運堀段,7.29,都市：住,100000,906,持分移轉,02790000
RPUNMLNLKIGGFBM58CB,新光段,19.07,非都市：鄉村區 ; 非都市編定：乙種建築用地,100000,1227,持分移轉,00290000
RPVNMLOLKIGGFAM68CB,牛運堀段,12.59,都市：住,100000,920,持分移轉,02760000
RPVNMLOLKIGGFAM68CB,牛運堀段,1.58,都市：住,100000,920,持分移轉,02760007
RPVNMLOLKIGGFAM68CB,牛運堀段,3.89,都市：住,100000,920,持分移轉,02760008
RPVNMLOLKIGGFAM68CB,牛運堀段,6.80,都市：住,100000,920,持分移轉,02760009
RPVNMLOLKIGGFAM68CB,牛運堀段,.04,都市：住,100000,920,持分移轉,02770017
RPVNMLOLKIGGFAM68CB,牛運堀段,7.41,都市：住,100000,920,持分移轉,02790000
RPXNMLNLKIGGFBM88CB,新光段,21.65,非都市：鄉村區 ; 非都市編定：乙種建築用地,100000,1393,持分移轉,00290000
RPQNMLNLKIGGFAM18DB,牛運堀段,31.95,都市：住,100000,5726,持分移轉,05090000
RPQNMLPLKIGGFBM38CB,草屯段,22.24,都市：商,100000,506,持分移轉,07370001
RPQNMLNLKIGGFAM18DB,牛運堀段,60.00,都市：住,1,1,全筆移轉,05090018
RPQNMLNLKIGGFAM18DB,牛運堀段,19.00,都市：住,1,1,全筆移轉,05090025
RPQNMLNLKIGGFAM18DB,牛運堀段,.46,都市：住,100000,5726,持分移轉,05090027
RPPNMLOLKIGGFAM08CB,光復段,28.84,非都市：鄉村區 ; 非都市編定：乙種建築用地,10000,267,持分移轉,08040000
RPPNMLOLKIGGFAM08CB,光復段,1.36,非都市：鄉村區 ; 非都市編定：乙種建築用地,72,1,持分移轉,08040018
RPRNMLPLKIGGFBM48CB,草屯段,26.02,都市：商,100000,592,持分移轉,07370001
RPPNMLPLKIGGFBM28CB,草屯段,22.24,都市：商,100000,506,持分移轉,07370001
RPRNMLOLKIGGFAM28CB,牛運堀段,10.38,都市：住,100000,758,持分移轉,02760000
RPRNMLOLKIGGFAM28CB,牛運堀段,1.30,都市：住,100000,758,持分移轉,02760007
RPRNMLOLKIGGFAM28CB,牛運堀段,3.21,都市：住,100000,758,持分移轉,02760008
RPRNMLOLKIGGFAM28CB,牛運堀段,5.60,都市：住,100000,758,持分移轉,02760009
RPRNMLOLKIGGFAM28CB,牛運堀段,.03,都市：住,100000,758,持分移轉,02770017
RPRNMLOLKIGGFAM28CB,牛運堀段,6.10,都市：住,100000,758,持分移轉,02790000
RPSNMLPLKIGGFBM58CB,草屯段,22.50,都市：商,100000,512,持分移轉,07370001
RPTNMLPLKIGGFBM68CB,草屯段,22.50,都市：商,100000,512,持分移轉,07370001
RPXNMLPLKIGGFBM09CB,玉峰段,29.52,都市：住,100000,880,持分移轉,01960000
RPVNMLPLKIGGFBM88CB,玉峰段,29.52,都市：住,100000,880,持分移轉,01960000
RPPOMLPLKIGGFBM38CB,新富功段,38.47,都市：住,100000,456,持分移轉,00650000
RPPOMLPLKIGGFBM38CB,新富功段,.83,都市：住,100000,456,持分移轉,01110000
RPWNMLPLKIGGFBM98CB,玉峰段,19.69,都市：住,100000,587,持分移轉,01960000
RPOOMLPLKIGGFBM28CB,玉峰段,22.27,都市：住,100000,664,持分移轉,01960000
RPUNMLPLKIGGFBM78CB,草屯段,22.50,都市：商,100000,512,持分移轉,07370001
RPQOMLPLKIGGFBM48CB,新富功段,38.47,都市：住,100000,456,持分移轉,00650000
RPQOMLPLKIGGFBM48CB,新富功段,.83,都市：住,100000,456,持分移轉,01110000
RPPNMLRLKIGGFAM48DB,牛運堀段,31.95,都市：住,100000,5726,持分移轉,05090000
RPPNMLRLKIGGFAM48DB,牛運堀段,60.00,都市：住,1,1,全筆移轉,05090017
RPPNMLRLKIGGFAM48DB,牛運堀段,17.00,都市：住,1,1,全筆移轉,05090024
RPPNMLRLKIGGFAM48DB,牛運堀段,.46,都市：住,100000,5726,持分移轉,05090027
RPPNMLSLKIGGFDM78CB,菩提段,65.00,都市：商,1,1,全筆移轉,01100024
RPPNMLSLKIGGFDM78CB,菩提段,25.88,都市：商,8,1,持分移轉,01100026
RPPNMLTLKIGGFCM78CB,忠良段,139.90,都市：住,1,1,全筆移轉,07200008
RPPNMLMJJHHGFCM87DB,和平段,19.81,都市：商,100000,1206,持分移轉,02670000
RPQNMLRLKIGGFAM58DB,名水段,79.28,都市：住,1,1,全筆移轉,05010004
RPQNMLRLKIGGFAM58DB,名水段,3.58,都市：商,6,1,持分移轉,04980001
RPQNMLRLKIGGFAM58DB,名水段,25.21,都市：住,6,1,持分移轉,05010000
RPQNMLRLKIGGFAM58DB,名水段,4.45,都市：農,30,1,持分移轉,05510001
RPQNMLRLKIGGFAM58DB,名水段,.96,都市：住,6,1,持分移轉,05110000
RPQNMLRLKIGGFAM58DB,名水段,5.47,都市：住,6,1,持分移轉,05120000
RPQNMLRLKIGGFAM58DB,名水段,1.13,都市：農,30,4,持分移轉,05130000
RPQNMLRLKIGGFAM58DB,名水段,.78,都市：住,200,1,持分移轉,05140000
RPQNMLRLKIGGFAM58DB,名水段,.22,都市：商,200,1,持分移轉,05150000
RPQNMLRLKIGGFAM58DB,名水段,.63,都市：商,200,1,持分移轉,04850000
RPPNMLSLKIGGFAM48CB,茄苳腳段,53.00,都市：住,1,1,全筆移轉,04400017
RPPNMLSLKIGGFAM48CB,茄苳腳段,24.76,都市：住,29,1,持分移轉,04400000
RPQNMLMJJHHGFCM97DB,梅林段,24.08,都市：住,100000,2483,持分移轉,06390000
RPQNMLSLKIGGFAM58CB,茄苳腳段,50.00,都市：住,1,1,全筆移轉,03890147
RPPNMLNJJHHGFAM77DB,牛運堀段,31.95,都市：住,100000,5726,持分移轉,05090000
RPQNMLSLKIGGFAM58CB,茄苳腳段,20.41,都市：住,22,1,持分移轉,03890137
RPPNMLNJJHHGFAM77DB,牛運堀段,54.00,都市：住,1,1,全筆移轉,05090015
RPPNMLNJJHHGFAM77DB,牛運堀段,15.00,都市：住,1,1,全筆移轉,05090022
RPPNMLNJJHHGFAM77DB,牛運堀段,.46,都市：住,100000,5726,持分移轉,05090027
RPRNMLSLKIGGFAM68CB,茄苳腳段,57.00,都市：住,1,1,全筆移轉,03890148
RPRNMLSLKIGGFAM68CB,茄苳腳段,20.41,都市：住,22,1,持分移轉,03890137
RPPNMLOJJHHGFBM87CB,新光段,19.11,非都市：鄉村區 ; 非都市編定：乙種建築用地,100000,1230,持分移轉,00290000
RPQNMLOJJHHGFBM97CB,新光段,19.11,非都市：鄉村區 ; 非都市編定：乙種建築用地,100000,1230,持分移轉,00290000
RPPNMLNJJHHGFBM77CB,新光段,16.02,非都市：鄉村區 ; 非都市編定：乙種建築用地,100000,1031,持分移轉,00290000
RPQNMLOJJHHGFAM87CB,牛運堀段,12.40,都市：住,100000,906,持分移轉,02760000
RPQNMLOJJHHGFAM87CB,牛運堀段,1.56,都市：住,100000,906,持分移轉,02760007
RPQNMLOJJHHGFAM87CB,牛運堀段,3.83,都市：住,100000,906,持分移轉,02760008
RPQNMLOJJHHGFAM87CB,牛運堀段,6.70,都市：住,100000,906,持分移轉,02760009
RPQNMLOJJHHGFAM87CB,牛運堀段,.04,都市：住,100000,906,持分移轉,02770017
RPQNMLOJJHHGFAM87CB,牛運堀段,7.29,都市：住,100000,906,持分移轉,02790000
RPRNMLOJJHHGFAM97CB,牛運堀段,10.38,都市：住,100000,758,持分移轉,02760000
RPPNMLOJJHHGFAM77CB,牛運堀段,12.40,都市：住,100000,906,持分移轉,02760000
RPPNMLOJJHHGFAM77CB,牛運堀段,1.56,都市：住,100000,906,持分移轉,02760007
RPPNMLOJJHHGFAM77CB,牛運堀段,3.83,都市：住,100000,906,持分移轉,02760008
RPPNMLOJJHHGFAM77CB,牛運堀段,6.70,都市：住,100000,906,持分移轉,02760009
RPPNMLOJJHHGFAM77CB,牛運堀段,.04,都市：住,100000,906,持分移轉,02770017
RPRNMLOJJHHGFAM97CB,牛運堀段,1.30,都市：住,100000,758,持分移轉,02760007
RPPNMLOJJHHGFAM77CB,牛運堀段,7.29,都市：住,100000,906,持分移轉,02790000
RPRNMLOJJHHGFAM97CB,牛運堀段,3.21,都市：住,100000,758,持分移轉,02760008
RPRNMLOJJHHGFAM97CB,牛運堀段,5.60,都市：住,100000,758,持分移轉,02760009
RPRNMLOJJHHGFAM97CB,牛運堀段,.03,都市：住,100000,758,持分移轉,02770017
RPRNMLOJJHHGFAM97CB,牛運堀段,6.10,都市：住,100000,758,持分移轉,02790000
RPQNMLPJJHHGFBM08CB,新富功段,39.90,都市：住,100000,473,持分移轉,00650000
RPQNMLPJJHHGFBM08CB,新富功段,.87,都市：住,100000,473,持分移轉,01110000
RPSNMLOJJHHGFAM08CB,牛運堀段,10.38,都市：住,100000,758,持分移轉,02760000
RPSNMLOJJHHGFAM08CB,牛運堀段,1.30,都市：住,100000,758,持分移轉,02760007
RPSNMLOJJHHGFAM08CB,牛運堀段,3.21,都市：住,100000,758,持分移轉,02760008
RPSNMLOJJHHGFAM08CB,牛運堀段,5.60,都市：住,100000,758,持分移轉,02760009
RPSNMLOJJHHGFAM08CB,牛運堀段,.03,都市：住,100000,758,持分移轉,02770017
RPSNMLOJJHHGFAM08CB,牛運堀段,6.10,都市：住,100000,758,持分移轉,02790000
RPPNMLPJJHHGFBM97CB,中原段,26.09,非都市：鄉村區 ; 非都市編定：乙種建築用地,10000,132,持分移轉,09700000
RPPNMLPJJHHGFBM97CB,中原段,.77,非都市：鄉村區 ; 非都市編定：乙種建築用地,10000,132,持分移轉,09700002
RPPNMLPJJHHGFBM97CB,中原段,.77,非都市：鄉村區 ; 非都市編定：乙種建築用地,10000,132,持分移轉,09700003
RPPNMLPJJHHGFBM97CB,中原段,.94,非都市：鄉村區 ; 非都市編定：乙種建築用地,10000,132,持分移轉,09700004
RPPNMLPJJHHGFBM97CB,中原段,.95,非都市：鄉村區 ; 非都市編定：乙種建築用地,10000,132,持分移轉,09700005
RPPNMLPJJHHGFBM97CB,中原段,1.04,非都市：鄉村區 ; 非都市編定：乙種建築用地,10000,132,持分移轉,09700006
RPPNMLPJJHHGFBM97CB,中原段,1.14,非都市：鄉村區 ; 非都市編定：乙種建築用地,10000,132,持分移轉,09700007
RPRNMLPJJHHGFBM18CB,新富功段,28.77,都市：住,100000,341,持分移轉,00650000
RPRNMLPJJHHGFBM18CB,新富功段,.62,都市：住,100000,341,持分移轉,01110000
RPPNMLTJJHHGFBM38CB,玉峰段,22.27,都市：住,100000,664,持分移轉,01960000
RPQNMLTJJHHGFBM48CB,玉峰段,29.52,都市：住,100000,880,持分移轉,01960000
RPQNMLQJJHHGFCM38DB,和平段,25.75,都市：商,100000,1567,持分移轉,02670000
RPPNMLQJJHHGFCM28DB,和平段,19.81,都市：商,100000,1206,持分移轉,02670000
RPPNMLLKJHHGFBM67CB,新光段,19.11,非都市：鄉村區 ; 非都市編定：乙種建築用地,100000,1230,持分移轉,00290000
RPQNMLLKJHHGFCM97DB,南光段,34.31,都市：住,100000,5690,持分移轉,05740000
RPRNMLTJJHHGFBM58CB,草屯段,26.06,都市：商,100000,593,持分移轉,07370001
RPSNMLTJJHHGFBM68CB,草屯段,22.24,都市：商,100000,506,持分移轉,07370001
RPRNMLNKJHHGFBM08CB,新富功段,26.24,都市：住,100000,311,持分移轉,00650000
RPRNMLNKJHHGFBM08CB,新富功段,.57,都市：住,100000,311,持分移轉,01110000
RPPNMLLKJHHGFCM87DB,南光段,34.31,都市：住,100000,5690,持分移轉,05740000
RPPNMLNKJHHGFBM87CB,新富功段,38.47,都市：住,100000,456,持分移轉,00650000
RPPNMLNKJHHGFBM87CB,新富功段,.83,都市：住,100000,456,持分移轉,01110000
RPPNMLOKJHHGFDM28DB,廣興段,23.54,都市：住,10000,178,持分移轉,03560000
RPQNMLOKJHHGFDM38DB,廣興段,23.41,都市：住,10000,177,持分移轉,03560000
RPSNMLMKJHHGFAM97CB,牛運堀段,10.38,都市：住,100000,758,持分移轉,02760000
RPSNMLMKJHHGFAM97CB,牛運堀段,1.30,都市：住,100000,758,持分移轉,02760007
RPSNMLMKJHHGFAM97CB,牛運堀段,3.21,都市：住,100000,758,持分移轉,02760008
RPSNMLMKJHHGFAM97CB,牛運堀段,5.60,都市：住,100000,758,持分移轉,02760009
RPSNMLMKJHHGFAM97CB,牛運堀段,.03,都市：住,100000,758,持分移轉,02770017
RPSNMLMKJHHGFAM97CB,牛運堀段,6.10,都市：住,100000,758,持分移轉,02790000
RPQNMLNKJHHGFBM97CB,新富功段,36.53,都市：住,100000,433,持分移轉,00650000
RPQNMLNKJHHGFBM97CB,新富功段,.79,都市：住,100000,433,持分移轉,01110000
RPPNMLPKJHHGFBM08CB,玉峰段,29.52,都市：住,100000,880,持分移轉,01960000
RPPNMLRKJHHGFBM28CB,中原段,28.27,非都市：鄉村區 ; 非都市編定：乙種建築用地,10000,143,持分移轉,09700000
RPPNMLRKJHHGFBM28CB,中原段,.83,非都市：鄉村區 ; 非都市編定：乙種建築用地,10000,143,持分移轉,09700002
RPPNMLRKJHHGFBM28CB,中原段,.84,非都市：鄉村區 ; 非都市編定：乙種建築用地,10000,143,持分移轉,09700003
RPPNMLRKJHHGFBM28CB,中原段,1.02,非都市：鄉村區 ; 非都市編定：乙種建築用地,10000,143,持分移轉,09700004
RPPNMLRKJHHGFBM28CB,中原段,1.03,非都市：鄉村區 ; 非都市編定：乙種建築用地,10000,143,持分移轉,09700005
RPPNMLRKJHHGFBM28CB,中原段,1.13,非都市：鄉村區 ; 非都市編定：乙種建築用地,10000,143,持分移轉,09700006
RPPNMLRKJHHGFBM28CB,中原段,1.24,非都市：鄉村區 ; 非都市編定：乙種建築用地,10000,143,持分移轉,09700007
RPPNMLRKJHHGFAM18CB,牛運堀段,12.40,都市：住,100000,906,持分移轉,02760000
RPPNMLRKJHHGFAM18CB,牛運堀段,1.56,都市：住,100000,906,持分移轉,02760007
RPPNMLRKJHHGFAM18CB,牛運堀段,3.83,都市：住,100000,906,持分移轉,02760008
RPPNMLRKJHHGFAM18CB,牛運堀段,6.70,都市：住,100000,906,持分移轉,02760009
RPPNMLRKJHHGFAM18CB,牛運堀段,.04,都市：住,100000,906,持分移轉,02770017
RPPNMLRKJHHGFAM18CB,牛運堀段,7.29,都市：住,100000,906,持分移轉,02790000
RPQNMLRKJHHGFAM28CB,牛運堀段,12.59,都市：住,100000,920,持分移轉,02760000
RPQNMLRKJHHGFAM28CB,牛運堀段,1.58,都市：住,100000,920,持分移轉,02760007
RPQNMLRKJHHGFAM28CB,牛運堀段,3.89,都市：住,100000,920,持分移轉,02760008
RPQNMLRKJHHGFAM28CB,牛運堀段,6.80,都市：住,100000,920,持分移轉,02760009
RPQNMLRKJHHGFAM28CB,牛運堀段,.04,都市：住,100000,920,持分移轉,02770017
RPQNMLRKJHHGFAM28CB,牛運堀段,7.41,都市：住,100000,920,持分移轉,02790000
RPTNMLRKJHHGFAM58CB,牛運堀段,10.38,都市：住,100000,758,持分移轉,02760000
RPTNMLRKJHHGFAM58CB,牛運堀段,1.30,都市：住,100000,758,持分移轉,02760007
RPTNMLRKJHHGFAM58CB,牛運堀段,3.21,都市：住,100000,758,持分移轉,02760008
RPTNMLRKJHHGFAM58CB,牛運堀段,5.60,都市：住,100000,758,持分移轉,02760009
RPTNMLRKJHHGFAM58CB,牛運堀段,.03,都市：住,100000,758,持分移轉,02770017
RPTNMLRKJHHGFAM58CB,牛運堀段,6.10,都市：住,100000,758,持分移轉,02790000
RPSNMLRKJHHGFAM48CB,牛運堀段,10.38,都市：住,100000,758,持分移轉,02760000
RPSNMLRKJHHGFAM48CB,牛運堀段,1.30,都市：住,100000,758,持分移轉,02760007
RPSNMLRKJHHGFAM48CB,牛運堀段,3.21,都市：住,100000,758,持分移轉,02760008
RPSNMLRKJHHGFAM48CB,牛運堀段,5.60,都市：住,100000,758,持分移轉,02760009
RPSNMLRKJHHGFAM48CB,牛運堀段,.03,都市：住,100000,758,持分移轉,02770017
RPSNMLRKJHHGFAM48CB,牛運堀段,6.10,都市：住,100000,758,持分移轉,02790000
RPPNMLRKJHHGFCM38CB,虎仔耳段,92.70,非都市：鄉村區 ; 非都市編定：乙種建築用地,1,1,全筆移轉,01150028
RPPNMLSKJHHGFBM38CB,新御史段,92.64,都市：住,1,1,全筆移轉,00540000
RPPNMLSKJHHGFBM38CB,新御史段,2.05,都市：住,100000,1655,持分移轉,00540080
RPPNMLSKJHHGFBM38CB,新御史段,4.74,都市：住,100000,1412,持分移轉,00540076
RPPNMLSKJHHGFBM38CB,新御史段,4.68,都市：住,100000,1412,持分移轉,00540069
RPPNMLSKJHHGFBM38CB,新御史段,4.64,都市：住,100000,1412,持分移轉,00540062
RPPNMLSKJHHGFBM38CB,新御史段,1.56,都市：住,100000,1655,持分移轉,00540060
RPQNMLKLJHHGFBM77CB,新光段,19.07,非都市：鄉村區 ; 非都市編定：乙種建築用地,100000,1227,持分移轉,00290000
RPUNMLRKJHHGFAM68CB,牛運堀段,10.38,都市：住,100000,758,持分移轉,02760000
RPUNMLRKJHHGFAM68CB,牛運堀段,1.30,都市：住,100000,758,持分移轉,02760007
RPUNMLRKJHHGFAM68CB,牛運堀段,3.21,都市：住,100000,758,持分移轉,02760008
RPUNMLRKJHHGFAM68CB,牛運堀段,5.60,都市：住,100000,758,持分移轉,02760009
RPUNMLRKJHHGFAM68CB,牛運堀段,.03,都市：住,100000,758,持分移轉,02770017
RPUNMLRKJHHGFAM68CB,牛運堀段,6.10,都市：住,100000,758,持分移轉,02790000
RPRNMLRKJHHGFAM38CB,牛運堀段,9.97,都市：住,100000,728,持分移轉,02760000
RPRNMLRKJHHGFAM38CB,牛運堀段,1.25,都市：住,100000,728,持分移轉,02760007
RPRNMLRKJHHGFAM38CB,牛運堀段,3.08,都市：住,100000,728,持分移轉,02760008
RPRNMLRKJHHGFAM38CB,牛運堀段,5.38,都市：住,100000,728,持分移轉,02760009
RPRNMLRKJHHGFAM38CB,牛運堀段,.03,都市：住,100000,728,持分移轉,02770017
RPRNMLRKJHHGFAM38CB,牛運堀段,5.86,都市：住,100000,728,持分移轉,02790000
RPPNMLKLJHHGFBM67CB,新光段,16.02,非都市：鄉村區 ; 非都市編定：乙種建築用地,100000,1031,持分移轉,00290000
RPRNMLKLJHHGFBM87CB,新光段,21.65,非都市：鄉村區 ; 非都市編定：乙種建築用地,100000,1393,持分移轉,00290000
RPQNMLLLJHHGFBM87CB,草屯段,22.24,都市：商,100000,506,持分移轉,07370001
RPPNMLLLJHHGFBM87DB,新富功段,4.15,都市：住,10000,188,持分移轉,00490020
RPPNMLLLJHHGFBM87DB,新富功段,4.66,都市：住,10000,188,持分移轉,00490001
RPPNMLLLJHHGFBM77CB,玉峰段,29.62,都市：住,100000,883,持分移轉,01960000
RPQNMLLLJHHGFBM97DB,新富功段,5.19,都市：住,10000,235,持分移轉,00490020
RPQNMLLLJHHGFBM97DB,新富功段,5.83,都市：住,10000,235,持分移轉,00490001
RPRNMLLLJHHGFBM08DB,新富功段,4.13,都市：住,10000,187,持分移轉,00490020
RPPNMLPLJHHGFBM18CB,新光段,21.60,非都市：鄉村區 ; 非都市編定：乙種建築用地,100000,1390,持分移轉,00290000
RPRNMLLLJHHGFBM08DB,新富功段,4.64,都市：住,10000,187,持分移轉,00490001
RPQNMLPLJHHGFBM28CB,新富功段,26.24,都市：住,100000,311,持分移轉,00650000
RPQNMLPLJHHGFBM28CB,新富功段,.57,都市：住,100000,311,持分移轉,01110000
RPSNMLPLJHHGFBM48CB,新富功段,39.90,都市：住,100000,473,持分移轉,00650000
RPPNMLMLJHHGFDM18DB,廣興段,30.28,都市：住,10000,229,持分移轉,03560000
RPSNMLPLJHHGFBM48CB,新富功段,.87,都市：住,100000,473,持分移轉,01110000
RPTNMLPLJHHGFBM58CB,新富功段,38.47,都市：住,100000,456,持分移轉,00650000
RPTNMLPLJHHGFBM58CB,新富功段,.83,都市：住,100000,456,持分移轉,01110000
RPRNMLPLJHHGFBM38CB,新光段,21.65,非都市：鄉村區 ; 非都市編定：乙種建築用地,100000,1393,持分移轉,00290000
RPQNMLRLJHHGFAM38CB,茄苳腳段,59.00,都市：住,1,1,全筆移轉,03890156
RPQNMLRLJHHGFAM38CB,茄苳腳段,20.41,都市：住,22,1,持分移轉,03890137
RPPNMLQLJHHGFBM38DB,碧峰段,66.21,非都市：鄉村區 ; 非都市編定：乙種建築用地,1,1,全筆移轉,15260002
RPUNMLPLJHHGFBM68CB,新富功段,36.53,都市：住,100000,433,持分移轉,00650000
RPUNMLPLJHHGFBM68CB,新富功段,.79,都市：住,100000,433,持分移轉,01110000
RPPNMLSLJHHGFAM38CB,牛運堀段,12.42,都市：住,100000,907,持分移轉,02760000
RPPNMLSLJHHGFAM38CB,牛運堀段,1.56,都市：住,100000,907,持分移轉,02760007
RPPNMLSLJHHGFAM38CB,牛運堀段,3.84,都市：住,100000,907,持分移轉,02760008
RPVNMLPLJHHGFBM78CB,新富功段,27.84,都市：住,100000,330,持分移轉,00650000
RPPNMLSLJHHGFAM38CB,牛運堀段,6.70,都市：住,100000,907,持分移轉,02760009
RPVNMLPLJHHGFBM78CB,新富功段,.60,都市：住,100000,330,持分移轉,01110000
RPPNMLSLJHHGFAM38CB,牛運堀段,.04,都市：住,100000,907,持分移轉,02770017
RPPNMLSLJHHGFAM38CB,牛運堀段,7.30,都市：住,100000,907,持分移轉,02790000
RPPNMLRLJHHGFDM58CB,菩提段,64.00,都市：商,1,1,全筆移轉,01100021
RPPNMLRLJHHGFDM58CB,菩提段,25.88,都市：商,8,1,持分移轉,01100026
RPRNMLRLJHHGFAM48CB,茄苳腳段,50.00,都市：住,1,1,全筆移轉,03890135
RPRNMLRLJHHGFAM48CB,茄苳腳段,20.41,都市：住,22,1,持分移轉,03890137
RPSNMLRLJHHGFAM58CB,茄苳腳段,85.00,都市：住,1,1,全筆移轉,03890149
RPSNMLRLJHHGFAM58CB,茄苳腳段,10.20,都市：住,44,1,持分移轉,03890137
RPRNMLSLJHHGFAM58CB,牛運堀段,10.38,都市：住,100000,758,持分移轉,02760000
RPRNMLSLJHHGFAM58CB,牛運堀段,1.30,都市：住,100000,758,持分移轉,02760007
RPRNMLSLJHHGFAM58CB,牛運堀段,3.21,都市：住,100000,758,持分移轉,02760008
RPRNMLSLJHHGFAM58CB,牛運堀段,5.60,都市：住,100000,758,持分移轉,02760009
RPRNMLSLJHHGFAM58CB,牛運堀段,.03,都市：住,100000,758,持分移轉,02770017
RPRNMLSLJHHGFAM58CB,牛運堀段,6.10,都市：住,100000,758,持分移轉,02790000
RPTNMLSLJHHGFAM78CB,牛運堀段,9.97,都市：住,100000,728,持分移轉,02760000
RPTNMLSLJHHGFAM78CB,牛運堀段,1.25,都市：住,100000,728,持分移轉,02760007
RPTNMLSLJHHGFAM78CB,牛運堀段,3.08,都市：住,100000,728,持分移轉,02760008
RPTNMLSLJHHGFAM78CB,牛運堀段,5.38,都市：住,100000,728,持分移轉,02760009
RPTNMLSLJHHGFAM78CB,牛運堀段,.03,都市：住,100000,728,持分移轉,02770017
RPTNMLSLJHHGFAM78CB,牛運堀段,5.86,都市：住,100000,728,持分移轉,02790000
RPSNMLSLJHHGFAM68CB,三塊厝段,100.00,都市：住,1,1,全筆移轉,01450016
RPSNMLSLJHHGFAM68CB,三塊厝段,4.00,都市：住,1,1,全筆移轉,01450026
RPSNMLSLJHHGFAM68CB,三塊厝段,25.00,都市：住,26,1,持分移轉,01450004
RPQNMLSLJHHGFAM48CB,牛運堀段,12.59,都市：住,100000,920,持分移轉,02760000
RPQNMLSLJHHGFAM48CB,牛運堀段,1.58,都市：住,100000,920,持分移轉,02760007
RPQNMLSLJHHGFAM48CB,牛運堀段,3.89,都市：住,100000,920,持分移轉,02760008
RPQNMLSLJHHGFAM48CB,牛運堀段,6.80,都市：住,100000,920,持分移轉,02760009
RPQNMLSLJHHGFAM48CB,牛運堀段,.04,都市：住,100000,920,持分移轉,02770017
RPQNMLSLJHHGFAM48CB,牛運堀段,7.41,都市：住,100000,920,持分移轉,02790000
RPWNMLSLJHHGFAM09CB,牛運堀段,15.13,都市：住,100000,1105,持分移轉,02760000
RPWNMLSLJHHGFAM09CB,牛運堀段,1.90,都市：住,100000,1105,持分移轉,02760007
RPWNMLSLJHHGFAM09CB,牛運堀段,4.67,都市：住,100000,1105,持分移轉,02760008
RPWNMLSLJHHGFAM09CB,牛運堀段,8.17,都市：住,100000,1105,持分移轉,02760009
RPWNMLSLJHHGFAM09CB,牛運堀段,.04,都市：住,100000,1105,持分移轉,02770017
RPWNMLSLJHHGFAM09CB,牛運堀段,8.90,都市：住,100000,1105,持分移轉,02790000
RPXNMLSLJHHGFAM56CB,牛運堀段,12.59,都市：住,100000,920,持分移轉,02760000
RPXNMLSLJHHGFAM56CB,牛運堀段,1.58,都市：住,100000,920,持分移轉,02760007
RPXNMLSLJHHGFAM56CB,牛運堀段,3.89,都市：住,100000,920,持分移轉,02760008
RPXNMLSLJHHGFAM56CB,牛運堀段,6.80,都市：住,100000,920,持分移轉,02760009
RPXNMLSLJHHGFAM56CB,牛運堀段,.04,都市：住,100000,920,持分移轉,02770017
RPXNMLSLJHHGFAM56CB,牛運堀段,7.41,都市：住,100000,920,持分移轉,02790000
RPVNMLSLJHHGFAM98CB,牛運堀段,14.77,都市：住,100000,1079,持分移轉,02760000
RPVNMLSLJHHGFAM98CB,牛運堀段,1.86,都市：住,100000,1079,持分移轉,02760007
RPVNMLSLJHHGFAM98CB,牛運堀段,4.56,都市：住,100000,1079,持分移轉,02760008
RPVNMLSLJHHGFAM98CB,牛運堀段,7.97,都市：住,100000,1079,持分移轉,02760009
RPVNMLSLJHHGFAM98CB,牛運堀段,.04,都市：住,100000,1079,持分移轉,02770017
RPVNMLSLJHHGFAM98CB,牛運堀段,8.69,都市：住,100000,1079,持分移轉,02790000
RPUNMLSLJHHGFAM88CB,牛運堀段,12.59,都市：住,100000,920,持分移轉,02760000
RPUNMLSLJHHGFAM88CB,牛運堀段,1.58,都市：住,100000,920,持分移轉,02760007
RPUNMLSLJHHGFAM88CB,牛運堀段,3.89,都市：住,100000,920,持分移轉,02760008
RPUNMLSLJHHGFAM88CB,牛運堀段,6.80,都市：住,100000,920,持分移轉,02760009
RPUNMLSLJHHGFAM88CB,牛運堀段,.04,都市：住,100000,920,持分移轉,02770017
RPUNMLSLJHHGFAM88CB,牛運堀段,7.41,都市：住,100000,920,持分移轉,02790000
RPPNMLRJKHHGFDM58DB,廣興段,22.21,都市：住,10000,168,持分移轉,03560000
RPOOMLSLJHHGFAM38CB,牛運堀段,10.38,都市：住,100000,758,持分移轉,02760000
RPQOMLSLJHHGFAM58CB,牛運堀段,9.97,都市：住,100000,728,持分移轉,02760000
RPOOMLSLJHHGFAM38CB,牛運堀段,1.30,都市：住,100000,758,持分移轉,02760007
RPOOMLSLJHHGFAM38CB,牛運堀段,3.21,都市：住,100000,758,持分移轉,02760008
RPQOMLSLJHHGFAM58CB,牛運堀段,1.25,都市：住,100000,728,持分移轉,02760007
RPQOMLSLJHHGFAM58CB,牛運堀段,3.08,都市：住,100000,728,持分移轉,02760008
RPOOMLSLJHHGFAM38CB,牛運堀段,5.60,都市：住,100000,758,持分移轉,02760009
RPQOMLSLJHHGFAM58CB,牛運堀段,5.38,都市：住,100000,728,持分移轉,02760009
RPOOMLSLJHHGFAM38CB,牛運堀段,.03,都市：住,100000,758,持分移轉,02770017
RPOOMLSLJHHGFAM38CB,牛運堀段,6.10,都市：住,100000,758,持分移轉,02790000
RPQOMLSLJHHGFAM58CB,牛運堀段,.03,都市：住,100000,728,持分移轉,02770017
RPQOMLSLJHHGFAM58CB,牛運堀段,5.86,都市：住,100000,728,持分移轉,02790000
RPPNMLRJKHHGFAM18CB,南投段,23.89,都市：住,10000,363,持分移轉,03070028
RPPNMLSJKHHGFCM58DB,梅林段,24.13,都市：住,100000,2488,持分移轉,06390000
RPQNMLSJKHHGFDM78DB,廣興段,30.15,都市：住,10000,228,持分移轉,03560000
RPUNMLTJKHHGFAM88CB,南投段,21.52,都市：住,10000,327,持分移轉,03070028
RPPOMLSLJHHGFAM48CB,牛運堀段,12.42,都市：住,100000,907,持分移轉,02760000
RPPOMLSLJHHGFAM48CB,牛運堀段,1.56,都市：住,100000,907,持分移轉,02760007
RPPOMLSLJHHGFAM48CB,牛運堀段,3.84,都市：住,100000,907,持分移轉,02760008
RPPOMLSLJHHGFAM48CB,牛運堀段,6.70,都市：住,100000,907,持分移轉,02760009
RPPOMLSLJHHGFAM48CB,牛運堀段,.04,都市：住,100000,907,持分移轉,02770017
RPPOMLSLJHHGFAM48CB,牛運堀段,7.30,都市：住,100000,907,持分移轉,02790000
RPQNMLRJKHHGFAM28CB,南投段,23.89,都市：住,10000,363,持分移轉,03070028
RPQNMLTJKHHGFAM48CB,包尾段,108.00,都市：住,1,1,全筆移轉,04480036
RPQNMLTJKHHGFAM48CB,包尾段,19.50,都市：住,20,1,持分移轉,04480002
RPQNMLTJKHHGFAM48CB,包尾段,8.55,都市：住,20,1,持分移轉,04480044
RPTNMLTJKHHGFAM78CB,南投段,19.48,都市：住,10000,296,持分移轉,03070028
RPQNMLTJKHHGFBM58CB,新富功段,38.47,都市：住,100000,456,持分移轉,00650000
RPQNMLTJKHHGFBM58CB,新富功段,.83,都市：住,100000,456,持分移轉,01110000
RPRNMLTJKHHGFBM68CB,新富功段,26.24,都市：住,100000,311,持分移轉,00650000
RPRNMLTJKHHGFBM68CB,新富功段,.57,都市：住,100000,311,持分移轉,01110000
RPUNMLLKKHHGFAM28DB,內新段,21.07,都市：商,10000,502,持分移轉,00930000
RPVNMLLKKHHGFAM38DB,內新段,22.04,都市：商,10000,525,持分移轉,00930000
RPVNMLTJKHHGFAM98CB,南投段,19.74,都市：住,10000,300,持分移轉,03070028
RPTNMLKKKHHGFAM08DB,大崗段,125.00,非都市：工業區 ; 非都市編定：丁種建築用地,1,1,全筆移轉,00530078
RPTNMLKKKHHGFAM08DB,大崗段,56.00,非都市：工業區 ; 非都市編定：丁種建築用地,1,1,全筆移轉,00530079
RPTNMLKKKHHGFAM08DB,大崗段,24.03,非都市：工業區 ; 非都市編定：丁種建築用地,100000,5720,持分移轉,00530064
RPPNMLTJKHHGFBM48CB,新富功段,47.75,都市：住,100000,566,持分移轉,00650000
RPPNMLTJKHHGFBM48CB,新富功段,1.04,都市：住,100000,566,持分移轉,01110000
RPWNMLLKKHHGFAM48DB,內新段,21.07,都市：商,10000,502,持分移轉,00930000
RPPOMLLKKHHGFAM87DB,大崗段,77.00,非都市：工業區 ; 非都市編定：丁種建築用地,1,1,全筆移轉,00530046
RPPOMLLKKHHGFAM87DB,大崗段,14.63,非都市：工業區 ; 非都市編定：丁種建築用地,100000,5693,持分移轉,00530036
RPSNMLKKKHHGFAM97DB,大崗段,88.00,非都市：工業區 ; 非都市編定：丁種建築用地,1,1,全筆移轉,00530077
RPSNMLKKKHHGFAM97DB,大崗段,17.23,非都市：工業區 ; 非都市編定：丁種建築用地,100000,4102,持分移轉,00530064
RPPNMLLKKHHGFBM87DB,新富功段,4.15,都市：住,10000,188,持分移轉,00490020
RPPNMLLKKHHGFBM87DB,新富功段,4.66,都市：住,10000,188,持分移轉,00490001
RPPNMLLKKHHGFBM77CB,新光段,16.02,非都市：鄉村區 ; 非都市編定：乙種建築用地,100000,1031,持分移轉,00290000
RPPNMLLKKHHGFAM67CB,新豐段新豐小段,139.47,都市：住,1000000,493996,持分移轉,00580000
RPQNMLLKKHHGFBM87CB,新光段,16.02,非都市：鄉村區 ; 非都市編定：乙種建築用地,100000,1031,持分移轉,00290000
RPRNMLLKKHHGFBM97CB,新光段,16.02,非都市：鄉村區 ; 非都市編定：乙種建築用地,100000,1031,持分移轉,00290000
RPPNMLOKKHHGFCM28DB,民生段,48.74,都市：農,100000,6564,持分移轉,04790030
RPPNMLRKKHHGFBM38CB,草屯段,26.02,都市：商,100000,592,持分移轉,07370001
RPPNMLQKKHHGFAM18CB,包尾段,107.00,都市：住,1,1,全筆移轉,04480025
RPPNMLQKKHHGFAM18CB,包尾段,19.50,都市：住,20,1,持分移轉,04480002
RPPNMLQKKHHGFAM18CB,包尾段,8.55,都市：住,20,1,持分移轉,04480044
RPPNMLQKKHHGFBM38DB,碧峰段,18.89,非都市：鄉村區 ; 非都市編定：乙種建築用地,100000,2245,持分移轉,15390000
RPQNMLRKKHHGFBM48CB,玉峰段,29.62,都市：住,100000,883,持分移轉,01960000
RPTNMLRKKHHGFDM09DB,秀林段,40.04,都市：住,100000,2666,持分移轉,05020000
RPQNMLRKKHHGFDM78DB,秀林段,48.20,都市：住,100000,3210,持分移轉,05020000
RPRNMLRKKHHGFDM88DB,秀林段,40.04,都市：住,100000,2666,持分移轉,05020000
RPVNMLRKKHHGFDM66DB,秀林段,50.10,都市：住,100000,3336,持分移轉,05020000
RPRNMLRKKHHGFBM58CB,玉峰段,22.27,都市：住,100000,664,持分移轉,01960000
RPPNMLRKKHHGFDM68DB,秀林段,50.10,都市：住,100000,3336,持分移轉,05020000
RPSNMLKLKHHGFAM08DB,大崗段,17.23,非都市：工業區 ; 非都市編定：丁種建築用地,100000,4102,持分移轉,00530064
RPSNMLKLKHHGFAM08DB,大崗段,88.00,非都市：工業區 ; 非都市編定：丁種建築用地,1,1,全筆移轉,00530076
RPPNMLMLKHHGFDM28DB,秀林段,50.10,都市：住,100000,3336,持分移轉,05020000
RPSNMLRKKHHGFDM98DB,秀林段,49.78,都市：住,100000,3315,持分移轉,05020000
RPTNMLKLKHHGFAM18DB,大崗段,6.05,非都市：工業區 ; 非都市編定：丁種建築用地,100000,2354,持分移轉,00530036
RPTNMLKLKHHGFAM18DB,大崗段,91.00,非都市：工業區 ; 非都市編定：丁種建築用地,1,1,全筆移轉,00530040
RPPNMLRKKHHGFCM58DB,和平段,25.75,都市：商,100000,1567,持分移轉,02670000
RPSNMLMLKHHGFDM58DB,秀林段,43.85,都市：住,100000,2920,持分移轉,05020000
RPVNMLMLKHHGFDM88DB,秀林段,40.22,都市：住,100000,2678,持分移轉,05020000
RPTNMLMLKHHGFDM68DB,秀林段,48.20,都市：住,100000,3210,持分移轉,05020000
RPQNMLMLKHHGFDM38DB,秀林段,40.04,都市：住,100000,2666,持分移轉,05020000
RPRNMLMLKHHGFDM48DB,秀林段,43.85,都市：住,100000,2920,持分移轉,05020000
RPPNMLMLKHHGFBM97CB,新富功段,38.47,都市：住,100000,456,持分移轉,00650000
RPPNMLMLKHHGFBM97CB,新富功段,.83,都市：住,100000,456,持分移轉,01110000
RPXNMLMLKHHGFDM09DB,秀林段,48.20,都市：住,100000,3210,持分移轉,05020000
RPWNMLMLKHHGFDM98DB,秀林段,50.10,都市：住,100000,3336,持分移轉,05020000
RPUNMLMLKHHGFDM78DB,秀林段,40.04,都市：住,100000,2666,持分移轉,05020000
RPQNMLMLKHHGFBM08CB,新富功段,38.47,都市：住,100000,456,持分移轉,00650000
RPQNMLMLKHHGFBM08CB,新富功段,.83,都市：住,100000,456,持分移轉,01110000
RPPNMLPLKHHGFAM28DB,大崗段,89.00,非都市：工業區 ; 非都市編定：丁種建築用地,1,1,全筆移轉,00530025
RPPNMLPLKHHGFAM28DB,大崗段,8.89,非都市：工業區 ; 非都市編定：丁種建築用地,10000,346,持分移轉,00530036
RPPNMLNJLHHGFAM87CB,茄苳腳段,24.63,非都市：鄉村區 ; 非都市編定：乙種建築用地,100000,1883,持分移轉,02990010
RPQNMLTKMHHGFBM88CB,中原段,28.27,非都市：鄉村區 ; 非都市編定：乙種建築用地,10000,143,持分移轉,09700000
RPQNMLTKMHHGFBM88CB,中原段,.83,非都市：鄉村區 ; 非都市編定：乙種建築用地,10000,143,持分移轉,09700002
RPQNMLTKMHHGFBM88CB,中原段,.84,非都市：鄉村區 ; 非都市編定：乙種建築用地,10000,143,持分移轉,09700003
RPQNMLTKMHHGFBM88CB,中原段,1.02,非都市：鄉村區 ; 非都市編定：乙種建築用地,10000,143,持分移轉,09700004
RPQNMLTKMHHGFBM88CB,中原段,1.03,非都市：鄉村區 ; 非都市編定：乙種建築用地,10000,143,持分移轉,09700005
RPQNMLTKMHHGFBM88CB,中原段,1.13,非都市：鄉村區 ; 非都市編定：乙種建築用地,10000,143,持分移轉,09700006
RPQNMLTKMHHGFBM88CB,中原段,1.24,非都市：鄉村區 ; 非都市編定：乙種建築用地,10000,143,持分移轉,09700007
RPPNMLMLKHHGFAM87CB,包尾段,108.00,都市：住,1,1,全筆移轉,04480026
RPPNMLMLKHHGFAM87CB,包尾段,19.50,都市：住,20,1,持分移轉,04480002
RPPNMLMLKHHGFAM87CB,包尾段,8.55,都市：住,20,1,持分移轉,04480044
RPPNMLLJLHHGFAM67CB,包尾段,104.00,都市：住,1,1,全筆移轉,04480034
RPPNMLLJLHHGFAM67CB,包尾段,19.50,都市：住,20,1,持分移轉,04480002
RPPNMLLJLHHGFAM67CB,包尾段,8.55,都市：住,20,1,持分移轉,04480044
