﻿鄉鎮市區,交易標的,土地位置建物門牌,土地移轉總面積平方公尺,都市土地使用分區,非都市土地使用分區,非都市土地使用編定,交易年月日,交易筆棟數,移轉層次,總樓層數,建物型態,主要用途,主要建材,建築完成年月,建物移轉總面積平方公尺,建物現況格局-房,建物現況格局-廳,建物現況格局-衛,建物現況格局-隔間,有無管理組織,總價元,單價元平方公尺,車位類別,車位移轉總面積平方公尺,車位總價元,備註,編號,建案名稱,棟及號
The villages and towns urban district,transaction sign,land sector position building sector house number plate,land shifting total area square meter,the use zoning or compiles and checks,the non-metropolis land use district,non-metropolis land use,transaction year month and day,transaction pen number,shifting level,total floor number,building state,main use,main building materials,construction to complete the years,building shifting total area,Building present situation pattern - room,building present situation pattern - hall,building present situation pattern - health,building present situation pattern - compartmented,Whether there is manages the organization,total price NTD,the unit price (NTD / square meter),the berth category,berth shifting total area square meter,the berth total price NTD,the note,serial number,build case,buildings
埔里鎮,房地(土地+建物),南投縣埔里鎮三勰路,233.02,,特定農業區,甲種建築用地,1101115,土地3建物1車位0,全,3,透天厝,住家用,鋼筋混凝土造,,204.2,3,2,4,有,無,12800000,62684,,0.0,0,,RPPNMLTKJIGGFCM58CB,逸境,A棟1號
埔里鎮,房地(土地+建物)+車位,南投縣埔里鎮中華路,20.36,住,,,1101114,土地1建物1車位1,九層,15,住宅大樓(11層含以上有電梯),住家用,鋼筋混凝土造,,128.57,3,2,2,有,無,8500000,72600,坡道平面,27.33,1150000,,RPPNMLMLJIGGFCM97CB,博克萊,B棟9號
埔里鎮,房地(土地+建物)+車位,南投縣埔里鎮梅林三街,24.08,住,,,1101120,土地1建物1車位1,六層,7,華廈(10層含以下有電梯),住家用,鋼筋混凝土造,,101.43,2,2,1,有,無,5900000,68207,坡道平面,29.59,1000000,,RPPNMLQLJIGGFCM48DB,梅林匯,F棟6號
埔里鎮,房地(土地+建物)+車位,南投縣埔里鎮梅林三街,24.88,住,,,1101120,土地1建物1車位1,四層,7,華廈(10層含以下有電梯),住家用,鋼筋混凝土造,,103.8,2,2,1,有,無,5800000,63334,一樓平面,29.59,1100000,,RPQNMLQLJIGGFCM58DB,梅林匯,E棟4號
草屯鎮,房地(土地+建物)+車位,南投縣草屯鎮中山街,22.5,商,,,1101114,土地1建物1車位1,七層,15,住宅大樓(11層含以上有電梯),住商用,鋼筋混凝土造,,148.26,3,2,2,有,無,10520000,75785,坡道平面,28.58,1450000,,RPQNMLRLJIGGFBM48CB,富宇中山溱邸,B棟5號
草屯鎮,房地(土地+建物)+車位,南投縣草屯鎮中山街,22.5,商,,,1101114,土地1建物1車位1,四層,15,住宅大樓(11層含以上有電梯),住商用,鋼筋混凝土造,,148.35,3,2,2,有,無,9680000,69550,坡道平面,28.58,1350000,,RPSNMLRLJIGGFBM68CB,富宇中山溱邸,C棟6號
埔里鎮,房地(土地+建物)+車位,南投縣埔里鎮梅林三街,30.85,住,,,1101114,土地1建物1車位1,二層,7,華廈(10層含以下有電梯),住家用,鋼筋混凝土造,,121.61,2,2,2,有,無,7600000,71724,坡道平面,29.59,1000000,,RPPNMLTLJIGGFCM78DB,梅林匯,C棟2號
埔里鎮,房地(土地+建物)+車位,南投縣埔里鎮北平街,19.81,商,,,1101121,土地1建物1車位1,五層,14,住宅大樓(11層含以上有電梯),住家用,鋼筋混凝土造,,144.01,3,2,2,有,無,9500000,70582,坡道平面,25.0,1100000,,RPWNMLLJKIGGFCM58DB,寬心璽玥,C棟5號
草屯鎮,房地(土地+建物),南投縣草屯鎮富春路,8.77,住,,,1101115,土地2建物1車位0,三層,5,套房(1房1廳1衛),住家用,鋼筋混凝土造,,58.68,1,1,1,有,無,3770000,64247,,0.0,0,1.本戶建築執照基地位於草屯鎮新富功段坐落於49~49-21等22筆地號。,RPRNMLMJKIGGFBM08DB,陸禾誠也,B棟3號
草屯鎮,房地(土地+建物),南投縣草屯鎮富春路,106.68,住,,,1101121,土地3建物1車位0,全,4,透天厝,住家用,鋼筋混凝土造,,174.08,4,3,5,有,無,15380000,88350,,0.0,0,1.本戶建築執照基地位於草屯鎮新富功段坐落於49~49-21等22筆地號。,RPSNMLMJKIGGFBM18DB,陸禾誠也,D棟3號
草屯鎮,房地(土地+建物),南投縣草屯鎮富春路,11.02,住,,,1101126,土地2建物1車位0,三層,5,套房(1房1廳1衛),住家用,鋼筋混凝土造,,68.13,1,1,1,有,無,4430000,65023,,0.0,0,1.本戶建築執照基地位於草屯鎮新富功段坐落於49~49-21等22筆地號。,RPTNMLMJKIGGFBM28DB,陸禾誠也,B棟5號
草屯鎮,房地(土地+建物),南投縣草屯鎮富春路,102.11,住,,,1101118,土地4建物1車位0,全,4,透天厝,住家用,鋼筋混凝土造,,165.26,4,3,5,有,無,14580000,88225,,0.0,0,1.本戶建築執照基地位於草屯鎮新富功段坐落於49~49-21等22筆地號。,RPUNMLMJKIGGFBM38DB,陸禾誠也,D棟7號
鹿谷鄉,房地(土地+建物)+車位,南投縣鹿谷鄉中寮路與八德街交叉口,21.31,住,,,1101116,土地1建物1車位1,二層,7,華廈(10層含以下有電梯),住家用,鋼筋混凝土造,,99.43,2,2,2,有,無,5350000,65094,坡道平面,34.14,1100000,,RPQNMLMJKIGGFDM08CB,自在溪頭,A棟6號
竹山鎮,房地(土地+建物),南投縣竹山鎮昭德街,94.88,商,,,1101120,土地2建物1車位0,全,4,透天厝,住家用,見其他登記事項,,174.69,4,3,4,有,無,10700000,61251,,0.0,0,,RPSNMLMJKIGGFDM28CB,山水富築,B棟9號
竹山鎮,房地(土地+建物),南投縣竹山鎮昭德街,92.88,商,,,1101127,土地2建物1車位0,全,4,透天厝,住家用,見其他登記事項,,167.95,4,3,4,有,無,11200000,66687,,0.0,0,,RPTNMLMJKIGGFDM38CB,山水富築,B棟7號
埔里鎮,房地(土地+建物),南投縣埔里鎮隆生路111巷,36.7,農,,,1101123,土地1建物1車位0,四層,4,華廈(10層含以下有電梯),住家用,鋼筋混凝土造,,88.26,2,1,1,有,無,6200000,70247,,0.0,0,,RPPNMLNJKIGGFCM08DB,洄謙城,B棟3號
埔里鎮,房地(土地+建物),南投縣埔里鎮隆生路111巷,36.7,農,,,1101130,土地1建物1車位0,二層,4,華廈(10層含以下有電梯),住家用,鋼筋混凝土造,,88.26,2,1,1,有,無,6260000,70927,,0.0,0,,RPQNMLNJKIGGFCM18DB,洄謙城,B棟3號
草屯鎮,房地(土地+建物)+車位,南投縣草屯鎮石川路,16.02,,鄉村區,乙種建築用地,1101120,土地1建物1車位1,六層,10,華廈(10層含以下有電梯),住家用,鋼筋混凝土造,,132.21,2,2,2,有,無,6820000,68038,坡道平面,45.2,900000,,RPPNMLNJKIGGFBM87CB,幸福流域,G棟6號
草屯鎮,房地(土地+建物)+車位,南投縣草屯鎮石川路,16.02,,鄉村區,乙種建築用地,1101121,土地1建物1車位1,五層,10,華廈(10層含以下有電梯),住家用,鋼筋混凝土造,,132.21,2,2,2,有,無,6750000,67234,坡道平面,45.2,900000,,RPQNMLNJKIGGFBM97CB,幸福流域,G棟5號
草屯鎮,房地(土地+建物)+車位,南投縣草屯鎮石川路,16.02,,鄉村區,乙種建築用地,1101120,土地1建物1車位1,七層,10,華廈(10層含以下有電梯),住家用,鋼筋混凝土造,,132.21,2,2,2,有,無,6740000,67119,坡道平面,45.2,900000,,RPPNMLQJKIGGFBM18CB,幸福流域,G棟7號
草屯鎮,房地(土地+建物)+車位,南投縣草屯鎮石川路,16.02,,鄉村區,乙種建築用地,1101126,土地1建物1車位1,八層,10,華廈(10層含以下有電梯),住家用,鋼筋混凝土造,,132.21,2,2,2,有,無,6950000,69532,坡道平面,45.2,900000,,RPQNMLQJKIGGFBM28CB,幸福流域,G棟8號
草屯鎮,房地(土地+建物)+車位,南投縣草屯鎮石川路,16.02,,鄉村區,乙種建築用地,1101121,土地1建物1車位1,九層,10,華廈(10層含以下有電梯),住家用,鋼筋混凝土造,,132.21,2,2,2,有,無,6790000,67693,坡道平面,45.2,900000,,RPRNMLQJKIGGFBM38CB,幸福流域,G棟9號
草屯鎮,房地(土地+建物)+車位,南投縣草屯鎮石川路,16.02,,鄉村區,乙種建築用地,1101122,土地1建物1車位1,十層,10,華廈(10層含以下有電梯),住家用,鋼筋混凝土造,,132.21,2,2,2,有,無,7150000,69532,坡道平面,45.2,1100000,,RPSNMLQJKIGGFBM48CB,幸福流域,G棟10號
草屯鎮,房地(土地+建物)+車位,南投縣草屯鎮石川路,19.11,,鄉村區,乙種建築用地,1101121,土地1建物1車位1,六層,10,華廈(10層含以下有電梯),住家用,鋼筋混凝土造,,149.02,3,2,2,有,無,7970000,68099,坡道平面,45.2,900000,,RPUNMLQJKIGGFBM68CB,幸福流域,A棟6號
草屯鎮,房地(土地+建物)+車位,南投縣草屯鎮石川路,19.11,,鄉村區,乙種建築用地,1101124,土地1建物1車位1,七層,10,華廈(10層含以下有電梯),住家用,鋼筋混凝土造,,149.02,3,2,2,有,無,7870000,67135,坡道平面,45.2,900000,,RPVNMLQJKIGGFBM78CB,幸福流域,A棟7號
草屯鎮,房地(土地+建物)+車位,南投縣草屯鎮石川路,19.11,,鄉村區,乙種建築用地,1101127,土地1建物1車位1,八層,10,華廈(10層含以下有電梯),住家用,鋼筋混凝土造,,149.02,3,2,2,有,無,8320000,69543,坡道平面,45.2,1100000,,RPWNMLQJKIGGFBM88CB,幸福流域,A棟8號
草屯鎮,房地(土地+建物)+車位,南投縣草屯鎮石川路,19.11,,鄉村區,乙種建築用地,1101128,土地1建物1車位1,六層,10,華廈(10層含以下有電梯),住家用,鋼筋混凝土造,,149.02,3,2,2,有,無,7970000,68099,坡道平面,45.2,900000,,RPOOMLQJKIGGFBM18CB,幸福流域,B棟6號
草屯鎮,房地(土地+建物)+車位,南投縣草屯鎮石川路,19.11,,鄉村區,乙種建築用地,1101124,土地1建物1車位1,七層,10,華廈(10層含以下有電梯),住家用,鋼筋混凝土造,,149.02,3,2,2,有,無,7870000,67135,坡道平面,45.2,900000,,RPPOMLQJKIGGFBM28CB,幸福流域,B棟7號
草屯鎮,房地(土地+建物)+車位,南投縣草屯鎮石川路,16.02,,鄉村區,乙種建築用地,1101124,土地1建物1車位1,六層,10,華廈(10層含以下有電梯),住家用,鋼筋混凝土造,,128.59,2,2,2,有,無,6820000,68038,坡道平面,41.58,900000,,RPQOMLQJKIGGFBM38CB,幸福流域,D棟6號
草屯鎮,房地(土地+建物)+車位,南投縣草屯鎮石川路,16.02,,鄉村區,乙種建築用地,1101120,土地1建物1車位1,七層,10,華廈(10層含以下有電梯),住家用,鋼筋混凝土造,,132.21,2,2,2,有,無,6740000,67119,坡道平面,45.2,900000,,RPROMLQJKIGGFBM48CB,幸福流域,D棟7號
草屯鎮,房地(土地+建物)+車位,南投縣草屯鎮石川路,16.02,,鄉村區,乙種建築用地,1101121,土地1建物1車位1,八層,10,華廈(10層含以下有電梯),住家用,鋼筋混凝土造,,132.21,2,2,2,有,無,6800000,67808,坡道平面,45.2,900000,,RPSOMLQJKIGGFBM58CB,幸福流域,D棟8號
草屯鎮,房地(土地+建物)+車位,南投縣草屯鎮石川路,16.02,,鄉村區,乙種建築用地,1101124,土地1建物1車位0,十層,10,華廈(10層含以下有電梯),住家用,鋼筋混凝土造,,87.01,2,2,2,有,無,6050000,69532,,0.0,0,,RPTOMLQJKIGGFBM68CB,幸福流域,D棟10號
草屯鎮,房地(土地+建物)+車位,南投縣草屯鎮石川路,16.02,,鄉村區,乙種建築用地,1101121,土地1建物1車位1,六層,10,華廈(10層含以下有電梯),住家用,鋼筋混凝土造,,132.21,2,2,2,有,無,6820000,68038,坡道平面,45.2,900000,,RPUOMLQJKIGGFBM78CB,幸福流域,F棟6號
草屯鎮,房地(土地+建物)+車位,南投縣草屯鎮石川路,16.02,,鄉村區,乙種建築用地,1101120,土地1建物1車位1,七層,10,華廈(10層含以下有電梯),住家用,鋼筋混凝土造,,132.21,2,2,2,有,無,6750000,67234,坡道平面,45.2,900000,,RPVOMLQJKIGGFBM88CB,幸福流域,F棟7號
草屯鎮,房地(土地+建物)+車位,南投縣草屯鎮石川路,16.02,,鄉村區,乙種建築用地,1101120,土地1建物1車位1,八層,10,華廈(10層含以下有電梯),住家用,鋼筋混凝土造,,132.21,2,2,2,有,無,6950000,69532,坡道平面,45.2,900000,,RPWOMLQJKIGGFBM98CB,幸福流域,F棟8號
草屯鎮,房地(土地+建物)+車位,南投縣草屯鎮石川路,16.02,,鄉村區,乙種建築用地,1101120,土地1建物1車位1,九層,10,華廈(10層含以下有電梯),住家用,鋼筋混凝土造,,132.21,2,2,2,有,無,6790000,67693,坡道平面,45.2,900000,,RPXOMLQJKIGGFBM09CB,幸福流域,F棟9號
草屯鎮,房地(土地+建物)+車位,南投縣草屯鎮石川路,16.02,,鄉村區,乙種建築用地,1101121,土地1建物1車位1,十層,10,華廈(10層含以下有電梯),住家用,鋼筋混凝土造,,132.21,2,2,2,有,無,6950000,69532,坡道平面,45.2,900000,,RPOPMLQJKIGGFBM28CB,幸福流域,F棟10號
草屯鎮,房地(土地+建物)+車位,南投縣草屯鎮石川路,16.02,,鄉村區,乙種建築用地,1101128,土地1建物1車位1,四層,10,華廈(10層含以下有電梯),住家用,鋼筋混凝土造,,128.59,2,2,2,有,無,6590000,66544,坡道平面,41.58,800000,,RPPPMLQJKIGGFBM38CB,幸福流域,E棟4號
草屯鎮,房地(土地+建物)+車位,南投縣草屯鎮石川路,16.02,,鄉村區,乙種建築用地,1101122,土地1建物1車位1,五層,10,華廈(10層含以下有電梯),住家用,鋼筋混凝土造,,132.21,2,2,2,有,無,7020000,68038,坡道平面,45.2,1100000,,RPQPMLQJKIGGFBM48CB,幸福流域,E棟5號
草屯鎮,房地(土地+建物)+車位,南投縣草屯鎮石川路,16.02,,鄉村區,乙種建築用地,1101125,土地1建物1車位1,七層,10,華廈(10層含以下有電梯),住家用,鋼筋混凝土造,,132.21,2,2,2,有,無,7020000,68038,坡道平面,45.2,1100000,,RPRPMLQJKIGGFBM58CB,幸福流域,E棟7號
草屯鎮,房地(土地+建物)+車位,南投縣草屯鎮石川路,16.02,,鄉村區,乙種建築用地,1101122,土地1建物1車位1,九層,10,華廈(10層含以下有電梯),住家用,鋼筋混凝土造,,132.21,2,2,2,有,無,7150000,69532,坡道平面,45.2,1100000,,RPSPMLQJKIGGFBM68CB,幸福流域,E棟9號
草屯鎮,房地(土地+建物)+車位,南投縣草屯鎮石川路,21.65,,鄉村區,乙種建築用地,1101130,土地1建物1車位1,五層,10,華廈(10層含以下有電梯),住家用,鋼筋混凝土造,,162.76,3,2,2,有,無,9100000,68050,坡道平面,45.2,1100000,,RPTPMLQJKIGGFBM78CB,幸福流域,C棟5號
草屯鎮,房地(土地+建物)+車位,南投縣草屯鎮石川路,16.02,,鄉村區,乙種建築用地,1101124,土地1建物1車位1,十層,10,華廈(10層含以下有電梯),住家用,鋼筋混凝土造,,132.21,2,2,2,有,無,6950000,69532,坡道平面,45.2,900000,,RPUPMLQJKIGGFBM88CB,幸福流域,E棟10號
草屯鎮,房地(土地+建物)+車位,南投縣草屯鎮石川路,21.65,,鄉村區,乙種建築用地,1101124,土地1建物1車位1,八層,10,華廈(10層含以下有電梯),住家用,鋼筋混凝土造,,162.76,3,2,2,有,無,9280000,69581,坡道平面,45.2,1100000,,RPVPMLQJKIGGFBM98CB,幸福流域,C棟8號
草屯鎮,房地(土地+建物)+車位,南投縣草屯鎮石川路,21.65,,鄉村區,乙種建築用地,1101120,土地1建物1車位1,九層,10,華廈(10層含以下有電梯),住家用,鋼筋混凝土造,,162.76,3,2,2,有,無,9070000,67795,坡道平面,45.2,1100000,,RPWPMLQJKIGGFBM09CB,幸福流域,C棟9號
草屯鎮,房地(土地+建物)+車位,南投縣草屯鎮石川路,21.65,,鄉村區,乙種建築用地,1101130,土地1建物1車位1,十層,10,華廈(10層含以下有電梯),住家用,鋼筋混凝土造,,162.76,3,2,2,有,無,9070000,67795,坡道平面,45.2,1100000,,RPXPMLQJKIGGFBM56CB,幸福流域,C棟10號
草屯鎮,房地(土地+建物)+車位,南投縣草屯鎮石川路,16.02,,鄉村區,乙種建築用地,1101128,土地1建物1車位1,四層,10,華廈(10層含以下有電梯),住家用,鋼筋混凝土造,,128.59,2,2,2,有,無,6790000,66544,一樓平面,41.58,1000000,,RPOQMLQJKIGGFBM38CB,幸福流域,F棟4號
草屯鎮,房地(土地+建物)+車位,南投縣草屯鎮石川路,19.11,,鄉村區,乙種建築用地,1101201,土地1建物1車位1,五層,10,華廈(10層含以下有電梯),住家用,鋼筋混凝土造,,149.02,3,2,2,有,無,8170000,68099,坡道平面,45.2,1100000,,RPPNMLRJKIGGFBM28CB,幸福流域,A棟5號
草屯鎮,房地(土地+建物)+車位,南投縣草屯鎮石川路,19.11,,鄉村區,乙種建築用地,1101129,土地1建物1車位1,八層,10,華廈(10層含以下有電梯),住家用,鋼筋混凝土造,,149.02,3,2,2,有,無,8130000,67713,坡道平面,45.2,1100000,,RPQNMLRJKIGGFBM38CB,幸福流域,B棟8號
草屯鎮,房地(土地+建物)+車位,南投縣草屯鎮石川路,21.65,,鄉村區,乙種建築用地,1101128,土地1建物1車位1,六層,10,華廈(10層含以下有電梯),住家用,鋼筋混凝土造,,162.76,3,2,2,有,無,8790000,67115,坡道平面,45.2,900000,,RPRNMLRJKIGGFBM48CB,幸福流域,C棟6號
草屯鎮,房地(土地+建物)+車位,南投縣草屯鎮石川路,16.02,,鄉村區,乙種建築用地,1101204,土地1建物1車位1,五層,10,華廈(10層含以下有電梯),住家用,鋼筋混凝土造,,132.21,2,2,2,有,無,7020000,68038,坡道平面,45.2,1100000,,RPSNMLRJKIGGFBM58CB,幸福流域,D棟5號
草屯鎮,房地(土地+建物)+車位,南投縣草屯鎮石川路,16.02,,鄉村區,乙種建築用地,1101205,土地1建物1車位1,六層,10,華廈(10層含以下有電梯),住家用,鋼筋混凝土造,,132.21,2,2,2,有,無,6820000,68038,坡道平面,45.2,900000,,RPTNMLRJKIGGFBM68CB,幸福流域,E棟6號
草屯鎮,房地(土地+建物)+車位,南投縣草屯鎮石川路,19.11,,鄉村區,乙種建築用地,1101130,土地1建物1車位1,五層,10,華廈(10層含以下有電梯),住家用,鋼筋混凝土造,,149.02,3,2,2,有,無,7970000,68099,坡道平面,45.2,900000,,RPUNMLRJKIGGFBM78CB,幸福流域,B棟5號
南投市,房地(土地+建物),南投縣南投市嘉和一路,79.41,住,,,1101113,土地2建物1車位0,全,4,透天厝,住家用,鋼筋混凝土造,,172.97,4,2,4,有,無,12200000,70532,,0.0,0,建物格局未包含一樓停車空間,RPPNMLSJKIGGFAM28CB,山水文苑,B棟10號
南投市,房地(土地+建物),南投縣南投市嘉和一路,70.41,住,,,1101113,土地2建物1車位0,全,4,透天厝,住家用,鋼筋混凝土造,,165.38,4,2,4,有,無,12300000,74374,,0.0,0,建物格局未包含一樓停車空間,RPQNMLSJKIGGFAM38CB,山水文苑,C棟3號
南投市,房地(土地+建物),南投縣南投市嘉和一路,70.41,住,,,1101116,土地2建物1車位0,全,4,透天厝,住家用,鋼筋混凝土造,,166.64,4,2,4,有,無,12300000,73812,,0.0,0,建物格局未包含一樓停車空間,RPRNMLSJKIGGFAM48CB,山水文苑,C棟2號
南投市,房地(土地+建物),南投縣南投市嘉和一路,76.41,住,,,1101116,土地2建物1車位0,全,4,透天厝,住家用,鋼筋混凝土造,,165.37,4,3,4,有,無,12200000,73774,,0.0,0,建物格局未包含一樓停車空間,RPSNMLSJKIGGFAM58CB,山水文苑,C棟9號
南投市,房地(土地+建物),南投縣南投市嘉和一路,75.41,住,,,1101117,土地2建物1車位0,全,4,透天厝,住家用,鋼筋混凝土造,,165.38,4,2,4,有,無,12400000,74979,,0.0,0,建物格局未包含一樓停車空間,RPTNMLSJKIGGFAM68CB,山水文苑,C棟13號
南投市,房地(土地+建物),南投縣南投市嘉和一路,77.41,住,,,1101119,土地2建物1車位0,全,4,透天厝,住家用,鋼筋混凝土造,,165.37,4,3,4,有,無,12500000,75588,,0.0,0,,RPUNMLSJKIGGFAM78CB,山水文苑,C棟12號
南投市,房地(土地+建物),南投縣南投市嘉和一路,70.41,住,,,1101127,土地2建物1車位0,全,4,透天厝,住家用,鋼筋混凝土造,,165.38,4,2,4,有,無,12200000,73770,,0.0,0,建物格局未包含一樓停車空間,RPVNMLSJKIGGFAM88CB,山水文苑,B棟2號
南投市,房地(土地+建物),南投縣南投市嘉和一路,70.41,住,,,1101130,土地2建物1車位0,全,4,透天厝,住家用,鋼筋混凝土造,,165.38,4,2,4,有,無,12200000,73770,,0.0,0,建物格局未包含一樓停車空間,RPWNMLSJKIGGFAM98CB,山水文苑,B棟8號
南投市,房地(土地+建物),南投縣南投市嘉和一路,75.0,住,,,1101117,土地1建物1車位0,全,4,透天厝,住家用,鋼筋混凝土造,,174.21,4,2,4,有,無,12900000,74049,,0.0,0,建物格局未包含一樓停車空間,RPPNMLTJKIGGFAM38CB,山水文苑,A棟1號
南投市,房地(土地+建物),南投縣南投市嘉和一路,70.0,住,,,1101117,土地1建物1車位0,全,4,透天厝,住家用,鋼筋混凝土造,,165.96,4,2,4,有,無,12900000,77730,,0.0,0,建物格局未包含一樓停車空間,RPQNMLTJKIGGFAM48CB,山水文苑,A棟2號
南投市,房地(土地+建物),南投縣南投市嘉和一路,82.0,住,,,1101117,土地1建物1車位0,全,4,透天厝,住家用,鋼筋混凝土造,,167.16,4,2,4,有,無,13100000,78368,,0.0,0,建物格局未包含一樓停車空間,RPRNMLTJKIGGFAM58CB,山水文苑,A棟3號
埔里鎮,房地(土地+建物)+車位,南投縣埔里鎮北平街,20.04,商,,,1101120,土地1建物1車位1,十三層,14,住宅大樓(11層含以上有電梯),住家用,鋼筋混凝土造,,144.86,3,2,2,有,無,10010000,75588,坡道平面,25.0,950000,,RPQNMLTJKIGGFCM78DB,寬心璽玥,E棟13號
埔里鎮,房地(土地+建物)+車位,南投縣埔里鎮北平街,20.14,商,,,1101118,土地1建物1車位1,十層,14,住宅大樓(11層含以上有電梯),住家用,鋼筋混凝土造,,144.76,3,2,2,有,無,8970000,66550,坡道平面,25.0,1000000,,RPRNMLTJKIGGFCM88DB,寬心璽玥,F棟10號
埔里鎮,房地(土地+建物)+車位,南投縣埔里鎮北平街,25.75,商,,,1101121,土地1建物1車位1,九層,14,住宅大樓(11層含以上有電梯),住家用,鋼筋混凝土造,,177.45,4,2,2,有,無,12630000,75631,坡道平面,25.0,1100000,,RPSNMLTJKIGGFCM98DB,寬心璽玥,B棟9號
埔里鎮,房地(土地+建物),南投縣埔里鎮大城巷,80.35,住,,,1101113,土地1建物1車位0,全,3,透天厝,住家用,鋼筋混凝土造,,133.72,4,2,4,有,無,9100000,68053,,0.0,0,,RPQNMLTJKIGGFCM68CB,綠原墅,A棟2號
埔里鎮,房地(土地+建物),南投縣埔里鎮大城巷,80.35,住,,,1101113,土地1建物1車位0,全,3,透天厝,住家用,鋼筋混凝土造,,133.72,4,2,4,有,無,8880000,66407,,0.0,0,,RPRNMLTJKIGGFCM78CB,綠原墅,A棟3號
埔里鎮,房地(土地+建物),南投縣埔里鎮大城巷,84.28,住,,,1101111,土地1建物1車位0,全,3,透天厝,住家用,鋼筋混凝土造,,135.94,4,2,4,有,無,8980000,66059,,0.0,0,,RPSNMLTJKIGGFCM88CB,綠原墅,A棟5號
埔里鎮,房地(土地+建物)+車位,南投縣埔里鎮朝陽街,29.85,住,,,1101127,土地1建物1車位1,四層,5,華廈(10層含以下有電梯),住家用,鋼筋混凝土造,,101.44,3,2,2,有,無,6850000,66940,一樓平面,13.75,980000,,RPPNMLKKKIGGFCM87DB,喬富易居,C棟4號
埔里鎮,房地(土地+建物)+車位,南投縣埔里鎮朝陽街,29.85,住,,,1101122,土地1建物1車位1,五層,5,華廈(10層含以下有電梯),住家用,鋼筋混凝土造,,104.44,3,2,2,有,無,7000000,68195,一樓平面,16.75,1020000,,RPQNMLKKKIGGFCM97DB,喬富易居,C棟5號
埔里鎮,房地(土地+建物)+車位,南投縣埔里鎮朝陽街,31.55,住,,,1101116,土地1建物1車位1,五層,5,華廈(10層含以下有電梯),住家用,鋼筋混凝土造,,107.69,3,2,2,有,無,7220000,66890,一樓平面,15.0,1020000,,RPRNMLKKKIGGFCM08DB,喬富易居,B棟5號
草屯鎮,房地(土地+建物)+車位,南投縣草屯鎮富春路四維巷,26.72,住,,,1101114,土地2建物1車位1,四層,12,住宅大樓(11層含以上有電梯),住家用,鋼筋混凝土造,,85.36,2,2,1,有,無,5130000,62279,坡道機械,11.82,550000,,RPPNMLKKKIGGFBM67CB,久樘四季Villa,D6棟4F號
草屯鎮,房地(土地+建物)+車位,南投縣草屯鎮富春路四維巷,29.39,住,,,1101120,土地2建物1車位1,一層,12,住宅大樓(11層含以上有電梯),住家用,鋼筋混凝土造,,92.85,2,2,1,有,無,5980000,63927,坡道機械,11.82,800000,,RPQNMLKKKIGGFBM77CB,久樘四季Villa,A7棟1F號
草屯鎮,房地(土地+建物)+車位,南投縣草屯鎮富春路四維巷,40.77,住,,,1101130,土地2建物1車位1,八層,12,住宅大樓(11層含以上有電梯),住家用,鋼筋混凝土造,,135.83,3,2,2,有,無,8720000,66138,坡道平面,23.64,1300000,,RPRNMLKKKIGGFBM87CB,久樘四季Villa,B2棟8F號
草屯鎮,房地(土地+建物)+車位,南投縣草屯鎮富春路四維巷,29.31,住,,,1101125,土地2建物1車位1,三層,12,住宅大樓(11層含以上有電梯),住家用,鋼筋混凝土造,,92.43,2,2,1,有,無,5670000,63516,坡道機械,11.82,550000,,RPSNMLKKKIGGFBM97CB,久樘四季Villa,B3棟3F號
草屯鎮,房地(土地+建物)+車位,南投縣草屯鎮富春路四維巷,29.39,住,,,1101127,土地2建物1車位1,二層,12,住宅大樓(11層含以上有電梯),住家用,鋼筋混凝土造,,92.85,2,2,1,有,無,5950000,63557,坡道機械,11.82,800000,,RPTNMLKKKIGGFBM08CB,久樘四季Villa,B7棟2F號
草屯鎮,房地(土地+建物)+車位,南投縣草屯鎮中山街,23.34,商,,,1101112,土地1建物1車位1,十五層,15,住宅大樓(11層含以上有電梯),住商用,鋼筋混凝土造,,152.8,3,2,2,有,無,10920000,76236,坡道平面,28.58,1450000,,RPUNMLKKKIGGFBM18CB,富宇中山溱邸,C棟5號
草屯鎮,房地(土地+建物)+車位,南投縣草屯鎮富春路四維巷,26.81,住,,,1101202,土地2建物1車位1,一層,12,住宅大樓(11層含以上有電梯),住家用,鋼筋混凝土造,,85.65,2,2,1,有,無,5580000,64743,坡道機械,11.82,800000,,RPPNMLLKKIGGFBM77CB,久樘四季Villa,D5棟1F號
草屯鎮,房地(土地+建物),南投縣草屯鎮御富路與東山路口,68.47,住,,,1101113,土地6建物1車位0,全,5,店面(店鋪),住商用,鋼筋混凝土造,,188.09,4,3,6,有,無,12760000,67840,,0.0,0,,RPVNMLMKKIGGFBM48CB,昌祐大聚,店棟15號
南投市,房地(土地+建物)+車位,南投縣南投市文化路707巷,31.82,住,,,1101116,土地6建物1車位1,六層,7,華廈(10層含以下有電梯),住家用,鋼筋混凝土造,,126.74,3,2,2,有,無,6800000,59887,坡道平面,31.56,1100000,,RPROMLPKKIGGFAM38CB,英倫天琴,B1棟6F號
南投市,房地(土地+建物)+車位,南投縣南投市文化路707巷,37.89,住,,,1101116,土地6建物1車位2,六層,7,華廈(10層含以下有電梯),住家用,鋼筋混凝土造,,176.44,3,2,2,有,無,9080000,60713,坡道平面,63.12,2200000,,RPSOMLPKKIGGFAM48CB,英倫天琴,D2棟6F號
南投市,房地(土地+建物)+車位,南投縣南投市文化路707巷,37.89,住,,,1101116,土地6建物1車位1,六層,7,華廈(10層含以下有電梯),住家用,鋼筋混凝土造,,144.88,3,2,2,有,無,7980000,60713,坡道平面,31.56,1100000,,RPTOMLPKKIGGFAM58CB,英倫天琴,D1棟6F號
南投市,房地(土地+建物)+車位,南投縣南投市文化路707巷,26.62,住,,,1101118,土地6建物1車位1,四層,7,華廈(10層含以下有電梯),住家用,鋼筋混凝土造,,111.19,2,2,2,有,無,5850000,60907,坡道平面,31.56,1000000,,RPUOMLPKKIGGFAM68CB,英倫天琴,C2棟4F號
南投市,房地(土地+建物)+車位,南投縣南投市文化路707巷,31.82,住,,,1101118,土地6建物1車位1,五層,7,華廈(10層含以下有電梯),住家用,鋼筋混凝土造,,126.74,3,2,2,有,無,6550000,58311,坡道平面,31.56,1000000,,RPPNMLQKKIGGFAM18CB,英倫天琴,B1棟5F號
南投市,房地(土地+建物)+車位,南投縣南投市文化路707巷,32.31,住,,,1101118,土地6建物1車位1,五層,7,華廈(10層含以下有電梯),住家用,鋼筋混凝土造,,128.19,3,2,2,有,無,6630000,58263,坡道平面,31.56,1000000,,RPQNMLQKKIGGFAM28CB,英倫天琴,A3棟5F號
南投市,房地(土地+建物)+車位,南投縣南投市文化路707巷,31.82,住,,,1101119,土地6建物1車位1,五層,7,華廈(10層含以下有電梯),住家用,鋼筋混凝土造,,126.74,3,2,2,有,無,6550000,58311,坡道平面,31.56,1000000,,RPRNMLQKKIGGFAM38CB,英倫天琴,B3棟5F號
南投市,房地(土地+建物)+車位,南投縣南投市文化路707巷,31.82,住,,,1101119,土地6建物1車位1,五層,7,華廈(10層含以下有電梯),住家用,鋼筋混凝土造,,126.74,3,2,2,有,無,6550000,58311,坡道平面,31.56,1000000,,RPSNMLQKKIGGFAM48CB,英倫天琴,B5棟5F號
南投市,房地(土地+建物)+車位,南投縣南投市文化路707巷,38.81,住,,,1101119,土地6建物1車位1,四層,7,華廈(10層含以下有電梯),住家用,鋼筋混凝土造,,147.6,3,2,2,有,無,8170000,61789,坡道平面,31.56,1000000,,RPTNMLQKKIGGFAM58CB,英倫天琴,E1棟4F號
南投市,房地(土地+建物)+車位,南投縣南投市文化路707巷,26.62,住,,,1101119,土地6建物1車位1,二層,7,華廈(10層含以下有電梯),住家用,鋼筋混凝土造,,111.19,2,2,2,有,無,5370000,54879,坡道平面,31.56,1000000,,RPUNMLQKKIGGFAM68CB,英倫天琴,E2棟2F號
南投市,房地(土地+建物)+車位,南投縣南投市文化路707巷,40.07,住,,,1101120,土地6建物1車位1,二層,7,華廈(10層含以下有電梯),住家用,鋼筋混凝土造,,151.43,3,2,2,有,無,7800000,55894,坡道平面,31.56,1100000,,RPVNMLQKKIGGFAM78CB,英倫天琴,C1棟2F號
南投市,房地(土地+建物)+車位,南投縣南投市文化路707巷,32.31,住,,,1101120,土地6建物1車位1,六層,7,華廈(10層含以下有電梯),住家用,鋼筋混凝土造,,128.19,3,2,2,有,無,7480000,66025,坡道平面,31.56,1100000,,RPWNMLQKKIGGFAM88CB,英倫天琴,A3棟6F號
南投市,房地(土地+建物)+車位,南投縣南投市文化路707巷,25.57,住,,,1101119,土地6建物1車位1,三層,7,華廈(10層含以下有電梯),住家用,鋼筋混凝土造,,108.0,2,2,1,有,無,5260000,55730,坡道平面,31.56,1000000,,RPPNMLRKKIGGFAM28CB,英倫天琴,D3棟3F號
南投市,房地(土地+建物)+車位,南投縣南投市文化路707巷,25.57,住,,,1101121,土地6建物1車位1,三層,7,華廈(10層含以下有電梯),住家用,鋼筋混凝土造,,108.0,2,2,1,有,無,5600000,60178,坡道平面,31.56,1000000,,RPQNMLRKKIGGFAM38CB,英倫天琴,D5棟3F號
南投市,房地(土地+建物)+車位,南投縣南投市文化路707巷,26.62,住,,,1101121,土地6建物1車位1,二層,7,華廈(10層含以下有電梯),住家用,鋼筋混凝土造,,111.19,2,2,2,有,無,5520000,55507,坡道平面,31.56,1100000,,RPRNMLRKKIGGFAM48CB,英倫天琴,C2棟2F號
南投市,房地(土地+建物)+車位,南投縣南投市文化路707巷,26.62,住,,,1101121,土地6建物1車位1,二層,7,華廈(10層含以下有電梯),住家用,鋼筋混凝土造,,111.19,2,2,2,有,無,5520000,55507,坡道平面,31.56,1100000,,RPSNMLRKKIGGFAM58CB,英倫天琴,C3棟2F號
埔里鎮,房地(土地+建物)+車位,南投縣埔里鎮北平街,20.14,商,,,1101201,土地1建物1車位1,五層,14,住宅大樓(11層含以上有電梯),住家用,鋼筋混凝土造,,144.76,3,2,2,有,無,9710000,72729,坡道平面,25.0,1000000,,RPPNMLRKKIGGFCM58DB,寬心璽玥,F棟5號
埔里鎮,房地(土地+建物)+車位,南投縣埔里鎮北平街,20.04,商,,,1101127,土地1建物1車位1,五層,14,住宅大樓(11層含以上有電梯),住家用,鋼筋混凝土造,,144.86,3,2,2,有,無,9590000,70833,坡道平面,25.0,1100000,,RPQNMLRKKIGGFCM68DB,寬心璽玥,D棟5號
南投市,房地(土地+建物)+車位,南投縣南投市文化路707巷,31.82,住,,,1101122,土地6建物1車位1,三層,7,華廈(10層含以下有電梯),住家用,鋼筋混凝土造,,126.74,3,2,2,有,無,6360000,56314,坡道平面,31.56,1000000,,RPPNMLKLKIGGFAM67CB,英倫天琴,B2棟3F號
南投市,房地(土地+建物)+車位,南投縣南投市文化路707巷,31.82,住,,,1101122,土地6建物1車位1,五層,7,華廈(10層含以下有電梯),住家用,鋼筋混凝土造,,126.74,3,2,2,有,無,7030000,62303,坡道平面,31.56,1100000,,RPQNMLKLKIGGFAM77CB,英倫天琴,B2棟5F號
草屯鎮,房地(土地+建物),南投縣草屯鎮御富路與東山路口,75.9,住,,,1101121,土地6建物1車位0,全,4,透天厝,住家用,鋼筋混凝土造,,150.05,4,2,5,有,無,11100000,73975,,0.0,0,,RPPNMLKLKIGGFBM77CB,昌祐大聚,A棟1號
草屯鎮,房地(土地+建物),南投縣草屯鎮御富路與東山路口,75.9,住,,,1101122,土地6建物1車位0,全,4,透天厝,住家用,鋼筋混凝土造,,150.05,4,2,5,有,無,10900000,72642,,0.0,0,,RPQNMLKLKIGGFBM87CB,昌祐大聚,A棟2號
草屯鎮,房地(土地+建物),南投縣草屯鎮御富路與東山路口,113.6,住,,,1101129,土地6建物1車位0,全,4,透天厝,住家用,鋼筋混凝土造,,197.2,5,2,5,有,無,13500000,68458,,0.0,0,,RPRNMLKLKIGGFBM97CB,昌祐大聚,A棟3號
南投市,房地(土地+建物)+車位,南投縣南投市文化路707巷,31.82,住,,,1101123,土地6建物1車位1,三層,7,華廈(10層含以下有電梯),住家用,鋼筋混凝土造,,126.74,3,2,2,有,無,6870000,60622,坡道平面,31.56,1100000,,RPPNMLLLKIGGFAM77CB,英倫天琴,B5棟3F號
南投市,房地(土地+建物)+車位,南投縣南投市文化路707巷,37.89,住,,,1101125,土地6建物1車位1,三層,7,華廈(10層含以下有電梯),住家用,鋼筋混凝土造,,144.88,3,2,2,有,無,8000000,60890,坡道平面,31.56,1100000,,RPRNMLLLKIGGFAM97CB,英倫天琴,D1棟3F號
南投市,房地(土地+建物)+車位,南投縣南投市文化路707巷,31.82,住,,,1101125,土地6建物1車位1,四層,7,華廈(10層含以下有電梯),住家用,鋼筋混凝土造,,126.74,3,2,2,有,無,6890000,60832,坡道平面,31.56,1100000,,RPSNMLLLKIGGFAM08CB,英倫天琴,B1棟4F號
南投市,房地(土地+建物)+車位,南投縣南投市彰南路一段,29.99,,鄉村區,乙種建築用地,1101217,土地1建物1車位1,五層,9,華廈(10層含以下有電梯),住家用,鋼筋混凝土造,,112.08,3,2,2,有,無,7150000,63794,坡道平面,0.0,1200000,,RPTNMLLLKIGGFAM18CB,遇見愛,B2棟5F號
南投市,房地(土地+建物)+車位,南投縣南投市文化路707巷,32.31,住,,,1101125,土地6建物1車位1,四層,7,華廈(10層含以下有電梯),住家用,鋼筋混凝土造,,128.19,3,2,2,有,無,7000000,62093,坡道平面,31.56,1000000,,RPUNMLLLKIGGFAM28CB,英倫天琴,A5棟4F號
南投市,房地(土地+建物)+車位,南投縣南投市文化路707巷,38.81,住,,,1101125,土地6建物1車位1,五層,7,華廈(10層含以下有電梯),住家用,鋼筋混凝土造,,147.6,3,2,2,有,無,8500000,63771,坡道平面,31.56,1100000,,RPVNMLLLKIGGFAM38CB,英倫天琴,E1棟5F號
南投市,房地(土地+建物)+車位,南投縣南投市文化路707巷,31.82,住,,,1101126,土地6建物1車位1,三層,7,華廈(10層含以下有電梯),住家用,鋼筋混凝土造,,126.74,3,2,2,有,無,6660000,59466,坡道平面,31.56,1000000,,RPWNMLLLKIGGFAM48CB,英倫天琴,B1棟3F號
南投市,房地(土地+建物)+車位,南投縣南投市彰南路一段,24.63,,鄉村區,乙種建築用地,1101215,土地1建物1車位1,八層,9,華廈(10層含以下有電梯),住家用,鋼筋混凝土造,,92.0,2,2,1,有,無,5570000,60543,升降機械,0.0,700000,,RPXNMLLLKIGGFAM58CB,遇見愛,B1棟8F號
埔里鎮,房地(土地+建物),南投縣埔里鎮福長路,113.46,,一般農業區,甲種建築用地,1101213,土地2建物1車位0,全,3,透天厝,住家用,鋼筋混凝土造,,146.55,4,2,3,有,無,8550000,58342,,0.0,0,,RPPNMLLLKIGGFCM97CB,戀戀溫泉,B棟6號
南投市,房地(土地+建物),南投縣南投市南崗二路199巷,89.41,住,,,1101127,土地3建物1車位0,全,4,透天厝,住家用,見其他登記事項,,171.09,5,2,4,有,無,9950000,58157,,0.0,0,,RPQNMLLLKIGGFAM97DB,世紀香頌,B棟B1號
南投市,房地(土地+建物)+車位,南投縣南投市文化路707巷,32.31,住,,,1101126,土地6建物1車位1,六層,7,華廈(10層含以下有電梯),住家用,鋼筋混凝土造,,128.19,3,2,2,有,無,7560000,66853,坡道平面,31.56,1100000,,RPPNMLMLKIGGFAM87CB,英倫天琴,A2棟6F號
草屯鎮,房地(土地+建物)+車位,南投縣草屯鎮博愛路,29.62,住,,,1101125,土地1建物1車位1,八層,15,住宅大樓(11層含以上有電梯),住家用,鋼筋混凝土造,,156.77,3,2,2,有,無,10380000,74233,坡道平面,35.8,1400000,,RPPNMLNLKIGGFBM08CB,富宇博愛苑,B棟1號
草屯鎮,房地(土地+建物)+車位,南投縣草屯鎮石川路,19.11,,鄉村區,乙種建築用地,1101210,土地1建物1車位1,三層,10,華廈(10層含以下有電梯),住家用,鋼筋混凝土造,,149.02,3,2,2,有,無,8010000,66558,坡道平面,45.2,1100000,,RPSNMLNLKIGGFBM38CB,幸福流域,B棟3號
草屯鎮,房地(土地+建物)+車位,南投縣草屯鎮石川路,19.11,,鄉村區,乙種建築用地,1101211,土地1建物1車位1,三層,10,華廈(10層含以下有電梯),住家用,鋼筋混凝土造,,149.02,3,2,2,有,無,8010000,66558,坡道平面,45.2,1100000,,RPTNMLNLKIGGFBM48CB,幸福流域,A棟3號
草屯鎮,房地(土地+建物)+車位,南投縣草屯鎮石川路,19.07,,鄉村區,乙種建築用地,1101219,土地1建物1車位1,二層,10,華廈(10層含以下有電梯),住家用,鋼筋混凝土造,,148.7,3,2,2,有,無,8240000,68986,坡道平面,45.2,1100000,,RPUNMLNLKIGGFBM58CB,幸福流域,B棟2號
草屯鎮,房地(土地+建物)+車位,南投縣草屯鎮石川路,19.11,,鄉村區,乙種建築用地,1101222,土地1建物1車位1,四層,10,華廈(10層含以下有電梯),住家用,鋼筋混凝土造,,149.02,3,2,2,有,無,8010000,66558,坡道平面,45.2,1100000,,RPVNMLNLKIGGFBM68CB,幸福流域,A棟4號
草屯鎮,房地(土地+建物)+車位,南投縣草屯鎮石川路,19.11,,鄉村區,乙種建築用地,1101222,土地1建物1車位1,四層,10,華廈(10層含以下有電梯),住家用,鋼筋混凝土造,,149.02,3,2,2,有,無,8010000,66558,坡道平面,45.2,1100000,,RPWNMLNLKIGGFBM78CB,幸福流域,B棟4號
草屯鎮,房地(土地+建物)+車位,南投縣草屯鎮石川路,21.65,,鄉村區,乙種建築用地,1101222,土地1建物1車位1,四層,10,華廈(10層含以下有電梯),住家用,鋼筋混凝土造,,162.76,3,2,2,有,無,8920000,66519,坡道平面,45.2,1100000,,RPXNMLNLKIGGFBM88CB,幸福流域,C棟4號
草屯鎮,房地(土地+建物)+車位,南投縣草屯鎮石川路,16.02,,鄉村區,乙種建築用地,1101212,土地1建物1車位1,八層,10,華廈(10層含以下有電梯),住家用,鋼筋混凝土造,,132.21,2,2,2,有,無,7150000,69532,坡道平面,45.2,1100000,,RPOOMLNLKIGGFBM08CB,幸福流域,E棟8號
南投市,房地(土地+建物),南投縣南投市南崗二路199巷,111.41,住,,,1101124,土地4建物1車位0,全,4,透天厝,住家用,見其他登記事項,,188.51,5,2,4,有,無,11900000,63127,,0.0,0,,RPQNMLNLKIGGFAM18DB,世紀香頌,B棟B17號
南投市,房地(土地+建物)+車位,南投縣南投市營盤路190巷19弄,30.2,,鄉村區,乙種建築用地,1101214,土地2建物1車位1,五層,5,華廈(10層含以下有電梯),住家用,鋼筋混凝土造,,111.05,3,1,2,有,無,6700000,58303,一樓平面,11.57,900000,,RPPNMLOLKIGGFAM08CB,鑫大順建設-幸福中興,A棟8號
南投市,房地(土地+建物)+車位,南投縣南投市文化路707巷,32.31,住,,,1101129,土地6建物1車位1,五層,7,華廈(10層含以下有電梯),住家用,鋼筋混凝土造,,128.19,3,2,2,有,無,7180000,63955,坡道平面,31.56,1000000,,RPQNMLOLKIGGFAM18CB,英倫天琴,A5棟5F號
南投市,房地(土地+建物)+車位,南投縣南投市文化路707巷,26.62,住,,,1101130,土地6建物1車位1,五層,7,華廈(10層含以下有電梯),住家用,鋼筋混凝土造,,111.19,2,2,2,有,無,6100000,64046,坡道平面,31.56,1000000,,RPRNMLOLKIGGFAM28CB,英倫天琴,C2棟5F號
南投市,房地(土地+建物)+車位,南投縣南投市文化路707巷,26.62,住,,,1101130,土地6建物1車位1,四層,7,華廈(10層含以下有電梯),住家用,鋼筋混凝土造,,111.19,2,2,2,有,無,5910000,61660,坡道平面,31.56,1000000,,RPSNMLOLKIGGFAM38CB,英倫天琴,C3棟4F號
南投市,房地(土地+建物)+車位,南投縣南投市文化路707巷,25.57,住,,,1101201,土地6建物1車位1,五層,7,華廈(10層含以下有電梯),住家用,鋼筋混凝土造,,108.0,2,2,1,有,無,6110000,66850,坡道平面,31.56,1000000,,RPTNMLOLKIGGFAM48CB,英倫天琴,D3棟5F號
南投市,房地(土地+建物)+車位,南投縣南投市文化路707巷,31.82,住,,,1101203,土地6建物1車位1,三層,7,華廈(10層含以下有電梯),住家用,鋼筋混凝土造,,126.74,3,2,2,有,無,6820000,61147,坡道平面,31.56,1000000,,RPUNMLOLKIGGFAM58CB,英倫天琴,B3棟3F號
南投市,房地(土地+建物)+車位,南投縣南投市文化路707巷,32.31,住,,,1101203,土地6建物1車位1,三層,7,華廈(10層含以下有電梯),住家用,鋼筋混凝土造,,128.19,3,2,2,有,無,7200000,64162,坡道平面,31.56,1000000,,RPVNMLOLKIGGFAM68CB,英倫天琴,A3棟3F號
草屯鎮,房地(土地+建物)+車位,南投縣草屯鎮中山街,22.24,商,,,1101216,土地1建物1車位2,五層,15,住宅大樓(11層含以上有電梯),住商用,鋼筋混凝土造,,175.54,3,2,2,有,無,11150000,71380,坡道平面,57.16,2700000,原建物坐落南投縣草屯鎮草屯段0737-0001號、草屯段0749-0007號 等十二筆地號，已整合為一筆南投縣草屯鎮草屯段737-1地號。,RPPNMLPLKIGGFBM28CB,富宇中山溱邸,A棟1號
草屯鎮,房地(土地+建物)+車位,南投縣草屯鎮中山街,22.24,商,,,1101211,土地1建物1車位2,十一層,15,住宅大樓(11層含以上有電梯),住商用,鋼筋混凝土造,,175.54,3,2,2,有,無,12100000,76026,坡道平面,57.16,3100000,,RPQNMLPLKIGGFBM38CB,富宇中山溱邸,A棟1號
草屯鎮,房地(土地+建物)+車位,南投縣草屯鎮中山街,26.02,商,,,1101211,土地1建物1車位1,四層,15,住宅大樓(11層含以上有電梯),住商用,鋼筋混凝土造,,166.9,4,2,2,有,無,11500000,71935,坡道平面,28.58,1550000,,RPRNMLPLKIGGFBM48CB,富宇中山溱邸,A棟3號
草屯鎮,房地(土地+建物)+車位,南投縣草屯鎮中山街,22.5,商,,,1101202,土地1建物1車位1,三層,15,住宅大樓(11層含以上有電梯),住商用,鋼筋混凝土造,,148.26,3,2,2,有,無,9800000,70605,坡道平面,28.58,1350000,,RPSNMLPLKIGGFBM58CB,富宇中山溱邸,B棟5號
草屯鎮,房地(土地+建物)+車位,南投縣草屯鎮中山街,22.5,商,,,1101128,土地1建物1車位2,二層,15,住宅大樓(11層含以上有電梯),住商用,鋼筋混凝土造,,176.93,3,2,2,有,無,11520000,70301,坡道平面,57.16,3100000,,RPTNMLPLKIGGFBM68CB,富宇中山溱邸,B棟6號
草屯鎮,房地(土地+建物),南投縣草屯鎮中山街,22.5,商,,,1101130,土地1建物1車位0,四層,15,住宅大樓(11層含以上有電梯),住商用,鋼筋混凝土造,,119.65,3,2,2,有,無,8400000,70205,,0.0,0,,RPUNMLPLKIGGFBM78CB,富宇中山溱邸,C棟5號
草屯鎮,房地(土地+建物)+車位,南投縣草屯鎮博愛路,29.52,住,,,1101210,土地1建物1車位2,七層,15,住宅大樓(11層含以上有電梯),住家用,鋼筋混凝土造,,192.3,3,2,2,有,無,11920000,74731,坡道平面,71.6,2900000,原建物坐落南投縣草屯鎮玉峰段196、216、217、223、224、224-1地號共六筆地號，已整合為一筆南投縣草屯鎮玉峰段196地號。,RPVNMLPLKIGGFBM88CB,富宇博愛苑,A棟1號
草屯鎮,房地(土地+建物)+車位,南投縣草屯鎮博愛路,19.69,住,,,1101130,土地1建物1車位1,十層,15,住宅大樓(11層含以上有電梯),住家用,鋼筋混凝土造,,116.24,2,1,1,有,無,7450000,75833,坡道平面,35.8,1350000,,RPWNMLPLKIGGFBM98CB,富宇博愛苑,B棟2號
草屯鎮,房地(土地+建物)+車位,南投縣草屯鎮博愛路,29.52,住,,,1101218,土地1建物1車位1,九層,15,住宅大樓(11層含以上有電梯),住家用,鋼筋混凝土造,,156.45,3,2,2,有,無,10520000,75176,坡道平面,35.8,1450000,,RPXNMLPLKIGGFBM09CB,富宇博愛苑,A棟3號
草屯鎮,房地(土地+建物)+車位,南投縣草屯鎮博愛路,22.27,住,,,1101213,土地1建物1車位1,八層,15,住宅大樓(11層含以上有電梯),住家用,鋼筋混凝土造,,126.85,2,2,1,有,無,8300000,76332,坡道平面,35.8,1350000,,RPOOMLPLKIGGFBM28CB,富宇博愛苑,A棟5號
草屯鎮,房地(土地+建物)+車位,南投縣草屯鎮富春路四維巷,39.3,住,,,1101129,土地2建物1車位1,六層,12,住宅大樓(11層含以上有電梯),住家用,鋼筋混凝土造,,131.93,3,2,2,有,無,8500000,66488,坡道平面,23.64,1300000,,RPPOMLPLKIGGFBM38CB,久樘四季Villa,B5棟6F號
草屯鎮,房地(土地+建物)+車位,南投縣草屯鎮富春路四維巷,39.3,住,,,1101215,土地2建物1車位1,八層,12,住宅大樓(11層含以上有電梯),住家用,鋼筋混凝土造,,120.11,3,2,2,有,無,7950000,66026,坡道機械,11.82,800000,,RPQOMLPLKIGGFBM48CB,久樘四季Villa,B5棟8F號
南投市,房地(土地+建物),南投縣南投市南崗二路199巷,109.41,住,,,1101226,土地4建物1車位0,全,4,透天厝,住家用,見其他登記事項,,189.92,5,2,4,有,無,11950000,62921,,0.0,0,,RPPNMLRLKIGGFAM48DB,世紀香頌,B棟B16號
名間鄉,房地(土地+建物),南投縣名間鄉員集路147巷內,121.72,住,,,1101202,土地10建物1車位0,全,4,透天厝,住家用,鋼筋混凝土造,,179.68,4,2,5,有,無,8680000,48308,,0.0,0,,RPQNMLRLKIGGFAM58DB,御山美,B棟5號
竹山鎮,房地(土地+建物),南投縣竹山鎮昭德街,90.88,商,,,1101215,土地2建物1車位0,全,4,透天厝,住家用,見其他登記事項,,167.95,4,3,4,有,無,11000000,65496,,0.0,0,建物格局不包含一樓停車空間,RPPNMLSLKIGGFDM78CB,山水富築,B棟8號
南投市,房地(土地+建物),南投縣南投市文化南路,77.76,住,,,1101216,土地2建物1車位0,全,4,透天厝,住家用,見其他登記事項,,184.31,3,2,3,有,無,9600000,52086,,0.0,0,建物格局不包含一樓停車空間、屋突樓梯間,RPPNMLSLKIGGFAM48CB,山水年華,B棟11號
南投市,房地(土地+建物),南投縣南投市嘉和一路,70.41,住,,,1101209,土地2建物1車位0,全,4,透天厝,住家用,鋼筋混凝土造,,165.38,4,2,4,有,無,12200000,73770,,0.0,0,建物格局未包含一樓停車空間,RPQNMLSLKIGGFAM58CB,山水文苑,C棟6號
南投市,房地(土地+建物),南投縣南投市嘉和一路,77.41,住,,,1101211,土地2建物1車位0,全,4,透天厝,住家用,鋼筋混凝土造,,165.37,4,3,4,有,無,12100000,73169,,0.0,0,,RPRNMLSLKIGGFAM68CB,山水文苑,C棟7號
埔里鎮,房地(土地+建物),南投縣埔里鎮大城巷,139.9,住,,,1101203,土地1建物1車位0,全,3,透天厝,住家用,鋼筋混凝土造,,134.18,4,2,4,有,無,9700000,72291,,0.0,0,,RPPNMLTLKIGGFCM78CB,綠原墅,A棟6號
埔里鎮,房地(土地+建物)+車位,南投縣埔里鎮北平街,19.81,商,,,1101221,土地1建物1車位1,十層,14,住宅大樓(11層含以上有電梯),住家用,鋼筋混凝土造,,144.01,3,2,2,有,無,10920000,81674,坡道平面,25.0,1200000,,RPPNMLMJJHHGFCM87DB,寬心璽玥,C棟10號
埔里鎮,房地(土地+建物)+車位,南投縣埔里鎮梅林三街,24.08,住,,,1101223,土地1建物1車位1,七層,7,華廈(10層含以下有電梯),住家用,鋼筋混凝土造,,101.43,2,2,1,有,無,6600000,77951,坡道平面,29.59,1000000,,RPQNMLMJJHHGFCM97DB,梅林匯,F棟7號
南投市,房地(土地+建物),南投縣南投市南崗二路199巷,101.41,住,,,1101231,土地4建物1車位0,全,4,透天厝,住家用,見其他登記事項,,170.95,5,2,4,有,無,11000000,64346,,0.0,0,,RPPNMLNJJHHGFAM77DB,世紀香頌,B13號
草屯鎮,房地(土地+建物)+車位,南投縣草屯鎮石川路,16.02,,鄉村區,乙種建築用地,1101221,土地1建物1車位1,四層,10,華廈(10層含以下有電梯),住家用,鋼筋混凝土造,,132.21,2,2,2,有,無,6890000,66544,坡道平面,45.2,1100000,,RPPNMLNJJHHGFBM77CB,幸福流域,G棟4號
草屯鎮,房地(土地+建物)+車位,南投縣草屯鎮石川路,19.11,,鄉村區,乙種建築用地,1110103,土地1建物1車位1,十層,10,華廈(10層含以下有電梯),住家用,鋼筋混凝土造,,149.02,3,2,2,有,無,8120000,69543,坡道平面,45.2,900000,,RPPNMLOJJHHGFBM87CB,幸福流域,A棟10號
草屯鎮,房地(土地+建物)+車位,南投縣草屯鎮石川路,19.11,,鄉村區,乙種建築用地,1110103,土地1建物1車位1,十層,10,華廈(10層含以下有電梯),住家用,鋼筋混凝土造,,149.02,3,2,2,有,無,8120000,69543,坡道平面,45.2,900000,,RPQNMLOJJHHGFBM97CB,幸福流域,B棟10號
南投市,房地(土地+建物)+車位,南投縣南投市文化路707巷,31.82,住,,,1101206,土地6建物1車位2,四層,7,華廈(10層含以下有電梯),住家用,鋼筋混凝土造,,158.3,3,2,2,有,無,8080000,63879,坡道平面,63.12,2000000,,RPPNMLOJJHHGFAM77CB,英倫天琴,B5棟4F號
南投市,房地(土地+建物)+車位,南投縣南投市文化路707巷,31.82,住,,,1101206,土地6建物1車位1,四層,7,華廈(10層含以下有電梯),住家用,鋼筋混凝土造,,126.74,3,2,2,有,無,7080000,63879,坡道平面,31.56,1000000,,RPQNMLOJJHHGFAM87CB,英倫天琴,B3棟4F號
南投市,房地(土地+建物)+車位,南投縣南投市文化路707巷,26.62,住,,,1101209,土地6建物1車位1,三層,7,華廈(10層含以下有電梯),住家用,鋼筋混凝土造,,111.19,2,2,2,有,無,5890000,60153,坡道平面,31.56,1100000,,RPRNMLOJJHHGFAM97CB,英倫天琴,E3棟3F號
南投市,房地(土地+建物)+車位,南投縣南投市文化路707巷,26.62,住,,,1101213,土地6建物1車位1,三層,7,華廈(10層含以下有電梯),住家用,鋼筋混凝土造,,111.19,2,2,2,有,無,5960000,62288,坡道平面,31.56,1000000,,RPSNMLOJJHHGFAM08CB,英倫天琴,C2棟3F號
草屯鎮,房地(土地+建物),南投縣草屯鎮坪腳巷,31.71,,鄉村區,乙種建築用地,1101231,土地7建物1車位0,二層,12,住宅大樓(11層含以上有電梯),住家用,鋼筋混凝土造,,114.7,3,2,2,有,無,5880000,51264,,0.0,0,,RPPNMLPJJHHGFBM97CB,廣宣成家 N03-樂高,B2棟0號
草屯鎮,房地(土地+建物)+車位,南投縣草屯鎮富春路四維巷,40.77,住,,,1101216,土地2建物1車位1,四層,12,住宅大樓(11層含以上有電梯),住家用,鋼筋混凝土造,,135.83,3,2,2,有,無,8500000,64177,坡道平面,23.64,1300000,,RPQNMLPJJHHGFBM08CB,久樘四季Villa,B2棟4F號
草屯鎮,房地(土地+建物)+車位,南投縣草屯鎮富春路四維巷,29.39,住,,,1101222,土地2建物1車位1,一層,12,住宅大樓(11層含以上有電梯),住家用,鋼筋混凝土造,,92.85,2,2,1,有,無,6050000,64791,坡道機械,11.82,800000,,RPRNMLPJJHHGFBM18CB,久樘四季Villa,B7棟1F號
埔里鎮,房地(土地+建物)+車位,南投縣埔里鎮北平街,19.81,商,,,1110101,土地1建物1車位1,二層,14,住宅大樓(11層含以上有電梯),住家用,鋼筋混凝土造,,144.01,3,2,2,有,無,8650000,64280,坡道平面,25.0,1000000,,RPPNMLQJJHHGFCM28DB,寬心璽玥,C棟2號
埔里鎮,房地(土地+建物)+車位,南投縣埔里鎮北平街,25.75,商,,,1110101,土地1建物1車位1,二層,14,住宅大樓(11層含以上有電梯),住家用,鋼筋混凝土造,,177.45,4,2,2,有,無,10850000,64611,坡道平面,25.0,1000000,,RPQNMLQJJHHGFCM38DB,寬心璽玥,B棟2號
草屯鎮,房地(土地+建物)+車位,南投縣草屯鎮博愛路,22.27,住,,,1101228,土地1建物1車位1,三層,15,住宅大樓(11層含以上有電梯),住家用,鋼筋混凝土造,,126.91,2,2,1,有,無,7980000,73318,坡道平面,35.8,1300000,,RPPNMLTJJHHGFBM38CB,富宇博愛苑,A棟6號
草屯鎮,房地(土地+建物)+車位,南投縣草屯鎮博愛路,29.52,住,,,1110102,土地1建物1車位1,十層,15,住宅大樓(11層含以上有電梯),住家用,鋼筋混凝土造,,156.45,3,2,2,有,無,10480000,74845,坡道平面,35.8,1450000,,RPQNMLTJJHHGFBM48CB,富宇博愛苑,A棟3號
草屯鎮,房地(土地+建物)+車位,南投縣草屯鎮中山街,26.06,商,,,1101228,土地1建物1車位2,三層,15,住宅大樓(11層含以上有電梯),住商用,鋼筋混凝土造,,195.81,4,2,2,有,無,12700000,70682,坡道平面,57.16,2900000,,RPRNMLTJJHHGFBM58CB,富宇中山溱邸,A棟6號
草屯鎮,房地(土地+建物)+車位,南投縣草屯鎮中山街,22.24,商,,,1110101,土地1建物1車位2,三層,15,住宅大樓(11層含以上有電梯),住商用,鋼筋混凝土造,,175.54,3,2,2,有,無,10920000,69437,坡道平面,57.16,2700000,,RPSNMLTJJHHGFBM68CB,富宇中山溱邸,A棟1號
草屯鎮,房地(土地+建物)+車位,南投縣草屯鎮石川路,19.11,,鄉村區,乙種建築用地,1101230,土地1建物1車位1,九層,10,華廈(10層含以下有電梯),住家用,鋼筋混凝土造,,149.02,3,2,2,有,無,8320000,69543,坡道平面,45.2,1100000,,RPPNMLLKJHHGFBM67CB,幸福流域,A棟9號
埔里鎮,房地(土地+建物)+車位,南投縣埔里鎮朝陽街,34.31,住,,,1101220,土地1建物1車位1,四層,5,華廈(10層含以下有電梯),住家用,鋼筋混凝土造,,115.75,3,2,2,有,無,7600000,65284,一樓平面,14.96,1020000,,RPPNMLLKJHHGFCM87DB,喬富易居,A棟4號
埔里鎮,房地(土地+建物)+車位,南投縣埔里鎮朝陽街,34.31,住,,,1101225,土地1建物1車位1,二層,5,華廈(10層含以下有電梯),住家用,鋼筋混凝土造,,114.54,3,2,2,有,無,7980000,69253,一樓平面,13.75,1000000,,RPQNMLLKJHHGFCM97DB,喬富易居,A棟2號
南投市,房地(土地+建物)+車位,南投縣南投市文化路707巷,26.62,住,,,1101217,土地6建物1車位1,三層,7,華廈(10層含以下有電梯),住家用,鋼筋混凝土造,,111.19,2,2,2,有,無,5990000,62665,坡道平面,31.56,1000000,,RPSNMLMKJHHGFAM97CB,英倫天琴,E2棟3F號
草屯鎮,房地(土地+建物)+車位,南投縣草屯鎮富春路四維巷,39.3,住,,,1101227,土地2建物1車位1,五層,12,住宅大樓(11層含以上有電梯),住家用,鋼筋混凝土造,,120.11,3,2,2,有,無,7950000,66026,坡道機械,11.82,800000,,RPPNMLNKJHHGFBM87CB,久樘四季Villa,B5棟5F號
草屯鎮,房地(土地+建物)+車位,南投縣草屯鎮富春路四維巷,37.32,住,,,1110102,土地2建物1車位1,六層,12,住宅大樓(11層含以上有電梯),住家用,鋼筋混凝土造,,126.47,3,2,2,有,無,8300000,68074,坡道平面,23.64,1300000,,RPQNMLNKJHHGFBM97CB,久樘四季Villa,C7棟6F號
草屯鎮,房地(土地+建物)+車位,南投縣草屯鎮富春路四維巷,26.81,住,,,1101225,土地2建物1車位1,四層,12,住宅大樓(11層含以上有電梯),住家用,鋼筋混凝土造,,85.65,2,2,1,有,無,5270000,63931,坡道機械,11.82,550000,,RPRNMLNKJHHGFBM08CB,久樘四季Villa,D5棟4F號
鹿谷鄉,房地(土地+建物)+車位,南投縣鹿谷鄉廣興段356地號,23.54,住,,,1101230,土地1建物1車位1,二層,7,華廈(10層含以下有電梯),住家用,鋼筋混凝土造,,99.72,1,2,1,有,無,5200000,65738,一樓平面,35.83,1000000,,RPPNMLOKJHHGFDM28DB,愛上溪頭II,C棟2號
鹿谷鄉,房地(土地+建物)+車位,南投縣鹿谷鄉廣興段356地號,23.41,住,,,1110111,土地1建物1車位1,四層,7,華廈(10層含以下有電梯),住家用,鋼筋混凝土造,,99.72,1,2,1,有,無,5200000,67303,一樓平面,35.83,900000,,RPQNMLOKJHHGFDM38DB,愛上溪頭II,C棟4號
草屯鎮,房地(土地+建物)+車位,南投縣草屯鎮博愛路,29.52,住,,,1101231,土地1建物1車位2,十二層,15,住宅大樓(11層含以上有電梯),住家用,鋼筋混凝土造,,192.3,3,2,2,有,無,12300000,77879,坡道平面,71.6,2900000,,RPPNMLPKJHHGFBM08CB,富宇博愛苑,B棟3號
草屯鎮,房地(土地+建物)+車位,南投縣草屯鎮坪腳巷,34.36,,鄉村區,乙種建築用地,1110109,土地7建物1車位1,三層,12,住宅大樓(11層含以上有電梯),住家用,鋼筋混凝土造,,154.59,3,2,2,有,無,8000000,55435,坡道平面,30.12,1100000,,RPPNMLRKJHHGFBM28CB,廣宣成家 N03-樂高,E5棟0號
南投市,房地(土地+建物)+車位,南投縣南投市文化路707巷,31.82,住,,,1101222,土地6建物1車位1,四層,7,華廈(10層含以下有電梯),住家用,鋼筋混凝土造,,126.74,3,2,2,有,無,7110000,63144,坡道平面,31.56,1100000,,RPPNMLRKJHHGFAM18CB,英倫天琴,B2棟4F號
南投市,房地(土地+建物)+車位,南投縣南投市文化路707巷,32.31,住,,,1101225,土地6建物1車位2,五層,7,華廈(10層含以下有電梯),住家用,鋼筋混凝土造,,159.75,3,2,2,有,無,8670000,66956,坡道平面,63.12,2200000,,RPQNMLRKJHHGFAM28CB,英倫天琴,A1棟5F號
南投市,房地(土地+建物)+車位,南投縣南投市文化路707巷,25.57,住,,,1101230,土地6建物1車位2,一層,7,華廈(10層含以下有電梯),住家用,鋼筋混凝土造,,139.56,2,2,1,有,無,7990000,78362,坡道平面,63.12,2000000,,RPRNMLRKJHHGFAM38CB,英倫天琴,D3棟1F號
南投市,房地(土地+建物)+車位,南投縣南投市文化路707巷,26.62,住,,,1110104,土地6建物1車位1,四層,7,華廈(10層含以下有電梯),住家用,鋼筋混凝土造,,111.19,2,2,2,有,無,6060000,63544,坡道平面,31.56,1000000,,RPSNMLRKJHHGFAM48CB,英倫天琴,E3棟4F號
南投市,房地(土地+建物)+車位,南投縣南投市文化路707巷,26.62,住,,,1110105,土地6建物1車位1,五層,7,華廈(10層含以下有電梯),住家用,鋼筋混凝土造,,111.19,2,2,2,有,無,6280000,66307,坡道平面,31.56,1000000,,RPTNMLRKJHHGFAM58CB,英倫天琴,E2棟5F號
南投市,房地(土地+建物)+車位,南投縣南投市文化路707巷,26.62,住,,,1110105,土地6建物1車位1,五層,7,華廈(10層含以下有電梯),住家用,鋼筋混凝土造,,111.19,2,2,2,有,無,6280000,66307,坡道平面,31.56,1000000,,RPUNMLRKJHHGFAM68CB,英倫天琴,E3棟5F號
埔里鎮,房地(土地+建物),南投縣埔里鎮虎耳三街,92.7,,鄉村區,乙種建築用地,1110103,土地1建物1車位0,全,4,透天厝,住家用,鋼筋混凝土造,,214.9,4,2,4,有,無,13500000,62820,,0.0,0,,RPPNMLRKJHHGFCM38CB,天境11期,B棟1號
草屯鎮,房地(土地+建物),南投縣草屯鎮御富路與東山路口,110.31,住,,,1110111,土地6建物1車位0,全,5,透天厝,住家用,鋼筋混凝土造,,168.94,5,2,5,有,無,14100000,83462,,0.0,0,,RPPNMLSKJHHGFBM38CB,昌祐大聚,C棟22號
草屯鎮,房地(土地+建物),南投縣草屯鎮石川路,16.02,,鄉村區,乙種建築用地,1110116,土地1建物1車位0,五層,10,華廈(10層含以下有電梯),住家用,鋼筋混凝土造,,87.01,2,2,2,有,無,5920000,68038,,0.0,0,,RPPNMLKLJHHGFBM67CB,幸福流域,F棟5號
草屯鎮,房地(土地+建物)+車位,南投縣草屯鎮石川路,19.07,,鄉村區,乙種建築用地,1110109,土地1建物1車位1,二層,10,華廈(10層含以下有電梯),住家用,鋼筋混凝土造,,148.7,3,2,2,有,無,7990000,66570,坡道平面,45.2,1100000,,RPQNMLKLJHHGFBM77CB,幸福流域,A棟2號
草屯鎮,房地(土地+建物)+車位,南投縣草屯鎮石川路,21.65,,鄉村區,乙種建築用地,1110111,土地1建物1車位1,七層,10,華廈(10層含以下有電梯),住家用,鋼筋混凝土造,,162.76,3,2,2,有,無,8800000,67200,坡道平面,45.2,900000,,RPRNMLKLJHHGFBM87CB,幸福流域,C棟7號
草屯鎮,房地(土地+建物)+車位,南投縣草屯鎮博愛路,29.62,住,,,1110121,土地1建物1車位1,十層,15,住宅大樓(11層含以上有電梯),住家用,鋼筋混凝土造,,156.77,3,2,2,有,無,10830000,76713,坡道平面,35.8,1550000,,RPPNMLLLJHHGFBM77CB,富宇博愛苑,B棟1號
草屯鎮,房地(土地+建物)+車位,南投縣草屯鎮中山街,22.24,商,,,1110118,土地1建物1車位1,十五層,15,住宅大樓(11層含以上有電梯),住商用,鋼筋混凝土造,,146.96,3,2,2,有,無,10750000,77716,坡道平面,28.58,1550000,,RPQNMLLLJHHGFBM87CB,富宇中山溱邸,A棟1號
草屯鎮,房地(土地+建物),南投縣草屯鎮富春路,8.82,住,,,1101226,土地2建物1車位0,三層,5,套房(1房1廳1衛),住家用,鋼筋混凝土造,,58.88,1,1,1,有,無,3750000,63689,,0.0,0,1.本戶建築執照基地位於草屯鎮新富功段坐落於49~49-21等22筆地號。,RPPNMLLLJHHGFBM87DB,陸禾誠也,A棟2號
草屯鎮,房地(土地+建物),南投縣草屯鎮富春路,11.02,住,,,1110103,土地2建物1車位0,二層,5,套房(1房1廳1衛),住家用,鋼筋混凝土造,,69.68,1,1,1,有,無,4150000,59558,,0.0,0,1.本戶建築執照基地位於草屯鎮新富功段坐落於49~49-21等22筆地號。,RPQNMLLLJHHGFBM97DB,陸禾誠也,B棟5號
草屯鎮,房地(土地+建物),南投縣草屯鎮富春路,8.77,住,,,1110112,土地2建物1車位0,二層,5,套房(1房1廳1衛),住家用,鋼筋混凝土造,,58.28,1,1,1,有,無,3680000,63143,,0.0,0,1.本戶建築執照基地位於草屯鎮新富功段坐落於49~49-21等22筆地號。,RPRNMLLLJHHGFBM08DB,陸禾誠也,B棟3號
鹿谷鄉,房地(土地+建物)+車位,南投縣鹿谷鄉廣興段356地號,30.28,住,,,1110121,土地1建物1車位1,七層,7,華廈(10層含以下有電梯),住家用,鋼筋混凝土造,,118.39,2,2,1,有,無,6800000,70252,坡道平面,35.83,1000000,,RPPNMLMLJHHGFDM18DB,愛上溪頭II,H棟7號
草屯鎮,房地(土地+建物),南投縣草屯鎮石川路,21.6,,鄉村區,乙種建築用地,1110120,土地1建物1車位0,二層,10,華廈(10層含以下有電梯),住家用,鋼筋混凝土造,,117.34,3,2,2,有,無,7810000,66559,,0.0,0,,RPPNMLPLJHHGFBM18CB,幸福流域,C棟2號
草屯鎮,房地(土地+建物)+車位,南投縣草屯鎮富春路四維巷,26.81,住,,,1101231,土地2建物1車位1,五層,12,住宅大樓(11層含以上有電梯),住家用,鋼筋混凝土造,,85.65,2,2,1,有,無,5470000,66640,坡道機械,11.82,550000,,RPQNMLPLJHHGFBM28CB,久樘四季Villa,D5棟5F號
草屯鎮,房地(土地+建物)+車位,南投縣草屯鎮石川路,21.65,,鄉村區,乙種建築用地,1110123,土地1建物1車位1,三層,10,華廈(10層含以下有電梯),住家用,鋼筋混凝土造,,162.76,3,2,2,有,無,8920000,66519,坡道平面,45.2,1100000,,RPRNMLPLJHHGFBM38CB,幸福流域,C棟3號
草屯鎮,房地(土地+建物)+車位,南投縣草屯鎮富春路四維巷,40.77,住,,,1110119,土地2建物1車位1,五層,12,住宅大樓(11層含以上有電梯),住家用,鋼筋混凝土造,,135.83,3,2,2,有,無,8820000,67029,坡道平面,23.64,1300000,,RPSNMLPLJHHGFBM48CB,久樘四季Villa,A2棟5F號
草屯鎮,房地(土地+建物)+車位,南投縣草屯鎮富春路四維巷,39.3,住,,,1110104,土地2建物1車位1,八層,12,住宅大樓(11層含以上有電梯),住家用,鋼筋混凝土造,,131.93,3,2,2,有,無,8550000,66950,坡道平面,23.64,1300000,,RPTNMLPLJHHGFBM58CB,久樘四季Villa,A5棟8F號
草屯鎮,房地(土地+建物)+車位,南投縣草屯鎮富春路四維巷,37.32,住,,,1110119,土地2建物1車位1,五層,12,住宅大樓(11層含以上有電梯),住家用,鋼筋混凝土造,,126.47,3,2,2,有,無,8230000,67393,坡道平面,23.64,1300000,,RPUNMLPLJHHGFBM68CB,久樘四季Villa,C7棟5F號
草屯鎮,房地(土地+建物),南投縣草屯鎮富春路四維巷,28.44,住,,,1110122,土地2建物1車位0,一層,12,住宅大樓(11層含以上有電梯),住家用,鋼筋混凝土造,,78.23,2,2,1,有,無,5100000,65192,,0.0,0,,RPVNMLPLJHHGFBM78CB,久樘四季Villa,D6棟1F號
草屯鎮,房地(土地+建物),南投縣草屯鎮碧山路1107巷,66.21,,鄉村區,乙種建築用地,1110112,土地1建物1車位0,全,4,透天厝,住家用,鋼筋混凝土造,,156.88,4,3,3,有,無,10500000,66930,,0.0,0,,RPPNMLQLJHHGFBM38DB,碧山恆美,C棟0號
竹山鎮,房地(土地+建物),南投縣竹山鎮昭德街,89.88,商,,,1110113,土地2建物1車位0,全,4,透天厝,住家用,見其他登記事項,,167.95,4,3,4,有,無,10600000,63114,,0.0,0,建物格局不包含一樓停車空間,RPPNMLRLJHHGFDM58CB,山水富築,B棟5號
南投市,房地(土地+建物),南投縣南投市嘉和一路,79.41,住,,,1101229,土地2建物1車位0,全,4,透天厝,住家用,鋼筋混凝土造,,172.97,4,2,4,有,無,12300000,71111,,0.0,0,建物格局未包含一樓停車空間,RPQNMLRLJHHGFAM38CB,山水文苑,C棟16號
南投市,房地(土地+建物),南投縣南投市嘉和一路,70.41,住,,,1110111,土地2建物1車位0,全,4,透天厝,住家用,鋼筋混凝土造,,165.38,4,2,4,有,無,12200000,73770,,0.0,0,建物格局未包含一樓停車空間,RPRNMLRLJHHGFAM48CB,山水文苑,B棟3號
南投市,房地(土地+建物),南投縣南投市嘉和一路,95.2,住,,,1110124,土地2建物1車位0,全,4,透天厝,住家用,鋼筋混凝土造,,168.88,4,2,4,有,無,13400000,79346,,0.0,0,建物格局未包含一樓停車空間,RPSNMLRLJHHGFAM58CB,山水文苑,C棟8號
南投市,房地(土地+建物)+車位,南投縣南投市文化路707巷,31.85,住,,,1110111,土地6建物1車位1,二層,7,華廈(10層含以下有電梯),住家用,鋼筋混凝土造,,126.19,3,2,2,有,無,7060000,63669,坡道平面,31.01,1000000,,RPPNMLSLJHHGFAM38CB,英倫天琴,B5棟2F號
南投市,房地(土地+建物)+車位,南投縣南投市文化路707巷,32.31,住,,,1110116,土地6建物1車位1,三層,7,華廈(10層含以下有電梯),住家用,鋼筋混凝土造,,127.64,3,2,2,有,無,7250000,64680,坡道平面,31.01,1000000,,RPQNMLSLJHHGFAM48CB,英倫天琴,A2棟3F號
南投市,房地(土地+建物)+車位,南投縣南投市文化路707巷,26.62,住,,,1110116,土地6建物1車位2,三層,7,華廈(10層含以下有電梯),住家用,鋼筋混凝土造,,141.65,2,2,2,有,無,6930000,61911,坡道平面,62.02,2000000,,RPRNMLSLJHHGFAM58CB,英倫天琴,C3棟3F號
南投市,房地(土地+建物),南投縣南投市文化南路233巷,129.0,住,,,1101216,土地3建物1車位0,全,4,透天厝,住家用,鋼筋混凝土造,,190.68,5,2,3,有,無,12880000,67548,,0.0,0,,RPSNMLSLJHHGFAM68CB,勝邦茵悅墅,A棟8號
南投市,房地(土地+建物)+車位,南投縣南投市文化路707巷,25.57,住,,,1110117,土地6建物1車位0,二層,7,華廈(10層含以下有電梯),住家用,鋼筋混凝土造,,76.44,2,2,1,有,無,4760000,62271,,0.0,0,,RPTNMLSLJHHGFAM78CB,英倫天琴,D3棟2F號
南投市,房地(土地+建物)+車位,南投縣南投市文化路707巷,32.31,住,,,1110117,土地6建物1車位1,三層,7,華廈(10層含以下有電梯),住家用,鋼筋混凝土造,,127.64,3,2,2,有,無,7370000,65922,坡道平面,31.01,1000000,,RPUNMLSLJHHGFAM88CB,英倫天琴,A5棟3F號
南投市,房地(土地+建物)+車位,南投縣南投市文化路707巷,37.89,住,,,1110117,土地6建物1車位1,四層,7,華廈(10層含以下有電梯),住家用,鋼筋混凝土造,,144.33,3,2,2,有,無,8370000,65037,坡道平面,31.01,1000000,,RPVNMLSLJHHGFAM98CB,英倫天琴,D1棟4F號
南投市,房地(土地+建物)+車位,南投縣南投市文化路707巷,38.81,住,,,1110118,土地6建物1車位1,二層,7,華廈(10層含以下有電梯),住家用,鋼筋混凝土造,,147.05,3,2,2,有,無,8350000,63340,坡道平面,31.01,1000000,,RPWNMLSLJHHGFAM09CB,英倫天琴,E1棟2F號
南投市,房地(土地+建物)+車位,南投縣南投市文化路707巷,32.31,住,,,1110120,土地6建物1車位0,四層,7,華廈(10層含以下有電梯),住家用,鋼筋混凝土造,,96.63,3,2,2,有,無,6280000,64990,,0.0,0,,RPXNMLSLJHHGFAM56CB,英倫天琴,A3棟4F號
南投市,房地(土地+建物)+車位,南投縣南投市文化路707巷,26.62,住,,,1110120,土地6建物1車位0,四層,7,華廈(10層含以下有電梯),住家用,鋼筋混凝土造,,79.63,2,2,2,有,無,5060000,63544,,0.0,0,,RPOOMLSLJHHGFAM38CB,英倫天琴,E2棟4F號
南投市,房地(土地+建物)+車位,南投縣南投市文化路707巷,31.85,住,,,1110120,土地6建物1車位1,二層,7,華廈(10層含以下有電梯),住家用,鋼筋混凝土造,,126.19,3,2,2,有,無,6820000,61147,坡道平面,31.01,1000000,,RPPOMLSLJHHGFAM48CB,英倫天琴,B2棟2F號
南投市,房地(土地+建物)+車位,南投縣南投市文化路707巷,25.57,住,,,1110124,土地6建物1車位1,四層,7,華廈(10層含以下有電梯),住家用,鋼筋混凝土造,,107.45,2,2,1,有,無,6100000,65411,坡道平面,31.01,1100000,,RPQOMLSLJHHGFAM58CB,英倫天琴,D3棟4F號
南投市,房地(土地+建物)+車位,南投縣南投市藍田街121號五樓之5,23.89,住,,,1101231,土地1建物1車位1,五層,8,華廈(10層含以下有電梯),住家用,鋼筋混凝土造,,143.44,3,2,2,有,無,8550000,55903,一樓平面,13.75,1300000,,RPPNMLRJKHHGFAM18CB,藍田君鼎,5棟D號
南投市,房地(土地+建物)+車位,南投縣南投市藍田街121號六樓之5,23.89,住,,,1110103,土地1建物1車位1,六層,8,華廈(10層含以下有電梯),住家用,鋼筋混凝土造,,143.44,3,2,2,有,無,8250000,54360,坡道平面,13.75,1200000,,RPQNMLRJKHHGFAM28CB,藍田君鼎,6棟D號
鹿谷鄉,房地(土地+建物)+車位,南投縣鹿谷鄉廣興段356地號,22.21,住,,,1101204,土地1建物1車位1,五層,7,華廈(10層含以下有電梯),住家用,鋼筋混凝土造,,96.23,1,2,1,有,無,5300000,71192,一樓平面,35.83,1000000,,RPPNMLRJKHHGFDM58DB,愛上溪頭II,F棟5號
鹿谷鄉,房地(土地+建物)+車位,南投縣鹿谷鄉廣興段356地號,30.15,住,,,1101118,土地1建物1車位1,二層,7,華廈(10層含以下有電梯),住家用,鋼筋混凝土造,,117.98,2,2,1,有,無,6300000,64516,一樓平面,35.83,1000000,,RPQNMLSJKHHGFDM78DB,愛上溪頭II,D棟2號
埔里鎮,房地(土地+建物)+車位,南投縣埔里鎮梅林三街,24.13,住,,,1110130,土地1建物1車位1,六層,7,華廈(10層含以下有電梯),住家用,鋼筋混凝土造,,101.58,2,2,1,有,無,5900000,66676,一樓平面,29.59,1100000,,RPPNMLSJKHHGFCM58DB,梅林匯,B棟6號
南投市,房地(土地+建物),南投縣南投市振興巷47弄,136.05,住,,,1110114,土地3建物1車位0,全,3,透天厝,住家用,鋼筋混凝土造,,213.66,4,3,4,有,無,12000000,56164,,0.0,0,,RPQNMLTJKHHGFAM48CB,童心謠 2.0,C棟9號
南投市,房地(土地+建物)+車位,南投縣南投市藍田街121號三樓之1,19.48,住,,,1110110,土地1建物1車位1,三層,8,華廈(10層含以下有電梯),住家用,鋼筋混凝土造,,122.81,2,2,1,有,無,8800000,70603,坡道平面,13.75,1100000,交易總價含下列非屬預售屋價格之費用:含裝潢費；含傢俱設備費；,RPTNMLTJKHHGFAM78CB,藍田君鼎,3棟A號
南投市,房地(土地+建物)+車位,南投縣南投市藍田街121號八樓之1,21.52,住,,,1110110,土地1建物1車位1,八層,8,華廈(10層含以下有電梯),住家用,鋼筋混凝土造,,132.26,2,2,2,有,無,9700000,71724,坡道平面,13.75,1200000,交易總價含下列非屬預售屋價格之費用:含裝潢費；含傢俱設備費；,RPUNMLTJKHHGFAM88CB,藍田君鼎,8棟A號
南投市,房地(土地+建物)+車位,南投縣南投市藍田街121號三樓之2,19.74,住,,,1110117,土地1建物1車位2,三層,8,華廈(10層含以下有電梯),住家用,鋼筋混凝土造,,123.93,2,2,1,有,無,7990000,68340,升降機械,27.5,1400000,,RPVNMLTJKHHGFAM98CB,藍田君鼎,3棟B號
草屯鎮,房地(土地+建物)+車位,南投縣草屯鎮富春路四維巷,48.79,住,,,1110116,土地2建物1車位1,五層,12,住宅大樓(11層含以上有電梯),住家用,鋼筋混凝土造,,157.66,3,2,2,有,無,10380000,67751,坡道平面,23.64,1300000,,RPPNMLTJKHHGFBM48CB,久樘四季Villa,A1棟5F號
草屯鎮,房地(土地+建物)+車位,南投縣草屯鎮富春路四維巷,39.3,住,,,1110121,土地2建物1車位1,五層,12,住宅大樓(11層含以上有電梯),住家用,鋼筋混凝土造,,120.11,3,2,2,有,無,7830000,67227,坡道機械,11.82,550000,,RPQNMLTJKHHGFBM58CB,久樘四季Villa,A5棟5F號
草屯鎮,房地(土地+建物)+車位,南投縣草屯鎮富春路四維巷,26.81,住,,,1110116,土地2建物1車位1,一層,12,住宅大樓(11層含以上有電梯),住家用,鋼筋混凝土造,,85.65,2,2,1,有,無,5620000,65285,坡道機械,11.82,800000,,RPRNMLTJKHHGFBM68CB,久樘四季Villa,C5棟1F號
南投市,房地(土地+建物),南投縣南投市同源路一街,105.23,,工業區,丁種建築用地,1110122,土地2建物1車位0,全,3,透天厝,住家用,見其他登記事項,,217.69,4,2,5,有,無,10700000,49152,,0.0,0,,RPSNMLKKKHHGFAM97DB,薪享墅城,A13號
南投市,房地(土地+建物),南投縣南投市同源路一街,205.03,,工業區,丁種建築用地,1110126,土地3建物1車位0,全,3,透天厝,住家用,見其他登記事項,,246.9,4,2,5,有,無,14380000,58242,,0.0,0,,RPTNMLKKKHHGFAM08DB,薪享墅城,A15號
南投市,房地(土地+建物),南投縣南投市中興路146巷17弄,21.07,商,,,1110117,土地1建物1車位0,四層,5,華廈(10層含以下有電梯),住家用,鋼筋混凝土造,,75.86,2,2,2,有,無,6600000,87002,,0.0,0,,RPUNMLLKKHHGFAM28DB,中興傳家堡二期,C棟4號
南投市,房地(土地+建物)+車位,南投縣南投市中興路146巷17弄,22.04,商,,,1110110,土地1建物1車位1,四層,5,華廈(10層含以下有電梯),住家用,鋼筋混凝土造,,79.11,2,2,2,有,無,7380000,97723,升降機械,9.73,600000,,RPVNMLLKKHHGFAM38DB,中興傳家堡二期,B棟4號
南投市,房地(土地+建物),南投縣南投市中興路146巷17弄,21.07,商,,,1110114,土地1建物1車位0,五層,5,華廈(10層含以下有電梯),住家用,鋼筋混凝土造,,75.86,2,2,2,有,無,7000000,92275,,0.0,0,,RPWNMLLKKHHGFAM48DB,中興傳家堡二期,D棟5號
南投市,房地(土地+建物),南投縣南投市同源路一街,91.63,,工業區,丁種建築用地,1110126,土地2建物1車位0,全,3,透天厝,住家用,見其他登記事項,,151.62,3,2,3,有,無,8580000,56589,,0.0,0,,RPPOMLLKKHHGFAM87DB,薪享墅城,B10號
草屯鎮,房地(土地+建物),南投縣草屯鎮富春路,8.82,住,,,1110129,土地2建物1車位0,三層,5,套房(1房1廳1衛),住家用,鋼筋混凝土造,,58.78,1,1,1,有,無,3750000,63797,,0.0,0,1.本戶建築執照基地位於草屯鎮新富功段坐落於49~49-21等22筆地號。,RPPNMLLKKHHGFBM87DB,陸禾誠也,B棟2號
草屯鎮,房地(土地+建物),南投縣草屯鎮石川路,16.02,,鄉村區,乙種建築用地,1110206,土地1建物1車位0,四層,10,華廈(10層含以下有電梯),住家用,鋼筋混凝土造,,87.01,2,2,2,有,無,5790000,66544,,0.0,0,,RPPNMLLKKHHGFBM77CB,幸福流域,D棟4號
草屯鎮,房地(土地+建物)+車位,南投縣草屯鎮石川路,16.02,,鄉村區,乙種建築用地,1110208,土地1建物1車位1,三層,10,華廈(10層含以下有電梯),住家用,鋼筋混凝土造,,132.21,2,2,2,有,無,6890000,66544,坡道平面,45.2,1100000,,RPQNMLLKKHHGFBM87CB,幸福流域,F棟3號
草屯鎮,房地(土地+建物),南投縣草屯鎮石川路,16.02,,鄉村區,乙種建築用地,1110204,土地1建物1車位0,九層,10,華廈(10層含以下有電梯),住家用,鋼筋混凝土造,,87.01,2,2,2,有,無,6050000,69532,,0.0,0,,RPRNMLLKKHHGFBM97CB,幸福流域,D棟9號
南投市,房地(土地+建物),南投縣南投市成功東路,139.47,住,,,1110119,土地1建物1車位0,全,3,透天厝,住家用,鋼筋混凝土造,,243.74,4,3,4,有,無,15100000,61951,,0.0,0,土地面積依實際分割後為準,RPPNMLLKKHHGFAM67CB,寬峪營造新豐兩戶,A棟0號
埔里鎮,房地(土地+建物),南投縣埔里鎮隆生路111巷,48.74,農,,,1110203,土地1建物1車位0,四層,4,華廈(10層含以下有電梯),住家用,鋼筋混凝土造,,117.19,3,1,2,有,無,8150000,69545,,0.0,0,,RPPNMLOKKHHGFCM28DB,洄謙城,B棟4號
草屯鎮,房地(土地+建物)+車位,南投縣草屯鎮碧山路1107巷,18.89,,鄉村區,乙種建築用地,1110123,土地1建物1車位0,二層,10,華廈(10層含以下有電梯),住家用,鋼筋混凝土造,,72.83,2,1,1,有,無,4850000,66593,,0.0,0,,RPPNMLQKKHHGFBM38DB,群合F1,D棟2號
南投市,房地(土地+建物),南投縣南投市振興巷47弄,135.05,住,,,1110128,土地3建物1車位0,全,3,透天厝,住家用,鋼筋混凝土造,,213.66,4,3,5,有,無,11400000,53356,,0.0,0,,RPPNMLQKKHHGFAM18CB,童心謠 2.0,C棟2號
草屯鎮,房地(土地+建物)+車位,南投縣草屯鎮中山街,26.02,商,,,1110127,土地1建物1車位1,六層,15,住宅大樓(11層含以上有電梯),住商用,鋼筋混凝土造,,166.9,4,2,2,有,無,12120000,76417,坡道平面,28.58,1550000,,RPPNMLRKKHHGFBM38CB,富宇中山溱邸,A棟3號
草屯鎮,房地(土地+建物)+車位,南投縣草屯鎮博愛路,29.62,住,,,1110124,土地1建物1車位1,九層,15,住宅大樓(11層含以上有電梯),住家用,鋼筋混凝土造,,156.77,3,2,2,有,無,10880000,77127,坡道平面,35.8,1550000,,RPQNMLRKKHHGFBM48CB,富宇博愛苑,B棟1號
草屯鎮,房地(土地+建物)+車位,南投縣草屯鎮博愛路,22.27,住,,,1110125,土地1建物1車位1,六層,15,住宅大樓(11層含以上有電梯),住家用,鋼筋混凝土造,,126.85,2,2,1,有,無,8500000,77430,坡道平面,35.8,1450000,,RPRNMLRKKHHGFBM58CB,富宇博愛苑,B棟6號
竹山鎮,房地(土地+建物)+車位,南投縣竹山鎮頂林路東一巷,50.1,住,,,1110119,土地1建物1車位1,三層,9,華廈(10層含以下有電梯),住家用,鋼筋混凝土造,,130.53,3,2,2,有,無,5680000,42444,一樓平面,13.2,700000,,RPPNMLRKKHHGFDM68DB,寶雄風華大廈,A棟6號
竹山鎮,房地(土地+建物)+車位,南投縣竹山鎮頂林路東一巷,48.2,住,,,1110120,土地1建物1車位1,六層,9,華廈(10層含以下有電梯),住家用,鋼筋混凝土造,,126.09,3,2,2,有,無,6000000,46948,一樓平面,13.2,700000,,RPQNMLRKKHHGFDM78DB,寶雄風華大廈,A棟11號
竹山鎮,房地(土地+建物)+車位,南投縣竹山鎮頂林路東一巷,40.04,住,,,1110121,土地1建物1車位1,五層,9,華廈(10層含以下有電梯),住家用,鋼筋混凝土造,,106.98,2,2,2,有,無,5380000,49904,一樓平面,13.2,700000,,RPRNMLRKKHHGFDM88DB,寶雄風華大廈,B棟9號
竹山鎮,房地(土地+建物)+車位,南投縣竹山鎮頂林路東一巷,49.78,住,,,1110122,土地1建物1車位1,二層,9,華廈(10層含以下有電梯),住家用,鋼筋混凝土造,,129.81,3,2,2,有,無,5480000,40991,一樓平面,13.2,700000,,RPSNMLRKKHHGFDM98DB,寶雄風華大廈,A棟4號
竹山鎮,房地(土地+建物)+車位,南投縣竹山鎮頂林路東一巷,40.04,住,,,1110123,土地1建物1車位1,五層,9,華廈(10層含以下有電梯),住家用,鋼筋混凝土造,,106.98,2,2,2,有,無,5230000,48305,一樓平面,13.2,700000,,RPTNMLRKKHHGFDM09DB,寶雄風華大廈,B棟10號
竹山鎮,房地(土地+建物)+車位,南投縣竹山鎮頂林路東一巷,50.1,住,,,1110123,土地1建物1車位1,五層,9,華廈(10層含以下有電梯),住家用,鋼筋混凝土造,,130.53,3,2,2,有,無,6130000,46280,一樓平面,13.2,700000,,RPVNMLRKKHHGFDM66DB,寶雄風華大廈,A棟10號
埔里鎮,房地(土地+建物)+車位,南投縣埔里鎮北平街,25.75,商,,,1110124,土地1建物1車位2,五層,14,住宅大樓(11層含以上有電梯),住家用,鋼筋混凝土造,,202.45,4,2,2,有,無,13780000,73336,坡道平面,50.0,2600000,,RPPNMLRKKHHGFCM58DB,寬心璽玥,Ｂ棟5號
南投市,房地(土地+建物),南投縣南投市同源路一街,105.23,,工業區,丁種建築用地,1110122,土地2建物1車位0,全,3,透天厝,住家用,見其他登記事項,,217.69,5,2,4,有,無,10710000,49198,,0.0,0,,RPSNMLKLKHHGFAM08DB,薪享墅城,A12號
南投市,房地(土地+建物),南投縣南投市同源路一街,97.05,,工業區,丁種建築用地,1110129,土地2建物1車位0,全,3,透天厝,住家用,見其他登記事項,,171.78,4,2,3,有,無,9680000,56351,,0.0,0,,RPTNMLKLKHHGFAM18DB,薪享墅城,B3號
竹山鎮,房地(土地+建物)+車位,南投縣竹山鎮頂林路東一巷,50.1,住,,,1110124,土地1建物1車位1,七層,9,華廈(10層含以下有電梯),住家用,鋼筋混凝土造,,130.53,3,2,2,有,無,6460000,49092,一樓平面,13.2,700000,,RPPNMLMLKHHGFDM28DB,寶雄風華大廈,A棟14號
竹山鎮,房地(土地+建物)+車位,南投縣竹山鎮頂林路東一巷,40.04,住,,,1110124,土地1建物1車位1,二層,9,華廈(10層含以下有電梯),住家用,鋼筋混凝土造,,106.98,2,2,2,有,無,4780000,43506,一樓平面,13.2,700000,,RPQNMLMLKHHGFDM38DB,寶雄風華大廈,B棟4號
竹山鎮,房地(土地+建物)+車位,南投縣竹山鎮頂林路東一巷,43.85,住,,,1110124,土地1建物1車位1,一層,9,華廈(10層含以下有電梯),住家用,鋼筋混凝土造,,115.89,2,2,2,有,無,4690000,38855,一樓平面,13.2,700000,,RPRNMLMLKHHGFDM48DB,寶雄風華大廈,B棟1號
竹山鎮,房地(土地+建物)+車位,南投縣竹山鎮頂林路東一巷,43.85,住,,,1110124,土地1建物1車位1,一層,9,華廈(10層含以下有電梯),住家用,鋼筋混凝土造,,115.89,2,2,2,有,無,4690000,38855,一樓平面,13.2,700000,,RPSNMLMLKHHGFDM58DB,寶雄風華大廈,B棟2號
竹山鎮,房地(土地+建物)+車位,南投縣竹山鎮頂林路東一巷,48.2,住,,,1110126,土地1建物1車位1,三層,9,華廈(10層含以下有電梯),住家用,鋼筋混凝土造,,126.09,3,2,2,有,無,5360000,41279,一樓平面,13.2,700000,,RPTNMLMLKHHGFDM68DB,寶雄風華大廈,A棟5號
竹山鎮,房地(土地+建物)+車位,南投縣竹山鎮頂林路東一巷,40.04,住,,,1110128,土地1建物1車位1,四層,9,華廈(10層含以下有電梯),住家用,鋼筋混凝土造,,106.98,2,2,2,有,無,5080000,46705,一樓平面,13.2,700000,,RPUNMLMLKHHGFDM78DB,寶雄風華大廈,B棟7號
竹山鎮,房地(土地+建物)+車位,南投縣竹山鎮頂林路東一巷,40.22,住,,,1110130,土地1建物1車位1,一層,9,華廈(10層含以下有電梯),住家用,鋼筋混凝土造,,107.4,2,2,2,有,無,4690000,42357,一樓平面,13.2,700000,,RPVNMLMLKHHGFDM88DB,寶雄風華大廈,A棟2號
竹山鎮,房地(土地+建物)+車位,南投縣竹山鎮頂林路東一巷,50.1,住,,,1110208,土地1建物1車位1,四層,9,華廈(10層含以下有電梯),住家用,鋼筋混凝土造,,130.53,3,2,2,有,無,5680000,42444,一樓平面,13.2,700000,,RPWNMLMLKHHGFDM98DB,寶雄風華大廈,A棟8號
竹山鎮,房地(土地+建物)+車位,南投縣竹山鎮頂林路東一巷,48.2,住,,,1110208,土地1建物1車位1,五層,9,華廈(10層含以下有電梯),住家用,鋼筋混凝土造,,126.09,3,2,2,有,無,5830000,45442,一樓平面,13.2,700000,,RPXNMLMLKHHGFDM09DB,寶雄風華大廈,A棟9號
草屯鎮,房地(土地+建物)+車位,南投縣草屯鎮富春路四維巷,39.3,住,,,1110209,土地2建物1車位1,六層,12,住宅大樓(11層含以上有電梯),住家用,鋼筋混凝土造,,120.11,3,2,2,有,無,8080000,67227,坡道機械,11.82,800000,,RPPNMLMLKHHGFBM97CB,久樘四季Villa,A5棟6F號
草屯鎮,房地(土地+建物)+車位,南投縣草屯鎮富春路四維巷,39.3,住,,,1110208,土地2建物1車位1,九層,12,住宅大樓(11層含以上有電梯),住家用,鋼筋混凝土造,,120.11,3,2,2,有,無,8050000,66950,坡道機械,11.82,800000,,RPQNMLMLKHHGFBM08CB,久樘四季Villa,B5棟9F號
南投市,房地(土地+建物),南投縣南投市振興巷47弄,136.05,住,,,1110127,土地3建物1車位0,全,3,透天厝,住家用,鋼筋混凝土造,,213.66,5,3,5,有,無,11700000,54760,,0.0,0,,RPPNMLMLKHHGFAM87CB,童心謠 2.0,C棟3號
南投市,房地(土地+建物),南投縣南投市同源路,97.89,,工業區,丁種建築用地,1110210,土地2建物1車位0,全,3,透天厝,住家用,鋼筋混凝土造,,175.08,3,2,4,有,無,9580000,54718,,0.0,0,,RPPNMLPLKHHGFAM28DB,薪享墅城,B棟13號
南投市,房地(土地+建物),南投縣南投市振興巷47弄,132.05,住,,,1110125,土地3建物1車位0,全,3,透天厝,住家用,鋼筋混凝土造,,208.27,5,3,5,有,無,11900000,57137,,0.0,0,,RPPNMLLJLHHGFAM67CB,童心謠 2.0,C棟7號
南投市,房地(土地+建物)+車位,南投縣南投市彰南路一段,24.63,,鄉村區,乙種建築用地,1110127,土地1建物1車位1,九層,9,華廈(10層含以下有電梯),住家用,鋼筋混凝土造,,92.0,2,2,1,有,無,5980000,65000,升降機械,0.0,700000,,RPPNMLNJLHHGFAM87CB,遇見愛,B1棟9F號
草屯鎮,房地(土地+建物)+車位,南投縣草屯鎮坪腳巷,34.36,,鄉村區,乙種建築用地,1110110,土地7建物1車位1,八層,12,住宅大樓(11層含以上有電梯),住家用,鋼筋混凝土造,,154.43,3,2,2,有,無,8450000,58322,一樓平面,30.12,1200000,,RPQNMLTKMHHGFBM88CB,廣宣成家 N03-樂高,F8棟0號
