﻿編號,土地位置,土地移轉面積(平方公尺),使用分區或編定,權利人持分分母,權利人持分分子,移轉情形,地號
The serial number, land position,land shifting area square meter,the use zoning or compiles and checks,,,,land parcel
RPQNMLQKJIGGFCT09CB,五福段,23.12,都市：住,10000,210,持分移轉,08640004
RPPNMLQKJIGGFCT98CB,五福段,23.12,都市：住,10000,210,持分移轉,08640004
RPRNMLOLJIGGFAT88CB,潭頭段,28.44,都市：商,100000,2647,持分移轉,02790000
RPQNMLOLJIGGFAT78CB,潭頭段,23.90,都市：商,100000,2225,持分移轉,02790000
RPRNMLSKJIGGFAT56CB,潭頭段,20.55,都市：商,100000,1913,持分移轉,02790000
RPRNMLMLJIGGFCT88CB,崙潮段,84.33,非都市：一般農業區 ; 非都市編定：甲種建築用地,1,1,全筆移轉,03550072
RPRNMLMLJIGGFCT88CB,崙潮段,26.68,非都市：一般農業區 ; 非都市編定：甲種建築用地,8,1,持分移轉,03550070
RPSNMLSKJIGGFAT66CB,潭頭段,28.44,都市：商,100000,2647,持分移轉,02790000
RPPNMLNLJIGGFAT58CB,勝興段,32.53,都市：住,100000,1199,持分移轉,01470000
RPPNMLNLJIGGFDT88CB,龍帝段,33.60,都市：住,10000,263,持分移轉,08120008
RPUNMLPLJIGGFAT66CB,大埔段二小段,22.20,都市：住,100000,1049,持分移轉,03960000
RPWNMLPLJIGGFAT86CB,大埔段二小段,30.20,都市：住,100000,1427,持分移轉,03960000
RPPNMLPLJIGGFAT88DB,前進段,287.00,都市：工,1,1,全筆移轉,01930021
RPPNMLPLJIGGFAT88DB,前進段,55.64,都市：工,100000,1492,持分移轉,01930003
RPWNMLPLJIGGFCT07CB,學人段,89.64,都市：住,1,1,全筆移轉,04600015
RPWNMLPLJIGGFCT07CB,學人段,41.74,都市：住,6,1,持分移轉,04600011
RPWNMLPLJIGGFCT07CB,學人段,.76,都市：住,6,1,持分移轉,04600004
RPRNMLQLJIGGFAT09CB,斯文段,22.04,都市：住,10000,72,持分移轉,12980000
RPQNMLQLJIGGFAT98CB,斯文段,20.20,都市：住,10000,66,持分移轉,12980000
RPTNMLQLJIGGFAT66CB,斯文段,20.20,都市：住,10000,66,持分移轉,12980000
RPWNMLQLJIGGFAT96CB,斯文段,23.57,都市：住,10000,77,持分移轉,12980000
RPUNMLQLJIGGFAT76CB,斯文段,20.20,都市：住,10000,66,持分移轉,12980000
RPSNMLQLJIGGFAT56CB,斯文段,20.20,都市：住,10000,66,持分移轉,12980000
RPWNMLKMJIGGFAT09CB,玉成段,147.39,非都市：鄉村區 ; 非都市編定：乙種建築用地,1,1,全筆移轉,06960025
RPWNMLKMJIGGFAT09CB,玉成段,5.67,非都市：鄉村區 ; 非都市編定：乙種建築用地,1000000,39998,持分移轉,06960000
RPWNMLKMJIGGFAT09CB,玉成段,.18,非都市：鄉村區 ; 非都市編定：乙種建築用地,1000000,39824,持分移轉,06960018
RPUNMLKMJIGGFAT88CB,玉成段,83.47,非都市：鄉村區 ; 非都市編定：乙種建築用地,1,1,全筆移轉,06960021
RPUNMLKMJIGGFAT88CB,玉成段,5.67,非都市：鄉村區 ; 非都市編定：乙種建築用地,1000000,39998,持分移轉,06960000
RPUNMLKMJIGGFAT88CB,玉成段,.18,非都市：鄉村區 ; 非都市編定：乙種建築用地,1000000,39824,持分移轉,06960018
RPUNMLKMJIGGFAT88CB,玉成段,23.97,非都市：鄉村區 ; 非都市編定：乙種建築用地,1000000,83330,持分移轉,06960007
RPUNMLTLJIGGFAT07CB,潭頭段,23.90,都市：商,100000,2225,持分移轉,02790000
RPPNMLTLJIGGFAT56CB,潭頭段,22.11,都市：商,100000,2058,持分移轉,02790000
RPTNMLLJKIGGFAT68CB,寶厝段,22.71,都市：住,10000,176,持分移轉,07150040
RPVNMLLJKIGGFAT88CB,寶厝段,22.71,都市：住,10000,176,持分移轉,07150040
RPQNMLLJKIGGFDT68CB,大東段一小段,111.04,都市：住,1,1,全筆移轉,00490012
RPSNMLMJKIGGFDT09DB,大東段一小段,29.11,都市：住,10000,440,持分移轉,00500000
RPSNMLMJKIGGFDT09DB,大東段一小段,4.55,都市：住,10000,440,持分移轉,00500001
RPUNMLLJKIGGFAT78CB,寶厝段,23.10,都市：住,10000,179,持分移轉,07150040
RPTNMLMJKIGGFDT56DB,大東段一小段,29.11,都市：住,10000,440,持分移轉,00500000
RPTNMLMJKIGGFDT56DB,大東段一小段,4.55,都市：住,10000,440,持分移轉,00500001
RPPNMLQJKIGGFAT78CB,斯文段,32.45,都市：住,10000,106,持分移轉,12980000
RPRNMLOJKIGGFAT78CB,潭頭段,20.55,都市：商,100000,1913,持分移轉,02790000
RPQNMLQJKIGGFAT88CB,斯文段,20.20,都市：住,10000,66,持分移轉,12980000
RPPNMLRJKIGGFAT88CB,檳榔腳段一小段,26.40,都市：住,10000,174,持分移轉,06900000
RPRNMLQJKIGGFAT98CB,潭頭段,28.44,都市：商,100000,2647,持分移轉,02790000
RPSNMLQJKIGGFAT09CB,潭頭段,20.55,都市：商,100000,1913,持分移轉,02790000
RPRNMLRJKIGGFAT09CB,歸義段,16.98,非都市：一般農業區 ; 非都市編定：甲種建築用地,100000,626,持分移轉,05370000
RPRNMLRJKIGGFAT09CB,歸義段,1.01,非都市：一般農業區 ; 非都市編定：丁種建築用地,100000,626,持分移轉,05360002
RPTNMLQJKIGGFAT56CB,瑞光段,55.54,都市：住,1000,104,持分移轉,06520000
RPQNMLQJKIGGFCT09CB,三星段,54.10,都市：住,12,1,持分移轉,06930014
RPSNMLRJKIGGFAT56CB,歸義段,16.74,非都市：一般農業區 ; 非都市編定：甲種建築用地,100000,617,持分移轉,05370000
RPSNMLRJKIGGFAT56CB,歸義段,.99,非都市：一般農業區 ; 非都市編定：丁種建築用地,100000,617,持分移轉,05360002
RPUNMLRJKIGGFAT76CB,歸義段,16.74,非都市：一般農業區 ; 非都市編定：甲種建築用地,100000,617,持分移轉,05370000
RPUNMLRJKIGGFAT76CB,歸義段,.99,非都市：一般農業區 ; 非都市編定：丁種建築用地,100000,617,持分移轉,05360002
RPTNMLRJKIGGFAT66CB,歸義段,16.98,非都市：一般農業區 ; 非都市編定：甲種建築用地,100000,626,持分移轉,05370000
RPTNMLRJKIGGFAT66CB,歸義段,1.01,非都市：一般農業區 ; 非都市編定：丁種建築用地,100000,626,持分移轉,05360002
RPUPMLSJKIGGFAT07CB,歸義段,16.74,非都市：一般農業區 ; 非都市編定：甲種建築用地,100000,617,持分移轉,05370000
RPUPMLSJKIGGFAT07CB,歸義段,.99,非都市：一般農業區 ; 非都市編定：丁種建築用地,100000,617,持分移轉,05360002
RPVPMLSJKIGGFAT17CB,斯文段,22.35,都市：住,10000,73,持分移轉,12980000
RPPNMLTJKIGGFAT09CB,麟和段,23.59,非都市：一般農業區 ; 非都市編定：甲種建築用地,1000,51,持分移轉,06880000
RPPNMLTJKIGGFAT09CB,麟和段,16.45,非都市：一般農業區 ; 非都市編定：甲種建築用地,33,1,持分移轉,06880004
RPWPMLSJKIGGFAT27CB,歸義段,16.74,非都市：一般農業區 ; 非都市編定：甲種建築用地,100000,617,持分移轉,05370000
RPWPMLSJKIGGFAT27CB,歸義段,.99,非都市：一般農業區 ; 非都市編定：丁種建築用地,100000,617,持分移轉,05360002
RPRNMLTJKIGGFAT66CB,潭頭段,22.51,都市：商,100000,2095,持分移轉,02790000
RPQNMLTJKIGGFAT56CB,麟和段,24.98,非都市：一般農業區 ; 非都市編定：甲種建築用地,1000,54,持分移轉,06880000
RPQNMLTJKIGGFAT56CB,麟和段,16.45,非都市：一般農業區 ; 非都市編定：甲種建築用地,33,1,持分移轉,06880004
RPQNMLKKKIGGFAT38CB,勝興段,24.88,都市：住,100000,917,持分移轉,01470000
RPPNMLKKKIGGFAT28CB,勝興段,25.10,都市：住,100000,925,持分移轉,01470000
RPRNMLKKKIGGFAT48CB,歸義段,16.74,非都市：一般農業區 ; 非都市編定：甲種建築用地,100000,617,持分移轉,05370000
RPRNMLKKKIGGFAT48CB,歸義段,.99,非都市：一般農業區 ; 非都市編定：丁種建築用地,100000,617,持分移轉,05360002
RPSNMLKKKIGGFAT58CB,田厝段,72.00,非都市：鄉村區 ; 非都市編定：乙種建築用地,1,1,全筆移轉,01230024
RPSNMLKKKIGGFAT58CB,田厝段,28.42,非都市：鄉村區 ; 非都市編定：乙種建築用地,12,1,持分移轉,01230021
RPUNMLKKKIGGFAT78CB,田厝段,82.00,非都市：鄉村區 ; 非都市編定：乙種建築用地,1,1,全筆移轉,01230031
RPPNMLLKKIGGFAT38CB,潭頭段,22.11,都市：商,100000,2058,持分移轉,02790000
RPTNMLKKKIGGFAT68CB,田厝段,75.00,非都市：鄉村區 ; 非都市編定：乙種建築用地,1,1,全筆移轉,01230022
RPTNMLKKKIGGFAT68CB,田厝段,28.42,非都市：鄉村區 ; 非都市編定：乙種建築用地,12,1,持分移轉,01230021
RPQNMLLKKIGGFAT48CB,潭頭段,23.90,都市：商,100000,2225,持分移轉,02790000
RPPNMLNKKIGGFAT58CB,歸義段,16.74,非都市：一般農業區 ; 非都市編定：甲種建築用地,100000,617,持分移轉,05370000
RPPNMLNKKIGGFAT58CB,歸義段,.99,非都市：一般農業區 ; 非都市編定：丁種建築用地,100000,617,持分移轉,05360002
RPSNMLNKKIGGFAT88CB,歸義段,17.01,非都市：一般農業區 ; 非都市編定：甲種建築用地,100000,627,持分移轉,05370000
RPSNMLNKKIGGFAT88CB,歸義段,1.01,非都市：一般農業區 ; 非都市編定：丁種建築用地,100000,627,持分移轉,05360002
RPQNMLNKKIGGFAT68CB,歸義段,16.74,非都市：一般農業區 ; 非都市編定：甲種建築用地,100000,617,持分移轉,05370000
RPQNMLNKKIGGFAT68CB,歸義段,.99,非都市：一般農業區 ; 非都市編定：丁種建築用地,100000,617,持分移轉,05360002
RPPNMLNKKIGGFAT68DB,新清溪段,246.00,都市：工,1,1,全筆移轉,04850000
RPPNMLNKKIGGFAT68DB,新清溪段,47.69,都市：工,100000,1279,持分移轉,05100000
RPRNMLNKKIGGFAT78CB,歸義段,26.04,非都市：一般農業區 ; 非都市編定：甲種建築用地,100000,960,持分移轉,05370000
RPRNMLNKKIGGFAT78CB,歸義段,1.55,非都市：一般農業區 ; 非都市編定：丁種建築用地,100000,960,持分移轉,05360002
RPQNMLNKKIGGFAT78DB,新清溪段,266.00,都市：工,1,1,全筆移轉,04900000
RPQNMLNKKIGGFAT78DB,新清溪段,51.57,都市：工,100000,1383,持分移轉,05100000
RPQQMLOKKIGGFAT09CB,玉成段,132.26,非都市：鄉村區 ; 非都市編定：乙種建築用地,1,1,全筆移轉,06960027
RPQQMLOKKIGGFAT09CB,玉成段,5.67,非都市：鄉村區 ; 非都市編定：乙種建築用地,1000000,39998,持分移轉,06960000
RPQQMLOKKIGGFAT09CB,玉成段,.18,非都市：鄉村區 ; 非都市編定：乙種建築用地,1000000,39824,持分移轉,06960018
RPRQMLOKKIGGFAT56CB,玉成段,80.95,非都市：鄉村區 ; 非都市編定：乙種建築用地,1,1,全筆移轉,06960022
RPRQMLOKKIGGFAT56CB,玉成段,5.67,非都市：鄉村區 ; 非都市編定：乙種建築用地,1000000,39998,持分移轉,06960000
RPRQMLOKKIGGFAT56CB,玉成段,.18,非都市：鄉村區 ; 非都市編定：乙種建築用地,1000000,39824,持分移轉,06960018
RPRQMLOKKIGGFAT56CB,玉成段,23.97,非都市：鄉村區 ; 非都市編定：乙種建築用地,1000000,83330,持分移轉,06960007
RPPQMLOKKIGGFAT98CB,玉成段,133.33,非都市：鄉村區 ; 非都市編定：乙種建築用地,1,1,全筆移轉,06960026
RPPQMLOKKIGGFAT98CB,玉成段,5.67,非都市：鄉村區 ; 非都市編定：乙種建築用地,1000000,39998,持分移轉,06960000
RPPQMLOKKIGGFAT98CB,玉成段,.18,非都市：鄉村區 ; 非都市編定：乙種建築用地,1000000,39824,持分移轉,06960018
RPQNMLPKKIGGFCT09CB,五福段,23.12,都市：住,10000,210,持分移轉,08640004
RPPNMLQKKIGGFCT09CB,學人段,90.21,都市：住,1,1,全筆移轉,04600022
RPPNMLPKKIGGFAT78CB,勝興段,25.10,都市：住,100000,925,持分移轉,01470000
RPPNMLQKKIGGFAT88CB,潭頭段,20.55,都市：商,100000,1913,持分移轉,02790000
RPQNMLQKKIGGFAT98CB,潭頭段,20.55,都市：商,100000,1913,持分移轉,02790000
RPRNMLQKKIGGFAT09CB,潭頭段,20.55,都市：商,100000,1913,持分移轉,02790000
RPQNMLLLKIGGFAT58CB,長治段,23.67,都市：住,10000,243,持分移轉,00780001
RPXPMLRKKIGGFAT37CB,潭頭段,20.55,都市：商,100000,1913,持分移轉,02790000
RPPOMLKLKIGGFAT48CB,歸義段,26.04,非都市：一般農業區 ; 非都市編定：甲種建築用地,100000,960,持分移轉,05370000
RPPOMLKLKIGGFAT48CB,歸義段,1.55,非都市：一般農業區 ; 非都市編定：丁種建築用地,100000,960,持分移轉,05360002
RPTNMLLLKIGGFAT88CB,玉成段,86.00,非都市：鄉村區 ; 非都市編定：乙種建築用地,1,1,全筆移轉,06960020
RPTNMLLLKIGGFAT88CB,玉成段,5.67,非都市：鄉村區 ; 非都市編定：乙種建築用地,1000000,39998,持分移轉,06960000
RPTNMLLLKIGGFAT88CB,玉成段,.18,非都市：鄉村區 ; 非都市編定：乙種建築用地,1000000,39824,持分移轉,06960018
RPTNMLLLKIGGFAT88CB,玉成段,23.97,非都市：鄉村區 ; 非都市編定：乙種建築用地,1000000,83330,持分移轉,06960007
RPOOMLKLKIGGFAT38CB,歸義段,26.04,非都市：一般農業區 ; 非都市編定：甲種建築用地,100000,960,持分移轉,05370000
RPOOMLKLKIGGFAT38CB,歸義段,1.55,非都市：一般農業區 ; 非都市編定：丁種建築用地,100000,960,持分移轉,05360002
RPQNMLLLKIGGFDT98DB,大東段一小段,29.11,都市：住,10000,440,持分移轉,00500000
RPQNMLLLKIGGFDT98DB,大東段一小段,4.55,都市：住,10000,440,持分移轉,00500001
RPPNMLMJKIGGFAT38CB,潭頭段,22.51,都市：商,100000,2095,持分移轉,02790000
RPPNMLMLKIGGFAT58CB,水源段二小段,78.00,都市：住,1,1,全筆移轉,01240006
RPPNMLLLKIGGFAT48CB,長治段,23.67,都市：住,10000,243,持分移轉,00780001
RPQNMLMLKIGGFAT68CB,水源段二小段,79.00,都市：住,1,1,全筆移轉,01240000
RPPNMLQLKIGGFDT66CB,龍帝段,34.75,都市：住,10000,272,持分移轉,08120008
RPPNMLRLKIGGFDT76CB,大東段一小段,109.88,都市：住,1,1,全筆移轉,00490004
RPQNMLQLKIGGFDT76CB,龍帝段,26.32,都市：住,10000,206,持分移轉,08120008
RPRNMLLLKIGGFDT09DB,大東段一小段,29.11,都市：住,10000,440,持分移轉,00500000
RPRNMLLLKIGGFDT09DB,大東段一小段,4.55,都市：住,10000,440,持分移轉,00500001
RPPNMLNLKIGGFAT68CB,檳榔腳段一小段,32.92,都市：住,10000,217,持分移轉,06900000
RPPNMLOLKIGGFCT98CB,崙潮段,125.12,非都市：一般農業區 ; 非都市編定：甲種建築用地,1,1,全筆移轉,03550004
RPPNMLOLKIGGFCT98CB,崙潮段,30.47,非都市：一般農業區 ; 非都市編定：甲種建築用地,7,1,持分移轉,03550006
RPQNMLRLKIGGFDT86CB,大東段一小段,83.41,都市：住,1,1,全筆移轉,00490005
RPPNMLSLKIGGFAT56CB,香揚段一小段,7.97,都市：住,100000,268,持分移轉,00300000
RPPNMLSLKIGGFAT56CB,香揚段一小段,2.18,都市：住,100000,268,持分移轉,00300001
RPPNMLSLKIGGFAT56CB,香揚段一小段,27.47,都市：住,100000,268,持分移轉,00120000
RPPNMLSLKIGGFAT56CB,香揚段一小段,7.60,都市：住,100000,268,持分移轉,00120001
RPPNMLRLKIGGFAT09CB,長治段,23.77,都市：住,10000,244,持分移轉,00780001
RPPNMLRLKIGGFAT56DB,新鐘段,55.75,非都市：鄉村區 ; 非都市編定：乙種建築用地,8,1,持分移轉,18790006
RPPNMLRLKIGGFAT56DB,新鐘段,5.62,非都市：鄉村區 ; 非都市編定：乙種建築用地,10000,174,持分移轉,18790017
RPPNMLRLKIGGFAT56DB,新鐘段,1.00,非都市：鄉村區 ; 非都市編定：乙種建築用地,21,1,持分移轉,18790018
RPRNMLSLKIGGFAT76CB,香揚段一小段,4.67,都市：住,100000,157,持分移轉,00300000
RPRNMLSLKIGGFAT76CB,香揚段一小段,1.28,都市：住,100000,157,持分移轉,00300001
RPRNMLSLKIGGFAT76CB,香揚段一小段,16.09,都市：住,100000,157,持分移轉,00120000
RPRNMLSLKIGGFAT76CB,香揚段一小段,4.45,都市：住,100000,157,持分移轉,00120001
RPSNMLSLKIGGFAT86CB,香揚段一小段,3.60,都市：住,100000,121,持分移轉,00300000
RPSNMLSLKIGGFAT86CB,香揚段一小段,.98,都市：住,100000,121,持分移轉,00300001
RPSNMLSLKIGGFAT86CB,香揚段一小段,12.40,都市：住,100000,121,持分移轉,00120000
RPSNMLSLKIGGFAT86CB,香揚段一小段,3.43,都市：住,100000,121,持分移轉,00120001
RPUNMLSLKIGGFAT07CB,香揚段一小段,4.93,都市：住,100000,166,持分移轉,00300000
RPUNMLSLKIGGFAT07CB,香揚段一小段,1.35,都市：住,100000,166,持分移轉,00300001
RPUNMLSLKIGGFAT07CB,香揚段一小段,17.02,都市：住,100000,166,持分移轉,00120000
RPUNMLSLKIGGFAT07CB,香揚段一小段,4.71,都市：住,100000,166,持分移轉,00120001
RPVNMLSLKIGGFAT17CB,香揚段一小段,7.97,都市：住,100000,268,持分移轉,00300000
RPVNMLSLKIGGFAT17CB,香揚段一小段,2.18,都市：住,100000,268,持分移轉,00300001
RPVNMLSLKIGGFAT17CB,香揚段一小段,27.47,都市：住,100000,268,持分移轉,00120000
RPVNMLSLKIGGFAT17CB,香揚段一小段,7.60,都市：住,100000,268,持分移轉,00120001
RPXNMLSLKIGGFAT37CB,香揚段一小段,4.73,都市：住,100000,159,持分移轉,00300000
RPXNMLSLKIGGFAT37CB,香揚段一小段,1.29,都市：住,100000,159,持分移轉,00300001
RPXNMLSLKIGGFAT37CB,香揚段一小段,16.30,都市：住,100000,159,持分移轉,00120000
RPXNMLSLKIGGFAT37CB,香揚段一小段,4.51,都市：住,100000,159,持分移轉,00120001
RPWNMLSLKIGGFAT27CB,香揚段一小段,4.93,都市：住,100000,166,持分移轉,00300000
RPWNMLSLKIGGFAT27CB,香揚段一小段,1.35,都市：住,100000,166,持分移轉,00300001
RPWNMLSLKIGGFAT27CB,香揚段一小段,17.02,都市：住,100000,166,持分移轉,00120000
RPWNMLSLKIGGFAT27CB,香揚段一小段,4.71,都市：住,100000,166,持分移轉,00120001
RPOOMLSLKIGGFAT56CB,香揚段一小段,7.97,都市：住,100000,268,持分移轉,00300000
RPOOMLSLKIGGFAT56CB,香揚段一小段,2.18,都市：住,100000,268,持分移轉,00300001
RPOOMLSLKIGGFAT56CB,香揚段一小段,27.47,都市：住,100000,268,持分移轉,00120000
RPOOMLSLKIGGFAT56CB,香揚段一小段,7.60,都市：住,100000,268,持分移轉,00120001
RPPOMLSLKIGGFAT66CB,香揚段一小段,4.91,都市：住,100000,165,持分移轉,00300000
RPPOMLSLKIGGFAT66CB,香揚段一小段,1.34,都市：住,100000,165,持分移轉,00300001
RPPOMLSLKIGGFAT66CB,香揚段一小段,16.91,都市：住,100000,165,持分移轉,00120000
RPPOMLSLKIGGFAT66CB,香揚段一小段,4.68,都市：住,100000,165,持分移轉,00120001
RPQOMLSLKIGGFAT76CB,香揚段一小段,4.91,都市：住,100000,165,持分移轉,00300000
RPQOMLSLKIGGFAT76CB,香揚段一小段,1.34,都市：住,100000,165,持分移轉,00300001
RPQOMLSLKIGGFAT76CB,香揚段一小段,16.91,都市：住,100000,165,持分移轉,00120000
RPQOMLSLKIGGFAT76CB,香揚段一小段,4.68,都市：住,100000,165,持分移轉,00120001
RPROMLSLKIGGFAT86CB,香揚段一小段,2.65,都市：住,100000,89,持分移轉,00300000
RPROMLSLKIGGFAT86CB,香揚段一小段,.72,都市：住,100000,89,持分移轉,00300001
RPROMLSLKIGGFAT86CB,香揚段一小段,9.12,都市：住,100000,89,持分移轉,00120000
RPROMLSLKIGGFAT86CB,香揚段一小段,2.52,都市：住,100000,89,持分移轉,00120001
RPSOMLSLKIGGFAT96CB,香揚段一小段,4.91,都市：住,100000,165,持分移轉,00300000
RPSOMLSLKIGGFAT96CB,香揚段一小段,1.34,都市：住,100000,165,持分移轉,00300001
RPSOMLSLKIGGFAT96CB,香揚段一小段,16.91,都市：住,100000,165,持分移轉,00120000
RPSOMLSLKIGGFAT96CB,香揚段一小段,4.68,都市：住,100000,165,持分移轉,00120001
RPTOMLSLKIGGFAT07CB,香揚段一小段,4.91,都市：住,100000,165,持分移轉,00300000
RPTOMLSLKIGGFAT07CB,香揚段一小段,1.34,都市：住,100000,165,持分移轉,00300001
RPTOMLSLKIGGFAT07CB,香揚段一小段,16.91,都市：住,100000,165,持分移轉,00120000
RPTOMLSLKIGGFAT07CB,香揚段一小段,4.68,都市：住,100000,165,持分移轉,00120001
RPUOMLSLKIGGFAT17CB,香揚段一小段,4.91,都市：住,100000,165,持分移轉,00300000
RPUOMLSLKIGGFAT17CB,香揚段一小段,1.34,都市：住,100000,165,持分移轉,00300001
RPUOMLSLKIGGFAT17CB,香揚段一小段,16.91,都市：住,100000,165,持分移轉,00120000
RPUOMLSLKIGGFAT17CB,香揚段一小段,4.68,都市：住,100000,165,持分移轉,00120001
RPVOMLSLKIGGFAT27CB,香揚段一小段,4.58,都市：住,100000,154,持分移轉,00300000
RPXOMLSLKIGGFAT47CB,香揚段一小段,7.97,都市：住,100000,268,持分移轉,00300000
RPVOMLSLKIGGFAT27CB,香揚段一小段,1.25,都市：住,100000,154,持分移轉,00300001
RPXOMLSLKIGGFAT47CB,香揚段一小段,2.18,都市：住,100000,268,持分移轉,00300001
RPVOMLSLKIGGFAT27CB,香揚段一小段,15.79,都市：住,100000,154,持分移轉,00120000
RPXOMLSLKIGGFAT47CB,香揚段一小段,27.47,都市：住,100000,268,持分移轉,00120000
RPVOMLSLKIGGFAT27CB,香揚段一小段,4.37,都市：住,100000,154,持分移轉,00120001
RPXOMLSLKIGGFAT47CB,香揚段一小段,7.60,都市：住,100000,268,持分移轉,00120001
RPWOMLSLKIGGFAT37CB,香揚段一小段,4.67,都市：住,100000,157,持分移轉,00300000
RPWOMLSLKIGGFAT37CB,香揚段一小段,1.28,都市：住,100000,157,持分移轉,00300001
RPWOMLSLKIGGFAT37CB,香揚段一小段,16.09,都市：住,100000,157,持分移轉,00120000
RPWOMLSLKIGGFAT37CB,香揚段一小段,4.45,都市：住,100000,157,持分移轉,00120001
RPPPMLSLKIGGFAT76CB,香揚段一小段,4.58,都市：住,100000,154,持分移轉,00300000
RPPPMLSLKIGGFAT76CB,香揚段一小段,1.25,都市：住,100000,154,持分移轉,00300001
RPPPMLSLKIGGFAT76CB,香揚段一小段,15.79,都市：住,100000,154,持分移轉,00120000
RPPPMLSLKIGGFAT76CB,香揚段一小段,4.37,都市：住,100000,154,持分移轉,00120001
RPQPMLSLKIGGFAT86CB,香揚段一小段,4.91,都市：住,100000,165,持分移轉,00300000
RPQPMLSLKIGGFAT86CB,香揚段一小段,1.34,都市：住,100000,165,持分移轉,00300001
RPQPMLSLKIGGFAT86CB,香揚段一小段,16.91,都市：住,100000,165,持分移轉,00120000
RPQPMLSLKIGGFAT86CB,香揚段一小段,4.68,都市：住,100000,165,持分移轉,00120001
RPOPMLSLKIGGFAT66CB,香揚段一小段,6.09,都市：住,100000,205,持分移轉,00300000
RPOPMLSLKIGGFAT66CB,香揚段一小段,1.67,都市：住,100000,205,持分移轉,00300001
RPOPMLSLKIGGFAT66CB,香揚段一小段,21.01,都市：住,100000,205,持分移轉,00120000
RPOPMLSLKIGGFAT66CB,香揚段一小段,5.81,都市：住,100000,205,持分移轉,00120001
RPSPMLSLKIGGFAT07CB,香揚段一小段,6.09,都市：住,100000,205,持分移轉,00300000
RPSPMLSLKIGGFAT07CB,香揚段一小段,1.67,都市：住,100000,205,持分移轉,00300001
RPRPMLSLKIGGFAT96CB,香揚段一小段,2.76,都市：住,100000,93,持分移轉,00300000
RPSPMLSLKIGGFAT07CB,香揚段一小段,21.01,都市：住,100000,205,持分移轉,00120000
RPRPMLSLKIGGFAT96CB,香揚段一小段,.76,都市：住,100000,93,持分移轉,00300001
RPSPMLSLKIGGFAT07CB,香揚段一小段,5.81,都市：住,100000,205,持分移轉,00120001
RPRPMLSLKIGGFAT96CB,香揚段一小段,9.53,都市：住,100000,93,持分移轉,00120000
RPRPMLSLKIGGFAT96CB,香揚段一小段,2.64,都市：住,100000,93,持分移轉,00120001
RPTPMLSLKIGGFAT17CB,香揚段一小段,6.09,都市：住,100000,205,持分移轉,00300000
RPTPMLSLKIGGFAT17CB,香揚段一小段,1.67,都市：住,100000,205,持分移轉,00300001
RPTPMLSLKIGGFAT17CB,香揚段一小段,21.01,都市：住,100000,205,持分移轉,00120000
RPTPMLSLKIGGFAT17CB,香揚段一小段,5.81,都市：住,100000,205,持分移轉,00120001
RPUPMLSLKIGGFAT27CB,香揚段一小段,4.91,都市：住,100000,165,持分移轉,00300000
RPUPMLSLKIGGFAT27CB,香揚段一小段,1.34,都市：住,100000,165,持分移轉,00300001
RPUPMLSLKIGGFAT27CB,香揚段一小段,16.91,都市：住,100000,165,持分移轉,00120000
RPUPMLSLKIGGFAT27CB,香揚段一小段,4.68,都市：住,100000,165,持分移轉,00120001
RPWPMLSLKIGGFAT47CB,香揚段一小段,3.33,都市：住,100000,112,持分移轉,00300000
RPWPMLSLKIGGFAT47CB,香揚段一小段,.91,都市：住,100000,112,持分移轉,00300001
RPWPMLSLKIGGFAT47CB,香揚段一小段,11.48,都市：住,100000,112,持分移轉,00120000
RPWPMLSLKIGGFAT47CB,香揚段一小段,3.18,都市：住,100000,112,持分移轉,00120001
RPVPMLSLKIGGFAT37CB,香揚段一小段,2.88,都市：住,100000,97,持分移轉,00300000
RPVPMLSLKIGGFAT37CB,香揚段一小段,.79,都市：住,100000,97,持分移轉,00300001
RPVPMLSLKIGGFAT37CB,香揚段一小段,9.94,都市：住,100000,97,持分移轉,00120000
RPVPMLSLKIGGFAT37CB,香揚段一小段,2.75,都市：住,100000,97,持分移轉,00120001
RPXPMLSLKIGGFAT57CB,香揚段一小段,4.73,都市：住,100000,159,持分移轉,00300000
RPXPMLSLKIGGFAT57CB,香揚段一小段,1.29,都市：住,100000,159,持分移轉,00300001
RPXPMLSLKIGGFAT57CB,香揚段一小段,16.30,都市：住,100000,159,持分移轉,00120000
RPXPMLSLKIGGFAT57CB,香揚段一小段,4.51,都市：住,100000,159,持分移轉,00120001
RPOQMLSLKIGGFAT76CB,香揚段一小段,4.91,都市：住,100000,165,持分移轉,00300000
RPOQMLSLKIGGFAT76CB,香揚段一小段,1.34,都市：住,100000,165,持分移轉,00300001
RPOQMLSLKIGGFAT76CB,香揚段一小段,16.91,都市：住,100000,165,持分移轉,00120000
RPOQMLSLKIGGFAT76CB,香揚段一小段,4.68,都市：住,100000,165,持分移轉,00120001
RPRQMLSLKIGGFAT07CB,香揚段一小段,3.60,都市：住,100000,121,持分移轉,00300000
RPRQMLSLKIGGFAT07CB,香揚段一小段,.98,都市：住,100000,121,持分移轉,00300001
RPRQMLSLKIGGFAT07CB,香揚段一小段,12.40,都市：住,100000,121,持分移轉,00120000
RPRQMLSLKIGGFAT07CB,香揚段一小段,3.43,都市：住,100000,121,持分移轉,00120001
RPPQMLSLKIGGFAT86CB,香揚段一小段,7.97,都市：住,100000,268,持分移轉,00300000
RPPQMLSLKIGGFAT86CB,香揚段一小段,2.18,都市：住,100000,268,持分移轉,00300001
RPPQMLSLKIGGFAT86CB,香揚段一小段,27.47,都市：住,100000,268,持分移轉,00120000
RPPQMLSLKIGGFAT86CB,香揚段一小段,7.60,都市：住,100000,268,持分移轉,00120001
RPSQMLSLKIGGFAT17CB,香揚段一小段,4.67,都市：住,100000,157,持分移轉,00300000
RPSQMLSLKIGGFAT17CB,香揚段一小段,1.28,都市：住,100000,157,持分移轉,00300001
RPSQMLSLKIGGFAT17CB,香揚段一小段,16.09,都市：住,100000,157,持分移轉,00120000
RPSQMLSLKIGGFAT17CB,香揚段一小段,4.45,都市：住,100000,157,持分移轉,00120001
RPQQMLSLKIGGFAT96CB,香揚段一小段,4.58,都市：住,100000,154,持分移轉,00300000
RPQQMLSLKIGGFAT96CB,香揚段一小段,1.25,都市：住,100000,154,持分移轉,00300001
RPQQMLSLKIGGFAT96CB,香揚段一小段,15.79,都市：住,100000,154,持分移轉,00120000
RPQQMLSLKIGGFAT96CB,香揚段一小段,4.37,都市：住,100000,154,持分移轉,00120001
RPTQMLSLKIGGFAT27CB,香揚段一小段,4.93,都市：住,100000,166,持分移轉,00300000
RPTQMLSLKIGGFAT27CB,香揚段一小段,1.35,都市：住,100000,166,持分移轉,00300001
RPTQMLSLKIGGFAT27CB,香揚段一小段,17.02,都市：住,100000,166,持分移轉,00120000
RPTQMLSLKIGGFAT27CB,香揚段一小段,4.71,都市：住,100000,166,持分移轉,00120001
RPVQMLSLKIGGFAT47CB,香揚段一小段,4.93,都市：住,100000,166,持分移轉,00300000
RPVQMLSLKIGGFAT47CB,香揚段一小段,1.35,都市：住,100000,166,持分移轉,00300001
RPVQMLSLKIGGFAT47CB,香揚段一小段,17.02,都市：住,100000,166,持分移轉,00120000
RPVQMLSLKIGGFAT47CB,香揚段一小段,4.71,都市：住,100000,166,持分移轉,00120001
RPORMLSLKIGGFAT86CB,香揚段一小段,4.91,都市：住,100000,165,持分移轉,00300000
RPUQMLSLKIGGFAT37CB,香揚段一小段,7.97,都市：住,100000,268,持分移轉,00300000
RPORMLSLKIGGFAT86CB,香揚段一小段,1.34,都市：住,100000,165,持分移轉,00300001
RPORMLSLKIGGFAT86CB,香揚段一小段,16.91,都市：住,100000,165,持分移轉,00120000
RPORMLSLKIGGFAT86CB,香揚段一小段,4.68,都市：住,100000,165,持分移轉,00120001
RPUQMLSLKIGGFAT37CB,香揚段一小段,2.18,都市：住,100000,268,持分移轉,00300001
RPUQMLSLKIGGFAT37CB,香揚段一小段,27.47,都市：住,100000,268,持分移轉,00120000
RPUQMLSLKIGGFAT37CB,香揚段一小段,7.60,都市：住,100000,268,持分移轉,00120001
RPWQMLSLKIGGFAT57CB,香揚段一小段,9.19,都市：住,100000,309,持分移轉,00300000
RPWQMLSLKIGGFAT57CB,香揚段一小段,2.51,都市：住,100000,309,持分移轉,00300001
RPWQMLSLKIGGFAT57CB,香揚段一小段,31.67,都市：住,100000,309,持分移轉,00120000
RPWQMLSLKIGGFAT57CB,香揚段一小段,8.76,都市：住,100000,309,持分移轉,00120001
RPPRMLSLKIGGFAT96CB,香揚段一小段,4.93,都市：住,100000,166,持分移轉,00300000
RPPRMLSLKIGGFAT96CB,香揚段一小段,1.35,都市：住,100000,166,持分移轉,00300001
RPPRMLSLKIGGFAT96CB,香揚段一小段,17.02,都市：住,100000,166,持分移轉,00120000
RPPRMLSLKIGGFAT96CB,香揚段一小段,4.71,都市：住,100000,166,持分移轉,00120001
RPQRMLSLKIGGFAT07CB,香揚段一小段,6.09,都市：住,100000,205,持分移轉,00300000
RPQRMLSLKIGGFAT07CB,香揚段一小段,1.67,都市：住,100000,205,持分移轉,00300001
RPQRMLSLKIGGFAT07CB,香揚段一小段,21.01,都市：住,100000,205,持分移轉,00120000
RPQRMLSLKIGGFAT07CB,香揚段一小段,5.81,都市：住,100000,205,持分移轉,00120001
RPXQMLSLKIGGFAT67CB,香揚段一小段,4.73,都市：住,100000,159,持分移轉,00300000
RPXQMLSLKIGGFAT67CB,香揚段一小段,1.29,都市：住,100000,159,持分移轉,00300001
RPXQMLSLKIGGFAT67CB,香揚段一小段,16.30,都市：住,100000,159,持分移轉,00120000
RPXQMLSLKIGGFAT67CB,香揚段一小段,4.51,都市：住,100000,159,持分移轉,00120001
RPRRMLSLKIGGFAT17CB,香揚段一小段,4.91,都市：住,100000,165,持分移轉,00300000
RPRRMLSLKIGGFAT17CB,香揚段一小段,1.34,都市：住,100000,165,持分移轉,00300001
RPRRMLSLKIGGFAT17CB,香揚段一小段,16.91,都市：住,100000,165,持分移轉,00120000
RPRRMLSLKIGGFAT17CB,香揚段一小段,4.68,都市：住,100000,165,持分移轉,00120001
RPWRMLSLKIGGFAT67CB,香揚段一小段,4.67,都市：住,100000,157,持分移轉,00300000
RPWRMLSLKIGGFAT67CB,香揚段一小段,1.28,都市：住,100000,157,持分移轉,00300001
RPWRMLSLKIGGFAT67CB,香揚段一小段,16.09,都市：住,100000,157,持分移轉,00120000
RPWRMLSLKIGGFAT67CB,香揚段一小段,4.45,都市：住,100000,157,持分移轉,00120001
RPSRMLSLKIGGFAT27CB,香揚段一小段,4.91,都市：住,100000,165,持分移轉,00300000
RPSRMLSLKIGGFAT27CB,香揚段一小段,1.34,都市：住,100000,165,持分移轉,00300001
RPSRMLSLKIGGFAT27CB,香揚段一小段,16.91,都市：住,100000,165,持分移轉,00120000
RPSRMLSLKIGGFAT27CB,香揚段一小段,4.68,都市：住,100000,165,持分移轉,00120001
RPVRMLSLKIGGFAT57CB,香揚段一小段,4.73,都市：住,100000,159,持分移轉,00300000
RPVRMLSLKIGGFAT57CB,香揚段一小段,1.29,都市：住,100000,159,持分移轉,00300001
RPVRMLSLKIGGFAT57CB,香揚段一小段,16.30,都市：住,100000,159,持分移轉,00120000
RPVRMLSLKIGGFAT57CB,香揚段一小段,4.51,都市：住,100000,159,持分移轉,00120001
RPTRMLSLKIGGFAT37CB,香揚段一小段,7.97,都市：住,100000,268,持分移轉,00300000
RPTRMLSLKIGGFAT37CB,香揚段一小段,2.18,都市：住,100000,268,持分移轉,00300001
RPTRMLSLKIGGFAT37CB,香揚段一小段,27.47,都市：住,100000,268,持分移轉,00120000
RPTRMLSLKIGGFAT37CB,香揚段一小段,7.60,都市：住,100000,268,持分移轉,00120001
RPURMLSLKIGGFAT47CB,香揚段一小段,11.77,都市：住,100000,396,持分移轉,00300000
RPURMLSLKIGGFAT47CB,香揚段一小段,3.22,都市：住,100000,396,持分移轉,00300001
RPURMLSLKIGGFAT47CB,香揚段一小段,40.59,都市：住,100000,396,持分移轉,00120000
RPURMLSLKIGGFAT47CB,香揚段一小段,11.23,都市：住,100000,396,持分移轉,00120001
RPOSMLSLKIGGFAT96CB,香揚段一小段,4.85,都市：住,100000,163,持分移轉,00300000
RPOSMLSLKIGGFAT96CB,香揚段一小段,1.33,都市：住,100000,163,持分移轉,00300001
RPOSMLSLKIGGFAT96CB,香揚段一小段,16.71,都市：住,100000,163,持分移轉,00120000
RPOSMLSLKIGGFAT96CB,香揚段一小段,4.62,都市：住,100000,163,持分移轉,00120001
RPPSMLSLKIGGFAT07CB,香揚段一小段,4.91,都市：住,100000,165,持分移轉,00300000
RPPSMLSLKIGGFAT07CB,香揚段一小段,1.34,都市：住,100000,165,持分移轉,00300001
RPPSMLSLKIGGFAT07CB,香揚段一小段,16.91,都市：住,100000,165,持分移轉,00120000
RPPSMLSLKIGGFAT07CB,香揚段一小段,4.68,都市：住,100000,165,持分移轉,00120001
RPXRMLSLKIGGFAT77CB,香揚段一小段,4.73,都市：住,100000,159,持分移轉,00300000
RPXRMLSLKIGGFAT77CB,香揚段一小段,1.29,都市：住,100000,159,持分移轉,00300001
RPXRMLSLKIGGFAT77CB,香揚段一小段,16.30,都市：住,100000,159,持分移轉,00120000
RPXRMLSLKIGGFAT77CB,香揚段一小段,4.51,都市：住,100000,159,持分移轉,00120001
RPQSMLSLKIGGFAT17CB,香揚段一小段,7.97,都市：住,100000,268,持分移轉,00300000
RPQSMLSLKIGGFAT17CB,香揚段一小段,2.18,都市：住,100000,268,持分移轉,00300001
RPQSMLSLKIGGFAT17CB,香揚段一小段,27.47,都市：住,100000,268,持分移轉,00120000
RPQSMLSLKIGGFAT17CB,香揚段一小段,7.60,都市：住,100000,268,持分移轉,00120001
RPSSMLSLKIGGFAT37CB,香揚段一小段,4.91,都市：住,100000,165,持分移轉,00300000
RPSSMLSLKIGGFAT37CB,香揚段一小段,1.34,都市：住,100000,165,持分移轉,00300001
RPSSMLSLKIGGFAT37CB,香揚段一小段,16.91,都市：住,100000,165,持分移轉,00120000
RPSSMLSLKIGGFAT37CB,香揚段一小段,4.68,都市：住,100000,165,持分移轉,00120001
RPRSMLSLKIGGFAT27CB,香揚段一小段,4.91,都市：住,100000,165,持分移轉,00300000
RPRSMLSLKIGGFAT27CB,香揚段一小段,1.34,都市：住,100000,165,持分移轉,00300001
RPRSMLSLKIGGFAT27CB,香揚段一小段,16.91,都市：住,100000,165,持分移轉,00120000
RPRSMLSLKIGGFAT27CB,香揚段一小段,4.68,都市：住,100000,165,持分移轉,00120001
RPXSMLSLKIGGFAT87CB,香揚段一小段,7.97,都市：住,100000,268,持分移轉,00300000
RPXSMLSLKIGGFAT87CB,香揚段一小段,2.18,都市：住,100000,268,持分移轉,00300001
RPXSMLSLKIGGFAT87CB,香揚段一小段,27.47,都市：住,100000,268,持分移轉,00120000
RPXSMLSLKIGGFAT87CB,香揚段一小段,7.60,都市：住,100000,268,持分移轉,00120001
RPTSMLSLKIGGFAT47CB,香揚段一小段,4.91,都市：住,100000,165,持分移轉,00300000
RPTSMLSLKIGGFAT47CB,香揚段一小段,1.34,都市：住,100000,165,持分移轉,00300001
RPTSMLSLKIGGFAT47CB,香揚段一小段,16.91,都市：住,100000,165,持分移轉,00120000
RPTSMLSLKIGGFAT47CB,香揚段一小段,4.68,都市：住,100000,165,持分移轉,00120001
RPOTMLSLKIGGFAT07CB,香揚段一小段,4.91,都市：住,100000,165,持分移轉,00300000
RPOTMLSLKIGGFAT07CB,香揚段一小段,1.34,都市：住,100000,165,持分移轉,00300001
RPOTMLSLKIGGFAT07CB,香揚段一小段,16.91,都市：住,100000,165,持分移轉,00120000
RPOTMLSLKIGGFAT07CB,香揚段一小段,4.68,都市：住,100000,165,持分移轉,00120001
RPWSMLSLKIGGFAT77CB,香揚段一小段,2.65,都市：住,100000,89,持分移轉,00300000
RPWSMLSLKIGGFAT77CB,香揚段一小段,.72,都市：住,100000,89,持分移轉,00300001
RPWSMLSLKIGGFAT77CB,香揚段一小段,9.12,都市：住,100000,89,持分移轉,00120000
RPWSMLSLKIGGFAT77CB,香揚段一小段,2.52,都市：住,100000,89,持分移轉,00120001
RPVSMLSLKIGGFAT67CB,香揚段一小段,4.93,都市：住,100000,166,持分移轉,00300000
RPVSMLSLKIGGFAT67CB,香揚段一小段,1.35,都市：住,100000,166,持分移轉,00300001
RPVSMLSLKIGGFAT67CB,香揚段一小段,17.02,都市：住,100000,166,持分移轉,00120000
RPVSMLSLKIGGFAT67CB,香揚段一小段,4.71,都市：住,100000,166,持分移轉,00120001
RPQNMLSLKIGGFAT66CB,香揚段一小段,4.73,都市：住,100000,159,持分移轉,00300000
RPQNMLSLKIGGFAT66CB,香揚段一小段,1.29,都市：住,100000,159,持分移轉,00300001
RPQNMLSLKIGGFAT66CB,香揚段一小段,16.30,都市：住,100000,159,持分移轉,00120000
RPQNMLSLKIGGFAT66CB,香揚段一小段,4.51,都市：住,100000,159,持分移轉,00120001
RPUSMLSLKIGGFAT57CB,香揚段一小段,4.85,都市：住,100000,163,持分移轉,00300000
RPUSMLSLKIGGFAT57CB,香揚段一小段,1.33,都市：住,100000,163,持分移轉,00300001
RPUSMLSLKIGGFAT57CB,香揚段一小段,16.71,都市：住,100000,163,持分移轉,00120000
RPUSMLSLKIGGFAT57CB,香揚段一小段,4.62,都市：住,100000,163,持分移轉,00120001
RPPTMLSLKIGGFAT17CB,香揚段一小段,3.45,都市：住,100000,116,持分移轉,00300000
RPPTMLSLKIGGFAT17CB,香揚段一小段,.94,都市：住,100000,116,持分移轉,00300001
RPPTMLSLKIGGFAT17CB,香揚段一小段,11.89,都市：住,100000,116,持分移轉,00120000
RPPTMLSLKIGGFAT17CB,香揚段一小段,3.29,都市：住,100000,116,持分移轉,00120001
RPSRMLKMKIGGFCT76CB,學人段,141.14,都市：住,1,1,全筆移轉,04600005
RPSRMLKMKIGGFCT76CB,學人段,41.74,都市：住,6,1,持分移轉,04600011
RPSRMLKMKIGGFCT76CB,學人段,.76,都市：住,6,1,持分移轉,04600004
RPRRMLKMKIGGFCT66CB,學人段,87.46,都市：住,1,1,全筆移轉,04600013
RPRRMLKMKIGGFCT66CB,學人段,41.74,都市：住,6,1,持分移轉,04600011
RPRRMLKMKIGGFCT66CB,學人段,.76,都市：住,6,1,持分移轉,04600004
RPQTMLSLKIGGFAT27CB,香揚段一小段,3.36,都市：住,100000,113,持分移轉,00300000
RPPNMLNJJHHGFAT48DB,新清溪段,252.16,都市：工,1,1,全筆移轉,04830000
RPQTMLSLKIGGFAT27CB,香揚段一小段,.92,都市：住,100000,113,持分移轉,00300001
RPPNMLNJJHHGFAT48DB,新清溪段,49.00,都市：工,100000,1310,持分移轉,05100000
RPQTMLSLKIGGFAT27CB,香揚段一小段,11.58,都市：住,100000,113,持分移轉,00120000
RPQTMLSLKIGGFAT27CB,香揚段一小段,3.20,都市：住,100000,113,持分移轉,00120001
RPPNMLKMKIGGFAT48CB,勝興段,32.56,都市：住,100000,1200,持分移轉,01470000
RPPNMLNJJHHGFAT38CB,潭頭段,22.11,都市：商,100000,2058,持分移轉,02790000
RPRNMLNJJHHGFAT58CB,歸義段,17.01,非都市：一般農業區 ; 非都市編定：甲種建築用地,100000,627,持分移轉,05370000
RPRNMLNJJHHGFAT58CB,歸義段,1.01,非都市：一般農業區 ; 非都市編定：丁種建築用地,100000,627,持分移轉,05360002
RPPNMLOJJHHGFAT48CB,檳榔腳段一小段,32.92,都市：住,10000,217,持分移轉,06900000
RPSNMLNJJHHGFAT68CB,歸義段,26.04,非都市：一般農業區 ; 非都市編定：甲種建築用地,100000,960,持分移轉,05370000
RPSNMLNJJHHGFAT68CB,歸義段,1.55,非都市：一般農業區 ; 非都市編定：丁種建築用地,100000,960,持分移轉,05360002
RPQNMLOJJHHGFAT58CB,檳榔腳段一小段,14.87,都市：住,10000,98,持分移轉,06900000
RPRNMLOJJHHGFAT68CB,麟和段,24.98,非都市：一般農業區 ; 非都市編定：甲種建築用地,1000,54,持分移轉,06880000
RPRNMLOJJHHGFAT68CB,麟和段,16.45,非都市：一般農業區 ; 非都市編定：甲種建築用地,33,1,持分移轉,06880004
RPWNMLOJJHHGFAT56CB,香揚段一小段,7.97,都市：住,100000,268,持分移轉,00300000
RPTNMLOJJHHGFAT88CB,麟和段,14.34,非都市：一般農業區 ; 非都市編定：甲種建築用地,1000,31,持分移轉,06880000
RPWNMLOJJHHGFAT56CB,香揚段一小段,2.18,都市：住,100000,268,持分移轉,00300001
RPTNMLOJJHHGFAT88CB,麟和段,16.45,非都市：一般農業區 ; 非都市編定：甲種建築用地,33,1,持分移轉,06880004
RPWNMLOJJHHGFAT56CB,香揚段一小段,27.47,都市：住,100000,268,持分移轉,00120000
RPWNMLOJJHHGFAT56CB,香揚段一小段,7.60,都市：住,100000,268,持分移轉,00120001
RPSNMLOJJHHGFAT78CB,麟和段,14.34,非都市：一般農業區 ; 非都市編定：甲種建築用地,1000,31,持分移轉,06880000
RPSNMLOJJHHGFAT78CB,麟和段,16.45,非都市：一般農業區 ; 非都市編定：甲種建築用地,33,1,持分移轉,06880004
RPXNMLOJJHHGFAT66CB,香揚段一小段,4.73,都市：住,100000,159,持分移轉,00300000
RPXNMLOJJHHGFAT66CB,香揚段一小段,1.29,都市：住,100000,159,持分移轉,00300001
RPXNMLOJJHHGFAT66CB,香揚段一小段,16.30,都市：住,100000,159,持分移轉,00120000
RPXNMLOJJHHGFAT66CB,香揚段一小段,4.51,都市：住,100000,159,持分移轉,00120001
RPUNMLOJJHHGFAT98CB,香揚段一小段,6.09,都市：住,100000,205,持分移轉,00300000
RPUNMLOJJHHGFAT98CB,香揚段一小段,1.67,都市：住,100000,205,持分移轉,00300001
RPUNMLOJJHHGFAT98CB,香揚段一小段,21.01,都市：住,100000,205,持分移轉,00120000
RPUNMLOJJHHGFAT98CB,香揚段一小段,5.81,都市：住,100000,205,持分移轉,00120001
RPVNMLOJJHHGFAT09CB,香揚段一小段,4.73,都市：住,100000,159,持分移轉,00300000
RPVNMLOJJHHGFAT09CB,香揚段一小段,1.29,都市：住,100000,159,持分移轉,00300001
RPVNMLOJJHHGFAT09CB,香揚段一小段,16.30,都市：住,100000,159,持分移轉,00120000
RPVNMLOJJHHGFAT09CB,香揚段一小段,4.51,都市：住,100000,159,持分移轉,00120001
RPPOMLOJJHHGFAT58CB,香揚段一小段,7.97,都市：住,100000,268,持分移轉,00300000
RPPOMLOJJHHGFAT58CB,香揚段一小段,2.18,都市：住,100000,268,持分移轉,00300001
RPPOMLOJJHHGFAT58CB,香揚段一小段,27.47,都市：住,100000,268,持分移轉,00120000
RPPOMLOJJHHGFAT58CB,香揚段一小段,7.60,都市：住,100000,268,持分移轉,00120001
RPOOMLOJJHHGFAT48CB,香揚段一小段,6.09,都市：住,100000,205,持分移轉,00300000
RPOOMLOJJHHGFAT48CB,香揚段一小段,1.67,都市：住,100000,205,持分移轉,00300001
RPOOMLOJJHHGFAT48CB,香揚段一小段,21.01,都市：住,100000,205,持分移轉,00120000
RPOOMLOJJHHGFAT48CB,香揚段一小段,5.81,都市：住,100000,205,持分移轉,00120001
RPQOMLOJJHHGFAT68CB,香揚段一小段,7.97,都市：住,100000,268,持分移轉,00300000
RPQOMLOJJHHGFAT68CB,香揚段一小段,2.18,都市：住,100000,268,持分移轉,00300001
RPQOMLOJJHHGFAT68CB,香揚段一小段,27.47,都市：住,100000,268,持分移轉,00120000
RPQOMLOJJHHGFAT68CB,香揚段一小段,7.60,都市：住,100000,268,持分移轉,00120001
RPTOMLOJJHHGFAT98CB,麟和段,14.34,非都市：一般農業區 ; 非都市編定：甲種建築用地,1000,31,持分移轉,06880000
RPTOMLOJJHHGFAT98CB,麟和段,16.45,非都市：一般農業區 ; 非都市編定：甲種建築用地,33,1,持分移轉,06880004
RPSOMLOJJHHGFAT88CB,香揚段一小段,7.97,都市：住,100000,268,持分移轉,00300000
RPSOMLOJJHHGFAT88CB,香揚段一小段,2.18,都市：住,100000,268,持分移轉,00300001
RPSOMLOJJHHGFAT88CB,香揚段一小段,27.47,都市：住,100000,268,持分移轉,00120000
RPSOMLOJJHHGFAT88CB,香揚段一小段,7.60,都市：住,100000,268,持分移轉,00120001
RPROMLOJJHHGFAT78CB,香揚段一小段,4.79,都市：住,100000,161,持分移轉,00300000
RPROMLOJJHHGFAT78CB,香揚段一小段,1.31,都市：住,100000,161,持分移轉,00300001
RPROMLOJJHHGFAT78CB,香揚段一小段,16.50,都市：住,100000,161,持分移轉,00120000
RPROMLOJJHHGFAT78CB,香揚段一小段,4.57,都市：住,100000,161,持分移轉,00120001
RPWOMLOJJHHGFAT66CB,香揚段一小段,7.97,都市：住,100000,268,持分移轉,00300000
RPWOMLOJJHHGFAT66CB,香揚段一小段,2.18,都市：住,100000,268,持分移轉,00300001
RPWOMLOJJHHGFAT66CB,香揚段一小段,27.47,都市：住,100000,268,持分移轉,00120000
RPWOMLOJJHHGFAT66CB,香揚段一小段,7.60,都市：住,100000,268,持分移轉,00120001
RPOPMLOJJHHGFAT58CB,香揚段一小段,4.91,都市：住,100000,165,持分移轉,00300000
RPOPMLOJJHHGFAT58CB,香揚段一小段,1.34,都市：住,100000,165,持分移轉,00300001
RPOPMLOJJHHGFAT58CB,香揚段一小段,16.91,都市：住,100000,165,持分移轉,00120000
RPOPMLOJJHHGFAT58CB,香揚段一小段,4.68,都市：住,100000,165,持分移轉,00120001
RPUOMLOJJHHGFAT09CB,香揚段一小段,4.91,都市：住,100000,165,持分移轉,00300000
RPUOMLOJJHHGFAT09CB,香揚段一小段,1.34,都市：住,100000,165,持分移轉,00300001
RPUOMLOJJHHGFAT09CB,香揚段一小段,16.91,都市：住,100000,165,持分移轉,00120000
RPUOMLOJJHHGFAT09CB,香揚段一小段,4.68,都市：住,100000,165,持分移轉,00120001
RPXOMLOJJHHGFAT76CB,香揚段一小段,4.79,都市：住,100000,161,持分移轉,00300000
RPXOMLOJJHHGFAT76CB,香揚段一小段,1.31,都市：住,100000,161,持分移轉,00300001
RPXOMLOJJHHGFAT76CB,香揚段一小段,16.50,都市：住,100000,161,持分移轉,00120000
RPXOMLOJJHHGFAT76CB,香揚段一小段,4.57,都市：住,100000,161,持分移轉,00120001
RPVOMLOJJHHGFAT56CB,香揚段一小段,7.97,都市：住,100000,268,持分移轉,00300000
RPVOMLOJJHHGFAT56CB,香揚段一小段,2.18,都市：住,100000,268,持分移轉,00300001
RPVOMLOJJHHGFAT56CB,香揚段一小段,27.47,都市：住,100000,268,持分移轉,00120000
RPVOMLOJJHHGFAT56CB,香揚段一小段,7.60,都市：住,100000,268,持分移轉,00120001
RPQPMLOJJHHGFAT78CB,香揚段一小段,3.63,都市：住,100000,122,持分移轉,00300000
RPQPMLOJJHHGFAT78CB,香揚段一小段,.99,都市：住,100000,122,持分移轉,00300001
RPQPMLOJJHHGFAT78CB,香揚段一小段,12.51,都市：住,100000,122,持分移轉,00120000
RPQPMLOJJHHGFAT78CB,香揚段一小段,3.46,都市：住,100000,122,持分移轉,00120001
RPSPMLOJJHHGFAT98CB,香揚段一小段,7.97,都市：住,100000,268,持分移轉,00300000
RPSPMLOJJHHGFAT98CB,香揚段一小段,2.18,都市：住,100000,268,持分移轉,00300001
RPSPMLOJJHHGFAT98CB,香揚段一小段,27.47,都市：住,100000,268,持分移轉,00120000
RPSPMLOJJHHGFAT98CB,香揚段一小段,7.60,都市：住,100000,268,持分移轉,00120001
RPPPMLOJJHHGFAT68CB,香揚段一小段,2.56,都市：住,100000,86,持分移轉,00300000
RPPPMLOJJHHGFAT68CB,香揚段一小段,.70,都市：住,100000,86,持分移轉,00300001
RPPPMLOJJHHGFAT68CB,香揚段一小段,8.82,都市：住,100000,86,持分移轉,00120000
RPPPMLOJJHHGFAT68CB,香揚段一小段,2.44,都市：住,100000,86,持分移轉,00120001
RPUPMLOJJHHGFAT56CB,香揚段一小段,4.73,都市：住,100000,159,持分移轉,00300000
RPUPMLOJJHHGFAT56CB,香揚段一小段,1.29,都市：住,100000,159,持分移轉,00300001
RPUPMLOJJHHGFAT56CB,香揚段一小段,16.30,都市：住,100000,159,持分移轉,00120000
RPUPMLOJJHHGFAT56CB,香揚段一小段,4.51,都市：住,100000,159,持分移轉,00120001
RPRPMLOJJHHGFAT88CB,香揚段一小段,4.91,都市：住,100000,165,持分移轉,00300000
RPRPMLOJJHHGFAT88CB,香揚段一小段,1.34,都市：住,100000,165,持分移轉,00300001
RPRPMLOJJHHGFAT88CB,香揚段一小段,16.91,都市：住,100000,165,持分移轉,00120000
RPRPMLOJJHHGFAT88CB,香揚段一小段,4.68,都市：住,100000,165,持分移轉,00120001
RPXPMLOJJHHGFAT86CB,香揚段一小段,6.09,都市：住,100000,205,持分移轉,00300000
RPXPMLOJJHHGFAT86CB,香揚段一小段,1.67,都市：住,100000,205,持分移轉,00300001
RPXPMLOJJHHGFAT86CB,香揚段一小段,21.01,都市：住,100000,205,持分移轉,00120000
RPXPMLOJJHHGFAT86CB,香揚段一小段,5.81,都市：住,100000,205,持分移轉,00120001
RPOQMLOJJHHGFAT68CB,香揚段一小段,4.91,都市：住,100000,165,持分移轉,00300000
RPOQMLOJJHHGFAT68CB,香揚段一小段,1.34,都市：住,100000,165,持分移轉,00300001
RPOQMLOJJHHGFAT68CB,香揚段一小段,16.91,都市：住,100000,165,持分移轉,00120000
RPOQMLOJJHHGFAT68CB,香揚段一小段,4.68,都市：住,100000,165,持分移轉,00120001
RPPQMLOJJHHGFAT78CB,香揚段一小段,4.91,都市：住,100000,165,持分移轉,00300000
RPPQMLOJJHHGFAT78CB,香揚段一小段,1.34,都市：住,100000,165,持分移轉,00300001
RPPQMLOJJHHGFAT78CB,香揚段一小段,16.91,都市：住,100000,165,持分移轉,00120000
RPPQMLOJJHHGFAT78CB,香揚段一小段,4.68,都市：住,100000,165,持分移轉,00120001
RPVPMLOJJHHGFAT66CB,香揚段一小段,3.63,都市：住,100000,122,持分移轉,00300000
RPVPMLOJJHHGFAT66CB,香揚段一小段,.99,都市：住,100000,122,持分移轉,00300001
RPVPMLOJJHHGFAT66CB,香揚段一小段,12.51,都市：住,100000,122,持分移轉,00120000
RPVPMLOJJHHGFAT66CB,香揚段一小段,3.46,都市：住,100000,122,持分移轉,00120001
RPWPMLOJJHHGFAT76CB,香揚段一小段,4.93,都市：住,100000,166,持分移轉,00300000
RPWPMLOJJHHGFAT76CB,香揚段一小段,1.35,都市：住,100000,166,持分移轉,00300001
RPWPMLOJJHHGFAT76CB,香揚段一小段,17.02,都市：住,100000,166,持分移轉,00120000
RPWPMLOJJHHGFAT76CB,香揚段一小段,4.71,都市：住,100000,166,持分移轉,00120001
RPQQMLOJJHHGFAT88CB,香揚段一小段,4.91,都市：住,100000,165,持分移轉,00300000
RPQQMLOJJHHGFAT88CB,香揚段一小段,1.34,都市：住,100000,165,持分移轉,00300001
RPQQMLOJJHHGFAT88CB,香揚段一小段,16.91,都市：住,100000,165,持分移轉,00120000
RPQQMLOJJHHGFAT88CB,香揚段一小段,4.68,都市：住,100000,165,持分移轉,00120001
RPRQMLOJJHHGFAT98CB,香揚段一小段,4.93,都市：住,100000,166,持分移轉,00300000
RPRQMLOJJHHGFAT98CB,香揚段一小段,1.35,都市：住,100000,166,持分移轉,00300001
RPRQMLOJJHHGFAT98CB,香揚段一小段,17.02,都市：住,100000,166,持分移轉,00120000
RPRQMLOJJHHGFAT98CB,香揚段一小段,4.71,都市：住,100000,166,持分移轉,00120001
RPXQMLOJJHHGFAT96CB,斯文段,32.45,都市：住,10000,106,持分移轉,12980000
RPSQMLOJJHHGFAT09CB,香揚段一小段,7.97,都市：住,100000,268,持分移轉,00300000
RPSQMLOJJHHGFAT09CB,香揚段一小段,2.18,都市：住,100000,268,持分移轉,00300001
RPSQMLOJJHHGFAT09CB,香揚段一小段,27.47,都市：住,100000,268,持分移轉,00120000
RPSQMLOJJHHGFAT09CB,香揚段一小段,7.60,都市：住,100000,268,持分移轉,00120001
RPSNMLOJJHHGFCT98CB,三星段,109.19,都市：住,1,1,全筆移轉,06930007
RPWQMLOJJHHGFAT86CB,斯文段,32.45,都市：住,10000,106,持分移轉,12980000
RPTNMLOJJHHGFCT09CB,三星段,158.59,都市：住,1,1,全筆移轉,07040001
RPPNMLOJJHHGFCT68CB,三星段,54.10,都市：住,12,1,持分移轉,06930014
RPQNMLOJJHHGFCT78CB,三星段,93.21,都市：住,1,1,全筆移轉,06930000
RPQNMLPJJHHGFAT68CB,斯文段,23.57,都市：住,10000,77,持分移轉,12980000
RPPNMLPJJHHGFAT58CB,斯文段,32.45,都市：住,10000,106,持分移轉,12980000
RPRNMLPJJHHGFAT78CB,玉成段,83.07,非都市：鄉村區 ; 非都市編定：乙種建築用地,1,1,全筆移轉,06960012
RPRNMLPJJHHGFAT78CB,玉成段,5.67,非都市：鄉村區 ; 非都市編定：乙種建築用地,1000000,39998,持分移轉,06960000
RPRNMLPJJHHGFAT78CB,玉成段,.18,非都市：鄉村區 ; 非都市編定：乙種建築用地,1000000,39824,持分移轉,06960018
RPRNMLPJJHHGFAT78CB,玉成段,23.97,非都市：鄉村區 ; 非都市編定：乙種建築用地,1000000,83330,持分移轉,06960007
RPUNMLPJJHHGFAT09CB,麟和段,24.98,非都市：一般農業區 ; 非都市編定：甲種建築用地,1000,54,持分移轉,06880000
RPUNMLPJJHHGFAT09CB,麟和段,16.45,非都市：一般農業區 ; 非都市編定：甲種建築用地,33,1,持分移轉,06880004
RPTNMLPJJHHGFAT98CB,玉成段,84.89,非都市：鄉村區 ; 非都市編定：乙種建築用地,1,1,全筆移轉,06960014
RPTNMLPJJHHGFAT98CB,玉成段,5.67,非都市：鄉村區 ; 非都市編定：乙種建築用地,1000000,39998,持分移轉,06960000
RPTNMLPJJHHGFAT98CB,玉成段,.18,非都市：鄉村區 ; 非都市編定：乙種建築用地,1000000,39824,持分移轉,06960018
RPTNMLPJJHHGFAT98CB,玉成段,23.97,非都市：鄉村區 ; 非都市編定：乙種建築用地,1000000,83330,持分移轉,06960007
RPSNMLPJJHHGFAT88CB,玉成段,87.23,非都市：鄉村區 ; 非都市編定：乙種建築用地,1,1,全筆移轉,06960015
RPSNMLPJJHHGFAT88CB,玉成段,5.67,非都市：鄉村區 ; 非都市編定：乙種建築用地,1000000,39998,持分移轉,06960000
RPSNMLPJJHHGFAT88CB,玉成段,.18,非都市：鄉村區 ; 非都市編定：乙種建築用地,1000000,39824,持分移轉,06960018
RPSNMLPJJHHGFAT88CB,玉成段,23.97,非都市：鄉村區 ; 非都市編定：乙種建築用地,1000000,83330,持分移轉,06960007
RPVNMLPJJHHGFAT56CB,麟和段,13.88,非都市：一般農業區 ; 非都市編定：甲種建築用地,1000,30,持分移轉,06880000
RPVNMLPJJHHGFAT56CB,麟和段,16.45,非都市：一般農業區 ; 非都市編定：甲種建築用地,33,1,持分移轉,06880004
RPQNMLRJJHHGFAT98DB,新清溪段,282.90,都市：工,1,1,全筆移轉,04760000
RPQNMLRJJHHGFAT98DB,新清溪段,54.84,都市：工,100000,1466,持分移轉,05100000
RPPNMLQJJHHGFAT68CB,歸義段,16.74,非都市：一般農業區 ; 非都市編定：甲種建築用地,100000,617,持分移轉,05370000
RPPNMLQJJHHGFAT68CB,歸義段,.99,非都市：一般農業區 ; 非都市編定：丁種建築用地,100000,617,持分移轉,05360002
RPPNMLQJJHHGFDT09DB,大東段一小段,26.14,都市：住,10000,395,持分移轉,00500000
RPPNMLQJJHHGFDT09DB,大東段一小段,4.08,都市：住,10000,395,持分移轉,00500001
RPPNMLQJJHHGFBT78CB,塩南段,93.50,都市：住,1,1,全筆移轉,04520008
RPPNMLQJJHHGFBT78CB,塩南段,21.06,都市：住,8,1,持分移轉,04520000
RPPNMLQJJHHGFBT78CB,塩南段,4.61,都市：住,8,1,持分移轉,04530000
RPRNMLRJJHHGFAT09DB,新清溪段,269.14,都市：工,1,1,全筆移轉,04790000
RPRNMLRJJHHGFAT09DB,新清溪段,51.92,都市：工,100000,1388,持分移轉,05100000
RPTNMLRJJHHGFAT66DB,新清溪段,277.60,都市：工,1,1,全筆移轉,04770000
RPTNMLRJJHHGFAT66DB,新清溪段,53.86,都市：工,100000,1440,持分移轉,05100000
RPUNMLRJJHHGFAT76DB,新清溪段,258.25,都市：工,1,1,全筆移轉,04810000
RPUNMLRJJHHGFAT76DB,新清溪段,49.97,都市：工,100000,1336,持分移轉,05100000
RPSNMLRJJHHGFAT56DB,新清溪段,272.08,都市：工,1,1,全筆移轉,04780000
RPSNMLRJJHHGFAT56DB,新清溪段,52.89,都市：工,100000,1414,持分移轉,05100000
RPRNMLSJJHHGFAT09CB,玉成段,82.56,非都市：鄉村區 ; 非都市編定：乙種建築用地,1,1,全筆移轉,06960013
RPRNMLSJJHHGFAT09CB,玉成段,5.67,非都市：鄉村區 ; 非都市編定：乙種建築用地,1000000,39998,持分移轉,06960000
RPRNMLSJJHHGFAT09CB,玉成段,.18,非都市：鄉村區 ; 非都市編定：乙種建築用地,1000000,39824,持分移轉,06960018
RPRNMLSJJHHGFAT09CB,玉成段,23.97,非都市：鄉村區 ; 非都市編定：乙種建築用地,1000000,83330,持分移轉,06960007
RPPNMLLKJHHGFAT28CB,清溪段,34.78,非都市：鄉村區 ; 非都市編定：乙種建築用地,1000000,33511,持分移轉,11240000
RPSNMLLKJHHGFAT58CB,歸義段,26.04,非都市：一般農業區 ; 非都市編定：甲種建築用地,100000,960,持分移轉,05370000
RPSNMLLKJHHGFAT58CB,歸義段,1.55,非都市：一般農業區 ; 非都市編定：丁種建築用地,100000,960,持分移轉,05360002
RPQNMLLKJHHGFAT38CB,歸義段,26.02,非都市：一般農業區 ; 非都市編定：甲種建築用地,100000,959,持分移轉,05370000
RPQNMLLKJHHGFAT38CB,歸義段,1.55,非都市：一般農業區 ; 非都市編定：丁種建築用地,100000,959,持分移轉,05360002
RPPNMLLKJHHGFDT58CB,大東段一小段,90.34,都市：住,1,1,全筆移轉,00490017
RPPNMLMKJHHGFAT38CB,大埔段二小段,22.20,都市：住,100000,1049,持分移轉,03960000
RPRNMLNKJHHGFAT68CB,瑞光段,53.40,都市：住,1000,100,持分移轉,06520000
RPPNMLOKJHHGFAT58CB,潭頭段,22.11,都市：商,100000,2058,持分移轉,02790000
RPRNMLOKJHHGFAT78CB,新潭段,49.09,都市：住,10000,448,持分移轉,09800000
RPSNMLOKJHHGFAT88CB,新潭段,45.15,都市：住,10000,412,持分移轉,09800000
RPTNMLOKJHHGFAT98CB,新潭段,49.09,都市：住,10000,448,持分移轉,09800000
RPPNMLRKJHHGFAT88CB,潭頭段,23.90,都市：商,100000,2225,持分移轉,02790000
RPSNMLRKJHHGFAT56CB,香揚段一小段,4.93,都市：住,100000,166,持分移轉,00300000
RPSNMLRKJHHGFAT56CB,香揚段一小段,1.35,都市：住,100000,166,持分移轉,00300001
RPSNMLRKJHHGFAT56CB,香揚段一小段,17.02,都市：住,100000,166,持分移轉,00120000
RPSNMLRKJHHGFAT56CB,香揚段一小段,4.71,都市：住,100000,166,持分移轉,00120001
RPRNMLRKJHHGFAT09CB,香揚段一小段,4.91,都市：住,100000,165,持分移轉,00300000
RPRNMLRKJHHGFAT09CB,香揚段一小段,1.34,都市：住,100000,165,持分移轉,00300001
RPRNMLRKJHHGFAT09CB,香揚段一小段,16.91,都市：住,100000,165,持分移轉,00120000
RPRNMLRKJHHGFAT09CB,香揚段一小段,4.68,都市：住,100000,165,持分移轉,00120001
RPQNMLRKJHHGFAT98CB,香揚段一小段,4.91,都市：住,100000,165,持分移轉,00300000
RPQNMLRKJHHGFAT98CB,香揚段一小段,1.34,都市：住,100000,165,持分移轉,00300001
RPQNMLRKJHHGFAT98CB,香揚段一小段,16.91,都市：住,100000,165,持分移轉,00120000
RPQNMLRKJHHGFAT98CB,香揚段一小段,4.68,都市：住,100000,165,持分移轉,00120001
RPTNMLRKJHHGFAT66CB,香揚段一小段,2.56,都市：住,100000,86,持分移轉,00300000
RPTNMLRKJHHGFAT66CB,香揚段一小段,.70,都市：住,100000,86,持分移轉,00300001
RPTNMLRKJHHGFAT66CB,香揚段一小段,8.82,都市：住,100000,86,持分移轉,00120000
RPTNMLRKJHHGFAT66CB,香揚段一小段,2.44,都市：住,100000,86,持分移轉,00120001
RPWNMLRKJHHGFAT96CB,香揚段一小段,4.91,都市：住,100000,165,持分移轉,00300000
RPWNMLRKJHHGFAT96CB,香揚段一小段,1.34,都市：住,100000,165,持分移轉,00300001
RPWNMLRKJHHGFAT96CB,香揚段一小段,16.91,都市：住,100000,165,持分移轉,00120000
RPWNMLRKJHHGFAT96CB,香揚段一小段,4.68,都市：住,100000,165,持分移轉,00120001
RPUNMLRKJHHGFAT76CB,香揚段一小段,7.97,都市：住,100000,268,持分移轉,00300000
RPUNMLRKJHHGFAT76CB,香揚段一小段,2.18,都市：住,100000,268,持分移轉,00300001
RPUNMLRKJHHGFAT76CB,香揚段一小段,27.47,都市：住,100000,268,持分移轉,00120000
RPUNMLRKJHHGFAT76CB,香揚段一小段,7.60,都市：住,100000,268,持分移轉,00120001
RPXNMLRKJHHGFAT07CB,香揚段一小段,4.93,都市：住,100000,166,持分移轉,00300000
RPXNMLRKJHHGFAT07CB,香揚段一小段,1.35,都市：住,100000,166,持分移轉,00300001
RPXNMLRKJHHGFAT07CB,香揚段一小段,17.02,都市：住,100000,166,持分移轉,00120000
RPXNMLRKJHHGFAT07CB,香揚段一小段,4.71,都市：住,100000,166,持分移轉,00120001
RPVNMLRKJHHGFAT86CB,香揚段一小段,2.56,都市：住,100000,86,持分移轉,00300000
RPVNMLRKJHHGFAT86CB,香揚段一小段,.70,都市：住,100000,86,持分移轉,00300001
RPVNMLRKJHHGFAT86CB,香揚段一小段,8.82,都市：住,100000,86,持分移轉,00120000
RPVNMLRKJHHGFAT86CB,香揚段一小段,2.44,都市：住,100000,86,持分移轉,00120001
RPROMLRKJHHGFAT56CB,香揚段一小段,4.91,都市：住,100000,165,持分移轉,00300000
RPROMLRKJHHGFAT56CB,香揚段一小段,1.34,都市：住,100000,165,持分移轉,00300001
RPROMLRKJHHGFAT56CB,香揚段一小段,16.91,都市：住,100000,165,持分移轉,00120000
RPROMLRKJHHGFAT56CB,香揚段一小段,4.68,都市：住,100000,165,持分移轉,00120001
RPQOMLRKJHHGFAT09CB,香揚段一小段,5.05,都市：住,100000,170,持分移轉,00300000
RPQOMLRKJHHGFAT09CB,香揚段一小段,1.38,都市：住,100000,170,持分移轉,00300001
RPQOMLRKJHHGFAT09CB,香揚段一小段,17.43,都市：住,100000,170,持分移轉,00120000
RPQOMLRKJHHGFAT09CB,香揚段一小段,4.82,都市：住,100000,170,持分移轉,00120001
RPPOMLRKJHHGFAT98CB,香揚段一小段,7.97,都市：住,100000,268,持分移轉,00300000
RPPOMLRKJHHGFAT98CB,香揚段一小段,2.18,都市：住,100000,268,持分移轉,00300001
RPPOMLRKJHHGFAT98CB,香揚段一小段,27.47,都市：住,100000,268,持分移轉,00120000
RPPOMLRKJHHGFAT98CB,香揚段一小段,7.60,都市：住,100000,268,持分移轉,00120001
RPOOMLRKJHHGFAT88CB,香揚段一小段,4.73,都市：住,100000,159,持分移轉,00300000
RPOOMLRKJHHGFAT88CB,香揚段一小段,1.29,都市：住,100000,159,持分移轉,00300001
RPOOMLRKJHHGFAT88CB,香揚段一小段,16.30,都市：住,100000,159,持分移轉,00120000
RPOOMLRKJHHGFAT88CB,香揚段一小段,4.51,都市：住,100000,159,持分移轉,00120001
RPSOMLRKJHHGFAT66CB,香揚段一小段,4.79,都市：住,100000,161,持分移轉,00300000
RPSOMLRKJHHGFAT66CB,香揚段一小段,1.31,都市：住,100000,161,持分移轉,00300001
RPSOMLRKJHHGFAT66CB,香揚段一小段,16.50,都市：住,100000,161,持分移轉,00120000
RPSOMLRKJHHGFAT66CB,香揚段一小段,4.57,都市：住,100000,161,持分移轉,00120001
RPUOMLRKJHHGFAT86CB,香揚段一小段,7.97,都市：住,100000,268,持分移轉,00300000
RPUOMLRKJHHGFAT86CB,香揚段一小段,2.18,都市：住,100000,268,持分移轉,00300001
RPUOMLRKJHHGFAT86CB,香揚段一小段,27.47,都市：住,100000,268,持分移轉,00120000
RPUOMLRKJHHGFAT86CB,香揚段一小段,7.60,都市：住,100000,268,持分移轉,00120001
RPWOMLRKJHHGFAT07CB,香揚段一小段,3.60,都市：住,100000,121,持分移轉,00300000
RPWOMLRKJHHGFAT07CB,香揚段一小段,.98,都市：住,100000,121,持分移轉,00300001
RPWOMLRKJHHGFAT07CB,香揚段一小段,12.40,都市：住,100000,121,持分移轉,00120000
RPWOMLRKJHHGFAT07CB,香揚段一小段,3.43,都市：住,100000,121,持分移轉,00120001
RPTOMLRKJHHGFAT76CB,香揚段一小段,13.76,都市：住,100000,463,持分移轉,00300000
RPTOMLRKJHHGFAT76CB,香揚段一小段,3.77,都市：住,100000,463,持分移轉,00300001
RPTOMLRKJHHGFAT76CB,香揚段一小段,47.46,都市：住,100000,463,持分移轉,00120000
RPTOMLRKJHHGFAT76CB,香揚段一小段,13.13,都市：住,100000,463,持分移轉,00120001
RPVOMLRKJHHGFAT96CB,香揚段一小段,4.91,都市：住,100000,165,持分移轉,00300000
RPVOMLRKJHHGFAT96CB,香揚段一小段,1.34,都市：住,100000,165,持分移轉,00300001
RPVOMLRKJHHGFAT96CB,香揚段一小段,16.91,都市：住,100000,165,持分移轉,00120000
RPVOMLRKJHHGFAT96CB,香揚段一小段,4.68,都市：住,100000,165,持分移轉,00120001
RPOPMLRKJHHGFAT98CB,香揚段一小段,4.91,都市：住,100000,165,持分移轉,00300000
RPOPMLRKJHHGFAT98CB,香揚段一小段,1.34,都市：住,100000,165,持分移轉,00300001
RPOPMLRKJHHGFAT98CB,香揚段一小段,16.91,都市：住,100000,165,持分移轉,00120000
RPOPMLRKJHHGFAT98CB,香揚段一小段,4.68,都市：住,100000,165,持分移轉,00120001
RPXOMLRKJHHGFAT17CB,香揚段一小段,4.73,都市：住,100000,159,持分移轉,00300000
RPXOMLRKJHHGFAT17CB,香揚段一小段,1.29,都市：住,100000,159,持分移轉,00300001
RPXOMLRKJHHGFAT17CB,香揚段一小段,16.30,都市：住,100000,159,持分移轉,00120000
RPXOMLRKJHHGFAT17CB,香揚段一小段,4.51,都市：住,100000,159,持分移轉,00120001
RPPPMLRKJHHGFAT09CB,香揚段一小段,4.91,都市：住,100000,165,持分移轉,00300000
RPPPMLRKJHHGFAT09CB,香揚段一小段,1.34,都市：住,100000,165,持分移轉,00300001
RPPPMLRKJHHGFAT09CB,香揚段一小段,16.91,都市：住,100000,165,持分移轉,00120000
RPPPMLRKJHHGFAT09CB,香揚段一小段,4.68,都市：住,100000,165,持分移轉,00120001
RPTPMLOJJHHGFAT09CB,香揚段一小段,6.09,都市：住,100000,205,持分移轉,00300000
RPTPMLOJJHHGFAT09CB,香揚段一小段,1.67,都市：住,100000,205,持分移轉,00300001
RPTPMLOJJHHGFAT09CB,香揚段一小段,21.01,都市：住,100000,205,持分移轉,00120000
RPTPMLOJJHHGFAT09CB,香揚段一小段,5.81,都市：住,100000,205,持分移轉,00120001
RPQPMLRKJHHGFAT56CB,香揚段一小段,6.09,都市：住,100000,205,持分移轉,00300000
RPQPMLRKJHHGFAT56CB,香揚段一小段,1.67,都市：住,100000,205,持分移轉,00300001
RPQPMLRKJHHGFAT56CB,香揚段一小段,21.01,都市：住,100000,205,持分移轉,00120000
RPQPMLRKJHHGFAT56CB,香揚段一小段,5.81,都市：住,100000,205,持分移轉,00120001
RPRPMLRKJHHGFAT66CB,香揚段一小段,6.09,都市：住,100000,205,持分移轉,00300000
RPRPMLRKJHHGFAT66CB,香揚段一小段,1.67,都市：住,100000,205,持分移轉,00300001
RPRPMLRKJHHGFAT66CB,香揚段一小段,21.01,都市：住,100000,205,持分移轉,00120000
RPRPMLRKJHHGFAT66CB,香揚段一小段,5.81,都市：住,100000,205,持分移轉,00120001
RPUPMLRKJHHGFAT96CB,香揚段一小段,7.97,都市：住,100000,268,持分移轉,00300000
RPUPMLRKJHHGFAT96CB,香揚段一小段,2.18,都市：住,100000,268,持分移轉,00300001
RPUPMLRKJHHGFAT96CB,香揚段一小段,27.47,都市：住,100000,268,持分移轉,00120000
RPUPMLRKJHHGFAT96CB,香揚段一小段,7.60,都市：住,100000,268,持分移轉,00120001
RPSPMLRKJHHGFAT76CB,香揚段一小段,4.91,都市：住,100000,165,持分移轉,00300000
RPSPMLRKJHHGFAT76CB,香揚段一小段,1.34,都市：住,100000,165,持分移轉,00300001
RPSPMLRKJHHGFAT76CB,香揚段一小段,16.91,都市：住,100000,165,持分移轉,00120000
RPSPMLRKJHHGFAT76CB,香揚段一小段,4.68,都市：住,100000,165,持分移轉,00120001
RPTPMLRKJHHGFAT86CB,香揚段一小段,4.93,都市：住,100000,166,持分移轉,00300000
RPTPMLRKJHHGFAT86CB,香揚段一小段,1.35,都市：住,100000,166,持分移轉,00300001
RPVPMLRKJHHGFAT07CB,香揚段一小段,6.09,都市：住,100000,205,持分移轉,00300000
RPTPMLRKJHHGFAT86CB,香揚段一小段,17.02,都市：住,100000,166,持分移轉,00120000
RPVPMLRKJHHGFAT07CB,香揚段一小段,1.67,都市：住,100000,205,持分移轉,00300001
RPTPMLRKJHHGFAT86CB,香揚段一小段,4.71,都市：住,100000,166,持分移轉,00120001
RPVPMLRKJHHGFAT07CB,香揚段一小段,21.01,都市：住,100000,205,持分移轉,00120000
RPVPMLRKJHHGFAT07CB,香揚段一小段,5.81,都市：住,100000,205,持分移轉,00120001
RPXPMLRKJHHGFAT27CB,香揚段一小段,4.93,都市：住,100000,166,持分移轉,00300000
RPXPMLRKJHHGFAT27CB,香揚段一小段,1.35,都市：住,100000,166,持分移轉,00300001
RPXPMLRKJHHGFAT27CB,香揚段一小段,17.02,都市：住,100000,166,持分移轉,00120000
RPXPMLRKJHHGFAT27CB,香揚段一小段,4.71,都市：住,100000,166,持分移轉,00120001
RPWPMLRKJHHGFAT17CB,香揚段一小段,4.91,都市：住,100000,165,持分移轉,00300000
RPWPMLRKJHHGFAT17CB,香揚段一小段,1.34,都市：住,100000,165,持分移轉,00300001
RPWPMLRKJHHGFAT17CB,香揚段一小段,16.91,都市：住,100000,165,持分移轉,00120000
RPWPMLRKJHHGFAT17CB,香揚段一小段,4.68,都市：住,100000,165,持分移轉,00120001
RPPNMLTKJHHGFAT56DB,新清溪段,262.86,都市：工,1,1,全筆移轉,04800000
RPPNMLTKJHHGFAT56DB,新清溪段,50.95,都市：工,100000,1362,持分移轉,05100000
RPPQMLRKJHHGFAT56CB,香揚段一小段,12.87,都市：住,100000,433,持分移轉,00300000
RPPQMLRKJHHGFAT56CB,香揚段一小段,3.52,都市：住,100000,433,持分移轉,00300001
RPPQMLRKJHHGFAT56CB,香揚段一小段,44.38,都市：住,100000,433,持分移轉,00120000
RPPQMLRKJHHGFAT56CB,香揚段一小段,12.28,都市：住,100000,433,持分移轉,00120001
RPOQMLRKJHHGFAT09CB,香揚段一小段,2.56,都市：住,100000,86,持分移轉,00300000
RPOQMLRKJHHGFAT09CB,香揚段一小段,.70,都市：住,100000,86,持分移轉,00300001
RPOQMLRKJHHGFAT09CB,香揚段一小段,8.82,都市：住,100000,86,持分移轉,00120000
RPOQMLRKJHHGFAT09CB,香揚段一小段,2.44,都市：住,100000,86,持分移轉,00120001
RPPNMLKLJHHGFAT28CB,麟和段,23.59,非都市：一般農業區 ; 非都市編定：甲種建築用地,1000,51,持分移轉,06880000
RPPNMLKLJHHGFAT28CB,麟和段,16.45,非都市：一般農業區 ; 非都市編定：甲種建築用地,33,1,持分移轉,06880004
RPPNMLMLJHHGFDT78CB,新孝段,25.48,都市：住,100000,1693,持分移轉,03740000
RPPNMLLLJHHGFAT38CB,香揚段一小段,3.03,都市：住,100000,102,持分移轉,00300000
RPPNMLLLJHHGFAT38CB,香揚段一小段,.83,都市：住,100000,102,持分移轉,00300001
RPPNMLLLJHHGFAT38CB,香揚段一小段,10.46,都市：住,100000,102,持分移轉,00120000
RPPNMLLLJHHGFAT38CB,香揚段一小段,2.89,都市：住,100000,102,持分移轉,00120001
RPQNMLNLJHHGFAT68CB,廣興段,27.10,非都市：鄉村區 ; 非都市編定：乙種建築用地,1000000,12905,持分移轉,10110000
RPQNMLLLJHHGFAT48CB,香揚段一小段,13.65,都市：住,100000,459,持分移轉,00300000
RPQNMLLLJHHGFAT48CB,香揚段一小段,3.73,都市：住,100000,459,持分移轉,00300001
RPQNMLLLJHHGFAT48CB,香揚段一小段,47.05,都市：住,100000,459,持分移轉,00120000
RPQNMLLLJHHGFAT48CB,香揚段一小段,13.02,都市：住,100000,459,持分移轉,00120001
RPTNMLLLJHHGFAT78CB,歸義段,26.02,非都市：一般農業區 ; 非都市編定：甲種建築用地,100000,959,持分移轉,05370000
RPTNMLLLJHHGFAT78CB,歸義段,1.55,非都市：一般農業區 ; 非都市編定：丁種建築用地,100000,959,持分移轉,05360002
RPPNMLLLJHHGFDT68CB,新孝段,25.48,都市：住,100000,1693,持分移轉,03740000
RPTOMLNLJHHGFCT66CB,崙潮段,77.00,非都市：一般農業區 ; 非都市編定：甲種建築用地,1,1,全筆移轉,03550054
RPTOMLNLJHHGFCT66CB,崙潮段,31.68,非都市：一般農業區 ; 非都市編定：甲種建築用地,9,1,持分移轉,03550058
RPTNMLMLJHHGFDT56CB,新孝段,24.94,都市：住,100000,1657,持分移轉,03740000
RPRNMLNLJHHGFAT78CB,長治段,26.31,都市：住,100000,3129,持分移轉,00580002
RPSNMLNLJHHGFCT09CB,學人段,137.28,都市：住,1,1,全筆移轉,04600012
RPSNMLNLJHHGFCT09CB,學人段,41.74,都市：住,6,1,持分移轉,04600011
RPSNMLNLJHHGFCT09CB,學人段,.76,都市：住,6,1,持分移轉,04600004
RPPNMLOLJHHGFAT68CB,檳榔腳段一小段,32.77,都市：住,10000,216,持分移轉,06900000
RPPNMLPLJHHGFDT09CB,新孝段,25.48,都市：住,100000,1693,持分移轉,03740000
RPSNMLNLJHHGFAT88CB,歸義段,26.02,非都市：一般農業區 ; 非都市編定：甲種建築用地,100000,959,持分移轉,05370000
RPSNMLNLJHHGFAT88CB,歸義段,1.55,非都市：一般農業區 ; 非都市編定：丁種建築用地,100000,959,持分移轉,05360002
RPRNMLPLJHHGFDT66CB,龍帝段,26.32,都市：住,10000,206,持分移轉,08120008
RPPNMLOLJHHGFCT88CB,三星段,90.00,都市：住,1,1,全筆移轉,06930009
RPTNMLNLJHHGFAT98CB,潭頭段,22.51,都市：商,100000,2095,持分移轉,02790000
RPSNMLPLJHHGFDT76CB,龍帝段,137.53,都市：住,1,1,全筆移轉,08270005
RPTNMLPLJHHGFDT86CB,東港段,14.31,都市：商,10000,212,持分移轉,01490000
RPTNMLPLJHHGFDT86CB,東港段,2.68,都市：商,10000,212,持分移轉,01490003
RPTNMLPLJHHGFDT86CB,東港段,.25,都市：住,10000,212,持分移轉,01490006
RPTNMLPLJHHGFDT86CB,東港段,.08,都市：商,10000,212,持分移轉,01490007
RPTNMLPLJHHGFDT86CB,東港段,2.42,都市：住,10000,212,持分移轉,01510000
RPTNMLPLJHHGFDT86CB,東港段,3.12,都市：商,10000,212,持分移轉,01510001
RPUNMLPLJHHGFDT96CB,東港段,14.24,都市：商,10000,211,持分移轉,01490000
RPUNMLPLJHHGFDT96CB,東港段,2.66,都市：商,10000,211,持分移轉,01490003
RPUNMLPLJHHGFDT96CB,東港段,.25,都市：住,10000,211,持分移轉,01490006
RPUNMLPLJHHGFDT96CB,東港段,.08,都市：商,10000,211,持分移轉,01490007
RPUNMLPLJHHGFDT96CB,東港段,2.41,都市：住,10000,211,持分移轉,01510000
RPUNMLPLJHHGFDT96CB,東港段,3.10,都市：商,10000,211,持分移轉,01510001
RPVNMLPLJHHGFDT07CB,東港段,14.51,都市：商,10000,215,持分移轉,01490000
RPVNMLPLJHHGFDT07CB,東港段,2.71,都市：商,10000,215,持分移轉,01490003
RPVNMLPLJHHGFDT07CB,東港段,.26,都市：住,10000,215,持分移轉,01490006
RPVNMLPLJHHGFDT07CB,東港段,.09,都市：商,10000,215,持分移轉,01490007
RPVNMLPLJHHGFDT07CB,東港段,2.45,都市：住,10000,215,持分移轉,01510000
RPVNMLPLJHHGFDT07CB,東港段,3.16,都市：商,10000,215,持分移轉,01510001
RPWNMLPLJHHGFDT17CB,東港段,14.45,都市：商,10000,214,持分移轉,01490000
RPWNMLPLJHHGFDT17CB,東港段,2.70,都市：商,10000,214,持分移轉,01490003
RPWNMLPLJHHGFDT17CB,東港段,.26,都市：住,10000,214,持分移轉,01490006
RPWNMLPLJHHGFDT17CB,東港段,.09,都市：商,10000,214,持分移轉,01490007
RPWNMLPLJHHGFDT17CB,東港段,2.44,都市：住,10000,214,持分移轉,01510000
RPWNMLPLJHHGFDT17CB,東港段,3.15,都市：商,10000,214,持分移轉,01510001
RPXNMLPLJHHGFDT27CB,東港段,14.45,都市：商,10000,214,持分移轉,01490000
RPXNMLPLJHHGFDT27CB,東港段,2.70,都市：商,10000,214,持分移轉,01490003
RPXNMLPLJHHGFDT27CB,東港段,.26,都市：住,10000,214,持分移轉,01490006
RPXNMLPLJHHGFDT27CB,東港段,.09,都市：商,10000,214,持分移轉,01490007
RPXNMLPLJHHGFDT27CB,東港段,2.44,都市：住,10000,214,持分移轉,01510000
RPXNMLPLJHHGFDT27CB,東港段,3.15,都市：商,10000,214,持分移轉,01510001
RPOOMLPLJHHGFDT09CB,東港段,10.12,都市：商,10000,150,持分移轉,01490000
RPOOMLPLJHHGFDT09CB,東港段,1.89,都市：商,10000,150,持分移轉,01490003
RPOOMLPLJHHGFDT09CB,東港段,.18,都市：住,10000,150,持分移轉,01490006
RPOOMLPLJHHGFDT09CB,東港段,.06,都市：商,10000,150,持分移轉,01490007
RPOOMLPLJHHGFDT09CB,東港段,1.71,都市：住,10000,150,持分移轉,01510000
RPOOMLPLJHHGFDT09CB,東港段,2.21,都市：商,10000,150,持分移轉,01510001
RPQOMLPLJHHGFDT66CB,東港段,14.24,都市：商,10000,211,持分移轉,01490000
RPQOMLPLJHHGFDT66CB,東港段,2.66,都市：商,10000,211,持分移轉,01490003
RPQOMLPLJHHGFDT66CB,東港段,.25,都市：住,10000,211,持分移轉,01490006
RPQOMLPLJHHGFDT66CB,東港段,.08,都市：商,10000,211,持分移轉,01490007
RPQOMLPLJHHGFDT66CB,東港段,2.41,都市：住,10000,211,持分移轉,01510000
RPQOMLPLJHHGFDT66CB,東港段,3.10,都市：商,10000,211,持分移轉,01510001
RPROMLPLJHHGFDT76CB,東港段,14.24,都市：商,10000,211,持分移轉,01490000
RPROMLPLJHHGFDT76CB,東港段,2.66,都市：商,10000,211,持分移轉,01490003
RPROMLPLJHHGFDT76CB,東港段,.25,都市：住,10000,211,持分移轉,01490006
RPROMLPLJHHGFDT76CB,東港段,.08,都市：商,10000,211,持分移轉,01490007
RPROMLPLJHHGFDT76CB,東港段,2.41,都市：住,10000,211,持分移轉,01510000
RPROMLPLJHHGFDT76CB,東港段,3.10,都市：商,10000,211,持分移轉,01510001
RPPOMLPLJHHGFDT56CB,東港段,14.31,都市：商,10000,212,持分移轉,01490000
RPPOMLPLJHHGFDT56CB,東港段,2.68,都市：商,10000,212,持分移轉,01490003
RPPOMLPLJHHGFDT56CB,東港段,.25,都市：住,10000,212,持分移轉,01490006
RPPOMLPLJHHGFDT56CB,東港段,.08,都市：商,10000,212,持分移轉,01490007
RPPOMLPLJHHGFDT56CB,東港段,2.42,都市：住,10000,212,持分移轉,01510000
RPPOMLPLJHHGFDT56CB,東港段,3.12,都市：商,10000,212,持分移轉,01510001
RPVOMLPLJHHGFDT17CB,東港段,14.51,都市：商,10000,215,持分移轉,01490000
RPVOMLPLJHHGFDT17CB,東港段,2.71,都市：商,10000,215,持分移轉,01490003
RPVOMLPLJHHGFDT17CB,東港段,.26,都市：住,10000,215,持分移轉,01490006
RPVOMLPLJHHGFDT17CB,東港段,.09,都市：商,10000,215,持分移轉,01490007
RPVOMLPLJHHGFDT17CB,東港段,2.45,都市：住,10000,215,持分移轉,01510000
RPVOMLPLJHHGFDT17CB,東港段,3.16,都市：商,10000,215,持分移轉,01510001
RPSOMLPLJHHGFDT86CB,東港段,14.24,都市：商,10000,211,持分移轉,01490000
RPSOMLPLJHHGFDT86CB,東港段,2.66,都市：商,10000,211,持分移轉,01490003
RPSOMLPLJHHGFDT86CB,東港段,.25,都市：住,10000,211,持分移轉,01490006
RPSOMLPLJHHGFDT86CB,東港段,.08,都市：商,10000,211,持分移轉,01490007
RPSOMLPLJHHGFDT86CB,東港段,2.41,都市：住,10000,211,持分移轉,01510000
RPSOMLPLJHHGFDT86CB,東港段,3.10,都市：商,10000,211,持分移轉,01510001
RPUOMLPLJHHGFDT07CB,東港段,14.24,都市：商,10000,211,持分移轉,01490000
RPUOMLPLJHHGFDT07CB,東港段,2.66,都市：商,10000,211,持分移轉,01490003
RPUOMLPLJHHGFDT07CB,東港段,.25,都市：住,10000,211,持分移轉,01490006
RPUOMLPLJHHGFDT07CB,東港段,.08,都市：商,10000,211,持分移轉,01490007
RPUOMLPLJHHGFDT07CB,東港段,2.41,都市：住,10000,211,持分移轉,01510000
RPUOMLPLJHHGFDT07CB,東港段,3.10,都市：商,10000,211,持分移轉,01510001
RPTOMLPLJHHGFDT96CB,東港段,14.51,都市：商,10000,215,持分移轉,01490000
RPTOMLPLJHHGFDT96CB,東港段,2.71,都市：商,10000,215,持分移轉,01490003
RPTOMLPLJHHGFDT96CB,東港段,.26,都市：住,10000,215,持分移轉,01490006
RPTOMLPLJHHGFDT96CB,東港段,.09,都市：商,10000,215,持分移轉,01490007
RPTOMLPLJHHGFDT96CB,東港段,2.45,都市：住,10000,215,持分移轉,01510000
RPTOMLPLJHHGFDT96CB,東港段,3.16,都市：商,10000,215,持分移轉,01510001
RPQNMLPLJHHGFAT88CB,廣興段,26.12,非都市：鄉村區 ; 非都市編定：乙種建築用地,1000000,12438,持分移轉,10110000
RPPNMLPLJHHGFAT78CB,廣興段,27.10,非都市：鄉村區 ; 非都市編定：乙種建築用地,1000000,12905,持分移轉,10110000
RPRNMLPLJHHGFAT98CB,廣興段,27.10,非都市：鄉村區 ; 非都市編定：乙種建築用地,1000000,12905,持分移轉,10110000
RPPNMLRLJHHGFAT09DB,新清溪段,247.81,都市：工,1,1,全筆移轉,04840000
RPPNMLRLJHHGFAT09DB,新清溪段,48.40,都市：工,100000,1294,持分移轉,05100000
RPPNMLQLJHHGFAT88CB,歸義段,26.02,非都市：一般農業區 ; 非都市編定：甲種建築用地,100000,959,持分移轉,05370000
RPPNMLQLJHHGFAT88CB,歸義段,1.55,非都市：一般農業區 ; 非都市編定：丁種建築用地,100000,959,持分移轉,05360002
RPPNMLRLJHHGFBT09CB,塩南段,80.40,都市：住,1,1,全筆移轉,04520002
RPPNMLRLJHHGFBT09CB,塩南段,21.06,都市：住,8,1,持分移轉,05420000
RPPNMLRLJHHGFBT09CB,塩南段,4.61,都市：住,8,1,持分移轉,05430000
RPPNMLSLJHHGFAT09CB,歸義段,16.98,非都市：一般農業區 ; 非都市編定：甲種建築用地,100000,626,持分移轉,05370000
RPPNMLSLJHHGFAT09CB,歸義段,1.01,非都市：一般農業區 ; 非都市編定：丁種建築用地,100000,626,持分移轉,05360002
RPSNMLTLJHHGFAT86CB,新安段,21.84,非都市：鄉村區 ; 非都市編定：乙種建築用地,1000000,5727,持分移轉,13210000
RPPNMLTLJHHGFAT56CB,新安段,23.12,非都市：鄉村區 ; 非都市編定：乙種建築用地,1000000,6063,持分移轉,13210000
RPQNMLTLJHHGFAT66CB,新安段,21.84,非都市：鄉村區 ; 非都市編定：乙種建築用地,1000000,5727,持分移轉,13210000
RPUNMLTLJHHGFAT07CB,新安段,31.09,非都市：鄉村區 ; 非都市編定：乙種建築用地,1000000,8153,持分移轉,13210000
RPTNMLTLJHHGFAT96CB,新安段,29.15,非都市：鄉村區 ; 非都市編定：乙種建築用地,1000000,7644,持分移轉,13210000
RPVNMLTLJHHGFAT17CB,新安段,28.40,非都市：鄉村區 ; 非都市編定：乙種建築用地,1000000,7448,持分移轉,13210000
RPXNMLTLJHHGFAT37CB,新安段,21.83,非都市：鄉村區 ; 非都市編定：乙種建築用地,1000000,5725,持分移轉,13210000
RPQNMLKMJHHGFAT48CB,長治段,23.77,都市：住,10000,244,持分移轉,00780001
RPWNMLTLJHHGFAT27CB,新安段,27.28,非都市：鄉村區 ; 非都市編定：乙種建築用地,1000000,7154,持分移轉,13210000
RPPNMLQJKHHGFCT98CB,學人段,103.60,都市：住,1,1,全筆移轉,04600006
RPPNMLQJKHHGFCT98CB,學人段,41.74,都市：住,6,1,持分移轉,04600011
RPPNMLQJKHHGFCT98CB,學人段,.76,都市：住,6,1,持分移轉,04600004
RPPNMLKMJHHGFAT38CB,長治段,33.41,都市：住,10000,343,持分移轉,00780001
RPPNMLRJKHHGFAT88CB,新潭段,44.71,都市：住,10000,408,持分移轉,09800000
RPQNMLRJKHHGFAT98CB,新潭段,45.15,都市：住,10000,412,持分移轉,09800000
RPRNMLRJKHHGFAT09CB,新潭段,49.09,都市：住,10000,448,持分移轉,09800000
RPSNMLRJKHHGFAT56CB,香揚段一小段,4.93,都市：住,100000,166,持分移轉,00300000
RPSNMLRJKHHGFAT56CB,香揚段一小段,1.35,都市：住,100000,166,持分移轉,00300001
RPSNMLRJKHHGFAT56CB,香揚段一小段,17.02,都市：住,100000,166,持分移轉,00120000
RPSNMLRJKHHGFAT56CB,香揚段一小段,4.71,都市：住,100000,166,持分移轉,00120001
RPTNMLRJKHHGFAT66CB,香揚段一小段,7.97,都市：住,100000,268,持分移轉,00300000
RPTNMLRJKHHGFAT66CB,香揚段一小段,2.18,都市：住,100000,268,持分移轉,00300001
RPTNMLRJKHHGFAT66CB,香揚段一小段,27.47,都市：住,100000,268,持分移轉,00120000
RPTNMLRJKHHGFAT66CB,香揚段一小段,7.60,都市：住,100000,268,持分移轉,00120001
RPVNMLRJKHHGFAT86CB,香揚段一小段,4.73,都市：住,100000,159,持分移轉,00300000
RPVNMLRJKHHGFAT86CB,香揚段一小段,1.29,都市：住,100000,159,持分移轉,00300001
RPVNMLRJKHHGFAT86CB,香揚段一小段,16.30,都市：住,100000,159,持分移轉,00120000
RPVNMLRJKHHGFAT86CB,香揚段一小段,4.51,都市：住,100000,159,持分移轉,00120001
RPUNMLRJKHHGFAT76CB,香揚段一小段,4.73,都市：住,100000,159,持分移轉,00300000
RPUNMLRJKHHGFAT76CB,香揚段一小段,1.29,都市：住,100000,159,持分移轉,00300001
RPUNMLRJKHHGFAT76CB,香揚段一小段,16.30,都市：住,100000,159,持分移轉,00120000
RPUNMLRJKHHGFAT76CB,香揚段一小段,4.51,都市：住,100000,159,持分移轉,00120001
RPWNMLRJKHHGFAT96CB,香揚段一小段,4.76,都市：住,100000,160,持分移轉,00300000
RPWNMLRJKHHGFAT96CB,香揚段一小段,1.30,都市：住,100000,160,持分移轉,00300001
RPWNMLRJKHHGFAT96CB,香揚段一小段,16.40,都市：住,100000,160,持分移轉,00120000
RPWNMLRJKHHGFAT96CB,香揚段一小段,4.54,都市：住,100000,160,持分移轉,00120001
RPOOMLRJKHHGFAT88CB,香揚段一小段,4.58,都市：住,100000,154,持分移轉,00300000
RPXNMLRJKHHGFAT07CB,香揚段一小段,4.93,都市：住,100000,166,持分移轉,00300000
RPOOMLRJKHHGFAT88CB,香揚段一小段,1.25,都市：住,100000,154,持分移轉,00300001
RPXNMLRJKHHGFAT07CB,香揚段一小段,1.35,都市：住,100000,166,持分移轉,00300001
RPOOMLRJKHHGFAT88CB,香揚段一小段,15.79,都市：住,100000,154,持分移轉,00120000
RPQOMLRJKHHGFAT09CB,香揚段一小段,4.93,都市：住,100000,166,持分移轉,00300000
RPXNMLRJKHHGFAT07CB,香揚段一小段,17.02,都市：住,100000,166,持分移轉,00120000
RPOOMLRJKHHGFAT88CB,香揚段一小段,4.37,都市：住,100000,154,持分移轉,00120001
RPQOMLRJKHHGFAT09CB,香揚段一小段,1.35,都市：住,100000,166,持分移轉,00300001
RPXNMLRJKHHGFAT07CB,香揚段一小段,4.71,都市：住,100000,166,持分移轉,00120001
RPQOMLRJKHHGFAT09CB,香揚段一小段,17.02,都市：住,100000,166,持分移轉,00120000
RPQOMLRJKHHGFAT09CB,香揚段一小段,4.71,都市：住,100000,166,持分移轉,00120001
RPPOMLRJKHHGFAT98CB,香揚段一小段,6.06,都市：住,100000,204,持分移轉,00300000
RPPOMLRJKHHGFAT98CB,香揚段一小段,1.66,都市：住,100000,204,持分移轉,00300001
RPPOMLRJKHHGFAT98CB,香揚段一小段,20.91,都市：住,100000,204,持分移轉,00120000
RPPOMLRJKHHGFAT98CB,香揚段一小段,5.78,都市：住,100000,204,持分移轉,00120001
RPSOMLRJKHHGFAT66CB,香揚段一小段,6.06,都市：住,100000,204,持分移轉,00300000
RPSOMLRJKHHGFAT66CB,香揚段一小段,1.66,都市：住,100000,204,持分移轉,00300001
RPSOMLRJKHHGFAT66CB,香揚段一小段,20.91,都市：住,100000,204,持分移轉,00120000
RPSOMLRJKHHGFAT66CB,香揚段一小段,5.78,都市：住,100000,204,持分移轉,00120001
RPROMLRJKHHGFAT56CB,香揚段一小段,4.91,都市：住,100000,165,持分移轉,00300000
RPROMLRJKHHGFAT56CB,香揚段一小段,1.34,都市：住,100000,165,持分移轉,00300001
RPROMLRJKHHGFAT56CB,香揚段一小段,16.91,都市：住,100000,165,持分移轉,00120000
RPROMLRJKHHGFAT56CB,香揚段一小段,4.68,都市：住,100000,165,持分移轉,00120001
RPTOMLRJKHHGFAT76CB,歸義段,26.02,非都市：一般農業區 ; 非都市編定：甲種建築用地,100000,959,持分移轉,05370000
RPTOMLRJKHHGFAT76CB,歸義段,1.55,非都市：一般農業區 ; 非都市編定：丁種建築用地,100000,959,持分移轉,05360002
RPQNMLPLJHHGFDT56CB,龍帝段,26.32,都市：住,10000,206,持分移轉,08120008
RPPNMLSJKHHGFAT98CB,檳榔腳段一小段,32.77,都市：住,10000,216,持分移轉,06900000
RPQNMLSJKHHGFAT09CB,豐田段,53.06,都市：住,422000,53057,持分移轉,04040000
RPTNMLSJKHHGFCT96CB,潮中段,30.49,都市：住,10000,336,持分移轉,02380000
RPRNMLSJKHHGFAT56CB,新安段,31.10,非都市：鄉村區 ; 非都市編定：乙種建築用地,1000000,8156,持分移轉,13210000
RPSNMLSJKHHGFCT86CB,潮中段,30.68,都市：住,10000,338,持分移轉,02380000
RPVNMLSJKHHGFCT17CB,潮中段,30.68,都市：住,10000,338,持分移轉,02380000
RPXNMLSJKHHGFCT37CB,潮中段,98.58,都市：住,1,1,全筆移轉,02860008
RPXNMLSJKHHGFCT37CB,潮中段,.01,都市：住,1,1,全筆移轉,03180001
RPQNMLKKKHHGFDT68CB,龍帝段,35.14,都市：住,10000,275,持分移轉,08120008
RPWNMLSJKHHGFCT27CB,潮中段,30.49,都市：住,10000,336,持分移轉,02380000
RPQNMLOKKHHGFAT78CB,新勝興段,32.55,都市：住,100000,6372,持分移轉,00010000
RPOOMLSJKHHGFCT56CB,潮中段,25.61,都市：住,10000,627,持分移轉,02380009
RPPNMLPKKHHGFAT78CB,廣興段,27.10,非都市：鄉村區 ; 非都市編定：乙種建築用地,1000000,12905,持分移轉,10110000
RPPNMLKKKHHGFDT58CB,龍帝段,35.14,都市：住,10000,275,持分移轉,08120008
RPQNMLPKKHHGFAT88CB,廣興段,22.48,非都市：鄉村區 ; 非都市編定：乙種建築用地,1000000,10705,持分移轉,10110000
RPSNMLOKKHHGFAT98CB,新勝興段,32.55,都市：住,100000,6372,持分移轉,00010000
RPRNMLPKKHHGFAT98CB,廣興段,22.48,非都市：鄉村區 ; 非都市編定：乙種建築用地,1000000,10705,持分移轉,10110000
RPSNMLPKKHHGFAT09CB,新社皮段,51.90,非都市：鄉村區 ; 非都市編定：乙種建築用地,10000,725,持分移轉,09400000
RPQNMLQKKHHGFAT98CB,新勝興段,32.09,都市：住,100000,6282,持分移轉,00010000
RPPNMLQKKHHGFAT88CB,新勝興段,32.09,都市：住,100000,6282,持分移轉,00010000
RPTNMLQKKHHGFAT66CB,新勝興段,31.79,都市：住,100000,6224,持分移轉,00010000
RPRNMLQKKHHGFAT09CB,新勝興段,32.09,都市：住,100000,6282,持分移轉,00010000
RPUNMLQKKHHGFAT76CB,新勝興段,31.79,都市：住,100000,6224,持分移轉,00010000
RPWNMLQKKHHGFAT96CB,新勝興段,31.79,都市：住,100000,6224,持分移轉,00010000
RPXNMLQKKHHGFAT07CB,新勝興段,31.79,都市：住,100000,6224,持分移轉,00010000
RPOOMLQKKHHGFAT88CB,新勝興段,31.26,都市：住,100000,6121,持分移轉,00010000
RPSOMLQKKHHGFAT66CB,新勝興段,31.26,都市：住,100000,6121,持分移轉,00010000
RPUOMLQKKHHGFAT86CB,新勝興段,32.55,都市：住,100000,6372,持分移轉,00010000
RPTOMLQKKHHGFAT76CB,新勝興段,32.55,都市：住,100000,6372,持分移轉,00010000
RPSPMLQKKHHGFAT76CB,新勝興段,96.71,都市：住,1,1,全筆移轉,00010001
RPQPMLQKKHHGFAT56CB,新勝興段,87.23,都市：住,1,1,全筆移轉,00010004
RPOPMLQKKHHGFAT98CB,新勝興段,90.20,都市：住,1,1,全筆移轉,00010003
RPUPMLQKKHHGFAT96CB,街頭段三小段,31.41,都市：住,10000,364,持分移轉,05240000
RPVPMLQKKHHGFAT07CB,街頭段三小段,27.70,都市：住,10000,321,持分移轉,05240000
RPTPMLQKKHHGFAT86CB,街頭段三小段,41.34,都市：住,10000,479,持分移轉,05240000
RPWPMLQKKHHGFAT17CB,街頭段三小段,30.38,都市：住,10000,352,持分移轉,05240000
RPXPMLQKKHHGFAT27CB,街頭段三小段,41.34,都市：住,10000,479,持分移轉,05240000
RPOQMLQKKHHGFAT09CB,街頭段三小段,42.29,都市：住,10000,490,持分移轉,05240000
RPPNMLRKKHHGFAT98CB,街頭段三小段,41.34,都市：住,10000,479,持分移轉,05240000
RPQQMLQKKHHGFAT66CB,街頭段三小段,27.70,都市：住,10000,321,持分移轉,05240000
RPPQMLQKKHHGFAT56CB,街頭段三小段,31.41,都市：住,10000,364,持分移轉,05240000
RPTNMLRKKHHGFAT76CB,街頭段三小段,41.34,都市：住,10000,479,持分移轉,05240000
RPRNMLRKKHHGFAT56CB,街頭段三小段,30.38,都市：住,10000,352,持分移轉,05240000
RPUNMLRKKHHGFAT86CB,街頭段三小段,27.70,都市：住,10000,321,持分移轉,05240000
RPSNMLRKKHHGFAT66CB,街頭段三小段,27.70,都市：住,10000,321,持分移轉,05240000
RPVNMLRKKHHGFAT96CB,街頭段三小段,42.63,都市：住,10000,494,持分移轉,05240000
RPOOMLRKKHHGFAT98CB,街頭段三小段,31.41,都市：住,10000,364,持分移轉,05240000
RPPNMLRKKHHGFAT09DB,新鐘段,55.75,非都市：鄉村區 ; 非都市編定：乙種建築用地,8,1,持分移轉,18790006
RPPNMLRKKHHGFAT09DB,新鐘段,5.62,非都市：鄉村區 ; 非都市編定：乙種建築用地,10000,174,持分移轉,18790017
RPPNMLRKKHHGFAT09DB,新鐘段,1.00,非都市：鄉村區 ; 非都市編定：乙種建築用地,21,1,持分移轉,18790018
RPQNMLTKKHHGFDT96CB,關帝段,26.56,都市：住,100000,1158,持分移轉,09660000
RPPNMLTKKHHGFDT86CB,關帝段,25.69,都市：住,100000,1120,持分移轉,09660000
RPQNMLLLKHHGFAT58CB,新安段,21.83,非都市：鄉村區 ; 非都市編定：乙種建築用地,1000000,5725,持分移轉,13210000
RPTNMLLLKHHGFAT88CB,香揚段一小段,4.91,都市：住,100000,165,持分移轉,00300000
RPTNMLLLKHHGFAT88CB,香揚段一小段,1.34,都市：住,100000,165,持分移轉,00300001
RPTNMLLLKHHGFAT88CB,香揚段一小段,16.91,都市：住,100000,165,持分移轉,00120000
RPTNMLLLKHHGFAT88CB,香揚段一小段,4.68,都市：住,100000,165,持分移轉,00120001
RPXNMLLLKHHGFAT66CB,香揚段一小段,4.93,都市：住,100000,166,持分移轉,00300000
RPXNMLLLKHHGFAT66CB,香揚段一小段,1.35,都市：住,100000,166,持分移轉,00300001
RPXNMLLLKHHGFAT66CB,香揚段一小段,17.02,都市：住,100000,166,持分移轉,00120000
RPXNMLLLKHHGFAT66CB,香揚段一小段,4.71,都市：住,100000,166,持分移轉,00120001
RPQOMLLLKHHGFAT68CB,香揚段一小段,5.05,都市：住,100000,170,持分移轉,00300000
RPQOMLLLKHHGFAT68CB,香揚段一小段,1.38,都市：住,100000,170,持分移轉,00300001
RPQOMLLLKHHGFAT68CB,香揚段一小段,17.43,都市：住,100000,170,持分移轉,00120000
RPQOMLLLKHHGFAT68CB,香揚段一小段,4.82,都市：住,100000,170,持分移轉,00120001
RPUNMLLLKHHGFAT98CB,香揚段一小段,5.05,都市：住,100000,170,持分移轉,00300000
RPUNMLLLKHHGFAT98CB,香揚段一小段,1.38,都市：住,100000,170,持分移轉,00300001
RPUNMLLLKHHGFAT98CB,香揚段一小段,17.43,都市：住,100000,170,持分移轉,00120000
RPUNMLLLKHHGFAT98CB,香揚段一小段,4.82,都市：住,100000,170,持分移轉,00120001
RPOOMLLLKHHGFAT48CB,香揚段一小段,6.06,都市：住,100000,204,持分移轉,00300000
RPOOMLLLKHHGFAT48CB,香揚段一小段,1.66,都市：住,100000,204,持分移轉,00300001
RPOOMLLLKHHGFAT48CB,香揚段一小段,20.91,都市：住,100000,204,持分移轉,00120000
RPOOMLLLKHHGFAT48CB,香揚段一小段,5.78,都市：住,100000,204,持分移轉,00120001
RPROMLLLKHHGFAT78CB,香揚段一小段,5.05,都市：住,100000,170,持分移轉,00300000
RPROMLLLKHHGFAT78CB,香揚段一小段,1.38,都市：住,100000,170,持分移轉,00300001
RPROMLLLKHHGFAT78CB,香揚段一小段,17.43,都市：住,100000,170,持分移轉,00120000
RPROMLLLKHHGFAT78CB,香揚段一小段,4.82,都市：住,100000,170,持分移轉,00120001
RPWOMLLLKHHGFAT66CB,香揚段一小段,9.16,都市：住,100000,308,持分移轉,00300000
RPWOMLLLKHHGFAT66CB,香揚段一小段,2.51,都市：住,100000,308,持分移轉,00300001
RPWOMLLLKHHGFAT66CB,香揚段一小段,31.57,都市：住,100000,308,持分移轉,00120000
RPWOMLLLKHHGFAT66CB,香揚段一小段,8.73,都市：住,100000,308,持分移轉,00120001
RPXOMLLLKHHGFAT76CB,香揚段一小段,4.91,都市：住,100000,165,持分移轉,00300000
RPXOMLLLKHHGFAT76CB,香揚段一小段,1.34,都市：住,100000,165,持分移轉,00300001
RPXOMLLLKHHGFAT76CB,香揚段一小段,16.91,都市：住,100000,165,持分移轉,00120000
RPXOMLLLKHHGFAT76CB,香揚段一小段,4.68,都市：住,100000,165,持分移轉,00120001
RPTOMLLLKHHGFAT98CB,香揚段一小段,4.91,都市：住,100000,165,持分移轉,00300000
RPTOMLLLKHHGFAT98CB,香揚段一小段,1.34,都市：住,100000,165,持分移轉,00300001
RPTOMLLLKHHGFAT98CB,香揚段一小段,16.91,都市：住,100000,165,持分移轉,00120000
RPTOMLLLKHHGFAT98CB,香揚段一小段,4.68,都市：住,100000,165,持分移轉,00120001
RPPNMLNLKHHGFAT78DB,長治段,23.77,都市：住,10000,244,持分移轉,00780001
RPQNMLOLKHHGFCT09CB,新埔段,103.00,都市：住,1,1,全筆移轉,21400008
RPOPMLLLKHHGFAT58CB,香揚段一小段,4.73,都市：住,100000,159,持分移轉,00300000
RPOPMLLLKHHGFAT58CB,香揚段一小段,1.29,都市：住,100000,159,持分移轉,00300001
RPOPMLLLKHHGFAT58CB,香揚段一小段,16.30,都市：住,100000,159,持分移轉,00120000
RPOPMLLLKHHGFAT58CB,香揚段一小段,4.51,都市：住,100000,159,持分移轉,00120001
RPQNMLMJLHHGFCT78CB,學人段,135.89,都市：住,1,1,全筆移轉,04540008
RPQNMLPLKHHGFDT66CB,龍帝段,34.75,都市：住,10000,272,持分移轉,08120008
RPPNMLMJLHHGFCT68CB,潮中段,98.39,都市：住,1,1,全筆移轉,02860009
RPPNMLMJLHHGFCT68CB,潮中段,.49,都市：住,1,1,全筆移轉,03180002
RPPNMLMJLHHGFAT58DB,新清溪段,314.09,都市：工,1,1,全筆移轉,04730000
RPPNMLMJLHHGFAT58DB,新清溪段,61.05,都市：工,100000,1632,持分移轉,05100000
RPQNMLNJLHHGFAT68CB,歸義段,26.02,非都市：一般農業區 ; 非都市編定：甲種建築用地,100000,959,持分移轉,05370000
RPQNMLNJLHHGFAT68CB,歸義段,1.55,非都市：一般農業區 ; 非都市編定：丁種建築用地,100000,959,持分移轉,05360002
RPTOMLOKLHHGFCT86CB,榮田段,2.34,都市：住,100000,2550,持分移轉,03620000
RPTOMLOKLHHGFCT86CB,榮田段,.51,都市：住,100000,2550,持分移轉,03630000
RPTOMLOKLHHGFCT86CB,榮田段,.55,都市：住,100000,2550,持分移轉,03640000
RPTOMLOKLHHGFCT86CB,榮田段,2.61,都市：住,100000,2550,持分移轉,03650000
RPTOMLOKLHHGFCT86CB,榮田段,.67,都市：住,100000,2550,持分移轉,03660000
RPTOMLOKLHHGFCT86CB,榮田段,.64,都市：住,100000,2550,持分移轉,03730000
RPTOMLOKLHHGFCT86CB,榮田段,23.10,都市：住,100000,2550,持分移轉,03740000
RPRNMLKLLHHGFCT88CB,潮中段,43.56,都市：住,10000,480,持分移轉,02380000
RPPNMLKLLHHGFCT68CB,潮中段,30.49,都市：住,10000,336,持分移轉,02380000
RPQNMLKLLHHGFCT78CB,潮中段,30.68,都市：住,10000,338,持分移轉,02380000
RPSNMLKLLHHGFCT98CB,潮中段,30.49,都市：住,10000,336,持分移轉,02380000
RPTNMLKLLHHGFCT09CB,潮中段,43.56,都市：住,10000,480,持分移轉,02380000
RPUNMLKLLHHGFCT56CB,潮中段,25.45,都市：住,10000,623,持分移轉,02380009
RPWNMLKLLHHGFCT76CB,潮中段,25.61,都市：住,10000,627,持分移轉,02380009
RPVNMLKLLHHGFCT66CB,潮中段,30.68,都市：住,10000,338,持分移轉,02380000
RPQNMLLLLHHGFCT88CB,五福段,23.12,都市：住,10000,210,持分移轉,08640004
RPPNMLOKKHHGFCT88CB,崙潮段,101.52,非都市：一般農業區 ; 非都市編定：甲種建築用地,1,1,全筆移轉,03550068
RPPNMLOKKHHGFCT88CB,崙潮段,26.68,非都市：一般農業區 ; 非都市編定：甲種建築用地,8,1,持分移轉,03550070
RPPNMLLLLHHGFCT78CB,五福段,23.12,都市：住,10000,210,持分移轉,08640004
RPOOMLTLLHHGFDT07CB,關帝段,33.14,都市：住,100000,1445,持分移轉,09660000
RPSNMLQJNHHGFCT96CB,學人段,88.43,都市：住,1,1,全筆移轉,04600000
RPXNMLQJNHHGFCT47CB,學人段,100.25,都市：住,1,1,全筆移轉,04600025
RPPNMLTKNHHGFDT17CB,新孝段,37.86,都市：住,100000,2516,持分移轉,03740000
