﻿編號,土地位置,土地移轉面積(平方公尺),使用分區或編定,權利人持分分母,權利人持分分子,移轉情形,地號
The serial number, land position,land shifting area square meter,the use zoning or compiles and checks,,,,land parcel
RPWNMLLKJIGGFAT09CC,新鐘段,363.63,非都市：一般農業區 ; 非都市編定：農牧用地,,,,16200000
RPUNMLMKJIGGFCT56CC,壽比段,11.00,非都市：鄉村區 ; 非都市編定：乙種建築用地,,,,08840000
RPWNMLMKJIGGFCT76CC,壽比段,16.29,非都市：鄉村區 ; 非都市編定：乙種建築用地,,,,08840000
RPVNMLMKJIGGFCT66CC,壽比段,11.30,非都市：鄉村區 ; 非都市編定：乙種建築用地,,,,08840000
RPUOMLMKJIGGFCT66CC,壽比段,10.64,非都市：鄉村區 ; 非都市編定：乙種建築用地,,,,08840000
RPQOMLMKJIGGFCT88CC,壽比段,10.77,非都市：鄉村區 ; 非都市編定：乙種建築用地,,,,08840000
RPROMLMKJIGGFCT98CC,壽比段,10.86,非都市：鄉村區 ; 非都市編定：乙種建築用地,,,,08840000
RPPOMLMKJIGGFCT78CC,壽比段,10.90,非都市：鄉村區 ; 非都市編定：乙種建築用地,,,,08840000
RPVOMLMKJIGGFCT76CC,壽比段,11.04,非都市：鄉村區 ; 非都市編定：乙種建築用地,,,,08840000
RPWOMLMKJIGGFCT86CC,壽比段,10.90,非都市：鄉村區 ; 非都市編定：乙種建築用地,,,,08840000
RPXOMLMKJIGGFCT96CC,壽比段,11.04,非都市：鄉村區 ; 非都市編定：乙種建築用地,,,,08840000
RPPPMLMKJIGGFCT88CC,壽比段,10.86,非都市：鄉村區 ; 非都市編定：乙種建築用地,,,,08840000
RPQPMLMKJIGGFCT98CC,壽比段,5.78,非都市：鄉村區 ; 非都市編定：乙種建築用地,,,,09420000
RPTPMLMKJIGGFCT66CC,壽比段,5.73,非都市：鄉村區 ; 非都市編定：乙種建築用地,,,,09420000
RPOPMLMKJIGGFCT78CC,壽比段,10.90,非都市：鄉村區 ; 非都市編定：乙種建築用地,,,,08840000
RPRPMLMKJIGGFCT09CC,壽比段,5.73,非都市：鄉村區 ; 非都市編定：乙種建築用地,,,,09420000
RPUPMLMKJIGGFCT76CC,壽比段,5.78,非都市：鄉村區 ; 非都市編定：乙種建築用地,,,,09420000
RPVPMLMKJIGGFCT86CC,壽比段,11.30,非都市：鄉村區 ; 非都市編定：乙種建築用地,,,,08840000
RPWPMLMKJIGGFCT96CC,壽比段,10.64,非都市：鄉村區 ; 非都市編定：乙種建築用地,,,,08840000
RPRQMLMKJIGGFCT56CC,壽比段,10.64,非都市：鄉村區 ; 非都市編定：乙種建築用地,,,,08840000
RPXPMLMKJIGGFCT07CC,壽比段,11.30,非都市：鄉村區 ; 非都市編定：乙種建築用地,,,,08840000
RPPQMLMKJIGGFCT98CC,壽比段,11.30,非都市：鄉村區 ; 非都市編定：乙種建築用地,,,,08840000
RPQQMLMKJIGGFCT09CC,壽比段,11.04,非都市：鄉村區 ; 非都市編定：乙種建築用地,,,,08840000
RPUQMLMKJIGGFCT86CC,壽比段,5.71,非都市：鄉村區 ; 非都市編定：乙種建築用地,,,,09420000
RPTOMLPKJIGGFCT86CC,壽比段,6.47,非都市：鄉村區 ; 非都市編定：乙種建築用地,,,,05700000
RPSQMLMKJIGGFCT66CC,壽比段,11.70,非都市：鄉村區 ; 非都市編定：乙種建築用地,,,,08840000
RPXNMLPKJIGGFAT96CC,豐田段,620.00,都市：住,,,,03120000
RPTOMLPKJIGGFAT66CC,豐田段,.00,都市：住,,,,04120000
RPTNMLQKJIGGFCT86CC,壽比段,9.16,非都市：鄉村區 ; 非都市編定：乙種建築用地,,,,08840000
RPUNMLQKJIGGFCT96CC,壽比段,7.36,非都市：鄉村區 ; 非都市編定：乙種建築用地,,,,09420000
RPTOMLQKJIGGFCT96CC,壽比段,8.50,非都市：鄉村區 ; 非都市編定：乙種建築用地,,,,09420000
RPUOMLQKJIGGFCT07CC,壽比段,8.99,非都市：鄉村區 ; 非都市編定：乙種建築用地,,,,08840000
RPPOMLRKJIGGFAT09CC,花園段,69.00,都市：住,,,,01930002
RPWNMLTKJIGGFAT27CC,光明段,20.34,都市：住,,,,10130000
RPUNMLOLJIGGFCT86CC,壽比段,8.94,非都市：鄉村區 ; 非都市編定：乙種建築用地,,,,08840000
RPWNMLOLJIGGFCT07CC,壽比段,9.59,非都市：鄉村區 ; 非都市編定：乙種建築用地,,,,08840000
RPXNMLOLJIGGFCT17CC,壽比段,9.09,非都市：鄉村區 ; 非都市編定：乙種建築用地,,,,08840000
RPQOMLOLJIGGFCT56CC,壽比段,9.00,非都市：鄉村區 ; 非都市編定：乙種建築用地,,,,08840000
RPPOMLOLJIGGFCT09CC,壽比段,8.99,非都市：鄉村區 ; 非都市編定：乙種建築用地,,,,08840000
RPROMLOLJIGGFCT66CC,壽比段,9.00,非都市：鄉村區 ; 非都市編定：乙種建築用地,,,,08840000
RPSOMLOLJIGGFCT76CC,壽比段,9.00,非都市：鄉村區 ; 非都市編定：乙種建築用地,,,,08840000
RPTOMLOLJIGGFCT86CC,壽比段,9.00,非都市：鄉村區 ; 非都市編定：乙種建築用地,,,,08840000
RPUOMLOLJIGGFCT96CC,壽比段,9.00,非都市：鄉村區 ; 非都市編定：乙種建築用地,,,,08840000
RPWOMLOLJIGGFCT17CC,壽比段,9.00,非都市：鄉村區 ; 非都市編定：乙種建築用地,,,,08840000
RPVOMLOLJIGGFCT07CC,壽比段,9.00,非都市：鄉村區 ; 非都市編定：乙種建築用地,,,,08840000
RPXOMLOLJIGGFCT27CC,壽比段,9.00,非都市：鄉村區 ; 非都市編定：乙種建築用地,,,,08840000
RPOOMLMKJIGGFCT68CC,壽比段,11.30,非都市：鄉村區 ; 非都市編定：乙種建築用地,,,,08840000
RPSOMLMKJIGGFCT09CC,壽比段,10.90,非都市：鄉村區 ; 非都市編定：乙種建築用地,,,,08840000
RPSPMLMKJIGGFCT56CC,壽比段,6.72,非都市：鄉村區 ; 非都市編定：乙種建築用地,,,,09420000
RPOPMLOLJIGGFCT09CC,壽比段,9.00,非都市：鄉村區 ; 非都市編定：乙種建築用地,,,,08840000
RPPPMLOLJIGGFCT56CC,壽比段,9.00,非都市：鄉村區 ; 非都市編定：乙種建築用地,,,,08840000
RPQPMLOLJIGGFCT66CC,壽比段,9.00,非都市：鄉村區 ; 非都市編定：乙種建築用地,,,,08840000
RPRPMLOLJIGGFCT76CC,壽比段,9.00,非都市：鄉村區 ; 非都市編定：乙種建築用地,,,,08840000
RPVPMLOLJIGGFCT17CC,壽比段,9.00,非都市：鄉村區 ; 非都市編定：乙種建築用地,,,,08840000
RPTPMLOLJIGGFCT96CC,壽比段,9.00,非都市：鄉村區 ; 非都市編定：乙種建築用地,,,,08840000
RPXPMLOLJIGGFCT37CC,壽比段,9.00,非都市：鄉村區 ; 非都市編定：乙種建築用地,,,,08840000
RPSPMLOLJIGGFCT86CC,壽比段,9.00,非都市：鄉村區 ; 非都市編定：乙種建築用地,,,,08840000
RPROMLQLJIGGFAT66CC,金城段,836.04,非都市：鄉村區 ; 非都市編定：乙種建築用地,,,,06570000
RPROMLQLJIGGFAT66CC,金城段,410.00,非都市：鄉村區 ; 非都市編定：乙種建築用地,,,,06580000
RPRNMLTLJIGGFAT86CC,北勢段,7.60,都市：住,,,,06480002
RPRNMLTLJIGGFAT86CC,北勢段,9.50,都市：住,,,,06510002
RPTNMLPLJIGGFDT96CC,大東段,144.81,都市：住,,,,01560000
RPTNMLPLJIGGFDT96CC,大東段,4.53,都市：其他:道路用地,,,,01570000
RPTNMLPLJIGGFDT96CC,大東段,8.86,都市：其他:綠地,,,,01550000
RPTNMLPLJIGGFDT96CC,大東段,4.40,都市：其他:道路用地,,,,01540000
RPTNMLPLJIGGFDT96CC,大東段,144.88,都市：住,,,,01530000
RPTNMLPLJIGGFDT96CC,大東段,8.91,都市：其他:綠地,,,,01520000
RPVNMLTLJIGGFDT57CC,新仁段,123.50,都市：住,,,,09390000
RPRNMLTLJIGGFCT07CC,劉厝庄段,76.27,非都市：鄉村區 ; 非都市編定：乙種建築用地,,,,06390000
RPVNMLQJKIGGFDT17CC,東林段,74.65,都市：住,,,,09460000
RPXNMLQJKIGGFAT07CC,公興段,62.75,非都市：一般農業區 ; 非都市編定：甲種建築用地,,,,13140000
RPXNMLSJKIGGFAT27CC,明正段,3.39,都市：住,,,,19260000
RPXNMLSJKIGGFAT27CC,明正段,62.33,都市：住,,,,19300000
RPTOMLSJKIGGFAT96CC,社上段,231.40,非都市：特定農業區 ; 非都市編定：農牧用地,,,,07930000
RPROMLSJKIGGFAT76CC,長治段,131.00,都市：住,,,,00340010
RPSNMLTJKIGGFCT07CC,壽比段,9.00,非都市：鄉村區 ; 非都市編定：乙種建築用地,,,,08840000
RPTQMLMKJIGGFCT76CC,壽比段,6.60,非都市：鄉村區 ; 非都市編定：乙種建築用地,,,,09420000
RPUOMLQKKIGGFCT17CC,壽比段,8.77,非都市：鄉村區 ; 非都市編定：乙種建築用地,,,,08840000
RPWQMLMKJIGGFCT07CC,壽比段,5.71,非都市：鄉村區 ; 非都市編定：乙種建築用地,,,,09420000
RPVNMLPKKIGGFAT86CC,北勢段,65.00,都市：住,,,,05080033
RPTOMLQKKIGGFCT07CC,壽比段,8.90,非都市：鄉村區 ; 非都市編定：乙種建築用地,,,,08840000
RPSNMLQKJIGGFCT76CC,壽比段,9.16,非都市：鄉村區 ; 非都市編定：乙種建築用地,,,,08840000
RPXOMLQKKIGGFCT47CC,壽比段,9.63,非都市：鄉村區 ; 非都市編定：乙種建築用地,,,,08840000
RPWOMLQKKIGGFCT37CC,壽比段,8.77,非都市：鄉村區 ; 非都市編定：乙種建築用地,,,,08840000
RPRPMLQKKIGGFCT96CC,壽比段,8.52,非都市：鄉村區 ; 非都市編定：乙種建築用地,,,,09420000
RPSPMLQKKIGGFCT07CC,壽比段,7.36,非都市：鄉村區 ; 非都市編定：乙種建築用地,,,,09420000
RPPPMLQKKIGGFCT76CC,壽比段,8.50,非都市：鄉村區 ; 非都市編定：乙種建築用地,,,,09420000
RPUPMLQKKIGGFCT27CC,壽比段,8.50,非都市：鄉村區 ; 非都市編定：乙種建築用地,,,,09420000
RPXNMLOLKIGGFAT07CC,灰磘段,12.02,都市：住,,,,02110000
RPVOMLMLKIGGFCT96CC,延平段,141.43,都市：商,,,,01300000
RPQOMLRLKIGGFCT96CC,永春段,16.35,都市：住,,,,02460000
RPQOMLRLKIGGFCT96CC,永春段,36.06,都市：住,,,,02470000
RPUOMLSLKIGGFAT27CC,檳榔腳段二小段,46.45,都市：住,,,,02080000
RPQOMLTLKIGGFAT96CC,建國段,20.63,都市：住,,,,15370000
RPUNMLKMKIGGFAT09CC,勝興段,22.54,都市：住,,,,00580000
RPXOMLOJJHHGFAT86CC,玄聖段,950.00,非都市：一般農業區 ; 非都市編定：丁種建築用地,,,,04080000
RPXOMLOJJHHGFAT86CC,玄聖段,437.13,非都市：一般農業區 ; 非都市編定：甲種建築用地,,,,04090002
RPROMLKKJHHGFDT88CC,福德段,5.05,都市：住,,,,05860000
RPPNMLLKJHHGFAT38CC,勝興段,18.19,都市：住,,,,00580000
RPRPMLRKJHHGFCT96CC,新五魁段,8.34,都市：住,,,,03290000
RPRPMLRKJHHGFCT96CC,新五魁段,52.05,都市：住,,,,03280000
RPSPMLRKJHHGFCT07CC,三共段,88.21,都市：住,,,,00110000
RPWNMLOKJHHGFAT76CC,新街段一小段,14.00,都市：商,,,,01440002
RPWNMLOKJHHGFAT76CC,新街段一小段,81.00,都市：商,,,,01570002
RPWNMLOKJHHGFAT76CC,新街段一小段,15.00,都市：商,,,,01440000
RPWNMLOKJHHGFAT76CC,新街段一小段,76.00,都市：商,,,,01570000
RPVNMLTKJHHGFCT37CC,壽比段,33.80,非都市：鄉村區 ; 非都市編定：乙種建築用地,,,,09420000
RPWNMLTKJHHGFCT47CC,壽比段,33.20,非都市：鄉村區 ; 非都市編定：乙種建築用地,,,,09420000
RPOOMLTKJHHGFCT76CC,壽比段,33.40,非都市：鄉村區 ; 非都市編定：乙種建築用地,,,,09420000
RPPOMLTKJHHGFCT86CC,壽比段,33.80,非都市：鄉村區 ; 非都市編定：乙種建築用地,,,,09420000
RPQOMLTKJHHGFCT96CC,壽比段,32.59,非都市：鄉村區 ; 非都市編定：乙種建築用地,,,,08840000
RPROMLTKJHHGFCT07CC,壽比段,30.55,非都市：鄉村區 ; 非都市編定：乙種建築用地,,,,08840000
RPTOMLTKJHHGFCT27CC,壽比段,30.29,非都市：鄉村區 ; 非都市編定：乙種建築用地,,,,08840000
RPSOMLTKJHHGFCT17CC,壽比段,30.02,非都市：鄉村區 ; 非都市編定：乙種建築用地,,,,08840000
RPOQMLOLJIGGFCT56CC,壽比段,9.00,非都市：鄉村區 ; 非都市編定：乙種建築用地,,,,08840000
RPROMLPLJIGGFAT56CC,檳榔腳段一小段,21.49,都市：住,,,,05610000
RPVOMLTKJHHGFCT47CC,壽比段,30.55,非都市：鄉村區 ; 非都市編定：乙種建築用地,,,,08840000
RPXOMLKKKIGGFAT66CC,水源段二小段,40.33,都市：住,,,,02390000
RPWOMLTKJHHGFCT57CC,壽比段,30.31,非都市：鄉村區 ; 非都市編定：乙種建築用地,,,,08840000
RPOPMLTKJHHGFCT86CC,壽比段,31.81,非都市：鄉村區 ; 非都市編定：乙種建築用地,,,,08840000
RPXOMLTKJHHGFCT67CC,壽比段,30.90,非都市：鄉村區 ; 非都市編定：乙種建築用地,,,,08840000
RPPPMLTKJHHGFCT96CC,壽比段,32.59,非都市：鄉村區 ; 非都市編定：乙種建築用地,,,,08840000
RPQPMLTKJHHGFCT07CC,壽比段,29.86,非都市：鄉村區 ; 非都市編定：乙種建築用地,,,,08840000
RPRPMLTKJHHGFCT17CC,壽比段,30.03,非都市：鄉村區 ; 非都市編定：乙種建築用地,,,,08840000
RPTPMLTKJHHGFCT37CC,壽比段,29.52,非都市：鄉村區 ; 非都市編定：乙種建築用地,,,,09420000
RPUPMLTKJHHGFCT47CC,壽比段,33.50,非都市：鄉村區 ; 非都市編定：乙種建築用地,,,,09420000
RPWPMLTKJHHGFCT67CC,壽比段,33.24,非都市：鄉村區 ; 非都市編定：乙種建築用地,,,,09420000
RPOQMLLLJHHGFAT68CC,林內段,45.61,都市：住,,,,14240000
RPVOMLMLJHHGFAT66CC,檳榔腳段一小段,21.50,都市：住,,,,05610000
RPWOMLMLJHHGFCT96CC,壽比段,31.81,非都市：鄉村區 ; 非都市編定：乙種建築用地,,,,08840000
RPUOMLMLJHHGFAT66DC,建國段,20.63,都市：住,,,,15370000
RPXOMLMLJHHGFCT07CC,壽比段,5.72,非都市：鄉村區 ; 非都市編定：乙種建築用地,,,,09420000
RPRNMLOLJHHGFAT98CC,勝興段,109.80,都市：住,,,,16270000
RPRNMLOLJHHGFAT98CC,勝興段,79.20,都市：住,,,,16280000
RPTPMLPLJHHGFAT86CC,金城段,836.04,非都市：鄉村區 ; 非都市編定：乙種建築用地,,,,06570000
RPTPMLPLJHHGFAT86CC,金城段,410.00,非都市：鄉村區 ; 非都市編定：乙種建築用地,,,,06580000
RPROMLQLJHHGFAT66CC,民生段,.00,都市：商,,,,06860002
RPROMLQLJHHGFAT66CC,民生段,.00,都市：商,,,,06860005
RPSNMLQLJHHGFAT66CC,大埔段一小段,65.00,都市：住,,,,05140000
RPTNMLPLJHHGFCT96DC,永春段,64.54,都市：住,,,,01680000
RPPOMLSJKHHGFCT86DC,榮田段,637.44,都市：住,,,,06040003
RPWPMLKKKHHGFAT66CC,檳榔腳段二小段,91.00,都市：住,,,,02180000
RPROMLLLKIGGFAT88CC,清溪段,.00,非都市：一般農業區 ; 非都市編定：甲種建築用地,,,,01920000
RPROMLLLKIGGFAT88CC,清溪段,1.43,非都市：一般農業區 ; 非都市編定：甲種建築用地,,,,01910000
RPPOMLSLKIGGFCT96CC,壽比段,9.59,非都市：鄉村區 ; 非都市編定：乙種建築用地,,,,08840000
RPSPMLTKJHHGFCT27CC,壽比段,32.59,非都市：鄉村區 ; 非都市編定：乙種建築用地,,,,08840000
RPXOMLTKJHHGFAT47CC,勝興段,10.00,都市：住,,,,00580000
RPUPMLLLJHHGFAT56CC,勝興段,37.50,都市：住,,,,18110003
RPOOMLSJKHHGFCT66CC,榮田段,731.22,都市：住,,,,06040004
