﻿編號,屋齡,建物移轉面積平方公尺,主要用途,主要建材,建築完成日期,總層數,建物分層
The serial number,room age,building shifting area square meter,the main use,main building materials,construction completes the date,total layer,building lamination
RPUNMLMKJIGGFCT56CC,5,30.84,集合住宅,鋼筋混凝土構造,105年11月4日,七層,
RPWNMLMKJIGGFCT76CC,5,30.29,集合住宅,鋼筋混凝土構造,105年11月4日,七層,
RPUOMLMKJIGGFCT66CC,5,29.86,集合住宅,鋼筋混凝土構造,105年11月4日,七層,
RPVNMLMKJIGGFCT66CC,5,31.66,集合住宅,鋼筋混凝土構造,105年11月4日,七層,
RPQOMLMKJIGGFCT88CC,5,30.02,集合住宅,鋼筋混凝土構造,105年11月4日,七層,
RPROMLMKJIGGFCT98CC,5,30.29,集合住宅,鋼筋混凝土構造,105年11月4日,七層,
RPPOMLMKJIGGFCT78CC,5,30.45,集合住宅,鋼筋混凝土構造,105年11月4日,七層,
RPVOMLMKJIGGFCT76CC,5,30.90,集合住宅,鋼筋混凝土構造,105年11月4日,七層,
RPWOMLMKJIGGFCT86CC,5,30.55,集合住宅,鋼筋混凝土構造,105年11月4日,七層,
RPXOMLMKJIGGFCT96CC,5,30.94,集合住宅,鋼筋混凝土構造,105年11月4日,七層,
RPPPMLMKJIGGFCT88CC,5,30.31,集合住宅,鋼筋混凝土構造,105年11月4日,七層,
RPQPMLMKJIGGFCT98CC,7,33.50,集合住宅,鋼筋混凝土構造,103年12月17日,七層,
RPTPMLMKJIGGFCT66CC,7,33.19,集合住宅,鋼筋混凝土構造,103年12月17日,七層,
RPOPMLMKJIGGFCT78CC,5,30.45,集合住宅,鋼筋混凝土構造,105年11月4日,七層,
RPRPMLMKJIGGFCT09CC,7,33.19,集合住宅,鋼筋混凝土構造,103年12月17日,七層,
RPUPMLMKJIGGFCT76CC,7,33.40,集合住宅,鋼筋混凝土構造,103年12月17日,七層,
RPVPMLMKJIGGFCT86CC,5,31.81,集合住宅,鋼筋混凝土構造,105年11月4日,七層,
RPWPMLMKJIGGFCT96CC,5,29.86,集合住宅,鋼筋混凝土構造,105年11月4日,七層,
RPRQMLMKJIGGFCT56CC,5,29.86,集合住宅,鋼筋混凝土構造,105年11月4日,七層,
RPXPMLMKJIGGFCT07CC,5,31.81,集合住宅,鋼筋混凝土構造,105年11月4日,七層,
RPPQMLMKJIGGFCT98CC,5,31.66,集合住宅,鋼筋混凝土構造,105年11月4日,七層,
RPQQMLMKJIGGFCT09CC,5,30.94,集合住宅,鋼筋混凝土構造,105年11月4日,七層,
RPUQMLMKJIGGFCT86CC,7,33.20,集合住宅,鋼筋混凝土構造,103年12月17日,七層,
RPTOMLPKJIGGFCT86CC,19,13.92,集合住宅,鋼筋混凝土造,92年5月1日,五層,
RPTOMLPKJIGGFCT86CC,19,5.95,共用部份,鋼筋混凝土造,92年5月1日,五層,
RPTOMLPKJIGGFCT86CC,19,1.76,停車空間,鋼筋混凝土造,92年5月1日,五層,
RPSQMLMKJIGGFCT66CC,5,32.63,集合住宅,鋼筋混凝土構造,105年11月4日,七層,
RPXNMLPKJIGGFAT96CC,18,1107.45,托兒所、住宅、補習班、梯間,鋼筋混凝土造,92年9月23日,四層,
RPTOMLPKJIGGFAT66CC,29,82.09,住家用,鋼筋混凝土造,81年8月8日,七層,
RPTOMLPKJIGGFAT66CC,29,30.38,共用部份,鋼筋混凝土造,81年8月8日,七層,
RPTNMLQKJIGGFCT86CC,5,31.10,集合住宅,鋼筋混凝土構造,105年11月4日,七層,
RPUNMLQKJIGGFCT96CC,7,29.52,集合住宅,鋼筋混凝土構造,103年12月17日,七層,
RPTOMLQKJIGGFCT96CC,7,33.27,集合住宅,鋼筋混凝土構造,103年12月17日,七層,
RPUOMLQKJIGGFCT07CC,4,30.45,集合住宅,鋼筋混凝土構造,105年11月4日,七層,
RPPOMLRKJIGGFAT09CC,42,96.54,住商用,加強磚造,68年5月28日,二層,
RPWNMLTKJIGGFAT27CC,27,49.20,住家用,鋼筋混凝土造,84年1月4日,五層,
RPWNMLTKJIGGFAT27CC,27,23.65,停車空間，梯間,鋼筋混凝土造,84年1月4日,五層,
RPUNMLOLJIGGFCT86CC,5,30.29,集合住宅,鋼筋混凝土構造,105年11月4日,七層,
RPWNMLOLJIGGFCT07CC,5,32.59,集合住宅,鋼筋混凝土構造,105年11月4日,七層,
RPXNMLOLJIGGFCT17CC,5,30.84,集合住宅,鋼筋混凝土構造,105年11月4日,七層,
RPQOMLOLJIGGFCT56CC,5,30.90,集合住宅,鋼筋混凝土構造,105年11月4日,七層,
RPPOMLOLJIGGFCT09CC,5,30.45,集合住宅,鋼筋混凝土構造,105年11月4日,七層,
RPROMLOLJIGGFCT66CC,5,30.90,集合住宅,鋼筋混凝土構造,105年11月4日,七層,
RPSOMLOLJIGGFCT76CC,5,30.31,集合住宅,鋼筋混凝土構造,105年11月4日,七層,
RPTOMLOLJIGGFCT86CC,5,30.84,集合住宅,鋼筋混凝土構造,105年11月4日,七層,
RPUOMLOLJIGGFCT96CC,5,31.66,集合住宅,鋼筋混凝土構造,105年11月4日,七層,
RPWOMLOLJIGGFCT17CC,5,30.90,集合住宅,鋼筋混凝土構造,105年11月4日,七層,
RPVOMLOLJIGGFCT07CC,5,30.45,集合住宅,鋼筋混凝土構造,105年11月4日,七層,
RPOOMLMKJIGGFCT68CC,5,31.66,集合住宅,鋼筋混凝土構造,105年11月4日,七層,
RPXOMLOLJIGGFCT27CC,5,30.45,集合住宅,鋼筋混凝土構造,105年11月4日,七層,
RPSOMLMKJIGGFCT09CC,5,30.45,集合住宅,鋼筋混凝土構造,105年11月4日,七層,
RPSPMLMKJIGGFCT56CC,7,38.64,集合住宅,鋼筋混凝土構造,103年12月17日,七層,
RPOPMLOLJIGGFCT09CC,5,31.81,集合住宅,鋼筋混凝土構造,105年11月4日,七層,
RPPPMLOLJIGGFCT56CC,5,30.84,集合住宅,鋼筋混凝土構造,105年11月4日,七層,
RPRPMLOLJIGGFCT76CC,5,30.90,集合住宅,鋼筋混凝土構造,105年11月4日,七層,
RPQPMLOLJIGGFCT66CC,5,30.29,集合住宅,鋼筋混凝土構造,105年11月4日,七層,
RPVPMLOLJIGGFCT17CC,5,30.84,集合住宅,鋼筋混凝土構造,105年11月4日,七層,
RPTPMLOLJIGGFCT96CC,5,30.21,集合住宅,鋼筋混凝土構造,105年11月4日,七層,
RPXPMLOLJIGGFCT37CC,5,30.94,集合住宅,鋼筋混凝土構造,105年11月4日,七層,
RPSPMLOLJIGGFCT86CC,5,30.90,集合住宅,鋼筋混凝土構造,105年11月4日,七層,
RPROMLQLJIGGFAT66CC,,119.04,住家用,鋼筋混凝土加強磚造,,二層,
RPRNMLTLJIGGFAT86CC,40,72.98,公寓,鋼筋混凝土造,70年12月21日,五層,
RPRNMLTLJIGGFCT07CC,46,109.90,住家用,加強磚造,65年1月1日,二層,
RPVNMLQJKIGGFDT17CC,39,154.13,店鋪　住宅,鋼筋混凝土造,71年9月27日,三層,
RPXNMLQJKIGGFAT07CC,,62.75,住家用,磚造,,一層,
RPXNMLSJKIGGFAT27CC,32,98.83,住家用,鋼筋混凝土造,78年11月24日,五層,
RPXNMLSJKIGGFAT27CC,32,7.08,住家用,鋼筋混凝土造,78年11月24日,五層,
RPROMLSJKIGGFAT76CC,30,244.52,住家用,鋼筋混凝土造,80年12月10日,四層,
RPSNMLTJKIGGFCT07CC,5,31.66,集合住宅,鋼筋混凝土構造,105年11月4日,七層,
RPTQMLMKJIGGFCT76CC,7,38.64,集合住宅,鋼筋混凝土構造,103年12月17日,七層,
RPWQMLMKJIGGFCT07CC,7,33.27,集合住宅,鋼筋混凝土構造,103年12月17日,七層,
RPUOMLQKKIGGFCT17CC,5,29.86,集合住宅,鋼筋混凝土構造,105年11月4日,七層,
RPVNMLPKKIGGFAT86CC,41,76.80,住家用,加強磚造,70年5月14日,二層,
RPTOMLQKKIGGFCT07CC,5,30.29,集合住宅,鋼筋混凝土構造,105年11月4日,七層,
RPSNMLQKJIGGFCT76CC,5,31.10,集合住宅,鋼筋混凝土構造,105年11月4日,七層,
RPXOMLQKKIGGFCT47CC,5,32.63,集合住宅,鋼筋混凝土構造,105年11月4日,七層,
RPWOMLQKKIGGFCT37CC,5,29.86,集合住宅,鋼筋混凝土構造,105年11月4日,七層,
RPRPMLQKKIGGFCT96CC,7,33.19,集合住宅,鋼筋混凝土構造,103年12月17日,七層,
RPSPMLQKKIGGFCT07CC,7,29.52,集合住宅,鋼筋混凝土構造,103年12月17日,七層,
RPPPMLQKKIGGFCT76CC,7,33.24,集合住宅,鋼筋混凝土構造,103年12月17日,七層,
RPUPMLQKKIGGFCT27CC,7,33.20,集合住宅,鋼筋混凝土構造,103年12月17日,七層,
RPXNMLOLKIGGFAT07CC,38,40.17,住家用,鋼筋混凝土造,72年9月6日,五層,
RPXNMLOLKIGGFAT07CC,38,5.81,樓梯,鋼筋混凝土造,72年9月6日,五層,
RPVOMLMLKIGGFCT96CC,40,260.22,住商用,鋼筋混凝土造,70年10月21日,三層,
RPQOMLRLKIGGFCT96CC,47,92.00,住家用,加強磚造,64年1月13日,二層,
RPUOMLSLKIGGFAT27CC,2,111.45,集合住宅,鋼筋混凝土造,108年7月24日,五層,
RPUOMLSLKIGGFAT27CC,2,49.65,停車空間、樓梯、管道間、電梯、梯廳、樓梯間,鋼筋混凝土造,108年7月24日,五層,
RPQOMLTLKIGGFAT96CC,25,113.63,住家用,鋼筋混凝土造,85年12月20日,十二層,
RPQOMLTLKIGGFAT96CC,25,36.25,梯間，友誼廳，通道，重道避難室，停車空間,鋼筋混凝土造,85年12月20日,十二層,
RPUNMLKMKIGGFAT09CC,22,122.03,集合住宅,鋼筋混凝土造,88年12月4日,十四層,
RPUNMLKMKIGGFAT09CC,22,35.53,走廊、辦公室、管理員室梯間、俱樂部梯間、公共空間、停車空間、防空避難室、屋頂突出物、陽台,鋼筋混凝土造,88年12月4日,十四層,
RPXOMLOJJHHGFAT86CC,15,495.81,工廠,鋼骨構造,96年1月9日,一層,
RPROMLKKJHHGFDT88CC,26,39.44,住家用,鋼筋混凝土造,85年3月4日,十六層,
RPROMLKKJHHGFDT88CC,26,14.11,公共設施,鋼筋混凝土造,85年3月4日,十六層,
RPPNMLLKJHHGFAT38CC,22,98.05,集合住宅,鋼筋混凝土造,88年12月4日,十四層,
RPPNMLLKJHHGFAT38CC,22,28.81,走廊、辦公室、管理員室梯間、俱樂部梯間、公共空間、停車空間、防空避難室、屋頂突出物、陽台,鋼筋混凝土造,88年12月4日,十四層,
RPRPMLRKJHHGFCT96CC,52,128.04,住家用,鋼筋混凝土加強磚造,58年9月24日,三層,
RPSPMLRKJHHGFCT07CC,33,173.51,住家用,鋼筋混凝土造,78年1月28日,三層,
RPWNMLOKJHHGFAT76CC,31,60.16,住商用,鋼筋混凝土造,79年11月27日,五層,
RPWNMLOKJHHGFAT76CC,31,74.71,住商用,鋼筋混凝土造,79年11月27日,五層,
RPWNMLOKJHHGFAT76CC,31,61.04,住商用,鋼筋混凝土造,79年11月27日,五層,
RPWNMLOKJHHGFAT76CC,31,73.55,住商用,鋼筋混凝土造,79年11月27日,五層,
RPVNMLTKJHHGFCT37CC,7,33.80,集合住宅,鋼筋混凝土構造,103年12月17日,七層,
RPWNMLTKJHHGFCT47CC,7,33.20,集合住宅,鋼筋混凝土構造,103年12月17日,七層,
RPOOMLTKJHHGFCT76CC,7,33.40,集合住宅,鋼筋混凝土構造,103年12月17日,七層,
RPPOMLTKJHHGFCT86CC,7,33.80,集合住宅,鋼筋混凝土構造,103年12月17日,七層,
RPQOMLTKJHHGFCT96CC,5,32.59,集合住宅,鋼筋混凝土構造,105年11月4日,七層,
RPROMLTKJHHGFCT07CC,5,30.55,集合住宅,鋼筋混凝土構造,105年11月4日,七層,
RPTOMLTKJHHGFCT27CC,5,30.29,集合住宅,鋼筋混凝土構造,105年11月4日,七層,
RPSOMLTKJHHGFCT17CC,5,30.02,集合住宅,鋼筋混凝土構造,105年11月4日,七層,
RPOQMLOLJIGGFCT56CC,5,31.81,集合住宅,鋼筋混凝土構造,105年11月4日,七層,
RPROMLPLJIGGFAT56CC,32,78.03,住商用,鋼筋混凝土造,79年4月17日,五層,
RPVOMLTKJHHGFCT47CC,5,30.55,集合住宅,鋼筋混凝土構造,105年11月4日,七層,
RPXOMLKKKIGGFAT66CC,,76.72,住家用,鋼筋混凝土造,,五層,
RPWOMLTKJHHGFCT57CC,5,30.31,集合住宅,鋼筋混凝土構造,105年11月4日,七層,
RPOPMLTKJHHGFCT86CC,5,31.81,集合住宅,鋼筋混凝土構造,105年11月4日,七層,
RPXOMLTKJHHGFCT67CC,5,30.90,集合住宅,鋼筋混凝土構造,105年11月4日,七層,
RPPPMLTKJHHGFCT96CC,5,32.59,集合住宅,鋼筋混凝土構造,105年11月4日,七層,
RPQPMLTKJHHGFCT07CC,5,29.86,集合住宅,鋼筋混凝土構造,105年11月4日,七層,
RPRPMLTKJHHGFCT17CC,5,30.03,集合住宅,鋼筋混凝土構造,105年11月4日,七層,
RPTPMLTKJHHGFCT37CC,7,29.52,集合住宅,鋼筋混凝土構造,103年12月17日,七層,
RPUPMLTKJHHGFCT47CC,7,33.50,集合住宅,鋼筋混凝土構造,103年12月17日,七層,
RPWPMLTKJHHGFCT67CC,7,33.24,集合住宅,鋼筋混凝土構造,103年12月17日,七層,
RPVOMLMLJHHGFAT66CC,32,78.03,住商用,鋼筋混凝土造,79年4月17日,五層,
RPOQMLLLJHHGFAT68CC,17,114.28,集合住宅,鋼筋混凝土造,93年9月9日,十四層,
RPOQMLLLJHHGFAT68CC,17,66.73,防空避難室、停車空間、活動中心、管理中心、警衛室、門廳、通廊,鋼筋混凝土造,93年9月9日,十四層,
RPWOMLMLJHHGFCT96CC,5,31.81,集合住宅,鋼筋混凝土構造,105年11月4日,七層,
RPUOMLMLJHHGFAT66DC,25,113.63,住家用,鋼筋混凝土造,85年12月20日,十二層,
RPUOMLMLJHHGFAT66DC,25,36.25,梯間，友誼廳，通道，重道避難室，停車空間,鋼筋混凝土造,85年12月20日,十二層,
RPXOMLMLJHHGFCT07CC,7,33.20,集合住宅,鋼筋混凝土構造,103年12月17日,七層,
RPRNMLOLJHHGFAT98CC,38,84.37,住家用,鋼筋混凝土造,73年1月4日,五層,
RPRNMLOLJHHGFAT98CC,38,13.67,樓梯及，防空避難設備,鋼筋混凝土造,73年1月4日,五層,
RPTPMLPLJHHGFAT86CC,,119.04,住家用,鋼筋混凝土加強磚造,,二層,
RPROMLQLJHHGFAT66CC,38,79.00,住家用,鋼筋混凝土造,72年11月15日,五層,
RPROMLQLJHHGFAT66CC,38,23.39,地下室，走廊，樓梯,鋼筋混凝土造,72年11月15日,五層,
RPSNMLQLJHHGFAT66CC,,118.08,住商用,鋼筋混凝土加強磚造,,二層,
RPTNMLPLJHHGFCT96DC,55,60.00,住家用,鐵筋混凝土磚造,56年3月12日,一層,
RPPOMLSJKHHGFCT86DC,1,339.39,店舖,鋼骨構造,110年2月9日,一層,
RPWPMLKKKHHGFAT66CC,,127.88,住家用,鋼筋混凝土加強磚造,,二層,
RPROMLLLKIGGFAT88CC,26,24.90,住家用,鋼筋混凝土造,85年1月10日,四層,
RPROMLLLKIGGFAT88CC,26,9.34,住家用,鋼筋混凝土造,85年1月10日,四層,
RPPOMLSLKIGGFCT96CC,5,32.59,集合住宅,鋼筋混凝土構造,105年11月4日,七層,
RPSPMLTKJHHGFCT27CC,5,32.59,集合住宅,鋼筋混凝土構造,105年11月4日,七層,
RPXOMLTKJHHGFAT47CC,22,122.28,集合住宅,鋼筋混凝土造,88年12月4日,十四層,
RPXOMLTKJHHGFAT47CC,22,35.53,走廊、辦公室、管理員室梯間、俱樂部梯間、公共空間、停車空間、防空避難室、屋頂突出物、陽台,鋼筋混凝土造,88年12月4日,十四層,
RPUPMLLLJHHGFAT56CC,39,77.00,集合住宅,鋼筋混凝土造,72年6月20日,五層,
RPUPMLLLJHHGFAT56CC,39,12.21,樓梯,鋼筋混凝土造,72年6月25日,五層,
RPOOMLSJKHHGFCT66CC,1,345.32,店舖,鋼骨構造,110年2月9日,一層,
