﻿鄉鎮市區,交易標的,土地位置建物門牌,土地移轉總面積平方公尺,都市土地使用分區,非都市土地使用分區,非都市土地使用編定,交易年月日,交易筆棟數,移轉層次,總樓層數,建物型態,主要用途,主要建材,建築完成年月,建物移轉總面積平方公尺,建物現況格局-房,建物現況格局-廳,建物現況格局-衛,建物現況格局-隔間,有無管理組織,總價元,單價元平方公尺,車位類別,車位移轉總面積平方公尺,車位總價元,備註,編號,建案名稱,棟及號
The villages and towns urban district,transaction sign,land sector position building sector house number plate,land shifting total area square meter,the use zoning or compiles and checks,the non-metropolis land use district,non-metropolis land use,transaction year month and day,transaction pen number,shifting level,total floor number,building state,main use,main building materials,construction to complete the years,building shifting total area,Building present situation pattern - room,building present situation pattern - hall,building present situation pattern - health,building present situation pattern - compartmented,Whether there is manages the organization,total price NTD,the unit price (NTD / square meter),the berth category,berth shifting total area square meter,the berth total price NTD,the note,serial number,build case,buildings
吉安鄉,房地(土地+建物),花蓮縣吉安鄉太昌路,24.29,,鄉村區,乙種建築用地,1101111,土地1建物1車位0,三層,8,華廈(10層含以下有電梯),住家用,鋼筋混凝土造,,82.8,1,1,1,有,無,5300000,64010,,0.0,0,,RPTNMLLKJIGGFAU78CB,芳澤居,A棟3號
吉安鄉,房地(土地+建物),花蓮縣吉安鄉民治路,17.72,住,,,1101111,土地1建物1車位0,三層,8,華廈(10層含以下有電梯),住家用,鋼筋混凝土造,,56.63,1,1,1,有,無,3900000,68868,,0.0,0,,RPPNMLNKJIGGFAU68DB,民治維新,1棟3E號
吉安鄉,房地(土地+建物)+車位,花蓮縣吉安鄉民治路,26.28,住,,,1101115,土地1建物1車位1,六層,8,華廈(10層含以下有電梯),住家用,鋼筋混凝土造,,101.13,2,1,1,有,無,6800000,70263,坡道平面,17.16,900000,,RPPNMLQKJIGGFAU98DB,民治維新,1棟6D號
花蓮市,房地(土地+建物)+車位,花蓮縣花蓮市榮正街,33.4,住,,,1101112,土地1建物1車位1,十二層,13,住宅大樓(11層含以上有電梯),住家用,鋼筋混凝土造,,168.1,3,2,2,有,無,13700000,87534,坡道平面,26.44,1300000,,RPPNMLSKJIGGFAU09CB,國風雲鼎,D棟12樓號
花蓮市,房地(土地+建物)+車位,花蓮縣花蓮市民生路,14.91,商,,,1101115,土地1建物1車位1,十三層,15,住宅大樓(11層含以上有電梯),住家用,鋼筋混凝土造,,111.47,3,1,2,有,無,11850000,106307,坡道平面,28.0,0,,RPQNMLMLJIGGFAU68CB,三銳海景,A棟3號
花蓮市,房地(土地+建物)+車位,花蓮縣花蓮市富吉路,21.62,商,,,1101113,土地2建物1車位1,九層,10,華廈(10層含以下有電梯),住家用,鋼筋混凝土造,,146.12,2,2,2,有,無,13880000,92786,坡道機械,5.15,800000,,RPRNMLMLJIGGFAU78CB,後站都心,B棟3號
新城鄉,房地(土地+建物),花蓮縣新城鄉新興一路,29.92,住,,,1101121,土地1建物1車位0,三層,5,華廈(10層含以下有電梯),住家用,鋼筋混凝土造,,69.71,2,1,2,有,無,3400000,48773,,0.0,0,,RPPNMLMLJIGGFAU68DB,太魯閣讚,B棟3號
花蓮市,房地(土地+建物),花蓮縣花蓮市介林二街,18.22,住,,,1101116,土地1建物1車位0,二層,5,華廈(10層含以下有電梯),住家用,鋼筋混凝土造,,31.96,1,0,1,有,無,2380000,74468,,0.0,0,,RPPNMLNLJIGGFAU68CB,祥睿建設2A,0號
吉安鄉,房地(土地+建物)+車位,花蓮縣吉安鄉東里九街,40.0,住,,,1101116,土地1建物1車位1,五層,8,華廈(10層含以下有電梯),住家用,鋼骨混凝土造,,131.56,3,2,2,有,無,8380000,63492,坡道平面,13.75,900000,,RPRNMLOLJIGGFAU98CB,荔鑫莊園二期,A2棟5A2號
新城鄉,房地(土地+建物),花蓮縣新城鄉新興一路,29.88,住,,,1101123,土地1建物1車位0,五層,5,華廈(10層含以下有電梯),住家用,鋼筋混凝土造,,67.54,2,1,2,有,無,3500000,51821,,0.0,0,,RPPNMLOLJIGGFAU88DB,太魯閣讚,A棟2號
花蓮市,房地(土地+建物),花蓮縣花蓮市中和街,26.47,住,,,1101112,土地1建物1車位0,四層,8,華廈(10層含以下有電梯),住家用,鋼筋混凝土造,,89.38,2,2,2,有,無,7240000,81002,,0.0,0,,RPPNMLTLJIGGFAU66CB,夢想A+,1棟4B號
花蓮市,房地(土地+建物)+車位,花蓮縣花蓮市中和街,26.47,住,,,1101112,土地1建物1車位1,三層,8,華廈(10層含以下有電梯),住家用,鋼筋混凝土造,,115.09,2,2,2,有,無,8710000,81786,坡道平面,25.71,1400000,,RPQNMLTLJIGGFAU76CB,夢想A+,1棟3A號
花蓮市,房地(土地+建物)+車位,花蓮縣花蓮市中和街,32.21,住,,,1101114,土地1建物1車位1,六層,8,華廈(10層含以下有電梯),住家用,鋼筋混凝土造,,135.73,3,2,2,有,無,11000000,87257,坡道平面,25.71,1400000,,RPUNMLTLJIGGFAU17CB,夢想A+,1棟6D號
花蓮市,房地(土地+建物)+車位,花蓮縣花蓮市榮正街,21.37,住,,,1101126,土地1建物1車位1,十二層,13,住宅大樓(11層含以上有電梯),住家用,鋼筋混凝土造,,116.98,2,2,2,有,無,10050000,96642,坡道平面,26.44,1300000,,RPRNMLLJKIGGFAU58CB,國風雲鼎,B棟12樓號
花蓮市,房地(土地+建物)+車位,花蓮縣花蓮市榮正街,21.69,住,,,1101122,土地1建物1車位1,十二層,13,住宅大樓(11層含以上有電梯),住家用,鋼筋混凝土造,,118.74,2,2,2,有,無,10100000,95341,坡道平面,26.44,1300000,,RPSNMLLJKIGGFAU68CB,國風雲鼎,A棟12樓號
吉安鄉,房地(土地+建物),花蓮縣吉安鄉昌隆三街,44.09,住,,,1101126,土地1建物1車位0,二層,10,華廈(10層含以下有電梯),住家用,鋼筋混凝土造,,160.05,3,2,2,有,無,10600000,66229,,0.0,0,,RPVNMLLJKIGGFAU98CB,欣悅敦峰,A棟02號
吉安鄉,房地(土地+建物)+車位,花蓮縣吉安鄉慶豐三街,30.52,住,,,1101121,土地1建物1車位1,六層,13,住宅大樓(11層含以上有電梯),住家用,鋼筋混凝土造,,128.06,2,2,2,有,無,8200000,69142,坡道平面,22.48,900000,,RPQNMLNJKIGGFAU68CB,一品苑,C棟6樓號
吉安鄉,房地(土地+建物)+車位,花蓮縣吉安鄉慶豐三街,37.73,住,,,1101128,土地1建物1車位1,五層,13,住宅大樓(11層含以上有電梯),住家用,鋼筋混凝土造,,154.12,3,2,2,有,無,10000000,68178,坡道平面,23.58,1100000,,RPRNMLNJKIGGFAU78CB,一品苑,A棟5樓號
花蓮市,房地(土地+建物),花蓮縣花蓮市華興街,111.19,住,,,1101202,土地1建物1車位0,全,4,透天厝,住家用,鋼筋混凝土造,,230.01,5,2,6,有,無,18300000,79562,,0.0,0,,RPPNMLOJKIGGFAU68CB,駿良儷園,A3棟1號
花蓮市,房地(土地+建物),花蓮縣花蓮市國盛五街,28.31,住,,,1101120,土地1建物1車位0,二層,5,華廈(10層含以下有電梯),住家用,鋼筋混凝土造,,80.61,2,2,2,有,無,6600000,81876,,0.0,0,,RPQNMLOJKIGGFAU78CB,恆大富國,1棟2樓A號
吉安鄉,房地(土地+建物)+車位,花蓮縣吉安鄉東里九街,40.0,住,,,1101123,土地1建物1車位1,六層,8,華廈(10層含以下有電梯),住家用,鋼筋混凝土造,,131.56,3,2,2,有,無,8200000,61964,坡道平面,13.75,900000,,RPXNMLQJKIGGFAU07CB,荔鑫莊園2期,1棟6FA2號
吉安鄉,房地(土地+建物)+車位,花蓮縣吉安鄉東里九街,40.0,住,,,1101124,土地1建物1車位1,七層,8,華廈(10層含以下有電梯),住家用,鋼筋混凝土造,,131.56,3,2,2,有,無,8300000,62813,坡道平面,13.75,900000,,RPOOMLQJKIGGFAU88CB,荔鑫莊園2期,1棟7FA2號
新城鄉,房地(土地+建物),花蓮縣新城鄉新興一路,29.92,住,,,1101204,土地1建物1車位0,三層,5,華廈(10層含以下有電梯),住家用,鋼筋混凝土造,,69.71,2,1,2,有,無,3600000,51643,,0.0,0,,RPPNMLQJKIGGFAU98DB,太魯閣讚,B棟6號
新城鄉,房地(土地+建物),花蓮縣新城鄉新興一路,29.88,住,,,1101123,土地1建物1車位0,四層,5,華廈(10層含以下有電梯),住家用,鋼筋混凝土造,,67.54,2,1,2,有,無,3550000,52561,,0.0,0,,RPQNMLQJKIGGFAU09DB,太魯閣讚,A棟2號
吉安鄉,房地(土地+建物)+車位,花蓮縣吉安鄉民治路,26.28,住,,,1101201,土地1建物1車位1,七層,8,華廈(10層含以下有電梯),住家用,鋼筋混凝土造,,101.13,2,1,1,有,無,6869000,71085,坡道平面,17.16,900000,,RPRNMLQJKIGGFAU56DB,民治維新,1棟7C號
花蓮市,房地(土地+建物)+車位,花蓮縣花蓮市榮正街,21.27,住,,,1101206,土地1建物1車位1,十二層,13,住宅大樓(11層含以上有電梯),住家用,鋼筋混凝土造,,116.62,2,2,2,有,無,10000000,96474,坡道平面,26.44,1300000,,RPPNMLRJKIGGFAU98CB,國風雲鼎,C棟12樓號
吉安鄉,房地(土地+建物)+車位,花蓮縣吉安鄉太昌路,38.81,,鄉村區,乙種建築用地,1101130,土地1建物1車位1,六層,8,華廈(10層含以下有電梯),住家用,鋼筋混凝土造,,166.14,3,1,2,有,無,9850000,67639,坡道平面,33.82,900000,,RPQNMLRJKIGGFAU09CB,芳澤居,D棟6號
吉安鄉,房地(土地+建物)+車位,花蓮縣吉安鄉太昌路,28.05,,鄉村區,乙種建築用地,1101206,土地1建物1車位1,四層,8,華廈(10層含以下有電梯),住家用,鋼筋混凝土造,,129.61,2,1,2,有,無,7050000,65247,坡道平面,33.82,800000,,RPRNMLRJKIGGFAU56CB,芳澤居,C棟4號
花蓮市,房地(土地+建物)+車位,花蓮縣花蓮市富吉路,10.61,商,,,1101121,土地2建物1車位1,五層,10,華廈(10層含以下有電梯),住家用,鋼筋混凝土造,,96.6,2,2,1,有,無,8550000,84746,坡道機械,5.15,800000,,RPTNMLRJKIGGFAU76CB,後站都心,F棟1號
吉安鄉,房地(土地+建物)+車位,花蓮縣吉安鄉民治路,26.28,住,,,1101123,土地1建物1車位1,六層,8,華廈(10層含以下有電梯),住家用,鋼筋混凝土造,,83.97,2,2,1,有,無,6650000,86052,坡道平面,17.15,900000,,RPPNMLSJKIGGFAU09CB,民治維新,1棟6C號
吉安鄉,房地(土地+建物)+車位,花蓮縣吉安鄉昌隆三街,26.68,住,,,1101201,土地1建物1車位1,十層,10,華廈(10層含以下有電梯),住家用,鋼筋混凝土造,,138.37,2,2,1,有,無,8400000,74319,坡道平面,41.49,1200000,,RPRNMLSJKIGGFAU66CB,欣悅敦峰,A棟05號
吉安鄉,房地(土地+建物)+車位,花蓮縣吉安鄉昌隆三街,25.72,住,,,1101202,土地1建物1車位1,十層,10,華廈(10層含以下有電梯),住家用,鋼筋混凝土造,,134.86,2,2,1,有,無,8800000,81397,坡道平面,41.49,1200000,,RPSNMLSJKIGGFAU76CB,欣悅敦峰,C棟01號
吉安鄉,房地(土地+建物),花蓮縣吉安鄉永吉一街,22.47,,鄉村區,乙種建築用地,1101124,土地1建物1車位0,四層,6,華廈(10層含以下有電梯),住家用,鋼筋混凝土造,,74.68,2,2,2,有,無,4520000,60525,,0.0,0,,RPPNMLKKKIGGFAU38CB,磬築,A棟6號
吉安鄉,房地(土地+建物),花蓮縣吉安鄉永吉一街,22.47,,鄉村區,乙種建築用地,1101124,土地1建物1車位0,六層,6,華廈(10層含以下有電梯),住家用,鋼筋混凝土造,,74.68,2,2,2,有,無,4690000,62801,,0.0,0,,RPQNMLKKKIGGFAU48CB,磬築,A棟6號
吉安鄉,房地(土地+建物)+車位,花蓮縣吉安鄉永吉一街,22.63,,鄉村區,乙種建築用地,1101124,土地1建物1車位1,六層,6,華廈(10層含以下有電梯),住家用,鋼筋混凝土造,,96.39,2,2,2,有,無,5980000,62325,一樓平面,21.3,1300000,,RPRNMLKKKIGGFAU58CB,磬築,A棟1號
吉安鄉,房地(土地+建物),花蓮縣吉安鄉民治路,26.28,住,,,1101210,土地1建物1車位0,三層,8,華廈(10層含以下有電梯),住家用,鋼筋混凝土造,,83.97,2,1,1,有,無,5580000,66452,,0.0,0,,RPPNMLLKKIGGFAU58DB,民治維新,1棟3D號
吉安鄉,房地(土地+建物)+車位,花蓮縣吉安鄉太昌路,28.05,,鄉村區,乙種建築用地,1101209,土地1建物1車位1,六層,8,華廈(10層含以下有電梯),住家用,鋼筋混凝土造,,129.61,2,1,2,有,無,7330000,67126,坡道平面,33.82,900000,,RPPNMLNKKIGGFAU68CB,芳澤居,B棟6號
新城鄉,房地(土地+建物),花蓮縣新城鄉嘉里一路,83.0,住,,,1101127,土地1建物1車位0,全,3,透天厝,住家用,鋼骨混凝土造,,162.33,4,2,5,有,無,10800000,66531,,0.0,0,,RPQNMLOKKIGGFAU88CB,以樂家園7,B棟1號
吉安鄉,房地(土地+建物)+車位,花蓮縣吉安鄉南埔四街,27.9,住,,,1101130,土地1建物1車位1,五層,5,華廈(10層含以下有電梯),住家用,鋼骨混凝土造,,90.09,2,2,2,有,無,5750000,67461,一樓平面,13.75,600000,,RPRNMLOKKIGGFAU98CB,原登一期,B棟B棟5樓號
花蓮市,房地(土地+建物),花蓮縣花蓮市富國路,41.27,住,,,1101117,土地1建物1車位0,三層,8,華廈(10層含以下有電梯),住家用,鋼筋混凝土造,,161.1,3,2,2,有,無,12500000,77592,,0.0,0,,RPPNMLPKKIGGFAU88CB,旭日天擎,B棟1號
吉安鄉,房地(土地+建物),花蓮縣吉安鄉昌隆三街,25.34,住,,,1101125,土地1建物1車位0,六層,10,華廈(10層含以下有電梯),住家用,鋼筋混凝土造,,91.91,2,2,1,有,無,6670000,72571,,0.0,0,,RPWNMLPKKIGGFAU96CB,欣悅敦峰,C棟03號
吉安鄉,房地(土地+建物),花蓮縣吉安鄉昌隆三街,25.72,住,,,1101126,土地1建物1車位0,八層,10,華廈(10層含以下有電梯),住家用,鋼筋混凝土造,,93.37,2,2,1,有,無,7020000,75185,,0.0,0,,RPOOMLPKKIGGFAU88CB,欣悅敦峰,C棟01號
吉安鄉,房地(土地+建物)+車位,花蓮縣吉安鄉中原路一段,28.0,住,,,1101120,土地2建物1車位1,三層,10,華廈(10層含以下有電梯),住家用,鋼筋混凝土造,,128.06,2,2,2,有,無,7700000,64252,坡道平面,25.34,1100000,,RPRNMLQKKIGGFAU56CB,馥鈺,D棟3樓號
吉安鄉,房地(土地+建物)+車位,花蓮縣吉安鄉慶豐三街,23.24,住,,,1101205,土地1建物1車位1,四層,13,住宅大樓(11層含以上有電梯),住家用,鋼筋混凝土造,,102.89,2,2,2,有,無,6780000,71882,坡道平面,22.48,1000000,,RPPNMLRKKIGGFAU09CB,一品苑,D棟4樓號
花蓮市,房地(土地+建物)+車位,花蓮縣花蓮市中和街,26.91,住,,,1101210,土地1建物1車位1,二層,8,華廈(10層含以下有電梯),住家用,鋼筋混凝土造,,118.74,2,2,2,有,無,9470000,84596,坡道平面,25.71,1600000,,RPPNMLTKKIGGFAU66CB,夢想A+,1棟2B號
花蓮市,房地(土地+建物)+車位,花蓮縣花蓮市中和街,26.47,住,,,1101214,土地1建物1車位1,三層,8,華廈(10層含以下有電梯),住家用,鋼筋混凝土造,,101.34,2,2,2,有,無,8890000,82121,一樓平面,11.96,1550000,,RPQNMLTKKIGGFAU76CB,夢想A+,1棟3C號
花蓮市,房地(土地+建物)+車位,花蓮縣花蓮市中和街,26.47,住,,,1101206,土地1建物1車位1,五層,8,華廈(10層含以下有電梯),住家用,鋼筋混凝土造,,115.09,2,2,2,有,無,9340000,87715,坡道平面,25.71,1500000,,RPRNMLTKKIGGFAU86CB,夢想A+,1棟5C號
花蓮市,房地(土地+建物)+車位,花蓮縣花蓮市中和街,32.21,住,,,1101206,土地1建物1車位1,二層,8,華廈(10層含以下有電梯),住家用,鋼筋混凝土造,,136.98,3,2,2,有,無,11400000,89075,一樓平面,26.96,1600000,,RPSNMLTKKIGGFAU96CB,夢想A+,1棟2D號
花蓮市,房地(土地+建物)+車位,花蓮縣花蓮市富吉路,21.62,商,,,1101204,土地2建物1車位1,四層,10,華廈(10層含以下有電梯),住家用,鋼筋混凝土造,,146.12,2,2,2,有,無,12290000,81507,坡道機械,5.15,800000,,RPPNMLKLKIGGFAU48CB,後站都心,B棟4號
吉安鄉,房地(土地+建物),花蓮縣吉安鄉仁里四街,127.0,住,,,1101213,土地2建物1車位0,全,4,透天厝,住家用,鋼筋混凝土造,,263.17,5,2,6,有,無,18800000,71437,,0.0,0,,RPQNMLKLKIGGFAU58CB,仁里新天地,1棟A號
吉安鄉,房地(土地+建物)+車位,花蓮縣花蓮市中原路二段,70.39,住,,,1101217,土地4建物2車位2,八層,9,華廈(10層含以下有電梯),住家用,鋼筋混凝土造,,299.87,4,4,4,有,無,25000000,84679,坡道平面,32.98,2400000,,RPSNMLKLKIGGFAU78CB,中原特區,1棟8F號
吉安鄉,房地(土地+建物)+車位,花蓮縣花蓮市中原路二段,35.69,住,,,1101203,土地4建物1車位1,六層,9,華廈(10層含以下有電梯),住家用,鋼筋混凝土造,,151.78,2,2,2,有,無,11800000,78350,坡道平面,16.49,1200000,,RPTNMLKLKIGGFAU88CB,中原特區,1棟6F-E2號
吉安鄉,房地(土地+建物)+車位,花蓮縣吉安鄉荳蘭三街,30.69,商,,,1101123,土地2建物1車位1,四層,11,住宅大樓(11層含以上有電梯),住家用,鋼筋混凝土造,,186.37,0,0,2,有,無,11500000,64362,坡道平面,31.0,1500000,無隔間、無地磚。共有部分面積包含主建物共有部分面積49.62平方公尺及車位面積31平方公尺。毛胚屋；,RPPNMLKLKIGGFAU58DB,吉安之星,A棟4F-3號
吉安鄉,房地(土地+建物)+車位,花蓮縣吉安鄉東海十五街,27.78,住,,,1101205,土地1建物1車位1,四層,7,華廈(10層含以下有電梯),住家用,鋼筋混凝土造,,105.24,2,2,1,有,無,6930000,65849,其他,12.77,0,,RPPNMLLLKIGGFAU58CB,夏沐(華廈),1棟4-B號
吉安鄉,房地(土地+建物)+車位,花蓮縣吉安鄉東海十五街,23.39,住,,,1101215,土地1建物1車位1,六層,7,華廈(10層含以下有電梯),住家用,鋼筋混凝土造,,90.64,2,1,1,有,無,6400000,70609,其他,12.77,0,,RPQNMLLLKIGGFAU68CB,夏沐(華廈),1棟6-D號
花蓮市,房地(土地+建物),花蓮縣花蓮市國興五街,49.38,住,,,1101209,土地1建物1車位0,五層,5,華廈(10層含以下有電梯),住家用,鋼筋混凝土造,,150.01,3,2,2,有,無,11790000,78595,,0.0,0,,RPRNMLLLKIGGFAU78CB,達觀園,1棟5A號
吉安鄉,房地(土地+建物)+車位,花蓮縣花蓮市中原路二段,34.7,住,,,1101221,土地4建物1車位1,六層,9,華廈(10層含以下有電梯),住家用,鋼筋混凝土造,,148.09,3,2,2,有,無,11500000,78267,坡道平面,16.49,1200000,,RPQNMLMLKIGGFAU78CB,中原特區,1棟6F-E1號
花蓮市,房地(土地+建物)+車位,花蓮縣花蓮市中央路四段,22.11,住,,,1101129,土地2建物1車位1,三層,5,華廈(10層含以下有電梯),住家用,鋼筋混凝土造,,85.67,2,2,2,有,無,6320000,71954,升降機械,6.87,650000,,RPSNMLMLKIGGFAU98CB,紐約-生活美學家,乙棟F號
吉安鄉,房地(土地+建物),花蓮縣吉安鄉永興村吉興路三段,86.51,,鄉村區,乙種建築用地,1101206,土地1建物1車位0,全,4,透天厝,住家用,鋼筋混凝土造,,196.91,5,2,6,有,無,12500000,63481,,0.0,0,,RPPNMLNLKIGGFAU78CB,雄鋒臻品6,A棟4號
吉安鄉,房地(土地+建物)+車位,花蓮縣吉安鄉中原路一段,33.0,住,,,1101128,土地2建物1車位1,三層,10,華廈(10層含以下有電梯),住家用,鋼筋混凝土造,,155.01,3,2,2,有,無,10900000,74420,坡道平面,25.34,1250000,,RPPNMLOLKIGGFAU88CB,馥鈺,A棟3樓號
吉安鄉,房地(土地+建物),花蓮縣吉安鄉中原路一段,28.0,住,,,1101128,土地2建物1車位0,二層,10,華廈(10層含以下有電梯),住家用,鋼筋混凝土造,,102.72,2,2,2,有,無,6920000,67368,,0.0,0,,RPQNMLOLKIGGFAU98CB,馥鈺,D棟2樓號
吉安鄉,房地(土地+建物)+車位,花蓮縣吉安鄉中原路一段,28.0,住,,,1101128,土地2建物1車位1,六層,10,華廈(10層含以下有電梯),住家用,鋼筋混凝土造,,128.06,2,2,2,有,無,9200000,79342,坡道平面,25.34,1050000,,RPRNMLOLKIGGFAU09CB,馥鈺,D棟6樓號
吉安鄉,房地(土地+建物),花蓮縣吉安鄉中原路一段,25.0,住,,,1101128,土地2建物1車位0,二層,10,華廈(10層含以下有電梯),住家用,鋼筋混凝土造,,96.6,2,2,2,有,無,7040000,72878,,0.0,0,,RPSNMLOLKIGGFAU56CB,馥鈺,E棟2樓號
新城鄉,房地(土地+建物),花蓮縣新城鄉嘉里一路,75.0,住,,,1101208,土地1建物1車位0,全,3,透天厝,住家用,鋼筋混凝土造,,162.33,4,2,3,有,無,10200000,62835,,0.0,0,,RPPNMLQLKIGGFAU56DB,以樂家園7,B棟2號
新城鄉,房地(土地+建物),花蓮縣新城鄉嘉里一路,97.0,住,,,1101128,土地1建物1車位0,全,3,透天厝,住家用,鋼筋混凝土造,,204.02,4,2,3,有,無,11380000,55779,,0.0,0,,RPQNMLRLKIGGFAU76DB,以樂家園7,A棟1號
吉安鄉,房地(土地+建物)+車位,花蓮縣吉安鄉中原路一段,33.0,住,,,1101204,土地2建物1車位1,二層,10,華廈(10層含以下有電梯),住家用,鋼筋混凝土造,,155.01,3,2,2,有,無,10400000,70178,坡道平面,25.34,1300000,,RPPNMLRLKIGGFAU56CB,馥鈺,A棟2樓號
吉安鄉,房地(土地+建物)+車位,花蓮縣吉安鄉中原路一段,33.0,住,,,1101210,土地2建物1車位1,十層,10,華廈(10層含以下有電梯),住家用,鋼筋混凝土造,,155.01,3,2,2,有,無,10770000,74960,坡道平面,25.34,1050000,,RPQNMLRLKIGGFAU66CB,馥鈺,A棟10樓號
吉安鄉,房地(土地+建物)+車位,花蓮縣吉安鄉中原路一段,25.0,住,,,1101210,土地2建物1車位1,二層,10,華廈(10層含以下有電梯),住家用,鋼筋混凝土造,,121.94,2,2,2,有,無,7990000,70807,坡道平面,25.34,1150000,,RPRNMLRLKIGGFAU76CB,馥鈺,B棟2樓號
吉安鄉,房地(土地+建物),花蓮縣吉安鄉永吉一街,22.47,,鄉村區,乙種建築用地,1101214,土地1建物1車位0,二層,6,華廈(10層含以下有電梯),住家用,鋼筋混凝土造,,74.65,2,2,2,有,無,4440000,59478,,0.0,0,,RPSNMLRLKIGGFAU86CB,磬築,A棟3號
吉安鄉,房地(土地+建物),花蓮縣吉安鄉永吉一街,22.47,,鄉村區,乙種建築用地,1101220,土地1建物1車位0,三層,6,華廈(10層含以下有電梯),住家用,鋼筋混凝土造,,74.65,2,2,2,有,無,4550000,60951,,0.0,0,,RPTNMLRLKIGGFAU96CB,磬築,A棟3號
吉安鄉,房地(土地+建物)+車位,花蓮縣吉安鄉中原路一段,33.0,住,,,1101210,土地2建物1車位1,三層,10,華廈(10層含以下有電梯),住家用,鋼筋混凝土造,,155.0,3,2,2,有,無,10670000,74194,坡道平面,25.34,1050000,,RPUNMLRLKIGGFAU07CB,馥鈺,F棟3樓號
吉安鄉,房地(土地+建物),花蓮縣吉安鄉舊村五街,93.0,住,,,1101206,土地1建物1車位0,全,3,透天厝,住家用,鋼筋混凝土造,,165.62,4,2,5,有,無,12200000,73663,,0.0,0,,RPPNMLTLKIGGFAU76CB,堡陞大地,1棟A號
花蓮市,房地(土地+建物),花蓮縣花蓮市富裕一街,22.1,住,,,1101202,土地1建物1車位0,二層,10,華廈(10層含以下有電梯),住家用,鋼筋混凝土造,,72.65,2,1,1,有,無,5200000,71576,,0.0,0,,RPUNMLTLKIGGFAU27CB,璽鈺亞崴,A棟2D號
吉安鄉,房地(土地+建物),花蓮縣吉安鄉舊村五街,89.07,住,,,1101213,土地1建物1車位0,全,3,透天厝,住家用,鋼筋混凝土造,,165.62,4,5,3,有,無,11000000,66417,,0.0,0,,RPWNMLTLKIGGFAU57DB,堡陞大地,C棟0號
吉安鄉,房地(土地+建物),花蓮縣吉安鄉舊村五街,96.0,住,,,1101207,土地1建物1車位0,全,3,透天厝,住家用,鋼筋混凝土造,,165.62,4,5,3,有,無,11800000,71247,,0.0,0,,RPXNMLTLKIGGFAU67DB,堡陞大地,E棟0號
吉安鄉,房地(土地+建物),花蓮縣吉安鄉東海十五街,23.39,住,,,1101215,土地1建物1車位0,三層,7,華廈(10層含以下有電梯),住家用,鋼筋混凝土造,,77.87,2,1,1,有,無,5200000,66778,,0.0,0,,RPPNMLKMKIGGFAU58CB,夏沐(華廈),1棟3-C號
吉安鄉,房地(土地+建物)+車位,花蓮縣吉安鄉東海十五街,23.39,住,,,1101222,土地1建物1車位1,五層,7,華廈(10層含以下有電梯),住家用,鋼筋混凝土造,,90.64,2,1,1,有,無,6300000,69506,其他,12.77,0,,RPQNMLKMKIGGFAU68CB,夏沐(華廈),1棟5-C號
吉安鄉,房地(土地+建物),花蓮縣吉安鄉昌隆三街,25.72,住,,,1101224,土地1建物1車位0,七層,10,華廈(10層含以下有電梯),住家用,鋼筋混凝土造,,93.37,2,2,1,有,無,6900000,73900,,0.0,0,,RPRNMLKMKIGGFAU78CB,欣悅敦峰,C棟05號
吉安鄉,房地(土地+建物)+車位,花蓮縣吉安鄉昌隆三街,25.34,住,,,1101226,土地1建物1車位1,五層,10,華廈(10層含以下有電梯),住家用,鋼筋混凝土造,,133.4,2,2,1,有,無,7700000,70721,坡道平面,41.49,1200000,,RPSNMLKMKIGGFAU88CB,欣悅敦峰,C棟03號
吉安鄉,房地(土地+建物),花蓮縣吉安鄉昌隆三街,25.72,住,,,1101230,土地1建物1車位0,二層,10,華廈(10層含以下有電梯),住家用,鋼筋混凝土造,,93.37,2,2,1,有,無,6600000,70687,,0.0,0,,RPTNMLKMKIGGFAU98CB,欣悅敦峰,C棟01號
花蓮市,房地(土地+建物)+車位,花蓮縣花蓮市富裕三街,10.65,商,,,1101118,土地1建物1車位1,六層,10,華廈(10層含以下有電梯),住家用,鋼筋混凝土造,,138.22,3,2,2,有,無,10080000,76555,其他,17.0,800000,,RPXNMLOJJHHGFAU76CB,晴美,A2棟2號
花蓮市,房地(土地+建物)+車位,花蓮縣花蓮市富吉路,18.12,商,,,1101219,土地2建物1車位1,四層,10,華廈(10層含以下有電梯),住家用,鋼筋混凝土造,,122.28,2,2,2,有,無,10420000,82131,坡道機械,5.15,800000,,RPPNMLPJJHHGFAU68CB,後站都心,A棟7號
花蓮市,房地(土地+建物)+車位,花蓮縣花蓮市富吉路,25.93,商,,,1101225,土地2建物1車位1,十層,10,華廈(10層含以下有電梯),住家用,鋼筋混凝土造,,174.71,3,2,2,有,無,16650000,93477,坡道機械,5.15,800000,,RPQNMLPJJHHGFAU78CB,後站都心,F棟1號
吉安鄉,房地(土地+建物)+車位,花蓮縣吉安鄉中原路一段,28.0,住,,,1101214,土地2建物1車位1,五層,10,華廈(10層含以下有電梯),住家用,鋼筋混凝土造,,128.06,2,2,2,有,無,8300000,69120,坡道平面,25.34,1200000,,RPRNMLPJJHHGFAU88CB,馥鈺,D棟5樓號
花蓮市,房地(土地+建物),花蓮縣花蓮市中興路43巷,17.77,商,,,1101227,土地2建物1車位0,九層,10,華廈(10層含以下有電梯),見其他登記事項,鋼筋混凝土造,,110.4,2,2,2,有,無,8700000,78804,,0.0,0,,RPPNMLQJJHHGFAU78CB,美崙山海灣,B棟9F號
花蓮市,房地(土地+建物),花蓮縣花蓮市德安三街,15.2,住,,,1110103,土地1建物1車位0,二層,5,華廈(10層含以下有電梯),住家用,鋼筋混凝土造,,40.31,1,1,1,有,無,2850000,70702,,0.0,0,,RPPNMLRJJHHGFAU88CB,睿品苑,2E棟0號
吉安鄉,房地(土地+建物)+車位,花蓮縣吉安鄉荳蘭三街,31.17,商,,,1101213,土地2建物1車位1,五層,11,住宅大樓(11層含以上有電梯),住家用,鋼筋混凝土造,,188.62,0,0,2,有,無,11580000,63508,坡道平面,29.9,1500000,無隔間、無地磚。共有部分面積包含主建物共有部分面積51.17平方公尺及車位面積29.9平方公尺。毛胚屋；,RPSNMLRJJHHGFAU66DB,吉安之星,A棟5F-1號
花蓮市,房地(土地+建物),花蓮縣花蓮市裕祥路,29.75,住,,,1101212,土地1建物1車位0,二層,7,華廈(10層含以下有電梯),住家用,鋼筋混凝土造,,117.26,2,2,1,有,無,8600000,73341,,0.0,0,,RPQNMLKKJHHGFAU38CB,中琉園景,A棟1號
花蓮市,房地(土地+建物)+車位,花蓮縣花蓮市裕祥路,28.39,住,,,1101212,土地1建物1車位1,三層,7,華廈(10層含以下有電梯),住家用,鋼筋混凝土造,,145.02,2,2,1,有,無,8700000,70561,坡道機械,33.06,800000,,RPRNMLKKJHHGFAU48CB,中琉園景,A棟1號
花蓮市,房地(土地+建物)+車位,花蓮縣花蓮市裕祥路,26.73,住,,,1101224,土地1建物1車位1,六層,7,華廈(10層含以下有電梯),住家用,鋼筋混凝土造,,138.42,2,2,1,有,無,8400000,72127,坡道機械,33.05,800000,,RPSNMLKKJHHGFAU58CB,中琉園景,A棟1號
吉安鄉,房地(土地+建物)+車位,花蓮縣吉安鄉永吉一街,22.47,,鄉村區,乙種建築用地,1101230,土地1建物1車位1,五層,6,華廈(10層含以下有電梯),住家用,鋼筋混凝土造,,95.98,2,2,2,有,無,5600000,57579,一樓平面,21.3,1300000,,RPUNMLKKJHHGFAU78CB,磬築,A棟6號
吉安鄉,房地(土地+建物)+車位,花蓮縣吉安鄉永吉一街,22.63,,鄉村區,乙種建築用地,1101230,土地1建物1車位1,六層,6,華廈(10層含以下有電梯),住家用,鋼筋混凝土造,,96.39,2,2,2,有,無,5620000,57531,一樓平面,21.3,1300000,,RPVNMLKKJHHGFAU88CB,磬築,A棟8號
花蓮市,房地(土地+建物)+車位,花蓮縣花蓮市德安三街,34.08,住,,,1110103,土地1建物1車位1,五層,5,華廈(10層含以下有電梯),住家用,鋼筋混凝土造,,90.49,2,2,1,有,無,7200000,88689,坡道平面,17.2,700000,,RPWNMLKKJHHGFAU98CB,睿品苑,5A棟0號
吉安鄉,房地(土地+建物),花蓮縣吉安鄉舊村五街,89.0,住,,,1110105,土地1建物1車位0,全,3,透天厝,住家用,鋼筋混凝土造,,165.62,4,5,3,有,無,11700000,70644,,0.0,0,,RPPNMLLKJHHGFAU48DB,堡陞大地,B棟0號
吉安鄉,房地(土地+建物),花蓮縣吉安鄉仁里四街,99.0,住,,,1110107,土地1建物1車位0,全,4,透天厝,住家用,鋼筋混凝土造,,218.63,5,2,6,有,無,15800000,72268,,0.0,0,,RPPNMLMKJHHGFAU48CB,仁里新天地,1棟B號
吉安鄉,房地(土地+建物)+車位,花蓮縣吉安鄉中原路一段,28.0,住,,,1101226,土地2建物1車位1,七層,10,華廈(10層含以下有電梯),住家用,鋼筋混凝土造,,128.06,2,2,2,有,無,9100000,76908,坡道平面,25.34,1200000,,RPQNMLMKJHHGFAU58CB,馥鈺,C棟7樓號
吉安鄉,房地(土地+建物)+車位,花蓮縣吉安鄉中原路一段,28.0,住,,,1101226,土地2建物1車位1,八層,10,華廈(10層含以下有電梯),住家用,鋼筋混凝土造,,128.06,2,2,2,有,無,9000000,76908,坡道平面,25.34,1100000,,RPRNMLMKJHHGFAU68CB,馥鈺,C棟8樓號
吉安鄉,房地(土地+建物),花蓮縣吉安鄉太昌路,28.05,,鄉村區,乙種建築用地,1110110,土地1建物1車位0,五層,8,華廈(10層含以下有電梯),住家用,鋼筋混凝土造,,95.79,2,1,2,有,無,6800000,70989,,0.0,0,,RPQNMLNKJHHGFAU68CB,芳澤居,B棟5號
吉安鄉,房地(土地+建物),花蓮縣吉安鄉文化八街,103.56,農,,,1110101,土地1建物1車位0,全,3,透天厝,住家用,鋼筋混凝土造,,184.38,4,2,5,有,無,13800000,74845,,0.0,0,,RPSNMLNKJHHGFAU88CB,恆大山悅,1棟F號
新城鄉,房地(土地+建物),花蓮縣新城鄉新興一路,29.88,住,,,1110108,土地1建物1車位0,二層,5,華廈(10層含以下有電梯),住家用,鋼筋混凝土造,,67.54,2,1,2,有,無,3500000,51821,,0.0,0,,RPPNMLNKJHHGFAU68DB,太魯閣讚,A棟7號
吉安鄉,房地(土地+建物)+車位,花蓮縣吉安鄉慶豐三街,37.73,住,,,1101230,土地1建物1車位1,九層,13,住宅大樓(11層含以上有電梯),住家用,鋼筋混凝土造,,154.12,3,2,2,有,無,10850000,73924,坡道平面,23.58,1200000,,RPQNMLOKJHHGFAU78CB,一品苑,A棟9樓號
吉安鄉,房地(土地+建物)+車位,花蓮縣吉安鄉慶豐三街,29.92,住,,,1101230,土地1建物1車位1,九層,13,住宅大樓(11層含以上有電梯),住家用,鋼筋混凝土造,,127.13,2,2,2,有,無,8950000,75809,坡道平面,23.58,1100000,,RPRNMLOKJHHGFAU88CB,一品苑,E棟9樓號
花蓮市,房地(土地+建物),花蓮縣花蓮市國盛五街,28.31,住,,,1101229,土地1建物1車位0,四層,5,華廈(10層含以下有電梯),住家用,鋼筋混凝土造,,80.61,2,2,2,有,無,7000000,86838,,0.0,0,,RPSNMLOKJHHGFAU98CB,恆大富國,1棟4樓A號
吉安鄉,房地(土地+建物),花蓮縣吉安鄉文化八街,151.5,農,,,1110101,土地1建物1車位0,全,3,透天厝,住家用,鋼筋混凝土造,,233.75,4,2,5,有,無,17000000,72727,,0.0,0,,RPQNMLRKJHHGFAU09CB,恆大山悅,1棟H號
吉安鄉,房地(土地+建物),花蓮縣吉安鄉文化八街,100.88,農,,,1110103,土地1建物1車位0,全,3,透天厝,住家用,鋼筋混凝土造,,151.86,3,2,4,有,無,12500000,82313,,0.0,0,,RPSNMLRKJHHGFAU66CB,恆大山悅,1棟A號
花蓮市,房地(土地+建物),花蓮縣花蓮市中原路533巷,11.36,商,,,1110108,土地1建物1車位0,四層,14,住宅大樓(11層含以上有電梯),住家用,鋼筋混凝土造,,79.59,2,2,2,有,無,6180000,77648,,0.0,0,,RPOOMLSKJHHGFAU09CB,中原學賦,C棟4樓號
吉安鄉,房地(土地+建物)+車位,花蓮縣吉安鄉吉祥1街,31.32,住,,,1110114,土地2建物1車位1,八層,14,住宅大樓(11層含以上有電梯),住家用,鋼筋混凝土造,,127.52,3,1,2,有,無,11630000,96403,坡道平面,22.44,1500000,交易總價含下列非屬預售屋價格之費用:含裝潢費；,RPPOMLSKJHHGFAU56CB,晁邦麗景,D棟D8號
玉里鎮,房地(土地+建物),花蓮縣玉里鎮福安街,99.0,住,,,1110102,土地1建物1車位0,全,3,透天厝,住家用,鋼筋混凝土造,,182.06,4,1,5,有,無,7900000,43392,,0.0,0,,RPPNMLSKJHHGFCU76DB,玉璞之星,1棟I號
玉里鎮,房地(土地+建物),花蓮縣玉里鎮福安街,99.0,住,,,1110115,土地1建物1車位0,全,3,透天厝,住家用,鋼筋混凝土造,,182.06,4,1,5,有,無,8000000,43942,,0.0,0,,RPQNMLSKJHHGFCU86DB,玉璞之星,1棟B號
新城鄉,房地(土地+建物),花蓮縣新城鄉新興一路,29.92,住,,,1110116,土地1建物0車位0,四層,5,華廈(10層含以下有電梯),住家用,鋼筋混凝土造,,69.71,2,1,2,有,無,3600000,51643,,0.0,0,,RPPNMLKLJHHGFAU48DB,太魯閣讚,B棟2號
新城鄉,房地(土地+建物),花蓮縣新城鄉新興一路,29.92,住,,,1110120,土地1建物1車位0,四層,5,華廈(10層含以下有電梯),住家用,鋼筋混凝土造,,69.49,2,1,2,有,無,3500000,50367,,0.0,0,,RPSNMLKLJHHGFAU78DB,太魯閣讚,B棟1號
新城鄉,房地(土地+建物),花蓮縣新城鄉新興一路,29.88,住,,,1110114,土地1建物0車位0,二層,5,華廈(10層含以下有電梯),住家用,鋼筋混凝土造,,67.54,2,1,2,有,無,3500000,51821,,0.0,0,,RPTNMLKLJHHGFAU88DB,太魯閣讚,A棟5號
新城鄉,房地(土地+建物),花蓮縣新城鄉新興一路,29.88,住,,,1110117,土地1建物1車位0,四層,5,華廈(10層含以下有電梯),住家用,鋼筋混凝土造,,67.54,2,1,2,有,無,3550000,52561,,0.0,0,,RPUNMLKLJHHGFAU98DB,太魯閣讚,A棟5號
花蓮市,房地(土地+建物),花蓮縣花蓮市民生路,9.03,商,,,1110107,土地1建物1車位0,二層,15,住宅大樓(11層含以上有電梯),住家用,鋼筋混凝土造,,67.81,2,1,2,有,無,5300000,78160,,0.0,0,,RPPNMLKLJHHGFAU38CB,三銳海景,A棟7號
吉安鄉,房地(土地+建物)+車位,花蓮縣吉安鄉慶豐三街,30.52,住,,,1110111,土地1建物1車位1,八層,13,住宅大樓(11層含以上有電梯),住家用,鋼筋混凝土造,,129.16,2,2,2,有,無,8980000,74635,坡道平面,23.58,1100000,,RPTNMLKLJHHGFAU78CB,一品苑,C棟8樓號
吉安鄉,房地(土地+建物),花蓮縣吉安鄉慶豐三街,30.52,住,,,1110111,土地1建物1車位0,五層,13,住宅大樓(11層含以上有電梯),住家用,鋼筋混凝土造,,105.58,2,2,2,有,無,7450000,70563,,0.0,0,,RPUNMLKLJHHGFAU88CB,一品苑,C棟5樓號
花蓮市,房地(土地+建物)+車位,花蓮縣花蓮市富吉路,17.02,商,,,1110106,土地2建物1車位1,六層,10,華廈(10層含以下有電梯),住家用,鋼筋混凝土造,,115.34,2,2,2,有,無,10220000,85489,坡道機械,5.15,800000,,RPQNMLMLJHHGFAU68CB,後站都心,C棟3號
花蓮市,房地(土地+建物)+車位,花蓮縣花蓮市中和街,26.47,住,,,1101224,土地1建物1車位1,七層,8,華廈(10層含以下有電梯),住家用,鋼筋混凝土造,,115.09,2,2,2,有,無,9400000,89505,坡道平面,25.71,1400000,,RPUNMLMLJHHGFAU09CB,夢想A+,1棟7B號
花蓮市,房地(土地+建物)+車位,花蓮縣花蓮市中和街,26.47,住,,,1110114,土地1建物1車位1,七層,8,華廈(10層含以下有電梯),住家用,鋼筋混凝土造,,115.09,2,2,2,有,無,9850000,92303,坡道平面,25.71,1600000,,RPVNMLMLJHHGFAU56CB,夢想A+,1棟7A號
花蓮市,房地(土地+建物),花蓮縣花蓮市裕祥路,26.73,住,,,1110114,土地1建物1車位0,五層,7,華廈(10層含以下有電梯),住家用,鋼筋混凝土造,,105.36,2,2,1,有,無,7650000,72608,,0.0,0,,RPWNMLMLJHHGFAU66CB,中琉園景,A棟1號
吉安鄉,房地(土地+建物)+車位,花蓮縣吉安鄉中原路一段,28.0,住,,,1110114,土地2建物0車位1,六層,10,華廈(10層含以下有電梯),住家用,鋼筋混凝土造,,128.06,2,2,2,有,無,8550000,72527,坡道平面,25.34,1100000,,RPPNMLOLJHHGFAU78CB,馥鈺,C棟6樓號
吉安鄉,房地(土地+建物)+車位,花蓮縣吉安鄉中原路一段,28.0,住,,,1110114,土地2建物0車位1,八層,10,華廈(10層含以下有電梯),住家用,鋼筋混凝土造,,128.06,2,2,2,有,無,9100000,76908,坡道平面,25.34,1200000,,RPQNMLOLJHHGFAU88CB,馥鈺,D棟8樓號
吉安鄉,房地(土地+建物)+車位,花蓮縣吉安鄉中原路一段,28.0,住,,,1110117,土地2建物1車位1,二層,10,華廈(10層含以下有電梯),住家用,鋼筋混凝土造,,128.06,2,2,2,有,無,8790000,72430,坡道平面,25.34,1350000,,RPRNMLOLJHHGFAU98CB,馥鈺,C棟2樓號
花蓮市,房地(土地+建物)+車位,花蓮縣花蓮市民權路,33.28,商,,,1110121,土地2建物1車位1,七層,10,華廈(10層含以下有電梯),住商用,鋼筋混凝土造,,263.08,3,2,2,有,無,22800000,91121,坡道平面,27.13,1300000,,RPWNMLOLJHHGFAU86CB,文華秀聚,D_7號
花蓮市,房地(土地+建物)+車位,花蓮縣花蓮市民權路,17.02,商,,,1110122,土地2建物1車位2,三層,10,華廈(10層含以下有電梯),住商用,鋼筋混凝土造,,146.55,2,2,2,有,無,10550000,77873,坡道平面,25.84,1150000,,RPXNMLOLJHHGFAU96CB,文華秀聚,G_3號
花蓮市,房地(土地+建物),花蓮縣花蓮市民權路,18.17,商,,,1110121,土地2建物1車位0,二層,10,華廈(10層含以下有電梯),住商用,鋼筋混凝土造,,128.79,2,2,2,有,無,10150000,78810,,0.0,0,,RPOOMLOLJHHGFAU78CB,文華秀聚,F_2號
吉安鄉,房地(土地+建物),花蓮縣吉安鄉文化八街,101.61,農,,,1110107,土地1建物1車位0,全,3,透天厝,住家用,鋼筋混凝土造,,184.38,4,2,5,有,無,13700000,74303,,0.0,0,,RPPOMLOLJHHGFAU88CB,恆大山悅,1棟G號
花蓮市,房地(土地+建物)+車位,花蓮縣花蓮市民權路,22.01,商,,,1110107,土地2建物1車位2,九層,10,華廈(10層含以下有電梯),住商用,鋼筋混凝土造,,181.95,3,2,2,有,無,15900000,93844,坡道平面,25.84,1250000,,RPPNMLPLJHHGFAU88CB,文華秀聚,A_9號
花蓮市,房地(土地+建物)+車位,花蓮縣花蓮市民權路,17.1,商,,,1110112,土地2建物1車位1,三層,10,華廈(10層含以下有電梯),住商用,鋼筋混凝土造,,145.04,2,2,2,有,無,10800000,79581,坡道平面,23.78,1150000,,RPQNMLPLJHHGFAU98CB,文華秀聚,E_3號
花蓮市,房地(土地+建物)+車位,花蓮縣花蓮市民權路,22.29,商,,,1110109,土地2建物1車位2,九層,10,華廈(10層含以下有電梯),住商用,鋼筋混凝土造,,190.19,3,2,2,有,無,15900000,91381,坡道平面,32.06,1450000,,RPRNMLPLJHHGFAU09CB,文華秀聚,B_9號
花蓮市,房地(土地+建物)+車位,花蓮縣花蓮市民權路,22.29,商,,,1110111,土地2建物1車位1,五層,10,華廈(10層含以下有電梯),住商用,鋼筋混凝土造,,181.91,3,2,2,有,無,14600000,85057,坡道平面,23.78,1150000,,RPSNMLPLJHHGFAU56CB,文華秀聚,B_5號
花蓮市,房地(土地+建物)+車位,花蓮縣花蓮市民權路,17.02,商,,,1110112,土地2建物1車位2,六層,10,華廈(10層含以下有電梯),住商用,鋼筋混凝土造,,146.55,2,2,2,有,無,11510000,84997,坡道平面,25.84,1250000,,RPTNMLPLJHHGFAU66CB,文華秀聚,G_6號
花蓮市,房地(土地+建物)+車位,花蓮縣花蓮市民權路,15.78,商,,,1110111,土地2建物1車位2,九層,10,華廈(10層含以下有電梯),住商用,鋼筋混凝土造,,137.74,2,2,2,有,無,11550000,92046,坡道平面,25.84,1250000,,RPUNMLPLJHHGFAU76CB,文華秀聚,C_9號
花蓮市,房地(土地+建物)+車位,花蓮縣花蓮市民權路,15.78,商,,,1110117,土地2建物1車位2,七層,10,華廈(10層含以下有電梯),住商用,鋼筋混凝土造,,137.74,2,2,2,有,無,11000000,87131,坡道平面,25.84,1250000,,RPVNMLPLJHHGFAU86CB,文華秀聚,C_7號
花蓮市,房地(土地+建物)+車位,花蓮縣花蓮市民權路,17.02,商,,,1110117,土地2建物1車位1,七層,10,華廈(10層含以下有電梯),住商用,鋼筋混凝土造,,144.49,2,2,2,有,無,11215000,84210,坡道平面,23.78,1050000,,RPWNMLPLJHHGFAU96CB,文華秀聚,G_7號
花蓮市,房地(土地+建物)+車位,花蓮縣花蓮市民權路,17.02,商,,,1110110,土地2建物1車位1,九層,10,華廈(10層含以下有電梯),住商用,鋼筋混凝土造,,144.49,2,2,2,有,無,11700000,88228,坡道平面,23.78,1050000,,RPXNMLPLJHHGFAU07CB,文華秀聚,G_9號
花蓮市,房地(土地+建物)+車位,花蓮縣花蓮市民權路,22.29,商,,,1101218,土地2建物1車位2,七層,10,華廈(10層含以下有電梯),住商用,鋼筋混凝土造,,190.2,3,2,2,有,無,14880000,85557,坡道平面,32.06,1350000,,RPVOMLPLJHHGFAU96CB,文華秀聚,B_7號
花蓮市,房地(土地+建物)+車位,花蓮縣花蓮市民權路,18.15,商,,,1101218,土地2建物1車位1,十層,10,華廈(10層含以下有電梯),住商用,鋼筋混凝土造,,159.74,2,2,2,有,無,12890000,89991,坡道平面,30.95,1300000,,RPWOMLPLJHHGFAU07CB,文華秀聚,F_10號
花蓮市,房地(土地+建物)+車位,花蓮縣花蓮市民權路,17.1,商,,,1101223,土地2建物1車位2,六層,10,華廈(10層含以下有電梯),住商用,鋼筋混凝土造,,147.1,2,2,2,有,無,11700000,85354,坡道平面,25.84,1350000,,RPXOMLPLJHHGFAU17CB,文華秀聚,E_6號
花蓮市,房地(土地+建物)+車位,花蓮縣花蓮市民權路,22.01,商,,,1101218,土地2建物1車位1,十層,10,華廈(10層含以下有電梯),住商用,鋼筋混凝土造,,179.89,3,2,2,有,無,15780000,93716,坡道平面,23.78,1150000,,RPOPMLPLJHHGFAU98CB,文華秀聚,A_10號
花蓮市,房地(土地+建物)+車位,花蓮縣花蓮市民權路,17.1,商,,,1101221,土地2建物1車位1,五層,10,華廈(10層含以下有電梯),住商用,鋼筋混凝土造,,145.04,2,2,2,有,無,11035000,80694,坡道平面,23.78,1250000,,RPPPMLPLJHHGFAU09CB,文華秀聚,E_5號
花蓮市,房地(土地+建物)+車位,花蓮縣花蓮市民權路,17.1,商,,,1101225,土地2建物1車位2,四層,10,華廈(10層含以下有電梯),住商用,鋼筋混凝土造,,154.27,2,2,2,有,無,11000000,78344,坡道平面,33.01,1500000,,RPQPMLPLJHHGFAU56CB,文華秀聚,E_4號
花蓮市,房地(土地+建物)+車位,花蓮縣花蓮市民權路,17.02,商,,,1101221,土地2建物1車位1,八層,10,華廈(10層含以下有電梯),住商用,鋼筋混凝土造,,144.49,2,2,2,有,無,11600000,86571,坡道平面,23.78,1150000,,RPRPMLPLJHHGFAU66CB,文華秀聚,G_8號
吉安鄉,房地(土地+建物),花蓮縣吉安鄉永吉一街,22.47,,鄉村區,乙種建築用地,1110113,土地1建物1車位0,三層,6,華廈(10層含以下有電梯),住家用,鋼筋混凝土造,,74.68,2,2,2,有,無,4460000,59721,,0.0,0,,RPPNMLQLJHHGFAU98CB,磬築,A棟6號
吉安鄉,房地(土地+建物),花蓮縣吉安鄉永吉一街,22.47,,鄉村區,乙種建築用地,1110124,土地1建物1車位0,四層,6,華廈(10層含以下有電梯),住家用,鋼筋混凝土造,,74.65,2,2,2,有,無,4500000,60281,,0.0,0,,RPRNMLQLJHHGFAU56CB,磬築,A棟3號
花蓮市,房地(土地+建物),花蓮縣花蓮市德安三街,20.27,住,,,1110103,土地1建物1車位0,三層,5,華廈(10層含以下有電梯),住家用,鋼筋混凝土造,,53.84,1,1,1,有,無,3900000,72437,,0.0,0,,RPTNMLQLJHHGFAU76CB,睿品苑,3F棟0號
花蓮市,房地(土地+建物)+車位,花蓮縣花蓮市民權路,22.01,商,,,1110125,土地2建物1車位2,八層,10,華廈(10層含以下有電梯),住商用,鋼筋混凝土造,,187.69,3,2,2,有,無,15175000,88233,坡道平面,31.57,1400000,,RPUNMLQLJHHGFAU86CB,文華秀聚,A_8號
花蓮市,房地(土地+建物)+車位,花蓮縣花蓮市民權路,22.36,商,,,1110125,土地2建物1車位2,十層,10,華廈(10層含以下有電梯),住商用,鋼筋混凝土造,,188.22,3,2,2,有,無,16320000,93466,坡道平面,29.66,1500000,,RPVNMLQLJHHGFAU96CB,文華秀聚,B_10號
花蓮市,房地(土地+建物)+車位,花蓮縣花蓮市民權路,32.1,商,,,1110126,土地2建物1車位2,九層,10,華廈(10層含以下有電梯),住商用,鋼筋混凝土造,,253.45,3,2,2,有,無,22950000,95778,坡道平面,25.84,1150000,,RPWNMLQLJHHGFAU07CB,文華秀聚,D_9號
花蓮市,房地(土地+建物),花蓮縣花蓮市民生路,9.03,商,,,1110123,土地1建物1車位0,八層,15,住宅大樓(11層含以上有電梯),住家用,鋼筋混凝土造,,67.81,2,1,2,有,無,5600000,82584,,0.0,0,,RPXNMLQLJHHGFAU17CB,三銳海景,A棟7號
吉安鄉,房地(土地+建物),花蓮縣吉安鄉昌隆三街,32.73,住,,,1110113,土地1建物1車位0,九層,10,華廈(10層含以下有電梯),住家用,鋼筋混凝土造,,118.79,3,2,2,有,無,9000000,75764,,0.0,0,,RPQOMLQLJHHGFAU56CB,欣悅敦峰,B棟02號
吉安鄉,房地(土地+建物),花蓮縣吉安鄉昌隆三街,25.72,住,,,1110115,土地1建物1車位0,九層,10,華廈(10層含以下有電梯),住家用,鋼筋混凝土造,,93.37,2,2,1,有,無,7200000,77113,,0.0,0,,RPROMLQLJHHGFAU66CB,欣悅敦峰,C棟05號
吉安鄉,房地(土地+建物),花蓮縣吉安鄉中正路二段,47.49,,特定農業區,甲種建築用地,1101230,土地1建物1車位0,全,4,透天厝,住家用,鋼筋混凝土造,,135.67,3,2,4,有,無,9400000,69286,,0.0,0,,RPPNMLRLJHHGFAU09CB,以樂家園8A,1棟A1號
吉安鄉,房地(土地+建物)+車位,花蓮縣吉安鄉東海十五街,23.39,住,,,1110124,土地1建物1車位1,六層,7,華廈(10層含以下有電梯),住家用,鋼筋混凝土造,,90.64,2,1,1,有,無,6400000,77726,其他,12.77,347500,,RPQNMLRLJHHGFAU56CB,夏沐(華廈),1棟6-C號
吉安鄉,房地(土地+建物),花蓮縣吉安鄉福興五街,90.32,住,,,1110110,土地1建物1車位0,全,4,透天厝,住家用,鋼筋混凝土造,,194.26,4,2,4,有,無,12800000,65891,,0.0,0,,RPRNMLRLJHHGFAU66CB,欣悅拾光,B棟02號
吉安鄉,房地(土地+建物),花蓮縣吉安鄉自立路二段75巷,117.33,住,,,1110115,土地1建物1車位0,全,3,透天厝,住家用,鋼筋混凝土造,,237.65,3,3,4,有,無,20000000,84157,,0.0,0,,RPTNMLRJKHHGFAU76CB,金都立園,A棟5號
吉安鄉,房地(土地+建物),花蓮縣吉安鄉自立路二段75巷,113.43,住,,,1101213,土地1建物1車位0,全,3,透天厝,住家用,鋼筋混凝土造,,237.65,3,3,4,有,無,20000000,84157,,0.0,0,,RPUNMLRJKHHGFAU86CB,金都立園,A棟2號
吉安鄉,房地(土地+建物),花蓮縣吉安鄉自立路二段75巷,121.7,住,,,1101216,土地1建物1車位0,全,3,透天厝,住家用,鋼筋混凝土造,,233.03,3,3,4,有,無,19500000,83680,,0.0,0,,RPVNMLRJKHHGFAU96CB,金都立園,A棟17號
花蓮市,房地(土地+建物)+車位,花蓮縣花蓮市中原路533巷,17.54,商,,,1110112,土地1建物1車位1,十四層,14,住宅大樓(11層含以上有電梯),住家用,鋼筋混凝土造,,146.07,3,2,2,有,無,14030000,101114,一樓平面,23.14,1600000,,RPWNMLRJKHHGFAU07CB,中原學賦,A棟14樓號
花蓮市,房地(土地+建物)+車位,花蓮縣花蓮市中原路533巷,17.54,商,,,1110112,土地1建物1車位1,十四層,14,住宅大樓(11層含以上有電梯),住家用,鋼筋混凝土造,,146.07,3,2,2,有,無,13770000,100220,一樓平面,23.14,1450000,,RPXNMLRJKHHGFAU17CB,中原學賦,B棟14樓號
花蓮市,房地(土地+建物),花蓮縣花蓮市中原路533巷,11.36,商,,,1110116,土地1建物1車位0,五層,14,住宅大樓(11層含以上有電梯),住家用,鋼筋混凝土造,,79.59,2,2,2,有,無,6600000,82925,,0.0,0,,RPOOMLRJKHHGFAU98CB,中原學賦,C棟5樓號
新城鄉,房地(土地+建物),花蓮縣新城鄉新興一路,29.88,住,,,1110207,土地1建物0車位0,四層,5,華廈(10層含以下有電梯),住家用,鋼筋混凝土造,,67.54,2,1,2,有,無,3600000,53302,,0.0,0,,RPPNMLRJKHHGFAU09DB,太魯閣讚,A棟6號
花蓮市,房地(土地+建物),花蓮縣花蓮市富陽路,12.92,住,,,1110115,土地1建物1車位0,五層,7,華廈(10層含以下有電梯),住家用,鋼筋混凝土造,,52.42,1,1,1,有,無,4202000,80160,,0.0,0,,RPPNMLSJKHHGFAU09CB,風華居二期,1棟5B號
花蓮市,房地(土地+建物),花蓮縣花蓮市富陽路,12.96,住,,,1110117,土地1建物1車位0,五層,7,華廈(10層含以下有電梯),住家用,鋼筋混凝土造,,52.59,1,1,1,有,無,4210000,80053,,0.0,0,,RPQNMLSJKHHGFAU56CB,風華居二期,1棟5C號
花蓮市,房地(土地+建物),花蓮縣花蓮市富陽路,27.53,住,,,1110126,土地1建物1車位0,五層,7,華廈(10層含以下有電梯),住家用,鋼筋混凝土造,,111.73,2,2,2,有,無,8957000,80166,,0.0,0,,RPRNMLSJKHHGFAU66CB,風華居二期,1棟5A號
花蓮市,房地(土地+建物)+車位,花蓮縣花蓮市富吉路,17.12,商,,,1110112,土地2建物1車位1,十層,10,華廈(10層含以下有電梯),住家用,鋼筋混凝土造,,120.67,0,0,0,無,無,11620000,93672,坡道機械,5.16,800000,,RPPNMLTJKHHGFAU56CB,後站都心,1棟C號
吉安鄉,房地(土地+建物)+車位,花蓮縣吉安鄉慶豐三街,37.73,住,,,1110117,土地1建物1車位2,十一層,13,住宅大樓(11層含以上有電梯),住家用,鋼筋混凝土造,,177.7,3,2,2,有,無,12170000,75609,坡道平面,47.16,2300000,,RPQNMLTJKHHGFAU66CB,一品苑,A棟11樓號
吉安鄉,房地(土地+建物),花蓮縣吉安鄉慶豐三街,23.24,住,,,1110117,土地1建物1車位0,十一層,13,住宅大樓(11層含以上有電梯),住家用,鋼筋混凝土造,,80.41,2,2,2,有,無,6270000,77975,,0.0,0,,RPRNMLTJKHHGFAU76CB,一品苑,D棟11樓號
吉安鄉,房地(土地+建物),花蓮縣吉安鄉永興村吉興路三段,86.75,,鄉村區,乙種建築用地,1110126,土地1建物1車位0,全,4,透天厝,住家用,鋼筋混凝土造,,202.3,5,2,6,有,無,12700000,62778,,0.0,0,,RPSNMLTJKHHGFAU86CB,雄鋒臻品6,A棟3號
新城鄉,房地(土地+建物),花蓮縣新城鄉新興一路,29.92,住,,,1110210,土地1建物1車位0,一層,5,華廈(10層含以下有電梯),住家用,鋼筋混凝土造,,62.82,2,1,2,有,無,3700000,58898,,0.0,0,,RPPNMLKKKHHGFAU48DB,太魯閣讚,B棟5號
吉安鄉,房地(土地+建物)+車位,花蓮縣吉安鄉慶豐三街,29.92,住,,,1110122,土地1建物1車位1,五層,13,住宅大樓(11層含以上有電梯),住家用,鋼筋混凝土造,,127.13,2,2,2,有,無,8600000,72429,坡道平面,23.58,1100000,,RPPNMLLKKHHGFAU48CB,一品苑,E棟5樓號
吉安鄉,房地(土地+建物)+車位,花蓮縣吉安鄉慶豐三街,37.73,住,,,1110120,土地1建物1車位1,七層,13,住宅大樓(11層含以上有電梯),住家用,鋼筋混凝土造,,154.12,3,2,2,有,無,10500000,71243,坡道平面,23.58,1200000,,RPQNMLLKKHHGFAU58CB,一品苑,A棟7樓號
吉安鄉,房地(土地+建物)+車位,花蓮縣花蓮市中原路二段,35.69,住,,,1110208,土地4建物0車位1,七層,9,華廈(10層含以下有電梯),住家用,鋼筋混凝土造,,151.78,2,2,2,有,無,12200000,81307,坡道平面,16.49,1200000,,RPPNMLOKKHHGFAU78CB,中原特區,1棟7F-E2號
吉安鄉,房地(土地+建物)+車位,花蓮縣吉安鄉太昌路,28.05,,鄉村區,乙種建築用地,1110209,土地1建物1車位1,五層,8,華廈(10層含以下有電梯),住家用,鋼筋混凝土造,,129.61,2,1,2,有,無,7700000,70989,坡道平面,33.82,900000,,RPPNMLPKKHHGFAU88CB,芳澤居,C棟5號
花蓮市,房地(土地+建物),花蓮縣花蓮市中原路533巷,11.57,商,,,1110124,土地1建物1車位0,四層,14,住宅大樓(11層含以上有電梯),住家用,鋼筋混凝土造,,81.05,2,2,2,有,無,6180000,76249,,0.0,0,,RPRNMLPKKHHGFAU09CB,中原學賦,D棟4樓號
吉安鄉,房地(土地+建物),花蓮縣吉安鄉民治路,26.28,住,,,1110210,土地1建物1車位0,三層,8,華廈(10層含以下有電梯),住家用,鋼筋混凝土造,,83.97,2,1,1,有,無,5800000,69072,,0.0,0,,RPPNMLPKKHHGFAU98DB,民治維新,1棟3C號
吉安鄉,房地(土地+建物)+車位,花蓮縣吉安鄉中原路一段,28.0,住,,,1110119,土地2建物1車位1,四層,10,華廈(10層含以下有電梯),住家用,鋼筋混凝土造,,128.06,2,2,2,有,無,8500000,71067,坡道平面,25.34,1200000,,RPPNMLQKKHHGFAU98CB,馥鈺,D棟4樓號
吉安鄉,房地(土地+建物)+車位,花蓮縣吉安鄉中原路一段,33.0,住,,,1110120,土地2建物1車位1,六層,10,華廈(10層含以下有電梯),住家用,鋼筋混凝土造,,155.01,3,2,2,有,無,10800000,74034,坡道平面,25.34,1200000,,RPQNMLQKKHHGFAU09CB,馥鈺,F棟6樓號
吉安鄉,房地(土地+建物)+車位,花蓮縣吉安鄉慶豐三街,23.24,住,,,1110203,土地1建物1車位1,十二層,13,住宅大樓(11層含以上有電梯),住家用,鋼筋混凝土造,,103.99,2,2,2,有,無,7400000,78348,坡道平面,23.58,1100000,,RPRNMLQKKHHGFAU56CB,一品苑,D棟12樓號
吉安鄉,房地(土地+建物),花蓮縣吉安鄉福興一街,31.27,住,,,1110126,土地3建物1車位0,三層,5,華廈(10層含以下有電梯),住家用,鋼筋混凝土造,,82.67,2,2,1,有,無,5206000,62973,,0.0,0,,RPQNMLOLKHHGFAU09DB,福興之星,E棟3E1號
花蓮市,房地(土地+建物),花蓮縣花蓮市民生路,9.03,商,,,1110208,土地1建物0車位0,六層,15,住宅大樓(11層含以上有電梯),住家用,鋼筋混凝土造,,67.81,2,1,2,有,無,5700000,84058,,0.0,0,,RPQNMLPLKHHGFAU09CB,三銳海景,A棟7號
新城鄉,房地(土地+建物),花蓮縣新城鄉嘉南路,128.63,農,,,1110207,土地1建物1車位0,全,3,透天厝,住家用,鋼筋混凝土造,,258.2,4,3,5,有,無,20000010,77459,,0.0,0,,RPPNMLRJLHHGFAU09CB,登峰一號院,1棟A號
新城鄉,房地(土地+建物)+車位,花蓮縣新城鄉復興路,271.1,農,,,1110128,土地5建物1車位1,全,3,透天厝,住家用,鋼筋混凝土造,,274.3,3,2,4,有,無,18500000,69560,坡道平面,13.72,374000,,RPPNMLSJLHHGFAU56CB,藝川天闊AB區,B棟03號
花蓮市,房地(土地+建物)+車位,花蓮縣花蓮市延平街148巷3弄,30.27,住,,,1101130,土地3建物1車位1,四層,5,華廈(10層含以下有電梯),住家用,鋼筋混凝土造,,88.25,2,1,1,有,無,7800000,84237,一樓平面,9.9,1200000,,RPTNMLMLLHHGFAU56CB,知築,C棟4號
新城鄉,房地(土地+建物),花蓮縣新城鄉嘉南路,121.44,農,,,1101215,土地1建物1車位0,全,3,透天厝,住家用,鋼筋混凝土造,,257.92,4,3,5,有,無,19300000,74829,,0.0,0,,RPSNMLOLLHHGFAU66CB,登峰一號院,1棟D號
新城鄉,房地(土地+建物),花蓮縣新城鄉嘉南路,124.01,農,,,1101214,土地1建物1車位0,全,3,透天厝,住家用,鋼筋混凝土造,,259.44,4,3,5,有,無,21000000,80944,,0.0,0,,RPTNMLOLLHHGFAU76CB,登峰一號院,1棟E號
吉安鄉,房地(土地+建物)+車位,花蓮縣吉安鄉民治路,27.99,住,,,1101216,土地1建物1車位1,二層,8,華廈(10層含以下有電梯),住家用,鋼筋混凝土造,,106.31,2,2,2,有,無,6800000,66181,坡道平面,17.16,900000,,RPPNMLSLLHHGFAU86DB,民治維新,1棟2A號
吉安鄉,房地(土地+建物),花蓮縣吉安鄉民治路,27.79,住,,,1101230,土地1建物1車位0,二層,8,華廈(10層含以下有電梯),住家用,鋼骨混凝土造,,88.89,2,2,2,有,無,6100000,68624,,0.0,0,,RPQNMLSLLHHGFAU96DB,民治維新,1棟2B號
吉安鄉,房地(土地+建物)+車位,花蓮縣吉安鄉民治路,26.28,住,,,1101225,土地1建物1車位1,四層,8,華廈(10層含以下有電梯),住家用,鋼骨混凝土造,,101.13,2,1,1,有,無,6450000,66095,坡道平面,17.16,900000,,RPRNMLSLLHHGFAU07DB,民治維新,1棟4D號
花蓮市,房地(土地+建物)+車位,花蓮縣花蓮市富吉路,21.62,商,,,1101218,土地2建物1車位1,三層,10,華廈(10層含以下有電梯),住家用,鋼筋混凝土造,,146.11,2,2,2,有,無,12070000,79952,坡道機械,5.15,800000,,RPWNMLLMLHHGFAU86CB,後站都心,B棟6號
花蓮市,房地(土地+建物)+車位,花蓮縣花蓮市國盛八街,32.88,住,,,1110117,土地2建物1車位1,三層,5,華廈(10層含以下有電梯),住家用,鋼筋混凝土造,,119.83,2,2,2,有,無,7880000,74123,一樓平面,28.36,1100000,,RPSNMLOKMHHGFAU66CB,?悅,A1棟3樓號
花蓮市,房地(土地+建物),花蓮縣花蓮市光復街,9.2,商,,,1101206,土地1建物1車位0,二層,9,華廈(10層含以下有電梯),住家用,鋼筋混凝土造,,59.48,1,1,1,有,無,4580000,77001,,0.0,0,,RPPNMLKLMHHGFAU78DB,麗晶,1棟A1-2F號
花蓮市,房地(土地+建物),花蓮縣花蓮市光復街,11.46,商,,,1101206,土地1建物1車位0,二層,9,華廈(10層含以下有電梯),住家用,鋼筋混凝土造,,74.21,2,1,1,有,無,5720000,77079,,0.0,0,,RPQNMLKLMHHGFAU88DB,麗晶,1棟A2-2F號
花蓮市,房地(土地+建物),花蓮縣花蓮市光復街,8.52,商,,,1101214,土地1建物1車位0,二層,9,華廈(10層含以下有電梯),住家用,鋼筋混凝土造,,55.26,1,1,1,有,無,4090000,74014,,0.0,0,,RPSNMLKLMHHGFAU09DB,麗晶,1棟A4-2F號
花蓮市,房地(土地+建物),花蓮縣花蓮市光復街,9.2,商,,,1101209,土地1建物1車位0,三層,9,華廈(10層含以下有電梯),住家用,鋼筋混凝土造,,59.48,1,1,1,有,無,4620000,77673,,0.0,0,,RPTNMLKLMHHGFAU56DB,麗晶,1棟A1-3F號
花蓮市,房地(土地+建物),花蓮縣花蓮市光復街,11.46,商,,,1101201,土地1建物1車位0,三層,9,華廈(10層含以下有電梯),住家用,鋼筋混凝土造,,74.21,2,1,1,有,無,5600000,75462,,0.0,0,,RPUNMLKLMHHGFAU66DB,麗晶,1棟A2-3F號
花蓮市,房地(土地+建物),花蓮縣花蓮市光復街,11.16,商,,,1101201,土地1建物1車位0,三層,9,華廈(10層含以下有電梯),住家用,鋼筋混凝土造,,72.03,2,1,1,有,無,5580000,77468,,0.0,0,,RPVNMLKLMHHGFAU76DB,麗晶,1棟A3-3F號
花蓮市,房地(土地+建物),花蓮縣花蓮市光復街,8.34,商,,,1101213,土地1建物1車位0,三層,9,華廈(10層含以下有電梯),住家用,鋼筋混凝土造,,53.77,1,1,1,有,無,3980000,74019,,0.0,0,,RPWNMLKLMHHGFAU86DB,麗晶,1棟A6-3F號
花蓮市,房地(土地+建物),花蓮縣花蓮市光復街,11.46,商,,,1101201,土地1建物1車位0,三層,9,華廈(10層含以下有電梯),住家用,鋼筋混凝土造,,74.06,2,1,1,有,無,5550000,74939,,0.0,0,,RPXNMLKLMHHGFAU96DB,麗晶,1棟A7-3F號
花蓮市,房地(土地+建物),花蓮縣花蓮市光復街,9.5,商,,,1101202,土地1建物1車位0,三層,9,華廈(10層含以下有電梯),住家用,鋼筋混凝土造,,61.35,2,1,1,有,無,4650000,75795,,0.0,0,,RPOOMLKLMHHGFAU78DB,麗晶,1棟A8-3F號
花蓮市,房地(土地+建物),花蓮縣花蓮市光復街,9.2,商,,,1101209,土地1建物1車位0,四層,9,華廈(10層含以下有電梯),住家用,鋼筋混凝土造,,59.48,1,1,1,有,無,4600000,77337,,0.0,0,,RPPOMLKLMHHGFAU88DB,麗晶,1棟A1-4F號
花蓮市,房地(土地+建物),花蓮縣花蓮市光復街,11.46,商,,,1101209,土地1建物1車位0,四層,9,華廈(10層含以下有電梯),住家用,鋼筋混凝土造,,74.21,2,1,1,有,無,5700000,76809,,0.0,0,,RPQOMLKLMHHGFAU98DB,麗晶,1棟A2-4F號
花蓮市,房地(土地+建物),花蓮縣花蓮市光復街,11.16,商,,,1101201,土地1建物1車位0,四層,9,華廈(10層含以下有電梯),住家用,鋼筋混凝土造,,72.03,2,1,1,有,無,5670000,78717,,0.0,0,,RPROMLKLMHHGFAU09DB,麗晶,1棟A3-4F號
花蓮市,房地(土地+建物),花蓮縣花蓮市光復街,8.52,商,,,1101220,土地1建物1車位0,四層,9,華廈(10層含以下有電梯),住家用,鋼筋混凝土造,,55.26,1,1,1,有,無,4050000,73290,,0.0,0,,RPSOMLKLMHHGFAU56DB,麗晶,1棟A4-4F號
花蓮市,房地(土地+建物),花蓮縣花蓮市光復街,8.34,商,,,1101215,土地1建物1車位0,四層,9,華廈(10層含以下有電梯),住家用,鋼筋混凝土造,,53.77,1,1,1,有,無,4000000,74391,,0.0,0,,RPTOMLKLMHHGFAU66DB,麗晶,1棟A6-4F號
花蓮市,房地(土地+建物),花蓮縣花蓮市光復街,11.46,商,,,1101203,土地1建物1車位0,四層,9,華廈(10層含以下有電梯),住家用,鋼筋混凝土造,,74.06,2,1,1,有,無,5600000,75614,,0.0,0,,RPUOMLKLMHHGFAU76DB,麗晶,1棟A7-4F號
花蓮市,房地(土地+建物),花蓮縣花蓮市光復街,9.5,商,,,1101217,土地1建物1車位0,四層,9,華廈(10層含以下有電梯),住家用,鋼筋混凝土造,,61.35,2,1,1,有,無,4680000,76284,,0.0,0,,RPVOMLKLMHHGFAU86DB,麗晶,1棟A8-4F號
花蓮市,房地(土地+建物),花蓮縣花蓮市光復街,9.2,商,,,1101213,土地1建物1車位0,五層,9,華廈(10層含以下有電梯),住家用,鋼筋混凝土造,,59.48,1,1,1,有,無,4600000,77337,,0.0,0,,RPWOMLKLMHHGFAU96DB,麗晶,1棟A1-5F號
花蓮市,房地(土地+建物),花蓮縣花蓮市光復街,11.46,商,,,1101204,土地1建物1車位0,五層,9,華廈(10層含以下有電梯),住家用,鋼筋混凝土造,,74.21,2,1,1,有,無,5700000,76809,,0.0,0,,RPXOMLKLMHHGFAU07DB,麗晶,1棟A2-5F號
花蓮市,房地(土地+建物),花蓮縣花蓮市光復街,8.52,商,,,1101201,土地1建物1車位0,五層,9,華廈(10層含以下有電梯),住家用,鋼筋混凝土造,,55.26,1,1,1,有,無,4180000,75642,,0.0,0,,RPOPMLKLMHHGFAU88DB,麗晶,1棟A4-5F號
花蓮市,房地(土地+建物),花蓮縣花蓮市光復街,8.34,商,,,1101213,土地1建物1車位0,五層,9,華廈(10層含以下有電梯),住家用,鋼筋混凝土造,,53.77,1,1,1,有,無,4000000,74391,,0.0,0,,RPPPMLKLMHHGFAU98DB,麗晶,1棟A6-5F號
花蓮市,房地(土地+建物),花蓮縣花蓮市光復街,9.5,商,,,1101208,土地1建物1車位0,五層,9,華廈(10層含以下有電梯),住家用,鋼筋混凝土造,,61.35,2,1,1,有,無,4780000,77914,,0.0,0,,RPQPMLKLMHHGFAU09DB,麗晶,1棟A8-5F號
花蓮市,房地(土地+建物),花蓮縣花蓮市光復街,11.46,商,,,1101204,土地1建物1車位0,六層,9,華廈(10層含以下有電梯),住家用,鋼筋混凝土造,,74.21,2,1,1,有,無,5800000,78157,,0.0,0,,RPRPMLKLMHHGFAU56DB,麗晶,1棟A2-6F號
花蓮市,房地(土地+建物),花蓮縣花蓮市光復街,11.16,商,,,1101215,土地1建物1車位0,六層,9,華廈(10層含以下有電梯),住家用,鋼筋混凝土造,,72.03,2,1,1,有,無,5600000,77745,,0.0,0,,RPSPMLKLMHHGFAU66DB,麗晶,1棟A3-6F號
花蓮市,房地(土地+建物),花蓮縣花蓮市光復街,8.52,商,,,1101215,土地1建物1車位0,六層,9,華廈(10層含以下有電梯),住家用,鋼筋混凝土造,,55.26,1,1,1,有,無,4100000,74195,,0.0,0,,RPTPMLKLMHHGFAU76DB,麗晶,1棟A4-6F號
花蓮市,房地(土地+建物),花蓮縣花蓮市光復街,8.4,商,,,1101204,土地1建物1車位0,六層,9,華廈(10層含以下有電梯),住家用,鋼筋混凝土造,,54.36,1,1,1,有,無,4350000,80022,,0.0,0,,RPUPMLKLMHHGFAU86DB,麗晶,1棟A5-6F號
花蓮市,房地(土地+建物),花蓮縣花蓮市光復街,8.34,商,,,1101201,土地1建物1車位0,六層,9,華廈(10層含以下有電梯),住家用,鋼筋混凝土造,,53.77,1,1,1,有,無,4100000,76251,,0.0,0,,RPVPMLKLMHHGFAU96DB,麗晶,1棟A6-6F號
花蓮市,房地(土地+建物),花蓮縣花蓮市光復街,11.46,商,,,1101203,土地1建物1車位0,六層,9,華廈(10層含以下有電梯),住家用,鋼筋混凝土造,,74.06,2,1,1,有,無,5600000,75614,,0.0,0,,RPWPMLKLMHHGFAU07DB,麗晶,1棟A7-6F號
花蓮市,房地(土地+建物),花蓮縣花蓮市光復街,9.5,商,,,1101207,土地1建物1車位0,六層,9,華廈(10層含以下有電梯),住家用,鋼筋混凝土造,,61.35,2,1,1,有,無,4850000,79055,,0.0,0,,RPXPMLKLMHHGFAU17DB,麗晶,1棟A8-6F號
花蓮市,房地(土地+建物),花蓮縣花蓮市光復街,8.52,商,,,1101207,土地1建物1車位0,七層,9,華廈(10層含以下有電梯),住家用,鋼筋混凝土造,,55.26,1,1,1,有,無,4250000,76909,,0.0,0,,RPOQMLKLMHHGFAU98DB,麗晶,1棟A4-7F號
花蓮市,房地(土地+建物),花蓮縣花蓮市光復街,8.4,商,,,1101209,土地1建物1車位0,七層,9,華廈(10層含以下有電梯),住家用,鋼筋混凝土造,,54.36,1,1,1,有,無,4250000,78182,,0.0,0,,RPPQMLKLMHHGFAU09DB,麗晶,1棟A5-7F號
花蓮市,房地(土地+建物),花蓮縣花蓮市光復街,8.34,商,,,1101213,土地1建物1車位0,七層,9,華廈(10層含以下有電梯),住家用,鋼筋混凝土造,,53.77,1,1,1,有,無,4100000,76251,,0.0,0,,RPQQMLKLMHHGFAU56DB,麗晶,1棟A6-7F號
花蓮市,房地(土地+建物),花蓮縣花蓮市光復街,9.5,商,,,1101207,土地1建物1車位0,七層,9,華廈(10層含以下有電梯),住家用,鋼筋混凝土造,,61.35,2,1,1,有,無,4950000,80685,,0.0,0,,RPRQMLKLMHHGFAU66DB,麗晶,1棟A8-7F號
花蓮市,房地(土地+建物),花蓮縣花蓮市光復街,9.2,商,,,1101213,土地1建物1車位0,八層,9,華廈(10層含以下有電梯),住家用,鋼筋混凝土造,,59.48,1,1,1,有,無,4820000,81036,,0.0,0,,RPSQMLKLMHHGFAU76DB,麗晶,1棟A1-8F號
花蓮市,房地(土地+建物),花蓮縣花蓮市光復街,8.52,商,,,1101201,土地1建物1車位0,八層,9,華廈(10層含以下有電梯),住家用,鋼筋混凝土造,,55.26,1,1,1,有,無,4400000,79624,,0.0,0,,RPTQMLKLMHHGFAU86DB,麗晶,1棟A4-8F號
花蓮市,房地(土地+建物),花蓮縣花蓮市光復街,8.4,商,,,1101209,土地1建物1車位0,八層,9,華廈(10層含以下有電梯),住家用,鋼筋混凝土造,,54.36,1,1,1,有,無,4350000,80022,,0.0,0,,RPUQMLKLMHHGFAU96DB,麗晶,1棟A5-8F號
花蓮市,房地(土地+建物),花蓮縣花蓮市光復街,8.34,商,,,1101201,土地1建物1車位0,八層,9,華廈(10層含以下有電梯),住家用,鋼筋混凝土造,,53.77,1,1,1,有,無,4280000,79598,,0.0,0,,RPVQMLKLMHHGFAU07DB,麗晶,1棟A6-8F號
花蓮市,房地(土地+建物)+車位,花蓮縣花蓮市光復街,11.16,商,,,1101204,土地1建物1車位1,二層,9,華廈(10層含以下有電梯),住家用,鋼筋混凝土造,,85.31,2,1,1,有,無,6450000,77051,升降機械,13.28,900000,,RPWQMLKLMHHGFAU17DB,麗晶,1棟A3-2F號
花蓮市,房地(土地+建物)+車位,花蓮縣花蓮市光復街,8.4,商,,,1101220,土地1建物1車位1,三層,9,華廈(10層含以下有電梯),住家用,鋼筋混凝土造,,67.64,1,1,1,有,無,5000000,75423,升降機械,13.28,900000,,RPXQMLKLMHHGFAU27DB,麗晶,1棟A5-3F號
花蓮市,房地(土地+建物)+車位,花蓮縣花蓮市光復街,11.16,商,,,1101216,土地1建物1車位1,五層,9,華廈(10層含以下有電梯),住家用,鋼筋混凝土造,,85.31,2,1,1,有,無,6550000,77051,升降機械,13.28,1000000,,RPORMLKLMHHGFAU09DB,麗晶,1棟A3-5F號
花蓮市,房地(土地+建物)+車位,花蓮縣花蓮市光復街,9.2,商,,,1101203,土地1建物1車位1,七層,9,華廈(10層含以下有電梯),住家用,鋼筋混凝土造,,72.76,1,1,1,有,無,5600000,79018,升降機械,13.28,900000,,RPPRMLKLMHHGFAU56DB,麗晶,1棟A1-7F號
花蓮市,房地(土地+建物)+車位,花蓮縣花蓮市光復街,11.16,商,,,1101207,土地1建物1車位1,七層,9,華廈(10層含以下有電梯),住家用,鋼筋混凝土造,,85.31,2,1,1,有,無,6750000,79828,升降機械,13.28,1000000,,RPQRMLKLMHHGFAU66DB,麗晶,1棟A3-7F號
花蓮市,房地(土地+建物)+車位,花蓮縣花蓮市光復街,11.46,商,,,1101202,土地1建物1車位1,八層,9,華廈(10層含以下有電梯),住家用,鋼筋混凝土造,,87.49,2,1,1,有,無,6900000,80852,升降機械,13.28,900000,,RPRRMLKLMHHGFAU76DB,麗晶,1棟A2-8F號
花蓮市,房地(土地+建物)+車位,花蓮縣花蓮市光復街,11.16,商,,,1101202,土地1建物1車位1,八層,9,華廈(10層含以下有電梯),住家用,鋼筋混凝土造,,85.31,2,1,1,有,無,6700000,80522,升降機械,13.28,900000,,RPSRMLKLMHHGFAU86DB,麗晶,1棟A3-8F號
花蓮市,房地(土地+建物)+車位,花蓮縣花蓮市光復街,11.46,商,,,1101203,土地1建物1車位1,五層,9,華廈(10層含以下有電梯),住家用,鋼筋混凝土造,,87.34,2,1,1,有,無,6950000,78315,升降機械,13.28,1150000,,RPTRMLKLMHHGFAU96DB,麗晶,1棟A7-5F號
花蓮市,房地(土地+建物)+車位,花蓮縣花蓮市光復街,9.2,商,,,1101209,土地1建物1車位1,六層,9,華廈(10層含以下有電梯),住家用,鋼筋混凝土造,,72.76,1,1,1,有,無,5680000,78682,升降機械,13.28,1000000,,RPURMLKLMHHGFAU07DB,麗晶,1棟A1-6F號
花蓮市,房地(土地+建物)+車位,花蓮縣花蓮市光復街,11.46,商,,,1101207,土地1建物1車位1,七層,9,華廈(10層含以下有電梯),住家用,鋼筋混凝土造,,87.49,2,1,1,有,無,6750000,78830,升降機械,13.28,900000,,RPVRMLKLMHHGFAU17DB,麗晶,1棟A2-7F號
花蓮市,房地(土地+建物)+車位,花蓮縣花蓮市光復街,11.46,商,,,1101208,土地1建物1車位1,七層,9,華廈(10層含以下有電梯),住家用,鋼筋混凝土造,,87.34,2,1,1,有,無,6720000,78585,升降機械,13.28,900000,,RPWRMLKLMHHGFAU27DB,麗晶,1棟A7-7F號
花蓮市,房地(土地+建物)+車位,花蓮縣花蓮市光復街,9.5,商,,,1101214,土地1建物1車位1,八層,9,華廈(10層含以下有電梯),住家用,鋼筋混凝土造,,74.63,2,1,1,有,無,5750000,79870,升降機械,13.28,850000,,RPXRMLKLMHHGFAU37DB,麗晶,1棟A8-8F號
花蓮市,房地(土地+建物)+車位,花蓮縣花蓮市光復街,11.46,商,,,1101202,土地1建物1車位1,八層,9,華廈(10層含以下有電梯),住家用,鋼筋混凝土造,,87.34,2,1,1,有,無,6900000,81015,升降機械,13.28,900000,,RPOSMLKLMHHGFAU56DB,麗晶,1棟A7-8F號
花蓮市,房地(土地+建物)+車位,花蓮縣花蓮市光復街,13.85,商,,,1101202,土地1建物1車位1,九層,9,華廈(10層含以下有電梯),住家用,鋼筋混凝土造,,102.82,2,1,1,有,無,9130000,90797,升降機械,13.28,1000000,,RPPSMLKLMHHGFAU66DB,麗晶,1棟A2-9F號
花蓮市,房地(土地+建物)+車位,花蓮縣花蓮市光復街,14.04,商,,,1101213,土地1建物1車位1,九層,9,華廈(10層含以下有電梯),住家用,鋼筋混凝土造,,103.91,3,1,1,有,無,9230000,90809,升降機械,13.28,1000000,,RPQSMLKLMHHGFAU76DB,麗晶,1棟A1-9F號
花蓮市,房地(土地+建物),花蓮縣花蓮市光復街,8.52,商,,,1101225,土地1建物1車位0,三層,9,華廈(10層含以下有電梯),住家用,鋼筋混凝土造,,55.26,1,1,1,有,無,4090000,74014,,0.0,0,,RPRSMLKLMHHGFAU86DB,麗晶,1棟A4-3F號
花蓮市,房地(土地+建物),花蓮縣花蓮市光復街,9.38,商,,,1110104,土地1建物1車位0,一層,9,華廈(10層含以下有電梯),住家用,鋼筋混凝土造,,60.72,2,1,1,有,無,6400000,105402,,0.0,0,,RPSSMLKLMHHGFAU96DB,麗晶,1棟A2-1F號
花蓮市,房地(土地+建物)+車位,花蓮縣花蓮市光復街,8.34,商,,,1110105,土地1建物1車位1,二層,9,華廈(10層含以下有電梯),住家用,鋼筋混凝土造,,67.06,1,1,1,有,無,4880000,74005,升降機械,13.28,900000,,RPTSMLKLMHHGFAU07DB,麗晶,1棟A6-2F號
花蓮市,房地(土地+建物),花蓮縣花蓮市光復街,8.4,商,,,1110104,土地1建物1車位0,五層,9,華廈(10層含以下有電梯),住家用,鋼筋混凝土造,,54.36,1,1,1,有,無,4150000,76343,,0.0,0,,RPUSMLKLMHHGFAU17DB,麗晶,1棟A5-5F號
花蓮市,房地(土地+建物)+車位,花蓮縣花蓮市光復街,8.4,商,,,1110115,土地1建物1車位1,二層,9,華廈(10層含以下有電梯),住家用,鋼筋混凝土造,,67.64,1,1,1,有,無,4880000,73216,升降機械,13.28,900000,,RPVSMLKLMHHGFAU27DB,麗晶,1棟A5-2F號
花蓮市,房地(土地+建物)+車位,花蓮縣花蓮市光復街,8.4,商,,,1110111,土地1建物1車位1,四層,9,華廈(10層含以下有電梯),住家用,鋼筋混凝土造,,67.64,1,1,1,有,無,5000000,75423,升降機械,13.28,900000,,RPWSMLKLMHHGFAU37DB,麗晶,1棟A5-4F號
吉安鄉,房地(土地+建物),花蓮縣吉安鄉永興村吉興路三段,86.99,,鄉村區,乙種建築用地,1110115,土地1建物1車位0,全,4,透天厝,住家用,鋼筋混凝土造,,196.91,5,2,6,有,無,12850000,65258,,0.0,0,,RPSNMLNKNHHGFAU66CB,雄鋒臻品6,A棟2號
