﻿編號,土地位置,土地移轉面積(平方公尺),使用分區或編定,權利人持分分母,權利人持分分子,移轉情形,地號
The serial number, land position,land shifting area square meter,the use zoning or compiles and checks,,,,land parcel
RPRNMLNJLHHGFAW09DA,中五劃段,702.88,都市：其他:農業區,1,1,全筆移轉,01570000
RPRNMLQKKHHGFAW76DA,寧古劃段,514.00,都市：其他:國家公園區,1,1,全筆移轉,10170000
RPRNMLQKKHHGFAW76DA,寧古劃段,500.00,都市：其他:國家公園區,1,1,全筆移轉,10250000
RPXNMLSJKHHGFAW47DA,榮湖段,123.47,都市：其他:公園用地,1,1,全筆移轉,09780001
RPXNMLSJKHHGFAW47DA,太武段,157.63,都市：其他:綠地,1,1,全筆移轉,12760000
RPXNMLSJKHHGFAW47DA,太武段,5.21,都市：其他:道路用地,1,1,全筆移轉,12760001
RPTNMLKKKHHGFAW98DA,寧湖一劃段,16.87,都市：其他:自然村專用區,100000,1886,持分移轉,05820000
RPQNMLLKKHHGFAW78DA,歐厝段,695.86,都市：其他:農業區,1,1,全筆移轉,05330000
RPQNMLLKKHHGFAW78DA,歐厝段,135.74,都市：其他:農業區,1,1,全筆移轉,07110000
RPPNMLSKKHHGFAW76DA,城西段,30.55,都市：其他:第二種商業區,2,1,持分移轉,02530000
RPUNMLOKKHHGFAW86DA,湖前段,180.50,都市：其他:自然村專用區,7,2,持分移轉,09060000
RPQNMLLKKHHGFAW78DA,歐厝段,821.45,都市：其他:農業區,1,1,全筆移轉,07740000
RPQNMLLKKHHGFAW78DA,歐厝段,365.05,都市：其他:農業區,1,1,全筆移轉,07790000
RPUNMLOKKHHGFAW86DA,湖前段,2.20,都市：其他:自然村專用區,7,2,持分移轉,09060003
RPTNMLOKKHHGFAW76DA,榜林村測段,40.63,都市：其他:自然村專用區,1,1,全筆移轉,00410000
RPPNMLLKKHHGFAW68DA,舊金城段,189.00,都市：其他:農業區,1,1,全筆移轉,06190000
RPUNMLRKKHHGFAW17DA,羅劃測段,42.43,都市：其他:自然村專用區,100000,8252,持分移轉,01970000
RPQNMLPKKHHGFAW56DA,蜈蚣山段,606.06,都市：其他:國家公園區,1,1,全筆移轉,00830000
RPQNMLPKKHHGFAW56DA,蜈蚣山段,278.52,都市：其他:國家公園區,1,1,全筆移轉,01400000
RPQNMLPKKHHGFAW56DA,蜈蚣山段,215.08,都市：其他:國家公園區,1,1,全筆移轉,01410000
RPQNMLPKKHHGFAW56DA,蜈蚣山段,117.33,都市：其他:國家公園區,1,1,全筆移轉,01420000
RPQNMLPKKHHGFAW56DA,蜈蚣山段,243.02,都市：其他:國家公園區,1,1,全筆移轉,01570000
RPQNMLPKKHHGFAW56DA,蜈蚣山段,262.29,都市：其他:國家公園區,1,1,全筆移轉,02490000
RPTNMLSKKHHGFAW17DA,大洋段,371.18,都市：其他:保護區,2,1,持分移轉,01850000
RPSNMLOKKHHGFAW66DA,汶沙測段,334.00,都市：其他:自然村專用區,1,1,全筆移轉,13640002
RPQNMLMLKHHGFAW09EA,上后垵測段,30.51,都市：其他:自然村專用區,6,1,持分移轉,01300000
RPVNMLOKKHHGFAW96DA,呂厝村段,494.00,都市：其他:農業區,1,1,全筆移轉,00190000
RPUNMLKKKHHGFAW09DA,蜈蚣山段,209.25,都市：其他:國家公園區,1,1,全筆移轉,01160000
RPUNMLKKKHHGFAW09DA,蜈蚣山段,20.03,都市：其他:國家公園區,1,1,全筆移轉,01160001
RPUNMLKKKHHGFAW09DA,蜈蚣山段,352.13,都市：其他:國家公園區,1,1,全筆移轉,01870000
RPUNMLKKKHHGFAW09DA,舊金城段,473.00,都市：其他:農業區,1,1,全筆移轉,06250000
RPRNMLOKKHHGFAW56DA,舊金城段,1066.00,都市：其他:農業區,1,1,全筆移轉,04220000
RPRNMLOKKHHGFAW56DA,舊金城段,243.00,都市：其他:農業區,1,1,全筆移轉,04280000
RPQNMLKKKHHGFAW68DA,陽宅段,25.52,都市：其他:自然村專用區,1000,110,持分移轉,12160000
RPRNMLRKKHHGFAW86DA,庵邊段,51.64,都市：其他:自然村專用區,10000,1113,持分移轉,02470000
RPRNMLMLKHHGFAW09DA,湖前段,131.87,都市：其他:自然村專用區,1,1,全筆移轉,08270000
RPSNMLSKKHHGFAW07DA,中四劃段,673.95,都市：其他:農業區,1,1,全筆移轉,01130000
RPPNMLMLKHHGFAW88DA,后垵段,323.73,都市：其他:農業區,1,1,全筆移轉,03020000
RPQNMLNLKHHGFAW09DA,湖前段,67.36,都市：其他:自然村專用區,997010,6736,持分移轉,04210000
RPPNMLMLKHHGFAW88DA,后垵段,139.55,都市：其他:道路用地,1,1,全筆移轉,03020001
RPPNMLMLKHHGFAW88DA,后垵段,535.29,都市：其他:農業區,1,1,全筆移轉,03040000
RPPNMLMLKHHGFAW88DA,后垵段,79.14,都市：其他:道路用地,1,1,全筆移轉,03040001
RPPNMLPKKHHGFAW09DA,長寮段,559.19,都市：其他:自然村專用區,1,1,全筆移轉,06240000
RPTNMLTJKHHGFAW17DA,市港段,19.54,都市：其他:第五種住宅區,10000,163,持分移轉,00970000
RPUNMLTJKHHGFAW27DA,市港段,22.13,都市：其他:第五種住宅區,10000,816,持分移轉,01040000
RPTNMLPKKHHGFAW86DA,祥和段,.91,都市：其他:第六種住宅區,1,1,全筆移轉,04450004
RPSNMLPLKHHGFAW86DA,小西門劃測段,246.42,都市：其他:農業區,1,1,全筆移轉,22850000
RPSNMLPLKHHGFAW86DA,小西門劃測段,314.55,都市：其他:農業區,1,1,全筆移轉,22950000
RPPNMLLJLHHGFAW68DA,東沙段,331.14,都市：其他:國家公園區,1,1,全筆移轉,04990000
RPSNMLMLKHHGFAW56DA,寧湖三劃段,990.85,都市：其他:農業區,1,1,全筆移轉,01320000
RPQNMLLLKHHGFAW88DA,寧安四劃段,540.00,都市：其他:農業區,1,1,全筆移轉,02060000
RPTNMLNLKHHGFAW76DA,官澳測段,685.72,都市：其他:國家公園區,1,1,全筆移轉,02020000
RPQNMLOLKHHGFAW56DA,漁村段,28.40,都市：其他:自然村專用區,1,1,全筆移轉,09710004
RPPNMLNJLHHGFAW88DA,青山段,50.98,都市：其他:自然村專用區,24,1,持分移轉,09760000
RPRNMLNLKHHGFAW56DA,吳厝村測段,63.81,都市：其他:自然村專用區,17835,1914,持分移轉,01670000
RPQNMLPJJHHGFAW09EA,寧湖六劃段,387.00,都市：其他:農業區,1,1,全筆移轉,00570000
RPQNMLNJLHHGFAW98DA,青山段,50.98,都市：其他:自然村專用區,24,1,持分移轉,09760000
RPRNMLSJLHHGFAW96DA,市港段,11.01,都市：其他:第五種住宅區,100000,624,持分移轉,00580000
RPRNMLKKJHHGFAW78EA,東面山測段,1040.95,都市：其他:農業區,1,1,全筆移轉,09620000
RPPNMLMKJHHGFAW68DA,楊厝測段,355.93,都市：其他:自然村專用區,1,1,全筆移轉,01580000
RPPNMLLKJHHGFAW58DA,寧湖二劃測段,500.03,都市：其他:農業區,1,1,全筆移轉,11900000
RPTNMLLKJHHGFAW98DA,漁村段,2.40,都市：其他:自然村專用區,1,1,全筆移轉,09710005
RPQNMLMKJHHGFAW78DA,東洲段,63.49,都市：其他:自然村專用區,51405,6349,持分移轉,08790000
RPQNMLSKJHHGFAW76DA,旗牌段,204.00,都市：其他:農業區,1,1,全筆移轉,01650000
RPQNMLSKJHHGFAW76DA,旗牌段,27.00,都市：其他:農業區,1,1,全筆移轉,01670000
RPQNMLLKJHHGFAW68DA,太湖劃測段,1455.00,都市：其他:農業區,1,1,全筆移轉,20000008
RPPNMLTKJHHGFAW76DA,旗牌段,56.00,都市：其他:農業區,1,1,全筆移轉,01690000
RPPNMLKLJHHGFAW58DA,舊金城段,104.04,都市：其他:道路用地,1,1,全筆移轉,01140001
RPRNMLKLJHHGFAW78DA,寧北一劃段,650.38,都市：其他:農業區,1,1,全筆移轉,02930001
RPUNMLKKJHHGFAW98DA,東紅山段,57.97,都市：其他:自然村專用區,9,1,持分移轉,00410000
RPPNMLLLJHHGFAW78EA,寧古劃段,485.66,都市：其他:國家公園區,1,1,全筆移轉,01400000
RPPNMLLLJHHGFAW78EA,寧古劃段,14.34,都市：其他:國家公園區,1,1,全筆移轉,01400001
RPTNMLLLJHHGFAW09DA,沙田劃段,772.00,都市：其他:保護區,1,1,全筆移轉,00180000
RPTNMLLLJHHGFAW09DA,沙田劃段,907.00,都市：其他:保護區,1,1,全筆移轉,00490000
RPTNMLLLJHHGFAW09DA,沙田劃段,1000.00,都市：其他:保護區,1,1,全筆移轉,00600000
RPTNMLLLJHHGFAW09DA,沙田劃段,1000.00,都市：其他:保護區,1,1,全筆移轉,00660000
RPTNMLLLJHHGFAW09DA,沙田劃段,1000.00,都市：其他:保護區,1,1,全筆移轉,00670000
RPPNMLMLJHHGFAW78DA,長寮段,98.61,都市：其他:自然村專用區,1,1,全筆移轉,00710002
RPPNMLMLJHHGFAW78DA,長寮段,39.19,都市：其他:道路用地,1,1,全筆移轉,00710027
RPPNMLMLJHHGFAW78DA,安岐村測段,104.86,都市：其他:自然村專用區,1,1,全筆移轉,02800001
RPPNMLMLJHHGFAW78DA,安岐村測段,59.18,都市：其他:道路用地，自然村專用區,1,1,全筆移轉,02800005
RPUNMLLKJHHGFAW09DA,庵前劃測段,1204.01,都市：其他:農業區,1,1,全筆移轉,09930000
RPRNMLPLJHHGFAW66DA,東洲段,46.52,都市：其他:自然村專用區,51405,4652,持分移轉,08790000
RPSNMLPLJHHGFAW76DA,褔上山測段,270.61,都市：其他:自然村專用區,1,1,全筆移轉,03340000
RPSNMLPLJHHGFAW76DA,褔上山測段,232.73,都市：其他:自然村專用區,1,1,全筆移轉,03350000
RPPNMLKKJHHGFAW48DA,湖前段,76.26,都市：其他:自然村專用區,1,1,全筆移轉,03820016
RPPNMLKKJHHGFAW48DA,湖前段,1.05,都市：其他:自然村專用區,1200,1,持分移轉,03820026
RPTNMLOLJHHGFAW76DA,北一段,667.76,都市：其他:農業區,1,1,全筆移轉,03870000
RPQNMLKKJHHGFAW58DA,北堤段,47.20,都市：其他:第二種商業區,1,1,全筆移轉,04850000
RPPNMLSKJHHGFAW66DA,寧安二劃段,500.00,都市：其他:農業區,1,1,全筆移轉,02070000
RPPNMLPLJHHGFAW56EA,烈新段,832.65,都市：其他:第三種住宅區。,1,1,全筆移轉,00390000
RPPNMLSLJHHGFAW76DA,后垵段,378.64,都市：其他:農業區,1,1,全筆移轉,01080005
RPQNMLKLJHHGFAW78EA,寧湖一劃段,1273.00,都市：其他:農業區,1,1,全筆移轉,00470000
RPQNMLKLJHHGFAW78EA,寧湖一劃段,1233.00,都市：其他:農業區,1,1,全筆移轉,00920000
RPPNMLRJKHHGFAW56DA,市港段,11.27,都市：其他:第五種住宅區,100000,639,持分移轉,00580000
RPPNMLRLJHHGFAW66DA,大園段,439.88,都市：其他:國家公園區,1,1,全筆移轉,12820000
RPPNMLRLJHHGFAW66DA,赤岑段,405.69,都市：其他:國家公園區,1,1,全筆移轉,13330000
RPRNMLLKJHHGFAW78DA,山西段,445.51,都市：其他:自然村專用區,1,1,全筆移轉,09060000
RPTNMLPLJHHGFAW86DA,北一段,12.60,都市：其他:農業區,10000,188,持分移轉,00230000
RPTNMLPLJHHGFAW86DA,北一段,2.71,都市：其他:農業區,10000,188,持分移轉,00230002
RPRNMLSJKHHGFAW86DA,湖尾村測段,47.68,都市：其他:自然村專用區,100000,17188,持分移轉,03300000
RPVNMLRJKHHGFAW17DA,后沙劃測段,1199.99,都市：其他:農業區,1,1,全筆移轉,02610000
RPRNMLRJKHHGFAW76DA,陽宅段,43.83,都市：其他:自然村專用區,6,1,持分移轉,10940000
RPQNMLSJKHHGFAW76DA,新頭段,23.52,都市：其他:自然村專用區,100000,7458,持分移轉,07350023
RPQNMLSJKHHGFAW76DA,新頭段,15.92,都市：其他:自然村專用區,100000,7458,持分移轉,07400006
RPQNMLQKKHHGFAW66DA,漁村段,37.33,都市：其他:自然村專用區,3,1,持分移轉,09390000
RPRNMLPKKHHGFAW66DA,湖前段,32.52,都市：其他:自然村專用區,100000,2438,持分移轉,08920000
RPPNMLOLJHHGFAW98DA,陽宅段,29.46,都市：其他:自然村專用區,1000,127,持分移轉,12160000
RPUNMLPKKHHGFAW96DA,山柄段,468.37,都市：其他:國家公園區,1,1,全筆移轉,08580000
RPRNMLOJJHHGFAW98DA,市港段,14.86,都市：其他:第五種住宅區,10000,124,持分移轉,00970000
RPRNMLKKKHHGFAW78DA,市港段,17.86,都市：其他:第五種住宅區,10000,113,持分移轉,00080000
RPPNMLQLJHHGFAW56DA,湖前段,50.81,都市：其他:自然村專用區,1,1,全筆移轉,06430011
RPRNMLTKJHHGFAW96DA,沙東劃段,47.79,都市：其他:自然村專用區,1000000,31242,持分移轉,00920000
RPPNMLPJJHHGFAW88DA,古崗段,39.70,都市：其他:自然村專用區,15,1,持分移轉,07420000
RPPNMLPJJHHGFAW88DA,古崗段,4.47,都市：其他:自然村專用區,15,1,持分移轉,08020000
RPPNMLPJJHHGFAW88DA,古崗段,3.33,都市：其他:風景區,15,1,持分移轉,08090000
RPQNMLPLJHHGFAW56DA,莒光樓段,37.03,都市：其他:自然村專用區,150000,18219,持分移轉,09250000
RPQNMLPLJHHGFAW56DA,莒光樓段,77.20,都市：其他:自然村專用區,1,1,全筆移轉,09250006
RPQNMLMLJHHGFAW88DA,寧山段,476.38,都市：其他:保護區,1,1,全筆移轉,01480000
RPUPMLSJKIGGFAW37DA,寧湖一劃段,15.81,都市：其他:農業區,1000,15,持分移轉,02550000
RPUNMLOKKIGGFAW86DA,湖前段,48.06,都市：其他:自然村專用區,10000,572,持分移轉,05380000
RPQNMLPKKIGGFAW56DA,太湖劃測段,483.06,都市：其他:農業區,1,1,全筆移轉,17390000
RPQNMLPKKIGGFAW56DA,太湖劃測段,483.46,都市：其他:農業區,1,1,全筆移轉,17390001
RPQNMLPKKIGGFAW56DA,太湖劃測段,1000.03,都市：其他:農業區,1,1,全筆移轉,17550000
RPSNMLQKKIGGFAW96EA,下埔下測段,48.69,都市：其他:自然村專用區,3,1,持分移轉,00370000
RPRNMLTJKHHGFAW96DA,祥豐段,9.41,都市：其他:第三種住宅區。,10000,121,持分移轉,00390000
RPRNMLTJKHHGFAW96DA,祥豐段,7.30,都市：其他:第三種住宅區。,10000,121,持分移轉,00400000
RPRNMLQJKIGGFAW66DA,青山段,50.98,都市：其他:自然村專用區,24,1,持分移轉,09760000
RPUNMLQKKIGGFAW17EA,后垵段,729.71,都市：其他:農業區,1,1,全筆移轉,08840000
RPVNMLQKKIGGFAW27EA,后垵段,727.18,都市：其他:農業區,1,1,全筆移轉,09640000
RPWPMLSJKIGGFAW57DA,水頭段,135.84,都市：其他:保護區,1,1,全筆移轉,00210024
SPRNMLKLKIGGFAW98DA,西堡劃測段,796.49,都市：其他:農業區,1,1,全筆移轉,05270000
RPPNMLRKKIGGFAW66DA,南雄段,215.74,都市：其他:第一種商業區,1,1,全筆移轉,06700000
RPRNMLKLKIGGFAW88DA,寧安二劃段,666.67,都市：其他:農業區,1,1,全筆移轉,02370000
RPPNMLRKKIGGFAW66DA,南雄段,137.79,都市：其他:第一種商業區,1,1,全筆移轉,06720000
RPPNMLRKKIGGFAW66DA,南雄段,261.44,都市：其他:道路用地,1,1,全筆移轉,06720001
RPPNMLRKKIGGFAW66DA,南雄段,5.83,都市：其他:第一種商業區,1,1,全筆移轉,06720002
RPUNMLNLKIGGFAW96EA,燕南山段,399.20,都市：其他:農業區,1,1,全筆移轉,00640000
RPUNMLNLKIGGFAW96EA,燕南山段,142.20,都市：其他:農業區,1,1,全筆移轉,00700000
RPQNMLKLKIGGFAW78DA,南雄段,9.25,都市：其他:道路用地,1,1,全筆移轉,08710001
RPQNMLKLKIGGFAW78DA,南雄段,312.53,都市：其他:第一種商業區,1,1,全筆移轉,08710002
RPQNMLNLKIGGFAW56EA,中蘭劃測段,600.01,都市：其他:農業區,1,1,全筆移轉,00810000
RPRNMLLLKIGGFAW98DA,延平段,45.46,都市：其他:農業區,20,1,持分移轉,05340001
RPQNMLLLKIGGFAW98EA,東珩段,200.12,都市：其他:農業區,1,1,全筆移轉,01490001
RPQNMLLLKIGGFAW98EA,東珩段,800.08,都市：其他:農業區,1,1,全筆移轉,01740000
RPQNMLLLKIGGFAW98EA,北二三劃測段,108.75,都市：其他:農業區,1,1,全筆移轉,06250005
RPSNMLKLKIGGFAW98DA,祥和段,96.01,都市：其他:第六種住宅區,1,1,全筆移轉,07690000
RPRNMLNLKIGGFAW56DA,北九十劃段,976.26,都市：其他:農業區,1,1,全筆移轉,02280000
RPPNMLOLKIGGFAW09DA,安岐村測段,213.12,都市：其他:自然村專用區,1,1,全筆移轉,00210000
RPOOMLNKKIGGFAW88DA,湖前段,112.77,都市：其他:自然村專用區,1,1,全筆移轉,08230006
RPOOMLNKKIGGFAW88DA,湖前段,1.20,都市：其他:自然村專用區,100,4,持分移轉,08230090
RPOOMLNKKIGGFAW88DA,湖前段,.91,都市：其他:自然村專用區,100,1,持分移轉,08230112
RPXNMLSJKIGGFAW47DA,金門城測段,38.81,都市：其他:自然村專用區,20,1,持分移轉,07540000
RPROMLSJKIGGFAW96DA,金門城測段,38.81,都市：其他:自然村專用區,20,1,持分移轉,07540000
RPOOMLSJKIGGFAW66DA,金門城測段,38.81,都市：其他:自然村專用區,20,1,持分移轉,07540000
RPPOMLSJKIGGFAW76DA,金門城測段,38.81,都市：其他:自然村專用區,20,1,持分移轉,07540000
RPTOMLSJKIGGFAW17DA,金門城測段,38.81,都市：其他:自然村專用區,20,1,持分移轉,07540000
RPSOMLSJKIGGFAW07DA,金門城測段,38.81,都市：其他:自然村專用區,20,1,持分移轉,07540000
RPVOMLSJKIGGFAW37DA,金門城測段,38.81,都市：其他:自然村專用區,20,1,持分移轉,07540000
RPWOMLSJKIGGFAW47DA,金門城測段,38.81,都市：其他:自然村專用區,20,1,持分移轉,07540000
RPPPMLSJKIGGFAW86DA,金門城測段,38.81,都市：其他:自然村專用區,20,1,持分移轉,07540000
RPXOMLSJKIGGFAW57DA,金門城測段,38.81,都市：其他:自然村專用區,20,1,持分移轉,07540000
RPOPMLSJKIGGFAW76DA,金門城測段,38.81,都市：其他:自然村專用區,20,1,持分移轉,07540000
RPTNMLNLKIGGFAW76DA,煙墩段,9.88,都市：其他:自然村專用區,10000,163,持分移轉,10060000
RPTNMLNLKIGGFAW76DA,煙墩段,16.82,都市：其他:自然村專用區,10000,163,持分移轉,10070000
RPQPMLSJKIGGFAW96DA,金門城測段,38.81,都市：其他:自然村專用區,20,1,持分移轉,07540000
RPSOMLOLKIGGFAW96EA,料羅段,31.00,都市：其他:自然村專用區,6,1,持分移轉,11940000
RPPNMLLLKIGGFAW78DA,青岐段,151.00,都市：其他:自然村專用區,1,1,全筆移轉,00680000
RPTNMLRLKIGGFAW27EA,山前段,316.00,都市：其他:農業區,1,1,全筆移轉,00170000
RPPNMLNLKIGGFAW98DA,沙東劃段,1000.08,都市：其他:農業區,1,1,全筆移轉,02890000
RPWNMLNKKIGGFAW96DA,寧湖二劃測段,32.17,都市：其他:自然村專用區,100000,5025,持分移轉,08940000
RPUNMLNKKIGGFAW76DA,寧湖二劃測段,32.17,都市：其他:自然村專用區,100000,5025,持分移轉,08940000
RPSNMLRLKIGGFAW07DA,北二三劃測段,76.85,都市：其他:自然村專用區,1,1,全筆移轉,00960005
RPQNMLQJKIGGFAW56DA,中蘭劃測段,919.00,都市：其他:農業區,1,1,全筆移轉,06170000
RPRNMLRLKIGGFAW96DA,北九十劃段,495.43,都市：其他:農業區,2,1,持分移轉,04420000
RPQNMLTLKIGGFAW07DA,西山段,726.71,都市：其他:農業區,1,1,全筆移轉,01850000
RPRNMLNJKIGGFAW98DA,北二三劃測段,442.67,都市：其他:農業區,1,1,全筆移轉,05980002
RPRNMLNJKIGGFAW98DA,北二三劃測段,57.34,都市：其他:道路用地,1,1,全筆移轉,05980003
RPPNMLTLKIGGFAW96DA,歐厝段,215.58,都市：其他:農業區,1,1,全筆移轉,01130000
RPQNMLRLKIGGFAW96EA,下埔下測段,48.69,都市：其他:自然村專用區,3,1,持分移轉,00370000
RPUNMLMLKIGGFAW76DA,市港段,22.13,都市：其他:第五種住宅區,10000,816,持分移轉,01040000
RPQNMLQKKIGGFAW66DA,東店段,120.35,都市：其他:自然村專用區,100000,10088,持分移轉,03310000
RPPNMLOJJHHGFAW78DA,小西門劃測段,211.07,都市：其他:自然村專用區,1,1,全筆移轉,12320001
RPSNMLTLKIGGFAW27DA,北二三劃測段,20.53,都市：其他:自然村專用區,10000,111,持分移轉,02640000
RPRNMLPKKIGGFAW66DA,北九劃段,1000.00,都市：其他:農業區,1,1,全筆移轉,11320000
RPSNMLKKJHHGFAW78DA,煙墩段,488.27,都市：其他:保護區,1,1,全筆移轉,06980000
RPSNMLKKJHHGFAW78DA,煙墩段,290.42,都市：其他:保護區,1,1,全筆移轉,06990000
RPSNMLKKJHHGFAW78DA,煙墩段,96.06,都市：其他:國家公園區,1,1,全筆移轉,06990001
RPROMLNLKIGGFAW66DA,金門城測段,327.02,都市：其他:自然村專用區,1,1,全筆移轉,06700000
RPSPMLSJKIGGFAW17DA,新塘段,128.24,都市：其他:自然村專用區,10000,1400,持分移轉,00120000
RPSNMLLJKIGGFAW88DA,西山段,531.55,都市：其他:自然村專用區,1,1,全筆移轉,05790000
RPSNMLLJKIGGFAW88DA,西山段,75.16,都市：其他:農業區,1,1,全筆移轉,05790001
RPSNMLLJKIGGFAW88DA,西山段,92.10,都市：其他:道路用地,1,1,全筆移轉,05790002
RPPOMLMJKIGGFAW78DA,寧湖三劃段,1000.00,都市：其他:農業區,1,1,全筆移轉,02020000
RPTNMLMKJHHGFAW09DA,新頭段,88.88,都市：其他:自然村專用區,10000,1844,持分移轉,12650000
RPSNMLRJJHHGFAW76DA,漁村段,21.10,都市：其他:自然村專用區,1,1,全筆移轉,09710000
RPSNMLRJJHHGFAW76DA,漁村段,23.30,都市：其他:自然村專用區,1,1,全筆移轉,09710001
RPPOMLNLKIGGFAW09DA,榮湖段,387.67,都市：其他:農業區,1,1,全筆移轉,07080000
RPVNMLLKJHHGFAW56DA,南雄段,430.27,都市：其他:第一種商業區,1,1,全筆移轉,08760000
RPVNMLLKJHHGFAW56DA,南雄段,150.93,都市：其他:自然村專用區,1,1,全筆移轉,08760001
RPPNMLKMKIGGFAW78DA,城西段,41.42,都市：其他:第二種商業區,1,1,全筆移轉,03370000
RPPNMLKMKIGGFAW78DA,城西段,5.99,都市：其他:第二種商業區,1,1,全筆移轉,03380000
RPQNMLKMKIGGFAW88DA,寧湖一劃段,16.87,都市：其他:自然村專用區,100000,1886,持分移轉,05820000
RPTNMLOJJHHGFAW56DA,市港段,11.27,都市：其他:第五種住宅區,100000,639,持分移轉,00580000
RPTNMLLLKIGGFAW56DA,金門城測段,65.22,都市：其他:自然村專用區,6,1,持分移轉,06720000
RPSNMLLLKIGGFAW09DA,中一段,1002.76,都市：其他:農業區,1,1,全筆移轉,02810000
RPRNMLRKJHHGFAW76DA,市港段,18.65,都市：其他:第五種住宅區,10000,118,持分移轉,00080000
RPUNMLRLKIGGFAW27DA,奎星樓段,17.39,都市：其他:第二種住宅區,2,1,持分移轉,05980000
RPUNMLRLKIGGFAW27DA,奎星樓段,18.28,都市：其他:第二種商業區,2,1,持分移轉,05990000
RPUNMLRLKIGGFAW27DA,奎星樓段,17.84,都市：其他:第二種商業區,2,1,持分移轉,06000000
RPUNMLRLKIGGFAW27DA,奎星樓段,22.43,都市：其他:第二種住宅區,2,1,持分移轉,06010000
RPUNMLLLJHHGFAW56DA,北一段,272.14,都市：其他:農業區,1,1,全筆移轉,03810000
RPXNMLOKKIGGFAW17DA,祥豐段,13.06,都市：其他:第三種住宅區。,10000,168,持分移轉,00390000
RPXNMLOKKIGGFAW17DA,祥豐段,10.13,都市：其他:第三種住宅區。,10000,168,持分移轉,00400000
RPQNMLLLJHHGFAW78DA,北一段,272.14,都市：其他:農業區,1,1,全筆移轉,03810003
RPRNMLLLJHHGFAW88DA,北一段,272.14,都市：其他:農業區,1,1,全筆移轉,03810002
RPSNMLLLJHHGFAW98DA,北一段,272.14,都市：其他:農業區,1,1,全筆移轉,03810001
RPRNMLKMKIGGFAW98DA,蜈蚣山段,606.06,都市：其他:國家公園區,1,1,全筆移轉,00830000
RPRNMLKMKIGGFAW98DA,蜈蚣山段,209.25,都市：其他:國家公園區,1,1,全筆移轉,01160000
RPRNMLKMKIGGFAW98DA,蜈蚣山段,20.03,都市：其他:國家公園區,1,1,全筆移轉,01160001
RPRNMLKMKIGGFAW98DA,蜈蚣山段,278.52,都市：其他:國家公園區,1,1,全筆移轉,01400000
RPRNMLKMKIGGFAW98DA,蜈蚣山段,215.08,都市：其他:國家公園區,1,1,全筆移轉,01410000
RPRNMLKMKIGGFAW98DA,蜈蚣山段,117.33,都市：其他:國家公園區,1,1,全筆移轉,01420000
RPRNMLKMKIGGFAW98DA,蜈蚣山段,243.02,都市：其他:國家公園區,1,1,全筆移轉,01570000
RPRNMLKMKIGGFAW98DA,蜈蚣山段,352.13,都市：其他:國家公園區,1,1,全筆移轉,01870000
RPRNMLKMKIGGFAW98DA,蜈蚣山段,262.29,都市：其他:國家公園區,1,1,全筆移轉,02490000
RPRNMLKMKIGGFAW98DA,舊金城段,1066.00,都市：其他:農業區,1,1,全筆移轉,04220000
RPRNMLKMKIGGFAW98DA,舊金城段,243.00,都市：其他:農業區,1,1,全筆移轉,04280000
RPRNMLKMKIGGFAW98DA,舊金城段,167.00,都市：其他:農業區,1,1,全筆移轉,05760000
RPRNMLKMKIGGFAW98DA,舊金城段,254.00,都市：其他:農業區,1,1,全筆移轉,06080000
RPRNMLKMKIGGFAW98DA,舊金城段,519.00,都市：其他:農業區,1,1,全筆移轉,06090000
RPRNMLKMKIGGFAW98DA,舊金城段,238.00,都市：其他:農業區,1,1,全筆移轉,06100000
RPRNMLKMKIGGFAW98DA,舊金城段,189.00,都市：其他:農業區,1,1,全筆移轉,06190000
RPRNMLKMKIGGFAW98DA,舊金城段,473.00,都市：其他:農業區,1,1,全筆移轉,06250000
RPQNMLRJKHHGFAW76EA,上后垵測段,37.19,都市：其他:自然村專用區,6,1,持分移轉,00590000
RPRNMLOLJHHGFAW56DA,料羅段,31.00,都市：其他:自然村專用區,6,1,持分移轉,11940000
RPQNMLNKKIGGFAW98DA,市港段,17.23,都市：其他:第五種住宅區,10000,405,持分移轉,01090000
RPRNMLRKKIGGFAW86DA,祥瑞段,15.96,都市：其他:第三種住宅區。,14,1,持分移轉,07410000
RPRNMLOKJHHGFAW09DA,湖前段,36.88,都市：其他:自然村專用區,17218,3688,持分移轉,03820018
RPSNMLSJKHHGFAW96DA,金門城測段,58.52,都市：其他:自然村專用區,2,1,持分移轉,06580000
RPSNMLSJKHHGFAW96DA,金門城測段,344.06,都市：其他:自然村專用區,1,1,全筆移轉,06580002
RPRNMLOKJHHGFAW09DA,湖前段,1.05,都市：其他:自然村專用區,1200,1,持分移轉,03820026
RPTNMLRJKHHGFAW07EA,市港段,8.45,都市：其他:第二種商業區,100000,810,持分移轉,00930000
RPTOMLOLKIGGFAW96DA,湖前段,50.39,都市：其他:自然村專用區,10000,761,持分移轉,05260003
RPQNMLRLJHHGFAW86EA,瓊義段,4760.00,都市：其他:第五種住宅區,1,1,全筆移轉,00230000
RPOOMLNLKIGGFAW98DA,湖尾段,87.60,都市：其他:自然村專用區,1,1,全筆移轉,08220002
RPOOMLNLKIGGFAW98DA,湖尾段,22.35,都市：其他:自然村專用區,10,1,持分移轉,08220011
RPOOMLNLKIGGFAW98DA,湖尾段,13.80,都市：其他:自然村專用區,1,1,全筆移轉,08220014
RPOOMLNLKIGGFAW98DA,湖尾段,.95,都市：其他:自然村專用區,10,1,持分移轉,08220017
RPTNMLNJKIGGFAW56DA,寧北一劃段,978.63,都市：其他:農業區,1,1,全筆移轉,03240000
RPRNMLPLKHHGFAW76DA,祥瑞段,21.86,都市：其他:第三種住宅區。,10000,445,持分移轉,07210000
RPQNMLOLJIGGFAW09DA,沙東劃段,47.79,都市：其他:自然村專用區,1000000,31242,持分移轉,00920000
RPSNMLTJKIGGFAW17EA,金門城測段,105.69,都市：其他:自然村專用區,100,32,持分移轉,06140000
RPUNMLOLJIGGFAW86DA,新塘段,49.52,都市：其他:自然村專用區,20,1,持分移轉,00370000
RPPNMLKKKIGGFAW58DA,機場段,54.28,都市：其他:自然村專用區,20000,3412,持分移轉,04020000
RPRNMLRJKIGGFAW76DA,湖前段,94.98,都市：其他:自然村專用區,4,1,持分移轉,04480000
RPRNMLRJKIGGFAW76DA,湖前段,5.86,都市：其他:自然村專用區,4,1,持分移轉,04480003
RPVNMLTJJIGGFAW27DA,市港段,13.83,都市：其他:第五種住宅區,10000,325,持分移轉,01090000
RPUNMLSJKIGGFAW17DA,東洲段,832.32,都市：其他:農業區,1,1,全筆移轉,09100000
RPSNMLOKKIGGFAW66DA,市港段,25.98,都市：其他:第五種住宅區,10000,782,持分移轉,00550000
RPOOMLOKKIGGFAW98DA,寧湖三劃段,51.36,都市：其他:自然村專用區,115567,8480,持分移轉,00300000
RPTNMLOKKIGGFAW76DA,市港段,25.95,都市：其他:第五種住宅區,10000,781,持分移轉,00550000
RPRNMLQKKIGGFAW76DA,金門城測段,63.79,都市：其他:自然村專用區,21,1,持分移轉,03920000
RPTNMLPKKIGGFAW86DA,祥安段,83.12,都市：其他:第六種住宅區,1,1,全筆移轉,04560000
RPROMLMKJIGGFAW98DA,金門城測段,34.80,都市：其他:自然村專用區,20000,1142,持分移轉,11060001
RPPNMLKLKIGGFAW68DA,北二三劃測段,66.68,都市：其他:自然村專用區,9,1,持分移轉,00930000
RPTNMLQLJIGGFAW96DA,金門城測段,253.06,都市：其他:自然村專用區,1,1,全筆移轉,08370000
RPRNMLMLJIGGFAW98DA,賢聚測段,49.65,都市：其他:自然村專用區,8,1,持分移轉,01720003
RPRNMLNLJIGGFAW09DA,北二三劃測段,910.24,都市：其他:農業區,1,1,全筆移轉,03000000
RPRNMLNLJIGGFAW09DA,北二三劃測段,60.11,都市：其他:道路用地,1,1,全筆移轉,03000001
RPRNMLQLJIGGFAW76DA,金門城測段,441.41,都市：其他:自然村專用區,1,1,全筆移轉,08380001
RPOOMLTKJIGGFAW76DA,市港段,19.95,都市：其他:第五種住宅區,10000,288,持分移轉,00530000
RPUNMLMJKIGGFAW56DA,沙東劃段,126.00,都市：其他:自然村專用區,1000000,82371,持分移轉,00920000
RPUNMLLLKIGGFAW76EA,青山段,35.47,都市：其他:自然村專用區,100000,10601,持分移轉,09850000
RPUNMLLLKIGGFAW76EA,青山段,16.35,都市：其他:自然村專用區,100000,7194,持分移轉,09850001
RPQNMLPJKIGGFAW09DA,城南段,26.47,都市：其他:第二種住宅區,3,1,持分移轉,06820000
RPQNMLPJKIGGFAW09DA,城南段,10.02,都市：其他:道路用地,3,1,持分移轉,06830000
RPWPMLQKJIGGFAW37DA,市港段,14.86,都市：其他:第五種住宅區,10000,124,持分移轉,00970000
RPVNMLMJKIGGFAW66DA,沙東劃段,47.79,都市：其他:自然村專用區,1000000,31242,持分移轉,00920000
RPPNMLNJKIGGFAW78DA,沙東劃段,48.38,都市：其他:自然村專用區,1000000,31629,持分移轉,00920000
RPTNMLMJKIGGFAW09DA,沙東劃段,48.38,都市：其他:自然村專用區,1000000,31629,持分移轉,00920000
RPPNMLSJKIGGFAW66DA,延平段,45.46,都市：其他:農業區,20,1,持分移轉,05340001
RPWNMLMJKIGGFAW76DA,沙東劃段,48.38,都市：其他:自然村專用區,1000000,31629,持分移轉,00920000
RPSNMLOLKIGGFAW86EA,市港段,8.57,都市：其他:第二種商業區,100000,822,持分移轉,00930000
RPQOMLOLKIGGFAW76EA,市港段,7.64,都市：其他:第二種商業區,100000,733,持分移轉,00930000
RPTNMLOLKIGGFAW96EA,市港段,8.54,都市：其他:第二種商業區,100000,819,持分移轉,00930000
RPOOMLOLKIGGFAW56EA,市港段,7.62,都市：其他:第二種商業區,100000,731,持分移轉,00930000
RPRNMLTLKIGGFAW17DA,寧湖三劃段,500.00,都市：其他:農業區,1,1,全筆移轉,02820000
RPRNMLTLKIGGFAW17DA,寧湖三劃段,5.01,都市：其他:農業區,12,1,持分移轉,03930000
RPRNMLTLKIGGFAW17DA,寧湖三劃段,6.21,都市：其他:農業區,12,1,持分移轉,03930007
RPRNMLTLKIGGFAW17DA,寧湖三劃段,123.63,都市：其他:農業區,1,1,全筆移轉,03930008
RPRNMLTLKIGGFAW17DA,寧湖三劃段,36.73,都市：其他:農業區,12,1,持分移轉,03930014
RPRNMLTLKIGGFAW17DA,寧湖三劃段,2.48,都市：其他:保護區,12,1,持分移轉,03940000
RPRNMLTLKIGGFAW17DA,寧湖三劃段,1.03,都市：其他:保護區,12,1,持分移轉,03940002
RPRNMLTLKIGGFAW17DA,寧湖三劃段,1.89,都市：其他:保護區,12,1,持分移轉,03940007
RPRNMLKMJIGGFAW88DA,市港段,20.67,都市：其他:第五種住宅區,10000,486,持分移轉,01090000
RPROMLTJJIGGFAW96DA,市港段,19.54,都市：其他:第五種住宅區,10000,163,持分移轉,00970000
RPRNMLTJJIGGFAW86DA,市港段,14.98,都市：其他:第五種住宅區,10000,125,持分移轉,00970000
RPQNMLSKJIGGFAW76DA,青山段,79.10,都市：其他:自然村專用區,10000,1041,持分移轉,10790000
RPVNMLTLJIGGFAW47DA,小西門劃測段,87.85,都市：其他:自然村專用區,10000,2400,持分移轉,00540000
RPQNMLTLJIGGFAW96DA,北二三劃測段,49.57,都市：其他:自然村專用區,10000,268,持分移轉,02640000
RPWNMLTLJIGGFAW57DA,市港段,11.27,都市：其他:第五種住宅區,100000,639,持分移轉,00580000
RPUNMLPKKIGGFAW96DA,浦邊測段,196.56,都市：其他:保護區,2,1,持分移轉,00370000
RPUNMLPKKIGGFAW96DA,浦邊測段,160.07,都市：其他:保護區,2,1,持分移轉,00510000
RPUNMLPKKIGGFAW96DA,浦邊測段,144.10,都市：其他:保護區,2,1,持分移轉,00520000
RPUNMLPKKIGGFAW96DA,料羅段,17.33,都市：其他:自然村專用區,6,1,持分移轉,12330000
RPQOMLQKJIGGFAW66DA,祥豐段,12.98,都市：其他:第三種住宅區。,10000,167,持分移轉,00390000
RPXNMLTLJIGGFAW67DA,安岐村測段,32.77,都市：其他:自然村專用區,10000,1630,持分移轉,02770000
RPRNMLPLJIGGFAW66DA,祥豐段,9.41,都市：其他:第三種住宅區。,10000,121,持分移轉,00390000
RPQOMLQKJIGGFAW66DA,祥豐段,10.07,都市：其他:第三種住宅區。,10000,167,持分移轉,00400000
RPRNMLPLJIGGFAW66DA,祥豐段,7.30,都市：其他:第三種住宅區。,10000,121,持分移轉,00400000
RPPNMLRJJHHGFAW09DA,湖前段,42.66,都市：其他:自然村專用區,100000,3198,持分移轉,08920000
RPRPMLSJKIGGFAW07DA,沙東劃段,1000.12,都市：其他:農業區,1,1,全筆移轉,02980000
RPRPMLSJKIGGFAW07DA,沙東劃段,1000.10,都市：其他:農業區,1,1,全筆移轉,02990000
RPUOMLSJKIGGFAW27DA,市港段,7.49,都市：其他:第二種商業區,10000,207,持分移轉,00910000
RPRNMLMKJHHGFAW88DA,北五劃段,831.08,都市：其他:國家公園區,1,1,全筆移轉,04510000
RPRNMLMKJHHGFAW88DA,北五劃段,97.78,都市：其他:道路用地,1,1,全筆移轉,04510001
RPPNMLOKJHHGFAW88DA,漁村段,.04,都市：其他:自然村專用區,10000,1,持分移轉,00300012
RPPNMLOKJHHGFAW88DA,漁村段,63.94,都市：其他:自然村專用區,1,1,全筆移轉,00300013
RPTNMLKMJIGGFAW09DA,市港段,17.70,都市：其他:第五種住宅區,10000,416,持分移轉,01090000
RPPOMLTJJIGGFAW76DA,市港段,13.87,都市：其他:第五種住宅區,10000,326,持分移轉,01090000
RPSNMLNKKIGGFAW56DA,湖尾段,91.36,都市：其他:自然村專用區,1,1,全筆移轉,08220004
RPSNMLNKKIGGFAW56DA,湖尾段,22.35,都市：其他:自然村專用區,10,1,持分移轉,08220011
RPSNMLNKKIGGFAW56DA,湖尾段,13.80,都市：其他:自然村專用區,1,1,全筆移轉,08220016
RPSNMLNKKIGGFAW56DA,湖尾段,.95,都市：其他:自然村專用區,10,1,持分移轉,08220017
RPVNMLNKKIGGFAW86DA,湖尾段,89.87,都市：其他:自然村專用區,1,1,全筆移轉,08220003
RPVNMLNKKIGGFAW86DA,湖尾段,22.35,都市：其他:自然村專用區,10,1,持分移轉,08220011
RPVNMLNKKIGGFAW86DA,湖尾段,13.80,都市：其他:自然村專用區,1,1,全筆移轉,08220015
RPVNMLNKKIGGFAW86DA,湖尾段,.95,都市：其他:自然村專用區,10,1,持分移轉,08220017
RPQNMLKKKIGGFAW68DA,東洲段,47.25,都市：其他:自然村專用區,3,1,持分移轉,04810000
RPPNMLRLKIGGFAW86EA,沙東劃段,172.25,都市：其他:農業區,4,1,持分移轉,02300000
RPSNMLRJKHHGFAW96EA,市港段,7.62,都市：其他:第二種商業區,100000,731,持分移轉,00930000
RPSNMLNLKHHGFAW66DA,中三劃測段,326.14,都市：其他:農業區,1,1,全筆移轉,06590000
RPSNMLNLKHHGFAW66DA,中三劃測段,126.51,都市：其他:道路用地,1,1,全筆移轉,06590001
RPQNMLSKIIGGFAW66DA,市港段,14.86,都市：其他:第五種住宅區,10000,124,持分移轉,00970000
RPQNMLLKJIGGFAW68DA,東沙段,285.85,都市：其他:國家公園區,1,1,全筆移轉,02620000
RPQNMLLKJIGGFAW68DA,東沙段,715.53,都市：其他:國家公園區,1,1,全筆移轉,02720000
RPQNMLLKJIGGFAW68DA,莒光樓段,14.19,都市：其他:農業區,12,1,持分移轉,07110002
RPQNMLLKJIGGFAW68DA,莒光樓段,128.79,都市：其他:農業區,1,1,全筆移轉,07110003
RPQNMLLKJIGGFAW68DA,古坵段,321.00,都市：其他:農業區,1,1,全筆移轉,12450000
RPSNMLSJJIGGFAW86DA,市港段,13.83,都市：其他:第五種住宅區,10000,325,持分移轉,01090000
RPPNMLOKKIGGFAW98DA,汶沙測段,97.75,都市：其他:學校用地,1,1,全筆移轉,02220001
RPROMLMLIIGGFAW98DA,市港段,13.83,都市：其他:第五種住宅區,10000,325,持分移轉,01090000
RPUNMLRJKHHGFAW17EA,市港段,8.45,都市：其他:第二種商業區,100000,810,持分移轉,00930000
RPXNMLOLKIGGFAW37EA,市港段,8.20,都市：其他:第二種商業區,100000,786,持分移轉,00930000
RPQNMLTKJHHGFAW86DA,市港段,8.12,都市：其他:第五種住宅區,10000,111,持分移轉,00980000
RPUNMLOLKIGGFAW07EA,市港段,7.60,都市：其他:第二種商業區,100000,729,持分移轉,00930000
RPVNMLOLKIGGFAW17EA,市港段,8.54,都市：其他:第二種商業區,100000,819,持分移轉,00930000
RPPOMLOLKIGGFAW66EA,市港段,7.91,都市：其他:第二種商業區,100000,759,持分移轉,00930000
RPVNMLPLJHHGFAW07DA,湖尾村測段,46.99,都市：其他:自然村專用區,100000,16938,持分移轉,03300000
RPVNMLPLJHHGFAW07DA,湖尾村測段,1.75,都市：其他:道路用地,6,1,持分移轉,03300002
RPTNMLPLKHHGFAW96DA,湖尾村測段,46.99,都市：其他:自然村專用區,100000,16938,持分移轉,03300000
RPPNMLOKKHHGFAW98DA,湖尾村測段,47.68,都市：其他:自然村專用區,100000,17188,持分移轉,03300000
RPTNMLPLKHHGFAW96DA,湖尾村測段,1.75,都市：其他:道路用地,6,1,持分移轉,03300002
RPPNMLOKKHHGFAW98DA,湖尾村測段,1.75,都市：其他:道路用地,6,1,持分移轉,03300002
RPTNMLPLKHHGFAW96DA,湖尾村測段,17.36,都市：其他:道路用地,1,1,全筆移轉,03300003
RPPNMLOKKHHGFAW98DA,湖尾村測段,20.60,都市：其他:道路用地,1,1,全筆移轉,03300004
RPQNMLOKKHHGFAW09DA,湖尾村測段,43.73,都市：其他:自然村專用區,100000,15762,持分移轉,03300000
RPQNMLOKKHHGFAW09DA,湖尾村測段,1.75,都市：其他:道路用地,6,1,持分移轉,03300002
RPWNMLOLKIGGFAW27EA,市港段,8.45,都市：其他:第二種商業區,100000,810,持分移轉,00930000
