﻿鄉鎮市區,交易標的,土地位置建物門牌,土地移轉總面積平方公尺,都市土地使用分區,非都市土地使用分區,非都市土地使用編定,交易年月日,交易筆棟數,移轉層次,總樓層數,建物型態,主要用途,主要建材,建築完成年月,建物移轉總面積平方公尺,建物現況格局-房,建物現況格局-廳,建物現況格局-衛,建物現況格局-隔間,有無管理組織,總價元,單價元平方公尺,車位類別,車位移轉總面積(平方公尺),車位總價元,備註,編號,主建物面積,附屬建物面積,陽台面積,電梯,移轉編號
The villages and towns urban district,transaction sign,land sector position building sector house number plate,land shifting total area square meter,the use zoning or compiles and checks,the non-metropolis land use district,non-metropolis land use,transaction year month and day,transaction pen number,shifting level,total floor number,building state,main use,main building materials,construction to complete the years,building shifting total area,Building present situation pattern - room,building present situation pattern - hall,building present situation pattern - health,building present situation pattern - compartmented,Whether there is manages the organization,total price NTD,the unit price (NTD / square meter),the berth category,berth shifting total area square meter,the berth total price NTD,the note,serial number,,,,,
西嶼鄉,土地,池西段536地號,1126.27,,一般農業區,農牧用地,1110302,土地1建物0車位0,,,其他,,,,0.0,0,0,0,有,無,1100000,977,,0.0,0,,RPXNMLMJLHHGFAX07DA,0.0,0.0,0.0,無,
西嶼鄉,土地,合界段96-1地號,10.17,,一般農業區,甲種建築用地,1110301,土地1建物0車位0,,,其他,,,,0.0,0,0,0,有,無,46000,4523,,0.0,0,,RPTNMLLJLHHGFAX56DA,0.0,0.0,0.0,無,
馬公市,土地,鐵線段573地號,1712.21,,一般農業區,農牧用地,1110301,土地1建物0車位0,,,其他,,,,0.0,0,0,0,有,無,59920000,34996,,0.0,0,權利人共9人土地交易案件之價格含未來興建房屋成本；,RPUNMLLJLHHGFAX66DA,0.0,0.0,0.0,無,
馬公市,土地,國宅段280地號,194.39,,一般農業區,農牧用地,1110207,土地1建物0車位0,,,其他,,,,0.0,0,0,0,有,無,1800000,9260,,0.0,0,,RPSNMLTJKHHGFAX17DA,0.0,0.0,0.0,無,001
馬公市,土地,興崁段511地號,3273.67,,一般農業區,農牧用地,1110211,土地4建物0車位0,,,其他,,,,0.0,0,0,0,有,無,26500000,8095,,0.0,0,,RPTNMLLKKHHGFAX56DA,0.0,0.0,0.0,無,002
馬公市,土地,中衛段122地號,330.58,都市：其他:乙種工業區,,,1110214,土地1建物0車位0,,,其他,,,,0.0,0,0,0,有,無,4815000,14565,,0.0,0,,RPSNMLQKKHHGFAX96DA,0.0,0.0,0.0,無,003
馬公市,土地,海堤段1006-1地號,150.86,都市：其他:住宅區,,,1110214,土地1建物0車位0,,,其他,,,,0.0,0,0,0,有,無,4200000,27840,,0.0,0,政府機關標讓售；,RPPNMLQKKHHGFAX76EA,0.0,0.0,0.0,無,
馬公市,土地,興仁段833-6地號,197.89,,一般農業區,甲種建築用地,1110214,土地2建物0車位0,,,其他,,,,0.0,0,0,0,有,無,7760000,39214,,0.0,0,土地交易案件之價格含未來興建房屋成本；,RPVNMLOKKHHGFAX07DA,0.0,0.0,0.0,無,004
湖西鄉,土地,龍門南段275-2地號,48.05,,鄉村區,乙種建築用地,1110202,土地1建物0車位0,,,其他,,,,0.0,0,0,0,有,無,500000,10406,,0.0,0,,RPTNMLTJKHHGFAX27DA,0.0,0.0,0.0,無,
馬公市,土地,四維段574地號,42.75,都市：其他:農業區,,,1110208,土地1建物0車位0,,,其他,,,,0.0,0,0,0,有,無,452550,10586,,0.0,0,,RPVNMLPKKHHGFAX17DA,0.0,0.0,0.0,無,005
湖西鄉,土地,北寮新段659地號,150.33,,一般農業區,農牧用地,1110215,土地1建物0車位0,,,其他,,,,0.0,0,0,0,有,無,100000,665,,0.0,0,,RPSNMLLLKHHGFAX56DA,0.0,0.0,0.0,無,
馬公市,土地,安宅段1576-1地號,322.05,,一般農業區,農牧用地,1110217,土地1建物0車位0,,,其他,,,,0.0,0,0,0,有,無,2240000,6955,,0.0,0,親友、員工、共有人或其他特殊關係間之交易；,RPSNMLMLKHHGFAX66DA,0.0,0.0,0.0,無,006
西嶼鄉,土地,竹灣段1423地號,97.57,,鄉村區,乙種建築用地,1110221,土地1建物0車位0,,,其他,,,,0.0,0,0,0,有,無,390000,3997,,0.0,0,親友、員工、共有人或其他特殊關係間之交易；,RPSNMLNLKHHGFAX86EA,0.0,0.0,0.0,無,
馬公市,房地(土地+建物),澎湖縣馬公市石泉１之２７９號,83.67,,一般農業區,甲種建築用地,1110214,土地1建物1車位0,全,二層,透天厝,住家用,鋼筋混凝土加強磚造,0791201,92.92,3,2,2,有,無,3880000,41756,,0.0,0,,RPTNMLOLKHHGFAX96DA,92.92,0.0,0.0,無,007
馬公市,土地,山水北段527地號,788.07,,一般農業區,農牧用地,1110211,土地1建物0車位0,,,其他,,,,0.0,0,0,0,有,無,10950000,13895,,0.0,0,,RPRNMLLKKHHGFAX98DA,0.0,0.0,0.0,無,
湖西鄉,土地,龍門北段1140地號,880.03,,一般農業區,農牧用地,1110221,土地1建物0車位0,,,其他,,,,0.0,0,0,0,有,無,1100000,1250,,0.0,0,親友、員工、共有人或其他特殊關係間之交易；急買急賣；,RPPNMLLJLHHGFAX88EA,0.0,0.0,0.0,無,
馬公市,房地(土地+建物),澎湖縣馬公市北辰街１７巷５弄２號,42.26,都市：其他:住宅區,,,1110218,土地2建物1車位0,一層,五層,公寓(5樓含以下無電梯),住家用,鋼筋混凝土造,0730629,86.17,3,1,2,有,無,4800000,55704,,0.0,0,,RPRNMLNJLHHGFAX56DA,86.17,0.0,0.0,無,
馬公市,土地,山水東段647地號,942.88,,一般農業區,農牧用地,1110211,土地1建物0車位0,,,其他,,,,0.0,0,0,0,有,無,2424000,2571,,0.0,0,,RPSNMLLKKHHGFAX09DA,0.0,0.0,0.0,無,
馬公市,土地,山水東段547-3地號,351.85,,一般農業區,農牧用地,1110225,土地1建物0車位0,,,其他,,,,0.0,0,0,0,有,無,3200000,9095,,0.0,0,,RPXNMLQJLHHGFAX47DA,0.0,0.0,0.0,無,
馬公市,土地,五德東段508地號,1526.1,,一般農業區,農牧用地,1110212,土地2建物0車位0,,,其他,,,,0.0,0,0,0,有,無,5680000,3722,,0.0,0,,RPOOMLOJLHHGFAX56EA,0.0,0.0,0.0,無,
馬公市,土地,鐵線段707地號,366.0,,一般農業區,農牧用地,1110105,土地1建物0車位0,,,其他,,,,0.0,0,0,0,有,無,2800000,7650,,0.0,0,,RPPNMLPJJHHGFAX98DA,0.0,0.0,0.0,無,008
馬公市,土地,馬公段1144地號,36.0,都市：其他:商業區,,,1110103,土地1建物0車位0,,,其他,,,,0.0,0,0,0,有,無,4490280,124730,,0.0,0,政府機關標讓售；,RPRNMLNKJHHGFAX56EA,0.0,0.0,0.0,無,
西嶼鄉,土地,內垵二段308地號,282.7,,一般農業區,農牧用地,1110111,土地1建物0車位0,,,其他,,,,0.0,0,0,0,有,無,100000,354,,0.0,0,親友、員工、共有人或其他特殊關係間之交易；,RPRNMLRKJHHGFAX96EA,0.0,0.0,0.0,無,
馬公市,房地(土地+建物),澎湖縣馬公市光復路２３６號,92.47,都市：其他:住宅區,,,1110103,土地1建物1車位0,全,二層,透天厝,住家用,鋼筋混凝土加強磚造,0790519,117.66,4,2,2,有,無,5000000,42495,,0.0,0,,RPQNMLRJJHHGFAX66DA,117.66,0.0,0.0,無,
馬公市,房地(土地+建物),澎湖縣馬公市中興路３９號,29.5,都市：其他:商業區,,,1110105,土地1建物1車位0,全,二層,透天厝,住商用,鋼筋加強造,0530731,41.52,2,1,1,有,無,6490000,156310,,0.0,0,,RPPNMLSKJHHGFAX76DA,41.52,0.0,0.0,無,
白沙鄉,房地(土地+建物),澎湖縣白沙鄉大赤崁２７２號,148.24,,鄉村區,乙種建築用地,1110104,土地1建物1車位0,全,一層,透天厝,住家用,造,,64.35,2,1,1,有,無,430000,6682,,0.0,0,親友、員工、共有人或其他特殊關係間之交易；,RPTNMLOKJHHGFAX76DA,58.12,6.24,0.0,無,
馬公市,土地,文寮段344地號,820.21,,一般農業區,農牧用地,1110104,土地1建物0車位0,,,其他,,,,0.0,0,0,0,有,無,7010000,8547,,0.0,0,地清或未辦繼承標售；,RPUNMLOKJHHGFAX86DA,0.0,0.0,0.0,無,
馬公市,土地,馬公段1508地號,7.0,都市：其他:商業區,,,1110113,土地1建物0車位0,,,其他,,,,0.0,0,0,0,有,無,882700,126100,,0.0,0,政府機關標讓售；,RPRNMLOKJHHGFAX66EA,0.0,0.0,0.0,無,
馬公市,土地,馬公段1508-2地號,8.0,都市：其他:商業區,,,1110113,土地1建物0車位0,,,其他,,,,0.0,0,0,0,有,無,1008800,126100,,0.0,0,政府機關標讓售；,RPSNMLOKJHHGFAX76EA,0.0,0.0,0.0,無,
馬公市,土地,馬公段2114地號,17.5,都市：其他:商業區,,,1110104,土地1建物0車位0,,,其他,,,,0.0,0,0,0,有,無,1423000,81314,,0.0,0,地清或未辦繼承標售；,RPPNMLTKJHHGFAX96EA,0.0,0.0,0.0,無,
望安鄉,土地,望安段1369地號,179.0,,鄉村區,乙種建築用地,1110103,土地1建物0車位0,,,其他,,,,0.0,0,0,0,有,無,850000,4749,,0.0,0,,RPVNMLQJJHHGFAX07DA,0.0,0.0,0.0,無,
馬公市,土地,東衛段1507地號,140.78,,一般農業區,農牧用地,1110110,土地1建物0車位0,,,其他,,,,0.0,0,0,0,有,無,835000,5931,,0.0,0,政府機關標讓售；,RPPOMLSKJHHGFAX96EA,0.0,0.0,0.0,無,
馬公市,房地(土地+建物),澎湖縣馬公市文明路１２６巷１６５號,207.12,,一般農業區,甲種建築用地,1110104,土地3建物1車位0,全,三層,透天厝,住家用,鋼筋混凝土造,1050329,258.69,6,2,6,有,無,8200000,31698,,0.0,0,含租約；,RPQOMLQJJHHGFAX66DA,248.48,10.21,0.0,無,
馬公市,土地,興仁段619-1地號,130.8,,一般農業區,農牧用地,1110117,土地1建物0車位0,,,其他,,,,0.0,0,0,0,有,無,871128,6660,,0.0,0,政府機關標讓售；,RPQNMLPLJHHGFAX76EA,0.0,0.0,0.0,無,
馬公市,土地,東衛段492地號,56.55,,一般農業區,農牧用地,1110113,土地1建物0車位0,,,其他,,,,0.0,0,0,0,有,無,443352,7840,,0.0,0,政府機關標讓售；,RPWNMLOLJHHGFAX17DA,0.0,0.0,0.0,無,
湖西鄉,土地,沙港北段228地號,210.21,,一般農業區,農牧用地,1110109,土地3建物0車位0,,,其他,,,,0.0,0,0,0,有,無,50000,238,,0.0,0,親友、員工、共有人或其他特殊關係間之交易；,RPQNMLLLJHHGFAX98EA,0.0,0.0,0.0,無,
馬公市,土地,文東段64地號,139.48,,鄉村區,乙種建築用地,1110117,土地2建物0車位0,,,其他,,,,0.0,0,0,0,有,無,600000,4302,,0.0,0,親友、員工、共有人或其他特殊關係間之交易；,RPSNMLOLJHHGFAX86EA,0.0,0.0,0.0,無,
馬公市,土地,井垵西段1625地號,273.25,,風景區,農牧用地,1110110,土地1建物0車位0,,,其他,,,,0.0,0,0,0,有,無,400000,1464,,0.0,0,親友、員工、共有人或其他特殊關係間之交易；,RPTNMLOLJHHGFAX96EA,0.0,0.0,0.0,無,
白沙鄉,土地,下瓦硐段1055地號,577.02,,一般農業區,農牧用地,1110113,土地1建物0車位0,,,其他,,,,0.0,0,0,0,有,無,1150545,1994,,0.0,0,,RPUNMLSKJHHGFAX27DA,0.0,0.0,0.0,無,
望安鄉,土地,東吉段472地號,1416.0,,一般農業區,農牧用地,1110104,土地3建物0車位0,,,其他,,,,0.0,0,0,0,有,無,991200,700,,0.0,0,,RPPNMLQLJHHGFAX76EA,0.0,0.0,0.0,無,
馬公市,土地,中衛段123地號,29.04,都市：其他:乙種工業區,,,1110122,土地1建物0車位0,,,其他,,,,0.0,0,0,0,有,無,691152,23800,,0.0,0,政府機關標讓售；,RPTNMLSJKHHGFAX17DA,0.0,0.0,0.0,無,
馬公市,土地,北極段281地號,449.46,都市：其他:住宅區,,,1110114,土地1建物0車位0,,,其他,,,,0.0,0,0,0,有,無,10870000,24185,,0.0,0,,RPRNMLRLJHHGFAX96DA,0.0,0.0,0.0,無,
馬公市,土地,虎井段1223-45地號,110.0,,鄉村區,乙種建築用地,1110120,土地1建物0車位0,,,其他,,,,0.0,0,0,0,有,無,1023000,9300,,0.0,0,政府機關標讓售；,RPRNMLSLJHHGFAX17EA,0.0,0.0,0.0,無,
湖西鄉,土地,許家段380地號,1442.09,,一般農業區,農牧用地,1110120,土地1建物0車位0,,,其他,,,,0.0,0,0,0,有,無,6197999,4298,,0.0,0,,RPQNMLRLJHHGFAX96EA,0.0,0.0,0.0,無,009
馬公市,房地(土地+建物),澎湖縣馬公市鎖管港２５１號,166.29,都市：其他:住宅區,,,1110119,土地1建物1車位0,全,二層,透天厝,住家用,鋼筋混凝土造,0970122,178.01,3,1,2,有,無,4500000,25279,,0.0,0,親友、員工、共有人或其他特殊關係間之交易；,RPTNMLTKJHHGFAX27DA,166.74,0.0,11.27,無,
西嶼鄉,土地,外垵一段309地號,104.47,,鄉村區,乙種建築用地,1110112,土地1建物0車位0,,,其他,,,,0.0,2,2,1,有,無,1264000,12099,,0.0,0,未登記建物；,RPUNMLLKKHHGFAX66DA,0.0,0.0,0.0,無,
馬公市,土地,四維段852地號,23.54,,鄉村區,乙種建築用地,1110113,土地1建物0車位0,,,其他,,,,0.0,0,0,0,有,無,420000,17842,,0.0,0,,RPTNMLPKKHHGFAX96DA,0.0,0.0,0.0,無,010
湖西鄉,土地,西溪新段815-1地號,79.08,,鄉村區,乙種建築用地,1110122,土地1建物0車位0,,,其他,,,,0.0,0,0,0,有,無,100000,1265,,0.0,0,,RPVNMLQKKHHGFAX27DA,0.0,0.0,0.0,無,
湖西鄉,土地,許家段122地號,663.47,,風景區,農牧用地,1110126,土地4建物0車位0,,,其他,,,,0.0,0,0,0,有,無,4500000,6783,,0.0,0,,RPPNMLRJKHHGFAX66DA,0.0,0.0,0.0,無,
望安鄉,土地,花宅段2238地號,39.58,,一般農業區,甲種建築用地,1110113,土地1建物0車位0,,,其他,,,,0.0,0,0,0,有,無,68000,1718,,0.0,0,親友、員工、共有人或其他特殊關係間之交易；,RPUNMLOKKHHGFAX96DA,0.0,0.0,0.0,無,011
馬公市,房地(土地+建物),澎湖縣馬公市東衛５７之１號,332.87,,鄉村區,乙種建築用地,1110128,土地4建物1車位0,全,三層,透天厝,住家用,鋼筋混凝土造,0830824,258.19,4,3,3,有,無,9100000,35245,,0.0,0,,RPVNMLLKKHHGFAX76DA,254.66,3.53,0.0,無,
馬公市,房地(土地+建物)+車位,澎湖縣馬公市文昌街５０之２號,49.25,都市：其他:住宅區,,,1110113,土地1建物1車位1,三層,六層,華廈(10層含以下有電梯),住家用,鋼筋混凝土造,0821027,229.9,4,1,2,有,有,6100000,26533,坡道平面,0.0,0,,RPRNMLRKKHHGFAX96DA,154.12,15.66,0.0,有,
馬公市,房地(土地+建物),澎湖縣馬公市朝陽路６７巷４號,87.84,都市：其他:住宅區,,,1110106,土地2建物1車位0,全,二層,透天厝,住家用,鋼筋混凝土加強磚造,0780527,128.63,3,2,2,有,無,6880000,53487,,0.0,0,,RPRNMLMLKHHGFAX56DA,128.63,0.0,0.0,無,
馬公市,房地(土地+建物)+車位,澎湖縣馬公市新生路７１巷３號二樓,36.16,都市：其他:商業區,,,1110126,土地1建物1車位1,二層,七層,華廈(10層含以下有電梯),住家用,鋼筋混凝土造,0781011,193.32,4,2,2,有,有,5300000,27416,坡道平面,0.0,0,,RPVNMLQLJHHGFAX27DA,142.17,0.0,0.0,有,
湖西鄉,土地,紅羅段1528地號,876.32,,一般農業區,農牧用地,1110125,土地2建物0車位0,,,其他,,,,0.0,0,0,0,有,無,5830000,6653,,0.0,0,,RPVNMLLJLHHGFAX76DA,0.0,0.0,0.0,無,012
馬公市,房地(土地+建物),澎湖縣馬公市風櫃尾６０之２０號,107.39,,鄉村區,乙種建築用地,1110117,土地1建物1車位0,全,三層,透天厝,住家用,鋼筋混凝土造,0850401,157.66,5,3,3,有,無,3300000,20931,,0.0,0,,RPPOMLMJLHHGFAX98DA,155.22,2.44,0.0,無,
湖西鄉,土地,葉新段852地號,87.98,,鄉村區,乙種建築用地,1101206,土地1建物0車位0,,,其他,,,,0.0,0,0,0,有,無,720000,8184,,0.0,0,,RPPNMLKKKIGGFAX78EA,0.0,0.0,0.0,無,
白沙鄉,土地,中屯新段1309地號,116.38,,一般農業區,農牧用地,1101206,土地1建物0車位0,,,其他,,,,0.0,0,0,0,有,無,250000,2148,,0.0,0,,RPUNMLNKKIGGFAX86DA,0.0,0.0,0.0,無,013
湖西鄉,房地(土地+建物),澎湖縣湖西鄉大城北５之２８號,190.35,,一般農業區,甲種建築用地,1101202,土地3建物1車位0,全,三層,透天厝,住家用,鋼筋混凝土造,0990402,233.87,5,2,6,有,無,10000000,42759,,0.0,0,親友、員工、共有人或其他特殊關係間之交易；,RPSNMLPKKIGGFAX96EA,221.46,12.41,0.0,無,
馬公市,土地,馬公段2433地號,3.0,都市：其他:住宅區,,,1101205,土地1建物0車位0,,,其他,,,,0.0,0,0,0,有,無,480000,160000,,0.0,0,親友、員工、共有人或其他特殊關係間之交易；,RPQNMLOKKIGGFAX66EA,0.0,0.0,0.0,無,
西嶼鄉,土地,外垵一段207地號,730.89,,一般農業區,農牧用地,1101208,土地3建物0車位0,,,其他,,,,0.0,0,0,0,有,無,1000000,1368,,0.0,0,買方另支付土地增值稅344949元賣清親友、員工、共有人或其他特殊關係間之交易；,RPUNMLPKKIGGFAX17EA,0.0,0.0,0.0,無,
馬公市,土地,鐵線段571地號,29.0,,一般農業區,農牧用地,1101208,土地1建物0車位0,,,其他,,,,0.0,0,0,0,有,無,240000,8276,,0.0,0,,RPPNMLPKKIGGFAX56DA,0.0,0.0,0.0,無,
湖西鄉,土地,青螺新段1198地號,144.01,,一般農業區,農牧用地,1101213,土地1建物0車位0,,,其他,,,,0.0,0,0,0,有,無,150000,1042,,0.0,0,,RPUNMLQKKIGGFAX17DA,0.0,0.0,0.0,無,
馬公市,土地,北澳段20地號,1542.0,,一般農業區,農牧用地,1101211,土地1建物0車位0,,,其他,,,,0.0,0,0,0,有,無,77870000,50499,,0.0,0,土地交易案件之價格含未來興建房屋成本；,RPRNMLRKKIGGFAX96DA,0.0,0.0,0.0,無,
馬公市,土地,光榮段271地號,81.34,都市：其他:住宅區,,,1101207,土地1建物0車位0,,,其他,,,,0.0,0,0,0,有,無,5533560,68030,,0.0,0,政府機關標讓售；,RPRNMLQKKIGGFAX86DA,0.0,0.0,0.0,無,
七美鄉,土地,七美三段1299地號,525.02,,一般農業區,農牧用地,1101208,土地1建物0車位0,,,其他,,,,0.0,0,0,0,有,無,577522,1100,,0.0,0,,RPWNMLKKKIGGFAX76DA,0.0,0.0,0.0,無,
白沙鄉,土地,中屯新段301地號,1153.45,,一般農業區,農牧用地,1101202,土地2建物0車位0,,,其他,,,,0.0,0,0,0,有,無,2000000,1734,,0.0,0,本次買賣過戶所有費用包含土地增值稅均由買方支付,RPQOMLPKKIGGFAX76DA,0.0,0.0,0.0,無,
馬公市,房地(土地+建物)+車位,澎湖縣馬公市朝陽路７７號五樓之一,26.49,都市：其他:住宅區,,,1101202,土地4建物1車位1,五層,七層,華廈(10層含以下有電梯),住家用,鋼筋混凝土造,0830509,158.63,3,2,2,有,有,5150000,32465,坡道平面,0.0,0,,RPTNMLQKKIGGFAX07DA,106.5,15.7,0.0,有,
白沙鄉,土地,講美段590地號,156.68,,鄉村區,乙種建築用地,1101203,土地1建物0車位0,,,其他,,,,0.0,0,0,0,有,無,600000,3829,,0.0,0,,RPPNMLMLKIGGFAX98DA,0.0,0.0,0.0,無,014
馬公市,土地,興崁段1101地號,1161.98,,一般農業區,農牧用地,1101216,土地1建物0車位0,,,其他,,,,0.0,0,0,0,有,無,39640000,34114,,0.0,0,權利人為6人，含未來6戶興建房屋價款,RPXNMLRKKIGGFAX57DA,0.0,0.0,0.0,無,015
白沙鄉,土地,後寮段2354-2地號,158.0,,一般農業區,農牧用地,1101220,土地1建物0車位0,,,其他,,,,0.0,0,0,0,有,無,573540,3630,,0.0,0,政府機關標讓售；,RPSNMLOLKIGGFAX96EA,0.0,0.0,0.0,無,
馬公市,土地,興仁段91地號,76.72,,一般農業區,農牧用地,1101210,土地1建物0車位0,,,其他,,,,0.0,0,0,0,有,無,696000,9072,,0.0,0,農作物；,RPTNMLSLKIGGFAX47EA,0.0,0.0,0.0,無,
白沙鄉,土地,岐頭段1079地號,141.0,,鄉村區,乙種建築用地,1101217,土地1建物0車位0,,,其他,,,,0.0,0,0,0,有,無,50000,355,,0.0,0,親友、員工、共有人或其他特殊關係間之交易；,RPRNMLKLKIGGFAX98DA,0.0,0.0,0.0,無,
七美鄉,土地,七美一段645地號,10.46,,鄉村區,乙種建築用地,1101206,土地1建物0車位0,,,其他,,,,0.0,0,0,0,有,無,206271,19720,,0.0,0,政府機關標讓售；,RPRNMLNLKIGGFAX66DA,0.0,0.0,0.0,無,
西嶼鄉,土地,池東段115地號,176.0,,一般農業區,農牧用地,1101206,土地1建物0車位0,,,其他,,,,0.0,0,0,0,有,無,211200,1200,,0.0,0,親友、員工、共有人或其他特殊關係間之交易；,RPTNMLQJKIGGFAX96DA,0.0,0.0,0.0,無,
馬公市,房地(土地+建物),澎湖縣馬公市文光路１６４巷９號,96.73,都市：其他:住宅區,,,1101210,土地1建物1車位0,全,二層,透天厝,住家用,鋼筋混凝土加強磚造,0600120,96.38,4,3,4,有,無,7000000,72629,,0.0,0,,RPOOMLRLKIGGFAX86DA,96.38,0.0,0.0,無,016
馬公市,房地(土地+建物),澎湖縣馬公市菜園６８號六樓之三,20.04,,鄉村區,乙種建築用地,1101213,土地1建物1車位0,六層,六層,華廈(10層含以下有電梯),住家用,鋼筋混凝土造,1080418,70.83,1,1,2,有,有,4080000,57603,,0.0,0,,RPSNMLOKKIGGFAX76DA,48.02,3.82,0.0,有,017
七美鄉,土地,七美三段2344-2地號,38.78,,鄉村區,乙種建築用地,1101215,土地1建物0車位0,,,其他,,,,0.0,0,0,0,有,無,93840,2420,,0.0,0,賣清.越界建築土地交易.親友、員工、共有人或其他特殊關係間之交易；,RPOOMLMLKIGGFAX98DA,0.0,0.0,0.0,無,
馬公市,房地(土地+建物),澎湖縣馬公市三多路１５６號,61.8,都市：其他:住宅區,,,1101210,土地1建物1車位0,全,二層,透天厝,住家用,鋼筋混凝土加強磚造,0650930,89.88,3,2,2,有,無,10800000,120160,,0.0,0,本案係買方買清的案件。照一般買賣慣例本應買方應負擔契稅、行政規費、地政士代辦費*1/2，全由賣方承擔繳納。含地政士服務費；其他；其他增建；未登記建物；,RPPOMLOLKIGGFAX66DA,89.88,0.0,0.0,無,
湖西鄉,土地,成功南段414-1地號,231.53,,一般農業區,農牧用地,1101214,土地1建物0車位0,,,其他,,,,0.0,0,0,0,有,無,2100000,9070,,0.0,0,,RPRNMLRLKIGGFAX07DA,0.0,0.0,0.0,無,
湖西鄉,土地,湖東新段796地號,760.62,,一般農業區,農牧用地,1101219,土地2建物0車位0,,,其他,,,,0.0,0,0,0,有,無,1368000,1799,,0.0,0,,RPVNMLKLKIGGFAX76DA,0.0,0.0,0.0,無,
馬公市,土地,四維段566地號,455.61,都市：其他:農業區,,,1101208,土地7建物0車位0,,,其他,,,,0.0,0,0,0,有,無,566385,1243,,0.0,0,,RPRNMLKMKIGGFAX56EA,0.0,0.0,0.0,無,
望安鄉,建物,澎湖縣望安鄉null,0.0,,,,1101203,土地0建物1車位0,全,一層,透天厝,住家用,造,0070000,66.12,3,1,1,有,無,13224,200,,0.0,0,地清或未辦繼承標售；,RPQNMLQKKIGGFAX86EA,66.12,0.0,0.0,無,
湖西鄉,土地,林投南段163地號,423.69,,一般農業區,農牧用地,1101225,土地1建物0車位0,,,其他,,,,0.0,0,0,0,有,無,2563200,6050,,0.0,0,本案係賣方賣清，增值稅新台幣18萬1488元整，照一般買賣慣例本應（行政規費及地政士代辦費）*1/2，今由買方承擔繳納。,RPTNMLKMKIGGFAX76EA,0.0,0.0,0.0,無,
白沙鄉,土地,講美段2099地號,815.01,,一般農業區,農牧用地,1101223,土地1建物0車位0,,,其他,,,,0.0,0,0,0,有,無,900000,1104,,0.0,0,含土地增值稅或其他稅費；親友、員工、共有人或其他特殊關係間之交易；,RPSNMLSLKIGGFAX27DA,0.0,0.0,0.0,無,
馬公市,土地,安宅段613-1地號,680.31,,一般農業區,農牧用地,1101229,土地1建物0車位0,,,其他,,,,0.0,0,0,0,有,無,6000000,8820,,0.0,0,,RPWNMLSLKIGGFAX67DA,0.0,0.0,0.0,無,
馬公市,土地,中衛段734-1地號,29.81,都市：其他:農業區,,,1101207,土地1建物0車位0,,,其他,,,,0.0,0,0,0,有,無,1938768,65038,,0.0,0,,RPXNMLTLKIGGFAX87DA,0.0,0.0,0.0,無,
馬公市,土地,中衛段733地號,216.21,都市：其他:農業區,,,1101207,土地1建物0車位0,,,其他,,,,0.0,0,0,0,有,無,2943159,13613,,0.0,0,,RPOOMLTLKIGGFAX07DA,0.0,0.0,0.0,無,
馬公市,土地,鐵線段728地號,441.89,,一般農業區,農牧用地,1101224,土地1建物0車位0,,,其他,,,,0.0,0,0,0,有,無,2673000,6049,,0.0,0,,RPPOMLTLKIGGFAX17DA,0.0,0.0,0.0,無,018
七美鄉,土地,七美三段2344-1地號,141.65,,鄉村區,乙種建築用地,1101215,土地1建物0車位0,,,其他,,,,0.0,0,0,0,有,無,342800,2420,,0.0,0,賣清.越界建築土地交易.親友、員工、共有人或其他特殊關係間之交易；,RPXNMLMLKIGGFAX17DA,0.0,0.0,0.0,無,
馬公市,房地(土地+建物),澎湖縣馬公市永和街１巷１１號,68.71,都市：其他:住宅區,,,1101203,土地2建物1車位0,全,二層,透天厝,住家用,鋼筋混凝土加強磚造,0700305,87.02,4,2,2,有,無,5800000,66651,,0.0,0,,RPRNMLNJKIGGFAX09DA,87.02,0.0,0.0,無,
西嶼鄉,土地,竹灣段1549地號,90.77,,鄉村區,乙種建築用地,1101207,土地1建物0車位0,,,其他,,,,0.0,0,0,0,有,無,320000,3525,,0.0,0,,RPWNMLRJKIGGFAX37DA,0.0,0.0,0.0,無,
馬公市,房地(土地+建物),澎湖縣馬公市三多路４６３巷２號,117.94,都市：其他:住宅區,,,1101216,土地3建物1車位0,全,二層,透天厝,住家用,加強磚造,0620301,76.4,2,2,2,有,無,10000000,130890,,0.0,0,,RPPNMLNJJHHGFAX88EA,76.4,0.0,0.0,無,
湖西鄉,土地,湖西北段432地號,444.24,,一般農業區,農牧用地,1101215,土地2建物0車位0,,,其他,,,,0.0,0,0,0,有,無,1343700,3025,,0.0,0,親友、員工、共有人或其他特殊關係間之交易；,RPSNMLKMKIGGFAX66EA,0.0,0.0,0.0,無,
馬公市,房地(土地+建物),澎湖縣馬公市東衛７３之１號,126.49,,鄉村區,乙種建築用地,1101212,土地1建物1車位0,全,三層,透天厝,住家用,鐵筋加強造,0560710,96.71,10,2,2,有,無,400000,4136,,0.0,0,親友、員工、共有人或其他特殊關係間之交易；,RPUNMLKMKIGGFAX86EA,96.71,0.0,0.0,無,019
湖西鄉,土地,城北段939地號,2902.57,,一般農業區,農牧用地,1101217,土地1建物0車位0,,,其他,,,,0.0,0,0,0,有,無,23100000,7958,,0.0,0,,RPVNMLKMKIGGFAX86DA,0.0,0.0,0.0,無,
馬公市,土地,山水東段131地號,1152.94,,一般農業區,農牧用地,1101227,土地1建物0車位0,,,其他,,,,0.0,0,0,0,有,無,2350000,2038,,0.0,0,,RPUOMLTLKIGGFAX67DA,0.0,0.0,0.0,無,
馬公市,土地,東澳段350地號,60.99,都市：其他:住宅區,,,1101231,土地1建物0車位0,,,其他,,,,0.0,0,0,0,有,無,3850000,63125,,0.0,0,,RPQNMLNJJHHGFAX88DA,0.0,0.0,0.0,無,
湖西鄉,土地,沙港北段1445地號,222.75,,鄉村區,乙種建築用地,1101210,土地1建物0車位0,,,其他,,,,0.0,0,0,0,有,無,1416688,6360,,0.0,0,地清或未辦繼承標售；,RPTNMLTLKIGGFAX47DA,0.0,0.0,0.0,無,
馬公市,土地,興崁段814地號,1364.61,,一般農業區,農牧用地,1101227,土地1建物0車位0,,,其他,,,,0.0,0,0,0,有,無,8000000,5862,,0.0,0,,RPWNMLRLKIGGFAX57DA,0.0,0.0,0.0,無,
馬公市,房地(土地+建物),澎湖縣馬公市石泉１之１９２號,53.31,,鄉村區,乙種建築用地,1101210,土地1建物1車位0,全,三層,透天厝,住家用,鋼筋混凝土造,0730621,122.8,3,1,2,有,無,3500000,28502,,0.0,0,,RPRNMLPJJHHGFAX56DA,122.8,0.0,0.0,無,
馬公市,土地,井垵西段1528地號,385.84,,一般農業區,農牧用地,1101228,土地1建物0車位0,,,其他,,,,0.0,0,0,0,有,無,2500000,6479,,0.0,0,親友、員工、共有人或其他特殊關係間之交易；,RPTNMLNJJHHGFAX66EA,0.0,0.0,0.0,無,
湖西鄉,房地(土地+建物),澎湖縣湖西鄉港子尾７８之１６號,295.31,,一般農業區,特定目的事業用地,1101208,土地1建物1車位0,全,一層,透天厝,其他,鋼筋混凝土造,1061116,359.07,29,2,17,有,無,7640000,21277,,0.0,0,親友、員工、共有人或其他特殊關係間之交易；,RPSNMLPJJHHGFAX76EA,354.13,4.94,0.0,無,020
湖西鄉,房地(土地+建物),澎湖縣湖西鄉港子尾７８之１６號,295.31,,一般農業區,特定目的事業用地,1101208,土地1建物1車位0,全,一層,透天厝,其他,鋼筋混凝土造,1061116,359.07,29,2,17,有,無,7640000,21277,,0.0,0,親友、員工、共有人或其他特殊關係間之交易；,SPSNMLPJJHHGFAX86EA,354.13,4.94,0.0,無,020
湖西鄉,土地,許家段380地號,1442.09,,一般農業區,農牧用地,1101207,土地1建物0車位0,,,其他,,,,0.0,0,0,0,有,無,6197999,4298,,0.0,0,地清或未辦繼承標售；,RPTNMLPJJHHGFAX86EA,0.0,0.0,0.0,無,009
白沙鄉,土地,港子新段890地號,24.2,,鄉村區,乙種建築用地,1101216,土地1建物0車位0,,,其他,,,,0.0,0,0,0,有,無,84797,3504,,0.0,0,地清或未辦繼承標售；,RPRNMLKKJHHGFAX88EA,0.0,0.0,0.0,無,023
馬公市,房地(土地+建物)+車位,澎湖縣馬公市三多路４１１號五樓之一,15.41,都市：其他:商業區,,,1101219,土地1建物1車位1,五層,十層,華廈(10層含以下有電梯),住家用,鋼筋混凝土造,0850308,135.94,3,2,2,有,有,5000000,36781,升降機械,0.0,0,,RPWNMLTLKIGGFAX77DA,96.44,10.79,0.0,有,
白沙鄉,土地,後寮南段272地號,1720.88,,一般農業區,農牧用地,1101228,土地3建物0車位0,,,其他,,,,0.0,0,0,0,有,無,4423000,2570,,0.0,0,,RPWOMLTLKIGGFAX87DA,0.0,0.0,0.0,無,
七美鄉,土地,七美二段582地號,14.98,,一般農業區,交通用地,1101220,土地1建物0車位0,,,其他,,,,0.0,0,0,0,有,無,46000,3071,,0.0,0,,RPUNMLSLKIGGFAX47DA,0.0,0.0,0.0,無,024
白沙鄉,房地(土地+建物),澎湖縣白沙鄉大赤崁３８２之３號,177.0,,鄉村區,乙種建築用地,1101219,土地1建物1車位0,全,一層,透天厝,住家用,鋼筋混凝土加強磚造,0720315,66.43,4,2,1,有,無,2400000,36128,,0.0,0,,RPUNMLOJJHHGFAX76DA,66.43,0.0,0.0,無,
馬公市,房地(土地+建物),澎湖縣馬公市西衛１８４號,187.63,,一般農業區,農牧用地,1101228,土地3建物1車位0,全,一層,透天厝,住家用,造,,4.11,0,0,0,無,無,1536875,373936,,0.0,0,,RPXNMLQJJHHGFAX27DA,2.73,1.38,0.0,無,025
馬公市,土地,山水北段533地號,193.89,,一般農業區,農牧用地,1101224,土地1建物0車位0,,,其他,,,,0.0,0,0,0,有,無,1500000,7736,,0.0,0,,RPOOMLQJJHHGFAX09DA,0.0,0.0,0.0,無,026
湖西鄉,土地,鼎灣新段641地號,260.19,,一般農業區,甲種建築用地,1101225,土地3建物0車位0,,,其他,,,,0.0,0,0,0,有,無,1600000,6149,,0.0,0,,RPUNMLQJJHHGFAX96DA,0.0,0.0,0.0,無,027
馬公市,土地,國宅段280地號,1028.52,,一般農業區,農牧用地,1101223,土地1建物0車位0,,,其他,,,,0.0,0,0,0,有,無,9930000,9655,,0.0,0,,RPSNMLRJJHHGFAX86DA,0.0,0.0,0.0,無,001
馬公市,土地,井垵西段849-1地號,39.41,,一般農業區,水利用地,1101228,土地1建物0車位0,,,其他,,,,0.0,0,0,0,有,無,304008,7714,,0.0,0,協議價購；,RPVNMLRJJHHGFAX17DA,0.0,0.0,0.0,無,
馬公市,土地,文寮段883地號,376.05,,一般農業區,農牧用地,1101224,土地1建物0車位0,,,其他,,,,0.0,0,0,0,有,無,4095000,10890,,0.0,0,,RPWNMLRJJHHGFAX27DA,0.0,0.0,0.0,無,
湖西鄉,土地,潭邊新段223地號,1354.01,,一般農業區,農牧用地,1101227,土地1建物0車位0,,,其他,,,,0.0,0,0,0,有,無,1895614,1400,,0.0,0,,RPQNMLRJJHHGFAX76EA,0.0,0.0,0.0,無,
湖西鄉,土地,許家段125地號,915.04,,風景區,農牧用地,1101227,土地3建物0車位0,,,其他,,,,0.0,0,0,0,有,無,1647081,1800,,0.0,0,,RPQNMLNKJHHGFAX09EA,0.0,0.0,0.0,無,029
白沙鄉,房地(土地+建物),澎湖縣白沙鄉大赤崁２４６之１號,259.76,,鄉村區,乙種建築用地,1101223,土地1建物1車位0,全,二層,透天厝,農業用,鋼筋混凝土加強磚造,0790411,138.4,4,3,2,有,無,2933000,21192,,0.0,0,,RPTNMLLKJHHGFAX56EA,138.4,0.0,0.0,無,
白沙鄉,土地,赤崁北段430地號,151.11,,鄉村區,乙種建築用地,1101223,土地1建物0車位0,,,其他,,,,0.0,0,0,0,有,無,1567000,10370,,0.0,0,,SPTNMLLKJHHGFAX66EA,0.0,0.0,0.0,無,
白沙鄉,土地,港子新段890地號,72.6,,鄉村區,乙種建築用地,1101217,土地1建物0車位0,,,其他,,,,0.0,0,0,0,有,無,254391,3504,,0.0,0,地清或未辦繼承標售；,RPQOMLSKJHHGFAX07EA,0.0,0.0,0.0,無,023
馬公市,房地(土地+建物),澎湖縣馬公市民裕街３６巷２０號三樓,60.65,都市：其他:住宅區,,,1101228,土地1建物1車位0,三層,五層,公寓(5樓含以下無電梯),住家用,鋼筋混凝土造,0840119,123.85999999999999,3,2,2,有,無,3200000,25836,,0.0,0,,RPWNMLLKJHHGFAX76DA,101.07,9.75,0.0,無,031
白沙鄉,土地,吉貝西段975地號,11.76,,一般農業區,交通用地,1101209,土地1建物0車位0,,,其他,,,,0.0,0,0,0,有,無,10000,850,,0.0,0,包含公共設施保留地用地；,RPSNMLTJKIGGFAX17DA,0.0,0.0,0.0,無,
白沙鄉,土地,瓦硐南段245地號,1102.17,,一般農業區,農牧用地,1101229,土地1建物0車位0,,,其他,,,,0.0,0,0,0,有,無,2300000,2087,,0.0,0,,RPPNMLRJJHHGFAX56DA,0.0,0.0,0.0,無,032
馬公市,土地,烏崁新段275地號,646.29,,一般農業區,農牧用地,1101214,土地1建物0車位0,,,其他,,,,0.0,0,0,0,有,無,1320250,2043,,0.0,0,,RPPOMLQJJHHGFAX56DA,0.0,0.0,0.0,無,033
馬公市,土地,五福段522-14地號,217.33,,一般農業區,甲種建築用地,1101222,土地1建物0車位0,,,其他,,,,0.0,0,0,0,有,無,6250000,28758,,0.0,0,,RPQNMLQKJHHGFAX66DA,0.0,0.0,0.0,無,
馬公市,建物,澎湖縣馬公市頭掛６１之２０號,0.0,,,,1101224,土地0建物1車位0,全,三層,透天厝,住家用,鋼筋混凝土造,0950501,190.99,4,2,5,有,無,600000,3142,,0.0,0,,RPQOMLOLKIGGFAX76DA,182.99,0.0,8.0,無,
湖西鄉,土地,鼎灣新段119地號,671.8,,一般農業區,農牧用地,1101219,土地1建物0車位0,,,其他,,,,0.0,0,0,0,有,無,1000000,1489,,0.0,0,賣方賣清價。土地增值稅由買方負擔。,RPRNMLTKKIGGFAX17DA,0.0,0.0,0.0,無,
馬公市,房地(土地+建物),澎湖縣馬公市後窟潭７之２３號,122.39,,一般農業區,甲種建築用地,1101214,土地1建物1車位0,全,二層,透天厝,住家用,鋼筋混凝土加強磚造,0690401,103.32,4,2,3,有,無,2600000,25165,,0.0,0,親友、員工、共有人或其他特殊關係間之交易；,RPQNMLMKJHHGFAX88DA,103.32,0.0,0.0,無,
馬公市,房地(土地+建物),澎湖縣馬公市雞母塢２００號,1167.45,,一般農業區,農牧用地,1101209,土地4建物1車位0,全,三層,透天厝,住家用,鋼筋混凝土造,1020829,549.63,10,1,11,有,無,25800000,46941,,0.0,0,,RPVNMLNKJHHGFAX86DA,529.79,19.84,0.0,無,
馬公市,土地,鐵線段1277地號,466.1,,一般農業區,農牧用地,1101220,土地1建物0車位0,,,其他,,,,0.0,0,0,0,有,無,840168,1803,,0.0,0,地清或未辦繼承標售；,RPPNMLRKJHHGFAX76EA,0.0,0.0,0.0,無,
馬公市,土地,雙湖段499地號,18.02,,一般農業區,農牧用地,1101224,土地2建物0車位0,,,其他,,,,0.0,0,0,0,有,無,59100,3280,,0.0,0,,RPPNMLOKJHHGFAX09EA,0.0,0.0,0.0,無,
馬公市,房地(土地+建物),澎湖縣馬公市文明路１５６號四樓,22.22,都市：其他:住宅區,,,1101222,土地1建物1車位0,四層,七層,華廈(10層含以下有電梯),住家用,鋼筋混凝土造,0840128,103.44,3,1,2,有,無,3000000,29002,,0.0,0,,RPRNMLTKJHHGFAX07DA,78.77,9.29,0.0,有,
湖西鄉,土地,紅羅段1931地號,841.5,,一般農業區,農牧用地,1101229,土地1建物0車位0,,,其他,,,,0.0,0,0,0,有,無,2000000,2377,,0.0,0,,RPXNMLRJJHHGFAX37DA,0.0,0.0,0.0,無,
馬公市,土地,四維段852地號,11.77,,鄉村區,乙種建築用地,1101209,土地1建物0車位0,,,其他,,,,0.0,0,0,0,有,無,360000,30586,,0.0,0,買方另支付土地增值稅58558元整,RPQOMLKKJHHGFAX78DA,0.0,0.0,0.0,無,010
馬公市,土地,四維段852地號,58.85,,鄉村區,乙種建築用地,1101221,土地1建物0車位0,,,其他,,,,0.0,0,0,0,有,無,300000,5098,,0.0,0,買方另支付土地增值稅15474元整,RPPOMLKKJHHGFAX68DA,0.0,0.0,0.0,無,010
馬公市,土地,五福段522-11地號,195.08,,一般農業區,甲種建築用地,1101222,土地1建物0車位0,,,其他,,,,0.0,0,0,0,有,無,4850000,24862,,0.0,0,,RPPNMLQKJHHGFAX56DA,0.0,0.0,0.0,無,
七美鄉,土地,七美六段248地號,357.5,,風景區,農牧用地,1101209,土地1建物0車位0,,,其他,,,,0.0,0,0,0,有,無,216280,605,,0.0,0,,RPSNMLMKJHHGFAX09DA,0.0,0.0,0.0,無,
馬公市,建物,澎湖縣馬公市文林街３０號,0.0,,,,1101215,土地0建物1車位0,全,二層,透天厝,住家用,補強紅磚造,0730529,108.0,3,2,2,有,無,2300000,21296,,0.0,0,親友、員工、共有人或其他特殊關係間之交易；,RPQNMLMJJHHGFAX78DA,108.0,0.0,0.0,無,
馬公市,土地,文東段1152地號,732.6,,一般農業區,農牧用地,1101221,土地1建物0車位0,,,其他,,,,0.0,0,0,0,有,無,5533333,7553,,0.0,0,地清或未辦繼承標售；,RPPOMLRKJHHGFAX86EA,0.0,0.0,0.0,無,
馬公市,土地,四維段852地號,4.71,,鄉村區,乙種建築用地,1101216,土地1建物0車位0,,,其他,,,,0.0,0,0,0,有,無,75000,15924,,0.0,0,買方另支付土地增值稅3600元整,RPXNMLLKJHHGFAX86DA,0.0,0.0,0.0,無,010
馬公市,土地,鎖港南段41地號,803.01,,一般農業區,農牧用地,1101201,土地3建物0車位0,,,其他,,,,0.0,0,0,0,有,無,1263132,1573,,0.0,0,,RPSNMLLJKIGGFAX98DA,0.0,0.0,0.0,無,
馬公市,土地,四維段852地號,4.71,,鄉村區,乙種建築用地,1101216,土地1建物0車位0,,,其他,,,,0.0,0,0,0,有,無,80000,16985,,0.0,0,買方另支付土地增值稅10016元整,RPRNMLLKJHHGFAX88DA,0.0,0.0,0.0,無,010
湖西鄉,房地(土地+建物),澎湖縣湖西鄉８３之１號,372.06,,鄉村區,乙種建築用地,1101201,土地2建物1車位0,全,二層,透天厝,住家用,鋼筋混凝土加強磚造,0680728,103.24,3,3,3,有,無,5880000,56955,,0.0,0,,RPUNMLMLJHHGFAX76DA,103.24,0.0,0.0,無,
湖西鄉,土地,紅羅段930地號,302.78,,鄉村區,乙種建築用地,1101228,土地1建物0車位0,,,其他,,,,0.0,0,0,0,有,無,2289000,7560,,0.0,0,,RPUNMLOLJHHGFAX96DA,0.0,0.0,0.0,無,038
湖西鄉,土地,許家段1206-1地號,357.4,,一般農業區,甲種建築用地,1101223,土地3建物0車位0,,,其他,,,,0.0,0,0,0,有,無,1430000,4001,,0.0,0,,RPUNMLPLJHHGFAX07DA,0.0,0.0,0.0,無,
馬公市,土地,興崁段1095-1地號,230.71,,一般農業區,甲種建築用地,1101221,土地2建物0車位0,,,其他,,,,0.0,0,0,0,有,無,2500000,10836,,0.0,0,,RPOOMLOLJHHGFAX09DA,0.0,0.0,0.0,無,039
馬公市,土地,文東段425地號,1228.72,,一般農業區,農牧用地,1101213,土地1建物0車位0,,,其他,,,,0.0,0,0,0,有,無,47694400,38816,,0.0,0,權利人共6人含未來5戶興建房屋價款,RPSNMLKLJHHGFAX98DA,0.0,0.0,0.0,無,
馬公市,土地,四維段852地號,4.71,,鄉村區,乙種建築用地,1101216,土地1建物0車位0,,,其他,,,,0.0,0,0,0,有,無,80000,16985,,0.0,0,買方另支付土地增值稅18020元整,RPPNMLLKJHHGFAX68DA,0.0,0.0,0.0,無,010
馬公市,房地(土地+建物),澎湖縣馬公市雞母塢３８之１０號,305.49,,一般農業區,甲種建築用地,1101210,土地2建物1車位0,全,三層,透天厝,住家用,鋼筋混凝土造,1040708,302.95,8,1,9,有,無,10800000,35649,,0.0,0,,RPSOMLRKJHHGFAX07DA,286.72,16.23,0.0,無,
白沙鄉,房地(土地+建物),澎湖縣白沙鄉大赤崁１２之７號,202.42,,一般農業區,甲種建築用地,1101229,土地2建物1車位0,全,三層,透天厝,住家用,鋼筋混凝土造,1100108,219.33,5,2,4,有,無,7680000,35016,,0.0,0,,RPPNMLPLJHHGFAX56DA,205.68,13.65,0.0,無,
馬公市,房地(土地+建物),澎湖縣馬公市石泉１之２７０號,64.4,,一般農業區,甲種建築用地,1101205,土地1建物1車位0,全,二層,透天厝,住家用,鋼筋混凝土加強磚造,0791201,80.8,3,2,2,有,無,3700000,45792,,0.0,0,,RPUNMLQLJHHGFAX17DA,80.8,0.0,0.0,無,041
馬公市,房地(土地+建物),澎湖縣馬公市東文澳３８５號,228.83,,一般農業區,甲種建築用地,1101231,土地2建物1車位0,全,三層,透天厝,住家用,鋼筋混凝土造,1101116,276.4,5,2,6,有,無,10000000,36179,,0.0,0,,RPUNMLRJKHHGFAX17DA,266.72,9.68,0.0,有,
馬公市,土地,五德東段749地號,601.76,,一般農業區,農牧用地,1101201,土地1建物0車位0,,,其他,,,,0.0,0,0,0,有,無,4500000,7478,,0.0,0,,RPPOMLLKJHHGFAX78DA,0.0,0.0,0.0,無,
馬公市,土地,五德東段840地號,216.26,,一般農業區,農牧用地,1101201,土地1建物0車位0,,,其他,,,,0.0,0,0,0,有,無,1650000,7630,,0.0,0,,RPQOMLLKJHHGFAX88DA,0.0,0.0,0.0,無,
馬公市,土地,五德東段802地號,452.05,,一般農業區,農牧用地,1101201,土地4建物0車位0,,,其他,,,,0.0,0,0,0,有,無,1360000,3009,,0.0,0,,RPROMLLKJHHGFAX98DA,0.0,0.0,0.0,無,
馬公市,房地(土地+建物),澎湖縣馬公市雞母塢２１之１號,111.09,,鄉村區,乙種建築用地,1101201,土地1建物1車位0,全,一層,透天厝,住家用,加強磚造,0980724,32.74,2,2,2,有,無,2500000,76359,,0.0,0,,RPTOMLLKJHHGFAX56DA,32.74,0.0,0.0,無,
湖西鄉,房地(土地+建物),澎湖縣湖西鄉２０號,512.06,,一般農業區,農牧用地,1101216,土地2建物1車位0,全,一層,透天厝,住家用,造,0360000,29.75,0,0,0,無,無,910000,30588,,0.0,0,親友、員工、共有人或其他特殊關係間之交易；,RPVNMLPLJHHGFAX17DA,29.75,0.0,0.0,無,
馬公市,房地(土地+建物),澎湖縣馬公市文昌街５０之４號,49.25,都市：其他:住宅區,,,1101228,土地1建物1車位0,五層,六層,華廈(10層含以下有電梯),住家用,鋼筋混凝土造,0821027,229.9,4,2,2,有,無,6500000,28273,,0.0,0,,RPPNMLMKKHHGFAX88DA,154.12,15.66,0.0,有,
馬公市,房地(土地+建物),澎湖縣馬公市成功街３５號,247.03,都市：其他:住宅區,,,1101230,土地1建物1車位0,全,五層,透天厝,其他,鋼筋混凝土造,1101216,731.03,16,1,17,有,無,39500000,54033,,0.0,0,,RPPNMLTJKHHGFAX86DA,676.79,54.24,0.0,有,
馬公市,土地,中衛段421地號,587.86,都市：其他:乙種工業區,,,1101231,土地1建物0車位0,,,其他,,,,0.0,0,0,0,有,無,8891250,15125,,0.0,0,,RPRNMLTJKHHGFAX07DA,0.0,0.0,0.0,無,042
西嶼鄉,房地(土地+建物),澎湖縣西嶼鄉二崁村２０號,323.5,都市：其他:傳統住宅區,,,1101221,土地2建物1車位0,全,一層,透天厝,住家用,造,,83.74,3,1,1,有,無,7300000,87175,,0.0,0,親友、員工、共有人或其他特殊關係間之交易；,RPWNMLQKKHHGFAX37DA,83.74,0.0,0.0,無,
馬公市,房地(土地+建物),澎湖縣馬公市三多路３４５號,29.1,都市：其他:住宅區,,,1101208,土地2建物1車位0,一層,十四層,住宅大樓(11層含以上有電梯),商業用,鋼筋混凝土造,0950710,177.09,0,1,1,有,有,8410000,47490,,0.0,0,親友、員工、共有人或其他特殊關係間之交易；,RPOOMLQKKHHGFAX66DA,108.28,0.0,0.0,有,043
馬公市,房地(土地+建物),澎湖縣馬公市宅嶼１之５號二樓之７,23.78,,鄉村區,乙種建築用地,1101201,土地1建物1車位0,二層,五層,華廈(10層含以下有電梯),住家用,鋼筋混凝土造,1090505,67.67,2,1,1,有,無,3980000,58815,,0.0,0,,RPTNMLLLKHHGFAX66DA,45.83,5.29,0.0,有,044
馬公市,土地,山水西段323地號,890.26,,一般農業區,農牧用地,1101204,土地2建物0車位0,,,其他,,,,0.0,0,0,0,有,無,12118000,13612,,0.0,0,,RPPNMLNKKHHGFAX98DA,0.0,0.0,0.0,無,
馬公市,房地(土地+建物)+車位,澎湖縣馬公市吉港路１６８巷５號３樓之３,47.51,都市：其他:住宅區,,,1101231,土地1建物1車位1,三層,五層,華廈(10層含以下有電梯),住家用,鋼筋混凝土造,1101022,132.8,3,1,2,有,無,5300000,39910,一樓平面,0.0,0,,RPWNMLLLKHHGFAX96DA,77.28,8.88,0.0,有,
馬公市,房地(土地+建物)+車位,澎湖縣馬公市吉港路１６８巷５號３樓之５,48.61,都市：其他:住宅區,,,1101231,土地1建物1車位1,三層,五層,華廈(10層含以下有電梯),住家用,鋼筋混凝土造,1101022,135.01,3,1,2,有,無,5380000,39849,一樓平面,0.0,0,,RPXNMLLLKHHGFAX07DA,79.69,7.21,0.0,有,
馬公市,房地(土地+建物),澎湖縣馬公市東衛３５２號,239.23,,一般農業區,甲種建築用地,1101202,土地2建物1車位0,全,三層,透天厝,住家用,鋼筋混凝土造,1051213,289.54,7,2,7,有,無,12600000,43517,,0.0,0,,RPOOMLLLKHHGFAX88DA,271.18,18.36,0.0,無,
馬公市,土地,五福段44-2地號,426.12,,一般農業區,農牧用地,1101220,土地1建物0車位0,,,其他,,,,0.0,0,0,0,有,無,9100000,21355,,0.0,0,賣方賣清價。土地增值稅由買方負擔。,RPTNMLMLKHHGFAX76DA,0.0,0.0,0.0,無,
馬公市,房地(土地+建物),澎湖縣馬公市宅嶼１之５號二樓之８,24.69,,鄉村區,乙種建築用地,1101207,土地1建物1車位0,二層,五層,華廈(10層含以下有電梯),住家用,鋼筋混凝土造,1090505,70.75,2,1,1,有,無,4000000,56537,,0.0,0,,RPPNMLPLKHHGFAX66DA,49.29,4.14,0.0,有,045
馬公市,房地(土地+建物),澎湖縣馬公市石泉１之５６號,57.07,,鄉村區,乙種建築用地,1101214,土地1建物1車位0,全,二層,透天厝,住家用,鋼筋混凝土造,0720118,82.4,3,2,3,有,無,3300000,40049,,0.0,0,,RPQNMLMJLHHGFAX09EA,82.4,0.0,0.0,無,046
馬公市,房地(土地+建物),澎湖縣馬公市東衛２０３號,92.73,,鄉村區,乙種建築用地,1101221,土地1建物1車位0,全,四層,透天厝,住家用,鋼筋混凝土造,0840714,217.52,4,1,4,有,無,5900000,27124,,0.0,0,,RPQOMLMJLHHGFAX09DA,206.37,11.15,0.0,無,
馬公市,土地,光榮段991地號,145.12,都市：其他:住宅區,,,1101129,土地1建物0車位0,,,其他,,,,0.0,0,0,0,有,無,17560000,121003,,0.0,0,未登記建物；,RPTNMLKMJIGGFAX56DA,0.0,0.0,0.0,無,
湖西鄉,土地,成功南段1095-5地號,329.79,,一般農業區,農牧用地,1101126,土地1建物0車位0,,,其他,,,,0.0,0,0,0,有,無,5680000,17223,,0.0,0,,RPTNMLNJKIGGFAX66DA,0.0,0.0,0.0,無,
七美鄉,土地,七美三段2345-1地號,66.28,,鄉村區,乙種建築用地,1101126,土地1建物0車位0,,,其他,,,,0.0,0,0,0,有,無,160400,2420,,0.0,0,1.賣清2.越界建築之土地買賣親友、員工、共有人或其他特殊關係間之交易；,RPPNMLPJKIGGFAX09DA,0.0,0.0,0.0,無,
馬公市,房地(土地+建物),澎湖縣馬公市鐵線尾２５之２０號,140.04,,鄉村區,乙種建築用地,1101124,土地1建物1車位0,全,四層,透天厝,住家用,鋼筋混凝土造,0860320,256.43,5,2,3,有,無,6870000,26791,,0.0,0,,RPRNMLPJKIGGFAX66DA,236.18,20.25,0.0,無,047
湖西鄉,土地,白坑段734地號,730.71,,一般農業區,農牧用地,1101117,土地8建物0車位0,,,其他,,,,0.0,0,0,0,有,無,1324000,1812,,0.0,0,,RPSNMLNJKIGGFAX56DA,0.0,0.0,0.0,無,
馬公市,土地,五德西段144地號,184.21,,鄉村區,乙種建築用地,1101129,土地1建物0車位0,,,其他,,,,0.0,0,0,0,有,無,1800000,9771,,0.0,0,,RPVNMLKKKIGGFAX66DA,0.0,0.0,0.0,無,
馬公市,房地(土地+建物),澎湖縣馬公市文山路５５巷２９號,20.93,都市：其他:道路用地,,,1101110,土地2建物1車位0,全,一層,透天厝,住家用,造,0290000,4.23,2,1,1,有,無,150000,35461,,0.0,0,瑕疵物件；畸零地或有合併使用效益；,RPPNMLRJKIGGFAX76EA,4.22,0.0,0.0,無,
湖西鄉,土地,隘門新段955地號,509.4,,一般農業區,農牧用地,1101115,土地1建物0車位0,,,其他,,,,0.0,0,0,0,有,無,2310000,4535,,0.0,0,,RPTNMLRJKIGGFAX07DA,0.0,0.0,0.0,無,
白沙鄉,房地(土地+建物),澎湖縣白沙鄉後寮３２之１號,147.26,,鄉村區,乙種建築用地,1101125,土地1建物1車位0,全,二層,透天厝,住家用,加強磚造,0901214,131.39,3,1,3,有,無,660000,5023,,0.0,0,親友、員工、共有人或其他特殊關係間之交易；其他增建；,RPRNMLPLJIGGFAX76DA,131.39,0.0,0.0,無,
馬公市,房地(土地+建物),澎湖縣馬公市文山路３５８巷４０號二樓之二,54.73,都市：其他:住宅區,,,1101103,土地2建物1車位0,二層，三層,五層,公寓(5樓含以下無電梯),住家用,鋼筋混凝土造,0801012,99.58,4,2,3,有,無,3150000,31633,,0.0,0,,RPPNMLNKKIGGFAX98DA,99.58,0.0,0.0,無,
湖西鄉,土地,南寮北段1308地號,80.42,,鄉村區,乙種建築用地,1101130,土地1建物0車位0,,,其他,,,,0.0,0,0,0,有,無,480000,5969,,0.0,0,,RPUNMLOKKIGGFAX07EA,0.0,0.0,0.0,無,
馬公市,土地,鐵線段748地號,1036.67,,一般農業區,農牧用地,1101124,土地1建物0車位0,,,其他,,,,0.0,0,0,0,有,無,6588889,6356,,0.0,0,地清或未辦繼承標售；,RPSNMLNKKIGGFAX76EA,0.0,0.0,0.0,無,
馬公市,房地(土地+建物),澎湖縣馬公市風櫃尾１５０號,1538.85,,一般農業區,農牧用地,1101123,土地4建物1車位0,全,二層,透天厝,住家用,加強磚造,0960522,375.98,9,1,10,有,無,28380000,75483,,0.0,0,,RPPOMLOKKIGGFAX56DA,346.69,8.58,20.71,無,
湖西鄉,土地,許家段1195地號,1785.09,,一般農業區,農牧用地,1101114,土地1建物0車位0,,,其他,,,,0.0,0,0,0,有,無,7000000,3921,,0.0,0,,RPTNMLPKKIGGFAX96DA,0.0,0.0,0.0,無,
湖西鄉,土地,鼎灣新段643-3地號,213.65,,一般農業區,甲種建築用地,1101124,土地2建物0車位0,,,其他,,,,0.0,0,0,0,有,無,1585000,7419,,0.0,0,,RPOOMLPKKIGGFAX56DA,0.0,0.0,0.0,無,048
望安鄉,土地,望安段337-1地號,1106.0,,一般農業區,農牧用地,1101115,土地1建物0車位0,,,其他,,,,0.0,0,0,0,有,無,3345600,3025,,0.0,0,,RPPNMLSJKIGGFAX76DA,0.0,0.0,0.0,無,
湖西鄉,房地(土地+建物),澎湖縣湖西鄉港底１８７之１號,202.74,,一般農業區,甲種建築用地,1101129,土地2建物1車位0,全,三層,透天厝,住家用,鋼筋混凝土造,1100504,227.23,5,2,6,有,無,8160000,35911,,0.0,0,,RPXNMLOKKIGGFAX27DA,217.4,9.83,0.0,無,
湖西鄉,土地,成功南段851-6地號,211.88,,一般農業區,甲種建築用地,1101119,土地2建物0車位0,,,其他,,,,0.0,0,0,0,有,無,7490000,35350,,0.0,0,土地交易案件之價格含未來興建房屋成本；,RPUNMLTKJIGGFAX37DA,0.0,0.0,0.0,無,049
馬公市,土地,國宅段497地號,93.34,都市：其他:住宅區,,,1101124,土地1建物0車位0,,,其他,,,,0.0,0,0,0,有,無,1560000,16713,,0.0,0,地清或未辦繼承標售；,RPSNMLKLKIGGFAX56EA,0.0,0.0,0.0,無,
馬公市,土地,鐵線段713地號,383.22,,一般農業區,農牧用地,1101124,土地1建物0車位0,,,其他,,,,0.0,0,0,0,有,無,1780000,4645,,0.0,0,地清或未辦繼承標售；,SPSNMLKLKIGGFAX66EA,0.0,0.0,0.0,無,
馬公市,房地(土地+建物),澎湖縣馬公市宅嶼１７３號,221.25,,一般農業區,甲種建築用地,1101112,土地4建物1車位0,全,三層,透天厝,住家用,鋼筋混凝土造,1050622,231.18,4,1,5,有,無,13000000,56233,,0.0,0,,RPWNMLKLKIGGFAX86DA,211.85,19.33,0.0,無,
馬公市,房地(土地+建物),澎湖縣馬公市頭掛１８２號,248.54,,一般農業區,甲種建築用地,1101121,土地4建物1車位0,全,三層,透天厝,住家用,鋼筋混凝土造,1030922,310.91,9,9,2,有,無,12000000,38596,,0.0,0,,RPSNMLKMJIGGFAX09DA,288.09,22.82,0.0,無,050
湖西鄉,土地,湖西南段2362地號,118.92,,一般農業區,農牧用地,1101125,土地1建物0車位0,,,其他,,,,0.0,0,0,0,有,無,166505,1400,,0.0,0,地清或未辦繼承標售；,RPPOMLPKKIGGFAX66DA,0.0,0.0,0.0,無,
湖西鄉,房地(土地+建物),澎湖縣湖西鄉港子尾１６之２號,111.47,,一般農業區,甲種建築用地,1101117,土地1建物1車位0,全,四層,透天厝,住家用,鋼筋混凝土造,1021213,203.91,5,2,6,有,無,11150000,54681,,0.0,0,其他增建；,RPUNMLTJKIGGFAX37DA,183.17,20.74,0.0,無,051
白沙鄉,土地,赤崁北段593地號,1015.66,,一般農業區,農牧用地,1101118,土地1建物0車位0,,,其他,,,,0.0,0,0,0,有,無,2150000,2117,,0.0,0,,RPQNMLMLKIGGFAX09DA,0.0,0.0,0.0,無,
湖西鄉,土地,潭邊新段679地號,330.46,,鄉村區,乙種建築用地,1101104,土地2建物0車位0,,,其他,,,,0.0,0,0,0,有,無,3438234,10404,,0.0,0,,RPRNMLMLKIGGFAX56DA,0.0,0.0,0.0,無,052
白沙鄉,土地,吉貝東段436地號,2483.02,,一般農業區,農牧用地,1101128,土地1建物0車位0,,,其他,,,,0.0,0,0,0,有,無,3500000,1410,,0.0,0,,RPWNMLRKKIGGFAX47DA,0.0,0.0,0.0,無,
白沙鄉,房地(土地+建物),澎湖縣白沙鄉通梁國宅社區１２號,106.01,都市：其他:住宅區,,,1101130,土地2建物1車位0,全,二層,透天厝,住家用,鋼筋混凝土加強磚造,0680116,81.0,3,2,1,有,無,1530000,18889,,0.0,0,,RPSNMLRKKIGGFAX07DA,81.0,0.0,0.0,無,
湖西鄉,土地,南寮南段824地號,54.33,,一般農業區,農牧用地,1101102,土地1建物0車位0,,,其他,,,,0.0,0,0,0,有,無,78000,1436,,0.0,0,地清或未辦繼承標售；,RPTNMLMLKIGGFAX86EA,0.0,0.0,0.0,無,
馬公市,土地,文東段317地號,56.96,,一般農業區,農牧用地,1101125,土地1建物0車位0,,,其他,,,,0.0,0,0,0,有,無,158988,2791,,0.0,0,地清或未辦繼承標售；,RPPNMLLLKIGGFAX98EA,0.0,0.0,0.0,無,
馬公市,土地,裡新段1437地號,1063.73,,風景區,農牧用地,1101118,土地3建物0車位0,,,其他,,,,0.0,0,0,0,有,無,1700000,1598,,0.0,0,,RPPNMLNLKIGGFAX09DA,0.0,0.0,0.0,無,053
望安鄉,土地,東吉段945地號,242.5,,鄉村區,乙種建築用地,1101123,土地1建物0車位0,,,其他,,,,0.0,0,0,0,有,無,1176776,4853,,0.0,0,地清或未辦繼承標售；,RPVNMLRKKIGGFAX37DA,0.0,0.0,0.0,無,
白沙鄉,土地,講美段768地號,207.94,,鄉村區,乙種建築用地,1101111,土地1建物0車位0,,,其他,,,,0.0,0,0,0,有,無,800000,3847,,0.0,0,未登記建物；,RPWNMLQKKIGGFAX37DA,0.0,0.0,0.0,無,054
馬公市,土地,烏崁新段254地號,718.76,,一般農業區,農牧用地,1101129,土地2建物0車位0,,,其他,,,,0.0,0,0,0,有,無,2609000,3630,,0.0,0,烏崁新段240地號：每坪＄25744買賣總價金為＄890492元；烏崁新段254地號：每坪＄9400買賣總價金為＄1718508元,RPVNMLRLKIGGFAX47DA,0.0,0.0,0.0,無,
馬公市,土地,五德東段512地號,1267.2,,一般農業區,農牧用地,1101111,土地1建物0車位0,,,其他,,,,0.0,0,0,0,有,無,6890000,5437,,0.0,0,,RPSNMLNLKIGGFAX76DA,0.0,0.0,0.0,無,055
湖西鄉,土地,葉新段495地號,130.47,,鄉村區,乙種建築用地,1101129,土地1建物0車位0,,,其他,,,,0.0,0,0,0,有,無,391888,3004,,0.0,0,地清或未辦繼承標售；,RPQNMLOLKIGGFAX66DA,0.0,0.0,0.0,無,
西嶼鄉,房地(土地+建物),澎湖縣西嶼鄉外垵２９之４１號,210.5,,一般農業區,甲種建築用地,1101101,土地2建物1車位0,全,三層,透天厝,住家用,鋼筋混凝土造,1100317,224.11,4,1,5,有,無,7860000,35072,,0.0,0,,RPUNMLTLKIGGFAX57DA,203.62,20.49,0.0,無,
馬公市,土地,五福段689地號,1940.92,,一般農業區,農牧用地,1101104,土地1建物0車位0,,,其他,,,,0.0,0,0,0,有,無,15852000,8167,,0.0,0,,RPXOMLTLKIGGFAX97DA,0.0,0.0,0.0,無,
馬公市,房地(土地+建物),澎湖縣馬公市東衛１１３號,319.99,,鄉村區,乙種建築用地,1101122,土地1建物1車位0,全,三層,透天厝,住商用,鋼骨構造,1080621,388.62,3,3,4,有,無,17700000,45546,,0.0,0,,RPUNMLNLJIGGFAX86DA,360.54,28.08,0.0,無,
馬公市,土地,國宅段181-2地號,170.25,,一般農業區,甲種建築用地,1101129,土地2建物0車位0,,,其他,,,,0.0,0,0,0,有,無,1360000,7988,,0.0,0,,RPPNMLMJJHHGFAX68DA,0.0,0.0,0.0,無,
馬公市,房地(土地+建物)+車位,澎湖縣馬公市文光路１３８之１號二樓,53.43,都市：其他:住宅區,,,1101127,土地2建物1車位1,二層，夾層,五層,華廈(10層含以下有電梯),住家用,鋼筋混凝土造,0840110,202.44,4,2,3,有,無,7660000,37838,一樓平面,0.0,0,,RPQNMLPJJHHGFAX09DA,142.18,12.84,0.0,有,
馬公市,房地(土地+建物),澎湖縣馬公市民裕街４８號,258.0,都市：其他:住宅區,,,1101122,土地2建物1車位0,全,三層,透天厝,住家用,鋼筋混凝土造,0851105,235.1,5,2,3,有,無,19600000,83369,,0.0,0,,RPSNMLOLJIGGFAX76DA,229.2,5.9,0.0,無,
馬公市,土地,北極段650地號,354.49,都市：其他:住宅區,,,1101104,土地2建物0車位0,,,其他,,,,0.0,0,0,0,有,無,6000000,16926,,0.0,0,,RPWNMLQJJHHGFAX17DA,0.0,0.0,0.0,無,
湖西鄉,土地,許家段785地號,772.74,,一般農業區,農牧用地,1101108,土地1建物0車位0,,,其他,,,,0.0,0,0,0,有,無,7947500,10285,,0.0,0,,RPPNMLKKJHHGFAX68EA,0.0,0.0,0.0,無,
馬公市,土地,六合段645-1地號,59.65,,一般農業區,農牧用地,1101129,土地1建物0車位0,,,其他,,,,0.0,0,0,0,有,無,2160000,36211,,0.0,0,土地增值稅由買方負擔,RPUOMLLKJHHGFAX66DA,0.0,0.0,0.0,無,056
馬公市,房地(土地+建物),澎湖縣馬公市西文澳８６之１６３號,172.28,,一般農業區,甲種建築用地,1101115,土地2建物1車位0,全,三層,透天厝,住家用,鋼筋混凝土造,1101108,253.76,7,2,8,有,無,8000000,31526,,0.0,0,,RPUNMLNKJHHGFAX76DA,242.22,11.54,0.0,無,
馬公市,土地,五福段498-1地號,275.93,,一般農業區,農牧用地,1101102,土地1建物0車位0,,,其他,,,,0.0,0,0,0,有,無,6800000,24644,,0.0,0,親友、員工、共有人或其他特殊關係間之交易；,RPQNMLSJJHHGFAX76DA,0.0,0.0,0.0,無,057
馬公市,土地,五德西段254地號,112.35,,一般農業區,農牧用地,1101109,土地1建物0車位0,,,其他,,,,0.0,0,0,0,有,無,350000,3115,,0.0,0,,RPWNMLPKJIGGFAX17DA,0.0,0.0,0.0,無,
馬公市,房地(土地+建物)+車位,澎湖縣馬公市文山路２７巷８之１號,31.76,都市：其他:住宅區,,,1101129,土地1建物1車位1,一層,十層,華廈(10層含以下有電梯),住家用,鋼筋混凝土造,1060328,156.98000000000002,3,2,2,有,有,8500000,54147,坡道平面,0.0,0,,RPROMLRKJHHGFAX96DA,83.33,8.82,0.0,有,058
西嶼鄉,房地(土地+建物),澎湖縣西嶼鄉橫礁３１之６號,668.59,,一般農業區,農牧用地,1101127,土地1建物1車位0,全,二層,透天厝,農業用,鋼筋混凝土造,1010523,152.86,3,2,4,有,無,6700000,43831,,0.0,0,,RPVNMLSKJHHGFAX37DA,144.9,7.96,0.0,無,
馬公市,房地(土地+建物),澎湖縣馬公市民生路６號,93.0,都市：其他:商業區,,,1101120,土地2建物1車位0,全,四層,透天厝,住商用,鋼筋混凝土加強磚造,0640114,363.9,4,2,4,有,無,28800000,79143,,0.0,0,,RPQOMLRKJHHGFAX86DA,363.9,0.0,0.0,無,
馬公市,房地(土地+建物),澎湖縣馬公市null,137.67,,鄉村區,乙種建築用地,1101112,土地1建物1車位0,全,一層,透天厝,住家用,造,0080000,38.67,4,2,1,有,無,1116789,28880,,0.0,0,地清或未辦繼承標售；,RPPNMLQKKIGGFAX76EA,38.67,0.0,0.0,無,
馬公市,土地,四維段852地號,4.71,,鄉村區,乙種建築用地,1101122,土地1建物0車位0,,,其他,,,,0.0,0,0,0,有,無,75000,15924,,0.0,0,買方另支付土地增值稅22749元整,RPROMLKKJHHGFAX88DA,0.0,0.0,0.0,無,010
湖西鄉,土地,湖西南段1032地號,244.06,,一般農業區,甲種建築用地,1101130,土地2建物0車位0,,,其他,,,,0.0,0,0,0,有,無,6600000,27043,,0.0,0,土地交易案件之價格含未來興建房屋成本；,RPXNMLOLJHHGFAX27DA,0.0,0.0,0.0,無,
馬公市,土地,東澳段815地號,135.71,都市：其他:住宅區,,,1101113,土地1建物0車位0,,,其他,,,,0.0,0,0,0,有,無,8100000,59686,,0.0,0,,RPVNMLMKJIGGFAX76DA,0.0,0.0,0.0,無,
馬公市,土地,安宅段1709地號,669.22,,一般農業區,農牧用地,1101111,土地1建物0車位0,,,其他,,,,0.0,0,0,0,有,無,5668000,8470,,0.0,0,,RPRNMLNLKHHGFAX66DA,0.0,0.0,0.0,無,
西嶼鄉,土地,池東段536地號,102.56,,鄉村區,乙種建築用地,1101127,土地1建物0車位0,,,其他,,,,0.0,0,0,0,有,無,868000,8463,,0.0,0,,RPVNMLOLJHHGFAX07DA,0.0,0.0,0.0,無,
七美鄉,土地,七美一段408地號,591.51,,風景區,農牧用地,1101110,土地1建物0車位0,,,其他,,,,0.0,0,0,0,有,無,660000,1116,,0.0,0,依土地法第34條之一處分,RPPNMLKKKHHGFAX68DA,0.0,0.0,0.0,無,
馬公市,土地,興崁段1105-2地號,172.33,,一般農業區,甲種建築用地,1101016,土地2建物0車位0,,,其他,,,,0.0,0,0,0,有,無,8020000,46539,,0.0,0,土地交易案件之價格含未來興建房屋成本；,RPQNMLSKIIGGFAX76DA,0.0,0.0,0.0,無,
七美鄉,土地,七美二段71地號,2105.0,,一般農業區,農牧用地,1101015,土地1建物0車位0,,,其他,,,,0.0,0,0,0,有,無,2627000,1248,,0.0,0,,RPTNMLTJKIGGFAX27DA,0.0,0.0,0.0,無,
白沙鄉,土地,赤崁中段726地號,89.59,,一般農業區,甲種建築用地,1101010,土地1建物0車位0,,,其他,,,,0.0,0,0,0,有,無,1500000,16743,,0.0,0,,RPVNMLNKKIGGFAX96DA,0.0,0.0,0.0,無,060
馬公市,土地,山水北段516地號,380.4,,一般農業區,農牧用地,1101025,土地1建物0車位0,,,其他,,,,0.0,0,0,0,有,無,2800000,7361,,0.0,0,,RPXNMLQKKIGGFAX47DA,0.0,0.0,0.0,無,
馬公市,土地,興崁段535-6地號,228.02,,一般農業區,甲種建築用地,1101020,土地2建物0車位0,,,其他,,,,0.0,0,0,0,有,無,9000000,39470,,0.0,0,1.本案為農變建之起造人變更2.含未來興建房屋價款,RPTNMLRKKIGGFAX17DA,0.0,0.0,0.0,無,061
西嶼鄉,土地,橫礁新段1283地號,398.66,,風景區,農牧用地,1101026,土地1建物0車位0,,,其他,,,,0.0,0,0,0,有,無,521314,1308,,0.0,0,地清或未辦繼承標售；,RPVNMLMLKIGGFAX07EA,0.0,0.0,0.0,無,
馬公市,土地,五德西段192地號,228.08,,鄉村區,乙種建築用地,1101017,土地1建物0車位0,,,其他,,,,0.0,0,0,0,有,無,2483000,10887,,0.0,0,依土地法第34條之1處分,RPUNMLRKKIGGFAX27DA,0.0,0.0,0.0,無,
馬公市,房地(土地+建物),澎湖縣馬公市文康街９號,47.0,都市：其他:商業區,,,1101022,土地1建物1車位0,全,三層,透天厝,住商用,鋼筋混凝土加強空心磚造,0510810,114.14,4,2,2,有,無,10000000,87612,,0.0,0,,RPQNMLNLKIGGFAX56DA,114.14,0.0,0.0,無,
湖西鄉,土地,成功北段172地號,58.67,,一般農業區,甲種建築用地,1101028,土地1建物0車位0,,,其他,,,,0.0,0,0,0,有,無,887000,15118,,0.0,0,,RPVNMLTLKIGGFAX67DA,0.0,0.0,0.0,無,
西嶼鄉,土地,池東段1024地號,567.2,,一般農業區,農牧用地,1101018,土地1建物0車位0,,,其他,,,,0.0,0,0,0,有,無,2000000,3526,,0.0,0,,RPTNMLOJJHHGFAX66DA,0.0,0.0,0.0,無,
馬公市,房地(土地+建物),澎湖縣馬公市石泉１１之２２號,124.58,,一般農業區,甲種建築用地,1101014,土地2建物1車位0,全,三層,透天厝,住家用,鋼筋混凝土造,0860910,198.17,4,2,5,有,無,8000000,40369,,0.0,0,,RPPNMLQJJHHGFAX56EA,186.19,11.98,0.0,無,
馬公市,土地,文寮段750地號,558.16,,一般農業區,農牧用地,1101007,土地2建物0車位0,,,其他,,,,0.0,0,0,0,有,無,8779680,15730,,0.0,0,,RPTNMLQJJHHGFAX86DA,0.0,0.0,0.0,無,
馬公市,房地(土地+建物),澎湖縣馬公市鎖管港１０３５號,120.58,都市：其他:住宅區,,,1101015,土地1建物1車位0,全,二層,透天厝,住家用,鋼筋混凝土加強磚造,0730813,149.23,3,2,2,有,無,4200000,28144,,0.0,0,,RPQNMLLKJHHGFAX78DA,149.23,0.0,0.0,無,
馬公市,土地,安宅段1060地號,485.04,,一般農業區,農牧用地,1101016,土地1建物0車位0,,,其他,,,,0.0,0,0,0,有,無,5800000,11958,,0.0,0,,RPTNMLNKJHHGFAX76EA,0.0,0.0,0.0,無,062
湖西鄉,土地,紅羅段1528地號,748.75,,一般農業區,農牧用地,1101001,土地1建物0車位0,,,其他,,,,0.0,0,0,0,有,無,3397350,4537,,0.0,0,依土地法第34條之1處分,RPOOMLKMKIGGFAX88DA,0.0,0.0,0.0,無,
湖西鄉,土地,紅羅段1526地號,127.57,,一般農業區,農牧用地,1101001,土地1建物0車位0,,,其他,,,,0.0,0,0,0,有,無,578700,4536,,0.0,0,,RPPOMLKMKIGGFAX98DA,0.0,0.0,0.0,無,012
白沙鄉,土地,講美段980地號,160.0,,一般農業區,農牧用地,1101026,土地1建物0車位0,,,其他,,,,0.0,0,0,0,有,無,602000,3763,,0.0,0,地清或未辦繼承標售；,RPPNMLNKJHHGFAX98EA,0.0,0.0,0.0,無,
白沙鄉,土地,後寮段1889地號,770.0,,一般農業區,農牧用地,1101031,土地2建物0車位0,,,其他,,,,0.0,0,0,0,有,無,3300000,4286,,0.0,0,,RPWNMLSKJHHGFAX47DA,0.0,0.0,0.0,無,064
西嶼鄉,土地,內垵三段1131地號,47.01,,鄉村區,乙種建築用地,1101026,土地1建物0車位0,,,其他,,,,0.0,0,0,0,有,無,146000,3106,,0.0,0,地清或未辦繼承標售；,RPPNMLLLJHHGFAX88EA,0.0,0.0,0.0,無,
馬公市,土地,興崁段551地號,1136.41,,一般農業區,農牧用地,1101028,土地1建物0車位0,,,其他,,,,0.0,0,0,0,有,無,7200000,6336,,0.0,0,,RPUNMLTKJHHGFAX37DA,0.0,0.0,0.0,無,065
馬公市,土地,五福段811地號,1324.51,,一般農業區,農牧用地,1101029,土地1建物0車位0,,,其他,,,,0.0,0,0,0,有,無,12000000,9060,,0.0,0,,RPPNMLOLJHHGFAX09DA,0.0,0.0,0.0,無,
湖西鄉,土地,葉新段820地號,10.0,,鄉村區,交通用地,1101008,土地1建物0車位0,,,其他,,,,0.0,0,0,0,有,無,38889,3889,,0.0,0,地清或未辦繼承標售；,RPPNMLRLJHHGFAX86EA,0.0,0.0,0.0,無,
七美鄉,土地,七美六段2293地號,37.05,,一般農業區,甲種建築用地,1101013,土地1建物0車位0,,,其他,,,,0.0,0,0,0,有,無,153200,4135,,0.0,0,,RPQNMLKKKHHGFAX78DA,0.0,0.0,0.0,無,
湖西鄉,土地,許家段727地號,553.0,,一般農業區,農牧用地,1100908,土地1建物0車位0,,,其他,,,,0.0,0,0,0,有,無,5016727,9072,,0.0,0,,RPUNMLMJKIGGFAX66DA,0.0,0.0,0.0,無,
湖西鄉,土地,許家段732地號,823.76,,一般農業區,農牧用地,1100908,土地1建物0車位0,,,其他,,,,0.0,0,0,0,有,無,7473273,9072,,0.0,0,,RPVNMLMJKIGGFAX76DA,0.0,0.0,0.0,無,
馬公市,土地,鎖港南段373-2地號,216.36,,一般農業區,甲種建築用地,1100930,土地2建物0車位0,,,其他,,,,0.0,0,0,0,有,無,7330000,33879,,0.0,0,,RPXNMLRJKIGGFAX47DA,0.0,0.0,0.0,無,
馬公市,土地,五福段530地號,1183.5,,一般農業區,農牧用地,1100914,土地1建物0車位0,,,其他,,,,0.0,0,0,0,有,無,16530000,13967,,0.0,0,農變建專案核准興建住宅共有人4人,RPSNMLQKKIGGFAX96DA,0.0,0.0,0.0,無,066
馬公市,土地,五福段498-1地號,450.2,,一般農業區,農牧用地,1100924,土地1建物0車位0,,,其他,,,,0.0,0,0,0,有,無,11160000,24789,,0.0,0,,RPPNMLSJJHHGFAX66DA,0.0,0.0,0.0,無,057
湖西鄉,土地,葉新段821地號,291.66,,鄉村區,乙種建築用地,1100930,土地1建物0車位0,,,其他,,,,0.0,3,1,1,有,無,2000000,6857,,0.0,0,地清或未辦繼承標售；,RPTNMLMLJIGGFAX66DA,0.0,0.0,0.0,無,
馬公市,房地(土地+建物),澎湖縣馬公市石泉３０６號,126.2,,一般農業區,甲種建築用地,1100815,土地2建物1車位0,全,四層,透天厝,住家用,鋼筋混凝土造,0891011,227.36,4,1,4,有,無,6350000,27929,,0.0,0,親友、員工或其他特殊關係間之交易。；,RPRNMLOKKIGGFAX76EA,216.68,10.68,0.0,無,068
馬公市,房地(土地+建物),澎湖縣馬公市三民路６之１號,27.0,都市：其他:商業區,,,1100821,土地1建物1車位0,全,三層,透天厝,住商用,鋼筋混凝土造,0670824,70.0,2,3,2,有,無,3600000,51429,,0.0,0,,RPVNMLQKKIGGFAX27DA,70.0,0.0,0.0,無,
馬公市,土地,山水西段171地號,420.8,,一般農業區,農牧用地,1100825,土地1建物0車位0,,,其他,,,,0.0,0,0,0,有,無,1767360,4200,,0.0,0,,RPSNMLMLKIGGFAX66DA,0.0,0.0,0.0,無,
馬公市,土地,興崁段523地號,644.9,,一般農業區,農牧用地,1100827,土地1建物0車位0,,,其他,,,,0.0,0,0,0,有,無,3900000,6047,,0.0,0,,RPSNMLMLJIGGFAX56DA,0.0,0.0,0.0,無,069
湖西鄉,土地,城北段964地號,2041.38,,一般農業區,農牧用地,1100812,土地1建物0車位0,,,其他,,,,0.0,0,0,0,有,無,15000000,7348,,0.0,0,,RPXNMLRLKIGGFAX67DA,0.0,0.0,0.0,無,
馬公市,土地,文東段1202-3地號,229.52,,一般農業區,甲種建築用地,1100817,土地2建物0車位0,,,其他,,,,0.0,0,0,0,有,無,2530000,11023,,0.0,0,農變建專案核准變更起造人,RPVNMLQJLHHGFAX27DA,0.0,0.0,0.0,無,
湖西鄉,土地,湖東新段1247地號,2538.64,,一般農業區,礦業用地,1100702,土地11建物0車位0,,,其他,,,,0.0,0,0,0,有,無,7200000,2836,,0.0,0,,RPOOMLLKJHHGFAX68DA,0.0,0.0,0.0,無,070
馬公市,土地,興崁段478地號,1799.94,,一般農業區,農牧用地,1100325,土地1建物0車位0,,,其他,,,,0.0,0,0,0,有,無,6533800,3630,,0.0,0,本筆交易土地為農地,RPVNMLNJJHHGFAX76DA,0.0,0.0,0.0,無,
馬公市,房地(土地+建物)+車位,澎湖縣馬公市吉港路１６８巷５號５樓之３,45.06,都市：其他:住宅區,,,1091121,土地1建物1車位1,五層，見其他登記事項,五層,華廈(10層含以下有電梯),住家用,鋼筋混凝土造,1101022,125.97,3,1,3,有,無,6400000,50806,一樓平面,0.0,0,,RPTNMLKLJHHGFAX09DA,74.92,5.79,0.0,有,
馬公市,房地(土地+建物)+車位,澎湖縣馬公市吉港路１６８巷５號４樓之３,47.51,都市：其他:住宅區,,,1090314,土地1建物1車位1,四層,五層,華廈(10層含以下有電梯),住家用,鋼筋混凝土造,1101022,132.8,3,1,2,有,無,5200000,39157,一樓平面,0.0,0,,RPPNMLMKJHHGFAX78DA,77.28,8.88,0.0,有,
湖西鄉,土地,成功南段753地號,1797.03,,一般農業區,農牧用地,1080612,土地1建物0車位0,,,其他,,,,0.0,0,0,0,有,無,7550000,4201,,0.0,0,,RPTNMLRJJHHGFAX96DA,0.0,0.0,0.0,無,
馬公市,房地(土地+建物)+車位,澎湖縣馬公市吉港路１６８巷５號２樓之３,47.51,都市：其他:住宅區,,,1070602,土地1建物1車位1,二層,五層,華廈(10層含以下有電梯),住家用,鋼筋混凝土造,1101022,141.41,3,1,2,有,無,5080000,35924,一樓平面,0.0,0,,RPTNMLPLJHHGFAX96DA,77.28,17.4,0.0,有,
馬公市,房地(土地+建物)+車位,澎湖縣馬公市吉港路１６８巷５號５樓之６,31.31,都市：其他:住宅區,,,1070522,土地1建物1車位1,五層，見其他登記事項,五層,華廈(10層含以下有電梯),住家用,鋼筋混凝土造,1101022,88.67,2,1,2,有,無,4360000,49171,一樓平面,0.0,0,,RPTOMLRKJHHGFAX17DA,51.87,5.49,0.0,有,
