﻿鄉鎮市區,交易標的,土地位置建物門牌,土地面積平方公尺,都市土地使用分區,非都市土地使用分區,非都市土地使用編定,租賃年月日,租賃筆棟數,租賃層次,總樓層數,建物型態,主要用途,主要建材,建築完成年月,建物總面積平方公尺,建物現況格局-房,建物現況格局-廳,建物現況格局-衛,建物現況格局-隔間,有無管理組織,有無附傢俱,總額元,單價元平方公尺,車位類別,車位面積平方公尺,車位總額元,備註,編號
The villages and towns urban district,transaction sign,land sector position building sector house number plate,land shifting total area square meter,the use zoning or compiles and checks,the non-metropolis land use district,non-metropolis land use,transaction year month and day,transaction pen number,shifting level,total floor number,building state,main use,main building materials,construction to complete the years,building shifting total area,Building present situation pattern - room,building present situation pattern - hall,building present situation pattern - health,building present situation pattern - compartmented,Whether there is manages the organization,Whether there is attaches the furniture,total price NTD,the unit price (NTD / square meter),the berth category,berth shifting total area square meter,the berth total price NTD,the note,serial number
中正區,建物,基隆市中正區觀海街３０號１５樓,0.0,住,,,1110131,土地0建物1車位0,十五層,16,住宅大樓(11層含以上有電梯),住家用,鋼筋混凝土造,0880114,102.0,3,2,2,有,無,有,13500,132,,0.0,0,基隆市社會住宅包租代管第三期計畫,RPROMLQKKHHGFDC87CC
仁愛區,建物,基隆市仁愛區忠三路５８號４樓,0.0,商,,,1110126,土地0建物1車位0,四層,4,公寓(5樓含以下無電梯),住家用,加強磚造,0470801,72.48,2,1,1,有,無,有,9000,124,,0.0,0,基隆市社會住宅包租代管第三期計畫,RPSOMLQKKHHGFDC97CC
中山區,建物,基隆市中山區文化路１７５之１號,0.0,住,,,1110127,土地0建物1車位0,二層,4,公寓(5樓含以下無電梯),住家用,鋼筋混凝土造,0660914,63.96,3,1,1,有,無,有,11000,172,,0.0,0,基隆市社會住宅包租代管第三期計畫,RPUOMLQKKHHGFDC18CC
安樂區,房地(土地+建物),基隆市安樂區基金一路５２號２-４樓,90.81,住,,,1110215,土地1建物1車位0,全,4,透天厝,１樓：店舖．２至５樓：住宅,鋼筋混凝土造,0950316,200.21,4,3,4,有,有,有,18000,90,,0.0,0,,RPROMLRKKHHGFDC97CC
仁愛區,房地(土地+建物),基隆市仁愛區延平街５５之１丙號,7.41,住,,,1101210,土地1建物1車位0,四層,4,公寓(5樓含以下無電梯),住家用,鋼筋混凝土造,0590203,18.11,2,2,1,有,無,無,7000,387,,0.0,0,,RPWNMLSKKHHGFDC58DC
仁愛區,房地(土地+建物),基隆市仁愛區延平街５５丙號,7.56,住,,,1101210,土地1建物1車位0,四層,4,公寓(5樓含以下無電梯),住家用,鋼筋混凝土造,0590203,18.49,3,2,1,有,無,無,7000,379,,0.0,0,,RPXNMLSKKHHGFDC68DC
中正區,建物,基隆市中正區新豐街４８８號之７  １５樓,0.0,住,,,1110131,土地0建物1車位0,十五層,17,住宅大樓(11層含以上有電梯),住家用,鋼筋混凝土造,0861121,48.53,1,0,0,無,無,有,7800,161,,0.0,0,,RPQPNLMLKHHGFDC67CC
中山區,建物,基隆市中山區復興路２５９巷３９號４樓,0.0,住,,,1110131,土地0建物1車位0,四層,5,公寓(5樓含以下無電梯),住家用,鋼筋混凝土造,0831003,153.16,3,2,1,有,無,有,10000,65,,0.0,0,,RPUOMLNLKHHGFDC97CC
中正區,建物,基隆市中正區立德路５７號,0.0,住,,,1110131,土地0建物1車位0,一層,4,公寓(5樓含以下無電梯),住家用,鋼筋混凝土造,0660716,68.88,4,1,1,有,無,有,11500,167,,0.0,0,,RPWOMLNLKHHGFDC18CC
中正區,建物,基隆市中正區觀海街１３５號１３樓,0.0,住,,,1110131,土地0建物1車位0,十三層,14,住宅大樓(11層含以上有電梯),住家用,鋼筋混凝土造,0880114,87.83000000000001,2,1,2,有,無,有,14000,159,,0.0,0,,RPXOMLNLKHHGFDC28CC
中正區,建物,基隆市中正區觀海街１８２號７樓,0.0,住,,,1110131,土地0建物1車位0,七層,15,住宅大樓(11層含以上有電梯),住家用,鋼筋混凝土造,0880114,71.38,2,1,2,有,無,有,11000,154,,0.0,0,,RPOPMLNLKHHGFDC47CC
中正區,建物,基隆市中正區中正路２９４之４號,0.0,住,,,1110131,土地0建物1車位0,五層,6,公寓(5樓含以下無電梯),住家用,鋼筋混凝土造,0691125,52.6,2,1,1,有,無,有,9000,171,,0.0,0,,RPPPMLNLKHHGFDC57CC
中正區,建物,基隆市中正區觀海街８７號１２樓,0.0,住,,,1110131,土地0建物1車位0,十二層,15,住宅大樓(11層含以上有電梯),住家用,鋼筋混凝土造,0880114,153.44,3,2,2,有,無,有,18300,119,,0.0,0,,RPQPMLNLKHHGFDC67CC
仁愛區,建物,基隆市仁愛區成功一路１３３巷１７號四樓之１,0.0,住,,,1110131,土地0建物1車位0,四層,14,住宅大樓(11層含以上有電梯),國民住宅,鋼筋混凝土造,0860630,140.88,3,2,2,有,無,有,15000,106,,0.0,0,,RPSPMLNLKHHGFDC87CC
信義區,建物,基隆市信義區東信路５５巷４８號５樓,0.0,住,,,1110131,土地0建物1車位0,五層,5,公寓(5樓含以下無電梯),住家用,鋼筋混凝土造,0720520,99.38,2,2,1,有,無,有,9000,91,,0.0,0,,RPUPMLNLKHHGFDC08CC
安樂區,建物,基隆市安樂區基金一路１１６號２樓之１０,0.0,住,,,1110131,土地0建物1車位0,二層,12,住宅大樓(11層含以上有電梯),住家用,鋼筋混凝土造,0850406,106.64,2,1,1,有,無,有,13500,127,,0.0,0,,RPVPMLNLKHHGFDC18CC
中山區,建物,基隆市中山區復興路２３０巷２６弄４之３號,0.0,住,,,1110131,土地0建物1車位0,四層,4,公寓(5樓含以下無電梯),住家用,鋼筋混凝土造,0690717,105.39,3,2,1,有,無,有,13500,128,,0.0,0,,RPWPMLNLKHHGFDC28CC
信義區,建物,基隆市信義區東明路１０號５樓,0.0,商,,,1110219,土地0建物1車位0,五層,7,華廈(10層含以下有電梯),住家用,鋼筋混凝土造,0840120,127.97,4,1,2,有,無,有,11500,90,,0.0,0,基隆市社會住宅包租代管第三期計畫,RPTOMLOLKHHGFDC97CC
信義區,建物,基隆市信義區東光路２０５巷５１號２樓,0.0,住,,,1110220,土地0建物1車位0,二層,5,公寓(5樓含以下無電梯),住家用,鋼筋混凝土造,0841116,94.81,3,2,2,有,無,有,12000,127,,0.0,0,基隆市社會住宅包租代管第三期計畫,RPUOMLOLKHHGFDC08CC
信義區,建物,基隆市信義區正信路４１號,0.0,住,,,1110219,土地0建物1車位0,一層,4,公寓(5樓含以下無電梯),住家用,鋼筋混凝土加強磚造,0640802,73.87,2,2,1,有,無,有,8000,108,,0.0,0,基隆市社會住宅包租代管第三期計畫,RPWOMLOLKHHGFDC28CC
安樂區,建物,基隆市安樂區安一路３７０巷７之１號,0.0,住,,,1110210,土地0建物1車位0,二層,4,公寓(5樓含以下無電梯),住家用,鋼筋混凝土加強磚造,0631213,69.95,2,1,1,有,無,有,8000,114,,0.0,0,基隆市社會住宅包租代管第三期計畫,RPXOMLOLKHHGFDC38CC
中正區,建物,基隆市中正區義一路８７號二樓之一,0.0,商,,,1110209,土地0建物1車位0,二層,10,華廈(10層含以下有電梯),商業用,鋼筋混凝土造,0860503,385.87,0,0,0,無,有,無,85000,220,,0.0,0,租賃期間自111.03.01起至114.02.28止,RPWNMLMJLHHGFDC87CC
安樂區,建物,基隆市安樂區武訓街４號,0.0,工,,,1110304,土地0建物1車位0,一層,1,工廠,工業用,鋼造,0660106,479.61,0,0,0,無,無,無,70000,,,0.0,0,,RPUOMLOJLHHGFDC97CC
安樂區,建物,基隆市安樂區麥金路２３３號２１樓,0.0,住,,,1110301,土地0建物1車位0,二十一層,22,住宅大樓(11層含以上有電梯),集合住宅,鋼筋混凝土造,1050124,70.28,2,1,1,有,有,無,12500,178,,0.0,0,,RPTPMLOJLHHGFDC97CC
暖暖區,建物,基隆市暖暖區金山街７之３號３樓,0.0,其他,,,1110219,土地0建物1車位0,三層,4,公寓(5樓含以下無電梯),住家用,鋼筋混凝土造,0850718,111.75999999999999,3,2,2,有,無,有,10000,89,,0.0,0,此案為社會住宅案件；水電瓦斯費、網路費由承租人負擔。,RPVPMLKKLHHGFDC87CC
信義區,建物,基隆市信義區東明路１０號５樓,0.0,商,,,1110216,土地0建物1車位0,五層,7,華廈(10層含以下有電梯),住家用,鋼筋混凝土造,0840120,127.97,4,1,2,有,無,有,11500,90,,0.0,0,基隆市社會住宅包租代管第三期計畫,RPQRMLKKLHHGFDC57CC
信義區,建物,基隆市信義區正信路４１號,0.0,其他,,,1110215,土地0建物1車位0,一層,4,公寓(5樓含以下無電梯),住家用,鋼筋混凝土加強磚造,0640802,73.87,2,2,1,有,無,有,8000,108,,0.0,0,基隆市社會住宅包租代管第三期計畫,RPRRMLKKLHHGFDC67CC
七堵區,建物,基隆市七堵區崇義街３７號５樓,0.0,住,,,1110302,土地0建物1車位0,五層,7,華廈(10層含以下有電梯),住家用,鋼筋混凝土造,0820510,120.05,3,1,2,有,無,有,17500,146,,0.0,0,基隆市社會住宅包租代管第三期計畫,RPTRMLKKLHHGFDC87CC
信義區,建物,基隆市信義區東光路２０５巷５１號２樓,0.0,住,,,1110216,土地0建物1車位0,二層,5,公寓(5樓含以下無電梯),住家用,鋼筋混凝土造,0841116,94.81,3,2,2,有,無,有,12000,127,,0.0,0,基隆市社會住宅包租代管第三期計畫,RPURMLKKLHHGFDC97CC
中正區,房地(土地+建物),基隆市中正區新豐街３７２號１２樓,0.0,住,,,1110222,土地0建物1車位0,十二層,15,住宅大樓(11層含以上有電梯),住家用,鋼筋混凝土造,0850309,66.96,2,1,1,有,有,有,11000,164,,0.0,0,含管理費,RPXRMLKKLHHGFDC28CC
暖暖區,建物,基隆市暖暖區碇內街３６５號,0.0,住,,,1110215,土地0建物1車位0,一層,6,華廈(10層含以下有電梯),住家用,鋼筋混凝土造,0840517,65.23,3,1,1,有,無,有,8000,123,,0.0,0,基隆市社會住宅包租代管第三期計畫,RPQSMLKKLHHGFDC67CC
七堵區,建物,基隆市七堵區崇禮街５７之３號,0.0,住,,,1110225,土地0建物1車位0,四層,5,公寓(5樓含以下無電梯),住家用,鋼筋混凝土造,0880421,107.93,3,1,1,有,無,有,12000,111,,0.0,0,基隆市社會住宅包租代管第三期計畫,RPRSMLKKLHHGFDC77CC
安樂區,建物,基隆市安樂區基金一路１５４號１１樓,0.0,住,,,1110216,土地0建物1車位0,十一層,12,住宅大樓(11層含以上有電梯),住家用,鋼筋混凝土造,0871210,57.27,2,2,1,有,有,有,10000,175,,0.0,0,基隆市社會住宅包租代管第三期計畫,RPSSMLKKLHHGFDC87CC
中山區,建物,基隆市中山區復興路３３４巷１１號５樓之８,0.0,住,,,1110218,土地0建物1車位0,五層,7,華廈(10層含以下有電梯),住家用,鋼筋混凝土造,0970701,60.79,2,1,1,有,無,有,12000,197,,0.0,0,基隆市社會住宅包租代管第三期計畫,RPTSMLKKLHHGFDC97CC
七堵區,建物,基隆市七堵區東新街８９巷８０弄３號５樓,0.0,住,,,1110225,土地0建物1車位0,五層,5,公寓(5樓含以下無電梯),住家用,鋼筋混凝土造,0781011,89.92,3,2,2,有,無,有,8500,95,,0.0,0,基隆市社會住宅包租代管第三期計畫,RPXSMLKKLHHGFDC38CC
暖暖區,建物,基隆市暖暖區碇內街１８８之２號８樓,0.0,商,,,1110305,土地0建物1車位0,八層,14,住宅大樓(11層含以上有電梯),集合住宅,鋼筋混凝土造,1020911,96.89,3,2,1,有,有,有,12000,124,,0.0,0,此案為社會住宅案件；水電瓦斯費、網路費及每月管理費1858元由承租人負擔。,RPTOMLOKLHHGFDC97CC
中山區,建物,基隆市中山區西定路１２１之３號,0.0,商,,,1110305,土地0建物1車位0,四層,4,公寓(5樓含以下無電梯),住家用,鋼筋混凝土加強磚造,0640226,67.81,3,1,1,有,無,有,11000,162,,0.0,0,此案為社會住宅案件；水電瓦斯費、網路費由承租人負擔。,RPXOMLOKLHHGFDC38CC
中山區,建物,基隆市中山區西定路３６８巷６號,0.0,住,,,1110305,土地0建物1車位0,一層,2,套房(1房1廳1衛),住家用,加強磚造,0580203,51.59,1,1,1,有,無,有,7000,136,,0.0,0,此案為社會住宅案件；水電瓦斯費、網路費由承租人負擔。,RPRPMLOKLHHGFDC87CC
安樂區,建物,基隆市安樂區安和一街１２９巷４之４號,0.0,住,,,1110308,土地0建物1車位0,五層,5,公寓(5樓含以下無電梯),國民住宅,鋼筋混凝土造,0710621,98.36,3,1,1,有,無,有,7000,71,,0.0,0,此為社會住宅，水電瓦斯網路費由承租人負擔。,RPTPMLOKLHHGFDC08CC
中山區,建物,基隆市中山區復興路２５９巷６１之３號２樓,0.0,住,,,1110306,土地0建物1車位0,二層,5,公寓(5樓含以下無電梯),住家用,鋼筋混凝土造,0840512,73.58,1,2,1,有,無,有,11000,149,,0.0,0,此案為社會住宅案件；水電瓦斯費、網路費由承租人負擔。,RPSOMLPKLHHGFDC97CC
七堵區,建物,基隆市七堵區崇廉街２６號五樓,0.0,住,,,1110308,土地0建物1車位0,五層,5,公寓(5樓含以下無電梯),住家用,鋼筋混凝土造,0840622,78.63,2,2,1,有,無,有,9000,114,,0.0,0,此案為社會住宅案件；水電瓦斯費、網路費由承租人負擔。,RPUPMLPKLHHGFDC28CC
信義區,建物,基隆市信義區信二路６巷１０號,0.0,住,,,1110314,土地0建物1車位0,一層,5,公寓(5樓含以下無電梯),住家用,鋼筋混凝土造,0710730,51.0,2,2,1,有,無,有,8000,157,,0.0,0,此案為社會住宅物件；水電瓦斯費及網路費由承租人負擔。,RPWNMLRKLHHGFDC48CC
暖暖區,建物,基隆市暖暖區金華街２６７號６樓之４,0.0,住,,,1110316,土地0建物1車位0,六層,11,套房(1房1廳1衛),住家用,鋼筋混凝土造,0850105,37.67,1,0,1,有,有,有,7000,186,,0.0,0,此為社會住宅。水電費、瓦斯費、網路費及每月管理費500元皆由承租人負擔。,RPOOMLSKLHHGFDC87CC
信義區,建物,基隆市信義區信二路６巷１０之１號,0.0,住,,,1110316,土地0建物1車位0,二層,5,公寓(5樓含以下無電梯),住家用,鋼筋混凝土造,0710730,38.5,2,1,1,有,無,有,10000,260,,0.0,0,此為社會住宅。水電費、瓦斯費、網路費皆由承租人負擔。,RPPOMLSKLHHGFDC97CC
信義區,建物,基隆市信義區深澳坑路１６６之３號２樓,0.0,住,,,1110314,土地0建物1車位0,二層,10,華廈(10層含以下有電梯),住家用,鋼筋混凝土造,0840127,124.19,3,2,2,有,有,有,15000,121,,0.0,0,此為社會住宅。水電費、瓦斯費、網路費皆由承租人負擔。,RPTOMLSKLHHGFDC38CC
暖暖區,建物,基隆市暖暖區碇內街２３７號,0.0,住,,,1110314,土地0建物1車位0,一層,6,華廈(10層含以下有電梯),住家用,鋼筋混凝土造,0840808,98.33,3,2,2,有,無,有,10000,102,,0.0,0,此為社會住宅。水電費、瓦斯費、網路費皆由承租人負擔。,RPVOMLSKLHHGFDC58CC
中山區,建物,基隆市中山區中山一路２４１巷１之１號,0.0,其他,,,1110225,土地0建物1車位0,一層,1,倉庫,商業用,磚造,0371030,99.56,0,0,0,無,無,無,22000,,,0.0,0,租賃期間111.03.01-113.02.28,RPWOMLSKLHHGFDC68CC
暖暖區,建物,基隆市暖暖區源遠路２２６巷７２號１２樓,0.0,住,,,1110315,土地0建物1車位0,十二層,12,住宅大樓(11層含以上有電梯),集合住宅,鋼筋混凝土造,1020329,76.50999999999999,2,1,1,有,有,有,16000,209,,0.0,0,此為社會住宅。水電費、瓦斯費、網路費及每月管理費1157元皆由承租人負擔。,RPOPMLSKLHHGFDC97CC
中正區,房地(土地+建物),基隆市中正區信二路３１１之１號,81.0,住,,,1110319,土地2建物1車位0,二層,6,公寓(5樓含以下無電梯),住家用,鋼筋混凝土加強磚造,0661210,66.02,0,1,1,有,無,有,8000,121,,0.0,0,,RPPNMLTKLHHGFDC08DC
中正區,房地(土地+建物),基隆市中正區義二路５３號２樓,98.0,商,,,1110318,土地2建物1車位0,二層,4,公寓(5樓含以下無電梯),,磚造,0370101,72.22,1,1,1,有,無,有,10000,138,,0.0,0,,RPQOMLLLLHHGFDC57DC
中正區,建物,基隆市中正區義二路１８５之５號,0.0,商,,,1110312,土地0建物1車位0,六層,6,套房(1房1廳1衛),住家用,鋼筋混凝土加強磚造,0660715,52.53,1,1,1,有,無,有,8000,152,,0.0,0,此案為社會住宅案件；水電瓦斯費及網路費由承租人負擔。,RPSOMLLLLHHGFDC67CC
暖暖區,建物,基隆市暖暖區碇內街２０８號,0.0,住,,,1110315,土地0建物1車位0,一層,6,華廈(10層含以下有電梯),住家用,鋼筋混凝土造,0850718,137.97,2,1,1,有,有,有,9000,65,,0.0,0,此案為社會住宅案件；水電瓦斯費、網路費及每月管理費600元由承租人負擔。,RPSPMLLLLHHGFDC77CC
信義區,建物,基隆市信義區花源五街１９號４樓,0.0,住,,,1110316,土地0建物1車位0,四層,9,華廈(10層含以下有電梯),住家用,鋼筋混凝土造,0840401,103.52000000000001,3,1,1,有,有,有,12000,116,,0.0,0,此為社會住宅。水電費、瓦斯費、網路費皆由承租人負擔。,RPUPMLLLLHHGFDC97CC
中正區,建物,基隆市中正區北寧路４２０之３號,0.0,商,,,1110316,土地0建物1車位0,四層,5,公寓(5樓含以下無電梯),住家用,鋼筋混凝土造,0691030,71.4,2,1,1,有,無,有,8000,112,,0.0,0,此為社會住宅。水電費、瓦斯費、網路費皆由承租人負擔。,RPVPMLLLLHHGFDC08CC
安樂區,建物,基隆市安樂區基金一路１１２巷１１０弄２０之４號３樓,0.0,住,,,1110316,土地0建物1車位0,三層,12,住宅大樓(11層含以上有電梯),住家用,鋼筋混凝土造,0851126,156.74,3,2,2,有,無,有,12500,80,,0.0,0,此為社會住宅。水電費、瓦斯費、網路費皆由承租人負擔。,RPXNMLMLLHHGFDC18CC
七堵區,建物,基隆市七堵區工建南路９號１~２樓,5351.24,工,,,1110317,土地0建物1車位0,見其他登記事項,3,工廠,一層：廠房；二層：辦公室，員工宿舍,鋼骨，鋼筋混凝土,0910916,6062.71,0,0,0,無,無,無,550000,,,0.0,0,,RPQOMLMLLHHGFDC57CC
安樂區,建物,基隆市安樂區樂利二街６２巷１１號３樓,0.0,住,,,1110320,土地0建物1車位0,三層,7,華廈(10層含以下有電梯),住家用,鋼筋混凝土造,0840821,148.08,3,2,2,有,有,有,13000,88,,0.0,0,此案為社會住宅案件；水電瓦斯費及網路費由承租人負擔。,RPVOMLMLLHHGFDC08CC
中正區,房地(土地+建物),基隆市中正區信二路３１１之１號,81.0,住,,,1110319,土地2建物1車位0,二層,6,公寓(5樓含以下無電梯),住家用,鋼筋混凝土加強磚造,0661210,66.02,0,0,0,無,無,有,8000,121,,0.0,0,,RPXOMLNLLHHGFDC48DC
安樂區,建物,基隆市安樂區基金一路１８６之１號９樓,0.0,住,,,1110317,土地0建物1車位0,九層,12,住宅大樓(11層含以上有電梯),住家用,鋼筋混凝土造,0840118,143.53,3,2,2,有,無,有,13000,91,,0.0,0,此為社會住宅，水電瓦斯網路費由承租人負擔。,RPQOMLOLLHHGFDC77CC
暖暖區,建物,基隆市暖暖區碇內街２５８號,0.0,住,,,1110317,土地0建物1車位0,一層,10,華廈(10層含以下有電梯),住家用,鋼筋混凝土造,0850217,74.18,3,2,1,有,有,有,9000,121,,0.0,0,此為社會住宅。水電費、瓦斯費、網路費及每月管理費500元皆由承租人負擔。,RPXNMLPLLHHGFDC48CC
中山區,建物,基隆市中山區復興路２３０巷７之１號,0.0,住,,,1110319,土地0建物1車位0,二層,4,公寓(5樓含以下無電梯),住家用,鋼筋混凝土造,0691011,84.18,3,2,1,有,無,有,8500,101,,0.0,0,此為社會住宅。水電費、瓦斯費、網路費皆由承租人負擔。,RPOOMLPLLHHGFDC67CC
暖暖區,建物,基隆市暖暖區碇內街３０２號１０樓,0.0,住,,,1110321,土地0建物1車位0,十層,10,華廈(10層含以下有電梯),住家用,鋼筋混凝土造,0850217,99.97,3,2,2,有,有,有,10000,100,,0.0,0,此為社會住宅。水電費、瓦斯費、網路費及每月管理費600元皆由承租人負擔。,RPROMLPLLHHGFDC97CC
安樂區,建物,基隆市安樂區樂利三街３５７號４樓,0.0,住,,,1110321,土地0建物1車位0,四層,7,華廈(10層含以下有電梯),住家用,鋼筋混凝土造,0800920,88.5,2,1,1,有,無,有,13000,147,,0.0,0,此為社會住宅。水電費、瓦斯費、網路費皆由承租人負擔。,RPSOMLPLLHHGFDC08CC
暖暖區,建物,基隆市暖暖區暖暖街１６巷３５之２號,0.0,住,,,1110322,土地0建物1車位0,三層,4,公寓(5樓含以下無電梯),住家用,鋼筋混凝土造,0681027,79.99,3,1,2,有,無,有,12000,150,,0.0,0,此為社會住宅。水電費、瓦斯費、網路費皆由承租人負擔。,RPTOMLPLLHHGFDC18CC
七堵區,房地(土地+建物),基隆市七堵區實踐路２４０號,53.88,商,,,1110326,土地1建物1車位0,一層,14,店面(店鋪),店舖,鋼筋混凝土造,1071212,169.71,0,0,1,有,有,無,62000,365,,0.0,0,租金含管理費,RPTNMLQLLHHGFDC18CC
安樂區,建物,基隆市安樂區武嶺街１２１之２號,0.0,住,,,1110317,土地0建物1車位0,三層,4,公寓(5樓含以下無電梯),住家用,鋼筋混凝土造,0630607,68.25,3,1,1,有,無,有,9000,132,,0.0,0,水電瓦斯費及網路費由承租人負擔。,RPUOMLSLLHHGFDC58CC
中山區,建物,基隆市中山區復興路３３４巷１１號７樓之１２,0.0,住,,,1110318,土地0建物1車位0,七層,7,套房(1房1廳1衛),住家用,鋼筋混凝土造,0970701,29.939999999999998,1,0,1,有,無,有,7500,251,,0.0,0,水電瓦斯費及網路費由承租人負擔。,RPXOMLSLLHHGFDC88CC
安樂區,建物,基隆市安樂區樂利二街６２巷２８３號３樓,0.0,住,,,1110318,土地0建物1車位0,三層,13,套房(1房1廳1衛),住家用,鋼筋混凝土造,0881231,36.480000000000004,1,0,1,有,無,有,9000,247,,0.0,0,水電瓦斯費及網路費由承租人負擔。,RPOPMLSLLHHGFDC08CC
中正區,建物,基隆市中正區義一路１５６號３樓,0.0,商,,,1110321,土地0建物1車位0,三層,10,華廈(10層含以下有電梯),住家用,鋼筋混凝土造,0850123,134.92,3,2,2,有,無,有,15000,111,,0.0,0,水電瓦斯費及網路費由承租人負擔。,RPPPMLSLLHHGFDC18CC
安樂區,建物,基隆市安樂區武嶺街２４７之４號４樓,0.0,其他,,,1110319,土地0建物1車位0,四層,7,華廈(10層含以下有電梯),住家用,鋼筋混凝土造,0841220,139.81,3,1,1,有,有,有,12000,86,,0.0,0,水電費、瓦斯費、網路費及每月管理費500元皆由承租人負擔。,RPPPMLTLLHHGFDC28CC
中正區,建物,基隆市中正區新豐街４６０號之１１   ３樓,0.0,其他,,,1110322,土地0建物1車位0,三層,18,套房(1房1廳1衛),住家用,鋼筋混凝土造,0861121,37.71,1,0,1,有,無,有,8000,212,,0.0,0,水電瓦斯費、網路費由承租人負擔。,RPUPMLTLLHHGFDC78CC
中正區,建物,基隆市中正區中正路２９１之５號,0.0,住,,,1110322,土地0建物1車位0,二層,4,公寓(5樓含以下無電梯),住家用,鋼筋混凝土加強磚造,0631104,100.97,3,1,1,有,無,有,8000,79,,0.0,0,水電瓦斯費、網路費由承租人負擔。,RPVPMLTLLHHGFDC88CC
中正區,房地(土地+建物),基隆市中正區信一路１７７號１９樓之１,3.82,商,,,1110319,土地2建物1車位0,十九層,33,套房(1房1廳1衛),商業用,鋼骨鋼筋混凝土造,0900221,62.71,1,0,1,有,有,有,15000,239,,0.0,0,,RPRPMLTLLHHGFDC58DC
仁愛區,建物,基隆市仁愛區成功一路５４號２樓,0.0,商,,,1110324,土地0建物1車位0,二層,5,套房(1房1廳1衛),住家用,鋼筋混凝土造,0900424,42.46,1,1,1,有,無,有,7500,177,,0.0,0,水電瓦斯費及網路費由承租人負擔。,RPSPMLLMLHHGFDC87CC
中正區,建物,基隆市中正區正義路１００巷２３號之２,0.0,住,,,1110325,土地0建物1車位0,三層,3,公寓(5樓含以下無電梯),住家用,鋼筋混凝土加強磚造,0641114,31.62,2,1,1,有,無,有,6800,215,,0.0,0,水電瓦斯費、網路費由承租人負擔。,RPVNMLLJMHHGFDC77CC
中正區,建物,基隆市中正區中正路３３４巷２號,0.0,住,,,1110326,土地0建物1車位0,全,1,透天厝,住家用,磚造,,39.1,2,1,1,有,無,有,6000,153,,0.0,0,水電瓦斯費、網路費由承租人負擔。,RPWNMLLJMHHGFDC87CC
信義區,建物,基隆市信義區義七路２６巷１４號２樓,0.0,商,,,1110325,土地0建物1車位0,二層,5,公寓(5樓含以下無電梯),住家用,鋼筋混凝土造,0730223,82.72,3,2,1,有,無,有,14000,169,,0.0,0,水電費、瓦斯費、網路費皆由承租人負擔。,RPXNMLLJMHHGFDC97CC
中山區,建物,基隆市中山區復興路１４-４號,0.0,住,,,1110318,土地0建物1車位0,五層,5,公寓(5樓含以下無電梯),住家用,鋼筋混凝土造,0681204,56.16,2,1,1,有,無,有,8500,151,,0.0,0,水電瓦斯費、網路費由承租人負擔。,RPOOMLLJMHHGFDC17CC
信義區,建物,基隆市信義區深澳坑路２之５號８樓之６,0.0,住,,,1110318,土地0建物1車位0,八層,16,套房(1房1廳1衛),住家用,鋼筋混凝土造,0850426,41.879999999999995,1,1,1,有,有,有,10300,246,,0.0,0,水電費、瓦斯費、網路費皆由承租人負擔。,RPQOMLLJMHHGFDC37CC
信義區,建物,基隆市信義區中興路７號２樓,0.0,其他,,,1110327,土地0建物1車位0,二層,5,公寓(5樓含以下無電梯),住家用,鋼筋混凝土造,0721008,91.68,3,2,1,有,無,有,12000,131,,0.0,0,水電費、瓦斯費、網路費皆由承租人負擔。,RPROMLLJMHHGFDC47CC
安樂區,建物,基隆市安樂區武嶺街２９７號五樓之４,0.0,住,,,1110325,土地0建物1車位0,五層,7,華廈(10層含以下有電梯),住家用,鋼筋混凝土造,0850216,67.84,2,1,1,有,有,有,10000,147,,0.0,0,水電費、瓦斯費、網路費及每季管理費1000元皆由承租人負擔。,RPXOMLLJMHHGFDC08CC
安樂區,建物,基隆市安樂區基金一路１１２巷１１０弄１９之４號,0.0,住,,,1110325,土地0建物1車位0,一層,7,華廈(10層含以下有電梯),住家用,鋼筋混凝土造,0851213,104.01,3,1,2,有,有,有,8500,82,,0.0,0,水電費、瓦斯費、網路費及每月管理費1500元皆由承租人負擔。,RPOPMLLJMHHGFDC27CC
中山區,建物,基隆市中山區復興路２５９巷５７號４樓,0.0,住,,,1110325,土地0建物1車位0,四層,5,公寓(5樓含以下無電梯),住家用,鋼筋混凝土造,0840512,80.62,2,2,2,有,無,有,13500,167,,0.0,0,水電費、瓦斯費、網路費皆由承租人負擔。,RPPPMLLJMHHGFDC37CC
暖暖區,建物,基隆市暖暖區碇內街１８６巷４號４樓,0.0,住,,,1110327,土地0建物1車位0,四層,4,公寓(5樓含以下無電梯),住家用,鋼筋混凝土造,0730127,98.63000000000001,2,2,2,有,無,有,10000,101,,0.0,0,水電費、瓦斯費、網路費皆由承租人負擔。,RPQPMLLJMHHGFDC47CC
暖暖區,建物,基隆市暖暖區碇內街２９０號４樓,0.0,住,,,1110327,土地0建物1車位0,四層,10,華廈(10層含以下有電梯),住家用,鋼筋混凝土造,0850217,117.55,3,2,2,有,有,有,10000,85,,0.0,0,水電費、瓦斯費、網路費及每月管理費700元皆由承租人負擔。,RPRPMLLJMHHGFDC57CC
安樂區,建物,基隆市安樂區基金一路１３５巷２１弄５６號２樓,0.0,其他,,,1110330,土地0建物1車位0,二層,7,華廈(10層含以下有電梯),住家用,鋼筋混凝土造,0820902,112.08,3,1,2,有,有,有,13000,116,,0.0,0,水電瓦斯費及網路費由承租人負擔。,RPUPMLLJMHHGFDC87CC
信義區,建物,基隆市信義區深溪路３６巷６０弄２號６樓,0.0,住,,,1110331,土地0建物1車位0,六層,7,華廈(10層含以下有電梯),住家用,鋼筋混凝土造,0840525,143.02,4,2,2,有,有,有,12000,84,,0.0,0,水電瓦斯費、網路費及每月管理費1000元由承租人負擔。,RPVPMLLJMHHGFDC97CC
仁愛區,建物,基隆市仁愛區愛七路４７之８號,0.0,住,,,1110329,土地0建物1車位0,一層,4,公寓(5樓含以下無電梯),住家用,鋼筋混凝土加強磚造,0610420,68.32,3,2,1,有,無,有,13000,190,,0.0,0,水電瓦斯費、網路費由承租人負擔。,RPWNMLQJMHHGFDC38CC
仁愛區,建物,基隆市仁愛區愛九路２５巷６號,0.0,住,,,1110327,土地0建物1車位0,一層,4,公寓(5樓含以下無電梯),住家用,鋼筋混凝土造,0720613,74.37,3,2,2,有,無,有,13500,182,,0.0,0,水電費、瓦斯費、網路費皆由承租人負擔。,RPSQMLQJMHHGFDC28CC
安樂區,建物,基隆市安樂區安和一街６巷２１之４號,0.0,住,,,1110327,土地0建物1車位0,五層,5,公寓(5樓含以下無電梯),住家用,鋼筋混凝土造,0690308,82.29,3,1,1,有,無,有,9000,109,,0.0,0,水電費、瓦斯費、網路費皆由承租人負擔。,RPTQMLQJMHHGFDC38CC
七堵區,建物,基隆市七堵區崇信街３７巷２０號５樓,0.0,其他,,,1110327,土地0建物1車位0,五層,5,華廈(10層含以下有電梯),住家用,鋼筋混凝土造,0860811,97.84,3,1,1,有,有,有,12000,123,,0.0,0,水電費、瓦斯費、網路費皆由承租人負擔。,RPUQMLQJMHHGFDC48CC
暖暖區,建物,基隆市暖暖區過港路１０巷１８０號９樓,0.0,住,,,1110328,土地0建物1車位0,九層,11,住宅大樓(11層含以上有電梯),住家用,鋼筋混凝土造,0850319,88.3,3,1,1,有,有,有,13500,153,,0.0,0,水電費、瓦斯費、網路費皆由承租人負擔。,RPVQMLQJMHHGFDC58CC
七堵區,建物,基隆市七堵區明德一路１７２巷１６之５號,0.0,住,,,1110328,土地0建物1車位0,二層,4,公寓(5樓含以下無電梯),住家用,鋼筋混凝土造,0680613,77.7,2,2,1,有,無,有,10000,129,,0.0,0,水電費、瓦斯費、網路費皆由承租人負擔。,RPWQMLQJMHHGFDC68CC
七堵區,建物,基隆市七堵區明德一路１７２巷１６之９號,0.0,住,,,1110328,土地0建物1車位0,二層,4,公寓(5樓含以下無電梯),住家用,鋼筋混凝土造,0680613,97.51,3,2,1,有,無,有,10000,103,,0.0,0,水電費、瓦斯費、網路費皆由承租人負擔。,RPXQMLQJMHHGFDC78CC
中正區,建物,基隆市中正區觀海街５０號１５樓,0.0,住,,,1110325,土地0建物1車位0,十五層,16,住宅大樓(11層含以上有電梯),住家用,鋼筋混凝土造,0880114,67.7,2,2,2,有,有,有,10000,148,,0.0,0,水電瓦斯網路費由承租人負擔。,RPWOMLRJMHHGFDC58CC
七堵區,房地(土地+建物),基隆市七堵區東新街６巷５８之１７號,17.63,住,,,1110329,土地1建物1車位0,四層,5,公寓(5樓含以下無電梯),住家用,鋼筋混凝土造,0690202,63.6,3,1,1,有,無,有,12000,189,,0.0,0,,RPVOMLSJMHHGFDC58CC
中正區,建物,基隆市中正區觀海街１１２號１６樓,0.0,住,,,1110407,土地0建物1車位0,十六層,16,住宅大樓(11層含以上有電梯),住家用,鋼筋混凝土造,0880114,130.33,4,2,2,有,有,有,16000,123,,0.0,0,含管理費,RPVNMLTJMHHGFDC58CC
信義區,建物,基隆市信義區深溪路３８巷３之２號３樓,0.0,住,,,1110318,土地0建物1車位0,三層,10,華廈(10層含以下有電梯),集合住宅,鋼筋混凝土造,1061109,99.38999999999999,3,1,1,有,有,有,16000,161,,0.0,0,水電瓦斯網路費及每月管理費1604元由承租人負擔。,RPOSMLLKMHHGFDC67CC
安樂區,建物,基隆市安樂區中和路１６８巷５弄５６號４樓,0.0,住,,,1110319,土地0建物1車位0,四層,5,公寓(5樓含以下無電梯),住家用,鋼筋混凝土造,0860401,80.92999999999999,2,2,1,有,無,有,9000,111,,0.0,0,水電費、瓦斯費、網路費皆由承租人負擔。,RPPSMLLKMHHGFDC77CC
仁愛區,建物,基隆市仁愛區獅球路３７巷１１弄６號,0.0,住,,,1110319,土地0建物1車位0,全,2,透天厝,住家用,加強磚造,,88.5,4,2,3,有,無,有,19800,224,,0.0,0,水電瓦斯網路費由承租人負擔。,RPQSMLLKMHHGFDC87CC
信義區,建物,基隆市信義區深溪路３６巷６０弄１４號３樓,0.0,住,,,1110319,土地0建物1車位0,三層,7,華廈(10層含以下有電梯),住家用,鋼筋混凝土造,0840525,75.37,2,2,1,有,有,有,9500,126,,0.0,0,水電費、瓦斯費、網路費皆由承租人負擔。,RPRSMLLKMHHGFDC97CC
信義區,建物,基隆市信義區孝東路１０２號６樓,0.0,住,,,1110327,土地0建物1車位0,六層,15,住宅大樓(11層含以上有電梯),集合住宅,鋼筋混凝土造,1061018,180.97000000000003,4,2,2,有,有,有,13500,75,,0.0,0,水電瓦斯網路費及每月管理費3600元由承租人負擔。,RPSSMLLKMHHGFDC08CC
中山區,建物,基隆市中山區中山二路１０５巷３８號,0.0,住,,,1110318,土地0建物1車位0,一層,1,套房(1房1廳1衛),住宅用,磚石造,0380101,59.6,1,1,1,有,無,有,8000,134,,0.0,0,水電瓦斯費及網路費由承租人負擔。,RPUSMLLKMHHGFDC28CC
安樂區,建物,基隆市安樂區中和路１６８巷９弄１７號２樓,0.0,住,,,1110318,土地0建物1車位0,二層,5,公寓(5樓含以下無電梯),住家用,鋼筋混凝土造,0840117,95.65,3,1,2,有,無,有,13000,136,,0.0,0,水電費、瓦斯費、網路費皆由承租人負擔。,RPVSMLLKMHHGFDC38CC
中正區,建物,基隆市中正區新豐街１６２巷８５號２樓,0.0,住,,,1110325,土地0建物1車位0,二層,6,華廈(10層含以下有電梯),住家用,鋼筋混凝土造,0980629,120.5,3,2,2,有,有,有,18000,149,,0.0,0,每月水電瓦斯、網路費由承租人負擔。,RPWSMLLKMHHGFDC48CC
中正區,建物,基隆市中正區新豐街２２４號１０樓,0.0,住,,,1110323,土地0建物1車位0,十層,23,住宅大樓(11層含以上有電梯),住家用,鋼筋混凝土造,0851129,149.91,2,2,2,有,有,有,16000,107,,0.0,0,水電費、瓦斯費、網路費皆由承租人負擔。,RPXSMLLKMHHGFDC58CC
中正區,建物,基隆市中正區新豐街２１８號１３樓,0.0,住,,,1110327,土地0建物1車位0,十三層,23,套房(1房1廳1衛),住家用,鋼筋混凝土造,0851129,31.35,1,0,1,有,有,有,6000,191,,0.0,0,水電費、瓦斯費、網路費及每月管理費378元皆由承租人負擔。,RPOTMLLKMHHGFDC77CC
中正區,建物,基隆市中正區觀海街１７９號１１樓,0.0,住,,,1110318,土地0建物1車位0,十一層,16,住宅大樓(11層含以上有電梯),住家用,鋼筋混凝土造,0880114,146.81,3,2,2,有,有,有,13500,92,,0.0,0,水電瓦斯費、網路費及每月管理費1020元由承租人負擔。,RPQTMLLKMHHGFDC97CC
安樂區,建物,基隆市安樂區樂利二街６２巷２０２號２樓,0.0,住,,,1110319,土地0建物1車位0,二層,13,住宅大樓(11層含以上有電梯),住家用,鋼筋混凝土造,0880114,152.37,3,2,1,有,有,有,15000,98,,0.0,0,水電瓦斯費、網路費及每月管理費1613元由承租人負擔。,RPSTMLLKMHHGFDC18CC
中山區,建物,基隆市中山區復興路２５９巷３４之１號５樓,0.0,住,,,1110327,土地0建物1車位0,五層,5,公寓(5樓含以下無電梯),住家用,鋼筋混凝土造,0830930,80.41,1,2,1,有,無,有,7800,97,,0.0,0,水電瓦斯費及網路費由承租人負擔。,RPTTMLLKMHHGFDC28CC
中山區,建物,基隆市中山區復興路３２１之７號,0.0,住,,,1110325,土地0建物1車位0,三層,5,公寓(5樓含以下無電梯),住家用,鋼筋混凝土造,0700908,111.83,4,1,1,有,無,有,12000,107,,0.0,0,水電瓦斯費及網路費由承租人負擔。,RPPUMLLKMHHGFDC97CC
安樂區,房地(土地+建物),基隆市安樂區武嶺街２９３號六樓,20.12,其他,,,1110329,土地4建物1車位0,六層,7,華廈(10層含以下有電梯),住家用,鋼筋混凝土造,0850216,84.85000000000001,2,2,1,有,有,有,12000,141,,0.0,0,,RPSOMLMKMHHGFDC77CC
仁愛區,建物,基隆市仁愛區延平街７７之４號,0.0,住,,,1110321,土地0建物1車位0,一層,4,公寓(5樓含以下無電梯),住家用,鋼筋混凝土加強磚造,0640131,75.26,3,2,1,有,無,有,9000,120,,0.0,0,水電費、瓦斯費、網路費皆由承租人負擔。,RPVOMLMKMHHGFDC08CC
中正區,建物,基隆市中正區新豐街１６８號１４樓,0.0,住,,,1110323,土地0建物1車位0,十四層,23,套房(1房1廳1衛),住家用,鋼筋混凝土造,0851129,31.28,1,0,1,有,有,有,6500,208,,0.0,0,水電費、瓦斯費、網路費皆由承租人負擔。,RPWOMLMKMHHGFDC18CC
安樂區,建物,基隆市安樂區安樂路一段１５０之９號６樓,0.0,其他,,,1110318,土地0建物1車位0,六層,16,套房(1房1廳1衛),住家用,鋼筋混凝土造,0850508,35.86,1,0,1,有,有,有,10000,279,,0.0,0,水電費、瓦斯費、網路費皆由承租人負擔。,RPXOMLMKMHHGFDC28CC
中山區,建物,基隆市中山區中山一路１４５巷１５之２號,0.0,住,,,1110327,土地0建物1車位0,三層,5,套房(1房1廳1衛),住家用,鋼筋混凝土造,0710920,50.24,1,0,1,有,無,有,8500,169,,0.0,0,水電費、瓦斯費、網路費皆由承租人負擔。,RPPPMLMKMHHGFDC57CC
安樂區,建物,基隆市安樂區安一路２５６之１號,0.0,住,,,1110327,土地0建物1車位0,二層,5,公寓(5樓含以下無電梯),住家用,鋼筋混凝土造,0710227,51.26,2,2,1,有,無,有,10000,195,,0.0,0,水電費、瓦斯費、網路費皆由承租人負擔。,RPQPMLMKMHHGFDC67CC
中正區,建物,基隆市中正區觀海街１２７號９樓,0.0,住,,,1110318,土地0建物1車位0,九層,14,套房(1房1廳1衛),住家用,鋼筋混凝土造,0880114,32.56,1,0,1,有,有,有,7000,215,,0.0,0,水電瓦斯費、網路費由承租人負擔。,RPXPMLMKMHHGFDC38CC
中正區,建物,基隆市中正區新豐街３０３巷２１弄３０號５樓,0.0,住,,,1110319,土地0建物1車位0,五層,5,公寓(5樓含以下無電梯),住家用,鋼筋混凝土造,0851119,80.64,2,2,1,有,無,有,9000,112,,0.0,0,水電瓦斯費、網路費由承租人負擔。,RPQQMLMKMHHGFDC77CC
暖暖區,建物,基隆市暖暖區暖碇路１５巷７７號６樓,0.0,住,,,1110319,土地0建物1車位0,六層,7,華廈(10層含以下有電梯),住家用,鋼筋混凝土造,0830503,89.9,3,2,2,有,無,有,7000,78,,0.0,0,水電瓦斯費、網路費由承租人負擔。,RPRQMLMKMHHGFDC87CC
中正區,建物,基隆市中正區新豐街３２９巷１之１號,0.0,住,,,1110323,土地0建物1車位0,全,2,透天厝,住家用,加強磚造,0771213,110.66,3,2,2,有,無,有,15000,136,,0.0,0,水電瓦斯費、網路費由承租人負擔。,RPVQMLMKMHHGFDC28CC
安樂區,建物,基隆市安樂區樂利三街５７號１６樓之２,0.0,住,,,1110325,土地0建物1車位0,十六層,20,住宅大樓(11層含以上有電梯),住家用,鋼筋混凝土造,0860117,95.02,3,2,1,有,有,有,16000,168,,0.0,0,水電瓦斯費、網路費及每月管理費1293元由承租人負擔。,RPXQMLMKMHHGFDC48CC
信義區,建物,基隆市信義區正信路２４之５５號３樓,0.0,住,,,1110328,土地0建物1車位0,三層,5,公寓(5樓含以下無電梯),住家用,鋼筋混凝土造,0730813,95.48,3,2,2,有,無,有,12000,126,,0.0,0,水電費、瓦斯費、網路費皆由承租人負擔。,RPSOMLOKMHHGFDC97CC
信義區,建物,基隆市信義區崇法街８９巷２２號七樓,0.0,住,,,1110330,土地0建物1車位0,七層,9,華廈(10層含以下有電梯),集合住宅,鋼筋混凝土造,1090513,99.02000000000001,2,1,1,有,無,有,19000,192,,0.0,0,水電費、瓦斯費、網路費皆由承租人負擔。,RPTOMLOKMHHGFDC08CC
安樂區,建物,基隆市安樂區武嶺街２７２之３號,0.0,住,,,1110329,土地0建物1車位0,四層,4,公寓(5樓含以下無電梯),住家用,鋼筋混凝土加強磚造,0650701,75.05,4,2,2,有,無,有,10000,133,,0.0,0,每月水電瓦斯、網路費由承租人負擔。,RPXOMLOKMHHGFDC48CC
仁愛區,建物,基隆市仁愛區仁二路１３７巷２弄８４號,0.0,住,,,1110329,土地0建物1車位0,一層,3,公寓(5樓含以下無電梯),住家用,鋼筋混凝土加強磚造,0640404,70.04,3,1,1,有,無,有,13000,186,,0.0,0,每月水電瓦斯、網路費由承租人負擔。,RPOPMLOKMHHGFDC67CC
七堵區,建物,基隆市七堵區明德二路１５之４２號７樓,0.0,住,,,1110404,土地0建物1車位0,七層,12,住宅大樓(11層含以上有電梯),住家用,鋼筋混凝土造,0840801,88.57000000000001,3,2,2,有,無,有,11000,124,,0.0,0,水電費、瓦斯費、網路費皆由承租人負擔。,RPPPMLOKMHHGFDC77CC
安樂區,建物,基隆市安樂區安一路１９２之１號,0.0,商,,,1110401,土地0建物1車位0,二層,4,公寓(5樓含以下無電梯),住家用,鋼筋混凝土加強磚造,0630816,53.96,2,1,1,有,無,有,12000,222,,0.0,0,水電瓦斯費及網路費由承租人負擔。,RPTPMLOKMHHGFDC18CC
中山區,建物,基隆市中山區中山一路２４１巷１８弄１０號３樓,0.0,住,,,1110407,土地0建物1車位0,三層,5,公寓(5樓含以下無電梯),住家用,鋼筋混凝土造,0820531,75.94,3,2,1,有,無,有,10000,132,,0.0,0,水電瓦斯費及網路費由承租人負擔。,RPTPMLPKMHHGFDC28CC
仁愛區,建物,基隆市仁愛區曲水街２７巷５６號３樓,0.0,住,,,1110407,土地0建物1車位0,三層,5,公寓(5樓含以下無電梯),住家用,鋼筋混凝土造,0800418,63.39,3,1,1,有,無,有,10000,158,,0.0,0,水電瓦斯費及網路費由承租人負擔。,RPVPMLPKMHHGFDC48CC
仁愛區,房地(土地+建物),基隆市仁愛區愛三路８７號９樓之１.２.３.４,28.21,商,,,1110319,土地7建物4車位0,九層,11,住宅大樓(11層含以上有電梯),住家用,鋼筋混凝土造,0720530,379.48,0,0,0,無,有,有,75000,198,,0.0,0,附兩台冷氣,RPQRMLPKMHHGFDC28DC
中山區,建物,基隆市中山區中山一路２４１巷１８弄１０號２樓,0.0,住,,,1110407,土地0建物1車位0,二層,5,公寓(5樓含以下無電梯),住家用,鋼筋混凝土造,0820531,75.94,3,1,1,有,無,有,10000,132,,0.0,0,水電瓦斯費及網路費由承租人負擔。,RPSOMLSKMHHGFDC38CC
中正區,建物,基隆市中正區觀海街２２１號１４樓,0.0,住,,,1110331,土地0建物1車位0,十四層,16,套房(1房1廳1衛),住家用,鋼筋混凝土造,0880114,31.54,1,1,1,有,有,有,6500,206,,0.0,0,每月水電瓦斯、網路費由承租人另行負擔。,RPWOMLSKMHHGFDC78CC
信義區,建物,基隆市信義區教孝街７９號１２樓之１,0.0,住,,,1110330,土地0建物1車位0,十二層,15,住宅大樓(11層含以上有電梯),住家用,鋼筋混凝土造,0820618,78.69999999999999,2,1,1,有,有,有,12000,152,,0.0,0,水電瓦斯、網路費及每月管理費1145元由承租人負擔。,RPXOMLSKMHHGFDC88CC
安樂區,建物,基隆市安樂區武嶺街１３８之３號,0.0,住,,,1110331,土地0建物1車位0,四層,5,公寓(5樓含以下無電梯),住家用,鋼筋混凝土造,0700925,77.9,3,1,1,有,無,有,13500,173,,0.0,0,每月水電瓦斯、網路費由承租人負擔。,RPPPMLSKMHHGFDC18CC
安樂區,建物,基隆市安樂區中和路７０巷９號,0.0,其他,,,1110408,土地0建物1車位0,全,4,透天厝,壹貳參肆層：集合住宅．地下層：自用儲藏室．突壹層：水箱,鋼筋混凝土造,0831104,336.94,5,3,4,有,有,有,19000,56,,0.0,0,水電瓦斯費、網路費及每月管理費1800元由承租人負擔。,RPQPMLSKMHHGFDC28CC
仁愛區,建物,基隆市仁愛區成功一路１３３巷２１號１３樓,0.0,住,,,1110329,土地0建物1車位0,十三層,14,住宅大樓(11層含以上有電梯),國民住宅,鋼筋混凝土造,0860630,157.19,3,2,2,有,有,有,15000,95,,0.0,0,水電瓦斯、網路費及每月管理費1300元由承租人負擔。,RPRPMLSKMHHGFDC38CC
中正區,建物,基隆市中正區北寧路３８４號４樓,0.0,商,,,1110406,土地0建物1車位0,四層,9,華廈(10層含以下有電梯),辦公室,鋼筋混凝土造,0841006,131.94,3,2,2,有,有,有,9000,68,,0.0,0,水電費、瓦斯費、網路費皆由承租人負擔。,RPUPMLSKMHHGFDC68CC
安樂區,建物,基隆市安樂區安一路２２７號５樓,0.0,商,,,1110408,土地0建物1車位0,五層,5,公寓(5樓含以下無電梯),住家用,鋼筋混凝土造,0760728,99.19,3,2,1,有,無,有,12000,121,,0.0,0,水電費、瓦斯費、網路費皆由承租人負擔。,RPVPMLSKMHHGFDC78CC
安樂區,建物,基隆市安樂區麥金路８２號４樓之４,0.0,住,,,1110409,土地0建物1車位0,四層,19,住宅大樓(11層含以上有電梯),住家用,鋼筋混凝土造,0831017,95.48,2,1,1,有,有,有,12000,126,,0.0,0,水電費、瓦斯費、網路費及每月管理費1011元皆由承租人負擔。,RPXPMLSKMHHGFDC98CC
中山區,建物,基隆市中山區中山二路２７之３號,0.0,商,,,1110409,土地0建物1車位0,四層,4,公寓(5樓含以下無電梯),住家用,鋼筋混凝土加強磚造,0630511,59.23,3,1,2,有,無,有,10000,169,,0.0,0,水電費、瓦斯費、網路費皆由承租人負擔。,RPOQMLSKMHHGFDC18CC
信義區,建物,基隆市信義區孝東路１２８之３號十四樓,0.0,住,,,1110409,土地0建物1車位0,十四層,15,住宅大樓(11層含以上有電梯),集合住宅,鋼筋混凝土造,1061018,106.29999999999998,2,2,1,有,有,有,18500,174,,0.0,0,水電費、瓦斯費、網路費皆由承租人負擔。,RPPQMLSKMHHGFDC28CC
中正區,建物,基隆市中正區觀海街１３３號９樓,0.0,住,,,1110409,土地0建物1車位0,九層,14,套房(1房1廳1衛),住家用,鋼筋混凝土造,0880114,32.56,1,0,1,有,無,有,6500,200,,0.0,0,水電費、瓦斯費、網路費皆由承租人負擔。,RPQQMLSKMHHGFDC38CC
安樂區,建物,基隆市安樂區麥金路４０６之４號,0.0,住,,,1110413,土地0建物1車位0,五層,5,公寓(5樓含以下無電梯),住家用,鋼筋混凝土造,0670809,70.64,3,1,1,有,無,有,8500,120,,0.0,0,水電費、瓦斯費、網路費皆由承租人負擔。,RPPOMLTKMHHGFDC18CC
安樂區,建物,基隆市安樂區基金一路１０８之１７號６樓,0.0,住,,,1110413,土地0建物1車位0,六層,9,華廈(10層含以下有電梯),住家用,鋼筋混凝土造,0830610,153.61,3,2,2,有,有,有,10500,68,,0.0,0,水電費、瓦斯費、網路費及每月管理費1500元皆由承租人負擔。,RPQOMLTKMHHGFDC28CC
七堵區,建物,基隆市七堵區明德二路１５之７號１２樓,0.0,住,,,1110413,土地0建物1車位0,十二層,13,住宅大樓(11層含以上有電梯),集合住宅,鋼筋混凝土造,1010626,125.86999999999999,3,2,2,有,有,有,15000,119,,0.0,0,水電費、瓦斯費、網路費及每月管理費2094元皆由承租人負擔。,RPROMLTKMHHGFDC38CC
中正區,建物,基隆市中正區調和街２９６號三樓之６,0.0,住,,,1110411,土地0建物1車位0,三層,14,住宅大樓(11層含以上有電梯),集合住宅,鋼筋混凝土造,1080212,108.77,2,2,1,有,有,有,16000,147,,0.0,0,水電瓦斯費及網路費由承租人負擔。,RPTOMLTKMHHGFDC58CC
信義區,建物,基隆市信義區仁一路７巷６９號４樓,0.0,商,,,1110411,土地0建物1車位0,四層,4,公寓(5樓含以下無電梯),住家用,鋼筋混凝土加強磚造,0610509,72.02,2,1,2,有,無,有,7000,97,,0.0,0,水電瓦斯費及網路費由承租人負擔。,RPWOMLTKMHHGFDC88CC
中山區,建物,基隆市中山區華興街５３巷７號３樓之１０,0.0,住,,,1110330,土地0建物1車位0,三層,8,華廈(10層含以下有電梯),住家用,鋼筋混凝土造,0960131,119.52,3,1,2,有,無,有,15000,126,,0.0,0,,RPSPMLTKMHHGFDC58CC
七堵區,建物,基隆市七堵區大德路１６０號３樓之１,0.0,住,,,1110330,土地0建物1車位0,三層,5,公寓(5樓含以下無電梯),住家用,鋼筋混凝土造,0890113,31.3,1,0,0,無,無,有,6500,208,,0.0,0,,RPTPMLTKMHHGFDC68CC
信義區,建物,基隆市信義區東信路２３６巷３３之１號,0.0,住,,,1110330,土地0建物1車位0,二層,4,公寓(5樓含以下無電梯),住家用,鋼筋混凝土造,0690317,127.0,3,2,2,有,無,有,12000,94,,0.0,0,,RPUPMLTKMHHGFDC78CC
仁愛區,建物,基隆市仁愛區南榮路４６號３樓,0.0,住,,,1110330,土地0建物1車位0,三層,7,公寓(5樓含以下無電梯),住家用,鋼筋混凝土造,0830402,108.35,3,1,2,有,無,有,15000,138,,0.0,0,,RPOSMLTKMHHGFDC48CC
中正區,建物,基隆市中正區祥豐街１１９之１號７樓,0.0,住,,,1110407,土地0建物1車位0,七層,7,華廈(10層含以下有電梯),住家用,鋼筋混凝土造,0880605,111.85,3,1,2,有,有,有,13000,116,,0.0,0,水電瓦斯費及網路費及每月管理費1353元由承租人負擔。,RPVSMLTKMHHGFDC56CC
暖暖區,建物,基隆市暖暖區過港路３３７號６樓,0.0,住,,,1110330,土地0建物1車位0,六層,7,華廈(10層含以下有電梯),住家用,鋼筋混凝土造,0810817,148.58,3,2,2,有,無,有,15000,101,,0.0,0,,RPXSMLTKMHHGFDC76CC
仁愛區,建物,基隆市仁愛區南榮路１１７巷３７弄２１號,0.0,住,,,1110330,土地0建物1車位0,一層,4,公寓(5樓含以下無電梯),住家用,鋼筋混凝土造,0850207,48.64,2,2,1,有,無,有,5000,103,,0.0,0,,RPOTMLTKMHHGFDC58CC
中山區,建物,基隆市中山區復興路２１２巷４弄３２號５樓,0.0,住,,,1110330,土地0建物1車位0,五層,5,公寓(5樓含以下無電梯),住家用,鋼筋混凝土造,0701230,99.59,3,2,2,有,無,有,12000,120,,0.0,0,,RPPTMLTKMHHGFDC68CC
仁愛區,建物,基隆市仁愛區成功一路１４巷２０弄１７之３號,0.0,住,,,1110330,土地0建物1車位0,四層,4,公寓(5樓含以下無電梯),住家用,鋼筋混凝土加強磚造,0631230,18.99,1,0,0,無,無,有,5500,290,,0.0,0,,RPQTMLTKMHHGFDC78CC
暖暖區,建物,基隆市暖暖區寧靜街６６號,0.0,住,,,1110330,土地0建物1車位0,全,2,透天厝,住家用,加強磚造,0590126,55.87,2,1,1,有,無,有,5000,89,,0.0,0,,RPRTMLTKMHHGFDC88CC
仁愛區,建物,基隆市仁愛區愛七路１３號,0.0,住,,,1110330,土地0建物1車位0,全,2,透天厝,住家用,加強磚造,0471231,54.27,2,1,2,有,無,有,10000,184,,0.0,0,,RPSTMLTKMHHGFDC98CC
中正區,建物,基隆市中正區新豐街４６０號之６ １６樓,0.0,住,,,1110330,土地0建物1車位0,十六層,18,住宅大樓(11層含以上有電梯),住家用,鋼筋混凝土造,0861121,37.07,1,0,0,無,無,有,8000,216,,0.0,0,,RPTTMLTKMHHGFDC09CC
信義區,建物,基隆市信義區東信路５５巷４８號５樓,0.0,住,,,1110330,土地0建物1車位0,五層,5,公寓(5樓含以下無電梯),住家用,鋼筋混凝土造,0720520,99.38,2,2,1,有,無,有,9000,91,,0.0,0,,RPVTMLTKMHHGFDC66CC
仁愛區,建物,基隆市仁愛區成功一路１４巷２０弄１５之３號,0.0,住,,,1110330,土地0建物1車位0,四層,4,公寓(5樓含以下無電梯),住家用,鋼筋混凝土加強磚造,0631230,44.78,2,1,1,有,無,有,12000,268,,0.0,0,,RPWTMLTKMHHGFDC76CC
中正區,建物,基隆市中正區新豐街３０３巷２１弄１５號４樓,0.0,住,,,1110330,土地0建物1車位0,四層,5,公寓(5樓含以下無電梯),住家用,鋼筋混凝土造,0851119,106.55,3,2,1,有,無,有,15000,141,,0.0,0,,RPXTMLTKMHHGFDC86CC
中正區,建物,基隆市中正區祥豐街３０５之２號７樓,0.0,住,,,1110330,土地0建物1車位0,七層,7,華廈(10層含以下有電梯),住家用,鋼筋混凝土造,0820915,145.26999999999998,3,1,2,有,無,有,12800,88,,0.0,0,,RPOUMLTKMHHGFDC68CC
安樂區,建物,基隆市安樂區武聖街１０４號５樓,0.0,住,,,1110330,土地0建物1車位0,五層,5,公寓(5樓含以下無電梯),住家用,鋼筋混凝土造,0790421,98.62,3,2,1,有,無,有,13000,132,,0.0,0,,RPPUMLTKMHHGFDC78CC
安樂區,建物,基隆市安樂區樂利二街６２巷２２１號４樓,0.0,住,,,1110330,土地0建物1車位0,四層,12,住宅大樓(11層含以上有電梯),住家用,鋼筋混凝土造,0880114,35.39,1,0,0,無,無,有,8000,226,,0.0,0,,RPQUMLTKMHHGFDC88CC
安樂區,建物,基隆市安樂區新西街１０７號,0.0,住,,,1110330,土地0建物1車位0,一層,5,公寓(5樓含以下無電梯),住家用,鋼筋混凝土造,0880414,120.01,3,1,2,有,無,有,14000,117,,0.0,0,,RPRUMLTKMHHGFDC98CC
安樂區,建物,基隆市安樂區麥金路４８８號,0.0,住,,,1110330,土地0建物1車位0,一層,5,公寓(5樓含以下無電梯),國民住宅,鋼筋混凝土造,0670809,48.64,2,1,1,有,無,有,10000,206,,0.0,0,,RPSUMLTKMHHGFDC09CC
安樂區,建物,基隆市安樂區崇德路２１６之１４號,0.0,住,,,1110330,土地0建物1車位0,五層,5,公寓(5樓含以下無電梯),住家用,鋼筋混凝土造,0710819,96.36,3,2,2,有,無,有,12500,130,,0.0,0,,RPTUMLTKMHHGFDC56CC
中正區,建物,基隆市中正區觀海街１０２號７樓,0.0,住,,,1110330,土地0建物1車位0,七層,16,住宅大樓(11層含以上有電梯),住家用,鋼筋混凝土造,0880114,105.76,1,1,1,有,無,有,13000,123,,0.0,0,,RPUUMLTKMHHGFDC66CC
安樂區,建物,基隆市安樂區麥金路１７５之７號４樓,0.0,住,,,1110330,土地0建物1車位0,四層,12,住宅大樓(11層含以上有電梯),住家用,鋼筋混凝土造,0860718,32.59,1,0,0,無,無,有,9500,292,,0.0,0,,RPVUMLTKMHHGFDC76CC
中正區,建物,基隆市中正區調和街３００號８樓之６,0.0,住,,,1110330,土地0建物1車位0,八層,14,住宅大樓(11層含以上有電梯),集合住宅,鋼筋混凝土造,1080212,63.239999999999995,1,0,0,無,無,有,10800,171,,0.0,0,,RPWUMLTKMHHGFDC86CC
信義區,建物,基隆市信義區培德路２巷９９之１號４樓,0.0,住,,,1110330,土地0建物1車位0,四層,5,公寓(5樓含以下無電梯),住家用,鋼筋混凝土造,0780803,126.93,3,2,2,有,無,有,15000,118,,0.0,0,,RPXUMLTKMHHGFDC96CC
安樂區,建物,基隆市安樂區崇德路５９之４號,0.0,住,,,1110330,土地0建物1車位0,五層,5,公寓(5樓含以下無電梯),住家用,鋼筋混凝土造,0720511,65.83,3,2,1,有,無,有,12000,182,,0.0,0,,RPOVMLTKMHHGFDC78CC
安樂區,建物,基隆市安樂區麥金路１８１之２號１２樓,0.0,住,,,1110330,土地0建物1車位0,十二層,12,住宅大樓(11層含以上有電梯),住家用,鋼筋混凝土造,0860718,32.83,1,0,0,無,無,有,8000,244,,0.0,0,,RPPVMLTKMHHGFDC88CC
中山區,建物,基隆市中山區中山三路１０３巷１３４號,0.0,住,,,1110330,土地0建物1車位0,一層,4,公寓(5樓含以下無電梯),住家用,鋼筋混凝土造,0801115,95.13,3,1,2,有,無,有,12000,126,,0.0,0,,RPQVMLTKMHHGFDC98CC
安樂區,建物,基隆市安樂區樂利二街６２巷２５９號９樓,0.0,住,,,1110415,土地0建物1車位0,九層,13,住宅大樓(11層含以上有電梯),住家用,鋼筋混凝土造,0880114,161.2,4,2,3,有,有,有,15000,93,,0.0,0,水電瓦斯費、網路費由承租人負擔。,RPVPMLKLMHHGFDC08CC
暖暖區,建物,基隆市暖暖區碇內街３０２號９樓,0.0,住,,,1110407,土地0建物1車位0,九層,10,華廈(10層含以下有電梯),住家用,鋼筋混凝土造,0850217,99.97,3,2,2,有,有,有,10000,100,,0.0,0,水電瓦斯、網路費及每月管理費600元由承租人負擔。,RPTPMLMLMHHGFDC08CC
仁愛區,建物,基隆市仁愛區自來街１３巷１１號２樓,0.0,商,,,1110417,土地0建物1車位0,二層,5,公寓(5樓含以下無電梯),國民住宅,鋼筋混凝土加強磚造,0660823,86.6,3,2,1,有,無,有,8500,98,,0.0,0,水電費、瓦斯費、網路費皆由承租人負擔。,RPUPMLMLMHHGFDC18CC
七堵區,建物,基隆市七堵區福二街１３４之１號,0.0,住,,,1110418,土地0建物1車位0,二層,5,公寓(5樓含以下無電梯),住家用,鋼筋混凝土造,0711126,81.68,3,1,1,有,無,有,13000,159,,0.0,0,水電費、瓦斯費、網路費皆由承租人負擔。,RPVPMLMLMHHGFDC28CC
暖暖區,建物,基隆市暖暖區碇內街２４３號４樓,0.0,住,,,1110418,土地0建物1車位0,四層,6,華廈(10層含以下有電梯),住家用,鋼筋混凝土造,0840808,108.26,3,1,2,有,有,有,8500,79,,0.0,0,水電費、瓦斯費、網路費及每月管理費960元皆由承租人負擔。,RPWPMLMLMHHGFDC38CC
中正區,建物,基隆市中正區新豐街３０３巷１７弄２號４樓,0.0,住,,,1110410,土地0建物1車位0,四層,5,公寓(5樓含以下無電梯),住家用,鋼筋混凝土造,0851119,114.67999999999999,3,2,2,有,無,有,8000,70,,0.0,0,每月水電瓦斯、網路費由承租人負擔。,RPTOMLPLMHHGFDC28CC
安樂區,建物,基隆市安樂區中和路１６４巷１３號２樓,0.0,其他,,,1110412,土地0建物1車位0,二層,5,公寓(5樓含以下無電梯),住家用,鋼筋混凝土造,0871210,87.02,2,1,1,有,無,有,11000,126,,0.0,0,水電瓦斯費及網路費由承租人負擔。,RPSOMLQLMHHGFDC28CC
中正區,建物,基隆市中正區新豐街２３６號７樓,0.0,住,,,1110415,土地0建物1車位0,七層,23,住宅大樓(11層含以上有電梯),住家用,鋼筋混凝土造,0851129,72.72,2,1,1,有,無,有,12500,172,,0.0,0,水電瓦斯費及網路費由承租人負擔。,RPTOMLQLMHHGFDC38CC
中山區,建物,基隆市中山區中山二路５１巷４３之２號,0.0,其他,,,1110419,土地0建物1車位0,三層,5,公寓(5樓含以下無電梯),住家用,鋼筋混凝土造,0730810,61.16,3,1,2,有,無,有,6800,111,,0.0,0,水電瓦斯費及網路費由承租人負擔。,RPUOMLQLMHHGFDC48CC
安樂區,房地(土地+建物),基隆市安樂區基金一路２１４號１２樓,28.27,住,,,1110416,土地1建物1車位0,十二層,12,住宅大樓(11層含以上有電梯),住家用,鋼筋混凝土造,0830310,122.48,3,2,2,有,有,有,15000,122,,0.0,0,,RPVOMLQLMHHGFDC58CC
中正區,建物,基隆市中正區豐稔街２９之３號,0.0,住,,,1110411,土地0建物1車位0,四層,5,公寓(5樓含以下無電梯),住家用,鋼筋混凝土造,0690714,66.64,2,2,1,有,無,有,7000,105,,0.0,0,每月水電瓦斯、網路費由承租人負擔。,RPOPMLQLMHHGFDC97CC
中正區,建物,基隆市中正區觀海街１９３號６樓,0.0,住,,,1110402,土地0建物1車位0,六層,16,套房(1房1廳1衛),住家用,鋼筋混凝土造,0880114,31.96,1,0,0,無,有,有,6500,203,,0.0,0,含管理費,RPQPMLQLMHHGFDC18CC
中正區,建物,基隆市中正區觀海街１４９號１４樓,0.0,住,,,1110425,土地0建物1車位0,十四層,16,住宅大樓(11層含以上有電梯),住家用,鋼筋混凝土造,0880114,84.79,2,1,2,有,有,有,11000,130,,0.0,0,含管理費,RPRPMLQLMHHGFDC28CC
暖暖區,建物,基隆市暖暖區源遠路２３０之１號４樓,0.0,商,,,1110420,土地0建物1車位0,四層,5,公寓(5樓含以下無電梯),住家用,鋼筋混凝土造,0740629,108.79,4,2,1,有,無,有,15000,138,,0.0,0,水電瓦斯費及網路費由承租人負擔。,RPSPMLQLMHHGFDC38CC
安樂區,建物,基隆市安樂區樂利三街３２巷１０弄５之３號,0.0,住,,,1110411,土地0建物1車位0,四層,4,公寓(5樓含以下無電梯),住家用,鋼筋混凝土造,0701116,88.14,2,1,2,有,無,有,10000,113,,0.0,0,每月水電瓦斯、網路費由承租人負擔。,RPOQMLQLMHHGFDC08CC
信義區,建物,基隆市信義區深澳坑路２之５號１３樓之２０,0.0,住,,,1110425,土地0建物1車位0,十三層,16,套房(1房1廳1衛),住家用,鋼筋混凝土造,0850426,46.86,1,0,1,有,有,有,8500,181,,0.0,0,水電費、瓦斯費、網路費皆由承租人負擔。,RPQPMLRLMHHGFDC28CC
安樂區,建物,基隆市安樂區安樂路一段６９巷３７號２樓,0.0,住,,,1110425,土地0建物1車位0,二層,5,公寓(5樓含以下無電梯),住家用,鋼筋混凝土造,0710825,68.43,2,2,1,有,無,有,10000,146,,0.0,0,水電費、瓦斯費、網路費皆由承租人負擔。,RPTPMLRLMHHGFDC58CC
中正區,建物,基隆市中正區觀海街１４２號２樓,0.0,住,,,1110424,土地0建物1車位0,二層,16,住宅大樓(11層含以上有電梯),住家用,鋼筋混凝土造,0880114,195.34,3,2,2,有,有,有,15000,77,,0.0,0,水電費、瓦斯費、網路費皆由承租人負擔。,RPPQMLRLMHHGFDC28CC
暖暖區,建物,基隆市暖暖區暖暖街５７０巷９２號６樓,0.0,其他,,,1110424,土地0建物1車位0,六層,10,華廈(10層含以下有電梯),住家用,鋼筋混凝土造,0940105,125.14000000000001,3,2,2,有,有,有,19000,152,,0.0,0,水電費、瓦斯費、網路費及每月管理費2621元皆由承租人負擔。,RPQQMLRLMHHGFDC38CC
中正區,房地(土地+建物),基隆市中正區豐稔街４１巷１６號４樓,34.0,其他,,,1110330,土地1建物1車位0,四層,4,公寓(5樓含以下無電梯),住家用,鋼筋混凝土加強磚造,0620929,76.98,4,1,1,有,無,有,14000,182,,0.0,0,附屬設備項目如下：電視一台、電視櫃一件、沙發一組、冰箱一台、洗衣機一台、床組四件、冷氣四台、排油煙機一件、流理臺一件、熱水器一台。,RPRQMLRLMHHGFDC48CC
中正區,建物,基隆市中正區觀海街１６９號４樓,0.0,住,,,1110418,土地0建物1車位0,四層,16,套房(1房1廳1衛),住家用,鋼筋混凝土造,0880114,31.22,1,0,1,有,有,有,5500,176,,0.0,0,水電費、瓦斯費、網路費及每月管理費500元皆由承租人負擔。,RPSQMLRLMHHGFDC58CC
中正區,建物,基隆市中正區觀海街１２０號７樓,0.0,住,,,1110421,土地0建物1車位0,七層,16,住宅大樓(11層含以上有電梯),住家用,鋼筋混凝土造,0880114,164.21,4,2,2,有,有,有,14000,85,,0.0,0,水電費、瓦斯費、網路費及每月管理費1200元皆由承租人負擔。,RPTOMLSLMHHGFDC58CC
仁愛區,建物,基隆市仁愛區南新街２２之２號,0.0,住,,,1110423,土地0建物1車位0,三層,4,公寓(5樓含以下無電梯),住家用,鋼筋混凝土加強磚造,0661206,93.44,3,2,1,有,無,有,8500,91,,0.0,0,水電費、瓦斯費、網路費皆由承租人負擔。,RPVOMLSLMHHGFDC78CC
中山區,建物,基隆市中山區安一路３１號５樓,0.0,商,,,1110424,土地0建物1車位0,五層,5,公寓(5樓含以下無電梯),住家用,鋼筋混凝土造,0831125,76.77,2,1,1,有,無,有,11000,143,,0.0,0,水電費、瓦斯費、網路費皆由承租人負擔。,RPWOMLSLMHHGFDC88CC
安樂區,建物,基隆市安樂區麥金路４１３之２號,0.0,住,,,1110424,土地0建物1車位0,三層,5,公寓(5樓含以下無電梯),住家用,鋼筋混凝土造,0670809,61.41,3,1,1,有,無,有,11000,179,,0.0,0,水電費、瓦斯費、網路費皆由承租人負擔。,RPXOMLSLMHHGFDC98CC
暖暖區,建物,基隆市暖暖區源遠路２４９巷１８５之３號８樓,0.0,住,,,1110425,土地0建物1車位0,八層,12,住宅大樓(11層含以上有電梯),住家用,鋼筋混凝土造,0860125,81.29,2,2,2,有,有,有,15000,185,,0.0,0,水電費、瓦斯費、網路費及每月管理費1560元皆由承租人負擔。,RPPPMLSLMHHGFDC28CC
七堵區,建物,基隆市七堵區長安街２３１巷８６之２號,0.0,,鄉村區,乙種建築用地,1110419,土地0建物1車位0,三層,3,公寓(5樓含以下無電梯),住家用,鋼筋混凝土造,0701227,98.21,3,2,1,有,無,有,9000,92,,0.0,0,每月水電瓦斯、網路費由承租人負擔。,RPQPMLSLMHHGFDC38CC
暖暖區,建物,基隆市暖暖區碇內街３７６號３樓,0.0,住,,,1110419,土地0建物1車位0,三層,6,華廈(10層含以下有電梯),住家用,鋼筋混凝土造,0840808,100.31,2,1,2,有,有,有,5000,50,,0.0,0,水電費、瓦斯費、網路費及每月管理費700元皆由承租人負擔。,RPVPMLSLMHHGFDC88CC
安樂區,建物,基隆市安樂區安一路３７０巷５之１號,0.0,住,,,1110421,土地0建物1車位0,二層,4,公寓(5樓含以下無電梯),住家用,鋼筋混凝土加強磚造,0631213,69.95,3,2,1,有,無,有,9000,129,,0.0,0,水電瓦斯費及網路費由承租人負擔。,RPPQMLSLMHHGFDC38CC
安樂區,建物,基隆市安樂區中和路１６８巷６弄３２號５樓,0.0,其他,,,1110421,土地0建物1車位0,五層,5,公寓(5樓含以下無電梯),住家用,鋼筋混凝土造,0851202,96.36,3,2,1,有,無,有,10000,104,,0.0,0,水電瓦斯費及網路費由承租人負擔。,RPRQMLSLMHHGFDC58CC
安樂區,建物,基隆市安樂區基金一路２０８巷１５４弄２３號４樓,0.0,住,,,1110423,土地0建物1車位0,四層,5,公寓(5樓含以下無電梯),住家用,鋼筋混凝土造,0831015,69.55,2,1,1,有,無,有,8000,115,,0.0,0,水電瓦斯費及網路費由承租人負擔。,RPSNMLNJNHHGFDC77CC
暖暖區,建物,基隆市暖暖區碇內街２２８號３樓,0.0,住,,,1110424,土地0建物1車位0,三層,10,華廈(10層含以下有電梯),住家用,鋼筋混凝土造,0850217,100.5,3,2,2,有,有,有,7500,75,,0.0,0,水電瓦斯費、網路費及每月管理費450元由承租人負擔。,RPSOMLNJNHHGFDC87CC
中正區,建物,基隆市中正區新豐街３４５之２號１２樓,0.0,住,,,1110422,土地0建物1車位0,十二層,12,住宅大樓(11層含以上有電梯),住家用,鋼筋混凝土造,0850711,67.14,2,1,1,有,有,有,11000,164,,0.0,0,水電瓦斯費、網路費由承租人負擔。,RPUOMLNJNHHGFDC08CC
中山區,建物,基隆市中山區中山二路１０５巷６３號５樓,0.0,住,,,1110419,土地0建物1車位0,五層,5,公寓(5樓含以下無電梯),住家用,鋼筋混凝土造,0831020,66.37,2,2,1,有,無,有,8000,121,,0.0,0,每月水電瓦斯、網路費由承租人負擔。,RPWOMLNJNHHGFDC28CC
信義區,建物,基隆市信義區深澳坑路２之５號６樓之４,0.0,住,,,1110415,土地0建物1車位0,六層,16,套房(1房1廳1衛),住家用,鋼筋混凝土造,0850426,40.84,1,1,1,有,有,有,6500,159,,0.0,0,水電費、瓦斯費、網路費皆由承租人負擔。,RPVPMLPJNHHGFDC48CC
中正區,建物,基隆市中正區新豐街４９０號之１  ６樓,0.0,其他,,,1110420,土地0建物1車位0,六層,19,住宅大樓(11層含以上有電梯),住家用,鋼筋混凝土造,0861121,114.17,2,1,1,有,有,有,12500,109,,0.0,0,水電瓦斯費、網路費及每月管理費903元由承租人負擔。,RPXUMLPJNHHGFDC56CC
仁愛區,建物,基隆市仁愛區南榮路２３１巷１９號３樓,0.0,住,,,1110424,土地0建物1車位0,三層,4,公寓(5樓含以下無電梯),住家用,鋼筋混凝土造,0821111,60.65,2,2,1,有,無,有,8500,140,,0.0,0,每月水電瓦斯、網路費由承租人負擔。,RPOVMLPJNHHGFDC38CC
安樂區,建物,基隆市安樂區基金一路１２１巷３８之６號５樓,0.0,住,,,1110424,土地0建物1車位0,五層,5,公寓(5樓含以下無電梯),住家用,鋼筋混凝土造,0850503,57.66,2,1,1,有,有,有,10000,173,,0.0,0,水電瓦斯、網路費及每月管理費523元由承租人負擔。,RPQVMLPJNHHGFDC58CC
安樂區,建物,基隆市安樂區麥金路１４５號８樓,0.0,住,,,1110422,土地0建物1車位0,八層,13,住宅大樓(11層含以上有電梯),住家用,鋼筋混凝土造,0860718,109.47999999999999,3,2,2,有,有,有,17000,155,,0.0,0,水電瓦斯、網路費及每月管理費1116元由承租人負擔。,RPSVMLPJNHHGFDC78CC
暖暖區,建物,基隆市暖暖區金山街４５號２樓,0.0,其他,,,1110425,土地0建物1車位0,二層,4,公寓(5樓含以下無電梯),住家用,鋼筋混凝土造,0840428,104.55,4,1,2,有,無,有,13500,129,,0.0,0,水電瓦斯費及網路費由承租人負擔。,RPTVMLPJNHHGFDC88CC
中正區,建物,基隆市中正區新豐街３２８號１０樓,0.0,住,,,1110428,土地0建物1車位0,十層,14,住宅大樓(11層含以上有電梯),住家用,鋼筋混凝土造,0850309,140.29,5,1,2,有,有,有,20000,143,,0.0,0,含管理費及網路費,RPVRMLQJNHHGFDC78CC
安樂區,建物,基隆市安樂區麥金路３０３號２樓,0.0,住,,,1110420,土地0建物1車位0,二層,18,住宅大樓(11層含以上有電梯),集合住宅,鋼筋混凝土造,1050124,123.44,3,2,2,有,有,有,13500,109,,0.0,0,水電瓦斯、網路費及每月管理費1868元由承租人負擔。,RPWRMLQJNHHGFDC88CC
安樂區,建物,基隆市安樂區安樂路一段１５０之２號１２樓,0.0,其他,,,1110420,土地0建物1車位0,十二層,16,套房(1房1廳1衛),住家用,鋼筋混凝土造,0850508,44.5,1,1,1,有,無,有,10000,225,,0.0,0,每月水電瓦斯、網路費由承租人負擔。,RPXRMLQJNHHGFDC98CC
七堵區,建物,基隆市七堵區明德二路１巷１５號２樓,0.0,其他,,,1110428,土地0建物1車位0,二層,5,公寓(5樓含以下無電梯),住家用,鋼筋混凝土造,0790531,69.28999999999999,2,1,1,有,無,有,10000,144,,0.0,0,水電瓦斯費及網路費由承租人負擔。,RPOSMLQJNHHGFDC18CC
仁愛區,建物,基隆市仁愛區劉銘傳路２７巷１之５號,0.0,住,,,1110424,土地0建物1車位0,五層,5,公寓(5樓含以下無電梯),住家用,鋼筋混凝土加強磚造,0621128,80.6,3,2,1,有,無,有,13000,161,,0.0,0,每月水電瓦斯、網路費由承租人負擔。,RPPSMLQJNHHGFDC28CC
中正區,建物,基隆市中正區觀海街１２５號６樓,0.0,住,,,1110429,土地0建物1車位0,六層,14,住宅大樓(11層含以上有電梯),住家用,鋼筋混凝土造,0880114,133.78,2,1,2,有,無,有,12000,90,,0.0,0,水電瓦斯費及網路費由承租人負擔。,RPQSMLQJNHHGFDC38CC
安樂區,建物,基隆市安樂區麥金路５５２號,0.0,住,,,1110504,土地0建物1車位0,一層,5,公寓(5樓含以下無電梯),國民住宅,鋼筋混凝土造,0700605,87.49,3,1,2,有,無,有,12000,137,,0.0,0,水電瓦斯費及網路費由承租人負擔。,RPRSMLQJNHHGFDC48CC
中正區,建物,基隆市中正區新豐街２４０號１４樓,0.0,住,,,1110504,土地0建物1車位0,十四層,23,套房(1房1廳1衛),住家用,鋼筋混凝土造,0851129,31.14,1,0,1,有,有,有,6500,209,,0.0,0,水電瓦斯費及網路費由承租人負擔。,RPSOMLTJNHHGFDC48CC
仁愛區,建物,基隆市仁愛區延平街２８之１４號,0.0,住,,,1110427,土地0建物1車位0,四層,4,公寓(5樓含以下無電梯),住家用,鋼筋混凝土加強磚造,0630729,78.26,3,1,1,有,無,有,10000,128,,0.0,0,水電瓦斯費及網路費由承租人負擔。,RPPPMLTJNHHGFDC28CC
七堵區,建物,基隆市七堵區百六街１０７巷１２之２號８樓,0.0,住,,,1110504,土地0建物1車位0,八層,10,華廈(10層含以下有電梯),住家用,鋼筋混凝土造,0931229,110.14,3,2,2,有,有,有,15000,136,,0.0,0,水電瓦斯費、網路費及每月管理費2067元由承租人負擔。,RPXNMLKKNHHGFDC08CC
中正區,建物,基隆市中正區觀海街７２號１４樓,0.0,住,,,1110430,土地0建物1車位0,十四層,16,住宅大樓(11層含以上有電梯),住家用,鋼筋混凝土造,0880114,105.76,2,2,2,有,有,有,13000,123,,0.0,0,水電瓦斯費及網路費由承租人負擔。,RPTOMLKKNHHGFDC77CC
仁愛區,建物,基隆市仁愛區仁三路７８號,35.26,商,,,1110420,土地0建物1車位0,見其他登記事項,3,公寓(5樓含以下無電梯),商業用,磚造,0300801,106.0,0,0,0,無,無,無,100000,943,,0.0,0,,RPWNMLKKNHHGFDC18EC
