﻿編號,土地位置,土地移轉面積(平方公尺),使用分區或編定,權利人持分分母,權利人持分分子,移轉情形,地號
The serial number, land position,land shifting area square meter,the use zoning or compiles and checks,,,,land parcel
RPQNMLLKKHHGFAD96CC,金華段,.00,都市：商,,,,00010000
RPRNMLLKKHHGFAD07CC,開元段,.00,都市：商,,,,05870000
RPROMLLKKHHGFAD17CC,郡王祠段,.00,都市：住,,,,18280000
RPRNMLLKKHHGFAD07CC,開元段,.00,都市：住,,,,05840000
RPXOMLLKKHHGFAD77CC,星鑽段,.00,都市：住,,,,02340000
RPTNMLLKKHHGFAD27CC,南門段,.00,都市：住,,,,03920000
RPPPMLLKKHHGFAD07CC,漁光段,.00,都市：商,,,,08910002
RPWOMLLKKHHGFAD67CC,東豐段,.00,都市：住,,,,02580001
RPQPMLLKKHHGFAD17CC,公園段,.00,都市：商,,,,09390000
RPQPMLLKKHHGFAD17CC,公園段,.00,都市：商,,,,09390001
RPQPMLLKKHHGFAD17CC,公園段,.00,都市：其他:細部計畫道路用地,,,,09390003
RPUPMLLKKHHGFAD57CC,南門段,.00,都市：住,,,,17380000
RPUPMLLKKHHGFAD57CC,南門段,.00,都市：住,,,,17440000
RPQNMLLKKHHGFCD17CC,新興段,.00,都市：住,,,,02290016
RPXOMLLKKHHGFID58CC,武東段,2065.48,都市：住,,,,01070000
RPVOMLLKKHHGFBD67CC,安東段,.00,都市：住,,,,00190018
RPVOMLLKKHHGFBD67CC,安東段,.00,都市：住,,,,00190014
RPXNMLLKKHHGFCD87CC,竹篙厝段,.00,都市：住,,,,39780000
RPTNMLLKKHHGFBD37CC,外塭段,.00,都市：住,,,,01030000
RPXNMLLKKHHGFCD87CC,竹篙厝段,.00,都市：住,,,,39810000
RPVNMLLKKHHGFKD48CC,六甲頂段,.00,都市：住,,,,04050000
RPUNMLLKKHHGFHD08CC,大營段,228.00,非都市：一般農業區 ; 非都市編定：丁種建築用地,,,,26620056
RPPNMLLKKHHGFBD96CC,安東段,245.29,都市：住,,,,08000000
RPRNMLLKKHHGFKD08CC,六甲頂段,.00,都市：住,,,,11750000
RPRNMLMKKHHGFCD37CC,竹篙厝段,.00,都市：住,,,,38220000
RPQOMLOKKHHGFCD57CC,鹽埕段,.00,都市：住,,,,31020069
RPXOMLOKKHHGFID88CC,二行段,.00,都市：住,,,,12050000
RPSNMLMKKHHGFKD28CC,南新段,.00,都市：住,,,,00960000
RPRNMLOKKHHGFCD57CC,光華段,.00,都市：住,,,,09490000
RPPNMLOKKHHGFBD27CC,頂安段,.00,都市：住,,,,01250023
RPUPMLOKKHHGFBD97CC,和館段,.00,都市：住,,,,00340030
RPPNMLOKKHHGFID97CC,二仁段,.00,都市：住,,,,02220000
RPRNMLOKKHHGFBD47CC,育安段,109.10,都市：住,,,,11130000
RPPOMLOKKHHGFDD57CC,新電段,.00,都市：住,,,,07470000
RPQOMLOKKHHGFDD67CC,周武段,.00,都市：住,,,,04290000
RPWNMLOKKHHGFFD38CC,十六甲段,101.00,非都市：鄉村區 ; 非都市編定：乙種建築用地,,,,02000009
RPOQMLOKKHHGFAD37CC,星鑽段,.00,都市：商,,,,16250000
RPOQMLOKKHHGFAD37CC,星鑽段,.00,都市：商,,,,16240000
RPQQMLOKKHHGFAD57CC,公園段,.00,都市：商,,,,02020000
RPSNMLOKKHHGFAD47CC,正興段,.00,都市：住,,,,05010000
RPPNMLOKKHHGFKD18CC,橋北段,.00,都市：住,,,,00680046
RPPNMLOKKHHGFKD18CC,橋北段,.00,都市：住,,,,00680082
RPPNMLOKKHHGFKD18CC,橋北段,.00,都市：住,,,,00680037
RPPOMLOKKHHGFAD27CC,金華段,.00,都市：住,,,,00850000
RPUNMLOKKHHGFKD68CC,北極段,.00,都市：住,,,,08080000
RPROMLOKKHHGFAD47CC,白金段,32.12,都市：商,,,,00130000
RPROMLOKKHHGFAD47CC,白金段,4.79,都市：商,,,,00140000
RPROMLOKKHHGFAD47CC,白金段,35.44,都市：商,,,,00150000
RPROMLOKKHHGFAD47CC,白金段,14.62,都市：商,,,,00160000
RPPOMLOKKHHGFKD28CC,中興段,.00,都市：住,,,,08900000
RPVOMLPKKHHGFKD98CC,亞太段,978.51,都市：工,,,,02700000
RPPOMLPKKHHGFKD38CC,鹽新段,.00,都市：住,,,,03990000
RPXOMLPKKHHGFHD88CC,港子墘段,330.57,非都市：特定農業區 ; 非都市編定：農牧用地,,,,08430000
RPSNMLPKKHHGFBD67CC,國安段,13.12,都市：住,,,,17270000
RPSNMLPKKHHGFBD67CC,國安段,91.13,都市：住,,,,17270019
RPTOMLPKKHHGFKD78CC,大灣段,436.36,都市：農,,,,39700000
RPXNMLPKKHHGFAD08CC,新南段,.00,都市：商,,,,00380014
RPQOMLPKKHHGFCD67CC,裕南段,.00,都市：住,,,,18670000
RPOOMLOKKHHGFKD18CC,亞太段,978.51,都市：工,,,,02700000
RPTOMLQKKHHGFCD08CC,新興段,.00,都市：住,,,,02780000
RPSNMLQKKHHGFED08CC,下南勢段,4186.37,非都市：山坡地保育區 ; 非都市編定：農牧用地,,,,01170002
RPWOMLQKKHHGFID98CC,白崙段,.00,都市：商,,,,00720000
RPXNMLQKKHHGFBD28CC,溪東段,.00,都市：住,,,,10840000
RPROMLQKKHHGFAD67CC,武聖段,.00,都市：住,,,,25010011
RPWNMLQKKHHGFAD08CC,新南段,21.70,都市：住,,,,00670000
RPXOMLQKKHHGFAD28CC,中山段,.00,都市：商,,,,00830000
RPXOMLQKKHHGFAD28CC,中山段,.00,都市：商,,,,00840000
RPXOMLQKKHHGFAD28CC,中山段,.00,都市：商,,,,00850000
RPVNMLRKKHHGFAD08CC,萬昌段,.00,都市：商,,,,00900000
RPOPMLQKKHHGFAD47CC,金華段,12.92,都市：住,,,,00850002
RPQNMLRKKHHGFAD57CC,金華段,.00,都市：商,,,,00010000
RPPOMLRKKHHGFAD57CC,新南段,.00,都市：商,,,,00370005
RPPPMLRKKHHGFAD67CC,金華段,.00,都市：住,,,,01050001
RPSOMLRKKHHGFAD87CC,星鑽段,.00,都市：商,,,,18300000
RPSOMLRKKHHGFAD87CC,星鑽段,.00,都市：商,,,,18400000
RPTPMLRKKHHGFAD08CC,南廠段,.00,都市：商,,,,01680000
RPTPMLRKKHHGFAD08CC,南廠段,.00,都市：商,,,,01690000
RPVNMLRKKHHGFID88CC,歸仁北段,.00,都市：住,,,,08530001
RPROMLRKKHHGFID58CC,歸仁北段,.00,都市：住,,,,11710027
RPWOMLRKKHHGFID09CC,歸仁南段,727.27,非都市：一般農業區 ; 非都市編定：農牧用地,,,,13570000
RPSNMLRKKHHGFID58CC,歸仁北段,.00,都市：住,,,,08530001
RPQNMLRKKHHGFCD77CC,立德段,.00,都市：住,,,,09160000
RPWNMLRKKHHGFCD38CC,大同段,.00,都市：住,,,,05550000
RPWPMLRKKHHGFCD58CC,鹽埕段,.00,都市：住,,,,30990096
RPPOMLRKKHHGFHD28CC,富強段,87.09,都市：其他:,,,,09520000
RPXNMLRKKHHGFHD98CC,唪口段,.00,非都市：鄉村區 ; 非都市編定：乙種建築用地,,,,19360001
RPUOMLRKKHHGFCD28CC,光華段,.00,都市：住,,,,09490000
RPPOMLRKKHHGFCD77CC,裕南段,.00,都市：住,,,,19500000
RPTOMLRKKHHGFHD68CC,三德段,18.96,都市：其他:(空白),,,,04760000
RPOOMLRKKHHGFHD18CC,福壽段,139.24,都市：其他:,,,,09730000
RPQOMLRKKHHGFHD38CC,大營段,83.00,非都市：特定農業區 ; 非都市編定：甲種建築用地,,,,24270066
RPRNMLRKKHHGFKD68CC,頂安段,.00,都市：住,,,,02210000
RPSNMLRKKHHGFCD08DC,府東段,.00,,,,,01080000
RPSOMLRKKHHGFBD08DC,安西段,68.07,都市：住,,,,19180035
RPTNMLRKKHHGFKD88CC,三村段,.00,都市：住,,,,05360000
RPWNMLRKKHHGFKD56CC,永仁段,.00,都市：住,,,,00830000
RPSOMLRKKHHGFKD88CC,兵北段,.00,都市：住,,,,00100000
RPSNMLRKKHHGFKD78CC,頂安段,.00,都市：住,,,,02210000
RPPNMLRKKHHGFKD48CC,三民段,177.39,都市：住,,,,07180000
RPXNMLRKKHHGFKD66CC,大灣段,.00,都市：商,,,,61630012
RPVOMLRKKHHGFKD56CC,大灣段,.00,都市：住,,,,48490003
RPOPMLRKKHHGFKD58CC,兵南段,.00,都市：住,,,,05830000
RPXOMLRKKHHGFKD76CC,永仁段,.00,都市：住,,,,11110000
RPVNMLSKKHHGFCD38CC,裕南段,.00,都市：住,,,,16530000
RPVNMLSKKHHGFCD38CC,裕南段,.00,都市：住,,,,16530001
RPVOMLSKKHHGFHD98CC,善成段,90.20,都市：其他:空白,,,,02980000
RPWOMLSKKHHGFHD09CC,善成段,90.50,都市：其他:空白,,,,02990000
RPROMLSKKHHGFCD08CC,路東段,.00,都市：住,,,,05590000
RPROMLSKKHHGFCD08CC,路東段,.00,都市：住,,,,05590001
RPWNMLSKKHHGFID09CC,二空段,.00,都市：住,,,,09240000
RPPPMLRKKHHGFKD68CC,永康段,.00,都市：住,,,,16170000
RPVNMLSKKHHGFHD88CC,港子墘段,.00,非都市：特定農業區 ; 非都市編定：甲種建築用地,,,,16350000
RPOOMLSKKHHGFID38CC,歸仁北段,.00,都市：住,,,,12000024
RPOOMLSKKHHGFFD08CC,興國段,.00,都市：住,,,,02700000
RPQNMLSKKHHGFAD67CC,富台段,.00,都市：住,,,,08500000
RPXNMLSKKHHGFID56CC,歸仁北段,.00,都市：住,,,,12000023
RPTNMLSKKHHGFAD97CC,東興段,.00,都市：住,,,,02520016
RPROMLSKKHHGFAD87CC,金華段,.00,都市：商,,,,00010000
RPSOMLSKKHHGFAD97CC,金華段,.00,都市：住,,,,00850002
RPQOMLSKKHHGFAD77CC,金華段,.00,都市：住,,,,00850002
RPPNMLSKKHHGFAD57CC,星鑽段,.00,都市：商,,,,19290000
RPOPMLSKKHHGFAD67CC,裕民段,.00,都市：住,,,,03780000
RPTOMLSKKHHGFAD08CC,金華段,.00,都市：商,,,,00640037
RPXNMLLLKHHGFDD08CC,新生段,16.09,都市：住,,,,14060000
RPQNMLLLKHHGFAD07CC,華興段,.00,都市：住,,,,00160122
RPUOMLLLKHHGFCD77CC,同安段,842.98,都市：農,,,,00120004
RPTNMLLLKHHGFBD47CC,土城段,231.95,都市：住,,,,05350000
RPTNMLLLKHHGFBD47CC,土城段,24.80,都市：住,,,,05230000
RPSPMLLLKHHGFHD18CC,大營段,104.00,非都市：特定農業區 ; 非都市編定：甲種建築用地,,,,12160015
RPTOMLLLKHHGFCD67CC,東光段,.00,都市：商,,,,00510008
RPUOMLLLKHHGFBD67CC,國安段,21.52,都市：住,,,,16120000
RPOOMLLLKHHGFKD97CC,橋北段,.00,都市：住,,,,00520000
RPUNMLMLKHHGFKD58CC,南工段,.00,都市：住,,,,09880000
RPUNMLMLKHHGFKD58CC,南工段,.00,都市：住,,,,09890000
RPUNMLMLKHHGFKD58CC,南工段,.00,都市：住,,,,09900000
RPUNMLMLKHHGFKD58CC,南工段,.00,都市：住,,,,10020000
RPUNMLMLKHHGFKD58CC,南工段,.00,都市：住,,,,10060000
RPQNMLMLKHHGFKD18CC,大灣段,.00,都市：住,,,,63940000
RPPOMLLLKHHGFKD08CC,忠孝段,.00,都市：住,,,,05400000
RPROMLMLKHHGFHD08CC,新化段王公廟小段,.00,非都市：一般農業區 ; 非都市編定：甲種建築用地,,,,24000000
RPVNMLMLKHHGFKD78DC,橋北段,26.38,都市：住,,,,00130000
RPOOMLMLKHHGFHD77CC,大榮段,137.62,都市：其他:,,,,04180000
RPUNMLMLKHHGFCD77CC,德高段,.00,都市：住,,,,15100027
RPOPMLMLKHHGFCD37CC,東安段,.00,都市：住,,,,05020000
RPPOMLMLKHHGFKD18CC,成功段,.00,都市：商,,,,01190000
RPRPMLMLKHHGFCD67CC,竹篙厝段,.00,都市：住,,,,42980016
RPSPMLMLKHHGFCD77CC,大同段,.00,都市：商,,,,11960000
RPOOMLMLKHHGFBD17CC,國安段,.00,都市：住,,,,16120000
RPUPMLMLKHHGFCD97CC,鹽埕段,.00,都市：住,,,,31020123
RPPNMLMLKHHGFFD57CC,港子尾段,.00,非都市：鄉村區 ; 非都市編定：乙種建築用地,,,,00010390
RPPOMLMLKHHGFBD27CC,育安段,109.10,都市：住,,,,11130000
RPPNMLMLKHHGFFD57CC,港子尾段,.00,非都市：鄉村區 ; 非都市編定：乙種建築用地,,,,00010391
RPUNMLMLKHHGFAD57CC,金華段,.00,都市：住,,,,00840003
RPQOMLMLKHHGFAD27CC,北安段,.00,都市：住,,,,00560108
RPTNMLMLKHHGFFD97CC,信義段,22.51,都市：住,,,,02590000
RPRNMLMLKHHGFAD27CC,中正段,.00,都市：商,,,,00490000
RPTNMLMLKHHGFFD97CC,信義段,119.77,都市：住,,,,02600000
RPSNMLMLKHHGFID18CC,歸仁北段,.00,都市：住,,,,03050015
RPUOMLMLKHHGFAD67CC,北元段,.00,都市：住,,,,04330000
RPWPMLMLKHHGFAD97CC,新美段,99.01,都市：商,,,,09910000
RPWPMLMLKHHGFAD97CC,新美段,257.34,都市：商,,,,09930000
RPWPMLMLKHHGFAD97CC,新美段,284.73,都市：商,,,,09940000
RPTPMLMLKHHGFAD67CC,北安段,.00,都市：其他:市場用地,,,,02240000
RPSNMLNLKHHGFAD47CC,金華段,.00,都市：商,,,,00640000
RPOOMLNLKHHGFAD17CC,銀同段,.00,都市：商,,,,09340000
RPOQMLMLKHHGFAD27CC,新南段,.00,都市：住,,,,04970000
RPOQMLMLKHHGFAD27CC,新南段,.00,都市：其他:道路用地,,,,04990000
RPTOMLNLKHHGFAD67CC,金華段,.00,都市：住,,,,00860002
RPUOMLNLKHHGFAD77CC,郡王祠段,.00,都市：住,,,,17300000
RPWOMLNLKHHGFAD97CC,金華段,.00,都市：商,,,,00010000
RPUPMLNLKHHGFAD87CC,南廠段,.00,都市：住,,,,07900000
RPUPMLNLKHHGFAD87CC,南廠段,.00,都市：住,,,,07910000
RPPOMLNLKHHGFID08CC,歸仁北段,.00,都市：住,,,,12000023
RPUNMLNLKHHGFID48CC,歸仁北段,.00,都市：住,,,,12000024
RPVOMLNLKHHGFID68CC,八甲東段,.00,都市：農,,,,04140008
RPWOMLNLKHHGFID78CC,白崙段,7.59,都市：商,,,,00720000
RPQNMLNLKHHGFBD37CC,海佃段,.00,都市：住,,,,07270000
RPUNMLNLKHHGFCD87CC,新興段,.00,都市：住,,,,02550011
RPXOMLNLKHHGFCD28CC,新都段,.00,都市：住,,,,00180000
RPXOMLNLKHHGFCD28CC,新都段,.00,都市：住,,,,00180044
RPSNMLNLKHHGFKD48CC,永仁段,.00,都市：住,,,,05320000
RPUPMLNLKHHGFHD58CC,南港段,310.51,都市：工,,,,09500089
RPVNMLNLKHHGFBD97DC,鎮安段,74.20,都市：住,,,,04210000
RPVOMLNLKHHGFKD88CC,廣興段,487.88,都市：住,,,,11210000
RPVOMLNLKHHGFKD88CC,廣興段,32.71,都市：住,,,,11220000
RPVNMLNLKHHGFBD97DC,鎮安段,.39,都市：住,,,,05110000
RPVOMLNLKHHGFKD88CC,廣興段,140.56,都市：其他:道路用地,,,,11330000
RPVNMLNLKHHGFBD97DC,鎮安段,10.95,都市：住,,,,04730000
RPVNMLNLKHHGFBD97DC,鎮安段,.40,都市：住,,,,04530000
RPVNMLNLKHHGFBD97DC,鎮安段,8.30,都市：住,,,,04490000
RPVNMLNLKHHGFBD97DC,鎮安段,1.17,都市：住,,,,04410000
RPTNMLOLKHHGFKD68CC,三村段,.00,都市：住,,,,05960001
RPQNMLOLKHHGFCD57CC,新興段,331.08,都市：住,,,,02740138
RPXOMLNLKHHGFKD09CC,東南段,686.51,都市：工,,,,10730000
RPWNMLOLKHHGFHD68CC,新北段,23.06,都市：住,,,,00090010
RPRNMLOLKHHGFCD67CC,府東段,269.78,都市：商,,,,01300000
RPTNMLOLKHHGFCD87CC,裕南段,.00,,,,,16530000
RPTNMLOLKHHGFCD87CC,裕南段,.00,,,,,16530001
RPSNMLOLKHHGFAD57CC,北元段,.00,都市：住,,,,04330000
RPROMLOLKHHGFCD77CC,竹篙厝段,.00,都市：住,,,,14070000
RPROMLOLKHHGFCD77CC,竹篙厝段,.00,都市：住,,,,14070001
RPROMLOLKHHGFCD77CC,竹篙厝段,.00,都市：住,,,,14070002
RPTNMLOLKHHGFAD67CC,北元段,.00,都市：住,,,,04330000
RPSNMLOLKHHGFID38CC,歸仁北段,1287.00,非都市：一般農業區 ; 非都市編定：丁種建築用地,,,,13340002
RPSNMLOLKHHGFID38CC,歸仁北段,1710.00,非都市：一般農業區 ; 非都市編定：丁種建築用地,,,,13610003
RPVNMLOLKHHGFAD87CC,金城段,.00,都市：住,,,,00550052
RPUNMLOLKHHGFAD77CC,北元段,.00,都市：住,,,,04330000
RPVOMLOLKHHGFAD97CC,青年段,3.36,都市：商,,,,01440000
RPTNMLPLKHHGFAD77CC,正興段,.00,都市：住,,,,07050016
RPROMLPLKHHGFAD67CC,中山段,.00,都市：商,,,,07430000
RPUOMLPLKHHGFAD97CC,北元段,.00,都市：住,,,,04330000
RPVNMLPLKHHGFAD97CC,南門段,.00,都市：商,,,,09390000
RPXOMLPLKHHGFAD28CC,開元段,.00,都市：商,,,,06250000
RPQOMLPLKHHGFCD77CC,竹篙厝段,129.00,都市：住,,,,38340001
RPQOMLPLKHHGFCD77CC,竹篙厝段,132.00,都市：住,,,,38340000
RPSOMLPLKHHGFAD87DC,檨仔林段,.00,都市：商,,,,07860000
RPQNMLPLKHHGFDD77CC,仁愛段,283.47,都市：工,,,,05120002
RPQNMLPLKHHGFDD77CC,仁愛段,282.99,都市：工,,,,05120003
RPPOMLPLKHHGFBD57CC,新淵段,.00,都市：住,,,,02160002
RPSOMLPLKHHGFCD08DC,竹篙厝段,.00,都市：住,,,,34830000
RPTNMLPLKHHGFGD48DC,佳里段,129.00,都市：住,,,,23680014
RPRNMLRLKHHGFKD78CC,六甲頂段,71.09,都市：住,,,,08990000
RPRNMLPLKHHGFGD28DC,新宅段,68.00,非都市：鄉村區 ; 非都市編定：乙種建築用地,,,,04310002
RPQOMLPLKHHGFKD58CC,大灣段,.00,都市：住,,,,29720000
RPUNMLLJLHHGFKD38CC,頂南段,.00,都市：住,,,,01900000
RPVNMLLJLHHGFKD48CC,頂中段,614.57,都市：工,,,,00860000
RPPNMLSLKHHGFKD68CC,橋北段,.00,都市：商,,,,00280000
RPOOMLLJLHHGFKD87CC,蔦松南段,.00,都市：住,,,,07850000
RPWNMLLJLHHGFKD58CC,鹽中段,.00,都市：住,,,,15570000
RPTNMLLJLHHGFCD47CC,南山段,.00,都市：住,,,,00320021
RPPOMLLJLHHGFKD97CC,永華段,.00,都市：住,,,,09740000
RPUNMLLJLHHGFCD57CC,裕南段,.00,都市：住,,,,16530000
RPUNMLLJLHHGFCD57CC,裕南段,.00,都市：住,,,,16530001
RPQOMLLJLHHGFCD27CC,裕南段,.00,都市：住,,,,16530000
RPQOMLLJLHHGFCD27CC,裕南段,.00,都市：住,,,,16530001
RPSOMLLJLHHGFCD47CC,竹篙厝段,.00,都市：住,,,,09100000
RPQNMLLJLHHGFID77CC,清王段,.00,都市：住,,,,05760000
RPUOMLLJLHHGFCD67CC,竹篙厝段,.00,都市：住,,,,20980000
RPPNMLLJLHHGFAD86CC,郡王祠段,80.71,都市：住,,,,19870001
RPQNMLLJLHHGFAD96CC,檨仔林段,.00,都市：商,,,,07620000
RPRNMLLJLHHGFID87CC,清王段,.00,都市：住,,,,05760000
RPWNMLLJLHHGFID38CC,長興段,.00,都市：住,,,,10860000
RPUNMLLJLHHGFAD37CC,南門段,.00,都市：住,,,,01960000
RPVOMLLJLHHGFAD57CC,開元段,.00,都市：商,,,,05970000
RPPOMLLJLHHGFAD96CC,北元段,.00,都市：住,,,,04330000
RPVOMLLJLHHGFAD57CC,開元段,.00,都市：住,,,,06180000
RPXOMLLJLHHGFAD77CC,開元段,.00,都市：商,,,,03610005
RPQPMLLJLHHGFAD17CC,南廠段,.00,都市：商,,,,16180000
RPQPMLLJLHHGFAD17CC,南廠段,.00,都市：商,,,,16220000
RPWOMLLJLHHGFAD67CC,北華段,.00,都市：住,,,,05200000
RPOPMLLJLHHGFAD96CC,新南段,.00,都市：住,,,,00570000
RPTOMLMJLHHGFAD47CC,公園段,.00,都市：商,,,,01360000
RPSOMLMJLHHGFAD37CC,公園段,.00,都市：商,,,,01360000
RPTNMLMJLHHGFDD67CC,水秀段,.00,非都市：鄉村區 ; 非都市編定：乙種建築用地,,,,03910000
RPOPMLMJLHHGFID87CC,中山段,.00,都市：住,,,,09060000
RPRPMLMJLHHGFBD47CC,溪墘段,.00,都市：住,,,,16620022
RPVRMLMJLHHGFHD68CC,大榮段,12.30,都市：住,,,,07780000
RPVRMLMJLHHGFHD68CC,大榮段,.67,都市：住,,,,07790000
RPVRMLMJLHHGFHD68CC,大榮段,8.30,都市：住,,,,07800000
RPWNMLNJLHHGFKD78CC,大灣段,.00,都市：其他:住商,,,,65760005
RPROMLMJLHHGFCD47CC,龍泉段,.00,都市：住,,,,03040000
RPROMLMJLHHGFCD47CC,龍泉段,.00,都市：住,,,,03110000
RPROMLMJLHHGFCD47CC,龍泉段,.00,都市：住,,,,03120000
RPWNMLMJLHHGFDD97CC,水秀段,.00,非都市：鄉村區 ; 非都市編定：乙種建築用地,,,,03910000
RPUNMLNJLHHGFHD28CC,中榮段,109.02,非都市：鄉村區 ; 非都市編定：乙種建築用地,,,,00940000
RPROMLNJLHHGFAD37CC,漁光段,11.96,都市：商,,,,08660000
RPWNMLNJLHHGFID58CC,長興段,25.66,都市：住,,,,10860000
RPXNMLNJLHHGFKD88CC,大灣段,.00,都市：其他:住商,,,,65760005
RPPOMLNJLHHGFAD17CC,漁光段,7.30,都市：商,,,,08690000
RPRPMLNJLHHGFAD47CC,小北段,.00,都市：住,,,,09640012
RPOQMLNJLHHGFAD27CC,金華段,.00,都市：商,,,,00010000
RPTPMLNJLHHGFAD67CC,正興段,.00,都市：住,,,,05010000
RPSOMLNJLHHGFAD47CC,新南段,97.27,都市：住,,,,05930000
RPWOMLNJLHHGFAD87CC,公園段,.00,都市：商,,,,02020000
RPROMLOJLHHGFCD67CC,新興段,.00,都市：住,,,,02460017
RPTOMLOJLHHGFCD87CC,大山段,.00,都市：住,,,,01160000
RPWRMLOJLHHGFAD28CC,金城段,240.00,都市：住,,,,00120008
RPQQMLOJLHHGFKD58CC,六合段,.00,都市：住,,,,10730000
RPRRMLOJLHHGFAD77CC,廣慈段,.00,都市：商,,,,05680000
RPRRMLOJLHHGFAD77CC,廣慈段,.00,都市：商,,,,05690000
RPRQMLOJLHHGFKD68CC,信義段,.00,都市：住,,,,01060000
RPWOMLOJLHHGFKD98CC,大灣段,.00,都市：住,,,,48280017
RPWOMLOJLHHGFKD98CC,大灣段,.00,都市：住,,,,48280002
RPVOMLOJLHHGFCD08CC,裕南段,.00,都市：住,,,,16810000
RPVOMLOJLHHGFCD08CC,裕南段,.00,都市：住,,,,16810001
RPUOMLOJLHHGFHD48CC,營新段,.00,都市：商,,,,00090024
RPROMLRJLHHGFID58CC,中清段,248.90,都市：工,,,,02470075
RPROMLRJLHHGFID58CC,中清段,80.61,都市：工,,,,02800002
RPWNMLRJLHHGFED58CC,埤子頭段埤子頭小段,2223.00,非都市：特定農業區 ; 非都市編定：農牧用地,,,,17710000
RPVQMLOJLHHGFKD09CC,二王段,.00,都市：住,,,,04760000
RPUNMLRJLHHGFCD18CC,府連段,130.60,都市：住,,,,08350000
RPXNMLRJLHHGFCD48CC,育樂段,.00,都市：住,,,,06790000
RPOOMLRJLHHGFAD47CC,立人段,.00,都市：商,,,,03400000
RPXNMLRJLHHGFED68CC,埤子頭段埤子頭小段,262.00,非都市：特定農業區 ; 非都市編定：丁種建築用地,,,,17630000
RPXNMLRJLHHGFED68CC,埤子頭段埤子頭小段,4171.00,非都市：特定農業區 ; 非都市編定：丁種建築用地,,,,17650000
RPWOMLSJLHHGFAD38CC,立人段,.00,都市：商,,,,03400000
RPPPMLRJLHHGFAD67CC,新南段,.00,都市：住,,,,00580038
RPWNMLSJLHHGFAD28CC,南廠段,.00,都市：住,,,,17320000
RPPOMLSJLHHGFAD67CC,新南段,.00,都市：住,,,,04970000
RPPOMLSJLHHGFAD67CC,新南段,.00,都市：其他:細部計畫道路用地,,,,04990000
RPUOMLSJLHHGFAD18CC,立人段,.00,都市：住,,,,00540000
RPPPMLSJLHHGFAD77CC,漁光段,11.77,都市：商,,,,08690000
RPQOMLSJLHHGFBD87CC,和館段,24.93,都市：住,,,,00940154
RPRQMLSJLHHGFAD08CC,金華段,.00,都市：商,,,,00020006
RPQOMLSJLHHGFBD87CC,和館段,97.34,都市：住,,,,00940153
RPOOMLSJLHHGFID38CC,歸仁北段,.00,都市：住,,,,12000024
RPSOMLSJLHHGFID78CC,歸仁北段,.00,都市：住,,,,12000023
RPVOMLSJLHHGFID09CC,仁義段,.00,都市：商,,,,01140000
RPTOMLSJLHHGFID88CC,歸仁北段,.00,都市：住,,,,12000023
RPXNMLSJLHHGFCD58CC,鹽埕段,.00,都市：住,,,,00730003
RPVOMLSJLHHGFCD48CC,裕南段,.00,都市：住,,,,16810000
RPSNMLSJLHHGFCD08CC,光華段,.00,都市：商,,,,14720000
RPVOMLSJLHHGFCD48CC,裕南段,.00,都市：住,,,,16810001
RPUNMLSJLHHGFGD78DC,育善段,124.01,都市：住,,,,08380002
RPUNMLSJLHHGFGD78DC,育善段,49.35,都市：其他:廣場兼停車場用地,,,,08370000
RPRNMLSJLHHGFKD78CC,鹽新段,.00,都市：住,,,,11320000
RPQNMLSJLHHGFKD68CC,仁愛段,.00,都市：住,,,,05210000
RPTNMLSJLHHGFKD98CC,六甲頂段,.00,都市：住,,,,07970000
RPQNMLSJLHHGFKD68CC,仁愛段,.00,都市：住,,,,05240000
RPQNMLSJLHHGFKD68CC,仁愛段,.00,都市：住,,,,05260000
RPTNMLSJLHHGFKD98CC,六甲頂段,.00,都市：住,,,,07980000
RPVNMLSJLHHGFKD56CC,六合段,.00,都市：住,,,,00610000
RPQNMLSJLHHGFKD68CC,仁愛段,.00,都市：住,,,,05270000
RPTNMLSJLHHGFKD98CC,六甲頂段,.00,都市：住,,,,07990000
RPVNMLSJLHHGFKD56CC,六合段,.00,都市：住,,,,00620000
RPXNMLSJLHHGFKD76CC,兵南段,.00,都市：住,,,,05300000
RPOOMLSJLHHGFKD58CC,兵南段,.00,都市：住,,,,05970000
RPOOMLTJLHHGFKD68CC,鹽東段,.00,都市：工,,,,04920000
RPPOMLSJLHHGFKD68CC,六甲頂段,.00,都市：住,,,,10910000
RPTOMLSJLHHGFKD09CC,頂安段,25.00,都市：住,,,,06380000
RPUNMLTJLHHGFKD56CC,頂安段,.00,都市：住,,,,00880000
RPUNMLTJLHHGFKD56CC,頂安段,.00,都市：其他:綠地,,,,00880001
RPUNMLTJLHHGFKD56CC,頂安段,.00,都市：住,,,,00900000
RPVOMLTJLHHGFKD76CC,頂安段,25.00,都市：住,,,,06380000
RPROMLTJLHHGFKD98CC,頂安段,20.00,都市：住,,,,06380000
RPXOMLTJLHHGFKD96CC,頂安段,25.00,都市：住,,,,06380000
RPROMLTJLHHGFHD68CC,善新段,.00,都市：其他:生活服務區(第一種商業區),,,,03120000
RPUOMLTJLHHGFKD66CC,頂安段,20.00,都市：住,,,,06380000
RPUOMLTJLHHGFAD38DC,五條港段,13.83,都市：商,,,,08970000
RPTOMLTJLHHGFKD56CC,頂安段,20.00,都市：住,,,,06380000
RPWNMLKKLHHGFAD57CC,星鑽段,.00,都市：商,,,,13090000
RPWNMLKKLHHGFAD57CC,星鑽段,.00,都市：商,,,,13100000
RPVOMLTJLHHGFAD38CC,大豐段,.00,都市：住,,,,05000000
RPVOMLTJLHHGFAD38CC,大豐段,.00,都市：住,,,,05190000
RPPPMLKKLHHGFAD07CC,新南段,.00,都市：商,,,,00780006
RPPPMLKKLHHGFID87CC,武東段,.00,都市：住,,,,05430004
RPRPMLKKLHHGFAD27CC,環河段,.00,都市：住,,,,23130000
RPUOMLKKLHHGFCD67CC,竹篙厝段,.00,都市：商,,,,16780008
RPWNMLLKLHHGFCD87CC,竹篙厝段,.00,都市：住,,,,28990000
RPQOMLKKLHHGFBD17CC,神榕段,.00,都市：住,,,,10840000
RPSNMLKKLHHGFDD47CC,飯店段,1286.00,非都市：特定農業區 ; 非都市編定：農牧用地,,,,25950000
RPSNMLKKLHHGFDD47CC,飯店段,1074.00,非都市：特定農業區 ; 非都市編定：農牧用地,,,,25940000
RPSNMLKKLHHGFDD47CC,飯店段,1196.00,非都市：特定農業區 ; 非都市編定：農牧用地,,,,25930000
RPSNMLKKLHHGFDD47CC,飯店段,2266.00,非都市：特定農業區 ; 非都市編定：農牧用地,,,,25920000
RPSNMLKKLHHGFDD47CC,飯店段,988.00,非都市：特定農業區 ; 非都市編定：農牧用地,,,,25910000
RPPOMLLKLHHGFCD27CC,鹽埕段,.00,都市：住,,,,06771226
RPQOMLLKLHHGFCD37CC,東光段,.00,都市：住,,,,02870083
RPROMLLKLHHGFCD47CC,虎尾寮段,.00,都市：住,,,,04800027
RPROMLLKLHHGFCD47CC,虎尾寮段,.00,都市：住,,,,04800053
RPTOMLLKLHHGFCD67CC,龍泉段,.00,都市：住,,,,15380000
RPWOMLLKLHHGFCD97CC,鹽埕段,.00,都市：住,,,,00030600
RPXOMLLKLHHGFCD08CC,公英段,.00,都市：住,,,,00630000
RPOPMLLKLHHGFCD27CC,公英段,.00,都市：住,,,,01680002
RPROMLLKLHHGFAD27CC,金華段,.00,都市：住,,,,01100053
RPSOMLLKLHHGFAD37CC,裕民段,.00,都市：住,,,,03780000
RPVOMLLKLHHGFAD67CC,裕民段,.00,都市：住,,,,07220000
RPQPMLLKLHHGFAD27CC,北元段,.00,都市：住,,,,06730026
RPSPMLLKLHHGFAD47CC,星鑽段,.00,都市：商,,,,18300000
RPPPMLLKLHHGFAD17CC,南廠段,.00,都市：商,,,,16180000
RPSPMLLKLHHGFAD47CC,星鑽段,.00,都市：商,,,,18400000
RPPPMLLKLHHGFAD17CC,南廠段,.00,都市：商,,,,16220000
RPTPMLLKLHHGFAD57CC,星鑽段,.00,都市：商,,,,18300000
RPTPMLLKLHHGFAD57CC,星鑽段,.00,都市：商,,,,18400000
RPXNMLLKLHHGFID68DC,城光段,210.81,都市：住,,,,00700007
RPUNMLLKLHHGFKD48CC,保生段,.00,都市：住,,,,03390000
RPXNMLLKLHHGFKD78CC,六甲頂段,.00,都市：住,,,,05150010
RPPOMLLKLHHGFKD08CC,鹽新段,.00,都市：住,,,,09880000
RPVNMLLKLHHGFKD58CC,廣興段,.00,都市：住,,,,02300000
RPWOMLLKLHHGFKD78CC,六甲頂段,.00,都市：住,,,,10910000
RPTPMLLKLHHGFKD58CC,兵北段,.00,都市：住,,,,05670000
RPWPMLLKLHHGFKD88CC,永興段,.00,都市：住,,,,01470103
RPXNMLOKLHHGFKD09CC,兵北段,.00,都市：住,,,,08380000
RPXOMLOKLHHGFKD56CC,仁愛段,.00,都市：住,,,,05210000
RPXOMLOKLHHGFKD56CC,仁愛段,.00,都市：住,,,,05240000
RPXOMLOKLHHGFKD56CC,仁愛段,.00,都市：住,,,,05260000
RPXOMLOKLHHGFKD56CC,仁愛段,.00,都市：住,,,,05270000
RPOOMLOKLHHGFKD28CC,六甲頂段,115.00,都市：工,,,,08870000
RPOOMLOKLHHGFKD28CC,六甲頂段,114.00,都市：工,,,,08870001
RPOPMLOKLHHGFKD38CC,頂西段,.00,都市：工,,,,00380000
RPQNMLOKLHHGFAD37CC,北元段,.00,都市：住,,,,06730026
RPVNMLOKLHHGFGD58DC,佳里段,1.00,都市：商,,,,10810010
RPVNMLOKLHHGFGD58DC,佳里段,73.00,都市：商,,,,10150018
RPWOMLOKLHHGFHD78CC,南三舍段,.00,非都市：特定農業區 ; 非都市編定：甲種建築用地,,,,10900000
RPOOMLOKLHHGFAD27CC,環河段,.00,都市：商,,,,24960000
RPUPMLOKLHHGFAD97CC,開元段,.00,都市：住,,,,05840000
RPWNMLOKLHHGFCD18CC,大同段,75.62,都市：住,,,,02080000
RPSOMLOKLHHGFCD87CC,東光段,.00,都市：商,,,,00990000
RPPOMLOKLHHGFCD57CC,竹篙厝段,.00,都市：住,,,,16560008
RPXNMLPKLHHGFDD48CC,永生段,4.71,都市：商,,,,01680000
RPPNMLPKLHHGFID18CC,龜洞段,1616.00,非都市：一般農業區 ; 非都市編定：農牧用地,,,,02410000
RPUOMLOKLHHGFBD97CC,國安段,.00,都市：住,,,,15600000
RPPOMLPKLHHGFCD67CC,竹篙厝段,.00,都市：商,,,,22330000
RPUNMLPKLHHGFAD87CC,富台段,.00,都市：住,,,,07790000
RPROMLPKLHHGFID48CC,岳王段,86.72,都市：住,,,,02220000
RPXNMLPKLHHGFAD18CC,開元段,3.19,都市：商,,,,03610005
RPVPMLPKLHHGFAD18CC,漁光段,.00,都市：商,,,,08660000
RPVNMLPKLHHGFAD97CC,老古石段,.00,都市：住,,,,09880000
RPWOMLPKLHHGFAD18CC,新南段,2.26,都市：住,,,,01260010
RPRPMLPKLHHGFAD77CC,北元段,.00,都市：住,,,,06120000
RPWOMLPKLHHGFAD18CC,新南段,7.38,都市：住,,,,01260011
RPWPMLPKLHHGFAD28CC,中正段,113.00,都市：商,,,,02420000
RPQPMLPKLHHGFKD68CC,成功段,15.04,都市：住,,,,01670000
RPOPMLPKLHHGFAD47CC,玉宇段,.00,都市：住,,,,03350000
RPPOMLQKLHHGFKD58CC,大灣段,.00,都市：商,,,,61440005
RPOOMLQKLHHGFKD48CC,永康段,.00,都市：住,,,,15200005
RPSPMLQKLHHGFKD98CC,兵南段,.00,都市：住,,,,05840000
RPSOMLQKLHHGFGD58DC,佳里段,223.00,都市：商,,,,16220003
RPSOMLQKLHHGFGD58DC,佳里段,112.00,都市：商,,,,16220027
RPSOMLQKLHHGFGD58DC,佳里段,36.00,都市：商,,,,16210001
RPSOMLQKLHHGFKD88CC,永興段,.00,都市：住,,,,00130000
RPTPMLQKLHHGFKD09CC,大灣段,.00,都市：住,,,,74360000
RPTPMLQKLHHGFKD09CC,大灣段,.00,都市：住,,,,74370001
RPXNMLQKLHHGFKD76DC,兵北段,63.66,都市：住,,,,09330000
RPTOMLQKLHHGFAD97CC,立人段,.00,都市：商,,,,01000000
RPTOMLQKLHHGFAD97CC,立人段,.00,都市：商,,,,01020008
RPSNMLQKLHHGFAD77CC,正興段,.00,都市：住,,,,10250000
RPRPMLQKLHHGFAD87CC,新臨安段,.00,都市：住,,,,05640000
RPVOMLQKLHHGFAD18CC,南門段,.00,都市：住,,,,17810000
RPWOMLQKLHHGFAD28CC,妙壽段,.00,都市：住,,,,04990000
RPTPMLQKLHHGFAD08CC,青年段,.00,都市：商,,,,02750000
RPTPMLQKLHHGFAD08CC,青年段,.00,都市：商,,,,02770000
RPOOMLQKLHHGFCD67CC,虎尾段,.00,都市：住,,,,11250000
RPWOMLQKLHHGFCD48CC,大同段,.00,都市：住,,,,01480000
RPQOMLQKLHHGFCD87CC,竹篙厝段,.00,都市：商,,,,35040001
RPXNMLQKLHHGFID09CC,後壁段,.00,都市：住,,,,12120000
RPUPMLQKLHHGFCD38CC,水交社段,.00,都市：商,,,,00510000
RPOPMLQKLHHGFCD77CC,德高段,.00,都市：住,,,,13200086
RPWNMLRKLHHGFID09CC,白崙段,.00,都市：商,,,,00720000
RPTOMLRKLHHGFCD28CC,虎尾寮段,.00,都市：商,,,,05910021
RPQNMLRKLHHGFAD67CC,北元段,.00,都市：住,,,,09740032
RPSNMLRKLHHGFCD08CC,鹽埕段,.00,都市：住,,,,01740124
RPOOMLRKLHHGFCD77CC,竹篙厝段,.00,都市：住,,,,14690002
RPUOMLRKLHHGFCD38CC,竹篙厝段,263.00,都市：住,,,,19590000
RPTNMLRKLHHGFAD97CC,正興段,10.50,都市：住,,,,07070000
RPTNMLRKLHHGFAD97CC,正興段,72.00,都市：住,,,,07000000
RPQPMLRKLHHGFCD08CC,東光段,.00,都市：住,,,,06390000
RPUNMLRKLHHGFAD08CC,金華段,.00,都市：住,,,,00350013
RPUNMLRKLHHGFAD08CC,金華段,.00,都市：住,,,,00350014
RPWOMLRKLHHGFAD38CC,漁光段,.00,都市：商,,,,08910002
RPXNMLRKLHHGFAD38CC,東興段,.00,都市：住,,,,01660000
RPQPMLRKLHHGFAD87CC,郡王祠段,.00,都市：住,,,,22160000
RPSPMLRKLHHGFAD08CC,永華段,.00,都市：商,,,,05220000
RPSPMLRKLHHGFAD08CC,永華段,.00,都市：商,,,,05230000
RPSPMLRKLHHGFAD08CC,永華段,.00,都市：商,,,,05240000
RPSNMLRKLHHGFKD88CC,大灣段,.00,都市：商,,,,61630016
RPRPMLRKLHHGFAD97CC,立人段,.00,都市：住,,,,00540000
RPWNMLRKLHHGFKD66CC,六合段,.00,都市：住,,,,10730000
RPVNMLRKLHHGFKD56CC,自強段,.00,都市：住,,,,03140000
RPPOMLSKLHHGFKD78CC,南工段,.00,都市：住,,,,00010000
RPRQMLRKLHHGFKD09CC,兵北段,.00,都市：住,,,,01220000
RPSOMLSKLHHGFKD09CC,正強段,.00,都市：住,,,,06600000
RPRNMLSKLHHGFKD88CC,成功段,.00,都市：商,,,,01190000
RPPPMLSKLHHGFKD88CC,鹽新段,.00,都市：住,,,,11680000
RPUOMLSKLHHGFKD66CC,永仁段,.00,都市：住,,,,10900000
RPWOMLSKLHHGFKD86CC,六甲頂段,.00,都市：住,,,,08990000
RPTOMLSKLHHGFHD88CC,唪口段,.00,非都市：鄉村區 ; 非都市編定：乙種建築用地,,,,15760000
RPTNMLSKLHHGFCD38DC,育樂段,.00,都市：住,,,,02020000
RPTNMLSKLHHGFCD38DC,育樂段,.00,都市：住,,,,02040000
RPVOMLSKLHHGFHD09CC,中沙段,1461.56,非都市：一般農業區 ; 非都市編定：農牧用地,,,,14660000
RPWNMLSKLHHGFAD38CC,漁光段,8.34,都市：住,,,,08910002
RPUNMLSKLHHGFAD18CC,金華段,7.34,都市：住,,,,00450001
RPPPMLSKLHHGFAD87CC,府前段,.00,都市：商,,,,11460000
RPWOMLSKLHHGFAD48CC,金華段,.00,都市：住,,,,00590005
RPOPMLSKLHHGFCD97CC,竹篙厝段,.00,都市：商,,,,16780014
RPTPMLSKLHHGFCD48CC,新東段,86.00,都市：商,,,,01050007
RPPPMLSKLHHGFCD08CC,新興段,.00,都市：住,,,,02280018
RPPPMLSKLHHGFCD08CC,新興段,.00,都市：住,,,,02280058
RPOOMLSKLHHGFID48CC,勝利段,126.69,都市：工,,,,13140000
RPOOMLSKLHHGFID48CC,勝利段,113.79,都市：工,,,,13150000
RPQPMLSKLHHGFCD18CC,龍泉段,.00,都市：商,,,,05510000
RPQPMLSKLHHGFCD18CC,龍泉段,.00,都市：住,,,,05590000
RPRPMLSKLHHGFBD18CC,學中段,110.93,都市：住,,,,03540000
RPPPMLSKLHHGFBD97CC,新淵段,.00,都市：住,,,,03400019
RPRNMLSKLHHGFDD18CC,水秀段,.00,非都市：鄉村區 ; 非都市編定：乙種建築用地,,,,03910000
RPSOMLLLLHHGFGD08CC,竹橋段,.00,非都市：鄉村區 ; 非都市編定：乙種建築用地,,,,06380003
RPSOMLLLLHHGFDD77CC,新營段,33.35,都市：住,,,,08410009
RPWPMLLLLHHGFBD08CC,海東段,.00,都市：住,,,,01460000
RPQNMLLLLHHGFCD37CC,大忠段,.00,都市：住,,,,04190000
RPUOMLLLLHHGFCD87CC,大山段,.00,都市：住,,,,01290000
RPWNMLLLLHHGFCD97CC,富農段,.00,都市：住,,,,17620000
RPRNMLLLLHHGFCD47CC,新後甲段,.00,都市：住,,,,01520000
RPRNMLLLLHHGFCD47CC,新後甲段,.00,都市：住,,,,01540000
RPSNMLLLLHHGFCD57CC,竹篙厝段,112.36,都市：住,,,,42970008
RPSPMLLLLHHGFCD77CC,光華段,.00,都市：住,,,,04850000
RPSPMLLLLHHGFCD77CC,光華段,.00,都市：商,,,,04900000
RPSNMLLLLHHGFAD37CC,文元段,.00,都市：住,,,,05700036
RPPQMLLLLHHGFCD57CC,裕南段,.00,都市：住,,,,16530000
RPPQMLLLLHHGFCD57CC,裕南段,.00,都市：住,,,,16530001
RPXPMLLLLHHGFCD28CC,光明段,.00,都市：住,,,,05710010
RPOOMLLLLHHGFAD07CC,大豐段,.00,都市：住,,,,02800000
RPPPMLLLLHHGFAD27CC,立人段,.00,都市：住,,,,00530000
RPWPMLLLLHHGFAD97CC,開元段,.00,都市：住,,,,05840000
RPWPMLLLLHHGFAD97CC,開元段,.00,都市：商,,,,05870000
RPRQMLLLLHHGFAD57CC,星鑽段,.00,都市：商,,,,20750000
RPRQMLLLLHHGFAD57CC,星鑽段,.00,都市：商,,,,21080000
RPRQMLLLLHHGFAD57CC,星鑽段,.00,都市：商,,,,21110000
RPTQMLLLLHHGFAD77CC,富台段,.00,都市：住,,,,07790000
RPSPMLLLLHHGFAD57CC,金城段,.00,都市：住,,,,00640000
RPVOMLLLLHHGFKD78CC,鹽西段,.00,都市：工,,,,08040000
RPRNMLLLLHHGFAD27CC,新臨安段,.00,都市：住,,,,18830000
RPRNMLLLLHHGFAD27CC,新臨安段,.00,都市：其他:道路用地,,,,18840000
RPPOMLLLLHHGFKD18CC,三村段,.00,都市：住,,,,05960000
RPRPMLLLLHHGFKD48CC,永和段,.00,都市：商,,,,13880000
RPQNMLLLLHHGFKD18CC,大灣段,.00,都市：住,,,,80180000
RPUQMLLLLHHGFAD87CC,公園段,.00,都市：商,,,,09390000
RPUQMLLLLHHGFAD87CC,公園段,.00,都市：商,,,,09390001
RPUQMLLLLHHGFAD87CC,公園段,.00,都市：其他:細部計畫道路用地,,,,09390003
RPPNMLMLLHHGFKD18CC,富強段,.00,都市：住,,,,00500000
RPQPMLLLLHHGFKD38CC,六甲頂段,.00,都市：其他:住商,,,,11310002
RPQNMLMLLHHGFKD28CC,南新段,5.80,都市：住,,,,00960000
RPRNMLMLLHHGFKD38CC,永仁段,.00,都市：住,,,,10900000
RPSNMLMLLHHGFKD48CC,兵南段,.00,都市：住,,,,05830000
RPTNMLMLLHHGFKD58CC,六合段,.00,都市：住,,,,00610000
RPTNMLMLLHHGFKD58CC,六合段,.00,都市：住,,,,00620000
RPQNMLMLLHHGFHD97CC,中沙段,.00,非都市：一般農業區 ; 非都市編定：農牧用地,,,,07280000
RPXOMLMLLHHGFKD09CC,六甲頂段,.00,都市：住,,,,10910000
RPVNMLMLLHHGFAD77CC,星鑽段,.00,都市：商,,,,18530000
RPWNMLMLLHHGFAD87CC,開元段,.00,都市：住,,,,00570001
RPWNMLMLLHHGFAD87CC,開元段,.00,都市：其他:細部道路,,,,00570003
RPOOMLMLLHHGFAD17CC,星鑽段,.00,都市：商,,,,19290000
RPPNMLMLLHHGFAD17CC,富台段,.00,都市：住,,,,09220000
RPROMLMLLHHGFAD47CC,漁光段,.00,都市：商,,,,08910002
RPXNMLMLLHHGFAD97CC,武聖段,12.14,都市：住,,,,23250000
RPSOMLMLLHHGFAD57CC,南門段,.00,都市：住,,,,10840000
RPTOMLMLLHHGFAD67CC,郡王祠段,.00,都市：住,,,,18280000
RPQPMLMLLHHGFAD47CC,金華段,.00,都市：住,,,,00110042
RPXPMLMLLHHGFAD18CC,郡王祠段,.00,都市：住,,,,14130000
RPPNMLMLLHHGFCD37CC,鹽埕段,.00,都市：住,,,,31020018
RPRNMLMLLHHGFCD57CC,仁和段,.00,都市：住,,,,09140000
RPROMLMLLHHGFCD67CC,新興段,235.39,都市：商,,,,02500000
RPTNMLMLLHHGFCD77CC,公英段,.00,都市：住,,,,10860007
RPTOMLMLLHHGFCD87CC,鹽埕段,.00,都市：住,,,,00570002
RPTOMLMLLHHGFCD87CC,鹽埕段,.00,都市：住,,,,00740031
RPXNMLMLLHHGFCD18CC,竹篙厝段,.00,都市：住,,,,34800005
RPUOMLMLLHHGFCD97CC,東光段,.00,都市：住,,,,02880003
RPVOMLMLLHHGFCD08CC,仁和段,.00,都市：住,,,,13100000
RPQNMLMLLHHGFDD57CC,水秀段,.00,非都市：鄉村區 ; 非都市編定：乙種建築用地,,,,03910000
RPXNMLMLLHHGFDD28CC,茄苳段,72.00,都市：住,,,,05440001
RPUOMLMLLHHGFBD87CC,國安段,15.47,都市：住,,,,16120000
RPQNMLNLLHHGFBD47CC,國安段,417.42,都市：住,,,,15380009
RPTNMLMLLHHGFID38CC,仁義段,.00,都市：住,,,,04930000
RPXOMLNLLHHGFBD28CC,新淵段,151.40,都市：住,,,,02880000
RPUNMLNLLHHGFCD97CC,東光段,.00,都市：住,,,,01460000
RPUNMLNLLHHGFCD97CC,東光段,.00,都市：住,,,,01470000
RPUNMLNLLHHGFCD97CC,東光段,.00,都市：住,,,,01800032
RPSNMLNLLHHGFGD18CC,大文段,.00,非都市：特定農業區 ; 非都市編定：甲種建築用地,,,,04250017
RPSNMLNLLHHGFGD18CC,大文段,.00,非都市：特定農業區 ; 非都市編定：甲種建築用地,,,,04260016
RPOOMLMLLHHGFID97CC,文化段,.00,都市：住,,,,01540000
RPQNMLNLLHHGFAD37CC,北元段,78.34,都市：住,,,,04330000
RPQPMLNLLHHGFAD57CC,海興段,203.00,都市：住,,,,00280009
RPQPMLNLLHHGFAD57CC,海興段,203.00,都市：住,,,,00280010
RPSPMLNLLHHGFAD77CC,北元段,.00,都市：住,,,,04330000
RPQQMLNLLHHGFAD67CC,北安段,.00,都市：住,,,,04890000
RPTNMLNLLHHGFAD67CC,南門段,.00,都市：商,,,,06950000
RPQOMLNLLHHGFHD18CC,善新段,25.60,都市：住,,,,03050000
RPXOMLNLLHHGFAD18CC,北元段,.00,都市：住,,,,07290000
RPOOMLNLLHHGFCD57DC,竹篙厝段,111.00,都市：住,,,,39140003
RPWNMLOLLHHGFKD09CC,南新段,.00,都市：住,,,,09000000
RPXPMLOLLHHGFKD76CC,永和段,12.45,都市：其他:兼商業使用住宅,,,,08310000
RPQOMLNLLHHGFKD48CC,二王段,.00,都市：住,,,,01070010
RPXNMLOLLHHGFKD56CC,南工段,.00,都市：住,,,,01410000
RPXNMLOLLHHGFAD18CC,南門段,.00,都市：住,,,,18380000
RPROMLOLLHHGFHD38CC,南港段,165.55,都市：工,,,,10490000
RPQOMLOLLHHGFAD57CC,漁光段,.00,都市：商,,,,08910002
RPSNMLOLLHHGFAD67CC,公園段,6.68,都市：商,,,,07250000
RPSNMLOLLHHGFAD67CC,公園段,.92,都市：商,,,,07260000
RPSNMLOLLHHGFAD67CC,公園段,.01,都市：商,,,,07430000
RPSNMLOLLHHGFAD67CC,公園段,.31,都市：商,,,,07500000
RPSNMLOLLHHGFAD67CC,公園段,8.60,都市：商,,,,07610000
RPSNMLOLLHHGFAD67CC,公園段,.39,都市：商,,,,07620000
RPSNMLOLLHHGFAD67CC,公園段,.01,都市：其他:道路用地,,,,07620001
RPSNMLOLLHHGFAD67CC,公園段,.03,都市：商,,,,07630000
RPSNMLOLLHHGFAD67CC,公園段,.01,都市：其他:道路用地,,,,07630001
RPSNMLOLLHHGFAD67CC,公園段,.10,都市：其他:道路用地,,,,07640000
RPSNMLOLLHHGFAD67CC,公園段,.03,都市：其他:道路用地,,,,07670000
RPUOMLOLLHHGFAD97CC,開元段,.00,都市：商,,,,05880000
RPSNMLOLLHHGFAD67CC,公園段,.05,都市：商,,,,07680000
RPSNMLOLLHHGFAD67CC,公園段,.28,都市：其他:道路用地,,,,07680001
RPSOMLOLLHHGFAD77CC,實踐段,.00,都市：住,,,,02820000
RPROMLOLLHHGFCD87CC,公英段,.00,都市：住,,,,07700000
RPUOMLOLLHHGFCD18CC,光華段,.00,都市：住,,,,02820000
RPPPMLOLLHHGFAD57CC,小北段,.00,都市：住,,,,09690156
RPUOMLOLLHHGFCD18CC,光華段,.00,都市：商,,,,02850000
RPSOMLOLLHHGFCD97CC,鹽埕段,.00,都市：住,,,,02090004
RPQPMLOLLHHGFAD67CC,北安段,.00,都市：住,,,,00560086
RPQPMLOLLHHGFAD67CC,北安段,.00,都市：住,,,,00560136
RPVPMLOLLHHGFCD38CC,光明段,.00,都市：住,,,,04170000
RPWNMLOLLHHGFFD58CC,水林段,17.70,都市：住,,,,17360000
RPWNMLOLLHHGFFD58CC,水林段,88.45,都市：住,,,,17350000
RPTOMLOLLHHGFBD97CC,溪頂段,.00,都市：住,,,,12570010
RPQQMLPLLHHGFBD97CC,溪頂段,.00,都市：住,,,,22410000
RPQOMLPLLHHGFCD87CC,舉喜段,.00,都市：住,,,,05360013
RPUNMLOLLHHGFBD97CC,海東段,.00,都市：住,,,,01020015
RPTNMLOLLHHGFFD28CC,民權段,.00,都市：住,,,,05850000
RPRNMLPLLHHGFAD67CC,新南段,.00,都市：住,,,,00540009
RPPNMLPLLHHGFAD57DC,成光段,80.70,都市：住,,,,01480024
RPRNMLPLLHHGFKD68CC,永信段,.00,都市：住,,,,06000000
RPRNMLPLLHHGFKD68CC,永信段,.00,都市：住,,,,06010000
RPWNMLSLLHHGFKD86CC,信義段,.00,都市：住,,,,00720000
RPTOMLPLLHHGFKD98CC,大灣段,.00,都市：商,,,,62280000
RPSNMLSLLHHGFKD09CC,永二段,215.38,都市：住,,,,06050000
RPQNMLSLLHHGFAD87CC,白金段,69.78,都市：商,,,,05570000
RPROMLSLLHHGFCD28CC,光明段,.00,都市：住,,,,03440000
RPUNMLSLLHHGFHD98CC,善中段,.00,都市：住,,,,14630038
RPUNMLSLLHHGFHD98CC,善中段,.00,都市：住,,,,14670000
RPTOMLTLLHHGFCD58CC,公英段,.00,都市：住,,,,02120000
RPSOMLSLLHHGFCD38CC,富農段,.00,都市：住,,,,11140000
RPSOMLSLLHHGFCD38CC,富農段,.00,都市：住,,,,11140001
RPSOMLSLLHHGFCD38CC,富農段,.00,都市：住,,,,11140002
RPXOMLTLLHHGFCD98CC,育樂段,.00,都市：住,,,,04160000
RPUOMLTLLHHGFCD68CC,新興段,.00,都市：住,,,,02320056
RPROMLTLLHHGFCD38CC,大忠段,.00,都市：住,,,,09310001
RPWOMLTLLHHGFCD88CC,鹽埕段,.00,都市：住,,,,31080068
RPRPMLTLLHHGFCD48CC,鹽埕段,101.00,都市：住,,,,25930005
RPRPMLTLLHHGFCD48CC,鹽埕段,102.00,都市：住,,,,25930015
RPPPMLTLLHHGFCD28CC,裕南段,.00,都市：住,,,,14680000
RPSPMLTLLHHGFCD58CC,新東段,.00,都市：住,,,,15190000
RPPPMLTLLHHGFID88CC,埤子頭段,86.00,非都市：一般農業區 ; 非都市編定：甲種建築用地,,,,09990121
RPWOMLTLLHHGFBD78CC,神榕段,.00,都市：住,,,,06140013
RPWOMLTLLHHGFBD78CC,神榕段,.00,都市：住,,,,06140014
RPPOMLTLLHHGFAD97CC,金城段,924.00,都市：商,,,,00370002
RPPOMLTLLHHGFAD97CC,金城段,425.56,都市：商,,,,00370003
RPPOMLTLLHHGFAD97CC,金城段,149.72,都市：商,,,,00370069
RPPOMLTLLHHGFAD97CC,金城段,149.72,都市：商,,,,00370070
RPSOMLTLLHHGFAD28CC,五條港段,.00,都市：商,,,,02540000
RPPPMLTLLHHGFAD08CC,開元段,.00,都市：住,,,,08650000
RPVOMLTLLHHGFAD58CC,延平段,.00,都市：住,,,,11690059
RPSPMLTLLHHGFAD38CC,富台段,.00,都市：住,,,,08410000
RPSPMLTLLHHGFAD38CC,富台段,.00,都市：住,,,,08410001
RPXPMLTLLHHGFAD88CC,老古石段,.00,都市：住,,,,15130000
RPUPMLTLLHHGFAD58CC,金華段,.00,都市：住,,,,00840003
RPVPMLTLLHHGFAD68CC,青年段,.00,都市：商,,,,01260000
RPOQMLTLLHHGFAD08CC,開元段,.00,都市：商,,,,05970000
RPOQMLTLLHHGFAD08CC,開元段,.00,都市：其他:廣場兼停車場用地,,,,03610025
RPOQMLTLLHHGFAD08CC,開元段,.00,都市：住,,,,06180000
RPRPMLTLLHHGFAD28CC,新南段,.00,都市：住,,,,20900000
RPXQMLTLLHHGFAD98CC,頂美段,.00,都市：住,,,,15190000
RPUQMLTLLHHGFAD68CC,武聖段,.00,都市：住,,,,25010011
RPQRMLTLLHHGFAD38CC,觀音段,.00,都市：商,,,,02670000
RPRNMLTLLHHGFKD09CC,信義段,.00,都市：住,,,,10890000
RPXNMLTLLHHGFKD07CC,蜈蜞潭段,.00,都市：住,,,,19800025
RPOOMLTLLHHGFKD88CC,大灣段,.00,都市：住,,,,82720001
RPPOMLTLLHHGFKD98CC,大灣段,.00,都市：其他:零星工業區,,,,39090009
RPWOMLTLLHHGFKD07CC,崑山段,162.93,都市：住,,,,07980002
RPVOMLTLLHHGFKD96CC,信義段,.00,都市：住,,,,01690000
RPSPMLLMLHHGFCD87CC,龍泉段,.00,都市：商,,,,12920000
RPSPMLLMLHHGFCD87CC,龍泉段,.00,都市：住,,,,12960000
RPTOMLKMLHHGFCD77CC,東光段,.00,都市：住,,,,01360000
RPQPMLLMLHHGFCD67CC,竹篙厝段,.00,都市：住,,,,19400000
RPUNMLKMLHHGFCD77CC,府連段,.00,都市：住,,,,03840000
RPPPMLLMLHHGFCD57CC,新後甲段,.00,都市：住,,,,12970000
RPOPMLLMLHHGFCD47CC,新東段,.00,都市：住,,,,00960007
RPUPMLLMLHHGFCD08CC,鹽埕段,.00,都市：住,,,,01680047
RPTPMLLMLHHGFCD97CC,龍泉段,.00,都市：商,,,,01820000
RPWPMLLMLHHGFCD28CC,裕南段,.00,都市：住,,,,14680000
RPXNMLLMLHHGFID78CC,民安段,.00,都市：住,,,,00220000
RPXNMLLMLHHGFID78CC,民安段,.00,都市：住,,,,00230000
RPTNMLLMLHHGFDD87CC,新富段,.00,都市：住,,,,03850000
RPOOMLLMLHHGFBD27CC,國安段,82.50,都市：住,,,,17270049
RPOOMLLMLHHGFBD27CC,國安段,26.25,都市：住,,,,17270000
RPUNMLLMLHHGFAD67CC,金華段,.00,都市：商,,,,00010000
RPQOMLLMLHHGFAD37CC,裕民段,.00,都市：住,,,,06900027
RPVNMLLMLHHGFAD77CC,金華段,.00,都市：商,,,,00640037
RPTOMLLMLHHGFBD77CC,安慶段,160.73,都市：住,,,,12060010
RPOOMLLMLHHGFAD17CC,金華段,.00,都市：商,,,,00020006
RPQNMLLMLHHGFKD28CC,永康段,215.00,都市：住,,,,15500002
RPTOMLLMLHHGFAD67CC,金華段,.00,都市：商,,,,00650000
RPSOMLLMLHHGFAD57CC,公園段,.00,都市：商,,,,09390000
RPSOMLLMLHHGFAD57CC,公園段,.00,都市：商,,,,09390001
RPSOMLLMLHHGFAD57CC,公園段,.00,都市：其他:道路用地,,,,09390003
RPRNMLLMLHHGFKD38CC,東南段,228.60,都市：住,,,,07910000
RPWNMLLMLHHGFKD88CC,三村段,.00,都市：住,,,,04660000
RPPOMLLMLHHGFKD28CC,仁愛段,.00,都市：住,,,,05210000
RPPOMLLMLHHGFKD28CC,仁愛段,.00,都市：住,,,,05240000
RPPOMLLMLHHGFKD28CC,仁愛段,.00,都市：住,,,,05260000
RPPOMLLMLHHGFKD28CC,仁愛段,.00,都市：住,,,,05270000
RPSOMLLMLHHGFKD58CC,五王段,.00,都市：住,,,,09340000
RPSOMLLMLHHGFKD58CC,五王段,.00,都市：住,,,,09390000
RPQOMLLMLHHGFKD38CC,信義段,.00,都市：住,,,,01160000
RPUOMLLMLHHGFKD78CC,頂安段,.00,都市：住,,,,01640000
RPROMLLMLHHGFKD48CC,成功段,.00,都市：商,,,,01190000
RPVPMLLMLHHGFHD68CC,港口段,.00,非都市：鄉村區 ; 非都市編定：乙種建築用地,,,,28420004
RPPNMLLJMHHGFKD97CC,三村段,.00,都市：住,,,,05960000
RPOOMLLJMHHGFGD67DC,下山子寮段,1557.00,非都市：一般農業區 ; 非都市編定：養殖用地,,,,02610007
RPUPMLLMLHHGFHD58CC,番子寮段,.00,非都市：鄉村區 ; 非都市編定：乙種建築用地,,,,06410049
RPSNMLLJMHHGFKD28CC,鹽東段,.00,都市：住,,,,16130000
RPXNMLLJMHHGFGD48DC,鎮山段,.00,都市：住,,,,00100000
RPTNMLLJMHHGFKD38CC,南工段,.00,都市：住,,,,09670000
RPTNMLLJMHHGFKD38CC,南工段,.00,都市：住,,,,09680000
RPTNMLLJMHHGFKD38CC,南工段,.00,都市：住,,,,09690000
RPPNMLLJMHHGFAD96CC,青年段,.00,都市：商,,,,07340000
RPPNMLLJMHHGFAD96CC,青年段,.00,都市：商,,,,07350000
RPQNMLLJMHHGFAD07CC,實踐段,.00,都市：其他:市場用地,,,,09440000
RPRNMLLJMHHGFKD18CC,兵南段,12364.02,都市：住,,,,00790000
RPTNMLLJMHHGFBD47CC,安西段,.00,都市：住,,,,12870000
RPSNMLLJMHHGFBD37CC,安西段,.00,都市：住,,,,12880000
RPOPMLLJMHHGFAD07CC,東興段,88.00,都市：住,,,,01430001
RPXNMLLJMHHGFAD77CC,星鑽段,.00,都市：商,,,,18530000
RPOPMLLJMHHGFBD17CC,國安段,22.03,都市：住,,,,15600000
RPQNMLLJMHHGFID87CC,歸仁北段,.00,都市：住,,,,04480016
RPQNMLLJMHHGFCD27CC,鹽埕段,.00,都市：住,,,,02290018
RPUNNLLJMHHGFBD67CC,溪頂段,.00,都市：其他:主要計畫道路用地,,,,08160000
RPUNNLLJMHHGFBD67CC,溪頂段,.00,都市：住,,,,08170000
RPPNMLLJMHHGFCD17CC,東光段,.00,都市：住,,,,03170019
RPRNMLLJMHHGFCD37CC,新興段,.00,都市：住,,,,02520015
RPPNMLLJMHHGFCD17CC,東光段,.00,都市：住,,,,03170032
RPOOMLLJMHHGFCD17CC,虎尾段,.00,都市：住,,,,15760000
RPOOMLLJMHHGFCD17CC,虎尾段,.00,都市：住,,,,15770000
RPOOMLLJMHHGFCD17CC,虎尾段,.00,都市：住,,,,15780000
RPSOMLLJMHHGFCD57CC,富農段,.00,都市：住,,,,00480000
RPSOMLLJMHHGFCD57CC,富農段,.00,都市：住,,,,00480001
RPPOMLLJMHHGFCD27CC,光明段,.00,都市：住,,,,04070026
RPTOMLLJMHHGFCD67CC,公英段,.00,都市：住,,,,02280000
RPRNMLNJMHHGFCD57CC,東寧段,112.00,都市：住,,,,02590000
RPRNMLNJMHHGFAD37CC,裕民段,79.80,都市：住,,,,05650000
RPPNMLNJMHHGFAD17CC,立人段,4.71,都市：住,,,,00650003
RPRNMLQJMHHGFAD67CC,光賢段,115.32,都市：住,,,,05130005
RPVOMLQJMHHGFAD18CC,北安段,18.97,都市：住,,,,00560108
RPUPMLQJMHHGFCD38CC,光明段,.00,都市：住,,,,05820041
RPPNMLQJMHHGFAD47CC,南門段,240.12,都市：其他:道路用地,,,,09970000
RPPNMLQJMHHGFAD47CC,南門段,2.79,都市：商,,,,09990000
RPRNMLQJMHHGFCD87CC,竹篙厝段,94.00,都市：住,,,,31240000
RPWQMLQJMHHGFCD68CC,新興段,.00,都市：住,,,,02780001
RPVPMLQJMHHGFCD48CC,府連段,.00,都市：商,,,,01470000
RPOQMLQJMHHGFCD87CC,鹽埕段,.00,都市：住,,,,00670097
RPTNMLQJMHHGFKD88CC,龍安段,91.14,都市：商,,,,07840000
RPPRMLQJMHHGFCD08CC,東寧段,50.78,都市：住,,,,05210000
RPUNMLQJMHHGFBD08CC,國安段,90.53,都市：住,,,,17270013
RPSOMLQJMHHGFKD88CC,六甲頂段,.00,都市：住,,,,10910000
RPUNMLQJMHHGFBD08CC,國安段,13.12,都市：住,,,,17270000
RPWNMLRJMHHGFKD66CC,南工段,.00,都市：住,,,,00010000
RPXNMLRJMHHGFKD76CC,兵北段,.00,都市：住,,,,05670000
RPPOMLRJMHHGFKD68CC,兵南段,.00,都市：商,,,,00840000
RPVNMLQJMHHGFBD18CC,國安段,13.12,都市：住,,,,17270000
RPVNMLQJMHHGFBD18CC,國安段,90.59,都市：住,,,,17270012
RPPOMLQJMHHGFGD18CC,九龍段,.00,都市：住,,,,03390000
RPQOMLRJMHHGFKD78CC,仁愛段,.00,都市：住,,,,01820042
RPOPMLRJMHHGFCD97DC,新都心段,.00,都市：住,,,,00420000
RPPOMLRJMHHGFID48CC,林子邊段,.00,非都市：一般農業區 ; 非都市編定：農牧用地,,,,03930001
RPTOMLRJMHHGFCD28CC,泉南段,.00,都市：住,,,,06890000
RPTOMLRJMHHGFCD28CC,泉南段,.00,都市：商,,,,07050000
RPROMLRJMHHGFCD08CC,鹽埕段,21.86,都市：住,,,,00730003
RPWOMLRJMHHGFCD58CC,竹篙厝段,.00,都市：商,,,,22370000
RPPOMLRJMHHGFCD87CC,裕東段,.00,都市：住,,,,06570000
RPPOMLRJMHHGFCD87CC,裕東段,.00,都市：住,,,,06570027
RPPOMLRJMHHGFCD87CC,裕東段,.00,都市：住,,,,06570013
RPXNMLRJMHHGFCD68DC,虎尾段,.00,都市：住,,,,13520000
RPUOMLRJMHHGFAD18CC,新南段,119.57,都市：住,,,,01090063
RPUOMLRJMHHGFAD18CC,新南段,118.43,都市：住,,,,01090016
RPXOMLRJMHHGFCD68CC,育樂段,.00,都市：住,,,,12870005
RPXOMLRJMHHGFAD48CC,正興段,.00,都市：商,,,,10890002
RPXOMLRJMHHGFAD48CC,正興段,.00,都市：商,,,,12070000
RPVOMLRJMHHGFCD48CC,裕南段,.00,都市：住,,,,14010000
RPVNMLSJMHHGFAD28CC,星鑽段,.00,都市：商,,,,18300000
RPVNMLSJMHHGFAD28CC,星鑽段,.00,都市：商,,,,18400000
RPPQMLRJMHHGFCD08CC,光華段,.00,都市：商,,,,02820000
RPPQMLRJMHHGFCD08CC,光華段,.00,都市：商,,,,02850000
RPPPMLRJMHHGFAD77CC,赤崁段,.00,都市：商,,,,01480000
RPPPMLRJMHHGFAD77CC,赤崁段,.00,都市：商,,,,01490000
RPXNMLSJMHHGFAD48CC,金華段,.00,都市：住,,,,00850000
RPSNMLSJMHHGFAD97CC,赤崁段,.00,都市：商,,,,01480000
RPSNMLSJMHHGFAD97CC,赤崁段,.00,都市：商,,,,01490000
RPSNMLSJMHHGFCD18CC,大同段,.00,都市：商,,,,13750000
RPWNMLSJMHHGFAD38CC,金華段,.00,都市：住,,,,01220009
RPVOMLLKMHHGFKD78CC,永仁段,.00,都市：住,,,,08730000
RPUNMLSJMHHGFKD56CC,六甲頂段,.00,都市：住,,,,05520000
RPROMLSJMHHGFCD18CC,裕南段,.00,都市：住,,,,14680000
RPWNMLLKMHHGFAD87DC,環河段,.00,都市：住,,,,00620000
RPXOMLLKMHHGFKD98CC,永信段,.00,都市：住,,,,05980000
RPPNMLLKMHHGFKD08CC,中興段,.00,都市：住,,,,04760001
RPSNMLLKMHHGFHD08CC,善中段,152.49,都市：住,,,,09230000
RPOPMLLKMHHGFKD18CC,六甲頂段,.00,都市：住,,,,11490000
RPSNMLLKMHHGFHD08CC,善中段,217.54,都市：住,,,,09240000
RPWNMLLKMHHGFID58CC,白崙段,10.12,都市：商,,,,00720000
RPPOMLLKMHHGFID97CC,白崙段,10.12,都市：商,,,,00720000
RPXNMLLKMHHGFID68CC,白崙段,12.90,都市：商,,,,00720000
RPTOMLLKMHHGFBD67CC,和館段,.00,都市：住,,,,00340030
RPTNMLLKMHHGFBD57CC,長溪段,165.29,都市：農,,,,05600000
RPXNMLLKMHHGFAD87CC,福安段,.00,都市：商,,,,04640000
RPXNMLLKMHHGFAD87CC,福安段,.00,都市：商,,,,05440000
RPQOMLLKMHHGFID08CC,白崙段,7.59,都市：商,,,,00720000
RPWOMLLKMHHGFAD87CC,開元段,10.72,都市：商,,,,05970000
RPWOMLLKMHHGFAD87CC,開元段,.51,都市：住,,,,06180000
RPWOMLLKMHHGFAD87CC,開元段,.03,都市：其他:廣場兼停車場用地,,,,03610025
RPQPMLLKMHHGFBD47CC,草湖段,.00,都市：住,,,,07040000
RPVOMLLKMHHGFAD77CC,新南段,.00,都市：住,,,,00660000
RPRNMLMKMHHGFAD37CC,檨仔林段,.00,都市：商,,,,07110000
RPRNMLMKMHHGFAD37CC,檨仔林段,.00,都市：商,,,,07120000
RPRNMLMKMHHGFAD37CC,檨仔林段,.00,都市：商,,,,07130000
RPRNMLMKMHHGFAD37CC,檨仔林段,.00,都市：商,,,,07140000
RPRNMLMKMHHGFAD37CC,檨仔林段,.00,都市：商,,,,07150000
RPRNMLMKMHHGFAD37CC,檨仔林段,.00,都市：商,,,,07160000
RPRNMLMKMHHGFAD37CC,檨仔林段,.00,都市：商,,,,07170000
RPRNMLMKMHHGFAD37CC,檨仔林段,.00,都市：商,,,,07180000
RPPQMLLKMHHGFAD37CC,漁光段,.00,都市：商,,,,08910002
RPORMLMKMHHGFAD47CC,金華段,.00,都市：住,,,,01040001
RPWQMLMKMHHGFAD18CC,五條港段,.00,都市：商,,,,13670000
RPWQMLMKMHHGFAD18CC,五條港段,.00,都市：商,,,,13680000
RPQRMLMKMHHGFAD67CC,正興段,.00,都市：住,,,,01280000
RPUOMLMKMHHGFAD77CC,武聖段,.00,都市：其他:道路用地,,,,06190000
RPUOMLMKMHHGFAD77CC,武聖段,.00,都市：住,,,,06200000
RPPRMLMKMHHGFAD57CC,金華段,.00,都市：住,,,,00870000
RPURMLMKMHHGFAD08CC,金華段,.00,都市：住,,,,01050001
RPTRMLMKMHHGFAD97CC,郡王祠段,.00,都市：商,,,,12330000
RPROMLMKMHHGFBD57CC,溪墘段,.00,都市：住,,,,06590000
RPROMLMKMHHGFID28CC,八甲西段,.00,都市：住,,,,03420000
RPUNMLMKMHHGFCD87CC,鹽埕段,.00,都市：住,,,,01680047
RPROMLMKMHHGFCD67CC,新興段,6.61,都市：住,,,,02550011
RPTOMLMKMHHGFCD87CC,鹽埕段,.00,都市：住,,,,31090026
RPUOMLMKMHHGFCD97CC,育樂段,.00,都市：住,,,,01350000
RPVOMLMKMHHGFCD08CC,竹篙厝段,.00,都市：住,,,,28690000
RPXOMLMKMHHGFCD28CC,德高段,.00,都市：住,,,,06160000
RPXOMLMKMHHGFCD28CC,德高段,.00,都市：住,,,,06160004
RPXOMLMKMHHGFCD28CC,德高段,.00,都市：住,,,,06160005
RPROMLMKMHHGFHD18CC,圳西段,.00,都市：住,,,,01670000
RPTNMLMKMHHGFAD67DC,北元段,.00,都市：住,,,,01480000
RPTOMLMKMHHGFKD68CC,保生段,.00,都市：住,,,,12330000
RPOPMLMKMHHGFCD47CC,富裕段,.00,都市：住,,,,08480000
RPOPMLMKMHHGFCD47CC,富裕段,.00,都市：住,,,,08480001
RPOPMLMKMHHGFCD47CC,富裕段,.00,都市：其他:道路用地,,,,08480002
RPVOMLMKMHHGFKD88CC,兵北段,.00,都市：住,,,,10930000
RPXOMLMKMHHGFKD09CC,大灣段,.00,都市：住,,,,87350000
RPTNMLNKMHHGFKD68CC,六甲頂段,.00,都市：其他:市場用地,,,,12500000
RPVNMLNKMHHGFKD88CC,竹行段,.00,都市：工,,,,15680000
RPXOMLNKMHHGFKD56CC,自強段,.00,都市：住,,,,07660000
RPXNMLNKMHHGFKD09CC,永強段,.00,都市：住,,,,06080000
RPQPMLNKMHHGFKD58CC,埔園段,.00,都市：住,,,,06150000
RPUOMLNKMHHGFKD88CC,六甲頂段,.00,都市：住,,,,10910000
RPPOMLNKMHHGFKD38CC,蔦松北段,.00,都市：工,,,,01690000
RPPNMLNKMHHGFCD47CC,同安段,353.72,都市：農,,,,00280000
RPRPMLNKMHHGFKD68CC,自強段,.00,都市：住,,,,07660000
RPSPMLNKMHHGFKD78CC,四維段,.00,都市：住,,,,09310000
RPTNMLNKMHHGFID48CC,白崙段,.00,都市：商,,,,00720000
RPUNMLNKMHHGFID58CC,太子段,.00,都市：工,,,,09010030
RPSNMLNKMHHGFID38CC,歸南段,1872.46,非都市：一般農業區 ; 非都市編定：農牧用地,,,,13620000
RPVNMLNKMHHGFID68CC,歸仁北段,.00,都市：住,,,,03300064
RPTOMLNKMHHGFID58CC,崙中段,.00,都市：住,,,,00030000
RPWNMLNKMHHGFID78CC,歸仁北段,.00,都市：住,,,,03370000
RPWNMLNKMHHGFAD97CC,青年段,.00,都市：商,,,,01230000
RPROMLNKMHHGFBD67CC,溪東段,.00,都市：住,,,,11960000
RPQPMLNKMHHGFAD57CC,金城段,.00,都市：住,,,,00600000
RPQPMLNKMHHGFAD57CC,金城段,.00,都市：住,,,,00600013
RPQPMLNKMHHGFAD57CC,金城段,.00,都市：住,,,,00600014
RPQPMLNKMHHGFAD57CC,金城段,.00,都市：住,,,,00600015
RPQPMLNKMHHGFAD57CC,金城段,.00,都市：住,,,,00600016
RPQPMLNKMHHGFAD57CC,金城段,.00,都市：住,,,,00600017
RPOOMLNKMHHGFAD27CC,金華段,.00,都市：商,,,,00650000
RPSPMLNKMHHGFAD77CC,漁光段,.00,都市：商,,,,08910002
RPUPMLNKMHHGFAD97CC,金華段,.00,都市：住,,,,01050001
RPWPMLNKMHHGFAD18CC,東豐段,.00,都市：住,,,,04660000
RPWPMLNKMHHGFAD18CC,東豐段,.00,都市：商,,,,04940000
RPPNMLOKMHHGFAD37CC,漁光段,.00,都市：商,,,,08690000
RPQQMLNKMHHGFAD67CC,觀音段,.00,都市：商,,,,03060000
RPROMLOKMHHGFAD67CC,延平段,.00,都市：住,,,,11690031
RPRNMLOKMHHGFAD57CC,北安段,.00,都市：住,,,,00500248
RPSOMLOKMHHGFAD77CC,新南段,.00,都市：商,,,,00780000
RPOOMLOKMHHGFAD37CC,環河段,.00,都市：商,,,,24960000
RPVOMLOKMHHGFAD08CC,金華段,.00,都市：住,,,,01040001
RPTOMLOKMHHGFAD87CC,武聖段,.00,都市：其他:市場用地,,,,14210000
RPWOMLOKMHHGFAD18CC,正興段,1.22,都市：商,,,,12070002
RPWOMLOKMHHGFAD18CC,正興段,2.51,都市：商,,,,12070003
RPWOMLOKMHHGFAD18CC,正興段,1.04,都市：商,,,,12070010
RPQNMLOKMHHGFDD77CC,義中段,.00,非都市：鄉村區 ; 非都市編定：乙種建築用地,,,,06000000
RPPPMLOKMHHGFAD57CC,開元段,.00,都市：商,,,,06270008
RPRPMLOKMHHGFAD77CC,府前段,.00,都市：商,,,,01880000
RPVNMLOKMHHGFID78CC,後壁段,.00,都市：住,,,,11530000
RPQNMLOKMHHGFCD67CC,鹽埕段,.00,都市：住,,,,00950000
RPSOMLOKMHHGFCD97CC,鹽埕段,.00,都市：住,,,,31090089
RPRNMLOKMHHGFCD77CC,水交社段,.00,都市：住,,,,00330000
RPRNMLOKMHHGFCD77CC,水交社段,.00,都市：住,,,,00340000
RPTNMLOKMHHGFCD97CC,竹篙厝段,.00,都市：住,,,,27840000
RPSNMLOKMHHGFCD87CC,竹篙厝段,.00,都市：住,,,,09810000
RPPPMLOKMHHGFCD77CC,裕東段,.00,都市：住,,,,06650000
RPQPMLOKMHHGFCD87CC,公英段,.00,都市：住,,,,00630000
RPVNMLOKMHHGFKD98CC,大灣段,99.17,都市：工,,,,37960000
RPUNMLOKMHHGFKD88CC,六甲頂段,.00,都市：住,,,,10910000
RPXNMLOKMHHGFKD56CC,仁愛段,.00,都市：住,,,,05210000
RPXNMLOKMHHGFKD56CC,仁愛段,.00,都市：住,,,,05240000
RPXNMLOKMHHGFKD56CC,仁愛段,.00,都市：住,,,,05260000
RPROMLOKMHHGFKD68CC,永信段,.00,都市：住,,,,02990000
RPXNMLOKMHHGFKD56CC,仁愛段,.00,都市：住,,,,05270000
RPTOMLOKMHHGFKD88CC,成功段,.00,都市：住,,,,01860000
RPOPMLOKMHHGFKD48CC,南工段,.00,都市：住,,,,00010000
RPWOMLOKMHHGFKD56CC,頂南段,.00,都市：住,,,,04090000
RPWNMLPKMHHGFKD56CC,大灣段,.00,都市：其他:部分住宅區 部分道路用地,,,,48490003
RPRPMLOKMHHGFKD78CC,六甲頂段,.00,都市：住,,,,05520000
RPXNMLPKMHHGFGD98DC,佳里段,.00,都市：住,,,,09600000
RPQOMLPKMHHGFKD68CC,鹽東段,.00,都市：住,,,,16130000
RPRPMLPKMHHGFKD88CC,蜈蜞潭段,.00,都市：其他:部分住宅區、部分道路用地,,,,22400004
RPSPMLPKMHHGFKD98CC,六甲頂段,.00,都市：住,,,,10910000
RPPOMLPKMHHGFCD77CC,新東段,.00,都市：住,,,,00310000
RPPOMLPKMHHGFCD77CC,新東段,.00,都市：住,,,,00310001
RPROMLPKMHHGFCD97CC,裕南段,.00,都市：住,,,,16530000
RPQOMLPKMHHGFID48CC,?豬厝段,.00,非都市：一般農業區 ; 非都市編定：甲種建築用地,,,,04590000
RPROMLPKMHHGFCD97CC,裕南段,.00,都市：住,,,,16530001
RPVNMLPKMHHGFCD28CC,東寧段,.00,都市：住,,,,07930000
RPVOMLPKMHHGFCD38CC,竹篙厝段,.00,都市：住,,,,20040000
RPVNMLPKMHHGFDD38CC,仁愛段,.00,都市：工,,,,05120010
RPPNMLPKMHHGFFD97CC,麻安段,181.26,都市：工,,,,00360000
RPPNMLPKMHHGFFD97CC,麻安段,107.28,都市：工,,,,00460000
RPUNMLPKMHHGFBD08CC,溪東段,.00,都市：住,,,,16740000
RPTNMLPKMHHGFAD87CC,金城段,.00,都市：住,,,,00660002
RPQNMLPKMHHGFAD57CC,大豐段,162.75,都市：住,,,,14700000
RPQNMLPKMHHGFAD57CC,大豐段,162.76,都市：住,,,,14700003
RPSNMLPKMHHGFAD77CC,新南段,7.44,都市：商,,,,00780006
RPQOMLPKMHHGFAD67CC,富台段,.02,都市：住,,,,06480000
RPQOMLPKMHHGFAD67CC,富台段,28.17,都市：住,,,,07790000
RPOPMLPKMHHGFAD57CC,金華段,.00,都市：商,,,,00640037
RPQNMLRKMHHGFAD77CC,新南段,8.63,都市：商,,,,00780006
RPPNMLRKMHHGFAD67CC,新南段,8.63,都市：商,,,,00780006
RPPOMLSKMHHGFID68CC,太子段,.00,都市：住,,,,11220003
RPTOMLSKMHHGFCD48CC,新興段,.00,都市：住,,,,02580011
RPTNMLRKMHHGFID88CC,歸仁北段,80.00,都市：住,,,,05720002
RPRNMLSKMHHGFCD18CC,竹篙厝段,113.00,都市：住,,,,34300012
RPTNMLRKMHHGFID88CC,歸仁北段,7.00,都市：住,,,,05730014
RPWNMLSKMHHGFCD68CC,路東段,.00,都市：住,,,,04020000
RPVOMLSKMHHGFCD68CC,東光段,.00,都市：住,,,,03740000
RPQOMLSKMHHGFAD97CC,公園段,.00,都市：商,,,,01360000
RPSNMLSKMHHGFAD08CC,公園段,.00,都市：商,,,,09390000
RPUOMLSKMHHGFAD38CC,立人段,.00,都市：住,,,,11120000
RPSNMLSKMHHGFAD08CC,公園段,.00,都市：商,,,,09390001
RPSNMLSKMHHGFAD08CC,公園段,.00,都市：其他:道路用地,,,,09390003
RPPPMLSKMHHGFHD68CC,三德段,.00,都市：住,,,,04760000
RPRNMLTKMHHGFAD08CC,漁港段,.00,都市：住,,,,10920000
RPUOMLTKMHHGFAD48CC,金華段,8.81,都市：住,,,,00850002
RPRPMLSKMHHGFHD88CC,港尾段,.00,非都市：鄉村區 ; 非都市編定：乙種建築用地,,,,03250000
RPWNMLTKMHHGFCD78CC,公英段,64.00,都市：住,,,,09620000
RPWNMLTKMHHGFCD78CC,公英段,131.00,都市：住,,,,09630000
RPVNMLKLMHHGFBD77CC,海東段,54.10,都市：商,,,,16880000
RPVNMLKLMHHGFBD77CC,海東段,34.81,都市：商,,,,16890000
RPSNMLKLMHHGFCD57CC,新興段,.00,都市：住,,,,02320058
RPUPMLTKMHHGFBD68CC,學東段,71.44,都市：住,,,,09770004
RPRNMLKLMHHGFCD47CC,育樂段,.00,都市：住,,,,13770000
RPUNMLTKMHHGFCD58CC,仁和段,.00,都市：住,,,,04360000
RPTNMLKLMHHGFCD67CC,東安段,.00,都市：住,,,,05050000
RPVNMLKLMHHGFCD87CC,光華段,.00,都市：住,,,,09490000
RPQOMLKLMHHGFCD47CC,富強段,.00,都市：住,,,,10090000
RPPOMLKLMHHGFCD37CC,東光段,.00,都市：住,,,,02860000
RPSOMLKLMHHGFCD67CC,舉喜段,.00,都市：住,,,,05360008
RPUNMLKLMHHGFAD57CC,金華段,.00,都市：住,,,,00450001
RPSNMLKLMHHGFAD37CC,星鑽段,.00,都市：住,,,,01920000
RPSNMLKLMHHGFAD37CC,星鑽段,.00,都市：住,,,,02030000
RPTQMLKLMHHGFAD77CC,青年段,.00,都市：商,,,,01440000
RPVOMLKLMHHGFCD97CC,富農段,.00,都市：住,,,,01660000
RPUOMLKLMHHGFHD38CC,善中段,.00,都市：住,,,,15340000
RPOPMLKLMHHGFAD17CC,星鑽段,.00,都市：商,,,,18530000
RPPNMLKLMHHGFKD08CC,永和段,.00,都市：商,,,,06760000
RPXOMLKLMHHGFCD28DC,公英段,64.00,都市：住,,,,09620000
RPXOMLKLMHHGFCD28DC,公英段,131.00,都市：住,,,,09630000
RPXPMLKLMHHGFAD08CC,金華段,.00,都市：住,,,,00840003
RPQNMLKLMHHGFKD18CC,兵北段,.00,都市：住,,,,00410000
RPQOMLKLMHHGFKD28CC,蜈蜞潭段,.00,都市：住,,,,12900003
RPVNMLKLMHHGFKD68CC,六甲頂段,.00,都市：住,,,,13690001
RPVOMLKLMHHGFKD78CC,烏竹段,.00,都市：住,,,,07550000
RPSOMLKLMHHGFKD48CC,保生段,.00,都市：住,,,,09810000
RPSOMLKLMHHGFKD48CC,保生段,.00,都市：其他:道路用地,,,,09820000
RPROMLLLMHHGFKD48CC,永華段,.00,都市：住,,,,08860000
RPXOMLKLMHHGFKD98CC,頂南段,.00,都市：住,,,,04090000
RPUNMLLLMHHGFAD67CC,金華段,9.63,都市：住,,,,00850003
RPVNMLLLMHHGFAD77CC,北元段,.00,都市：住,,,,09250008
RPXOMLLLMHHGFAD08CC,南門段,.00,都市：住,,,,15020000
RPQPMLLLMHHGFAD47CC,五條港段,.00,都市：商,,,,18560000
RPQNMLLLMHHGFCD47CC,富農段,.00,都市：住,,,,00480001
RPQNMLLLMHHGFCD47CC,富農段,.00,都市：住,,,,00480000
RPRPMLLLMHHGFAD57CC,金華段,.00,都市：住,,,,00870000
RPQNMLLLMHHGFCD47CC,富農段,.00,都市：其他:道路用地,,,,00480002
RPSOMLLLMHHGFAD57CC,金華段,.00,都市：住,,,,00870000
RPUPMLLLMHHGFAD87CC,漁光段,.00,都市：商,,,,08660000
RPSOMLLLMHHGFCD77CC,大山段,.00,都市：住,,,,00940000
RPUOMLLLMHHGFCD97CC,竹篙厝段,.00,都市：住,,,,36470000
RPXOMLLLMHHGFCD28CC,新興段,.00,都市：住,,,,02280053
RPROMLLLMHHGFBD57CC,溪東段,.00,都市：住,,,,16740000
RPSPMLMLMHHGFGD38CC,佳果段,.00,都市：住,,,,08390002
RPROMLLLMHHGFGD08CC,後港東段,.00,非都市：鄉村區 ; 非都市編定：乙種建築用地,,,,19430000
RPQNMLMLMHHGFED77CC,永安段,87.00,都市：住,,,,11020003
RPRNMLMLMHHGFED87CC,永安段,87.00,都市：住,,,,11020003
RPQNMLMLMHHGFBD47CC,原佃段,.00,都市：住,,,,10920005
RPSNMLMLMHHGFED97CC,永安段,87.00,都市：住,,,,11020003
RPWNMLMLMHHGFBD08CC,怡中段,.00,都市：住,,,,11110000
RPPOMLMLMHHGFBD47CC,溪東段,.00,都市：住,,,,11500000
RPSOMLMLMHHGFCD87CC,鹽埕段,.00,都市：住,,,,30990047
RPSNMLMLMHHGFAD57CC,星鑽段,110.57,都市：住,,,,06200000
RPSNMLMLMHHGFAD57CC,星鑽段,.72,都市：住,,,,06200001
RPWOMLMLMHHGFCD28CC,水交社段,.00,都市：住,,,,00020000
RPVNMLMLMHHGFAD87CC,環河段,.00,都市：商,,,,24960000
RPTOMLMLMHHGFAD77CC,萬昌段,.00,都市：商,,,,01940000
RPSPMLMLMHHGFAD77CC,玉宇段,.00,都市：住,,,,03570000
RPWNMLMLMHHGFAD97CC,開元段,.00,都市：商,,,,03610005
RPWOMLMLMHHGFAD08CC,裕民段,.00,都市：住,,,,06900002
RPTPMLMLMHHGFAD87CC,富台段,.00,都市：住,,,,06480000
RPQOMLMLMHHGFAD47CC,觀音段,.00,都市：商,,,,03060000
RPVPMLMLMHHGFAD08CC,成光段,.00,都市：住,,,,13880004
RPXPMLMLMHHGFAD28CC,立人段,.00,都市：住,,,,00650003
RPPPMLMLMHHGFAD47CC,金華段,8.67,都市：住,,,,00840003
RPOQMLMLMHHGFAD47CC,星鑽段,.00,都市：商,,,,13090000
RPOQMLMLMHHGFAD47CC,星鑽段,.00,都市：商,,,,13100000
RPUOMLMLMHHGFKD88CC,南新段,.00,都市：住,,,,09730000
RPTNMLMLMHHGFKD68CC,信義段,30.19,,,,,10940000
RPUOMLMLMHHGFKD88CC,南新段,.00,都市：住,,,,09740000
RPWNMLMLMHHGFKD98CC,永和段,.00,都市：其他:市場用地,,,,13840000
RPVNMLMLMHHGFKD88CC,南工段,.00,都市：住,,,,09670000
RPVNMLMLMHHGFKD88CC,南工段,.00,都市：住,,,,09680000
RPVNMLMLMHHGFKD88CC,南工段,.00,都市：住,,,,09690000
RPOPMLMLMHHGFKD38CC,六甲頂段,.00,都市：住,,,,10910000
RPWOMLMLMHHGFKD09CC,永仁段,.00,都市：住,,,,08380000
RPPPMLMLMHHGFKD48CC,南工段,.00,都市：住,,,,09670000
RPPPMLMLMHHGFKD48CC,南工段,.00,都市：住,,,,09680000
RPPPMLMLMHHGFKD48CC,南工段,.00,都市：住,,,,09690000
RPQPMLMLMHHGFKD58CC,南工段,.00,都市：住,,,,09670000
RPQPMLMLMHHGFKD58CC,南工段,.00,都市：住,,,,09680000
RPQPMLMLMHHGFKD58CC,南工段,.00,都市：住,,,,09690000
RPOOMLMLMHHGFHD97CC,善文段,.00,,,,,01400001
RPOOMLMLMHHGFKD28CC,永和段,.00,都市：其他:市場用地,,,,13840000
RPRPMLPLMHHGFAD97CC,星鑽段,.00,都市：商,,,,18530000
RPOPMLMLMHHGFHD08CC,大同段,2.49,非都市：鄉村區 ; 非都市編定：乙種建築用地,,,,07380001
RPOPMLMLMHHGFHD08CC,大同段,13.18,非都市：鄉村區 ; 非都市編定：乙種建築用地,,,,07380000
RPWOMLMLMHHGFHD78CC,善新段,.00,都市：住,,,,00770022
RPVNMLPLMHHGFCD38CC,東寧段,.00,都市：住,,,,01470000
RPROMLPLMHHGFAD87CC,立人段,.00,都市：住,,,,00520000
RPPNMLNLMHHGFAD37CC,環河段,20.99,都市：商,,,,24960000
RPUNMLPLMHHGFCD28CC,鹽埕段,.00,都市：住,,,,06770739
RPWNMLPLMHHGFCD48CC,光華段,.00,都市：商,,,,14720000
RPXNMLPLMHHGFCD58CC,光華段,.00,都市：商,,,,14720000
RPQPMLPLMHHGFCD08CC,富裕段,.00,都市：住,,,,04040000
RPUOMLPLMHHGFCD38CC,東寧段,.00,都市：住,,,,04570000
RPSOMLPLMHHGFID78CC,歸仁北段,.00,都市：住,,,,03370007
RPXNMLPLMHHGFHD09CC,善新段,25.44,都市：住,,,,01410000
RPTOMLPLMHHGFID88CC,?豬厝段,.00,非都市：一般農業區 ; 非都市編定：甲種建築用地,,,,04590000
RPXOMLPLMHHGFID66CC,岳王段,330.58,都市：農,,,,02620000
RPVOMLPLMHHGFHD98CC,竹子腳段,.00,非都市：特定農業區 ; 非都市編定：甲種建築用地,,,,09910041
RPVNMLPLMHHGFKD56CC,平道段,1171.51,都市：住,,,,03270000
RPXOMLPLMHHGFHD56CC,坐駕段,.00,都市：農,,,,12330000
RPXNMLPLMHHGFKD76CC,六甲頂段,.00,都市：住,,,,10910000
RPOOMLPLMHHGFKD58CC,蜈蜞潭段,.00,都市：住,,,,20130009
RPROMLPLMHHGFKD88CC,南工段,.00,都市：住,,,,09670000
RPROMLPLMHHGFKD88CC,南工段,.00,都市：住,,,,09680000
RPROMLPLMHHGFKD88CC,南工段,.00,都市：住,,,,09690000
RPWNMLQLMHHGFKD76CC,六甲頂段,8.85,都市：住,,,,10910000
RPVOMLPLMHHGFKD66CC,南工段,.00,都市：住,,,,09670000
RPUPMLPLMHHGFKD66CC,永和段,.00,都市：其他:市場用地,,,,13840000
RPVOMLPLMHHGFKD66CC,南工段,.00,都市：住,,,,09680000
RPVOMLPLMHHGFKD66CC,南工段,.00,都市：住,,,,09690000
RPVPMLPLMHHGFKD76CC,大灣段,380.17,都市：住,,,,48580000
RPUOMLQLMHHGFKD66CC,鹽東段,.00,都市：住,,,,17760000
RPQPMLPLMHHGFKD88CC,南新段,.00,都市：住,,,,00820000
RPQPMLPLMHHGFKD88CC,南新段,.00,都市：住,,,,03890000
RPQPMLPLMHHGFKD88CC,南新段,.00,都市：住,,,,03920000
RPQPMLPLMHHGFKD88CC,南新段,.00,都市：住,,,,03930000
RPQPMLPLMHHGFKD88CC,南新段,.00,都市：住,,,,03960000
RPQOMLQLMHHGFKD88CC,蜈蜞潭段,.00,都市：住,,,,11510011
RPQOMLQLMHHGFKD88CC,蜈蜞潭段,.00,都市：其他:道路用地,,,,11540024
RPOOMLQLMHHGFID48CC,民權段,482.34,都市：其他:空白,,,,08390000
RPTNMLQLMHHGFBD18CC,和館段,117.38,都市：住,,,,00940083
RPPOMLQLMHHGFGD38CC,後港東段,.00,非都市：鄉村區 ; 非都市編定：乙種建築用地,,,,19450000
RPUSMLQLMHHGFBD78CC,溪頂段,.00,都市：住,,,,00480022
RPQNMLQLMHHGFCD97CC,東寧段,.00,都市：住,,,,07930000
RPUSMLQLMHHGFBD78CC,溪頂段,.00,都市：住,,,,00860000
RPVNMLQLMHHGFCD48CC,鹽埕段,.00,都市：住,,,,31050028
RPUSMLQLMHHGFBD78CC,溪頂段,.00,都市：住,,,,00860036
RPSNMLQLMHHGFCD18CC,光明段,.00,都市：住,,,,04070038
RPRNMLQLMHHGFCD08CC,東寧段,.00,都市：住,,,,07930000
RPTOMLQLMHHGFCD38CC,富農段,.00,都市：住,,,,00900000
RPPNMLQLMHHGFAD67CC,南門段,.00,都市：商,,,,02600000
RPPNMLQLMHHGFAD67CC,南門段,.00,都市：商,,,,02610000
RPSOMLQLMHHGFAD08CC,白金段,87.70,都市：商,,,,05430000
RPOOMLQLMHHGFAD67CC,開元段,.00,都市：商,,,,06250000
RPUOMLQLMHHGFAD28CC,富台段,.00,都市：住,,,,10230000
RPXOMLQLMHHGFAD58CC,北安段,.00,都市：商,,,,05660000
RPWNMLQLMHHGFCD58CC,育樂段,.00,都市：住,,,,04460000
RPWOMLQLMHHGFAD48CC,開元段,.00,都市：商,,,,03610005
RPUNMLRLMHHGFAD28CC,環河段,.00,都市：住,,,,00520000
RPQNMLRLMHHGFAD87CC,妙壽段,.00,都市：住,,,,05010000
RPRNMLRLMHHGFAD97CC,郡王祠段,.00,都市：住,,,,23160000
RPRNMLRLMHHGFAD97CC,郡王祠段,.00,都市：住,,,,23720000
RPTPMLRLMHHGFAD38CC,漁光段,.00,都市：商,,,,08910002
RPSOMLRLMHHGFAD18CC,新南段,.00,都市：住,,,,00550003
RPVOMLRLMHHGFCD68CC,東寧段,.00,都市：商,,,,06700000
RPWOMLRLMHHGFCD78CC,公英段,54.96,都市：住,,,,05750005
RPUOMLRLMHHGFCD58CC,德高段,.00,都市：住,,,,04810019
RPUPMLRLMHHGFAD48CC,南廠段,.00,都市：商,,,,14630000
RPVNMLRLMHHGFGD98CC,北文段,147.67,都市：住,,,,02270001
RPVNMLRLMHHGFGD98CC,北文段,147.67,都市：住,,,,02270002
RPQNMLRLMHHGFBD97CC,十字段,713.86,都市：住,,,,06240002
RPQNMLRLMHHGFBD97CC,十字段,164.76,都市：住,,,,06250020
RPQNMLRLMHHGFBD97CC,十字段,387.33,都市：住,,,,06250008
RPQNMLRLMHHGFBD97CC,十字段,25.56,都市：住,,,,11420001
RPQNMLRLMHHGFBD97CC,十字段,80.80,都市：住,,,,11420002
RPRPMLRLMHHGFID98CC,保生段,.00,都市：住,,,,06130006
RPUNMLRLMHHGFID09CC,?豬厝段,.00,非都市：一般農業區 ; 非都市編定：甲種建築用地,,,,04590000
RPROMLRLMHHGFBD18CC,公塭段,.00,都市：住,,,,01900011
RPSNMLRLMHHGFKD09CC,六甲頂段,.00,都市：住,,,,09820000
RPUNMLRLMHHGFKD66CC,鹽埕段,.00,都市：住,,,,04150033
RPTNMLRLMHHGFKD56CC,鹽埕段,.00,都市：住,,,,04150033
RPTOMLRLMHHGFKD66CC,鹽埕段,.00,都市：住,,,,04150033
RPXNMLRLMHHGFKD96CC,兵北段,.00,都市：住,,,,01220000
RPOOMLRLMHHGFKD78CC,鹽東段,3.97,都市：住,,,,19610000
RPSOMLRLMHHGFKD56CC,鹽埕段,.00,都市：住,,,,04150033
RPROMLRLMHHGFKD09CC,頂安段,.00,都市：住,,,,08610000
RPPPMLRLMHHGFKD98CC,六合段,.00,都市：住,,,,00610000
RPPPMLRLMHHGFKD98CC,六合段,.00,都市：住,,,,00620000
RPPOMLRLMHHGFHD58CC,新化段王公廟小段,.00,非都市：特定農業區 ; 非都市編定：甲種建築用地,,,,01710025
RPRPMLRLMHHGFKD56CC,六甲頂段,.00,都市：住,,,,10910000
RPWPMLRLMHHGFHD76CC,胡厝寮段,86.00,都市：住,,,,09530013
RPRNMLRLMHHGFGD68DC,佳里段,90.00,都市：住,,,,11870071
RPVNMLRLMHHGFKD76CC,鹽埕段,.00,都市：住,,,,04150033
RPVNMLSLMHHGFKD86CC,頂南段,.00,都市：住,,,,04040000
RPUNMLSLMHHGFID56CC,崑崙段,132.23,都市：農,,,,07430000
RPUQMLRLMHHGFHD66CC,胡厝寮段,86.00,都市：住,,,,09530013
RPXOMLSLMHHGFKD17CC,六甲頂段,.00,都市：住,,,,10910000
RPVNMLSLMHHGFID66CC,二仁段,.00,都市：住,,,,02220000
RPWNMLSLMHHGFKD96CC,六甲頂段,.00,都市：其他:部分住宅區 部分道路用地,,,,06840000
RPWNMLSLMHHGFKD96CC,六甲頂段,.00,都市：住,,,,06910000
RPWNMLSLMHHGFKD96CC,六甲頂段,.00,都市：住,,,,06930000
RPWNMLSLMHHGFKD96CC,六甲頂段,.00,都市：住,,,,06940000
RPROMLSLMHHGFBD28CC,溪頂段,.00,都市：住,,,,16380000
RPOPMLSLMHHGFBD08CC,怡中段,.00,都市：住,,,,12390000
RPSNMLSLMHHGFCD38CC,竹篙厝段,.00,都市：住,,,,09100000
RPPPMLSLMHHGFBD18CC,安東段,.00,都市：住,,,,02830002
RPSOMLSLMHHGFCD48CC,新興段,.00,都市：住,,,,02280018
RPSOMLSLMHHGFCD48CC,新興段,.00,都市：住,,,,02280058
RPUNMLSLMHHGFCD58CC,新興段,.00,都市：住,,,,02770000
RPUNMLSLMHHGFCD58CC,新興段,.00,都市：住,,,,02770002
RPUNMLSLMHHGFAD38CC,金華段,.00,都市：住,,,,00410058
RPTNMLTLMHHGFAD38CC,青年段,.00,都市：商,,,,01230000
RPVNMLSLMHHGFAD48CC,金華段,.00,都市：住,,,,00410058
RPRNMLSLMHHGFAD08CC,金華段,12.39,都市：住,,,,00850002
RPTNMLSLMHHGFAD28CC,金華段,.00,都市：住,,,,01050001
RPQOMLSLMHHGFCD28CC,龍泉段,1.74,都市：商,,,,06590000
RPQOMLSLMHHGFCD28CC,龍泉段,.02,都市：其他:道路用地,,,,06590001
RPVNMLTLMHHGFAD58CC,正興段,.00,都市：商,,,,12450000
RPQOMLSLMHHGFCD28CC,龍泉段,.61,都市：住,,,,06620000
RPUNMLTLMHHGFCD68CC,東光段,.00,都市：住,,,,01800037
RPQOMLSLMHHGFCD28CC,龍泉段,.03,都市：住,,,,06620001
RPROMLTLMHHGFCD48CC,大山段,57.15,都市：住,,,,00610018
RPWNMLTLMHHGFCD88CC,泉南段,.00,都市：住,,,,02190000
RPWNMLTLMHHGFCD88CC,泉南段,.00,都市：其他:道路用地,,,,02190001
RPSOMLTLMHHGFCD58CC,大恩段,.00,都市：住,,,,03050000
RPUPMLTLMHHGFBD78CC,安中段,.00,都市：住,,,,01410000
RPXNMLTLMHHGFDD09CC,茄苳段,84.00,都市：住,,,,03340000
RPUOMLTLMHHGFCD78CC,新興段,135.00,都市：住,,,,02340017
RPUOMLTLMHHGFCD78CC,新興段,135.00,都市：住,,,,02340018
RPUOMLTLMHHGFCD78CC,新興段,135.00,都市：住,,,,02340019
RPUOMLTLMHHGFCD78CC,新興段,135.00,都市：住,,,,02340020
RPWNMLTLMHHGFKD07CC,六甲頂段,.00,都市：住,,,,10910000
RPOOMLTLMHHGFGD58CC,後港東段,.00,非都市：鄉村區 ; 非都市編定：乙種建築用地,,,,19460000
RPPOMLTLMHHGFDD38CC,民權段,.00,都市：商,,,,05970000
RPOOMLTLMHHGFKD98CC,六合段,.00,都市：住,,,,06260000
RPXNMLTLMHHGFKD17CC,信義段,137.10,都市：住,,,,10880000
RPTNMLKMMHHGFAD57CC,觀音段,.00,都市：商,,,,01740000
RPXPMLMJNHHGFBD28CC,和館段,.00,都市：住,,,,00940102
RPXPMLMJNHHGFBD28CC,和館段,.00,都市：住,,,,00940154
RPQNMLKMMHHGFCD57DC,新東段,.00,都市：住,,,,05190015
RPVNMLNJNHHGFHD58CC,大榮段,73.03,都市：住,,,,07740000
RPQPMLNJNHHGFKD58CC,頂南段,.00,都市：住,,,,04000000
RPVOMLNJNHHGFID78CC,中正段,.00,都市：住,,,,07110000
RPXOMLNJNHHGFID98CC,新工段,.00,都市：住,,,,07360000
RPVNMLMJNHHGFGD48DC,佳里段,72.00,都市：住,,,,17190059
RPSNMLNJNHHGFCD77CC,新東段,2.00,都市：住,,,,10600000
RPSNMLNJNHHGFCD77CC,新東段,57.00,都市：住,,,,10610000
RPSNMLNJNHHGFCD77CC,新東段,10.00,都市：住,,,,10190017
RPUNMLNJNHHGFCD97CC,鹽埕段,.00,都市：工,,,,28970000
RPWOMLNJNHHGFCD28CC,竹篙厝段,.00,都市：商,,,,16780008
RPTNMLNJNHHGFAD67CC,南門段,216.32,都市：住,,,,20310000
RPVPMLNJNHHGFAD08CC,金華段,.00,都市：商,,,,00010001
RPPPMLNJNHHGFAD47CC,北華段,.00,都市：住,,,,02450000
RPPPMLNJNHHGFAD47CC,北華段,.00,都市：商,,,,02460000
RPTOMLNJNHHGFAD77CC,正興段,.00,都市：住,,,,06020000
RPWNMLNJNHHGFAD97CC,立人段,7.89,都市：住,,,,00650004
RPWNMLNJNHHGFAD97CC,立人段,1.03,都市：商,,,,01040000
RPWOMLNJNHHGFAD08CC,立人段,.00,都市：住,,,,00650003
RPTUMLOJNHHGFAD48CC,公園段,.00,都市：商,,,,01360000
RPWPMLNJNHHGFAD18CC,開元段,.00,都市：住,,,,04310007
RPRNMLOJNHHGFCD77CC,竹篙厝段,.00,都市：住,,,,19430000
RPSOMLOJNHHGFCD97CC,新東段,.00,都市：住,,,,00310000
RPSOMLOJNHHGFCD97CC,新東段,.00,都市：住,,,,00310001
RPVOMLOJNHHGFCD28CC,鹽埕段,.00,都市：住,,,,30990102
RPQOMLOJNHHGFKD58CC,鹽中段,.00,都市：住,,,,03800000
RPUOMLOJNHHGFCD18CC,水交社段,.00,都市：住,,,,00060000
RPUNMLPJNHHGFKD98CC,成功段,.00,都市：商,,,,01190000
RPTVMLOJNHHGFAD58CC,公園段,.00,都市：商,,,,01360000
RPPOMLOJNHHGFKD48CC,橋北段,.00,都市：住,,,,00100000
RPWNMLOJNHHGFDD38CC,復興段,413.22,都市：住,,,,02230000
RPRNMLPJNHHGFKD68CC,鹽東段,15.43,都市：住,,,,17760000
RPRNMLPJNHHGFKD68CC,鹽東段,5.59,都市：住,,,,17760000
RPRNMLPJNHHGFKD68CC,鹽東段,2.87,都市：住,,,,17760000
RPOPMLPJNHHGFCD77CC,新東段,.00,都市：住,,,,15510017
RPQOMLPJNHHGFKD68CC,五王段,.00,都市：住,,,,04060000
RPPOMLPJNHHGFAD57CC,新南段,.00,都市：住,,,,03910000
RPXOMLPJNHHGFCD58CC,東寧段,.00,都市：住,,,,07420002
RPXOMLPJNHHGFCD58CC,東寧段,.00,都市：住,,,,07430009
RPXOMLPJNHHGFCD58CC,東寧段,.00,都市：住,,,,07440008
RPPOMLQJNHHGFAD67CC,郡王祠段,.00,都市：商,,,,01540000
RPVOMLPJNHHGFAD18CC,檨仔林段,.00,都市：商,,,,07190000
RPVOMLPJNHHGFAD18CC,檨仔林段,.00,都市：商,,,,07200000
RPVOMLPJNHHGFAD18CC,檨仔林段,.00,都市：商,,,,07210000
RPSOMLPJNHHGFKD88CC,六甲頂段,.00,都市：住,,,,10910000
RPSNMLQJNHHGFAD87CC,小北段,74.00,都市：住,,,,11060000
RPOPMLQJNHHGFAD67CC,金華段,.00,都市：住,,,,00750043
RPQNMLQJNHHGFCD87CC,鹽埕段,.00,都市：商,,,,00030221
RPQNMLQJNHHGFCD87CC,鹽埕段,.00,都市：商,,,,00030117
RPPPMLQJNHHGFCD97CC,龍泉段,.00,都市：商,,,,06590000
RPPPMLQJNHHGFCD97CC,龍泉段,.00,都市：其他:主要計畫道路用地,,,,06590001
RPQOMLQJNHHGFCD97CC,鹽埕段,.00,都市：住,,,,02900866
RPPPMLQJNHHGFCD97CC,龍泉段,.00,都市：住,,,,06620000
RPPPMLQJNHHGFCD97CC,龍泉段,.00,都市：住,,,,06620001
RPOPMLQJNHHGFCD87CC,鹽埕段,.00,都市：住,,,,02200619
RPSNMLQJNHHGFKD88CC,埔園段,947.38,都市：住,,,,01450000
RPSNMLQJNHHGFKD88CC,埔園段,169.41,都市：其他:道路用地,,,,01570000
RPTOMLQJNHHGFKD09CC,兵南段,.00,都市：住,,,,05840000
RPVPMLQJNHHGFCD58CC,鹽埕段,2565.00,都市：工,,,,28910000
RPTNMLQJNHHGFKD98CC,埔園段,9.68,都市：其他:道路用地,,,,01590000
RPTNMLQJNHHGFKD98CC,埔園段,920.24,都市：住,,,,01600000
RPUOMLQJNHHGFKD56CC,勝利段,.00,都市：住,,,,06500000
RPSNMLRJNHHGFKD98CC,兵南段,23.43,都市：住,,,,04890000
RPQNMLTJNHHGFHD68CC,三民段,78.62,都市：住,,,,00820000
RPRPMLTJNHHGFCD48CC,裕南段,.00,都市：住,,,,14010000
RPROMLTJNHHGFHD88CC,大營段,.00,非都市：一般農業區 ; 非都市編定：丁種建築用地,,,,26620069
RPWNMLTJNHHGFAD58CC,金華段,24.72,都市：住,,,,00770000
RPWOMLTJNHHGFAD68CC,東興段,.00,都市：住,,,,02520009
RPOPMLTJNHHGFAD97CC,金華段,8.83,都市：住,,,,00850002
RPQPMLTJNHHGFAD18CC,新南段,8.92,都市：商,,,,00780006
RPTNMLKKNHHGFAD47CC,星鑽段,.00,都市：商,,,,13100000
RPTNMLKKNHHGFAD47CC,星鑽段,.00,都市：商,,,,13090000
RPTNMLKKNHHGFAD47CC,星鑽段,.00,都市：其他:道路用地,,,,13110000
RPRPMLTJNHHGFAD28CC,銀同段,.00,都市：商,,,,10610000
RPRNMLKKNHHGFAD27CC,星鑽段,.00,都市：商,,,,18530000
RPRPMLTJNHHGFAD28CC,銀同段,.00,都市：商,,,,10620000
RPRPMLTJNHHGFAD28CC,銀同段,.00,都市：商,,,,10630000
RPSNMLKKNHHGFAD37CC,立人段,.00,都市：住,,,,04060001
RPUNMLKKNHHGFAD57CC,青年段,.00,都市：商,,,,02540000
RPUNMLKKNHHGFAD57CC,青年段,.00,都市：商,,,,02550000
RPUOMLKKNHHGFAD67CC,開元段,.00,都市：住,,,,05840000
RPUNMLKKNHHGFAD57CC,青年段,.00,都市：商,,,,02560000
RPUOMLKKNHHGFAD67CC,開元段,.00,都市：商,,,,05870000
RPQPMLKKNHHGFAD37CC,漁光段,.00,都市：商,,,,08690000
RPQOMLKKNHHGFCD47CC,鹽埕段,.00,都市：住,,,,25380047
RPXNMLKKNHHGFCD08CC,仁和段,.00,都市：住,,,,12460008
RPSOMLKKNHHGFCD67CC,光明段,.00,都市：住,,,,60000000
RPTOMLKKNHHGFCD77CC,光明段,.00,都市：住,,,,04250000
RPXOMLKKNHHGFCD18CC,裕東段,.00,都市：住,,,,01720040
RPRPMLKKNHHGFCD67CC,東寧段,.00,都市：住,,,,00890005
RPWOMLKKNHHGFCD08CC,裕東段,.00,都市：住,,,,01720040
RPTPMLKKNHHGFBD77CC,國安段,.00,都市：住,,,,15760043
RPPPMLKKNHHGFBD37CC,怡中段,.00,都市：住,,,,08820000
RPTNMLKKNHHGFID28CC,歸仁北段,.00,都市：住,,,,03260049
RPTNMLKKNHHGFID28CC,歸仁北段,.00,都市：住,,,,03260050
RPUNMLKKNHHGFKD58CC,永和段,.00,都市：商,,,,13110000
RPQOMLKKNHHGFKD28CC,永華段,.00,都市：住,,,,04600002
RPTOMLKKNHHGFAD67DC,南廠段,.00,都市：住,,,,18260000
RPSOMLKKNHHGFKD48CC,仁愛段,.00,都市：住,,,,05530000
RPTOMLKKNHHGFKD58CC,六甲頂段,.00,都市：住,,,,10910000
RPUOMLKKNHHGFKD68CC,南灣段,.00,都市：住,,,,05720000
RPUOMLKKNHHGFKD68CC,南灣段,.00,都市：住,,,,05730000
RPPPMLKKNHHGFKD28CC,兵北段,.00,都市：住,,,,00010000
RPPPMLKKNHHGFKD28CC,兵北段,.00,都市：住,,,,00020000
RPPPMLKKNHHGFKD28CC,兵北段,.00,都市：住,,,,00180000
