﻿鄉鎮市區,交易標的,土地位置建物門牌,土地移轉總面積平方公尺,都市土地使用分區,非都市土地使用分區,非都市土地使用編定,交易年月日,交易筆棟數,移轉層次,總樓層數,建物型態,主要用途,主要建材,建築完成年月,建物移轉總面積平方公尺,建物現況格局-房,建物現況格局-廳,建物現況格局-衛,建物現況格局-隔間,有無管理組織,總價元,單價元平方公尺,車位類別,車位移轉總面積平方公尺,車位總價元,備註,編號,建案名稱,棟及號
The villages and towns urban district,transaction sign,land sector position building sector house number plate,land shifting total area square meter,the use zoning or compiles and checks,the non-metropolis land use district,non-metropolis land use,transaction year month and day,transaction pen number,shifting level,total floor number,building state,main use,main building materials,construction to complete the years,building shifting total area,Building present situation pattern - room,building present situation pattern - hall,building present situation pattern - health,building present situation pattern - compartmented,Whether there is manages the organization,total price NTD,the unit price (NTD / square meter),the berth category,berth shifting total area square meter,the berth total price NTD,the note,serial number,build case,buildings
嘉義市,房地(土地+建物)+車位,嘉義市嘉義市忠孝路798巷,25.4,住,,,1110212,土地1建物1車位1,十層,14,住宅大樓(11層含以上有電梯),住家用,鋼筋混凝土造,,132.64,3,1,2,有,無,8900000,72211,坡道平面,26.7,1250000,,RPRNMLOKKHHGFAI77CB,未來樹,M7棟10F號
嘉義市,房地(土地+建物),嘉義市嘉義市東區立仁路,136.75,住,,,1110211,土地3建物1車位0,全,3,透天厝,住家用,鋼筋混凝土造,,232.81,4,3,4,有,無,18500000,79464,,0.0,0,,RPUNMLPKKHHGFAI18CB,金石鉑克萊,B棟5號
嘉義市,房地(土地+建物),嘉義市嘉義市下埤路53巷,199.83,住,,,1110214,土地2建物1車位0,全,3,透天厝,住家用,鋼筋混凝土造,,348.87,4,2,5,有,無,17600000,50449,,0.0,0,,RPSNMLQKKHHGFAI08CB,覓境,B棟5號
嘉義市,房地(土地+建物),嘉義市嘉義市健康五街,137.76,住,,,1110218,土地2建物1車位0,全,3,透天厝,住家用,鋼筋混凝土造,,186.85,4,3,4,有,無,13200000,70645,,0.0,0,,RPPNMLLLKHHGFAI37CB,拾境,B1棟0號
嘉義市,房地(土地+建物),嘉義市嘉義市健康五街,34.84,住,,,1110219,土地1建物1車位0,四層,5,華廈(10層含以下有電梯),住家用,鋼筋混凝土造,,94.93,3,2,2,有,無,7280000,76688,,0.0,0,,RPQNMLMLKHHGFAI57CB,鴻海皇苑2,1棟4 B號
嘉義市,房地(土地+建物),嘉義市嘉義市健康五街,36.53,住,,,1110216,土地1建物1車位0,二層,5,華廈(10層含以下有電梯),住家用,鋼筋混凝土造,,99.53,3,2,2,有,無,7500000,75354,,0.0,0,,RPRNMLMLKHHGFAI67CB,鴻海皇苑2,1棟2A號
嘉義市,房地(土地+建物)+車位,嘉義市嘉義市宣信街,25.39,住,,,1110212,土地7建物1車位1,九層,14,住宅大樓(11層含以上有電梯),住家用,鋼筋混凝土造,,155.18,3,2,2,有,無,13400000,91987,坡道平面,23.64,1300000,建物總價內含機車位壹拾萬元整。,RPSNMLMLKHHGFAI77CB,漢昇 築城,H2號
嘉義市,房地(土地+建物),嘉義市嘉義市健康五街,36.58,住,,,1110220,土地1建物1車位0,二層,5,華廈(10層含以下有電梯),住家用,鋼筋混凝土造,,99.67,3,2,2,有,無,7200000,72238,,0.0,0,,RPUNMLMLKHHGFAI97CB,鴻海皇苑2,1棟2B號
嘉義市,房地(土地+建物),嘉義市嘉義市健康二路,108.73,其他,,,1110217,土地2建物1車位0,全,2,店面(店鋪),見其他登記事項,鋼筋混凝土造,,135.54,0,5,2,有,無,10280000,75845,,0.0,0,土地標的清冊中湖子內段湖美小段507-38地號權利範圍19.45/350.14系依契約書所載持分面積換算最終過戶之權利範圍為每戶1/18,RPRNMLNLKHHGFAI77CB,松町5,B棟16號
嘉義市,房地(土地+建物)+車位,嘉義市嘉義市彌陀路238巷98弄,49.42,住,,,1110217,土地1建物1車位1,四層,5,華廈(10層含以下有電梯),住家用,鋼筋混凝土造,,146.02,3,1,2,有,無,10480000,70610,一樓平面,16.01,1300000,,RPPNMLOLKHHGFAI67CB,陶世代,B棟4樓D號
嘉義市,房地(土地+建物),嘉義市嘉義市健康七街與湖美二路口,91.37,住,,,1110222,土地1建物1車位0,全,3,透天厝,住家用,鋼筋混凝土造,,185.12,4,2,3,有,無,14280000,77139,,0.0,0,,RPRNMLOLKHHGFAI87CB,景?8,C棟2號
嘉義市,房地(土地+建物)+車位,嘉義市嘉義市東區五福街,31.07,住,,,1110212,土地2建物1車位1,五層,7,華廈(10層含以下有電梯),住家用,鋼筋混凝土造,,105.83,2,2,1,有,無,6850000,75749,坡道機械,22.0,500000,,RPQNMLPLKHHGFAI87CB,森擎集合住宅,5D號
嘉義市,房地(土地+建物)+車位,嘉義市嘉義市東區五福街,37.82,住,,,1110213,土地2建物1車位1,四層,7,華廈(10層含以下有電梯),住家用,鋼筋混凝土造,,147.37,3,2,2,有,無,9200000,69776,坡道平面,32.0,1150000,,RPRNMLPLKHHGFAI97CB,森擎集合住宅,4A號
嘉義市,房地(土地+建物),嘉義市嘉義市順興五街,93.15,住,,,1110219,土地2建物1車位0,全,4,透天厝,住家用,鋼筋混凝土造,,205.96,5,2,5,有,無,19200000,93222,,0.0,0,,RPPNMLRLKHHGFAI97CB,水無月-璞真,A5號
嘉義市,房地(土地+建物),嘉義市嘉義市順興五街,81.35,住,,,1110216,土地1建物1車位0,全,3,透天厝,住家用,鋼筋混凝土造,,184.67,4,1,4,有,無,14800000,80143,,0.0,0,,RPPNMLLJLHHGFAI27CB,文學苑5,G棟0號
嘉義市,房地(土地+建物),嘉義市嘉義市順興五街,87.6,住,,,1110222,土地1建物1車位0,全,3,透天厝,住家用,鋼筋混凝土造,,185.53,4,1,4,有,無,15350000,82736,,0.0,0,,RPQNMLLJLHHGFAI37CB,文學苑5,H棟0號
嘉義市,房地(土地+建物)+車位,嘉義市嘉義市立仁路60巷,39.78,住,,,1110217,土地1建物1車位1,三層,5,華廈(10層含以下有電梯),住家用,鋼筋混凝土造,,112.83,2,2,2,有,無,8500000,72856,一樓平面,13.73,1280000,,RPRNMLLJLHHGFAI47CB,好人居二期,1棟3A2號
嘉義市,房地(土地+建物)+車位,嘉義市嘉義市立仁路60巷,39.78,住,,,1110214,土地1建物1車位1,三層,5,華廈(10層含以下有電梯),住家用,鋼筋混凝土造,,112.83,2,2,2,有,無,8480000,72654,一樓平面,13.73,1280000,,RPSNMLLJLHHGFAI57CB,好人居二期,1棟3B3號
嘉義市,房地(土地+建物)+車位,嘉義市嘉義市立仁路60巷,44.35,住,,,1110228,土地1建物1車位1,四層,5,華廈(10層含以下有電梯),住家用,鋼筋混凝土造,,124.29,3,2,2,有,無,9200000,71907,一樓平面,13.73,1250000,,RPTNMLLJLHHGFAI67CB,好人居二期,1棟4A5號
嘉義市,房地(土地+建物)+車位,嘉義市嘉義市德陽街,46.22,商,,,1110228,土地1建物1車位2,七層,10,華廈(10層含以下有電梯),住家用,鋼筋混凝土造,,229.41,3,1,2,有,無,16380000,69544,坡道平面,32.7,2700000,,RPUNMLLJLHHGFAI77CB,興雅硯,A3號
嘉義市,房地(土地+建物)+車位,嘉義市嘉義市宣信街,25.39,住,,,1110228,土地7建物1車位1,十層,14,住宅大樓(11層含以上有電梯),住家用,鋼筋混凝土造,,155.18,3,2,2,有,無,13980000,96397,坡道平面,23.64,1300000,建物總價內含機車位壹拾萬元整。,RPXNMLLJLHHGFAI08CB,漢昇 築城,H2號
嘉義市,房地(土地+建物)+車位,嘉義市嘉義市立學街,44.59,住,,,1110221,土地1建物1車位1,二層,8,華廈(10層含以下有電梯),住家用,鋼筋混凝土造,,137.52,3,2,2,有,無,9500000,68330,坡道平面,16.05,1200000,,RPPNMLMJLHHGFAI37CB,安徒森,2A2號
嘉義市,房地(土地+建物),嘉義市嘉義市東區信興街78巷,90.0,住,,,1110212,土地1建物1車位0,全,3,透天厝,住家用,鋼筋混凝土造,,185.99,4,2,4,有,無,19580000,105274,,0.0,0,,RPPNMLNJLHHGFAI47CB,三聖九九,A棟1號
嘉義市,房地(土地+建物),嘉義市嘉義市東區信興街78巷,84.0,住,,,1110219,土地1建物1車位0,全,3,透天厝,住家用,鋼筋混凝土造,,181.92,4,2,4,有,無,18600000,102243,,0.0,0,,RPRNMLNJLHHGFAI67CB,三聖九九,B棟3號
嘉義市,房地(土地+建物),嘉義市嘉義市環湖一街,93.21,其他,,,1110228,土地2建物1車位0,全,3,店面(店鋪),住商用,鋼筋混凝土造,,152.57,3,2,4,有,無,9900000,64888,,0.0,0,,RPSNMLNJLHHGFAI77CB,湖美豪棧,B棟6號
嘉義市,房地(土地+建物)+車位,嘉義市嘉義市東區五福街,35.98,住,,,1110219,土地2建物1車位2,六層,7,華廈(10層含以下有電梯),住家用,鋼筋混凝土造,,150.0,3,2,2,有,無,8820000,73774,坡道機械,44.0,1000000,,RPPNMLOJLHHGFAI57CB,森擎集合住宅,6G號
嘉義市,房地(土地+建物)+車位,嘉義市嘉義市東區五福街,41.03,住,,,1110221,土地2建物1車位1,四層,7,華廈(10層含以下有電梯),住家用,鋼筋混凝土造,,148.22,3,2,2,有,無,8990000,67264,坡道機械,22.0,500000,,RPQNMLOJLHHGFAI67CB,森擎集合住宅,4F號
嘉義市,房地(土地+建物),嘉義市嘉義市東區吳鳳南路25巷,134.25,住,,,1110221,土地2建物1車位0,全,4,透天厝,住家用,鋼筋混凝土造,,272.27,5,2,5,有,無,31500000,115694,,0.0,0,,RPRNMLOJLHHGFAI77CB,崇文朗朗NO.3,*棟特5號
嘉義市,房地(土地+建物),嘉義市嘉義市順興五街,108.45,住,,,1110303,土地2建物1車位0,全,4,透天厝,住家用,鋼筋混凝土造,,263.4,4,3,6,有,無,24680000,93698,,0.0,0,,RPPNMLPJLHHGFAI67CB,水無月-璞真,A11號
嘉義市,房地(土地+建物),嘉義市嘉義市興美一街,129.1,住,,,1110222,土地1建物1車位0,全,4,透天厝,住家用,見其他登記事項,,250.06,5,2,4,有,無,18500000,73982,,0.0,0,房屋面積以地政機關登記完竣之面積為準,RPVNMLRJLHHGFAI48CB,御安15期,A3棟0號
嘉義市,房地(土地+建物)+車位,嘉義市嘉義市立仁路60巷,54.94,住,,,1110303,土地1建物1車位1,四層,5,華廈(10層含以下有電梯),住家用,鋼筋混凝土造,,150.75,3,2,2,有,無,11240000,72690,一樓平面,13.73,1280000,,RPWNMLRJLHHGFAI58CB,好人居二期,1棟4A1號
嘉義市,房地(土地+建物),嘉義市嘉義市環湖一街,88.66,其他,,,1110304,土地1建物1車位0,全,3,店面(店鋪),住商用,鋼筋混凝土造,,193.9,3,3,4,有,無,12390000,63899,,0.0,0,,RPTOMLRJLHHGFAI38CB,湖美豪棧,A棟2號
嘉義市,房地(土地+建物)+車位,嘉義市嘉義市宣信街,25.39,住,,,1110227,土地7建物1車位1,十一層,14,住宅大樓(11層含以上有電梯),住家用,鋼筋混凝土造,,155.18,3,2,2,有,無,14100000,97309,坡道平面,23.64,1300000,建物總價內含機車位壹拾萬元整。,RPPNMLSJLHHGFAI97CB,漢昇 築城,H2號
嘉義市,房地(土地+建物)+車位,嘉義市嘉義市宣信街,20.92,住,,,1110223,土地7建物1車位1,八層,14,住宅大樓(11層含以上有電梯),住家用,鋼筋混凝土造,,133.95,3,2,2,有,無,11930000,97838,坡道平面,24.79,1250000,建物總價內含機車位壹拾萬元整。,RPQNMLSJLHHGFAI08CB,漢昇 築城,H5號
嘉義市,房地(土地+建物),嘉義市嘉義市健康五街,31.17,住,,,1110222,土地1建物1車位0,一層,5,華廈(10層含以下有電梯),住家用,鋼筋混凝土造,,84.93,2,2,2,有,無,7500000,88308,,0.0,0,,RPPNMLTJLHHGFAI08CB,鴻海皇苑2,1棟1B號
嘉義市,房地(土地+建物),嘉義市嘉義市健康五街,35.93,住,,,1110225,土地1建物1車位0,四層,5,華廈(10層含以下有電梯),住家用,鋼筋混凝土造,,97.9,3,2,2,有,無,7500000,76609,,0.0,0,,RPQNMLTJLHHGFAI18CB,鴻海皇苑2,1棟4D號
嘉義市,房地(土地+建物),嘉義市嘉義市健康五街,113.91,住,,,1110227,土地1建物1車位0,全,3,透天厝,住家用,鋼筋混凝土造,,190.6,5,3,5,有,無,15290000,80220,,0.0,0,,RPPNMLKKLHHGFAI27CB,拾境,A2棟0號
嘉義市,房地(土地+建物),嘉義市嘉義市健康五街,108.4,住,,,1110305,土地1建物1車位0,全,3,透天厝,住家用,鋼筋混凝土造,,190.6,4,3,3,有,無,15050000,78961,,0.0,0,,RPQNMLKKLHHGFAI37CB,拾境,A3棟0號
嘉義市,房地(土地+建物),嘉義市嘉義市健康二路,107.61,其他,,,1110215,土地2建物1車位0,全,2,店面(店鋪),見其他登記事項,鋼筋混凝土造,,136.2,0,5,2,有,無,10480000,76946,,0.0,0,土地標的清冊中湖子內段湖美小段507-38地號權利範圍19.45/350.14系依契約書所載持分面積換算最終過戶之權利範圍為每戶1/18,RPRNMLKKLHHGFAI47CB,松町5,B棟18號
嘉義市,房地(土地+建物),嘉義市嘉義市健康二路,110.19,其他,,,1110217,土地2建物1車位0,全,2,店面(店鋪),見其他登記事項,鋼筋混凝土造,,135.54,0,5,2,有,無,10380000,76583,,0.0,0,土地標的清冊中湖子內段湖美小段507-38地號權利範圍19.45/350.14系依契約書所載持分面積換算最終過戶之權利範圍為每戶1/18,RPSNMLKKLHHGFAI57CB,松町5,B棟5號
嘉義市,房地(土地+建物)+車位,嘉義市嘉義市彌陀路238巷98弄,36.02,住,,,1110308,土地1建物1車位1,三層,6,華廈(10層含以下有電梯),住家用,鋼筋混凝土造,,124.47,2,2,1,有,無,8300000,72202,坡道平面,24.75,1100000,,RPPNMLLKLHHGFAI37CB,陶世代,A棟3樓B1號
嘉義市,房地(土地+建物)+車位,嘉義市嘉義市東區五福街,31.81,住,,,1110225,土地2建物1車位1,六層,7,華廈(10層含以下有電梯),住家用,鋼筋混凝土造,,118.86,2,2,1,有,無,7400000,72531,坡道平面,32.0,1100000,,RPQNMLLKLHHGFAI47CB,森擎集合住宅,6C號
嘉義市,房地(土地+建物)+車位,嘉義市嘉義市健康12路,39.87,住,,,1110212,土地3建物1車位2,八層,8,華廈(10層含以下有電梯),住家用,見其他登記事項,,189.65,3,2,2,有,無,12300000,74554,坡道平面,56.86,2400000,房屋面積以地政機關登記完竣之面積為準,RPPNMLMKLHHGFAI47CB,御安旺景3,8A2棟0號
嘉義市,房地(土地+建物)+車位,嘉義市嘉義市健康12路,39.87,住,,,1110215,土地3建物1車位2,五層,8,華廈(10層含以下有電梯),住家用,見其他登記事項,,189.65,3,2,2,有,無,11980000,72144,坡道平面,56.86,2400000,房屋面積以地政機關登記完竣之面積為準,RPQNMLMKLHHGFAI57CB,御安旺景3,5A1棟0號
嘉義市,房地(土地+建物)+車位,嘉義市嘉義市健康12路,39.87,住,,,1110219,土地3建物1車位1,七層,8,華廈(10層含以下有電梯),住家用,見其他登記事項,,161.22,3,2,2,有,無,11000000,73801,坡道平面,28.43,1200000,房屋面積以地政機關登記完竣之面積為準,RPRNMLMKLHHGFAI67CB,御安旺景3,7A2棟0號
嘉義市,房地(土地+建物)+車位,嘉義市嘉義市健康12路,39.87,住,,,1110219,土地3建物1車位1,六層,8,華廈(10層含以下有電梯),住家用,見其他登記事項,,161.22,3,2,2,有,無,10880000,72897,坡道平面,28.43,1200000,房屋面積以地政機關登記完竣之面積為準,RPSNMLMKLHHGFAI77CB,御安旺景3,6A2棟0號
嘉義市,房地(土地+建物)+車位,嘉義市嘉義市健康12路,39.87,住,,,1110227,土地3建物1車位1,五層,8,華廈(10層含以下有電梯),住家用,見其他登記事項,,161.22,3,2,2,有,無,10650000,71918,坡道平面,28.43,1100000,房屋面積以地政機關登記完竣之面積為準,RPTNMLMKLHHGFAI87CB,御安旺景3,5A2棟0號
嘉義市,房地(土地+建物)+車位,嘉義市嘉義市健康12路,39.87,住,,,1110226,土地3建物1車位1,六層,8,華廈(10層含以下有電梯),住家用,見其他登記事項,,161.22,3,2,2,有,無,10880000,72897,坡道平面,28.43,1200000,房屋面積以地政機關登記完竣之面積為準,RPUNMLMKLHHGFAI97CB,御安旺景3,6B2棟0號
嘉義市,房地(土地+建物)+車位,嘉義市嘉義市健康十六街,29.7,住,,,1110304,土地2建物1車位1,二層,5,華廈(10層含以下有電梯),住家用,鋼筋混凝土造,,94.44,3,1,2,有,無,7360000,78793,坡道機械,9.28,650000,,RPQNMLOKLHHGFAI77CB,聯儀新天地2「臻愛」,C棟2號
嘉義市,房地(土地+建物),嘉義市嘉義市健康十六街,29.64,住,,,1110228,土地2建物1車位0,三層,5,華廈(10層含以下有電梯),住家用,鋼筋混凝土造,,84.99,3,1,2,有,無,6710000,78950,,0.0,0,,RPRNMLOKLHHGFAI87CB,聯儀新天地2「臻愛」,C棟3號
嘉義市,房地(土地+建物),嘉義市嘉義市環湖一街,100.11,其他,,,1110313,土地2建物1車位0,全,3,店面(店鋪),住商用,鋼筋混凝土造,,152.57,4,2,5,有,無,10720000,70263,,0.0,0,,RPPNMLPKLHHGFAI77CB,湖美豪棧,B棟2號
嘉義市,房地(土地+建物)+車位,嘉義市嘉義市立仁路60巷,39.78,住,,,1110312,土地1建物1車位1,二層,5,華廈(10層含以下有電梯),住家用,鋼筋混凝土造,,112.83,2,2,2,有,無,8420000,72048,一樓平面,13.73,1280000,,RPQNMLPKLHHGFAI87CB,好人居二期,1棟2A2號
嘉義市,房地(土地+建物),嘉義市嘉義市健康二路,110.19,其他,,,1110226,土地2建物1車位0,全,2,店面(店鋪),見其他登記事項,鋼筋混凝土造,,135.54,0,5,2,有,無,10380000,76583,,0.0,0,土地標的清冊中湖子內段湖美小段507-38地號權利範圍19.45/350.14系依契約書所載持分面積換算最終過戶之權利範圍為每戶1/18,RPPNMLQKLHHGFAI87CB,松町5,B棟3號
嘉義市,房地(土地+建物),嘉義市嘉義市健康二路,110.19,其他,,,1110226,土地2建物1車位0,全,2,店面(店鋪),見其他登記事項,鋼筋混凝土造,,135.54,0,5,2,有,無,10380000,76583,,0.0,0,土地標的清冊中湖子內段湖美小段507-38地號權利範圍19.45/350.14系依契約書所載持分面積換算最終過戶之權利範圍為每戶1/18,RPQNMLQKLHHGFAI97CB,松町5,B棟6號
嘉義市,房地(土地+建物),嘉義市嘉義市健康二路,110.24,其他,,,1110227,土地2建物1車位0,全,2,店面(店鋪),見其他登記事項,鋼筋混凝土造,,135.54,0,5,2,有,無,10380000,76583,,0.0,0,土地標的清冊中湖子內段湖美小段507-38地號權利範圍19.45/350.14系依契約書所載持分面積換算最終過戶之權利範圍為每戶1/18,RPRNMLQKLHHGFAI08CB,松町5,B棟13號
嘉義市,房地(土地+建物),嘉義市嘉義市健康二路,105.2,其他,,,1110227,土地2建物1車位0,全,2,店面(店鋪),見其他登記事項,鋼筋混凝土造,,136.5,0,5,2,有,無,10280000,75311,,0.0,0,土地標的清冊中湖子內段湖美小段507-38地號權利範圍19.45/350.14系依契約書所載持分面積換算最終過戶之權利範圍為每戶1/18,RPSNMLQKLHHGFAI18CB,松町5,B棟17號
嘉義市,房地(土地+建物),嘉義市嘉義市健康二路,108.68,其他,,,1110302,土地2建物1車位0,全,2,店面(店鋪),見其他登記事項,鋼筋混凝土造,,135.54,0,5,2,有,無,10280000,75845,,0.0,0,土地標的清冊中湖子內段湖美小段507-38地號權利範圍19.45/350.14系依契約書所載持分面積換算最終過戶之權利範圍為每戶1/18,RPTNMLQKLHHGFAI28CB,松町5,B棟7號
嘉義市,房地(土地+建物),嘉義市嘉義市健康七街與湖美二路口,91.37,住,,,1110227,土地1建物1車位0,全,3,透天厝,住家用,鋼筋混凝土造,,184.46,4,2,4,有,無,14280000,77415,,0.0,0,,RPVNMLQKLHHGFAI48CB,景?8,C棟5號
嘉義市,房地(土地+建物),嘉義市嘉義市健康七街與湖美二路口,286.56,住,,,1110304,土地2建物1車位0,全,4,透天厝,住家用,鋼筋混凝土造,,419.8,3,2,5,有,無,37360000,88995,,0.0,0,原二棟建物第二戶建照執照字號:A110嘉市府都建執字第0000406號後續變更為一戶使用,RPWNMLQKLHHGFAI58CB,景?8,A棟1號
嘉義市,房地(土地+建物)+車位,嘉義市嘉義市健康12路,31.47,住,,,1110228,土地3建物1車位1,六層,8,華廈(10層含以下有電梯),住家用,見其他登記事項,,133.22,2,2,2,有,無,8900000,73480,坡道平面,28.43,1200000,房屋面積以地政機關登記完竣之面積為準,RPPNMLRKLHHGFAI97CB,御安旺景3,6A3棟0號
嘉義市,房地(土地+建物)+車位,嘉義市嘉義市健康12路,39.87,住,,,1110302,土地3建物1車位1,八層,8,華廈(10層含以下有電梯),住家用,見其他登記事項,,161.22,3,2,2,有,無,11080000,74403,坡道平面,28.43,1200000,房屋面積以地政機關登記完竣之面積為準,RPQNMLRKLHHGFAI08CB,御安旺景3,8B2棟0號
嘉義市,房地(土地+建物)+車位,嘉義市嘉義市健康12路,40.07,住,,,1110305,土地3建物1車位2,二層,8,華廈(10層含以下有電梯),住家用,見其他登記事項,,190.31,3,2,2,有,無,11970000,71712,坡道平面,56.86,2400000,房屋面積以地政機關登記完竣之面積為準,RPRNMLRKLHHGFAI18CB,御安旺景3,2A2棟0號
嘉義市,房地(土地+建物)+車位,嘉義市嘉義市健康12路,40.07,住,,,1110305,土地3建物1車位1,二層,8,華廈(10層含以下有電梯),住家用,見其他登記事項,,161.88,3,2,2,有,無,10970000,73211,坡道平面,28.43,1200000,房屋面積以地政機關登記完竣之面積為準,RPSNMLRKLHHGFAI28CB,御安旺景3,2A1棟0號
嘉義市,房地(土地+建物)+車位,嘉義市嘉義市健康12路,31.06,住,,,1110306,土地3建物1車位1,五層,8,華廈(10層含以下有電梯),住家用,見其他登記事項,,131.87,2,2,2,有,無,8650000,72022,坡道平面,28.43,1200000,房屋面積以地政機關登記完竣之面積為準,RPTNMLRKLHHGFAI38CB,御安旺景3,5B5棟0號
嘉義市,房地(土地+建物)+車位,嘉義市嘉義市立仁路60巷,38.65,住,,,1110319,土地1建物1車位1,五層,5,華廈(10層含以下有電梯),住家用,鋼筋混凝土造,,107.18,2,2,2,有,無,8700000,80274,一樓平面,13.75,1200000,,RPPNMLLLLHHGFAI47CB,好人居,1棟5A5號
嘉義市,房地(土地+建物)+車位,嘉義市嘉義市立仁路60巷,54.54,住,,,1110317,土地1建物1車位1,五層,5,華廈(10層含以下有電梯),住家用,鋼筋混凝土造,,149.64,3,2,2,有,無,11230000,73210,一樓平面,13.73,1280000,,RPQNMLLLLHHGFAI57CB,好人居二期,1棟5A1號
嘉義市,房地(土地+建物)+車位,嘉義市嘉義市東區五福街,41.03,住,,,1110228,土地2建物1車位1,六層,7,華廈(10層含以下有電梯),住家用,鋼筋混凝土造,,158.22,3,2,2,有,無,10050000,69720,坡道平面,32.0,1250000,,RPRNMLLLLHHGFAI67CB,森擎集合住宅,6F號
嘉義市,房地(土地+建物)+車位,嘉義市嘉義市忠孝路798巷,26.95,住,,,1110306,土地1建物1車位2,十一層,14,住宅大樓(11層含以上有電梯),住家用,鋼筋混凝土造,,165.81,3,1,2,有,無,10880000,73659,坡道平面,53.4,2600000,,RPPNMLMLLHHGFAI57CB,未來樹,M1棟11F號
嘉義市,房地(土地+建物)+車位,嘉義市嘉義市忠孝路798巷,21.6,住,,,1110306,土地1建物1車位1,二層,14,住宅大樓(11層含以上有電梯),住家用,鋼筋混凝土造,,116.81,2,1,1,有,無,7550000,69915,坡道平面,26.7,1250000,,RPQNMLMLLHHGFAI67CB,未來樹,M6棟2F號
嘉義市,房地(土地+建物)+車位,嘉義市嘉義市忠孝路798巷,23.82,住,,,1110226,土地1建物1車位2,十四層,14,住宅大樓(11層含以上有電梯),住家用,鋼筋混凝土造,,152.72,3,1,2,有,無,9590000,71385,坡道平面,53.4,2500000,,RPRNMLMLLHHGFAI77CB,未來樹,M3棟14F號
嘉義市,房地(土地+建物)+車位,嘉義市嘉義市忠孝路798巷,26.87,住,,,1110226,土地1建物1車位2,十四層,14,住宅大樓(11層含以上有電梯),住家用,鋼筋混凝土造,,165.53,3,1,2,有,無,10510000,71435,坡道平面,53.4,2500000,,RPSNMLMLLHHGFAI87CB,未來樹,M2棟14F號
嘉義市,房地(土地+建物)+車位,嘉義市嘉義市忠孝路798巷,25.4,住,,,1110301,土地1建物1車位1,九層,14,住宅大樓(11層含以上有電梯),住家用,鋼筋混凝土造,,132.64,3,1,2,有,無,8960000,72777,坡道平面,26.7,1250000,,RPTNMLMLLHHGFAI97CB,未來樹,M7棟9F號
嘉義市,房地(土地+建物)+車位,嘉義市嘉義市健康十六街,28.0,住,,,1110304,土地1建物1車位1,四層,5,華廈(10層含以下有電梯),住家用,鋼筋混凝土造,,91.73,2,2,2,有,無,6000000,65409,升降機械,0.0,0,,RPUNMLMLLHHGFAI08CB,流星雨巨蟹座,4K號
嘉義市,房地(土地+建物)+車位,嘉義市嘉義市健康十六街,28.0,住,,,1110306,土地1建物1車位1,五層,5,華廈(10層含以下有電梯),住家用,鋼筋混凝土造,,91.73,2,2,2,有,無,6060000,66063,升降機械,0.0,0,,RPVNMLMLLHHGFAI18CB,流星雨巨蟹座,5K號
嘉義市,房地(土地+建物)+車位,嘉義市嘉義市忠孝路798巷,26.95,住,,,1110226,土地1建物1車位1,九層,14,住宅大樓(11層含以上有電梯),住家用,鋼筋混凝土造,,139.11,3,1,2,有,無,9290000,71079,坡道平面,26.7,1300000,,RPWNMLMLLHHGFAI28CB,未來樹,M1棟9F號
嘉義市,房地(土地+建物)+車位,嘉義市嘉義市彌陀路238巷98弄,27.74,住,,,1110316,土地1建物1車位1,一層,6,華廈(10層含以下有電梯),住家用,鋼筋混凝土造,,101.56,2,1,1,有,無,7000000,76813,坡道平面,24.75,1100000,,RPOOMLMLLHHGFAI57CB,陶世代,A棟1樓E1號
嘉義市,房地(土地+建物)+車位,嘉義市嘉義市健康12路,39.87,住,,,1110319,土地3建物1車位1,七層,8,華廈(10層含以下有電梯),住家用,見其他登記事項,,161.22,3,2,2,有,無,10980000,73650,坡道平面,28.43,1200000,房屋面積以地政機關登記完竣之面積為準,RPPNMLNLLHHGFAI67CB,御安旺景3,7B2棟0號
嘉義市,房地(土地+建物)+車位,嘉義市嘉義市宣信街,25.39,住,,,1110312,土地7建物1車位1,十三層,14,住宅大樓(11層含以上有電梯),住家用,鋼筋混凝土造,,155.18,3,2,2,有,無,14450000,99970,坡道平面,23.64,1300000,建物總價內含機車位壹拾萬元整,RPQNMLOLLHHGFAI87CB,漢昇 築城,H棟H1號
嘉義市,房地(土地+建物),嘉義市嘉義市順興五街,108.45,住,,,1110318,土地2建物1車位0,全,4,透天厝,住家用,鋼筋混凝土造,,263.86,5,3,6,有,無,24680000,93534,,0.0,0,,RPPNMLRLLHHGFAI08CB,水無月-璞真,A2號
嘉義市,房地(土地+建物),嘉義市嘉義市順興五街,93.14,住,,,1110322,土地2建物1車位0,全,4,透天厝,住家用,鋼筋混凝土造,,228.15,5,3,6,有,無,21000000,92045,,0.0,0,,RPQNMLRLLHHGFAI18CB,水無月-璞真,A10號
嘉義市,房地(土地+建物)+車位,嘉義市嘉義市吳鳳南路521巷,37.88,住,,,1110226,土地1建物1車位1,二層,5,華廈(10層含以下有電梯),住家用,鋼筋混凝土造,,108.91,2,2,2,有,無,8000000,71459,一樓平面,13.75,1200000,,RPPNMLSLLHHGFAI18CB,敦南苑,B棟2B1號
嘉義市,房地(土地+建物)+車位,嘉義市嘉義市健康七街,35.54,住,,,1110327,土地1建物1車位1,七層,10,華廈(10層含以下有電梯),住家用,鋼筋混凝土造,,130.59,2,2,2,有,無,9390000,83966,坡道平面,33.05,1200000,結構加裝EPS隔震系統採用YKK AP日系品牌頂級水氣密窗,RPQNMLSLLHHGFAI28CB,湖美山河,A棟7A1號
嘉義市,房地(土地+建物)+車位,嘉義市嘉義市立仁路60巷,46.38,住,,,1110326,土地1建物1車位1,二層,5,華廈(10層含以下有電梯),住家用,鋼筋混凝土造,,129.32,3,2,2,有,無,9500000,71113,一樓平面,13.73,1280000,,RPRNMLSLLHHGFAI38CB,好人居二期,1棟2A5號
嘉義市,房地(土地+建物)+車位,嘉義市嘉義市健康七街,65.84,住,,,1110319,土地1建物1車位1,八層,10,華廈(10層含以下有電梯),住家用,鋼筋混凝土造,,211.1,4,2,2,有,無,16800000,87616,坡道平面,33.05,1200000,結構加裝EPS隔震系統採用YKK AP日系品牌頂級水氣密窗,RPSNMLSLLHHGFAI48CB,湖美山河,A棟8A2號
嘉義市,房地(土地+建物)+車位,嘉義市嘉義市健康七街,47.66,住,,,1110314,土地1建物1車位1,四層,10,華廈(10層含以下有電梯),住家用,鋼筋混凝土造,,163.6,3,2,2,有,無,11880000,81808,坡道平面,33.05,1200000,結構加裝EPS隔震系統採用YKK AP日系品牌頂級水氣密窗,RPTNMLSLLHHGFAI58CB,湖美山河,A棟4A2號
嘉義市,房地(土地+建物)+車位,嘉義市嘉義市健康七街,32.26,住,,,1110320,土地1建物1車位1,八層,10,華廈(10層含以下有電梯),住家用,鋼筋混凝土造,,120.33,2,2,2,有,無,8620000,85014,坡道平面,33.05,1200000,結構加裝EPS隔震系統採用YKK AP日系品牌頂級水氣密窗,RPUNMLSLLHHGFAI68CB,湖美山河,A棟8A3號
嘉義市,房地(土地+建物)+車位,嘉義市嘉義市健康12路,30.09,住,,,1110320,土地3建物1車位1,五層,8,華廈(10層含以下有電梯),住家用,見其他登記事項,,128.64,2,2,2,有,無,8310000,70951,坡道平面,28.43,1200000,房屋面積以地政機關登記完竣之面積為準,RPVNMLSLLHHGFAI78CB,御安旺景3,5B3棟0號
嘉義市,房地(土地+建物)+車位,嘉義市嘉義市健康七街,35.7,住,,,1110322,土地1建物1車位1,五層,10,華廈(10層含以下有電梯),住家用,鋼筋混凝土造,,130.85,2,2,2,有,無,9250000,82311,坡道平面,33.05,1200000,結構加裝EPS隔震系統採用YKK AP日系品牌頂級水氣密窗,RPWNMLSLLHHGFAI88CB,湖美山河,A棟5A1號
嘉義市,房地(土地+建物)+車位,嘉義市嘉義市忠孝路798巷,23.82,住,,,1110309,土地1建物1車位1,六層,14,住宅大樓(11層含以上有電梯),住家用,鋼筋混凝土造,,124.06,3,1,2,有,無,8200000,70479,坡道平面,24.74,1200000,,RPXNMLSLLHHGFAI98CB,未來樹,M3棟6F號
嘉義市,房地(土地+建物)+車位,嘉義市嘉義市健康12路,39.87,住,,,1110321,土地3建物1車位1,三層,8,華廈(10層含以下有電梯),住家用,見其他登記事項,,161.22,3,2,2,有,無,10480000,69885,坡道平面,28.43,1200000,房屋面積以地政機關登俊完竣之面積為準,RPPOMLSLLHHGFAI28CB,御安旺景3,3B2棟0號
嘉義市,房地(土地+建物),嘉義市嘉義市嘉義市竹村段411-5地號,96.22,住,,,1110311,土地4建物1車位0,四層,4,公寓(5樓含以下無電梯),住家用,鋼筋混凝土造,,96.22,3,2,4,有,無,10900000,113282,,0.0,0,,RPQNMLTLLHHGFAI38CB,大川晴境,B3棟411-5號
嘉義市,房地(土地+建物)+車位,嘉義市嘉義市宣信街,20.92,住,,,1110311,土地7建物1車位1,十層,14,住宅大樓(11層含以上有電梯),住家用,鋼筋混凝土造,,132.8,3,2,2,有,無,12200000,99853,坡道平面,23.64,1300000,建物總價內含機車位1位，10萬元整,RPRNMLTLLHHGFAI48CB,漢昇 築城,H棟H3號
嘉義市,房地(土地+建物),嘉義市嘉義市忠孝路798巷,23.82,住,,,1110302,土地1建物1車位0,八層,14,住宅大樓(11層含以上有電梯),住家用,鋼筋混凝土造,,99.32,3,1,2,有,無,7060000,71083,,0.0,0,,RPSNMLTLLHHGFAI58CB,未來樹,M3棟8F號
嘉義市,房地(土地+建物)+車位,嘉義市嘉義市忠孝路798巷,23.82,住,,,1110320,土地1建物1車位1,九層,14,住宅大樓(11層含以上有電梯),住家用,鋼筋混凝土造,,126.02,3,1,2,有,無,8460000,72594,坡道平面,26.7,1250000,,RPTNMLTLLHHGFAI68CB,未來樹,M3棟9F號
嘉義市,房地(土地+建物),嘉義市嘉義市東區立仁路,131.75,住,,,1110326,土地3建物1車位0,全,3,透天厝,住家用,鋼筋混凝土造,,237.98,5,3,5,有,無,18000000,75637,,0.0,0,,RPUNMLTLLHHGFAI78CB,金石鉑克萊,B棟3號
嘉義市,房地(土地+建物),嘉義市嘉義市竹子腳路,98.62,住,,,1110308,土地2建物1車位0,全,3,透天厝,住家用,鋼筋混凝土造,,201.62,4,3,3,有,無,12280000,60907,,0.0,0,,RPRNMLKMLHHGFAI67CB,轉運讚,A棟5號
嘉義市,房地(土地+建物)+車位,嘉義市嘉義市東區五福街,39.79,住,,,1110319,土地2建物1車位1,二層,7,華廈(10層含以下有電梯),住家用,鋼筋混凝土造,,154.51,3,2,2,有,無,9250000,66117,坡道平面,32.0,1150000,,RPPNMLLMLHHGFAI57CB,森擎集合住宅,2H號
嘉義市,房地(土地+建物)+車位,嘉義市嘉義市東區五福街,37.74,住,,,1110319,土地2建物1車位1,七層,7,華廈(10層含以下有電梯),住家用,鋼筋混凝土造,,147.03,3,2,2,有,無,9420000,71894,坡道平面,32.0,1150000,,RPQNMLLMLHHGFAI67CB,森擎集合住宅,7B號
嘉義市,房地(土地+建物)+車位,嘉義市嘉義市東區五福街,31.83,住,,,1110319,土地2建物1車位1,三層,7,華廈(10層含以下有電梯),住家用,鋼筋混凝土造,,108.93,2,2,1,有,無,6800000,71322,坡道機械,22.0,600000,,RPRNMLLMLHHGFAI77CB,森擎集合住宅,3C號
嘉義市,房地(土地+建物),嘉義市嘉義市西區竹圍路,9.01,商,,,1110311,土地3建物1車位0,三層,12,住宅大樓(11層含以上有電梯),住家用,鋼筋混凝土造,,49.91,1,1,1,有,無,3800000,76137,,0.0,0,,RPPNMLLJMHHGFAI37CB,湛然天玉,B棟5號
嘉義市,房地(土地+建物),嘉義市嘉義市大統路,150.66,住,,,1110401,土地3建物1車位0,全,4,透天厝,住家用,鋼筋混凝土造,,335.92,4,3,5,有,無,29980000,89247,,0.0,0,,RPQNMLLJMHHGFAI47CB,金石成大砌,E棟8號
嘉義市,房地(土地+建物),嘉義市嘉義市健康二路,110.24,其他,,,1110308,土地2建物1車位0,全,2,店面(店鋪),見其他登記事項,鋼筋混凝土造,,135.54,0,5,2,有,無,10380000,76583,,0.0,0,土地標的清冊中湖子內段湖美小段507-38地號權利範圍19.45/350.14系依契約書所載持分面積換算最終過戶之權利範圍為每戶1/18,RPRNMLLJMHHGFAI57CB,松町5,B棟15號
嘉義市,房地(土地+建物),嘉義市嘉義市健康二路,111.87,其他,,,1110309,土地2建物1車位0,全,2,店面(店鋪),見其他登記事項,鋼筋混凝土造,,137.52,0,5,2,有,無,10480000,76207,,0.0,0,土地標的清冊中湖子內段湖美小段507-38地號權利範圍19.45/350.14系依契約書所載持分面積換算最終過戶之權利範圍為每戶1/18,RPSNMLLJMHHGFAI67CB,松町5,B棟1號
嘉義市,房地(土地+建物),嘉義市嘉義市健康二路,111.93,其他,,,1110315,土地2建物1車位0,全,2,店面(店鋪),見其他登記事項,鋼筋混凝土造,,137.19,0,5,2,有,無,10480000,76390,,0.0,0,土地標的清冊中湖子內段湖美小段507-38地號權利範圍19.45/350.14系依契約書所載持分面積換算最終過戶之權利範圍為每戶1/18,RPTNMLLJMHHGFAI77CB,松町5,B棟10號
嘉義市,房地(土地+建物)+車位,嘉義市嘉義市東區五福街,30.53,住,,,1110319,土地2建物1車位1,一層,7,華廈(10層含以下有電梯),住家用,鋼筋混凝土造,,113.64,2,2,1,有,無,7300000,74106,坡道平面,32.0,1250000,,RPWNMLLJMHHGFAI08CB,森擎集合住宅,1C號
嘉義市,房地(土地+建物)+車位,嘉義市嘉義市東區五福街,35.98,住,,,1110320,土地2建物1車位1,三層,7,華廈(10層含以下有電梯),住家用,鋼筋混凝土造,,138.0,3,2,2,有,無,8560000,69906,坡道平面,32.0,1150000,,RPXNMLLJMHHGFAI18CB,森擎集合住宅,3G號
嘉義市,房地(土地+建物)+車位,嘉義市嘉義市東區五福街,35.98,住,,,1110321,土地2建物1車位1,四層,7,華廈(10層含以下有電梯),住家用,鋼筋混凝土造,,138.0,3,2,2,有,無,8610000,70377,坡道平面,32.0,1150000,,RPPOMLLJMHHGFAI47CB,森擎集合住宅,4G號
嘉義市,房地(土地+建物),嘉義市嘉義市大統路,110.95,住,,,1110402,土地3建物1車位0,全,4,透天厝,住家用,鋼筋混凝土造,,234.83,4,3,5,有,無,20880000,88915,,0.0,0,,RPPNMLPJMHHGFAI77CB,金石成大砌,B棟22號
嘉義市,房地(土地+建物)+車位,嘉義市嘉義市立仁路60巷,56.51,住,,,1110402,土地1建物1車位1,二層,5,華廈(10層含以下有電梯),住家用,鋼筋混凝土造,,154.57,3,2,2,有,無,11280000,71003,一樓平面,13.73,1280000,,RPSNMLQJMHHGFAI18CB,好人居二期,1棟2A1號
嘉義市,房地(土地+建物)+車位,嘉義市嘉義市宣信街,27.07,住,,,1110402,土地7建物1車位1,一層+二層,14,住宅大樓(11層含以上有電梯),見其他登記事項,鋼筋混凝土造,,163.61,0,0,0,無,無,19300000,129313,坡道平面,23.64,1200000,建物總價含機車位10萬。,RPPNMLRJMHHGFAI97CB,漢昇 築城,H棟T1號
嘉義市,房地(土地+建物)+車位,嘉義市嘉義市宣信街,25.39,住,,,1110402,土地7建物1車位1,八層,14,住宅大樓(11層含以上有電梯),住家用,鋼筋混凝土造,,155.18,3,2,2,有,無,13300000,91987,坡道平面,23.64,1200000,建物總價內含機車位10萬。,RPQNMLRJMHHGFAI08CB,漢昇 築城,H棟H2號
嘉義市,房地(土地+建物)+車位,嘉義市嘉義市宣信街,20.92,住,,,1110401,土地7建物1車位1,十一層,14,住宅大樓(11層含以上有電梯),住家用,鋼筋混凝土造,,128.83,3,2,2,有,無,12600000,107425,坡道平面,23.64,1300000,,RPRNMLRJMHHGFAI18CB,漢昇 築城,H棟H5號
嘉義市,房地(土地+建物)+車位,嘉義市嘉義市宣信街,25.39,住,,,1110403,土地7建物1車位1,十四層,14,住宅大樓(11層含以上有電梯),住家用,鋼筋混凝土造,,156.33,3,2,2,有,無,15050000,103391,坡道平面,24.79,1450000,建物總計內含機車位10萬元。,RPSNMLRJMHHGFAI28CB,漢昇 築城,H棟H1號
嘉義市,房地(土地+建物)+車位,嘉義市嘉義市宣信街,26.68,住,,,1110326,土地7建物1車位1,一層+二層,14,住宅大樓(11層含以上有電梯),見其他登記事項,鋼筋混凝土造,,157.69,0,0,0,無,無,19920000,138157,坡道平面,23.64,1400000,,RPTNMLRJMHHGFAI38CB,漢昇 築城,H棟T6號
嘉義市,房地(土地+建物)+車位,嘉義市嘉義市宣信街,20.92,住,,,1110330,土地7建物1車位1,七層,14,住宅大樓(11層含以上有電梯),住家用,鋼筋混凝土造,,124.2,3,2,2,有,無,11600000,99395,坡道機械,15.04,750000,建物總價內含機車位10萬元。,RPUNMLRJMHHGFAI48CB,漢昇 築城,H棟H5號
嘉義市,房地(土地+建物)+車位,嘉義市嘉義市健康12路,40.07,住,,,1110324,土地3建物1車位1,二層,8,華廈(10層含以下有電梯),住家用,見其他登記事項,,161.88,3,2,2,有,無,10970000,73211,坡道平面,28.43,1200000,房屋面積以地政機關登記完竣之面積為準,RPVNMLRJMHHGFAI58CB,御安旺景3,2C1棟0號
嘉義市,房地(土地+建物),嘉義市嘉義市竹子腳路,98.68,住,,,1110302,土地2建物1車位0,全,3,透天厝,住家用,鋼筋混凝土造,,201.62,4,3,3,有,無,12280000,60907,,0.0,0,,RPRNMLSJMHHGFAI28CB,轉運讚,A棟6號
嘉義市,房地(土地+建物),嘉義市嘉義市順興五街,203.78,住,,,1110408,土地2建物1車位0,全,4,透天厝,住家用,鋼筋混凝土造,,282.58,6,2,6,有,無,31880000,112818,,0.0,0,,RPQNMLKKMHHGFAI47CB,水無月-璞真,A1號
嘉義市,房地(土地+建物)+車位,嘉義市嘉義市立仁路60巷,39.78,住,,,1110409,土地1建物1車位1,二層,5,華廈(10層含以下有電梯),住家用,鋼筋混凝土造,,112.83,2,2,2,有,無,8350000,71342,一樓平面,13.73,1280000,,RPPNMLLKMHHGFAI47CB,好人居二期,1棟2B3號
嘉義市,房地(土地+建物)+車位,嘉義市嘉義市東區五福街,45.37,住,,,1110327,土地2建物1車位1,六層,7,華廈(10層含以下有電梯),住家用,鋼筋混凝土造,,179.58,3,2,2,有,無,11150000,68099,坡道平面,32.0,1100000,,RPQNMLLKMHHGFAI57CB,森擎集合住宅,6E號
嘉義市,房地(土地+建物)+車位,嘉義市嘉義市民生南路,34.01,住,,,1110408,土地9建物1車位1,十層,14,住宅大樓(11層含以上有電梯),住家用,鋼筋混凝土造,,110.07,2,2,1,有,無,8980000,80772,坡道平面,13.75,1200000,,RPRNMLLKMHHGFAI67CB,金石龍悅,A棟7號
嘉義市,房地(土地+建物)+車位,嘉義市嘉義市健康12路,40.07,住,,,1110325,土地3建物1車位1,二層,8,華廈(10層含以下有電梯),住家用,見其他登記事項,,161.88,3,2,2,有,無,10970000,73211,坡道平面,28.43,1200000,房屋面積以地政機關登記完竣之面積為準,RPPNMLMKMHHGFAI57CB,御安旺景3,2B1棟0號
嘉義市,房地(土地+建物)+車位,嘉義市嘉義市健康12路,40.07,住,,,1110325,土地3建物1車位1,二層,8,華廈(10層含以下有電梯),住家用,見其他登記事項,,161.88,3,2,2,有,無,10970000,73211,坡道平面,28.43,1200000,房屋面積以地政機關登記完竣之面積為準,RPQNMLMKMHHGFAI67CB,御安旺景3,2B2棟0號
嘉義市,房地(土地+建物)+車位,嘉義市嘉義市西區竹圍路,11.06,商,,,1110328,土地3建物1車位1,七層,12,住宅大樓(11層含以上有電梯),住家用,鋼筋混凝土造,,89.25,1,1,1,有,無,5680000,73421,坡道平面,27.96,1180000,,RPRNMLMKMHHGFAI77CB,湛然天玉,D棟1號
嘉義市,房地(土地+建物)+車位,嘉義市嘉義市西區竹圍路,17.68,商,,,1110328,土地3建物1車位1,八層,12,住宅大樓(11層含以上有電梯),住家用,鋼筋混凝土造,,127.77,2,1,1,有,無,8900000,77147,坡道平面,27.96,1200000,,RPPNMLNKMHHGFAI67CB,湛然天玉,B3棟3-1號
嘉義市,房地(土地+建物)+車位,嘉義市嘉義市彌陀路238巷98弄,36.02,住,,,1110410,土地1建物1車位1,四層,6,華廈(10層含以下有電梯),住家用,鋼筋混凝土造,,124.29,2,1,1,有,無,8180000,71127,坡道平面,24.75,1100000,,RPRNMLNKMHHGFAI87CB,陶世代,A棟4樓B1號
嘉義市,房地(土地+建物),嘉義市嘉義市東區信興街78巷,179.0,住,,,1110322,土地2建物2車位0,全,3,透天厝,住家用,鋼筋混凝土造,,393.58,6,2,7,有,無,39880000,101326,,0.0,0,本筆實價登錄為2戶，未來預計合併一戶使用。B1建照執照字號：A 110 嘉市府都建執字第0000548號B2建照執照字號：A 110 嘉市府都建執字第0000549號,RPQNMLOKMHHGFAI87CB,三聖九九,B棟1號
嘉義市,房地(土地+建物),嘉義市嘉義市健康二路,89.96,其他,,,1110321,土地1建物1車位0,全,3,店面(店鋪),見其他登記事項,鋼筋混凝土造,,196.69,0,5,5,有,無,14980000,76160,,0.0,0,,RPPNMLPKMHHGFAI87CB,松町5,A棟7號
嘉義市,房地(土地+建物),嘉義市嘉義市健康二路,89.96,其他,,,1110320,土地1建物1車位0,全,3,店面(店鋪),見其他登記事項,鋼筋混凝土造,,196.69,0,5,5,有,無,14980000,76160,,0.0,0,,RPQNMLPKMHHGFAI97CB,松町5,A棟8號
嘉義市,房地(土地+建物),嘉義市嘉義市健康二路,91.1,其他,,,1110320,土地1建物1車位0,全,3,店面(店鋪),見其他登記事項,鋼筋混凝土造,,194.38,0,5,5,有,無,14980000,77066,,0.0,0,,RPRNMLPKMHHGFAI08CB,松町5,A棟9號
嘉義市,房地(土地+建物),嘉義市嘉義市健康二路,105.16,其他,,,1110318,土地2建物1車位0,全,2,店面(店鋪),見其他登記事項,鋼筋混凝土造,,136.53,0,5,2,有,無,10280000,75295,,0.0,0,土地標的清冊中湖子內段湖美小段507-38地號權利範圍19.45/350.14系依契約書所載持分面積換算最終過戶之權利範圍為每戶1/18,RPTNMLPKMHHGFAI28CB,松町5,B棟8號
嘉義市,房地(土地+建物),嘉義市嘉義市順興五街,108.45,住,,,1110416,土地2建物1車位0,全,4,透天厝,住家用,鋼筋混凝土造,,263.4,5,3,6,有,無,24780000,94077,,0.0,0,,RPPNMLQKMHHGFAI97CB,水無月-璞真,A12號
嘉義市,房地(土地+建物),嘉義市嘉義市下埤路53巷,99.91,住,,,1110416,土地2建物1車位0,全,3,透天厝,住家用,鋼筋混凝土造,,176.31,4,2,5,有,無,9500000,53882,,0.0,0,,RPPNMLRKMHHGFAI08CB,覓境,B棟4號
嘉義市,房地(土地+建物),嘉義市嘉義市大統路,108.95,住,,,1110414,土地3建物1車位0,全,4,透天厝,住家用,鋼筋混凝土造,,237.81,4,3,5,有,無,20980000,88222,,0.0,0,,RPQNMLRKMHHGFAI18CB,金石成大砌,D棟10號
嘉義市,房地(土地+建物)+車位,嘉義市嘉義市健康12路,39.87,住,,,1110331,土地3建物1車位1,六層,8,華廈(10層含以下有電梯),住家用,見其他登記事項,,161.22,3,2,2,有,無,10900000,73048,坡道平面,28.43,1200000,房屋面積以地政機關登記完竣之面積為準,RPPNMLSKMHHGFAI18CB,御安旺景3,6B1棟0號
嘉義市,房地(土地+建物)+車位,嘉義市嘉義市健康12路,39.87,住,,,1110331,土地3建物1車位1,七層,8,華廈(10層含以下有電梯),住家用,見其他登記事項,,161.22,3,2,2,有,無,11000000,73801,坡道平面,28.43,1200000,房屋面積以地政機關登記完竣之面積為準,RPRNMLSKMHHGFAI38CB,御安旺景3,7B1棟0號
嘉義市,房地(土地+建物),嘉義市嘉義市環湖二街,97.97,其他,,,1110320,土地1建物1車位0,全,3,店面(店鋪),住商用,鋼筋混凝土造,,167.91,3,2,3,有,無,11800000,70276,,0.0,0,,RPTNMLSKMHHGFAI58CB,泰祐/直木賞NO.8,G棟1號
嘉義市,房地(土地+建物),嘉義市嘉義市興美三街57號對面,97.47,住,,,1110324,土地1建物1車位0,全,3,透天厝,住家用,鋼筋混凝土造,,174.28,3,2,3,有,無,16500000,94675,,0.0,0,,RPOOMLSKMHHGFAI18CB,興達帝寶第十五期,B棟5號
嘉義市,房地(土地+建物),嘉義市嘉義市興美三街57號對面,94.14,住,,,1110402,土地1建物1車位0,全,3,透天厝,住家用,鋼筋混凝土造,,174.11,4,2,3,有,無,16500000,94768,,0.0,0,,RPPOMLSKMHHGFAI28CB,興達帝寶第十五期,B棟2號
嘉義市,房地(土地+建物)+車位,嘉義市嘉義市立仁路60巷,56.51,住,,,1110416,土地1建物1車位1,二層,5,華廈(10層含以下有電梯),住家用,鋼筋混凝土造,,154.57,3,2,2,有,無,11300000,71145,一樓平面,13.73,1280000,,RPQOMLSKMHHGFAI38CB,好人居二期,1棟2B5號
嘉義市,房地(土地+建物),嘉義市嘉義市環湖二街,76.18,其他,,,1110406,土地1建物1車位0,全,3,店面(店鋪),住商用,鋼筋混凝土造,,153.8,3,2,4,有,無,9800000,63719,,0.0,0,,RPRNMLTKMHHGFAI48CB,泰祐/直木賞NO.8,C棟1號
嘉義市,房地(土地+建物),嘉義市嘉義市環湖二街,73.53,其他,,,1110325,土地1建物1車位0,全,3,店面(店鋪),住商用,鋼筋混凝土造,,164.6,3,2,4,有,無,10200000,61968,,0.0,0,,RPQNMLKLMHHGFAI57CB,泰祐/直木賞NO.8,E棟1號
嘉義市,房地(土地+建物),嘉義市嘉義市東區五福街,146.52,住,,,1110403,土地2建物1車位0,一至四層,7,華廈(10層含以下有電梯),住家用,鋼筋混凝土造,,281.86,5,2,5,有,無,21380000,75853,,0.0,0,,RPSNMLKLMHHGFAI77CB,森擎集合住宅,B1號
嘉義市,房地(土地+建物),嘉義市嘉義市平等街150巷2弄,74.0,住,,,1110408,土地1建物1車位0,全,4,透天厝,住家用,鋼筋混凝土造,,207.91,3,2,5,有,無,15100000,72628,,0.0,0,,RPTNMLKLMHHGFAI87CB,靜好,A5號
嘉義市,房地(土地+建物),嘉義市嘉義市健康二路,108.73,其他,,,1110217,土地2建物1車位0,全,2,店面(店鋪),見其他登記事項,鋼筋混凝土造,,135.54,0,5,2,有,無,10280000,75845,,0.0,0,1、湖子內段湖美小段507-38地號權利範圍依契約書所載持分面積換算之權利範圍為每戶1/182、原序號B1IA11102230003撤銷重報補齊預售屋資訊備查序號,RPQOMLKLMHHGFAI67CB,松町5,B棟16號
嘉義市,房地(土地+建物),嘉義市嘉義市健康二路,107.61,其他,,,1110215,土地2建物1車位0,全,2,店面(店鋪),見其他登記事項,鋼筋混凝土造,,136.2,0,5,2,有,無,10480000,76946,,0.0,0,1、湖子內段湖美小段507-38地號權利範圍依契約書所載持分面積換算之權利範圍為每戶1/182、原序號B1IA11103100003撤銷重報補齊預售屋資訊備查序號,RPROMLKLMHHGFAI77CB,松町5,B棟18號
嘉義市,房地(土地+建物),嘉義市嘉義市健康二路,110.19,其他,,,1110217,土地2建物1車位0,全,2,店面(店鋪),見其他登記事項,鋼筋混凝土造,,135.54,0,5,2,有,無,10380000,76583,,0.0,0,1、湖子內段湖美小段507-38地號權利範圍依契約書所載持分面積換算之權利範圍為每戶1/182、原序號B1IA11103100004撤銷重報補齊預售屋資訊備查序號,RPSOMLKLMHHGFAI87CB,松町5,B棟5號
嘉義市,房地(土地+建物),嘉義市嘉義市健康二路,110.19,其他,,,1110226,土地2建物1車位0,全,2,店面(店鋪),見其他登記事項,鋼筋混凝土造,,135.54,0,5,2,有,無,10380000,76583,,0.0,0,1、湖子內段湖美小段507-38地號權利範圍依契約書所載持分面積換算之權利範圍為每戶1/182、原序號B1IA11103160001撤銷重報補齊預售屋資訊備查序號,RPTOMLKLMHHGFAI97CB,松町5,B棟3號
嘉義市,房地(土地+建物),嘉義市嘉義市健康二路,110.19,其他,,,1110226,土地2建物1車位0,全,2,店面(店鋪),見其他登記事項,鋼筋混凝土造,,135.54,0,5,2,有,無,10380000,76583,,0.0,0,1、湖子內段湖美小段507-38地號權利範圍依契約書所載持分面積換算之權利範圍為每戶1/182、原序號B1IA11103160002撤銷重報補齊預售屋資訊備查序號,RPUOMLKLMHHGFAI08CB,松町5,B棟6號
嘉義市,房地(土地+建物),嘉義市嘉義市健康二路,110.24,其他,,,1110227,土地2建物1車位0,全,2,店面(店鋪),見其他登記事項,鋼筋混凝土造,,135.54,0,5,2,有,無,10380000,76583,,0.0,0,1、湖子內段湖美小段507-38地號權利範圍依契約書所載持分面積換算之權利範圍為每戶1/182、原序號B1IA11103160003撤銷重報補齊預售屋資訊備查序號,RPVOMLKLMHHGFAI18CB,松町5,B棟13號
嘉義市,房地(土地+建物),嘉義市嘉義市健康二路,105.2,其他,,,1110227,土地2建物1車位0,全,2,店面(店鋪),見其他登記事項,鋼筋混凝土造,,136.5,0,5,2,有,無,10280000,75311,,0.0,0,1、湖子內段湖美小段507-38地號權利範圍依契約書所載持分面積換算之權利範圍為每戶1/182、原序號B1IA11103160004撤銷重報補齊預售屋資訊備查序號,RPWOMLKLMHHGFAI28CB,松町5,B棟17號
嘉義市,房地(土地+建物),嘉義市嘉義市健康二路,111.87,其他,,,1110309,土地2建物1車位0,全,2,店面(店鋪),見其他登記事項,鋼筋混凝土造,,137.52,0,5,2,有,無,10480000,76207,,0.0,0,1、湖子內段湖美小段507-38地號權利範圍依契約書所載持分面積換算之權利範圍為每戶1/182、原序號B1IA11104010004撤銷重報補齊預售屋資訊備查序號,RPPPMLKLMHHGFAI67CB,松町5,B棟1號
嘉義市,房地(土地+建物),嘉義市嘉義市健康二路,110.24,其他,,,1110308,土地2建物1車位0,全,2,店面(店鋪),見其他登記事項,鋼筋混凝土造,,135.54,0,5,2,有,無,10380000,76583,,0.0,0,1、湖子內段湖美小段507-38地號權利範圍依契約書所載持分面積換算之權利範圍為每戶1/182、原序號B1IA11104010003撤銷重報補齊預售屋資訊備查序號,RPQPMLKLMHHGFAI77CB,松町5,B棟15號
嘉義市,房地(土地+建物),嘉義市嘉義市健康二路,111.93,其他,,,1110315,土地2建物1車位0,全,2,店面(店鋪),見其他登記事項,鋼筋混凝土造,,137.19,0,5,2,有,無,10480000,76390,,0.0,0,1、湖子內段湖美小段507-38地號權利範圍依契約書所載持分面積換算之權利範圍為每戶1/182、原序號B1IA11104010005撤銷重報補齊預售屋資訊備查序號,RPRPMLKLMHHGFAI87CB,松町5,B棟10號
嘉義市,房地(土地+建物),嘉義市嘉義市健康二路,108.68,其他,,,1110302,土地2建物1車位0,全,2,店面(店鋪),見其他登記事項,鋼筋混凝土造,,135.54,0,5,2,有,無,10280000,75845,,0.0,0,1、湖子內段湖美小段507-38地號權利範圍依契約書所載持分面積換算之權利範圍為每戶1/182、原序號B1IA11103160005撤銷重報補齊預售屋資訊備查序號,RPSPMLKLMHHGFAI97CB,松町5,B棟7號
嘉義市,房地(土地+建物),嘉義市嘉義市健康五街,36.41,住,,,1110416,土地1建物1車位0,四層,5,華廈(10層含以下有電梯),住家用,鋼筋混凝土造,,99.19,3,2,2,有,無,7680000,77427,,0.0,0,,RPPNMLMLMHHGFAI67CB,鴻海皇苑2,1棟4A號
嘉義市,房地(土地+建物)+車位,嘉義市嘉義市健康12路,39.87,住,,,1110321,土地3建物1車位1,三層,8,華廈(10層含以下有電梯),住家用,見其他登記事項,,161.22,3,2,2,有,無,10480000,69885,坡道平面,28.43,1200000,1房屋面積以地政機關登記完竣之面積為準                       2原申報序號B1IA11103280010  撤銷作廢重新申報    原申報交易110/3/21改為111/3/21,RPQNMLMLMHHGFAI77CB,御安旺景3,3C2棟0號
嘉義市,房地(土地+建物),嘉義市嘉義市環湖一街,126.76,其他,,,1110422,土地2建物1車位0,全,3,店面(店鋪),住商用,鋼筋混凝土造,,226.31,4,3,5,有,無,15080000,66634,,0.0,0,,RPRNMLMLMHHGFAI87CB,湖美豪棧,A棟3號
嘉義市,房地(土地+建物),嘉義市嘉義市東區吳鳳南路37巷,72.61,住,,,1110418,土地1建物1車位0,全,4,透天厝,住家用,鋼筋混凝土造,,270.12,4,2,5,有,無,23300000,86258,,0.0,0,,RPPNMLPLMHHGFAI97CB,崇文朗朗NO.3,*棟A3號
嘉義市,房地(土地+建物),嘉義市嘉義市平等街150巷2弄,74.0,住,,,1110423,土地1建物1車位0,全,4,透天厝,住家用,鋼筋混凝土造,,200.79,3,2,5,有,無,14980000,74605,,0.0,0,,RPQNMLPLMHHGFAI08CB,靜好,A3號
嘉義市,房地(土地+建物),嘉義市嘉義市環湖一街,91.22,其他,,,1110425,土地1建物1車位0,全,3,店面(店鋪),住商用,鋼筋混凝土造,,193.25,4,3,5,有,無,13750000,71151,,0.0,0,,RPRNMLPLMHHGFAI18CB,湖美豪棧,A棟7號
嘉義市,房地(土地+建物)+車位,嘉義市嘉義市宣信街,20.92,住,,,1110411,土地1建物1車位1,十一層,14,住宅大樓(11層含以上有電梯),住家用,鋼筋混凝土造,,128.83,3,2,2,有,無,12600000,107425,坡道平面,23.64,1300000,,RPQNMLQLMHHGFAI18CB,漢昇 築城,H棟H3號
嘉義市,房地(土地+建物)+車位,嘉義市嘉義市宣信街,20.92,住,,,1110407,土地1建物1車位1,九層,14,住宅大樓(11層含以上有電梯),住家用,鋼筋混凝土造,,132.8,3,2,2,有,無,12000000,98937,坡道平面,23.64,1200000,總價內含機車位10萬,RPRNMLQLMHHGFAI28CB,漢昇 築城,H棟H5號
嘉義市,房地(土地+建物),嘉義市嘉義市宣信街,20.92,住,,,1110420,土地1建物1車位0,五層,14,住宅大樓(11層含以上有電梯),住家用,鋼筋混凝土造,,109.16,3,2,2,有,無,10600000,97105,,0.0,0,總價內含機車位10萬,RPSNMLQLMHHGFAI38CB,漢昇 築城,H棟H3號
嘉義市,房地(土地+建物),嘉義市嘉義市世賢路一段,215.52,住,,,1110425,土地2建物1車位0,全,3,透天厝,住家用,鋼筋混凝土造,,240.74,4,2,5,有,無,22780000,94625,,0.0,0,,RPUNMLQLMHHGFAI58CB,皇品大苑二期,D棟3號
嘉義市,房地(土地+建物),嘉義市嘉義市東區五福街,120.52,住,,,1110411,土地2建物1車位0,一至四層,7,華廈(10層含以下有電梯),住家用,鋼筋混凝土造,,219.56,5,2,5,有,無,19650000,89497,,0.0,0,,RPQNMLRLMHHGFAI28CB,森擎集合住宅,B5號
嘉義市,房地(土地+建物),嘉義市嘉義市東區五福街,110.52,住,,,1110407,土地2建物1車位0,一至四層,7,華廈(10層含以下有電梯),住家用,鋼筋混凝土造,,234.05,5,2,5,有,無,17200000,73489,,0.0,0,,RPRNMLRLMHHGFAI38CB,森擎集合住宅,A12號
嘉義市,房地(土地+建物),嘉義市嘉義市興美三街57號對面,97.52,住,,,1110407,土地1建物1車位0,全,3,透天厝,住家用,鋼筋混凝土造,,174.11,4,2,3,有,無,16600000,95342,,0.0,0,,RPQNMLSLMHHGFAI38CB,興達帝寶第十五期,B棟1號
嘉義市,房地(土地+建物)+車位,嘉義市嘉義市忠孝路798巷,23.82,住,,,1110422,土地1建物1車位1,五層,14,住宅大樓(11層含以上有電梯),住家用,鋼筋混凝土造,,126.02,3,1,2,有,無,8600000,73500,坡道平面,26.7,1300000,,RPSNMLSLMHHGFAI58CB,未來樹,M3棟5F號
嘉義市,房地(土地+建物),嘉義市嘉義市忠孝路798巷,21.6,住,,,1110422,土地1建物1車位0,十二層,14,住宅大樓(11層含以上有電梯),住家用,鋼筋混凝土造,,90.11,2,1,1,有,無,6800000,75463,,0.0,0,,RPTNMLSLMHHGFAI68CB,未來樹,M5棟12F號
嘉義市,房地(土地+建物)+車位,嘉義市嘉義市健康12路,30.09,住,,,1110410,土地3建物1車位1,三層,8,華廈(10層含以下有電梯),住家用,見其他登記事項,,128.64,2,2,2,有,無,8500000,72847,坡道平面,28.43,1200000,房屋面積以地政機關登記完竣之面積為準,RPPNMLTLMHHGFAI38CB,御安旺景3,3B3棟0號
嘉義市,房地(土地+建物),嘉義市嘉義市東區五福街,111.52,住,,,1110414,土地2建物1車位0,一至四層,7,華廈(10層含以下有電梯),住家用,鋼筋混凝土造,,240.41,5,2,5,有,無,17950000,74664,,0.0,0,,RPQNMLTLMHHGFAI48CB,森擎集合住宅,A17號
嘉義市,房地(土地+建物),嘉義市嘉義市東區五福街,107.52,住,,,1110412,土地2建物1車位0,一至四層,7,華廈(10層含以下有電梯),住家用,鋼筋混凝土造,,224.88,5,2,5,有,無,17840000,79331,,0.0,0,,RPRNMLTLMHHGFAI58CB,森擎集合住宅,A5號
嘉義市,房地(土地+建物),嘉義市嘉義市東區五福街,108.52,住,,,1110411,土地2建物1車位0,一至四層,7,華廈(10層含以下有電梯),住家用,鋼筋混凝土造,,229.56,5,2,5,有,無,18580000,80937,,0.0,0,,RPSNMLTLMHHGFAI68CB,森擎集合住宅,A8號
嘉義市,房地(土地+建物)+車位,嘉義市嘉義市東區五福街,31.07,住,,,1110426,土地2建物1車位1,一層,7,華廈(10層含以下有電梯),住家用,鋼筋混凝土造,,115.83,2,2,1,有,無,7050000,71573,坡道平面,32.0,1050000,,RPTNMLTLMHHGFAI78CB,森擎集合住宅,1D號
嘉義市,房地(土地+建物),嘉義市嘉義市平等街150巷2弄,74.0,住,,,1110426,土地1建物1車位0,全,4,透天厝,住家用,鋼筋混凝土造,,200.79,3,2,5,有,無,14800000,73709,,0.0,0,,RPPNMLNJNHHGFAI67CB,靜好,A6號
嘉義市,房地(土地+建物)+車位,嘉義市嘉義市金山路與永福三街口,25.74,住,,,1110430,土地1建物1車位1,四層,5,華廈(10層含以下有電梯),住家用,鋼筋混凝土造,,86.64,2,1,1,有,無,6710000,77786,其他,10.02,750000,交易總價含下列非屬預售屋價格之費用:親友、員工、共有人或其他特殊關係間之交易；,RPTNMLPJNHHGFAI28CB,金山森藏,1棟4F1號
嘉義市,房地(土地+建物),嘉義市嘉義市金山路與永福三街口,24.22,住,,,1110430,土地1建物1車位0,四層,5,華廈(10層含以下有電梯),住家用,鋼筋混凝土造,,72.08,2,1,1,有,無,5500000,76304,,0.0,0,交易總價含下列非屬預售屋價格之費用:親友、員工、共有人或其他特殊關係間之交易；,RPUNMLPJNHHGFAI38CB,金山森藏,1棟4F3號
嘉義市,房地(土地+建物),嘉義市嘉義市環湖路,208.77,住,,,1110407,土地1建物1車位0,全,4,透天厝,住家用,鋼筋混凝土造,,334.06,5,2,6,有,無,36000000,107765,,0.0,0,,RPQNMLQJNHHGFAI08CB,唯貳,A1棟0號
嘉義市,房地(土地+建物),嘉義市嘉義市東區興安里興美二路,154.56,住,,,1110505,土地1建物1車位0,全,4,透天厝,住家用,見其他登記事項,,322.4,4,2,5,有,無,29880000,92680,,0.0,0,,RPPNMLTJNHHGFAI28CB,全景樽月,A棟2號
嘉義市,房地(土地+建物),嘉義市嘉義市環湖一街,97.65,其他,,,1110509,土地2建物1車位0,全,3,店面(店鋪),住商用,鋼筋混凝土造,,152.46,3,2,4,有,無,10400000,68215,,0.0,0,,RPPNMLLKNHHGFAI57CB,湖美豪棧,B棟7號
嘉義市,房地(土地+建物)+車位,嘉義市嘉義市東區五福街,37.82,住,,,1110423,土地2建物1車位1,三層,7,華廈(10層含以下有電梯),住家用,鋼筋混凝土造,,147.37,3,2,2,有,無,9240000,69255,坡道平面,32.0,1250000,,RPQNMLLKNHHGFAI67CB,森擎集合住宅,3A號
嘉義市,房地(土地+建物)+車位,嘉義市嘉義市東區五福街,37.74,住,,,1110428,土地2建物1車位1,六層,7,華廈(10層含以下有電梯),住家用,鋼筋混凝土造,,137.03,3,2,2,有,無,9000000,73894,坡道機械,22.0,500000,,RPRNMLLKNHHGFAI77CB,森擎集合住宅,6B號
嘉義市,房地(土地+建物)+車位,嘉義市嘉義市東區五福街,41.95,住,,,1110430,土地2建物1車位1,三層,7,華廈(10層含以下有電梯),住家用,鋼筋混凝土造,,163.27,3,2,2,有,無,10150000,67799,坡道平面,32.0,1250000,,RPQNMLMKNHHGFAI77CB,森擎集合住宅,3J號
嘉義市,房地(土地+建物)+車位,嘉義市嘉義市東區五福街,39.79,住,,,1110430,土地2建物1車位1,二層,7,華廈(10層含以下有電梯),住家用,鋼筋混凝土造,,144.51,3,2,2,有,無,8800000,67750,坡道機械,22.0,500000,,RPRNMLMKNHHGFAI87CB,森擎集合住宅,2H號
嘉義市,房地(土地+建物),嘉義市嘉義市東區立仁路,117.18,住,,,1110508,土地4建物1車位0,全,3,透天厝,住家用,鋼筋混凝土造,,203.03,4,2,5,有,無,22580000,111215,,0.0,0,,RPPNMLNKNHHGFAI77CB,金石鉑克萊,A棟6號
嘉義市,房地(土地+建物)+車位,嘉義市嘉義市健康12路,31.47,住,,,1110430,土地1建物1車位1,六層,8,華廈(10層含以下有電梯),住家用,見其他登記事項,,133.22,2,2,2,有,無,8900000,73480,坡道平面,28.43,1200000,,RPPNMLQKNHHGFAI08CB,御安旺景3,6C3棟0號
嘉義市,房地(土地+建物),嘉義市嘉義市順興五街,93.14,住,,,1110507,土地2建物1車位0,全,4,透天厝,住家用,鋼筋混凝土造,,214.34,4,3,5,有,無,21500000,100308,,0.0,0,,RPQNMLQKNHHGFAI18CB,水無月-璞真,A8號
嘉義市,房地(土地+建物)+車位,嘉義市嘉義市健康12路,39.87,住,,,1110430,土地1建物1車位1,七層,8,華廈(10層含以下有電梯),住家用,見其他登記事項,,161.22,3,2,2,有,無,11180000,75156,坡道平面,28.43,1200000,,RPSNMLQKNHHGFAI38CB,御安旺景3,7C2棟0號
嘉義市,房地(土地+建物)+車位,嘉義市嘉義市健康七街,25.71,住,,,1110508,土地1建物1車位1,五層,10,華廈(10層含以下有電梯),住家用,鋼筋混凝土造,,102.74,2,2,1,有,無,7080000,84374,坡道平面,33.05,1200000,結構加裝EPS隔震系統，採用YKK AP日系品牌頂級水氣密窗。,RPPNMLRKNHHGFAI18CB,湖美山河,A棟5FA6號
嘉義市,房地(土地+建物)+車位,嘉義市嘉義市盧厝里2鄰,37.13,農,,,1110430,土地1建物1車位1,四層,4,華廈(10層含以下有電梯),住家用,鋼筋混凝土造,,101.32,2,2,1,有,無,6280000,64937,一樓平面,21.55,1100000,,RPPNMLSKNHHGFAI28CB,百富北歐巧寓,4FB2號
嘉義市,房地(土地+建物),嘉義市嘉義市健康五街,38.84,住,,,1110509,土地1建物1車位0,五層,5,華廈(10層含以下有電梯),住家用,鋼筋混凝土造,,105.84,3,2,2,有,無,7480000,70673,,0.0,0,,RPQNMLSKNHHGFAI38CB,鴻海皇苑2,1棟5D號
嘉義市,房地(土地+建物)+車位,嘉義市嘉義市西區竹圍路,21.64,商,,,1110423,土地3建物1車位1,十層,12,住宅大樓(11層含以上有電梯),住家用,鋼筋混凝土造,,147.94,2,2,2,有,無,10220000,75596,坡道平面,27.96,1150000,,RPTNMLSKNHHGFAI68CB,湛然天玉,A5棟1號
嘉義市,房地(土地+建物)+車位,嘉義市嘉義市西區竹圍路,10.55,商,,,1110428,土地3建物1車位1,七層,12,住宅大樓(11層含以上有電梯),住家用,鋼筋混凝土造,,86.52,1,1,1,有,無,5350000,70014,坡道平面,27.96,1250000,,RPUNMLSKNHHGFAI78CB,湛然天玉,D棟2號
嘉義市,房地(土地+建物)+車位,嘉義市嘉義市西區竹圍路,18.31,商,,,1110428,土地3建物1車位1,七層,12,住宅大樓(11層含以上有電梯),住家用,鋼筋混凝土造,,129.38,3,1,2,有,無,8350000,70006,坡道平面,27.96,1250000,,RPVNMLSKNHHGFAI88CB,湛然天玉,D棟3號
嘉義市,房地(土地+建物),嘉義市嘉義市西區竹圍路,9.01,商,,,1110423,土地3建物1車位0,八層,12,住宅大樓(11層含以上有電梯),住家用,鋼筋混凝土造,,49.91,1,1,1,有,無,3800000,76137,,0.0,0,,RPWNMLSKNHHGFAI98CB,湛然天玉,B棟2號
嘉義市,房地(土地+建物),嘉義市嘉義市健康二路,89.96,其他,,,1110326,土地1建物1車位0,全,3,店面(店鋪),見其他登記事項,鋼筋混凝土造,,196.69,0,5,5,有,無,14980000,76160,,0.0,0,,RPPNMLTKNHHGFAI38CB,松町5,A棟2號
嘉義市,房地(土地+建物),嘉義市嘉義市金山路與永福三街口,109.0,住,,,1110506,土地1建物1車位0,全,4,透天厝,住家用,鋼筋混凝土造,,263.96,4,2,5,有,無,28000000,106077,,0.0,0,,RPPNMLKLNHHGFAI57CB,金山森藏,A3號
嘉義市,房地(土地+建物)+車位,嘉義市嘉義市健康12路,31.47,住,,,1110502,土地1建物1車位1,七層,8,華廈(10層含以下有電梯),住家用,見其他登記事項,,133.22,2,2,2,有,無,8920000,73671,坡道平面,28.43,1200000,房屋面積以地政機關登記完竣之面積為準,RPPNMLNLNHHGFAI87CB,御安旺景3,7A3棟0號
嘉義市,房地(土地+建物)+車位,嘉義市嘉義市健康12路,39.87,住,,,1110507,土地1建物1車位1,六層,8,華廈(10層含以下有電梯),住家用,見其他登記事項,,161.22,3,2,2,有,無,11000000,73801,坡道平面,28.43,1200000,房屋面積以地政機關登記完竣之面積為準,RPQNMLNLNHHGFAI97CB,御安旺景3,6A1棟0號
嘉義市,房地(土地+建物)+車位,嘉義市嘉義市健康12路,32.22,住,,,1110507,土地1建物1車位1,二層,8,華廈(10層含以下有電梯),住家用,見其他登記事項,,135.76,2,2,2,有,無,8880000,71555,坡道平面,28.43,1200000,房屋面積以地政機關完竣之面積為準,RPRNMLNLNHHGFAI08CB,御安旺景3,2A5棟0號
嘉義市,房地(土地+建物),嘉義市嘉義市健康七街,100.0,住,,,1110428,土地1建物1車位0,全,3,透天厝,住家用,鋼筋混凝土造,,191.38,4,2,4,有,無,13800000,72108,,0.0,0,,RPRNMLPLNHHGFAI28CB,青空里NO2,A棟2號
嘉義市,房地(土地+建物),嘉義市嘉義市健康七街,100.0,住,,,1110428,土地1建物1車位0,全,3,透天厝,住家用,鋼筋混凝土造,,191.38,4,2,4,有,無,13800000,72108,,0.0,0,,RPSNMLPLNHHGFAI38CB,青空里NO2,A棟3號
嘉義市,房地(土地+建物),嘉義市嘉義市環湖二街,74.01,其他,,,1110510,土地1建物1車位0,全,3,店面(店鋪),住商用,鋼筋混凝土造,,155.47,3,2,5,有,無,9800000,63035,,0.0,0,,RPQNMLRJOHHGFAI28CB,泰祐/直木賞NO.8,D棟1號
嘉義市,房地(土地+建物),嘉義市嘉義市嘉義市西區關懷中心南方100公尺,96.29,住,,,1110510,土地4建物1車位0,一至四層,4,公寓(5樓含以下無電梯),住家用,鋼筋混凝土造,,96.29,3,2,4,有,無,11000000,114238,,0.0,0,,RPSNMLSJOHHGFAI58CB,大川晴境,B2棟0號
嘉義市,房地(土地+建物)+車位,嘉義市嘉義市宣信街,25.39,住,,,1110310,土地1建物1車位1,八層,14,住宅大樓(11層含以上有電梯),住家用,鋼筋混凝土造,,155.18,3,2,2,有,無,13780000,94876,坡道平面,23.64,1300000,建物總價內含機車位壹拾萬元整。1.原申報書序號B1IA11103220009撤銷，重新申報。2.建案名稱更改為”漢昇 築城”。3.建築基地於111.4.14合併為宣信段52地號。,RPPNMLQJPHHGFAI18CB,漢昇 築城,H1號
嘉義市,房地(土地+建物)+車位,嘉義市嘉義市宣信街,25.39,住,,,1110311,土地1建物1車位1,十層,14,住宅大樓(11層含以上有電梯),住家用,鋼筋混凝土造,,155.18,3,2,2,有,無,13980000,96397,坡道平面,23.64,1300000,建物總價內含機車位壹拾萬元整。1.原申報書序號B1IA11103220011撤銷，重新申報。2.建案名稱更改為”漢昇 築城”。3.建築基地於111.4.14合併為宣信段52地號。,RPQNMLQJPHHGFAI28CB,漢昇 築城,H1號
嘉義市,房地(土地+建物)+車位,嘉義市嘉義市宣信街,25.39,住,,,1110312,土地1建物1車位1,十三層,14,住宅大樓(11層含以上有電梯),住家用,鋼筋混凝土造,,155.18,3,2,2,有,無,14450000,99970,坡道平面,23.64,1300000,建物總價內含機車位壹拾萬元整。1.原申報書序號B1IA11103240004撤銷，重新申報。2.建案名稱更改為”漢昇 築城”。3.建築基地於111.4.14合併為宣信段52地號。,RPRNMLQJPHHGFAI38CB,漢昇 築城,H棟H2號
嘉義市,房地(土地+建物)+車位,嘉義市嘉義市宣信街,25.39,住,,,1110314,土地1建物1車位1,十四層,14,住宅大樓(11層含以上有電梯),住家用,鋼筋混凝土造,,155.18,3,2,2,有,無,14400000,100350,坡道平面,23.64,1200000,建物總價內含機車位壹拾萬元整。1.原申報書序號B1IA11103240007撤銷，重新申報。2.建案名稱更改為”漢昇 築城”。3.建築基地於111.4.14合併為宣信段52地號。,RPSNMLQJPHHGFAI48CB,漢昇 築城,H棟H2號
嘉義市,房地(土地+建物)+車位,嘉義市嘉義市宣信街,25.39,住,,,1110315,土地1建物1車位1,十二層,14,住宅大樓(11層含以上有電梯),住家用,鋼筋混凝土造,,151.21,3,2,2,有,無,14000000,99553,坡道平面,23.64,1300000,1.原申報書序號B1IA11103240008撤銷，重新申報。2.建案名稱更改為”漢昇 築城”。3.建築基地於111.4.14合併為宣信段52地號。,RPTNMLQJPHHGFAI58CB,漢昇 築城,H棟H1號
嘉義市,房地(土地+建物)+車位,嘉義市嘉義市宣信街,25.39,住,,,1110315,土地1建物1車位2,十一層,14,住宅大樓(11層含以上有電梯),住家用,鋼筋混凝土造,,182.11,3,2,2,有,無,15400000,99553,坡道平面,54.54,2700000,1.原申報書序號B1IA11103240009撤銷，重新申報。2.建案名稱更改為”漢昇 築城”。3.建築基地於111.4.14合併為宣信段52地號。,RPUNMLQJPHHGFAI68CB,漢昇 築城,H棟H1號
嘉義市,房地(土地+建物)+車位,嘉義市嘉義市宣信街,20.92,住,,,1110315,土地1建物1車位1,十二層,14,住宅大樓(11層含以上有電梯),住家用,鋼筋混凝土造,,128.83,3,2,2,有,無,12200000,103622,坡道平面,23.64,1300000,1.原申報書序號B1IA11103240010撤銷，重新申報。2.建案名稱更改為”漢昇 築城”。3.建築基地於111.4.14合併為宣信段52地號。,RPVNMLQJPHHGFAI78CB,漢昇 築城,H棟H5號
嘉義市,房地(土地+建物)+車位,嘉義市嘉義市宣信街,25.39,住,,,1110317,土地1建物1車位1,五層,14,住宅大樓(11層含以上有電梯),住家用,鋼筋混凝土造,,155.18,3,2,2,有,無,13700000,94268,坡道平面,23.64,1300000,建物總價內含機車位壹拾萬元整。1.原申報書序號B1IA11103240012撤銷，重新申報。2.建案名稱更改為”漢昇 築城”。3.建築基地於111.4.14合併為宣信段52地號。,RPWNMLQJPHHGFAI88CB,漢昇 築城,H棟H2號
嘉義市,房地(土地+建物)+車位,嘉義市嘉義市宣信街,30.18,住,,,1110319,土地1建物1車位1,十三層,14,住宅大樓(11層含以上有電梯),住家用,鋼筋混凝土造,,183.21,3,2,2,有,無,18000000,104656,坡道平面,23.64,1300000,建物總價內含機車位2位20萬元整。1.原申報書序號B1IA11103250001撤銷，重新申報。2.建案名稱更改為”漢昇 築城”。3.建築基地於111.4.14合併為宣信段52地號。,RPXNMLQJPHHGFAI98CB,漢昇 築城,H棟H5號
嘉義市,房地(土地+建物)+車位,嘉義市嘉義市宣信街,27.07,住,,,1110319,土地1建物1車位1,1層+2層,14,住宅大樓(11層含以上有電梯),見其他登記事項,鋼筋混凝土造,,159.64,0,0,0,無,無,19200000,132353,坡道平面,23.64,1200000,1.原申報書序號B1IA11103250002撤銷，重新申報。2.建案名稱更改為”漢昇 築城”。3.建築基地於111.4.14合併為宣信段52地號。,RPOOMLQJPHHGFAI18CB,漢昇 築城,T7號
