﻿編號,土地位置,土地移轉面積(平方公尺),使用分區或編定,權利人持分分母,權利人持分分子,移轉情形,地號
The serial number, land position,land shifting area square meter,the use zoning or compiles and checks,,,,land parcel
RPPNMLLLKHHGFAI37CB,湖子內段新民小段,94.09,都市：住,1,1,全筆移轉,02680009
RPPNMLLLKHHGFAI37CB,湖子內段新民小段,43.67,都市：住,17468,4367,持分移轉,02680005
RPSNMLQKKHHGFAI08CB,下埤段,168.00,都市：住,1,1,全筆移轉,06360019
RPSNMLQKKHHGFAI08CB,下埤段,31.83,都市：住,19,2,持分移轉,06360015
RPRNMLOKKHHGFAI77CB,遠東段,25.40,都市：住,100000,674,持分移轉,00640000
RPUNMLPKKHHGFAI18CB,下路頭段,117.00,都市：住,1,1,全筆移轉,00860196
RPUNMLPKKHHGFAI18CB,下路頭段,19.33,都市：住,12,1,持分移轉,00860027
RPUNMLPKKHHGFAI18CB,下路頭段,.42,都市：住,12,1,持分移轉,00860191
RPQNMLMLKHHGFAI57CB,湖子內段湖美小段,34.84,都市：住,100000,5203,持分移轉,04340000
RPSNMLMLKHHGFAI77CB,宣信段,1.04,都市：住,131208,2539,持分移轉,00520000
RPSNMLMLKHHGFAI77CB,宣信段,.75,都市：住,131208,2539,持分移轉,00530000
RPSNMLMLKHHGFAI77CB,宣信段,.74,都市：住,131208,2539,持分移轉,00540000
RPSNMLMLKHHGFAI77CB,宣信段,.74,都市：住,131208,2539,持分移轉,00550000
RPSNMLMLKHHGFAI77CB,宣信段,.73,都市：住,131208,2539,持分移轉,00560000
RPSNMLMLKHHGFAI77CB,宣信段,.84,都市：住,131208,2539,持分移轉,00570000
RPSNMLMLKHHGFAI77CB,宣信段,20.55,都市：住,131208,2539,持分移轉,00610000
RPRNMLNLKHHGFAI77CB,湖子內段湖美小段,89.28,都市：其他:第一種休閒專用區,1,1,全筆移轉,05070028
RPRNMLNLKHHGFAI77CB,湖子內段湖美小段,19.45,都市：其他:第一種休閒專用區,18,1,持分移轉,05070038
RPPNMLOLKHHGFAI67CB,彌陀段,49.42,都市：住,100000,9377,持分移轉,01430022
RPRNMLMLKHHGFAI67CB,湖子內段湖美小段,36.53,都市：住,100000,5455,持分移轉,04340000
RPRNMLOLKHHGFAI87CB,湖子內段湖美小段,91.37,都市：住,1,1,全筆移轉,02430002
RPRNMLPLKHHGFAI97CB,盧厝段,27.30,都市：住,166600,2730,持分移轉,04110000
RPRNMLPLKHHGFAI97CB,盧厝段,10.52,都市：住,83100,1052,持分移轉,04110007
RPUNMLMLKHHGFAI97CB,湖子內段湖美小段,36.58,都市：住,100000,5462,持分移轉,04340000
RPPNMLRLKHHGFAI97CB,湖子內段興安小段,92.77,都市：住,1,1,全筆移轉,00350009
RPPNMLRLKHHGFAI97CB,湖子內段興安小段,.38,都市：住,453,38,持分移轉,00350013
RPQNMLLJLHHGFAI37CB,湖子內段興安小段,87.60,都市：住,1,1,全筆移轉,00170007
RPRNMLLJLHHGFAI47CB,下路頭段,39.78,都市：住,100000,3011,持分移轉,00920003
RPSNMLLJLHHGFAI57CB,下路頭段,39.78,都市：住,100000,3011,持分移轉,00920003
RPQNMLPLKHHGFAI87CB,盧厝段,20.55,都市：住,166600,2055,持分移轉,04110000
RPQNMLPLKHHGFAI87CB,盧厝段,10.52,都市：住,83100,1052,持分移轉,04110007
RPXNMLLJLHHGFAI08CB,宣信段,1.04,都市：住,131208,2539,持分移轉,00520000
RPXNMLLJLHHGFAI08CB,宣信段,.75,都市：住,131208,2539,持分移轉,00530000
RPXNMLLJLHHGFAI08CB,宣信段,.74,都市：住,131208,2539,持分移轉,00540000
RPXNMLLJLHHGFAI08CB,宣信段,.74,都市：住,131208,2539,持分移轉,00550000
RPXNMLLJLHHGFAI08CB,宣信段,.73,都市：住,131208,2539,持分移轉,00560000
RPXNMLLJLHHGFAI08CB,宣信段,.84,都市：住,131208,2539,持分移轉,00570000
RPXNMLLJLHHGFAI08CB,宣信段,20.55,都市：住,131208,2539,持分移轉,00610000
RPPNMLMJLHHGFAI37CB,彌陀段日新小段,44.59,都市：住,100000,3210,持分移轉,00450000
RPPNMLNJLHHGFAI47CB,下路頭段,90.00,都市：住,1,1,全筆移轉,02220012
RPPNMLLJLHHGFAI27CB,湖子內段興安小段,81.35,都市：住,1,1,全筆移轉,00170006
RPUNMLLJLHHGFAI77CB,竹圍子段二小段,46.22,都市：商,10000000,318320,持分移轉,00220000
RPRNMLNJLHHGFAI67CB,下路頭段,84.00,都市：住,1,1,全筆移轉,02220009
RPSNMLNJLHHGFAI77CB,湖子內段湖美小段,71.30,都市：其他:第三種休閒專用區,1,1,全筆移轉,05580008
RPSNMLNJLHHGFAI77CB,湖子內段湖美小段,21.91,都市：其他:第三種休閒專用區,14,1,持分移轉,05580000
RPTNMLLJLHHGFAI67CB,下路頭段,44.35,都市：住,100000,3357,持分移轉,00920003
RPQNMLOJLHHGFAI67CB,盧厝段,30.51,都市：住,166600,3051,持分移轉,04110000
RPPNMLPJLHHGFAI67CB,湖子內段興安小段,108.07,都市：住,1,1,全筆移轉,00350003
RPPNMLPJLHHGFAI67CB,湖子內段興安小段,.38,都市：住,453,38,持分移轉,00350013
RPQNMLOJLHHGFAI67CB,盧厝段,10.52,都市：住,83100,1052,持分移轉,04110007
RPVNMLRJLHHGFAI48CB,湖子內段興安小段,129.10,都市：住,1,1,全筆移轉,02910002
RPWNMLRJLHHGFAI58CB,下路頭段,54.94,都市：住,100000,4159,持分移轉,00920003
RPQNMLSJLHHGFAI08CB,宣信段,.85,都市：住,131208,2092,持分移轉,00520000
RPQNMLSJLHHGFAI08CB,宣信段,.62,都市：住,131208,2092,持分移轉,00530000
RPQNMLSJLHHGFAI08CB,宣信段,.61,都市：住,131208,2092,持分移轉,00540000
RPQNMLSJLHHGFAI08CB,宣信段,.61,都市：住,131208,2092,持分移轉,00550000
RPQNMLSJLHHGFAI08CB,宣信段,.60,都市：住,131208,2092,持分移轉,00560000
RPQNMLSJLHHGFAI08CB,宣信段,.70,都市：住,131208,2092,持分移轉,00570000
RPQNMLSJLHHGFAI08CB,宣信段,16.93,都市：住,131208,2092,持分移轉,00610000
RPPNMLOJLHHGFAI57CB,盧厝段,25.46,都市：住,166600,2546,持分移轉,04110000
RPPNMLOJLHHGFAI57CB,盧厝段,10.52,都市：住,83100,1052,持分移轉,04110007
RPTOMLRJLHHGFAI38CB,湖子內段湖美小段,88.66,都市：其他:第三種休閒專用區,1,1,全筆移轉,05580002
RPPNMLTJLHHGFAI08CB,湖子內段湖美小段,31.17,都市：住,100000,4655,持分移轉,04340000
RPQNMLTJLHHGFAI18CB,湖子內段湖美小段,35.93,都市：住,100000,5366,持分移轉,04340000
RPRNMLOJLHHGFAI77CB,南田段,113.98,都市：住,1,1,全筆移轉,14700000
RPRNMLOJLHHGFAI77CB,南田段,20.27,都市：住,1,1,全筆移轉,14620000
RPQNMLKKLHHGFAI37CB,湖子內段新民小段,108.40,都市：住,1,1,全筆移轉,02680002
RPPNMLSJLHHGFAI97CB,宣信段,1.04,都市：住,131208,2539,持分移轉,00520000
RPPNMLSJLHHGFAI97CB,宣信段,.75,都市：住,131208,2539,持分移轉,00530000
RPPNMLSJLHHGFAI97CB,宣信段,.74,都市：住,131208,2539,持分移轉,00540000
RPPNMLSJLHHGFAI97CB,宣信段,.74,都市：住,131208,2539,持分移轉,00550000
RPPNMLSJLHHGFAI97CB,宣信段,.73,都市：住,131208,2539,持分移轉,00560000
RPPNMLSJLHHGFAI97CB,宣信段,.84,都市：住,131208,2539,持分移轉,00570000
RPPNMLSJLHHGFAI97CB,宣信段,20.55,都市：住,131208,2539,持分移轉,00610000
RPPNMLKKLHHGFAI27CB,湖子內段新民小段,113.91,都市：住,1,1,全筆移轉,02680001
RPSNMLKKLHHGFAI57CB,湖子內段湖美小段,90.74,都市：其他:第一種休閒專用區,1,1,全筆移轉,05070043
RPSNMLKKLHHGFAI57CB,湖子內段湖美小段,19.45,都市：其他:第一種休閒專用區,18,1,持分移轉,05070038
RPPNMLMKLHHGFAI47CB,湖子內段湖美小段,6.69,都市：住,54499,669,持分移轉,00890000
RPPNMLMKLHHGFAI47CB,湖子內段湖美小段,6.69,都市：住,54499,669,持分移轉,00900000
RPPNMLMKLHHGFAI47CB,湖子內段湖美小段,26.49,都市：住,215480,2649,持分移轉,00910000
RPPNMLLKLHHGFAI37CB,彌陀段,36.02,都市：住,100000,1785,持分移轉,01430000
RPQNMLLKLHHGFAI47CB,盧厝段,21.29,都市：住,166600,2129,持分移轉,04110000
RPQNMLLKLHHGFAI47CB,盧厝段,10.52,都市：住,83100,1052,持分移轉,04110007
RPRNMLKKLHHGFAI47CB,湖子內段湖美小段,88.16,都市：其他:第一種休閒專用區,1,1,全筆移轉,05070003
RPRNMLKKLHHGFAI47CB,湖子內段湖美小段,19.45,都市：其他:第一種休閒專用區,18,1,持分移轉,05070038
RPQNMLMKLHHGFAI57CB,湖子內段湖美小段,6.69,都市：住,54499,669,持分移轉,00890000
RPQNMLMKLHHGFAI57CB,湖子內段湖美小段,6.69,都市：住,54499,669,持分移轉,00900000
RPQNMLMKLHHGFAI57CB,湖子內段湖美小段,26.49,都市：住,215480,2649,持分移轉,00910000
RPRNMLMKLHHGFAI67CB,湖子內段湖美小段,6.69,都市：住,54499,669,持分移轉,00890000
RPRNMLMKLHHGFAI67CB,湖子內段湖美小段,6.69,都市：住,54499,669,持分移轉,00900000
RPRNMLMKLHHGFAI67CB,湖子內段湖美小段,26.49,都市：住,215480,2649,持分移轉,00910000
RPTNMLMKLHHGFAI87CB,湖子內段湖美小段,6.69,都市：住,54499,669,持分移轉,00890000
RPTNMLMKLHHGFAI87CB,湖子內段湖美小段,6.69,都市：住,54499,669,持分移轉,00900000
RPTNMLMKLHHGFAI87CB,湖子內段湖美小段,26.49,都市：住,215480,2649,持分移轉,00910000
RPUNMLMKLHHGFAI97CB,湖子內段湖美小段,6.69,都市：住,54499,669,持分移轉,00890000
RPUNMLMKLHHGFAI97CB,湖子內段湖美小段,6.69,都市：住,54499,669,持分移轉,00900000
RPUNMLMKLHHGFAI97CB,湖子內段湖美小段,26.49,都市：住,215480,2649,持分移轉,00910000
RPQNMLOKLHHGFAI77CB,湖東段,1.00,都市：住,100000,4545,持分移轉,00750000
RPQNMLOKLHHGFAI77CB,湖東段,28.70,都市：住,100000,4856,持分移轉,00760000
RPRNMLOKLHHGFAI87CB,湖東段,1.00,都市：住,100000,4545,持分移轉,00750000
RPRNMLOKLHHGFAI87CB,湖東段,28.64,都市：住,100000,4846,持分移轉,00760000
RPSNMLMKLHHGFAI77CB,湖子內段湖美小段,6.69,都市：住,54499,669,持分移轉,00890000
RPSNMLMKLHHGFAI77CB,湖子內段湖美小段,6.69,都市：住,54499,669,持分移轉,00900000
RPSNMLMKLHHGFAI77CB,湖子內段湖美小段,26.49,都市：住,215480,2649,持分移轉,00910000
RPPNMLQKLHHGFAI87CB,湖子內段湖美小段,90.74,都市：其他:第一種休閒專用區,1,1,全筆移轉,05070044
RPPNMLQKLHHGFAI87CB,湖子內段湖美小段,19.45,都市：其他:第一種休閒專用區,18,1,持分移轉,05070038
RPPNMLPKLHHGFAI77CB,湖子內段湖美小段,78.20,都市：其他:第三種休閒專用區,1,1,全筆移轉,05580005
RPPNMLPKLHHGFAI77CB,湖子內段湖美小段,21.91,都市：其他:第三種休閒專用區,14,1,持分移轉,05580000
RPRNMLQKLHHGFAI08CB,湖子內段湖美小段,90.79,都市：其他:第一種休閒專用區,1,1,全筆移轉,05070030
RPRNMLQKLHHGFAI08CB,湖子內段湖美小段,19.45,都市：其他:第一種休閒專用區,18,1,持分移轉,05070038
RPQNMLQKLHHGFAI97CB,湖子內段湖美小段,90.74,都市：其他:第一種休閒專用區,1,1,全筆移轉,05070042
RPQNMLQKLHHGFAI97CB,湖子內段湖美小段,19.45,都市：其他:第一種休閒專用區,18,1,持分移轉,05070038
RPQNMLPKLHHGFAI87CB,下路頭段,39.78,都市：住,100000,3011,持分移轉,00920003
RPSNMLQKLHHGFAI18CB,湖子內段湖美小段,85.75,都市：其他:第一種休閒專用區,1,1,全筆移轉,05070027
RPSNMLQKLHHGFAI18CB,湖子內段湖美小段,19.45,都市：其他:第一種休閒專用區,18,1,持分移轉,05070038
RPPNMLRKLHHGFAI97CB,湖子內段湖美小段,5.28,都市：住,54499,528,持分移轉,00890000
RPPNMLRKLHHGFAI97CB,湖子內段湖美小段,5.28,都市：住,54499,528,持分移轉,00900000
RPPNMLRKLHHGFAI97CB,湖子內段湖美小段,20.91,都市：住,215480,2091,持分移轉,00910000
RPVNMLQKLHHGFAI48CB,湖子內段湖美小段,91.37,都市：住,1,1,全筆移轉,02430004
RPWNMLQKLHHGFAI58CB,湖子內段湖美小段,91.99,都市：住,1,1,全筆移轉,02920002
RPWNMLQKLHHGFAI58CB,湖子內段湖美小段,194.57,都市：住,1,1,全筆移轉,02920003
RPQNMLRKLHHGFAI08CB,湖子內段湖美小段,6.69,都市：住,54499,669,持分移轉,00890000
RPQNMLRKLHHGFAI08CB,湖子內段湖美小段,6.69,都市：住,54499,669,持分移轉,00900000
RPQNMLRKLHHGFAI08CB,湖子內段湖美小段,26.49,都市：住,215480,2649,持分移轉,00910000
RPTNMLQKLHHGFAI28CB,湖子內段湖美小段,89.23,都市：其他:第一種休閒專用區,1,1,全筆移轉,05070041
RPTNMLQKLHHGFAI28CB,湖子內段湖美小段,19.45,都市：其他:第一種休閒專用區,18,1,持分移轉,05070038
RPRNMLRKLHHGFAI18CB,湖子內段湖美小段,6.73,都市：住,54499,673,持分移轉,00890000
RPRNMLRKLHHGFAI18CB,湖子內段湖美小段,6.73,都市：住,54499,673,持分移轉,00900000
RPRNMLRKLHHGFAI18CB,湖子內段湖美小段,26.61,都市：住,215480,2661,持分移轉,00910000
RPSNMLRKLHHGFAI28CB,湖子內段湖美小段,6.73,都市：住,54499,673,持分移轉,00890000
RPSNMLRKLHHGFAI28CB,湖子內段湖美小段,6.73,都市：住,54499,673,持分移轉,00900000
RPSNMLRKLHHGFAI28CB,湖子內段湖美小段,26.61,都市：住,215480,2661,持分移轉,00910000
RPTNMLRKLHHGFAI38CB,湖子內段湖美小段,5.22,都市：住,54499,522,持分移轉,00890000
RPTNMLRKLHHGFAI38CB,湖子內段湖美小段,5.22,都市：住,54499,522,持分移轉,00900000
RPTNMLRKLHHGFAI38CB,湖子內段湖美小段,20.62,都市：住,215480,2062,持分移轉,00910000
RPQNMLLLLHHGFAI57CB,下路頭段,54.54,都市：住,100000,4129,持分移轉,00920003
RPQNMLMLLHHGFAI67CB,遠東段,21.60,都市：住,100000,573,持分移轉,00640000
RPRNMLLLLHHGFAI67CB,盧厝段,30.51,都市：住,166600,3051,持分移轉,04110000
RPRNMLLLLHHGFAI67CB,盧厝段,10.52,都市：住,83100,1052,持分移轉,04110007
RPRNMLMLLHHGFAI77CB,遠東段,23.82,都市：住,100000,632,持分移轉,00640000
RPTNMLMLLHHGFAI97CB,遠東段,25.40,都市：住,100000,674,持分移轉,00640000
RPPNMLMLLHHGFAI57CB,遠東段,26.95,都市：住,100000,715,持分移轉,00640000
RPSNMLMLLHHGFAI87CB,遠東段,26.87,都市：住,100000,713,持分移轉,00640000
RPPNMLLLLHHGFAI47CB,下路頭段,38.65,都市：住,100000,3976,持分移轉,00920005
RPUNMLMLLHHGFAI08CB,湖子內段湖美小段,28.00,都市：住,323396,2800,持分移轉,00050000
RPWNMLMLLHHGFAI28CB,遠東段,26.95,都市：住,100000,715,持分移轉,00640000
RPOOMLMLLHHGFAI57CB,彌陀段,27.74,都市：住,1000000,13748,持分移轉,01430000
RPQNMLOLLHHGFAI87CB,宣信段,1.04,都市：住,131208,2539,持分移轉,00520000
RPQNMLOLLHHGFAI87CB,宣信段,.75,都市：住,131208,2539,持分移轉,00530000
RPQNMLOLLHHGFAI87CB,宣信段,.74,都市：住,131208,2539,持分移轉,00540000
RPPNMLRLLHHGFAI08CB,湖子內段興安小段,108.08,都市：住,1,1,全筆移轉,00350011
RPQNMLOLLHHGFAI87CB,宣信段,.74,都市：住,131208,2539,持分移轉,00550000
RPPNMLRLLHHGFAI08CB,湖子內段興安小段,.37,都市：住,453,37,持分移轉,00350013
RPQNMLOLLHHGFAI87CB,宣信段,.73,都市：住,131208,2539,持分移轉,00560000
RPQNMLOLLHHGFAI87CB,宣信段,.84,都市：住,131208,2539,持分移轉,00570000
RPQNMLOLLHHGFAI87CB,宣信段,20.55,都市：住,131208,2539,持分移轉,00610000
RPVNMLMLLHHGFAI18CB,湖子內段湖美小段,28.00,都市：住,323396,2800,持分移轉,00050000
RPQNMLRLLHHGFAI18CB,湖子內段興安小段,92.76,都市：住,1,1,全筆移轉,00350004
RPQNMLRLLHHGFAI18CB,湖子內段興安小段,.38,都市：住,453,38,持分移轉,00350013
RPPNMLNLLHHGFAI67CB,湖子內段湖美小段,6.69,都市：住,54499,669,持分移轉,00890000
RPPNMLNLLHHGFAI67CB,湖子內段湖美小段,6.69,都市：住,54499,669,持分移轉,00900000
RPPNMLNLLHHGFAI67CB,湖子內段湖美小段,26.49,都市：住,215480,2649,持分移轉,00910000
RPQNMLSLLHHGFAI28CB,湖子內段新民小段,35.54,都市：住,10000,217,持分移轉,02440000
RPRNMLSLLHHGFAI38CB,下路頭段,46.38,都市：住,100000,3511,持分移轉,00920003
RPPNMLSLLHHGFAI18CB,下路頭段,37.88,都市：住,56900,3788,持分移轉,04730293
RPTNMLSLLHHGFAI58CB,湖子內段新民小段,47.66,都市：住,10000,291,持分移轉,02440000
RPSNMLSLLHHGFAI48CB,湖子內段新民小段,65.84,都市：住,10000,402,持分移轉,02440000
RPWNMLSLLHHGFAI88CB,湖子內段新民小段,35.70,都市：住,10000,218,持分移轉,02440000
RPVNMLSLLHHGFAI78CB,湖子內段湖美小段,5.06,都市：住,54499,506,持分移轉,00890000
RPVNMLSLLHHGFAI78CB,湖子內段湖美小段,5.06,都市：住,54499,506,持分移轉,00900000
RPVNMLSLLHHGFAI78CB,湖子內段湖美小段,19.97,都市：住,215480,1997,持分移轉,00910000
RPUNMLSLLHHGFAI68CB,湖子內段新民小段,32.26,都市：住,10000,197,持分移轉,02440000
RPXNMLSLLHHGFAI98CB,遠東段,23.82,都市：住,100000,632,持分移轉,00640000
RPRNMLTLLHHGFAI48CB,宣信段,.85,都市：住,131208,2092,持分移轉,00520000
RPRNMLTLLHHGFAI48CB,宣信段,.62,都市：住,131208,2092,持分移轉,00530000
RPRNMLTLLHHGFAI48CB,宣信段,.61,都市：住,131208,2092,持分移轉,00540000
RPRNMLTLLHHGFAI48CB,宣信段,.61,都市：住,131208,2092,持分移轉,00550000
RPRNMLTLLHHGFAI48CB,宣信段,.60,都市：住,131208,2092,持分移轉,00560000
RPRNMLTLLHHGFAI48CB,宣信段,.70,都市：住,131208,2092,持分移轉,00570000
RPRNMLTLLHHGFAI48CB,宣信段,16.93,都市：住,131208,2092,持分移轉,00610000
RPSNMLTLLHHGFAI58CB,遠東段,23.82,都市：住,100000,632,持分移轉,00640000
RPPOMLSLLHHGFAI28CB,湖子內段湖美小段,6.69,都市：住,54499,669,持分移轉,00890000
RPPOMLSLLHHGFAI28CB,湖子內段湖美小段,6.69,都市：住,54499,669,持分移轉,00900000
RPPOMLSLLHHGFAI28CB,湖子內段湖美小段,26.49,都市：住,215480,2649,持分移轉,00910000
RPUNMLTLLHHGFAI78CB,下路頭段,112.00,都市：住,1,1,全筆移轉,00860195
RPUNMLTLLHHGFAI78CB,下路頭段,19.33,都市：住,12,1,持分移轉,00860027
RPTNMLTLLHHGFAI68CB,遠東段,23.82,都市：住,100000,632,持分移轉,00640000
RPUNMLTLLHHGFAI78CB,下路頭段,.42,都市：住,12,1,持分移轉,00860191
RPQNMLTLLHHGFAI38CB,竹村段,53.59,都市：住,1,1,全筆移轉,04110005
RPQNMLTLLHHGFAI38CB,竹村段,41.88,都市：住,33501,4188,持分移轉,04110000
RPQNMLTLLHHGFAI38CB,竹村段,.27,都市：住,218,27,持分移轉,04110008
RPQNMLLMLHHGFAI67CB,盧厝段,27.22,都市：住,166600,2722,持分移轉,04110000
RPQNMLLMLHHGFAI67CB,盧厝段,10.52,都市：住,83100,1052,持分移轉,04110007
RPQNMLTLLHHGFAI38CB,竹村段,.48,都市：住,380,48,持分移轉,04110011
RPRNMLKMLHHGFAI67CB,竹村段,91.09,都市：住,1,1,全筆移轉,08390003
RPRNMLKMLHHGFAI67CB,竹村段,7.53,都市：住,4441,753,持分移轉,08390008
RPRNMLLMLHHGFAI77CB,盧厝段,21.31,都市：住,166600,2131,持分移轉,04110000
RPRNMLLMLHHGFAI77CB,盧厝段,10.52,都市：住,83100,1052,持分移轉,04110007
RPPNMLLMLHHGFAI57CB,盧厝段,29.27,都市：住,166600,2927,持分移轉,04110000
RPPNMLLMLHHGFAI57CB,盧厝段,10.52,都市：住,83100,1052,持分移轉,04110007
RPRNMLLJMHHGFAI57CB,湖子內段湖美小段,90.79,都市：其他:第一種休閒專用區,1,1,全筆移轉,05070029
RPRNMLLJMHHGFAI57CB,湖子內段湖美小段,19.45,都市：其他:第一種休閒專用區,18,1,持分移轉,05070038
RPSNMLLJMHHGFAI67CB,湖子內段湖美小段,92.42,都市：其他:第一種休閒專用區,1,1,全筆移轉,05070046
RPSNMLLJMHHGFAI67CB,湖子內段湖美小段,19.45,都市：其他:第一種休閒專用區,18,1,持分移轉,05070038
RPPNMLLJMHHGFAI37CB,竹圍子段一小段,4.48,都市：商,100000,338,持分移轉,02370000
RPPNMLLJMHHGFAI37CB,竹圍子段一小段,2.84,都市：商,100000,338,持分移轉,02410000
RPPNMLLJMHHGFAI37CB,竹圍子段一小段,1.69,都市：商,100000,338,持分移轉,02420000
RPQNMLLJMHHGFAI47CB,劉厝段,138.00,都市：住,1,1,全筆移轉,00180167
RPQNMLLJMHHGFAI47CB,劉厝段,.24,都市：住,50,1,持分移轉,00180006
RPQNMLLJMHHGFAI47CB,劉厝段,12.42,都市：住,50,3,持分移轉,00230002
RPTNMLLJMHHGFAI77CB,湖子內段湖美小段,92.48,都市：其他:第一種休閒專用區,1,1,全筆移轉,05070033
RPTNMLLJMHHGFAI77CB,湖子內段湖美小段,19.45,都市：其他:第一種休閒專用區,18,1,持分移轉,05070038
RPWNMLLJMHHGFAI08CB,盧厝段,20.01,都市：住,166600,2001,持分移轉,04110000
RPWNMLLJMHHGFAI08CB,盧厝段,10.52,都市：住,83100,1052,持分移轉,04110007
RPSNMLQJMHHGFAI18CB,下路頭段,56.51,都市：住,100000,4278,持分移轉,00920003
RPPNMLPJMHHGFAI77CB,劉厝段,15.79,都市：住,460,8,持分移轉,00230007
RPPNMLPJMHHGFAI77CB,劉厝段,95.00,都市：住,1,1,全筆移轉,00230012
RPPNMLPJMHHGFAI77CB,劉厝段,.16,都市：住,74,1,持分移轉,00180006
RPXNMLLJMHHGFAI18CB,盧厝段,25.46,都市：住,166600,2546,持分移轉,04110000
RPXNMLLJMHHGFAI18CB,盧厝段,10.52,都市：住,83100,1052,持分移轉,04110007
RPPNMLRJMHHGFAI97CB,宣信段,1.10,都市：住,131208,2707,持分移轉,00520000
RPPNMLRJMHHGFAI97CB,宣信段,.80,都市：住,131208,2707,持分移轉,00530000
RPPNMLRJMHHGFAI97CB,宣信段,.79,都市：住,131208,2707,持分移轉,00540000
RPPNMLRJMHHGFAI97CB,宣信段,.79,都市：住,131208,2707,持分移轉,00550000
RPPNMLRJMHHGFAI97CB,宣信段,.78,都市：住,131208,2707,持分移轉,00560000
RPPNMLRJMHHGFAI97CB,宣信段,.90,都市：住,131208,2707,持分移轉,00570000
RPPNMLRJMHHGFAI97CB,宣信段,21.91,都市：住,131208,2707,持分移轉,00610000
RPPOMLLJMHHGFAI47CB,盧厝段,25.46,都市：住,166600,2546,持分移轉,04110000
RPPOMLLJMHHGFAI47CB,盧厝段,10.52,都市：住,83100,1052,持分移轉,04110007
RPRNMLRJMHHGFAI18CB,宣信段,.85,都市：住,131208,2092,持分移轉,00520000
RPRNMLRJMHHGFAI18CB,宣信段,.62,都市：住,131208,2092,持分移轉,00530000
RPRNMLRJMHHGFAI18CB,宣信段,.61,都市：住,131208,2092,持分移轉,00540000
RPRNMLRJMHHGFAI18CB,宣信段,.61,都市：住,131208,2092,持分移轉,00550000
RPRNMLRJMHHGFAI18CB,宣信段,.60,都市：住,131208,2092,持分移轉,00560000
RPRNMLRJMHHGFAI18CB,宣信段,.70,都市：住,131208,2092,持分移轉,00570000
RPRNMLRJMHHGFAI18CB,宣信段,16.93,都市：住,131208,2092,持分移轉,00610000
RPSNMLRJMHHGFAI28CB,宣信段,1.04,都市：住,131208,2539,持分移轉,00520000
RPSNMLRJMHHGFAI28CB,宣信段,.75,都市：住,131208,2539,持分移轉,00530000
RPSNMLRJMHHGFAI28CB,宣信段,.74,都市：住,131208,2539,持分移轉,00540000
RPSNMLRJMHHGFAI28CB,宣信段,.74,都市：住,131208,2539,持分移轉,00550000
RPSNMLRJMHHGFAI28CB,宣信段,.73,都市：住,131208,2539,持分移轉,00560000
RPSNMLRJMHHGFAI28CB,宣信段,.84,都市：住,131208,2539,持分移轉,00570000
RPSNMLRJMHHGFAI28CB,宣信段,20.55,都市：住,131208,2539,持分移轉,00610000
RPQNMLRJMHHGFAI08CB,宣信段,1.04,都市：住,131208,2539,持分移轉,00520000
RPQNMLRJMHHGFAI08CB,宣信段,.75,都市：住,131208,2539,持分移轉,00530000
RPQNMLRJMHHGFAI08CB,宣信段,.74,都市：住,131208,2539,持分移轉,00540000
RPQNMLRJMHHGFAI08CB,宣信段,.74,都市：住,131208,2539,持分移轉,00550000
RPQNMLRJMHHGFAI08CB,宣信段,.73,都市：住,131208,2539,持分移轉,00560000
RPQNMLRJMHHGFAI08CB,宣信段,.84,都市：住,131208,2539,持分移轉,00570000
RPQNMLRJMHHGFAI08CB,宣信段,20.55,都市：住,131208,2539,持分移轉,00610000
RPTNMLRJMHHGFAI38CB,宣信段,1.09,都市：住,131208,2668,持分移轉,00520000
RPTNMLRJMHHGFAI38CB,宣信段,.79,都市：住,131208,2668,持分移轉,00530000
RPTNMLRJMHHGFAI38CB,宣信段,.78,都市：住,131208,2668,持分移轉,00540000
RPTNMLRJMHHGFAI38CB,宣信段,.78,都市：住,131208,2668,持分移轉,00550000
RPTNMLRJMHHGFAI38CB,宣信段,.77,都市：住,131208,2668,持分移轉,00560000
RPTNMLRJMHHGFAI38CB,宣信段,.89,都市：住,131208,2668,持分移轉,00570000
RPTNMLRJMHHGFAI38CB,宣信段,21.59,都市：住,131208,2668,持分移轉,00610000
RPRNMLSJMHHGFAI28CB,竹村段,91.14,都市：住,1,1,全筆移轉,08390004
RPRNMLSJMHHGFAI28CB,竹村段,7.54,都市：住,4441,754,持分移轉,08390008
RPVNMLRJMHHGFAI58CB,湖子內段湖美小段,6.73,都市：住,54499,673,持分移轉,00890000
RPVNMLRJMHHGFAI58CB,湖子內段湖美小段,6.73,都市：住,54499,673,持分移轉,00900000
RPVNMLRJMHHGFAI58CB,湖子內段湖美小段,26.61,都市：住,215480,2661,持分移轉,00910000
RPQNMLLKMHHGFAI57CB,盧厝段,34.85,都市：住,166600,3485,持分移轉,04110000
RPQNMLLKMHHGFAI57CB,盧厝段,10.52,都市：住,83100,1052,持分移轉,04110007
RPUNMLRJMHHGFAI48CB,宣信段,.85,都市：住,131208,2092,持分移轉,00520000
RPUNMLRJMHHGFAI48CB,宣信段,.62,都市：住,131208,2092,持分移轉,00530000
RPUNMLRJMHHGFAI48CB,宣信段,.61,都市：住,131208,2092,持分移轉,00540000
RPUNMLRJMHHGFAI48CB,宣信段,.61,都市：住,131208,2092,持分移轉,00550000
RPUNMLRJMHHGFAI48CB,宣信段,.60,都市：住,131208,2092,持分移轉,00560000
RPUNMLRJMHHGFAI48CB,宣信段,.70,都市：住,131208,2092,持分移轉,00570000
RPUNMLRJMHHGFAI48CB,宣信段,16.93,都市：住,131208,2092,持分移轉,00610000
RPQNMLKKMHHGFAI47CB,湖子內段興安小段,203.41,都市：住,1,1,全筆移轉,00350012
RPQNMLKKMHHGFAI47CB,湖子內段興安小段,.37,都市：住,453,37,持分移轉,00350013
RPPNMLMKMHHGFAI57CB,湖子內段湖美小段,6.73,都市：住,54499,673,持分移轉,00890000
RPPNMLMKMHHGFAI57CB,湖子內段湖美小段,6.73,都市：住,54499,673,持分移轉,00900000
RPPNMLMKMHHGFAI57CB,湖子內段湖美小段,26.61,都市：住,215480,2661,持分移轉,00910000
RPRNMLLKMHHGFAI67CB,湖內段,4.52,都市：住,92,1,持分移轉,09690024
RPRNMLLKMHHGFAI67CB,湖內段,.02,都市：住,92,1,持分移轉,09690026
RPRNMLLKMHHGFAI67CB,湖內段,.14,都市：住,160,1,持分移轉,09250000
RPRNMLLKMHHGFAI67CB,湖內段,3.00,都市：住,640,3,持分移轉,09700000
RPRNMLLKMHHGFAI67CB,湖內段,.01,都市：住,640,3,持分移轉,09700001
RPRNMLLKMHHGFAI67CB,湖內段,5.25,都市：住,100000,1385,持分移轉,09260000
RPRNMLLKMHHGFAI67CB,湖內段,.01,都市：住,100000,1385,持分移轉,09260001
RPRNMLLKMHHGFAI67CB,湖內段,21.04,都市：住,100000,1385,持分移轉,09690001
RPRNMLLKMHHGFAI67CB,湖內段,.01,都市：住,100000,1385,持分移轉,09690025
RPQNMLMKMHHGFAI67CB,湖子內段湖美小段,6.73,都市：住,54499,673,持分移轉,00890000
RPQNMLMKMHHGFAI67CB,湖子內段湖美小段,6.73,都市：住,54499,673,持分移轉,00900000
RPQNMLMKMHHGFAI67CB,湖子內段湖美小段,26.61,都市：住,215480,2661,持分移轉,00910000
RPPNMLLKMHHGFAI47CB,下路頭段,39.78,都市：住,100000,3011,持分移轉,00920003
RPRNMLNKMHHGFAI87CB,彌陀段,36.02,都市：住,1000000,17847,持分移轉,01430000
RPRNMLMKMHHGFAI77CB,竹圍子段一小段,5.50,都市：商,100000,415,持分移轉,02370000
RPRNMLMKMHHGFAI77CB,竹圍子段一小段,3.49,都市：商,100000,415,持分移轉,02410000
RPRNMLMKMHHGFAI77CB,竹圍子段一小段,2.07,都市：商,100000,415,持分移轉,02420000
RPPNMLPKMHHGFAI87CB,湖子內段湖美小段,89.96,都市：其他:第一種休閒專用區,1,1,全筆移轉,05070036
RPPNMLNKMHHGFAI67CB,竹圍子段一小段,8.96,都市：商,100000,676,持分移轉,02370000
RPPNMLNKMHHGFAI67CB,竹圍子段一小段,5.68,都市：商,100000,676,持分移轉,02410000
RPPNMLNKMHHGFAI67CB,竹圍子段一小段,3.04,都市：商,100000,676,持分移轉,02420000
RPQNMLPKMHHGFAI97CB,湖子內段湖美小段,89.96,都市：其他:第一種休閒專用區,1,1,全筆移轉,05070035
RPRNMLPKMHHGFAI08CB,湖子內段湖美小段,91.10,都市：其他:第一種休閒專用區,1,1,全筆移轉,05070034
RPPNMLQKMHHGFAI97CB,湖子內段興安小段,108.07,都市：住,1,1,全筆移轉,00350002
RPPNMLQKMHHGFAI97CB,湖子內段興安小段,.38,都市：住,453,38,持分移轉,00350013
RPQNMLOKMHHGFAI87CB,下路頭段,91.00,都市：住,1,1,全筆移轉,02220011
RPQNMLOKMHHGFAI87CB,下路頭段,88.00,都市：住,1,1,全筆移轉,02220010
RPPNMLRKMHHGFAI08CB,下埤段,84.00,都市：住,1,1,全筆移轉,06360020
RPPNMLRKMHHGFAI08CB,下埤段,15.91,都市：住,19,1,持分移轉,06360015
RPPNMLSKMHHGFAI18CB,湖子內段湖美小段,6.69,都市：住,54499,669,持分移轉,00890000
RPPNMLSKMHHGFAI18CB,湖子內段湖美小段,6.69,都市：住,54499,669,持分移轉,00900000
RPPNMLSKMHHGFAI18CB,湖子內段湖美小段,26.49,都市：住,215480,2649,持分移轉,00910000
RPTNMLPKMHHGFAI28CB,湖子內段湖美小段,85.71,都市：其他:第一種休閒專用區,1,1,全筆移轉,05070040
RPTNMLPKMHHGFAI28CB,湖子內段湖美小段,19.45,都市：其他:第一種休閒專用區,18,1,持分移轉,05070038
RPRNMLSKMHHGFAI38CB,湖子內段湖美小段,6.69,都市：住,54499,669,持分移轉,00890000
RPRNMLSKMHHGFAI38CB,湖子內段湖美小段,6.69,都市：住,54499,669,持分移轉,00900000
RPRNMLSKMHHGFAI38CB,湖子內段湖美小段,26.49,都市：住,215480,2649,持分移轉,00910000
RPPOMLSKMHHGFAI28CB,湖子內段興安小段,94.14,都市：住,1,1,全筆移轉,02530001
RPQNMLRKMHHGFAI18CB,劉厝段,93.00,都市：住,1,1,全筆移轉,00180128
RPQNMLRKMHHGFAI18CB,劉厝段,.16,都市：住,74,1,持分移轉,00180006
RPQNMLRKMHHGFAI18CB,劉厝段,15.79,都市：住,460,8,持分移轉,00230007
RPRNMLTKMHHGFAI48CB,湖子內段新民小段,76.18,都市：其他:第三種休閒專用區,1,1,全筆移轉,04320002
RPOOMLSKMHHGFAI18CB,湖子內段興安小段,97.47,都市：住,1,1,全筆移轉,02530003
RPSNMLKLMHHGFAI77CB,盧厝段,10.52,都市：住,83100,1052,持分移轉,04110007
RPSNMLKLMHHGFAI77CB,盧厝段,136.00,都市：住,1,1,全筆移轉,04110006
RPTNMLSKMHHGFAI58CB,湖子內段新民小段,97.97,都市：其他:第三種休閒專用區,1,1,全筆移轉,04320007
RPQOMLSKMHHGFAI38CB,下路頭段,56.51,都市：住,100000,4278,持分移轉,00920003
RPQNMLKLMHHGFAI57CB,湖子內段新民小段,73.53,都市：其他:第三種休閒專用區,1,1,全筆移轉,04320004
RPTNMLKLMHHGFAI87CB,車店段,74.00,都市：住,1,1,全筆移轉,04020048
RPQOMLKLMHHGFAI67CB,湖子內段湖美小段,89.28,都市：其他:第一種休閒專用區,1,1,全筆移轉,05070028
RPQOMLKLMHHGFAI67CB,湖子內段湖美小段,19.45,都市：其他:第一種休閒專用區,18,1,持分移轉,05070038
RPROMLKLMHHGFAI77CB,湖子內段湖美小段,88.16,都市：其他:第一種休閒專用區,1,1,全筆移轉,05070003
RPROMLKLMHHGFAI77CB,湖子內段湖美小段,19.45,都市：其他:第一種休閒專用區,18,1,持分移轉,05070038
RPUOMLKLMHHGFAI08CB,湖子內段湖美小段,90.74,都市：其他:第一種休閒專用區,1,1,全筆移轉,05070042
RPUOMLKLMHHGFAI08CB,湖子內段湖美小段,19.45,都市：其他:第一種休閒專用區,18,1,持分移轉,05070038
RPVOMLKLMHHGFAI18CB,湖子內段湖美小段,90.79,都市：其他:第一種休閒專用區,1,1,全筆移轉,05070030
RPVOMLKLMHHGFAI18CB,湖子內段湖美小段,19.45,都市：其他:第一種休閒專用區,18,1,持分移轉,05070038
RPPPMLKLMHHGFAI67CB,湖子內段湖美小段,92.42,都市：其他:第一種休閒專用區,1,1,全筆移轉,05070046
RPPPMLKLMHHGFAI67CB,湖子內段湖美小段,19.45,都市：其他:第一種休閒專用區,18,1,持分移轉,05070038
RPTOMLKLMHHGFAI97CB,湖子內段湖美小段,90.74,都市：其他:第一種休閒專用區,1,1,全筆移轉,05070044
RPTOMLKLMHHGFAI97CB,湖子內段湖美小段,19.45,都市：其他:第一種休閒專用區,18,1,持分移轉,05070038
RPSOMLKLMHHGFAI87CB,湖子內段湖美小段,90.74,都市：其他:第一種休閒專用區,1,1,全筆移轉,05070043
RPSOMLKLMHHGFAI87CB,湖子內段湖美小段,19.45,都市：其他:第一種休閒專用區,18,1,持分移轉,05070038
RPWOMLKLMHHGFAI28CB,湖子內段湖美小段,85.75,都市：其他:第一種休閒專用區,1,1,全筆移轉,05070027
RPWOMLKLMHHGFAI28CB,湖子內段湖美小段,19.45,都市：其他:第一種休閒專用區,18,1,持分移轉,05070038
RPPNMLMLMHHGFAI67CB,湖子內段湖美小段,36.41,都市：住,100000,5437,持分移轉,04340000
RPQPMLKLMHHGFAI77CB,湖子內段湖美小段,90.79,都市：其他:第一種休閒專用區,1,1,全筆移轉,05070029
RPQPMLKLMHHGFAI77CB,湖子內段湖美小段,19.45,都市：其他:第一種休閒專用區,18,1,持分移轉,05070038
RPSPMLKLMHHGFAI97CB,湖子內段湖美小段,89.23,都市：其他:第一種休閒專用區,1,1,全筆移轉,05070041
RPSPMLKLMHHGFAI97CB,湖子內段湖美小段,19.45,都市：其他:第一種休閒專用區,18,1,持分移轉,05070038
RPRNMLMLMHHGFAI87CB,湖子內段湖美小段,104.85,都市：其他:第三種休閒專用區,1,1,全筆移轉,05580003
RPRNMLMLMHHGFAI87CB,湖子內段湖美小段,21.91,都市：其他:第三種休閒專用區,14,1,持分移轉,05580000
RPPNMLPLMHHGFAI97CB,南田段,72.61,都市：住,1,1,全筆移轉,14710000
RPRPMLKLMHHGFAI87CB,湖子內段湖美小段,92.48,都市：其他:第一種休閒專用區,1,1,全筆移轉,05070033
RPRPMLKLMHHGFAI87CB,湖子內段湖美小段,19.45,都市：其他:第一種休閒專用區,18,1,持分移轉,05070038
RPQNMLMLMHHGFAI77CB,湖子內段湖美小段,6.69,都市：住,54499,669,持分移轉,00890000
RPQNMLMLMHHGFAI77CB,湖子內段湖美小段,6.69,都市：住,54499,669,持分移轉,00900000
RPQNMLMLMHHGFAI77CB,湖子內段湖美小段,26.49,都市：住,215480,2649,持分移轉,00910000
RPQNMLQLMHHGFAI18CB,宣信段,20.92,都市：住,131208,2092,持分移轉,00520000
RPRNMLQLMHHGFAI28CB,宣信段,20.92,都市：住,131208,2092,持分移轉,00520000
RPQNMLPLMHHGFAI08CB,車店段,74.00,都市：住,1,1,全筆移轉,04020049
RPUNMLQLMHHGFAI58CB,北園段,16.52,都市：住,79500,1652,持分移轉,15940038
RPUNMLQLMHHGFAI58CB,北園段,199.00,都市：住,1,1,全筆移轉,15940039
RPRNMLPLMHHGFAI18CB,湖子內段湖美小段,91.22,都市：其他:第三種休閒專用區,1,1,全筆移轉,05580018
RPQNMLRLMHHGFAI28CB,盧厝段,10.52,都市：住,83100,1052,持分移轉,04110007
RPQNMLRLMHHGFAI28CB,盧厝段,110.00,都市：住,1,1,全筆移轉,04110003
RPSNMLQLMHHGFAI38CB,宣信段,20.92,都市：住,131208,2092,持分移轉,00520000
RPRNMLRLMHHGFAI38CB,盧厝段,10.52,都市：住,83100,1052,持分移轉,04110007
RPRNMLRLMHHGFAI38CB,盧厝段,100.00,都市：住,1,1,全筆移轉,04170037
RPSNMLSLMHHGFAI58CB,遠東段,23.82,都市：住,100000,632,持分移轉,00640000
RPQNMLSLMHHGFAI38CB,湖子內段興安小段,97.52,都市：住,1,1,全筆移轉,02530000
RPPNMLTLMHHGFAI38CB,湖子內段湖美小段,5.06,都市：住,54499,506,持分移轉,00890000
RPPNMLTLMHHGFAI38CB,湖子內段湖美小段,5.06,都市：住,54499,506,持分移轉,00900000
RPPNMLTLMHHGFAI38CB,湖子內段湖美小段,19.97,都市：住,215480,1997,持分移轉,00910000
RPTNMLSLMHHGFAI68CB,遠東段,21.60,都市：住,100000,573,持分移轉,00640000
RPQNMLTLMHHGFAI48CB,盧厝段,10.52,都市：住,83100,1052,持分移轉,04110007
RPQNMLTLMHHGFAI48CB,盧厝段,101.00,都市：住,1,1,全筆移轉,04170033
RPRNMLTLMHHGFAI58CB,盧厝段,10.52,都市：住,83100,1052,持分移轉,04110007
RPRNMLTLMHHGFAI58CB,盧厝段,97.00,都市：住,1,1,全筆移轉,04170044
RPSNMLTLMHHGFAI68CB,盧厝段,10.52,都市：住,83100,1052,持分移轉,04110007
RPSNMLTLMHHGFAI68CB,盧厝段,98.00,都市：住,1,1,全筆移轉,04170041
RPTNMLPJNHHGFAI28CB,港子坪段港坪小段,25.74,都市：住,100000,8668,持分移轉,01870000
RPTNMLTLMHHGFAI78CB,盧厝段,20.55,都市：住,166600,2055,持分移轉,04110000
RPTNMLTLMHHGFAI78CB,盧厝段,10.52,都市：住,83100,1052,持分移轉,04110007
RPUNMLPJNHHGFAI38CB,港子坪段港坪小段,24.22,都市：住,100000,8155,持分移轉,01870000
RPPNMLTJNHHGFAI28CB,湖子內段興安小段,154.56,都市：住,1,1,全筆移轉,03480003
RPPNMLNJNHHGFAI67CB,車店段,74.00,都市：住,1,1,全筆移轉,04020047
RPPNMLLKNHHGFAI57CB,湖子內段湖美小段,75.74,都市：其他:第三種休閒專用區,1,1,全筆移轉,05580009
RPPNMLLKNHHGFAI57CB,湖子內段湖美小段,21.91,都市：其他:第三種休閒專用區,14,1,持分移轉,05580000
RPQNMLMKNHHGFAI77CB,盧厝段,31.43,都市：住,166600,3143,持分移轉,04110000
RPQNMLMKNHHGFAI77CB,盧厝段,10.52,都市：住,83100,1052,持分移轉,04110007
RPQNMLQJNHHGFAI08CB,湖子內段湖美小段,208.77,都市：住,1,1,全筆移轉,00120004
RPRNMLMKNHHGFAI87CB,盧厝段,29.27,都市：住,166600,2927,持分移轉,04110000
RPRNMLMKNHHGFAI87CB,盧厝段,10.52,都市：住,83100,1052,持分移轉,04110007
RPQNMLQKNHHGFAI18CB,湖子內段興安小段,92.76,都市：住,1,1,全筆移轉,00350006
RPQNMLQKNHHGFAI18CB,湖子內段興安小段,.38,都市：住,453,38,持分移轉,00350013
RPQNMLLKNHHGFAI67CB,盧厝段,27.30,都市：住,166600,2730,持分移轉,04110000
RPQNMLLKNHHGFAI67CB,盧厝段,10.52,都市：住,83100,1052,持分移轉,04110007
RPRNMLLKNHHGFAI77CB,盧厝段,27.22,都市：住,166600,2722,持分移轉,04110000
RPRNMLLKNHHGFAI77CB,盧厝段,10.52,都市：住,83100,1052,持分移轉,04110007
RPPNMLQKNHHGFAI08CB,湖子內段湖美小段,31.47,都市：住,324478,3147,持分移轉,00890000
RPTNMLSKNHHGFAI68CB,竹圍子段一小段,10.77,都市：商,100000,812,持分移轉,02370000
RPTNMLSKNHHGFAI68CB,竹圍子段一小段,6.82,都市：商,100000,812,持分移轉,02410000
RPTNMLSKNHHGFAI68CB,竹圍子段一小段,4.05,都市：商,100000,812,持分移轉,02420000
RPPNMLNKNHHGFAI77CB,下路頭段,92.00,都市：住,1,1,全筆移轉,00860185
RPPNMLNKNHHGFAI77CB,下路頭段,19.33,都市：住,12,1,持分移轉,00860027
RPPNMLNKNHHGFAI77CB,下路頭段,.42,都市：住,12,1,持分移轉,00860191
RPPNMLNKNHHGFAI77CB,下路頭段,5.43,都市：住,7,1,持分移轉,00860192
RPUNMLSKNHHGFAI78CB,竹圍子段一小段,5.25,都市：商,100000,396,持分移轉,02370000
RPUNMLSKNHHGFAI78CB,竹圍子段一小段,3.33,都市：商,100000,396,持分移轉,02410000
RPUNMLSKNHHGFAI78CB,竹圍子段一小段,1.98,都市：商,100000,396,持分移轉,02420000
RPVNMLSKNHHGFAI88CB,竹圍子段一小段,9.11,都市：商,100000,687,持分移轉,02370000
RPVNMLSKNHHGFAI88CB,竹圍子段一小段,5.77,都市：商,100000,687,持分移轉,02410000
RPVNMLSKNHHGFAI88CB,竹圍子段一小段,3.43,都市：商,100000,687,持分移轉,02420000
RPPNMLSKNHHGFAI28CB,盧東段,37.13,都市：農,10000,281,持分移轉,08980000
RPSNMLQKNHHGFAI38CB,湖子內段湖美小段,39.87,都市：住,324478,3987,持分移轉,00890000
RPPNMLRKNHHGFAI18CB,湖子內段新民小段,25.71,都市：住,10000,157,持分移轉,02440000
RPPNMLKLNHHGFAI57CB,港子坪段港坪小段,109.00,都市：住,1,1,全筆移轉,01870004
RPQNMLSKNHHGFAI38CB,湖子內段湖美小段,38.84,都市：住,100000,5800,持分移轉,04340000
RPPNMLTKNHHGFAI38CB,湖子內段湖美小段,89.96,都市：其他:第一種休閒專用區,1,1,全筆移轉,05070049
RPQNMLNLNHHGFAI97CB,湖子內段湖美小段,39.87,都市：住,324478,3987,持分移轉,00890000
RPRNMLNLNHHGFAI08CB,湖子內段湖美小段,32.22,都市：住,324478,3222,持分移轉,00890000
RPWNMLSKNHHGFAI98CB,竹圍子段一小段,4.48,都市：商,100000,338,持分移轉,02370000
RPWNMLSKNHHGFAI98CB,竹圍子段一小段,2.84,都市：商,100000,338,持分移轉,02410000
RPWNMLSKNHHGFAI98CB,竹圍子段一小段,1.69,都市：商,100000,338,持分移轉,02420000
RPQNMLRJOHHGFAI28CB,湖子內段新民小段,74.01,都市：其他:第三種休閒專用區,1,1,全筆移轉,04320003
RPPNMLNLNHHGFAI87CB,湖子內段湖美小段,31.47,都市：住,324478,3147,持分移轉,00890000
RPSNMLSJOHHGFAI58CB,竹村段,53.66,都市：住,1,1,全筆移轉,04110006
RPSNMLSJOHHGFAI58CB,竹村段,41.88,都市：住,33501,4188,持分移轉,04110000
RPSNMLSJOHHGFAI58CB,竹村段,.27,都市：住,218,27,持分移轉,04110008
RPSNMLSJOHHGFAI58CB,竹村段,.48,都市：住,380,48,持分移轉,04110011
RPRNMLQJPHHGFAI38CB,宣信段,25.39,都市：住,131208,2539,持分移轉,00520000
RPRNMLPLNHHGFAI28CB,湖子內段湖美小段,100.00,都市：住,1,1,全筆移轉,02360001
RPSNMLPLNHHGFAI38CB,湖子內段湖美小段,100.00,都市：住,1,1,全筆移轉,02360002
RPQNMLQJPHHGFAI28CB,宣信段,25.39,都市：住,131208,2539,持分移轉,00520000
RPWNMLQJPHHGFAI88CB,宣信段,25.39,都市：住,131208,2539,持分移轉,00520000
RPUNMLQJPHHGFAI68CB,宣信段,25.39,都市：住,131208,2539,持分移轉,00520000
RPPNMLQJPHHGFAI18CB,宣信段,25.39,都市：住,131208,2539,持分移轉,00520000
RPSNMLQJPHHGFAI48CB,宣信段,25.39,都市：住,131208,2539,持分移轉,00520000
RPXNMLQJPHHGFAI98CB,宣信段,30.18,都市：住,131208,3018,持分移轉,00520000
RPTNMLQJPHHGFAI58CB,宣信段,25.39,都市：住,131208,2539,持分移轉,00520000
RPOOMLQJPHHGFAI18CB,宣信段,27.07,都市：住,131208,2707,持分移轉,00520000
RPVNMLQJPHHGFAI78CB,宣信段,20.92,都市：住,131208,2092,持分移轉,00520000
