﻿編號,屋齡,建物移轉面積平方公尺,主要用途,主要建材,建築完成日期,總層數,建物分層
The serial number,room age,building shifting area square meter,the main use,main building materials,construction completes the date,total layer,building lamination
RPSNMLLKKHHGFDJ08CC,1,46.47,集合住宅,鋼筋混凝土造,110年4月1日,七層,
RPSNMLLKKHHGFDJ08CC,1,12.15,共有部分,鋼筋混凝土造,110年4月1日,七層,
RPQOMLOKKHHGFCJ18CC,,150.74,住家用,加強磚造,,三層,
RPSNMLLKKHHGFDJ08CC,1,10.49,共有部分,鋼筋混凝土造,110年4月1日,七層,
RPXNMLOKKHHGFCJ78CC,23,90.78,住家用,鋼筋混凝土造,87年9月29日,十層,
RPXNMLOKKHHGFCJ78CC,23,12.75,樓梯等公共設施,鋼筋混凝土造,87年9月29日,十層,
RPXNMLOKKHHGFCJ78CC,23,37.52,停車場避難室等公共設施,鋼筋混凝土造,87年9月29日,十二層,
RPROMLRKKHHGFCJ58CC,25,65.97,住家用,鋼筋混凝土造,85年12月24日,十一層,
RPROMLRKKHHGFCJ58CC,25,11.25,共有部分,鋼筋混凝土造,85年12月24日,十二層,
RPROMLRKKHHGFCJ58CC,25,4.02,共有部分,鋼筋混凝土造,85年12月24日,十二層,
RPROMLRKKHHGFCJ58CC,25,22.90,共有部分,鋼筋混凝土造,85年12月24日,十二層,
RPROMLRKKHHGFCJ58CC,25,5.43,共有部分,鋼筋混凝土造,85年12月24日,十一層,
RPXNMLQKKHHGFDJ09CC,2,25.31,集合住宅、停車空間,鋼筋混凝土造,109年4月16日,四層,
RPXPMLQKKHHGFBJ09CC,14,30.47,商業用,鋼筋混凝土造,97年3月21日,十三層,
RPXPMLQKKHHGFBJ09CC,14,.02,守衛室,鋼筋混凝土造,97年3月21日,十四層,
RPXPMLQKKHHGFBJ09CC,14,36.06,共有部分,鋼筋混凝土造,97年3月21日,十四層,
RPXPMLQKKHHGFBJ09CC,14,10.78,共有部分,鋼筋混凝土造,97年3月21日,十三層,
RPTNMLRKKHHGFBJ68DC,14,81.10,商業用,鋼筋混凝土造,96年12月4日,十三層,
RPTNMLRKKHHGFBJ68DC,14,30.08,守衛室,鋼筋混凝土造,96年12月4日,十三層,
RPRQMLLKKHHGFCJ18CC,1,418.23,工業用,鋼筋混凝土造,110年2月5日,四層,
RPRQMLLKKHHGFCJ18CC,1,245.93,工業用,鋼筋混凝土造,110年2月5日,四層,
RPVOMLSKKHHGFCJ09CC,,115.20,住家用,加強磚造,,二層,
RPSOMLSKKHHGFBJ68CC,21,949.22,工業用,鋼筋混凝土造,90年6月12日,六層,
RPPNMLKLKHHGFBJ57CC,16,206.76,住商用,鋼筋混凝土造,94年11月14日,十五層,
RPPNMLKLKHHGFBJ57CC,16,100.07,共有部分,鋼筋混凝土造,94年11月14日,十五層,
RPPNMLKLKHHGFBJ57CC,16,43.54,共有部分,鋼筋混凝土造,94年11月14日,十五層,
RPTOMLSKKHHGFBJ78CC,9,722.45,工業用,鋼筋混凝土造,102年3月18日,十層,
RPUPMLSKKHHGFBJ98CC,1,53.14,集合住宅,鋼筋混凝土造,110年6月3日,十四層,
RPUPMLSKKHHGFBJ98CC,1,66.86,本共有部分之項目有防空避難室兼停車空間、停車空間、開放空間、公共服務空間、管委會使用空間、梯間、水錶區、水箱、機械室等九項。,鋼筋混凝土造,110年6月3日,十四層,
RPRNMLKLKHHGFBJ77CC,4,70.12,商業用,鋼筋混凝土造,106年11月3日,十四層,
RPRNMLKLKHHGFBJ77CC,4,32.94,本共有部分之項目有停車空間、防空避難室兼停車空間、門廳、開放空間、管委會空間、梯間、電梯機房、水箱等八項。,鋼筋混凝土造,106年11月3日,十四層,
RPVNMLLLKHHGFBJ28CC,16,163.60,商業用,鋼筋混凝土造,94年11月14日,十五層,
RPVNMLLLKHHGFBJ28CC,16,60.50,共有部分,鋼筋混凝土造,94年11月14日,十五層,
RPVNMLLLKHHGFBJ28CC,16,34.46,共有部分,鋼筋混凝土造,94年11月14日,十五層,
RPPPMLMLKHHGFBJ97CC,30,24.40,住家用,鋼筋混凝土造,81年1月27日,九層,
RPPPMLMLKHHGFBJ97CC,30,7.11,共有部分,鋼筋混凝土造,81年1月27日,九層,
RPSOMLMLKHHGFDJ38CC,2,88.90,集合住宅,鋼筋混凝土造,109年1月22日,十二層,
RPSOMLMLKHHGFDJ38CC,2,43.32,共有部分,鋼筋混凝土造,109年1月22日,十二層,
RPPRMLMLKHHGFBJ18CC,6,57.97,住家用,鋼筋混凝土造,105年6月8日,二十七層,
RPPRMLMLKHHGFBJ18CC,6,17.87,本共有部分之項目有管委會使用空間、樓梯間、機械室、水箱等四項,鋼筋混凝土造,105年6月8日,二十七層,
RPPRMLMLKHHGFBJ18CC,6,9.47,本共有部分之項目有防空避難室兼停車空間、停車空間等二項,鋼筋混凝土造,105年6月8日,二十七層,
RPVOMLNLKHHGFBJ58CC,9,292.33,工業用,鋼筋混凝土造,102年3月18日,十層,
RPQPMLMLKHHGFCJ18CC,,80.16,住家用,加強磚造,,二層,
RPPNMLMLKHHGFDJ97CC,28,103.83,住家用,鋼筋混凝土造,82年9月20日,五層,
RPPNMLMLKHHGFDJ97CC,28,32.84,共有部分,鋼筋混凝土造,82年9月20日,五層,
RPPNMLMLKHHGFDJ97CC,28,8.86,共有部分,鋼筋混凝土造,82年9月20日,五層,
RPSNMLNLKHHGFCJ28CC,26,190.69,住家用,鋼筋混凝土造,84年10月27日,四層,
RPWNMLOLKHHGFBJ68CC,11,93.93,住家用,鋼筋混凝土造,100年7月7日,十五層,
RPWNMLOLKHHGFBJ68CC,11,21.82,本共有部分之項目有梯間等一項,鋼筋混凝土造,100年7月7日,十五層,
RPWNMLOLKHHGFBJ68CC,11,83.23,本共有部分之項目有開放空間、社區中心、梯間、防空避難室、停車空間、車道、冷藏室、前廊等八項。,鋼筋混凝土造,100年7月7日,十五層,
RPWOMLOLKHHGFBJ78CC,7,70.39,住家用,鋼筋混凝土造,103年7月25日,十四層,
RPWOMLOLKHHGFBJ78CC,7,51.82,本共有部分之項目有防空避難室兼停車空間、門廳、頂蓋型開放空間、公共服務空間、垃圾儲藏室、管理室、車道等７項,鋼筋混凝土造,103年7月25日,十四層,
RPWOMLOLKHHGFBJ78CC,7,13.51,本共有部分之項目有樓梯間、水錶箱室、電梯機房、水箱等４項,鋼筋混凝土造,103年7月25日,十四層,
RPTNMLOLKHHGFBJ38CC,30,56.53,住家用,鋼筋混凝土造,81年7月31日,八層,
RPTNMLOLKHHGFBJ38CC,30,15.73,共有部分,鋼筋混凝土造,81年7月31日,八層,
RPTNMLOLKHHGFBJ38CC,30,6.14,共有部分,鋼筋混凝土造,81年7月31日,八層,
RPTNMLOLKHHGFCJ48CC,9,178.46,停車空間、住宅,鋼筋混凝土造,102年8月12日,四層,
RPPOMLPLKHHGFBJ18CC,7,11.05,本共有部分之項目有前廊、管理員室、管委會使用空間、機電空間，機械室、水箱等六項。,鋼筋混凝土造,103年9月24日,二十三層,
RPPOMLPLKHHGFBJ18CC,7,52.64,本共有部分之項目有防空避難室、停車空間、前廊、管委會空間、防災中心、管理員室等六項。,鋼筋混凝土造,103年9月24日,二十三層,
RPPOMLPLKHHGFBJ18CC,7,23.46,本共有部分之項目有梯間、機械室、水箱等三項。,鋼筋混凝土造,103年9月24日,二十三層,
RPPOMLPLKHHGFBJ18CC,7,133.91,住家用,鋼筋混凝土造,103年9月24日,二十三層,
RPTNMLMJLHHGFBJ08CC,15,487.12,工業用,鋼筋混凝土造,96年6月1日,五層,
RPTNMLMJLHHGFBJ08CC,15,406.76,共有部分,鋼筋混凝土造,96年6月1日,五層,
RPRNMLPLKHHGFDJ48CC,,59.76,集合住宅,鋼筋混凝土造,110年10月15日,十層,
RPRNMLPLKHHGFDJ48CC,,29.10,本共有部分之項目有防空避難室兼停車空間、管委會使用空間、停車空間、車道、梯間、機械室、水箱等７項,鋼筋混凝土造,110年10月15日,十層,
RPPNMLLJLHHGFBJ57CC,14,26.99,商業用,鋼筋混凝土造,97年6月9日,九層,
RPPNMLLJLHHGFBJ57CC,14,7.68,共有部分,鋼筋混凝土造,97年6月9日,九層,
RPPNMLLJLHHGFBJ57CC,14,.08,管理員室,鋼筋混凝土造,97年6月9日,九層,
RPPNMLLJLHHGFBJ57CC,14,12.76,共有部分,鋼筋混凝土造,97年6月9日,九層,
RPXNMLMJLHHGFBJ48CC,14,110.65,住商用,鋼筋混凝土造,96年9月11日,五層,
RPSPMLMJLHHGFBJ18CC,15,310.70,工業用,鋼筋混凝土造,96年6月7日,八層,
RPSPMLMJLHHGFBJ18CC,15,264.39,工業用,鋼筋混凝土造,96年6月7日,八層,
RPSPMLMJLHHGFBJ18CC,15,266.69,工業用,鋼筋混凝土造,96年6月7日,八層,
RPSPMLMJLHHGFBJ18CC,15,399.68,工業用,鋼筋混凝土造,96年6月7日,八層,
RPSPMLMJLHHGFBJ18CC,15,264.35,工業用,鋼筋混凝土造,96年6月7日,八層,
RPSPMLMJLHHGFBJ18CC,15,257.87,工業用,鋼筋混凝土造,96年6月7日,八層,
RPSPMLMJLHHGFBJ18CC,15,296.15,工業用,鋼筋混凝土造,96年6月7日,八層,
RPPNMLQLKHHGFBJ18CC,17,104.76,住家用,鋼筋混凝土造,94年1月31日,十四層,
RPPNMLQLKHHGFBJ18CC,17,14.14,共有部分,鋼筋混凝土造,94年1月31日,十四層,
RPPNMLQLKHHGFBJ18CC,17,15.68,共有部分,鋼筋混凝土造,94年1月31日,十四層,
RPPNMLNJLHHGFBJ77CC,5,173.74,廠房,鋼筋混凝土造,106年7月12日,十三層,
RPSPMLNJLHHGFBJ28CC,15,95.55,商業用,鋼筋混凝土造,95年12月4日,十二層,
RPSPMLNJLHHGFBJ28CC,15,28.03,共有部分,鋼筋混凝土造,95年12月4日,十二層,
RPUPMLOJLHHGFBJ58CC,16,94.02,住家用,鋼筋混凝土造,95年5月19日,十五層,
RPUPMLOJLHHGFBJ58CC,16,.05,管理中心,鋼筋混凝土造,95年5月19日,十五層,
RPUPMLOJLHHGFBJ58CC,16,12.38,共有部分,鋼筋混凝土造,95年5月19日,十五層,
RPUPMLOJLHHGFBJ58CC,16,42.87,共有部分,鋼筋混凝土造,95年5月19日,十五層,
RPPNMLMJLHHGFDJ87CC,2,33.55,集合住宅、停車空間,鋼筋混凝土造,109年4月16日,四層,
RPVPMLOJLHHGFBJ68CC,27,65.64,住家用,鋼筋混凝土造,84年5月29日,六層,
RPVPMLOJLHHGFBJ68CC,27,12.73,共有部分,鋼筋混凝土造,84年5月29日,六層,
RPVPMLOJLHHGFBJ68CC,27,16.95,共有部分,鋼筋混凝土造,84年5月29日,七層,
RPSNMLMJLHHGFDJ18CC,,59.76,集合住宅,鋼筋混凝土造,110年10月15日,十層,
RPSNMLMJLHHGFDJ18CC,,29.10,本共有部分之項目有防空避難室兼停車空間、管委會使用空間、停車空間、車道、梯間、機械室、水箱等７項,鋼筋混凝土造,110年10月15日,十層,
RPQNMLRJLHHGFDJ48CC,,58.37,集合住宅,鋼筋混凝土造,110年10月13日,九層,
RPQNMLRJLHHGFDJ48CC,,29.04,本共有部分之項目有停車空間、管理員室、管委會使用空間、機車停車空間、樓梯間、水箱、機械室等７項,鋼筋混凝土造,110年10月13日,九層,
RPRNMLOJLHHGFCJ18CC,28,234.61,住家用,鋼筋混凝土造,83年6月29日,五層,
RPTOMLRJLHHGFDJ88CC,4,55.32,集合住宅,鋼筋混凝土造,107年2月13日,七層,
RPTOMLRJLHHGFDJ88CC,4,10.77,本共有部分之項目有安全梯間、梯廳、昇降機間、水箱、機械室等五項,鋼筋混凝土造,107年2月13日,七層,
RPTOMLRJLHHGFDJ88CC,4,8.47,本共有部分之項目有安全梯間、梯廳、昇降機間、管道間、車道、管委會空間〈大廳、資源回收室、廁所、健身房〉、停車空間、台電配電室、發電機室、電信室、水箱、消防機房、污水機房、雨水機房等十四項,鋼筋混凝土造,107年2月13日,七層,
RPQNMLSJLHHGFBJ38CC,15,296.52,工業用,鋼筋混凝土造,96年6月7日,八層,
RPRNMLSJLHHGFBJ48CC,7,1090.33,工業用,鋼筋混凝土造,104年1月9日,十層,
RPTPMLRJLHHGFBJ78CC,1,68.16,集合住宅,鋼筋混凝土造,109年12月25日,二十四層,
RPTPMLRJLHHGFBJ78CC,1,32.46,本共有部分之項目有停車空間、防空避難室兼停車空間、管委會空間、防災中心、梯間、機房、水箱等七項。,鋼筋混凝土造,109年12月25日,二十四層,
RPTPMLRJLHHGFBJ78CC,1,28.74,本共有部分之項目有停車空間、防空避難室兼停車空間、管委會空間、防災中心、梯間、機房、水箱等七項。,鋼筋混凝土造,109年12月25日,二十四層,
RPWOMLRJLHHGFBJ98CC,15,237.34,住家用,鋼筋混凝土造,95年10月27日,五層,
RPWNMLTJLHHGFBJ09CC,15,88.24,住家用,鋼筋混凝土造,96年5月17日,十三層,
RPWNMLTJLHHGFBJ09CC,15,12.75,共有部分,鋼筋混凝土造,96年5月17日,十三層,
RPWNMLTJLHHGFBJ09CC,15,45.97,共有部分,鋼筋混凝土造,96年5月17日,十三層,
RPPQMLSJLHHGFBJ58CC,11,100.96,住家用,鋼筋混凝土造,100年8月5日,十四層,
RPPQMLSJLHHGFBJ58CC,11,29.28,本共有部分之項目有垃圾處理室、車道、公共服務空間、機械室、水箱、梯間及管委會使用空間、廣場式頂蓋型開放空間等八項,鋼筋混凝土造,100年8月5日,十四層,
RPPQMLSJLHHGFBJ58CC,11,10.73,本共有部分之項目有防空避難室、停車空間等二項,鋼筋混凝土造,100年8月5日,十四層,
RPOOMLTJLHHGFBJ38CC,16,92.18,住家用,鋼筋混凝土造,94年11月14日,十五層,
RPOOMLTJLHHGFBJ38CC,16,43.92,共有部分,鋼筋混凝土造,94年11月14日,十五層,
RPOOMLTJLHHGFBJ38CC,16,19.41,共有部分,鋼筋混凝土造,94年11月14日,十五層,
RPOOMLKKLHHGFBJ57CC,15,280.31,共有部分,鋼筋混凝土造,96年5月28日,二十三層,
RPOOMLKKLHHGFBJ57CC,15,731.76,商業用,鋼筋混凝土造,96年5月28日,二十三層,
RPOOMLKKLHHGFBJ57CC,15,125.23,共有部分,鋼筋混凝土造,96年5月28日,二十三層,
RPXNMLTJLHHGFBJ56CC,14,39.51,住家用,鋼筋混凝土造,96年12月28日,九層,
RPXNMLTJLHHGFBJ56CC,14,47.16,共有部分,鋼筋混凝土造,96年12月28日,九層,
RPXNMLTJLHHGFBJ56CC,14,8.54,共有部分,鋼筋混凝土造,96年12月28日,九層,
RPUNMLKKLHHGFBJ08CC,21,123.54,住家用,鋼筋混凝土造,90年1月20日,三層,
RPPOMLKKLHHGFBJ67CC,18,110.50,住家用,鋼筋混凝土造,93年5月24日,十四層,
RPPOMLKKLHHGFBJ67CC,18,12.03,共有部分,鋼筋混凝土造,93年5月24日,十四層,
RPPOMLKKLHHGFBJ67CC,18,43.63,共有部分,鋼筋混凝土造,93年5月24日,十四層,
RPVOMLKKLHHGFDJ48CC,2,52.13,集合住宅,鋼筋混凝土造,108年9月17日,五層,
RPVOMLKKLHHGFDJ48CC,2,27.24,共有部分,鋼筋混凝土造,108年9月17日,五層,
RPSSMLOKLHHGFDJ98CC,27,63.56,住商用,鋼筋混凝土造,84年1月7日,五層,
RPSSMLOKLHHGFDJ98CC,27,12.45,梯間．走道,鋼筋混凝土造,84年1月7日,五層,
RPSPMLPKLHHGFBJ58CC,,79.18,住家用,鋼筋混凝土造,,五層,
RPSPMLPKLHHGFBJ58CC,,11.66,共有部分,鋼筋混凝土造,,五層,
RPSQMLOKLHHGFDJ78CC,1,47.06,集合住宅,鋼筋混凝土造,110年4月1日,七層,
RPSQMLOKLHHGFDJ78CC,1,40.85,共有部分,鋼筋混凝土造,110年4月1日,七層,
RPSQMLOKLHHGFDJ78CC,1,10.65,共有部分,鋼筋混凝土造,110年4月1日,七層,
RPSOMLOKLHHGFBJ38CC,10,64.19,住家用,鋼筋混凝土造,101年5月1日,五層,
RPSOMLOKLHHGFBJ38CC,10,8.12,本共有部分之項目有樓梯間、水箱等二項。,鋼筋混凝土造,101年5月1日,五層,
RPSOMLOKLHHGFBJ38CC,10,22.73,本共有部分之項目有停車空間等一項。,鋼筋混凝土造,101年5月1日,五層,
RPPRMLOKLHHGFBJ38CC,26,81.30,住家用,鋼筋混凝土造,85年7月3日,十三層,
RPPRMLOKLHHGFBJ38CC,26,15.27,共有部分,鋼筋混凝土造,85年7月3日,十三層,
RPPPMLPKLHHGFBJ28CC,18,.01,共有部分,鋼筋混凝土造,93年5月17日,二十一層,
RPPPMLPKLHHGFBJ28CC,18,48.28,共有部分,鋼筋混凝土造,93年5月17日,二十一層,
RPUOMLPKLHHGFDJ88CC,2,60.44,集合住宅,鋼筋混凝土造,108年9月17日,五層,
RPUOMLPKLHHGFDJ88CC,2,26.50,共有部分,鋼筋混凝土造,108年9月17日,五層,
RPWOMLSKLHHGFBJ56CC,1,63.97,集合住宅,鋼筋混凝土造,109年12月25日,二十四層,
RPWOMLSKLHHGFBJ56CC,1,59.84,本共有部分之項目有停車空間、防空避難室兼停車空間、管委會空間、防災中心、梯間、機房、水箱等七項。,鋼筋混凝土造,109年12月25日,二十四層,
RPWOMLRKLHHGFBJ09CC,14,27.37,商業用,鋼筋混凝土造,97年3月10日,十層,
RPWOMLRKLHHGFBJ09CC,14,39.91,共有部分,鋼筋混凝土造,97年3月10日,十層,
RPXPMLLLLHHGFBJ78CC,14,27.37,商業用,鋼筋混凝土造,97年3月10日,十層,
RPXPMLLLLHHGFBJ78CC,14,11.33,共有部分,鋼筋混凝土造,97年3月10日,十層,
RPWNMLLLLHHGFDJ68CC,3,60.82,集合住宅,鋼筋混凝土造,108年8月13日,七層,
RPWNMLLLLHHGFDJ68CC,3,.13,共有部分,鋼筋混凝土造,108年8月13日,七層,
RPUPMLLLLHHGFBJ48CC,10,104.51,住家用,鋼筋混凝土造,101年3月18日,十四層,
RPRNMLRKLHHGFBJ48CC,3,144.23,金融證券辦公室,鋼筋混凝土造,107年11月30日,十四層,
RPWNMLLLLHHGFDJ68CC,3,37.77,共有部分,鋼筋混凝土造,108年8月13日,七層,
RPRNMLRKLHHGFBJ48CC,3,66.90,本共有部分之項目有停車空間、防空避難室兼停車空間、開放空間、公共服務空間、管理空間、梯間、水箱、機械室等八項。,鋼筋混凝土造,107年11月30日,十四層,
RPXQMLRKLHHGFDJ96CC,2,23.54,集合住宅,鋼筋混凝土造,108年11月4日,五層,
RPUPMLLLLHHGFBJ48CC,10,19.48,本共有部分之項目有樓梯間，水箱，機械室等三項。,鋼筋混凝土造,101年3月18日,十四層,
RPXQMLRKLHHGFDJ96CC,2,12.54,共有部分,鋼筋混凝土造,108年11月4日,五層,
RPUPMLLLLHHGFBJ48CC,10,46.20,本共有部分之項目有防空避難室，停車空間，廣場式開放空間，車道等四項。,鋼筋混凝土造,101年3月18日,十四層,
RPUPMLLLLHHGFBJ48CC,10,.05,管理員室,鋼筋混凝土造,101年3月18日,十四層,
RPWPMLLLLHHGFBJ68CC,1,67.34,集合住宅,鋼筋混凝土造,109年12月25日,二十四層,
RPWPMLLLLHHGFBJ68CC,1,61.20,本共有部分之項目有停車空間、防空避難室兼停車空間、管委會空間、防災中心、梯間、機房、水箱等七項。,鋼筋混凝土造,109年12月25日,二十四層,
RPVNMLLLLHHGFDJ58CC,17,189.86,住家用,鋼筋混凝土造,94年4月26日,四層,
RPUNMLMLLHHGFBJ38CC,18,92.21,住家用,鋼筋混凝土造,93年6月1日,十層,
RPUNMLMLLHHGFBJ38CC,18,.06,守衛室,鋼筋混凝土造,93年6月1日,十層,
RPUNMLMLLHHGFBJ38CC,18,.01,共有部分,鋼筋混凝土造,93年6月1日,十層,
RPUNMLMLLHHGFBJ38CC,18,44.98,共有部分,鋼筋混凝土造,93年6月1日,十層,
RPVOMLLLLHHGFDJ68CC,17,71.87,住家用,鋼筋混凝土造,93年11月30日,五層,
RPUNMLMLLHHGFBJ38CC,18,11.19,共有部分,鋼筋混凝土造,93年6月1日,十層,
RPVOMLLLLHHGFDJ68CC,17,8.54,梯間,鋼筋混凝土造,93年11月30日,五層,
RPVNMLMLLHHGFBJ48CC,15,296.20,工業用,鋼筋混凝土造,96年6月7日,八層,
RPWNMLMLLHHGFBJ58CC,5,410.04,工業用,鋼筋混凝土造,105年12月1日,十層,
RPOOMLNLLHHGFDJ28DC,,75.80,店舖、集合住宅,鋼筋混凝土造,110年11月5日,七層,
RPOOMLNLLHHGFDJ28DC,,22.02,本共有部分之項目有梯間、停車空間、機械室、水箱等４項,鋼筋混凝土造,110年11月5日,七層,
RPROMLPLLHHGFCJ58CC,26,91.77,住家用,鋼筋混凝土造,85年5月14日,六層,
RPROMLPLLHHGFCJ58CC,26,39.49,共有部分,鋼筋混凝土造,85年5月14日,六層,
RPQUMLPLLHHGFBJ98CC,15,100.97,住家用,鋼筋混凝土造,95年11月13日,十三層,
RPQUMLPLLHHGFBJ98CC,15,17.39,共有部分,鋼筋混凝土造,95年11月13日,十三層,
RPQUMLPLLHHGFBJ98CC,15,26.95,共有部分,鋼筋混凝土造,95年11月13日,十三層,
RPQUMLPLLHHGFBJ98CC,15,5.44,共有部分,鋼筋混凝土造,95年11月13日,三層,
RPWNMLNLLHHGFBJ68CC,10,166.18,住家用,鋼筋混凝土造,101年8月30日,十四層,
RPWNMLNLLHHGFBJ68CC,10,127.39,本共有部分之項目有防空避難室兼停車空間、管委會、頂蓋型開放空間、樓梯間、瞭望台、梯間、水箱、機械室房等八項。,鋼筋混凝土造,101年8月30日,十四層,
RPSOMLPLLHHGFCJ68CC,15,149.20,住家用,鋼筋混凝土造,96年5月10日,四層,
RPVNMLPLLHHGFDJ98CC,22,39.95,住家用,鋼筋混凝土造,89年8月1日,六層,
RPVNMLPLLHHGFDJ98CC,22,18.43,停車空間．住宅．水箱．受電室,鋼筋混凝土造,89年8月1日,六層,
RPQOMLPLLHHGFCJ48CC,27,180.36,住家用,鋼筋混凝土造,84年4月22日,三層,
RPQOMLPLLHHGFCJ48CC,27,24.31,共有部分,鋼筋混凝土造,84年4月22日,四層,
RPTNMLPLLHHGFDJ78CC,21,90.88,住家用,鋼筋混凝土造,89年11月23日,五層,
RPTNMLPLLHHGFDJ78CC,21,16.45,梯間,鋼筋混凝土造,89年11月23日,五層,
RPTNMLPLLHHGFDJ78CC,21,3.37,停車空間,鋼筋混凝土造,89年11月23日,五層,
RPQNMLQLLHHGFBJ38CC,13,101.16,住家用,鋼筋混凝土造,98年5月4日,十五層,
RPQNMLQLLHHGFBJ38CC,13,8.94,共有部分,鋼筋混凝土造,98年5月4日,十五層,
RPQNMLQLLHHGFBJ38CC,13,31.81,共有部分,鋼筋混凝土造,98年5月4日,十五層,
RPUPMLSLLHHGFBJ56CC,17,88.44,住家用,鋼筋混凝土造,93年10月18日,十四層,
RPUPMLSLLHHGFBJ56CC,17,20.45,共有部分,鋼筋混凝土造,93年10月18日,十四層,
RPUPMLSLLHHGFBJ56CC,17,11.75,共有部分,鋼筋混凝土造,93年10月18日,十四層,
RPWPMLSLLHHGFBJ76CC,45,69.48,住家用,加強磚造,65年10月28日,三層,
RPSNMLKMLHHGFBJ08CC,1,39.34,集合住宅,鋼筋混凝土造,109年12月26日,二十四層,
RPSNMLKMLHHGFBJ08CC,1,3.28,集合住宅,鋼筋混凝土造,109年12月26日,二十四層,
RPSNMLKMLHHGFBJ08CC,1,5.17,集合住宅,鋼筋混凝土造,109年12月26日,二十四層,
RPSNMLKMLHHGFBJ08CC,1,25.98,本共有部分之項目有停車空間、排煙室、水箱室、消防機械室、梯間、地下室進排氣機房、雨汙水機房、安全梯、防空避難室兼停車空間、台電配電室、電錶室、發電機房、防災中心、管委會使用空間、車道、梯廳、特別安全梯、機械室、機房、電梯機房、消防中繼機房等二十一項。,鋼筋混凝土造,109年12月26日,二十四層,
RPXQMLKMLHHGFBJ88CC,26,126.39,住家用,鋼筋混凝土造,85年1月6日,五層,
RPXQMLKMLHHGFBJ88CC,26,23.32,共有部分,鋼筋混凝土造,85年1月6日,五層,
RPORMLKMLHHGFBJ08CC,27,88.07,住家用,鋼筋混凝土造,84年8月4日,十層,
RPORMLKMLHHGFBJ08CC,27,31.89,共有部分,鋼筋混凝土造,84年8月4日,十層,
RPRNMLQLLHHGFBJ48CC,11,48.51,住家用,鋼筋混凝土造,100年7月7日,十五層,
RPRNMLQLLHHGFBJ48CC,11,42.80,本共有部分之項目有開放空間、社區中心、梯間、防空避難室、停車空間、車道、冷藏室、前廊等八項。,鋼筋混凝土造,100年7月7日,十五層,
RPRNMLQLLHHGFBJ48CC,11,13.07,本共有部分之項目有梯間等一項。,鋼筋混凝土造,100年7月7日,十五層,
RPXNMLLJMHHGFBJ48CC,12,342.46,一般服務業,鋼筋混凝土造,99年3月5日,十四層,
RPVNMLTLLHHGFDJ76CC,,56.78,集合住宅,鋼筋混凝土造,110年11月12日,九層,
RPVNMLTLLHHGFDJ76CC,,28.40,本共有部分之項目有停車空間、樓梯間等２項,鋼筋混凝土造,110年11月12日,九層,
RPVNMLKMLHHGFBJ38CC,8,158.21,住商用,鋼筋混凝土造,102年11月7日,二十二層,
RPVNMLKMLHHGFBJ38CC,8,70.20,本共有部分之項目有防空避難室兼停車空間，清水池，機房，電信室，台電配電室，開放空間，門廳，梯間，機械室，中繼機房，水塔室，水箱等十二項。,鋼筋混凝土造,102年11月6日,二十二層,
RPVNMLKMLHHGFBJ38CC,8,.03,住家用,鋼筋混凝土造,102年11月7日,二十二層,
RPWNMLLJMHHGFBJ38CC,21,1403.67,工業用,鋼筋混凝土造,90年6月12日,六層,
RPOOMLLJMHHGFBJ67CC,9,722.45,工業用,鋼筋混凝土造,102年3月18日,十層,
RPXOMLLJMHHGFDJ78CC,28,83.25,住家用,鋼筋混凝土造,83年4月26日,五層,
RPXOMLLJMHHGFDJ78CC,28,8.14,共有部分,鋼筋混凝土造,83年4月26日,五層,
RPOPMLLJMHHGFDJ97CC,16,32.90,住家用,鋼筋混凝土造,95年8月24日,五層,
RPOPMLLJMHHGFDJ97CC,16,7.42,梯間、停車空間,鋼筋混凝土造,95年8月24日,五層,
RPUNMLQJMHHGFDJ88CC,5,92.34,集合住宅,鋼筋混凝土造,106年6月26日,五層,
RPUNMLQJMHHGFDJ88CC,5,37.42,停車空間、樓梯間,鋼筋混凝土造,106年6月26日,五層,
RPPPMLLJMHHGFBJ87CC,12,526.75,一般服務業,鋼筋混凝土造,99年3月5日,十四層,
RPPPMLLJMHHGFBJ87CC,12,492.23,一般服務業,鋼筋混凝土造,99年3月5日,十四層,
RPXNMLQJMHHGFBJ98CC,29,78.06,住家用,鋼筋混凝土造,82年6月2日,六層,
RPXNMLQJMHHGFBJ98CC,29,33.68,共有部分,鋼筋混凝土造,82年6月2日,六層,
RPSPMLQJMHHGFDJ88CC,1,757.55,工廠（作業廠房）,鋼骨造,110年1月12日,一層,
RPUOMLRJMHHGFBJ88CC,9,292.33,工業用,鋼筋混凝土造,102年3月18日,十層,
RPUOMLRJMHHGFBJ88CC,9,269.41,工業用,鋼筋混凝土造,102年3月18日,十層,
RPUOMLRJMHHGFBJ88CC,9,342.40,工業用,鋼筋混凝土造,102年3月18日,十層,
RPUOMLRJMHHGFBJ88CC,9,269.52,工業用,鋼筋混凝土造,102年3月18日,十層,
RPUOMLRJMHHGFBJ88CC,9,341.19,工業用,鋼筋混凝土造,102年3月18日,十層,
RPOOMLRJMHHGFBJ28CC,1,234.44,店舖,鋼筋混凝土造,110年5月20日,二十層,
RPOOMLRJMHHGFBJ28CC,1,172.82,本共有部分之項目有停車空間、消防中繼水箱、消防機房、排煙室、電梯、樓梯間、機房、水箱、防空避難室兼停車空間、發電機房、防災中心、電信室、台電配電室、電錶室、警衛室、汽車車道、資源回收室、梯廳、公共服務空間（交誼廳、會議室、信箱區、宅配室、健身房）、管委會使用空間、昇降機房、消防水箱等二十二項。,鋼筋混凝土造,110年5月20日,二十層,
RPUNMLSJMHHGFCJ98CC,25,57.57,住家用,鋼筋混凝土造,85年12月31日,四層,
RPUNMLSJMHHGFCJ98CC,25,13.00,共有部分,鋼筋混凝土造,85年12月31日,四層,
RPUNMLSJMHHGFCJ98CC,25,5.63,共有部分,鋼筋混凝土造,85年12月31日,四層,
RPPOMLLKMHHGFDJ08CC,17,18.68,住家用,鋼筋混凝土造,94年6月10日,六層,
RPPOMLLKMHHGFDJ08CC,17,4.73,防空避難室,鋼筋混凝土造,94年6月10日,六層,
RPPOMLLKMHHGFDJ08CC,17,2.93,梯間．水箱．機械室,鋼筋混凝土造,94年6月10日,六層,
RPPOMLLKMHHGFDJ08CC,17,1.90,走道,鋼筋混凝土造,94年6月10日,六層,
RPSNMLSJMHHGFDJ88CC,,83.86,辦公室,鋼筋混凝土造,110年10月13日,九層,
RPSNMLSJMHHGFDJ88CC,,41.71,本共有部分之項目有停車空間、管理員室、管委會使用空間、機車停車空間、樓梯間、水箱、機械室等７項,鋼筋混凝土造,110年10月13日,九層,
RPSPMLMKMHHGFBJ38CC,18,268.78,住家用,鋼筋混凝土造,93年9月7日,五層,
RPSPMLMKMHHGFBJ38CC,18,2.83,共有部分,鋼筋混凝土造,93年9月7日,五層,
RPSNMLRJMHHGFDJ78CC,18,20.70,住家用,鋼筋混凝土造,93年7月5日,八層,
RPSNMLRJMHHGFDJ78CC,18,3.55,停車空間,鋼筋混凝土造,93年7月5日,八層,
RPSNMLRJMHHGFDJ78CC,18,3.30,梯間、走道,鋼筋混凝土造,93年7月5日,八層,
RPSNMLRJMHHGFDJ78CC,18,1.74,走道,鋼筋混凝土造,93年7月5日,八層,
RPVOMLOKMHHGFBJ78CC,15,96.13,住家用,鋼筋混凝土造,96年6月25日,十四層,
RPVOMLOKMHHGFBJ78CC,15,23.72,共有部分,鋼筋混凝土造,96年6月25日,十四層,
RPVOMLOKMHHGFBJ78CC,15,9.41,共有部分,鋼筋混凝土造,96年6月25日,十四層,
RPSNMLLKMHHGFBJ18DC,9,56.50,本共有部分之項目有防空避難室兼停車空間、公共服務空間、開放空間、集中式垃圾貯存空間等四項。,鋼筋混凝土造,101年12月12日,十四層,
RPWOMLOKMHHGFBJ88CC,1,59.33,集合住宅,鋼筋混凝土造,110年6月1日,十五層,
RPSNMLLKMHHGFBJ18DC,9,76.50,商業用,鋼筋混凝土造,101年12月12日,十四層,
RPWOMLOKMHHGFBJ88CC,1,52.66,本共有部分之項目有停車空間、防空避難室兼停車空間、台電配電場所、管委會使用空間、樓梯間、水箱、電梯機房等七項。,鋼筋混凝土造,110年6月1日,十五層,
RPWOMLOKMHHGFBJ88CC,1,10.02,樓梯間,鋼筋混凝土造,110年6月1日,十五層,
RPXOMLOKMHHGFBJ98CC,6,102.31,住家用,鋼筋混凝土造,105年8月27日,十四層,
RPXOMLOKMHHGFBJ98CC,6,82.95,本共有部分之項目有停車空間、防空避難室兼停車空間、開放空間、公共服務空間、梯間、水箱、機械室等七項。,鋼筋混凝土造,105年8月27日,十四層,
RPUOMLPKMHHGFBJ78CC,14,28.27,商業用,鋼筋混凝土造,96年12月4日,十一層,
RPUOMLPKMHHGFBJ78CC,14,4.65,共有部分,鋼筋混凝土造,96年12月4日,十三層,
RPUOMLPKMHHGFBJ78CC,14,8.57,共有部分,鋼筋混凝土造,96年12月4日,十三層,
RPTPMLPKMHHGFBJ78CC,50,212.50,住家用,加強磚造,61年4月29日,二層,
RPRPMLOKMHHGFBJ48CC,18,86.73,住家用,鋼筋混凝土造,93年9月1日,十層,
RPRPMLOKMHHGFBJ48CC,18,10.88,共有部分,鋼筋混凝土造,93年9月1日,十層,
RPRPMLOKMHHGFBJ48CC,18,23.71,共有部分,鋼筋混凝土造,93年9月1日,十層,
RPUPMLPKMHHGFBJ88CC,17,83.30,住家用,鋼筋混凝土造,93年11月11日,七層,
RPUPMLPKMHHGFBJ88CC,17,.10,守衛室,鋼筋混凝土造,93年11月11日,七層,
RPUPMLPKMHHGFBJ88CC,17,14.38,共有部分,鋼筋混凝土造,93年11月11日,七層,
RPUPMLPKMHHGFBJ88CC,17,34.48,共有部分,鋼筋混凝土造,93年11月11日,七層,
RPRPMLTKMHHGFBJ98CC,26,88.22,商業用,鋼筋混凝土造,84年10月11日,六層,
RPRPMLTKMHHGFBJ98CC,26,27.70,共有部分,鋼筋混凝土造,84年10月11日,六層,
RPRPMLTKMHHGFBJ98CC,26,9.45,共有部分,鋼筋混凝土造,84年10月11日,六層,
RPSOMLPKMHHGFCJ68CC,25,95.31,住家用,鋼筋混凝土造,86年5月29日,六層,
RPSOMLPKMHHGFCJ68CC,25,20.40,共有部分,鋼筋混凝土造,86年5月29日,六層,
RPSOMLPKMHHGFCJ68CC,25,26.67,共有部分,鋼筋混凝土造,86年5月29日,六層,
RPPOMLKLMHHGFBJ87CC,9,722.45,工業用,鋼筋混凝土造,102年3月18日,十層,
RPXNMLKLMHHGFBJ58CC,21,949.33,工業用,鋼筋混凝土造,90年6月12日,六層,
RPQNMLKLMHHGFCJ97CC,28,139.02,住家用,鋼筋混凝土造,83年4月28日,十一層,
RPUNMLKLMHHGFCJ38CC,14,119.31,住家用,鋼筋混凝土造,96年10月16日,七層,
RPVNMLKLMHHGFCJ48CC,,78.77,國民住宅,鋼筋混凝土造,,五層,
RPXOMLKLMHHGFCJ78CC,26,68.30,住家用,鋼筋混凝土造,85年5月6日,八層,
RPXOMLKLMHHGFCJ78CC,26,6.63,共有部分,鋼筋混凝土造,85年5月6日,九層,
RPXOMLKLMHHGFCJ78CC,26,8.36,共有部分,鋼筋混凝土造,85年5月6日,十層,
RPQOMLKLMHHGFBJ97CC,14,109.80,住家用,鋼筋混凝土造,97年6月27日,十四層,
RPQOMLKLMHHGFBJ97CC,14,25.56,共有部分,鋼筋混凝土造,97年6月27日,十四層,
RPQOMLKLMHHGFBJ97CC,14,22.22,共有部分,鋼筋混凝土造,97年6月27日,14,
RPXOMLMLMHHGFBJ88CC,14,27.45,商業用,鋼骨鋼筋混凝土造,96年12月28日,十層,
RPXOMLMLMHHGFBJ88CC,14,9.92,共有部分,鋼骨鋼筋混凝土造,96年12月28日,十層,
RPXOMLMLMHHGFBJ88CC,14,44.13,共有部分,鋼骨鋼筋混凝土造,96年12月28日,十層,
RPSOMLLLMHHGFBJ28CC,6,57.94,住家用,鋼筋混凝土造,105年6月8日,二十七層,
RPSOMLLLMHHGFBJ28CC,6,18.05,本共有部分之項目有管委會使用空間、樓梯間、機械室、水箱等四項,鋼筋混凝土造,105年6月8日,二十七層,
RPSOMLLLMHHGFBJ28CC,6,38.93,本共有部分之項目有防空避難室兼停車空間、停車空間等二項,鋼筋混凝土造,105年6月8日,二十七層,
RPWNMLKLMHHGFCJ58CC,27,169.72,住家用,鋼筋混凝土造,83年10月19日,八層,
RPUNMLOLMHHGFBJ68CC,14,110.77,住家用,鋼筋混凝土造,97年8月25日,十四層,
RPUNMLOLMHHGFBJ68CC,14,21.54,共有部分,鋼筋混凝土造,97年8月25日,十四層,
RPUNMLOLMHHGFBJ68CC,14,20.77,共有部分,鋼筋混凝土造,97年8月25日,十四層,
RPUNMLOLMHHGFBJ68CC,14,5.53,管理員室,鋼筋混凝土造,97年8月25日,十四層,
RPUNMLLLMHHGFBJ38CC,8,91.84,住家用,鋼筋混凝土造,102年10月24日,十四層,
RPUNMLLLMHHGFBJ38CC,8,76.23,本共有部分之項目有停車空間、防空避難室、管理員室、公共服務空間、機械室、水箱、電梯間等七項。,鋼筋混凝土造,102年10月24日,十四層,
RPTNMLLLMHHGFBJ28CC,14,132.71,商業用,鋼筋混凝土造,97年2月1日,十九層,
RPTNMLLLMHHGFBJ28CC,14,154.93,商業用,鋼筋混凝土造,97年2月1日,十九層,
RPVNMLOLMHHGFBJ78CC,3,54.01,住家用,鋼筋混凝土造,107年10月26日,十五層,
RPVNMLOLMHHGFBJ78CC,3,20.90,本共有部分之項目有公共服務空間、頂蓋型沿街步道、管委會空間、樓梯間、機房等五項。,鋼筋混凝土造,107年10月26日,十五層,
RPVNMLOLMHHGFBJ78CC,3,38.51,本共有部分之項目有停車空間、防空避難室兼停車空間等２項。,鋼筋混凝土造,107年10月26日,十五層,
RPXNMLOLMHHGFBJ98CC,11,66.96,住家用,鋼筋混凝土造,99年12月14日,十五層,
RPXNMLOLMHHGFBJ98CC,11,10.97,本共有部分之項目有防空避難室、停車空間、垃圾處理室、管理空間、廣場式開放空間、蓄水池、消防泵浦室等七項,鋼筋混凝土造,99年12月14日,十五層,
RPXNMLOLMHHGFBJ98CC,11,16.17,本共有部分之項目有梯間等一項,鋼筋混凝土造,99年12月14日,十五層,
RPWNMLPLMHHGFCJ09CC,,23.03,住商用,鋼筋混凝土造,,五層,
RPXNMLPLMHHGFCJ56CC,,23.03,住商用,鋼筋混凝土造,,五層,
RPQOMLQLMHHGFCJ68CC,,78.77,國民住宅,鋼筋混凝土造,,五層,
RPROMLQLMHHGFCJ78CC,29,70.76,住家用,鋼筋混凝土造,82年7月29日,十二層,
RPROMLQLMHHGFCJ78CC,29,13.10,共有部分,鋼筋混凝土造,82年7月29日,十二層,
RPVOMLQLMHHGFCJ56CC,26,91.87,住家用,鋼筋混凝土造,85年5月14日,六層,
RPROMLQLMHHGFCJ78CC,29,43.90,共有部分,鋼筋混凝土造,82年7月29日,十二層,
RPVOMLQLMHHGFCJ56CC,26,39.49,共有部分,鋼筋混凝土造,85年5月14日,六層,
RPSOMLQLMHHGFDJ98CC,2,88.32,集合住宅,鋼筋混凝土造,109年7月15日,十層,
RPSOMLQLMHHGFDJ98CC,2,41.66,本共有部分之項目有：防空避難室、兼停車空間、梯間、機械室、水箱、管委會等六項。,鋼筋混凝土造,109年7月15日,十層,
RPWNMLQLMHHGFBJ09CC,15,257.92,工業用,鋼筋混凝土造,96年6月7日,八層,
RPXNMLQLMHHGFBJ56CC,9,722.45,工業用,鋼筋混凝土造,102年3月18日,十層,
RPVPMLQLMHHGFBJ56CC,16,80.41,住家用,鋼筋混凝土造,95年5月24日,十層,
RPVPMLQLMHHGFBJ56CC,16,13.13,共有部分,鋼筋混凝土造,95年5月24日,十層,
RPVPMLQLMHHGFBJ56CC,16,12.36,共有部分,鋼筋混凝土造,95年5月24日,十層,
RPUPMLQLMHHGFBJ09CC,26,25.67,住家用,鋼筋混凝土造,85年7月3日,十三層,
RPUPMLQLMHHGFBJ09CC,26,2.40,共有部分,鋼筋混凝土造,85年7月3日,十三層,
RPUPMLQLMHHGFBJ09CC,26,6.07,共有部分,鋼筋混凝土造,85年7月3日,十三層,
RPPPMLRLMHHGFBJ68CC,8,159.35,住家用,鋼筋混凝土造,103年7月15日,十四層,
RPPPMLRLMHHGFBJ68CC,9,41.64,住家用,鋼筋混凝土造,102年5月15日,二十四層,
RPPPMLRLMHHGFBJ68CC,9,32.49,住家用,鋼筋混凝土造,102年5月15日,二十四層,
RPTOMLQLMHHGFDJ09CC,,73.95,集合住宅,鋼筋混凝土造,110年11月12日,九層,
RPTOMLQLMHHGFDJ09CC,,36.98,本共有部分之項目有停車空間、樓梯間等２項,鋼筋混凝土造,110年11月12日,九層,
RPSQMLQLMHHGFBJ98CC,4,51.25,住家用,鋼筋混凝土造,107年6月25日,十五層,
RPSQMLQLMHHGFBJ98CC,4,36.48,住家用,鋼筋混凝土造,107年6月25日,十五層,
RPSQMLQLMHHGFBJ98CC,4,20.00,本共有部分之項目有公共服務空間、樓梯間、電梯間、垃圾集中室、頂蓋型開放空間、排煙室、梯廳、車道、宅配室、社區小型游泳池（含ＳＰＡ池）、機房、消防水箱等１２項。,鋼筋混凝土造,107年6月25日,十五層,
RPSOMLTLMHHGFBJ09CC,7,53.88,本共有部分之項目有防空避難室兼停車空間、停車空間、公共服務空間、垃圾貯存空間、樓電梯間、機房、水箱等七項。,鋼筋混凝土造,104年9月1日,十四層,
RPSOMLTLMHHGFBJ09CC,7,74.51,住家用,鋼筋混凝土造,104年9月1日,十四層,
RPSOMLTLMHHGFBJ09CC,7,14.93,本共有部分之項目有樓電梯間等一項。,鋼筋混凝土造,104年9月1日,十四層,
RPROMLOJNHHGFBJ38CC,15,258.20,工業用,鋼筋混凝土造,96年6月7日,八層,
RPSOMLTLMHHGFBJ09CC,7,.02,辦公室,鋼筋混凝土造,104年9月1日,十四層,
RPSOMLOJNHHGFBJ48CC,15,743.55,工業用,鋼筋混凝土造,96年6月7日,八層,
RPSOMLOJNHHGFBJ48CC,15,661.95,工業用,鋼筋混凝土造,96年6月7日,八層,
RPWQMLOJNHHGFBJ09CC,3,77.64,商業用,鋼筋混凝土造,108年9月29日,十四層,
RPWQMLOJNHHGFBJ09CC,3,52.12,本共有部分之項目有防空避難室兼停車空間、停車空間、台電配電室、車道、公共服務空間、開放空間、集中式垃圾貯存空間、樓電梯間、機械室、機房、水箱等十一項。,鋼筋混凝土造,108年9月29日,十四層,
RPXQMLOJNHHGFBJ56CC,5,58.13,住家用,鋼筋混凝土造,105年11月1日,二十三層,
RPXQMLOJNHHGFBJ56CC,5,39.48,本共有部分之項目有停車空間、防空避難室兼停車空間等二項。,鋼筋混凝土造,105年11月1日,二十三層,
RPXQMLOJNHHGFBJ56CC,5,20.00,本共有部分之項目有店舖、管委會使用空間、沿街步道式、廣場式（有頂蓋）開放空間、梯間、機械式、水箱等七項。,鋼筋混凝土造,105年11月1日,二十三層,
RPOQMLOJNHHGFBJ28CC,12,160.90,住家用,鋼筋混凝土造,99年2月1日,十二層,
RPOQMLOJNHHGFBJ28CC,12,83.16,本共有部分之項目有防空避難室、停車空間等二項。,鋼筋混凝土造,99年2月1日,十二層,
RPOQMLOJNHHGFBJ28CC,12,33.57,本共有部分之項目有停車空間、樓梯間、機械室、水箱等四項。,鋼筋混凝土造,99年2月1日,十二層,
RPOQMLOJNHHGFBJ28CC,12,.33,守衛室,鋼筋混凝土造,99年2月1日,十二層,
RPVNMLPJNHHGFBJ78CC,16,84.62,商業用,鋼筋混凝土造,94年11月14日,十五層,
RPVNMLPJNHHGFBJ78CC,16,47.24,共有部分,鋼筋混凝土造,94年11月14日,十五層,
RPVNMLPJNHHGFBJ78CC,16,17.82,共有部分,鋼筋混凝土造,94年11月14日,十五層,
RPVQMLOJNHHGFBJ98CC,14,31.87,商業用,鋼筋混凝土造,97年3月21日,十三層,
RPVQMLOJNHHGFBJ98CC,14,3.39,共有部分,鋼筋混凝土造,97年3月21日,十四層,
RPVQMLOJNHHGFBJ98CC,14,11.11,共有部分,鋼筋混凝土造,97年3月21日,十三層,
RPVQMLOJNHHGFBJ98CC,14,.00,守衛室,鋼筋混凝土造,97年3月21日,十四層,
RPUOMLOJNHHGFDJ88CC,3,66.49,集合住宅,鋼筋混凝土造,108年6月21日,十五層,
RPPOMLOJNHHGFCJ28CC,14,91.94,住家用,鋼筋混凝土造,96年12月24日,十二層,
RPPOMLOJNHHGFCJ28CC,14,13.22,共有部分,鋼筋混凝土造,96年12月24日,十二層,
RPUOMLOJNHHGFDJ88CC,3,51.35,本共有部分之項目有停車空間、防空避難室、管委會空間等三項,鋼筋混凝土造,108年6月21日,十五層,
RPPOMLOJNHHGFCJ28CC,14,22.10,共有部分,鋼筋混凝土造,96年12月24日,十二層,
RPUOMLOJNHHGFDJ88CC,3,19.20,本共有部分之項目有梯間、樓梯間、機電設備空間、機械室、水箱等五項,鋼筋混凝土造,108年6月21日,十五層,
RPWNMLOJNHHGFDJ09DC,,71.18,店舖、集合住宅,鋼筋混凝土造,110年11月5日,七層,
RPWNMLOJNHHGFDJ09DC,,42.96,本共有部分之項目有梯間、停車空間、機械室、水箱等４項,鋼筋混凝土造,110年11月5日,七層,
RPWNMLPJNHHGFBJ88CC,15,164.18,住商用,鋼筋混凝土造,95年12月18日,五層,
RPTOMLPJNHHGFBJ68CC,32,2316.24,住商用,鋼筋混凝土造,79年10月24日,三層,
RPUNMLTJNHHGFBJ09CC,14,33.84,商業用,鋼筋混凝土造,97年3月21日,十三層,
RPUNMLTJNHHGFBJ09CC,14,.00,守衛室,鋼筋混凝土造,97年3月21日,十四層,
RPUNMLTJNHHGFBJ09CC,14,3.06,共有部分,鋼筋混凝土造,97年3月21日,十四層,
RPUNMLTJNHHGFBJ09CC,14,10.64,共有部分,鋼筋混凝土造,97年3月21日,十三層,
RPPOMLPJNHHGFBJ28CC,10,218.26,商業用,鋼筋混凝土造,101年8月21日,三層,
RPPOMLPJNHHGFBJ28CC,10,89.17,本共有部分之項目有：防空避難室兼停車空間、管理室、前廊、開放空間、機電空間等五項,鋼筋混凝土造,101年8月21日,十九層,
RPPOMLPJNHHGFBJ28CC,10,1.27,本共有部分之項目有：水箱等一項,鋼筋混凝土造,101年8月21日,十九層,
RPVOMLPJNHHGFBJ88CC,17,88.80,住家用,鋼筋混凝土造,94年10月4日,十五層,
RPVOMLPJNHHGFBJ88CC,17,40.79,共有部分,鋼筋混凝土造,94年10月4日,十五層,
RPVOMLPJNHHGFBJ88CC,17,11.67,共有部分,鋼筋混凝土造,94年10月4日,十五層,
RPSOMLPJNHHGFBJ58CC,15,51.51,商業用,鋼筋混凝土造,96年5月28日,二十三層,
RPSOMLPJNHHGFBJ58CC,15,18.94,共有部分,鋼筋混凝土造,96年5月28日,二十三層,
RPSOMLPJNHHGFBJ58CC,15,12.04,共有部分,鋼筋混凝土造,96年5月28日,二十三層,
RPSNMLKKNHHGFBJ08CC,10,628.41,商業用,鋼筋混凝土造,101年5月31日,四層,
RPVNMLKKNHHGFBJ38CC,17,24.94,商業用,鋼筋混凝土造,94年6月3日,十層,
RPXPMLKKNHHGFBJ78CC,8,141.87,住商用,鋼筋混凝土造,103年9月24日,二層,
RPVNMLKKNHHGFBJ38CC,17,10.93,共有部分,鋼筋混凝土造,94年6月3日,十層,
RPXPMLKKNHHGFBJ78CC,8,35.19,本共有部分之項目有停車空間、水箱、消防機房、汙水機房、防空避難室兼停車空間、電信室、台電配電室、管理員室、垃圾室、防災中心、排煙室、頂蓋型開放空間、公共服務空間、機房、樓梯間、昇降機間、中繼機房等十八項。,鋼筋混凝土造,103年9月24日,二十三層,
RPVNMLKKNHHGFBJ38CC,17,5.09,共有部分,鋼筋混凝土造,94年6月3日,十層,
RPWOMLPJNHHGFBJ98CC,11,193.08,住家用,鋼筋混凝土造,100年5月10日,十九層,
RPWOMLPJNHHGFBJ98CC,11,154.64,本共有部分之項目有防空避難室、停車空間、水箱、機房、梯間、門廳、頂蓋型開放空間、車道等八項。,鋼筋混凝土造,100年5月10日,十九層,
RPWPMLTJNHHGFBJ86CC,9,223.30,住家用,鋼筋混凝土造,101年10月30日,二十四層,
RPWPMLTJNHHGFBJ86CC,9,153.98,本共有部分之項目有防空避難室兼停車空間、開放空間、梯間、機械室、水箱等五項,鋼筋混凝土造,101年10月30日,二十四層,
RPROMLKKNHHGFCJ18CC,26,53.10,住家用,鋼筋混凝土造,85年5月6日,十層,
RPROMLKKNHHGFCJ18CC,26,7.91,共有部分,鋼筋混凝土造,85年5月6日,十層,
RPROMLKKNHHGFCJ18CC,26,6.48,共有部分,鋼筋混凝土造,85年5月6日,十層,
RPVOMLKKNHHGFDJ68CC,6,42.58,集合住宅,鋼筋混凝土造,105年6月13日,五層,
RPVOMLKKNHHGFDJ68CC,6,24.53,本共有部分之項目有停車空間、樓梯間、機房等三項。,鋼筋混凝土造,105年6月13日,五層,
