﻿編號,車位類別,車位價格,車位面積平方公尺,車位所在樓層
Serial number,berth category,berth price,berth area square meter,
RPXNMLPLKHHGFDK56CC,一樓平面,0,51.08,一樓
RPTNMLRJLHHGFFK09CC,坡道平面,0,35.75,地下二樓
RPOOMLTJLHHGFBK48CC,坡道平面,0,,地下一樓
RPWOMLSKLHHGFDK86CC,坡道平面,0,21.00,一樓
RPOOMLQJMHHGFDK48CC,坡道平面,1000,24.36,地下二樓
RPSQMLNKMHHGFDK88CC,坡道平面,0,26.44,地下一樓
RPPNMLRLMHHGFFK98CC,升降機械,0,,地下一樓
RPOOMLPJNHHGFDK48CC,一樓平面,0,,一樓
