﻿編號,土地位置,土地移轉面積(平方公尺),使用分區或編定,權利人持分分母,權利人持分分子,移轉情形,地號
The serial number, land position,land shifting area square meter,the use zoning or compiles and checks,,,,land parcel
RPPNMLKLKHHGFAM77DB,大崗段,5.19,非都市：工業區 ; 非都市編定：丁種建築用地,10000,202,持分移轉,00530036
RPPNMLKLKHHGFAM77DB,大崗段,92.00,非都市：工業區 ; 非都市編定：丁種建築用地,1,1,全筆移轉,00530038
RPQNMLNLKHHGFAM08CB,包尾段,109.00,都市：住,1,1,全筆移轉,04480037
RPQNMLNLKHHGFAM08CB,包尾段,19.50,都市：住,20,1,持分移轉,04480002
RPQNMLNLKHHGFAM08CB,包尾段,8.55,都市：住,20,1,持分移轉,04480044
RPPNMLLLKHHGFCM08DB,梅林段,32.19,都市：住,100000,3319,持分移轉,06390000
RPQNMLPKKHHGFBM28CB,新光段,16.02,非都市：鄉村區 ; 非都市編定：乙種建築用地,100000,1031,持分移轉,00290000
RPRNMLKLKHHGFAM97DB,大崗段,14.85,非都市：工業區 ; 非都市編定：丁種建築用地,100000,3535,持分移轉,00530064
RPRNMLKLKHHGFAM97DB,大崗段,75.00,非都市：工業區 ; 非都市編定：丁種建築用地,1,1,全筆移轉,00530073
RPOOMLMLKHHGFDM28DB,秀林段,40.11,都市：住,100000,2671,持分移轉,05020000
RPPNMLPKKHHGFBM18CB,新光段,16.02,非都市：鄉村區 ; 非都市編定：乙種建築用地,100000,1031,持分移轉,00290000
RPPNMLSLKHHGFBM58CB,玉峰段,22.31,都市：住,100000,665,持分移轉,01960000
RPQNMLSLKHHGFBM68CB,玉峰段,22.31,都市：住,100000,665,持分移轉,01960000
RPPNMLLJLHHGFBM77CB,新光段,19.11,非都市：鄉村區 ; 非都市編定：乙種建築用地,100000,1230,持分移轉,00290000
RPRNMLLJLHHGFAM97DB,大崗段,17.23,非都市：工業區 ; 非都市編定：丁種建築用地,100000,4102,持分移轉,00530064
RPRNMLLJLHHGFAM97DB,大崗段,88.00,非都市：工業區 ; 非都市編定：丁種建築用地,1,1,全筆移轉,00530074
RPRNMLSLKHHGFBM78CB,玉峰段,24.12,都市：住,100000,719,持分移轉,01960000
RPQNMLLJLHHGFAM87DB,大崗段,93.00,非都市：工業區 ; 非都市編定：丁種建築用地,1,1,全筆移轉,00530062
RPQNMLLJLHHGFAM87DB,大崗段,46.00,非都市：工業區 ; 非都市編定：丁種建築用地,1,1,全筆移轉,00530063
RPQNMLLJLHHGFAM87DB,大崗段,18.28,非都市：工業區 ; 非都市編定：丁種建築用地,100000,4352,持分移轉,00530064
RPPNMLLJLHHGFCM87CB,虎仔耳段,58.30,非都市：鄉村區 ; 非都市編定：乙種建築用地,1,1,全筆移轉,01150026
RPPNMLLJLHHGFCM87CB,虎仔耳段,19.76,非都市：鄉村區 ; 非都市編定：乙種建築用地,9,1,持分移轉,01150030
RPPNMLMJLHHGFCM97CB,?吉段,133.90,非都市：特定農業區 ; 非都市編定：甲種建築用地,1,1,全筆移轉,09430010
RPPNMLMJLHHGFCM97CB,?吉段,43.00,非都市：特定農業區 ; 非都市編定：甲種建築用地,17,1,持分移轉,09430018
RPPNMLMJLHHGFCM97CB,?吉段,61.22,非都市：特定農業區 ; 非都市編定：農牧用地,17,1,持分移轉,09440000
RPSNMLLJLHHGFAM08DB,大崗段,17.23,非都市：工業區 ; 非都市編定：丁種建築用地,100000,4102,持分移轉,00530064
RPSNMLLJLHHGFAM08DB,大崗段,88.00,非都市：工業區 ; 非都市編定：丁種建築用地,1,1,全筆移轉,00530067
RPPNMLOJLHHGFBM08CB,新富功段,39.90,都市：住,100000,473,持分移轉,00650000
RPPNMLOJLHHGFBM08CB,新富功段,.87,都市：住,100000,473,持分移轉,01110000
RPPNMLMJLHHGFAM77CB,新豐段新豐小段,142.86,都市：住,1000000,506004,持分移轉,00580000
RPPNMLNJLHHGFAM97DB,大崗段,17.23,非都市：工業區 ; 非都市編定：丁種建築用地,100000,4102,持分移轉,00530064
RPPNMLNJLHHGFAM97DB,大崗段,88.00,非都市：工業區 ; 非都市編定：丁種建築用地,1,1,全筆移轉,00530068
RPQNMLPLKHHGFAM38DB,牛運堀段,31.95,都市：住,100000,5726,持分移轉,05090000
RPQNMLPLKHHGFAM38DB,牛運堀段,60.00,都市：住,1,1,全筆移轉,05090019
RPQNMLPLKHHGFAM38DB,牛運堀段,21.00,都市：住,1,1,全筆移轉,05090026
RPQNMLPLKHHGFAM38DB,牛運堀段,.46,都市：住,100000,5726,持分移轉,05090027
RPPNMLSJLHHGFAM38CB,茄苳腳段,54.00,都市：住,1,1,全筆移轉,03890151
RPPNMLSJLHHGFAM38CB,茄苳腳段,20.41,都市：住,22,1,持分移轉,03890137
RPQNMLTJLHHGFBM68CB,新光段,16.02,非都市：鄉村區 ; 非都市編定：乙種建築用地,100000,1031,持分移轉,00290000
RPPNMLTJLHHGFAM48CB,三塊厝段,131.00,都市：住,1,1,全筆移轉,01450013
RPPNMLTJLHHGFAM48CB,三塊厝段,25.00,都市：住,26,1,持分移轉,01450004
RPRNMLOJLHHGFBM28CB,新富功段,47.75,都市：住,100000,566,持分移轉,00650000
RPRNMLOJLHHGFBM28CB,新富功段,1.04,都市：住,100000,566,持分移轉,01110000
RPQNMLOJLHHGFBM18CB,新富功段,28.68,都市：住,100000,340,持分移轉,00650000
RPQNMLOJLHHGFBM18CB,新富功段,.62,都市：住,100000,340,持分移轉,01110000
RPRNMLTJLHHGFBM78CB,新光段,16.29,非都市：鄉村區 ; 非都市編定：乙種建築用地,100000,1048,持分移轉,00290000
RPSNMLTJLHHGFBM88CB,新光段,16.29,非都市：鄉村區 ; 非都市編定：乙種建築用地,100000,1048,持分移轉,00290000
RPQNMLNKLHHGFBM18CB,中原段,17.99,非都市：鄉村區 ; 非都市編定：乙種建築用地,10000,91,持分移轉,09700000
RPQNMLNKLHHGFBM18CB,中原段,.53,非都市：鄉村區 ; 非都市編定：乙種建築用地,10000,91,持分移轉,09700002
RPQNMLNKLHHGFBM18CB,中原段,.53,非都市：鄉村區 ; 非都市編定：乙種建築用地,10000,91,持分移轉,09700003
RPQNMLNKLHHGFBM18CB,中原段,.65,非都市：鄉村區 ; 非都市編定：乙種建築用地,10000,91,持分移轉,09700004
RPQNMLNKLHHGFBM18CB,中原段,.66,非都市：鄉村區 ; 非都市編定：乙種建築用地,10000,91,持分移轉,09700005
RPQNMLNKLHHGFBM18CB,中原段,.72,非都市：鄉村區 ; 非都市編定：乙種建築用地,10000,91,持分移轉,09700006
RPQNMLNKLHHGFBM18CB,中原段,.79,非都市：鄉村區 ; 非都市編定：乙種建築用地,10000,91,持分移轉,09700007
RPTNMLTJLHHGFBM98CB,新光段,16.29,非都市：鄉村區 ; 非都市編定：乙種建築用地,100000,1048,持分移轉,00290000
RPPNMLKKLHHGFDM08DB,秀林段,50.10,都市：住,100000,3336,持分移轉,05020000
RPPNMLPKLHHGFAM18CB,新?段,50.54,都市：住,1,1,全筆移轉,01800003
RPPNMLPKLHHGFAM18CB,新?段,25.93,都市：住,1000,70,持分移轉,01800000
RPPNMLOKLHHGFCM28CB,內池段,38.34,都市：住,453068,7441,持分移轉,13670000
RPQNMLRKLHHGFBM58CB,玉峰段,29.52,都市：住,100000,880,持分移轉,01960000
RPPNMLQKLHHGFAM28CB,南投段,19.48,都市：住,10000,296,持分移轉,03070028
RPPNMLPKLHHGFAM28DB,三塊厝段,43.59,都市：住,100000,1665,持分移轉,00660000
RPPNMLPKLHHGFAM28DB,三塊厝段,5.68,都市：住,100000,1665,持分移轉,00660005
RPQNMLMLKHHGFAM97CB,包尾段,90.00,都市：住,1,1,全筆移轉,04480032
RPQNMLMLKHHGFAM97CB,包尾段,19.50,都市：住,20,1,持分移轉,04480002
RPQNMLMLKHHGFAM97CB,包尾段,8.55,都市：住,20,1,持分移轉,04480044
RPRNMLRKLHHGFBM68CB,玉峰段,19.69,都市：住,100000,587,持分移轉,01960000
RPPNMLPKKHHGFCM28CB,?吉段,150.10,非都市：特定農業區 ; 非都市編定：甲種建築用地,1,1,全筆移轉,09430005
RPPNMLPKKHHGFCM28CB,?吉段,43.00,非都市：特定農業區 ; 非都市編定：甲種建築用地,17,1,持分移轉,09430018
RPPNMLPKKHHGFCM28CB,?吉段,61.22,非都市：特定農業區 ; 非都市編定：農牧用地,17,1,持分移轉,09440000
RPPNMLRKLHHGFBM48CB,玉峰段,19.69,都市：住,100000,587,持分移轉,01960000
RPSNMLRKLHHGFBM78CB,玉峰段,19.69,都市：住,100000,587,持分移轉,01960000
RPRNMLSKLHHGFAM68CB,茄苳腳段,29.99,非都市：鄉村區 ; 非都市編定：乙種建築用地,100000,2293,持分移轉,02990010
RPPNMLMLLHHGFAM97CB,茄苳腳段,24.63,非都市：鄉村區 ; 非都市編定：乙種建築用地,100000,1883,持分移轉,02990010
RPPNMLMLLHHGFCM18CB,內池段,37.59,都市：住,453068,7294,持分移轉,13670000
RPTNMLMLLHHGFCM58CB,內池段,162.11,都市：住,1,1,全筆移轉,13670010
RPRNMLMLLHHGFCM38CB,內池段,81.05,都市：住,1,1,全筆移轉,13670009
RPVNMLMLLHHGFCM78CB,內池段,37.59,都市：住,453068,7294,持分移轉,13670000
RPQNMLMLLHHGFCM28CB,內池段,34.61,都市：住,453068,6717,持分移轉,13670000
RPXNMLMLLHHGFCM98CB,內池段,162.11,都市：住,1,1,全筆移轉,13670002
RPWNMLMLLHHGFCM88CB,內池段,81.05,都市：住,1,1,全筆移轉,13670008
RPPOMLMLLHHGFCM28CB,內池段,37.50,都市：住,453068,7278,持分移轉,13670000
RPQOMLMLLHHGFCM38CB,內池段,81.05,都市：住,1,1,全筆移轉,13670011
RPROMLMLLHHGFCM48CB,內池段,84.60,都市：住,1,1,全筆移轉,13670012
RPOOMLMLLHHGFCM18CB,內池段,31.48,都市：住,453068,6110,持分移轉,13670000
RPPNMLNLLHHGFAM18DB,大崗段,75.00,非都市：工業區 ; 非都市編定：丁種建築用地,1,1,全筆移轉,00530058
RPPNMLNLLHHGFAM18DB,大崗段,14.85,非都市：工業區 ; 非都市編定：丁種建築用地,100000,3535,持分移轉,00530064
RPQNMLOLLHHGFAM38DB,大崗段,75.00,非都市：工業區 ; 非都市編定：丁種建築用地,1,1,全筆移轉,00530055
RPQNMLOLLHHGFAM38DB,大崗段,14.85,非都市：工業區 ; 非都市編定：丁種建築用地,100000,3535,持分移轉,00530064
RPPNMLRLLHHGFBM58CB,新富功段,40.50,都市：住,100000,480,持分移轉,00650000
RPPNMLRLLHHGFBM58CB,新富功段,.88,都市：住,100000,480,持分移轉,01110000
RPSOMLMLLHHGFCM58CB,福興段,112.00,非都市：一般農業區 ; 非都市編定：甲種建築用地,1,1,全筆移轉,16090012
RPSOMLMLLHHGFCM58CB,福興段,17.46,非都市：一般農業區 ; 非都市編定：甲種建築用地,13,1,持分移轉,16090000
RPPNMLPLLHHGFCM48CB,?吉段,107.20,非都市：特定農業區 ; 非都市編定：甲種建築用地,1,1,全筆移轉,09430015
RPPNMLPLLHHGFCM48CB,?吉段,43.00,非都市：特定農業區 ; 非都市編定：甲種建築用地,17,1,持分移轉,09430018
RPPNMLPLLHHGFCM48CB,?吉段,61.22,非都市：特定農業區 ; 非都市編定：農牧用地,17,1,持分移轉,09440000
RPQNMLRLLHHGFBM68CB,新富功段,39.90,都市：住,100000,473,持分移轉,00650000
RPQNMLRLLHHGFBM68CB,新富功段,.87,都市：住,100000,473,持分移轉,01110000
RPPNMLRLLHHGFAM48CB,名水段,64.39,都市：商,1,1,全筆移轉,04980000
RPPNMLRLLHHGFAM48CB,名水段,15.43,都市：住,1,1,全筆移轉,05010001
RPPNMLRLLHHGFAM48CB,名水段,3.58,都市：商,6,1,持分移轉,04980001
RPPNMLRLLHHGFAM48CB,名水段,25.21,都市：住,6,1,持分移轉,05010000
RPPNMLRLLHHGFAM48CB,名水段,4.45,都市：農,30,1,持分移轉,05510001
RPPNMLRLLHHGFAM48CB,名水段,.96,都市：住,6,1,持分移轉,05110000
RPPNMLRLLHHGFAM48CB,名水段,5.47,都市：住,6,1,持分移轉,05120000
RPPNMLRLLHHGFAM48CB,名水段,1.13,都市：農,30,4,持分移轉,05130000
RPPNMLRLLHHGFAM48CB,名水段,.78,都市：住,200,1,持分移轉,05140000
RPPNMLRLLHHGFAM48CB,名水段,.22,都市：商,200,1,持分移轉,05150000
RPPNMLRLLHHGFAM48CB,名水段,.63,都市：商,200,1,持分移轉,04850000
RPPNMLKMLHHGFBM97CB,青宅段,73.25,非都市：特定農業區 ; 非都市編定：甲種建築用地,1,1,全筆移轉,09020017
RPPNMLKMLHHGFBM97CB,青宅段,.13,非都市：特定農業區 ; 非都市編定：甲種建築用地,25,1,持分移轉,09020027
RPPNMLKMLHHGFBM97CB,青宅段,17.21,非都市：特定農業區 ; 非都市編定：甲種建築用地,12,1,持分移轉,09020000
RPPNMLKMLHHGFAM87CB,茄苳腳段,53.00,都市：住,1,1,全筆移轉,03890155
RPPNMLKMLHHGFAM87CB,茄苳腳段,20.41,都市：住,22,1,持分移轉,03890137
RPQNMLKMLHHGFAM97CB,茄苳腳段,54.00,都市：住,1,1,全筆移轉,03890143
RPQNMLKMLHHGFAM97CB,茄苳腳段,20.41,都市：住,22,1,持分移轉,03890137
RPPNMLSLLHHGFDM98DB,秀林段,40.04,都市：住,100000,2666,持分移轉,05020000
RPQNMLKLKHHGFAM87DB,大崗段,17.47,非都市：工業區 ; 非都市編定：丁種建築用地,100000,4159,持分移轉,00530064
RPQNMLKLKHHGFAM87DB,大崗段,89.00,非都市：工業區 ; 非都市編定：丁種建築用地,1,1,全筆移轉,00530066
RPRNMLKMLHHGFAM08CB,茄苳腳段,68.00,都市：住,1,1,全筆移轉,03890138
RPRNMLKMLHHGFAM08CB,茄苳腳段,10.20,都市：住,44,1,持分移轉,03890137
RPSNMLKMLHHGFAM18CB,包尾段,92.00,都市：住,1,1,全筆移轉,04480033
RPSNMLKMLHHGFAM18CB,包尾段,19.50,都市：住,20,1,持分移轉,04480002
RPSNMLKMLHHGFAM18CB,包尾段,8.55,都市：住,20,1,持分移轉,04480044
RPQNMLLMLHHGFAM18DB,大崗段,88.00,非都市：工業區 ; 非都市編定：丁種建築用地,1,1,全筆移轉,00530061
RPQNMLLMLHHGFAM18DB,大崗段,17.23,非都市：工業區 ; 非都市編定：丁種建築用地,100000,4102,持分移轉,00530064
RPPNMLLMLHHGFEM48DB,北埔段,106.33,都市：住,1,1,全筆移轉,02900019
RPPNMLLMLHHGFCM28DB,內池段,37.59,都市：住,453068,7294,持分移轉,13670000
RPPNMLNJMHHGFBM08CB,草屯段,22.24,都市：商,100000,506,持分移轉,07370001
RPPNMLLMLHHGFAM08DB,大崗段,88.00,非都市：工業區 ; 非都市編定：丁種建築用地,1,1,全筆移轉,00530060
RPPNMLLMLHHGFAM08DB,大崗段,17.23,非都市：工業區 ; 非都市編定：丁種建築用地,100000,4102,持分移轉,00530064
RPQNMLLMLHHGFCM38DB,內池段,162.11,都市：住,1,1,全筆移轉,13670004
RPQNMLNJMHHGFBM18CB,草屯段,22.24,都市：商,100000,506,持分移轉,07370001
RPPNMLRJMHHGFCM68DB,民生段,48.74,都市：農,100000,6564,持分移轉,04790030
RPQNMLQJMHHGFAM38CB,新?段,49.86,都市：住,1,1,全筆移轉,01800002
RPQNMLQJMHHGFAM38CB,新?段,27.04,都市：住,1000,73,持分移轉,01800000
RPPNMLQJMHHGFBM48DB,新富功段,4.13,都市：住,10000,187,持分移轉,00490020
RPPNMLQJMHHGFBM48DB,新富功段,4.64,都市：住,10000,187,持分移轉,00490001
RPPNMLSJMHHGFAM48CB,新?段,169.14,都市：住,153025,16914,持分移轉,00770002
RPPNMLSJMHHGFAM48CB,新?段,32.00,都市：住,32036,3200,持分移轉,00770004
RPPNMLSJMHHGFAM48CB,新?段,3.07,都市：住,15335,307,持分移轉,00780001
RPPNMLSJMHHGFAM58DB,三塊厝段,44.01,都市：住,100000,1681,持分移轉,00660000
RPPNMLSJMHHGFAM58DB,三塊厝段,5.73,都市：住,100000,1681,持分移轉,00660005
RPQNMLSJMHHGFAM58CB,新?段,169.04,都市：住,153025,16904,持分移轉,00770002
RPQNMLSJMHHGFAM58CB,新?段,32.00,都市：住,32036,3200,持分移轉,00770004
RPQNMLSJMHHGFAM58CB,新?段,3.07,都市：住,15335,307,持分移轉,00780001
RPSNMLSJMHHGFAM78CB,新?段,109.08,都市：住,121441,10908,持分移轉,00600000
RPSNMLSJMHHGFAM78CB,新?段,12.30,都市：住,6244,1230,持分移轉,00670002
RPSNMLSJMHHGFAM78CB,新?段,15.79,都市：住,20765,1579,持分移轉,00600001
RPRNMLSJMHHGFAM68CB,新?段,99.73,都市：住,121441,9973,持分移轉,00600000
RPRNMLSJMHHGFAM68CB,新?段,13.56,都市：住,20765,1356,持分移轉,00600001
RPRNMLSJMHHGFAM68CB,新?段,10.46,都市：住,6244,1046,持分移轉,00670002
RPQNMLLKMHHGFAM08DB,大崗段,79.00,非都市：工業區 ; 非都市編定：丁種建築用地,1,1,全筆移轉,00530034
RPQNMLLKMHHGFAM08DB,大崗段,32.62,非都市：工業區 ; 非都市編定：丁種建築用地,10000,9885,持分移轉,00530035
RPQNMLLKMHHGFAM08DB,大崗段,.38,非都市：工業區 ; 非都市編定：丁種建築用地,10000,115,持分移轉,00530035
RPQNMLLKMHHGFAM08DB,大崗段,15.68,非都市：工業區 ; 非都市編定：丁種建築用地,100000,6101,持分移轉,00530036
RPTNMLSJMHHGFAM88CB,新?段,111.20,都市：住,153025,11120,持分移轉,00770002
RPTNMLSJMHHGFAM88CB,新?段,21.00,都市：住,32036,2100,持分移轉,00770004
RPTNMLSJMHHGFAM88CB,新?段,3.07,都市：住,15335,307,持分移轉,00780001
RPPNMLMKMHHGFAM97CB,包尾段,16.00,都市：住,1,1,全筆移轉,04480029
RPPNMLMKMHHGFAM97CB,包尾段,19.50,都市：住,20,1,持分移轉,04480002
RPPNMLMKMHHGFAM97CB,包尾段,8.55,都市：住,20,1,持分移轉,04480044
RPPNMLMKMHHGFAM97CB,包尾段,121.00,都市：農,1,1,全筆移轉,04480043
RPQNMLNKMHHGFAM18CB,新?段,69.44,都市：住,1,1,全筆移轉,01800010
RPQNMLNKMHHGFAM18CB,新?段,17.04,都市：住,1000,46,持分移轉,01800000
RPPNMLNKMHHGFAM08CB,茄苳腳段,29.99,非都市：鄉村區 ; 非都市編定：乙種建築用地,100000,2293,持分移轉,02990010
RPPNMLNKMHHGFBM18CB,新永安段,89.95,都市：住,100000,18878,持分移轉,07810000
RPQNMLNKMHHGFCM38CB,內池段,162.11,都市：住,1,1,全筆移轉,13670003
RPQNMLNKMHHGFBM28CB,新永安段,114.90,都市：住,100000,24115,持分移轉,07810000
RPQNMLNKMHHGFBM28CB,新永安段,37.00,都市：農,1,1,全筆移轉,05310005
RPQNMLNKMHHGFBM28CB,新永安段,15.75,都市：農,2,1,持分移轉,05310006
RPTNMLOKMHHGFCM78CB,內池段,38.15,都市：住,502789,8215,持分移轉,13670000
RPSNMLOKMHHGFCM68CB,內池段,38.15,都市：住,502789,8215,持分移轉,13670000
RPQNMLOKMHHGFCM48CB,內池段,38.06,都市：住,502789,8196,持分移轉,13670000
RPRNMLNKMHHGFBM38CB,新光段,24.36,非都市：鄉村區 ; 非都市編定：乙種建築用地,100000,1858,持分移轉,00210000
RPRNMLOKMHHGFCM58CB,內池段,38.06,都市：住,502789,8196,持分移轉,13670000
RPPNMLOKMHHGFAM18CB,三塊厝段,129.00,都市：住,1,1,全筆移轉,01450015
RPPNMLOKMHHGFAM18CB,三塊厝段,25.00,都市：住,26,1,持分移轉,01450004
RPPNMLPKMHHGFCM58DB,忠信段,30.24,非都市：鄉村區 ; 非都市編定：乙種建築用地,86612,3024,持分移轉,00160001
RPPNMLPKMHHGFBM38CB,新富寮段,82.58,都市：住,100000,2058,持分移轉,05540000
RPPNMLOKMHHGFCM48DB,忠信段,52.72,非都市：鄉村區 ; 非都市編定：乙種建築用地,86612,5272,持分移轉,00160001
RPPNMLSKMHHGFAM58CB,茄苳腳段,22.38,非都市：鄉村區 ; 非都市編定：乙種建築用地,100000,1711,持分移轉,02990010
RPQNMLPKMHHGFCM68DB,忠信段,28.92,非都市：鄉村區 ; 非都市編定：乙種建築用地,86612,2892,持分移轉,00160001
RPPNMLTKMHHGFBM78CB,中原段,28.27,非都市：鄉村區 ; 非都市編定：乙種建築用地,10000,143,持分移轉,09700000
RPPNMLTKMHHGFBM78CB,中原段,.83,非都市：鄉村區 ; 非都市編定：乙種建築用地,10000,143,持分移轉,09700002
RPPNMLTKMHHGFBM78CB,中原段,.84,非都市：鄉村區 ; 非都市編定：乙種建築用地,10000,143,持分移轉,09700003
RPPNMLTKMHHGFBM78CB,中原段,1.02,非都市：鄉村區 ; 非都市編定：乙種建築用地,10000,143,持分移轉,09700004
RPPNMLTKMHHGFBM78CB,中原段,1.03,非都市：鄉村區 ; 非都市編定：乙種建築用地,10000,143,持分移轉,09700005
RPPNMLTKMHHGFBM78CB,中原段,1.13,非都市：鄉村區 ; 非都市編定：乙種建築用地,10000,143,持分移轉,09700006
RPPNMLTKMHHGFBM78CB,中原段,1.24,非都市：鄉村區 ; 非都市編定：乙種建築用地,10000,143,持分移轉,09700007
RPPNMLSKMHHGFAM68DB,大崗段,21.18,非都市：工業區 ; 非都市編定：丁種建築用地,100000,8241,持分移轉,00530036
RPPNMLSKMHHGFAM68DB,大崗段,118.00,非都市：工業區 ; 非都市編定：丁種建築用地,1,1,全筆移轉,00530048
RPPNMLSKMHHGFAM68DB,大崗段,50.00,非都市：工業區 ; 非都市編定：丁種建築用地,1,1,全筆移轉,00530049
RPSNMLTKMHHGFBM09CB,中原段,28.47,非都市：鄉村區 ; 非都市編定：乙種建築用地,10000,144,持分移轉,09700000
RPSNMLTKMHHGFBM09CB,中原段,.84,非都市：鄉村區 ; 非都市編定：乙種建築用地,10000,144,持分移轉,09700002
RPSNMLTKMHHGFBM09CB,中原段,.84,非都市：鄉村區 ; 非都市編定：乙種建築用地,10000,144,持分移轉,09700003
RPSNMLTKMHHGFBM09CB,中原段,1.03,非都市：鄉村區 ; 非都市編定：乙種建築用地,10000,144,持分移轉,09700004
RPSNMLTKMHHGFBM09CB,中原段,1.04,非都市：鄉村區 ; 非都市編定：乙種建築用地,10000,144,持分移轉,09700005
RPSNMLTKMHHGFBM09CB,中原段,1.13,非都市：鄉村區 ; 非都市編定：乙種建築用地,10000,144,持分移轉,09700006
RPSNMLTKMHHGFBM09CB,中原段,1.25,非都市：鄉村區 ; 非都市編定：乙種建築用地,10000,144,持分移轉,09700007
RPTNMLTKMHHGFBM56CB,中原段,21.55,非都市：鄉村區 ; 非都市編定：乙種建築用地,10000,109,持分移轉,09700000
RPRNMLTKMHHGFBM98CB,中原段,26.09,非都市：鄉村區 ; 非都市編定：乙種建築用地,10000,132,持分移轉,09700000
RPRNMLTKMHHGFBM98CB,中原段,.77,非都市：鄉村區 ; 非都市編定：乙種建築用地,10000,132,持分移轉,09700002
RPTNMLTKMHHGFBM56CB,中原段,.64,非都市：鄉村區 ; 非都市編定：乙種建築用地,10000,109,持分移轉,09700002
RPRNMLTKMHHGFBM98CB,中原段,.77,非都市：鄉村區 ; 非都市編定：乙種建築用地,10000,132,持分移轉,09700003
RPTNMLTKMHHGFBM56CB,中原段,.64,非都市：鄉村區 ; 非都市編定：乙種建築用地,10000,109,持分移轉,09700003
RPRNMLTKMHHGFBM98CB,中原段,.94,非都市：鄉村區 ; 非都市編定：乙種建築用地,10000,132,持分移轉,09700004
RPTNMLTKMHHGFBM56CB,中原段,.78,非都市：鄉村區 ; 非都市編定：乙種建築用地,10000,109,持分移轉,09700004
RPRNMLTKMHHGFBM98CB,中原段,.95,非都市：鄉村區 ; 非都市編定：乙種建築用地,10000,132,持分移轉,09700005
RPTNMLTKMHHGFBM56CB,中原段,.79,非都市：鄉村區 ; 非都市編定：乙種建築用地,10000,109,持分移轉,09700005
RPRNMLTKMHHGFBM98CB,中原段,1.04,非都市：鄉村區 ; 非都市編定：乙種建築用地,10000,132,持分移轉,09700006
RPTNMLTKMHHGFBM56CB,中原段,.86,非都市：鄉村區 ; 非都市編定：乙種建築用地,10000,109,持分移轉,09700006
RPRNMLTKMHHGFBM98CB,中原段,1.14,非都市：鄉村區 ; 非都市編定：乙種建築用地,10000,132,持分移轉,09700007
RPTNMLTKMHHGFBM56CB,中原段,.94,非都市：鄉村區 ; 非都市編定：乙種建築用地,10000,109,持分移轉,09700007
RPRNMLTKMHHGFCM56DB,忠信段,26.01,非都市：鄉村區 ; 非都市編定：乙種建築用地,86612,2601,持分移轉,00160001
RPPNMLTKMHHGFCM98DB,忠信段,21.85,非都市：鄉村區 ; 非都市編定：乙種建築用地,86612,2185,持分移轉,00160001
RPQNMLTKMHHGFCM09DB,忠信段,21.85,非都市：鄉村區 ; 非都市編定：乙種建築用地,86612,2185,持分移轉,00160001
RPSNMLTKMHHGFCM66DB,忠信段,38.67,非都市：鄉村區 ; 非都市編定：乙種建築用地,86612,3867,持分移轉,00160001
RPRNMLLLMHHGFAM18CB,牛運堀段,12.59,都市：住,100000,920,持分移轉,02760000
RPRNMLLLMHHGFAM18CB,牛運堀段,1.58,都市：住,100000,920,持分移轉,02760007
RPRNMLLLMHHGFAM18CB,牛運堀段,3.89,都市：住,100000,920,持分移轉,02760008
RPRNMLLLMHHGFAM18CB,牛運堀段,6.80,都市：住,100000,920,持分移轉,02760009
RPRNMLLLMHHGFAM18CB,牛運堀段,.04,都市：住,100000,920,持分移轉,02770017
RPRNMLLLMHHGFAM18CB,牛運堀段,7.41,都市：住,100000,920,持分移轉,02790000
RPQNMLLLMHHGFAM08CB,牛運堀段,12.59,都市：住,100000,920,持分移轉,02760000
RPQNMLLLMHHGFAM08CB,牛運堀段,1.58,都市：住,100000,920,持分移轉,02760007
RPQNMLLLMHHGFAM08CB,牛運堀段,3.89,都市：住,100000,920,持分移轉,02760008
RPQNMLLLMHHGFAM08CB,牛運堀段,6.80,都市：住,100000,920,持分移轉,02760009
RPQNMLLLMHHGFAM08CB,牛運堀段,.04,都市：住,100000,920,持分移轉,02770017
RPQNMLLLMHHGFAM08CB,牛運堀段,7.41,都市：住,100000,920,持分移轉,02790000
RPPNMLLLMHHGFAM97CB,牛運堀段,15.62,都市：住,100000,1141,持分移轉,02760000
RPPNMLLLMHHGFAM97CB,牛運堀段,1.96,都市：住,100000,1141,持分移轉,02760007
RPPNMLLLMHHGFAM97CB,牛運堀段,4.83,都市：住,100000,1141,持分移轉,02760008
RPSNMLLLMHHGFAM28CB,牛運堀段,10.38,都市：住,100000,758,持分移轉,02760000
RPPNMLLLMHHGFAM97CB,牛運堀段,8.43,都市：住,100000,1141,持分移轉,02760009
RPSNMLLLMHHGFAM28CB,牛運堀段,1.30,都市：住,100000,758,持分移轉,02760007
RPPNMLLLMHHGFAM97CB,牛運堀段,.05,都市：住,100000,1141,持分移轉,02770017
RPSNMLLLMHHGFAM28CB,牛運堀段,3.21,都市：住,100000,758,持分移轉,02760008
RPPNMLLLMHHGFAM97CB,牛運堀段,9.19,都市：住,100000,1141,持分移轉,02790000
RPSNMLLLMHHGFAM28CB,牛運堀段,5.60,都市：住,100000,758,持分移轉,02760009
RPSNMLLLMHHGFAM28CB,牛運堀段,.03,都市：住,100000,758,持分移轉,02770017
RPSNMLLLMHHGFAM28CB,牛運堀段,6.10,都市：住,100000,758,持分移轉,02790000
RPPNMLMLMHHGFAM08CB,新?段,138.30,都市：住,1,1,全筆移轉,01800022
RPPNMLMLMHHGFAM08CB,新?段,1.11,都市：住,1000,3,持分移轉,01800000
RPPNMLMLMHHGFAM08CB,新?段,4.67,都市：住,1,1,全筆移轉,01800023
RPPNMLMLMHHGFBM18CB,新光段,16.29,非都市：鄉村區 ; 非都市編定：乙種建築用地,100000,1048,持分移轉,00290000
RPPNMLOLLHHGFAM28DB,大崗段,88.00,非都市：工業區 ; 非都市編定：丁種建築用地,1,1,全筆移轉,00530053
RPPNMLOLLHHGFAM28DB,大崗段,17.23,非都市：工業區 ; 非都市編定：丁種建築用地,100000,4102,持分移轉,00530064
RPQNMLMLMHHGFBM28CB,玉峰段,19.69,都市：住,100000,587,持分移轉,01960000
RPRNMLMLMHHGFBM38CB,玉峰段,19.69,都市：住,100000,587,持分移轉,01960000
RPPNMLMLLHHGFDM38DB,秀林段,42.86,都市：住,100000,2854,持分移轉,05020000
RPPNMLNLMHHGFBM38DB,北投堡段,27.74,非都市：鄉村區 ; 非都市編定：乙種建築用地,100000,1700,持分移轉,02960000
RPQNMLNLMHHGFBM48DB,北投堡段,26.11,非都市：鄉村區 ; 非都市編定：乙種建築用地,100000,1600,持分移轉,02960000
RPPNMLPLMHHGFCM68DB,南光段,34.31,都市：住,100000,5690,持分移轉,05740000
RPPNMLQLMHHGFBM68DB,北投堡段,27.74,非都市：鄉村區 ; 非都市編定：乙種建築用地,100000,1700,持分移轉,02960000
RPRNMLQLMHHGFBM88DB,北投堡段,19.58,非都市：鄉村區 ; 非都市編定：乙種建築用地,100000,1200,持分移轉,02960000
RPQNMLQLMHHGFBM78DB,北投堡段,19.58,非都市：鄉村區 ; 非都市編定：乙種建築用地,100000,1200,持分移轉,02960000
RPSNMLQLMHHGFAM78CB,包尾段,116.00,都市：住,1,1,全筆移轉,04480028
RPPNMLQLMHHGFBM58CB,新永安段,91.73,都市：住,100000,19252,持分移轉,07810000
RPSNMLQLMHHGFAM78CB,包尾段,19.50,都市：住,20,1,持分移轉,04480002
RPSNMLQLMHHGFAM78CB,包尾段,8.55,都市：住,20,1,持分移轉,04480044
RPQNMLQLMHHGFBM68CB,新永安段,89.94,都市：住,100000,18876,持分移轉,07810000
RPPNMLRLMHHGFAM58CB,包尾段,91.00,都市：住,1,1,全筆移轉,04480022
RPPNMLRLMHHGFAM58CB,包尾段,19.50,都市：住,20,1,持分移轉,04480002
RPPNMLRLMHHGFAM58CB,包尾段,8.55,都市：住,20,1,持分移轉,04480044
RPPNMLTLMHHGFAM88DB,大崗段,88.00,非都市：工業區 ; 非都市編定：丁種建築用地,1,1,全筆移轉,00530054
RPPNMLTLMHHGFAM88DB,大崗段,17.23,非都市：工業區 ; 非都市編定：丁種建築用地,100000,4102,持分移轉,00530064
RPRNMLTLMHHGFAM09DB,大崗段,14.85,非都市：工業區 ; 非都市編定：丁種建築用地,100000,3535,持分移轉,00530064
RPRNMLTLMHHGFAM09DB,大崗段,75.00,非都市：工業區 ; 非都市編定：丁種建築用地,1,1,全筆移轉,00530071
RPQNMLNJNHHGFAM28DB,大崗段,89.00,非都市：工業區 ; 非都市編定：丁種建築用地,1,1,全筆移轉,00530051
RPQNMLNJNHHGFAM28DB,大崗段,17.47,非都市：工業區 ; 非都市編定：丁種建築用地,100000,4159,持分移轉,00530064
RPPNMLNJNHHGFAM18DB,大崗段,75.00,非都市：工業區 ; 非都市編定：丁種建築用地,1,1,全筆移轉,00530033
RPPNMLNJNHHGFAM18DB,大崗段,14.63,非都市：工業區 ; 非都市編定：丁種建築用地,100000,5693,持分移轉,00530036
RPPNMLNJNHHGFBM28DB,北投堡段,27.74,非都市：鄉村區 ; 非都市編定：乙種建築用地,100000,1700,持分移轉,02960000
RPPNMLSLMHHGFCM88CB,內池段,38.06,都市：住,502789,8196,持分移轉,13670000
RPQNMLNJNHHGFBM38DB,北投堡段,27.74,非都市：鄉村區 ; 非都市編定：乙種建築用地,100000,1700,持分移轉,02960000
RPQNMLRLMHHGFAM68CB,包尾段,105.00,都市：住,1,1,全筆移轉,04480024
RPQNMLRLMHHGFAM68CB,包尾段,19.50,都市：住,20,1,持分移轉,04480002
RPQNMLRLMHHGFAM68CB,包尾段,8.55,都市：住,20,1,持分移轉,04480044
RPSNMLNJNHHGFBM58DB,北投堡段,19.58,非都市：鄉村區 ; 非都市編定：乙種建築用地,100000,1200,持分移轉,02960000
RPUNMLNJNHHGFBM78DB,北投堡段,19.58,非都市：鄉村區 ; 非都市編定：乙種建築用地,100000,1200,持分移轉,02960000
RPPNMLOJNHHGFAM28DB,大崗段,8.76,非都市：工業區 ; 非都市編定：丁種建築用地,100000,3408,持分移轉,00530036
RPPNMLOJNHHGFAM28DB,大崗段,91.00,非都市：工業區 ; 非都市編定：丁種建築用地,1,1,全筆移轉,00530041
RPPNMLOJNHHGFAM18CB,包尾段,106.00,都市：住,1,1,全筆移轉,04480020
RPPNMLOJNHHGFAM18CB,包尾段,19.50,都市：住,20,1,持分移轉,04480002
RPPNMLOJNHHGFAM18CB,包尾段,8.55,都市：住,20,1,持分移轉,04480044
RPTNMLNJNHHGFBM68DB,北投堡段,26.11,非都市：鄉村區 ; 非都市編定：乙種建築用地,100000,1600,持分移轉,02960000
RPRNMLNJNHHGFBM48DB,北投堡段,19.58,非都市：鄉村區 ; 非都市編定：乙種建築用地,100000,1200,持分移轉,02960000
RPPNMLPJNHHGFBM48DB,新富功段,4.15,都市：住,10000,188,持分移轉,00490020
RPPNMLPJNHHGFBM48DB,新富功段,4.66,都市：住,10000,188,持分移轉,00490001
RPRNMLOJNHHGFAM38CB,牛運堀段,9.97,都市：住,100000,728,持分移轉,02760000
RPRNMLOJNHHGFAM38CB,牛運堀段,1.25,都市：住,100000,728,持分移轉,02760007
RPRNMLOJNHHGFAM38CB,牛運堀段,3.08,都市：住,100000,728,持分移轉,02760008
RPRNMLOJNHHGFAM38CB,牛運堀段,5.38,都市：住,100000,728,持分移轉,02760009
RPRNMLOJNHHGFAM38CB,牛運堀段,.03,都市：住,100000,728,持分移轉,02770017
RPRNMLOJNHHGFAM38CB,牛運堀段,5.86,都市：住,100000,728,持分移轉,02790000
RPSNMLPJNHHGFBM78DB,新富功段,16.07,都市：住,10000,929,持分移轉,00490021
RPSNMLPJNHHGFBM78DB,新富功段,6.51,都市：住,10000,929,持分移轉,00490000
RPSNMLPJNHHGFBM78DB,新富功段,77.59,都市：住,1,1,全筆移轉,00490016
RPSNMLPJNHHGFBM78DB,新富功段,1.12,都市：住,1,1,全筆移轉,00490011
RPQNMLOJNHHGFAM28CB,牛運堀段,10.38,都市：住,100000,758,持分移轉,02760000
RPQNMLOJNHHGFAM28CB,牛運堀段,1.30,都市：住,100000,758,持分移轉,02760007
RPQNMLOJNHHGFAM28CB,牛運堀段,3.21,都市：住,100000,758,持分移轉,02760008
RPQNMLOJNHHGFAM28CB,牛運堀段,5.60,都市：住,100000,758,持分移轉,02760009
RPQNMLOJNHHGFAM28CB,牛運堀段,.03,都市：住,100000,758,持分移轉,02770017
RPQNMLOJNHHGFAM28CB,牛運堀段,6.10,都市：住,100000,758,持分移轉,02790000
RPQNMLPJNHHGFBM58DB,新富功段,5.21,都市：住,10000,236,持分移轉,00490020
RPQNMLPJNHHGFBM58DB,新富功段,5.85,都市：住,10000,236,持分移轉,00490001
RPPNMLQJNHHGFBM58DB,新富功段,16.18,都市：住,10000,935,持分移轉,00490021
RPPNMLQJNHHGFBM58DB,新富功段,6.55,都市：住,10000,935,持分移轉,00490000
RPPNMLQJNHHGFBM58DB,新富功段,76.31,都市：住,1,1,全筆移轉,00490005
RPPNMLQJNHHGFBM58DB,新富功段,1.12,都市：住,1,1,全筆移轉,00490008
RPRNMLPJNHHGFBM68DB,新富功段,4.15,都市：住,10000,188,持分移轉,00490020
RPRNMLPJNHHGFBM68DB,新富功段,4.66,都市：住,10000,188,持分移轉,00490001
RPPNMLQJNHHGFAM38CB,茄苳腳段,29.99,非都市：鄉村區 ; 非都市編定：乙種建築用地,100000,2293,持分移轉,02990010
RPPNMLRJNHHGFBM68DB,北投堡段,27.74,非都市：鄉村區 ; 非都市編定：乙種建築用地,100000,1700,持分移轉,02960000
RPPNMLQJNHHGFCM58CB,?吉段,106.60,非都市：特定農業區 ; 非都市編定：甲種建築用地,1,1,全筆移轉,09430014
RPPNMLQJNHHGFCM58CB,?吉段,43.00,非都市：特定農業區 ; 非都市編定：甲種建築用地,17,1,持分移轉,09430018
RPPNMLQJNHHGFCM58CB,?吉段,61.22,非都市：特定農業區 ; 非都市編定：農牧用地,17,1,持分移轉,09440000
RPQNMLRJNHHGFBM78DB,北投堡段,27.74,非都市：鄉村區 ; 非都市編定：乙種建築用地,100000,1700,持分移轉,02960000
RPRNMLRJNHHGFBM88DB,北投堡段,27.74,非都市：鄉村區 ; 非都市編定：乙種建築用地,100000,1700,持分移轉,02960000
RPSNMLRJNHHGFBM98DB,北投堡段,26.11,非都市：鄉村區 ; 非都市編定：乙種建築用地,100000,1600,持分移轉,02960000
RPPNMLRJNHHGFBM58CB,草屯段,22.24,都市：商,100000,506,持分移轉,07370001
RPTNMLRJNHHGFBM09DB,北投堡段,19.58,非都市：鄉村區 ; 非都市編定：乙種建築用地,100000,1200,持分移轉,02960000
RPUNMLRJNHHGFBM56DB,北投堡段,19.58,非都市：鄉村區 ; 非都市編定：乙種建築用地,100000,1200,持分移轉,02960000
RPVNMLRJNHHGFBM66DB,北投堡段,19.58,非都市：鄉村區 ; 非都市編定：乙種建築用地,100000,1200,持分移轉,02960000
RPPNMLTJNHHGFDM09DB,廣興段,22.21,都市：住,10000,168,持分移轉,03560000
RPXNMLRJNHHGFBM86DB,北投堡段,19.58,非都市：鄉村區 ; 非都市編定：乙種建築用地,100000,1200,持分移轉,02960000
RPWNMLRJNHHGFBM76DB,北投堡段,19.58,非都市：鄉村區 ; 非都市編定：乙種建築用地,100000,1200,持分移轉,02960000
RPQNMLKKNHHGFAM08DB,小崎段,71.27,都市：住,1,1,全筆移轉,03650010
RPQNMLKKNHHGFAM08DB,小崎段,13.52,都市：住,100,5,持分移轉,03650000
RPQNMLKKNHHGFAM08DB,小崎段,.44,都市：住,100,5,持分移轉,03650029
RPSNMLKKNHHGFAM28DB,小崎段,68.86,都市：住,1,1,全筆移轉,03650021
RPSNMLKKNHHGFAM28DB,小崎段,13.52,都市：住,100,5,持分移轉,03650000
RPSNMLKKNHHGFAM28DB,小崎段,.44,都市：住,100,5,持分移轉,03650029
RPRNMLKKNHHGFAM18DB,三塊厝段,43.59,都市：住,100000,1665,持分移轉,00660000
RPRNMLKKNHHGFAM18DB,三塊厝段,5.68,都市：住,100000,1665,持分移轉,00660005
RPTNMLKKNHHGFAM38DB,小崎段,68.86,都市：住,1,1,全筆移轉,03650022
RPTNMLKKNHHGFAM38DB,小崎段,13.52,都市：住,100,5,持分移轉,03650000
RPTNMLKKNHHGFAM38DB,小崎段,.44,都市：住,100,5,持分移轉,03650029
RPUNMLKKNHHGFAM48DB,小崎段,68.86,都市：住,1,1,全筆移轉,03650023
RPUNMLKKNHHGFAM48DB,小崎段,13.52,都市：住,100,5,持分移轉,03650000
RPUNMLKKNHHGFAM48DB,小崎段,.44,都市：住,100,5,持分移轉,03650029
RPRNMLKKNHHGFAM08CB,新?段,48.69,都市：住,1,1,全筆移轉,01800006
RPRNMLKKNHHGFAM08CB,新?段,27.78,都市：住,1000,75,持分移轉,01800000
RPPNMLKKNHHGFAM87CB,南投段,26.45,都市：住,10000,402,持分移轉,03070028
RPSNMLKKNHHGFAM18CB,新?段,69.53,都市：住,1,1,全筆移轉,01800017
RPSNMLKKNHHGFAM18CB,新?段,16.67,都市：住,1000,45,持分移轉,01800000
RPPNMLLKNHHGFAM08DB,小崎段,71.81,都市：住,1,1,全筆移轉,03650004
RPPNMLLKNHHGFAM08DB,小崎段,13.52,都市：住,100,5,持分移轉,03650000
RPPNMLLKNHHGFAM08DB,小崎段,.44,都市：住,100,5,持分移轉,03650029
RPQNMLLKNHHGFAM18DB,小崎段,13.20,都市：住,1,1,全筆移轉,03650017
RPQNMLLKNHHGFAM18DB,小崎段,55.66,都市：住,1,1,全筆移轉,03650018
RPQNMLLKNHHGFAM18DB,小崎段,13.52,都市：住,100,5,持分移轉,03650000
RPQNMLLKNHHGFAM18DB,小崎段,.44,都市：住,100,5,持分移轉,03650029
RPQNMLLKNHHGFBM28DB,北投堡段,26.11,非都市：鄉村區 ; 非都市編定：乙種建築用地,100000,1600,持分移轉,02960000
RPPNMLLKNHHGFCM18CB,內池段,162.11,都市：住,1,1,全筆移轉,13670005
RPTNMLLKNHHGFBM58DB,北投堡段,27.74,非都市：鄉村區 ; 非都市編定：乙種建築用地,100000,1700,持分移轉,02960000
RPPNMLLKNHHGFBM18DB,北投堡段,19.58,非都市：鄉村區 ; 非都市編定：乙種建築用地,100000,1200,持分移轉,02960000
RPRNMLLKNHHGFBM38DB,北投堡段,27.74,非都市：鄉村區 ; 非都市編定：乙種建築用地,100000,1700,持分移轉,02960000
RPSNMLLKNHHGFBM48DB,北投堡段,26.11,非都市：鄉村區 ; 非都市編定：乙種建築用地,100000,1600,持分移轉,02960000
RPPNMLMKNHHGFEM58DB,北埔段,121.42,都市：住,1,1,全筆移轉,02900017
RPQNMLMKNHHGFEM68DB,北埔段,99.88,都市：住,1,1,全筆移轉,02900007
RPPNMLMKNHHGFCM38DB,和平段,24.15,都市：商,100000,1470,持分移轉,02670000
RPPNMLRKNHHGFCM88DB,忠信段,26.01,非都市：鄉村區 ; 非都市編定：乙種建築用地,86612,2601,持分移轉,00160001
RPQNMLRKNHHGFCM98DB,忠信段,55.30,非都市：鄉村區 ; 非都市編定：乙種建築用地,86612,5530,持分移轉,00160001
RPPNMLQKNHHGFAM48CB,牛運堀段,15.62,都市：住,100000,1141,持分移轉,02760000
RPPNMLQKNHHGFAM48CB,牛運堀段,1.96,都市：住,100000,1141,持分移轉,02760007
RPPNMLQKNHHGFAM48CB,牛運堀段,4.83,都市：住,100000,1141,持分移轉,02760008
RPPNMLQKNHHGFAM48CB,牛運堀段,8.43,都市：住,100000,1141,持分移轉,02760009
RPPNMLQKNHHGFAM48CB,牛運堀段,.05,都市：住,100000,1141,持分移轉,02770017
RPPNMLQKNHHGFAM48CB,牛運堀段,9.19,都市：住,100000,1141,持分移轉,02790000
RPPNMLNKNHHGFBM28CB,新永安段,89.94,都市：住,100000,18877,持分移轉,07810000
RPQNMLSKNHHGFAM78CB,三塊厝段,131.00,都市：住,1,1,全筆移轉,01450020
RPQNMLSKNHHGFAM78CB,三塊厝段,25.00,都市：住,26,1,持分移轉,01450004
RPPNMLTKNHHGFAM78CB,茄苳腳段,52.00,都市：住,1,1,全筆移轉,03890152
RPPNMLTKNHHGFAM78CB,茄苳腳段,20.41,都市：住,22,1,持分移轉,03890137
RPQNMLTKNHHGFAM88CB,茄苳腳段,57.00,都市：住,1,1,全筆移轉,03890136
RPQNMLTKNHHGFAM88CB,茄苳腳段,20.41,都市：住,22,1,持分移轉,03890137
RPRNMLTKNHHGFAM98CB,茄苳腳段,55.00,都市：住,1,1,全筆移轉,03890133
RPRNMLTKNHHGFAM98CB,茄苳腳段,20.41,都市：住,22,1,持分移轉,03890137
RPPNMLTKNHHGFCM09DB,和平段,24.15,都市：商,100000,1470,持分移轉,02670000
RPPNMLKLNHHGFAM97CB,名山段,157.46,非都市：特定農業區 ; 非都市編定：甲種建築用地,1,1,全筆移轉,01260043
RPPNMLKLNHHGFAM97CB,名山段,3.31,非都市：特定農業區 ; 非都市編定：甲種建築用地,10000,110,持分移轉,01260000
RPPNMLKLNHHGFAM08DB,大崗段,75.00,非都市：工業區 ; 非都市編定：丁種建築用地,1,1,全筆移轉,00530029
RPPNMLLLNHHGFBM18CB,玉峰段,19.69,都市：住,100000,587,持分移轉,01960000
RPPNMLKLNHHGFAM08DB,大崗段,14.63,非都市：工業區 ; 非都市編定：丁種建築用地,100000,5693,持分移轉,00530036
RPQNMLPLNHHGFBM78DB,北投堡段,19.58,非都市：鄉村區 ; 非都市編定：乙種建築用地,100000,1200,持分移轉,02960000
RPRNMLQLMHHGFAM68CB,包尾段,111.00,都市：住,1,1,全筆移轉,04480027
RPRNMLQLMHHGFAM68CB,包尾段,19.50,都市：住,20,1,持分移轉,04480002
RPRNMLQLMHHGFAM68CB,包尾段,8.55,都市：住,20,1,持分移轉,04480044
RPRNMLPLNHHGFBM88DB,北投堡段,19.58,非都市：鄉村區 ; 非都市編定：乙種建築用地,100000,1200,持分移轉,02960000
RPTNMLQLMHHGFAM88CB,三塊厝段,107.00,都市：住,1,1,全筆移轉,01450018
RPTNMLQLMHHGFAM88CB,三塊厝段,25.00,都市：住,26,1,持分移轉,01450004
RPTNMLPLNHHGFBM09DB,北投堡段,19.58,非都市：鄉村區 ; 非都市編定：乙種建築用地,100000,1200,持分移轉,02960000
RPPNMLRLNHHGFBM78CB,青宅段,81.90,非都市：特定農業區 ; 非都市編定：甲種建築用地,1,1,全筆移轉,09020011
RPPNMLRLNHHGFBM78CB,青宅段,.13,非都市：特定農業區 ; 非都市編定：甲種建築用地,25,1,持分移轉,09020027
RPSNMLPLNHHGFBM98DB,北投堡段,26.11,非都市：鄉村區 ; 非都市編定：乙種建築用地,100000,1600,持分移轉,02960000
RPPNMLRJOHHGFBM68CB,青宅段,73.82,非都市：特定農業區 ; 非都市編定：甲種建築用地,1,1,全筆移轉,09020004
RPPNMLRJOHHGFBM68CB,青宅段,.13,非都市：特定農業區 ; 非都市編定：甲種建築用地,25,1,持分移轉,09020027
RPPNMLKMNHHGFCM38DB,和平段,19.81,都市：商,100000,1206,持分移轉,02670000
RPQNMLRJOHHGFBM78CB,青宅段,77.89,非都市：特定農業區 ; 非都市編定：甲種建築用地,1,1,全筆移轉,09020012
RPQNMLRJOHHGFBM78CB,青宅段,.13,非都市：特定農業區 ; 非都市編定：甲種建築用地,25,1,持分移轉,09020027
