﻿編號,土地位置,土地移轉面積(平方公尺),使用分區或編定,權利人持分分母,權利人持分分子,移轉情形,地號
The serial number, land position,land shifting area square meter,the use zoning or compiles and checks,,,,land parcel
RPUWMLSKKHHGFAO37CB,武陵段,15.03,都市：住,100000,1246,持分移轉,03070002
RPVWMLSKKHHGFAO47CB,武陵段,16.12,都市：住,100000,1337,持分移轉,03070002
RPVWMLSKKHHGFAO47CB,武陵段,1.55,都市：住,100000,1337,持分移轉,03070003
RPVWMLSKKHHGFAO47CB,武陵段,8.89,都市：住,100000,1337,持分移轉,03090003
RPUWMLSKKHHGFAO37CB,武陵段,1.45,都市：住,100000,1246,持分移轉,03070003
RPVWMLSKKHHGFAO47CB,武陵段,3.46,都市：住,100000,1337,持分移轉,03090005
RPUWMLSKKHHGFAO37CB,武陵段,8.29,都市：住,100000,1246,持分移轉,03090003
RPVWMLSKKHHGFAO47CB,武陵段,3.82,都市：住,100000,1337,持分移轉,03090007
RPUWMLSKKHHGFAO37CB,武陵段,3.23,都市：住,100000,1246,持分移轉,03090005
RPUWMLSKKHHGFAO37CB,武陵段,3.56,都市：住,100000,1246,持分移轉,03090007
RPUNMLTKKHHGFAO56CB,東光段,7.50,都市：商,10000,115,持分移轉,01170000
RPUNMLTKKHHGFAO56CB,東光段,7.31,都市：商,10000,115,持分移轉,01180000
RPOOMLTKKHHGFAO68CB,東光段,7.89,都市：商,10000,121,持分移轉,01170000
RPOOMLTKKHHGFAO68CB,東光段,7.70,都市：商,10000,121,持分移轉,01180000
RPWNMLTKKHHGFAO76CB,東光段,7.50,都市：商,10000,115,持分移轉,01170000
RPWNMLTKKHHGFAO76CB,東光段,7.31,都市：商,10000,115,持分移轉,01180000
RPXNMLTKKHHGFAO86CB,東光段,8.35,都市：商,10000,128,持分移轉,01170000
RPXNMLTKKHHGFAO86CB,東光段,8.14,都市：商,10000,128,持分移轉,01180000
RPXWMLSKKHHGFAO67CB,武陵段,16.12,都市：住,100000,1337,持分移轉,03070002
RPXWMLSKKHHGFAO67CB,武陵段,1.55,都市：住,100000,1337,持分移轉,03070003
RPXWMLSKKHHGFAO67CB,武陵段,8.89,都市：住,100000,1337,持分移轉,03090003
RPXWMLSKKHHGFAO67CB,武陵段,3.46,都市：住,100000,1337,持分移轉,03090005
RPXWMLSKKHHGFAO67CB,武陵段,3.82,都市：住,100000,1337,持分移轉,03090007
RPWNMLKLKHHGFAO58CB,中寮段,62.17,都市：住,1,1,全筆移轉,03490010
RPWNMLKLKHHGFAO58CB,中寮段,16.78,都市：住,12,1,持分移轉,03490031
RPWNMLKLKHHGFAO58CB,中寮段,.26,都市：住,23,1,持分移轉,03490032
RPSNMLKLKHHGFAO18CB,中寮段,73.44,都市：住,1,1,全筆移轉,03490013
RPSNMLKLKHHGFAO18CB,中寮段,16.78,都市：住,12,1,持分移轉,03490031
RPSNMLKLKHHGFAO18CB,中寮段,.26,都市：住,23,1,持分移轉,03490032
RPVNMLKLKHHGFAO48CB,中寮段,65.56,都市：住,1,1,全筆移轉,03490011
RPVNMLKLKHHGFAO48CB,中寮段,16.78,都市：住,12,1,持分移轉,03490031
RPVNMLKLKHHGFAO48CB,中寮段,.26,都市：住,23,1,持分移轉,03490032
RPQNMLLLKHHGFAO08CB,中寮段,71.64,都市：住,1,1,全筆移轉,03490019
RPVNMLLLKHHGFAO58CB,士林段,13.81,非都市：鄉村區 ; 非都市編定：乙種建築用地,61,1,持分移轉,00400000
RPQNMLMLKHHGFAO18CB,力行段,248.43,非都市：山坡地保育區 ; 非都市編定：丁種建築用地,1,1,全筆移轉,01150047
RPVNMLLLKHHGFAO58CB,士林段,59.73,非都市：鄉村區 ; 非都市編定：乙種建築用地,1,1,全筆移轉,00400002
RPQNMLMLKHHGFAO18CB,力行段,31.20,非都市：山坡地保育區 ; 非都市編定：丁種建築用地,10000,125,持分移轉,01150050
RPROMLKLKHHGFAO18CB,中寮段,85.42,都市：住,1,1,全筆移轉,03680005
RPRNMLMLKHHGFAO28CB,力行段,252.78,非都市：山坡地保育區 ; 非都市編定：丁種建築用地,1,1,全筆移轉,01150048
RPRNMLMLKHHGFAO28CB,力行段,31.20,非都市：山坡地保育區 ; 非都市編定：丁種建築用地,10000,125,持分移轉,01150050
RPPNMLNLKHHGFAO18CB,福林段,36.38,非都市：鄉村區 ; 非都市編定：乙種建築用地,100000,3478,持分移轉,07660001
RPQNMLOLKHHGFAO38CB,東光段,8.02,都市：商,10000,123,持分移轉,01170000
RPQNMLOLKHHGFAO38CB,東光段,7.82,都市：商,10000,123,持分移轉,01180000
RPPNMLOLKHHGFAO28CB,東光段,8.22,都市：商,10000,126,持分移轉,01170000
RPPNMLOLKHHGFAO28CB,東光段,8.01,都市：商,10000,126,持分移轉,01180000
RPPPMLLJLHHGFAO18DB,民富段,74.00,都市：住,1,1,全筆移轉,05580093
RPPNMLPLKHHGFAO38CB,香村段,144.40,非都市：山坡地保育區 ; 非都市編定：丙種建築用地,1,1,全筆移轉,02610112
RPPNMLPLKHHGFAO38CB,香村段,25.87,非都市：山坡地保育區 ; 非都市編定：丙種建築用地,16,1,持分移轉,02610043
RPPNMLPLKHHGFAO38CB,香村段,5.55,非都市：山坡地保育區 ; 非都市編定：丙種建築用地,500,1,持分移轉,04130003
RPQNMLNJLHHGFAO18CB,北門段,2.53,都市：商,100000,1254,持分移轉,17660000
RPPNMLPLKHHGFAO38CB,香村段,5.35,非都市：山坡地保育區 ; 非都市編定：丙種建築用地,500,1,持分移轉,04130067
RPQNMLNJLHHGFAO18CB,北門段,2.70,都市：商,100000,1254,持分移轉,17670000
RPPNMLPLKHHGFAO38CB,香村段,6.64,非都市：山坡地保育區 ; 非都市編定：丙種建築用地,500,1,持分移轉,02610005
RPQNMLNJLHHGFAO18CB,北門段,2.83,都市：商,100000,1254,持分移轉,17680000
RPPNMLPLKHHGFAO38CB,香村段,22.37,非都市：山坡地保育區 ; 非都市編定：農牧用地,500,1,持分移轉,04170001
RPPNMLLJLHHGFAO87CB,武陵段,18.66,都市：住,100000,1547,持分移轉,03070002
RPPNMLLJLHHGFAO87CB,武陵段,1.79,都市：住,100000,1547,持分移轉,03070003
RPPNMLLJLHHGFAO87CB,武陵段,10.29,都市：住,100000,1547,持分移轉,03090003
RPPNMLLJLHHGFAO87CB,武陵段,4.01,都市：住,100000,1547,持分移轉,03090005
RPPNMLLJLHHGFAO87CB,武陵段,4.42,都市：住,100000,1547,持分移轉,03090007
RPTNMLPJLHHGFAO68CB,北門段,3.65,都市：商,100000,1809,持分移轉,17660000
RPTNMLPJLHHGFAO68CB,北門段,3.89,都市：商,100000,1809,持分移轉,17670000
RPTNMLPJLHHGFAO68CB,北門段,4.09,都市：商,100000,1809,持分移轉,17680000
RPVOMLLJLHHGFAO68DB,民富段,79.00,都市：住,1,1,全筆移轉,05580095
RPVOMLLJLHHGFAO68DB,民富段,4.00,都市：住,1,1,全筆移轉,05840002
RPSNMLPJLHHGFAO58CB,北門段,3.65,都市：商,100000,1809,持分移轉,17660000
RPSNMLPJLHHGFAO58CB,北門段,3.89,都市：商,100000,1809,持分移轉,17670000
RPSNMLPJLHHGFAO58CB,北門段,4.09,都市：商,100000,1809,持分移轉,17680000
RPUNMLPJLHHGFAO78CB,北門段,2.53,都市：商,100000,1254,持分移轉,17660000
RPUNMLPJLHHGFAO78CB,北門段,2.70,都市：商,100000,1254,持分移轉,17670000
RPUNMLPJLHHGFAO78CB,北門段,2.83,都市：商,100000,1254,持分移轉,17680000
RPVNMLPJLHHGFAO88CB,北門段,3.65,都市：商,100000,1809,持分移轉,17660000
RPVNMLPJLHHGFAO88CB,北門段,3.89,都市：商,100000,1809,持分移轉,17670000
RPVNMLPJLHHGFAO88CB,北門段,4.09,都市：商,100000,1809,持分移轉,17680000
RPWNMLPJLHHGFAO98CB,北門段,3.65,都市：商,100000,1809,持分移轉,17660000
RPWNMLPJLHHGFAO98CB,北門段,3.89,都市：商,100000,1809,持分移轉,17670000
RPWNMLPJLHHGFAO98CB,北門段,4.09,都市：商,100000,1809,持分移轉,17680000
RPPNMLRJLHHGFAO48CB,東光段,7.95,都市：商,10000,122,持分移轉,01170000
RPPNMLRJLHHGFAO48CB,東光段,7.76,都市：商,10000,122,持分移轉,01180000
RPQNMLRJLHHGFAO58CB,香村段,150.21,非都市：山坡地保育區 ; 非都市編定：丙種建築用地,1,1,全筆移轉,02610110
RPQNMLRJLHHGFAO58CB,香村段,25.87,非都市：山坡地保育區 ; 非都市編定：丙種建築用地,16,1,持分移轉,02610043
RPQNMLRJLHHGFAO58CB,香村段,5.55,非都市：山坡地保育區 ; 非都市編定：丙種建築用地,500,1,持分移轉,04130003
RPQNMLRJLHHGFAO58CB,香村段,5.35,非都市：山坡地保育區 ; 非都市編定：丙種建築用地,500,1,持分移轉,04130067
RPQNMLRJLHHGFAO58CB,香村段,6.64,非都市：山坡地保育區 ; 非都市編定：丙種建築用地,500,1,持分移轉,02610005
RPQNMLRJLHHGFAO58CB,香村段,22.37,非都市：山坡地保育區 ; 非都市編定：農牧用地,500,1,持分移轉,04170001
RPVNMLRJLHHGFAO09CB,香村段,144.40,非都市：山坡地保育區 ; 非都市編定：丙種建築用地,1,1,全筆移轉,02610114
RPVNMLRJLHHGFAO09CB,香村段,25.87,非都市：山坡地保育區 ; 非都市編定：丙種建築用地,16,1,持分移轉,02610043
RPVNMLRJLHHGFAO09CB,香村段,5.55,非都市：山坡地保育區 ; 非都市編定：丙種建築用地,500,1,持分移轉,04130003
RPVNMLRJLHHGFAO09CB,香村段,5.35,非都市：山坡地保育區 ; 非都市編定：丙種建築用地,500,1,持分移轉,04130067
RPVNMLRJLHHGFAO09CB,香村段,6.64,非都市：山坡地保育區 ; 非都市編定：丙種建築用地,500,1,持分移轉,02610005
RPVNMLRJLHHGFAO09CB,香村段,22.37,非都市：山坡地保育區 ; 非都市編定：農牧用地,500,1,持分移轉,04170001
RPTNMLRJLHHGFAO88CB,北門段,3.65,都市：商,100000,1809,持分移轉,17660000
RPTNMLRJLHHGFAO88CB,北門段,3.89,都市：商,100000,1809,持分移轉,17670000
RPTNMLRJLHHGFAO88CB,北門段,4.09,都市：商,100000,1809,持分移轉,17680000
RPWNMLRJLHHGFAO56CB,香村段,144.40,非都市：山坡地保育區 ; 非都市編定：丙種建築用地,1,1,全筆移轉,02610115
RPWNMLRJLHHGFAO56CB,香村段,25.87,非都市：山坡地保育區 ; 非都市編定：丙種建築用地,16,1,持分移轉,02610043
RPWNMLRJLHHGFAO56CB,香村段,5.55,非都市：山坡地保育區 ; 非都市編定：丙種建築用地,500,1,持分移轉,04130003
RPWNMLRJLHHGFAO56CB,香村段,5.35,非都市：山坡地保育區 ; 非都市編定：丙種建築用地,500,1,持分移轉,04130067
RPWNMLRJLHHGFAO56CB,香村段,6.64,非都市：山坡地保育區 ; 非都市編定：丙種建築用地,500,1,持分移轉,02610005
RPWNMLRJLHHGFAO56CB,香村段,22.37,非都市：山坡地保育區 ; 非都市編定：農牧用地,500,1,持分移轉,04170001
RPOOMLRJLHHGFAO48CB,北門段,2.53,都市：商,100000,1254,持分移轉,17660000
RPOOMLRJLHHGFAO48CB,北門段,2.70,都市：商,100000,1254,持分移轉,17670000
RPUNMLRJLHHGFAO98CB,香村段,144.40,非都市：山坡地保育區 ; 非都市編定：丙種建築用地,1,1,全筆移轉,02610113
RPOOMLRJLHHGFAO48CB,北門段,2.83,都市：商,100000,1254,持分移轉,17680000
RPUNMLRJLHHGFAO98CB,香村段,25.87,非都市：山坡地保育區 ; 非都市編定：丙種建築用地,16,1,持分移轉,02610043
RPUNMLRJLHHGFAO98CB,香村段,5.55,非都市：山坡地保育區 ; 非都市編定：丙種建築用地,500,1,持分移轉,04130003
RPUNMLRJLHHGFAO98CB,香村段,5.35,非都市：山坡地保育區 ; 非都市編定：丙種建築用地,500,1,持分移轉,04130067
RPUNMLRJLHHGFAO98CB,香村段,6.64,非都市：山坡地保育區 ; 非都市編定：丙種建築用地,500,1,持分移轉,02610005
RPUNMLRJLHHGFAO98CB,香村段,22.37,非都市：山坡地保育區 ; 非都市編定：農牧用地,500,1,持分移轉,04170001
RPPOMLRJLHHGFAO58CB,香村段,149.67,非都市：山坡地保育區 ; 非都市編定：丙種建築用地,1,1,全筆移轉,02610119
RPPOMLRJLHHGFAO58CB,香村段,25.87,非都市：山坡地保育區 ; 非都市編定：丙種建築用地,16,1,持分移轉,02610043
RPPOMLRJLHHGFAO58CB,香村段,5.55,非都市：山坡地保育區 ; 非都市編定：丙種建築用地,500,1,持分移轉,04130003
RPPOMLRJLHHGFAO58CB,香村段,5.35,非都市：山坡地保育區 ; 非都市編定：丙種建築用地,500,1,持分移轉,04130067
RPPOMLRJLHHGFAO58CB,香村段,6.64,非都市：山坡地保育區 ; 非都市編定：丙種建築用地,500,1,持分移轉,02610005
RPPOMLRJLHHGFAO58CB,香村段,22.37,非都市：山坡地保育區 ; 非都市編定：農牧用地,500,1,持分移轉,04170001
RPPOMLRJLHHGFAO58CB,香村段,31.13,非都市：山坡地保育區 ; 非都市編定：丙種建築用地,1,1,全筆移轉,02610118
RPQOMLRJLHHGFAO68CB,香村段,145.30,非都市：山坡地保育區 ; 非都市編定：丙種建築用地,1,1,全筆移轉,02610120
RPQOMLRJLHHGFAO68CB,香村段,25.87,非都市：山坡地保育區 ; 非都市編定：丙種建築用地,16,1,持分移轉,02610043
RPQOMLRJLHHGFAO68CB,香村段,5.55,非都市：山坡地保育區 ; 非都市編定：丙種建築用地,500,1,持分移轉,04130003
RPQOMLRJLHHGFAO68CB,香村段,5.35,非都市：山坡地保育區 ; 非都市編定：丙種建築用地,500,1,持分移轉,04130067
RPQOMLRJLHHGFAO68CB,香村段,6.64,非都市：山坡地保育區 ; 非都市編定：丙種建築用地,500,1,持分移轉,02610005
RPQOMLRJLHHGFAO68CB,香村段,22.37,非都市：山坡地保育區 ; 非都市編定：農牧用地,500,1,持分移轉,04170001
RPTOMLRJLHHGFAO98CB,香村段,145.30,非都市：山坡地保育區 ; 非都市編定：丙種建築用地,1,1,全筆移轉,02610123
RPTOMLRJLHHGFAO98CB,香村段,25.87,非都市：山坡地保育區 ; 非都市編定：丙種建築用地,16,1,持分移轉,02610043
RPTOMLRJLHHGFAO98CB,香村段,5.55,非都市：山坡地保育區 ; 非都市編定：丙種建築用地,500,1,持分移轉,04130003
RPTOMLRJLHHGFAO98CB,香村段,5.35,非都市：山坡地保育區 ; 非都市編定：丙種建築用地,500,1,持分移轉,04130067
RPTOMLRJLHHGFAO98CB,香村段,6.64,非都市：山坡地保育區 ; 非都市編定：丙種建築用地,500,1,持分移轉,02610005
RPTOMLRJLHHGFAO98CB,香村段,22.37,非都市：山坡地保育區 ; 非都市編定：農牧用地,500,1,持分移轉,04170001
RPROMLRJLHHGFAO78CB,香村段,145.30,非都市：山坡地保育區 ; 非都市編定：丙種建築用地,1,1,全筆移轉,02610121
RPROMLRJLHHGFAO78CB,香村段,25.87,非都市：山坡地保育區 ; 非都市編定：丙種建築用地,16,1,持分移轉,02610043
RPROMLRJLHHGFAO78CB,香村段,5.55,非都市：山坡地保育區 ; 非都市編定：丙種建築用地,500,1,持分移轉,04130003
RPROMLRJLHHGFAO78CB,香村段,5.35,非都市：山坡地保育區 ; 非都市編定：丙種建築用地,500,1,持分移轉,04130067
RPROMLRJLHHGFAO78CB,香村段,6.64,非都市：山坡地保育區 ; 非都市編定：丙種建築用地,500,1,持分移轉,02610005
RPROMLRJLHHGFAO78CB,香村段,22.37,非都市：山坡地保育區 ; 非都市編定：農牧用地,500,1,持分移轉,04170001
RPSOMLRJLHHGFAO88CB,香村段,145.30,非都市：山坡地保育區 ; 非都市編定：丙種建築用地,1,1,全筆移轉,02610122
RPSOMLRJLHHGFAO88CB,香村段,25.87,非都市：山坡地保育區 ; 非都市編定：丙種建築用地,16,1,持分移轉,02610043
RPSOMLRJLHHGFAO88CB,香村段,5.55,非都市：山坡地保育區 ; 非都市編定：丙種建築用地,500,1,持分移轉,04130003
RPSOMLRJLHHGFAO88CB,香村段,5.35,非都市：山坡地保育區 ; 非都市編定：丙種建築用地,500,1,持分移轉,04130067
RPSOMLRJLHHGFAO88CB,香村段,6.64,非都市：山坡地保育區 ; 非都市編定：丙種建築用地,500,1,持分移轉,02610005
RPSOMLRJLHHGFAO88CB,香村段,22.37,非都市：山坡地保育區 ; 非都市編定：農牧用地,500,1,持分移轉,04170001
RPUOMLRJLHHGFAO09CB,香村段,145.30,非都市：山坡地保育區 ; 非都市編定：丙種建築用地,1,1,全筆移轉,02610124
RPUOMLRJLHHGFAO09CB,香村段,25.87,非都市：山坡地保育區 ; 非都市編定：丙種建築用地,16,1,持分移轉,02610043
RPUOMLRJLHHGFAO09CB,香村段,5.55,非都市：山坡地保育區 ; 非都市編定：丙種建築用地,500,1,持分移轉,04130003
RPUOMLRJLHHGFAO09CB,香村段,5.35,非都市：山坡地保育區 ; 非都市編定：丙種建築用地,500,1,持分移轉,04130067
RPUOMLRJLHHGFAO09CB,香村段,6.64,非都市：山坡地保育區 ; 非都市編定：丙種建築用地,500,1,持分移轉,02610005
RPUOMLRJLHHGFAO09CB,香村段,22.37,非都市：山坡地保育區 ; 非都市編定：農牧用地,500,1,持分移轉,04170001
RPWOMLRJLHHGFAO66CB,香村段,167.74,非都市：山坡地保育區 ; 非都市編定：丙種建築用地,1,1,全筆移轉,02610126
RPWOMLRJLHHGFAO66CB,香村段,25.87,非都市：山坡地保育區 ; 非都市編定：丙種建築用地,16,1,持分移轉,02610043
RPWOMLRJLHHGFAO66CB,香村段,5.55,非都市：山坡地保育區 ; 非都市編定：丙種建築用地,500,1,持分移轉,04130003
RPWOMLRJLHHGFAO66CB,香村段,5.35,非都市：山坡地保育區 ; 非都市編定：丙種建築用地,500,1,持分移轉,04130067
RPWOMLRJLHHGFAO66CB,香村段,6.64,非都市：山坡地保育區 ; 非都市編定：丙種建築用地,500,1,持分移轉,02610005
RPWOMLRJLHHGFAO66CB,香村段,22.37,非都市：山坡地保育區 ; 非都市編定：農牧用地,500,1,持分移轉,04170001
RPXOMLRJLHHGFAO76CB,香村段,189.91,非都市：山坡地保育區 ; 非都市編定：丙種建築用地,1,1,全筆移轉,02610127
RPXOMLRJLHHGFAO76CB,香村段,27.79,非都市：山坡地保育區 ; 非都市編定：丙種建築用地,13,1,持分移轉,02610141
RPXOMLRJLHHGFAO76CB,香村段,5.55,非都市：山坡地保育區 ; 非都市編定：丙種建築用地,500,1,持分移轉,04130003
RPXOMLRJLHHGFAO76CB,香村段,5.35,非都市：山坡地保育區 ; 非都市編定：丙種建築用地,500,1,持分移轉,04130067
RPXOMLRJLHHGFAO76CB,香村段,6.64,非都市：山坡地保育區 ; 非都市編定：丙種建築用地,500,1,持分移轉,02610005
RPXOMLRJLHHGFAO76CB,香村段,22.37,非都市：山坡地保育區 ; 非都市編定：農牧用地,500,1,持分移轉,04170001
RPPPMLRJLHHGFAO68CB,香村段,145.30,非都市：山坡地保育區 ; 非都市編定：丙種建築用地,1,1,全筆移轉,02610129
RPPPMLRJLHHGFAO68CB,香村段,27.79,非都市：山坡地保育區 ; 非都市編定：丙種建築用地,13,1,持分移轉,02610141
RPPPMLRJLHHGFAO68CB,香村段,5.55,非都市：山坡地保育區 ; 非都市編定：丙種建築用地,500,1,持分移轉,04130003
RPPPMLRJLHHGFAO68CB,香村段,5.35,非都市：山坡地保育區 ; 非都市編定：丙種建築用地,500,1,持分移轉,04130067
RPPPMLRJLHHGFAO68CB,香村段,6.64,非都市：山坡地保育區 ; 非都市編定：丙種建築用地,500,1,持分移轉,02610005
RPPPMLRJLHHGFAO68CB,香村段,22.37,非都市：山坡地保育區 ; 非都市編定：農牧用地,500,1,持分移轉,04170001
RPQPMLRJLHHGFAO78CB,香村段,145.30,非都市：山坡地保育區 ; 非都市編定：丙種建築用地,1,1,全筆移轉,02610130
RPQPMLRJLHHGFAO78CB,香村段,27.79,非都市：山坡地保育區 ; 非都市編定：丙種建築用地,13,1,持分移轉,02610141
RPQPMLRJLHHGFAO78CB,香村段,5.55,非都市：山坡地保育區 ; 非都市編定：丙種建築用地,500,1,持分移轉,04130003
RPQPMLRJLHHGFAO78CB,香村段,5.35,非都市：山坡地保育區 ; 非都市編定：丙種建築用地,500,1,持分移轉,04130067
RPQPMLRJLHHGFAO78CB,香村段,6.64,非都市：山坡地保育區 ; 非都市編定：丙種建築用地,500,1,持分移轉,02610005
RPQPMLRJLHHGFAO78CB,香村段,22.37,非都市：山坡地保育區 ; 非都市編定：農牧用地,500,1,持分移轉,04170001
RPRPMLRJLHHGFAO88CB,香村段,145.30,非都市：山坡地保育區 ; 非都市編定：丙種建築用地,1,1,全筆移轉,02610131
RPRPMLRJLHHGFAO88CB,香村段,27.79,非都市：山坡地保育區 ; 非都市編定：丙種建築用地,13,1,持分移轉,02610141
RPRPMLRJLHHGFAO88CB,香村段,5.55,非都市：山坡地保育區 ; 非都市編定：丙種建築用地,500,1,持分移轉,04130003
RPRPMLRJLHHGFAO88CB,香村段,5.35,非都市：山坡地保育區 ; 非都市編定：丙種建築用地,500,1,持分移轉,04130067
RPRPMLRJLHHGFAO88CB,香村段,6.64,非都市：山坡地保育區 ; 非都市編定：丙種建築用地,500,1,持分移轉,02610005
RPRPMLRJLHHGFAO88CB,香村段,22.37,非都市：山坡地保育區 ; 非都市編定：農牧用地,500,1,持分移轉,04170001
RPOPMLRJLHHGFAO58CB,香村段,145.30,非都市：山坡地保育區 ; 非都市編定：丙種建築用地,1,1,全筆移轉,02610128
RPOPMLRJLHHGFAO58CB,香村段,27.79,非都市：山坡地保育區 ; 非都市編定：丙種建築用地,13,1,持分移轉,02610141
RPOPMLRJLHHGFAO58CB,香村段,5.55,非都市：山坡地保育區 ; 非都市編定：丙種建築用地,500,1,持分移轉,04130003
RPOPMLRJLHHGFAO58CB,香村段,5.35,非都市：山坡地保育區 ; 非都市編定：丙種建築用地,500,1,持分移轉,04130067
RPOPMLRJLHHGFAO58CB,香村段,6.64,非都市：山坡地保育區 ; 非都市編定：丙種建築用地,500,1,持分移轉,02610005
RPOPMLRJLHHGFAO58CB,香村段,22.37,非都市：山坡地保育區 ; 非都市編定：農牧用地,500,1,持分移轉,04170001
RPSPMLRJLHHGFAO98CB,香村段,145.30,非都市：山坡地保育區 ; 非都市編定：丙種建築用地,1,1,全筆移轉,02610132
RPSPMLRJLHHGFAO98CB,香村段,27.79,非都市：山坡地保育區 ; 非都市編定：丙種建築用地,13,1,持分移轉,02610141
RPSPMLRJLHHGFAO98CB,香村段,5.55,非都市：山坡地保育區 ; 非都市編定：丙種建築用地,500,1,持分移轉,04130003
RPSPMLRJLHHGFAO98CB,香村段,5.35,非都市：山坡地保育區 ; 非都市編定：丙種建築用地,500,1,持分移轉,04130067
RPSPMLRJLHHGFAO98CB,香村段,6.64,非都市：山坡地保育區 ; 非都市編定：丙種建築用地,500,1,持分移轉,02610005
RPSPMLRJLHHGFAO98CB,香村段,22.37,非都市：山坡地保育區 ; 非都市編定：農牧用地,500,1,持分移轉,04170001
RPVPMLRJLHHGFAO66CB,香村段,145.30,非都市：山坡地保育區 ; 非都市編定：丙種建築用地,1,1,全筆移轉,02610136
RPVPMLRJLHHGFAO66CB,香村段,27.79,非都市：山坡地保育區 ; 非都市編定：丙種建築用地,13,1,持分移轉,02610141
RPVPMLRJLHHGFAO66CB,香村段,5.55,非都市：山坡地保育區 ; 非都市編定：丙種建築用地,500,1,持分移轉,04130003
RPVPMLRJLHHGFAO66CB,香村段,5.35,非都市：山坡地保育區 ; 非都市編定：丙種建築用地,500,1,持分移轉,04130067
RPVPMLRJLHHGFAO66CB,香村段,6.64,非都市：山坡地保育區 ; 非都市編定：丙種建築用地,500,1,持分移轉,02610005
RPVPMLRJLHHGFAO66CB,香村段,22.37,非都市：山坡地保育區 ; 非都市編定：農牧用地,500,1,持分移轉,04170001
RPUPMLRJLHHGFAO56CB,香村段,183.02,非都市：山坡地保育區 ; 非都市編定：丙種建築用地,1,1,全筆移轉,02610135
RPUPMLRJLHHGFAO56CB,香村段,27.79,非都市：山坡地保育區 ; 非都市編定：丙種建築用地,13,1,持分移轉,02610141
RPUPMLRJLHHGFAO56CB,香村段,5.55,非都市：山坡地保育區 ; 非都市編定：丙種建築用地,500,1,持分移轉,04130003
RPUPMLRJLHHGFAO56CB,香村段,5.35,非都市：山坡地保育區 ; 非都市編定：丙種建築用地,500,1,持分移轉,04130067
RPUPMLRJLHHGFAO56CB,香村段,6.64,非都市：山坡地保育區 ; 非都市編定：丙種建築用地,500,1,持分移轉,02610005
RPUPMLRJLHHGFAO56CB,香村段,22.37,非都市：山坡地保育區 ; 非都市編定：農牧用地,500,1,持分移轉,04170001
RPUPMLRJLHHGFAO56CB,香村段,33.07,非都市：山坡地保育區 ; 非都市編定：丙種建築用地,1,1,全筆移轉,02610134
RPWPMLRJLHHGFAO76CB,香村段,145.30,非都市：山坡地保育區 ; 非都市編定：丙種建築用地,1,1,全筆移轉,02610137
RPWPMLRJLHHGFAO76CB,香村段,27.79,非都市：山坡地保育區 ; 非都市編定：丙種建築用地,13,1,持分移轉,02610141
RPWPMLRJLHHGFAO76CB,香村段,5.55,非都市：山坡地保育區 ; 非都市編定：丙種建築用地,500,1,持分移轉,04130003
RPWPMLRJLHHGFAO76CB,香村段,5.35,非都市：山坡地保育區 ; 非都市編定：丙種建築用地,500,1,持分移轉,04130067
RPWPMLRJLHHGFAO76CB,香村段,6.64,非都市：山坡地保育區 ; 非都市編定：丙種建築用地,500,1,持分移轉,02610005
RPWPMLRJLHHGFAO76CB,香村段,22.37,非都市：山坡地保育區 ; 非都市編定：農牧用地,500,1,持分移轉,04170001
RPPQMLRJLHHGFAO78CB,香村段,213.10,非都市：山坡地保育區 ; 非都市編定：丙種建築用地,1,1,全筆移轉,02610140
RPPQMLRJLHHGFAO78CB,香村段,27.79,非都市：山坡地保育區 ; 非都市編定：丙種建築用地,13,1,持分移轉,02610141
RPPQMLRJLHHGFAO78CB,香村段,5.55,非都市：山坡地保育區 ; 非都市編定：丙種建築用地,500,1,持分移轉,04130003
RPPQMLRJLHHGFAO78CB,香村段,5.35,非都市：山坡地保育區 ; 非都市編定：丙種建築用地,500,1,持分移轉,04130067
RPPQMLRJLHHGFAO78CB,香村段,6.64,非都市：山坡地保育區 ; 非都市編定：丙種建築用地,500,1,持分移轉,02610005
RPPQMLRJLHHGFAO78CB,香村段,22.37,非都市：山坡地保育區 ; 非都市編定：農牧用地,500,1,持分移轉,04170001
RPOQMLRJLHHGFAO68CB,香村段,145.30,非都市：山坡地保育區 ; 非都市編定：丙種建築用地,1,1,全筆移轉,02610139
RPOQMLRJLHHGFAO68CB,香村段,27.79,非都市：山坡地保育區 ; 非都市編定：丙種建築用地,13,1,持分移轉,02610141
RPOQMLRJLHHGFAO68CB,香村段,5.55,非都市：山坡地保育區 ; 非都市編定：丙種建築用地,500,1,持分移轉,04130003
RPOQMLRJLHHGFAO68CB,香村段,5.35,非都市：山坡地保育區 ; 非都市編定：丙種建築用地,500,1,持分移轉,04130067
RPOQMLRJLHHGFAO68CB,香村段,6.64,非都市：山坡地保育區 ; 非都市編定：丙種建築用地,500,1,持分移轉,02610005
RPOQMLRJLHHGFAO68CB,香村段,22.37,非都市：山坡地保育區 ; 非都市編定：農牧用地,500,1,持分移轉,04170001
RPXPMLRJLHHGFAO86CB,香村段,145.30,非都市：山坡地保育區 ; 非都市編定：丙種建築用地,1,1,全筆移轉,02610138
RPXPMLRJLHHGFAO86CB,香村段,27.79,非都市：山坡地保育區 ; 非都市編定：丙種建築用地,13,1,持分移轉,02610141
RPXPMLRJLHHGFAO86CB,香村段,5.55,非都市：山坡地保育區 ; 非都市編定：丙種建築用地,500,1,持分移轉,04130003
RPXPMLRJLHHGFAO86CB,香村段,5.35,非都市：山坡地保育區 ; 非都市編定：丙種建築用地,500,1,持分移轉,04130067
RPXPMLRJLHHGFAO86CB,香村段,6.64,非都市：山坡地保育區 ; 非都市編定：丙種建築用地,500,1,持分移轉,02610005
RPXPMLRJLHHGFAO86CB,香村段,22.37,非都市：山坡地保育區 ; 非都市編定：農牧用地,500,1,持分移轉,04170001
RPTNMLSJLHHGFAO98CB,南門段二小段,16.16,都市：商,10000,251,持分移轉,02650000
RPSNMLSJLHHGFAO88CB,南門段二小段,14.10,都市：商,10000,219,持分移轉,02650000
RPOOMLSJLHHGFAO58CB,南門段二小段,15.46,都市：商,10000,240,持分移轉,02650000
RPWNMLSJLHHGFAO66CB,南門段二小段,18.42,都市：商,10000,286,持分移轉,02650000
RPVNMLSJLHHGFAO56CB,南門段二小段,16.10,都市：商,10000,250,持分移轉,02650000
RPXNMLSJLHHGFAO76CB,南門段二小段,15.46,都市：商,10000,240,持分移轉,02650000
RPPOMLSJLHHGFAO68CB,南門段二小段,13.97,都市：商,10000,217,持分移轉,02650000
RPQOMLSJLHHGFAO78CB,南門段二小段,13.97,都市：商,10000,217,持分移轉,02650000
RPRNMLTJLHHGFAO88CB,香村段,145.30,非都市：山坡地保育區 ; 非都市編定：丙種建築用地,1,1,全筆移轉,02610125
RPRNMLTJLHHGFAO88CB,香村段,25.87,非都市：山坡地保育區 ; 非都市編定：丙種建築用地,16,1,持分移轉,02610043
RPRNMLTJLHHGFAO88CB,香村段,5.55,非都市：山坡地保育區 ; 非都市編定：丙種建築用地,500,1,持分移轉,04130003
RPRNMLTJLHHGFAO88CB,香村段,5.35,非都市：山坡地保育區 ; 非都市編定：丙種建築用地,500,1,持分移轉,04130067
RPRNMLTJLHHGFAO88CB,香村段,6.64,非都市：山坡地保育區 ; 非都市編定：丙種建築用地,500,1,持分移轉,02610005
RPRNMLTJLHHGFAO88CB,香村段,22.37,非都市：山坡地保育區 ; 非都市編定：農牧用地,500,1,持分移轉,04170001
RPUNMLTJLHHGFAO56CB,南門段二小段,16.16,都市：商,10000,251,持分移轉,02650000
RPPNMLTJLHHGFAO68CB,香村段,144.40,非都市：山坡地保育區 ; 非都市編定：丙種建築用地,1,1,全筆移轉,02610111
RPPNMLTJLHHGFAO68CB,香村段,25.87,非都市：山坡地保育區 ; 非都市編定：丙種建築用地,16,1,持分移轉,02610043
RPPNMLTJLHHGFAO68CB,香村段,5.55,非都市：山坡地保育區 ; 非都市編定：丙種建築用地,500,1,持分移轉,04130003
RPPNMLTJLHHGFAO68CB,香村段,5.35,非都市：山坡地保育區 ; 非都市編定：丙種建築用地,500,1,持分移轉,04130067
RPPNMLTJLHHGFAO68CB,香村段,6.64,非都市：山坡地保育區 ; 非都市編定：丙種建築用地,500,1,持分移轉,02610005
RPPNMLTJLHHGFAO68CB,香村段,22.37,非都市：山坡地保育區 ; 非都市編定：農牧用地,500,1,持分移轉,04170001
RPVNMLTJLHHGFAO66CB,南門段二小段,21.19,都市：商,10000,329,持分移轉,02650000
RPXNMLTJLHHGFAO86CB,南門段二小段,15.46,都市：商,10000,240,持分移轉,02650000
RPWNMLTJLHHGFAO76CB,南門段二小段,16.16,都市：商,10000,251,持分移轉,02650000
RPSNMLTJLHHGFAO98CB,香村段,245.99,非都市：山坡地保育區 ; 非都市編定：丙種建築用地,1,1,全筆移轉,02610133
RPSNMLTJLHHGFAO98CB,香村段,27.79,非都市：山坡地保育區 ; 非都市編定：丙種建築用地,13,1,持分移轉,02610141
RPSNMLTJLHHGFAO98CB,香村段,5.55,非都市：山坡地保育區 ; 非都市編定：丙種建築用地,500,1,持分移轉,04130003
RPSNMLTJLHHGFAO98CB,香村段,5.35,非都市：山坡地保育區 ; 非都市編定：丙種建築用地,500,1,持分移轉,04130067
RPSNMLTJLHHGFAO98CB,香村段,6.64,非都市：山坡地保育區 ; 非都市編定：丙種建築用地,500,1,持分移轉,02610005
RPSNMLTJLHHGFAO98CB,香村段,22.37,非都市：山坡地保育區 ; 非都市編定：農牧用地,500,1,持分移轉,04170001
RPQNMLTJLHHGFAO78CB,香村段,209.73,非都市：山坡地保育區 ; 非都市編定：丙種建築用地,1,1,全筆移轉,02610117
RPQNMLTJLHHGFAO78CB,香村段,25.87,非都市：山坡地保育區 ; 非都市編定：丙種建築用地,16,1,持分移轉,02610043
RPQNMLTJLHHGFAO78CB,香村段,5.55,非都市：山坡地保育區 ; 非都市編定：丙種建築用地,500,1,持分移轉,04130003
RPQNMLTJLHHGFAO78CB,香村段,5.35,非都市：山坡地保育區 ; 非都市編定：丙種建築用地,500,1,持分移轉,04130067
RPQNMLTJLHHGFAO78CB,香村段,6.64,非都市：山坡地保育區 ; 非都市編定：丙種建築用地,500,1,持分移轉,02610005
RPQNMLTJLHHGFAO78CB,香村段,22.37,非都市：山坡地保育區 ; 非都市編定：農牧用地,500,1,持分移轉,04170001
RPPOMLTJLHHGFAO78CB,南門段二小段,15.33,都市：商,10000,238,持分移轉,02650000
RPQOMLTJLHHGFAO88CB,南門段二小段,15.46,都市：商,10000,240,持分移轉,02650000
RPROMLTJLHHGFAO98CB,南門段二小段,18.42,都市：商,10000,286,持分移轉,02650000
RPSOMLTJLHHGFAO09CB,南門段二小段,18.42,都市：商,10000,286,持分移轉,02650000
RPRNMLKKLHHGFAO08CB,士林段,13.81,非都市：鄉村區 ; 非都市編定：乙種建築用地,61,1,持分移轉,00400000
RPRNMLKKLHHGFAO08CB,士林段,59.36,非都市：鄉村區 ; 非都市編定：乙種建築用地,1,1,全筆移轉,00400059
RPQNMLKKLHHGFAO97CB,士林段,13.81,非都市：鄉村區 ; 非都市編定：乙種建築用地,61,1,持分移轉,00400000
RPQNMLKKLHHGFAO97CB,士林段,59.30,非都市：鄉村區 ; 非都市編定：乙種建築用地,1,1,全筆移轉,00400045
RPPNMLKKLHHGFAO87CB,士林段,13.81,非都市：鄉村區 ; 非都市編定：乙種建築用地,61,1,持分移轉,00400000
RPPNMLKKLHHGFAO87CB,士林段,62.82,非都市：鄉村區 ; 非都市編定：乙種建築用地,1,1,全筆移轉,00400029
RPUNMLKKLHHGFAO38CB,士林段,13.81,非都市：鄉村區 ; 非都市編定：乙種建築用地,61,1,持分移轉,00400000
RPUNMLKKLHHGFAO38CB,士林段,60.28,非都市：鄉村區 ; 非都市編定：乙種建築用地,1,1,全筆移轉,00400042
RPOOMLKKLHHGFAO87CB,南門段二小段,14.17,都市：商,10000,220,持分移轉,02650000
RPPOMLKKLHHGFAO97CB,南門段二小段,14.17,都市：商,10000,220,持分移轉,02650000
RPTNMLKKLHHGFAO28CB,士林段,13.81,非都市：鄉村區 ; 非都市編定：乙種建築用地,61,1,持分移轉,00400000
RPTNMLKKLHHGFAO28CB,士林段,59.36,非都市：鄉村區 ; 非都市編定：乙種建築用地,1,1,全筆移轉,00400056
RPVNMLKKLHHGFAO48CB,士林段,13.81,非都市：鄉村區 ; 非都市編定：乙種建築用地,61,1,持分移轉,00400000
RPVNMLKKLHHGFAO48CB,士林段,60.40,非都市：鄉村區 ; 非都市編定：乙種建築用地,1,1,全筆移轉,00400043
RPQOMLKKLHHGFAO08CB,南門段二小段,16.16,都市：商,10000,251,持分移轉,02650000
RPROMLKKLHHGFAO18CB,南門段二小段,18.42,都市：商,10000,286,持分移轉,02650000
RPTOMLKKLHHGFAO38CB,南門段二小段,13.97,都市：商,10000,217,持分移轉,02650000
RPRNMLKKLHHGFAO18DB,新興段,28.50,都市：住,4,1,持分移轉,14860000
RPSOMLKKLHHGFAO28CB,南門段二小段,25.24,都市：商,10000,392,持分移轉,02650000
RPUOMLKKLHHGFAO48CB,南門段二小段,15.46,都市：商,10000,240,持分移轉,02650000
RPQNMLKKLHHGFAO08DB,新興段,28.50,都市：住,4,1,持分移轉,14860000
RPSNMLKKLHHGFAO28DB,新興段,28.50,都市：住,4,1,持分移轉,14860000
RPTNMLKKLHHGFAO38DB,竹港段,17.05,都市：住,594159,5566,持分移轉,07770000
RPPNMLLKLHHGFAO97CB,中寮段,102.09,都市：住,1,1,全筆移轉,03490027
RPPNMLLKLHHGFAO97CB,中寮段,18.31,都市：住,11,1,持分移轉,03490000
RPPNMLLKLHHGFAO97CB,中寮段,.26,都市：住,23,1,持分移轉,03490032
RPPNMLLKLHHGFAO97CB,中寮段,.48,都市：住,11,1,持分移轉,03490033
RPQNMLNKLHHGFAO28CB,北門段,3.65,都市：商,100000,1809,持分移轉,17660000
RPQNMLNKLHHGFAO28CB,北門段,3.89,都市：商,100000,1809,持分移轉,17670000
RPQNMLNKLHHGFAO28CB,北門段,4.09,都市：商,100000,1809,持分移轉,17680000
RPRNMLNKLHHGFAO38CB,北門段,4.76,都市：商,100000,2355,持分移轉,17660000
RPRNMLNKLHHGFAO38CB,北門段,5.06,都市：商,100000,2355,持分移轉,17670000
RPRNMLNKLHHGFAO38CB,北門段,5.32,都市：商,100000,2355,持分移轉,17680000
RPVNMLNKLHHGFAO78CB,北門段,2.53,都市：商,100000,1254,持分移轉,17660000
RPVNMLNKLHHGFAO78CB,北門段,2.70,都市：商,100000,1254,持分移轉,17670000
RPVNMLNKLHHGFAO78CB,北門段,2.83,都市：商,100000,1254,持分移轉,17680000
RPUNMLNKLHHGFAO68CB,北門段,2.53,都市：商,100000,1254,持分移轉,17660000
RPUNMLNKLHHGFAO68CB,北門段,2.70,都市：商,100000,1254,持分移轉,17670000
RPUNMLNKLHHGFAO68CB,北門段,2.83,都市：商,100000,1254,持分移轉,17680000
RPSNMLNKLHHGFAO48CB,北門段,3.65,都市：商,100000,1809,持分移轉,17660000
RPSNMLNKLHHGFAO48CB,北門段,3.89,都市：商,100000,1809,持分移轉,17670000
RPSNMLNKLHHGFAO48CB,北門段,4.09,都市：商,100000,1809,持分移轉,17680000
RPWNMLNKLHHGFAO88CB,北門段,4.76,都市：商,100000,2355,持分移轉,17660000
RPWNMLNKLHHGFAO88CB,北門段,5.06,都市：商,100000,2355,持分移轉,17670000
RPWNMLNKLHHGFAO88CB,北門段,5.32,都市：商,100000,2355,持分移轉,17680000
RPPOMLNKLHHGFAO28CB,北門段,4.76,都市：商,100000,2355,持分移轉,17660000
RPPOMLNKLHHGFAO28CB,北門段,5.06,都市：商,100000,2355,持分移轉,17670000
RPPOMLNKLHHGFAO28CB,北門段,5.32,都市：商,100000,2355,持分移轉,17680000
RPXNMLNKLHHGFAO98CB,北門段,3.65,都市：商,100000,1809,持分移轉,17660000
RPXNMLNKLHHGFAO98CB,北門段,3.89,都市：商,100000,1809,持分移轉,17670000
RPXNMLNKLHHGFAO98CB,北門段,4.09,都市：商,100000,1809,持分移轉,17680000
RPPNMLOKLHHGFAO28CB,士林段,73.42,非都市：鄉村區 ; 非都市編定：乙種建築用地,100000,1917,持分移轉,00610000
RPQOMLNKLHHGFAO38CB,北門段,3.65,都市：商,100000,1809,持分移轉,17660000
RPQOMLNKLHHGFAO38CB,北門段,3.89,都市：商,100000,1809,持分移轉,17670000
RPQOMLNKLHHGFAO38CB,北門段,4.09,都市：商,100000,1809,持分移轉,17680000
RPQNMLOKLHHGFAO38CB,士林段,104.40,非都市：鄉村區 ; 非都市編定：乙種建築用地,100000,2726,持分移轉,00610000
RPUNMLOKLHHGFAO78CB,舊社段,24.42,非都市：鄉村區 ; 非都市編定：乙種建築用地,100000,366,持分移轉,05250000
RPXNMLOKLHHGFAO09CB,民主段,22.31,都市：住,10000,498,持分移轉,16340000
RPVNMLOKLHHGFAO88CB,舊社段,24.35,非都市：鄉村區 ; 非都市編定：乙種建築用地,100000,365,持分移轉,05250000
RPQNMLOKLHHGFAO48DB,竹港段,17.05,都市：住,594159,5566,持分移轉,07770000
RPWNMLOKLHHGFAO98CB,舊社段,32.29,非都市：鄉村區 ; 非都市編定：乙種建築用地,100000,484,持分移轉,05250000
RPSNMLPKLHHGFAO78DB,竹港段,17.05,都市：住,594159,5566,持分移轉,07770000
RPPNMLOKLHHGFAO38DB,竹港段,17.05,都市：住,594159,5566,持分移轉,07770000
RPRNMLPKLHHGFAO68DB,竹港段,17.05,都市：住,594159,5566,持分移轉,07770000
RPVNMLPKLHHGFAO09DB,竹港段,17.05,都市：住,594159,5566,持分移轉,07770000
RPTNMLPKLHHGFAO88DB,竹港段,20.17,都市：住,594159,6586,持分移轉,07770000
RPSNMLPKLHHGFAO68CB,科園段龍山小段,99.00,都市：住,1,1,全筆移轉,00660031
RPRNMLPKLHHGFAO58CB,力行段,63.27,非都市：山坡地保育區 ; 非都市編定：丙種建築用地,10000,625,持分移轉,01160000
RPPNMLPKLHHGFAO38CB,南門段二小段,15.46,都市：商,10000,240,持分移轉,02650000
RPPNMLSKLHHGFAO68CB,士林段,13.81,非都市：鄉村區 ; 非都市編定：乙種建築用地,61,1,持分移轉,00400000
RPPNMLSKLHHGFAO68CB,士林段,74.72,非都市：鄉村區 ; 非都市編定：乙種建築用地,1,1,全筆移轉,00400024
RPRNMLRKLHHGFAO78CB,東光段,8.41,都市：商,10000,129,持分移轉,01170000
RPRNMLRKLHHGFAO78CB,東光段,8.20,都市：商,10000,129,持分移轉,01180000
RPRNMLSKLHHGFAO88CB,士林段,13.81,非都市：鄉村區 ; 非都市編定：乙種建築用地,61,1,持分移轉,00400000
RPRNMLSKLHHGFAO88CB,士林段,63.01,非都市：鄉村區 ; 非都市編定：乙種建築用地,1,1,全筆移轉,00400028
RPQNMLRKLHHGFAO68CB,東光段,8.41,都市：商,10000,129,持分移轉,01170000
RPQNMLRKLHHGFAO68CB,東光段,8.20,都市：商,10000,129,持分移轉,01180000
RPWNMLPKLHHGFAO56DB,竹港段,20.17,都市：住,594159,6586,持分移轉,07770000
RPTNMLSKLHHGFAO09CB,士林段,13.81,非都市：鄉村區 ; 非都市編定：乙種建築用地,61,1,持分移轉,00400000
RPTNMLSKLHHGFAO09CB,士林段,59.36,非都市：鄉村區 ; 非都市編定：乙種建築用地,1,1,全筆移轉,00400055
RPSNMLSKLHHGFAO98CB,士林段,13.81,非都市：鄉村區 ; 非都市編定：乙種建築用地,61,1,持分移轉,00400000
RPSNMLSKLHHGFAO98CB,士林段,59.36,非都市：鄉村區 ; 非都市編定：乙種建築用地,1,1,全筆移轉,00400049
RPPOMLSKLHHGFAO78CB,北門段,3.65,都市：商,100000,1809,持分移轉,17660000
RPPOMLSKLHHGFAO78CB,北門段,3.89,都市：商,100000,1809,持分移轉,17670000
RPPOMLSKLHHGFAO78CB,北門段,4.09,都市：商,100000,1809,持分移轉,17680000
RPUNMLSKLHHGFAO56CB,士林段,13.81,非都市：鄉村區 ; 非都市編定：乙種建築用地,61,1,持分移轉,00400000
RPUNMLSKLHHGFAO56CB,士林段,63.60,非都市：鄉村區 ; 非都市編定：乙種建築用地,1,1,全筆移轉,00400053
RPVNMLSKLHHGFAO66CB,北門段,3.65,都市：商,100000,1809,持分移轉,17660000
RPVNMLSKLHHGFAO66CB,北門段,3.89,都市：商,100000,1809,持分移轉,17670000
RPVNMLSKLHHGFAO66CB,北門段,4.09,都市：商,100000,1809,持分移轉,17680000
RPWNMLSKLHHGFAO76CB,北門段,2.53,都市：商,100000,1254,持分移轉,17660000
RPWNMLSKLHHGFAO76CB,北門段,2.70,都市：商,100000,1254,持分移轉,17670000
RPWNMLSKLHHGFAO76CB,北門段,2.83,都市：商,100000,1254,持分移轉,17680000
RPXNMLSKLHHGFAO86CB,北門段,2.53,都市：商,100000,1254,持分移轉,17660000
RPXNMLSKLHHGFAO86CB,北門段,2.70,都市：商,100000,1254,持分移轉,17670000
RPXNMLSKLHHGFAO86CB,北門段,2.83,都市：商,100000,1254,持分移轉,17680000
RPQNMLSKLHHGFAO78CB,士林段,13.81,非都市：鄉村區 ; 非都市編定：乙種建築用地,61,1,持分移轉,00400000
RPQNMLSKLHHGFAO78CB,士林段,76.05,非都市：鄉村區 ; 非都市編定：乙種建築用地,1,1,全筆移轉,00400022
RPROMLSKLHHGFAO98CB,力行段,221.37,非都市：山坡地保育區 ; 非都市編定：丁種建築用地,1,1,全筆移轉,01150042
RPROMLSKLHHGFAO98CB,力行段,31.20,非都市：山坡地保育區 ; 非都市編定：丁種建築用地,10000,125,持分移轉,01150050
RPQOMLSKLHHGFAO88CB,北門段,2.53,都市：商,100000,1254,持分移轉,17660000
RPQOMLSKLHHGFAO88CB,北門段,2.70,都市：商,100000,1254,持分移轉,17670000
RPQOMLSKLHHGFAO88CB,北門段,2.83,都市：商,100000,1254,持分移轉,17680000
RPUOMLSKLHHGFAO66CB,力行段,362.93,非都市：山坡地保育區 ; 非都市編定：丁種建築用地,1,1,全筆移轉,01150046
RPUOMLSKLHHGFAO66CB,力行段,31.20,非都市：山坡地保育區 ; 非都市編定：丁種建築用地,10000,125,持分移轉,01150050
RPTOMLSKLHHGFAO56CB,力行段,216.17,非都市：山坡地保育區 ; 非都市編定：丁種建築用地,1,1,全筆移轉,01150045
RPTOMLSKLHHGFAO56CB,力行段,31.20,非都市：山坡地保育區 ; 非都市編定：丁種建築用地,10000,125,持分移轉,01150050
RPSOMLSKLHHGFAO09CB,力行段,276.87,非都市：山坡地保育區 ; 非都市編定：丁種建築用地,1,1,全筆移轉,01150044
RPSOMLSKLHHGFAO09CB,力行段,31.20,非都市：山坡地保育區 ; 非都市編定：丁種建築用地,10000,125,持分移轉,01150050
RPXOMLSKLHHGFAO96CB,力行段,222.41,非都市：山坡地保育區 ; 非都市編定：丁種建築用地,1,1,全筆移轉,01150022
RPXOMLSKLHHGFAO96CB,力行段,82.04,非都市：山坡地保育區 ; 非都市編定：丁種建築用地,155877,8204,持分移轉,01150007
RPXOMLSKLHHGFAO96CB,力行段,.58,非都市：山坡地保育區 ; 非都市編定：丁種建築用地,1101,58,持分移轉,01150012
RPXOMLSKLHHGFAO96CB,力行段,28.26,非都市：山坡地保育區 ; 非都市編定：丁種建築用地,53695,2826,持分移轉,01150015
RPWOMLSKLHHGFAO86CB,力行段,208.02,非都市：山坡地保育區 ; 非都市編定：丁種建築用地,1,1,全筆移轉,01150023
RPWOMLSKLHHGFAO86CB,力行段,82.04,非都市：山坡地保育區 ; 非都市編定：丁種建築用地,155877,8204,持分移轉,01150007
RPWOMLSKLHHGFAO86CB,力行段,.58,非都市：山坡地保育區 ; 非都市編定：丁種建築用地,1101,58,持分移轉,01150012
RPWOMLSKLHHGFAO86CB,力行段,28.26,非都市：山坡地保育區 ; 非都市編定：丁種建築用地,53695,2826,持分移轉,01150015
RPVOMLSKLHHGFAO76CB,力行段,217.54,非都市：山坡地保育區 ; 非都市編定：丁種建築用地,1,1,全筆移轉,01150043
RPVOMLSKLHHGFAO76CB,力行段,31.20,非都市：山坡地保育區 ; 非都市編定：丁種建築用地,10000,125,持分移轉,01150050
RPTNMLTKLHHGFAO56CB,北門段,2.53,都市：商,100000,1254,持分移轉,17660000
RPTNMLTKLHHGFAO56CB,北門段,2.70,都市：商,100000,1254,持分移轉,17670000
RPTNMLTKLHHGFAO56CB,北門段,2.83,都市：商,100000,1254,持分移轉,17680000
RPQNMLTKLHHGFAO88CB,北門段,4.76,都市：商,100000,2355,持分移轉,17660000
RPQNMLTKLHHGFAO88CB,北門段,5.06,都市：商,100000,2355,持分移轉,17670000
RPQNMLTKLHHGFAO88CB,北門段,5.32,都市：商,100000,2355,持分移轉,17680000
RPUNMLTKLHHGFAO66CB,北門段,4.76,都市：商,100000,2355,持分移轉,17660000
RPUNMLTKLHHGFAO66CB,北門段,5.06,都市：商,100000,2355,持分移轉,17670000
RPUNMLTKLHHGFAO66CB,北門段,5.32,都市：商,100000,2355,持分移轉,17680000
RPRNMLTKLHHGFAO98CB,北門段,4.76,都市：商,100000,2355,持分移轉,17660000
RPRNMLTKLHHGFAO98CB,北門段,5.06,都市：商,100000,2355,持分移轉,17670000
RPRNMLTKLHHGFAO98CB,北門段,5.32,都市：商,100000,2355,持分移轉,17680000
RPPNMLTKLHHGFAO78CB,北門段,2.53,都市：商,100000,1254,持分移轉,17660000
RPPNMLTKLHHGFAO78CB,北門段,2.70,都市：商,100000,1254,持分移轉,17670000
RPPNMLTKLHHGFAO78CB,北門段,2.83,都市：商,100000,1254,持分移轉,17680000
RPXNMLTKLHHGFAO96CB,北門段,4.76,都市：商,100000,2355,持分移轉,17660000
RPXNMLTKLHHGFAO96CB,北門段,5.06,都市：商,100000,2355,持分移轉,17670000
RPXNMLTKLHHGFAO96CB,北門段,5.32,都市：商,100000,2355,持分移轉,17680000
RPWNMLTKLHHGFAO86CB,北門段,2.53,都市：商,100000,1254,持分移轉,17660000
RPWNMLTKLHHGFAO86CB,北門段,2.70,都市：商,100000,1254,持分移轉,17670000
RPWNMLTKLHHGFAO86CB,北門段,2.83,都市：商,100000,1254,持分移轉,17680000
RPPOMLTKLHHGFAO88CB,北門段,2.53,都市：商,100000,1254,持分移轉,17660000
RPPOMLTKLHHGFAO88CB,北門段,2.70,都市：商,100000,1254,持分移轉,17670000
RPPOMLTKLHHGFAO88CB,北門段,2.83,都市：商,100000,1254,持分移轉,17680000
RPSOMLTKLHHGFAO56CB,北門段,3.65,都市：商,100000,1809,持分移轉,17660000
RPSOMLTKLHHGFAO56CB,北門段,3.89,都市：商,100000,1809,持分移轉,17670000
RPSOMLTKLHHGFAO56CB,北門段,4.09,都市：商,100000,1809,持分移轉,17680000
RPOOMLTKLHHGFAO78CB,北門段,2.53,都市：商,100000,1254,持分移轉,17660000
RPOOMLTKLHHGFAO78CB,北門段,2.70,都市：商,100000,1254,持分移轉,17670000
RPOOMLTKLHHGFAO78CB,北門段,2.83,都市：商,100000,1254,持分移轉,17680000
RPROMLTKLHHGFAO09CB,北門段,5.45,都市：商,100000,2700,持分移轉,17660000
RPROMLTKLHHGFAO09CB,北門段,5.80,都市：商,100000,2700,持分移轉,17670000
RPROMLTKLHHGFAO09CB,北門段,6.10,都市：商,100000,2700,持分移轉,17680000
RPQOMLTKLHHGFAO98CB,北門段,5.46,都市：商,100000,2705,持分移轉,17660000
RPQOMLTKLHHGFAO98CB,北門段,5.82,都市：商,100000,2705,持分移轉,17670000
RPQOMLTKLHHGFAO98CB,北門段,6.11,都市：商,100000,2705,持分移轉,17680000
RPUOMLTKLHHGFAO76CB,北門段,3.65,都市：商,100000,1809,持分移轉,17660000
RPUOMLTKLHHGFAO76CB,北門段,3.89,都市：商,100000,1809,持分移轉,17670000
RPUOMLTKLHHGFAO76CB,北門段,4.09,都市：商,100000,1809,持分移轉,17680000
RPTOMLTKLHHGFAO66CB,北門段,5.45,都市：商,100000,2700,持分移轉,17660000
RPTOMLTKLHHGFAO66CB,北門段,5.80,都市：商,100000,2700,持分移轉,17670000
RPTOMLTKLHHGFAO66CB,北門段,6.10,都市：商,100000,2700,持分移轉,17680000
RPRNMLKLLHHGFAO18CB,南華段,78.30,都市：住,1,1,全筆移轉,05380001
RPTNMLKLLHHGFAO38CB,南華段,79.10,都市：住,1,1,全筆移轉,05380003
RPQNMLKLLHHGFAO08CB,南華段,84.70,都市：住,1,1,全筆移轉,05380000
RPUNMLKLLHHGFAO48CB,南華段,80.76,都市：住,1,1,全筆移轉,05380004
RPQNMLLLLHHGFAO18CB,士林段,74.87,非都市：鄉村區 ; 非都市編定：乙種建築用地,100000,1955,持分移轉,00610000
RPTNMLLLLHHGFAO48CB,士林段,74.64,非都市：鄉村區 ; 非都市編定：乙種建築用地,100000,1949,持分移轉,00610000
RPSNMLLLLHHGFAO38CB,士林段,74.64,非都市：鄉村區 ; 非都市編定：乙種建築用地,100000,1949,持分移轉,00610000
RPVNMLLLLHHGFAO68CB,士林段,87.39,非都市：鄉村區 ; 非都市編定：乙種建築用地,100000,2282,持分移轉,00610000
RPVNMLKLLHHGFAO58CB,南華段,79.10,都市：住,1,1,全筆移轉,05380002
RPUNMLLLLHHGFAO58CB,士林段,75.29,非都市：鄉村區 ; 非都市編定：乙種建築用地,100000,1966,持分移轉,00610000
RPQNMLMLLHHGFAO28CB,湖港段,38.91,非都市：鄉村區 ; 非都市編定：乙種建築用地,100000,4167,持分移轉,07190000
RPRNMLMLLHHGFAO38CB,康樂段,53.56,都市：住,1,1,全筆移轉,01690004
RPRNMLMLLHHGFAO38CB,康樂段,16.04,都市：住,20880,1604,持分移轉,01690000
RPRNMLMLLHHGFAO38CB,康樂段,1.47,都市：住,1847,147,持分移轉,01690001
RPPNMLOLLHHGFAO38CB,康樂段,71.18,都市：住,1,1,全筆移轉,01690014
RPPNMLOLLHHGFAO38CB,康樂段,8.28,都市：住,20880,828,持分移轉,01690000
RPPNMLOLLHHGFAO38CB,康樂段,.70,都市：住,1847,70,持分移轉,01690001
RPQNMLOLLHHGFAO48CB,康樂段,47.69,都市：住,1,1,全筆移轉,01690010
RPQNMLOLLHHGFAO48CB,康樂段,23.07,都市：住,20880,2307,持分移轉,01690000
RPQNMLOLLHHGFAO48CB,康樂段,1.96,都市：住,1847,196,持分移轉,01690001
RPRNMLOLLHHGFAO58CB,康樂段,50.00,都市：住,1,1,全筆移轉,01690007
RPRNMLOLLHHGFAO58CB,康樂段,19.30,都市：住,20880,1930,持分移轉,01690000
RPRNMLOLLHHGFAO58CB,康樂段,1.77,都市：住,1847,177,持分移轉,01690001
RPPNMLNLLHHGFAO38DB,民富段,9.79,都市：住,66,1,持分移轉,30240000
RPTNMLOLLHHGFAO78CB,湖港段,38.91,非都市：鄉村區 ; 非都市編定：乙種建築用地,100000,4167,持分移轉,07190000
RPUNMLOLLHHGFAO88CB,湖港段,38.91,非都市：鄉村區 ; 非都市編定：乙種建築用地,100000,4167,持分移轉,07190000
RPSNMLOLLHHGFAO68CB,康樂段,51.50,都市：住,1,1,全筆移轉,01690012
RPSNMLOLLHHGFAO68CB,康樂段,19.56,都市：住,20880,1956,持分移轉,01690000
RPSNMLOLLHHGFAO68CB,康樂段,1.66,都市：住,1847,166,持分移轉,01690001
RPVNMLOLLHHGFAO98CB,湖港段,38.91,非都市：鄉村區 ; 非都市編定：乙種建築用地,100000,4167,持分移轉,07190000
RPWNMLOLLHHGFAO09CB,湖港段,38.91,非都市：鄉村區 ; 非都市編定：乙種建築用地,100000,4167,持分移轉,07190000
RPPOMLOLLHHGFAO48CB,湖港段,38.91,非都市：鄉村區 ; 非都市編定：乙種建築用地,100000,4167,持分移轉,07190000
RPXNMLOLLHHGFAO56CB,湖港段,38.91,非都市：鄉村區 ; 非都市編定：乙種建築用地,100000,4167,持分移轉,07190000
RPOOMLOLLHHGFAO38CB,湖港段,38.91,非都市：鄉村區 ; 非都市編定：乙種建築用地,100000,4167,持分移轉,07190000
RPROMLOLLHHGFAO68CB,湖港段,38.91,非都市：鄉村區 ; 非都市編定：乙種建築用地,100000,4167,持分移轉,07190000
RPQOMLOLLHHGFAO58CB,湖港段,38.91,非都市：鄉村區 ; 非都市編定：乙種建築用地,100000,4167,持分移轉,07190000
RPTOMLOLLHHGFAO88CB,湖港段,38.91,非都市：鄉村區 ; 非都市編定：乙種建築用地,100000,4167,持分移轉,07190000
RPUOMLOLLHHGFAO98CB,湖港段,38.91,非都市：鄉村區 ; 非都市編定：乙種建築用地,100000,4167,持分移轉,07190000
RPSOMLOLLHHGFAO78CB,湖港段,38.91,非都市：鄉村區 ; 非都市編定：乙種建築用地,100000,4167,持分移轉,07190000
RPWOMLOLLHHGFAO56CB,湖港段,38.91,非都市：鄉村區 ; 非都市編定：乙種建築用地,100000,4167,持分移轉,07190000
RPVOMLOLLHHGFAO09CB,湖港段,38.91,非都市：鄉村區 ; 非都市編定：乙種建築用地,100000,4167,持分移轉,07190000
RPPPMLOLLHHGFAO58CB,湖港段,38.91,非都市：鄉村區 ; 非都市編定：乙種建築用地,100000,4167,持分移轉,07190000
RPQPMLOLLHHGFAO68CB,湖港段,38.91,非都市：鄉村區 ; 非都市編定：乙種建築用地,100000,4167,持分移轉,07190000
RPXOMLOLLHHGFAO66CB,湖港段,38.91,非都市：鄉村區 ; 非都市編定：乙種建築用地,100000,4167,持分移轉,07190000
RPOPMLOLLHHGFAO48CB,湖港段,38.91,非都市：鄉村區 ; 非都市編定：乙種建築用地,100000,4167,持分移轉,07190000
RPQNMLPLLHHGFAO58CB,力行段,63.27,非都市：山坡地保育區 ; 非都市編定：丙種建築用地,10000,625,持分移轉,01160000
RPRPMLOLLHHGFAO78CB,湖港段,38.91,非都市：鄉村區 ; 非都市編定：乙種建築用地,100000,4167,持分移轉,07190000
RPPNMLPLLHHGFAO58DB,民富段,9.79,都市：住,66,1,持分移轉,30240000
RPQNMLQLLHHGFAO68CB,康樂段,50.01,都市：住,1,1,全筆移轉,01690005
RPQNMLQLLHHGFAO68CB,康樂段,19.29,都市：住,20880,1929,持分移轉,01690000
RPQNMLQLLHHGFAO68CB,康樂段,1.77,都市：住,1847,177,持分移轉,01690001
RPRNMLQLLHHGFAO78CB,康樂段,65.54,都市：住,1,1,全筆移轉,01690003
RPRNMLQLLHHGFAO78CB,康樂段,10.97,都市：住,20880,1097,持分移轉,01690000
RPRNMLQLLHHGFAO78CB,康樂段,1.01,都市：住,1847,101,持分移轉,01690001
RPUNMLQLLHHGFAO09CB,康樂段,73.64,都市：住,1,1,全筆移轉,01690013
RPUNMLQLLHHGFAO09CB,康樂段,8.76,都市：住,20880,876,持分移轉,01690000
RPUNMLQLLHHGFAO09CB,康樂段,.74,都市：住,1847,74,持分移轉,01690001
RPPNMLQLLHHGFAO58CB,康樂段,67.25,都市：住,1,1,全筆移轉,01690008
RPPNMLQLLHHGFAO58CB,康樂段,8.04,都市：住,20880,804,持分移轉,01690000
RPPNMLQLLHHGFAO58CB,康樂段,.74,都市：住,1847,74,持分移轉,01690001
RPTNMLQLLHHGFAO98CB,康樂段,49.06,都市：住,1,1,全筆移轉,01690011
RPTNMLQLLHHGFAO98CB,康樂段,21.81,都市：住,20880,2181,持分移轉,01690000
RPTNMLQLLHHGFAO98CB,康樂段,1.85,都市：住,1847,185,持分移轉,01690001
RPSNMLQLLHHGFAO88CB,康樂段,72.28,都市：住,1,1,全筆移轉,01690002
RPSNMLQLLHHGFAO88CB,康樂段,9.12,都市：住,20880,912,持分移轉,01690000
RPQNMLKMLHHGFAO18CB,金雅段,60.95,非都市：鄉村區 ; 非都市編定：乙種建築用地,1,1,全筆移轉,01850000
RPQNMLKMLHHGFAO18CB,金雅段,20.32,非都市：鄉村區 ; 非都市編定：乙種建築用地,10000,1040,持分移轉,01850014
RPRNMLKMLHHGFAO28CB,金雅段,88.31,非都市：鄉村區 ; 非都市編定：乙種建築用地,1,1,全筆移轉,01850007
RPRNMLKMLHHGFAO28CB,金雅段,1.00,非都市：鄉村區 ; 非都市編定：乙種建築用地,10000,51,持分移轉,01850014
RPSNMLQLLHHGFAO88CB,康樂段,.84,都市：住,1847,84,持分移轉,01690001
RPTNMLKMLHHGFAO48CB,金雅段,58.32,非都市：鄉村區 ; 非都市編定：乙種建築用地,1,1,全筆移轉,01850009
RPPNMLLMLHHGFAO18CB,金雅段,59.16,非都市：鄉村區 ; 非都市編定：乙種建築用地,1,1,全筆移轉,01850003
RPPNMLLMLHHGFAO18CB,金雅段,20.32,非都市：鄉村區 ; 非都市編定：乙種建築用地,10000,1040,持分移轉,01850014
RPTNMLKMLHHGFAO48CB,金雅段,19.30,非都市：鄉村區 ; 非都市編定：乙種建築用地,10000,988,持分移轉,01850014
RPSNMLKMLHHGFAO38CB,金雅段,97.16,非都市：鄉村區 ; 非都市編定：乙種建築用地,1,1,全筆移轉,01850008
RPSNMLKMLHHGFAO38CB,金雅段,1.00,非都市：鄉村區 ; 非都市編定：乙種建築用地,10000,51,持分移轉,01850014
RPRNMLLMLHHGFAO38CB,金雅段,59.16,非都市：鄉村區 ; 非都市編定：乙種建築用地,1,1,全筆移轉,01850006
RPRNMLLMLHHGFAO38CB,金雅段,20.32,非都市：鄉村區 ; 非都市編定：乙種建築用地,10000,1040,持分移轉,01850014
RPSNMLLMLHHGFAO48CB,金雅段,53.69,非都市：鄉村區 ; 非都市編定：乙種建築用地,1,1,全筆移轉,01850011
RPSNMLLMLHHGFAO48CB,金雅段,18.09,非都市：鄉村區 ; 非都市編定：乙種建築用地,10000,926,持分移轉,01850014
RPTNMLLMLHHGFAO58CB,金雅段,59.16,非都市：鄉村區 ; 非都市編定：乙種建築用地,1,1,全筆移轉,01850004
RPTNMLLMLHHGFAO58CB,金雅段,20.32,非都市：鄉村區 ; 非都市編定：乙種建築用地,10000,1040,持分移轉,01850014
RPUNMLLMLHHGFAO68CB,金雅段,66.75,非都市：鄉村區 ; 非都市編定：乙種建築用地,1,1,全筆移轉,01850013
RPUNMLLMLHHGFAO68CB,金雅段,18.19,非都市：鄉村區 ; 非都市編定：乙種建築用地,10000,931,持分移轉,01850014
RPWNMLLMLHHGFAO88CB,士林段,13.81,非都市：鄉村區 ; 非都市編定：乙種建築用地,61,1,持分移轉,00400000
RPWNMLLMLHHGFAO88CB,士林段,76.05,非都市：鄉村區 ; 非都市編定：乙種建築用地,1,1,全筆移轉,00400020
RPXNMLLMLHHGFAO98CB,士林段,13.81,非都市：鄉村區 ; 非都市編定：乙種建築用地,61,1,持分移轉,00400000
RPXNMLLMLHHGFAO98CB,士林段,62.58,非都市：鄉村區 ; 非都市編定：乙種建築用地,1,1,全筆移轉,00400037
RPPOMLLMLHHGFAO28CB,士林段,13.81,非都市：鄉村區 ; 非都市編定：乙種建築用地,61,1,持分移轉,00400000
RPPOMLLMLHHGFAO28CB,士林段,64.50,非都市：鄉村區 ; 非都市編定：乙種建築用地,1,1,全筆移轉,00400030
RPOOMLLMLHHGFAO18CB,士林段,13.81,非都市：鄉村區 ; 非都市編定：乙種建築用地,61,1,持分移轉,00400000
RPOOMLLMLHHGFAO18CB,士林段,62.46,非都市：鄉村區 ; 非都市編定：乙種建築用地,1,1,全筆移轉,00400035
RPSOMLLMLHHGFAO58CB,士林段,13.81,非都市：鄉村區 ; 非都市編定：乙種建築用地,61,1,持分移轉,00400000
RPSOMLLMLHHGFAO58CB,士林段,59.32,非都市：鄉村區 ; 非都市編定：乙種建築用地,1,1,全筆移轉,00400051
RPQOMLLMLHHGFAO38CB,士林段,13.81,非都市：鄉村區 ; 非都市編定：乙種建築用地,61,1,持分移轉,00400000
RPQOMLLMLHHGFAO38CB,士林段,63.61,非都市：鄉村區 ; 非都市編定：乙種建築用地,1,1,全筆移轉,00400008
RPROMLLMLHHGFAO48CB,士林段,13.81,非都市：鄉村區 ; 非都市編定：乙種建築用地,61,1,持分移轉,00400000
RPROMLLMLHHGFAO48CB,士林段,63.61,非都市：鄉村區 ; 非都市編定：乙種建築用地,1,1,全筆移轉,00400014
RPUNMLRJMHHGFAO09CB,力行段,402.27,非都市：山坡地保育區 ; 非都市編定：丁種建築用地,1,1,全筆移轉,01150033
RPUNMLRJMHHGFAO09CB,力行段,82.05,非都市：山坡地保育區 ; 非都市編定：丁種建築用地,155877,8205,持分移轉,01150007
RPUNMLRJMHHGFAO09CB,力行段,.57,非都市：山坡地保育區 ; 非都市編定：丁種建築用地,1101,57,持分移轉,01150012
RPUNMLRJMHHGFAO09CB,力行段,28.27,非都市：山坡地保育區 ; 非都市編定：丁種建築用地,53695,2827,持分移轉,01150015
RPXNMLRJMHHGFAO76CB,力行段,390.07,非都市：山坡地保育區 ; 非都市編定：丁種建築用地,1,1,全筆移轉,01150036
RPXNMLRJMHHGFAO76CB,力行段,82.04,非都市：山坡地保育區 ; 非都市編定：丁種建築用地,155877,8204,持分移轉,01150007
RPXNMLRJMHHGFAO76CB,力行段,.58,非都市：山坡地保育區 ; 非都市編定：丁種建築用地,1101,58,持分移轉,01150012
RPXNMLRJMHHGFAO76CB,力行段,28.26,非都市：山坡地保育區 ; 非都市編定：丁種建築用地,53695,2826,持分移轉,01150015
RPVNMLRJMHHGFAO56CB,力行段,272.17,非都市：山坡地保育區 ; 非都市編定：丁種建築用地,1,1,全筆移轉,01150034
RPVNMLRJMHHGFAO56CB,力行段,82.04,非都市：山坡地保育區 ; 非都市編定：丁種建築用地,155877,8204,持分移轉,01150007
RPVNMLRJMHHGFAO56CB,力行段,.58,非都市：山坡地保育區 ; 非都市編定：丁種建築用地,1101,58,持分移轉,01150012
RPVNMLRJMHHGFAO56CB,力行段,28.26,非都市：山坡地保育區 ; 非都市編定：丁種建築用地,53695,2826,持分移轉,01150015
RPQNMLLKMHHGFAO18CB,東光段,7.50,都市：商,10000,115,持分移轉,01170000
RPQNMLLKMHHGFAO18CB,東光段,7.31,都市：商,10000,115,持分移轉,01180000
RPPNMLLKMHHGFAO08CB,士林段,24.82,非都市：鄉村區 ; 非都市編定：乙種建築用地,100000,648,持分移轉,00610000
RPPNMLLKMHHGFAO08CB,士林段,68.59,非都市：鄉村區 ; 非都市編定：乙種建築用地,1,1,全筆移轉,00640020
RPPNMLNKMHHGFAO28CB,東光段,7.50,都市：商,10000,115,持分移轉,01170000
RPPNMLNKMHHGFAO28CB,東光段,7.31,都市：商,10000,115,持分移轉,01180000
RPWNMLRJMHHGFAO66CB,力行段,265.66,非都市：山坡地保育區 ; 非都市編定：丁種建築用地,1,1,全筆移轉,01150035
RPWNMLRJMHHGFAO66CB,力行段,82.04,非都市：山坡地保育區 ; 非都市編定：丁種建築用地,155877,8204,持分移轉,01150007
RPWNMLRJMHHGFAO66CB,力行段,.58,非都市：山坡地保育區 ; 非都市編定：丁種建築用地,1101,58,持分移轉,01150012
RPWNMLRJMHHGFAO66CB,力行段,28.26,非都市：山坡地保育區 ; 非都市編定：丁種建築用地,53695,2826,持分移轉,01150015
RPRNMLLKMHHGFAO28CB,康樂段,55.96,都市：住,1,1,全筆移轉,01690009
RPRNMLLKMHHGFAO28CB,康樂段,18.50,都市：住,20880,1850,持分移轉,01690000
RPRNMLLKMHHGFAO28CB,康樂段,1.57,都市：住,1847,157,持分移轉,01690001
RPSNMLLLMHHGFAO48CB,港南段,31.25,非都市：特定農業區 ; 非都市編定：甲種建築用地,100000,997,持分移轉,03260000
RPTNMLMLMHHGFAO68CB,港南段,31.25,非都市：特定農業區 ; 非都市編定：甲種建築用地,100000,997,持分移轉,03260000
RPQNMLLLMHHGFAO28CB,港南段,31.25,非都市：特定農業區 ; 非都市編定：甲種建築用地,100000,997,持分移轉,03260000
RPRNMLLLMHHGFAO38CB,港南段,31.25,非都市：特定農業區 ; 非都市編定：甲種建築用地,100000,997,持分移轉,03260000
RPUNMLMLMHHGFAO78CB,港南段,31.25,非都市：特定農業區 ; 非都市編定：甲種建築用地,100000,997,持分移轉,03260000
RPWNMLMLMHHGFAO98CB,港南段,31.25,非都市：特定農業區 ; 非都市編定：甲種建築用地,100000,997,持分移轉,03260000
RPOOMLMLMHHGFAO28CB,港南段,31.25,非都市：特定農業區 ; 非都市編定：甲種建築用地,100000,997,持分移轉,03260000
RPVNMLMLMHHGFAO88CB,港南段,31.25,非都市：特定農業區 ; 非都市編定：甲種建築用地,100000,997,持分移轉,03260000
RPXNMLMLMHHGFAO09CB,港南段,31.25,非都市：特定農業區 ; 非都市編定：甲種建築用地,100000,997,持分移轉,03260000
RPPOMLMLMHHGFAO38CB,港南段,31.25,非都市：特定農業區 ; 非都市編定：甲種建築用地,100000,997,持分移轉,03260000
RPTOMLMLMHHGFAO78CB,港南段,26.80,非都市：特定農業區 ; 非都市編定：甲種建築用地,100000,855,持分移轉,03260000
RPSOMLMLMHHGFAO68CB,港南段,31.25,非都市：特定農業區 ; 非都市編定：甲種建築用地,100000,997,持分移轉,03260000
RPXOMLMLMHHGFAO56CB,港南段,31.25,非都市：特定農業區 ; 非都市編定：甲種建築用地,100000,997,持分移轉,03260000
RPUOMLMLMHHGFAO88CB,港南段,31.25,非都市：特定農業區 ; 非都市編定：甲種建築用地,100000,997,持分移轉,03260000
RPWOMLMLMHHGFAO09CB,港南段,31.25,非都市：特定農業區 ; 非都市編定：甲種建築用地,100000,997,持分移轉,03260000
RPVOMLMLMHHGFAO98CB,港南段,31.25,非都市：特定農業區 ; 非都市編定：甲種建築用地,100000,997,持分移轉,03260000
RPOPMLMLMHHGFAO38CB,港南段,31.25,非都市：特定農業區 ; 非都市編定：甲種建築用地,100000,997,持分移轉,03260000
RPQPMLMLMHHGFAO58CB,力行段,208.65,非都市：山坡地保育區 ; 非都市編定：丁種建築用地,1,1,全筆移轉,01150037
RPQPMLMLMHHGFAO58CB,力行段,31.20,非都市：山坡地保育區 ; 非都市編定：丁種建築用地,10000,125,持分移轉,01150050
RPPPMLMLMHHGFAO48CB,力行段,364.24,非都市：山坡地保育區 ; 非都市編定：丁種建築用地,1,1,全筆移轉,01150049
RPPPMLMLMHHGFAO48CB,力行段,31.20,非都市：山坡地保育區 ; 非都市編定：丁種建築用地,10000,125,持分移轉,01150050
RPPNMLNLMHHGFAO48DB,明湖段,19.17,非都市：山坡地保育區 ; 非都市編定：丙種建築用地,10000,304,持分移轉,06500000
RPPNMLNLMHHGFAO48DB,明湖段,29.92,非都市：山坡地保育區 ; 非都市編定：丙種建築用地,10000,304,持分移轉,06500003
RPPNMLNLMHHGFAO48DB,明湖段,19.17,非都市：山坡地保育區 ; 非都市編定：丙種建築用地,10000,304,持分移轉,06500011
RPPNMLNLMHHGFAO48DB,明湖段,19.17,非都市：山坡地保育區 ; 非都市編定：丙種建築用地,10000,304,持分移轉,06500012
RPPNMLNLMHHGFAO48DB,明湖段,29.43,非都市：山坡地保育區 ; 非都市編定：丙種建築用地,10000,304,持分移轉,06500013
RPTNMLNLMHHGFAO88DB,明湖段,14.31,非都市：山坡地保育區 ; 非都市編定：丙種建築用地,10000,227,持分移轉,06500000
RPTNMLNLMHHGFAO88DB,明湖段,22.34,非都市：山坡地保育區 ; 非都市編定：丙種建築用地,10000,227,持分移轉,06500003
RPTNMLNLMHHGFAO88DB,明湖段,14.31,非都市：山坡地保育區 ; 非都市編定：丙種建築用地,10000,227,持分移轉,06500011
RPTNMLNLMHHGFAO88DB,明湖段,14.31,非都市：山坡地保育區 ; 非都市編定：丙種建築用地,10000,227,持分移轉,06500012
RPTNMLNLMHHGFAO88DB,明湖段,21.98,非都市：山坡地保育區 ; 非都市編定：丙種建築用地,10000,227,持分移轉,06500013
RPQNMLPLMHHGFAO68CB,港南段,31.25,非都市：特定農業區 ; 非都市編定：甲種建築用地,100000,997,持分移轉,03260000
RPPNMLPLMHHGFAO58CB,港南段,31.25,非都市：特定農業區 ; 非都市編定：甲種建築用地,100000,997,持分移轉,03260000
RPSNMLPLMHHGFAO88CB,港南段,31.25,非都市：特定農業區 ; 非都市編定：甲種建築用地,100000,997,持分移轉,03260000
RPVNMLPLMHHGFAO56CB,港南段,26.80,非都市：特定農業區 ; 非都市編定：甲種建築用地,100000,855,持分移轉,03260000
RPXNMLPLMHHGFAO76CB,港南段,31.25,非都市：特定農業區 ; 非都市編定：甲種建築用地,100000,997,持分移轉,03260000
RPTNMLPLMHHGFAO98CB,港南段,31.25,非都市：特定農業區 ; 非都市編定：甲種建築用地,100000,997,持分移轉,03260000
RPUNMLPLMHHGFAO09CB,港南段,31.25,非都市：特定農業區 ; 非都市編定：甲種建築用地,100000,997,持分移轉,03260000
RPWNMLPLMHHGFAO66CB,港南段,26.80,非都市：特定農業區 ; 非都市編定：甲種建築用地,100000,855,持分移轉,03260000
RPOOMLPLMHHGFAO58CB,港南段,26.80,非都市：特定農業區 ; 非都市編定：甲種建築用地,100000,855,持分移轉,03260000
RPPOMLPLMHHGFAO68CB,港南段,26.80,非都市：特定農業區 ; 非都市編定：甲種建築用地,100000,855,持分移轉,03260000
RPQOMLPLMHHGFAO78CB,港南段,26.80,非都市：特定農業區 ; 非都市編定：甲種建築用地,100000,855,持分移轉,03260000
RPROMLPLMHHGFAO88CB,港南段,31.25,非都市：特定農業區 ; 非都市編定：甲種建築用地,100000,997,持分移轉,03260000
RPSOMLPLMHHGFAO98CB,港南段,26.80,非都市：特定農業區 ; 非都市編定：甲種建築用地,100000,855,持分移轉,03260000
RPQNMLQLMHHGFAO78CB,士林段,13.81,非都市：鄉村區 ; 非都市編定：乙種建築用地,61,1,持分移轉,00400000
RPQNMLQLMHHGFAO78CB,士林段,66.69,非都市：鄉村區 ; 非都市編定：乙種建築用地,1,1,全筆移轉,00400033
RPPNMLQLMHHGFAO68CB,士林段,13.81,非都市：鄉村區 ; 非都市編定：乙種建築用地,61,1,持分移轉,00400000
RPPNMLQLMHHGFAO68CB,士林段,69.31,非都市：鄉村區 ; 非都市編定：乙種建築用地,1,1,全筆移轉,00400025
RPRNMLQLMHHGFAO88CB,士林段,13.81,非都市：鄉村區 ; 非都市編定：乙種建築用地,61,1,持分移轉,00400000
RPRNMLQLMHHGFAO88CB,士林段,62.61,非都市：鄉村區 ; 非都市編定：乙種建築用地,1,1,全筆移轉,00400006
RPSNMLQLMHHGFAO98CB,士林段,13.81,非都市：鄉村區 ; 非都市編定：乙種建築用地,61,1,持分移轉,00400000
RPSNMLQLMHHGFAO98CB,士林段,63.61,非都市：鄉村區 ; 非都市編定：乙種建築用地,1,1,全筆移轉,00400009
RPTNMLQLMHHGFAO09CB,士林段,13.81,非都市：鄉村區 ; 非都市編定：乙種建築用地,61,1,持分移轉,00400000
RPTNMLQLMHHGFAO09CB,士林段,63.61,非都市：鄉村區 ; 非都市編定：乙種建築用地,1,1,全筆移轉,00400010
RPUNMLQLMHHGFAO56CB,士林段,13.81,非都市：鄉村區 ; 非都市編定：乙種建築用地,61,1,持分移轉,00400000
RPUNMLQLMHHGFAO56CB,士林段,54.82,非都市：鄉村區 ; 非都市編定：乙種建築用地,1,1,全筆移轉,00400040
RPSOMLQLMHHGFAO09CB,港南段,31.25,非都市：特定農業區 ; 非都市編定：甲種建築用地,100000,997,持分移轉,03260000
RPROMLQLMHHGFAO98CB,港南段,31.25,非都市：特定農業區 ; 非都市編定：甲種建築用地,100000,997,持分移轉,03260000
RPTOMLQLMHHGFAO56CB,港南段,31.25,非都市：特定農業區 ; 非都市編定：甲種建築用地,100000,997,持分移轉,03260000
RPOOMLQLMHHGFAO68CB,港南段,31.25,非都市：特定農業區 ; 非都市編定：甲種建築用地,100000,997,持分移轉,03260000
RPPOMLQLMHHGFAO78CB,港南段,31.25,非都市：特定農業區 ; 非都市編定：甲種建築用地,100000,997,持分移轉,03260000
RPPPMLQLMHHGFAO88CB,港南段,31.25,非都市：特定農業區 ; 非都市編定：甲種建築用地,100000,997,持分移轉,03260000
RPVOMLQLMHHGFAO76CB,港南段,26.80,非都市：特定農業區 ; 非都市編定：甲種建築用地,100000,855,持分移轉,03260000
RPQPMLQLMHHGFAO98CB,港南段,26.80,非都市：特定農業區 ; 非都市編定：甲種建築用地,100000,855,持分移轉,03260000
RPWOMLQLMHHGFAO86CB,港南段,26.80,非都市：特定農業區 ; 非都市編定：甲種建築用地,100000,855,持分移轉,03260000
RPOPMLQLMHHGFAO78CB,港南段,31.25,非都市：特定農業區 ; 非都市編定：甲種建築用地,100000,997,持分移轉,03260000
RPSPMLQLMHHGFAO56CB,港南段,31.25,非都市：特定農業區 ; 非都市編定：甲種建築用地,100000,997,持分移轉,03260000
RPRPMLQLMHHGFAO09CB,港南段,31.25,非都市：特定農業區 ; 非都市編定：甲種建築用地,100000,997,持分移轉,03260000
RPWPMLQLMHHGFAO96CB,港南段,31.25,非都市：特定農業區 ; 非都市編定：甲種建築用地,100000,997,持分移轉,03260000
RPUPMLQLMHHGFAO76CB,港南段,31.25,非都市：特定農業區 ; 非都市編定：甲種建築用地,100000,997,持分移轉,03260000
RPXPMLQLMHHGFAO07CB,港南段,31.25,非都市：特定農業區 ; 非都市編定：甲種建築用地,100000,997,持分移轉,03260000
RPRQMLQLMHHGFAO56CB,港南段,31.25,非都市：特定農業區 ; 非都市編定：甲種建築用地,100000,997,持分移轉,03260000
RPOQMLQLMHHGFAO88CB,港南段,31.25,非都市：特定農業區 ; 非都市編定：甲種建築用地,100000,997,持分移轉,03260000
RPQQMLQLMHHGFAO09CB,港南段,31.25,非都市：特定農業區 ; 非都市編定：甲種建築用地,100000,997,持分移轉,03260000
RPTQMLQLMHHGFAO76CB,港南段,26.80,非都市：特定農業區 ; 非都市編定：甲種建築用地,100000,855,持分移轉,03260000
RPSQMLQLMHHGFAO66CB,港南段,31.25,非都市：特定農業區 ; 非都市編定：甲種建築用地,100000,997,持分移轉,03260000
RPUQMLQLMHHGFAO86CB,港南段,26.80,非都市：特定農業區 ; 非都市編定：甲種建築用地,100000,855,持分移轉,03260000
RPVQMLQLMHHGFAO96CB,港南段,26.80,非都市：特定農業區 ; 非都市編定：甲種建築用地,100000,855,持分移轉,03260000
RPWQMLQLMHHGFAO07CB,港南段,31.25,非都市：特定農業區 ; 非都市編定：甲種建築用地,100000,997,持分移轉,03260000
RPORMLQLMHHGFAO98CB,港南段,26.80,非都市：特定農業區 ; 非都市編定：甲種建築用地,100000,855,持分移轉,03260000
RPPRMLQLMHHGFAO09CB,港南段,31.25,非都市：特定農業區 ; 非都市編定：甲種建築用地,100000,997,持分移轉,03260000
RPRRMLQLMHHGFAO66CB,港南段,31.25,非都市：特定農業區 ; 非都市編定：甲種建築用地,100000,997,持分移轉,03260000
RPQRMLQLMHHGFAO56CB,港南段,26.80,非都市：特定農業區 ; 非都市編定：甲種建築用地,100000,855,持分移轉,03260000
RPSRMLQLMHHGFAO76CB,港南段,26.80,非都市：特定農業區 ; 非都市編定：甲種建築用地,100000,855,持分移轉,03260000
RPSNMLRLMHHGFAO09CB,金雅段,24.03,非都市：鄉村區 ; 非都市編定：乙種建築用地,100000,944,持分移轉,00390000
RPSNMLSLMHHGFAO56CB,港南段,31.25,非都市：特定農業區 ; 非都市編定：甲種建築用地,100000,997,持分移轉,03260000
RPPNMLSLMHHGFAO88CB,港南段,31.25,非都市：特定農業區 ; 非都市編定：甲種建築用地,100000,997,持分移轉,03260000
RPTNMLSLMHHGFAO66CB,港南段,26.80,非都市：特定農業區 ; 非都市編定：甲種建築用地,100000,855,持分移轉,03260000
RPRNMLSLMHHGFAO09CB,港南段,26.80,非都市：特定農業區 ; 非都市編定：甲種建築用地,100000,855,持分移轉,03260000
RPUNMLSLMHHGFAO76CB,港南段,26.80,非都市：特定農業區 ; 非都市編定：甲種建築用地,100000,855,持分移轉,03260000
RPVNMLSLMHHGFAO86CB,港南段,31.25,非都市：特定農業區 ; 非都市編定：甲種建築用地,100000,997,持分移轉,03260000
RPXNMLSLMHHGFAO07CB,港南段,31.25,非都市：特定農業區 ; 非都市編定：甲種建築用地,100000,997,持分移轉,03260000
RPWNMLSLMHHGFAO96CB,港南段,31.25,非都市：特定農業區 ; 非都市編定：甲種建築用地,100000,997,持分移轉,03260000
RPOOMLSLMHHGFAO88CB,港南段,31.25,非都市：特定農業區 ; 非都市編定：甲種建築用地,100000,997,持分移轉,03260000
RPQOMLSLMHHGFAO09CB,港南段,31.25,非都市：特定農業區 ; 非都市編定：甲種建築用地,100000,997,持分移轉,03260000
RPROMLSLMHHGFAO56CB,港南段,31.25,非都市：特定農業區 ; 非都市編定：甲種建築用地,100000,997,持分移轉,03260000
RPTOMLSLMHHGFAO76CB,港南段,31.25,非都市：特定農業區 ; 非都市編定：甲種建築用地,100000,997,持分移轉,03260000
RPSOMLSLMHHGFAO66CB,港南段,31.25,非都市：特定農業區 ; 非都市編定：甲種建築用地,100000,997,持分移轉,03260000
RPPOMLSLMHHGFAO98CB,港南段,31.25,非都市：特定農業區 ; 非都市編定：甲種建築用地,100000,997,持分移轉,03260000
RPWOMLSLMHHGFAO07CB,港南段,31.25,非都市：特定農業區 ; 非都市編定：甲種建築用地,100000,997,持分移轉,03260000
RPUOMLSLMHHGFAO86CB,港南段,26.80,非都市：特定農業區 ; 非都市編定：甲種建築用地,100000,855,持分移轉,03260000
RPVOMLSLMHHGFAO96CB,港南段,31.25,非都市：特定農業區 ; 非都市編定：甲種建築用地,100000,997,持分移轉,03260000
RPXOMLSLMHHGFAO17CB,港南段,31.25,非都市：特定農業區 ; 非都市編定：甲種建築用地,100000,997,持分移轉,03260000
RPPPMLSLMHHGFAO09CB,港南段,31.25,非都市：特定農業區 ; 非都市編定：甲種建築用地,100000,997,持分移轉,03260000
RPOPMLSLMHHGFAO98CB,港南段,31.25,非都市：特定農業區 ; 非都市編定：甲種建築用地,100000,997,持分移轉,03260000
RPQPMLSLMHHGFAO56CB,港南段,26.80,非都市：特定農業區 ; 非都市編定：甲種建築用地,100000,855,持分移轉,03260000
RPRPMLSLMHHGFAO66CB,港南段,31.25,非都市：特定農業區 ; 非都市編定：甲種建築用地,100000,997,持分移轉,03260000
RPSPMLSLMHHGFAO76CB,港南段,31.25,非都市：特定農業區 ; 非都市編定：甲種建築用地,100000,997,持分移轉,03260000
RPUPMLSLMHHGFAO96CB,港南段,31.25,非都市：特定農業區 ; 非都市編定：甲種建築用地,100000,997,持分移轉,03260000
RPVPMLSLMHHGFAO07CB,港南段,31.25,非都市：特定農業區 ; 非都市編定：甲種建築用地,100000,997,持分移轉,03260000
RPRNMLPJNHHGFAO68CB,港南段,31.25,非都市：特定農業區 ; 非都市編定：甲種建築用地,100000,997,持分移轉,03260000
RPPNMLOJNHHGFAO38CB,中寮段,67.93,都市：住,1,1,全筆移轉,03490018
RPTPMLSLMHHGFAO86CB,港南段,31.25,非都市：特定農業區 ; 非都市編定：甲種建築用地,100000,997,持分移轉,03260000
RPWPMLSLMHHGFAO17CB,港南段,31.25,非都市：特定農業區 ; 非都市編定：甲種建築用地,100000,997,持分移轉,03260000
RPSNMLPJNHHGFAO78CB,港南段,26.80,非都市：特定農業區 ; 非都市編定：甲種建築用地,100000,855,持分移轉,03260000
RPTNMLPJNHHGFAO88CB,港南段,26.80,非都市：特定農業區 ; 非都市編定：甲種建築用地,100000,855,持分移轉,03260000
RPVNMLPJNHHGFAO09CB,港南段,26.80,非都市：特定農業區 ; 非都市編定：甲種建築用地,100000,855,持分移轉,03260000
RPROMLPJNHHGFAO78CB,港南段,31.25,非都市：特定農業區 ; 非都市編定：甲種建築用地,100000,997,持分移轉,03260000
RPQOMLPJNHHGFAO68CB,港南段,31.25,非都市：特定農業區 ; 非都市編定：甲種建築用地,100000,997,持分移轉,03260000
RPWNMLPJNHHGFAO56CB,港南段,31.25,非都市：特定農業區 ; 非都市編定：甲種建築用地,100000,997,持分移轉,03260000
RPXNMLPJNHHGFAO66CB,港南段,31.25,非都市：特定農業區 ; 非都市編定：甲種建築用地,100000,997,持分移轉,03260000
RPPNMLQJNHHGFAO58CB,民主段,22.31,都市：住,10000,498,持分移轉,16340000
RPQNMLTJNHHGFAO98CB,港南段,31.25,非都市：特定農業區 ; 非都市編定：甲種建築用地,100000,997,持分移轉,03260000
RPRNMLTJNHHGFAO09CB,港南段,31.25,非都市：特定農業區 ; 非都市編定：甲種建築用地,100000,997,持分移轉,03260000
RPTNMLTJNHHGFAO66CB,港南段,31.25,非都市：特定農業區 ; 非都市編定：甲種建築用地,100000,997,持分移轉,03260000
RPUNMLTJNHHGFAO76CB,士林段,13.81,非都市：鄉村區 ; 非都市編定：乙種建築用地,61,1,持分移轉,00400000
RPUNMLTJNHHGFAO76CB,士林段,64.25,非都市：鄉村區 ; 非都市編定：乙種建築用地,1,1,全筆移轉,00400007
RPSNMLTJNHHGFAO56CB,港南段,26.80,非都市：特定農業區 ; 非都市編定：甲種建築用地,100000,855,持分移轉,03260000
RPVNMLTJNHHGFAO86CB,士林段,13.81,非都市：鄉村區 ; 非都市編定：乙種建築用地,61,1,持分移轉,00400000
RPVNMLTJNHHGFAO86CB,士林段,63.61,非都市：鄉村區 ; 非都市編定：乙種建築用地,1,1,全筆移轉,00400012
RPOOMLTJNHHGFAO88CB,士林段,13.81,非都市：鄉村區 ; 非都市編定：乙種建築用地,61,1,持分移轉,00400000
RPOOMLTJNHHGFAO88CB,士林段,63.61,非都市：鄉村區 ; 非都市編定：乙種建築用地,1,1,全筆移轉,00400011
RPPOMLTJNHHGFAO98CB,士林段,87.39,非都市：鄉村區 ; 非都市編定：乙種建築用地,100000,2282,持分移轉,00610000
RPWNMLTJNHHGFAO96CB,士林段,13.81,非都市：鄉村區 ; 非都市編定：乙種建築用地,61,1,持分移轉,00400000
RPWNMLTJNHHGFAO96CB,士林段,64.26,非都市：鄉村區 ; 非都市編定：乙種建築用地,1,1,全筆移轉,00400036
RPXNMLTJNHHGFAO07CB,士林段,13.81,非都市：鄉村區 ; 非都市編定：乙種建築用地,61,1,持分移轉,00400000
RPXNMLTJNHHGFAO07CB,士林段,64.81,非都市：鄉村區 ; 非都市編定：乙種建築用地,1,1,全筆移轉,00400034
RPTNMLMKNHHGFAO68CB,金雅段,26.81,非都市：鄉村區 ; 非都市編定：乙種建築用地,5,1,持分移轉,00350000
RPTNMLMKNHHGFAO68CB,金雅段,50.20,非都市：鄉村區 ; 非都市編定：乙種建築用地,1,1,全筆移轉,00350003
RPPNMLMKNHHGFAO28CB,金雅段,26.81,非都市：鄉村區 ; 非都市編定：乙種建築用地,5,1,持分移轉,00350000
RPPNMLMKNHHGFAO28CB,金雅段,55.50,非都市：鄉村區 ; 非都市編定：乙種建築用地,1,1,全筆移轉,00350005
RPRNMLMKNHHGFAO48CB,武陵段,15.04,都市：住,100000,1247,持分移轉,03070002
RPQNMLMKNHHGFAO38CB,金雅段,26.81,非都市：鄉村區 ; 非都市編定：乙種建築用地,5,1,持分移轉,00350000
RPQNMLMKNHHGFAO38CB,金雅段,61.23,非都市：鄉村區 ; 非都市編定：乙種建築用地,1,1,全筆移轉,00350001
RPRNMLMKNHHGFAO48CB,武陵段,1.45,都市：住,100000,1247,持分移轉,03070003
RPRNMLMKNHHGFAO48CB,武陵段,8.29,都市：住,100000,1247,持分移轉,03090003
RPRNMLMKNHHGFAO48CB,武陵段,3.23,都市：住,100000,1247,持分移轉,03090005
RPRNMLMKNHHGFAO48CB,武陵段,3.57,都市：住,100000,1247,持分移轉,03090007
RPPNMLRKNHHGFAO78CB,東光段,8.41,都市：商,10000,129,持分移轉,01170000
RPPNMLRKNHHGFAO78CB,東光段,8.20,都市：商,10000,129,持分移轉,01180000
RPPNMLSKNHHGFAO88CB,金雅段,26.81,非都市：鄉村區 ; 非都市編定：乙種建築用地,5,1,持分移轉,00350000
RPPNMLSKNHHGFAO88CB,金雅段,61.83,非都市：鄉村區 ; 非都市編定：乙種建築用地,1,1,全筆移轉,00350002
RPPNMLTKNHHGFAO98CB,士林段,13.81,非都市：鄉村區 ; 非都市編定：乙種建築用地,61,1,持分移轉,00400000
RPPNMLTKNHHGFAO98CB,士林段,63.18,非都市：鄉村區 ; 非都市編定：乙種建築用地,1,1,全筆移轉,00400027
RPQNMLSKNHHGFAO98CB,崙子段,9.26,都市：住,10000,657,持分移轉,07450000
RPQNMLSKNHHGFAO98CB,崙子段,9.13,都市：住,10000,657,持分移轉,07460000
RPQNMLSKNHHGFAO98CB,崙子段,9.20,都市：住,10000,657,持分移轉,07470000
RPQNMLSKNHHGFAO98CB,崙子段,9.26,都市：住,10000,657,持分移轉,07480000
RPQNMLSKNHHGFAO98CB,崙子段,8.15,都市：住,10000,657,持分移轉,07490000
RPQNMLTKNHHGFAO09CB,士林段,13.81,非都市：鄉村區 ; 非都市編定：乙種建築用地,61,1,持分移轉,00400000
RPQNMLTKNHHGFAO09CB,士林段,63.61,非都市：鄉村區 ; 非都市編定：乙種建築用地,1,1,全筆移轉,00400015
RPRNMLTKNHHGFAO56CB,士林段,13.81,非都市：鄉村區 ; 非都市編定：乙種建築用地,61,1,持分移轉,00400000
RPRNMLTKNHHGFAO56CB,士林段,63.61,非都市：鄉村區 ; 非都市編定：乙種建築用地,1,1,全筆移轉,00400013
RPPNMLKLNHHGFAO18CB,金雅段,36.62,非都市：鄉村區 ; 非都市編定：乙種建築用地,100000,1562,持分移轉,00620000
RPUNMLKLNHHGFAO68CB,金雅段,32.84,非都市：鄉村區 ; 非都市編定：乙種建築用地,100000,1401,持分移轉,00620000
RPSNMLKLNHHGFAO48CB,金雅段,35.96,非都市：鄉村區 ; 非都市編定：乙種建築用地,100000,1534,持分移轉,00620000
RPTNMLKLNHHGFAO58CB,金雅段,35.96,非都市：鄉村區 ; 非都市編定：乙種建築用地,100000,1534,持分移轉,00620000
RPRNMLKLNHHGFAO38CB,金雅段,36.62,非都市：鄉村區 ; 非都市編定：乙種建築用地,100000,1562,持分移轉,00620000
RPQNMLKLNHHGFAO28CB,金雅段,36.62,非都市：鄉村區 ; 非都市編定：乙種建築用地,100000,1562,持分移轉,00620000
RPXNMLKLNHHGFAO98CB,金雅段,32.84,非都市：鄉村區 ; 非都市編定：乙種建築用地,100000,1401,持分移轉,00620000
RPVNMLKLNHHGFAO78CB,金雅段,32.84,非都市：鄉村區 ; 非都市編定：乙種建築用地,100000,1401,持分移轉,00620000
RPOOMLKLNHHGFAO18CB,金雅段,20.61,非都市：鄉村區 ; 非都市編定：乙種建築用地,100000,879,持分移轉,00620000
RPPOMLKLNHHGFAO28CB,金雅段,20.61,非都市：鄉村區 ; 非都市編定：乙種建築用地,100000,879,持分移轉,00620000
RPWNMLKLNHHGFAO88CB,金雅段,20.61,非都市：鄉村區 ; 非都市編定：乙種建築用地,100000,879,持分移轉,00620000
RPQOMLKLNHHGFAO38CB,金雅段,20.61,非都市：鄉村區 ; 非都市編定：乙種建築用地,100000,879,持分移轉,00620000
RPSOMLKLNHHGFAO58CB,金雅段,30.87,非都市：鄉村區 ; 非都市編定：乙種建築用地,100000,1317,持分移轉,00620000
RPROMLKLNHHGFAO48CB,金雅段,20.61,非都市：鄉村區 ; 非都市編定：乙種建築用地,100000,879,持分移轉,00620000
RPPNMLNLNHHGFAO48CB,南湖段,64.04,非都市：山坡地保育區 ; 非都市編定：丙種建築用地,10000,875,持分移轉,04880001
RPQNMLNLNHHGFAO58CB,南湖段,64.04,非都市：山坡地保育區 ; 非都市編定：丙種建築用地,10000,875,持分移轉,04880001
RPTOMLKLNHHGFAO68CB,金雅段,30.87,非都市：鄉村區 ; 非都市編定：乙種建築用地,100000,1317,持分移轉,00620000
RPSNMLNLNHHGFAO78CB,南湖段,63.60,非都市：山坡地保育區 ; 非都市編定：丙種建築用地,10000,869,持分移轉,04880001
RPPNMLMLNHHGFAO38CB,北門段,3.65,都市：商,100000,1809,持分移轉,17660000
RPPNMLMLNHHGFAO38CB,北門段,3.89,都市：商,100000,1809,持分移轉,17670000
RPPNMLMLNHHGFAO38CB,北門段,4.09,都市：商,100000,1809,持分移轉,17680000
RPRNMLNLNHHGFAO68CB,南湖段,64.04,非都市：山坡地保育區 ; 非都市編定：丙種建築用地,10000,875,持分移轉,04880001
RPTNMLNLNHHGFAO88CB,南湖段,55.48,非都市：山坡地保育區 ; 非都市編定：丙種建築用地,10000,758,持分移轉,04880001
RPUNMLNLNHHGFAO98CB,南湖段,55.48,非都市：山坡地保育區 ; 非都市編定：丙種建築用地,10000,758,持分移轉,04880001
RPVNMLNLNHHGFAO09CB,南湖段,55.48,非都市：山坡地保育區 ; 非都市編定：丙種建築用地,10000,758,持分移轉,04880001
RPOOMLNLNHHGFAO48CB,南湖段,64.19,非都市：山坡地保育區 ; 非都市編定：丙種建築用地,10000,877,持分移轉,04880001
RPXNMLNLNHHGFAO66CB,南湖段,64.19,非都市：山坡地保育區 ; 非都市編定：丙種建築用地,10000,877,持分移轉,04880001
RPWNMLNLNHHGFAO56CB,南湖段,53.21,非都市：山坡地保育區 ; 非都市編定：丙種建築用地,10000,727,持分移轉,04880001
RPPNMLKMNHHGFAO28CB,力行段,40.52,非都市：山坡地保育區 ; 非都市編定：丁種建築用地,100000,1341,持分移轉,01150000
RPPNMLKMNHHGFAO28CB,力行段,27.96,非都市：山坡地保育區 ; 非都市編定：丁種建築用地,10000,112,持分移轉,01150050
RPPOMLNLNHHGFAO58CB,南湖段,64.19,非都市：山坡地保育區 ; 非都市編定：丙種建築用地,10000,877,持分移轉,04880001
RPPNMLQJOHHGFAO68CB,北門段,3.65,都市：商,100000,1809,持分移轉,17660000
RPPNMLQJOHHGFAO68CB,北門段,3.89,都市：商,100000,1809,持分移轉,17670000
RPPNMLQJOHHGFAO68CB,北門段,4.09,都市：商,100000,1809,持分移轉,17680000
RPRNMLRJOHHGFAO98CB,康樂段,50.01,都市：住,1,1,全筆移轉,01690006
RPRNMLRJOHHGFAO98CB,康樂段,19.29,都市：住,20880,1929,持分移轉,01690000
RPRNMLRJOHHGFAO98CB,康樂段,1.77,都市：住,1847,177,持分移轉,01690001
