﻿鄉鎮市區,交易標的,土地位置建物門牌,土地面積平方公尺,都市土地使用分區,非都市土地使用分區,非都市土地使用編定,租賃年月日,租賃筆棟數,租賃層次,總樓層數,建物型態,主要用途,主要建材,建築完成年月,建物總面積平方公尺,建物現況格局-房,建物現況格局-廳,建物現況格局-衛,建物現況格局-隔間,有無管理組織,有無附傢俱,總額元,單價元平方公尺,車位類別,車位面積平方公尺,車位總額元,備註,編號
The villages and towns urban district,transaction sign,land sector position building sector house number plate,land shifting total area square meter,the use zoning or compiles and checks,the non-metropolis land use district,non-metropolis land use,transaction year month and day,transaction pen number,shifting level,total floor number,building state,main use,main building materials,construction to complete the years,building shifting total area,Building present situation pattern - room,building present situation pattern - hall,building present situation pattern - health,building present situation pattern - compartmented,Whether there is manages the organization,Whether there is attaches the furniture,total price NTD,the unit price (NTD / square meter),the berth category,berth shifting total area square meter,the berth total price NTD,the note,serial number
斗南鎮,房地(土地+建物),雲林縣斗南鎮中興路３５號５樓之１,32.54,住,,,1110129,土地3建物1車位0,五層,5,華廈(10層含以下有電梯),住家用,鋼筋混凝土造,1040728,109.74000000000001,3,2,1,有,有,有,12000,109,,0.0,0,,RPSNMLLKKHHGFBP48CC
斗南鎮,房地(土地+建物),雲林縣斗南鎮南昌里民權路２０號,109.0,商,,,1110207,土地1建物1車位0,一層,4,店面(店鋪),住商用,鋼筋混凝土造,0820930,55.36,0,1,1,有,無,有,19000,343,,0.0,0,,RPTNMLLKKHHGFBP58CC
虎尾鎮,房地(土地+建物),雲林縣虎尾鎮林森路一段４１６巷３４號１樓,79.61,商,,,1110215,土地1建物1車位0,一層,7,華廈(10層含以下有電梯),商業用,鋼筋混凝土造,0780610,218.7,0,0,0,無,無,無,30000,137,,0.0,0,,RPUNMLPKKHHGFDP66CC
虎尾鎮,房地(土地+建物),雲林縣虎尾鎮清雲路６１號,58.0,,鄉村區,乙種建築用地,1110110,土地2建物1車位0,見其他登記事項,3,農舍,住商用,加強磚造,0691104,176.9,3,2,3,有,無,有,11000,,,0.0,0,,RPTNMLSKKHHGFDP96DC
斗六市,房地(土地+建物)+車位,雲林縣斗六市龍潭南路２８-３號,27.18,,鄉村區,乙種建築用地,1110219,土地1建物1車位1,全,4,透天厝,住家用,鋼筋混凝土造,0930611,14.83,1,0,1,有,無,有,6800,459,一樓平面,0.0,0,,RPUNMLTKKHHGFAP86DC
斗六市,房地(土地+建物),雲林縣斗六市嘉東南路５０巷７８號,88.0,,特定農業區,甲種建築用地,1110212,土地1建物0車位0,全,3,透天厝,住家用,鋼筋混凝土造,0951201,16.51,1,0,1,有,無,有,3500,212,,0.0,0,,RPPNMLMLKHHGFAP28CC
斗六市,房地(土地+建物),雲林縣斗六市文昌路３８２巷３８號,86.0,,鄉村區,乙種建築用地,1110216,土地1建物1車位0,全,4,透天厝,住家用,鋼筋混凝土造,0821122,187.91,3,2,3,有,無,有,15000,80,,0.0,0,,RPRNMLMLKHHGFAP48CC
斗南鎮,房地(土地+建物),雲林縣斗南鎮民生路６０號６樓之１,12.81,商,,,1110213,土地1建物1車位0,六層,9,華廈(10層含以下有電梯),住家用,鋼筋混凝土造,0830122,106.11,3,1,2,有,有,有,9000,85,,0.0,0,,RPTNMLNJLHHGFBP78CC
斗六市,房地(土地+建物),雲林縣斗六市西平路７７號七樓之５,14.55,住,,,1110302,土地1建物1車位0,七層,13,住宅大樓(11層含以上有電梯),住家用,鋼筋混凝土造,0860321,109.55000000000001,3,1,2,有,有,有,13000,119,,0.0,0,1.電視櫃1件2.沙發1組3.茶几1件4.餐桌1組5.燈飾5件6.冰箱一臺7.洗衣機1臺8.床組頭2件9.衣櫃2組10.書桌2組11.冷氣3臺12.排油煙機1件13.流理臺1件14.瓦斯爐1臺15.熱水器1臺16.天然瓦斯17.窗簾5組,RPROMLOJLHHGFAP78DC
斗六市,房地(土地+建物),雲林縣斗六市嘉東南路５０巷７８號,88.0,,特定農業區,甲種建築用地,1110219,土地1建物0車位0,全,3,透天厝,住家用,鋼筋混凝土造,0951201,18.92,1,0,1,有,無,有,3900,206,,0.0,0,,RPWNMLOJLHHGFAP09CC
斗六市,房地(土地+建物),雲林縣斗六市文昌路３８２巷３８號,86.0,,鄉村區,乙種建築用地,1110216,土地1建物1車位0,全,4,透天厝,住家用,鋼筋混凝土造,0821122,187.91,3,2,3,有,無,有,15000,80,,0.0,0,,RPQNMLRJLHHGFAP78CC
斗南鎮,建物,雲林縣斗南鎮長安路一段１４４號,0.0,商,,,1110225,土地0建物1車位0,全,4,透天厝,住商用,鋼筋混凝土造,0820729,196.15,4,3,4,有,無,有,15000,76,,0.0,0,,RPRNMLRJLHHGFBP98CC
斗六市,建物,雲林縣斗六市永昌西街２號七樓,0.0,商,,,1110225,土地0建物1車位0,七層,11,住宅大樓(11層含以上有電梯),住家用,鋼筋混凝土造,0831220,119.84,3,2,2,有,有,有,12000,100,,0.0,0,,RPWNMLSJLHHGFAP86CC
斗六市,房地(土地+建物),雲林縣斗六市文化路１１６號,685.0,商,,,1110211,土地9建物3車位0,全,2,透天厝,住家用,加強磚造,0560930,273.88,0,0,2,有,無,無,91000,332,,0.0,0,,RPPNMLKKLHHGFAP18DC
斗南鎮,房地(土地+建物),雲林縣斗南鎮雲農路５號,330.57,工,,,1110217,土地1建物1車位0,一層,1,倉庫,工業用,見其他登記事項,0850103,330.57,0,0,0,無,無,無,15000,,,0.0,0,,RPTNMLLKLHHGFBP68CC
斗六市,房地(土地+建物),雲林縣斗六市明德里萬年路１２３巷２１號,186.19,,鄉村區,乙種建築用地,1110314,土地1建物1車位0,全,2,透天厝,住家用,加強磚造,0691201,117.96,4,3,3,有,無,無,15000,127,,0.0,0,租金:第1年每月租金15000元整。第2年每月租金16000元整。,RPPNMLPKLHHGFAP58CC
斗六市,土地,北環段321-1地號,824.85,住,,,1110310,土地2建物0車位0,,,其他,,,,0.0,0,0,0,有,無,無,45000,55,,0.0,0,,RPRNMLLLLHHGFAP48CC
斗六市,土地,海豐崙段朱丹灣小段279地號,914.88,住,,,1110317,土地2建物0車位0,,,其他,,,,0.0,0,0,0,有,無,無,80000,87,,0.0,0,,RPSNMLLLLHHGFAP58CC
斗六市,房地(土地+建物),雲林縣斗六市明德北路二段３８９號,74.8,住,,,1110321,土地1建物1車位0,見其他登記事項,5,店面(店鋪),住商用,鋼筋混凝土造,0850827,224.15,5,3,4,有,無,有,25000,112,,0.0,0,,RPOOMLMLLHHGFAP38CC
斗六市,房地(土地+建物),雲林縣斗六市一流街２之１號,83.0,住,,,1110310,土地1建物1車位0,全,4,透天厝,住家用,鋼筋混凝土造,1060728,95.59,2,2,3,有,無,有,19000,199,,0.0,0,,RPSOMLNLLHHGFAP88CC
斗六市,房地(土地+建物),雲林縣斗六市一流街２之１號,83.0,住,,,1110310,土地1建物1車位0,全,4,透天厝,住家用,鋼筋混凝土造,1060728,74.51,2,0,2,有,無,有,7000,94,,0.0,0,,RPTOMLNLLHHGFAP98CC
斗六市,建物,雲林縣斗六市公正街３９號六樓之１８,3.45,商,,,1110322,土地0建物1車位0,六層,10,華廈(10層含以下有電梯),住家用,鋼筋混凝土造,0871030,38.37,1,1,1,有,有,有,6500,169,,0.0,0,,RPUNMLPLLHHGFAP56CC
斗六市,建物,雲林縣斗六市公正街１７３號７樓之２,7.33,商,,,1110328,土地0建物1車位0,七層,9,華廈(10層含以下有電梯),住家用,鋼筋混凝土造,0830701,62.38,1,1,1,有,有,有,5500,88,,0.0,0,,RPTNMLTLLHHGFAP86CC
斗六市,房地(土地+建物),雲林縣斗六市洛陽路１６號,89.8,住,,,1110321,土地1建物1車位0,全,4,透天厝,住家用,鋼筋混凝土造,1060607,197.06,5,2,5,有,無,有,28000,142,,0.0,0,,RPWNMLTLLHHGFAP17CC
斗六市,房地(土地+建物),雲林縣斗六市西平路６００巷８號,84.71,,鄉村區,乙種建築用地,1110318,土地1建物1車位0,全,2,透天厝,住家用,加強磚造,0690920,122.86,3,2,2,有,無,有,10000,81,,0.0,0,,RPXNMLTLLHHGFAP27CC
斗六市,土地,黃厝段43地號,3440.0,,特定農業區,丁種建築用地,1110323,土地2建物0車位0,,,其他,,,,0.0,0,0,0,有,無,無,150000,44,,0.0,0,斗六市黃厝段43地號及45地號，地上有未保存登記的廠房，門牌：斗六市成功路636號,RPQOMLTLLHHGFAP66CC
斗六市,房地(土地+建物),雲林縣斗六市育樂街４２號,65.0,住,,,1110319,土地1建物1車位0,全,2,透天厝,住家用,加強磚造,0690101,56.71,4,2,1,有,無,有,13500,238,,0.0,0,,RPQNMLKMLHHGFAP38CC
斗六市,建物,雲林縣斗六市公正街１７３號７樓之２,7.33,住,,,1110328,土地0建物1車位0,七層,9,華廈(10層含以下有電梯),住家用,鋼筋混凝土造,0830701,62.38,1,1,1,有,有,有,5500,88,,0.0,0,,RPWNMLKMLHHGFAP98CC
斗六市,房地(土地+建物),雲林縣斗六市嘉東南路５０巷８６號,127.0,,特定農業區,甲種建築用地,1110406,土地1建物0車位0,全,3,透天厝,住家用,鋼筋混凝土造,0951110,14.33,1,0,1,有,無,有,3500,244,,0.0,0,,RPQNMLSKMHHGFAP09CC
斗六市,房地(土地+建物),雲林縣斗六市嘉東南路５０巷７８號,88.0,,特定農業區,甲種建築用地,1110411,土地1建物0車位0,全,3,透天厝,住家用,鋼筋混凝土造,0951201,15.27,1,0,1,有,無,有,3500,229,,0.0,0,,RPRNMLSKMHHGFAP56CC
斗六市,房地(土地+建物),雲林縣斗六市龍潭路３之１２巷３８號三樓之２８,8.21,,一般農業區,甲種建築用地,1110413,土地1建物0車位0,三層,5,套房(1房1廳1衛),住家用,鋼筋混凝土造,0930326,19.32,1,0,1,有,有,有,4000,207,,0.0,0,,RPSNMLSKMHHGFAP66CC
斗六市,房地(土地+建物),雲林縣斗六市育英北街１０８號１樓,261.0,住,,,1110325,土地3建物1車位0,一層,4,店面(店鋪),住宅、停車空間,鋼筋混凝土造,0940712,154.29,0,0,0,無,無,無,38500,250,,0.0,0,,RPSPMLTKMHHGFAP96CC
斗六市,房地(土地+建物),雲林縣斗六市成功路２７９巷８６號,89.0,住,,,1110413,土地1建物1車位0,全,3,透天厝,住家用,鋼筋混凝土造,0930215,152.22,4,2,3,有,無,無,11000,72,,0.0,0,,RPQNMLKLMHHGFAP38CC
斗六市,房地(土地+建物),雲林縣斗六市民生南路２７０號,75.97,住,,,1110403,土地1建物1車位0,二層,2,店面(店鋪),店舖、住宅、樓梯間,鋼筋混凝土造,1040115,96.57,1,1,2,有,無,無,38000,393,,0.0,0,,RPUNMLTLMHHGFAP27EC
斗六市,房地(土地+建物),雲林縣斗六市民生南路２７０號,75.97,住,,,1110403,土地1建物1車位0,見其他登記事項,2,店面(店鋪),店舖、住宅、樓梯間,鋼筋混凝土造,1040115,96.57,1,1,2,有,無,無,38000,393,,0.0,0,,RPVNMLNJNHHGFAP66EC
