﻿編號,土地位置,土地移轉面積(平方公尺),使用分區或編定,權利人持分分母,權利人持分分子,移轉情形,地號
The serial number, land position,land shifting area square meter,the use zoning or compiles and checks,,,,land parcel
RPPNMLLLKHHGFBQ28CB,鎮安段,43.48,都市：住,100000,5691,持分移轉,12840006
RPQNMLOLKHHGFDQ88CB,太頂珠段,24.61,都市：住,100000,150,持分移轉,00700000
RPRNMLKLKHHGFCQ48CB,東湖段,79.90,非都市：鄉村區 ; 非都市編定：乙種建築用地,1,1,全筆移轉,14150020
RPRNMLKLKHHGFCQ48CB,東湖段,.39,非都市：鄉村區 ; 非都市編定：乙種建築用地,31,1,持分移轉,14150003
RPRNMLKLKHHGFCQ48CB,東湖段,.48,非都市：鄉村區 ; 非都市編定：乙種建築用地,31,1,持分移轉,14150017
RPRNMLKLKHHGFCQ48CB,東湖段,16.43,非都市：鄉村區 ; 非都市編定：乙種建築用地,31,1,持分移轉,14150018
RPRNMLKLKHHGFCQ48CB,東湖段,.28,非都市：鄉村區 ; 非都市編定：乙種建築用地,31,1,持分移轉,14150034
RPRNMLKLKHHGFCQ48CB,東湖段,.32,非都市：鄉村區 ; 非都市編定：乙種建築用地,31,1,持分移轉,14150036
RPPNMLOLKHHGFBQ68DB,牛埔段,94.34,都市：住,1,1,全筆移轉,08590005
RPPNMLOLKHHGFBQ68DB,牛埔段,57.00,都市：住,5,1,持分移轉,08590004
RPTOMLLJLHHGFDQ88CB,太頂珠段,30.52,都市：住,100000,186,持分移轉,00700000
RPPNMLLJLHHGFDQ38CB,水西段,22.05,都市：住,10000,286,持分移轉,11630000
RPPNMLLJLHHGFDQ38CB,水西段,7.87,都市：住,10000,286,持分移轉,11630043
RPPNMLLJLHHGFDQ38CB,水西段,5.55,都市：住,10000,286,持分移轉,11630041
RPPNMLLJLHHGFDQ38CB,水西段,.67,都市：住,10000,286,持分移轉,11610016
RPSNMLKLKHHGFCQ58CB,東湖段,97.23,非都市：鄉村區 ; 非都市編定：乙種建築用地,1,1,全筆移轉,14150032
RPSNMLKLKHHGFCQ58CB,東湖段,.39,非都市：鄉村區 ; 非都市編定：乙種建築用地,31,1,持分移轉,14150003
RPSNMLKLKHHGFCQ58CB,東湖段,.48,非都市：鄉村區 ; 非都市編定：乙種建築用地,31,1,持分移轉,14150017
RPSNMLKLKHHGFCQ58CB,東湖段,16.43,非都市：鄉村區 ; 非都市編定：乙種建築用地,31,1,持分移轉,14150018
RPSNMLKLKHHGFCQ58CB,東湖段,.28,非都市：鄉村區 ; 非都市編定：乙種建築用地,31,1,持分移轉,14150034
RPSNMLKLKHHGFCQ58CB,東湖段,.32,非都市：鄉村區 ; 非都市編定：乙種建築用地,31,1,持分移轉,14150036
RPUNMLOLKHHGFDQ66CB,太頂珠段,17.72,都市：住,100000,108,持分移轉,00700000
RPVOMLLJLHHGFDQ09CB,太頂珠段,17.72,都市：住,100000,108,持分移轉,00700000
RPUOMLLJLHHGFDQ98CB,太頂珠段,30.52,都市：住,100000,186,持分移轉,00700000
RPWOMLLJLHHGFDQ56CB,太頂珠段,22.97,都市：住,100000,140,持分移轉,00700000
RPPNMLMJLHHGFDQ48CB,龍潭段,29.21,都市：住,10000,246,持分移轉,14430000
RPQNMLNJLHHGFCQ58CB,大工一段,118.94,非都市：工業區 ; 非都市編定：丁種建築用地,1,1,全筆移轉,01780067
RPQNMLNJLHHGFCQ58CB,大工一段,12.80,非都市：工業區 ; 非都市編定：丁種建築用地,45,1,持分移轉,01780052
RPQNMLNJLHHGFCQ58CB,大工一段,24.75,非都市：工業區 ; 非都市編定：丁種建築用地,16,1,持分移轉,01780075
RPPNMLMJLHHGFCQ38CB,崙子頂段,83.01,非都市：鄉村區 ; 非都市編定：乙種建築用地,1,1,全筆移轉,02580059
RPPNMLMJLHHGFCQ38CB,崙子頂段,20.59,非都市：鄉村區 ; 非都市編定：乙種建築用地,64,1,持分移轉,02580014
RPQNMLNJLHHGFBQ48CB,鎮安段,32.34,都市：住,100000,4233,持分移轉,12840006
RPPNMLNJLHHGFCQ48CB,大工一段,118.94,非都市：工業區 ; 非都市編定：丁種建築用地,1,1,全筆移轉,01780068
RPPNMLNJLHHGFCQ48CB,大工一段,12.80,非都市：工業區 ; 非都市編定：丁種建築用地,45,1,持分移轉,01780052
RPPNMLNJLHHGFCQ48CB,大工一段,25.11,非都市：工業區 ; 非都市編定：丁種建築用地,14,1,持分移轉,01780076
RPPNMLNJLHHGFBQ38CB,鎮安段,36.18,都市：住,100000,4735,持分移轉,12840006
RPSNMLNJLHHGFBQ68CB,內厝段,103.61,都市：住,1,1,全筆移轉,10230018
RPSNMLNJLHHGFBQ68CB,內厝段,32.38,都市：住,4,1,持分移轉,10230020
RPRNMLNJLHHGFBQ58CB,內厝段,107.35,都市：住,1,1,全筆移轉,10230002
RPPNMLOJLHHGFDQ68CB,粗溪段粗溪小段,101.00,都市：住,1,1,全筆移轉,02570003
RPRNMLPJLHHGFCQ88CB,中工段,11.05,非都市：工業區 ; 非都市編定：丁種建築用地,1000000,30356,持分移轉,00790006
RPRNMLPJLHHGFCQ88CB,中工段,11.05,非都市：工業區 ; 非都市編定：丁種建築用地,1000000,30356,持分移轉,00800010
RPRNMLPJLHHGFCQ88CB,中工段,3.01,非都市：工業區 ; 非都市編定：丁種建築用地,1000000,30356,持分移轉,00800009
RPQNMLPJLHHGFCQ78CB,中工段,11.41,非都市：工業區 ; 非都市編定：丁種建築用地,1000000,31341,持分移轉,00790006
RPQNMLPJLHHGFCQ78CB,中工段,11.41,非都市：工業區 ; 非都市編定：丁種建築用地,1000000,31341,持分移轉,00800010
RPQNMLPJLHHGFCQ78CB,中工段,3.10,非都市：工業區 ; 非都市編定：丁種建築用地,1000000,31341,持分移轉,00800009
RPQNMLQJLHHGFCQ88CB,大工一段,118.94,非都市：工業區 ; 非都市編定：丁種建築用地,1,1,全筆移轉,01780069
RPQNMLQJLHHGFCQ88CB,大工一段,12.80,非都市：工業區 ; 非都市編定：丁種建築用地,45,1,持分移轉,01780052
RPQNMLQJLHHGFCQ88CB,大工一段,25.11,非都市：工業區 ; 非都市編定：丁種建築用地,14,1,持分移轉,01780076
RPQNMLQJLHHGFBQ88DB,大鄉段,26.25,非都市：特定農業區 ; 非都市編定：甲種建築用地,70701,2625,持分移轉,07470000
RPPNMLQJLHHGFBQ78DB,大鄉段,31.49,非都市：特定農業區 ; 非都市編定：甲種建築用地,70701,3149,持分移轉,07470000
RPUNMLQJLHHGFBQ66DB,大鄉段,27.20,非都市：特定農業區 ; 非都市編定：甲種建築用地,70701,2720,持分移轉,07470000
RPRNMLQJLHHGFBQ98DB,大鄉段,31.48,非都市：特定農業區 ; 非都市編定：甲種建築用地,70701,3148,持分移轉,07470000
RPSNMLQJLHHGFBQ09DB,大鄉段,27.20,非都市：特定農業區 ; 非都市編定：甲種建築用地,70701,2720,持分移轉,07470000
RPTNMLQJLHHGFBQ56DB,大鄉段,27.20,非都市：特定農業區 ; 非都市編定：甲種建築用地,70701,2720,持分移轉,07470000
RPPNMLRJLHHGFDQ09DB,粗溪新段,163.80,非都市：特定專用區 ; 非都市編定：甲種建築用地,1,1,全筆移轉,10830025
RPRNMLRJLHHGFDQ66DB,粗溪新段,265.91,非都市：特定專用區 ; 非都市編定：甲種建築用地,1,1,全筆移轉,10830027
RPQNMLRJLHHGFDQ56DB,粗溪新段,205.77,非都市：特定專用區 ; 非都市編定：甲種建築用地,1,1,全筆移轉,10830023
RPPNMLRJLHHGFCQ88CB,三間厝段,30.86,非都市：鄉村區 ; 非都市編定：乙種建築用地,1000000,38431,持分移轉,03540000
RPPNMLRJLHHGFCQ88CB,三間厝段,2.96,非都市：鄉村區 ; 非都市編定：乙種建築用地,1000000,38431,持分移轉,03550000
RPSNMLRJLHHGFDQ76DB,東新段,90.00,都市：住,1,1,全筆移轉,01700016
RPSNMLRJLHHGFDQ76DB,東新段,19.75,都市：住,19,1,持分移轉,01700022
RPTNMLRJLHHGFDQ86DB,東新段,121.90,都市：住,1,1,全筆移轉,01700002
RPPNMLTJLHHGFDQ56CB,太頂珠段,24.61,都市：住,100000,150,持分移轉,00700000
RPPNMLTJLHHGFCQ56DB,甘蔗崙段甘蔗崙小段,101.00,都市：住,1,1,全筆移轉,01380036
RPPNMLTJLHHGFCQ56DB,甘蔗崙段甘蔗崙小段,23.00,都市：住,357,23,持分移轉,01380027
RPQNMLTJLHHGFDQ66CB,太頂珠段,17.72,都市：住,100000,108,持分移轉,00700000
RPRNMLTJLHHGFDQ76CB,太頂珠段,17.72,都市：住,100000,108,持分移轉,00700000
RPSNMLTJLHHGFDQ86CB,太頂珠段,17.72,都市：住,100000,108,持分移轉,00700000
RPUNMLTJLHHGFDQ07CB,太頂珠段,17.72,都市：住,100000,108,持分移轉,00700000
RPTNMLTJLHHGFDQ96CB,太頂珠段,24.61,都市：住,100000,150,持分移轉,00700000
RPVNMLTJLHHGFDQ17CB,太頂珠段,17.72,都市：住,100000,108,持分移轉,00700000
RPWNMLTJLHHGFDQ27CB,太頂珠段,30.52,都市：住,100000,186,持分移轉,00700000
RPXNMLTJLHHGFDQ37CB,太頂珠段,17.72,都市：住,100000,108,持分移轉,00700000
RPROMLTJLHHGFDQ86CB,太頂珠段,17.72,都市：住,100000,108,持分移轉,00700000
RPPOMLTJLHHGFDQ66CB,太頂珠段,22.97,都市：住,100000,140,持分移轉,00700000
RPOOMLTJLHHGFDQ56CB,太頂珠段,26.74,都市：住,100000,163,持分移轉,00700000
RPSOMLTJLHHGFDQ96CB,太頂珠段,26.74,都市：住,100000,163,持分移轉,00700000
RPQOMLTJLHHGFDQ76CB,太頂珠段,29.70,都市：住,100000,181,持分移轉,00700000
RPTOMLTJLHHGFDQ07CB,太頂珠段,30.52,都市：住,100000,186,持分移轉,00700000
RPUOMLTJLHHGFDQ17CB,太頂珠段,30.52,都市：住,100000,186,持分移轉,00700000
RPPNMLKKLHHGFBQ28DB,牛埔段,142.02,都市：住,1,1,全筆移轉,08590007
RPPNMLKKLHHGFBQ28DB,牛埔段,57.00,都市：住,5,1,持分移轉,08590004
RPPNMLQKLHHGFEQ56DB,梅南段,143.00,都市：住,1,1,全筆移轉,10310018
RPPNMLQKLHHGFEQ56DB,梅南段,32.00,都市：住,23,2,持分移轉,10310008
RPPNMLQKLHHGFEQ56DB,梅南段,1.60,都市：住,10,1,持分移轉,10310038
RPPNMLPKLHHGFDQ88CB,龍潭段,29.21,都市：住,10000,246,持分移轉,14430000
RPQNMLPKLHHGFDQ98CB,龍潭段,27.55,都市：住,10000,232,持分移轉,14430000
RPRNMLQKLHHGFCQ09CB,大工一段,118.94,非都市：工業區 ; 非都市編定：丁種建築用地,1,1,全筆移轉,01780070
RPRNMLQKLHHGFCQ09CB,大工一段,12.80,非都市：工業區 ; 非都市編定：丁種建築用地,45,1,持分移轉,01780052
RPRNMLQKLHHGFCQ09CB,大工一段,25.11,非都市：工業區 ; 非都市編定：丁種建築用地,14,1,持分移轉,01780076
RPQNMLQKLHHGFCQ98CB,大工一段,118.94,非都市：工業區 ; 非都市編定：丁種建築用地,1,1,全筆移轉,01780072
RPQNMLQKLHHGFCQ98CB,大工一段,12.80,非都市：工業區 ; 非都市編定：丁種建築用地,45,1,持分移轉,01780052
RPQNMLQKLHHGFCQ98CB,大工一段,25.11,非都市：工業區 ; 非都市編定：丁種建築用地,14,1,持分移轉,01780076
RPPNMLKKLHHGFBQ18CB,大葛段,76.39,非都市：鄉村區 ; 非都市編定：乙種建築用地,1,1,全筆移轉,09140010
RPPNMLKKLHHGFBQ18CB,大葛段,26.35,非都市：鄉村區 ; 非都市編定：乙種建築用地,1000,87,持分移轉,09140001
RPPNMLQKLHHGFCQ88CB,大工一段,116.39,非都市：工業區 ; 非都市編定：丁種建築用地,1,1,全筆移轉,01780073
RPPNMLQKLHHGFCQ88CB,大工一段,12.80,非都市：工業區 ; 非都市編定：丁種建築用地,45,1,持分移轉,01780052
RPPNMLQKLHHGFCQ88CB,大工一段,25.11,非都市：工業區 ; 非都市編定：丁種建築用地,14,1,持分移轉,01780076
RPPNMLRKLHHGFBQ98DB,德安段,130.00,都市：住,1,1,全筆移轉,00700016
RPPNMLRKLHHGFDQ09CB,龍潭段,29.21,都市：住,10000,246,持分移轉,14430000
RPQNMLRKLHHGFDQ56CB,太頂珠段,24.61,都市：住,100000,150,持分移轉,00700000
RPRNMLRKLHHGFDQ66CB,太頂珠段,22.97,都市：住,100000,140,持分移轉,00700000
RPSNMLRKLHHGFDQ76CB,太頂珠段,17.72,都市：住,100000,108,持分移轉,00700000
RPVNMLRKLHHGFDQ07CB,太頂珠段,22.97,都市：住,100000,140,持分移轉,00700000
RPTNMLRKLHHGFDQ86CB,太頂珠段,17.72,都市：住,100000,108,持分移轉,00700000
RPOOMLRKLHHGFDQ09CB,太頂珠段,26.74,都市：住,100000,163,持分移轉,00700000
RPUNMLRKLHHGFDQ96CB,太頂珠段,30.52,都市：住,100000,186,持分移轉,00700000
RPWNMLRKLHHGFDQ17CB,太頂珠段,24.61,都市：住,100000,150,持分移轉,00700000
RPPOMLRKLHHGFDQ56CB,太頂珠段,17.72,都市：住,100000,108,持分移轉,00700000
RPXNMLRKLHHGFDQ27CB,太頂珠段,24.61,都市：住,100000,150,持分移轉,00700000
RPROMLRKLHHGFDQ76CB,太頂珠段,17.72,都市：住,100000,108,持分移轉,00700000
RPSOMLRKLHHGFDQ86CB,太頂珠段,17.72,都市：住,100000,108,持分移轉,00700000
RPQOMLRKLHHGFDQ66CB,太頂珠段,17.72,都市：住,100000,108,持分移轉,00700000
RPTOMLRKLHHGFDQ96CB,太頂珠段,26.74,都市：住,100000,163,持分移轉,00700000
RPUOMLRKLHHGFDQ07CB,太頂珠段,24.61,都市：住,100000,150,持分移轉,00700000
RPWOMLRKLHHGFDQ27CB,太頂珠段,17.72,都市：住,100000,108,持分移轉,00700000
RPXOMLRKLHHGFDQ37CB,太頂珠段,17.72,都市：住,100000,108,持分移轉,00700000
RPPPMLRKLHHGFDQ66CB,太頂珠段,17.72,都市：住,100000,108,持分移轉,00700000
RPVOMLRKLHHGFDQ17CB,太頂珠段,30.52,都市：住,100000,186,持分移轉,00700000
RPOPMLRKLHHGFDQ56CB,太頂珠段,24.61,都市：住,100000,150,持分移轉,00700000
RPQPMLRKLHHGFDQ76CB,太頂珠段,17.72,都市：住,100000,108,持分移轉,00700000
RPQNMLSKLHHGFCQ66DB,三角段,100.00,非都市：鄉村區 ; 非都市編定：乙種建築用地,1,1,全筆移轉,01420069
RPQNMLSKLHHGFCQ66DB,三角段,21.13,非都市：鄉村區 ; 非都市編定：乙種建築用地,32,1,持分移轉,01420071
RPRPMLRKLHHGFDQ86CB,太頂珠段,26.42,都市：住,100000,161,持分移轉,00700000
RPPNMLLLLHHGFCQ48CB,大工一段,118.94,非都市：工業區 ; 非都市編定：丁種建築用地,1,1,全筆移轉,01780065
RPPNMLLLLHHGFCQ48CB,大工一段,12.80,非都市：工業區 ; 非都市編定：丁種建築用地,45,1,持分移轉,01780052
RPPNMLLLLHHGFCQ48CB,大工一段,24.75,非都市：工業區 ; 非都市編定：丁種建築用地,16,1,持分移轉,01780075
RPQNMLNLLHHGFCQ78CB,中菁段,75.18,非都市：特定農業區 ; 非都市編定：甲種建築用地,1,1,全筆移轉,04220001
RPQNMLNLLHHGFCQ78CB,中菁段,15.85,非都市：特定農業區 ; 非都市編定：甲種建築用地,5,1,持分移轉,04220000
RPPNMLSKLHHGFCQ56DB,三角段,101.00,非都市：鄉村區 ; 非都市編定：乙種建築用地,1,1,全筆移轉,01420044
RPPNMLSKLHHGFCQ56DB,三角段,21.28,非都市：鄉村區 ; 非都市編定：乙種建築用地,32,1,持分移轉,01420034
RPPNMLMLLHHGFCQ68DB,平林段,96.00,都市：農,1,1,全筆移轉,08860050
RPPNMLMLLHHGFCQ68DB,平林段,4.29,都市：農,1,1,全筆移轉,08860082
RPPNMLMLLHHGFCQ68DB,平林段,.50,都市：農,1,1,全筆移轉,08890003
RPPNMLMLLHHGFCQ68DB,平林段,.42,都市：農,48,1,持分移轉,08850012
RPPNMLMLLHHGFCQ68DB,平林段,8.15,都市：農,48,1,持分移轉,08860059
RPRNMLSKLHHGFCQ76DB,三角段,128.00,非都市：鄉村區 ; 非都市編定：乙種建築用地,1,1,全筆移轉,01420039
RPRNMLSKLHHGFCQ76DB,三角段,21.28,非都市：鄉村區 ; 非都市編定：乙種建築用地,32,1,持分移轉,01420034
RPUNMLNLLHHGFCQ56CB,西安段,36.74,都市：住,121500,3674,持分移轉,02100001
RPUNMLNLLHHGFCQ56CB,西安段,1.10,都市：農,3650,110,持分移轉,02070001
RPPNMLNLLHHGFEQ88CB,南下坑段,25.76,都市：住,1000000,48214,持分移轉,06390000
RPPNMLNLLHHGFEQ88CB,南下坑段,.29,都市：住,1000000,48517,持分移轉,06390022
RPPNMLNLLHHGFEQ88CB,南下坑段,.07,都市：住,1000000,46917,持分移轉,06390034
RPPNMLNLLHHGFEQ88CB,南下坑段,.60,都市：住,1000000,48184,持分移轉,06390035
RPPNMLNLLHHGFEQ88CB,南下坑段,112.20,都市：住,1,1,全筆移轉,06390011
RPPNMLOLLHHGFCQ78CB,西安段,44.55,都市：住,121500,4455,持分移轉,02100001
RPPNMLOLLHHGFCQ78CB,西安段,1.34,都市：農,3650,134,持分移轉,02070001
RPQNMLOLLHHGFCQ88CB,西安段,27.13,都市：住,121500,2713,持分移轉,02100001
RPQNMLOLLHHGFCQ88CB,西安段,.81,都市：農,3650,81,持分移轉,02070001
RPRNMLOLLHHGFCQ98CB,西安段,45.48,都市：住,121500,4548,持分移轉,02100001
RPRNMLOLLHHGFCQ98CB,西安段,1.36,都市：農,3650,136,持分移轉,02070001
RPTNMLOLLHHGFCQ56CB,西安段,27.13,都市：住,121500,2713,持分移轉,02100001
RPTNMLOLLHHGFCQ56CB,西安段,.81,都市：農,3650,81,持分移轉,02070001
RPSNMLOLLHHGFCQ09CB,西安段,45.48,都市：住,121500,4548,持分移轉,02100001
RPSNMLOLLHHGFCQ09CB,西安段,1.36,都市：農,3650,136,持分移轉,02070001
RPVNMLOLLHHGFCQ76CB,西安段,27.13,都市：住,121500,2713,持分移轉,02100001
RPVNMLOLLHHGFCQ76CB,西安段,.81,都市：農,3650,81,持分移轉,02070001
RPWNMLOLLHHGFCQ86CB,西安段,45.48,都市：住,121500,4548,持分移轉,02100001
RPWNMLOLLHHGFCQ86CB,西安段,1.36,都市：農,3650,136,持分移轉,02070001
RPUNMLOLLHHGFCQ66CB,西安段,27.13,都市：住,121500,2713,持分移轉,02100001
RPUNMLOLLHHGFCQ66CB,西安段,.81,都市：農,3650,81,持分移轉,02070001
RPXNMLOLLHHGFCQ96CB,西安段,45.48,都市：住,121500,4548,持分移轉,02100001
RPXNMLOLLHHGFCQ96CB,西安段,1.36,都市：農,3650,136,持分移轉,02070001
RPOOMLOLLHHGFCQ78CB,西安段,45.48,都市：住,121500,4548,持分移轉,02100001
RPOOMLOLLHHGFCQ78CB,西安段,1.36,都市：農,3650,136,持分移轉,02070001
RPPOMLOLLHHGFCQ88CB,西安段,36.74,都市：住,121500,3674,持分移轉,02100001
RPPOMLOLLHHGFCQ88CB,西安段,1.10,都市：農,3650,110,持分移轉,02070001
RPQOMLOLLHHGFCQ98CB,西安段,44.55,都市：住,121500,4455,持分移轉,02100001
RPQOMLOLLHHGFCQ98CB,西安段,1.34,都市：農,3650,134,持分移轉,02070001
RPRNMLPLLHHGFDQ56CB,太頂珠段,24.61,都市：住,100000,150,持分移轉,00700000
RPROMLOLLHHGFCQ09CB,西安段,44.55,都市：住,121500,4455,持分移轉,02100001
RPROMLOLLHHGFCQ09CB,西安段,1.34,都市：農,3650,134,持分移轉,02070001
RPPNMLOLLHHGFDQ88CB,水西段,22.05,都市：住,10000,286,持分移轉,11630000
RPPNMLPLLHHGFDQ98CB,龍潭段,29.21,都市：住,10000,246,持分移轉,14430000
RPPNMLOLLHHGFDQ88CB,水西段,7.87,都市：住,10000,286,持分移轉,11630043
RPPNMLOLLHHGFDQ88CB,水西段,5.55,都市：住,10000,286,持分移轉,11630041
RPPNMLOLLHHGFDQ88CB,水西段,.67,都市：住,10000,286,持分移轉,11610016
RPQNMLPLLHHGFDQ09CB,太頂珠段,30.52,都市：住,100000,186,持分移轉,00700000
RPSOMLOLLHHGFCQ56CB,西安段,44.55,都市：住,121500,4455,持分移轉,02100001
RPSOMLOLLHHGFCQ56CB,西安段,1.34,都市：農,3650,134,持分移轉,02070001
RPQNMLOLLHHGFDQ98CB,水西段,23.90,都市：住,10000,310,持分移轉,11630000
RPQNMLOLLHHGFDQ98CB,水西段,8.53,都市：住,10000,310,持分移轉,11630043
RPQNMLOLLHHGFDQ98CB,水西段,6.01,都市：住,10000,310,持分移轉,11630041
RPQNMLOLLHHGFDQ98CB,水西段,.73,都市：住,10000,310,持分移轉,11610016
RPSNMLPLLHHGFDQ66CB,太頂珠段,17.72,都市：住,100000,108,持分移轉,00700000
RPTNMLPLLHHGFDQ76CB,太頂珠段,17.72,都市：住,100000,108,持分移轉,00700000
RPUNMLPLLHHGFDQ86CB,太頂珠段,24.61,都市：住,100000,150,持分移轉,00700000
RPRNMLPLLHHGFCQ09CB,西安段,42.40,都市：住,121500,4240,持分移轉,02100001
RPRNMLPLLHHGFCQ09CB,西安段,1.27,都市：農,3650,127,持分移轉,02070001
RPUNMLPLLHHGFCQ76CB,西安段,23.28,都市：住,121500,2328,持分移轉,02100001
RPPNMLPLLHHGFCQ88CB,西安段,42.40,都市：住,121500,4240,持分移轉,02100001
RPUNMLPLLHHGFCQ76CB,西安段,.70,都市：農,3650,70,持分移轉,02070001
RPPNMLPLLHHGFCQ88CB,西安段,1.27,都市：農,3650,127,持分移轉,02070001
RPTNMLPLLHHGFCQ66CB,西安段,23.28,都市：住,121500,2328,持分移轉,02100001
RPTNMLPLLHHGFCQ66CB,西安段,.70,都市：農,3650,70,持分移轉,02070001
RPWNMLPLLHHGFCQ96CB,西安段,36.74,都市：住,121500,3674,持分移轉,02100001
RPWNMLPLLHHGFCQ96CB,西安段,1.10,都市：農,3650,110,持分移轉,02070001
RPVNMLPLLHHGFCQ86CB,西安段,23.28,都市：住,121500,2328,持分移轉,02100001
RPVNMLPLLHHGFCQ86CB,西安段,.70,都市：農,3650,70,持分移轉,02070001
RPQNMLPLLHHGFCQ98CB,西安段,42.40,都市：住,121500,4240,持分移轉,02100001
RPQNMLPLLHHGFCQ98CB,西安段,1.27,都市：農,3650,127,持分移轉,02070001
RPSNMLPLLHHGFCQ56CB,西安段,23.28,都市：住,121500,2328,持分移轉,02100001
RPSNMLPLLHHGFCQ56CB,西安段,.70,都市：農,3650,70,持分移轉,02070001
RPXNMLPLLHHGFCQ07CB,西安段,27.13,都市：住,121500,2713,持分移轉,02100001
RPXNMLPLLHHGFCQ07CB,西安段,.81,都市：農,3650,81,持分移轉,02070001
RPOOMLPLLHHGFCQ88CB,西安段,27.13,都市：住,121500,2713,持分移轉,02100001
RPOOMLPLLHHGFCQ88CB,西安段,.81,都市：農,3650,81,持分移轉,02070001
RPPOMLPLLHHGFCQ98CB,西安段,45.48,都市：住,121500,4548,持分移轉,02100001
RPPOMLPLLHHGFCQ98CB,西安段,1.36,都市：農,3650,136,持分移轉,02070001
RPROMLPLLHHGFCQ56CB,西安段,44.55,都市：住,121500,4455,持分移轉,02100001
RPROMLPLLHHGFCQ56CB,西安段,1.34,都市：農,3650,134,持分移轉,02070001
RPQOMLPLLHHGFCQ09CB,西安段,44.55,都市：住,121500,4455,持分移轉,02100001
RPQOMLPLLHHGFCQ09CB,西安段,1.34,都市：農,3650,134,持分移轉,02070001
RPQNMLSLLHHGFDQ76CB,水南段,70.15,都市：商,1,1,全筆移轉,01140006
RPQNMLSLLHHGFDQ76CB,水南段,7.32,都市：商,14,1,持分移轉,01140000
RPQNMLSLLHHGFCQ66CB,中工段,14.74,非都市：工業區 ; 非都市編定：丁種建築用地,1000000,40498,持分移轉,00790006
RPQNMLSLLHHGFCQ66CB,中工段,14.74,非都市：工業區 ; 非都市編定：丁種建築用地,1000000,40498,持分移轉,00800010
RPQNMLSLLHHGFCQ66CB,中工段,4.01,非都市：工業區 ; 非都市編定：丁種建築用地,1000000,40498,持分移轉,00800009
RPPNMLSLLHHGFDQ66CB,水南段,68.75,都市：商,1,1,全筆移轉,01140007
RPPNMLSLLHHGFDQ66CB,水南段,7.32,都市：商,14,1,持分移轉,01140000
RPPNMLSLLHHGFCQ56CB,崙子頂段,84.01,非都市：鄉村區 ; 非都市編定：乙種建築用地,1,1,全筆移轉,02580058
RPPNMLSLLHHGFCQ56CB,崙子頂段,20.59,非都市：鄉村區 ; 非都市編定：乙種建築用地,64,1,持分移轉,02580014
RPPNMLKMLHHGFDQ58CB,龍潭段,83.06,都市：住,1,1,全筆移轉,03510012
RPPNMLKMLHHGFDQ58CB,龍潭段,29.98,都市：住,7,1,持分移轉,03510000
RPTNMLKMLHHGFDQ98CB,龍潭段,81.30,都市：住,1,1,全筆移轉,03510015
RPTNMLKMLHHGFDQ98CB,龍潭段,29.98,都市：住,7,1,持分移轉,03510000
RPQNMLKMLHHGFDQ68CB,龍潭段,29.21,都市：住,10000,246,持分移轉,14430000
RPSNMLKMLHHGFCQ78CB,雙援段,75.00,非都市：特定農業區 ; 非都市編定：甲種建築用地,1,1,全筆移轉,00900006
RPRNMLKMLHHGFDQ78CB,太頂珠段,26.74,都市：住,100000,163,持分移轉,00700000
RPPNMLLJMHHGFDQ48CB,太頂珠段,17.72,都市：住,100000,108,持分移轉,00700000
RPQNMLLJMHHGFDQ58CB,太頂珠段,32.32,都市：住,100000,197,持分移轉,00700000
RPSNMLKMLHHGFDQ88CB,龍潭段,79.77,都市：住,1,1,全筆移轉,03510011
RPSNMLKMLHHGFDQ88CB,龍潭段,29.98,都市：住,7,1,持分移轉,03510000
RPRNMLLJMHHGFDQ68CB,太頂珠段,24.45,都市：住,100000,149,持分移轉,00700000
RPSNMLLJMHHGFDQ78CB,太頂珠段,17.72,都市：住,100000,108,持分移轉,00700000
RPTOMLLMLHHGFDQ56CB,龍潭段,29.21,都市：住,10000,246,持分移轉,14430000
RPTNMLLJMHHGFDQ88CB,太頂珠段,18.54,都市：住,100000,113,持分移轉,00700000
RPUNMLLJMHHGFDQ98CB,太頂珠段,30.52,都市：住,100000,186,持分移轉,00700000
RPVNMLLJMHHGFDQ09CB,太頂珠段,32.32,都市：住,100000,197,持分移轉,00700000
RPXNMLLJMHHGFDQ66CB,太頂珠段,17.72,都市：住,100000,108,持分移轉,00700000
RPPNMLOJMHHGFBQ68DB,大鄉段,26.25,非都市：特定農業區 ; 非都市編定：甲種建築用地,70701,2625,持分移轉,07470000
RPWNMLLJMHHGFDQ56CB,太頂珠段,30.52,都市：住,100000,186,持分移轉,00700000
RPQNMLOJMHHGFBQ78DB,大鄉段,24.83,非都市：特定農業區 ; 非都市編定：甲種建築用地,70701,2483,持分移轉,07470000
RPPNMLPJMHHGFCQ78CB,大工一段,118.94,非都市：工業區 ; 非都市編定：丁種建築用地,1,1,全筆移轉,01780062
RPPNMLPJMHHGFCQ78CB,大工一段,12.80,非都市：工業區 ; 非都市編定：丁種建築用地,45,1,持分移轉,01780052
RPPNMLPJMHHGFCQ78CB,大工一段,24.75,非都市：工業區 ; 非都市編定：丁種建築用地,16,1,持分移轉,01780075
RPPOMLLJMHHGFDQ58CB,太頂珠段,24.45,都市：住,100000,149,持分移轉,00700000
RPOOMLLJMHHGFDQ48CB,太頂珠段,17.72,都市：住,100000,108,持分移轉,00700000
RPUNMLQJMHHGFDQ86CB,水南段,80.10,都市：商,1,1,全筆移轉,01140009
RPUNMLQJMHHGFDQ86CB,水南段,7.32,都市：商,14,1,持分移轉,01140000
RPQNMLPJMHHGFCQ88CB,大工一段,112.36,非都市：工業區 ; 非都市編定：丁種建築用地,1,1,全筆移轉,01780074
RPQNMLPJMHHGFCQ88CB,大工一段,12.80,非都市：工業區 ; 非都市編定：丁種建築用地,45,1,持分移轉,01780052
RPQNMLPJMHHGFCQ88CB,大工一段,25.11,非都市：工業區 ; 非都市編定：丁種建築用地,14,1,持分移轉,01780076
RPRNMLRJMHHGFDQ76DB,東新段,126.90,都市：住,1,1,全筆移轉,01700013
RPRNMLRJMHHGFDQ76DB,東新段,1.35,都市：住,1,1,全筆移轉,01700023
RPRNMLRJMHHGFDQ76DB,東新段,19.75,都市：住,19,1,持分移轉,01700022
RPPNMLRJMHHGFCQ98CB,豐收段,96.75,非都市：鄉村區 ; 非都市編定：乙種建築用地,1,1,全筆移轉,09930002
RPPNMLRJMHHGFCQ98CB,豐收段,4.62,非都市：鄉村區 ; 非都市編定：乙種建築用地,10000,584,持分移轉,09930000
RPPNMLRJMHHGFCQ98CB,豐收段,23.12,非都市：鄉村區 ; 非都市編定：乙種建築用地,10000,584,持分移轉,09930014
RPRNMLPJMHHGFCQ98CB,大工一段,116.32,非都市：工業區 ; 非都市編定：丁種建築用地,1,1,全筆移轉,01780061
RPRNMLPJMHHGFCQ98CB,大工一段,12.80,非都市：工業區 ; 非都市編定：丁種建築用地,45,1,持分移轉,01780052
RPRNMLPJMHHGFCQ98CB,大工一段,24.75,非都市：工業區 ; 非都市編定：丁種建築用地,16,1,持分移轉,01780075
RPRNMLRJMHHGFCQ56CB,豐收段,85.29,非都市：鄉村區 ; 非都市編定：乙種建築用地,1,1,全筆移轉,09930003
RPRNMLRJMHHGFCQ56CB,豐收段,4.62,非都市：鄉村區 ; 非都市編定：乙種建築用地,10000,584,持分移轉,09930000
RPRNMLRJMHHGFCQ56CB,豐收段,23.12,非都市：鄉村區 ; 非都市編定：乙種建築用地,10000,584,持分移轉,09930014
RPQNMLRJMHHGFCQ09CB,豐收段,130.96,非都市：鄉村區 ; 非都市編定：乙種建築用地,1,1,全筆移轉,09930039
RPTNMLRJMHHGFDQ96DB,東新段,95.17,都市：住,1,1,全筆移轉,01700014
RPTNMLRJMHHGFDQ96DB,東新段,19.75,都市：住,19,1,持分移轉,01700022
RPQNMLRJMHHGFDQ66DB,東新段,110.00,都市：住,1,1,全筆移轉,01700009
RPPNMLSJMHHGFCQ09CB,豐收段,91.41,非都市：鄉村區 ; 非都市編定：乙種建築用地,1,1,全筆移轉,09930043
RPQNMLSJMHHGFCQ56CB,豐收段,86.00,非都市：鄉村區 ; 非都市編定：乙種建築用地,1,1,全筆移轉,09930049
RPQNMLSJMHHGFCQ56CB,豐收段,4.62,非都市：鄉村區 ; 非都市編定：乙種建築用地,10000,584,持分移轉,09930000
RPQNMLSJMHHGFCQ56CB,豐收段,23.12,非都市：鄉村區 ; 非都市編定：乙種建築用地,10000,584,持分移轉,09930014
RPQNMLSJMHHGFDQ66CB,太頂珠段,17.72,都市：住,100000,108,持分移轉,00700000
RPRNMLSJMHHGFCQ66CB,豐收段,86.00,非都市：鄉村區 ; 非都市編定：乙種建築用地,1,1,全筆移轉,09930032
RPRNMLSJMHHGFCQ66CB,豐收段,4.62,非都市：鄉村區 ; 非都市編定：乙種建築用地,10000,584,持分移轉,09930000
RPRNMLSJMHHGFCQ66CB,豐收段,23.12,非都市：鄉村區 ; 非都市編定：乙種建築用地,10000,584,持分移轉,09930014
RPUNMLSJMHHGFDQ07CB,太頂珠段,17.72,都市：住,100000,108,持分移轉,00700000
RPTNMLSJMHHGFDQ96CB,太頂珠段,17.72,都市：住,100000,108,持分移轉,00700000
RPVNMLSJMHHGFDQ17CB,太頂珠段,30.52,都市：住,100000,186,持分移轉,00700000
RPSNMLSJMHHGFDQ86CB,太頂珠段,17.72,都市：住,100000,108,持分移轉,00700000
RPPNMLSJMHHGFDQ56CB,太頂珠段,24.61,都市：住,100000,150,持分移轉,00700000
RPRNMLSJMHHGFDQ76CB,太頂珠段,17.72,都市：住,100000,108,持分移轉,00700000
RPWNMLSJMHHGFDQ27CB,太頂珠段,30.52,都市：住,100000,186,持分移轉,00700000
RPXNMLSJMHHGFDQ37CB,太頂珠段,22.97,都市：住,100000,140,持分移轉,00700000
RPOOMLSJMHHGFDQ56CB,太頂珠段,24.61,都市：住,100000,150,持分移轉,00700000
RPROMLSJMHHGFDQ86CB,太頂珠段,24.61,都市：住,100000,150,持分移轉,00700000
RPTOMLSJMHHGFDQ07CB,太頂珠段,30.52,都市：住,100000,186,持分移轉,00700000
RPPOMLSJMHHGFDQ66CB,太頂珠段,24.45,都市：住,100000,149,持分移轉,00700000
RPSOMLSJMHHGFDQ96CB,太頂珠段,17.72,都市：住,100000,108,持分移轉,00700000
RPQOMLSJMHHGFDQ76CB,太頂珠段,24.61,都市：住,100000,150,持分移轉,00700000
RPUOMLSJMHHGFDQ17CB,太頂珠段,30.52,都市：住,100000,186,持分移轉,00700000
RPVOMLSJMHHGFDQ27CB,太頂珠段,17.72,都市：住,100000,108,持分移轉,00700000
RPXOMLSJMHHGFDQ47CB,太頂珠段,17.72,都市：住,100000,108,持分移轉,00700000
RPWOMLSJMHHGFDQ37CB,太頂珠段,30.52,都市：住,100000,186,持分移轉,00700000
RPOPMLSJMHHGFDQ66CB,太頂珠段,22.97,都市：住,100000,140,持分移轉,00700000
RPTPMLSJMHHGFDQ17CB,龍潭段,93.71,都市：住,1,1,全筆移轉,03510014
RPTPMLSJMHHGFDQ17CB,龍潭段,29.98,都市：住,7,1,持分移轉,03510000
RPPPMLSJMHHGFDQ76CB,太頂珠段,17.72,都市：住,100000,108,持分移轉,00700000
RPPNMLTJMHHGFDQ76DB,東新段,98.11,都市：住,1,1,全筆移轉,01700004
RPRPMLSJMHHGFDQ96CB,太頂珠段,17.72,都市：住,100000,108,持分移轉,00700000
RPPNMLLKMHHGFCQ48CB,大工一段,118.94,非都市：工業區 ; 非都市編定：丁種建築用地,1,1,全筆移轉,01780063
RPPNMLLKMHHGFCQ48CB,大工一段,12.80,非都市：工業區 ; 非都市編定：丁種建築用地,45,1,持分移轉,01780052
RPPNMLLKMHHGFCQ48CB,大工一段,24.75,非都市：工業區 ; 非都市編定：丁種建築用地,16,1,持分移轉,01780075
RPQPMLSJMHHGFDQ86CB,太頂珠段,17.72,都市：住,100000,108,持分移轉,00700000
RPRNMLLKMHHGFCQ68CB,中工段,14.95,非都市：工業區 ; 非都市編定：丁種建築用地,1000000,41077,持分移轉,00790006
RPRNMLLKMHHGFCQ68CB,中工段,14.95,非都市：工業區 ; 非都市編定：丁種建築用地,1000000,41077,持分移轉,00800010
RPRNMLLKMHHGFCQ68CB,中工段,4.07,非都市：工業區 ; 非都市編定：丁種建築用地,1000000,41078,持分移轉,00800009
RPPNMLLKMHHGFDQ58CB,太頂珠段,17.72,都市：住,100000,108,持分移轉,00700000
RPQNMLLKMHHGFCQ58CB,中工段,14.74,非都市：工業區 ; 非都市編定：丁種建築用地,1000000,40498,持分移轉,00790006
RPQNMLLKMHHGFCQ58CB,中工段,14.74,非都市：工業區 ; 非都市編定：丁種建築用地,1000000,40498,持分移轉,00800010
RPQNMLLKMHHGFCQ58CB,中工段,4.01,非都市：工業區 ; 非都市編定：丁種建築用地,1000000,40498,持分移轉,00800009
RPPNMLMKMHHGFBQ48CB,鎮安段,43.48,都市：住,100000,5691,持分移轉,12840006
RPPNMLMKMHHGFCQ58CB,三間厝段,37.68,非都市：鄉村區 ; 非都市編定：乙種建築用地,1000000,46930,持分移轉,03540000
RPPNMLMKMHHGFCQ58CB,三間厝段,3.61,非都市：鄉村區 ; 非都市編定：乙種建築用地,1000000,46930,持分移轉,03550000
RPQNMLPKMHHGFCQ09DB,平林段,92.00,都市：農,1,1,全筆移轉,08860053
RPQNMLPKMHHGFCQ09DB,平林段,75.00,都市：農,1,1,全筆移轉,08890015
RPQNMLPKMHHGFCQ09DB,平林段,.42,都市：農,48,1,持分移轉,08850012
RPQNMLPKMHHGFCQ09DB,平林段,8.15,都市：農,48,1,持分移轉,08860059
RPPNMLOKMHHGFDQ88CB,龍潭段,91.46,都市：住,1,1,全筆移轉,03510013
RPPNMLOKMHHGFDQ88CB,龍潭段,29.98,都市：住,7,1,持分移轉,03510000
RPPNMLOKMHHGFBQ68CB,內厝段,84.74,都市：住,1,1,全筆移轉,10230019
RPPNMLOKMHHGFBQ68CB,內厝段,32.38,都市：住,4,1,持分移轉,10230020
RPRNMLPKMHHGFCQ56DB,平林段,94.00,都市：農,1,1,全筆移轉,08860052
RPRNMLPKMHHGFCQ56DB,平林段,73.00,都市：農,1,1,全筆移轉,08890014
RPRNMLPKMHHGFCQ56DB,平林段,.42,都市：農,48,1,持分移轉,08850012
RPRNMLPKMHHGFCQ56DB,平林段,8.15,都市：農,48,1,持分移轉,08860059
RPSNMLPKMHHGFCQ66DB,平林段,82.00,都市：農,1,1,全筆移轉,08860055
RPSNMLPKMHHGFCQ66DB,平林段,58.00,都市：農,1,1,全筆移轉,08890017
RPSNMLPKMHHGFCQ66DB,平林段,.42,都市：農,48,1,持分移轉,08850012
RPSNMLPKMHHGFCQ66DB,平林段,8.15,都市：農,48,1,持分移轉,08860059
RPPNMLRKMHHGFBQ09DB,德安段,129.76,都市：住,1,1,全筆移轉,00700015
RPQNMLRKMHHGFBQ56DB,德安段,135.04,都市：住,1,1,全筆移轉,00700013
RPRNMLRKMHHGFBQ66DB,德安段,141.80,都市：住,1,1,全筆移轉,00700010
RPSNMLRKMHHGFBQ76DB,德安段,132.75,都市：住,1,1,全筆移轉,00700014
RPPNMLRKMHHGFCQ09CB,大工一段,118.94,非都市：工業區 ; 非都市編定：丁種建築用地,1,1,全筆移轉,01780071
RPPNMLRKMHHGFCQ09CB,大工一段,12.80,非都市：工業區 ; 非都市編定：丁種建築用地,45,1,持分移轉,01780052
RPPNMLRKMHHGFCQ09CB,大工一段,25.11,非都市：工業區 ; 非都市編定：丁種建築用地,14,1,持分移轉,01780076
RPPNMLTKMHHGFCQ66CB,中菁段,15.85,非都市：特定農業區 ; 非都市編定：甲種建築用地,5,1,持分移轉,04220000
RPPNMLTKMHHGFCQ66CB,中菁段,75.04,非都市：特定農業區 ; 非都市編定：甲種建築用地,1,1,全筆移轉,04220003
RPQNMLRKMHHGFCQ56CB,大工一段,118.94,非都市：工業區 ; 非都市編定：丁種建築用地,1,1,全筆移轉,01780064
RPQNMLRKMHHGFCQ56CB,大工一段,12.80,非都市：工業區 ; 非都市編定：丁種建築用地,45,1,持分移轉,01780052
RPQNMLRKMHHGFCQ56CB,大工一段,24.75,非都市：工業區 ; 非都市編定：丁種建築用地,16,1,持分移轉,01780075
RPPNMLSKMHHGFCQ56CB,中菁段,15.85,非都市：特定農業區 ; 非都市編定：甲種建築用地,5,1,持分移轉,04220000
RPPNMLSKMHHGFCQ56CB,中菁段,75.89,非都市：特定農業區 ; 非都市編定：甲種建築用地,1,1,全筆移轉,04220004
RPPNMLLLMHHGFCQ58CB,大工一段,118.94,非都市：工業區 ; 非都市編定：丁種建築用地,1,1,全筆移轉,01780066
RPPNMLLLMHHGFCQ58CB,大工一段,12.80,非都市：工業區 ; 非都市編定：丁種建築用地,45,1,持分移轉,01780052
RPPNMLLLMHHGFCQ58CB,大工一段,24.75,非都市：工業區 ; 非都市編定：丁種建築用地,16,1,持分移轉,01780075
RPQNMLSKMHHGFEQ96DB,梅南段,148.00,都市：住,1,1,全筆移轉,10310023
RPQNMLLLMHHGFCQ68CB,大工一段,115.04,非都市：工業區 ; 非都市編定：丁種建築用地,1,1,全筆移轉,01780060
RPQNMLLLMHHGFCQ68CB,大工一段,12.80,非都市：工業區 ; 非都市編定：丁種建築用地,45,1,持分移轉,01780052
RPQNMLLLMHHGFCQ68CB,大工一段,24.75,非都市：工業區 ; 非都市編定：丁種建築用地,16,1,持分移轉,01780075
RPPNMLLLMHHGFBQ48CB,鎮安段,47.02,都市：住,100000,6154,持分移轉,12840006
RPPNMLLLMHHGFDQ68CB,龍潭段,29.21,都市：住,10000,246,持分移轉,14430000
RPQNMLMLMHHGFDQ88CB,太頂珠段,24.45,都市：住,100000,149,持分移轉,00700000
RPPNMLNLMHHGFDQ88CB,新大崙段,105.28,非都市：鄉村區 ; 非都市編定：乙種建築用地,1,1,全筆移轉,03390026
RPPNMLNLMHHGFDQ88CB,新大崙段,33.40,非都市：鄉村區 ; 非都市編定：乙種建築用地,400,13,持分移轉,03390000
RPSNMLNLMHHGFDQ56CB,新大崙段,104.07,非都市：鄉村區 ; 非都市編定：乙種建築用地,1,1,全筆移轉,03390027
RPSNMLNLMHHGFDQ56CB,新大崙段,33.40,非都市：鄉村區 ; 非都市編定：乙種建築用地,400,13,持分移轉,03390000
RPPNMLMLMHHGFDQ78CB,太頂珠段,24.45,都市：住,100000,149,持分移轉,00700000
RPPNMLMLMHHGFCQ68CB,豐收段,98.04,非都市：鄉村區 ; 非都市編定：乙種建築用地,1,1,全筆移轉,09930033
RPPNMLMLMHHGFCQ68CB,豐收段,2.31,非都市：鄉村區 ; 非都市編定：乙種建築用地,10000,292,持分移轉,09930000
RPPNMLMLMHHGFCQ68CB,豐收段,11.56,非都市：鄉村區 ; 非都市編定：乙種建築用地,10000,292,持分移轉,09930014
RPRNMLMLMHHGFDQ98CB,太頂珠段,24.45,都市：住,100000,149,持分移轉,00700000
RPRNMLNLMHHGFDQ09CB,新大崙段,112.79,非都市：鄉村區 ; 非都市編定：乙種建築用地,1,1,全筆移轉,03390025
RPRNMLNLMHHGFDQ09CB,新大崙段,35.97,非都市：鄉村區 ; 非都市編定：乙種建築用地,400,14,持分移轉,03390000
RPTNMLNLMHHGFDQ66CB,新大崙段,189.41,非都市：鄉村區 ; 非都市編定：乙種建築用地,1,1,全筆移轉,03390024
RPTNMLNLMHHGFDQ66CB,新大崙段,61.66,非都市：鄉村區 ; 非都市編定：乙種建築用地,400,24,持分移轉,03390000
RPUNMLNLMHHGFDQ76CB,新大崙段,214.40,非都市：鄉村區 ; 非都市編定：乙種建築用地,1,1,全筆移轉,03390017
RPUNMLNLMHHGFDQ76CB,新大崙段,2.98,非都市：鄉村區 ; 非都市編定：乙種建築用地,1,1,全筆移轉,03390037
RPUNMLNLMHHGFDQ76CB,新大崙段,71.94,非都市：鄉村區 ; 非都市編定：乙種建築用地,400,28,持分移轉,03390000
RPVNMLNLMHHGFDQ86CB,新大崙段,115.94,非都市：鄉村區 ; 非都市編定：乙種建築用地,1,1,全筆移轉,03390034
RPVNMLNLMHHGFDQ86CB,新大崙段,3.19,非都市：鄉村區 ; 非都市編定：乙種建築用地,1,1,全筆移轉,03390033
RPVNMLNLMHHGFDQ86CB,新大崙段,38.54,非都市：鄉村區 ; 非都市編定：乙種建築用地,400,15,持分移轉,03390000
RPQNMLOLMHHGFDQ09CB,新大崙段,135.53,非都市：鄉村區 ; 非都市編定：乙種建築用地,1,1,全筆移轉,03390003
RPQNMLOLMHHGFDQ09CB,新大崙段,43.68,非都市：鄉村區 ; 非都市編定：乙種建築用地,400,17,持分移轉,03390000
RPQNMLRLMHHGFDQ86DB,田尾段田尾小段,141.26,非都市：特定農業區 ; 非都市編定：甲種建築用地,316900,14126,持分移轉,04760000
RPPNMLPLMHHGFBQ88CB,大葛段,84.63,非都市：鄉村區 ; 非都市編定：乙種建築用地,1,1,全筆移轉,09140003
RPPNMLPLMHHGFBQ88CB,大葛段,26.35,非都市：鄉村區 ; 非都市編定：乙種建築用地,1000,87,持分移轉,09140001
RPRNMLRLMHHGFDQ96DB,田尾段田尾小段,135.29,非都市：特定農業區 ; 非都市編定：甲種建築用地,316900,13529,持分移轉,04760000
RPRNMLRLMHHGFDQ96DB,田尾段田尾小段,26.24,非都市：特定農業區 ; 非都市編定：甲種建築用地,316900,2624,持分移轉,04760000
RPPNMLOLMHHGFDQ98CB,新大崙段,122.50,非都市：鄉村區 ; 非都市編定：乙種建築用地,1,1,全筆移轉,03390031
RPPNMLOLMHHGFDQ98CB,新大崙段,82.21,非都市：鄉村區 ; 非都市編定：乙種建築用地,400,32,持分移轉,03390000
RPPNMLOLMHHGFDQ98CB,新大崙段,128.51,非都市：鄉村區 ; 非都市編定：乙種建築用地,1,1,全筆移轉,03390038
RPRNMLOLMHHGFDQ56CB,新大崙段,159.65,非都市：鄉村區 ; 非都市編定：乙種建築用地,1,1,全筆移轉,03390021
RPRNMLOLMHHGFDQ56CB,新大崙段,84.78,非都市：鄉村區 ; 非都市編定：乙種建築用地,400,33,持分移轉,03390000
RPRNMLOLMHHGFDQ56CB,新大崙段,35.62,非都市：鄉村區 ; 非都市編定：乙種建築用地,1,1,全筆移轉,03390020
RPRNMLOLMHHGFDQ56CB,新大崙段,34.97,非都市：鄉村區 ; 非都市編定：乙種建築用地,1,1,全筆移轉,03390019
RPRNMLOLMHHGFDQ56CB,新大崙段,31.80,非都市：鄉村區 ; 非都市編定：乙種建築用地,1,1,全筆移轉,03390018
RPPNMLRLMHHGFDQ76DB,田尾段田尾小段,143.98,非都市：特定農業區 ; 非都市編定：甲種建築用地,316900,14398,持分移轉,04760000
RPPNMLRLMHHGFDQ76DB,田尾段田尾小段,26.24,非都市：特定農業區 ; 非都市編定：甲種建築用地,316900,2624,持分移轉,04760000
RPSNMLRLMHHGFDQ07DB,田尾段田尾小段,130.34,非都市：特定農業區 ; 非都市編定：甲種建築用地,316900,13034,持分移轉,04760000
RPSNMLRLMHHGFDQ07DB,田尾段田尾小段,26.24,非都市：特定農業區 ; 非都市編定：甲種建築用地,316900,2624,持分移轉,04760000
RPPNMLSLMHHGFEQ86CB,南下坑段,93.75,都市：住,1,1,全筆移轉,06390033
RPPNMLSLMHHGFEQ86CB,南下坑段,.02,都市：住,1000000,3294,持分移轉,06390022
RPPNMLSLMHHGFEQ86CB,南下坑段,.01,都市：住,1000000,6849,持分移轉,06390034
RPPNMLSLMHHGFEQ86CB,南下坑段,.05,都市：住,1000000,4035,持分移轉,06390035
RPPNMLSLMHHGFEQ86CB,南下坑段,2.12,都市：住,1000000,3967,持分移轉,06390000
RPTNMLRLMHHGFDQ17DB,田尾段田尾小段,142.49,非都市：特定農業區 ; 非都市編定：甲種建築用地,316900,14249,持分移轉,04760000
RPPNMLSLMHHGFDQ76CB,太頂珠段,17.72,都市：住,100000,108,持分移轉,00700000
RPSNMLSLMHHGFDQ07CB,太頂珠段,24.61,都市：住,100000,150,持分移轉,00700000
RPQNMLSLMHHGFCQ76CB,義興段,69.65,都市：住,1,1,全筆移轉,03140004
RPQNMLSLMHHGFCQ76CB,義興段,32.02,都市：住,360,32,持分移轉,03140000
RPRNMLSLMHHGFDQ96CB,太頂珠段,22.97,都市：住,100000,140,持分移轉,00700000
RPUNMLSLMHHGFDQ27CB,太頂珠段,30.52,都市：住,100000,186,持分移轉,00700000
RPQNMLSLMHHGFDQ86CB,太頂珠段,24.61,都市：住,100000,150,持分移轉,00700000
RPTNMLSLMHHGFDQ17CB,太頂珠段,32.32,都市：住,100000,197,持分移轉,00700000
RPVNMLSLMHHGFDQ37CB,太頂珠段,30.52,都市：住,100000,186,持分移轉,00700000
RPWNMLSLMHHGFDQ47CB,太頂珠段,24.61,都市：住,100000,150,持分移轉,00700000
RPSNMLTLMHHGFCQ07CB,豐收段,88.75,非都市：鄉村區 ; 非都市編定：乙種建築用地,1,1,全筆移轉,09930044
RPPOMLSLMHHGFDQ86CB,後庄段,77.29,非都市：鄉村區 ; 非都市編定：乙種建築用地,1,1,全筆移轉,01510004
RPPOMLSLMHHGFDQ86CB,後庄段,4.46,非都市：鄉村區 ; 非都市編定：乙種建築用地,8,1,持分移轉,01510008
RPPOMLSLMHHGFDQ86CB,後庄段,1.13,非都市：鄉村區 ; 非都市編定：乙種建築用地,8,1,持分移轉,01510010
RPPOMLSLMHHGFDQ86CB,後庄段,.36,非都市：鄉村區 ; 非都市編定：乙種建築用地,8,1,持分移轉,01510011
RPROMLSLMHHGFDQ07CB,後庄段,73.95,非都市：鄉村區 ; 非都市編定：乙種建築用地,1,1,全筆移轉,01510005
RPROMLSLMHHGFDQ07CB,後庄段,4.46,非都市：鄉村區 ; 非都市編定：乙種建築用地,8,1,持分移轉,01510008
RPROMLSLMHHGFDQ07CB,後庄段,1.13,非都市：鄉村區 ; 非都市編定：乙種建築用地,8,1,持分移轉,01510010
RPROMLSLMHHGFDQ07CB,後庄段,.36,非都市：鄉村區 ; 非都市編定：乙種建築用地,8,1,持分移轉,01510011
RPTNMLTLMHHGFCQ17CB,豐收段,103.00,非都市：鄉村區 ; 非都市編定：乙種建築用地,1,1,全筆移轉,09930046
RPQOMLSLMHHGFDQ96CB,後庄段,72.26,非都市：鄉村區 ; 非都市編定：乙種建築用地,1,1,全筆移轉,01510002
RPQOMLSLMHHGFDQ96CB,後庄段,4.46,非都市：鄉村區 ; 非都市編定：乙種建築用地,8,1,持分移轉,01510008
RPQOMLSLMHHGFDQ96CB,後庄段,1.13,非都市：鄉村區 ; 非都市編定：乙種建築用地,8,1,持分移轉,01510010
RPQOMLSLMHHGFDQ96CB,後庄段,.36,非都市：鄉村區 ; 非都市編定：乙種建築用地,8,1,持分移轉,01510011
RPQNMLTLMHHGFCQ86CB,豐收段,105.02,非都市：鄉村區 ; 非都市編定：乙種建築用地,1,1,全筆移轉,09930009
RPQNMLTLMHHGFCQ86CB,豐收段,4.63,非都市：鄉村區 ; 非都市編定：乙種建築用地,10000,585,持分移轉,09930000
RPQNMLTLMHHGFCQ86CB,豐收段,23.16,非都市：鄉村區 ; 非都市編定：乙種建築用地,10000,585,持分移轉,09930014
RPRNMLTLMHHGFCQ96CB,豐收段,98.04,非都市：鄉村區 ; 非都市編定：乙種建築用地,1,1,全筆移轉,09930034
RPUNMLTLMHHGFCQ27CB,義興段,108.59,都市：住,1,1,全筆移轉,03140002
RPUNMLTLMHHGFCQ27CB,義興段,32.02,都市：住,360,32,持分移轉,03140000
RPVNMLTLMHHGFCQ37CB,豐收段,83.15,非都市：鄉村區 ; 非都市編定：乙種建築用地,1,1,全筆移轉,09930045
RPPNMLKMMHHGFCQ58CB,永祿段,68.00,都市：住,1,1,全筆移轉,01750040
RPPNMLKMMHHGFCQ58CB,永祿段,.12,都市：住,20,1,持分移轉,01750035
RPPNMLKMMHHGFCQ58CB,永祿段,22.46,都市：住,20,1,持分移轉,01750036
RPPNMLKMMHHGFCQ58CB,永祿段,.40,都市：住,24,1,持分移轉,01750047
RPPNMLLJNHHGFCQ48CB,中工段,115.50,非都市：工業區 ; 非都市編定：丁種建築用地,1,1,全筆移轉,00640023
RPPNMLNJNHHGFBQ68DB,大鄉段,24.83,非都市：特定農業區 ; 非都市編定：甲種建築用地,70701,2483,持分移轉,07470000
RPQNMLNJNHHGFBQ78DB,大鄉段,24.83,非都市：特定農業區 ; 非都市編定：甲種建築用地,70701,2483,持分移轉,07470000
RPQNMLKMMHHGFCQ68CB,東湖段,80.31,非都市：鄉村區 ; 非都市編定：乙種建築用地,1,1,全筆移轉,14150022
RPQNMLKMMHHGFCQ68CB,東湖段,.39,非都市：鄉村區 ; 非都市編定：乙種建築用地,31,1,持分移轉,14150003
RPQNMLKMMHHGFCQ68CB,東湖段,.48,非都市：鄉村區 ; 非都市編定：乙種建築用地,31,1,持分移轉,14150017
RPQNMLKMMHHGFCQ68CB,東湖段,16.43,非都市：鄉村區 ; 非都市編定：乙種建築用地,31,1,持分移轉,14150018
RPQNMLKMMHHGFCQ68CB,東湖段,.28,非都市：鄉村區 ; 非都市編定：乙種建築用地,31,1,持分移轉,14150034
RPQNMLKMMHHGFCQ68CB,東湖段,.32,非都市：鄉村區 ; 非都市編定：乙種建築用地,31,1,持分移轉,14150036
RPPNMLLJNHHGFDQ68DB,安家厝段,128.84,非都市：特定農業區 ; 非都市編定：甲種建築用地,1,1,全筆移轉,16330006
RPQNMLLJNHHGFCQ58CB,中工段,14.74,非都市：工業區 ; 非都市編定：丁種建築用地,1000000,40498,持分移轉,00790006
RPQNMLLJNHHGFCQ58CB,中工段,14.74,非都市：工業區 ; 非都市編定：丁種建築用地,1000000,40498,持分移轉,00800010
RPQNMLLJNHHGFCQ58CB,中工段,4.01,非都市：工業區 ; 非都市編定：丁種建築用地,1000000,40498,持分移轉,00800009
RPPNMLMJNHHGFDQ78DB,東新段,90.00,都市：住,1,1,全筆移轉,01700019
RPPNMLMJNHHGFDQ78DB,東新段,19.75,都市：住,19,1,持分移轉,01700022
RPQNMLNJNHHGFCQ78CB,中工段,14.95,非都市：工業區 ; 非都市編定：丁種建築用地,1000000,41077,持分移轉,00790006
RPQNMLNJNHHGFCQ78CB,中工段,14.95,非都市：工業區 ; 非都市編定：丁種建築用地,1000000,41077,持分移轉,00800010
RPQNMLNJNHHGFCQ78CB,中工段,4.07,非都市：工業區 ; 非都市編定：丁種建築用地,1000000,41078,持分移轉,00800009
RPRNMLNJNHHGFCQ88CB,中工段,10.91,非都市：工業區 ; 非都市編定：丁種建築用地,1000000,29985,持分移轉,00790006
RPRNMLNJNHHGFCQ88CB,中工段,10.91,非都市：工業區 ; 非都市編定：丁種建築用地,1000000,29985,持分移轉,00800010
RPRNMLNJNHHGFCQ88CB,中工段,2.97,非都市：工業區 ; 非都市編定：丁種建築用地,1000000,29985,持分移轉,00800009
RPPNMLPJNHHGFCQ88CB,民工段,34.56,都市：住,100000,5760,持分移轉,04340003
RPPNMLPJNHHGFCQ98DB,新興段新興小段,99.24,都市：住,1,1,全筆移轉,00030063
RPRNMLPJNHHGFDQ56CB,太頂珠段,26.74,都市：住,100000,163,持分移轉,00700000
RPSNMLPJNHHGFDQ66CB,太頂珠段,24.45,都市：住,100000,149,持分移轉,00700000
RPTNMLPJNHHGFDQ76CB,太頂珠段,17.72,都市：住,100000,108,持分移轉,00700000
RPQNMLPJNHHGFCQ98CB,中菁段,15.85,非都市：特定農業區 ; 非都市編定：甲種建築用地,5,1,持分移轉,04220000
RPQNMLPJNHHGFCQ98CB,中菁段,78.53,非都市：特定農業區 ; 非都市編定：甲種建築用地,1,1,全筆移轉,04220005
RPUNMLPJNHHGFDQ86CB,太頂珠段,24.45,都市：住,100000,149,持分移轉,00700000
RPQNMLPJNHHGFDQ09CB,太頂珠段,24.45,都市：住,100000,149,持分移轉,00700000
RPPNMLPJNHHGFDQ98CB,太頂珠段,17.72,都市：住,100000,108,持分移轉,00700000
RPVNMLPJNHHGFDQ96CB,太頂珠段,17.72,都市：住,100000,108,持分移轉,00700000
RPWNMLPJNHHGFDQ07CB,太頂珠段,24.61,都市：住,100000,150,持分移轉,00700000
RPXNMLPJNHHGFDQ17CB,太頂珠段,24.61,都市：住,100000,150,持分移轉,00700000
RPPOMLPJNHHGFDQ09CB,太頂珠段,17.72,都市：住,100000,108,持分移轉,00700000
RPQNMLRJNHHGFCQ66DB,三角段,101.00,非都市：鄉村區 ; 非都市編定：乙種建築用地,1,1,全筆移轉,01420040
RPOOMLPJNHHGFDQ98CB,太頂珠段,30.52,都市：住,100000,186,持分移轉,00700000
RPQNMLRJNHHGFCQ66DB,三角段,21.28,非都市：鄉村區 ; 非都市編定：乙種建築用地,32,1,持分移轉,01420034
RPQNMLRJNHHGFBQ56DB,德安段,133.95,都市：住,1,1,全筆移轉,00700011
RPPNMLRJNHHGFCQ56DB,三角段,103.00,非都市：鄉村區 ; 非都市編定：乙種建築用地,1,1,全筆移轉,01420058
RPPNMLRJNHHGFCQ56DB,三角段,21.13,非都市：鄉村區 ; 非都市編定：乙種建築用地,32,1,持分移轉,01420071
RPRNMLTJNHHGFCQ86CB,北斗段,116.40,都市：住,1,1,全筆移轉,03680011
RPPNMLRJNHHGFBQ09DB,德安段,138.30,都市：住,1,1,全筆移轉,00700009
RPSNMLTJNHHGFCQ96CB,北斗段,113.48,都市：住,1,1,全筆移轉,03680020
RPUNMLTJNHHGFCQ17CB,北斗段,110.28,都市：住,1,1,全筆移轉,03680015
RPVNMLTJNHHGFCQ27CB,東湖段,80.42,非都市：鄉村區 ; 非都市編定：乙種建築用地,1,1,全筆移轉,14150000
RPVNMLTJNHHGFCQ27CB,東湖段,.39,非都市：鄉村區 ; 非都市編定：乙種建築用地,31,1,持分移轉,14150003
RPVNMLTJNHHGFCQ27CB,東湖段,.48,非都市：鄉村區 ; 非都市編定：乙種建築用地,31,1,持分移轉,14150017
RPVNMLTJNHHGFCQ27CB,東湖段,16.43,非都市：鄉村區 ; 非都市編定：乙種建築用地,31,1,持分移轉,14150018
RPVNMLTJNHHGFCQ27CB,東湖段,.28,非都市：鄉村區 ; 非都市編定：乙種建築用地,31,1,持分移轉,14150034
RPVNMLTJNHHGFCQ27CB,東湖段,.32,非都市：鄉村區 ; 非都市編定：乙種建築用地,31,1,持分移轉,14150036
RPTNMLKKNHHGFDQ98CB,仁安段,112.27,非都市：鄉村區 ; 非都市編定：乙種建築用地,1,1,全筆移轉,05060005
RPRNMLKKNHHGFDQ78CB,仁安段,97.43,非都市：鄉村區 ; 非都市編定：乙種建築用地,1,1,全筆移轉,05060001
RPSNMLKKNHHGFDQ88CB,仁安段,101.08,非都市：鄉村區 ; 非都市編定：乙種建築用地,1,1,全筆移轉,05060002
RPUNMLKKNHHGFDQ09CB,仁安段,108.53,非都市：鄉村區 ; 非都市編定：乙種建築用地,1,1,全筆移轉,05060004
RPPNMLLKNHHGFCQ58CB,三間厝段,39.58,非都市：鄉村區 ; 非都市編定：乙種建築用地,1000000,49284,持分移轉,03540000
RPPNMLLKNHHGFCQ58CB,三間厝段,3.79,非都市：鄉村區 ; 非都市編定：乙種建築用地,1000000,49284,持分移轉,03550000
RPQNMLKKNHHGFDQ68CB,仁安段,104.78,非都市：鄉村區 ; 非都市編定：乙種建築用地,1,1,全筆移轉,05060003
RPPNMLKKNHHGFDQ58CB,仁安段,116.02,非都市：鄉村區 ; 非都市編定：乙種建築用地,1,1,全筆移轉,05060006
RPPNMLMKNHHGFCQ68CB,北斗段,42.74,都市：住,100000,3986,持分移轉,03680000
RPPNMLNKNHHGFCQ88DB,平林段,93.00,都市：農,1,1,全筆移轉,08860065
RPRNMLMKNHHGFCQ98DB,平林段,75.00,都市：農,1,1,全筆移轉,08860071
RPPNMLNKNHHGFCQ88DB,平林段,.42,都市：農,48,1,持分移轉,08850012
RPRNMLMKNHHGFCQ98DB,平林段,64.00,都市：農,1,1,全筆移轉,08890021
RPRNMLMKNHHGFCQ98DB,平林段,.42,都市：農,48,1,持分移轉,08850012
RPRNMLMKNHHGFCQ98DB,平林段,8.15,都市：農,48,1,持分移轉,08860059
RPPNMLNKNHHGFCQ88DB,平林段,8.15,都市：農,48,1,持分移轉,08860059
RPQNMLNKNHHGFCQ88CB,三間厝段,30.86,非都市：鄉村區 ; 非都市編定：乙種建築用地,1000000,38431,持分移轉,03540000
RPQNMLNKNHHGFCQ88CB,三間厝段,2.96,非都市：鄉村區 ; 非都市編定：乙種建築用地,1000000,38431,持分移轉,03550000
RPRNMLNKNHHGFCQ98CB,三間厝段,30.86,非都市：鄉村區 ; 非都市編定：乙種建築用地,1000000,38431,持分移轉,03540000
RPRNMLNKNHHGFCQ98CB,三間厝段,2.96,非都市：鄉村區 ; 非都市編定：乙種建築用地,1000000,38431,持分移轉,03550000
RPQNMLMKNHHGFCQ88DB,平林段,77.00,都市：農,1,1,全筆移轉,08860057
RPQNMLMKNHHGFCQ88DB,平林段,63.00,都市：農,1,1,全筆移轉,08890019
RPQNMLMKNHHGFCQ88DB,平林段,.42,都市：農,48,1,持分移轉,08850012
RPQNMLMKNHHGFCQ88DB,平林段,8.15,都市：農,48,1,持分移轉,08860059
RPPNMLMKNHHGFCQ78DB,平林段,79.00,都市：農,1,1,全筆移轉,08860056
RPPNMLMKNHHGFCQ78DB,平林段,60.50,都市：農,1,1,全筆移轉,08890018
RPPNMLMKNHHGFCQ78DB,平林段,.42,都市：農,48,1,持分移轉,08850012
RPPNMLMKNHHGFCQ78DB,平林段,8.15,都市：農,48,1,持分移轉,08860059
RPPNMLNKNHHGFCQ78CB,三間厝段,39.58,非都市：鄉村區 ; 非都市編定：乙種建築用地,1000000,49284,持分移轉,03540000
RPPNMLNKNHHGFCQ78CB,三間厝段,3.79,非都市：鄉村區 ; 非都市編定：乙種建築用地,1000000,49284,持分移轉,03550000
RPRNMLMKNHHGFCQ88CB,豐收段,28.38,非都市：鄉村區 ; 非都市編定：乙種建築用地,10000,500,持分移轉,09910030
RPRNMLMKNHHGFCQ88CB,豐收段,.99,非都市：鄉村區 ; 非都市編定：乙種建築用地,10000,149,持分移轉,09910031
RPRNMLMKNHHGFCQ88CB,豐收段,5.83,非都市：鄉村區 ; 非都市編定：乙種建築用地,10000,149,持分移轉,09910022
RPTNMLNKNHHGFCQ56CB,雙援段,77.00,非都市：特定農業區 ; 非都市編定：甲種建築用地,1,1,全筆移轉,00900004
RPUNMLNKNHHGFCQ66CB,北斗段,105.45,都市：住,1,1,全筆移轉,03680016
RPRNMLRKNHHGFDQ86CB,太頂珠段,24.45,都市：住,100000,149,持分移轉,00700000
RPPNMLOKNHHGFBQ88DB,德安段,112.41,都市：住,1,1,全筆移轉,11860020
RPPNMLRKNHHGFCQ56CB,豐收段,93.40,非都市：鄉村區 ; 非都市編定：乙種建築用地,1,1,全筆移轉,09930006
RPPNMLRKNHHGFCQ56CB,豐收段,4.62,非都市：鄉村區 ; 非都市編定：乙種建築用地,10000,584,持分移轉,09930000
RPSNMLRKNHHGFDQ96CB,太頂珠段,24.45,都市：住,100000,149,持分移轉,00700000
RPPNMLRKNHHGFCQ56CB,豐收段,23.12,非都市：鄉村區 ; 非都市編定：乙種建築用地,10000,584,持分移轉,09930014
RPQNMLRKNHHGFDQ76CB,太頂珠段,24.61,都市：住,100000,150,持分移轉,00700000
RPTNMLRKNHHGFDQ07CB,太頂珠段,24.61,都市：住,100000,150,持分移轉,00700000
RPPNMLRKNHHGFDQ66CB,太頂珠段,24.61,都市：住,100000,150,持分移轉,00700000
RPRNMLQKNHHGFCQ66CB,義興段,111.56,都市：住,1,1,全筆移轉,03140001
RPRNMLQKNHHGFCQ66CB,義興段,16.01,都市：住,360,16,持分移轉,03140000
RPQNMLRKNHHGFCQ66CB,豐收段,154.29,非都市：鄉村區 ; 非都市編定：乙種建築用地,1,1,全筆移轉,09930019
RPQNMLRKNHHGFCQ66CB,豐收段,25.04,非都市：鄉村區 ; 非都市編定：乙種建築用地,10000,769,持分移轉,09930022
RPQNMLRKNHHGFCQ66CB,豐收段,1.11,非都市：鄉村區 ; 非都市編定：乙種建築用地,10000,140,持分移轉,09930000
RPQNMLRKNHHGFCQ66CB,豐收段,5.54,非都市：鄉村區 ; 非都市編定：乙種建築用地,10000,140,持分移轉,09930014
RPUNMLRKNHHGFDQ17CB,太頂珠段,17.72,都市：住,100000,108,持分移轉,00700000
RPVNMLRKNHHGFDQ27CB,太頂珠段,24.45,都市：住,100000,149,持分移轉,00700000
RPPNMLSKNHHGFCQ66CB,民工段,26.90,都市：住,100000,4484,持分移轉,04340003
RPWNMLRKNHHGFDQ37CB,太頂珠段,17.72,都市：住,100000,108,持分移轉,00700000
RPRNMLTKNHHGFCQ96CB,北斗段,33.85,都市：住,100000,3157,持分移轉,03680000
RPSNMLTKNHHGFCQ07CB,北斗段,42.74,都市：住,100000,3986,持分移轉,03680000
RPQNMLTKNHHGFCQ86CB,北斗段,33.85,都市：住,100000,3157,持分移轉,03680000
RPRNMLSKNHHGFCQ86CB,民工段,32.63,都市：住,100000,5438,持分移轉,04340003
RPPNMLTKNHHGFCQ76CB,北斗段,33.85,都市：住,100000,3157,持分移轉,03680000
RPUNMLTKNHHGFCQ27CB,北斗段,105.45,都市：住,1,1,全筆移轉,03680006
RPPNMLTKNHHGFCQ86DB,甘蔗崙段甘蔗崙小段,94.01,都市：住,1,1,全筆移轉,01250008
RPVNMLTKNHHGFCQ37CB,北斗段,105.45,都市：住,1,1,全筆移轉,03680007
RPTNMLKLNHHGFCQ98CB,豐收段,89.88,非都市：鄉村區 ; 非都市編定：乙種建築用地,1,1,全筆移轉,09930005
RPSNMLKLNHHGFCQ88CB,豐收段,166.21,非都市：鄉村區 ; 非都市編定：乙種建築用地,1,1,全筆移轉,09930020
RPTNMLKLNHHGFCQ98CB,豐收段,4.62,非都市：鄉村區 ; 非都市編定：乙種建築用地,10000,584,持分移轉,09930000
RPSNMLKLNHHGFCQ88CB,豐收段,25.04,非都市：鄉村區 ; 非都市編定：乙種建築用地,10000,769,持分移轉,09930022
RPTNMLKLNHHGFCQ98CB,豐收段,23.12,非都市：鄉村區 ; 非都市編定：乙種建築用地,10000,584,持分移轉,09930014
RPSNMLKLNHHGFCQ88CB,豐收段,1.11,非都市：鄉村區 ; 非都市編定：乙種建築用地,10000,140,持分移轉,09930000
RPSNMLKLNHHGFCQ88CB,豐收段,5.54,非都市：鄉村區 ; 非都市編定：乙種建築用地,10000,140,持分移轉,09930014
RPPNMLLLNHHGFDQ88DB,安家厝段,128.84,非都市：特定農業區 ; 非都市編定：甲種建築用地,1,1,全筆移轉,16330004
RPPNMLTKNHHGFEQ96CB,南下坑段,95.37,都市：住,1,1,全筆移轉,06390012
RPPNMLLLNHHGFCQ68CB,北斗段,42.74,都市：住,100000,3986,持分移轉,03680000
RPPNMLTKNHHGFEQ96CB,南下坑段,.29,都市：住,1000000,48517,持分移轉,06390022
RPPNMLTKNHHGFEQ96CB,南下坑段,.07,都市：住,1000000,46917,持分移轉,06390034
RPPNMLTKNHHGFEQ96CB,南下坑段,.60,都市：住,1000000,48184,持分移轉,06390035
RPPNMLTKNHHGFEQ96CB,南下坑段,25.76,都市：住,1000000,48214,持分移轉,06390000
RPRNMLKLNHHGFCQ78CB,豐收段,146.06,非都市：鄉村區 ; 非都市編定：乙種建築用地,1,1,全筆移轉,09930024
RPRNMLKLNHHGFCQ78CB,豐收段,25.04,非都市：鄉村區 ; 非都市編定：乙種建築用地,10000,769,持分移轉,09930022
RPRNMLKLNHHGFCQ78CB,豐收段,1.11,非都市：鄉村區 ; 非都市編定：乙種建築用地,10000,140,持分移轉,09930000
RPRNMLKLNHHGFCQ78CB,豐收段,5.54,非都市：鄉村區 ; 非都市編定：乙種建築用地,10000,140,持分移轉,09930014
RPQNMLKLNHHGFCQ68CB,民工段,34.56,都市：住,100000,5760,持分移轉,04340003
RPPNMLKLNHHGFCQ58CB,民工段,32.63,都市：住,100000,5438,持分移轉,04340003
RPQNMLOLNHHGFCQ09CB,三間厝段,30.86,非都市：鄉村區 ; 非都市編定：乙種建築用地,1000000,38431,持分移轉,03540000
RPQNMLOLNHHGFCQ09CB,三間厝段,2.96,非都市：鄉村區 ; 非都市編定：乙種建築用地,1000000,38431,持分移轉,03550000
RPRNMLOLNHHGFCQ56CB,三間厝段,30.86,非都市：鄉村區 ; 非都市編定：乙種建築用地,1000000,38431,持分移轉,03540000
RPRNMLOLNHHGFCQ56CB,三間厝段,2.96,非都市：鄉村區 ; 非都市編定：乙種建築用地,1000000,38431,持分移轉,03550000
RPSNMLOLNHHGFCQ66CB,三間厝段,30.86,非都市：鄉村區 ; 非都市編定：乙種建築用地,1000000,38431,持分移轉,03540000
RPSNMLOLNHHGFCQ66CB,三間厝段,2.96,非都市：鄉村區 ; 非都市編定：乙種建築用地,1000000,38431,持分移轉,03550000
RPPNMLOLNHHGFDQ09CB,龍潭段,27.55,都市：住,10000,232,持分移轉,14430000
RPQNMLQLNHHGFDQ76CB,水東段,28.83,都市：住,100000,4163,持分移轉,04280000
RPUNMLOLNHHGFCQ86CB,崙子頂段,76.99,非都市：鄉村區 ; 非都市編定：乙種建築用地,1,1,全筆移轉,02580044
RPUNMLOLNHHGFCQ86CB,崙子頂段,20.59,非都市：鄉村區 ; 非都市編定：乙種建築用地,64,1,持分移轉,02580014
RPTNMLOLNHHGFCQ76CB,崙子頂段,88.99,非都市：鄉村區 ; 非都市編定：乙種建築用地,1,1,全筆移轉,02580056
RPTNMLOLNHHGFCQ76CB,崙子頂段,20.59,非都市：鄉村區 ; 非都市編定：乙種建築用地,64,1,持分移轉,02580014
RPRNMLQLNHHGFDQ86CB,水東段,39.01,都市：住,100000,5633,持分移轉,04280000
RPPNMLPLNHHGFCQ09CB,民工段,26.90,都市：住,100000,4484,持分移轉,04340003
RPPNMLQLNHHGFDQ66CB,水東段,38.07,都市：住,100000,5496,持分移轉,04280000
RPPNMLRLNHHGFDQ76CB,水東段,39.01,都市：住,100000,5633,持分移轉,04280000
RPQNMLRLNHHGFDQ86CB,水東段,28.83,都市：住,100000,4163,持分移轉,04280000
RPRNMLRLNHHGFDQ96CB,水東段,28.83,都市：住,100000,4163,持分移轉,04280000
RPPNMLKMNHHGFCQ78DB,潭底段潭底小段,25.80,都市：住,100000,681,持分移轉,00610000
RPPNMLTLNHHGFCQ96DB,三角段,101.00,非都市：鄉村區 ; 非都市編定：乙種建築用地,1,1,全筆移轉,01420052
RPPNMLTLNHHGFCQ96DB,三角段,21.28,非都市：鄉村區 ; 非都市編定：乙種建築用地,32,1,持分移轉,01420034
RPPNMLKMNHHGFCQ68CB,北斗段,110.28,都市：住,1,1,全筆移轉,03680005
RPQNMLKMNHHGFCQ78CB,北斗段,110.28,都市：住,1,1,全筆移轉,03680018
RPPNMLKMNHHGFDQ88DB,東新段,90.00,都市：住,1,1,全筆移轉,01700018
RPPNMLKMNHHGFDQ88DB,東新段,19.75,都市：住,19,1,持分移轉,01700022
RPRNMLKMNHHGFCQ88CB,北斗段,105.45,都市：住,1,1,全筆移轉,03680017
RPPNMLLMNHHGFCQ78CB,豐收段,29.34,非都市：鄉村區 ; 非都市編定：乙種建築用地,10000,517,持分移轉,09910030
RPPNMLLMNHHGFCQ78CB,豐收段,1.02,非都市：鄉村區 ; 非都市編定：乙種建築用地,10000,154,持分移轉,09910031
RPPNMLLMNHHGFCQ78CB,豐收段,6.03,非都市：鄉村區 ; 非都市編定：乙種建築用地,10000,154,持分移轉,09910022
RPQNMLLMNHHGFCQ88CB,豐收段,96.92,非都市：鄉村區 ; 非都市編定：乙種建築用地,1,1,全筆移轉,09930007
RPQNMLLMNHHGFCQ88CB,豐收段,4.62,非都市：鄉村區 ; 非都市編定：乙種建築用地,10000,584,持分移轉,09930000
RPQNMLLMNHHGFCQ88CB,豐收段,23.12,非都市：鄉村區 ; 非都市編定：乙種建築用地,10000,584,持分移轉,09930014
RPRNMLLMNHHGFCQ98CB,豐收段,142.51,非都市：鄉村區 ; 非都市編定：乙種建築用地,1,1,全筆移轉,09930040
RPRNMLLMNHHGFCQ98CB,豐收段,2.31,非都市：鄉村區 ; 非都市編定：乙種建築用地,10000,292,持分移轉,09930000
RPRNMLLMNHHGFCQ98CB,豐收段,11.56,非都市：鄉村區 ; 非都市編定：乙種建築用地,10000,292,持分移轉,09930014
RPPNMLLMNHHGFDQ88CB,太頂珠段,24.45,都市：住,100000,149,持分移轉,00700000
RPRNMLLMNHHGFDQ09CB,太頂珠段,24.61,都市：住,100000,150,持分移轉,00700000
RPQNMLLMNHHGFDQ98CB,太頂珠段,24.45,都市：住,100000,149,持分移轉,00700000
RPUNMLLMNHHGFDQ76CB,太頂珠段,24.45,都市：住,100000,149,持分移轉,00700000
RPSNMLLMNHHGFCQ09CB,豐收段,110.12,非都市：鄉村區 ; 非都市編定：乙種建築用地,1,1,全筆移轉,09930010
RPSNMLLMNHHGFCQ09CB,豐收段,4.63,非都市：鄉村區 ; 非都市編定：乙種建築用地,10000,585,持分移轉,09930000
RPSNMLLMNHHGFCQ09CB,豐收段,23.16,非都市：鄉村區 ; 非都市編定：乙種建築用地,10000,585,持分移轉,09930014
RPWNMLKLOHHGFDQ86CB,嘉新段,83.55,都市：住,1,1,全筆移轉,00630001
RPWNMLKLOHHGFDQ86CB,嘉新段,15.65,都市：住,1,1,全筆移轉,00620001
RPWNMLKLOHHGFDQ86CB,嘉新段,4.08,都市：住,1,1,全筆移轉,00620002
RPWNMLKLOHHGFDQ86CB,嘉新段,17.48,都市：住,24,1,持分移轉,00630000
RPSNMLLMNHHGFDQ56CB,太頂珠段,17.72,都市：住,100000,108,持分移轉,00700000
RPTNMLLMNHHGFDQ66CB,太頂珠段,24.61,都市：住,100000,150,持分移轉,00700000
