﻿編號,土地位置,土地移轉面積(平方公尺),使用分區或編定,權利人持分分母,權利人持分分子,移轉情形,地號
The serial number, land position,land shifting area square meter,the use zoning or compiles and checks,,,,land parcel
RPRNMLMKKHHGFAT68CB,潭頭段,16.78,都市：商,100000,1562,持分移轉,02790000
RPQNMLMKKHHGFAT58CB,潭頭段,22.11,都市：商,100000,2058,持分移轉,02790000
RPROMLQKKHHGFAT56CB,新勝興段,31.26,都市：住,100000,6121,持分移轉,00010000
RPSNMLQKKHHGFAT56CB,新勝興段,32.09,都市：住,100000,6282,持分移轉,00010000
RPRNMLOKKHHGFAT88CB,潭頭段,28.44,都市：商,100000,2647,持分移轉,02790000
RPWNMLRKKHHGFAT07CB,潭頭段,23.90,都市：商,100000,2225,持分移轉,02790000
RPRPMLQKKHHGFAT66CB,新勝興段,90.20,都市：住,1,1,全筆移轉,00010002
RPPNMLLLKHHGFAT48CB,新安段,25.16,非都市：鄉村區 ; 非都市編定：乙種建築用地,1000000,6598,持分移轉,13210000
RPRNMLLLKHHGFAT68CB,香揚段一小段,4.91,都市：住,100000,165,持分移轉,00300000
RPRNMLLLKHHGFAT68CB,香揚段一小段,1.34,都市：住,100000,165,持分移轉,00300001
RPRNMLLLKHHGFAT68CB,香揚段一小段,16.91,都市：住,100000,165,持分移轉,00120000
RPRNMLLLKHHGFAT68CB,香揚段一小段,4.68,都市：住,100000,165,持分移轉,00120001
RPVNMLLLKHHGFAT09CB,香揚段一小段,4.93,都市：住,100000,166,持分移轉,00300000
RPVNMLLLKHHGFAT09CB,香揚段一小段,1.35,都市：住,100000,166,持分移轉,00300001
RPVNMLLLKHHGFAT09CB,香揚段一小段,17.02,都市：住,100000,166,持分移轉,00120000
RPVNMLLLKHHGFAT09CB,香揚段一小段,4.71,都市：住,100000,166,持分移轉,00120001
RPWNMLLLKHHGFAT56CB,香揚段一小段,4.73,都市：住,100000,159,持分移轉,00300000
RPWNMLLLKHHGFAT56CB,香揚段一小段,1.29,都市：住,100000,159,持分移轉,00300001
RPWNMLLLKHHGFAT56CB,香揚段一小段,16.30,都市：住,100000,159,持分移轉,00120000
RPWNMLLLKHHGFAT56CB,香揚段一小段,4.51,都市：住,100000,159,持分移轉,00120001
RPSOMLLLKHHGFAT88CB,香揚段一小段,4.58,都市：住,100000,154,持分移轉,00300000
RPSOMLLLKHHGFAT88CB,香揚段一小段,1.25,都市：住,100000,154,持分移轉,00300001
RPSOMLLLKHHGFAT88CB,香揚段一小段,15.79,都市：住,100000,154,持分移轉,00120000
RPSOMLLLKHHGFAT88CB,香揚段一小段,4.37,都市：住,100000,154,持分移轉,00120001
RPUOMLLLKHHGFAT09CB,香揚段一小段,4.85,都市：住,100000,163,持分移轉,00300000
RPUOMLLLKHHGFAT09CB,香揚段一小段,1.33,都市：住,100000,163,持分移轉,00300001
RPUOMLLLKHHGFAT09CB,香揚段一小段,16.71,都市：住,100000,163,持分移轉,00120000
RPUOMLLLKHHGFAT09CB,香揚段一小段,4.62,都市：住,100000,163,持分移轉,00120001
RPVOMLLLKHHGFAT56CB,香揚段一小段,4.93,都市：住,100000,166,持分移轉,00300000
RPVOMLLLKHHGFAT56CB,香揚段一小段,1.35,都市：住,100000,166,持分移轉,00300001
RPVOMLLLKHHGFAT56CB,香揚段一小段,17.02,都市：住,100000,166,持分移轉,00120000
RPVOMLLLKHHGFAT56CB,香揚段一小段,4.71,都市：住,100000,166,持分移轉,00120001
RPPNMLPLKHHGFDT56CB,東港段,14.24,都市：商,10000,211,持分移轉,01490000
RPPNMLPLKHHGFDT56CB,東港段,2.66,都市：商,10000,211,持分移轉,01490003
RPPNMLPLKHHGFDT56CB,東港段,.25,都市：住,10000,211,持分移轉,01490006
RPPNMLPLKHHGFDT56CB,東港段,.08,都市：商,10000,211,持分移轉,01490007
RPPNMLPLKHHGFDT56CB,東港段,2.41,都市：住,10000,211,持分移轉,01510000
RPPNMLPLKHHGFDT56CB,東港段,3.10,都市：商,10000,211,持分移轉,01510001
RPPOMLLLKHHGFAT58CB,香揚段一小段,4.93,都市：住,100000,166,持分移轉,00300000
RPPOMLLLKHHGFAT58CB,香揚段一小段,1.35,都市：住,100000,166,持分移轉,00300001
RPPOMLLLKHHGFAT58CB,香揚段一小段,17.02,都市：住,100000,166,持分移轉,00120000
RPPOMLLLKHHGFAT58CB,香揚段一小段,4.71,都市：住,100000,166,持分移轉,00120001
RPPNMLPLKHHGFDT66DB,仁和段,50.40,都市：住,20,1,持分移轉,10020000
RPPNMLOJLHHGFAT78DB,新清溪段,414.71,都市：工,1,1,全筆移轉,04250000
RPPNMLOJLHHGFAT78DB,新清溪段,47.80,都市：工,100000,1278,持分移轉,05100000
RPQNMLMJLHHGFAT68DB,新清溪段,380.98,都市：工,1,1,全筆移轉,04240000
RPQNMLMJLHHGFAT68DB,新清溪段,44.62,都市：工,100000,1193,持分移轉,05100000
RPRNMLPJLHHGFAT98CB,香揚段一小段,4.67,都市：住,100000,157,持分移轉,00300000
RPRNMLPJLHHGFAT98CB,香揚段一小段,1.28,都市：住,100000,157,持分移轉,00300001
RPRNMLPJLHHGFAT98CB,香揚段一小段,16.09,都市：住,100000,157,持分移轉,00120000
RPRNMLPJLHHGFAT98CB,香揚段一小段,4.45,都市：住,100000,157,持分移轉,00120001
RPPNMLPJLHHGFAT78CB,香揚段一小段,4.91,都市：住,100000,165,持分移轉,00300000
RPPNMLPJLHHGFAT78CB,香揚段一小段,1.34,都市：住,100000,165,持分移轉,00300001
RPPNMLPJLHHGFAT78CB,香揚段一小段,16.91,都市：住,100000,165,持分移轉,00120000
RPPNMLPJLHHGFAT78CB,香揚段一小段,4.68,都市：住,100000,165,持分移轉,00120001
RPQNMLMJLHHGFDT98DB,仁和段,50.40,都市：住,20,1,持分移轉,10020000
RPSNMLPJLHHGFAT09CB,香揚段一小段,12.87,都市：住,100000,433,持分移轉,00300000
RPSNMLPJLHHGFAT09CB,香揚段一小段,3.52,都市：住,100000,433,持分移轉,00300001
RPSNMLPJLHHGFAT09CB,香揚段一小段,44.38,都市：住,100000,433,持分移轉,00120000
RPSNMLPJLHHGFAT09CB,香揚段一小段,12.28,都市：住,100000,433,持分移轉,00120001
RPQNMLPJLHHGFAT88CB,香揚段一小段,4.93,都市：住,100000,166,持分移轉,00300000
RPQNMLPJLHHGFAT88CB,香揚段一小段,1.35,都市：住,100000,166,持分移轉,00300001
RPQNMLPJLHHGFAT88CB,香揚段一小段,17.02,都市：住,100000,166,持分移轉,00120000
RPQNMLPJLHHGFAT88CB,香揚段一小段,4.71,都市：住,100000,166,持分移轉,00120001
RPTNMLPJLHHGFAT56CB,香揚段一小段,11.09,都市：住,100000,373,持分移轉,00300000
RPTNMLPJLHHGFAT56CB,香揚段一小段,3.03,都市：住,100000,373,持分移轉,00300001
RPTNMLPJLHHGFAT56CB,香揚段一小段,38.23,都市：住,100000,373,持分移轉,00120000
RPTNMLPJLHHGFAT56CB,香揚段一小段,10.58,都市：住,100000,373,持分移轉,00120001
RPVNMLPJLHHGFAT76CB,香揚段一小段,12.87,都市：住,100000,433,持分移轉,00300000
RPVNMLPJLHHGFAT76CB,香揚段一小段,3.52,都市：住,100000,433,持分移轉,00300001
RPVNMLPJLHHGFAT76CB,香揚段一小段,44.38,都市：住,100000,433,持分移轉,00120000
RPVNMLPJLHHGFAT76CB,香揚段一小段,12.28,都市：住,100000,433,持分移轉,00120001
RPXNMLPJLHHGFAT96CB,香揚段一小段,7.97,都市：住,100000,268,持分移轉,00300000
RPXNMLPJLHHGFAT96CB,香揚段一小段,2.18,都市：住,100000,268,持分移轉,00300001
RPXNMLPJLHHGFAT96CB,香揚段一小段,27.47,都市：住,100000,268,持分移轉,00120000
RPXNMLPJLHHGFAT96CB,香揚段一小段,7.60,都市：住,100000,268,持分移轉,00120001
RPUNMLPJLHHGFAT66CB,香揚段一小段,4.91,都市：住,100000,165,持分移轉,00300000
RPUNMLPJLHHGFAT66CB,香揚段一小段,1.34,都市：住,100000,165,持分移轉,00300001
RPUNMLPJLHHGFAT66CB,香揚段一小段,16.91,都市：住,100000,165,持分移轉,00120000
RPUNMLPJLHHGFAT66CB,香揚段一小段,4.68,都市：住,100000,165,持分移轉,00120001
RPWNMLPJLHHGFAT86CB,香揚段一小段,6.51,都市：住,100000,219,持分移轉,00300000
RPWNMLPJLHHGFAT86CB,香揚段一小段,1.78,都市：住,100000,219,持分移轉,00300001
RPWNMLPJLHHGFAT86CB,香揚段一小段,22.45,都市：住,100000,219,持分移轉,00120000
RPWNMLPJLHHGFAT86CB,香揚段一小段,6.21,都市：住,100000,219,持分移轉,00120001
RPOOMLPJLHHGFAT78CB,香揚段一小段,6.51,都市：住,100000,219,持分移轉,00300000
RPOOMLPJLHHGFAT78CB,香揚段一小段,1.78,都市：住,100000,219,持分移轉,00300001
RPOOMLPJLHHGFAT78CB,香揚段一小段,22.45,都市：住,100000,219,持分移轉,00120000
RPOOMLPJLHHGFAT78CB,香揚段一小段,6.21,都市：住,100000,219,持分移轉,00120001
RPPOMLPJLHHGFAT88CB,香揚段一小段,6.51,都市：住,100000,219,持分移轉,00300000
RPPOMLPJLHHGFAT88CB,香揚段一小段,1.78,都市：住,100000,219,持分移轉,00300001
RPPOMLPJLHHGFAT88CB,香揚段一小段,22.45,都市：住,100000,219,持分移轉,00120000
RPPOMLPJLHHGFAT88CB,香揚段一小段,6.21,都市：住,100000,219,持分移轉,00120001
RPQOMLPJLHHGFAT98CB,香揚段一小段,6.51,都市：住,100000,219,持分移轉,00300000
RPQOMLPJLHHGFAT98CB,香揚段一小段,1.78,都市：住,100000,219,持分移轉,00300001
RPQOMLPJLHHGFAT98CB,香揚段一小段,22.45,都市：住,100000,219,持分移轉,00120000
RPQOMLPJLHHGFAT98CB,香揚段一小段,6.21,都市：住,100000,219,持分移轉,00120001
RPSOMLPJLHHGFAT56CB,香揚段一小段,4.91,都市：住,100000,165,持分移轉,00300000
RPSOMLPJLHHGFAT56CB,香揚段一小段,1.34,都市：住,100000,165,持分移轉,00300001
RPSOMLPJLHHGFAT56CB,香揚段一小段,16.91,都市：住,100000,165,持分移轉,00120000
RPSOMLPJLHHGFAT56CB,香揚段一小段,4.68,都市：住,100000,165,持分移轉,00120001
RPROMLPJLHHGFAT09CB,香揚段一小段,4.93,都市：住,100000,166,持分移轉,00300000
RPROMLPJLHHGFAT09CB,香揚段一小段,1.35,都市：住,100000,166,持分移轉,00300001
RPROMLPJLHHGFAT09CB,香揚段一小段,17.02,都市：住,100000,166,持分移轉,00120000
RPROMLPJLHHGFAT09CB,香揚段一小段,4.71,都市：住,100000,166,持分移轉,00120001
RPUOMLPJLHHGFAT76CB,香揚段一小段,10.85,都市：住,100000,365,持分移轉,00300000
RPUOMLPJLHHGFAT76CB,香揚段一小段,2.97,都市：住,100000,365,持分移轉,00300001
RPUOMLPJLHHGFAT76CB,香揚段一小段,37.41,都市：住,100000,365,持分移轉,00120000
RPUOMLPJLHHGFAT76CB,香揚段一小段,10.35,都市：住,100000,365,持分移轉,00120001
RPTOMLPJLHHGFAT66CB,香揚段一小段,6.06,都市：住,100000,204,持分移轉,00300000
RPTOMLPJLHHGFAT66CB,香揚段一小段,1.66,都市：住,100000,204,持分移轉,00300001
RPTOMLPJLHHGFAT66CB,香揚段一小段,20.91,都市：住,100000,204,持分移轉,00120000
RPTOMLPJLHHGFAT66CB,香揚段一小段,5.78,都市：住,100000,204,持分移轉,00120001
RPWOMLPJLHHGFAT96CB,香揚段一小段,4.73,都市：住,100000,159,持分移轉,00300000
RPWOMLPJLHHGFAT96CB,香揚段一小段,1.29,都市：住,100000,159,持分移轉,00300001
RPWOMLPJLHHGFAT96CB,香揚段一小段,16.30,都市：住,100000,159,持分移轉,00120000
RPWOMLPJLHHGFAT96CB,香揚段一小段,4.51,都市：住,100000,159,持分移轉,00120001
RPVOMLPJLHHGFAT86CB,香揚段一小段,6.51,都市：住,100000,219,持分移轉,00300000
RPVOMLPJLHHGFAT86CB,香揚段一小段,1.78,都市：住,100000,219,持分移轉,00300001
RPXOMLPJLHHGFAT07CB,香揚段一小段,5.05,都市：住,100000,170,持分移轉,00300000
RPVOMLPJLHHGFAT86CB,香揚段一小段,22.45,都市：住,100000,219,持分移轉,00120000
RPXOMLPJLHHGFAT07CB,香揚段一小段,1.38,都市：住,100000,170,持分移轉,00300001
RPVOMLPJLHHGFAT86CB,香揚段一小段,6.21,都市：住,100000,219,持分移轉,00120001
RPXOMLPJLHHGFAT07CB,香揚段一小段,17.43,都市：住,100000,170,持分移轉,00120000
RPXOMLPJLHHGFAT07CB,香揚段一小段,4.82,都市：住,100000,170,持分移轉,00120001
RPOPMLPJLHHGFAT88CB,香揚段一小段,6.51,都市：住,100000,219,持分移轉,00300000
RPOPMLPJLHHGFAT88CB,香揚段一小段,1.78,都市：住,100000,219,持分移轉,00300001
RPOPMLPJLHHGFAT88CB,香揚段一小段,22.45,都市：住,100000,219,持分移轉,00120000
RPOPMLPJLHHGFAT88CB,香揚段一小段,6.21,都市：住,100000,219,持分移轉,00120001
RPPPMLPJLHHGFAT98CB,香揚段一小段,6.51,都市：住,100000,219,持分移轉,00300000
RPPPMLPJLHHGFAT98CB,香揚段一小段,1.78,都市：住,100000,219,持分移轉,00300001
RPPPMLPJLHHGFAT98CB,香揚段一小段,22.45,都市：住,100000,219,持分移轉,00120000
RPPPMLPJLHHGFAT98CB,香揚段一小段,6.21,都市：住,100000,219,持分移轉,00120001
RPQPMLPJLHHGFAT09CB,香揚段一小段,10.79,都市：住,100000,363,持分移轉,00300000
RPQPMLPJLHHGFAT09CB,香揚段一小段,2.95,都市：住,100000,363,持分移轉,00300001
RPQPMLPJLHHGFAT09CB,香揚段一小段,37.21,都市：住,100000,363,持分移轉,00120000
RPQPMLPJLHHGFAT09CB,香揚段一小段,10.29,都市：住,100000,363,持分移轉,00120001
RPRPMLPJLHHGFAT56CB,香揚段一小段,4.91,都市：住,100000,165,持分移轉,00300000
RPRPMLPJLHHGFAT56CB,香揚段一小段,1.34,都市：住,100000,165,持分移轉,00300001
RPRPMLPJLHHGFAT56CB,香揚段一小段,16.91,都市：住,100000,165,持分移轉,00120000
RPRPMLPJLHHGFAT56CB,香揚段一小段,4.68,都市：住,100000,165,持分移轉,00120001
RPTPMLPJLHHGFAT76CB,香揚段一小段,4.93,都市：住,100000,166,持分移轉,00300000
RPTPMLPJLHHGFAT76CB,香揚段一小段,1.35,都市：住,100000,166,持分移轉,00300001
RPTPMLPJLHHGFAT76CB,香揚段一小段,17.02,都市：住,100000,166,持分移轉,00120000
RPTPMLPJLHHGFAT76CB,香揚段一小段,4.71,都市：住,100000,166,持分移轉,00120001
RPSPMLPJLHHGFAT66CB,香揚段一小段,6.51,都市：住,100000,219,持分移轉,00300000
RPSPMLPJLHHGFAT66CB,香揚段一小段,1.78,都市：住,100000,219,持分移轉,00300001
RPSPMLPJLHHGFAT66CB,香揚段一小段,22.45,都市：住,100000,219,持分移轉,00120000
RPSPMLPJLHHGFAT66CB,香揚段一小段,6.21,都市：住,100000,219,持分移轉,00120001
RPUPMLPJLHHGFAT86CB,香揚段一小段,4.91,都市：住,100000,165,持分移轉,00300000
RPUPMLPJLHHGFAT86CB,香揚段一小段,1.34,都市：住,100000,165,持分移轉,00300001
RPUPMLPJLHHGFAT86CB,香揚段一小段,16.91,都市：住,100000,165,持分移轉,00120000
RPUPMLPJLHHGFAT86CB,香揚段一小段,4.68,都市：住,100000,165,持分移轉,00120001
RPVPMLPJLHHGFAT96CB,香揚段一小段,6.51,都市：住,100000,219,持分移轉,00300000
RPVPMLPJLHHGFAT96CB,香揚段一小段,1.78,都市：住,100000,219,持分移轉,00300001
RPVPMLPJLHHGFAT96CB,香揚段一小段,22.45,都市：住,100000,219,持分移轉,00120000
RPVPMLPJLHHGFAT96CB,香揚段一小段,6.21,都市：住,100000,219,持分移轉,00120001
RPXPMLPJLHHGFAT17CB,香揚段一小段,6.51,都市：住,100000,219,持分移轉,00300000
RPXPMLPJLHHGFAT17CB,香揚段一小段,1.78,都市：住,100000,219,持分移轉,00300001
RPXPMLPJLHHGFAT17CB,香揚段一小段,22.45,都市：住,100000,219,持分移轉,00120000
RPXPMLPJLHHGFAT17CB,香揚段一小段,6.21,都市：住,100000,219,持分移轉,00120001
RPWPMLPJLHHGFAT07CB,香揚段一小段,6.51,都市：住,100000,219,持分移轉,00300000
RPWPMLPJLHHGFAT07CB,香揚段一小段,1.78,都市：住,100000,219,持分移轉,00300001
RPWPMLPJLHHGFAT07CB,香揚段一小段,22.45,都市：住,100000,219,持分移轉,00120000
RPWPMLPJLHHGFAT07CB,香揚段一小段,6.21,都市：住,100000,219,持分移轉,00120001
RPOQMLPJLHHGFAT98CB,香揚段一小段,6.51,都市：住,100000,219,持分移轉,00300000
RPOQMLPJLHHGFAT98CB,香揚段一小段,1.78,都市：住,100000,219,持分移轉,00300001
RPOQMLPJLHHGFAT98CB,香揚段一小段,22.45,都市：住,100000,219,持分移轉,00120000
RPOQMLPJLHHGFAT98CB,香揚段一小段,6.21,都市：住,100000,219,持分移轉,00120001
RPPQMLPJLHHGFAT09CB,香揚段一小段,6.06,都市：住,100000,204,持分移轉,00300000
RPPQMLPJLHHGFAT09CB,香揚段一小段,1.66,都市：住,100000,204,持分移轉,00300001
RPPQMLPJLHHGFAT09CB,香揚段一小段,20.91,都市：住,100000,204,持分移轉,00120000
RPPQMLPJLHHGFAT09CB,香揚段一小段,5.78,都市：住,100000,204,持分移轉,00120001
RPQQMLPJLHHGFAT56CB,香揚段一小段,4.93,都市：住,100000,166,持分移轉,00300000
RPQQMLPJLHHGFAT56CB,香揚段一小段,1.35,都市：住,100000,166,持分移轉,00300001
RPQQMLPJLHHGFAT56CB,香揚段一小段,17.02,都市：住,100000,166,持分移轉,00120000
RPQQMLPJLHHGFAT56CB,香揚段一小段,4.71,都市：住,100000,166,持分移轉,00120001
RPPNMLSJLHHGFAT09CB,勝興段,33.67,都市：住,100000,1241,持分移轉,01470000
RPPNMLLKLHHGFAT48CB,新安段,23.12,非都市：鄉村區 ; 非都市編定：乙種建築用地,1000000,6063,持分移轉,13210000
RPTNMLQJLHHGFCT86CB,潮中段,98.48,都市：住,1,1,全筆移轉,02860013
RPTNMLQJLHHGFCT86CB,潮中段,5.89,都市：住,1,1,全筆移轉,03180006
RPPNMLKKLHHGFAT38CB,歸義段,26.04,非都市：一般農業區 ; 非都市編定：甲種建築用地,100000,960,持分移轉,05370000
RPPNMLKKLHHGFAT38CB,歸義段,1.55,非都市：一般農業區 ; 非都市編定：丁種建築用地,100000,960,持分移轉,05360002
RPQNMLLKLHHGFAT58CB,新安段,21.83,非都市：鄉村區 ; 非都市編定：乙種建築用地,1000000,5725,持分移轉,13210000
RPQNMLLKLHHGFCT78CB,榮田段,2.47,都市：住,100000,2690,持分移轉,03620000
RPQNMLLKLHHGFCT78CB,榮田段,.54,都市：住,100000,2690,持分移轉,03630000
RPQNMLLKLHHGFCT78CB,榮田段,.58,都市：住,100000,2690,持分移轉,03640000
RPQNMLLKLHHGFCT78CB,榮田段,2.75,都市：住,100000,2690,持分移轉,03650000
RPQNMLLKLHHGFCT78CB,榮田段,.71,都市：住,100000,2690,持分移轉,03660000
RPQNMLLKLHHGFCT78CB,榮田段,.67,都市：住,100000,2690,持分移轉,03730000
RPQNMLLKLHHGFCT78CB,榮田段,24.37,都市：住,100000,2690,持分移轉,03740000
RPPNMLLKLHHGFDT78CB,龍帝段,33.60,都市：住,10000,263,持分移轉,08120008
RPQNMLOKLHHGFDT56CB,新孝段,25.48,都市：住,100000,1693,持分移轉,03740000
RPQNMLLKLHHGFDT88CB,龍帝段,35.14,都市：住,10000,275,持分移轉,08120008
RPVNMLOKLHHGFCT96CB,潮中段,30.68,都市：住,10000,338,持分移轉,02380000
RPWNMLOKLHHGFCT07CB,潮中段,25.45,都市：住,10000,623,持分移轉,02380009
RPXNMLRKKHHGFAT17CB,新勝興段,31.26,都市：住,100000,6121,持分移轉,00010000
RPOOMLOKLHHGFCT98CB,潮中段,43.56,都市：住,10000,480,持分移轉,02380000
RPPNMLOKLHHGFDT09CB,關帝段,40.44,都市：住,100000,1763,持分移轉,09660000
RPPOMLOKLHHGFCT09CB,潮中段,30.68,都市：住,10000,338,持分移轉,02380000
RPXNMLOKLHHGFCT17CB,潮中段,43.56,都市：住,10000,480,持分移轉,02380000
RPROMLOKLHHGFCT66CB,榮田段,2.46,都市：住,100000,2673,持分移轉,03620000
RPROMLOKLHHGFCT66CB,榮田段,.53,都市：住,100000,2673,持分移轉,03630000
RPROMLOKLHHGFCT66CB,榮田段,.58,都市：住,100000,2673,持分移轉,03640000
RPROMLOKLHHGFCT66CB,榮田段,2.73,都市：住,100000,2673,持分移轉,03650000
RPROMLOKLHHGFCT66CB,榮田段,.70,都市：住,100000,2673,持分移轉,03660000
RPROMLOKLHHGFCT66CB,榮田段,.67,都市：住,100000,2673,持分移轉,03730000
RPROMLOKLHHGFCT66CB,榮田段,24.22,都市：住,100000,2673,持分移轉,03740000
RPQOMLOKLHHGFCT56CB,潮中段,46.33,都市：住,10000,826,持分移轉,02860000
RPPNMLPKLHHGFAT88CB,檳榔腳段一小段,26.40,都市：住,10000,174,持分移轉,06900000
RPSOMLOKLHHGFCT76CB,榮田段,1.71,都市：住,100000,1865,持分移轉,03620000
RPSOMLOKLHHGFCT76CB,榮田段,.37,都市：住,100000,1865,持分移轉,03630000
RPSOMLOKLHHGFCT76CB,榮田段,.41,都市：住,100000,1865,持分移轉,03640000
RPSOMLOKLHHGFCT76CB,榮田段,1.91,都市：住,100000,1865,持分移轉,03650000
RPSOMLOKLHHGFCT76CB,榮田段,.49,都市：住,100000,1865,持分移轉,03660000
RPSOMLOKLHHGFCT76CB,榮田段,.47,都市：住,100000,1865,持分移轉,03730000
RPSOMLOKLHHGFCT76CB,榮田段,16.90,都市：住,100000,1865,持分移轉,03740000
RPQNMLPKLHHGFCT56CB,榮田段,2.46,都市：住,100000,2673,持分移轉,03620000
RPQNMLPKLHHGFCT56CB,榮田段,.53,都市：住,100000,2673,持分移轉,03630000
RPQNMLPKLHHGFCT56CB,榮田段,.58,都市：住,100000,2673,持分移轉,03640000
RPQNMLPKLHHGFCT56CB,榮田段,2.73,都市：住,100000,2673,持分移轉,03650000
RPQNMLPKLHHGFCT56CB,榮田段,.70,都市：住,100000,2673,持分移轉,03660000
RPQNMLPKLHHGFCT56CB,榮田段,.67,都市：住,100000,2673,持分移轉,03730000
RPQNMLPKLHHGFCT56CB,榮田段,24.22,都市：住,100000,2673,持分移轉,03740000
RPPNMLPKLHHGFCT09CB,榮田段,1.71,都市：住,100000,1865,持分移轉,03620000
RPPNMLPKLHHGFCT09CB,榮田段,.37,都市：住,100000,1865,持分移轉,03630000
RPPNMLPKLHHGFCT09CB,榮田段,.41,都市：住,100000,1865,持分移轉,03640000
RPPNMLPKLHHGFCT09CB,榮田段,1.91,都市：住,100000,1865,持分移轉,03650000
RPPNMLPKLHHGFCT09CB,榮田段,.49,都市：住,100000,1865,持分移轉,03660000
RPPNMLPKLHHGFCT09CB,榮田段,.47,都市：住,100000,1865,持分移轉,03730000
RPPNMLPKLHHGFCT09CB,榮田段,16.90,都市：住,100000,1865,持分移轉,03740000
RPQNMLPKLHHGFAT98CB,歸義段,16.74,非都市：一般農業區 ; 非都市編定：甲種建築用地,100000,617,持分移轉,05370000
RPQNMLPKLHHGFAT98CB,歸義段,.99,非都市：一般農業區 ; 非都市編定：丁種建築用地,100000,617,持分移轉,05360002
RPRNMLPKLHHGFAT09CB,歸義段,26.04,非都市：一般農業區 ; 非都市編定：甲種建築用地,100000,960,持分移轉,05370000
RPRNMLPKLHHGFAT09CB,歸義段,1.55,非都市：一般農業區 ; 非都市編定：丁種建築用地,100000,960,持分移轉,05360002
RPRNMLPKLHHGFCT66CB,榮田段,2.34,都市：住,100000,2550,持分移轉,03620000
RPRNMLPKLHHGFCT66CB,榮田段,.51,都市：住,100000,2550,持分移轉,03630000
RPRNMLPKLHHGFCT66CB,榮田段,.55,都市：住,100000,2550,持分移轉,03640000
RPRNMLPKLHHGFCT66CB,榮田段,2.61,都市：住,100000,2550,持分移轉,03650000
RPRNMLPKLHHGFCT66CB,榮田段,.67,都市：住,100000,2550,持分移轉,03660000
RPRNMLPKLHHGFCT66CB,榮田段,.64,都市：住,100000,2550,持分移轉,03730000
RPRNMLPKLHHGFCT66CB,榮田段,23.10,都市：住,100000,2550,持分移轉,03740000
RPSNMLPKLHHGFAT56CB,廣興段,27.10,非都市：鄉村區 ; 非都市編定：乙種建築用地,1000000,12905,持分移轉,10110000
RPTNMLPKLHHGFAT66CB,歸義段,17.01,非都市：一般農業區 ; 非都市編定：甲種建築用地,100000,627,持分移轉,05370000
RPTNMLPKLHHGFAT66CB,歸義段,1.01,非都市：一般農業區 ; 非都市編定：丁種建築用地,100000,627,持分移轉,05360002
RPWNMLPKLHHGFAT96CB,廣興段,27.10,非都市：鄉村區 ; 非都市編定：乙種建築用地,1000000,12905,持分移轉,10110000
RPOOMLPKLHHGFAT88CB,廣興段,27.10,非都市：鄉村區 ; 非都市編定：乙種建築用地,1000000,12905,持分移轉,10110000
RPVNMLPKLHHGFAT86CB,歸義段,16.98,非都市：一般農業區 ; 非都市編定：甲種建築用地,100000,626,持分移轉,05370000
RPVNMLPKLHHGFAT86CB,歸義段,1.01,非都市：一般農業區 ; 非都市編定：丁種建築用地,100000,626,持分移轉,05360002
RPROMLPKLHHGFAT56CB,廣興段,22.48,非都市：鄉村區 ; 非都市編定：乙種建築用地,1000000,10705,持分移轉,10110000
RPXNMLPKLHHGFAT07CB,歸義段,17.01,非都市：一般農業區 ; 非都市編定：甲種建築用地,100000,627,持分移轉,05370000
RPXNMLPKLHHGFAT07CB,歸義段,1.01,非都市：一般農業區 ; 非都市編定：丁種建築用地,100000,627,持分移轉,05360002
RPQOMLPKLHHGFAT09CB,廣興段,27.10,非都市：鄉村區 ; 非都市編定：乙種建築用地,1000000,12905,持分移轉,10110000
RPPNMLQKLHHGFAT98CB,新安段,25.97,非都市：鄉村區 ; 非都市編定：乙種建築用地,1000000,6810,持分移轉,13210000
RPPNMLQKLHHGFDT66CB,新孝段,37.86,都市：住,100000,2516,持分移轉,03740000
RPSNMLLLKHHGFAT78CB,香揚段一小段,4.58,都市：住,100000,154,持分移轉,00300000
RPSNMLLLKHHGFAT78CB,香揚段一小段,1.25,都市：住,100000,154,持分移轉,00300001
RPSNMLLLKHHGFAT78CB,香揚段一小段,15.79,都市：住,100000,154,持分移轉,00120000
RPSNMLLLKHHGFAT78CB,香揚段一小段,4.37,都市：住,100000,154,持分移轉,00120001
RPPNMLSLKHHGFDT86CB,大東段一小段,131.04,都市：住,1,1,全筆移轉,00490000
RPQNMLQKLHHGFAT09CB,新安段,21.83,非都市：鄉村區 ; 非都市編定：乙種建築用地,1000000,5725,持分移轉,13210000
RPQNMLQKLHHGFDT76CB,新孝段,25.48,都市：住,100000,1693,持分移轉,03740000
RPPNMLQKLHHGFBT09CB,?南段,72.70,都市：住,1,1,全筆移轉,04520006
RPPNMLQKLHHGFBT09CB,?南段,21.06,都市：住,8,1,持分移轉,04520000
RPPNMLQKLHHGFBT09CB,?南段,4.61,都市：住,8,1,持分移轉,04530000
RPQNMLSKLHHGFCT86CB,榮田段,1.61,都市：住,100000,1755,持分移轉,03620000
RPQNMLSKLHHGFCT86CB,榮田段,.35,都市：住,100000,1755,持分移轉,03630000
RPQNMLSKLHHGFCT86CB,榮田段,.38,都市：住,100000,1755,持分移轉,03640000
RPQNMLSKLHHGFCT86CB,榮田段,1.80,都市：住,100000,1755,持分移轉,03650000
RPQNMLSKLHHGFCT86CB,榮田段,.46,都市：住,100000,1755,持分移轉,03660000
RPQNMLSKLHHGFCT86CB,榮田段,.44,都市：住,100000,1755,持分移轉,03730000
RPQNMLSKLHHGFCT86CB,榮田段,15.90,都市：住,100000,1755,持分移轉,03740000
RPPNMLSKLHHGFCT76CB,榮田段,1.63,都市：住,100000,1773,持分移轉,03620000
RPPNMLSKLHHGFCT76CB,榮田段,.35,都市：住,100000,1773,持分移轉,03630000
RPPNMLSKLHHGFCT76CB,榮田段,.39,都市：住,100000,1773,持分移轉,03640000
RPPNMLSKLHHGFCT76CB,榮田段,1.81,都市：住,100000,1773,持分移轉,03650000
RPPNMLSKLHHGFCT76CB,榮田段,.47,都市：住,100000,1773,持分移轉,03660000
RPPNMLSKLHHGFCT76CB,榮田段,.44,都市：住,100000,1773,持分移轉,03730000
RPPNMLSKLHHGFCT76CB,榮田段,16.06,都市：住,100000,1773,持分移轉,03740000
RPRNMLSKLHHGFCT96CB,榮田段,1.71,都市：住,100000,1865,持分移轉,03620000
RPRNMLSKLHHGFCT96CB,榮田段,.37,都市：住,100000,1865,持分移轉,03630000
RPRNMLSKLHHGFCT96CB,榮田段,.41,都市：住,100000,1865,持分移轉,03640000
RPRNMLSKLHHGFCT96CB,榮田段,1.91,都市：住,100000,1865,持分移轉,03650000
RPRNMLSKLHHGFCT96CB,榮田段,.49,都市：住,100000,1865,持分移轉,03660000
RPRNMLSKLHHGFCT96CB,榮田段,.47,都市：住,100000,1865,持分移轉,03730000
RPRNMLSKLHHGFCT96CB,榮田段,16.90,都市：住,100000,1865,持分移轉,03740000
RPTNMLSKLHHGFCT17CB,榮田段,1.71,都市：住,100000,1865,持分移轉,03620000
RPTNMLSKLHHGFCT17CB,榮田段,.37,都市：住,100000,1865,持分移轉,03630000
RPTNMLSKLHHGFCT17CB,榮田段,.41,都市：住,100000,1865,持分移轉,03640000
RPTNMLSKLHHGFCT17CB,榮田段,1.91,都市：住,100000,1865,持分移轉,03650000
RPTNMLSKLHHGFCT17CB,榮田段,.49,都市：住,100000,1865,持分移轉,03660000
RPTNMLSKLHHGFCT17CB,榮田段,.47,都市：住,100000,1865,持分移轉,03730000
RPTNMLSKLHHGFCT17CB,榮田段,16.90,都市：住,100000,1865,持分移轉,03740000
RPSNMLSKLHHGFCT07CB,榮田段,2.34,都市：住,100000,2550,持分移轉,03620000
RPSNMLSKLHHGFCT07CB,榮田段,.51,都市：住,100000,2550,持分移轉,03630000
RPSNMLSKLHHGFCT07CB,榮田段,.55,都市：住,100000,2550,持分移轉,03640000
RPSNMLSKLHHGFCT07CB,榮田段,2.61,都市：住,100000,2550,持分移轉,03650000
RPSNMLSKLHHGFCT07CB,榮田段,.67,都市：住,100000,2550,持分移轉,03660000
RPSNMLSKLHHGFCT07CB,榮田段,.64,都市：住,100000,2550,持分移轉,03730000
RPSNMLSKLHHGFCT07CB,榮田段,23.10,都市：住,100000,2550,持分移轉,03740000
RPPNMLKLLHHGFAT48CB,寶厝段,29.03,都市：住,10000,225,持分移轉,07150040
RPUNMLSKLHHGFCT27CB,榮田段,2.47,都市：住,100000,2690,持分移轉,03620000
RPUNMLSKLHHGFCT27CB,榮田段,.54,都市：住,100000,2690,持分移轉,03630000
RPUNMLSKLHHGFCT27CB,榮田段,.58,都市：住,100000,2690,持分移轉,03640000
RPRNMLLLLHHGFCT98CB,榮田段,2.34,都市：住,100000,2550,持分移轉,03620000
RPPNMLLLLHHGFAT58CB,歸義段,26.02,非都市：一般農業區 ; 非都市編定：甲種建築用地,100000,959,持分移轉,05370000
RPPNMLLLLHHGFAT58CB,歸義段,1.55,非都市：一般農業區 ; 非都市編定：丁種建築用地,100000,959,持分移轉,05360002
RPRNMLLLLHHGFCT98CB,榮田段,.51,都市：住,100000,2550,持分移轉,03630000
RPRNMLLLLHHGFCT98CB,榮田段,.55,都市：住,100000,2550,持分移轉,03640000
RPRNMLLLLHHGFCT98CB,榮田段,2.61,都市：住,100000,2550,持分移轉,03650000
RPRNMLLLLHHGFCT98CB,榮田段,.67,都市：住,100000,2550,持分移轉,03660000
RPRNMLLLLHHGFCT98CB,榮田段,.64,都市：住,100000,2550,持分移轉,03730000
RPRNMLLLLHHGFCT98CB,榮田段,23.10,都市：住,100000,2550,持分移轉,03740000
RPUNMLSKLHHGFCT27CB,榮田段,2.75,都市：住,100000,2690,持分移轉,03650000
RPUNMLSKLHHGFCT27CB,榮田段,.71,都市：住,100000,2690,持分移轉,03660000
RPUNMLSKLHHGFCT27CB,榮田段,.67,都市：住,100000,2690,持分移轉,03730000
RPUNMLSKLHHGFCT27CB,榮田段,24.37,都市：住,100000,2690,持分移轉,03740000
RPSNMLLLLHHGFCT09CB,榮田段,2.34,都市：住,100000,2550,持分移轉,03620000
RPSNMLLLLHHGFCT09CB,榮田段,.51,都市：住,100000,2550,持分移轉,03630000
RPSNMLLLLHHGFCT09CB,榮田段,.55,都市：住,100000,2550,持分移轉,03640000
RPSNMLLLLHHGFCT09CB,榮田段,2.61,都市：住,100000,2550,持分移轉,03650000
RPSNMLLLLHHGFCT09CB,榮田段,.67,都市：住,100000,2550,持分移轉,03660000
RPSNMLLLLHHGFCT09CB,榮田段,.64,都市：住,100000,2550,持分移轉,03730000
RPSNMLLLLHHGFCT09CB,榮田段,23.10,都市：住,100000,2550,持分移轉,03740000
RPPNMLMLLHHGFCT88CB,崙潮段,88.44,非都市：一般農業區 ; 非都市編定：甲種建築用地,1,1,全筆移轉,03550031
RPPNMLMLLHHGFCT88CB,崙潮段,30.15,非都市：一般農業區 ; 非都市編定：甲種建築用地,13,1,持分移轉,03550022
RPQNMLMLLHHGFDT09CB,新孝段,113.60,都市：住,1,1,全筆移轉,11720003
RPRNMLNLLHHGFDT66CB,新孝段,26.89,都市：住,100000,1787,持分移轉,03740000
RPSNMLNLLHHGFDT76CB,新孝段,24.95,都市：住,100000,1658,持分移轉,03740000
RPPNMLNLLHHGFAT78CB,檳榔腳段一小段,26.40,都市：住,10000,174,持分移轉,06900000
RPPNMLNLLHHGFDT09CB,新孝段,26.89,都市：住,100000,1787,持分移轉,03740000
RPQNMLOLLHHGFAT98CB,香揚段一小段,4.91,都市：住,100000,165,持分移轉,00300000
RPQNMLOLLHHGFAT98CB,香揚段一小段,1.34,都市：住,100000,165,持分移轉,00300001
RPQNMLOLLHHGFAT98CB,香揚段一小段,16.91,都市：住,100000,165,持分移轉,00120000
RPQNMLOLLHHGFAT98CB,香揚段一小段,4.68,都市：住,100000,165,持分移轉,00120001
RPQNMLNLLHHGFAT88CB,檳榔腳段一小段,32.92,都市：住,10000,217,持分移轉,06900000
RPSNMLOLLHHGFAT56CB,香揚段一小段,6.51,都市：住,100000,219,持分移轉,00300000
RPPNMLOLLHHGFAT88CB,香揚段一小段,4.93,都市：住,100000,166,持分移轉,00300000
RPSNMLOLLHHGFAT56CB,香揚段一小段,1.78,都市：住,100000,219,持分移轉,00300001
RPPNMLOLLHHGFAT88CB,香揚段一小段,1.35,都市：住,100000,166,持分移轉,00300001
RPSNMLOLLHHGFAT56CB,香揚段一小段,22.45,都市：住,100000,219,持分移轉,00120000
RPPNMLOLLHHGFAT88CB,香揚段一小段,17.02,都市：住,100000,166,持分移轉,00120000
RPPNMLOLLHHGFAT88CB,香揚段一小段,4.71,都市：住,100000,166,持分移轉,00120001
RPSNMLOLLHHGFAT56CB,香揚段一小段,6.21,都市：住,100000,219,持分移轉,00120001
RPRNMLOLLHHGFAT09CB,香揚段一小段,4.91,都市：住,100000,165,持分移轉,00300000
RPRNMLOLLHHGFAT09CB,香揚段一小段,1.34,都市：住,100000,165,持分移轉,00300001
RPRNMLOLLHHGFAT09CB,香揚段一小段,16.91,都市：住,100000,165,持分移轉,00120000
RPRNMLOLLHHGFAT09CB,香揚段一小段,4.68,都市：住,100000,165,持分移轉,00120001
RPTNMLOLLHHGFAT66CB,香揚段一小段,4.73,都市：住,100000,159,持分移轉,00300000
RPTNMLOLLHHGFAT66CB,香揚段一小段,1.29,都市：住,100000,159,持分移轉,00300001
RPTNMLOLLHHGFAT66CB,香揚段一小段,16.30,都市：住,100000,159,持分移轉,00120000
RPUNMLOLLHHGFAT76CB,香揚段一小段,12.72,都市：住,100000,428,持分移轉,00300000
RPTNMLOLLHHGFAT66CB,香揚段一小段,4.51,都市：住,100000,159,持分移轉,00120001
RPUNMLOLLHHGFAT76CB,香揚段一小段,3.48,都市：住,100000,428,持分移轉,00300001
RPUNMLOLLHHGFAT76CB,香揚段一小段,43.87,都市：住,100000,428,持分移轉,00120000
RPUNMLOLLHHGFAT76CB,香揚段一小段,12.14,都市：住,100000,428,持分移轉,00120001
RPVNMLOLLHHGFAT86CB,香揚段一小段,4.93,都市：住,100000,166,持分移轉,00300000
RPVNMLOLLHHGFAT86CB,香揚段一小段,1.35,都市：住,100000,166,持分移轉,00300001
RPVNMLOLLHHGFAT86CB,香揚段一小段,17.02,都市：住,100000,166,持分移轉,00120000
RPVNMLOLLHHGFAT86CB,香揚段一小段,4.71,都市：住,100000,166,持分移轉,00120001
RPXNMLOLLHHGFAT07CB,香揚段一小段,4.91,都市：住,100000,165,持分移轉,00300000
RPXNMLOLLHHGFAT07CB,香揚段一小段,1.34,都市：住,100000,165,持分移轉,00300001
RPXNMLOLLHHGFAT07CB,香揚段一小段,16.91,都市：住,100000,165,持分移轉,00120000
RPXNMLOLLHHGFAT07CB,香揚段一小段,4.68,都市：住,100000,165,持分移轉,00120001
RPWNMLOLLHHGFAT96CB,香揚段一小段,6.51,都市：住,100000,219,持分移轉,00300000
RPWNMLOLLHHGFAT96CB,香揚段一小段,1.78,都市：住,100000,219,持分移轉,00300001
RPWNMLOLLHHGFAT96CB,香揚段一小段,22.45,都市：住,100000,219,持分移轉,00120000
RPWNMLOLLHHGFAT96CB,香揚段一小段,6.21,都市：住,100000,219,持分移轉,00120001
RPQOMLOLLHHGFAT09CB,香揚段一小段,4.91,都市：住,100000,165,持分移轉,00300000
RPQOMLOLLHHGFAT09CB,香揚段一小段,1.34,都市：住,100000,165,持分移轉,00300001
RPQOMLOLLHHGFAT09CB,香揚段一小段,16.91,都市：住,100000,165,持分移轉,00120000
RPQOMLOLLHHGFAT09CB,香揚段一小段,4.68,都市：住,100000,165,持分移轉,00120001
RPOOMLOLLHHGFAT88CB,香揚段一小段,3.45,都市：住,100000,116,持分移轉,00300000
RPOOMLOLLHHGFAT88CB,香揚段一小段,.94,都市：住,100000,116,持分移轉,00300001
RPOOMLOLLHHGFAT88CB,香揚段一小段,11.89,都市：住,100000,116,持分移轉,00120000
RPOOMLOLLHHGFAT88CB,香揚段一小段,3.29,都市：住,100000,116,持分移轉,00120001
RPROMLOLLHHGFAT56CB,香揚段一小段,4.73,都市：住,100000,159,持分移轉,00300000
RPROMLOLLHHGFAT56CB,香揚段一小段,1.29,都市：住,100000,159,持分移轉,00300001
RPROMLOLLHHGFAT56CB,香揚段一小段,16.30,都市：住,100000,159,持分移轉,00120000
RPROMLOLLHHGFAT56CB,香揚段一小段,4.51,都市：住,100000,159,持分移轉,00120001
RPPOMLOLLHHGFAT98CB,香揚段一小段,4.93,都市：住,100000,166,持分移轉,00300000
RPPOMLOLLHHGFAT98CB,香揚段一小段,1.35,都市：住,100000,166,持分移轉,00300001
RPPOMLOLLHHGFAT98CB,香揚段一小段,17.02,都市：住,100000,166,持分移轉,00120000
RPPOMLOLLHHGFAT98CB,香揚段一小段,4.71,都市：住,100000,166,持分移轉,00120001
RPTOMLOLLHHGFAT76CB,香揚段一小段,6.51,都市：住,100000,219,持分移轉,00300000
RPTOMLOLLHHGFAT76CB,香揚段一小段,1.78,都市：住,100000,219,持分移轉,00300001
RPTOMLOLLHHGFAT76CB,香揚段一小段,22.45,都市：住,100000,219,持分移轉,00120000
RPTOMLOLLHHGFAT76CB,香揚段一小段,6.21,都市：住,100000,219,持分移轉,00120001
RPUOMLOLLHHGFAT86CB,香揚段一小段,5.05,都市：住,100000,170,持分移轉,00300000
RPUOMLOLLHHGFAT86CB,香揚段一小段,1.38,都市：住,100000,170,持分移轉,00300001
RPUOMLOLLHHGFAT86CB,香揚段一小段,17.43,都市：住,100000,170,持分移轉,00120000
RPUOMLOLLHHGFAT86CB,香揚段一小段,4.82,都市：住,100000,170,持分移轉,00120001
RPWOMLOLLHHGFAT07CB,香揚段一小段,4.93,都市：住,100000,166,持分移轉,00300000
RPWOMLOLLHHGFAT07CB,香揚段一小段,1.35,都市：住,100000,166,持分移轉,00300001
RPWOMLOLLHHGFAT07CB,香揚段一小段,17.02,都市：住,100000,166,持分移轉,00120000
RPWOMLOLLHHGFAT07CB,香揚段一小段,4.71,都市：住,100000,166,持分移轉,00120001
RPSOMLOLLHHGFAT66CB,香揚段一小段,4.93,都市：住,100000,166,持分移轉,00300000
RPSOMLOLLHHGFAT66CB,香揚段一小段,1.35,都市：住,100000,166,持分移轉,00300001
RPSOMLOLLHHGFAT66CB,香揚段一小段,17.02,都市：住,100000,166,持分移轉,00120000
RPSOMLOLLHHGFAT66CB,香揚段一小段,4.71,都市：住,100000,166,持分移轉,00120001
RPVOMLOLLHHGFAT96CB,香揚段一小段,2.94,都市：住,100000,99,持分移轉,00300000
RPVOMLOLLHHGFAT96CB,香揚段一小段,.81,都市：住,100000,99,持分移轉,00300001
RPVOMLOLLHHGFAT96CB,香揚段一小段,10.15,都市：住,100000,99,持分移轉,00120000
RPVOMLOLLHHGFAT96CB,香揚段一小段,2.81,都市：住,100000,99,持分移轉,00120001
RPXOMLOLLHHGFAT17CB,香揚段一小段,12.87,都市：住,100000,433,持分移轉,00300000
RPXOMLOLLHHGFAT17CB,香揚段一小段,3.52,都市：住,100000,433,持分移轉,00300001
RPXOMLOLLHHGFAT17CB,香揚段一小段,44.38,都市：住,100000,433,持分移轉,00120000
RPXOMLOLLHHGFAT17CB,香揚段一小段,12.28,都市：住,100000,433,持分移轉,00120001
RPOPMLOLLHHGFAT98CB,香揚段一小段,4.93,都市：住,100000,166,持分移轉,00300000
RPOPMLOLLHHGFAT98CB,香揚段一小段,1.35,都市：住,100000,166,持分移轉,00300001
RPOPMLOLLHHGFAT98CB,香揚段一小段,17.02,都市：住,100000,166,持分移轉,00120000
RPOPMLOLLHHGFAT98CB,香揚段一小段,4.71,都市：住,100000,166,持分移轉,00120001
RPPPMLOLLHHGFAT09CB,香揚段一小段,4.93,都市：住,100000,166,持分移轉,00300000
RPPPMLOLLHHGFAT09CB,香揚段一小段,1.35,都市：住,100000,166,持分移轉,00300001
RPPPMLOLLHHGFAT09CB,香揚段一小段,17.02,都市：住,100000,166,持分移轉,00120000
RPPPMLOLLHHGFAT09CB,香揚段一小段,4.71,都市：住,100000,166,持分移轉,00120001
RPRNMLOLLHHGFCT66CB,榮田段,2.46,都市：住,100000,2673,持分移轉,03620000
RPRNMLOLLHHGFCT66CB,榮田段,.53,都市：住,100000,2673,持分移轉,03630000
RPRNMLOLLHHGFCT66CB,榮田段,.58,都市：住,100000,2673,持分移轉,03640000
RPRNMLOLLHHGFCT66CB,榮田段,2.73,都市：住,100000,2673,持分移轉,03650000
RPRNMLOLLHHGFCT66CB,榮田段,.70,都市：住,100000,2673,持分移轉,03660000
RPRNMLOLLHHGFCT66CB,榮田段,.67,都市：住,100000,2673,持分移轉,03730000
RPRNMLOLLHHGFCT66CB,榮田段,24.22,都市：住,100000,2673,持分移轉,03740000
RPPNMLOLLHHGFCT09CB,榮田段,1.61,都市：住,100000,1755,持分移轉,03620000
RPPNMLOLLHHGFCT09CB,榮田段,.35,都市：住,100000,1755,持分移轉,03630000
RPPNMLOLLHHGFCT09CB,榮田段,.38,都市：住,100000,1755,持分移轉,03640000
RPPNMLOLLHHGFCT09CB,榮田段,1.80,都市：住,100000,1755,持分移轉,03650000
RPPNMLOLLHHGFCT09CB,榮田段,.46,都市：住,100000,1755,持分移轉,03660000
RPTNMLOLLHHGFCT86CB,榮田段,2.34,都市：住,100000,2550,持分移轉,03620000
RPPNMLOLLHHGFCT09CB,榮田段,.44,都市：住,100000,1755,持分移轉,03730000
RPTNMLOLLHHGFCT86CB,榮田段,.51,都市：住,100000,2550,持分移轉,03630000
RPPNMLOLLHHGFCT09CB,榮田段,15.90,都市：住,100000,1755,持分移轉,03740000
RPTNMLOLLHHGFCT86CB,榮田段,.55,都市：住,100000,2550,持分移轉,03640000
RPTNMLOLLHHGFCT86CB,榮田段,2.61,都市：住,100000,2550,持分移轉,03650000
RPTNMLOLLHHGFCT86CB,榮田段,.67,都市：住,100000,2550,持分移轉,03660000
RPTNMLOLLHHGFCT86CB,榮田段,.64,都市：住,100000,2550,持分移轉,03730000
RPTNMLOLLHHGFCT86CB,榮田段,23.10,都市：住,100000,2550,持分移轉,03740000
RPUNMLOLLHHGFCT96CB,榮田段,1.63,都市：住,100000,1773,持分移轉,03620000
RPUNMLOLLHHGFCT96CB,榮田段,.35,都市：住,100000,1773,持分移轉,03630000
RPUNMLOLLHHGFCT96CB,榮田段,.39,都市：住,100000,1773,持分移轉,03640000
RPUNMLOLLHHGFCT96CB,榮田段,1.81,都市：住,100000,1773,持分移轉,03650000
RPUNMLOLLHHGFCT96CB,榮田段,.47,都市：住,100000,1773,持分移轉,03660000
RPUNMLOLLHHGFCT96CB,榮田段,.44,都市：住,100000,1773,持分移轉,03730000
RPUNMLOLLHHGFCT96CB,榮田段,16.06,都市：住,100000,1773,持分移轉,03740000
RPSNMLOLLHHGFCT76CB,榮田段,2.46,都市：住,100000,2673,持分移轉,03620000
RPSNMLOLLHHGFCT76CB,榮田段,.53,都市：住,100000,2673,持分移轉,03630000
RPSNMLOLLHHGFCT76CB,榮田段,.58,都市：住,100000,2673,持分移轉,03640000
RPSNMLOLLHHGFCT76CB,榮田段,2.73,都市：住,100000,2673,持分移轉,03650000
RPSNMLOLLHHGFCT76CB,榮田段,.70,都市：住,100000,2673,持分移轉,03660000
RPSNMLOLLHHGFCT76CB,榮田段,.67,都市：住,100000,2673,持分移轉,03730000
RPSNMLOLLHHGFCT76CB,榮田段,24.22,都市：住,100000,2673,持分移轉,03740000
RPQNMLOLLHHGFCT56CB,榮田段,2.34,都市：住,100000,2550,持分移轉,03620000
RPQNMLOLLHHGFCT56CB,榮田段,.51,都市：住,100000,2550,持分移轉,03630000
RPQNMLOLLHHGFCT56CB,榮田段,.55,都市：住,100000,2550,持分移轉,03640000
RPQNMLOLLHHGFCT56CB,榮田段,2.61,都市：住,100000,2550,持分移轉,03650000
RPQNMLOLLHHGFCT56CB,榮田段,.67,都市：住,100000,2550,持分移轉,03660000
RPQNMLOLLHHGFCT56CB,榮田段,.64,都市：住,100000,2550,持分移轉,03730000
RPQNMLOLLHHGFCT56CB,榮田段,23.10,都市：住,100000,2550,持分移轉,03740000
RPVNMLOLLHHGFCT07CB,榮田段,1.63,都市：住,100000,1773,持分移轉,03620000
RPVNMLOLLHHGFCT07CB,榮田段,.35,都市：住,100000,1773,持分移轉,03630000
RPVNMLOLLHHGFCT07CB,榮田段,.39,都市：住,100000,1773,持分移轉,03640000
RPVNMLOLLHHGFCT07CB,榮田段,1.81,都市：住,100000,1773,持分移轉,03650000
RPVNMLOLLHHGFCT07CB,榮田段,.47,都市：住,100000,1773,持分移轉,03660000
RPVNMLOLLHHGFCT07CB,榮田段,.44,都市：住,100000,1773,持分移轉,03730000
RPVNMLOLLHHGFCT07CB,榮田段,16.06,都市：住,100000,1773,持分移轉,03740000
RPQPMLOLLHHGFAT56CB,香揚段一小段,6.51,都市：住,100000,219,持分移轉,00300000
RPQPMLOLLHHGFAT56CB,香揚段一小段,1.78,都市：住,100000,219,持分移轉,00300001
RPQPMLOLLHHGFAT56CB,香揚段一小段,22.45,都市：住,100000,219,持分移轉,00120000
RPQPMLOLLHHGFAT56CB,香揚段一小段,6.21,都市：住,100000,219,持分移轉,00120001
RPXNMLOLLHHGFCT27CB,榮田段,1.61,都市：住,100000,1755,持分移轉,03620000
RPXNMLOLLHHGFCT27CB,榮田段,.35,都市：住,100000,1755,持分移轉,03630000
RPXNMLOLLHHGFCT27CB,榮田段,.38,都市：住,100000,1755,持分移轉,03640000
RPXNMLOLLHHGFCT27CB,榮田段,1.80,都市：住,100000,1755,持分移轉,03650000
RPXNMLOLLHHGFCT27CB,榮田段,.46,都市：住,100000,1755,持分移轉,03660000
RPXNMLOLLHHGFCT27CB,榮田段,.44,都市：住,100000,1755,持分移轉,03730000
RPXNMLOLLHHGFCT27CB,榮田段,15.90,都市：住,100000,1755,持分移轉,03740000
RPPNMLPLLHHGFBT09CB,過江段,.29,都市：住,1000,49,持分移轉,00370000
RPPNMLPLLHHGFBT09CB,過江段,45.28,都市：住,1000,49,持分移轉,00380000
RPWNMLOLLHHGFCT17CB,榮田段,1.61,都市：住,100000,1755,持分移轉,03620000
RPWNMLOLLHHGFCT17CB,榮田段,.35,都市：住,100000,1755,持分移轉,03630000
RPWNMLOLLHHGFCT17CB,榮田段,.38,都市：住,100000,1755,持分移轉,03640000
RPWNMLOLLHHGFCT17CB,榮田段,1.80,都市：住,100000,1755,持分移轉,03650000
RPWNMLOLLHHGFCT17CB,榮田段,.46,都市：住,100000,1755,持分移轉,03660000
RPWNMLOLLHHGFCT17CB,榮田段,.44,都市：住,100000,1755,持分移轉,03730000
RPWNMLOLLHHGFCT17CB,榮田段,15.90,都市：住,100000,1755,持分移轉,03740000
RPPNMLPLLHHGFCT56CB,榮田段,1.71,都市：住,100000,1865,持分移轉,03620000
RPPNMLPLLHHGFCT56CB,榮田段,.37,都市：住,100000,1865,持分移轉,03630000
RPPNMLPLLHHGFCT56CB,榮田段,.41,都市：住,100000,1865,持分移轉,03640000
RPPNMLPLLHHGFCT56CB,榮田段,1.91,都市：住,100000,1865,持分移轉,03650000
RPPNMLPLLHHGFCT56CB,榮田段,.49,都市：住,100000,1865,持分移轉,03660000
RPPNMLPLLHHGFAT98CB,新安段,21.83,非都市：鄉村區 ; 非都市編定：乙種建築用地,1000000,5725,持分移轉,13210000
RPPNMLPLLHHGFCT56CB,榮田段,.47,都市：住,100000,1865,持分移轉,03730000
RPPNMLPLLHHGFCT56CB,榮田段,16.90,都市：住,100000,1865,持分移轉,03740000
RPPNMLQLLHHGFAT09CB,新安段,29.19,非都市：鄉村區 ; 非都市編定：乙種建築用地,1000000,7655,持分移轉,13210000
RPPNMLSLLHHGFDT96CB,大東段一小段,82.71,都市：住,1,1,全筆移轉,00490007
RPPNMLQLLHHGFDT76CB,關帝段,39.91,都市：住,100000,1740,持分移轉,09660000
RPQNMLPLLHHGFBT56CB,過江段,.29,都市：住,1000,49,持分移轉,00370000
RPQNMLPLLHHGFBT56CB,過江段,45.28,都市：住,1000,49,持分移轉,00380000
RPRNMLSLLHHGFDT17CB,大東段一小段,82.80,都市：住,1,1,全筆移轉,00490016
RPQNMLQLLHHGFDT86CB,關帝段,34.06,都市：住,100000,1485,持分移轉,09660000
RPUNMLPKLHHGFAT76CB,廣興段,27.10,非都市：鄉村區 ; 非都市編定：乙種建築用地,1000000,12905,持分移轉,10110000
RPQNMLSLLHHGFDT07CB,大東段一小段,112.50,都市：住,1,1,全筆移轉,00490010
RPPNMLSLLHHGFCT86CB,潮中段,93.03,都市：住,1,1,全筆移轉,02860010
RPPNMLSLLHHGFCT86CB,潮中段,1.43,都市：住,1,1,全筆移轉,03180003
RPUNMLSLLHHGFDT47CB,新義段,32.17,都市：住,100000,808,持分移轉,00070010
RPSNMLSLLHHGFDT27CB,大東段一小段,83.06,都市：住,1,1,全筆移轉,00490006
RPSNMLSLLHHGFCT17CB,和興段,30.92,都市：住,100000,1060,持分移轉,01880000
RPVNMLSLLHHGFDT57CB,新義段,30.94,都市：住,100000,777,持分移轉,00070010
RPQNMLSLLHHGFCT96CB,潮中段,90.00,都市：住,1,1,全筆移轉,02860006
RPRNMLSLLHHGFCT07CB,潮中段,82.31,都市：住,1,1,全筆移轉,02860012
RPRNMLSLLHHGFCT07CB,潮中段,4.08,都市：住,1,1,全筆移轉,03180005
RPPNMLSLLHHGFAT66CB,豐田段,52.43,都市：住,422000,52428,持分移轉,04040000
RPPNMLTLLHHGFDT07CB,新義段,30.94,都市：住,100000,777,持分移轉,00070010
RPRNMLTLLHHGFDT27CB,新義段,32.17,都市：住,100000,808,持分移轉,00070010
RPUNMLSLLHHGFCT37CB,和興段,20.04,都市：住,100000,687,持分移轉,01880000
RPPNMLSLLHHGFDT07DB,新孝段,26.89,都市：住,100000,1787,持分移轉,03740000
RPSNMLTLLHHGFDT37CB,新義段,32.17,都市：住,100000,808,持分移轉,00070010
RPPNMLTLLHHGFAT76CB,新安段,29.19,非都市：鄉村區 ; 非都市編定：乙種建築用地,1000000,7655,持分移轉,13210000
RPUNMLTLLHHGFDT57CB,新義段,32.17,都市：住,100000,808,持分移轉,00070010
RPQNMLTLLHHGFDT17CB,新義段,32.17,都市：住,100000,808,持分移轉,00070010
RPTNMLTLLHHGFDT47CB,新義段,30.86,都市：住,100000,775,持分移轉,00070010
RPWNMLTLLHHGFDT77CB,新義段,32.17,都市：住,100000,808,持分移轉,00070010
RPXNMLTLLHHGFDT87CB,新義段,30.94,都市：住,100000,777,持分移轉,00070010
RPPNMLKMLHHGFDT88CB,新義段,32.17,都市：住,100000,808,持分移轉,00070010
RPVNMLTLLHHGFDT67CB,新義段,30.90,都市：住,100000,776,持分移轉,00070010
RPQNMLKMLHHGFDT98CB,新義段,30.86,都市：住,100000,775,持分移轉,00070010
RPPOMLTLLHHGFDT17CB,關帝段,33.14,都市：住,100000,1445,持分移轉,09660000
RPTNMLKMLHHGFDT66CB,新義段,32.17,都市：住,100000,808,持分移轉,00070010
RPUNMLKMLHHGFDT76CB,新義段,20.95,都市：住,100000,526,持分移轉,00070010
RPRNMLKMLHHGFDT09CB,新義段,30.94,都市：住,100000,777,持分移轉,00070010
RPQNMLKMLHHGFCT88CB,和興段,21.20,都市：住,100000,727,持分移轉,01880000
RPSNMLLMLHHGFAT98CB,洛陽段,124.00,都市：住,1,1,全筆移轉,01120009
RPSNMLLMLHHGFAT98CB,洛陽段,.38,都市：住,29,1,持分移轉,01160005
RPSNMLLMLHHGFAT98CB,洛陽段,11.75,都市：住,12,1,持分移轉,01120005
RPQNMLLJMHHGFCT78CB,榮田段,2.47,都市：住,100000,2690,持分移轉,03620000
RPQNMLLJMHHGFCT78CB,榮田段,.54,都市：住,100000,2690,持分移轉,03630000
RPQNMLLJMHHGFCT78CB,榮田段,.58,都市：住,100000,2690,持分移轉,03640000
RPQNMLLJMHHGFCT78CB,榮田段,2.75,都市：住,100000,2690,持分移轉,03650000
RPQNMLLJMHHGFCT78CB,榮田段,.71,都市：住,100000,2690,持分移轉,03660000
RPQNMLLJMHHGFCT78CB,榮田段,.67,都市：住,100000,2690,持分移轉,03730000
RPQNMLLJMHHGFCT78CB,榮田段,24.37,都市：住,100000,2690,持分移轉,03740000
RPTNMLLJMHHGFCT09CB,榮田段,2.34,都市：住,100000,2550,持分移轉,03620000
RPTNMLLJMHHGFCT09CB,榮田段,.51,都市：住,100000,2550,持分移轉,03630000
RPTNMLLJMHHGFCT09CB,榮田段,.55,都市：住,100000,2550,持分移轉,03640000
RPTNMLLJMHHGFCT09CB,榮田段,2.61,都市：住,100000,2550,持分移轉,03650000
RPTNMLLJMHHGFCT09CB,榮田段,.67,都市：住,100000,2550,持分移轉,03660000
RPTNMLLJMHHGFCT09CB,榮田段,.64,都市：住,100000,2550,持分移轉,03730000
RPTNMLLJMHHGFCT09CB,榮田段,23.10,都市：住,100000,2550,持分移轉,03740000
RPPNMLLMLHHGFAT68CB,廣興段,27.10,非都市：鄉村區 ; 非都市編定：乙種建築用地,1000000,12905,持分移轉,10110000
RPSNMLLJMHHGFCT98CB,榮田段,2.34,都市：住,100000,2550,持分移轉,03620000
RPSNMLLJMHHGFCT98CB,榮田段,.51,都市：住,100000,2550,持分移轉,03630000
RPSNMLLJMHHGFCT98CB,榮田段,.55,都市：住,100000,2550,持分移轉,03640000
RPSNMLLJMHHGFCT98CB,榮田段,2.61,都市：住,100000,2550,持分移轉,03650000
RPSNMLLJMHHGFCT98CB,榮田段,.67,都市：住,100000,2550,持分移轉,03660000
RPSNMLLJMHHGFCT98CB,榮田段,.64,都市：住,100000,2550,持分移轉,03730000
RPSNMLLJMHHGFCT98CB,榮田段,23.10,都市：住,100000,2550,持分移轉,03740000
RPRNMLLMLHHGFAT88CB,新潭段,45.15,都市：住,10000,412,持分移轉,09800000
RPPNMLLJMHHGFCT68CB,榮田段,2.46,都市：住,100000,2673,持分移轉,03620000
RPPNMLLJMHHGFCT68CB,榮田段,.53,都市：住,100000,2673,持分移轉,03630000
RPPNMLLJMHHGFCT68CB,榮田段,.58,都市：住,100000,2673,持分移轉,03640000
RPPNMLLJMHHGFCT68CB,榮田段,2.73,都市：住,100000,2673,持分移轉,03650000
RPPNMLLJMHHGFCT68CB,榮田段,.70,都市：住,100000,2673,持分移轉,03660000
RPPNMLLJMHHGFCT68CB,榮田段,.67,都市：住,100000,2673,持分移轉,03730000
RPPNMLLJMHHGFCT68CB,榮田段,24.22,都市：住,100000,2673,持分移轉,03740000
RPRNMLLJMHHGFCT88CB,榮田段,1.63,都市：住,100000,1773,持分移轉,03620000
RPRNMLLJMHHGFCT88CB,榮田段,.35,都市：住,100000,1773,持分移轉,03630000
RPRNMLLJMHHGFCT88CB,榮田段,.39,都市：住,100000,1773,持分移轉,03640000
RPRNMLLJMHHGFCT88CB,榮田段,1.81,都市：住,100000,1773,持分移轉,03650000
RPRNMLLJMHHGFCT88CB,榮田段,.47,都市：住,100000,1773,持分移轉,03660000
RPRNMLLJMHHGFCT88CB,榮田段,.44,都市：住,100000,1773,持分移轉,03730000
RPRNMLLJMHHGFCT88CB,榮田段,16.06,都市：住,100000,1773,持分移轉,03740000
RPPNMLPJMHHGFCT09CB,榮田段,2.34,都市：住,100000,2550,持分移轉,03620000
RPPNMLPJMHHGFCT09CB,榮田段,.51,都市：住,100000,2550,持分移轉,03630000
RPPNMLPJMHHGFCT09CB,榮田段,.55,都市：住,100000,2550,持分移轉,03640000
RPPNMLPJMHHGFCT09CB,榮田段,2.61,都市：住,100000,2550,持分移轉,03650000
RPPNMLPJMHHGFCT09CB,榮田段,.67,都市：住,100000,2550,持分移轉,03660000
RPPNMLPJMHHGFCT09CB,榮田段,.64,都市：住,100000,2550,持分移轉,03730000
RPPNMLPJMHHGFCT09CB,榮田段,23.10,都市：住,100000,2550,持分移轉,03740000
RPQNMLPJMHHGFCT56CB,榮田段,2.34,都市：住,100000,2548,持分移轉,03620000
RPQNMLPJMHHGFCT56CB,榮田段,.51,都市：住,100000,2548,持分移轉,03630000
RPQNMLPJMHHGFCT56CB,榮田段,.55,都市：住,100000,2548,持分移轉,03640000
RPQNMLPJMHHGFCT56CB,榮田段,2.61,都市：住,100000,2548,持分移轉,03650000
RPQNMLPJMHHGFCT56CB,榮田段,.67,都市：住,100000,2548,持分移轉,03660000
RPQNMLPJMHHGFCT56CB,榮田段,.64,都市：住,100000,2548,持分移轉,03730000
RPQNMLPJMHHGFCT56CB,榮田段,23.08,都市：住,100000,2548,持分移轉,03740000
RPSNMLPJMHHGFCT76CB,榮田段,2.34,都市：住,100000,2550,持分移轉,03620000
RPSNMLPJMHHGFCT76CB,榮田段,.51,都市：住,100000,2550,持分移轉,03630000
RPSNMLPJMHHGFCT76CB,榮田段,.55,都市：住,100000,2550,持分移轉,03640000
RPSNMLPJMHHGFCT76CB,榮田段,2.61,都市：住,100000,2550,持分移轉,03650000
RPSNMLPJMHHGFCT76CB,榮田段,.67,都市：住,100000,2550,持分移轉,03660000
RPSNMLPJMHHGFCT76CB,榮田段,.64,都市：住,100000,2550,持分移轉,03730000
RPSNMLPJMHHGFCT76CB,榮田段,23.10,都市：住,100000,2550,持分移轉,03740000
RPRNMLPJMHHGFCT66CB,榮田段,2.33,都市：住,100000,2533,持分移轉,03620000
RPRNMLPJMHHGFCT66CB,榮田段,.50,都市：住,100000,2533,持分移轉,03630000
RPRNMLPJMHHGFCT66CB,榮田段,.55,都市：住,100000,2533,持分移轉,03640000
RPRNMLPJMHHGFCT66CB,榮田段,2.59,都市：住,100000,2533,持分移轉,03650000
RPRNMLPJMHHGFCT66CB,榮田段,.67,都市：住,100000,2533,持分移轉,03660000
RPRNMLPJMHHGFCT66CB,榮田段,.63,都市：住,100000,2533,持分移轉,03730000
RPRNMLPJMHHGFCT66CB,榮田段,22.95,都市：住,100000,2533,持分移轉,03740000
RPUNMLPJMHHGFCT96CB,榮田段,1.71,都市：住,100000,1865,持分移轉,03620000
RPUNMLPJMHHGFCT96CB,榮田段,.37,都市：住,100000,1865,持分移轉,03630000
RPUNMLPJMHHGFCT96CB,榮田段,.41,都市：住,100000,1865,持分移轉,03640000
RPUNMLPJMHHGFCT96CB,榮田段,1.91,都市：住,100000,1865,持分移轉,03650000
RPUNMLPJMHHGFCT96CB,榮田段,.49,都市：住,100000,1865,持分移轉,03660000
RPUNMLPJMHHGFCT96CB,榮田段,.47,都市：住,100000,1865,持分移轉,03730000
RPUNMLPJMHHGFCT96CB,榮田段,16.90,都市：住,100000,1865,持分移轉,03740000
RPQNMLQJMHHGFCT66CB,和興段,30.92,都市：住,100000,1060,持分移轉,01880000
RPPNMLRJMHHGFAT09CB,廣興段,27.10,非都市：鄉村區 ; 非都市編定：乙種建築用地,1000000,12905,持分移轉,10110000
RPPNMLQJMHHGFCT56CB,和興段,30.92,都市：住,100000,1060,持分移轉,01880000
RPTNMLPJMHHGFCT86CB,榮田段,2.34,都市：住,100000,2550,持分移轉,03620000
RPQNMLRJMHHGFAT56CB,廣興段,22.48,非都市：鄉村區 ; 非都市編定：乙種建築用地,1000000,10705,持分移轉,10110000
RPTNMLPJMHHGFCT86CB,榮田段,.51,都市：住,100000,2550,持分移轉,03630000
RPTNMLPJMHHGFCT86CB,榮田段,.55,都市：住,100000,2550,持分移轉,03640000
RPTNMLPJMHHGFCT86CB,榮田段,2.61,都市：住,100000,2550,持分移轉,03650000
RPTNMLPJMHHGFCT86CB,榮田段,.67,都市：住,100000,2550,持分移轉,03660000
RPTNMLPJMHHGFCT86CB,榮田段,.64,都市：住,100000,2550,持分移轉,03730000
RPTNMLPJMHHGFCT86CB,榮田段,23.10,都市：住,100000,2550,持分移轉,03740000
RPWNMLSJMHHGFCT47CB,豐田段,42.62,都市：住,10000,664,持分移轉,00600000
RPPNMLLKMHHGFCT78CB,和興段,20.04,都市：住,100000,687,持分移轉,01880000
RPRNMLLKMHHGFCT98CB,和興段,20.04,都市：住,100000,687,持分移轉,01880000
RPPNMLKKMHHGFCT68CB,豐田段,37.74,都市：住,10000,588,持分移轉,00600000
RPUNMLLKMHHGFCT66CB,和興段,20.07,都市：住,100000,688,持分移轉,01880000
RPWNMLLKMHHGFCT86CB,和興段,20.04,都市：住,100000,687,持分移轉,01880000
RPQNMLLKMHHGFCT88CB,和興段,20.04,都市：住,100000,687,持分移轉,01880000
RPVNMLLKMHHGFCT76CB,和興段,39.17,都市：住,100000,1343,持分移轉,01880000
RPXNMLLKMHHGFCT96CB,和興段,30.92,都市：住,100000,1060,持分移轉,01880000
RPSNMLLKMHHGFDT56CB,新孝段,24.95,都市：住,100000,1658,持分移轉,03740000
RPQNMLLKMHHGFDT98CB,新孝段,37.86,都市：住,100000,2516,持分移轉,03740000
RPPNMLLKMHHGFDT88CB,新孝段,30.10,都市：住,100000,2000,持分移轉,03740000
RPRNMLLKMHHGFDT09CB,新孝段,30.10,都市：住,100000,2000,持分移轉,03740000
RPUNMLLKMHHGFDT76CB,新孝段,30.46,都市：住,100000,2024,持分移轉,03740000
RPTNMLLKMHHGFDT66CB,新孝段,24.94,都市：住,100000,1657,持分移轉,03740000
RPVNMLLKMHHGFDT86CB,新孝段,37.86,都市：住,100000,2516,持分移轉,03740000
RPPNMLLKMHHGFAT58CB,香揚段一小段,4.91,都市：住,100000,165,持分移轉,00300000
RPPNMLLKMHHGFAT58CB,香揚段一小段,1.34,都市：住,100000,165,持分移轉,00300001
RPPNMLLKMHHGFAT58CB,香揚段一小段,16.91,都市：住,100000,165,持分移轉,00120000
RPPNMLLKMHHGFAT58CB,香揚段一小段,4.68,都市：住,100000,165,持分移轉,00120001
RPQNMLLKMHHGFAT68CB,香揚段一小段,4.93,都市：住,100000,166,持分移轉,00300000
RPQNMLLKMHHGFAT68CB,香揚段一小段,1.35,都市：住,100000,166,持分移轉,00300001
RPQNMLLKMHHGFAT68CB,香揚段一小段,17.02,都市：住,100000,166,持分移轉,00120000
RPQNMLLKMHHGFAT68CB,香揚段一小段,4.71,都市：住,100000,166,持分移轉,00120001
RPSNMLLKMHHGFAT88CB,香揚段一小段,5.05,都市：住,100000,170,持分移轉,00300000
RPSNMLLKMHHGFAT88CB,香揚段一小段,1.38,都市：住,100000,170,持分移轉,00300001
RPSNMLLKMHHGFAT88CB,香揚段一小段,17.43,都市：住,100000,170,持分移轉,00120000
RPSNMLLKMHHGFAT88CB,香揚段一小段,4.82,都市：住,100000,170,持分移轉,00120001
RPTNMLLKMHHGFAT98CB,香揚段一小段,4.91,都市：住,100000,165,持分移轉,00300000
RPTNMLLKMHHGFAT98CB,香揚段一小段,1.34,都市：住,100000,165,持分移轉,00300001
RPTNMLLKMHHGFAT98CB,香揚段一小段,16.91,都市：住,100000,165,持分移轉,00120000
RPTNMLLKMHHGFAT98CB,香揚段一小段,4.68,都市：住,100000,165,持分移轉,00120001
RPUNMLLKMHHGFAT09CB,香揚段一小段,4.91,都市：住,100000,165,持分移轉,00300000
RPUNMLLKMHHGFAT09CB,香揚段一小段,1.34,都市：住,100000,165,持分移轉,00300001
RPUNMLLKMHHGFAT09CB,香揚段一小段,16.91,都市：住,100000,165,持分移轉,00120000
RPUNMLLKMHHGFAT09CB,香揚段一小段,4.68,都市：住,100000,165,持分移轉,00120001
RPRNMLLKMHHGFAT78CB,香揚段一小段,3.00,都市：住,100000,101,持分移轉,00300000
RPRNMLLKMHHGFAT78CB,香揚段一小段,.82,都市：住,100000,101,持分移轉,00300001
RPRNMLLKMHHGFAT78CB,香揚段一小段,10.35,都市：住,100000,101,持分移轉,00120000
RPRNMLLKMHHGFAT78CB,香揚段一小段,2.86,都市：住,100000,101,持分移轉,00120001
RPWNMLLKMHHGFAT66CB,香揚段一小段,4.91,都市：住,100000,165,持分移轉,00300000
RPWNMLLKMHHGFAT66CB,香揚段一小段,1.34,都市：住,100000,165,持分移轉,00300001
RPWNMLLKMHHGFAT66CB,香揚段一小段,16.91,都市：住,100000,165,持分移轉,00120000
RPWNMLLKMHHGFAT66CB,香揚段一小段,4.68,都市：住,100000,165,持分移轉,00120001
RPVNMLLKMHHGFAT56CB,香揚段一小段,4.93,都市：住,100000,166,持分移轉,00300000
RPVNMLLKMHHGFAT56CB,香揚段一小段,1.35,都市：住,100000,166,持分移轉,00300001
RPVNMLLKMHHGFAT56CB,香揚段一小段,17.02,都市：住,100000,166,持分移轉,00120000
RPVNMLLKMHHGFAT56CB,香揚段一小段,4.71,都市：住,100000,166,持分移轉,00120001
RPPOMLLKMHHGFAT68CB,香揚段一小段,5.05,都市：住,100000,170,持分移轉,00300000
RPPOMLLKMHHGFAT68CB,香揚段一小段,1.38,都市：住,100000,170,持分移轉,00300001
RPPOMLLKMHHGFAT68CB,香揚段一小段,17.43,都市：住,100000,170,持分移轉,00120000
RPXNMLLKMHHGFAT76CB,香揚段一小段,4.93,都市：住,100000,166,持分移轉,00300000
RPXNMLLKMHHGFAT76CB,香揚段一小段,1.35,都市：住,100000,166,持分移轉,00300001
RPXNMLLKMHHGFAT76CB,香揚段一小段,17.02,都市：住,100000,166,持分移轉,00120000
RPXNMLLKMHHGFAT76CB,香揚段一小段,4.71,都市：住,100000,166,持分移轉,00120001
RPPOMLLKMHHGFAT68CB,香揚段一小段,4.82,都市：住,100000,170,持分移轉,00120001
RPOOMLLKMHHGFAT58CB,香揚段一小段,4.58,都市：住,100000,154,持分移轉,00300000
RPOOMLLKMHHGFAT58CB,香揚段一小段,1.25,都市：住,100000,154,持分移轉,00300001
RPOOMLLKMHHGFAT58CB,香揚段一小段,15.79,都市：住,100000,154,持分移轉,00120000
RPOOMLLKMHHGFAT58CB,香揚段一小段,4.37,都市：住,100000,154,持分移轉,00120001
RPSOMLLKMHHGFAT98CB,香揚段一小段,4.93,都市：住,100000,166,持分移轉,00300000
RPSOMLLKMHHGFAT98CB,香揚段一小段,1.35,都市：住,100000,166,持分移轉,00300001
RPSOMLLKMHHGFAT98CB,香揚段一小段,17.02,都市：住,100000,166,持分移轉,00120000
RPSOMLLKMHHGFAT98CB,香揚段一小段,4.71,都市：住,100000,166,持分移轉,00120001
RPQOMLLKMHHGFAT78CB,香揚段一小段,4.91,都市：住,100000,165,持分移轉,00300000
RPQOMLLKMHHGFAT78CB,香揚段一小段,1.34,都市：住,100000,165,持分移轉,00300001
RPQOMLLKMHHGFAT78CB,香揚段一小段,16.91,都市：住,100000,165,持分移轉,00120000
RPQOMLLKMHHGFAT78CB,香揚段一小段,4.68,都市：住,100000,165,持分移轉,00120001
RPROMLLKMHHGFAT88CB,香揚段一小段,5.05,都市：住,100000,170,持分移轉,00300000
RPROMLLKMHHGFAT88CB,香揚段一小段,1.38,都市：住,100000,170,持分移轉,00300001
RPROMLLKMHHGFAT88CB,香揚段一小段,17.43,都市：住,100000,170,持分移轉,00120000
RPVOMLLKMHHGFAT66CB,香揚段一小段,4.85,都市：住,100000,163,持分移轉,00300000
RPVOMLLKMHHGFAT66CB,香揚段一小段,1.33,都市：住,100000,163,持分移轉,00300001
RPVOMLLKMHHGFAT66CB,香揚段一小段,16.71,都市：住,100000,163,持分移轉,00120000
RPVOMLLKMHHGFAT66CB,香揚段一小段,4.62,都市：住,100000,163,持分移轉,00120001
RPWOMLLKMHHGFAT76CB,香揚段一小段,4.91,都市：住,100000,165,持分移轉,00300000
RPWOMLLKMHHGFAT76CB,香揚段一小段,1.34,都市：住,100000,165,持分移轉,00300001
RPWOMLLKMHHGFAT76CB,香揚段一小段,16.91,都市：住,100000,165,持分移轉,00120000
RPWOMLLKMHHGFAT76CB,香揚段一小段,4.68,都市：住,100000,165,持分移轉,00120001
RPROMLLKMHHGFAT88CB,香揚段一小段,4.82,都市：住,100000,170,持分移轉,00120001
RPUOMLLKMHHGFAT56CB,香揚段一小段,4.58,都市：住,100000,154,持分移轉,00300000
RPUOMLLKMHHGFAT56CB,香揚段一小段,1.25,都市：住,100000,154,持分移轉,00300001
RPUOMLLKMHHGFAT56CB,香揚段一小段,15.79,都市：住,100000,154,持分移轉,00120000
RPUOMLLKMHHGFAT56CB,香揚段一小段,4.37,都市：住,100000,154,持分移轉,00120001
RPTOMLLKMHHGFAT09CB,香揚段一小段,4.58,都市：住,100000,154,持分移轉,00300000
RPTOMLLKMHHGFAT09CB,香揚段一小段,1.25,都市：住,100000,154,持分移轉,00300001
RPTOMLLKMHHGFAT09CB,香揚段一小段,15.79,都市：住,100000,154,持分移轉,00120000
RPTOMLLKMHHGFAT09CB,香揚段一小段,4.37,都市：住,100000,154,持分移轉,00120001
RPOPMLLKMHHGFAT68CB,香揚段一小段,4.58,都市：住,100000,154,持分移轉,00300000
RPOPMLLKMHHGFAT68CB,香揚段一小段,1.25,都市：住,100000,154,持分移轉,00300001
RPOPMLLKMHHGFAT68CB,香揚段一小段,15.79,都市：住,100000,154,持分移轉,00120000
RPOPMLLKMHHGFAT68CB,香揚段一小段,4.37,都市：住,100000,154,持分移轉,00120001
RPQPMLLKMHHGFAT88CB,香揚段一小段,4.76,都市：住,100000,160,持分移轉,00300000
RPQPMLLKMHHGFAT88CB,香揚段一小段,1.30,都市：住,100000,160,持分移轉,00300001
RPQPMLLKMHHGFAT88CB,香揚段一小段,16.40,都市：住,100000,160,持分移轉,00120000
RPQPMLLKMHHGFAT88CB,香揚段一小段,4.54,都市：住,100000,160,持分移轉,00120001
RPTNMLSLLHHGFCT27CB,和興段,21.20,都市：住,100000,727,持分移轉,01880000
RPXOMLLKMHHGFAT86CB,香揚段一小段,4.93,都市：住,100000,166,持分移轉,00300000
RPXOMLLKMHHGFAT86CB,香揚段一小段,1.35,都市：住,100000,166,持分移轉,00300001
RPXOMLLKMHHGFAT86CB,香揚段一小段,17.02,都市：住,100000,166,持分移轉,00120000
RPXOMLLKMHHGFAT86CB,香揚段一小段,4.71,都市：住,100000,166,持分移轉,00120001
RPPPMLLKMHHGFAT78CB,香揚段一小段,2.74,都市：住,100000,92,持分移轉,00300000
RPPPMLLKMHHGFAT78CB,香揚段一小段,.75,都市：住,100000,92,持分移轉,00300001
RPPPMLLKMHHGFAT78CB,香揚段一小段,9.43,都市：住,100000,92,持分移轉,00120000
RPPPMLLKMHHGFAT78CB,香揚段一小段,2.61,都市：住,100000,92,持分移轉,00120001
RPRPMLLKMHHGFAT98CB,新安段,28.40,非都市：鄉村區 ; 非都市編定：乙種建築用地,1000000,7448,持分移轉,13210000
RPRNMLLKMHHGFAT88DB,九智段,72.96,都市：住,1,1,全筆移轉,10380025
RPRNMLLKMHHGFAT88DB,九智段,14.49,都市：住,183556,7296,持分移轉,10380001
RPRNMLLKMHHGFAT88DB,九智段,.46,都市：住,53,1,持分移轉,10380002
RPRNMLLKMHHGFAT88DB,九智段,1.61,都市：住,183556,7296,持分移轉,10380027
RPRNMLLKMHHGFAT88DB,九智段,.37,都市：住,183556,7296,持分移轉,10390001
RPRNMLLKMHHGFAT88DB,九智段,6.04,都市：農,53,1,持分移轉,10370000
RPTPMLLKMHHGFAT56CB,新安段,23.12,非都市：鄉村區 ; 非都市編定：乙種建築用地,1000000,6063,持分移轉,13210000
RPPNMLLKMHHGFBT68CB,?南段,72.60,都市：住,1,1,全筆移轉,04520007
RPPNMLLKMHHGFBT68CB,?南段,4.61,都市：住,8,1,持分移轉,04530000
RPPNMLLKMHHGFBT68CB,?南段,21.06,都市：住,8,1,持分移轉,05420000
RPSPMLLKMHHGFAT09CB,新安段,28.40,非都市：鄉村區 ; 非都市編定：乙種建築用地,1000000,7448,持分移轉,13210000
RPSNMLLKMHHGFAT98DB,九智段,72.96,都市：住,1,1,全筆移轉,10380019
RPSNMLLKMHHGFAT98DB,九智段,14.49,都市：住,183556,7296,持分移轉,10380001
RPSNMLLKMHHGFAT98DB,九智段,.46,都市：住,53,1,持分移轉,10380002
RPSNMLLKMHHGFAT98DB,九智段,1.61,都市：住,183556,7296,持分移轉,10380027
RPSNMLLKMHHGFAT98DB,九智段,.37,都市：住,183556,7296,持分移轉,10390001
RPSNMLLKMHHGFAT98DB,九智段,6.04,都市：農,53,1,持分移轉,10370000
RPPNMLMKMHHGFAT78DB,九智段,81.60,都市：住,1,1,全筆移轉,10380004
RPPNMLMKMHHGFAT78DB,九智段,16.20,都市：住,183556,8160,持分移轉,10380001
RPPNMLMKMHHGFAT78DB,九智段,.46,都市：住,53,1,持分移轉,10380002
RPPNMLMKMHHGFAT78DB,九智段,1.80,都市：住,183556,8160,持分移轉,10380027
RPPNMLMKMHHGFAT78DB,九智段,.42,都市：住,183556,8160,持分移轉,10390001
RPPNMLMKMHHGFAT78DB,九智段,6.04,都市：農,53,1,持分移轉,10370000
RPPNMLMKMHHGFAT68CB,檳榔腳段一小段,14.87,都市：住,10000,98,持分移轉,06900000
RPQNMLMKMHHGFAT78CB,大埔段二小段,32.18,都市：住,100000,1521,持分移轉,03960000
RPPNMLNKMHHGFBT88CB,春林段,41.09,都市：住,10000,274,持分移轉,02330001
RPPNMLOKMHHGFBT98CB,春林段,41.54,都市：住,10000,277,持分移轉,02330001
RPPNMLPKMHHGFAT98CB,長治段,33.60,都市：住,10000,345,持分移轉,00780001
RPPNMLMKMHHGFBT78CB,春林段,41.54,都市：住,10000,277,持分移轉,02330001
RPPNMLQKMHHGFAT09CB,新安段,29.19,非都市：鄉村區 ; 非都市編定：乙種建築用地,1000000,7655,持分移轉,13210000
RPQNMLPKMHHGFAT09CB,歸義段,26.02,非都市：一般農業區 ; 非都市編定：甲種建築用地,100000,959,持分移轉,05370000
RPQNMLPKMHHGFAT09CB,歸義段,1.55,非都市：一般農業區 ; 非都市編定：丁種建築用地,100000,959,持分移轉,05360002
RPPNMLRKMHHGFDT86CB,東港段,14.24,都市：商,10000,211,持分移轉,01490000
RPPNMLRKMHHGFDT86CB,東港段,2.66,都市：商,10000,211,持分移轉,01490003
RPPNMLRKMHHGFDT86CB,東港段,.25,都市：住,10000,211,持分移轉,01490006
RPPNMLRKMHHGFDT86CB,東港段,.08,都市：商,10000,211,持分移轉,01490007
RPPNMLRKMHHGFDT86CB,東港段,2.41,都市：住,10000,211,持分移轉,01510000
RPPNMLRKMHHGFDT86CB,東港段,3.10,都市：商,10000,211,持分移轉,01510001
RPPNMLRKMHHGFCT76CB,豐田段,42.62,都市：住,10000,664,持分移轉,00600000
RPQNMLSKMHHGFDT07CB,新義段,20.95,都市：住,100000,526,持分移轉,00070010
RPRNMLSKMHHGFDT17CB,新義段,30.86,都市：住,100000,775,持分移轉,00070010
RPQNMLSKMHHGFAT76CB,香揚段一小段,4.93,都市：住,100000,166,持分移轉,00300000
RPQNMLSKMHHGFAT76CB,香揚段一小段,1.35,都市：住,100000,166,持分移轉,00300001
RPQNMLSKMHHGFAT76CB,香揚段一小段,17.02,都市：住,100000,166,持分移轉,00120000
RPQNMLSKMHHGFAT76CB,香揚段一小段,4.71,都市：住,100000,166,持分移轉,00120001
RPQNMLRKMHHGFCT86CB,豐田段,37.49,都市：住,10000,584,持分移轉,00600000
RPPNMLSKMHHGFAT66CB,香揚段一小段,4.93,都市：住,100000,166,持分移轉,00300000
RPPNMLSKMHHGFAT66CB,香揚段一小段,1.35,都市：住,100000,166,持分移轉,00300001
RPPNMLSKMHHGFAT66CB,香揚段一小段,17.02,都市：住,100000,166,持分移轉,00120000
RPPNMLSKMHHGFAT66CB,香揚段一小段,4.71,都市：住,100000,166,持分移轉,00120001
RPSNMLSKMHHGFAT96CB,香揚段一小段,12.87,都市：住,100000,433,持分移轉,00300000
RPSNMLSKMHHGFAT96CB,香揚段一小段,3.52,都市：住,100000,433,持分移轉,00300001
RPSNMLSKMHHGFAT96CB,香揚段一小段,44.38,都市：住,100000,433,持分移轉,00120000
RPSNMLSKMHHGFAT96CB,香揚段一小段,12.28,都市：住,100000,433,持分移轉,00120001
RPVNMLSKMHHGFAT27CB,香揚段一小段,4.93,都市：住,100000,166,持分移轉,00300000
RPVNMLSKMHHGFAT27CB,香揚段一小段,1.35,都市：住,100000,166,持分移轉,00300001
RPVNMLSKMHHGFAT27CB,香揚段一小段,17.02,都市：住,100000,166,持分移轉,00120000
RPVNMLSKMHHGFAT27CB,香揚段一小段,4.71,都市：住,100000,166,持分移轉,00120001
RPWNMLSKMHHGFAT37CB,香揚段一小段,4.93,都市：住,100000,166,持分移轉,00300000
RPWNMLSKMHHGFAT37CB,香揚段一小段,1.35,都市：住,100000,166,持分移轉,00300001
RPWNMLSKMHHGFAT37CB,香揚段一小段,17.02,都市：住,100000,166,持分移轉,00120000
RPWNMLSKMHHGFAT37CB,香揚段一小段,4.71,都市：住,100000,166,持分移轉,00120001
RPUNMLSKMHHGFAT17CB,香揚段一小段,7.97,都市：住,100000,268,持分移轉,00300000
RPUNMLSKMHHGFAT17CB,香揚段一小段,2.18,都市：住,100000,268,持分移轉,00300001
RPUNMLSKMHHGFAT17CB,香揚段一小段,27.47,都市：住,100000,268,持分移轉,00120000
RPXNMLSKMHHGFAT47CB,香揚段一小段,4.91,都市：住,100000,165,持分移轉,00300000
RPUNMLSKMHHGFAT17CB,香揚段一小段,7.60,都市：住,100000,268,持分移轉,00120001
RPXNMLSKMHHGFAT47CB,香揚段一小段,1.34,都市：住,100000,165,持分移轉,00300001
RPXNMLSKMHHGFAT47CB,香揚段一小段,16.91,都市：住,100000,165,持分移轉,00120000
RPXNMLSKMHHGFAT47CB,香揚段一小段,4.68,都市：住,100000,165,持分移轉,00120001
RPOOMLSKMHHGFAT66CB,新安段,21.83,非都市：鄉村區 ; 非都市編定：乙種建築用地,1000000,5725,持分移轉,13210000
RPRNMLSKMHHGFAT86CB,香揚段一小段,4.93,都市：住,100000,166,持分移轉,00300000
RPRNMLSKMHHGFAT86CB,香揚段一小段,1.35,都市：住,100000,166,持分移轉,00300001
RPRNMLSKMHHGFAT86CB,香揚段一小段,17.02,都市：住,100000,166,持分移轉,00120000
RPRNMLSKMHHGFAT86CB,香揚段一小段,4.71,都市：住,100000,166,持分移轉,00120001
RPRNMLSKMHHGFBT96CB,過江段,.29,都市：住,1000,49,持分移轉,00370000
RPRNMLSKMHHGFBT96CB,過江段,45.28,都市：住,1000,49,持分移轉,00380000
RPPNMLSKMHHGFBT76CB,過江段,.32,都市：住,1000,53,持分移轉,00370000
RPPNMLSKMHHGFBT76CB,過江段,48.97,都市：住,1000,53,持分移轉,00380000
RPQNMLTKMHHGFAT86CB,九智段,72.96,都市：住,1,1,全筆移轉,10380015
RPQNMLTKMHHGFAT86CB,九智段,14.49,都市：住,183556,7296,持分移轉,10380001
RPQNMLTKMHHGFAT86CB,九智段,.46,都市：住,53,1,持分移轉,10380002
RPQNMLTKMHHGFAT86CB,九智段,1.61,都市：住,183556,7296,持分移轉,10380027
RPQNMLTKMHHGFAT86CB,九智段,.37,都市：住,183556,7296,持分移轉,10390001
RPQNMLTKMHHGFAT86CB,九智段,6.04,都市：農,53,1,持分移轉,10370000
RPPNMLTKMHHGFAT76CB,九智段,81.60,都市：住,1,1,全筆移轉,10380005
RPPNMLTKMHHGFAT76CB,九智段,16.20,都市：住,183556,8160,持分移轉,10380001
RPPNMLTKMHHGFAT76CB,九智段,.46,都市：住,53,1,持分移轉,10380002
RPPNMLTKMHHGFAT76CB,九智段,1.80,都市：住,183556,8160,持分移轉,10380027
RPPNMLTKMHHGFAT76CB,九智段,.42,都市：住,183556,8160,持分移轉,10390001
RPPNMLTKMHHGFAT76CB,九智段,6.04,都市：農,53,1,持分移轉,10370000
RPSNMLTKMHHGFAT07CB,九智段,72.96,都市：住,1,1,全筆移轉,10380020
RPSNMLTKMHHGFAT07CB,九智段,14.49,都市：住,183556,7296,持分移轉,10380001
RPSNMLTKMHHGFAT07CB,九智段,.46,都市：住,53,1,持分移轉,10380002
RPSNMLTKMHHGFAT07CB,九智段,1.61,都市：住,183556,7296,持分移轉,10380027
RPSNMLTKMHHGFAT07CB,九智段,.37,都市：住,183556,7296,持分移轉,10390001
RPSNMLTKMHHGFAT07CB,九智段,6.04,都市：農,53,1,持分移轉,10370000
RPRNMLTKMHHGFAT96CB,九智段,72.96,都市：住,1,1,全筆移轉,10380018
RPRNMLTKMHHGFAT96CB,九智段,14.49,都市：住,183556,7296,持分移轉,10380001
RPRNMLTKMHHGFAT96CB,九智段,.46,都市：住,53,1,持分移轉,10380002
RPRNMLTKMHHGFAT96CB,九智段,1.61,都市：住,183556,7296,持分移轉,10380027
RPRNMLTKMHHGFAT96CB,九智段,.37,都市：住,183556,7296,持分移轉,10390001
RPRNMLTKMHHGFAT96CB,九智段,6.04,都市：農,53,1,持分移轉,10370000
RPQNMLSKMHHGFBT86CB,過江段,.29,都市：住,1000,49,持分移轉,00370000
RPQNMLSKMHHGFBT86CB,過江段,45.28,都市：住,1000,49,持分移轉,00380000
RPTNMLTKMHHGFAT17CB,九智段,72.96,都市：住,1,1,全筆移轉,10380024
RPQNMLTKMHHGFDT17CB,新義段,30.86,都市：住,100000,775,持分移轉,00070010
RPTNMLTKMHHGFAT17CB,九智段,14.49,都市：住,183556,7296,持分移轉,10380001
RPTNMLTKMHHGFAT17CB,九智段,.46,都市：住,53,1,持分移轉,10380002
RPTNMLTKMHHGFAT17CB,九智段,1.61,都市：住,183556,7296,持分移轉,10380027
RPTNMLTKMHHGFAT17CB,九智段,.37,都市：住,183556,7296,持分移轉,10390001
RPTNMLTKMHHGFAT17CB,九智段,6.04,都市：農,53,1,持分移轉,10370000
RPPNMLLLMHHGFCT88CB,豐田段,42.62,都市：住,10000,664,持分移轉,00600000
RPQNMLLLMHHGFCT98CB,豐田段,45.28,都市：住,10000,778,持分移轉,00600001
RPPNMLTKMHHGFCT96CB,榮田段,2.34,都市：住,100000,2550,持分移轉,03620000
RPPNMLTKMHHGFCT96CB,榮田段,.51,都市：住,100000,2550,持分移轉,03630000
RPPNMLTKMHHGFCT96CB,榮田段,.55,都市：住,100000,2550,持分移轉,03640000
RPPNMLTKMHHGFCT96CB,榮田段,2.61,都市：住,100000,2550,持分移轉,03650000
RPPNMLTKMHHGFCT96CB,榮田段,.67,都市：住,100000,2550,持分移轉,03660000
RPPNMLTKMHHGFCT96CB,榮田段,.64,都市：住,100000,2550,持分移轉,03730000
RPPNMLTKMHHGFCT96CB,榮田段,23.10,都市：住,100000,2550,持分移轉,03740000
RPQNMLMLMHHGFCT09CB,和興段,21.20,都市：住,100000,727,持分移轉,01880000
RPPNMLTKMHHGFDT07CB,新義段,30.86,都市：住,100000,775,持分移轉,00070010
RPRNMLLLMHHGFCT09CB,和興段,32.14,都市：住,100000,1102,持分移轉,01880000
RPPNMLKLMHHGFAT58CB,九智段,81.60,都市：住,1,1,全筆移轉,10380026
RPPNMLKLMHHGFAT58CB,九智段,16.20,都市：住,183556,8160,持分移轉,10380001
RPPNMLKLMHHGFAT58CB,九智段,.46,都市：住,53,1,持分移轉,10380002
RPPNMLKLMHHGFAT58CB,九智段,1.80,都市：住,183556,8160,持分移轉,10380027
RPPNMLKLMHHGFAT58CB,九智段,.42,都市：住,183556,8160,持分移轉,10390001
RPPNMLKLMHHGFAT58CB,九智段,6.04,都市：農,53,1,持分移轉,10370000
RPPNMLMLMHHGFAT78CB,新安段,21.83,非都市：鄉村區 ; 非都市編定：乙種建築用地,1000000,5725,持分移轉,13210000
RPRNMLMLMHHGFDT66CB,新義段,20.95,都市：住,100000,526,持分移轉,00070010
RPSNMLMLMHHGFDT76CB,新義段,20.95,都市：住,100000,526,持分移轉,00070010
RPQNMLMLMHHGFAT88CB,新安段,23.12,非都市：鄉村區 ; 非都市編定：乙種建築用地,1000000,6063,持分移轉,13210000
RPRNMLMLMHHGFAT98CB,新安段,23.12,非都市：鄉村區 ; 非都市編定：乙種建築用地,1000000,6063,持分移轉,13210000
RPPNMLMLMHHGFDT09CB,新義段,30.94,都市：住,100000,777,持分移轉,00070010
RPRNMLOLMHHGFAT56CB,廣興段,27.10,非都市：鄉村區 ; 非都市編定：乙種建築用地,1000000,12905,持分移轉,10110000
RPQNMLOLMHHGFAT09CB,廣興段,27.10,非都市：鄉村區 ; 非都市編定：乙種建築用地,1000000,12905,持分移轉,10110000
RPSNMLOLMHHGFAT66CB,廣興段,26.12,非都市：鄉村區 ; 非都市編定：乙種建築用地,1000000,12438,持分移轉,10110000
RPPNMLOLMHHGFAT98CB,新安段,22.31,非都市：鄉村區 ; 非都市編定：乙種建築用地,1000000,5851,持分移轉,13210000
RPQNMLPLMHHGFAT66DB,惠農段,121.94,非都市：鄉村區 ; 非都市編定：乙種建築用地,1,1,全筆移轉,10070002
RPPNMLPLMHHGFCT66CB,新勢段,81.00,非都市：鄉村區 ; 非都市編定：乙種建築用地,1,1,全筆移轉,12870005
RPPNMLPLMHHGFCT66CB,新勢段,1.00,非都市：鄉村區 ; 非都市編定：乙種建築用地,1,1,全筆移轉,12870004
RPRNMLPLMHHGFAT76DB,惠農段,108.34,非都市：鄉村區 ; 非都市編定：乙種建築用地,1,1,全筆移轉,10070001
RPPNMLPLMHHGFAT09CB,新安段,23.12,非都市：鄉村區 ; 非都市編定：乙種建築用地,1000000,6063,持分移轉,13210000
RPTNMLPLMHHGFAT96DB,惠農段,197.00,非都市：鄉村區 ; 非都市編定：乙種建築用地,1,1,全筆移轉,10070003
RPQNMLPLMHHGFCT76CB,新勢段,88.00,非都市：鄉村區 ; 非都市編定：乙種建築用地,1,1,全筆移轉,12890003
RPQNMLPLMHHGFCT76CB,新勢段,28.83,非都市：鄉村區 ; 非都市編定：乙種建築用地,6,1,持分移轉,12890010
RPQNMLPLMHHGFCT76CB,新勢段,2.50,非都市：鄉村區 ; 非都市編定：乙種建築用地,6,1,持分移轉,12890011
RPQNMLPLMHHGFCT76CB,新勢段,2.43,非都市：鄉村區 ; 非都市編定：乙種建築用地,7,1,持分移轉,12890008
RPQNMLPLMHHGFCT76CB,新勢段,8.40,非都市：鄉村區 ; 非都市編定：乙種建築用地,35,3,持分移轉,12890002
RPSNMLPLMHHGFAT86DB,惠農段,137.49,非都市：鄉村區 ; 非都市編定：乙種建築用地,1,1,全筆移轉,10070000
RPPNMLQLMHHGFCT76CB,潮中段,25.61,都市：住,10000,627,持分移轉,02380009
RPTNMLRLMHHGFAT07CB,新安段,21.83,非都市：鄉村區 ; 非都市編定：乙種建築用地,1000000,5725,持分移轉,13210000
RPRNMLQLMHHGFCT96CB,潮中段,25.61,都市：住,10000,627,持分移轉,02380009
RPSNMLQLMHHGFCT07CB,潮中段,30.49,都市：住,10000,336,持分移轉,02380000
RPUNMLRLMHHGFAT17CB,九智段,81.60,都市：住,1,1,全筆移轉,10380006
RPUNMLRLMHHGFAT17CB,九智段,16.20,都市：住,183556,8160,持分移轉,10380001
RPUNMLRLMHHGFAT17CB,九智段,.46,都市：住,53,1,持分移轉,10380002
RPUNMLRLMHHGFAT17CB,九智段,1.80,都市：住,183556,8160,持分移轉,10380027
RPUNMLRLMHHGFAT17CB,九智段,.42,都市：住,183556,8160,持分移轉,10390001
RPUNMLRLMHHGFAT17CB,九智段,6.04,都市：農,53,1,持分移轉,10370000
RPWNMLRLMHHGFAT37CB,九智段,72.96,都市：住,1,1,全筆移轉,10380013
RPWNMLRLMHHGFAT37CB,九智段,14.49,都市：住,183556,7296,持分移轉,10380001
RPWNMLRLMHHGFAT37CB,九智段,.46,都市：住,53,1,持分移轉,10380002
RPWNMLRLMHHGFAT37CB,九智段,1.61,都市：住,183556,7296,持分移轉,10380027
RPWNMLRLMHHGFAT37CB,九智段,.37,都市：住,183556,7296,持分移轉,10390001
RPWNMLRLMHHGFAT37CB,九智段,6.04,都市：農,53,1,持分移轉,10370000
RPPNMLSLMHHGFAT76CB,香揚段一小段,4.91,都市：住,100000,165,持分移轉,00300000
RPPNMLSLMHHGFAT76CB,香揚段一小段,1.34,都市：住,100000,165,持分移轉,00300001
RPPNMLSLMHHGFAT76CB,香揚段一小段,16.91,都市：住,100000,165,持分移轉,00120000
RPPNMLSLMHHGFAT76CB,香揚段一小段,4.68,都市：住,100000,165,持分移轉,00120001
RPRNMLSLMHHGFAT96CB,香揚段一小段,14.86,都市：住,100000,500,持分移轉,00300000
RPRNMLSLMHHGFAT96CB,香揚段一小段,4.07,都市：住,100000,500,持分移轉,00300001
RPRNMLSLMHHGFAT96CB,香揚段一小段,51.25,都市：住,100000,500,持分移轉,00120000
RPRNMLSLMHHGFAT96CB,香揚段一小段,14.18,都市：住,100000,500,持分移轉,00120001
RPOOMLSLMHHGFCT96CB,新勢段,87.00,非都市：鄉村區 ; 非都市編定：乙種建築用地,1,1,全筆移轉,12890004
RPOOMLSLMHHGFCT96CB,新勢段,28.83,非都市：鄉村區 ; 非都市編定：乙種建築用地,6,1,持分移轉,12890010
RPOOMLSLMHHGFCT96CB,新勢段,2.50,非都市：鄉村區 ; 非都市編定：乙種建築用地,6,1,持分移轉,12890011
RPOOMLSLMHHGFCT96CB,新勢段,8.40,非都市：鄉村區 ; 非都市編定：乙種建築用地,35,3,持分移轉,12890002
RPOOMLSLMHHGFCT96CB,新勢段,2.43,非都市：鄉村區 ; 非都市編定：乙種建築用地,7,1,持分移轉,12890008
RPQNMLQLMHHGFCT86CB,潮中段,25.45,都市：住,10000,623,持分移轉,02380009
RPQNMLSLMHHGFAT86CB,香揚段一小段,4.93,都市：住,100000,166,持分移轉,00300000
RPQNMLSLMHHGFAT86CB,香揚段一小段,1.35,都市：住,100000,166,持分移轉,00300001
RPQNMLSLMHHGFAT86CB,香揚段一小段,17.02,都市：住,100000,166,持分移轉,00120000
RPQNMLSLMHHGFAT86CB,香揚段一小段,4.71,都市：住,100000,166,持分移轉,00120001
RPQNMLTLMHHGFAT96CB,新潭段,45.15,都市：住,10000,412,持分移轉,09800000
RPQNMLMJNHHGFBT88CB,春林段,41.54,都市：住,10000,277,持分移轉,02330001
RPVNMLNJNHHGFAT86DB,勝興段,45.99,都市：住,100000,4307,持分移轉,05320004
RPTNMLNJNHHGFAT66DB,勝興段,47.68,都市：住,100000,4466,持分移轉,05320004
RPWNMLNJNHHGFAT96DB,勝興段,30.31,都市：住,100000,2839,持分移轉,05320004
RPUNMLNJNHHGFAT76DB,勝興段,33.33,都市：住,100000,3122,持分移轉,05320004
RPQNMLPJNHHGFAT09CB,寶厝段,23.10,都市：住,10000,179,持分移轉,07150040
RPPNMLPJNHHGFBT09CB,?南段,101.20,都市：其他:鄉村區乙種建築用地,1,1,全筆移轉,04520005
RPPNMLPJNHHGFBT09CB,?南段,21.06,都市：其他:鄉村區乙種建築用地,8,1,持分移轉,04520000
RPPNMLPJNHHGFBT09CB,?南段,4.61,都市：其他:鄉村區乙種建築用地,8,1,持分移轉,04530000
RPRNMLPJNHHGFAT56CB,新安段,23.12,非都市：鄉村區 ; 非都市編定：乙種建築用地,1000000,6063,持分移轉,13210000
RPPNMLNJNHHGFDT09CB,關帝段,32.57,都市：住,100000,1420,持分移轉,09660000
RPPNMLPJNHHGFAT98CB,寶厝段,23.10,都市：住,10000,179,持分移轉,07150040
RPPNMLQJNHHGFDT76CB,新孝段,30.10,都市：住,100000,2000,持分移轉,03740000
RPTNMLQJNHHGFCT07CB,學人段,91.91,都市：住,1,1,全筆移轉,04600028
RPPNMLQJNHHGFCT66CB,學人段,122.05,都市：住,1,1,全筆移轉,04600029
RPTNMLSKMHHGFAT07CB,香揚段一小段,4.58,都市：住,100000,154,持分移轉,00300000
RPTNMLSKMHHGFAT07CB,香揚段一小段,1.25,都市：住,100000,154,持分移轉,00300001
RPTNMLSKMHHGFAT07CB,香揚段一小段,15.79,都市：住,100000,154,持分移轉,00120000
RPTNMLSKMHHGFAT07CB,香揚段一小段,4.37,都市：住,100000,154,持分移轉,00120001
RPPNMLSJNHHGFAT66CB,新安段,21.83,非都市：鄉村區 ; 非都市編定：乙種建築用地,1000000,5725,持分移轉,13210000
RPRNMLSJNHHGFAT86CB,新安段,29.19,非都市：鄉村區 ; 非都市編定：乙種建築用地,1000000,7655,持分移轉,13210000
RPSNMLSJNHHGFAT96CB,新安段,21.84,非都市：鄉村區 ; 非都市編定：乙種建築用地,1000000,5727,持分移轉,13210000
RPPNMLTJNHHGFAT76CB,潭頭段,.16,都市：商,100000,5461,持分移轉,02990001
RPPNMLTJNHHGFAT76CB,潭頭段,21.74,都市：商,100000,5461,持分移轉,03010000
RPTNMLSJNHHGFAT07CB,新安段,25.16,非都市：鄉村區 ; 非都市編定：乙種建築用地,1000000,6598,持分移轉,13210000
RPRNMLTJNHHGFAT96CB,潭頭段,.16,都市：商,100000,5461,持分移轉,02990001
RPRNMLTJNHHGFAT96CB,潭頭段,21.74,都市：商,100000,5461,持分移轉,03010000
RPPNMLKKNHHGFAT58CB,檳榔腳段一小段,32.92,都市：住,10000,217,持分移轉,06900000
RPSNMLTJNHHGFAT07CB,潭頭段,.16,都市：商,100000,5461,持分移轉,02990001
RPSNMLTJNHHGFAT07CB,潭頭段,21.74,都市：商,100000,5461,持分移轉,03010000
RPQNMLKKNHHGFDT98CB,龍帝段,87.36,都市：住,1,1,全筆移轉,08120004
RPPNMLKKNHHGFDT88CB,龍帝段,100.95,都市：住,1,1,全筆移轉,08120003
RPRNMLKKNHHGFDT09CB,龍帝段,33.60,都市：住,10000,263,持分移轉,08120008
RPQNMLTJNHHGFAT86CB,潭頭段,.16,都市：商,100000,5461,持分移轉,02990001
RPQNMLTJNHHGFAT86CB,潭頭段,21.74,都市：商,100000,5461,持分移轉,03010000
RPTNMLKKNHHGFDT66CB,龍帝段,87.36,都市：住,1,1,全筆移轉,08120004
RPSNMLKKNHHGFDT56CB,龍帝段,100.95,都市：住,1,1,全筆移轉,08120003
RPUNMLKKNHHGFDT76CB,龍帝段,33.60,都市：住,10000,263,持分移轉,08120008
RPPNMLMKNHHGFAT78CB,麟和段,13.88,非都市：一般農業區 ; 非都市編定：甲種建築用地,1000,30,持分移轉,06880000
RPPNMLMKNHHGFAT78CB,麟和段,16.45,非都市：一般農業區 ; 非都市編定：甲種建築用地,33,1,持分移轉,06880004
RPPNMLLKNHHGFAT68CB,豐田段,54.09,都市：住,422000,54094,持分移轉,04040000
RPQNMLMKNHHGFCT09CB,新勢段,91.00,非都市：鄉村區 ; 非都市編定：乙種建築用地,1,1,全筆移轉,12890006
RPQNMLMKNHHGFCT09CB,新勢段,28.83,非都市：鄉村區 ; 非都市編定：乙種建築用地,6,1,持分移轉,12890010
RPQNMLMKNHHGFCT09CB,新勢段,2.50,非都市：鄉村區 ; 非都市編定：乙種建築用地,6,1,持分移轉,12890011
RPQNMLMKNHHGFCT09CB,新勢段,8.40,非都市：鄉村區 ; 非都市編定：乙種建築用地,35,3,持分移轉,12890002
RPQNMLMKNHHGFCT09CB,新勢段,2.43,非都市：鄉村區 ; 非都市編定：乙種建築用地,7,1,持分移轉,12890008
RPQNMLMKNHHGFAT88CB,麟和段,14.34,非都市：一般農業區 ; 非都市編定：甲種建築用地,1000,31,持分移轉,06880000
RPQNMLMKNHHGFAT88CB,麟和段,16.45,非都市：一般農業區 ; 非都市編定：甲種建築用地,33,1,持分移轉,06880004
RPRNMLMKNHHGFAT98CB,廣興段,22.48,非都市：鄉村區 ; 非都市編定：乙種建築用地,1000000,10705,持分移轉,10110000
RPRNMLNKNHHGFDT76CB,新義段,32.17,都市：住,100000,808,持分移轉,00070010
RPPNMLNKNHHGFCT09CB,和興段,20.07,都市：住,100000,688,持分移轉,01880000
RPQNMLNKNHHGFCT56CB,和興段,20.07,都市：住,100000,688,持分移轉,01880000
RPPNMLNKNHHGFDT56CB,新義段,30.86,都市：住,100000,775,持分移轉,00070010
RPSNMLNKNHHGFDT86CB,新義段,30.86,都市：住,100000,775,持分移轉,00070010
RPPNMLNKNHHGFAT88CB,香揚段一小段,4.73,都市：住,100000,159,持分移轉,00300000
RPPNMLNKNHHGFAT88CB,香揚段一小段,1.29,都市：住,100000,159,持分移轉,00300001
RPPNMLNKNHHGFAT88CB,香揚段一小段,16.30,都市：住,100000,159,持分移轉,00120000
RPPNMLNKNHHGFAT88CB,香揚段一小段,4.51,都市：住,100000,159,持分移轉,00120001
RPQNMLNKNHHGFAT98CB,香揚段一小段,12.87,都市：住,100000,433,持分移轉,00300000
RPQNMLNKNHHGFAT98CB,香揚段一小段,3.52,都市：住,100000,433,持分移轉,00300001
RPQNMLNKNHHGFAT98CB,香揚段一小段,44.38,都市：住,100000,433,持分移轉,00120000
RPQNMLNKNHHGFAT98CB,香揚段一小段,12.28,都市：住,100000,433,持分移轉,00120001
RPRNMLNKNHHGFAT09CB,香揚段一小段,3.24,都市：住,100000,109,持分移轉,00300000
RPRNMLNKNHHGFAT09CB,香揚段一小段,.89,都市：住,100000,109,持分移轉,00300001
RPRNMLNKNHHGFAT09CB,香揚段一小段,11.17,都市：住,100000,109,持分移轉,00120000
RPRNMLNKNHHGFAT09CB,香揚段一小段,3.09,都市：住,100000,109,持分移轉,00120001
RPSNMLNKNHHGFAT56CB,香揚段一小段,12.87,都市：住,100000,433,持分移轉,00300000
RPSNMLNKNHHGFAT56CB,香揚段一小段,3.52,都市：住,100000,433,持分移轉,00300001
RPSNMLNKNHHGFAT56CB,香揚段一小段,44.38,都市：住,100000,433,持分移轉,00120000
RPSNMLNKNHHGFAT56CB,香揚段一小段,12.28,都市：住,100000,433,持分移轉,00120001
RPVNMLNKNHHGFAT86CB,香揚段一小段,4.93,都市：住,100000,166,持分移轉,00300000
RPVNMLNKNHHGFAT86CB,香揚段一小段,1.35,都市：住,100000,166,持分移轉,00300001
RPVNMLNKNHHGFAT86CB,香揚段一小段,17.02,都市：住,100000,166,持分移轉,00120000
RPVNMLNKNHHGFAT86CB,香揚段一小段,4.71,都市：住,100000,166,持分移轉,00120001
RPTNMLNKNHHGFAT66CB,香揚段一小段,10.85,都市：住,100000,365,持分移轉,00300000
RPTNMLNKNHHGFAT66CB,香揚段一小段,2.97,都市：住,100000,365,持分移轉,00300001
RPTNMLNKNHHGFAT66CB,香揚段一小段,37.41,都市：住,100000,365,持分移轉,00120000
RPTNMLNKNHHGFAT66CB,香揚段一小段,10.35,都市：住,100000,365,持分移轉,00120001
RPXNMLNKNHHGFAT07CB,香揚段一小段,4.76,都市：住,100000,160,持分移轉,00300000
RPXNMLNKNHHGFAT07CB,香揚段一小段,1.30,都市：住,100000,160,持分移轉,00300001
RPXNMLNKNHHGFAT07CB,香揚段一小段,16.40,都市：住,100000,160,持分移轉,00120000
RPXNMLNKNHHGFAT07CB,香揚段一小段,4.54,都市：住,100000,160,持分移轉,00120001
RPOOMLNKNHHGFAT88CB,香揚段一小段,4.67,都市：住,100000,157,持分移轉,00300000
RPOOMLNKNHHGFAT88CB,香揚段一小段,1.28,都市：住,100000,157,持分移轉,00300001
RPOOMLNKNHHGFAT88CB,香揚段一小段,16.09,都市：住,100000,157,持分移轉,00120000
RPOOMLNKNHHGFAT88CB,香揚段一小段,4.45,都市：住,100000,157,持分移轉,00120001
RPWNMLNKNHHGFAT96CB,香揚段一小段,4.93,都市：住,100000,166,持分移轉,00300000
RPWNMLNKNHHGFAT96CB,香揚段一小段,1.35,都市：住,100000,166,持分移轉,00300001
RPWNMLNKNHHGFAT96CB,香揚段一小段,17.02,都市：住,100000,166,持分移轉,00120000
RPWNMLNKNHHGFAT96CB,香揚段一小段,4.71,都市：住,100000,166,持分移轉,00120001
RPQOMLNKNHHGFAT09CB,香揚段一小段,4.73,都市：住,100000,159,持分移轉,00300000
RPQOMLNKNHHGFAT09CB,香揚段一小段,1.29,都市：住,100000,159,持分移轉,00300001
RPQOMLNKNHHGFAT09CB,香揚段一小段,16.30,都市：住,100000,159,持分移轉,00120000
RPQOMLNKNHHGFAT09CB,香揚段一小段,4.51,都市：住,100000,159,持分移轉,00120001
RPUNMLNKNHHGFAT76CB,香揚段一小段,14.92,都市：住,100000,502,持分移轉,00300000
RPUNMLNKNHHGFAT76CB,香揚段一小段,4.08,都市：住,100000,502,持分移轉,00300001
RPUNMLNKNHHGFAT76CB,香揚段一小段,51.46,都市：住,100000,502,持分移轉,00120000
RPUNMLNKNHHGFAT76CB,香揚段一小段,14.23,都市：住,100000,502,持分移轉,00120001
RPSOMLNKNHHGFAT66CB,新潭段,45.15,都市：住,10000,412,持分移轉,09800000
RPPOMLNKNHHGFAT98CB,香揚段一小段,4.91,都市：住,100000,165,持分移轉,00300000
RPPOMLNKNHHGFAT98CB,香揚段一小段,1.34,都市：住,100000,165,持分移轉,00300001
RPPOMLNKNHHGFAT98CB,香揚段一小段,16.91,都市：住,100000,165,持分移轉,00120000
RPPOMLNKNHHGFAT98CB,香揚段一小段,4.68,都市：住,100000,165,持分移轉,00120001
RPUOMLNKNHHGFAT86CB,潭頭段,.16,都市：商,100000,5461,持分移轉,02990001
RPUOMLNKNHHGFAT86CB,潭頭段,21.74,都市：商,100000,5461,持分移轉,03010000
RPPNMLPKNHHGFAT09CB,廣興段,27.10,非都市：鄉村區 ; 非都市編定：乙種建築用地,1000000,12905,持分移轉,10110000
RPTOMLNKNHHGFAT76CB,新潭段,44.71,都市：住,10000,408,持分移轉,09800000
RPQNMLPKNHHGFAT56CB,廣興段,27.10,非都市：鄉村區 ; 非都市編定：乙種建築用地,1000000,12905,持分移轉,10110000
RPSNMLPKNHHGFAT76CB,長治段,35.26,都市：住,10000,362,持分移轉,00780001
RPPNMLQKNHHGFAT56CB,香潭段,39.98,非都市：一般農業區 ; 非都市編定：甲種建築用地,100000,3529,持分移轉,12360000
RPPNMLOKNHHGFCT56CB,豐田段,37.74,都市：住,10000,588,持分移轉,00600000
RPQNMLQKNHHGFAT66CB,香潭段,39.98,非都市：一般農業區 ; 非都市編定：甲種建築用地,100000,3529,持分移轉,12360000
RPPNMLSKNHHGFAT76CB,潭頭段,.16,都市：商,100000,5461,持分移轉,02990001
RPPNMLSKNHHGFAT76CB,潭頭段,21.74,都市：商,100000,5461,持分移轉,03010000
RPQNMLSKNHHGFAT86CB,潭頭段,.17,都市：商,100000,5793,持分移轉,02990001
RPQNMLSKNHHGFAT86CB,潭頭段,23.06,都市：商,100000,5793,持分移轉,03010000
RPPNMLNLNHHGFAT09DB,勝興段,47.68,都市：住,100000,4466,持分移轉,05320004
RPQNMLNLNHHGFAT56DB,勝興段,47.64,都市：住,100000,4462,持分移轉,05320004
RPQNMLSKNHHGFDT17CB,新義段,30.94,都市：住,100000,777,持分移轉,00070010
RPPNMLPLNHHGFBT66CB,春林段,41.54,都市：住,10000,277,持分移轉,02330001
RPPNMLOLNHHGFAT09CB,斯文段,22.35,都市：住,10000,73,持分移轉,12980000
RPQNMLPLNHHGFBT76CB,春林段,41.09,都市：住,10000,274,持分移轉,02330001
RPRNMLPLNHHGFBT86CB,春林段,41.54,都市：住,10000,277,持分移轉,02330001
RPRNMLQLNHHGFAT86CB,香揚段一小段,10.79,都市：住,100000,363,持分移轉,00300000
RPRNMLQLNHHGFAT86CB,香揚段一小段,2.95,都市：住,100000,363,持分移轉,00300001
RPRNMLQLNHHGFAT86CB,香揚段一小段,37.21,都市：住,100000,363,持分移轉,00120000
RPRNMLQLNHHGFAT86CB,香揚段一小段,10.29,都市：住,100000,363,持分移轉,00120001
RPSNMLQLNHHGFAT96CB,香揚段一小段,5.05,都市：住,100000,170,持分移轉,00300000
RPSNMLQLNHHGFAT96CB,香揚段一小段,1.38,都市：住,100000,170,持分移轉,00300001
RPSNMLQLNHHGFAT96CB,香揚段一小段,17.43,都市：住,100000,170,持分移轉,00120000
RPSNMLQLNHHGFAT96CB,香揚段一小段,4.82,都市：住,100000,170,持分移轉,00120001
RPQNMLRLNHHGFDT17CB,關帝段,36.81,都市：住,100000,1605,持分移轉,09660000
RPQNMLMJOHHGFCT09CB,復興段,49.16,都市：住,100000,4920,持分移轉,05210016
RPTNMLQLNHHGFAT07CB,香揚段一小段,4.67,都市：住,100000,157,持分移轉,00300000
RPTNMLQLNHHGFAT07CB,香揚段一小段,1.28,都市：住,100000,157,持分移轉,00300001
RPTNMLQLNHHGFAT07CB,香揚段一小段,16.09,都市：住,100000,157,持分移轉,00120000
RPTNMLQLNHHGFAT07CB,香揚段一小段,4.45,都市：住,100000,157,持分移轉,00120001
RPRNMLMJOHHGFCT56CB,復興段,49.16,都市：住,100000,4920,持分移轉,05210016
RPPNMLMJOHHGFCT98CB,復興段,49.16,都市：住,100000,4920,持分移轉,05210016
RPPNMLRLNHHGFDT07CB,關帝段,36.70,都市：住,100000,1600,持分移轉,09660000
RPTNMLMJOHHGFCT76CB,復興段,48.01,都市：住,100000,4805,持分移轉,05210016
RPSNMLMJOHHGFCT66CB,復興段,49.16,都市：住,100000,4920,持分移轉,05210016
RPUNMLMJOHHGFCT86CB,復興段,47.99,都市：住,100000,4803,持分移轉,05210016
RPVNMLMJOHHGFCT96CB,復興段,47.99,都市：住,100000,4803,持分移轉,05210016
RPWNMLMJOHHGFCT07CB,復興段,47.99,都市：住,100000,4803,持分移轉,05210016
RPXNMLMJOHHGFCT17CB,復興段,47.70,都市：住,100000,4774,持分移轉,05210016
RPOOMLMJOHHGFCT98CB,復興段,47.70,都市：住,100000,4774,持分移轉,05210016
RPPOMLMJOHHGFCT09CB,復興段,52.38,都市：住,100000,5242,持分移轉,05210016
RPQOMLMJOHHGFCT56CB,復興段,52.38,都市：住,100000,5242,持分移轉,05210016
RPSOMLMJOHHGFCT76CB,復興段,52.12,都市：住,100000,5216,持分移轉,05210016
RPROMLMJOHHGFCT66CB,復興段,53.01,都市：住,100000,5305,持分移轉,05210016
RPTOMLMJOHHGFCT86CB,復興段,52.12,都市：住,100000,5216,持分移轉,05210016
RPVOMLMJOHHGFCT07CB,復興段,110.16,都市：住,1,1,全筆移轉,05210014
RPUOMLMJOHHGFCT96CB,復興段,52.12,都市：住,100000,5216,持分移轉,05210016
RPWOMLMJOHHGFCT17CB,復興段,110.16,都市：住,1,1,全筆移轉,05210013
RPOPMLMJOHHGFCT09CB,復興段,110.16,都市：住,1,1,全筆移轉,05210005
RPXOMLMJOHHGFCT27CB,復興段,113.22,都市：住,1,1,全筆移轉,05210012
RPPPMLMJOHHGFCT56CB,復興段,110.16,都市：住,1,1,全筆移轉,05210004
RPPNMLLKNHHGFCT88CB,崙潮段,78.41,非都市：一般農業區 ; 非都市編定：甲種建築用地,1,1,全筆移轉,03550059
RPPNMLLKNHHGFCT88CB,崙潮段,31.68,非都市：一般農業區 ; 非都市編定：甲種建築用地,9,1,持分移轉,03550058
