﻿編號,土地位置,土地移轉面積(平方公尺),使用分區或編定,權利人持分分母,權利人持分分子,移轉情形,地號
The serial number, land position,land shifting area square meter,the use zoning or compiles and checks,,,,land parcel
RPQNMLOKKHHGFAU98DB,新興段,29.92,都市：住,25,1,持分移轉,01280000
RPPNMLOLKHHGFAU88CB,德安段,20.27,都市：住,10000,308,持分移轉,18650000
RPQNMLLJLHHGFAU58CB,民享段,14.62,都市：商,100000,1328,持分移轉,11970000
RPQNMLLJLHHGFAU58CB,民享段,2.40,都市：住,100000,1328,持分移轉,11970003
RPPNMLOKKHHGFAU88DB,新興段,29.88,都市：住,35,1,持分移轉,01280001
RPTNMLLJLHHGFAU88CB,民享段,15.64,都市：商,10000,149,持分移轉,04170000
RPRNMLPLKHHGFAU56CB,民享段,9.03,都市：商,10000,86,持分移轉,04170000
RPPNMLNLKHHGFAU78CB,慈安段,3.06,都市：住,10000,456,持分移轉,00020000
RPPNMLNLKHHGFAU78CB,慈安段,29.78,都市：住,10000,456,持分移轉,00030000
RPPNMLNLKHHGFAU78CB,慈安段,1.37,都市：住,10000,456,持分移轉,00030013
RPPNMLNLKHHGFAU78CB,慈安段,.50,都市：住,10000,456,持分移轉,00030014
RPXNMLLJLHHGFAU66CB,民享段,14.62,都市：商,100000,1328,持分移轉,11970000
RPXNMLLJLHHGFAU66CB,民享段,2.40,都市：住,100000,1328,持分移轉,11970003
RPUNMLLJLHHGFAU98CB,民享段,13.55,都市：商,100000,1231,持分移轉,11970000
RPUNMLLJLHHGFAU98CB,民享段,2.23,都市：住,100000,1231,持分移轉,11970003
RPWNMLLJLHHGFAU56CB,民享段,19.20,都市：商,100000,1744,持分移轉,11970000
RPWNMLLJLHHGFAU56CB,民享段,3.16,都市：住,100000,1744,持分移轉,11970003
RPQNMLMJLHHGFAU68CB,民享段,15.09,都市：商,1000,41,持分移轉,12050000
RPQNMLMJLHHGFAU68CB,民享段,2.25,都市：住,1000,41,持分移轉,12050002
RPUNMLMJLHHGFAU09CB,永興段,22.71,非都市：鄉村區 ; 非都市編定：乙種建築用地,10000,291,持分移轉,10460001
RPPNMLNJLHHGFAU78DB,福興段,89.00,都市：住,1,1,全筆移轉,01160001
RPVNMLMJLHHGFAU56CB,慶豐段,37.73,都市：住,100000,1891,持分移轉,08940000
RPSNMLMJLHHGFAU88CB,永興段,22.63,非都市：鄉村區 ; 非都市編定：乙種建築用地,10000,290,持分移轉,10460001
RPPNMLMJLHHGFAU58CB,慈安段,3.06,都市：住,10000,456,持分移轉,00020000
RPPNMLMJLHHGFAU58CB,慈安段,29.78,都市：住,10000,456,持分移轉,00030000
RPPNMLMJLHHGFAU58CB,慈安段,1.37,都市：住,10000,456,持分移轉,00030013
RPPNMLMJLHHGFAU58CB,慈安段,.50,都市：住,10000,456,持分移轉,00030014
RPQNMLNJLHHGFAU78CB,德安段,11.57,都市：商,100000,1534,持分移轉,09790000
RPPNMLOJLHHGFAU78CB,宜安段,45.93,都市：住,100000,1100,持分移轉,06410000
RPPNMLNJLHHGFAU68CB,德安段,11.57,都市：商,100000,1534,持分移轉,09790000
RPRNMLOJLHHGFAU98CB,嘉南段,35.30,都市：其他:農業區建地目,100000,8568,持分移轉,07050000
RPRNMLOJLHHGFAU98CB,嘉南段,2.29,都市：農,34,1,持分移轉,07060000
RPRNMLOJLHHGFAU98CB,嘉南段,9.62,都市：農,34,1,持分移轉,07060002
RPRNMLOJLHHGFAU98CB,嘉南段,15.00,都市：農,1,1,全筆移轉,07060037
RPRNMLOJLHHGFAU98CB,嘉南段,21.88,都市：農,16,1,持分移轉,07060039
RPQNMLRJLHHGFAU56CB,慈安段,101.00,都市：住,812,101,持分移轉,13210008
RPQNMLRJLHHGFAU56CB,慈安段,2.00,都市：住,21,2,持分移轉,13210009
RPRNMLRJLHHGFAU66CB,嘉南段,113.01,都市：其他:農業區建地目,100000,7148,持分移轉,07100000
RPRNMLRJLHHGFAU66CB,嘉南段,2.29,都市：農,34,1,持分移轉,07060000
RPRNMLRJLHHGFAU66CB,嘉南段,9.62,都市：農,34,1,持分移轉,07060002
RPRNMLRJLHHGFAU66CB,嘉南段,8.18,都市：農,22,1,持分移轉,07060007
RPRNMLRJLHHGFAU66CB,嘉南段,126.00,都市：農,1,1,全筆移轉,07060019
RPQNMLTJLHHGFAU76CB,慶豐段,30.52,都市：住,100000,1530,持分移轉,08940000
RPQNMLSJLHHGFAU66CB,裕民段,13.39,都市：商,10000,181,持分移轉,05440000
RPQNMLSJLHHGFAU66CB,裕民段,4.72,都市：商,10000,181,持分移轉,05510000
RPRNMLSJLHHGFAU76CB,慈惠段,127.39,都市：住,1,1,全筆移轉,05610012
RPPNMLTJLHHGFAU66CB,裕民段,13.39,都市：商,10000,181,持分移轉,05440000
RPPNMLTJLHHGFAU66CB,裕民段,4.72,都市：商,10000,181,持分移轉,05510000
RPSNMLSJLHHGFAU86CB,慈惠段,135.91,都市：住,1,1,全筆移轉,05600000
RPRNMLTJLHHGFAU86CB,慶豐段,37.73,都市：住,100000,1891,持分移轉,08940000
RPQNMLKKLHHGFAU58CB,宜安段,32.23,都市：住,100000,772,持分移轉,06410000
RPSNMLKKLHHGFAU78CB,德安段,11.57,都市：商,100000,1534,持分移轉,09790000
RPPNMLKKLHHGFAU58DB,新興段,29.88,都市：住,35,1,持分移轉,01280001
RPRNMLKKLHHGFAU68CB,嘉南段,35.30,都市：其他:農業區建地目,100000,8568,持分移轉,07050000
RPRNMLKKLHHGFAU68CB,嘉南段,2.29,都市：農,34,1,持分移轉,07060000
RPRNMLKKLHHGFAU68CB,嘉南段,9.62,都市：農,34,1,持分移轉,07060002
RPRNMLKKLHHGFAU68CB,嘉南段,21.88,都市：農,16,1,持分移轉,07060039
RPRNMLKKLHHGFAU68CB,嘉南段,15.00,都市：農,1,1,全筆移轉,07060042
RPTNMLKKLHHGFAU88CB,德安段,17.54,都市：商,100000,2326,持分移轉,09790000
RPUNMLKKLHHGFAU98CB,嘉南段,35.30,都市：其他:農業區建地目,100000,8568,持分移轉,07050000
RPUNMLKKLHHGFAU98CB,嘉南段,2.29,都市：農,34,1,持分移轉,07060000
RPUNMLKKLHHGFAU98CB,嘉南段,9.62,都市：農,34,1,持分移轉,07060002
RPUNMLKKLHHGFAU98CB,嘉南段,15.00,都市：農,1,1,全筆移轉,07060029
RPUNMLKKLHHGFAU98CB,嘉南段,21.88,都市：農,16,1,持分移轉,07060039
RPPNMLOKLHHGFAU88CB,德安段,34.08,都市：住,10000,518,持分移轉,18650000
RPQNMLKKLHHGFAU68DB,新興段,29.92,都市：住,25,1,持分移轉,01280000
RPSNMLPKLHHGFAU66CB,永興段,92.93,非都市：鄉村區 ; 非都市編定：乙種建築用地,1,1,全筆移轉,08370005
RPRNMLPKLHHGFAU56CB,德安段,17.54,都市：商,100000,2326,持分移轉,09790000
RPPNMLPKLHHGFAU09DB,新興段,29.88,都市：住,35,1,持分移轉,01280001
RPPNMLQKLHHGFAU09CB,慈安段,14.68,都市：住,1760,28,持分移轉,07250000
RPPNMLQKLHHGFAU09CB,慈安段,13.32,都市：住,1760,28,持分移轉,07260000
RPQNMLPKLHHGFAU56DB,新興段,29.88,都市：住,35,1,持分移轉,01280001
RPRNMLRKLHHGFAU76CB,裕民段,10.65,都市：商,10000,230,持分移轉,05490000
RPTNMLQKLHHGFAU86CB,國光段,49.38,都市：住,8,1,持分移轉,00330001
RPQNMLLLLHHGFAU78CB,民享段,10.50,都市：商,10000,100,持分移轉,04170000
RPSNMLRKLHHGFAU86CB,仁恥段,23.39,都市：住,100000,3872,持分移轉,03950000
RPTNMLLLLHHGFAU09CB,林森段,15.73,都市：住,747,26,持分移轉,03330000
RPTNMLLLLHHGFAU09CB,林森段,5.95,都市：住,747,26,持分移轉,03340000
RPTNMLLLLHHGFAU09CB,林森段,.38,都市：住,747,26,持分移轉,03340001
RPTNMLLLLHHGFAU09CB,林森段,.38,都市：住,747,26,持分移轉,03370000
RPTNMLLLLHHGFAU09CB,林森段,2.89,都市：住,747,26,持分移轉,03370001
RPVNMLLLLHHGFAU66CB,林森段,15.13,都市：住,747,25,持分移轉,03330000
RPVNMLLLLHHGFAU66CB,林森段,5.72,都市：住,747,25,持分移轉,03340000
RPVNMLLLLHHGFAU66CB,林森段,.37,都市：住,747,25,持分移轉,03340001
RPVNMLLLLHHGFAU66CB,林森段,.37,都市：住,747,25,持分移轉,03370000
RPVNMLLLLHHGFAU66CB,林森段,2.78,都市：住,747,25,持分移轉,03370001
RPWNMLLLLHHGFAU76CB,林森段,15.73,都市：住,747,26,持分移轉,03330000
RPWNMLLLLHHGFAU76CB,林森段,5.95,都市：住,747,26,持分移轉,03340000
RPWNMLLLLHHGFAU76CB,林森段,.38,都市：住,747,26,持分移轉,03340001
RPWNMLLLLHHGFAU76CB,林森段,.38,都市：住,747,26,持分移轉,03370000
RPWNMLLLLHHGFAU76CB,林森段,2.89,都市：住,747,26,持分移轉,03370001
RPSNMLLLLHHGFAU98CB,林森段,15.73,都市：住,747,26,持分移轉,03330000
RPSNMLLLLHHGFAU98CB,林森段,5.95,都市：住,747,26,持分移轉,03340000
RPSNMLLLLHHGFAU98CB,林森段,.38,都市：住,747,26,持分移轉,03340001
RPSNMLLLLHHGFAU98CB,林森段,.38,都市：住,747,26,持分移轉,03370000
RPSNMLLLLHHGFAU98CB,林森段,2.89,都市：住,747,26,持分移轉,03370001
RPPOMLLLLHHGFAU78CB,林森段,15.73,都市：住,747,26,持分移轉,03330000
RPPOMLLLLHHGFAU78CB,林森段,5.95,都市：住,747,26,持分移轉,03340000
RPPOMLLLLHHGFAU78CB,林森段,.38,都市：住,747,26,持分移轉,03340001
RPPOMLLLLHHGFAU78CB,林森段,.38,都市：住,747,26,持分移轉,03370000
RPPOMLLLLHHGFAU78CB,林森段,2.89,都市：住,747,26,持分移轉,03370001
RPXNMLLLLHHGFAU86CB,慶豐段,23.24,都市：住,100000,1165,持分移轉,08940000
RPPNMLMLLHHGFAU78CB,吉興段,100.88,都市：農,85118,10088,持分移轉,07430000
RPPNMLMLLHHGFAU88DB,民生段,13.79,都市：商,10000,225,持分移轉,08400000
RPPNMLNLLHHGFAU88CB,永興段,20.44,非都市：鄉村區 ; 非都市編定：乙種建築用地,10000,262,持分移轉,10460001
RPRNMLMLLHHGFAU98CB,嘉平段,89.00,都市：住,1,1,全筆移轉,09930002
RPQNMLOLLHHGFAU56DB,慶豐段,28.52,都市：住,100000,8438,持分移轉,18040000
RPRNMLOLLHHGFAU66DB,慶豐段,27.81,都市：住,100000,8229,持分移轉,18040000
RPRNMLOLLHHGFAU66DB,慶豐段,9.46,都市：商,100000,8229,持分移轉,18040001
RPQNMLOLLHHGFAU56DB,慶豐段,9.70,都市：商,100000,8438,持分移轉,18040001
RPPNMLPLLHHGFAU09CB,德安段,17.54,都市：商,100000,2326,持分移轉,09790000
RPTNMLPLLHHGFAU86CB,嘉南段,36.39,都市：其他:農業區建地目,100000,8832,持分移轉,07050000
RPTNMLPLLHHGFAU86CB,嘉南段,2.29,都市：農,34,1,持分移轉,07060000
RPTNMLPLLHHGFAU86CB,嘉南段,9.62,都市：農,34,1,持分移轉,07060002
RPTNMLPLLHHGFAU86CB,嘉南段,21.88,都市：農,16,1,持分移轉,07060039
RPTNMLPLLHHGFAU86CB,嘉南段,15.00,都市：農,1,1,全筆移轉,07060043
RPSNMLSLLHHGFAU07CB,民享段,13.55,都市：商,100000,1231,持分移轉,11970000
RPSNMLSLLHHGFAU07CB,民享段,2.23,都市：住,100000,1231,持分移轉,11970003
RPTNMLSLLHHGFAU17CB,民享段,13.55,都市：商,100000,1231,持分移轉,11970000
RPTNMLSLLHHGFAU17CB,民享段,2.23,都市：住,100000,1231,持分移轉,11970003
RPRNMLTLLHHGFAU07CB,仁恥段,23.39,都市：住,100000,3872,持分移轉,03950000
RPVNMLKMLHHGFAU66CB,慈安段,14.68,都市：住,1760,28,持分移轉,07250000
RPVNMLKMLHHGFAU66CB,慈安段,13.32,都市：住,1760,28,持分移轉,07260000
RPQNMLPLLHHGFAU56CB,德安段,17.54,都市：商,100000,2326,持分移轉,09790000
RPSNMLTLLHHGFAU17CB,德安段,25.52,都市：住,100000,3879,持分移轉,18650000
RPWNMLKMLHHGFAU76CB,民享段,13.55,都市：商,100000,1231,持分移轉,11970000
RPWNMLKMLHHGFAU76CB,民享段,2.23,都市：住,100000,1231,持分移轉,11970003
RPXNMLKMLHHGFAU86CB,富國段,15.88,都市：住,8,1,持分移轉,00620005
RPXNMLKMLHHGFAU86CB,富國段,17.00,都市：住,8,1,持分移轉,00620006
RPRNMLLMLHHGFAU98CB,民享段,18.90,都市：商,100000,1717,持分移轉,11970000
RPRNMLLMLHHGFAU98CB,民享段,3.11,都市：住,100000,1717,持分移轉,11970003
RPOOMLKMLHHGFAU68CB,富國段,15.88,都市：住,8,1,持分移轉,00620005
RPOOMLKMLHHGFAU68CB,富國段,17.00,都市：住,8,1,持分移轉,00620006
RPPNMLLMLHHGFAU78CB,福興段,19.35,都市：住,100000,8305,持分移轉,09690000
RPPNMLLMLHHGFAU78CB,福興段,51.49,都市：住,100000,8305,持分移轉,09700000
RPPNMLLMLHHGFAU78CB,福興段,12.87,都市：住,100000,8305,持分移轉,09710000
RPUNMLLMLHHGFAU66CB,民享段,14.62,都市：商,100000,1328,持分移轉,11970000
RPUNMLLMLHHGFAU66CB,民享段,2.40,都市：住,100000,1328,持分移轉,11970003
RPQNMLLMLHHGFAU88CB,民享段,18.90,都市：商,100000,1717,持分移轉,11970000
RPQNMLLMLHHGFAU88CB,民享段,3.11,都市：住,100000,1717,持分移轉,11970003
RPSNMLLMLHHGFAU09CB,民享段,18.90,都市：商,100000,1717,持分移轉,11970000
RPSNMLLMLHHGFAU09CB,民享段,3.11,都市：住,100000,1717,持分移轉,11970003
RPVNMLLMLHHGFAU76CB,裕民段,19.09,都市：商,10000,258,持分移轉,05440000
RPVNMLLMLHHGFAU76CB,裕民段,6.73,都市：商,10000,258,持分移轉,05510000
RPTNMLLMLHHGFAU56CB,民享段,18.90,都市：商,100000,1717,持分移轉,11970000
RPTNMLLMLHHGFAU56CB,民享段,3.11,都市：住,100000,1717,持分移轉,11970003
RPXNMLLMLHHGFAU96CB,嘉南段,34.88,都市：其他:農業區建地目,100000,8467,持分移轉,07050000
RPSNMLLMLHHGFAU56DB,民生段,12.32,都市：商,10000,201,持分移轉,08400000
RPXNMLLMLHHGFAU96CB,嘉南段,2.29,都市：農,34,1,持分移轉,07060000
RPXNMLLMLHHGFAU96CB,嘉南段,9.62,都市：農,34,1,持分移轉,07060002
RPXNMLLMLHHGFAU96CB,嘉南段,15.00,都市：農,1,1,全筆移轉,07060030
RPXNMLLMLHHGFAU96CB,嘉南段,21.88,都市：農,16,1,持分移轉,07060039
RPPNMLLMLHHGFAU88DB,民生段,10.30,都市：商,10000,168,持分移轉,08400000
RPQNMLLMLHHGFAU98DB,民生段,14.04,都市：商,10000,229,持分移轉,08400000
RPWNMLLJMHHGFAU66CB,宜安段,16.49,都市：住,100000,395,持分移轉,06410000
RPUNMLLJMHHGFAU09CB,福興段,18.74,都市：住,100000,8045,持分移轉,09690000
RPUNMLLJMHHGFAU09CB,福興段,49.88,都市：住,100000,8045,持分移轉,09700000
RPUNMLLJMHHGFAU09CB,福興段,12.47,都市：住,100000,8045,持分移轉,09710000
RPSNMLLJMHHGFAU88CB,福興段,23.17,都市：住,100000,9946,持分移轉,09690000
RPSNMLLJMHHGFAU88CB,福興段,61.67,都市：住,100000,9946,持分移轉,09700000
RPSNMLLJMHHGFAU88CB,福興段,15.42,都市：住,100000,9946,持分移轉,09710000
RPVNMLLJMHHGFAU56CB,嘉南段,34.88,都市：其他:農業區建地目,100000,8467,持分移轉,07050000
RPVNMLLJMHHGFAU56CB,嘉南段,2.29,都市：農,34,1,持分移轉,07060000
RPVNMLLJMHHGFAU56CB,嘉南段,9.62,都市：農,34,1,持分移轉,07060002
RPVNMLLJMHHGFAU56CB,嘉南段,15.00,都市：農,1,1,全筆移轉,07060038
RPVNMLLJMHHGFAU56CB,嘉南段,21.88,都市：農,16,1,持分移轉,07060039
RPQNMLQJMHHGFAU56CB,仁恥段,23.39,都市：住,100000,3872,持分移轉,03950000
RPPNMLRJMHHGFAU56CB,民享段,28.41,都市：商,100000,2580,持分移轉,11970000
RPPNMLRJMHHGFAU56CB,民享段,4.67,都市：住,100000,2580,持分移轉,11970003
RPRNMLRJMHHGFAU76CB,民享段,14.62,都市：商,100000,1328,持分移轉,11970000
RPRNMLRJMHHGFAU76CB,民享段,2.40,都市：住,100000,1328,持分移轉,11970003
RPQNMLRJMHHGFAU66CB,民享段,19.16,都市：商,100000,1740,持分移轉,11970000
RPQNMLRJMHHGFAU66CB,民享段,3.15,都市：住,100000,1740,持分移轉,11970003
RPVNMLRJMHHGFAU17CB,主權段,32.21,都市：住,1700,73,持分移轉,11340000
RPQNMLSJMHHGFAU76CB,慶豐段,37.73,都市：住,100000,1891,持分移轉,08940000
RPPNMLLKMHHGFAU68CB,吉興段,98.27,都市：農,85118,9827,持分移轉,07430000
RPRNMLSJMHHGFAU86CB,宜安段,45.22,都市：住,100000,1083,持分移轉,06410000
RPRNMLLKMHHGFAU88CB,永安段,.43,非都市：鄉村區 ; 非都市編定：乙種建築用地,21,1,持分移轉,02720000
RPRNMLLKMHHGFAU88CB,永安段,18.78,非都市：鄉村區 ; 非都市編定：乙種建築用地,21,1,持分移轉,02730000
RPRNMLLKMHHGFAU88CB,永安段,4.62,非都市：鄉村區 ; 非都市編定：乙種建築用地,21,1,持分移轉,02570000
RPQNMLLKMHHGFAU78CB,永安段,.43,非都市：鄉村區 ; 非都市編定：乙種建築用地,21,1,持分移轉,02720000
RPQNMLLKMHHGFAU78CB,永安段,18.78,非都市：鄉村區 ; 非都市編定：乙種建築用地,21,1,持分移轉,02730000
RPQNMLLKMHHGFAU78CB,永安段,4.62,非都市：鄉村區 ; 非都市編定：乙種建築用地,21,1,持分移轉,02570000
RPSNMLLKMHHGFAU98CB,永安段,.43,非都市：鄉村區 ; 非都市編定：乙種建築用地,21,1,持分移轉,02720000
RPSNMLLKMHHGFAU98CB,永安段,18.78,非都市：鄉村區 ; 非都市編定：乙種建築用地,21,1,持分移轉,02730000
RPSNMLLKMHHGFAU98CB,永安段,4.62,非都市：鄉村區 ; 非都市編定：乙種建築用地,21,1,持分移轉,02570000
RPSNMLSJMHHGFAU96CB,慶豐段,37.73,都市：住,100000,1891,持分移轉,08940000
RPUNMLLKMHHGFAU56CB,永安段,.43,非都市：鄉村區 ; 非都市編定：乙種建築用地,21,1,持分移轉,02720000
RPUNMLLKMHHGFAU56CB,永安段,18.78,非都市：鄉村區 ; 非都市編定：乙種建築用地,21,1,持分移轉,02730000
RPUNMLLKMHHGFAU56CB,永安段,4.62,非都市：鄉村區 ; 非都市編定：乙種建築用地,21,1,持分移轉,02570000
RPPNMLMKMHHGFAU78CB,永安段,28.05,非都市：鄉村區 ; 非都市編定：乙種建築用地,10000,336,持分移轉,03200000
RPQNMLMKMHHGFAU88CB,慶豐段,23.24,都市：住,100000,1165,持分移轉,08940000
RPQNMLNKMHHGFAU98CB,富國段,15.88,都市：住,8,1,持分移轉,00620005
RPQNMLNKMHHGFAU98CB,富國段,17.00,都市：住,8,1,持分移轉,00620006
RPVNMLNKMHHGFAU86CB,德安段,17.54,都市：商,100000,2326,持分移轉,09790000
RPTNMLNKMHHGFAU66CB,嘉南段,84.00,都市：住,1540,84,持分移轉,04380000
RPWNMLNKMHHGFAU96CB,德安段,17.54,都市：商,100000,2326,持分移轉,09790000
RPPNMLNKMHHGFAU98DB,新興段,29.88,都市：住,35,1,持分移轉,01280001
RPQNMLOKMHHGFAU09CB,裕民段,20.68,都市：商,10000,1100,持分移轉,05620004
RPRNMLOKMHHGFAU56CB,德安段,35.74,都市：住,100000,5432,持分移轉,18650000
RPTNMLOKMHHGFAU76CB,慈惠段一小段,31.87,都市：住,10000,640,持分移轉,00360000
RPPNMLOKMHHGFAU98CB,慈惠段一小段,31.87,都市：住,10000,640,持分移轉,00360000
RPVNMLOKMHHGFAU96CB,永安段,.43,非都市：鄉村區 ; 非都市編定：乙種建築用地,21,1,持分移轉,02720000
RPVNMLOKMHHGFAU96CB,永安段,18.78,非都市：鄉村區 ; 非都市編定：乙種建築用地,21,1,持分移轉,02730000
RPVNMLOKMHHGFAU96CB,永安段,4.62,非都市：鄉村區 ; 非都市編定：乙種建築用地,21,1,持分移轉,02570000
RPQNMLPKMHHGFAU56CB,永安段,.43,非都市：鄉村區 ; 非都市編定：乙種建築用地,21,1,持分移轉,02720000
RPQNMLPKMHHGFAU56CB,永安段,18.78,非都市：鄉村區 ; 非都市編定：乙種建築用地,21,1,持分移轉,02730000
RPQNMLPKMHHGFAU56CB,永安段,4.62,非都市：鄉村區 ; 非都市編定：乙種建築用地,21,1,持分移轉,02570000
RPWNMLOKMHHGFAU07CB,永安段,.43,非都市：鄉村區 ; 非都市編定：乙種建築用地,21,1,持分移轉,02720000
RPWNMLOKMHHGFAU07CB,永安段,18.78,非都市：鄉村區 ; 非都市編定：乙種建築用地,21,1,持分移轉,02730000
RPWNMLOKMHHGFAU07CB,永安段,4.62,非都市：鄉村區 ; 非都市編定：乙種建築用地,21,1,持分移轉,02570000
RPRNMLPKMHHGFAU66CB,永安段,.43,非都市：鄉村區 ; 非都市編定：乙種建築用地,21,1,持分移轉,02720000
RPRNMLPKMHHGFAU66CB,永安段,18.78,非都市：鄉村區 ; 非都市編定：乙種建築用地,21,1,持分移轉,02730000
RPRNMLPKMHHGFAU66CB,永安段,4.62,非都市：鄉村區 ; 非都市編定：乙種建築用地,21,1,持分移轉,02570000
RPSNMLPKMHHGFAU76CB,永安段,.43,非都市：鄉村區 ; 非都市編定：乙種建築用地,21,1,持分移轉,02720000
RPSNMLPKMHHGFAU76CB,永安段,18.78,非都市：鄉村區 ; 非都市編定：乙種建築用地,21,1,持分移轉,02730000
RPSNMLPKMHHGFAU76CB,永安段,4.62,非都市：鄉村區 ; 非都市編定：乙種建築用地,21,1,持分移轉,02570000
RPPNMLPKMHHGFAU09CB,林森段,24.20,都市：住,747,40,持分移轉,03330000
RPPNMLPKMHHGFAU09CB,林森段,9.16,都市：住,747,40,持分移轉,03340000
RPPNMLPKMHHGFAU09CB,林森段,.59,都市：住,747,40,持分移轉,03340001
RPPNMLPKMHHGFAU09CB,林森段,.59,都市：住,747,40,持分移轉,03370000
RPPNMLPKMHHGFAU09CB,林森段,4.44,都市：住,747,40,持分移轉,03370001
RPTNMLPKMHHGFAU86CB,永安段,.43,非都市：鄉村區 ; 非都市編定：乙種建築用地,21,1,持分移轉,02720000
RPTNMLPKMHHGFAU86CB,永安段,18.78,非都市：鄉村區 ; 非都市編定：乙種建築用地,21,1,持分移轉,02730000
RPTNMLPKMHHGFAU86CB,永安段,4.62,非都市：鄉村區 ; 非都市編定：乙種建築用地,21,1,持分移轉,02570000
RPPNMLRKMHHGFAU66CB,林森段,15.73,都市：住,747,26,持分移轉,03330000
RPPNMLRKMHHGFAU66CB,林森段,5.95,都市：住,747,26,持分移轉,03340000
RPPNMLRKMHHGFAU66CB,林森段,.38,都市：住,747,26,持分移轉,03340000
RPPNMLRKMHHGFAU66CB,林森段,.38,都市：住,747,26,持分移轉,03370000
RPPNMLRKMHHGFAU66CB,林森段,2.89,都市：住,747,26,持分移轉,03370001
RPPNMLKLMHHGFAU68CB,裕民段,20.68,都市：商,100000,11000,持分移轉,05620004
RPPNMLTKMHHGFAU86CB,裕民段,10.65,都市：商,10000,230,持分移轉,05490000
RPRNMLRKMHHGFAU86CB,永安段,.43,非都市：鄉村區 ; 非都市編定：乙種建築用地,21,1,持分移轉,02720000
RPRNMLRKMHHGFAU86CB,永安段,18.78,非都市：鄉村區 ; 非都市編定：乙種建築用地,21,1,持分移轉,02730000
RPRNMLRKMHHGFAU86CB,永安段,4.62,非都市：鄉村區 ; 非都市編定：乙種建築用地,21,1,持分移轉,02570000
RPXSMLKLMHHGFAU47DB,永興段,49.98,非都市：特定農業區 ; 非都市編定：甲種建築用地,712840,49979,持分移轉,06000000
RPSNMLRKMHHGFAU96CB,永安段,.43,非都市：鄉村區 ; 非都市編定：乙種建築用地,21,1,持分移轉,02720000
RPSNMLRKMHHGFAU96CB,永安段,18.78,非都市：鄉村區 ; 非都市編定：乙種建築用地,21,1,持分移轉,02730000
RPSNMLRKMHHGFAU96CB,永安段,4.62,非都市：鄉村區 ; 非都市編定：乙種建築用地,21,1,持分移轉,02570000
RPPNMLLLMHHGFAU78CB,裕民段,20.68,都市：商,10000,1100,持分移轉,05620004
RPQNMLKLMHHGFAU78CB,慈安段,13.11,都市：住,1760,25,持分移轉,07250000
RPQNMLKLMHHGFAU78CB,慈安段,11.89,都市：住,1760,25,持分移轉,07260000
RPQNMLLLMHHGFAU88CB,永安段,.43,非都市：鄉村區 ; 非都市編定：乙種建築用地,21,1,持分移轉,02720000
RPQNMLLLMHHGFAU88CB,永安段,18.78,非都市：鄉村區 ; 非都市編定：乙種建築用地,21,1,持分移轉,02730000
RPQNMLLLMHHGFAU88CB,永安段,4.62,非都市：鄉村區 ; 非都市編定：乙種建築用地,21,1,持分移轉,02570000
RPRNMLLLMHHGFAU98CB,永安段,.43,非都市：鄉村區 ; 非都市編定：乙種建築用地,21,1,持分移轉,02720000
RPSNMLLLMHHGFAU09CB,永安段,.43,非都市：鄉村區 ; 非都市編定：乙種建築用地,21,1,持分移轉,02720000
RPSNMLLLMHHGFAU09CB,永安段,18.78,非都市：鄉村區 ; 非都市編定：乙種建築用地,21,1,持分移轉,02730000
RPRNMLLLMHHGFAU98CB,永安段,18.78,非都市：鄉村區 ; 非都市編定：乙種建築用地,21,1,持分移轉,02730000
RPSNMLLLMHHGFAU09CB,永安段,4.62,非都市：鄉村區 ; 非都市編定：乙種建築用地,21,1,持分移轉,02570000
RPRNMLLLMHHGFAU98CB,永安段,4.62,非都市：鄉村區 ; 非都市編定：乙種建築用地,21,1,持分移轉,02570000
RPTNMLLLMHHGFAU56CB,永安段,.43,非都市：鄉村區 ; 非都市編定：乙種建築用地,21,1,持分移轉,02720000
RPTNMLLLMHHGFAU56CB,永安段,18.78,非都市：鄉村區 ; 非都市編定：乙種建築用地,21,1,持分移轉,02730000
RPTNMLLLMHHGFAU56CB,永安段,4.62,非都市：鄉村區 ; 非都市編定：乙種建築用地,21,1,持分移轉,02570000
RPUNMLLLMHHGFAU66CB,永安段,.43,非都市：鄉村區 ; 非都市編定：乙種建築用地,21,1,持分移轉,02720000
RPUNMLLLMHHGFAU66CB,永安段,18.78,非都市：鄉村區 ; 非都市編定：乙種建築用地,21,1,持分移轉,02730000
RPUNMLLLMHHGFAU66CB,永安段,4.62,非都市：鄉村區 ; 非都市編定：乙種建築用地,21,1,持分移轉,02570000
RPVNMLLLMHHGFAU76CB,永安段,.43,非都市：鄉村區 ; 非都市編定：乙種建築用地,21,1,持分移轉,02720000
RPVNMLLLMHHGFAU76CB,永安段,18.78,非都市：鄉村區 ; 非都市編定：乙種建築用地,21,1,持分移轉,02730000
RPVNMLLLMHHGFAU76CB,永安段,4.62,非都市：鄉村區 ; 非都市編定：乙種建築用地,21,1,持分移轉,02570000
RPWNMLLLMHHGFAU86CB,永安段,.43,非都市：鄉村區 ; 非都市編定：乙種建築用地,21,1,持分移轉,02720000
RPWNMLLLMHHGFAU86CB,永安段,18.78,非都市：鄉村區 ; 非都市編定：乙種建築用地,21,1,持分移轉,02730000
RPWNMLLLMHHGFAU86CB,永安段,4.62,非都市：鄉村區 ; 非都市編定：乙種建築用地,21,1,持分移轉,02570000
RPXNMLLLMHHGFAU96CB,永安段,.43,非都市：鄉村區 ; 非都市編定：乙種建築用地,21,1,持分移轉,02720000
RPQNMLMLMHHGFAU09DB,新興段,29.92,都市：住,25,1,持分移轉,01280000
RPPNMLNLMHHGFCU66DB,玉璞段,99.00,都市：住,1,1,全筆移轉,18000007
RPXNMLLLMHHGFAU96CB,永安段,18.78,非都市：鄉村區 ; 非都市編定：乙種建築用地,21,1,持分移轉,02730000
RPXNMLLLMHHGFAU96CB,永安段,4.62,非都市：鄉村區 ; 非都市編定：乙種建築用地,21,1,持分移轉,02570000
RPQNMLMLMHHGFAU98CB,仁恥段,27.78,都市：住,100000,4599,持分移轉,03950000
RPPNMLOLMHHGFCU76DB,玉璞段,99.00,都市：住,1,1,全筆移轉,18000006
RPPNMLPLMHHGFAU56CB,宜昌段,18.15,都市：商,100000,10738,持分移轉,10570000
RPPNMLPLMHHGFAU56CB,宜昌段,1.07,都市：商,100000,10738,持分移轉,10560000
RPPNMLPLMHHGFAU56CB,宜昌段,1.29,都市：商,100000,10738,持分移轉,11210000
RPRNMLPLMHHGFAU76CB,永興段,22.71,非都市：鄉村區 ; 非都市編定：乙種建築用地,10000,291,持分移轉,10460001
RPQNMLPLMHHGFAU66CB,永興段,22.47,非都市：鄉村區 ; 非都市編定：乙種建築用地,10000,288,持分移轉,10460001
RPTNMLPLMHHGFAU96CB,宜安段,25.34,都市：住,100000,607,持分移轉,06410000
RPSNMLPLMHHGFAU86CB,永興段,22.71,非都市：鄉村區 ; 非都市編定：乙種建築用地,10000,291,持分移轉,10460001
RPVNMLPLMHHGFAU17CB,嘉南段,38.97,都市：其他:農業區建地目,100000,2465,持分移轉,07100000
RPVNMLPLMHHGFAU17CB,嘉南段,2.29,都市：農,34,1,持分移轉,07060000
RPVNMLPLMHHGFAU17CB,嘉南段,9.62,都市：農,34,1,持分移轉,07060002
RPVNMLPLMHHGFAU17CB,嘉南段,8.18,都市：農,22,1,持分移轉,07060007
RPVNMLPLMHHGFAU17CB,嘉南段,15.00,都市：農,1,1,全筆移轉,07060009
RPPNMLQLMHHGFAU76DB,宜寧段,18.38,都市：商,10000,165,持分移轉,04440000
RPPNMLQLMHHGFAU76DB,宜寧段,1.17,都市：商,10000,165,持分移轉,04450000
RPUNMLPLMHHGFAU07CB,嘉南段,36.39,都市：其他:農業區建地目,100000,8832,持分移轉,07050000
RPUNMLPLMHHGFAU07CB,嘉南段,2.29,都市：農,34,1,持分移轉,07060000
RPUNMLPLMHHGFAU07CB,嘉南段,9.62,都市：農,34,1,持分移轉,07060002
RPUNMLPLMHHGFAU07CB,嘉南段,21.88,都市：農,16,1,持分移轉,07060039
RPUNMLPLMHHGFAU07CB,嘉南段,15.00,都市：農,1,1,全筆移轉,07060040
RPPNMLQLMHHGFAU66CB,民享段,17.52,都市：商,100000,1591,持分移轉,11970000
RPPNMLQLMHHGFAU66CB,民享段,2.88,都市：住,100000,1591,持分移轉,11970003
RPPNMLRLMHHGFAU76CB,慈惠段,119.40,都市：住,1,1,全筆移轉,05610008
RPPNMLTLMHHGFAU96CB,慈安段,14.68,都市：住,1760,28,持分移轉,07250000
RPPNMLTLMHHGFAU96CB,慈安段,13.32,都市：住,1760,28,持分移轉,07260000
RPWNMLPLMHHGFAU27CB,嘉南段,91.00,都市：住,1540,91,持分移轉,04380000
RPPNMLNJNHHGFAU88CB,宜安段,27.35,都市：住,100000,655,持分移轉,06410000
RPQNMLNJNHHGFAU98CB,民享段,13.55,都市：商,100000,1231,持分移轉,11970000
RPQNMLNJNHHGFAU98CB,民享段,2.23,都市：住,100000,1231,持分移轉,11970003
RPPNMLPJNHHGFAU09CB,嘉南段,96.00,都市：住,1540,96,持分移轉,04380000
RPRNMLOJNHHGFAU56CB,德安段,11.36,都市：商,100000,1506,持分移轉,09790000
RPQNMLQJNHHGFAU66CB,林森段,31.19,都市：住,747,32,持分移轉,03330000
RPQNMLPJNHHGFAU56CB,嘉南段,84.00,都市：住,1540,84,持分移轉,04380000
RPSNMLOJNHHGFAU66CB,德安段,11.60,都市：商,100000,1538,持分移轉,09790000
RPPNMLQJNHHGFAU56CB,林森段,25.34,都市：住,747,26,持分移轉,03330000
RPRNMLQJNHHGFAU76CB,林森段,25.34,都市：住,747,26,持分移轉,03330000
RPPNMLLKNHHGFAU78CB,永安段,28.05,非都市：鄉村區 ; 非都市編定：乙種建築用地,10000,336,持分移轉,03200000
RPPNMLLKNHHGFAU88DB,新興段,29.88,都市：住,35,1,持分移轉,01280001
RPSNMLLKNHHGFAU56DB,新興段,29.88,都市：住,35,1,持分移轉,01280001
RPPNMLTJNHHGFAU86CB,林森段,31.19,都市：住,747,32,持分移轉,03330000
RPPNMLMKNHHGFAU98DB,新興段,29.92,都市：住,25,1,持分移轉,01280000
RPQNMLMKNHHGFAU98CB,裕民段,10.65,都市：商,10000,230,持分移轉,05490000
RPSNMLMKNHHGFAU56CB,德安段,17.54,都市：商,100000,2326,持分移轉,09790000
RPPNMLMKNHHGFAU88CB,慈勝段,27.99,都市：住,10000,278,持分移轉,04490000
RPTNMLMKNHHGFAU66CB,德安段,11.57,都市：商,100000,1534,持分移轉,09790000
RPTNMLLKNHHGFAU66DB,新興段,29.92,都市：住,25,1,持分移轉,01280000
RPPNMLNKNHHGFAU98CB,國股段,7.44,都市：住,10000,322,持分移轉,05430000
RPPNMLNKNHHGFAU98CB,國股段,14.67,都市：住,10000,322,持分移轉,05500000
RPSNMLQKNHHGFAU96CB,民德段,39.72,都市：住,10000,686,持分移轉,05770003
RPTOMLQKNHHGFAU17CB,宜安段,45.22,都市：住,100000,1083,持分移轉,06410000
RPPOMLQKNHHGFAU76CB,民德段,39.72,都市：住,10000,686,持分移轉,05770003
RPUNMLQKNHHGFAU17CB,民德段,39.72,都市：住,10000,686,持分移轉,05770003
RPXNMLQKNHHGFAU47CB,民德段,39.72,都市：住,10000,686,持分移轉,05770003
RPQNMLRKNHHGFAU86CB,慈安段,17.31,都市：住,1760,33,持分移轉,07250000
RPQNMLRKNHHGFAU86CB,慈安段,15.69,都市：住,1760,33,持分移轉,07260000
RPXNMLRKNHHGFAU57CB,石壁段,108.28,非都市：一般農業區 ; 非都市編定：甲種建築用地,31310,10828,持分移轉,04030000
RPRNMLRKNHHGFAU96CB,慈安段,14.68,都市：住,1760,28,持分移轉,07250000
RPRNMLRKNHHGFAU96CB,慈安段,13.32,都市：住,1760,28,持分移轉,07260000
RPOOMLRKNHHGFAU76CB,石壁段,105.69,非都市：一般農業區 ; 非都市編定：甲種建築用地,31310,10569,持分移轉,04030000
RPVOMLRKNHHGFAU47CB,林森段,25.34,都市：住,747,26,持分移轉,03330000
RPUOMLRKNHHGFAU37CB,仁廉段,2.81,都市：住,100000,2899,持分移轉,04300000
RPUOMLRKNHHGFAU37CB,仁廉段,1.45,都市：住,100000,2899,持分移轉,04300001
RPUOMLRKNHHGFAU37CB,仁廉段,.43,都市：住,100000,2899,持分移轉,04300002
RPUOMLRKNHHGFAU37CB,仁廉段,25.60,都市：住,100000,2899,持分移轉,04480000
RPPOMLRKNHHGFAU86CB,石壁段,99.13,非都市：一般農業區 ; 非都市編定：甲種建築用地,31310,9913,持分移轉,04030000
RPPNMLPLNHHGFCU86CB,玉城段,12.02,都市：住,10000,372,持分移轉,13510000
RPPNMLPLNHHGFCU86CB,玉城段,6.14,都市：住,10000,372,持分移轉,13510005
RPWOMLRKNHHGFAU57CB,仁廉段,2.39,都市：住,100000,2468,持分移轉,04300000
RPWOMLRKNHHGFAU57CB,仁廉段,1.23,都市：住,100000,2468,持分移轉,04300001
RPWOMLRKNHHGFAU57CB,仁廉段,.37,都市：住,100000,2468,持分移轉,04300002
RPPNMLSKNHHGFAU86CB,仁廉段,2.67,都市：住,100000,2756,持分移轉,04300000
RPWOMLRKNHHGFAU57CB,仁廉段,21.79,都市：住,100000,2468,持分移轉,04480000
RPPNMLSKNHHGFAU86CB,仁廉段,1.38,都市：住,100000,2756,持分移轉,04300001
RPPNMLSKNHHGFAU86CB,仁廉段,.41,都市：住,100000,2756,持分移轉,04300002
RPPNMLSKNHHGFAU86CB,仁廉段,24.34,都市：住,100000,2756,持分移轉,04480000
RPQNMLPLNHHGFCU96CB,玉城段,12.02,都市：住,10000,372,持分移轉,13510000
RPQNMLPLNHHGFCU96CB,玉城段,6.14,都市：住,10000,372,持分移轉,13510005
RPRNMLPLNHHGFCU07CB,玉城段,24.81,都市：住,10000,768,持分移轉,13510000
RPRNMLPLNHHGFCU07CB,玉城段,12.67,都市：住,10000,768,持分移轉,13510005
RPTNMLLJPHHGFAU66CB,民享段,18.90,都市：商,100000,1717,持分移轉,11970000
RPTNMLLJPHHGFAU66CB,民享段,3.11,都市：住,100000,1717,持分移轉,11970003
