﻿鄉鎮市區,交易標的,土地位置建物門牌,土地移轉總面積平方公尺,都市土地使用分區,非都市土地使用分區,非都市土地使用編定,交易年月日,交易筆棟數,移轉層次,總樓層數,建物型態,主要用途,主要建材,建築完成年月,建物移轉總面積平方公尺,建物現況格局-房,建物現況格局-廳,建物現況格局-衛,建物現況格局-隔間,有無管理組織,總價元,單價元平方公尺,車位類別,車位移轉總面積平方公尺,車位總價元,備註,編號,建案名稱,棟及號
The villages and towns urban district,transaction sign,land sector position building sector house number plate,land shifting total area square meter,the use zoning or compiles and checks,the non-metropolis land use district,non-metropolis land use,transaction year month and day,transaction pen number,shifting level,total floor number,building state,main use,main building materials,construction to complete the years,building shifting total area,Building present situation pattern - room,building present situation pattern - hall,building present situation pattern - health,building present situation pattern - compartmented,Whether there is manages the organization,total price NTD,the unit price (NTD / square meter),the berth category,berth shifting total area square meter,the berth total price NTD,the note,serial number,build case,buildings
新城鄉,房地(土地+建物),花蓮縣新城鄉新興一路,29.88,住,,,1110212,土地1建物1車位0,五層,5,華廈(10層含以下有電梯),住家用,鋼筋混凝土造,,67.54,2,1,2,有,無,3800000,56263,,0.0,0,,RPPNMLOKKHHGFAU88DB,太魯閣讚,A棟5號
新城鄉,房地(土地+建物),花蓮縣新城鄉新興一路,29.92,住,,,1110212,土地1建物1車位0,五層,5,華廈(10層含以下有電梯),住家用,鋼筋混凝土造,,69.71,2,1,2,有,無,3650000,52360,,0.0,0,,RPQNMLOKKHHGFAU98DB,太魯閣讚,B棟6號
吉安鄉,房地(土地+建物)+車位,花蓮縣花蓮市中原路二段,34.7,住,,,1110222,土地4建物1車位1,九層,9,華廈(10層含以下有電梯),住家用,鋼筋混凝土造,,148.09,3,2,2,有,無,12940000,89210,坡道平面,16.49,1200000,,RPPNMLNLKHHGFAU78CB,中原特區,1棟9F-E1號
花蓮市,房地(土地+建物),花蓮縣花蓮市德安三街,20.27,住,,,1110216,土地1建物1車位0,四層,5,華廈(10層含以下有電梯),住家用,鋼筋混凝土造,,53.84,1,1,1,有,無,4050000,75223,,0.0,0,,RPPNMLOLKHHGFAU88CB,睿品苑,1棟4F號
花蓮市,房地(土地+建物),花蓮縣花蓮市民生路,9.03,商,,,1110221,土地1建物1車位0,十層,15,住宅大樓(11層含以上有電梯),住家用,鋼筋混凝土造,,67.81,2,1,2,有,無,5850000,86270,,0.0,0,,RPRNMLPLKHHGFAU56CB,三銳海景,A棟7號
花蓮市,房地(土地+建物)+車位,花蓮縣花蓮市民權路,17.02,商,,,1110226,土地2建物1車位2,二層,10,華廈(10層含以下有電梯),住商用,鋼筋混凝土造,,146.55,2,2,2,有,無,11100000,81601,坡道平面,25.84,1250000,,RPQNMLLJLHHGFAU58CB,文華秀聚,1棟G_2號
花蓮市,房地(土地+建物)+車位,花蓮縣花蓮市民生路,15.64,商,,,1110218,土地1建物1車位1,六層,15,住宅大樓(11層含以上有電梯),住家用,鋼筋混凝土造,,116.26,3,1,2,有,無,11380000,97884,坡道平面,28.0,0,,RPTNMLLJLHHGFAU88CB,三銳海景,A棟1號
花蓮市,房地(土地+建物)+車位,花蓮縣花蓮市民權路,15.78,商,,,1110213,土地2建物1車位1,十層,10,華廈(10層含以下有電梯),住商用,鋼筋混凝土造,,135.68,2,2,2,有,無,11350000,91153,坡道平面,23.78,1150000,,RPUNMLLJLHHGFAU98CB,文華秀聚,1棟C_10號
花蓮市,房地(土地+建物)+車位,花蓮縣花蓮市民權路,22.36,商,,,1110213,土地2建物1車位2,四層,10,華廈(10層含以下有電梯),住商用,鋼筋混凝土造,,184.4,3,2,2,有,無,14750000,85141,坡道平面,25.84,1250000,,RPWNMLLJLHHGFAU56CB,文華秀聚,1棟B_4號
花蓮市,房地(土地+建物)+車位,花蓮縣花蓮市民權路,17.02,商,,,1110213,土地2建物1車位2,五層,10,華廈(10層含以下有電梯),住商用,鋼筋混凝土造,,146.55,2,2,2,有,無,11350000,84500,坡道平面,25.84,1150000,,RPXNMLLJLHHGFAU66CB,文華秀聚,1棟G_5號
吉安鄉,房地(土地+建物)+車位,花蓮縣花蓮市中原路二段,34.7,住,,,1110302,土地4建物1車位1,七層,9,華廈(10層含以下有電梯),住家用,鋼筋混凝土造,,148.09,3,2,2,有,無,11900000,81307,坡道平面,16.49,1200000,,RPPNMLMJLHHGFAU58CB,中原特區,1棟7F-E1號
花蓮市,房地(土地+建物),花蓮縣花蓮市中興路43巷,17.34,商,,,1110301,土地2建物1車位0,四層,10,華廈(10層含以下有電梯),見其他登記事項,鋼筋混凝土造,,110.08,2,2,2,有,無,8100000,73583,,0.0,0,,RPQNMLMJLHHGFAU68CB,美崙山海灣,B棟4F號
吉安鄉,房地(土地+建物)+車位,花蓮縣吉安鄉永吉一街,22.63,,鄉村區,乙種建築用地,1110224,土地1建物1車位1,五層,6,華廈(10層含以下有電梯),住家用,鋼筋混凝土造,,96.39,2,2,2,有,無,5480000,55667,坡道平面,21.3,1300000,,RPSNMLMJLHHGFAU88CB,磬築,A棟8號
吉安鄉,房地(土地+建物)+車位,花蓮縣吉安鄉永吉一街,22.71,,鄉村區,乙種建築用地,1110224,土地1建物1車位1,六層,6,華廈(10層含以下有電梯),住家用,鋼筋混凝土造,,96.83,2,2,2,有,無,5880000,60638,一樓平面,21.3,1300000,,RPUNMLMJLHHGFAU09CB,磬築,A棟2號
吉安鄉,房地(土地+建物)+車位,花蓮縣吉安鄉慶豐三街,37.73,住,,,1110216,土地1建物1車位1,八層,13,住宅大樓(11層含以上有電梯),住家用,鋼筋混凝土造,,154.12,3,2,2,有,無,11000000,75073,坡道平面,23.58,1200000,,RPVNMLMJLHHGFAU56CB,一品苑,A棟8樓號
花蓮市,房地(土地+建物),花蓮縣花蓮市中原路533巷,11.57,商,,,1110217,土地1建物1車位0,六層,14,住宅大樓(11層含以上有電梯),住家用,鋼筋混凝土造,,79.59,2,2,2,有,無,6140000,77145,,0.0,0,,RPPNMLNJLHHGFAU68CB,中原學賦,C棟6樓號
花蓮市,房地(土地+建物),花蓮縣花蓮市中原路533巷,11.57,商,,,1110224,土地1建物1車位0,七層,14,住宅大樓(11層含以上有電梯),住家用,鋼筋混凝土造,,81.05,2,2,2,有,無,6450000,79581,,0.0,0,,RPQNMLNJLHHGFAU78CB,中原學賦,D棟7樓號
吉安鄉,房地(土地+建物),花蓮縣吉安鄉舊村五街,89.0,住,,,1110214,土地1建物1車位0,全,3,透天厝,住家用,鋼筋混凝土造,,165.62,4,2,5,有,無,12680000,76561,,0.0,0,,RPPNMLNJLHHGFAU78DB,堡陞大地,D棟0號
吉安鄉,房地(土地+建物),花蓮縣吉安鄉昌隆三街,45.93,住,,,1110213,土地1建物1車位0,五層,10,華廈(10層含以下有電梯),住家用,鋼筋混凝土造,,166.65,3,2,2,有,無,11550000,69307,,0.0,0,,RPPNMLOJLHHGFAU78CB,欣悅敦峰,A棟02號
新城鄉,房地(土地+建物),花蓮縣新城鄉復興路,84.09,其他,,,1110217,土地5建物1車位0,三層,4,華廈(10層含以下有電梯),住家用,鋼筋混凝土造,,88.87,2,2,2,有,無,6850000,77079,,0.0,0,,RPRNMLOJLHHGFAU98CB,藝川天闊C區,C棟01號
吉安鄉,房地(土地+建物),花蓮縣吉安鄉自強路49巷,103.0,住,,,1110226,土地2建物1車位0,全,3,透天厝,住家用,鋼筋混凝土造,,192.0,4,2,5,有,無,14750000,76823,,0.0,0,,RPQNMLRJLHHGFAU56CB,沐睞新城,A棟2號
新城鄉,房地(土地+建物)+車位,花蓮縣新城鄉復興路,259.1,農,,,1110223,土地5建物1車位1,全,3,透天厝,住家用,鋼筋混凝土造,,274.3,3,2,4,有,無,18400000,69176,坡道平面,13.72,374000,,RPRNMLRJLHHGFAU66CB,藝川天闊AB區,B棟05號
花蓮市,房地(土地+建物)+車位,花蓮縣花蓮市富吉路,18.12,商,,,1110219,土地2建物1車位1,三層,10,華廈(10層含以下有電梯),住家用,鋼筋混凝土造,,122.28,2,2,2,有,無,10400000,81960,坡道機械,5.15,800000,,RPQNMLSJLHHGFAU66CB,後站都心,A棟7號
吉安鄉,房地(土地+建物),花蓮縣吉安鄉自立路二段75巷,127.39,住,,,1110223,土地1建物1車位0,全,3,透天厝,住家用,鋼筋混凝土造,,262.38,3,3,4,有,無,22000000,83848,,0.0,0,,RPRNMLSJLHHGFAU76CB,金都立園,B棟1號
吉安鄉,房地(土地+建物),花蓮縣吉安鄉自立路二段75巷,135.91,住,,,1110223,土地1建物1車位0,全,3,透天厝,住家用,鋼筋混凝土造,,268.42,3,3,4,有,無,27200000,101334,,0.0,0,,RPSNMLSJLHHGFAU86CB,金都立園,A棟1號
花蓮市,房地(土地+建物)+車位,花蓮縣花蓮市富裕五街,18.12,商,,,1110211,土地2建物1車位1,三層,10,華廈(10層含以下有電梯),住商用,鋼筋混凝土造,,127.42,3,2,2,有,無,10400000,78515,升降機械,5.15,800000,,RPPNMLTJLHHGFAU66CB,後站都心,1棟3樓A號
吉安鄉,房地(土地+建物)+車位,花蓮縣吉安鄉慶豐三街,30.52,住,,,1110219,土地1建物1車位1,四層,13,住宅大樓(11層含以上有電梯),住家用,鋼筋混凝土造,,130.41,2,2,2,有,無,8700000,71983,坡道平面,24.83,1100000,,RPQNMLTJLHHGFAU76CB,一品苑,C棟4樓號
吉安鄉,房地(土地+建物)+車位,花蓮縣吉安鄉慶豐三街,37.73,住,,,1110219,土地1建物1車位1,十層,13,住宅大樓(11層含以上有電梯),住家用,鋼筋混凝土造,,155.37,3,2,2,有,無,11200000,76605,坡道平面,24.83,1200000,,RPRNMLTJLHHGFAU86CB,一品苑,A棟10樓號
吉安鄉,房地(土地+建物)+車位,花蓮縣吉安鄉昌隆三街,32.23,住,,,1110225,土地1建物1車位1,三層,10,華廈(10層含以下有電梯),住家用,鋼筋混凝土造,,158.43,2,2,2,有,無,8900000,65846,坡道平面,41.49,1200000,,RPQNMLKKLHHGFAU58CB,欣悅敦峰,B棟01號
新城鄉,房地(土地+建物),花蓮縣新城鄉復興路,84.09,其他,,,1110224,土地5建物1車位0,四層,4,華廈(10層含以下有電梯),住家用,鋼筋混凝土造,,88.87,2,2,2,有,無,6950000,78204,,0.0,0,,RPRNMLKKLHHGFAU68CB,藝川天闊C區,C棟01號
花蓮市,房地(土地+建物),花蓮縣花蓮市中原路533巷,11.57,商,,,1110225,土地1建物1車位0,五層,14,住宅大樓(11層含以上有電梯),住家用,鋼筋混凝土造,,81.05,2,2,2,有,無,6030000,74399,,0.0,0,,RPSNMLKKLHHGFAU78CB,中原學賦,D棟5樓號
花蓮市,房地(土地+建物)+車位,花蓮縣花蓮市中原路533巷,17.54,商,,,1110225,土地1建物1車位1,六層,14,住宅大樓(11層含以上有電梯),住家用,鋼筋混凝土造,,146.07,3,2,2,有,無,10900000,78093,坡道平面,23.14,1300000,,RPTNMLKKLHHGFAU88CB,中原學賦,A棟6樓號
新城鄉,房地(土地+建物),花蓮縣新城鄉復興路,84.09,其他,,,1110225,土地5建物1車位0,二層,4,華廈(10層含以下有電梯),住家用,鋼筋混凝土造,,88.87,2,2,2,有,無,6780000,76291,,0.0,0,,RPUNMLKKLHHGFAU98CB,藝川天闊C區,C棟01號
新城鄉,房地(土地+建物),花蓮縣新城鄉新興一路,29.88,住,,,1110305,土地1建物1車位0,一層,5,華廈(10層含以下有電梯),住家用,鋼筋混凝土造,,60.65,2,1,2,有,無,3850000,63479,,0.0,0,,RPPNMLKKLHHGFAU58DB,太魯閣讚,A棟7號
新城鄉,房地(土地+建物),花蓮縣新城鄉新興一路,29.92,住,,,1110305,土地1建物1車位0,一層,5,華廈(10層含以下有電梯),住家用,鋼筋混凝土造,,62.82,2,1,2,有,無,3800000,60490,,0.0,0,,RPQNMLKKLHHGFAU68DB,太魯閣讚,B棟2號
花蓮市,房地(土地+建物)+車位,花蓮縣花蓮市德安三街,34.08,住,,,1110214,土地1建物1車位1,三層,5,華廈(10層含以下有電梯),住家用,鋼筋混凝土造,,107.7,2,1,1,有,無,6700000,65193,一樓平面,17.2,800000,,RPPNMLOKLHHGFAU88CB,睿品苑,1棟3A號
花蓮市,房地(土地+建物)+車位,花蓮縣花蓮市中原路533巷,17.54,商,,,1110305,土地1建物1車位1,三層,14,住宅大樓(11層含以上有電梯),住家用,鋼筋混凝土造,,146.07,3,2,2,有,無,9850000,69552,坡道平面,23.14,1300000,,RPRNMLPKLHHGFAU56CB,中原學賦,A棟3樓號
吉安鄉,房地(土地+建物),花蓮縣吉安鄉永興村吉興路三段,92.93,,鄉村區,乙種建築用地,1110304,土地1建物1車位0,全,3,透天厝,住家用,鋼筋混凝土造,,177.74,4,2,5,有,無,12500000,70327,,0.0,0,,RPSNMLPKLHHGFAU66CB,雄鋒臻品6,B棟1號
新城鄉,房地(土地+建物),花蓮縣新城鄉新興一路,29.88,住,,,1110313,土地1建物1車位0,一層,5,華廈(10層含以下有電梯),住家用,鋼筋混凝土造,,60.65,2,1,2,有,無,3700000,61006,,0.0,0,,RPPNMLPKLHHGFAU09DB,太魯閣讚,A棟5號
新城鄉,房地(土地+建物),花蓮縣新城鄉新興一路,29.88,住,,,1110315,土地1建物1車位0,三層,5,華廈(10層含以下有電梯),住家用,鋼筋混凝土造,,67.54,2,1,2,有,無,3600000,53302,,0.0,0,,RPQNMLPKLHHGFAU56DB,太魯閣讚,A棟7號
吉安鄉,房地(土地+建物)+車位,花蓮縣吉安鄉中原路一段,28.0,住,,,1110220,土地2建物1車位1,七層,10,華廈(10層含以下有電梯),住家用,鋼筋混凝土造,,128.06,2,2,2,有,無,8810000,76032,坡道平面,25.34,1000000,,RPPNMLQKLHHGFAU09CB,馥鈺,D棟7樓號
花蓮市,房地(土地+建物),花蓮縣花蓮市國興五街,49.38,住,,,1110225,土地1建物1車位0,四層,5,華廈(10層含以下有電梯),住家用,鋼筋混凝土造,,150.01,3,2,2,有,無,11110000,74062,,0.0,0,,RPTNMLQKLHHGFAU86CB,達觀園,1棟4A號
花蓮市,房地(土地+建物)+車位,花蓮縣花蓮市富裕三街,10.65,商,,,1110303,土地1建物1車位1,三層,10,華廈(10層含以下有電梯),住家用,鋼筋混凝土造,,121.22,3,2,2,有,無,9700000,85396,升降平面,17.0,800000,,RPRNMLRKLHHGFAU76CB,晴美,A棟2號
吉安鄉,房地(土地+建物)+車位,花蓮縣吉安鄉東海十五街,23.39,住,,,1110314,土地1建物1車位1,七層,7,華廈(10層含以下有電梯),住家用,鋼筋混凝土造,,90.64,2,1,1,有,無,6450000,78368,其他,12.77,347500,,RPSNMLRKLHHGFAU86CB,夏沐(華廈),1棟7-C號
花蓮市,房地(土地+建物),花蓮縣花蓮市民生路,10.5,商,,,1110225,土地1建物1車位0,五層,15,住宅大樓(11層含以上有電梯),住家用,鋼筋混凝土造,,78.73,2,1,2,有,無,6400000,81290,,0.0,0,,RPQNMLLLLHHGFAU78CB,三銳海景,A棟6號
花蓮市,房地(土地+建物),花蓮縣花蓮市林森路439巷41號旁,25.34,住,,,1110214,土地5建物1車位0,五層,8,華廈(10層含以下有電梯),住家用,鋼筋混凝土造,,85.06,2,2,2,有,無,7310000,85939,,0.0,0,,RPSNMLLLLHHGFAU98CB,木沐川,1棟A號
花蓮市,房地(土地+建物),花蓮縣花蓮市林森路439巷41號旁,25.34,住,,,1110218,土地5建物1車位0,四層,8,華廈(10層含以下有電梯),住家用,鋼筋混凝土造,,84.53,2,2,2,有,無,6850000,81036,,0.0,0,,RPTNMLLLLHHGFAU09CB,木沐川,1棟Ｃ號
花蓮市,房地(土地+建物),花蓮縣花蓮市林森路439巷41號旁,24.36,住,,,1110215,土地5建物1車位0,五層,8,華廈(10層含以下有電梯),住家用,鋼筋混凝土造,,83.87,2,2,2,有,無,7310000,87159,,0.0,0,,RPVNMLLLLHHGFAU66CB,木沐川,1棟B號
花蓮市,房地(土地+建物)+車位,花蓮縣花蓮市林森路439巷41號旁,25.34,住,,,1110227,土地5建物1車位1,四層,8,華廈(10層含以下有電梯),住家用,鋼筋混凝土造,,104.72,2,2,2,有,無,8500000,83470,坡道平面,19.66,1400000,,RPWNMLLLLHHGFAU76CB,木沐川,1棟A號
吉安鄉,房地(土地+建物)+車位,花蓮縣吉安鄉慶豐三街,23.24,住,,,1110306,土地1建物1車位1,三層,13,住宅大樓(11層含以上有電梯),住家用,鋼筋混凝土造,,103.99,2,2,2,有,無,6930000,72503,坡道平面,23.58,1100000,,RPXNMLLLLHHGFAU86CB,一品苑,D棟3樓號
花蓮市,房地(土地+建物)+車位,花蓮縣花蓮市林森路439巷41號旁,25.34,住,,,1110222,土地5建物1車位1,六層,8,華廈(10層含以下有電梯),住家用,鋼筋混凝土造,,104.19,2,2,2,有,無,8880000,88489,坡道平面,19.66,1400000,,RPPOMLLLLHHGFAU78CB,木沐川,1棟Ｃ號
吉安鄉,房地(土地+建物),花蓮縣吉安鄉文化八街,100.88,農,,,1110303,土地1建物1車位0,全,3,透天厝,住家用,鋼筋混凝土造,,186.31,4,2,5,有,無,13380000,71816,,0.0,0,,RPPNMLMLLHHGFAU78CB,恆大山悅,1棟B號
新城鄉,房地(土地+建物),花蓮縣新城鄉嘉里一路47巷,89.0,住,,,1110316,土地1建物1車位0,全,3,透天厝,住家用,鋼筋混凝土造,,177.33,4,2,5,有,無,11280000,63610,,0.0,0,,RPRNMLMLLHHGFAU98CB,以樂家園7,A2棟0號
花蓮市,房地(土地+建物),花蓮縣花蓮市光復街,13.79,商,,,1110304,土地1建物1車位0,一層,9,華廈(10層含以下有電梯),見其他登記事項,鋼筋混凝土造,,89.29,0,0,0,無,無,9000000,100795,,0.0,0,,RPPNMLMLLHHGFAU88DB,麗晶,1棟B2-1F號
吉安鄉,房地(土地+建物),花蓮縣吉安鄉永吉一街,20.44,,鄉村區,乙種建築用地,1110305,土地1建物1車位0,四層,6,華廈(10層含以下有電梯),住家用,鋼筋混凝土造,,68.09,2,2,2,有,無,4120000,60508,,0.0,0,,RPPNMLNLLHHGFAU88CB,磬築,A棟5號
吉安鄉,房地(土地+建物),花蓮縣吉安鄉慶北一街,38.22,住,,,1110308,土地2建物1車位0,五層,7,華廈(10層含以下有電梯),住家用,鋼筋混凝土造,,110.45,3,2,2,有,無,7500000,67904,,0.0,0,,RPQNMLOLLHHGFAU56DB,慶豐首席,C2棟5號
吉安鄉,房地(土地+建物)+車位,花蓮縣吉安鄉慶北一街,37.28,住,,,1110309,土地2建物1車位1,六層,7,華廈(10層含以下有電梯),住家用,鋼筋混凝土造,,128.12,3,2,2,有,無,8800000,72417,坡道平面,20.41,1000000,,RPRNMLOLLHHGFAU66DB,慶豐首席,C1棟6號
花蓮市,房地(土地+建物)+車位,花蓮縣花蓮市中原路533巷,17.54,商,,,1110312,土地1建物1車位1,九層,14,住宅大樓(11層含以上有電梯),住家用,鋼筋混凝土造,,146.07,3,2,2,有,無,11400000,82161,坡道平面,23.14,1300000,,RPPNMLPLLHHGFAU09CB,中原學賦,A棟9樓號
花蓮市,房地(土地+建物)+車位,花蓮縣花蓮市中原路533巷,17.54,商,,,1110314,土地1建物1車位1,三層,14,住宅大樓(11層含以上有電梯),住家用,鋼筋混凝土造,,136.81,3,2,2,有,無,9000000,69145,升降機械,13.88,500000,,RPQNMLPLLHHGFAU56CB,中原學賦,B棟3樓號
新城鄉,房地(土地+建物),花蓮縣新城鄉復興路,85.17,其他,,,1110305,土地5建物1車位0,三層,4,華廈(10層含以下有電梯),住家用,鋼筋混凝土造,,91.59,2,2,2,有,無,7000000,76428,,0.0,0,,RPTNMLPLLHHGFAU86CB,藝川天闊C區,C棟03號
花蓮市,房地(土地+建物),花蓮縣花蓮市民權路,15.78,商,,,1110228,土地2建物1車位0,五層,10,華廈(10層含以下有電梯),住商用,鋼筋混凝土造,,111.9,2,2,2,有,無,9500000,84897,,0.0,0,,RPSNMLSLLHHGFAU07CB,文華秀聚,1棟C_5號
花蓮市,房地(土地+建物),花蓮縣花蓮市民權路,15.78,商,,,1110228,土地2建物1車位0,五層,10,華廈(10層含以下有電梯),住商用,鋼筋混凝土造,,111.9,2,2,2,有,無,9500000,84897,,0.0,0,,RPTNMLSLLHHGFAU17CB,文華秀聚,1棟D_5號
吉安鄉,房地(土地+建物),花蓮縣吉安鄉東海十五街,23.39,住,,,1110328,土地1建物1車位0,二層,7,華廈(10層含以下有電梯),住家用,鋼筋混凝土造,,77.87,2,1,1,有,無,5000000,64210,,0.0,0,,RPRNMLTLLHHGFAU07CB,夏沐(華廈),1棟2-C號
花蓮市,房地(土地+建物)+車位,花蓮縣花蓮市德安三街,25.52,住,,,1110316,土地1建物1車位1,三層,5,華廈(10層含以下有電梯),住家用,鋼筋混凝土造,,85.03,2,1,1,有,無,6330000,79316,一樓平面,17.2,950000,,RPSNMLTLLHHGFAU17CB,睿品苑,3B棟1號
吉安鄉,房地(土地+建物),花蓮縣吉安鄉中原路一段,28.0,住,,,1110303,土地2建物1車位0,五層,10,華廈(10層含以下有電梯),住家用,鋼筋混凝土造,,102.72,2,2,2,有,無,7450000,72527,,0.0,0,,RPVNMLKMLHHGFAU66CB,馥鈺,C棟5樓號
花蓮市,房地(土地+建物),花蓮縣花蓮市民權路,15.78,商,,,1110319,土地2建物1車位0,四層,10,華廈(10層含以下有電梯),住商用,鋼筋混凝土造,,111.9,2,2,2,有,無,9250000,82663,,0.0,0,,RPWNMLKMLHHGFAU76CB,文華秀聚,1棟D_4號
花蓮市,房地(土地+建物),花蓮縣花蓮市國盛八街,32.88,住,,,1110305,土地2建物1車位0,二層,5,華廈(10層含以下有電梯),住家用,鋼筋混凝土造,,91.47,2,2,2,有,無,5980000,65377,,0.0,0,,RPXNMLKMLHHGFAU86CB,?悅,A2棟2樓號
花蓮市,房地(土地+建物),花蓮縣花蓮市國盛八街,32.88,住,,,1110305,土地2建物1車位0,三層,5,華廈(10層含以下有電梯),住家用,鋼筋混凝土造,,91.47,2,2,2,有,無,6120000,66907,,0.0,0,,RPOOMLKMLHHGFAU68CB,?悅,A2棟3樓號
吉安鄉,房地(土地+建物),花蓮縣吉安鄉福興一街,83.71,住,,,1110321,土地3建物1車位0,全,4,透天厝,住家用,鋼筋混凝土造,,193.84,4,2,4,有,無,12800000,66034,,0.0,0,,RPPNMLLMLHHGFAU78CB,福興之星,1棟C2號
花蓮市,房地(土地+建物)+車位,花蓮縣花蓮市民權路,22.01,商,,,1110317,土地2建物1車位2,五層,10,華廈(10層含以下有電梯),住商用,鋼筋混凝土造,,181.96,3,2,2,有,無,14550000,85191,坡道平面,25.84,1250000,,RPQNMLLMLHHGFAU88CB,文華秀聚,1棟A_5號
花蓮市,房地(土地+建物)+車位,花蓮縣花蓮市民權路,22.01,商,,,1110317,土地2建物1車位2,七層,10,華廈(10層含以下有電梯),住商用,鋼筋混凝土造,,184.14,3,2,2,有,無,15500000,89675,坡道平面,28.02,1500000,,RPRNMLLMLHHGFAU98CB,文華秀聚,1棟A_7號
花蓮市,房地(土地+建物)+車位,花蓮縣花蓮市民權路,22.01,商,,,1110321,土地2建物1車位1,三層,10,華廈(10層含以下有電梯),住商用,鋼筋混凝土造,,179.9,3,2,2,有,無,13850000,81988,坡道平面,23.78,1050000,,RPSNMLLMLHHGFAU09CB,文華秀聚,1棟A_3號
花蓮市,房地(土地+建物)+車位,花蓮縣花蓮市民權路,22.01,商,,,1110319,土地2建物1車位1,六層,10,華廈(10層含以下有電梯),住商用,鋼筋混凝土造,,179.9,3,2,2,有,無,14800000,88073,坡道平面,23.78,1050000,,RPTNMLLMLHHGFAU56CB,文華秀聚,1棟A_6號
花蓮市,房地(土地+建物)+車位,花蓮縣花蓮市民權路,17.02,商,,,1110320,土地2建物1車位1,四層,10,住宅大樓(11層含以上有電梯),住商用,鋼筋混凝土造,,144.49,2,2,2,有,無,11150000,82843,坡道平面,23.78,1150000,,RPUNMLLMLHHGFAU66CB,文華秀聚,1棟G_4號
花蓮市,房地(土地+建物)+車位,花蓮縣花蓮市富吉路,25.83,商,,,1110308,土地2建物1車位1,九層,10,華廈(10層含以下有電梯),住家用,鋼筋混凝土造,,174.69,3,2,2,有,無,16120000,90362,坡道機械,5.15,800000,,RPVNMLLMLHHGFAU76CB,後站都心,F棟1號
新城鄉,房地(土地+建物),花蓮縣新城鄉復興路,83.67,其他,,,1110307,土地5建物1車位0,二層,4,華廈(10層含以下有電梯),住家用,鋼筋混凝土造,,87.81,2,2,2,有,無,6550000,74593,,0.0,0,,RPXNMLLMLHHGFAU96CB,藝川天闊C區,C棟02號
花蓮市,房地(土地+建物)+車位,花蓮縣花蓮市光復街,10.3,商,,,1110325,土地1建物1車位1,一層,9,華廈(10層含以下有電梯),住家用,鋼筋混凝土造,,79.81,2,1,1,有,無,7800000,105216,升降機械,13.28,800000,,RPPNMLLMLHHGFAU88DB,麗晶,1棟A1-1F號
花蓮市,房地(土地+建物),花蓮縣花蓮市光復街,14.04,商,,,1110325,土地1建物1車位0,一層,9,華廈(10層含以下有電梯),見其他登記事項,鋼筋混凝土造,,90.85,0,0,0,無,無,9200000,101266,,0.0,0,,RPQNMLLMLHHGFAU98DB,麗晶,1棟B1-1F號
花蓮市,房地(土地+建物)+車位,花蓮縣花蓮市光復街,12.32,商,,,1110331,土地1建物1車位1,九層,9,華廈(10層含以下有電梯),住家用,鋼筋混凝土造,,93.09,2,1,1,有,無,7900000,87708,升降機械,13.28,900000,,RPSNMLLMLHHGFAU56DB,麗晶,1棟A3-9F號
吉安鄉,房地(土地+建物),花蓮縣吉安鄉福興一街,100.26,住,,,1110317,土地3建物1車位0,全,4,透天厝,見其他登記事項,鋼筋混凝土造,,229.89,4,2,4,有,無,13870000,60333,,0.0,0,,RPSNMLLJMHHGFAU88CB,福興之星,1棟A號
吉安鄉,房地(土地+建物),花蓮縣吉安鄉福興一街,81.09,住,,,1110319,土地3建物1車位0,全,4,透天厝,見其他登記事項,鋼筋混凝土造,,189.58,4,2,4,有,無,12700000,66990,,0.0,0,,RPUNMLLJMHHGFAU09CB,福興之星,1棟C號
新城鄉,房地(土地+建物),花蓮縣新城鄉復興路,83.67,其他,,,1110309,土地5建物1車位0,三層,4,華廈(10層含以下有電梯),住家用,鋼筋混凝土造,,87.82,2,2,2,有,無,6650000,75723,,0.0,0,,RPVNMLLJMHHGFAU56CB,藝川天闊C區,C棟02號
吉安鄉,房地(土地+建物),花蓮縣吉安鄉昌隆三街,16.49,住,,,1110312,土地1建物1車位0,十層,10,華廈(10層含以下有電梯),住家用,鋼筋混凝土造,,59.81,1,2,1,有,無,4850000,81090,,0.0,0,,RPWNMLLJMHHGFAU66CB,欣悅敦峰,B棟05號
吉安鄉,房地(土地+建物),花蓮縣吉安鄉東海十五街,23.39,住,,,1110403,土地1建物1車位0,四層,7,華廈(10層含以下有電梯),住家用,鋼筋混凝土造,,77.87,2,1,1,有,無,5200000,66778,,0.0,0,,RPQNMLQJMHHGFAU56CB,夏沐(華廈),1棟4-C號
花蓮市,房地(土地+建物)+車位,花蓮縣花蓮市民權路,33.08,商,,,1110402,土地2建物1車位2,十層,10,華廈(10層含以下有電梯),住商用,鋼筋混凝土造,,260.37,3,2,2,有,無,23900000,96576,坡道平面,25.84,1250000,,RPPNMLRJMHHGFAU56CB,文華秀聚,1棟D_10號
花蓮市,房地(土地+建物)+車位,花蓮縣花蓮市民權路,22.31,商,,,1110318,土地2建物1車位2,三層,10,華廈(10層含以下有電梯),住商用,鋼筋混凝土造,,188.75,3,2,2,有,無,14500000,82211,坡道平面,30.62,1500000,,RPQNMLRJMHHGFAU66CB,文華秀聚,1棟B_3號
花蓮市,房地(土地+建物)+車位,花蓮縣花蓮市民權路,17.02,商,,,1110318,土地2建物1車位2,十層,10,華廈(10層含以下有電梯),住商用,鋼筋混凝土造,,151.33,2,2,2,有,無,13500000,99412,坡道平面,30.62,1500000,,RPRNMLRJMHHGFAU76CB,文華秀聚,1棟G_10號
花蓮市,房地(土地+建物)+車位,花蓮縣花蓮市中和街,32.21,住,,,1110311,土地1建物1車位1,七層,8,華廈(10層含以下有電梯),住家用,鋼筋混凝土造,,135.73,2,2,2,有,無,11380000,90711,坡道平面,25.71,1400000,,RPVNMLRJMHHGFAU17CB,夢想A+,1棟D號
吉安鄉,房地(土地+建物)+車位,花蓮縣吉安鄉慶豐三街,37.73,住,,,1110326,土地1建物1車位1,三層,13,住宅大樓(11層含以上有電梯),住家用,鋼筋混凝土造,,153.02,3,2,2,有,無,10200000,70476,坡道平面,22.48,1000000,,RPQNMLSJMHHGFAU76CB,一品苑,A棟3樓號
吉安鄉,房地(土地+建物),花蓮縣吉安鄉昌隆三街,45.22,住,,,1110322,土地1建物1車位0,六層,10,華廈(10層含以下有電梯),住家用,鋼筋混凝土造,,164.15,3,2,2,有,無,11650000,70972,,0.0,0,,RPRNMLSJMHHGFAU86CB,欣悅敦峰,A棟01號
吉安鄉,房地(土地+建物)+車位,花蓮縣吉安鄉慶豐三街,37.73,住,,,1110329,土地1建物1車位1,六層,13,住宅大樓(11層含以上有電梯),住家用,鋼筋混凝土造,,154.12,3,2,2,有,無,10470000,71013,坡道平面,23.58,1200000,,RPSNMLSJMHHGFAU96CB,一品苑,A棟6樓號
吉安鄉,房地(土地+建物),花蓮縣吉安鄉文化八街,98.27,農,,,1110401,土地1建物1車位0,全,3,透天厝,住家用,鋼筋混凝土造,,187.25,4,2,5,有,無,13800000,73698,,0.0,0,,RPPNMLLKMHHGFAU68CB,恆大山悅,1棟D號
吉安鄉,房地(土地+建物),花蓮縣吉安鄉太昌路488號旁,23.84,,鄉村區,乙種建築用地,1110317,土地3建物1車位0,四層,8,華廈(10層含以下有電梯),見其他登記事項,鋼筋混凝土造,,78.23,2,2,2,有,無,5380000,68772,,0.0,0,,RPQNMLLKMHHGFAU78CB,慈大學學,1棟A號
吉安鄉,房地(土地+建物)+車位,花蓮縣吉安鄉太昌路488號旁,23.84,,鄉村區,乙種建築用地,1110319,土地3建物1車位1,二層,8,華廈(10層含以下有電梯),見其他登記事項,鋼筋混凝土造,,111.36,2,2,2,有,無,7750000,83717,坡道平面,33.12,1200000,,RPRNMLLKMHHGFAU88CB,慈大學學,1棟Ｃ號
吉安鄉,房地(土地+建物),花蓮縣吉安鄉太昌路488號旁,23.84,,鄉村區,乙種建築用地,1110315,土地3建物1車位0,七層,8,華廈(10層含以下有電梯),見其他登記事項,鋼筋混凝土造,,78.24,2,2,2,有,無,5580000,71319,,0.0,0,,RPSNMLLKMHHGFAU98CB,慈大學學,1棟Ｃ號
吉安鄉,房地(土地+建物),花蓮縣吉安鄉太昌路488號旁,23.84,,鄉村區,乙種建築用地,1110322,土地3建物1車位0,三層,8,華廈(10層含以下有電梯),見其他登記事項,鋼筋混凝土造,,78.23,2,2,2,有,無,5380000,68772,,0.0,0,,RPUNMLLKMHHGFAU56CB,慈大學學,1棟A號
吉安鄉,房地(土地+建物),花蓮縣吉安鄉太昌路,28.05,,鄉村區,乙種建築用地,1110410,土地1建物1車位0,六層,8,華廈(10層含以下有電梯),住家用,鋼筋混凝土造,,95.79,2,1,2,有,無,6930000,72346,,0.0,0,,RPPNMLMKMHHGFAU78CB,芳澤居,C棟6號
吉安鄉,房地(土地+建物),花蓮縣吉安鄉慶豐三街,23.24,住,,,1110331,土地1建物1車位0,二層,13,住宅大樓(11層含以上有電梯),住家用,鋼筋混凝土造,,80.41,2,2,2,有,無,5800000,72130,,0.0,0,,RPQNMLMKMHHGFAU88CB,一品苑,D棟2樓號
花蓮市,房地(土地+建物),花蓮縣花蓮市國盛八街,32.88,住,,,1110320,土地2建物1車位0,二層,5,華廈(10層含以下有電梯),住家用,鋼筋混凝土造,,91.47,2,2,2,有,無,6580000,71936,,0.0,0,,RPQNMLNKMHHGFAU98CB,?悅,A1棟2樓號
新城鄉,房地(土地+建物),花蓮縣新城鄉復興路,84.0,住,,,1110316,土地1建物1車位0,全,3,透天厝,住家用,鋼筋混凝土造,,185.35,3,2,4,有,無,14800000,79849,,0.0,0,,RPTNMLNKMHHGFAU66CB,千悅藏馥一期,A棟02號
花蓮市,房地(土地+建物)+車位,花蓮縣花蓮市中原路533巷,17.54,商,,,1110330,土地1建物1車位1,四層,14,住宅大樓(11層含以上有電梯),住家用,鋼筋混凝土造,,146.07,3,2,2,有,無,10100000,71585,坡道平面,23.14,1300000,,RPVNMLNKMHHGFAU86CB,中原學賦,B棟4樓號
花蓮市,房地(土地+建物)+車位,花蓮縣花蓮市中原路533巷,17.54,商,,,1110329,土地1建物1車位1,二層,14,住宅大樓(11層含以上有電梯),住家用,鋼筋混凝土造,,146.07,3,2,2,有,無,10500000,74839,坡道平面,23.14,1300000,,RPWNMLNKMHHGFAU96CB,中原學賦,B棟2樓號
新城鄉,房地(土地+建物),花蓮縣新城鄉新興一路,29.88,住,,,1110412,土地1建物1車位0,五層,5,華廈(10層含以下有電梯),住家用,鋼筋混凝土造,,67.54,2,1,2,有,無,3800000,56263,,0.0,0,,RPPNMLNKMHHGFAU98DB,太魯閣讚,A棟7號
花蓮市,房地(土地+建物),花蓮縣花蓮市延平街,31.87,住,,,1110220,土地1建物1車位0,三層,5,華廈(10層含以下有電梯),住家用,鋼筋混凝土造,,93.29,1,2,2,有,無,6800000,72891,,0.0,0,,RPPNMLOKMHHGFAU98CB,知築,B棟3號
花蓮市,房地(土地+建物),花蓮縣花蓮市富裕三街,20.68,商,,,1110322,土地1建物1車位0,三層,5,華廈(10層含以下有電梯),住家用,鋼筋混凝土造,,89.07,2,2,1,有,無,6400000,71854,,0.0,0,,RPQNMLOKMHHGFAU09CB,風華居,1棟3B號
花蓮市,房地(土地+建物),花蓮縣花蓮市德安三街,35.74,住,,,1110321,土地1建物1車位0,五層,5,華廈(10層含以下有電梯),住家用,鋼筋混凝土造,,94.96,2,2,2,有,無,7150000,75295,,0.0,0,,RPRNMLOKMHHGFAU56CB,睿品苑,1棟5D號
花蓮市,房地(土地+建物)+車位,花蓮縣花蓮市延平街,31.87,住,,,1110218,土地1建物1車位1,二層,5,華廈(10層含以下有電梯),住家用,鋼筋混凝土造,,93.3,1,2,2,有,無,7970000,85403,一樓平面,15.2,1300000,,RPTNMLOKMHHGFAU76CB,知築,B棟2號
吉安鄉,房地(土地+建物),花蓮縣吉安鄉太昌路488號旁,23.84,,鄉村區,乙種建築用地,1110316,土地3建物1車位0,四層,8,華廈(10層含以下有電梯),見其他登記事項,鋼筋混凝土造,,78.24,2,2,2,有,無,5230000,66846,,0.0,0,,RPVNMLOKMHHGFAU96CB,慈大學學,1棟Ｃ號
吉安鄉,房地(土地+建物),花蓮縣吉安鄉太昌路488號旁,23.84,,鄉村區,乙種建築用地,1110316,土地3建物1車位0,六層,8,華廈(10層含以下有電梯),見其他登記事項,鋼筋混凝土造,,78.23,2,2,2,有,無,5420000,69283,,0.0,0,,RPWNMLOKMHHGFAU07CB,慈大學學,1棟B號
花蓮市,房地(土地+建物)+車位,花蓮縣花蓮市林森路439巷41號旁,38.98,住,,,1110403,土地5建物1車位1,八層,8,華廈(10層含以下有電梯),住家用,鋼筋混凝土造,,151.72,3,2,2,有,無,14280000,97587,坡道平面,20.76,1500000,,RPPNMLPKMHHGFAU09CB,木沐川,1棟Ｃ號
吉安鄉,房地(土地+建物),花蓮縣吉安鄉太昌路488號旁,23.84,,鄉村區,乙種建築用地,1110317,土地3建物1車位0,八層,8,華廈(10層含以下有電梯),住家用,鋼筋混凝土造,,78.23,2,2,2,有,無,5650000,72223,,0.0,0,,RPQNMLPKMHHGFAU56CB,慈大學學,1棟A號
吉安鄉,房地(土地+建物),花蓮縣吉安鄉太昌路488號旁,23.84,,鄉村區,乙種建築用地,1110319,土地3建物1車位0,三層,8,華廈(10層含以下有電梯),見其他登記事項,鋼筋混凝土造,,78.24,2,2,2,有,無,5230000,66846,,0.0,0,,RPRNMLPKMHHGFAU66CB,慈大學學,1棟Ｃ號
吉安鄉,房地(土地+建物),花蓮縣吉安鄉太昌路488號旁,23.84,,鄉村區,乙種建築用地,1110319,土地3建物1車位0,六層,8,華廈(10層含以下有電梯),見其他登記事項,鋼筋混凝土造,,78.23,2,2,2,有,無,5500000,70306,,0.0,0,,RPSNMLPKMHHGFAU76CB,慈大學學,1棟A號
吉安鄉,房地(土地+建物),花蓮縣吉安鄉太昌路488號旁,23.84,,鄉村區,乙種建築用地,1110320,土地3建物1車位0,五層,8,華廈(10層含以下有電梯),見其他登記事項,鋼筋混凝土造,,78.23,2,2,2,有,無,5500000,70306,,0.0,0,,RPTNMLPKMHHGFAU86CB,慈大學學,1棟A號
花蓮市,房地(土地+建物)+車位,花蓮縣花蓮市林森路439巷41號旁,25.34,住,,,1110331,土地5建物1車位1,六層,8,華廈(10層含以下有電梯),住家用,鋼筋混凝土造,,113.07,2,2,2,有,無,9000000,86997,坡道平面,28.01,1600000,,RPPNMLRKMHHGFAU66CB,木沐川,1棟Ａ號
吉安鄉,房地(土地+建物)+車位,花蓮縣吉安鄉太昌路488號旁,23.84,,鄉村區,乙種建築用地,1110316,土地3建物1車位1,五層,8,華廈(10層含以下有電梯),見其他登記事項,鋼筋混凝土造,,111.35,2,2,2,有,無,6230000,68132,坡道平面,33.12,900000,,RPRNMLRKMHHGFAU86CB,慈大學學,1棟B號
吉安鄉,房地(土地+建物),花蓮縣花蓮市太昌路488號旁,23.84,,鄉村區,乙種建築用地,1110321,土地3建物1車位0,七層,8,華廈(10層含以下有電梯),見其他登記事項,鋼筋混凝土造,,78.23,2,2,2,有,無,5600000,71584,,0.0,0,,RPSNMLRKMHHGFAU96CB,慈大學學,1棟A號
花蓮市,房地(土地+建物),花蓮縣花蓮市富裕三街,10.65,商,,,1110401,土地1建物1車位0,八層,10,華廈(10層含以下有電梯),住家用,鋼筋混凝土造,,70.48,2,1,1,有,無,5750000,81583,,0.0,0,,RPPNMLTKMHHGFAU86CB,晴美,B棟1號
花蓮市,房地(土地+建物),花蓮縣花蓮市富裕三街,20.68,商,,,1110417,土地1建物1車位0,二層,5,華廈(10層含以下有電梯),住家用,鋼筋混凝土造,,89.07,2,2,1,有,無,6300000,70731,,0.0,0,,RPPNMLKLMHHGFAU68CB,風華居,1棟2B號
吉安鄉,房地(土地+建物),花蓮縣吉安鄉中原路一段,25.0,住,,,1110328,土地2建物1車位0,三層,10,華廈(10層含以下有電梯),住家用,鋼筋混凝土造,,96.6,2,2,2,有,無,6730000,69669,,0.0,0,,RPQNMLKLMHHGFAU78CB,馥鈺,E棟3樓號
吉安鄉,房地(土地+建物),花蓮縣吉安鄉永興三街,49.98,,特定農業區,甲種建築用地,1110408,土地1建物1車位0,四層,5,華廈(10層含以下有電梯),住家用,鋼筋混凝土造,,97.85,3,2,2,有,無,6200000,63362,,0.0,0,,RPXSMLKLMHHGFAU47DB,稻香華廈,B棟2號
花蓮市,房地(土地+建物),花蓮縣花蓮市富裕三街,20.68,商,,,1110414,土地1建物1車位0,五層,5,華廈(10層含以下有電梯),住家用,鋼筋混凝土造,,89.07,2,2,1,有,無,7000000,78590,,0.0,0,,RPPNMLLLMHHGFAU78CB,風華居,B棟0號
吉安鄉,房地(土地+建物)+車位,花蓮縣吉安鄉太昌路488號旁,23.84,,鄉村區,乙種建築用地,1110324,土地3建物1車位1,六層,8,華廈(10層含以下有電梯),見其他登記事項,鋼筋混凝土造,,111.36,2,2,2,有,無,6500000,70297,坡道平面,33.12,1000000,,RPQNMLLLMHHGFAU88CB,慈大學學,1棟Ｃ號
吉安鄉,房地(土地+建物),花蓮縣吉安鄉太昌路488號旁,23.84,,鄉村區,乙種建築用地,1110324,土地3建物1車位0,八層,8,華廈(10層含以下有電梯),見其他登記事項,鋼筋混凝土造,,78.24,2,2,2,有,無,5700000,72853,,0.0,0,,RPRNMLLLMHHGFAU98CB,慈大學學,1棟Ｃ號
吉安鄉,房地(土地+建物),花蓮縣吉安鄉太昌路488號旁,23.84,,鄉村區,乙種建築用地,1110325,土地3建物1車位0,三層,8,華廈(10層含以下有電梯),見其他登記事項,鋼筋混凝土造,,78.23,2,2,2,有,無,5380000,68772,,0.0,0,,RPSNMLLLMHHGFAU09CB,慈大學學,1棟B號
吉安鄉,房地(土地+建物),花蓮縣吉安鄉太昌路488號旁,23.84,,鄉村區,乙種建築用地,1110325,土地3建物1車位0,四層,8,華廈(10層含以下有電梯),見其他登記事項,鋼筋混凝土造,,78.23,2,2,2,有,無,5380000,68772,,0.0,0,,RPTNMLLLMHHGFAU56CB,慈大學學,1棟B號
吉安鄉,房地(土地+建物)+車位,花蓮縣吉安鄉太昌路488號旁,23.84,,鄉村區,乙種建築用地,1110325,土地3建物1車位1,五層,8,華廈(10層含以下有電梯),見其他登記事項,鋼筋混凝土造,,111.36,2,2,2,有,無,6420000,69913,坡道平面,33.12,950000,,RPUNMLLLMHHGFAU66CB,慈大學學,1棟Ｃ號
吉安鄉,房地(土地+建物)+車位,花蓮縣吉安鄉太昌路488號旁,23.84,,鄉村區,乙種建築用地,1110326,土地3建物1車位1,七層,8,華廈(10層含以下有電梯),見其他登記事項,鋼筋混凝土造,,118.6,2,2,2,有,無,6880000,72606,坡道平面,40.37,1200000,,RPVNMLLLMHHGFAU76CB,慈大學學,1棟B號
吉安鄉,房地(土地+建物),花蓮縣吉安鄉太昌路488號旁,23.84,,鄉村區,乙種建築用地,1110327,土地3建物1車位0,八層,8,華廈(10層含以下有電梯),見其他登記事項,鋼筋混凝土造,,78.23,2,2,2,有,無,5700000,72862,,0.0,0,,RPWNMLLLMHHGFAU86CB,慈大學學,1棟B號
吉安鄉,房地(土地+建物),花蓮縣吉安鄉太昌路488號旁,23.84,,鄉村區,乙種建築用地,1110329,土地3建物1車位0,二層,8,華廈(10層含以下有電梯),見其他登記事項,鋼筋混凝土造,,78.23,2,2,2,有,無,5680000,72606,,0.0,0,,RPXNMLLLMHHGFAU96CB,慈大學學,1棟A號
吉安鄉,房地(土地+建物)+車位,花蓮縣吉安鄉東海十五街,27.78,住,,,1110413,土地1建物1車位1,二層,7,華廈(10層含以下有電梯),住家用,鋼筋混凝土造,,105.24,2,2,1,有,無,6600000,67617,其他,12.77,347500,,RPQNMLMLMHHGFAU98CB,夏沐(華廈),1棟2-B號
新城鄉,房地(土地+建物),花蓮縣新城鄉新興一路,29.92,住,,,1110416,土地1建物1車位0,五層,5,華廈(10層含以下有電梯),住家用,鋼筋混凝土造,,69.49,2,1,2,有,無,3700000,53245,,0.0,0,,RPQNMLMLMHHGFAU09DB,太魯閣讚,B棟1號
玉里鎮,房地(土地+建物),花蓮縣玉里鎮福安街,99.0,住,,,1110327,土地1建物1車位0,全,3,透天厝,住家用,鋼筋混凝土造,,182.06,4,1,5,有,無,7950000,43667,,0.0,0,,RPPNMLNLMHHGFCU66DB,玉璞之星,1棟F號
玉里鎮,房地(土地+建物),花蓮縣玉里鎮福安街,99.0,住,,,1110414,土地1建物1車位0,全,3,透天厝,住家用,鋼筋混凝土造,,182.06,4,1,5,有,無,8200000,45040,,0.0,0,,RPPNMLOLMHHGFCU76DB,玉璞之星,1棟E號
吉安鄉,房地(土地+建物),花蓮縣吉安鄉吉祥七街、南山五街,20.51,商,,,1110324,土地3建物1車位0,四層,5,華廈(10層含以下有電梯),住家用,鋼筋混凝土造,,61.1,1,1,1,有,無,5120000,83797,,0.0,0,,RPPNMLPLMHHGFAU56CB,雅筑居 ~翔祿,1棟2號
吉安鄉,房地(土地+建物)+車位,花蓮縣吉安鄉永吉一街,22.47,,鄉村區,乙種建築用地,1110327,土地1建物1車位1,六層,6,華廈(10層含以下有電梯),住家用,鋼筋混凝土造,,95.96,2,2,2,有,無,5600000,58934,一樓平面,21.3,1200000,,RPQNMLPLMHHGFAU66CB,磬築,A棟3號
吉安鄉,房地(土地+建物),花蓮縣吉安鄉永吉一街,22.71,,鄉村區,乙種建築用地,1110416,土地1建物1車位0,四層,6,華廈(10層含以下有電梯),住家用,鋼筋混凝土造,,75.47,2,2,2,有,無,4600000,60951,,0.0,0,,RPRNMLPLMHHGFAU76CB,磬築,A棟7號
吉安鄉,房地(土地+建物)+車位,花蓮縣吉安鄉永吉一街,22.71,,鄉村區,乙種建築用地,1110412,土地1建物1車位1,六層,6,華廈(10層含以下有電梯),住家用,鋼筋混凝土造,,95.16,2,2,2,有,無,5700000,59626,一樓平面,19.69,1200000,,RPSNMLPLMHHGFAU86CB,磬築,A棟7號
吉安鄉,房地(土地+建物),花蓮縣吉安鄉昌隆三街,25.34,住,,,1110424,土地1建物1車位0,六層,10,華廈(10層含以下有電梯),住家用,鋼筋混凝土造,,91.91,2,2,1,有,無,6850000,74529,,0.0,0,,RPTNMLPLMHHGFAU96CB,欣悅敦峰,C棟03號
新城鄉,房地(土地+建物),花蓮縣新城鄉復興路,85.17,其他,,,1110330,土地5建物1車位0,四層,4,華廈(10層含以下有電梯),住家用,鋼筋混凝土造,,91.59,2,2,2,有,無,7000000,76428,,0.0,0,,RPUNMLPLMHHGFAU07CB,藝川天闊C區,C棟03號
新城鄉,房地(土地+建物),花蓮縣新城鄉復興路,74.07,其他,,,1110331,土地5建物1車位0,四層,4,華廈(10層含以下有電梯),住家用,鋼筋混凝土造,,103.29,2,2,2,有,無,7950000,76968,,0.0,0,,RPVNMLPLMHHGFAU17CB,藝川天闊AB區,A棟01號
新城鄉,房地(土地+建物),花蓮縣新城鄉復興路,91.0,住,,,1110416,土地1建物1車位0,全,3,透天厝,住家用,鋼筋混凝土造,,183.59,3,2,4,有,無,14200000,77346,,0.0,0,,RPWNMLPLMHHGFAU27CB,千悅藏馥一期,B棟07號
花蓮市,房地(土地+建物),花蓮縣花蓮市民權路,20.4,商,,,1110408,土地2建物1車位0,一層,10,華廈(10層含以下有電梯),商業用,鋼筋混凝土造,,133.74,0,0,0,無,無,14700000,109915,,0.0,0,,RPPNMLQLMHHGFAU66CB,文華秀聚,1棟D_1號
吉安鄉,房地(土地+建物),花蓮縣吉安鄉荳蘭三街,19.55,商,,,1110330,土地2建物1車位0,五層,11,住宅大樓(11層含以上有電梯),住家用,鋼筋混凝土造,,99.15,0,0,2,有,無,6800000,68583,,0.0,0,無隔間、無地磚。交易總價含下列非屬預售屋價格之費用:毛胚屋；,RPPNMLQLMHHGFAU76DB,吉安之星,A棟5F-2號
吉安鄉,房地(土地+建物),花蓮縣吉安鄉自立路二段75巷,119.4,住,,,1110405,土地1建物1車位0,全,3,透天厝,住家用,鋼筋混凝土造,,248.39,3,3,4,有,無,21500000,86557,,0.0,0,,RPPNMLRLMHHGFAU76CB,金都立園,A13棟1號
吉安鄉,房地(土地+建物)+車位,花蓮縣吉安鄉中原路一段,28.0,住,,,1110403,土地2建物1車位1,八層,10,華廈(10層含以下有電梯),住家用,鋼筋混凝土造,,128.06,2,2,2,有,無,8900000,76908,坡道平面,25.34,1000000,,RPPNMLTLMHHGFAU96CB,馥鈺,D棟8樓號
吉安鄉,房地(土地+建物),花蓮縣吉安鄉昌隆三街,27.35,住,,,1110404,土地1建物1車位0,二層,10,華廈(10層含以下有電梯),住家用,鋼筋混凝土造,,99.32,2,2,2,有,無,7250000,72996,,0.0,0,,RPPNMLNJNHHGFAU88CB,欣悅敦峰,C棟02號
花蓮市,房地(土地+建物)+車位,花蓮縣花蓮市民權路,15.78,商,,,1110219,土地2建物1車位1,六層,10,華廈(10層含以下有電梯),住商用,鋼筋混凝土造,,135.68,2,2,2,有,無,10950000,88472,坡道平面,23.78,1050000,,RPQNMLNJNHHGFAU98CB,文華秀聚,1棟D_6號
花蓮市,房地(土地+建物),花蓮縣花蓮市中原路533巷,11.36,商,,,1110417,土地1建物1車位0,二層,14,住宅大樓(11層含以上有電梯),住家用,鋼筋混凝土造,,79.59,2,2,2,有,無,5280000,66340,,0.0,0,,RPRNMLOJNHHGFAU56CB,中原學賦,C棟2樓號
花蓮市,房地(土地+建物),花蓮縣花蓮市中原路533巷,11.6,商,,,1110422,土地1建物1車位0,二層,14,住宅大樓(11層含以上有電梯),住家用,鋼筋混凝土造,,81.1,2,2,2,有,無,5450000,67201,,0.0,0,,RPSNMLOJNHHGFAU66CB,中原學賦,D棟2樓號
新城鄉,房地(土地+建物),花蓮縣新城鄉復興路,96.0,住,,,1110428,土地1建物1車位0,全,3,透天厝,住家用,鋼筋混凝土造,,185.59,3,2,4,有,無,15000000,80823,,0.0,0,,RPPNMLPJNHHGFAU09CB,千悅藏馥一期,A棟07號
新城鄉,房地(土地+建物),花蓮縣新城鄉復興路,84.0,住,,,1110429,土地1建物1車位0,全,3,透天厝,住家用,鋼筋混凝土造,,185.35,3,2,4,有,無,14800000,79849,,0.0,0,,RPQNMLPJNHHGFAU56CB,千悅藏馥一期,A棟06號
花蓮市,房地(土地+建物)+車位,花蓮縣花蓮市林森路439巷41號旁,25.34,住,,,1110415,土地1建物1車位1,三層,8,華廈(10層含以下有電梯),住家用,鋼筋混凝土造,,105.09,2,2,2,有,無,8750000,85972,坡道平面,20.76,1500000,,RPPNMLQJNHHGFAU56CB,木沐川,1棟B號
花蓮市,房地(土地+建物)+車位,花蓮縣花蓮市林森路439巷41號旁,31.19,住,,,1110418,土地1建物1車位1,五層,8,華廈(10層含以下有電梯),住家用,鋼筋混凝土造,,112.11,3,2,2,有,無,10680000,88297,一樓平面,7.01,1400000,,RPQNMLQJNHHGFAU66CB,木沐川,1棟D號
花蓮市,房地(土地+建物),花蓮縣花蓮市林森路439巷41號旁,25.34,住,,,1110420,土地1建物1車位0,五層,8,華廈(10層含以下有電梯),住家用,鋼筋混凝土造,,84.53,2,2,2,有,無,7160000,84704,,0.0,0,,RPRNMLQJNHHGFAU76CB,木沐川,1棟C號
花蓮市,房地(土地+建物)+車位,花蓮縣花蓮市林森路439巷41號旁,31.19,住,,,1110422,土地1建物1車位1,二層,8,華廈(10層含以下有電梯),住家用,鋼筋混凝土造,,125.86,3,2,2,有,無,10000000,81827,坡道平面,20.76,1400000,,RPPNMLTJNHHGFAU86CB,木沐川,1棟D號
吉安鄉,房地(土地+建物)+車位,花蓮縣吉安鄉太昌路,28.05,,鄉村區,乙種建築用地,1110504,土地1建物1車位1,三層,8,華廈(10層含以下有電梯),住家用,鋼筋混凝土造,,129.61,2,1,2,有,無,7430000,66604,一樓平面,33.82,1050000,,RPPNMLLKNHHGFAU78CB,芳澤居,B棟3號
新城鄉,房地(土地+建物),花蓮縣新城鄉新興一路,29.88,住,,,1110507,土地1建物1車位0,五層,5,華廈(10層含以下有電梯),住家用,鋼筋混凝土造,,67.33,2,1,2,有,無,3750000,55696,,0.0,0,,RPPNMLLKNHHGFAU88DB,太魯閣讚,A棟3號
新城鄉,房地(土地+建物),花蓮縣新城鄉新興一路,29.88,住,,,1110429,土地1建物1車位0,四層,5,華廈(10層含以下有電梯),住家用,鋼筋混凝土造,,67.33,2,1,2,有,無,3750000,55696,,0.0,0,,RPSNMLLKNHHGFAU56DB,太魯閣讚,A棟3號
新城鄉,房地(土地+建物),花蓮縣新城鄉新興一路,29.92,住,,,1110501,土地1建物1車位0,五層,5,華廈(10層含以下有電梯),住家用,鋼筋混凝土造,,69.71,2,1,2,有,無,3700000,53077,,0.0,0,,RPTNMLLKNHHGFAU66DB,太魯閣讚,B棟5號
新城鄉,房地(土地+建物),花蓮縣新城鄉新興一路,29.92,住,,,1110502,土地1建物1車位0,五層,5,華廈(10層含以下有電梯),住家用,鋼筋混凝土造,,69.71,2,1,2,有,無,3700000,53077,,0.0,0,,RPPNMLMKNHHGFAU98DB,太魯閣讚,B棟2號
吉安鄉,房地(土地+建物)+車位,花蓮縣吉安鄉民治路,27.99,住,,,1110428,土地1建物1車位1,三層,8,華廈(10層含以下有電梯),見其他登記事項,鋼筋混凝土造,,89.15,2,2,2,有,無,7300000,87512,一樓平面,17.16,1000000,,RPPNMLMKNHHGFAU88CB,民治維新,3A棟3A號
花蓮市,房地(土地+建物),花蓮縣花蓮市富裕三街,10.65,商,,,1110419,土地1建物1車位0,九層,10,華廈(10層含以下有電梯),住家用,鋼筋混凝土造,,68.46,2,1,1,有,無,5390000,78732,,0.0,0,,RPQNMLMKNHHGFAU98CB,晴美,A棟1號
花蓮市,房地(土地+建物)+車位,花蓮縣花蓮市中原路533巷,17.54,商,,,1110504,土地1建物1車位1,五層,14,住宅大樓(11層含以上有電梯),住家用,鋼筋混凝土造,,122.93,3,2,2,有,無,10150000,88686,坡道平面,23.14,1300000,,RPSNMLMKNHHGFAU56CB,中原學賦,B棟5樓號
花蓮市,房地(土地+建物)+車位,花蓮縣花蓮市中原路533巷,11.57,商,,,1110506,土地1建物1車位1,三層,14,住宅大樓(11層含以上有電梯),住家用,鋼筋混凝土造,,81.05,2,2,2,有,無,6200000,84859,升降機械,13.88,500000,,RPTNMLMKNHHGFAU66CB,中原學賦,D棟3樓號
花蓮市,房地(土地+建物),花蓮縣花蓮市中央路四段,22.11,住,,,1110430,土地2建物1車位0,二層,5,華廈(10層含以下有電梯),見其他登記事項,鋼骨混凝土造,,78.8,2,2,2,有,無,5720000,72589,,0.0,0,,RPPNMLNKNHHGFAU98CB,紐約,2F棟2F號
花蓮市,房地(土地+建物)+車位,花蓮縣花蓮市民權二街,39.72,住,,,1110427,土地1建物1車位1,二層,7,華廈(10層含以下有電梯),住家用,鋼筋混凝土造,,158.68,3,2,2,有,無,13780000,86643,坡道平面,14.64,1300000,,RPSNMLQKNHHGFAU96CB,雲璽,1棟2FA號
花蓮市,房地(土地+建物)+車位,花蓮縣花蓮市民權二街,39.72,住,,,1110427,土地1建物1車位1,六層,7,華廈(10層含以下有電梯),住家用,鋼筋混凝土造,,158.68,3,2,2,有,無,15300000,97195,坡道平面,14.64,1300000,,RPUNMLQKNHHGFAU17CB,雲璽,1棟6FB號
花蓮市,房地(土地+建物)+車位,花蓮縣花蓮市民權二街,39.72,住,,,1110427,土地1建物1車位1,七層,7,華廈(10層含以下有電梯),住家用,鋼筋混凝土造,,158.68,3,2,2,有,無,15900000,101361,坡道平面,14.64,1300000,,RPXNMLQKNHHGFAU47CB,雲璽,1棟7FB號
花蓮市,房地(土地+建物)+車位,花蓮縣花蓮市民權二街,39.72,住,,,1110504,土地1建物1車位1,二層,7,華廈(10層含以下有電梯),住家用,鋼筋混凝土造,,158.68,3,2,2,有,無,14000000,88170,坡道平面,14.64,1300000,,RPPOMLQKNHHGFAU76CB,雲璽,1棟2FB號
吉安鄉,房地(土地+建物),花蓮縣吉安鄉昌隆三街,45.22,住,,,1110509,土地1建物1車位0,五層,10,華廈(10層含以下有電梯),住家用,鋼筋混凝土造,,164.15,3,2,2,有,無,11550000,70362,,0.0,0,,RPTOMLQKNHHGFAU17CB,欣悅敦峰,A棟01號
吉安鄉,房地(土地+建物)+車位,花蓮縣吉安鄉中原路一段,33.0,住,,,1110423,土地2建物1車位1,六層,10,華廈(10層含以下有電梯),住家用,鋼筋混凝土造,,155.01,3,2,2,有,無,10750000,74034,坡道平面,25.34,1150000,,RPQNMLRKNHHGFAU86CB,馥鈺,A棟6樓號
吉安鄉,房地(土地+建物)+車位,花蓮縣吉安鄉中原路一段,28.0,住,,,1110423,土地2建物1車位1,三層,10,華廈(10層含以下有電梯),住家用,鋼筋混凝土造,,128.06,2,2,2,有,無,8350000,69607,坡道平面,25.34,1200000,,RPRNMLRKNHHGFAU96CB,馥鈺,C棟3樓號
花蓮市,房地(土地+建物),花蓮縣花蓮市沙基拉雅街,108.28,,一般農業區,甲種建築用地,1110504,土地1建物1車位0,全,2,透天厝,住家用,鋼筋混凝土造,,135.97,4,2,3,有,無,9751000,71714,,0.0,0,,RPXNMLRKNHHGFAU57CB,山嵐居,C棟0號
花蓮市,房地(土地+建物),花蓮縣花蓮市沙基拉雅街,105.69,,一般農業區,甲種建築用地,1110501,土地1建物1車位0,全,2,透天厝,住家用,鋼筋混凝土造,,132.5,4,2,4,有,無,10000000,75472,,0.0,0,,RPOOMLRKNHHGFAU76CB,山嵐居,A棟0號
花蓮市,房地(土地+建物),花蓮縣花蓮市沙基拉雅街,99.13,,一般農業區,甲種建築用地,1110504,土地1建物1車位0,全,2,透天厝,住家用,鋼筋混凝土造,,123.92,4,2,3,有,無,9751000,78688,,0.0,0,,RPPOMLRKNHHGFAU86CB,山嵐居,B棟0號
吉安鄉,房地(土地+建物),花蓮縣吉安鄉東海五街與東海六街,30.29,住,,,1110423,土地4建物1車位0,七層,7,華廈(10層含以下有電梯),住家用,鋼筋混凝土造,,94.0,2,2,2,有,無,7070000,75213,,0.0,0,,RPUOMLRKNHHGFAU37CB,羅馬一品,7樓棟A號
花蓮市,房地(土地+建物),花蓮縣花蓮市林森路439巷41號旁,25.34,住,,,1110509,土地1建物1車位0,七層,8,華廈(10層含以下有電梯),住家用,鋼筋混凝土造,,85.06,2,2,2,有,無,7650000,89937,,0.0,0,,RPVOMLRKNHHGFAU47CB,木沐川,1棟A號
吉安鄉,房地(土地+建物)+車位,花蓮縣吉安鄉東海五街與東海六街,25.79,住,,,1110423,土地4建物1車位1,七層,7,華廈(10層含以下有電梯),住家用,鋼筋混凝土造,,104.85,2,2,2,有,無,7230000,75366,一樓平面,24.84,1200000,,RPWOMLRKNHHGFAU57CB,羅馬一品,7樓棟B號
吉安鄉,房地(土地+建物)+車位,花蓮縣吉安鄉東海五街與東海六街,28.8,住,,,1110504,土地4建物1車位1,六層,7,華廈(10層含以下有電梯),住家用,鋼筋混凝土造,,116.41,2,2,2,有,無,7950000,75537,一樓平面,27.05,1200000,,RPPNMLSKNHHGFAU86CB,羅馬一品,6樓棟D號
玉里鎮,房地(土地+建物),花蓮縣玉里鎮大同路,18.15,住,,,1110507,土地2建物1車位0,四層,7,華廈(10層含以下有電梯),住家用,鋼筋混凝土造,,64.59,2,1,1,有,無,3700000,57284,,0.0,0,,RPPNMLPLNHHGFCU86CB,大同之星,1棟4FC號
玉里鎮,房地(土地+建物),花蓮縣玉里鎮大同路,18.15,住,,,1110507,土地2建物1車位0,三層,7,華廈(10層含以下有電梯),住家用,鋼筋混凝土造,,64.59,2,1,1,有,無,3700000,57284,,0.0,0,,RPQNMLPLNHHGFCU96CB,大同之星,1棟3FC號
玉里鎮,房地(土地+建物)+車位,花蓮縣玉里鎮大同路,37.48,住,,,1110507,土地2建物1車位1,二層,7,華廈(10層含以下有電梯),住家用,鋼筋混凝土造,,133.21,3,2,2,有,無,7950000,62364,一樓平面,13.75,500000,,RPRNMLPLNHHGFCU07CB,大同之星,1棟2FA號
花蓮市,房地(土地+建物)+車位,花蓮縣花蓮市民權路,22.01,商,,,1110428,土地2建物1車位1,四層,10,華廈(10層含以下有電梯),住商用,鋼筋混凝土造,,179.9,3,2,2,有,無,14350000,84550,坡道平面,23.78,1150000,,RPTNMLLJPHHGFAU66CB,文華秀聚,1棟A_4號
