﻿編號,屋齡,建物移轉面積平方公尺,主要用途,主要建材,建築完成日期,總層數,建物分層
The serial number,room age,building shifting area square meter,the main use,main building materials,construction completes the date,total layer,building lamination
RPUNMLOKKHHGFAU76CC,32,21.90,住商用,鋼筋混凝土造,79年2月8日,四層,
RPSPMLRKKHHGFAU17DC,56,234.90,住商用,鋼筋混凝土加強磚造,55年6月13日,三層,
RPSOMLSKKHHGFAU07CC,43,92.40,住家用,鋼筋混凝土加強磚造,68年1月24日,二層,
RPPOMLPKKHHGFAU09CC,4,46.11,集合住宅,鋼筋混凝土造,107年4月27日,十二層,
RPPOMLPKKHHGFAU09CC,4,10.51,本共有部份之項目有防空避難室兼停車空間、機電設備、騎樓、Ｆ梯安全梯、一樓梯廳、一樓門廳、管委會使用空間、車道、Ｃ棟垃圾處理區等９項。,鋼筋混凝土造,107年4月27日,十二層,
RPPOMLPKKHHGFAU09CC,4,14.26,共有部份,鋼筋混凝土造,107年4月27日,十二層,
RPWNMLSKKHHGFAU37CC,23,41.06,住家用,鋼筋混凝土造,88年2月11日,五層,
RPWNMLSKKHHGFAU37CC,23,10.97,共有部份,鋼筋混凝土造,88年2月11日,五層,
RPRNMLOKKHHGFAU09CC,34,225.74,住商用,鋼筋混凝土造,77年4月25日,三層,
RPWOMLLLKHHGFAU86CC,35,19.85,住家用,鋼筋混凝土造,75年9月30日,二層,
RPXNMLLLKHHGFAU86CC,,49.60,住家用,鋼筋混凝土加強磚造,,二層,
RPWNMLLLKHHGFAU76CC,37,18.71,住家用,鋼筋混凝土加強磚造,74年3月21日,二層,
RPSPMLLLKHHGFAU56CC,42,276.53,商業用,鋼筋混凝土造,69年5月5日,四層,
RPWNMLNLKHHGFAU96CC,2,56.89,集合住宅,鋼筋混凝土造,109年1月2日,八層,
RPWNMLNLKHHGFAU96CC,2,23.28,本共有部份之項目有防空避難室、停車場、汽車昇降機、昇降機房、電梯、安全梯、梯廳、台電受電室、電信機房、消防機房、機房走道、騎樓、門廊、屋頂突出物等１４項,鋼筋混凝土造,109年1月2日,八層,
RPWPMLOLKHHGFAU47EC,47,111.84,住商用,鋼筋混凝土加強磚造,61年10月23日,二層,
RPWPMLOLKHHGFAU47EC,49,66.62,住商用,鋼筋混凝土造,59年9月24日,三層,
RPSPMLPLKHHGFAU96CC,5,69.27,住家用,鋼筋混凝土造,106年7月31日,五層,
RPOOMLLJLHHGFAU58CC,37,252.85,住商用,鋼筋混凝土造,73年9月19日,五層,
RPQPMLPLKHHGFAU76CC,4,76.31,住家用,鋼筋混凝土造,106年11月24日,五層,
RPWPMLLJLHHGFAU86CC,14,201.63,住家用,鋼筋混凝土造,96年10月3日,三層,
RPTQMLMJLHHGFAU76CC,22,14.09,停車空間,鋼筋混凝土造,89年8月7日,十五層,
RPORMLMJLHHGFAU98CC,19,126.12,住家用,鋼筋混凝土造,91年12月2日,十四層,
RPORMLMJLHHGFAU98CC,19,73.42,共有部份,鋼筋混凝土造,91年12月2日,十四層,
RPROMLSJLHHGFAU07DC,44,108.88,住商用,鋼筋混凝土加強磚造,67年8月7日,二層,
RPQNMLSJLHHGFAU76CC,33,91.20,住家用,鋼筋混凝土造,77年11月25日,五層,
RPQNMLSJLHHGFAU76CC,33,6.14,共有部份,鋼筋混凝土造,77年11月25日,五層,
RPVNMLTJLHHGFAU37CC,27,48.89,住家用,鋼筋混凝土造,84年5月18日,五層,
RPVNMLTJLHHGFAU37CC,27,13.32,共有部份,鋼筋混凝土造,84年5月18日,五層,
RPSOMLKKLHHGFAU98CC,23,120.96,住家用,鋼筋混凝土造,88年4月14日,五層,
RPSOMLKKLHHGFAU98CC,23,11.61,共有部份,鋼筋混凝土造,88年4月14日,五層,
RPSOMLKKLHHGFAU98CC,23,7.56,共有部份,鋼筋混凝土造,88年4月14日,五層,
RPOPMLLKLHHGFAU78CC,35,31.00,住家用,鋼筋混凝土造,76年2月23日,五層,
RPUOMLOKLHHGFAU96CC,13,29.75,住家用,鋼筋混凝土造,97年10月2日,四層,
RPSNMLOKLHHGFAU66CC,34,97.36,住家用,鋼筋混凝土造,77年7月20日,二層,
RPSNMLOKLHHGFAU66CC,34,96.52,住家用,鋼筋混凝土造,77年7月20日,二層,
RPSNMLOKLHHGFAU66CC,34,97.73,住家用,鋼筋混凝土造,77年7月20日,二層,
RPVPMLRKLHHGFAU47CC,28,93.79,住家用,鋼筋混凝土造,82年11月16日,七層,
RPVPMLRKLHHGFAU47CC,28,15.18,共有部份,鋼筋混凝土造,82年11月16日,七層,
RPVPMLRKLHHGFAU47CC,28,38.28,共有部份,鋼筋混凝土造,82年11月16日,七層,
RPWOMLRKLHHGFAU47CC,44,105.72,住商用,鋼筋混凝土造,67年5月18日,二層,
RPUNMLOKLHHGFAU86CC,44,241.68,住商用,鋼筋混凝土造,66年11月16日,三層,
RPRNMLMLKHHGFAU98CC,22,14.09,停車空間,鋼筋混凝土造,89年8月7日,十五層,
RPWPMLRKLHHGFAU57CC,43,30.75,住商用,鋼筋混凝土造,67年11月3日,三層,
RPWNMLQKLHHGFAU37DC,25,245.15,住商用,鋼筋混凝土造,86年2月22日,四層,
RPPNMLPLKHHGFAU09CC,27,64.08,住家用,鋼筋混凝土造,83年8月31日,七層,
RPPNMLPLKHHGFAU09CC,27,29.92,共有部份,鋼筋混凝土造,83年8月31日,七層,
RPVOMLLJLHHGFAU66CC,35,34.38,住家用,鋼筋混凝土造,76年2月23日,五層,
RPPQMLRKLHHGFAU96CC,28,44.16,住家用,鋼筋混凝土造,82年12月14日,五層,
RPPQMLRKLHHGFAU96CC,28,9.00,共有部份,鋼筋混凝土造,82年12月14日,五層,
RPUOMLSLLHHGFAU47CC,,83.56,住商用,木造,,一層,
RPPOMLLLLHHGFAU88CC,,41.93,集合住宅,鋼筋混凝土造,110年10月8日,五層,
RPPOMLLLLHHGFAU88CC,,19.29,共有部份,鋼筋混凝土造,110年10月8日,五層,
RPPNMLKMLHHGFAU78CC,17,256.77,住商用,鋼筋混凝土造,93年11月2日,四層,
RPVOMLPLLHHGFAU27CC,4,37.07,住家用,鋼筋混凝土造,107年5月14日,五層,
RPROMLQJMHHGFAU86CC,17,162.70,住商用,鋼筋混凝土造,94年1月24日,四層,
RPPOMLOLLHHGFAU56CC,16,189.67,住家用,鋼筋混凝土造,95年6月23日,四層,
RPPOMLRJMHHGFAU76CC,17,268.95,辦公室,鋼筋混凝土造、鋼鐵造有牆,94年4月22日,二層,
RPTOMLQJMHHGFAU07CC,36,91.04,商業用,鋼筋混凝土造,75年1月24日,五層,
RPTOMLQJMHHGFAU07CC,36,9.71,共有部份,鋼筋混凝土造,75年1月24日,五層,
RPWNMLRJMHHGFAU37CC,24,122.87,住家用,鋼筋混凝土造,87年3月3日,四層,
RPWNMLRJMHHGFAU37CC,24,46.20,共有部份,鋼筋混凝土造,87年3月3日,四層,
RPRPMLRJMHHGFAU07CC,36,89.24,住家用,鋼筋混凝土造,75年7月16日,五層,
RPRPMLRJMHHGFAU07CC,36,12.05,共有部份,鋼筋混凝土造,75年7月16日,五層,
RPOPMLRJMHHGFAU76CC,28,53.44,住家用,鋼筋混凝土造,83年2月2日,七層,
RPOPMLRJMHHGFAU76CC,,18.16,共有部份,鋼筋混凝土造,,七層,
RPQOMLRJMHHGFAU86CC,26,61.63,住家用,鋼筋混凝土造,85年1月30日,五層,
RPQOMLRJMHHGFAU86CC,26,9.70,共有部份,鋼筋混凝土造,85年1月30日,五層,
RPPPMLSJMHHGFAU96CC,42,305.19,住工用,鋼筋混凝土造,68年11月24日,二層,
RPOPMLSJMHHGFAU86CC,27,76.73,住家用,鋼筋混凝土造,84年3月21日,十三層,
RPOPMLSJMHHGFAU86CC,27,8.42,共有部份,鋼筋混凝土造,84年3月21日,十三層,
RPOPMLSJMHHGFAU86CC,27,9.58,共有部份,鋼筋混凝土造,84年3月21日,十三層,
RPRNMLLKMHHGFAU98CC,24,86.24,住商用,鋼筋混凝土造,86年11月25日,五層,
RPSPMLRJMHHGFAU17CC,27,69.84,住家用,鋼筋混凝土造,84年6月30日,七層,
RPSPMLRJMHHGFAU17CC,27,12.31,共有部份,鋼筋混凝土造,84年6月30日,七層,
RPSPMLRJMHHGFAU17CC,27,6.05,共有部份,鋼筋混凝土造,84年6月30日,七層,
RPSPMLRJMHHGFAU17CC,27,11.20,共有部份,鋼筋混凝土造,84年6月30日,七層,
RPVOMLLKMHHGFAU86CC,34,36.03,住家用,鋼筋混凝土造,76年11月17日,七層,
RPVOMLLKMHHGFAU86CC,34,10.38,共有部份,鋼筋混凝土造,76年11月17日,七層,
RPWNMLLKMHHGFAU86CC,34,249.60,住商用,鋼筋混凝土造,77年7月22日,三層,
RPPOMLLKMHHGFAU88CC,25,92.57,住家用,鋼筋混凝土造,86年8月27日,九層,
RPPOMLLKMHHGFAU88CC,25,15.53,共有部份,鋼筋混凝土造,86年8月27日,九層,
RPPOMLLKMHHGFAU88CC,25,12.64,共有部份,鋼筋混凝土造,86年8月27日,九層,
RPPOMLLKMHHGFAU88CC,25,4.15,共有部份,鋼筋混凝土造,86年8月27日,九層,
RPWOMLLKMHHGFAU96CC,32,73.23,住商用,鋼筋混凝土造,79年5月24日,七層,
RPWOMLLKMHHGFAU96CC,32,22.21,共有部份,鋼筋混凝土造,79年5月24日,七層,
RPSPMLLKMHHGFAU66CC,27,188.79,住商用,鋼筋混凝土造,84年1月12日,四層,
RPRPMLLKMHHGFAU56CC,27,21.38,住家用,鋼筋混凝土造,84年3月3日,五層,
RPRPMLLKMHHGFAU56CC,27,5.65,共有部份,鋼筋混凝土造,84年3月3日,五層,
RPXOMLLKMHHGFAU07CC,43,30.75,住商用,鋼筋混凝土造,67年11月3日,三層,
RPTQMLLKMHHGFAU86CC,45,50.39,住家用,鋼筋混凝土加強磚造,66年4月22日,一層,
RPXPMLLKMHHGFAU17CC,28,73.93,住家用,鋼筋混凝土造,83年3月15日,十二層,
RPXPMLLKMHHGFAU17CC,28,18.66,共有部份,鋼筋混凝土造,83年3月15日,十二層,
RPUQMLLKMHHGFAU96CC,45,50.75,住家用,鋼筋混凝土加強磚造,66年4月22日,一層,
RPSQMLLKMHHGFAU86DC,53,57.96,住家用,木造,58年8月1日,一層,
RPVQMLLKMHHGFAU07CC,27,27.46,住家用,鋼筋混凝土造,84年8月25日,七層,
RPVQMLLKMHHGFAU07CC,27,13.21,共有部份,鋼筋混凝土造,84年8月25日,七層,
RPUPMLLKMHHGFAU96DC,26,80.88,住家用,鋼筋混凝土造,85年2月5日,十二層,
RPUPMLLKMHHGFAU96DC,26,13.12,共有部份,鋼筋混凝土造,85年2月5日,十二層,
RPUPMLLKMHHGFAU96DC,26,13.12,共有部份,鋼筋混凝土造,85年2月5日,十二層,
RPUPMLLKMHHGFAU96DC,26,14.30,停車空間,鋼筋混凝土造,85年2月5日,十二層,
RPUPMLOKMHHGFAU17CC,49,117.35,住商用,鋼筋混凝土加強磚造,61年11月29日,三層,
RPVPMLOKMHHGFAU27CC,1,28.40,集合住宅,鋼筋混凝土造,110年7月5日,五層,
RPVPMLOKMHHGFAU27CC,1,12.43,共有部份,鋼筋混凝土造,110年7月5日,五層,
RPRPMLOKMHHGFAU96DC,24,37.78,住家用,鋼筋混凝土造,87年5月7日,十層,
RPRPMLOKMHHGFAU96DC,24,8.96,共有部份,鋼筋混凝土造,87年5月7日,十層,
RPVNMLPLMHHGFAU37DC,27,39.40,住商用,鋼筋混凝土造,84年1月11日,四層,
RPWPMLOKMHHGFAU37CC,1,30.78,集合住宅,鋼筋混凝土造,110年7月5日,五層,
RPWPMLOKMHHGFAU37CC,1,13.53,共有部份,鋼筋混凝土造,110年7月5日,五層,
RPPPMLKLMHHGFAU98CC,44,96.76,住商用,鋼筋混凝土加強磚造,67年3月22日,二層,
RPVOMLQLMHHGFAU47CC,24,90.67,住家用,鋼筋混凝土造,87年10月9日,五層,
RPVOMLQLMHHGFAU47CC,24,14.26,共有部份,鋼筋混凝土造,87年10月9日,五層,
RPVOMLQLMHHGFAU47CC,24,29.48,共有部份,鋼筋混凝土造,87年10月9日,五層,
RPXNMLRLMHHGFAU67CC,18,228.72,住家用,鋼筋混凝土造,93年1月16日,四層,
RPSNMLOJNHHGFAU76CC,1,31.63,集合住宅,鋼筋混凝土造,110年7月5日,五層,
RPSNMLOJNHHGFAU76CC,1,14.02,共有部份,鋼筋混凝土造,110年7月5日,五層,
RPQOMLTJNHHGFAU17CC,30,23.14,工廠、辦公廳、單身員工宿社舍、貯藏室,鋼筋混凝土造,80年12月18日,四層,
RPTOMLOJNHHGFAU96CC,28,130.20,住家用,鋼筋混凝土造,83年6月11日,九層,
RPTOMLOJNHHGFAU96CC,28,12.76,共有部份,鋼筋混凝土造,83年6月11日,九層,
RPTOMLOJNHHGFAU96CC,28,9.62,共有部份,鋼筋混凝土造,83年6月11日,九層,
RPWNMLTJNHHGFAU67CC,44,114.63,住商用,鋼筋混凝土加強磚造,67年11月4日,二層,
RPWNMLQJNHHGFAU37CC,1,30.78,集合住宅,鋼筋混凝土造,110年7月5日,五層,
RPWNMLQJNHHGFAU37CC,1,13.54,共有部份,鋼筋混凝土造,110年7月5日,五層,
