﻿鄉鎮市區,交易標的,土地位置建物門牌,土地面積平方公尺,都市土地使用分區,非都市土地使用分區,非都市土地使用編定,租賃年月日,租賃筆棟數,租賃層次,總樓層數,建物型態,主要用途,主要建材,建築完成年月,建物總面積平方公尺,建物現況格局-房,建物現況格局-廳,建物現況格局-衛,建物現況格局-隔間,有無管理組織,有無附傢俱,總額元,單價元平方公尺,車位類別,車位面積平方公尺,車位總額元,備註,編號
The villages and towns urban district,transaction sign,land sector position building sector house number plate,land shifting total area square meter,the use zoning or compiles and checks,the non-metropolis land use district,non-metropolis land use,transaction year month and day,transaction pen number,shifting level,total floor number,building state,main use,main building materials,construction to complete the years,building shifting total area,Building present situation pattern - room,building present situation pattern - hall,building present situation pattern - health,building present situation pattern - compartmented,Whether there is manages the organization,Whether there is attaches the furniture,total price NTD,the unit price (NTD / square meter),the berth category,berth shifting total area square meter,the berth total price NTD,the note,serial number
台東市,建物,臺東縣臺東市臺東市連航路８８巷３３號,0.0,住,,,1110120,土地0建物1車位0,全,3,透天厝,店舖、住宅、樓梯間,ＲＣ造,0950925,158.66,2,2,1,有,無,有,19500,123,,0.0,0,,RPUNMLOKKHHGFAV86CC
台東市,建物,臺東縣臺東市臺東市連航路８８巷３５號,0.0,住,,,1110115,土地0建物0車位0,全,3,透天厝,店舖、住宅、樓梯間,ＲＣ造,0950925,79.33,2,0,1,有,無,有,12000,151,,0.0,0,,RPVNMLOKKHHGFAV96CC
台東市,房地(土地+建物),臺東縣臺東市傳廣路３６０巷４３號,223.0,住,,,1110309,土地2建物1車位0,全,2,透天厝,住家用,加強磚造,0661027,94.92,3,2,3,有,無,有,12000,126,,0.0,0,,RPVOMLLKLHHGFAV86CC
台東市,房地(土地+建物),臺東縣臺東市北平路７４號,80.0,住,,,1110322,土地1建物1車位0,全,2,透天厝,住家用,加強磚造,0661216,87.72,4,2,2,有,無,無,25000,285,,0.0,0,,RPWNMLKMLHHGFAV96CC
台東市,房地(土地+建物),臺東縣臺東市中華路二段１４號,95.0,住,,,1110330,土地1建物1車位0,全,3,透天厝,住家用,鋼筋混凝土造,0710626,185.02,5,2,4,有,無,無,30000,162,,0.0,0,,RPRNMLLJMHHGFAV98CC
台東市,房地(土地+建物),臺東縣臺東市南京路９５巷１６號,60.0,住,,,1110403,土地1建物1車位0,全,3,透天厝,住家用,鐵筋水泥磚造,0611025,111.3,4,2,1,有,無,無,13000,117,,0.0,0,,RPUNMLQJMHHGFAV17CC
台東市,房地(土地+建物),臺東縣臺東市常德路１６號,86.0,住,,,1110422,土地1建物1車位0,全,2,透天厝,住家用,加強磚造,0750619,112.74,6,4,3,有,無,有,20000,177,,0.0,0,,RPOOMLPJNHHGFAV66CC
台東市,房地(土地+建物),臺東縣臺東市南昌街１１２巷３３號,66.0,住,,,1110423,土地1建物1車位0,全,2,透天厝,住家用,鐵筋水泥磚,0640718,91.74,4,1,4,有,無,有,23000,251,,0.0,0,,RPROMLPJNHHGFAV96CC
