﻿編號,車位類別,車位價格,車位面積平方公尺,車位所在樓層
Serial number,berth category,berth price,berth area square meter,
RPWNMLKKNHHGFAV86DA,坡道平面,0,,地下一樓
RPSNMLNKMHHGFAV66DA,坡道平面,0,,地下一樓
RPQOMLMKMHHGFAV09DA,坡道平面,0,,地下一樓
RPVNMLRKLHHGFAV27DA,坡道平面,0,,地下一樓
RPWNMLSJLHHGFAV37DA,坡道平面,0,,地下一樓
RPXNMLTLMHHGFAV87DA,坡道平面,0,,地下一樓
RPUOMLPKMHHGFAV17DA,坡道平面,0,,地下一樓
RPPOMLRJLHHGFAV66DA,坡道平面,0,,地下一樓
RPOOMLRJLHHGFAV56DA,坡道平面,0,,地下一樓
RPXNMLRJLHHGFAV37DA,坡道平面,0,,地下一樓
RPVNMLRJLHHGFAV17DA,坡道平面,0,,地下一樓
RPSOMLRLNHHGFAV37DA,一樓平面,0,,一樓
