﻿鄉鎮市區,交易標的,土地位置建物門牌,土地移轉總面積平方公尺,都市土地使用分區,非都市土地使用分區,非都市土地使用編定,交易年月日,交易筆棟數,移轉層次,總樓層數,建物型態,主要用途,主要建材,建築完成年月,建物移轉總面積平方公尺,建物現況格局-房,建物現況格局-廳,建物現況格局-衛,建物現況格局-隔間,有無管理組織,總價元,單價元平方公尺,車位類別,車位移轉總面積(平方公尺),車位總價元,備註,編號,主建物面積,附屬建物面積,陽台面積,電梯,移轉編號
The villages and towns urban district,transaction sign,land sector position building sector house number plate,land shifting total area square meter,the use zoning or compiles and checks,the non-metropolis land use district,non-metropolis land use,transaction year month and day,transaction pen number,shifting level,total floor number,building state,main use,main building materials,construction to complete the years,building shifting total area,Building present situation pattern - room,building present situation pattern - hall,building present situation pattern - health,building present situation pattern - compartmented,Whether there is manages the organization,total price NTD,the unit price (NTD / square meter),the berth category,berth shifting total area square meter,the berth total price NTD,the note,serial number,main building area,auxiliary building area,balcony area,elevator,transaction number
金湖鎮,土地,羅劃測段145地號,233.23,都市：其他:自然村專用區,,,1110607,土地1建物0車位0,,,其他,,,,0.0,0,0,0,有,無,4000000,17150,,0.0,0,,RPSNMLRJOHHGFAW27DA,0.0,0.0,0.0,無,
金湖鎮,土地,中五劃段626地號,730.43,都市：其他:國家公園區,,,1110606,土地1建物0車位0,,,其他,,,,0.0,0,0,0,有,無,4000000,5476,,0.0,0,,RPSNMLSJOHHGFAW37DA,0.0,0.0,0.0,無,
金沙鎮,土地,大山段422地號,1495.23,都市：其他:農業區,,,1110503,土地1建物0車位0,,,其他,,,,0.0,0,0,0,有,無,2800000,1873,,0.0,0,,RPVNMLNJNHHGFAW07DA,0.0,0.0,0.0,無,001
金寧鄉,土地,東洲段1059地號,727.8,都市：其他:農業區,,,1110504,土地1建物0車位0,,,其他,,,,0.0,0,0,0,有,無,2350000,3229,,0.0,0,,RPPNMLOJNHHGFAW56DA,0.0,0.0,0.0,無,
金沙鎮,房地(土地+建物),金門縣金沙鎮洋山２０５號,56.59,都市：其他:自然村專用區,,,1110504,土地1建物1車位0,一層,五層,華廈(10層含以下有電梯),住家用,鋼筋混凝土造,1110127,100.79,3,2,2,有,無,5700000,56553,,0.0,0,,RPQNMLPJNHHGFAW76DA,83.34,0.0,0.0,有,
金沙鎮,土地,蔡厝劃測段310地號,1000.02,都市：其他:農業區,,,1110503,土地1建物0車位0,,,其他,,,,0.0,0,0,0,有,無,3600000,3600,,0.0,0,,RPPNMLNJNHHGFAW56EA,0.0,0.0,0.0,無,
金沙鎮,土地,蔡厝劃測段292地號,1649.96,都市：其他:農業區,,,1110503,土地2建物0車位0,,,其他,,,,0.0,0,0,0,有,無,5780000,3503,,0.0,0,,RPQNMLNJNHHGFAW66EA,0.0,0.0,0.0,無,
金沙鎮,土地,斗門劃測段576地號,700.1,都市：其他:農業區,,,1110503,土地1建物0車位0,,,其他,,,,0.0,0,0,0,有,無,2800000,3999,,0.0,0,,RPRNMLNJNHHGFAW76EA,0.0,0.0,0.0,無,
金湖鎮,土地,湖前段118-3地號,299.71,都市：其他:農業區,,,1110509,土地1建物0車位0,,,其他,,,,0.0,0,0,0,有,無,3200000,10677,,0.0,0,,RPSNMLTJNHHGFAW47EA,0.0,0.0,0.0,無,
金沙鎮,土地,汶沙測段239地號,26.33,都市：其他:第二種商業區,,,1110502,土地1建物0車位0,,,其他,,,,0.0,0,0,0,有,無,640000,24307,,0.0,0,,RPWNMLTJNHHGFAW87EA,0.0,0.0,0.0,無,002
金城鎮,土地,奎星樓段164地號,75.35,都市：其他:第二種住宅區,,,1110505,土地1建物0車位0,,,其他,,,,0.0,0,0,0,有,無,2359000,31307,,0.0,0,,RPRNMLKKNHHGFAW09DA,0.0,0.0,0.0,無,
金寧鄉,土地,寧湖三劃段854-1地號,419.23,都市：其他:農業區,,,1110503,土地1建物0車位0,,,其他,,,,0.0,0,0,0,有,無,3000000,7156,,0.0,0,,RPPNMLNKNHHGFAW56DA,0.0,0.0,0.0,無,
金寧鄉,土地,安岐村測段280-1地號,301.84,都市：其他:自然村專用區,,,1110513,土地4建物0車位0,,,其他,,,,0.0,0,0,0,有,無,5060000,16764,,0.0,0,,RPVNMLQKNHHGFAW47DA,0.0,0.0,0.0,無,003
金寧鄉,房地(土地+建物),金門縣金寧鄉湖下２１１－１１號,31.85,都市：其他:自然村專用區,,,1110505,土地1建物1車位0,一層,五層,公寓(5樓含以下無電梯),住家用,鋼筋混凝土造,1091223,71.28,2,2,1,有,無,5700000,79966,,0.0,0,,RPQNMLRKNHHGFAW17EA,57.82,0.0,0.0,無,
金城鎮,建物,金門縣金城鎮金門城２２７號四樓,0.0,,,,1110513,土地0建物1車位0,四層,五層,華廈(10層含以下有電梯),住家用,鋼筋混凝土造,1101018,77.7,2,2,2,有,無,4800000,61776,,0.0,0,預售屋、或土地及建物分件登記案件；,RPUNMLQKNHHGFAW37DA,57.3,0.0,7.13,有,
金城鎮,房地(土地+建物),金門縣金城鎮西海路三段３９巷２弄２號五樓,45.46,都市：其他:農業區,,,1110512,土地1建物1車位0,五層,五層,華廈(10層含以下有電梯),住家用,鋼筋混凝土造,1100611,106.32,3,2,2,有,無,6600000,62077,,0.0,0,,RPRNMLNKNHHGFAW76DA,78.36,0.0,7.58,有,
金寧鄉,土地,長寮段230地號,506.9,都市：其他:農業區,,,1110505,土地1建物0車位0,,,其他,,,,0.0,0,0,0,有,無,1900000,3748,,0.0,0,,RPPNMLTJNHHGFAW07DA,0.0,0.0,0.0,無,
金城鎮,房地(土地+建物)+車位,金門縣金城鎮西海路三段１０６巷１７弄５號三樓,46.2,都市：其他:自然村專用區,,,1110505,土地1建物1車位1,三層,三層,公寓(5樓含以下無電梯),住家用,鋼筋混凝土造,1060303,124.50999999999999,2,1,2,有,無,5980000,48028,坡道平面,12.83,0,,RPRNMLKLNHHGFAW56DA,66.04,0.0,7.28,無,004
金沙鎮,房地(土地+建物),金門縣金沙鎮沙美２６０號三樓,38.37,都市：其他:自然村專用區,,,1110510,土地1建物2車位0,三層,三層,公寓(5樓含以下無電梯),住家用,鋼筋混凝土造,1060817,76.97,2,2,2,有,無,4500000,58464,,0.0,0,,RPPNMLOLNHHGFAW86EA,58.67,0.0,4.75,無,
金城鎮,土地,金城劃段312地號,687.01,都市：其他:農業區,,,1110509,土地1建物0車位0,,,其他,,,,0.0,0,0,0,有,無,10300000,14993,,0.0,0,,RPPNMLPLNHHGFAW96EA,0.0,0.0,0.0,無,
金湖鎮,房地(土地+建物),金門縣金湖鎮新塘１５號４樓之３,26.08,都市：其他:自然村專用區,,,1110503,土地2建物1車位0,四層,五層,華廈(10層含以下有電梯),住家用,鋼筋混凝土造,1100127,53.57,1,1,1,有,有,3050000,56935,,0.0,0,,RPSNMLOJNHHGFAW86DA,40.1,0.0,5.57,有,
金城鎮,房地(土地+建物),金門縣金城鎮山前２之２號５樓,43.58,都市：其他:自然村專用區,,,1110512,土地1建物1車位0,五層,五層,華廈(10層含以下有電梯),住家用,鋼筋混凝土造,1100429,95.0,2,2,2,有,無,6700000,70526,,0.0,0,,RPQNMLMKNHHGFAW56DA,73.71,0.0,7.47,有,
金沙鎮,房地(土地+建物),金門縣金沙鎮陽翟８６號二樓,50.58,都市：其他:自然村專用區,,,1110508,土地1建物1車位0,二層,三層,華廈(10層含以下有電梯),住家用,鋼筋混凝土造,1101124,104.97999999999999,3,2,2,有,無,5950000,56677,,0.0,0,,RPSNMLTJNHHGFAW37DA,81.08,0.0,8.74,有,
金寧鄉,土地,北四劃段81地號,733.0,都市：其他:農業區,,,1110510,土地1建物0車位0,,,其他,,,,0.0,0,0,0,有,無,3050000,4161,,0.0,0,,RPUNMLOLNHHGFAW27DA,0.0,0.0,0.0,無,
金寧鄉,房地(土地+建物),金門縣金寧鄉湖南４０號,203.37,都市：其他:自然村專用區,,,1110510,土地2建物1車位0,全,三層,透天厝,住家用,鋼筋混凝土造,0980820,200.97,5,2,3,有,無,16500000,82102,,0.0,0,,RPTNMLSKNHHGFAW47DA,186.06,3.16,11.75,無,
烈嶼鄉,土地,九宮測段218地號,587.87,都市：其他:保護區,,,1110509,土地3建物0車位0,,,其他,,,,0.0,0,0,0,有,無,647000,1101,,0.0,0,包含公共設施保留地用地；,RPQNMLOLNHHGFAW86DA,0.0,0.0,0.0,無,
金城鎮,土地,古井段82地號,423.0,都市：其他:農業區,,,1110517,土地1建物0車位0,,,其他,,,,0.0,0,0,0,有,無,2200000,5201,,0.0,0,,RPQNMLPLNHHGFAW96DA,0.0,0.0,0.0,無,
金城鎮,房地(土地+建物),金門縣金城鎮中興路１７３巷６之１號,31.49,都市：其他:第二種商業區,,,1110506,土地2建物1車位0,全,三層,透天厝,住家用,鋼筋混凝土加強磚造,0510810,88.92,3,1,4,有,無,8200000,92218,,0.0,0,,RPPNMLRLNHHGFAW07DA,80.25,3.61,5.06,無,005
金寧鄉,土地,寧劃段564地號,977.84,都市：其他:農業區,,,1110509,土地2建物0車位0,,,其他,,,,0.0,0,0,0,有,無,3600000,3682,,0.0,0,,RPPNMLKKNHHGFAW88DA,0.0,0.0,0.0,無,
金寧鄉,房地(土地+建物)+車位,金門縣金寧鄉頂堡３０６號三樓,27.82,都市：其他:農業區,,,1110512,土地5建物1車位1,三層,五層,華廈(10層含以下有電梯),住家用,鋼筋混凝土造,1101203,100.66,2,2,2,有,有,4800000,47685,坡道平面,15.43,0,,RPRNMLPLNHHGFAW17EA,53.58,0.0,3.8,有,
金寧鄉,土地,寧古劃段1247地號,500.0,都市：其他:國家公園區-第一類一般管制區-外圍緩衝用地,,,1110520,土地1建物0車位0,,,其他,,,,0.0,0,0,0,有,無,1700000,3400,,0.0,0,,RPQNMLQLNHHGFAW07DA,0.0,0.0,0.0,無,
金寧鄉,土地,中二劃段222地號,900.0,都市：其他:農業區,,,1110513,土地1建物0車位0,,,其他,,,,0.0,0,0,0,有,無,9200000,10222,,0.0,0,,RPRNMLRKNHHGFAW17DA,0.0,0.0,0.0,無,006
金城鎮,土地,延平段1123地號,825.36,都市：其他:農業區,,,1110518,土地1建物0車位0,,,其他,,,,0.0,0,0,0,有,無,5900000,7148,,0.0,0,,RPRNMLLMNHHGFAW76DA,0.0,0.0,0.0,無,
金寧鄉,土地,安西劃段785地號,610.54,都市：其他:農業區,,,1110511,土地1建物0車位0,,,其他,,,,0.0,0,0,0,有,無,2800000,4586,,0.0,0,,RPSNMLLKNHHGFAW66DA,0.0,0.0,0.0,無,
金城鎮,土地,中一段20地號,286.69,都市：其他:農業區,,,1110530,土地1建物0車位0,,,其他,,,,0.0,0,0,0,有,無,7500000,26161,,0.0,0,,RPSNMLLMNHHGFAW86DA,0.0,0.0,0.0,無,
金湖鎮,土地,太湖劃測段1955地號,600.01,都市：其他:農業區,,,1110530,土地1建物0車位0,,,其他,,,,0.0,0,0,0,有,無,1800000,3000,,0.0,0,親友、員工、共有人或其他特殊關係間之交易；,RPUNMLLMNHHGFAW07DA,0.0,0.0,0.0,無,
金湖鎮,土地,太湖劃測段1955-3地號,600.01,都市：其他:農業區,,,1110530,土地1建物0車位0,,,其他,,,,0.0,0,0,0,有,無,1800000,3000,,0.0,0,親友、員工、共有人或其他特殊關係間之交易；,RPVNMLLMNHHGFAW17DA,0.0,0.0,0.0,無,
金湖鎮,土地,太湖劃測段1955-1地號,600.01,都市：其他:農業區,,,1110530,土地1建物0車位0,,,其他,,,,0.0,0,0,0,有,無,1800000,3000,,0.0,0,親友、員工、共有人或其他特殊關係間之交易；,RPWNMLLMNHHGFAW27DA,0.0,0.0,0.0,無,
金湖鎮,土地,太湖劃測段1955-2地號,600.01,都市：其他:農業區,,,1110530,土地1建物0車位0,,,其他,,,,0.0,0,0,0,有,無,1800000,3000,,0.0,0,親友、員工、共有人或其他特殊關係間之交易；,RPXNMLLMNHHGFAW37DA,0.0,0.0,0.0,無,
金湖鎮,房地(土地+建物)+車位,金門縣金湖鎮市港一路２６６號三樓,23.76,都市：其他:自然村專用區,,,1110510,土地1建物1車位1,三層,三層,華廈(10層含以下有電梯),住家用,鋼筋混凝土造,1040429,93.18,3,1,1,有,有,4200000,45074,坡道平面,39.78,0,,RPQNMLLJOHHGFAW09DA,33.35,1.64,5.21,有,007
金沙鎮,土地,沙碧劃段116地號,2130.0,都市：其他:農業區,,,1110503,土地2建物0車位0,,,其他,,,,0.0,0,0,0,有,無,5100000,2394,,0.0,0,,RPSNMLLJOHHGFAW66DA,0.0,0.0,0.0,無,
金寧鄉,土地,大橋湖峰段31地號,322.37,都市：其他:第三種商業區,,,1110506,土地1建物0車位0,,,其他,,,,0.0,0,0,0,有,無,31550000,97869,,0.0,0,,RPPNMLQJOHHGFAW86DA,0.0,0.0,0.0,無,
金寧鄉,土地,北四劃段351地號,733.0,都市：其他:農業區,,,1110516,土地1建物0車位0,,,其他,,,,0.0,0,0,0,有,無,3000000,4093,,0.0,0,,RPQNMLQJOHHGFAW96DA,0.0,0.0,0.0,無,
金寧鄉,土地,北四劃段482地號,680.29,都市：其他:農業區,,,1110516,土地1建物0車位0,,,其他,,,,0.0,0,0,0,有,無,3300000,4851,,0.0,0,,RPSNMLQJOHHGFAW17DA,0.0,0.0,0.0,無,
金湖鎮,土地,中五劃段600地號,341.0,都市：其他:國家公園區,,,1110516,土地2建物0車位0,,,其他,,,,0.0,0,0,0,有,無,2200000,6452,,0.0,0,,RPTNMLQJOHHGFAW27DA,0.0,0.0,0.0,無,
金寧鄉,土地,后沙劃測段806地號,857.37,都市：其他:農業區,,,1110516,土地1建物0車位0,,,其他,,,,0.0,0,0,0,有,無,4500000,5249,,0.0,0,,RPUNMLQJOHHGFAW37DA,0.0,0.0,0.0,無,
金沙鎮,土地,沙港劃段119地號,1000.06,都市：其他:農業區,,,1110525,土地1建物0車位0,,,其他,,,,0.0,0,0,0,有,無,5850000,5850,,0.0,0,,RPPNMLLJOHHGFAW98DA,0.0,0.0,0.0,無,008
金湖鎮,土地,湖前段1360-1地號,151.3,都市：其他:道路用地,,,1110531,土地3建物0車位0,,,其他,,,,0.0,0,0,0,有,無,3443254,22758,,0.0,0,包含公共設施保留地用地；,RPTNMLLMNHHGFAW96DA,0.0,0.0,0.0,無,
金寧鄉,房地(土地+建物),金門縣金寧鄉環島西路二段９３１號,107.54,都市：其他:農業區,,,1110510,土地1建物1車位0,全,三層,透天厝,住家用,鋼筋混凝土造,1081115,213.78,6,1,6,有,無,10500000,49116,,0.0,0,,RPRNMLRJOHHGFAW17DA,201.52,0.0,12.26,無,
金沙鎮,土地,北九十劃段582地號,1000.95,都市：其他:農業區,,,1110514,土地1建物0車位0,,,其他,,,,0.0,0,0,0,有,無,3300000,3297,,0.0,0,,RPRNMLOLNHHGFAW96DA,0.0,0.0,0.0,無,
金寧鄉,土地,寧古劃段1397地號,500.0,都市：其他:國家公園區,,,1110530,土地1建物0車位0,,,其他,,,,0.0,0,0,0,有,無,1000000,2000,,0.0,0,,RPPNMLRJOHHGFAW96DA,0.0,0.0,0.0,無,
金城鎮,土地,金門城測段670地號,327.02,都市：其他:自然村專用區,,,1110406,土地1建物0車位0,,,其他,,,,0.0,0,0,0,有,無,7000000,21405,,0.0,0,,RPUNMLSJMHHGFAW37DA,0.0,0.0,0.0,無,009
烈嶼鄉,土地,東坑段399-2地號,85.91,都市：其他:自然村專用區,,,1110414,土地1建物0車位0,,,其他,,,,0.0,0,0,0,有,無,688000,8008,,0.0,0,親友、員工、共有人或其他特殊關係間之交易；,RPUNMLOKMHHGFAW17EA,0.0,0.0,0.0,無,
金寧鄉,土地,寧湖二劃測段1025-1地號,349.46,都市：其他:學校用地,,,1110406,土地1建物0車位0,,,其他,,,,0.0,0,0,0,有,無,11042936,31600,,0.0,0,包含公共設施保留地用地；協議價購；,RPQNMLRJMHHGFAW86DA,0.0,0.0,0.0,無,
金寧鄉,土地,寧湖二劃測段1026-1地號,694.33,都市：其他:學校用地,,,1110406,土地1建物0車位0,,,其他,,,,0.0,0,0,0,有,無,21985628,31665,,0.0,0,包含公共設施保留地用地；協議價購；,RPRNMLRJMHHGFAW96DA,0.0,0.0,0.0,無,
金湖鎮,房地(土地+建物),金門縣金湖鎮武德新莊５６號,92.95,都市：其他:第三種住宅區。,,,1110406,土地1建物1車位0,全,二層,透天厝,住家用,鋼筋混凝土造,0660815,104.2,3,2,2,有,無,12000000,115163,,0.0,0,親友、員工、共有人或其他特殊關係間之交易；,RPROMLNKMHHGFAW76DA,104.2,0.0,0.0,無,
烈嶼鄉,土地,青岐段195地號,333.0,都市：其他:自然村專用區,,,1110411,土地1建物0車位0,,,其他,,,,0.0,0,0,0,有,無,4500000,13514,,0.0,0,未登記建物；,RPRNMLMKMHHGFAW56DA,0.0,0.0,0.0,無,010
金沙鎮,土地,汶沙測段214地號,112.0,都市：其他:自然村專用區,,,1110414,土地1建物0車位0,,,其他,,,,0.0,0,0,0,有,無,3000000,26786,,0.0,0,,RPRNMLPKMHHGFAW96EA,0.0,0.0,0.0,無,
金寧鄉,房地(土地+建物),金門縣金寧鄉湖下２１１－８號四樓,32.17,都市：其他:自然村專用區,,,1110409,土地1建物1車位0,四層,五層,華廈(10層含以下有電梯),住家用,鋼筋混凝土造,1091223,77.63,2,2,1,有,有,5500000,70849,,0.0,0,含約定專用法定停車位一位,RPSNMLPKMHHGFAW07EA,58.41,0.0,5.62,有,
金城鎮,房地(土地+建物),金門縣金城鎮民權路２２６巷４弄１５號５樓,30.77,都市：其他:第三種住宅區。,,,1110406,土地1建物1車位0,五層,五層,公寓(5樓含以下無電梯),住家用,鋼筋混凝土造,0971211,98.37,3,2,2,有,有,7800000,79292,,0.0,0,,RPPNMLQJMHHGFAW66DA,79.11,0.0,9.7,無,011
金寧鄉,房地(土地+建物),金門縣金寧鄉下堡１００之２９號二樓之３,15.86,都市：其他:自然村專用區,,,1110411,土地1建物1車位0,二層,三層,公寓(5樓含以下無電梯),住家用,鋼筋混凝土造,1031016,28.08,1,1,1,有,無,2400000,85470,,0.0,0,,RPQNMLMKMHHGFAW09DA,22.28,0.0,2.06,無,012
金城鎮,房地(土地+建物),金門縣金城鎮西海路三段７２巷１弄３之１號,77.84,都市：其他:農業區,,,1110402,土地1建物1車位0,全,三層,透天厝,住家用,鋼筋混凝土造,0840626,195.86,5,3,3,有,無,6850000,34974,,0.0,0,,RPUOMLNKMHHGFAW07DA,178.54,8.75,8.57,無,
金城鎮,土地,延平段557地號,40.15,都市：其他:農業區,,,1110402,土地1建物0車位0,,,其他,,,,0.0,0,0,0,有,無,1500000,37360,,0.0,0,,SPUOMLNKMHHGFAW17DA,0.0,0.0,0.0,無,013
金沙鎮,土地,山柄段747地號,715.08,都市：其他:國家公園區,,,1110425,土地4建物0車位0,,,其他,,,,0.0,0,0,0,有,無,930000,1301,,0.0,0,,RPXNMLSKMHHGFAW87EA,0.0,0.0,0.0,無,
金沙鎮,土地,榮湖段1266地號,125.0,都市：其他:自然村專用區,,,1110411,土地1建物0車位0,,,其他,,,,0.0,0,0,0,有,無,1300000,10400,,0.0,0,,RPVNMLSKMHHGFAW57DA,0.0,0.0,0.0,無,
金湖鎮,土地,后壟段191地號,1000.0,都市：其他:農業區,,,1110411,土地1建物0車位0,,,其他,,,,0.0,0,0,0,有,無,5000000,5000,,0.0,0,,RPUNMLKLMHHGFAW76DA,0.0,0.0,0.0,無,
金沙鎮,土地,西園段1251-1地號,129.0,都市：其他:自然村專用區,,,1110415,土地1建物0車位0,,,其他,,,,0.0,0,0,0,有,無,2000000,15504,,0.0,0,,RPWNMLLLMHHGFAW07DA,0.0,0.0,0.0,無,
金城鎮,土地,金門城測段356地號,240.32,都市：其他:自然村專用區,,,1110421,土地1建物0車位0,,,其他,,,,0.0,0,0,0,有,無,4200000,17477,,0.0,0,,RPRNMLLLMHHGFAW66EA,0.0,0.0,0.0,無,
烈嶼鄉,土地,東林段307地號,102.0,都市：其他:自然村專用區,,,1110414,土地1建物1車位0,一層,一層,其他,住家用,加強磚造,0250610,73.25,0,0,0,有,無,758450,7436,,0.0,0,親友、員工、共有人或其他特殊關係間之交易；,RPRNMLMLMHHGFAW76EA,0.0,0.0,0.0,無,
金沙鎮,土地,汶沙測段1526地號,303.61,都市：其他:道路用地,,,1110411,土地1建物0車位0,,,其他,,,,0.0,0,0,0,有,無,5900000,19433,,0.0,0,,RPRNMLSKMHHGFAW17DA,0.0,0.0,0.0,無,014
金寧鄉,土地,寧湖二劃測段1100-6地號,19.38,都市：其他:自然村專用區,,,1110407,土地1建物0車位0,,,其他,,,,0.0,0,0,0,有,無,789541,40740,,0.0,0,政府機關標讓售；,RPSNMLLKMHHGFAW56DA,0.0,0.0,0.0,無,
金寧鄉,土地,寧安二劃段286地號,667.0,都市：其他:農業區,,,1110401,土地1建物0車位0,,,其他,,,,0.0,0,0,0,有,無,2600000,3898,,0.0,0,,RPSNMLSJMHHGFAW17DA,0.0,0.0,0.0,無,
金城鎮,建物,金門縣金城鎮金門城２２８號,0.0,,,,1110412,土地0建物1車位0,一層,五層,華廈(10層含以下有電梯),住家用,鋼筋混凝土造,1101018,77.7,2,2,2,有,無,5300000,68211,,0.0,0,預售屋、或土地及建物分件登記案件；,RPRNMLOKMHHGFAW76DA,57.3,0.0,7.13,有,
金沙鎮,房地(土地+建物),金門縣金沙鎮何厝７９號,696.72,都市：其他:農業區,,,1110418,土地2建物1車位0,全,一層,透天厝,農業用,鋼筋混凝土造,1050311,172.61,3,2,3,有,無,10800000,62569,,0.0,0,,RPROMLSKMHHGFAW27DA,172.61,0.0,0.0,無,
金湖鎮,房地(土地+建物),金門縣金湖鎮市港三路１３５之１號三樓,13.83,都市：其他:第五種住宅區,,,1110415,土地1建物1車位0,三層,七層,華廈(10層含以下有電梯),住家用,鋼筋混凝土造,1050617,72.57,2,1,1,有,無,4100000,56497,,0.0,0,,RPPNMLKLMHHGFAW88DA,41.78,3.44,6.76,有,015
金沙鎮,土地,汶沙測段239地號,79.0,都市：其他:第二種商業區,,,1110423,土地1建物0車位0,,,其他,,,,0.0,0,0,0,有,無,1900000,24051,,0.0,0,,RPQNMLPLMHHGFAW96EA,0.0,0.0,0.0,無,002
金湖鎮,土地,庵邊段139地號,175.0,都市：其他:自然村專用區,,,1110412,土地1建物0車位0,,,其他,,,,0.0,0,0,0,有,無,3420000,19543,,0.0,0,含土地增值稅或其他稅費418205元；,RPVNMLKLMHHGFAW86DA,0.0,0.0,0.0,無,
金寧鄉,土地,湖尾段105地號,1027.59,都市：其他:農業區,,,1110411,土地1建物0車位0,,,其他,,,,0.0,0,0,0,有,無,4100000,3990,,0.0,0,,RPRNMLPLMHHGFAW96DA,0.0,0.0,0.0,無,017
金寧鄉,土地,寧安二劃段1地號,272.62,都市：其他:農業區,,,1110407,土地1建物0車位0,,,其他,,,,0.0,0,0,0,有,無,1500000,5502,,0.0,0,,RPTNMLPLMHHGFAW17DA,0.0,0.0,0.0,無,
金湖鎮,房地(土地+建物),金門縣金湖鎮士校路１４８３號三樓,42.29,都市：其他:自然村專用區,,,1110414,土地1建物2車位0,三層,三層,公寓(5樓含以下無電梯),住家用,鋼筋混凝土造,1030924,95.00999999999999,3,2,2,有,無,4900000,51574,,0.0,0,,RPSNMLQLMHHGFAW17DA,74.27,0.0,8.86,無,018
金寧鄉,土地,寧湖一劃段276地號,733.23,都市：其他:農業區,,,1110406,土地1建物0車位0,,,其他,,,,0.0,0,0,0,有,無,12000000,16366,,0.0,0,,RPTNMLKLMHHGFAW66DA,0.0,0.0,0.0,無,
金湖鎮,土地,士校段844地號,850.0,都市：其他:自然村專用區,,,1110401,土地1建物0車位0,,,其他,,,,0.0,0,0,0,有,無,11000000,12941,,0.0,0,,RPSOMLLJMHHGFAW56DA,0.0,0.0,0.0,無,
金寧鄉,房地(土地+建物),金門縣金寧鄉頂埔下２９號三樓之５,16.87,都市：其他:自然村專用區,,,1110418,土地1建物1車位0,三層,三層,華廈(10層含以下有電梯),住家用,鋼筋混凝土造,1050126,34.96,1,1,1,有,有,3000000,85812,,0.0,0,,RPPOMLSKMHHGFAW07DA,22.46,0.0,3.46,有,019
金城鎮,土地,莒光樓段218地號,440.0,都市：其他:風景區,,,1110413,土地1建物0車位0,,,其他,,,,0.0,0,0,0,有,無,1500000,3409,,0.0,0,,RPXNMLNKMHHGFAW27DA,0.0,0.0,0.0,無,
金寧鄉,土地,后湖村測段2地號,543.04,都市：其他:學校用地,,,1110413,土地1建物0車位0,,,其他,,,,0.0,0,0,0,有,無,4507232,8300,,0.0,0,協議價購；,RPPNMLSLMHHGFAW17EA,0.0,0.0,0.0,無,
金沙鎮,土地,榮湖段815地號,362.54,都市：其他:農業區,,,1110415,土地1建物0車位0,,,其他,,,,0.0,0,0,0,有,無,600000,1655,,0.0,0,親友、員工、共有人或其他特殊關係間之交易；,RPQNMLSLMHHGFAW27EA,0.0,0.0,0.0,無,
金沙鎮,土地,沙港劃段609地號,1000.04,都市：其他:農業區,,,1110408,土地1建物0車位0,,,其他,,,,0.0,0,0,0,有,無,4150000,4150,,0.0,0,,RPQNMLMLMHHGFAW56DA,0.0,0.0,0.0,無,
金沙鎮,土地,沙東劃段348地號,1000.08,都市：其他:農業區,,,1110406,土地1建物0車位0,,,其他,,,,0.0,0,0,0,有,無,2900000,2900,,0.0,0,,RPQNMLQLMHHGFAW96DA,0.0,0.0,0.0,無,020
金城鎮,房地(土地+建物),金門縣金城鎮金門城２２７號五樓,38.81,都市：其他:自然村專用區,,,1110420,土地1建物1車位0,五層,五層,華廈(10層含以下有電梯),住家用,鋼筋混凝土造,1101018,77.7,2,2,2,有,無,5200000,66924,,0.0,0,預售屋、或土地及建物分件登記案件；,RPUNMLSLMHHGFAW57DA,57.3,0.0,7.13,有,
金湖鎮,土地,多年段1069地號,580.07,都市：其他:自然村專用區,,,1110424,土地1建物0車位0,,,其他,,,,0.0,0,0,0,有,無,4500000,7758,,0.0,0,,RPSNMLRLMHHGFAW27DA,0.0,0.0,0.0,無,
金沙鎮,土地,汶沙測段1516地號,622.0,都市：其他:停車場用地,,,1110418,土地1建物0車位0,,,其他,,,,0.0,0,0,0,有,無,29800000,47910,,0.0,0,,RPRNMLTLMHHGFAW37DA,0.0,0.0,0.0,無,
金城鎮,土地,水頭段1225地號,672.91,都市：其他:農業區,,,1110401,土地1建物0車位0,,,其他,,,,0.0,0,0,0,有,無,4200000,6242,,0.0,0,,RPWNMLNKMHHGFAW17DA,0.0,0.0,0.0,無,
金寧鄉,土地,寧劃段1地號,989.31,都市：其他:農業區,,,1110412,土地2建物0車位0,,,其他,,,,0.0,0,0,0,有,無,1680000,1698,,0.0,0,,RPSNMLMKMHHGFAW66DA,0.0,0.0,0.0,無,
金寧鄉,土地,寧山段1054地號,98.71,都市：其他:農業區,,,1110418,土地1建物0車位0,,,其他,,,,0.0,0,0,0,有,無,896287,9080,,0.0,0,國有財產法施行細則第55條之1第3項第5款市場查估計價政府機關標讓售；,RPTNMLTKMHHGFAW47DA,0.0,0.0,0.0,無,
金城鎮,房地(土地+建物),金門縣金城鎮大古崗１２６號,47.5,都市：其他:自然村專用區,,,1110419,土地3建物1車位0,一層,五層,公寓(5樓含以下無電梯),住家用,鋼筋混凝土造,1090529,95.86000000000001,3,2,2,有,無,5400000,56332,,0.0,0,,RPQNMLLLMHHGFAW09DA,68.73,0.0,2.7,無,021
金寧鄉,土地,中三劃測段122地號,590.0,都市：其他:農業區,,,1110418,土地1建物0車位0,,,其他,,,,0.0,0,0,0,有,無,4300000,7288,,0.0,0,,RPTNMLMJNHHGFAW76DA,0.0,0.0,0.0,無,
金寧鄉,房地(土地+建物)+車位,金門縣金寧鄉頂堡３０６號二樓,27.82,都市：其他:農業區,,,1110426,土地5建物1車位1,二層,五層,華廈(10層含以下有電梯),住家用,鋼筋混凝土造,1101203,85.23,2,1,2,有,無,4880000,57257,坡道平面,13.75,0,,RPUNMLQLMHHGFAW37DA,53.58,0.0,3.8,有,
金寧鄉,土地,寧湖三劃段295地號,1500.0,都市：其他:農業區,,,1110413,土地2建物0車位0,,,其他,,,,0.0,0,0,0,有,無,12250000,8167,,0.0,0,,RPSNMLPJNHHGFAW96DA,0.0,0.0,0.0,無,
烈嶼鄉,土地,烈濱劃測段1060地號,367.0,都市：其他:保護區,,,1110420,土地1建物0車位0,,,其他,,,,0.0,0,0,0,有,無,1000000,2725,,0.0,0,,RPVNMLPJNHHGFAW37EA,0.0,0.0,0.0,無,
金沙鎮,土地,沙田劃段597地號,510.0,都市：其他:保護區,,,1110425,土地1建物0車位0,,,其他,,,,0.0,0,0,0,有,無,1580000,3098,,0.0,0,,RPQNMLOJNHHGFAW66DA,0.0,0.0,0.0,無,
金沙鎮,房地(土地+建物),金門縣金沙鎮洋山２０５號四樓,56.59,都市：其他:自然村專用區,,,1110419,土地1建物1車位0,四層,五層,華廈(10層含以下有電梯),住家用,鋼筋混凝土造,1110127,107.99000000000001,3,2,2,有,無,5300000,49079,,0.0,0,含土地增值稅或其他稅費；含地政士服務費；預售屋、或土地及建物分件登記案件；,RPTNMLNJNHHGFAW86DA,83.34,0.0,7.2,有,
金沙鎮,房地(土地+建物),金門縣金沙鎮洋山２０６號四樓,61.31,都市：其他:自然村專用區,,,1110419,土地1建物1車位0,四層,五層,華廈(10層含以下有電梯),住家用,鋼筋混凝土造,1110127,116.52,3,2,2,有,無,5300000,45486,,0.0,0,預售屋、或土地及建物分件登記案件；,RPUNMLNJNHHGFAW96DA,91.44,0.0,8.16,有,
金湖鎮,房地(土地+建物)+車位,金門縣金湖鎮安民５８號三樓之１,55.91,都市：其他:自然村專用區,,,1110414,土地1建物1車位1,三層,四層,華廈(10層含以下有電梯),住家用,鋼筋混凝土造,1101021,115.2,3,2,2,有,有,7200000,62500,其他,0.0,0,,RPVNMLTLMHHGFAW77DA,80.87,0.0,19.56,有,
烈嶼鄉,房地(土地+建物),金門縣烈嶼鄉后頭４６號,180.08,都市：其他:自然村專用區,,,1110402,土地1建物1車位0,全,一層,透天厝,住家用,鋼筋混凝土造,1040819,108.12,2,1,2,有,無,5500000,50869,,0.0,0,,RPRNMLMJNHHGFAW56DA,108.12,0.0,0.0,無,022
金沙鎮,土地,鵲山段571-2地號,15936.28,都市：其他:風景區,,,1110408,土地1建物0車位0,,,其他,,,,0.0,0,0,0,有,無,41418391,2599,,0.0,0,,RPRNMLTJNHHGFAW37EA,0.0,0.0,0.0,無,
金寧鄉,土地,北二三劃測段589地號,833.44,都市：其他:農業區,,,1110421,土地2建物0車位0,,,其他,,,,0.0,0,0,0,有,無,7300000,8759,,0.0,0,包含公共設施保留地用地；,RPUNMLLLMHHGFAW86DA,0.0,0.0,0.0,無,
金沙鎮,土地,后宅段1278地號,289.12,都市：其他:自然村專用區,,,1110409,土地7建物0車位0,,,其他,,,,0.0,0,0,0,有,無,4000000,13835,,0.0,0,親友、員工、共有人或其他特殊關係間之交易；,RPTNMLTJNHHGFAW47DA,0.0,0.0,0.0,無,
金湖鎮,房地(土地+建物),金門縣金湖鎮料羅新村５０８號五樓,43.85,都市：其他:自然村專用區,,,1110429,土地1建物1車位0,五層,五層,華廈(10層含以下有電梯),住家用,鋼筋混凝土造,1071210,98.97,2,2,2,有,有,5200000,52541,,0.0,0,,RPVNMLTJNHHGFAW67DA,73.13,0.0,8.57,有,023
金寧鄉,土地,寧湖二劃測段70地號,553.09,都市：其他:農業區,,,1110425,土地1建物0車位0,,,其他,,,,0.0,0,0,0,有,無,5600000,10125,,0.0,0,,RPQNMLTJNHHGFAW17DA,0.0,0.0,0.0,無,
金寧鄉,房地(土地+建物)+車位,金門縣金寧鄉頂堡３０７號二樓,39.63,都市：其他:農業區,,,1110412,土地5建物1車位1,二層,五層,華廈(10層含以下有電梯),住家用,鋼筋混凝土造,1101203,136.63,3,2,2,有,有,6800000,49769,坡道平面,15.43,0,,RPTNMLOJNHHGFAW96DA,71.66,0.0,9.83,有,
金沙鎮,土地,青嶼測段538地號,965.38,都市：其他:農業區,,,1110425,土地1建物0車位0,,,其他,,,,0.0,0,0,0,有,無,2600000,2693,,0.0,0,,RPSNMLMJNHHGFAW66DA,0.0,0.0,0.0,無,
金寧鄉,土地,后垵段673地號,1497.31,都市：其他:農業區,,,1110415,土地2建物0車位0,,,其他,,,,0.0,0,0,0,有,無,9900000,6612,,0.0,0,,RPUNMLTLMHHGFAW67DA,0.0,0.0,0.0,無,
金湖鎮,房地(土地+建物),金門縣金湖鎮新塘１５號２樓之３,26.08,都市：其他:自然村專用區,,,1110408,土地2建物1車位0,二層,五層,華廈(10層含以下有電梯),住家用,鋼筋混凝土造,1100127,53.57,1,1,1,有,有,2980000,55628,,0.0,0,,RPUNMLLKMHHGFAW76DA,40.1,0.0,5.57,有,
金湖鎮,土地,尚義段889地號,749.91,都市：其他:保護區,,,1110411,土地1建物0車位0,,,其他,,,,0.0,0,0,0,有,無,3000000,4000,,0.0,0,,RPSNMLSKMHHGFAW27DA,0.0,0.0,0.0,無,024
金寧鄉,土地,后湖段51地號,424.67,都市：其他:農業區,,,1110416,土地1建物0車位0,,,其他,,,,0.0,0,0,0,有,無,1100000,2590,,0.0,0,,RPVNMLRLMHHGFAW57DA,0.0,0.0,0.0,無,
金城鎮,土地,烏土段390地號,736.54,都市：其他:農業區,,,1110421,土地2建物0車位0,,,其他,,,,0.0,0,0,0,有,無,6800000,9232,,0.0,0,,RPPNMLPJNHHGFAW66DA,0.0,0.0,0.0,無,
金寧鄉,房地(土地+建物),金門縣金寧鄉湖下３８０之１７號,26.7,都市：其他:自然村專用區,,,1110426,土地2建物1車位0,一層,四層,華廈(10層含以下有電梯),住家用,鋼筋混凝土造,1090612,60.209999999999994,2,1,1,有,有,4300000,71417,,0.0,0,,RPRNMLMKNHHGFAW66DA,46.73,0.0,0.0,有,
金湖鎮,土地,湖前段131地號,319.52,都市：其他:乙種工業區,,,1110426,土地1建物0車位0,,,其他,,,,0.0,0,0,0,有,無,9585600,30000,,0.0,0,,RPQNMLLKNHHGFAW09DA,0.0,0.0,0.0,無,
金湖鎮,土地,士校段620地號,645.48,都市：其他:保護區,,,1110412,土地2建物0車位0,,,其他,,,,0.0,0,0,0,有,無,1100000,1704,,0.0,0,,RPUNMLPLMHHGFAW27DA,0.0,0.0,0.0,無,
金城鎮,房地(土地+建物),金門縣金城鎮西海路三段３９巷２弄３號三樓,45.46,都市：其他:農業區,,,1110414,土地1建物1車位0,三層,五層,華廈(10層含以下有電梯),住家用,鋼筋混凝土造,1100611,106.47999999999999,3,2,2,有,無,6600000,61983,,0.0,0,土地264萬元，建物396萬元契稅12780元由賣方支付,RPSNMLPLMHHGFAW07DA,78.52,0.0,7.58,有,
金寧鄉,土地,大園段663地號,590.46,都市：其他:國家公園區,,,1110406,土地2建物0車位0,,,其他,,,,0.0,0,0,0,有,無,708548,1200,,0.0,0,,RPPNMLQJNHHGFAW86EA,0.0,0.0,0.0,無,025
金寧鄉,土地,寧劃段79-1地號,515.0,都市：其他:農業區,,,1110429,土地2建物0車位0,,,其他,,,,0.0,0,0,0,有,無,1300000,2524,,0.0,0,,RPQNMLQKNHHGFAW96DA,0.0,0.0,0.0,無,
金城鎮,土地,山前段1052地號,731.18,都市：其他:農業區,,,1110428,土地2建物0車位0,,,其他,,,,0.0,0,0,0,有,無,6200000,8479,,0.0,0,,RPVNMLSLMHHGFAW67DA,0.0,0.0,0.0,無,026
金寧鄉,土地,寧安二劃段3地號,437.98,都市：其他:農業區,,,1110425,土地1建物0車位0,,,其他,,,,0.0,0,0,0,有,無,3500000,7991,,0.0,0,包含公共設施保留地用地；,RPWNMLSLMHHGFAW77DA,0.0,0.0,0.0,無,
金湖鎮,土地,中五劃段626地號,730.43,都市：其他:國家公園區,,,1110427,土地1建物0車位0,,,其他,,,,0.0,0,0,0,有,無,3300000,4518,,0.0,0,,RPQNMLKKNHHGFAW98DA,0.0,0.0,0.0,無,
金沙鎮,土地,陽宅段184地號,379.35,都市：其他:農業區,,,1110409,土地1建物0車位0,,,其他,,,,0.0,0,0,0,有,無,500000,1318,,0.0,0,,RPPNMLQKNHHGFAW86DA,0.0,0.0,0.0,無,
金寧鄉,土地,西堡劃測段288地號,600.01,都市：其他:農業區,,,1110419,土地1建物0車位0,,,其他,,,,0.0,0,0,0,有,無,2450000,4083,,0.0,0,,RPTNMLRKNHHGFAW47EA,0.0,0.0,0.0,無,
金城鎮,房地(土地+建物),金門縣金城鎮民權路１２２巷１弄６號四樓之１,17.19,都市：其他:第三種住宅區。,,,1110429,土地1建物1車位0,四層,四層,公寓(5樓含以下無電梯),住家用,鋼筋混凝土造,0991108,35.88,1,1,1,有,無,3400000,94760,,0.0,0,,RPRNMLSKNHHGFAW27DA,26.94,1.18,2.9,無,027
金湖鎮,房地(土地+建物),金門縣金湖鎮市港三路２２７號６樓之１,12.17,都市：其他:第五種住宅區,,,1110425,土地1建物1車位0,六層,八層,華廈(10層含以下有電梯),住家用,鋼筋混凝土造,1041125,66.08,2,1,1,有,有,4500000,68099,,0.0,0,,RPQNMLTKNHHGFAW27DA,36.64,0.0,4.65,有,028
金湖鎮,房地(土地+建物),金門縣金湖鎮市港一路２５９號二樓,32.52,都市：其他:自然村專用區,,,1110427,土地1建物1車位0,二層,三層,華廈(10層含以下有電梯),住家用,鋼筋混凝土造,1040429,77.45,1,1,1,有,有,4500000,58102,,0.0,0,,RPSNMLNKNHHGFAW86DA,51.87,0.76,5.68,有,029
金寧鄉,土地,北四劃段215地號,647.0,都市：其他:農業區,,,1110429,土地1建物0車位0,,,其他,,,,0.0,0,0,0,有,無,1750000,2705,,0.0,0,,RPTNMLTLMHHGFAW57DA,0.0,0.0,0.0,無,
金湖鎮,房地(土地+建物),金門縣金湖鎮市港三路２２５號６樓之６,11.08,都市：其他:第五種住宅區,,,1110411,土地1建物1車位0,六層,八層,華廈(10層含以下有電梯),住家用,鋼筋混凝土造,1041125,61.73,1,1,1,有,有,3600000,58318,,0.0,0,,RPSNMLOKMHHGFAW86DA,33.48,2.08,3.81,有,030
金寧鄉,房地(土地+建物),金門縣金寧鄉安岐２０８號三樓,50.92,都市：其他:自然村專用區,,,1110428,土地1建物1車位0,三層,三層,公寓(5樓含以下無電梯),住家用,鋼筋混凝土造,1040529,88.57,3,1,2,有,無,6200000,70001,,0.0,0,,RPQNMLSKNHHGFAW17DA,75.32,0.0,8.2,無,031
金沙鎮,土地,沙碧劃段125地號,1000.0,都市：其他:農業區,,,1110426,土地1建物0車位0,,,其他,,,,0.0,0,0,0,有,無,2500000,2500,,0.0,0,,RPPNMLRKNHHGFAW96DA,0.0,0.0,0.0,無,
金城鎮,房地(土地+建物),金門縣金城鎮金門城８８之３號,73.36,都市：其他:自然村專用區,,,1110429,土地1建物2車位0,一層,三層,公寓(5樓含以下無電梯),住家用,鋼筋混凝土造,1030314,92.74000000000001,3,1,2,有,無,5550000,59845,,0.0,0,,RPQNMLKLNHHGFAW09DA,75.77,0.0,6.71,無,
金寧鄉,房地(土地+建物),金門縣金寧鄉頂堡７０之１號,233.15,都市：其他:自然村專用區,,,1110401,土地1建物1車位0,全,二層,透天厝,住家用,鋼筋混凝土造,0661210,253.77,6,2,1,有,無,9600000,37830,,0.0,0,,RPSNMLOLNHHGFAW07DA,236.85,0.0,16.92,無,
金沙鎮,土地,山柄段1079地號,998.32,都市：其他:國家公園區-第二類一般管制區,,,1110426,土地1建物0車位0,,,其他,,,,0.0,0,0,0,有,無,500000,501,,0.0,0,,RPTNMLOLNHHGFAW17DA,0.0,0.0,0.0,無,
金湖鎮,房地(土地+建物)+車位,金門縣金湖鎮市港三路１３５號四樓,20.67,都市：其他:第五種住宅區,,,1110417,土地1建物1車位2,四層,七層,華廈(10層含以下有電梯),住家用,鋼筋混凝土造,1050617,108.26,2,2,1,有,有,6500000,60041,升降機械,17.98,0,預售屋、或土地及建物分件登記案件；,RPOOMLLLMHHGFAW98DA,55.92,4.79,3.8,有,
金寧鄉,房地(土地+建物),金門縣金寧鄉下后垵３７號,604.35,都市：其他:農業區,,,1110419,土地5建物1車位0,全,三層,透天厝,農業用,鋼筋混凝土造,1060123,197.21,6,2,5,有,無,12500000,63384,,0.0,0,,RPXNMLTJNHHGFAW87DA,194.59,0.0,2.62,無,
金湖鎮,房地(土地+建物),金門縣金湖鎮塔后４７之６號,53.0,都市：其他:自然村專用區,,,1110408,土地1建物1車位0,全,二層,透天厝,住商用,鋼筋混凝土造,0740614,78.38,0,0,0,無,無,5180000,66088,,0.0,0,親友、員工、共有人或其他特殊關係間之交易；頂樓加蓋；,RPSOMLNKMHHGFAW86DA,78.38,0.0,0.0,無,032
金湖鎮,土地,羅劃測段106地號,333.33,都市：其他:自然村專用區,,,1110414,土地1建物0車位0,,,其他,,,,0.0,0,0,0,有,無,5666000,16998,,0.0,0,,RPPNMLMJNHHGFAW98DA,0.0,0.0,0.0,無,
金沙鎮,房地(土地+建物),金門縣金沙鎮后浦頭１４２號,6000.0,都市：其他:旅館專用區,,,1110406,土地6建物1車位0,全,三層,透天厝,商業用,鋼筋混凝土造,0860513,2697.38,40,3,43,有,無,350000000,129756,,0.0,0,未登記建物；,RPPNMLQLNHHGFAW07EA,2147.15,183.41,366.82,有,
金城鎮,房地(土地+建物),金門縣金城鎮山前２之１號５樓,43.58,都市：其他:自然村專用區,,,1110413,土地1建物1車位0,五層,五層,華廈(10層含以下有電梯),住家用,鋼筋混凝土造,1100429,95.0,2,2,2,有,無,6700000,70526,,0.0,0,,RPOOMLNKMHHGFAW09DA,73.71,0.0,7.47,有,
金沙鎮,土地,官嶼劃段50-1地號,930.55,都市：其他:農業區,,,1110426,土地1建物0車位0,,,其他,,,,0.0,0,0,0,有,無,2200000,2364,,0.0,0,,RPPNMLNJNHHGFAW09DA,0.0,0.0,0.0,無,
金寧鄉,土地,東洲段578地號,1297.86,都市：其他:保護區,,,1110411,土地1建物0車位0,,,其他,,,,0.0,0,0,0,有,無,2850000,2196,,0.0,0,,RPPNMLNLNHHGFAW76EA,0.0,0.0,0.0,無,
金寧鄉,土地,機場段1050地號,722.13,都市：其他:農業區,,,1110411,土地4建物0車位0,,,其他,,,,0.0,0,0,0,有,無,1200000,1662,,0.0,0,親友、員工、共有人或其他特殊關係間之交易；,RPQNMLNLNHHGFAW86EA,0.0,0.0,0.0,無,
金湖鎮,房地(土地+建物)+車位,金門縣金湖鎮市港五路１５０之１號９樓,8.49,都市：其他:第二種商業區,,,1110411,土地1建物1車位1,九層,十層,華廈(10層含以下有電梯),商業用,鋼筋混凝土造,1090408,85.42,1,1,1,有,無,6900000,96595,坡道平面,24.34,1000000,,RPQNMLMJOHHGFAW66EA,30.75,4.66,5.01,有,
金湖鎮,土地,羅劃測段148地號,384.34,都市：其他:自然村專用區,,,1110306,土地3建物0車位0,,,其他,,,,0.0,0,0,0,有,無,8250000,21465,,0.0,0,,RPWNMLSJLHHGFAW47DA,0.0,0.0,0.0,無,
金寧鄉,房地(土地+建物),金門縣金寧鄉埔後１３１之８號,1131.18,都市：其他:農業區,,,1110304,土地5建物1車位0,全,三層,透天厝,農業用,鋼筋混凝土造,1060303,172.96,6,1,4,有,無,14200000,82100,,0.0,0,,RPQNMLSJLHHGFAW86DA,158.53,0.0,14.43,無,
金城鎮,土地,烏土段378地號,521.0,都市：其他:農業區,,,1110301,土地1建物0車位0,,,其他,,,,0.0,0,0,0,有,無,1800000,3455,,0.0,0,,RPQNMLLKLHHGFAW88DA,0.0,0.0,0.0,無,
金寧鄉,土地,寧安四劃段206地號,540.0,都市：其他:農業區,,,1110307,土地1建物0車位0,,,其他,,,,0.0,0,0,0,有,無,3000000,5556,,0.0,0,,RPPNMLKKLHHGFAW68DA,0.0,0.0,0.0,無,033
金寧鄉,土地,寧湖二劃測段331-1地號,72.43,都市：其他:農業區,,,1110307,土地2建物0車位0,,,其他,,,,0.0,0,0,0,有,無,820000,11321,,0.0,0,,RPRNMLRJLHHGFAW86DA,0.0,0.0,0.0,無,034
金寧鄉,土地,寧湖三劃段273地號,965.58,都市：其他:農業區,,,1110311,土地2建物0車位0,,,其他,,,,0.0,0,0,0,有,無,4800000,4971,,0.0,0,,RPTNMLPKLHHGFAW96DA,0.0,0.0,0.0,無,
金寧鄉,房地(土地+建物),金門縣金寧鄉湖下２１１－９號四樓,31.85,都市：其他:自然村專用區,,,1110304,土地1建物1車位0,四層,五層,華廈(10層含以下有電梯),住家用,鋼筋混凝土造,1091223,76.9,2,2,1,有,有,5550000,72172,,0.0,0,,RPQNMLPKLHHGFAW76EA,57.82,0.0,5.62,有,
金湖鎮,房地(土地+建物),金門縣金湖鎮市港五路１６０之１號３樓,7.69,都市：其他:第二種商業區,,,1110301,土地1建物1車位0,三層,十層,華廈(10層含以下有電梯),商業用,鋼筋混凝土造,1090408,54.04,1,1,1,有,無,4530000,83827,,0.0,0,,RPXNMLPKLHHGFAW47EA,29.44,1.02,4.91,有,
金寧鄉,土地,寧北一劃段168-1地號,9.35,都市：其他:國家公園區,,,1110309,土地1建物0車位0,,,其他,,,,0.0,0,0,0,有,無,48000,5134,,0.0,0,,RPPNMLLKLHHGFAW78DA,0.0,0.0,0.0,無,
金城鎮,房地(土地+建物),金門縣金城鎮菜市場１７號,65.2,都市：其他:第二種商業區,,,1110310,土地3建物1車位0,全,二層,透天厝,住家用,磚造,0570701,80.35,2,2,2,有,無,8680000,108027,,0.0,0,陽台外推；包含公共設施保留地用地；,RPVNMLOKLHHGFAW07DA,77.58,0.0,2.77,無,
金湖鎮,房地(土地+建物),金門縣金湖鎮安民５８號一樓之１,55.91,都市：其他:自然村專用區,,,1110308,土地1建物1車位0,一層,四層,華廈(10層含以下有電梯),住家用,鋼筋混凝土造,1101021,114.74,3,2,2,有,有,6880000,59962,,0.0,0,,RPPNMLSKLHHGFAW86DA,80.41,0.0,19.56,有,
金寧鄉,房地(土地+建物),金門縣金寧鄉西山５０號五樓,50.85,都市：其他:農業區,,,1110303,土地2建物1車位0,五層,五層,華廈(10層含以下有電梯),住家用,鋼筋混凝土造,1100319,113.03999999999999,3,2,2,有,無,6400000,56617,,0.0,0,,RPPNMLOJLHHGFAW98DA,81.25,0.0,5.89,有,
金寧鄉,房地(土地+建物),金門縣金寧鄉西山５６號四樓,41.87,都市：其他:農業區,,,1110301,土地2建物1車位0,四層,四層,華廈(10層含以下有電梯),住家用,鋼筋混凝土造,1100319,94.3,2,1,2,有,無,5450000,57794,,0.0,0,,RPPNMLMJLHHGFAW78DA,64.06,0.0,7.96,有,
金湖鎮,土地,湖前段392地號,92.23,都市：其他:道路用地,,,1110302,土地2建物0車位0,,,其他,,,,0.0,0,0,0,有,無,3864000,41895,,0.0,0,畸零地或有合併使用之交易。；,RPQNMLMLLHHGFAW09DA,0.0,0.0,0.0,無,
金沙鎮,土地,沙碧劃段433地號,470.0,都市：其他:農業區,,,1110314,土地1建物0車位0,,,其他,,,,0.0,0,0,0,有,無,1600000,3404,,0.0,0,,RPQNMLSKLHHGFAW96DA,0.0,0.0,0.0,無,
金湖鎮,土地,湖前段392-1地號,2.01,都市：其他:道路用地,,,1110302,土地2建物0車位0,,,其他,,,,0.0,0,0,0,有,無,84000,41791,,0.0,0,畸零地或有合併使用之交易。；,RPPNMLMLLHHGFAW98DA,0.0,0.0,0.0,無,
金城鎮,土地,祥瑞段4地號,188.08,都市：其他:機關用地,,,1110323,土地1建物0車位0,,,其他,,,,0.0,0,0,0,有,無,9558300,50820,,0.0,0,包含公共設施保留地用地；,RPQNMLNLLHHGFAW56DA,0.0,0.0,0.0,無,
金湖鎮,土地,多年段993地號,150.68,都市：其他:農業區,,,1110303,土地1建物0車位0,,,其他,,,,0.0,0,0,0,有,無,300000,1991,,0.0,0,,RPPNMLOLLHHGFAW56DA,0.0,0.0,0.0,無,035
金城鎮,房地(土地+建物),金門縣金城鎮珠浦南路５０巷３弄７號五樓,16.82,都市：其他:第二種住宅區,,,1110310,土地1建物1車位0,五層,五層,華廈(10層含以下有電梯),住家用,鋼筋混凝土造,1040204,53.56,1,1,1,有,有,4070000,75990,,0.0,0,,RPRNMLPLLHHGFAW86DA,33.82,3.2,3.68,有,036
金城鎮,土地,庵前劃測段368地號,216.99,都市：其他:自然村專用區,,,1110324,土地1建物0車位0,,,其他,,,,0.0,0,0,0,有,無,5000000,23043,,0.0,0,,RPSNMLSLLHHGFAW37EA,0.0,0.0,0.0,無,
金湖鎮,土地,新頭段02370053地號,736.35,都市：其他:甲種工業區,,,1110324,土地1建物0車位0,,,其他,,,,0.0,0,0,0,有,無,12000000,16297,,0.0,0,,RPQNMLTLLHHGFAW27EA,0.0,0.0,0.0,無,
金沙鎮,土地,北九劃段1014地號,1000.0,都市：其他:農業區,,,1110317,土地1建物0車位0,,,其他,,,,0.0,0,0,0,有,無,3000000,3000,,0.0,0,,RPRNMLTLLHHGFAW37EA,0.0,0.0,0.0,無,
金寧鄉,房地(土地+建物),金門縣金寧鄉頂堡３０８號五樓,39.63,都市：其他:農業區,,,1110308,土地5建物1車位0,五層,五層,華廈(10層含以下有電梯),住家用,鋼筋混凝土造,1101203,121.44999999999999,3,2,2,有,有,6800000,55990,,0.0,0,,RPSOMLSKLHHGFAW27DA,71.82,0.0,9.92,有,
金寧鄉,房地(土地+建物),金門縣金寧鄉頂堡３０８號二樓,39.63,都市：其他:農業區,,,1110308,土地5建物1車位0,二層,五層,華廈(10層含以下有電梯),住家用,鋼筋混凝土造,1101203,121.44999999999999,3,2,2,有,有,6500000,53520,,0.0,0,,RPXOMLSKLHHGFAW77DA,71.82,0.0,9.92,有,
金城鎮,土地,舊金城段576地號,167.0,都市：其他:農業區,,,1110321,土地1建物0車位0,,,其他,,,,0.0,0,0,0,有,無,270000,1617,,0.0,0,,RPSNMLLLLHHGFAW56DA,0.0,0.0,0.0,無,
金沙鎮,土地,汶沙測段541地號,852.18,都市：其他:自然村專用區,,,1110330,土地2建物0車位0,,,其他,,,,0.0,0,0,0,有,無,8650000,10150,,0.0,0,,RPUNMLKMLHHGFAW76DA,0.0,0.0,0.0,無,
金湖鎮,房地(土地+建物),金門縣金湖鎮林兜３０６號,116.96,都市：其他:自然村專用區,,,1110314,土地2建物1車位0,全,三層,透天厝,住家用,鋼筋混凝土造,1070327,185.67,5,2,4,有,無,13000000,70017,,0.0,0,,RPTNMLSLLHHGFAW37DA,173.75,0.0,11.92,無,037
金寧鄉,房地(土地+建物)+車位,金門縣金寧鄉中堡８之３號三樓,38.56,都市：其他:自然村專用區,,,1110324,土地1建物1車位1,三層,五層,華廈(10層含以下有電梯),住家用,鋼筋混凝土造,1070202,117.71000000000001,3,2,2,有,有,5600000,47575,坡道平面,28.91,0,,RPPNMLKMLHHGFAW88DA,61.28,4.65,5.58,有,
金寧鄉,房地(土地+建物),金門縣金寧鄉頂堡３０６號四樓,27.82,都市：其他:農業區,,,1110308,土地5建物1車位0,四層,五層,華廈(10層含以下有電梯),住家用,鋼筋混凝土造,1101203,85.23,2,2,2,有,有,4800000,56318,,0.0,0,,RPVNMLSKLHHGFAW47DA,53.58,0.0,3.8,有,
金寧鄉,房地(土地+建物)+車位,金門縣金寧鄉頂堡３０８號三樓,39.63,都市：其他:農業區,,,1110308,土地5建物1車位2,三層,五層,華廈(10層含以下有電梯),住家用,鋼筋混凝土造,1101203,133.89999999999998,3,2,2,有,有,6600000,49291,坡道平面,12.44,0,,RPOOMLSKLHHGFAW86DA,71.82,0.0,9.92,有,
金城鎮,房地(土地+建物),金門縣金城鎮庵前５３之５號二樓,70.71,都市：其他:自然村專用區,,,1110304,土地1建物1車位0,二層,三層,公寓(5樓含以下無電梯),住家用,鋼筋混凝土造,1061204,109.14,3,1,2,有,無,6900000,63222,,0.0,0,,RPPNMLOKLHHGFAW09DA,95.13,0.0,5.16,無,
金寧鄉,房地(土地+建物),金門縣金寧鄉頂埔下２３之２號三樓,34.43,都市：其他:自然村專用區,,,1110328,土地2建物1車位0,三層,三層,公寓(5樓含以下無電梯),住家用,鋼筋混凝土造,1021025,77.85,2,1,1,有,無,4400000,56519,,0.0,0,,RPPNMLLMLHHGFAW98DA,63.18,0.0,2.89,無,038
金沙鎮,土地,洋山段893地號,83.0,都市：其他:自然村專用區,,,1110331,土地1建物0車位0,,,其他,,,,0.0,0,0,0,有,無,830000,10000,,0.0,0,,RPTNMLLMLHHGFAW76DA,0.0,0.0,0.0,無,
金沙鎮,土地,汶沙測段217-1地號,528.99,都市：其他:自然村專用區,,,1110329,土地3建物0車位0,,,其他,,,,0.0,0,0,0,有,無,9022342,17056,,0.0,0,未登記建物；,RPQNMLLMLHHGFAW56EA,0.0,0.0,0.0,無,
金沙鎮,土地,洋山段894地號,70.0,都市：其他:自然村專用區,,,1110331,土地1建物0車位0,,,其他,,,,0.0,0,0,0,有,無,700000,10000,,0.0,0,,RPSNMLLMLHHGFAW66DA,0.0,0.0,0.0,無,
金寧鄉,房地(土地+建物)+車位,金門縣金寧鄉頂堡３０８號,39.63,都市：其他:農業區,,,1110308,土地5建物1車位2,一層,五層,華廈(10層含以下有電梯),住家用,鋼筋混凝土造,1101203,133.85,3,2,2,有,有,7000000,52297,坡道平面,12.44,0,,RPPOMLSKLHHGFAW96DA,71.82,0.0,9.92,有,
金寧鄉,房地(土地+建物)+車位,金門縣金寧鄉頂堡３０９號三樓,27.82,都市：其他:農業區,,,1110308,土地5建物1車位1,三層,五層,華廈(10層含以下有電梯),住家用,鋼筋混凝土造,1101203,99.63,2,2,2,有,有,5000000,50186,坡道平面,14.16,0,,RPUOMLSKLHHGFAW47DA,53.74,0.0,3.88,有,
金寧鄉,房地(土地+建物)+車位,金門縣金寧鄉頂堡３０９號四樓,27.82,都市：其他:農業區,,,1110308,土地5建物1車位1,四層,五層,華廈(10層含以下有電梯),住家用,鋼筋混凝土造,1101203,99.63,2,2,2,有,有,4800000,48178,坡道平面,14.16,0,,RPVOMLSKLHHGFAW57DA,53.74,0.0,3.88,有,
金寧鄉,房地(土地+建物),金門縣金寧鄉頂堡３０９號五樓,27.82,都市：其他:農業區,,,1110308,土地5建物1車位0,五層,五層,華廈(10層含以下有電梯),住家用,鋼筋混凝土造,1101203,85.47,2,2,2,有,有,4800000,56160,,0.0,0,,RPWOMLSKLHHGFAW67DA,53.74,0.0,3.88,有,
金寧鄉,房地(土地+建物),金門縣金寧鄉東坑１１之２號三樓,46.09,都市：其他:自然村專用區,,,1110321,土地1建物1車位0,三層,三層,公寓(5樓含以下無電梯),住家用,鋼筋混凝土造,1060123,81.73,3,2,2,有,無,5500000,67295,,0.0,0,,RPTNMLMLLHHGFAW76DA,66.42,0.0,8.76,無,039
金寧鄉,房地(土地+建物),金門縣金寧鄉頂堡３０９號二樓,27.82,都市：其他:農業區,,,1110308,土地5建物1車位0,二層,五層,華廈(10層含以下有電梯),住家用,鋼筋混凝土造,1101203,85.47,2,2,2,有,有,4300000,50310,,0.0,0,,RPTOMLSKLHHGFAW37DA,53.74,0.0,3.88,有,
金寧鄉,房地(土地+建物),金門縣金寧鄉頂堡３０９號,27.82,都市：其他:農業區,,,1110308,土地5建物1車位0,一層,五層,華廈(10層含以下有電梯),住家用,鋼筋混凝土造,1101203,85.58,2,2,2,有,有,5000000,58425,,0.0,0,,RPROMLSKLHHGFAW17DA,53.89,0.0,3.88,有,
金沙鎮,房地(土地+建物),金門縣金沙鎮洋山２０３號,56.59,都市：其他:自然村專用區,,,1110323,土地1建物1車位0,一層,五層,華廈(10層含以下有電梯),住家用,鋼筋混凝土造,1110127,98.98,3,2,2,有,無,5600000,56577,,0.0,0,預售屋、或土地及建物分件登記案件；,RPRNMLLJMHHGFAW98DA,81.53,0.0,0.0,有,
金沙鎮,房地(土地+建物),金門縣金沙鎮洋山２０３號二樓,56.59,都市：其他:自然村專用區,,,1110323,土地1建物1車位0,二層,五層,華廈(10層含以下有電梯),住家用,鋼筋混凝土造,1110127,106.21000000000001,3,2,2,有,無,5150000,48489,,0.0,0,預售屋、或土地及建物分件登記案件；,RPSNMLLJMHHGFAW09DA,81.53,0.0,7.23,有,
金沙鎮,房地(土地+建物),金門縣金沙鎮洋山２０３號四樓,56.59,都市：其他:自然村專用區,,,1110323,土地1建物1車位0,四層,五層,華廈(10層含以下有電梯),住家用,鋼筋混凝土造,1110127,106.21000000000001,3,2,2,有,無,5100000,48018,,0.0,0,預售屋、或土地及建物分件登記案件；,RPTNMLLJMHHGFAW56DA,81.53,0.0,7.23,有,
金沙鎮,房地(土地+建物),金門縣金沙鎮洋山２０３號五樓,56.59,都市：其他:自然村專用區,,,1110323,土地1建物1車位0,五層,五層,華廈(10層含以下有電梯),住家用,鋼筋混凝土造,1110127,106.21000000000001,3,2,2,有,無,5500000,51784,,0.0,0,預售屋、或土地及建物分件登記案件；,RPUNMLLJMHHGFAW66DA,81.53,0.0,7.23,有,
金沙鎮,房地(土地+建物),金門縣金沙鎮洋山２０５號二樓,56.59,都市：其他:自然村專用區,,,1110323,土地1建物1車位0,二層,五層,華廈(10層含以下有電梯),住家用,鋼筋混凝土造,1110127,107.99000000000001,3,2,2,有,無,5250000,48616,,0.0,0,預售屋、或土地及建物分件登記案件；,RPVNMLLJMHHGFAW76DA,83.34,0.0,7.2,有,
金沙鎮,房地(土地+建物),金門縣金沙鎮洋山２０５號三樓,56.59,都市：其他:自然村專用區,,,1110323,土地1建物1車位0,三層,五層,華廈(10層含以下有電梯),住家用,鋼筋混凝土造,1110127,107.99000000000001,3,2,2,有,無,5200000,48153,,0.0,0,預售屋、或土地及建物分件登記案件；,RPWNMLLJMHHGFAW86DA,83.34,0.0,7.2,有,
金沙鎮,房地(土地+建物),金門縣金沙鎮洋山２０７號四樓,61.31,都市：其他:自然村專用區,,,1110323,土地1建物1車位0,四層,五層,華廈(10層含以下有電梯),住家用,鋼筋混凝土造,1110127,116.52,3,2,2,有,無,5350000,45915,,0.0,0,預售屋、或土地及建物分件登記案件；,RPXNMLLJMHHGFAW96DA,91.44,0.0,8.16,有,
金城鎮,房地(土地+建物),金門縣金城鎮大學路５３巷６弄９號二樓,22.15,都市：其他:農業區,,,1110325,土地2建物1車位0,二層,三層,公寓(5樓含以下無電梯),住家用,鋼筋混凝土造,0981222,39.7,1,1,1,有,有,2500000,62972,,0.0,0,,RPRNMLQJMHHGFAW86DA,28.39,0.0,1.66,無,
金沙鎮,土地,沙田劃段66地號,2000.0,都市：其他:保護區,,,1110321,土地2建物0車位0,,,其他,,,,0.0,0,0,0,有,無,6000000,3000,,0.0,0,,RPPNMLNLLHHGFAW09DA,0.0,0.0,0.0,無,
金寧鄉,土地,中山林段377地號,594.43,都市：其他:農業區,,,1110324,土地1建物0車位0,,,其他,,,,0.0,0,0,0,有,無,1095000,1842,,0.0,0,親友、員工、共有人或其他特殊關係間之交易；,RPQNMLSLLHHGFAW07DA,0.0,0.0,0.0,無,040
金湖鎮,房地(土地+建物),金門縣金湖鎮東村１之７號三樓,51.64,都市：其他:自然村專用區,,,1110314,土地1建物1車位0,三層,三層,公寓(5樓含以下無電梯),住家用,鋼筋混凝土造,1040804,94.24,3,2,2,有,無,4200000,44567,,0.0,0,預售屋、或土地及建物分件登記案件；,RPTNMLOKLHHGFAW86DA,80.37,0.0,8.38,無,
金寧鄉,土地,西堡劃測段34地號,1984.1,都市：其他:農業區,,,1110322,土地1建物0車位0,,,其他,,,,0.0,0,0,0,有,無,8000000,4032,,0.0,0,,RPPNMLLKMHHGFAW98EA,0.0,0.0,0.0,無,
金寧鄉,土地,寧湖三劃段807地號,3000.0,都市：其他:農業區,,,1110302,土地3建物0車位0,,,其他,,,,0.0,0,0,0,有,無,23000000,7667,,0.0,0,,RPSNMLSJLHHGFAW07DA,0.0,0.0,0.0,無,
金沙鎮,土地,高陽段5地號,628.23,都市：其他:農業區,,,1110329,土地1建物0車位0,,,其他,,,,0.0,0,0,0,有,無,691000,1100,,0.0,0,,RPQNMLQJMHHGFAW76DA,0.0,0.0,0.0,無,
金城鎮,房地(土地+建物),金門縣金城鎮光前路８７之１號,62.02,都市：其他:道路用地,,,1110312,土地2建物1車位0,全,三層,透天厝,住家用,鋼筋混凝土造,0690215,156.39,5,1,3,有,無,21600000,138116,,0.0,0,,RPXNMLSJMHHGFAW67DA,156.39,0.0,0.0,無,
金寧鄉,房地(土地+建物)+車位,金門縣金寧鄉頂堡３０７號,39.63,都市：其他:農業區,,,1110318,土地5建物1車位3,一層,五層,華廈(10層含以下有電梯),住家用,鋼筋混凝土造,1101203,148.95,3,2,2,有,有,7000000,46996,坡道平面,27.87,0,,RPUNMLLMLHHGFAW86DA,71.66,0.0,9.83,有,
金沙鎮,土地,大山段424地號,1495.22,都市：其他:農業區,,,1110329,土地3建物0車位0,,,其他,,,,0.0,0,0,0,有,無,2000000,1338,,0.0,0,,RPTNMLLKMHHGFAW66DA,0.0,0.0,0.0,無,001
金寧鄉,房地(土地+建物)+車位,金門縣金寧鄉頂堡３０７號四樓,39.63,都市：其他:農業區,,,1110318,土地5建物1車位1,四層,五層,華廈(10層含以下有電梯),住家用,鋼筋混凝土造,1101203,135.35999999999999,3,2,2,有,有,7000000,51714,坡道平面,14.16,0,,RPVNMLLMLHHGFAW96DA,71.66,0.0,9.83,有,
金湖鎮,房地(土地+建物),金門縣金湖鎮塔后３５０號,105.46,都市：其他:自然村專用區,,,1110311,土地2建物1車位0,全,三層,透天厝,住家用,鋼筋混凝土造,0960327,201.75,7,1,4,有,無,11700000,57993,,0.0,0,,RPRNMLOKLHHGFAW66DA,193.25,0.0,8.5,無,
金寧鄉,土地,寧安五劃段148地號,747.33,都市：其他:農業區,,,1110325,土地3建物0車位0,,,其他,,,,0.0,0,0,0,有,無,1080000,1445,,0.0,0,,RPQNMLPLLHHGFAW76DA,0.0,0.0,0.0,無,042
金寧鄉,房地(土地+建物)+車位,金門縣金寧鄉頂堡３０７號三樓,39.63,都市：其他:農業區,,,1110318,土地5建物1車位1,三層,五層,華廈(10層含以下有電梯),住家用,鋼筋混凝土造,1101203,135.35999999999999,3,2,2,有,有,7000000,51714,坡道平面,14.16,0,,RPTNMLSJMHHGFAW37EA,71.66,0.0,9.83,有,
金沙鎮,土地,汶沙測段605-2地號,12.23,都市：其他:第六種住宅區,,,1110302,土地1建物0車位0,,,其他,,,,0.0,0,0,0,有,無,346880,28363,,0.0,0,地清或未辦繼承標售；,RPUNMLNKMHHGFAW07EA,0.0,0.0,0.0,無,
金沙鎮,土地,汶沙測段605-4地號,6.46,都市：其他:第六種住宅區,,,1110302,土地1建物0車位0,,,其他,,,,0.0,0,0,0,有,無,191680,29672,,0.0,0,地清或未辦繼承標售；,RPPNMLPKMHHGFAW76EA,0.0,0.0,0.0,無,
金寧鄉,土地,中三劃測段692地號,702.03,都市：其他:農業區,,,1110331,土地1建物0車位0,,,其他,,,,0.0,0,0,0,有,無,18500000,26352,,0.0,0,,RPROMLLJMHHGFAW09DA,0.0,0.0,0.0,無,043
金寧鄉,房地(土地+建物)+車位,金門縣金寧鄉安岐１３２號二樓,56.01,都市：其他:自然村專用區,,,1110322,土地1建物1車位1,二層,三層,公寓(5樓含以下無電梯),住家用,鋼筋混凝土造,1030829,153.62,3,2,2,有,無,8000000,52077,坡道平面,0.0,0,,RPTNMLMKMHHGFAW76DA,94.41,1.67,14.78,無,044
金城鎮,土地,延平段03240001地號,492.29,都市：其他:農業區,,,1110321,土地1建物0車位0,,,其他,,,,0.0,0,0,0,有,無,4150000,8430,,0.0,0,,RPQNMLSJMHHGFAW96DA,0.0,0.0,0.0,無,
金沙鎮,房地(土地+建物),金門縣金沙鎮陽翟８６號三樓,50.58,都市：其他:自然村專用區,,,1110328,土地1建物1車位0,三層,三層,華廈(10層含以下有電梯),住家用,鋼筋混凝土造,1101124,104.97999999999999,3,2,2,有,無,5950000,56677,,0.0,0,,RPPNMLTLLHHGFAW07DA,81.08,0.0,8.74,有,
金湖鎮,房地(土地+建物),金門縣金湖鎮市港五路１５６號８樓,8.54,都市：其他:第二種商業區,,,1110317,土地1建物1車位0,八層,十層,華廈(10層含以下有電梯),商業用,鋼筋混凝土造,1090408,60.53,1,1,1,有,無,5500000,90864,,0.0,0,,RPWNMLOKMHHGFAW37EA,35.38,4.39,0.0,有,
金湖鎮,房地(土地+建物),金門縣金湖鎮新塘１５１號五樓之２,49.52,都市：其他:自然村專用區,,,1110322,土地1建物1車位0,五層,五層,華廈(10層含以下有電梯),住家用,鋼筋混凝土造,1100723,105.07000000000001,3,2,2,有,無,7700000,73284,,0.0,0,,RPRNMLNLLHHGFAW66DA,80.55,0.0,9.76,有,
金城鎮,房地(土地+建物),金門縣金城鎮前水頭１３９之１號二樓,120.61,都市：其他:自然村專用區,,,1110330,土地2建物2車位0,二層,三層,公寓(5樓含以下無電梯),住家用,鋼筋混凝土造,1010501,206.8,0,0,0,無,無,13900000,67215,,0.0,0,,RPTOMLLJMHHGFAW66DA,166.33,4.4,7.68,無,
金湖鎮,土地,北五劃段239地號,953.01,都市：其他:農業區,,,1110317,土地1建物0車位0,,,其他,,,,0.0,0,0,0,有,無,4850000,5089,,0.0,0,,RPUNMLSKLHHGFAW37DA,0.0,0.0,0.0,無,045
金湖鎮,房地(土地+建物),金門縣金湖鎮環島南路五段６０２號２樓,28.2,都市：其他:自然村專用區,,,1110322,土地1建物1車位0,二層,四層,華廈(10層含以下有電梯),住家用,鋼筋混凝土造,1081129,76.81,2,2,2,有,有,5000000,65096,,0.0,0,,RPSNMLKLMHHGFAW56DA,52.0,0.0,4.76,有,046
金寧鄉,土地,后盤村測段127-1地號,224.11,都市：其他:自然村專用區,,,1110331,土地1建物0車位0,,,其他,,,,0.0,0,0,0,有,無,7880000,35161,,0.0,0,,RPXNMLKLMHHGFAW07DA,0.0,0.0,0.0,無,
金城鎮,房地(土地+建物),金門縣金城鎮光前路８７號,58.61,都市：其他:第二種住宅區,,,1110321,土地1建物1車位0,全,三層,透天厝,住家用,鋼筋混凝土造,0690215,149.82,0,0,0,無,無,22800000,152183,,0.0,0,,RPUNMLTKMHHGFAW67EA,149.82,0.0,0.0,無,
金城鎮,土地,祥和段247地號,10.97,都市：其他:道路用地,,,1110321,土地2建物0車位0,,,其他,,,,0.0,0,0,0,有,無,500000,45579,,0.0,0,,RPWNMLTKMHHGFAW87EA,0.0,0.0,0.0,無,
金湖鎮,土地,湖后劃段263地號,1000.0,都市：其他:農業區,,,1110318,土地1建物0車位0,,,其他,,,,0.0,0,0,0,有,無,3890000,3890,,0.0,0,,RPUNMLMKMHHGFAW86DA,0.0,0.0,0.0,無,
金沙鎮,土地,官嶼劃段923地號,1000.0,都市：其他:農業區,,,1110325,土地1建物0車位0,,,其他,,,,0.0,0,0,0,有,無,3250000,3250,,0.0,0,,RPPNMLTKMHHGFAW07DA,0.0,0.0,0.0,無,
金沙鎮,土地,官澳測段676地號,260.97,都市：其他:自然村專用區,,,1110331,土地1建物0車位0,,,其他,,,,0.0,0,0,0,有,無,2620000,10039,,0.0,0,,RPWNMLKLMHHGFAW96DA,0.0,0.0,0.0,無,
金寧鄉,房地(土地+建物)+車位,金門縣金寧鄉湖下２１１－８號,32.17,都市：其他:自然村專用區,,,1110331,土地1建物1車位1,一層,五層,華廈(10層含以下有電梯),住家用,鋼筋混凝土造,1091223,71.96,2,2,1,有,有,5700000,79211,其他,0.0,0,,RPPNMLMLMHHGFAW09DA,58.36,0.0,0.0,有,
金湖鎮,土地,新頭段233地號,481.61,都市：其他:保護區,,,1110330,土地1建物0車位0,,,其他,,,,0.0,0,0,0,有,無,1800000,3737,,0.0,0,,RPPNMLPLMHHGFAW86EA,0.0,0.0,0.0,無,
金寧鄉,房地(土地+建物),金門縣金寧鄉環島西路二段５５１巷１００弄９０之１號,472.83,都市：其他:農業區,,,1110328,土地5建物1車位0,全,三層,透天厝,農業用,鋼筋混凝土造,1040106,206.81,8,1,8,有,無,12286141,59408,,0.0,0,土地增值稅286141元由買方支付含土地增值稅或其他稅費286141元；,RPRNMLTKMHHGFAW27DA,177.43,0.0,29.38,無,
金城鎮,房地(土地+建物),金門縣金城鎮庵前４３之５號三樓,24.27,都市：其他:自然村專用區,,,1110325,土地1建物1車位0,三層,三層,公寓(5樓含以下無電梯),住家用,鋼筋混凝土造,1050108,47.74,1,1,1,有,無,3200000,67030,,0.0,0,交易價格包含庵前劃測段190建號之價格,RPPNMLPLLHHGFAW66DA,41.06,0.0,3.18,無,
金城鎮,土地,烏土段262地號,794.45,都市：其他:農業區,,,1110318,土地1建物0車位0,,,其他,,,,0.0,0,0,0,有,無,4000000,5035,,0.0,0,,RPXNMLLLLHHGFAW07DA,0.0,0.0,0.0,無,
金湖鎮,房地(土地+建物)+車位,金門縣金湖鎮市港三路１３５號三樓,20.67,都市：其他:第五種住宅區,,,1110329,土地1建物1車位2,三層,七層,華廈(10層含以下有電梯),住家用,鋼筋混凝土造,1050617,108.26,2,2,1,有,無,6500000,60041,升降機械,17.98,0,預售屋、或土地及建物分件登記案件；,RPUNMLPKMHHGFAW17DA,55.92,4.79,3.8,有,
金寧鄉,房地(土地+建物),金門縣金寧鄉下后垵３６號,609.24,都市：其他:農業區,,,1110330,土地4建物1車位0,全,三層,透天厝,農業用,鋼筋混凝土造,1060123,199.42,6,2,5,有,無,12500000,62682,,0.0,0,,RPUNMLTJNHHGFAW57DA,196.8,0.0,2.62,無,
金城鎮,房地(土地+建物)+車位,金門縣金城鎮民權路２２６巷２弄１２號五樓之７,23.19,都市：其他:第三種住宅區。,,,1110315,土地2建物1車位1,五層,十一層,其他,住家用,鋼筋混凝土造,1051104,182.22,3,2,2,有,有,10880000,65417,坡道平面,31.19,1000000,,RPPNMLRKLHHGFAW76DA,80.89,0.0,8.13,有,
金湖鎮,房地(土地+建物),金門縣金湖鎮安民５９號三樓之２,62.97,都市：其他:自然村專用區,,,1110325,土地1建物1車位0,三層,四層,華廈(10層含以下有電梯),住家用,鋼筋混凝土造,1101021,114.58,3,2,2,有,有,7972000,69576,,0.0,0,,RPRNMLNLNHHGFAW96EA,79.02,0.0,18.93,有,
金湖鎮,房地(土地+建物),金門縣金湖鎮安民５９號一樓之２,62.97,都市：其他:自然村專用區,,,1110320,土地1建物1車位0,一層,四層,華廈(10層含以下有電梯),住家用,鋼筋混凝土造,1101021,108.71,3,2,2,有,有,7560000,69543,,0.0,0,,RPSNMLNLNHHGFAW07EA,73.0,0.0,19.08,有,
金寧鄉,土地,寧湖一劃段395地號,1000.0,都市：其他:自然村專用區,,,1110331,土地1建物0車位0,,,其他,,,,0.0,0,0,0,有,無,68000000,68000,,0.0,0,,RPRNMLLMLHHGFAW56DA,0.0,0.0,0.0,無,
金寧鄉,土地,寧北一劃段145地號,1300.0,都市：其他:國家公園區,,,1110225,土地2建物0車位0,,,其他,,,,0.0,0,0,0,有,無,2700000,2077,,0.0,0,,RPPNMLPLKHHGFAW56DA,0.0,0.0,0.0,無,
金湖鎮,房地(土地+建物),金門縣金湖鎮市港五路１５１號六樓之８,13.38,都市：其他:第五種住宅區,,,1110220,土地1建物1車位0,六層,九層,華廈(10層含以下有電梯),住家用,鋼筋混凝土造,1051123,85.89,2,1,1,有,有,5200000,60543,,0.0,0,,RPVNMLSJLHHGFAW37DA,49.53,4.08,4.7,有,047
金湖鎮,房地(土地+建物),金門縣金湖鎮東村１之６號三樓,51.09,都市：其他:自然村專用區,,,1110208,土地1建物1車位0,三層,三層,公寓(5樓含以下無電梯),住家用,鋼筋混凝土造,1040804,93.17,3,2,2,有,無,4200000,45079,,0.0,0,預售屋、或土地及建物分件登記案件；,RPUNMLSJKHHGFAW17DA,80.96,0.0,6.79,無,
金城鎮,土地,金門城測段713地號,273.61,都市：其他:自然村專用區,,,1110215,土地1建物0車位0,,,其他,,,,0.0,0,0,0,有,無,7400000,27046,,0.0,0,,RPPNMLQKKHHGFAW56DA,0.0,0.0,0.0,無,
金寧鄉,土地,寧湖二劃測段331-1地號,651.88,都市：其他:農業區,,,1110218,土地2建物0車位0,,,其他,,,,0.0,0,0,0,有,無,7380000,11321,,0.0,0,,RPPNMLLLKHHGFAW78DA,0.0,0.0,0.0,無,034
金寧鄉,房地(土地+建物)+車位,金門縣金寧鄉頂堡３０７號五樓,39.63,都市：其他:農業區,,,1110216,土地5建物1車位1,五層,五層,華廈(10層含以下有電梯),住家用,鋼筋混凝土造,1101203,142.81,3,2,2,有,有,7000000,49016,坡道平面,21.61,0,,RPRNMLMJLHHGFAW98DA,71.66,0.0,9.83,有,
金寧鄉,房地(土地+建物),金門縣金寧鄉東坑２６號,133.07,都市：其他:自然村專用區,,,1110222,土地1建物1車位0,全,三層,透天厝,住家用,鋼筋混凝土造,1101202,252.45,6,2,7,有,無,13770000,54545,,0.0,0,,RPPNMLPKLHHGFAW66EA,235.19,0.0,17.26,有,
金沙鎮,房地(土地+建物),金門縣金沙鎮陽翟８６號,46.4,都市：其他:自然村專用區,,,1110224,土地1建物1車位0,一層,三層,華廈(10層含以下有電梯),住家用,鋼筋混凝土造,1101124,94.99,3,2,2,有,無,6150000,64744,,0.0,0,,RPRNMLOLKHHGFAW66DA,81.08,0.0,0.0,有,
金湖鎮,房地(土地+建物),金門縣金湖鎮東村１之６號二樓,51.09,都市：其他:自然村專用區,,,1110217,土地1建物1車位0,二層,三層,公寓(5樓含以下無電梯),住家用,鋼筋混凝土造,1040804,93.17,3,2,2,有,無,4300000,46152,,0.0,0,預售屋、或土地及建物分件登記案件；,RPUNMLSKKHHGFAW27DA,80.96,0.0,6.79,無,
金寧鄉,土地,寧湖三劃段855-7地號,1060.02,都市：其他:農業區,,,1110210,土地2建物0車位0,,,其他,,,,0.0,0,0,0,有,無,9500000,8962,,0.0,0,,RPSNMLRJLHHGFAW96DA,0.0,0.0,0.0,無,
金寧鄉,土地,寧山段943地號,420.77,都市：其他:自然村專用區,,,1110210,土地1建物0車位0,,,其他,,,,0.0,0,0,0,有,無,15500000,36837,,0.0,0,,RPPNMLKKKHHGFAW58DA,0.0,0.0,0.0,無,
金湖鎮,房地(土地+建物),金門縣金湖鎮市港三路２２５號４樓之１,12.17,都市：其他:第五種住宅區,,,1110220,土地1建物1車位0,四層,八層,華廈(10層含以下有電梯),住家用,鋼筋混凝土造,1041125,66.08,1,1,1,有,有,4380000,66283,,0.0,0,夾層；,RPSNMLMLLHHGFAW66DA,36.64,0.0,4.65,有,049
金湖鎮,土地,南雄段671地號,482.35,都市：其他:第一種商業區,,,1110216,土地1建物0車位0,,,其他,,,,0.0,0,0,0,有,無,14470500,30000,,0.0,0,,RPWNMLKMLHHGFAW96DA,0.0,0.0,0.0,無,050
金湖鎮,房地(土地+建物),金門縣金湖鎮安民５９號四樓之２,62.97,都市：其他:自然村專用區,,,1110225,土地1建物1車位0,四層,四層,華廈(10層含以下有電梯),住家用,鋼筋混凝土造,1101021,114.58,3,2,2,有,有,7972000,69576,,0.0,0,,RPPOMLLJMHHGFAW98EA,79.02,0.0,18.93,有,
金湖鎮,房地(土地+建物),金門縣金湖鎮安民５９號一樓之１,63.07,都市：其他:自然村專用區,,,1110225,土地1建物1車位0,一層,四層,華廈(10層含以下有電梯),住家用,鋼筋混凝土造,1101021,119.05,3,2,2,有,有,8280000,69551,,0.0,0,,RPQOMLLJMHHGFAW09EA,80.87,0.0,21.52,有,
金寧鄉,房地(土地+建物)+車位,金門縣金寧鄉西山５６號二樓,41.87,都市：其他:農業區,,,1110207,土地2建物1車位4,二層,四層,華廈(10層含以下有電梯),住家用,鋼筋混凝土造,1100319,165.57999999999998,2,2,1,有,無,6420000,55355,一樓平面,71.28,1200000,,RPPNMLSJKHHGFAW66DA,64.06,0.0,7.96,有,
金湖鎮,房地(土地+建物),金門縣金湖鎮市港五路１５６號３樓,8.54,都市：其他:第二種商業區,,,1110224,土地1建物1車位0,三層,十層,華廈(10層含以下有電梯),商業用,鋼筋混凝土造,1090408,60.53,1,1,1,有,無,5090000,84091,,0.0,0,,RPVNMLOKMHHGFAW27EA,35.38,4.39,0.0,有,
金湖鎮,房地(土地+建物),金門縣金湖鎮市港五路１６２號３樓,7.91,都市：其他:第二種商業區,,,1110210,土地1建物1車位0,三層,十層,華廈(10層含以下有電梯),商業用,鋼筋混凝土造,1090408,56.22,1,1,1,有,無,4820000,85735,,0.0,0,,RPTNMLOKMHHGFAW07EA,32.9,4.07,0.0,有,
金城鎮,土地,賢厝段739地號,1426.0,都市：其他:農業區,,,1110218,土地2建物0車位0,,,其他,,,,0.0,0,0,0,有,無,8627200,6050,,0.0,0,含仲介費170000元；含地政士服務費25000元；,RPUNMLSKMHHGFAW57EA,0.0,0.0,0.0,無,
金城鎮,土地,庵前劃測段365地號,367.91,都市：其他:自然村專用區,,,1110216,土地1建物0車位0,,,其他,,,,0.0,0,0,0,有,無,13000000,35335,,0.0,0,未登記建物；,RPOOMLSKMHHGFAW96DA,0.0,0.0,0.0,無,
金湖鎮,房地(土地+建物),金門縣金湖鎮市港五路１６６之１號３樓,7.62,都市：其他:第二種商業區,,,1110209,土地1建物1車位0,三層,十層,華廈(10層含以下有電梯),商業用,鋼筋混凝土造,1090408,53.67,1,1,1,有,無,4480000,83473,,0.0,0,,RPSNMLSLMHHGFAW47EA,29.14,0.98,5.01,有,
金城鎮,土地,賢厝段658地號,733.0,都市：其他:農業區,,,1110217,土地1建物0車位0,,,其他,,,,0.0,0,0,0,有,無,1250000,1705,,0.0,0,,RPXNMLPLMHHGFAW57DA,0.0,0.0,0.0,無,
金城鎮,房地(土地+建物),金門縣金城鎮金門城１０３之５號,65.22,都市：其他:自然村專用區,,,1110222,土地1建物1車位0,一層,三層,華廈(10層含以下有電梯),住家用,鋼筋混凝土造,1100721,94.10000000000001,3,1,2,有,無,5800000,61637,,0.0,0,,RPRNMLSLLHHGFAW17DA,75.84,0.0,0.0,有,
金寧鄉,房地(土地+建物),金門縣金寧鄉環島西路二段７０９巷２２８號二樓,45.22,都市：其他:自然村專用區,,,1110224,土地1建物1車位0,二層,五層,華廈(10層含以下有電梯),住家用,鋼筋混凝土造,1100430,96.0,3,2,2,有,無,5350000,55729,,0.0,0,親友、員工、共有人或其他特殊關係間之交易；,RPPNMLTKNHHGFAW17DA,73.55,0.0,8.22,有,
金寧鄉,房地(土地+建物),金門縣金寧鄉東堡５１號,120.3,都市：其他:自然村專用區,,,1110219,土地4建物1車位0,全,三層,透天厝,住家用,鋼筋混凝土造,1061127,163.58,4,2,3,有,無,11880000,72625,,0.0,0,預售屋、或土地及建物分件登記案件；,RPSNMLQKNHHGFAW17DA,146.53,2.75,14.3,無,
金沙鎮,土地,高坑劃測段771地號,1100.01,都市：其他:農業區,,,1110103,土地1建物0車位0,,,其他,,,,0.0,0,0,0,有,無,2900000,2636,,0.0,0,,RPPNMLNJJHHGFAW68DA,0.0,0.0,0.0,無,
金寧鄉,土地,寧湖二劃測段1538-1地號,840.71,都市：其他:農業區,,,1110126,土地3建物0車位0,,,其他,,,,0.0,0,0,0,有,無,5000000,5947,,0.0,0,包含公共設施保留地用地；,RPRNMLMKLHHGFAW09DA,0.0,0.0,0.0,無,051
金湖鎮,房地(土地+建物),金門縣金湖鎮塔后２２１號,50.67,都市：其他:自然村專用區,,,1110112,土地1建物1車位0,全,二層,透天厝,住家用,鋼筋混凝土加強磚造,0840908,101.02,3,1,2,有,無,7000000,69293,,0.0,0,,RPWNMLOKLHHGFAW17DA,93.04,3.99,3.99,無,
金城鎮,土地,小西門劃測段2175地號,687.27,都市：其他:自然村專用區,,,1110124,土地1建物0車位0,,,其他,,,,0.0,0,0,0,有,無,17200000,25027,,0.0,0,,RPPNMLOLKHHGFAW09DA,0.0,0.0,0.0,無,052
金湖鎮,房地(土地+建物),金門縣金湖鎮市港五路１５８之１號５樓,8.2,都市：其他:第二種商業區,,,1110121,土地1建物1車位0,五層,十層,華廈(10層含以下有電梯),商業用,鋼筋混凝土造,1090408,57.67,1,1,1,有,無,5200000,90168,,0.0,0,,RPVNMLPKLHHGFAW27EA,31.71,1.11,4.91,有,
金城鎮,房地(土地+建物),金門縣金城鎮民權路２２６巷４弄６號二樓,30.56,都市：其他:第三種住宅區。,,,1110119,土地1建物1車位0,二層,七層,華廈(10層含以下有電梯),住家用,鋼筋混凝土造,1020319,114.12,3,1,2,有,有,8500000,74483,,0.0,0,,RPPNMLLLLHHGFAW98EA,83.96,0.0,10.56,有,053
金城鎮,土地,烏土段390地號,737.0,都市：其他:農業區,,,1110117,土地1建物0車位0,,,其他,,,,0.0,0,0,0,有,無,6380000,8657,,0.0,0,,RPOOMLLLLHHGFAW88DA,0.0,0.0,0.0,無,
金寧鄉,房地(土地+建物),金門縣金寧鄉昔果山５７號,36.41,都市：其他:自然村專用區,,,1110128,土地1建物1車位0,一層,三層,公寓(5樓含以下無電梯),住家用,鋼筋混凝土造,1021025,62.650000000000006,2,1,1,有,無,4300000,68635,,0.0,0,,RPQNMLSLJHHGFAW86DA,57.74,0.0,0.0,無,
金湖鎮,房地(土地+建物),金門縣金湖鎮塔后２２２號,50.76,都市：其他:自然村專用區,,,1110112,土地1建物1車位0,全,二層,透天厝,住家用,鋼筋混凝土加強磚造,0840908,101.3,3,1,2,有,無,7000000,69102,,0.0,0,,RPVNMLPLMHHGFAW37DA,93.28,4.01,4.01,無,
金沙鎮,土地,沙溪一劃段544地號,2699.2,都市：其他:國家公園區,,,1110105,土地4建物0車位0,,,其他,,,,0.0,0,0,0,有,無,5500000,2038,,0.0,0,親友、員工、共有人或其他特殊關係間之交易；,RPRNMLSLMHHGFAW27DA,0.0,0.0,0.0,無,
金城鎮,土地,古塔段421地號,3598.31,都市：其他:農業區,,,1101230,土地12建物0車位0,,,其他,,,,0.0,0,0,0,有,無,7200000,2001,,0.0,0,,RPRNMLRLJHHGFAW86DA,0.0,0.0,0.0,無,
金湖鎮,房地(土地+建物),金門縣金湖鎮市港五路１６２號２樓,7.91,都市：其他:第二種商業區,,,1101214,土地1建物1車位0,二層,十層,華廈(10層含以下有電梯),商業用,鋼筋混凝土造,1090408,56.22,1,1,1,有,有,4680000,83244,,0.0,0,,RPPNMLQKKIGGFAW56DA,32.9,4.07,0.0,有,
金湖鎮,土地,市港段36地號,123.41,都市：其他:第五種住宅區,,,1101220,土地1建物0車位0,,,其他,,,,0.0,0,0,0,有,無,11000000,89134,,0.0,0,,RPSNMLPKLHHGFAW96EA,0.0,0.0,0.0,無,
金湖鎮,房地(土地+建物),金門縣金湖鎮市港三路１３７之１號六樓,13.87,都市：其他:第五種住宅區,,,1101215,土地1建物1車位0,六層,七層,華廈(10層含以下有電梯),住家用,鋼筋混凝土造,1050617,72.59,2,1,1,有,無,5000000,68880,,0.0,0,預售屋、或土地及建物分件登記案件；,RPWNMLNLKIGGFAW07DA,41.78,3.44,6.76,有,
金寧鄉,房地(土地+建物),金門縣金寧鄉東堡５２號,131.16,都市：其他:自然村專用區,,,1101204,土地4建物1車位0,全,三層,透天厝,住家用,鋼筋混凝土造,1061127,163.69,4,2,3,有,無,11760000,71843,,0.0,0,預售屋、或土地及建物分件登記案件；,RPRNMLKLMHHGFAW09DA,146.53,2.75,14.41,無,
金寧鄉,土地,古寧頭測段837地號,72.22,都市：其他:國家公園區,,,1101018,土地1建物0車位0,,,其他,,,,0.0,0,0,0,有,無,938795,12999,,0.0,0,國有財產法第52條之1第1項第3款規定按當年度市場價格計價政府機關標讓售；,RPQNMLOLKIGGFAW56DA,0.0,0.0,0.0,無,
金湖鎮,房地(土地+建物),金門縣金湖鎮新塘１５號１樓之５,46.97,都市：其他:自然村專用區,,,1081125,土地2建物1車位0,一層,五層,華廈(10層含以下有電梯),住家用,鋼筋混凝土造,1100127,96.36,3,1,2,有,有,5033251,52234,,0.0,0,,RPUNMLRLMHHGFAW47DA,76.09,0.0,6.04,有,
