﻿編號,屋齡,建物移轉面積平方公尺,主要用途,主要建材,建築完成日期,總層數,建物分層
The serial number,room age,building shifting area square meter,the main use,main building materials,construction completes the date,total layer,building lamination
RPQNMLPJNHHGFAW76DA,,83.34,集合住宅,鋼筋混凝土造,111年1月27日,五層,一層
RPQNMLPJNHHGFAW76DA,,17.45,集合住宅：本共有部分計有無障礙電梯、梯廳、機械室、電梯機械室等４項。,鋼筋混凝土造,111年1月27日,五層,
RPRNMLNKNHHGFAW76DA,1,85.94,集合住宅,鋼筋混凝土造,110年6月11日,五層,五層 陽台
RPRNMLNKNHHGFAW76DA,1,20.38,集合住宅：本共有部分項目有電訊室、機電空間、梯廳、門廳等４項。,鋼筋混凝土造,110年6月11日,五層,
RPRNMLKLNHHGFAW56DA,5,73.32,集合住宅,鋼筋混凝土造,106年3月3日,三層,三層 陽台
RPRNMLKLNHHGFAW56DA,5,51.19,共有部分：本共有部分之項目計有車道、台電機房、發電機室、電信機房、消防水池、消防泵浦室、水箱、停車空間、梯間等９項。,鋼筋混凝土造,106年3月3日,三層,
RPUNMLQKNHHGFAW37DA,1,64.43,集合住宅,鋼筋混凝土造,110年10月18日,五層,四層 陽台
RPUNMLQKNHHGFAW37DA,1,13.27,集合住宅、本共有部分之項目計有無障礙昇降機、梯廳、水塔、機械間等４項。,鋼筋混凝土造,110年10月18日,五層,
RPSNMLOJNHHGFAW86DA,1,45.67,集合住宅,鋼筋混凝土造,110年1月27日,五層,四層 陽台
RPSNMLOJNHHGFAW86DA,1,7.90,集合住宅：本共有部分有電信室、梯廳、坡道、無障礙電梯、電梯坑道、電梯機房等計６項。,鋼筋混凝土造,110年1月27日,五層,
RPQNMLRKNHHGFAW17EA,1,57.82,集合住宅,鋼筋混凝土造,109年12月23日,五層,一層
RPQNMLRKNHHGFAW17EA,1,13.46,集合住宅：本共有部分之項目計有安全梯、梯廳、梯坑、無障礙通路、電信機房、樓梯間、水箱等七項。,鋼筋混凝土造,109年12月23日,五層,
RPPNMLOLNHHGFAW86EA,5,63.42,集合住宅,鋼筋混凝土造,106年8月17日,三層,三層 陽台
RPPNMLOLNHHGFAW86EA,5,13.55,共有部分：本共有部分之項目有樓梯間及水箱等２項。,鋼筋混凝土造,106年8月17日,三層,
RPSNMLTJNHHGFAW37DA,,89.82,集合住宅,鋼筋混凝土造,110年11月24日,三層,二層 陽台
RPSNMLTJNHHGFAW37DA,,15.16,集合住宅：本共有部分項目有樓梯間、電梯、水箱房等３項。,鋼筋混凝土造,110年11月24日,三層,
RPQNMLMKNHHGFAW56DA,1,81.18,集合住宅,鋼筋混凝土造,110年4月29日,五層,五層 陽台
RPQNMLMKNHHGFAW56DA,1,13.82,店鋪、集合住宅、共有部分之項目有梯廳、十人份無障礙電梯（防煙）、機道、水箱、機械房等５項。,鋼筋混凝土造,110年4月29日,五層,
RPTNMLSKNHHGFAW47DA,13,200.97,住家用,鋼筋混凝土造,98年8月20日,三層,一層 二層 三層 陽台 雨遮
RPRNMLPLNHHGFAW17EA,,57.38,集合住宅,鋼筋混凝土造,110年12月3日,五層,三層 陽台
RPRNMLPLNHHGFAW17EA,,17.15,集合住宅：本共有部分之項目計有受電室、泵浦機房、發電機房、梯廳、電信機房、水箱機房、管委會辦公室、消防機房、機房等９項。,鋼筋混凝土造,110年12月3日,五層,
RPRNMLPLNHHGFAW17EA,,26.13,集合住宅：本共有部分之項目計有迴車空間、雨水儲集設施兼消防水池、無障礙通路、受電箱、停車位等５項。,鋼筋混凝土造,110年12月3日,五層,
RPPNMLRLNHHGFAW07DA,60,88.92,住家用,鋼筋混凝土加強磚造,51年8月10日,三層,一層 二層 三層 陽台 平台
RPQNMLLJOHHGFAW09DA,7,40.20,集合住宅,鋼筋混凝土造,104年4月29日,三層,三層 陽台 雨遮
RPQNMLLJOHHGFAW09DA,7,13.20,共有部分：本共有部分之項目計有機房空間、樓梯間、電梯、雨遮、走廊等五項。,鋼筋混凝土造,104年4月29日,三層,
RPQNMLLJOHHGFAW09DA,7,39.78,共有部分：本共有部分之項目計有停車空間一項。,鋼筋混凝土造,104年4月29日,三層,
RPRNMLRJOHHGFAW17DA,2,213.78,Ｈ２－住宅,鋼筋混凝土造,108年11月15日,三層,一層 二層 三層 陽台 屋頂突出物
RPROMLNKMHHGFAW76DA,45,104.20,住家用,鋼筋混凝土造,66年8月15日,二層,一層 二層
RPSNMLPKMHHGFAW07EA,1,64.03,集合住宅,鋼筋混凝土造,109年12月23日,五層,四層 陽台
RPSNMLPKMHHGFAW07EA,1,13.60,集合住宅：本共有部分之項目計有安全梯、梯廳、梯坑、無障礙通路、電信機房、樓梯間、水箱等七項。,鋼筋混凝土造,109年12月23日,五層,
RPQNMLMKMHHGFAW09DA,7,24.34,集合住宅,鋼筋混凝土造,103年10月16日,三層,二層 陽台
RPQNMLMKMHHGFAW09DA,7,3.74,共有部分：本共有部分之項目計有樓梯間、走廊等二項。,鋼筋混凝土造,103年10月16日,三層,
RPPNMLQJMHHGFAW66DA,13,88.81,集合住宅,鋼筋混凝土造,97年12月11日,五層,五層 陽台
RPPNMLQJMHHGFAW66DA,13,9.56,梯間、水箱,鋼筋混凝土造,97年12月11日,五層,
RPUOMLNKMHHGFAW07DA,27,195.86,住家用,鋼筋混凝土造,84年6月26日,三層,一層 二層 三層 陽台 露台
RPRNMLMLMHHGFAW76EA,86,73.25,住家用,加強磚造,25年6月10日,一層,一層 陽台
RPRNMLOKMHHGFAW76DA,,64.43,集合住宅,鋼筋混凝土造,110年10月18日,五層,一層 陽台
RPRNMLOKMHHGFAW76DA,,13.27,集合住宅、本共有部分之項目計有無障礙昇降機、梯廳、水塔、機械間等４項。,鋼筋混凝土造,110年10月18日,五層,
RPROMLSKMHHGFAW27DA,6,172.61,農舍,鋼筋混凝土造,105年3月11日,一層,一層 屋頂突出物
RPPNMLKLMHHGFAW88DA,6,51.98,集合住宅,鋼筋混凝土造,105年6月17日,七層,三層 陽台 雨遮
RPPNMLKLMHHGFAW88DA,6,20.59,共有部分：本共有部分之項目有梯間、防空避難室兼停車空間、消防水池、機電消防室、台電配電室、雨遮、汽車升降機房、汽車昇降道、清水池、電信室、車道、外廊、水錶室、水箱、電梯機房等１５項。,鋼筋混凝土造,105年6月17日,七層,
RPSNMLQLMHHGFAW17DA,8,83.13,集合住宅,鋼筋混凝土造,103年9月24日,三層,三層 陽台
RPSNMLQLMHHGFAW17DA,8,11.88,共有部分：本共有部分之項目有樓梯間一項。,鋼筋混凝土造,103年9月24日,三層,
RPPOMLSKMHHGFAW07DA,6,25.92,集合住宅,鋼筋混凝土造,105年1月26日,三層,三層 陽台
RPPOMLSKMHHGFAW07DA,6,9.04,共有部分：本共有部分之項目有車道、停車空間、消防蓄水池、蓄水箱、消防機械室、發電機室、樓梯間、電梯廳、管理室、電信室、玄關、大廳及陽台等１３項。,鋼筋混凝土造,105年1月26日,三層,
RPUNMLSLMHHGFAW57DA,1,64.43,集合住宅,鋼筋混凝土造,110年10月18日,五層,五層 陽台
RPUNMLSLMHHGFAW57DA,1,13.27,集合住宅、本共有部分之項目計有無障礙昇降機、梯廳、水塔、機械間等４項。,鋼筋混凝土造,110年10月18日,五層,
RPQNMLLLMHHGFAW09DA,2,71.43,集合住宅,鋼筋混凝土造,109年5月29日,五層,一層 陽台
RPQNMLLLMHHGFAW09DA,2,24.43,集合住宅：本共有部分之項目計有樓梯間、水箱等二項。,鋼筋混凝土造,109年5月29日,五層,
RPTNMLNJNHHGFAW86DA,,90.54,集合住宅,鋼筋混凝土造,111年1月27日,五層,四層 陽台
RPTNMLNJNHHGFAW86DA,,17.45,集合住宅：本共有部分計有無障礙電梯、梯廳、機械室、電梯機械室等４項。,鋼筋混凝土造,111年1月27日,五層,
RPUNMLQLMHHGFAW37DA,,57.38,集合住宅,鋼筋混凝土造,110年12月3日,五層,二層 陽台
RPUNMLQLMHHGFAW37DA,,17.15,集合住宅：本共有部分之項目計有受電室、泵浦機房、發電機房、梯廳、電信機房、水箱機房、管委會辦公室、消防機房、機房等９項。,鋼筋混凝土造,110年12月3日,五層,
RPUNMLQLMHHGFAW37DA,,10.70,集合住宅：本共有部分之項目計有迴車空間、雨水儲集設施兼消防水池、無障礙通路、受電箱、停車位等５項。,鋼筋混凝土造,110年12月3日,五層,
RPVNMLTLMHHGFAW77DA,,100.43,集合住宅,鋼筋混凝土造,110年10月21日,四層,三層 陽台
RPVNMLTLMHHGFAW77DA,,14.77,集合住宅、本共有部分之項目有梯廳、１２人份無障礙電梯、無障礙安全梯、電信室、梯間及機房等６項。,鋼筋混凝土造,110年10月21日,四層,
RPUNMLNJNHHGFAW96DA,,99.60,集合住宅,鋼筋混凝土造,111年1月27日,五層,四層 陽台
RPUNMLNJNHHGFAW96DA,,16.92,集合住宅：本共有部分之項目計有無障礙電梯、梯廳、樓梯間、電梯機械室等４項。,鋼筋混凝土造,111年1月27日,五層,
RPRNMLMJNHHGFAW56DA,7,108.12,住家用,鋼筋混凝土造,104年8月19日,一層,一層 屋頂突出物
RPVNMLTJNHHGFAW67DA,3,81.70,集合住宅,鋼筋混凝土造,107年12月10日,五層,五層 陽台
RPVNMLTJNHHGFAW67DA,3,17.27,共有部分：本共有部分之項目有梯間及無障礙電梯等２項。,鋼筋混凝土造,107年12月10日,五層,
RPTNMLOJNHHGFAW96DA,,81.49,集合住宅,鋼筋混凝土造,110年12月3日,五層,二層 陽台
RPTNMLOJNHHGFAW96DA,,24.45,集合住宅：本共有部分之項目計有受電室、泵浦機房、發電機房、梯廳、電信機房、水箱機房、管委會辦公室、消防機房、機房等９項。,鋼筋混凝土造,110年12月3日,五層,
RPTNMLOJNHHGFAW96DA,,30.68,集合住宅：本共有部分之項目計有迴車空間、雨水儲集設施兼消防水池、無障礙通路、受電箱、停車位等５項。,鋼筋混凝土造,110年12月3日,五層,
RPUNMLLKMHHGFAW76DA,1,45.67,集合住宅,鋼筋混凝土造,110年1月27日,五層,二層 陽台
RPUNMLLKMHHGFAW76DA,1,7.90,集合住宅：本共有部分有電信室、梯廳、坡道、無障礙電梯、電梯坑道、電梯機房等計６項。,鋼筋混凝土造,110年1月27日,五層,
RPRNMLMKNHHGFAW66DA,2,46.73,集合住宅,鋼筋混凝土造,109年6月12日,四層,一層
RPRNMLMKNHHGFAW66DA,2,13.48,集合住宅：本共有部分之項目計有無障礙電梯、梯廳、樓梯間、水塔間等４項。,鋼筋混凝土造,109年6月12日,四層,
RPSNMLPLMHHGFAW07DA,1,86.10,集合住宅,鋼筋混凝土造,110年6月11日,五層,三層 陽台
RPSNMLPLMHHGFAW07DA,1,20.38,集合住宅：本共有部分項目有電訊室、機電空間、梯廳、門廳等４項。,鋼筋混凝土造,110年6月11日,五層,
RPRNMLSKNHHGFAW27DA,11,31.02,集合住宅,鋼筋混凝土造,99年11月8日,四層,四層 陽台 雨遮
RPRNMLSKNHHGFAW27DA,11,4.86,共有部分，本共有部分之項目有樓梯間、雨遮等２項,鋼筋混凝土造,99年11月8日,四層,
RPSNMLOKMHHGFAW86DA,6,39.37,集合住宅,鋼筋混凝土造,104年11月25日,八層,六層 陽台 雨遮
RPSNMLOKMHHGFAW86DA,6,22.36,共有部分：本共有部分項目有：管委會空間、電樓梯間、梯廳、車道、走廊、防空避難室兼停車空間、受電箱、台電配電場所、電信機房、蓄水池、汙水處理機房、消防泵浦室、水箱等十三項。,鋼筋混凝土造,104年11月25日,八層,
RPSNMLNKNHHGFAW86DA,7,58.31,集合住宅,鋼筋混凝土造,104年4月29日,三層,二層 陽台 雨遮
RPSNMLNKNHHGFAW86DA,7,19.14,共有部分：本共有部分之項目計有機房空間、樓梯間、電梯、雨遮、走廊等五項。,鋼筋混凝土造,104年4月29日,三層,
RPQNMLKLNHHGFAW09DA,8,82.48,集合住宅,鋼筋混凝土造,103年3月14日,三層,一層 陽台
RPQNMLKLNHHGFAW09DA,8,10.26,共有部分：本共有部分之項目有樓梯間一項。,鋼筋混凝土造,103年3月14日,三層,
RPSNMLOLNHHGFAW07DA,44,253.77,住家用,鋼筋混凝土造,66年12月10日,二層,一層 二層 陽台
RPQNMLTKNHHGFAW27DA,6,41.29,集合住宅,鋼筋混凝土造,104年11月25日,八層,六層 陽台
RPQNMLTKNHHGFAW27DA,6,24.79,共有部分：本共有部分項目有：管委會空間、電樓梯間、梯廳、車道、走廊、防空避難室兼停車空間、受電箱、台電配電場所、電信機房、蓄水池、汙水處理機房、消防泵浦室、水箱等十三項。,鋼筋混凝土造,104年11月25日,八層,
RPQNMLSKNHHGFAW17DA,7,83.52,集合住宅,鋼筋混凝土造,104年5月29日,三層,三層 陽台
RPQNMLSKNHHGFAW17DA,7,5.05,共有部分：本共有部分之項目為樓梯間。,鋼筋混凝土造,104年5月29日,三層,
RPOOMLLLMHHGFAW98DA,6,64.51,集合住宅,鋼筋混凝土造,105年6月17日,七層,四層 陽台 雨遮
RPOOMLLLMHHGFAW98DA,6,43.75,共有部分：本共有部分之項目有梯間、防空避難室兼停車空間、消防水池、機電消防室、台電配電室、雨遮、汽車升降機房、汽車昇降道、清水池、電信室、車道、外廊、水錶室、水箱、電梯機房等１５項。,鋼筋混凝土造,105年6月17日,七層,
RPXNMLTJNHHGFAW87DA,5,197.21,集村農舍,鋼筋混凝土造,106年1月23日,三層,一層 二層 三層 陽台 見其他登記事項
RPSOMLNKMHHGFAW86DA,37,78.38,住商用,鋼筋混凝土造,74年6月14日,二層,一層 二層
RPPNMLQLNHHGFAW07EA,25,2697.38,商業用,鋼筋混凝土造,86年5月13日,三層,一層 二層 三層 陽台 平台 屋頂突出物 地下層
RPOOMLNKMHHGFAW09DA,1,81.18,集合住宅,鋼筋混凝土造,110年4月29日,五層,五層 陽台
RPOOMLNKMHHGFAW09DA,1,13.82,店鋪、集合住宅、共有部分之項目有梯廳、十人份無障礙電梯（防煙）、機道、水箱、機械房等５項。,鋼筋混凝土造,110年4月29日,五層,
RPQNMLMJOHHGFAW66EA,2,40.42,旅館,鋼筋混凝土造,109年4月8日,十層,九層 陽台 雨遮
RPQNMLMJOHHGFAW66EA,2,45.00,店舖、集合住宅、本建物共有部分之項目有車道、排風機房、緊急昇降機、客梯兼無障礙電梯、廢水池、消防幫浦室、蓄水池、甲梯、進風機房、防空避難室兼停車空間、電信機房、乙梯、梯廳、汙物處理室、台電受電室、設備空間、機械室、停車空間、迴轉空間、發電機室、排煙室、消防設備空間、雨遮、陽台、管委會空間等共計２５項。,鋼筋混凝土造,109年4月8日,十層,
RPQNMLSJLHHGFAW86DA,5,172.96,集村農舍,鋼筋混凝土造,106年3月3日,三層,一層 二層 三層 陽台
RPQNMLPKLHHGFAW76EA,1,63.44,集合住宅,鋼筋混凝土造,109年12月23日,五層,四層 陽台
RPQNMLPKLHHGFAW76EA,1,13.46,集合住宅：本共有部分之項目計有安全梯、梯廳、梯坑、無障礙通路、電信機房、樓梯間、水箱等七項。,鋼筋混凝土造,109年12月23日,五層,
RPXNMLPKLHHGFAW47EA,2,35.37,旅館,鋼筋混凝土造,109年4月8日,十層,三層 陽台 雨遮
RPXNMLPKLHHGFAW47EA,2,18.67,店舖、集合住宅、本建物共有部分之項目有車道、排風機房、緊急昇降機、客梯兼無障礙電梯、廢水池、消防幫浦室、蓄水池、甲梯、進風機房、防空避難室兼停車空間、電信機房、乙梯、梯廳、汙物處理室、台電受電室、設備空間、機械室、停車空間、迴轉空間、發電機室、排煙室、消防設備空間、雨遮、陽台、管委會空間等共計２５項。,鋼筋混凝土造,109年4月8日,十層,
RPVNMLOKLHHGFAW07DA,54,80.35,住家用,磚造,57年7月1日,二層,一層 二層 陽台
RPPNMLSKLHHGFAW86DA,,99.97,集合住宅,鋼筋混凝土造,110年10月21日,四層,一層 陽台
RPPNMLSKLHHGFAW86DA,,14.77,集合住宅、本共有部分之項目有梯廳、１２人份無障礙電梯、無障礙安全梯、電信室、梯間及機房等６項。,鋼筋混凝土造,110年10月21日,四層,
RPPNMLOJLHHGFAW98DA,1,87.14,集合住宅,鋼筋混凝土造,110年3月19日,五層,五層 陽台
RPPNMLOJLHHGFAW98DA,1,25.90,集合住宅、本共有部分之項目計有甲梯間、無障礙電梯（甲）、甲梯廳、乙梯間、無障礙電梯（乙）、乙梯廳、丙梯間、無障礙電梯（丙）、丙梯廳、停車空間、機房、水塔間等１２項。,鋼筋混凝土造,110年3月19日,五層,
RPRNMLPLLHHGFAW86DA,7,40.70,集合住宅,鋼筋混凝土造,104年2月4日,五層,五層 陽台 雨遮
RPRNMLPLLHHGFAW86DA,7,12.86,共有部分：本共有部分之項目有電梯、梯廳、樓梯間、機房、水箱等５項。,鋼筋混凝土造,104年2月4日,五層,
RPPNMLMJLHHGFAW78DA,1,72.02,集合住宅,鋼筋混凝土造,110年3月19日,四層,四層 陽台
RPPNMLMJLHHGFAW78DA,1,22.28,集合住宅、本共有部分之項目計有甲梯間、無障礙電梯（甲）、甲梯廳、乙梯間、無障礙電梯（乙）、乙梯廳、丙梯間、無障礙電梯（丙）、丙梯廳、停車空間、機房、水塔間等１２項。,鋼筋混凝土造,110年3月19日,五層,
RPSOMLSKLHHGFAW27DA,,81.74,集合住宅,鋼筋混凝土造,110年12月3日,五層,五層 陽台
RPSOMLSKLHHGFAW27DA,,24.45,集合住宅：本共有部分之項目計有受電室、泵浦機房、發電機房、梯廳、電信機房、水箱機房、管委會辦公室、消防機房、機房等９項。,鋼筋混凝土造,110年12月3日,五層,
RPPNMLKMLHHGFAW88DA,4,71.51,集合住宅,鋼筋混凝土造,107年2月2日,五層,三層 陽台 雨遮
RPPNMLKMLHHGFAW88DA,4,10.21,共有部分：本共有部分之項目有走廊、電梯及梯間等３項。,鋼筋混凝土造,107年2月2日,五層,
RPSOMLSKLHHGFAW27DA,,15.25,集合住宅：本共有部分之項目計有迴車空間、雨水儲集設施兼消防水池、無障礙通路、受電箱、停車位等５項。,鋼筋混凝土造,110年12月3日,五層,
RPPNMLKMLHHGFAW88DA,4,35.99,共有部分：本共有部分之項目有停車空間、機房Ａ（電信）、機房Ｂ（消防－泵浦室）、機房Ｃ（消防－發電機室）、消防水池、滯洪池及車道（一樓）等７項。,鋼筋混凝土造,107年2月2日,五層,
RPXOMLSKLHHGFAW77DA,,81.74,集合住宅,鋼筋混凝土造,110年12月3日,五層,二層 陽台
RPXOMLSKLHHGFAW77DA,,24.45,集合住宅：本共有部分之項目計有受電室、泵浦機房、發電機房、梯廳、電信機房、水箱機房、管委會辦公室、消防機房、機房等９項。,鋼筋混凝土造,110年12月3日,五層,
RPXOMLSKLHHGFAW77DA,,15.25,集合住宅：本共有部分之項目計有迴車空間、雨水儲集設施兼消防水池、無障礙通路、受電箱、停車位等５項。,鋼筋混凝土造,110年12月3日,五層,
RPTNMLSLLHHGFAW37DA,4,185.67,住家用,鋼筋混凝土造,107年3月27日,三層,一層 二層 三層 陽台
RPOOMLSKLHHGFAW86DA,,81.74,集合住宅,鋼筋混凝土造,110年12月3日,五層,三層 陽台
RPOOMLSKLHHGFAW86DA,,24.45,集合住宅：本共有部分之項目計有受電室、泵浦機房、發電機房、梯廳、電信機房、水箱機房、管委會辦公室、消防機房、機房等９項。,鋼筋混凝土造,110年12月3日,五層,
RPOOMLSKLHHGFAW86DA,,27.70,集合住宅：本共有部分之項目計有迴車空間、雨水儲集設施兼消防水池、無障礙通路、受電箱、停車位等５項。,鋼筋混凝土造,110年12月3日,五層,
RPVNMLSKLHHGFAW47DA,,57.38,集合住宅,鋼筋混凝土造,110年12月3日,五層,四層 陽台
RPVNMLSKLHHGFAW47DA,,17.15,集合住宅：本共有部分之項目計有受電室、泵浦機房、發電機房、梯廳、電信機房、水箱機房、管委會辦公室、消防機房、機房等９項。,鋼筋混凝土造,110年12月3日,五層,
RPVNMLSKLHHGFAW47DA,,10.70,集合住宅：本共有部分之項目計有迴車空間、雨水儲集設施兼消防水池、無障礙通路、受電箱、停車位等５項。,鋼筋混凝土造,110年12月3日,五層,
RPPNMLOKLHHGFAW09DA,4,100.29,集合住宅,鋼筋混凝土造,106年12月4日,三層,二層 陽台
RPPNMLOKLHHGFAW09DA,4,8.85,共有部分：本共有部分之項目有樓梯間１項。,鋼筋混凝土造,106年12月4日,三層,
RPPNMLLMLHHGFAW98DA,8,66.07,集合住宅,鋼筋混凝土造,102年10月25日,三層,三層 陽台
RPPNMLLMLHHGFAW98DA,8,11.78,共有部分：本共有部分之項目計有樓梯間、走廊、水箱機房等三項。,鋼筋混凝土造,102年10月25日,三層,
RPWOMLSKLHHGFAW67DA,,57.62,集合住宅,鋼筋混凝土造,110年12月3日,五層,五層 陽台
RPWOMLSKLHHGFAW67DA,,17.15,集合住宅：本共有部分之項目計有受電室、泵浦機房、發電機房、梯廳、電信機房、水箱機房、管委會辦公室、消防機房、機房等９項。,鋼筋混凝土造,110年12月3日,五層,
RPWOMLSKLHHGFAW67DA,,10.70,集合住宅：本共有部分之項目計有迴車空間、雨水儲集設施兼消防水池、無障礙通路、受電箱、停車位等５項。,鋼筋混凝土造,110年12月3日,五層,
RPPOMLSKLHHGFAW96DA,,81.74,集合住宅,鋼筋混凝土造,110年12月3日,五層,一層 陽台
RPPOMLSKLHHGFAW96DA,,24.45,集合住宅：本共有部分之項目計有受電室、泵浦機房、發電機房、梯廳、電信機房、水箱機房、管委會辦公室、消防機房、機房等９項。,鋼筋混凝土造,110年12月3日,五層,
RPPOMLSKLHHGFAW96DA,,27.66,集合住宅：本共有部分之項目計有迴車空間、雨水儲集設施兼消防水池、無障礙通路、受電箱、停車位等５項。,鋼筋混凝土造,110年12月3日,五層,
RPUOMLSKLHHGFAW47DA,,57.62,集合住宅,鋼筋混凝土造,110年12月3日,五層,三層 陽台
RPUOMLSKLHHGFAW47DA,,17.15,集合住宅：本共有部分之項目計有受電室、泵浦機房、發電機房、梯廳、電信機房、水箱機房、管委會辦公室、消防機房、機房等９項。,鋼筋混凝土造,110年12月3日,五層,
RPUOMLSKLHHGFAW47DA,,24.85,集合住宅：本共有部分之項目計有迴車空間、雨水儲集設施兼消防水池、無障礙通路、受電箱、停車位等５項。,鋼筋混凝土造,110年12月3日,五層,
RPTNMLMLLHHGFAW76DA,5,75.18,集合住宅,鋼筋混凝土造,106年1月23日,三層,三層 陽台
RPTNMLMLLHHGFAW76DA,5,6.55,共有部分：本共有部分之項目有樓梯間１項。,鋼筋混凝土造,106年1月23日,三層,
RPVOMLSKLHHGFAW57DA,,57.62,集合住宅,鋼筋混凝土造,110年12月3日,五層,四層 陽台
RPVOMLSKLHHGFAW57DA,,17.15,集合住宅：本共有部分之項目計有受電室、泵浦機房、發電機房、梯廳、電信機房、水箱機房、管委會辦公室、消防機房、機房等９項。,鋼筋混凝土造,110年12月3日,五層,
RPVOMLSKLHHGFAW57DA,,24.85,集合住宅：本共有部分之項目計有迴車空間、雨水儲集設施兼消防水池、無障礙通路、受電箱、停車位等５項。,鋼筋混凝土造,110年12月3日,五層,
RPROMLSKLHHGFAW17DA,,57.77,集合住宅,鋼筋混凝土造,110年12月3日,五層,一層 陽台
RPROMLSKLHHGFAW17DA,,17.15,集合住宅：本共有部分之項目計有受電室、泵浦機房、發電機房、梯廳、電信機房、水箱機房、管委會辦公室、消防機房、機房等９項。,鋼筋混凝土造,110年12月3日,五層,
RPTOMLSKLHHGFAW37DA,,57.62,集合住宅,鋼筋混凝土造,110年12月3日,五層,二層 陽台
RPROMLSKLHHGFAW17DA,,10.65,集合住宅：本共有部分之項目計有迴車空間、雨水儲集設施兼消防水池、無障礙通路、受電箱、停車位等５項。,鋼筋混凝土造,110年12月3日,五層,
RPTOMLSKLHHGFAW37DA,,17.15,集合住宅：本共有部分之項目計有受電室、泵浦機房、發電機房、梯廳、電信機房、水箱機房、管委會辦公室、消防機房、機房等９項。,鋼筋混凝土造,110年12月3日,五層,
RPTOMLSKLHHGFAW37DA,,10.70,集合住宅：本共有部分之項目計有迴車空間、雨水儲集設施兼消防水池、無障礙通路、受電箱、停車位等５項。,鋼筋混凝土造,110年12月3日,五層,
RPRNMLLJMHHGFAW98DA,,81.53,集合住宅,鋼筋混凝土造,111年1月27日,五層,一層
RPRNMLLJMHHGFAW98DA,,17.45,集合住宅：本共有部分計有無障礙電梯、梯廳、機械室、電梯機械室等４項。,鋼筋混凝土造,111年1月27日,五層,
RPSNMLLJMHHGFAW09DA,,88.76,集合住宅,鋼筋混凝土造,111年1月27日,五層,二層 陽台
RPSNMLLJMHHGFAW09DA,,17.45,集合住宅：本共有部分計有無障礙電梯、梯廳、機械室、電梯機械室等４項。,鋼筋混凝土造,111年1月27日,五層,
RPTNMLLJMHHGFAW56DA,,88.76,集合住宅,鋼筋混凝土造,111年1月27日,五層,四層 陽台
RPTNMLLJMHHGFAW56DA,,17.45,集合住宅：本共有部分計有無障礙電梯、梯廳、機械室、電梯機械室等４項。,鋼筋混凝土造,111年1月27日,五層,
RPUNMLLJMHHGFAW66DA,,88.76,集合住宅,鋼筋混凝土造,111年1月27日,五層,五層 陽台
RPUNMLLJMHHGFAW66DA,,17.45,集合住宅：本共有部分計有無障礙電梯、梯廳、機械室、電梯機械室等４項。,鋼筋混凝土造,111年1月27日,五層,
RPWNMLLJMHHGFAW86DA,,90.54,集合住宅,鋼筋混凝土造,111年1月27日,五層,三層 陽台
RPWNMLLJMHHGFAW86DA,,17.45,集合住宅：本共有部分計有無障礙電梯、梯廳、機械室、電梯機械室等４項。,鋼筋混凝土造,111年1月27日,五層,
RPVNMLLJMHHGFAW76DA,,90.54,集合住宅,鋼筋混凝土造,111年1月27日,五層,二層 陽台
RPVNMLLJMHHGFAW76DA,,17.45,集合住宅：本共有部分計有無障礙電梯、梯廳、機械室、電梯機械室等４項。,鋼筋混凝土造,111年1月27日,五層,
RPRNMLQJMHHGFAW86DA,12,30.05,集合住宅,鋼筋混凝土造,98年12月22日,三層,二層 陽台
RPRNMLQJMHHGFAW86DA,12,9.65,共有部分，本共有部分有走廊、樓梯間等２項。,鋼筋混凝土造,98年12月22日,三層,
RPXNMLLJMHHGFAW96DA,,99.60,集合住宅,鋼筋混凝土造,111年1月27日,五層,四層 陽台
RPXNMLLJMHHGFAW96DA,,16.92,集合住宅：本共有部分之項目計有無障礙電梯、梯廳、樓梯間、電梯機械室等４項。,鋼筋混凝土造,111年1月27日,五層,
RPTNMLOKLHHGFAW86DA,7,88.75,集合住宅,鋼筋混凝土造,104年8月4日,三層,三層 陽台
RPTNMLOKLHHGFAW86DA,7,5.49,共有部分：本共有部分之項目計有無障礙樓梯一項。,鋼筋混凝土造,104年8月4日,三層,
RPXNMLSJMHHGFAW67DA,42,156.39,住家用,鋼筋混凝土造,69年2月15日,三層,一層 二層 三層 騎樓
RPUNMLLMLHHGFAW86DA,,81.49,集合住宅,鋼筋混凝土造,110年12月3日,五層,一層 陽台
RPUNMLLMLHHGFAW86DA,,24.45,集合住宅：本共有部分之項目計有受電室、泵浦機房、發電機房、梯廳、電信機房、水箱機房、管委會辦公室、消防機房、機房等９項。,鋼筋混凝土造,110年12月3日,五層,
RPUNMLLMLHHGFAW86DA,,43.00,集合住宅：本共有部分之項目計有迴車空間、雨水儲集設施兼消防水池、無障礙通路、受電箱、停車位等５項。,鋼筋混凝土造,110年12月3日,五層,
RPRNMLOKLHHGFAW66DA,15,201.75,停車空間、住宅,鋼筋混凝土造,96年3月27日,三層,一層 二層 三層 陽台
RPVNMLLMLHHGFAW96DA,,81.49,集合住宅,鋼筋混凝土造,110年12月3日,五層,四層 陽台
RPVNMLLMLHHGFAW96DA,,24.45,集合住宅：本共有部分之項目計有受電室、泵浦機房、發電機房、梯廳、電信機房、水箱機房、管委會辦公室、消防機房、機房等９項。,鋼筋混凝土造,110年12月3日,五層,
RPVNMLLMLHHGFAW96DA,,29.41,集合住宅：本共有部分之項目計有迴車空間、雨水儲集設施兼消防水池、無障礙通路、受電箱、停車位等５項。,鋼筋混凝土造,110年12月3日,五層,
RPTNMLSJMHHGFAW37EA,,81.49,集合住宅,鋼筋混凝土造,110年12月3日,五層,三層 陽台
RPTNMLSJMHHGFAW37EA,,24.45,集合住宅：本共有部分之項目計有受電室、泵浦機房、發電機房、梯廳、電信機房、水箱機房、管委會辦公室、消防機房、機房等９項。,鋼筋混凝土造,110年12月3日,五層,
RPTNMLSJMHHGFAW37EA,,29.41,集合住宅：本共有部分之項目計有迴車空間、雨水儲集設施兼消防水池、無障礙通路、受電箱、停車位等５項。,鋼筋混凝土造,110年12月3日,五層,
RPTNMLMKMHHGFAW76DA,8,110.86,集合住宅,鋼筋混凝土造,103年8月29日,三層,二層 陽台 雨遮
RPWNMLOKMHHGFAW37EA,2,39.77,旅館,鋼筋混凝土造,109年4月8日,十層,八層 雨遮
RPWNMLOKMHHGFAW37EA,2,20.76,店舖、集合住宅、本建物共有部分之項目有車道、排風機房、緊急昇降機、客梯兼無障礙電梯、廢水池、消防幫浦室、蓄水池、甲梯、進風機房、防空避難室兼停車空間、電信機房、乙梯、梯廳、汙物處理室、台電受電室、設備空間、機械室、停車空間、迴轉空間、發電機室、排煙室、消防設備空間、雨遮、陽台、管委會空間等共計２５項。,鋼筋混凝土造,109年4月8日,十層,
RPTNMLMKMHHGFAW76DA,8,9.53,共有部分：本共有部分之項目計有陽台、樓梯間等二項。,鋼筋混凝土造,103年8月29日,三層,
RPTNMLMKMHHGFAW76DA,8,33.24,共有部分：本共有部分之項目計有停車空間、機械室、發電機室、車道、消防機械室、電信機房及電表室等七項。,鋼筋混凝土造,103年8月29日,三層,
RPRNMLNLLHHGFAW66DA,1,90.31,集合住宅,鋼筋混凝土造,110年7月23日,五層,五層 陽台
RPRNMLNLLHHGFAW66DA,1,14.76,店舖、集合住宅：本共有部分之項目計有梯廳、安全梯、無障礙電梯、梯間等四項。,鋼筋混凝土造,110年7月23日,五層,
RPPNMLTLLHHGFAW07DA,,89.82,集合住宅,鋼筋混凝土造,110年11月24日,三層,三層 陽台
RPPNMLTLLHHGFAW07DA,,15.16,集合住宅：本共有部分項目有樓梯間、電梯、水箱房等３項。,鋼筋混凝土造,110年11月24日,三層,
RPTOMLLJMHHGFAW66DA,10,178.41,集合住宅,鋼筋混凝土造,101年5月1日,三層,二層 陽台 雨遮
RPTOMLLJMHHGFAW66DA,10,28.39,共有部分：本共有部分之項目有樓梯間一項。,鋼筋混凝土造,101年5月1日,三層,
RPSNMLKLMHHGFAW56DA,2,56.76,集合住宅,鋼筋混凝土造,108年11月29日,四層,二層 陽台
RPSNMLKLMHHGFAW56DA,2,20.05,共有部分：本共有部分之項目有無障礙電梯、梯間、無障礙室內通路、樓電梯間、樓梯間、機電設備空間等６項。,鋼筋混凝土造,108年11月29日,四層,
RPUNMLTKMHHGFAW67EA,42,149.82,住家用,鋼筋混凝土造,69年2月15日,三層,一層 二層 三層 騎樓
RPPNMLMLMHHGFAW09DA,1,58.36,集合住宅,鋼筋混凝土造,109年12月23日,五層,一層
RPPNMLMLMHHGFAW09DA,1,13.60,集合住宅：本共有部分之項目計有安全梯、梯廳、梯坑、無障礙通路、電信機房、樓梯間、水箱等七項。,鋼筋混凝土造,109年12月23日,五層,
RPRNMLTKMHHGFAW27DA,7,206.81,集村農舍,鋼筋混凝土造,104年1月6日,三層,一層 二層 三層 陽台
RPPNMLPLLHHGFAW66DA,6,44.24,集合住宅,鋼筋混凝土造,105年1月8日,三層,三層 陽台
RPPNMLPLLHHGFAW66DA,6,3.50,共有部分：本共有部分之項目有樓梯間及門廊２項。,鋼筋混凝土造,105年1月8日,三層,
RPUNMLPKMHHGFAW17DA,6,64.51,集合住宅,鋼筋混凝土造,105年6月17日,七層,三層 陽台 雨遮
RPUNMLPKMHHGFAW17DA,6,43.75,共有部分：本共有部分之項目有梯間、防空避難室兼停車空間、消防水池、機電消防室、台電配電室、雨遮、汽車升降機房、汽車昇降道、清水池、電信室、車道、外廊、水錶室、水箱、電梯機房等１５項。,鋼筋混凝土造,105年6月17日,七層,
RPUNMLTJNHHGFAW57DA,5,199.42,集村農舍,鋼筋混凝土造,106年1月23日,三層,一層 二層 三層 陽台 見其他登記事項
RPPNMLRKLHHGFAW76DA,5,89.02,集合住宅,鋼筋混凝土造,105年11月4日,十一層,五層 陽台
RPPNMLRKLHHGFAW76DA,5,62.01,共有部分：本共有部分之項目有蓄水池、停車空間、滯洪池、消防蓄水池、消防機械室、儲藏室、車道、樓梯間、電信室、防空避難室兼停車空間、發電機房、台電配電室、管理室、公共廁所、梯廳、機房、水錶間、水箱、安全梯間、昇降機道、台電通道、機車區、甲梯無障礙樓梯（安全梯）、乙梯（安全梯）、昇降機及無障礙昇降機等２６項。,鋼筋混凝土造,105年11月4日,十一層,
RPPNMLRKLHHGFAW76DA,5,31.19,共有部分：本共有部分之項目有蓄水池、停車空間、滯洪池、消防蓄水池、消防機械室、儲藏室、車道、樓梯間、電信室、防空避難室兼停車空間、發電機房、台電配電室、管理室、公共廁所、梯廳、機房、水錶間、水箱、安全梯間、昇降機道、台電通道、機車區、甲梯無障礙樓梯（安全梯）、乙梯（安全梯）、昇降機及無障礙昇降機等２６項。,鋼筋混凝土造,105年11月4日,十一層,
RPSNMLNLNHHGFAW07EA,,92.08,集合住宅,鋼筋混凝土造,110年10月21日,四層,一層 陽台
RPSNMLNLNHHGFAW07EA,,16.63,集合住宅、本共有部分之項目有梯廳、１２人份無障礙電梯、無障礙安全梯、電信室、梯間及機房等６項。,鋼筋混凝土造,110年10月21日,四層,
RPRNMLNLNHHGFAW96EA,,97.95,集合住宅,鋼筋混凝土造,110年10月21日,四層,三層 陽台
RPRNMLNLNHHGFAW96EA,,16.63,集合住宅、本共有部分之項目有梯廳、１２人份無障礙電梯、無障礙安全梯、電信室、梯間及機房等６項。,鋼筋混凝土造,110年10月21日,四層,
RPUNMLSJKHHGFAW17DA,7,87.75,集合住宅,鋼筋混凝土造,104年8月4日,三層,三層 陽台
RPUNMLSJKHHGFAW17DA,7,5.42,共有部分：本共有部分之項目計有無障礙樓梯一項。,鋼筋混凝土造,104年8月4日,三層,
RPVNMLSJLHHGFAW37DA,5,58.31,集合住宅,鋼筋混凝土造,105年11月23日,九層,六層 陽台 雨遮
RPVNMLSJLHHGFAW37DA,5,27.58,共有部分：本共有部分之項目有停車空間兼防空避難室、水箱、消防泵浦室、電信室、發電機室、台電配電室、梯廳、電樓梯間、（停車空間（一樓）垃圾儲藏空間、管委會辦公室、車道、陽台、雨遮、機械室、消防水池、雨水貯留池、基地內通路穿廊等１８項。,鋼筋混凝土造,105年11月23日,九層,
RPRNMLMJLHHGFAW98DA,,81.49,集合住宅,鋼筋混凝土造,110年12月3日,五層,五層 陽台
RPRNMLMJLHHGFAW98DA,,24.45,集合住宅：本共有部分之項目計有受電室、泵浦機房、發電機房、梯廳、電信機房、水箱機房、管委會辦公室、消防機房、機房等９項。,鋼筋混凝土造,110年12月3日,五層,
RPRNMLMJLHHGFAW98DA,,36.87,集合住宅：本共有部分之項目計有迴車空間、雨水儲集設施兼消防水池、無障礙通路、受電箱、停車位等５項。,鋼筋混凝土造,110年12月3日,五層,
RPRNMLOLKHHGFAW66DA,,81.08,集合住宅,鋼筋混凝土造,110年11月24日,三層,一層
RPRNMLOLKHHGFAW66DA,,13.91,集合住宅：本共有部分項目有樓梯間、電梯、水箱房等３項。,鋼筋混凝土造,110年11月24日,三層,
RPUNMLSKKHHGFAW27DA,7,87.75,集合住宅,鋼筋混凝土造,104年8月4日,三層,二層 陽台
RPUNMLSKKHHGFAW27DA,7,5.42,共有部分：本共有部分之項目計有無障礙樓梯一項。,鋼筋混凝土造,104年8月4日,三層,
RPPNMLPKLHHGFAW66EA,,252.45,住家用,鋼筋混凝土造,110年12月2日,三層,一層 二層 三層 陽台 屋頂突出物
RPPNMLSJKHHGFAW66DA,1,72.02,集合住宅,鋼筋混凝土造,110年3月19日,四層,二層 陽台
RPPNMLSJKHHGFAW66DA,1,93.56,集合住宅、本共有部分之項目計有甲梯間、無障礙電梯（甲）、甲梯廳、乙梯間、無障礙電梯（乙）、乙梯廳、丙梯間、無障礙電梯（丙）、丙梯廳、停車空間、機房、水塔間等１２項。,鋼筋混凝土造,110年3月19日,五層,
RPPOMLLJMHHGFAW98EA,,97.95,集合住宅,鋼筋混凝土造,110年10月21日,四層,四層 陽台
RPPOMLLJMHHGFAW98EA,,16.63,集合住宅、本共有部分之項目有梯廳、１２人份無障礙電梯、無障礙安全梯、電信室、梯間及機房等６項。,鋼筋混凝土造,110年10月21日,四層,
RPVNMLOKMHHGFAW27EA,2,39.77,旅館,鋼筋混凝土造,109年4月8日,十層,三層 雨遮
RPVNMLOKMHHGFAW27EA,2,20.76,店舖、集合住宅、本建物共有部分之項目有車道、排風機房、緊急昇降機、客梯兼無障礙電梯、廢水池、消防幫浦室、蓄水池、甲梯、進風機房、防空避難室兼停車空間、電信機房、乙梯、梯廳、汙物處理室、台電受電室、設備空間、機械室、停車空間、迴轉空間、發電機室、排煙室、消防設備空間、雨遮、陽台、管委會空間等共計２５項。,鋼筋混凝土造,109年4月8日,十層,
RPSNMLMLLHHGFAW66DA,6,41.29,集合住宅,鋼筋混凝土造,104年11月25日,八層,四層 陽台
RPSNMLMLLHHGFAW66DA,6,24.79,共有部分：本共有部分項目有：管委會空間、電樓梯間、梯廳、車道、走廊、防空避難室兼停車空間、受電箱、台電配電場所、電信機房、蓄水池、汙水處理機房、消防泵浦室、水箱等十三項。,鋼筋混凝土造,104年11月25日,八層,
RPQOMLLJMHHGFAW09EA,,102.39,集合住宅,鋼筋混凝土造,110年10月21日,四層,一層 陽台
RPQOMLLJMHHGFAW09EA,,16.66,集合住宅、本共有部分之項目有梯廳、１２人份無障礙電梯、無障礙安全梯、電信室、梯間及機房等６項。,鋼筋混凝土造,110年10月21日,四層,
RPTNMLOKMHHGFAW07EA,2,36.97,旅館,鋼筋混凝土造,109年4月8日,十層,三層 雨遮
RPTNMLOKMHHGFAW07EA,2,19.25,店舖、集合住宅、本建物共有部分之項目有車道、排風機房、緊急昇降機、客梯兼無障礙電梯、廢水池、消防幫浦室、蓄水池、甲梯、進風機房、防空避難室兼停車空間、電信機房、乙梯、梯廳、汙物處理室、台電受電室、設備空間、機械室、停車空間、迴轉空間、發電機室、排煙室、消防設備空間、雨遮、陽台、管委會空間等共計２５項。,鋼筋混凝土造,109年4月8日,十層,
RPSNMLSLMHHGFAW47EA,2,35.13,旅館,鋼筋混凝土造,109年4月8日,十層,三層 陽台 雨遮
RPSNMLSLMHHGFAW47EA,2,18.54,店舖、集合住宅、本建物共有部分之項目有車道、排風機房、緊急昇降機、客梯兼無障礙電梯、廢水池、消防幫浦室、蓄水池、甲梯、進風機房、防空避難室兼停車空間、電信機房、乙梯、梯廳、汙物處理室、台電受電室、設備空間、機械室、停車空間、迴轉空間、發電機室、排煙室、消防設備空間、雨遮、陽台、管委會空間等共計２５項。,鋼筋混凝土造,109年4月8日,十層,
RPRNMLSLLHHGFAW17DA,1,75.84,集合住宅,鋼筋混凝土造,110年7月21日,三層,一層
RPRNMLSLLHHGFAW17DA,1,18.26,集合住宅、共有部分之項目有管理室、電梯廳、水箱等三項。,鋼筋混凝土造,110年7月21日,三層,
RPSNMLQKNHHGFAW17DA,4,163.58,集合住宅,鋼筋混凝土造,106年11月27日,三層,一層 二層 三層 陽台 雨遮
RPWNMLOKLHHGFAW17DA,26,101.02,住家用,鋼筋混凝土加強磚造,84年9月8日,二層,一層 二層 陽台 平台
RPPNMLTKNHHGFAW17DA,1,81.77,集合住宅,鋼筋混凝土造,110年4月30日,五層,二層 陽台
RPPNMLTKNHHGFAW17DA,1,14.23,集合住宅：本共有部分之項目有樓梯間、電信室等２項。,鋼筋混凝土造,110年4月30日,五層,
RPPNMLLLLHHGFAW98EA,9,94.52,集合住宅,鋼筋混凝土造,102年3月19日,七層,二層 陽台
RPPNMLLLLHHGFAW98EA,9,19.60,共有部分：本共有部分之項目有梯間、梯廳、電梯間、電梯機房、水箱、蓄水池、發電機室、消防室、台電管道間、電信室、防空避難室等１１項。,鋼筋混凝土造,102年3月19日,七層,
RPVNMLPLMHHGFAW37DA,26,101.30,住家用,鋼筋混凝土加強磚造,84年9月8日,二層,一層 二層 陽台 平台
RPVNMLPKLHHGFAW27EA,2,37.73,旅館,鋼筋混凝土造,109年4月8日,十層,五層 陽台 雨遮
RPVNMLPKLHHGFAW27EA,2,19.94,店舖、集合住宅、本建物共有部分之項目有車道、排風機房、緊急昇降機、客梯兼無障礙電梯、廢水池、消防幫浦室、蓄水池、甲梯、進風機房、防空避難室兼停車空間、電信機房、乙梯、梯廳、汙物處理室、台電受電室、設備空間、機械室、停車空間、迴轉空間、發電機室、排煙室、消防設備空間、雨遮、陽台、管委會空間等共計２５項。,鋼筋混凝土造,109年4月8日,十層,
RPQNMLSLJHHGFAW86DA,8,57.74,集合住宅,鋼筋混凝土造,102年10月25日,三層,一層
RPQNMLSLJHHGFAW86DA,8,4.91,共有部分：本共有部分之項目有樓梯間一項。,鋼筋混凝土造,102年10月25日,三層,
RPPNMLQKKIGGFAW56DA,2,36.97,旅館,鋼筋混凝土造,109年4月8日,十層,二層 雨遮
RPPNMLQKKIGGFAW56DA,2,19.25,店舖、集合住宅、本建物共有部分之項目有車道、排風機房、緊急昇降機、客梯兼無障礙電梯、廢水池、消防幫浦室、蓄水池、甲梯、進風機房、防空避難室兼停車空間、電信機房、乙梯、梯廳、汙物處理室、台電受電室、設備空間、機械室、停車空間、迴轉空間、發電機室、排煙室、消防設備空間、雨遮、陽台、管委會空間等共計２５項。,鋼筋混凝土造,109年4月8日,十層,
RPWNMLNLKIGGFAW07DA,5,51.98,集合住宅,鋼筋混凝土造,105年6月17日,七層,六層 陽台 雨遮
RPWNMLNLKIGGFAW07DA,5,20.61,共有部分：本共有部分之項目有梯間、防空避難室兼停車空間、消防水池、機電消防室、台電配電室、雨遮、汽車升降機房、汽車昇降道、清水池、電信室、車道、外廊、水錶室、水箱、電梯機房等１５項。,鋼筋混凝土造,105年6月17日,七層,
RPRNMLKLMHHGFAW09DA,4,163.69,集合住宅,鋼筋混凝土造,106年11月27日,三層,一層 二層 三層 陽台 雨遮
RPUNMLRLMHHGFAW47DA,,82.13,集合住宅,鋼筋混凝土造,110年1月27日,五層,一層 陽台
RPUNMLRLMHHGFAW47DA,,14.23,集合住宅：本共有部分有電信室、梯廳、坡道、無障礙電梯、電梯坑道、電梯機房等計６項。,鋼筋混凝土造,110年1月27日,五層,
