﻿鄉鎮市區,交易標的,土地位置建物門牌,土地移轉總面積平方公尺,都市土地使用分區,非都市土地使用分區,非都市土地使用編定,交易年月日,交易筆棟數,移轉層次,總樓層數,建物型態,主要用途,主要建材,建築完成年月,建物移轉總面積平方公尺,建物現況格局-房,建物現況格局-廳,建物現況格局-衛,建物現況格局-隔間,有無管理組織,總價元,單價元平方公尺,車位類別,車位移轉總面積(平方公尺),車位總價元,備註,編號,主建物面積,附屬建物面積,陽台面積,電梯,移轉編號
The villages and towns urban district,transaction sign,land sector position building sector house number plate,land shifting total area square meter,the use zoning or compiles and checks,the non-metropolis land use district,non-metropolis land use,transaction year month and day,transaction pen number,shifting level,total floor number,building state,main use,main building materials,construction to complete the years,building shifting total area,Building present situation pattern - room,building present situation pattern - hall,building present situation pattern - health,building present situation pattern - compartmented,Whether there is manages the organization,total price NTD,the unit price (NTD / square meter),the berth category,berth shifting total area square meter,the berth total price NTD,the note,serial number,main building area,auxiliary building area,balcony area,elevator,transaction number
馬公市,土地,山水北段527地號,1002.29,,一般農業區,農牧用地,1110607,土地2建物0車位0,,,其他,,,,0.0,0,0,0,有,無,14757600,14724,,0.0,0,,RPTNMLSJOHHGFAX57DA,0.0,0.0,0.0,無,
馬公市,土地,五福段516地號,964.04,,一般農業區,農牧用地,1110504,土地2建物0車位0,,,其他,,,,0.0,0,0,0,有,無,10911100,11318,,0.0,0,,RPUNMLOJNHHGFAX17DA,0.0,0.0,0.0,無,001
湖西鄉,土地,成功南段733地號,867.5,,一般農業區,農牧用地,1110503,土地1建物0車位0,,,其他,,,,0.0,0,0,0,有,無,36520000,42098,,0.0,0,權利人為4人含未來興建4戶房屋價款,RPTNMLQJNHHGFAX27DA,0.0,0.0,0.0,無,002
馬公市,土地,文寮段161地號,199.95,,一般農業區,農牧用地,1110505,土地1建物0車位0,,,其他,,,,0.0,0,0,0,有,無,2470000,12353,,0.0,0,,RPVNMLMKNHHGFAX17DA,0.0,0.0,0.0,無,
馬公市,土地,海堤段553地號,31.25,都市：其他:住宅區,,,1110510,土地1建物0車位0,,,其他,,,,0.0,0,0,0,有,無,696875,22300,,0.0,0,政府機關標讓售；,RPWNMLMKNHHGFAX27DA,0.0,0.0,0.0,無,
湖西鄉,土地,西溪新段2201地號,641.18,,一般農業區,農牧用地,1110513,土地1建物0車位0,,,其他,,,,0.0,0,0,0,有,無,300000,468,,0.0,0,,RPPOMLRKNHHGFAX17DA,0.0,0.0,0.0,無,
湖西鄉,土地,許家段1205地號,976.23,,一般農業區,農牧用地,1110511,土地1建物0車位0,,,其他,,,,0.0,0,0,0,有,無,41260000,42265,,0.0,0,權利人為6人含未來興建6戶房屋價款,RPTNMLQKNHHGFAX37DA,0.0,0.0,0.0,無,003
西嶼鄉,土地,竹灣段59地號,196.38,,一般農業區,農牧用地,1110505,土地1建物0車位0,,,其他,,,,0.0,0,0,0,有,無,460000,2342,,0.0,0,親友、員工、共有人或其他特殊關係間之交易；,RPSNMLRKNHHGFAX47EA,0.0,0.0,0.0,無,
湖西鄉,建物,澎湖縣湖西鄉太武６、７號,0.0,,,,1110510,土地0建物2車位0,全,一層,透天厝,住家用,造,,15.36,2,2,2,有,無,2145,140,,0.0,0,親友、員工、共有人或其他特殊關係間之交易；,RPRNMLRKNHHGFAX37EA,15.37,0.0,0.0,無,004
馬公市,土地,埕中段584-1地號,110.91,住,,,1110509,土地1建物0車位0,,,其他,,,,0.0,0,0,0,有,無,12346500,111320,,0.0,0,,RPROMLLKNHHGFAX76DA,0.0,0.0,0.0,無,
馬公市,土地,西澳段747地號,41.19,都市：其他:住宅區,,,1110501,土地1建物0車位0,,,其他,,,,0.0,0,0,0,有,無,1800000,43700,,0.0,0,,RPUNMLTKNHHGFAX77DA,0.0,0.0,0.0,無,005
白沙鄉,土地,通梁南段946地號,66.64,都市：其他:道路用地,,,1110511,土地1建物0車位0,,,其他,,,,0.0,0,0,0,有,無,653092,9800,,0.0,0,包含公共設施保留地用地；協議價購；,RPXNMLKKNHHGFAX17DA,0.0,0.0,0.0,無,006
馬公市,土地,西澳段747地號,82.39,都市：其他:住宅區,,,1110502,土地1建物0車位0,,,其他,,,,0.0,0,0,0,有,無,3600000,43695,,0.0,0,,RPVNMLTKNHHGFAX87DA,0.0,0.0,0.0,無,005
湖西鄉,土地,城北段113地號,214.4,,鄉村區,乙種建築用地,1110517,土地1建物0車位0,,,其他,,,,0.0,0,0,0,有,無,1491500,6957,,0.0,0,,RPXNMLRKNHHGFAX87DA,0.0,0.0,0.0,無,
西嶼鄉,土地,內垵一段81地號,692.73,,一般農業區,農牧用地,1110503,土地1建物0車位0,,,其他,,,,0.0,0,0,0,有,無,2900000,4186,,0.0,0,,RPXOMLOLNHHGFAX77DA,0.0,0.0,0.0,無,
湖西鄉,土地,許家段596地號,113.21,,一般農業區,農牧用地,1110507,土地1建物0車位0,,,其他,,,,0.0,0,0,0,有,無,300000,2650,,0.0,0,親友、員工、共有人或其他特殊關係間之交易；,RPPNMLKLNHHGFAX56EA,0.0,0.0,0.0,無,
馬公市,房地(土地+建物),澎湖縣馬公市裡９７號,96.93,,鄉村區,乙種建築用地,1110504,土地2建物1車位0,全,一層,透天厝,住家用,鋼筋加強磚及鋼鐵造,0850314,98.02,2,1,1,有,無,600000,6121,,0.0,0,土地與他共有人有糾紛親友、員工、共有人或其他特殊關係間之交易；,RPQNMLKLNHHGFAX66EA,98.02,0.0,0.0,無,
湖西鄉,土地,尖山中段1073地號,1033.74,,一般農業區,農牧用地,1110504,土地1建物0車位0,,,其他,,,,0.0,0,0,0,有,無,1098000,1062,,0.0,0,地清或未辦繼承標售；,RPPNMLOLNHHGFAX96EA,0.0,0.0,0.0,無,
馬公市,土地,馬公段284-5地號,2.0,都市：其他:商業區,,,1110512,土地1建物0車位0,,,其他,,,,0.0,0,0,0,有,無,244540,122270,,0.0,0,政府機關標讓售；,RPPNMLLLNHHGFAX56DA,0.0,0.0,0.0,無,
西嶼鄉,土地,池西段513地號,324.6,,一般農業區,農牧用地,1110516,土地3建物0車位0,,,其他,,,,0.0,0,0,0,有,無,400000,1232,,0.0,0,親友、員工、共有人或其他特殊關係間之交易；,RPWNMLSKNHHGFAX87DA,0.0,0.0,0.0,無,
西嶼鄉,土地,竹篙灣段3412地號,10518.0,,一般農業區,農牧用地,1110509,土地3建物0車位0,,,其他,,,,0.0,0,0,0,有,無,60000000,5705,,0.0,0,,RPROMLKKNHHGFAX66DA,0.0,0.0,0.0,無,
西嶼鄉,土地,竹篙灣段3414地號,3475.0,,一般農業區,農牧用地,1110509,土地2建物0車位0,,,其他,,,,0.0,0,0,0,有,無,12600000,3626,,0.0,0,,RPQOMLKKNHHGFAX56DA,0.0,0.0,0.0,無,
馬公市,土地,鎖港南段659地號,138.09,都市：其他:住宅區,,,1110520,土地3建物0車位0,,,其他,,,,0.0,0,0,0,有,無,1850000,13397,,0.0,0,,RPXNMLKLNHHGFAX27DA,0.0,0.0,0.0,無,008
馬公市,房地(土地+建物),澎湖縣馬公市東文澳２之８號二樓之６,22.98,都市：其他:住宅區,,,1110511,土地1建物1車位0,二層,五層,華廈(10層含以下有電梯),住家用,鋼筋混凝土造,1101207,72.57000000000001,2,1,1,有,有,4900000,67521,,0.0,0,,RPQPMLOLNHHGFAX17DA,47.9,4.94,0.0,有,009
馬公市,土地,五福段964地號,6.73,,鄉村區,乙種建築用地,1110505,土地1建物0車位0,,,其他,,,,0.0,0,0,0,有,無,203000,30163,,0.0,0,親友、員工、共有人或其他特殊關係間之交易；,RPRNMLPLNHHGFAX27EA,0.0,0.0,0.0,無,010
湖西鄉,土地,林投北段581地號,340.39,,一般農業區,農牧用地,1110523,土地1建物0車位0,,,其他,,,,0.0,0,0,0,有,無,308880,907,,0.0,0,,RPVNMLRLNHHGFAX77DA,0.0,0.0,0.0,無,
馬公市,房地(土地+建物),澎湖縣馬公市中華路２０１號四樓Ｄ,47.33,都市：其他:住宅區,,,1110503,土地1建物1車位0,四層,四層,公寓(5樓含以下無電梯),住家用,鋼筋混凝土造,0690726,99.99,3,1,1,有,無,3200000,32003,,0.0,0,,RPPNMLQLNHHGFAX07DA,83.24,0.0,0.0,無,
馬公市,土地,文寮段354地號,3042.26,,一般農業區,農牧用地,1110518,土地1建物0車位0,,,其他,,,,0.0,0,0,0,有,無,140640000,46229,,0.0,0,權利人共15人。土地交易案件之價格含未來興建房屋成本；,RPSOMLKLNHHGFAX86DA,0.0,0.0,0.0,無,011
西嶼鄉,土地,外垵一段337地號,174.62,,一般農業區,農牧用地,1110519,土地1建物0車位0,,,其他,,,,0.0,0,0,0,有,無,350000,2004,,0.0,0,親友、員工、共有人或其他特殊關係間之交易；,RPPNMLRLNHHGFAX27EA,0.0,0.0,0.0,無,
馬公市,房地(土地+建物),澎湖縣馬公市文山路７９號五樓,28.39,都市：其他:住宅區,,,1110513,土地5建物1車位0,五層,七層,華廈(10層含以下有電梯),住家用,鋼筋混凝土造,0840804,156.71,3,2,2,有,無,4600000,29354,,0.0,0,,RPTNMLLMNHHGFAX07DA,99.63,0.0,17.16,有,012
湖西鄉,土地,隘門新段1146地號,3095.2,,一般農業區,農牧用地,1110511,土地3建物0車位0,,,其他,,,,0.0,0,0,0,有,無,5960000,1926,,0.0,0,預售屋、或土地及建物分件登記案件；,RPROMLPLNHHGFAX27DA,0.0,0.0,0.0,無,
白沙鄉,土地,小赤段653地號,31.48,,一般農業區,農牧用地,1110511,土地1建物0車位0,,,其他,,,,0.0,0,0,0,有,無,124031,3940,,0.0,0,政府機關標讓售；,RPPNMLKMNHHGFAX66EA,0.0,0.0,0.0,無,
馬公市,土地,雙湖段335地號,116.44,,鄉村區,乙種建築用地,1110517,土地1建物0車位0,,,其他,,,,0.0,0,0,0,有,無,898888,7720,,0.0,0,地清或未辦繼承標售；,RPRNMLQJOHHGFAX27EA,0.0,0.0,0.0,無,
馬公市,土地,文寮段157地號,1689.79,,一般農業區,農牧用地,1110520,土地1建物0車位0,,,其他,,,,0.0,0,0,0,有,無,15300000,9054,,0.0,0,,RPTNMLPLNHHGFAX37DA,0.0,0.0,0.0,無,013
湖西鄉,土地,許家段617-13地號,71.13,,一般農業區,交通用地,1110525,土地1建物0車位0,,,其他,,,,0.0,0,0,0,有,無,650000,9138,,0.0,0,,RPPOMLKMNHHGFAX66DA,0.0,0.0,0.0,無,014
西嶼鄉,房地(土地+建物),澎湖縣西嶼鄉外垵４之３０號,95.24,,鄉村區,乙種建築用地,1110513,土地1建物1車位0,全,三層,透天厝,住家用,鋼筋混凝土造,0920609,174.63,3,1,4,有,無,2800000,16034,,0.0,0,,RPTNMLKMNHHGFAX96DA,174.63,0.0,0.0,無,
馬公市,土地,國宅段490-2地號,65.99,都市：其他:道路用地,,,1110527,土地1建物0車位0,,,其他,,,,0.0,0,0,0,有,無,1563963,23700,,0.0,0,包含公共設施保留地用地；協議價購；,RPTNMLRLNHHGFAX57DA,0.0,0.0,0.0,無,
馬公市,房地(土地+建物),澎湖縣馬公市石泉１之９２號,52.38,,鄉村區,乙種建築用地,1110519,土地1建物1車位0,全,三層,透天厝,住家用,鋼筋混凝土造,0720118,100.62,5,2,2,有,無,951656,9458,,0.0,0,含土地增值稅或其他稅費31344元；含地政士服務費10000元；親友、員工、共有人或其他特殊關係間之交易；,RPRNMLRJOHHGFAX37EA,100.62,0.0,0.0,無,015
馬公市,土地,鐵線段807地號,700.04,,一般農業區,農牧用地,1110518,土地1建物0車位0,,,其他,,,,0.0,0,0,0,有,無,7200000,10285,,0.0,0,,RPPNMLPJOHHGFAX86DA,0.0,0.0,0.0,無,
馬公市,土地,六合段418地號,2095.36,,一般農業區,農牧用地,1110504,土地1建物0車位0,,,其他,,,,0.0,0,0,0,有,無,28000000,13363,,0.0,0,,RPWNMLPJNHHGFAX47DA,0.0,0.0,0.0,無,
馬公市,土地,五福段787地號,627.61,,一般農業區,農牧用地,1110407,土地1建物0車位0,,,其他,,,,0.0,0,0,0,有,無,2320000,3697,,0.0,0,,RPUNMLRJMHHGFAX37DA,0.0,0.0,0.0,無,
湖西鄉,土地,成功南段250地號,2312.27,,一般農業區,農牧用地,1110407,土地1建物0車位0,,,其他,,,,0.0,0,0,0,有,無,16500000,7136,,0.0,0,農變更專案核准興建住宅,RPSOMLMKMHHGFAX86DA,0.0,0.0,0.0,無,016
湖西鄉,土地,許家段687地號,322.5,,一般農業區,甲種建築用地,1110406,土地1建物0車位0,,,其他,,,,0.0,0,0,0,有,無,3000000,9302,,0.0,0,親友、員工、共有人或其他特殊關係間之交易；,RPPNMLKKMHHGFAX88DA,0.0,0.0,0.0,無,
白沙鄉,土地,赤崁南段277地號,1045.69,,一般農業區,農牧用地,1110406,土地1建物0車位0,,,其他,,,,0.0,0,0,0,有,無,3000000,2869,,0.0,0,,RPPNMLMKMHHGFAX56EA,0.0,0.0,0.0,無,
湖西鄉,土地,成功南段250地號,231.69,,一般農業區,農牧用地,1110418,土地1建物0車位0,,,其他,,,,0.0,0,0,0,有,無,1740000,7510,,0.0,0,農變建專案核准興建住宅,RPTNMLTKMHHGFAX57DA,0.0,0.0,0.0,無,016
馬公市,土地,文光段424地號,74.93,都市：其他:道路用地,,,1110403,土地3建物0車位0,,,其他,,,,0.0,0,0,0,有,無,3700000,49379,,0.0,0,親友、員工、共有人或其他特殊關係間之交易；,RPUNMLKLMHHGFAX86DA,0.0,0.0,0.0,無,
湖西鄉,土地,湖西北段437地號,520.32,,一般農業區,農牧用地,1110415,土地2建物0車位0,,,其他,,,,0.0,0,0,0,有,無,728447,1400,,0.0,0,親友、員工、共有人或其他特殊關係間之交易；,RPRNMLPKMHHGFAX07EA,0.0,0.0,0.0,無,
湖西鄉,土地,成功南段64地號,868.19,,一般農業區,農牧用地,1110411,土地1建物0車位0,,,其他,,,,0.0,0,0,0,有,無,38720000,44599,,0.0,0,土地交易案件之價格含未來興建房屋成本；,RPVNMLSKMHHGFAX67DA,0.0,0.0,0.0,無,018
湖西鄉,土地,城北段118地號,189.21,,鄉村區,乙種建築用地,1110412,土地1建物0車位0,,,其他,,,,0.0,0,0,0,有,無,1602400,8469,,0.0,0,,RPQOMLMKMHHGFAX66DA,0.0,0.0,0.0,無,
馬公市,土地,雙湖段809-1地號,776.31,,一般農業區,農牧用地,1110414,土地1建物0車位0,,,其他,,,,0.0,0,0,0,有,無,4931430,6352,,0.0,0,,RPWNMLKLMHHGFAX07DA,0.0,0.0,0.0,無,
馬公市,土地,文光段366地號,71.61,都市：其他:住宅區,,,1110403,土地1建物0車位0,,,其他,,,,0.0,0,0,0,有,無,4332400,60500,,0.0,0,親友、員工、共有人或其他特殊關係間之交易；,RPQNMLNJMHHGFAX56DA,0.0,0.0,0.0,無,
馬公市,土地,鐵線段748地號,1036.67,,一般農業區,農牧用地,1110406,土地1建物0車位0,,,其他,,,,0.0,0,0,0,有,無,11916000,11494,,0.0,0,,RPQOMLKLMHHGFAX56DA,0.0,0.0,0.0,無,019
馬公市,土地,山水北段805-3地號,106.97,,一般農業區,交通用地,1110413,土地1建物0車位0,,,其他,,,,0.0,0,0,0,有,無,700000,6544,,0.0,0,,RPWNMLSKMHHGFAX77DA,0.0,0.0,0.0,無,020
馬公市,土地,山水北段805地號,980.62,,一般農業區,農牧用地,1110413,土地1建物0車位0,,,其他,,,,0.0,0,0,0,有,無,24810000,25300,,0.0,0,土地交易案件之價格含未來興建房屋成本；,RPXNMLSKMHHGFAX87DA,0.0,0.0,0.0,無,
馬公市,房地(土地+建物),澎湖縣馬公市東文澳２之８號二樓之６,22.98,都市：其他:住宅區,,,1110411,土地1建物1車位0,二層,五層,華廈(10層含以下有電梯),住家用,鋼筋混凝土造,1101207,72.57000000000001,2,1,1,有,有,4380000,60356,,0.0,0,原賣方原價買回銷貨退回,RPOOMLKLMHHGFAX98DA,47.9,4.94,0.0,有,009
馬公市,土地,鐵線段707地號,70.21,,一般農業區,農牧用地,1110411,土地1建物0車位0,,,其他,,,,0.0,0,0,0,有,無,537200,7651,,0.0,0,,RPUNMLMKMHHGFAX96DA,0.0,0.0,0.0,無,022
馬公市,土地,東澳段1119-1地號,24.24,,,,1110412,土地1建物0車位0,,,其他,,,,0.0,0,0,0,有,無,2082701,85920,,0.0,0,政府機關標讓售；,RPTNMLMLMHHGFAX96DA,0.0,0.0,0.0,無,023
湖西鄉,土地,湖西北段858地號,876.46,,一般農業區,農牧用地,1110413,土地2建物0車位0,,,其他,,,,0.0,0,0,0,有,無,2100000,2396,,0.0,0,親友、員工、共有人或其他特殊關係間之交易；,RPXNMLLLMHHGFAX27DA,0.0,0.0,0.0,無,
馬公市,土地,興仁段1510地號,1099.64,,一般農業區,農牧用地,1110415,土地1建物0車位0,,,其他,,,,0.0,0,0,0,有,無,48500000,44105,,0.0,0,權利人共6人含未來5戶房屋興建價款,RPTNMLQLMHHGFAX37DA,0.0,0.0,0.0,無,024
白沙鄉,土地,城前新段726地號,364.3,,風景區,農牧用地,1110419,土地1建物0車位0,,,其他,,,,0.0,0,0,0,有,無,1650000,4529,,0.0,0,,RPPNMLQLMHHGFAX07EA,0.0,0.0,0.0,無,
白沙鄉,土地,吉貝東段924地號,58.38,,鄉村區,乙種建築用地,1110405,土地1建物0車位0,,,其他,,,,0.0,0,0,0,有,無,850600,14570,,0.0,0,,RPPNMLRLMHHGFAX17EA,0.0,0.0,0.0,無,025
白沙鄉,房地(土地+建物),澎湖縣白沙鄉大赤崁７０號,205.16,,鄉村區,乙種建築用地,1110419,土地2建物1車位0,全,二層,透天厝,住家用,加強磚造,0650701,75.44,4,2,1,有,無,1000000,13256,,0.0,0,親友、員工、共有人或其他特殊關係間之交易；,RPPNMLPLMHHGFAX96EA,75.44,0.0,0.0,無,
馬公市,土地,文東段1365-2地號,32.68,,一般農業區,水利用地,1110415,土地1建物0車位0,,,其他,,,,0.0,0,0,0,有,無,217649,6660,,0.0,0,政府機關標讓售；,RPRNMLTLMHHGFAX57EA,0.0,0.0,0.0,無,
湖西鄉,土地,沙港北段698地號,78.28,,鄉村區,乙種建築用地,1110415,土地1建物0車位0,,,其他,,,,0.0,0,0,0,有,無,800000,10220,,0.0,0,,RPVNMLQLMHHGFAX57DA,0.0,0.0,0.0,無,
湖西鄉,土地,湖東新段896地號,194.0,,一般農業區,農牧用地,1110422,土地1建物0車位0,,,其他,,,,0.0,0,0,0,有,無,370000,1907,,0.0,0,,RPWNMLQLMHHGFAX67DA,0.0,0.0,0.0,無,
馬公市,土地,雙湖段823地號,935.56,,一般農業區,農牧用地,1110417,土地3建物0車位0,,,其他,,,,0.0,0,0,0,有,無,1760000,1881,,0.0,0,,RPRNMLMJNHHGFAX76EA,0.0,0.0,0.0,無,
西嶼鄉,土地,外垵一段1140地號,635.81,,一般農業區,農牧用地,1110419,土地2建物0車位0,,,其他,,,,0.0,0,0,0,有,無,350000,550,,0.0,0,急買急賣；,RPQNMLRLMHHGFAX27EA,0.0,0.0,0.0,無,
馬公市,土地,文東段1365-4地號,47.63,,一般農業區,水利用地,1110415,土地1建物0車位0,,,其他,,,,0.0,0,0,0,有,無,317216,6660,,0.0,0,政府機關標讓售；,RPPNMLTLMHHGFAX37EA,0.0,0.0,0.0,無,
馬公市,土地,文東段1365-1地號,35.47,,一般農業區,水利用地,1110415,土地1建物0車位0,,,其他,,,,0.0,0,0,0,有,無,236230,6660,,0.0,0,政府機關標讓售；,RPQNMLTLMHHGFAX47EA,0.0,0.0,0.0,無,
馬公市,土地,文東段1365-3地號,13.33,,一般農業區,水利用地,1110415,土地1建物0車位0,,,其他,,,,0.0,0,0,0,有,無,88778,6660,,0.0,0,政府機關標讓售；,RPSNMLTLMHHGFAX67EA,0.0,0.0,0.0,無,
白沙鄉,土地,後寮南段649地號,250.68,,一般農業區,農牧用地,1110401,土地1建物0車位0,,,其他,,,,0.0,0,0,0,有,無,400000,1596,,0.0,0,,RPTNMLSLMHHGFAX57DA,0.0,0.0,0.0,無,
馬公市,土地,五德東段508地號,1652.52,,一般農業區,農牧用地,1110427,土地1建物0車位0,,,其他,,,,0.0,0,0,0,有,無,52000000,31467,,0.0,0,權利人共8人土地交易案件之價格含未來興建房屋成本；,RPVNMLTLMHHGFAX87DA,0.0,0.0,0.0,無,
湖西鄉,土地,城北段968-1地號,1458.49,,一般農業區,農牧用地,1110419,土地2建物0車位0,,,其他,,,,0.0,0,0,0,有,無,9500000,6514,,0.0,0,,RPWNMLOJNHHGFAX37DA,0.0,0.0,0.0,無,
湖西鄉,土地,紅羅段632地號,204.04,,鄉村區,乙種建築用地,1110421,土地2建物0車位0,,,其他,,,,0.0,0,0,0,有,無,1200000,5881,,0.0,0,,RPTNMLPLMHHGFAX27DA,0.0,0.0,0.0,無,
馬公市,房地(土地+建物),澎湖縣馬公市成功街６巷７號,146.56,都市：其他:住宅區,,,1110411,土地1建物1車位0,全,一層,透天厝,住家用,筋加強空心磚,0550919,69.58,2,1,1,有,無,9580300,137688,,0.0,0,,RPWNMLLKMHHGFAX07DA,69.58,0.0,0.0,無,026
望安鄉,土地,花宅段2238地號,9.9,,一般農業區,甲種建築用地,1110409,土地1建物0車位0,,,其他,,,,0.0,0,0,0,有,無,30000,3030,,0.0,0,親友、員工、共有人或其他特殊關係間之交易；,RPUNMLLKMHHGFAX86DA,0.0,0.0,0.0,無,027
馬公市,房地(土地+建物),澎湖縣馬公市西衛２０４號,39.84,,鄉村區,乙種建築用地,1110406,土地1建物1車位0,全,一層,透天厝,住家用,造,0080000,14.93,5,1,1,有,無,602500,40355,,0.0,0,,RPTNMLPJNHHGFAX17DA,14.93,0.0,0.0,無,028
湖西鄉,土地,成功南段411地號,266.59,,一般農業區,甲種建築用地,1110419,土地1建物0車位0,,,其他,,,,0.0,0,0,0,有,無,2725000,10222,,0.0,0,,RPUNMLQJNHHGFAX37DA,0.0,0.0,0.0,無,029
湖西鄉,房地(土地+建物),澎湖縣湖西鄉湖西１５０之９號,491.8,,鄉村區,乙種建築用地,1110418,土地1建物1車位0,全,一層,透天厝,住家用,鋼骨構造,1071217,52.61,1,1,1,有,無,7800000,148261,,0.0,0,,RPRNMLOJNHHGFAX96EA,52.61,0.0,0.0,無,
馬公市,土地,興崁段788地號,558.92,,一般農業區,農牧用地,1110413,土地4建物0車位0,,,其他,,,,0.0,0,0,0,有,無,1394839,2496,,0.0,0,親友、員工、共有人或其他特殊關係間之交易；,RPPNMLPJNHHGFAX86EA,0.0,0.0,0.0,無,
湖西鄉,土地,南寮北段870地號,87.55,,鄉村區,乙種建築用地,1110430,土地1建物0車位0,,,其他,,,,0.0,0,0,0,有,無,560000,6396,,0.0,0,,RPVNMLQJNHHGFAX47DA,0.0,0.0,0.0,無,030
馬公市,土地,國宅段555地號,32.98,都市：其他:住宅區,,,1110429,土地1建物0車位0,,,其他,,,,0.0,0,0,0,有,無,390000,11825,,0.0,0,,RPVNMLPJNHHGFAX37DA,0.0,0.0,0.0,無,031
馬公市,土地,文石段1133地號,3016.01,,一般農業區,農牧用地,1110408,土地1建物0車位0,,,其他,,,,0.0,0,0,0,有,無,25545500,8470,,0.0,0,本案係依土地法34條之1規定處份案件。,RPWNMLKKNHHGFAX07DA,0.0,0.0,0.0,無,
馬公市,土地,鐵線段1098-2地號,40.9,,鄉村區,乙種建築用地,1110425,土地1建物0車位0,,,其他,,,,0.0,0,0,0,有,無,559103,13670,,0.0,0,政府機關標讓售；,RPQNMLSJNHHGFAX17DA,0.0,0.0,0.0,無,
白沙鄉,土地,赤崁中段307地號,522.41,,鄉村區,乙種建築用地,1110406,土地1建物0車位0,,,其他,,,,0.0,0,0,0,有,無,5215000,9983,,0.0,0,,RPRNMLSJNHHGFAX27DA,0.0,0.0,0.0,無,
馬公市,土地,六合段462地號,646.62,,一般農業區,農牧用地,1110425,土地2建物0車位0,,,其他,,,,0.0,0,0,0,有,無,30260000,46797,,0.0,0,權利人為3人含未來3戶興建房屋價款,RPWNMLTJNHHGFAX87DA,0.0,0.0,0.0,無,
馬公市,房地(土地+建物),澎湖縣馬公市菜園６８號三樓之六,19.88,,鄉村區,乙種建築用地,1110429,土地1建物1車位0,三層,六層,華廈(10層含以下有電梯),住家用,鋼筋混凝土造,1080418,101.58000000000001,2,1,2,有,有,4900000,48238,,0.0,0,,RPVNMLQKNHHGFAX57DA,46.57,5.42,0.0,有,032
馬公市,土地,烏崁新段23地號,722.72,,一般農業區,農牧用地,1110420,土地1建物0車位0,,,其他,,,,0.0,0,0,0,有,無,2330158,3224,,0.0,0,地清或未辦繼承標售；,RPRNMLLKNHHGFAX76EA,0.0,0.0,0.0,無,
望安鄉,土地,水垵段2501地號,457.0,,一般農業區,農牧用地,1110422,土地1建物0車位0,,,其他,,,,0.0,0,0,0,有,無,548400,1200,,0.0,0,協議價購；,RPVNMLSKNHHGFAX77DA,0.0,0.0,0.0,無,
馬公市,房地(土地+建物),澎湖縣馬公市朝陽路７９號六樓,24.62,都市：其他:住宅區,,,1110425,土地4建物1車位0,六層,七層,華廈(10層含以下有電梯),住家用,鋼筋混凝土造,0830509,140.65,3,2,2,有,有,5380000,38251,,0.0,0,,RPXNMLQKNHHGFAX77DA,98.34,5.88,0.0,有,033
馬公市,土地,東澳段403地號,381.63,都市：其他:道路用地,,,1110408,土地3建物0車位0,,,其他,,,,0.0,0,0,0,有,無,18975000,49721,,0.0,0,,RPOOMLQKNHHGFAX96DA,0.0,0.0,0.0,無,
馬公市,房地(土地+建物)+車位,澎湖縣馬公市林森路８６巷５之３號,37.56,都市：其他:住宅區,,,1110406,土地1建物1車位1,四層,七層,華廈(10層含以下有電梯),住家用,鋼筋混凝土造,0810827,172.75,4,2,2,有,有,5880000,34038,坡道平面,0.0,0,,RPXNMLSKNHHGFAX97DA,120.91,0.0,0.0,有,
湖西鄉,土地,沙港東段153地號,1043.84,,一般農業區,農牧用地,1110412,土地1建物0車位0,,,其他,,,,0.0,0,0,0,有,無,12050000,11544,,0.0,0,農變建專案核准興建住宅,RPPOMLKLNHHGFAX56DA,0.0,0.0,0.0,無,034
馬公市,土地,五福段67-2地號,202.74,,一般農業區,甲種建築用地,1110426,土地2建物0車位0,,,其他,,,,0.0,0,0,0,有,無,4800000,23676,,0.0,0,,RPTNMLRKNHHGFAX47DA,0.0,0.0,0.0,無,
馬公市,土地,五德東段675地號,504.73,,一般農業區,農牧用地,1110423,土地3建物0車位0,,,其他,,,,0.0,0,0,0,有,無,3620000,7172,,0.0,0,,RPOOMLRKNHHGFAX07DA,0.0,0.0,0.0,無,
馬公市,土地,山水南段867地號,567.51,,一般農業區,農牧用地,1110420,土地1建物0車位0,,,其他,,,,0.0,0,0,0,有,無,6866000,12098,,0.0,0,,RPTNMLKLMHHGFAX76DA,0.0,0.0,0.0,無,
馬公市,土地,東衛段1830地號,198.47,,鄉村區,乙種建築用地,1110426,土地1建物0車位0,,,其他,,,,0.0,0,0,0,有,無,4000000,20154,,0.0,0,未登記建物；,RPPOMLTKNHHGFAX37DA,0.0,0.0,0.0,無,
馬公市,土地,文光段365地號,73.21,都市：其他:住宅區,,,1110403,土地1建物0車位0,,,其他,,,,0.0,0,0,0,有,無,4430000,60511,,0.0,0,親友、員工、共有人或其他特殊關係間之交易；,RPUNMLNLNHHGFAX27DA,0.0,0.0,0.0,無,
白沙鄉,土地,小赤段252地號,8.0,,一般農業區,農牧用地,1110429,土地1建物0車位0,,,其他,,,,0.0,0,0,0,有,無,27291,3411,,0.0,0,地清或未辦繼承標售；,RPPNMLTKNHHGFAX37EA,0.0,0.0,0.0,無,035
馬公市,土地,六合段724地號,374.66,都市：其他:農業區,,,1110422,土地1建物0車位0,,,其他,,,,0.0,0,0,0,有,無,11333000,30249,,0.0,0,,RPQOMLLKNHHGFAX66DA,0.0,0.0,0.0,無,
馬公市,土地,東澳段1119-1地號,24.24,,,,1110408,土地1建物0車位0,,,其他,,,,0.0,0,0,0,有,無,2082701,85920,,0.0,0,,RPVOMLPLNHHGFAX67DA,0.0,0.0,0.0,無,023
湖西鄉,土地,湖西南段1632地號,53.97,,鄉村區,乙種建築用地,1110425,土地1建物0車位0,,,其他,,,,0.0,0,0,0,有,無,395222,7323,,0.0,0,地清或未辦繼承標售；,RPRNMLKLNHHGFAX76EA,0.0,0.0,0.0,無,
馬公市,房地(土地+建物),澎湖縣馬公市頭掛３１６之６號,250.46,,一般農業區,甲種建築用地,1110424,土地2建物1車位0,全,三層,透天厝,住家用,鋼筋混凝土造,1071217,241.06,5,3,4,有,無,8700000,36091,,0.0,0,,RPRNMLQLNHHGFAX27DA,224.99,16.07,0.0,無,
白沙鄉,土地,赤崁中段199地號,400.03,,鄉村區,乙種建築用地,1110420,土地1建物0車位0,,,其他,,,,0.0,0,0,0,有,無,3993300,9983,,0.0,0,依土地法34條之1處分,RPWNMLRLNHHGFAX87DA,0.0,0.0,0.0,無,
馬公市,房地(土地+建物),澎湖縣馬公市石泉１之２９５號,87.15,,鄉村區,乙種建築用地,1110429,土地1建物1車位0,全,二層,透天厝,住家用,加強磚造,0920703,109.66,3,1,2,有,無,4600000,41948,,0.0,0,,RPXNMLKMNHHGFAX37DA,101.28,0.0,8.38,無,037
馬公市,土地,風櫃西段1056地號,56.15,,鄉村區,乙種建築用地,1110415,土地2建物0車位0,,,其他,,,,0.0,0,0,0,有,無,237860,4236,,0.0,0,,RPTNMLTKNHHGFAX77EA,0.0,0.0,0.0,無,038
馬公市,土地,風櫃西段1056地號,56.15,,鄉村區,乙種建築用地,1110415,土地2建物0車位0,,,其他,,,,0.0,0,0,0,有,無,237860,4236,,0.0,0,,RPVNMLTKNHHGFAX97EA,0.0,0.0,0.0,無,038
馬公市,土地,風櫃西段1056地號,28.08,,鄉村區,乙種建築用地,1110415,土地2建物0車位0,,,其他,,,,0.0,0,0,0,有,無,118860,4233,,0.0,0,,RPWNMLTKNHHGFAX08EA,0.0,0.0,0.0,無,038
馬公市,土地,風櫃西段1056地號,28.08,,鄉村區,乙種建築用地,1110415,土地2建物0車位0,,,其他,,,,0.0,0,0,0,有,無,118860,4233,,0.0,0,,RPXNMLTKNHHGFAX18EA,0.0,0.0,0.0,無,038
馬公市,土地,風櫃西段1056地號,28.08,,鄉村區,乙種建築用地,1110415,土地2建物0車位0,,,其他,,,,0.0,0,0,0,有,無,118860,4233,,0.0,0,,RPOOMLTKNHHGFAX37EA,0.0,0.0,0.0,無,038
馬公市,房地(土地+建物),澎湖縣馬公市宅嶼１之５號二樓之６,26.52,,鄉村區,乙種建築用地,1110416,土地1建物1車位0,二層,五層,華廈(10層含以下有電梯),住家用,鋼筋混凝土造,1090505,76.43,2,1,1,有,有,3920000,51289,,0.0,0,,RPWNMLMJOHHGFAX27DA,48.3,9.45,0.0,有,043
湖西鄉,土地,沙港北段533地號,493.76,,一般農業區,農牧用地,1110427,土地1建物0車位0,,,其他,,,,0.0,0,0,0,有,無,1820000,3686,,0.0,0,地清或未辦繼承標售；,RPSNMLQJOHHGFAX37EA,0.0,0.0,0.0,無,
湖西鄉,土地,湖西南段1228地號,239.38,,一般農業區,農牧用地,1110426,土地1建物0車位0,,,其他,,,,0.0,0,0,0,有,無,755900,3158,,0.0,0,地清或未辦繼承標售；,RPWNMLKMNHHGFAX37EA,0.0,0.0,0.0,無,
馬公市,房地(土地+建物),澎湖縣馬公市西文澳２７２號,210.57,,一般農業區,甲種建築用地,1110420,土地2建物1車位0,全,三層,透天厝,住家用,鋼筋混凝土造,1080815,262.38,6,1,6,有,無,14200000,54120,,0.0,0,土地款NT＄7084449房屋款NT＄7115551,RPXNMLQJOHHGFAX77DA,242.9,19.48,0.0,無,
湖西鄉,土地,東石新段376地號,136.42,,鄉村區,乙種建築用地,1110416,土地1建物0車位0,,,其他,,,,0.0,0,0,0,有,無,518226,3799,,0.0,0,,RPPNMLSJOHHGFAX27EA,0.0,0.0,0.0,無,
馬公市,土地,四維段852地號,4.71,,鄉村區,乙種建築用地,1110302,土地1建物0車位0,,,其他,,,,0.0,0,0,0,有,無,400000,84926,,0.0,0,,RPTNMLSJLHHGFAX27DA,0.0,0.0,0.0,無,044
白沙鄉,土地,瓦硐南段826地號,398.55,,一般農業區,農牧用地,1110309,土地1建物0車位0,,,其他,,,,0.0,0,0,0,有,無,1200000,3011,,0.0,0,,RPPNMLTJLHHGFAX07EA,0.0,0.0,0.0,無,
馬公市,土地,五福段816-4地號,161.68,,一般農業區,農牧用地,1110304,土地1建物0車位0,,,其他,,,,0.0,0,0,0,有,無,2580000,15957,,0.0,0,,RPQNMLSJLHHGFAX96DA,0.0,0.0,0.0,無,
馬公市,土地,五福段816-2地號,106.2,,一般農業區,交通用地,1110304,土地2建物0車位0,,,其他,,,,0.0,0,0,0,有,無,1300000,12241,,0.0,0,,SPQNMLSJLHHGFAX07DA,0.0,0.0,0.0,無,045
馬公市,土地,五福段689地號,1940.92,,一般農業區,農牧用地,1110302,土地1建物0車位0,,,其他,,,,0.0,0,0,0,有,無,18300000,9429,,0.0,0,權利人8人。申請農變建專案核准興建住宅。,RPTNMLQJLHHGFAX07DA,0.0,0.0,0.0,無,046
白沙鄉,土地,上瓦硐段423地號,989.6,,一般農業區,農牧用地,1110310,土地1建物0車位0,,,其他,,,,0.0,0,0,0,有,無,2000000,2021,,0.0,0,,RPQNMLQKLHHGFAX96EA,0.0,0.0,0.0,無,
馬公市,土地,興仁段833-8地號,197.58,,一般農業區,甲種建築用地,1110302,土地2建物0車位0,,,其他,,,,0.0,0,0,0,有,無,1100000,5567,,0.0,0,,RPSNMLLKLHHGFAX56DA,0.0,0.0,0.0,無,047
馬公市,土地,興仁段833-7地號,197.65,,一般農業區,甲種建築用地,1110302,土地2建物0車位0,,,其他,,,,0.0,0,0,0,有,無,1050000,5312,,0.0,0,,RPTNMLLKLHHGFAX66DA,0.0,0.0,0.0,無,047
馬公市,土地,五福段964地號,31.41,,鄉村區,乙種建築用地,1110309,土地1建物0車位0,,,其他,,,,0.0,0,0,0,有,無,1086000,34575,,0.0,0,本案係賣方賣清案件。含土地增值稅或其他稅費118009元；含地政士服務費19775元；其他 地政行政規費:216元；親友、員工、共有人或其他特殊關係間之交易；,RPWNMLPKLHHGFAX37DA,0.0,0.0,0.0,無,010
馬公市,房地(土地+建物),澎湖縣馬公市民生路２９號,41.0,都市：其他:商業區,,,1110303,土地1建物1車位0,全,五層,透天厝,住家用,鋼筋混凝土造,1110110,345.25,3,1,4,有,無,9000000,26068,,0.0,0,,RPUOMLOKLHHGFAX27EA,345.25,0.0,0.0,有,
湖西鄉,土地,湖西南段199地號,39.34,,鄉村區,乙種建築用地,1110304,土地1建物0車位0,,,其他,,,,0.0,0,0,0,有,無,595000,15125,,0.0,0,,RPRNMLQKLHHGFAX07EA,0.0,0.0,0.0,無,050
馬公市,房地(土地+建物)+車位,澎湖縣馬公市貿商街１４２號二樓之一,30.6,都市：其他:住宅區,,,1110307,土地2建物1車位1,二層,十四層,住宅大樓(11層含以上有電梯),住家用,鋼筋混凝土造,0950710,186.5,3,1,2,有,有,6160000,33029,坡道平面,0.0,0,,RPWNMLMLLHHGFAX17DA,102.51,0.0,11.64,有,051
白沙鄉,土地,中屯新段843地號,38.47,,一般農業區,交通用地,1110316,土地1建物0車位0,,,其他,,,,0.0,0,0,0,有,無,86000,2236,,0.0,0,,RPOOMLLLLHHGFAX98DA,0.0,0.0,0.0,無,052
馬公市,房地(土地+建物),澎湖縣馬公市石泉１之２７９號,83.67,,一般農業區,甲種建築用地,1110314,土地1建物1車位0,全,二層,透天厝,住家用,鋼筋混凝土加強磚造,0791201,92.92,3,2,2,有,無,4100000,44124,,0.0,0,,RPSNMLMLLHHGFAX76DA,92.92,0.0,0.0,無,053
馬公市,土地,五德西段194地號,213.02,,鄉村區,乙種建築用地,1110315,土地1建物0車位0,,,其他,,,,0.0,0,0,0,有,無,2800000,13144,,0.0,0,,RPSOMLNLLHHGFAX96DA,0.0,0.0,0.0,無,054
馬公市,房地(土地+建物),澎湖縣馬公市永平路４７巷１號,61.0,都市：其他:住宅區,,,1110304,土地2建物1車位0,全,四層,透天厝,住商用,鋼筋混凝土造,0700919,153.7,4,3,3,有,無,8000000,52049,,0.0,0,,RPOOMLNLLHHGFAX56DA,153.7,0.0,0.0,無,
西嶼鄉,土地,二崁南段824地號,133.79,都市：其他:農業區,,,1110318,土地1建物0車位0,,,其他,,,,0.0,0,0,0,有,無,404000,3020,,0.0,0,,RPXNMLNLLHHGFAX47EA,0.0,0.0,0.0,無,
馬公市,土地,安宅段1770地號,42.74,,一般農業區,農牧用地,1110322,土地2建物0車位0,,,其他,,,,0.0,0,0,0,有,無,80000,1872,,0.0,0,親友、員工、共有人或其他特殊關係間之交易；,RPPNMLPLLHHGFAX86EA,0.0,0.0,0.0,無,
七美鄉,土地,七美三段1674地號,133.51,,一般農業區,農牧用地,1110319,土地2建物0車位0,,,其他,,,,0.0,0,0,0,有,無,400000,2996,,0.0,0,親友、員工、共有人或其他特殊關係間之交易；,RPQNMLPLLHHGFAX96EA,0.0,0.0,0.0,無,
馬公市,土地,鐵線段745地號,1271.21,,一般農業區,農牧用地,1110330,土地1建物0車位0,,,其他,,,,0.0,0,0,0,有,無,8430000,6631,,0.0,0,,RPSNMLKMLHHGFAX66DA,0.0,0.0,0.0,無,
西嶼鄉,土地,外垵二段238地號,538.46,,一般農業區,農牧用地,1110323,土地1建物0車位0,,,其他,,,,0.0,0,0,0,有,無,820000,1523,,0.0,0,,RPUOMLNLLHHGFAX17DA,0.0,0.0,0.0,無,
馬公市,房地(土地+建物),澎湖縣馬公市後窟潭２８之７號一樓,40.71,,鄉村區,乙種建築用地,1110320,土地2建物1車位0,一層,五層,華廈(10層含以下有電梯),住家用,鋼筋混凝土造,0870401,94.19,3,1,2,有,無,4180000,44378,,0.0,0,,RPXNMLLLLHHGFAX17DA,83.5,0.0,0.0,有,055
白沙鄉,土地,赤崁北段307地號,103.15,,鄉村區,乙種建築用地,1110318,土地1建物0車位0,,,其他,,,,0.0,0,0,0,有,無,400000,3878,,0.0,0,買受人另付土地增值稅127749元。,RPSNMLOLLHHGFAX07EA,0.0,0.0,0.0,無,
馬公市,房地(土地+建物),澎湖縣馬公市敬業街３５巷３弄４號,93.28,都市：其他:住宅區,,,1110323,土地2建物1車位0,全,二層,透天厝,住家用,鋼筋混凝土加強磚造,0691215,98.8,4,1,2,有,無,4600000,46559,,0.0,0,,RPPNMLOLLHHGFAX66DA,98.8,0.0,0.0,無,
馬公市,土地,興崁段975地號,221.17,,一般農業區,農牧用地,1110326,土地1建物0車位0,,,其他,,,,0.0,0,0,0,有,無,7460000,33730,,0.0,0,權利人共1人土地交易案件之價格含未來興建房屋成本；,RPPNMLQLLHHGFAX86DA,0.0,0.0,0.0,無,056
馬公市,房地(土地+建物),澎湖縣馬公市新生路６４巷２號,31.0,都市：其他:商業區,,,1110325,土地1建物1車位0,全,二層,透天厝,住商用,鋼筋混凝土加強空心磚造,0620630,61.26,2,1,2,有,無,4380000,71499,,0.0,0,,RPVNMLLJMHHGFAX86DA,61.26,0.0,0.0,無,
馬公市,土地,四維段852地號,23.54,,鄉村區,乙種建築用地,1110321,土地1建物0車位0,,,其他,,,,0.0,0,0,0,有,無,500000,21240,,0.0,0,,RPPNMLKMLHHGFAX98DA,0.0,0.0,0.0,無,044
湖西鄉,土地,成功南段766地號,1252.33,,一般農業區,農牧用地,1110325,土地1建物0車位0,,,其他,,,,0.0,0,0,0,有,無,7576000,6050,,0.0,0,賣方賣清價，土地增值稅由買方負擔。,RPPOMLPLLHHGFAX86DA,0.0,0.0,0.0,無,
湖西鄉,土地,成功北段564地號,427.04,,一般農業區,農牧用地,1110329,土地1建物0車位0,,,其他,,,,0.0,0,0,0,有,無,1000000,2342,,0.0,0,,RPTNMLRJMHHGFAX27DA,0.0,0.0,0.0,無,
馬公市,土地,山水西段325地號,893.8,,一般農業區,農牧用地,1110316,土地1建物0車位0,,,其他,,,,0.0,0,0,0,有,無,5400000,6042,,0.0,0,,RPUNMLTLLHHGFAX67DA,0.0,0.0,0.0,無,
湖西鄉,土地,湖西南段199地號,5.62,,鄉村區,乙種建築用地,1110320,土地1建物0車位0,,,其他,,,,0.0,0,0,0,有,無,85000,15125,,0.0,0,親友、員工、共有人或其他特殊關係間之交易；,RPVNMLSJMHHGFAX67EA,0.0,0.0,0.0,無,050
湖西鄉,土地,湖西南段199地號,28.1,,鄉村區,乙種建築用地,1110320,土地1建物0車位0,,,其他,,,,0.0,0,0,0,有,無,425000,15125,,0.0,0,親友、員工、共有人或其他特殊關係間之交易；,RPTNMLSJMHHGFAX47EA,0.0,0.0,0.0,無,050
馬公市,房地(土地+建物),澎湖縣馬公市鎖管港８３號,91.63,都市：其他:住宅區,,,1110321,土地1建物1車位0,全,三層,透天厝,住家用,鋼筋混凝土造,0861219,188.97,4,1,5,有,無,5540000,29317,,0.0,0,,RPUNMLLJMHHGFAX76DA,178.41,10.56,0.0,無,
馬公市,房地(土地+建物),澎湖縣馬公市文林街１１號,54.36,都市：其他:住宅區,,,1110318,土地1建物1車位0,全,二層,透天厝,住家用,鋼筋混凝土加強磚造,0660321,79.54,4,1,2,有,無,6000000,75434,,0.0,0,親友、員工、共有人或其他特殊關係間之交易；,RPQOMLTLLHHGFAX37DA,79.54,0.0,0.0,無,
湖西鄉,土地,成功北段561地號,1081.32,,一般農業區,農牧用地,1110324,土地1建物0車位0,,,其他,,,,0.0,0,0,0,有,無,4900000,4531,,0.0,0,,RPOOMLMKMHHGFAX09DA,0.0,0.0,0.0,無,
湖西鄉,土地,湖西南段199地號,59.02,,鄉村區,乙種建築用地,1110329,土地1建物0車位0,,,其他,,,,0.0,0,0,0,有,無,900000,15249,,0.0,0,親友、員工、共有人或其他特殊關係間之交易；,RPUNMLSJMHHGFAX57EA,0.0,0.0,0.0,無,050
七美鄉,土地,七美四段992地號,339.08,,一般農業區,甲種建築用地,1110321,土地2建物0車位0,,,其他,,,,0.0,0,0,0,有,無,880000,2595,,0.0,0,未登記建物；,RPPNMLLMLHHGFAX56EA,0.0,0.0,0.0,無,
西嶼鄉,土地,池東段3705地號,796.59,,森林區,農牧用地,1110321,土地1建物0車位0,,,其他,,,,0.0,0,0,0,有,無,1200000,1506,,0.0,0,,RPPNMLMJMHHGFAX98DA,0.0,0.0,0.0,無,
馬公市,房地(土地+建物),澎湖縣馬公市西文澳６３之１７號,96.07,都市：其他:住宅區,,,1110303,土地3建物1車位0,全,二層,透天厝,住家用,鋼筋混凝土加強磚造,0710316,89.74,3,2,2,有,無,5200000,57945,,0.0,0,,RPTNMLOKMHHGFAX07DA,89.74,0.0,0.0,無,
馬公市,房地(土地+建物),澎湖縣馬公市三多路２８號,95.89,都市：其他:住宅區,,,1110302,土地1建物1車位0,全,四層,透天厝,住商用,鋼筋混凝土造,0961011,233.05,5,3,5,有,無,23380000,100322,,0.0,0,,RPVNMLLKMHHGFAX96DA,216.18,16.87,0.0,無,061
湖西鄉,土地,城北段939地號,2902.57,,一般農業區,農牧用地,1110324,土地1建物0車位0,,,其他,,,,0.0,0,0,0,有,無,103587000,35688,,0.0,0,權利人共14人含未來14戶房屋興建價款,RPPOMLLKMHHGFAX09DA,0.0,0.0,0.0,無,062
馬公市,房地(土地+建物),澎湖縣馬公市東文澳１２３之１號八樓之七,14.41,,鄉村區,乙種建築用地,1110319,土地1建物1車位0,八層,九層,華廈(10層含以下有電梯),商業用,鋼筋混凝土造,1070620,53.56,1,1,1,有,有,3600000,67214,,0.0,0,含租約；,RPTNMLLMLHHGFAX86DA,28.91,4.92,0.0,有,063
西嶼鄉,土地,外垵二段1126地號,30.32,,鄉村區,乙種建築用地,1110328,土地1建物0車位0,,,其他,,,,0.0,0,0,0,有,無,300000,9894,,0.0,0,親友、員工、共有人或其他特殊關係間之交易；,RPXNMLLKMHHGFAX17DA,0.0,0.0,0.0,無,
馬公市,房地(土地+建物),澎湖縣馬公市頭掛６１之２０號,173.19,,一般農業區,甲種建築用地,1110304,土地1建物1車位0,全,三層,透天厝,住家用,鋼筋混凝土造,0950501,190.99,4,3,4,有,無,7800000,40840,,0.0,0,,RPUNMLOKMHHGFAX17DA,182.99,0.0,8.0,無,064
馬公市,房地(土地+建物),澎湖縣馬公市永興街６號,150.0,都市：其他:商業區,,,1110317,土地2建物2車位0,全,四層,透天厝,住商用,鋼筋混凝土加強磚造,0630504,525.69,9,2,10,有,無,25000000,47557,,0.0,0,,RPPNMLRKMHHGFAX96DA,525.69,0.0,0.0,無,065
馬公市,房地(土地+建物),澎湖縣馬公市西文澳９２之５９號,89.21,都市：其他:農業區,,,1110330,土地1建物1車位0,全,三層,透天厝,住家用,鋼筋混凝土造,0860527,166.84,4,2,3,有,無,5800000,34764,,0.0,0,,RPTNMLNKMHHGFAX96DA,158.84,8.0,0.0,無,
馬公市,土地,文寮段643-1地號,473.24,,鄉村區,乙種建築用地,1110303,土地1建物0車位0,,,其他,,,,0.0,0,0,0,有,無,11000000,23244,,0.0,0,,RPQNMLLLMHHGFAX66EA,0.0,0.0,0.0,無,
馬公市,房地(土地+建物),澎湖縣馬公市西衛１１６號,128.65,,鄉村區,乙種建築用地,1110305,土地1建物1車位0,全,三層,透天厝,住家用,鋼筋混凝土造,0831018,192.4,9,0,9,有,無,8680000,45114,,0.0,0,,RPVNMLLLMHHGFAX07DA,183.49,8.91,0.0,無,
西嶼鄉,土地,二崁南段48地號,1060.01,都市：其他:草原景緻保護區,,,1110316,土地4建物0車位0,,,其他,,,,0.0,0,0,0,有,無,3000000,2830,,0.0,0,,RPUNMLLMLHHGFAX96DA,0.0,0.0,0.0,無,
馬公市,房地(土地+建物),澎湖縣馬公市大案山８９之７號,107.0,都市：其他:住宅區,,,1110321,土地1建物1車位0,全,二層,透天厝,住家用,鋼筋混凝土加強磚造,0760518,126.16,4,3,2,有,無,9550000,75698,,0.0,0,,RPTOMLLLLHHGFAX86DA,126.16,0.0,0.0,無,
馬公市,房地(土地+建物),澎湖縣馬公市光復路３４０號,88.48,,鄉村區,乙種建築用地,1110329,土地2建物1車位0,全,三層,透天厝,住家用,鋼筋混凝土加強磚造,0680525,113.24,3,2,2,有,無,5600000,49452,,0.0,0,,RPXNMLKLMHHGFAX17DA,113.24,0.0,0.0,無,
馬公市,土地,國宅段480-1地號,438.78,都市：其他:住宅區,,,1110330,土地2建物0車位0,,,其他,,,,0.0,0,0,0,有,無,11944800,27223,,0.0,0,,RPWNMLLLMHHGFAX17DA,0.0,0.0,0.0,無,
馬公市,房地(土地+建物),澎湖縣馬公市石泉４９６號,226.86,,一般農業區,甲種建築用地,1110324,土地2建物1車位0,全,三層,透天厝,住家用,鋼筋混凝土造,1101026,285.59,7,3,7,有,無,12500000,43769,,0.0,0,,RPUNMLTLMHHGFAX77DA,280.04,5.55,0.0,無,
白沙鄉,土地,上瓦硐段369地號,642.31,,一般農業區,農牧用地,1110301,土地2建物0車位0,,,其他,,,,0.0,0,0,0,有,無,1950000,3036,,0.0,0,,RPUNMLPLMHHGFAX37DA,0.0,0.0,0.0,無,066
馬公市,房地(土地+建物),澎湖縣馬公市東文澳１７９之１１１號,194.45,,一般農業區,甲種建築用地,1110322,土地3建物1車位0,全,三層,透天厝,住家用,鋼筋混凝土造,0890315,210.71,5,2,6,有,無,7960000,37777,,0.0,0,,RPUNMLQLMHHGFAX47DA,194.71,16.0,0.0,無,
馬公市,房地(土地+建物),澎湖縣馬公市鎖管港１９６２號三樓之二,34.52,都市：其他:住宅區,,,1110329,土地2建物1車位0,三層,四層,華廈(10層含以下有電梯),住家用,鋼筋混凝土造,1110117,89.18,2,1,2,有,有,4320000,48441,,0.0,0,併案申報登記案件連件辦理總價新台幣432萬元整土地價款為74萬5仟元整房屋價款為357萬5仟元整預售屋、或土地及建物分件登記案件；,RPTNMLTLMHHGFAX67DA,67.27,6.84,0.0,有,
馬公市,房地(土地+建物),澎湖縣馬公市臨海路５之２號,89.0,都市：其他:商業區,,,1110331,土地1建物1車位0,全,四層,透天厝,住商用,鋼筋混凝土造,0730425,360.39,6,2,4,有,無,9000000,24973,,0.0,0,親友、員工、共有人或其他特殊關係間之交易；,RPWNMLLJMHHGFAX96DA,360.39,0.0,0.0,無,
白沙鄉,土地,通梁東段71地號,2580.9,,一般農業區,農牧用地,1110302,土地2建物0車位0,,,其他,,,,0.0,0,0,0,有,無,10000000,3875,,0.0,0,,RPTNMLMJLHHGFAX66DA,0.0,0.0,0.0,無,
馬公市,土地,五福段296地號,1479.12,,一般農業區,農牧用地,1110316,土地1建物0車位0,,,其他,,,,0.0,0,0,0,有,無,21470000,14515,,0.0,0,,RPPNMLLLLHHGFAX98DA,0.0,0.0,0.0,無,
馬公市,房地(土地+建物),澎湖縣馬公市石泉１８０之６號,228.71,,一般農業區,甲種建築用地,1110320,土地2建物1車位0,全,三層,透天厝,住家用,鋼筋混凝土造,1041130,255.43,5,1,5,有,無,11300000,44239,,0.0,0,,RPTNMLNJNHHGFAX96DA,237.81,17.62,0.0,無,
湖西鄉,土地,湖西南段2699地號,2153.14,,一般農業區,農牧用地,1110303,土地2建物0車位0,,,其他,,,,0.0,0,0,0,有,無,4150000,1927,,0.0,0,,RPRNMLPJNHHGFAX07EA,0.0,0.0,0.0,無,
馬公市,房地(土地+建物),澎湖縣馬公市菜園６８號六樓之六,19.88,,鄉村區,乙種建築用地,1110314,土地1建物1車位0,六層,六層,華廈(10層含以下有電梯),住家用,鋼筋混凝土造,1080418,70.84,1,1,2,有,有,4300000,60700,,0.0,0,,RPWNMLLKNHHGFAX17DA,46.57,5.42,0.0,有,067
馬公市,土地,文寮段741地號,355.96,,一般農業區,農牧用地,1110330,土地1建物0車位0,,,其他,,,,0.0,0,0,0,有,無,3680000,10338,,0.0,0,,RPOOMLKKNHHGFAX98DA,0.0,0.0,0.0,無,
馬公市,房地(土地+建物),澎湖縣馬公市文光路１６４巷５號,90.32,都市：其他:住宅區,,,1110316,土地1建物1車位0,全,二層,透天厝,住家用,鋼筋混凝土加強磚造,0590809,89.6,4,2,1,有,無,3800000,42411,,0.0,0,,RPVNMLTJNHHGFAX77DA,89.6,0.0,0.0,無,
馬公市,土地,興仁段469地號,339.59,,一般農業區,農牧用地,1110315,土地1建物0車位0,,,其他,,,,0.0,0,0,0,有,無,2030000,5978,,0.0,0,,RPUNMLKLNHHGFAX96DA,0.0,0.0,0.0,無,
馬公市,土地,光華段292地號,885.05,,一般農業區,農牧用地,1110330,土地1建物0車位0,,,其他,,,,0.0,0,0,0,有,無,1990000,2248,,0.0,0,,RPTNMLSKMHHGFAX47DA,0.0,0.0,0.0,無,
馬公市,房地(土地+建物),澎湖縣馬公市六合路２１巷１０號,95.29,都市：其他:住宅區,,,1110322,土地1建物1車位0,全,二層,透天厝,住家用,鋼筋混凝土加強磚造,0771123,126.54,4,2,2,有,無,5600000,44255,,0.0,0,土地價款為新台幣530萬元整、建物價款為新台幣30萬元整親友、員工、共有人或其他特殊關係間之交易；,RPTNMLKLNHHGFAX86DA,126.54,0.0,0.0,無,068
馬公市,房地(土地+建物),澎湖縣馬公市民裕街３６巷５號五樓,49.83,都市：其他:住宅區,,,1110307,土地1建物1車位0,五層,五層,公寓(5樓含以下無電梯),住家用,鋼筋混凝土造,0840119,110.73,3,1,2,有,有,4100000,37027,,0.0,0,,RPUNMLPLNHHGFAX47DA,87.76,9.92,0.0,無,069
湖西鄉,房地(土地+建物),澎湖縣湖西鄉林投７１之３號,263.38,,鄉村區,乙種建築用地,1110330,土地1建物1車位0,全,三層,透天厝,住家用,鋼筋混凝土造,0920501,171.64,4,2,2,有,無,5600000,32626,,0.0,0,,RPVNMLKLMHHGFAX96DA,171.64,0.0,0.0,無,
湖西鄉,土地,成功南段247地號,703.58,,一般農業區,農牧用地,1110306,土地1建物0車位0,,,其他,,,,0.0,0,0,0,有,無,5300000,7533,,0.0,0,,RPTNMLOLNHHGFAX27DA,0.0,0.0,0.0,無,070
馬公市,房地(土地+建物),澎湖縣馬公市珠江５９號,257.03,,鄉村區,乙種建築用地,1110317,土地1建物1車位0,全,二層,透天厝,住家用,加強磚造,0950412,226.69,7,1,8,有,無,20000000,88226,,0.0,0,,RPQNMLRLNHHGFAX37EA,226.69,0.0,0.0,無,
白沙鄉,土地,瓦硐南段146地號,1023.35,,一般農業區,農牧用地,1110301,土地1建物0車位0,,,其他,,,,0.0,0,0,0,有,無,2320000,2267,,0.0,0,,RPQNMLQLNHHGFAX17DA,0.0,0.0,0.0,無,071
馬公市,房地(土地+建物)+車位,澎湖縣馬公市貿商街１２８號六樓之五,28.64,都市：其他:住宅區,,,1110321,土地2建物1車位1,六層,十四層,住宅大樓(11層含以上有電梯),住家用,鋼筋混凝土造,0950710,174.72,3,2,2,有,有,6200000,35485,坡道平面,0.0,0,親友、員工、共有人或其他特殊關係間之交易；,RPUNMLLKNHHGFAX96DA,96.05,0.0,10.96,有,072
白沙鄉,房地(土地+建物),澎湖縣白沙鄉講美１３８之２３號,444.97,,一般農業區,甲種建築用地,1110307,土地2建物1車位0,全,三層,透天厝,住家用,鋼筋混凝土造,1060120,249.94,5,6,2,有,無,8000000,32008,,0.0,0,親友、員工、共有人或其他特殊關係間之交易；,RPRNMLPJOHHGFAX07DA,241.06,8.88,0.0,無,
馬公市,房地(土地+建物),澎湖縣馬公市西文澳４７號,128.65,都市：其他:住宅區,,,1110222,土地1建物1車位0,全,一層,透天厝,住家用,造,0250000,95.22,1,1,1,有,無,3000000,31506,,0.0,0,親友、員工、共有人或其他特殊關係間之交易；,RPUNMLLKLHHGFAX76DA,67.95,27.27,0.0,無,
西嶼鄉,土地,外垵二段955地號,263.46,,一般農業區,農牧用地,1110216,土地1建物0車位0,,,其他,,,,0.0,0,0,0,有,無,1000000,3796,,0.0,0,,RPPNMLQKLHHGFAX86EA,0.0,0.0,0.0,無,
馬公市,土地,中衛段1654地號,4374.61,,一般農業區,農牧用地,1110225,土地1建物0車位0,,,其他,,,,0.0,0,0,0,有,無,159940000,36561,,0.0,0,權利人共17人土地交易案件之價格含未來興建房屋成本；,RPPNMLSJLHHGFAX86DA,0.0,0.0,0.0,無,073
西嶼鄉,土地,池東段338地號,189.17,,鄉村區,乙種建築用地,1110217,土地1建物0車位0,,,其他,,,,0.0,0,0,0,有,無,1000000,5286,,0.0,0,,RPPPMLOKLHHGFAX76DA,0.0,0.0,0.0,無,
西嶼鄉,土地,橫礁新段821地號,481.77,,一般農業區,農牧用地,1110222,土地1建物0車位0,,,其他,,,,0.0,0,0,0,有,無,736000,1528,,0.0,0,地清或未辦繼承標售；,RPUNMLPKLHHGFAX17DA,0.0,0.0,0.0,無,074
馬公市,土地,文澳段2382地號,240.0,都市：其他:商業區,,,1110208,土地1建物0車位0,,,其他,,,,0.0,0,0,0,有,無,8832000,36800,,0.0,0,親友、員工、共有人或其他特殊關係間之交易；受債權債務關係影響或債務抵償；,RPTNMLTJLHHGFAX47EA,0.0,0.0,0.0,無,
馬公市,房地(土地+建物),澎湖縣馬公市重慶街２４號,53.0,都市：其他:商業區,,,1110219,土地4建物1車位0,全,五層,透天厝,住家用,加強磚造,04505,230.97,2,3,5,有,無,13500000,58449,,0.0,0,,RPQNMLPKLHHGFAX86EA,230.97,0.0,0.0,無,
馬公市,房地(土地+建物)+車位,澎湖縣馬公市鎖管港１９６２號,67.67,都市：其他:住宅區,,,1110218,土地2建物1車位1,一層,四層,華廈(10層含以下有電梯),住家用,鋼筋混凝土造,1110117,161.25,2,1,2,有,有,8500000,52713,一樓平面,0.0,0,併案申報，登記案件連件辦理，總價新台幣850萬元整，土地價款為新台幣148萬元整，房屋價款為新台幣702萬元整預售屋、或土地及建物分件登記案件；,RPVNMLPKLHHGFAX27DA,131.71,0.0,0.0,有,
西嶼鄉,土地,橫礁新段821地號,120.44,,一般農業區,農牧用地,1110216,土地1建物0車位0,,,其他,,,,0.0,0,0,0,有,無,184000,1528,,0.0,0,地清或未辦繼承標售；,RPWNMLLKLHHGFAX96DA,0.0,0.0,0.0,無,074
白沙鄉,土地,講美段845地號,95.11,,鄉村區,乙種建築用地,1110218,土地1建物0車位0,,,其他,,,,0.0,0,0,0,有,無,1294650,13612,,0.0,0,代繳印花稅673元。,RPTNMLOJLHHGFAX96EA,0.0,0.0,0.0,無,
白沙鄉,土地,講美段846地號,94.51,,鄉村區,丁種建築用地,1110218,土地1建物0車位0,,,其他,,,,0.0,0,0,0,有,無,428850,4538,,0.0,0,,SPTNMLOJLHHGFAX07EA,0.0,0.0,0.0,無,
白沙鄉,土地,講美段870地號,176.07,,一般農業區,農牧用地,1110218,土地1建物0車位0,,,其他,,,,0.0,0,0,0,有,無,372820,2117,,0.0,0,代繳印花稅246元。,RPUNMLOJLHHGFAX07EA,0.0,0.0,0.0,無,
馬公市,土地,光華段421-3地號,148.16,,一般農業區,農牧用地,1110217,土地1建物0車位0,,,其他,,,,0.0,0,0,0,有,無,1650000,11137,,0.0,0,,RPWNMLTJLHHGFAX67DA,0.0,0.0,0.0,無,076
馬公市,房地(土地+建物)+車位,澎湖縣馬公市東文澳１６３之１２號四樓,44.24,,鄉村區,乙種建築用地,1110214,土地1建物1車位1,四層,六層,華廈(10層含以下有電梯),住家用,鋼筋混凝土造,0890219,142.60999999999999,3,2,2,有,有,5000000,35061,一樓平面,0.0,0,,RPVNMLLLLHHGFAX96DA,96.28,11.04,0.0,有,
馬公市,土地,馬公段1070-2地號,39.0,都市：其他:商業區,,,1110224,土地3建物0車位0,,,其他,,,,0.0,0,0,0,有,無,3383250,86750,,0.0,0,政府機關標讓售；,RPWNMLLLLHHGFAX07DA,0.0,0.0,0.0,無,
馬公市,房地(土地+建物),澎湖縣馬公市中華路１９５號四樓,40.62,都市：其他:住宅區,,,1110210,土地1建物1車位0,四層,四層,公寓(5樓含以下無電梯),住家用,鋼筋混凝土造,0690726,109.75,3,1,2,有,無,4000000,36446,,0.0,0,賣方賣清價土地增值稅由買方負擔。親友、員工、共有人或其他特殊關係間之交易；,RPPNMLNKLHHGFAX09DA,93.0,0.0,0.0,無,
望安鄉,土地,花宅段2238地號,9.9,,一般農業區,甲種建築用地,1110226,土地1建物0車位0,,,其他,,,,0.0,0,0,0,有,無,30000,3030,,0.0,0,親友、員工、共有人或其他特殊關係間之交易；,RPOOMLMJLHHGFAX88DA,0.0,0.0,0.0,無,027
湖西鄉,土地,龍門北段122地號,1599.93,,一般農業區,農牧用地,1110222,土地1建物0車位0,,,其他,,,,0.0,0,0,0,有,無,7066000,4416,,0.0,0,,RPVNMLNLLHHGFAX17DA,0.0,0.0,0.0,無,078
馬公市,房地(土地+建物),澎湖縣馬公市鎖管港１９６２號三樓之一,34.25,都市：其他:住宅區,,,1110225,土地2建物1車位0,三層,四層,華廈(10層含以下有電梯),住家用,鋼筋混凝土造,1110117,88.98,2,1,2,有,有,4380000,49225,,0.0,0,併案申報登記案件連件辦理總價新台幣438萬元整土地價款為新台幣74萬5仟元整房屋價款為363萬5仟元整預售屋、或土地及建物分件登記案件；,RPTNMLMLLHHGFAX86DA,67.04,6.99,0.0,有,
馬公市,房地(土地+建物),澎湖縣馬公市鎖管港１９６２號二樓之一,34.25,都市：其他:住宅區,,,1110225,土地2建物1車位0,二層,四層,華廈(10層含以下有電梯),住家用,鋼筋混凝土造,1110117,88.98,2,1,2,有,有,4280000,48101,,0.0,0,併案申報登記案件連件辦理總價新台幣428萬元整土地價款為74萬5仟元整房屋價款為353萬5仟元整預售屋、或土地及建物分件登記案件；,RPUNMLMLLHHGFAX96DA,67.04,6.99,0.0,有,
馬公市,土地,東澳段217地號,124.33,都市：其他:住宅區,,,1110227,土地1建物0車位0,,,其他,,,,0.0,0,0,0,有,無,8900000,71584,,0.0,0,,RPXNMLTLLHHGFAX97DA,0.0,0.0,0.0,無,
馬公市,房地(土地+建物),澎湖縣馬公市鎖管港１９６２號四樓之一,34.25,都市：其他:住宅區,,,1110225,土地2建物1車位0,四層,四層,華廈(10層含以下有電梯),住家用,鋼筋混凝土造,1110117,88.98,2,1,2,有,有,4380000,49225,,0.0,0,併案申報登記案件連件辦理總價新台幣438萬元整土地價款為74萬5仟元整房屋價款為363萬5仟元整預售屋、或土地及建物分件登記案件；,RPVNMLMLLHHGFAX07DA,67.04,6.99,0.0,有,
白沙鄉,房地(土地+建物),澎湖縣白沙鄉大赤崁９之２９號,797.21,,一般農業區,農牧用地,1110211,土地2建物1車位0,全,一層,透天厝,住家用,鋼骨構造,1001116,159.5,1,1,1,有,無,8922550,55941,,0.0,0,,RPVNMLPLLHHGFAX37DA,159.5,0.0,0.0,無,
湖西鄉,土地,城北段976地號,461.6,,一般農業區,農牧用地,1110213,土地2建物0車位0,,,其他,,,,0.0,0,0,0,有,無,3650000,7907,,0.0,0,,RPUNMLLLLHHGFAX86DA,0.0,0.0,0.0,無,079
湖西鄉,土地,南寮北段384地號,245.35,,鄉村區,乙種建築用地,1110207,土地1建物0車位0,,,其他,,,,0.0,0,0,0,有,無,791084,3224,,0.0,0,地清或未辦繼承標售；,RPRNMLSLLHHGFAX37EA,0.0,0.0,0.0,無,080
湖西鄉,土地,南寮北段384地號,245.35,,鄉村區,乙種建築用地,1110211,土地1建物0車位0,,,其他,,,,0.0,0,0,0,有,無,791084,3224,,0.0,0,地清或未辦繼承標售；,RPSNMLSLLHHGFAX47EA,0.0,0.0,0.0,無,080
馬公市,建物,澎湖縣馬公市啟明街３０之１號,0.0,,,,1110214,土地0建物1車位0,全,一層,透天厝,住家用,見其他登記事項,1060526,77.26,0,1,1,有,無,900000,11649,,0.0,0,,RPSNMLNJLHHGFAX66DA,77.26,0.0,0.0,無,
馬公市,房地(土地+建物),澎湖縣馬公市林森路８６之５號七樓,15.9,都市：其他:住宅區,,,1110224,土地1建物1車位0,七層,七層,華廈(10層含以下有電梯),住家用,鋼筋混凝土造,0870925,81.72,2,1,1,有,有,3200000,39158,,0.0,0,,RPUNMLKMLHHGFAX86DA,53.08,0.0,5.26,有,
湖西鄉,土地,鼎灣新段119地號,671.8,,一般農業區,農牧用地,1110217,土地1建物0車位0,,,其他,,,,0.0,0,0,0,有,無,2700000,4019,,0.0,0,,RPPNMLLJMHHGFAX88DA,0.0,0.0,0.0,無,082
望安鄉,房地(土地+建物),澎湖縣望安鄉花宅３４號,194.0,,鄉村區,乙種建築用地,1110222,土地1建物1車位0,全,一層,透天厝,住家用,石造,,73.26,2,1,1,有,無,1633000,22290,,0.0,0,地清或未辦繼承標售；,RPPNMLPKLHHGFAX76EA,73.26,0.0,0.0,無,
馬公市,房地(土地+建物),澎湖縣馬公市鎖管港１９６２號四樓之二,34.52,都市：其他:住宅區,,,1110225,土地2建物1車位0,四層,四層,華廈(10層含以下有電梯),住家用,鋼筋混凝土造,1110117,89.18,2,1,2,有,有,4380000,49114,,0.0,0,併案申報登記案件連件辦理總價新台幣438萬元整土地價款為74萬5仟元整房屋價款為363萬5仟元整預售屋、或土地及建物分件登記案件；,RPTNMLLKMHHGFAX76DA,67.27,6.84,0.0,有,
馬公市,房地(土地+建物),澎湖縣馬公市文光路５９號二樓之１,18.67,都市：其他:住宅區,,,1110218,土地1建物1車位0,二層,五層,華廈(10層含以下有電梯),住家用,鋼筋混凝土造,1101216,55.33,1,1,1,有,無,4200000,75908,,0.0,0,,RPXNMLMKMHHGFAX27DA,38.54,3.53,0.0,有,
馬公市,房地(土地+建物),澎湖縣馬公市宅嶼１之５號二樓之３,25.61,,鄉村區,乙種建築用地,1110225,土地1建物1車位0,二層,五層,華廈(10層含以下有電梯),住家用,鋼筋混凝土造,1090505,73.25,2,1,1,有,有,4000000,54608,,0.0,0,,RPROMLMKMHHGFAX76DA,45.14,10.19,0.0,有,083
湖西鄉,土地,林投南段711地號,2142.52,,一般農業區,農牧用地,1110225,土地3建物0車位0,,,其他,,,,0.0,0,0,0,有,無,12962250,6050,,0.0,0,,RPPNMLPJMHHGFAX66DA,0.0,0.0,0.0,無,
湖西鄉,土地,城北段905地號,2635.5,,一般農業區,農牧用地,1110216,土地1建物0車位0,,,其他,,,,0.0,0,0,0,有,無,20000000,7589,,0.0,0,,RPPOMLKLMHHGFAX09DA,0.0,0.0,0.0,無,
湖西鄉,土地,湖西南段960地號,849.71,,一般農業區,農牧用地,1110218,土地1建物0車位0,,,其他,,,,0.0,0,0,0,有,無,5731100,6745,,0.0,0,,RPPNMLOJNHHGFAX76EA,0.0,0.0,0.0,無,
湖西鄉,土地,湖西南段981地號,672.26,,一般農業區,農牧用地,1110213,土地1建物0車位0,,,其他,,,,0.0,0,0,0,有,無,5083750,7562,,0.0,0,,RPQNMLOJNHHGFAX86EA,0.0,0.0,0.0,無,084
馬公市,房地(土地+建物),澎湖縣馬公市文光路１０４之２號,301.12,都市：其他:住宅區,,,1110201,土地2建物1車位0,全,二層,透天厝,住商用,鋼筋混凝土加強磚造,0721224,295.16,7,3,5,有,無,13001000,44047,,0.0,0,親友、員工、共有人或其他特殊關係間之交易；,RPTNMLTJNHHGFAX57DA,295.16,0.0,0.0,無,
馬公市,房地(土地+建物),澎湖縣馬公市宅嶼１之５號二樓之５,24.69,,鄉村區,乙種建築用地,1110224,土地1建物1車位0,二層,五層,華廈(10層含以下有電梯),住家用,鋼筋混凝土造,1090505,72.17,2,1,1,有,有,4080000,56533,,0.0,0,,RPUNMLNKNHHGFAX17DA,49.86,4.65,0.0,有,085
湖西鄉,土地,西溪新段1976地號,951.53,,一般農業區,農牧用地,1110221,土地1建物0車位0,,,其他,,,,0.0,0,0,0,有,無,4580000,4813,,0.0,0,,RPWNMLQKNHHGFAX67DA,0.0,0.0,0.0,無,
湖西鄉,土地,城北段991地號,1125.29,,一般農業區,農牧用地,1110218,土地1建物0車位0,,,其他,,,,0.0,0,0,0,有,無,8680000,7714,,0.0,0,,RPUNMLQKNHHGFAX47DA,0.0,0.0,0.0,無,086
白沙鄉,土地,赤崁中段1316地號,315.69,,一般農業區,農牧用地,1110216,土地1建物0車位0,,,其他,,,,0.0,0,0,0,有,無,280000,887,,0.0,0,,RPUNMLRLNHHGFAX67DA,0.0,0.0,0.0,無,087
湖西鄉,土地,沙港北段1379地號,669.09,,一般農業區,農牧用地,1110210,土地1建物0車位0,,,其他,,,,0.0,0,0,0,有,無,5140000,7682,,0.0,0,,RPPNMLKLMHHGFAX09EA,0.0,0.0,0.0,無,088
馬公市,房地(土地+建物),澎湖縣馬公市石泉１之１８９號,53.12,,鄉村區,乙種建築用地,1110217,土地1建物1車位0,全,三層,透天厝,住家用,鋼筋混凝土造,0730621,122.8,3,1,3,有,無,5300000,43160,,0.0,0,,RPOOMLKMNHHGFAX56DA,122.8,0.0,0.0,無,089
湖西鄉,土地,湖西南段2454-1地號,1248.29,,一般農業區,農牧用地,1110115,土地1建物0車位0,,,其他,,,,0.0,0,0,0,有,無,2643200,2117,,0.0,0,,RPUNMLTJLHHGFAX47DA,0.0,0.0,0.0,無,
望安鄉,房地(土地+建物),澎湖縣望安鄉null,139.0,,一般農業區,甲種建築用地,1110124,土地1建物1車位0,全,一層,透天厝,住家用,造,,31.98,3,0,3,有,無,454113,14200,,0.0,0,地清或未辦繼承標售；,RPQNMLPLKHHGFAX86EA,31.98,0.0,0.0,無,
馬公市,房地(土地+建物),澎湖縣馬公市吉港路１６８巷５號２樓之１,48.28,都市：其他:住宅區,,,1110117,土地1建物1車位0,二層,五層,華廈(10層含以下有電梯),住家用,鋼筋混凝土造,1101022,147.51,3,1,2,有,無,5200000,35252,,0.0,0,,RPRNMLKKLHHGFAX98DA,78.66,21.39,0.0,有,
馬公市,建物,澎湖縣馬公市民權路４６號,0.0,,,,1110106,土地0建物1車位0,全,二層,透天厝,商業用,鋼筋混凝土造,0761111,1005.32,26,6,26,有,無,38000000,37799,,0.0,0,,RPTNMLKKLHHGFAX56DA,1005.32,0.0,0.0,無,
望安鄉,房地(土地+建物),澎湖縣望安鄉null,262.0,,鄉村區,乙種建築用地,1110113,土地1建物1車位0,全,一層,透天厝,住家用,造,,54.71,4,1,1,有,無,1733000,31676,,0.0,0,地清或未辦繼承標售；,RPQNMLTJLHHGFAX17EA,54.71,0.0,0.0,無,
馬公市,房地(土地+建物),澎湖縣馬公市東文澳１２３之１號八樓之六,16.69,,鄉村區,乙種建築用地,1110113,土地1建物1車位0,八層,九層,華廈(10層含以下有電梯),商業用,鋼筋混凝土造,1070620,61.82,1,1,1,有,有,3950000,63895,,0.0,0,建物現況格局:1衛。含租約；,RPWNMLMJLHHGFAX96DA,33.33,5.71,0.0,有,090
馬公市,土地,案山段662地號,326.37,都市：其他:住宅區,,,1110113,土地2建物0車位0,,,其他,,,,0.0,0,0,0,有,無,12000000,36768,,0.0,0,含未保存登記建物,RPRNMLLKLHHGFAX09DA,0.0,0.0,0.0,無,
馬公市,土地,桶盤段59-1地號,24.25,,風景區,丙種建築用地,1110125,土地1建物0車位0,,,其他,,,,0.0,0,0,0,有,無,30675,1265,,0.0,0,地清或未辦繼承標售；,RPPNMLOLKHHGFAX66EA,0.0,0.0,0.0,無,
馬公市,房地(土地+建物)+車位,澎湖縣馬公市東文澳２之８號三樓之１,37.81,都市：其他:住宅區,,,1110107,土地1建物1車位1,三層,五層,華廈(10層含以下有電梯),住家用,鋼筋混凝土造,1101207,134.64000000000001,3,2,2,有,有,7500000,55704,坡道平面,0.0,700000,,RPSNMLNKLHHGFAX76DA,79.03,8.15,0.0,有,
馬公市,房地(土地+建物),澎湖縣馬公市東文澳２之８號三樓之６,24.08,都市：其他:住宅區,,,1110107,土地1建物1車位0,三層,五層,華廈(10層含以下有電梯),住家用,鋼筋混凝土造,1101207,76.28999999999999,2,1,1,有,有,4280000,56102,,0.0,0,,RPROMLOKLHHGFAX86DA,50.63,4.94,0.0,有,
馬公市,土地,東衛段722地號,285.12,,一般農業區,農牧用地,1110127,土地1建物0車位0,,,其他,,,,0.0,0,0,0,有,無,2000000,7015,,0.0,0,,RPTNMLRKLHHGFAX27DA,0.0,0.0,0.0,無,091
馬公市,房地(土地+建物),澎湖縣馬公市菜園６８號二樓之六,19.88,,鄉村區,乙種建築用地,1110127,土地1建物1車位0,二層,六層,華廈(10層含以下有電梯),住家用,鋼筋混凝土造,1080418,70.84,1,2,1,有,有,4300000,60700,,0.0,0,,RPSOMLLLLHHGFAX76DA,46.57,5.42,0.0,有,092
馬公市,房地(土地+建物)+車位,澎湖縣馬公市東文澳２之８號四樓之６,24.08,都市：其他:住宅區,,,1110107,土地1建物1車位1,四層,五層,華廈(10層含以下有電梯),住家用,鋼筋混凝土造,1101207,91.3,2,1,1,有,有,5560000,60898,坡道平面,0.0,700000,,RPTOMLOKLHHGFAX07DA,50.63,4.94,0.0,有,
西嶼鄉,房地(土地+建物),澎湖縣西嶼鄉大池角１２６之３號,573.75,,一般農業區,甲種建築用地,1110127,土地4建物1車位0,全,二層,透天厝,住家用,鋼筋混凝土加強空心磚造,0720722,115.96,3,1,1,有,無,4100000,35357,,0.0,0,未登記建物；,RPTNMLSKLHHGFAX37DA,115.96,0.0,0.0,無,
馬公市,土地,五福段563地號,941.1,,一般農業區,農牧用地,1110125,土地2建物0車位0,,,其他,,,,0.0,0,0,0,有,無,8000000,8501,,0.0,0,,RPPOMLNLLHHGFAX66DA,0.0,0.0,0.0,無,
馬公市,土地,山水北段516地號,380.4,,一般農業區,農牧用地,1110104,土地1建物0車位0,,,其他,,,,0.0,0,0,0,有,無,3400000,8938,,0.0,0,,RPQNMLOLLHHGFAX76DA,0.0,0.0,0.0,無,093
馬公市,房地(土地+建物),澎湖縣馬公市東文澳２之８號五樓之３,26.05,都市：其他:住宅區,,,1110107,土地1建物1車位0,五層,五層,華廈(10層含以下有電梯),住家用,鋼筋混凝土造,1101207,82.44999999999999,2,1,2,有,有,5180000,62826,,0.0,0,,RPVNMLOKLHHGFAX17DA,53.15,6.9,0.0,有,
馬公市,房地(土地+建物),澎湖縣馬公市菜園６８號三樓之三,20.04,,鄉村區,乙種建築用地,1110108,土地1建物1車位0,三層,六層,華廈(10層含以下有電梯),住家用,鋼筋混凝土造,1080418,70.83,2,1,2,有,有,4200000,59297,,0.0,0,,RPWNMLPLLHHGFAX47DA,48.02,3.82,0.0,有,094
馬公市,房地(土地+建物),澎湖縣馬公市宅嶼１６６號,238.43,,一般農業區,甲種建築用地,1110122,土地2建物1車位0,全,三層,透天厝,住家用,鋼筋混凝土造,1101215,283.17,5,2,7,有,無,13600000,48028,,0.0,0,,RPVNMLTLLHHGFAX77DA,266.21,16.96,0.0,無,
湖西鄉,房地(土地+建物),澎湖縣湖西鄉潭邊８５號,391.25,,一般農業區,甲種建築用地,1110117,土地2建物1車位0,全,三層,透天厝,住家用,鋼筋混凝土造,0890627,232.68,5,3,5,有,無,8100000,34812,,0.0,0,,RPXNMLPLLHHGFAX57DA,226.23,6.45,0.0,無,
馬公市,土地,五福段119地號,1559.39,,一般農業區,農牧用地,1110106,土地1建物0車位0,,,其他,,,,0.0,0,0,0,有,無,23100000,14813,,0.0,0,,RPPNMLNJMHHGFAX09DA,0.0,0.0,0.0,無,
馬公市,土地,光華段293地號,1337.52,,一般農業區,農牧用地,1110118,土地1建物0車位0,,,其他,,,,0.0,0,0,0,有,無,4000000,2991,,0.0,0,,RPUNMLNLLHHGFAX07DA,0.0,0.0,0.0,無,
馬公市,房地(土地+建物),澎湖縣馬公市珠江１５２之５８號,162.37,,鄉村區,乙種建築用地,1110128,土地1建物1車位0,全,三層,透天厝,住家用,鋼筋混凝土造,1041029,216.57,5,2,6,有,無,9700000,44789,,0.0,0,,RPXNMLOJLHHGFAX27DA,203.86,12.71,0.0,無,095
馬公市,土地,興仁段1321地號,515.0,,一般農業區,農牧用地,1110123,土地1建物0車位0,,,其他,,,,0.0,0,0,0,有,無,2336700,4537,,0.0,0,,RPTNMLMJNHHGFAX86DA,0.0,0.0,0.0,無,
湖西鄉,土地,湖西南段981地號,2016.77,,一般農業區,農牧用地,1110128,土地1建物0車位0,,,其他,,,,0.0,0,0,0,有,無,14153710,7018,,0.0,0,,RPTNMLSLJHHGFAX27DA,0.0,0.0,0.0,無,084
馬公市,土地,文寮段427地號,2210.32,,一般農業區,農牧用地,1110128,土地2建物0車位0,,,其他,,,,0.0,0,0,0,有,無,12080000,5465,,0.0,0,農變建專案核准興建住宅,RPQNMLLLNHHGFAX66DA,0.0,0.0,0.0,無,
湖西鄉,土地,湖西南段2454地號,2496.57,,一般農業區,農牧用地,1110115,土地1建物0車位0,,,其他,,,,0.0,0,0,0,有,無,5286400,2117,,0.0,0,,RPOPMLOLNHHGFAX96DA,0.0,0.0,0.0,無,097
馬公市,土地,東澳段1097地號,200.1,都市：其他:住宅區,,,1110127,土地1建物0車位0,,,其他,,,,0.0,0,0,0,有,無,7290000,36432,,0.0,0,,RPUOMLPLNHHGFAX57DA,0.0,0.0,0.0,無,098
馬公市,土地,興崁段541-1地號,1563.48,,一般農業區,農牧用地,1101214,土地1建物0車位0,,,其他,,,,0.0,0,0,0,有,無,10700000,6844,,0.0,0,權利人7人。申請農變建專案核准興建住宅。,RPQNMLQJLHHGFAX76DA,0.0,0.0,0.0,無,099
馬公市,土地,國宅段481地號,287.72,都市：其他:住宅區,,,1101210,土地1建物0車位0,,,其他,,,,0.0,0,0,0,有,無,8300000,28847,,0.0,0,,RPRNMLTJLHHGFAX17DA,0.0,0.0,0.0,無,
西嶼鄉,房地(土地+建物),澎湖縣西嶼鄉內垵９３號,122.77,,鄉村區,乙種建築用地,1101229,土地1建物1車位0,全,一層,透天厝,住家用,造,,24.1,3,2,1,有,無,200000,8299,,0.0,0,土地交易價格:19萬建物交易價格:1萬親友、員工、共有人或其他特殊關係間之交易；,RPVNMLMJLHHGFAX86DA,24.1,0.0,0.0,無,
西嶼鄉,土地,大池段1362地號,346.39,,鄉村區,乙種建築用地,1101228,土地1建物0車位0,,,其他,,,,0.0,0,0,0,有,無,1250000,3609,,0.0,0,親友、員工、共有人或其他特殊關係間之交易；,RPUNMLKKLHHGFAX66DA,0.0,0.0,0.0,無,
馬公市,房地(土地+建物),澎湖縣馬公市東文澳１７９之４３號,84.36,,一般農業區,甲種建築用地,1101227,土地1建物1車位0,全,三層,透天厝,住家用,鋼筋混凝土加強磚造,0760328,107.46,3,2,2,有,無,4800000,44668,,0.0,0,,RPXNMLLKLHHGFAX07DA,107.46,0.0,0.0,無,
馬公市,房地(土地+建物),澎湖縣馬公市母塢２２８號,437.07,,一般農業區,甲種建築用地,1101222,土地5建物1車位0,全,三層,透天厝,住家用,鋼筋混凝土造,1060412,401.68,5,2,6,有,無,19360000,48198,,0.0,0,,RPOOMLLKLHHGFAX88DA,362.35,39.33,0.0,無,
馬公市,土地,五福段128地號,1086.7,,一般農業區,農牧用地,1101209,土地1建物0車位0,,,其他,,,,0.0,0,0,0,有,無,16500000,15184,,0.0,0,,RPTNMLPKLHHGFAX07DA,0.0,0.0,0.0,無,
馬公市,土地,興仁段763地號,703.8,,一般農業區,農牧用地,1101217,土地1建物0車位0,,,其他,,,,0.0,0,0,0,有,無,2800000,3978,,0.0,0,賣方賣清價。土地增值稅由買方負擔。,RPPNMLQJLHHGFAX66DA,0.0,0.0,0.0,無,
馬公市,土地,文寮段741地號,636.97,,一般農業區,農牧用地,1101221,土地2建物0車位0,,,其他,,,,0.0,0,0,0,有,無,5000000,7850,,0.0,0,,RPXNMLKMLHHGFAX17DA,0.0,0.0,0.0,無,
馬公市,土地,山水北段748-9地號,239.94,,一般農業區,甲種建築用地,1101230,土地2建物0車位0,,,其他,,,,0.0,0,0,0,有,無,9360000,39010,,0.0,0,農變建之起造人變更土地交易案件之價格含未來興建房屋成本；,RPQNMLMJMHHGFAX09DA,0.0,0.0,0.0,無,
湖西鄉,土地,湖西北段800地號,398.7,,一般農業區,農牧用地,1101229,土地4建物0車位0,,,其他,,,,0.0,0,0,0,有,無,2700000,6772,,0.0,0,,RPUNMLNKMHHGFAX07DA,0.0,0.0,0.0,無,
湖西鄉,土地,湖西南段701地號,53.37,,鄉村區,乙種建築用地,1101229,土地1建物0車位0,,,其他,,,,0.0,0,0,0,有,無,1614500,30251,,0.0,0,,RPVNMLNKMHHGFAX17DA,0.0,0.0,0.0,無,
馬公市,房地(土地+建物),澎湖縣馬公市東文澳１之２號,592.44,都市：其他:住宅區,,,1101203,土地1建物1車位0,全,一層,透天厝,住家用,造,0570604,91.89,3,1,1,有,無,49280000,536293,,0.0,0,,RPVNMLMKMHHGFAX07DA,91.89,0.0,0.0,無,
馬公市,土地,興仁段749地號,214.66,,一般農業區,甲種建築用地,1101221,土地2建物0車位0,,,其他,,,,0.0,0,0,0,有,無,1190000,5544,,0.0,0,農變建專案核准變更起造人親友、員工、共有人或其他特殊關係間之交易；,RPOOMLTLLHHGFAX17DA,0.0,0.0,0.0,無,
馬公市,房地(土地+建物),澎湖縣馬公市興港北街１之１號,371.0,都市：其他:漁業區,,,1101213,土地3建物1車位0,全,二層,透天厝,商業用,鋼骨造,0930423,305.64,1,2,1,有,無,46000000,150504,,0.0,0,,RPUNMLSLMHHGFAX67DA,305.64,0.0,0.0,無,
白沙鄉,房地(土地+建物),澎湖縣白沙鄉大赤崁９之３９號,269.92,,一般農業區,甲種建築用地,1101229,土地3建物1車位0,全,三層,透天厝,住家用,鋼筋混凝土造,1070612,219.16,4,2,4,有,無,7000000,31940,,0.0,0,親友、員工、共有人或其他特殊關係間之交易；,RPVNMLLKNHHGFAX07DA,207.04,12.12,0.0,無,
馬公市,土地,文東段570地號,181.18,,一般農業區,農牧用地,1101230,土地1建物0車位0,,,其他,,,,0.0,0,0,0,有,無,600000,3312,,0.0,0,買方另支付土增稅103817元整。,RPVNMLRKNHHGFAX67DA,0.0,0.0,0.0,無,100
馬公市,土地,文寮段348地號,3871.63,,一般農業區,農牧用地,1101103,土地1建物0車位0,,,其他,,,,0.0,0,0,0,有,無,39600000,10228,,0.0,0,權利人16人。申請農變建專案核准興建住宅。,RPRNMLQJLHHGFAX86DA,0.0,0.0,0.0,無,101
湖西鄉,房地(土地+建物),澎湖縣湖西鄉港底３３０之１號,288.47,,一般農業區,甲種建築用地,1101129,土地2建物1車位0,全,三層,透天厝,住家用,鋼筋混凝土造,1070124,300.2,5,2,5,有,無,10360000,34510,,0.0,0,親友、員工、共有人或其他特殊關係間之交易；,RPPNMLTLLHHGFAX27EA,287.16,13.04,0.0,無,102
馬公市,土地,鐵線段608地號,1581.06,,一般農業區,農牧用地,1101108,土地1建物0車位0,,,其他,,,,0.0,0,0,0,有,無,8130000,5142,,0.0,0,依土地法34-1辦理買賣,RPTNMLRLMHHGFAX47DA,0.0,0.0,0.0,無,
馬公市,土地,雙湖段497地號,253.15,,一般農業區,農牧用地,1101119,土地1建物0車位0,,,其他,,,,0.0,0,0,0,有,無,1268000,5009,,0.0,0,,RPXNMLTJNHHGFAX97DA,0.0,0.0,0.0,無,103
白沙鄉,土地,小赤段252地號,168.47,,一般農業區,農牧用地,1101026,土地1建物0車位0,,,其他,,,,0.0,0,0,0,有,無,574709,3411,,0.0,0,地清或未辦繼承標售；,RPTNMLNLNHHGFAX27EA,0.0,0.0,0.0,無,035
白沙鄉,房地(土地+建物),澎湖縣白沙鄉赤崁漁港新村６０號,751.6,,鄉村區,丁種建築用地,1100913,土地1建物1車位0,全,二層,透天厝,辦公用,鋼筋混凝土造,0761028,884.22,4,2,4,有,無,16800000,19000,,0.0,0,,RPUNMLSJKHHGFAX27DA,884.22,0.0,0.0,無,
湖西鄉,土地,許家段518地號,308.52,,一般農業區,甲種建築用地,1100827,土地1建物0車位0,,,其他,,,,0.0,0,0,0,有,無,3400000,11020,,0.0,0,,RPPOMLLLLHHGFAX09DA,0.0,0.0,0.0,無,105
湖西鄉,土地,湖東新段1425地號,654.97,,一般農業區,礦業用地,1100702,土地2建物0車位0,,,其他,,,,0.0,0,0,0,有,無,1584000,2418,,0.0,0,,RPSNMLNKRHGGFAX27DA,0.0,0.0,0.0,無,106
馬公市,房地(土地+建物),澎湖縣馬公市東文澳２之８號二樓之６,22.98,都市：其他:住宅區,,,1100629,土地1建物1車位0,二層,五層,華廈(10層含以下有電梯),住家用,鋼筋混凝土造,1101207,72.57000000000001,2,1,1,有,有,4380000,60356,,0.0,0,,RPQOMLOKLHHGFAX76DA,47.9,4.94,0.0,有,009
馬公市,房地(土地+建物)+車位,澎湖縣馬公市東文澳２之８號三樓之５,27.14,都市：其他:住宅區,,,1100629,土地1建物1車位1,三層,五層,華廈(10層含以下有電梯),住家用,鋼筋混凝土造,1101207,100.96000000000001,2,1,2,有,有,5300000,52496,坡道平面,0.0,600000,,RPXNMLOKLHHGFAX37DA,55.65,6.97,0.0,有,
馬公市,房地(土地+建物),澎湖縣馬公市東文澳２之８號四樓之１,37.81,都市：其他:住宅區,,,1100618,土地1建物1車位0,四層,五層,華廈(10層含以下有電梯),住家用,鋼筋混凝土造,1101207,119.63000000000001,3,2,2,有,有,6680000,55839,,0.0,0,,RPTNMLNKLHHGFAX86DA,79.03,8.15,0.0,有,
馬公市,房地(土地+建物)+車位,澎湖縣馬公市東文澳２之８號二樓之１,37.81,都市：其他:住宅區,,,1100528,土地1建物1車位1,二層,五層,華廈(10層含以下有電梯),住家用,鋼筋混凝土造,1101207,134.64000000000001,3,2,2,有,有,7580000,56298,坡道平面,0.0,700000,,RPQNMLNKLHHGFAX56DA,79.03,8.15,0.0,有,
馬公市,房地(土地+建物),澎湖縣馬公市東文澳２之８號三樓之３,26.05,都市：其他:住宅區,,,1100309,土地1建物1車位0,三層,五層,華廈(10層含以下有電梯),住家用,鋼筋混凝土造,1101207,82.44999999999999,2,1,2,有,有,4900000,59430,,0.0,0,,RPSNMLOKLHHGFAX86DA,53.15,6.9,0.0,有,
馬公市,房地(土地+建物),澎湖縣馬公市東文澳２之８號四樓之２,22.0,都市：其他:住宅區,,,1100305,土地1建物1車位0,四層,五層,華廈(10層含以下有電梯),住家用,鋼筋混凝土造,1101207,69.68,2,1,1,有,有,4150000,59558,,0.0,0,,RPPNMLOKLHHGFAX56DA,46.73,4.03,0.0,有,
馬公市,房地(土地+建物)+車位,澎湖縣馬公市東文澳２之８號二樓之５,27.14,都市：其他:住宅區,,,1100222,土地1建物1車位1,二層,五層,華廈(10層含以下有電梯),住家用,鋼筋混凝土造,1101207,100.96000000000001,2,1,2,有,有,5600000,55468,坡道平面,0.0,700000,,RPXOMLOKLHHGFAX47DA,55.65,6.97,0.0,有,
湖西鄉,房地(土地+建物),澎湖縣湖西鄉港底２０１之３號,220.18,,一般農業區,甲種建築用地,1100119,土地2建物1車位0,全,三層,透天厝,住家用,鋼筋混凝土造,1101227,254.56,6,2,5,有,無,8180000,32134,,0.0,0,,RPTNMLTLLHHGFAX57DA,231.83,22.73,0.0,無,
馬公市,房地(土地+建物),澎湖縣馬公市東文澳２之８號五樓之６,24.08,都市：其他:住宅區,,,1091215,土地1建物1車位0,五層,五層,華廈(10層含以下有電梯),住家用,鋼筋混凝土造,1101207,76.28999999999999,2,1,1,有,有,4450000,58330,,0.0,0,,RPSOMLOKLHHGFAX96DA,50.63,4.94,0.0,有,
馬公市,房地(土地+建物)+車位,澎湖縣馬公市東文澳２之８號四樓之３,26.05,都市：其他:住宅區,,,1090901,土地1建物1車位1,四層,五層,華廈(10層含以下有電梯),住家用,鋼筋混凝土造,1101207,97.46,2,1,2,有,有,5600000,57459,坡道平面,0.0,700000,,RPTNMLOKLHHGFAX96DA,53.15,6.9,0.0,有,
馬公市,房地(土地+建物),澎湖縣馬公市東文澳２之８號四樓之５,27.14,都市：其他:住宅區,,,1090713,土地1建物1車位0,四層,五層,華廈(10層含以下有電梯),住家用,鋼筋混凝土造,1101207,85.94999999999999,2,1,2,有,有,4350000,50611,,0.0,0,,RPOOMLOKLHHGFAX56DA,55.65,6.97,0.0,有,
馬公市,房地(土地+建物),澎湖縣馬公市東文澳２之８號二樓之３,26.05,都市：其他:住宅區,,,1090607,土地1建物1車位0,二層,五層,華廈(10層含以下有電梯),住家用,鋼筋混凝土造,1101207,82.44999999999999,2,1,2,有,有,4300000,52153,,0.0,0,,RPRNMLOKLHHGFAX76DA,53.15,6.9,0.0,有,
馬公市,房地(土地+建物),澎湖縣馬公市東文澳２之８號三樓之２,22.0,都市：其他:住宅區,,,1090601,土地1建物1車位0,三層,五層,華廈(10層含以下有電梯),住家用,鋼筋混凝土造,1101207,84.69,2,1,1,有,有,4400000,51954,,0.0,0,,RPOPMLOKLHHGFAX66DA,46.73,4.03,0.0,有,
馬公市,房地(土地+建物),澎湖縣馬公市東文澳２之８號五樓之２,22.0,都市：其他:住宅區,,,1090623,土地1建物1車位0,五層,五層,華廈(10層含以下有電梯),住家用,鋼筋混凝土造,1101207,69.68,2,1,1,有,有,3850000,55253,,0.0,0,,RPQNMLOKLHHGFAX66DA,46.73,4.03,0.0,有,
馬公市,房地(土地+建物)+車位,澎湖縣馬公市東文澳２之８號五樓之５,27.14,都市：其他:住宅區,,,1090519,土地1建物1車位1,五層,五層,華廈(10層含以下有電梯),住家用,鋼筋混凝土造,1101207,100.96000000000001,2,1,2,有,有,4980000,49326,坡道平面,0.0,600000,,RPPOMLOKLHHGFAX66DA,55.65,6.97,0.0,有,
馬公市,房地(土地+建物),澎湖縣馬公市文光路５９號三樓之２,18.67,都市：其他:住宅區,,,1090419,土地1建物1車位0,三層,五層,華廈(10層含以下有電梯),住家用,鋼筋混凝土造,1101216,55.33,1,1,1,有,無,3750000,67775,,0.0,0,,RPUNMLPLLHHGFAX27DA,38.54,3.53,0.0,有,
馬公市,房地(土地+建物),澎湖縣馬公市文光路５９號三樓之１,18.67,都市：其他:住宅區,,,1090426,土地1建物1車位0,三層,五層,華廈(10層含以下有電梯),住家用,鋼筋混凝土造,1101216,55.33,1,1,1,有,無,3830000,69221,,0.0,0,,RPTNMLPKMHHGFAX17DA,38.54,3.53,0.0,有,
馬公市,房地(土地+建物),澎湖縣馬公市文光路５９號五樓,37.35,都市：其他:住宅區,,,1090428,土地1建物1車位0,五層,五層,華廈(10層含以下有電梯),住家用,鋼筋混凝土造,1101216,111.67,2,2,2,有,無,7380000,66088,,0.0,0,,RPXNMLLKNHHGFAX27DA,75.91,9.25,0.0,有,
馬公市,房地(土地+建物),澎湖縣馬公市文光路５９號二樓之２,18.67,都市：其他:住宅區,,,1090426,土地1建物1車位0,二層,五層,華廈(10層含以下有電梯),住家用,鋼筋混凝土造,1101216,55.33,1,1,1,有,無,3830000,69221,,0.0,0,,RPOOMLLKNHHGFAX09DA,38.54,3.53,0.0,有,
馬公市,房地(土地+建物),澎湖縣馬公市文光路５９號四樓,37.35,都市：其他:住宅區,,,1090423,土地1建物1車位0,四層,五層,華廈(10層含以下有電梯),住家用,鋼筋混凝土造,1101216,111.67,2,2,2,有,無,7380000,66088,,0.0,0,,RPPOMLLKNHHGFAX56DA,75.91,9.25,0.0,有,
馬公市,房地(土地+建物),澎湖縣馬公市東文澳２之８號二樓之２,22.0,都市：其他:住宅區,,,1090324,土地1建物1車位0,二層,五層,華廈(10層含以下有電梯),住家用,鋼筋混凝土造,1101207,69.68,2,1,1,有,有,3800000,54535,,0.0,0,,RPRNMLNKLHHGFAX66DA,46.73,4.03,0.0,有,
