﻿編號,車位類別,車位價格,車位面積平方公尺,車位所在樓層
Serial number,berth category,berth price,berth area square meter,
RPRUMLRKQHGGFDA78CB,坡道平面,3000000,36.75,地下三樓
RPPNMLSKQHGGFCA87CB,升降機械,2100000,11.30,地下二樓
RPPNMLNLQHGGFDA57CB,坡道平面,3100000,29.31,地下一樓
RPRNMLNLQHGGFDA77CB,坡道平面,3000000,29.31,地下一樓
RPRNMLKLQHGGFAA17CB,坡道機械,1650000,16.96,地下五樓含以下
RPWOMLNLQHGGFAA08CB,升降機械,2000000,10.97,地下二樓
RPSNMLOLQHGGFDA97CB,坡道平面,4000000,35.70,地下三樓
RPSNMLOLQHGGFDA97CB,坡道平面,4000000,35.70,地下三樓
RPTOMLOLQHGGFFA48DB,升降機械,2700000,6.43,地下四樓
RPQNMLSKQHGGFCA97CB,升降機械,2100000,11.30,地下三樓
RPVQMLPLQHGGFAA38CB,坡道平面,2100000,32.56,地下四樓
RPRNMLQLQHGGFCA97CB,升降機械,2100000,11.30,地下三樓
RPSNMLQLQHGGFCA08CB,升降機械,2100000,11.30,地下二樓
RPPNMLOLQHGGFDA67CB,坡道平面,3000000,36.75,地下三樓
RPPNMLOLQHGGFDA67CB,坡道平面,3000000,36.75,地下三樓
RPPNMLQLQHGGFBA67CB,其他,1500000,17.30,地下三樓
RPQNMLQLQHGGFDA08DB,坡道平面,3000000,41.04,地下二樓
RPQNMLQLQHGGFDA08DB,坡道平面,3000000,41.04,地下二樓
RPQNMLQLQHGGFDA08DB,坡道平面,3000000,41.04,地下二樓
RPTNMLRLQHGGFBA18CB,升降機械,1500000,5.88,地下四樓
RPRNMLRLQHGGFDA18CB,坡道平面,2300000,28.83,地下三樓
RPSNMLRLQHGGFDA28CB,坡道平面,2300000,28.83,地下三樓
RPQNMLRLQHGGFEA18CB,坡道機械,1400000,7.31,地下二樓
RPSRMLPLQHGGFCA38CB,坡道平面,2300000,36.26,地下五樓含以下
RPQNMLSLQHGGFCA08CB,坡道平面,2700000,36.26,地下三樓
RPRNMLSLQHGGFCA18CB,坡道平面,2300000,36.26,地下五樓含以下
RPUQMLKMQHGGFCA08CB,升降機械,2300000,19.22,地下二樓
RPPNMLKMQHGGFEA47CB,坡道機械,1400000,7.31,地下二樓
RPTTMLKMQHGGFCA28CB,坡道平面,1700000,36.26,地下五樓含以下
RPQNMLKMQHGGFEA57CB,坡道機械,1000000,7.31,地下二樓
RPSOMLPLQHGGFDA18CB,坡道平面,2300000,28.83,地下三樓
RPRNMLKMQHGGFEA67CB,坡道機械,1100000,7.31,地下二樓
RPSNMLKMQHGGFEA77CB,坡道機械,1380000,7.31,地下二樓
RPROMLKMQHGGFAA37CB,坡道平面,3000000,28.10,地下一樓
RPROMLKMQHGGFAA37CB,坡道平面,3100000,28.10,地下一樓
RPPNMLLMQHGGFAA17CB,坡道機械,1650000,16.96,地下五樓含以下
RPQNMLRLQHGGFDA08CB,坡道平面,2500000,28.83,地下二樓
RPPNMLLMQHGGFDA47CB,坡道平面,2500000,28.83,地下二樓
RPQNMLLMQHGGFDA57CB,坡道平面,2500000,28.83,地下二樓
RPRNMLLMQHGGFDA67CB,坡道平面,2500000,28.83,地下二樓
RPPRMLPLQHGGFAA87CB,其他,2400000,8.80,無固定樓層
RPSOMLLMQHGGFEA97CB,其他,1500000,10.87,無固定樓層
RPXNMLLMQHGGFEA38CB,其他,1500000,10.87,無固定樓層
RPPNMLLJRHGGFDA27CB,坡道平面,3100000,29.31,地下一樓
RPTOMLLMQHGGFEA08CB,其他,1500000,10.87,無固定樓層
RPQNMLLJRHGGFDA37CB,坡道平面,2900000,29.31,地下二樓
RPUNMLLJRHGGFAA47CB,坡道平面,2550000,28.10,地下二樓
RPUNMLLJRHGGFAA47CB,坡道平面,2850000,28.10,地下二樓
RPSNMLLJRHGGFDA57CB,坡道平面,3100000,29.31,地下一樓
RPVNMLLJRHGGFAA57CB,坡道平面,2200000,28.10,地下四樓
RPXNMLLJRHGGFAA77CB,坡道平面,3100000,28.10,地下一樓
RPXNMLLJRHGGFAA77CB,坡道平面,3000000,28.10,地下一樓
RPWNMLLJRHGGFAA67CB,坡道平面,2350000,26.45,地下三樓
RPWNMLLJRHGGFAA67CB,坡道平面,2550000,28.10,地下三樓
RPPOMLLJRHGGFAA07CB,坡道平面,2550000,28.10,地下三樓
RPPOMLLJRHGGFAA07CB,坡道平面,2650000,28.10,地下三樓
RPQNMLMJRHGGFAA17CB,坡道平面,2100000,32.56,地下四樓
RPPNMLMJRHGGFAA07CB,坡道平面,2200000,32.56,地下三樓
RPRNMLMJRHGGFAA27CB,坡道平面,2400000,32.56,地下二樓
RPSSMLMJRHGGFBA97CB,坡道平面,2600000,42.60,地下二樓
RPQSMLMJRHGGFBA77CB,坡道平面,2600000,42.60,地下二樓
RPUSMLMJRHGGFBA18CB,坡道平面,2700000,42.60,地下二樓
RPPNMLMJRHGGFCA27CB,坡道平面,2300000,36.26,地下五樓含以下
RPPNMLNJRHGGFAA17CB,其他,2400000,8.80,無固定樓層
RPPNMLPJRHGGFCA57CB,坡道平面,2100000,36.26,地下五樓含以下
RPPNMLNJRHGGFDA47CB,坡道平面,2500000,34.59,地下五樓含以下
RPQNMLNJRHGGFDA57CB,坡道平面,2900000,36.75,地下四樓
RPQNMLPJRHGGFCA67CB,坡道平面,2900000,36.26,地下三樓
RPQNMLQJRHGGFCA77CB,坡道平面,3250000,32.22,地下四樓
RPRNMLQJRHGGFCA87CB,坡道平面,3850000,32.22,地下一樓
RPPNMLQJRHGGFCA67CB,坡道平面,3650000,32.22,地下二樓
RPPNMLQJRHGGFCA67CB,坡道平面,3650000,32.22,地下二樓
RPPNMLQJRHGGFCA67CB,坡道平面,3450000,32.22,地下三樓
RPSNMLQJRHGGFCA97CB,坡道平面,3850000,32.22,地下一樓
RPTNMLQJRHGGFCA08CB,坡道平面,3450000,32.22,地下三樓
RPUNMLQJRHGGFCA18CB,坡道平面,3450000,32.22,地下三樓
RPWNMLQJRHGGFCA38CB,坡道平面,3450000,32.22,地下二樓
RPXNMLQJRHGGFCA48CB,坡道平面,3250000,32.22,地下三樓
RPVOMLPLQHGGFDA48CB,坡道平面,2600000,26.75,地下三樓
RPWOMLQJRHGGFDA58CB,坡道平面,2300000,28.83,地下三樓
RPXOMLQJRHGGFDA68CB,坡道平面,2300000,28.83,地下三樓
RPQNMLRJRHGGFDA97CB,坡道平面,3000000,29.31,地下一樓
RPOPMLQJRHGGFDA87CB,坡道平面,2500000,28.83,地下二樓
RPQPMLQJRHGGFDA08CB,坡道平面,3300000,41.04,地下三樓
RPQPMLQJRHGGFDA08CB,坡道平面,3300000,41.04,地下三樓
RPQPMLQJRHGGFDA08CB,坡道平面,3300000,41.04,地下三樓
RPQPMLQJRHGGFDA08CB,坡道平面,3300000,41.04,地下三樓
RPQPMLQJRHGGFDA08CB,坡道平面,3300000,41.04,地下三樓
RPUNMLRJRHGGFDA38CB,坡道平面,2800000,36.75,地下三樓
RPQPMLQJRHGGFDA08CB,坡道平面,3300000,41.04,地下三樓
RPXOMLRJRHGGFDA78CB,坡道平面,3200000,23.48,地下二樓
RPOPMLRJRHGGFDA97CB,坡道平面,3100000,23.48,地下二樓
RPWOMLRJRHGGFDA68CB,坡道平面,3000000,23.48,地下三樓
RPPPMLRJRHGGFDA08CB,坡道平面,2900000,23.48,地下四樓
RPPNMLRJRHGGFBA67CB,升降機械,1500000,5.88,地下四樓
RPSNMLRJRHGGFCA08CB,坡道平面,2600000,36.26,地下四樓
RPRNMLRJRHGGFAA87DB,坡道平面,2600000,37.14,地下二樓
RPRNMLRJRHGGFAA87DB,坡道機械,1500000,18.57,地下二樓
RPSNMLRJRHGGFEA28CB,升降機械,1100000,23.17,地下二樓
RPPNMLSJRHGGFAA77DB,坡道平面,2600000,37.14,地下二樓
RPTNMLSJRHGGFCA28CB,坡道平面,2300000,36.26,地下五樓含以下
RPTNMLSJRHGGFEA48CB,坡道平面,2600000,39.74,地下四樓
RPRNMLSJRHGGFCA08CB,其他,1700000,19.66,地下三樓
RPSNMLSJRHGGFCA18CB,其他,1400000,19.66,地下三樓
RPQNMLSJRHGGFBA87CB,其他,1500000,17.30,地下四樓
RPUNMLSJRHGGFDA48CB,坡道平面,5000000,32.66,地下三樓
RPUNMLSJRHGGFDA48CB,坡道平面,4700000,30.21,地下三樓
RPUNMLSJRHGGFDA48CB,坡道平面,3500000,32.66,地下五樓含以下
RPTNMLSJRHGGFDA38CB,坡道平面,5000000,32.66,地下三樓
RPTNMLSJRHGGFDA38CB,坡道平面,5000000,32.66,地下三樓
RPTNMLSJRHGGFDA38CB,坡道平面,3500000,32.66,地下五樓含以下
RPVNMLSJRHGGFDA58CB,坡道平面,3000000,32.66,地下五樓含以下
RPVNMLSJRHGGFDA58CB,坡道平面,4000000,32.66,地下五樓含以下
RPVNMLSJRHGGFDA58CB,坡道平面,4000000,32.66,地下五樓含以下
RPXNMLSJRHGGFDA78CB,坡道平面,4000000,32.66,地下五樓含以下
RPXNMLSJRHGGFDA78CB,坡道平面,3850000,30.21,地下五樓含以下
RPWNMLSJRHGGFDA68CB,坡道平面,4000000,32.66,地下五樓含以下
RPWNMLSJRHGGFDA68CB,坡道平面,3700000,30.21,地下五樓含以下
RPWNMLSJRHGGFDA68CB,坡道平面,4000000,32.66,地下五樓含以下
RPPOMLSJRHGGFDA08CB,坡道平面,4200000,30.21,地下四樓
RPPOMLSJRHGGFDA08CB,坡道平面,4500000,32.66,地下四樓
RPPOMLSJRHGGFDA08CB,坡道平面,4500000,32.66,地下四樓
RPVNMLQJRHGGFCA28CB,坡道平面,3250000,32.22,地下三樓
RPPNMLKKRHGGFEA37CB,升降機械,1100000,23.17,地下三樓
RPPOMLTJRHGGFCA08CB,坡道平面,2200000,34.62,地下五樓含以下
RPOPMLTJRHGGFEA28CB,坡道平面,2600000,39.74,地下四樓
RPOPMLTJRHGGFEA28CB,坡道平面,2600000,39.74,地下四樓
RPPPMLTJRHGGFEA38CB,升降機械,1100000,23.17,地下三樓
RPVNMLLKRHGGFDA97CB,升降平面,2400000,41.08,地下二樓
RPWNMLLKRHGGFDA08CB,升降平面,2300000,41.08,地下二樓
RPWNMLLKRHGGFDA08CB,升降平面,2300000,41.08,地下二樓
RPPNMLKKRHGGFDA27CB,坡道平面,3200000,32.17,地下五樓含以下
RPXNMLLKRHGGFDA18CB,坡道平面,3200000,29.31,地下一樓
RPOOMLLKRHGGFDA37CB,坡道平面,2900000,36.75,地下二樓
RPPNMLMKRHGGFCA37CB,坡道平面,2600000,36.26,地下四樓
RPUNMLNKRHGGFDA08CB,坡道平面,3800000,44.08,地下二樓
RPPNMLNKRHGGFBA37CB,坡道機械,2050000,14.90,地下四樓
RPPNMLOKRHGGFAA47DB,坡道平面,1600000,20.34,無固定樓層
RPSPMLNKRHGGFEA28DB,升降平面,2400000,37.37,地下三樓
RPPNMLNKRHGGFAA37DB,坡道平面,2100000,41.72,地下二樓
RPRNMLOKRHGGFAA67DB,坡道機械,900000,18.57,地下四樓
RPQNMLOKRHGGFAA57DB,坡道平面,2600000,37.14,地下二樓
RPPNMLOKRHGGFDA77DB,坡道平面,3000000,41.04,地下二樓
RPPNMLOKRHGGFDA77DB,坡道平面,3000000,41.04,地下二樓
RPPNMLOKRHGGFDA77DB,坡道平面,3000000,41.04,地下二樓
RPWNMLOKRHGGFDA38CB,坡道平面,2700000,28.83,地下一樓
RPWNMLOKRHGGFDA38CB,坡道平面,2700000,28.83,地下一樓
RPXNMLOKRHGGFDA48CB,坡道平面,2500000,28.83,地下二樓
RPOOMLOKRHGGFDA67CB,坡道平面,2500000,28.83,地下二樓
RPPOMLOKRHGGFDA77CB,坡道平面,2300000,28.83,地下三樓
RPVOMLOKRHGGFBA18CB,坡道平面,2400000,42.60,地下三樓
RPTOMLOKRHGGFBA97CB,坡道平面,2600000,42.60,地下二樓
RPTOMLOKRHGGFBA97CB,坡道平面,2610000,42.60,地下二樓
RPTNMLOKRHGGFAA77CB,升降機械,2000000,10.97,地下二樓
RPRNMLOKRHGGFAA57CB,升降機械,2000000,10.97,地下二樓
RPXOMLOKRHGGFBA38CB,坡道平面,2600000,42.60,地下二樓
RPSNMLOKRHGGFAA67CB,升降機械,2000000,10.97,地下二樓
RPVNMLOKRHGGFAA97CB,坡道機械,1650000,16.96,地下五樓含以下
RPSUMLOKRHGGFEA78CB,坡道平面,3850000,40.74,地下一樓
RPWVMLOKRHGGFEA66CB,坡道平面,3000000,40.74,地下二樓
RPUNMLOKRHGGFAA87CB,坡道平面,2800000,33.92,地下二樓
RPRWMLOKRHGGFEA88CB,升降機械,1700000,12.37,地下二樓
RPPWMLOKRHGGFEA68CB,升降機械,1700000,12.37,地下二樓
RPOWMLOKRHGGFEA58CB,升降機械,1700000,12.37,地下二樓
RPXVMLOKRHGGFEA76CB,升降機械,1700000,12.37,地下二樓
RPSWMLOKRHGGFEA98CB,升降機械,1700000,12.37,地下二樓
RPTWMLOKRHGGFEA09CB,升降機械,1700000,12.37,地下二樓
RPQWMLOKRHGGFEA78CB,升降機械,1700000,12.37,地下二樓
RPUWMLOKRHGGFEA56CB,升降機械,1700000,12.37,地下二樓
RPQQMLNKRHGGFDA97CB,坡道平面,3800000,41.86,地下五樓含以下
RPQQMLNKRHGGFDA97CB,坡道平面,3800000,41.86,地下五樓含以下
RPQQMLNKRHGGFDA97CB,坡道平面,3100000,41.86,地下五樓含以下
RPQQMLNKRHGGFDA97CB,坡道平面,3100000,41.86,地下五樓含以下
RPVWMLOKRHGGFEA66CB,升降機械,1700000,12.37,地下二樓
RPQNMLPKRHGGFCA77CB,升降機械,2100000,11.30,地下三樓
RPPNMLPKRHGGFAA47CB,其他,2400000,8.80,無固定樓層
RPRNMLPKRHGGFAA67CB,坡道平面,2200000,31.40,地下四樓
RPRNMLPKRHGGFAA67CB,坡道平面,2200000,28.10,地下四樓
RPPNMLPKRHGGFCA67CB,升降機械,2100000,11.30,地下二樓
RPTNMLPKRHGGFAA87CB,坡道平面,2300000,28.10,地下四樓
RPUNMLPKRHGGFAA97CB,坡道平面,2750000,28.10,地下二樓
RPSNMLPKRHGGFAA77CB,坡道平面,2550000,26.45,地下二樓
RPSNMLPKRHGGFAA77CB,坡道平面,2750000,28.10,地下二樓
RPXNMLPKRHGGFAA28CB,坡道平面,2300000,28.10,地下四樓
RPVNMLPKRHGGFAA08CB,坡道平面,2550000,28.10,地下三樓
RPVNMLPKRHGGFAA08CB,坡道平面,2550000,28.10,地下三樓
RPOOMLPKRHGGFAA47CB,坡道平面,2400000,28.10,地下四樓
RPOOMLPKRHGGFAA47CB,坡道平面,2200000,28.10,地下四樓
RPPOMLPKRHGGFAA57CB,坡道平面,2550000,28.10,地下三樓
RPPOMLPKRHGGFAA57CB,坡道平面,2250000,26.45,地下三樓
RPQOMLPKRHGGFAA67CB,坡道平面,2200000,28.10,地下四樓
RPROMLPKRHGGFAA77CB,坡道平面,2550000,28.10,地下二樓
RPOPNLPKRHGGFAA67CB,一樓平面,3520000,21.68,一樓
RPRNMLPKRHGGFDA97CB,坡道平面,3100000,23.48,地下三樓
RPTNMLPKRHGGFDA18CB,坡道平面,2900000,23.48,地下四樓
RPSNMLPKRHGGFDA08CB,坡道平面,3100000,23.48,地下二樓
RPPNMLPKRHGGFDA77CB,坡道平面,3300000,35.38,地下三樓
RPUNMLPKRHGGFDA28CB,坡道平面,3000000,23.48,地下三樓
RPVNMLPKRHGGFDA38CB,坡道平面,2900000,23.48,地下四樓
RPWNMLPKRHGGFDA48CB,坡道平面,3100000,23.48,地下二樓
RPXNMLPKRHGGFDA58CB,坡道平面,3000000,23.48,地下三樓
RPOOMLPKRHGGFDA77CB,坡道平面,4000000,32.66,地下五樓含以下
RPOOMLPKRHGGFDA77CB,坡道平面,4000000,32.66,地下五樓含以下
RPOOMLPKRHGGFDA77CB,坡道平面,4000000,32.66,地下五樓含以下
RPTOMLQKRHGGFCA28CB,坡道平面,3500000,29.44,地下五樓含以下
RPUOMLQKRHGGFCA38CB,坡道平面,3700000,29.44,地下四樓
RPUOMLQKRHGGFCA38CB,坡道平面,3700000,29.44,地下四樓
RPTRMLQKRHGGFFA88CB,坡道平面,4400000,33.77,地下二樓
RPRRMLQKRHGGFFA68CB,坡道平面,3700000,33.77,地下四樓
RPVRMLQKRHGGFFA09CB,坡道平面,4400000,33.77,地下二樓
RPSRMLQKRHGGFFA78CB,坡道平面,4100000,33.77,地下二樓
RPXRMLQKRHGGFFA66CB,坡道平面,4400000,33.77,地下二樓
RPPQMLQKRHGGFEA28CB,升降機械,1100000,23.17,地下三樓
RPOSMLQKRHGGFFA48CB,坡道平面,4700000,33.77,地下一樓
RPPSMLQKRHGGFEA48CB,坡道平面,2450000,38.08,地下三樓
RPPSMLQKRHGGFEA48CB,坡道平面,2450000,38.08,地下三樓
RPPTMLQKRHGGFEA58CB,升降機械,1250000,23.17,地下二樓
RPXRMLRKRHGGFEA66CB,坡道機械,1080000,7.31,地下二樓
RPOSMLRKRHGGFEA48CB,坡道機械,1280000,7.31,地下二樓
RPSNMLRKRHGGFAA08DB,坡道平面,2500000,37.14,地下三樓
RPPNMLSKRHGGFEA18CB,坡道平面,2600000,32.91,地下二樓
RPPNMLSKRHGGFEA18CB,坡道機械,1300000,16.45,地下四樓
RPXNMLTKRHGGFCA88CB,升降機械,2300000,19.22,地下二樓
RPUNMLTKRHGGFCA58CB,升降機械,2300000,19.22,地下二樓
RPSNMLTKRHGGFBA28CB,升降機械,1800000,10.50,無固定樓層
RPQNMLPKRHGGFDA87CB,坡道平面,3000000,23.48,地下三樓
RPRNMLTKRHGGFBA18CB,升降機械,1800000,10.50,無固定樓層
RPXNMLTKRHGGFBA78CB,升降機械,1800000,10.50,無固定樓層
RPTNMLMLRHGGFFA18CB,坡道平面,3400000,33.77,地下四樓
RPPNMLMLRHGGFDA57CB,坡道平面,3600000,32.17,地下四樓
RPRNMLMLRHGGFDA77CB,坡道平面,2800000,26.75,地下二樓
RPQNMLMLRHGGFDA67CB,坡道平面,3400000,32.17,地下五樓含以下
RPTNMLMLRHGGFDA97CB,坡道平面,2600000,26.75,地下三樓
RPUNMLMLRHGGFDA08CB,坡道平面,2600000,26.75,地下三樓
RPWNMLMLRHGGFDA28CB,坡道平面,2800000,26.75,地下二樓
RPVNMLMLRHGGFDA18CB,坡道平面,2400000,24.60,地下三樓
RPXNMLMLRHGGFDA38CB,坡道平面,2800000,26.75,地下二樓
RPOOMLMLRHGGFDA57CB,坡道平面,2400000,24.60,地下三樓
RPPOMLMLRHGGFDA67CB,坡道平面,2400000,24.60,地下三樓
RPQOMLMLRHGGFDA77CB,坡道平面,2600000,26.75,地下三樓
RPTOMLMLRHGGFDA08CB,坡道平面,2200000,24.60,地下四樓
RPROMLMLRHGGFDA87CB,坡道平面,2800000,26.75,地下二樓
RPSOMLMLRHGGFDA97CB,坡道平面,2800000,26.75,地下二樓
RPUOMLMLRHGGFDA18CB,坡道平面,2600000,26.75,地下三樓
RPWOMLMLRHGGFDA38CB,坡道平面,2400000,26.75,地下四樓
RPVOMLMLRHGGFDA28CB,坡道平面,2400000,26.75,地下四樓
RPXOMLMLRHGGFDA48CB,坡道平面,2400000,29.24,地下四樓
RPOPMLMLRHGGFDA67CB,坡道平面,2800000,26.75,地下二樓
RPQPMLMLRHGGFDA87CB,坡道平面,2600000,26.75,地下三樓
RPPNMLMLRHGGFDA67DB,坡道平面,3900000,42.22,地下二樓
RPXOMLNLRHGGFDA58CB,坡道平面,3000000,23.48,地下三樓
RPOPMLNLRHGGFDA77CB,坡道平面,3200000,23.48,地下二樓
RPVOMLNLRHGGFDA38CB,坡道平面,3900000,42.22,地下二樓
RPUPMLNLRHGGFDA38CB,坡道平面,3000000,23.48,地下三樓
RPRPMLNLRHGGFDA08CB,坡道平面,3100000,23.48,地下二樓
RPVPMLNLRHGGFDA48CB,坡道平面,3000000,23.48,地下四樓
RPWPMLNLRHGGFDA58CB,坡道平面,3000000,23.48,地下四樓
RPXPMLNLRHGGFDA68CB,坡道平面,2900000,20.76,地下三樓
RPPNMLNLRHGGFEA77CB,升降平面,2250000,39.58,地下二樓
RPPNMLOLRHGGFCA67CB,升降機械,2100000,11.30,地下二樓
RPQNMLOLRHGGFCA77CB,升降機械,2100000,11.30,地下二樓
RPQONLOLRHGGFCA97CB,升降機械,2200000,15.73,地下二樓
RPXUMLOLRHGGFCA56CB,升降機械,2200000,15.73,地下二樓
RPRONLOLRHGGFCA08CB,升降機械,2200000,15.73,地下二樓
RPPNMLOLRHGGFAA47CB,坡道平面,2650000,36.86,地下二樓
RPUNMLOLRHGGFBA08CB,坡道平面,2300000,36.87,地下五樓含以下
RPQNMLOLRHGGFAA57CB,坡道平面,1950000,36.86,地下四樓
RPQNMLOLRHGGFAA57CB,坡道平面,1950000,36.86,地下四樓
RPVNMLOLRHGGFBA18CB,坡道平面,2400000,36.87,地下五樓含以下
RPPNMLOLRHGGFDA77CB,坡道平面,3600000,32.17,地下四樓
RPSNMLOLRHGGFAA77CB,坡道平面,2650000,33.58,地下一樓
RPRNMLOLRHGGFAA67CB,坡道平面,2500000,36.86,地下三樓
RPTOMLOLRHGGFAA97CB,坡道平面,3000000,38.65,地下五樓含以下
RPTOMLOLRHGGFAA97CB,坡道平面,3000000,38.65,地下五樓含以下
RPTOMLOLRHGGFAA97CB,坡道平面,3000000,38.65,地下五樓含以下
RPQNMLOLRHGGFDA87CB,坡道平面,3200000,32.17,地下五樓含以下
RPSNMLMLRHGGFDA87CB,坡道平面,2600000,26.75,地下三樓
RPSNMLOLRHGGFDA08CB,坡道平面,3300000,32.17,地下五樓含以下
RPRNMLOLRHGGFDA97CB,坡道平面,3600000,32.17,地下四樓
RPTNMLOLRHGGFDA18CB,坡道平面,3000000,23.48,地下三樓
RPUNMLOLRHGGFDA28CB,坡道平面,3000000,23.48,地下三樓
RPWNMLOLRHGGFDA48CB,坡道平面,3000000,23.48,地下四樓
RPVNMLOLRHGGFDA38CB,坡道平面,3100000,23.48,地下三樓
RPOOMLOLRHGGFDA77CB,坡道平面,3200000,23.48,地下二樓
RPXNMLOLRHGGFDA58CB,坡道平面,3000000,23.48,地下四樓
RPQNMLPLRHGGFAA67CB,坡道平面,2100000,41.72,地下二樓
RPPNMLPLRHGGFAA57CB,坡道平面,2900000,43.82,地下一樓
RPPOMLOLRHGGFDA87CB,坡道平面,3000000,23.48,地下三樓
RPTNMLPLRHGGFAA97CB,其他,1600000,20.34,無固定樓層
RPSNMLPLRHGGFAA87CB,其他,1600000,20.34,無固定樓層
RPUNMLPLRHGGFAA08CB,坡道平面,2100000,41.72,地下一樓
RPTNMLPLRHGGFEA38CB,升降機械,1500000,11.48,地下二樓
RPPNMLPLRHGGFEA97CB,坡道平面,2600000,39.74,地下四樓
RPPNMLPLRHGGFEA97CB,坡道平面,2600000,39.74,地下四樓
RPQNMLPLRHGGFEA08CB,坡道平面,2600000,39.74,地下四樓
RPQNMLPLRHGGFEA08CB,坡道平面,2600000,39.74,地下四樓
RPRNMLPLRHGGFEA18CB,升降機械,1500000,11.48,地下二樓
RPUNMLPLRHGGFEA48CB,升降機械,1500000,11.48,地下二樓
RPSNMLPLRHGGFEA28CB,升降機械,1500000,11.48,地下二樓
RPPNMLQLRHGGFAA77DB,坡道機械,1100000,18.57,地下四樓
RPQNMLQLRHGGFAA87DB,坡道機械,900000,18.57,地下四樓
RPUPMLRLRHGGFEA88CB,坡道平面,2600000,40.89,地下四樓
RPTPMLRLRHGGFEA78CB,坡道平面,2600000,40.89,地下四樓
RPWPMLRLRHGGFEA09CB,升降機械,1700000,12.37,地下二樓
RPVPMLRLRHGGFEA98CB,升降機械,1700000,12.37,地下二樓
RPPQMLRLRHGGFEA48CB,升降機械,1700000,12.37,地下二樓
RPXPMLRLRHGGFEA56CB,升降機械,1700000,12.37,地下二樓
RPRQMLRLRHGGFEA68CB,升降機械,1700000,12.37,地下二樓
RPOQMLRLRHGGFEA38CB,升降機械,1700000,12.37,地下二樓
RPQQMLRLRHGGFEA58CB,升降機械,1700000,12.37,地下二樓
RPRNMLRLRHGGFCA18CB,坡道平面,3450000,32.22,地下三樓
RPSNMLRLRHGGFCA28CB,坡道平面,3450000,32.22,地下二樓
RPWNMLRLRHGGFCA68CB,坡道平面,3450000,32.22,地下二樓
RPOOMLRLRHGGFCA97CB,坡道平面,3250000,32.22,地下三樓
RPTNMLRLRHGGFCA38CB,坡道平面,3650000,32.22,地下二樓
RPTNMLRLRHGGFCA38CB,坡道平面,3650000,32.22,地下二樓
RPUNMLRLRHGGFCA48CB,坡道平面,3250000,32.22,地下二樓
RPXNMLRLRHGGFCA78CB,坡道平面,3250000,32.22,地下三樓
RPXNMLRLRHGGFCA78CB,坡道平面,3050000,32.22,地下三樓
RPQOMLRLRHGGFCA18CB,坡道平面,3900000,25.40,地下二樓
RPQOMLRLRHGGFCA18CB,坡道平面,4100000,29.44,地下二樓
RPPOMLRLRHGGFCA08CB,坡道平面,3300000,25.40,地下五樓含以下
RPPOMLRLRHGGFCA08CB,坡道平面,3500000,29.44,地下五樓含以下
RPROMLRLRHGGFCA28CB,坡道平面,3700000,25.40,地下三樓
RPROMLRLRHGGFCA28CB,坡道平面,3900000,29.44,地下三樓
RPVNMLRLRHGGFDA68CB,坡道平面,2750000,37.52,地下三樓
RPVNMLRLRHGGFDA68CB,坡道平面,2600000,37.52,地下三樓
RPQNMLRLRHGGFAA87CB,升降機械,1900000,10.97,地下二樓
RPVOMLRLRHGGFDA78CB,坡道平面,2600000,37.52,地下三樓
RPVOMLRLRHGGFDA78CB,坡道平面,2600000,37.52,地下三樓
RPTOMLRLRHGGFDA58CB,坡道平面,3150000,37.52,地下一樓
RPXNMLRLRHGGFDA88CB,坡道平面,2950000,37.52,地下二樓
RPQOMLRLRHGGFDA28CB,坡道平面,2950000,37.52,地下二樓
RPQOMLRLRHGGFDA28CB,坡道平面,2800000,37.52,地下二樓
RPUOMLRLRHGGFDA68CB,坡道平面,2950000,37.52,地下二樓
RPWOMLRLRHGGFDA88CB,坡道平面,2750000,37.52,地下三樓
RPXOMLRLRHGGFDA98CB,坡道平面,2950000,37.52,地下二樓
RPXOMLRLRHGGFDA98CB,坡道平面,2600000,37.52,地下三樓
RPPPMLRLRHGGFDA28CB,坡道平面,2950000,37.52,地下二樓
RPQPMLRLRHGGFDA38CB,坡道平面,2750000,37.52,地下三樓
RPSPMLRLRHGGFDA58CB,坡道平面,2800000,37.52,地下二樓
RPRPMLRLRHGGFDA48CB,坡道平面,3150000,37.52,地下一樓
RPUPMLRLRHGGFDA78CB,坡道平面,2950000,37.52,地下二樓
RPTPMLRLRHGGFDA68CB,坡道平面,2750000,37.52,地下三樓
RPTPMLRLRHGGFDA68CB,坡道平面,2750000,37.52,地下三樓
RPXPMLRLRHGGFDA09CB,坡道平面,2950000,37.52,地下二樓
RPXPMLRLRHGGFDA09CB,坡道平面,3000000,37.52,地下一樓
RPPQMLRLRHGGFDA38CB,坡道平面,2750000,37.52,地下三樓
RPVPMLRLRHGGFDA88CB,坡道平面,2750000,37.52,地下三樓
RPVPMLRLRHGGFDA88CB,坡道平面,2750000,37.52,地下三樓
RPOQMLRLRHGGFDA28CB,坡道平面,2750000,37.52,地下三樓
RPWPMLRLRHGGFDA98CB,坡道平面,2800000,37.52,地下二樓
RPQQMLRLRHGGFDA48CB,坡道平面,2950000,37.52,地下二樓
RPQQMLRLRHGGFDA48CB,坡道平面,2800000,37.52,地下二樓
RPRQMLRLRHGGFDA58CB,坡道平面,2800000,37.52,地下二樓
RPVQMLRLRHGGFDA98CB,坡道平面,2750000,37.52,地下三樓
RPWQMLRLRHGGFDA09CB,坡道平面,2750000,37.52,地下三樓
RPRRMLRLRHGGFDA68CB,坡道平面,2950000,37.52,地下二樓
RPURMLRLRHGGFDA98CB,坡道平面,3150000,37.52,地下一樓
RPSRMLRLRHGGFDA78CB,坡道平面,2750000,37.52,地下三樓
RPTRMLRLRHGGFDA88CB,坡道平面,2750000,37.52,地下三樓
RPVRMLRLRHGGFDA09CB,坡道平面,2750000,37.52,地下三樓
RPVRMLRLRHGGFDA09CB,坡道平面,2750000,37.52,地下三樓
RPPSMLRLRHGGFDA58CB,坡道平面,2950000,37.52,地下二樓
RPXRMLRLRHGGFDA66CB,坡道平面,3150000,37.52,地下一樓
RPXRMLRLRHGGFDA66CB,坡道平面,3000000,37.52,地下一樓
RPQSMLRLRHGGFDA68CB,坡道平面,2950000,37.52,地下二樓
RPWRMLRLRHGGFDA56CB,坡道平面,2750000,37.52,地下三樓
RPRSMLRLRHGGFDA78CB,坡道平面,2950000,37.52,地下二樓
RPRSMLRLRHGGFDA78CB,坡道平面,2950000,37.52,地下二樓
RPTSMLRLRHGGFDA98CB,坡道平面,2950000,37.52,地下二樓
RPSSMLRLRHGGFDA88CB,坡道平面,2850000,37.52,地下三樓
RPWSMLRLRHGGFDA66CB,坡道平面,2300000,28.83,地下三樓
RPQTMLRLRHGGFDA78CB,坡道平面,2700000,28.83,地下一樓
RPVTMLRLRHGGFDA66CB,坡道平面,2500000,28.83,地下二樓
RPRTMLRLRHGGFDA88CB,坡道平面,2200000,28.83,地下三樓
RPWTMLRLRHGGFDA76CB,坡道平面,2300000,30.08,地下三樓
RPSTMLRLRHGGFDA98CB,坡道平面,2700000,28.83,地下一樓
RPVOMLSLRHGGFDA88CB,坡道平面,3150000,37.52,地下一樓
RPVOMLSLRHGGFDA88CB,坡道平面,3150000,37.52,地下一樓
RPWOMLSLRHGGFDA98CB,坡道平面,2750000,37.52,地下三樓
RPWOMLSLRHGGFDA98CB,坡道平面,2750000,37.52,地下三樓
RPQSNLSLRHGGFAA58CB,其他,2400000,8.80,無固定樓層
RPOPMLSLRHGGFDA28CB,坡道平面,3150000,37.52,地下一樓
RPOPMLSLRHGGFDA28CB,坡道平面,3150000,37.52,地下一樓
RPUNMLSLRHGGFBA48CB,坡道平面,2300000,38.52,地下三樓
RPPPMLSLRHGGFDA38CB,坡道平面,2750000,37.52,地下三樓
RPPPMLSLRHGGFDA38CB,坡道平面,2750000,37.52,地下三樓
RPWOMLSLRHGGFBA78CB,坡道平面,2500000,34.00,地下三樓
RPQOMLSLRHGGFFA58CB,坡道平面,3000000,37.27,地下一樓
RPROMLSLRHGGFFA68CB,坡道平面,3000000,34.22,地下一樓
RPOPMLSLRHGGFBA08CB,坡道平面,2600000,34.00,地下二樓
RPRSMLSLRHGGFEA98CB,塔式車位,1600000,11.24,
RPXOMLSLRHGGFBA88CB,坡道平面,2600000,34.00,地下二樓
RPPPMLSLRHGGFBA18CB,坡道平面,2600000,34.00,地下三樓
RPOQMLSLRHGGFEA48CB,塔式車位,1600000,11.24,
RPPTMLSLRHGGFEA88CB,塔式車位,1600000,11.24,
RPUTMLSLRHGGFEA76CB,升降機械,1300000,23.17,地下二樓
RPQNMLTLRHGGFFA68DB,升降機械,2700000,6.43,地下四樓
RPUNMLTLRHGGFEA88CB,坡道平面,2600000,38.01,地下二樓
RPTNMLTLRHGGFEA78CB,坡道平面,2600000,38.01,地下二樓
RPWNMLTLRHGGFEA09CB,升降機械,1250000,23.17,地下二樓
RPUNMLKMRHGGFEA08CB,其他,1700000,15.04,地下二樓
RPPNMLTLRHGGFFA58DB,升降機械,2500000,6.43,地下四樓
RPQRMLRLRHGGFDA58CB,坡道平面,2950000,37.52,地下二樓
RPSNMLTLRHGGFFA88DB,坡道平面,4800000,36.67,地下一樓
RPSNMLTLRHGGFFA88DB,坡道平面,4800000,36.67,地下一樓
RPSNMLTLRHGGFFA88DB,坡道平面,4800000,36.67,地下一樓
RPQNMLKMRHGGFEA67CB,其他,1800000,15.04,地下二樓
RPWNMLKMRHGGFEA28CB,其他,1800000,15.04,地下二樓
RPQOMLKMRHGGFEA77CB,其他,1700000,15.04,地下二樓
RPOOMLKMRHGGFEA57CB,其他,1700000,15.04,地下二樓
RPUOMLKMRHGGFEA18CB,其他,1800000,15.04,地下三樓
RPVOMLKMRHGGFEA28CB,其他,1800000,15.04,地下三樓
RPRPMLKMRHGGFEA97CB,其他,1800000,15.04,地下二樓
RPPOMLKMRHGGFCA47CB,升降機械,1900000,14.27,地下三樓
RPUOMLKMRHGGFCA97CB,升降機械,1900000,14.27,地下三樓
RPVOMLKMRHGGFCA08CB,升降機械,1900000,14.27,地下三樓
RPSPMLKMRHGGFCA87CB,升降機械,1900000,14.27,地下二樓
RPTPMLKMRHGGFCA97CB,升降機械,1900000,14.27,地下二樓
RPUPMLKMRHGGFCA08CB,升降機械,1900000,14.27,地下二樓
RPPNMLLJIIGGFCA98CB,升降機械,2100000,11.30,地下三樓
RPSQMLKMRHGGFCA97CB,升降機械,1900000,14.27,地下二樓
RPQNMLLJIIGGFCA09CB,升降機械,2100000,11.30,地下三樓
RPTNMLLJIIGGFFA07CB,其他,2300000,12.60,地下二樓
RPPNMLLJIIGGFEA56CB,升降機械,1100000,23.17,地下三樓
RPVNMLLJIIGGFAA76CB,坡道平面,2650000,28.10,地下三樓
RPVNMLLJIIGGFAA76CB,坡道平面,2550000,28.10,地下三樓
RPUNMLLJIIGGFAA66CB,坡道平面,2200000,28.10,地下四樓
RPSNMLLJIIGGFAA09CB,其他,2400000,8.80,無固定樓層
RPTNMLLJIIGGFAA56CB,坡道平面,2750000,28.10,地下二樓
RPTNMLLJIIGGFAA56CB,坡道平面,2750000,28.10,地下二樓
RPOOMLLJIIGGFAA78CB,坡道平面,2550000,28.10,地下三樓
RPWNMLLJIIGGFAA86CB,坡道平面,2450000,31.40,地下三樓
RPXNMLLJIIGGFAA96CB,坡道平面,2550000,28.10,地下三樓
RPXNMLLJIIGGFAA96CB,坡道平面,2550000,28.10,地下三樓
RPQOMLLJIIGGFAA98CB,坡道平面,2550000,26.45,地下二樓
RPQOMLLJIIGGFAA98CB,坡道平面,2750000,28.10,地下二樓
RPQNMLLJIIGGFDA56CB,坡道平面,2600000,26.75,地下三樓
RPPOMLLJIIGGFAA88CB,坡道平面,2750000,31.40,地下二樓
RPXNMLLJIIGGFBA07CB,其他,1500000,17.30,地下三樓
RPSNMLLJIIGGFDA76CB,坡道平面,2400000,24.60,地下三樓
RPTNMLLJIIGGFDA86CB,坡道平面,2400000,26.75,地下四樓
RPRNMLLJIIGGFDA66CB,坡道平面,2300000,26.75,地下四樓
RPRNMLLJIIGGFDA66CB,坡道平面,2300000,26.75,地下四樓
RPUNMLLJIIGGFDA96CB,坡道平面,2400000,26.75,地下四樓
RPVNMLLJIIGGFDA07CB,坡道平面,2400000,26.75,地下四樓
RPXNMLLJIIGGFDA27CB,坡道平面,2400000,26.75,地下四樓
RPWNMLLJIIGGFDA17CB,坡道平面,2800000,26.75,地下二樓
RPPOMLLJIIGGFDA56CB,坡道平面,2600000,26.75,地下三樓
RPOOMLLJIIGGFDA09CB,坡道平面,2400000,26.75,地下四樓
RPQOMLLJIIGGFDA66CB,坡道平面,3500000,32.66,地下五樓含以下
RPQOMLLJIIGGFDA66CB,坡道平面,3500000,32.66,地下五樓含以下
RPTOMLLJIIGGFDA96CB,坡道平面,3100000,23.48,地下二樓
RPSOMLLJIIGGFDA86CB,坡道平面,3000000,23.48,地下四樓
RPROMLLJIIGGFDA76CB,坡道平面,4500000,32.66,地下四樓
RPROMLLJIIGGFDA76CB,坡道平面,4500000,32.66,地下四樓
RPROMLLJIIGGFDA76CB,坡道平面,3500000,32.66,地下五樓含以下
RPWOMLLJIIGGFDA27CB,坡道平面,3000000,23.48,地下三樓
RPUOMLLJIIGGFDA07CB,坡道平面,3200000,23.48,地下二樓
RPVOMLLJIIGGFDA17CB,坡道平面,2900000,23.48,地下四樓
RPSQMLLJIIGGFDA07CB,坡道平面,2600000,26.75,地下三樓
RPXOMLLJIIGGFDA37CB,坡道平面,2900000,23.48,地下四樓
RPPQMLLJIIGGFDA76CB,坡道平面,2800000,26.75,地下三樓
RPRRMLLJIIGGFDA07CB,坡道平面,3300000,32.17,地下五樓含以下
RPSRMLLJIIGGFDA17CB,坡道平面,3300000,32.17,地下五樓含以下
RPSPMLKMRHGGFEA08CB,其他,1700000,15.04,地下二樓
RPOSMLLJIIGGFDA86CB,坡道平面,3500000,35.38,地下一樓
RPOSMLLJIIGGFDA86CB,坡道平面,3500000,35.38,地下一樓
RPPSMLLJIIGGFDA96CB,坡道平面,3000000,35.38,地下三樓
RPPSMLLJIIGGFDA96CB,坡道平面,3000000,35.38,地下三樓
RPRSMLLJIIGGFDA17CB,坡道平面,3000000,35.38,地下三樓
RPQSMLLJIIGGFDA07CB,坡道平面,3600000,35.38,地下二樓
RPQSMLLJIIGGFDA07CB,坡道平面,3600000,35.38,地下二樓
RPSNMLMJIIGGFAA56CB,其他,1600000,20.34,無固定樓層
RPQNMLMJIIGGFAA98CB,坡道平面,2100000,41.72,地下二樓
RPRNMLMJIIGGFAA09CB,坡道平面,2100000,41.72,地下一樓
RPPNMLOJIIGGFBA56CB,坡道機械,1900000,14.90,地下四樓
RPPNMLOJIIGGFAA09CB,其他,2400000,8.80,無固定樓層
RPRNMLOJIIGGFDA96CB,坡道平面,2850000,37.52,地下三樓
RPPNMLOJIIGGFDA76CB,坡道平面,3150000,37.52,地下一樓
RPSNMLOJIIGGFDA07CB,坡道平面,2750000,37.52,地下三樓
RPTNMLOJIIGGFDA17CB,坡道平面,2750000,37.52,地下三樓
RPTNMLOJIIGGFDA17CB,坡道平面,2750000,37.52,地下三樓
RPXNMLOJIIGGFDA57CB,坡道平面,2750000,37.52,地下三樓
RPWPMLOJIIGGFEA77CB,升降機械,1600000,35.50,地下四樓
RPVNMLOJIIGGFDA37CB,坡道平面,2850000,37.52,地下一樓
RPUSMLOJIIGGFEA87CB,坡道平面,3000000,29.58,地下三樓
RPUSMLOJIIGGFEA87CB,坡道平面,3100000,29.58,地下三樓
RPUSMLOJIIGGFEA87CB,坡道平面,3100000,29.58,地下三樓
RPPNMLOJIIGGFCA66CB,升降機械,2300000,19.22,地下二樓
RPVSMLOJIIGGFEA97CB,坡道平面,3500000,32.33,地下一樓
RPVSMLOJIIGGFEA97CB,坡道平面,3500000,32.33,地下一樓
RPQNMLOJIIGGFEA07DB,升降機械,1700000,12.92,地下二樓
RPWSMLOJIIGGFEA08CB,坡道平面,2950000,29.58,地下四樓
RPWSMLOJIIGGFEA08CB,坡道平面,2850000,29.58,地下四樓
RPXNMLPJIIGGFAA37CB,其他,2400000,8.80,無固定樓層
RPQNMLPJIIGGFBA76CB,坡道平面,2500000,36.87,地下四樓
RPUPMLQJIIGGFDA67CB,坡道平面,3050000,30.54,地下三樓
RPPNMLPJIIGGFBA66CB,坡道平面,2400000,36.87,地下五樓含以下
RPRNMLPJIIGGFBA86CB,坡道平面,2300000,36.87,地下五樓含以下
RPSPMLQJIIGGFDA47CB,坡道平面,3400000,43.17,地下三樓
RPSPMLQJIIGGFDA47CB,坡道平面,3000000,30.54,地下四樓
RPTNMLQJIIGGFFA57CB,坡道平面,2800000,38.14,地下四樓
RPXNMLQJIIGGFFA97CB,坡道平面,3300000,37.27,地下一樓
RPWNMLQJIIGGFFA87CB,坡道平面,3000000,38.14,地下三樓
RPTNMLQJIIGGFBA27DB,坡道平面,3300000,34.70,地下二樓
RPOOMLQJIIGGFBA86DB,坡道平面,2150000,34.70,地下五樓含以下
RPSNMLQJIIGGFBA17DB,坡道平面,2200000,34.70,地下五樓含以下
RPUNMLQJIIGGFBA37DB,坡道平面,2900000,34.70,地下三樓
RPVNMLQJIIGGFBA47DB,坡道平面,3100000,34.70,地下三樓
RPWNMLQJIIGGFBA57DB,坡道平面,2500000,34.70,地下五樓含以下
RPQOMLQJIIGGFBA07DB,坡道平面,2600000,34.70,地下五樓含以下
RPPOMLQJIIGGFBA96DB,坡道平面,2100000,34.70,地下五樓含以下
RPTOMLQJIIGGFBA37DB,坡道平面,2800000,34.70,地下四樓
RPSOMLQJIIGGFBA27DB,坡道平面,2800000,34.70,地下四樓
RPVOMLQJIIGGFBA57DB,坡道平面,2900000,34.70,地下四樓
RPWOMLQJIIGGFBA67DB,坡道平面,2900000,34.70,地下三樓
RPROMLQJIIGGFBA17DB,坡道平面,2900000,34.70,地下三樓
RPXOMLQJIIGGFBA77DB,坡道平面,2500000,34.70,地下五樓含以下
RPRPMLQJIIGGFBA27DB,坡道平面,3100000,34.70,地下三樓
RPUNMLOJIIGGFDA27CB,坡道平面,2950000,37.52,地下二樓
RPPPMLQJIIGGFBA07DB,坡道平面,2700000,34.70,地下四樓
RPOPMLQJIIGGFBA96DB,坡道平面,2400000,34.70,地下五樓含以下
RPSPMLQJIIGGFBA37DB,坡道平面,2250000,34.70,地下五樓含以下
RPQPMLQJIIGGFBA17DB,坡道平面,2500000,34.70,地下五樓含以下
RPTPMLQJIIGGFBA47DB,坡道平面,2700000,34.70,地下四樓
RPUPMLQJIIGGFBA57DB,坡道平面,2600000,34.70,地下五樓含以下
RPVPMLQJIIGGFBA67DB,坡道平面,2000000,34.70,地下五樓含以下
RPXPMLQJIIGGFBA87DB,坡道平面,2500000,34.70,地下五樓含以下
RPOQMLQJIIGGFBA07DB,坡道平面,2100000,34.70,地下五樓含以下
RPPQMLQJIIGGFBA17DB,坡道平面,2150000,34.70,地下五樓含以下
RPQQMLQJIIGGFBA27DB,坡道平面,3100000,34.70,地下三樓
RPSQMLQJIIGGFBA47DB,坡道平面,2100000,34.70,地下五樓含以下
RPPNMLRJIIGGFBA96DB,坡道平面,2800000,34.70,地下四樓
RPPNMLRJIIGGFBA96DB,坡道平面,3400000,34.70,地下一樓
RPRQMLQJIIGGFBA37DB,坡道平面,2700000,34.70,地下四樓
RPRNMLRJIIGGFCA17CB,升降機械,2100000,11.30,地下三樓
RPQNMLRJIIGGFCA07CB,升降機械,2100000,11.30,地下二樓
RPQNMLRJIIGGFBA07DB,坡道平面,2800000,34.70,地下三樓
RPPNMLRJIIGGFEA27DB,坡道平面,3600000,43.89,地下一樓
RPVNMLRJIIGGFAA47DB,坡道機械,1100000,18.57,地下四樓
RPQNMLRJIIGGFDA17CB,坡道平面,3250000,30.54,地下二樓
RPRNMLRJIIGGFDA27CB,坡道平面,3000000,34.75,地下四樓
RPWNMLRJIIGGFAA57DB,坡道平面,2600000,37.14,地下二樓
RPPNMLRJIIGGFDA07CB,坡道平面,3250000,30.54,地下二樓
RPTNMLRJIIGGFDA47CB,坡道平面,3100000,23.48,地下三樓
RPOOMLRJIIGGFDA07CB,坡道平面,3600000,32.17,地下四樓
RPVNMLRJIIGGFDA67CB,坡道平面,3100000,23.48,地下三樓
RPUNMLRJIIGGFDA57CB,坡道平面,3100000,23.48,地下二樓
RPWNMLRJIIGGFDA77CB,坡道平面,3100000,23.48,地下三樓
RPXNMLRJIIGGFDA87CB,坡道平面,3100000,23.48,地下三樓
RPROMLRJIIGGFDA37CB,坡道平面,3200000,32.17,地下五樓含以下
RPUOMLRJIIGGFDA67CB,坡道平面,3200000,32.17,地下五樓含以下
RPVOMLRJIIGGFDA77CB,坡道平面,3600000,32.17,地下四樓
RPVOMLRJIIGGFDA77CB,坡道平面,3600000,32.17,地下四樓
RPTOMLRJIIGGFDA57CB,坡道平面,3600000,32.17,地下四樓
RPTOMLRJIIGGFDA57CB,坡道平面,3600000,32.17,地下四樓
RPTNMLRJIIGGFBA27CB,坡道平面,2600000,36.87,地下四樓
RPXOMLRJIIGGFDA97CB,坡道平面,3400000,32.17,地下五樓含以下
RPPPMLRJIIGGFDA27CB,坡道平面,3200000,32.17,地下五樓含以下
RPOPMLRJIIGGFDA17CB,坡道平面,3200000,32.17,地下五樓含以下
RPOOMLRJIIGGFBA86CB,坡道平面,2400000,36.87,地下五樓含以下
RPVNMLRJIIGGFBA47CB,坡道平面,2400000,36.87,地下五樓含以下
RPWNMLRJIIGGFBA57CB,坡道平面,2400000,36.87,地下五樓含以下
RPPQMLSJIIGGFBA27CB,其他,1500000,17.30,地下三樓
RPXNMLSJIIGGFFA18CB,坡道機械,2200000,18.12,地下二樓
RPVNMLSJIIGGFFA97CB,坡道平面,4900000,44.26,地下二樓
RPSOMLSJIIGGFFA77CB,坡道平面,2600000,38.14,地下四樓
RPPOMLRJIIGGFBA96CB,坡道平面,2600000,36.87,地下四樓
RPROMLSJIIGGFFA67CB,坡道平面,2700000,38.14,地下四樓
RPSNMLSJIIGGFEA57CB,坡道機械,1200000,7.31,地下二樓
RPTOMLSJIIGGFFA87CB,坡道平面,3500000,38.14,地下一樓
RPRNMLSJIIGGFEA47CB,坡道機械,1330000,7.31,地下二樓
RPTNMLSJIIGGFEA67CB,坡道平面,2000000,40.89,地下四樓
RPPNMLTJIIGGFEA37CB,升降機械,1500000,11.48,地下二樓
RPQNMLTJIIGGFEA47CB,升降機械,1500000,11.48,地下二樓
RPTNMLTJIIGGFEA77CB,坡道平面,2600000,38.01,地下一樓
RPRNMLTJIIGGFEA57CB,升降機械,1500000,11.48,地下二樓
RPPNMLRJIIGGFCA96CB,升降機械,2100000,11.30,地下二樓
RPSNMLTJIIGGFEA67CB,坡道平面,2500000,38.01,地下二樓
RPUNMLTJIIGGFEA87CB,坡道平面,2600000,38.01,地下一樓
RPVNMLTJIIGGFEA97CB,坡道平面,2500000,38.01,地下二樓
RPWNMLTJIIGGFEA08CB,坡道平面,2700000,38.01,地下一樓
RPXNMLTJIIGGFEA18CB,坡道平面,2300000,38.01,地下二樓
RPQOMLTJIIGGFEA57CB,坡道平面,2500000,34.98,地下二樓
RPROMLTJIIGGFEA67CB,坡道平面,2600000,38.01,地下二樓
RPSOMLTJIIGGFEA77CB,坡道平面,2600000,38.01,地下二樓
RPPNMLTJIIGGFBA17DB,坡道平面,2100000,34.70,地下五樓含以下
RPTOMLTJIIGGFEA87CB,坡道平面,2700000,38.01,地下一樓
RPVNMLTJIIGGFBA77DB,坡道平面,3000000,34.70,地下三樓
RPQNMLTJIIGGFBA27DB,坡道平面,2100000,34.70,地下五樓含以下
RPSNMLTJIIGGFBA47DB,坡道平面,2200000,34.70,地下五樓含以下
RPSNMLTJIIGGFBA47DB,坡道平面,2100000,34.70,地下五樓含以下
RPXNMLTJIIGGFBA97DB,坡道平面,3100000,34.70,地下三樓
RPTNMLTJIIGGFBA57DB,坡道平面,2500000,34.70,地下五樓含以下
RPWNMLTJIIGGFBA87DB,坡道平面,2600000,34.70,地下五樓含以下
RPOOMLTJIIGGFBA17DB,坡道平面,3000000,34.70,地下三樓
RPPOMLTJIIGGFBA27DB,坡道平面,2800000,34.70,地下四樓
RPQOMLTJIIGGFBA37DB,坡道平面,3000000,34.70,地下三樓
RPROMLTJIIGGFBA47DB,坡道平面,2900000,34.70,地下四樓
RPTOMLTJIIGGFBA67DB,坡道平面,2050000,34.70,地下五樓含以下
RPXOMLTJIIGGFBA08DB,坡道平面,3100000,31.40,地下三樓
RPUOMLTJIIGGFBA77DB,坡道平面,2600000,34.70,地下五樓含以下
RPWOMLTJIIGGFBA97DB,坡道平面,2250000,34.70,地下五樓含以下
RPVOMLTJIIGGFBA87DB,坡道平面,2200000,34.70,地下五樓含以下
RPOPMLTJIIGGFBA27DB,坡道平面,3100000,34.70,地下三樓
RPPPMLTJIIGGFBA37DB,坡道平面,2100000,34.70,地下五樓含以下
RPRPMLTJIIGGFBA57DB,坡道平面,2900000,34.70,地下二樓
RPQPMLTJIIGGFBA47DB,坡道平面,1800000,34.70,地下五樓含以下
RPQNMLKKIIGGFBA09DB,坡道平面,2150000,34.70,地下五樓含以下
RPRNMLKKIIGGFBA56DB,坡道平面,3000000,34.70,地下三樓
RPTNMLKKIIGGFBA76DB,坡道平面,2500000,34.70,地下五樓含以下
RPSNMLKKIIGGFBA66DB,坡道平面,1800000,34.70,地下五樓含以下
RPQNMLMKIIGGFAA56DB,坡道機械,1100000,18.57,地下四樓
RPUNMLKKIIGGFBA86DB,坡道平面,2700000,34.70,地下四樓
RPPNMLMKIIGGFAA98CB,坡道平面,2650000,28.10,地下三樓
RPPNMLMKIIGGFAA98CB,坡道平面,2550000,28.10,地下三樓
RPPNMLMKIIGGFAA98CB,坡道平面,2550000,28.10,地下三樓
RPRNMLMKIIGGFDA96DB,坡道平面,3800000,41.53,地下三樓
RPSNMLMKIIGGFDA07DB,坡道平面,3550000,41.53,地下三樓
RPQNMLMKIIGGFAA09CB,坡道平面,2750000,28.10,地下二樓
RPQNMLMKIIGGFAA09CB,坡道平面,2750000,28.10,地下二樓
RPRNMLMKIIGGFAA56CB,坡道平面,2200000,28.10,地下四樓
RPVNMLMKIIGGFAA96CB,坡道平面,2850000,28.10,地下二樓
RPVNMLMKIIGGFAA96CB,坡道平面,2750000,28.10,地下二樓
RPSNMLMKIIGGFAA66CB,坡道平面,2200000,31.40,地下四樓
RPTNMLMKIIGGFAA76CB,坡道平面,2550000,28.10,地下三樓
RPWNMLMKIIGGFAA07CB,坡道平面,2100000,28.10,地下四樓
RPWNMLMKIIGGFAA07CB,坡道平面,2200000,28.10,地下四樓
RPQOMLMKIIGGFAA56CB,其他,2400000,8.80,無固定樓層
RPSNMLMKIIGGFBA76CB,坡道平面,2020000,32.24,地下三樓
RPSNMLMKIIGGFBA76CB,坡道平面,2020000,32.24,地下三樓
RPUOMLMKIIGGFAA96CB,其他,2400000,8.80,無固定樓層
RPOOMLMKIIGGFBA09CB,坡道平面,3700000,20.09,地下二樓
RPUOMLMKIIGGFBA07CB,坡道平面,3750000,20.09,地下二樓
RPUNMLTJIIGGFBA67DB,坡道平面,2800000,34.70,地下四樓
RPXOMLMKIIGGFBA37CB,坡道平面,3250000,21.44,地下四樓
RPOPMLMKIIGGFBA56CB,坡道平面,3100000,21.44,地下四樓
RPPPMLMKIIGGFBA66CB,坡道平面,3300000,21.44,地下四樓
RPRPMLMKIIGGFBA86CB,坡道平面,3200000,23.50,地下三樓
RPSPMLMKIIGGFBA96CB,坡道平面,3400000,21.44,地下二樓
RPTPMLMKIIGGFBA07CB,坡道平面,3520000,21.44,地下一樓
RPQPMLMKIIGGFBA76CB,坡道平面,3100000,21.44,地下四樓
RPVPMLMKIIGGFBA27CB,坡道平面,3300000,20.09,地下三樓
RPUPMLMKIIGGFBA17CB,坡道平面,3200000,21.44,地下四樓
RPQNMLMKIIGGFDA76CB,坡道平面,2750000,37.52,地下三樓
RPPNMLMKIIGGFDA66CB,坡道平面,3000000,37.52,地下一樓
RPSNMLMKIIGGFDA96CB,坡道平面,2750000,37.52,地下三樓
RPSNMLMKIIGGFDA96CB,坡道平面,2750000,37.52,地下三樓
RPOOMLMKIIGGFDA66CB,坡道平面,2400000,26.75,地下四樓
RPRNMLMKIIGGFDA86CB,坡道平面,2800000,37.52,地下二樓
RPUNMLMKIIGGFDA17CB,坡道平面,2950000,37.52,地下二樓
RPVNMLMKIIGGFDA27CB,坡道平面,2600000,37.52,地下三樓
RPWNMLMKIIGGFDA37CB,坡道平面,2750000,37.52,地下三樓
RPPOMLMKIIGGFDA76CB,坡道平面,2600000,26.75,地下三樓
RPROMLMKIIGGFDA96CB,坡道平面,2400000,26.75,地下四樓
RPQOMLMKIIGGFDA86CB,坡道平面,2800000,26.75,地下二樓
RPQOMLMKIIGGFDA86CB,坡道平面,2800000,26.75,地下二樓
RPSOMLMKIIGGFDA07CB,坡道平面,2800000,26.75,地下二樓
RPSOMLMKIIGGFDA07CB,坡道平面,2800000,26.75,地下二樓
RPPNMLNKIIGGFDA76CB,坡道平面,2700000,41.04,地下四樓
RPPNMLNKIIGGFDA76CB,坡道平面,2700000,41.04,地下四樓
RPPNMLMKIIGGFEA76CB,坡道機械,2000000,13.49,地下四樓
RPQNMLNKIIGGFDA86CB,坡道平面,3000000,41.04,地下四樓
RPQNMLNKIIGGFDA86CB,坡道平面,3000000,41.04,地下四樓
RPQNMLNKIIGGFDA86CB,坡道平面,3000000,41.04,地下四樓
RPPNMLNKIIGGFAA09CB,坡道平面,2100000,41.72,地下一樓
RPPNMLNKIIGGFAA09CB,坡道平面,2100000,41.72,地下一樓
RPVNMLNKIIGGFAA07CB,坡道平面,2100000,41.72,地下一樓
RPSNMLNKIIGGFAA76CB,其他,1600000,20.34,無固定樓層
RPRNMLNKIIGGFAA66CB,坡道平面,2250000,41.72,地下一樓
RPUNMLNKIIGGFAA96CB,坡道平面,2600000,41.72,地下一樓
RPWNMLNKIIGGFAA17CB,其他,1600000,20.34,無固定樓層
RPPNMLNKIIGGFEA96DB,升降平面,2400000,37.37,地下三樓
RPQNMLNKIIGGFFA17DB,升降機械,2700000,6.43,地下三樓
RPRNMLNKIIGGFFA27DB,升降機械,2500000,6.43,地下三樓
RPPNMLNKIIGGFFA07DB,升降機械,2700000,6.43,地下三樓
RPPNMLOKIIGGFEA17EB,坡道平面,3000000,38.80,地下二樓
RPQNMLOKIIGGFEA27EB,坡道平面,3000000,38.80,地下二樓
RPSNMLNKIIGGFFA37DB,升降機械,2500000,6.43,地下三樓
RPQNMLOKIIGGFBA76CB,坡道平面,2300000,36.87,地下五樓含以下
RPPNMLOKIIGGFAA56CB,坡道平面,2110000,28.10,地下三樓
RPPNMLOKIIGGFAA56CB,坡道平面,2390000,28.10,地下三樓
RPPNMLOKIIGGFDA96DB,坡道平面,3550000,41.53,地下二樓
RPPNMLOKIIGGFDA96DB,坡道平面,3550000,41.53,地下二樓
RPPNMLOKIIGGFBA66CB,坡道平面,2400000,36.87,地下五樓含以下
RPSNMLOKIIGGFBA96CB,坡道平面,2400000,36.87,地下五樓含以下
RPUNMLOKIIGGFBA17CB,坡道平面,2500000,36.87,地下四樓
RPQNMLOKIIGGFDA96CB,坡道平面,2700000,28.83,地下一樓
RPTNMLOKIIGGFBA07CB,坡道平面,2500000,36.87,地下四樓
RPPNMLOKIIGGFDA86CB,坡道平面,2700000,28.83,地下一樓
RPVNMLOKIIGGFBA27CB,坡道平面,2400000,36.87,地下五樓含以下
RPRNMLOKIIGGFDA07CB,坡道平面,2700000,28.83,地下一樓
RPUNMLOKIIGGFDA37CB,坡道平面,2500000,28.83,地下二樓
RPUNMLOKIIGGFDA37CB,坡道平面,2500000,28.83,地下二樓
RPTOMLOKIIGGFEA47CB,升降機械,1350000,23.17,地下三樓
RPPNMLPKIIGGFCA86CB,坡道平面,3500000,25.40,地下四樓
RPPNMLPKIIGGFCA86CB,坡道平面,3700000,29.44,地下四樓
RPTNMLMKIIGGFDA07CB,坡道平面,2950000,37.52,地下二樓
RPQNMLPKIIGGFEA17CB,升降機械,1250000,23.17,地下二樓
RPSNMLPKIIGGFEA37CB,坡道平面,2800000,32.91,地下二樓
RPSNMLPKIIGGFEA37CB,坡道機械,1300000,16.45,地下四樓
RPVNMLPKIIGGFEA67CB,坡道平面,2600000,41.49,地下二樓
RPRNMLPKIIGGFDA17CB,坡道平面,3100000,23.48,地下三樓
RPTNMLPKIIGGFEA47CB,坡道平面,2800000,32.91,地下二樓
RPUNMLPKIIGGFEA57CB,坡道平面,2600000,38.01,地下一樓
RPQNMLPKIIGGFDA07CB,坡道平面,3200000,23.48,地下二樓
RPSNMLPKIIGGFDA27CB,坡道平面,3100000,23.48,地下四樓
RPTNMLPKIIGGFDA37CB,坡道平面,2900000,23.48,地下四樓
RPUNMLPKIIGGFDA47CB,坡道平面,3100000,23.48,地下三樓
RPVNMLPKIIGGFDA57CB,坡道平面,3000000,23.48,地下四樓
RPTOMLPKIIGGFDA47CB,坡道平面,2600000,40.07,地下四樓
RPPOMLPKIIGGFBA86CB,升降機械,1800000,10.50,無固定樓層
RPOOMLPKIIGGFBA76CB,升降機械,1800000,10.50,無固定樓層
RPPNMLPKIIGGFDA07DB,坡道平面,3000000,41.04,地下三樓
RPPNMLPKIIGGFDA07DB,坡道平面,3000000,41.04,地下三樓
RPQOMLPKIIGGFBA96CB,升降機械,1800000,10.50,無固定樓層
RPRNMLPKIIGGFEA47EB,坡道平面,3000000,38.80,地下三樓
RPQNMLPKIIGGFDA17DB,坡道平面,3000000,41.04,地下四樓
RPQNMLPKIIGGFDA17DB,坡道平面,3000000,41.04,地下四樓
RPQNMLPKIIGGFDA17DB,坡道平面,3000000,41.04,地下四樓
RPQNMLPKIIGGFDA17DB,坡道平面,3000000,41.04,地下四樓
RPQNMLPKIIGGFDA17DB,坡道平面,3000000,41.04,地下四樓
RPQNMLPKIIGGFDA17DB,坡道平面,3000000,41.04,地下四樓
RPPNMLQKIIGGFAA86DB,坡道平面,2400000,37.14,地下三樓
RPPNMLPKIIGGFEA27EB,坡道平面,3000000,38.80,地下三樓
RPQNMLPKIIGGFEA37EB,坡道平面,3000000,38.80,地下三樓
RPQNMLSKIIGGFEA47CB,其他,1500000,10.87,無固定樓層
RPRNMLSKIIGGFEA57CB,其他,1500000,10.87,無固定樓層
RPPNMLQKIIGGFEA17CB,升降機械,1500000,11.48,地下二樓
RPPNMLSKIIGGFEA37CB,其他,1500000,10.87,無固定樓層
RPSNMLSKIIGGFEA67CB,其他,1500000,10.87,無固定樓層
RPPNMLSKIIGGFCA17CB,升降機械,2300000,19.22,地下二樓
RPTNMLSKIIGGFEA77CB,其他,1500000,10.87,無固定樓層
RPUNMLSKIIGGFEA87CB,其他,1500000,10.87,無固定樓層
RPRNMLSKIIGGFBA27CB,坡道平面,2400000,36.87,地下五樓含以下
RPPNMLSKIIGGFBA07CB,坡道平面,2400000,36.87,地下五樓含以下
RPTNMLSKIIGGFBA47CB,坡道平面,2600000,36.87,地下四樓
RPPNMLSKIIGGFDA27CB,坡道平面,2750000,37.52,地下三樓
RPPNMLSKIIGGFDA27CB,坡道平面,3000000,37.52,地下一樓
RPQNMLSKIIGGFDA37CB,坡道平面,2750000,37.52,地下三樓
RPQNMLSKIIGGFBA17CB,坡道平面,2400000,36.87,地下五樓含以下
RPSNMLSKIIGGFBA37CB,坡道平面,2400000,36.87,地下五樓含以下
RPRNMLSKIIGGFDA47CB,坡道平面,2800000,37.52,地下二樓
RPRNMLSKIIGGFDA47CB,坡道平面,2600000,37.52,地下三樓
RPSNMLSKIIGGFDA57CB,坡道平面,2800000,37.52,地下二樓
RPSNMLSKIIGGFDA57CB,坡道平面,2950000,37.52,地下二樓
RPUNMLSKIIGGFDA77CB,坡道平面,2800000,37.52,地下一樓
RPPNMLTKIIGGFDA37CB,坡道平面,2400000,37.70,地下二樓
RPQNMLTKIIGGFDA47CB,坡道平面,2500000,37.70,地下三樓
RPPNMLTKIIGGFFA57CB,坡道平面,2600000,38.14,地下四樓
RPQNMLTKIIGGFFA67CB,坡道平面,2600000,38.14,地下四樓
RPRNMLTKIIGGFFA77CB,坡道平面,2800000,38.14,地下四樓
RPSNMLTKIIGGFFA87CB,坡道平面,3500000,38.14,地下一樓
RPTNMLTKIIGGFFA97CB,坡道平面,3000000,38.14,地下四樓
RPWNMLTKIIGGFFA28CB,坡道平面,3000000,38.14,地下二樓
RPQNMLTKIIGGFDA57DB,坡道平面,3800000,41.53,地下三樓
RPQNMLTKIIGGFDA57DB,坡道平面,3800000,41.53,地下三樓
RPTNMLTKIIGGFBA67DB,升降機械,1500000,13.25,地下三樓
RPXNMLTKIIGGFFA38CB,坡道平面,3200000,38.14,地下二樓
RPRNMLTKIIGGFDA67DB,坡道平面,2400000,37.70,地下三樓
RPPNMLKLIIGGFEA76DB,升降平面,2400000,37.37,地下三樓
RPQNMLKLIIGGFEA86DB,升降平面,2600000,37.37,地下二樓
RPSQMLKLIIGGFCA07CB,坡道機械,1800000,15.53,地下四樓
RPPNMLKLIIGGFEA66CB,升降機械,1400000,15.25,地下三樓
RPQNMLKLIIGGFEA76CB,升降機械,1200000,15.25,地下三樓
RPQNMLKLIIGGFDA66CB,其他,2000000,15.93,地下三樓
RPPNMLLLIIGGFAA98CB,升降機械,2000000,10.97,地下二樓
RPXNMLLLIIGGFAA17CB,坡道平面,2950000,45.15,地下一樓
RPOOMLLLIIGGFAA98CB,坡道平面,2700000,43.82,地下二樓
RPPNMLLLIIGGFBA09CB,坡道平面,2600000,36.87,地下四樓
RPQNMLLLIIGGFDA76CB,坡道平面,3000000,23.48,地下四樓
RPUNMLLLIIGGFDA17CB,坡道平面,3200000,23.48,地下四樓
RPRNMLLLIIGGFDA86CB,坡道平面,3400000,23.48,地下二樓
RPTNMLLLIIGGFDA07CB,坡道平面,3000000,23.48,地下四樓
RPVNMLLLIIGGFDA27CB,坡道平面,4500000,32.66,地下四樓
RPVNMLLLIIGGFDA27CB,坡道平面,3500000,32.66,地下四樓
RPSNMLLLIIGGFDA96CB,坡道平面,3300000,23.48,地下二樓
RPWNMLLLIIGGFDA37CB,坡道平面,2500000,32.66,地下五樓含以下
RPWNMLLLIIGGFDA37CB,坡道平面,3500000,32.66,地下五樓含以下
RPOOMLLLIIGGFDA66CB,坡道平面,4000000,32.66,地下五樓含以下
RPOOMLLLIIGGFDA66CB,坡道平面,4000000,32.66,地下五樓含以下
RPPOMLLLIIGGFDA76CB,坡道平面,3700000,30.21,地下五樓含以下
RPPOMLLLIIGGFDA76CB,坡道平面,4000000,32.66,地下五樓含以下
RPPNMLLLIIGGFEA76CB,坡道平面,2800000,58.01,地下一樓
RPQOMLLLIIGGFDA86CB,坡道平面,3500000,32.66,地下五樓含以下
RPQOMLLLIIGGFDA86CB,坡道平面,3500000,32.66,地下五樓含以下
RPPNMLLLIIGGFFA86CB,坡道平面,4300000,40.83,地下四樓
RPPNMLLLIIGGFFA86CB,坡道機械,2450000,20.27,地下二樓
RPPNMLLLIIGGFFA86CB,坡道機械,2450000,20.27,地下二樓
RPPNMLMLIIGGFDA76CB,坡道平面,2700000,37.70,地下二樓
RPVNMLMLIIGGFEA47CB,坡道平面,2500000,32.91,地下三樓
RPVNMLMLIIGGFEA47CB,坡道平面,2500000,32.91,地下三樓
RPQNMLMLIIGGFDA86CB,坡道平面,2500000,37.70,地下三樓
RPSNMLMLIIGGFDA07CB,坡道平面,2600000,37.70,地下二樓
RPSNMLMLIIGGFDA07CB,坡道平面,2600000,37.70,地下二樓
RPRNMLMLIIGGFDA96CB,坡道平面,2700000,37.70,地下二樓
RPWOMLMLIIGGFDA57CB,坡道平面,3500000,32.17,地下五樓含以下
RPPNMLMLIIGGFAA09CB,坡道平面,2850000,28.10,地下二樓
RPPNMLMLIIGGFAA09CB,坡道平面,2850000,28.10,地下二樓
RPRNMLMLIIGGFAA66CB,坡道平面,2750000,28.10,地下二樓
RPRNMLMLIIGGFAA66CB,坡道平面,2750000,28.10,地下二樓
RPQNMLMLIIGGFAA56CB,坡道平面,2000000,26.45,地下四樓
RPOPMLMLIIGGFDA86CB,坡道平面,3500000,32.17,地下五樓含以下
RPSNMLMLIIGGFAA76CB,坡道平面,2850000,28.10,地下二樓
RPSNMLMLIIGGFAA76CB,坡道平面,2750000,28.10,地下二樓
RPTNMLMLIIGGFAA86CB,坡道平面,2200000,28.10,地下四樓
RPUNMLMLIIGGFAA96CB,坡道平面,2000000,26.45,地下四樓
RPUNMLMLIIGGFAA96CB,坡道平面,2200000,28.10,地下四樓
RPVNMLMLIIGGFAA07CB,坡道平面,2300000,28.10,地下四樓
RPXNMLMLIIGGFAA27CB,坡道平面,2850000,28.10,地下二樓
RPOOMLMLIIGGFAA09CB,坡道平面,2550000,28.10,地下二樓
RPWNMLMLIIGGFAA17CB,坡道平面,2100000,28.10,地下四樓
RPQOMLMLIIGGFAA66CB,坡道平面,2300000,28.10,地下四樓
RPQOMLMLIIGGFAA66CB,坡道平面,2200000,28.10,地下四樓
RPROMLMLIIGGFAA76CB,坡道平面,2750000,28.10,地下二樓
RPROMLMLIIGGFAA76CB,坡道平面,2750000,28.10,地下二樓
RPSOMLMLIIGGFAA86CB,坡道平面,2650000,28.10,地下三樓
RPPNMLMLIIGGFBA56CB,坡道平面,2600000,36.87,地下四樓
RPQNMLMLIIGGFBA66CB,坡道平面,2400000,36.87,地下五樓含以下
RPVNMLMLIIGGFEA57DB,其他,1580000,26.69,無固定樓層
RPWNMLMLIIGGFEA67DB,其他,1500000,26.69,無固定樓層
RPPNMLMLIIGGFDA86DB,坡道平面,3800000,35.70,地下四樓
RPUNMLMLIIGGFEA47DB,其他,1700000,26.69,無固定樓層
RPPNMLOLIIGGFBA86DB,升降機械,1600000,13.25,地下二樓
RPQNMLOLIIGGFEA17CB,坡道平面,2600000,38.01,地下一樓
RPRNMLPLIIGGFCA17CB,其他,1950000,18.38,地下二樓
RPPNMLOLIIGGFCA86CB,升降機械,2200000,15.73,地下二樓
RPRNMLOLIIGGFEA27CB,坡道平面,2600000,34.98,地下一樓
RPRNMLOLIIGGFEA27CB,坡道平面,2500000,38.01,地下二樓
RPQNMLPLIIGGFCA07CB,其他,1950000,18.38,地下二樓
RPTNMLPLIIGGFCA37CB,其他,1950000,18.38,地下二樓
RPQNMLOLIIGGFCA96CB,升降機械,2200000,15.73,地下二樓
RPQNMLPLIIGGFFA37CB,坡道平面,3100000,38.14,地下二樓
RPPNMLPLIIGGFFA27CB,坡道平面,2900000,38.14,地下四樓
RPRNMLPLIIGGFFA47CB,坡道平面,2900000,38.14,地下三樓
RPSNMLPLIIGGFFA57CB,坡道平面,3100000,38.14,地下四樓
RPQNMLPLIIGGFEA27CB,一樓平面,2900000,32.56,一樓
RPPNMLQLIIGGFFA37CB,坡道平面,3000000,38.14,地下三樓
RPQNMLQLIIGGFFA47CB,坡道平面,3000000,38.14,地下四樓
RPRNMLQLIIGGFFA57CB,坡道平面,2800000,38.14,地下四樓
RPSNMLQLIIGGFFA67CB,坡道平面,2600000,38.14,地下四樓
RPXNMLQLIIGGFFA18CB,升降平面,2450000,37.27,地下二樓
RPSOMLQLIIGGFFA77CB,升降平面,2200000,37.27,地下二樓
RPPNMLQLIIGGFBA96CB,坡道機械,2050000,14.90,地下四樓
RPQOMLQLIIGGFFA57CB,升降平面,2250000,37.27,地下二樓
RPPNMLQLIIGGFCA17DB,坡道平面,3300000,43.35,地下二樓
RPQNMLQLIIGGFCA27DB,坡道平面,3000000,43.35,地下三樓
RPRNMLRLIIGGFCA47DB,坡道平面,2700000,40.28,地下五樓含以下
RPQNMLRLIIGGFDA37CB,塔式車位,2900000,16.46,
RPPNMLRLIIGGFDA27CB,塔式車位,2900000,16.46,
RPXOMLMLIIGGFDA67CB,坡道平面,3600000,32.17,地下四樓
RPSNMLRLIIGGFDA57CB,塔式車位,2900000,16.46,
RPTNMLRLIIGGFDA67CB,坡道平面,3100000,40.07,地下二樓
RPPNMLRLIIGGFFA47CB,其他,2300000,12.60,地下二樓
RPQNMLRLIIGGFFA57CB,其他,2300000,12.60,地下二樓
RPRNMLRLIIGGFFA67CB,其他,2300000,12.60,地下二樓
RPPNMLRLIIGGFEA37CB,坡道機械,1330000,7.31,地下二樓
RPQNMLRLIIGGFEA47CB,坡道機械,1000000,7.31,地下二樓
RPSNMLRLIIGGFEA67CB,坡道機械,1100000,7.31,地下二樓
RPRNMLRLIIGGFEA57CB,坡道機械,1180000,7.31,地下二樓
RPVNMLRLIIGGFEA97CB,升降機械,1700000,12.37,地下二樓
RPQNMLSLIIGGFBA27CB,坡道平面,2750000,34.12,地下三樓
RPPNMLSLIIGGFBA27DB,坡道平面,2500000,34.70,地下五樓含以下
RPSNMLSLIIGGFBA57DB,坡道平面,2050000,34.70,地下五樓含以下
RPQNMLSLIIGGFBA37DB,坡道平面,3100000,34.70,地下二樓
RPQNMLTLIIGGFDA57CB,坡道平面,3100000,23.48,地下三樓
RPRNMLSLIIGGFBA47DB,坡道平面,3200000,34.70,地下三樓
RPPNMLTLIIGGFDA47CB,坡道平面,2900000,23.48,地下四樓
RPSNMLTLIIGGFDA77CB,坡道平面,3000000,23.48,地下四樓
RPRNMLTLIIGGFDA67CB,坡道平面,3200000,23.48,地下四樓
RPTNMLTLIIGGFDA87CB,坡道平面,3100000,23.48,地下四樓
RPUNMLTLIIGGFDA97CB,坡道平面,3000000,23.48,地下三樓
RPWNMLTLIIGGFDA18CB,坡道平面,3000000,23.48,地下四樓
RPPOMLTLIIGGFDA57CB,坡道平面,4500000,32.66,地下四樓
RPPOMLTLIIGGFDA57CB,坡道平面,4500000,32.66,地下四樓
RPPOMLTLIIGGFDA57CB,坡道平面,3500000,32.66,地下五樓含以下
RPROMLTLIIGGFDA77CB,坡道平面,4000000,32.66,地下五樓含以下
RPROMLTLIIGGFDA77CB,坡道平面,4000000,32.66,地下五樓含以下
RPXNMLTLIIGGFDA28CB,坡道平面,3300000,23.48,地下二樓
RPXNMLTLIIGGFDA28CB,坡道平面,3400000,23.48,地下二樓
RPQOMLTLIIGGFDA67CB,坡道平面,4000000,32.66,地下五樓含以下
RPQOMLTLIIGGFDA67CB,坡道平面,3500000,32.66,地下五樓含以下
RPSOMLTLIIGGFDA87CB,塔式車位,2000000,12.87,
RPVOMLTLIIGGFDA18CB,坡道平面,2300000,28.83,地下三樓
RPVOMLTLIIGGFDA18CB,坡道平面,2300000,28.83,地下三樓
RPUOMLTLIIGGFDA08CB,坡道平面,2500000,28.83,地下二樓
RPUOMLTLIIGGFDA08CB,坡道平面,2500000,28.83,地下二樓
RPPNMLTLIIGGFCA37CB,其他,1400000,19.66,地下三樓
RPQNMLKMIIGGFEA86CB,坡道平面,2900000,40.89,地下一樓
RPRNMLKMIIGGFEA96CB,坡道平面,2500000,38.01,地下二樓
RPSNMLKMIIGGFEA07CB,坡道平面,2600000,38.01,地下二樓
RPTNMLKMIIGGFEA17CB,坡道平面,2500000,38.01,地下二樓
RPPNMLKMIIGGFEA76CB,坡道平面,2600000,40.89,地下三樓
RPUNMLKMIIGGFEA27CB,坡道平面,2500000,38.01,地下二樓
RPPNMLLMIIGGFEA96DB,升降平面,2800000,37.37,地下一樓
RPPNMLLMIIGGFEA96DB,升降平面,2800000,37.37,地下一樓
RPPNMLLJJIGGFDA66DB,坡道平面,4300000,42.22,地下一樓
RPVNMLKMIIGGFEA37CB,坡道平面,2400000,38.01,地下二樓
RPWNMLLJJIGGFEA37CB,坡道平面,3300000,29.58,地下一樓
RPWNMLLJJIGGFEA37CB,坡道平面,3300000,29.58,地下一樓
RPWNMLLJJIGGFEA37CB,坡道平面,3150000,29.58,地下一樓
RPVNMLLJJIGGFEA27CB,坡道平面,2900000,29.58,地下三樓
RPVNMLLJJIGGFEA27CB,坡道平面,2800000,29.58,地下三樓
RPVNMLLJJIGGFEA27CB,坡道平面,2650000,29.58,地下三樓
RPPNMLLJJIGGFBA98CB,坡道平面,2600000,36.87,地下四樓
RPRNMLLJJIGGFBA56CB,坡道平面,2800000,21.44,地下四樓
RPPNMLLJJIGGFFA76CB,坡道平面,3400000,33.77,地下四樓
RPWNMLLJJIGGFBA07CB,坡道平面,2800000,23.50,地下四樓
RPSNMLLJJIGGFBA66CB,坡道平面,2900000,21.44,地下四樓
RPQNMLLJJIGGFBA09CB,坡道平面,3750000,23.48,地下一樓
RPQNMLLJJIGGFAA98CB,坡道平面,2750000,28.10,地下二樓
RPTNMLLJJIGGFBA76CB,坡道平面,3000000,21.44,地下四樓
RPSNMLLJJIGGFAA56CB,坡道平面,2200000,28.10,地下四樓
RPRNMLLJJIGGFAA09CB,坡道平面,2100000,31.40,地下四樓
RPTNMLLJJIGGFAA66CB,坡道平面,2200000,28.10,地下四樓
RPVNMLLJJIGGFAA86CB,坡道平面,2550000,28.10,地下三樓
RPVNMLLJJIGGFAA86CB,坡道平面,2350000,26.45,地下三樓
RPUNMLLJJIGGFAA76CB,坡道平面,2300000,28.10,地下四樓
RPUNMLLJJIGGFAA76CB,坡道平面,2000000,26.45,地下四樓
RPXNMLLJJIGGFAA07CB,坡道平面,2750000,28.10,地下二樓
RPXNMLLJJIGGFAA07CB,坡道平面,2850000,28.10,地下二樓
RPWNMLLJJIGGFAA96CB,坡道平面,2550000,28.10,地下三樓
RPWNMLLJJIGGFAA96CB,坡道平面,2650000,28.10,地下三樓
RPVNMLTLIIGGFDA08CB,坡道平面,3200000,23.48,地下二樓
RPSOMLLJJIGGFAA66CB,其他,2300000,13.16,無固定樓層
RPPOMLLJJIGGFAA98CB,其他,2300000,13.16,無固定樓層
RPUOMLLJJIGGFAA86CB,其他,2300000,13.16,無固定樓層
RPWOMLLJJIGGFAA07CB,其他,2300000,13.16,無固定樓層
RPQNMLMJJIGGFDA76CB,坡道平面,3400000,32.17,地下五樓含以下
RPPNMLMJJIGGFDA66CB,坡道平面,3400000,32.17,地下五樓含以下
RPOOMLMJJIGGFDA66CB,坡道平面,3700000,32.17,地下四樓
RPOOMLMJJIGGFDA66CB,坡道平面,3700000,32.17,地下四樓
RPQOMLMJJIGGFDA86CB,坡道平面,3700000,32.17,地下四樓
RPTNMLMJJIGGFDA07CB,坡道平面,3500000,32.17,地下四樓
RPUNMLMJJIGGFDA17CB,坡道平面,3500000,32.17,地下四樓
RPUNMLMJJIGGFDA17CB,坡道平面,3400000,32.17,地下四樓
RPWNMLMJJIGGFDA37CB,坡道平面,3400000,32.17,地下五樓含以下
RPPOMLMJJIGGFDA76CB,坡道平面,3300000,32.17,地下五樓含以下
RPTOMLMJJIGGFDA17CB,坡道平面,3400000,32.17,地下五樓含以下
RPROMLMJJIGGFDA96CB,坡道平面,3300000,32.17,地下五樓含以下
RPROMLMJJIGGFDA96CB,坡道平面,3100000,32.17,地下五樓含以下
RPVOMLMJJIGGFDA37CB,坡道平面,3300000,32.17,地下五樓含以下
RPUOMLMJJIGGFDA27CB,坡道平面,3200000,32.17,地下五樓含以下
RPXOMLMJJIGGFDA57CB,坡道機械,1750000,16.08,地下五樓含以下
RPUOMLMJJIGGFCA17CB,坡道平面,3050000,32.22,地下四樓
RPXOMLMJJIGGFDA57CB,坡道機械,1750000,16.08,地下五樓含以下
RPVOMLMJJIGGFCA27CB,坡道平面,3050000,32.22,地下四樓
RPWOMLMJJIGGFDA47CB,坡道平面,3400000,32.17,地下五樓含以下
RPXOMLMJJIGGFCA47CB,坡道平面,3250000,32.22,地下三樓
RPPNMLMJJIGGFFA86CB,其他,2300000,12.60,地下二樓
RPQNMLMJJIGGFFA96CB,其他,2300000,12.60,地下二樓
RPOPMLMJJIGGFCA66CB,坡道平面,3250000,32.22,地下三樓
RPRPMLMJJIGGFCA96CB,坡道平面,3650000,32.22,地下二樓
RPRPMLMJJIGGFCA96CB,坡道平面,3450000,32.22,地下二樓
RPQPMLMJJIGGFCA86CB,坡道平面,3450000,32.22,地下二樓
RPPQMLMJJIGGFCA86CB,坡道平面,3050000,32.22,地下四樓
RPSNMLMJJIGGFAA76DB,坡道平面,2600000,37.14,地下二樓
RPORMLMJJIGGFCA86CB,坡道平面,3050000,32.22,地下四樓
RPPNMLMJJIGGFAA09DB,坡道機械,1500000,18.57,地下二樓
RPQTMLMJJIGGFCA27CB,其他,2500000,17.19,地下三樓
RPRNMLMJJIGGFAA66DB,坡道平面,2600000,37.14,地下二樓
RPTNMLMJJIGGFAA86DB,坡道平面,2500000,37.14,地下三樓
RPSSMLNJJIGGFCA47CB,其他,1800000,7.73,地下一樓
RPQQMLNJJIGGFCA07CB,坡道平面,1900000,31.70,地下三樓
RPUSMLNJJIGGFCA67CB,其他,1800000,7.73,地下一樓
RPPQMLNJJIGGFCA96CB,坡道平面,2200000,31.70,地下一樓
RPTSMLNJJIGGFCA57CB,其他,1800000,7.73,地下一樓
RPTTMLNJJIGGFCA67CB,其他,1800000,7.73,地下一樓
RPWSMLNJJIGGFCA87CB,其他,1800000,7.73,地下一樓
RPOTMLNJJIGGFCA17CB,其他,1800000,7.73,地下一樓
RPSNMLNJJIGGFFA27CB,坡道平面,4600000,37.40,地下二樓
RPPNMLNJJIGGFFA96CB,坡道平面,2700000,38.14,地下四樓
RPQNMLNJJIGGFFA07CB,坡道平面,2700000,38.14,地下四樓
RPTNMLNJJIGGFFA37CB,坡道平面,4200000,40.83,地下四樓
RPTNMLNJJIGGFFA37CB,坡道機械,2450000,20.27,地下二樓
RPTNMLNJJIGGFFA37CB,坡道機械,2450000,20.27,地下二樓
RPRNMLNJJIGGFFA17CB,坡道平面,2700000,38.14,地下四樓
RPUNMLNJJIGGFFA47CB,坡道平面,4600000,37.40,地下二樓
RPWNMLNJJIGGFFA67CB,坡道平面,3500000,38.14,地下一樓
RPVNMLNJJIGGFFA57CB,坡道平面,2600000,38.14,地下四樓
RPXNMLNJJIGGFFA77CB,坡道平面,2800000,38.14,地下三樓
RPOOMLNJJIGGFFA96CB,坡道平面,2800000,38.14,地下三樓
RPVNMLNJJIGGFEA47CB,升降機械,1700000,12.37,地下二樓
RPUNMLNJJIGGFDA27CB,坡道平面,3400000,23.48,地下二樓
RPWNMLNJJIGGFDA47CB,坡道平面,3400000,23.48,地下二樓
RPXNMLNJJIGGFDA57CB,坡道平面,3200000,23.48,地下四樓
RPXNMLNJJIGGFDA57CB,坡道平面,3100000,23.48,地下四樓
RPXNMLMJJIGGFDA47CB,坡道平面,3500000,32.17,地下五樓含以下
RPVNMLNJJIGGFDA37CB,坡道平面,3400000,23.48,地下二樓
RPOOMLNJJIGGFDA76CB,坡道平面,3200000,23.48,地下四樓
RPPOMLNJJIGGFDA86CB,坡道平面,3200000,23.48,地下三樓
RPPOMLNJJIGGFDA86CB,坡道平面,3300000,23.48,地下三樓
RPQOMLNJJIGGFDA96CB,坡道平面,3200000,23.48,地下四樓
RPQOMLNJJIGGFDA96CB,坡道平面,3100000,23.48,地下四樓
RPSNMLNJJIGGFAA76CB,升降機械,2400000,8.80,無固定樓層
RPQNMLOJJIGGFDA96CB,塔式車位,2900000,16.46,
RPTNMLOJJIGGFDA27CB,塔式車位,2900000,16.46,
RPSNMLOJJIGGFDA17CB,塔式車位,2900000,16.46,
RPQNMLOJJIGGFCA86CB,其他,1800000,7.73,地下一樓
RPUNMLOJJIGGFDA37CB,塔式車位,2900000,16.46,
RPPNMLOJJIGGFEA96CB,升降機械,1300000,23.17,地下二樓
RPRNMLOJJIGGFCA96CB,其他,1800000,7.73,地下一樓
RPSNMLOJJIGGFCA07CB,升降平面,2400000,38.74,地下四樓
RPQNMLPJJIGGFCA96CB,升降機械,2200000,19.22,地下二樓
RPVNMLSJJIGGFBA67CB,坡道平面,2650000,32.68,地下四樓
RPPNMLSJJIGGFCA17CB,坡道平面,3150000,32.22,地下四樓
RPPNMLSJJIGGFCA17CB,坡道平面,3150000,32.22,地下四樓
RPRNMLPJJIGGFBA96CB,坡道平面,2600000,36.87,地下四樓
RPPNMLSJJIGGFDA27CB,坡道平面,2800000,24.60,地下一樓
RPTNMLSJJIGGFCA57CB,升降機械,2200000,15.73,地下二樓
RPSNMLSJJIGGFCA47CB,升降機械,2200000,15.73,地下二樓
RPVNMLSJJIGGFCA77CB,升降機械,2200000,15.73,地下二樓
RPQNMLSJJIGGFCA27CB,坡道平面,3050000,32.22,地下四樓
RPPNMLSJJIGGFEA37CB,坡道平面,2800000,32.91,地下二樓
RPPNMLSJJIGGFEA37CB,坡道機械,1300000,16.45,地下四樓
RPPNMLSJJIGGFFA47CB,其他,2300000,12.60,地下二樓
RPUNMLSJJIGGFCA67CB,升降機械,2200000,15.73,地下二樓
RPQNMLSJJIGGFEA47CB,坡道平面,2600000,38.01,地下一樓
RPSNMLSJJIGGFEA67CB,坡道平面,2600000,38.01,地下一樓
RPUNMLSJJIGGFEA97DB,升降平面,2400000,37.37,地下三樓
RPUNMLSJJIGGFEA97DB,升降平面,2400000,37.37,地下三樓
RPTNMLSJJIGGFEA77CB,坡道平面,2500000,38.01,地下二樓
RPRNMLSJJIGGFEA57CB,坡道平面,2500000,38.01,地下二樓
RPSNMLTJJIGGFEA77CB,坡道平面,2150000,41.87,地下一樓
RPVNMLSJJIGGFEA08DB,升降平面,2400000,37.37,地下三樓
RPVNMLSJJIGGFEA08DB,升降平面,2400000,37.37,地下三樓
RPRNMLTJJIGGFEA67CB,坡道平面,1850000,41.87,地下三樓
RPTNMLTJJIGGFEA87CB,坡道平面,1800000,41.87,地下二樓
RPPNMLTJJIGGFFA57CB,其他,2300000,12.60,地下二樓
RPPNMLTJJIGGFCA27CB,坡道平面,3050000,32.22,地下四樓
RPUNMLTJJIGGFEA97CB,坡道平面,2000000,41.87,地下一樓
RPPNMLTJJIGGFDA37CB,坡道平面,3300000,41.04,地下四樓
RPUNMLTJJIGGFEA97CB,坡道平面,2100000,41.87,地下一樓
RPVNMLTJJIGGFEA08CB,坡道平面,2100000,41.87,地下三樓
RPWNMLTJJIGGFEA18CB,坡道平面,2200000,41.87,地下三樓
RPQNMLTJJIGGFDA47CB,坡道平面,3000000,41.04,地下四樓
RPQNMLTJJIGGFDA47CB,坡道平面,3000000,41.04,地下四樓
RPQNMLTJJIGGFDA47CB,坡道平面,3000000,41.04,地下四樓
RPRNMLTJJIGGFDA57CB,坡道平面,3000000,34.75,地下四樓
RPVNMLTJJIGGFDA97CB,坡道平面,3000000,34.75,地下四樓
RPUNMLTJJIGGFDA87CB,坡道平面,3000000,34.75,地下四樓
RPTNMLTJJIGGFDA77CB,坡道平面,3000000,34.75,地下三樓
RPQNMLKKJIGGFBA09CB,坡道機械,2200000,14.90,地下四樓
RPOQMLTJJIGGFAA27CB,坡道平面,2400000,42.60,地下四樓
RPOQMLTJJIGGFAA27CB,坡道平面,2400000,42.60,地下四樓
RPPNMLKKJIGGFDA56CB,坡道平面,2700000,37.70,地下二樓
RPSNMLTJJIGGFBA47CB,坡道平面,2800000,36.87,地下三樓
RPPNMLKKJIGGFBA98CB,其他,1500000,17.30,地下三樓
RPQNMLKKJIGGFCA56CB,升降平面,3000000,39.83,地下二樓
RPQNMLKKJIGGFDA66CB,坡道平面,2800000,37.70,地下二樓
RPQNMLKKJIGGFDA66CB,坡道平面,2600000,37.70,地下二樓
RPPNMLKKJIGGFCA09CB,坡道平面,3300000,43.63,地下三樓
RPPNMLKKJIGGFFA76CB,坡道平面,3600000,44.73,地下一樓
RPPNMLKKJIGGFCA09CB,坡道平面,3300000,43.63,地下三樓
RPPNMLKKJIGGFCA09CB,坡道平面,3300000,43.63,地下三樓
RPQNMLKKJIGGFFA86CB,坡道平面,3400000,44.73,地下二樓
RPRNMLKKJIGGFFA96CB,坡道平面,3600000,44.73,地下一樓
RPUNMLKKJIGGFFA27CB,坡道平面,3500000,44.73,地下一樓
RPTNMLKKJIGGFFA17CB,坡道平面,3150000,44.73,地下三樓
RPSNMLKKJIGGFFA07CB,坡道平面,3200000,44.73,地下三樓
RPRNMLKKJIGGFCA66CB,升降平面,3000000,39.83,地下二樓
RPVNMLKKJIGGFFA37CB,坡道平面,3200000,44.73,地下三樓
RPWNMLKKJIGGFFA47CB,坡道平面,3600000,44.73,地下一樓
RPXNMLKKJIGGFFA57CB,坡道平面,3500000,44.73,地下一樓
RPQOMLKKJIGGFFA96CB,坡道平面,3200000,44.73,地下三樓
RPSOMLKKJIGGFFA17CB,坡道平面,3300000,44.73,地下二樓
RPOOMLKKJIGGFFA76CB,坡道平面,3250000,44.73,地下三樓
RPPOMLKKJIGGFFA86CB,坡道平面,3300000,44.73,地下二樓
RPTOMLKKJIGGFFA27CB,坡道平面,3150000,44.73,地下三樓
RPXOMLKKJIGGFFA67CB,坡道平面,3200000,44.73,地下三樓
RPOPMLKKJIGGFFA86CB,坡道平面,3200000,44.73,地下三樓
RPPNMLKKJIGGFEA66CB,坡道平面,2250000,41.87,地下一樓
RPQNMLKKJIGGFEA76CB,坡道平面,1800000,41.87,地下三樓
RPQNMLKKJIGGFEA76CB,坡道平面,1850000,41.87,地下四樓
RPQNMLKKJIGGFEA76CB,坡道平面,2000000,41.87,地下三樓
RPQNMLKKJIGGFEA76CB,坡道平面,2450000,41.87,地下一樓
RPPPMLKKJIGGFFA96CB,坡道平面,3200000,44.73,地下三樓
RPRNMLKKJIGGFEA86CB,坡道平面,2050000,41.87,地下三樓
RPRNMLKKJIGGFEA86CB,坡道平面,2050000,41.87,地下三樓
RPSNMLKKJIGGFEA96CB,坡道平面,2200000,41.87,地下三樓
RPTNMLKKJIGGFEA07CB,坡道平面,2100000,41.87,地下一樓
RPVNMLKKJIGGFEA27CB,坡道平面,2050000,41.87,地下一樓
RPUNMLKKJIGGFEA17CB,坡道平面,2250000,41.87,地下一樓
RPOUMLKKJIGGFEA27CB,坡道平面,2150000,41.87,地下二樓
RPWNMLKKJIGGFEA37CB,坡道平面,2100000,41.87,地下一樓
RPOOMLKKJIGGFEA66CB,坡道平面,2200000,41.87,地下二樓
RPXNMLKKJIGGFEA47CB,坡道平面,2000000,41.87,地下一樓
RPPUMLKKJIGGFEA37CB,坡道平面,2100000,41.87,地下一樓
RPPUMLKKJIGGFEA37CB,坡道平面,2100000,41.87,地下一樓
RPSUMLKKJIGGFEA67CB,坡道平面,1900000,41.87,地下三樓
RPQUMLKKJIGGFEA47CB,坡道平面,2100000,41.87,地下三樓
RPUUMLKKJIGGFEA87CB,坡道平面,2300000,41.87,地下一樓
RPWUMLKKJIGGFEA08CB,坡道平面,2050000,41.87,地下三樓
RPRUMLKKJIGGFEA57CB,坡道平面,2050000,41.87,地下三樓
RPXUMLKKJIGGFEA18CB,坡道平面,2200000,41.87,地下二樓
RPVUMLKKJIGGFEA97CB,坡道平面,1850000,41.87,地下三樓
RPPVMLKKJIGGFEA47CB,坡道平面,2350000,41.87,地下一樓
RPTUMLKKJIGGFEA77CB,坡道平面,2050000,41.87,地下二樓
RPOVMLKKJIGGFEA37CB,坡道平面,2000000,41.87,地下二樓
RPTNMLLKJIGGFEA17CB,坡道平面,2100000,41.87,地下一樓
RPQVMLKKJIGGFEA57CB,坡道平面,2100000,41.87,地下二樓
RPPNMLLKJIGGFEA76CB,坡道平面,1750000,41.87,地下三樓
RPQNMLLKJIGGFEA86CB,坡道平面,2050000,41.87,地下二樓
RPRNMLLKJIGGFEA96CB,坡道平面,1750000,41.87,地下三樓
RPUNMLLKJIGGFEA27CB,坡道平面,2050000,41.87,地下三樓
RPSNMLLKJIGGFEA07CB,坡道平面,2100000,41.87,地下一樓
RPVNMLLKJIGGFEA37CB,坡道平面,2200000,41.87,地下三樓
RPWNMLLKJIGGFEA47CB,坡道平面,2000000,41.87,地下二樓
RPOOMLLKJIGGFEA76CB,坡道平面,2200000,41.87,地下一樓
RPXNMLLKJIGGFEA57CB,坡道平面,2200000,41.87,地下二樓
RPROMLLKJIGGFEA07CB,坡道平面,1850000,41.87,地下二樓
RPSOMLLKJIGGFEA17CB,坡道平面,2150000,41.87,地下一樓
RPQOMLLKJIGGFEA96CB,坡道平面,2150000,41.87,地下一樓
RPPOMLLKJIGGFEA86CB,坡道平面,2400000,41.87,地下一樓
RPVOMLLKJIGGFEA47CB,坡道平面,1800000,41.87,地下二樓
RPVOMLLKJIGGFEA47CB,坡道平面,2000000,41.87,地下二樓
RPWOMLLKJIGGFEA57CB,坡道平面,2050000,41.87,地下二樓
RPUOMLLKJIGGFEA37CB,坡道平面,2200000,41.87,地下三樓
RPTOMLLKJIGGFEA27CB,坡道平面,2100000,41.87,地下二樓
RPXOMLLKJIGGFEA67CB,坡道平面,2050000,41.87,地下三樓
RPOPMLLKJIGGFEA86CB,坡道平面,1850000,41.87,地下三樓
RPPPMLLKJIGGFEA96CB,坡道平面,1900000,41.87,地下三樓
RPQPMLLKJIGGFEA07CB,坡道平面,2150000,41.87,地下三樓
RPRPMLLKJIGGFEA17CB,坡道平面,2250000,41.87,地下二樓
RPSPMLLKJIGGFEA27CB,坡道平面,2100000,41.87,地下二樓
RPPNMLLKJIGGFCA56CB,升降平面,3000000,39.83,地下一樓
RPPNMLLKJIGGFDA66CB,坡道平面,3300000,23.48,地下三樓
RPQNMLLKJIGGFDA76CB,坡道平面,3000000,23.48,地下三樓
RPQNMLLKJIGGFCA66CB,坡道平面,2100000,31.70,地下三樓
RPRNMLLKJIGGFDA86CB,坡道平面,3400000,23.48,地下二樓
RPSNMLLKJIGGFDA96CB,坡道平面,3200000,23.48,地下二樓
RPSNMLLKJIGGFDA96CB,坡道平面,3100000,23.48,地下二樓
RPUNMLLKJIGGFDA17CB,坡道平面,3100000,23.48,地下三樓
RPTNMLLKJIGGFDA07CB,坡道平面,3100000,23.48,地下四樓
RPQNMLMKJIGGFDA86CB,坡道平面,2800000,39.68,地下三樓
RPPNMLMKJIGGFDA76CB,坡道平面,2800000,39.68,地下三樓
RPPNMLMKJIGGFBA56CB,坡道平面,2400000,36.87,地下五樓含以下
RPPNMLMKJIGGFCA66CB,坡道平面,2900000,34.62,地下四樓
RPPNMLMKJIGGFEA86CB,坡道平面,2200000,41.87,地下二樓
RPQNMLMKJIGGFCA76CB,坡道平面,2100000,31.83,地下五樓含以下
RPRNMLMKJIGGFDA96CB,坡道平面,2800000,39.68,地下三樓
RPRNMLMKJIGGFEA07CB,坡道平面,2250000,41.87,地下二樓
RPUNMLMKJIGGFEA37CB,坡道平面,2000000,41.87,地下二樓
RPTNMLMKJIGGFEA27CB,坡道平面,2000000,41.87,地下一樓
RPSNMLMKJIGGFEA17CB,坡道平面,2300000,41.87,地下二樓
RPQNMLMKJIGGFEA96CB,坡道平面,2350000,41.87,地下二樓
RPVNMLMKJIGGFEA47CB,坡道平面,1900000,41.87,地下二樓
RPWNMLMKJIGGFEA57CB,坡道平面,2000000,41.87,地下二樓
RPRQMLMKJIGGFEA37CB,坡道平面,2100000,41.87,地下三樓
RPRQMLMKJIGGFEA37CB,坡道平面,2100000,41.87,地下三樓
RPWQMLMKJIGGFEA87CB,坡道平面,2600000,38.01,地下二樓
RPSQMLMKJIGGFEA47CB,坡道平面,2100000,41.87,地下三樓
RPPNMLNKJIGGFFA17DB,坡道平面,3600000,36.67,地下四樓
RPPNMLNKJIGGFFA17DB,坡道平面,3600000,36.67,地下四樓
RPPNMLNKJIGGFCA76CB,坡道平面,3900000,25.40,地下二樓
RPPNMLNKJIGGFCA76CB,坡道平面,4100000,29.44,地下二樓
RPPNMLNKJIGGFEA96CB,坡道平面,2800000,32.91,地下二樓
RPPNMLNKJIGGFEA96CB,坡道機械,1500000,16.45,地下四樓
RPPNMLPKJIGGFDA17DB,坡道平面,3900000,42.22,地下二樓
RPPNMLPKJIGGFDA17DB,坡道平面,3900000,42.22,地下二樓
RPPNMLOKJIGGFAA76DB,坡道機械,1500000,18.57,地下二樓
RPQNMLOKJIGGFDA17DB,坡道平面,3050000,41.53,地下四樓
RPQNMLOKJIGGFDA17DB,坡道平面,3050000,41.53,地下四樓
RPQNMLOKJIGGFDA17DB,坡道平面,3050000,41.53,地下四樓
RPQNMLPKJIGGFBA96CB,坡道平面,2900000,46.22,地下一樓
RPPNMLOKJIGGFDA07DB,坡道平面,3300000,41.53,地下五樓含以下
RPPNMLOKJIGGFDA07DB,坡道平面,3300000,41.53,地下五樓含以下
RPQNMLOKJIGGFAA86DB,坡道機械,1100000,18.57,地下四樓
RPPNMLOKJIGGFEA07CB,升降機械,1500000,11.48,地下二樓
RPPNMLOKJIGGFEA07CB,升降機械,1500000,11.48,地下二樓
RPQNMLPKJIGGFDA27DB,坡道平面,3700000,42.22,地下三樓
RPPOMLPKJIGGFBA96CB,升降機械,1500000,5.88,地下四樓
RPQNMLPKJIGGFAA86CB,坡道平面,2000000,28.10,地下四樓
RPRNMLPKJIGGFAA96CB,坡道平面,2300000,28.10,地下四樓
RPRNMLPKJIGGFAA96CB,坡道平面,2200000,28.10,地下四樓
RPRNMLPKJIGGFAA96CB,坡道平面,2300000,28.10,地下四樓
RPSNMLPKJIGGFAA07CB,坡道平面,2100000,28.10,地下四樓
RPSNMLPKJIGGFAA07CB,坡道平面,2000000,26.45,地下四樓
RPPNMLPKJIGGFAA76CB,坡道平面,2300000,28.10,地下四樓
RPPNMLPKJIGGFAA76CB,坡道平面,2200000,28.10,地下四樓
RPTNMLPKJIGGFAA17CB,坡道平面,2000000,26.45,地下四樓
RPTNMLPKJIGGFAA17CB,坡道平面,2300000,28.10,地下四樓
RPWNMLPKJIGGFAA47CB,坡道平面,2200000,28.10,地下四樓
RPWNMLPKJIGGFAA47CB,坡道平面,1900000,26.45,地下四樓
RPUNMLPKJIGGFAA27CB,坡道平面,2300000,28.10,地下四樓
RPUNMLPKJIGGFAA27CB,坡道平面,2200000,28.10,地下四樓
RPVNMLPKJIGGFAA37CB,坡道平面,2300000,28.10,地下四樓
RPVNMLPKJIGGFAA37CB,坡道平面,2200000,28.10,地下四樓
RPPNMLQKJIGGFAA86CB,其他,2400000,8.80,無固定樓層
RPQNMLQKJIGGFDA27CB,坡道平面,2400000,26.75,地下四樓
RPSNMLQKJIGGFAA17CB,其他,2400000,8.80,無固定樓層
RPTNMLQKJIGGFAA27CB,坡道平面,3200000,34.98,地下四樓
RPUNMLQKJIGGFDA67CB,坡道平面,2400000,26.75,地下四樓
RPVNMLQKJIGGFDA77CB,坡道平面,3250000,34.59,地下二樓
RPVNMLQKJIGGFDA77CB,坡道平面,3150000,34.59,地下二樓
RPTNMLQKJIGGFDA57CB,坡道平面,2400000,26.75,地下四樓
RPTNMLQKJIGGFDA57CB,坡道平面,2400000,26.75,地下四樓
RPQNMLRKJIGGFDA37CB,坡道平面,5000000,32.66,地下三樓
RPQNMLRKJIGGFDA37CB,坡道平面,5000000,32.66,地下三樓
RPQNMLRKJIGGFDA37CB,坡道平面,3200000,30.21,地下五樓含以下
RPRNMLQKJIGGFDA37CB,坡道平面,2800000,26.75,地下二樓
RPSNMLQKJIGGFDA47CB,坡道平面,2600000,26.75,地下三樓
RPSNMLRKJIGGFDA57CB,坡道平面,4500000,32.66,地下四樓
RPSNMLRKJIGGFDA57CB,坡道平面,4500000,32.66,地下四樓
RPSNMLRKJIGGFDA57CB,坡道平面,4200000,30.21,地下四樓
RPTNMLRKJIGGFDA67CB,坡道平面,4500000,32.66,地下四樓
RPTNMLRKJIGGFDA67CB,坡道平面,4500000,32.66,地下四樓
RPTNMLRKJIGGFDA67CB,坡道平面,4200000,30.21,地下四樓
RPVNMLRKJIGGFDA87CB,坡道平面,5000000,32.66,地下三樓
RPVNMLRKJIGGFDA87CB,坡道平面,4700000,30.21,地下三樓
RPXNMLRKJIGGFDA08CB,坡道平面,3100000,23.48,地下三樓
RPPOMLRKJIGGFDA37CB,坡道平面,3200000,23.48,地下三樓
RPUNMLRKJIGGFDA77CB,坡道平面,4000000,32.66,地下五樓含以下
RPUNMLRKJIGGFDA77CB,坡道平面,4000000,32.66,地下五樓含以下
RPVNMLRKJIGGFAA57CB,坡道平面,2750000,28.10,地下二樓
RPVNMLRKJIGGFAA57CB,坡道平面,2550000,26.45,地下二樓
RPQOMLRKJIGGFDA47CB,坡道平面,3200000,23.48,地下四樓
RPWNMLRKJIGGFDA97CB,坡道平面,3300000,35.38,地下二樓
RPPNMLSKJIGGFDA37CB,坡道平面,2600000,40.07,地下四樓
RPPNMLSKJIGGFFA57CB,坡道平面,2500000,38.14,地下四樓
RPQNMLSKJIGGFBA27CB,坡道平面,2600000,36.87,地下四樓
RPQNMLSKJIGGFFA67CB,坡道平面,2700000,38.14,地下四樓
RPRNMLSKJIGGFFA77CB,坡道平面,2900000,38.14,地下四樓
RPPNMLSKJIGGFBA17CB,坡道平面,2800000,36.87,地下三樓
RPTNMLSKJIGGFFA97CB,坡道平面,3550000,44.73,地下三樓
RPVNMLSKJIGGFFA18CB,坡道平面,3400000,44.73,地下二樓
RPSNMLSKJIGGFFA87CB,坡道平面,3650000,44.73,地下一樓
RPWNMLSKJIGGFFA28CB,坡道平面,3400000,44.73,地下二樓
RPUPMLSKJIGGFCA97CB,坡道平面,2900000,34.62,地下四樓
RPQNMLTKJIGGFFA77CB,坡道平面,2800000,38.14,地下三樓
RPPNMLTKJIGGFFA67CB,坡道平面,3150000,44.73,地下三樓
RPRNMLTKJIGGFFA87CB,坡道平面,3100000,38.14,地下三樓
RPPPMLTKJIGGFEA77CB,坡道平面,2550000,38.51,地下五樓含以下
RPVPMLTKJIGGFEA38CB,坡道平面,2650000,38.51,地下五樓含以下
RPSPMLTKJIGGFEA08CB,坡道平面,2650000,38.51,地下五樓含以下
RPOQMLTKJIGGFEA77CB,坡道平面,2750000,38.51,地下五樓含以下
RPXPMLTKJIGGFEA58CB,坡道平面,3000000,38.51,地下四樓
RPUPMLTKJIGGFEA28CB,坡道平面,3100000,38.51,地下四樓
RPROMLTKJIGGFAA47CB,坡道平面,2400000,42.60,地下四樓
RPPNMLKLJIGGFBA56DB,坡道平面,3300000,34.70,地下二樓
RPPOMLTKJIGGFAA27CB,坡道平面,2800000,41.97,地下三樓
RPPOMLTKJIGGFAA27CB,坡道平面,2800000,42.60,地下三樓
RPRNMLKLJIGGFBA76DB,坡道平面,3100000,34.70,地下二樓
RPPNMLKLJIGGFEA76CB,其他,1500000,10.87,無固定樓層
RPQNMLKLJIGGFBA66DB,坡道平面,3500000,34.70,地下一樓
RPTNMLKLJIGGFBA96DB,坡道平面,2550000,34.70,地下五樓含以下
RPSNMLKLJIGGFBA86DB,坡道平面,3000000,34.70,地下三樓
RPVNMLKLJIGGFBA17DB,坡道平面,2300000,34.70,地下五樓含以下
RPUNMLKLJIGGFBA07DB,坡道平面,3300000,34.70,地下二樓
RPSNMLLLJIGGFEA17CB,坡道平面,3100000,31.40,地下二樓
RPSNMLLLJIGGFEA17CB,坡道平面,3350000,33.09,地下二樓
RPRNMLLLJIGGFEA07CB,坡道平面,3050000,33.09,地下二樓
RPXNMLKLJIGGFBA37DB,坡道平面,2950000,34.70,地下二樓
RPWNMLKLJIGGFBA27DB,坡道平面,2950000,34.70,地下二樓
RPTNMLLLJIGGFEA27CB,坡道平面,3350000,33.09,地下二樓
RPQNMLLLJIGGFEA96CB,坡道平面,3350000,33.09,地下二樓
RPQNMLMLJIGGFBA76CB,坡道平面,2950000,21.44,地下三樓
RPVNMLMLJIGGFBA27CB,塔式車位,1800000,21.17,
RPWNMLMLJIGGFBA37CB,塔式車位,1800000,21.17,
RPRNMLMLJIGGFEA17CB,升降平面,2100000,39.58,地下三樓
RPPOMLMLJIGGFBA76CB,坡道平面,2400000,36.87,地下五樓含以下
RPOOMLMLJIGGFDA86CB,坡道平面,3300000,32.17,地下五樓含以下
RPPOMLMLJIGGFDA96CB,坡道平面,3200000,32.17,地下五樓含以下
RPQOMLMLJIGGFEA17CB,坡道平面,3250000,29.58,地下二樓
RPQOMLMLJIGGFEA17CB,坡道平面,3000000,29.58,地下二樓
RPOOMLMLJIGGFBA66CB,坡道平面,2400000,36.87,地下五樓含以下
RPUNMLMLJIGGFCA27CB,其他,2500000,17.19,地下三樓
RPWNMLMLJIGGFEA77DB,坡道平面,3000000,38.80,地下二樓
RPVNMLMLJIGGFEA67DB,坡道平面,3000000,38.80,地下二樓
RPOOMLMLJIGGFEA07DB,坡道平面,3000000,38.80,地下二樓
RPXNMLMLJIGGFEA87DB,坡道平面,3000000,38.80,地下二樓
RPPNMLNLJIGGFBA86DB,其他,2000000,10.37,地下二樓
RPQNMLNLJIGGFBA96DB,其他,2000000,10.37,地下二樓
RPPNMLNLJIGGFEA07CB,其他,1800000,15.04,地下三樓
RPQNMLNLJIGGFEA17CB,坡道平面,2600000,38.51,地下四樓
RPQNMLNLJIGGFEA17CB,坡道平面,2350000,38.51,地下五樓含以下
RPWNMLNLJIGGFEA77CB,其他,1800000,15.04,地下三樓
RPRNMLNLJIGGFEA27CB,坡道平面,2450000,38.51,地下五樓含以下
RPRNMLNLJIGGFEA27CB,坡道平面,2450000,38.51,地下五樓含以下
RPTNMLNLJIGGFEA47CB,坡道平面,2750000,38.51,地下五樓含以下
RPROMLNLJIGGFEA37CB,其他,1800000,15.04,地下二樓
RPQPMLOLJIGGFAA07CB,坡道平面,2650000,28.10,地下三樓
RPQPMLOLJIGGFAA07CB,坡道平面,2550000,28.10,地下三樓
RPPNMLNLJIGGFAA66CB,其他,1300000,23.12,地下三樓
RPSPMLOLJIGGFAA27CB,坡道平面,2200000,28.10,地下四樓
RPSOMLNLJIGGFEA47CB,坡道平面,2400000,40.89,地下四樓
RPQNMLOLJIGGFBA96CB,塔式車位,1800000,21.17,
RPRPMLOLJIGGFAA17CB,坡道平面,2000000,26.45,地下四樓
RPRPMLOLJIGGFAA17CB,坡道平面,2200000,28.10,地下四樓
RPRNMLOLJIGGFBA07CB,塔式車位,1800000,21.17,
RPOOMLOLJIGGFBA86CB,塔式車位,1800000,21.17,
RPXNMLOLJIGGFBA67CB,塔式車位,1800000,21.17,
RPTRMLOLJIGGFEA97CB,其他,1500000,13.49,地下四樓
RPRNMLOLJIGGFCA17CB,其他,2500000,17.19,地下二樓
RPQNMLOLJIGGFCA07CB,其他,2500000,17.19,地下三樓
RPPNMLOLJIGGFCA07DB,坡道平面,2920000,40.28,地下二樓
RPSNMLOLJIGGFCA27CB,其他,2500000,17.19,地下三樓
RPQNMLOLJIGGFCA17DB,坡道平面,2800000,40.28,地下五樓含以下
RPPNMLPLJIGGFBA96CB,其他,2000000,10.37,地下二樓
RPQNMLPLJIGGFAA96CB,坡道平面,2300000,41.72,地下二樓
RPSNMLPLJIGGFAA17CB,坡道平面,2300000,41.72,地下二樓
RPUNMLPLJIGGFAA37CB,其他,1600000,20.34,無固定樓層
RPRNMLPLJIGGFAA07CB,其他,1600000,20.34,無固定樓層
RPRNMLQLJIGGFBA27CB,其他,2000000,10.37,地下二樓
RPPNMLQLJIGGFEA37CB,升降機械,1700000,12.37,地下二樓
RPRNMLRLJIGGFFA77CB,升降機械,2600000,15.42,地下二樓
RPSNMLTLJIGGFCA77CB,坡道平面,3250000,32.22,地下三樓
RPTNMLKMJIGGFAA86CB,坡道平面,2550000,28.10,地下三樓
RPVNMLKMJIGGFDA37CB,坡道平面,2500000,28.83,地下二樓
RPVNMLKMJIGGFDA37CB,坡道平面,2500000,28.83,地下二樓
RPVNMLKMJIGGFDA37CB,坡道平面,2500000,28.83,地下二樓
RPRNMLKMJIGGFAA66CB,坡道平面,2900000,41.97,地下二樓
RPQNMLKMJIGGFBA76DB,升降機械,1200000,13.25,地下二樓
RPPNMLLJKIGGFEA86DB,升降機械,1500000,30.61,地下二樓
RPQOMLKMJIGGFAA66CB,坡道平面,2800000,42.60,地下三樓
RPQOMLKMJIGGFAA66CB,坡道平面,2800000,42.60,地下三樓
RPRNMLLJKIGGFBA76DB,升降機械,2100000,11.81,地下三樓
RPQNMLKMJIGGFAA56CB,坡道平面,2800000,42.60,地下三樓
RPQNMLKMJIGGFAA56CB,坡道平面,2800000,42.60,地下三樓
RPSNMLKMJIGGFBA96DB,升降機械,1200000,13.25,地下三樓
RPSNMLLJKIGGFAA66CB,坡道平面,2250000,28.10,地下四樓
RPQNMLLJKIGGFEA86CB,坡道平面,3100000,41.92,地下四樓
RPRNMLLJKIGGFEA96CB,坡道平面,2900000,41.92,地下五樓含以下
RPSNMLLJKIGGFEA07CB,坡道平面,2900000,41.92,地下五樓含以下
RPQNMLMJKIGGFEA96CB,坡道平面,3100000,41.92,地下四樓
RPRNMLMJKIGGFEA07CB,坡道平面,3100000,41.92,地下四樓
RPSNMLMJKIGGFEA17CB,坡道平面,3300000,35.85,地下二樓
RPPNMLMJKIGGFEA86CB,坡道平面,2900000,35.85,地下四樓
RPTNMLMJKIGGFEA27CB,坡道平面,2900000,35.85,地下四樓
RPVNMLMJKIGGFEA47CB,坡道平面,2900000,41.92,地下五樓含以下
RPWNMLMJKIGGFEA57CB,坡道平面,3100000,35.85,地下三樓
RPXNMLMJKIGGFEA67CB,坡道平面,3100000,41.92,地下四樓
RPUNMLMJKIGGFEA37CB,坡道平面,3100000,41.92,地下四樓
RPQNMLMJKIGGFFA07CB,其他,3000000,23.15,地下二樓
RPPOMLMJKIGGFFA07CB,其他,3000000,23.15,地下三樓
RPXNMLMJKIGGFFA77CB,其他,3000000,23.15,地下三樓
RPOPMLMJKIGGFFA07CB,其他,3000000,23.15,地下二樓
RPQPMLMJKIGGFFA27CB,其他,3000000,23.15,地下三樓
RPTOMLMJKIGGFFA47CB,其他,3000000,23.15,地下二樓
RPUPMLMJKIGGFFA67CB,其他,3000000,23.15,地下三樓
RPPNMLMJKIGGFBA56CB,其他,2000000,10.37,地下二樓
RPSNMLMJKIGGFBA86CB,升降機械,1850000,15.81,地下四樓
RPRNMLMJKIGGFBA76CB,升降機械,1850000,15.81,地下四樓
RPTNMLMJKIGGFBA96CB,其他,2000000,10.37,地下二樓
RPRNMLNJKIGGFBA86CB,坡道機械,1300000,15.64,地下二樓
RPPNMLNJKIGGFBA66CB,坡道平面,2100000,31.28,地下二樓
RPSNMLNJKIGGFBA96CB,坡道機械,1600000,15.64,地下二樓
RPPNMLMJKIGGFDA76CB,坡道平面,3300000,35.38,地下二樓
RPPNMLMJKIGGFDA76CB,坡道平面,3300000,35.38,地下二樓
RPUNMLNJKIGGFBA17CB,坡道平面,2100000,34.11,地下二樓
RPPNMLQJKIGGFEA27CB,坡道機械,1400000,27.13,地下五樓含以下
RPQNMLQJKIGGFEA37CB,坡道機械,1200000,27.13,地下五樓含以下
RPTNMLQJKIGGFEA67CB,坡道機械,1400000,27.13,地下五樓含以下
RPUNMLQJKIGGFEA77CB,坡道機械,1400000,27.13,地下五樓含以下
RPVNMLQJKIGGFEA87CB,坡道機械,1200000,27.13,地下五樓含以下
RPXNMLQJKIGGFEA08CB,坡道機械,1500000,27.13,地下四樓
RPSNMLQJKIGGFEA57CB,坡道機械,1500000,27.13,地下五樓含以下
RPRNMLQJKIGGFEA47CB,坡道機械,1500000,27.13,地下四樓
RPWNMLQJKIGGFEA97CB,坡道機械,1400000,27.13,地下五樓含以下
RPOOMLQJKIGGFEA27CB,坡道機械,1000000,27.13,地下五樓含以下
RPPOMLQJKIGGFEA37CB,坡道機械,1400000,27.13,地下五樓含以下
RPROMLQJKIGGFEA57CB,坡道機械,1000000,27.13,地下五樓含以下
RPSOMLQJKIGGFEA67CB,坡道機械,1000000,27.13,地下五樓含以下
RPUOMLQJKIGGFEA87CB,坡道機械,1400000,27.13,地下五樓含以下
RPQOMLQJKIGGFEA47CB,坡道平面,2700000,35.94,地下二樓
RPTOMLQJKIGGFEA77CB,坡道機械,1400000,27.13,地下五樓含以下
RPVOMLQJKIGGFEA97CB,坡道機械,1500000,27.13,地下四樓
RPWOMLQJKIGGFEA08CB,坡道平面,1500000,27.13,地下四樓
RPXOMLQJKIGGFEA18CB,坡道平面,2600000,40.89,地下四樓
RPOPMLQJKIGGFEA37CB,坡道機械,1800000,27.13,地下四樓
RPPPMLQJKIGGFEA47CB,坡道平面,2000000,35.94,地下五樓含以下
RPPPMLQJKIGGFEA47CB,坡道機械,1400000,27.13,地下五樓含以下
RPQPMLQJKIGGFEA57CB,坡道機械,1400000,27.13,地下五樓含以下
RPXPMLQJKIGGFEA28CB,坡道機械,1800000,27.13,地下四樓
RPPQMLQJKIGGFEA57CB,坡道機械,1400000,27.13,地下五樓含以下
RPUPMLQJKIGGFEA97CB,坡道機械,1500000,27.13,地下四樓
RPRPMLQJKIGGFEA67CB,坡道機械,1200000,27.13,地下五樓含以下
RPOQMLQJKIGGFEA47CB,坡道機械,1000000,27.13,地下五樓含以下
RPRQMLQJKIGGFEA77CB,坡道機械,1400000,27.13,地下五樓含以下
RPQNMLRJKIGGFEA47CB,坡道平面,2900000,41.92,地下五樓含以下
RPSQMLQJKIGGFEA87CB,坡道平面,2100000,35.94,地下五樓含以下
RPPNMLRJKIGGFEA37CB,坡道平面,3700000,49.92,地下二樓
RPROMLRJKIGGFEA67CB,坡道平面,2900000,24.63,地下二樓
RPRNMLRJKIGGFEA57CB,坡道平面,3300000,41.92,地下三樓
RPPNMLRJKIGGFBA07CB,其他,2000000,10.37,地下二樓
RPSNMLRJKIGGFEA67CB,坡道平面,3500000,41.92,地下二樓
RPSNMLPKKIGGFDA47CB,其他,2000000,15.52,地下三樓
RPTRMLOKKIGGFDA87CB,升降機械,2100000,29.10,地下二樓
RPQNMLPKKIGGFBA07CB,其他,1800000,15.60,地下二樓
RPSNMLPKKIGGFBA27CB,其他,1800000,15.60,地下二樓
RPTNMLPKKIGGFBA37CB,其他,1800000,15.60,地下二樓
RPPNMLRKKIGGFCA27CB,升降機械,2300000,19.22,地下二樓
RPQNMLSKKIGGFBA37CB,坡道平面,3000000,42.15,地下一樓
RPRNMLSKKIGGFBA47CB,升降平面,2100000,35.13,地下三樓
RPPNMLMLKIGGFDA96CB,坡道平面,2850000,37.52,地下三樓
RPRNMLOLKIGGFBA27DB,坡道平面,2450000,14.37,地下三樓
RPQNMLOLKIGGFBA17DB,坡道平面,2450000,14.37,地下三樓
RPUNMLOLKIGGFBA57DB,坡道平面,2450000,14.37,地下三樓
RPVNMLOLKIGGFBA67DB,坡道平面,2700000,16.62,地下三樓
RPRNMLPJJHHGFBA96CB,升降機械,1800000,15.81,地下三樓
RPRNMLOJJHHGFDA07CB,坡道平面,3300000,23.48,地下一樓
RPPNMLPJJHHGFDA96CB,升降機械,2100000,29.10,地下二樓
RPWOMLPJJHHGFCA67CB,升降機械,2300000,19.22,地下二樓
RPRNMLQJJHHGFFA47CB,升降平面,2350000,34.22,地下二樓
RPTNMLQJJHHGFFA67CB,坡道平面,3000000,37.27,地下一樓
RPWNMLQJJHHGFFA97CB,升降平面,2850000,37.27,地下二樓
RPXNMLQJJHHGFFA08CB,升降平面,2450000,34.22,地下二樓
RPVNMLQJJHHGFFA87CB,升降平面,2850000,37.27,地下二樓
RPQOMLQJJHHGFFA47CB,升降平面,2550000,34.22,地下二樓
RPVNMLRJJHHGFBA57CB,坡道平面,3200000,16.62,地下三樓
RPOOMLRJJHHGFBA96CB,坡道平面,2600000,16.62,地下五樓含以下
RPSNMLKKJHHGFDA86CB,坡道平面,3100000,34.59,地下三樓
RPQOMLRJJHHGFBA17CB,坡道平面,3300000,14.37,地下二樓
RPQOMLRJJHHGFBA17CB,坡道平面,3300000,14.37,地下二樓
RPWNMLRJJHHGFBA67CB,坡道平面,3200000,16.62,地下三樓
RPOOMLLLJHHGFAA09CB,坡道平面,2600000,41.72,地下一樓
RPOOMLLLJHHGFAA09CB,其他,1500000,20.34,無固定樓層
RPQNMLLKJHHGFDA76CB,坡道平面,3600000,32.17,地下四樓
RPXNMLRJJHHGFBA77CB,坡道平面,2600000,16.62,地下五樓含以下
RPRUMLQLJHHGFCA08CB,坡道平面,3450000,32.22,地下三樓
RPRUMLQLJHHGFCA08CB,坡道平面,3250000,32.22,地下三樓
RPQQMLMKJHHGFCA07CB,坡道平面,3000000,37.43,地下三樓
RPQQMLMKJHHGFCA07CB,坡道平面,3000000,37.43,地下三樓
RPTNMLOLLHHGFEA77CB,坡道平面,3400000,37.98,地下二樓
RPPOMLLLJHHGFAA56CB,坡道平面,2100000,41.72,地下一樓
RPTNMLOLLHHGFEA77CB,坡道平面,3400000,37.98,地下二樓
RPTNMLOLLHHGFEA77CB,坡道平面,3300000,37.98,地下二樓
RPROMLOKKHHGFEA57DB,升降機械,1500000,22.78,地下五樓含以下
RPSNMLOLLHHGFEA67CB,坡道平面,3500000,37.98,地下二樓
RPSNMLOLLHHGFEA67CB,坡道平面,3400000,37.98,地下二樓
RPVNMLOLLHHGFEA97CB,坡道平面,3400000,37.98,地下二樓
RPVNMLOLLHHGFEA97CB,坡道平面,3400000,37.98,地下二樓
RPVNMLOLLHHGFEA97CB,坡道平面,3400000,37.98,地下二樓
RPPNMLKMLHHGFEA07CB,坡道平面,3200000,37.98,地下三樓
RPPNMLKMLHHGFEA07CB,坡道平面,3200000,37.98,地下三樓
RPXNMLOLLHHGFEA18CB,坡道平面,3500000,37.98,地下二樓
RPXNMLOLLHHGFEA18CB,坡道平面,3400000,37.98,地下二樓
RPPNMLKMLHHGFBA76CB,其他,1900000,15.60,地下二樓
RPRNMLKMLHHGFBA96CB,其他,1800000,15.60,地下二樓
RPQNMLKMLHHGFBA86CB,其他,1800000,15.60,地下二樓
RPOOMLRJMHHGFEA57CB,升降機械,1200000,16.50,地下二樓
RPSNMLKMLHHGFBA07CB,其他,1800000,15.60,地下二樓
RPRNMLMKNHHGFCA27CB,升降機械,2000000,31.45,地下三樓
RPPNMLMKNHHGFCA07CB,升降機械,2000000,31.45,地下三樓
RPQNMLMKNHHGFCA17CB,升降機械,2000000,31.45,地下三樓
RPQNMLMLMHHGFEA47DB,坡道平面,2500000,38.18,地下三樓
RPUNMLMKNHHGFCA57CB,升降機械,2000000,31.45,地下三樓
RPVNMLMKNHHGFCA67CB,升降機械,2000000,31.45,地下三樓
RPWNMLMKNHHGFCA77CB,升降機械,2000000,31.45,地下二樓
RPXNMLMKNHHGFCA87CB,升降機械,2000000,31.45,地下三樓
RPOOMLMKNHHGFCA07CB,升降機械,2000000,31.45,地下三樓
RPPOMLMKNHHGFCA17CB,升降機械,2000000,31.45,地下二樓
RPTNMLQKNHHGFEA08CB,升降機械,1500000,11.48,地下二樓
RPQNMLSKNHHGFEA97CB,升降平面,2200000,47.79,地下四樓
RPVNMLQKNHHGFEA28CB,升降機械,1500000,11.48,地下二樓
RPPNMLPJPHHGFDA57CB,升降機械,2100000,29.10,地下二樓
RPUNMLQKNHHGFEA18CB,升降機械,1500000,11.48,地下二樓
RPPNMLTLOHHGFBA87CB,升降機械,2000000,12.18,地下二樓
RPPNMLPJPHHGFAA27CB,其他,2400000,8.80,無固定樓層
RPQNMLTLOHHGFBA97CB,升降機械,1800000,12.18,地下二樓
RPTNMLLKPHHGFAA37CB,坡道平面,2200000,28.10,地下四樓
RPTNMLLKPHHGFAA37CB,坡道平面,2000000,26.45,地下四樓
RPPNMLNKPHHGFBA27CB,其他,2000000,12.57,地下三樓
