﻿編號,土地位置,土地移轉面積(平方公尺),使用分區或編定,權利人持分分母,權利人持分分子,移轉情形,地號
The serial number, land position,land shifting area square meter,the use zoning or compiles and checks,,,,land parcel
RPPNMLSKQHGGFDC18CB,調和段,30.24,都市：住,100000,153,持分移轉,13820021
RPTNMLMJRHGGFDC97CB,長潭段,2.59,都市：住,100000,177,持分移轉,08920001
RPTNMLMJRHGGFDC97CB,長潭段,20.70,都市：住,100000,177,持分移轉,09020000
RPPNMLQLQHGGFDC18DB,長安段,31.57,非都市：鄉村區 ; 非都市編定：乙種建築用地,10000,175,持分移轉,02740000
RPVNMLMJRHGGFDC18CB,長潭段,5.27,都市：住,100000,360,持分移轉,08920001
RPVNMLMJRHGGFDC18CB,長潭段,42.10,都市：住,100000,360,持分移轉,09020000
RPWNMLMJRHGGFDC28CB,調和段,30.83,都市：住,100000,156,持分移轉,13820021
RPPNMLNKQHGGFDC77DB,代天府段,23.18,都市：住,100000,869,持分移轉,08980000
RPPNMLMJRHGGFDC57CB,長潭段,2.14,都市：住,100000,146,持分移轉,08920001
RPPNMLMJRHGGFDC57CB,長潭段,17.07,都市：住,100000,146,持分移轉,09020000
RPUNMLMJRHGGFDC08CB,長潭段,3.19,都市：住,100000,218,持分移轉,08920001
RPUNMLMJRHGGFDC08CB,長潭段,25.50,都市：住,100000,218,持分移轉,09020000
RPQNMLMJRHGGFDC67CB,長潭段,5.75,都市：住,100000,393,持分移轉,08920001
RPQNMLMJRHGGFDC67CB,長潭段,45.96,都市：住,100000,393,持分移轉,09020000
RPRNMLRJRHGGFDC28CB,調和段,30.44,都市：住,100000,154,持分移轉,13820021
RPQNMLTJRHGGFDC38CB,長潭段,2.11,都市：住,100000,144,持分移轉,08920001
RPQNMLTJRHGGFDC38CB,長潭段,16.84,都市：住,100000,144,持分移轉,09020000
RPTNMLLKRHGGFDC08DB,調和段,77.43,都市：住,100000,834,持分移轉,08480000
RPTNMLLKRHGGFDC08DB,調和段,.28,都市：住,100000,834,持分移轉,08480001
RPTNMLLKRHGGFDC08DB,調和段,.49,都市：住,100000,834,持分移轉,08490008
RPXNMLMJRHGGFDC38CB,調和段,30.83,都市：住,100000,156,持分移轉,13820021
RPPNMLRJRHGGFDC08CB,觀音段,27.84,都市：住,10000,79,持分移轉,00670000
RPRNMLTJRHGGFDC48CB,長潭段,3.22,都市：住,100000,220,持分移轉,08920001
RPRNMLTJRHGGFDC48CB,長潭段,25.73,都市：住,100000,220,持分移轉,09020000
RPPNMLTJRHGGFDC28CB,長潭段,2.11,都市：住,100000,144,持分移轉,08920001
RPPNMLTJRHGGFDC28CB,長潭段,16.84,都市：住,100000,144,持分移轉,09020000
RPVNMLLKRHGGFDC28DB,調和段,85.32,都市：住,100000,919,持分移轉,08480000
RPVNMLLKRHGGFDC28DB,調和段,.31,都市：住,100000,919,持分移轉,08480001
RPVNMLLKRHGGFDC28DB,調和段,.54,都市：住,100000,919,持分移轉,08490008
RPUNMLLKRHGGFDC18DB,調和段,85.88,都市：住,100000,925,持分移轉,08480000
RPUNMLLKRHGGFDC18DB,調和段,.31,都市：住,100000,925,持分移轉,08480001
RPUNMLLKRHGGFDC18DB,調和段,.55,都市：住,100000,925,持分移轉,08490008
RPSNMLPKRHGGFDC28CB,調和段,31.03,都市：住,100000,157,持分移轉,13820021
RPPNMLPKRHGGFDC97CB,調和段,30.44,都市：住,100000,154,持分移轉,13820021
RPQNMLPKRHGGFDC08CB,調和段,30.83,都市：住,100000,156,持分移轉,13820021
RPPNMLQKRHGGFDC18DB,港灣段三小段,15.14,都市：商,100000,805,持分移轉,00040000
RPRNMLPKRHGGFDC18CB,調和段,30.24,都市：住,100000,153,持分移轉,13820021
RPTNMLPKRHGGFDC38CB,調和段,30.24,都市：住,100000,153,持分移轉,13820021
RPQNMLQKRHGGFDC28DB,港灣段三小段,14.78,都市：商,100000,786,持分移轉,00040000
RPPNMLRKRHGGFDC18CB,觀音段,31.37,都市：住,10000,89,持分移轉,00670000
RPQNMLRKRHGGFDC28CB,觀音段,51.10,都市：住,10000,145,持分移轉,00670000
RPPNMLSKRHGGFDC28CB,長潭段,3.29,都市：住,100000,225,持分移轉,08920001
RPPNMLSKRHGGFDC28CB,長潭段,26.31,都市：住,100000,225,持分移轉,09020000
RPQNMLSKRHGGFDC38CB,長潭段,1.64,都市：住,100000,112,持分移轉,08920001
RPQNMLSKRHGGFDC38CB,長潭段,13.10,都市：住,100000,112,持分移轉,09020000
RPRNMLRKRHGGFDC38CB,觀音段,51.10,都市：住,10000,145,持分移轉,00670000
RPRNMLSKRHGGFDC48CB,長潭段,1.98,都市：住,100000,135,持分移轉,08920001
RPRNMLSKRHGGFDC48CB,長潭段,15.79,都市：住,100000,135,持分移轉,09020000
RPPOMLKLRHGGFDC67CB,台五線段,36.15,都市：住,10000,124,持分移轉,07820000
RPPNMLLLRHGGFDC77DB,長安段,31.21,非都市：鄉村區 ; 非都市編定：乙種建築用地,10000,173,持分移轉,02740000
RPQOMLKLRHGGFDC77CB,台五線段,22.15,都市：住,10000,76,持分移轉,07820000
RPQNMLLLRHGGFDC87DB,長安段,31.21,非都市：鄉村區 ; 非都市編定：乙種建築用地,10000,173,持分移轉,02740000
RPQRMLKMRHGGFDC18CB,代天府段,39.51,都市：住,100000,1481,持分移轉,08980000
RPRNMLMLRHGGFDC08DB,港灣段三小段,24.17,都市：商,100000,1285,持分移轉,00040000
RPPNMLNLRHGGFDC87CB,觀音段,51.81,都市：住,10000,147,持分移轉,00670000
RPWQMLKMRHGGFDC68CB,德安段,13.05,都市：商,100000,100,持分移轉,10900000
RPSRMLKMRHGGFDC38CB,代天府段,38.20,都市：住,100000,1432,持分移轉,08980000
RPRRMLKMRHGGFDC28CB,代天府段,42.26,都市：住,100000,1584,持分移轉,08980000
RPPNMLLJIIGGFDC66CB,調和段,30.24,都市：住,100000,153,持分移轉,13820021
RPTRMLKMRHGGFDC48CB,代天府段,38.20,都市：住,100000,1432,持分移轉,08980000
RPVOMLLJIIGGFDC37CB,長潭段,2.46,都市：住,100000,168,持分移轉,08920001
RPVOMLLJIIGGFDC37CB,長潭段,19.65,都市：住,100000,168,持分移轉,09020000
RPOPMLLJIIGGFDC76CB,長潭段,3.31,都市：住,100000,226,持分移轉,08920001
RPOPMLLJIIGGFDC76CB,長潭段,26.43,都市：住,100000,226,持分移轉,09020000
RPURMLKMRHGGFDC58CB,代天府段,38.20,都市：住,100000,1432,持分移轉,08980000
RPWOMLLJIIGGFDC47CB,長潭段,2.46,都市：住,100000,168,持分移轉,08920001
RPWOMLLJIIGGFDC47CB,長潭段,19.65,都市：住,100000,168,持分移轉,09020000
RPQNMLRJIIGGFDC37CB,德安段,24.22,都市：住,100000,304,持分移轉,11420000
RPXOMLLJIIGGFDC57CB,長潭段,2.72,都市：住,100000,186,持分移轉,08920001
RPXOMLLJIIGGFDC57CB,長潭段,21.75,都市：住,100000,186,持分移轉,09020000
RPVPMLRJIIGGFDC08CB,調和段,32.02,都市：住,100000,162,持分移轉,13820021
RPWNMLSJIIGGFDC08CB,中濱段,40.58,都市：住,10000,256,持分移轉,00370000
RPVNMLSJIIGGFDC97CB,中濱段,43.75,都市：住,10000,276,持分移轉,00370000
RPRQMLRJIIGGFDC77CB,中濱段,48.50,都市：住,10000,306,持分移轉,00370000
RPXOMLMKIIGGFDC77CB,德安段,13.05,都市：商,100000,100,持分移轉,10900000
RPVNMLSJIIGGFDC08DB,港濱段,41.76,都市：住,10000,253,持分移轉,13110000
RPPNMLLKIIGGFDC86DB,調和段,75.20,都市：住,100000,810,持分移轉,08480000
RPPNMLLKIIGGFDC86DB,調和段,.27,都市：住,100000,810,持分移轉,08480001
RPPNMLLKIIGGFDC86DB,調和段,.48,都市：住,100000,810,持分移轉,08490008
RPPNMLOKIIGGFDC07CB,觀音段,51.81,都市：住,10000,147,持分移轉,00670000
RPQNMLPKIIGGFDC27CB,德安段,12.66,都市：商,100000,97,持分移轉,10900000
RPPPMLMKIIGGFDC07CB,德安段,15.53,都市：商,100000,119,持分移轉,10900000
RPPNMLQKIIGGFDC37DB,調和段,75.20,都市：住,100000,810,持分移轉,08480000
RPPNMLQKIIGGFDC37DB,調和段,.27,都市：住,100000,810,持分移轉,08480001
RPPNMLQKIIGGFDC37DB,調和段,.48,都市：住,100000,810,持分移轉,08490008
RPQNMLQKIIGGFDC47DB,調和段,90.24,都市：住,100000,972,持分移轉,08480000
RPQNMLQKIIGGFDC47DB,調和段,.33,都市：住,100000,972,持分移轉,08480001
RPQNMLQKIIGGFDC47DB,調和段,.58,都市：住,100000,972,持分移轉,08490008
RPSNMLQKIIGGFDC67DB,調和段,79.84,都市：住,100000,860,持分移轉,08480000
RPSNMLQKIIGGFDC67DB,調和段,.29,都市：住,100000,860,持分移轉,08480001
RPSNMLQKIIGGFDC67DB,調和段,.51,都市：住,100000,860,持分移轉,08490008
RPRNMLQKIIGGFDC57DB,調和段,78.82,都市：住,100000,849,持分移轉,08480000
RPRNMLQKIIGGFDC57DB,調和段,.28,都市：住,100000,849,持分移轉,08480001
RPRNMLQKIIGGFDC57DB,調和段,.50,都市：住,100000,849,持分移轉,08490008
RPPNMLQLQHGGFDC08CB,調和段,42.30,都市：住,100000,214,持分移轉,13820021
RPTNMLTKIIGGFDC97CB,長潭段,2.46,都市：住,100000,168,持分移轉,08920001
RPTNMLTKIIGGFDC97CB,長潭段,19.65,都市：住,100000,168,持分移轉,09020000
RPVNMLTKIIGGFDC18CB,長潭段,3.19,都市：住,100000,218,持分移轉,08920001
RPVNMLTKIIGGFDC18CB,長潭段,25.50,都市：住,100000,218,持分移轉,09020000
RPPNMLTJRHGGFDC38DB,港濱段,52.16,都市：住,10000,316,持分移轉,13110000
RPQNMLSKIIGGFDC57CB,觀音段,31.72,都市：住,10000,90,持分移轉,00670000
RPSNMLTKIIGGFDC87CB,長潭段,3.29,都市：住,100000,225,持分移轉,08920001
RPSNMLTKIIGGFDC87CB,長潭段,26.31,都市：住,100000,225,持分移轉,09020000
RPPNMLKLIIGGFDC76CB,台五線段,36.44,都市：住,10000,125,持分移轉,07820000
RPWNMLTKIIGGFDC28CB,長潭段,3.19,都市：住,100000,218,持分移轉,08920001
RPWNMLTKIIGGFDC28CB,長潭段,25.50,都市：住,100000,218,持分移轉,09020000
RPUNMLTKIIGGFDC08CB,長潭段,2.93,都市：住,100000,200,持分移轉,08920001
RPUNMLTKIIGGFDC08CB,長潭段,23.39,都市：住,100000,200,持分移轉,09020000
RPQNMLKLIIGGFDC86CB,台五線段,36.15,都市：住,10000,124,持分移轉,07820000
RPRNMLKLIIGGFDC96CB,台五線段,22.15,都市：住,10000,76,持分移轉,07820000
RPPNMLLLIIGGFDC86CB,長潭段,3.19,都市：住,100000,218,持分移轉,08920001
RPPNMLLLIIGGFDC86CB,長潭段,25.50,都市：住,100000,218,持分移轉,09020000
RPROMLLLIIGGFDC17CB,德安段,24.22,都市：住,100000,304,持分移轉,11420000
RPQNMLLLIIGGFDC96CB,長潭段,1.64,都市：住,100000,112,持分移轉,08920001
RPQNMLLLIIGGFDC96CB,長潭段,13.10,都市：住,100000,112,持分移轉,09020000
RPUPMLLLIIGGFDC57CB,德安段,24.22,都市：住,100000,304,持分移轉,11420000
RPSNMLKLIIGGFDC07CB,台五線段,34.98,都市：住,10000,120,持分移轉,07820000
RPTNMLKLIIGGFDC17CB,台五線段,35.56,都市：住,10000,122,持分移轉,07820000
RPXOMLLLIIGGFDC77CB,德安段,38.16,都市：住,100000,479,持分移轉,11420000
RPWOMLLLIIGGFDC67CB,德安段,22.07,都市：住,100000,277,持分移轉,11420000
RPPNMLMLIIGGFDC07DB,港濱段,40.77,都市：住,10000,247,持分移轉,13110000
RPRNMLMLIIGGFDC17CB,觀音段,57.10,都市：住,10000,162,持分移轉,00670000
RPXRMLPLIIGGFDC48CB,德安段,13.05,都市：商,100000,100,持分移轉,10900000
RPPQMLLLIIGGFDC17CB,德安段,12.53,都市：商,100000,96,持分移轉,10900000
RPSSMLPLIIGGFDC08CB,德安段,12.40,都市：商,100000,95,持分移轉,10900000
RPQQMLQLIIGGFDC77CB,德安段,32.98,都市：住,100000,414,持分移轉,11420000
RPSQMLQLIIGGFDC97CB,德安段,38.96,都市：住,100000,489,持分移轉,11420000
RPRQMLQLIIGGFDC87CB,德安段,18.40,都市：商,100000,141,持分移轉,10900000
RPXQMLQLIIGGFDC48CB,德安段,20.36,都市：商,100000,156,持分移轉,10900000
RPWNMLRKRHGGFDC98DB,成功段,18.52,都市：商,10000,246,持分移轉,01300000
RPWNMLRKRHGGFDC98DB,成功段,.42,都市：商,10000,246,持分移轉,01300001
RPPRMLQLIIGGFDC77CB,德安段,29.72,都市：住,100000,373,持分移轉,11420000
RPTQMLQLIIGGFDC08CB,德安段,12.40,都市：商,100000,95,持分移轉,10900000
RPUQMLQLIIGGFDC18CB,德安段,38.64,都市：住,100000,485,持分移轉,11420000
RPVQMLQLIIGGFDC28CB,德安段,13.31,都市：商,100000,102,持分移轉,10900000
RPWQMLQLIIGGFDC38CB,德安段,39.60,都市：住,100000,497,持分移轉,11420000
RPORMLQLIIGGFDC67CB,德安段,24.22,都市：住,100000,304,持分移轉,11420000
RPQRMLQLIIGGFDC87CB,德安段,34.58,都市：住,100000,434,持分移轉,11420000
RPTRMLQLIIGGFDC18CB,德安段,29.88,都市：住,100000,375,持分移轉,11420000
RPURMLQLIIGGFDC28CB,德安段,15.40,都市：商,100000,118,持分移轉,10900000
RPVRMLQLIIGGFDC38CB,德安段,12.40,都市：商,100000,95,持分移轉,10900000
RPWRMLQLIIGGFDC48CB,德安段,15.40,都市：商,100000,118,持分移轉,10900000
RPRSMLQLIIGGFDC08CB,德安段,13.05,都市：商,100000,100,持分移轉,10900000
RPXRMLQLIIGGFDC58CB,德安段,13.05,都市：商,100000,100,持分移轉,10900000
RPPSMLQLIIGGFDC87CB,德安段,38.96,都市：住,100000,489,持分移轉,11420000
RPSSMLQLIIGGFDC18CB,德安段,22.07,都市：住,100000,277,持分移轉,11420000
RPQSMLQLIIGGFDC97CB,德安段,32.98,都市：住,100000,414,持分移轉,11420000
RPTSMLQLIIGGFDC28CB,德安段,29.88,都市：住,100000,375,持分移轉,11420000
RPXSMLQLIIGGFDC68CB,德安段,32.98,都市：住,100000,414,持分移轉,11420000
RPPNMLTLIIGGFDC67CB,德安段,13.05,都市：商,100000,100,持分移轉,10900000
RPSNMLTLIIGGFDC97CB,代天府段,24.81,都市：住,100000,930,持分移轉,08980000
RPQNMLTLIIGGFDC77CB,代天府段,24.97,都市：住,100000,936,持分移轉,08980000
RPRNMLTLIIGGFDC87CB,代天府段,24.81,都市：住,100000,930,持分移轉,08980000
RPUNMLTLIIGGFDC18CB,代天府段,42.26,都市：住,100000,1584,持分移轉,08980000
RPTNMLTLIIGGFDC08CB,代天府段,42.26,都市：住,100000,1584,持分移轉,08980000
RPVNMLTLIIGGFDC28CB,代天府段,38.20,都市：住,100000,1432,持分移轉,08980000
RPWNMLTLIIGGFDC38CB,代天府段,38.20,都市：住,100000,1432,持分移轉,08980000
RPUPMLLJJIGGFDC47CB,德安段,24.22,都市：住,100000,304,持分移轉,11420000
RPWPMLLJJIGGFDC67CB,德安段,38.32,都市：住,100000,481,持分移轉,11420000
RPXPMLLJJIGGFDC77CB,德安段,46.85,都市：住,100000,588,持分移轉,11420000
RPOQMLLJJIGGFDC96CB,德安段,32.98,都市：住,100000,414,持分移轉,11420000
RPVPMLLJJIGGFDC57CB,德安段,32.75,都市：住,100000,411,持分移轉,11420000
RPQQMLLJJIGGFDC17CB,德安段,22.07,都市：住,100000,277,持分移轉,11420000
RPPQMLLJJIGGFDC07CB,德安段,24.22,都市：住,100000,304,持分移轉,11420000
RPRQMLLJJIGGFDC27CB,德安段,22.07,都市：住,100000,277,持分移轉,11420000
RPSQMLLJJIGGFDC37CB,德安段,40.55,都市：住,100000,509,持分移轉,11420000
RPTQMLLJJIGGFDC47CB,德安段,32.98,都市：住,100000,414,持分移轉,11420000
RPWQMLLJJIGGFDC77CB,德安段,39.52,都市：住,100000,496,持分移轉,11420000
RPVQMLLJJIGGFDC67CB,德安段,29.08,都市：住,100000,365,持分移轉,11420000
RPUQMLLJJIGGFDC57CB,德安段,38.32,都市：住,100000,481,持分移轉,11420000
RPORMLLJJIGGFDC07CB,德安段,48.28,都市：住,100000,606,持分移轉,11420000
RPXQMLLJJIGGFDC87CB,德安段,22.07,都市：住,100000,277,持分移轉,11420000
RPQRMLLJJIGGFDC27CB,德安段,38.80,都市：住,100000,487,持分移轉,11420000
RPRRMLLJJIGGFDC37CB,德安段,38.80,都市：住,100000,487,持分移轉,11420000
RPPRMLLJJIGGFDC17CB,德安段,38.72,都市：住,100000,486,持分移轉,11420000
RPTRMLLJJIGGFDC57CB,德安段,38.72,都市：住,100000,486,持分移轉,11420000
RPSRMLLJJIGGFDC47CB,德安段,29.08,都市：住,100000,365,持分移轉,11420000
RPURMLLJJIGGFDC67CB,德安段,12.53,都市：商,100000,96,持分移轉,10900000
RPVRMLLJJIGGFDC77CB,德安段,29.88,都市：住,100000,375,持分移轉,11420000
RPWRMLLJJIGGFDC87CB,德安段,20.36,都市：商,100000,156,持分移轉,10900000
RPXRMLLJJIGGFDC97CB,德安段,29.88,都市：住,100000,375,持分移轉,11420000
RPOSMLLJJIGGFDC17CB,德安段,20.36,都市：商,100000,156,持分移轉,10900000
RPRSMLLJJIGGFDC47CB,德安段,15.40,都市：商,100000,118,持分移轉,10900000
RPPSMLLJJIGGFDC27CB,德安段,18.01,都市：商,100000,138,持分移轉,10900000
RPWNMLQLIIGGFDC08CB,中濱段,48.34,都市：住,10000,305,持分移轉,00370000
RPTSMLLJJIGGFDC67CB,德安段,12.53,都市：商,100000,96,持分移轉,10900000
RPUSMLLJJIGGFDC77CB,德安段,13.05,都市：商,100000,100,持分移轉,10900000
RPQSMLLJJIGGFDC37CB,德安段,12.53,都市：商,100000,96,持分移轉,10900000
RPSSMLLJJIGGFDC57CB,德安段,15.53,都市：商,100000,119,持分移轉,10900000
RPVSMLLJJIGGFDC87CB,德安段,15.40,都市：商,100000,118,持分移轉,10900000
RPWSMLLJJIGGFDC97CB,德安段,20.49,都市：商,100000,157,持分移轉,10900000
RPXSMLLJJIGGFDC08CB,德安段,13.05,都市：商,100000,100,持分移轉,10900000
RPOTMLLJJIGGFDC27CB,德安段,13.05,都市：商,100000,100,持分移轉,10900000
RPPTMLLJJIGGFDC37CB,德安段,13.05,都市：商,100000,100,持分移轉,10900000
RPQTMLLJJIGGFDC47CB,德安段,12.40,都市：商,100000,95,持分移轉,10900000
RPRTMLLJJIGGFDC57CB,德安段,13.05,都市：商,100000,100,持分移轉,10900000
RPSTMLLJJIGGFDC67CB,德安段,20.36,都市：商,100000,156,持分移轉,10900000
RPTTMLLJJIGGFDC77CB,德安段,15.53,都市：商,100000,119,持分移轉,10900000
RPUTMLLJJIGGFDC87CB,德安段,13.05,都市：商,100000,100,持分移轉,10900000
RPVTMLLJJIGGFDC97CB,德安段,21.01,都市：商,100000,161,持分移轉,10900000
RPXTMLLJJIGGFDC18CB,德安段,20.36,都市：商,100000,156,持分移轉,10900000
RPWTMLLJJIGGFDC08CB,德安段,20.36,都市：商,100000,156,持分移轉,10900000
RPPUMLLJJIGGFDC47CB,德安段,15.40,都市：商,100000,118,持分移轉,10900000
RPQUMLLJJIGGFDC57CB,德安段,39.15,都市：商,100000,300,持分移轉,10900000
RPOUMLLJJIGGFDC37CB,德安段,18.01,都市：商,100000,138,持分移轉,10900000
RPRRMLQLIIGGFDC97CB,德安段,24.22,都市：住,100000,304,持分移轉,11420000
RPTUMLLJJIGGFDC87CB,德安段,12.40,都市：商,100000,95,持分移轉,10900000
RPUUMLLJJIGGFDC97CB,德安段,20.75,都市：商,100000,159,持分移轉,10900000
RPWUMLLJJIGGFDC18CB,德安段,46.72,都市：商,100000,358,持分移轉,10900000
RPRUMLLJJIGGFDC67CB,德安段,20.36,都市：商,100000,156,持分移轉,10900000
RPXUMLLJJIGGFDC28CB,德安段,45.02,都市：商,100000,345,持分移轉,10900000
RPPNMLPJJIGGFDC17CB,德安段,32.98,都市：住,100000,414,持分移轉,11420000
RPSUMLLJJIGGFDC77CB,德安段,15.40,都市：商,100000,118,持分移轉,10900000
RPVUMLLJJIGGFDC08CB,德安段,39.15,都市：商,100000,300,持分移轉,10900000
RPTPMLMJJIGGFDC47CB,觀音段,51.46,都市：住,10000,146,持分移轉,00670000
RPSNMLPJJIGGFDC47CB,德安段,21.01,都市：商,100000,161,持分移轉,10900000
RPRNMLPJJIGGFDC37CB,德安段,15.40,都市：商,100000,118,持分移轉,10900000
RPTNMLPJJIGGFDC57CB,德安段,20.36,都市：商,100000,156,持分移轉,10900000
RPQNMLPJJIGGFDC27CB,德安段,32.98,都市：住,100000,414,持分移轉,11420000
RPUNMLPJJIGGFDC67CB,德安段,13.05,都市：商,100000,100,持分移轉,10900000
RPWNMLPJJIGGFDC87CB,德安段,12.40,都市：商,100000,95,持分移轉,10900000
RPVNMLPJJIGGFDC77CB,德安段,22.15,都市：住,100000,278,持分移轉,11420000
RPXNMLPJJIGGFDC97CB,德安段,29.08,都市：住,100000,365,持分移轉,11420000
RPQOMLPJJIGGFDC37CB,德安段,33.93,都市：商,100000,260,持分移轉,10900000
RPOOMLPJJIGGFDC17CB,德安段,23.75,都市：商,100000,182,持分移轉,10900000
RPTOMLPJJIGGFDC67CB,德安段,39.36,都市：住,100000,494,持分移轉,11420000
RPSOMLPJJIGGFDC57CB,德安段,29.08,都市：住,100000,365,持分移轉,11420000
RPVOMLPJJIGGFDC87CB,德安段,13.05,都市：商,100000,100,持分移轉,10900000
RPROMLPJJIGGFDC47CB,德安段,22.06,都市：商,100000,169,持分移轉,10900000
RPWOMLPJJIGGFDC97CB,德安段,38.96,都市：住,100000,489,持分移轉,11420000
RPOPMLPJJIGGFDC27CB,德安段,18.40,都市：商,100000,141,持分移轉,10900000
RPPPMLPJJIGGFDC37CB,德安段,20.49,都市：商,100000,157,持分移轉,10900000
RPXOMLPJJIGGFDC08CB,德安段,24.22,都市：住,100000,304,持分移轉,11420000
RPPNMLRJJIGGFDC37CB,長潭段,2.84,都市：住,100000,194,持分移轉,08920001
RPPNMLRJJIGGFDC37CB,長潭段,22.69,都市：住,100000,194,持分移轉,09020000
RPPNMLPJJIGGFDC27DB,調和段,127.28,都市：住,100000,1371,持分移轉,08480000
RPPNMLPJJIGGFDC27DB,調和段,.46,都市：住,100000,1371,持分移轉,08480001
RPPNMLPJJIGGFDC27DB,調和段,.81,都市：住,100000,1371,持分移轉,08490008
RPRNMLPJJIGGFDC47DB,調和段,79.47,都市：住,100000,856,持分移轉,08480000
RPRNMLPJJIGGFDC47DB,調和段,.29,都市：住,100000,856,持分移轉,08480001
RPRNMLPJJIGGFDC47DB,調和段,.51,都市：住,100000,856,持分移轉,08490008
RPQNMLPJJIGGFDC37DB,調和段,75.20,都市：住,100000,810,持分移轉,08480000
RPQNMLPJJIGGFDC37DB,調和段,.27,都市：住,100000,810,持分移轉,08480001
RPQNMLPJJIGGFDC37DB,調和段,.48,都市：住,100000,810,持分移轉,08490008
RPQNMLRJJIGGFDC47CB,長潭段,2.87,都市：住,100000,196,持分移轉,08920001
RPQNMLRJJIGGFDC47CB,長潭段,22.92,都市：住,100000,196,持分移轉,09020000
RPRNMLRJJIGGFDC57CB,長潭段,2.85,都市：住,100000,195,持分移轉,08920001
RPRNMLRJJIGGFDC57CB,長潭段,22.81,都市：住,100000,195,持分移轉,09020000
RPQNMLSJJIGGFDC57CB,長潭段,3.84,都市：住,100000,262,持分移轉,08920001
RPQNMLSJJIGGFDC57CB,長潭段,30.64,都市：住,100000,262,持分移轉,09020000
RPPNMLSJJIGGFDC47CB,長潭段,3.19,都市：住,100000,218,持分移轉,08920001
RPPNMLSJJIGGFDC47CB,長潭段,25.50,都市：住,100000,218,持分移轉,09020000
RPUNMLRJJIGGFDC87CB,長潭段,2.88,都市：住,100000,197,持分移轉,08920001
RPUNMLRJJIGGFDC87CB,長潭段,23.04,都市：住,100000,197,持分移轉,09020000
RPUNMLSJJIGGFDC97CB,德安段,24.22,都市：住,100000,304,持分移轉,11420000
RPRNMLSJJIGGFDC67CB,長潭段,2.88,都市：住,100000,197,持分移轉,08920001
RPRNMLSJJIGGFDC67CB,長潭段,23.04,都市：住,100000,197,持分移轉,09020000
RPWNMLSJJIGGFDC18CB,德安段,21.01,都市：商,100000,161,持分移轉,10900000
RPVNMLSJJIGGFDC08CB,德安段,29.88,都市：住,100000,375,持分移轉,11420000
RPPOMLSJJIGGFDC57CB,德安段,33.46,都市：住,100000,420,持分移轉,11420000
RPXNMLSJJIGGFDC28CB,德安段,15.40,都市：商,100000,118,持分移轉,10900000
RPOOMLSJJIGGFDC47CB,德安段,24.22,都市：住,100000,304,持分移轉,11420000
RPQOMLSJJIGGFDC67CB,德安段,38.72,都市：住,100000,486,持分移轉,11420000
RPROMLSJJIGGFDC77CB,德安段,29.16,都市：住,100000,366,持分移轉,11420000
RPSOMLSJJIGGFDC87CB,德安段,38.64,都市：住,100000,485,持分移轉,11420000
RPUOMLSJJIGGFDC08CB,德安段,15.53,都市：商,100000,119,持分移轉,10900000
RPTOMLSJJIGGFDC97CB,德安段,32.75,都市：住,100000,411,持分移轉,11420000
RPVOMLSJJIGGFDC18CB,德安段,13.05,都市：商,100000,100,持分移轉,10900000
RPXOMLSJJIGGFDC38CB,德安段,15.40,都市：商,100000,118,持分移轉,10900000
RPQPMLSJJIGGFDC77CB,德安段,12.53,都市：商,100000,96,持分移轉,10900000
RPOPMLSJJIGGFDC57CB,德安段,13.05,都市：商,100000,100,持分移轉,10900000
RPPPMLSJJIGGFDC67CB,德安段,12.79,都市：商,100000,98,持分移轉,10900000
RPRPMLSJJIGGFDC87CB,德安段,13.05,都市：商,100000,100,持分移轉,10900000
RPTPMLSJJIGGFDC08CB,德安段,12.66,都市：商,100000,97,持分移轉,10900000
RPUPMLSJJIGGFDC18CB,德安段,12.40,都市：商,100000,95,持分移轉,10900000
RPSPMLSJJIGGFDC97CB,德安段,13.05,都市：商,100000,100,持分移轉,10900000
RPWPMLSJJIGGFDC38CB,德安段,18.01,都市：商,100000,138,持分移轉,10900000
RPXPMLSJJIGGFDC48CB,德安段,12.66,都市：商,100000,97,持分移轉,10900000
RPVPMLSJJIGGFDC28CB,德安段,13.05,都市：商,100000,100,持分移轉,10900000
RPOQMLSJJIGGFDC67CB,德安段,12.40,都市：商,100000,95,持分移轉,10900000
RPQQMLSJJIGGFDC87CB,德安段,20.36,都市：商,100000,156,持分移轉,10900000
RPPQMLSJJIGGFDC77CB,德安段,20.88,都市：商,100000,160,持分移轉,10900000
RPRQMLSJJIGGFDC97CB,德安段,15.53,都市：商,100000,119,持分移轉,10900000
RPTQMLSJJIGGFDC18CB,德安段,20.88,都市：商,100000,160,持分移轉,10900000
RPSQMLSJJIGGFDC08CB,德安段,12.40,都市：商,100000,95,持分移轉,10900000
RPWQMLSJJIGGFDC48CB,德安段,13.31,都市：商,100000,102,持分移轉,10900000
RPPRMLSJJIGGFDC87CB,德安段,13.31,都市：商,100000,102,持分移轉,10900000
RPQRMLSJJIGGFDC97CB,德安段,13.31,都市：商,100000,102,持分移轉,10900000
RPVQMLSJJIGGFDC38CB,德安段,13.70,都市：商,100000,105,持分移轉,10900000
RPUQMLTJJIGGFDC38CB,觀音段,31.37,都市：住,10000,89,持分移轉,00670000
RPSRMLSJJIGGFDC18CB,德安段,13.05,都市：商,100000,100,持分移轉,10900000
RPVQMLTJJIGGFDC48CB,湖海段,20.99,都市：商,100000,970,持分移轉,08530000
RPPNMLKKJIGGFDC76CB,深美段,68.47,都市：住,10000,238,持分移轉,08400000
RPSNMLKKJIGGFDC07CB,德安段,39.94,都市：商,100000,306,持分移轉,10900000
RPUNMLKKJIGGFDC27CB,德安段,39.94,都市：商,100000,306,持分移轉,10900000
RPSPMLMJJIGGFDC37CB,觀音段,50.75,都市：住,10000,144,持分移轉,00670000
RPWQMLTJJIGGFDC58CB,湖海段,21.01,都市：商,100000,971,持分移轉,08530000
RPQNMLKKJIGGFDC86CB,觀音段,51.10,都市：住,10000,145,持分移轉,00670000
RPPOMLPJJIGGFDC27CB,德安段,25.71,都市：商,100000,197,持分移轉,10900000
RPRNMLKKJIGGFDC96CB,德安段,15.53,都市：商,100000,119,持分移轉,10900000
RPTNMLKKJIGGFDC17CB,德安段,30.54,都市：商,100000,234,持分移轉,10900000
RPVNMLKKJIGGFDC37CB,德安段,24.14,都市：商,100000,185,持分移轉,10900000
RPWNMLKKJIGGFDC47CB,德安段,35.89,都市：商,100000,275,持分移轉,10900000
RPQNMLQKJIGGFDC47CB,深美段,61.42,都市：住,10000,110,持分移轉,08400004
RPTNMLMKJIGGFDC37CB,湖海段,26.29,都市：商,100000,1215,持分移轉,08530000
RPTNMLQKJIGGFDC77CB,深美段,54.72,都市：住,10000,98,持分移轉,08400004
RPPNMLQKJIGGFDC37CB,深美段,60.83,都市：住,10000,109,持分移轉,08400003
RPSNMLQKJIGGFDC67CB,深美段,54.72,都市：住,10000,98,持分移轉,08400004
RPUNMLQKJIGGFDC87CB,深美段,61.42,都市：住,10000,110,持分移轉,08400004
RPOOMLQKJIGGFDC37CB,深美段,61.42,都市：住,10000,110,持分移轉,08400004
RPWNMLQKJIGGFDC08CB,深美段,66.41,都市：住,10000,119,持分移轉,08400003
RPVNMLQKJIGGFDC97CB,深美段,63.29,都市：住,10000,220,持分移轉,08400000
RPSOMLQKJIGGFDC77CB,深美段,61.42,都市：住,10000,110,持分移轉,08400004
RPWOMLQKJIGGFDC18CB,深美段,54.72,都市：住,10000,98,持分移轉,08400004
RPQOMLQKJIGGFDC57CB,深美段,60.83,都市：住,10000,109,持分移轉,08400003
RPXOMLQKJIGGFDC28CB,深美段,54.72,都市：住,10000,98,持分移轉,08400004
RPVOMLQKJIGGFDC08CB,工建段,24.45,都市：住,100000,995,持分移轉,04880000
RPPPMLQKJIGGFDC57CB,工建段,27.50,都市：住,100000,1119,持分移轉,04880000
RPQPMLQKJIGGFDC67CB,德安段,38.64,都市：住,100000,485,持分移轉,11420000
RPSPMLQKJIGGFDC87CB,德安段,32.75,都市：住,100000,411,持分移轉,11420000
RPRPMLQKJIGGFDC77CB,德安段,15.53,都市：商,100000,119,持分移轉,10900000
RPWPMLQKJIGGFDC28CB,德安段,15.53,都市：商,100000,119,持分移轉,10900000
RPPQMLQKJIGGFDC67CB,德安段,32.75,都市：住,100000,411,持分移轉,11420000
RPTPMLQKJIGGFDC97CB,德安段,38.80,都市：住,100000,487,持分移轉,11420000
RPQQMLQKJIGGFDC77CB,德安段,46.72,都市：商,100000,358,持分移轉,10900000
RPUPMLQKJIGGFDC08CB,德安段,38.72,都市：住,100000,486,持分移轉,11420000
RPXPMLQKJIGGFDC38CB,德安段,32.75,都市：住,100000,411,持分移轉,11420000
RPOQMLQKJIGGFDC57CB,德安段,22.07,都市：住,100000,277,持分移轉,11420000
RPRQMLQKJIGGFDC87CB,德安段,18.53,都市：商,100000,142,持分移轉,10900000
RPVQMLQKJIGGFDC28CB,德安段,18.01,都市：商,100000,138,持分移轉,10900000
RPTQMLQKJIGGFDC08CB,德安段,18.01,都市：商,100000,138,持分移轉,10900000
RPWQMLQKJIGGFDC38CB,德安段,15.53,都市：商,100000,119,持分移轉,10900000
RPUQMLQKJIGGFDC18CB,德安段,18.01,都市：商,100000,138,持分移轉,10900000
RPPRMLQKJIGGFDC77CB,湖海段,19.52,都市：商,100000,902,持分移轉,08530000
RPXQMLQKJIGGFDC48CB,德安段,12.40,都市：商,100000,95,持分移轉,10900000
RPORMLQKJIGGFDC67CB,深美段,67.00,都市：住,10000,120,持分移轉,08400004
RPURMLQKJIGGFDC28CB,湖海段,19.15,都市：商,100000,885,持分移轉,08530000
RPWRMLQKJIGGFDC48CB,湖海段,19.17,都市：商,100000,886,持分移轉,08530000
RPTRMLQKJIGGFDC18CB,湖海段,19.15,都市：商,100000,885,持分移轉,08530000
RPVSMLQKJIGGFDC48CB,湖海段,19.84,都市：商,100000,917,持分移轉,08530000
RPPSMLQKJIGGFDC87CB,湖海段,20.88,都市：商,100000,965,持分移轉,08530000
RPTSMLQKJIGGFDC28CB,湖海段,20.86,都市：商,100000,964,持分移轉,08530000
RPWSMLQKJIGGFDC58CB,湖海段,19.87,都市：商,100000,918,持分移轉,08530000
RPQSMLQKJIGGFDC97CB,湖海段,20.86,都市：商,100000,964,持分移轉,08530000
RPPUMLQKJIGGFDC08CB,湖海段,20.19,都市：商,100000,933,持分移轉,08530000
RPOVMLQKJIGGFDC08CB,湖海段,25.60,都市：商,100000,1183,持分移轉,08530000
RPQUMLQKJIGGFDC18CB,湖海段,20.21,都市：商,100000,934,持分移轉,08530000
RPQPMLMLJIGGFDC37CB,湖海段,25.60,都市：商,100000,1183,持分移轉,08530000
RPWOMLMLJIGGFDC87CB,湖海段,19.50,都市：商,100000,901,持分移轉,08530000
RPQOMLMLJIGGFDC27CB,湖海段,19.19,都市：商,100000,887,持分移轉,08530000
RPPOMLMLJIGGFDC17CB,湖海段,19.17,都市：商,100000,886,持分移轉,08530000
RPSPMLMLJIGGFDC57CB,湖海段,20.97,都市：商,100000,969,持分移轉,08530000
RPTPMLMLJIGGFDC67CB,湖海段,20.97,都市：商,100000,969,持分移轉,08530000
RPUPMLMLJIGGFDC77CB,湖海段,21.01,都市：商,100000,971,持分移轉,08530000
RPOQMLMLJIGGFDC27CB,湖海段,20.97,都市：商,100000,969,持分移轉,08530000
RPXPMLMLJIGGFDC08CB,湖海段,19.13,都市：商,100000,884,持分移轉,08530000
RPWPMLMLJIGGFDC97CB,湖海段,20.97,都市：商,100000,969,持分移轉,08530000
RPVPMLMLJIGGFDC87CB,湖海段,20.97,都市：商,100000,969,持分移轉,08530000
RPPQMLMLJIGGFDC37CB,湖海段,18.24,都市：商,100000,843,持分移轉,08530000
RPUQMLMLJIGGFDC87CB,湖海段,18.24,都市：商,100000,843,持分移轉,08530000
RPTQMLMLJIGGFDC77CB,湖海段,18.24,都市：商,100000,843,持分移轉,08530000
RPVQMLMLJIGGFDC97CB,湖海段,18.29,都市：商,100000,845,持分移轉,08530000
RPWQMLMLJIGGFDC08CB,湖海段,18.24,都市：商,100000,843,持分移轉,08530000
RPXQMLMLJIGGFDC18CB,湖海段,19.82,都市：商,100000,916,持分移轉,08530000
RPPOMLQKJIGGFDC47CB,深美段,54.72,都市：住,10000,98,持分移轉,08400004
RPRRMLMLJIGGFDC67CB,湖海段,19.13,都市：商,100000,884,持分移轉,08530000
RPVPMLQKJIGGFDC18CB,德安段,33.14,都市：住,100000,416,持分移轉,11420000
RPPRMLMLJIGGFDC47CB,湖海段,19.82,都市：商,100000,916,持分移轉,08530000
RPSRMLMLJIGGFDC77CB,湖海段,19.13,都市：商,100000,884,持分移轉,08530000
RPTRMLMLJIGGFDC87CB,湖海段,19.13,都市：商,100000,884,持分移轉,08530000
RPXRMLMLJIGGFDC28CB,湖海段,19.17,都市：商,100000,886,持分移轉,08530000
RPWRMLMLJIGGFDC18CB,湖海段,19.17,都市：商,100000,886,持分移轉,08530000
RPPSMLMLJIGGFDC57CB,湖海段,19.19,都市：商,100000,887,持分移轉,08530000
RPOSMLMLJIGGFDC47CB,湖海段,19.17,都市：商,100000,886,持分移轉,08530000
RPPNMLPLJIGGFDC37CB,台五線段,22.74,都市：住,10000,78,持分移轉,07820000
RPQSMLMLJIGGFDC67CB,湖海段,19.13,都市：商,100000,884,持分移轉,08530000
RPSSMLMLJIGGFDC87CB,湖海段,19.13,都市：商,100000,884,持分移轉,08530000
RPQNMLPLJIGGFDC47CB,台五線段,35.56,都市：住,10000,122,持分移轉,07820000
RPRNMLPLJIGGFDC57CB,德安段,20.36,都市：商,100000,156,持分移轉,10900000
RPSNMLPLJIGGFDC67CB,德安段,13.05,都市：商,100000,100,持分移轉,10900000
RPTNMLPLJIGGFDC77CB,德安段,12.53,都市：商,100000,96,持分移轉,10900000
RPUNMLPLJIGGFDC87CB,德安段,18.01,都市：商,100000,138,持分移轉,10900000
RPWNMLPLJIGGFDC08CB,德安段,33.14,都市：住,100000,416,持分移轉,11420000
RPVNMLPLJIGGFDC97CB,德安段,38.32,都市：住,100000,481,持分移轉,11420000
RPXNMLPLJIGGFDC18CB,德安段,12.66,都市：商,100000,97,持分移轉,10900000
RPOOMLPLJIGGFDC37CB,德安段,12.66,都市：商,100000,97,持分移轉,10900000
RPPOMLPLJIGGFDC47CB,德安段,12.40,都市：商,100000,95,持分移轉,10900000
RPQOMLPLJIGGFDC57CB,德安段,20.36,都市：商,100000,156,持分移轉,10900000
RPROMLPLJIGGFDC67CB,德安段,18.01,都市：商,100000,138,持分移轉,10900000
RPSOMLPLJIGGFDC77CB,德安段,20.88,都市：商,100000,160,持分移轉,10900000
RPUOMLPLJIGGFDC97CB,德安段,20.49,都市：商,100000,157,持分移轉,10900000
RPTOMLPLJIGGFDC87CB,德安段,20.36,都市：商,100000,156,持分移轉,10900000
RPVOMLPLJIGGFDC08CB,德安段,15.53,都市：商,100000,119,持分移轉,10900000
RPXOMLPLJIGGFDC28CB,德安段,20.36,都市：商,100000,156,持分移轉,10900000
RPPPMLPLJIGGFDC57CB,德安段,12.40,都市：商,100000,95,持分移轉,10900000
RPOPMLPLJIGGFDC47CB,德安段,15.40,都市：商,100000,118,持分移轉,10900000
RPQPMLPLJIGGFDC67CB,德安段,12.53,都市：商,100000,96,持分移轉,10900000
RPRPMLPLJIGGFDC77CB,德安段,16.97,都市：商,100000,130,持分移轉,10900000
RPTPMLPLJIGGFDC97CB,德安段,18.01,都市：商,100000,138,持分移轉,10900000
RPUPMLPLJIGGFDC08CB,德安段,34.19,都市：商,100000,262,持分移轉,10900000
RPVPMLPLJIGGFDC18CB,德安段,15.40,都市：商,100000,118,持分移轉,10900000
RPWPMLPLJIGGFDC28CB,德安段,12.53,都市：商,100000,96,持分移轉,10900000
RPXPMLPLJIGGFDC38CB,德安段,12.66,都市：商,100000,97,持分移轉,10900000
RPOQMLPLJIGGFDC57CB,德安段,18.01,都市：商,100000,138,持分移轉,10900000
RPQQMLPLJIGGFDC77CB,德安段,20.36,都市：商,100000,156,持分移轉,10900000
RPPQMLPLJIGGFDC67CB,德安段,18.01,都市：商,100000,138,持分移轉,10900000
RPRQMLPLJIGGFDC87CB,德安段,12.53,都市：商,100000,96,持分移轉,10900000
RPSQMLPLJIGGFDC97CB,德安段,20.49,都市：商,100000,157,持分移轉,10900000
RPVNMLTLJIGGFDC38CB,深美段,54.72,都市：住,10000,98,持分移轉,08400004
RPQNMLKMJIGGFDC07CB,德安段,18.27,都市：商,100000,140,持分移轉,10900000
RPTQMLPLJIGGFDC08CB,德安段,12.66,都市：商,100000,97,持分移轉,10900000
RPPNMLKMJIGGFDC96CB,德安段,18.01,都市：商,100000,138,持分移轉,10900000
RPRNMLKMJIGGFDC17CB,德安段,13.05,都市：商,100000,100,持分移轉,10900000
RPUNMLKMJIGGFDC47CB,德安段,12.53,都市：商,100000,96,持分移轉,10900000
RPTNMLKMJIGGFDC37CB,德安段,29.32,都市：住,100000,368,持分移轉,11420000
RPSNMLKMJIGGFDC27CB,德安段,18.01,都市：商,100000,138,持分移轉,10900000
RPVNMLKMJIGGFDC57CB,德安段,15.40,都市：商,100000,118,持分移轉,10900000
RPXNMLKMJIGGFDC77CB,德安段,12.53,都市：商,100000,96,持分移轉,10900000
RPWNMLKMJIGGFDC67CB,德安段,13.05,都市：商,100000,100,持分移轉,10900000
RPOOMLKMJIGGFDC96CB,德安段,20.36,都市：商,100000,156,持分移轉,10900000
RPSOMLKMJIGGFDC37CB,德安段,13.05,都市：商,100000,100,持分移轉,10900000
RPQOMLKMJIGGFDC17CB,德安段,20.36,都市：商,100000,156,持分移轉,10900000
RPPOMLKMJIGGFDC07CB,德安段,12.40,都市：商,100000,95,持分移轉,10900000
RPROMLKMJIGGFDC27CB,德安段,13.05,都市：商,100000,100,持分移轉,10900000
RPTOMLKMJIGGFDC47CB,德安段,18.01,都市：商,100000,138,持分移轉,10900000
RPXOMLKMJIGGFDC87CB,德安段,20.36,都市：商,100000,156,持分移轉,10900000
RPOPMLKMJIGGFDC07CB,德安段,13.31,都市：商,100000,102,持分移轉,10900000
RPUOMLKMJIGGFDC57CB,德安段,15.53,都市：商,100000,119,持分移轉,10900000
RPQPMLKMJIGGFDC27CB,德安段,12.79,都市：商,100000,98,持分移轉,10900000
RPWOMLKMJIGGFDC77CB,德安段,12.53,都市：商,100000,96,持分移轉,10900000
RPSPMLKMJIGGFDC47CB,德安段,13.05,都市：商,100000,100,持分移轉,10900000
RPPPMLKMJIGGFDC17CB,德安段,13.05,都市：商,100000,100,持分移轉,10900000
RPTPMLKMJIGGFDC57CB,德安段,25.71,都市：商,100000,197,持分移轉,10900000
RPPNMLMJKIGGFDC96CB,長潭段,2.88,都市：住,100000,197,持分移轉,08920001
RPPNMLMJKIGGFDC96CB,長潭段,23.04,都市：住,100000,197,持分移轉,09020000
RPXNMLQJKIGGFDC18CB,德安段,22.07,都市：住,100000,277,持分移轉,11420000
RPQNMLRJKIGGFDC57CB,德安段,12.53,都市：商,100000,96,持分移轉,10900000
RPTNMLKMKIGGFDC57DB,情人湖段,29.77,都市：住,10000,252,持分移轉,04240000
RPUNMLKMKIGGFDC67DB,情人湖段,29.89,都市：住,10000,253,持分移轉,04240000
RPPNMLRJKIGGFDC47CB,德安段,23.75,都市：商,100000,182,持分移轉,10900000
RPOQMLQJKIGGFDC57CB,德安段,18.01,都市：商,100000,138,持分移轉,10900000
RPTSMLMLJIGGFDC97CB,湖海段,19.13,都市：商,100000,884,持分移轉,08530000
RPQRMLQJNHHGFDC18CB,德安段,29.08,都市：住,100000,365,持分移轉,11420000
RPWOMLPLJIGGFDC18CB,德安段,12.53,都市：商,100000,96,持分移轉,10900000
RPPRMLQJNHHGFDC08CB,德安段,38.80,都市：住,100000,487,持分移轉,11420000
RPVNMLKMKIGGFDC77DB,情人湖段,45.25,都市：住,10000,383,持分移轉,04240000
RPRRMLQJNHHGFDC28CB,德安段,29.08,都市：住,100000,365,持分移轉,11420000
RPSRMLQJNHHGFDC38CB,德安段,22.07,都市：住,100000,277,持分移轉,11420000
RPTRMLQJNHHGFDC48CB,德安段,29.08,都市：住,100000,365,持分移轉,11420000
RPURMLQJNHHGFDC58CB,德安段,40.16,都市：住,100000,504,持分移轉,11420000
RPVRMLQJNHHGFDC68CB,德安段,39.36,都市：住,100000,494,持分移轉,11420000
RPOSMLQJNHHGFDC08CB,德安段,32.75,都市：住,100000,411,持分移轉,11420000
RPXRMLQJNHHGFDC88CB,德安段,29.08,都市：住,100000,365,持分移轉,11420000
RPQSMLQJNHHGFDC28CB,德安段,15.40,都市：商,100000,118,持分移轉,10900000
RPPSMLQJNHHGFDC18CB,德安段,32.75,都市：住,100000,411,持分移轉,11420000
RPWRMLQJNHHGFDC78CB,德安段,38.80,都市：住,100000,487,持分移轉,11420000
RPRSMLQJNHHGFDC38CB,德安段,15.53,都市：商,100000,119,持分移轉,10900000
RPSSMLQJNHHGFDC48CB,德安段,15.53,都市：商,100000,119,持分移轉,10900000
RPTSMLQJNHHGFDC58CB,德安段,13.05,都市：商,100000,100,持分移轉,10900000
RPVSMLQJNHHGFDC78CB,德安段,18.01,都市：商,100000,138,持分移轉,10900000
RPUSMLQJNHHGFDC68CB,德安段,18.01,都市：商,100000,138,持分移轉,10900000
RPPTMLQJNHHGFDC28CB,德安段,18.01,都市：商,100000,138,持分移轉,10900000
RPSTMLQJNHHGFDC58CB,德安段,15.40,都市：商,100000,118,持分移轉,10900000
RPTTMLQJNHHGFDC68CB,德安段,20.88,都市：商,100000,160,持分移轉,10900000
RPXSMLQJNHHGFDC98CB,德安段,20.49,都市：商,100000,157,持分移轉,10900000
RPWSMLQJNHHGFDC88CB,德安段,20.49,都市：商,100000,157,持分移轉,10900000
RPQTMLQJNHHGFDC38CB,德安段,18.01,都市：商,100000,138,持分移轉,10900000
RPRTMLQJNHHGFDC48CB,德安段,20.75,都市：商,100000,159,持分移轉,10900000
RPVTMLQJNHHGFDC88CB,德安段,12.40,都市：商,100000,95,持分移轉,10900000
RPUTMLQJNHHGFDC78CB,德安段,12.40,都市：商,100000,95,持分移轉,10900000
RPXTMLQJNHHGFDC09CB,德安段,15.40,都市：商,100000,118,持分移轉,10900000
RPOUMLQJNHHGFDC28CB,德安段,15.40,都市：商,100000,118,持分移轉,10900000
RPWTMLQJNHHGFDC98CB,德安段,12.40,都市：商,100000,95,持分移轉,10900000
RPRUMLQJNHHGFDC58CB,德安段,18.40,都市：商,100000,141,持分移轉,10900000
RPPUMLQJNHHGFDC38CB,德安段,15.40,都市：商,100000,118,持分移轉,10900000
RPQUMLQJNHHGFDC48CB,德安段,18.40,都市：商,100000,141,持分移轉,10900000
RPSUMLQJNHHGFDC68CB,德安段,18.40,都市：商,100000,141,持分移轉,10900000
RPTUMLQJNHHGFDC78CB,德安段,18.40,都市：商,100000,141,持分移轉,10900000
RPVUMLQJNHHGFDC98CB,德安段,20.88,都市：商,100000,160,持分移轉,10900000
RPUUMLQJNHHGFDC88CB,德安段,18.40,都市：商,100000,141,持分移轉,10900000
RPOVMLQJNHHGFDC38CB,德安段,12.66,都市：商,100000,97,持分移轉,10900000
RPRVMLQJNHHGFDC68CB,德安段,12.66,都市：商,100000,97,持分移轉,10900000
RPPVMLQJNHHGFDC48CB,德安段,13.05,都市：商,100000,100,持分移轉,10900000
RPXUMLQJNHHGFDC56CB,德安段,15.40,都市：商,100000,118,持分移轉,10900000
RPQVMLQJNHHGFDC58CB,德安段,12.66,都市：商,100000,97,持分移轉,10900000
RPSVMLQJNHHGFDC78CB,德安段,15.40,都市：商,100000,118,持分移轉,10900000
RPTVMLQJNHHGFDC88CB,德安段,20.49,都市：商,100000,157,持分移轉,10900000
RPVVMLQJNHHGFDC09CB,德安段,18.01,都市：商,100000,138,持分移轉,10900000
RPOWMLQJNHHGFDC48CB,德安段,20.36,都市：商,100000,156,持分移轉,10900000
RPUVMLQJNHHGFDC98CB,德安段,13.05,都市：商,100000,100,持分移轉,10900000
RPWVMLQJNHHGFDC56CB,德安段,18.01,都市：商,100000,138,持分移轉,10900000
RPSWMLQJNHHGFDC88CB,德安段,13.05,都市：商,100000,100,持分移轉,10900000
RPXVMLQJNHHGFDC66CB,德安段,20.36,都市：商,100000,156,持分移轉,10900000
RPQWMLQJNHHGFDC68CB,德安段,12.66,都市：商,100000,97,持分移轉,10900000
RPTWMLQJNHHGFDC98CB,德安段,12.40,都市：商,100000,95,持分移轉,10900000
RPRWMLQJNHHGFDC78CB,德安段,15.53,都市：商,100000,119,持分移轉,10900000
RPVWMLQJNHHGFDC56CB,德安段,21.01,都市：商,100000,161,持分移轉,10900000
RPONNLQJNHHGFDC67CB,德安段,21.40,都市：商,100000,164,持分移轉,10900000
RPUWMLQJNHHGFDC09CB,德安段,18.40,都市：商,100000,141,持分移轉,10900000
RPPNNLQJNHHGFDC77CB,德安段,12.40,都市：商,100000,95,持分移轉,10900000
RPXWMLQJNHHGFDC76CB,德安段,20.88,都市：商,100000,160,持分移轉,10900000
RPSNNLQJNHHGFDC08CB,德安段,15.40,都市：商,100000,118,持分移轉,10900000
RPQNNLQJNHHGFDC87CB,德安段,12.40,都市：商,100000,95,持分移轉,10900000
RPRNNLQJNHHGFDC97CB,德安段,12.53,都市：商,100000,96,持分移轉,10900000
RPTNNLQJNHHGFDC18CB,德安段,15.40,都市：商,100000,118,持分移轉,10900000
RPUNNLQJNHHGFDC28CB,德安段,15.40,都市：商,100000,118,持分移轉,10900000
RPWNNLQJNHHGFDC48CB,德安段,15.40,都市：商,100000,118,持分移轉,10900000
RPXNNLQJNHHGFDC58CB,德安段,24.22,都市：住,100000,304,持分移轉,11420000
RPVNNLQJNHHGFDC38CB,德安段,15.40,都市：商,100000,118,持分移轉,10900000
RPOONLQJNHHGFDC77CB,德安段,24.22,都市：住,100000,304,持分移轉,11420000
RPPONLQJNHHGFDC87CB,德安段,32.98,都市：住,100000,414,持分移轉,11420000
RPOTMLQJNHHGFDC18CB,德安段,13.05,都市：商,100000,100,持分移轉,10900000
RPQONLQJNHHGFDC97CB,德安段,32.98,都市：住,100000,414,持分移轉,11420000
RPRONLQJNHHGFDC08CB,德安段,32.98,都市：住,100000,414,持分移轉,11420000
RPSONLQJNHHGFDC18CB,德安段,32.98,都市：住,100000,414,持分移轉,11420000
RPTONLQJNHHGFDC28CB,德安段,32.98,都市：住,100000,414,持分移轉,11420000
RPUONLQJNHHGFDC38CB,德安段,29.88,都市：住,100000,375,持分移轉,11420000
RPVONLQJNHHGFDC48CB,德安段,38.72,都市：住,100000,486,持分移轉,11420000
RPWONLQJNHHGFDC58CB,德安段,33.14,都市：住,100000,416,持分移轉,11420000
RPXONLQJNHHGFDC68CB,德安段,23.66,都市：住,100000,297,持分移轉,11420000
RPQPNLQJNHHGFDC08CB,德安段,39.52,都市：住,100000,496,持分移轉,11420000
RPRPNLQJNHHGFDC18CB,德安段,40.08,都市：住,100000,503,持分移轉,11420000
RPSPNLQJNHHGFDC28CB,德安段,22.07,都市：住,100000,277,持分移轉,11420000
RPTPNLQJNHHGFDC38CB,德安段,22.07,都市：住,100000,277,持分移轉,11420000
RPPPNLQJNHHGFDC97CB,德安段,39.52,都市：住,100000,496,持分移轉,11420000
RPUPNLQJNHHGFDC48CB,德安段,38.40,都市：住,100000,482,持分移轉,11420000
RPOQNLQJNHHGFDC97CB,德安段,29.08,都市：住,100000,365,持分移轉,11420000
RPWPNLQJNHHGFDC68CB,德安段,33.30,都市：住,100000,418,持分移轉,11420000
RPVPNLQJNHHGFDC58CB,德安段,22.07,都市：住,100000,277,持分移轉,11420000
RPRQNLQJNHHGFDC28CB,德安段,32.98,都市：住,100000,414,持分移轉,11420000
RPPQNLQJNHHGFDC08CB,德安段,38.64,都市：住,100000,485,持分移轉,11420000
RPSQNLQJNHHGFDC38CB,德安段,29.88,都市：住,100000,375,持分移轉,11420000
RPQQNLQJNHHGFDC18CB,德安段,34.58,都市：住,100000,434,持分移轉,11420000
RPXPNLQJNHHGFDC78CB,德安段,33.22,都市：住,100000,417,持分移轉,11420000
RPTQNLQJNHHGFDC48CB,德安段,38.72,都市：住,100000,486,持分移轉,11420000
RPVQNLQJNHHGFDC68CB,德安段,29.72,都市：住,100000,373,持分移轉,11420000
RPWQNLQJNHHGFDC78CB,德安段,39.92,都市：住,100000,501,持分移轉,11420000
RPWUMLQJNHHGFDC09CB,德安段,12.40,都市：商,100000,95,持分移轉,10900000
RPORNLQJNHHGFDC08CB,德安段,12.53,都市：商,100000,96,持分移轉,10900000
RPUQNLQJNHHGFDC58CB,德安段,38.72,都市：住,100000,486,持分移轉,11420000
RPQRNLQJNHHGFDC28CB,德安段,32.75,都市：住,100000,411,持分移轉,11420000
RPXQNLQJNHHGFDC88CB,德安段,38.96,都市：住,100000,489,持分移轉,11420000
RPPRNLQJNHHGFDC18CB,德安段,32.75,都市：住,100000,411,持分移轉,11420000
RPRRNLQJNHHGFDC38CB,德安段,15.53,都市：商,100000,119,持分移轉,10900000
RPPNMLLKNHHGFDC27CB,德安段,21.01,都市：商,100000,161,持分移轉,10900000
RPOPNLQJNHHGFDC87CB,德安段,34.18,都市：住,100000,429,持分移轉,11420000
