﻿編號,土地位置,土地移轉面積(平方公尺),使用分區或編定,權利人持分分母,權利人持分分子,移轉情形,地號
The serial number, land position,land shifting area square meter,the use zoning or compiles and checks,,,,land parcel
RPVNMLLKQHGGFCD18CC,鹽埕段,.00,都市：住,,,,02560051
RPVNMLLKQHGGFCD18CC,鹽埕段,.00,都市：住,,,,02560277
RPSOMLLKQHGGFKD78CC,永和段,81.97,都市：住,,,,02050000
RPOOMLLKQHGGFCD57CC,竹篙厝段,.00,都市：商,,,,17630000
RPQOMLLKQHGGFKD58CC,六甲頂段,.00,都市：住,,,,05150010
RPQNMLLKQHGGFBD57CC,頂安段,45.15,都市：住,,,,06560000
RPQNMLLKQHGGFBD57CC,頂安段,64.86,都市：其他:道路用地,,,,06560001
RPSOMLLKQHGGFHD48CC,福壽段,535.45,都市：住,,,,02050000
RPUNMLLKQHGGFID68CC,岳王段,396.69,都市：農,,,,02620000
RPXPMLMKQHGGFAD48CC,金華段,.00,都市：住,,,,01450010
RPSNMLLKQHGGFHD38CC,大營段,246.00,非都市：一般農業區 ; 非都市編定：丁種建築用地,,,,26620110
RPROMLNKQHGGFAD87CC,金華段,.00,都市：住,,,,00050000
RPPNMLNKQHGGFCD77CC,富農段,.00,都市：住,,,,00480000
RPPNMLNKQHGGFCD77CC,富農段,.00,都市：住,,,,00480001
RPQNMLNKQHGGFCD87CC,東光段,.00,都市：住,,,,05490000
RPUNMLLKQHGGFAD87CC,南門段,.00,都市：住,,,,03920000
RPROMLLKQHGGFAD67CC,新臨安段,.00,都市：住,,,,24260000
RPROMLLKQHGGFAD67CC,新臨安段,.00,都市：住,,,,24270000
RPROMLLKQHGGFAD67CC,新臨安段,.00,都市：住,,,,24290000
RPROMLLKQHGGFAD67CC,新臨安段,.00,都市：住,,,,24300000
RPROMLLKQHGGFAD67CC,新臨安段,.00,都市：住,,,,24310000
RPXNMLLKQHGGFCD38CC,光明段,.00,都市：住,,,,04290005
RPRNMLNKQHGGFCD97CC,育樂段,.00,都市：住,,,,04460000
RPWOMLNKQHGGFCD58CC,裕南段,.00,都市：住,,,,09810000
RPWOMLNKQHGGFCD58CC,裕南段,.00,都市：住,,,,09820000
RPUNMLNKQHGGFKD09CC,永和段,.00,都市：商,,,,13880000
RPTNMLMKQHGGFCD08CC,竹篙厝段,309.00,都市：住,,,,40340006
RPWNMLNKQHGGFKD66CC,六甲頂段,.00,都市：住,,,,13100001
RPOOMLMKQHGGFCD67CC,光華段,.00,都市：住,,,,09090000
RPQNMLNKQHGGFAD67CC,正覺段,.00,都市：住,,,,02620000
RPOOMLNKQHGGFKD58CC,兵北段,.00,都市：住,,,,04190012
RPQQMLNKQHGGFKD98CC,六甲頂段,.00,都市：住,,,,09060000
RPRQMLNKQHGGFKD09CC,橋北段,.00,都市：住,,,,00040000
RPOOMLNKQHGGFGD28DC,佳里段,.00,都市：商,,,,10470001
RPVPMLNKQHGGFKD86DC,六甲頂段,.00,都市：住,,,,10910000
RPXNMLNKQHGGFAD38CC,金華段,.00,都市：住,,,,00110064
RPVNMLNKQHGGFID98CC,歸仁北段,.00,都市：住,,,,03300015
RPTNMLNKQHGGFAD08DC,延平段,.00,都市：住,,,,14610000
RPWNMLNKQHGGFAD38DC,金華段,.00,都市：住,,,,00750043
RPXNMLNKQHGGFCD68DC,竹篙厝段,.00,都市：住,,,,21970000
RPXNMLNKQHGGFCD68DC,竹篙厝段,.00,都市：住,,,,21980000
RPPNMLNKQHGGFHD28CC,南社內段,.00,非都市：鄉村區 ; 非都市編定：乙種建築用地,,,,05290000
RPQPMLNKQHGGFKD88CC,兵北段,.00,都市：住,,,,05670000
RPSNMLNKQHGGFHD58CC,潭頂段,.00,非都市：鄉村區 ; 非都市編定：乙種建築用地,,,,06030014
RPVNMLNKQHGGFCD48DC,富裕段,.00,都市：住,,,,08480000
RPVNMLNKQHGGFCD48DC,富裕段,.00,都市：住,,,,08480001
RPVNMLNKQHGGFCD48DC,富裕段,.00,都市：其他:道路用地,,,,08480002
RPOOMLNKQHGGFHD28CC,成功段,.00,都市：住,,,,04440000
RPRNMLNKQHGGFKD78CC,仁愛段,.00,都市：住,,,,11980000
RPVNMLNKQHGGFKD56CC,六甲頂段,.00,都市：住,,,,06860001
RPUPMLNKQHGGFKD66CC,南工段,.00,都市：住,,,,01410000
RPSNMLQKQHGGFBD28CC,育安段,132.23,都市：住,,,,11130000
RPQOMLQKQHGGFCD28CC,富裕段,.00,都市：住,,,,07690000
RPROMLQKQHGGFCD38CC,竹篙厝段,.00,都市：住,,,,27900012
RPTOMLQKQHGGFCD58CC,德高段,.00,都市：住,,,,06340000
RPTOMLQKQHGGFCD58CC,德高段,.00,都市：住,,,,06350000
RPRPMLNKQHGGFKD09DC,成功段,.00,都市：住,,,,03800000
RPPNMLQKQHGGFAD87CC,保安段,.00,都市：住,,,,60000025
RPROMLQKQHGGFAD18CC,星鑽段,.00,都市：商,,,,18300000
RPROMLQKQHGGFAD18CC,星鑽段,.00,都市：商,,,,18400000
RPSPMLQKQHGGFAD38CC,保安段,.00,都市：商,,,,11750000
RPTPMLQKQHGGFAD48CC,華興段,.00,都市：住,,,,08030000
RPUNMLNKQHGGFCD38DC,大同段,.00,都市：住,,,,06370000
RPSNMLRKQHGGFKD66CC,永和段,.00,都市：其他:市場用地,,,,13840000
RPUNMLNKQHGGFHD78CC,三德段,.00,都市：住,,,,04760000
RPUNMLRKQHGGFID66CC,白崙段,3.94,都市：商,,,,00720000
RPVNMLNKQHGGFHD88CC,信義段,.00,都市：住,,,,00940000
RPUNMLNKQHGGFBD18CC,淵東段,.00,都市：住,,,,03120048
RPQOMLRKQHGGFID98CC,白崙段,13.02,都市：商,,,,00720000
RPSOMLSKQHGGFBD58CC,安中段,.00,都市：住,,,,06300011
RPUOMLSKQHGGFID86CC,車頭段,674.38,都市：工,,,,05050000
RPPOMLNKQHGGFBD77CC,佃西段,.00,都市：其他:住宅區,,,,05400000
RPQOMLQKQHGGFAD08CC,富台段,.00,都市：住,,,,07790000
RPWOMLQKQHGGFAD68CC,觀音段,.00,都市：商,,,,02570000
RPTOMLSKQHGGFHD66CC,竹子腳段,661.15,非都市：特定農業區 ; 非都市編定：農牧用地,,,,15250000
RPWOMLSKQHGGFHD96CC,大營段,228.00,非都市：一般農業區 ; 非都市編定：丁種建築用地,,,,26620033
RPQPMLSKQHGGFHD09CC,富強段,330.57,都市：農,,,,05390000
RPUOMLSKQHGGFKD07CC,東橋段,.00,都市：工,,,,04660000
RPVPMLSKQHGGFKD27CC,二王段,.00,都市：住,,,,13890000
RPTNMLSKQHGGFCD68CC,竹篙厝段,.00,都市：住,,,,24280032
RPVOMLSKQHGGFCD98CC,虎尾段,.00,都市：住,,,,06260000
RPSOMLSKQHGGFAD48CC,郡王祠段,.00,都市：住,,,,25210000
RPTOMLSKQHGGFAD58CC,金華段,.00,都市：住,,,,01100036
RPVNMLTKQHGGFAD78CC,金華段,.00,都市：商,,,,01340000
RPUNMLRKQHGGFAD48CC,延平段,.00,都市：住,,,,11690008
RPPOMLTKQHGGFAD28CC,正興段,.00,都市：住,,,,07050016
RPTNMLTKQHGGFCD78CC,光明段,.00,都市：住,,,,05710023
RPTNMLTKQHGGFCD78CC,光明段,.00,都市：住,,,,05730007
RPUNMLTKQHGGFCD88CC,竹篙厝段,.00,都市：住,,,,38160000
RPUNMLTKQHGGFCD88CC,竹篙厝段,.00,都市：住,,,,38340003
RPXNMLTKQHGGFCD56CC,府連段,.00,都市：住,,,,08630000
RPXNMLTKQHGGFCD56CC,府連段,.00,都市：住,,,,08640000
RPXPMLRKQHGGFAD98CC,漁光段,.00,都市：商,,,,08660000
RPOPMLTKQHGGFCD48CC,富農段,.00,都市：住,,,,17620000
RPVNMLTKQHGGFKD17CC,南工段,.00,都市：住,,,,00440000
RPVNMLTKQHGGFKD17CC,南工段,.00,都市：住,,,,01410000
RPPPMLTKQHGGFKD76CC,頂南段,.00,都市：住,,,,05350000
RPQPMLTKQHGGFKD86CC,大灣段,.00,都市：住,,,,31530018
RPXPMLTKQHGGFKD57CC,六甲頂段,.00,都市：住,,,,10910000
RPPOMLRKQHGGFID88CC,白崙段,10.12,都市：商,,,,00720000
RPXOMLSKQHGGFCD56CC,公英段,.00,都市：住,,,,01330000
RPSNMLTKQHGGFBD58CC,和館段,.00,都市：住,,,,00440819
RPWOMLSKQHGGFCD09CC,大恩段,.00,都市：住,,,,00570000
RPRNMLTKQHGGFID56CC,崙中段,.00,都市：住,,,,00550013
RPVNMLTKQHGGFGD76CC,新宅段,.00,非都市：鄉村區 ; 非都市編定：乙種建築用地,,,,04500008
RPUNMLTKQHGGFAD68CC,康祥段,.00,都市：住,,,,07290000
RPXOMLTKQHGGFAD56DC,郡王祠段,.00,都市：住,,,,09660000
RPWNMLTKQHGGFGD86CC,新安段,.00,非都市：鄉村區 ; 非都市編定：乙種建築用地,,,,05500000
RPXOMLTKQHGGFAD56DC,郡王祠段,.00,都市：住,,,,09670000
RPPOMLTKQHGGFCD48CC,鹽埕段,102.00,都市：住,,,,25930014
RPPOMLTKQHGGFCD48CC,鹽埕段,101.00,都市：住,,,,25930005
RPPOMLTKQHGGFCD48CC,鹽埕段,102.00,都市：住,,,,25930015
RPSNMLTKQHGGFKD86CC,大灣段,.00,都市：商,,,,61770000
RPOOMLTKQHGGFKD66DC,兵北段,89.65,都市：住,,,,01810000
RPOOMLTKQHGGFKD66DC,兵北段,90.26,都市：住,,,,01800000
RPRNMLKLQHGGFCD77CC,公英段,43.95,都市：住,,,,04900014
RPPNMLLLQHGGFFD97CC,民權段,99.95,都市：住,,,,09350002
RPSNMLNLQHGGFGD58CC,仁得段,.00,都市：住,,,,11250000
RPXNMLNLQHGGFID66CC,白崙段,.00,都市：商,,,,00720000
RPPOMLNLQHGGFID58CC,八甲段,.00,非都市：一般農業區 ; 非都市編定：甲種建築用地,,,,38080006
RPXOMLNLQHGGFHD66CC,善新段,.00,都市：住,,,,01150000
RPRPMLNLQHGGFCD28CC,公英段,.00,都市：住,,,,00080000
RPXOMLNLQHGGFCD78CC,竹篙厝段,.00,都市：住,,,,35460005
RPSPMLNLQHGGFCD38CC,新東段,.00,都市：住,,,,15510010
RPQNMLNLQHGGFKD78CC,蔦松北段,211.07,都市：工,,,,03620003
RPQNMLNLQHGGFKD78CC,蔦松北段,188.14,都市：工,,,,03640003
RPQNMLNLQHGGFKD78CC,蔦松北段,1453.98,都市：工,,,,03750002
RPSNMLNLQHGGFKD98CC,橋北段,26.28,都市：住,,,,00130000
RPOOMLNLQHGGFKD68CC,信義段,.00,都市：住,,,,00150000
RPQPMLNLQHGGFKD98CC,六甲頂段,.00,都市：住,,,,10910000
RPWNMLNLQHGGFAD38CC,廣慈段,.00,都市：商,,,,00260000
RPSPMLTKQHGGFKD07CC,兵北段,.00,都市：住,,,,04140000
RPQNMLLKQHGGFFD08DC,嗚頭段,3982.00,非都市：山坡地保育區 ; 非都市編定：農牧用地,,,,01450001
RPQNMLLKQHGGFFD08DC,嗚頭段,718.00,非都市：山坡地保育區 ; 非都市編定：農牧用地,,,,01450003
RPQNMLLKQHGGFFD08DC,嗚頭段,6844.00,非都市：山坡地保育區 ; 非都市編定：農牧用地,,,,01450009
RPQNMLLKQHGGFFD08DC,嗚頭段,3763.00,非都市：山坡地保育區 ; 非都市編定：農牧用地,,,,01480000
RPQNMLLKQHGGFFD08DC,嗚頭段,4266.00,非都市：山坡地保育區 ; 非都市編定：農牧用地,,,,01490000
RPQNMLLKQHGGFFD08DC,嗚頭段,4145.00,非都市：山坡地保育區 ; 非都市編定：農牧用地,,,,01490001
RPQNMLLKQHGGFFD08DC,嗚頭段,2825.00,非都市：山坡地保育區 ; 非都市編定：農牧用地,,,,01490002
RPQNMLLKQHGGFFD08DC,嗚頭段,4093.00,非都市：山坡地保育區 ; 非都市編定：農牧用地,,,,01510000
RPQNMLLKQHGGFFD08DC,嗚頭段,4670.00,非都市：山坡地保育區 ; 非都市編定：農牧用地,,,,01520000
RPRPMLNLQHGGFAD08CC,金華段,.00,都市：住,,,,00130013
RPSPMLNLQHGGFAD18CC,萬昌段,.00,都市：商,,,,03960000
RPUPMLNLQHGGFAD38CC,星鑽段,.00,都市：住,,,,02340000
RPTPMLNLQHGGFAD28CC,立人段,.00,都市：商,,,,00270000
RPWPMLNLQHGGFAD58CC,金華段,.00,都市：商,,,,00640025
RPPQMLNLQHGGFAD97CC,東興段,.00,都市：住,,,,09710000
RPQQMLNLQHGGFAD08CC,開元段,.00,都市：商,,,,05970000
RPQQMLNLQHGGFAD08CC,開元段,.00,都市：住,,,,06180000
RPRQMLNLQHGGFAD18CC,金華段,.00,都市：商,,,,00020006
RPOOMLOLQHGGFAD77CC,新南段,.00,都市：住,,,,01270065
RPROMLNLQHGGFBD08CC,南興段,.00,都市：其他:市場用地,,,,02590000
RPROMLOLQHGGFAD08CC,北華段,.00,都市：商,,,,07910000
RPSOMLOLQHGGFAD18CC,開元段,.00,都市：商,,,,05970000
RPQPMLNLQHGGFBD08CC,佃北段,.00,都市：其他:住宅區,,,,06470000
RPXOMLOLQHGGFAD68CC,正覺段,66.24,都市：住,,,,02630000
RPRPMLOLQHGGFAD18CC,頂美段,.00,都市：住,,,,15120012
RPRPMLOLQHGGFAD18CC,頂美段,.00,都市：住,,,,15120017
RPTPMLOLQHGGFAD38CC,星鑽段,.00,都市：商,,,,18520000
RPQNMLOLQHGGFCD08CC,大山段,.00,都市：住,,,,01290000
RPPPMLNLQHGGFCD08CC,水交社段,.00,都市：商,,,,00230000
RPROMLNLQHGGFKD98CC,六合段,.00,都市：住,,,,00610000
RPSPMLOLQHGGFBD38CC,安東段,66.08,都市：住,,,,02250024
RPROMLNLQHGGFKD98CC,六合段,.00,都市：住,,,,00620000
RPSPMLOLQHGGFBD38CC,安東段,24.04,都市：住,,,,02250000
RPUNMLPLQHGGFID56CC,白崙段,.00,都市：商,,,,00720000
RPSNMLPLQHGGFCD38CC,龍泉段,641.73,都市：住,,,,02880000
RPSNMLPLQHGGFCD38CC,龍泉段,51.09,都市：住,,,,02890000
RPSNMLPLQHGGFCD38CC,龍泉段,42.11,都市：住,,,,02900000
RPSNMLPLQHGGFCD38CC,龍泉段,132.56,都市：住,,,,02920000
RPSNMLPLQHGGFCD38CC,龍泉段,21.92,都市：住,,,,02930000
RPSNMLPLQHGGFCD38CC,龍泉段,4.49,都市：住,,,,02940000
RPOOMLPLQHGGFCD08CC,公英段,.00,都市：住,,,,05750005
RPSNMLPLQHGGFKD56CC,大灣段,135.53,都市：工,,,,37680000
RPXOMLPLQHGGFKD17CC,六甲頂段,.00,都市：住,,,,10910000
RPQPMLPLQHGGFKD56CC,頂安段,.00,都市：住,,,,01550000
RPQNMLPLQHGGFAD97CC,五條港段,.00,都市：商,,,,18560000
RPRNMLPLQHGGFAD08CC,金華段,18.34,都市：住,,,,00670000
RPROMLPLQHGGFAD18CC,漁光段,7.30,都市：商,,,,08960000
RPOQMLNLQHGGFAD87CC,星鑽段,.00,都市：商,,,,18300000
RPOQMLNLQHGGFAD87CC,星鑽段,.00,都市：商,,,,18400000
RPOPMLPLQHGGFAD97CC,北安段,83.09,都市：住,,,,05510000
RPQPMLPLQHGGFAD18CC,環河段,2.46,都市：住,,,,01000000
RPQPMLPLQHGGFAD18CC,環河段,1.57,都市：住,,,,01010000
RPWQMLPLQHGGFAD88CC,康祥段,.00,都市：住,,,,03200000
RPSNMLQLQHGGFAD28CC,康祥段,.00,都市：住,,,,06950000
RPSNMLQLQHGGFKD66CC,六甲頂段,.00,都市：住,,,,08630000
RPOOMLQLQHGGFKD98CC,永仁段,.00,都市：住,,,,00140000
RPUNMLOLQHGGFCD48CC,竹篙厝段,.00,都市：住,,,,13500000
RPVNMLQLQHGGFKD96CC,兵北段,.00,都市：商,,,,08790000
RPVNMLQLQHGGFKD96CC,兵北段,.00,都市：商,,,,08800000
RPROMLQLQHGGFKD66CC,六甲頂段,.00,都市：住,,,,10910000
RPSOMLQLQHGGFKD76CC,大灣段,.00,都市：商,,,,62280000
RPTOMLQLQHGGFKD86CC,信義段,.00,都市：住,,,,06480000
RPUOMLQLQHGGFKD96CC,兵北段,805.22,都市：住,,,,02190000
RPXOMLQLQHGGFKD27CC,二王段,.00,都市：住,,,,01070022
RPQNMLQLQHGGFCD28CC,竹篙厝段,.00,都市：住,,,,20990002
RPXNMLQLQHGGFCD98CC,虎尾寮段,32.11,都市：商,,,,05910019
RPUOMLQLQHGGFCD78CC,富強段,.00,都市：其他:細部計畫道路用地,,,,16830000
RPUOMLQLQHGGFCD78CC,富強段,.00,都市：其他:第五種住宅區,,,,16830001
RPUOMLQLQHGGFCD78CC,富強段,.00,都市：其他:第五種住宅區,,,,16830002
RPXOMLQLQHGGFCD09CC,竹篙厝段,110.00,都市：住,,,,17100000
RPPOMLOLQHGGFCD08CC,德高段,.00,都市：住,,,,06150006
RPXOMLQLQHGGFCD09CC,竹篙厝段,110.00,都市：住,,,,17110000
RPPOMLOLQHGGFCD08CC,德高段,.00,都市：住,,,,06150005
RPSOMLOLQHGGFCD38CC,新都段,.00,都市：住,,,,00280023
RPTPMLQLQHGGFCD78CC,東光段,.00,都市：其他:鄰里商業區,,,,00510008
RPXPMLQLQHGGFID17CC,勝利段,.00,非都市：鄉村區 ; 非都市編定：乙種建築用地,,,,03560000
RPPOMLQLQHGGFHD78CC,什美段,.00,非都市：鄉村區 ; 非都市編定：乙種建築用地,,,,05580000
RPSOMLQLQHGGFAD48DC,金華段,24.34,都市：住,,,,00830011
RPSOMLQLQHGGFHD09CC,南港段,296.00,都市：工,,,,09500110
RPRNMLRLQHGGFBD38CC,農場段,66.11,都市：住,,,,01620001
RPROMLRLQHGGFGD98CC,港安段,.00,都市：住,,,,09200000
RPPNMLPLQHGGFAD87CC,裕民段,.00,都市：住,,,,09080000
RPPNMLPLQHGGFAD87CC,裕民段,.00,都市：其他:道路用地,,,,09230000
RPVQMLPLQHGGFAD78CC,五條港段,.00,都市：商,,,,06070000
RPSOMLRLQHGGFGD56DC,仁得段,.00,都市：住,,,,11940000
RPRNMLRLQHGGFCD48CC,竹篙厝段,.00,都市：住,,,,24280032
RPUNMLRLQHGGFCD78CC,鹽埕段,2.13,都市：住,,,,02720004
RPUNMLRLQHGGFCD78CC,鹽埕段,22.50,都市：住,,,,02720000
RPXNMLRLQHGGFCD09CC,東寧段,.00,都市：住,,,,05680001
RPQNMLRLQHGGFKD56CC,永和段,82.00,都市：住,,,,02150000
RPVNMLRLQHGGFKD07CC,鹽中段,.00,都市：住,,,,07190000
RPTOMLRLQHGGFKD96CC,成功段,.00,都市：住,,,,01860000
RPVNMLRLQHGGFAD68CC,金華段,24.72,都市：住,,,,00770000
RPXNMLRLQHGGFAD88CC,正興段,.00,都市：住,,,,02430028
RPQOMLRLQHGGFAD28CC,金華段,.00,都市：住,,,,01050001
RPQPMLRLQHGGFAD38CC,開元段,.00,都市：其他:市場用地,,,,04310001
RPTPMLRLQHGGFAD68CC,實踐段,.00,都市：住,,,,00060000
RPTPMLRLQHGGFAD68CC,實踐段,.00,都市：住,,,,00090000
RPSNMLKMQHGGFAD77CC,自強段,.00,都市：商,,,,07140000
RPSNMLKMQHGGFAD77CC,自強段,.00,都市：商,,,,07150000
RPSNMLKMQHGGFAD77CC,自強段,.00,都市：商,,,,07160000
RPSNMLKMQHGGFAD77CC,自強段,.00,都市：商,,,,07170000
RPTNMLKMQHGGFAD87CC,金華段,.00,都市：住,,,,00630000
RPTNMLQLQHGGFAD38CC,北元段,17.21,都市：商,,,,09200000
RPUNMLKMQHGGFAD97CC,立人段,.00,都市：住,,,,00530000
RPOPMLKMQHGGFAD57CC,中山段,145.06,都市：商,,,,03340001
RPRPMLKMQHGGFAD87CC,金華段,.00,都市：商,,,,00640025
RPUPMLKMQHGGFAD18CC,星鑽段,.00,都市：商,,,,18530000
RPXNMLKMQHGGFKD66CC,南新段,.00,都市：住,,,,08320000
RPPOMLKMQHGGFKD58CC,四維段,.00,都市：住,,,,03100000
RPSOMLQLQHGGFCD58CC,新東段,.00,都市：住,,,,15510017
RPROMLKMQHGGFKD78CC,六甲頂段,.00,都市：住,,,,10910000
RPQPMLQLQHGGFCD48CC,竹篙厝段,.00,都市：住,,,,38340001
RPQPMLQLQHGGFCD48CC,竹篙厝段,.00,都市：住,,,,38340002
RPQPMLQLQHGGFCD48CC,竹篙厝段,.00,都市：住,,,,38340003
RPUOMLKMQHGGFKD09CC,鹽埕段,.00,都市：住,,,,04700000
RPSNMLKMQHGGFCD97CC,東光段,.00,都市：商,,,,00510008
RPUNMLKMQHGGFCD18CC,公英段,.00,都市：住,,,,03390000
RPVOMLKMQHGGFCD38CC,育樂段,.00,都市：住,,,,04460000
RPROMLKMQHGGFCD97CC,竹篙厝段,.00,都市：住,,,,07740000
RPPPMLKMQHGGFCD87CC,鹽埕段,.00,都市：住,,,,02680008
RPRNMLLMQHGGFBD87CC,國安段,.00,都市：住,,,,16120000
RPUNMLLMQHGGFBD18CC,州北段,.00,都市：住,,,,02560000
RPUNMLLMQHGGFBD18CC,州北段,.00,都市：其他:道路用地,,,,02560002
RPXNMLLMQHGGFDD68CC,興業段,61.04,都市：住,,,,06210000
RPUNMLLMQHGGFID88CC,太子段,.00,都市：住,,,,10950002
RPTNMLLMQHGGFCD18CC,東安段,.00,都市：其他:道路用地,,,,02220001
RPTNMLLMQHGGFCD18CC,東安段,.00,都市：商,,,,02230000
RPTNMLLMQHGGFCD18CC,東安段,.00,都市：商,,,,02240000
RPXNMLLMQHGGFCD58CC,東光段,.00,都市：住,,,,01800037
RPQOMLLMQHGGFCD97CC,裕東段,58.80,,,,,06900018
RPXNMLLMQHGGFKD76CC,兵北段,.00,都市：住,,,,08170000
RPUNMLLMQHGGFAD08CC,檨仔林段,.00,都市：商,,,,03520000
RPUNMLLMQHGGFAD08CC,檨仔林段,.00,都市：商,,,,03530000
RPWNMLLMQHGGFAD28CC,正興段,27.10,都市：商,,,,12450000
RPPOMLLMQHGGFAD67CC,金華段,.00,都市：住,,,,01050001
RPQOMLLMQHGGFAD77CC,漁光段,.00,都市：商,,,,08910002
RPPPMLLMQHGGFAD77CC,老古石段,.00,都市：商,,,,18730000
RPVOMLLMQHGGFAD28CC,漁光段,.00,都市：商,,,,08910002
RPOQMLLMQHGGFAD77CC,郡王祠段,.00,都市：住,,,,25440000
RPRNMLLJRHGGFAD57CC,檨仔林段,.00,都市：商,,,,03520000
RPRNMLLJRHGGFAD57CC,檨仔林段,.00,都市：商,,,,03530000
RPQOMLLJRHGGFAD57CC,延平段,.00,都市：住,,,,11690052
RPXOMLKMQHGGFAD38CC,公園段,.00,都市：商,,,,09390000
RPXNMLKMQHGGFAD28CC,郡王祠段,.00,都市：住,,,,21060000
RPXOMLKMQHGGFAD38CC,公園段,.00,都市：商,,,,09390001
RPXOMLKMQHGGFAD38CC,公園段,.00,都市：其他:道路用地,,,,09390003
RPVOMLLMQHGGFHD98CC,明北段,10042.29,非都市：一般農業區 ; 非都市編定：農牧用地,,,,05130000
RPROMLLJRHGGFAD67CC,延平段,.00,都市：住,,,,11690052
RPSOMLLJRHGGFAD77CC,金華段,.00,都市：住,,,,00850004
RPTNMLLJRHGGFKD78CC,橋北段,.00,都市：商,,,,00590000
RPUNMLLJRHGGFKD88CC,廣興段,.00,都市：住,,,,11750000
RPOOMLLJRHGGFKD38CC,南工段,.00,都市：商,,,,05010000
RPPOMLLJRHGGFKD48CC,成功段,.00,都市：商,,,,01190000
RPQNMLKMQHGGFCD77CC,育樂段,.00,都市：住,,,,10180000
RPQNMLKMQHGGFCD77CC,育樂段,.00,都市：住,,,,10190000
RPSOMLKMQHGGFBD97CC,南興段,.00,都市：其他:市場用地,,,,02590000
RPTNMLLJRHGGFCD97CC,新東段,.00,都市：住,,,,00310000
RPTNMLLJRHGGFCD97CC,新東段,.00,都市：住,,,,00310001
RPROMLLMQHGGFAD87CC,新南段,.00,都市：住,,,,01180000
RPUNMLLJRHGGFCD08CC,裕南段,.00,都市：住,,,,16810000
RPUNMLLJRHGGFCD08CC,裕南段,.00,都市：住,,,,16810001
RPPOMLLJRHGGFHD18CC,華興段,85.98,都市：其他:,,,,00900000
RPUPMLLJRHGGFBD18CC,朝皇段,.00,都市：住,,,,13140026
RPSPMLMJRHGGFBD08CC,國安段,.00,都市：住,,,,16120000
RPOOMLMJRHGGFGD08CC,仁得段,.00,都市：住,,,,11250000
RPRNMLMJRHGGFCD87CC,德高段,.00,都市：住,,,,04980003
RPRNMLMJRHGGFCD87CC,德高段,.00,都市：其他:道路用地,,,,04980036
RPSNMLMJRHGGFCD97CC,自由段,.00,都市：住,,,,00580000
RPVNMLMJRHGGFCD28CC,富強段,.00,都市：其他:道路用地,,,,00690000
RPVNMLMJRHGGFCD28CC,富強段,.00,都市：住,,,,00690001
RPQOMLMJRHGGFCD87CC,新東段,.00,都市：住,,,,12180000
RPQNMLMJRHGGFKD58CC,鹽中段,.00,都市：住,,,,15570000
RPWNMLMJRHGGFKD56CC,六甲頂段,.00,都市：住,,,,10910000
RPQOMLMJRHGGFKD68CC,成功段,.00,都市：住,,,,01670000
RPQOMLNJRHGGFAD77CC,漁光段,.00,都市：商,,,,08660000
RPUOMLNJRHGGFAD18CC,五條港段,.00,都市：商,,,,01040000
RPUOMLNJRHGGFAD18CC,五條港段,.00,都市：商,,,,01050000
RPXNMLNJRHGGFKD76CC,鹽東段,.00,都市：住,,,,19610000
RPQNMLNJRHGGFCD87CC,泉南段,.00,都市：商,,,,00170000
RPPNMLNJRHGGFCD77CC,富裕段,.00,都市：住,,,,04040000
RPXNMLNJRHGGFCD58CC,裕南段,.00,都市：住,,,,18670000
RPQOMLNJRHGGFCD97CC,大山段,.00,都市：住,,,,01290000
RPRPMLLMQHGGFAD97CC,老古石段,.00,都市：商,,,,18730000
RPOPMLNJRHGGFCD87CC,新東段,.00,都市：住,,,,02520000
RPOPMLNJRHGGFCD87CC,新東段,.00,都市：住,,,,02530000
RPRNMLNJRHGGFID58CC,林仔段,.00,都市：住,,,,07330000
RPRNMLNJRHGGFID58CC,林仔段,.00,都市：住,,,,07320000
RPOOMLNJRHGGFID38CC,中山段,199.76,都市：住,,,,08190000
RPQNMLNJRHGGFBD77CC,溪頂段,.00,都市：住,,,,12570010
RPVNMLNJRHGGFBD28CC,怡中段,.00,都市：住,,,,12390000
RPTOMLNJRHGGFHD78CC,中榮段,153.55,非都市：鄉村區 ; 非都市編定：乙種建築用地,,,,03180000
RPUOMLNJRHGGFHD88CC,大營段,228.00,非都市：一般農業區 ; 非都市編定：丁種建築用地,,,,26620032
RPPNMLOJRHGGFCD87CC,天后段,.00,,,,,05580001
RPTNMLOJRHGGFKD09CC,中興段,20.69,都市：住,,,,09370000
RPWNMLQJRHGGFKD96CC,鹽新段,.00,都市：住,,,,11680000
RPOOMLQJRHGGFKD88CC,橋北段,16.41,都市：住,,,,00040000
RPQOMLLJRHGGFHD28CC,大榮段,23.17,都市：其他:,,,,07780000
RPQOMLLJRHGGFHD28CC,大榮段,1.27,都市：其他:,,,,07790000
RPQOMLLJRHGGFHD28CC,大榮段,15.63,都市：其他:,,,,07800000
RPRQMLMJRHGGFAD97CC,金華段,.00,都市：住,,,,00880000
RPSPMLMJRHGGFAD97CC,金華段,.00,都市：住,,,,00840003
RPPOMLQJRHGGFKD98CC,橋北段,18.96,都市：商,,,,00590000
RPPNMLQJRHGGFCD08CC,東光段,.00,都市：住,,,,06530000
RPQOMLQJRHGGFAD08CC,新臨安段,131.04,都市：住,,,,08940000
RPTOMLQJRHGGFAD38CC,開元段,.00,都市：商,,,,03610005
RPSNMLQJRHGGFBD28CC,溪墘段,62.89,都市：住,,,,11640015
RPSNMLQJRHGGFBD28CC,溪墘段,3.10,都市：住,,,,11640037
RPQNMLQJRHGGFID78CC,文賢段,144.23,都市：商,,,,04300000
RPXPMLRJRHGGFID17CC,興安段,.00,都市：住,,,,05400000
RPPOMLMJRHGGFAD57CC,檨仔林段,.00,都市：商,,,,02320000
RPPOMLMJRHGGFAD57CC,檨仔林段,.00,都市：商,,,,02330000
RPPOMLMJRHGGFAD57CC,檨仔林段,.00,都市：商,,,,02340000
RPPOMLMJRHGGFAD57CC,檨仔林段,.00,都市：商,,,,02350000
RPPOMLMJRHGGFAD57CC,檨仔林段,.00,都市：商,,,,02360000
RPWOMLNJRHGGFCD58CC,裕南段,.00,都市：住,,,,16810000
RPWOMLNJRHGGFCD58CC,裕南段,.00,都市：住,,,,16810001
RPOQMLRJRHGGFID98CC,白崙段,10.12,都市：商,,,,00720000
RPVNMLRJRHGGFCD78CC,富農段,.00,都市：住,,,,11140000
RPVNMLRJRHGGFCD78CC,富農段,.00,都市：其他:道路用地,,,,11140001
RPVNMLRJRHGGFCD78CC,富農段,.00,都市：其他:道路用地,,,,11140002
RPUNMLRJRHGGFKD86CC,頂溪段,1030.77,都市：工,,,,03850000
RPXNMLSJRHGGFKD27CC,仁愛段,.00,都市：住,,,,02120000
RPSOMLSJRHGGFKD86CC,大灣段,.00,都市：住,,,,29720000
RPWOMLSJRHGGFKD27CC,大灣段,.00,都市：商,,,,61770000
RPTPMLSJRHGGFKD07CC,鹽行段,.00,都市：住,,,,14780001
RPOOMLSJRHGGFCD28CC,東安段,.00,都市：住,,,,03940000
RPUOMLSJRHGGFCD88CC,東光段,.00,都市：住,,,,04300000
RPSOMLSJRHGGFAD48CC,環河段,.00,都市：住,,,,22590000
RPVOMLSJRHGGFAD78CC,新美段,.00,都市：商,,,,07060000
RPXOMLSJRHGGFAD98CC,開元段,.00,都市：商,,,,03610005
RPRPMLSJRHGGFAD48CC,五條港段,.00,都市：商,,,,18560000
RPSNMLSJRHGGFDD68CC,永生段,.00,都市：商,,,,09090000
RPSOMLSJRHGGFBD58CC,海東段,.00,都市：住,,,,02450000
RPTRMLSJRHGGFHD96CC,永安段,.00,都市：商,,,,00700000
RPXNMLTJRHGGFHD07CC,大營段,.00,非都市：一般農業區 ; 非都市編定：丁種建築用地,,,,26620027
RPXNMLTJRHGGFBD09CC,和館段,.00,都市：住,,,,00440535
RPRNMLTJRHGGFDD68CC,歡雅段,89.25,非都市：鄉村區 ; 非都市編定：乙種建築用地,,,,12280000
RPRNMLNJRHGGFHD48CC,新吉段,330.60,非都市：一般農業區 ; 非都市編定：農牧用地,,,,12140000
RPXNMLTJRHGGFAD98CC,南門段,.00,都市：住,,,,21030000
RPOPMLTJRHGGFAD28CC,華興段,.00,都市：住,,,,11920000
RPRNMLTJRHGGFCD58CC,新興段,.00,都市：住,,,,02460017
RPTNMLTJRHGGFCD78CC,育樂段,.00,都市：住,,,,06790000
RPWNMLTJRHGGFKD27CC,鹽東段,.00,都市：住,,,,16220000
RPUPMLKKRHGGFBD18CC,國安段,.00,都市：住,,,,16160000
RPRNMLLKRHGGFDD97CC,東昇段,.00,都市：住,,,,07580003
RPRNMLLKRHGGFCD87CC,光明段,.00,都市：住,,,,05500000
RPPOMLQJRHGGFAD08DC,金華段,43.00,都市：住,,,,00350037
RPSPMLKKRHGGFKD88CC,兵北段,.00,都市：住,,,,08380000
RPPOMLQJRHGGFAD08DC,金華段,43.00,都市：住,,,,00350038
RPPNMLQJRHGGFHD68DC,善新段,.00,都市：其他:生活服務區(第三種住宅區),,,,00530000
RPTOMLSJRHGGFID76CC,林仔段,581.15,都市：工,,,,04320000
RPTOMLSJRHGGFID76CC,林仔段,80.81,都市：工,,,,04320001
RPOOMLLKRHGGFCD67CC,泉南段,.00,都市：住,,,,06180000
RPSOMLLKRHGGFCD08CC,竹篙厝段,.00,都市：住,,,,27760000
RPTOMLLKRHGGFCD18CC,竹篙厝段,.00,都市：住,,,,27760000
RPUOMLLKRHGGFCD28CC,泉南段,.00,都市：住,,,,02910000
RPXOMLLKRHGGFAD38CC,金華段,.00,都市：商,,,,00010003
RPUNMLRJRHGGFAD48CC,開元段,.00,都市：商,,,,05970000
RPTNMLNKRHGGFAD08CC,金華段,.00,都市：住,,,,00840003
RPXOMLSJRHGGFKD37CC,忠孝段,.00,都市：住,,,,03670000
RPUNMLNKRHGGFAD18CC,南門段,.00,都市：住,,,,18530000
RPPOMLNKRHGGFAD77CC,開元段,.00,都市：商,,,,03610005
RPTOMLNKRHGGFAD18CC,金華段,.00,都市：商,,,,00010000
RPOOMLNKRHGGFCD87CC,府東段,.00,都市：住,,,,07450000
RPVNMLNKRHGGFCD48CC,府東段,.00,都市：住,,,,07450000
RPVNMLNKRHGGFKD66CC,成功段,.00,都市：商,,,,01190000
RPROMLNKRHGGFKD98CC,鹽東段,.00,都市：住,,,,16650000
RPTOMLNKRHGGFKD56CC,永信段,.00,都市：住,,,,00470000
RPVOMLNKRHGGFKD76CC,鹽東段,.00,都市：住,,,,16130000
RPXOMLNKRHGGFKD96CC,永和段,.00,都市：其他:市場用地,,,,13840000
RPTPMLNKRHGGFID09CC,白崙段,.00,都市：商,,,,00720000
RPTNMLNKRHGGFDD38CC,民權段,1.73,都市：商,,,,01560000
RPWNMLNKRHGGFBD48CC,鹿北段,.00,都市：住,,,,04270000
RPPQMLOKRHGGFBD18CC,安中段,.00,都市：住,,,,07830025
RPTOMLOKRHGGFID09CC,仁義段,.00,都市：住,,,,07110000
RPVOMLOKRHGGFKD86CC,兵南段,6.53,都市：住,,,,05840000
RPXOMLOKRHGGFKD07CC,埔北段,95.49,都市：住,,,,00250000
RPUQMLOKRHGGFKD96CC,仁愛段,.00,都市：住,,,,05210000
RPUQMLOKRHGGFKD96CC,仁愛段,.00,都市：住,,,,05240000
RPUQMLOKRHGGFKD96CC,仁愛段,.00,都市：住,,,,05260000
RPUQMLOKRHGGFKD96CC,仁愛段,.00,都市：住,,,,05270000
RPRNMLOKRHGGFCD18CC,育樂段,.00,都市：住,,,,02410000
RPSNMLTJRHGGFKD86CC,六甲頂段,.00,都市：住,,,,08630000
RPXNMLNKRHGGFAD48CC,華興段,.00,都市：住,,,,07490000
RPWNMLOKRHGGFCD68CC,裕南段,.00,都市：住,,,,05290000
RPPOMLOKRHGGFCD08CC,水交社段,.00,都市：商,,,,00230000
RPQOMLOKRHGGFCD18CC,大山段,.00,都市：住,,,,00940000
RPXOMLOKRHGGFCD88CC,竹篙厝段,.00,都市：住,,,,26370011
RPOPMLOKRHGGFCD08CC,關帝段,.00,都市：住,,,,12270000
RPSOMLOKRHGGFCD38CC,仁和段,99.00,都市：住,,,,12550078
RPXPMLOKRHGGFCD98CC,新東段,.00,都市：住,,,,13880000
RPVPMLOKRHGGFCD78CC,東光段,.00,都市：住,,,,03170019
RPVPMLOKRHGGFCD78CC,東光段,.00,都市：其他:細部計畫道路用地,,,,03170032
RPRPMLOKRHGGFCD38CC,育樂段,.00,都市：住,,,,14630000
RPXNMLOKRHGGFAD58CC,延平段,.00,都市：住,,,,11690008
RPUOMLOKRHGGFAD38CC,南門段,.00,都市：住,,,,14760000
RPOOMLPKRHGGFAD87CC,武聖段,106.39,都市：住,,,,12060000
RPVPMLPKRHGGFAD68CC,五條港段,.00,都市：商,,,,02950000
RPRPMLPKRHGGFAD28CC,立人段,.00,都市：住,,,,00540000
RPXPMLPKRHGGFAD88CC,金華段,84.00,都市：住,,,,00330060
RPQQMLPKRHGGFAD28CC,小北段,.00,都市：住,,,,11750020
RPRQMLPKRHGGFAD38CC,新美段,.00,都市：商,,,,07750000
RPRQMLPKRHGGFAD38CC,新美段,.00,都市：商,,,,07760000
RPXNMLPKRHGGFCD88CC,鹽埕段,.00,都市：住,,,,02590019
RPXNMLOKRHGGFCD78CC,新東段,.00,都市：住,,,,15340000
RPVOMLPKRHGGFCD78CC,竹篙厝段,.00,都市：住,,,,14570002
RPXNMLOKRHGGFCD78CC,新東段,.00,都市：住,,,,15400000
RPPOMLOKRHGGFDD18CC,綠川段,94.60,都市：住,,,,02500016
RPWPMLPKRHGGFKD17CC,蔦松南段,.00,都市：住,,,,08710000
RPXPMLPKRHGGFKD27CC,永信段,.00,都市：住,,,,09880000
RPSQMLPKRHGGFKD86CC,鹽南段,425.79,都市：工,,,,04780001
RPOQMLPKRHGGFKD09CC,永仁段,.00,都市：住,,,,00830000
RPXNMLPKRHGGFID86CC,林仔段,441.86,都市：工,,,,10190006
RPXNMLPKRHGGFID86CC,林仔段,383.44,都市：工,,,,10190007
RPPOMLPKRHGGFID78CC,太子段,1821.43,都市：工,,,,13180000
RPXNMLPKRHGGFID86CC,林仔段,388.06,都市：工,,,,10190008
RPXNMLPKRHGGFID86CC,林仔段,845.62,都市：工,,,,10190009
RPPOMLPKRHGGFID78CC,太子段,208.90,都市：工,,,,13040001
RPPOMLPKRHGGFID78CC,太子段,20.87,都市：工,,,,13040002
RPXNMLPKRHGGFID86CC,林仔段,565.66,都市：工,,,,10190010
RPPOMLPKRHGGFID78CC,太子段,38.41,都市：工,,,,13190003
RPXNMLPKRHGGFID86CC,林仔段,88.93,都市：其他:廣(附)11,,,,10200001
RPROMLPKRHGGFHD88CC,中沙段,28.40,非都市：工業區 ; 非都市編定：丁種建築用地,,,,13350000
RPUOMLPKRHGGFHD56CC,大營段,235.00,非都市：一般農業區 ; 非都市編定：丁種建築用地,,,,26620029
RPPOMLQKRHGGFBD18CC,國安段,.00,都市：住,,,,16120000
RPQOMLQKRHGGFCD48DC,仁和段,.00,都市：住,,,,05320013
RPPOMLQKRHGGFCD38DC,仁和段,.00,都市：住,,,,05320013
RPUPMLNKRHGGFAD38CC,公園段,.00,都市：商,,,,01360000
RPWNMLNKRHGGFGD09DC,佳里段,.00,都市：商,,,,16330007
RPVOMLNKRHGGFBD48CC,城中段,.00,都市：住,,,,00090007
RPSOMLQKRHGGFCD68DC,仁和段,.00,都市：住,,,,05320013
RPQNMLQKRHGGFKD09CC,成功段,.00,都市：住,,,,05350000
RPPOMLQKRHGGFKD09CC,勝利段,35.95,都市：住,,,,11780000
RPSOMLQKRHGGFKD76CC,蜈蜞潭段,75.00,都市：住,,,,12740025
RPOOMLQKRHGGFCD18CC,東寧段,.00,都市：住,,,,04800000
RPTOMLQKRHGGFCD68CC,府連段,.00,都市：住,,,,08360000
RPTOMLQKRHGGFCD68CC,府連段,.00,都市：住,,,,08370000
RPPPMLQKRHGGFCD38CC,福吉段,141.00,都市：住,,,,04040002
RPPPMLQKRHGGFCD38CC,福吉段,142.00,都市：住,,,,04040046
RPWPMLQKRHGGFCD09CC,龍山段,.00,都市：其他:公園道用地,,,,11360001
RPWPMLQKRHGGFCD09CC,龍山段,.00,都市：其他:公園道用地,,,,11370001
RPWPMLQKRHGGFCD09CC,龍泉段,.00,都市：商,,,,13180000
RPWPMLQKRHGGFCD09CC,龍泉段,.00,都市：商,,,,13190000
RPWPMLQKRHGGFCD09CC,龍泉段,.00,都市：商,,,,13200000
RPWPMLQKRHGGFCD09CC,龍泉段,.00,都市：商,,,,13210000
RPWPMLQKRHGGFCD09CC,龍泉段,.00,都市：商,,,,13220000
RPPQMLQKRHGGFCD48CC,龍泉段,.00,都市：商,,,,13130000
RPSOMLPKRHGGFCD48CC,新都心段,.00,都市：住,,,,00420000
RPOOMLQKRHGGFAD97CC,檨仔林段,.00,都市：商,,,,03520000
RPOOMLQKRHGGFAD97CC,檨仔林段,.00,都市：商,,,,03530000
RPPOMLQKRHGGFAD08CC,檨仔林段,.00,都市：商,,,,03520000
RPPOMLQKRHGGFAD08CC,檨仔林段,.00,都市：商,,,,03530000
RPQOMLQKRHGGFAD18CC,古堡段,.00,都市：住,,,,06740000
RPPPMLQKRHGGFAD18CC,金城段,.00,都市：住,,,,00110002
RPPPMLQKRHGGFAD18CC,金城段,.00,都市：住,,,,00110031
RPVNMLRKRHGGFAD68CC,立人段,.00,都市：住,,,,00510025
RPWNMLRKRHGGFAD78CC,立人段,.00,都市：住,,,,00650003
RPOPMLRKRHGGFAD18CC,府前段,.00,都市：商,,,,13160000
RPOPMLRKRHGGFAD18CC,府前段,.00,都市：商,,,,13170000
RPTNMLRKRHGGFCD68CC,水交社段,18.77,都市：住,,,,00230000
RPVNMLRKRHGGFCD88CC,新興段,.00,都市：住,,,,02780044
RPTNMLRKRHGGFCD68CC,水交社段,4.39,都市：住,,,,00210000
RPWNMLRKRHGGFCD98CC,精忠段,.00,都市：住,,,,05190000
RPXNMLRKRHGGFCD09CC,竹篙厝段,.00,都市：住,,,,19240006
RPTOMLRKRHGGFCD78CC,鹽埕段,25.72,都市：住,,,,31060005
RPVOMLRKRHGGFCD98CC,裕南段,.47,都市：住,,,,16530001
RPVOMLRKRHGGFCD98CC,裕南段,3.16,都市：住,,,,16530000
RPVNMLRKRHGGFKD07CC,南新段,.00,都市：住,,,,09730000
RPVNMLRKRHGGFKD07CC,南新段,.00,都市：住,,,,09740000
RPUNMLRKRHGGFID76CC,白崙段,.00,都市：商,,,,00720000
RPVNMLRKRHGGFID86CC,白崙段,.00,都市：商,,,,00720000
RPUOMLRKRHGGFBD78CC,學中段,.00,都市：住,,,,02700006
RPQNMLKLRHGGFAD57CC,星鑽段,27.14,都市：住,,,,05170000
RPVOMLMLRHGGFAD38CC,東興段,.00,都市：住,,,,09710000
RPXNMLPKRHGGFBD78CC,海佃段,100.59,都市：住,,,,12570000
RPUPMLMLRHGGFAD38CC,金華段,108.00,都市：住,,,,01400039
RPSQMLMLRHGGFAD28CC,華興段,.00,都市：住,,,,09150000
RPTQMLMLRHGGFAD38CC,延平段,.00,都市：住,,,,11690059
RPRRMLMLRHGGFAD28CC,裕民段,.00,都市：商,,,,00130000
RPVQMLMLRHGGFAD58CC,漁光段,.00,都市：商,,,,08910002
RPXNMLMLRHGGFKD86CC,頂安段,.00,都市：住,,,,06390000
RPUNMLMLRHGGFKD56CC,西勢段,.00,都市：住,,,,14900016
RPTNMLMLRHGGFCD28CC,裕東段,862.32,都市：住,,,,02050000
RPXNMLMLRHGGFCD68CC,虎尾段,.00,都市：住,,,,11250000
RPVOMLMLRHGGFCD58CC,竹篙厝段,.00,都市：住,,,,40630000
RPSRMLMLRHGGFBD48CC,國安段,.00,都市：住,,,,15600000
RPTOMLMLRHGGFHD88CC,善新段,.00,都市：住,,,,01410000
RPQOMLNLRHGGFBD08CC,海東段,.00,都市：住,,,,04780000
RPQOMLNLRHGGFBD08CC,海東段,.00,都市：住,,,,04780013
RPOOMLNLRHGGFID58CC,歸仁北段,.00,都市：住,,,,04820049
RPSOMLNLRHGGFID98CC,白崙段,.00,都市：商,,,,00720000
RPUNMLNLRHGGFKD66CC,鹽新段,.00,都市：住,,,,04530012
RPOOMLNLRHGGFDD08CC,永生段,.00,都市：商,,,,01680000
RPSOMLNLRHGGFKD56CC,鹽東段,.00,都市：住,,,,16650000
RPPOMLRKRHGGFAD18CC,漁光段,8.38,都市：商,,,,08910002
RPTOMLNLRHGGFKD66CC,大灣段,.00,都市：住,,,,87350000
RPROMLNLRHGGFAD08CC,小北段,.00,都市：住,,,,09690455
RPSOMLNLRHGGFAD18CC,漁光段,.00,都市：商,,,,08660000
RPUOMLNLRHGGFAD38CC,延平段,.00,都市：住,,,,11690008
RPVOMLNLRHGGFAD48CC,仁愛段,.00,都市：住,,,,00010057
RPWOMLNLRHGGFAD58CC,環河段,.00,都市：住,,,,01000000
RPWOMLNLRHGGFAD58CC,環河段,.00,都市：住,,,,01010000
RPQNMLOLRHGGFAD97CC,仁愛段,.00,都市：住,,,,10890000
RPTNMLOLRHGGFAD28CC,金華段,.00,都市：住,,,,00750043
RPWNMLOLRHGGFAD58CC,中正段,.00,都市：商,,,,10620000
RPWNMLOLRHGGFAD58CC,中正段,.00,都市：其他:道路用地,,,,10620001
RPPOMLOLRHGGFAD97CC,仁愛段,.00,都市：住,,,,07190000
RPUOMLOLRHGGFAD48CC,漁光段,.00,都市：商,,,,08660000
RPVOMLOLRHGGFAD58CC,自強段,.00,都市：商,,,,07140000
RPVOMLOLRHGGFAD58CC,自強段,.00,都市：商,,,,07150000
RPVOMLOLRHGGFAD58CC,自強段,.00,都市：商,,,,07160000
RPVOMLOLRHGGFAD58CC,自強段,.00,都市：商,,,,07170000
RPSPMLOLRHGGFAD38CC,北華段,.00,都市：商,,,,02830000
RPTPMLOLRHGGFAD48CC,大豐段,.00,都市：住,,,,00690000
RPUPMLOLRHGGFAD58CC,金華段,.00,都市：住,,,,00450001
RPVPMLOLRHGGFAD68CC,老古石段,.00,都市：住,,,,06960000
RPWPMLOLRHGGFAD78CC,公園段,.00,都市：住,,,,01360000
RPRNMLOLRHGGFKD09CC,永華段,.00,都市：住,,,,13730000
RPXPMLOLRHGGFAD88CC,新南段,.00,都市：住,,,,01260010
RPXPMLOLRHGGFAD88CC,新南段,.00,都市：住,,,,01260011
RPXNMLNLRHGGFKD96CC,永仁段,.00,都市：住,,,,01560000
RPVNMLOLRHGGFKD86CC,仁愛段,.00,都市：住,,,,04100000
RPRRMLMLRHGGFBD38CC,安西段,.00,都市：住,,,,18820000
RPRRMLMLRHGGFBD38CC,安西段,.00,都市：住,,,,18830000
RPPPMLOLRHGGFKD09CC,南工段,.00,都市：住,,,,01410000
RPQPMLOLRHGGFKD56CC,鹽中段,.00,都市：商,,,,00580000
RPWNMLOLRHGGFCD78CC,東光段,.00,都市：住,,,,05480009
RPXNMLOLRHGGFCD88CC,東寧段,.00,都市：住,,,,05680000
RPROMLOLRHGGFCD38CC,新東段,.00,都市：住,,,,12890000
RPRPMLQKRHGGFAD38CC,金華段,8.81,都市：住,,,,00850002
RPTOMLOLRHGGFCD58CC,東寧段,.00,都市：住,,,,05680000
RPUNMLRKRHGGFAD58CC,金華段,.00,都市：住,,,,01050001
RPUOMLOLRHGGFCD68CC,竹篙厝段,.00,都市：住,,,,20040000
RPXOMLOLRHGGFCD98CC,鹽埕段,.00,都市：住,,,,30990034
RPPPMLOLRHGGFCD28CC,仁和段,.00,都市：住,,,,03760000
RPQPMLOLRHGGFCD38CC,關帝段,.00,都市：住,,,,10060000
RPWPMLOLRHGGFCD98CC,裕南段,.00,都市：住,,,,09810000
RPWPMLOLRHGGFCD98CC,裕南段,.00,都市：住,,,,09820000
RPQQMLOLRHGGFCD48CC,新興段,.00,都市：住,,,,02280053
RPPQMLOLRHGGFCD38CC,鹽埕段,.00,都市：住,,,,01780037
RPSQMLOLRHGGFCD68CC,立德段,.00,都市：住,,,,08970000
RPRQMLOLRHGGFCD58CC,富農段,.00,都市：住,,,,00480000
RPRQMLOLRHGGFCD58CC,富農段,.00,都市：住,,,,00480001
RPVQMLOLRHGGFCD98CC,龍山段,.00,都市：其他:公園道用地,,,,11360001
RPWQMLOLRHGGFCD09CC,府東段,.00,都市：住,,,,04910000
RPVQMLOLRHGGFCD98CC,龍山段,.00,都市：其他:公園道用地,,,,11370001
RPVQMLOLRHGGFCD98CC,龍泉段,.00,都市：商,,,,13180000
RPVQMLOLRHGGFCD98CC,龍泉段,.00,都市：商,,,,13190000
RPWQMLOLRHGGFCD09CC,府東段,.00,都市：住,,,,04910001
RPVQMLOLRHGGFCD98CC,龍泉段,.00,都市：商,,,,13200000
RPVQMLOLRHGGFCD98CC,龍泉段,.00,都市：商,,,,13210000
RPVQMLOLRHGGFCD98CC,龍泉段,.00,都市：商,,,,13220000
RPSNMLOLRHGGFKD56CC,南新段,.00,都市：住,,,,00820000
RPSNMLOLRHGGFKD56CC,南新段,.00,都市：住,,,,03890000
RPSNMLOLRHGGFKD56CC,南新段,.00,都市：住,,,,03920000
RPSNMLOLRHGGFKD56CC,南新段,.00,都市：住,,,,03930000
RPSNMLOLRHGGFKD56CC,南新段,.00,都市：住,,,,03960000
RPXQMLOLRHGGFCD56CC,光明段,.00,都市：住,,,,04230011
RPORMLOLRHGGFCD38CC,公英段,.00,都市：住,,,,00080000
RPPNMLOLRHGGFAD97DC,公園段,.00,都市：商,,,,09390000
RPPNMLOLRHGGFAD97DC,公園段,.00,都市：商,,,,09390001
RPPNMLOLRHGGFAD97DC,公園段,.00,都市：其他:道路用地,,,,09390003
RPVNMLOLRHGGFBD58CC,神榕段,.00,都市：住,,,,12170000
RPRNMLOLRHGGFAD18DC,環河段,.00,都市：住,,,,21190000
RPSNMLPLRHGGFHD09DC,新音段,22.18,都市：商,,,,00910000
RPSNMLPLRHGGFHD09DC,新音段,35.85,都市：商,,,,00920000
RPSNMLPLRHGGFHD09DC,新音段,36.87,都市：商,,,,00930000
RPSNMLPLRHGGFHD09DC,新音段,26.50,都市：商,,,,00940000
RPRNMLPLRHGGFKD56CC,橋北段,16.20,都市：住,,,,00520000
RPWOMLRLRHGGFKD37CC,六合段,.00,都市：住,,,,08870000
RPWOMLRLRHGGFKD37CC,六合段,.00,都市：住,,,,08880000
RPXOMLMLRHGGFAD58CC,漁光段,.00,都市：商,,,,08660000
RPTPMLRLRHGGFKD17CC,南新段,.00,都市：住,,,,09510000
RPUPMLRLRHGGFKD27CC,橋北段,.00,都市：住,,,,00950000
RPVPMLRLRHGGFKD37CC,東南段,.00,都市：住,,,,07820000
RPOOMLRLRHGGFCD38CC,光明段,.00,都市：住,,,,06100028
RPPOMLRLRHGGFCD48CC,龍泉段,.00,都市：商,,,,12920000
RPPOMLRLRHGGFCD48CC,龍泉段,.00,都市：商,,,,12960000
RPSOMLRLRHGGFCD78CC,竹篙厝段,.00,都市：住,,,,32590000
RPVOMLRLRHGGFCD09CC,竹篙厝段,.00,都市：住,,,,29910023
RPTOMLRLRHGGFAD68CC,北安段,.00,都市：住,,,,00560101
RPSOMLRLRHGGFAD58CC,星鑽段,.00,都市：商,,,,18530000
RPVOMLRLRHGGFAD88CC,金華段,.00,都市：商,,,,00640037
RPORMLRLRHGGFAD48CC,府前段,.00,都市：商,,,,13160000
RPRRMLRLRHGGFAD78CC,漁光段,.00,都市：商,,,,08690000
RPORMLRLRHGGFAD48CC,府前段,.00,都市：商,,,,13170000
RPVRMLRLRHGGFAD56CC,北安段,.00,都市：其他:市場用地,,,,02240000
RPOOMLOLRHGGFCD08CC,竹篙厝段,114.00,都市：商,,,,35110004
RPOOMLOLRHGGFCD08CC,竹篙厝段,114.00,都市：商,,,,35110005
RPROMLRLRHGGFBD58CC,新淵段,.00,都市：住,,,,00830030
RPVNMLRLRHGGFDD09CC,新電段,.00,都市：商,,,,00060000
RPTNMLSLRHGGFID86CC,二空段,.00,都市：住,,,,09240000
RPVNMLSLRHGGFID07CC,德崙段,23.46,都市：住,,,,02440000
RPOOMLSLRHGGFGD98DC,佳化段,815.00,非都市：特定農業區 ; 非都市編定：丁種建築用地,,,,20300000
RPRNMLSLRHGGFAD48CC,實踐段,.00,都市：住,,,,01400000
RPSNMLSLRHGGFAD58CC,漁光段,.00,都市：商,,,,08910002
RPROMLSLRHGGFAD58CC,實踐段,.00,都市：住,,,,04540000
RPTNMLSLRHGGFAD68CC,金華段,.00,都市：住,,,,00850004
RPTNMLSLRHGGFCD88CC,鹽埕段,.00,都市：住,,,,31080039
RPVNMLSLRHGGFCD09CC,虎尾段,.00,都市：住,,,,19280000
RPVNMLSLRHGGFCD09CC,虎尾段,.00,都市：住,,,,19290000
RPTOMLTLRHGGFKD27CC,成功段,.00,都市：住,,,,07110000
RPWNMLSLRHGGFKD37CC,頂安段,.00,都市：住,,,,01550000
RPOQMLTLRHGGFCD78CC,公英段,.00,都市：住,,,,00080000
RPWOMLTLRHGGFCD76CC,裕南段,.00,都市：住,,,,08410000
RPPQMLTLRHGGFCD88CC,大恩段,.00,都市：住,,,,03180000
RPXNMLTLRHGGFAD56CC,老古石段,.00,都市：商,,,,02000000
RPVOMLTLRHGGFAD09CC,南門段,.00,都市：住,,,,20940000
RPROMLTLRHGGFID86CC,崑崙段,495.86,非都市：一般農業區 ; 非都市編定：農牧用地,,,,09110000
RPVNMLTLRHGGFBD09CC,新順段,178.81,都市：住,,,,12030000
RPQOMLTLRHGGFBD68CC,海佃段,.00,都市：住,,,,02890000
RPOOMLTLRHGGFBD48CC,十字段,114.56,都市：住,,,,06320004
RPOOMLTLRHGGFBD48CC,十字段,114.56,都市：住,,,,06320005
RPRNMLPLRHGGFHD88CC,善駕段,69.61,都市：其他:,,,,07440000
RPQNMLPLRHGGFHD78CC,華興段,77.86,都市：其他:,,,,07320000
RPQPMLRLRHGGFKD86CC,永興段,.00,都市：住,,,,00130000
RPWNMLKMRHGGFBD38CC,國聖段,124.08,都市：工,,,,00430001
RPWNMLKMRHGGFBD38CC,國聖段,1480.11,都市：工,,,,00810000
RPWNMLKMRHGGFBD38CC,國聖段,4561.14,都市：工,,,,00820000
RPWNMLKMRHGGFBD38CC,國聖段,101.21,都市：工,,,,00830000
RPWNMLKMRHGGFBD38CC,國聖段,266.65,都市：工,,,,01290000
RPWNMLKMRHGGFBD38CC,國聖段,651.02,都市：工,,,,01650000
RPWNMLKMRHGGFBD38CC,國聖段,905.03,都市：工,,,,01660000
RPPOMLKMRHGGFBD77CC,海北段,132.23,都市：住,,,,03500000
RPSNMLKMRHGGFAD87CC,五條港段,13.83,都市：商,,,,08970000
RPUNMLKMRHGGFAD08CC,漁光段,.00,都市：商,,,,08910002
RPSOMLKMRHGGFAD97CC,金華段,95.00,都市：住,,,,00500000
RPSOMLKMRHGGFAD97CC,金華段,104.00,都市：住,,,,00500001
RPSOMLKMRHGGFAD97CC,金華段,205.00,都市：住,,,,00500002
RPSOMLKMRHGGFAD97CC,金華段,105.00,都市：住,,,,00500003
RPSOMLKMRHGGFAD97CC,金華段,105.00,都市：住,,,,00500004
RPWNMLLJIIGGFKD28CC,橋北段,.00,都市：住,,,,00130000
RPUQMLKMRHGGFKD76CC,大灣段,.00,都市：住,,,,48430011
RPXPMLLJIIGGFKD58CC,橋北段,24.20,都市：商,,,,00540001
RPVQMLLJIIGGFKD48CC,鹽北段,1830.83,都市：工,,,,11060000
RPTNMLLJIIGGFAD96CC,立人段,.00,都市：住,,,,00650003
RPROMLLJIIGGFAD86CC,自強段,.00,都市：商,,,,03250000
RPWNMLLJIIGGFAD27CC,立人段,.00,都市：住,,,,00650003
RPTOMLLJIIGGFAD07CC,金城段,.00,都市：商,,,,00200019
RPPPMLLJIIGGFBD86CC,南興段,.00,都市：其他:市場用地,,,,02590000
RPVPMLLJIIGGFBD47CC,長和段,.00,都市：住,,,,03780021
RPUOMLLJIIGGFHD87CC,南港段,107.90,都市：其他:,,,,02850000
RPXNMLLJIIGGFID18CC,太乙段,664.96,都市：工,,,,01490000
RPTPMLOJIIGGFID28CC,歸仁北段,.00,都市：住,,,,06530017
RPXNMLOJIIGGFAD67CC,小北段,103.74,都市：住,,,,16330000
RPOPMLOJIIGGFAD96CC,立人段,.00,都市：住,,,,00650004
RPOPMLOJIIGGFAD96CC,立人段,.00,都市：商,,,,01040000
RPQPMLOJIIGGFAD17CC,南門段,.00,都市：住,,,,22020000
RPSNMLOJIIGGFKD18CC,大灣段,250.00,都市：住,,,,47980000
RPSOMLOJIIGGFKD28CC,永和段,.00,都市：商,,,,06760000
RPRPMLOJIIGGFKD28CC,三村段,.00,都市：住,,,,05960000
RPQPMLOJIIGGFKD18CC,三村段,.00,都市：住,,,,05960000
RPSPMLOJIIGGFKD38CC,三村段,.00,都市：住,,,,05960000
RPTOMLOJIIGGFCD57CC,裕東段,.00,都市：住,,,,06570013
RPTOMLOJIIGGFCD57CC,裕東段,.00,都市：住,,,,06570000
RPTOMLOJIIGGFCD57CC,裕東段,.00,都市：住,,,,06570027
RPPQMLOJIIGGFCD37CC,東光段,.00,都市：商,,,,00510008
RPRQMLOJIIGGFCD57CC,富農段,.00,都市：住,,,,00480000
RPRQMLOJIIGGFCD57CC,富農段,.00,都市：住,,,,00480001
RPROMLPJIIGGFCD47CC,華南段,.00,都市：住,,,,08610017
RPUQMLPJIIGGFKD78CC,兵南段,.00,都市：住,,,,05970000
RPOPMLPJIIGGFCD27CC,新興段,.00,都市：住,,,,02130012
RPQNMLPJIIGGFAD07CC,新臨安段,100.10,都市：住,,,,25090000
RPWQMLPJIIGGFKD98CC,仁愛段,.00,都市：住,,,,05210000
RPWQMLPJIIGGFKD98CC,仁愛段,.00,都市：住,,,,05240000
RPWQMLPJIIGGFKD98CC,仁愛段,.00,都市：住,,,,05260000
RPWQMLPJIIGGFKD98CC,仁愛段,.00,都市：住,,,,05270000
RPPQMLPJIIGGFAD37DC,三民段,73.93,都市：商,,,,04040000
RPQOMLQJIIGGFKD38DC,兵南段,9.04,都市：住,,,,05450000
RPWNMLQJIIGGFBD87CC,溪東段,.00,都市：住,,,,10840000
RPOPMLPJIIGGFDD37CC,歡雅段,.00,非都市：鄉村區 ; 非都市編定：乙種建築用地,,,,02310000
RPVOMLPJIIGGFAD67CC,星鑽段,.00,都市：住,,,,12420000
RPVOMLPJIIGGFAD67CC,星鑽段,.00,都市：其他:計畫道路用地,,,,12420001
RPVOMLPJIIGGFAD67CC,星鑽段,.00,都市：其他:計畫道路用地,,,,12420002
RPVOMLPJIIGGFAD67CC,星鑽段,.00,都市：住,,,,12430000
RPVOMLPJIIGGFAD67CC,星鑽段,.00,都市：住,,,,12450000
RPVOMLPJIIGGFAD67CC,星鑽段,.00,都市：其他:計畫道路用地,,,,12450001
RPTNMLLJIIGGFHD67CC,七王段,.00,都市：工,,,,01770000
RPOQMLLJIIGGFKD87DC,永二段,26.44,都市：住,,,,03580000
RPQOMLLJIIGGFHD47CC,看西段,.00,都市：農,,,,03750024
RPRSMLRLRHGGFAD88CC,大港段,.00,都市：住,,,,01980000
RPPOMLQJIIGGFKD28DC,成功段,23.89,都市：住,,,,05350000
RPWNMLQJIIGGFCD97CC,東光段,151.50,都市：商,,,,08090000
RPQOMLQJIIGGFCD47CC,鹽埕段,.00,都市：工,,,,30350001
RPWNMLQJIIGGFCD97CC,東光段,9.00,都市：商,,,,08090001
RPWNMLQJIIGGFCD97CC,東光段,42.50,都市：商,,,,08090002
RPWNMLRJIIGGFCD08CC,仁和段,.00,都市：住,,,,04740043
RPUPMLQJIIGGFAD77CC,南門段,.00,都市：住,,,,14760000
RPXNMLRJIIGGFCD18CC,裕東段,.00,都市：住,,,,06650000
RPVNMLQJIIGGFCD87CC,東光段,154.40,都市：商,,,,08080000
RPXNMLQJIIGGFCD08CC,仁和段,.00,都市：住,,,,00900000
RPVNMLQJIIGGFCD87CC,東光段,9.00,都市：商,,,,08080001
RPVNMLQJIIGGFCD87CC,東光段,41.60,都市：商,,,,08080002
RPPOMLRJIIGGFCD47CC,新興段,.00,都市：住,,,,02040012
RPTOMLRJIIGGFCD87CC,水交社段,.00,都市：住,,,,00070000
RPTOMLRJIIGGFCD87CC,水交社段,.00,都市：住,,,,00090000
RPTOMLRJIIGGFCD87CC,水交社段,.00,都市：住,,,,00110000
RPTPMLRJIIGGFCD97CC,東寧段,.00,都市：住,,,,07390000
RPOQMLRJIIGGFCD57CC,裕南段,.00,都市：住,,,,09810000
RPOQMLRJIIGGFCD57CC,裕南段,.00,都市：住,,,,09820000
RPRPMLRJIIGGFCD77CC,德高段,28.00,都市：住,,,,14420002
RPRPMLRJIIGGFCD77CC,德高段,31.00,都市：住,,,,14500017
RPRPMLRJIIGGFCD77CC,德高段,16.00,都市：住,,,,14650007
RPTNMLRJIIGGFKD58CC,成功段,.00,都市：住,,,,01860000
RPSOMLRJIIGGFKD58CC,鹽新段,.00,都市：住,,,,11320000
RPROMLRJIIGGFKD48CC,蜈蜞潭段,.00,都市：住,,,,22400008
RPSNMLRJIIGGFAD47CC,公園段,.00,都市：商,,,,01360000
RPUQMLRJIIGGFAD97CC,立人段,.00,都市：住,,,,00530000
RPORMLRJIIGGFAD47CC,廣慈段,.00,都市：商,,,,01540000
RPPRMLRJIIGGFAD57CC,五條港段,.00,都市：商,,,,17700000
RPORMLRJIIGGFAD47CC,廣慈段,.00,都市：商,,,,01550000
RPORMLRJIIGGFAD47CC,廣慈段,.00,都市：商,,,,01560000
RPVNMLRJIIGGFBD87CC,和館段,.00,都市：住,,,,00340003
RPROMLRJIIGGFHD18CC,番子寮段,103.00,非都市：鄉村區 ; 非都市編定：乙種建築用地,,,,06300011
RPTPMLRJIIGGFHD48CC,南社內段,.00,非都市：鄉村區 ; 非都市編定：乙種建築用地,,,,05290000
RPSPMLRJIIGGFHD38CC,新豐段,.00,都市：住,,,,07370000
RPTNMLRJIIGGFGD18CC,仁得段,.00,都市：住,,,,11250000
RPWNMLRJIIGGFID68CC,白崙段,.00,都市：住,,,,00720000
RPPQMLSJIIGGFHD28CC,德興段,.00,非都市：鄉村區 ; 非都市編定：乙種建築用地,,,,00060008
RPTNMLSJIIGGFKD68CC,兵南段,.00,都市：住,,,,05840000
RPOOMLSJIIGGFAD27CC,正興段,.00,都市：商,,,,10890002
RPOOMLSJIIGGFAD27CC,正興段,.00,都市：商,,,,12070000
RPROMLSJIIGGFKD58CC,大灣段,396.69,都市：農,,,,39560000
RPPNMLSJIIGGFKD28CC,王行段,4350.36,都市：工,,,,01980000
RPUNMLSJIIGGFCD97CC,光明段,.00,都市：住,,,,60000000
RPXOMLQJIIGGFCD18CC,東光段,.00,都市：住,,,,05410012
RPSNMLMKIIGGFCD27CC,竹篙厝段,97.00,都市：住,,,,31190009
RPVNMLMKIIGGFCD57CC,龍泉段,.00,都市：商,,,,06590000
RPVNMLMKIIGGFCD57CC,龍泉段,.00,都市：其他:道路用地,,,,06590001
RPVNMLMKIIGGFCD57CC,龍泉段,.00,都市：住,,,,06620000
RPVNMLMKIIGGFCD57CC,龍泉段,.00,都市：住,,,,06620001
RPUNMLMKIIGGFCD47CC,大林段,.00,都市：住,,,,03860000
RPOOMLMKIIGGFCD96CC,新興段,.00,都市：住,,,,02320058
RPSOMLMKIIGGFCD37CC,大山段,.00,都市：住,,,,00940000
RPRNMLMKIIGGFKD97CC,南工段,.00,都市：住,,,,10660000
RPSNMLMKIIGGFKD08CC,鹽中段,330.58,都市：工,,,,15030000
RPPOMLMKIIGGFAD86CC,漁光段,.00,都市：商,,,,08660000
RPWOMLMKIIGGFAD57CC,正興段,36.62,都市：住,,,,07050016
RPSOMLMKIIGGFAD17CC,金華段,.00,都市：商,,,,00010003
RPVPMLMKIIGGFAD57CC,環河段,.00,都市：住,,,,22590000
RPTPMLMKIIGGFAD37CC,開元段,.00,都市：商,,,,05880000
RPVNMLMKIIGGFID18CC,歸仁北段,45.50,都市：住,,,,16430001
RPVNMLMKIIGGFID18CC,歸仁北段,45.75,都市：住,,,,16430021
RPUOMLNKIIGGFID28CC,崙中段,.00,都市：住,,,,00550013
RPROMLNKIIGGFGD77CC,興化段,107.00,非都市：鄉村區 ; 非都市編定：乙種建築用地,,,,08240006
RPUNMLNKIIGGFDD67CC,新營段,.00,都市：住,,,,08410009
RPQNMLNKIIGGFBD07CC,國安段,97.96,都市：住,,,,04400000
RPPOMLNKIIGGFBD07CC,新淵段,.00,都市：住,,,,00180001
RPRNMLNKIIGGFBD17CC,國安段,94.13,都市：住,,,,17270014
RPRNMLNKIIGGFBD17CC,國安段,13.12,都市：住,,,,17270000
RPUOMLNKIIGGFBD57CC,和館段,99.55,都市：住,,,,00240464
RPPNMLNKIIGGFED27CC,竹圍後段,115.00,非都市：鄉村區 ; 非都市編定：乙種建築用地,,,,18130013
RPQOMLSJIIGGFAD47CC,新南段,78.75,都市：住,,,,02690169
RPPOMLNKIIGGFAD96CC,星鑽段,.00,都市：商,,,,17870000
RPTOMLNKIIGGFAD37CC,北安段,13.75,都市：商,,,,00500094
RPWOMLSJIIGGFAD08CC,正興段,72.00,都市：住,,,,04430008
RPSNMLNKIIGGFAD17CC,北元段,.00,都市：住,,,,04330000
RPVOMLNKIIGGFAD57CC,金華段,29.00,都市：住,,,,01400014
RPXOMLNKIIGGFAD77CC,金華段,.00,都市：住,,,,00110064
RPQNMLNKIIGGFKD97CC,鹽東段,.00,都市：住,,,,09220000
RPUOMLNKIIGGFCD67CC,仁和段,.00,都市：住,,,,12550042
RPWNMLNKIIGGFCD77CC,光明段,.00,都市：住,,,,60260000
RPOPMLNKIIGGFCD17CC,龍泉段,.00,都市：商,,,,01820000
RPWOMLNKIIGGFCD87CC,精忠段,.00,都市：住,,,,11470000
RPPPMLNKIIGGFCD27CC,裕南段,.00,都市：住,,,,09650000
RPTNMLOKIIGGFCD57CC,裕東段,66.12,都市：住,,,,02580001
RPTNMLOKIIGGFCD57CC,裕東段,66.12,都市：住,,,,02580002
RPROMLOKIIGGFCD47CC,新東段,.00,都市：住,,,,00310000
RPROMLOKIIGGFCD47CC,新東段,.00,都市：住,,,,00310001
RPSOMLOKIIGGFCD57CC,大恩段,.00,都市：住,,,,01460000
RPOOMLOKIIGGFKD97CC,四維段,.00,都市：住,,,,03100000
RPPNMLOKIIGGFDD27CC,周武段,23.64,都市：住,,,,00470000
RPSOMLOKIIGGFID18CC,崁腳南段,.00,都市：農,,,,07280000
RPXNMLOKIIGGFID58CC,埤子頭段,363.00,非都市：一般農業區 ; 非都市編定：農牧用地,,,,09970010
RPXNMLOKIIGGFID58CC,埤子頭段,1016.00,非都市：一般農業區 ; 非都市編定：農牧用地,,,,10180003
RPXNMLOKIIGGFID58CC,埤子頭段,294.00,非都市：一般農業區 ; 非都市編定：農牧用地,,,,10180004
RPXNMLOKIIGGFID58CC,埤子頭段,852.00,非都市：一般農業區 ; 非都市編定：農牧用地,,,,10190000
RPXNMLOKIIGGFID58CC,埤子頭段,102.00,非都市：一般農業區 ; 非都市編定：農牧用地,,,,10180005
RPXNMLOKIIGGFID58CC,埤子頭段,184.00,非都市：一般農業區 ; 非都市編定：交通用地,,,,10190005
RPRNMLPKIIGGFBD37CC,中洲段,146.62,都市：住,,,,08680000
RPOOMLPKIIGGFHD77CC,善中段,27.07,都市：住,,,,14630000
RPOOMLPKIIGGFKD08CC,兵南段,.00,都市：住,,,,05830000
RPXQMLRJIIGGFAD28CC,檨仔林段,.00,都市：商,,,,03520000
RPXQMLRJIIGGFAD28CC,檨仔林段,.00,都市：商,,,,03530000
RPPOMLPKIIGGFKD18CC,東邊寮段,46.51,都市：其他:縱貫鐵路用地,,,,12380000
RPPOMLPKIIGGFKD18CC,東邊寮段,46.67,都市：其他:縱貫鐵路用地,,,,12390000
RPSOMLPKIIGGFKD48CC,大灣段,406.00,都市：住,,,,46690004
RPSOMLPKIIGGFKD48CC,大灣段,460.00,都市：住,,,,46690005
RPTOMLPKIIGGFKD58CC,兵北段,.00,都市：住,,,,01220000
RPROMLPKIIGGFCD57CC,裕南段,.00,都市：住,,,,14080000
RPTOMLPKIIGGFCD77CC,新興段,.00,都市：住,,,,02320024
RPUOMLPKIIGGFCD87CC,鹽埕段,.00,都市：住,,,,01390004
RPQNMLPKIIGGFAD17CC,華興段,4.00,都市：住,,,,00210019
RPQNMLPKIIGGFAD17CC,華興段,65.00,都市：住,,,,00400000
RPQNMLPKIIGGFAD17CC,華興段,6.00,都市：住,,,,00400001
RPQNMLPKIIGGFAD17CC,華興段,13.00,都市：其他:道路用地,,,,00400002
RPWNMLPKIIGGFAD77CC,檨仔林段,.00,都市：商,,,,03520000
RPWNMLPKIIGGFAD77CC,檨仔林段,.00,都市：商,,,,03530000
RPQNMLQKIIGGFHD97CC,港子尾段,.00,非都市：特定農業區 ; 非都市編定：農牧用地,,,,16170000
RPQNMLQKIIGGFHD97CC,港子尾段,.00,非都市：特定農業區 ; 非都市編定：農牧用地,,,,16170000
RPTPMLSKIIGGFID78CC,新工段,548.76,都市：工,,,,03500000
RPUPMLSKIIGGFID88CC,新工段,462.80,都市：工,,,,03510000
RPOPMLSKIIGGFBD67DC,草湖段,40.83,都市：住,,,,07080000
RPOOMLSKIIGGFKD48DC,頂中段,110.90,都市：住,,,,06890000
RPPNMLSKIIGGFAD37CC,新南段,31.85,都市：住,,,,00960001
RPTNMLSKIIGGFAD77CC,環河段,.00,都市：住,,,,01000000
RPTNMLSKIIGGFAD77CC,環河段,.00,都市：住,,,,01010000
RPXNMLSKIIGGFAD18CC,漁光段,.00,都市：商,,,,08910002
RPROMLSKIIGGFAD67CC,新南段,.00,都市：住,,,,01070030
RPVNMLSKIIGGFCD18CC,育樂段,.00,都市：住,,,,13770000
RPOOMLSKIIGGFCD57CC,鹽埕段,.00,都市：住,,,,00030591
RPQOMLSKIIGGFCD77CC,公英段,.00,都市：住,,,,07550000
RPPPMLSKIIGGFCD77CC,新興段,118.00,都市：住,,,,02040009
RPOOMLTKIIGGFCD67CC,日新段,.00,都市：住,,,,09060000
RPPPMLSKIIGGFCD77CC,新興段,118.00,都市：住,,,,02040008
RPOOMLTKIIGGFCD67CC,日新段,.00,都市：住,,,,09070000
RPQOMLTKIIGGFCD87CC,富農段,.00,都市：住,,,,00480000
RPQOMLTKIIGGFCD87CC,富農段,.00,都市：住,,,,00480001
RPRPMLNKIIGGFAD27CC,漁光段,.00,都市：商,,,,08910002
RPQNMLTKIIGGFKD58CC,東橋段,425.72,都市：工,,,,01540000
RPUNMLTKIIGGFKD98CC,六甲頂段,.00,都市：住,,,,08770000
RPWOMLTKIIGGFKD66CC,六合段,.00,都市：住,,,,00610000
RPWOMLTKIIGGFKD66CC,六合段,.00,都市：住,,,,00620000
RPROMLTKIIGGFAD77CC,星鑽段,.00,都市：住,,,,11020000
RPROMLTKIIGGFAD77CC,星鑽段,.00,都市：住,,,,11030000
RPROMLTKIIGGFAD77CC,星鑽段,.00,都市：住,,,,11070000
RPROMLTKIIGGFAD77CC,星鑽段,.00,都市：住,,,,11080000
RPROMLTKIIGGFAD77CC,星鑽段,.00,都市：住,,,,11100000
RPPOMLTKIIGGFAD57CC,公園段,.00,都市：商,,,,02020000
RPWNMLTKIIGGFCD58EC,東寧段,.00,都市：住,,,,05680000
RPSOMLTKIIGGFAD87CC,北元段,.00,都市：住,,,,01640000
RPUPMLTKIIGGFAD18CC,立人段,.00,都市：商,,,,03400000
RPRNMLTKIIGGFBD77CC,國安段,.00,都市：住,,,,16120000
RPTOMLTKIIGGFBD08CC,海佃段,.00,都市：住,,,,12740000
RPRNMLKLIIGGFBD96CC,和館段,.00,都市：住,,,,00340030
RPTPMLKLIIGGFHD97CC,善中段,.00,都市：住,,,,14540015
RPWNMLKLIIGGFBD47CC,海中段,.00,都市：住,,,,01450000
RPTNMLKLIIGGFID87CC,歸仁北段,144.00,都市：住,,,,05250000
RPXNMLKLIIGGFID28CC,太乙段,1945.76,都市：工,,,,02860001
RPSOMLKLIIGGFAD07CC,公園段,.00,都市：商,,,,02880000
RPTOMLKLIIGGFAD17CC,保安段,.00,都市：住,,,,16700000
RPUOMLKLIIGGFAD27CC,上鯤鯓段,.00,都市：住,,,,04670001
RPWNMLKLIIGGFCD57CC,新東段,.00,都市：住,,,,17450000
RPXNMLKLIIGGFCD67CC,光明段,.00,都市：住,,,,04130002
RPXNMLKLIIGGFCD67CC,光明段,.00,都市：住,,,,04140000
RPXNMLPKIIGGFAD87CC,南門段,.00,都市：商,,,,10310000
RPQOMLKLIIGGFKD87CC,大灣段,.00,都市：商,,,,60110000
RPOPMLKLIIGGFCD96CC,府連段,.00,都市：住,,,,08630000
RPOPMLKLIIGGFCD96CC,府連段,.00,都市：商,,,,08640000
RPROMLPKIIGGFAD37CC,金華段,.00,都市：住,,,,00870000
RPPNMLLLIIGGFCD96CC,公英段,.00,都市：住,,,,03390000
RPQNMLLLIIGGFCD07CC,裕南段,.00,都市：住,,,,14680000
RPVNMLLLIIGGFCD57CC,竹篙厝段,.00,都市：商,,,,37240000
RPWNMLLLIIGGFCD67CC,德高段,.00,都市：住,,,,13210088
RPXNMLLLIIGGFCD77CC,光明段,.00,都市：住,,,,02760000
RPQOMLLLIIGGFCD17CC,竹篙厝段,.00,都市：住,,,,35180021
RPUNMLLLIIGGFKD28CC,頂中段,.00,都市：住,,,,04630000
RPTPMLLLIIGGFKD38CC,大灣段,.00,都市：住,,,,70340000
RPPNMLLLIIGGFAD76CC,郡王祠段,.00,都市：商,,,,03780000
RPPNMLLLIIGGFAD76CC,郡王祠段,.00,都市：商,,,,03790000
RPVNMLLLIIGGFAD37CC,檨仔林段,.00,都市：商,,,,03520000
RPVNMLLLIIGGFAD37CC,檨仔林段,.00,都市：商,,,,03530000
RPXNMLLLIIGGFAD57CC,立人段,.00,都市：住,,,,00650003
RPQOMLLLIIGGFAD96CC,新南段,.00,都市：商,,,,00380033
RPTOMLLLIIGGFAD27CC,金華段,.00,都市：商,,,,00010003
RPROMLLLIIGGFAD07CC,開元段,.00,都市：商,,,,05970000
RPVNMLLLIIGGFHD08CC,唪口段,.00,非都市：鄉村區 ; 非都市編定：乙種建築用地,,,,19360001
RPWPMLLLIIGGFBD77CC,溪東段,90.91,都市：住,,,,13440051
RPPQMLLLIIGGFBD17CC,新順段,5.00,都市：商,,,,01780000
RPPQMLLLIIGGFBD17CC,新順段,82.00,都市：商,,,,01790000
RPSNMLMLIIGGFID97CC,八甲段,595.04,非都市：特定農業區 ; 非都市編定：農牧用地,,,,39890000
RPPPMLMLIIGGFAD07CC,星鑽段,.00,都市：商,,,,19290000
RPSNMLMLIIGGFCD37CC,竹篙厝段,.00,都市：住,,,,42400007
RPQOMLKLIIGGFAD86CC,新南段,97.39,都市：住,,,,05970000
RPPNMLOLIIGGFKD08CC,南新段,18.00,都市：住,,,,09740000
RPPNMLOLIIGGFKD08CC,南新段,9.67,都市：住,,,,09730000
RPRNMLNLIIGGFAD17CC,立人段,12.68,都市：住,,,,00650003
RPSNMLPLIIGGFID28CC,二仁段,.00,都市：住,,,,02220000
RPTNMLPLIIGGFID38CC,二仁段,.00,都市：住,,,,02220000
RPVOMLPLIIGGFHD58CC,善文段,16.78,都市：住,,,,09980000
RPVOMLPLIIGGFHD58CC,善文段,.16,都市：住,,,,09990000
RPXOMLQLIIGGFID98CC,二空段,.00,都市：住,,,,08170000
RPVNMLQLIIGGFCD18DC,仁和段,.00,,,,,12920000
RPSOMLQLIIGGFKD68CC,大灣段,.00,都市：住,,,,61210000
RPSOMLQLIIGGFKD68CC,大灣段,.00,都市：住,,,,61220000
RPSOMLQLIIGGFKD68CC,大灣段,.00,都市：住,,,,61240000
RPQOMLQLIIGGFCD67CC,鹽埕段,.00,都市：住,,,,31080048
RPTOMLQLIIGGFKD78CC,大灣段,.00,都市：住,,,,61210000
RPTOMLQLIIGGFKD78CC,大灣段,.00,都市：住,,,,61220000
RPTOMLQLIIGGFKD78CC,大灣段,.00,都市：住,,,,61240000
RPSOMLQLIIGGFCD87CC,竹篙厝段,.00,都市：住,,,,24290000
RPUOMLQLIIGGFCD08CC,東寧段,.00,都市：住,,,,04800000
RPWOMLQLIIGGFCD28CC,龍泉段,.00,都市：住,,,,14260000
RPXOMLQLIIGGFCD38CC,竹篙厝段,.00,都市：商,,,,19060000
RPRNMLQLIIGGFAD47CC,武聖段,.00,都市：住,,,,09760000
RPXNMLQLIIGGFAD08CC,富台段,.00,都市：住,,,,06000011
RPROMLQLIIGGFAD57CC,金華段,.00,都市：住,,,,00870000
RPTOMLQLIIGGFAD77CC,星鑽段,69.01,都市：商,,,,20150000
RPUOMLQLIIGGFAD87CC,開元段,.00,都市：商,,,,06250000
RPXOMLQLIIGGFAD18CC,新南段,.00,都市：住,,,,00690002
RPTNMLLLIIGGFKD18CC,六合段,.00,都市：住,,,,00610000
RPQPMLQLIIGGFAD57CC,立人段,.00,都市：商,,,,03400000
RPTNMLLLIIGGFKD18CC,六合段,.00,都市：住,,,,00620000
RPTOMLMLIIGGFBD47CC,海東段,.00,都市：住,,,,09890000
RPVNMLRLIIGGFAD97CC,新南段,.00,都市：商,,,,00780006
RPQOMLRLIIGGFAD57CC,中山段,.00,都市：商,,,,04710000
RPQOMLRLIIGGFAD57CC,中山段,.00,都市：商,,,,04720000
RPSPMLRLIIGGFAD87CC,金華段,.00,都市：住,,,,00840003
RPPQMLRLIIGGFAD67CC,星鑽段,.00,都市：商,,,,18530000
RPVOMLRLIIGGFCD28CC,育樂段,.00,都市：住,,,,04720000
RPRQMLRLIIGGFAD87CC,自強段,.00,都市：商,,,,10220000
RPSQMLRLIIGGFAD97CC,郡王祠段,.00,都市：住,,,,18410000
RPWNMLRLIIGGFKD09CC,崑山段,29.33,都市：工,,,,05050000
RPXOMLRLIIGGFCD58DC,水交社段,.00,都市：商,,,,00230000
RPVNMLRLIIGGFDD28CC,仁愛段,282.52,都市：工,,,,05120004
RPOOMLRLIIGGFHD08CC,善中段,.00,,,,,00610000
RPVNMLSLIIGGFBD18CC,福國段,.00,都市：住,,,,04670001
RPQNMLRLIIGGFBD57CC,國安段,11.63,都市：住,,,,15600000
RPVNMLSLIIGGFHD78CC,唪口段,.00,非都市：特定農業區 ; 非都市編定：甲種建築用地,,,,15160062
RPQOMLSLIIGGFBD77CC,海中段,174.12,都市：商,,,,00400000
RPQOMLSLIIGGFBD77CC,海中段,16.85,都市：商,,,,00420000
RPTOMLSLIIGGFBD08CC,公塭段,.00,都市：住,,,,03610003
RPTNMLSLIIGGFID68CC,白崙段,.00,都市：商,,,,00720000
RPVNMLTKIIGGFKD09CC,蜈蜞潭段,.00,都市：住,,,,12200020
RPQNMLSLIIGGFDD87CC,新北段,.00,都市：住,,,,06920000
RPXNMLSLIIGGFKD66CC,六甲頂段,.00,都市：住,,,,04090000
RPWNMLSLIIGGFID98CC,正義段,.00,都市：住,,,,13160000
RPPOMLSLIIGGFKD58CC,兵南段,.00,都市：住,,,,05840000
RPXNMLSLIIGGFID09CC,牛稠段,.00,都市：住,,,,01010000
RPSOMLSLIIGGFKD88CC,永信段,.00,都市：住,,,,09290000
RPTOMLSLIIGGFKD98CC,鹽新段,.00,都市：住,,,,03930000
RPUPMLSLIIGGFKD56CC,橋北段,.00,都市：住,,,,00130000
RPTNMLSLIIGGFCD08CC,富強段,.00,都市：住,,,,16010000
RPPNMLSLIIGGFCD67CC,竹篙厝段,.00,都市：住,,,,28690000
RPQNMLSLIIGGFCD77CC,竹篙厝段,.00,都市：住,,,,21040000
RPQNMLSLIIGGFAD57CC,金華段,27.39,都市：住,,,,00670000
RPSNMLSLIIGGFAD77CC,金城段,21.81,都市：住,,,,00640011
RPRNMLSLIIGGFCD87CC,水交社段,.00,都市：商,,,,00230000
RPROMLSLIIGGFCD97CC,自由段,21.31,都市：住,,,,00580000
RPROMLSLIIGGFAD77CC,環河段,.05,都市：住,,,,00550000
RPRPMLTLIIGGFAD97CC,玉宇段,.00,都市：住,,,,04950000
RPROMLSLIIGGFAD77CC,環河段,5.85,都市：住,,,,00530000
RPROMLSLIIGGFAD77CC,環河段,.26,都市：住,,,,00540000
RPVOMLTLIIGGFKD66CC,六甲頂段,.00,都市：住,,,,11290000
RPWOMLSLIIGGFAD28CC,漁光段,.00,都市：商,,,,08910002
RPOPMLTLIIGGFAD67CC,北華段,.00,都市：住,,,,05520000
RPXOMLSLIIGGFAD38CC,華興段,.00,都市：住,,,,05530011
RPRNMLTLIIGGFED18CC,永安段,87.00,都市：住,,,,11020003
RPUNMLKMIIGGFCD47CC,光明段,.00,都市：住,,,,06380000
RPOOMLLJJIGGFCD86CC,育樂段,.00,都市：住,,,,03030000
RPPPMLLJJIGGFAD86CC,公園段,.00,都市：商,,,,01360000
RPWOMLLJJIGGFCD67CC,龍泉段,.00,都市：商,,,,06590000
RPWOMLLJJIGGFCD67CC,龍泉段,.00,都市：商,,,,06590001
RPWOMLLJJIGGFCD67CC,龍泉段,.00,都市：商,,,,06620000
RPWOMLLJJIGGFCD67CC,龍泉段,.00,都市：商,,,,06620001
RPQQMLLJJIGGFAD07CC,公園段,.00,都市：商,,,,01360000
RPRPMLLJJIGGFAD07CC,大豐段,.66,都市：住,,,,00680000
RPRPMLLJJIGGFAD07CC,大豐段,.14,都市：其他:道路用地,,,,00680001
RPRPMLLJJIGGFAD07CC,大豐段,32.74,都市：住,,,,00690000
RPTPMLLJJIGGFAD27CC,公園段,.00,都市：商,,,,01360000
RPTRMLLJJIGGFAD47CC,金華段,9.52,都市：住,,,,01040004
RPXNMLLJJIGGFKD58DC,兵北段,16.16,都市：住,,,,07880000
RPVOMLLJJIGGFHD08CC,信義段,127.16,都市：其他:,,,,08240005
RPTNMLMJJIGGFID97CC,白崙段,.00,都市：商,,,,00720000
RPOOMLMJJIGGFHD47CC,港口段,3.95,非都市：鄉村區 ; 非都市編定：乙種建築用地,,,,30410001
RPOOMLMJJIGGFHD47CC,港口段,57.48,非都市：鄉村區 ; 非都市編定：乙種建築用地,,,,30410003
RPOOMLMJJIGGFHD47CC,港口段,57.48,非都市：鄉村區 ; 非都市編定：乙種建築用地,,,,30410005
RPOOMLMJJIGGFHD47CC,港口段,9.08,非都市：鄉村區 ; 非都市編定：乙種建築用地,,,,30420001
RPQOMLMJJIGGFID77CC,崑崙段,198.34,都市：農,,,,07430000
RPXOMLMJJIGGFID48CC,新工段,42.97,都市：工,,,,03510000
RPSPMLMJJIGGFAD27CC,金華段,.00,都市：住,,,,00590000
RPROMLMJJIGGFGD67CC,佳里段,.00,都市：住,,,,08950013
RPWOMLMJJIGGFAD57CC,武聖段,.00,都市：住,,,,25010011
RPUOMLMJJIGGFAD37CC,東豐段,.00,都市：其他:細部計畫道路用地,,,,03480001
RPUOMLMJJIGGFAD37CC,東豐段,.00,都市：住,,,,03480000
RPTNMLMJJIGGFCD37CC,光明段,71.00,都市：住,,,,06080037
RPQPMLMJJIGGFAD07CC,保安段,.00,都市：商,,,,15470000
RPQPMLMJJIGGFAD07CC,保安段,.00,都市：商,,,,15490000
RPRPMLMJJIGGFAD17CC,保安段,.00,都市：商,,,,15470000
RPRPMLMJJIGGFAD17CC,保安段,.00,都市：商,,,,15490000
RPUPMLMJJIGGFAD47CC,保安段,.00,都市：商,,,,15470000
RPUPMLMJJIGGFAD47CC,保安段,.00,都市：商,,,,15490000
RPQOMLMJJIGGFCD17CC,府東段,.00,都市：住,,,,07450000
RPSNMLMJJIGGFKD08CC,鹽新段,.00,都市：住,,,,03930000
RPTOMLMJJIGGFCD47CC,竹篙厝段,.00,都市：住,,,,09100000
RPROMLMJJIGGFCD27CC,精忠段,.00,都市：住,,,,03380005
RPROMLMJJIGGFCD27CC,精忠段,.00,都市：住,,,,03410012
RPOOMLMJJIGGFKD77CC,自強段,.00,都市：住,,,,05550000
RPVOMLMJJIGGFCD67CC,竹篙厝段,.00,都市：住,,,,09100000
RPWOMLMJJIGGFCD77CC,自由段,.00,都市：住,,,,00580000
RPROMLMJJIGGFKD08CC,六甲頂段,.00,都市：住,,,,14460000
RPQOMLMJJIGGFKD97CC,南工段,.00,都市：住,,,,01410000
RPTNMLNJJIGGFKD28CC,永信段,.00,都市：住,,,,02970000
RPSOMLMJJIGGFKD18CC,鹽埕段,.00,都市：住,,,,04700000
RPTNMLNJJIGGFDD57CC,大同段,.00,都市：住,,,,00740000
RPUNMLNJJIGGFKD38CC,自強段,.00,都市：住,,,,05920000
RPQNMLNJJIGGFCD17CC,東寧段,.00,都市：住,,,,07420002
RPQNMLNJJIGGFCD17CC,東寧段,.00,都市：住,,,,07430009
RPWNMLNJJIGGFCD77CC,東光段,.00,都市：商,,,,00510008
RPQNMLNJJIGGFCD17CC,東寧段,.00,都市：住,,,,07440008
RPQNMLNJJIGGFHD67CC,善新段,168.75,都市：住,,,,02580025
RPTOMLOJJIGGFID28CC,歸仁南段,.00,非都市：鄉村區 ; 非都市編定：乙種建築用地,,,,09340009
RPUNMLNJJIGGFBD47CC,和館段,.00,都市：住,,,,00970035
RPUPMLOJJIGGFID48CC,白崙段,.00,都市：商,,,,00720000
RPPPMLOJJIGGFID97CC,保甲段,.00,都市：住,,,,03900000
RPPPMLOJJIGGFID97CC,保甲段,.00,都市：住,,,,03910000
RPQNMLOJJIGGFCD27CC,仁和段,.00,都市：住,,,,08950000
RPUNMLOJJIGGFCD67CC,仁和段,.00,都市：住,,,,04340000
RPSOMLOJJIGGFCD57CC,新都段,64.02,都市：住,,,,01150000
RPROMLOJJIGGFCD47CC,精忠段,.00,都市：住,,,,10190005
RPSOMLOJJIGGFKD38CC,鹽新段,.00,都市：住,,,,03990000
RPVNMLOJJIGGFCD77CC,新東段,.00,都市：住,,,,14080005
RPTNMLOJJIGGFKD38CC,六合段,.00,都市：住,,,,03390000
RPQNMLOJJIGGFAD07CC,星鑽段,.00,都市：商,,,,18530000
RPTNMLOJJIGGFAD37CC,自強段,.00,都市：商,,,,00440004
RPTNMLOJJIGGFAD37CC,自強段,.00,都市：商,,,,00740000
RPVOMLOJJIGGFAD67CC,金華段,99.80,都市：住,,,,01100136
RPQPMLOJJIGGFAD27CC,小北段,.00,都市：住,,,,15100000
RPVNMLPJJIGGFAD67CC,永福段,.00,都市：商,,,,04960000
RPQOMLOJJIGGFAD17CC,自強段,.00,都市：商,,,,04540001
RPWOMLPJJIGGFAD87CC,金華段,23.44,都市：住,,,,00840003
RPTOMLPJJIGGFAD57CC,新南段,.00,都市：商,,,,00780006
RPRNMLPJJIGGFCD47CC,富裕段,.00,都市：住,,,,07710000
RPRNMLPJJIGGFCD47CC,富裕段,.00,都市：住,,,,07720000
RPWOMLPJJIGGFCD08CC,大林段,.00,都市：住,,,,02270000
RPOPMLPJJIGGFID97CC,新工段,495.86,都市：工,,,,03510000
RPPQMLSJJIGGFKD68CC,仁愛段,.00,都市：住,,,,05050000
RPRNMLQJJIGGFKD38CC,鹽東段,80.00,都市：商,,,,17480042
RPUOMLPJJIGGFBD77CC,溪東段,.00,都市：住,,,,10840000
RPOQMLSJJIGGFKD58CC,龍王段,.00,都市：住,,,,17900000
RPQQMLSJJIGGFKD78CC,勝利段,.00,都市：住,,,,11780000
RPWOMLSJJIGGFCD38CC,東安段,.00,都市：住,,,,03950000
RPTOMLSJJIGGFCD08CC,裕南段,.00,都市：住,,,,19500000
RPQOMLSJJIGGFAD57CC,東豐段,.00,都市：住,,,,07210000
RPQOMLSJJIGGFAD57CC,東豐段,.00,都市：住,,,,07220000
RPUNMLSJJIGGFAD87CC,金華段,.00,都市：住,,,,00850003
RPROMLSJJIGGFAD67CC,新臨安段,.00,都市：住,,,,06540000
RPTOMLSJJIGGFAD87CC,金華段,22.83,都市：住,,,,00830011
RPQPMLSJJIGGFAD67CC,星鑽段,27.14,都市：住,,,,05170000
RPUOMLSJJIGGFAD97CC,立人段,.00,都市：住,,,,11120000
RPRPMLSJJIGGFAD77CC,金華段,.00,都市：住,,,,00360001
RPTPMLSJJIGGFAD97CC,南門段,.00,都市：住,,,,14880000
RPSPMLSJJIGGFAD87CC,銀同段,.00,都市：商,,,,11100000
RPOOMLSJJIGGFID18CC,嘉南段,330.57,都市：農,,,,00720000
RPOOMLSJJIGGFGD97CC,仁得段,.00,都市：住,,,,11250000
RPSOMLTJJIGGFID68CC,仁義段,.00,都市：住,,,,07110000
RPVOMLSJJIGGFBD18CC,安慶段,.00,都市：住,,,,11210000
RPTOMLTJJIGGFBD08CC,國安段,.00,都市：住,,,,16160000
RPVNMLTJJIGGFHD78CC,善成段,.00,都市：住,,,,07650020
RPPOMLTJJIGGFHD28CC,港口段,.00,非都市：鄉村區 ; 非都市編定：乙種建築用地,,,,28420004
RPSNMLTJJIGGFAD77CC,五條港段,.00,都市：商,,,,02410000
RPTNMLTJJIGGFAD87CC,北元段,1787.36,都市：商,,,,08390000
RPOOMLTJJIGGFKD48CC,頂安段,.00,都市：住,,,,02210000
RPSNMLTJJIGGFCD97CC,新都心段,.00,都市：住,,,,00420000
RPWNMLTJJIGGFKD56CC,頂安段,.00,都市：住,,,,02210000
RPSOMLTJJIGGFKD88CC,東邊寮段,.00,都市：其他:縱貫鐵路用地,,,,12120000
RPOOMLKKJIGGFKD77DC,六甲頂段,25.44,都市：住,,,,04050000
RPPPMLTJJIGGFKD68CC,五王段,125.22,都市：住,,,,01160011
RPOOMLMJJIGGFID57CC,白崙段,.00,都市：商,,,,00720000
RPXNMLTJJIGGFKD66CC,六甲頂段,.00,都市：住,,,,10910000
RPQOMLTJJIGGFKD68CC,鹽東段,.00,都市：住,,,,17640004
RPUNMLKKJIGGFAD17CC,保安段,.00,都市：商,,,,60000001
RPVNMLKKJIGGFAD27CC,北元段,24.77,都市：住,,,,06120000
