﻿編號,屋齡,建物移轉面積平方公尺,主要用途,主要建材,建築完成日期,總層數,建物分層
The serial number,room age,building shifting area square meter,the main use,main building materials,construction completes the date,total layer,building lamination
RPSNMLQKQHGGFAG48CC,40,59.66,住商用,鋼筋混凝土造,70年12月28日,三層,
RPOOMLRKQHGGFAG28CC,27,62.98,住家及補習班,鋼筋混凝土造,83年6月25日,四層,
RPWNMLRKQHGGFAG98CC,23,106.91,住家用,鋼筋混凝土造,87年6月2日,五層,
RPWNMLRKQHGGFAG98CC,23,52.36,防空避難室.停車場.梯間.共同使用部份,鋼筋混凝土造,87年6月2日,五層,
RPVNMLRKQHGGFAG88CC,30,26.74,住家用,鋼筋混凝土造,80年12月30日,四層,
RPSNMLTKQHGGFBG88CC,4,46.94,集合住宅,鋼筋混凝土造,106年8月14日,十五層,
RPPOMLOLQHGGFAG18CC,7,39.25,店舖、住宅,鋼筋混凝土（ＲＣ）,103年9月29日,三層,
RPUNMLOLQHGGFAG58CC,41,100.19,住家用,鋼筋混凝土造,69年11月28日,四層,
RPXPMLNLQHGGFBG09CC,26,39.23,住家用,鋼筋混凝土造,85年1月8日,六層,
RPXPMLNLQHGGFBG09CC,26,11.96,共有部份,鋼筋混凝土造,85年1月8日,六層,
RPWNMLPLQHGGFAG88CC,27,64.60,住家用,鋼筋混凝土造,83年3月2日,七層,
RPWNMLPLQHGGFAG88CC,27,5.43,共同使用部份﹙梯間通道﹚,鋼筋混凝土造,83年3月2日,七層,
RPVNMLPLQHGGFAG78CC,26,92.77,住家用,鋼筋混凝土造,84年3月21日,五層,
RPVNMLPLQHGGFAG78CC,26,12.94,Ｊ（梯間通道）共同使用,鋼筋混凝土造,84年3月21日,五層,
RPTOMLQLQHGGFAG78CC,30,119.06,住家用,鋼筋混凝土造,80年3月7日,二層,
RPUOMLKMQHGGFBG48CC,6,139.87,集合住宅,鋼筋混凝土造,105年1月30日,五層,
RPVNMLMJRHGGFBG48CC,38,46.75,住家用,鋼筋混凝土造,72年11月24日,七層,
RPVNMLMJRHGGFBG48CC,38,8.79,共有部份,鋼筋混凝土造,72年11月24日,七層,
RPWOMLQLQHGGFBG56CC,28,90.41,住家用,鋼筋混凝土造,83年1月12日,七層,
RPWOMLQLQHGGFBG56CC,28,16.52,共有部份,鋼筋混凝土造,83年1月12日,七層,
RPWOMLQLQHGGFBG56CC,28,20.07,共有部份,鋼筋混凝土造,83年1月12日,七層,
RPUOMLRLQHGGFAG98CC,41,69.23,住家用,鋼筋混凝土造,69年1月17日,三層,
RPQOMLLJRHGGFBG97CC,4,198.93,住宅、樓梯間,鋼筋混凝土造,106年5月11日,三層,
RPXPMLQJRHGGFBG66CC,42,100.50,住家用,鋼筋混凝土加強磚造,68年3月16日,二層,
RPSNMLQJRHGGFAG48CC,5,147.85,住宅、樓梯間,鋼骨鋼筋混凝土造,105年10月5日,三層,
RPVNMLSJRHGGFAG98CC,41,104.96,住家用,鋼筋混凝土加強磚造,69年6月2日,二層,
RPVNMLPKRHGGFBG88CC,7,52.35,Ｈ２集合住宅,鋼筋混凝土造,103年11月20日,二十四層,
RPVNMLPKRHGGFBG88CC,7,36.55,本共有部分之項目有：停車場、頂蓋型沿街步道式開放空間、樓梯間、機械室、水箱等五項,鋼筋混凝土造,103年11月20日,二十四層,
RPWNMLTJRHGGFAG56CC,30,26.74,住家用,鋼筋混凝土造,80年12月30日,四層,
RPXNMLPKRHGGFBG09CC,4,43.50,集合住宅,鋼筋混凝土造,106年8月14日,十五層,
RPXNMLPKRHGGFBG09CC,4,34.30,本共有部分之項目有停車空間、機電空間、管理委員會空間及屋頂突出物等４項,鋼筋混凝土造,106年8月14日,十五層,
RPXOMLQKRHGGFBG66CC,28,194.92,住家用,鋼筋混凝土造,82年9月29日,三層,
RPRNMLQKRHGGFBG58CC,16,29.22,住商用,鋼筋混凝土造,94年10月7日,四層,
RPPNMLQKRHGGFAG28CC,51,94.97,住商用,鋼筋混凝土加強磚造,60年1月23日,三層,
RPWOMLQKRHGGFBG56CC,36,86.95,住家用,鋼筋混凝土造,75年2月6日,五層,
RPVNMLMLRHGGFAG58CC,16,219.45,住家用,鋼筋混凝土造,95年1月10日,二層,
RPRNMLTLRHGGFBG98CC,53,50.64,住家用,鋼筋混凝土加強磚造,57年5月11日,二層,
RPRNMLTLRHGGFBG98CC,,84.24,住家用,鋼筋混凝土加強磚造,,二層,
RPROMLNLRHGGFBG48CC,27,78.61,住家用,鋼筋混凝土造,83年11月10日,五層,
RPSOMLNLRHGGFBG58CC,27,78.61,住家用,鋼筋混凝土造,83年11月10日,五層,
RPRNMLPJIIGGFAG47CC,26,76.04,住家用,鋼筋混凝土造,84年6月23日,五層,
RPRNMLPJIIGGFAG47CC,26,4.04,屋頂突出物,鋼筋混凝土造,84年6月23日,五層,
RPRNMLOLRHGGFBG48CC,13,35.88,辦公室,鋼筋混凝土造,97年12月31日,十三層,
RPRNMLOLRHGGFBG48CC,13,18.14,共有部份,鋼筋混凝土造,97年12月31日,十三層,
RPRNMLOLRHGGFBG48CC,13,3.36,共有部份,鋼筋混凝土造,97年12月31日,十三層,
RPRNMLOLRHGGFBG48CC,13,7.97,共有部份,鋼筋混凝土造,97年12月31日,十三層,
RPQOMLQJIIGGFBG67CC,24,95.79,住家用,鋼筋混凝土造,86年5月29日,七層,
RPOPMLOJIIGGFAG27CC,24,26.51,辦公室,鋼筋混凝土造,86年12月11日,十層,
RPXNMLPJIIGGFBG18CC,19,21.57,住家用,鋼筋混凝土造,91年8月20日,七層,
RPXNMLPJIIGGFBG18CC,19,8.63,共有部份,鋼筋混凝土造,91年8月20日,七層,
RPXNMLPJIIGGFBG18CC,19,5.27,共有部份,鋼筋混凝土造,91年8月20日,七層,
RPOPMLRJIIGGFBG67CC,16,13.05,共有部份,鋼筋混凝土造,94年9月14日,六層,
RPOPMLRJIIGGFBG67CC,16,17.39,住家用,鋼筋混凝土造,94年9月14日,六層,
RPXOMLRJIIGGFBG48CC,15,39.57,住家用,鋼筋混凝土造,95年9月21日,十四層,
RPPOMLRJIIGGFAG57CC,23,111.73,住家用,鋼筋混凝土造,87年6月2日,四層,
RPPOMLRJIIGGFAG57CC,23,45.55,停車場.梯間防空避難室.共同使用部份,鋼筋混凝土造,87年6月2日,四層,
RPXNMLMKIIGGFAG87CC,26,72.84,住家用,鋼筋混凝土造,85年1月17日,五層,
RPQOMLSJIIGGFAG77CC,25,73.18,住家用,鋼筋混凝土造,85年10月3日,十二層,
RPQOMLSJIIGGFAG77CC,25,14.81,停車場、法定防空避難室、機車停車場、私設防空避難室﹙共同使用部份﹚,鋼筋混凝土造,85年10月3日,十二層,
RPQOMLSJIIGGFAG77CC,25,13.67,通道、梯間﹙共同使用部份,鋼筋混凝土造,85年10月3日,十二層,
RPVOMLOKIIGGFBG08CC,40,179.70,住家用,鋼筋混凝土加強磚造,70年11月25日,三層,
RPQNMLMKIIGGFBG27CC,16,43.38,住商用,鋼筋混凝土造,94年10月7日,四層,
RPTPMLQJRHGGFBG88CC,28,35.64,住家用,鋼筋混凝土造,82年7月8日,七層,
RPRPMLOKIIGGFBG77CC,24,94.98,住家用,鋼筋混凝土造,86年7月1日,七層,
RPRPMLOKIIGGFBG77CC,24,24.21,共有部份,鋼筋混凝土造,86年7月1日,七層,
RPRPMLOKIIGGFBG77CC,24,11.78,共有部份,鋼筋混凝土造,86年7月1日,七層,
RPRNMLOKIIGGFAG47CC,25,38.71,住家用,鋼筋混凝土造,85年8月30日,十二層,
RPRNMLOKIIGGFAG47CC,25,21.79,停車場、防空避難室、共同使用部份,鋼筋混凝土造,85年8月30日,十二層,
RPRNMLOKIIGGFAG47CC,25,17.53,梯間、發電機室、配電室、排煙室、儲水槽、消防泵浦、共同使用部份,鋼筋混凝土造,85年8月30日,十二層,
RPWNMLPKIIGGFAG08CC,22,78.38,住家用,鋼筋混凝土造,89年3月2日,六層,
RPWNMLPKIIGGFAG08CC,22,16.49,停車空間．梯間．機械室．水箱,鋼筋混凝土造,89年3月2日,六層,
RPROMLOKIIGGFAG57CC,27,85.65,住家用,鋼筋混凝土造,83年9月16日,七層,
RPROMLOKIIGGFAG57CC,27,14.42,停車場、防空避難室、共同使用部份,鋼筋混凝土造,83年9月16日,七層,
RPROMLOKIIGGFAG57CC,27,2.03,梯間、共同使用部份,鋼筋混凝土造,83年9月16日,七層,
RPOOMLSKIIGGFAG67CC,42,98.90,住家用,鋼筋混凝土加強磚造,68年6月19日,二層,
RPTNMLPKIIGGFAG77CC,9,215.51,住家用,鋼筋混凝土造,101年7月24日,三層,
RPXNMLSKIIGGFAG48CC,29,81.96,住家用,鋼筋混凝土造,81年9月1日,五層,
RPPOMLSKIIGGFAG77CC,28,223.20,住家用,鋼筋混凝土造,82年7月17日,五層,
RPWOMLSKIIGGFAG48CC,29,95.26,住家用,鋼筋混凝土造,82年1月19日,七層,
RPUOMLSKIIGGFBG38CC,23,184.59,住商用,鋼筋混凝土造,87年9月4日,四層,
RPUOMLTKIIGGFBG48CC,7,50.83,集合住宅,鋼筋混凝土造,103年8月25日,十四層,
RPUOMLTKIIGGFBG48CC,7,33.18,本共用部分之項目：停車場、梯廳、樓梯間、電梯間、走廊、水箱、機械室等七項,鋼筋混凝土造,103年8月25日,十四層,
RPPOMLKLIIGGFBG17CC,23,132.23,住家用,鋼筋混凝土造,88年2月12日,五層,
RPPOMLKLIIGGFBG17CC,23,25.49,共有部份,鋼筋混凝土造,88年2月12日,五層,
RPTNMLLLIIGGFAG47CC,27,36.46,通道、平台、停車場、突出物﹙共同使用部份﹚,鋼筋混凝土造,83年11月14日,五層,
RPTNMLLLIIGGFAG47CC,27,88.57,住家用,鋼筋混凝土造,83年11月14日,五層,
RPWNMLLLIIGGFBG87CC,4,198.24,住宅、樓梯間,鋼筋混凝土造,106年5月11日,三層,
RPUNMLQKRHGGFBG88CC,15,30.33,住家用,鋼筋混凝土造,95年9月21日,十四層,
RPOOMLKLIIGGFBG07CC,28,122.43,住家用,鋼筋混凝土造,83年1月28日,五層,
RPOOMLKLIIGGFBG07CC,28,24.14,共有部份,鋼筋混凝土造,83年1月28日,,
RPQOMLQLIIGGFAG77CC,28,5.43,共同使用部份﹙梯間通道﹚,鋼筋混凝土造,83年3月2日,七層,
RPQOMLQLIIGGFAG77CC,28,78.08,住家用,鋼筋混凝土造,83年3月2日,七層,
RPVOMLTKIIGGFBG58CC,28,30.60,住家用,鋼筋混凝土造,82年7月8日,七層,
RPVOMLTKIIGGFBG58CC,28,15.51,共有部份,鋼筋混凝土造,82年7月8日,七層,
RPUOMLPLIIGGFBG18CC,41,84.61,住家用,鋼筋混凝土加強磚造,70年3月16日,四層,
RPUOMLPLIIGGFBG18CC,41,6.90,共有部份,鋼筋混凝土加強磚造,70年3月16日,五層,
RPWNMLSLIIGGFBG58CC,40,113.54,住家用,鋼筋混凝土加強磚造,70年6月1日,二層,
RPPNMLLJJIGGFBG07CC,21,209.74,住商用,鋼筋混凝土造,89年9月1日,四層,
RPVNMLNJJIGGFBG87CC,4,38.10,集合住宅,鋼筋混凝土造,106年8月14日,十五層,
RPVNMLNJJIGGFBG87CC,4,54.85,本共有部分之項目有停車空間、機電空間、管理委員會空間及屋頂突出物等４項,鋼筋混凝土造,106年8月14日,十五層,
RPPOMLNJJIGGFAG27CC,21,112.20,住家用,鋼筋混凝土造,89年11月24日,九層,
RPPOMLNJJIGGFAG27CC,21,51.92,防空避難室．停車場,鋼筋混凝土造,89年11月24日,九層,
RPPOMLNJJIGGFAG27CC,21,12.19,梯間．通道,鋼筋混凝土造,89年11月24日,九層,
RPUNMLTLIIGGFBG48CC,13,31.81,辦公室,鋼筋混凝土造,97年12月31日,十三層,
RPUNMLTLIIGGFBG48CC,13,19.24,共有部份,鋼筋混凝土造,97年12月31日,十三層,
RPUNMLTLIIGGFBG48CC,13,5.34,共有部份,鋼筋混凝土造,97年12月31日,十三層,
RPTNMLOJJIGGFBG77CC,26,82.88,住家用,鋼筋混凝土造,85年1月5日,六層,
RPTNMLOJJIGGFBG77CC,26,21.22,共有部份,鋼筋混凝土造,85年1月5日,六層,
RPTNMLOJJIGGFBG77CC,26,5.35,共有部份,鋼筋混凝土造,85年1月5日,六層,
RPWOMLSJJIGGFAG48CC,38,63.18,住家用,鋼筋混凝土造,72年7月19日,十一層,
RPWOMLSJJIGGFAG48CC,38,11.60,電梯及走道,鋼筋混凝土造,72年7月19日,十一層,
RPWOMLSJJIGGFAG48CC,,3.54,電梯．走道及公共設施,鋼筋混凝土造,,十層,
RPWNMLNJJIGGFBG97CC,8,44.15,集合住宅,鋼筋混凝土造,102年12月11日,九層,
RPPPMLTJJIGGFAG97CC,44,103.37,住家用,鋼筋混凝土加強磚造,67年2月4日,二層,
RPVNMLOJJIGGFBG97CC,40,126.94,住家用,鋼筋混凝土加強磚造,70年12月24日,二層,
RPOOMLTJJIGGFAG77CC,44,86.78,住家用,鋼筋混凝土加強磚造,66年6月25日,二層,
RPVOMLTJJIGGFBG58CC,23,87.22,住家用,鋼筋混凝土造,87年7月16日,三層,
RPTPMLKKJIGGFBG67CC,4,40.31,集合住宅,鋼筋混凝土造,107年4月2日,十二層,
