﻿編號,土地位置,土地移轉面積(平方公尺),使用分區或編定,權利人持分分母,權利人持分分子,移轉情形,地號
The serial number, land position,land shifting area square meter,the use zoning or compiles and checks,,,,land parcel
RPROMLQKQHGGFAI58CB,彌陀段,39.51,都市：住,100000,1958,持分移轉,01430000
RPUNMLLJRHGGFAI28CB,湖子內段新民小段,36.89,都市：住,100000,1679,持分移轉,00100000
RPRNMLOLQHGGFAI38CB,湖子內段新民小段,32.06,都市：住,100000,1459,持分移轉,00100000
RPRNMLMJRHGGFAI08CB,彌陀段,46.18,都市：住,100000,8763,持分移轉,01430022
RPQNMLSKQHGGFAI58CB,湖子內段湖美小段,93.60,都市：其他:第三種休閒專用區,1,1,全筆移轉,05160057
RPQNMLSKQHGGFAI58CB,湖子內段湖美小段,28.10,都市：其他:第三種休閒專用區,102122,2810,持分移轉,05160027
RPPNMLQLQHGGFAI38CB,湖子內段湖美小段,92.40,都市：其他:第三種休閒專用區,1,1,全筆移轉,05160060
RPPNMLQLQHGGFAI38CB,湖子內段湖美小段,28.10,都市：其他:第三種休閒專用區,102122,2810,持分移轉,05160027
RPQNMLSLQHGGFAI68CB,下埤段,80.52,都市：農,1,1,全筆移轉,06320010
RPTNMLLJRHGGFAI18CB,盧東段,41.89,都市：農,10000,317,持分移轉,08980000
RPPNMLLJRHGGFAI77CB,湖子內段新民小段,39.42,都市：住,100000,1794,持分移轉,00100000
RPPNMLMJRHGGFAI87CB,湖子內段湖美小段,95.01,都市：其他:第三種休閒專用區,1,1,全筆移轉,05160053
RPPNMLMJRHGGFAI87CB,湖子內段湖美小段,28.10,都市：其他:第三種休閒專用區,102122,2810,持分移轉,05160027
RPTNMLMJRHGGFAI28CB,湖子內段興安小段,104.61,都市：住,1,1,全筆移轉,02910005
RPQNMLNJRHGGFAI08CB,下埤段,59.40,都市：住,1,1,全筆移轉,06360012
RPQNMLNJRHGGFAI08CB,下埤段,16.11,都市：農,1,1,全筆移轉,06320011
RPQNMLNJRHGGFAI08CB,下埤段,15.91,都市：住,19,1,持分移轉,06360015
RPUNMLMJRHGGFAI38CB,湖子內段興安小段,101.42,都市：住,1,1,全筆移轉,02910006
RPPNMLTJRHGGFAI58CB,湖子內段興安小段,31.88,都市：住,1000000,21930,持分移轉,00480000
RPSNMLTJRHGGFAI88CB,湖子內段興安小段,31.88,都市：住,1000000,21930,持分移轉,00480000
RPQNMLTJRHGGFAI68CB,湖子內段興安小段,34.33,都市：住,1000000,23618,持分移轉,00480000
RPXNMLTJRHGGFAI76CB,湖子內段興安小段,33.82,都市：住,1000000,23269,持分移轉,00480000
RPRNMLTJRHGGFAI88DB,北園段,122.00,都市：住,1,1,全筆移轉,02030021
RPRNMLTJRHGGFAI88DB,北園段,7.14,都市：住,7,1,持分移轉,02030022
RPRNMLTJRHGGFAI88DB,北園段,24.86,都市：住,7,1,持分移轉,02030023
RPRNMLTJRHGGFAI88DB,北園段,.71,都市：住,7,1,持分移轉,02030024
RPRNMLTJRHGGFAI88DB,北園段,.29,都市：住,7,1,持分移轉,02030025
RPRNMLTJRHGGFAI88DB,北園段,9.86,都市：住,7,1,持分移轉,02030026
RPPNMLNKRHGGFAI08CB,湖子內段興安小段,31.88,都市：住,1000000,21930,持分移轉,00480000
RPPNMLQKRHGGFAI38CB,彌陀段,21.43,都市：住,100000,1062,持分移轉,01430000
RPPNMLRKRHGGFAI48CB,下路頭段,98.00,都市：住,1,1,全筆移轉,00860184
RPPNMLRKRHGGFAI48CB,下路頭段,19.33,都市：住,12,1,持分移轉,00860027
RPPNMLRKRHGGFAI48CB,下路頭段,.42,都市：住,12,1,持分移轉,00860191
RPRNMLRKRHGGFAI68CB,湖子內段興安小段,33.82,都市：住,1000000,23269,持分移轉,00480000
RPSNMLRKRHGGFAI78CB,湖子內段興安小段,31.88,都市：住,1000000,21930,持分移轉,00480000
RPRNMLSKRHGGFAI78CB,盧東段,41.89,都市：農,10000,317,持分移轉,08980000
RPTNMLRKRHGGFAI88CB,湖子內段興安小段,31.88,都市：住,1000000,21930,持分移轉,00480000
RPTNMLSKRHGGFAI98CB,盧東段,44.66,都市：農,10000,338,持分移轉,08980000
RPVNMLNKQHGGFAI58CB,湖子內段湖美小段,93.60,都市：其他:第三種休閒專用區,1,1,全筆移轉,05160056
RPVNMLNKQHGGFAI58CB,湖子內段湖美小段,28.10,都市：其他:第三種休閒專用區,102122,2810,持分移轉,05160027
RPUNMLSKRHGGFAI09CB,盧東段,44.66,都市：農,10000,338,持分移轉,08980000
RPSNMLMJRHGGFAI18CB,彌陀段,21.10,都市：住,100000,4003,持分移轉,01430022
RPPNMLNJRHGGFAI97CB,下埤段,31.61,都市：住,1,1,全筆移轉,06360007
RPPNMLNJRHGGFAI97CB,下埤段,52.39,都市：農,1,1,全筆移轉,06320005
RPPNMLNJRHGGFAI97CB,下埤段,15.91,都市：住,19,1,持分移轉,06360015
RPRNMLTJRHGGFAI78CB,湖子內段興安小段,33.82,都市：住,1000000,23269,持分移轉,00480000
RPPNMLMLRHGGFAI08CB,湖子內段新民小段,39.42,都市：住,100000,1794,持分移轉,00100000
RPRNMLPKRHGGFAI48CB,湖子內段興安小段,33.82,都市：住,1000000,23269,持分移轉,00480000
RPSNMLMLRHGGFAI38CB,湖子內段湖美小段,14.78,都市：商,1000000,5416,持分移轉,01220000
RPTNMLMLRHGGFAI48CB,湖子內段湖美小段,14.21,都市：商,1000000,5208,持分移轉,01220000
RPQNMLQKRHGGFAI48CB,彌陀段,39.61,都市：住,100000,1963,持分移轉,01430000
RPUNMLMLRHGGFAI58CB,湖子內段興安小段,34.33,都市：住,1000000,23618,持分移轉,00480000
RPXNMLMLRHGGFAI88CB,湖子內段湖美小段,44.07,都市：住,72119,4407,持分移轉,00340000
RPRNMLOLRHGGFAI48CB,盧東段,19.91,都市：住,100000,5219,持分移轉,03060005
RPRNMLOLRHGGFAI48CB,盧東段,2.50,都市：住,600,25,持分移轉,03060010
RPRNMLOLRHGGFAI48CB,盧東段,.06,都市：住,26,1,持分移轉,03060034
RPRNMLOLRHGGFAI48CB,盧東段,.68,都市：住,26,1,持分移轉,03060027
RPRNMLOLRHGGFAI48CB,盧東段,.19,都市：住,26,1,持分移轉,03060026
RPRNMLOLRHGGFAI48CB,盧東段,.02,都市：其他:道路用地,35000,1,持分移轉,03690001
RPRNMLOLRHGGFAI48CB,盧東段,.01,都市：其他:道路用地,35000,1,持分移轉,03050000
RPRNMLOLRHGGFAI48CB,盧東段,.01,都市：其他:道路用地,35000,1,持分移轉,02200002
RPSNMLOLRHGGFAI58CB,湖子內段興安小段,90.39,都市：住,1,1,全筆移轉,02630000
RPQNMLPLRHGGFAI48CB,湖內段,4.52,都市：住,92,1,持分移轉,09690024
RPQNMLPLRHGGFAI48CB,湖內段,.02,都市：住,92,1,持分移轉,09690026
RPQNMLPLRHGGFAI48CB,湖內段,.14,都市：住,160,1,持分移轉,09250000
RPQNMLPLRHGGFAI48CB,湖內段,3.00,都市：住,640,3,持分移轉,09700000
RPQNMLPLRHGGFAI48CB,湖內段,.01,都市：住,640,3,持分移轉,09700001
RPQNMLPLRHGGFAI48CB,湖內段,6.06,都市：住,100000,1600,持分移轉,09260000
RPQNMLPLRHGGFAI48CB,湖內段,.02,都市：住,100000,1600,持分移轉,09260001
RPQNMLPLRHGGFAI48CB,湖內段,24.30,都市：住,100000,1600,持分移轉,09690001
RPQNMLPLRHGGFAI48CB,湖內段,.02,都市：住,100000,1600,持分移轉,09690025
RPPNMLSLRHGGFAI68CB,彌陀段,23.59,都市：住,100000,1169,持分移轉,01430000
RPQNMLMJRHGGFAI97CB,南田段,100.34,都市：住,1,1,全筆移轉,14680000
RPQNMLMJRHGGFAI97CB,南田段,15.14,都市：住,1,1,全筆移轉,14660000
RPRNMLNLRHGGFAI38CB,湖子內段新民小段,47.66,都市：住,10000,291,持分移轉,02440000
RPQOMLTLRHGGFAI98CB,湖子內段湖美小段,97.53,都市：住,1,1,全筆移轉,02560003
RPPNMLPLRHGGFAI38CB,下埤段,30.60,都市：住,1,1,全筆移轉,06360004
RPPNMLPLRHGGFAI38CB,下埤段,53.40,都市：農,1,1,全筆移轉,06320002
RPPNMLPLRHGGFAI38CB,下埤段,15.91,都市：住,19,1,持分移轉,06360015
RPOOMLTLRHGGFAI78CB,湖子內段湖美小段,97.27,都市：住,1,1,全筆移轉,02560001
RPPOMLTLRHGGFAI88CB,湖子內段湖美小段,97.40,都市：住,1,1,全筆移轉,02560002
RPVNMLKMRHGGFAI58CB,湖子內段新民小段,34.43,都市：住,100000,1567,持分移轉,00100000
RPSQMLKMRHGGFAI58CB,竹圍子段一小段,4.91,都市：商,100000,370,持分移轉,02370000
RPSQMLKMRHGGFAI58CB,竹圍子段一小段,3.11,都市：商,100000,370,持分移轉,02410000
RPSQMLKMRHGGFAI58CB,竹圍子段一小段,1.85,都市：商,100000,370,持分移轉,02420000
RPRNMLLJIIGGFAI17CB,湖子內段興安小段,31.88,都市：住,1000000,21930,持分移轉,00480000
RPPNMLMJIIGGFAI07CB,盧東段,42.02,都市：農,10000,318,持分移轉,08980000
RPVNMLTLRHGGFAI76CB,湖子內段新民小段,61.57,都市：其他:第三種休閒專用區,1,1,全筆移轉,04150010
RPVNMLTLRHGGFAI76CB,湖子內段新民小段,6.64,都市：其他:第三種休閒專用區,1,1,全筆移轉,04150041
RPWNMLLJIIGGFAI67CB,湖內段,4.52,都市：住,92,1,持分移轉,09690024
RPVNMLTLRHGGFAI76CB,湖子內段新民小段,3.18,都市：其他:第三種休閒專用區,100,12,持分移轉,04150019
RPWNMLLJIIGGFAI67CB,湖內段,.02,都市：住,92,1,持分移轉,09690026
RPWNMLLJIIGGFAI67CB,湖內段,.14,都市：住,160,1,持分移轉,09250000
RPWNMLLJIIGGFAI67CB,湖內段,3.00,都市：住,640,3,持分移轉,09700000
RPWNMLLJIIGGFAI67CB,湖內段,.01,都市：住,640,3,持分移轉,09700001
RPQNMLLJIIGGFAI07CB,湖子內段興安小段,33.82,都市：住,1000000,23269,持分移轉,00480000
RPWNMLLJIIGGFAI67CB,湖內段,5.88,都市：住,100000,1552,持分移轉,09260000
RPWNMLLJIIGGFAI67CB,湖內段,.02,都市：住,100000,1552,持分移轉,09260001
RPWNMLLJIIGGFAI67CB,湖內段,23.57,都市：住,100000,1552,持分移轉,09690001
RPWNMLLJIIGGFAI67CB,湖內段,.02,都市：住,100000,1552,持分移轉,09690025
RPQNMLMJIIGGFAI17CB,頂庄段,31.62,都市：住,100000,5297,持分移轉,06430000
RPROMLTLRHGGFAI09CB,湖子內段湖美小段,97.66,都市：住,1,1,全筆移轉,02560004
RPQNMLKMRHGGFAI08CB,湖子內段新民小段,29.42,都市：住,100000,1339,持分移轉,00100000
RPPNMLLJIIGGFAI96CB,湖子內段興安小段,31.88,都市：住,1000000,21930,持分移轉,00480000
RPQNMLOJIIGGFAI37CB,頂庄段,31.66,都市：住,100000,5304,持分移轉,06430000
RPTNMLOJIIGGFAI67CB,遠東段,23.82,都市：住,100000,632,持分移轉,00640000
RPWNMLOJIIGGFAI97CB,竹圍子段一小段,9.11,都市：商,100000,687,持分移轉,02370000
RPWNMLOJIIGGFAI97CB,竹圍子段一小段,5.77,都市：商,100000,687,持分移轉,02410000
RPWNMLOJIIGGFAI97CB,竹圍子段一小段,3.43,都市：商,100000,687,持分移轉,02420000
RPUNMLOJIIGGFAI77CB,竹圍子段一小段,4.48,都市：商,100000,338,持分移轉,02370000
RPUNMLOJIIGGFAI77CB,竹圍子段一小段,2.84,都市：商,100000,338,持分移轉,02410000
RPUNMLOJIIGGFAI77CB,竹圍子段一小段,1.69,都市：商,100000,338,持分移轉,02420000
RPVNMLOJIIGGFAI87CB,遠東段,26.95,都市：住,100000,715,持分移轉,00640000
RPRNMLMJIIGGFAI27CB,頂庄段,31.50,都市：住,100000,5276,持分移轉,06430000
RPXNMLOJIIGGFAI08CB,遠東段,26.87,都市：住,100000,713,持分移轉,00640000
RPOOMLOJIIGGFAI27CB,竹圍子段一小段,9.11,都市：商,100000,687,持分移轉,02370000
RPOOMLOJIIGGFAI27CB,竹圍子段一小段,5.77,都市：商,100000,687,持分移轉,02410000
RPOOMLOJIIGGFAI27CB,竹圍子段一小段,3.43,都市：商,100000,687,持分移轉,02420000
RPSNMLOJIIGGFAI57CB,竹圍子段一小段,4.91,都市：商,100000,370,持分移轉,02370000
RPSNMLOJIIGGFAI57CB,竹圍子段一小段,3.11,都市：商,100000,370,持分移轉,02410000
RPSNMLOJIIGGFAI57CB,竹圍子段一小段,1.85,都市：商,100000,370,持分移轉,02420000
RPSOMLOJIIGGFAI67CB,遠東段,21.60,都市：住,100000,573,持分移轉,00640000
RPTNMLPJIIGGFAI77CB,湖子內段湖美小段,19.57,都市：商,1000000,7172,持分移轉,01220000
RPROMLOJIIGGFAI57CB,遠東段,21.60,都市：住,100000,573,持分移轉,00640000
RPPOMLPJIIGGFAI47CB,遠東段,26.95,都市：住,100000,715,持分移轉,00640000
RPRNMLPJIIGGFAI57CB,彌陀段日新小段,46.61,都市：住,250119,8392,持分移轉,00450000
RPXNMLPJIIGGFAI18CB,遠東段,21.60,都市：住,100000,573,持分移轉,00640000
RPQOMLOJIIGGFAI47CB,遠東段,29.40,都市：住,100000,780,持分移轉,00640000
RPQOMLPJIIGGFAI57CB,遠東段,21.60,都市：住,100000,573,持分移轉,00640000
RPOOMLPJIIGGFAI37CB,遠東段,26.87,都市：住,100000,713,持分移轉,00640000
RPPNMLPJIIGGFAI37CB,湖子內段新民小段,36.89,都市：住,100000,1679,持分移轉,00100000
RPRNMLPJIIGGFAI67DB,湖子內段興安小段,109.54,都市：住,1,1,全筆移轉,03050004
RPUNMLPJIIGGFAI87CB,遠東段,21.60,都市：住,100000,573,持分移轉,00640000
RPQNMLPJIIGGFAI57DB,湖子內段興安小段,109.56,都市：住,1,1,全筆移轉,03050003
RPRNMLQJIIGGFAI67CB,湖內段,100.00,都市：住,1,1,全筆移轉,06390004
RPRNMLQJIIGGFAI67CB,湖內段,69.60,都市：住,8370,696,持分移轉,06190000
RPRNMLQJIIGGFAI67CB,湖內段,1.14,都市：住,10000,1140,持分移轉,06190029
RPPNMLRJIIGGFAI57CB,下路頭段,86.00,都市：住,1,1,全筆移轉,00860194
RPPNMLRJIIGGFAI57CB,下路頭段,19.33,都市：住,12,1,持分移轉,00860027
RPPNMLRJIIGGFAI57CB,下路頭段,.42,都市：住,12,1,持分移轉,00860191
RPPNMLSJIIGGFAI67CB,湖子內段新民小段,76.62,都市：其他:第三種休閒專區,1,1,全筆移轉,04150020
RPPNMLSJIIGGFAI67CB,湖子內段新民小段,1.85,都市：其他:第三種休閒專區,100,7,持分移轉,04150019
RPQNMLQJIIGGFAI57CB,遠東段,29.40,都市：住,100000,780,持分移轉,00640000
RPROMLPJIIGGFAI67CB,頂庄段,31.50,都市：住,100000,5276,持分移轉,06430000
RPPNMLQJIIGGFAI47CB,遠東段,29.74,都市：住,100000,789,持分移轉,00640000
RPQNMLSJIIGGFAI77CB,湖子內段新民小段,59.51,都市：其他:第三種休閒專用區,1,1,全筆移轉,04150023
RPQNMLSJIIGGFAI77CB,湖子內段新民小段,1.85,都市：其他:第三種休閒專用區,100,7,持分移轉,04150019
RPTNMLSJIIGGFAI08CB,短竹段,7.04,都市：商,100000,2345,持分移轉,04830001
RPUNMLSJIIGGFAI18CB,湖子內段興安小段,105.26,都市：住,1,1,全筆移轉,02630003
RPTNMLSJIIGGFAI08CB,短竹段,.80,都市：商,100000,2345,持分移轉,04830005
RPTNMLSJIIGGFAI08CB,短竹段,2.06,都市：商,100000,2345,持分移轉,04840005
RPTNMLSJIIGGFAI08CB,短竹段,1.48,都市：商,100000,2345,持分移轉,04840006
RPTNMLSJIIGGFAI08CB,短竹段,1.52,都市：商,100000,2345,持分移轉,04840007
RPQNMLOKIIGGFAI47CB,湖子內段新民小段,41.09,都市：住,100000,1870,持分移轉,00100000
RPPNMLSJIIGGFAI77DB,湖子內段湖美小段,105.30,都市：住,1,1,全筆移轉,00650006
RPPNMLSJIIGGFAI77DB,湖子內段湖美小段,34.90,都市：住,6,1,持分移轉,00650004
RPQNMLSJIIGGFAI87DB,湖子內段湖美小段,110.67,都市：住,1,1,全筆移轉,00650007
RPQNMLSJIIGGFAI87DB,湖子內段湖美小段,34.90,都市：住,6,1,持分移轉,00650004
RPSNMLOKIIGGFAI67CB,湖子內段興安小段,91.52,都市：住,1,1,全筆移轉,03200007
RPRNMLSJIIGGFAI97DB,湖子內段湖美小段,176.36,都市：住,1,1,全筆移轉,00650005
RPRNMLSJIIGGFAI97DB,湖子內段湖美小段,34.90,都市：住,6,1,持分移轉,00650004
RPRNMLNKIIGGFAI47CB,湖子內段新民小段,59.51,都市：其他:第三種休閒專用區,1,1,全筆移轉,04150011
RPRNMLNKIIGGFAI47CB,湖子內段新民小段,1.85,都市：其他:第三種休閒專用區,100,7,持分移轉,04150019
RPSNMLNKIIGGFAI57CB,湖子內段新民小段,61.59,都市：其他:第三種休閒專用區,1,1,全筆移轉,04150016
RPSNMLNKIIGGFAI57CB,湖子內段新民小段,1.82,都市：其他:第三種休閒專用區,100,7,持分移轉,04150019
RPPNMLQKIIGGFAI57CB,頂庄段,31.50,都市：住,100000,5276,持分移轉,06430000
RPRNMLOKIIGGFAI57CB,湖子內段興安小段,97.32,都市：住,1,1,全筆移轉,03200004
RPPNMLPKIIGGFAI47CB,湖內段,4.52,都市：住,92,1,持分移轉,09690024
RPPNMLPKIIGGFAI47CB,湖內段,.02,都市：住,92,1,持分移轉,09690026
RPPNMLRKIIGGFAI67CB,盧東段,57.34,都市：農,10000,434,持分移轉,08980000
RPPNMLPKIIGGFAI47CB,湖內段,.14,都市：住,160,1,持分移轉,09250000
RPPNMLPKIIGGFAI47CB,湖內段,3.00,都市：住,640,3,持分移轉,09700000
RPPNMLPKIIGGFAI47CB,湖內段,.01,都市：住,640,3,持分移轉,09700001
RPPNMLPKIIGGFAI47CB,湖內段,4.56,都市：住,100000,1204,持分移轉,09260000
RPPNMLPKIIGGFAI47CB,湖內段,.01,都市：住,100000,1204,持分移轉,09260001
RPPNMLPKIIGGFAI47CB,湖內段,18.29,都市：住,100000,1204,持分移轉,09690001
RPPNMLPKIIGGFAI47CB,湖內段,.01,都市：住,100000,1204,持分移轉,09690025
RPRNMLRKIIGGFAI87CB,湖子內段興安小段,97.28,都市：住,1,1,全筆移轉,03200001
RPQNMLRKIIGGFAI77CB,湖子內段興安小段,135.86,都市：住,1,1,全筆移轉,03200009
RPSNMLTKIIGGFAI18CB,湖子內段興安小段,88.40,都市：住,1,1,全筆移轉,02630001
RPPNMLTKIIGGFAI87CB,下路頭段,38.88,都市：住,10000,400,持分移轉,00920005
RPWNMLTKIIGGFAI58CB,盧東段,41.75,都市：農,10000,316,持分移轉,08980000
RPVNMLTKIIGGFAI48CB,盧東段,43.21,都市：農,10000,327,持分移轉,08980000
RPXNMLTKIIGGFAI68CB,盧東段,58.27,都市：農,10000,441,持分移轉,08980000
RPPOMLTKIIGGFAI97CB,下路頭段,39.46,都市：住,10000,406,持分移轉,00920005
RPRNMLTKIIGGFAI08CB,盧東段,60.25,都市：農,10000,456,持分移轉,08980000
RPQOMLTKIIGGFAI08CB,下路頭段,59.05,都市：住,10000,447,持分移轉,00920003
RPPNMLKLIIGGFAI07CB,下路頭段,54.95,都市：住,10000,416,持分移轉,00920003
RPQNMLKLIIGGFAI17CB,埤子頭段,25.10,都市：住,100000,1305,持分移轉,03590000
RPQNMLKLIIGGFAI17CB,埤子頭段,13.67,都市：住,100000,705,持分移轉,03590025
RPQNMLTKIIGGFAI08DB,湖子內段興安小段,109.57,都市：住,1,1,全筆移轉,03050002
RPOOMLTKIIGGFAI87CB,下路頭段,39.95,都市：住,10000,411,持分移轉,00920005
RPSNMLKLIIGGFAI37CB,遠東段,21.60,都市：住,100000,573,持分移轉,00640000
RPRNMLQLIIGGFAI87CB,湖子內段新民小段,31.61,都市：住,10000,193,持分移轉,02440000
RPROMLTKIIGGFAI18CB,下路頭段,24.31,都市：住,10000,184,持分移轉,00920003
RPRNMLKLIIGGFAI27CB,遠東段,26.95,都市：住,100000,715,持分移轉,00640000
RPUNMLKLIIGGFAI57CB,遠東段,26.87,都市：住,100000,713,持分移轉,00640000
RPTNMLLLIIGGFAI57CB,湖內段,9.04,都市：住,92,2,持分移轉,09690024
RPTNMLLLIIGGFAI57CB,湖內段,.04,都市：住,92,2,持分移轉,09690026
RPTNMLLLIIGGFAI57CB,湖內段,.29,都市：住,160,2,持分移轉,09250000
RPTNMLLLIIGGFAI57CB,湖內段,5.99,都市：住,640,6,持分移轉,09700000
RPTNMLLLIIGGFAI57CB,湖內段,.02,都市：住,640,6,持分移轉,09700001
RPTNMLLLIIGGFAI57CB,湖內段,9.81,都市：住,100000,2589,持分移轉,09260000
RPTNMLLLIIGGFAI57CB,湖內段,.03,都市：住,100000,2589,持分移轉,09260001
RPTNMLLLIIGGFAI57CB,湖內段,39.33,都市：住,100000,2589,持分移轉,09690001
RPTNMLLLIIGGFAI57CB,湖內段,.03,都市：住,100000,2589,持分移轉,09690025
RPPNMLRLIIGGFAI77CB,北園段,104.00,都市：住,1,1,全筆移轉,15940007
RPPNMLRLIIGGFAI77CB,北園段,29.42,都市：住,79500,2942,持分移轉,15940038
RPVNMLKLIIGGFAI67CB,湖子內段湖美小段,119.49,都市：其他:第三種休閒專用區,1,1,全筆移轉,05160030
RPQNMLRLIIGGFAI87CB,北園段,104.00,都市：住,1,1,全筆移轉,15940003
RPQNMLRLIIGGFAI87CB,北園段,29.42,都市：住,79500,2942,持分移轉,15940038
RPUNMLLLIIGGFAI67CB,湖子內段湖美小段,153.70,都市：其他:第三種休閒專用區,1,1,全筆移轉,05160028
RPUNMLLLIIGGFAI67CB,湖子內段湖美小段,28.10,都市：其他:第三種休閒專用區,102122,2810,持分移轉,05160027
RPRNMLRLIIGGFAI97CB,遠東段,26.87,都市：住,100000,713,持分移轉,00640000
RPVNMLLLIIGGFAI77CB,湖子內段湖美小段,166.42,都市：其他:第三種休閒專用區,1,1,全筆移轉,05160055
RPUNMLQLIIGGFAI18CB,遠東段,21.60,都市：住,100000,573,持分移轉,00640000
RPWNMLLLIIGGFAI87CB,湖子內段湖美小段,42.12,都市：住,72119,4212,持分移轉,00340000
RPPNMLMLIIGGFAI27CB,湖子內段新民小段,34.03,都市：住,100000,1549,持分移轉,00100000
RPRNMLRLIIGGFAI08DB,彌陀段日新小段,98.90,都市：住,1,1,全筆移轉,00780009
RPRNMLRLIIGGFAI08DB,彌陀段日新小段,26.57,都市：住,7,1,持分移轉,00780004
RPSNMLRLIIGGFAI08CB,湖子內段興安小段,103.11,都市：住,1,1,全筆移轉,02630002
RPRNMLRLIIGGFAI08DB,彌陀段日新小段,1.13,都市：住,7,1,持分移轉,00780005
RPSNMLRLIIGGFAI18DB,彌陀段日新小段,94.73,都市：住,1,1,全筆移轉,00780008
RPSNMLRLIIGGFAI18DB,彌陀段日新小段,26.57,都市：住,7,1,持分移轉,00780004
RPSNMLRLIIGGFAI18DB,彌陀段日新小段,1.13,都市：住,7,1,持分移轉,00780005
RPRNMLSLIIGGFAI08CB,彌陀段,83.79,都市：住,100000,4152,持分移轉,01430000
RPPNMLSLIIGGFAI87CB,短竹段,7.63,都市：商,100000,2545,持分移轉,04830001
RPPNMLSLIIGGFAI87CB,短竹段,.87,都市：商,100000,2545,持分移轉,04830005
RPPNMLSLIIGGFAI87CB,短竹段,2.24,都市：商,100000,2545,持分移轉,04840005
RPPNMLSLIIGGFAI87CB,短竹段,1.60,都市：商,100000,2545,持分移轉,04840006
RPPNMLSLIIGGFAI87CB,短竹段,1.65,都市：商,100000,2545,持分移轉,04840007
RPVNMLSLIIGGFAI48CB,彌陀段,23.45,都市：住,100000,4450,持分移轉,01430022
RPTNMLSLIIGGFAI28CB,彌陀段,3.89,都市：住,100000,739,持分移轉,01430022
RPXNMLSLIIGGFAI68CB,彌陀段,34.11,都市：住,100000,6473,持分移轉,01430022
RPWNMLSLIIGGFAI58CB,彌陀段,23.45,都市：住,100000,4450,持分移轉,01430022
RPUNMLSLIIGGFAI38CB,彌陀段,44.76,都市：住,100000,8494,持分移轉,01430022
RPPOMLSLIIGGFAI97CB,湖子內段新民小段,59.95,都市：其他:第三種休閒專用區,1,1,全筆移轉,04150027
RPPOMLSLIIGGFAI97CB,湖子內段新民小段,26.00,都市：其他:第三種休閒專用區,36744,2600,持分移轉,04150019
RPOOMLSLIIGGFAI87CB,彌陀段,20.98,都市：住,100000,3981,持分移轉,01430022
RPPNMLTLIIGGFAI97CB,湖子內段新民小段,34.23,都市：住,100000,1558,持分移轉,00100000
RPQOMLSLIIGGFAI08CB,湖子內段新民小段,61.59,都市：其他:第三種休閒專用區,1,1,全筆移轉,04150028
RPQOMLSLIIGGFAI08CB,湖子內段新民小段,26.00,都市：其他:第三種休閒專用區,36744,2600,持分移轉,04150019
RPRNMLKMIIGGFAI37CB,湖子內段新民小段,59.51,都市：其他:第三種休閒專用區,1,1,全筆移轉,04150023
RPRNMLKMIIGGFAI37CB,湖子內段新民小段,26.50,都市：其他:第三種休閒專用區,36744,2650,持分移轉,04150019
RPSNMLKMIIGGFAI47CB,湖子內段新民小段,59.51,都市：其他:第三種休閒專用區,1,1,全筆移轉,04150011
RPSNMLKMIIGGFAI47CB,湖子內段新民小段,26.50,都市：其他:第三種休閒專用區,36744,2650,持分移轉,04150019
RPPNMLKMIIGGFAI17CB,湖子內段新民小段,61.57,都市：其他:第三種休閒專用區,1,1,全筆移轉,04150010
RPPNMLKMIIGGFAI17CB,湖子內段新民小段,6.64,都市：其他:第三種休閒專用區,1,1,全筆移轉,04150041
RPPNMLKMIIGGFAI17CB,湖子內段新民小段,26.50,都市：其他:第三種休閒專用區,36744,2650,持分移轉,04150019
RPQNMLKMIIGGFAI27CB,湖子內段新民小段,76.62,都市：其他:第三種休閒專用區,1,1,全筆移轉,04150020
RPQNMLKMIIGGFAI27CB,湖子內段新民小段,26.50,都市：其他:第三種休閒專用區,36744,2650,持分移轉,04150019
RPTNMLKMIIGGFAI57CB,湖子內段新民小段,61.59,都市：其他:第三種休閒專用區,1,1,全筆移轉,04150016
RPTNMLKMIIGGFAI57CB,湖子內段新民小段,26.00,都市：其他:第三種休閒專用區,36744,2600,持分移轉,04150019
RPQNMLTLIIGGFAI08CB,湖子內段新民小段,30.37,都市：住,100000,1382,持分移轉,00100000
RPUNMLKMIIGGFAI67CB,湖子內段新民小段,88.47,都市：其他:第三種休閒專用區,1,1,全筆移轉,04150036
RPQNMLLJJIGGFAI17CB,劉厝段,101.00,都市：住,1,1,全筆移轉,00180135
RPQNMLLJJIGGFAI17CB,劉厝段,.16,都市：住,74,1,持分移轉,00180006
RPQNMLLJJIGGFAI17CB,劉厝段,15.79,都市：住,460,8,持分移轉,00230007
RPPNMLLJJIGGFAI07CB,遠東段,25.40,都市：住,100000,674,持分移轉,00640000
RPPNMLLMIIGGFAI27CB,盧東段,42.41,都市：農,10000,321,持分移轉,08980000
RPTNMLMJJIGGFAI57CB,盧厝段,137.00,都市：住,1,1,全筆移轉,04170046
RPVNMLMJJIGGFAI77CB,盧厝段,136.00,都市：住,1,1,全筆移轉,04170047
RPPNMLOJJIGGFAI37CB,短竹段,10.98,都市：商,100000,3660,持分移轉,04830001
RPPNMLOJJIGGFAI37CB,短竹段,1.24,都市：商,100000,3660,持分移轉,04830005
RPPNMLOJJIGGFAI37CB,短竹段,3.22,都市：商,100000,3660,持分移轉,04840005
RPPNMLOJJIGGFAI37CB,短竹段,2.31,都市：商,100000,3660,持分移轉,04840006
RPPNMLOJJIGGFAI37CB,短竹段,2.38,都市：商,100000,3660,持分移轉,04840007
RPQNMLOJJIGGFAI47CB,短竹段,10.98,都市：商,100000,3660,持分移轉,04830001
RPQNMLOJJIGGFAI47CB,短竹段,1.24,都市：商,100000,3660,持分移轉,04830005
RPQNMLOJJIGGFAI47CB,短竹段,3.22,都市：商,100000,3660,持分移轉,04840005
RPQNMLOJJIGGFAI47CB,短竹段,2.31,都市：商,100000,3660,持分移轉,04840006
RPQNMLOJJIGGFAI47CB,短竹段,2.38,都市：商,100000,3660,持分移轉,04840007
RPSNMLOJJIGGFAI67CB,盧厝段,31.43,都市：住,166600,3143,持分移轉,04110000
RPSNMLOJJIGGFAI67CB,盧厝段,10.52,都市：住,83100,1052,持分移轉,04110007
RPPNMLPJJIGGFAI47CB,北園段,104.00,都市：住,1,1,全筆移轉,15940004
RPPNMLPJJIGGFAI47CB,北園段,29.42,都市：住,79500,2942,持分移轉,15940038
RPVNMLPJJIGGFAI08CB,埤子頭段,8.96,都市：住,100000,466,持分移轉,03590000
RPVNMLPJJIGGFAI08CB,埤子頭段,6.15,都市：住,100000,317,持分移轉,03590025
RPQNMLPJJIGGFAI57CB,劉厝段,95.00,都市：住,1,1,全筆移轉,00230061
RPQNMLPJJIGGFAI57CB,劉厝段,8.00,都市：住,1,1,全筆移轉,00230045
RPQNMLPJJIGGFAI57CB,劉厝段,.16,都市：住,74,1,持分移轉,00180006
RPSNMLPJJIGGFAI77CB,劉厝段,95.00,都市：住,1,1,全筆移轉,00230060
RPSNMLPJJIGGFAI77CB,劉厝段,8.00,都市：住,1,1,全筆移轉,00230044
RPSNMLPJJIGGFAI77CB,劉厝段,.16,都市：住,74,1,持分移轉,00180006
RPTNMLPJJIGGFAI87CB,劉厝段,103.00,都市：住,1,1,全筆移轉,00230057
RPTNMLPJJIGGFAI87CB,劉厝段,8.00,都市：住,1,1,全筆移轉,00230041
RPTNMLPJJIGGFAI87CB,劉厝段,.16,都市：住,74,1,持分移轉,00180006
RPUNMLPJJIGGFAI97CB,埤子頭段,15.40,都市：住,100000,801,持分移轉,03590000
RPUNMLPJJIGGFAI97CB,埤子頭段,10.57,都市：住,100000,545,持分移轉,03590025
RPRNMLPJJIGGFAI67CB,劉厝段,92.00,都市：住,1,1,全筆移轉,00180163
RPRNMLPJJIGGFAI67CB,劉厝段,.16,都市：住,74,1,持分移轉,00180006
RPRNMLPJJIGGFAI67CB,劉厝段,8.28,都市：住,200,8,持分移轉,00230002
RPTNMLQJJIGGFAI97CB,湖內段,4.52,都市：住,92,1,持分移轉,09690024
RPTNMLQJJIGGFAI97CB,湖內段,.02,都市：住,92,1,持分移轉,09690026
RPTNMLQJJIGGFAI97CB,湖內段,.14,都市：住,160,1,持分移轉,09250000
RPTNMLQJJIGGFAI97CB,湖內段,3.00,都市：住,640,3,持分移轉,09700000
RPTNMLQJJIGGFAI97CB,湖內段,.01,都市：住,640,3,持分移轉,09700001
RPTNMLQJJIGGFAI97CB,湖內段,5.88,都市：住,100000,1552,持分移轉,09260000
RPTNMLQJJIGGFAI97CB,湖內段,.02,都市：住,100000,1552,持分移轉,09260001
RPTNMLQJJIGGFAI97CB,湖內段,23.57,都市：住,100000,1552,持分移轉,09690001
RPTNMLQJJIGGFAI97CB,湖內段,.02,都市：住,100000,1552,持分移轉,09690025
RPSNMLQJJIGGFAI87CB,劉厝段,92.00,都市：住,1,1,全筆移轉,00180162
RPSNMLQJJIGGFAI87CB,劉厝段,.16,都市：住,74,1,持分移轉,00180006
RPSNMLQJJIGGFAI87CB,劉厝段,8.28,都市：住,200,8,持分移轉,00230002
RPQNMLSJJIGGFAI87CB,湖子內段新民小段,30.37,都市：住,100000,1382,持分移轉,00100000
RPRNMLTJJIGGFAI08CB,湖東段,1.00,都市：住,100000,4545,持分移轉,00750000
RPRNMLTJJIGGFAI08CB,湖東段,25.72,都市：住,100000,4352,持分移轉,00760000
RPPNMLSJJIGGFAI77CB,湖子內段新民小段,30.37,都市：住,100000,1382,持分移轉,00100000
RPPNMLTJJIGGFAI87CB,湖東段,1.00,都市：住,100000,4545,持分移轉,00750000
RPPNMLTJJIGGFAI87CB,湖東段,25.82,都市：住,100000,4369,持分移轉,00760000
RPRNMLQJJIGGFAI77CB,劉厝段,95.00,都市：住,1,1,全筆移轉,00230062
RPRNMLQJJIGGFAI77CB,劉厝段,8.00,都市：住,1,1,全筆移轉,00230046
RPRNMLQJJIGGFAI77CB,劉厝段,.16,都市：住,74,1,持分移轉,00180006
RPTNMLTJJIGGFAI28CB,湖內段,4.52,都市：住,92,1,持分移轉,09690024
RPTNMLTJJIGGFAI28CB,湖內段,.02,都市：住,92,1,持分移轉,09690026
RPTNMLTJJIGGFAI28CB,湖內段,.14,都市：住,160,1,持分移轉,09250000
RPTNMLTJJIGGFAI28CB,湖內段,3.00,都市：住,640,3,持分移轉,09700000
RPTNMLTJJIGGFAI28CB,湖內段,.01,都市：住,640,3,持分移轉,09700001
RPTNMLTJJIGGFAI28CB,湖內段,5.25,都市：住,100000,1385,持分移轉,09260000
RPTNMLTJJIGGFAI28CB,湖內段,.01,都市：住,100000,1385,持分移轉,09260001
RPTNMLTJJIGGFAI28CB,湖內段,21.04,都市：住,100000,1385,持分移轉,09690001
RPTNMLTJJIGGFAI28CB,湖內段,.01,都市：住,100000,1385,持分移轉,09690025
RPUNMLTJJIGGFAI38CB,湖內段,4.52,都市：住,92,1,持分移轉,09690024
RPUNMLTJJIGGFAI38CB,湖內段,.02,都市：住,92,1,持分移轉,09690026
RPUNMLTJJIGGFAI38CB,湖內段,.14,都市：住,160,1,持分移轉,09250000
RPUNMLTJJIGGFAI38CB,湖內段,3.00,都市：住,640,3,持分移轉,09700000
RPUNMLTJJIGGFAI38CB,湖內段,.01,都市：住,640,3,持分移轉,09700001
RPUNMLTJJIGGFAI38CB,湖內段,5.88,都市：住,100000,1552,持分移轉,09260000
RPUNMLTJJIGGFAI38CB,湖內段,.02,都市：住,100000,1552,持分移轉,09260001
RPUNMLTJJIGGFAI38CB,湖內段,23.57,都市：住,100000,1552,持分移轉,09690001
RPUNMLTJJIGGFAI38CB,湖內段,.02,都市：住,100000,1552,持分移轉,09690025
RPQNMLTJJIGGFAI97CB,湖東段,1.00,都市：住,100000,4545,持分移轉,00750000
RPQNMLTJJIGGFAI97CB,湖東段,21.47,都市：住,100000,3633,持分移轉,00760000
RPSNMLTJJIGGFAI18CB,劉厝段,101.00,都市：住,1,1,全筆移轉,00180142
RPSNMLTJJIGGFAI18CB,劉厝段,7.00,都市：住,1,1,全筆移轉,00180150
RPSNMLTJJIGGFAI18CB,劉厝段,15.79,都市：住,460,8,持分移轉,00230007
RPSNMLTJJIGGFAI18CB,劉厝段,8.28,都市：住,200,8,持分移轉,00230002
RPSNMLTJJIGGFAI18CB,劉厝段,.16,都市：住,74,1,持分移轉,00180006
RPVNMLTJJIGGFAI48CB,湖內段,4.52,都市：住,92,1,持分移轉,09690024
RPVNMLTJJIGGFAI48CB,湖內段,.02,都市：住,92,1,持分移轉,09690026
RPVNMLTJJIGGFAI48CB,湖內段,.14,都市：住,160,1,持分移轉,09250000
RPVNMLTJJIGGFAI48CB,湖內段,3.00,都市：住,640,3,持分移轉,09700000
RPVNMLTJJIGGFAI48CB,湖內段,.01,都市：住,640,3,持分移轉,09700001
RPVNMLTJJIGGFAI48CB,湖內段,4.56,都市：住,100000,1204,持分移轉,09260000
RPVNMLTJJIGGFAI48CB,湖內段,.01,都市：住,100000,1204,持分移轉,09260001
RPVNMLTJJIGGFAI48CB,湖內段,18.29,都市：住,100000,1204,持分移轉,09690001
RPVNMLTJJIGGFAI48CB,湖內段,.01,都市：住,100000,1204,持分移轉,09690025
RPTNMLSJJIGGFAI18CB,彌陀段日新小段,36.48,都市：住,100000,2626,持分移轉,00450000
RPPOMLTJJIGGFAI97CB,湖東段,1.00,都市：住,100000,4545,持分移轉,00750000
RPPOMLTJJIGGFAI97CB,湖東段,25.72,都市：住,100000,4352,持分移轉,00760000
RPOOMLTJJIGGFAI87CB,彌陀段,29.73,都市：住,100000,1473,持分移轉,01430000
RPPNMLKKJIGGFAI07CB,北園段,111.00,都市：住,1,1,全筆移轉,15940035
RPPNMLKKJIGGFAI07CB,北園段,11.00,都市：住,1,1,全筆移轉,15940034
RPRNMLKKJIGGFAI27CB,下路頭段,59.05,都市：住,10000,447,持分移轉,00920003
RPXNMLTJJIGGFAI68CB,彌陀段,36.02,都市：住,100000,1785,持分移轉,01430000
RPTNMLKKJIGGFAI47CB,下路頭段,39.63,都市：住,10000,300,持分移轉,00920003
RPUNMLKKJIGGFAI57CB,南田段,99.78,都市：住,1,1,全筆移轉,14690000
RPUNMLKKJIGGFAI57CB,南田段,15.55,都市：住,1,1,全筆移轉,14640000
RPQNMLLKJIGGFAI27CB,陳厝段,118.71,都市：住,1,1,全筆移轉,01220014
RPSNMLKKJIGGFAI37CB,下路頭段,44.39,都市：住,10000,336,持分移轉,00920003
RPVNMLKKJIGGFAI67CB,埤子頭段,113.00,都市：住,1,1,全筆移轉,03590012
RPVNMLKKJIGGFAI67CB,埤子頭段,.01,都市：住,192300,1,持分移轉,03590000
RPVNMLKKJIGGFAI67CB,埤子頭段,17.38,都市：住,193900,1738,持分移轉,03590025
RPPNMLLKJIGGFAI17CB,湖子內段新民小段,33.25,都市：住,10000,203,持分移轉,02440000
RPRNMLMKJIGGFAI47CB,盧東段,37.13,都市：農,10000,281,持分移轉,08980000
RPRNMLPKJIGGFAI77CB,頂庄段,31.66,都市：住,100000,5304,持分移轉,06430000
RPWNMLKKJIGGFAI77CB,湖子內段興安小段,97.29,都市：住,1,1,全筆移轉,03200002
RPRNMLLKJIGGFAI37CB,湖內段,4.52,都市：住,92,1,持分移轉,09690024
RPRNMLLKJIGGFAI37CB,湖內段,.02,都市：住,92,1,持分移轉,09690026
RPRNMLLKJIGGFAI37CB,湖內段,.14,都市：住,160,1,持分移轉,09250000
RPRNMLLKJIGGFAI37CB,湖內段,3.00,都市：住,640,3,持分移轉,09700000
RPRNMLLKJIGGFAI37CB,湖內段,.01,都市：住,640,3,持分移轉,09700001
RPRNMLLKJIGGFAI37CB,湖內段,6.06,都市：住,100000,1600,持分移轉,09260000
RPRNMLLKJIGGFAI37CB,湖內段,.02,都市：住,100000,1600,持分移轉,09260001
RPRNMLLKJIGGFAI37CB,湖內段,24.30,都市：住,100000,1600,持分移轉,09690001
RPSNMLPKJIGGFAI87CB,湖子內段新民小段,36.89,都市：住,100000,1679,持分移轉,00100000
RPRNMLLKJIGGFAI37CB,湖內段,.02,都市：住,100000,1600,持分移轉,09690025
RPQNMLMKJIGGFAI37CB,湖子內段新民小段,25.55,都市：住,10000,156,持分移轉,02440000
RPPNMLPKJIGGFAI57CB,頂庄段,31.62,都市：住,100000,5297,持分移轉,06430000
RPSNMLMKJIGGFAI57CB,湖子內段興安小段,97.30,都市：住,1,1,全筆移轉,03200003
RPVNMLPKJIGGFAI18CB,湖子內段新民小段,33.75,都市：住,100000,1536,持分移轉,00100000
RPQNMLPKJIGGFAI67CB,頂庄段,31.62,都市：住,100000,5297,持分移轉,06430000
RPWNMLPKJIGGFAI28CB,湖子內段新民小段,34.01,都市：住,100000,1548,持分移轉,00100000
RPTNMLQKJIGGFAI08CB,盧厝段,10.52,都市：住,83100,1052,持分移轉,04110007
RPTNMLQKJIGGFAI08CB,盧厝段,96.00,都市：住,1,1,全筆移轉,04170045
RPTNMLPKJIGGFAI97CB,頂庄段,28.59,都市：住,100000,4789,持分移轉,06430000
RPSNMLQKJIGGFAI97CB,盧厝段,29.27,都市：住,166600,2927,持分移轉,04110000
RPSNMLQKJIGGFAI97CB,盧厝段,10.52,都市：住,83100,1052,持分移轉,04110007
RPTNMLRKJIGGFAI18CB,湖東段,1.00,都市：住,100000,4545,持分移轉,00750000
RPTNMLRKJIGGFAI18CB,湖東段,21.51,都市：住,100000,3639,持分移轉,00760000
RPUNMLRKJIGGFAI28CB,湖東段,1.00,都市：住,100000,4545,持分移轉,00750000
RPUNMLRKJIGGFAI28CB,湖東段,21.47,都市：住,100000,3632,持分移轉,00760000
RPRNMLQKJIGGFAI87CB,盧厝段,10.52,都市：住,83100,1052,持分移轉,04110007
RPRNMLQKJIGGFAI87CB,盧厝段,97.00,都市：住,1,1,全筆移轉,04170042
RPOOMLTKJIGGFAI97CB,湖子內段湖美小段,109.85,都市：住,1,1,全筆移轉,02920000
RPUNMLQKJIGGFAI18CB,盧厝段,10.52,都市：住,83100,1052,持分移轉,04110007
RPUNMLQKJIGGFAI18CB,盧厝段,100.00,都市：住,1,1,全筆移轉,04170036
RPQNMLTKJIGGFAI08CB,湖子內段湖美小段,183.03,都市：住,1,1,全筆移轉,02430000
RPQOMLTKJIGGFAI18CB,湖子內段湖美小段,91.37,都市：住,1,1,全筆移轉,02430003
RPSOMLTKJIGGFAI38CB,湖東段,1.00,都市：住,100000,4545,持分移轉,00750000
RPSOMLTKJIGGFAI38CB,湖東段,21.47,都市：住,100000,3632,持分移轉,00760000
RPROMLTKJIGGFAI28CB,湖東段,1.00,都市：住,100000,4545,持分移轉,00750000
RPROMLTKJIGGFAI28CB,湖東段,33.67,都市：住,100000,5697,持分移轉,00760000
RPPNMLMLJIGGFAI37CB,下路頭段,39.78,都市：住,100000,3011,持分移轉,00920003
RPPOMLTKJIGGFAI08CB,湖子內段湖美小段,95.10,都市：住,1,1,全筆移轉,02430001
RPTOMLTKJIGGFAI48CB,湖東段,1.00,都市：住,100000,4545,持分移轉,00750000
RPTOMLTKJIGGFAI48CB,湖東段,24.41,都市：住,100000,4130,持分移轉,00760000
RPPNMLQLJIGGFAI77CB,盧厝段,29.27,都市：住,166600,2927,持分移轉,04110000
RPPNMLQLJIGGFAI77CB,盧厝段,10.52,都市：住,83100,1052,持分移轉,04110007
RPUOMLTKJIGGFAI58CB,湖東段,1.00,都市：住,100000,4545,持分移轉,00750000
RPUOMLTKJIGGFAI58CB,湖東段,24.41,都市：住,100000,4130,持分移轉,00760000
RPRNMLMLJIGGFAI57CB,下路頭段,44.33,都市：住,100000,3356,持分移轉,00920003
RPQNMLMLJIGGFAI47CB,下路頭段,39.49,都市：住,100000,4063,持分移轉,00920005
RPSNMLQLJIGGFAI08CB,湖子內段新民小段,34.43,都市：住,100000,1567,持分移轉,00100000
RPQNMLOLJIGGFAI67CB,劉厝段玉山小段,23.44,都市：商,130874,2344,持分移轉,01790000
RPOOMLQLJIGGFAI77CB,湖子內段興安小段,100.83,都市：住,1,1,全筆移轉,03200000
RPWNMLQLJIGGFAI48CB,湖子內段興安小段,91.53,都市：住,1,1,全筆移轉,03200008
RPROMLQLJIGGFAI08CB,湖子內段興安小段,109.94,都市：住,1,1,全筆移轉,01360005
RPPNMLOJKIGGFAI47CB,湖子內段興安小段,119.25,都市：住,1,1,全筆移轉,01360001
RPQNMLQJKIGGFAI77CB,彌陀段日新小段,44.59,都市：住,100000,3210,持分移轉,00450000
RPSOMLTLLHHGFAI68CB,竹圍子段二小段,33.26,都市：商,10000000,229063,持分移轉,00220000
RPTOMLTLLHHGFAI78CB,竹圍子段二小段,33.26,都市：商,10000000,229063,持分移轉,00220000
RPVOMLTLLHHGFAI98CB,竹圍子段二小段,46.22,都市：商,10000000,318320,持分移轉,00220000
RPUOMLTLLHHGFAI88CB,竹圍子段二小段,31.35,都市：商,10000000,215909,持分移轉,00220000
