﻿鄉鎮市區,交易標的,土地位置建物門牌,土地面積平方公尺,都市土地使用分區,非都市土地使用分區,非都市土地使用編定,租賃年月日,租賃筆棟數,租賃層次,總樓層數,建物型態,主要用途,主要建材,建築完成年月,建物總面積平方公尺,建物現況格局-房,建物現況格局-廳,建物現況格局-衛,建物現況格局-隔間,有無管理組織,有無附傢俱,總額元,單價元平方公尺,車位類別,車位面積平方公尺,車位總額元,備註,編號
The villages and towns urban district,transaction sign,land sector position building sector house number plate,land shifting total area square meter,the use zoning or compiles and checks,the non-metropolis land use district,non-metropolis land use,transaction year month and day,transaction pen number,shifting level,total floor number,building state,main use,main building materials,construction to complete the years,building shifting total area,Building present situation pattern - room,building present situation pattern - hall,building present situation pattern - health,building present situation pattern - compartmented,Whether there is manages the organization,Whether there is attaches the furniture,total price NTD,the unit price (NTD / square meter),the berth category,berth shifting total area square meter,the berth total price NTD,the note,serial number
寶山鄉,建物,新竹縣寶山鄉嵩翠路８０巷２２弄２號,0.0,,山坡地保育區,丙種建築用地,1100807,土地0建物1車位0,全,3,透天厝,住家用,鋼筋混凝土造,0950828,424.92,3,5,5,有,有,有,44000,104,,0.0,0,,RPROMLLKQHGGFCJ48CC
湖口鄉,房地(土地+建物)+車位,新竹縣湖口鄉中正路三段２６巷２３號四樓之１,39.6,住,,,1100808,土地2建物1車位1,四層,9,華廈(10層含以下有電梯),集合住宅,鋼筋混凝土造,1090429,109.06,3,2,2,有,有,有,14000,128,一樓平面,0.0,0,,RPSNMLLKQHGGFDJ68DC
湖口鄉,建物,新竹縣湖口鄉光復東路３１號三樓,0.0,,工業區,丁種建築用地,1100727,土地0建物1車位0,三層,5,公寓(5樓含以下無電梯),住家用,鋼筋混凝土造,0840512,89.53,3,2,2,有,無,有,16000,179,,0.0,0,,RPSOMLNKQHGGFDJ88CC
湖口鄉,建物,新竹縣湖口鄉蘭州街２８９號,0.0,,工業區,丁種建築用地,1100731,土地0建物1車位0,全,4,透天厝,住家用,鋼筋混凝土造,,213.76,3,2,3,有,無,有,20000,94,,0.0,0,,RPTOMLNKQHGGFDJ98CC
湖口鄉,建物,新竹縣湖口鄉安宅一街１２４號,0.0,,工業區,丁種建築用地,1100729,土地0建物1車位0,全,4,透天厝,住家用,鋼筋混凝土造,0811231,172.07,4,2,3,有,無,有,20000,116,,0.0,0,,RPUOMLNKQHGGFDJ09CC
竹北市,建物,新竹縣竹北市六家一路一段１４０號十五樓之二,0.0,商,,,1100731,土地0建物1車位0,十五層,15,住宅大樓(11層含以上有電梯),住家用,鋼筋混凝土造,1000707,96.73,1,1,1,有,有,有,16000,165,,0.0,0,,RPRPMLNKQHGGFBJ68CC
竹北市,建物,新竹縣竹北市光明九路３８號七樓之十一,0.0,商,,,1100801,土地0建物1車位0,七層,11,住宅大樓(11層含以上有電梯),商業用,鋼筋混凝土造,0910627,42.2,1,1,1,有,有,有,15500,367,,0.0,0,,RPUPMLNKQHGGFBJ98CC
竹北市,房地(土地+建物)+車位,新竹縣竹北市惟馨街９５號１１樓之３,65.93,工,,,1100805,土地1建物1車位5,十一層,13,廠辦,廠房,鋼筋混凝土造,1060712,282.66999999999996,0,0,0,無,有,無,84000,297,坡道平面,142.4,0,,RPPPMLSKQHGGFBJ98CC
竹北市,建物,新竹縣竹北市成功二街１４５號７樓之１,0.0,商,,,1100803,土地0建物1車位0,七層,8,套房(1房1廳1衛),商業用,鋼筋混凝土造,0970619,30.93,1,1,1,有,有,有,13000,420,,0.0,0,,RPTNMLTKQHGGFBJ66CC
竹北市,建物,新竹縣竹北市嘉興二街１號１３樓,0.0,住,,,1100806,土地0建物1車位1,十三層,14,住宅大樓(11層含以上有電梯),住家用,鋼筋混凝土造,1040901,165.34,3,2,2,有,有,有,25000,151,坡道平面,0.0,0,,RPVNMLTKQHGGFBJ86CC
竹北市,建物,新竹縣竹北市成功六街２２９號１２樓之３,0.0,住,,,1100814,土地0建物1車位2,十二層,14,華廈(10層含以下有電梯),住家用,鋼筋混凝土造,0980113,235.29000000000002,3,2,2,有,有,有,28380,121,坡道平面,0.0,0,,RPXNMLTKQHGGFBJ07CC
竹北市,建物,新竹縣竹北市臺元一街６之２號,0.0,工,,,1100812,土地0建物1車位0,一層,10,廠辦,工業用,鋼筋混凝土造,1020318,465.24,0,0,0,無,有,無,170000,365,,0.0,0,,RPSNMLKLQHGGFBJ38CC
竹北市,建物,新竹縣竹北市勝利八街一段２２９號１６樓之１,0.0,住,,,1100813,土地0建物1車位1,十六層,27,住宅大樓(11層含以上有電梯),住家用,鋼筋混凝土造,1050608,158.57999999999998,3,2,2,有,有,無,25000,158,坡道平面,29.81,0,,RPUOMLKLQHGGFBJ68CC
竹北市,建物,新竹縣竹北市福興東路一段３１９號,0.0,其他,,,1100729,土地0建物1車位0,一層,4,店面(店鋪),住商用,鋼筋混凝土造,0950814,267.09,0,0,0,無,無,無,91023,341,,0.0,0,,RPPNMLLLQHGGFBJ28DC
竹北市,建物,新竹縣竹北市逸境新村９４號３樓,0.0,,山坡地保育區,丙種建築用地,1100814,土地0建物1車位0,三層,5,公寓(5樓含以下無電梯),住家用,鋼筋混凝土造,0810130,97.95,3,2,2,有,無,有,12000,123,,0.0,0,,RPWNMLNLQHGGFBJ09CC
竹北市,建物,新竹縣竹北市自強六街１５號,0.0,住,,,1100820,土地0建物1車位1,見其他登記事項,10,店面(店鋪),商業用,鋼筋混凝土造,0970226,209.07,0,1,2,有,有,有,70000,335,坡道平面,26.43,0,租賃期間含免租金裝潢期。租金調整約定：第一年七萬含稅含管理費，第二年起七萬含稅不含管理費，租期八年不調整租金。,RPUPMLOLQHGGFBJ56CC
竹北市,建物,新竹縣竹北市六家一路一段２１５號４樓,0.0,住,,,1100824,土地0建物1車位1,四層,14,住宅大樓(11層含以上有電梯),住家用,鋼筋混凝土造,1030725,135.72,2,2,1,有,有,無,20000,147,坡道平面,0.0,0,,RPUNMLPLQHGGFBJ09CC
竹北市,建物,新竹縣竹北市日興一街５２號４樓,0.0,住,,,1100824,土地0建物1車位1,四層,13,住宅大樓(11層含以上有電梯),住家用,鋼筋混凝土造,0960517,146.95999999999998,3,2,2,有,有,有,22000,150,坡道平面,0.0,0,,RPVNMLPLQHGGFBJ56CC
竹北市,建物,新竹縣竹北市隘口六街３１號８樓之２,0.0,住,,,1100823,土地0建物1車位0,八層,9,華廈(10層含以下有電梯),商業用,鋼筋混凝土造,0970609,37.59,2,1,1,有,有,有,12800,341,,0.0,0,,RPPOMLPLQHGGFBJ68CC
竹北市,建物,新竹縣竹北市環北路一段３５０巷７１號４樓之２,0.0,,特定農業區,甲種建築用地,1100824,土地0建物1車位0,四層,7,華廈(10層含以下有電梯),集合住宅,鋼筋混凝土造,1100325,81.4,2,2,1,有,有,有,16000,197,,0.0,0,,RPROMLPLQHGGFBJ88CC
竹北市,建物,新竹縣竹北市臺元二街一號二樓之六,0.0,工,,,1100816,土地0建物1車位0,二層,10,廠辦,工業用,鋼筋混凝土造,1040109,750.28,0,0,0,無,有,無,222000,296,,0.0,0,,RPOPMLPLQHGGFBJ68CC
竹北市,建物,新竹縣竹北市新工五路１１號２樓之１,0.0,住,,,1100823,土地0建物1車位3,二層,10,華廈(10層含以下有電梯),住家用,鋼筋混凝土造,1030128,119.75999999999999,3,2,2,有,有,有,20000,167,坡道機械,30.81,0,,RPXOMLPLQHGGFBJ96DC
湖口鄉,建物,新竹縣湖口鄉信昌五街３７號,0.0,,鄉村區,乙種建築用地,1100824,土地0建物1車位0,全,4,透天厝,住宅、停車空間,鋼筋混凝土造,1080104,169.09,4,2,4,有,無,有,15000,89,,0.0,0,,RPWNMLPLQHGGFDJ86CC
竹東鎮,建物,新竹縣竹東鎮北興路三段５２２號５樓,0.0,住,,,1100729,土地0建物1車位0,五層,9,華廈(10層含以下有電梯),住家用,鋼筋混凝土造,0820925,98.99,3,1,2,有,無,有,10000,101,,0.0,0,,RPSNMLQLQHGGFCJ09CC
竹北市,建物,新竹縣竹北市北新一街２１號９樓之６,0.0,商,,,1100801,土地0建物1車位0,九層,24,住宅大樓(11層含以上有電梯),集合住宅,鋼筋混凝土造,1091225,123.81,2,1,1,有,有,有,22000,178,,0.0,0,,RPPPMLQLQHGGFBJ88CC
竹北市,建物,新竹縣竹北市莊敬六街１１號十四樓之五,0.0,商,,,1100807,土地0建物1車位0,十四層,15,住宅大樓(11層含以上有電梯),住家用,鋼筋混凝土造,0941114,127.22,2,2,2,有,有,有,19000,149,,0.0,0,,RPQPMLQLQHGGFBJ98CC
竹北市,建物,新竹縣竹北市成功三路１３２號二樓之二,0.0,住,,,1100816,土地0建物1車位0,二層,6,華廈(10層含以下有電梯),商業用,鋼筋混凝土造,0960606,42.35,1,1,1,有,有,有,11000,260,,0.0,0,,RPSPMLQLQHGGFBJ56CC
竹北市,建物,新竹縣竹北市成功六街２２７號七樓之三,0.0,住,,,1100820,土地0建物1車位0,七層,14,住宅大樓(11層含以上有電梯),住家用,鋼筋混凝土造,0980113,235.29000000000002,3,2,2,有,有,有,23000,98,,0.0,0,,RPXPMLQLQHGGFBJ07CC
竹北市,建物,新竹縣竹北市嘉豐六路一段３３號,0.0,住,,,1100829,土地0建物1車位1,見其他登記事項,12,店面(店鋪),住商用,鋼筋混凝土造,0980421,206.0,0,0,0,無,有,無,36000,175,坡道平面,0.0,0,,RPWNMLKMQHGGFBJ88CC
湖口鄉,建物,新竹縣湖口鄉吉安街１６０巷５號,0.0,,鄉村區,乙種建築用地,1100827,土地0建物1車位0,全,4,透天厝,停車空間、集合住宅,鋼筋混凝土造,1020423,187.04,3,2,3,有,有,有,22600,121,,0.0,0,,RPSNMLKMQHGGFDJ68CC
竹北市,建物,新竹縣竹北市十興二街１００號,0.0,住,,,1100827,土地0建物1車位2,一層,14,店面(店鋪),商業用,鋼筋混凝土造,1040901,145.73000000000002,0,0,0,無,有,有,34000,233,坡道平面,0.0,0,車位面積無法分算。租金調整約定：第一年：110/10/15-111/10/14租金為34000元/月。第二年：111/10/15-112/10/14租金為35020元/月。第三年：112/10/15-113/10/14租金為36070元/月。第四年：113/10/15-114/10/14租金為37152元/月。,RPQNMLLMQHGGFBJ38CC
竹北市,建物,新竹縣竹北市臺元二街１號３樓之５,0.0,工,,,1100826,土地0建物1車位0,三層,10,廠辦,工業用,鋼筋混凝土造,1040109,763.7,0,0,0,無,有,無,226400,296,,0.0,0,,RPUNMLLMQHGGFBJ78CC
竹北市,建物,新竹縣竹北市隘口二路２２７號１４樓,0.0,住,,,1100831,土地0建物1車位1,十四層,14,住宅大樓(11層含以上有電梯),住家用,鋼筋混凝土造,1091204,143.03,2,1,1,有,有,有,25000,241,坡道平面,47.49,2000,,RPVQMLLJRHGGFBJ98CC
竹北市,建物,新竹縣竹北市隘口三街２１０號４F之１,0.0,商,,,1100831,土地0建物1車位1,四層,15,住宅大樓(11層含以上有電梯),住家用,鋼筋混凝土造,0991214,131.01,3,2,2,有,有,有,36000,275,坡道平面,29.79,0,,RPSRMLLJRHGGFBJ78CC
竹北市,建物,新竹縣竹北市臺元一街六號六樓之１、２、３、７、８,0.0,工,,,1100830,土地0建物5車位7,六層,10,廠辦,工業用,鋼筋混凝土造,1020318,1509.13,0,0,0,無,有,無,474680,315,坡道平面,0.0,0,,RPPRMLMJRHGGFBJ58CC
竹北市,土地,莊敬段453地號,140.44,住,,,1100820,土地1建物0車位0,,,其他,,,,0.0,0,0,0,有,無,無,12800,91,,0.0,0,租金有調整：第1年至第5年12800元/月，第6年至第10年14500元/月。,RPRRMLMJRHGGFBJ78CC
竹北市,建物,新竹縣竹北市中華路３４８號９樓之６,0.0,住,,,1100831,土地0建物1車位0,九層,13,套房(1房1廳1衛),住家用,鋼筋混凝土造,0850703,37.4,1,0,1,有,有,有,7700,206,,0.0,0,,RPXRMLMJRHGGFBJ76CC
竹東鎮,建物,新竹縣竹東鎮竹中路１２８巷８號２F,0.0,住,,,1100805,土地0建物1車位1,二層,7,華廈(10層含以下有電梯),辦公室,鋼筋混凝土造,0970117,44.64,1,1,1,有,有,有,13000,291,坡道機械,14.34,0,,RPSOMLMJRHGGFCJ68CC
湖口鄉,房地(土地+建物),新竹縣湖口鄉中正路二段１９６號１樓,6665.0,工,,,1100416,土地1建物1車位0,見其他登記事項,4,工廠,工業用,磚造,0600805,750.42,0,0,0,無,無,無,90000,,,0.0,0,原申報書序號:C1JD11004210009更正租賃標的1樓面積約227坪,RPQNMLNJRHGGFDJ58CC
竹北市,建物,新竹縣竹北市嘉豐南路二段１２號,0.0,住,,,1100811,土地0建物0車位0,全,4,透天厝,住家用,鋼筋混凝土造,0970927,53.79,0,0,0,無,無,有,22756,423,,0.0,0,,RPWOMLNJRHGGFBJ09CC
竹北市,建物,新竹縣竹北市高鐵二路３２號１０樓之２,0.0,商,,,1100813,土地0建物1車位1,十層,20,辦公商業大樓,商業用,鋼筋混凝土造,0990106,137.98,0,0,0,無,有,有,48697,426,坡道平面,30.77,3000,,RPQPMLNJRHGGFBJ58CC
竹北市,建物,新竹縣竹北市自強北路１８０號,0.0,住,,,1100901,土地0建物1車位1,見其他登記事項,14,店面(店鋪),住商用,鋼筋混凝土造,0940131,160.23000000000002,2,2,2,有,有,有,40960,256,坡道平面,0.0,0,車位面積無法分算。租賃期間含免租金裝潢期。租金調整約定：   第一年：屋主實拿36000元10%扣繳稅款、二代健保費，管理費由承租方負擔   自第五年起每年調漲實拿租金各1000元，1-4年36000元，第5年37000元，第6年38000元，第7年39000元，第8年40000元，第9年41000元，第10年42000元。,RPWQMLNJRHGGFBJ66CC
竹北市,建物,新竹縣竹北市成功八路１８８號十一樓之一,0.0,商,,,1100825,土地0建物1車位1,十一層,19,住宅大樓(11層含以上有電梯),住家用,鋼筋混凝土造,1031009,162.97,3,2,2,有,有,有,32000,196,坡道平面,31.34,0,租金含管理費。含機車位1個。,RPVQMLRJRHGGFBJ96CC
竹北市,建物,新竹縣竹北市高鐵九路３８號,0.0,,,,1100903,土地0建物1車位3,見其他登記事項,14,店面(店鋪),金融證券辦公室,鋼筋混凝土造,1071130,220.32999999999998,0,0,0,無,有,有,60000,272,坡道平面,115.98,0,租金第一年月租6萬第二年月租7萬.第三年月租8萬,RPPOMLRJRHGGFBJ88DC
竹北市,建物,新竹縣竹北市福興一路９２號十九樓,0.0,商,,,1100904,土地0建物1車位2,十九層,27,住宅大樓(11層含以上有電梯),住家用,鋼筋混凝土造,1031203,260.57,4,2,2,有,有,有,35000,134,坡道平面,60.02,0,,RPPNMLTJRHGGFBJ88CC
竹北市,建物,新竹縣竹北市勝利八街一段２３１號二十五樓之七,0.0,商,,,1100905,土地0建物1車位1,二十五層,27,住宅大樓(11層含以上有電梯),住家用,鋼筋混凝土造,1050608,157.95,3,2,2,有,有,有,25000,158,坡道平面,29.81,0,,RPPQMLTJRHGGFBJ56CC
竹北市,建物,新竹縣竹北市福興一路２０號二樓之六,0.0,商,,,1100822,土地0建物0車位0,二層,15,套房(1房1廳1衛),住家用,鋼筋混凝土造,0991120,25.51,1,0,1,有,有,有,8500,333,,0.0,0,部分承租。本租賃標的未計入共有部分之分算面積。租金含管理費及水費。,RPSQMLTJRHGGFBJ86CC
竹北市,建物,新竹縣竹北市縣政五街２０號７樓,0.0,商,,,1100908,土地0建物1車位0,見其他登記事項,7,華廈(10層含以下有電梯),商業用,鋼筋混凝土造,0931222,49.73,2,1,1,有,有,有,15000,302,,0.0,0,,RPXNMLKKRHGGFBJ88CC
竹北市,建物,新竹縣竹北市勝利八街一段２２７號１７樓之９,0.0,住,,,1100905,土地0建物1車位1,十七層,27,住宅大樓(11層含以上有電梯),住家用,鋼筋混凝土造,1050608,125.33000000000001,2,2,1,有,有,無,15000,120,坡道平面,0.0,0,,RPWPMLKKRHGGFBJ98CC
竹北市,建物,新竹縣竹北市隘口一街３號６樓之２,0.0,商,,,1100905,土地0建物1車位0,六層,10,套房(1房1廳1衛),商業用,鋼筋混凝土造,0970310,38.7,1,1,1,有,有,有,13000,336,,0.0,0,,RPXPMLKKRHGGFBJ09CC
竹北市,建物,新竹縣竹北市福興一路５６號６樓之７,0.0,商,,,1100905,土地0建物1車位1,六層,24,住宅大樓(11層含以上有電梯),住家用,鋼筋混凝土造,1030728,146.09,3,2,2,有,有,有,25031,171,坡道平面,0.0,0,,RPOQMLKKRHGGFBJ28CC
新豐鄉,建物,新竹縣新豐鄉中崙２８５之６號２樓,0.0,,特定農業區,甲種建築用地,1100908,土地0建物1車位0,二層,5,公寓(5樓含以下無電梯),住家用,鋼筋混凝土造,0850711,117.88,3,2,1,有,無,有,13500,115,,0.0,0,,RPOOMLKKRHGGFDJ28CC
湖口鄉,建物,新竹縣湖口鄉中平路一段７０６號６樓,0.0,,特定農業區,甲種建築用地,1100909,土地0建物1車位1,六層,7,華廈(10層含以下有電梯),集合住宅,鋼筋混凝土造,1041010,170.66,3,2,2,有,有,有,17000,125,坡道平面,51.03,2000,,RPQNMLLKRHGGFDJ48CC
竹東鎮,房地(土地+建物)+車位,新竹縣竹東鎮龍鳳路２６號１４F,16.6,商,,,1100826,土地1建物1車位1,十四層,15,住宅大樓(11層含以上有電梯),集合住宅,鋼筋混凝土造,1100317,122.33,3,2,1,有,有,有,21500,176,坡道平面,30.56,0,租金含管理費,RPRNMLLKRHGGFCJ48CC
竹北市,建物,新竹縣竹北市臺元一街一號十三樓之１、２,0.0,工,,,1100903,土地0建物2車位0,十三層,14,廠辦,一般服務業,鋼筋混凝土造,0990305,2063.46,0,0,0,無,有,無,563000,273,,0.0,0,,RPTNMLLKRHGGFBJ58CC
竹北市,建物,新竹縣竹北市復興一街２５３號５樓之１３,0.0,商,,,1100910,土地0建物1車位0,五層,16,套房(1房1廳1衛),商業用,鋼筋混凝土造,0970915,49.69,1,1,1,有,有,有,14000,282,,0.0,0,,RPVNMLLKRHGGFBJ78CC
竹北市,建物,新竹縣竹北市臺元一街六號十樓,0.0,工,,,1100903,土地0建物1車位0,十層,10,廠辦,工業用,鋼筋混凝土造,1020318,1917.6,0,0,0,無,有,無,600000,313,,0.0,0,,RPWNMLLKRHGGFBJ88CC
竹北市,建物,新竹縣竹北市六家五路二段２６０號１１樓,0.0,,,,1100907,土地0建物1車位2,十一層,25,住宅大樓(11層含以上有電梯),住家用,鋼筋混凝土造,1010924,266.94,3,2,2,有,有,有,40000,150,坡道平面,0.0,0,,RPVQMLOKRHGGFBJ76CC
竹北市,建物,新竹縣竹北市莊敬北路２５２號，２５６號，２５８號，２６０號，勝利１２街８號，１０號共六戶,0.0,其他,,,1100820,土地0建物1車位0,一層,3,店面(店鋪),商業用,鋼骨造,1080906,502.99,0,0,0,無,無,無,370000,736,,0.0,0,,RPORMLOKRHGGFBJ88DC
竹北市,建物,新竹縣竹北市臺元一街一號二樓之２,0.0,工,,,1100909,土地0建物1車位0,二層,14,廠辦,一般服務業,鋼筋混凝土造,0990305,426.34,0,0,0,無,有,無,123000,289,,0.0,0,,RPOOMLPKRHGGFBJ58CC
竹北市,建物,新竹縣竹北市新泰路９２號九樓之一,0.0,商,,,1100914,土地0建物1車位0,九層,10,華廈(10層含以下有電梯),住家用,鋼筋混凝土造,0910208,142.17,2,2,2,有,有,有,20000,141,,0.0,0,,RPXPMLPKRHGGFBJ96CC
竹北市,建物,新竹縣竹北市新瀧一街１９號５樓,0.0,商,,,1100902,土地0建物1車位1,見其他登記事項,14,住宅大樓(11層含以上有電梯),住家用,鋼筋混凝土造,1050126,160.79000000000002,2,2,2,有,有,有,25000,155,坡道平面,0.0,0,,RPROMLMLRHGGFBJ68CC
竹東鎮,建物,新竹縣竹東鎮華陽街２１巷２弄５號,0.0,工,,,1100706,土地0建物1車位0,全,2,透天厝,住家用,加強磚造,,111.52,3,2,2,有,無,有,15000,135,,0.0,0,,RPUNMLMLRHGGFCJ98CC
湖口鄉,建物,新竹縣湖口鄉明豐路３１巷８號３樓之５,0.0,住,,,1100922,土地0建物1車位0,三層,5,華廈(10層含以下有電梯),集合住宅,鋼筋混凝土造,1051206,91.61,2,2,1,有,有,有,13000,142,,0.0,0,,RPSPMLNLRHGGFDJ56CC
湖口鄉,建物,新竹縣湖口鄉文化路１０８號５樓,0.0,,工業區,丁種建築用地,1100917,土地0建物1車位0,五層,5,華廈(10層含以下有電梯),住家用,鋼筋混凝土造,0940830,80.96,2,2,2,有,無,有,15000,185,,0.0,0,,RPTPMLNLRHGGFDJ66CC
竹東鎮,建物,新竹縣竹東鎮幸福路１２１巷１５號１０樓,0.0,住,,,1100829,土地0建物1車位0,十層,13,住宅大樓(11層含以上有電梯),住家用,鋼筋混凝土造,0840801,87.57000000000001,2,2,1,有,有,有,10500,120,,0.0,0,,RPUOMLSLRHGGFCJ07CC
竹東鎮,房地(土地+建物),新竹縣竹東鎮光明路２０巷５１弄７２號,82.25,住,,,1100926,土地1建物1車位0,全,2,透天厝,住家用,加強磚造,0690830,101.64,3,2,2,有,無,有,12600,124,,0.0,0,,RPVNMLSLRHGGFCJ17DC
湖口鄉,建物,新竹縣湖口鄉德興路５１９巷５號,0.0,,鄉村區,乙種建築用地,1100928,土地0建物1車位0,全,2,透天厝,住家用,加強磚造,0701126,86.72,2,2,2,有,無,有,12000,138,,0.0,0,,RPRNMLTLRHGGFDJ86CC
新豐鄉,建物,新竹縣新豐鄉新庄子２１之１號３樓之５,0.0,,特定農業區,甲種建築用地,1100928,土地0建物1車位0,三層,11,住宅大樓(11層含以上有電梯),集合住宅,鋼筋混凝土造,1081016,96.22,3,2,2,有,有,有,13500,140,,0.0,0,,RPWPMLKMRHGGFDJ76CC
湖口鄉,房地(土地+建物),新竹縣湖口鄉中正路一段１７２號,331.13,住,,,1100923,土地5建物1車位0,全,3,透天厝,醫院,加強磚造,0650122,1057.92,0,0,3,有,無,無,110000,104,,0.0,0,,RPVPMLKMRHGGFDJ76DC
湖口鄉,房地(土地+建物),新竹縣湖口鄉中正路一段１７２號,367.19,住,,,1100923,土地5建物1車位0,全,3,透天厝,醫院,加強磚造,0650122,1057.92,0,0,3,有,無,無,110000,104,,0.0,0,,RPUOMLLJIIGGFDJ18DC
竹北市,建物,新竹縣竹北市光明六路東二段２６０號,0.0,住,,,1100928,土地0建物1車位1,見其他登記事項,9,店面(店鋪),商業用,鋼筋混凝土造,0980121,270.83,0,0,2,有,有,無,35000,129,坡道平面,0.0,0,114/1/1~116/12/31租金調整至參萬捌仟元整,RPTOMLPJIIGGFBJ28DC
新豐鄉,建物,新竹縣新豐鄉崁頭１９９之１０號５樓,0.0,,特定農業區,甲種建築用地,1100930,土地0建物1車位0,五層,5,公寓(5樓含以下無電梯),住家用,鋼筋混凝土造,0840830,92.51,3,2,2,有,有,有,10000,108,,0.0,0,,RPTNMLPJIIGGFDJ28CC
竹北市,建物,新竹縣竹北市興隆路一段６３１號十樓之一,0.0,住,,,1100925,土地0建物1車位1,十層,15,住宅大樓(11層含以上有電梯),住家用,鋼筋混凝土造,1071026,100.05000000000001,2,2,1,有,有,有,20000,200,坡道機械,20.66,0,租金含管理費。,RPQNMLPJIIGGFBJ77CC
竹北市,建物,新竹縣竹北市光明六路東一段２４９號２樓,0.0,商,,,1100806,土地0建物1車位1,二層,15,辦公商業大樓,商業用,鋼筋混凝土造,0941114,161.34,0,0,0,無,有,無,55125,408,坡道平面,32.73,2625,,RPROMLPJIIGGFBJ97CC
竹北市,建物,新竹縣竹北市勝利八街一段２２９號五樓之六,0.0,商,,,1100917,土地0建物1車位1,五層,27,住宅大樓(11層含以上有電梯),住家用,鋼筋混凝土造,1050608,143.78,3,2,2,有,有,有,30800,214,坡道平面,29.81,0,租金含管理費。,RPXOMLPJIIGGFBJ58CC
竹北市,建物,新竹縣竹北市自強南路８號５樓之８,0.0,商,,,1100914,土地0建物1車位1,五層,23,辦公商業大樓,商業用,鋼筋混凝土造,0960528,167.75,0,0,0,無,有,有,52000,310,坡道機械,0.0,0,,RPSQMLQJIIGGFBJ38CC
竹北市,建物,新竹縣竹北市臺元街３８號２F~２,0.0,工,,,1101001,土地0建物1車位0,二層,8,廠辦,工業用,鋼筋混凝土造,0960607,212.02,0,0,0,無,有,無,60000,283,,0.0,0,,RPVQMLQJIIGGFBJ68CC
竹北市,建物,新竹縣竹北市臺元街３８號５F~５、５F~６、５F~７,0.0,工,,,1100929,土地0建物3車位0,五層,8,廠辦,工業用,鋼筋混凝土造,0960607,818.52,0,0,0,無,有,無,232000,283,,0.0,0,,RPWQMLQJIIGGFBJ78CC
竹北市,建物,新竹縣竹北市臺元街３８號２F~１１,0.0,工,,,1100928,土地0建物1車位0,二層,8,廠辦,工業用,鋼筋混凝土造,0960607,296.52,0,0,0,無,有,無,84000,283,,0.0,0,,RPPRMLQJIIGGFBJ18CC
竹北市,建物,新竹縣竹北市臺元一街六號８F之３、８F之５,0.0,工,,,1100915,土地0建物2車位0,八層,10,廠辦,工業用,鋼筋混凝土造,1020318,1009.06,0,0,0,無,有,無,293000,290,,0.0,0,,RPQRMLQJIIGGFBJ28CC
湖口鄉,房地(土地+建物),新竹縣湖口鄉光復南路１２號,1952.0,,工業區,丁種建築用地,1101001,土地1建物1車位0,三層,3,工廠,停車空間．廠房．辦公室,鋼骨造,0860805,330.57,0,0,0,無,無,有,75000,,,0.0,0,部分租賃,RPSNMLQJIIGGFDJ28CC
湖口鄉,建物,新竹縣湖口鄉蘭州街２２７號,0.0,,工業區,丁種建築用地,1100917,土地0建物1車位0,全,3,透天厝,住家用,鋼筋混凝土造,0821004,138.84,4,2,2,有,無,有,15000,108,,0.0,0,,RPXOMLRJIIGGFDJ98CC
湖口鄉,建物,新竹縣湖口鄉湖中路３０８巷９號,0.0,,特定農業區,甲種建築用地,1100924,土地0建物1車位0,全,4,透天厝,住家用,鋼筋混凝土造,1070323,175.44,4,2,3,有,無,有,23000,131,,0.0,0,,RPPPMLRJIIGGFDJ28CC
竹北市,建物,新竹縣竹北市六家五路一段２４６號４樓,0.0,住,,,1100925,土地0建物1車位1,四層,14,住宅大樓(11層含以上有電梯),住家用,鋼筋混凝土造,1001202,158.76999999999998,2,2,2,有,有,有,22000,139,坡道機械,0.0,0,,RPVNMLRJIIGGFBJ48CC
竹北市,建物,新竹縣竹北市成功十一街１４２號６樓,0.0,住,,,1100926,土地0建物1車位1,六層,14,住宅大樓(11層含以上有電梯),住家用,鋼筋混凝土造,1000128,176.24,3,2,2,有,有,無,25000,142,坡道平面,0.0,0,,RPXNMLRJIIGGFBJ68CC
竹北市,建物,新竹縣竹北市勝利八街一段３２５號５樓之５,0.0,住,,,1101002,土地0建物1車位1,五層,14,住宅大樓(11層含以上有電梯),住家用,鋼筋混凝土造,1061103,106.21000000000001,2,2,1,有,有,有,20000,188,坡道平面,0.0,0,,RPOOMLRJIIGGFBJ87CC
竹北市,建物,新竹縣竹北市新瀧一街１７號２樓,0.0,商,,,1101004,土地0建物1車位1,二層,24,住宅大樓(11層含以上有電梯),住家用,鋼筋混凝土造,1050126,114.53999999999999,2,2,1,有,有,有,20700,196,坡道機械,16.55,1500,,RPOOMLSJIIGGFBJ97CC
竹北市,建物,新竹縣竹北市隘口六街３５號六樓之９,0.0,住,,,1101001,土地0建物1車位0,六層,9,華廈(10層含以下有電梯),商業用,鋼筋混凝土造,0970609,51.24,2,1,1,有,有,有,17000,332,,0.0,0,,RPSOMLSJIIGGFBJ38CC
竹北市,建物,新竹縣竹北市莊敬五街６８之２號二樓,0.0,商,,,1100918,土地0建物1車位0,二層,15,住宅大樓(11層含以上有電梯),住家用,鋼筋混凝土造,0950519,105.76,2,1,2,有,有,有,15000,142,,0.0,0,,RPOPMLSJIIGGFBJ08CC
竹北市,建物,新竹縣竹北市中正東路３７１巷６號１樓,0.0,住,,,1100923,土地0建物1車位0,一層,12,住宅大樓(11層含以上有電梯),住家用,鋼筋混凝土造,0861209,162.44,3,2,2,有,有,有,20000,123,,0.0,0,,RPWPMLSJIIGGFBJ88CC
新豐鄉,建物,新竹縣新豐鄉新庄路１３５巷５號１０樓,0.0,住,,,1100927,土地0建物1車位0,十層,11,住宅大樓(11層含以上有電梯),住家用,鋼筋混凝土造,0830822,80.16,2,2,1,有,有,有,9200,115,,0.0,0,,RPWNMLSJIIGGFDJ88CC
新豐鄉,建物,新竹縣新豐鄉學府街７２巷１０號４樓之４,0.0,住,,,1100927,土地0建物1車位0,四層,7,華廈(10層含以下有電梯),集合住宅,鋼筋混凝土造,1070213,89.56,3,2,2,有,有,有,23000,257,,0.0,0,,RPPOMLSJIIGGFDJ28CC
湖口鄉,建物,新竹縣湖口鄉松江二街１０５號五樓之１,0.0,,工業區,丁種建築用地,1100927,土地0建物1車位0,五層,5,華廈(10層含以下有電梯),集合住宅,鋼筋混凝土造,1020610,82.78,2,2,2,有,有,有,17000,205,,0.0,0,,RPROMLSJIIGGFDJ48CC
湖口鄉,建物,新竹縣湖口鄉松江一街８號三樓,0.0,,工業區,丁種建築用地,1100923,土地0建物1車位0,三層,5,華廈(10層含以下有電梯),住家用,鋼筋混凝土造,0810902,108.35,3,2,2,有,無,有,13900,128,,0.0,0,,RPVOMLSJIIGGFDJ88CC
竹東鎮,建物,新竹縣竹東鎮中興路三段３８８號八樓,0.0,住,,,1100930,土地0建物1車位0,八層,12,住宅大樓(11層含以上有電梯),住家用,鋼筋混凝土造,0850507,115.9,3,2,2,有,有,有,16000,138,,0.0,0,,RPTPMLSJIIGGFCJ68CC
湖口鄉,建物,新竹縣湖口鄉永安街３４巷１６弄１１號,0.0,,鄉村區,乙種建築用地,1100928,土地0建物1車位0,一層,1,其他,住家用,磚石造,,68.2,3,2,1,有,無,有,13000,191,,0.0,0,此物件為平房,RPSNMLMKIIGGFDJ97CC
湖口鄉,建物,新竹縣湖口鄉蘭州街２００號四樓,0.0,,工業區,丁種建築用地,1100930,土地0建物1車位0,四層,5,華廈(10層含以下有電梯),住家用,鋼筋混凝土造,0820119,101.4,3,2,2,有,無,有,15000,148,,0.0,0,,RPTNMLMKIIGGFDJ08CC
竹北市,建物,新竹縣竹北市北新一街１９號２０樓之１,0.0,商,,,1100922,土地0建物1車位0,二十層,24,住宅大樓(11層含以上有電梯),集合住宅,鋼筋混凝土造,1091225,129.84,3,2,2,有,有,有,40000,308,,0.0,0,,RPQNMLMKIIGGFBJ57CC
竹北市,建物,新竹縣竹北市中正西路７１巷１弄６號,0.0,住,,,1100930,土地0建物1車位0,一層,3,公寓(5樓含以下無電梯),住家用,加強磚造,0651028,69.48,3,2,1,有,無,有,13200,190,,0.0,0,,RPPOMLMKIIGGFBJ57CC
竹北市,建物,新竹縣竹北市長青路一段１０８巷６２弄３１號二樓,0.0,,特定農業區,甲種建築用地,1101006,土地0建物1車位0,二層,5,華廈(10層含以下有電梯),集合住宅,鋼筋混凝土造,1100407,97.78,3,2,2,有,有,有,15000,153,,0.0,0,,RPPPMLMKIIGGFBJ67CC
竹北市,建物,新竹縣竹北市臺元街３０號,0.0,工,,,1101004,土地0建物1車位0,一層,6,廠辦,工業用,鋼筋混凝土造,0900612,1002.8,0,0,0,無,有,無,246570,246,,0.0,0,,RPPOMLNKIIGGFBJ67CC
竹北市,建物,新竹縣竹北市臺元一街１號４F~２,0.0,工,,,1101006,土地0建物1車位1,四層,14,廠辦,一般服務業,鋼筋混凝土造,0990305,482.64,0,0,0,無,有,無,141000,292,坡道平面,0.0,0,,RPROMLNKIIGGFBJ87CC
竹北市,建物,新竹縣竹北市臺元一街１號１０F~１,0.0,工,,,1101006,土地0建物1車位5,十層,14,廠辦,一般服務業,鋼筋混凝土造,0990305,983.38,0,0,0,無,有,無,296000,301,坡道平面,0.0,0,,RPSOMLNKIIGGFBJ97CC
關西鎮,建物,新竹縣關西鎮中正路７０號２樓,0.0,住,,,1101008,土地0建物1車位0,二層,6,華廈(10層含以下有電梯),住家用,鋼筋混凝土造,0870901,107.8,3,2,2,有,有,有,11000,102,,0.0,0,,RPUPMLNKIIGGFBJ28CC
竹北市,建物,新竹縣竹北市縣政九路１３５巷２０弄１號６樓之８,0.0,商,,,1101013,土地0建物1車位0,六層,10,套房(1房1廳1衛),商業用,鋼筋混凝土造,0940524,37.68,1,1,1,有,有,有,11000,292,,0.0,0,,RPRPMLOKIIGGFBJ08CC
湖口鄉,房地(土地+建物),新竹縣湖口鄉中正路一段１７２號,400.79,住,,,1100923,土地5建物1車位0,全,4,透天厝,醫院,加強磚造,0650122,1057.92,0,0,3,有,無,無,110000,104,,0.0,0,,RPTNMLOKIIGGFDJ28CC
湖口鄉,房地(土地+建物),新竹縣湖口鄉中正路一段１７２號,331.13,住,,,1100923,土地5建物1車位0,全,4,透天厝,醫院,加強磚造,0650122,1057.92,0,0,3,有,無,無,110000,104,,0.0,0,,RPQOMLOKIIGGFDJ08CC
湖口鄉,建物,新竹縣湖口鄉明豐路３１巷２號５樓之５,0.0,住,,,1101013,土地0建物1車位0,五層,5,華廈(10層含以下有電梯),集合住宅,鋼筋混凝土造,1051206,122.96,3,2,2,有,有,有,14500,118,,0.0,0,,RPROMLOKIIGGFDJ18CC
芎林鄉,土地,上德段282地號,140.52,農,,,1101006,土地1建物0車位0,,,其他,,,,0.0,0,0,0,有,無,無,12750,91,,0.0,0,,RPVNMLOKIIGGFCJ38CC
竹北市,建物,新竹縣竹北市勝利十一路２６２號十三樓之八,0.0,商,,,1101003,土地0建物1車位1,十三層,23,住宅大樓(11層含以上有電梯),住家用,鋼筋混凝土造,1051101,145.75,2,2,2,有,有,有,29000,199,坡道平面,25.88,0,租金含管理費。本次承租車位為同所有權人、同棟他戶產權之車位，故車位及公設面積以其申報，車位面積依謄本持分比例137/100000面積登錄。,RPPPMLSKIIGGFBJ28CC
竹北市,建物,新竹縣竹北市文義街１３６號４樓之９,0.0,住,,,1101019,土地0建物1車位0,四層,7,套房(1房1廳1衛),商業用,鋼筋混凝土造,0950821,50.55,1,0,1,有,有,有,11000,218,,0.0,0,,RPQPMLTKIIGGFBJ48CC
竹北市,建物,新竹縣竹北市嘉豐南路一段６０號九樓,0.0,住,,,1101003,土地0建物1車位2,九層,20,住宅大樓(11層含以上有電梯),住家用,鋼筋混凝土造,1021110,400.91999999999996,4,2,3,有,有,有,80000,200,坡道平面,77.1,0,,RPSPMLTKIIGGFBJ68CC
寶山鄉,建物,新竹縣寶山鄉雙豐二街９號４樓,0.0,住,,,1101019,土地0建物1車位0,四層,6,華廈(10層含以下有電梯),住家用,鋼筋混凝土造,,104.48,3,2,2,有,有,有,13500,129,,0.0,0,,RPUOMLTKIIGGFCJ88CC
湖口鄉,建物,新竹縣湖口鄉中山路一段５８８號４樓之８,0.0,商,,,1101019,土地0建物1車位0,四層,15,住宅大樓(11層含以上有電梯),集合住宅,鋼筋混凝土造,1080621,109.27000000000001,2,2,2,有,有,有,16000,146,,0.0,0,,RPROMLTKIIGGFDJ68CC
湖口鄉,建物,新竹縣湖口鄉明德街２２９巷１９號,0.0,住,,,1101018,土地0建物1車位0,一層,9,華廈(10層含以下有電梯),住家用,鋼筋混凝土造,0840313,122.47,2,2,1,有,有,有,12000,98,,0.0,0,,RPOPMLKLIIGGFDJ67CC
竹北市,建物,新竹縣竹北市臺元街３８號６F~２,0.0,工,,,1101014,土地0建物1車位0,六層,8,廠辦,工業用,鋼筋混凝土造,0960607,211.78,0,0,0,無,有,無,60000,283,,0.0,0,,RPSOMLKLIIGGFBJ77CC
竹北市,建物,新竹縣竹北市臺元一街六號７F~６,0.0,工,,,1101012,土地0建物1車位0,七層,10,廠辦,工業用,鋼筋混凝土造,1020318,292.33,0,0,0,無,有,無,86600,296,,0.0,0,,RPTOMLKLIIGGFBJ87CC
竹北市,建物,新竹縣竹北市華興街２６２巷５８號６樓,0.0,住,,,1101019,土地0建物1車位0,六層,6,華廈(10層含以下有電梯),住家用,鋼筋混凝土造,0820602,114.57,3,1,1,有,有,有,15000,131,,0.0,0,,RPSPMLKLIIGGFBJ87CC
竹北市,建物,新竹縣竹北市興隆路三段３５號六樓,0.0,住,,,1101008,土地0建物1車位2,見其他登記事項,13,住宅大樓(11層含以上有電梯),住家用,鋼筋混凝土造,0950710,208.45,4,2,3,有,有,有,45000,216,坡道平面,0.0,0,,RPPOMLLLIIGGFBJ57CC
竹北市,建物,新竹縣竹北市光明三路３７號五樓之一,0.0,商,,,1101003,土地0建物1車位0,五層,8,華廈(10層含以下有電梯),住家用,鋼筋混凝土造,0840124,39.42,2,2,1,有,無,有,13000,330,,0.0,0,,RPRPMLLLIIGGFBJ87CC
竹北市,建物,新竹縣竹北市科大一路２５２號二樓,0.0,住,,,1101009,土地0建物1車位1,二層,14,住宅大樓(11層含以上有電梯),住家用,鋼筋混凝土造,1061030,172.49,3,2,2,有,有,有,28000,162,坡道平面,29.02,0,租金含管理費。,RPTPMLLLIIGGFBJ08CC
竹北市,建物,新竹縣竹北市臺元街３８號５F~１、２、３,0.0,工,,,1101019,土地0建物3車位2,五層,8,廠辦,工業用,鋼筋混凝土造,0960607,673.77,0,0,0,無,有,無,195200,290,坡道平面,0.0,0,,RPSNMLMLIIGGFBJ87CC
竹北市,建物,新竹縣竹北市光明六路東二段４６０號十樓之１,0.0,商,,,1101019,土地0建物1車位2,十層,19,住宅大樓(11層含以上有電梯),住家用,鋼筋混凝土造,0991230,423.81000000000006,3,2,4,有,有,有,80000,189,坡道平面,57.64,0,,RPVOMLPLIIGGFBJ58CC
竹北市,建物,新竹縣竹北市復興二路２５９號１６樓之１,0.0,商,,,1101015,土地0建物1車位1,十六層,24,住宅大樓(11層含以上有電梯),集合住宅,鋼筋混凝土造,1091226,47.73,1,1,1,有,有,有,25000,524,坡道平面,30.35,0,,RPWPMLQLIIGGFBJ88CC
湖口鄉,建物,新竹縣湖口鄉德和路７６巷４８弄１２號５樓,0.0,,鄉村區,乙種建築用地,1101023,土地0建物1車位0,五層,5,華廈(10層含以下有電梯),住家用,鋼筋混凝土造,0891123,129.34,4,2,2,有,有,有,10000,77,,0.0,0,,RPVNMLQLIIGGFDJ78CC
竹北市,建物,新竹縣竹北市莊敬三路４９號,0.0,,,,1101020,土地0建物1車位0,一層,5,店面(店鋪),店舖、辦公室、住宅、樓梯間、屋頂平台、電梯機房,鋼筋混凝土造,1091106,153.33,0,0,0,無,無,無,80000,522,,0.0,0,,RPOOMLRLIIGGFBJ18DC
竹北市,建物,新竹縣竹北市臺元街３０號３F~１,0.0,工,,,1101026,土地0建物1車位0,三層,6,廠辦,工業用,鋼筋混凝土造,0900612,1401.02,0,0,0,無,有,無,375000,268,,0.0,0,,RPQPMLRLIIGGFBJ38CC
竹北市,建物,新竹縣竹北市成功十三街２６號九樓,0.0,住,,,1101022,土地0建物1車位1,九層,10,辦公商業大樓,辦公室,鋼筋混凝土造,1040604,136.03,0,0,0,無,有,有,25000,184,坡道平面,36.64,0,房屋用途做辦公室使用。,RPUPMLRLIIGGFBJ78CC
竹北市,建物,新竹縣竹北市嘉興路３６２巷６２號,0.0,住,,,1101005,土地0建物1車位0,全,4,透天厝,住家用,鋼筋混凝土造,0920115,221.16,3,2,3,有,無,有,25000,113,,0.0,0,,RPTNMLSLIIGGFBJ58CC
竹北市,建物,新竹縣竹北市十興路３１２號１１樓之３,0.0,住,,,1101017,土地0建物1車位1,十一層,22,住宅大樓(11層含以上有電梯),住家用,鋼筋混凝土造,1070920,124.5,2,2,1,有,有,有,20000,161,坡道平面,0.0,0,,RPVNMLSLIIGGFBJ78CC
竹北市,建物,新竹縣竹北市新瀧一街１５號１８樓,0.0,商,,,1101016,土地0建物1車位1,十八層,24,住宅大樓(11層含以上有電梯),住家用,鋼筋混凝土造,1050126,157.71,4,2,2,有,無,有,26000,165,坡道平面,36.41,0,,RPWPMLSLIIGGFBJ09CC
竹北市,建物,新竹縣竹北市中華路７９３號８樓,0.0,住,,,1101014,土地0建物1車位0,八層,10,華廈(10層含以下有電梯),住家用,鋼筋混凝土造,0870901,105.04,3,2,2,有,有,有,16000,152,,0.0,0,,RPXOMLTLIIGGFBJ56CC
竹北市,建物,新竹縣竹北市新興路２７巷７號４樓,0.0,住,,,1101012,土地0建物1車位0,四層,8,華廈(10層含以下有電梯),住家用,鋼筋混凝土造,0830730,111.9,3,2,2,有,有,有,14000,125,,0.0,0,,RPOPMLTLIIGGFBJ38CC
竹北市,房地(土地+建物),新竹縣竹北市莊敬北路８２號,19.44,住,,,1101101,土地1建物1車位0,一層,20,店面(店鋪),商業用,鋼筋混凝土造,0950929,172.54,0,0,0,無,無,有,105000,609,,0.0,0,,RPSOMLLJJIGGFBJ77CC
竹東鎮,房地(土地+建物),新竹縣竹東鎮生產街７８巷９號４樓,31.26,住,,,1100916,土地1建物1車位0,四層,5,公寓(5樓含以下無電梯),住家用,鋼筋混凝土造,0861020,115.83,3,2,2,有,無,有,9500,82,,0.0,0,,RPTNMLLJJIGGFCJ87CC
竹東鎮,房地(土地+建物),新竹縣竹東鎮中豐路８５巷２弄８號,63.0,住,,,1101006,土地2建物1車位0,全,2,透天厝,住家用,加強磚造,,113.52,4,2,2,有,無,有,12000,106,,0.0,0,,RPUNMLLJJIGGFCJ97CC
竹北市,房地(土地+建物)+車位,新竹縣竹北市六家五路一段２１７號十二樓,16.12,商,,,1101018,土地1建物1車位1,十二層,14,住宅大樓(11層含以上有電梯),住家用,鋼筋混凝土造,1030127,60.19,2,2,1,有,有,有,29800,495,坡道機械,0.0,0,,RPUNMLMJJIGGFBJ08DC
新豐鄉,建物,新竹縣新豐鄉建興路二段４３２之１號８樓,0.0,,特定農業區,甲種建築用地,1101029,土地0建物1車位0,八層,8,華廈(10層含以下有電梯),住家用,鋼筋混凝土造,1040910,101.24,3,2,2,有,有,有,13000,128,,0.0,0,,RPSNMLMJJIGGFDJ97CC
新豐鄉,建物,新竹縣新豐鄉康泰路４０號２樓之１,0.0,住,,,1101027,土地0建物1車位0,二層,5,套房(1房1廳1衛),住家用,鋼筋混凝土造,0950615,31.24,1,1,1,有,有,有,6200,198,,0.0,0,,RPTNMLMJJIGGFDJ08CC
竹北市,建物,新竹縣竹北市臺元一街六號５F之１、２及８F之１、２、６、７、８,0.0,工,,,1101026,土地0建物7車位0,見其他登記事項,10,廠辦,工業用,鋼筋混凝土造,1020318,2126.66,0,0,0,無,有,無,625500,294,,0.0,0,,RPPOMLMJJIGGFBJ57CC
竹北市,建物,新竹縣竹北市臺元街３８號３F~３,0.0,工,,,1101028,土地0建物1車位0,三層,8,廠辦,工業用,鋼筋混凝土造,0960607,248.37,0,0,0,無,有,無,71000,286,,0.0,0,,RPQOMLMJJIGGFBJ67CC
竹北市,建物,新竹縣竹北市隘口一街３號六樓之一,0.0,住,,,1101022,土地0建物1車位1,六層,10,華廈(10層含以下有電梯),商業用,鋼筋混凝土造,0970310,67.28,2,1,1,有,有,有,18000,268,坡道平面,28.58,0,,RPPOMLNJJIGGFBJ67CC
竹北市,建物,新竹縣竹北市科大一路５６號十二樓,0.0,住,,,1101025,土地0建物1車位1,十二層,13,住宅大樓(11層含以上有電梯),住家用,鋼筋混凝土造,1000901,181.25,3,2,2,有,有,有,30000,166,坡道平面,28.8,0,租金含管理費。,RPTPMLOJJIGGFBJ28CC
竹北市,建物,新竹縣竹北市莊敬三路２５６號,0.0,商,,,1101026,土地0建物1車位1,見其他登記事項,29,店面(店鋪),商業用,鋼筋混凝土造,1040417,227.14,0,2,2,有,有,無,60000,264,坡道平面,0.0,0,租賃期間含免租金裝潢期。車位面積無法分算。租金調漲：民國110年11月1日至114年10月31日：新台幣60000元。民國114年11月1日至118年10月31日：新台幣65000元。民國118年11月1日至120年10月31日：新台幣70000元。,RPXNMLPJJIGGFBJ58CC
湖口鄉,建物,新竹縣湖口鄉中湖路４１９巷８號,0.0,,特定農業區,丁種建築用地,1101012,土地0建物1車位0,見其他登記事項,1,工廠,廠房,鋼骨造,1040805,1320.67,0,0,0,無,無,無,240000,,,0.0,0,第1年月租金24萬；第2~3年月租金25萬。,RPURMLSJJIGGFDJ56CC
竹北市,建物,新竹縣竹北市復興一街２５３號１４樓之２,0.0,商,,,1101029,土地0建物1車位1,見其他登記事項,16,套房(1房1廳1衛),商業用,鋼筋混凝土造,0970915,53.06,1,1,1,有,有,有,17000,320,坡道平面,0.0,0,,RPTNMLTJJIGGFBJ58CC
竹北市,建物,新竹縣竹北市隘口二街２２７號１１樓,0.0,住,,,1101101,土地0建物1車位1,見其他登記事項,14,住宅大樓(11層含以上有電梯),住家用,鋼筋混凝土造,1091204,143.03,2,1,1,有,有,有,27000,189,坡道平面,0.0,0,,RPUNMLTJJIGGFBJ68CC
竹北市,建物,新竹縣竹北市高鐵一路２８號樓,0.0,商,,,1101027,土地0建物1車位4,見其他登記事項,14,店面(店鋪),商業用,鋼筋混凝土造,1010821,485.31,0,0,0,無,有,無,100000,206,坡道平面,129.84,0,,RPROMLTJJIGGFBJ48CC
竹北市,建物,新竹縣竹北市嘉豐六路二段１３號,0.0,住,,,1101019,土地0建物0車位0,一層,4,店面(店鋪),住商用,鋼筋混凝土造,1010321,107.88,0,1,1,有,無,有,55000,510,,0.0,0,,RPXOMLTJJIGGFBJ09CC
新豐鄉,建物,新竹縣新豐鄉康泰路４０號５樓之７,0.0,住,,,1101108,土地0建物1車位0,五層,5,套房(1房1廳1衛),住家用,鋼筋混凝土造,0950615,28.2,1,0,1,有,有,有,6200,220,,0.0,0,,RPRNMLKKJIGGFDJ77CC
新豐鄉,建物,新竹縣新豐鄉尚仁街１９號,0.0,住,,,1101110,土地0建物1車位0,一層,1,店面(店鋪),商業用,鋼筋混凝土造,,79.64,0,0,1,有,無,無,28445,357,,0.0,0,,RPOPMLKKJIGGFDJ67CC
