﻿編號,土地位置,土地移轉面積(平方公尺),使用分區或編定,權利人持分分母,權利人持分分子,移轉情形,地號
The serial number, land position,land shifting area square meter,the use zoning or compiles and checks,,,,land parcel
RPPNMLSKQHGGFBK78CB,文發段,42.65,都市：住,100000,2914,持分移轉,06260000
RPQNMLSKQHGGFDK09CB,海口段海口小段,14.67,都市：住,100000,2120,持分移轉,04090004
RPQNMLSKQHGGFDK09CB,海口段海口小段,19.72,都市：住,100000,2120,持分移轉,04090005
RPTNMLQLQHGGFFK86CB,公園段,9.84,都市：商,100000,559,持分移轉,00120000
RPTNMLQLQHGGFFK86CB,公園段,1.79,都市：商,100000,559,持分移轉,00130000
RPTNMLQLQHGGFFK86CB,公園段,1.12,都市：商,100000,559,持分移轉,00140000
RPTNMLQLQHGGFFK86CB,公園段,1.42,都市：商,100000,559,持分移轉,00150000
RPPNMLSKQHGGFDK98CB,海口段海口小段,14.67,都市：住,100000,2120,持分移轉,04090004
RPPNMLSKQHGGFDK98CB,海口段海口小段,19.72,都市：住,100000,2120,持分移轉,04090005
RPPNMLQLQHGGFFK09CB,公園段,8.38,都市：商,100000,476,持分移轉,00120000
RPPNMLQLQHGGFFK09CB,公園段,1.52,都市：商,100000,476,持分移轉,00130000
RPPNMLQLQHGGFFK09CB,公園段,.96,都市：商,100000,476,持分移轉,00140000
RPPNMLQLQHGGFFK09CB,公園段,1.21,都市：商,100000,476,持分移轉,00150000
RPSNMLQLQHGGFFK76CB,公園段,9.84,都市：商,100000,559,持分移轉,00120000
RPSNMLQLQHGGFFK76CB,公園段,1.79,都市：商,100000,559,持分移轉,00130000
RPSNMLQLQHGGFFK76CB,公園段,1.12,都市：商,100000,559,持分移轉,00140000
RPSNMLQLQHGGFFK76CB,公園段,1.42,都市：商,100000,559,持分移轉,00150000
RPWNMLQLQHGGFFK17CB,公園段,9.84,都市：商,100000,559,持分移轉,00120000
RPWNMLQLQHGGFFK17CB,公園段,1.79,都市：商,100000,559,持分移轉,00130000
RPWNMLQLQHGGFFK17CB,公園段,1.12,都市：商,100000,559,持分移轉,00140000
RPWNMLQLQHGGFFK17CB,公園段,1.42,都市：商,100000,559,持分移轉,00150000
RPXNMLQLQHGGFFK27CB,公園段,7.00,都市：商,100000,398,持分移轉,00120000
RPXNMLQLQHGGFFK27CB,公園段,1.27,都市：商,100000,398,持分移轉,00130000
RPXNMLQLQHGGFFK27CB,公園段,.80,都市：商,100000,398,持分移轉,00140000
RPXNMLQLQHGGFFK27CB,公園段,1.01,都市：商,100000,398,持分移轉,00150000
RPQNMLRLQHGGFBK88CB,英才段,42.90,都市：住,1000,125,持分移轉,10420001
RPQNMLRLQHGGFDK56DB,大同段,73.17,都市：住,1,1,全筆移轉,12290060
RPQNMLRLQHGGFDK56DB,大同段,23.92,都市：住,8,1,持分移轉,12290070
RPSNMLLJRHGGFFK88DB,公園段,14.98,都市：商,100000,647,持分移轉,00430000
RPTNMLLJRHGGFFK98DB,公園段,14.82,都市：商,100000,640,持分移轉,00430000
RPOOMLLJRHGGFFK58DB,公園段,14.82,都市：商,100000,640,持分移轉,00430000
RPPNMLLJRHGGFDK28CB,龍山段,102.65,都市：住,1,1,全筆移轉,03850010
RPPOMLLJRHGGFFK68DB,公園段,17.53,都市：商,100000,757,持分移轉,00430000
RPQNMLMJRHGGFDK48CB,淡文湖段,72.00,非都市：特定農業區 ; 非都市編定：甲種建築用地,1,1,全筆移轉,11220038
RPQNMLMJRHGGFDK48CB,淡文湖段,3.19,非都市：特定農業區 ; 非都市編定：甲種建築用地,181,1,持分移轉,11220004
RPQNMLMJRHGGFDK48CB,淡文湖段,4.80,非都市：特定農業區 ; 非都市編定：甲種建築用地,61,1,持分移轉,11220068
RPQNMLMJRHGGFDK48CB,淡文湖段,.69,非都市：特定農業區 ; 非都市編定：甲種建築用地,61,1,持分移轉,11220050
RPQNMLMJRHGGFDK48CB,淡文湖段,6.80,非都市：特定農業區 ; 非都市編定：甲種建築用地,61,1,持分移轉,11220069
RPQNMLMJRHGGFDK48CB,淡文湖段,.85,非都市：特定農業區 ; 非都市編定：甲種建築用地,61,1,持分移轉,11220022
RPRNMLMJRHGGFDK58CB,淡文湖段,65.00,非都市：特定農業區 ; 非都市編定：甲種建築用地,1,1,全筆移轉,11220005
RPRNMLMJRHGGFDK58CB,淡文湖段,3.19,非都市：特定農業區 ; 非都市編定：甲種建築用地,181,1,持分移轉,11220004
RPRNMLMJRHGGFDK58CB,淡文湖段,4.80,非都市：特定農業區 ; 非都市編定：甲種建築用地,61,1,持分移轉,11220068
RPRNMLMJRHGGFDK58CB,淡文湖段,.69,非都市：特定農業區 ; 非都市編定：甲種建築用地,61,1,持分移轉,11220050
RPRNMLMJRHGGFDK58CB,淡文湖段,6.80,非都市：特定農業區 ; 非都市編定：甲種建築用地,61,1,持分移轉,11220069
RPRNMLMJRHGGFDK58CB,淡文湖段,.85,非都市：特定農業區 ; 非都市編定：甲種建築用地,61,1,持分移轉,11220022
RPPNMLTLQHGGFBK09DB,頭屋段一小段,30.75,都市：住,10000,300,持分移轉,04590025
RPRNMLMJRHGGFFK78CB,公園段,7.00,都市：商,100000,398,持分移轉,00120000
RPRNMLMJRHGGFFK78CB,公園段,1.27,都市：商,100000,398,持分移轉,00130000
RPRNMLMJRHGGFFK78CB,公園段,.80,都市：商,100000,398,持分移轉,00140000
RPRNMLMJRHGGFFK78CB,公園段,1.01,都市：商,100000,398,持分移轉,00150000
RPSNMLMJRHGGFFK88CB,公園段,9.84,都市：商,100000,559,持分移轉,00120000
RPSNMLMJRHGGFFK88CB,公園段,1.79,都市：商,100000,559,持分移轉,00130000
RPSNMLMJRHGGFFK88CB,公園段,1.12,都市：商,100000,559,持分移轉,00140000
RPSNMLMJRHGGFFK88CB,公園段,1.42,都市：商,100000,559,持分移轉,00150000
RPSNMLPJRHGGFDK98CB,大同段,106.09,都市：住,1,1,全筆移轉,11640009
RPPNMLQJRHGGFFK09DB,斗換坪段新華小段,121.00,都市：農,1,1,全筆移轉,03170003
RPQNMLQJRHGGFDK98DB,崎工段,92.00,非都市：工業區 ; 非都市編定：丁種建築用地,1,1,全筆移轉,01520000
RPQNMLSKQHGGFBK88CB,文發段,43.18,都市：住,100000,2950,持分移轉,06260000
RPUNMLOLQHGGFBK98CB,館興段,34.26,都市：住,10000,289,持分移轉,03240000
RPRNMLRLQHGGFBK09DB,頭屋段一小段,30.75,都市：住,10000,300,持分移轉,04590025
RPUNMLQLQHGGFFK96CB,公園段,9.84,都市：商,100000,559,持分移轉,00120000
RPUNMLQLQHGGFFK96CB,公園段,1.79,都市：商,100000,559,持分移轉,00130000
RPUNMLQLQHGGFFK96CB,公園段,1.12,都市：商,100000,559,持分移轉,00140000
RPUNMLQLQHGGFFK96CB,公園段,1.42,都市：商,100000,559,持分移轉,00150000
RPPNMLRJRHGGFDK88CB,大同段,55.82,都市：住,1,1,全筆移轉,11640002
RPPNMLRJRHGGFDK88CB,大同段,36.10,都市：住,10,1,持分移轉,11640000
RPQNMLRJRHGGFDK98CB,大同段,70.28,都市：住,1,1,全筆移轉,11640003
RPQNMLRJRHGGFDK98CB,大同段,36.10,都市：住,10,1,持分移轉,11640000
RPSNMLRJRHGGFDK56CB,大同段,59.01,都市：住,1,1,全筆移轉,11640013
RPSNMLRJRHGGFDK56CB,大同段,36.10,都市：住,10,1,持分移轉,11640000
RPTNMLRJRHGGFDK66CB,大同段,61.43,都市：住,1,1,全筆移轉,11640014
RPTNMLRJRHGGFDK66CB,大同段,36.10,都市：住,10,1,持分移轉,11640000
RPPNMLSJRHGGFFK66DB,中華段,104.43,都市：其他:住宅區,1,1,全筆移轉,07160000
RPPNMLTJRHGGFBK88CB,文峰段,2.60,都市：住,100000,1960,持分移轉,05910000
RPPNMLTJRHGGFBK88CB,文峰段,32.72,都市：住,100000,1960,持分移轉,05920000
RPQNMLTJRHGGFBK98CB,文峰段,2.51,都市：住,100000,1893,持分移轉,05910000
RPQNMLTJRHGGFBK98CB,文峰段,31.60,都市：住,100000,1893,持分移轉,05920000
RPQNMLQKQHGGFBK68CB,文峰段,2.51,都市：住,100000,1893,持分移轉,05910000
RPQNMLQKQHGGFBK68CB,文峰段,31.60,都市：住,100000,1893,持分移轉,05920000
RPTNMLQLQHGGFBK09CB,文發段,14.70,都市：住,100000,1004,持分移轉,06260000
RPRNMLTJRHGGFBK09CB,文峰段,2.54,都市：住,100000,1919,持分移轉,05910000
RPRNMLTJRHGGFBK09CB,文峰段,32.03,都市：住,100000,1919,持分移轉,05920000
RPRNMLKKRHGGFBK28CB,文發段,14.70,都市：住,100000,1004,持分移轉,06260000
RPQNMLMJRHGGFFK68CB,公園段,9.84,都市：商,100000,559,持分移轉,00120000
RPQNMLMJRHGGFFK68CB,公園段,1.79,都市：商,100000,559,持分移轉,00130000
RPQNMLMJRHGGFFK68CB,公園段,1.12,都市：商,100000,559,持分移轉,00140000
RPQNMLMJRHGGFFK68CB,公園段,1.42,都市：商,100000,559,持分移轉,00150000
RPSNMLKKRHGGFBK38CB,文發段,14.70,都市：住,100000,1004,持分移轉,06260000
RPPNMLKKRHGGFDK28CB,新南段,23.59,都市：住,100000,452,持分移轉,00040000
RPRNMLKKRHGGFDK48CB,新南段,23.59,都市：住,100000,452,持分移轉,00040000
RPSNMLKKRHGGFDK58CB,新南段,18.68,都市：住,100000,358,持分移轉,00040000
RPPNMLLKRHGGFDK38CB,海口段海口小段,13.79,都市：住,100000,1993,持分移轉,04090004
RPPNMLLKRHGGFDK38CB,海口段海口小段,18.53,都市：住,100000,1993,持分移轉,04090005
RPTNMLNKRHGGFBK78CB,文峰段,167.00,都市：住,1,1,全筆移轉,05980005
RPUNMLNKRHGGFBK88CB,文峰段,107.38,都市：住,1,1,全筆移轉,05980004
RPVNMLNKRHGGFBK98CB,文峰段,111.53,都市：住,1,1,全筆移轉,05980002
RPPNMLNKRHGGFFK88DB,公園段,16.07,都市：商,100000,694,持分移轉,00380000
RPPNMLOKRHGGFBK58DB,縣府段,32.98,都市：其他:住,923,99,持分移轉,08810000
RPRNMLOKRHGGFBK78DB,縣府段,30.98,都市：住,923,93,持分移轉,08810000
RPRNMLOKRHGGFCK78CB,苑西段,26.55,都市：住,100000,1234,持分移轉,10360000
RPRNMLOKRHGGFBK68CB,文峰段,38.33,都市：住,10000,529,持分移轉,05980000
RPTNMLOKRHGGFBK88CB,文峰段,38.33,都市：住,10000,529,持分移轉,05980000
RPUNMLOKRHGGFBK98CB,文峰段,38.33,都市：住,10000,529,持分移轉,05980000
RPRNMLRJRHGGFDK09CB,大同段,63.37,都市：住,1,1,全筆移轉,11640004
RPRNMLRJRHGGFDK09CB,大同段,36.10,都市：住,10,1,持分移轉,11640000
RPPNMLTJRHGGFDK09CB,龍山段,27.50,都市：住,10000,929,持分移轉,03850009
RPPNMLKKRHGGFBK08CB,文發段,14.70,都市：住,100000,1004,持分移轉,06260000
RPQNMLQKRHGGFDK98CB,龍椅段,53.83,都市：住,10000,844,持分移轉,04500000
RPPNMLQKRHGGFDK98DB,大同段,74.80,都市：住,1,1,全筆移轉,12290064
RPPNMLQKRHGGFDK98DB,大同段,23.92,都市：住,8,1,持分移轉,12290070
RPRNMLQKRHGGFDK09CB,龍椅段,87.97,都市：住,1,1,全筆移轉,04500004
RPPNMLNJRHGGFBK38DB,維祥段維祥小段,14.10,非都市：鄉村區 ; 非都市編定：乙種建築用地,10000,63,持分移轉,03540000
RPPNMLNJRHGGFBK38DB,維新段,19.18,非都市：鄉村區 ; 非都市編定：乙種建築用地,10000,63,持分移轉,00290000
RPTNMLQKRHGGFDK66CB,新南段,25.62,都市：住,100000,491,持分移轉,00040000
RPUNMLQKRHGGFDK76CB,新南段,22.65,都市：住,100000,434,持分移轉,00040000
RPVNMLQKRHGGFDK86CB,龍椅段,87.97,都市：住,1,1,全筆移轉,04500005
RPRNMLRKRHGGFDK56CB,淡文湖段,68.00,非都市：特定農業區 ; 非都市編定：甲種建築用地,1,1,全筆移轉,11220005
RPRNMLRKRHGGFDK56CB,淡文湖段,3.19,非都市：特定農業區 ; 非都市編定：甲種建築用地,181,1,持分移轉,11220004
RPRNMLRKRHGGFDK56CB,淡文湖段,4.80,非都市：特定農業區 ; 非都市編定：甲種建築用地,61,1,持分移轉,11220068
RPRNMLRKRHGGFDK56CB,淡文湖段,.69,非都市：特定農業區 ; 非都市編定：甲種建築用地,61,1,持分移轉,11220050
RPRNMLRKRHGGFDK56CB,淡文湖段,6.80,非都市：特定農業區 ; 非都市編定：甲種建築用地,61,1,持分移轉,11220069
RPRNMLRKRHGGFDK56CB,淡文湖段,.85,非都市：特定農業區 ; 非都市編定：甲種建築用地,61,1,持分移轉,11220022
RPXOMLKLRHGGFFK86CB,公園段,14.82,都市：商,100000,640,持分移轉,00430000
RPTNMLLLRHGGFFK09CB,公園段,14.82,都市：商,100000,640,持分移轉,00430000
RPWNMLNKRHGGFBK09CB,文峰段,117.25,都市：住,1,1,全筆移轉,05980001
RPUNMLLLRHGGFFK56CB,公園段,14.82,都市：商,100000,640,持分移轉,00430000
RPVNMLLLRHGGFFK66CB,公園段,14.82,都市：商,100000,640,持分移轉,00430000
RPPNMLMLRHGGFDK68DB,新生段,5.01,都市：商,100000,650,持分移轉,06150000
RPPNMLMLRHGGFDK68DB,新生段,7.02,都市：商,100000,651,持分移轉,06160000
RPQNMLMLRHGGFDK78DB,新生段,5.13,都市：商,100000,666,持分移轉,06150000
RPQNMLMLRHGGFDK78DB,新生段,7.18,都市：商,100000,666,持分移轉,06160000
RPPNMLNLRHGGFDK68CB,新南段,23.01,都市：住,100000,441,持分移轉,00040000
RPRNMLNLRHGGFDK88CB,淡文湖段,65.00,非都市：特定農業區 ; 非都市編定：甲種建築用地,1,1,全筆移轉,11220009
RPRNMLNLRHGGFDK88CB,淡文湖段,3.19,非都市：特定農業區 ; 非都市編定：甲種建築用地,181,1,持分移轉,11220004
RPRNMLNLRHGGFDK88CB,淡文湖段,4.80,非都市：特定農業區 ; 非都市編定：甲種建築用地,61,1,持分移轉,11220068
RPRNMLNLRHGGFDK88CB,淡文湖段,.69,非都市：特定農業區 ; 非都市編定：甲種建築用地,61,1,持分移轉,11220050
RPRNMLNLRHGGFDK88CB,淡文湖段,6.80,非都市：特定農業區 ; 非都市編定：甲種建築用地,61,1,持分移轉,11220069
RPRNMLNLRHGGFDK88CB,淡文湖段,.85,非都市：特定農業區 ; 非都市編定：甲種建築用地,61,1,持分移轉,11220022
RPTNMLNLRHGGFDK09CB,淡文湖段,85.00,非都市：特定農業區 ; 非都市編定：甲種建築用地,1,1,全筆移轉,11220024
RPTNMLNLRHGGFDK09CB,淡文湖段,3.19,非都市：特定農業區 ; 非都市編定：甲種建築用地,181,1,持分移轉,11220004
RPTNMLNLRHGGFDK09CB,淡文湖段,4.80,非都市：特定農業區 ; 非都市編定：甲種建築用地,61,1,持分移轉,11220068
RPTNMLNLRHGGFDK09CB,淡文湖段,.69,非都市：特定農業區 ; 非都市編定：甲種建築用地,61,1,持分移轉,11220050
RPTNMLNLRHGGFDK09CB,淡文湖段,6.80,非都市：特定農業區 ; 非都市編定：甲種建築用地,61,1,持分移轉,11220069
RPTNMLNLRHGGFDK09CB,淡文湖段,.85,非都市：特定農業區 ; 非都市編定：甲種建築用地,61,1,持分移轉,11220022
RPUNMLNLRHGGFDK56CB,淡文湖段,67.00,非都市：特定農業區 ; 非都市編定：甲種建築用地,1,1,全筆移轉,11220058
RPUNMLNLRHGGFDK56CB,淡文湖段,3.19,非都市：特定農業區 ; 非都市編定：甲種建築用地,181,1,持分移轉,11220004
RPUNMLNLRHGGFDK56CB,淡文湖段,4.80,非都市：特定農業區 ; 非都市編定：甲種建築用地,61,1,持分移轉,11220068
RPUNMLNLRHGGFDK56CB,淡文湖段,.69,非都市：特定農業區 ; 非都市編定：甲種建築用地,61,1,持分移轉,11220050
RPUNMLNLRHGGFDK56CB,淡文湖段,6.80,非都市：特定農業區 ; 非都市編定：甲種建築用地,61,1,持分移轉,11220069
RPUNMLNLRHGGFDK56CB,淡文湖段,.85,非都市：特定農業區 ; 非都市編定：甲種建築用地,61,1,持分移轉,11220022
RPPNMLMJRHGGFDK38CB,淡文湖段,25.73,非都市：特定農業區 ; 非都市編定：甲種建築用地,100000,858,持分移轉,11220000
RPPNMLMJRHGGFDK38CB,淡文湖段,3.19,非都市：特定農業區 ; 非都市編定：甲種建築用地,181,1,持分移轉,11220004
RPSNMLOKRHGGFBK78CB,文峰段,37.89,都市：住,10000,523,持分移轉,05980000
RPRNMLNLRHGGFBK68CB,頭屋段一小段,23.98,都市：住,10000,234,持分移轉,04590025
RPQNMLOLRHGGFBK68CB,縣府段,33.05,都市：住,10000,1075,持分移轉,08810000
RPPNMLQLRHGGFDK98CB,大同段,91.25,都市：住,1,1,全筆移轉,11640011
RPQNMLRLRHGGFFK76CB,永貞段,76.93,都市：住,1,1,全筆移轉,09380001
RPSNMLRLRHGGFFK96CB,永貞段,93.73,都市：住,1,1,全筆移轉,09380003
RPPNMLRLRHGGFFK76DB,湳湖段,20.62,都市：住,10000,245,持分移轉,09150000
RPSNMLSLRHGGFDK96DB,大同段,74.28,都市：住,1,1,全筆移轉,12290063
RPSNMLSLRHGGFDK96DB,大同段,23.92,都市：住,8,1,持分移轉,12290070
RPSNMLQKRHGGFDK56CB,新南段,22.65,都市：住,100000,434,持分移轉,00040000
RPQNMLRKRHGGFDK09CB,淡文湖段,65.00,非都市：特定農業區 ; 非都市編定：甲種建築用地,1,1,全筆移轉,11220005
RPQNMLRKRHGGFDK09CB,淡文湖段,3.19,非都市：特定農業區 ; 非都市編定：甲種建築用地,181,1,持分移轉,11220004
RPQNMLRKRHGGFDK09CB,淡文湖段,4.80,非都市：特定農業區 ; 非都市編定：甲種建築用地,61,1,持分移轉,11220068
RPQNMLRKRHGGFDK09CB,淡文湖段,.69,非都市：特定農業區 ; 非都市編定：甲種建築用地,61,1,持分移轉,11220050
RPQNMLRKRHGGFDK09CB,淡文湖段,6.80,非都市：特定農業區 ; 非都市編定：甲種建築用地,61,1,持分移轉,11220069
RPQNMLRKRHGGFDK09CB,淡文湖段,.85,非都市：特定農業區 ; 非都市編定：甲種建築用地,61,1,持分移轉,11220022
RPPNMLSLRHGGFDK56CB,仁德段,58.25,都市：住,1,1,全筆移轉,00590034
RPPNMLSLRHGGFDK56CB,仁德段,1.33,都市：住,3,1,持分移轉,00590025
RPPNMLSLRHGGFDK56CB,仁德段,4.50,都市：住,3,1,持分移轉,00590026
RPPNMLSLRHGGFDK56CB,仁德段,4.50,都市：住,3,1,持分移轉,00590031
RPPNMLSLRHGGFDK56CB,仁德段,4.54,都市：住,3,1,持分移轉,00590035
RPPNMLSLRHGGFDK56CB,仁德段,.40,都市：住,19,1,持分移轉,00590051
RPRNMLSLRHGGFDK76CB,仁德段,62.99,都市：住,1,1,全筆移轉,00590037
RPPNMLSLRHGGFDK56CB,仁德段,2.07,都市：住,19,1,持分移轉,00590052
RPRNMLSLRHGGFDK76CB,仁德段,13.57,都市：住,1,1,全筆移轉,00590036
RPPNMLSLRHGGFDK56CB,仁德段,1.73,都市：住,19,1,持分移轉,00590053
RPPNMLSLRHGGFDK56CB,仁德段,.12,都市：住,19,1,持分移轉,00590057
RPPNMLSLRHGGFDK56CB,仁德段,.23,都市：住,19,1,持分移轉,00590056
RPRNMLSLRHGGFDK76CB,仁德段,.40,都市：住,19,1,持分移轉,00590051
RPRNMLSLRHGGFDK76CB,仁德段,2.07,都市：住,19,1,持分移轉,00590052
RPRNMLSLRHGGFDK76CB,仁德段,1.73,都市：住,19,1,持分移轉,00590053
RPRNMLSLRHGGFDK76CB,仁德段,.12,都市：住,19,1,持分移轉,00590057
RPRNMLSLRHGGFDK76CB,仁德段,.23,都市：住,19,1,持分移轉,00590056
RPSNMLSLRHGGFDK86CB,仁德段,70.78,都市：住,1,1,全筆移轉,00590013
RPSNMLSLRHGGFDK86CB,仁德段,13.50,都市：住,1,1,全筆移轉,00590014
RPSNMLSLRHGGFDK86CB,仁德段,13.50,都市：住,1,1,全筆移轉,00590015
RPSNMLSLRHGGFDK86CB,仁德段,.40,都市：住,19,1,持分移轉,00590051
RPSNMLSLRHGGFDK86CB,仁德段,2.07,都市：住,19,1,持分移轉,00590052
RPSNMLSLRHGGFDK86CB,仁德段,1.73,都市：住,19,1,持分移轉,00590053
RPSNMLSLRHGGFDK86CB,仁德段,.12,都市：住,19,1,持分移轉,00590057
RPTNMLSLRHGGFDK96CB,仁德段,80.25,都市：住,1,1,全筆移轉,00590005
RPSNMLSLRHGGFDK86CB,仁德段,.23,都市：住,19,1,持分移轉,00590056
RPTNMLSLRHGGFDK96CB,仁德段,4.00,都市：住,1,1,全筆移轉,00590006
RPTNMLSLRHGGFDK96CB,仁德段,8.58,都市：住,1,1,全筆移轉,00590007
RPTNMLSLRHGGFDK96CB,仁德段,.40,都市：住,19,1,持分移轉,00590051
RPTNMLSLRHGGFDK96CB,仁德段,2.07,都市：住,19,1,持分移轉,00590052
RPTNMLSLRHGGFDK96CB,仁德段,1.73,都市：住,19,1,持分移轉,00590053
RPTNMLSLRHGGFDK96CB,仁德段,.12,都市：住,19,1,持分移轉,00590057
RPTNMLSLRHGGFDK96CB,仁德段,.23,都市：住,19,1,持分移轉,00590056
RPPNMLOKRHGGFBK48CB,文峰段,38.33,都市：住,10000,529,持分移轉,05980000
RPTQMLSLRHGGFDK27CB,仁德段,83.37,都市：住,1,1,全筆移轉,00590055
RPTQMLSLRHGGFDK27CB,仁德段,.40,都市：住,19,1,持分移轉,00590051
RPTQMLSLRHGGFDK27CB,仁德段,2.07,都市：住,19,1,持分移轉,00590052
RPTQMLSLRHGGFDK27CB,仁德段,1.73,都市：住,19,1,持分移轉,00590053
RPTQMLSLRHGGFDK27CB,仁德段,.12,都市：住,19,1,持分移轉,00590057
RPTQMLSLRHGGFDK27CB,仁德段,.23,都市：住,19,1,持分移轉,00590056
RPSNMLNLRHGGFDK98CB,淡文湖段,65.00,非都市：特定農業區 ; 非都市編定：甲種建築用地,1,1,全筆移轉,11220010
RPSNMLNLRHGGFDK98CB,淡文湖段,3.19,非都市：特定農業區 ; 非都市編定：甲種建築用地,181,1,持分移轉,11220004
RPSNMLNLRHGGFDK98CB,淡文湖段,4.80,非都市：特定農業區 ; 非都市編定：甲種建築用地,61,1,持分移轉,11220068
RPSNMLNLRHGGFDK98CB,淡文湖段,.69,非都市：特定農業區 ; 非都市編定：甲種建築用地,61,1,持分移轉,11220050
RPSNMLNLRHGGFDK98CB,淡文湖段,6.80,非都市：特定農業區 ; 非都市編定：甲種建築用地,61,1,持分移轉,11220069
RPSNMLNLRHGGFDK98CB,淡文湖段,.85,非都市：特定農業區 ; 非都市編定：甲種建築用地,61,1,持分移轉,11220022
RPRNMLSLRHGGFBK56CB,頭屋段一小段,25.62,都市：住,10000,250,持分移轉,04590025
RPQNMLSLRHGGFBK09CB,頭屋段一小段,30.75,都市：住,10000,300,持分移轉,04590025
RPUNMLSLRHGGFBK86CB,英才段,30.73,都市：住,10000,1269,持分移轉,10250000
RPVNMLSLRHGGFBK96CB,英才段,42.90,都市：住,1000,125,持分移轉,10420001
RPWNMLSLRHGGFBK07CB,英才段,29.81,都市：住,10000,1231,持分移轉,10250000
RPTPMLTLRHGGFDK27CB,仁德段,90.85,都市：住,1,1,全筆移轉,10430016
RPTPMLTLRHGGFDK27CB,仁德段,3.39,都市：住,1,1,全筆移轉,10430001
RPWPMLTLRHGGFDK57CB,新南段,26.34,都市：住,100000,1879,持分移轉,00320000
RPOVMLTLRHGGFDK37CB,大同段,43.49,都市：住,1000000,26597,持分移轉,08010000
RPPNMLPKRHGGFCK68CB,苑西段,26.55,都市：住,100000,1234,持分移轉,10360000
RPQNMLKMRHGGFDK58CB,大同段,26.34,都市：住,100000,1879,持分移轉,00320000
RPPNMLKMRHGGFDK48CB,新南段,26.34,都市：住,100000,1879,持分移轉,00320000
RPQNMLQLRHGGFDK09CB,大同段,61.43,都市：住,1,1,全筆移轉,11640012
RPQNMLQLRHGGFDK09CB,大同段,36.10,都市：住,10,1,持分移轉,11640000
RPOOMLRLRHGGFFK66CB,永貞段,84.85,都市：住,1,1,全筆移轉,09380010
RPRNMLKMRHGGFDK68CB,仁德段,63.19,都市：住,1,1,全筆移轉,00590017
RPRNMLKMRHGGFDK68CB,仁德段,13.50,都市：住,1,1,全筆移轉,00590016
RPRNMLKMRHGGFDK68CB,仁德段,.40,都市：住,19,1,持分移轉,00590051
RPRNMLKMRHGGFDK68CB,仁德段,2.07,都市：住,19,1,持分移轉,00590052
RPRNMLKMRHGGFDK68CB,仁德段,1.73,都市：住,19,1,持分移轉,00590053
RPRNMLKMRHGGFDK68CB,仁德段,.12,都市：住,19,1,持分移轉,00590057
RPRNMLKMRHGGFDK68CB,仁德段,.23,都市：住,19,1,持分移轉,00590056
RPSNMLKMRHGGFDK78CB,仁德段,104.12,都市：住,1,1,全筆移轉,00590012
RPSNMLKMRHGGFDK78CB,仁德段,3.42,都市：住,1,1,全筆移轉,00590009
RPSNMLKMRHGGFDK78CB,仁德段,.40,都市：住,19,1,持分移轉,00590051
RPSNMLKMRHGGFDK78CB,仁德段,2.07,都市：住,19,1,持分移轉,00590052
RPSNMLKMRHGGFDK78CB,仁德段,1.73,都市：住,19,1,持分移轉,00590053
RPSNMLKMRHGGFDK78CB,仁德段,.12,都市：住,19,1,持分移轉,00590057
RPSNMLKMRHGGFDK78CB,仁德段,.23,都市：住,19,1,持分移轉,00590056
RPSNMLKMRHGGFDK78CB,仁德段,5.00,都市：住,1,1,全筆移轉,00590058
RPUNMLKMRHGGFDK98CB,仁德段,83.60,都市：住,1,1,全筆移轉,00590048
RPUNMLKMRHGGFDK98CB,仁德段,15.56,都市：住,1,1,全筆移轉,00590049
RPUNMLKMRHGGFDK98CB,仁德段,.40,都市：住,19,1,持分移轉,00590051
RPUNMLKMRHGGFDK98CB,仁德段,2.07,都市：住,19,1,持分移轉,00590052
RPUNMLKMRHGGFDK98CB,仁德段,1.73,都市：住,19,1,持分移轉,00590053
RPUNMLKMRHGGFDK98CB,仁德段,.12,都市：住,19,1,持分移轉,00590057
RPUNMLKMRHGGFDK98CB,仁德段,.23,都市：住,19,1,持分移轉,00590056
RPWNMLKMRHGGFDK56CB,仁德段,63.19,都市：住,1,1,全筆移轉,00590022
RPWNMLKMRHGGFDK56CB,仁德段,13.50,都市：住,1,1,全筆移轉,00590021
RPWNMLKMRHGGFDK56CB,仁德段,.40,都市：住,19,1,持分移轉,00590051
RPWNMLKMRHGGFDK56CB,仁德段,2.07,都市：住,19,1,持分移轉,00590052
RPWNMLKMRHGGFDK56CB,仁德段,1.73,都市：住,19,1,持分移轉,00590053
RPWNMLKMRHGGFDK56CB,仁德段,.12,都市：住,19,1,持分移轉,00590057
RPWNMLKMRHGGFDK56CB,仁德段,.23,都市：住,19,1,持分移轉,00590056
RPXNMLKMRHGGFDK66CB,仁德段,72.34,都市：住,1,1,全筆移轉,00590018
RPXNMLKMRHGGFDK66CB,仁德段,13.50,都市：住,1,1,全筆移轉,00590019
RPXNMLKMRHGGFDK66CB,仁德段,13.50,都市：住,1,1,全筆移轉,00590020
RPXNMLKMRHGGFDK66CB,仁德段,.40,都市：住,19,1,持分移轉,00590051
RPXNMLKMRHGGFDK66CB,仁德段,2.07,都市：住,19,1,持分移轉,00590052
RPXNMLKMRHGGFDK66CB,仁德段,1.73,都市：住,19,1,持分移轉,00590053
RPXNMLKMRHGGFDK66CB,仁德段,.12,都市：住,19,1,持分移轉,00590057
RPXNMLKMRHGGFDK66CB,仁德段,.23,都市：住,19,1,持分移轉,00590056
RPQOMLKMRHGGFDK68CB,新南段,22.65,都市：住,100000,434,持分移轉,00040000
RPROMLKMRHGGFDK78CB,新南段,26.41,都市：住,100000,506,持分移轉,00040000
RPSQMLSLRHGGFDK17CB,仁德段,61.41,都市：住,1,1,全筆移轉,00590042
RPSQMLSLRHGGFDK17CB,仁德段,16.30,都市：住,1,1,全筆移轉,00590041
RPSQMLSLRHGGFDK17CB,仁德段,.40,都市：住,19,1,持分移轉,00590051
RPSQMLSLRHGGFDK17CB,仁德段,2.07,都市：住,19,1,持分移轉,00590052
RPSQMLSLRHGGFDK17CB,仁德段,1.73,都市：住,19,1,持分移轉,00590053
RPSQMLSLRHGGFDK17CB,仁德段,.12,都市：住,19,1,持分移轉,00590057
RPSQMLSLRHGGFDK17CB,仁德段,.23,都市：住,19,1,持分移轉,00590056
RPSOMLKMRHGGFDK88CB,新南段,23.59,都市：住,100000,452,持分移轉,00040000
RPVNMLKMRHGGFFK66CB,永貞段,30.18,都市：住,100000,2644,持分移轉,02730000
RPQNMLNLRHGGFBK58CB,建功段,24.54,都市：住,100000,3075,持分移轉,09930000
RPONOLKMRHGGFFK78CB,永貞段,31.90,都市：住,100000,2795,持分移轉,02730000
RPUNOLKMRHGGFFK76CB,仁愛段,28.29,都市：住,10000,54,持分移轉,00410000
RPPVMLTLRHGGFDK47CB,大同段,54.94,都市：住,10000,336,持分移轉,08010000
RPOOOLKMRHGGFFK88CB,仁愛段,28.29,都市：住,10000,54,持分移轉,00410000
RPSOOLKMRHGGFFK66CB,永貞段,30.54,都市：住,100000,2676,持分移轉,02730000
RPXOOLKMRHGGFFK17CB,永貞段,36.19,都市：住,1000000,31708,持分移轉,02730000
RPPPOLKMRHGGFFK09CB,仁愛段,19.91,都市：住,10000,38,持分移轉,00410000
RPRPOLKMRHGGFFK66CB,仁愛段,19.91,都市：住,10000,38,持分移轉,00410000
RPTPOLKMRHGGFFK86CB,仁愛段,19.91,都市：住,10000,38,持分移轉,00410000
RPVNMLKMRHGGFDK09CB,仁德段,63.16,都市：住,1,1,全筆移轉,00590028
RPVNMLKMRHGGFDK09CB,仁德段,13.50,都市：住,1,1,全筆移轉,00590027
RPVNMLKMRHGGFDK09CB,仁德段,.40,都市：住,19,1,持分移轉,00590051
RPVNMLKMRHGGFDK09CB,仁德段,2.07,都市：住,19,1,持分移轉,00590052
RPVNMLKMRHGGFDK09CB,仁德段,1.73,都市：住,19,1,持分移轉,00590053
RPVNMLKMRHGGFDK09CB,仁德段,.12,都市：住,19,1,持分移轉,00590057
RPVNMLKMRHGGFDK09CB,仁德段,.23,都市：住,19,1,持分移轉,00590056
RPUPOLKMRHGGFFK96CB,仁愛段,19.91,都市：住,10000,38,持分移轉,00410000
RPVPOLKMRHGGFFK07CB,仁愛段,19.91,都市：住,10000,38,持分移轉,00410000
RPOOMLKMRHGGFDK48CB,新南段,25.88,都市：住,100000,496,持分移轉,00040000
RPXPOLKMRHGGFFK27CB,仁愛段,28.29,都市：住,10000,54,持分移轉,00410000
RPQQOLKMRHGGFFK66CB,仁愛段,29.34,都市：住,10000,56,持分移轉,00410000
RPRQOLKMRHGGFFK76CB,仁愛段,16.77,都市：住,10000,32,持分移轉,00410000
RPUQOLKMRHGGFFK07CB,永貞段,30.28,都市：住,100000,2653,持分移轉,02730000
RPVQOLKMRHGGFFK17CB,仁愛段,16.77,都市：住,10000,32,持分移轉,00410000
RPWQOLKMRHGGFFK27CB,仁愛段,16.77,都市：住,10000,32,持分移轉,00410000
RPTOMLKMRHGGFDK98CB,新南段,25.62,都市：住,100000,491,持分移轉,00040000
RPXNOLKMRHGGFFK07CB,仁愛段,28.29,都市：住,10000,54,持分移轉,00410000
RPQROLKMRHGGFFK76CB,仁愛段,16.77,都市：住,10000,32,持分移轉,00410000
RPRROLKMRHGGFFK86CB,仁愛段,16.77,都市：住,10000,32,持分移轉,00410000
RPTROLKMRHGGFFK07CB,中華段,54.12,都市：住,1,1,全筆移轉,12970023
RPTROLKMRHGGFFK07CB,中華段,.41,都市：住,25,1,持分移轉,12970025
RPTROLKMRHGGFFK07CB,中華段,23.25,都市：住,25,1,持分移轉,12970026
RPUROLKMRHGGFFK17CB,仁愛段,25.15,都市：住,10000,48,持分移轉,00410000
RPVROLKMRHGGFFK27CB,永貞段,30.55,都市：住,100000,2677,持分移轉,02730000
RPXROLKMRHGGFFK47CB,仁愛段,25.15,都市：住,10000,48,持分移轉,00410000
RPOSOLKMRHGGFFK66CB,仁愛段,20.43,都市：住,10000,39,持分移轉,00410000
RPQSOLKMRHGGFFK86CB,仁愛段,20.43,都市：住,10000,39,持分移轉,00410000
RPTNMLKMRHGGFDK88CB,仁德段,96.39,都市：住,1,1,全筆移轉,00590038
RPTNMLKMRHGGFDK88CB,仁德段,.76,都市：其他:道路用地-公設,1,1,全筆移轉,01140000
RPPOMLKMRHGGFDK58CB,新南段,23.59,都市：住,100000,452,持分移轉,00040000
RPTSOLKMRHGGFFK17CB,仁愛段,20.43,都市：住,10000,39,持分移轉,00410000
RPVSOLKMRHGGFFK37CB,中華段,93.69,都市：住,1,1,全筆移轉,12970024
RPVSOLKMRHGGFFK37CB,中華段,.41,都市：住,25,1,持分移轉,12970025
RPUSOLKMRHGGFFK27CB,仁愛段,26.72,都市：住,10000,51,持分移轉,00410000
RPVSOLKMRHGGFFK37CB,中華段,23.25,都市：住,25,1,持分移轉,12970026
RPPQOLKMRHGGFFK56CB,仁愛段,28.29,都市：住,10000,54,持分移轉,00410000
RPOROLKMRHGGFFK56CB,仁愛段,16.77,都市：住,10000,32,持分移轉,00410000
RPWSOLKMRHGGFFK47CB,仁愛段,26.72,都市：住,10000,51,持分移轉,00410000
RPOTOLKMRHGGFFK76CB,永貞段,30.18,都市：住,100000,2644,持分移轉,02730000
RPPTOLKMRHGGFFK86CB,仁愛段,19.91,都市：住,10000,38,持分移轉,00410000
RPXSOLKMRHGGFFK57CB,仁愛段,26.72,都市：住,10000,51,持分移轉,00410000
RPQTOLKMRHGGFFK96CB,仁愛段,19.91,都市：住,10000,38,持分移轉,00410000
RPSTOLKMRHGGFFK17CB,仁愛段,26.72,都市：住,10000,51,持分移轉,00410000
RPUTOLKMRHGGFFK37CB,仁愛段,27.77,都市：住,10000,53,持分移轉,00410000
RPVTOLKMRHGGFFK47CB,仁愛段,19.39,都市：住,10000,37,持分移轉,00410000
RPPNMLLJIIGGFFK67CB,仁愛段,27.77,都市：住,10000,53,持分移轉,00410000
RPVPMLTLRHGGFDK47CB,新南段,26.34,都市：住,100000,1879,持分移轉,00320000
RPRNMLLJIIGGFFK87CB,仁愛段,27.77,都市：住,10000,53,持分移轉,00410000
RPTNMLLJIIGGFFK08CB,仁愛段,27.77,都市：住,10000,53,持分移轉,00410000
RPWROLKMRHGGFFK37CB,仁愛段,25.15,都市：住,10000,48,持分移轉,00410000
RPSROLKMRHGGFFK96CB,仁愛段,25.15,都市：住,10000,48,持分移轉,00410000
RPUNMLLJIIGGFFK18CB,仁愛段,27.77,都市：住,10000,53,持分移轉,00410000
RPQNMLMJIIGGFFK87CB,仁愛段,18.34,都市：住,10000,35,持分移轉,00410000
RPPNMLLJIIGGFCK37CB,田心段,51.00,非都市：特定農業區 ; 非都市編定：甲種建築用地,1,1,全筆移轉,08170012
RPPNMLLJIIGGFCK37CB,田心段,19.83,非都市：特定農業區 ; 非都市編定：甲種建築用地,12,1,持分移轉,08170004
RPPNMLMJIIGGFFK77CB,仁愛段,28.29,都市：住,10000,54,持分移轉,00410000
RPUNMLMJIIGGFFK28CB,仁愛段,19.91,都市：住,10000,38,持分移轉,00410000
RPTNMLMJIIGGFFK18CB,仁愛段,19.91,都市：住,10000,38,持分移轉,00410000
RPSNMLMJIIGGFFK08CB,仁愛段,19.91,都市：住,10000,38,持分移轉,00410000
RPSSOLKMRHGGFFK07CB,仁愛段,20.43,都市：住,10000,39,持分移轉,00410000
RPWNMLMJIIGGFFK48CB,仁愛段,27.77,都市：住,10000,53,持分移轉,00410000
RPXNMLMJIIGGFFK58CB,仁愛段,26.72,都市：住,10000,51,持分移轉,00410000
RPVNMLMJIIGGFFK38CB,仁愛段,19.91,都市：住,10000,38,持分移轉,00410000
RPTQOLKMRHGGFFK96CB,仁愛段,16.77,都市：住,10000,32,持分移轉,00410000
RPOOMLMJIIGGFFK77CB,仁愛段,19.39,都市：住,10000,37,持分移轉,00410000
RPPOMLMJIIGGFFK87CB,仁愛段,19.39,都市：住,10000,37,持分移轉,00410000
RPQOMLMJIIGGFFK97CB,仁愛段,27.77,都市：住,10000,53,持分移轉,00410000
RPROMLMJIIGGFFK08CB,仁愛段,27.77,都市：住,10000,53,持分移轉,00410000
RPTOMLMJIIGGFFK28CB,仁愛段,19.39,都市：住,10000,37,持分移轉,00410000
RPUOMLMJIIGGFFK38CB,仁愛段,19.39,都市：住,10000,37,持分移轉,00410000
RPVOMLMJIIGGFFK48CB,仁愛段,50.82,都市：住,10000,97,持分移轉,00410000
RPPNMLNJIIGGFCK57CB,田心段,62.00,非都市：特定農業區 ; 非都市編定：甲種建築用地,1,1,全筆移轉,08170008
RPRNMLOJIIGGFBK87DB,維祥段維祥小段,14.55,非都市：鄉村區 ; 非都市編定：乙種建築用地,10000,65,持分移轉,03540000
RPRNMLOJIIGGFBK87DB,維新段,19.79,非都市：鄉村區 ; 非都市編定：乙種建築用地,10000,65,持分移轉,00290000
RPRTOLKMRHGGFFK07CB,仁愛段,27.77,都市：住,10000,53,持分移轉,00410000
RPSNMLLJIIGGFFK97CB,仁愛段,26.72,都市：住,10000,51,持分移轉,00410000
RPQNMLOJIIGGFFK18DB,湳湖段,20.62,都市：住,10000,245,持分移轉,09150000
RPPNMLOJIIGGFFK08DB,湳湖段,20.62,都市：住,10000,245,持分移轉,09150000
RPPNMLPJIIGGFBK67CB,建功段,24.54,都市：住,100000,3075,持分移轉,09930000
RPSNMLPJIIGGFBK97CB,頭屋段一小段,25.73,都市：住,10000,251,持分移轉,04590025
RPPNMLSJIIGGFBK97CB,文發段,28.95,都市：住,100000,1978,持分移轉,06260000
RPQNMLPJIIGGFBK77CB,頭屋段一小段,19.68,都市：住,10000,192,持分移轉,04590025
RPQNMLSJIIGGFBK08CB,文發段,27.11,都市：住,100000,1852,持分移轉,06260000
RPRNMLSJIIGGFBK18CB,文發段,43.18,都市：住,100000,2950,持分移轉,06260000
RPSNMLSJIIGGFBK28CB,文發段,43.18,都市：住,100000,2950,持分移轉,06260000
RPTNMLSJIIGGFBK38CB,文發段,14.70,都市：住,100000,1004,持分移轉,06260000
RPRNMLMJIIGGFFK97CB,仁愛段,19.91,都市：住,10000,38,持分移轉,00410000
RPWNMLSJIIGGFBK68CB,文發段,42.65,都市：住,100000,2914,持分移轉,06260000
RPQNMLSJIIGGFDK28CB,新南段,25.62,都市：住,100000,491,持分移轉,00040000
RPUNMLSJIIGGFFK88CB,光華段,16.36,都市：商,100000,540,持分移轉,14220000
RPVNMLSJIIGGFFK98CB,光華段,16.12,都市：商,100000,532,持分移轉,14220000
RPPNMLTJIIGGFBK08CB,文峰段,37.89,都市：住,10000,523,持分移轉,05980000
RPQNMLTJIIGGFBK18CB,文峰段,37.89,都市：住,10000,523,持分移轉,05980000
RPRNMLTJIIGGFBK28CB,文峰段,37.96,都市：住,10000,524,持分移轉,05980000
RPSNMLTJIIGGFBK38CB,文峰段,38.33,都市：住,10000,529,持分移轉,05980000
RPTNMLTJIIGGFBK48CB,文峰段,38.40,都市：住,10000,530,持分移轉,05980000
RPPNMLTJIIGGFBK18DB,館聖段,45.09,都市：住,8,1,持分移轉,04560004
RPSPNLLKIIGGFFK38CB,仁愛段,19.91,都市：住,10000,38,持分移轉,00410000
RPTPNLLKIIGGFFK48CB,仁愛段,19.91,都市：住,10000,38,持分移轉,00410000
RPUPNLLKIIGGFFK58CB,仁愛段,25.15,都市：住,10000,48,持分移轉,00410000
RPVPNLLKIIGGFFK68CB,仁愛段,20.43,都市：住,10000,39,持分移轉,00410000
RPQNMLLJIIGGFFK77CB,仁愛段,27.77,都市：住,10000,53,持分移轉,00410000
RPRNMLPJIIGGFBK87CB,頭屋段一小段,25.73,都市：住,10000,251,持分移轉,04590025
RPXPNLLKIIGGFFK88CB,仁愛段,27.77,都市：住,10000,53,持分移轉,00410000
RPOQNLLKIIGGFFK08CB,仁愛段,27.77,都市：住,10000,53,持分移轉,00410000
RPPQNLLKIIGGFFK18CB,仁愛段,26.72,都市：住,10000,51,持分移轉,00410000
RPQQNLLKIIGGFFK28CB,仁愛段,19.39,都市：住,10000,37,持分移轉,00410000
RPRQNLLKIIGGFFK38CB,仁愛段,19.39,都市：住,10000,37,持分移轉,00410000
RPTQNLLKIIGGFFK58CB,公園段,14.98,都市：商,100000,647,持分移轉,00430000
RPUQNLLKIIGGFFK68CB,公園段,14.54,都市：商,100000,628,持分移轉,00430000
RPVQNLLKIIGGFFK78CB,公園段,14.54,都市：商,100000,628,持分移轉,00430000
RPWQNLLKIIGGFFK88CB,公園段,17.53,都市：商,100000,757,持分移轉,00430000
RPXQNLLKIIGGFFK98CB,公園段,14.54,都市：商,100000,628,持分移轉,00430000
RPVNMLLJIIGGFFK28CB,仁愛段,27.77,都市：住,10000,53,持分移轉,00410000
RPORNLLKIIGGFFK18CB,仁愛段,29.34,都市：住,10000,56,持分移轉,00410000
RPUNMLTJIIGGFBK58CB,文峰段,109.45,都市：住,1,1,全筆移轉,05980003
RPUNMLSJIIGGFBK48CB,文發段,29.20,都市：住,100000,1995,持分移轉,06260000
RPPRNLLKIIGGFFK28CB,仁愛段,25.15,都市：住,10000,48,持分移轉,00410000
RPQRNLLKIIGGFFK38CB,公園段,14.54,都市：商,100000,628,持分移轉,00430000
RPRRNLLKIIGGFFK48CB,仁愛段,26.72,都市：住,10000,51,持分移轉,00410000
RPSRNLLKIIGGFFK58CB,仁愛段,26.72,都市：住,10000,51,持分移轉,00410000
RPTRNLLKIIGGFFK68CB,仁愛段,26.72,都市：住,10000,51,持分移轉,00410000
RPURNLLKIIGGFFK78CB,仁愛段,27.77,都市：住,10000,53,持分移轉,00410000
RPRSNLLKIIGGFFK58CB,八德段,23.01,都市：住,755,23,持分移轉,18130000
RPPSNLLKIIGGFFK38CB,八德段,16.01,都市：住,755,16,持分移轉,18130000
RPRSNLLKIIGGFFK58CB,八德段,10.01,都市：住,324,10,持分移轉,18140000
RPPSNLLKIIGGFFK38CB,八德段,6.01,都市：住,324,6,持分移轉,18140000
RPQSNLLKIIGGFFK48CB,八德段,25.01,都市：住,755,25,持分移轉,18130000
RPQSNLLKIIGGFFK48CB,八德段,9.01,都市：住,324,9,持分移轉,18140000
RPPNMLOJIIGGFBK67DB,維祥段維祥小段,20.81,非都市：鄉村區 ; 非都市編定：乙種建築用地,10000,93,持分移轉,03540000
RPPNMLOJIIGGFBK67DB,維新段,28.31,非都市：鄉村區 ; 非都市編定：乙種建築用地,10000,93,持分移轉,00290000
RPSSNLLKIIGGFFK68CB,八德段,23.01,都市：住,755,23,持分移轉,18130000
RPSSNLLKIIGGFFK68CB,八德段,10.01,都市：住,324,10,持分移轉,18140000
RPUSNLLKIIGGFFK88CB,八德段,16.01,都市：住,755,16,持分移轉,18130000
RPUSNLLKIIGGFFK88CB,八德段,6.01,都市：住,324,6,持分移轉,18140000
RPWPNLLKIIGGFFK78CB,仁愛段,19.91,都市：住,10000,38,持分移轉,00410000
RPVSNLLKIIGGFFK98CB,八德段,23.01,都市：住,755,23,持分移轉,18130000
RPVSNLLKIIGGFFK98CB,八德段,10.01,都市：住,324,10,持分移轉,18140000
RPWSNLLKIIGGFFK09CB,八德段,24.01,都市：住,755,24,持分移轉,18130000
RPWSNLLKIIGGFFK09CB,八德段,10.01,都市：住,324,10,持分移轉,18140000
RPQTNLLKIIGGFFK58CB,八德段,18.01,都市：住,755,18,持分移轉,18130000
RPQTNLLKIIGGFFK58CB,八德段,8.01,都市：住,324,8,持分移轉,18140000
RPPTNLLKIIGGFFK48CB,八德段,24.01,都市：住,755,24,持分移轉,18130000
RPPTNLLKIIGGFFK48CB,八德段,10.01,都市：住,324,10,持分移轉,18140000
RPRTNLLKIIGGFFK68CB,八德段,18.01,都市：住,755,18,持分移轉,18130000
RPRTNLLKIIGGFFK68CB,八德段,8.01,都市：住,324,8,持分移轉,18140000
RPSTNLLKIIGGFFK78CB,八德段,18.01,都市：住,755,18,持分移轉,18130000
RPSTNLLKIIGGFFK78CB,八德段,8.01,都市：住,324,8,持分移轉,18140000
RPTTNLLKIIGGFFK88CB,八德段,23.01,都市：住,755,23,持分移轉,18130000
RPTTNLLKIIGGFFK88CB,八德段,10.01,都市：住,324,10,持分移轉,18140000
RPSNMLNKIIGGFBK87CB,館興段,34.14,都市：住,10000,288,持分移轉,03240000
RPVNMLNKIIGGFBK18CB,館興段,50.26,都市：住,10000,424,持分移轉,03240000
RPPNMLOKIIGGFBK67CB,館興段,51.09,都市：住,10000,431,持分移轉,03240000
RPXNMLNKIIGGFBK38CB,館興段,51.45,都市：住,10000,434,持分移轉,03240000
RPQNMLOKIIGGFBK77CB,館興段,51.45,都市：住,10000,434,持分移轉,03240000
RPSQNLLKIIGGFFK48CB,仁愛段,19.39,都市：住,10000,37,持分移轉,00410000
RPPNMLOKIIGGFFK18DB,湳湖段,20.62,都市：住,10000,245,持分移轉,09150000
RPQNMLOKIIGGFFK28DB,湳湖段,20.62,都市：住,10000,245,持分移轉,09150000
RPRNMLPKIIGGFCK08CB,苑西段,28.73,都市：住,100000,1335,持分移轉,10360000
RPPNMLPKIIGGFCK87CB,苑西段,20.33,都市：住,100000,945,持分移轉,10360000
RPSNMLPKIIGGFCK18CB,苑西段,26.55,都市：住,100000,1234,持分移轉,10360000
RPUNMLPKIIGGFCK38CB,苑西段,20.33,都市：住,100000,945,持分移轉,10360000
RPVNMLPKIIGGFCK48CB,苑西段,20.33,都市：住,100000,945,持分移轉,10360000
RPSOMLMJIIGGFFK18CB,仁愛段,19.39,都市：住,10000,37,持分移轉,00410000
RPVRNLLKIIGGFFK88CB,仁愛段,19.39,都市：住,10000,37,持分移轉,00410000
RPXNMLPKIIGGFCK68CB,苑西段,20.33,都市：住,100000,945,持分移轉,10360000
RPPNMLPKIIGGFBK77CB,文發段,35.11,都市：住,100000,1724,持分移轉,12160000
RPXSNLLKIIGGFFK56CB,八德段,24.01,都市：住,755,24,持分移轉,18130000
RPXSNLLKIIGGFFK56CB,八德段,10.01,都市：住,324,10,持分移轉,18140000
RPQNMLPKIIGGFBK87CB,文發段,35.07,都市：住,100000,1722,持分移轉,12160000
RPTNMLPKIIGGFBK18CB,文發段,35.05,都市：住,100000,1721,持分移轉,12160000
RPSNMLPKIIGGFBK08CB,文發段,35.09,都市：住,100000,1723,持分移轉,12160000
RPVNMLPKIIGGFBK38CB,文發段,35.05,都市：住,100000,1721,持分移轉,12160000
RPWNMLPKIIGGFBK48CB,文發段,35.07,都市：住,100000,1722,持分移轉,12160000
RPXNMLPKIIGGFBK58CB,文發段,35.07,都市：住,100000,1722,持分移轉,12160000
RPPOMLPKIIGGFBK87CB,文發段,35.07,都市：住,100000,1722,持分移轉,12160000
RPUNMLNKIIGGFBK08CB,館興段,52.51,都市：住,10000,443,持分移轉,03240000
RPQOMLPKIIGGFBK97CB,文發段,35.07,都市：住,100000,1722,持分移轉,12160000
RPROMLPKIIGGFBK08CB,文發段,35.80,都市：住,100000,1758,持分移轉,12160000
RPSOMLPKIIGGFBK18CB,文發段,35.07,都市：住,100000,1722,持分移轉,12160000
RPTOMLPKIIGGFBK28CB,文發段,35.07,都市：住,100000,1722,持分移轉,12160000
RPUOMLPKIIGGFBK38CB,文發段,35.07,都市：住,100000,1722,持分移轉,12160000
RPPNMLPKIIGGFDK97CB,大同段,63.51,都市：住,1,1,全筆移轉,11090013
RPPNMLPKIIGGFDK97CB,大同段,7.40,都市：住,14,1,持分移轉,11090000
RPPNMLPKIIGGFDK97CB,大同段,16.32,都市：住,10,1,持分移轉,11090015
RPPNMLQKIIGGFDK08CB,崎工段,18.33,非都市：工業區 ; 非都市編定：丁種建築用地,9,1,持分移轉,02290000
RPQNMLQKIIGGFDK18CB,崎工段,18.33,非都市：工業區 ; 非都市編定：丁種建築用地,9,1,持分移轉,02290000
RPPNMLQKIIGGFFK28CB,仁愛段,29.34,都市：住,10000,56,持分移轉,00410000
RPRNMLQKIIGGFFK48CB,仁愛段,16.77,都市：住,10000,32,持分移轉,00410000
RPSNMLQKIIGGFFK58CB,仁愛段,20.43,都市：住,10000,39,持分移轉,00410000
RPUNMLQKIIGGFFK78CB,仁愛段,20.43,都市：住,10000,39,持分移轉,00410000
RPVNMLQKIIGGFFK88CB,仁愛段,19.39,都市：住,10000,37,持分移轉,00410000
RPWNMLQKIIGGFFK98CB,仁愛段,19.39,都市：住,10000,37,持分移轉,00410000
RPTSNLLKIIGGFFK78CB,八德段,16.01,都市：住,755,16,持分移轉,18130000
RPTSNLLKIIGGFFK78CB,八德段,6.01,都市：住,324,6,持分移轉,18140000
RPQNMLRKIIGGFDK28CB,大同段,63.50,都市：住,1,1,全筆移轉,11090004
RPQNMLRKIIGGFDK28CB,大同段,7.40,都市：住,14,1,持分移轉,11090000
RPQNMLRKIIGGFDK28CB,大同段,16.32,都市：住,10,1,持分移轉,11090015
RPPNMLSKIIGGFDK28CB,天聲段,56.70,都市：住,1,1,全筆移轉,04660047
RPPNMLSKIIGGFDK28CB,天聲段,3.56,都市：住,27,1,持分移轉,04660000
RPPNMLSKIIGGFDK28CB,天聲段,26.11,都市：住,17,1,持分移轉,04660057
RPPNMLSKIIGGFDK28CB,天聲段,.52,都市：住,27,1,持分移轉,04660058
RPRNMLPKIIGGFBK97CB,文發段,35.72,都市：住,100000,1754,持分移轉,12160000
RPUNMLPKIIGGFBK28CB,文發段,35.05,都市：住,100000,1721,持分移轉,12160000
RPOOMLPKIIGGFBK77CB,文發段,35.07,都市：住,100000,1722,持分移轉,12160000
RPQNMLSKIIGGFDK38CB,仁德段,81.88,都市：住,1,1,全筆移轉,00590024
RPQNMLSKIIGGFDK38CB,仁德段,1.33,都市：住,3,1,持分移轉,00590025
RPQNMLSKIIGGFDK38CB,仁德段,4.50,都市：住,3,1,持分移轉,00590026
RPQNMLSKIIGGFDK38CB,仁德段,.40,都市：住,19,1,持分移轉,00590051
RPQNMLSKIIGGFDK38CB,仁德段,2.07,都市：住,19,1,持分移轉,00590052
RPQNMLSKIIGGFDK38CB,仁德段,1.73,都市：住,19,1,持分移轉,00590053
RPQNMLSKIIGGFDK38CB,仁德段,.12,都市：住,19,1,持分移轉,00590057
RPQNMLSKIIGGFDK38CB,仁德段,.23,都市：住,19,1,持分移轉,00590056
RPQNMLSKIIGGFDK38CB,仁德段,4.50,都市：住,3,1,持分移轉,00590031
RPQNMLSKIIGGFDK38CB,仁德段,4.54,都市：住,3,1,持分移轉,00590035
RPQOMLSKIIGGFBK28CB,福全段,84.60,都市：住,1,1,全筆移轉,11540022
RPQOMLSKIIGGFBK28CB,福全段,15.60,都市：住,1,1,全筆移轉,11540026
RPOTNLLKIIGGFFK38CB,八德段,23.01,都市：住,755,23,持分移轉,18130000
RPOTNLLKIIGGFFK38CB,八德段,10.01,都市：住,324,10,持分移轉,18140000
RPROMLSKIIGGFBK38CB,福全段,15.00,都市：住,1,1,全筆移轉,11540017
RPROMLSKIIGGFBK38CB,福全段,81.42,都市：住,1,1,全筆移轉,11540023
RPSOMLSKIIGGFBK48CB,福全段,15.00,都市：住,1,1,全筆移轉,11540018
RPSOMLSKIIGGFBK48CB,福全段,81.17,都市：住,1,1,全筆移轉,11540024
RPTOMLSKIIGGFBK58CB,福全段,43.64,都市：住,1,1,全筆移轉,11540002
RPTOMLSKIIGGFBK58CB,福全段,56.23,都市：住,1,1,全筆移轉,11540003
RPTOMLSKIIGGFBK58CB,福全段,7.57,都市：住,1,1,全筆移轉,11540005
RPTOMLSKIIGGFBK58CB,福全段,9.82,都市：住,1,1,全筆移轉,11540012
RPQNMLSKIIGGFFK58CB,仁愛段,24.81,都市：住,10000,49,持分移轉,00390001
RPRNMLSKIIGGFFK68CB,仁愛段,24.81,都市：住,10000,49,持分移轉,00390001
RPUNMLSKIIGGFFK98CB,仁愛段,27.35,都市：住,10000,54,持分移轉,00390001
RPVOMLSKIIGGFFK56CB,仁愛段,28.82,都市：住,10000,55,持分移轉,00410000
RPWOMLSKIIGGFFK66CB,仁愛段,19.91,都市：住,10000,38,持分移轉,00410000
RPXOMLSKIIGGFFK76CB,仁愛段,18.34,都市：住,10000,35,持分移轉,00410000
RPOPMLSKIIGGFFK58CB,仁愛段,18.34,都市：住,10000,35,持分移轉,00410000
RPPPMLSKIIGGFFK68CB,仁愛段,18.34,都市：住,10000,35,持分移轉,00410000
RPQPMLSKIIGGFFK78CB,仁愛段,29.34,都市：住,10000,56,持分移轉,00410000
RPSPMLSKIIGGFFK98CB,仁愛段,16.77,都市：住,10000,32,持分移轉,00410000
RPRPMLSKIIGGFFK88CB,仁愛段,29.34,都市：住,10000,56,持分移轉,00410000
RPTPMLSKIIGGFFK09CB,仁愛段,16.77,都市：住,10000,32,持分移轉,00410000
RPUPMLSKIIGGFFK56CB,仁愛段,16.77,都市：住,10000,32,持分移轉,00410000
RPVPMLSKIIGGFFK66CB,仁愛段,16.77,都市：住,10000,32,持分移轉,00410000
RPWPMLSKIIGGFFK76CB,仁愛段,25.15,都市：住,10000,48,持分移轉,00410000
RPXPMLSKIIGGFFK86CB,仁愛段,21.48,都市：住,10000,41,持分移轉,00410000
RPPQMLSKIIGGFFK78CB,仁愛段,19.91,都市：住,10000,38,持分移轉,00410000
RPTNMLQKIIGGFFK68CB,仁愛段,26.72,都市：住,10000,51,持分移轉,00410000
RPWNMLPKIIGGFCK58CB,苑西段,26.55,都市：住,100000,1234,持分移轉,10360000
RPPNMLTKIIGGFBK18CB,福全段,12.92,都市：住,10000,1122,持分移轉,11540014
RPPNMLTKIIGGFBK18CB,福全段,46.29,都市：住,10000,1122,持分移轉,11540020
RPPNMLTKIIGGFBK18CB,福全段,1.35,都市：住,10000,1122,持分移轉,11540028
RPQNMLTKIIGGFBK28CB,福全段,12.92,都市：住,10000,1122,持分移轉,11540014
RPQNMLTKIIGGFBK28CB,福全段,46.29,都市：住,10000,1122,持分移轉,11540020
RPQNMLTKIIGGFBK28CB,福全段,1.35,都市：住,10000,1122,持分移轉,11540028
RPTNMLTKIIGGFBK58CB,福全段,13.09,都市：住,10000,1137,持分移轉,11540014
RPTNMLTKIIGGFBK58CB,福全段,46.91,都市：住,10000,1137,持分移轉,11540020
RPTNMLTKIIGGFBK58CB,福全段,1.37,都市：住,10000,1137,持分移轉,11540028
RPUNMLTKIIGGFBK68CB,福全段,13.09,都市：住,10000,1137,持分移轉,11540014
RPUNMLTKIIGGFBK68CB,福全段,46.91,都市：住,10000,1137,持分移轉,11540020
RPUNMLTKIIGGFBK68CB,福全段,1.37,都市：住,10000,1137,持分移轉,11540028
RPVNMLTKIIGGFBK78CB,福全段,2.64,都市：住,10000,1111,持分移轉,11480003
RPVNMLTKIIGGFBK78CB,福全段,2.25,都市：住,10000,1111,持分移轉,11480004
RPVNMLTKIIGGFBK78CB,福全段,7.62,都市：住,10000,1111,持分移轉,11540000
RPVNMLTKIIGGFBK78CB,福全段,30.13,都市：住,10000,1111,持分移轉,11540009
RPWNMLTKIIGGFBK88CB,福全段,2.64,都市：住,10000,1111,持分移轉,11480003
RPWNMLTKIIGGFBK88CB,福全段,2.25,都市：住,10000,1111,持分移轉,11480004
RPWNMLTKIIGGFBK88CB,福全段,7.62,都市：住,10000,1111,持分移轉,11540000
RPWNMLTKIIGGFBK88CB,福全段,30.13,都市：住,10000,1111,持分移轉,11540009
RPXNMLTKIIGGFBK98CB,英才段,30.73,都市：住,10000,1269,持分移轉,10250000
RPOOMLTKIIGGFBK18CB,英才段,29.81,都市：住,10000,1231,持分移轉,10250000
RPSNMLTKIIGGFDK68CB,仁德段,82.94,都市：住,1,1,全筆移轉,00590054
RPSNMLTKIIGGFDK68CB,仁德段,.40,都市：住,19,1,持分移轉,00590051
RPSNMLTKIIGGFDK68CB,仁德段,2.07,都市：住,19,1,持分移轉,00590052
RPSNMLTKIIGGFDK68CB,仁德段,1.73,都市：住,19,1,持分移轉,00590053
RPSNMLTKIIGGFDK68CB,仁德段,.12,都市：住,19,1,持分移轉,00590057
RPSNMLTKIIGGFDK68CB,仁德段,.23,都市：住,19,1,持分移轉,00590056
RPTNMLTKIIGGFDK78CB,大同段,54.28,都市：住,10000,332,持分移轉,08010000
RPUOMLSKIIGGFBK68CB,福全段,17.39,都市：住,1,1,全筆移轉,11540013
RPUOMLSKIIGGFBK68CB,福全段,98.68,都市：住,1,1,全筆移轉,11540019
RPUOMLSKIIGGFFK09CB,仁愛段,27.35,都市：住,10000,54,持分移轉,00390001
RPVNMLTKIIGGFDK98CB,大同段,54.94,都市：住,10000,336,持分移轉,08010000
RPWNMLTKIIGGFDK09CB,大同段,43.33,都市：住,10000,265,持分移轉,08010000
RPROMLTKIIGGFDK68CB,新南段,26.34,都市：住,100000,1879,持分移轉,00320000
RPPNMLKLIIGGFCK47CB,田心段,73.00,非都市：特定農業區 ; 非都市編定：甲種建築用地,1,1,全筆移轉,08170010
RPPNMLKLIIGGFCK47CB,田心段,19.83,非都市：特定農業區 ; 非都市編定：甲種建築用地,12,1,持分移轉,08170004
RPPNMLKLIIGGFCK47CB,田心段,20.55,非都市：特定農業區 ; 非都市編定：農牧用地,11,1,持分移轉,08180000
RPQNMLTKIIGGFDK58DB,大同段,70.75,都市：住,1,1,全筆移轉,12290056
RPQNMLTKIIGGFDK58DB,大同段,23.92,都市：住,8,1,持分移轉,12290069
RPTOMLTKIIGGFDK88CB,仁德段,61.73,都市：住,1,1,全筆移轉,00590030
RPTOMLTKIIGGFDK88CB,仁德段,1.33,都市：住,3,1,持分移轉,00590025
RPTOMLTKIIGGFDK88CB,仁德段,4.50,都市：住,3,1,持分移轉,00590026
RPTOMLTKIIGGFDK88CB,仁德段,4.50,都市：住,3,1,持分移轉,00590031
RPTOMLTKIIGGFDK88CB,仁德段,4.54,都市：住,3,1,持分移轉,00590035
RPTOMLTKIIGGFDK88CB,仁德段,.40,都市：住,19,1,持分移轉,00590051
RPTOMLTKIIGGFDK88CB,仁德段,2.07,都市：住,19,1,持分移轉,00590052
RPTOMLTKIIGGFDK88CB,仁德段,1.73,都市：住,19,1,持分移轉,00590053
RPTOMLTKIIGGFDK88CB,仁德段,.12,都市：住,19,1,持分移轉,00590057
RPTOMLTKIIGGFDK88CB,仁德段,.23,都市：住,19,1,持分移轉,00590056
RPQNMLKLIIGGFCK57CB,田心段,57.00,非都市：特定農業區 ; 非都市編定：甲種建築用地,1,1,全筆移轉,08170015
RPQNMLKLIIGGFCK57CB,田心段,19.83,非都市：特定農業區 ; 非都市編定：甲種建築用地,12,1,持分移轉,08170004
RPQNMLKLIIGGFCK57CB,田心段,20.55,非都市：特定農業區 ; 非都市編定：農牧用地,11,1,持分移轉,08180000
RPPOMLKLIIGGFDK67CB,仁德段,95.47,都市：住,1,1,全筆移轉,00590047
RPQOMLKLIIGGFDK77CB,仁德段,63.13,都市：住,1,1,全筆移轉,00590033
RPQOMLKLIIGGFDK77CB,仁德段,13.50,都市：住,1,1,全筆移轉,00590032
RPQOMLKLIIGGFDK77CB,仁德段,.40,都市：住,19,1,持分移轉,00590051
RPQOMLKLIIGGFDK77CB,仁德段,2.07,都市：住,19,1,持分移轉,00590052
RPQOMLKLIIGGFDK77CB,仁德段,1.73,都市：住,19,1,持分移轉,00590053
RPQOMLKLIIGGFDK77CB,仁德段,.12,都市：住,19,1,持分移轉,00590057
RPQOMLKLIIGGFDK77CB,仁德段,.23,都市：住,19,1,持分移轉,00590056
RPRNMLKLIIGGFBK57CB,館興段,34.14,都市：住,10000,288,持分移轉,03240000
RPQQMLSKIIGGFFK88CB,仁愛段,27.77,都市：住,10000,53,持分移轉,00410000
RPSNMLKLIIGGFBK67CB,館興段,51.45,都市：住,10000,434,持分移轉,03240000
RPTNMLKLIIGGFBK77CB,館興段,50.26,都市：住,10000,424,持分移轉,03240000
RPVNMLKLIIGGFBK97CB,館興段,51.09,都市：住,10000,431,持分移轉,03240000
RPPNMLLLIIGGFDK67CB,新南段,25.62,都市：住,100000,491,持分移轉,00040000
RPQNMLLLIIGGFDK77CB,新南段,25.62,都市：住,100000,491,持分移轉,00040000
RPRNMLLLIIGGFDK87CB,新南段,23.01,都市：住,100000,441,持分移轉,00040000
RPPNMLLLIIGGFFK97DB,信義段,99.46,都市：住,1,1,全筆移轉,09050004
RPPNMLLLIIGGFFK97DB,信義段,8.07,都市：住,100,55,持分移轉,09050005
RPPNMLPLIIGGFBK87CB,英才段,36.52,都市：住,17,1,持分移轉,10760000
RPRNMLTKIIGGFBK38CB,福全段,12.92,都市：住,10000,1122,持分移轉,11540014
RPRNMLTKIIGGFBK38CB,福全段,46.29,都市：住,10000,1122,持分移轉,11540020
RPRNMLTKIIGGFBK38CB,福全段,1.35,都市：住,10000,1122,持分移轉,11540028
RPPNMLQLIIGGFBK97CB,英才段,41.49,都市：住,1000,125,持分移轉,10370004
RPPNMLQLIIGGFFK38CB,公園段,14.98,都市：商,100000,647,持分移轉,00430000
RPOOMLKLIIGGFDK57CB,仁德段,60.47,都市：住,1,1,全筆移轉,00590011
RPOOMLKLIIGGFDK57CB,仁德段,8.36,都市：住,1,1,全筆移轉,00590008
RPOOMLKLIIGGFDK57CB,仁德段,.26,都市：住,1,1,全筆移轉,00590010
RPOOMLKLIIGGFDK57CB,仁德段,6.02,都市：住,1,1,全筆移轉,00590059
RPOOMLKLIIGGFDK57CB,仁德段,3.00,都市：住,1,1,全筆移轉,00590060
RPOOMLKLIIGGFDK57CB,仁德段,.40,都市：住,19,1,持分移轉,00590051
RPOOMLKLIIGGFDK57CB,仁德段,2.07,都市：住,19,1,持分移轉,00590052
RPOOMLKLIIGGFDK57CB,仁德段,1.73,都市：住,19,1,持分移轉,00590053
RPOOMLKLIIGGFDK57CB,仁德段,.12,都市：住,19,1,持分移轉,00590057
RPOOMLKLIIGGFDK57CB,仁德段,.23,都市：住,19,1,持分移轉,00590056
RPRNMLQLIIGGFFK58CB,公園段,17.53,都市：商,100000,757,持分移轉,00430000
RPSNMLQLIIGGFFK68CB,公園段,14.98,都市：商,100000,647,持分移轉,00430000
RPTNMLQLIIGGFFK78CB,公園段,14.82,都市：商,100000,640,持分移轉,00430000
RPUNMLQLIIGGFFK88CB,公園段,9.84,都市：商,100000,425,持分移轉,00430000
RPQNMLQKIIGGFFK38CB,仁愛段,16.77,都市：住,10000,32,持分移轉,00410000
RPVNMLQLIIGGFFK98CB,公園段,14.98,都市：商,100000,647,持分移轉,00430000
RPWNMLQLIIGGFFK09CB,公園段,9.84,都市：商,100000,425,持分移轉,00430000
RPXNMLQLIIGGFFK56CB,公園段,14.54,都市：商,100000,628,持分移轉,00430000
RPQNMLQLIIGGFCK18CB,苑西段,26.55,都市：住,100000,1234,持分移轉,10360000
RPPNMLRLIIGGFFK58DB,湳湖段,20.62,都市：住,10000,245,持分移轉,09150000
RPOQMLSKIIGGFFK68CB,仁愛段,19.91,都市：住,10000,38,持分移轉,00410000
RPUNMLKLIIGGFBK87CB,館興段,51.09,都市：住,10000,431,持分移轉,03240000
RPQNMLMLIIGGFDK87CB,海口段海口小段,14.78,都市：住,100000,2136,持分移轉,04090004
RPQNMLMLIIGGFDK87CB,海口段海口小段,19.86,都市：住,100000,2136,持分移轉,04090005
RPPNMLRLIIGGFFK48CB,仁愛段,27.77,都市：住,10000,53,持分移轉,00410000
RPQNMLRLIIGGFFK58CB,仁愛段,28.82,都市：住,10000,55,持分移轉,00410000
RPRNMLRLIIGGFFK68CB,仁愛段,28.82,都市：住,10000,55,持分移轉,00410000
RPSNMLRLIIGGFFK78CB,仁愛段,28.29,都市：住,10000,54,持分移轉,00410000
RPSNMLTKIIGGFBK48CB,福全段,13.09,都市：住,10000,1137,持分移轉,11540014
RPSNMLTKIIGGFBK48CB,福全段,46.91,都市：住,10000,1137,持分移轉,11540020
RPSNMLTKIIGGFBK48CB,福全段,1.37,都市：住,10000,1137,持分移轉,11540028
RPUNMLRLIIGGFFK98CB,仁愛段,20.43,都市：住,10000,39,持分移轉,00410000
RPQNMLQLIIGGFFK48CB,公園段,14.82,都市：商,100000,640,持分移轉,00430000
RPWNMLRLIIGGFFK56CB,仁愛段,19.39,都市：住,10000,37,持分移轉,00410000
RPPNMLSLIIGGFBK28DB,維祥段維祥小段,14.10,非都市：鄉村區 ; 非都市編定：乙種建築用地,10000,63,持分移轉,03540000
RPPNMLSLIIGGFBK28DB,維新段,19.18,非都市：鄉村區 ; 非都市編定：乙種建築用地,10000,63,持分移轉,00290000
RPSNMLTLIIGGFDK78CB,大同段,63.50,都市：住,1,1,全筆移轉,11090002
RPSNMLTLIIGGFDK78CB,大同段,7.40,都市：住,14,1,持分移轉,11090000
RPSNMLTLIIGGFDK78CB,大同段,16.32,都市：住,10,1,持分移轉,11090015
RPSOMLKLIIGGFDK97CB,淡文湖段,65.00,非都市：特定農業區 ; 非都市編定：甲種建築用地,1,1,全筆移轉,11220049
RPSOMLKLIIGGFDK97CB,淡文湖段,3.19,非都市：特定農業區 ; 非都市編定：甲種建築用地,181,1,持分移轉,11220004
RPSOMLKLIIGGFDK97CB,淡文湖段,4.80,非都市：特定農業區 ; 非都市編定：甲種建築用地,61,1,持分移轉,11220068
RPSOMLKLIIGGFDK97CB,淡文湖段,.69,非都市：特定農業區 ; 非都市編定：甲種建築用地,61,1,持分移轉,11220050
RPSOMLKLIIGGFDK97CB,淡文湖段,6.80,非都市：特定農業區 ; 非都市編定：甲種建築用地,61,1,持分移轉,11220069
RPSOMLKLIIGGFDK97CB,淡文湖段,.85,非都市：特定農業區 ; 非都市編定：甲種建築用地,61,1,持分移轉,11220022
RPQNMLRLIIGGFFK68DB,湳湖段,20.62,都市：住,10000,245,持分移轉,09150000
RPQNMLMJJIGGFBK57CB,文發段,29.20,都市：住,100000,1995,持分移轉,06260000
RPPNMLMJJIGGFBK47CB,文發段,42.65,都市：住,100000,2914,持分移轉,06260000
RPTNMLMJJIGGFBK87CB,維祥段維祥小段,97.00,非都市：鄉村區 ; 非都市編定：乙種建築用地,1,1,全筆移轉,03100009
RPTNMLMJJIGGFBK87CB,維祥段維祥小段,13.00,非都市：鄉村區 ; 非都市編定：乙種建築用地,1,1,全筆移轉,03100016
RPTNMLMJJIGGFBK87CB,維祥段維祥小段,2.59,非都市：鄉村區 ; 非都市編定：乙種建築用地,17,1,持分移轉,01670046
RPQNMLMJJIGGFDK87DB,大同段,74.80,都市：住,1,1,全筆移轉,12290061
RPQNMLMJJIGGFDK87DB,大同段,23.92,都市：住,8,1,持分移轉,12290069
RPPNMLNJJIGGFDK77CB,新南段,25.62,都市：住,100000,491,持分移轉,00040000
RPVNMLRLIIGGFFK09CB,仁愛段,27.77,都市：住,10000,53,持分移轉,00410000
RPQNMLOJJIGGFFK18CB,仁愛段,28.29,都市：住,10000,54,持分移轉,00410000
RPPNMLOJJIGGFFK08CB,仁愛段,28.29,都市：住,10000,54,持分移轉,00410000
RPSNMLMJJIGGFBK77CB,文發段,24.83,都市：住,100000,1696,持分移轉,06260000
RPRNMLOJJIGGFFK28CB,仁愛段,28.29,都市：住,10000,54,持分移轉,00410000
RPSNMLOJJIGGFFK38CB,仁愛段,29.34,都市：住,10000,56,持分移轉,00410000
RPTNMLOJJIGGFFK48CB,仁愛段,25.15,都市：住,10000,48,持分移轉,00410000
RPVNMLOJJIGGFFK68CB,仁愛段,24.63,都市：住,10000,47,持分移轉,00410000
RPUNMLOJJIGGFFK58CB,仁愛段,20.43,都市：住,10000,39,持分移轉,00410000
RPPNMLTLIIGGFDK48CB,崎工段,18.33,非都市：工業區 ; 非都市編定：丁種建築用地,9,1,持分移轉,02290000
RPPNMLOJJIGGFCK77CB,田心段,54.00,非都市：特定農業區 ; 非都市編定：甲種建築用地,1,1,全筆移轉,08170002
RPPNMLOJJIGGFCK77CB,田心段,19.83,非都市：特定農業區 ; 非都市編定：甲種建築用地,12,1,持分移轉,08170004
RPPNMLOJJIGGFCK77CB,田心段,20.55,非都市：特定農業區 ; 非都市編定：農牧用地,11,1,持分移轉,08180000
RPQNMLPJJIGGFCK97CB,田心段,52.00,非都市：特定農業區 ; 非都市編定：甲種建築用地,1,1,全筆移轉,08170011
RPQNMLPJJIGGFCK97CB,田心段,19.83,非都市：特定農業區 ; 非都市編定：甲種建築用地,12,1,持分移轉,08170004
RPQNMLPJJIGGFCK97CB,田心段,20.55,非都市：特定農業區 ; 非都市編定：農牧用地,11,1,持分移轉,08180000
RPQNMLPJJIGGFBK87CB,頭屋段一小段,104.96,都市：住,1,1,全筆移轉,04590025
RPQNMLQJJIGGFFK38CB,公園段,14.54,都市：商,100000,628,持分移轉,00430000
RPRNMLMJJIGGFBK67CB,文發段,23.80,都市：住,100000,1626,持分移轉,06260000
RPSNMLQJJIGGFFK58CB,公園段,14.54,都市：商,100000,628,持分移轉,00430000
RPPNMLNJJIGGFBK57CB,頭屋段一小段,101.29,都市：住,1,1,全筆移轉,04590025
RPTNMLQJJIGGFFK68CB,公園段,14.54,都市：商,100000,628,持分移轉,00430000
RPXNMLQJJIGGFFK09CB,公園段,14.98,都市：商,100000,647,持分移轉,00430000
RPWNMLQJJIGGFFK98CB,公園段,14.82,都市：商,100000,640,持分移轉,00430000
RPPOMLQJJIGGFFK38CB,公園段,17.53,都市：商,100000,757,持分移轉,00430000
RPROMLQJJIGGFFK58CB,公園段,14.98,都市：商,100000,647,持分移轉,00430000
RPQOMLQJJIGGFFK48CB,公園段,14.98,都市：商,100000,647,持分移轉,00430000
RPPNMLPJJIGGFCK87CB,田心段,54.00,非都市：特定農業區 ; 非都市編定：甲種建築用地,1,1,全筆移轉,08170006
RPPNMLPJJIGGFCK87CB,田心段,19.83,非都市：特定農業區 ; 非都市編定：甲種建築用地,12,1,持分移轉,08170004
RPPNMLPJJIGGFCK87CB,田心段,20.55,非都市：特定農業區 ; 非都市編定：農牧用地,11,1,持分移轉,08180000
RPTNMLRLIIGGFFK88CB,仁愛段,19.91,都市：住,10000,38,持分移轉,00410000
RPPNMLQLIIGGFCK08CB,苑西段,28.66,都市：住,100000,1332,持分移轉,10360000
RPQNMLTLIIGGFDK58CB,崎工段,18.33,非都市：工業區 ; 非都市編定：丁種建築用地,9,1,持分移轉,02290000
RPTOMLQJJIGGFFK78CB,公園段,15.10,都市：商,100000,652,持分移轉,00430000
RPUOMLQJJIGGFFK88CB,公園段,14.82,都市：商,100000,640,持分移轉,00430000
RPPNMLSJJIGGFFK48CB,八德段,24.01,都市：住,755,24,持分移轉,18130000
RPPNMLSJJIGGFFK48CB,八德段,10.01,都市：住,324,10,持分移轉,18140000
RPRNMLSJJIGGFFK68CB,八德段,24.01,都市：住,755,24,持分移轉,18130000
RPRNMLSJJIGGFFK68CB,八德段,10.01,都市：住,324,10,持分移轉,18140000
RPSNMLSJJIGGFFK78CB,八德段,24.01,都市：住,755,24,持分移轉,18130000
RPSNMLSJJIGGFFK78CB,八德段,10.01,都市：住,324,10,持分移轉,18140000
RPUNMLSJJIGGFFK98CB,八德段,23.01,都市：住,755,23,持分移轉,18130000
RPUNMLSJJIGGFFK98CB,八德段,10.01,都市：住,324,10,持分移轉,18140000
RPTNMLSJJIGGFFK88CB,八德段,24.01,都市：住,755,24,持分移轉,18130000
RPTNMLSJJIGGFFK88CB,八德段,10.01,都市：住,324,10,持分移轉,18140000
RPPNMLTJJIGGFBK18CB,芒埔段,99.00,非都市：鄉村區 ; 非都市編定：乙種建築用地,1,1,全筆移轉,06930016
RPPNMLTJJIGGFBK18CB,芒埔段,27.50,非都市：鄉村區 ; 非都市編定：乙種建築用地,10000,500,持分移轉,06930011
RPPNMLTJJIGGFBK18CB,芒埔段,.80,非都市：鄉村區 ; 非都市編定：乙種建築用地,10000,500,持分移轉,06930018
RPRNMLTJJIGGFBK38CB,芒埔段,99.00,非都市：鄉村區 ; 非都市編定：乙種建築用地,1,1,全筆移轉,06930008
RPRNMLTJJIGGFBK38CB,芒埔段,27.50,非都市：鄉村區 ; 非都市編定：乙種建築用地,10000,500,持分移轉,06930011
RPRNMLTJJIGGFBK38CB,芒埔段,.80,非都市：鄉村區 ; 非都市編定：乙種建築用地,10000,500,持分移轉,06930018
RPSNMLTJJIGGFBK48CB,芒埔段,31.88,非都市：鄉村區 ; 非都市編定：乙種建築用地,8,1,持分移轉,06930025
RPSNMLTJJIGGFBK48CB,芒埔段,6.88,非都市：鄉村區 ; 非都市編定：乙種建築用地,10000,125,持分移轉,06930011
RPSNMLTJJIGGFBK48CB,芒埔段,.20,非都市：鄉村區 ; 非都市編定：乙種建築用地,10000,125,持分移轉,06930018
RPPNMLKKJIGGFBK37CB,芒埔段,33.38,非都市：鄉村區 ; 非都市編定：乙種建築用地,8,1,持分移轉,06930000
RPPNMLKKJIGGFBK37CB,芒埔段,6.88,非都市：鄉村區 ; 非都市編定：乙種建築用地,10000,125,持分移轉,06930011
RPPNMLKKJIGGFBK37CB,芒埔段,.20,非都市：鄉村區 ; 非都市編定：乙種建築用地,10000,125,持分移轉,06930018
RPPNMLTJJIGGFDK38CB,龍南段,22.73,都市：商,10000,424,持分移轉,17640009
RPVNMLQJJIGGFFK88CB,公園段,14.54,都市：商,100000,628,持分移轉,00430000
RPOOMLQJJIGGFFK28CB,公園段,9.84,都市：商,100000,425,持分移轉,00430000
RPSOMLQJJIGGFFK68CB,公園段,17.53,都市：商,100000,757,持分移轉,00430000
RPRNMLKKJIGGFBK57CB,芒埔段,33.38,非都市：鄉村區 ; 非都市編定：乙種建築用地,8,1,持分移轉,06930000
RPRNMLKKJIGGFBK57CB,芒埔段,6.88,非都市：鄉村區 ; 非都市編定：乙種建築用地,10000,125,持分移轉,06930011
RPRNMLKKJIGGFBK57CB,芒埔段,.20,非都市：鄉村區 ; 非都市編定：乙種建築用地,10000,125,持分移轉,06930018
RPSNMLKKJIGGFBK67CB,芒埔段,33.38,非都市：鄉村區 ; 非都市編定：乙種建築用地,8,1,持分移轉,06930000
RPSNMLKKJIGGFBK67CB,芒埔段,6.88,非都市：鄉村區 ; 非都市編定：乙種建築用地,10000,125,持分移轉,06930011
RPSNMLKKJIGGFBK67CB,芒埔段,.20,非都市：鄉村區 ; 非都市編定：乙種建築用地,10000,125,持分移轉,06930018
RPTNMLKKJIGGFBK77CB,勝利段,18.30,都市：商,505,30,持分移轉,15200000
RPTNMLKKJIGGFBK77CB,勝利段,11.70,都市：住,505,30,持分移轉,15200003
RPTNMLKKJIGGFBK77CB,勝利段,.12,都市：其他:道路用地,16,1,持分移轉,15200001
RPTNMLKKJIGGFBK77CB,勝利段,.81,都市：其他:道路用地,16,1,持分移轉,15200002
RPTNMLKKJIGGFBK77CB,勝利段,1.31,都市：其他:道路用地,16,1,持分移轉,15170000
RPUNMLKKJIGGFBK87CB,勝利段,18.30,都市：商,505,30,持分移轉,15200000
RPUNMLKKJIGGFBK87CB,勝利段,11.70,都市：住,505,30,持分移轉,15200003
RPUNMLKKJIGGFBK87CB,勝利段,.12,都市：其他:道路用地,16,1,持分移轉,15200001
RPUNMLKKJIGGFBK87CB,勝利段,.81,都市：其他:道路用地,16,1,持分移轉,15200002
RPUNMLKKJIGGFBK87CB,勝利段,1.31,都市：其他:道路用地,16,1,持分移轉,15170000
RPXNMLKKJIGGFBK18CB,文發段,29.20,都市：住,100000,1995,持分移轉,06260000
RPOOMLKKJIGGFBK37CB,文發段,28.50,都市：住,100000,1947,持分移轉,06260000
RPQNMLSJJIGGFFK58CB,八德段,27.01,都市：住,755,27,持分移轉,18130000
RPQNMLSJJIGGFFK58CB,八德段,13.01,都市：住,324,13,持分移轉,18140000
RPTNMLLKJIGGFBK87CB,文峰段,37.89,都市：住,10000,523,持分移轉,05980000
RPUNMLLKJIGGFBK97CB,文峰段,38.33,都市：住,10000,529,持分移轉,05980000
RPVNMLLKJIGGFBK08CB,文峰段,38.33,都市：住,10000,529,持分移轉,05980000
RPPNMLLKJIGGFDK67CB,新南段,23.59,都市：住,100000,452,持分移轉,00040000
RPQNMLPKJIGGFCK08CB,苑西段,20.33,都市：住,100000,945,持分移轉,10360000
RPRNMLPKJIGGFCK18CB,苑西段,20.33,都市：住,100000,945,持分移轉,10360000
RPSNMLPKJIGGFCK28CB,苑西段,20.33,都市：住,100000,945,持分移轉,10360000
RPPNMLPKJIGGFBK97DB,維祥段維祥小段,18.35,非都市：鄉村區 ; 非都市編定：乙種建築用地,10000,82,持分移轉,03540000
RPPNMLPKJIGGFBK97DB,維新段,24.96,非都市：鄉村區 ; 非都市編定：乙種建築用地,10000,82,持分移轉,00290000
RPQNMLPKJIGGFBK08DB,維祥段維祥小段,12.09,非都市：鄉村區 ; 非都市編定：乙種建築用地,10000,54,持分移轉,03540000
RPQNMLPKJIGGFBK08DB,維新段,16.44,非都市：鄉村區 ; 非都市編定：乙種建築用地,10000,54,持分移轉,00290000
RPRNMLPKJIGGFBK18DB,維祥段維祥小段,12.09,非都市：鄉村區 ; 非都市編定：乙種建築用地,10000,54,持分移轉,03540000
RPQNMLKKJIGGFBK47CB,芒埔段,33.38,非都市：鄉村區 ; 非都市編定：乙種建築用地,8,1,持分移轉,06930000
RPRNMLPKJIGGFBK18DB,維新段,16.44,非都市：鄉村區 ; 非都市編定：乙種建築用地,10000,54,持分移轉,00290000
RPQNMLKKJIGGFBK47CB,芒埔段,6.88,非都市：鄉村區 ; 非都市編定：乙種建築用地,10000,125,持分移轉,06930011
RPQNMLKKJIGGFBK47CB,芒埔段,.20,非都市：鄉村區 ; 非都市編定：乙種建築用地,10000,125,持分移轉,06930018
RPSNMLPKJIGGFBK28DB,維祥段維祥小段,14.55,非都市：鄉村區 ; 非都市編定：乙種建築用地,10000,65,持分移轉,03540000
RPSNMLPKJIGGFBK28DB,維新段,19.79,非都市：鄉村區 ; 非都市編定：乙種建築用地,10000,65,持分移轉,00290000
RPTNMLPKJIGGFBK38DB,維祥段維祥小段,14.10,非都市：鄉村區 ; 非都市編定：乙種建築用地,10000,63,持分移轉,03540000
RPTNMLPKJIGGFBK38DB,維新段,19.18,非都市：鄉村區 ; 非都市編定：乙種建築用地,10000,63,持分移轉,00290000
RPPNMLPKJIGGFFK38DB,湳湖段,20.79,都市：住,10000,247,持分移轉,09150000
RPQNMLPKJIGGFFK48DB,湳湖段,20.79,都市：住,10000,247,持分移轉,09150000
RPWNMLKKJIGGFBK08CB,勝利段,18.30,都市：商,505,30,持分移轉,15200000
RPWNMLKKJIGGFBK08CB,勝利段,11.70,都市：住,505,30,持分移轉,15200003
RPWNMLKKJIGGFBK08CB,勝利段,.12,都市：其他:道路用地,16,1,持分移轉,15200001
RPWNMLKKJIGGFBK08CB,勝利段,.81,都市：其他:道路用地,16,1,持分移轉,15200002
RPWNMLKKJIGGFBK08CB,勝利段,1.31,都市：其他:道路用地,16,1,持分移轉,15170000
RPPOMLKKJIGGFBK47CB,文發段,28.50,都市：住,100000,1947,持分移轉,06260000
RPQNMLQKJIGGFDK28CB,仁德段,41.88,都市：住,10000,610,持分移轉,09280000
RPPNMLQKJIGGFDK18CB,仁德段,41.88,都市：住,10000,610,持分移轉,09280000
RPSNMLQKJIGGFDK48CB,仁德段,40.78,都市：住,10000,594,持分移轉,09280000
RPTNMLQKJIGGFDK58CB,仁德段,41.88,都市：住,10000,610,持分移轉,09280000
RPXNMLQKJIGGFDK98CB,仁德段,27.88,都市：住,10000,406,持分移轉,09280000
RPWNMLQKJIGGFDK88CB,仁德段,27.88,都市：住,10000,406,持分移轉,09280000
RPPNMLQJJIGGFFK28CB,公園段,14.54,都市：商,100000,628,持分移轉,00430000
RPPOMLQKJIGGFDK28CB,仁德段,41.88,都市：住,10000,610,持分移轉,09280000
RPTNMLQKJIGGFFK78CB,仁愛段,28.29,都市：住,10000,54,持分移轉,00410000
RPSNMLQKJIGGFFK68CB,仁愛段,18.34,都市：住,10000,35,持分移轉,00410000
RPWNMLQKJIGGFFK09CB,仁愛段,26.72,都市：住,10000,51,持分移轉,00410000
RPXNMLQKJIGGFFK56CB,仁愛段,27.77,都市：住,10000,53,持分移轉,00410000
RPPNMLPKJIGGFCK97CB,苑西段,28.66,都市：住,100000,1332,持分移轉,10360000
RPOOMLQKJIGGFFK38CB,仁愛段,26.72,都市：住,10000,51,持分移轉,00410000
RPTNMLPKJIGGFCK38CB,苑西段,20.33,都市：住,100000,945,持分移轉,10360000
RPROMLQKJIGGFFK68CB,仁愛段,28.82,都市：住,10000,55,持分移轉,00410000
RPSOMLQKJIGGFFK78CB,仁愛段,29.34,都市：住,10000,56,持分移轉,00410000
RPVOMLQKJIGGFFK09CB,仁愛段,25.15,都市：住,10000,48,持分移轉,00410000
RPTOMLQKJIGGFFK88CB,仁愛段,25.15,都市：住,10000,48,持分移轉,00410000
RPTNMLTJJIGGFBK58CB,芒埔段,31.88,非都市：鄉村區 ; 非都市編定：乙種建築用地,8,1,持分移轉,06930025
RPTNMLTJJIGGFBK58CB,芒埔段,6.88,非都市：鄉村區 ; 非都市編定：乙種建築用地,10000,125,持分移轉,06930011
RPTNMLTJJIGGFBK58CB,芒埔段,.20,非都市：鄉村區 ; 非都市編定：乙種建築用地,10000,125,持分移轉,06930018
RPXOMLQKJIGGFFK66CB,仁愛段,27.77,都市：住,10000,53,持分移轉,00410000
RPOPMLQKJIGGFFK48CB,仁愛段,27.77,都市：住,10000,53,持分移轉,00410000
RPQNMLRKJIGGFFK58CB,正興段,2.13,都市：住,1000,41,持分移轉,13750000
RPQNMLRKJIGGFFK58CB,正興段,6.77,都市：住,1000,41,持分移轉,13760000
RPQNMLRKJIGGFFK58CB,正興段,9.23,都市：住,1000,41,持分移轉,13770000
RPQNMLRKJIGGFFK58CB,正興段,19.67,都市：住,1000,41,持分移轉,13810000
RPRNMLRKJIGGFFK68CB,正興段,2.13,都市：住,1000,41,持分移轉,13750000
RPRNMLRKJIGGFFK68CB,正興段,6.77,都市：住,1000,41,持分移轉,13760000
RPRNMLRKJIGGFFK68CB,正興段,9.23,都市：住,1000,41,持分移轉,13770000
RPRNMLRKJIGGFFK68CB,正興段,19.67,都市：住,1000,41,持分移轉,13810000
RPQNMLRKJIGGFDK38CB,新南段,23.59,都市：住,100000,452,持分移轉,00040000
RPSNMLRKJIGGFDK58CB,新南段,26.35,都市：住,10000,188,持分移轉,00320000
RPQNMLRKJIGGFBK18CB,文發段,35.07,都市：住,100000,1722,持分移轉,12160000
RPRNMLRKJIGGFBK28CB,文發段,35.07,都市：住,100000,1722,持分移轉,12160000
RPSNMLRKJIGGFBK38CB,文發段,35.07,都市：住,100000,1722,持分移轉,12160000
RPTNMLSKJIGGFDK78CB,新崎頂段,35.34,非都市：一般農業區 ; 非都市編定：甲種建築用地,1,1,全筆移轉,06100022
RPTNMLSKJIGGFDK78CB,新崎頂段,23.61,非都市：一般農業區 ; 非都市編定：甲種建築用地,1,1,全筆移轉,06270003
RPTNMLSKJIGGFDK78CB,新崎頂段,26.30,非都市：一般農業區 ; 非都市編定：甲種建築用地,10000,3322,持分移轉,06100025
RPTNMLSKJIGGFDK78CB,新崎頂段,2.09,非都市：一般農業區 ; 非都市編定：甲種建築用地,10000,3322,持分移轉,06270006
RPTNMLSKJIGGFDK78CB,新崎頂段,4.00,非都市：一般農業區 ; 非都市編定：甲種建築用地,10000,1664,持分移轉,06270007
RPUNMLSKJIGGFDK88CB,新崎頂段,22.15,非都市：一般農業區 ; 非都市編定：甲種建築用地,1,1,全筆移轉,06100024
RPUNMLSKJIGGFDK88CB,新崎頂段,37.45,非都市：一般農業區 ; 非都市編定：甲種建築用地,1,1,全筆移轉,06270005
RPUNMLSKJIGGFDK88CB,新崎頂段,26.62,非都市：一般農業區 ; 非都市編定：甲種建築用地,10000,3363,持分移轉,06100025
RPUNMLSKJIGGFDK88CB,新崎頂段,2.12,非都市：一般農業區 ; 非都市編定：甲種建築用地,10000,3363,持分移轉,06270006
RPUNMLSKJIGGFDK88CB,新崎頂段,4.05,非都市：一般農業區 ; 非都市編定：甲種建築用地,10000,1684,持分移轉,06270007
RPRNMLTKJIGGFDK68CB,新崎頂段,56.11,非都市：一般農業區 ; 非都市編定：甲種建築用地,10000,1513,持分移轉,06120000
RPRNMLTKJIGGFDK68CB,新崎頂段,.48,非都市：一般農業區 ; 非都市編定：甲種建築用地,10000,634,持分移轉,06120001
RPRNMLTKJIGGFDK68CB,新崎頂段,.38,非都市：一般農業區 ; 非都市編定：甲種建築用地,10000,634,持分移轉,06120002
RPRNMLTKJIGGFDK68CB,新崎頂段,.48,非都市：一般農業區 ; 非都市編定：甲種建築用地,10000,634,持分移轉,06120003
RPPNMLTKJIGGFBK38DB,英才段,42.90,都市：住,1000,125,持分移轉,10420001
RPRNMLMLJIGGFDK08CB,新崎頂段,60.12,非都市：一般農業區 ; 非都市編定：甲種建築用地,1,1,全筆移轉,06100010
RPRNMLMLJIGGFDK08CB,新崎頂段,40.90,非都市：一般農業區 ; 非都市編定：甲種建築用地,10000,3283,持分移轉,06100007
RPSNMLMLJIGGFDK18CB,新崎頂段,25.80,非都市：一般農業區 ; 非都市編定：甲種建築用地,1,1,全筆移轉,06270001
RPSNMLMLJIGGFDK18CB,新崎頂段,32.65,非都市：一般農業區 ; 非都市編定：甲種建築用地,1,1,全筆移轉,06100020
RPSNMLMLJIGGFDK18CB,新崎頂段,24.84,非都市：一般農業區 ; 非都市編定：甲種建築用地,10000,3301,持分移轉,06100018
RPSNMLMLJIGGFDK18CB,新崎頂段,3.96,非都市：一般農業區 ; 非都市編定：甲種建築用地,10000,1648,持分移轉,06270007
RPVNMLMLJIGGFDK48CB,仁德段,73.50,都市：住,1,1,全筆移轉,00590043
RPPNMLNLJIGGFDK97CB,新崎頂段,85.96,非都市：一般農業區 ; 非都市編定：甲種建築用地,1,1,全筆移轉,06100016
RPPNMLNLJIGGFDK97CB,新崎頂段,25.54,非都市：一般農業區 ; 非都市編定：甲種建築用地,10000,5149,持分移轉,06100017
RPQNMLNLJIGGFDK08CB,新崎頂段,63.89,非都市：一般農業區 ; 非都市編定：甲種建築用地,1,1,全筆移轉,06100008
RPQNMLNLJIGGFDK08CB,新崎頂段,42.15,非都市：一般農業區 ; 非都市編定：甲種建築用地,10000,3384,持分移轉,06100007
RPTNMLOLJIGGFFK68CB,仁愛段,20.43,都市：住,10000,39,持分移轉,00410000
RPTNMLQLJIGGFBK48CB,文發段,35.07,都市：住,100000,1722,持分移轉,12160000
RPPOMLQLJIGGFBK18CB,館興段,52.28,都市：住,10000,441,持分移轉,03240000
RPQOMLQLJIGGFBK28CB,館興段,50.26,都市：住,10000,424,持分移轉,03240000
RPVNMLKKJIGGFBK97CB,勝利段,18.30,都市：商,505,30,持分移轉,15200000
RPVNMLKKJIGGFBK97CB,勝利段,11.70,都市：住,505,30,持分移轉,15200003
RPVNMLKKJIGGFBK97CB,勝利段,.12,都市：其他:道路用地,16,1,持分移轉,15200001
RPVNMLKKJIGGFBK97CB,勝利段,.81,都市：其他:道路用地,16,1,持分移轉,15200002
RPVNMLKKJIGGFBK97CB,勝利段,1.31,都市：其他:道路用地,16,1,持分移轉,15170000
RPPOMLTLJIGGFDK68CB,天聲段,55.14,都市：住,1,1,全筆移轉,08740004
RPPOMLTLJIGGFDK68CB,天聲段,25.85,都市：住,10000,1209,持分移轉,08740000
RPPNMLTLJIGGFFK78CB,正興段,2.71,都市：住,1000,52,持分移轉,13750000
RPPNMLTLJIGGFFK78CB,正興段,8.59,都市：住,1000,52,持分移轉,13760000
RPPNMLTLJIGGFFK78CB,正興段,11.70,都市：住,1000,52,持分移轉,13770000
RPPNMLTLJIGGFFK78CB,正興段,24.95,都市：住,1000,52,持分移轉,13810000
RPRNMLTLJIGGFFK98CB,正興段,2.71,都市：住,1000,52,持分移轉,13750000
RPRNMLTLJIGGFFK98CB,正興段,8.59,都市：住,1000,52,持分移轉,13760000
RPRNMLTLJIGGFFK98CB,正興段,11.70,都市：住,1000,52,持分移轉,13770000
RPRNMLTLJIGGFFK98CB,正興段,24.95,都市：住,1000,52,持分移轉,13810000
RPSNMLTLJIGGFFK09CB,正興段,2.71,都市：住,1000,52,持分移轉,13750000
RPSNMLTLJIGGFFK09CB,正興段,8.59,都市：住,1000,52,持分移轉,13760000
RPSNMLTLJIGGFFK09CB,正興段,11.70,都市：住,1000,52,持分移轉,13770000
RPSNMLTLJIGGFFK09CB,正興段,24.95,都市：住,1000,52,持分移轉,13810000
RPRNMLQKJIGGFDK38CB,仁德段,28.43,都市：住,10000,414,持分移轉,09280000
RPRNMLQKJIGGFFK58CB,仁愛段,19.91,都市：住,10000,38,持分移轉,00410000
RPTNMLTLJIGGFFK56CB,正興段,2.71,都市：住,1000,52,持分移轉,13750000
RPTNMLTLJIGGFFK56CB,正興段,8.59,都市：住,1000,52,持分移轉,13760000
RPTNMLTLJIGGFFK56CB,正興段,11.70,都市：住,1000,52,持分移轉,13770000
RPTNMLTLJIGGFFK56CB,正興段,24.95,都市：住,1000,52,持分移轉,13810000
RPUNMLTLJIGGFFK66CB,正興段,2.71,都市：住,1000,52,持分移轉,13750000
RPUNMLTLJIGGFFK66CB,正興段,8.59,都市：住,1000,52,持分移轉,13760000
RPUNMLTLJIGGFFK66CB,正興段,11.70,都市：住,1000,52,持分移轉,13770000
RPUNMLTLJIGGFFK66CB,正興段,24.95,都市：住,1000,52,持分移轉,13810000
RPVNMLTLJIGGFFK76CB,正興段,2.71,都市：住,1000,52,持分移轉,13750000
RPVNMLTLJIGGFFK76CB,正興段,8.59,都市：住,1000,52,持分移轉,13760000
RPVNMLTLJIGGFFK76CB,正興段,11.70,都市：住,1000,52,持分移轉,13770000
RPVNMLTLJIGGFFK76CB,正興段,24.95,都市：住,1000,52,持分移轉,13810000
RPWNMLTLJIGGFFK86CB,正興段,2.71,都市：住,1000,52,持分移轉,13750000
RPWNMLTLJIGGFFK86CB,正興段,8.59,都市：住,1000,52,持分移轉,13760000
RPWNMLTLJIGGFFK86CB,正興段,11.70,都市：住,1000,52,持分移轉,13770000
RPWNMLTLJIGGFFK86CB,正興段,24.95,都市：住,1000,52,持分移轉,13810000
RPOOMLTLJIGGFFK78CB,正興段,2.71,都市：住,1000,52,持分移轉,13750000
RPOOMLTLJIGGFFK78CB,正興段,8.59,都市：住,1000,52,持分移轉,13760000
RPOOMLTLJIGGFFK78CB,正興段,11.70,都市：住,1000,52,持分移轉,13770000
RPOOMLTLJIGGFFK78CB,正興段,24.95,都市：住,1000,52,持分移轉,13810000
RPPNMLKMJIGGFDK77CB,成功段,37.32,都市：住,10000,1333,持分移轉,04840000
RPQNMLKMJIGGFDK87CB,仁德段,40.72,都市：住,10000,593,持分移轉,09280000
RPQNMLPJKIGGFFK38CB,公園段,15.10,都市：商,100000,652,持分移轉,00430000
RPTNMLPJKIGGFFK68CB,公園段,17.53,都市：商,100000,757,持分移轉,00430000
RPXNMLPJKIGGFFK09CB,公園段,14.82,都市：商,100000,640,持分移轉,00430000
RPUOMLPJKIGGFFK88CB,公園段,9.84,都市：商,100000,425,持分移轉,00430000
RPUNMLQKJIGGFFK88CB,仁愛段,26.72,都市：住,10000,51,持分移轉,00410000
RPPNMLPJKIGGFFK38DB,公園段,15.12,都市：商,100000,653,持分移轉,00430000
RPTNMLPJKIGGFFK78DB,公園段,14.82,都市：商,100000,640,持分移轉,00430000
RPWOMLQKJIGGFFK56CB,仁愛段,19.39,都市：住,10000,37,持分移轉,00410000
RPPPMLRJKIGGFFK68CB,八德段,27.01,都市：住,755,27,持分移轉,18130000
RPPPMLRJKIGGFFK68CB,八德段,13.01,都市：住,324,13,持分移轉,18140000
RPUNMLRJKIGGFBK58CB,巨蛋段,14.60,都市：商,30,1,持分移轉,01900000
RPUNMLRJKIGGFBK58CB,巨蛋段,4.92,都市：住,30,1,持分移轉,01910000
RPVNMLRJKIGGFBK68CB,巨蛋段,14.60,都市：商,30,1,持分移轉,01900000
RPVNMLRJKIGGFBK68CB,巨蛋段,4.92,都市：住,30,1,持分移轉,01910000
RPWNMLRJKIGGFBK78CB,巨蛋段,14.60,都市：商,30,1,持分移轉,01900000
RPWNMLRJKIGGFBK78CB,巨蛋段,4.92,都市：住,30,1,持分移轉,01910000
RPOOMLRJKIGGFBK08CB,巨蛋段,14.60,都市：商,30,1,持分移轉,01900000
RPOOMLRJKIGGFBK08CB,巨蛋段,4.92,都市：住,30,1,持分移轉,01910000
RPRNMLNKKIGGFCK08CB,鎮安段,58.95,非都市：特定農業區 ; 非都市編定：甲種建築用地,1,1,全筆移轉,09100001
RPRNMLNKKIGGFCK08CB,鎮安段,20.71,非都市：特定農業區 ; 非都市編定：甲種建築用地,10,1,持分移轉,09100004
RPVNMLQKKIGGFDK88CB,仁德段,40.78,都市：住,10000,594,持分移轉,09280000
RPPNMLPKKIGGFDK18CB,新崎頂段,29.76,非都市：一般農業區 ; 非都市編定：甲種建築用地,1,1,全筆移轉,06100019
RPPNMLPKKIGGFDK18CB,新崎頂段,52.36,非都市：一般農業區 ; 非都市編定：甲種建築用地,1,1,全筆移轉,06270000
RPPNMLPKKIGGFDK18CB,新崎頂段,25.33,非都市：一般農業區 ; 非都市編定：甲種建築用地,10000,3366,持分移轉,06100018
RPPNMLPKKIGGFDK18CB,新崎頂段,4.04,非都市：一般農業區 ; 非都市編定：甲種建築用地,10000,1680,持分移轉,06270007
RPRNMLRKJIGGFDK48CB,新南段,22.65,都市：住,100000,434,持分移轉,00040000
RPVNMLRKKIGGFCK88CB,興隆段,32.74,都市：住,10000,283,持分移轉,03110000
RPSNMLSKJIGGFDK68CB,新崎頂段,64.42,非都市：一般農業區 ; 非都市編定：甲種建築用地,1,1,全筆移轉,06100005
RPSNMLSKJIGGFDK68CB,新崎頂段,47.17,非都市：一般農業區 ; 非都市編定：甲種建築用地,10000,3497,持分移轉,06100006
RPQNMLRKKIGGFFK78DB,中華段,54.12,都市：住,1,1,全筆移轉,13090010
RPQNMLRKKIGGFFK78DB,中華段,.37,都市：住,16,1,持分移轉,13090016
RPQNMLRKKIGGFFK78DB,中華段,21.45,都市：住,15,1,持分移轉,13090017
RPPNMLKLKIGGFDK77CB,崎工段,24.44,非都市：工業區 ; 非都市編定：丁種建築用地,27,4,持分移轉,02290000
RPPNMLKLKIGGFFK97CB,信義段,131.74,都市：農,1,1,全筆移轉,00470011
RPPNMLKLKIGGFFK97CB,信義段,44.95,都市：農,1000,88,持分移轉,00470000
RPPNMLKLKIGGFFK97CB,信義段,22.05,都市：農,11,1,持分移轉,00480000
RPPNMLKLKIGGFFK97CB,信義段,11.78,都市：農,11,1,持分移轉,00490000
RPQNMLLLKIGGFFK18CB,中華段,39.80,都市：住,8,1,持分移轉,10620009
RPRNMLLLKIGGFFK28CB,中華段,39.80,都市：住,8,1,持分移轉,10620009
RPSNMLLLKIGGFFK38CB,中華段,39.80,都市：住,8,1,持分移轉,10620009
RPRNMLNLKIGGFDK28CB,淡文湖段,65.00,非都市：特定農業區 ; 非都市編定：甲種建築用地,1,1,全筆移轉,11220018
RPRNMLNLKIGGFDK28CB,淡文湖段,3.19,非都市：特定農業區 ; 非都市編定：甲種建築用地,181,1,持分移轉,11220004
RPRNMLNLKIGGFDK28CB,淡文湖段,4.80,非都市：特定農業區 ; 非都市編定：甲種建築用地,61,1,持分移轉,11220068
RPRNMLNLKIGGFDK28CB,淡文湖段,.69,非都市：特定農業區 ; 非都市編定：甲種建築用地,61,1,持分移轉,11220050
RPRNMLNLKIGGFDK28CB,淡文湖段,6.80,非都市：特定農業區 ; 非都市編定：甲種建築用地,61,1,持分移轉,11220069
RPRNMLNLKIGGFDK28CB,淡文湖段,.85,非都市：特定農業區 ; 非都市編定：甲種建築用地,61,1,持分移轉,11220022
RPUNMLTLKIGGFDK56CB,天聲段,82.21,都市：住,1,1,全筆移轉,08740005
RPWNMLTLKIGGFDK76CB,天聲段,59.54,都市：住,1,1,全筆移轉,08740001
RPUNMLTLKIGGFDK56CB,天聲段,2.10,都市：住,10000,98,持分移轉,08740000
RPWNMLTLKIGGFDK76CB,天聲段,26.07,都市：住,10000,1219,持分移轉,08740000
RPXNMLTLKIGGFDK86CB,天聲段,54.72,都市：住,1,1,全筆移轉,08740002
RPXNMLTLKIGGFDK86CB,天聲段,25.94,都市：住,10000,1213,持分移轉,08740000
RPQNMLNLJIGGFBK97DB,英才段,36.52,都市：住,17,1,持分移轉,10760000
RPOOMLTLKIGGFDK68CB,天聲段,54.93,都市：住,1,1,全筆移轉,08740003
RPOOMLTLKIGGFDK68CB,天聲段,26.07,都市：住,10000,1219,持分移轉,08740000
RPPNMLKKJHHGFDK57CB,天聲段,80.56,都市：住,1,1,全筆移轉,04660032
RPPNMLKKJHHGFDK57CB,天聲段,3.56,都市：住,27,1,持分移轉,04660000
RPPNMLKKJHHGFDK57CB,天聲段,.52,都市：住,27,1,持分移轉,04660058
RPUOMLLLJHHGFDK38CB,龍南段,22.72,都市：商,100000,4238,持分移轉,17640009
RPRNMLOLJHHGFDK28CB,新山佳段,26.09,都市：住,1000000,23899,持分移轉,08470000
RPSNMLOLJHHGFDK38CB,新山佳段,25.68,都市：住,1000000,23523,持分移轉,08470000
RPTNMLOLJHHGFDK48CB,新山佳段,26.49,都市：住,1000000,24265,持分移轉,08470000
RPVNMLOLJHHGFDK68CB,新山佳段,20.21,都市：住,1000000,18513,持分移轉,08470000
RPWNMLOLJHHGFDK78CB,新山佳段,17.79,都市：住,1000000,16296,持分移轉,08470000
RPXNMLOLJHHGFDK88CB,新山佳段,20.21,都市：住,1000000,18513,持分移轉,08470000
RPRNMLPLJHHGFBK18CB,頭屋段一小段,30.75,都市：住,10000,300,持分移轉,04590025
RPQNMLRLJHHGFBK28CB,文發段,35.07,都市：住,100000,1722,持分移轉,12160000
RPSNMLPJKIGGFFK58CB,公園段,17.53,都市：商,100000,757,持分移轉,00430000
RPWNMLPJKIGGFFK98CB,公園段,17.53,都市：商,100000,757,持分移轉,00430000
RPXNMLTLJIGGFFK96CB,正興段,2.71,都市：住,1000,52,持分移轉,13750000
RPXNMLTLJIGGFFK96CB,正興段,8.59,都市：住,1000,52,持分移轉,13760000
RPXNMLTLJIGGFFK96CB,正興段,11.70,都市：住,1000,52,持分移轉,13770000
RPXNMLTLJIGGFFK96CB,正興段,24.95,都市：住,1000,52,持分移轉,13810000
RPQNMLSJKHHGFBK28CB,文發段,35.07,都市：住,100000,1722,持分移轉,12160000
RPQNMLSJKHHGFFK68CB,永貞段,32.07,都市：住,10000,281,持分移轉,02730000
RPTNMLMKKHHGFDK28CB,淡文湖段,104.76,非都市：特定農業區 ; 非都市編定：甲種建築用地,1,1,全筆移轉,11220094
RPTNMLMKKHHGFDK28CB,淡文湖段,6.28,非都市：特定農業區 ; 非都市編定：甲種建築用地,92,1,持分移轉,11220004
RPTNMLMKKHHGFDK28CB,淡文湖段,3.18,非都市：特定農業區 ; 非都市編定：甲種建築用地,92,1,持分移轉,11220068
RPTNMLMKKHHGFDK28CB,淡文湖段,.46,非都市：特定農業區 ; 非都市編定：甲種建築用地,92,1,持分移轉,11220050
RPTNMLMKKHHGFDK28CB,淡文湖段,4.51,非都市：特定農業區 ; 非都市編定：甲種建築用地,92,1,持分移轉,11220069
RPTNMLMKKHHGFDK28CB,淡文湖段,.57,非都市：特定農業區 ; 非都市編定：甲種建築用地,92,1,持分移轉,11220022
RPTNMLMKKHHGFDK28CB,淡文湖段,3.29,非都市：特定農業區 ; 非都市編定：甲種建築用地,92,1,持分移轉,11220000
RPTNMLMKKHHGFDK28CB,淡文湖段,5.22,非都市：特定農業區 ; 非都市編定：甲種建築用地,92,1,持分移轉,11220088
RPTNMLMKKHHGFDK28CB,淡文湖段,.25,非都市：特定農業區 ; 非都市編定：甲種建築用地,92,1,持分移轉,11220103
RPPNMLOKKHHGFBK87CB,福全段,2.64,都市：住,10000,1111,持分移轉,11480003
RPPNMLOKKHHGFBK87CB,福全段,2.25,都市：住,10000,1111,持分移轉,11480004
RPPNMLOKKHHGFBK87CB,福全段,7.62,都市：住,10000,1111,持分移轉,11540000
RPPNMLOKKHHGFBK87CB,福全段,30.13,都市：住,10000,1111,持分移轉,11540009
RPQNMLOKKHHGFBK97CB,福全段,2.64,都市：住,10000,1111,持分移轉,11480003
RPQNMLOKKHHGFBK97CB,福全段,2.25,都市：住,10000,1111,持分移轉,11480004
RPQNMLOKKHHGFBK97CB,福全段,7.62,都市：住,10000,1111,持分移轉,11540000
RPQNMLOKKHHGFBK97CB,福全段,30.13,都市：住,10000,1111,持分移轉,11540009
RPPNMLNLKHHGFFK28CB,八德段,9.48,都市：住,100000,570,持分移轉,00190000
RPPNMLNLKHHGFFK28CB,八德段,19.18,都市：住,100000,570,持分移轉,00200000
RPPNMLNLKHHGFFK28CB,八德段,.78,都市：住,100000,570,持分移轉,00210000
RPQNMLNLKHHGFFK38CB,八德段,10.59,都市：住,100000,637,持分移轉,00190000
RPQNMLNLKHHGFFK38CB,八德段,21.44,都市：住,100000,637,持分移轉,00200000
RPQNMLNLKHHGFFK38CB,八德段,.87,都市：住,100000,637,持分移轉,00210000
RPSNMLNLKHHGFFK58CB,八德段,9.46,都市：住,100000,569,持分移轉,00190000
RPSNMLNLKHHGFFK58CB,八德段,19.15,都市：住,100000,569,持分移轉,00200000
RPSNMLNLKHHGFFK58CB,八德段,.78,都市：住,100000,569,持分移轉,00210000
RPTNMLNLKHHGFFK68CB,八德段,10.66,都市：住,100000,641,持分移轉,00190000
RPTNMLNLKHHGFFK68CB,八德段,21.57,都市：住,100000,641,持分移轉,00200000
RPTNMLNLKHHGFFK68CB,八德段,.88,都市：住,100000,641,持分移轉,00210000
RPUNMLNLKHHGFFK78CB,八德段,10.66,都市：住,100000,641,持分移轉,00190000
RPUNMLNLKHHGFFK78CB,八德段,21.57,都市：住,100000,641,持分移轉,00200000
RPUNMLNLKHHGFFK78CB,八德段,.88,都市：住,100000,641,持分移轉,00210000
RPVNMLNLKHHGFFK88CB,八德段,9.46,都市：住,100000,569,持分移轉,00190000
RPVNMLNLKHHGFFK88CB,八德段,19.15,都市：住,100000,569,持分移轉,00200000
RPVNMLNLKHHGFFK88CB,八德段,.78,都市：住,100000,569,持分移轉,00210000
RPXOMLNLKHHGFFK56CB,八德段,10.66,都市：住,100000,641,持分移轉,00190000
RPXOMLNLKHHGFFK56CB,八德段,21.57,都市：住,100000,641,持分移轉,00200000
RPXOMLNLKHHGFFK56CB,八德段,.88,都市：住,100000,641,持分移轉,00210000
RPRQMLNLKHHGFFK78CB,八德段,10.61,都市：住,100000,638,持分移轉,00190000
RPRQMLNLKHHGFFK78CB,八德段,21.47,都市：住,100000,638,持分移轉,00200000
RPRQMLNLKHHGFFK78CB,八德段,.87,都市：住,100000,638,持分移轉,00210000
RPPOMLRJKIGGFBK18CB,巨蛋段,14.60,都市：商,30,1,持分移轉,01900000
RPPOMLRJKIGGFBK18CB,巨蛋段,4.92,都市：住,30,1,持分移轉,01910000
RPSQMLNLKHHGFFK88CB,八德段,9.40,都市：住,100000,565,持分移轉,00190000
RPSQMLNLKHHGFFK88CB,八德段,19.02,都市：住,100000,565,持分移轉,00200000
RPSQMLNLKHHGFFK88CB,八德段,.77,都市：住,100000,565,持分移轉,00210000
RPTQMLNLKHHGFFK98CB,八德段,10.66,都市：住,100000,641,持分移轉,00190000
RPTQMLNLKHHGFFK98CB,八德段,21.57,都市：住,100000,641,持分移轉,00200000
RPTQMLNLKHHGFFK98CB,八德段,.88,都市：住,100000,641,持分移轉,00210000
RPUQMLNLKHHGFFK09CB,八德段,9.41,都市：住,100000,566,持分移轉,00190000
RPUQMLNLKHHGFFK09CB,八德段,19.05,都市：住,100000,566,持分移轉,00200000
RPUQMLNLKHHGFFK09CB,八德段,.77,都市：住,100000,566,持分移轉,00210000
RPVQMLNLKHHGFFK56CB,八德段,9.46,都市：住,100000,569,持分移轉,00190000
RPVQMLNLKHHGFFK56CB,八德段,19.15,都市：住,100000,569,持分移轉,00200000
RPVQMLNLKHHGFFK56CB,八德段,.78,都市：住,100000,569,持分移轉,00210000
RPWQMLNLKHHGFFK66CB,八德段,10.61,都市：住,100000,638,持分移轉,00190000
RPWQMLNLKHHGFFK66CB,八德段,21.47,都市：住,100000,638,持分移轉,00200000
RPWQMLNLKHHGFFK66CB,八德段,.87,都市：住,100000,638,持分移轉,00210000
RPPNMLLLKIGGFFK08CB,中華段,39.80,都市：住,8,1,持分移轉,10620009
RPXQMLNLKHHGFFK76CB,八德段,10.66,都市：住,100000,641,持分移轉,00190000
RPXQMLNLKHHGFFK76CB,八德段,21.57,都市：住,100000,641,持分移轉,00200000
RPXQMLNLKHHGFFK76CB,八德段,.88,都市：住,100000,641,持分移轉,00210000
RPPRMLNLKHHGFFK68CB,八德段,9.41,都市：住,100000,566,持分移轉,00190000
RPPRMLNLKHHGFFK68CB,八德段,19.05,都市：住,100000,566,持分移轉,00200000
RPPRMLNLKHHGFFK68CB,八德段,.77,都市：住,100000,566,持分移轉,00210000
RPRRMLNLKHHGFFK88CB,八德段,9.41,都市：住,100000,566,持分移轉,00190000
RPRRMLNLKHHGFFK88CB,八德段,19.05,都市：住,100000,566,持分移轉,00200000
RPPNMLSLKIGGFFK78CB,信義段,68.89,都市：農,1,1,全筆移轉,00470003
RPRRMLNLKHHGFFK88CB,八德段,.77,都市：住,100000,566,持分移轉,00210000
RPPNMLSLKIGGFFK78CB,信義段,44.95,都市：農,1000,88,持分移轉,00470000
RPPNMLSLKIGGFFK78CB,信義段,22.05,都市：農,11,1,持分移轉,00480000
RPPNMLSLKIGGFFK78CB,信義段,11.78,都市：農,11,1,持分移轉,00490000
RPPNMLSLKIGGFFK78CB,信義段,28.87,都市：農,10,1,持分移轉,00500002
RPPNMLSLKIGGFFK78CB,信義段,14.43,都市：農,10,1,持分移轉,00500003
RPSRMLNLKHHGFFK98CB,八德段,9.45,都市：住,100000,568,持分移轉,00190000
RPSRMLNLKHHGFFK98CB,八德段,19.12,都市：住,100000,568,持分移轉,00200000
RPSRMLNLKHHGFFK98CB,八德段,.78,都市：住,100000,568,持分移轉,00210000
RPURMLNLKHHGFFK56CB,八德段,9.40,都市：住,100000,565,持分移轉,00190000
RPURMLNLKHHGFFK56CB,八德段,19.02,都市：住,100000,565,持分移轉,00200000
RPURMLNLKHHGFFK56CB,八德段,.77,都市：住,100000,565,持分移轉,00210000
RPTRMLNLKHHGFFK09CB,八德段,9.46,都市：住,100000,569,持分移轉,00190000
RPTRMLNLKHHGFFK09CB,八德段,19.15,都市：住,100000,569,持分移轉,00200000
RPTRMLNLKHHGFFK09CB,八德段,.78,都市：住,100000,569,持分移轉,00210000
RPSNMLLJOHHGFCK28CB,玉山段,27.26,非都市：特定農業區 ; 非都市編定：甲種建築用地,10000,401,持分移轉,04150006
RPTNMLLJOHHGFCK38CB,玉山段,24.81,非都市：特定農業區 ; 非都市編定：甲種建築用地,10000,365,持分移轉,04150006
RPUNMLLJOHHGFCK48CB,玉山段,27.26,非都市：特定農業區 ; 非都市編定：甲種建築用地,10000,401,持分移轉,04150006
RPORMLNLKHHGFFK58CB,八德段,9.46,都市：住,100000,569,持分移轉,00190000
RPORMLNLKHHGFFK58CB,八德段,19.15,都市：住,100000,569,持分移轉,00200000
RPORMLNLKHHGFFK58CB,八德段,.78,都市：住,100000,569,持分移轉,00210000
RPPNMLQJOHHGFBK48DB,頭屋段一小段,25.62,都市：住,10000,250,持分移轉,04590025
RPQNMLKKJHHGFDK67CB,天聲段,69.66,都市：住,1,1,全筆移轉,04660051
RPQNMLKKJHHGFDK67CB,天聲段,26.11,都市：住,17,1,持分移轉,04660057
RPQNMLKKJHHGFDK67CB,天聲段,3.57,都市：住,27,1,持分移轉,04660000
RPUNMLOLJHHGFDK58CB,新山佳段,26.49,都市：住,1000000,24265,持分移轉,08470000
RPQNMLKKJHHGFDK67CB,天聲段,.52,都市：住,27,1,持分移轉,04660058
RPPNMLNKPHHGFDK48CB,新南段,26.35,都市：住,10000,188,持分移轉,00320000
RPXNMLNLKHHGFFK09CB,八德段,9.41,都市：住,100000,566,持分移轉,00190000
RPXNMLNLKHHGFFK09CB,八德段,19.05,都市：住,100000,566,持分移轉,00200000
RPXNMLNLKHHGFFK09CB,八德段,.77,都市：住,100000,566,持分移轉,00210000
RPQQMLNLKHHGFFK68CB,八德段,10.66,都市：住,100000,641,持分移轉,00190000
RPQQMLNLKHHGFFK68CB,八德段,21.57,都市：住,100000,641,持分移轉,00200000
RPQQMLNLKHHGFFK68CB,八德段,.88,都市：住,100000,641,持分移轉,00210000
RPRNMLNLKHHGFFK48CB,八德段,9.46,都市：住,100000,569,持分移轉,00190000
RPRNMLNLKHHGFFK48CB,八德段,19.15,都市：住,100000,569,持分移轉,00200000
RPRNMLNLKHHGFFK48CB,八德段,.78,都市：住,100000,569,持分移轉,00210000
RPQRMLNLKHHGFFK78CB,八德段,9.41,都市：住,100000,566,持分移轉,00190000
RPQRMLNLKHHGFFK78CB,八德段,19.05,都市：住,100000,566,持分移轉,00200000
RPQRMLNLKHHGFFK78CB,八德段,.77,都市：住,100000,566,持分移轉,00210000
RPVNMLLJOHHGFCK58CB,玉山段,19.37,非都市：特定農業區 ; 非都市編定：甲種建築用地,10000,285,持分移轉,04150006
