﻿鄉鎮市區,交易標的,土地位置建物門牌,土地移轉總面積平方公尺,都市土地使用分區,非都市土地使用分區,非都市土地使用編定,交易年月日,交易筆棟數,移轉層次,總樓層數,建物型態,主要用途,主要建材,建築完成年月,建物移轉總面積平方公尺,建物現況格局-房,建物現況格局-廳,建物現況格局-衛,建物現況格局-隔間,有無管理組織,總價元,單價元平方公尺,車位類別,車位移轉總面積平方公尺,車位總價元,備註,編號,建案名稱,棟及號
The villages and towns urban district,transaction sign,land sector position building sector house number plate,land shifting total area square meter,the use zoning or compiles and checks,the non-metropolis land use district,non-metropolis land use,transaction year month and day,transaction pen number,shifting level,total floor number,building state,main use,main building materials,construction to complete the years,building shifting total area,Building present situation pattern - room,building present situation pattern - hall,building present situation pattern - health,building present situation pattern - compartmented,Whether there is manages the organization,total price NTD,the unit price (NTD / square meter),the berth category,berth shifting total area square meter,the berth total price NTD,the note,serial number,build case,buildings
鹿谷鄉,房地(土地+建物)+車位,南投縣鹿谷鄉中寮路與八德街交叉口,22.99,住,,,1100813,土地1建物1車位1,三層,7,華廈(10層含以下有電梯),住家用,鋼筋混凝土造,,104.53,1,2,1,有,無,5900000,68192,坡道平面,34.14,1100000,,RPPNMLQLQHGGFDM09CB,自在溪頭,A棟1號
鹿谷鄉,房地(土地+建物)+車位,南投縣鹿谷鄉中寮路與八德街交叉口,28.16,住,,,1100818,土地1建物1車位1,四層,7,華廈(10層含以下有電梯),住家用,鋼筋混凝土造,,120.37,2,2,2,有,無,6900000,66102,坡道平面,34.14,1200000,,RPQNMLQLQHGGFDM56CB,自在溪頭,B棟5號
埔里鎮,房地(土地+建物),南投縣埔里鎮福長路,108.46,,一般農業區,甲種建築用地,1100811,土地2建物1車位0,全,3,透天厝,住家用,鋼筋混凝土造,,137.02,4,2,3,有,無,8000000,58386,,0.0,0,,RPQNMLQJRHGGFCM09DB,戀戀溫泉,A棟2號
草屯鎮,房地(土地+建物)+車位,南投縣草屯鎮石川路,27.4,,鄉村區,乙種建築用地,1100811,土地6建物1車位1,四層,9,華廈(10層含以下有電梯),住家用,鋼筋混凝土造,,109.5,2,2,1,有,無,5800000,60884,坡道機械,19.0,290000,,RPQNMLRJRHGGFBM98CB,澄玉,1棟4C號
草屯鎮,房地(土地+建物),南投縣草屯鎮御富路與東山路口,93.34,住,,,1100811,土地6建物1車位0,全,4,透天厝,住家用,鋼筋混凝土造,,180.79,4,2,5,有,無,11960000,66154,,0.0,0,,RPRNMLSJRHGGFBM56CB,昌祐大聚,B棟6號
草屯鎮,房地(土地+建物),南投縣草屯鎮御富路與東山路口,93.34,住,,,1100812,土地6建物1車位0,全,4,透天厝,住家用,鋼筋混凝土造,,180.79,4,2,5,有,無,11980000,66265,,0.0,0,,RPSNMLSJRHGGFBM66CB,昌祐大聚,B棟7號
草屯鎮,房地(土地+建物),南投縣草屯鎮御富路與東山路口,89.76,住,,,1100817,土地6建物1車位0,全,4,透天厝,住家用,鋼筋混凝土造,,174.25,4,2,5,有,無,11500000,65997,,0.0,0,,RPTNMLSJRHGGFBM76CB,昌祐大聚,C棟1號
草屯鎮,房地(土地+建物),南投縣草屯鎮御富路與東山路口,75.39,住,,,1100812,土地6建物1車位0,全,4,透天厝,住家用,鋼筋混凝土造,,150.05,4,2,5,有,無,9800000,65312,,0.0,0,,RPUNMLSJRHGGFBM86CB,昌祐大聚,B棟20號
草屯鎮,房地(土地+建物),南投縣草屯鎮御富路與東山路口,89.76,住,,,1100818,土地6建物1車位0,全,4,透天厝,住家用,鋼筋混凝土造,,174.25,4,2,5,有,無,11760000,67489,,0.0,0,,RPWNMLSJRHGGFBM07CB,昌祐大聚,C棟6號
鹿谷鄉,房地(土地+建物),南投縣鹿谷鄉廣興段356地號,23.41,住,,,1100816,土地1建物1車位0,五層,7,華廈(10層含以下有電梯),住家用,鋼筋混凝土造,,63.89,1,2,1,有,無,4300000,67303,,0.0,0,,RPQNMLTJRHGGFDM86DB,愛上溪頭II,B棟5號
南投市,房地(土地+建物),南投縣南投市華陽路,21.98,住,,,1100820,土地6建物1車位0,十一層,14,住宅大樓(11層含以上有電梯),住家用,鋼筋混凝土造,,86.45,2,2,1,有,無,4680000,54135,,0.0,0,,RPTNMLKKRHGGFAM58CB,首富京站,B2棟11號
南投市,房地(土地+建物),南投縣南投市華陽路,21.98,住,,,1100819,土地6建物1車位0,十二層,14,住宅大樓(11層含以上有電梯),住家用,鋼筋混凝土造,,86.45,2,2,1,有,無,4680000,54135,,0.0,0,,RPUNMLKKRHGGFAM68CB,首富京站,B2棟12號
草屯鎮,房地(土地+建物),南投縣草屯鎮青宅巷,95.19,,特定農業區,甲種建築用地,1100814,土地3建物1車位0,全,4,透天厝,住家用,鋼筋混凝土造,,166.97,4,2,3,有,無,9000000,53902,,0.0,0,,RPQNMLKKRHGGFBM38CB,陶淵明(禮遇2),1棟C2號
草屯鎮,房地(土地+建物),南投縣草屯鎮青宅巷,102.36,,特定農業區,甲種建築用地,1100812,土地3建物1車位0,全,4,透天厝,住家用,鋼筋混凝土造,,178.25,4,2,3,有,無,9100000,51052,,0.0,0,,RPRNMLKKRHGGFBM48CB,陶淵明(禮遇2),1棟C6號
草屯鎮,房地(土地+建物),南投縣草屯鎮富頂路一段,87.12,住,,,1100814,土地1建物1車位0,全,3,透天厝,住家用,鋼筋混凝土造,,155.37,4,3,3,有,無,9550000,61466,,0.0,0,,RPOOMLLKRHGGFBM38CB,富春新墅,B棟17號
草屯鎮,房地(土地+建物),南投縣草屯鎮富頂路一段,85.87,住,,,1100824,土地1建物1車位0,全,3,透天厝,住家用,鋼筋混凝土造,,155.37,4,3,3,有,無,9780000,62947,,0.0,0,,RPPOMLLKRHGGFBM48CB,富春新墅,B棟9號
草屯鎮,房地(土地+建物),南投縣草屯鎮富頂路一段,62.32,住,,,1100830,土地1建物1車位0,全,3,透天厝,住家用,鋼筋混凝土造,,136.53,4,3,3,有,無,8500000,62257,,0.0,0,,RPQOMLLKRHGGFBM58CB,富春新墅,C棟5號
草屯鎮,房地(土地+建物),南投縣草屯鎮富頂路一段,74.76,住,,,1100904,土地1建物1車位0,全,3,透天厝,住家用,鋼筋混凝土造,,154.05,4,3,3,有,無,9500000,61668,,0.0,0,,RPROMLLKRHGGFBM68CB,富春新墅,C棟10號
南投市,房地(土地+建物),南投縣南投市南崗二路199巷,85.41,住,,,1100814,土地3建物1車位0,全,4,透天厝,住家用,鋼筋混凝土造,,171.57,5,2,4,有,無,9700000,56537,,0.0,0,,RPPNMLLKRHGGFAM48EB,世紀香頌,B2號
南投市,房地(土地+建物)+車位,南投縣南投市彰南路一段,29.99,,鄉村區,乙種建築用地,1100822,土地1建物1車位1,八層,9,華廈(10層含以下有電梯),住家用,鋼筋混凝土造,,112.08,3,2,2,有,無,6330000,56478,升降機械,0.0,700000,,RPPNMLOKRHGGFAM58CB,遇見愛,B6棟8F號
草屯鎮,房地(土地+建物)+車位,南投縣草屯鎮石川路,33.4,,鄉村區,乙種建築用地,1100905,土地6建物1車位1,六層,9,華廈(10層含以下有電梯),住家用,鋼筋混凝土造,,139.25,3,2,2,有,無,7450000,60727,一樓平面,28.92,750000,交易總價含下列非屬預售屋價格之費用:含裝潢費；,RPPNMLOKRHGGFBM68CB,澄玉,1棟6B號
草屯鎮,房地(土地+建物)+車位,南投縣草屯鎮石川路,24.36,,鄉村區,乙種建築用地,1100828,土地6建物1車位1,六層,9,華廈(10層含以下有電梯),住家用,鋼筋混凝土造,,99.47,2,2,1,有,無,5300000,60271,坡道機械,19.0,450000,交易總價含下列非屬預售屋價格之費用:含裝潢費；,RPQNMLOKRHGGFBM78CB,澄玉,1棟6F號
南投市,房地(土地+建物)+車位,南投縣南投市彰南路一段,29.99,,鄉村區,乙種建築用地,1100830,土地1建物1車位1,三層,9,華廈(10層含以下有電梯),住家用,鋼筋混凝土造,,112.08,3,2,2,有,無,6400000,57102,升降機械,0.0,550000,,RPPNMLQKRHGGFAM78CB,遇見愛,B6棟3F號
草屯鎮,房地(土地+建物),南投縣草屯鎮碧峰段1537-12地號,101.11,,鄉村區,乙種建築用地,1100823,土地1建物1車位0,全,3,透天厝,住家用,鋼筋混凝土造,,178.75,4,2,5,有,無,12680000,70937,,0.0,0,,RPPNMLRKRHGGFBM98CB,元弘愛家,A棟9號
草屯鎮,房地(土地+建物)+車位,南投縣草屯鎮中山街,15.21,商,,,1100820,土地1建物1車位1,十三層,15,住宅大樓(11層含以上有電梯),住商用,鋼筋混凝土造,,109.46,2,1,1,有,無,7200000,72329,坡道平面,28.58,1350000,,RPQNMLRKRHGGFBM09CB,富宇中山溱邸,A棟5號
草屯鎮,房地(土地+建物)+車位,南投縣草屯鎮博愛路,19.69,住,,,1100821,土地1建物1車位1,六層,15,住宅大樓(11層含以上有電梯),住家用,鋼筋混凝土造,,116.23,2,1,1,有,無,6580000,66269,坡道平面,35.8,1250000,,RPPNMLSKRHGGFBM09CB,富宇博愛苑,A棟2號
草屯鎮,房地(土地+建物),南投縣草屯鎮御富路與東山路口,70.76,住,,,1100828,土地6建物1車位0,全,5,透天厝,住家用,鋼筋混凝土造,,188.38,5,2,6,有,無,10580000,56163,,0.0,0,,RPQNMLSKRHGGFBM56CB,昌祐大聚,C棟16號
草屯鎮,房地(土地+建物),南投縣草屯鎮御富路與東山路口,71.72,住,,,1100828,土地6建物1車位0,全,5,透天厝,住家用,鋼筋混凝土造,,188.38,5,2,6,有,無,10630000,56428,,0.0,0,,RPRNMLSKRHGGFBM66CB,昌祐大聚,C棟17號
草屯鎮,房地(土地+建物),南投縣草屯鎮御富路與東山路口,70.29,住,,,1100828,土地6建物1車位0,全,5,透天厝,住家用,鋼筋混凝土造,,188.38,5,2,6,有,無,10560000,56057,,0.0,0,,RPSNMLSKRHGGFBM76CB,昌祐大聚,C棟18號
草屯鎮,房地(土地+建物),南投縣草屯鎮御富路與東山路口,75.38,住,,,1100824,土地6建物1車位0,全,4,透天厝,住家用,鋼筋混凝土造,,150.05,4,2,5,有,無,9880000,65845,,0.0,0,,RPTNMLSKRHGGFBM86CB,昌祐大聚,A棟12號
草屯鎮,房地(土地+建物),南投縣草屯鎮御富路與東山路口,93.34,住,,,1100829,土地6建物1車位0,全,4,透天厝,住家用,鋼筋混凝土造,,178.92,4,2,5,有,無,11780000,65839,,0.0,0,,RPUNMLSKRHGGFBM96CB,昌祐大聚,B棟15號
草屯鎮,房地(土地+建物),南投縣草屯鎮御富路與東山路口,89.76,住,,,1100830,土地6建物1車位0,全,4,透天厝,住家用,鋼筋混凝土造,,174.25,4,2,5,有,無,11700000,67145,,0.0,0,,RPVNMLSKRHGGFBM07CB,昌祐大聚,C棟5號
草屯鎮,房地(土地+建物),南投縣草屯鎮御富路與東山路口,81.55,住,,,1100825,土地6建物1車位0,全,5,店面(店鋪),住商用,鋼筋混凝土造,,210.21,4,3,6,有,無,13200000,62794,,0.0,0,,RPPNMLMLRHGGFBM58CB,昌祐大聚,&#151;棟16號
草屯鎮,房地(土地+建物),南投縣草屯鎮御富路與東山路口,82.82,住,,,1100825,土地6建物1車位0,全,5,店面(店鋪),住商用,鋼筋混凝土造,,211.07,4,3,6,有,無,13500000,63960,,0.0,0,,RPRNMLMLRHGGFBM78CB,昌祐大聚,&#151;棟17號
南投市,房地(土地+建物),南投縣南投市華陽路,21.98,住,,,1100828,土地3建物1車位0,十一層,14,住宅大樓(11層含以上有電梯),住家用,鋼筋混凝土造,,86.45,2,2,1,有,無,4680000,54135,,0.0,0,,RPPNMLMLRHGGFAM48CB,首富京站,A2棟11號
南投市,房地(土地+建物),南投縣南投市華陽路,21.98,住,,,1100916,土地3建物1車位0,二層,14,住宅大樓(11層含以上有電梯),住家用,鋼筋混凝土造,,86.45,2,2,1,有,無,4530000,52400,,0.0,0,,RPPNMLNLRHGGFAM58CB,首富京站,A2棟2號
南投市,房地(土地+建物),南投縣南投市華陽路,21.98,住,,,1100907,土地3建物1車位0,三層,14,住宅大樓(11層含以上有電梯),住家用,鋼筋混凝土造,,86.45,2,2,1,有,無,4530000,52400,,0.0,0,,RPQNMLNLRHGGFAM68CB,首富京站,A2棟3號
南投市,房地(土地+建物),南投縣南投市華陽路,21.98,住,,,1100912,土地3建物1車位0,十三層,14,住宅大樓(11層含以上有電梯),住家用,鋼筋混凝土造,,86.45,2,2,1,有,無,4830000,55870,,0.0,0,,RPRNMLNLRHGGFAM78CB,首富京站,A2棟13號
南投市,房地(土地+建物),南投縣南投市華陽路,29.06,住,,,1100918,土地3建物1車位0,二層,14,住宅大樓(11層含以上有電梯),住家用,鋼筋混凝土造,,110.58,3,2,2,有,無,5770000,52179,,0.0,0,,RPSNMLNLRHGGFAM88CB,首富京站,A3棟2號
南投市,房地(土地+建物),南投縣南投市華陽路,27.25,住,,,1100905,土地3建物1車位0,一層,14,住宅大樓(11層含以上有電梯),住家用,鋼筋混凝土造,,103.31,3,2,2,有,無,5830000,56432,,0.0,0,,RPTNMLNLRHGGFAM98CB,首富京站,A5棟1號
南投市,房地(土地+建物),南投縣南投市華陽路,29.06,住,,,1100916,土地3建物1車位0,二層,14,住宅大樓(11層含以上有電梯),住家用,鋼筋混凝土造,,110.58,3,2,2,有,無,5810000,52541,,0.0,0,,RPUNMLNLRHGGFAM09CB,首富京站,B1棟2號
南投市,房地(土地+建物),南投縣南投市華陽路,27.25,住,,,1100901,土地3建物1車位0,一層,14,住宅大樓(11層含以上有電梯),住家用,鋼筋混凝土造,,103.31,3,2,2,有,無,6050000,58562,,0.0,0,,RPVNMLNLRHGGFAM56CB,首富京站,B6棟1號
埔里鎮,房地(土地+建物),南投縣埔里鎮三勰路,208.12,,特定農業區,甲種建築用地,1100909,土地3建物1車位0,全,3,透天厝,住家用,鋼筋混凝土造,,204.0,3,2,4,有,無,11750000,57598,,0.0,0,,RPPNMLNLRHGGFCM78CB,逸境,A棟3號
埔里鎮,房地(土地+建物),南投縣埔里鎮三勰路,209.22,,特定農業區,甲種建築用地,1100919,土地3建物1車位0,全,3,透天厝,住家用,鋼筋混凝土造,,204.0,3,2,4,有,無,12000000,58824,,0.0,0,,RPRNMLNLRHGGFCM98CB,逸境,A棟13號
埔里鎮,房地(土地+建物),南投縣埔里鎮三勰路,207.02,,特定農業區,甲種建築用地,1100919,土地3建物1車位0,全,3,透天厝,住家用,鋼筋混凝土造,,204.0,3,2,4,有,無,12000000,58824,,0.0,0,,RPPNMLOLRHGGFCM88CB,逸境,A棟12號
埔里鎮,房地(土地+建物)+車位,南投縣埔里鎮梅林三街,26.23,住,,,1100826,土地1建物1車位1,二層,7,華廈(10層含以下有電梯),住家用,鋼筋混凝土造,,107.85,2,2,2,有,無,6700000,71556,一樓平面,29.59,1100000,,RPPNMLOLRHGGFCM98DB,梅林匯,B棟2號
埔里鎮,房地(土地+建物)+車位,南投縣埔里鎮梅林三街,24.25,住,,,1100926,土地1建物1車位1,六層,7,華廈(10層含以下有電梯),住家用,鋼筋混凝土造,,101.92,2,2,1,有,無,6600000,76040,一樓平面,29.59,1100000,,RPQNMLQLRHGGFCM66DB,梅林匯,A棟6號
埔里鎮,房地(土地+建物)+車位,南投縣埔里鎮梅林三街,24.88,住,,,1100925,土地1建物1車位1,二層,7,華廈(10層含以下有電梯),住家用,鋼筋混凝土造,,103.8,2,2,1,有,無,5750000,62660,一樓平面,29.59,1100000,,RPQNMLRLRHGGFCM76DB,梅林匯,E棟2號
草屯鎮,房地(土地+建物)+車位,南投縣草屯鎮富春路四維巷,48.79,住,,,1100901,土地2建物1車位1,六層,12,住宅大樓(11層含以上有電梯),住家用,鋼筋混凝土造,,157.66,3,2,2,有,無,10250000,66781,坡道平面,23.64,1300000,,RPVNMLSLRHGGFBM17CB,久樘四季Villa,A1棟6F號
草屯鎮,房地(土地+建物)+車位,南投縣草屯鎮富春路四維巷,39.3,住,,,1100831,土地2建物1車位1,十層,12,住宅大樓(11層含以上有電梯),住家用,鋼筋混凝土造,,120.11,3,2,2,有,無,7880000,65380,坡道機械,11.82,800000,,RPWNMLSLRHGGFBM27CB,久樘四季Villa,A5棟10F號
草屯鎮,房地(土地+建物)+車位,南投縣草屯鎮富春路四維巷,26.72,住,,,1100907,土地2建物1車位1,三層,12,住宅大樓(11層含以上有電梯),住家用,鋼筋混凝土造,,85.36,2,2,1,有,無,5150000,62551,坡道機械,11.82,550000,,RPXNMLSLRHGGFBM37CB,久樘四季Villa,D6棟3F號
草屯鎮,房地(土地+建物)+車位,南投縣草屯鎮富春路四維巷,26.72,住,,,1100831,土地2建物1車位1,五層,12,住宅大樓(11層含以上有電梯),住家用,鋼筋混凝土造,,85.36,2,2,1,有,無,5400000,65951,坡道機械,11.82,550000,,RPOOMLSLRHGGFBM56CB,久樘四季Villa,D6棟5F號
草屯鎮,房地(土地+建物)+車位,南投縣草屯鎮石川路,24.36,,鄉村區,乙種建築用地,1100905,土地1建物1車位1,七層,9,華廈(10層含以下有電梯),住家用,鋼筋混凝土造,,99.47,2,2,1,有,無,5300000,60271,坡道機械,19.0,450000,交易總價含下列非屬預售屋價格之費用:含裝潢費；,RPPNMLTLRHGGFBM66CB,澄玉,1棟7E號
名間鄉,房地(土地+建物),南投縣名間鄉彰南路559巷,194.81,,鄉村區,乙種建築用地,1100906,土地3建物1車位0,全,4,透天厝,住家用,鋼筋混凝土造,,280.18,4,3,4,有,無,14200000,50682,,0.0,0,,RPPNMLKMRHGGFAM58EB,山晴宇,F棟5號
南投市,房地(土地+建物)+車位,南投縣南投市彰南路一段,29.99,,鄉村區,乙種建築用地,1100912,土地1建物1車位1,九層,9,華廈(10層含以下有電梯),住家用,鋼筋混凝土造,,112.08,3,2,2,有,無,6600000,58887,升降機械,0.0,700000,,RPPNMLLJIIGGFAM37CB,遇見愛,B6棟9F號
草屯鎮,房地(土地+建物)+車位,南投縣草屯鎮中山街,22.24,商,,,1100904,土地1建物1車位1,六層,15,住宅大樓(11層含以上有電梯),住商用,鋼筋混凝土造,,146.96,3,2,2,有,無,9580000,70367,坡道平面,28.58,1250000,,RPPNMLLJIIGGFBM47CB,富宇中山溱邸,A棟1號
草屯鎮,房地(土地+建物),南投縣草屯鎮御富路與東山路口,93.34,住,,,1100904,土地6建物1車位0,全,4,透天厝,住家用,鋼筋混凝土造,,178.92,4,2,5,有,無,11780000,65839,,0.0,0,,RPPNMLNJIIGGFBM67CB,昌祐大聚,B棟13號
草屯鎮,房地(土地+建物),南投縣草屯鎮御富路與東山路口,93.34,住,,,1100905,土地6建物1車位0,全,4,透天厝,住家用,鋼筋混凝土造,,180.79,4,2,5,有,無,11880000,65712,,0.0,0,,RPQNMLNJIIGGFBM77CB,昌祐大聚,A棟21號
草屯鎮,房地(土地+建物),南投縣草屯鎮御富路與東山路口,88.32,住,,,1100904,土地6建物1車位0,全,5,店面(店鋪),住商用,鋼筋混凝土造,,210.21,4,3,6,有,無,13800000,65649,,0.0,0,,RPRNMLNJIIGGFBM87CB,昌祐大聚,&#151;棟5號
草屯鎮,房地(土地+建物),南投縣草屯鎮御富路與東山路口,93.34,住,,,1100904,土地6建物1車位0,全,4,透天厝,住家用,鋼筋混凝土造,,180.79,4,2,5,有,無,11850000,65546,,0.0,0,,RPSNMLNJIIGGFBM97CB,昌祐大聚,A棟19號
草屯鎮,房地(土地+建物),南投縣草屯鎮御富路與東山路口,93.34,住,,,1100904,土地6建物1車位0,全,4,透天厝,住家用,鋼筋混凝土造,,180.79,4,2,5,有,無,11850000,65546,,0.0,0,,RPTNMLNJIIGGFBM08CB,昌祐大聚,A棟20號
草屯鎮,房地(土地+建物),南投縣草屯鎮御富路與東山路口,93.34,住,,,1100904,土地6建物1車位0,全,4,透天厝,住家用,鋼筋混凝土造,,178.92,4,2,5,有,無,11780000,65839,,0.0,0,,RPUNMLNJIIGGFBM18CB,昌祐大聚,B棟18號
草屯鎮,房地(土地+建物)+車位,南投縣草屯鎮中山街,26.02,商,,,1100907,土地1建物1車位1,八層,15,住宅大樓(11層含以上有電梯),住商用,鋼筋混凝土造,,166.9,4,2,2,有,無,11420000,72079,坡道平面,28.58,1450000,,RPPNMLOJIIGGFBM77CB,富宇中山溱邸,A棟3號
南投市,房地(土地+建物)+車位,南投縣南投市彰南路一段,29.99,,鄉村區,乙種建築用地,1101003,土地1建物1車位1,七層,9,華廈(10層含以下有電梯),住家用,鋼筋混凝土造,,112.08,3,2,2,有,無,6300000,56210,升降機械,0.0,700000,,RPPNMLOJIIGGFAM67CB,遇見愛,B6棟7F號
埔里鎮,房地(土地+建物),南投縣埔里鎮三勰路,213.32,,特定農業區,甲種建築用地,1100925,土地3建物1車位0,全,3,透天厝,住家用,鋼筋混凝土造,,204.0,3,2,4,有,無,12300000,60294,,0.0,0,,RPPNMLOJIIGGFCM87CB,逸境,A棟5號
草屯鎮,房地(土地+建物),南投縣草屯鎮富春路,11.68,住,,,1100919,土地2建物1車位0,二層,5,套房(1房1廳1衛),住家用,鋼筋混凝土造,,70.08,1,1,1,有,無,4330000,61787,,0.0,0,1.本戶建築執照基地位於草屯鎮新富功段坐落於49~49-21等22筆地號。,RPPNMLOJIIGGFBM87DB,陸禾誠也,A棟1號
草屯鎮,房地(土地+建物),南投縣草屯鎮富春路,8.77,住,,,1100921,土地2建物1車位0,五層,5,套房(1房1廳1衛),住家用,鋼筋混凝土造,,58.68,1,1,1,有,無,3770000,64247,,0.0,0,1.本戶建築執照基地位於草屯鎮新富功段坐落於49~49-21等22筆地號。,RPRNMLOJIIGGFBM08DB,陸禾誠也,B棟3號
草屯鎮,房地(土地+建物),南投縣草屯鎮富春路,11.02,住,,,1100923,土地2建物1車位0,五層,5,套房(1房1廳1衛),住家用,鋼筋混凝土造,,68.13,1,1,1,有,無,4430000,65023,,0.0,0,1.本戶建築執照基地位於草屯鎮新富功段坐落於49~49-21等22筆地號。,RPSNMLOJIIGGFBM18DB,陸禾誠也,B棟5號
草屯鎮,房地(土地+建物),南投縣草屯鎮富春路,106.27,住,,,1100912,土地3建物1車位0,全,4,透天厝,住家用,鋼筋混凝土造,,174.08,4,3,5,有,無,15380000,88350,,0.0,0,1.本戶建築執照基地位於草屯鎮新富功段坐落於49~49-21等22筆地號。,RPTNMLOJIIGGFBM28DB,陸禾誠也,C棟3號
草屯鎮,房地(土地+建物),南投縣草屯鎮富春路,106.85,住,,,1100912,土地3建物1車位0,全,4,透天厝,住家用,鋼筋混凝土造,,175.01,4,3,5,有,無,15380000,87881,,0.0,0,1.本戶建築執照基地位於草屯鎮新富功段坐落於49~49-21等22筆地號。,RPUNMLOJIIGGFBM38DB,陸禾誠也,D棟2號
名間鄉,房地(土地+建物),南投縣名間鄉員集路147巷內,110.27,住,,,1100908,土地8建物1車位0,全,4,透天厝,住家用,鋼筋混凝土造,,163.5,4,3,3,有,無,8300000,50765,,0.0,0,,RPPNMLPJIIGGFAM87DB,御山美,B棟2號
名間鄉,房地(土地+建物),南投縣名間鄉員集路147巷內,112.39,住,,,1100919,土地8建物1車位0,全,4,透天厝,住家用,鋼筋混凝土造,,174.97,4,3,5,有,無,8550000,48866,,0.0,0,,RPQNMLPJIIGGFAM97DB,御山美,B棟3號
南投市,房地(土地+建物),南投縣南投市中興路146巷,21.07,商,,,1100925,土地1建物1車位0,三層,5,華廈(10層含以下有電梯),住家用,鋼筋混凝土造,,75.86,3,2,2,有,無,6380000,84102,,0.0,0,,RPPNMLQJIIGGFAM08EB,中興傳家堡二期,D棟
南投市,房地(土地+建物),南投縣南投市中興路146巷,21.07,商,,,1100927,土地1建物1車位0,三層,5,華廈(10層含以下有電梯),住家用,鋼筋混凝土造,,75.86,3,2,2,有,無,6500000,85684,,0.0,0,,RPQNMLQJIIGGFAM18EB,中興傳家堡二期,C棟
南投市,房地(土地+建物),南投縣南投市文化南路233巷,157.0,住,,,1100911,土地2建物1車位0,全,4,透天厝,住家用,鋼筋混凝土造,,246.23,5,2,5,有,無,16500000,67011,,0.0,0,,RPPNMLRJIIGGFAM97CB,勝邦茵悅墅,A棟14號
草屯鎮,房地(土地+建物)+車位,南投縣草屯鎮中山街,23.38,商,,,1100909,土地1建物1車位2,十四層,15,住宅大樓(11層含以上有電梯),住商用,鋼筋混凝土造,,181.5,3,2,2,有,無,11630000,70211,坡道平面,57.16,2900000,,RPPNMLRJIIGGFBM08CB,富宇中山溱邸,B棟6號
草屯鎮,房地(土地+建物)+車位,南投縣草屯鎮博愛路,29.52,住,,,1100910,土地1建物1車位1,八層,15,住宅大樓(11層含以上有電梯),住家用,鋼筋混凝土造,,156.5,3,2,2,有,無,10200000,72080,坡道平面,35.8,1500000,,RPQNMLRJIIGGFBM18CB,富宇博愛苑,B棟3號
草屯鎮,房地(土地+建物),南投縣草屯鎮青宅巷,76.29,,特定農業區,甲種建築用地,1100910,土地2建物1車位0,全,4,透天厝,住家用,鋼筋混凝土造,,167.74,4,2,3,有,無,9250000,55145,,0.0,0,,RPPNMLSJIIGGFBM18CB,陶淵明(禮遇2),A棟8號
草屯鎮,房地(土地+建物),南投縣草屯鎮青宅巷,90.1,,特定農業區,甲種建築用地,1100909,土地3建物1車位0,全,4,透天厝,住家用,鋼筋混凝土造,,167.34,4,2,3,有,無,8760000,52349,,0.0,0,,RPQNMLSJIIGGFBM28CB,陶淵明(禮遇2),B棟8號
草屯鎮,房地(土地+建物),南投縣草屯鎮青宅巷,76.29,,特定農業區,甲種建築用地,1100909,土地2建物1車位0,全,4,透天厝,住家用,鋼筋混凝土造,,167.74,4,2,3,有,無,9200000,54847,,0.0,0,,RPRNMLSJIIGGFBM38CB,陶淵明(禮遇2),A棟7號
草屯鎮,房地(土地+建物)+車位,南投縣草屯鎮富春路四維巷,40.77,住,,,1100921,土地2建物1車位1,十一層,12,住宅大樓(11層含以上有電梯),住家用,鋼筋混凝土造,,124.01,3,2,2,有,無,8150000,65514,坡道機械,11.82,800000,,RPSNMLSJIIGGFBM48CB,久樘四季Villa,A2棟11F號
草屯鎮,房地(土地+建物)+車位,南投縣草屯鎮富春路四維巷,39.3,住,,,1100927,土地2建物1車位1,三層,12,住宅大樓(11層含以上有電梯),住家用,鋼筋混凝土造,,131.93,3,2,2,有,無,8180000,63533,坡道平面,23.64,1300000,,RPTNMLSJIIGGFBM58CB,久樘四季Villa,A5棟3F號
草屯鎮,房地(土地+建物)+車位,南投縣草屯鎮富春路四維巷,48.79,住,,,1100922,土地2建物1車位1,四層,12,住宅大樓(11層含以上有電梯),住家用,鋼筋混凝土造,,157.66,3,2,2,有,無,9750000,63050,坡道平面,23.64,1300000,,RPUNMLSJIIGGFBM68CB,久樘四季Villa,B1棟4F號
草屯鎮,房地(土地+建物)+車位,南投縣草屯鎮富春路四維巷,26.81,住,,,1100912,土地2建物1車位1,五層,12,住宅大樓(11層含以上有電梯),住家用,鋼筋混凝土造,,85.65,2,2,1,有,無,5400000,65691,坡道機械,11.82,550000,,RPVNMLSJIIGGFBM78CB,久樘四季Villa,C5棟5F號
草屯鎮,房地(土地+建物)+車位,南投縣草屯鎮坪腳巷,31.71,,鄉村區,乙種建築用地,1100930,土地7建物1車位1,三層,12,住宅大樓(11層含以上有電梯),住家用,鋼筋混凝土造,,129.76,3,2,2,有,無,6430000,48649,升降機械,15.06,850000,,RPWNMLSJIIGGFBM88CB,廣宣成家 N03-樂高,B棟03號
南投市,房地(土地+建物),南投縣南投市華陽路,21.98,住,,,1100924,土地3建物1車位0,十三層,14,住宅大樓(11層含以上有電梯),住家用,鋼筋混凝土造,,86.45,2,2,1,有,無,4830000,55870,,0.0,0,,RPPNMLSJIIGGFAM08CB,首富京站,B2棟13號
南投市,房地(土地+建物),南投縣南投市華陽路,27.25,住,,,1100926,土地3建物1車位0,一層,14,住宅大樓(11層含以上有電梯),住家用,鋼筋混凝土造,,103.31,3,2,2,有,無,5520000,53431,,0.0,0,,RPQNMLSJIIGGFAM18CB,首富京站,B5棟1號
南投市,房地(土地+建物),南投縣南投市華陽路,27.25,住,,,1100930,土地3建物1車位0,二層,14,住宅大樓(11層含以上有電梯),住家用,鋼筋混凝土造,,103.31,3,2,2,有,無,5370000,51979,,0.0,0,,RPRNMLSJIIGGFAM28CB,首富京站,B6棟2號
南投市,房地(土地+建物),南投縣南投市華陽路,21.98,住,,,1101008,土地3建物1車位0,一層,14,住宅大樓(11層含以上有電梯),住家用,鋼筋混凝土造,,85.13,2,2,1,有,無,4860000,57089,,0.0,0,,RPPNMLTJIIGGFAM18CB,首富京站,A2棟1號
南投市,房地(土地+建物),南投縣南投市華陽路,27.25,住,,,1101003,土地3建物1車位0,二層,14,住宅大樓(11層含以上有電梯),住家用,鋼筋混凝土造,,103.31,3,2,2,有,無,5380000,52076,,0.0,0,,RPQNMLTJIIGGFAM28CB,首富京站,A5棟2號
南投市,房地(土地+建物),南投縣南投市華陽路,27.25,住,,,1101002,土地3建物1車位0,二層,14,住宅大樓(11層含以上有電梯),住家用,鋼筋混凝土造,,103.31,3,2,2,有,無,5380000,52076,,0.0,0,,RPRNMLTJIIGGFAM38CB,首富京站,A6棟2號
南投市,房地(土地+建物),南投縣南投市華陽路,21.98,住,,,1101006,土地3建物1車位0,二層,14,住宅大樓(11層含以上有電梯),住家用,鋼筋混凝土造,,86.45,2,2,1,有,無,4550000,52632,,0.0,0,,RPSNMLTJIIGGFAM48CB,首富京站,B2棟2號
南投市,房地(土地+建物),南投縣南投市華陽路,21.98,住,,,1101008,土地3建物1車位0,三層,14,住宅大樓(11層含以上有電梯),住家用,鋼筋混凝土造,,86.45,2,2,1,有,無,4500000,52053,,0.0,0,,RPTNMLTJIIGGFAM58CB,首富京站,B2棟3號
南投市,房地(土地+建物),南投縣南投市華陽路,27.25,住,,,1101008,土地3建物1車位0,二層,14,住宅大樓(11層含以上有電梯),住家用,鋼筋混凝土造,,103.31,3,2,2,有,無,5380000,52076,,0.0,0,,RPUNMLTJIIGGFAM68CB,首富京站,B5棟2號
草屯鎮,房地(土地+建物)+車位,南投縣草屯鎮博愛路,19.69,住,,,1100912,土地1建物1車位1,四層,15,住宅大樓(11層含以上有電梯),住家用,鋼筋混凝土造,,116.23,2,1,1,有,無,6700000,67761,坡道平面,35.8,1250000,,RPPNMLTJIIGGFBM28CB,富宇博愛苑,A棟2號
草屯鎮,房地(土地+建物),南投縣草屯鎮御富路與東山路口,70.15,住,,,1100910,土地6建物1車位0,全,5,透天厝,住家用,鋼筋混凝土造,,188.38,5,2,6,有,無,10550000,56004,,0.0,0,,RPQNMLTJIIGGFBM38CB,昌祐大聚,C棟15號
草屯鎮,房地(土地+建物),南投縣草屯鎮御富路與東山路口,102.32,住,,,1100910,土地6建物1車位0,全,5,店面(店鋪),住商用,鋼筋混凝土造,,199.45,4,3,6,有,無,14200000,71196,,0.0,0,,RPRNMLTJIIGGFBM48CB,昌祐大聚,&#151;棟1號
草屯鎮,房地(土地+建物),南投縣草屯鎮御富路與東山路口,93.34,住,,,1100910,土地6建物1車位0,全,4,透天厝,住家用,鋼筋混凝土造,,180.79,4,2,5,有,無,11850000,65546,,0.0,0,,RPSNMLTJIIGGFBM58CB,昌祐大聚,A棟16號
草屯鎮,房地(土地+建物),南投縣草屯鎮御富路與東山路口,92.34,住,,,1100910,土地6建物1車位0,全,5,店面(店鋪),住商用,鋼筋混凝土造,,231.44,4,3,6,有,無,15030000,64941,,0.0,0,,RPTNMLTJIIGGFBM68CB,昌祐大聚,&#151;棟18號
草屯鎮,房地(土地+建物),南投縣草屯鎮御富路與東山路口,81.19,住,,,1100918,土地6建物1車位0,全,5,店面(店鋪),住商用,鋼筋混凝土造,,210.21,4,3,6,有,無,12700000,60416,,0.0,0,,RPPNMLKKIIGGFBM47CB,昌祐大聚,店棟9號
草屯鎮,房地(土地+建物),南投縣草屯鎮御富路與東山路口,93.34,住,,,1100911,土地6建物1車位0,全,4,透天厝,住家用,鋼筋混凝土造,,180.79,4,2,5,有,無,11830000,65435,,0.0,0,,RPQNMLKKIIGGFBM57CB,昌祐大聚,A棟18號
草屯鎮,房地(土地+建物),南投縣草屯鎮御富路與東山路口,93.34,住,,,1100911,土地6建物1車位0,全,4,透天厝,住家用,鋼筋混凝土造,,178.92,4,2,5,有,無,11780000,65839,,0.0,0,,RPRNMLKKIIGGFBM67CB,昌祐大聚,B棟16號
草屯鎮,房地(土地+建物),南投縣草屯鎮御富路與東山路口,93.34,住,,,1100912,土地6建物1車位0,全,4,透天厝,住家用,鋼筋混凝土造,,178.92,4,2,5,有,無,11800000,65951,,0.0,0,,RPSNMLKKIIGGFBM77CB,昌祐大聚,B棟19號
草屯鎮,房地(土地+建物),南投縣草屯鎮御富路與東山路口,81.41,住,,,1100912,土地6建物1車位0,全,5,店面(店鋪),住商用,鋼筋混凝土造,,210.21,4,3,6,有,無,13180000,62699,,0.0,0,,RPTNMLKKIIGGFBM87CB,昌祐大聚,&#151;棟12號
草屯鎮,房地(土地+建物)+車位,南投縣草屯鎮博愛路,29.52,住,,,1100914,土地1建物1車位1,八層,15,住宅大樓(11層含以上有電梯),住家用,鋼筋混凝土造,,156.45,3,2,2,有,無,10050000,71695,坡道平面,35.8,1400000,,RPPNMLLKIIGGFBM57CB,富宇博愛苑,A棟3號
草屯鎮,房地(土地+建物)+車位,南投縣草屯鎮博愛路,19.69,住,,,1100916,土地1建物1車位1,九層,15,住宅大樓(11層含以上有電梯),住家用,鋼筋混凝土造,,116.24,2,1,1,有,無,7200000,73347,坡道平面,35.8,1300000,,RPPNMLNKIIGGFBM77CB,富宇博愛苑,B棟2號
草屯鎮,房地(土地+建物)+車位,南投縣草屯鎮中山街,18.28,商,,,1100917,土地1建物1車位1,二層,15,住宅大樓(11層含以上有電梯),住商用,鋼筋混凝土造,,125.95,2,2,2,有,無,7780000,66037,坡道平面,28.58,1350000,,RPQNMLNKIIGGFBM87CB,富宇中山溱邸,C棟3號
草屯鎮,房地(土地+建物)+車位,南投縣草屯鎮博愛路,29.52,住,,,1100917,土地1建物1車位1,六層,15,住宅大樓(11層含以上有電梯),住家用,鋼筋混凝土造,,156.5,3,2,2,有,無,9990000,71997,坡道平面,35.8,1300000,,RPRNMLNKIIGGFBM97CB,富宇博愛苑,A棟1號
草屯鎮,房地(土地+建物)+車位,南投縣草屯鎮博愛路,22.27,住,,,1100917,土地1建物1車位1,六層,15,住宅大樓(11層含以上有電梯),住家用,鋼筋混凝土造,,126.85,2,2,1,有,無,7990000,73476,坡道平面,35.8,1300000,,RPSNMLNKIIGGFBM08CB,富宇博愛苑,A棟5號
草屯鎮,房地(土地+建物)+車位,南投縣草屯鎮博愛路,29.62,住,,,1100917,土地1建物1車位1,四層,15,住宅大樓(11層含以上有電梯),住家用,鋼筋混凝土造,,156.77,3,2,2,有,無,9530000,68033,坡道平面,35.8,1300000,,RPTNMLNKIIGGFBM18CB,富宇博愛苑,B棟1號
草屯鎮,房地(土地+建物),南投縣草屯鎮富春路,11.68,住,,,1100908,土地2建物1車位0,三層,5,套房(1房1廳1衛),住家用,鋼筋混凝土造,,69.29,1,1,1,有,無,4430000,63934,,0.0,0,1.本戶建築執照基地位於草屯鎮新富功段坐落於49~49-21等22筆地號,RPPNMLOKIIGGFBM97DB,陸禾誠也,A棟1號
草屯鎮,房地(土地+建物),南投縣草屯鎮碧山路1107巷,66.6,,鄉村區,乙種建築用地,1101017,土地1建物1車位0,全,4,透天厝,住家用,鋼筋混凝土造,,147.71,4,3,3,有,無,10380000,70273,,0.0,0,,RPPNMLSKIIGGFBM38DB,碧山恆美,A棟0號
埔里鎮,房地(土地+建物)+車位,南投縣埔里鎮隆生路111巷,36.7,農,,,1101008,土地4建物1車位1,三層,4,華廈(10層含以下有電梯),住家用,鋼筋混凝土造,,102.01,2,1,1,有,無,7600000,72513,一樓平面,13.75,1200000,,RPPNMLSKIIGGFCM48DB,洄謙城,B棟3號
埔里鎮,房地(土地+建物),南投縣埔里鎮隆生路111巷,180.03,農,,,1101001,土地2建物1車位0,全,4,透天厝,住家用,鋼筋混凝土造,,288.57,4,2,5,有,無,23400000,81090,,0.0,0,,RPQNMLTKIIGGFCM68DB,洄謙城,A棟4號
草屯鎮,房地(土地+建物)+車位,南投縣草屯鎮博愛路,22.24,住,,,1100922,土地1建物1車位1,三層,15,住宅大樓(11層含以上有電梯),住家用,鋼筋混凝土造,,126.83,2,2,1,有,無,7700000,70306,坡道平面,35.8,1300000,,RPPNMLTKIIGGFBM38CB,富宇博愛苑,B棟6號
草屯鎮,房地(土地+建物)+車位,南投縣草屯鎮博愛路,19.69,住,,,1100922,土地1建物1車位1,九層,15,住宅大樓(11層含以上有電梯),住家用,鋼筋混凝土造,,116.23,2,1,1,有,無,7300000,73356,坡道平面,35.8,1400000,,RPQNMLTKIIGGFBM48CB,富宇博愛苑,A棟2號
草屯鎮,房地(土地+建物)+車位,南投縣草屯鎮中山街,22.24,商,,,1100922,土地1建物1車位1,三層,15,住宅大樓(11層含以上有電梯),住商用,鋼筋混凝土造,,146.83,3,2,2,有,無,9480000,67907,坡道平面,28.58,1450000,,RPRNMLTKIIGGFBM58CB,富宇中山溱邸,A棟2號
草屯鎮,房地(土地+建物),南投縣草屯鎮御富路與東山路口,109.97,住,,,1100914,土地6建物1車位0,全,4,透天厝,住家用,鋼筋混凝土造,,187.28,5,2,5,有,無,13750000,73419,,0.0,0,,RPSNMLTKIIGGFBM68CB,昌祐大聚,A棟6號
埔里鎮,房地(土地+建物)+車位,南投縣埔里鎮朝陽街,29.85,住,,,1101009,土地1建物1車位1,三層,5,華廈(10層含以下有電梯),住家用,鋼筋混凝土造,,101.44,3,2,2,有,無,6760000,66598,一樓平面,13.75,920000,,RPPNMLKLIIGGFCM77DB,喬富易居,C棟3號
埔里鎮,房地(土地+建物)+車位,南投縣埔里鎮朝陽街,31.55,住,,,1100930,土地1建物1車位1,二層,5,華廈(10層含以下有電梯),住家用,鋼筋混凝土造,,107.65,3,2,2,有,無,8050000,76060,一樓平面,14.96,1000000,,RPQNMLKLIIGGFCM87DB,喬富易居,B棟2號
草屯鎮,房地(土地+建物)+車位,南投縣草屯鎮坪腳巷,21.86,,鄉村區,乙種建築用地,1101009,土地7建物1車位1,三層,12,住宅大樓(11層含以上有電梯),住家用,鋼筋混凝土造,,109.22,2,2,1,有,無,5420000,54614,坡道平面,30.12,1100000,,RPVOMLLLIIGGFBM38CB,廣宣成家 N03-樂高,D棟03號
草屯鎮,房地(土地+建物)+車位,南投縣草屯鎮富春路四維巷,39.3,住,,,1100825,土地2建物1車位1,四層,12,住宅大樓(11層含以上有電梯),住家用,鋼筋混凝土造,,120.11,3,2,2,有,無,7350000,62794,坡道機械,11.82,550000,,RPPRMLLLIIGGFBM08CB,久樘四季Villa,A5棟4F號
草屯鎮,房地(土地+建物)+車位,南投縣草屯鎮博愛路,22.27,住,,,1100924,土地1建物1車位1,四層,15,住宅大樓(11層含以上有電梯),住家用,鋼筋混凝土造,,126.85,2,2,1,有,無,7800000,70291,坡道平面,35.8,1400000,,RPPNMLMLIIGGFBM77CB,富宇博愛苑,A棟5號
草屯鎮,房地(土地+建物),南投縣草屯鎮御富路與東山路口,93.34,住,,,1100923,土地6建物1車位0,全,4,透天厝,住家用,鋼筋混凝土造,,180.79,4,2,5,有,無,12000000,66375,,0.0,0,,RPQNMLMLIIGGFBM87CB,昌祐大聚,A棟17號
南投市,房地(土地+建物),南投縣南投市文化南路233巷,148.0,住,,,1100923,土地4建物1車位0,全,4,透天厝,住家用,鋼筋混凝土造,,190.39,5,2,3,有,無,13200000,69331,,0.0,0,,RPPNMLMLIIGGFAM67CB,勝邦茵悅墅,A棟9號
南投市,房地(土地+建物),南投縣南投市文化南路233巷,129.0,住,,,1101002,土地2建物1車位0,全,4,透天厝,住家用,鋼筋混凝土造,,190.39,5,2,3,有,無,13000000,68281,,0.0,0,,RPQNMLMLIIGGFAM77CB,勝邦茵悅墅,A棟11號
草屯鎮,房地(土地+建物)+車位,南投縣草屯鎮中山街,22.5,商,,,1100926,土地1建物1車位1,二層,15,住宅大樓(11層含以上有電梯),住商用,鋼筋混凝土造,,148.23,3,2,2,有,無,9390000,67196,坡道平面,28.58,1350000,,RPPNMLNLIIGGFBM87CB,富宇中山溱邸,C棟5號
草屯鎮,房地(土地+建物)+車位,南投縣草屯鎮博愛路,22.31,住,,,1100927,土地1建物1車位1,四層,15,住宅大樓(11層含以上有電梯),住家用,鋼筋混凝土造,,126.91,2,2,1,有,無,7850000,70794,坡道平面,35.8,1400000,,RPQNMLNLIIGGFBM97CB,富宇博愛苑,A棟6號
草屯鎮,房地(土地+建物),南投縣草屯鎮御富路與東山路口,98.73,住,,,1100926,土地6建物1車位0,全,4,透天厝,住家用,鋼筋混凝土造,,190.54,4,2,5,有,無,13100000,68752,,0.0,0,,RPQNMLOLIIGGFBM08CB,昌祐大聚,C棟10號
草屯鎮,房地(土地+建物),南投縣草屯鎮御富路與東山路口,114.3,住,,,1100926,土地6建物1車位0,全,4,透天厝,住家用,鋼筋混凝土造,,187.28,5,2,5,有,無,14150000,75555,,0.0,0,,RPRNMLOLIIGGFBM18CB,昌祐大聚,A棟9號
草屯鎮,房地(土地+建物),南投縣草屯鎮御富路與東山路口,98.73,住,,,1100925,土地6建物1車位0,全,4,透天厝,住家用,鋼筋混凝土造,,190.54,4,2,5,有,無,12780000,67073,,0.0,0,,RPSNMLOLIIGGFBM28CB,昌祐大聚,A棟15號
草屯鎮,房地(土地+建物)+車位,南投縣草屯鎮博愛路,22.31,住,,,1100930,土地1建物1車位1,五層,15,住宅大樓(11層含以上有電梯),住家用,鋼筋混凝土造,,126.91,2,2,1,有,無,7880000,72220,坡道平面,35.8,1300000,,RPPNMLRLIIGGFBM28CB,富宇博愛苑,A棟6號
草屯鎮,房地(土地+建物)+車位,南投縣草屯鎮博愛路,19.69,住,,,1100930,土地1建物1車位1,十一層,15,住宅大樓(11層含以上有電梯),住家用,鋼筋混凝土造,,116.24,2,1,1,有,無,7230000,72476,坡道平面,35.8,1400000,,RPQNMLRLIIGGFBM38CB,富宇博愛苑,B棟2號
草屯鎮,房地(土地+建物)+車位,南投縣草屯鎮博愛路,29.52,住,,,1100930,土地1建物1車位1,十一層,15,住宅大樓(11層含以上有電梯),住家用,鋼筋混凝土造,,156.5,3,2,2,有,無,10150000,72494,坡道平面,35.8,1400000,,RPRNMLRLIIGGFBM48CB,富宇博愛苑,B棟3號
埔里鎮,房地(土地+建物),南投縣埔里鎮三勰路,226.22,,特定農業區,甲種建築用地,1101017,土地3建物1車位0,全,3,透天厝,住家用,鋼筋混凝土造,,226.5,3,2,4,有,無,13000000,57395,,0.0,0,,RPPNMLSLIIGGFCM48CB,逸境,B棟1號
埔里鎮,房地(土地+建物),南投縣埔里鎮三勰路,197.92,,特定農業區,甲種建築用地,1101023,土地3建物1車位0,全,3,透天厝,住家用,鋼筋混凝土造,,204.2,3,2,4,有,無,11600000,56807,,0.0,0,,RPQNMLSLIIGGFCM58CB,逸境,A棟7號
草屯鎮,房地(土地+建物),南投縣草屯鎮御富路與東山路口,87.07,住,,,1101002,土地6建物1車位0,全,5,店面(店鋪),住商用,鋼筋混凝土造,,210.21,4,3,6,有,無,13660000,64983,,0.0,0,,RPPNMLLMIIGGFBM77CB,昌祐大聚,店棟6號
草屯鎮,房地(土地+建物),南投縣草屯鎮御富路與東山路口,86.77,住,,,1101002,土地6建物1車位0,全,5,店面(店鋪),住商用,鋼筋混凝土造,,210.21,4,3,6,有,無,13660000,64983,,0.0,0,,RPQNMLLMIIGGFBM87CB,昌祐大聚,店棟7號
草屯鎮,房地(土地+建物),南投縣草屯鎮御富路與東山路口,82.58,住,,,1101004,土地6建物1車位0,全,5,店面(店鋪),住商用,鋼筋混凝土造,,210.21,4,3,6,有,無,13680000,65078,,0.0,0,,RPRNMLLMIIGGFBM97CB,昌祐大聚,店棟11號
草屯鎮,房地(土地+建物),南投縣草屯鎮御富路與東山路口,93.34,住,,,1101003,土地6建物1車位0,全,4,透天厝,住家用,鋼筋混凝土造,,178.92,4,2,5,有,無,12100000,67628,,0.0,0,,RPSNMLLMIIGGFBM08CB,昌祐大聚,B棟17號
草屯鎮,房地(土地+建物),南投縣草屯鎮御富路與東山路口,68.64,住,,,1101004,土地6建物1車位0,全,5,透天厝,住家用,鋼筋混凝土造,,188.38,5,2,6,有,無,10750000,57066,,0.0,0,,RPTNMLLMIIGGFBM18CB,昌祐大聚,C棟19號
草屯鎮,房地(土地+建物),南投縣草屯鎮御富路與東山路口,111.4,住,,,1101002,土地6建物1車位0,全,4,透天厝,住家用,鋼筋混凝土造,,187.28,5,2,5,有,無,13920000,74327,,0.0,0,,RPUNMLLMIIGGFBM28CB,昌祐大聚,A棟7號
草屯鎮,房地(土地+建物),南投縣草屯鎮御富路與東山路口,88.22,住,,,1101003,土地6建物1車位0,全,5,店面(店鋪),住商用,鋼筋混凝土造,,211.07,4,3,6,有,無,14050000,66566,,0.0,0,,RPVNMLLMIIGGFBM38CB,昌祐大聚,店棟3號
草屯鎮,房地(土地+建物),南投縣草屯鎮御富路與東山路口,81.46,住,,,1101006,土地6建物1車位0,全,5,店面(店鋪),住商用,鋼筋混凝土造,,210.21,4,3,6,有,無,13400000,63746,,0.0,0,,RPWNMLLMIIGGFBM48CB,昌祐大聚,店棟13號
草屯鎮,房地(土地+建物),南投縣草屯鎮御富路與東山路口,69.52,住,,,1101017,土地6建物1車位0,全,5,透天厝,住家用,鋼筋混凝土造,,188.38,5,2,6,有,無,11100000,58923,,0.0,0,,RPXNMLLMIIGGFBM58CB,昌祐大聚,C棟13號
草屯鎮,房地(土地+建物),南投縣草屯鎮御富路與東山路口,89.76,住,,,1101017,土地6建物1車位0,全,4,透天厝,住家用,鋼筋混凝土造,,174.25,4,2,5,有,無,12420000,71277,,0.0,0,,RPOOMLLMIIGGFBM77CB,昌祐大聚,C棟9號
草屯鎮,房地(土地+建物),南投縣草屯鎮御富路與東山路口,113.52,住,,,1101017,土地6建物1車位0,全,4,透天厝,住家用,鋼筋混凝土造,,180.79,4,2,5,有,無,14220000,78655,,0.0,0,,RPPOMLLMIIGGFBM87CB,昌祐大聚,B棟11號
南投市,房地(土地+建物),南投縣南投市營盤路190巷19弄,30.31,,鄉村區,乙種建築用地,1101013,土地2建物1車位0,二層,5,華廈(10層含以下有電梯),住家用,鋼筋混凝土造,,99.98,3,1,2,有,無,5300000,53011,,0.0,0,,RPQNMLLJJIGGFAM57CB,鑫大順建設-幸福中興,A棟6號
南投市,房地(土地+建物)+車位,南投縣南投市營盤路190巷19弄,30.2,,鄉村區,乙種建築用地,1101020,土地2建物1車位1,四層,5,華廈(10層含以下有電梯),住家用,鋼筋混凝土造,,111.05,3,1,2,有,無,6600000,57298,一樓平面,11.57,900000,,RPPNMLMJJIGGFAM57CB,鑫大順建設-幸福中興,A棟8號
埔里鎮,房地(土地+建物),南投縣埔里鎮虎耳三街,120.76,,鄉村區,乙種建築用地,1101005,土地2建物1車位0,全,4,透天厝,住家用,鋼筋混凝土造,,232.9,4,2,4,有,無,14500000,62258,,0.0,0,,RPQNMLMJJIGGFCM87CB,天境11期,B棟3號
草屯鎮,房地(土地+建物)+車位,南投縣草屯鎮富春路四維巷,48.79,住,,,1101016,土地2建物1車位1,九層,12,住宅大樓(11層含以上有電梯),住家用,鋼筋混凝土造,,157.66,3,2,2,有,無,10250000,66408,坡道平面,23.64,1350000,,RPPNMLMJJIGGFBM67CB,久樘四季Villa,A1棟9F號
草屯鎮,房地(土地+建物)+車位,南投縣草屯鎮富春路四維巷,29.31,住,,,1101020,土地2建物1車位1,五層,12,住宅大樓(11層含以上有電梯),住家用,鋼筋混凝土造,,92.43,2,2,1,有,無,5820000,65377,坡道機械,11.82,550000,,RPQNMLMJJIGGFBM77CB,久樘四季Villa,A3棟5F號
草屯鎮,房地(土地+建物),南投縣草屯鎮富頂路一段,85.43,住,,,1101020,土地1建物1車位0,全,3,透天厝,住家用,鋼筋混凝土造,,161.98,4,3,3,有,無,9450000,58341,,0.0,0,,RPRNMLMJJIGGFBM87CB,富春新墅,B棟19號
草屯鎮,房地(土地+建物),南投縣草屯鎮富頂路一段,83.18,住,,,1101030,土地1建物1車位0,全,3,透天厝,住家用,鋼筋混凝土造,,182.81,4,3,3,有,無,11180000,61156,,0.0,0,,RPSNMLMJJIGGFBM97CB,富春新墅,C棟12號
南投市,房地(土地+建物)+車位,南投縣南投市彰南路一段,24.63,,鄉村區,乙種建築用地,1101022,土地1建物1車位1,六層,9,華廈(10層含以下有電梯),住家用,鋼筋混凝土造,,92.0,2,2,1,有,無,5450000,59239,升降機械,0.0,700000,,RPPNMLNJJIGGFAM67CB,遇見愛,B1棟6F號
南投市,房地(土地+建物)+車位,南投縣南投市彰南路一段,29.99,,鄉村區,乙種建築用地,1101031,土地1建物1車位1,三層,9,華廈(10層含以下有電梯),住家用,鋼筋混凝土造,,112.08,3,2,2,有,無,6450000,57548,升降機械,0.0,550000,,RPQNMLNJJIGGFAM77CB,遇見愛,B2棟3F號
南投市,房地(土地+建物)+車位,南投縣南投市彰南路一段,24.63,,鄉村區,乙種建築用地,1101031,土地1建物1車位1,七層,9,華廈(10層含以下有電梯),住家用,鋼筋混凝土造,,92.0,2,2,1,有,無,5710000,62065,升降機械,0.0,550000,,RPRNMLNJJIGGFAM87CB,遇見愛,B1棟7F號
草屯鎮,房地(土地+建物)+車位,南投縣草屯鎮富春路四維巷,39.3,住,,,1101026,土地2建物1車位1,七層,12,住宅大樓(11層含以上有電梯),住家用,鋼筋混凝土造,,131.93,3,2,2,有,無,8380000,65380,坡道平面,23.64,1300000,,RPPNMLOJJIGGFBM87CB,久樘四季Villa,A5棟7F號
草屯鎮,房地(土地+建物)+車位,南投縣草屯鎮富春路四維巷,39.3,住,,,1101021,土地2建物1車位1,九層,12,住宅大樓(11層含以上有電梯),住家用,鋼筋混凝土造,,131.93,3,2,2,有,無,8350000,65103,坡道平面,23.64,1300000,,RPQNMLOJJIGGFBM97CB,久樘四季Villa,A5棟9F號
草屯鎮,房地(土地+建物)+車位,南投縣草屯鎮富春路四維巷,29.31,住,,,1101005,土地2建物1車位1,五層,12,住宅大樓(11層含以上有電梯),住家用,鋼筋混凝土造,,92.43,2,2,1,有,無,5850000,65749,坡道機械,11.82,550000,,RPRNMLOJJIGGFBM08CB,久樘四季Villa,B3棟5F號
草屯鎮,房地(土地+建物)+車位,南投縣草屯鎮富春路四維巷,39.3,住,,,1101009,土地2建物1車位1,四層,12,住宅大樓(11層含以上有電梯),住家用,鋼筋混凝土造,,120.11,3,2,2,有,無,7580000,62610,坡道機械,11.82,800000,,RPSNMLOJJIGGFBM18CB,久樘四季Villa,B5棟4F號
草屯鎮,房地(土地+建物)+車位,南投縣草屯鎮富春路四維巷,26.81,住,,,1101017,土地2建物1車位1,十一層,12,住宅大樓(11層含以上有電梯),住家用,鋼筋混凝土造,,85.65,2,2,1,有,無,5520000,63931,坡道機械,11.82,800000,解約後再次出售之交易，原申報書序號B1MB11009280005,RPTNMLOJJIGGFBM28CB,久樘四季Villa,D5棟11F號
草屯鎮,房地(土地+建物)+車位,南投縣草屯鎮中山街,88.94,商,,,1101007,土地1建物1車位2,見使用執照,4,店面(店鋪),住商用,鋼筋混凝土造,,319.28,4,3,5,有,無,25630000,86716,坡道平面,57.16,2900000,,RPUNMLOJJIGGFBM38CB,富宇中山溱邸,S棟1號
草屯鎮,房地(土地+建物)+車位,南投縣草屯鎮中山街,85.89,商,,,1101007,土地1建物1車位2,見使用執照,4,店面(店鋪),住商用,鋼筋混凝土造,,319.9,4,3,5,有,無,25630000,86511,坡道平面,57.16,2900000,,RPVNMLOJJIGGFBM48CB,富宇中山溱邸,S棟2號
草屯鎮,房地(土地+建物),南投縣草屯鎮富春路,100.0,住,,,1101009,土地4建物1車位0,全,4,透天厝,住家用,鋼筋混凝土造,,164.79,4,3,5,有,無,14580000,88476,,0.0,0,1.本戶建築執照基地位於草屯鎮新富功段坐落於49~49-21等22筆地號。,RPPNMLSJJIGGFBM38DB,陸禾誠也,D棟6號
草屯鎮,房地(土地+建物),南投縣草屯鎮富春路,100.75,住,,,1101015,土地4建物1車位0,全,4,透天厝,住家用,鋼筋混凝土造,,163.44,4,3,5,有,無,14580000,89207,,0.0,0,1.本戶建築執照基地位於草屯鎮新富功段坐落於49~49-21等22筆地號。,RPQNMLSJJIGGFBM48DB,陸禾誠也,C棟6號
草屯鎮,房地(土地+建物),南投縣草屯鎮富春路,101.41,住,,,1101013,土地4建物1車位0,全,4,透天厝,住家用,鋼筋混凝土造,,162.31,4,3,5,有,無,14580000,89828,,0.0,0,1.本戶建築執照基地位於草屯鎮新富功段坐落於49~49-21等22筆地號。,RPRNMLSJJIGGFBM58DB,陸禾誠也,C棟7號
草屯鎮,房地(土地+建物),南投縣草屯鎮富春路,11.07,住,,,1101017,土地2建物1車位0,五層,5,套房(1房1廳1衛),住家用,鋼筋混凝土造,,68.13,1,1,1,有,無,4430000,65023,,0.0,0,1.本戶建築執照基地位於草屯鎮新富功段坐落於49~49-21等22筆地號。,RPSNMLSJJIGGFBM68DB,陸禾誠也,A棟5號
草屯鎮,房地(土地+建物),南投縣草屯鎮富春路,11.68,住,,,1101017,土地2建物1車位0,二層,5,套房(1房1廳1衛),住家用,鋼筋混凝土造,,70.08,1,1,1,有,無,4330000,61787,,0.0,0,1.本戶建築執照基地位於草屯鎮新富功段坐落於49~49-21等22筆地號。,RPTNMLSJJIGGFBM78DB,陸禾誠也,B棟1號
草屯鎮,房地(土地+建物),南投縣草屯鎮富春路,8.77,住,,,1101024,土地2建物1車位0,四層,5,套房(1房1廳1衛),住家用,鋼筋混凝土造,,58.68,1,1,1,有,無,3700000,63054,,0.0,0,1.本戶建築執照基地位於草屯鎮新富功段坐落於49~49-21等22筆地號。,RPUNMLSJJIGGFBM88DB,陸禾誠也,A棟3號
草屯鎮,房地(土地+建物),南投縣草屯鎮富春路,11.07,住,,,1101022,土地2建物1車位0,四層,5,套房(1房1廳1衛),住家用,鋼筋混凝土造,,68.13,1,1,1,有,無,4330000,63555,,0.0,0,1.本戶建築執照基地位於草屯鎮新富功段坐落於49~49-21等22筆地號。,RPVNMLSJJIGGFBM98DB,陸禾誠也,A棟5號
草屯鎮,房地(土地+建物),南投縣草屯鎮富春路,8.77,住,,,1101024,土地2建物1車位0,三層,5,套房(1房1廳1衛),住家用,鋼筋混凝土造,,58.68,1,1,1,有,無,3770000,64247,,0.0,0,1.本戶建築執照基地位於草屯鎮新富功段坐落於49~49-21等22筆地號。,RPWNMLSJJIGGFBM09DB,陸禾誠也,A棟3號
草屯鎮,房地(土地+建物),南投縣草屯鎮富春路,11.02,住,,,1101023,土地2建物1車位0,四層,5,套房(1房1廳1衛),住家用,鋼筋混凝土造,,68.13,1,1,1,有,無,4330000,63555,,0.0,0,1.本戶建築執照基地位於草屯鎮新富功段坐落於49~49-21等22筆地號。,RPXNMLSJJIGGFBM56DB,陸禾誠也,B棟5號
草屯鎮,房地(土地+建物)+車位,南投縣草屯鎮博愛路,23.85,住,,,1101013,土地1建物1車位1,一層,15,住宅大樓(11層含以上有電梯),住家用,鋼筋混凝土造,,133.43,2,2,1,有,無,8130000,68934,坡道平面,35.8,1400000,,RPPNMLTJJIGGFBM38CB,富宇博愛苑,B棟6號
草屯鎮,房地(土地+建物)+車位,南投縣草屯鎮博愛路,23.85,住,,,1101013,土地1建物1車位1,一層,15,住宅大樓(11層含以上有電梯),住家用,鋼筋混凝土造,,133.45,2,2,1,有,無,8130000,68920,坡道平面,35.8,1400000,,RPQNMLTJJIGGFBM48CB,富宇博愛苑,A棟5號
草屯鎮,房地(土地+建物)+車位,南投縣草屯鎮博愛路,29.72,住,,,1101012,土地1建物1車位1,三層,15,住宅大樓(11層含以上有電梯),住家用,鋼筋混凝土造,,157.32,3,2,2,有,無,10400000,74062,坡道平面,35.8,1400000,,RPRNMLTJJIGGFBM58CB,富宇博愛苑,A棟3號
草屯鎮,房地(土地+建物)+車位,南投縣草屯鎮坪腳巷,21.86,,鄉村區,乙種建築用地,1101024,土地7建物1車位1,十一層,12,住宅大樓(11層含以上有電梯),住家用,鋼筋混凝土造,,109.22,2,2,1,有,無,5820000,59671,坡道平面,30.12,1100000,,RPSNMLMKJIGGFBM08CB,廣宣成家 N03-樂高,D11棟0號
草屯鎮,房地(土地+建物)+車位,南投縣草屯鎮坪腳巷,21.86,,鄉村區,乙種建築用地,1101107,土地7建物1車位1,十二層,12,住宅大樓(11層含以上有電梯),住家用,鋼筋混凝土造,,109.22,2,2,1,有,無,5780000,59166,坡道平面,30.12,1100000,,RPTNMLMKJIGGFBM18CB,廣宣成家 N03-樂高,C12棟0號
草屯鎮,房地(土地+建物)+車位,南投縣草屯鎮中山街,26.02,商,,,1101105,土地1建物1車位2,十二層,15,住宅大樓(11層含以上有電梯),住商用,鋼筋混凝土造,,195.48,4,2,2,有,無,13000000,73742,坡道平面,57.16,2800000,,RPPNMLOKJIGGFBM97CB,富宇中山溱邸,A棟3號
草屯鎮,房地(土地+建物)+車位,南投縣草屯鎮中山街,22.24,商,,,1101105,土地1建物1車位1,四層,15,住宅大樓(11層含以上有電梯),住商用,鋼筋混凝土造,,146.83,3,2,2,有,無,9750000,71036,坡道平面,28.58,1350000,,RPQNMLOKJIGGFBM08CB,富宇中山溱邸,A棟2號
草屯鎮,房地(土地+建物)+車位,南投縣草屯鎮中山街,23.34,商,,,1101104,土地1建物1車位2,十五層,15,住宅大樓(11層含以上有電梯),住商用,鋼筋混凝土造,,181.38,3,2,2,有,無,12460000,75350,坡道平面,57.16,3100000,,RPRNMLOKJIGGFBM18CB,富宇中山溱邸,B棟5號
草屯鎮,房地(土地+建物)+車位,南投縣草屯鎮中山街,25.62,商,,,1101105,土地1建物1車位2,十五層,15,住宅大樓(11層含以上有電梯),住商用,鋼筋混凝土造,,193.43,3,2,3,有,無,13600000,77053,坡道平面,57.16,3100000,,RPSNMLOKJIGGFBM28CB,富宇中山溱邸,C棟1號
草屯鎮,房地(土地+建物)+車位,南投縣草屯鎮博愛路,29.52,住,,,1101031,土地1建物1車位1,十三層,15,住宅大樓(11層含以上有電梯),住家用,鋼筋混凝土造,,156.5,3,2,2,有,無,10420000,75559,坡道平面,35.8,1300000,,RPTNMLOKJIGGFBM38CB,富宇博愛苑,A棟1號
南投市,房地(土地+建物),南投縣南投市嘉和一路,111.0,住,,,1101017,土地1建物1車位0,全,4,透天厝,住家用,鋼筋混凝土造,,189.2,4,3,3,有,無,15600000,82452,,0.0,0,,RPPNMLPKJIGGFAM97CB,聯眾君詠二期E戶,1棟E號
埔里鎮,房地(土地+建物)+車位,南投縣埔里鎮朝陽街,31.55,住,,,1101022,土地1建物1車位1,三層,5,華廈(10層含以下有電梯),住家用,鋼筋混凝土造,,106.44,3,2,2,有,無,7000000,65595,一樓平面,13.75,920000,,RPPNMLSKJIGGFCM58DB,喬富易居,B棟3號
埔里鎮,房地(土地+建物)+車位,南投縣埔里鎮朝陽街,26.16,住,,,1101103,土地1建物1車位1,三層,5,華廈(10層含以下有電梯),住家用,鋼筋混凝土造,,90.61,3,2,2,有,無,6000000,66094,一樓平面,13.75,920000,,RPQNMLSKJIGGFCM68DB,喬富易居,E棟3號
埔里鎮,房地(土地+建物),南投縣埔里鎮隆生路111巷,136.17,農,,,1101030,土地1建物1車位0,全,4,透天厝,住家用,鋼筋混凝土造,,298.85,4,2,5,有,無,22550000,75456,,0.0,0,,RPPNMLTKJIGGFCM68DB,洄謙城,A棟5號
草屯鎮,房地(土地+建物)+車位,南投縣草屯鎮富春路四維巷,48.79,住,,,1101030,土地2建物1車位1,七層,12,住宅大樓(11層含以上有電梯),住家用,鋼筋混凝土造,,157.66,3,2,2,有,無,10170000,66184,坡道平面,23.64,1300000,,RPPNMLKLJIGGFBM67CB,久樘四季Villa,A1棟7F號
草屯鎮,房地(土地+建物)+車位,南投縣草屯鎮富春路四維巷,29.31,住,,,1101029,土地2建物1車位1,三層,12,住宅大樓(11層含以上有電梯),住家用,鋼筋混凝土造,,92.43,2,2,1,有,無,5880000,63019,坡道機械,11.82,800000,,RPQNMLKLJIGGFBM77CB,久樘四季Villa,A3棟3F號
草屯鎮,房地(土地+建物)+車位,南投縣草屯鎮富春路四維巷,28.44,住,,,1101101,土地2建物1車位1,一層,12,住宅大樓(11層含以上有電梯),住家用,鋼筋混凝土造,,90.05,2,2,1,有,無,5720000,62891,坡道機械,11.82,800000,,RPRNMLKLJIGGFBM87CB,久樘四季Villa,C6棟1F號
草屯鎮,房地(土地+建物),南投縣草屯鎮御富路與東山路口,86.86,住,,,1101023,土地6建物1車位0,全,5,店面(店鋪),住商用,鋼筋混凝土造,,210.21,4,3,6,有,無,13980000,66505,,0.0,0,,RPPNMLLLJIGGFBM77CB,昌祐大聚,店棟2號
草屯鎮,房地(土地+建物),南投縣草屯鎮御富路與東山路口,82.46,住,,,1101023,土地6建物1車位0,全,5,店面(店鋪),住商用,鋼筋混凝土造,,211.07,4,3,6,有,無,13700000,64907,,0.0,0,,RPQNMLLLJIGGFBM87CB,昌祐大聚,店棟10號
草屯鎮,房地(土地+建物),南投縣草屯鎮御富路與東山路口,89.76,住,,,1101023,土地6建物1車位0,全,4,透天厝,住家用,鋼筋混凝土造,,174.25,4,2,5,有,無,12460000,71506,,0.0,0,,RPRNMLLLJIGGFBM97CB,昌祐大聚,C棟7號
草屯鎮,房地(土地+建物),南投縣草屯鎮御富路與東山路口,94.0,住,,,1101023,土地6建物1車位0,全,4,透天厝,住家用,鋼筋混凝土造,,174.83,4,2,5,有,無,12920000,73900,,0.0,0,,RPSNMLLLJIGGFBM08CB,昌祐大聚,C棟11號
草屯鎮,房地(土地+建物),南投縣草屯鎮御富路與東山路口,102.67,住,,,1101025,土地6建物1車位0,全,4,透天厝,住家用,鋼筋混凝土造,,180.79,4,2,5,有,無,13380000,74009,,0.0,0,,RPPNMLMLJIGGFBM87CB,昌祐大聚,A棟22號
草屯鎮,房地(土地+建物),南投縣草屯鎮御富路與東山路口,68.17,住,,,1101028,土地6建物1車位0,全,5,店面(店鋪),住商用,鋼筋混凝土造,,188.09,4,3,6,有,無,12320000,65501,,0.0,0,,RPQNMLMLJIGGFBM97CB,昌祐大聚,店棟8號
草屯鎮,房地(土地+建物),南投縣草屯鎮御富路與東山路口,75.39,住,,,1101029,土地6建物1車位0,全,4,透天厝,住家用,鋼筋混凝土造,,150.05,4,2,5,有,無,10480000,69843,,0.0,0,,RPRNMLMLJIGGFBM08CB,昌祐大聚,B棟21號
草屯鎮,房地(土地+建物),南投縣草屯鎮御富路與東山路口,65.07,住,,,1101108,土地6建物1車位0,全,5,透天厝,住家用,鋼筋混凝土造,,182.76,5,2,5,有,無,10780000,58984,,0.0,0,,RPSNMLMLJIGGFBM18CB,昌祐大聚,C棟21號
南投市,房地(土地+建物)+車位,南投縣南投市彰南路一段,49.27,住,,,1101023,土地2建物1車位1,十一層,15,住宅大樓(11層含以上有電梯),住家用,鋼筋混凝土造,,205.56,4,2,2,有,無,14700000,77028,坡道平面,29.0,1100000,,RPQNMLMLJIGGFAM08EB,寬心一品苑,B棟11號
南投市,房地(土地+建物)+車位,南投縣南投市彰南路一段,36.9,住,,,1101024,土地2建物1車位1,四層,15,住宅大樓(11層含以上有電梯),住家用,鋼筋混凝土造,,161.15,3,2,2,有,無,9880000,66440,坡道平面,29.0,1100000,,RPSNMLMLJIGGFAM28EB,寬心一品苑,C棟4號
南投市,房地(土地+建物)+車位,南投縣南投市彰南路一段,49.36,住,,,1101027,土地2建物1車位1,八層,15,住宅大樓(11層含以上有電梯),住家用,鋼筋混凝土造,,205.81,4,2,2,有,無,13880000,71715,坡道平面,29.0,1200000,,RPTNMLMLJIGGFAM38EB,寬心一品苑,A棟8號
南投市,房地(土地+建物)+車位,南投縣南投市彰南路一段,49.56,住,,,1101030,土地2建物1車位2,三層,15,住宅大樓(11層含以上有電梯),住家用,鋼筋混凝土造,,235.54,4,2,2,有,無,13180000,61845,坡道平面,58.0,2200000,,RPUNMLMLJIGGFAM48EB,寬心一品苑,A棟3號
名間鄉,房地(土地+建物),南投縣名間鄉員集路147巷內,158.74,住,,,1101030,土地10建物1車位0,全,4,透天厝,住家用,鋼筋混凝土造,,182.92,4,2,5,有,無,8700000,47562,,0.0,0,,RPPNMLQLJIGGFAM28DB,御山美,B棟6號
草屯鎮,房地(土地+建物)+車位,南投縣草屯鎮中山街,18.28,商,,,1101102,土地1建物1車位1,一層,15,住宅大樓(11層含以上有電梯),住商用,鋼筋混凝土造,,125.95,2,2,2,有,無,9650000,83188,坡道平面,28.58,1550000,,RPPNMLRLJIGGFBM38CB,富宇中山溱邸,C棟3號
草屯鎮,房地(土地+建物)+車位,南投縣草屯鎮中山街,22.24,商,,,1101110,土地1建物1車位1,二層,15,住宅大樓(11層含以上有電梯),住商用,鋼筋混凝土造,,146.83,3,2,2,有,無,9850000,71882,坡道平面,28.58,1350000,,RPRNMLRLJIGGFBM58CB,富宇中山溱邸,A棟2號
草屯鎮,房地(土地+建物),南投縣草屯鎮博愛路,19.69,住,,,1101110,土地1建物1車位0,十層,15,住宅大樓(11層含以上有電梯),住家用,鋼筋混凝土造,,80.43,2,1,1,有,無,6200000,77086,,0.0,0,,RPTNMLRLJIGGFBM78CB,富宇博愛苑,A棟2號
草屯鎮,房地(土地+建物)+車位,南投縣草屯鎮博愛路,22.31,住,,,1101104,土地1建物1車位1,六層,15,住宅大樓(11層含以上有電梯),住家用,鋼筋混凝土造,,126.91,2,2,1,有,無,8220000,75952,坡道平面,35.8,1300000,,RPUNMLRLJIGGFBM88CB,富宇博愛苑,B棟5號
埔里鎮,房地(土地+建物)+車位,南投縣埔里鎮北平街,25.75,商,,,1101106,土地1建物1車位2,十二層,14,住宅大樓(11層含以上有電梯),住家用,鋼筋混凝土造,,202.45,4,2,2,有,無,15680000,87111,坡道平面,50.0,2400000,,RPVNMLLJKIGGFCM48DB,寬心璽玥,B棟12號
草屯鎮,房地(土地+建物),南投縣草屯鎮富春路,106.71,住,,,1101106,土地3建物1車位0,全,4,透天厝,住家用,鋼筋混凝土造,,173.95,4,3,5,有,無,15380000,88416,,0.0,0,,RPPNMLMJKIGGFBM87DB,陸禾誠也,D棟1號
草屯鎮,房地(土地+建物),南投縣草屯鎮富春路,11.07,住,,,1101107,土地2建物1車位0,三層,5,套房(1房1廳1衛),住家用,鋼筋混凝土造,,68.13,1,1,1,有,無,4430000,65023,,0.0,0,,RPQNMLMJKIGGFBM97DB,陸禾誠也,A棟5號
鹿谷鄉,房地(土地+建物)+車位,南投縣鹿谷鄉中寮路與八德街交叉口,18.42,住,,,1101110,土地1建物1車位1,七層,7,華廈(10層含以下有電梯),住家用,鋼筋混凝土造,,78.43,2,2,2,有,無,5500000,79787,坡道平面,22.03,1000000,,RPRNMLMJKIGGFDM18CB,自在溪頭,A棟2號
草屯鎮,房地(土地+建物)+車位,南投縣草屯鎮碧山路1107巷,19.01,,鄉村區,乙種建築用地,1101108,土地1建物1車位0,四層,10,華廈(10層含以下有電梯),住家用,鋼筋混凝土造,,73.28,2,1,1,有,無,4990000,68095,,0.0,0,,RPQNMLNJKIGGFBM08DB,群合F1,D棟4號
草屯鎮,房地(土地+建物),南投縣草屯鎮御富路與東山路口,106.48,住,,,1101108,土地6建物1車位0,全,4,透天厝,住家用,鋼筋混凝土造,,178.92,4,2,5,有,無,13740000,76794,,0.0,0,,RPPQMLQJKIGGFBM48CB,昌祐大聚,B棟22號
南投市,房地(土地+建物)+車位,南投縣南投市彰南路一段,49.36,住,,,1101005,土地2建物1車位1,七層,15,住宅大樓(11層含以上有電梯),住家用,鋼筋混凝土造,,205.81,4,2,2,有,無,13700000,71263,坡道平面,29.0,1100000,,RPPNMLSJKIGGFAM48EB,寬心一品苑,A棟7號
埔里鎮,房地(土地+建物),南投縣埔里鎮大城巷,100.93,住,,,1101110,土地1建物1車位0,全,3,透天厝,住家用,鋼筋混凝土造,,135.94,4,2,4,有,無,9700000,71355,,0.0,0,,RPPNMLTJKIGGFCM58CB,綠原墅,A棟1號
南投市,房地(土地+建物),南投縣南投市南崗二路199巷,90.41,住,,,1101031,土地4建物1車位0,全,4,透天厝,住家用,見其他登記事項,,171.25,5,2,4,有,無,9950000,58102,,0.0,0,,RPPNMLSLKIGGFAM58DB,世紀香頌,B12號
南投市,房地(土地+建物),南投縣南投市南崗二路199巷,85.41,住,,,1101008,土地3建物1車位0,全,4,透天厝,住家用,見其他登記事項,,171.75,5,2,4,有,無,9700000,56477,,0.0,0,,RPQNMLSLKIGGFAM68DB,世紀香頌,B3號
南投市,房地(土地+建物),南投縣南投市南崗二路199巷,108.41,住,,,1101028,土地4建物1車位0,全,4,透天厝,住家用,見其他登記事項,,190.22,5,2,4,有,無,11750000,61771,,0.0,0,,RPRNMLSLKIGGFAM78DB,世紀香頌,B15號
南投市,房地(土地+建物),南投縣南投市華陽路,99.0,住,,,1100811,土地1建物1車位0,全,3,透天厝,住家用,鋼筋混凝土造,,190.1,5,3,4,有,無,12600000,66281,,0.0,0,,RPPNMLPJJHHGFAM87CB,首富新墅,A棟8號
鹿谷鄉,房地(土地+建物)+車位,南投縣鹿谷鄉廣興段356地號,30.15,住,,,1100816,土地1建物1車位1,五層,7,華廈(10層含以下有電梯),住家用,鋼筋混凝土造,,117.98,2,2,1,有,無,6900000,71820,坡道平面,35.83,1000000,,RPPNMLSJKHHGFDM68DB,愛上溪頭II,5棟A號
