﻿編號,土地位置,土地移轉面積(平方公尺),使用分區或編定,權利人持分分母,權利人持分分子,移轉情形,地號
The serial number, land position,land shifting area square meter,the use zoning or compiles and checks,,,,land parcel
RPXOMLRKQHGGFAO37DB,內湖段,15.89,非都市：山坡地保育區 ; 非都市編定：丙種建築用地,100,1,持分移轉,04930000
RPXOMLRKQHGGFAO37DB,內湖段,101.39,非都市：山坡地保育區 ; 非都市編定：丙種建築用地,1,1,全筆移轉,04930038
RPWNMLQKQHGGFAO96CB,士林段,74.64,非都市：鄉村區 ; 非都市編定：乙種建築用地,100000,1949,持分移轉,00610000
RPQNMLKLQHGGFAO58DB,內湖段,15.89,非都市：山坡地保育區 ; 非都市編定：丙種建築用地,100,1,持分移轉,04930000
RPQNMLKLQHGGFAO58DB,內湖段,86.93,非都市：山坡地保育區 ; 非都市編定：丙種建築用地,1,1,全筆移轉,04930032
RPSNMLSKQHGGFAO76CB,士林段,32.68,非都市：鄉村區 ; 非都市編定：乙種建築用地,10000,521,持分移轉,01020000
RPRNMLKLQHGGFAO68DB,內湖段,15.89,非都市：山坡地保育區 ; 非都市編定：丙種建築用地,100,1,持分移轉,04930000
RPRNMLKLQHGGFAO68DB,內湖段,113.08,非都市：山坡地保育區 ; 非都市編定：丙種建築用地,1,1,全筆移轉,04930036
RPSNMLKLQHGGFAO78DB,內湖段,15.89,非都市：山坡地保育區 ; 非都市編定：丙種建築用地,100,1,持分移轉,04930000
RPSNMLKLQHGGFAO78DB,內湖段,82.65,非都市：山坡地保育區 ; 非都市編定：丙種建築用地,1,1,全筆移轉,04930029
RPPNMLLLQHGGFAO58DB,內湖段,15.95,非都市：山坡地保育區 ; 非都市編定：丙種建築用地,29,1,持分移轉,04110000
RPPNMLLLQHGGFAO58DB,內湖段,84.95,非都市：山坡地保育區 ; 非都市編定：丙種建築用地,1,1,全筆移轉,04110029
RPRNMLLLQHGGFAO78DB,內湖段,15.95,非都市：山坡地保育區 ; 非都市編定：丙種建築用地,29,1,持分移轉,04110000
RPRNMLLLQHGGFAO78DB,內湖段,90.34,非都市：山坡地保育區 ; 非都市編定：丙種建築用地,1,1,全筆移轉,04110034
RPRNMLMLQHGGFAO88DB,內湖段,15.95,非都市：山坡地保育區 ; 非都市編定：丙種建築用地,29,1,持分移轉,04110000
RPRNMLMLQHGGFAO88DB,內湖段,65.73,非都市：山坡地保育區 ; 非都市編定：丙種建築用地,1,1,全筆移轉,04110014
RPSNMLLLQHGGFAO88DB,內湖段,15.95,非都市：山坡地保育區 ; 非都市編定：丙種建築用地,29,1,持分移轉,04110000
RPSNMLLLQHGGFAO88DB,內湖段,70.07,非都市：山坡地保育區 ; 非都市編定：丙種建築用地,1,1,全筆移轉,04110019
RPQNMLMLQHGGFAO78DB,內湖段,15.89,非都市：山坡地保育區 ; 非都市編定：丙種建築用地,100,1,持分移轉,04930000
RPQNMLMLQHGGFAO78DB,內湖段,96.08,非都市：山坡地保育區 ; 非都市編定：丙種建築用地,1,1,全筆移轉,04930011
RPPNMLNLQHGGFAO78DB,內湖段,15.95,非都市：山坡地保育區 ; 非都市編定：丙種建築用地,29,1,持分移轉,04110000
RPPNMLNLQHGGFAO78DB,內湖段,72.38,非都市：山坡地保育區 ; 非都市編定：丙種建築用地,1,1,全筆移轉,04110021
RPSNMLPLQHGGFAO66DB,港北段,19.35,都市：住,100000,556,持分移轉,00360000
RPPNMLOLQHGGFAO88DB,內湖段,15.95,非都市：山坡地保育區 ; 非都市編定：丙種建築用地,29,1,持分移轉,04110000
RPPNMLOLQHGGFAO88DB,內湖段,71.45,非都市：山坡地保育區 ; 非都市編定：丙種建築用地,1,1,全筆移轉,04110020
RPVOMLPLQHGGFAO07DB,港北段,19.32,都市：住,100000,555,持分移轉,00360000
RPRNMLQLQHGGFAO56CB,中央段,9.66,都市：商,100000,968,持分移轉,16070000
RPVOMLQLQHGGFAO07CB,東山段一小段,6.41,都市：住,100000,286,持分移轉,02140000
RPVOMLQLQHGGFAO07CB,東山段一小段,14.14,都市：住,100000,286,持分移轉,04310000
RPPPMLPLQHGGFAO56DB,港北段,19.35,都市：住,100000,556,持分移轉,00360000
RPWPMLPLQHGGFAO27DB,金雅段,25.89,非都市：鄉村區 ; 非都市編定：乙種建築用地,100000,2278,持分移轉,00560000
RPWPMLPLQHGGFAO27DB,金雅段,6.10,非都市：鄉村區 ; 非都市編定：乙種建築用地,100000,2278,持分移轉,00570001
RPQNMLQLQHGGFAO09CB,中央段,9.66,都市：商,100000,968,持分移轉,16070000
RPPNMLRLQHGGFAO56DB,內湖段,15.95,非都市：山坡地保育區 ; 非都市編定：丙種建築用地,29,1,持分移轉,04110000
RPPNMLRLQHGGFAO56DB,內湖段,65.71,非都市：山坡地保育區 ; 非都市編定：丙種建築用地,1,1,全筆移轉,04110039
RPWOMLQLQHGGFAO17CB,東山段一小段,6.41,都市：住,100000,286,持分移轉,02140000
RPWOMLQLQHGGFAO17CB,東山段一小段,14.14,都市：住,100000,286,持分移轉,04310000
RPOPMLQLQHGGFAO09CB,舊社段,25.73,非都市：特定農業區 ; 非都市編定：甲種建築用地,10000,804,持分移轉,02930004
RPRNMLRLQHGGFAO76DB,內湖段,15.95,非都市：山坡地保育區 ; 非都市編定：丙種建築用地,29,1,持分移轉,04110000
RPRNMLRLQHGGFAO76DB,內湖段,90.63,非都市：山坡地保育區 ; 非都市編定：丙種建築用地,1,1,全筆移轉,04110035
RPPPMLRLQHGGFAO66CB,南港段,32.20,非都市：一般農業區 ; 非都市編定：甲種建築用地,100000,1725,持分移轉,05380000
RPQNMLRLQHGGFAO66DB,內湖段,15.95,非都市：山坡地保育區 ; 非都市編定：丙種建築用地,29,1,持分移轉,04110000
RPQNMLRLQHGGFAO66DB,內湖段,70.06,非都市：山坡地保育區 ; 非都市編定：丙種建築用地,1,1,全筆移轉,04110016
RPSNMLRLQHGGFAO86DB,內湖段,15.95,非都市：山坡地保育區 ; 非都市編定：丙種建築用地,29,1,持分移轉,04110000
RPSNMLRLQHGGFAO86DB,內湖段,66.68,非都市：山坡地保育區 ; 非都市編定：丙種建築用地,1,1,全筆移轉,04110037
RPUNMLRLQHGGFAO07DB,內湖段,15.95,非都市：山坡地保育區 ; 非都市編定：丙種建築用地,29,1,持分移轉,04110000
RPUNMLRLQHGGFAO07DB,內湖段,70.06,非都市：山坡地保育區 ; 非都市編定：丙種建築用地,1,1,全筆移轉,04110018
RPTNMLRLQHGGFAO96DB,內湖段,15.95,非都市：山坡地保育區 ; 非都市編定：丙種建築用地,29,1,持分移轉,04110000
RPTNMLRLQHGGFAO96DB,內湖段,70.06,非都市：山坡地保育區 ; 非都市編定：丙種建築用地,1,1,全筆移轉,04110017
RPVNMLRLQHGGFAO17DB,內湖段,15.95,非都市：山坡地保育區 ; 非都市編定：丙種建築用地,29,1,持分移轉,04110000
RPVNMLRLQHGGFAO17DB,內湖段,66.68,非都市：山坡地保育區 ; 非都市編定：丙種建築用地,1,1,全筆移轉,04110038
RPWNMLRLQHGGFAO27DB,內湖段,15.95,非都市：山坡地保育區 ; 非都市編定：丙種建築用地,29,1,持分移轉,04110000
RPWNMLRLQHGGFAO27DB,內湖段,64.92,非都市：山坡地保育區 ; 非都市編定：丙種建築用地,1,1,全筆移轉,04110040
RPPNMLSLQHGGFAO56CB,中寮段,38.47,都市：住,287258,3847,持分移轉,07870000
RPRNMLSLQHGGFAO76CB,中寮段,31.24,都市：住,287258,3124,持分移轉,07870000
RPSNMLSLQHGGFAO86CB,中寮段,31.24,都市：住,287258,3124,持分移轉,07870000
RPTNMLSLQHGGFAO96CB,中寮段,38.47,都市：住,287258,3847,持分移轉,07870000
RPQPMLKMQHGGFAO78CB,南港段,20.38,非都市：一般農業區 ; 非都市編定：甲種建築用地,100000,1092,持分移轉,05380000
RPRPMLKMQHGGFAO88CB,南港段,33.89,非都市：一般農業區 ; 非都市編定：甲種建築用地,100000,1816,持分移轉,05380000
RPPPMLKMQHGGFAO68CB,南港段,32.20,非都市：一般農業區 ; 非都市編定：甲種建築用地,100000,1725,持分移轉,05380000
RPVPMLKMQHGGFAO66CB,南港段,33.89,非都市：一般農業區 ; 非都市編定：甲種建築用地,100000,1816,持分移轉,05380000
RPWPNLKMQHGGFAO86CB,東濱段,61.13,都市：住,10000,267,持分移轉,11670000
RPXPNLKMQHGGFAO96CB,東濱段,21.98,都市：住,10000,96,持分移轉,11670000
RPVPNLKMQHGGFAO76CB,東濱段,60.22,都市：住,10000,263,持分移轉,11670000
RPPQNLKMQHGGFAO88CB,東濱段,25.19,都市：住,10000,110,持分移轉,11670000
RPOQNLKMQHGGFAO78CB,東濱段,27.93,都市：住,10000,122,持分移轉,11670000
RPQQNLKMQHGGFAO98CB,東濱段,21.52,都市：住,10000,94,持分移轉,11670000
RPXRNLKMQHGGFAO17CB,中寮段,31.31,都市：住,287258,3131,持分移轉,07870000
RPQSNLKMQHGGFAO56CB,中寮段,31.31,都市：住,287258,3131,持分移轉,07870000
RPWRNLKMQHGGFAO07CB,東光段,26.49,都市：商,100000,2706,持分移轉,04200000
RPWRNLKMQHGGFAO07CB,東光段,9.82,都市：商,100000,2706,持分移轉,04210000
RPWRNLKMQHGGFAO07CB,東光段,1.41,都市：商,100000,2706,持分移轉,04540002
RPWRNLKMQHGGFAO07CB,東光段,1.79,都市：商,100000,2706,持分移轉,04540005
RPRNMLLMQHGGFAO88DB,內湖段,15.95,非都市：山坡地保育區 ; 非都市編定：丙種建築用地,29,1,持分移轉,04110000
RPRNMLLMQHGGFAO88DB,內湖段,69.81,非都市：山坡地保育區 ; 非都市編定：丙種建築用地,1,1,全筆移轉,04110026
RPQNMLLMQHGGFAO78DB,內湖段,15.95,非都市：山坡地保育區 ; 非都市編定：丙種建築用地,29,1,持分移轉,04110000
RPQNMLLMQHGGFAO78DB,內湖段,71.99,非都市：山坡地保育區 ; 非都市編定：丙種建築用地,1,1,全筆移轉,04110013
RPSNMLLMQHGGFAO98DB,內湖段,15.95,非都市：山坡地保育區 ; 非都市編定：丙種建築用地,29,1,持分移轉,04110000
RPSNMLLMQHGGFAO98DB,內湖段,73.61,非都市：山坡地保育區 ; 非都市編定：丙種建築用地,1,1,全筆移轉,04110028
RPTNMLLMQHGGFAO09DB,內湖段,15.95,非都市：山坡地保育區 ; 非都市編定：丙種建築用地,29,1,持分移轉,04110000
RPTNMLLMQHGGFAO09DB,內湖段,69.81,非都市：山坡地保育區 ; 非都市編定：丙種建築用地,1,1,全筆移轉,04110023
RPWNMLLMQHGGFAO76DB,內湖段,15.95,非都市：山坡地保育區 ; 非都市編定：丙種建築用地,29,1,持分移轉,04110000
RPWNMLLMQHGGFAO76DB,內湖段,69.81,非都市：山坡地保育區 ; 非都市編定：丙種建築用地,1,1,全筆移轉,04110025
RPVNMLLMQHGGFAO66DB,內湖段,15.95,非都市：山坡地保育區 ; 非都市編定：丙種建築用地,29,1,持分移轉,04110000
RPVNMLLMQHGGFAO66DB,內湖段,69.81,非都市：山坡地保育區 ; 非都市編定：丙種建築用地,1,1,全筆移轉,04110022
RPXNMLLMQHGGFAO86DB,內湖段,15.95,非都市：山坡地保育區 ; 非都市編定：丙種建築用地,29,1,持分移轉,04110000
RPXNMLLMQHGGFAO86DB,內湖段,72.01,非都市：山坡地保育區 ; 非都市編定：丙種建築用地,1,1,全筆移轉,04110031
RPUNMLLMQHGGFAO56DB,內湖段,15.95,非都市：山坡地保育區 ; 非都市編定：丙種建築用地,29,1,持分移轉,04110000
RPUNMLLMQHGGFAO56DB,內湖段,70.06,非都市：山坡地保育區 ; 非都市編定：丙種建築用地,1,1,全筆移轉,04110015
RPTUMLLJRHGGFAO86CB,金雅段,25.89,非都市：鄉村區 ; 非都市編定：乙種建築用地,100000,2278,持分移轉,00560000
RPTUMLLJRHGGFAO86CB,金雅段,6.10,非都市：鄉村區 ; 非都市編定：乙種建築用地,100000,2278,持分移轉,00570001
RPOOMLLMQHGGFAO68DB,內湖段,15.95,非都市：山坡地保育區 ; 非都市編定：丙種建築用地,29,1,持分移轉,04110000
RPOOMLLMQHGGFAO68DB,內湖段,72.01,非都市：山坡地保育區 ; 非都市編定：丙種建築用地,1,1,全筆移轉,04110032
RPPUMLLJRHGGFAO09CB,金雅段,26.64,非都市：鄉村區 ; 非都市編定：乙種建築用地,100000,2344,持分移轉,00560000
RPSTMLLJRHGGFAO66CB,金雅段,26.64,非都市：鄉村區 ; 非都市編定：乙種建築用地,100000,2344,持分移轉,00560000
RPSTMLLJRHGGFAO66CB,金雅段,6.27,非都市：鄉村區 ; 非都市編定：乙種建築用地,100000,2344,持分移轉,00570001
RPPUMLLJRHGGFAO09CB,金雅段,6.27,非都市：鄉村區 ; 非都市編定：乙種建築用地,100000,2344,持分移轉,00570001
RPPNMLMJRHGGFAO48CB,東光段,31.09,都市：商,100000,3176,持分移轉,04200000
RPPNMLMJRHGGFAO48CB,東光段,11.53,都市：商,100000,3176,持分移轉,04210000
RPPNMLMJRHGGFAO48CB,東光段,1.65,都市：商,100000,3176,持分移轉,04540002
RPPNMLMJRHGGFAO48CB,東光段,2.10,都市：商,100000,3176,持分移轉,04540005
RPQNMLOJRHGGFAO78CB,中寮段,31.61,都市：住,287258,3161,持分移轉,07870000
RPRNMLOJRHGGFAO88CB,中寮段,31.31,都市：住,287258,3131,持分移轉,07870000
RPPNMLOJRHGGFAO68CB,中寮段,38.47,都市：住,287258,3847,持分移轉,07870000
RPPNMLKLQHGGFAO38CB,舊社段,29.02,非都市：特定農業區 ; 非都市編定：甲種建築用地,10000,907,持分移轉,02930004
RPPNMLQJRHGGFAO88CB,士林段,24.63,非都市：鄉村區 ; 非都市編定：乙種建築用地,100000,643,持分移轉,00610000
RPPNMLQJRHGGFAO88CB,士林段,68.28,非都市：鄉村區 ; 非都市編定：乙種建築用地,1,1,全筆移轉,00640018
RPQNMLLLQHGGFAO68DB,內湖段,15.95,非都市：山坡地保育區 ; 非都市編定：丙種建築用地,29,1,持分移轉,04110000
RPQNMLLLQHGGFAO68DB,內湖段,72.01,非都市：山坡地保育區 ; 非都市編定：丙種建築用地,1,1,全筆移轉,04110033
RPUUMLPJRHGGFAO37CB,崙子段,27.47,都市：住,10000,872,持分移轉,16500000
RPTNMLQKQHGGFAO66CB,南港段,20.38,非都市：一般農業區 ; 非都市編定：甲種建築用地,100000,1092,持分移轉,05380000
RPPOMLQJRHGGFAO98CB,東門段三小段,11.45,都市：商,10000,265,持分移轉,00790000
RPRNMLQJRHGGFAO56DB,內湖段,15.95,非都市：山坡地保育區 ; 非都市編定：丙種建築用地,29,1,持分移轉,04110000
RPRNMLQJRHGGFAO56DB,內湖段,74.10,非都市：山坡地保育區 ; 非都市編定：丙種建築用地,1,1,全筆移轉,04110041
RPQRMLQJRHGGFAO76CB,南華段,15.10,都市：商,100000,1059,持分移轉,04400000
RPQNMLQJRHGGFAO09DB,內湖段,15.95,非都市：山坡地保育區 ; 非都市編定：丙種建築用地,29,1,持分移轉,04110000
RPQNMLQJRHGGFAO09DB,內湖段,72.01,非都市：山坡地保育區 ; 非都市編定：丙種建築用地,1,1,全筆移轉,04110030
RPWQMLQJRHGGFAO27CB,舊社段,32.29,非都市：鄉村區 ; 非都市編定：乙種建築用地,100000,484,持分移轉,05250000
RPRRMLQJRHGGFAO86CB,南華段,15.10,都市：商,100000,1059,持分移轉,04400000
RPPNMLQJRHGGFAO98DB,內湖段,15.95,非都市：山坡地保育區 ; 非都市編定：丙種建築用地,29,1,持分移轉,04110000
RPPNMLQJRHGGFAO98DB,內湖段,69.81,非都市：山坡地保育區 ; 非都市編定：丙種建築用地,1,1,全筆移轉,04110027
RPSNMLQJRHGGFAO66DB,內湖段,15.89,非都市：山坡地保育區 ; 非都市編定：丙種建築用地,100,1,持分移轉,04930000
RPSNMLQJRHGGFAO66DB,內湖段,136.14,非都市：山坡地保育區 ; 非都市編定：丙種建築用地,1,1,全筆移轉,04930088
RPWNMLQJRHGGFAO07DB,內湖段,15.89,非都市：山坡地保育區 ; 非都市編定：丙種建築用地,100,1,持分移轉,04930000
RPWNMLQJRHGGFAO07DB,內湖段,129.15,非都市：山坡地保育區 ; 非都市編定：丙種建築用地,1,1,全筆移轉,04930077
RPTNMLQJRHGGFAO76DB,內湖段,15.89,非都市：山坡地保育區 ; 非都市編定：丙種建築用地,100,1,持分移轉,04930000
RPTNMLQJRHGGFAO76DB,內湖段,129.78,非都市：山坡地保育區 ; 非都市編定：丙種建築用地,1,1,全筆移轉,04930091
RPPOMLQJRHGGFAO09DB,內湖段,15.89,非都市：山坡地保育區 ; 非都市編定：丙種建築用地,100,1,持分移轉,04930000
RPPOMLQJRHGGFAO09DB,內湖段,144.06,非都市：山坡地保育區 ; 非都市編定：丙種建築用地,1,1,全筆移轉,04930105
RPUNMLQJRHGGFAO86DB,內湖段,15.89,非都市：山坡地保育區 ; 非都市編定：丙種建築用地,100,1,持分移轉,04930000
RPUNMLQJRHGGFAO86DB,內湖段,92.60,非都市：山坡地保育區 ; 非都市編定：丙種建築用地,1,1,全筆移轉,04930016
RPSNMLMLQHGGFAO98DB,內湖段,15.95,非都市：山坡地保育區 ; 非都市編定：丙種建築用地,29,1,持分移轉,04110000
RPSNMLMLQHGGFAO98DB,內湖段,66.60,非都市：山坡地保育區 ; 非都市編定：丙種建築用地,1,1,全筆移轉,04110036
RPXNMLQJRHGGFAO17DB,內湖段,15.89,非都市：山坡地保育區 ; 非都市編定：丙種建築用地,100,1,持分移轉,04930000
RPXNMLQJRHGGFAO17DB,內湖段,127.98,非都市：山坡地保育區 ; 非都市編定：丙種建築用地,1,1,全筆移轉,04930079
RPPOMLRJRHGGFAO09CB,福林段,31.53,非都市：鄉村區 ; 非都市編定：乙種建築用地,100000,3014,持分移轉,07660001
RPQNMLRJRHGGFAO09CB,金雅段,30.23,非都市：鄉村區 ; 非都市編定：乙種建築用地,100000,2064,持分移轉,00670000
RPXOMLRJRHGGFAO27CB,中央段,9.66,都市：商,100000,968,持分移轉,16070000
RPPNMLSJRHGGFAO09CB,長興段,81.96,都市：住,1,1,全筆移轉,00970002
RPXNMLRJRHGGFAO17CB,福林段,31.53,非都市：鄉村區 ; 非都市編定：乙種建築用地,100000,3014,持分移轉,07660001
RPOPMLRJRHGGFAO09CB,中央段,9.95,都市：商,100000,997,持分移轉,16070000
RPXNMLSJRHGGFAO27CB,南港段,34.17,非都市：一般農業區 ; 非都市編定：甲種建築用地,100000,1831,持分移轉,05380000
RPTRMLTJRHGGFAO37CB,民主段,22.31,都市：住,10000,498,持分移轉,16340000
RPPOMLSJRHGGFAO56CB,南港段,32.18,非都市：一般農業區 ; 非都市編定：甲種建築用地,100000,1724,持分移轉,05380000
RPQOMLSJRHGGFAO66CB,南港段,33.89,非都市：一般農業區 ; 非都市編定：甲種建築用地,100000,1816,持分移轉,05380000
RPRNMLSJRHGGFAO76DB,內湖段,15.95,非都市：山坡地保育區 ; 非都市編定：丙種建築用地,29,1,持分移轉,04110000
RPRNMLSJRHGGFAO76DB,內湖段,69.81,非都市：山坡地保育區 ; 非都市編定：丙種建築用地,1,1,全筆移轉,04110024
RPPNMLMKRHGGFAO58CB,中寮段,32.34,都市：住,287258,3234,持分移轉,07870000
RPSNMLMKRHGGFAO88CB,中寮段,38.47,都市：住,287258,3847,持分移轉,07870000
RPPNMLNKRHGGFAO68CB,金雅段,23.42,非都市：鄉村區 ; 非都市編定：乙種建築用地,100000,1599,持分移轉,00670000
RPRNMLMKRHGGFAO78CB,中寮段,31.61,都市：住,287258,3161,持分移轉,07870000
RPQNMLMKRHGGFAO68CB,中寮段,32.34,都市：住,287258,3234,持分移轉,07870000
RPPOMLNKRHGGFAO78CB,東濱段,195.83,都市：住,1,1,全筆移轉,11780000
RPPOMLNKRHGGFAO78CB,東濱段,21.29,都市：住,10000,93,持分移轉,11670000
RPTNMLMKRHGGFAO98CB,中寮段,38.47,都市：住,287258,3847,持分移轉,07870000
RPQNMLNKRHGGFAO78CB,金雅段,22.68,非都市：鄉村區 ; 非都市編定：乙種建築用地,100000,1549,持分移轉,00670000
RPSOMLNKRHGGFAO09CB,舊社段,25.73,非都市：特定農業區 ; 非都市編定：甲種建築用地,10000,804,持分移轉,02930004
RPOOMLNKRHGGFAO68CB,東濱段,25.87,都市：住,10000,113,持分移轉,11670000
RPVOMLNKRHGGFAO76CB,舊社段,29.02,非都市：特定農業區 ; 非都市編定：甲種建築用地,10000,907,持分移轉,02930004
RPTOMLNKRHGGFAO56CB,舊社段,25.73,非都市：特定農業區 ; 非都市編定：甲種建築用地,10000,804,持分移轉,02930004
RPUNMLOKRHGGFAO66CB,東門段三小段,10.84,都市：商,10000,251,持分移轉,00790000
RPSNMLPKRHGGFAO56CB,金雅段,25.89,非都市：鄉村區 ; 非都市編定：乙種建築用地,100000,2278,持分移轉,00560000
RPSNMLPKRHGGFAO56CB,金雅段,6.10,非都市：鄉村區 ; 非都市編定：乙種建築用地,100000,2278,持分移轉,00570001
RPPNMLPKRHGGFAO88CB,金雅段,26.66,非都市：鄉村區 ; 非都市編定：乙種建築用地,100000,2346,持分移轉,00560000
RPPNMLPKRHGGFAO88CB,金雅段,6.28,非都市：鄉村區 ; 非都市編定：乙種建築用地,100000,2346,持分移轉,00570001
RPQNMLPKRHGGFAO98CB,金雅段,26.66,非都市：鄉村區 ; 非都市編定：乙種建築用地,100000,2346,持分移轉,00560000
RPQNMLPKRHGGFAO98CB,金雅段,6.28,非都市：鄉村區 ; 非都市編定：乙種建築用地,100000,2346,持分移轉,00570001
RPRNMLPKRHGGFAO09CB,金雅段,26.66,非都市：鄉村區 ; 非都市編定：乙種建築用地,100000,2346,持分移轉,00560000
RPRNMLPKRHGGFAO09CB,金雅段,6.28,非都市：鄉村區 ; 非都市編定：乙種建築用地,100000,2346,持分移轉,00570001
RPTNMLPKRHGGFAO66CB,金雅段,25.89,非都市：鄉村區 ; 非都市編定：乙種建築用地,100000,2278,持分移轉,00560000
RPTNMLPKRHGGFAO66CB,金雅段,6.10,非都市：鄉村區 ; 非都市編定：乙種建築用地,100000,2278,持分移轉,00570001
RPUNMLPKRHGGFAO76CB,金雅段,25.89,非都市：鄉村區 ; 非都市編定：乙種建築用地,100000,2278,持分移轉,00560000
RPUNMLPKRHGGFAO76CB,金雅段,6.10,非都市：鄉村區 ; 非都市編定：乙種建築用地,100000,2278,持分移轉,00570001
RPXNMLPKRHGGFAO07CB,東光段,31.09,都市：商,100000,3176,持分移轉,04200000
RPXNMLPKRHGGFAO07CB,東光段,11.53,都市：商,100000,3176,持分移轉,04210000
RPXNMLPKRHGGFAO07CB,東光段,1.65,都市：商,100000,3176,持分移轉,04540002
RPXNMLPKRHGGFAO07CB,東光段,2.10,都市：商,100000,3176,持分移轉,04540005
RPVNMLPKRHGGFAO86CB,東光段,31.09,都市：商,100000,3176,持分移轉,04200000
RPVNMLPKRHGGFAO86CB,東光段,11.53,都市：商,100000,3176,持分移轉,04210000
RPVNMLPKRHGGFAO86CB,東光段,1.65,都市：商,100000,3176,持分移轉,04540002
RPVNMLPKRHGGFAO86CB,東光段,2.10,都市：商,100000,3176,持分移轉,04540005
RPWNMLPKRHGGFAO96CB,東光段,31.09,都市：商,100000,3176,持分移轉,04200000
RPWNMLPKRHGGFAO96CB,東光段,11.53,都市：商,100000,3176,持分移轉,04210000
RPWNMLPKRHGGFAO96CB,東光段,1.65,都市：商,100000,3176,持分移轉,04540002
RPWNMLPKRHGGFAO96CB,東光段,2.10,都市：商,100000,3176,持分移轉,04540005
RPSPMLPKRHGGFAO76CB,中央段,9.95,都市：商,100000,997,持分移轉,16070000
RPQNMLPKRHGGFAO09DB,雅溪段,41.78,非都市：山坡地保育區 ; 非都市編定：丙種建築用地,100000,876,持分移轉,02930000
RPSQMLQKRHGGFAO96CB,水源段,29.53,非都市：特定農業區 ; 非都市編定：甲種建築用地,1000000,35862,持分移轉,06690000
RPSQMLQKRHGGFAO96CB,水源段,2.12,非都市：特定農業區 ; 非都市編定：甲種建築用地,1000000,35862,持分移轉,08170000
RPSQMLQKRHGGFAO96CB,水源段,3.58,非都市：特定農業區 ; 非都市編定：交通用地,1000000,35862,持分移轉,08130003
RPSNMLPKRHGGFAO66DB,雅溪段,55.47,非都市：山坡地保育區 ; 非都市編定：丙種建築用地,100000,1163,持分移轉,02930000
RPRNMLPKRHGGFAO56DB,雅溪段,55.47,非都市：山坡地保育區 ; 非都市編定：丙種建築用地,100000,1163,持分移轉,02930000
RPORMLQKRHGGFAO66CB,水源段,29.53,非都市：特定農業區 ; 非都市編定：甲種建築用地,1000000,35862,持分移轉,06690000
RPORMLQKRHGGFAO66CB,水源段,2.12,非都市：特定農業區 ; 非都市編定：甲種建築用地,1000000,35862,持分移轉,08170000
RPORMLQKRHGGFAO66CB,水源段,3.58,非都市：特定農業區 ; 非都市編定：交通用地,1000000,35862,持分移轉,08130003
RPUQMLQKRHGGFAO17CB,水源段,29.53,非都市：特定農業區 ; 非都市編定：甲種建築用地,1000000,35862,持分移轉,06690000
RPUQMLQKRHGGFAO17CB,水源段,2.12,非都市：特定農業區 ; 非都市編定：甲種建築用地,1000000,35862,持分移轉,08170000
RPUQMLQKRHGGFAO17CB,水源段,3.58,非都市：特定農業區 ; 非都市編定：交通用地,1000000,35862,持分移轉,08130003
RPRSMLQKRHGGFAO07CB,水源段,29.10,非都市：特定農業區 ; 非都市編定：甲種建築用地,1000000,35343,持分移轉,06690000
RPRSMLQKRHGGFAO07CB,水源段,2.08,非都市：特定農業區 ; 非都市編定：甲種建築用地,1000000,35343,持分移轉,08170000
RPRSMLQKRHGGFAO07CB,水源段,3.53,非都市：特定農業區 ; 非都市編定：交通用地,1000000,35343,持分移轉,08130003
RPXSMLQKRHGGFAO67CB,水源段,29.01,非都市：特定農業區 ; 非都市編定：甲種建築用地,1000000,35237,持分移轉,06690000
RPXSMLQKRHGGFAO67CB,水源段,2.08,非都市：特定農業區 ; 非都市編定：甲種建築用地,1000000,35237,持分移轉,08170000
RPXSMLQKRHGGFAO67CB,水源段,3.52,非都市：特定農業區 ; 非都市編定：交通用地,1000000,35237,持分移轉,08130003
RPOVMLQKRHGGFAO07CB,水源段,29.10,非都市：特定農業區 ; 非都市編定：甲種建築用地,1000000,35343,持分移轉,06690000
RPWTMLQKRHGGFAO67CB,水源段,29.53,非都市：特定農業區 ; 非都市編定：甲種建築用地,1000000,35862,持分移轉,06690000
RPOVMLQKRHGGFAO07CB,水源段,2.08,非都市：特定農業區 ; 非都市編定：甲種建築用地,1000000,35343,持分移轉,08170000
RPWTMLQKRHGGFAO67CB,水源段,2.12,非都市：特定農業區 ; 非都市編定：甲種建築用地,1000000,35862,持分移轉,08170000
RPOVMLQKRHGGFAO07CB,水源段,3.53,非都市：特定農業區 ; 非都市編定：交通用地,1000000,35343,持分移轉,08130003
RPWTMLQKRHGGFAO67CB,水源段,3.58,非都市：特定農業區 ; 非都市編定：交通用地,1000000,35862,持分移轉,08130003
RPTUMLQKRHGGFAO47CB,水源段,29.68,非都市：特定農業區 ; 非都市編定：甲種建築用地,1000000,36048,持分移轉,06690000
RPTUMLQKRHGGFAO47CB,水源段,2.13,非都市：特定農業區 ; 非都市編定：甲種建築用地,1000000,36048,持分移轉,08170000
RPTUMLQKRHGGFAO47CB,水源段,3.60,非都市：特定農業區 ; 非都市編定：交通用地,1000000,36048,持分移轉,08130003
RPPVMLQKRHGGFAO17CB,水源段,29.68,非都市：特定農業區 ; 非都市編定：甲種建築用地,1000000,36048,持分移轉,06690000
RPPVMLQKRHGGFAO17CB,水源段,2.13,非都市：特定農業區 ; 非都市編定：甲種建築用地,1000000,36048,持分移轉,08170000
RPPVMLQKRHGGFAO17CB,水源段,3.60,非都市：特定農業區 ; 非都市編定：交通用地,1000000,36048,持分移轉,08130003
RPTVMLQKRHGGFAO57CB,水源段,29.68,非都市：特定農業區 ; 非都市編定：甲種建築用地,1000000,36048,持分移轉,06690000
RPTVMLQKRHGGFAO57CB,水源段,2.13,非都市：特定農業區 ; 非都市編定：甲種建築用地,1000000,36048,持分移轉,08170000
RPTVMLQKRHGGFAO57CB,水源段,3.60,非都市：特定農業區 ; 非都市編定：交通用地,1000000,36048,持分移轉,08130003
RPVVMLQKRHGGFAO77CB,水源段,29.68,非都市：特定農業區 ; 非都市編定：甲種建築用地,1000000,36048,持分移轉,06690000
RPVVMLQKRHGGFAO77CB,水源段,2.13,非都市：特定農業區 ; 非都市編定：甲種建築用地,1000000,36048,持分移轉,08170000
RPVVMLQKRHGGFAO77CB,水源段,3.60,非都市：特定農業區 ; 非都市編定：交通用地,1000000,36048,持分移轉,08130003
RPQVMLQKRHGGFAO27CB,水源段,29.01,非都市：特定農業區 ; 非都市編定：甲種建築用地,1000000,35237,持分移轉,06690000
RPQVMLQKRHGGFAO27CB,水源段,2.08,非都市：特定農業區 ; 非都市編定：甲種建築用地,1000000,35237,持分移轉,08170000
RPQVMLQKRHGGFAO27CB,水源段,3.52,非都市：特定農業區 ; 非都市編定：交通用地,1000000,35237,持分移轉,08130003
RPRVMLQKRHGGFAO37CB,水源段,29.53,非都市：特定農業區 ; 非都市編定：甲種建築用地,1000000,35862,持分移轉,06690000
RPRVMLQKRHGGFAO37CB,水源段,2.12,非都市：特定農業區 ; 非都市編定：甲種建築用地,1000000,35862,持分移轉,08170000
RPRVMLQKRHGGFAO37CB,水源段,3.58,非都市：特定農業區 ; 非都市編定：交通用地,1000000,35862,持分移轉,08130003
RPSVMLQKRHGGFAO47CB,水源段,29.64,非都市：特定農業區 ; 非都市編定：甲種建築用地,1000000,36003,持分移轉,06690000
RPSVMLQKRHGGFAO47CB,水源段,2.12,非都市：特定農業區 ; 非都市編定：甲種建築用地,1000000,36003,持分移轉,08170000
RPSVMLQKRHGGFAO47CB,水源段,3.60,非都市：特定農業區 ; 非都市編定：交通用地,1000000,36003,持分移轉,08130003
RPUVMLQKRHGGFAO67CB,水源段,29.68,非都市：特定農業區 ; 非都市編定：甲種建築用地,1000000,36048,持分移轉,06690000
RPUVMLQKRHGGFAO67CB,水源段,2.13,非都市：特定農業區 ; 非都市編定：甲種建築用地,1000000,36048,持分移轉,08170000
RPUVMLQKRHGGFAO67CB,水源段,3.60,非都市：特定農業區 ; 非都市編定：交通用地,1000000,36048,持分移轉,08130003
RPPNMLRKRHGGFAO09CB,水源段,29.68,非都市：特定農業區 ; 非都市編定：甲種建築用地,1000000,36048,持分移轉,06690000
RPPNMLRKRHGGFAO09CB,水源段,2.13,非都市：特定農業區 ; 非都市編定：甲種建築用地,1000000,36048,持分移轉,08170000
RPPNMLRKRHGGFAO09CB,水源段,3.60,非都市：特定農業區 ; 非都市編定：交通用地,1000000,36048,持分移轉,08130003
RPQNMLRKRHGGFAO56CB,水源段,29.53,非都市：特定農業區 ; 非都市編定：甲種建築用地,1000000,35862,持分移轉,06690000
RPQNMLRKRHGGFAO56CB,水源段,2.12,非都市：特定農業區 ; 非都市編定：甲種建築用地,1000000,35862,持分移轉,08170000
RPQNMLRKRHGGFAO56CB,水源段,3.58,非都市：特定農業區 ; 非都市編定：交通用地,1000000,35862,持分移轉,08130003
RPWVMLQKRHGGFAO87CB,水源段,29.10,非都市：特定農業區 ; 非都市編定：甲種建築用地,1000000,35343,持分移轉,06690000
RPWVMLQKRHGGFAO87CB,水源段,2.08,非都市：特定農業區 ; 非都市編定：甲種建築用地,1000000,35343,持分移轉,08170000
RPWVMLQKRHGGFAO87CB,水源段,3.53,非都市：特定農業區 ; 非都市編定：交通用地,1000000,35343,持分移轉,08130003
RPSNMLRKRHGGFAO76CB,水源段,29.64,非都市：特定農業區 ; 非都市編定：甲種建築用地,1000000,36003,持分移轉,06690000
RPSNMLRKRHGGFAO76CB,水源段,2.12,非都市：特定農業區 ; 非都市編定：甲種建築用地,1000000,36003,持分移轉,08170000
RPSNMLRKRHGGFAO76CB,水源段,3.60,非都市：特定農業區 ; 非都市編定：交通用地,1000000,36003,持分移轉,08130003
RPXVMLQKRHGGFAO97CB,水源段,29.10,非都市：特定農業區 ; 非都市編定：甲種建築用地,1000000,35343,持分移轉,06690000
RPXVMLQKRHGGFAO97CB,水源段,2.08,非都市：特定農業區 ; 非都市編定：甲種建築用地,1000000,35343,持分移轉,08170000
RPXVMLQKRHGGFAO97CB,水源段,3.53,非都市：特定農業區 ; 非都市編定：交通用地,1000000,35343,持分移轉,08130003
RPRNMLRKRHGGFAO66CB,水源段,29.01,非都市：特定農業區 ; 非都市編定：甲種建築用地,1000000,35237,持分移轉,06690000
RPRNMLRKRHGGFAO66CB,水源段,2.08,非都市：特定農業區 ; 非都市編定：甲種建築用地,1000000,35237,持分移轉,08170000
RPRNMLRKRHGGFAO66CB,水源段,3.52,非都市：特定農業區 ; 非都市編定：交通用地,1000000,35237,持分移轉,08130003
RPTNMLRKRHGGFAO86CB,水源段,29.53,非都市：特定農業區 ; 非都市編定：甲種建築用地,1000000,35862,持分移轉,06690000
RPTNMLRKRHGGFAO86CB,水源段,2.12,非都市：特定農業區 ; 非都市編定：甲種建築用地,1000000,35862,持分移轉,08170000
RPTNMLRKRHGGFAO86CB,水源段,3.58,非都市：特定農業區 ; 非都市編定：交通用地,1000000,35862,持分移轉,08130003
RPXNMLRKRHGGFAO27CB,水源段,29.53,非都市：特定農業區 ; 非都市編定：甲種建築用地,1000000,35862,持分移轉,06690000
RPXNMLRKRHGGFAO27CB,水源段,2.12,非都市：特定農業區 ; 非都市編定：甲種建築用地,1000000,35862,持分移轉,08170000
RPXNMLRKRHGGFAO27CB,水源段,3.58,非都市：特定農業區 ; 非都市編定：交通用地,1000000,35862,持分移轉,08130003
RPUNMLRKRHGGFAO96CB,水源段,29.10,非都市：特定農業區 ; 非都市編定：甲種建築用地,1000000,35343,持分移轉,06690000
RPUNMLRKRHGGFAO96CB,水源段,2.08,非都市：特定農業區 ; 非都市編定：甲種建築用地,1000000,35343,持分移轉,08170000
RPUNMLRKRHGGFAO96CB,水源段,3.53,非都市：特定農業區 ; 非都市編定：交通用地,1000000,35343,持分移轉,08130003
RPOOMLRKRHGGFAO09CB,水源段,29.01,非都市：特定農業區 ; 非都市編定：甲種建築用地,1000000,35237,持分移轉,06690000
RPOOMLRKRHGGFAO09CB,水源段,2.08,非都市：特定農業區 ; 非都市編定：甲種建築用地,1000000,35237,持分移轉,08170000
RPOOMLRKRHGGFAO09CB,水源段,3.52,非都市：特定農業區 ; 非都市編定：交通用地,1000000,35237,持分移轉,08130003
RPVNMLRKRHGGFAO07CB,水源段,29.53,非都市：特定農業區 ; 非都市編定：甲種建築用地,1000000,35862,持分移轉,06690000
RPVNMLRKRHGGFAO07CB,水源段,2.12,非都市：特定農業區 ; 非都市編定：甲種建築用地,1000000,35862,持分移轉,08170000
RPVNMLRKRHGGFAO07CB,水源段,3.58,非都市：特定農業區 ; 非都市編定：交通用地,1000000,35862,持分移轉,08130003
RPWNMLRKRHGGFAO17CB,水源段,29.68,非都市：特定農業區 ; 非都市編定：甲種建築用地,1000000,36048,持分移轉,06690000
RPWNMLRKRHGGFAO17CB,水源段,2.13,非都市：特定農業區 ; 非都市編定：甲種建築用地,1000000,36048,持分移轉,08170000
RPWNMLRKRHGGFAO17CB,水源段,3.60,非都市：特定農業區 ; 非都市編定：交通用地,1000000,36048,持分移轉,08130003
RPVNMLQJRHGGFAO96DB,內湖段,15.89,非都市：山坡地保育區 ; 非都市編定：丙種建築用地,100,1,持分移轉,04930000
RPVNMLQJRHGGFAO96DB,內湖段,76.77,非都市：山坡地保育區 ; 非都市編定：丙種建築用地,1,1,全筆移轉,04930050
RPOOMLQJRHGGFAO98DB,內湖段,15.89,非都市：山坡地保育區 ; 非都市編定：丙種建築用地,100,1,持分移轉,04930000
RPOOMLQJRHGGFAO98DB,內湖段,83.36,非都市：山坡地保育區 ; 非都市編定：丙種建築用地,1,1,全筆移轉,04930052
RPRRMLSKRHGGFAO17CB,中寮段,31.24,都市：住,287258,3124,持分移轉,07870000
RPTNMLRKRHGGFAO96DB,港北段,17.93,都市：住,100000,515,持分移轉,00360000
RPVRMLSKRHGGFAO57CB,育賢段,83.87,都市：住,1,1,全筆移轉,00020006
RPUNMLRKRHGGFAO07DB,港北段,17.93,都市：住,100000,515,持分移轉,00360000
RPQRMLSKRHGGFAO07CB,中寮段,31.31,都市：住,287258,3131,持分移轉,07870000
RPSRMLSKRHGGFAO27CB,中寮段,31.31,都市：住,287258,3131,持分移轉,07870000
RPPNMLTKRHGGFAO76DB,竹港段,23.62,都市：住,594159,7712,持分移轉,07770000
RPRNMLMLRHGGFAO88CB,竹蓮段,18.19,都市：其他:第二種商業區、第二種住宅區,100000,7772,持分移轉,24770001
RPXPMLMLRHGGFAO07CB,金雅段,31.85,非都市：鄉村區 ; 非都市編定：乙種建築用地,100000,1251,持分移轉,00390000
RPWRMLSKRHGGFAO67CB,中寮段,31.61,都市：住,287258,3161,持分移轉,07870000
RPXRMLSKRHGGFAO77CB,中寮段,32.34,都市：住,287258,3234,持分移轉,07870000
RPSNMLMLRHGGFAO98CB,竹蓮段,14.59,都市：其他:第二種商業區、第二種住宅區,100000,6233,持分移轉,24770001
RPQTMLMLRHGGFAO76CB,金雅段,21.21,非都市：鄉村區 ; 非都市編定：乙種建築用地,100000,833,持分移轉,00390000
RPXUMLMLRHGGFAO57CB,明湖段,92.38,非都市：山坡地保育區 ; 非都市編定：丙種建築用地,10000,88,持分移轉,06440000
RPTNMLOLRHGGFAO76DB,南華段,15.01,都市：住,10,1,持分移轉,01180010
RPTNMLOLRHGGFAO76DB,南華段,51.98,都市：住,1,1,全筆移轉,01180005
RPQNMLNLRHGGFAO98DB,竹港段,23.62,都市：住,594159,7712,持分移轉,07770000
RPUNMLNLRHGGFAO76DB,竹港段,17.05,都市：住,594159,5566,持分移轉,07770000
RPVNMLOLRHGGFAO96DB,南華段,15.01,都市：住,10,1,持分移轉,01180010
RPVNMLOLRHGGFAO96DB,南華段,51.98,都市：住,1,1,全筆移轉,01180008
RPWNMLOLRHGGFAO07DB,南華段,40.93,都市：住,1,1,全筆移轉,06010004
RPWNMLOLRHGGFAO07DB,南華段,27.97,都市：住,6,1,持分移轉,06010000
RPOQMLOLRHGGFAO09CB,港北段,24.92,都市：住,100000,716,持分移轉,00360000
RPTQMLPLRHGGFAO07CB,中寮段,32.34,都市：住,287258,3234,持分移轉,07870000
RPTNMLQLRHGGFAO86CB,港北段,17.86,都市：住,100000,513,持分移轉,00360000
RPTRMLOLRHGGFAO07CB,港北段,17.86,都市：住,100000,513,持分移轉,00360000
RPUQMLPLRHGGFAO17CB,中寮段,31.61,都市：住,287258,3161,持分移轉,07870000
RPUNMLQLRHGGFAO96CB,港北段,17.86,都市：住,100000,513,持分移轉,00360000
RPVNMLQLRHGGFAO07CB,港北段,17.93,都市：住,100000,515,持分移轉,00360000
RPROOLRLRHGGFAO07CB,港北段,19.32,都市：住,100000,555,持分移轉,00360000
RPTOOLRLRHGGFAO27CB,港北段,19.32,都市：住,100000,555,持分移轉,00360000
RPOPOLRLRHGGFAO86CB,港北段,19.32,都市：住,100000,555,持分移轉,00360000
RPRSPLRLRHGGFAO57CB,金雅段,30.23,非都市：鄉村區 ; 非都市編定：乙種建築用地,100000,2064,持分移轉,00670000
RPSSPLRLRHGGFAO67CB,金雅段,30.23,非都市：鄉村區 ; 非都市編定：乙種建築用地,100000,2064,持分移轉,00670000
RPTSPLRLRHGGFAO77CB,金雅段,30.23,非都市：鄉村區 ; 非都市編定：乙種建築用地,100000,2064,持分移轉,00670000
RPUSPLRLRHGGFAO87CB,南華段,15.10,都市：商,100000,1059,持分移轉,04400000
RPQNMLRLRHGGFAO76DB,南華段,15.01,都市：住,10,1,持分移轉,01180010
RPQNMLRLRHGGFAO76DB,南華段,55.87,都市：住,1,1,全筆移轉,01180002
RPPNMLSLRHGGFAO76DB,雅溪段,41.83,非都市：山坡地保育區 ; 非都市編定：丙種建築用地,100000,877,持分移轉,02930000
RPPNMLRLRHGGFAO66DB,南華段,15.01,都市：住,10,1,持分移轉,01180010
RPPNMLRLRHGGFAO66DB,南華段,59.46,都市：住,1,1,全筆移轉,01180001
RPTNMLSLRHGGFAO17DB,竹港段,23.37,都市：住,594159,7629,持分移轉,07770000
RPPOMLTLRHGGFAO86CB,竹蓮段,15.81,都市：其他:第二種商業區、第二種住宅區,100000,6756,持分移轉,24770001
RPQNMLSLRHGGFAO86DB,雅溪段,55.51,非都市：山坡地保育區 ; 非都市編定：丙種建築用地,100000,1164,持分移轉,02930000
RPRNMLSLRHGGFAO96DB,雅溪段,55.47,非都市：山坡地保育區 ; 非都市編定：丙種建築用地,100000,1163,持分移轉,02930000
RPPNMLSJRHGGFAO56DB,內湖段,15.89,非都市：山坡地保育區 ; 非都市編定：丙種建築用地,100,1,持分移轉,04930000
RPPNMLSJRHGGFAO56DB,內湖段,156.11,非都市：山坡地保育區 ; 非都市編定：丙種建築用地,1,1,全筆移轉,04930078
RPSNMLSLRHGGFAO07DB,雅溪段,55.47,非都市：山坡地保育區 ; 非都市編定：丙種建築用地,100000,1163,持分移轉,02930000
RPPNMLTLRHGGFAO86DB,雅溪段,55.51,非都市：山坡地保育區 ; 非都市編定：丙種建築用地,100000,1164,持分移轉,02930000
RPQOMLNKRHGGFAO88CB,舊社段,25.73,非都市：特定農業區 ; 非都市編定：甲種建築用地,10000,804,持分移轉,02930004
RPVOMLTLRHGGFAO47CB,竹蓮段,15.20,都市：其他:第二種商業區、第二種住宅區,100000,6494,持分移轉,24770001
RPPPMLTLRHGGFAO96CB,士林段,72.09,非都市：鄉村區 ; 非都市編定：乙種建築用地,1,1,全筆移轉,00070003
RPQPMLTLRHGGFAO07CB,中央段,9.83,都市：商,100000,985,持分移轉,16070000
RPQNMLLJIIGGFAO67CB,竹蓮段,15.81,都市：其他:第二種商業區、第二種住宅區,100000,6757,持分移轉,24770001
RPOPMLTLRHGGFAO86CB,士林段,70.65,非都市：鄉村區 ; 非都市編定：乙種建築用地,1,1,全筆移轉,00070002
RPPNMLLJIIGGFAO57CB,竹蓮段,18.18,都市：其他:第二種商業區、第二種住宅區,100000,7771,持分移轉,24770001
RPRNMLLJIIGGFAO77CB,竹蓮段,15.61,都市：其他:第二種商業區、第二種住宅區,100000,6669,持分移轉,24770001
RPQNMLLJIIGGFAO77DB,竹港段,23.37,都市：住,594159,7629,持分移轉,07770000
RPSNMLNJIIGGFAO08CB,南港段,32.18,非都市：一般農業區 ; 非都市編定：甲種建築用地,100000,1724,持分移轉,05380000
RPTNMLNJIIGGFAO18CB,南港段,34.17,非都市：一般農業區 ; 非都市編定：甲種建築用地,100000,1831,持分移轉,05380000
RPPNMLNJIIGGFAO77CB,南港段,20.38,非都市：一般農業區 ; 非都市編定：甲種建築用地,100000,1092,持分移轉,05380000
RPRNMLNJIIGGFAO97CB,南港段,33.89,非都市：一般農業區 ; 非都市編定：甲種建築用地,100000,1816,持分移轉,05380000
RPQNMLPJIIGGFAO08CB,士林段,74.87,非都市：鄉村區 ; 非都市編定：乙種建築用地,100000,1955,持分移轉,00610000
RPUNMLNJIIGGFAO28CB,中寮段,38.47,都市：住,287258,3847,持分移轉,07870000
RPVNMLNJIIGGFAO38CB,中寮段,31.61,都市：住,287258,3161,持分移轉,07870000
RPPNMLPJIIGGFAO97CB,士林段,74.91,非都市：鄉村區 ; 非都市編定：乙種建築用地,100000,1956,持分移轉,00610000
RPSNMLPJIIGGFAO28CB,士林段,84.29,非都市：鄉村區 ; 非都市編定：乙種建築用地,100000,2201,持分移轉,00610000
RPRNMLPJIIGGFAO18CB,士林段,74.45,非都市：鄉村區 ; 非都市編定：乙種建築用地,100000,1944,持分移轉,00610000
RPTNMLPJIIGGFAO38CB,中央段,9.83,都市：商,100000,985,持分移轉,16070000
RPVNMLPJIIGGFAO58CB,南港段,34.17,非都市：一般農業區 ; 非都市編定：甲種建築用地,100000,1831,持分移轉,05380000
RPUNMLPJIIGGFAO48CB,南港段,34.17,非都市：一般農業區 ; 非都市編定：甲種建築用地,100000,1831,持分移轉,05380000
RPXNMLPJIIGGFAO78CB,明湖段,67.18,非都市：山坡地保育區 ; 非都市編定：丙種建築用地,10000,64,持分移轉,06440000
RPQNMLPJIIGGFAO18DB,雅溪段,41.78,非都市：山坡地保育區 ; 非都市編定：丙種建築用地,100000,876,持分移轉,02930000
RPPNMLPJIIGGFAO08DB,南華段,19.72,都市：商,100000,1923,持分移轉,04010000
RPRNMLPJIIGGFAO28DB,雅溪段,41.78,非都市：山坡地保育區 ; 非都市編定：丙種建築用地,100000,876,持分移轉,02930000
RPSNMLPJIIGGFAO38DB,雅溪段,41.78,非都市：山坡地保育區 ; 非都市編定：丙種建築用地,100000,876,持分移轉,02930000
RPTNMLPJIIGGFAO48DB,雅溪段,55.47,非都市：山坡地保育區 ; 非都市編定：丙種建築用地,100000,1163,持分移轉,02930000
RPQNMLQJIIGGFAO18CB,東光段,31.09,都市：商,100000,3176,持分移轉,04200000
RPQNMLQJIIGGFAO18CB,東光段,11.53,都市：商,100000,3176,持分移轉,04210000
RPQNMLQJIIGGFAO18CB,東光段,1.65,都市：商,100000,3176,持分移轉,04540002
RPQNMLQJIIGGFAO18CB,東光段,2.10,都市：商,100000,3176,持分移轉,04540005
RPPNMLQJIIGGFAO08CB,東光段,31.09,都市：商,100000,3176,持分移轉,04200000
RPPNMLQJIIGGFAO08CB,東光段,11.53,都市：商,100000,3176,持分移轉,04210000
RPPNMLQJIIGGFAO08CB,東光段,1.65,都市：商,100000,3176,持分移轉,04540002
RPPNMLQJIIGGFAO08CB,東光段,2.10,都市：商,100000,3176,持分移轉,04540005
RPSNMLRJIIGGFAO48CB,港北段,17.93,都市：住,100000,515,持分移轉,00360000
RPUNMLRJIIGGFAO68CB,金雅段,22.71,非都市：鄉村區 ; 非都市編定：乙種建築用地,100000,1551,持分移轉,00670000
RPPNMLRJIIGGFAO18CB,港北段,19.32,都市：住,100000,555,持分移轉,00360000
RPQNMLRJIIGGFAO28CB,港北段,19.32,都市：住,100000,555,持分移轉,00360000
RPRNMLRJIIGGFAO38CB,港北段,19.32,都市：住,100000,555,持分移轉,00360000
RPTNMLRJIIGGFAO58CB,港北段,17.93,都市：住,100000,515,持分移轉,00360000
RPVNMLRJIIGGFAO78CB,金雅段,22.71,非都市：鄉村區 ; 非都市編定：乙種建築用地,100000,1551,持分移轉,00670000
RPXNMLRJIIGGFAO98CB,金雅段,22.71,非都市：鄉村區 ; 非都市編定：乙種建築用地,100000,1551,持分移轉,00670000
RPWNMLRJIIGGFAO88CB,金雅段,22.71,非都市：鄉村區 ; 非都市編定：乙種建築用地,100000,1551,持分移轉,00670000
RPOOMLRJIIGGFAO18CB,金雅段,22.68,非都市：鄉村區 ; 非都市編定：乙種建築用地,100000,1549,持分移轉,00670000
RPQOMLRJIIGGFAO38CB,金雅段,22.68,非都市：鄉村區 ; 非都市編定：乙種建築用地,100000,1549,持分移轉,00670000
RPPOMLRJIIGGFAO28CB,金雅段,22.71,非都市：鄉村區 ; 非都市編定：乙種建築用地,100000,1551,持分移轉,00670000
RPPNMLSJIIGGFAO28CB,東光段,26.49,都市：商,100000,2706,持分移轉,04200000
RPPNMLSJIIGGFAO28CB,東光段,9.82,都市：商,100000,2706,持分移轉,04210000
RPPNMLSJIIGGFAO28CB,東光段,1.41,都市：商,100000,2706,持分移轉,04540002
RPPNMLSJIIGGFAO28CB,東光段,1.79,都市：商,100000,2706,持分移轉,04540005
RPPNMLKKIIGGFAO57CB,金雅段,21.00,非都市：鄉村區 ; 非都市編定：乙種建築用地,100000,825,持分移轉,00390000
RPQNMLNJIIGGFAO87CB,南港段,34.17,非都市：一般農業區 ; 非都市編定：甲種建築用地,100000,1831,持分移轉,05380000
RPQNMLSJIIGGFAO38CB,東光段,31.09,都市：商,100000,3176,持分移轉,04200000
RPQNMLSJIIGGFAO38CB,東光段,11.53,都市：商,100000,3176,持分移轉,04210000
RPQNMLSJIIGGFAO38CB,東光段,1.65,都市：商,100000,3176,持分移轉,04540002
RPQNMLSJIIGGFAO38CB,東光段,2.10,都市：商,100000,3176,持分移轉,04540005
RPPNMLSJIIGGFAO38DB,竹港段,17.05,都市：住,594159,5566,持分移轉,07770000
RPPNMLTJIIGGFAO38CB,中寮段,31.61,都市：住,287258,3161,持分移轉,07870000
RPQNMLKKIIGGFAO67CB,金雅段,21.00,非都市：鄉村區 ; 非都市編定：乙種建築用地,100000,825,持分移轉,00390000
RPUNMLKKIIGGFAO08CB,金雅段,33.00,非都市：鄉村區 ; 非都市編定：乙種建築用地,100000,1296,持分移轉,00390000
RPPNMLMKIIGGFAO77CB,崙子段,26.40,都市：住,10000,838,持分移轉,16500000
RPRNMLKKIIGGFAO77CB,金雅段,30.63,非都市：鄉村區 ; 非都市編定：乙種建築用地,100000,1203,持分移轉,00390000
RPSNMLKKIIGGFAO87CB,金雅段,21.21,非都市：鄉村區 ; 非都市編定：乙種建築用地,100000,833,持分移轉,00390000
RPTNMLKKIIGGFAO97CB,金雅段,21.21,非都市：鄉村區 ; 非都市編定：乙種建築用地,100000,833,持分移轉,00390000
RPQNMLMKIIGGFAO87CB,忠孝段,14.43,都市：住,100000,2786,持分移轉,03080000
RPQNMLMKIIGGFAO87CB,忠孝段,19.42,都市：住,100000,2786,持分移轉,03090000
RPVNMLKKIIGGFAO18CB,金雅段,21.21,非都市：鄉村區 ; 非都市編定：乙種建築用地,100000,833,持分移轉,00390000
RPQQMLPLRHGGFAO76CB,中寮段,31.61,都市：住,287258,3161,持分移轉,07870000
RPPNMLQLRHGGFAO09CB,港北段,17.86,都市：住,100000,513,持分移轉,00360000
RPPNMLMKIIGGFAO87DB,雅溪段,41.78,非都市：山坡地保育區 ; 非都市編定：丙種建築用地,100000,876,持分移轉,02930000
RPQNMLMKIIGGFAO97DB,雅溪段,55.47,非都市：山坡地保育區 ; 非都市編定：丙種建築用地,100000,1163,持分移轉,02930000
RPRNMLMKIIGGFAO08DB,雅溪段,55.47,非都市：山坡地保育區 ; 非都市編定：丙種建築用地,100000,1163,持分移轉,02930000
RPPNMLNKIIGGFAO87CB,中央段,9.66,都市：商,100000,968,持分移轉,16070000
RPWNMLPJIIGGFAO68CB,南港段,32.18,非都市：一般農業區 ; 非都市編定：甲種建築用地,100000,1724,持分移轉,05380000
RPPNMLNKIIGGFAO97DB,竹港段,23.37,都市：住,594159,7629,持分移轉,07770000
RPPNMLOKIIGGFAO08DB,竹港段,23.62,都市：住,594159,7712,持分移轉,07770000
RPQNMLOKIIGGFAO18DB,竹港段,23.37,都市：住,594159,7629,持分移轉,07770000
RPPNMLPKIIGGFAO18DB,南華段,15.01,都市：住,10,1,持分移轉,01180010
RPPNMLPKIIGGFAO18DB,南華段,58.22,都市：住,1,1,全筆移轉,01180000
RPQNMLPKIIGGFAO28DB,南華段,15.01,都市：住,10,1,持分移轉,01180010
RPQNMLPKIIGGFAO28DB,南華段,57.85,都市：住,1,1,全筆移轉,01180003
RPRNMLOKIIGGFAO28DB,竹港段,20.17,都市：住,594159,6586,持分移轉,07770000
RPTNMLOKIIGGFAO48DB,竹港段,20.17,都市：住,594159,6586,持分移轉,07770000
RPQNMLRKIIGGFAO38CB,中寮段,32.34,都市：住,287258,3234,持分移轉,07870000
RPRNMLPKIIGGFAO38DB,南華段,42.69,都市：住,1,1,全筆移轉,06010001
RPRNMLPKIIGGFAO38DB,南華段,27.97,都市：住,6,1,持分移轉,06010000
RPSNMLPKIIGGFAO48DB,南華段,40.93,都市：住,1,1,全筆移轉,06010002
RPSNMLPKIIGGFAO48DB,南華段,27.97,都市：住,6,1,持分移轉,06010000
RPPNMLPKIIGGFAO08CB,金雅段,21.21,非都市：鄉村區 ; 非都市編定：乙種建築用地,100000,833,持分移轉,00390000
RPRNMLRKIIGGFAO48CB,中寮段,32.34,都市：住,287258,3234,持分移轉,07870000
RPPNMLRKIIGGFAO38DB,竹港段,23.37,都市：住,594159,7629,持分移轉,07770000
RPQNMLSKIIGGFAO58DB,竹港段,20.17,都市：住,594159,6586,持分移轉,07770000
RPPNMLSKIIGGFAO48DB,竹港段,23.37,都市：住,594159,7629,持分移轉,07770000
RPXNMLSKIIGGFAO66DB,竹港段,23.37,都市：住,594159,7629,持分移轉,07770000
RPUNMLSKIIGGFAO98DB,南港段,34.17,非都市：一般農業區 ; 非都市編定：甲種建築用地,100000,1831,持分移轉,05380000
RPWNMLSKIIGGFAO56DB,竹港段,23.37,都市：住,594159,7629,持分移轉,07770000
RPOOMLSKIIGGFAO48DB,竹港段,17.05,都市：住,594159,5566,持分移轉,07770000
RPPNMLTKIIGGFAO58DB,雅溪段,55.51,非都市：山坡地保育區 ; 非都市編定：丙種建築用地,100000,1164,持分移轉,02930000
RPQNMLTKIIGGFAO68DB,雅溪段,41.78,非都市：山坡地保育區 ; 非都市編定：丙種建築用地,100000,876,持分移轉,02930000
RPRNMLTKIIGGFAO78DB,雅溪段,41.78,非都市：山坡地保育區 ; 非都市編定：丙種建築用地,100000,876,持分移轉,02930000
RPTNMLTKIIGGFAO98DB,雅溪段,55.47,非都市：山坡地保育區 ; 非都市編定：丙種建築用地,100000,1163,持分移轉,02930000
RPSNMLTKIIGGFAO88DB,雅溪段,55.47,非都市：山坡地保育區 ; 非都市編定：丙種建築用地,100000,1163,持分移轉,02930000
RPUNMLTKIIGGFAO09DB,竹港段,23.62,都市：住,594159,7712,持分移轉,07770000
RPVNMLTKIIGGFAO56DB,竹港段,20.17,都市：住,594159,6586,持分移轉,07770000
RPPNMLTKIIGGFAO48CB,金雅段,26.66,非都市：鄉村區 ; 非都市編定：乙種建築用地,100000,2346,持分移轉,00560000
RPPNMLTKIIGGFAO48CB,金雅段,6.28,非都市：鄉村區 ; 非都市編定：乙種建築用地,100000,2346,持分移轉,00570001
RPRNMLTKIIGGFAO68CB,金雅段,26.66,非都市：鄉村區 ; 非都市編定：乙種建築用地,100000,2346,持分移轉,00560000
RPRNMLTKIIGGFAO68CB,金雅段,6.28,非都市：鄉村區 ; 非都市編定：乙種建築用地,100000,2346,持分移轉,00570001
RPQNMLTKIIGGFAO58CB,金雅段,26.66,非都市：鄉村區 ; 非都市編定：乙種建築用地,100000,2346,持分移轉,00560000
RPQNMLTKIIGGFAO58CB,金雅段,6.28,非都市：鄉村區 ; 非都市編定：乙種建築用地,100000,2346,持分移轉,00570001
RPTNMLTKIIGGFAO88CB,金雅段,26.64,非都市：鄉村區 ; 非都市編定：乙種建築用地,100000,2344,持分移轉,00560000
RPTNMLTKIIGGFAO88CB,金雅段,6.27,非都市：鄉村區 ; 非都市編定：乙種建築用地,100000,2344,持分移轉,00570001
RPSNMLTKIIGGFAO78CB,金雅段,26.66,非都市：鄉村區 ; 非都市編定：乙種建築用地,100000,2346,持分移轉,00560000
RPSNMLTKIIGGFAO78CB,金雅段,6.28,非都市：鄉村區 ; 非都市編定：乙種建築用地,100000,2346,持分移轉,00570001
RPUNMLTKIIGGFAO98CB,金雅段,26.64,非都市：鄉村區 ; 非都市編定：乙種建築用地,100000,2344,持分移轉,00560000
RPUNMLTKIIGGFAO98CB,金雅段,6.27,非都市：鄉村區 ; 非都市編定：乙種建築用地,100000,2344,持分移轉,00570001
RPQNMLKLIIGGFAO87DB,竹港段,20.17,都市：住,594159,6586,持分移轉,07770000
RPPNMLMLIIGGFAO87CB,士林段,87.39,非都市：鄉村區 ; 非都市編定：乙種建築用地,100000,2282,持分移轉,00610000
RPQNMLLLIIGGFAO97DB,竹港段,23.37,都市：住,594159,7629,持分移轉,07770000
RPPNMLLLIIGGFAO77CB,東濱段,49.91,都市：住,1,1,全筆移轉,11660000
RPPNMLLLIIGGFAO77CB,東濱段,12.00,都市：住,10,1,持分移轉,11660005
RPQNMLMLIIGGFAO97CB,忠孝段,14.36,都市：住,100000,2772,持分移轉,03080000
RPQNMLMLIIGGFAO97CB,忠孝段,19.32,都市：住,100000,2772,持分移轉,03090000
RPSNMLOKIIGGFAO38DB,竹港段,23.62,都市：住,594159,7712,持分移轉,07770000
RPRNMLMLIIGGFAO08CB,忠孝段,14.36,都市：住,100000,2772,持分移轉,03080000
RPRNMLMLIIGGFAO08CB,忠孝段,19.32,都市：住,100000,2772,持分移轉,03090000
RPSNMLMLIIGGFAO18CB,忠孝段,14.41,都市：住,100000,2781,持分移轉,03080000
RPSNMLMLIIGGFAO18CB,忠孝段,19.38,都市：住,100000,2781,持分移轉,03090000
RPTNMLMLIIGGFAO28CB,忠孝段,14.41,都市：住,100000,2781,持分移轉,03080000
RPTNMLMLIIGGFAO28CB,忠孝段,19.38,都市：住,100000,2781,持分移轉,03090000
RPUNMLMLIIGGFAO38CB,忠孝段,14.43,都市：住,100000,2786,持分移轉,03080000
RPUNMLMLIIGGFAO38CB,忠孝段,19.42,都市：住,100000,2786,持分移轉,03090000
RPVNMLMLIIGGFAO48CB,忠孝段,14.43,都市：住,100000,2786,持分移轉,03080000
RPVNMLMLIIGGFAO48CB,忠孝段,19.42,都市：住,100000,2786,持分移轉,03090000
RPWNMLMLIIGGFAO58CB,忠孝段,14.43,都市：住,100000,2786,持分移轉,03080000
RPWNMLMLIIGGFAO58CB,忠孝段,19.42,都市：住,100000,2786,持分移轉,03090000
RPXNMLMLIIGGFAO68CB,忠孝段,14.43,都市：住,100000,2786,持分移轉,03080000
RPXNMLMLIIGGFAO68CB,忠孝段,19.42,都市：住,100000,2786,持分移轉,03090000
RPOOMLMLIIGGFAO87CB,忠孝段,14.43,都市：住,100000,2786,持分移轉,03080000
RPOOMLMLIIGGFAO87CB,忠孝段,19.42,都市：住,100000,2786,持分移轉,03090000
RPPOMLMLIIGGFAO97CB,忠孝段,14.43,都市：住,100000,2786,持分移轉,03080000
RPPOMLMLIIGGFAO97CB,忠孝段,19.42,都市：住,100000,2786,持分移轉,03090000
RPROMLMLIIGGFAO18CB,忠孝段,14.36,都市：住,100000,2772,持分移轉,03080000
RPQOMLMLIIGGFAO08CB,忠孝段,14.43,都市：住,100000,2786,持分移轉,03080000
RPQOMLMLIIGGFAO08CB,忠孝段,19.42,都市：住,100000,2786,持分移轉,03090000
RPROMLMLIIGGFAO18CB,忠孝段,19.32,都市：住,100000,2772,持分移轉,03090000
RPSOMLMLIIGGFAO28CB,忠孝段,14.36,都市：住,100000,2772,持分移轉,03080000
RPSOMLMLIIGGFAO28CB,忠孝段,19.32,都市：住,100000,2772,持分移轉,03090000
RPTOMLMLIIGGFAO38CB,忠孝段,14.36,都市：住,100000,2772,持分移轉,03080000
RPTOMLMLIIGGFAO38CB,忠孝段,19.32,都市：住,100000,2772,持分移轉,03090000
RPVOMLMLIIGGFAO58CB,長興段,85.04,都市：住,1,1,全筆移轉,00970001
RPPNMLNLIIGGFAO97CB,中寮段,32.34,都市：住,287258,3234,持分移轉,07870000
RPQNMLNLIIGGFAO08CB,中寮段,32.34,都市：住,287258,3234,持分移轉,07870000
RPRNMLNLIIGGFAO18CB,中寮段,31.24,都市：住,287258,3124,持分移轉,07870000
RPQNMLOLIIGGFAO18CB,金雅段,21.00,非都市：鄉村區 ; 非都市編定：乙種建築用地,100000,825,持分移轉,00390000
RPPNMLOLIIGGFAO08CB,金雅段,31.85,非都市：鄉村區 ; 非都市編定：乙種建築用地,100000,1251,持分移轉,00390000
RPRNMLOLIIGGFAO28CB,金雅段,30.63,非都市：鄉村區 ; 非都市編定：乙種建築用地,100000,1203,持分移轉,00390000
RPSNMLNLIIGGFAO28CB,中寮段,32.34,都市：住,287258,3234,持分移轉,07870000
RPVNMLSKIIGGFAO09DB,南港段,34.17,非都市：一般農業區 ; 非都市編定：甲種建築用地,100000,1831,持分移轉,05380000
RPSNMLPLIIGGFAO58DB,雅溪段,41.83,非都市：山坡地保育區 ; 非都市編定：丙種建築用地,100000,877,持分移轉,02930000
RPTNMLPLIIGGFAO68DB,雅溪段,41.78,非都市：山坡地保育區 ; 非都市編定：丙種建築用地,100000,876,持分移轉,02930000
RPRNMLPLIIGGFAO48DB,雅溪段,41.83,非都市：山坡地保育區 ; 非都市編定：丙種建築用地,100000,877,持分移轉,02930000
RPPNMLRLIIGGFAO48DB,竹港段,23.62,都市：住,594159,7712,持分移轉,07770000
RPPNMLSLIIGGFAO58DB,中華段,11.17,都市：住,1000,84,持分移轉,05600000
RPPNMLSLIIGGFAO58DB,中華段,11.00,都市：住,1000,84,持分移轉,05610000
RPPNMLSLIIGGFAO58DB,中華段,.67,都市：住,1000,84,持分移轉,05640001
RPPNMLSLIIGGFAO58DB,中華段,.59,都市：住,1000,84,持分移轉,05640002
RPQNMLSLIIGGFAO68DB,中華段,14.10,都市：住,1000,106,持分移轉,05600000
RPQNMLSLIIGGFAO68DB,中華段,13.89,都市：住,1000,106,持分移轉,05610000
RPQNMLSLIIGGFAO68DB,中華段,.85,都市：住,1000,106,持分移轉,05640001
RPQNMLSLIIGGFAO68DB,中華段,.74,都市：住,1000,106,持分移轉,05640002
RPSNMLSLIIGGFAO88DB,中華段,9.04,都市：住,1000,68,持分移轉,05600000
RPSNMLSLIIGGFAO88DB,中華段,8.91,都市：住,1000,68,持分移轉,05610000
RPSNMLSLIIGGFAO88DB,中華段,.54,都市：住,1000,68,持分移轉,05640001
RPSNMLSLIIGGFAO88DB,中華段,.48,都市：住,1000,68,持分移轉,05640002
RPRNMLSLIIGGFAO78DB,中華段,9.04,都市：住,1000,68,持分移轉,05600000
RPRNMLSLIIGGFAO78DB,中華段,8.91,都市：住,1000,68,持分移轉,05610000
RPRNMLSLIIGGFAO78DB,中華段,.54,都市：住,1000,68,持分移轉,05640001
RPRNMLSLIIGGFAO78DB,中華段,.48,都市：住,1000,68,持分移轉,05640002
RPWNMLSLIIGGFAO66DB,中華段,11.04,都市：住,1000,83,持分移轉,05600000
RPWNMLSLIIGGFAO66DB,中華段,10.87,都市：住,1000,83,持分移轉,05610000
RPWNMLSLIIGGFAO66DB,中華段,.66,都市：住,1000,83,持分移轉,05640001
RPWNMLSLIIGGFAO66DB,中華段,.58,都市：住,1000,83,持分移轉,05640002
RPXNMLSLIIGGFAO76DB,中華段,11.04,都市：住,1000,83,持分移轉,05600000
RPXNMLSLIIGGFAO76DB,中華段,10.87,都市：住,1000,83,持分移轉,05610000
RPXNMLSLIIGGFAO76DB,中華段,.66,都市：住,1000,83,持分移轉,05640001
RPXNMLSLIIGGFAO76DB,中華段,.58,都市：住,1000,83,持分移轉,05640002
RPPNMLTLIIGGFAO68DB,竹港段,23.37,都市：住,594159,7629,持分移轉,07770000
RPQNMLTLIIGGFAO78DB,竹港段,17.05,都市：住,594159,5566,持分移轉,07770000
RPTNMLTLIIGGFAO09DB,港北段,19.35,都市：住,100000,556,持分移轉,00360000
RPSNMLTLIIGGFAO98DB,港北段,17.86,都市：住,100000,513,持分移轉,00360000
RPPNMLKMIIGGFAO77CB,中寮段,31.61,都市：住,287258,3161,持分移轉,07870000
RPQNMLKMIIGGFAO87CB,中寮段,32.21,都市：住,287258,3221,持分移轉,07870000
RPRNMLKMIIGGFAO97CB,南港段,34.17,非都市：一般農業區 ; 非都市編定：甲種建築用地,100000,1831,持分移轉,05380000
RPPNMLLMIIGGFAO87CB,南港段,34.17,非都市：一般農業區 ; 非都市編定：甲種建築用地,100000,1831,持分移轉,05380000
RPQNMLLMIIGGFAO08DB,竹港段,20.17,都市：住,594159,6586,持分移轉,07770000
RPPNMLLMIIGGFAO97DB,竹港段,20.17,都市：住,594159,6586,持分移轉,07770000
RPPNMLLJJIGGFAO77DB,雅溪段,42.11,非都市：山坡地保育區 ; 非都市編定：丙種建築用地,100000,883,持分移轉,02930000
RPQNMLLJJIGGFAO87DB,雅溪段,41.78,非都市：山坡地保育區 ; 非都市編定：丙種建築用地,100000,876,持分移轉,02930000
RPRNMLLJJIGGFAO97DB,雅溪段,41.78,非都市：山坡地保育區 ; 非都市編定：丙種建築用地,100000,876,持分移轉,02930000
RPPNMLNJJIGGFAO97DB,竹港段,20.17,都市：住,594159,6586,持分移轉,07770000
RPPNMLMJJIGGFAO87DB,竹港段,20.17,都市：住,594159,6586,持分移轉,07770000
RPPNMLNJJIGGFAO87CB,崙子段,26.40,都市：住,10000,838,持分移轉,16500000
RPUNMLNJJIGGFAO48DB,民主段,30.40,都市：住,100000,7136,持分移轉,10430000
RPQNMLNJJIGGFAO97CB,中央段,9.66,都市：商,100000,968,持分移轉,16070000
RPRNMLNJJIGGFAO08CB,中央段,9.83,都市：商,100000,985,持分移轉,16070000
RPPNMLOJJIGGFAO97CB,金雅段,22.68,非都市：鄉村區 ; 非都市編定：乙種建築用地,100000,1549,持分移轉,00670000
RPQNMLOJJIGGFAO08CB,金雅段,27.69,非都市：鄉村區 ; 非都市編定：乙種建築用地,100000,1891,持分移轉,00670000
RPRNMLOJJIGGFAO18CB,金雅段,22.71,非都市：鄉村區 ; 非都市編定：乙種建築用地,100000,1551,持分移轉,00670000
RPSNMLOJJIGGFAO28CB,金雅段,19.65,非都市：鄉村區 ; 非都市編定：乙種建築用地,100000,1342,持分移轉,00670000
RPTNMLOJJIGGFAO38CB,金雅段,30.23,非都市：鄉村區 ; 非都市編定：乙種建築用地,100000,2064,持分移轉,00670000
RPUNMLOJJIGGFAO48CB,金雅段,30.23,非都市：鄉村區 ; 非都市編定：乙種建築用地,100000,2064,持分移轉,00670000
RPVNMLOJJIGGFAO58CB,金雅段,30.23,非都市：鄉村區 ; 非都市編定：乙種建築用地,100000,2064,持分移轉,00670000
RPXNMLOJJIGGFAO78CB,士林段,74.64,非都市：鄉村區 ; 非都市編定：乙種建築用地,100000,1949,持分移轉,00610000
RPWNMLOJJIGGFAO68CB,金雅段,22.68,非都市：鄉村區 ; 非都市編定：乙種建築用地,100000,1549,持分移轉,00670000
RPQNMLPLIIGGFAO38DB,雅溪段,41.83,非都市：山坡地保育區 ; 非都市編定：丙種建築用地,100000,877,持分移轉,02930000
RPOOMLOJJIGGFAO97CB,南港段,34.17,非都市：一般農業區 ; 非都市編定：甲種建築用地,100000,1831,持分移轉,05380000
RPPOMLOJJIGGFAO08CB,南港段,32.18,非都市：一般農業區 ; 非都市編定：甲種建築用地,100000,1724,持分移轉,05380000
RPPNMLOJJIGGFAO08DB,竹港段,23.37,都市：住,594159,7629,持分移轉,07770000
RPQNMLPJJIGGFAO28DB,港北段,17.93,都市：住,100000,515,持分移轉,00360000
RPPNMLPJJIGGFAO18DB,港北段,17.93,都市：住,100000,515,持分移轉,00360000
RPSNMLPJJIGGFAO48DB,港北段,17.93,都市：住,100000,515,持分移轉,00360000
RPRNMLPJJIGGFAO38DB,港北段,17.93,都市：住,100000,515,持分移轉,00360000
RPTNMLPJJIGGFAO58DB,南華段,15.01,都市：住,10,1,持分移轉,01180010
RPTNMLPJJIGGFAO58DB,南華段,74.30,都市：住,1,1,全筆移轉,01180006
RPUNMLPJJIGGFAO68DB,南華段,15.01,都市：住,10,1,持分移轉,01180010
RPUNMLPJJIGGFAO68DB,南華段,54.89,都市：住,1,1,全筆移轉,01180007
RPPNMLPJJIGGFAO08CB,忠孝段,14.36,都市：住,100000,2772,持分移轉,03080000
RPPNMLPJJIGGFAO08CB,忠孝段,19.32,都市：住,100000,2772,持分移轉,03090000
RPRNMLPJJIGGFAO28CB,忠孝段,14.36,都市：住,100000,2772,持分移轉,03080000
RPRNMLPJJIGGFAO28CB,忠孝段,19.32,都市：住,100000,2772,持分移轉,03090000
RPPNMLRKIIGGFAO28CB,中寮段,31.31,都市：住,287258,3131,持分移轉,07870000
RPQNMLPJJIGGFAO18CB,忠孝段,14.36,都市：住,100000,2772,持分移轉,03080000
RPQNMLPJJIGGFAO18CB,忠孝段,19.32,都市：住,100000,2772,持分移轉,03090000
RPSNMLRKIIGGFAO58CB,中寮段,31.61,都市：住,287258,3161,持分移轉,07870000
RPTNMLPJJIGGFAO48CB,忠孝段,14.41,都市：住,100000,2781,持分移轉,03080000
RPTNMLPJJIGGFAO48CB,忠孝段,19.38,都市：住,100000,2781,持分移轉,03090000
RPSNMLPJJIGGFAO38CB,忠孝段,14.41,都市：住,100000,2781,持分移轉,03080000
RPSNMLPJJIGGFAO38CB,忠孝段,19.38,都市：住,100000,2781,持分移轉,03090000
RPUNMLPJJIGGFAO58CB,南港段,32.20,非都市：一般農業區 ; 非都市編定：甲種建築用地,100000,1725,持分移轉,05380000
RPVNMLPJJIGGFAO68CB,南港段,32.20,非都市：一般農業區 ; 非都市編定：甲種建築用地,100000,1725,持分移轉,05380000
RPXNMLPJJIGGFAO88CB,南港段,32.18,非都市：一般農業區 ; 非都市編定：甲種建築用地,100000,1724,持分移轉,05380000
RPOOMLPJJIGGFAO08CB,忠孝段,14.36,都市：住,100000,2772,持分移轉,03080000
RPOOMLPJJIGGFAO08CB,忠孝段,19.32,都市：住,100000,2772,持分移轉,03090000
RPPNMLQJJIGGFAO18CB,中寮段,32.34,都市：住,287258,3234,持分移轉,07870000
RPPNMLRJJIGGFAO28CB,金雅段,21.00,非都市：鄉村區 ; 非都市編定：乙種建築用地,100000,825,持分移轉,00390000
RPRNMLTLIIGGFAO88DB,港北段,17.93,都市：住,100000,515,持分移轉,00360000
RPQNMLRJJIGGFAO38CB,金雅段,21.21,非都市：鄉村區 ; 非都市編定：乙種建築用地,100000,833,持分移轉,00390000
RPPOMLPJJIGGFAO18CB,忠孝段,14.36,都市：住,100000,2772,持分移轉,03080000
RPPOMLPJJIGGFAO18CB,忠孝段,19.32,都市：住,100000,2772,持分移轉,03090000
RPQNMLSJJIGGFAO48CB,南華段,19.72,都市：商,100000,1923,持分移轉,04010000
RPSNMLSJJIGGFAO68CB,東門段三小段,10.84,都市：商,10000,251,持分移轉,00790000
RPQNMLTJJIGGFAO68DB,雅溪段,41.83,非都市：山坡地保育區 ; 非都市編定：丙種建築用地,100000,877,持分移轉,02930000
RPRNMLTJJIGGFAO78DB,雅溪段,41.83,非都市：山坡地保育區 ; 非都市編定：丙種建築用地,100000,877,持分移轉,02930000
RPPNMLTJJIGGFAO58DB,雅溪段,41.83,非都市：山坡地保育區 ; 非都市編定：丙種建築用地,100000,877,持分移轉,02930000
RPRNMLLKJIGGFAO97CB,金雅段,30.23,非都市：鄉村區 ; 非都市編定：乙種建築用地,100000,2064,持分移轉,00670000
RPSNMLTJJIGGFAO88DB,雅溪段,55.47,非都市：山坡地保育區 ; 非都市編定：丙種建築用地,100000,1163,持分移轉,02930000
RPPNMLKKJIGGFAO67CB,舊社段,25.25,非都市：特定農業區 ; 非都市編定：甲種建築用地,10000,789,持分移轉,02930004
RPUNMLLKJIGGFAO28CB,金雅段,22.71,非都市：鄉村區 ; 非都市編定：乙種建築用地,100000,1551,持分移轉,00670000
RPTNMLLKJIGGFAO18CB,金雅段,22.71,非都市：鄉村區 ; 非都市編定：乙種建築用地,100000,1551,持分移轉,00670000
RPVNMLLKJIGGFAO38CB,金雅段,22.71,非都市：鄉村區 ; 非都市編定：乙種建築用地,100000,1551,持分移轉,00670000
RPXNMLLKJIGGFAO58CB,金雅段,25.89,非都市：鄉村區 ; 非都市編定：乙種建築用地,100000,2278,持分移轉,00560000
RPXNMLLKJIGGFAO58CB,金雅段,6.10,非都市：鄉村區 ; 非都市編定：乙種建築用地,100000,2278,持分移轉,00570001
RPQOMLLKJIGGFAO08DB,竹港段,23.37,都市：住,594159,7629,持分移轉,07770000
RPRNMLOKJIGGFAO38DB,港北段,17.93,都市：住,100000,515,持分移轉,00360000
RPPNMLOKJIGGFAO18DB,港北段,17.93,都市：住,100000,515,持分移轉,00360000
RPQNMLOKJIGGFAO28DB,港北段,17.93,都市：住,100000,515,持分移轉,00360000
RPTNMLOKJIGGFAO58DB,港北段,17.93,都市：住,100000,515,持分移轉,00360000
RPSNMLOKJIGGFAO48DB,港北段,17.93,都市：住,100000,515,持分移轉,00360000
RPUNMLOKJIGGFAO68DB,港北段,19.32,都市：住,100000,555,持分移轉,00360000
RPQNMLPKJIGGFAO38DB,雅溪段,41.83,非都市：山坡地保育區 ; 非都市編定：丙種建築用地,100000,877,持分移轉,02930000
RPPNMLPKJIGGFAO28DB,雅溪段,41.83,非都市：山坡地保育區 ; 非都市編定：丙種建築用地,100000,877,持分移轉,02930000
RPRNMLPKJIGGFAO48DB,雅溪段,60.09,非都市：山坡地保育區 ; 非都市編定：丙種建築用地,100000,1260,持分移轉,02930000
RPPNMLPKJIGGFAO18CB,崙子段,37.47,都市：住,10000,149,持分移轉,20880000
RPQNMLQKJIGGFAO48DB,竹港段,17.05,都市：住,594159,5566,持分移轉,07770000
RPPNMLQKJIGGFAO38DB,竹港段,17.05,都市：住,594159,5566,持分移轉,07770000
RPRNMLRKJIGGFAO58CB,崙子段,7.21,都市：住,100000,6870,持分移轉,20860025
RPRNMLRKJIGGFAO58CB,崙子段,7.01,都市：住,100000,6870,持分移轉,20860037
RPRNMLRKJIGGFAO58CB,崙子段,7.01,都市：住,100000,6870,持分移轉,20860038
RPRNMLRKJIGGFAO58CB,崙子段,7.01,都市：住,100000,6870,持分移轉,20860039
RPRNMLRKJIGGFAO58CB,崙子段,7.01,都市：住,100000,6870,持分移轉,20860040
RPQNMLRKJIGGFAO48CB,崙子段,7.27,都市：住,100000,6925,持分移轉,20860025
RPQNMLRKJIGGFAO48CB,崙子段,7.06,都市：住,100000,6925,持分移轉,20860037
RPQNMLRKJIGGFAO48CB,崙子段,7.06,都市：住,100000,6925,持分移轉,20860038
RPQNMLRKJIGGFAO48CB,崙子段,7.06,都市：住,100000,6925,持分移轉,20860039
RPQNMLRKJIGGFAO48CB,崙子段,7.06,都市：住,100000,6925,持分移轉,20860040
RPSNMLRKJIGGFAO68CB,崙子段,7.27,都市：住,100000,6925,持分移轉,20860025
RPSNMLRKJIGGFAO68CB,崙子段,7.06,都市：住,100000,6925,持分移轉,20860037
RPSNMLRKJIGGFAO68CB,崙子段,7.06,都市：住,100000,6925,持分移轉,20860038
RPSNMLRKJIGGFAO68CB,崙子段,7.06,都市：住,100000,6925,持分移轉,20860039
RPSNMLRKJIGGFAO68CB,崙子段,7.06,都市：住,100000,6925,持分移轉,20860040
RPTNMLRKJIGGFAO78CB,崙子段,7.27,都市：住,100000,6925,持分移轉,20860025
RPTNMLRKJIGGFAO78CB,崙子段,7.06,都市：住,100000,6925,持分移轉,20860037
RPTNMLRKJIGGFAO78CB,崙子段,7.06,都市：住,100000,6925,持分移轉,20860038
RPTNMLRKJIGGFAO78CB,崙子段,7.06,都市：住,100000,6925,持分移轉,20860039
RPTNMLRKJIGGFAO78CB,崙子段,7.06,都市：住,100000,6925,持分移轉,20860040
RPUNMLRKJIGGFAO88CB,崙子段,7.27,都市：住,100000,6925,持分移轉,20860025
RPUNMLRKJIGGFAO88CB,崙子段,7.06,都市：住,100000,6925,持分移轉,20860037
RPUNMLRKJIGGFAO88CB,崙子段,7.06,都市：住,100000,6925,持分移轉,20860038
RPUNMLRKJIGGFAO88CB,崙子段,7.06,都市：住,100000,6925,持分移轉,20860039
RPUNMLRKJIGGFAO88CB,崙子段,7.06,都市：住,100000,6925,持分移轉,20860040
RPWNMLPJJIGGFAO78CB,南港段,34.17,非都市：一般農業區 ; 非都市編定：甲種建築用地,100000,1831,持分移轉,05380000
RPVNMLRKJIGGFAO98CB,崙子段,7.21,都市：住,100000,6870,持分移轉,20860025
RPVNMLRKJIGGFAO98CB,崙子段,7.01,都市：住,100000,6870,持分移轉,20860037
RPVNMLRKJIGGFAO98CB,崙子段,7.01,都市：住,100000,6870,持分移轉,20860038
RPVNMLRKJIGGFAO98CB,崙子段,7.01,都市：住,100000,6870,持分移轉,20860039
RPVNMLRKJIGGFAO98CB,崙子段,7.01,都市：住,100000,6870,持分移轉,20860040
RPXNMLRKJIGGFAO56CB,崙子段,7.21,都市：住,100000,6870,持分移轉,20860025
RPXNMLRKJIGGFAO56CB,崙子段,7.01,都市：住,100000,6870,持分移轉,20860037
RPXNMLRKJIGGFAO56CB,崙子段,7.01,都市：住,100000,6870,持分移轉,20860038
RPXNMLRKJIGGFAO56CB,崙子段,7.01,都市：住,100000,6870,持分移轉,20860039
RPXNMLRKJIGGFAO56CB,崙子段,7.01,都市：住,100000,6870,持分移轉,20860040
RPPOMLRKJIGGFAO48CB,崙子段,7.26,都市：住,100000,6913,持分移轉,20860025
RPPOMLRKJIGGFAO48CB,崙子段,7.05,都市：住,100000,6913,持分移轉,20860037
RPPOMLRKJIGGFAO48CB,崙子段,7.05,都市：住,100000,6913,持分移轉,20860038
RPPOMLRKJIGGFAO48CB,崙子段,7.05,都市：住,100000,6913,持分移轉,20860039
RPPOMLRKJIGGFAO48CB,崙子段,7.05,都市：住,100000,6913,持分移轉,20860040
RPOOMLRKJIGGFAO38CB,崙子段,7.26,都市：住,100000,6913,持分移轉,20860025
RPOOMLRKJIGGFAO38CB,崙子段,7.05,都市：住,100000,6913,持分移轉,20860037
RPOOMLRKJIGGFAO38CB,崙子段,7.05,都市：住,100000,6913,持分移轉,20860038
RPOOMLRKJIGGFAO38CB,崙子段,7.05,都市：住,100000,6913,持分移轉,20860039
RPOOMLRKJIGGFAO38CB,崙子段,7.05,都市：住,100000,6913,持分移轉,20860040
RPWNMLRKJIGGFAO09CB,崙子段,7.21,都市：住,100000,6870,持分移轉,20860025
RPWNMLRKJIGGFAO09CB,崙子段,7.01,都市：住,100000,6870,持分移轉,20860037
RPWNMLRKJIGGFAO09CB,崙子段,7.01,都市：住,100000,6870,持分移轉,20860038
RPWNMLRKJIGGFAO09CB,崙子段,7.01,都市：住,100000,6870,持分移轉,20860039
RPWNMLRKJIGGFAO09CB,崙子段,7.01,都市：住,100000,6870,持分移轉,20860040
RPSOMLSKJIGGFAO88CB,金雅段,22.90,非都市：鄉村區 ; 非都市編定：乙種建築用地,100000,1564,持分移轉,00670000
RPUOMLSKJIGGFAO09CB,金雅段,22.71,非都市：鄉村區 ; 非都市編定：乙種建築用地,100000,1551,持分移轉,00670000
RPVOMLSKJIGGFAO56CB,金雅段,22.68,非都市：鄉村區 ; 非都市編定：乙種建築用地,100000,1549,持分移轉,00670000
RPQOMLRKJIGGFAO58CB,崙子段,7.26,都市：住,100000,6913,持分移轉,20860025
RPQOMLRKJIGGFAO58CB,崙子段,7.05,都市：住,100000,6913,持分移轉,20860037
RPQOMLRKJIGGFAO58CB,崙子段,7.05,都市：住,100000,6913,持分移轉,20860038
RPQOMLRKJIGGFAO58CB,崙子段,7.05,都市：住,100000,6913,持分移轉,20860039
RPQOMLRKJIGGFAO58CB,崙子段,7.05,都市：住,100000,6913,持分移轉,20860040
RPTOMLSKJIGGFAO98CB,金雅段,22.71,非都市：鄉村區 ; 非都市編定：乙種建築用地,100000,1551,持分移轉,00670000
RPQNMLSKJIGGFAO68DB,竹港段,20.17,都市：住,594159,6586,持分移轉,07770000
RPXOMLSKJIGGFAO76CB,金雅段,22.71,非都市：鄉村區 ; 非都市編定：乙種建築用地,100000,1551,持分移轉,00670000
RPWOMLSKJIGGFAO66CB,金雅段,22.71,非都市：鄉村區 ; 非都市編定：乙種建築用地,100000,1551,持分移轉,00670000
RPPNMLTKJIGGFAO58CB,中央段,9.83,都市：商,100000,985,持分移轉,16070000
RPUNMLMLJIGGFAO48CB,東濱段,48.26,都市：住,1,1,全筆移轉,11660009
RPUNMLMLJIGGFAO48CB,東濱段,12.00,都市：住,10,1,持分移轉,11660005
RPRNMLTKJIGGFAO88DB,竹港段,17.05,都市：住,594159,5566,持分移轉,07770000
RPPNMLMLJIGGFAO08DB,中華段,9.04,都市：住,1000,68,持分移轉,05600000
RPPNMLMLJIGGFAO08DB,中華段,8.91,都市：住,1000,68,持分移轉,05610000
RPPNMLMLJIGGFAO08DB,中華段,.54,都市：住,1000,68,持分移轉,05640001
RPPNMLMLJIGGFAO08DB,中華段,.48,都市：住,1000,68,持分移轉,05640002
RPTNMLTJJIGGFAO98DB,雅溪段,41.78,非都市：山坡地保育區 ; 非都市編定：丙種建築用地,100000,876,持分移轉,02930000
RPSNMLNLJIGGFAO48DB,南華段,15.01,都市：住,10,1,持分移轉,01180010
RPRNMLNLJIGGFAO38DB,南華段,40.93,都市：住,1,1,全筆移轉,06010003
RPSNMLNLJIGGFAO48DB,南華段,53.23,都市：住,1,1,全筆移轉,01180004
RPRNMLNLJIGGFAO38DB,南華段,27.97,都市：住,6,1,持分移轉,06010000
RPROMLNLJIGGFAO38CB,忠孝段,14.36,都市：住,100000,2772,持分移轉,03080000
RPROMLNLJIGGFAO38CB,忠孝段,19.32,都市：住,100000,2772,持分移轉,03090000
RPOOMLNLJIGGFAO08CB,東濱段,48.24,都市：住,1,1,全筆移轉,10050008
RPOOMLNLJIGGFAO08CB,東濱段,19.20,都市：住,13438,1920,持分移轉,10050000
RPSOMLNLJIGGFAO48CB,忠孝段,14.36,都市：住,100000,2772,持分移轉,03080000
RPSOMLNLJIGGFAO48CB,忠孝段,19.32,都市：住,100000,2772,持分移轉,03090000
RPQNMLKMJIGGFAO97CB,金山段,19.19,都市：住,10000,969,持分移轉,11630000
RPQNMLKMJIGGFAO97CB,金山段,7.33,都市：住,10000,969,持分移轉,11640000
RPWNMLLJKIGGFAO48CB,金山段,19.19,都市：住,10000,969,持分移轉,11630000
RPWNMLLJKIGGFAO48CB,金山段,7.33,都市：住,10000,969,持分移轉,11640000
RPPOMLLJKIGGFAO87CB,金山段,19.19,都市：住,10000,969,持分移轉,11630000
RPPOMLLJKIGGFAO87CB,金山段,7.33,都市：住,10000,969,持分移轉,11640000
RPPQMLLJKIGGFAO08CB,金山段,15.84,都市：住,10000,800,持分移轉,11630000
RPPQMLLJKIGGFAO08CB,金山段,6.05,都市：住,10000,800,持分移轉,11640000
RPRQMLLJKIGGFAO28CB,金山段,15.84,都市：住,10000,800,持分移轉,11630000
RPRQMLLJKIGGFAO28CB,金山段,6.05,都市：住,10000,800,持分移轉,11640000
RPVOMLLJKIGGFAO48CB,金山段,19.19,都市：住,10000,969,持分移轉,11630000
RPVOMLLJKIGGFAO48CB,金山段,7.33,都市：住,10000,969,持分移轉,11640000
RPQNMLNJKIGGFAO08CB,朝山段,8.27,都市：商,100000,1984,持分移轉,05900000
RPQNMLNJKIGGFAO08CB,朝山段,20.17,都市：住,100000,1984,持分移轉,05920000
RPSNMLNJKIGGFAO28CB,朝山段,8.27,都市：商,100000,1984,持分移轉,05900000
RPSNMLNJKIGGFAO28CB,朝山段,20.17,都市：住,100000,1984,持分移轉,05920000
RPOQMLNJKIGGFAO18CB,朝山段,8.28,都市：商,100000,1988,持分移轉,05900000
RPOQMLNJKIGGFAO18CB,朝山段,20.21,都市：住,100000,1988,持分移轉,05920000
RPVNMLNJKIGGFAO58CB,朝山段,8.28,都市：商,100000,1988,持分移轉,05900000
RPVNMLNJKIGGFAO58CB,朝山段,20.21,都市：住,100000,1988,持分移轉,05920000
RPPQMLNJKIGGFAO28CB,朝山段,8.28,都市：商,100000,1988,持分移轉,05900000
RPPQMLNJKIGGFAO28CB,朝山段,20.21,都市：住,100000,1988,持分移轉,05920000
RPQQMLNJKIGGFAO38CB,朝山段,8.27,都市：商,100000,1984,持分移轉,05900000
RPQQMLNJKIGGFAO38CB,朝山段,20.17,都市：住,100000,1984,持分移轉,05920000
RPRQMLNJKIGGFAO48CB,朝山段,8.27,都市：商,100000,1984,持分移轉,05900000
RPRQMLNJKIGGFAO48CB,朝山段,20.17,都市：住,100000,1984,持分移轉,05920000
RPPNMLOJKIGGFAO08CB,朝山段,8.28,都市：商,100000,1988,持分移轉,05900000
RPPNMLOJKIGGFAO08CB,朝山段,20.21,都市：住,100000,1988,持分移轉,05920000
RPRNMLQJKIGGFAO48CB,朝山段,8.28,都市：商,100000,1988,持分移轉,05900000
RPRNMLQJKIGGFAO48CB,朝山段,20.21,都市：住,100000,1988,持分移轉,05920000
RPPNMLPJKIGGFAO18CB,朝山段,8.38,都市：商,100000,2011,持分移轉,05900000
RPPNMLPJKIGGFAO18CB,朝山段,20.44,都市：住,100000,2011,持分移轉,05920000
RPSNMLQJKIGGFAO58CB,朝山段,8.28,都市：商,100000,1988,持分移轉,05900000
RPSNMLQJKIGGFAO58CB,朝山段,20.21,都市：住,100000,1988,持分移轉,05920000
RPUOMLQJKIGGFAO88CB,朝山段,8.28,都市：商,100000,1988,持分移轉,05900000
RPUOMLQJKIGGFAO88CB,朝山段,20.21,都市：住,100000,1988,持分移轉,05920000
RPPNMLSJKIGGFAO58DB,民富段,9.79,都市：住,66,1,持分移轉,30240000
RPXNMLOKKIGGFAO09DB,朝山段,8.28,都市：商,100000,1988,持分移轉,05900000
RPXNMLOKKIGGFAO09DB,朝山段,20.21,都市：住,100000,1988,持分移轉,05920000
RPPOMLOKKIGGFAO38DB,朝山段,8.28,都市：商,100000,1988,持分移轉,05900000
RPPOMLOKKIGGFAO38DB,朝山段,20.21,都市：住,100000,1988,持分移轉,05920000
RPVPMLOKKIGGFAO98CB,金山段,15.84,都市：住,10000,800,持分移轉,11630000
RPVPMLOKKIGGFAO98CB,金山段,6.05,都市：住,10000,800,持分移轉,11640000
RPWNMLOKKIGGFAO98DB,朝山段,8.28,都市：商,100000,1988,持分移轉,05900000
RPWNMLOKKIGGFAO98DB,朝山段,20.21,都市：住,100000,1988,持分移轉,05920000
RPOOMLOKKIGGFAO28DB,朝山段,8.28,都市：商,100000,1988,持分移轉,05900000
RPOOMLOKKIGGFAO28DB,朝山段,20.21,都市：住,100000,1988,持分移轉,05920000
RPOQMLOKKIGGFAO38CB,金山段,19.19,都市：住,10000,969,持分移轉,11630000
RPOQMLOKKIGGFAO38CB,金山段,7.33,都市：住,10000,969,持分移轉,11640000
RPRNMLRJJIGGFAO48CB,金雅段,32.97,非都市：鄉村區 ; 非都市編定：乙種建築用地,100000,1295,持分移轉,00390000
RPPNMLSJJIGGFAO48DB,竹港段,20.17,都市：住,594159,6586,持分移轉,07770000
RPRNMLQKKIGGFAO68DB,中雅段,20.31,都市：住,100000,4871,持分移轉,01320000
RPRNMLQKKIGGFAO68DB,中雅段,.44,都市：住,100000,4871,持分移轉,01310005
RPPQMLOKKIGGFAO48CB,金山段,15.84,都市：住,10000,800,持分移轉,11630000
RPPQMLOKKIGGFAO48CB,金山段,6.05,都市：住,10000,800,持分移轉,11640000
RPPNMLKLKIGGFAO97DB,朝山段,8.28,都市：商,100000,1988,持分移轉,05900000
RPPNMLKLKIGGFAO97DB,朝山段,20.21,都市：住,100000,1988,持分移轉,05920000
RPUNMLQKKIGGFAO98DB,民富段,9.79,都市：住,66,1,持分移轉,30240000
RPQNMLKLKIGGFAO08DB,朝山段,8.28,都市：商,100000,1988,持分移轉,05900000
RPQNMLKLKIGGFAO08DB,朝山段,20.21,都市：住,100000,1988,持分移轉,05920000
RPRNMLKLKIGGFAO18DB,朝山段,9.60,都市：商,100000,2305,持分移轉,05900000
RPRNMLKLKIGGFAO18DB,朝山段,23.43,都市：住,100000,2305,持分移轉,05920000
RPPNMLNLJIGGFAO18DB,士林段,37.49,非都市：鄉村區 ; 非都市編定：乙種建築用地,100000,1993,持分移轉,00880000
RPSNMLKLKIGGFAO28DB,朝山段,8.28,都市：商,100000,1988,持分移轉,05900000
RPSNMLKLKIGGFAO28DB,朝山段,20.21,都市：住,100000,1988,持分移轉,05920000
RPUNMLKLKIGGFAO48DB,朝山段,8.28,都市：商,100000,1988,持分移轉,05900000
RPUNMLKLKIGGFAO48DB,朝山段,20.21,都市：住,100000,1988,持分移轉,05920000
RPWNMLKLKIGGFAO68DB,朝山段,8.27,都市：商,100000,1984,持分移轉,05900000
RPWNMLKLKIGGFAO68DB,朝山段,20.17,都市：住,100000,1984,持分移轉,05920000
RPXNMLKLKIGGFAO78DB,朝山段,8.27,都市：商,100000,1984,持分移轉,05900000
RPXNMLKLKIGGFAO78DB,朝山段,20.17,都市：住,100000,1984,持分移轉,05920000
RPOOMLKLKIGGFAO97DB,朝山段,8.28,都市：商,100000,1988,持分移轉,05900000
RPOOMLKLKIGGFAO97DB,朝山段,20.21,都市：住,100000,1988,持分移轉,05920000
RPVNMLKLKIGGFAO58DB,朝山段,8.27,都市：商,100000,1984,持分移轉,05900000
RPVNMLKLKIGGFAO58DB,朝山段,20.17,都市：住,100000,1984,持分移轉,05920000
RPRNMLRJLHHGFAO78DB,新莊段,6.84,都市：商,100000,464,持分移轉,06900000
RPRNMLRJLHHGFAO78DB,新莊段,1.66,都市：商,100000,464,持分移轉,06910000
RPRNMLRJLHHGFAO78DB,新莊段,.57,都市：商,100000,464,持分移轉,06920000
RPRNMLRJLHHGFAO78DB,新莊段,2.16,都市：商,100000,464,持分移轉,06930000
RPPNMLRJLHHGFAO58DB,士林段,21.01,非都市：鄉村區 ; 非都市編定：乙種建築用地,100000,1117,持分移轉,00880000
RPUNMLKKLHHGFAO48DB,中寮段,38.47,都市：住,287258,3847,持分移轉,07870000
RPQNMLNLMHHGFAO58DB,明湖段,21.75,非都市：山坡地保育區 ; 非都市編定：丙種建築用地,10000,345,持分移轉,06500000
RPQNMLNLMHHGFAO58DB,明湖段,33.96,非都市：山坡地保育區 ; 非都市編定：丙種建築用地,10000,345,持分移轉,06500003
RPQNMLNLMHHGFAO58DB,明湖段,21.75,非都市：山坡地保育區 ; 非都市編定：丙種建築用地,10000,345,持分移轉,06500011
RPQNMLNLMHHGFAO58DB,明湖段,21.75,非都市：山坡地保育區 ; 非都市編定：丙種建築用地,10000,345,持分移轉,06500012
RPQNMLNLMHHGFAO58DB,明湖段,33.40,非都市：山坡地保育區 ; 非都市編定：丙種建築用地,10000,345,持分移轉,06500013
RPTNMLRJLHHGFAO98DB,新莊段,9.33,都市：商,100000,633,持分移轉,06900000
RPTNMLRJLHHGFAO98DB,新莊段,2.26,都市：商,100000,633,持分移轉,06910000
RPTNMLRJLHHGFAO98DB,新莊段,.77,都市：商,100000,633,持分移轉,06920000
RPTNMLRJLHHGFAO98DB,新莊段,2.94,都市：商,100000,633,持分移轉,06930000
RPRNMLNLMHHGFAO68DB,明湖段,21.75,非都市：山坡地保育區 ; 非都市編定：丙種建築用地,10000,345,持分移轉,06500000
RPRNMLNLMHHGFAO68DB,明湖段,33.96,非都市：山坡地保育區 ; 非都市編定：丙種建築用地,10000,345,持分移轉,06500003
RPRNMLNLMHHGFAO68DB,明湖段,21.75,非都市：山坡地保育區 ; 非都市編定：丙種建築用地,10000,345,持分移轉,06500011
RPRNMLNLMHHGFAO68DB,明湖段,21.75,非都市：山坡地保育區 ; 非都市編定：丙種建築用地,10000,345,持分移轉,06500012
RPRNMLNLMHHGFAO68DB,明湖段,33.40,非都市：山坡地保育區 ; 非都市編定：丙種建築用地,10000,345,持分移轉,06500013
RPPNMLNJNHHGFAO28CB,東門段三小段,10.20,都市：商,10000,236,持分移轉,00790000
RPRNMLNJKIGGFAO18CB,朝山段,8.38,都市：商,100000,2011,持分移轉,05900000
RPRNMLNJKIGGFAO18CB,朝山段,20.44,都市：住,100000,2011,持分移轉,05920000
RPPNMLPJJHHGFAO18DB,朝山段,8.28,都市：商,100000,1988,持分移轉,05900000
RPPNMLPJJHHGFAO18DB,朝山段,20.21,都市：住,100000,1988,持分移轉,05920000
RPSNMLRJLHHGFAO88DB,新莊段,9.76,都市：商,100000,662,持分移轉,06900000
RPSNMLRJLHHGFAO88DB,新莊段,2.36,都市：商,100000,662,持分移轉,06910000
RPSNMLRJLHHGFAO88DB,新莊段,.81,都市：商,100000,662,持分移轉,06920000
RPSNMLRJLHHGFAO88DB,新莊段,3.08,都市：商,100000,662,持分移轉,06930000
