﻿編號,車位類別,車位價格,車位面積平方公尺,車位所在樓層
Serial number,berth category,berth price,berth area square meter,
RPWOMLKMQHGGFDQ27CC,坡道平面,0,29.87,地下二樓
RPSOMLKMQHGGFDQ86CC,坡道平面,0,29.87,地下二樓
RPSPMLKMQHGGFDQ96CC,坡道平面,0,29.87,地下二樓
RPPPMLKMQHGGFDQ66CC,坡道平面,0,29.87,地下二樓
RPTNMLLJIIGGFDQ58CC,坡道平面,0,29.87,地下二樓
RPXOMLKMQHGGFDQ37CC,坡道平面,0,29.87,地下二樓
RPUOMLKMQHGGFDQ07CC,坡道平面,0,29.87,地下一樓
RPTOMLKMQHGGFDQ96CC,坡道平面,0,29.87,地下二樓
RPOPMLKMQHGGFDQ56CC,坡道平面,0,29.87,地下二樓
RPVOMLKMQHGGFDQ17CC,坡道平面,0,29.87,地下二樓
