﻿編號,屋齡,建物移轉面積平方公尺,主要用途,主要建材,建築完成日期,總層數,建物分層
The serial number,room age,building shifting area square meter,the main use,main building materials,construction completes the date,total layer,building lamination
RPSNMLLKJIGGFAV78DA,,31.77,住家用,木造,,一層,一層 廚房
RPOOMLQKJIGGFAV98DA,,82.51,住商用,木造,,一層,一層 騎樓
RPPNMLMJJIGGFBV58DA,41,157.62,住家用,鋼筋混凝土加強磚造,69年6月30日,二層,一層 二層 騎樓
RPSNMLRKJIGGFAV76DA,28,219.61,住家用,鋼筋混凝土造,82年12月15日,三層,一層 二層 三層 陽台 騎樓
RPVNMLSJJIGGFAV07DA,37,111.38,住家用,加強磚造,73年9月17日,二層,一層 二層 騎樓
RPXNMLMJJIGGFAV66DA,38,112.68,住家用,加強磚造,73年2月29日,二層,一層 二層 騎樓
RPQOMLQKJIGGFAV56DA,19,142.02,飲食店、垃圾儲藏室,鋼骨造、有牆鋼架造,91年9月9日,二層,一層 二層
RPPNMLTKJIGGFCV96EA,27,170.64,住家用,加強磚造,83年10月1日,一層,一層
RPPNMLTKJIGGFCV96EA,27,170.64,住家用,加強磚造,83年10月1日,一層,一層
RPPNMLMLJIGGFDV98DA,24,35.30,商業用,鋼筋混凝土造,87年3月6日,十五層,十一層 陽台
RPPNMLMLJIGGFDV98DA,24,1.12,機房、樓梯,鋼筋混凝土造,87年3月6日,十五層,
RPPNMLMLJIGGFDV98DA,24,7.21,梯間、通道,鋼筋混凝土造,87年3月6日,十五層,
RPPNMLMLJIGGFDV98DA,24,5.57,通道、活動室、樓梯間、門廳、車道、辦公室,鋼筋混凝土造,87年3月6日,十層,
RPPNMLNLJIGGFBV88DA,35,141.35,住家用,加強磚造,75年11月7日,二層,一層 二層 陽台
RPTNMLMLJIGGFAV09DA,24,192.25,住家用,鋼筋混凝土造,86年11月5日,二層,一層 二層 陽台 平台
RPTNMLOLJIGGFAV66DA,47,100.73,住家用,鐵筋水泥磚,63年12月5日,三層,一層 二層 三層
RPPNMLPKJIGGFDV56DA,24,35.30,商業用,鋼筋混凝土造,87年3月6日,十層,五層 陽台
RPPNMLPKJIGGFDV56DA,24,1.12,機房、樓梯,鋼筋混凝土造,87年3月6日,十五層,
RPPNMLPKJIGGFDV56DA,24,7.21,梯間、通道,鋼筋混凝土造,87年3月6日,十五層,
RPPNMLPKJIGGFDV56DA,24,5.57,通道、活動室、樓梯間、門廳、車道、辦公室,鋼筋混凝土造,87年3月6日,十層,
RPUNMLNLJIGGFAV66DA,,4.96,樓梯間,鋼筋混凝土造,,四層,
RPUNMLNLJIGGFAV66DA,38,87.10,國民住宅,鋼筋混凝土造,72年9月23日,四層,一層 平台
RPPNMLQLJIGGFAV09DA,51,25.84,住家用,蓋瓦水泥磚竹木,60年2月13日,一層,一層
RPPNMLQLJIGGFAV09DA,51,25.84,住家用,蓋瓦水泥磚竹木,60年2月13日,一層,一層
RPPNMLQLJIGGFAV09DA,51,26.20,住家用,蓋瓦水泥磚竹木,60年2月13日,一層,一層
RPQNMLTJJIGGFAV66DA,10,246.94,店舖、住宅,ＲＣ造,100年6月17日,三層,一層 二層 三層 見其他登記事項
RPTNMLNLJIGGFAV56DA,28,256.59,農舍,鋼筋混凝土造,82年10月30日,三層,一層 二層 三層 陽台
RPRNMLNKJIGGFAV88DA,29,156.09,住家用,鋼筋混凝土造,82年1月13日,三層,一層 二層 三層
RPQNMLLJKIGGFDV88DA,28,48.72,出租套房,鋼筋混凝土造,82年11月8日,八層,五層 陽台
RPQNMLLJKIGGFDV88DA,28,18.66,出租套房、通道、停車場、避難室．屋頂突出物,鋼筋混凝土造,82年11月8日,八層,
RPUNMLLJKIGGFAV98DA,25,6.20,共同使用：樓梯．電梯,鋼筋混凝土造,85年6月28日,七層,
RPUNMLLJKIGGFAV98DA,25,3.93,樓梯、電梯、機械房、水箱共同使用,鋼筋混凝土造,85年6月28日,七層,
RPUNMLLJKIGGFAV98DA,25,3.28,車道、水箱、樓梯、機械房配電室共同使用　,鋼筋混凝土造,85年6月28日,七層,
RPUNMLLJKIGGFAV98DA,25,16.01,防空避難室暨停車空間共同使用,鋼筋混凝土造,85年6月28日,七層,
RPUNMLLJKIGGFAV98DA,25,74.84,住家用,鋼筋混凝土造,85年6月28日,七層,三層 陽台
RPPNMLKMJIGGFDV88DA,27,5.45,樓梯間．門房走道,鋼筋混凝土造,83年9月30日,八層,
RPPNMLKMJIGGFDV88DA,27,31.54,套房,鋼筋混凝土造,83年9月30日,八層,八層 陽台
RPTNMLKKJIGGFAV78DA,26,188.68,住商用,鋼筋混凝土造,84年12月26日,三層,一層 二層 三層 騎樓 見其他登記事項
RPQNMLNLJIGGFAV88DA,26,79.23,集合住宅,鋼筋混凝土造,84年6月1日,五層,一層 平台
RPQNMLNLJIGGFAV88DA,26,9.33,停車空間．兼儲藏室（共同使用）,鋼筋混凝土造,84年6月1日,五層,
RPQNMLNLJIGGFAV88DA,26,9.80,樓梯．通廊．瞭望台．水箱．蓄水池（共同使用）,鋼筋混凝土造,84年6月1日,五層,
RPPNMLPJJIGGFAV78DA,28,2.26,避難室．機械室．共同使用,鋼筋混凝土造,82年12月3日,四層,
RPPNMLPJJIGGFAV78DA,28,.25,樓梯間．共同使用,鋼筋混凝土造,82年12月3日,四層,
RPPNMLPJJIGGFAV78DA,28,.25,樓梯間．公同使用,鋼筋混凝土造,82年12月3日,四層,
RPPNMLPJJIGGFAV78DA,28,.25,樓梯間．公同使用,鋼筋混凝土造,82年12月3日,四層,
RPPNMLPJJIGGFAV78DA,28,.25,樓梯間．公同使用,鋼筋混凝土造,82年12月3日,四層,
RPPNMLPJJIGGFAV78DA,28,.25,樓梯間．公同使用,鋼筋混凝土造,82年12月3日,四層,
RPPNMLPJJIGGFAV78DA,28,.25,樓梯間．公同使用,鋼筋混凝土造,82年12月3日,四層,
RPPNMLPJJIGGFAV78DA,28,.25,樓梯間．公同使用,鋼筋混凝土造,82年12月3日,四層,
RPPNMLPJJIGGFAV78DA,28,.25,樓梯間．公同使用,鋼筋混凝土造,82年12月3日,四層,
RPPNMLPJJIGGFAV78DA,28,.69,樓梯間．公同使用,鋼筋混凝土造,82年12月3日,四層,
RPPNMLPJJIGGFAV78DA,28,.69,樓梯間．公同使用,鋼筋混凝土造,82年12月3日,四層,
RPPNMLPJJIGGFAV78DA,28,.26,樓梯間．公同使用,鋼筋混凝土造,82年12月3日,四層,
RPPNMLPJJIGGFAV78DA,28,.26,樓梯間．公同使用,鋼筋混凝土造,82年12月3日,四層,
RPPNMLPJJIGGFAV78DA,28,.26,樓梯間．公同使用,鋼筋混凝土造,82年12月3日,四層,
RPPNMLPJJIGGFAV78DA,28,3.58,避難室．機械室．公同使用,鋼筋混凝土造,82年12月3日,四層,
RPPNMLPJJIGGFAV78DA,28,.25,樓梯間．公同使用,鋼筋混凝土造,82年12月3日,四層,
RPPNMLPJJIGGFAV78DA,28,.25,樓梯間．屋頂突出物．公同使用,鋼筋混凝土造,82年12月3日,四層,
RPPNMLPJJIGGFAV78DA,28,.25,樓梯間．公同使用,鋼筋混凝土造,82年12月3日,四層,
RPPNMLPJJIGGFAV78DA,28,.25,樓梯間．屋頂突出物．公同使用,鋼筋混凝土造,82年12月3日,四層,
RPPNMLPJJIGGFAV78DA,28,.25,樓梯間．公同使用,鋼筋混凝土造,82年12月3日,四層,
RPPNMLPJJIGGFAV78DA,28,.25,樓梯間．屋頂突出物．公同使用,鋼筋混凝土造,82年12月3日,四層,
RPPNMLPJJIGGFAV78DA,28,.25,樓梯間．屋頂突出物．公同使用,鋼筋混凝土造,82年12月3日,四層,
RPPNMLPJJIGGFAV78DA,28,.25,樓梯間．屋頂突出物．公同使用,鋼筋混凝土造,82年12月3日,四層,
RPPNMLPJJIGGFAV78DA,28,.25,樓梯間．公同使用,鋼筋混凝土造,82年12月3日,四層,
RPPNMLPJJIGGFAV78DA,28,.25,樓梯間．屋頂突出物．公同使用,鋼筋混凝土造,82年12月3日,四層,
RPPNMLPJJIGGFAV78DA,28,.25,樓梯間．屋頂突出物．公同使用,鋼筋混凝土造,82年12月3日,四層,
RPPNMLPJJIGGFAV78DA,28,.25,樓梯間．屋頂突出物．公同使用,鋼筋混凝土造,82年12月3日,四層,
RPPNMLPJJIGGFAV78DA,28,.25,樓梯間．屋頂突出物．公同使用,鋼筋混凝土造,82年12月3日,四層,
RPPNMLPJJIGGFAV78DA,28,.25,樓梯間．屋頂突出物．公同使用,鋼筋混凝土造,82年12月3日,四層,
RPPNMLPJJIGGFAV78DA,28,.26,樓梯間．屋頂突出物．公同使用,鋼筋混凝土造,82年12月3日,四層,
RPPNMLPJJIGGFAV78DA,28,.26,樓梯間．屋頂突出物．公同使用,鋼筋混凝土造,82年12月3日,四層,
RPPNMLPJJIGGFAV78DA,28,.26,樓梯間．屋頂突出物．公同使用,鋼筋混凝土造,82年12月3日,四層,
RPPNMLPJJIGGFAV78DA,28,.26,樓梯間．屋頂突出物．公同使用,鋼筋混凝土造,82年12月3日,四層,
RPPNMLPJJIGGFAV78DA,28,.26,樓梯間．屋頂突出物．公同使用,鋼筋混凝土造,82年12月3日,四層,
RPPNMLPJJIGGFAV78DA,28,102.22,集合住宅,鋼筋混凝土造,82年12月3日,四層,三層 陽台
RPWNMLLJKIGGFAV66EA,27,225.96,住商用,鋼筋混凝土造,83年9月29日,四層,一層 二層 三層 四層 陽台 騎樓
RPPNMLSKJIGGFCV76DA,30,126.49,住商用,鋼筋混凝土造,80年9月6日,二層,一層 二層 騎樓 電梯樓梯間
RPQNMLMJKIGGFDV98DA,26,6.94,樓梯．電梯．機械房．水箱．清水池．走道．陽台．屋頂突出物,鋼筋混凝土造,84年7月14日,八層,
RPQNMLMJKIGGFDV98DA,26,30.87,套房,鋼筋混凝土造,84年7月14日,八層,六層 見其他登記事項
RPTNMLNJKIGGFAV09DA,8,140.47,住家用,ＲＣ造,103年1月6日,二層,一層 二層 見其他登記事項
RPQNMLQLJIGGFBV66DA,9,350.09,農舍,ＲＣ造,101年7月30日,二層,一層 二層 見其他登記事項
RPRNMLMJKIGGFDV09DA,27,5.45,樓梯間．門房走道,鋼筋混凝土造,83年9月30日,八層,
RPRNMLMJKIGGFDV09DA,27,31.54,套房,鋼筋混凝土造,83年9月30日,八層,三層 陽台
RPQNMLNJKIGGFDV09DA,24,35.30,商業用,鋼筋混凝土造,87年3月6日,十五層,十四層 陽台
RPQNMLNJKIGGFDV09DA,24,1.12,機房、樓梯,鋼筋混凝土造,87年3月6日,十五層,
RPQNMLNJKIGGFDV09DA,24,7.21,梯間、通道,鋼筋混凝土造,87年3月6日,十五層,
RPQNMLNJKIGGFDV09DA,24,5.57,通道、活動室、樓梯間、門廳、車道、辦公室,鋼筋混凝土造,87年3月6日,十層,
RPSNMLOKIIGGFBV09DA,36,78.00,住家用,加強磚造,75年3月25日,一層,一層 騎樓
RPQNMLMKIIGGFCV78DA,27,44.56,住家用,加強磚造,83年8月17日,二層,一層 二層 屋頂突出物
RPPNMLOKIIGGFDV98DA,24,35.30,商業用,鋼筋混凝土造,87年3月6日,十五層,七層 陽台
RPPNMLOKIIGGFDV98DA,24,1.12,機房、樓梯,鋼筋混凝土造,87年3月6日,十五層,
RPPNMLOKIIGGFDV98DA,24,7.21,梯間、通道,鋼筋混凝土造,87年3月6日,十五層,
RPPNMLOKIIGGFDV98DA,24,5.57,通道、活動室、樓梯間、門廳、車道、辦公室,鋼筋混凝土造,87年3月6日,十層,
RPUNMLSKIIGGFAV96DA,6,204.56,住家用,ＲＣ造,105年3月9日,三層,一層 二層 三層 見其他登記事項
RPPNMLRJIIGGFBV98DA,28,53.68,鄉村住宅,加強磚造,83年1月22日,二層,一層 二層
RPWNMLQJIIGGFAV86DA,66,227.46,住宅（畜禽舍）,磚石造,45年4月1日,一層,見其他登記事項
RPPNMLQJJIGGFAV88DA,35,121.27,住家用,加強磚造,75年11月8日,二層,一層 二層 陽台 屋頂突出物
RPWNMLRJIIGGFAV96DA,50,34.28,住家用,加強磚造,60年7月1日,一層,一層
RPTNMLQJIIGGFAV56DA,37,106.77,住家用,加強磚造,73年5月8日,二層,一層 二層
RPPOMLTKIIGGFAV66DA,27,182.71,住家用,鋼筋混凝土造,83年9月1日,三層,一層 二層 三層 陽台 屋頂突出物
RPPNMLRLIIGGFAV09DA,26,79.23,集合住宅,鋼筋混凝土造,84年6月1日,五層,一層 平台
RPPNMLRLIIGGFAV09DA,26,9.33,停車空間．兼儲藏室（共同使用）,鋼筋混凝土造,84年6月1日,五層,
RPPNMLRLIIGGFAV09DA,26,9.80,樓梯．通廊．瞭望台．水箱．蓄水池（共同使用）,鋼筋混凝土造,84年6月1日,五層,
RPPNMLQLIIGGFCV56DA,,190.06,騎樓、住宅,加強磚造,71年0月0日,二層,一層 二層 騎樓
RPPNMLMKIIGGFAV48DA,4,264.14,住宅、停車空間、梯間,ＲＣ造,106年10月31日,四層,一層 二層 三層 四層 見其他登記事項 見其他登記事項
RPQNMLMKIIGGFAV58DA,4,264.14,住宅、停車空間、梯間,ＲＣ造,106年10月31日,四層,一層 二層 三層 四層 見其他登記事項 見其他登記事項
RPWNMLSKIIGGFAV17DA,3,633.05,住宅、樓梯間,ＲＣ造,108年2月27日,四層,一層 二層 三層 四層 屋頂突出物 見其他登記事項
RPSNMLQLIIGGFAV76EA,45,27.30,住家用,加強磚造,65年12月17日,二層,一層 二層
RPUNMLSLIIGGFAV07DA,26,9.67,通廊．電梯．汽車昇降孔．共同使用,鋼筋混凝土造,84年5月17日,七層,
RPUNMLSLIIGGFAV07DA,26,9.74,通廊．電梯．汽車昇降孔．共同使用,鋼筋混凝土造,84年5月17日,七層,
RPUNMLSLIIGGFAV07DA,26,4.10,防空．避難室．停車空間．共同使用,鋼筋混凝土造,84年5月17日,七層,
RPUNMLSLIIGGFAV07DA,26,4.14,防空．避難室．停車空間．共同使用,鋼筋混凝土造,84年5月17日,七層,
RPUNMLSLIIGGFAV07DA,26,18.32,集合住宅,鋼筋混凝土造,84年5月17日,七層,三層
RPUNMLSLIIGGFAV07DA,26,18.38,集合住宅,鋼筋混凝土造,84年5月17日,七層,三層
RPPNMLQLIIGGFAV98DA,1,213.90,Ｈ２住宅、樓梯間,ＲＣ造,109年6月3日,三層,一層 二層 三層 見其他登記事項 見其他登記事項
RPOOMLTKIIGGFAV56DA,26,10.10,通廊．電梯．汽車昇降孔．共同使用,鋼筋混凝土造,84年5月17日,七層,
RPOOMLTKIIGGFAV56DA,26,4.27,防空．避難室．停車空間．共同使用,鋼筋混凝土造,84年5月17日,七層,
RPOOMLTKIIGGFAV56DA,26,24.88,集合住宅,鋼筋混凝土造,84年5月17日,七層,四層 陽台
RPROMLTKIIGGFAV86DA,26,19.29,避難室．樓梯間．走道（共同使用部份）,鋼筋混凝土結構造,84年10月4日,十二層,
RPROMLTKIIGGFAV86DA,26,32.93,集合住宅,鋼筋混凝土結構造,84年10月4日,十二層,八層
RPTOMLTKIIGGFAV07DA,26,14.84,避難室．樓梯間．走道（共同使用部份）,鋼筋混凝土結構造,84年10月4日,十二層,
RPTOMLTKIIGGFAV07DA,26,26.95,集合住宅,鋼筋混凝土結構造,84年10月4日,十二層,八層
RPPNMLSKIIGGFAV09DA,44,129.36,住家用,鋼筋水泥．加強磚造,66年9月30日,二層,一層 二層 騎樓
SPROMLTKIIGGFAV96DA,26,8.69,避難室．樓梯間．走道（共同使用部份）,鋼筋混凝土結構造,84年10月4日,十二層,
SPROMLTKIIGGFAV96DA,26,25.98,集合住宅,鋼筋混凝土結構造,84年10月4日,十二層,八層
RPWNMLTKIIGGFAV27DA,26,12.34,通廊．電梯．汽車昇降孔．共同使用,鋼筋混凝土造,84年5月17日,七層,
RPWNMLTKIIGGFAV27DA,26,5.28,防空．避難室．停車空間．共同使用,鋼筋混凝土造,84年5月17日,七層,
RPWNMLTKIIGGFAV27DA,26,23.40,集合住宅,鋼筋混凝土造,84年5月17日,七層,三層
RPOOMLSLIIGGFAV56DA,27,218.75,住家用,鋼筋混凝土造,83年8月9日,四層,一層 二層 三層 四層 見其他登記事項
RPPNMLPKIIGGFDV09DA,28,35.56,出租套房,鋼筋混凝土造,82年11月8日,八層,四層 陽台
RPPNMLPKIIGGFDV09DA,28,13.01,出租套房、通道、停車場、避難室．屋頂突出物,鋼筋混凝土造,82年11月8日,八層,
RPRNMLPLIIGGFDV76DA,24,35.30,商業用,鋼筋混凝土造,87年3月6日,十五層,五層 陽台
RPRNMLPLIIGGFDV76DA,24,1.12,機房、樓梯,鋼筋混凝土造,87年3月6日,十五層,
RPRNMLPLIIGGFDV76DA,24,7.21,梯間、通道,鋼筋混凝土造,87年3月6日,十五層,
RPRNMLPLIIGGFDV76DA,24,5.57,通道、活動室、樓梯間、門廳、車道、辦公室,鋼筋混凝土造,87年3月6日,十層,
RPPNMLKKIIGGFAV28DA,49,100.82,住家用,鐵筋水泥磚,62年2月26日,二層,一層 二層 騎樓
RPPNMLQJIIGGFDV09DA,27,5.45,樓梯間．門房走道,鋼筋混凝土造,83年9月30日,八層,
RPPNMLQJIIGGFDV09DA,27,31.54,套房,鋼筋混凝土造,83年9月30日,八層,五層 陽台
RPRNMLLJJIGGFDV88DA,27,4.28,樓梯間．門房走道,鋼筋混凝土造,83年9月30日,八層,
RPRNMLLJJIGGFDV88DA,27,21.54,套房,鋼筋混凝土造,83年9月30日,八層,八層 陽台
RPPNMLNJJIGGFAV58DA,,173.45,Ｈ２住宅,ＲＣ造,110年5月28日,三層,一層 二層 三層 見其他登記事項
RPSNMLPLIIGGFDV86DA,24,35.30,商業用,鋼筋混凝土造,87年3月6日,十五層,五層 陽台
RPSNMLPLIIGGFDV86DA,24,1.12,機房、樓梯,鋼筋混凝土造,87年3月6日,十五層,
RPSNMLPLIIGGFDV86DA,24,7.21,梯間、通道,鋼筋混凝土造,87年3月6日,十五層,
RPSNMLPLIIGGFDV86DA,24,5.57,通道、活動室、樓梯間、門廳、車道、辦公室,鋼筋混凝土造,87年3月6日,十層,
RPQNMLRLIIGGFCV76DA,41,204.15,住家用,鋼筋混凝土造,70年2月2日,三層,一層 二層 三層 平台 騎樓
RPXNMLTKIIGGFAV37DA,40,109.36,住家用,加強磚造,71年2月27日,二層,一層 二層 騎樓
RPSNMLNKIIGGFAV88DA,36,179.69,住家用,加強磚造,75年1月21日,二層,一層 二層 陽台 屋頂突出物
RPOOMLQLIIGGFAV98DA,36,88.00,住家用,加強磚造,74年8月26日,二層,一層 二層
RPWNMLRLIIGGFAV17DA,25,44.07,集合住宅,鋼筋混凝土造,85年6月28日,九層,四層 陽台 花台
RPWNMLRLIIGGFAV17DA,25,9.21,電梯，樓梯共同使用,鋼筋混凝土造,85年6月28日,九層,
RPWNMLRLIIGGFAV17DA,25,5.47,配電室．樓梯．電梯．機械房．通道．水箱．人行共同使用,鋼筋混凝土造,85年6月28日,九層,
RPQNMLPJIIGGFAV78DA,37,159.46,住家用,加強磚造,74年2月10日,二層,一層 二層
RPRNMLNJJIGGFDV09DA,24,35.30,商業用,鋼筋混凝土造,87年3月6日,十五層,十四層 陽台
RPRNMLNJJIGGFDV09DA,24,1.12,機房、樓梯,鋼筋混凝土造,87年3月6日,十五層,
RPRNMLNJJIGGFDV09DA,24,7.21,梯間、通道,鋼筋混凝土造,87年3月6日,十五層,
RPRNMLNJJIGGFDV09DA,24,5.57,通道、活動室、樓梯間、門廳、車道、辦公室,鋼筋混凝土造,87年3月6日,十層,
RPRNMLLLIIGGFDV98DA,24,35.30,商業用,鋼筋混凝土造,87年3月6日,十五層,十四層 陽台
RPRNMLLLIIGGFDV98DA,24,1.12,機房、樓梯,鋼筋混凝土造,87年3月6日,十五層,
RPRNMLLLIIGGFDV98DA,24,7.21,梯間、通道,鋼筋混凝土造,87年3月6日,十五層,
RPRNMLLLIIGGFDV98DA,24,5.57,通道、活動室、樓梯間、門廳、車道、辦公室,鋼筋混凝土造,87年3月6日,十層,
RPPNMLLLIIGGFAV48DA,46,153.87,住家用,鐵筋水泥磚,64年5月10日,三層,一層 二層 三層 騎樓
RPPNMLOJJIGGFDV09EA,28,35.56,出租套房,鋼筋混凝土造,82年11月8日,八層,七層 陽台
RPPNMLOJJIGGFDV09EA,28,13.01,出租套房、通道、停車場、避難室．屋頂突出物,鋼筋混凝土造,82年11月8日,八層,
RPQNMLPJJIGGFAV88DA,7,175.94,住宅、樓梯間,ＲＣ造,103年12月10日,三層,一層 二層 三層 見其他登記事項 見其他登記事項
RPQNMLPJJIGGFDV66EA,28,35.56,出租套房,鋼筋混凝土造,82年11月8日,八層,七層 陽台
RPQNMLPJJIGGFDV66EA,28,13.01,出租套房、通道、停車場、避難室．屋頂突出物,鋼筋混凝土造,82年11月8日,八層,
RPQNMLKKJIGGFBV58DA,39,223.99,住家用,鋼筋混凝土加強磚造,71年5月21日,三層,一層 二層 三層 陽台 騎樓
RPPNMLMKJIGGFCV78DA,37,102.41,住家用,加強磚造,73年4月27日,二層,一層 二層 騎樓
RPVNMLPJIIGGFAV66DA,40,125.84,住商用,加強磚造,70年4月15日,二層,一層 二層 騎樓
RPXNMLPJIIGGFAV86DA,40,125.84,住商用,加強磚造,70年4月15日,二層,一層 二層 騎樓
RPQOMLQLIIGGFAV56DA,36,150.00,住家用,加強磚造,75年1月6日,二層,一層 二層 陽台
RPRNMLMJJIGGFBV78DA,44,106.44,住家用,鋼筋混凝土加強磚造,66年11月28日,二層,一層 二層 騎樓
RPXNMLKKJIGGFAV56DA,25,66.56,集合住宅,鋼筋混凝土造,85年6月28日,九層,四層 陽台 花台
RPXNMLKKJIGGFAV56DA,25,13.81,電梯，樓梯共同使用,鋼筋混凝土造,85年6月28日,九層,
RPXNMLKKJIGGFAV56DA,25,8.20,配電室．樓梯．電梯．機械房．通道．水箱．人行共同使用,鋼筋混凝土造,85年6月28日,九層,
RPPNMLPKJIGGFAV88DA,25,75.64,集合住宅,鋼筋混凝土造,85年6月28日,九層,四層 陽台 花台
RPPNMLPKJIGGFAV88DA,25,8.63,電梯，樓梯共同使用,鋼筋混凝土造,85年6月28日,九層,
RPPNMLPKJIGGFAV88DA,25,8.20,配電室．樓梯．電梯．機械房．通道．水箱．人行共同使用,鋼筋混凝土造,85年6月28日,九層,
RPRNMLMKJIGGFDV09DA,27,6.81,樓梯間．門房走道,鋼筋混凝土造,83年9月30日,八層,
RPRNMLMKJIGGFDV09DA,27,33.46,套房,鋼筋混凝土造,83年9月30日,八層,三層 陽台
RPSNMLMKJIGGFDV56DA,27,6.03,樓梯間．門房走道,鋼筋混凝土造,83年9月30日,八層,
RPSNMLMKJIGGFDV56DA,27,35.02,套房,鋼筋混凝土造,83年9月30日,八層,五層 陽台
RPTNMLQLIIGGFAV76DA,8,187.32,住家用,鋼骨ＲＣ造,103年4月9日,一層,見其他登記事項
RPPNMLPKJIGGFCV09DA,17,96.94,店鋪、集合住宅、住房,鋼筋混凝土造,94年1月21日,二層,一層 二層 陽台 平台
RPPNMLPKJIGGFCV09DA,17,93.85,店鋪、集合住宅、住房,鋼筋混凝土造,94年1月21日,二層,一層 二層 陽台 平台
RPPNMLPKJIGGFCV09DA,17,97.58,店鋪、集合住宅、住房,鋼筋混凝土造,94年1月21日,二層,一層 二層 陽台 平台
RPPNMLPKJIGGFCV09DA,17,121.02,集合住宅,鋼筋混凝土造,94年1月21日,8,三層 陽台
RPPNMLPKJIGGFCV09DA,17,121.02,集合住宅,鋼筋混凝土造,94年1月21日,8,五層 陽台
RPPNMLPKJIGGFCV09DA,17,121.02,集合住宅,鋼筋混凝土造,94年1月21日,8,七層 陽台
RPPNMLPKJIGGFCV09DA,17,121.02,集合住宅,鋼筋混凝土造,94年1月21日,8,六層 陽台
RPPNMLPKJIGGFCV09DA,17,121.02,集合住宅,鋼筋混凝土造,94年1月21日,八層,八層 陽台
RPPNMLPKJIGGFCV09DA,17,100.88,店鋪、集合住宅、住房,鋼筋混凝土造,94年1月21日,二層,一層 二層 陽台 平台
RPPNMLPKJIGGFCV09DA,17,95.98,集合住宅,鋼筋混凝土造,94年1月21日,二層,二層 陽台
RPPNMLPKJIGGFCV09DA,17,94.32,集合住宅,鋼筋混凝土造,94年1月21日,三層,三層 陽台
RPPNMLPKJIGGFCV09DA,17,97.24,集合住宅,鋼筋混凝土造,94年1月21日,四層,四層 陽台
RPPNMLPKJIGGFCV09DA,17,94.32,集合住宅,鋼筋混凝土造,94年1月21日,五層,五層 陽台
RPPNMLPKJIGGFCV09DA,17,97.24,集合住宅,鋼筋混凝土造,94年1月21日,六層,六層 陽台
RPPNMLPKJIGGFCV09DA,17,94.32,集合住宅,鋼筋混凝土造,94年1月21日,七層,七層 陽台
RPPNMLPKJIGGFCV09DA,17,97.24,集合住宅,鋼筋混凝土造,94年1月21日,八層,八層 陽台
RPPNMLPKJIGGFCV09DA,17,107.75,集合住宅,鋼筋混凝土造,94年1月21日,三層,三層 陽台
RPPNMLPKJIGGFCV09DA,17,107.75,集合住宅,鋼筋混凝土造,94年1月21日,四層,四層 陽台
RPPNMLPKJIGGFCV09DA,17,107.75,集合住宅,鋼筋混凝土造,94年1月21日,五層,五層 陽台
RPPNMLPKJIGGFCV09DA,17,107.75,集合住宅,鋼筋混凝土造,94年1月21日,六層,六層 陽台
RPPNMLPKJIGGFCV09DA,17,107.75,集合住宅,鋼筋混凝土造,94年1月21日,七層,七層 陽台
RPQNMLPKJIGGFCV56DA,17,85.10,店舖、集合住宅,鋼筋混凝土造,94年1月21日,一層,一層 平台
RPPNMLPKJIGGFCV09DA,17,107.75,集合住宅,鋼筋混凝土造,94年1月21日,八層,八層 陽台
RPQNMLPKJIGGFCV56DA,17,116.65,住房、集合住宅,鋼筋混凝土造,94年1月21日,二層,二層 陽台
RPPNMLPKJIGGFCV09DA,17,4.30,集合住宅﹝門廳、騎樓、人行﹞,鋼筋混凝土造,94年1月21日,一層,
RPQNMLPKJIGGFCV56DA,17,4.13,集合住宅﹝門廳、騎樓、人行﹞,鋼筋混凝土造,94年1月21日,一層,
RPPNMLPKJIGGFCV09DA,17,5.25,集合住宅﹝門廳、騎樓、人行﹞,鋼筋混凝土造,94年1月21日,一層,
RPQNMLPKJIGGFCV56DA,17,5.21,集合住宅﹝門廳、騎樓、人行﹞,鋼筋混凝土造,94年1月21日,一層,
RPPNMLPKJIGGFCV09DA,17,4.81,集合住宅﹝門廳、騎樓、人行﹞,鋼筋混凝土造,94年1月21日,一層,
RPQNMLPKJIGGFCV56DA,17,9.21,集合住宅,鋼筋混凝土造,94年1月21日,八層,
RPPNMLPKJIGGFCV09DA,17,4.30,集合住宅﹝門廳、騎樓、人行﹞,鋼筋混凝土造,94年1月21日,一層,
RPQNMLPKJIGGFCV56DA,17,11.80,集合住宅,鋼筋混凝土造,94年1月21日,八層,
RPPNMLPKJIGGFCV09DA,17,4.30,集合住宅﹝門廳、騎樓、人行﹞,鋼筋混凝土造,94年1月21日,一層,
RPPNMLPKJIGGFCV09DA,17,4.30,集合住宅﹝門廳、騎樓、人行﹞,鋼筋混凝土造,94年1月21日,一層,
RPPNMLPKJIGGFCV09DA,17,4.30,集合住宅﹝門廳、騎樓、人行﹞,鋼筋混凝土造,94年1月21日,一層,
RPPNMLPKJIGGFCV09DA,17,4.30,集合住宅﹝門廳、騎樓、人行﹞,鋼筋混凝土造,94年1月21日,一層,
RPPNMLPKJIGGFCV09DA,17,4.30,集合住宅﹝門廳、騎樓、人行﹞,鋼筋混凝土造,94年1月21日,一層,
RPPNMLPKJIGGFCV09DA,17,4.37,集合住宅﹝門廳、騎樓、人行﹞,鋼筋混凝土造,94年1月21日,一層,
RPPNMLPKJIGGFCV09DA,17,4.48,集合住宅﹝門廳、騎樓、人行﹞,鋼筋混凝土造,94年1月21日,一層,
RPPNMLPKJIGGFCV09DA,17,4.81,集合住宅﹝門廳、騎樓、人行﹞,鋼筋混凝土造,94年1月21日,一層,
RPPNMLPKJIGGFCV09DA,17,4.81,集合住宅﹝門廳、騎樓、人行﹞,鋼筋混凝土造,94年1月21日,一層,
RPPNMLPKJIGGFCV09DA,17,4.81,集合住宅﹝門廳、騎樓、人行﹞,鋼筋混凝土造,94年1月21日,一層,
RPPNMLPKJIGGFCV09DA,17,4.81,集合住宅﹝門廳、騎樓、人行﹞,鋼筋混凝土造,94年1月21日,一層,
RPPNMLPKJIGGFCV09DA,17,4.81,集合住宅﹝門廳、騎樓、人行﹞,鋼筋混凝土造,94年1月21日,一層,
RPPNMLPKJIGGFCV09DA,17,5.25,集合住宅﹝門廳、騎樓、人行﹞,鋼筋混凝土造,94年1月21日,一層,
RPPNMLPKJIGGFCV09DA,17,5.25,集合住宅﹝門廳、騎樓、人行﹞,鋼筋混凝土造,94年1月21日,一層,
RPPNMLPKJIGGFCV09DA,17,5.25,集合住宅﹝門廳、騎樓、人行﹞,鋼筋混凝土造,94年1月21日,一層,
RPPNMLPKJIGGFCV09DA,17,5.25,集合住宅﹝門廳、騎樓、人行﹞,鋼筋混凝土造,94年1月21日,一層,
RPPNMLPKJIGGFCV09DA,17,4.30,集合住宅﹝門廳、騎樓、人行﹞,鋼筋混凝土造,94年1月21日,一層,
RPPNMLPKJIGGFCV09DA,17,4.48,集合住宅﹝門廳、騎樓、人行﹞,鋼筋混凝土造,94年1月21日,一層,
RPPNMLPKJIGGFCV09DA,17,10.16,集合住宅,鋼筋混凝土造,94年1月21日,八層,
RPPNMLPKJIGGFCV09DA,17,10.59,集合住宅,鋼筋混凝土造,94年1月21日,八層,
RPPNMLPKJIGGFCV09DA,17,12.63,集合住宅,鋼筋混凝土造,94年1月21日,八層,
RPPNMLPKJIGGFCV09DA,17,12.63,集合住宅,鋼筋混凝土造,94年1月21日,八層,
RPPNMLPKJIGGFCV09DA,17,12.63,集合住宅,鋼筋混凝土造,94年1月21日,八層,
RPPNMLPKJIGGFCV09DA,17,12.63,集合住宅,鋼筋混凝土造,94年1月21日,八層,
RPPNMLPKJIGGFCV09DA,17,12.63,集合住宅,鋼筋混凝土造,94年1月21日,八層,
RPPNMLPKJIGGFCV09DA,17,10.20,集合住宅,鋼筋混凝土造,94年1月21日,八層,
RPPNMLPKJIGGFCV09DA,17,10.59,集合住宅,鋼筋混凝土造,94年1月21日,八層,
RPPNMLPKJIGGFCV09DA,17,9.83,集合住宅,鋼筋混凝土造,94年1月21日,八層,
RPPNMLPKJIGGFCV09DA,17,10.89,集合住宅,鋼筋混凝土造,94年1月21日,八層,
RPPNMLPKJIGGFCV09DA,17,10.89,集合住宅,鋼筋混凝土造,94年1月21日,八層,
RPPNMLPKJIGGFCV09DA,17,10.89,集合住宅,鋼筋混凝土造,94年1月21日,八層,
RPPNMLPKJIGGFCV09DA,17,10.89,集合住宅,鋼筋混凝土造,94年1月21日,八層,
RPPNMLPKJIGGFCV09DA,17,10.89,集合住宅,鋼筋混凝土造,94年1月21日,八層,
RPPNMLPKJIGGFCV09DA,17,9.64,集合住宅,鋼筋混凝土造,94年1月21日,八層,
RPPNMLPKJIGGFCV09DA,17,9.64,集合住宅,鋼筋混凝土造,94年1月21日,八層,
RPPNMLPKJIGGFCV09DA,17,9.64,集合住宅,鋼筋混凝土造,94年1月21日,八層,
RPPNMLPKJIGGFCV09DA,17,10.89,集合住宅,鋼筋混凝土造,94年1月21日,八層,
RPPNMLPKJIGGFCV09DA,17,9.64,集合住宅,鋼筋混凝土造,94年1月21日,八層,
RPPNMLPKJIGGFCV09DA,17,9.64,集合住宅,鋼筋混凝土造,94年1月21日,八層,
RPPNMLPKJIGGFCV09DA,17,9.64,集合住宅,鋼筋混凝土造,94年1月21日,八層,
RPRNMLPKJIGGFCV66DA,17,108.91,集合住宅,鋼筋混凝土造,94年1月21日,五層,五層 陽台
RPRNMLPKJIGGFCV66DA,17,108.91,集合住宅,鋼筋混凝土造,94年1月21日,六層,六層 陽台
RPRNMLPKJIGGFCV66DA,17,4.79,集合住宅﹝門廳、騎樓、人行﹞,鋼筋混凝土造,94年1月21日,一層,
RPRNMLPKJIGGFCV66DA,17,4.79,集合住宅﹝門廳、騎樓、人行﹞,鋼筋混凝土造,94年1月21日,一層,
RPRNMLPKJIGGFCV66DA,17,11.41,集合住宅,鋼筋混凝土造,94年1月21日,八層,
RPRNMLPKJIGGFCV66DA,17,11.41,集合住宅,鋼筋混凝土造,94年1月21日,八層,
RPVNMLPKJIGGFCV07DA,17,121.02,集合住宅,鋼筋混凝土造,94年1月21日,8,四層 陽台
RPVNMLPKJIGGFCV07DA,17,5.25,集合住宅﹝門廳、騎樓、人行﹞,鋼筋混凝土造,94年1月21日,一層,
RPVNMLPKJIGGFCV07DA,17,12.63,集合住宅,鋼筋混凝土造,94年1月21日,八層,
RPSNMLPKJIGGFCV76DA,17,108.91,集合住宅,鋼筋混凝土造,94年1月21日,七層,七層 陽台
RPSNMLPKJIGGFCV76DA,17,108.91,集合住宅,鋼筋混凝土造,94年1月21日,八層,八層 陽台
RPSNMLPKJIGGFCV76DA,17,4.79,集合住宅﹝門廳、騎樓、人行﹞,鋼筋混凝土造,94年1月21日,一層,
RPSNMLPKJIGGFCV76DA,17,4.79,集合住宅﹝門廳、騎樓、人行﹞,鋼筋混凝土造,94年1月21日,一層,
RPSNMLPKJIGGFCV76DA,17,11.41,集合住宅,鋼筋混凝土造,94年1月21日,八層,
RPSNMLPKJIGGFCV76DA,17,11.41,集合住宅,鋼筋混凝土造,94年1月21日,八層,
RPQNMLSKJIGGFAV66DA,28,118.25,住家用,加強磚造,82年12月30日,二層,一層 二層 屋頂突出物
RPTNMLTLIIGGFAV07DA,46,72.10,住家用,鐵筋水泥磚,64年9月3日,二層,一層 二層
RPTNMLPKJIGGFCV86DA,17,108.91,集合住宅,鋼筋混凝土造,94年1月21日,三層,三層 陽台
RPTNMLPKJIGGFCV86DA,17,108.91,集合住宅,鋼筋混凝土造,94年1月21日,四層,四層 陽台
RPTNMLPKJIGGFCV86DA,17,4.79,集合住宅﹝門廳、騎樓、人行﹞,鋼筋混凝土造,94年1月21日,一層,
RPTNMLPKJIGGFCV86DA,17,4.79,集合住宅﹝門廳、騎樓、人行﹞,鋼筋混凝土造,94年1月21日,一層,
RPTNMLPKJIGGFCV86DA,17,11.41,集合住宅,鋼筋混凝土造,94年1月21日,八層,
RPTNMLPKJIGGFCV86DA,17,11.41,集合住宅,鋼筋混凝土造,94年1月21日,八層,
RPPNMLOKJIGGFDV09DA,24,35.80,商業用,鋼筋混凝土造,87年3月6日,十層,十層 露台
RPPNMLOKJIGGFDV09DA,24,1.18,機房、樓梯,鋼筋混凝土造,87年3月6日,十五層,
RPPNMLOKJIGGFDV09DA,24,7.62,梯間、通道,鋼筋混凝土造,87年3月6日,十五層,
RPPNMLOKJIGGFDV09DA,24,5.87,通道、活動室、樓梯間、門廳、車道、辦公室,鋼筋混凝土造,87年3月6日,十層,
RPQOMLSLIIGGFAV76DA,27,209.38,住家用,鋼筋混凝土造,83年10月28日,四層,一層 二層 三層 四層 陽台
RPPOMLOJJIGGFAV78DA,24,56.34,集合住宅,鋼筋混凝土造,86年9月26日,五層,一層 陽台 花台
RPPOMLOJJIGGFAV78DA,24,11.87,儲藏室、停車空間、蓄水池,鋼筋混凝土造,86年9月26日,五層,
RPPOMLOJJIGGFAV78DA,24,6.48,電梯．樓梯．走廊．水箱．機械房．儲藏室．瞭望台,鋼筋混凝土造,86年9月26日,五層,
RPSNMLMJJIGGFAV78DA,50,77.83,住家用,ＲＣ造,61年4月14日,二層,一層 二層
RPPOMLQLIIGGFAV09DA,41,107.24,住家用,加強磚造,69年5月12日,二層,一層 二層
RPRNMLLMIIGGFAV78DA,35,121.27,住家用,加強磚造,75年11月8日,二層,一層 二層 陽台 屋頂突出物
RPQNMLMLJIGGFBV88DA,26,57.37,住商用,加強磚造,85年3月26日,二層,一層 二層 騎樓
RPPNMLRKIIGGFBV09DA,40,78.18,住家用,鋼筋混凝土加強磚造,70年7月14日,二層,一層 二層
RPSNMLMKJIGGFCV09DA,17,683.03,避難室、停車空間,鋼筋混凝土造,94年1月21日,二層,一層 地下層
RPVNMLMKJIGGFAV56DA,19,156.50,住家用,鋼筋混凝土造,91年5月28日,三層,一層 二層 三層
RPPNMLNLJIGGFDV09DA,28,115.68,住家用,加強磚造,82年4月21日,二層,一層 二層 電梯樓梯間
RPQNMLRKIIGGFBV56DA,40,78.18,住家用,鋼筋混凝土加強磚造,70年7月14日,二層,一層 二層
RPXNMLMLJIGGFAV86DA,27,152.59,住家用,鋼筋混凝土造,83年5月12日,三層,一層 二層 三層 陽台
RPQNMLLMIIGGFAV68DA,26,156.32,鄉村住宅,鋼筋混凝土造,84年5月16日,三層,一層 二層 三層 見其他登記事項
RPVNMLOLJIGGFAV86DA,,250.63,住家用,鋼筋混凝土造,,四層,一層 二層 三層 四層 屋頂突出物 夾層 見其他登記事項
RPPNMLLMIIGGFAV58DA,43,229.52,住家用,加強磚造,67年11月1日,三層,一層 二層 三層 騎樓
RPUNMLOLJIGGFAV76DA,38,118.48,住家用,加強磚造,72年9月23日,二層,一層 二層 騎樓
RPVNMLQLJIGGFAV07DA,23,20.52,樓梯．電梯．汽車昇降梯．門廊．門．走道．樓梯間．機械室．水箱,鋼筋混凝土造,87年12月16日,九層,
RPVNMLQLJIGGFAV07DA,23,14.53,避難室．停車空間．配電室．機械室．汽車昇降電梯．樓梯．電梯,鋼筋混凝土造,87年12月16日,九層,
RPVNMLQLJIGGFAV07DA,23,99.58,集合住宅,鋼筋混凝土造,87年12月16日,九層,四層 陽台
RPXNMLOLJIGGFAV07DA,43,82.98,住家用,加強磚造,67年11月9日,二層,一層 二層
RPPNMLPLJIGGFAV98DA,42,113.14,住家用,加強磚造,68年5月29日,二層,一層 二層 騎樓
RPRNMLPKJIGGFAV09DA,43,93.24,住家用,加強磚造,68年1月24日,二層,一層 二層 騎樓
RPWNMLOJJIGGFAV76DA,28,28.06,集合住宅,鋼筋混凝土造,82年5月22日,十二層,八層 陽台
RPWNMLOJJIGGFAV76DA,28,3.34,共用部份,鋼筋混凝土造,82年5月22日,十二層,
RPWNMLOJJIGGFAV76DA,28,7.04,走廊．電樓梯間接（共同使用部分）,鋼筋混凝土造,82年5月22日,十二層,
RPUNMLSJIIGGFBV96DA,13,52.88,農舍,有牆鋼架造,97年11月1日,一層,一層
RPXNMLKMJIGGFAV76DA,47,53.50,住家用,水泥磚木蓋瓦,63年5月1日,一層,一層
RPPNMLMLJIGGFCV88DA,30,330.51,辦公廳,鋼筋混凝土造,81年2月20日,一層,一層
RPPNMLOLJIGGFAV88DA,41,53.97,住家用,加磚鋼鐵,,一層,一層 騎樓
RPPNMLOLJIGGFAV88DA,41,53.97,住家用,加磚鋼鐵,,一層,一層 騎樓
RPTNMLLJKIGGFAV88DA,26,168.18,住家用,鋼筋混凝土造,85年1月13日,四層,一層 二層 三層 四層 見其他登記事項
RPVNMLPKJIGGFAV86DA,9,188.15,住家用,ＲＣ造,101年6月15日,三層,一層 二層 三層 騎樓 見其他登記事項
RPQNMLOKRHGGFBV07DA,30,188.24,住家用,加強磚造,80年12月13日,二層,一層 二層 陽台 騎樓
RPRNMLMJRHGGFDV07DA,40,99.96,住家用,加強磚造,70年12月2日,二層,一層 二層 騎樓
RPQNMLMLRHGGFCV07DA,38,129.91,住商用,鋼筋混凝土造,72年10月8日,三層,一層 二層 三層 騎樓 電梯樓梯間
RPQNMLMLRHGGFDV17DA,23,35.30,商業用,鋼筋混凝土造,87年3月6日,十五層,四層 陽台
RPQNMLMLRHGGFDV17DA,23,1.12,機房、樓梯,鋼筋混凝土造,87年3月6日,十五層,
RPQNMLMLRHGGFDV17DA,23,7.21,梯間、通道,鋼筋混凝土造,87年3月6日,十五層,
RPQNMLMLRHGGFDV17DA,23,5.57,通道、活動室、樓梯間、門廳、車道、辦公室,鋼筋混凝土造,87年3月6日,十層,
RPSOMLNLRHGGFAV27DA,26,15.76,避難室,鋼筋混凝土造,84年7月6日,四層,
RPSOMLNLRHGGFAV27DA,26,1.05,樓梯間等五項,鋼筋混凝土造,84年7月6日,,
RPSOMLNLRHGGFAV27DA,26,1.04,樓梯間等伍項,鋼筋混凝土造,84年7月6日,,
RPSOMLNLRHGGFAV27DA,26,2.59,樓梯間等伍項,鋼筋混凝土造,84年7月6日,四層,
RPSOMLNLRHGGFAV27DA,26,1.05,樓梯間等伍項,鋼筋混凝土造,84年7月6日,,
RPSOMLNLRHGGFAV27DA,26,1.05,樓梯間,鋼筋混凝土造,84年7月6日,,
RPSOMLNLRHGGFAV27DA,26,1.05,樓梯間,鋼筋混凝土造,84年7月6日,,
RPSOMLNLRHGGFAV27DA,26,1.05,樓梯間,鋼筋混凝土造,84年7月6日,,
RPSOMLNLRHGGFAV27DA,26,1.05,樓梯間,鋼筋混凝土造,84年7月6日,,
RPSOMLNLRHGGFAV27DA,26,1.05,樓梯間,鋼筋混凝土造,84年7月6日,,
RPSOMLNLRHGGFAV27DA,26,1.04,樓梯間,鋼筋混凝土造,84年7月6日,,
RPSOMLNLRHGGFAV27DA,26,1.04,樓梯間等伍項,鋼筋混凝土造,84年7月6日,,
RPSOMLNLRHGGFAV27DA,26,1.04,樓梯間,鋼筋混凝土造,84年7月6日,,
RPSOMLNLRHGGFAV27DA,26,1.04,樓梯間,鋼筋混凝土造,84年7月6日,,
RPSOMLNLRHGGFAV27DA,26,10.44,樓梯間,鋼筋混凝土造,84年7月6日,,
RPSOMLNLRHGGFAV27DA,26,1.05,樓梯間,鋼筋混凝土造,84年7月6日,,
RPSOMLNLRHGGFAV27DA,26,181.64,店舖,鋼筋混凝土造,84年7月6日,四層,一層 二層 陽台 平台 騎樓
RPTOMLNLRHGGFAV37DA,,5.21,樓梯間,鋼筋水泥,,四層,
RPTOMLNLRHGGFAV37DA,38,104.86,集合住宅,鋼筋混凝土造,72年10月4日,四層,二層 陽台
RPPNMLTKRHGGFAV37DA,4,191.31,住宅,ＲＣ造,106年11月22日,三層,一層 二層 三層 見其他登記事項
RPQNMLOLRHGGFAV07DA,25,27.71,集合住宅,鋼筋混凝土造,85年6月28日,九層,七層 花台
RPQNMLOLRHGGFAV07DA,25,5.76,電梯，樓梯共同使用,鋼筋混凝土造,85年6月28日,九層,
RPQNMLOLRHGGFAV07DA,25,3.28,配電室．樓梯．電梯．機械房．通道．水箱．人行共同使用,鋼筋混凝土造,85年6月28日,九層,
RPPNMLRLRHGGFAV27DA,24,56.34,集合住宅,鋼筋混凝土造,86年9月26日,五層,一層 陽台 花台
RPPNMLRLRHGGFAV27DA,24,11.87,儲藏室、停車空間、蓄水池,鋼筋混凝土造,86年9月26日,五層,
RPPNMLRLRHGGFAV27DA,24,6.48,電梯．樓梯．走廊．水箱．機械房．儲藏室．瞭望台,鋼筋混凝土造,86年9月26日,五層,
RPPNMLRLRHGGFDV57DA,27,7.75,樓梯間、機械室、電梯間、屋頂突出物避難室車道,鋼筋混凝土造,83年4月27日,九層,
RPPNMLRLRHGGFDV57DA,27,36.14,走道,鋼筋混凝土造,83年4月27日,九層,
RPPNMLRLRHGGFDV57DA,27,32.91,商業用,鋼筋混凝土造,83年4月27日,九層,五層 陽台
RPRNMLOLRHGGFDV47DA,27,8.62,人行樓梯、電梯．大廳．防空避難室．屋頂突出物　,鋼筋混凝土造,84年1月10日,八層,
RPRNMLOLRHGGFDV47DA,27,34.58,套房,鋼筋混凝土造,84年1月10日,八層,五層
RPRNMLOLRHGGFDV47DA,27,4.64,走廊,鋼筋混凝土造,84年1月10日,八層,
RPWNMLSLRHGGFAV08DA,28,6.27,停車場，樓梯間（共同使用部分）,鋼筋混凝土造,82年5月19日,五層,
RPWNMLSLRHGGFAV08DA,28,2.44,樓梯間．陽台．霧台（共同使用）,鋼筋混凝土造,82年5月19日,五層,
RPWNMLSLRHGGFAV08DA,28,3.12,樓梯間（共同使用）,鋼筋混凝土造,82年5月19日,五層,
RPWNMLSLRHGGFAV08DA,28,.52,屋頂突出物（共同使用）,鋼筋混凝土造,82年5月19日,五層,
RPWNMLSLRHGGFAV08DA,28,60.14,住家用,鋼筋混凝土造,82年5月19日,五層,二層
RPTNMLOLRHGGFDV67DA,27,7.21,人行樓梯、電梯．大廳．防空避難室．屋頂突出物　,鋼筋混凝土造,84年1月10日,八層,
RPTNMLOLRHGGFDV67DA,27,28.85,套房,鋼筋混凝土造,84年1月10日,八層,五層 見其他登記事項
RPTNMLOLRHGGFDV67DA,27,3.31,走廊,鋼筋混凝土造,84年1月10日,八層,
RPPNMLLJIIGGFDV58DA,24,36.32,商業用,鋼筋混凝土造,87年3月6日,十層,九層 陽台
RPPNMLLJIIGGFDV58DA,24,1.17,機房、樓梯,鋼筋混凝土造,87年3月6日,十五層,
RPPNMLLJIIGGFDV58DA,24,7.50,梯間、通道,鋼筋混凝土造,87年3月6日,十五層,
RPPNMLLJIIGGFDV58DA,24,5.77,通道、活動室、樓梯間、門廳、車道、辦公室,鋼筋混凝土造,87年3月6日,十層,
RPPNMLKMRHGGFBV76DA,34,101.74,住家用,加強磚造,76年11月4日,二層,一層 二層 屋頂突出物
RPTNMLRJRHGGFAV47DA,48,44.00,住家用,水泥磚木蓋瓦,62年8月15日,一層,一層 騎樓
RPQNMLOJIIGGFAV68DA,1,177.21,Ｈ２住宅,ＲＣ造,110年3月5日,三層,一層 二層 三層 見其他登記事項
RPVNMLOKRHGGFAV47DA,43,108.35,住家用,加強磚造,67年11月27日,二層,一層 二層 夾層
RPPNMLTLRHGGFBV57DA,10,194.76,農舍,ＲＣ造,100年12月27日,一層,一層
RPPNMLPLRHGGFCV27DA,,101.60,住商用,鐵筋水泥磚,,二層,一層 二層 騎樓
RPRNMLPKRHGGFAV17DA,26,16.60,防空避難室、停車間,鋼骨混凝土造,84年9月26日,七層,
RPRNMLPKRHGGFAV17DA,26,19.70,樓梯、電梯、機械房、水箱,鋼骨混凝土造,84年9月26日,七層,
RPRNMLPKRHGGFAV17DA,26,85.15,集合住宅,鋼骨混凝土造,84年9月26日,七層,六層 陽台 花台
RPSNMLSLRHGGFDV97DA,28,13.54,出租套房（共同使用）．樓梯間．機械房．水箱,鋼筋混凝土造,82年11月8日,八層,
RPSNMLSLRHGGFDV97DA,28,36.90,出租套房,鋼筋混凝土造,82年11月8日,八層,三層 陽台
RPPNMLKMRHGGFDV96DA,28,35.56,出租套房,鋼筋混凝土造,82年11月8日,八層,四層 陽台
RPPNMLKMRHGGFDV96DA,28,13.01,出租套房、通道、停車場、避難室．屋頂突出物,鋼筋混凝土造,82年11月8日,八層,
RPPNMLQJIIGGFCV09EA,,551.75,電影院,鐵筋水泥磚造,,二層,一層 二層
RPTNMLKKRHGGFAV86DA,40,120.09,住家用,加強磚造,71年2月27日,二層,一層 二層 騎樓
RPPNMLOLRHGGFDV27DA,23,35.30,商業用,鋼筋混凝土造,87年3月6日,十五層,十三層 陽台
RPPNMLOLRHGGFDV27DA,23,1.12,機房、樓梯,鋼筋混凝土造,87年3月6日,十五層,
RPPNMLOLRHGGFDV27DA,23,7.21,梯間、通道,鋼筋混凝土造,87年3月6日,十五層,
RPPNMLOLRHGGFDV27DA,23,5.57,通道、活動室、樓梯間、門廳、車道、辦公室,鋼筋混凝土造,87年3月6日,十層,
RPOOMLNLRHGGFAV86DA,29,159.70,住家用,鋼筋混凝土造,81年9月3日,五層,五層
RPOOMLNLRHGGFAV86DA,29,46.13,共用部份,鋼筋混凝土造,81年9月3日,五層,
RPUNMLLJIIGGFAV78DA,25,7.72,共同使用：樓梯．電梯,鋼筋混凝土造,85年6月28日,七層,
RPUNMLLJIIGGFAV78DA,25,4.39,樓梯、電梯、機械房、水箱共同使用,鋼筋混凝土造,85年6月28日,七層,
RPUNMLLJIIGGFAV78DA,25,4.36,車道、水箱、樓梯、機械房配電室共同使用　,鋼筋混凝土造,85年6月28日,七層,
RPUNMLLJIIGGFAV78DA,25,16.01,防空避難室暨停車空間共同使用,鋼筋混凝土造,85年6月28日,七層,
RPUNMLLJIIGGFAV78DA,25,99.19,住家用,鋼筋混凝土造,85年6月28日,七層,三層 陽台
RPPNMLSJIIGGFAV98DA,17,154.71,住家用,鋼筋混凝土造,93年6月10日,三層,一層 二層 三層 見其他登記事項
RPPOMLKKRHGGFAV56DA,17,208.63,住家用,鋼筋混凝土造,93年9月24日,三層,一層 二層 三層 屋頂突出物 見其他登記事項
RPPNMLOKIIGGFAV68DA,48,90.62,住家用,鐵筋水泥磚,63年3月6日,二層,一層 二層 騎樓
RPVNMLNKIIGGFAV56DA,26,78.10,集合住宅,鋼筋混凝土造,84年6月1日,五層,四層 見其他登記事項
RPVNMLNKIIGGFAV56DA,26,9.16,停車空間．兼儲藏室（共同使用）,鋼筋混凝土造,84年6月1日,五層,
RPVNMLNKIIGGFAV56DA,26,10.93,樓梯．通廊．瞭望台．水箱．蓄水池（共同使用）,鋼筋混凝土造,84年6月1日,五層,
RPRNMLSJIIGGFAV56DA,25,177.19,集合住宅,鋼筋混凝土造,85年5月23日,四層,一層 二層 三層 四層 見其他登記事項
RPOOMLSJRHGGFAV17DA,16,184.53,住家用,鋼骨造,94年11月15日,二層,一層 二層
RPQNMLNKIIGGFAV68DA,27,94.81,集合住宅,鋼筋混凝土造,84年2月17日,八層,一層 平台 花台
RPQNMLNKIIGGFAV68DA,27,15.37,防空避難室暨停車空間、配電室,鋼筋混凝土造,84年2月17日,八層,
RPQNMLNKIIGGFAV68DA,27,11.40,車道、警衛室、托兒所、電梯、樓梯,鋼筋混凝土造,84年2月17日,八層,
RPPNMLPKIIGGFAV78DA,85,107.52,住商用,加強磚造,25年5月1日,二層,一層 二層
RPQNMLPKIIGGFAV88DA,76,51.84,店舖及住宅,鐵筋水泥磚造木蓋瓦,34年5月10日,二層,一層 二層
RPQNMLQJIIGGFBV98DA,26,169.93,住商用,鋼筋混凝土造,84年8月22日,四層,一層 二層 三層 四層 陽台 見其他登記事項
RPRNMLKLIIGGFAV58DA,36,133.76,住家用,加強磚造,75年1月25日,二層,一層 二層 陽台
RPPOMLRJIIGGFAV98DA,43,63.92,住家用,水泥磚木蓋瓦,67年6月30日,一層,一層
RPPNMLLLRHGGFAV66DA,42,103.52,住家用,鋼筋混凝土造,69年3月15日,二層,一層 二層
RPTNMLPLIIGGFAV66DA,15,204.47,住家用,ＲＣ造,96年1月8日,三層,一層 二層 三層 見其他登記事項
RPSNMLPKIIGGFAV09DA,27,197.04,停車．空間住宅,鋼筋混凝土造,84年1月28日,五層,一層 二層 三層 四層 五層 見其他登記事項
RPQNMLMLRHGGFAV86DA,41,100.83,住家用,加強磚造,69年12月9日,二層,一層 二層 騎樓
RPOOMLKKRHGGFAV09DA,45,112.36,住家用,加強磚造,65年12月28日,二層,一層 二層 騎樓
RPUNMLPLIIGGFAV76DA,28,28.00,集合住宅,鋼筋混凝土造,82年10月26日,六層,五層
RPUNMLPLIIGGFAV76DA,28,11.62,電梯間、樓梯間、避難室、走道,鋼筋混凝土造,82年10月26日,六層,
RPRNMLTKIIGGFAV76DA,41,104.40,住家用,加強磚造,69年10月8日,二層,一層 二層
RPQNMLMJIIGGFAV48DA,27,217.98,住家用,鋼筋混凝土造,83年8月9日,四層,一層 二層 三層 四層 見其他登記事項
RPVNMLQJIIGGFAV76DA,39,92.15,住家用,加強磚造,71年12月24日,二層,一層 二層
RPTNMLOJJIGGFAV09DA,44,41.43,住家用,磚木蓋瓦,66年7月1日,一層,一層
RPTNMLNKIIGGFAV98DA,14,278.90,住家用,ＲＣ造,96年5月3日,三層,一層 二層 三層
RPQNMLPJJIGGFBV98DA,57,38.00,住家用,木石磚造（磚石造）,53年4月28日,一層,一層
RPQNMLRJIIGGFAV98DA,26,168.18,住家用,鋼筋混凝土造,85年1月13日,四層,一層 二層 三層 四層 見其他登記事項
RPPNMLPKJIGGFBV98DA,32,86.10,住家用,磚造,79年1月10日,一層,一層 騎樓
RPUNMLRLIIGGFAV96DA,28,4.33,避難室．機械室．共同使用,鋼筋混凝土造,82年12月3日,四層,
RPUNMLRLIIGGFAV96DA,28,.48,樓梯間．共同使用,鋼筋混凝土造,82年12月3日,四層,
RPUNMLRLIIGGFAV96DA,28,.48,樓梯間．公同使用,鋼筋混凝土造,82年12月3日,四層,
RPUNMLRLIIGGFAV96DA,28,.48,樓梯間．公同使用,鋼筋混凝土造,82年12月3日,四層,
RPUNMLRLIIGGFAV96DA,28,.48,樓梯間．公同使用,鋼筋混凝土造,82年12月3日,四層,
RPUNMLRLIIGGFAV96DA,28,.48,樓梯間．公同使用,鋼筋混凝土造,82年12月3日,四層,
RPUNMLRLIIGGFAV96DA,28,.48,樓梯間．公同使用,鋼筋混凝土造,82年12月3日,四層,
RPUNMLRLIIGGFAV96DA,28,.48,樓梯間．公同使用,鋼筋混凝土造,82年12月3日,四層,
RPUNMLRLIIGGFAV96DA,28,.48,樓梯間．公同使用,鋼筋混凝土造,82年12月3日,四層,
RPUNMLRLIIGGFAV96DA,28,1.33,樓梯間．公同使用,鋼筋混凝土造,82年12月3日,四層,
RPUNMLRLIIGGFAV96DA,28,1.33,樓梯間．公同使用,鋼筋混凝土造,82年12月3日,四層,
RPUNMLRLIIGGFAV96DA,28,.50,樓梯間．公同使用,鋼筋混凝土造,82年12月3日,四層,
RPUNMLRLIIGGFAV96DA,28,.50,樓梯間．公同使用,鋼筋混凝土造,82年12月3日,四層,
RPUNMLRLIIGGFAV96DA,28,.50,樓梯間．公同使用,鋼筋混凝土造,82年12月3日,四層,
RPUNMLRLIIGGFAV96DA,28,6.88,避難室．機械室．公同使用,鋼筋混凝土造,82年12月3日,四層,
RPUNMLRLIIGGFAV96DA,28,.48,樓梯間．公同使用,鋼筋混凝土造,82年12月3日,四層,
RPUNMLRLIIGGFAV96DA,28,.48,樓梯間．屋頂突出物．公同使用,鋼筋混凝土造,82年12月3日,四層,
RPUNMLRLIIGGFAV96DA,28,.48,樓梯間．公同使用,鋼筋混凝土造,82年12月3日,四層,
RPUNMLRLIIGGFAV96DA,28,.48,樓梯間．屋頂突出物．公同使用,鋼筋混凝土造,82年12月3日,四層,
RPUNMLRLIIGGFAV96DA,28,.48,樓梯間．公同使用,鋼筋混凝土造,82年12月3日,四層,
RPUNMLRLIIGGFAV96DA,28,.48,樓梯間．屋頂突出物．公同使用,鋼筋混凝土造,82年12月3日,四層,
RPUNMLRLIIGGFAV96DA,28,.48,樓梯間．屋頂突出物．公同使用,鋼筋混凝土造,82年12月3日,四層,
RPUNMLRLIIGGFAV96DA,28,.48,樓梯間．屋頂突出物．公同使用,鋼筋混凝土造,82年12月3日,四層,
RPUNMLRLIIGGFAV96DA,28,.48,樓梯間．公同使用,鋼筋混凝土造,82年12月3日,四層,
RPUNMLRLIIGGFAV96DA,28,.48,樓梯間．屋頂突出物．公同使用,鋼筋混凝土造,82年12月3日,四層,
RPUNMLRLIIGGFAV96DA,28,.48,樓梯間．屋頂突出物．公同使用,鋼筋混凝土造,82年12月3日,四層,
RPUNMLRLIIGGFAV96DA,28,.48,樓梯間．屋頂突出物．公同使用,鋼筋混凝土造,82年12月3日,四層,
RPUNMLRLIIGGFAV96DA,28,.48,樓梯間．屋頂突出物．公同使用,鋼筋混凝土造,82年12月3日,四層,
RPUNMLRLIIGGFAV96DA,28,.48,樓梯間．屋頂突出物．公同使用,鋼筋混凝土造,82年12月3日,四層,
RPUNMLRLIIGGFAV96DA,28,.50,樓梯間．屋頂突出物．公同使用,鋼筋混凝土造,82年12月3日,四層,
RPUNMLRLIIGGFAV96DA,28,.50,樓梯間．屋頂突出物．公同使用,鋼筋混凝土造,82年12月3日,四層,
RPUNMLRLIIGGFAV96DA,28,.50,樓梯間．屋頂突出物．公同使用,鋼筋混凝土造,82年12月3日,四層,
RPUNMLRLIIGGFAV96DA,28,.50,樓梯間．屋頂突出物．公同使用,鋼筋混凝土造,82年12月3日,四層,
RPUNMLRLIIGGFAV96DA,28,.50,樓梯間．屋頂突出物．公同使用,鋼筋混凝土造,82年12月3日,四層,
RPUNMLRLIIGGFAV96DA,28,204.77,住商用,鋼筋混凝土造,82年12月3日,四層,一層 二層 陽台 平台 騎樓
RPSNMLQKRHGGFAV37DA,,199.14,集合住宅,ＲＣ造,110年3月9日,三層,一層 二層 三層 見其他登記事項 見其他登記事項
RPRNMLSKJIGGFAV76DA,49,51.16,住家用,水泥磚木蓋瓦,61年11月1日,一層,一層 騎樓
RPPNMLNLJIGGFAV78DA,28,167.14,住家用,鋼筋混凝土造,83年3月24日,三層,一層 二層 三層 陽台
RPSNMLLJKIGGFAV78DA,40,212.43,住宅．避難室,鋼筋混凝土加強磚造,70年8月13日,三層,一層 二層 三層 騎樓 地下層
RPPNMLOLQHGGFDV17DA,27,8.62,人行樓梯、電梯．大廳．防空避難室．屋頂突出物　,鋼筋混凝土造,84年1月10日,八層,
RPPNMLOLQHGGFDV17DA,27,4.89,走廊,鋼筋混凝土造,84年1月10日,八層,
RPPNMLOLQHGGFDV17DA,27,34.68,套房,鋼筋混凝土造,84年1月10日,八層,二層
RPQNMLOLQHGGFDV27DA,27,7.92,人行樓梯、電梯．大廳．防空避難室．屋頂突出物　,鋼筋混凝土造,84年1月10日,八層,
RPQNMLOLQHGGFDV27DA,27,4.47,走廊,鋼筋混凝土造,84年1月10日,八層,
RPQNMLOLQHGGFDV27DA,27,31.50,套房,鋼筋混凝土造,84年1月10日,八層,二層
RPPNMLPJRHGGFAV86DA,40,107.67,住家用,加強磚造,70年4月21日,二層,一層 二層 陽台
RPXOMLQJRHGGFAV87DA,26,10.10,通廊．電梯．汽車昇降孔．共同使用,鋼筋混凝土造,84年5月17日,七層,
RPXOMLQJRHGGFAV87DA,26,4.32,防空．避難室．停車空間．共同使用,鋼筋混凝土造,84年5月17日,七層,
RPXOMLQJRHGGFAV87DA,26,19.20,集合住宅,鋼筋混凝土造,84年5月17日,七層,五層
RPQNMLLMQHGGFDV07DA,28,35.56,出租套房,鋼筋混凝土造,82年11月8日,八層,四層 陽台
RPQNMLLMQHGGFDV07DA,28,13.01,出租套房、通道、停車場、避難室．屋頂突出物,鋼筋混凝土造,82年11月8日,八層,
RPSNMLRJRHGGFAV37DA,26,8.80,避難室,鋼筋混凝土造,84年7月6日,四層,
RPSNMLRJRHGGFAV37DA,26,.59,樓梯間等五項,鋼筋混凝土造,84年7月6日,,
RPSNMLRJRHGGFAV37DA,26,.58,樓梯間等伍項,鋼筋混凝土造,84年7月6日,,
RPSNMLRJRHGGFAV37DA,26,1.45,樓梯間等伍項,鋼筋混凝土造,84年7月6日,四層,
RPSNMLRJRHGGFAV37DA,26,.59,樓梯間等伍項,鋼筋混凝土造,84年7月6日,,
RPSNMLRJRHGGFAV37DA,26,.59,樓梯間,鋼筋混凝土造,84年7月6日,,
RPSNMLRJRHGGFAV37DA,26,.59,樓梯間,鋼筋混凝土造,84年7月6日,,
RPSNMLRJRHGGFAV37DA,26,.59,樓梯間,鋼筋混凝土造,84年7月6日,,
RPSNMLRJRHGGFAV37DA,26,.59,樓梯間,鋼筋混凝土造,84年7月6日,,
RPSNMLRJRHGGFAV37DA,26,.59,樓梯間,鋼筋混凝土造,84年7月6日,,
RPSNMLRJRHGGFAV37DA,26,.58,樓梯間,鋼筋混凝土造,84年7月6日,,
RPSNMLRJRHGGFAV37DA,26,.58,樓梯間等伍項,鋼筋混凝土造,84年7月6日,,
RPSNMLRJRHGGFAV37DA,26,.58,樓梯間,鋼筋混凝土造,84年7月6日,,
RPSNMLRJRHGGFAV37DA,26,.58,樓梯間,鋼筋混凝土造,84年7月6日,,
RPSNMLRJRHGGFAV37DA,26,.58,樓梯間,鋼筋混凝土造,84年7月6日,,
RPSNMLRJRHGGFAV37DA,26,.59,樓梯間,鋼筋混凝土造,84年7月6日,,
RPSNMLRJRHGGFAV37DA,26,102.49,集合住宅,鋼筋混凝土造,84年7月6日,四層,二層 陽台
RPRNMLPJRHGGFAV07DA,37,109.80,住家用,加強磚造,73年10月17日,二層,一層 二層 陽台 平台
RPOPMLKKQHGGFAV09DA,31,141.35,住家用,鋼筋混凝土造,79年5月11日,三層,一層 二層 三層 夾層
RPROMLNLQHGGFAV07DA,40,100.80,住家用,加強磚造,70年8月25日,二層,一層 二層
RPQNMLNKRHGGFAV86DA,27,200.30,停車空間．住宅,鋼筋混凝土造,84年1月28日,五層,一層 二層 三層 四層 五層 見其他登記事項
RPTNMLNKRHGGFAV17DA,39,120.45,住家用,加強磚造,71年2月18日,一層,一層 廚房
RPXNMLOLQHGGFAV67DA,41,83.70,住家用,加強磚造,69年7月5日,二層,一層 二層
RPQNMLPJRHGGFAV96DA,,101.52,,加強磚造,73年2月0日,二層,一層 二層 陽台 騎樓
RPROMLQKQHGGFAV27DA,29,137.84,住家用,鋼筋混凝土造,81年3月24日,三層,一層 二層 三層
RPQNMLTKQHGGFAV37DA,44,112.14,住家用,鋼筋水泥加強磚造,66年10月3日,二層,一層 二層 騎樓
RPPNMLOJRHGGFAV76DA,,14.92,汽車昇降機間．避難室停車場,鋼筋混凝土造,,一層,
RPPNMLOJRHGGFAV76DA,40,16.57,公共通道及水塔,鋼筋混凝土造,70年10月21日,七層,
RPPNMLOJRHGGFAV76DA,40,92.00,住家用,鋼筋混凝土造,70年10月21日,七層,七層 陽台
RPPNMLRJRHGGFAV07DA,27,110.35,集合住宅　　,鋼筋混凝土造,84年2月17日,八層,一層 平台 花台
RPPNMLRJRHGGFAV07DA,27,19.35,防空避難室暨停車空間、配電室,鋼筋混凝土造,84年2月17日,八層,
RPPNMLRJRHGGFAV07DA,27,14.08,車道、警衛室、托兒所、電梯、樓梯,鋼筋混凝土造,84年2月17日,八層,
RPQNMLPKRHGGFCV27DA,11,325.88,Ｈ２自用農舍,鋼筋混凝土造,99年7月26日,一層,一層
RPSNMLOKRHGGFAV17DA,6,260.99,住宅、樓梯間,ＲＣ造,104年10月21日,三層,一層 二層 三層 屋頂突出物 見其他登記事項
RPQOMLKKRHGGFAV66DA,28,174.91,住家用,鋼筋混凝土造,82年12月15日,三層,一層 二層 三層 陽台 騎樓
RPTNMLLJRHGGFAV86DA,43,131.86,住家用,加強磚造,67年11月22日,二層,一層 二層
RPWNMLQLQHGGFAV77DA,46,226.32,住家用,鐵筋水泥磚,64年8月12日,三層,一層 二層 三層 騎樓 地下層
RPPNMLTJRHGGFDV57DA,23,40.71,商業用,鋼筋混凝土造,87年3月6日,十五層,十二層 陽台
RPPNMLTJRHGGFDV57DA,23,1.31,機房、樓梯,鋼筋混凝土造,87年3月6日,十五層,
RPPNMLTJRHGGFDV57DA,23,8.54,梯間、通道,鋼筋混凝土造,87年3月6日,十五層,
RPPNMLTJRHGGFDV57DA,23,6.53,通道、活動室、樓梯間、門廳、車道、辦公室,鋼筋混凝土造,87年3月6日,十層,
RPPNMLNKQHGGFAV66DA,26,134.32,住家用,鋼筋混凝土造,84年10月26日,三層,一層 二層 三層 陽台
RPROMLSJRHGGFAV47DA,,108.06,Ｈ２集合住宅,ＲＣ造,110年5月12日,四層,二層 見其他登記事項
RPROMLSJRHGGFAV47DA,,24.96,Ｈ２集合住宅、樓梯間、機房（公共設施）,ＲＣ造,110年5月12日,四層,
RPXNMLQKRHGGFAV87DA,28,11.77,停車場，樓梯間（共同使用部分）,鋼筋混凝土造,82年5月19日,五層,
RPXNMLQKRHGGFAV87DA,28,4.57,樓梯間．陽台．霧台（共同使用）,鋼筋混凝土造,82年5月19日,五層,
RPXNMLQKRHGGFAV87DA,28,5.86,樓梯間（共同使用）,鋼筋混凝土造,82年5月19日,五層,
RPXNMLQKRHGGFAV87DA,28,.98,屋頂突出物（共同使用）,鋼筋混凝土造,82年5月19日,五層,
RPXNMLQKRHGGFAV87DA,28,68.44,住家用,鋼筋混凝土造,82年5月19日,五層,五層 陽台
RPQNMLMLRHGGFBV96DA,25,120.51,鄉村住宅,鋼筋混凝土造,85年11月20日,三層,一層 二層 三層 陽台
RPRNMLMLRHGGFAV96DA,38,94.01,集合住宅,鋼筋混凝土造,72年10月19日,四層,一層 平台
RPRNMLMLRHGGFAV96DA,,4.78,樓梯間,鋼筋水泥,,四層,
RPVNMLQJRHGGFAV57DA,,70.63,Ｈ２集合住宅,鋼筋混凝土造,110年6月24日,五層,二層 見其他登記事項
RPVNMLQJRHGGFAV57DA,,29.84,詳共有部分,鋼筋混凝土造,110年6月24日,五層,
RPQOMLNLRHGGFAV07DA,43,81.22,住家用,加強磚造,67年11月9日,二層,一層 二層
RPVNMLSLRHGGFAV97DA,26,156.32,鄉村住宅,鋼筋混凝土造,84年5月16日,三層,一層 二層 三層 見其他登記事項
RPOOMLLJRHGGFAV09DA,27,170.13,住商用,鋼筋混凝土造,83年5月11日,四層,一層 二層 三層 四層 騎樓
RPRNMLKMRHGGFAV86DA,1,205.57,Ｈ２住宅、樓梯間,ＲＣ造,109年6月3日,三層,一層 二層 三層 見其他登記事項 見其他登記事項
RPTNMLQKRHGGFAV47DA,,106.41,住家用,磚造,,一層,一層
RPSNMLTKQHGGFAV57DA,27,12.48,避難室，電梯．樓梯．地下室．通廊共同使用,鋼筋混凝土造,83年4月19日,十四層,
RPSNMLTKQHGGFAV57DA,27,87.03,集合住宅,鋼筋混凝土造,83年4月19日,十四層,一層 平台
RPWNMLTLRHGGFCV48EA,14,224.38,Ｈ２自用農舍、自產農產品加工室（第一次增建部分）,有牆鋼鐵造,96年3月6日,一層,一層
RPQOMLLMQHGGFAV86DA,26,47.98,車道,鋼筋混凝土造,84年12月11日,三層,
RPQOMLLMQHGGFAV86DA,26,374.39,車庫、住宅,鋼筋混凝土造,84年12月11日,三層,一層 二層 三層 地下層 見其他登記事項
RPPNMLRJIIGGFDV56DA,34,153.97,自用農舍,磚木造,76年8月17日,一層,一層
RPOOMLNKIIGGFAV58DA,6,179.23,住家用,ＲＣ造,104年10月16日,三層,一層 二層 三層 見其他登記事項
RPUNMLKLIIGGFAV98EA,,108.06,Ｈ２集合住宅,ＲＣ造,110年5月12日,四層,三層 見其他登記事項
RPUNMLKLIIGGFAV98EA,,24.96,Ｈ２集合住宅、樓梯間、機房（公共設施）,ＲＣ造,110年5月12日,四層,
RPPNMLLKIIGGFAV38DA,42,80.92,住家用,加強磚造,68年8月13日,二層,一層 二層
RPPNMLSLIIGGFDV86DA,23,35.80,商業用,鋼筋混凝土造,87年3月6日,十層,九層 露台
RPPNMLSLIIGGFDV86DA,23,1.18,機房、樓梯,鋼筋混凝土造,87年3月6日,十五層,
RPPNMLSLIIGGFDV86DA,23,7.62,梯間、通道,鋼筋混凝土造,87年3月6日,十五層,
RPPNMLSLIIGGFDV86DA,23,5.87,通道、活動室、樓梯間、門廳、車道、辦公室,鋼筋混凝土造,87年3月6日,十層,
RPQNMLSLIIGGFAV66DA,12,118.80,自用農舍,有牆鋼筋造,98年3月27日,一層,一層 走廊
RPSNMLSJRHGGFAV47DA,26,156.32,鄉村住宅,鋼筋混凝土造,84年5月16日,三層,一層 二層 三層 見其他登記事項
RPPNMLOKIIGGFBV78DA,37,135.39,住家用,加強磚造,74年2月15日,二層,一層 二層
RPWNMLTKPHGGFAV87DA,26,109.58,集合住宅,鋼筋混凝土造,84年2月17日,八層,三層 陽台 花台
RPWNMLTKPHGGFAV87DA,26,19.35,防空避難室暨停車空間、配電室,鋼筋混凝土造,84年2月17日,八層,
RPWNMLTKPHGGFAV87DA,26,14.08,車道、警衛室、托兒所、電梯、樓梯,鋼筋混凝土造,84年2月17日,八層,
RPXNMLKKRHGGFAV27DA,,82.50,住商用,鐵筋水泥磚造,,二層,一層 二層
RPXNMLKKRHGGFAV27DA,,27.93,住家用,木造,,一層,一層
RPWNMLMLPHGGFAV27DA,41,107.24,住家用,加強磚造,69年5月12日,二層,一層 二層
RPSNMLMKPHGGFAV76DA,,163.94,Ｈ２住宅,ＲＣ造,110年2月5日,三層,一層 二層 三層 見其他登記事項
RPWNMLLMQHGGFAV37DA,,200.53,Ｈ２住宅、樓梯間,鋼筋混凝土造,110年7月13日,三層,一層 二層 三層 見其他登記事項 見其他登記事項
RPPOMLSJRHGGFAV27DA,,124.81,Ｈ２集合住宅,ＲＣ造,110年5月12日,四層,三層 四層 見其他登記事項
RPPOMLSJRHGGFAV27DA,,28.98,Ｈ２集合住宅、樓梯間、機房（公共設施）,ＲＣ造,110年5月12日,四層,
RPQOMLSJRHGGFAV37DA,,103.44,Ｈ２集合住宅,ＲＣ造,110年5月12日,四層,一層
RPQOMLSJRHGGFAV37DA,,23.99,Ｈ２集合住宅、樓梯間、機房（公共設施）,ＲＣ造,110年5月12日,四層,
RPSNMLRLQHGGFAV47DA,28,339.13,住家用,鋼筋混凝土造,82年3月22日,三層,一層 二層 三層 屋頂突出物 騎樓
RPRNMLPKRHGGFBV27DA,,24.72,Ｃ２農業資材室,有牆鋼架造,95年12月6日,一層,一層
RPQNMLRJRHGGFAV17DA,,70.68,Ｈ２集合住宅,ＲＣ造,110年5月12日,四層,二層 見其他登記事項
RPQNMLRJRHGGFAV17DA,,16.42,Ｈ２集合住宅、樓梯間、機房（公共設施）,ＲＣ造,110年5月12日,四層,
RPVNMLRJRHGGFAV67DA,,70.68,Ｈ２集合住宅,ＲＣ造,110年5月12日,四層,一層 見其他登記事項
RPVNMLRJRHGGFAV67DA,,16.42,Ｈ２集合住宅、樓梯間、機房（公共設施）,ＲＣ造,110年5月12日,四層,
RPUOMLQJRHGGFAV57DA,,70.63,Ｈ２集合住宅,鋼筋混凝土造,110年6月24日,五層,三層 見其他登記事項
RPUOMLQJRHGGFAV57DA,,31.08,詳共有部分,鋼筋混凝土造,110年6月24日,五層,
RPPNMLTJRHGGFAV27DA,24,174.46,住家用,鋼筋混凝土造,86年12月20日,三層,一層 二層 三層 陽台 平台
RPOOMLQJRHGGFAV96DA,,70.63,Ｈ２集合住宅,鋼筋混凝土造,110年6月24日,五層,五層 見其他登記事項
RPOOMLQJRHGGFAV96DA,,31.08,詳共有部分,鋼筋混凝土造,110年6月24日,五層,
RPQOMLQJRHGGFAV17DA,,70.63,Ｈ２集合住宅,鋼筋混凝土造,110年6月24日,五層,四層 見其他登記事項
RPQOMLQJRHGGFAV17DA,,29.84,詳共有部分,鋼筋混凝土造,110年6月24日,五層,
RPSOMLQJRHGGFAV37DA,,34.93,Ｈ２集合住宅,鋼筋混凝土造,110年6月24日,五層,三層 見其他登記事項
RPXNMLQJRHGGFAV77DA,,70.73,Ｈ２集合住宅,鋼筋混凝土造,110年6月24日,五層,二層 見其他登記事項
RPXNMLQJRHGGFAV77DA,,29.84,詳共有部分,鋼筋混凝土造,110年6月24日,五層,
RPSOMLQJRHGGFAV37DA,,14.88,詳共有部分,鋼筋混凝土造,110年6月24日,五層,
RPPOMLQJRHGGFAV07DA,,70.73,Ｈ２集合住宅,鋼筋混凝土造,110年6月24日,五層,四層 見其他登記事項
RPPOMLQJRHGGFAV07DA,,31.08,詳共有部分,鋼筋混凝土造,110年6月24日,五層,
RPUNMLQJRHGGFAV47DA,,70.73,Ｈ２集合住宅,鋼筋混凝土造,110年6月24日,五層,三層 見其他登記事項
RPUNMLQJRHGGFAV47DA,,29.84,詳共有部分,鋼筋混凝土造,110年6月24日,五層,
RPTOMLQJRHGGFAV47DA,,34.93,Ｈ２集合住宅,鋼筋混凝土造,110年6月24日,五層,二層 見其他登記事項
RPTOMLQJRHGGFAV47DA,,14.88,詳共有部分,鋼筋混凝土造,110年6月24日,五層,
RPROMLQJRHGGFAV27DA,,34.92,Ｈ２集合住宅,鋼筋混凝土造,110年6月24日,五層,一層 見其他登記事項
RPROMLQJRHGGFAV27DA,,14.88,詳共有部分,鋼筋混凝土造,110年6月24日,五層,
RPRNMLOLRHGGFAV17DA,24,237.35,鄉村住宅,鋼筋混凝土造,86年11月11日,三層,一層 二層 三層 陽台 平台
RPQNMLKMRHGGFAV76DA,,169.49,Ｈ２住宅,ＲＣ造,110年5月13日,三層,一層 二層 三層 見其他登記事項
RPXNMLNKIIGGFAV76DA,1,205.61,Ｈ２住宅、樓梯間,ＲＣ造,109年6月3日,三層,一層 二層 三層 見其他登記事項 見其他登記事項
RPVNMLMJJIGGFAV09DA,,167.00,Ｈ２住宅,ＲＣ造,110年5月13日,三層,一層 二層 三層 見其他登記事項
RPTNMLKMJIGGFAV98DA,,169.42,Ｈ２住宅,ＲＣ造,110年5月13日,三層,一層 二層 三層 見其他登記事項
RPQNMLRLRHGGFAV37DA,,166.09,Ｈ２住宅,ＲＣ造,110年5月13日,三層,一層 二層 三層 見其他登記事項
RPUNMLTLJIGGFAV27DA,,167.00,Ｈ２住宅,ＲＣ造,110年5月13日,三層,一層 二層 三層 見其他登記事項
RPVOMLQJRHGGFAV67DA,,70.73,Ｈ２集合住宅,見其他登記事項,110年6月24日,五層,五層 見其他登記事項
RPVOMLQJRHGGFAV67DA,,31.08,詳共有部分,鋼筋混凝土造,110年6月24日,五層,
RPTNMLPJIIGGFAV09DA,1,55.72,Ｈ２集合住宅,ＲＣ造,109年7月24日,五層,見其他登記事項 見其他登記事項
RPTNMLPJIIGGFAV09DA,1,19.98,共用部份,ＲＣ造,109年7月24日,五層,
RPQNMLQKRHGGFAV17DA,,188.16,Ｈ２住宅,ＲＣ造,110年5月28日,三層,一層 二層 三層 見其他登記事項
RPUNMLLJPHGGFAV76DA,42,216.61,住商用,鋼筋混凝土造,68年3月16日,四層,一層 二層 三層 四層 騎樓
RPQNMLRJIIGGFDV66DA,48,54.83,住家用,木石磚造（磚石造）,62年2月1日,一層,一層
RPOOMLLMQHGGFAV66DA,,193.05,Ｈ２住宅、樓梯間,鋼筋混凝土造,110年7月13日,三層,一層 二層 三層 見其他登記事項 見其他登記事項
RPQNMLPJIIGGFBV88DA,27,174.80,鄉村住宅,鋼筋混凝土造,83年11月24日,三層,一層 二層 三層 陽台
RPUNMLQKJIGGFAV86DA,,119.66,Ｈ２住宅,ＲＣ造,110年9月6日,三層,一層 二層 三層 見其他登記事項
RPOOMLTLRHGGFAV47DA,41,118.41,住家用,加強磚造,68年7月25日,二層,一層 二層
RPTNMLOJIIGGFAV98DA,,167.72,Ｈ２住宅,鋼筋混凝土造,110年7月28日,三層,一層 二層 三層 見其他登記事項
RPTNMLSKIIGGFAV86DA,,194.45,Ｈ２住宅,ＲＣ造,110年8月30日,三層,一層 二層 三層 見其他登記事項
RPSNMLSKIIGGFAV76DA,,221.27,Ｈ２住宅、樓梯間,ＲＣ造,110年8月30日,三層,一層 二層 三層 見其他登記事項 見其他登記事項
RPRNMLSKIIGGFAV66DA,,219.25,Ｈ２住宅、樓梯間,ＲＣ造,110年8月30日,三層,一層 二層 三層 見其他登記事項 見其他登記事項
RPRNMLQKRHGGFAV27DA,,137.84,Ｈ２集合住宅、停車空間,鋼筋混凝土造,110年4月19日,三層,一層 二層 三層 見其他登記事項
RPUNMLNLRHGGFAV37DA,,195.10,Ｈ２住宅,ＲＣ造,110年7月26日,三層,一層 二層 三層 見其他登記事項
RPSNMLPJIIGGFAV98DA,,195.12,Ｈ２住宅,ＲＣ造,110年7月26日,三層,一層 二層 三層 見其他登記事項
RPPOMLQKRHGGFAV17DA,,207.64,Ｈ２住宅、樓梯間,鋼筋混凝土造,110年7月13日,三層,一層 二層 三層 見其他登記事項 見其他登記事項
RPRNMLRLRHGGFAV47DA,,189.64,Ｈ２住宅,鋼筋混凝土造,110年7月28日,三層,一層 二層 三層 見其他登記事項
RPWNMLNLRHGGFAV57DA,,193.75,Ｈ２住宅,ＲＣ造,110年7月26日,三層,一層 二層 三層 見其他登記事項
RPRNMLTJJIGGFAV76DA,,194.24,Ｈ２住宅,ＲＣ造,110年7月26日,三層,一層 二層 三層 見其他登記事項
RPXNMLNLRHGGFAV67DA,,197.61,Ｈ２住宅,ＲＣ造,110年7月26日,三層,一層 二層 三層 見其他登記事項
RPSNMLNLRHGGFAV17DA,,198.66,Ｈ２住宅,ＲＣ造,110年7月26日,三層,一層 二層 三層 見其他登記事項
RPQNMLKKRHGGFAV56DA,,204.23,Ｈ２住宅、樓梯間,鋼筋混凝土造,110年7月13日,三層,一層 二層 三層 見其他登記事項 見其他登記事項
RPXNMLLMQHGGFAV47DA,,204.75,Ｈ２住宅、樓梯間,鋼筋混凝土造,110年7月13日,三層,一層 二層 三層 見其他登記事項 見其他登記事項
RPUNMLLMQHGGFAV17DA,,263.21,Ｈ２住宅,鋼筋混凝土造,110年7月13日,四層,一層 二層 三層 四層 見其他登記事項
RPPNMLQKRHGGFAV07DA,,144.75,Ｈ２集合住宅、停車空間,鋼筋混凝土造,110年4月19日,三層,一層 二層 三層 見其他登記事項
RPPOMLSLRHGGFAV47DA,,142.32,Ｈ２集合住宅、停車空間,鋼筋混凝土造,110年4月19日,三層,一層 二層 三層 見其他登記事項
RPXNMLSLRHGGFAV18DA,,133.65,Ｈ２集合住宅、停車空間,鋼筋混凝土造,110年4月19日,三層,一層 二層 三層 見其他登記事項
RPPNMLPLIIGGFAV98EA,20,89.60,店舖．人行．集合住宅,鋼筋混凝土造,87年10月14日,七層,一層 二層 陽台 平台 騎樓
RPPNMLPLIIGGFAV98EA,20,13.33,樓梯．電梯．走道．機械房．水塔,鋼筋混凝土造,87年10月14日,七層,
RPPNMLPLIIGGFAV98EA,20,20.17,防空避難室．停車空間．樓梯．電梯．走道．機械室．受電室（共同使用）,鋼筋混凝土造,87年10月14日,七層,
RPVNMLLMQHGGFAV27DA,,173.27,Ｈ２住宅,鋼筋混凝土造,110年7月13日,三層,一層 二層 三層 見其他登記事項
RPOOMLSLRHGGFAV37DA,,140.97,Ｈ２集合住宅、停車空間,鋼筋混凝土造,110年4月19日,三層,一層 二層 三層 見其他登記事項
RPWNMLNKIIGGFAV66DA,,134.36,Ｈ２集合住宅、停車空間,鋼筋混凝土造,110年4月19日,三層,一層 二層 三層 見其他登記事項
