﻿編號,屋齡,建物移轉面積平方公尺,主要用途,主要建材,建築完成日期,總層數,建物分層
The serial number,room age,building shifting area square meter,the main use,main building materials,construction completes the date,total layer,building lamination
RPUNMLMJJIGGFAW09DA,9,80.96,集合住宅,鋼筋混凝土造,102年3月19日,三層,三層 陽台 雨遮
RPUNMLMJJIGGFAW09DA,9,9.39,共有部分：本共有部分之項目有樓梯間１項。,鋼筋混凝土造,102年3月19日,三層,
RPSNMLTJJIGGFAW96DA,,124.59,集合住宅,鋼筋混凝土造,110年7月8日,四層,一層 陽台
RPSNMLTJJIGGFAW96DA,,21.04,集合住宅：本共有部分之項目計有儲藏、無障礙電梯、梯廳、樓梯間、水箱等５項。,鋼筋混凝土造,110年7月8日,四層,
RPUNMLKKJIGGFAW98DA,5,1413.87,畜牧設施（室內養雞場）,鋼筋混凝土構造，鋼鐵構造有牆,106年5月5日,一層,一層
RPQNMLLJKIGGFAW68DA,4,41.79,集合住宅,鋼筋混凝土造,107年3月30日,三層,一層 陽台
RPQNMLLJKIGGFAW68DA,4,2.13,共有部分：本共有部分之項目有梯間、梯廳及無障礙坡道等３項。,鋼筋混凝土造,107年3月30日,三層,
RPRNMLTJKIGGFAW96DA,2,100.90,集合住宅,鋼筋混凝土造,108年6月24日,五層,一層 陽台
RPRNMLTJKIGGFAW96DA,2,12.63,共有部分：本共有部分之項目有無障礙電梯、梯間及梯廳等３項。,鋼筋混凝土造,108年6月24日,五層,
RPTPMLQKJIGGFAW17EA,24,430.65,住家用,鋼筋混凝土加強磚造,86年7月25日,三層,一層 二層 三層 陽台 平台
RPQNMLPKJIGGFAW09DA,4,49.26,集合住宅,鋼筋混凝土造,106年10月30日,三層,三層 陽台
RPQNMLPKJIGGFAW09DA,4,5.99,共有部分：本共有部分之項目有樓梯間１項。,鋼筋混凝土造,106年10月30日,三層,
RPSNMLRKJIGGFAW96EA,1,63.44,集合住宅,鋼筋混凝土造,109年12月23日,五層,二層 陽台
RPSNMLRKJIGGFAW96EA,1,13.46,集合住宅：本共有部分之項目計有安全梯、梯廳、梯坑、無障礙通路、電信機房、樓梯間、水箱等七項。,鋼筋混凝土造,109年12月23日,五層,
RPXNMLOLJIGGFAW17DA,27,195.86,住家用,鋼筋混凝土加強磚造,83年11月4日,三層,一層 二層 三層 陽台
RPUNMLSKJIGGFAW17DA,1,78.73,集合住宅,鋼筋混凝土造,109年9月4日,四層,一層
RPUNMLSKJIGGFAW17DA,1,11.07,集合住宅、本共有部分之項目有梯間、機房等二項。,鋼筋混凝土造,109年9月4日,四層,
RPPNMLOLJIGGFAW98DA,,86.10,集合住宅,鋼筋混凝土造,110年6月11日,五層,四層 陽台
RPPNMLOLJIGGFAW98DA,,20.38,集合住宅：本共有部分項目有電訊室、機電空間、梯廳、門廳等４項。,鋼筋混凝土造,110年6月11日,五層,
RPVNMLMJJIGGFAW56DA,4,49.42,集合住宅,鋼筋混凝土造,106年10月30日,三層,二層 陽台
RPVNMLMJJIGGFAW56DA,4,6.00,共有部分：本共有部分之項目有樓梯間１項。,鋼筋混凝土造,106年10月30日,三層,
SPXNMLQLJIGGFAW47DA,3,32.86,集合住宅,鋼筋混凝土造,107年10月26日,七層,三層 陽台
SPXNMLQLJIGGFAW47DA,3,21.66,共有部分：本共有部分之項目有發電機房、垃圾及資源回收空間、不鏽鋼水箱、電信機房、無障礙樓梯、無障礙電梯、車道、防空避難室兼停車空間、台電配電室、梯廳及機房等１１項。,鋼筋混凝土造,107年10月26日,七層,
SPXNMLQLJIGGFAW47DA,3,13.75,共有部分：本共有部分之項目有防空避難室兼停車空間１項。,鋼筋混凝土造,107年10月26日,七層,
RPPNMLMLJIGGFAW78DA,2,70.80,集合住宅,鋼筋混凝土造,108年11月25日,五層,二層 陽台
RPPNMLMLJIGGFAW78DA,2,16.79,集合住宅：本共有部分之項目計有電梯、梯廳、安全梯、梯間、水箱等５項。,鋼筋混凝土造,108年11月25日,五層,
RPXNMLQLJIGGFAW37DA,3,97.59,集合住宅,鋼筋混凝土造,107年10月26日,七層,三層 陽台 雨遮
RPXNMLQLJIGGFAW37DA,3,41.91,共有部分：本共有部分之項目有發電機房、垃圾及資源回收空間、不鏽鋼水箱、電信機房、無障礙樓梯、無障礙電梯、車道、防空避難室兼停車空間、台電配電室、梯廳及機房等１１項。,鋼筋混凝土造,107年10月26日,七層,
RPVNMLQLJIGGFAW17DA,13,28.91,集合住宅,鋼筋混凝土造,98年4月13日,五層,三層 陽台
RPVNMLQLJIGGFAW17DA,13,9.93,樓梯間、水箱。,鋼筋混凝土造,98年4月13日,五層,
RPTNMLTLJIGGFAW27DA,6,116.51,住家用,鋼筋混凝土造,104年8月5日,三層,一層 二層 三層 陽台
RPTNMLKKJIGGFAW88DA,2,91.04,集合住宅,鋼筋混凝土造,109年4月13日,三層,二層 陽台
RPTNMLKKJIGGFAW88DA,2,14.40,集合住宅、本共有部分之項目計有機房、水箱機房、梯廳、電梯、門廳（管委會使用空間）、停車空間、車道、無障礙通路等八項。,鋼筋混凝土造,109年4月13日,三層,
RPSNMLNJKIGGFAW09DA,7,159.10,住家用,鋼筋混凝土造,103年12月15日,三層,一層 二層 三層 陽台
RPSNMLTLJIGGFAW17DA,6,28.63,集合住宅,鋼筋混凝土造,104年11月25日,三層,二層 陽台
RPSNMLTLJIGGFAW17DA,6,3.84,共有部分：本共有部分之項目有樓梯間及走廊等二項。,鋼筋混凝土造,104年11月25日,三層,
RPTOMLOLJIGGFAW86DA,7,222.88,集合住宅,鋼筋混凝土造,103年6月23日,三層,一層 二層 三層 陽台 地下一層 見其他登記事項
RPTOMLOLJIGGFAW86DA,7,23.07,共有部分：本共有部分之項目有車道、機房二項。,鋼筋混凝土造,103年6月23日,三層,
RPTNMLPKJIGGFAW76DA,,90.31,集合住宅,鋼筋混凝土造,110年7月23日,五層,二層 陽台
RPTNMLPKJIGGFAW76DA,,14.76,店舖、集合住宅：本共有部分之項目計有梯廳、安全梯、無障礙電梯、梯間等四項。,鋼筋混凝土造,110年7月23日,五層,
RPQNMLQLJIGGFAW66DA,3,189.88,集合住宅,鋼筋混凝土造,107年5月14日,三層,一層 二層 三層 陽台
RPQNMLQLJIGGFAW66DA,3,73.20,共有部分：本共有部分之項目計有台電配電場所、配電場所、電表箱空間、電信機房、消防幫浦室、緊急發電機室、水箱、停車空間、污水池、管理室、車道、公共廁所等１２項。,鋼筋混凝土造,107年5月14日,三層,
RPRPMLQKJIGGFAW96EA,6,21.24,集合住宅,鋼筋混凝土造,104年7月22日,三層,二層 陽台
RPRPMLQKJIGGFAW96EA,6,10.88,共有部分：本共有部分之項目計有：消防水箱、泵浦室、電信室、台電配電室、樓梯間、電梯間、停車空間等七項。,鋼筋混凝土造,104年7月22日,三層,
RPRPMLQKJIGGFAW96EA,6,8.55,共有部分：本共有部分之項目計有：樓梯間、門廊、走廊、電梯間等四項。,鋼筋混凝土造,104年7月22日,三層,
RPUNMLOJIIGGFAW56DA,7,21.02,集合住宅,鋼筋混凝土造,103年10月16日,三層,二層 陽台
RPUNMLOJIIGGFAW56DA,7,21.40,集合住宅,鋼筋混凝土造,103年10月16日,三層,二層 陽台
RPUNMLOJIIGGFAW56DA,7,24.34,集合住宅,鋼筋混凝土造,103年10月16日,三層,二層 陽台
RPUNMLOJIIGGFAW56DA,7,3.24,共有部分：本共有部分之項目計有樓梯間、走廊等二項。,鋼筋混凝土造,103年10月16日,三層,
RPUNMLOJIIGGFAW56DA,7,3.30,共有部分：本共有部分之項目計有樓梯間、走廊等二項。,鋼筋混凝土造,103年10月16日,三層,
RPUNMLOJIIGGFAW56DA,7,3.74,共有部分：本共有部分之項目計有樓梯間、走廊等二項。,鋼筋混凝土造,103年10月16日,三層,
RPVNMLRKJIGGFAW17DA,6,50.40,集合住宅,鋼筋混凝土造,104年7月16日,三層,三層 陽台 雨遮
RPVNMLRKJIGGFAW17DA,6,9.56,共有部分：本共有部分之項目有樓梯間、機電空間、雨遮等三項。,鋼筋混凝土造,104年7月16日,三層,
RPRNMLNKIIGGFAW88DA,3,99.37,集合住宅,鋼筋混凝土造,107年12月11日,七層,七層 陽台
RPRNMLNKIIGGFAW88DA,3,49.41,共有部分：本共有部分之項目有台電配電室、消防機房、電信機房、發電機室、無障礙樓梯、梯廳、無障礙電梯、防空避難室兼停車空間、車道、水箱、資源回收區、機械室、外廊及門廳等１４項。,鋼筋混凝土造,107年12月11日,七層,
RPQNMLTKIIGGFAW76DA,,81.77,集合住宅,鋼筋混凝土造,110年4月30日,五層,三層 陽台
RPQNMLTKIIGGFAW76DA,,14.23,集合住宅：本共有部分之項目有樓梯間、電信室等２項。,鋼筋混凝土造,110年4月30日,五層,
RPOOMLMLIIGGFAW78EA,1,63.44,集合住宅,鋼筋混凝土造,109年12月23日,五層,三層 陽台
RPOOMLMLIIGGFAW78EA,1,13.46,集合住宅：本共有部分之項目計有安全梯、梯廳、梯坑、無障礙通路、電信機房、樓梯間、水箱等七項。,鋼筋混凝土造,109年12月23日,五層,
RPRNMLLLIIGGFAW78DA,3,124.53,集合住宅,鋼筋混凝土造,107年9月28日,三層,二層 陽台
RPRNMLLLIIGGFAW78DA,3,35.38,共有部分：本共有部分之項目有消防機房（兼發電機室）、車道、儲藏室、台電配電室、停車空間、樓梯、梯廳、門廊及無障礙電梯等９項。,鋼筋混凝土造,107年9月28日,三層,
RPQNMLRLIIGGFAW66DA,16,188.02,住家用,鋼筋混凝土造,94年4月26日,三層,一層 二層 三層 陽台 屋頂突出物
RPPNMLNJJIGGFAW68DA,1,91.74,集合住宅,鋼筋混凝土造,110年4月29日,五層,二層 陽台
RPPNMLNJJIGGFAW68DA,1,15.69,店鋪、集合住宅、共有部分之項目有梯廳、十人份無障礙電梯（防煙）、機道、水箱、機械房等５項。,鋼筋混凝土造,110年4月29日,五層,
RPSNMLTLIIGGFAW07DA,3,81.70,集合住宅,鋼筋混凝土造,107年12月10日,五層,四層 陽台
RPSNMLTLIIGGFAW07DA,3,17.27,共有部分：本共有部分之項目有梯間及無障礙電梯等２項。,鋼筋混凝土造,107年12月10日,五層,
RPUNMLLJIIGGFAW88DA,3,205.48,集合住宅,鋼筋混凝土造,107年9月28日,三層,一層 二層 三層 陽台
RPUNMLLJIIGGFAW88DA,3,47.79,共有部分：本共有部分之項目有消防機房（兼發電機室）、車道、儲藏室、台電配電室、停車空間、樓梯、梯廳、門廊及無障礙電梯等９項。,鋼筋混凝土造,107年9月28日,三層,
RPWNMLQJIIGGFAW96DA,,90.31,集合住宅,鋼筋混凝土造,110年7月23日,五層,四層 陽台
RPWNMLQJIIGGFAW96DA,,14.76,店舖、集合住宅：本共有部分之項目計有梯廳、安全梯、無障礙電梯、梯間等四項。,鋼筋混凝土造,110年7月23日,五層,
RPSNMLQJIIGGFAW56DA,,90.31,集合住宅,鋼筋混凝土造,110年7月23日,五層,二層 陽台
RPSNMLQJIIGGFAW56DA,,14.76,店舖、集合住宅：本共有部分之項目計有梯廳、安全梯、無障礙電梯、梯間等四項。,鋼筋混凝土造,110年7月23日,五層,
RPRNMLNJJIGGFAW98EA,1,64.03,集合住宅,鋼筋混凝土造,109年12月23日,五層,三層 陽台
RPRNMLNJJIGGFAW98EA,1,13.60,集合住宅：本共有部分之項目計有安全梯、梯廳、梯坑、無障礙通路、電信機房、樓梯間、水箱等七項。,鋼筋混凝土造,109年12月23日,五層,
RPPNMLPKIIGGFAW88DA,9,167.16,集合住宅,鋼筋混凝土造,102年1月23日,1,一層
RPPNMLPKIIGGFAW88DA,9,12.84,共有部分：本共有部分之項目計有停車空間、蓄水池、機房、樓梯間等四項。,鋼筋混凝土造,102年1月23日,三層,
RPQNMLSJIIGGFAW56DA,,90.31,集合住宅,鋼筋混凝土造,110年7月23日,五層,四層 陽台
RPQNMLSJIIGGFAW56DA,,14.76,店舖、集合住宅：本共有部分之項目計有梯廳、安全梯、無障礙電梯、梯間等四項。,鋼筋混凝土造,110年7月23日,五層,
RPUNMLQJIIGGFAW76DA,,90.31,集合住宅,鋼筋混凝土造,110年7月23日,五層,四層 陽台
RPUNMLQJIIGGFAW76DA,,14.76,店舖、集合住宅：本共有部分之項目計有梯廳、安全梯、無障礙電梯、梯間等四項。,鋼筋混凝土造,110年7月23日,五層,
RPQNMLLJIIGGFAW48DA,1,99.33,集合住宅,鋼筋混凝土造,110年3月12日,五層,一層 陽台
RPQNMLLJIIGGFAW48DA,1,19.06,集合住宅：本共有部分之項目有無障礙通路、梯廳、水箱等３項。,鋼筋混凝土造,110年3月12日,五層,
RPOOMLQJIIGGFAW88DA,,90.31,集合住宅,鋼筋混凝土造,110年7月23日,五層,四層 陽台
RPOOMLQJIIGGFAW88DA,,14.76,店舖、集合住宅：本共有部分之項目計有梯廳、安全梯、無障礙電梯、梯間等四項。,鋼筋混凝土造,110年7月23日,五層,
RPQOMLQJIIGGFAW09DA,,90.31,集合住宅,鋼筋混凝土造,110年7月23日,五層,三層 陽台
RPQOMLQJIIGGFAW09DA,,14.76,店舖、集合住宅：本共有部分之項目計有梯廳、安全梯、無障礙電梯、梯間等四項。,鋼筋混凝土造,110年7月23日,五層,
RPPNMLSJJIGGFAW66EA,2,39.76,旅館,鋼筋混凝土造,109年4月8日,十層,二層 陽台 雨遮
RPPNMLSJJIGGFAW66EA,2,20.42,店舖、集合住宅、本建物共有部分之項目有車道、排風機房、緊急昇降機、客梯兼無障礙電梯、廢水池、消防幫浦室、蓄水池、甲梯、進風機房、防空避難室兼停車空間、電信機房、乙梯、梯廳、汙物處理室、台電受電室、設備空間、機械室、停車空間、迴轉空間、發電機室、排煙室、消防設備空間、雨遮、陽台、管委會空間等共計２５項。,鋼筋混凝土造,109年4月8日,十層,
RPUNMLOJJIGGFAW66DA,6,43.27,集合住宅,鋼筋混凝土造,104年4月29日,三層,二層 陽台 雨遮
RPUNMLOJJIGGFAW66DA,6,13.80,共有部分：本共有部分之項目計有機房空間、樓梯間、電梯、雨遮、走廊等五項。,鋼筋混凝土造,104年4月29日,三層,
RPQNMLNJJIGGFAW78DA,6,95.07,集合住宅,鋼筋混凝土造,104年6月9日,三層,二層 陽台 雨遮
RPQNMLNJJIGGFAW78DA,6,16.29,共有部分：本共有部分之項目計有樓梯間、電信機房等２項。,鋼筋混凝土造,104年6月9日,三層,
RPQNMLSJJIGGFAW66DA,6,188.93,集合住宅,鋼筋混凝土造,104年4月30日,三層,一層 二層 三層 陽台
RPRNMLKKJIGGFAW68DA,1,94.30,集合住宅,鋼筋混凝土造,110年2月9日,六層,二層 陽台
RPRNMLKKJIGGFAW68DA,1,47.61,集合住宅：本共有部分之項目計有滯洪池、電信室、梯廳、水箱、緊急發電室、消防幫浦室、消防水箱、廢水池、台電配電場所、受電箱、電梯空間、停車位等１２項。,鋼筋混凝土造,110年2月9日,六層,
RPQNMLKKJIGGFAW58DA,15,255.86,住家用,鋼筋混凝土造,95年8月22日,三層,一層 二層 三層 陽台 屋頂突出物
RPQNMLMKJIGGFAW78DA,5,85.63,集合住宅,鋼筋混凝土造,106年3月3日,三層,二層 陽台
RPQNMLMKJIGGFAW78DA,5,58.75,共有部分：本共有部分之項目計有車道、台電機房、發電機室、電信機房、消防水池、消防泵浦室、水箱、停車空間、梯間等９項。,鋼筋混凝土造,106年3月3日,三層,
RPRNMLLJIIGGFAW58DA,3,74.31,集合住宅,鋼筋混凝土造,107年8月17日,六層,五層 陽台 雨遮
RPRNMLLJIIGGFAW58DA,3,28.91,共有部分：本共有部分之項目有防空避難設備、安全梯（無障礙樓梯）、梯廳、無障礙電梯、機械房、停車空間、室內通路等７項。,鋼筋混凝土造,107年8月17日,六層,
RPTNMLTKIIGGFAW07DA,1,48.97,集合住宅,鋼筋混凝土造,109年6月12日,四層,四層 陽台
RPTNMLTKIIGGFAW07DA,1,13.48,集合住宅：本共有部分之項目計有無障礙電梯、梯廳、樓梯間、水塔間等４項。,鋼筋混凝土造,109年6月12日,四層,
RPUNMLMLIIGGFAW56DA,1,74.48,集合住宅,鋼筋混凝土造,109年11月20日,九層,七層 陽台 雨遮
RPUNMLMLIIGGFAW56DA,1,26.85,辦公室、集合住宅、本共有部分之項目有台電配電室、機電消防室、無障礙安全梯、消防水池、防空避難室兼停車空間、電信室、清水池、環保區、管委會使用空間、走廊兼梯廳、安全梯、梯廳、雨遮、電梯機房、水箱、水錶室等計１６項。,鋼筋混凝土造,109年11月20日,九層,
RPQNMLSLIIGGFAW76DA,1,82.50,集合住宅,鋼筋混凝土造,109年9月4日,四層,二層 陽台
RPQNMLSLIIGGFAW76DA,1,11.07,集合住宅、本共有部分之項目有梯間、機房等二項。,鋼筋混凝土造,109年9月4日,四層,
RPTNMLQLIIGGFAW86DA,8,145.71,集合住宅,鋼筋混凝土造,103年1月27日,三層,一層 二層 三層 陽台
RPVNMLPKJIGGFAW96DA,1,64.03,集合住宅,鋼筋混凝土造,109年12月23日,五層,二層 陽台
RPVNMLPKJIGGFAW96DA,1,13.60,集合住宅：本共有部分之項目計有安全梯、梯廳、梯坑、無障礙通路、電信機房、樓梯間、水箱等七項。,鋼筋混凝土造,109年12月23日,五層,
RPSNMLMLIIGGFAW98DA,1,56.40,集合住宅,鋼筋混凝土造,109年11月20日,九層,五層 陽台 雨遮
RPSNMLMLIIGGFAW98DA,1,20.38,辦公室、集合住宅、本共有部分之項目有台電配電室、機電消防室、無障礙安全梯、消防水池、防空避難室兼停車空間、電信室、清水池、環保區、管委會使用空間、走廊兼梯廳、安全梯、梯廳、雨遮、電梯機房、水箱、水錶室等計１６項。,鋼筋混凝土造,109年11月20日,九層,
RPSNMLSKIIGGFAW86DA,1,72.45,集合住宅,鋼筋混凝土造,109年11月20日,九層,八層 陽台 雨遮
RPSNMLSKIIGGFAW86DA,1,26.11,辦公室、集合住宅、本共有部分之項目有台電配電室、機電消防室、無障礙安全梯、消防水池、防空避難室兼停車空間、電信室、清水池、環保區、管委會使用空間、走廊兼梯廳、安全梯、梯廳、雨遮、電梯機房、水箱、水錶室等計１６項。,鋼筋混凝土造,109年11月20日,九層,
RPUNMLNLJIGGFAW76DA,6,62.96,集合住宅,鋼筋混凝土造,104年9月23日,七層,六層 陽台
RPUNMLNLJIGGFAW76DA,6,26.40,共有部分：本共有部分之項目有地下一層、一至七層及屋突一層梯間、梯廳、發電機室、蓄水池、廢水機械室、消防機械室、防空避難室兼停車空間、汽車昇降機、汽車昇降機機房、空調機房－１、空調機房－２、臥式水箱等十二項。,鋼筋混凝土造,104年9月23日,七層,
RPRNMLTKIIGGFAW86DA,4,49.42,集合住宅,鋼筋混凝土造,106年10月30日,三層,三層 陽台
RPRNMLTKIIGGFAW86DA,4,6.00,共有部分：本共有部分之項目有樓梯間１項。,鋼筋混凝土造,106年10月30日,三層,
RPQNMLOJJIGGFAW88DA,1,75.31,集合住宅,鋼筋混凝土造,109年5月29日,五層,二層 陽台
RPQNMLOJJIGGFAW88DA,1,24.43,集合住宅：本共有部分之項目計有樓梯間、水箱等二項。,鋼筋混凝土造,109年5月29日,五層,
RPUOMLMLIIGGFAW66DA,1,74.48,集合住宅,鋼筋混凝土造,109年11月20日,九層,九層 陽台 雨遮
RPUOMLMLIIGGFAW66DA,1,26.85,辦公室、集合住宅、本共有部分之項目有台電配電室、機電消防室、無障礙安全梯、消防水池、防空避難室兼停車空間、電信室、清水池、環保區、管委會使用空間、走廊兼梯廳、安全梯、梯廳、雨遮、電梯機房、水箱、水錶室等計１６項。,鋼筋混凝土造,109年11月20日,九層,
RPOOMLSKIIGGFAW56DA,4,102.30,集合住宅,鋼筋混凝土造,106年6月14日,三層,一層
RPOOMLSKIIGGFAW56DA,4,52.56,共有部分：本共有部分之項目計有無障礙樓梯（丙梯、丁梯）、無障礙昇降設備、梯廳間、維修連通梯（安全梯）、給水水箱等設備、機電設備空間、緊急發電機室、消防機房暨電信機房、停車空間、陽台等１０項。,鋼筋混凝土造,106年6月14日,三層,
RPOOMLSKIIGGFAW56DA,4,20.97,共有部分：本共有部分之項目有停車位１項。,鋼筋混凝土造,106年6月14日,三層,
RPSNMLLJRHGGFAW86DA,,59.60,集合住宅,鋼筋混凝土造,110年3月19日,五層,二層 陽台
RPSNMLLJRHGGFAW86DA,,17.93,集合住宅、本共有部分之項目計有甲梯間、無障礙電梯（甲）、甲梯廳、乙梯間、無障礙電梯（乙）、乙梯廳、丙梯間、無障礙電梯（丙）、丙梯廳、停車空間、機房、水塔間等１２項。,鋼筋混凝土造,110年3月19日,五層,
RPTNMLOJJIGGFAW56DA,5,77.27,集合住宅,鋼筋混凝土造,106年3月24日,三層,三層 陽台
RPTNMLOJJIGGFAW56DA,5,18.83,共有部分：本共有部分之項有梯間、無障礙電梯、電梯機房等３項。,鋼筋混凝土造,106年3月24日,三層,
RPQNMLQKRHGGFAW27DA,3,67.52,集合住宅,鋼筋混凝土造,108年2月25日,三層,二層 陽台
RPQNMLQKRHGGFAW27DA,3,10.67,共有部分：本共有部有樓梯間１項。,鋼筋混凝土造,108年2月25日,三層,
RPOOMLRJRHGGFAW17DA,,59.18,集合住宅,鋼筋混凝土造,110年3月19日,五層,三層 陽台
RPOOMLRJRHGGFAW17DA,,17.56,集合住宅、本共有部分之項目計有甲梯間、無障礙電梯（甲）、甲梯廳、乙梯間、無障礙電梯（乙）、乙梯廳、丙梯間、無障礙電梯（丙）、丙梯廳、停車空間、機房、水塔間等１２項。,鋼筋混凝土造,110年3月19日,五層,
RPTNMLNLRHGGFAW37DA,4,85.50,集合住宅,鋼筋混凝土造,107年2月2日,五層,一層 陽台
RPTNMLNLRHGGFAW37DA,4,12.21,共有部分：本共有部分之項目有走廊、電梯及梯間等３項。,鋼筋混凝土造,107年2月2日,五層,
RPTNMLNLRHGGFAW37DA,4,8.46,共有部分：本共有部分之項目有停車空間、機房Ａ（電信）、機房Ｂ（消防－泵浦室）、機房Ｃ（消防－發電機室）、消防水池、滯洪池及車道（一樓）等７項。,鋼筋混凝土造,107年2月2日,五層,
RPPNMLOLRHGGFAW07DA,11,94.97,集合住宅,鋼筋混凝土造,100年1月25日,三層,二層 陽台
RPPNMLOLRHGGFAW07DA,11,5.96,共有部分，本共有部分之項目有樓梯間及水塔等二項。,鋼筋混凝土造,100年1月25日,三層,
RPSNMLNKRHGGFAW17DA,6,26.92,集合住宅,鋼筋混凝土造,104年7月23日,三層,三層 雨遮
RPSNMLNKRHGGFAW17DA,6,2.18,共有部分：本共有部分之項目計有樓梯間一項。,鋼筋混凝土造,104年7月23日,三層,
RPSNMLNKRHGGFAW17DA,6,2.52,共有部分：本共有部分之項目計有走廊一項。,鋼筋混凝土造,104年7月23日,三層,
RPTNMLOLRHGGFAW47DA,5,77.17,集合住宅,鋼筋混凝土造,105年11月9日,三層,三層 陽台
RPTNMLOLRHGGFAW47DA,5,6.82,共有部分：本共有部分之項目有樓梯間一項。,鋼筋混凝土造,105年11月9日,三層,
RPQNMLPLIIGGFAW09DA,5,51.98,集合住宅,鋼筋混凝土造,105年6月17日,七層,二層 陽台 雨遮
RPQNMLPLIIGGFAW09DA,5,20.61,共有部分：本共有部分之項目有梯間、防空避難室兼停車空間、消防水池、機電消防室、台電配電室、雨遮、汽車升降機房、汽車昇降道、清水池、電信室、車道、外廊、水錶室、水箱、電梯機房等１５項。,鋼筋混凝土造,105年6月17日,七層,
RPPNMLOJIIGGFAW68DA,3,67.52,集合住宅,鋼筋混凝土造,108年2月25日,三層,三層 陽台
RPPNMLOJIIGGFAW68DA,3,10.67,共有部分：本共有部有樓梯間１項。,鋼筋混凝土造,108年2月25日,三層,
RPWNMLOKRHGGFAW67DA,,59.60,集合住宅,鋼筋混凝土造,110年3月19日,五層,四層 陽台
RPWNMLOKRHGGFAW67DA,,17.93,集合住宅、本共有部分之項目計有甲梯間、無障礙電梯（甲）、甲梯廳、乙梯間、無障礙電梯（乙）、乙梯廳、丙梯間、無障礙電梯（丙）、丙梯廳、停車空間、機房、水塔間等１２項。,鋼筋混凝土造,110年3月19日,五層,
RPOOMLSLRHGGFAW47DA,27,158.40,住家用,鋼筋混凝土加強磚造,83年12月6日,三層,一層 二層 三層 騎樓
RPSNMLLJIIGGFAW68DA,6,30.46,集合住宅,鋼筋混凝土造,104年10月2日,三層,三層 陽台
RPSNMLLJIIGGFAW68DA,6,2.76,共有部分：本共有部分之項目有樓梯間一項。,鋼筋混凝土造,104年10月2日,三層,
RPVNMLLKRHGGFAW27DA,3,74.31,集合住宅,鋼筋混凝土造,107年8月17日,六層,四層 陽台 雨遮
RPVNMLLKRHGGFAW27DA,3,28.91,共有部分：本共有部分之項目有防空避難設備、安全梯（無障礙樓梯）、梯廳、無障礙電梯、機械房、停車空間、室內通路等７項。,鋼筋混凝土造,107年8月17日,六層,
RPTNMLRLRHGGFAW77DA,,91.74,集合住宅,鋼筋混凝土造,110年4月29日,五層,三層 陽台
RPTNMLRLRHGGFAW77DA,,15.69,店鋪、集合住宅、共有部分之項目有梯廳、十人份無障礙電梯（防煙）、機道、水箱、機械房等５項。,鋼筋混凝土造,110年4月29日,五層,
RPTNMLLJIIGGFAW78DA,14,12.86,集合住宅,鋼筋混凝土造,96年10月1日,五層,五層 陽台
RPTNMLLJIIGGFAW78DA,14,5.31,樓梯間,鋼筋混凝土造,96年10月1日,五層,
RPQNMLRJIIGGFAW09DA,7,85.29,集合住宅,鋼筋混凝土造,103年4月17日,三層,三層 陽台
RPQNMLRJIIGGFAW09DA,7,5.16,共有部分：本共有部分之項目有樓梯間一項。,鋼筋混凝土造,103年4月17日,三層,
RPRNMLSJIIGGFAW66DA,3,63.50,集合住宅,鋼筋混凝土造,108年2月25日,三層,一層 陽台
RPRNMLSJIIGGFAW66DA,3,10.67,共有部分：本共有部有樓梯間１項。,鋼筋混凝土造,108年2月25日,三層,
RPSNMLKMRHGGFAW07DA,1,99.33,集合住宅,鋼筋混凝土造,110年3月12日,五層,一層 陽台
RPSNMLKMRHGGFAW07DA,1,19.06,集合住宅：本共有部分之項目有無障礙通路、梯廳、水箱等３項。,鋼筋混凝土造,110年3月12日,五層,
RPVNMLTLRHGGFAW18DA,6,92.04,集合住宅,鋼筋混凝土造,104年7月21日,三層,二層 陽台 雨遮
RPVNMLTLRHGGFAW18DA,6,47.52,共有部分：本共有部分之項目有樓梯間、電梯間、梯廳、機房、電信機房、蓄水池抽水設備、車道、停車場及停車位等９項。,鋼筋混凝土造,104年7月21日,三層,
RPXNMLNKRHGGFAW67DA,,58.54,集合住宅,鋼筋混凝土造,110年3月19日,五層,四層 陽台
RPXNMLNKRHGGFAW67DA,,17.56,集合住宅、本共有部分之項目計有甲梯間、無障礙電梯（甲）、甲梯廳、乙梯間、無障礙電梯（乙）、乙梯廳、丙梯間、無障礙電梯（丙）、丙梯廳、停車空間、機房、水塔間等１２項。,鋼筋混凝土造,110年3月19日,五層,
RPTNMLNKIIGGFAW09DA,4,73.17,集合住宅,鋼筋混凝土造,107年3月8日,三層,二層 陽台
RPTNMLNKIIGGFAW09DA,4,4.80,共有部分：本共有部分之項目有梯間１項。,鋼筋混凝土造,107年3月8日,三層,
RPRNMLRJRHGGFAW37DA,3,178.27,集合住宅,鋼筋混凝土造,107年7月31日,三層,一層 二層 三層 陽台 屋頂突出物
RPWNMLPKRHGGFAW77DA,4,75.08,集合住宅,鋼筋混凝土造,106年11月16日,三層,三層 陽台
RPWNMLPKRHGGFAW77DA,4,6.83,共有部分：本共有部分之項目有門廳及樓梯間等２項。,鋼筋混凝土造,106年11月16日,三層,
RPWNMLTKIIGGFAW37DA,3,187.69,集合住宅,鋼筋混凝土造,107年5月14日,三層,一層 二層 三層 陽台
RPWNMLTKIIGGFAW37DA,3,75.84,共有部分：本共有部分之項目計有台電配電場所、配電場所、電表箱空間、電信機房、消防幫浦室、緊急發電機室、水箱、停車空間、污水池、管理室、車道、公共廁所等１２項。,鋼筋混凝土造,107年5月14日,三層,
RPROMLKKRHGGFAW86DA,1,50.65,集合住宅,鋼筋混凝土造,109年11月20日,九層,一層 陽台
RPROMLKKRHGGFAW86DA,1,32.82,辦公室、集合住宅、本共有部分之項目有台電配電室、機電消防室、無障礙安全梯、消防水池、防空避難室兼停車空間、電信室、清水池、環保區、管委會使用空間、走廊兼梯廳、安全梯、梯廳、雨遮、電梯機房、水箱、水錶室等計１６項。,鋼筋混凝土造,109年11月20日,九層,
RPUNMLQKRHGGFAW67DA,5,63.97,集合住宅,鋼筋混凝土造,105年11月4日,十一層,四層 陽台
RPUNMLQKRHGGFAW67DA,5,22.15,共有部分：本共有部分之項目有蓄水池、停車空間、滯洪池、消防蓄水池、消防機械室、儲藏室、車道、樓梯間、電信室、防空避難室兼停車空間、發電機房、台電配電室、管理室、公共廁所、梯廳、機房、水錶間、水箱、安全梯間、昇降機道、台電通道、機車區、甲梯無障礙樓梯（安全梯）、乙梯（安全梯）、昇降機及無障礙昇降機等２６項。,鋼筋混凝土造,105年11月4日,十一層,
RPTNMLLLIIGGFAW98DA,6,89.76,集合住宅,鋼筋混凝土造,104年8月14日,三層,三層 陽台
RPTNMLLLIIGGFAW98DA,6,8.54,共有部分：本共有部分之項目有樓梯間一項。,鋼筋混凝土造,104年8月14日,三層,
RPRNMLRLRHGGFAW57DA,5,31.19,共有部分：本共有部分之項目有蓄水池、停車空間、滯洪池、消防蓄水池、消防機械室、儲藏室、車道、樓梯間、電信室、防空避難室兼停車空間、發電機房、台電配電室、管理室、公共廁所、梯廳、機房、水錶間、水箱、安全梯間、昇降機道、台電通道、機車區、甲梯無障礙樓梯（安全梯）、乙梯（安全梯）、昇降機及無障礙昇降機等２６項。,鋼筋混凝土造,105年11月4日,十一層,
RPSNMLSLRHGGFAW77DA,5,73.79,集合住宅,鋼筋混凝土造,105年4月21日,八層,一層 陽台
RPSNMLSLRHGGFAW77DA,5,23.62,共有部分：本共有部分之項目有梯間、防空避難室兼停車空間、車道、升降機機道、機電消防室、電信室、台電配電室、清水池、消防水池、外廊、水錶室、水箱及電梯機房等１３項。,鋼筋混凝土造,105年4月21日,八層,
RPQNMLKKRHGGFAW66DA,1,56.40,集合住宅,鋼筋混凝土造,109年11月20日,九層,七層 陽台 雨遮
RPQNMLKKRHGGFAW66DA,1,20.38,辦公室、集合住宅、本共有部分之項目有台電配電室、機電消防室、無障礙安全梯、消防水池、防空避難室兼停車空間、電信室、清水池、環保區、管委會使用空間、走廊兼梯廳、安全梯、梯廳、雨遮、電梯機房、水箱、水錶室等計１６項。,鋼筋混凝土造,109年11月20日,九層,
RPSNMLKLIIGGFAW78DA,2,58.04,集合住宅,鋼筋混凝土造,108年6月25日,三層,三層 陽台
RPSNMLKLIIGGFAW78DA,2,21.51,共有部分：本共有部分之項目計有機房Ａ－消防泵浦室、機房Ｂ－發電機室、機房Ｃ－電信、機房Ｄ－台電、機房Ｅ－自來水用（下水池）、消防水池、梯廳、梯間、停車空間、公共空間、走廊、電梯、地下車道、滯洪池、停車位等１５項。,鋼筋混凝土造,108年6月25日,三層,
RPQNMLRLRHGGFAW47DA,5,31.19,共有部分：本共有部分之項目有蓄水池、停車空間、滯洪池、消防蓄水池、消防機械室、儲藏室、車道、樓梯間、電信室、防空避難室兼停車空間、發電機房、台電配電室、管理室、公共廁所、梯廳、機房、水錶間、水箱、安全梯間、昇降機道、台電通道、機車區、甲梯無障礙樓梯（安全梯）、乙梯（安全梯）、昇降機及無障礙昇降機等２６項。,鋼筋混凝土造,105年11月4日,十一層,
RPSNMLOJIIGGFAW98DA,4,159.24,集合住宅,鋼筋混凝土造,106年11月27日,三層,一層 二層 三層 陽台
RPWNMLMLRHGGFAW57DA,5,63.97,集合住宅,鋼筋混凝土造,105年11月4日,十一層,六層 陽台
RPWNMLMLRHGGFAW57DA,5,22.15,共有部分：本共有部分之項目有蓄水池、停車空間、滯洪池、消防蓄水池、消防機械室、儲藏室、車道、樓梯間、電信室、防空避難室兼停車空間、發電機房、台電配電室、管理室、公共廁所、梯廳、機房、水錶間、水箱、安全梯間、昇降機道、台電通道、機車區、甲梯無障礙樓梯（安全梯）、乙梯（安全梯）、昇降機及無障礙昇降機等２６項。,鋼筋混凝土造,105年11月4日,十一層,
RPVNMLOKRHGGFAW57DA,5,51.98,集合住宅,鋼筋混凝土造,105年6月17日,七層,四層 陽台 雨遮
RPVNMLOKRHGGFAW57DA,5,20.61,共有部分：本共有部分之項目有梯間、防空避難室兼停車空間、消防水池、機電消防室、台電配電室、雨遮、汽車升降機房、汽車昇降道、清水池、電信室、車道、外廊、水錶室、水箱、電梯機房等１５項。,鋼筋混凝土造,105年6月17日,七層,
RPQNMLQLIIGGFAW66EA,1,35.19,旅館,鋼筋混凝土造,109年4月8日,十層,五層 陽台 雨遮
RPQNMLQLIIGGFAW66EA,1,18.57,店舖、集合住宅、本建物共有部分之項目有車道、排風機房、緊急昇降機、客梯兼無障礙電梯、廢水池、消防幫浦室、蓄水池、甲梯、進風機房、防空避難室兼停車空間、電信機房、乙梯、梯廳、汙物處理室、台電受電室、設備空間、機械室、停車空間、迴轉空間、發電機室、排煙室、消防設備空間、雨遮、陽台、管委會空間等共計２５項。,鋼筋混凝土造,109年4月8日,十層,
RPPNMLSLRHGGFAW47DA,2,49.87,集合住宅,鋼筋混凝土造,108年6月25日,三層,三層 陽台
RPPNMLSLRHGGFAW47DA,2,18.50,共有部分：本共有部分之項目計有機房Ａ－消防泵浦室、機房Ｂ－發電機室、機房Ｃ－電信、機房Ｄ－台電、機房Ｅ－自來水用（下水池）、消防水池、梯廳、梯間、停車空間、公共空間、走廊、電梯、地下車道、滯洪池、停車位等１５項。,鋼筋混凝土造,108年6月25日,三層,
RPSNMLOLRHGGFAW37DA,21,71.17,辦公室,鋼骨混凝土造,89年8月21日,十二層,六層 陽台
RPSNMLOLRHGGFAW37DA,21,25.67,樓梯間，屋頂突出物等,鋼骨混凝土造,89年8月21日,十二層,
RPTNMLNJJIGGFAW09DA,,173.34,住家用,鋼筋混凝土造,110年9月1日,四層,一層 二層 三層 四層 陽台 屋頂突出物
RPSNMLRLRHGGFAW67DA,5,36.10,共有部分：本共有部分之項目有蓄水池、停車空間、滯洪池、消防蓄水池、消防機械室、儲藏室、車道、樓梯間、電信室、防空避難室兼停車空間、發電機房、台電配電室、管理室、公共廁所、梯廳、機房、水錶間、水箱、安全梯間、昇降機道、台電通道、機車區、甲梯無障礙樓梯（安全梯）、乙梯（安全梯）、昇降機及無障礙昇降機等２６項。,鋼筋混凝土造,105年11月4日,十一層,
RPRNMLOLRHGGFAW27DA,1,56.97,集合住宅,鋼筋混凝土造,109年11月20日,九層,五層 陽台 雨遮
RPRNMLOLRHGGFAW27DA,1,20.55,辦公室、集合住宅、本共有部分之項目有台電配電室、機電消防室、無障礙安全梯、消防水池、防空避難室兼停車空間、電信室、清水池、環保區、管委會使用空間、走廊兼梯廳、安全梯、梯廳、雨遮、電梯機房、水箱、水錶室等計１６項。,鋼筋混凝土造,109年11月20日,九層,
RPXOMLQKJIGGFAW37DA,,168.71,集合住宅,鋼筋混凝土造,110年7月1日,三層,一層 二層 三層 陽台 屋頂突出物
RPQQMLQKJIGGFAW86DA,,163.91,集合住宅,鋼筋混凝土造,110年7月1日,三層,一層 二層 三層 陽台 屋頂突出物
RPQNMLOKRHGGFAW07DA,1,57.00,集合住宅,鋼筋混凝土造,109年11月20日,九層,九層 陽台 雨遮
RPQNMLOKRHGGFAW07DA,1,20.55,辦公室、集合住宅、本共有部分之項目有台電配電室、機電消防室、無障礙安全梯、消防水池、防空避難室兼停車空間、電信室、清水池、環保區、管委會使用空間、走廊兼梯廳、安全梯、梯廳、雨遮、電梯機房、水箱、水錶室等計１６項。,鋼筋混凝土造,109年11月20日,九層,
RPUNMLKKRHGGFAW07DA,1,68.49,集合住宅,鋼筋混凝土造,109年11月20日,九層,二層 陽台
RPUNMLKKRHGGFAW07DA,1,24.68,辦公室、集合住宅、本共有部分之項目有台電配電室、機電消防室、無障礙安全梯、消防水池、防空避難室兼停車空間、電信室、清水池、環保區、管委會使用空間、走廊兼梯廳、安全梯、梯廳、雨遮、電梯機房、水箱、水錶室等計１６項。,鋼筋混凝土造,109年11月20日,九層,
RPQPMLQKJIGGFAW76DA,,166.65,集合住宅,鋼筋混凝土造,110年7月1日,三層,一層 二層 三層 陽台 屋頂突出物
RPVPMLQKJIGGFAW27DA,,169.57,集合住宅,鋼筋混凝土造,110年7月1日,三層,一層 二層 三層 陽台 屋頂突出物
RPXNMLKLIIGGFAW66DA,2,55.93,集合住宅,鋼筋混凝土造,108年6月25日,三層,一層 陽台
RPXNMLKLIIGGFAW66DA,2,50.79,共有部分：本共有部分之項目計有機房Ａ－消防泵浦室、機房Ｂ－發電機室、機房Ｃ－電信、機房Ｄ－台電、機房Ｅ－自來水用（下水池）、消防水池、梯廳、梯間、停車空間、公共空間、走廊、電梯、地下車道、滯洪池、停車位等１５項。,鋼筋混凝土造,108年6月25日,三層,
RPSNMLOKRHGGFAW27DA,1,68.49,集合住宅,鋼筋混凝土造,109年11月20日,九層,二層 陽台
RPSNMLOKRHGGFAW27DA,1,24.68,辦公室、集合住宅、本共有部分之項目有台電配電室、機電消防室、無障礙安全梯、消防水池、防空避難室兼停車空間、電信室、清水池、環保區、管委會使用空間、走廊兼梯廳、安全梯、梯廳、雨遮、電梯機房、水箱、水錶室等計１６項。,鋼筋混凝土造,109年11月20日,九層,
RPPNMLLJRHGGFAW56DA,,87.15,集合住宅,鋼筋混凝土造,110年3月19日,五層,三層 陽台
RPPNMLLJRHGGFAW56DA,,25.90,集合住宅、本共有部分之項目計有甲梯間、無障礙電梯（甲）、甲梯廳、乙梯間、無障礙電梯（乙）、乙梯廳、丙梯間、無障礙電梯（丙）、丙梯廳、停車空間、機房、水塔間等１２項。,鋼筋混凝土造,110年3月19日,五層,
RPVNMLRKRHGGFAW87DA,1,56.97,集合住宅,鋼筋混凝土造,109年11月20日,九層,六層 陽台 雨遮
RPVNMLRKRHGGFAW87DA,1,20.55,辦公室、集合住宅、本共有部分之項目有台電配電室、機電消防室、無障礙安全梯、消防水池、防空避難室兼停車空間、電信室、清水池、環保區、管委會使用空間、走廊兼梯廳、安全梯、梯廳、雨遮、電梯機房、水箱、水錶室等計１６項。,鋼筋混凝土造,109年11月20日,九層,
RPOQMLQKJIGGFAW66DA,,168.71,集合住宅,鋼筋混凝土造,110年7月1日,三層,一層 二層 三層 陽台 屋頂突出物
RPUNMLLKRHGGFAW17DA,1,57.78,集合住宅,鋼筋混凝土造,109年11月20日,九層,二層 陽台 雨遮
RPUNMLLKRHGGFAW17DA,1,20.82,辦公室、集合住宅、本共有部分之項目有台電配電室、機電消防室、無障礙安全梯、消防水池、防空避難室兼停車空間、電信室、清水池、環保區、管委會使用空間、走廊兼梯廳、安全梯、梯廳、雨遮、電梯機房、水箱、水錶室等計１６項。,鋼筋混凝土造,109年11月20日,九層,
RPUNMLRJRHGGFAW67DA,1,49.46,集合住宅,鋼筋混凝土造,109年6月12日,四層,二層 陽台
RPUNMLRJRHGGFAW67DA,1,13.48,集合住宅：本共有部分之項目計有無障礙電梯、梯廳、樓梯間、水塔間等４項。,鋼筋混凝土造,109年6月12日,四層,
RPUNMLLMQHGGFAW27DA,,85.94,集合住宅,鋼筋混凝土造,110年6月11日,五層,四層 陽台
RPUNMLLMQHGGFAW27DA,,20.38,集合住宅：本共有部分項目有電訊室、機電空間、梯廳、門廳等４項。,鋼筋混凝土造,110年6月11日,五層,
RPRPMLQKJIGGFAW86DA,,166.65,集合住宅,鋼筋混凝土造,110年7月1日,三層,一層 二層 三層 陽台 屋頂突出物
RPOOMLKKRHGGFAW56DA,,67.76,集合住宅,鋼筋混凝土造,110年4月15日,三層,一層 陽台
RPOOMLKKRHGGFAW56DA,,7.81,集合住宅：本建物共有部分有樓梯１項。,鋼筋混凝土造,110年4月15日,三層,
RPSNMLLKRHGGFAW96DA,,85.94,集合住宅,鋼筋混凝土造,110年6月11日,五層,二層 陽台
RPSNMLLKRHGGFAW96DA,,20.38,集合住宅：本共有部分項目有電訊室、機電空間、梯廳、門廳等４項。,鋼筋混凝土造,110年6月11日,五層,
RPSNMLPKRHGGFAW37DA,,85.94,集合住宅,鋼筋混凝土造,110年6月11日,五層,四層 陽台
RPSNMLPKRHGGFAW37DA,,20.38,集合住宅：本共有部分項目有電訊室、機電空間、梯廳、門廳等４項。,鋼筋混凝土造,110年6月11日,五層,
RPUNMLPKRHGGFAW57DA,6,86.09,集合住宅,鋼筋混凝土造,104年6月9日,三層,一層 陽台
RPUNMLPKRHGGFAW57DA,6,8.97,共有部分：本共有部分之項目計有樓梯間１項。,鋼筋混凝土造,104年6月9日,三層,
RPXNMLSJRHGGFAW08DA,1,49.50,集合住宅,鋼筋混凝土造,109年6月12日,四層,三層 陽台
RPXNMLSJRHGGFAW08DA,1,13.48,集合住宅：本共有部分之項目計有無障礙電梯、梯廳、樓梯間、水塔間等４項。,鋼筋混凝土造,109年6月12日,四層,
RPTNMLRJRHGGFAW57DA,1,46.26,集合住宅,鋼筋混凝土造,109年6月12日,四層,一層
RPTNMLRJRHGGFAW57DA,1,13.48,集合住宅：本共有部分之項目計有無障礙電梯、梯廳、樓梯間、水塔間等４項。,鋼筋混凝土造,109年6月12日,四層,
RPPNMLQJQHGGFAW96DA,,94.30,集合住宅,鋼筋混凝土造,110年2月9日,六層,二層 陽台
RPPNMLQJQHGGFAW96DA,,61.35,集合住宅：本共有部分之項目計有滯洪池、電信室、梯廳、水箱、緊急發電室、消防幫浦室、消防水箱、廢水池、台電配電場所、受電箱、電梯空間、停車位等１２項。,鋼筋混凝土造,110年2月9日,六層,
RPQNMLSKQHGGFAW37DA,1,56.40,集合住宅,鋼筋混凝土造,109年11月20日,九層,五層 陽台 雨遮
RPQNMLSKQHGGFAW37DA,1,20.31,辦公室、集合住宅、本共有部分之項目有台電配電室、機電消防室、無障礙安全梯、消防水池、防空避難室兼停車空間、電信室、清水池、環保區、管委會使用空間、走廊兼梯廳、安全梯、梯廳、雨遮、電梯機房、水箱、水錶室等計１６項。,鋼筋混凝土造,109年11月20日,九層,
RPUNMLPKJIGGFAW96EA,5,291.82,農舍,鋼筋混凝土造,105年8月3日,二層,一層 二層 陽台 屋頂突出物
RPWNMLTKQHGGFAW08DA,1,58.04,集合住宅,鋼筋混凝土造,109年11月20日,九層,二層 陽台 雨遮
RPWNMLTKQHGGFAW08DA,1,20.89,辦公室、集合住宅、本共有部分之項目有台電配電室、機電消防室、無障礙安全梯、消防水池、防空避難室兼停車空間、電信室、清水池、環保區、管委會使用空間、走廊兼梯廳、安全梯、梯廳、雨遮、電梯機房、水箱、水錶室等計１６項。,鋼筋混凝土造,109年11月20日,九層,
RPSNMLOJJIGGFAW09DA,2,56.89,集合住宅,鋼筋混凝土造,108年6月25日,三層,三層 陽台
RPSNMLOJJIGGFAW09DA,2,50.82,共有部分：本共有部分之項目計有機房Ａ－消防泵浦室、機房Ｂ－發電機室、機房Ｃ－電信、機房Ｄ－台電、機房Ｅ－自來水用（下水池）、消防水池、梯廳、梯間、停車空間、公共空間、走廊、電梯、地下車道、滯洪池、停車位等１５項。,鋼筋混凝土造,108年6月25日,三層,
RPQNMLNKRHGGFAW96DA,7,201.01,集村農舍,鋼筋混凝土造,104年1月6日,三層,一層 二層 三層 陽台
RPQNMLQJQHGGFAW07DA,2,54.95,集合住宅,鋼筋混凝土造,108年6月25日,三層,三層 陽台
RPQNMLQJQHGGFAW07DA,2,50.18,共有部分：本共有部分之項目計有機房Ａ－消防泵浦室、機房Ｂ－發電機室、機房Ｃ－電信、機房Ｄ－台電、機房Ｅ－自來水用（下水池）、消防水池、梯廳、梯間、停車空間、公共空間、走廊、電梯、地下車道、滯洪池、停車位等１５項。,鋼筋混凝土造,108年6月25日,三層,
RPQNMLQKQHGGFAW17DA,,87.92,店鋪,鋼筋混凝土造,110年4月29日,五層,一層 陽台
RPQNMLQKQHGGFAW17DA,,14.98,店鋪、集合住宅、共有部分之項目有梯廳、十人份無障礙電梯（防煙）、機道、水箱、機械房等５項。,鋼筋混凝土造,110年4月29日,五層,
RPTOMLQJIIGGFAW76DA,8,26.94,共有部分：本共有部分之項目計有樓梯間、停車空間、廢水池、消防水池、台電配電室、機房、蓄水池、電信機房等８項,鋼筋混凝土造,102年11月20日,三層,
RPQNMLRJRHGGFAW27DA,1,57.78,集合住宅,鋼筋混凝土造,109年11月20日,九層,二層 陽台 雨遮
RPQNMLRJRHGGFAW27DA,1,35.37,辦公室、集合住宅、本共有部分之項目有台電配電室、機電消防室、無障礙安全梯、消防水池、防空避難室兼停車空間、電信室、清水池、環保區、管委會使用空間、走廊兼梯廳、安全梯、梯廳、雨遮、電梯機房、水箱、水錶室等計１６項。,鋼筋混凝土造,109年11月20日,九層,
RPQNMLLKRHGGFAW76DA,5,51.98,集合住宅,鋼筋混凝土造,105年6月17日,七層,三層 陽台 雨遮
RPQNMLLKRHGGFAW76DA,5,20.61,共有部分：本共有部分之項目有梯間、防空避難室兼停車空間、消防水池、機電消防室、台電配電室、雨遮、汽車升降機房、汽車昇降道、清水池、電信室、車道、外廊、水錶室、水箱、電梯機房等１５項。,鋼筋混凝土造,105年6月17日,七層,
RPXNMLKKRHGGFAW37DA,,377.22,農舍,鋼筋混凝土造,110年6月7日,三層,一層 二層 三層 陽台
RPVNMLMLPHGGFAW27DA,,53.14,集合住宅,鋼筋混凝土造,110年3月19日,五層,一層
RPVNMLMLPHGGFAW27DA,,15.79,集合住宅、本共有部分之項目計有甲梯間、無障礙電梯（甲）、甲梯廳、乙梯間、無障礙電梯（乙）、乙梯廳、丙梯間、無障礙電梯（丙）、丙梯廳、停車空間、機房、水塔間等１２項。,鋼筋混凝土造,110年3月19日,五層,
RPQNMLPJIIGGFAW88DA,4,46.83,集合住宅,鋼筋混凝土造,106年7月31日,三層,二層
RPQNMLPJIIGGFAW88DA,4,9.76,共有部分：本共有部分之項目有樓梯間１項。,鋼筋混凝土造,106年7月31日,三層,
RPUNMLMLPHGGFAW17DA,,53.14,集合住宅,鋼筋混凝土造,110年3月19日,五層,一層
RPUNMLMLPHGGFAW17DA,,15.79,集合住宅、本共有部分之項目計有甲梯間、無障礙電梯（甲）、甲梯廳、乙梯間、無障礙電梯（乙）、乙梯廳、丙梯間、無障礙電梯（丙）、丙梯廳、停車空間、機房、水塔間等１２項。,鋼筋混凝土造,110年3月19日,五層,
RPSNMLQLNHGGFAW17DA,,59.18,集合住宅,鋼筋混凝土造,110年3月19日,五層,二層 陽台
RPSNMLQLNHGGFAW17DA,,79.25,集合住宅、本共有部分之項目計有甲梯間、無障礙電梯（甲）、甲梯廳、乙梯間、無障礙電梯（乙）、乙梯廳、丙梯間、無障礙電梯（丙）、丙梯廳、停車空間、機房、水塔間等１２項。,鋼筋混凝土造,110年3月19日,五層,
RPSNMLKKRHGGFAW96EA,1,35.13,旅館,鋼筋混凝土造,109年4月8日,十層,八層 陽台 雨遮
RPSNMLKKRHGGFAW96EA,1,18.54,店舖、集合住宅、本建物共有部分之項目有車道、排風機房、緊急昇降機、客梯兼無障礙電梯、廢水池、消防幫浦室、蓄水池、甲梯、進風機房、防空避難室兼停車空間、電信機房、乙梯、梯廳、汙物處理室、台電受電室、設備空間、機械室、停車空間、迴轉空間、發電機室、排煙室、消防設備空間、雨遮、陽台、管委會空間等共計２５項。,鋼筋混凝土造,109年4月8日,十層,
RPRNMLQLIIGGFAW76EA,1,35.37,旅館,鋼筋混凝土造,109年4月8日,十層,七層 陽台 雨遮
RPRNMLQLIIGGFAW76EA,1,18.67,店舖、集合住宅、本建物共有部分之項目有車道、排風機房、緊急昇降機、客梯兼無障礙電梯、廢水池、消防幫浦室、蓄水池、甲梯、進風機房、防空避難室兼停車空間、電信機房、乙梯、梯廳、汙物處理室、台電受電室、設備空間、機械室、停車空間、迴轉空間、發電機室、排煙室、消防設備空間、雨遮、陽台、管委會空間等共計２５項。,鋼筋混凝土造,109年4月8日,十層,
RPSNMLTKJIGGFAW07DA,12,73.35,集合住宅,鋼筋混凝土造,96年10月24日,三層,三層 陽台
RPSNMLTKJIGGFAW07DA,12,17.60,樓梯間,鋼筋混凝土造,96年10月24日,三層,
RPPOMLPKMHGGFAW66DA,1,78.06,集合住宅,鋼筋混凝土造,109年8月17日,五層,五層 陽台
RPPOMLPKMHGGFAW66DA,1,13.27,集合住宅：本共有部分之項目計無障礙電梯、梯廳、安全梯間、無障礙樓梯、機房（電信）、甲梯等６項。,鋼筋混凝土造,109年8月17日,五層,
RPRNMLNLRHGGFAW17DA,1,89.81,集合住宅,鋼筋混凝土造,109年4月13日,三層,二層 陽台
RPRNMLNLRHGGFAW17DA,1,14.23,集合住宅、本共有部分之項目計有機房、水箱機房、梯廳、電梯、門廳（管委會使用空間）、停車空間、車道、無障礙通路等八項。,鋼筋混凝土造,109年4月13日,三層,
