﻿鄉鎮市區,交易標的,土地位置建物門牌,土地移轉總面積平方公尺,都市土地使用分區,非都市土地使用分區,非都市土地使用編定,交易年月日,交易筆棟數,移轉層次,總樓層數,建物型態,主要用途,主要建材,建築完成年月,建物移轉總面積平方公尺,建物現況格局-房,建物現況格局-廳,建物現況格局-衛,建物現況格局-隔間,有無管理組織,總價元,單價元平方公尺,車位類別,車位移轉總面積(平方公尺),車位總價元,備註,編號,主建物面積,附屬建物面積,陽台面積,電梯,移轉編號
The villages and towns urban district,transaction sign,land sector position building sector house number plate,land shifting total area square meter,the use zoning or compiles and checks,the non-metropolis land use district,non-metropolis land use,transaction year month and day,transaction pen number,shifting level,total floor number,building state,main use,main building materials,construction to complete the years,building shifting total area,Building present situation pattern - room,building present situation pattern - hall,building present situation pattern - health,building present situation pattern - compartmented,Whether there is manages the organization,total price NTD,the unit price (NTD / square meter),the berth category,berth shifting total area square meter,the berth total price NTD,the note,serial number,,,,,
湖西鄉,土地,潭邊新段593地號,23.5,,鄉村區,乙種建築用地,1101208,土地1建物0車位0,,,其他,,,,0.0,0,0,0,有,無,140000,5957,,0.0,0,親友、員工、共有人或其他特殊關係間之交易；,RPPNMLSJKIGGFAX86EA,0.0,0.0,0.0,無,
馬公市,土地,山水西段302地號,749.88,,一般農業區,農牧用地,1101102,土地1建物0車位0,,,其他,,,,0.0,0,0,0,有,無,22440000,29925,,0.0,0,土地交易案件之價格含未來興建房屋成本；,RPTNMLPJJIGGFAX76DA,0.0,0.0,0.0,無,001
白沙鄉,土地,赤崁中段901地號,989.08,,一般農業區,農牧用地,1101102,土地2建物0車位0,,,其他,,,,0.0,0,0,0,有,無,1080000,1092,,0.0,0,,RPXNMLMJJIGGFAX86DA,0.0,0.0,0.0,無,002
馬公市,房地(土地+建物),澎湖縣馬公市經國路１０５巷６號,74.0,都市：其他:商業區,,,1101101,土地1建物1車位0,全,四層,透天厝,住家用,鋼筋混凝土造,0840609,218.0,5,2,5,有,無,7660000,35138,,0.0,0,買方買清。契稅由賣方負擔。,RPXNMLNJJIGGFAX96DA,186.68,31.32,0.0,無,
湖西鄉,土地,成功南段47-1地號,501.3,,一般農業區,農牧用地,1101105,土地1建物0車位0,,,其他,,,,0.0,0,0,0,有,無,1200000,2394,,0.0,0,親友、員工、共有人或其他特殊關係間之交易；,RPPNMLTJJIGGFAX86EA,0.0,0.0,0.0,無,
湖西鄉,土地,許家段697地號,22.63,,一般農業區,農牧用地,1101101,土地1建物0車位0,,,其他,,,,0.0,0,0,0,有,無,127829,5649,,0.0,0,含土地增值稅或其他稅費7829元；,RPSNMLMKJIGGFAX56EA,0.0,0.0,0.0,無,003
馬公市,房地(土地+建物),澎湖縣馬公市西文澳９２之１４號,100.66,都市：其他:住宅區,,,1101102,土地1建物1車位0,全,二層,透天厝,住家用,鋼筋混凝土加強磚造,0690913,106.6,3,1,2,有,無,3660000,34334,,0.0,0,,RPSNMLQKJIGGFAX86DA,106.6,0.0,0.0,無,
馬公市,房地(土地+建物),澎湖縣馬公市樂群街４８號,71.31,都市：其他:住宅區,,,1101102,土地2建物1車位0,全,二層,透天厝,住家用,鋼筋混凝土加強磚造,0700620,91.12,3,2,2,有,無,5660000,62116,,0.0,0,,RPSOMLQKJIGGFAX96DA,91.12,0.0,0.0,無,
西嶼鄉,房地(土地+建物),澎湖縣西嶼鄉大池角６５之６號,84.59,,一般農業區,甲種建築用地,1101110,土地2建物1車位0,全,二層,透天厝,住家用,鋼筋混凝土加強磚造,0730220,111.15,3,2,2,有,無,1500000,13495,,0.0,0,,RPOOMLKKJIGGFAX58DA,111.15,0.0,0.0,無,
馬公市,土地,五福段885地號,536.64,,一般農業區,農牧用地,1101102,土地1建物0車位0,,,其他,,,,0.0,0,0,0,有,無,18520000,34511,,0.0,0,,RPPNMLOJJIGGFAX88DA,0.0,0.0,0.0,無,
馬公市,土地,五福段885-3地號,82.65,,一般農業區,交通用地,1101102,土地1建物0車位0,,,其他,,,,0.0,0,0,0,有,無,1240000,15003,,0.0,0,,RPQNMLOJJIGGFAX98DA,0.0,0.0,0.0,無,004
湖西鄉,土地,尖山中段1011地號,802.12,,一般農業區,農牧用地,1101112,土地2建物0車位0,,,其他,,,,0.0,0,0,0,有,無,3396000,4234,,0.0,0,,RPTNMLRKJIGGFAX07DA,0.0,0.0,0.0,無,
馬公市,土地,鎖港南段687地號,19.57,都市：其他:住宅區,,,1101110,土地3建物0車位0,,,其他,,,,0.0,0,0,0,有,無,472900,24165,,0.0,0,買方另支付土地增值稅33560元。,RPWNMLSKJIGGFAX47DA,0.0,0.0,0.0,無,
馬公市,土地,雙湖段1095地號,239.31,,一般農業區,農牧用地,1101109,土地1建物0車位0,,,其他,,,,0.0,0,0,0,有,無,300000,1254,,0.0,0,親友、員工或其他特殊關係間之交易。；,RPTNMLMKJIGGFAX66EA,0.0,0.0,0.0,無,
七美鄉,土地,七美一段375-2地號,188.68,,一般農業區,農牧用地,1101101,土地2建物0車位0,,,其他,,,,0.0,0,0,0,有,無,713375,3781,,0.0,0,土地增值稅買賣雙方各半負擔.含土地增值稅或其他稅費；親友、員工、共有人或其他特殊關係間之交易；,RPTNMLSJJIGGFAX07DA,0.0,0.0,0.0,無,005
七美鄉,土地,七美一段375-1地號,188.67,,一般農業區,農牧用地,1101101,土地2建物0車位0,,,其他,,,,0.0,0,0,0,有,無,713375,3781,,0.0,0,土地增值稅買賣雙方各半負擔含土地增值稅或其他稅費；親友、員工、共有人或其他特殊關係間之交易；,RPSNMLRKJIGGFAX07EA,0.0,0.0,0.0,無,005
七美鄉,土地,七美一段375地號,188.67,,一般農業區,農牧用地,1101101,土地2建物0車位0,,,其他,,,,0.0,0,0,0,有,無,713375,3781,,0.0,0,土地增值稅買賣雙方各半負擔.含土地增值稅或其他稅費；親友、員工、共有人或其他特殊關係間之交易；,RPUNMLSJJIGGFAX17DA,0.0,0.0,0.0,無,005
湖西鄉,土地,許家段480地號,975.56,,一般農業區,農牧用地,1101101,土地1建物0車位0,,,其他,,,,0.0,0,0,0,有,無,34060000,34913,,0.0,0,權利人共四人含未來興建四戶之房屋價款土地交易案件之價格含未來興建房屋成本；,RPTNMLOLJIGGFAX86DA,0.0,0.0,0.0,無,
湖西鄉,土地,龍門南段631地號,1911.34,,一般農業區,農牧用地,1101105,土地1建物0車位0,,,其他,,,,0.0,0,0,0,有,無,2600000,1360,,0.0,0,,RPTNMLNLJIGGFAX76DA,0.0,0.0,0.0,無,
白沙鄉,房地(土地+建物),澎湖縣白沙鄉大赤崁３２之３號,128.14,,鄉村區,乙種建築用地,1101110,土地1建物1車位0,全,一層,透天厝,住家用,加強磚造,0900215,78.28,2,1,2,有,無,2780000,35514,,0.0,0,,RPOOMLTKJIGGFAX86DA,78.28,0.0,0.0,無,
馬公市,土地,文澳段2453地號,234.0,都市：其他:住宅區,,,1101115,土地2建物0車位0,,,其他,,,,0.0,0,0,0,有,無,21600000,92308,,0.0,0,,RPUNMLPKJIGGFAX96DA,0.0,0.0,0.0,無,008
湖西鄉,房地(土地+建物),澎湖縣湖西鄉港子尾７８之１６號,590.62,,一般農業區,特定目的事業用地,1101114,土地1建物1車位0,全,一層,透天厝,其他,鋼筋混凝土造,1061116,359.07,29,2,17,有,無,15280000,42554,,0.0,0,親友、員工、共有人或其他特殊關係間之交易；,RPQNMLQKJIGGFAX66DA,354.13,4.94,0.0,無,
白沙鄉,土地,吉貝西段974地號,352.45,,一般農業區,農牧用地,1101117,土地1建物0車位0,,,其他,,,,0.0,0,0,0,有,無,6300000,17875,,0.0,0,總價含未登記建物價格未登記建物；,RPSNMLPLJIGGFAX86DA,0.0,0.0,0.0,無,
湖西鄉,土地,潭邊新段366地號,1343.0,,一般農業區,農牧用地,1101118,土地1建物0車位0,,,其他,,,,0.0,0,0,0,有,無,6090000,4535,,0.0,0,,RPOOMLSKJIGGFAX76DA,0.0,0.0,0.0,無,
湖西鄉,土地,許家段1082地號,1447.25,,一般農業區,農牧用地,1101105,土地1建物0車位0,,,其他,,,,0.0,0,0,0,有,無,11000000,7601,,0.0,0,,RPUNMLTLJIGGFAX47DA,0.0,0.0,0.0,無,009
馬公市,土地,鎖港南段369地號,735.88,,一般農業區,農牧用地,1101115,土地6建物0車位0,,,其他,,,,0.0,0,0,0,有,無,6000000,8154,,0.0,0,,RPRNMLQKJIGGFAX76DA,0.0,0.0,0.0,無,
西嶼鄉,土地,橫礁新段1318-1地號,491.33,,風景區,農牧用地,1101101,土地3建物0車位0,,,其他,,,,0.0,0,0,0,有,無,1932000,3932,,0.0,0,,RPTNMLLJKIGGFAX09DA,0.0,0.0,0.0,無,
湖西鄉,土地,潭邊新段1051-9地號,40.88,,一般農業區,殯葬用地,1101123,土地1建物0車位0,,,其他,,,,0.0,0,0,0,有,無,438234,10720,,0.0,0,政府機關標讓售；,RPTNMLMJKIGGFAX56DA,0.0,0.0,0.0,無,
七美鄉,土地,七美三段2292地號,19.2,,鄉村區,交通用地,1101116,土地1建物0車位0,,,其他,,,,0.0,0,0,0,有,無,40320,2100,,0.0,0,協議價購；,RPRNMLMLJIGGFAX56EA,0.0,0.0,0.0,無,
湖西鄉,土地,林投南段1025地號,678.72,,一般農業區,農牧用地,1101115,土地1建物0車位0,,,其他,,,,0.0,0,0,0,有,無,1888889,2783,,0.0,0,地清或未辦繼承標售；,RPTNMLTLJIGGFAX47EA,0.0,0.0,0.0,無,
馬公市,房地(土地+建物),澎湖縣馬公市林森路３６號五樓之一,18.55,都市：其他:市場用地,,,1101102,土地2建物1車位0,五層,八層,華廈(10層含以下有電梯),住家用,鋼筋混凝土造,0850202,132.56,3,2,2,有,有,4700000,35456,,0.0,0,,RPUNMLKMJIGGFAX66DA,91.84,0.0,10.81,有,
馬公市,房地(土地+建物)+車位,澎湖縣馬公市貿商街１２３號,28.45,都市：其他:住宅區,,,1101119,土地2建物1車位1,一層,七層,華廈(10層含以下有電梯),住家用,鋼筋混凝土造,0950710,174.54000000000002,3,2,2,有,有,3500000,20053,坡道平面,0.0,0,親友、員工、共有人或其他特殊關係間之交易；,RPVNMLTKJIGGFAX47DA,95.69,0.0,10.23,有,010
湖西鄉,土地,許家段389-1地號,1732.61,,風景區,農牧用地,1101119,土地2建物0車位0,,,其他,,,,0.0,0,0,0,有,無,24109268,13915,,0.0,0,,RPPOMLTKJIGGFAX96DA,0.0,0.0,0.0,無,
馬公市,土地,文石段887地號,2488.91,,一般農業區,農牧用地,1101117,土地2建物0車位0,,,其他,,,,0.0,0,0,0,有,無,115100000,46245,,0.0,0,權利人共12人土地交易案件之價格含未來興建房屋成本；,RPPNMLKLJIGGFAX68DA,0.0,0.0,0.0,無,
湖西鄉,土地,成功南段1213地號,65.4,,一般農業區,農牧用地,1101125,土地1建物0車位0,,,其他,,,,0.0,0,0,0,有,無,250000,3823,,0.0,0,,RPRNMLTLJIGGFAX17DA,0.0,0.0,0.0,無,
馬公市,房地(土地+建物),澎湖縣馬公市大仁街３５號,60.0,都市：其他:商業區,,,1101109,土地1建物1車位0,全,四層,透天厝,住商用,鋼筋混凝土造,0680123,190.8,4,1,3,有,無,13650000,71541,,0.0,0,,RPRNMLKKJIGGFAX78DA,190.8,0.0,0.0,無,
馬公市,土地,海堤段1001地號,340.71,都市：其他:住宅區,,,1101109,土地1建物0車位0,,,其他,,,,0.0,0,0,0,有,無,4328600,12705,,0.0,0,,RPQNMLSJKIGGFAX96EA,0.0,0.0,0.0,無,011
馬公市,土地,海堤段1001地號,170.36,都市：其他:住宅區,,,1101109,土地1建物0車位0,,,其他,,,,0.0,0,0,0,有,無,2473440,14519,,0.0,0,親友、員工、共有人或其他特殊關係間之交易；,SPQNMLSJKIGGFAX07EA,0.0,0.0,0.0,無,011
馬公市,土地,海堤段1000地號,338.57,都市：其他:住宅區,,,1101109,土地1建物0車位0,,,其他,,,,0.0,0,0,0,有,無,4301500,12705,,0.0,0,親友、員工、共有人或其他特殊關係間之交易；,RPTNMLSJKIGGFAX27EA,0.0,0.0,0.0,無,
馬公市,土地,安宅段1366地號,68.89,,鄉村區,乙種建築用地,1101104,土地1建物0車位0,,,其他,,,,0.0,0,0,0,有,無,345820,5020,,0.0,0,政府機關標讓售；,RPRNMLLJKIGGFAX98EA,0.0,0.0,0.0,無,
湖西鄉,土地,白坑段172-2地號,11.19,,鄉村區,交通用地,1101124,土地1建物0車位0,,,其他,,,,0.0,0,0,0,有,無,95563,8540,,0.0,0,政府機關標讓售；,RPSNMLRJKIGGFAX07EA,0.0,0.0,0.0,無,
七美鄉,土地,七美二段1002地號,48.57,,鄉村區,乙種建築用地,1101126,土地1建物0車位0,,,其他,,,,0.0,0,0,0,有,無,2400000,49413,,0.0,0,未登記建物；,RPSNMLQLJIGGFAX96DA,0.0,0.0,0.0,無,
馬公市,土地,六合段204地號,413.82,,一般農業區,農牧用地,1101116,土地1建物0車位0,,,其他,,,,0.0,0,0,0,有,無,6000000,14499,,0.0,0,,RPUNMLQLJIGGFAX17DA,0.0,0.0,0.0,無,
西嶼鄉,土地,池東段676地號,441.31,,鄉村區,乙種建築用地,1101125,土地1建物0車位0,,,其他,,,,0.0,0,0,0,有,無,2800000,6345,,0.0,0,,RPWNMLTLJIGGFAX67DA,0.0,0.0,0.0,無,013
湖西鄉,房地(土地+建物),澎湖縣湖西鄉青螺２４之１號,376.7,,一般農業區,甲種建築用地,1101122,土地2建物1車位0,全,三層,透天厝,住家用,鋼筋混凝土造,1040316,170.13,3,1,4,有,無,7500000,44084,,0.0,0,,RPVNMLKMJIGGFAX76DA,162.01,8.12,0.0,無,
馬公市,房地(土地+建物),澎湖縣馬公市菜園４９之３號,101.97,,鄉村區,乙種建築用地,1101112,土地2建物1車位0,全,三層,透天厝,住家用,鋼筋混凝土造,0800830,161.46,5,1,4,有,無,4180000,25889,,0.0,0,,RPWNMLKMJIGGFAX86DA,161.46,0.0,0.0,無,
馬公市,土地,風櫃東段65地號,837.66,,一般農業區,農牧用地,1101109,土地1建物0車位0,,,其他,,,,0.0,0,0,0,有,無,1605000,1916,,0.0,0,,RPRNMLMJKIGGFAX98DA,0.0,0.0,0.0,無,
馬公市,土地,五福段6地號,1498.28,,一般農業區,農牧用地,1101109,土地1建物0車位0,,,其他,,,,0.0,0,0,0,有,無,22700000,15151,,0.0,0,,RPSNMLMJKIGGFAX09DA,0.0,0.0,0.0,無,
馬公市,土地,文石段843地號,286.47,,一般農業區,甲種建築用地,1101122,土地2建物0車位0,,,其他,,,,0.0,0,0,0,有,無,7900000,27577,,0.0,0,,RPVNMLRJKIGGFAX27DA,0.0,0.0,0.0,無,
馬公市,房地(土地+建物),澎湖縣馬公市三多路１４６巷２９號,39.91,都市：其他:住宅區,,,1101105,土地1建物1車位0,全,二層,透天厝,住家用,鋼筋混凝土加強空心磚造,0640617,55.44,4,1,1,有,無,3700000,66739,,0.0,0,親友、員工、共有人或其他特殊關係間之交易；,RPSNMLSJKIGGFAX07DA,55.44,0.0,0.0,無,
白沙鄉,土地,小赤段4地號,605.52,,一般農業區,農牧用地,1101004,土地2建物0車位0,,,其他,,,,0.0,0,0,0,有,無,4500000,7432,,0.0,0,土地增值稅由買方負擔。受債權債務關係影響或債務抵償；,RPOOMLOJIIGGFAX78DA,0.0,0.0,0.0,無,
白沙鄉,土地,小赤段431地號,120.06,,鄉村區,乙種建築用地,1101004,土地1建物0車位0,,,其他,,,,0.0,0,0,0,有,無,780000,6497,,0.0,0,,RPRNMLPJIIGGFAX09DA,0.0,0.0,0.0,無,014
湖西鄉,土地,成功南段1071地號,208.45,,一般農業區,農牧用地,1101004,土地1建物0車位0,,,其他,,,,0.0,0,0,0,有,無,6500000,31183,,0.0,0,土地交易案件之價格含未來興建房屋成本；,RPTNMLRJIIGGFAX86DA,0.0,0.0,0.0,無,015
馬公市,土地,裡新段4地號,613.63,,風景區,農牧用地,1101015,土地1建物0車位0,,,其他,,,,0.0,0,0,0,有,無,1856000,3025,,0.0,0,,RPUNMLPKIIGGFAX86DA,0.0,0.0,0.0,無,
馬公市,土地,興崁段566地號,106.65,,一般農業區,農牧用地,1101016,土地1建物0車位0,,,其他,,,,0.0,0,0,0,有,無,320000,3000,,0.0,0,親友、員工、共有人或其他特殊關係間之交易；,RPPNMLKLIIGGFAX68EA,0.0,0.0,0.0,無,016
湖西鄉,土地,南寮北段1670地號,612.22,,一般農業區,農牧用地,1101005,土地1建物0車位0,,,其他,,,,0.0,0,0,0,有,無,2280000,3724,,0.0,0,親友、員工、共有人或其他特殊關係間之交易；,RPUNMLKLIIGGFAX09DA,0.0,0.0,0.0,無,017
白沙鄉,土地,鎮海新段1171地號,246.53,,一般農業區,農牧用地,1101008,土地1建物0車位0,,,其他,,,,0.0,0,0,0,有,無,1000000,4056,,0.0,0,,RPTNMLMLIIGGFAX56DA,0.0,0.0,0.0,無,
馬公市,土地,興崁段883地號,1302.75,,一般農業區,農牧用地,1101013,土地1建物0車位0,,,其他,,,,0.0,0,0,0,有,無,9770000,7500,,0.0,0,,RPWNMLPKIIGGFAX07DA,0.0,0.0,0.0,無,018
馬公市,土地,五福段777-1地號,230.63,,一般農業區,農牧用地,1101021,土地1建物0車位0,,,其他,,,,0.0,0,0,0,有,無,2300000,9973,,0.0,0,,RPTNMLSLIIGGFAX17DA,0.0,0.0,0.0,無,019
馬公市,土地,文寮段422地號,1428.73,,一般農業區,農牧用地,1101021,土地1建物0車位0,,,其他,,,,0.0,0,0,0,有,無,35408000,24783,,0.0,0,,RPUNMLRLIIGGFAX17DA,0.0,0.0,0.0,無,020
馬公市,土地,裡新段1413地號,160.57,,風景區,農牧用地,1101008,土地1建物0車位0,,,其他,,,,0.0,0,0,0,有,無,1200000,7473,,0.0,0,,RPPNMLQLIIGGFAX56DA,0.0,0.0,0.0,無,
馬公市,土地,五德東段1299地號,489.17,,一般農業區,農牧用地,1101015,土地2建物0車位0,,,其他,,,,0.0,0,0,0,有,無,3153500,6447,,0.0,0,,RPQOMLRLIIGGFAX86DA,0.0,0.0,0.0,無,
馬公市,土地,馬公段537-1地號,8.0,都市：其他:商業區,,,1101021,土地3建物0車位0,,,其他,,,,0.0,0,0,0,有,無,1050160,131270,,0.0,0,政府機關標讓售；,RPVNMLRLIIGGFAX27DA,0.0,0.0,0.0,無,
馬公市,土地,西澳段973地號,113.97,都市：其他:住宅區,,,1101024,土地1建物0車位0,,,其他,,,,0.0,0,0,0,有,無,5900000,51768,,0.0,0,,RPWNMLSLIIGGFAX47DA,0.0,0.0,0.0,無,021
馬公市,房地(土地+建物),澎湖縣馬公市林森路８７巷１０弄１號,71.91,都市：其他:住宅區,,,1101022,土地1建物1車位0,全,二層,透天厝,住家用,鋼筋混凝土加強磚造,0651125,77.4,3,2,3,有,無,6100000,78811,,0.0,0,,RPPNMLTLIIGGFAX86DA,77.4,0.0,0.0,無,
馬公市,土地,雙湖段234-1地號,61.43,,鄉村區,乙種建築用地,1101021,土地2建物0車位0,,,其他,,,,0.0,0,0,0,有,無,1164712,18960,,0.0,0,政府機關標讓售；,RPSNMLTLIIGGFAX27EA,0.0,0.0,0.0,無,
白沙鄉,房地(土地+建物),澎湖縣白沙鄉大赤崁９之１９號,142.78,,一般農業區,甲種建築用地,1101005,土地2建物1車位0,全,三層,透天厝,住家用,鋼筋混凝土造,0900611,183.02,2,2,2,有,無,5600000,30598,,0.0,0,,RPSNMLQLIIGGFAX96EA,179.22,3.8,0.0,無,
馬公市,土地,鎖港南段357-1地號,17.05,,一般農業區,水利用地,1101021,土地1建物0車位0,,,其他,,,,0.0,0,0,0,有,無,219434,12870,,0.0,0,政府機關標讓售；,RPUNMLNJJIGGFAX76EA,0.0,0.0,0.0,無,
馬公市,土地,埕西段49地號,9.6,都市：其他:住宅區,,,1101025,土地1建物0車位0,,,其他,,,,0.0,0,0,0,有,無,492960,51350,,0.0,0,政府機關標讓售；,RPTNMLOJJIGGFAX76EA,0.0,0.0,0.0,無,
湖西鄉,土地,葉新段822地號,228.09,,鄉村區,乙種建築用地,1101008,土地1建物0車位0,,,其他,,,,0.0,0,0,0,有,無,1189988,5217,,0.0,0,地清或未辦繼承標售；,RPPNMLPJJIGGFAX09EA,0.0,0.0,0.0,無,
馬公市,車位,澎湖縣馬公市文明路６６、６８、６２號等２１戶共同使用,0.0,,,,1101018,土地0建物1車位2,,,其他,,,,46.65,0,0,0,有,有,560000,,坡道平面,0.0,560000,僅車位交易；,RPSNMLLJJIGGFAX88DA,0.0,0.0,0.0,有,
馬公市,房地(土地+建物),澎湖縣馬公市石泉１９９之１號,164.09,,一般農業區,甲種建築用地,1101006,土地1建物1車位0,全,三層,透天厝,住家用,鋼筋混凝土造,0970909,214.07,5,1,5,有,無,8000000,37371,,0.0,0,,RPVNMLMJJIGGFAX66DA,205.52,2.5,6.05,無,
馬公市,房地(土地+建物)+車位,澎湖縣馬公市林森路３６號八樓之七,19.03,都市：其他:市場用地,,,1101016,土地2建物1車位1,八層,八層,華廈(10層含以下有電梯),住家用,鋼筋混凝土造,0850202,149.92000000000002,3,2,2,有,有,5300000,35352,坡道平面,0.0,0,,RPUNMLOJJIGGFAX76DA,102.21,0.0,17.04,有,
馬公市,土地,馬公段2128地號,35.0,都市：其他:商業區,,,1101006,土地1建物0車位0,,,其他,,,,0.0,0,0,0,有,無,3000000,85714,,0.0,0,親友、員工、共有人或其他特殊關係間之交易；,RPWNMLOJJIGGFAX96DA,0.0,0.0,0.0,無,
白沙鄉,土地,赤崁中段405地號,425.28,,一般農業區,農牧用地,1101015,土地2建物0車位0,,,其他,,,,0.0,0,0,0,有,無,4110000,9664,,0.0,0,,RPSNMLPJJIGGFAX66DA,0.0,0.0,0.0,無,
馬公市,土地,興仁段797地號,1831.43,,一般農業區,農牧用地,1101017,土地2建物0車位0,,,其他,,,,0.0,0,0,0,有,無,8310000,4537,,0.0,0,親友、員工、共有人或其他特殊關係間之交易；,RPUNMLPJJIGGFAX86DA,0.0,0.0,0.0,無,
白沙鄉,土地,講美段721地號,160.04,,鄉村區,乙種建築用地,1101023,土地1建物0車位0,,,其他,,,,0.0,0,0,0,有,無,1200000,7498,,0.0,0,親友、員工、共有人或其他特殊關係間之交易；,RPWNMLMJJIGGFAX76DA,0.0,0.0,0.0,無,
湖西鄉,土地,林投北段179地號,587.55,,一般農業區,農牧用地,1101014,土地1建物0車位0,,,其他,,,,0.0,0,0,0,有,無,809000,1377,,0.0,0,地清或未辦繼承標售；,RPRNMLSJJIGGFAX96EA,0.0,0.0,0.0,無,
馬公市,土地,安宅段704地號,121.0,,一般農業區,甲種建築用地,1101029,土地1建物0車位0,,,其他,,,,0.0,0,0,0,有,無,1300000,10744,,0.0,0,,RPSNMLNJJIGGFAX56EA,0.0,0.0,0.0,無,
馬公市,房地(土地+建物),澎湖縣馬公市前寮６５號,369.9,,鄉村區,乙種建築用地,1101003,土地1建物1車位0,全,一層,透天厝,住家用,造,010,121.85,3,2,1,有,無,5594500,45913,,0.0,0,,RPQNMLQJIIGGFAX09DA,121.85,0.0,0.0,無,
湖西鄉,土地,紅羅段930地號,302.78,,鄉村區,乙種建築用地,1101019,土地1建物0車位0,,,其他,,,,0.0,0,0,0,有,無,1648600,5445,,0.0,0,,RPPOMLRLIIGGFAX76DA,0.0,0.0,0.0,無,
馬公市,房地(土地+建物),澎湖縣馬公市縣府新村１７號,103.38,都市：其他:住宅區,,,1101021,土地1建物1車位0,全,二層,透天厝,住家用,鋼筋混凝土加強磚造,0660204,110.46,3,2,2,有,無,8650000,78309,,0.0,0,含土地增值稅或其他稅費；含地政士服務費；其他；其他增建；未登記建物；,RPWNMLTJJIGGFAX47DA,110.46,0.0,0.0,無,
馬公市,房地(土地+建物)+車位,澎湖縣馬公市林森路３６號四樓之八,19.27,都市：其他:市場用地,,,1101005,土地2建物1車位1,四層,八層,華廈(10層含以下有電梯),住家用,鋼筋混凝土造,0850202,153.32,4,2,2,有,無,5950000,38808,坡道平面,0.0,0,,RPWNMLKKJIGGFAX66DA,107.83,0.0,14.43,有,
白沙鄉,土地,吉貝東段922地號,291.95,,一般農業區,農牧用地,1101022,土地1建物0車位0,,,其他,,,,0.0,0,0,0,有,無,200000,685,,0.0,0,,RPRNMLMKJIGGFAX09EA,0.0,0.0,0.0,無,
馬公市,土地,鎖港南段1468地號,1057.5,都市：其他:農業區,,,1101020,土地1建物0車位0,,,其他,,,,0.0,0,0,0,有,無,1000000,946,,0.0,0,親友、員工、共有人或其他特殊關係間之交易；,RPRNMLNJJIGGFAX09EA,0.0,0.0,0.0,無,
馬公市,房地(土地+建物),澎湖縣馬公市鎖管港１６５９號,234.8,都市：其他:住宅區,,,1101004,土地2建物1車位0,全,三層,透天厝,住家用,鋼筋混凝土造,0971216,158.41,3,1,3,有,無,8500000,53658,,0.0,0,,RPUNMLTJJIGGFAX27DA,150.92,0.0,7.49,無,
馬公市,土地,馬公段2031地號,24.0,都市：其他:商業區,,,1101018,土地1建物0車位0,,,其他,,,,0.0,0,0,0,有,無,17580000,732500,,0.0,0,未登記建物一併移轉畸零地或有合併使用效益；,RPVNMLKKJIGGFAX56DA,0.0,0.0,0.0,無,
七美鄉,土地,七美六段1629地號,682.01,,一般農業區,農牧用地,1101010,土地1建物0車位0,,,其他,,,,0.0,0,0,0,有,無,520000,762,,0.0,0,,RPUNMLTLIIGGFAX37DA,0.0,0.0,0.0,無,
馬公市,房地(土地+建物),澎湖縣馬公市大賢街１８８巷７號,47.42,都市：其他:住宅區,,,1101010,土地2建物1車位0,全,二層,透天厝,住家用,鋼筋混凝土加強磚造,0771217,67.27,3,2,2,有,無,2000000,29731,,0.0,0,親友、員工、共有人或其他特殊關係間之交易；,RPPNMLKKIIGGFAX48DA,67.27,0.0,0.0,無,
湖西鄉,房地(土地+建物),澎湖縣湖西鄉沙港５４號,294.34,,鄉村區,乙種建築用地,1101021,土地1建物1車位0,全,一層,透天厝,住家用,造,0230000,113.55,2,2,0,有,無,7800000,68692,,0.0,0,??造建物,RPQOMLKKJIGGFAX78DA,100.33,13.22,0.0,無,022
馬公市,土地,井垵西段678地號,35.39,,鄉村區,乙種建築用地,1101019,土地1建物0車位0,,,其他,,,,0.0,0,0,0,有,無,220000,6216,,0.0,0,,RPUNMLSLIIGGFAX37EA,0.0,0.0,0.0,無,
西嶼鄉,土地,池東段816-1地號,601.37,,一般農業區,農牧用地,1101008,土地1建物0車位0,,,其他,,,,0.0,0,0,0,有,無,2369398,3940,,0.0,0,政府機關標讓售；,RPSNMLSJJIGGFAX07EA,0.0,0.0,0.0,無,
馬公市,房地(土地+建物),澎湖縣馬公市石泉５７１號,314.49,,一般農業區,甲種建築用地,1101008,土地2建物1車位0,全,三層,透天厝,住家用,鋼筋混凝土造,1090831,293.63,5,2,6,有,無,15500000,52788,,0.0,0,土地價金新台幣9360000元整建物價金新台幣6140000元整,RPSNMLSKJIGGFAX07DA,258.72,34.91,0.0,無,
湖西鄉,土地,成功南段707地號,101.45,,一般農業區,農牧用地,1101006,土地1建物0車位0,,,其他,,,,0.0,0,0,0,有,無,1800000,17743,,0.0,0,,RPPNMLMKJIGGFAX78DA,0.0,0.0,0.0,無,023
湖西鄉,土地,鼎灣新段641-14地號,239.96,,一般農業區,甲種建築用地,1101026,土地3建物0車位0,,,其他,,,,0.0,0,0,0,有,無,1340000,5584,,0.0,0,,RPSNMLPKJIGGFAX76DA,0.0,0.0,0.0,無,024
馬公市,房地(土地+建物),澎湖縣馬公市頭掛１之６３號,272.34,,一般農業區,甲種建築用地,1101028,土地2建物1車位0,全,二層,透天厝,住家用,加強磚造,0980605,221.48,3,2,4,有,無,6000000,27090,,0.0,0,,RPVNMLRKJIGGFAX27DA,210.48,0.0,11.0,無,
馬公市,房地(土地+建物),澎湖縣馬公市光華１１５之１７號,236.41,,一般農業區,甲種建築用地,1101015,土地2建物1車位0,全,三層,透天厝,住家用,鋼筋混凝土造,1060711,324.3,5,5,3,有,無,11000000,33919,,0.0,0,,RPUNMLRKJIGGFAX17DA,281.55,42.75,0.0,無,
馬公市,土地,中衛段421地號,1175.71,都市：其他:乙種工業區,,,1101001,土地1建物0車位0,,,其他,,,,0.0,0,0,0,有,無,17782500,15125,,0.0,0,,RPPNMLQKJIGGFAX56DA,0.0,0.0,0.0,無,
湖西鄉,土地,青螺新段1132地號,53.18,,鄉村區,乙種建築用地,1101021,土地1建物0車位0,,,其他,,,,0.0,2,0,0,有,無,210800,3964,,0.0,0,地清或未辦繼承標售；,RPUNMLMKJIGGFAX76EA,0.0,0.0,0.0,無,
馬公市,房地(土地+建物),澎湖縣馬公市東衛１１５之６號３樓,57.94,,鄉村區,乙種建築用地,1101029,土地2建物1車位0,三層,三層,公寓(5樓含以下無電梯),住家用,鋼筋混凝土造,0890621,94.29,2,1,2,有,無,3100000,32877,,0.0,0,,RPRNMLLJJIGGFAX78DA,94.29,0.0,0.0,無,
馬公市,土地,海堤段912地號,128.53,都市：其他:住宅區,,,1101016,土地1建物0車位0,,,其他,,,,0.0,0,0,0,有,無,1478000,11499,,0.0,0,,RPPNMLQKIIGGFAX09DA,0.0,0.0,0.0,無,025
西嶼鄉,土地,池西段1157地號,139.96,,一般農業區,水利用地,1101019,土地1建物0車位0,,,其他,,,,0.0,0,0,0,有,無,281320,2010,,0.0,0,協議價購；,RPVNMLPKIIGGFAX96DA,0.0,0.0,0.0,無,
湖西鄉,房地(土地+建物),澎湖縣湖西鄉中寮２０之１號,30.77,,一般農業區,農牧用地,1101027,土地1建物1車位0,全,三層,透天厝,農業用,鋼筋混凝土造,0821102,35.09,5,3,3,有,無,1000000,28498,,0.0,0,親友、員工、共有人或其他特殊關係間之交易；,RPPNMLRKJIGGFAX76EA,34.39,0.7,0.0,無,
馬公市,房地(土地+建物),澎湖縣馬公市朝陽路３４號,59.36,都市：其他:住宅區,,,1101006,土地1建物1車位0,全,二層,透天厝,住家用,鋼筋混凝土加強磚造,0670828,75.48,3,2,2,有,無,5800000,76842,,0.0,0,,RPWNMLRJIIGGFAX17DA,75.48,0.0,0.0,無,
湖西鄉,房地(土地+建物),澎湖縣湖西鄉潭邊９１號,173.54,,一般農業區,甲種建築用地,1101020,土地2建物1車位0,全,三層,透天厝,住家用,鋼筋混凝土造,0890705,178.38,4,1,3,有,無,4200000,23545,,0.0,0,,RPQNMLMKJIGGFAX88DA,171.24,7.14,0.0,無,
馬公市,土地,烏崁新段1177地號,181.47,,一般農業區,農牧用地,1101018,土地1建物0車位0,,,其他,,,,0.0,0,0,0,有,無,411110,2265,,0.0,0,地清或未辦繼承標售；,RPVNMLOJJIGGFAX86DA,0.0,0.0,0.0,無,
馬公市,房地(土地+建物),澎湖縣馬公市鎖管港６５５號,70.03,都市：其他:商業區,,,1101030,土地1建物1車位0,全,二層,透天厝,住家用,鋼筋混凝土加強磚造,0760119,116.96,3,2,3,有,無,3480000,29754,,0.0,0,,RPRNMLMJJIGGFAX88DA,116.96,0.0,0.0,無,
馬公市,房地(土地+建物),澎湖縣馬公市光復路４４３巷１０號,66.88,,鄉村區,乙種建築用地,1101025,土地1建物1車位0,全,三層,透天厝,住家用,鋼筋混凝土加強磚造,0680210,102.08,5,3,2,有,無,3940000,38597,,0.0,0,,RPVNMLNLJIGGFAX96DA,102.08,0.0,0.0,無,
馬公市,房地(土地+建物)+車位,澎湖縣馬公市文山路２７巷８號三樓,33.67,都市：其他:住宅區,,,1101023,土地1建物1車位1,三層,十層,華廈(10層含以下有電梯),住家用,鋼筋混凝土造,1060328,164.67000000000002,3,2,2,有,有,6680000,40566,坡道平面,0.0,0,,RPSNMLNLJIGGFAX66DA,88.1,12.94,0.0,有,026
湖西鄉,土地,湖西南段931地號,1130.05,,一般農業區,農牧用地,1101024,土地1建物0車位0,,,其他,,,,0.0,0,0,0,有,無,1000000,885,,0.0,0,,RPRNMLQLJIGGFAX86DA,0.0,0.0,0.0,無,
湖西鄉,房地(土地+建物),澎湖縣湖西鄉太武７號,105.12,,一般農業區,甲種建築用地,1101022,土地1建物1車位0,全,一層,透天厝,住家用,造,,42.24,2,1,1,有,無,268700,6361,,0.0,0,標售金額含湖西鄉太武７號房屋，權力範圍1/3。土地與建物標售價268700元。地清或未辦繼承標售；,RPVNMLQKJIGGFAX27EA,42.24,0.0,0.0,無,
湖西鄉,土地,許家段169地號,1839.4,,一般農業區,農牧用地,1101029,土地2建物0車位0,,,其他,,,,0.0,0,0,0,有,無,14700000,7992,,0.0,0,含非都市公共設施用地,RPPNMLOLJIGGFAX09DA,0.0,0.0,0.0,無,
馬公市,房地(土地+建物),澎湖縣馬公市四維路８９號,69.73,都市：其他:住宅區,,,1101025,土地1建物1車位0,全,二層,透天厝,住家用,鋼筋混凝土加強磚造,0700323,91.44,3,2,2,有,無,5600000,61242,,0.0,0,,RPOOMLRLIIGGFAX66DA,91.44,0.0,0.0,無,
馬公市,房地(土地+建物)+車位,澎湖縣馬公市貿商街１３６號十二樓之三,30.32,都市：其他:住宅區,,,1101021,土地2建物1車位1,十二層,十四層,住宅大樓(11層含以上有電梯),住家用,鋼筋混凝土造,0950710,186.76,3,1,2,有,有,6200000,33198,坡道平面,0.0,0,,RPRNMLMLIIGGFAX98DA,101.98,0.0,11.64,有,027
白沙鄉,土地,通梁東段562地號,255.21,,一般農業區,農牧用地,1101007,土地9建物0車位0,,,其他,,,,0.0,0,0,0,有,無,300000,1176,,0.0,0,親友、員工、共有人或其他特殊關係間之交易；,RPUNMLOLJIGGFAX96DA,0.0,0.0,0.0,無,028
馬公市,建物,澎湖縣馬公市重慶街４８號,0.0,,,,1101014,土地0建物1車位0,全,四層,透天厝,商業用,鋼筋混凝土造,0870610,55.54,10,1,10,有,無,800000,14404,,0.0,0,親友、員工、共有人或其他特殊關係間之交易；,RPOOMLRJKIGGFAX66DA,55.54,0.0,0.0,無,
馬公市,土地,北澳段117-7地號,10.82,,鄉村區,乙種建築用地,1100902,土地1建物0車位0,,,其他,,,,0.0,0,0,0,有,無,322436,29800,,0.0,0,政府機關標讓售；,RPRNMLTJRHGGFAX77EA,0.0,0.0,0.0,無,
馬公市,土地,烏崁新段1264-5地號,96.02,,鄉村區,乙種建築用地,1100902,土地1建物0車位0,,,其他,,,,0.0,0,0,0,有,無,1108071,11540,,0.0,0,政府機關標讓售；,RPRNMLLKRHGGFAX07EA,0.0,0.0,0.0,無,
馬公市,土地,井垵西段891地號,373.0,,一般農業區,農牧用地,1100907,土地1建物0車位0,,,其他,,,,0.0,0,0,0,有,無,2820000,7560,,0.0,0,,RPPNMLLKRHGGFAX76DA,0.0,0.0,0.0,無,
西嶼鄉,土地,大池段1391地號,638.06,,一般農業區,農牧用地,1100903,土地2建物0車位0,,,其他,,,,0.0,0,0,0,有,無,1150000,1802,,0.0,0,,RPSNMLNJRHGGFAX17DA,0.0,0.0,0.0,無,
湖西鄉,土地,湖西南段1631地號,68.38,,鄉村區,乙種建築用地,1100902,土地2建物0車位0,,,其他,,,,0.0,0,0,0,有,無,770000,11261,,0.0,0,包含公共設施保留地用地；,RPSNMLOKRHGGFAX37DA,0.0,0.0,0.0,無,
白沙鄉,土地,赤崁中段512-1地號,67.03,,一般農業區,農牧用地,1100908,土地2建物0車位0,,,其他,,,,0.0,0,0,0,有,無,597237,8910,,0.0,0,政府機關標讓售；,RPSNMLPKRHGGFAX47DA,0.0,0.0,0.0,無,
馬公市,土地,北極段1224-2地號,39.48,都市：其他:住宅區,,,1100908,土地1建物0車位0,,,其他,,,,0.0,0,0,0,有,無,751699,19040,,0.0,0,政府機關標讓售；,RPTNMLPKRHGGFAX57DA,0.0,0.0,0.0,無,
馬公市,土地,文石段60-7地號,176.81,,一般農業區,農牧用地,1100908,土地3建物0車位0,,,其他,,,,0.0,0,0,0,有,無,2669831,15100,,0.0,0,政府機關標讓售；,RPTNMLQKRHGGFAX77EA,0.0,0.0,0.0,無,
馬公市,房地(土地+建物),澎湖縣馬公市中華路１８４巷１１號,51.0,都市：其他:住宅區,,,1100908,土地1建物1車位0,全,二層,透天厝,住家用,鋼筋混凝土加強空心磚造,0581125,78.66,2,4,3,有,無,5860000,74498,,0.0,0,,RPTNMLOKRHGGFAX47DA,78.66,0.0,0.0,無,029
湖西鄉,土地,青螺新段1353地號,889.32,,一般農業區,農牧用地,1100909,土地1建物0車位0,,,其他,,,,0.0,0,0,0,有,無,2716000,3054,,0.0,0,地清或未辦繼承標售；,RPSNMLNLRHGGFAX37DA,0.0,0.0,0.0,無,
馬公市,土地,中衛段449-2地號,33.61,都市：其他:乙種工業區,,,1100903,土地1建物0車位0,,,其他,,,,0.0,0,0,0,有,無,935366,27830,,0.0,0,政府機關標讓售；,RPVNMLQKRHGGFAX87DA,0.0,0.0,0.0,無,030
馬公市,土地,北極段1219地號,24.13,都市：其他:住宅區,,,1100903,土地1建物0車位0,,,其他,,,,0.0,0,0,0,有,無,156000,6465,,0.0,0,地清或未辦繼承標售；,RPSNMLOLRHGGFAX47DA,0.0,0.0,0.0,無,
湖西鄉,土地,成功南段981地號,1274.22,,一般農業區,農牧用地,1100914,土地1建物0車位0,,,其他,,,,0.0,0,0,0,有,無,4000000,3139,,0.0,0,,RPRNMLOKRHGGFAX27DA,0.0,0.0,0.0,無,
湖西鄉,土地,湖西南段1326-2地號,83.1,,一般農業區,水利用地,1100907,土地2建物0車位0,,,其他,,,,0.0,0,0,0,有,無,345696,4160,,0.0,0,政府機關標讓售；,RPSNMLQKRHGGFAX57DA,0.0,0.0,0.0,無,
馬公市,房地(土地+建物)+車位,澎湖縣馬公市貿商街１３１號八樓之一,31.4,都市：其他:住宅區,,,1100915,土地1建物1車位1,八層,十三層,住宅大樓(11層含以上有電梯),住家用,鋼筋混凝土造,0950629,211.2,4,2,2,有,有,5736000,27159,坡道平面,0.0,0,,RPXNMLPKRHGGFAX97DA,114.65,0.0,11.21,有,
馬公市,土地,山水南段174地號,37.78,,鄉村區,乙種建築用地,1100922,土地2建物0車位0,,,其他,,,,0.0,0,0,0,有,無,200000,5294,,0.0,0,親友、員工、共有人或其他特殊關係間之交易；未登記建物；,RPRNMLRLRHGGFAX77EA,0.0,0.0,0.0,無,
湖西鄉,土地,南寮北段1342地號,340.95,,鄉村區,乙種建築用地,1100914,土地1建物0車位0,,,其他,,,,0.0,0,0,0,有,無,1320000,3872,,0.0,0,,RPVNMLSLRHGGFAX18DA,0.0,0.0,0.0,無,
馬公市,房地(土地+建物),澎湖縣馬公市文光路１１０號三樓,22.68,都市：其他:住宅區,,,1100906,土地1建物1車位0,三層,七層,華廈(10層含以下有電梯),住家用,鋼筋混凝土造,0830510,118.86,3,2,2,有,無,4680000,39374,,0.0,0,,RPSNMLTLRHGGFAX97DA,92.66,9.84,0.0,有,
馬公市,土地,五福段171地號,8.56,,一般農業區,農牧用地,1100913,土地1建物0車位0,,,其他,,,,0.0,0,0,0,有,無,35939,4198,,0.0,0,親友、員工、共有人或其他特殊關係間之交易；,RPUNMLTLRHGGFAX18DA,0.0,0.0,0.0,無,
馬公市,土地,五福段172地號,121.93,,一般農業區,農牧用地,1100913,土地1建物0車位0,,,其他,,,,0.0,0,0,0,有,無,512100,4200,,0.0,0,親友、員工、共有人或其他特殊關係間之交易；,SPUNMLTLRHGGFAX28DA,0.0,0.0,0.0,無,
馬公市,房地(土地+建物),澎湖縣馬公市五福路６１巷７弄２號,89.48,,鄉村區,乙種建築用地,1100910,土地1建物1車位0,全,三層,透天厝,住家用,鋼筋混凝土加強磚造,0711218,138.8,4,1,3,有,無,4850000,34942,,0.0,0,,RPQNMLRLRHGGFAX57DA,138.8,0.0,0.0,無,
馬公市,土地,東澳段264地號,525.36,都市：其他:住宅區,,,1100902,土地2建物0車位0,,,其他,,,,0.0,0,0,0,有,無,29559000,56264,,0.0,0,,RPRNMLMLRHGGFAX17DA,0.0,0.0,0.0,無,031
湖西鄉,土地,許家段485地號,296.03,,一般農業區,農牧用地,1100902,土地1建物0車位0,,,其他,,,,0.0,0,0,0,有,無,2680000,9053,,0.0,0,親友、員工、共有人或其他特殊關係間之交易；,RPTNMLSJRHGGFAX87EA,0.0,0.0,0.0,無,032
七美鄉,土地,七美一段233-2地號,1191.01,,一般農業區,農牧用地,1100924,土地1建物0車位0,,,其他,,,,0.0,0,0,0,有,無,2000000,1679,,0.0,0,親友、員工、共有人或其他特殊關係間之交易；,RPPNMLKMRHGGFAX96EA,0.0,0.0,0.0,無,
馬公市,土地,文東段987地號,235.0,,一般農業區,農牧用地,1100914,土地1建物0車位0,,,其他,,,,0.0,0,0,0,有,無,2560000,10894,,0.0,0,,RPQNMLLKRHGGFAX86DA,0.0,0.0,0.0,無,
白沙鄉,房地(土地+建物),澎湖縣白沙鄉吉貝１８３之１６號,143.55,,一般農業區,甲種建築用地,1100913,土地2建物1車位0,全,三層,透天厝,住家用,鋼筋混凝土造,0930210,162.67,4,1,5,有,無,4020000,24713,,0.0,0,,RPUNMLOJIIGGFAX66DA,155.07,7.6,0.0,無,
馬公市,土地,光榮段17-1地號,40.98,都市：其他:住宅區,,,1100915,土地1建物0車位0,,,其他,,,,0.0,0,0,0,有,無,2843192,69380,,0.0,0,政府機關標讓售；,RPRNMLOLRHGGFAX37DA,0.0,0.0,0.0,無,
湖西鄉,土地,湖西北段575地號,322.52,,一般農業區,農牧用地,1100917,土地1建物0車位0,,,其他,,,,0.0,0,0,0,有,無,1250000,3876,,0.0,0,,RPUNMLSLRHGGFAX08DA,0.0,0.0,0.0,無,
馬公市,房地(土地+建物),澎湖縣馬公市東衛７３之１號,351.25,,鄉村區,乙種建築用地,1100928,土地6建物1車位0,全,三層,透天厝,住家用,鐵筋加強造,0560710,96.71,4,3,3,有,無,1000000,10340,,0.0,0,,RPSNMLLJIIGGFAX78DA,96.71,0.0,0.0,無,033
湖西鄉,土地,葉新段1812地號,394.15,,一般農業區,農牧用地,1100908,土地1建物0車位0,,,其他,,,,0.0,0,0,0,有,無,596000,1512,,0.0,0,,RPVNMLTLRHGGFAX28DA,0.0,0.0,0.0,無,
湖西鄉,土地,尖山南段589地號,162.43,,一般農業區,農牧用地,1100909,土地1建物0車位0,,,其他,,,,0.0,0,0,0,有,無,393120,2420,,0.0,0,,RPPNMLLJIIGGFAX58EA,0.0,0.0,0.0,無,
馬公市,房地(土地+建物)+車位,澎湖縣馬公市貿商街１２２號二樓之五,28.45,都市：其他:住宅區,,,1100901,土地2建物1車位1,二層,十四層,住宅大樓(11層含以上有電梯),住家用,鋼筋混凝土造,0950710,174.7,3,1,2,有,有,5500000,31483,坡道平面,0.0,0,,RPUNMLTJRHGGFAX97DA,94.92,0.0,11.16,有,
馬公市,土地,光榮新段75-1地號,201.79,都市：其他:第一種住宅區,,,1100902,土地1建物0車位0,,,其他,,,,0.0,0,0,0,有,無,14954000,74107,,0.0,0,,RPSNMLMJRHGGFAX07DA,0.0,0.0,0.0,無,
馬公市,土地,海堤段303地號,132.56,都市：其他:住宅區,,,1100915,土地4建物0車位0,,,其他,,,,0.0,0,0,0,有,無,2240000,16898,,0.0,0,親友、員工、共有人或其他特殊關係間之交易；,RPWNMLPKRHGGFAX87DA,0.0,0.0,0.0,無,
馬公市,土地,雙湖段933地號,219.23,,鄉村區,乙種建築用地,1100915,土地1建物0車位0,,,其他,,,,0.0,0,0,0,有,無,4950000,22579,,0.0,0,,RPPNMLPKRHGGFAX17DA,0.0,0.0,0.0,無,
馬公市,土地,五德東段1352地號,741.56,,一般農業區,農牧用地,1100923,土地1建物0車位0,,,其他,,,,0.0,0,0,0,有,無,1181000,1593,,0.0,0,,RPTNMLSLRHGGFAX97DA,0.0,0.0,0.0,無,
白沙鄉,土地,岐頭新段100地號,63.23,,鄉村區,乙種建築用地,1100929,土地1建物0車位0,,,其他,,,,0.0,0,0,0,有,無,250000,3954,,0.0,0,,RPRNMLKMRHGGFAX07DA,0.0,0.0,0.0,無,
馬公市,土地,興崁段485-5地號,55.08,,一般農業區,農牧用地,1100911,土地1建物0車位0,,,其他,,,,0.0,0,0,0,有,無,280000,5084,,0.0,0,,RPSNMLPJIIGGFAX56DA,0.0,0.0,0.0,無,
馬公市,土地,海堤段908地號,70.69,都市：其他:住宅區,,,1100910,土地1建物0車位0,,,其他,,,,0.0,0,0,0,有,無,742200,10499,,0.0,0,地清或未辦繼承標售；,RPTNMLPJIIGGFAX66DA,0.0,0.0,0.0,無,
馬公市,房地(土地+建物)+車位,澎湖縣馬公市四維路１２５號,28.83,都市：其他:住宅區,,,1100918,土地2建物1車位1,一層,七層,華廈(10層含以下有電梯),住家用,鋼筋混凝土造,0830831,150.41,4,1,2,有,無,4060000,26993,坡道平面,0.0,0,,RPSNMLQJIIGGFAX66DA,118.67,0.0,0.0,有,
馬公市,土地,北極段869地號,68.59,都市：其他:住宅區,,,1100922,土地2建物0車位0,,,其他,,,,0.0,0,0,0,有,無,1100000,16037,,0.0,0,買方另支付土地增值稅82456元整親友、員工、共有人或其他特殊關係間之交易；,RPUNMLQJIIGGFAX86DA,0.0,0.0,0.0,無,
馬公市,土地,鐵線段655地號,629.03,,一般農業區,農牧用地,1100929,土地1建物0車位0,,,其他,,,,0.0,0,0,0,有,無,4147500,6593,,0.0,0,,RPRNMLQJIIGGFAX56DA,0.0,0.0,0.0,無,034
馬公市,房地(土地+建物),澎湖縣馬公市同和路６號,66.73,都市：其他:住宅區,,,1100902,土地1建物1車位0,全,四層,透天厝,住家用,鋼筋混凝土造,1000104,181.99,8,1,8,有,無,16200000,89016,,0.0,0,,RPUNMLNLRHGGFAX57DA,174.03,7.96,0.0,無,035
馬公市,房地(土地+建物),澎湖縣馬公市西衛１８４號,375.27,,一般農業區,農牧用地,1100916,土地3建物1車位0,全,一層,透天厝,住家用,造,,8.22,0,0,0,無,無,3073750,373936,,0.0,0,,RPSNMLSJIIGGFAX86DA,5.46,2.75,0.0,無,036
馬公市,土地,四維段267-3地號,257.7,,一般農業區,甲種建築用地,1100909,土地2建物0車位0,,,其他,,,,0.0,0,0,0,有,無,3770000,14629,,0.0,0,,RPXNMLMKIIGGFAX86DA,0.0,0.0,0.0,無,
馬公市,房地(土地+建物),澎湖縣馬公市頭掛６１６號,247.07,,一般農業區,甲種建築用地,1100930,土地2建物1車位0,全,三層,透天厝,住家用,鋼筋混凝土造,1100726,234.92,4,2,4,有,無,8280000,35246,,0.0,0,,RPRNMLMKIIGGFAX88DA,223.29,11.63,0.0,無,
西嶼鄉,土地,大池段1382地號,213.12,,鄉村區,乙種建築用地,1100924,土地2建物0車位0,,,其他,,,,0.0,0,0,0,有,無,1000000,4692,,0.0,0,,RPPNMLSJIIGGFAX56DA,0.0,0.0,0.0,無,
馬公市,房地(土地+建物),澎湖縣馬公市西衛１８４號,375.27,,一般農業區,農牧用地,1100908,土地3建物1車位0,全,一層,透天厝,住家用,造,,8.22,0,0,0,無,無,3073750,373936,,0.0,0,,RPUNMLNKIIGGFAX66DA,5.46,2.75,0.0,無,036
馬公市,房地(土地+建物)+車位,澎湖縣馬公市西衛１３９號二樓之２,39.96,,鄉村區,乙種建築用地,1100916,土地1建物1車位1,二層,五層,華廈(10層含以下有電梯),住家用,鋼筋混凝土造,1100723,132.33,3,1,4,有,有,5980000,45190,一樓平面,0.0,0,,RPSNMLMKIIGGFAX98DA,85.98,4.31,0.0,有,
湖西鄉,土地,鼎灣新段774地號,194.72,,一般農業區,農牧用地,1100924,土地1建物0車位0,,,其他,,,,0.0,0,0,0,有,無,253136,1300,,0.0,0,地清或未辦繼承標售；,RPQNMLSJIIGGFAX76EA,0.0,0.0,0.0,無,
望安鄉,房地(土地+建物),澎湖縣望安鄉花宅１３９號,20.62,,鄉村區,乙種建築用地,1100907,土地1建物1車位0,全,一層,透天厝,住家用,造,0060000,15.32,0,0,0,無,無,174000,11358,,0.0,0,地清或未辦繼承標售；,RPSNMLRLRHGGFAX87EA,15.32,0.0,0.0,無,038
望安鄉,房地(土地+建物),澎湖縣望安鄉花宅１３９號,20.62,,鄉村區,乙種建築用地,1100907,土地1建物1車位0,全,一層,透天厝,住家用,造,0060000,15.32,0,0,0,無,無,174000,11358,,0.0,0,地清或未辦繼承標售；,RPTNMLRLRHGGFAX97EA,15.32,0.0,0.0,無,038
馬公市,土地,五福段287地號,564.69,,一般農業區,農牧用地,1100927,土地1建物0車位0,,,其他,,,,0.0,0,0,0,有,無,2900000,5136,,0.0,0,地清或未辦繼承標售；,RPPNMLPKIIGGFAX09EA,0.0,0.0,0.0,無,
望安鄉,房地(土地+建物),澎湖縣望安鄉花宅１３９號,20.62,,鄉村區,乙種建築用地,1100907,土地1建物1車位0,全,一層,透天厝,住家用,造,0060000,15.32,0,0,0,無,無,174000,11358,,0.0,0,地清或未辦繼承標售；,RPUNMLRLRHGGFAX08EA,15.32,0.0,0.0,無,038
馬公市,土地,鐵線段508地號,112.0,,一般農業區,農牧用地,1100930,土地1建物0車位0,,,其他,,,,0.0,0,0,0,有,無,1016400,9075,,0.0,0,親友、員工、共有人或其他特殊關係間之交易；,RPQNMLNKIIGGFAX98EA,0.0,0.0,0.0,無,
馬公市,房地(土地+建物),澎湖縣馬公市西衛１３９號二樓之１,30.39,,鄉村區,乙種建築用地,1100916,土地1建物1車位0,二層,五層,華廈(10層含以下有電梯),住家用,鋼筋混凝土造,1100723,99.21000000000001,2,1,2,有,有,4330000,43645,,0.0,0,,RPTNMLMKIIGGFAX09DA,65.72,11.96,0.0,有,
湖西鄉,土地,南寮北段1381地號,693.79,,一般農業區,農牧用地,1100927,土地1建物0車位0,,,其他,,,,0.0,0,0,0,有,無,1260000,1816,,0.0,0,,RPPNMLQJIIGGFAX98DA,0.0,0.0,0.0,無,
馬公市,土地,興崁段975地號,2320.73,,一般農業區,農牧用地,1100927,土地1建物0車位0,,,其他,,,,0.0,0,0,0,有,無,82772000,35666,,0.0,0,權利人共11人土地交易案件之價格含未來興建房屋成本；,RPTNMLNKIIGGFAX56DA,0.0,0.0,0.0,無,041
馬公市,房地(土地+建物),澎湖縣馬公市西衛１３９號三樓之１,30.39,,鄉村區,乙種建築用地,1100916,土地1建物1車位0,三層,五層,華廈(10層含以下有電梯),住家用,鋼筋混凝土造,1100723,99.21000000000001,2,1,2,有,有,4330000,43645,,0.0,0,,RPVNMLMKIIGGFAX66DA,65.72,11.96,0.0,有,
馬公市,房地(土地+建物)+車位,澎湖縣馬公市西衛１３９號三樓之２,39.96,,鄉村區,乙種建築用地,1100916,土地1建物1車位1,三層,五層,華廈(10層含以下有電梯),住家用,鋼筋混凝土造,1100723,132.39,3,2,2,有,有,6080000,45925,一樓平面,0.0,0,,RPWNMLMKIIGGFAX76DA,85.98,4.37,0.0,有,
馬公市,房地(土地+建物),澎湖縣馬公市東衛３１７之５號,298.36,,一般農業區,甲種建築用地,1100930,土地2建物1車位0,全,三層,透天厝,住家用,鋼筋混凝土造,0940124,206.68,3,2,4,有,無,8500000,41126,,0.0,0,,RPRNMLRJIIGGFAX66DA,198.7,7.98,0.0,無,042
馬公市,房地(土地+建物)+車位,澎湖縣馬公市西衛１３９號四樓之２,39.96,,鄉村區,乙種建築用地,1100916,土地1建物1車位1,四層,五層,華廈(10層含以下有電梯),住家用,鋼筋混凝土造,1100723,132.39,3,2,2,有,有,6180000,46680,一樓平面,0.0,0,,RPOOMLMKIIGGFAX68DA,85.98,4.37,0.0,有,
馬公市,房地(土地+建物)+車位,澎湖縣馬公市西衛１３９號四樓之１,30.39,,鄉村區,乙種建築用地,1100916,土地1建物1車位1,四層,五層,華廈(10層含以下有電梯),住家用,鋼筋混凝土造,1100723,112.96000000000001,2,1,2,有,有,4600000,40722,一樓平面,0.0,0,,RPPOMLMKIIGGFAX78DA,65.72,11.96,0.0,有,
馬公市,房地(土地+建物)+車位,澎湖縣馬公市西衛１３９號五樓之１,30.39,,鄉村區,乙種建築用地,1100916,土地1建物1車位1,五層,五層,華廈(10層含以下有電梯),住家用,鋼筋混凝土造,1100723,112.96000000000001,2,1,2,有,有,4900000,43378,一樓平面,0.0,0,,RPROMLMKIIGGFAX98DA,65.72,11.96,0.0,有,
馬公市,建物,澎湖縣馬公市西衛１３９號五樓之２,0.0,,,,1100916,土地0建物1車位1,五層,五層,華廈(10層含以下有電梯),住家用,鋼筋混凝土造,1100723,132.39,3,1,4,有,有,4580000,34595,一樓平面,0.0,0,,RPSOMLMKIIGGFAX09DA,85.98,4.37,0.0,有,
湖西鄉,土地,葉新段427地號,431.54,,一般農業區,農牧用地,1100930,土地1建物0車位0,,,其他,,,,0.0,0,0,0,有,無,560000,1298,,0.0,0,地清或未辦繼承標售；,RPSNMLOKIIGGFAX66EA,0.0,0.0,0.0,無,
馬公市,土地,風櫃西段896地號,204.03,,一般農業區,農牧用地,1100924,土地1建物0車位0,,,其他,,,,0.0,0,0,0,有,無,641917,3146,,0.0,0,地清或未辦繼承標售；,RPVNMLOKIIGGFAX96EA,0.0,0.0,0.0,無,
馬公市,土地,興崁段782地號,1313.93,,一般農業區,農牧用地,1100924,土地1建物0車位0,,,其他,,,,0.0,0,0,0,有,無,2739365,2085,,0.0,0,地清或未辦繼承標售；,RPWNMLOKIIGGFAX07EA,0.0,0.0,0.0,無,
馬公市,房地(土地+建物),澎湖縣馬公市文昌街４６巷７號,266.4,都市：其他:住宅區,,,1100913,土地3建物1車位0,全,三層,透天厝,住家用,鋼筋混凝土造,0990915,346.36,5,2,4,有,無,25000000,72179,,0.0,0,,RPRNMLLJIIGGFAX68DA,325.47,20.89,0.0,無,
馬公市,房地(土地+建物),澎湖縣馬公市光復路５１號,248.0,都市：其他:住宅區,,,1100926,土地2建物1車位0,全,二層,透天厝,住家用,鋼筋加強造,0530000,161.96,2,2,2,有,無,28000000,172882,,0.0,0,未登記建物；,RPPNMLSKIIGGFAX66DA,161.96,0.0,0.0,無,
馬公市,房地(土地+建物),澎湖縣馬公市中華路３４１號,79.67,都市：其他:住宅區,,,1100908,土地2建物1車位0,全,四層,透天厝,住商用,鋼筋混凝土加強磚造,0671130,157.8,3,2,3,有,無,9500000,60203,,0.0,0,,RPSNMLPKIIGGFAX66DA,157.8,0.0,0.0,無,
馬公市,房地(土地+建物),澎湖縣馬公市五福路３巷６弄７號,74.09,,一般農業區,甲種建築用地,1100929,土地1建物1車位0,全,三層,透天厝,住家用,鋼筋混凝土加強磚造,0700302,120.3,3,2,2,有,無,5100000,42394,,0.0,0,,RPSNMLKLIIGGFAX88DA,120.3,0.0,0.0,無,
七美鄉,土地,大嶼段856地號,757.0,,鄉村區,乙種建築用地,1100929,土地1建物0車位0,,,其他,,,,0.0,0,0,0,有,無,2080000,2748,,0.0,0,,RPPNMLMKIIGGFAX78EA,0.0,0.0,0.0,無,043
馬公市,土地,中衛段449-2地號,33.61,都市：其他:乙種工業區,,,1100929,土地1建物0車位0,,,其他,,,,0.0,0,0,0,有,無,935366,27830,,0.0,0,,RPOOMLSKIIGGFAX66DA,0.0,0.0,0.0,無,030
西嶼鄉,土地,竹灣段2516地號,1676.46,,一般農業區,農牧用地,1100930,土地4建物0車位0,,,其他,,,,0.0,0,0,0,有,無,400000,239,,0.0,0,,RPPNMLLLIIGGFAX78EA,0.0,0.0,0.0,無,
馬公市,土地,東衛段970-1地號,92.41,,鄉村區,乙種建築用地,1100917,土地2建物0車位0,,,其他,,,,0.0,0,0,0,有,無,2437776,26380,,0.0,0,政府機關標讓售；,RPQNMLLLIIGGFAX88EA,0.0,0.0,0.0,無,
馬公市,土地,國宅段813地號,156.26,都市：其他:住宅區,,,1100923,土地1建物0車位0,,,其他,,,,0.0,0,0,0,有,無,3880000,24830,,0.0,0,,RPWNMLRLIIGGFAX47EA,0.0,0.0,0.0,無,
白沙鄉,土地,後寮東段1653地號,3352.3,,一般農業區,農牧用地,1100923,土地5建物0車位0,,,其他,,,,0.0,0,0,0,有,無,8113000,2420,,0.0,0,,RPSNMLSKIIGGFAX96DA,0.0,0.0,0.0,無,
西嶼鄉,土地,橫礁新段1312地號,85.55,,風景區,農牧用地,1100914,土地1建物0車位0,,,其他,,,,0.0,0,0,0,有,無,115000,1344,,0.0,0,,RPXNMLLLIIGGFAX86DA,0.0,0.0,0.0,無,
馬公市,房地(土地+建物)+車位,澎湖縣馬公市文山路２５號四樓,29.74,都市：其他:住宅區,,,1100907,土地2建物1車位1,四層,八層,華廈(10層含以下有電梯),住家用,鋼筋混凝土造,0860628,158.42000000000002,3,2,2,有,有,5700000,35980,坡道平面,0.0,0,,RPPNMLSLIIGGFAX76DA,104.95,0.0,9.39,有,045
西嶼鄉,土地,橫礁新段1313地號,39.01,,風景區,農牧用地,1100914,土地1建物0車位0,,,其他,,,,0.0,0,0,0,有,無,55000,1410,,0.0,0,,RPWNMLLLIIGGFAX76DA,0.0,0.0,0.0,無,
馬公市,土地,鎖港西段769地號,214.6,都市：其他:農業區,,,1100930,土地1建物0車位0,,,其他,,,,0.0,0,0,0,有,無,899888,4193,,0.0,0,地清或未辦繼承標售；,RPTNMLTLIIGGFAX37EA,0.0,0.0,0.0,無,
馬公市,房地(土地+建物),澎湖縣馬公市石泉１７３號,171.49,,一般農業區,甲種建築用地,1100928,土地2建物1車位0,全,三層,透天厝,住家用,鋼筋混凝土造,0961015,213.93,6,2,6,有,無,7000000,32721,,0.0,0,親友、員工、共有人或其他特殊關係間之交易；,RPUNMLMJJIGGFAX56DA,199.52,14.41,0.0,無,
湖西鄉,土地,尖山中段585地號,376.02,,一般農業區,農牧用地,1100930,土地1建物0車位0,,,其他,,,,0.0,0,0,0,有,無,2000000,5319,,0.0,0,,RPXNMLKMRHGGFAX67DA,0.0,0.0,0.0,無,
馬公市,房地(土地+建物),澎湖縣馬公市文光路２５巷１６弄１２號,97.14,都市：其他:住宅區,,,1100909,土地3建物1車位0,全,二層,透天厝,住家用,鋼筋混凝土加強磚造,0691117,88.46,3,1,2,有,無,6600000,74610,,0.0,0,,RPPNMLNJJIGGFAX78DA,88.46,0.0,0.0,無,046
馬公市,房地(土地+建物),澎湖縣馬公市文山路２７巷１號七樓之一,25.73,都市：其他:住宅區,,,1100910,土地2建物1車位0,七層,八層,華廈(10層含以下有電梯),住家用,鋼筋混凝土造,0860628,129.95,2,2,2,有,有,4600000,35398,,0.0,0,,RPSNMLSLIIGGFAX07DA,90.55,0.0,7.83,有,047
馬公市,土地,鎖港南段1149地號,296.41,都市：其他:農業區,,,1100928,土地1建物0車位0,,,其他,,,,0.0,0,0,0,有,無,586822,1980,,0.0,0,地清或未辦繼承標售；,RPQNMLNJJIGGFAX98EA,0.0,0.0,0.0,無,
七美鄉,土地,七美一段694地號,140.53,,鄉村區,乙種建築用地,1100910,土地1建物0車位0,,,其他,,,,0.0,0,0,0,有,無,500000,3558,,0.0,0,,RPQNMLKMRHGGFAX07EA,0.0,0.0,0.0,無,
馬公市,房地(土地+建物)+車位,澎湖縣馬公市貿商街１２２號十四樓之三,28.82,都市：其他:住宅區,,,1100908,土地2建物1車位1,十四層,十四層,住宅大樓(11層含以上有電梯),住家用,鋼筋混凝土造,0950710,177.19,3,2,2,有,有,5930000,33467,坡道平面,0.0,0,契稅由買方負擔。,RPTNMLNJJIGGFAX56DA,96.71,0.0,10.96,有,
馬公市,房地(土地+建物),澎湖縣馬公市民裕街３６巷７號五樓,51.95,都市：其他:住宅區,,,1100929,土地1建物1車位0,五層,五層,公寓(5樓含以下無電梯),住家用,鋼筋混凝土造,0840119,121.84,3,2,2,有,無,4000000,32830,,0.0,0,,RPXNMLOKIIGGFAX07DA,94.27,8.82,0.0,無,048
白沙鄉,土地,瓦硐南段655地號,1310.67,,一般農業區,農牧用地,1100927,土地1建物0車位0,,,其他,,,,0.0,0,0,0,有,無,900000,687,,0.0,0,親友、員工、共有人或其他特殊關係間之交易；,RPSNMLKKJIGGFAX88DA,0.0,0.0,0.0,無,
馬公市,土地,馬公段2236地號,120.0,都市：其他:歷史風貌特定專用區,,,1100910,土地1建物0車位0,,,其他,,,,0.0,0,0,0,有,無,13790000,114917,,0.0,0,依土地法34條之1處分,RPPNMLRJJIGGFAX56DA,0.0,0.0,0.0,無,
湖西鄉,房地(土地+建物),澎湖縣湖西鄉林投１１８號,170.35,,一般農業區,甲種建築用地,1100922,土地1建物1車位0,全,三層,透天厝,住家用,鋼筋加強磚造,0620726,147.37,8,4,2,有,無,2200000,14928,,0.0,0,親友、員工、共有人或其他特殊關係間之交易；,RPQNMLRJJIGGFAX66DA,147.37,0.0,0.0,無,
馬公市,土地,五福段953地號,191.54,,一般農業區,農牧用地,1100925,土地1建物0車位0,,,其他,,,,0.0,0,0,0,有,無,1000000,5221,,0.0,0,親友、員工、共有人或其他特殊關係間之交易；,RPTNMLTJJIGGFAX17DA,0.0,0.0,0.0,無,
馬公市,土地,西澳段1091地號,182.49,都市：其他:住宅區,,,1100929,土地1建物0車位0,,,其他,,,,0.0,0,0,0,有,無,14352000,78645,,0.0,0,,RPXNMLSKJIGGFAX57DA,0.0,0.0,0.0,無,
馬公市,土地,興崁段1095-5地號,233.31,,一般農業區,甲種建築用地,1100918,土地2建物0車位0,,,其他,,,,0.0,0,0,0,有,無,2820000,12087,,0.0,0,,RPROMLTKJIGGFAX17DA,0.0,0.0,0.0,無,049
馬公市,土地,安宅段1315地號,120.66,,鄉村區,乙種建築用地,1100928,土地1建物0車位0,,,其他,,,,0.0,0,0,0,有,無,800000,6630,,0.0,0,含土地增值稅或其他稅費；含地政士服務費；親友、員工、共有人或其他特殊關係間之交易；,RPXNMLTKJIGGFAX67DA,0.0,0.0,0.0,無,
望安鄉,房地(土地+建物),澎湖縣望安鄉花宅１３９號,12.38,,鄉村區,乙種建築用地,1100911,土地1建物1車位0,全,一層,透天厝,住家用,造,0060000,9.19,0,0,0,無,無,104400,11360,,0.0,0,地清或未辦繼承標售；,RPVNMLPKJIGGFAX07DA,9.19,0.0,0.0,無,038
望安鄉,房地(土地+建物),澎湖縣望安鄉花宅１３９號,12.38,,鄉村區,乙種建築用地,1100911,土地1建物1車位0,全,一層,透天厝,住家用,造,0060000,9.19,0,0,0,無,無,104400,11360,,0.0,0,地清或未辦繼承標售；,RPPOMLKKJIGGFAX68DA,9.19,0.0,0.0,無,038
望安鄉,房地(土地+建物),澎湖縣望安鄉花宅１３９號,12.38,,鄉村區,乙種建築用地,1100911,土地1建物1車位0,全,一層,透天厝,住家用,造,0060000,9.19,0,0,0,無,無,104400,11360,,0.0,0,地清或未辦繼承標售；,SPPOMLKKJIGGFAX78DA,9.19,0.0,0.0,無,038
望安鄉,房地(土地+建物),澎湖縣望安鄉花宅１３９號,12.38,,鄉村區,乙種建築用地,1100911,土地1建物1車位0,全,一層,透天厝,住家用,造,0060000,9.19,0,0,0,無,無,104400,11360,,0.0,0,地清或未辦繼承標售；,TPPOMLKKJIGGFAX88DA,9.19,0.0,0.0,無,038
望安鄉,房地(土地+建物),澎湖縣望安鄉花宅１３９號,12.38,,鄉村區,乙種建築用地,1100911,土地1建物1車位0,全,一層,透天厝,住家用,造,0060000,9.19,0,0,0,無,無,104400,11360,,0.0,0,地清或未辦繼承標售；,UPPOMLKKJIGGFAX98DA,9.19,0.0,0.0,無,038
馬公市,房地(土地+建物),澎湖縣馬公市民權路３５號,377.0,都市：其他:商業區,,,1100818,土地1建物1車位0,全,一層,透天厝,商業用,鋼骨造,0890728,303.58,1,1,2,有,無,47900000,157784,,0.0,0,,RPPOMLSKQHGGFAX47DA,303.58,0.0,0.0,無,055
馬公市,土地,五德西段98-1地號,250.6,,一般農業區,甲種建築用地,1100827,土地2建物0車位0,,,其他,,,,0.0,0,0,0,有,無,4650000,18555,,0.0,0,本案權利人數:1人。含未來興建房屋1棟。,RPQNMLLJRHGGFAX76DA,0.0,0.0,0.0,無,056
馬公市,房地(土地+建物),澎湖縣馬公市西衛１８４號,375.27,,一般農業區,農牧用地,1100817,土地3建物1車位0,全,一層,透天厝,住家用,造,,8.22,0,0,0,無,無,3073750,373936,,0.0,0,,RPXNMLLJRHGGFAX47DA,5.46,2.75,0.0,無,036
馬公市,房地(土地+建物),澎湖縣馬公市西文澳１０９號,224.66,都市：其他:住宅區,,,1100831,土地4建物1車位0,全,一層,透天厝,住家用,鋼筋混凝土加強空心磚造,0590515,41.79,3,2,1,有,無,15567000,372505,,0.0,0,,RPRNMLMJRHGGFAX96DA,41.79,0.0,0.0,無,058
馬公市,房地(土地+建物),澎湖縣馬公市林森路８７巷１２號,81.24,都市：其他:住宅區,,,1100804,土地1建物1車位0,全,二層,透天厝,住家用,鋼筋混凝土加強磚造,0651125,72.0,5,2,2,有,無,6500000,90278,,0.0,0,,RPTNMLQJRHGGFAX57DA,72.0,0.0,0.0,無,
馬公市,房地(土地+建物),澎湖縣馬公市東衛１５５之１０號,84.94,,鄉村區,乙種建築用地,1100802,土地1建物1車位0,全,三層,透天厝,住家用,鋼筋混凝土造,0830603,188.32,5,1,3,有,無,5500000,29206,,0.0,0,,RPVNMLNJRHGGFAX47DA,172.38,15.94,0.0,無,059
馬公市,土地,五德西段307地號,26.61,,鄉村區,乙種建築用地,1100809,土地1建物0車位0,,,其他,,,,0.0,0,0,0,有,無,333334,12527,,0.0,0,地清或未辦繼承標售；,RPSNMLSJRHGGFAX67DA,0.0,0.0,0.0,無,
馬公市,房地(土地+建物),澎湖縣馬公市中華路１８４巷１６號五樓之一,10.1,都市：其他:住宅區,,,1100812,土地2建物1車位0,五層,五層,華廈(10層含以下有電梯),住家用,鋼筋混凝土造,0820422,33.46,1,1,1,有,無,1100000,32875,,0.0,0,,RPUNMLQJRHGGFAX67DA,22.89,0.0,0.0,有,060
七美鄉,土地,七美二段939地號,44.84,,一般農業區,農牧用地,1100824,土地1建物0車位0,,,其他,,,,0.0,0,0,0,有,無,305360,6810,,0.0,0,政府機關標讓售；,RPXNMLKMQHGGFAX57DA,0.0,0.0,0.0,無,
馬公市,房地(土地+建物)+車位,澎湖縣馬公市文山路２１號七樓,32.59,都市：其他:住宅區,,,1100814,土地2建物1車位1,七層,八層,華廈(10層含以下有電梯),住家用,鋼筋混凝土造,0860628,162.14,3,2,2,有,有,4500000,27754,坡道平面,0.0,0,,RPQNMLRKQHGGFAX37DA,115.02,0.0,7.17,有,
馬公市,土地,五福段885-2地號,173.41,,一般農業區,農牧用地,1100811,土地2建物0車位0,,,其他,,,,0.0,0,0,0,有,無,3150000,18165,,0.0,0,親友、員工、共有人或其他特殊關係間之交易；,RPPNMLPJRHGGFAX07DA,0.0,0.0,0.0,無,004
馬公市,土地,鐵線段614地號,567.0,,一般農業區,農牧用地,1100824,土地1建物0車位0,,,其他,,,,0.0,0,0,0,有,無,1066666,1881,,0.0,0,地清或未辦繼承標售；,RPQNMLSJRHGGFAX57EA,0.0,0.0,0.0,無,
湖西鄉,土地,許家段537地號,214.02,,一般農業區,甲種建築用地,1100820,土地2建物0車位0,,,其他,,,,0.0,0,0,0,有,無,3800000,17755,,0.0,0,,RPTNMLTJRHGGFAX87DA,0.0,0.0,0.0,無,
馬公市,房地(土地+建物),澎湖縣馬公市北辰街１５之３號,48.93,都市：其他:住宅區,,,1100827,土地2建物1車位0,四層,五層,公寓(5樓含以下無電梯),住家用,鋼筋混凝土造,0730629,101.37,3,1,2,有,無,4000000,39459,,0.0,0,,RPSNMLRLQHGGFAX67DA,101.37,0.0,0.0,無,062
馬公市,土地,中衛段1654地號,4374.61,,一般農業區,農牧用地,1100827,土地1建物0車位0,,,其他,,,,0.0,0,0,0,有,無,43000000,9829,,0.0,0,,RPUNMLRLQHGGFAX87DA,0.0,0.0,0.0,無,063
馬公市,土地,國宅段192地號,623.35,,一般農業區,農牧用地,1100825,土地1建物0車位0,,,其他,,,,0.0,0,0,0,有,無,2300000,3690,,0.0,0,親友、員工、共有人或其他特殊關係間之交易；,RPTNMLNKRHGGFAX37DA,0.0,0.0,0.0,無,
湖西鄉,土地,南寮北段1197地號,660.35,,一般農業區,農牧用地,1100817,土地1建物0車位0,,,其他,,,,0.0,0,0,0,有,無,1436000,2175,,0.0,0,地清或未辦繼承標售；,RPPNMLSJRHGGFAX47EA,0.0,0.0,0.0,無,
湖西鄉,土地,湖東新段306地號,68.81,,鄉村區,乙種建築用地,1100824,土地1建物0車位0,,,其他,,,,0.0,0,0,0,有,無,211000,3066,,0.0,0,地清或未辦繼承標售；,RPVNMLKKRHGGFAX37EA,0.0,0.0,0.0,無,
七美鄉,土地,七美三段2214地號,376.23,,一般農業區,農牧用地,1100810,土地1建物0車位0,,,其他,,,,0.0,0,0,0,有,無,415000,1103,,0.0,0,地清或未辦繼承標售；,RPQNMLKKRHGGFAX86EA,0.0,0.0,0.0,無,
湖西鄉,土地,紅羅段2131地號,923.46,,一般農業區,農牧用地,1100830,土地1建物0車位0,,,其他,,,,0.0,0,0,0,有,無,32960000,35692,,0.0,0,權利人數:5人。含未來興建房屋6棟之費用。土地交易案件之價格含未來興建房屋成本；,RPXNMLNJRHGGFAX67DA,0.0,0.0,0.0,無,
湖西鄉,土地,南寮北段709地號,242.01,,一般農業區,甲種建築用地,1100826,土地1建物0車位0,,,其他,,,,0.0,0,0,0,有,無,688168,2844,,0.0,0,地清或未辦繼承標售；,RPQNMLQKRHGGFAX47EA,0.0,0.0,0.0,無,
七美鄉,土地,七美二段294地號,61.56,,一般農業區,農牧用地,1100827,土地1建物0車位0,,,其他,,,,0.0,0,0,0,有,無,372535,6052,,0.0,0,畸零地或有合併使用效益；,RPRNMLKKRHGGFAX96EA,0.0,0.0,0.0,無,
馬公市,房地(土地+建物),澎湖縣馬公市文山路６７巷２５號,96.51,都市：其他:住宅區,,,1100819,土地1建物1車位0,全,三層,透天厝,住家用,鋼筋混凝土造,0810127,178.16,5,2,3,有,無,7600000,42658,,0.0,0,,RPPNMLOKRHGGFAX07DA,178.16,0.0,0.0,無,
湖西鄉,土地,南寮北段870地號,87.55,,鄉村區,乙種建築用地,1100802,土地1建物0車位0,,,其他,,,,0.0,0,0,0,無,無,500069,5712,,0.0,0,地清或未辦繼承標售；,RPTNMLNLQHGGFAX37DA,0.0,0.0,0.0,無,
馬公市,房地(土地+建物)+車位,澎湖縣馬公市貿商街１２７號,26.95,都市：其他:住宅區,,,1100826,土地1建物1車位1,一層,十二層,住宅大樓(11層含以上有電梯),住家用,鋼筋混凝土造,0950629,181.47,3,2,2,有,有,5900000,32512,坡道平面,0.0,0,,RPVNMLQJRHGGFAX77DA,97.24,0.0,10.98,有,064
馬公市,土地,文東段1826-2地號,1025.93,,一般農業區,農牧用地,1100826,土地1建物0車位0,,,其他,,,,0.0,0,0,0,有,無,6206800,6050,,0.0,0,,RPUNMLPKRHGGFAX77EA,0.0,0.0,0.0,無,
馬公市,土地,文東段238地號,29.74,,鄉村區,乙種建築用地,1100819,土地1建物0車位0,,,其他,,,,0.0,0,0,0,有,無,300000,10087,,0.0,0,未登記建物；,RPUNMLSJRHGGFAX87DA,0.0,0.0,0.0,無,065
馬公市,土地,中衛段1358-2地號,512.46,都市：其他:農業區,,,1100819,土地1建物0車位0,,,其他,,,,0.0,0,0,0,有,無,6665000,13006,,0.0,0,,RPQOMLSKQHGGFAX57DA,0.0,0.0,0.0,無,
馬公市,土地,光榮段900地號,2.91,都市：其他:住宅區,,,1100818,土地1建物0車位0,,,其他,,,,0.0,0,0,0,有,無,221355,76067,,0.0,0,親友、員工、共有人或其他特殊關係間之交易；,RPRNMLRKRHGGFAX57DA,0.0,0.0,0.0,無,066
馬公市,土地,光榮段905地號,184.4,都市：其他:住宅區,,,1100818,土地1建物0車位0,,,其他,,,,0.0,0,0,0,有,無,6829200,37035,,0.0,0,親友、員工、共有人或其他特殊關係間之交易；,RPSNMLRKRHGGFAX67DA,0.0,0.0,0.0,無,
馬公市,土地,五福段1477地號,148.77,,鄉村區,乙種建築用地,1100831,土地1建物0車位0,,,其他,,,,0.0,0,0,0,有,無,4000000,26887,,0.0,0,,RPQNMLLLRHGGFAX96DA,0.0,0.0,0.0,無,067
馬公市,房地(土地+建物),澎湖縣馬公市石泉１８０之１號,269.51,,一般農業區,甲種建築用地,1100810,土地2建物1車位0,全,三層,透天厝,住家用,鋼筋混凝土造,1041130,320.79,5,3,5,有,無,15000000,46760,,0.0,0,,RPPNMLKKQHGGFAX56DA,302.24,18.55,0.0,無,
湖西鄉,土地,西溪新段1570地號,122.47,,一般農業區,農牧用地,1100820,土地1建物0車位0,,,其他,,,,0.0,0,0,0,有,無,157000,1282,,0.0,0,地清或未辦繼承標售；,RPPNMLMLRHGGFAX07EA,0.0,0.0,0.0,無,
馬公市,房地(土地+建物),澎湖縣馬公市文山路２７巷８號六樓之１,26.52,都市：其他:住宅區,,,1100828,土地1建物1車位0,六層,十層,華廈(10層含以下有電梯),住家用,鋼筋混凝土造,1060328,113.25,3,2,2,有,有,6500000,57395,,0.0,0,,RPVNMLRLQHGGFAX97DA,70.51,9.31,0.0,有,068
馬公市,房地(土地+建物)+車位,澎湖縣馬公市朝陽路９２號七樓,33.9,都市：其他:住宅區,,,1100805,土地1建物1車位1,七層,七層,華廈(10層含以下有電梯),住家用,鋼筋混凝土造,0840426,172.84,3,2,2,有,有,5800000,33557,升降機械,0.0,0,,RPTNMLRKRHGGFAX77DA,122.57,9.45,0.0,有,
馬公市,土地,中衛段1369地號,140.01,都市：其他:農業區,,,1100819,土地1建物0車位0,,,其他,,,,0.0,0,0,0,有,無,1821000,13006,,0.0,0,,RPROMLSKQHGGFAX67DA,0.0,0.0,0.0,無,
馬公市,房地(土地+建物),澎湖縣馬公市風櫃尾４５之３４號,95.08,,一般農業區,甲種建築用地,1100831,土地1建物1車位0,全,二層,透天厝,住家用,鋼筋混凝土加強磚造,0721203,113.66,4,2,2,有,無,3200000,28154,,0.0,0,,RPWNMLLMQHGGFAX57DA,113.66,0.0,0.0,無,
馬公市,土地,海堤段126地號,1041.62,,一般農業區,農牧用地,1100815,土地1建物0車位0,,,其他,,,,0.0,0,0,0,有,無,5040000,4839,,0.0,0,,RPWNMLTLRHGGFAX38DA,0.0,0.0,0.0,無,069
馬公市,房地(土地+建物),澎湖縣馬公市東文澳１５８之２號,131.89,,一般農業區,甲種建築用地,1100818,土地2建物1車位0,全,三層,透天厝,住家用,鋼筋混凝土造,0871104,192.68,4,2,3,有,無,6000000,31140,,0.0,0,,RPSNMLKMRHGGFAX17DA,182.04,10.64,0.0,無,
馬公市,土地,五德東段564地號,694.58,,一般農業區,農牧用地,1100824,土地1建物0車位0,,,其他,,,,0.0,0,0,0,有,無,600000,864,,0.0,0,,RPVNMLOJIIGGFAX76DA,0.0,0.0,0.0,無,
馬公市,房地(土地+建物),澎湖縣馬公市樂群街８０巷６號,72.29,都市：其他:住宅區,,,1100810,土地5建物1車位0,全,二層,透天厝,住家用,鋼筋混凝土加強磚造,0700615,91.8,3,2,3,有,無,6000000,65359,,0.0,0,親友、員工、共有人或其他特殊關係間之交易；,RPSNMLSLRHGGFAX87DA,91.8,0.0,0.0,無,
馬公市,房地(土地+建物),澎湖縣馬公市西文澳７０７號,208.82,,一般農業區,甲種建築用地,1100818,土地2建物1車位0,全,三層,透天厝,住家用,鋼筋混凝土造,1070726,268.78,4,2,6,有,無,10000000,37205,,0.0,0,,RPVNMLKLQHGGFAX27DA,245.25,23.53,0.0,無,
湖西鄉,土地,潭邊新段667地號,214.65,,鄉村區,乙種建築用地,1100812,土地1建物0車位0,,,其他,,,,0.0,0,0,0,有,無,1910573,8901,,0.0,0,地清或未辦繼承標售；,RPUNMLQKRHGGFAX87EA,0.0,0.0,0.0,無,
湖西鄉,土地,龍門北段319地號,452.56,,一般農業區,農牧用地,1100803,土地2建物0車位0,,,其他,,,,0.0,0,0,0,有,無,1300000,2873,,0.0,0,,RPSNMLRJIIGGFAX76DA,0.0,0.0,0.0,無,
白沙鄉,土地,通梁南段1359地號,1033.22,都市：其他:人行廣場用地,,,1100814,土地10建物0車位0,,,其他,,,,0.0,0,0,0,有,無,9500000,9195,,0.0,0,未登記建物；,RPTNMLQJIIGGFAX76DA,0.0,0.0,0.0,無,
馬公市,土地,興崁段559地號,1362.85,,一般農業區,農牧用地,1100825,土地1建物0車位0,,,其他,,,,0.0,0,0,0,有,無,2600000,1908,,0.0,0,含土地增值稅或其他稅費795354元；,RPWNMLKMRHGGFAX57DA,0.0,0.0,0.0,無,
馬公市,房地(土地+建物)+車位,澎湖縣馬公市文光路８５號三樓之一,16.85,都市：其他:市場用地,,,1100823,土地10建物1車位1,三層,十層,華廈(10層含以下有電梯),住家用,鋼筋混凝土造,0870723,175.45999999999998,4,2,2,有,有,6200000,35336,坡道機械,0.0,0,含傢俱設備費；含土地增值稅或其他稅費82683元；含地政士服務費；,RPPNMLRJIIGGFAX56EA,120.82,15.97,0.0,有,
馬公市,房地(土地+建物),澎湖縣馬公市鐵線尾８５之１號,206.21,,一般農業區,甲種建築用地,1100806,土地2建物1車位0,全,三層,透天厝,住家用,鋼筋混凝土造,1091126,275.4,5,1,5,有,無,10000000,36311,,0.0,0,,RPVNMLRJIIGGFAX07DA,247.72,27.68,0.0,無,
馬公市,房地(土地+建物)+車位,澎湖縣馬公市文明路１０１巷３號,85.68,都市：其他:住宅區,,,1100810,土地1建物1車位1,全,四層,透天厝,住家用,鋼筋混凝土造,0820115,228.57,3,2,3,有,無,6700000,29313,坡道平面,0.0,0,,RPWNMLNKIIGGFAX86DA,154.82,3.78,0.0,無,070
白沙鄉,土地,港子段1772地號,2004.0,,一般農業區,農牧用地,1100820,土地1建物0車位0,,,其他,,,,0.0,0,0,0,有,無,5980000,2984,,0.0,0,,RPRNMLRJRHGGFAX47DA,0.0,0.0,0.0,無,
馬公市,房地(土地+建物),澎湖縣馬公市陽明路２１６號,54.97,都市：其他:住宅區,,,1100819,土地1建物1車位0,全,四層,透天厝,住家用,鋼筋混凝土造,1091020,158.94,4,2,4,有,無,12600000,79275,,0.0,0,,RPTNMLOKIIGGFAX66DA,140.4,18.54,0.0,無,
白沙鄉,土地,講美段1687地號,920.78,,一般農業區,農牧用地,1100810,土地2建物0車位0,,,其他,,,,0.0,0,0,0,有,無,2600000,2824,,0.0,0,依土地法34-1辦理買賣。,RPVNMLOKIIGGFAX86DA,0.0,0.0,0.0,無,
馬公市,房地(土地+建物),澎湖縣馬公市菜園６８號二樓之五,21.88,,鄉村區,乙種建築用地,1100811,土地1建物1車位0,二層,六層,華廈(10層含以下有電梯),住家用,鋼筋混凝土造,1080418,78.12,2,1,2,有,有,4150000,53123,,0.0,0,,RPUNMLTKIIGGFAX27DA,52.52,4.85,0.0,有,071
湖西鄉,土地,林投北段326地號,103.67,,鄉村區,乙種建築用地,1100810,土地1建物0車位0,,,其他,,,,0.0,0,0,0,有,無,406800,3924,,0.0,0,地清或未辦繼承標售；,RPRNMLKLIIGGFAX78DA,0.0,0.0,0.0,無,
湖西鄉,土地,西溪新段501地號,83.18,,一般農業區,殯葬用地,1100810,土地1建物0車位0,,,其他,,,,0.0,0,0,0,有,無,211500,2543,,0.0,0,地清或未辦繼承標售；,RPSNMLTKIIGGFAX17EA,0.0,0.0,0.0,無,
七美鄉,土地,七美二段400地號,6.38,,一般農業區,農牧用地,1100810,土地1建物0車位0,,,其他,,,,0.0,0,0,0,有,無,11502,1803,,0.0,0,地清或未辦繼承標售；,RPROMLRLIIGGFAX07EA,0.0,0.0,0.0,無,
七美鄉,土地,七美二段418地號,199.75,,一般農業區,農牧用地,1100810,土地1建物0車位0,,,其他,,,,0.0,0,0,0,有,無,380000,1902,,0.0,0,地清或未辦繼承標售；,RPUOMLRLIIGGFAX37EA,0.0,0.0,0.0,無,
馬公市,房地(土地+建物),澎湖縣馬公市民裕街３６巷１１號五樓,49.3,都市：其他:住宅區,,,1100805,土地1建物1車位0,五層,五層,華廈(10層含以下有電梯),住家用,鋼筋混凝土造,0840119,107.74,3,2,2,有,有,3600000,33414,,0.0,0,親友、員工、共有人或其他特殊關係間之交易；,RPWNMLTKIIGGFAX47DA,84.88,9.84,0.0,有,
馬公市,土地,鎖港西段947地號,282.62,都市：其他:農業區,,,1100824,土地1建物0車位0,,,其他,,,,0.0,0,0,0,有,無,680000,2406,,0.0,0,地清或未辦繼承標售；,RPSNMLRLIIGGFAX96DA,0.0,0.0,0.0,無,
馬公市,土地,鎖港西段952地號,593.27,都市：其他:農業區,,,1100824,土地1建物0車位0,,,其他,,,,0.0,0,0,0,有,無,2050000,3455,,0.0,0,地清或未辦繼承標售；,RPTNMLRLIIGGFAX07DA,0.0,0.0,0.0,無,
七美鄉,土地,七美二段416地號,153.88,,一般農業區,農牧用地,1100810,土地1建物0車位0,,,其他,,,,0.0,0,0,0,有,無,293000,1904,,0.0,0,地清或未辦繼承標售；,RPXNMLRLIIGGFAX57EA,0.0,0.0,0.0,無,
馬公市,土地,五福段765-8地號,1218.23,,一般農業區,農牧用地,1100803,土地2建物0車位0,,,其他,,,,0.0,0,0,0,有,無,15140000,12428,,0.0,0,農變建專案核准興建住宅,RPSNMLMJJIGGFAX98DA,0.0,0.0,0.0,無,
白沙鄉,房地(土地+建物),澎湖縣白沙鄉講美４４號,837.1,,一般農業區,農牧用地,1100827,土地6建物1車位0,全,一層,透天厝,住家用,造,,77.95,2,1,1,有,無,1507692,19342,,0.0,0,本案依土地法第34條之一處分親友、員工、共有人或其他特殊關係間之交易；,RPQNMLSJIIGGFAX66DA,77.95,0.0,0.0,無,
馬公市,房地(土地+建物)+車位,澎湖縣馬公市三多路４１１號十樓之五,16.46,都市：其他:商業區,,,1100806,土地1建物1車位1,十層,十層,華廈(10層含以下有電梯),住家用,鋼筋混凝土造,0850308,146.38,3,1,2,有,有,4700000,32108,坡道機械,0.0,0,,RPPNMLLKJIGGFAX68DA,96.44,18.09,0.0,有,072
望安鄉,房地(土地+建物),澎湖縣望安鄉null,320.0,,鄉村區,乙種建築用地,1100810,土地1建物1車位0,全,一層,透天厝,住家用,造,0130000,67.87,0,0,0,無,無,1550000,22838,,0.0,0,地清或未辦繼承標售；,RPVNMLTKIIGGFAX37DA,34.28,33.59,0.0,無,
望安鄉,土地,水垵段2290地號,214.0,,一般農業區,農牧用地,1100810,土地1建物0車位0,,,其他,,,,0.0,0,0,0,有,無,222600,1040,,0.0,0,地清或未辦繼承標售；,SPVNMLTKIIGGFAX47DA,0.0,0.0,0.0,無,
湖西鄉,土地,成功南段250地號,2312.27,,一般農業區,農牧用地,1100828,土地1建物0車位0,,,其他,,,,0.0,0,0,0,有,無,13989233,6050,,0.0,0,,RPWNMLRLQHGGFAX08DA,0.0,0.0,0.0,無,
七美鄉,房地(土地+建物),澎湖縣七美鄉null,258.67,,一般農業區,甲種建築用地,1100810,土地1建物2車位0,全,一層,透天厝,住家用,造,,42.48,4,3,2,有,無,633000,14901,,0.0,0,未登記建物；地清或未辦繼承標售；,RPTNMLKKJIGGFAX09EA,42.48,0.0,0.0,無,
馬公市,土地,文寮段366地號,1143.26,,一般農業區,農牧用地,1100815,土地1建物0車位0,,,其他,,,,0.0,0,0,0,有,無,43107500,37706,,0.0,0,權利人共四人含未來興建四戶之房屋價款,RPWNMLNLJIGGFAX07DA,0.0,0.0,0.0,無,
馬公市,土地,五德西段187地號,17.75,,鄉村區,乙種建築用地,1100824,土地1建物0車位0,,,其他,,,,0.0,0,0,0,有,無,68406,3854,,0.0,0,地清或未辦繼承標售；,RPVNMLTLJIGGFAX57DA,0.0,0.0,0.0,無,073
馬公市,土地,五德西段187地號,17.75,,鄉村區,乙種建築用地,1100824,土地1建物0車位0,,,其他,,,,0.0,0,0,0,有,無,68406,3854,,0.0,0,地清或未辦繼承標售；,SPVNMLTLJIGGFAX67DA,0.0,0.0,0.0,無,073
馬公市,房地(土地+建物),澎湖縣馬公市東衛１５８之５號,125.38,,鄉村區,乙種建築用地,1100719,土地2建物1車位0,全,三層,透天厝,住家用,鋼筋混凝土造,0850327,211.42,5,1,5,有,無,7000000,33109,,0.0,0,,RPWNMLKLPHGGFAX27DA,208.22,3.2,0.0,無,
白沙鄉,土地,講美段558地號,57.96,,鄉村區,乙種建築用地,1100706,土地1建物0車位0,,,其他,,,,0.0,0,0,0,有,無,201000,3468,,0.0,0,地清或未辦繼承標售；,RPRNMLSJRHGGFAX67EA,0.0,0.0,0.0,無,
白沙鄉,土地,小赤段384地號,448.09,,一般農業區,農牧用地,1100715,土地1建物0車位0,,,其他,,,,0.0,0,0,0,有,無,1680000,3749,,0.0,0,,RPTNMLLKQHGGFAX07DA,0.0,0.0,0.0,無,075
馬公市,房地(土地+建物),澎湖縣馬公市鎖管港４９３號,199.84,都市：其他:住宅區,,,1100712,土地2建物1車位0,全,二層,透天厝,住家用,鋼筋混凝土加強磚造,0810528,182.18,4,2,2,有,無,5300000,29092,,0.0,0,,RPUNMLKKRHGGFAX17DA,182.18,0.0,0.0,無,
馬公市,土地,光華段418地號,1370.44,,一般農業區,農牧用地,1100730,土地1建物0車位0,,,其他,,,,0.0,0,0,0,有,無,29440000,21482,,0.0,0,農變建專案核准興建住宅權利人6人,RPRNMLPKRHGGFAX37DA,0.0,0.0,0.0,無,
湖西鄉,土地,龍門段258地號,721.9,,一般農業區,農牧用地,1100714,土地1建物0車位0,,,其他,,,,0.0,0,0,0,有,無,2200000,3048,,0.0,0,,RPQNMLLKPHGGFAX66DA,0.0,0.0,0.0,無,
馬公市,房地(土地+建物),澎湖縣馬公市五福路２０１巷８弄１６號,234.76,,一般農業區,甲種建築用地,1100728,土地2建物1車位0,全,三層,透天厝,住家用,鋼筋混凝土造,1070313,304.91,7,2,7,有,無,14160000,46440,,0.0,0,,RPRNMLQKRHGGFAX47DA,290.23,14.68,0.0,無,
白沙鄉,土地,後寮東段842地號,1193.46,,一般農業區,農牧用地,1100720,土地1建物0車位0,,,其他,,,,0.0,0,0,0,有,無,1300000,1089,,0.0,0,,RPSNMLKLPHGGFAX86DA,0.0,0.0,0.0,無,
西嶼鄉,土地,橫礁新段817地號,1348.71,,一般農業區,農牧用地,1100727,土地1建物0車位0,,,其他,,,,0.0,0,0,0,有,無,3263840,2420,,0.0,0,,RPSNMLTJRHGGFAX77DA,0.0,0.0,0.0,無,
馬公市,房地(土地+建物),澎湖縣馬公市六合路１３巷９號,20.29,都市：其他:住宅區,,,1100722,土地1建物1車位0,全,二層,透天厝,住家用,鋼筋混凝土加強磚造,0661104,19.52,4,1,1,有,無,800000,40984,,0.0,0,親友、員工、共有人或其他特殊關係間之交易；,RPOOMLNKQHGGFAX86DA,19.52,0.0,0.0,無,076
馬公市,房地(土地+建物),澎湖縣馬公市西衛２０４號,14.94,,鄉村區,乙種建築用地,1100731,土地1建物1車位0,全,一層,透天厝,住家用,造,0080000,5.6,5,1,1,有,無,226000,40357,,0.0,0,親友、員工、共有人或其他特殊關係間之交易；,RPRNMLOKIIGGFAX09DA,5.6,0.0,0.0,無,077
馬公市,土地,興崁段885地號,1506.79,,一般農業區,農牧用地,1100707,土地1建物0車位0,,,其他,,,,0.0,0,0,0,有,無,11390000,7559,,0.0,0,,RPVNMLSLIIGGFAX37DA,0.0,0.0,0.0,無,
馬公市,土地,興仁段350地號,498.0,,一般農業區,農牧用地,1100706,土地1建物0車位0,,,其他,,,,0.0,0,0,0,有,無,14930000,29980,,0.0,0,權利人共2人含未來2戶房屋興建價款,RPTNMLQKJIGGFAX96DA,0.0,0.0,0.0,無,
馬公市,房地(土地+建物),澎湖縣馬公市鎖管港４２之３號,244.32,,一般農業區,甲種建築用地,1100730,土地2建物1車位0,全,三層,透天厝,住家用,鋼筋混凝土造,1010913,282.03,4,2,4,有,無,8680000,30777,,0.0,0,,RPRNMLPKJIGGFAX66DA,262.01,20.02,0.0,無,078
湖西鄉,土地,潭邊新段223地號,2574.07,,一般農業區,農牧用地,1100722,土地4建物0車位0,,,其他,,,,0.0,0,0,0,有,無,4100000,1593,,0.0,0,1、代書繼承費用56萬，由買方負擔。2、本案依土地法34條之1買賣處分。,RPQNMLRKJIGGFAX86EA,0.0,0.0,0.0,無,
馬公市,土地,五德西段98-2地號,258.17,,一般農業區,農牧用地,1100607,土地2建物0車位0,,,其他,,,,0.0,0,0,0,有,無,5180000,20064,,0.0,0,此為農變建興建房屋含未來房屋興建工程之費用土地交易案件之價格含未來興建房屋成本；,RPSNMLLJRHGGFAX96DA,0.0,0.0,0.0,無,079
馬公市,土地,五德西段98-2地號,258.06,,一般農業區,農牧用地,1100607,土地2建物0車位0,,,其他,,,,0.0,0,0,0,有,無,5130000,19879,,0.0,0,此為農變建含未來興建房屋工程之費用土地交易案件之價格含未來興建房屋成本；,RPVNMLLJRHGGFAX27DA,0.0,0.0,0.0,無,079
馬公市,土地,文寮段427-1地號,881.05,,一般農業區,農牧用地,1100624,土地1建物0車位0,,,其他,,,,0.0,0,0,0,有,無,4810000,5459,,0.0,0,權利人4人申請農變建專案核准興建住宅,RPPNMLSLJIGGFAX86DA,0.0,0.0,0.0,無,
馬公市,土地,中衛段495-1地號,330.85,都市：其他:乙種工業區,,,1100516,土地1建物0車位0,,,其他,,,,0.0,0,0,0,有,無,13810000,41741,,0.0,0,,RPUNMLKMRHGGFAX37DA,0.0,0.0,0.0,無,
馬公市,土地,中衛段450地號,1295.6,都市：其他:乙種工業區,,,1100516,土地1建物0車位0,,,其他,,,,0.0,0,0,0,有,無,19490000,15043,,0.0,0,,RPTNMLKMRHGGFAX27DA,0.0,0.0,0.0,無,
湖西鄉,房地(土地+建物),澎湖縣湖西鄉港底２９６之８號,187.62,,一般農業區,甲種建築用地,1100511,土地2建物1車位0,全,三層,透天厝,住家用,鋼筋混凝土造,1100712,192.25,5,1,5,有,無,7300000,37971,,0.0,0,,RPTNMLMJJIGGFAX09DA,183.67,8.58,0.0,無,
馬公市,房地(土地+建物),澎湖縣馬公市文山路８９號,118.28,都市：其他:住宅區,,,1100322,土地4建物1車位0,全,五層,透天厝,住家用,鋼筋混凝土造,0930513,322.67,5,1,5,有,無,10000000,30991,,0.0,0,該案土地價格為9380000元整建物價格為620000元整親友、員工、共有人或其他特殊關係間之交易；,RPVNMLRKQHGGFAX87DA,291.91,30.76,0.0,無,081
馬公市,土地,中衛段493地號,89.2,都市：其他:乙種工業區,,,1100302,土地1建物0車位0,,,其他,,,,0.0,0,0,0,有,無,3300000,36996,,0.0,0,買方另支付土地增值稅93758元整,RPXNMLSKIIGGFAX47DA,0.0,0.0,0.0,無,
馬公市,土地,鐵線段710地號,490.07,,一般農業區,農牧用地,1100326,土地1建物0車位0,,,其他,,,,0.0,0,0,0,有,無,3260000,6652,,0.0,0,權利人2人農變建專案核准住宅,RPVNMLNJJIGGFAX76DA,0.0,0.0,0.0,無,082
馬公市,土地,中衛段453地號,2006.5,都市：其他:乙種工業區,,,1100302,土地1建物0車位0,,,其他,,,,0.0,0,0,0,有,無,35148000,17517,,0.0,0,買方另支付土地增值稅315258元整,RPOOMLMJJIGGFAX68DA,0.0,0.0,0.0,無,
馬公市,土地,五福段543-3地號,205.62,,一般農業區,甲種建築用地,1100128,土地2建物0車位0,,,其他,,,,0.0,0,0,0,有,無,7360000,35794,,0.0,0,農變建之起造人變更含未來一戶興建房屋價款,RPSNMLMLIIGGFAX09DA,0.0,0.0,0.0,無,083
馬公市,房地(土地+建物),澎湖縣馬公市民族路６８號之１,258.22,都市：其他:住宅區,,,1090827,土地4建物2車位0,全,二層,透天厝,住家用,鋼筋混凝土加強空心磚造,0560718,117.06,3,3,2,有,無,10520000,89868,,0.0,0,本案交易總價為1052萬元整，其中馬公段1632、1632-3、1633、1635-1地號土地及馬公段853建號建物價格為1032萬元整，另馬公段1123建號建物價格為20萬元整,RPVNMLSKJIGGFAX37DA,117.06,0.0,0.0,無,
馬公市,土地,五福段543地號,215.04,,一般農業區,甲種建築用地,1090517,土地2建物0車位0,,,其他,,,,0.0,0,0,0,有,無,8560000,39807,,0.0,0,農變建之起造人變更含未來一戶興建房屋價款,RPRNMLLLIIGGFAX88DA,0.0,0.0,0.0,無,083
