﻿編號,屋齡,建物移轉面積平方公尺,主要用途,主要建材,建築完成日期,總層數,建物分層
The serial number,room age,building shifting area square meter,the main use,main building materials,construction completes the date,total layer,building lamination
RPXNMLNJJIGGFAX96DA,26,218.00,住家用,鋼筋混凝土造,84年6月9日,四層,一層 二層 三層 四層 見其他登記事項
RPOOMLKKJIGGFAX58DA,38,111.15,農民住宅,鋼筋混凝土加強磚造,73年2月20日,二層,一層 二層 電梯樓梯間
RPSNMLQKJIGGFAX86DA,41,106.60,住家用,鋼筋混凝土加強磚造,69年9月13日,二層,一層 二層 電梯樓梯間
RPSOMLQKJIGGFAX96DA,40,91.12,住家用,鋼筋混凝土加強磚造,70年6月20日,二層,一層 二層 電梯樓梯間
RPOOMLTKJIGGFAX86DA,21,78.28,住家用,加強磚造,90年2月15日,一層,一層 電梯樓梯間
RPQNMLQKJIGGFAX66DA,4,359.07,老人養護中心、消防水池,鋼筋混凝土造,106年11月16日,一層,一層 地下一層 見其他登記事項
RPRNMLKKJIGGFAX78DA,43,190.80,住商用,鋼筋混凝土造,68年1月23日,四層,一層 二層 三層 四層 地下層
RPVNMLTKJIGGFAX47DA,15,105.92,集合住宅,鋼筋混凝土造,95年7月10日,七層,一層 陽台
RPVNMLTKJIGGFAX47DA,15,68.62,共用部份,鋼筋混凝土造,95年7月10日,十四層,
RPUNMLKMJIGGFAX66DA,26,102.65,住家用,鋼筋混凝土造,85年2月2日,八層,五層 陽台
RPUNMLKMJIGGFAX66DA,26,16.18,避難室、停車空間,鋼筋混凝土造,85年2月2日,八層,
RPUNMLKMJIGGFAX66DA,26,12.33,電氣室、台電受電室、電樓梯間,鋼筋混凝土造,85年2月2日,八層,
RPUNMLKMJIGGFAX66DA,26,1.39,門廊、門廳,鋼筋混凝土造,85年2月2日,八層,
RPWNMLKMJIGGFAX86DA,30,161.46,住家用,鋼筋混凝土造,80年8月30日,三層,一層 二層 三層
RPSNMLSJKIGGFAX07DA,46,55.44,住家用,鋼筋混凝土加強空心磚造,64年6月17日,二層,一層 二層
RPVNMLKMJIGGFAX76DA,7,170.13,住家用,鋼筋混凝土造,104年3月16日,三層,一層 二層 三層 見其他登記事項 見其他登記事項
RPPNMLTLIIGGFAX86DA,45,77.40,住家用,鋼筋混凝土加強磚造,65年11月25日,二層,一層 二層
RPSNMLQLIIGGFAX96EA,20,183.02,住家用,鋼筋混凝土造,90年6月11日,三層,一層 二層 三層 見其他登記事項
RPSNMLLJJIGGFAX88DA,26,23.33,停車庫兼避難室,鋼筋混凝土造,84年12月8日,七層,
RPSNMLLJJIGGFAX88DA,26,23.33,停車庫兼避難室,鋼筋混凝土造,84年12月8日,七層,
RPVNMLMJJIGGFAX66DA,13,214.07,住家用,鋼筋混凝土造,97年9月9日,三層,一層 二層 三層 陽台 水箱
RPQNMLQJIIGGFAX09DA,101,121.85,住家用,造,,一層,一層
RPUNMLOJJIGGFAX76DA,26,119.25,住家用,鋼筋混凝土造,85年2月2日,八層,八層 陽台
RPUNMLOJJIGGFAX76DA,26,16.60,避難室、停車空間,鋼筋混凝土造,85年2月2日,八層,
RPUNMLOJJIGGFAX76DA,26,12.65,電氣室、台電受電室、電樓梯間,鋼筋混凝土造,85年2月2日,八層,
RPUNMLOJJIGGFAX76DA,26,1.43,門廊、門廳,鋼筋混凝土造,85年2月2日,八層,
RPWNMLTJJIGGFAX47DA,45,110.46,住家用,鋼筋混凝土加強磚造,66年2月4日,二層,一層 二層
RPWNMLKKJIGGFAX66DA,26,122.26,住家用,鋼筋混凝土造,85年2月2日,八層,四層 陽台
RPWNMLKKJIGGFAX66DA,26,16.80,避難室、停車空間,鋼筋混凝土造,85年2月2日,八層,
RPWNMLKKJIGGFAX66DA,26,12.81,電氣室、台電受電室、電樓梯間,鋼筋混凝土造,85年2月2日,八層,
RPWNMLKKJIGGFAX66DA,26,1.44,門廊、門廳,鋼筋混凝土造,85年2月2日,八層,
RPUNMLTJJIGGFAX27DA,13,158.41,住家用,鋼筋混凝土造,97年12月16日,三層,一層 二層 三層 陽台 電梯樓梯間
RPPNMLKKIIGGFAX48DA,33,67.27,住家用,鋼筋混凝土加強磚造,77年12月17日,二層,一層 二層 電梯樓梯間 夾層
RPQOMLKKJIGGFAX78DA,,113.55,住家用,造,23年0月0日,一層,一層 見其他登記事項
RPSNMLSKJIGGFAX07DA,1,293.63,住家用,鋼筋混凝土造,109年8月31日,三層,一層 二層 三層 見其他登記事項
RPVNMLRKJIGGFAX27DA,12,221.48,住家用,加強磚造,98年6月5日,二層,一層 二層 陽台 屋頂突出物
RPRNMLLJJIGGFAX78DA,21,94.29,住家用,鋼筋混凝土造,89年6月21日,三層,三層
RPUNMLRKJIGGFAX17DA,4,324.30,住家用,鋼筋混凝土造,106年7月11日,三層,一層 二層 三層 見其他登記事項 見其他登記事項
RPPNMLRKJIGGFAX76EA,28,35.09,農舍,鋼筋混凝土造,82年11月2日,三層,一層 二層 三層 電梯樓梯間 見其他登記事項
RPRNMLMJJIGGFAX88DA,35,116.96,住家用,鋼筋混凝土加強磚造,76年1月19日,二層,一層 二層 電梯樓梯間 夾層
RPQNMLMKJIGGFAX88DA,21,178.38,住家用,鋼筋混凝土造,89年7月5日,三層,一層 二層 三層 見其他登記事項
RPWNMLRJIIGGFAX17DA,43,75.48,住家用,鋼筋混凝土加強磚造,67年8月28日,二層,一層 二層 電梯樓梯間
RPVNMLNLJIGGFAX96DA,43,102.08,住家用,鋼筋混凝土加強磚造,68年2月10日,三層,一層 二層 三層
RPSNMLNLJIGGFAX66DA,5,101.04,集合住宅,鋼筋混凝土造,106年3月28日,十層,三層 見其他登記事項
RPSNMLNLJIGGFAX66DA,5,63.63,共同使用,鋼筋混凝土造,106年3月28日,十層,
RPVNMLQKJIGGFAX27EA,,42.24,住家用,造,,一層,一層
RPOOMLRLIIGGFAX66DA,41,91.44,住家用,鋼筋混凝土加強磚造,70年3月23日,二層,一層 二層 電梯樓梯間
RPRNMLMLIIGGFAX98DA,15,113.62,集合住宅,鋼筋混凝土造,95年7月10日,十四層,十二層 陽台
RPRNMLMLIIGGFAX98DA,15,73.14,共用部份,鋼筋混凝土造,95年7月10日,十四層,
RPOOMLRJKIGGFAX66DA,23,55.54,商業用,鋼筋混凝土造,87年6月10日,四層,一層 二層 三層 四層 電梯樓梯間
RPTNMLOKRHGGFAX47DA,52,78.66,住家用,鋼筋混凝土加強空心磚造,58年11月25日,二層,一層 二層
RPXNMLPKRHGGFAX97DA,15,125.86,集合住宅,鋼筋混凝土造,95年6月29日,十三層,八層 陽台
RPXNMLPKRHGGFAX97DA,15,85.34,共用部份,鋼筋混凝土造,95年6月29日,十四層,
RPSNMLTLRHGGFAX97DA,27,102.50,住家用,鋼筋混凝土造,83年5月10日,七層,三層 見其他登記事項
RPSNMLTLRHGGFAX97DA,27,10.29,避難室、店舖,鋼筋混凝土造,83年5月10日,七層,
RPSNMLTLRHGGFAX97DA,27,6.07,,鋼筋混凝土造,83年5月10日,七層,
RPQNMLRLRHGGFAX57DA,39,138.80,住家用,鋼筋混凝土加強磚造,71年12月18日,三層,一層 二層 三層
RPUNMLOJIIGGFAX66DA,18,162.67,住家用,鋼筋混凝土造,93年2月10日,三層,一層 二層 三層 見其他登記事項
RPSNMLLJIIGGFAX78DA,54,96.71,住家用,鐵筋加強造,56年7月10日,三層,一層 二層 三層
RPUNMLTJRHGGFAX97DA,15,106.08,集合住宅,鋼筋混凝土造,95年7月10日,十四層,二層 陽台
RPUNMLTJRHGGFAX97DA,15,68.62,共用部份,鋼筋混凝土造,95年7月10日,十四層,
RPSNMLQJIIGGFAX66DA,27,118.67,住家用,鋼筋混凝土造,83年8月31日,七層,一層
RPSNMLQJIIGGFAX66DA,27,31.74,地下室、梯間,鋼筋混凝土造,83年8月31日,七層,
RPUNMLNLRHGGFAX57DA,11,181.99,住家用,鋼筋混凝土造,100年1月4日,四層,一層 二層 三層 四層 見其他登記事項 見其他登記事項
RPRNMLMKIIGGFAX88DA,,234.92,住家用,鋼筋混凝土造,110年7月26日,三層,一層 二層 三層 見其他登記事項
RPSNMLSJIIGGFAX86DA,,8.22,住家用,造,,一層,一層 見其他登記事項
RPUNMLNKIIGGFAX66DA,,8.22,住家用,造,,一層,一層 見其他登記事項
RPTNMLRLRHGGFAX97EA,,15.32,住家用,造,6年0月0日,一層,一層
RPUNMLRLRHGGFAX08EA,,15.32,住家用,造,6年0月0日,一層,一層
RPSNMLRLRHGGFAX87EA,,15.32,住家用,造,6年0月0日,一層,一層
RPSNMLMKIIGGFAX98DA,,90.29,集合住宅,鋼筋混凝土造,110年7月23日,五層,二層 見其他登記事項
RPSNMLMKIIGGFAX98DA,,42.04,共用部份,鋼筋混凝土造,110年7月23日,五層,
RPTNMLMKIIGGFAX09DA,,77.68,集合住宅,鋼筋混凝土造,110年7月23日,五層,二層 見其他登記事項
RPTNMLMKIIGGFAX09DA,,21.53,共用部份,鋼筋混凝土造,110年7月23日,五層,
RPWNMLMKIIGGFAX76DA,,90.35,集合住宅,鋼筋混凝土造,110年7月23日,五層,三層 見其他登記事項
RPWNMLMKIIGGFAX76DA,,42.04,共用部份,鋼筋混凝土造,110年7月23日,五層,
RPVNMLMKIIGGFAX66DA,,77.68,集合住宅,鋼筋混凝土造,110年7月23日,五層,三層 見其他登記事項
RPVNMLMKIIGGFAX66DA,,21.53,共用部份,鋼筋混凝土造,110年7月23日,五層,
RPROMLMKIIGGFAX98DA,,77.68,集合住宅,鋼筋混凝土造,110年7月23日,五層,五層 見其他登記事項
RPROMLMKIIGGFAX98DA,,35.28,共用部份,鋼筋混凝土造,110年7月23日,五層,
RPOOMLMKIIGGFAX68DA,,90.35,集合住宅,鋼筋混凝土造,110年7月23日,五層,四層 見其他登記事項
RPOOMLMKIIGGFAX68DA,,42.04,共用部份,鋼筋混凝土造,110年7月23日,五層,
RPPOMLMKIIGGFAX78DA,,77.68,集合住宅,鋼筋混凝土造,110年7月23日,五層,四層 見其他登記事項
RPPOMLMKIIGGFAX78DA,,35.28,共用部份,鋼筋混凝土造,110年7月23日,五層,
RPRNMLRJIIGGFAX66DA,17,206.68,住家用,鋼筋混凝土造,94年1月24日,三層,一層 二層 三層 見其他登記事項
RPSOMLMKIIGGFAX09DA,,90.35,集合住宅,鋼筋混凝土造,110年7月23日,五層,五層 見其他登記事項
RPSOMLMKIIGGFAX09DA,,42.04,共用部份,鋼筋混凝土造,110年7月23日,五層,
RPRNMLLJIIGGFAX68DA,11,346.36,住家用,鋼筋混凝土造,99年9月15日,三層,一層 二層 三層 見其他登記事項
RPSNMLPKIIGGFAX66DA,43,157.80,住商用,鋼筋混凝土加強磚造,67年11月30日,四層,一層 二層 三層 四層 地下層
RPPNMLSKIIGGFAX66DA,,161.96,住家用,鋼筋加強造,53年0月0日,二層,一層 二層
RPSNMLKLIIGGFAX88DA,41,120.30,住家用,鋼筋混凝土加強磚造,70年3月2日,三層,一層 二層 三層
RPPNMLNJJIGGFAX78DA,41,88.46,住家用,鋼筋混凝土加強磚造,69年11月17日,二層,一層 二層 電梯樓梯間
RPPNMLSLIIGGFAX76DA,24,114.34,住家用,鋼筋混凝土造,86年6月28日,八層,四層 陽台
RPUNMLMJJIGGFAX56DA,14,213.93,住家用,鋼筋混凝土造,96年10月15日,三層,一層 二層 三層 水箱 見其他登記事項
RPSNMLSLIIGGFAX07DA,24,98.38,住家用,鋼筋混凝土造,86年6月28日,八層,七層 陽台
RPPNMLSLIIGGFAX76DA,24,44.08,住家用,鋼筋混凝土造,86年6月28日,八層,
RPSNMLSLIIGGFAX07DA,24,31.57,住家用,鋼筋混凝土造,86年6月28日,八層,
RPTNMLNJJIGGFAX56DA,15,107.67,集合住宅,鋼筋混凝土造,95年7月10日,十四層,十四層 陽台
RPTNMLNJJIGGFAX56DA,15,69.52,共用部份,鋼筋混凝土造,95年7月10日,十四層,
RPXNMLOKIIGGFAX07DA,27,103.09,集合住宅,鋼筋混凝土造,84年1月19日,五層,五層 見其他登記事項
RPQNMLRJJIGGFAX66DA,48,147.37,住家用,鋼筋加強磚造,62年7月26日,三層,一層 二層 三層
RPXNMLOKIIGGFAX07DA,27,18.75,樓梯間,鋼筋混凝土造,84年1月19日,五層,
RPVNMLPKJIGGFAX07DA,,9.19,住家用,造,6年0月0日,一層,一層
RPPOMLKKJIGGFAX68DA,,9.19,住家用,造,6年0月0日,一層,一層
TPPOMLKKJIGGFAX88DA,,9.19,住家用,造,6年0月0日,一層,一層
RPPOMLSKQHGGFAX47DA,21,303.58,店舖,鋼骨造,89年7月28日,一層,一層
UPPOMLKKJIGGFAX98DA,,9.19,住家用,造,6年0月0日,一層,一層
RPXNMLLJRHGGFAX47DA,,8.22,住家用,造,,一層,一層 見其他登記事項
RPTNMLQJRHGGFAX57DA,45,72.00,住家用,鋼筋混凝土加強磚造,65年11月25日,二層,一層 二層
RPVNMLNJRHGGFAX47DA,27,188.32,住家用,鋼筋混凝土造,83年6月3日,三層,一層 二層 三層 電梯樓梯間 見其他登記事項
RPRNMLMJRHGGFAX96DA,51,41.79,住家用,鋼筋混凝土加強空心磚造,59年5月15日,一層,一層
SPPOMLKKJIGGFAX78DA,,9.19,住家用,造,6年0月0日,一層,一層
RPUNMLQJRHGGFAX67DA,28,22.89,住家用,鋼筋混凝土造,82年4月22日,五層,五層
RPUNMLQJRHGGFAX67DA,28,8.77,避難室,鋼筋混凝土造,82年4月22日,五層,
RPUNMLQJRHGGFAX67DA,28,1.80,走道,鋼筋混凝土造,82年4月22日,五層,
RPQNMLRKQHGGFAX37DA,24,122.19,住家用,鋼筋混凝土造,86年6月28日,八層,七層 陽台
RPQNMLRKQHGGFAX37DA,24,39.95,住家用,鋼筋混凝土造,86年6月28日,八層,
RPSNMLRLQHGGFAX67DA,37,101.00,集合住宅,鋼筋混凝土造,73年6月29日,五層,四層
RPSNMLRLQHGGFAX67DA,37,.37,集合住宅,鋼筋混凝土造,73年6月29日,五層,一層
RPPNMLOKRHGGFAX07DA,30,178.16,住家用,鋼筋混凝土造,81年1月27日,三層,一層 二層 三層 電梯樓梯間
RPVNMLQJRHGGFAX77DA,15,108.22,集合住宅,鋼筋混凝土造,95年6月29日,十二層,一層 陽台
RPVNMLQJRHGGFAX77DA,15,73.25,共用部份,鋼筋混凝土造,95年6月29日,十四層,
RPTNMLRKRHGGFAX77DA,26,132.02,住家用,鋼筋混凝土造,84年4月26日,七層,七層 見其他登記事項
RPTNMLRKRHGGFAX77DA,26,40.82,電樓梯間、地下室,鋼筋混凝土造,84年4月26日,七層,
RPPNMLKKQHGGFAX56DA,6,320.79,住家用,鋼筋混凝土造,104年11月30日,三層,一層 二層 三層 見其他登記事項 見其他登記事項
RPVNMLRLQHGGFAX97DA,4,79.82,集合住宅,鋼筋混凝土造,106年3月28日,十層,六層 見其他登記事項
RPVNMLRLQHGGFAX97DA,4,33.43,共同使用,鋼筋混凝土造,106年3月28日,十層,
RPWNMLLMQHGGFAX57DA,38,113.66,住家用,鋼筋混凝土加強磚造,72年12月3日,二層,一層 二層 電梯樓梯間
RPSNMLKMRHGGFAX17DA,23,192.68,住家用,鋼筋混凝土造,87年11月4日,三層,一層 二層 三層 電梯樓梯間 見其他登記事項
RPSNMLSLRHGGFAX87DA,40,91.80,住家用,鋼筋混凝土加強磚造,70年6月15日,二層,一層 二層 電梯樓梯間
RPVNMLKLQHGGFAX27DA,3,268.78,住家用,鋼筋混凝土造,107年7月26日,三層,一層 二層 三層 見其他登記事項
RPWNMLNKIIGGFAX86DA,29,158.60,住家用,鋼筋混凝土造,82年1月15日,四層,一層 二層 三層 四層 電梯樓梯間 見其他登記事項
RPWNMLNKIIGGFAX86DA,29,69.97,避難室,鋼筋混凝土造,82年1月15日,四層,
RPVNMLRJIIGGFAX07DA,1,275.40,住家用,鋼筋混凝土造,109年11月26日,三層,一層 二層 三層 見其他登記事項 見其他登記事項
RPPNMLRJIIGGFAX56EA,23,136.79,住家用,鋼筋混凝土造,87年7月23日,十層,三層 見其他登記事項
RPPNMLRJIIGGFAX56EA,23,38.67,見其他登記事項,鋼筋混凝土造,87年7月23日,十層,
RPTNMLOKIIGGFAX66DA,1,158.94,住家用,鋼筋混凝土造,109年10月20日,四層,一層 二層 三層 四層 見其他登記事項
RPUNMLTKIIGGFAX27DA,2,57.37,集合住宅,鋼筋混凝土造,108年4月18日,六層,二層 見其他登記事項
RPUNMLTKIIGGFAX27DA,2,20.75,共用部份,鋼筋混凝土造,108年4月18日,六層,
RPWNMLTKIIGGFAX47DA,27,13.02,樓梯間,鋼筋混凝土造,84年1月19日,五層,
RPWNMLTKIIGGFAX47DA,27,94.72,集合住宅,鋼筋混凝土造,84年1月19日,五層,五層 見其他登記事項
RPVNMLTKIIGGFAX37DA,,67.87,住家用,造,13年0月0日,一層,一層 見其他登記事項
RPQNMLSJIIGGFAX66DA,,77.95,住家用,造,,一層,一層
RPPNMLLKJIGGFAX68DA,25,114.53,住家用,鋼筋混凝土造,85年3月8日,十層,十層 見其他登記事項
RPPNMLLKJIGGFAX68DA,25,31.85,停車場、梯間、機械房、蓄水池、電樓梯間、走道（１～１０樓）,鋼筋混凝土造,85年3月8日,十層,
RPTNMLKKJIGGFAX09EA,,10.40,住家用,造,,一層,一層
RPTNMLKKJIGGFAX09EA,,32.08,住家用,造,,一層,一層
RPWNMLKLPHGGFAX27DA,25,211.42,住家用,鋼筋混凝土造,85年3月27日,三層,一層 二層 三層 電梯樓梯間 見其他登記事項
RPUNMLKKRHGGFAX17DA,29,182.18,住家用,鋼筋混凝土加強磚造,81年5月28日,二層,一層 二層 電梯樓梯間 夾層
RPRNMLQKRHGGFAX47DA,3,304.91,住家用,鋼筋混凝土造,107年3月13日,三層,一層 二層 三層 見其他登記事項 見其他登記事項
RPOOMLNKQHGGFAX86DA,44,19.52,住家用,鋼筋混凝土加強磚造,66年11月4日,二層,一層 二層 電梯樓梯間
RPRNMLOKIIGGFAX09DA,,5.60,住家用,造,8年0月0日,一層,一層
RPRNMLPKJIGGFAX66DA,9,282.03,住家用,鋼筋混凝土造,101年9月13日,三層,一層 二層 三層 見其他登記事項
RPTNMLMJJIGGFAX09DA,,192.25,住家用,鋼筋混凝土造,110年7月12日,三層,一層 二層 三層 見其他登記事項
RPVNMLRKQHGGFAX87DA,17,322.67,住家用,鋼筋混凝土造,93年5月13日,五層,一層 二層 三層 四層 五層 電梯樓梯間 見其他登記事項
RPVNMLSKJIGGFAX37DA,,30.24,住家用,造,,一層,一層
RPVNMLSKJIGGFAX37DA,53,86.82,住家用,鋼筋混凝土加強空心磚造,56年7月18日,二層,一層 二層
