﻿編號,土地位置,土地移轉面積(平方公尺),使用分區或編定,權利人持分分母,權利人持分分子,移轉情形,地號
The serial number, land position,land shifting area square meter,the use zoning or compiles and checks,,,,land parcel
RPSOMLLKKHPFFAA67DB,福和段一小段,16.22,都市：住,10000,389,持分移轉,00780000
RPTOMLLKKHPFFAA77DB,福和段一小段,18.51,都市：住,10000,444,持分移轉,00780000
RPVOMLLLKHPFFEA38CB,三合段,18.59,都市：住,100000,1282,持分移轉,00080000
RPVNMLNLLHPFFCA38CB,東湖段一小段,27.25,都市：住,100000,320,持分移轉,00180000
RPSPMLNLLHPFFCA28CB,東湖段一小段,27.25,都市：住,100000,320,持分移轉,00180000
RPSNMLNLLHPFFCA08CB,東湖段一小段,24.44,都市：住,100000,287,持分移轉,00180000
RPWNMLNLLHPFFCA48CB,東湖段一小段,27.25,都市：住,100000,320,持分移轉,00180000
RPPPMLNLLHPFFCA97CB,東湖段一小段,27.25,都市：住,100000,320,持分移轉,00180000
RPOPMLNLLHPFFCA87CB,東湖段一小段,27.25,都市：住,100000,320,持分移轉,00180000
RPROMLNLLHPFFCA08CB,東湖段一小段,27.50,都市：住,100000,323,持分移轉,00180000
RPPOMLNLLHPFFCA87CB,東湖段一小段,27.25,都市：住,100000,320,持分移轉,00180000
RPUOMLNLLHPFFCA38CB,東湖段一小段,27.25,都市：住,100000,320,持分移轉,00180000
RPOOMLNLLHPFFCA77CB,東湖段一小段,27.25,都市：住,100000,320,持分移轉,00180000
RPTQMLNLLHPFFCA48CB,東湖段一小段,27.25,都市：住,100000,320,持分移轉,00180000
RPTPMLNLLHPFFCA38CB,東湖段一小段,27.25,都市：住,100000,320,持分移轉,00180000
RPORMLNLLHPFFCA08CB,東湖段一小段,27.76,都市：住,100000,326,持分移轉,00180000
RPVQMLNLLHPFFCA68CB,東湖段一小段,27.25,都市：住,100000,320,持分移轉,00180000
RPVSMLNLLHPFFCA88CB,東湖段一小段,.00,都市：住,,,,00180000
RPOTMLNLLHPFFCA28CB,東湖段一小段,25.29,都市：住,100000,297,持分移轉,00180000
RPSSMLNLLHPFFCA58CB,東湖段一小段,.00,都市：住,,,,00180000
RPPSMLNLLHPFFCA28CB,東湖段一小段,.00,都市：住,,,,00180000
RPRRMLNLLHPFFCA38CB,東湖段一小段,.00,都市：住,,,,00180000
RPURMLNLLHPFFCA68CB,東湖段一小段,.00,都市：住,,,,00180000
RPQRMLNLLHPFFCA28CB,東湖段一小段,.00,都市：住,,,,00180000
RPPRMLNLLHPFFCA18CB,東湖段一小段,.00,都市：住,,,,00180000
RPTSMLNLLHPFFCA68CB,東湖段一小段,.00,都市：住,,,,00180000
RPWRMLNLLHPFFCA88CB,東湖段一小段,.00,都市：住,,,,00180000
RPTTMLNLLHPFFCA78CB,東湖段一小段,25.29,都市：住,100000,297,持分移轉,00180000
RPVTMLNLLHPFFCA98CB,東湖段一小段,25.54,都市：住,100000,300,持分移轉,00180000
RPXTMLNLLHPFFCA56CB,東湖段一小段,25.29,都市：住,100000,297,持分移轉,00180000
RPPVMLNLLHPFFCA58CB,東湖段一小段,25.54,都市：住,100000,300,持分移轉,00180000
RPPUMLNLLHPFFCA48CB,東湖段一小段,25.29,都市：住,100000,297,持分移轉,00180000
RPSVMLNLLHPFFCA88CB,東湖段一小段,25.54,都市：住,100000,300,持分移轉,00180000
RPVUMLNLLHPFFCA09CB,東湖段一小段,25.29,都市：住,100000,297,持分移轉,00180000
RPWVMLNLLHPFFCA66CB,東湖段一小段,25.54,都市：住,100000,300,持分移轉,00180000
RPSWMLNLLHPFFCA98CB,東湖段一小段,25.29,都市：住,100000,297,持分移轉,00180000
RPQWMLNLLHPFFCA78CB,東湖段一小段,25.29,都市：住,100000,297,持分移轉,00180000
RPTWMLNLLHPFFCA09CB,東湖段一小段,25.54,都市：住,100000,300,持分移轉,00180000
RPPOMLOLLHPFFCA97CB,東湖段一小段,25.54,都市：住,100000,300,持分移轉,00180000
RPXOMLOLLHPFFCA78CB,東湖段一小段,25.54,都市：住,100000,300,持分移轉,00180000
RPQOMLOLLHPFFCA08CB,東湖段一小段,25.54,都市：住,100000,300,持分移轉,00180000
RPTNMLOLLHPFFCA28CB,東湖段一小段,24.86,都市：住,100000,292,持分移轉,00180000
RPXNMLOLLHPFFCA68CB,東湖段一小段,25.29,都市：住,100000,297,持分移轉,00180000
RPQPMLOLLHPFFCA18CB,東湖段一小段,23.42,都市：住,100000,275,持分移轉,00180000
RPROMLOLLHPFFCA18CB,東湖段一小段,25.54,都市：住,100000,300,持分移轉,00180000
RPTOMLOLLHPFFCA38CB,東湖段一小段,25.54,都市：住,100000,300,持分移轉,00180000
RPWOMLOLLHPFFCA68CB,東湖段一小段,25.54,都市：住,100000,300,持分移轉,00180000
RPUPMLOLLHPFFCA58CB,東湖段一小段,23.67,都市：住,100000,278,持分移轉,00180000
RPRPMLOLLHPFFCA28CB,東湖段一小段,23.42,都市：住,100000,275,持分移轉,00180000
RPQQMLOLLHPFFCA28CB,東湖段一小段,23.42,都市：住,100000,275,持分移轉,00180000
RPSQMLOLLHPFFCA48CB,東湖段一小段,23.42,都市：住,100000,275,持分移轉,00180000
RPTQMLOLLHPFFCA58CB,東湖段一小段,23.42,都市：住,100000,275,持分移轉,00180000
RPUQMLOLLHPFFCA68CB,東湖段一小段,23.42,都市：住,100000,275,持分移轉,00180000
RPPRMLOLLHPFFCA28CB,東湖段一小段,23.42,都市：住,100000,275,持分移轉,00180000
RPWPMLOLLHPFFCA78CB,東湖段一小段,22.99,都市：住,100000,270,持分移轉,00180000
RPRRMLOLLHPFFCA48CB,東湖段一小段,23.33,都市：住,100000,274,持分移轉,00180000
RPXQMLOLLHPFFCA98CB,東湖段一小段,23.42,都市：住,100000,275,持分移轉,00180000
RPTRMLOLLHPFFCA68CB,東湖段一小段,23.67,都市：住,100000,278,持分移轉,00180000
RPXRMLOLLHPFFCA09CB,東湖段一小段,23.67,都市：住,100000,278,持分移轉,00180000
RPRSMLOLLHPFFCA58CB,東湖段一小段,23.67,都市：住,100000,278,持分移轉,00180000
RPQSMLOLLHPFFCA48CB,東湖段一小段,23.67,都市：住,100000,278,持分移轉,00180000
RPSSMLOLLHPFFCA68CB,東湖段一小段,23.67,都市：住,100000,278,持分移轉,00180000
RPTTMLOLLHPFFCA88CB,東湖段一小段,20.10,都市：住,100000,236,持分移轉,00180000
RPOUMLOLLHPFFCA48CB,東湖段一小段,18.73,都市：住,100000,220,持分移轉,00180000
RPPUMLOLLHPFFCA58CB,東湖段一小段,18.73,都市：住,100000,220,持分移轉,00180000
RPWTMLOLLHPFFCA56CB,東湖段一小段,18.65,都市：住,100000,219,持分移轉,00180000
RPSTMLOLLHPFFCA78CB,東湖段一小段,18.39,都市：住,100000,216,持分移轉,00180000
RPUSMLOLLHPFFCA88CB,東湖段一小段,23.67,都市：住,100000,278,持分移轉,00180000
RPQTMLOLLHPFFCA58CB,東湖段一小段,18.39,都市：住,100000,216,持分移轉,00180000
RPXSMLOLLHPFFCA56CB,東湖段一小段,23.67,都市：住,100000,278,持分移轉,00180000
RPPTMLOLLHPFFCA48CB,東湖段一小段,18.39,都市：住,100000,216,持分移轉,00180000
RPRNMLPLLHPFFCA18CB,東湖段一小段,.00,都市：住,,,,00180000
RPOTMLOLLHPFFCA38CB,東湖段一小段,23.67,都市：住,100000,278,持分移轉,00180000
RPSNMLPLLHPFFCA28CB,東湖段一小段,25.54,都市：住,100000,300,持分移轉,00180000
RPWNMLPLLHPFFCA68CB,東湖段一小段,.00,都市：住,,,,00180000
RPRUMLOLLHPFFCA78CB,東湖段一小段,18.73,都市：住,100000,220,持分移轉,00180000
RPSQMLOKMHPFFCA48CB,金泰段,16.83,都市：商,100000,1646,持分移轉,00070003
RPWOMLOKMHPFFCA68CB,金泰段,20.64,都市：商,100000,2018,持分移轉,00070003
RPRQMLOKMHPFFCA38CB,金泰段,16.83,都市：商,100000,1646,持分移轉,00070003
RPTNMLOKMHPFFCA28CB,金泰段,19.16,都市：商,100000,1874,持分移轉,00070003
RPXNMLMLMHPFFCA58CB,東湖段一小段,25.54,都市：住,100000,300,持分移轉,00180000
RPOTMLOKMHPFFCA38CB,金泰段,19.16,都市：商,100000,1874,持分移轉,00070003
RPWQMLOKMHPFFCA88CB,金泰段,16.83,都市：商,100000,1646,持分移轉,00070003
RPURMLOKMHPFFCA78CB,金泰段,16.83,都市：商,100000,1646,持分移轉,00070003
RPSPMLKLMHPFFCA08CB,東湖段一小段,25.12,都市：住,100000,295,持分移轉,00180000
RPVRMLOKMHPFFCA88CB,金泰段,16.83,都市：商,100000,1646,持分移轉,00070003
RPUQMLOKMHPFFCA68CB,金泰段,16.83,都市：商,100000,1646,持分移轉,00070003
RPPRMLSLMHPFFCA78CB,德惠段二小段,.13,都市：其他:市場用地,100000,660,持分移轉,08130001
RPPRMLSLMHPFFCA78CB,德惠段二小段,.35,都市：其他:市場用地,100000,660,持分移轉,08140000
RPPRMLSLMHPFFCA78CB,德惠段二小段,.03,都市：其他:市場用地,100000,660,持分移轉,08140001
RPPRMLSLMHPFFCA78CB,德惠段二小段,1.30,都市：其他:市場用地,100000,660,持分移轉,08140003
RPPRMLSLMHPFFCA78CB,德惠段二小段,.46,都市：其他:市場用地,100000,660,持分移轉,08150000
RPPRMLSLMHPFFCA78CB,德惠段二小段,5.64,都市：其他:市場用地,100000,660,持分移轉,08160000
RPRRMLSLMHPFFCA98CB,德惠段二小段,.13,都市：其他:市場用地,100000,660,持分移轉,08130001
RPRRMLSLMHPFFCA98CB,德惠段二小段,.35,都市：其他:市場用地,100000,660,持分移轉,08140000
RPRRMLSLMHPFFCA98CB,德惠段二小段,.03,都市：其他:市場用地,100000,660,持分移轉,08140001
RPRRMLSLMHPFFCA98CB,德惠段二小段,1.30,都市：其他:市場用地,100000,660,持分移轉,08140003
RPRRMLSLMHPFFCA98CB,德惠段二小段,.46,都市：其他:市場用地,100000,660,持分移轉,08150000
RPRRMLSLMHPFFCA98CB,德惠段二小段,5.64,都市：其他:市場用地,100000,660,持分移轉,08160000
RPWQMLSLMHPFFCA76CB,德惠段二小段,.11,都市：其他:市場用地,100000,590,持分移轉,08130001
RPWQMLSLMHPFFCA76CB,德惠段二小段,.31,都市：其他:市場用地,100000,590,持分移轉,08140000
RPWQMLSLMHPFFCA76CB,德惠段二小段,.02,都市：其他:市場用地,100000,590,持分移轉,08140001
RPWQMLSLMHPFFCA76CB,德惠段二小段,1.16,都市：其他:市場用地,100000,590,持分移轉,08140003
RPWQMLSLMHPFFCA76CB,德惠段二小段,.41,都市：其他:市場用地,100000,590,持分移轉,08150000
RPWQMLSLMHPFFCA76CB,德惠段二小段,5.04,都市：其他:市場用地,100000,590,持分移轉,08160000
RPSTMLOKMHPFFCA78CB,金泰段,19.16,都市：商,100000,1874,持分移轉,00070003
RPXTMLSLMHPFFCA17CB,德惠段二小段,.17,都市：其他:市場用地,10000,89,持分移轉,08130001
RPXTMLSLMHPFFCA17CB,德惠段二小段,.47,都市：其他:市場用地,10000,89,持分移轉,08140000
RPXTMLSLMHPFFCA17CB,德惠段二小段,.04,都市：其他:市場用地,10000,89,持分移轉,08140001
RPXTMLSLMHPFFCA17CB,德惠段二小段,1.75,都市：其他:市場用地,10000,89,持分移轉,08140003
RPXTMLSLMHPFFCA17CB,德惠段二小段,.62,都市：其他:市場用地,10000,89,持分移轉,08150000
RPXTMLSLMHPFFCA17CB,德惠段二小段,7.60,都市：其他:市場用地,10000,89,持分移轉,08160000
RPUPMLKMMHPFFCA38CB,德惠段二小段,.12,都市：其他:市場用地,100000,640,持分移轉,08130001
RPUPMLKMMHPFFCA38CB,德惠段二小段,.34,都市：其他:市場用地,100000,640,持分移轉,08140000
RPUPMLKMMHPFFCA38CB,德惠段二小段,.03,都市：其他:市場用地,100000,640,持分移轉,08140001
RPUPMLKMMHPFFCA38CB,德惠段二小段,1.26,都市：其他:市場用地,100000,640,持分移轉,08140003
RPUPMLKMMHPFFCA38CB,德惠段二小段,.45,都市：其他:市場用地,100000,640,持分移轉,08150000
RPUPMLKMMHPFFCA38CB,德惠段二小段,5.47,都市：其他:市場用地,100000,640,持分移轉,08160000
RPTPMLKMMHPFFCA28CB,德惠段二小段,.12,都市：其他:市場用地,100000,640,持分移轉,08130001
RPTPMLKMMHPFFCA28CB,德惠段二小段,.34,都市：其他:市場用地,100000,640,持分移轉,08140000
RPTPMLKMMHPFFCA28CB,德惠段二小段,.03,都市：其他:市場用地,100000,640,持分移轉,08140001
RPTPMLKMMHPFFCA28CB,德惠段二小段,1.26,都市：其他:市場用地,100000,640,持分移轉,08140003
RPTPMLKMMHPFFCA28CB,德惠段二小段,.45,都市：其他:市場用地,100000,640,持分移轉,08150000
RPTPMLKMMHPFFCA28CB,德惠段二小段,5.47,都市：其他:市場用地,100000,640,持分移轉,08160000
RPXOMLKMMHPFFCA58CB,德惠段二小段,.12,都市：其他:市場用地,100000,640,持分移轉,08130001
RPXOMLKMMHPFFCA58CB,德惠段二小段,.34,都市：其他:市場用地,100000,640,持分移轉,08140000
RPXOMLKMMHPFFCA58CB,德惠段二小段,.03,都市：其他:市場用地,100000,640,持分移轉,08140001
RPXOMLKMMHPFFCA58CB,德惠段二小段,1.26,都市：其他:市場用地,100000,640,持分移轉,08140003
RPXOMLKMMHPFFCA58CB,德惠段二小段,.45,都市：其他:市場用地,100000,640,持分移轉,08150000
RPXOMLKMMHPFFCA58CB,德惠段二小段,5.47,都市：其他:市場用地,100000,640,持分移轉,08160000
RPSPMLKMMHPFFCA18CB,德惠段二小段,.12,都市：其他:市場用地,100000,640,持分移轉,08130001
RPSPMLKMMHPFFCA18CB,德惠段二小段,.34,都市：其他:市場用地,100000,640,持分移轉,08140000
RPSPMLKMMHPFFCA18CB,德惠段二小段,.03,都市：其他:市場用地,100000,640,持分移轉,08140001
RPSPMLKMMHPFFCA18CB,德惠段二小段,1.26,都市：其他:市場用地,100000,640,持分移轉,08140003
RPSPMLKMMHPFFCA18CB,德惠段二小段,.45,都市：其他:市場用地,100000,640,持分移轉,08150000
RPSPMLKMMHPFFCA18CB,德惠段二小段,5.47,都市：其他:市場用地,100000,640,持分移轉,08160000
RPWOMLKMMHPFFCA48CB,德惠段二小段,.12,都市：其他:市場用地,100000,640,持分移轉,08130001
RPWOMLKMMHPFFCA48CB,德惠段二小段,.34,都市：其他:市場用地,100000,640,持分移轉,08140000
RPWOMLKMMHPFFCA48CB,德惠段二小段,.03,都市：其他:市場用地,100000,640,持分移轉,08140001
RPWOMLKMMHPFFCA48CB,德惠段二小段,1.26,都市：其他:市場用地,100000,640,持分移轉,08140003
RPWOMLKMMHPFFCA48CB,德惠段二小段,.45,都市：其他:市場用地,100000,640,持分移轉,08150000
RPWOMLKMMHPFFCA48CB,德惠段二小段,5.47,都市：其他:市場用地,100000,640,持分移轉,08160000
RPVPMLKMMHPFFCA48CB,德惠段二小段,.12,都市：其他:市場用地,100000,640,持分移轉,08130001
RPVPMLKMMHPFFCA48CB,德惠段二小段,.34,都市：其他:市場用地,100000,640,持分移轉,08140000
RPVPMLKMMHPFFCA48CB,德惠段二小段,.03,都市：其他:市場用地,100000,640,持分移轉,08140001
RPVPMLKMMHPFFCA48CB,德惠段二小段,1.26,都市：其他:市場用地,100000,640,持分移轉,08140003
RPVPMLKMMHPFFCA48CB,德惠段二小段,.45,都市：其他:市場用地,100000,640,持分移轉,08150000
RPVPMLKMMHPFFCA48CB,德惠段二小段,5.47,都市：其他:市場用地,100000,640,持分移轉,08160000
RPWQMLKMMHPFFCA68CB,德惠段二小段,.12,都市：其他:市場用地,100000,630,持分移轉,08130001
RPWQMLKMMHPFFCA68CB,德惠段二小段,.33,都市：其他:市場用地,100000,630,持分移轉,08140000
RPWQMLKMMHPFFCA68CB,德惠段二小段,.03,都市：其他:市場用地,100000,630,持分移轉,08140001
RPWQMLKMMHPFFCA68CB,德惠段二小段,1.24,都市：其他:市場用地,100000,630,持分移轉,08140003
RPWQMLKMMHPFFCA68CB,德惠段二小段,.44,都市：其他:市場用地,100000,630,持分移轉,08150000
RPWQMLKMMHPFFCA68CB,德惠段二小段,5.38,都市：其他:市場用地,100000,630,持分移轉,08160000
RPXQMLKMMHPFFCA78CB,德惠段二小段,.12,都市：其他:市場用地,100000,630,持分移轉,08130001
RPXQMLKMMHPFFCA78CB,德惠段二小段,.33,都市：其他:市場用地,100000,630,持分移轉,08140000
RPXQMLKMMHPFFCA78CB,德惠段二小段,.03,都市：其他:市場用地,100000,630,持分移轉,08140001
RPXQMLKMMHPFFCA78CB,德惠段二小段,1.24,都市：其他:市場用地,100000,630,持分移轉,08140003
RPXQMLKMMHPFFCA78CB,德惠段二小段,.44,都市：其他:市場用地,100000,630,持分移轉,08150000
RPXQMLKMMHPFFCA78CB,德惠段二小段,5.38,都市：其他:市場用地,100000,630,持分移轉,08160000
RPORMLKMMHPFFCA97CB,德惠段二小段,.12,都市：其他:市場用地,100000,630,持分移轉,08130001
RPORMLKMMHPFFCA97CB,德惠段二小段,.33,都市：其他:市場用地,100000,630,持分移轉,08140000
RPORMLKMMHPFFCA97CB,德惠段二小段,.03,都市：其他:市場用地,100000,630,持分移轉,08140001
RPORMLKMMHPFFCA97CB,德惠段二小段,1.24,都市：其他:市場用地,100000,630,持分移轉,08140003
RPORMLKMMHPFFCA97CB,德惠段二小段,.44,都市：其他:市場用地,100000,630,持分移轉,08150000
RPORMLKMMHPFFCA97CB,德惠段二小段,5.38,都市：其他:市場用地,100000,630,持分移轉,08160000
RPPRMLKMMHPFFCA08CB,德惠段二小段,.12,都市：其他:市場用地,100000,630,持分移轉,08130001
RPPRMLKMMHPFFCA08CB,德惠段二小段,.33,都市：其他:市場用地,100000,630,持分移轉,08140000
RPPRMLKMMHPFFCA08CB,德惠段二小段,.03,都市：其他:市場用地,100000,630,持分移轉,08140001
RPPRMLKMMHPFFCA08CB,德惠段二小段,1.24,都市：其他:市場用地,100000,630,持分移轉,08140003
RPPRMLKMMHPFFCA08CB,德惠段二小段,.44,都市：其他:市場用地,100000,630,持分移轉,08150000
RPPRMLKMMHPFFCA08CB,德惠段二小段,5.38,都市：其他:市場用地,100000,630,持分移轉,08160000
RPQRMLKMMHPFFCA18CB,德惠段二小段,.12,都市：其他:市場用地,100000,630,持分移轉,08130001
RPQRMLKMMHPFFCA18CB,德惠段二小段,.33,都市：其他:市場用地,100000,630,持分移轉,08140000
RPQRMLKMMHPFFCA18CB,德惠段二小段,.03,都市：其他:市場用地,100000,630,持分移轉,08140001
RPQRMLKMMHPFFCA18CB,德惠段二小段,1.24,都市：其他:市場用地,100000,630,持分移轉,08140003
RPQRMLKMMHPFFCA18CB,德惠段二小段,.44,都市：其他:市場用地,100000,630,持分移轉,08150000
RPQRMLKMMHPFFCA18CB,德惠段二小段,5.38,都市：其他:市場用地,100000,630,持分移轉,08160000
RPRRMLKMMHPFFCA28CB,德惠段二小段,.12,都市：其他:市場用地,100000,630,持分移轉,08130001
RPRRMLKMMHPFFCA28CB,德惠段二小段,.33,都市：其他:市場用地,100000,630,持分移轉,08140000
RPRRMLKMMHPFFCA28CB,德惠段二小段,.03,都市：其他:市場用地,100000,630,持分移轉,08140001
RPRRMLKMMHPFFCA28CB,德惠段二小段,1.24,都市：其他:市場用地,100000,630,持分移轉,08140003
RPRRMLKMMHPFFCA28CB,德惠段二小段,.44,都市：其他:市場用地,100000,630,持分移轉,08150000
RPRRMLKMMHPFFCA28CB,德惠段二小段,5.38,都市：其他:市場用地,100000,630,持分移轉,08160000
RPSQMLKMMHPFFCA28CB,德惠段二小段,.12,都市：其他:市場用地,100000,630,持分移轉,08130001
RPSQMLKMMHPFFCA28CB,德惠段二小段,.33,都市：其他:市場用地,100000,630,持分移轉,08140000
RPSQMLKMMHPFFCA28CB,德惠段二小段,.03,都市：其他:市場用地,100000,630,持分移轉,08140001
RPSQMLKMMHPFFCA28CB,德惠段二小段,1.24,都市：其他:市場用地,100000,630,持分移轉,08140003
RPSQMLKMMHPFFCA28CB,德惠段二小段,.44,都市：其他:市場用地,100000,630,持分移轉,08150000
RPSQMLKMMHPFFCA28CB,德惠段二小段,5.38,都市：其他:市場用地,100000,630,持分移轉,08160000
RPWPMLKMMHPFFCA58CB,德惠段二小段,.12,都市：其他:市場用地,100000,640,持分移轉,08130001
RPWPMLKMMHPFFCA58CB,德惠段二小段,.34,都市：其他:市場用地,100000,640,持分移轉,08140000
RPWPMLKMMHPFFCA58CB,德惠段二小段,.03,都市：其他:市場用地,100000,640,持分移轉,08140001
RPWPMLKMMHPFFCA58CB,德惠段二小段,1.26,都市：其他:市場用地,100000,640,持分移轉,08140003
RPWPMLKMMHPFFCA58CB,德惠段二小段,.45,都市：其他:市場用地,100000,640,持分移轉,08150000
RPWPMLKMMHPFFCA58CB,德惠段二小段,5.47,都市：其他:市場用地,100000,640,持分移轉,08160000
RPRQMLKMMHPFFCA18CB,德惠段二小段,.12,都市：其他:市場用地,100000,630,持分移轉,08130001
RPRQMLKMMHPFFCA18CB,德惠段二小段,.33,都市：其他:市場用地,100000,630,持分移轉,08140000
RPRQMLKMMHPFFCA18CB,德惠段二小段,.03,都市：其他:市場用地,100000,630,持分移轉,08140001
RPRQMLKMMHPFFCA18CB,德惠段二小段,1.24,都市：其他:市場用地,100000,630,持分移轉,08140003
RPRQMLKMMHPFFCA18CB,德惠段二小段,.44,都市：其他:市場用地,100000,630,持分移轉,08150000
RPRQMLKMMHPFFCA18CB,德惠段二小段,5.38,都市：其他:市場用地,100000,630,持分移轉,08160000
RPOTMLSLMHPFFCA88CB,德惠段二小段,.13,都市：其他:市場用地,100000,660,持分移轉,08130001
RPOTMLSLMHPFFCA88CB,德惠段二小段,.35,都市：其他:市場用地,100000,660,持分移轉,08140000
RPOTMLSLMHPFFCA88CB,德惠段二小段,.03,都市：其他:市場用地,100000,660,持分移轉,08140001
RPOTMLSLMHPFFCA88CB,德惠段二小段,1.30,都市：其他:市場用地,100000,660,持分移轉,08140003
RPOTMLSLMHPFFCA88CB,德惠段二小段,.46,都市：其他:市場用地,100000,660,持分移轉,08150000
RPOTMLSLMHPFFCA88CB,德惠段二小段,5.64,都市：其他:市場用地,100000,660,持分移轉,08160000
RPXPMLKMMHPFFCA68CB,德惠段二小段,.12,都市：其他:市場用地,100000,640,持分移轉,08130001
RPXPMLKMMHPFFCA68CB,德惠段二小段,.34,都市：其他:市場用地,100000,640,持分移轉,08140000
RPXPMLKMMHPFFCA68CB,德惠段二小段,.03,都市：其他:市場用地,100000,640,持分移轉,08140001
RPXPMLKMMHPFFCA68CB,德惠段二小段,1.26,都市：其他:市場用地,100000,640,持分移轉,08140003
RPXPMLKMMHPFFCA68CB,德惠段二小段,.45,都市：其他:市場用地,100000,640,持分移轉,08150000
RPXPMLKMMHPFFCA68CB,德惠段二小段,5.47,都市：其他:市場用地,100000,640,持分移轉,08160000
RPXNMLKMMHPFFCA48CB,德惠段二小段,.14,都市：其他:市場用地,10000,75,持分移轉,08130001
RPXNMLKMMHPFFCA48CB,德惠段二小段,.39,都市：其他:市場用地,10000,75,持分移轉,08140000
RPXNMLKMMHPFFCA48CB,德惠段二小段,.03,都市：其他:市場用地,10000,75,持分移轉,08140001
RPXNMLKMMHPFFCA48CB,德惠段二小段,1.48,都市：其他:市場用地,10000,75,持分移轉,08140003
RPXNMLKMMHPFFCA48CB,德惠段二小段,.52,都市：其他:市場用地,10000,75,持分移轉,08150000
RPXNMLKMMHPFFCA48CB,德惠段二小段,6.40,都市：其他:市場用地,10000,75,持分移轉,08160000
RPXSMLSLMHPFFCA07CB,德惠段二小段,.13,都市：其他:市場用地,100000,660,持分移轉,08130001
RPXSMLSLMHPFFCA07CB,德惠段二小段,.35,都市：其他:市場用地,100000,660,持分移轉,08140000
RPXSMLSLMHPFFCA07CB,德惠段二小段,.03,都市：其他:市場用地,100000,660,持分移轉,08140001
RPXSMLSLMHPFFCA07CB,德惠段二小段,1.30,都市：其他:市場用地,100000,660,持分移轉,08140003
RPXSMLSLMHPFFCA07CB,德惠段二小段,.46,都市：其他:市場用地,100000,660,持分移轉,08150000
RPXSMLSLMHPFFCA07CB,德惠段二小段,5.64,都市：其他:市場用地,100000,660,持分移轉,08160000
RPSRMLKMMHPFFCA38CB,德惠段二小段,.12,都市：其他:市場用地,100000,630,持分移轉,08130001
RPSRMLKMMHPFFCA38CB,德惠段二小段,.33,都市：其他:市場用地,100000,630,持分移轉,08140000
RPSRMLKMMHPFFCA38CB,德惠段二小段,.03,都市：其他:市場用地,100000,630,持分移轉,08140001
RPSRMLKMMHPFFCA38CB,德惠段二小段,1.24,都市：其他:市場用地,100000,630,持分移轉,08140003
RPSRMLKMMHPFFCA38CB,德惠段二小段,.44,都市：其他:市場用地,100000,630,持分移轉,08150000
RPSRMLKMMHPFFCA38CB,德惠段二小段,5.38,都市：其他:市場用地,100000,630,持分移轉,08160000
RPPTMLSLMHPFFCA98CB,德惠段二小段,.13,都市：其他:市場用地,100000,660,持分移轉,08130001
RPPTMLSLMHPFFCA98CB,德惠段二小段,.35,都市：其他:市場用地,100000,660,持分移轉,08140000
RPPTMLSLMHPFFCA98CB,德惠段二小段,.03,都市：其他:市場用地,100000,660,持分移轉,08140001
RPPTMLSLMHPFFCA98CB,德惠段二小段,1.30,都市：其他:市場用地,100000,660,持分移轉,08140003
RPPTMLSLMHPFFCA98CB,德惠段二小段,.46,都市：其他:市場用地,100000,660,持分移轉,08150000
RPPTMLSLMHPFFCA98CB,德惠段二小段,5.64,都市：其他:市場用地,100000,660,持分移轉,08160000
RPVSMLSLMHPFFCA86CB,德惠段二小段,.13,都市：其他:市場用地,100000,660,持分移轉,08130001
RPVSMLSLMHPFFCA86CB,德惠段二小段,.35,都市：其他:市場用地,100000,660,持分移轉,08140000
RPVSMLSLMHPFFCA86CB,德惠段二小段,.03,都市：其他:市場用地,100000,660,持分移轉,08140001
RPVSMLSLMHPFFCA86CB,德惠段二小段,1.30,都市：其他:市場用地,100000,660,持分移轉,08140003
RPVSMLSLMHPFFCA86CB,德惠段二小段,.46,都市：其他:市場用地,100000,660,持分移轉,08150000
RPVSMLSLMHPFFCA86CB,德惠段二小段,5.64,都市：其他:市場用地,100000,660,持分移轉,08160000
RPUOMLQJNHPFFFA98CB,懷生段三小段,31.43,都市：住,100000,3284,持分移轉,04420000
RPVOMLQJNHPFFFA09CB,懷生段三小段,31.43,都市：住,100000,3284,持分移轉,04420000
RPXOMLQJNHPFFFA66CB,懷生段三小段,31.43,都市：住,100000,3284,持分移轉,04420000
RPOPMLQJNHPFFFA48CB,懷生段三小段,31.43,都市：住,100000,3284,持分移轉,04420000
RPPPMLQJNHPFFFA58CB,懷生段三小段,31.43,都市：住,100000,3284,持分移轉,04420000
RPQPMLQJNHPFFFA68CB,懷生段三小段,31.43,都市：住,100000,3284,持分移轉,04420000
RPRPMLQJNHPFFFA78CB,懷生段三小段,31.43,都市：住,100000,3284,持分移轉,04420000
RPSPMLQJNHPFFFA88CB,懷生段三小段,31.43,都市：住,100000,3284,持分移轉,04420000
RPSTMLKMMHPFFCA58CB,德惠段二小段,.11,都市：其他:市場用地,100000,590,持分移轉,08130001
RPSTMLKMMHPFFCA58CB,德惠段二小段,.31,都市：其他:市場用地,100000,590,持分移轉,08140000
RPSTMLKMMHPFFCA58CB,德惠段二小段,.02,都市：其他:市場用地,100000,590,持分移轉,08140001
RPSTMLKMMHPFFCA58CB,德惠段二小段,1.16,都市：其他:市場用地,100000,590,持分移轉,08140003
RPSTMLKMMHPFFCA58CB,德惠段二小段,.41,都市：其他:市場用地,100000,590,持分移轉,08150000
RPSTMLKMMHPFFCA58CB,德惠段二小段,5.04,都市：其他:市場用地,100000,590,持分移轉,08160000
RPXSMLKMMHPFFCA98CB,德惠段二小段,.11,都市：其他:市場用地,100000,590,持分移轉,08130001
RPXSMLKMMHPFFCA98CB,德惠段二小段,.31,都市：其他:市場用地,100000,590,持分移轉,08140000
RPXSMLKMMHPFFCA98CB,德惠段二小段,.02,都市：其他:市場用地,100000,590,持分移轉,08140001
RPXSMLKMMHPFFCA98CB,德惠段二小段,1.16,都市：其他:市場用地,100000,590,持分移轉,08140003
RPXSMLKMMHPFFCA98CB,德惠段二小段,.41,都市：其他:市場用地,100000,590,持分移轉,08150000
RPXSMLKMMHPFFCA98CB,德惠段二小段,5.04,都市：其他:市場用地,100000,590,持分移轉,08160000
RPXTMLKMMHPFFCA09CB,德惠段二小段,.11,都市：其他:市場用地,100000,590,持分移轉,08130001
RPXTMLKMMHPFFCA09CB,德惠段二小段,.31,都市：其他:市場用地,100000,590,持分移轉,08140000
RPXTMLKMMHPFFCA09CB,德惠段二小段,.02,都市：其他:市場用地,100000,590,持分移轉,08140001
RPXTMLKMMHPFFCA09CB,德惠段二小段,1.16,都市：其他:市場用地,100000,590,持分移轉,08140003
RPXTMLKMMHPFFCA09CB,德惠段二小段,.41,都市：其他:市場用地,100000,590,持分移轉,08150000
RPXTMLKMMHPFFCA09CB,德惠段二小段,5.04,都市：其他:市場用地,100000,590,持分移轉,08160000
RPRTMLKMMHPFFCA48CB,德惠段二小段,.11,都市：其他:市場用地,100000,590,持分移轉,08130001
RPRTMLKMMHPFFCA48CB,德惠段二小段,.31,都市：其他:市場用地,100000,590,持分移轉,08140000
RPRTMLKMMHPFFCA48CB,德惠段二小段,.02,都市：其他:市場用地,100000,590,持分移轉,08140001
RPRTMLKMMHPFFCA48CB,德惠段二小段,1.16,都市：其他:市場用地,100000,590,持分移轉,08140003
RPRTMLKMMHPFFCA48CB,德惠段二小段,.41,都市：其他:市場用地,100000,590,持分移轉,08150000
RPRTMLKMMHPFFCA48CB,德惠段二小段,5.04,都市：其他:市場用地,100000,590,持分移轉,08160000
RPWSMLKMMHPFFCA88CB,德惠段二小段,.11,都市：其他:市場用地,100000,590,持分移轉,08130001
RPWSMLKMMHPFFCA88CB,德惠段二小段,.31,都市：其他:市場用地,100000,590,持分移轉,08140000
RPWSMLKMMHPFFCA88CB,德惠段二小段,.02,都市：其他:市場用地,100000,590,持分移轉,08140001
RPWSMLKMMHPFFCA88CB,德惠段二小段,1.16,都市：其他:市場用地,100000,590,持分移轉,08140003
RPWSMLKMMHPFFCA88CB,德惠段二小段,.41,都市：其他:市場用地,100000,590,持分移轉,08150000
RPWSMLKMMHPFFCA88CB,德惠段二小段,5.04,都市：其他:市場用地,100000,590,持分移轉,08160000
RPQTMLKMMHPFFCA38CB,德惠段二小段,.11,都市：其他:市場用地,100000,590,持分移轉,08130001
RPQTMLKMMHPFFCA38CB,德惠段二小段,.31,都市：其他:市場用地,100000,590,持分移轉,08140000
RPQTMLKMMHPFFCA38CB,德惠段二小段,.02,都市：其他:市場用地,100000,590,持分移轉,08140001
RPQTMLKMMHPFFCA38CB,德惠段二小段,1.16,都市：其他:市場用地,100000,590,持分移轉,08140003
RPQTMLKMMHPFFCA38CB,德惠段二小段,.41,都市：其他:市場用地,100000,590,持分移轉,08150000
RPQTMLKMMHPFFCA38CB,德惠段二小段,5.04,都市：其他:市場用地,100000,590,持分移轉,08160000
RPTTMLKMMHPFFCA68CB,德惠段二小段,.11,都市：其他:市場用地,100000,590,持分移轉,08130001
RPTTMLKMMHPFFCA68CB,德惠段二小段,.31,都市：其他:市場用地,100000,590,持分移轉,08140000
RPTTMLKMMHPFFCA68CB,德惠段二小段,.02,都市：其他:市場用地,100000,590,持分移轉,08140001
RPTTMLKMMHPFFCA68CB,德惠段二小段,1.16,都市：其他:市場用地,100000,590,持分移轉,08140003
RPTTMLKMMHPFFCA68CB,德惠段二小段,.41,都市：其他:市場用地,100000,590,持分移轉,08150000
RPTTMLKMMHPFFCA68CB,德惠段二小段,5.04,都市：其他:市場用地,100000,590,持分移轉,08160000
