﻿編號,土地位置,土地移轉面積(平方公尺),使用分區或編定,權利人持分分母,權利人持分分子,移轉情形,地號
The serial number, land position,land shifting area square meter,the use zoning or compiles and checks,,,,land parcel
RPSNMLLKKHPFFHH98CC,精忠段,17.54,都市：住,,,,13840000
RPRNMLLKKHPFFHH88CC,南美段,.00,都市：住,,,,06830000
RPRNMLLKKHPFFHH88CC,南美段,.00,都市：住,,,,03110000
RPSQMLLKKHPFFAH58CC,中埔段,3.24,都市：住,,,,04290012
RPSQMLLKKHPFFAH58CC,中埔段,5.28,都市：住,,,,04300000
RPWNMLLKKHPFFEH09CC,上興段,2538.84,都市：工,,,,09760000
RPWNMLLKKHPFFEH09CC,開南段,383.23,都市：農,,,,02220001
RPVOMLLKKHPFFBH78CC,忠孝段,43.40,都市：其他:辦公室,,,,13060001
RPTQMLLKKHPFFAH68CC,大樹林段,6.39,都市：住,,,,03790000
RPPPMLLKKHPFFAH18CC,桃園段武陵小段,10.79,都市：商,,,,00920000
RPVQMLLKKHPFFAH88CC,大樹林段,7.83,都市：住,,,,03790000
RPRNMLMKKHPFFFH88DC,明智段,40.15,都市：住,,,,00300000
RPUNMLMKKHPFFBH68CC,中工段,36.95,都市：住,,,,07440006
RPXNMLMKKHPFFAH88CC,忠義段,.00,都市：住,,,,06650000
RPQQMLLKKHPFFBH48CC,興南段公坡小段,.00,都市：農,,,,00750000
RPTNMLNKKHPFFGH56CC,廣平段,35.25,都市：住,,,,01500000
RPVOMLNKKHPFFGH86CC,廣豐段,.00,都市：住,,,,06460000
RPOOMLMKKHPFFCH28CC,潛龍段,.53,非都市：鄉村區 ; 非都市編定：乙種建築用地,,,,10790000
RPOOMLMKKHPFFCH28CC,潛龍段,37.16,非都市：鄉村區 ; 非都市編定：乙種建築用地,,,,10990000
RPTPMLLKKHPFFEH98CC,竹中段,77.43,都市：住,,,,07770000
RPOOMLLKKHPFFEH38CC,錦興段,.00,都市：住,,,,02830000
RPOOMLNKKHPFFEH58CC,錦興段,.00,都市：住,,,,06520000
RPTPMLNKKHPFFDH09CC,東寧段,.00,非都市：山坡地保育區 ; 非都市編定：丙種建築用地,,,,01550000
RPORMLNKKHPFFBH58CC,中壢埔頂段,.00,都市：住,,,,09420016
RPUNMLOKKHPFFFH76DC,永福段,18.50,都市：住,,,,00060001
RPXQMLNKKHPFFAH66CC,慈文段,.00,都市：住,,,,21460000
RPPQMLNKKHPFFAH48CC,介壽段,.00,都市：住,,,,00340000
RPUOMLNKKHPFFAH78CC,中路段,.00,都市：商,,,,17410013
RPUOMLNKKHPFFAH78CC,中路段,.00,都市：住,,,,17410021
RPVPMLNKKHPFFAH98CC,龍祥段,.00,都市：住,,,,07410000
RPWNMLNKKHPFFAH88CC,同安段,.00,都市：住,,,,13960000
RPXPMLNKKHPFFAH56CC,小檜溪段,.00,都市：住,,,,04830023
RPXPMLNKKHPFFAH56CC,小檜溪段,.00,都市：住,,,,04830018
RPTNMLOKKHPFFAH68CC,桃園段武陵小段,.00,都市：商,,,,00310001
RPXNMLOKKHPFFAH09CC,桃園段武陵小段,10.94,都市：商,,,,00920000
RPSNMLPKKHPFFEH09CC,大新段,169.91,都市：住,,,,07190010
RPRRMLOKKHPFFBH98CC,三座屋段舊社小段,.00,都市：住,,,,01280003
RPRNMLPKKHPFFEH98CC,大新段,17.44,都市：住,,,,02290002
RPSNMLRKKHPFFGH86CC,金鍊段,23.47,都市：住,,,,07380000
RPROMLRKKHPFFHH96CC,文化段,.00,都市：商,,,,03400000
RPUPMLNKKHPFFDH56CC,草湳坡段埔心小段,.00,都市：住,,,,00570003
RPUNMLPKKHPFFDH56CC,清華段,1687.00,非都市：特定農業區 ; 非都市編定：農牧用地,,,,02150000
RPPNNLRKKHPFFBH78CC,三座屋段舊社小段,.00,都市：住,,,,01170000
RPPNNLRKKHPFFBH78CC,三座屋段三座屋小段,.00,都市：住,,,,00040000
RPSOMLRKKHPFFAH98CC,中路段,13.83,都市：其他:商業區、市場用地,,,,00160015
RPUPMLRKKHPFFAH66CC,埔子段埔子小段,.00,都市：住,,,,17210281
RPUNMLRKKHPFFAH09CC,同安段,19.61,都市：住,,,,14690000
RPRNMLPKKHPFFAH58CC,忠義段,.00,都市：住,,,,06990000
RPTOMLRKKHPFFAH09CC,國聖段,14.80,都市：工,,,,03500000
RPRPMLOKKHPFFAH68CC,福元段,12.25,都市：住,,,,03440000
RPQPMLOKKHPFFAH58CC,中平段,21.18,都市：住,,,,02680000
RPOPMLOKKHPFFAH38CC,大林段,10.80,都市：工,,,,01130000
RPQNMLSKKHPFFEH56CC,河底段,.00,都市：住,,,,02790000
RPPNMLSKKHPFFEH09CC,中興段,72.66,都市：住,,,,05040000
RPTPMLSKKHPFFHH37CC,新路段,33.42,都市：住,,,,09670001
RPUQMLRKKHPFFAH76CC,新埔段,.00,都市：住,,,,09380000
RPPPMLSKKHPFFEH66CC,青峰段,24.00,都市：住,,,,02810000
RPVQMLRKKHPFFAH86CC,東門段,.00,都市：商,,,,04730000
RPUNMLSKKHPFFHH27CC,兔子坑段,42.99,非都市：山坡地保育區 ; 非都市編定：丙種建築用地,,,,04970000
RPWOMLSKKHPFFBH96CC,興南段興南小段,2.73,都市：住,,,,02660000
RPRNMLTKKHPFFFH86CC,豐田段,26.13,都市：住,,,,14760000
RPTQMLTKKHPFFGH47CC,廣豐段,.00,都市：住,,,,05200000
RPQPMLTKKHPFFEH86CC,五福段,.00,都市：住,,,,03010000
RPTOMLTKKHPFFFH27DC,豐田段,31.66,都市：住,,,,14690000
RPUQMLTKKHPFFBH07CC,三座屋段舊社小段,.00,都市：住,,,,01170000
RPUQMLTKKHPFFBH07CC,三座屋段三座屋小段,.00,都市：住,,,,00040000
RPWQMLTKKHPFFBH27CC,自立段,.00,都市：住,,,,08250000
RPRNMLKLKHPFFFH78DC,明智段,32.83,都市：住,,,,00040000
RPRPMLTKKHPFFEH96CC,錦興段,.00,都市：住,,,,01560000
RPRPMLTKKHPFFEH96CC,錦興段,.00,都市：住,,,,01570000
RPRPMLTKKHPFFEH96CC,錦興段,.00,都市：住,,,,01580000
RPRPMLTKKHPFFEH96CC,錦興段,.00,都市：住,,,,01550000
RPVPMLKLKHPFFGH86DC,義民段,86.69,都市：住,,,,07660000
RPOOMLSKKHPFFAH68CC,中路段,9.29,都市：住,,,,26610000
RPURMLSKKHPFFAH96CC,水汴頭段,12.28,都市：商,,,,00390000
RPSOMLOKKHPFFAH78DC,慈文段,10.05,都市：住,,,,02350000
RPRQMLSKKHPFFAH66DC,中路二段,35.83,都市：住,,,,03370000
RPUOMLMKKHPFFAH78DC,大樹林段,129.00,都市：住,,,,05320033
RPUOMLMKKHPFFAH78DC,大樹林段,114.00,都市：住,,,,05320034
RPXNMLKLKHPFFAH98EC,中路段,39.50,都市：住,,,,16880044
RPTNMLKLKHPFFBH58DC,石頭段,33.97,都市：住,,,,06910000
RPTNMLKLKHPFFBH58DC,石頭段,2.14,都市：住,,,,06790002
RPSNMLKLKHPFFEH68CC,大新段,17.91,都市：住,,,,02240000
RPTNMLKLKHPFFEH78CC,錦中段,10251.84,都市：工,,,,05630000
RPTNMLKLKHPFFEH78CC,錦中段,216.41,都市：工,,,,05740000
RPSNMLKLKHPFFFH88DC,明智段,19.61,都市：住,,,,00360000
RPPOMLKLKHPFFBH18CC,普義段,23.16,都市：工,,,,08850000
RPTNMLTKKHPFFFH07CC,豐田段,26.13,都市：住,,,,14760000
RPXNMLTKKHPFFFH47CC,豐田段,.00,都市：住,,,,01210000
RPXNMLTKKHPFFFH47CC,豐田段,.00,都市：住,,,,01210001
RPXNMLTKKHPFFFH47CC,豐田段,.00,都市：住,,,,13400000
RPROMLKLKHPFFFH78CC,興仁段,.00,都市：商,,,,05830000
RPVPMLKLKHPFFBH88CC,中寮段,.00,都市：住,,,,08580000
RPXNMLKLKHPFFHH86CC,文化段,.00,都市：住,,,,01710000
RPROMLKLKHPFFBH38CC,忠福段,22.09,都市：住,,,,32950000
RPPOMLKLKHPFFHH78CC,興華段,.00,都市：商,,,,01070000
RPQPMLKLKHPFFBH38CC,三座屋段舊社小段,.00,都市：住,,,,01170004
RPSNMLKLKHPFFHH98CC,興華段,762.00,都市：商,,,,00660000
RPTOMLKLKHPFFBH58CC,青平段,205.93,都市：住,,,,02940000
RPUNMLTKKHPFFHH37CC,文化段,.00,都市：商,,,,03130000
RPOOMLKLKHPFFHH68CC,興華段,.00,都市：住,,,,07670000
RPXOMLKLKHPFFAH88CC,中埔段,92.80,都市：住,,,,06770000
RPWPMLKLKHPFFBH98CC,內壢段,800.00,都市：農,,,,17260000
RPUNMLLLKHPFFHH76DC,半嶺段,79.38,都市：住,,,,07980000
RPTNMLLLKHPFFGH09CC,平鎮段,.00,都市：商,,,,09910000
RPPQMLKLKHPFFAH28CC,中路二段,1573.83,都市：住,,,,00210000
RPRNMLLLKHPFFFH88DC,興仁段,39.34,都市：住,,,,06110000
RPXNMLLLKHPFFAH88CC,水汴頭段,.00,都市：商,,,,00010000
RPVNMLLLKHPFFHH86DC,半嶺段,79.38,都市：住,,,,07980000
RPPOMLLLKHPFFAH18CC,龍鳳段,.00,都市：住,,,,05490000
RPUNMLLLKHPFFAH58CC,桃園段武陵小段,43.64,都市：商,,,,01170005
RPOOMLLLKHPFFAH08CC,新埔段,.00,都市：住,,,,04390000
RPUOMLLLKHPFFBH78CC,三座屋段舊社小段,.00,都市：住,,,,01150000
RPWNMLLLKHPFFDH09CC,長岡嶺段,.00,非都市：山坡地保育區 ; 非都市編定：丙種建築用地,,,,01310000
RPTNMLLLKHPFFBH58CC,興南段中壢老小段,18.00,都市：商,,,,00020012
RPTNMLLLKHPFFBH58CC,興南段中壢老小段,78.00,都市：商,,,,00020065
RPTNMLLLKHPFFBH58CC,興南段興南小段,34.00,都市：商,,,,01910029
RPRNMLMLKHPFFFH88CC,福興段,22.41,都市：商,,,,09530000
RPORMLLLKHPFFAH38CC,國聖段,6.89,都市：工,,,,03500000
RPXQMLLLKHPFFBH66CC,普義段,.00,都市：住,,,,04350000
RPPNMLMLKHPFFEH58CC,六福段,2.90,都市：住,,,,08140000
RPQNMLMLKHPFFEH68CC,六福段,3.30,都市：住,,,,08130000
RPWNMLOLKHPFFEH86CC,水尾段,97.84,都市：其他:道路用地,,,,12040000
RPUNMLOLKHPFFEH66CC,水尾段,92.61,都市：工,,,,12180000
RPUNMLOLKHPFFEH66CC,水尾段,39.41,都市：其他:道路用地,,,,12180001
RPTOMLOLKHPFFEH66CC,大興段,27.29,都市：住,,,,00910000
RPRNMLOLKHPFFFH09CC,高明段,.00,都市：商,,,,01460000
RPTNMLOLKHPFFEH56CC,水尾段,.00,都市：其他:道路用地,,,,12040000
RPTNMLOLKHPFFEH56CC,水尾段,.00,都市：工,,,,12170000
RPTNMLOLKHPFFEH56CC,水尾段,.00,都市：其他:道路用地,,,,12170002
RPWOMLOLKHPFFEH96CC,水尾段,.00,都市：工,,,,14940000
RPWOMLOLKHPFFEH96CC,水尾段,.00,都市：其他:道路用地,,,,14940001
RPUOMLOLKHPFFGH96CC,廣德段,.00,都市：住,,,,05420000
RPPOMLOLKHPFFEH98DC,山鼻段,93.83,都市：住,,,,03280000
RPTNMLOLKHPFFFH76DC,興仁段,24.09,都市：商,,,,06080000
RPPNMLOLKHPFFHH09CC,興華段,17.30,都市：住,,,,00910000
RPQOMLOLKHPFFDH88CC,大金山下段大金山下小段,.00,都市：住,,,,00100004
RPWNMLOLKHPFFDH76CC,大金山下段大金山下小段,.00,都市：住,,,,00100000
RPXNMLOLKHPFFDH86CC,大金山下段大金山下小段,.00,都市：住,,,,00100000
RPPOMLOLKHPFFDH78CC,大金山下段大金山下小段,.00,都市：住,,,,00460000
RPOOMLOLKHPFFDH68CC,大金山下段大金山下小段,.00,都市：住,,,,00100000
RPUNMLOLKHPFFHH96CC,興華段,12.63,都市：商,,,,00900000
RPQNMLOLKHPFFHH56CC,精忠段,.00,都市：住,,,,13840000
RPSOMLOLKHPFFDH09CC,大金山下段大金山下小段,.00,都市：住,,,,00460000
RPUOMLOLKHPFFDH66CC,大金山下段大金山下小段,.00,都市：住,,,,00460000
RPVOMLOLKHPFFDH76CC,大金山下段大金山下小段,.00,都市：住,,,,00100000
RPPNMLOLKHPFFCH58CC,太武段,.00,都市：住,,,,04250000
RPVNMLOLKHPFFBH09CC,六和段,.00,都市：住,,,,00040000
RPQNMLOLKHPFFCH68CC,太武段,.00,都市：住,,,,04250000
RPPNMLOLKHPFFBH48CC,東寮段,79.78,都市：住,,,,20990000
RPUOMLOLKHPFFAH98CC,中埔段,.00,都市：住,,,,07490000
RPWOMLOLKHPFFAH56CC,埔子段埔子小段,.00,都市：住,,,,20280172
RPQPMLOLKHPFFAH68CC,埔子段埔子小段,.00,都市：商,,,,20430081
RPXOMLOLKHPFFAH66CC,陽明段,.00,都市：住,,,,01230000
RPTOMLOLKHPFFAH88CC,中埔段,.00,都市：住,,,,00270000
RPTPMLOLKHPFFAH98CC,大有段,23.94,都市：住,,,,04750000
RPSPMLOLKHPFFAH88CC,桃園段武陵小段,.00,都市：商,,,,00310001
RPQQMLPLKHPFFBH09DC,新張段,811.20,都市：其他:(空白),,,,01890025
RPUNMLPLKHPFFFH86CC,豐田段,.00,都市：住,,,,14050000
RPSNMLPLKHPFFCH98CC,太武段,16.57,都市：住,,,,06770000
RPSNMLPLKHPFFCH98CC,太武段,17.78,都市：住,,,,06790000
RPSNMLQLKHPFFFH76CC,青溪段,.00,都市：住,,,,01210000
RPPPMLOLKHPFFBH68CC,中原段,.00,都市：工,,,,06720005
RPXPMLOLKHPFFBH86CC,興南段興南小段,.00,都市：商,,,,02750000
RPUNMLQLKHPFFFH96CC,興豐段,82.25,都市：住,,,,07020000
RPUNMLQLKHPFFFH96CC,興豐段,16.27,都市：住,,,,07040000
RPOOMLPLKHPFFBH58CC,新街段,.00,都市：住,,,,08620000
RPTPMLOLKHPFFBH09CC,普仁段,.00,都市：其他:市場用地,,,,10240000
RPOPMLOLKHPFFBH58CC,後寮段,.00,都市：住,,,,02530000
RPXOMLOLKHPFFBH76CC,永興段,.00,都市：商,,,,05390000
RPSOMLQLKHPFFFH86CC,高明段,.00,都市：商,,,,01460000
RPRNMLQLKHPFFDH56DC,大金山下段大金山下小段,86.00,都市：住,,,,00880012
RPSOMLQLKHPFFGH96CC,復旦段,.00,都市：住,,,,02740000
RPUNMLQLKHPFFGH07CC,平東段,19.96,都市：住,,,,06180000
RPPOMLQLKHPFFAH78DC,同德段,71.50,都市：商,,,,00560000
RPRPMLQLKHPFFEH76CC,竹中段,127.60,都市：住,,,,07110000
RPUPMLQLKHPFFBH76CC,雙嶺段,13.80,都市：商,,,,13580001
RPWNMLPLKHPFFAH56CC,桃園段武陵小段,.00,都市：商,,,,00340008
RPUPMLOLKHPFFAH09CC,桃園段武陵小段,10.34,都市：商,,,,00920000
RPXNMLPLKHPFFAH66CC,龍安段,.00,都市：住,,,,02690000
RPOQMLQLKHPFFBH88CC,興南段興南小段,.00,都市：商,,,,02750000
RPQNMLRLKHPFFHH86CC,樂善段,.00,都市：住,,,,00410000
RPQQMLRLKHPFFBH56CC,新街段,.00,都市：住,,,,08620000
RPPNMLTLKHPFFHH96CC,興華段,3.36,都市：商,,,,00280000
RPPNMLSLKHPFFBH88CC,興南段興南小段,.00,都市：商,,,,02660000
RPTNMLMJLHPFFGH56DC,廣豐段,10.36,都市：住,,,,05050000
RPPNNLMJLHPFFBH38DC,榮民段,27.52,都市：住,,,,05510000
RPQOMLMJLHPFFFH78CC,大仁段,2512.40,都市：農,,,,06300000
RPROMLTLKHPFFAH56CC,新埔段,117.45,都市：住,,,,14050000
RPVNMLMJLHPFFAH68CC,龍安段,15.35,都市：住,,,,01880000
RPTNMLMJLHPFFAH48CC,中埔段,28.33,都市：住,,,,01480000
RPSRMLMJLHPFFAH78CC,大樹林段,23.40,都市：住,,,,07710104
RPUQMLQLKHPFFAH76CC,忠義段,.00,都市：住,,,,06650000
RPOQMLRLKHPFFAH88CC,埔子段埔子小段,5.85,都市：住,,,,17380004
RPSNMLSLKHPFFAH09CC,大有段,.00,都市：住,,,,04850000
RPOQMLRLKHPFFAH88CC,埔子段埔子小段,5.07,都市：住,,,,20000029
RPOQMLRLKHPFFAH88CC,埔子段埔子小段,.13,都市：住,,,,20010007
RPOQMLRLKHPFFAH88CC,埔子段埔子小段,12.48,都市：住,,,,20000026
RPTPMLRLKHPFFAH66CC,三元段,.00,都市：住,,,,07840000
RPWOMLMJLHPFFDH56CC,二重溪段,.00,都市：工,,,,01630021
RPUQMLNJLHPFFAH56EC,新埔段,49.03,都市：住,,,,08540000
RPUNMLNJLHPFFHH76CC,興華段,63.11,都市：住,,,,09680000
RPPPMLMJLHPFFDH58CC,青田段,429.75,非都市：特定農業區 ; 非都市編定：農牧用地,,,,06690000
RPQOMLNJLHPFFCH58CC,健行段,1322.31,非都市：一般農業區 ; 非都市編定：農牧用地,,,,04430000
RPUOMLOJLHPFFGH07EC,平鎮段,10.97,都市：商,,,,09910000
RPPNMLOJLHPFFAH28CC,龍鳳段,116.40,都市：工,,,,06490000
RPRNMLOJLHPFFAH48CC,同安段,.00,都市：住,,,,20520002
RPSNMLOJLHPFFAH58CC,埔子段埔子小段,2.43,都市：商,,,,20390117
RPUNMLOJLHPFFAH78CC,桃園段武陵小段,.00,都市：商,,,,00320032
RPUNMLOJLHPFFAH78CC,桃園段武陵小段,.00,都市：商,,,,00320015
RPUNMLOJLHPFFAH78CC,桃園段武陵小段,.00,都市：商,,,,00310001
RPUNMLOJLHPFFAH78CC,桃園段武陵小段,.00,都市：商,,,,00320014
RPROMLPJLHPFFEH56DC,竹圍段崁下小段,35.00,非都市：一般農業區 ; 非都市編定：甲種建築用地,,,,02200032
RPPNMLPJLHPFFGH56EC,環南段,60.17,都市：住,,,,09070000
RPPNMLPJLHPFFGH56EC,環南段,46.53,都市：住,,,,09090000
RPSOMLPJLHPFFEH76EC,青峰段,2639.26,都市：住,,,,04940000
RPQNMLPJLHPFFBH78EC,石頭段,25.82,都市：其他:道路用地、住宅區,,,,00410002
RPRNMLPJLHPFFBH88EC,自立段,35.39,都市：住,,,,08510000
RPSNMLPJLHPFFBH98EC,復興段,17.95,都市：住,,,,20340000
RPVOMLPJLHPFFAH09CC,寶山段,.00,都市：住,,,,08360000
RPXNMLPJLHPFFFH07CC,同福段,.00,都市：商,,,,06090000
RPSNMLNJLHPFFGH09CC,新勢段,18.76,都市：住,,,,05820000
RPSPMLMJLHPFFBH68CC,石頭段,.00,都市：住,,,,05760000
RPOPMLPJLHPFFBH58CC,忠孝段,.00,都市：住,,,,06350000
RPXPMLMJLHPFFEH86CC,青峰段,56.90,都市：其他:空白,,,,03870000
RPWOMLOJLHPFFBH56CC,石頭段,.00,都市：商,,,,00060030
RPXOMLPJLHPFFBH76CC,普仁段,.00,都市：住,,,,07440000
RPQSMLNJLHPFFBH88CC,三民段,462.80,都市：工,,,,04840000
RPWPMLMJLHPFFEH76CC,青峰段,37.25,都市：其他:空白,,,,03840000
RPTOMLPJLHPFFCH09CC,潛龍段,24.54,非都市：鄉村區 ; 非都市編定：乙種建築用地,,,,10790000
RPPPMLPJLHPFFBH68CC,復興段,.00,都市：住,,,,18220000
RPTOMLPJLHPFFCH09CC,潛龍段,.59,非都市：鄉村區 ; 非都市編定：乙種建築用地,,,,10990000
RPWNMLQJLHPFFGH17CC,東豐段,.00,都市：住,,,,02570000
RPQOMLQJLHPFFFH76EC,同福段,26.55,都市：商,,,,06090000
RPTOMLQJLHPFFFH07EC,豐田段,39.89,都市：住,,,,14700000
RPVOMLQJLHPFFFH07CC,茄明段,.00,都市：住,,,,07980000
RPUOMLQJLHPFFFH17EC,福興段,36.48,都市：住,,,,07950000
RPROMLQJLHPFFFH86EC,明智段,24.74,都市：住,,,,00040000
RPUOMLQJLHPFFDH76CC,楊梅段,27.49,都市：住,,,,02090009
RPQPMLQJLHPFFDH09CC,頭重溪段,.00,都市：住,,,,00390076
RPQNMLQJLHPFFHH66CC,陸光段,7000.00,都市：工,,,,01420000
RPRPMLQJLHPFFDH56CC,長岡嶺段,.00,非都市：山坡地保育區 ; 非都市編定：丙種建築用地,,,,01340000
RPPPMLQJLHPFFDH98CC,頭重溪段,.00,都市：住,,,,00350005
RPSOMLQJLHPFFBH98CC,復興段,.00,都市：住,,,,20430000
RPPQMLQJLHPFFBH88CC,新街段,.00,都市：住,,,,08620000
RPQQMLQJLHPFFBH98CC,普義段,.00,都市：工,,,,01140064
RPRQMLQJLHPFFBH09CC,忠福段,.00,都市：住,,,,02730000
RPTRMLQJLHPFFBH76CC,普仁段,.00,都市：住,,,,08880000
RPTRMLQJLHPFFBH76CC,普仁段,.00,都市：住,,,,08890000
RPPNMLRJLHPFFGH56CC,湧星段,73.24,都市：住,,,,05690000
RPWOMLQJLHPFFAH66CC,春日段,.00,都市：住,,,,05270000
RPUOMLQJLHPFFAH09CC,新埔段,15.33,都市：住,,,,10560000
RPRNMLSJLHPFFFH76CC,大庄段,350.40,非都市：特定農業區 ; 非都市編定：丁種建築用地,,,,28140074
RPRNMLSJLHPFFFH76CC,大庄段,350.40,非都市：特定農業區 ; 非都市編定：丁種建築用地,,,,28140075
RPRNMLSJLHPFFFH76CC,大庄段,350.40,非都市：特定農業區 ; 非都市編定：丁種建築用地,,,,28140076
RPRNMLSJLHPFFFH76CC,大庄段,350.40,非都市：特定農業區 ; 非都市編定：丁種建築用地,,,,28140077
RPRNMLSJLHPFFFH76CC,大庄段,350.40,非都市：特定農業區 ; 非都市編定：丁種建築用地,,,,28140078
RPRNMLSJLHPFFFH76CC,大庄段,350.40,非都市：特定農業區 ; 非都市編定：丁種建築用地,,,,28140079
RPRNMLSJLHPFFFH76CC,大庄段,350.40,非都市：特定農業區 ; 非都市編定：丁種建築用地,,,,28140080
RPWNMLTJLHPFFHH57CC,頂湖段,461.14,都市：工,,,,02970000
RPXNMLTJLHPFFHH67CC,興華段,51.22,都市：住,,,,03450000
RPXNMLTJLHPFFDH37DC,草湳坡段埔心小段,58.00,都市：住,,,,00130482
RPWOMLTJLHPFFEH57EC,南華段,125.34,都市：住,,,,01000000
RPOOMLPJLHPFFFH98DC,豐田段,13.95,都市：住,,,,14050000
RPVNMLOJLHPFFFH86DC,大和段,13.76,都市：商,,,,02630000
RPVPMLQJLHPFFAH66CC,延平段,.00,都市：商,,,,00120000
RPSNMLTJLHPFFAH09CC,新埔段,23.00,都市：住,,,,11940000
RPSPMLTJLHPFFAH66CC,新埔段,.00,都市：住,,,,07500014
RPOPMLQJLHPFFAH58CC,慈文段,.00,都市：住,,,,00370000
RPVNMLKKLHPFFAH58CC,龍鳳段,.00,都市：住,,,,09920000
RPOPMLKKLHPFFAH08CC,大樹林段,.00,都市：商,,,,19650000
RPTPMLKKLHPFFAH58CC,埔子段北門埔子小段,.00,都市：商,,,,00840067
RPTPMLKKLHPFFAH58CC,埔子段北門埔子小段,.00,都市：商,,,,00840000
RPWQMLKKLHPFFAH98CC,國聖段,7.78,都市：住,,,,07500000
RPQNMLRJLHPFFBH78CC,普義段,3.76,都市：住,,,,03220000
RPPNMLRJLHPFFBH68CC,石頭段,26.73,都市：住,,,,04220000
RPXQMLKKLHPFFAH09CC,桃園段長美小段,14.64,都市：商,,,,00770000
RPWOMLKKLHPFFEH56CC,六福段,3.30,都市：住,,,,08130000
RPWNMLKKLHPFFEH09CC,錦興段,.00,都市：住,,,,02810000
RPROMLKKLHPFFBH38CC,普義段,.00,都市：住,,,,05350013
RPSNMLKKLHPFFEH68CC,竹中段,76.34,都市：住,,,,14290000
RPORMLKKLHPFFAH28CC,和平段,.00,都市：住,,,,00580000
RPTNMLQJLHPFFEH66CC,河底段,.00,都市：農,,,,03660000
RPQOMLLKLHPFFBH38CC,興南段興南小段,.00,都市：商,,,,02700000
RPUOMLMKLHPFFAH98EC,埔子段北門埔子小段,.04,都市：商,,,,00160014
RPUOMLMKLHPFFAH98EC,埔子段北門埔子小段,4.69,都市：商,,,,00170049
RPWNMLMKLHPFFFH86DC,華興段,116.26,非都市：鄉村區 ; 非都市編定：乙種建築用地,,,,05220000
RPUOMLMKLHPFFEH56CC,大新段,31.20,都市：住,,,,04270000
RPSNMLLKLHPFFAH38CC,新埔段,.00,都市：住,,,,09280000
RPSNMLLKLHPFFAH38CC,新埔段,.00,都市：住,,,,09280002
RPSNMLMKLHPFFEH88CC,大新段,17.09,都市：住,,,,07020000
RPSOMLMKLHPFFAH58CC,昆明段,.00,都市：住,,,,00040000
RPOPMLMKLHPFFBH38CC,興南段興南小段,.00,都市：商,,,,02660000
RPRNMLMKLHPFFGH98CC,東豐段,.00,都市：住,,,,02570000
RPUPMLMKLHPFFBH98CC,新街段,.00,都市：住,,,,08670000
RPSQMLNKLHPFFBH98CC,新街段,8.88,都市：住,,,,07300000
RPXPMLMKLHPFFBH66CC,中工段,.00,非都市：工業區 ; 非都市編定：丁種建築用地,,,,07300000
RPPQMLMKLHPFFBH58CC,復興段,.00,都市：住,,,,18070000
RPUOMLPJLHPFFCH56CC,潛龍段,35.74,非都市：鄉村區 ; 非都市編定：乙種建築用地,,,,10790000
RPUOMLPJLHPFFCH56CC,潛龍段,.59,非都市：鄉村區 ; 非都市編定：乙種建築用地,,,,10990000
RPRRMLNKLHPFFAH88CC,福元段,9.29,都市：住,,,,03320001
RPPRMLNKLHPFFAH68CC,桃園段長美小段,4.08,都市：商,,,,01390001
RPQNMLNKLHPFFAH38CC,中路段,.00,都市：其他:商業區及市場用地,,,,00160015
RPPNMLNKLHPFFAH28CC,桃鶯段,.00,都市：住,,,,01840000
RPORMLNKLHPFFBH68CC,新街段,8.88,都市：住,,,,07300000
RPVRMLNKLHPFFAH66CC,同安段,7.25,都市：住,,,,12480000
RPORMLNKLHPFFAH58CC,新埔段,20.73,都市：住,,,,04770000
RPQSMLNKLHPFFAH88CC,新埔段,8.00,都市：住,,,,01110020
RPQSMLNKLHPFFAH88CC,新埔段,106.00,都市：住,,,,01110049
RPSPMLQKLHPFFEH86CC,河底段,.00,都市：住,,,,03500000
RPSRMLQKLHPFFBH86DC,青平段,35.94,都市：住,,,,03730000
RPXPMLQKLHPFFEH47DC,竹中段,265.80,都市：商,,,,08100000
RPSNMLQKLHPFFEH66CC,錦興段,.00,都市：商,,,,03590000
RPTRMLQKLHPFFBH96DC,青平段,35.94,都市：住,,,,03730000
RPXNMLQKLHPFFAH76CC,寶山段,18.83,都市：住,,,,00190000
RPOPMLQKLHPFFBH78CC,普義段,.00,都市：住,,,,04350000
RPPRMLQKLHPFFBH09CC,仁和段,.00,都市：住,,,,02110042
RPPRMLQKLHPFFBH09CC,仁和段,.00,都市：住,,,,02110055
RPXSMLQKLHPFFBH37CC,中寮段,.00,都市：住,,,,00100000
RPROMLKKLHPFFHH98CC,兔子坑段,.00,非都市：鄉村區 ; 非都市編定：乙種建築用地,,,,00120000
RPTPMLLKLHPFFHH76CC,振三段,595.00,都市：其他:保護區,,,,04530001
RPWOMLKKLHPFFHH86CC,文化段,28.13,都市：住,,,,03190000
RPVNMLRKLHPFFCH96DC,仁義段,14.12,都市：住,,,,26130000
RPVNMLRKLHPFFCH96DC,仁義段,43.51,都市：住,,,,26140000
RPWNMLRKLHPFFCH07DC,埔頂段,6771.14,都市：住,,,,12360000
RPOQMLRKLHPFFEH76DC,青峰段,11.97,都市：住,,,,03090000
RPUNMLRKLHPFFEH96CC,錦明段,101.89,都市：住,,,,02410000
RPXPMLRKLHPFFEH47CC,河底段,.00,都市：住,,,,04010000
RPWNMLQKLHPFFGH37DC,鎮安段,3.67,非都市：特定農業區 ; 非都市編定：甲種建築用地,,,,10250000
RPWNMLQKLHPFFGH37DC,鎮安段,2.60,非都市：特定農業區 ; 非都市編定：甲種建築用地,,,,10410000
RPWNMLQKLHPFFGH37DC,鎮安段,6.73,非都市：特定農業區 ; 非都市編定：甲種建築用地,,,,10330000
RPWNMLQKLHPFFGH37DC,鎮安段,48.01,非都市：特定農業區 ; 非都市編定：甲種建築用地,,,,10180000
RPWNMLQKLHPFFGH37DC,鎮安段,5.12,非都市：特定農業區 ; 非都市編定：甲種建築用地,,,,10170000
RPOSMLRKLHPFFBH56CC,自立段,.00,都市：住,,,,12650000
RPTNMLQKLHPFFFH86CC,福興段,22.39,都市：住,,,,07950000
RPSNMLRKLHPFFFH86CC,大勇段,.00,都市：住,,,,02650000
RPROMLRKLHPFFAH98CC,中路三段,21.00,都市：住,,,,01460000
RPWNMLRKLHPFFAH76CC,江南段,15.58,都市：住,,,,02840000
RPUOMLQKLHPFFAH56CC,鹽埕段,.00,都市：工,,,,00110001
RPQOMLRKLHPFFAH88CC,大有段,25.83,都市：住,,,,06400000
RPOOMLRKLHPFFAH68CC,桃園段長美小段,.00,都市：商,,,,00420003
RPSOMLQKLHPFFAH98CC,中路一段,11.94,都市：住,,,,00490000
RPVNMLRKLHPFFAH66CC,同安段,17.21,都市：住,,,,14690000
RPPPMLQKLHPFFAH78CC,中埔段,30.03,都市：住,,,,01820000
RPOPMLQKLHPFFAH68CC,大有段,27.46,都市：住,,,,06060000
RPQNMLSKLHPFFFH76CC,興仁段,.00,都市：商,,,,06080000
RPTNMLSKLHPFFFH07CC,大和段,.00,都市：住,,,,02910000
RPQNMLSKLHPFFEH66CC,公埔段,.00,都市：住,,,,08350000
RPQNMLSKLHPFFEH66CC,公埔段,.00,都市：住,,,,08390000
RPVNMLSKLHPFFEH27DC,青峰段,26.29,都市：住,,,,03090000
RPORMLSKLHPFFBH66DC,雙嶺段,16.79,都市：住,,,,13030000
RPPNMLSKLHPFFHH86CC,陸光段,.00,都市：住,,,,11870000
RPURMLSKLHPFFBH17CC,中寮段,.00,都市：住,,,,08800000
RPPTMLSKLHPFFBH86CC,工業區段二小段,.00,非都市：工業區 ; 非都市編定：丁種建築用地,,,,05870015
RPTQMLSKLHPFFBH96CC,永興段,.00,都市：住,,,,02330003
RPTOMLSKLHPFFDH96CC,東寧段,84.28,非都市：山坡地保育區 ; 非都市編定：丙種建築用地,,,,01370000
RPOOMLSKLHPFFCH98CC,田心子段下田心子小段,.00,非都市： ; 非都市編定：,,,,16630000
RPROMLSKLHPFFCH66CC,聖德段,.00,非都市：鄉村區 ; 非都市編定：乙種建築用地,,,,03660000
RPPOMLSKLHPFFCH09CC,仁義段,31.06,都市：住,,,,29190000
RPWNMLTKLHPFFHH67CC,興華段,23.17,都市：住,,,,07050000
RPTOMLTKLHPFFBH96DC,青溪段,96.07,都市：住,,,,03140009
RPTOMLTKLHPFFBH96DC,青溪段,19.98,都市：住,,,,03140016
RPOOMLTKLHPFFEH76DC,大新段,17.56,都市：住,,,,04910000
RPPNMLTKLHPFFGH96DC,平鎮段,16.83,都市：商,,,,09530000
RPTNMLTKLHPFFEH07CC,南華段,124.93,都市：住,,,,01020000
RPTOMLTKLHPFFEH17CC,河底段,20.54,都市：住,,,,04990000
RPVPMLTKLHPFFEH47CC,河底段,.00,都市：住,,,,02490000
RPVNMLTKLHPFFFH37CC,豐田段,.00,都市：住,,,,14880000
RPRNMLTKLHPFFGH07CC,忠貞段,.00,都市：商,,,,00480000
RPSNMLTKLHPFFGH17CC,忠貞段,.00,都市：商,,,,00480000
RPWNMLSKLHPFFAH86CC,新埔段,17.66,都市：住,,,,11060000
RPUPMLRKLHPFFAH76CC,大樹林段,7.83,都市：住,,,,03790000
RPOOMLSKLHPFFAH78CC,三聖段,.00,都市：住,,,,04780000
RPWOMLSKLHPFFAH96CC,龍祥段,.00,都市：商,,,,10010000
RPTNMLSKLHPFFAH56CC,中山段,.00,都市：住,,,,00150000
RPRNMLTKLHPFFDH76CC,草湳坡段埔心小段,.00,都市：住,,,,00100038
RPQPMLSKLHPFFAH09CC,中山段,.00,都市：住,,,,03210000
RPRNMLSKLHPFFAH98CC,同安段,.00,都市：住,,,,18130000
RPOOMLTKLHPFFAH98DC,水汴頭段,.00,都市：商,,,,00330000
RPTQMLTKLHPFFAH07DC,桃鶯段,2097.89,都市：工,,,,08280000
RPTOMLTKLHPFFAH76CC,水汴頭段,13.86,都市：商,,,,00390000
RPWOMLTKLHPFFBH17CC,環東段,.00,都市：住,,,,05130000
RPPPMLTKLHPFFBH56CC,榮民段,.00,都市：住,,,,00090000
RPWQMLTKLHPFFBH37CC,新街段,.00,都市：住,,,,08750000
RPSQMLTKLHPFFBH96CC,自立段,.00,都市：住,,,,14610000
RPVOMLTKLHPFFBH07CC,石頭段,.00,都市：住,,,,03990000
RPXOMLTKLHPFFBH27CC,仁美段,.00,都市：住,,,,16440008
RPOOMLTKLHPFFBH98CC,藍埔段,.00,非都市：特定農業區 ; 非都市編定：甲種建築用地,,,,00290000
RPUOMLTKLHPFFBH96CC,自立段,.00,都市：住,,,,06700001
RPTNMLKLLHPFFFH98CC,同福段,.00,都市：住,,,,02770000
RPPNMLKLLHPFFGH78DC,新富段,8.98,都市：住,,,,04560000
RPQOMLKLLHPFFDH68DC,楊梅段,42.00,都市：商,,,,00690148
RPQOMLKLLHPFFDH68DC,楊梅段,91.00,都市：商,,,,00690151
RPRNMLKLLHPFFFH78CC,明智段,16.04,都市：住,,,,00040000
RPSQMLTKLHPFFAH86CC,龍安段,11.47,都市：商,,,,02870000
RPXNMLKLLHPFFHH96CC,興華段,.00,都市：商,,,,00230000
RPUNMLKLLHPFFHH66CC,山福段,.00,都市：住,,,,02500000
RPSNMLKLLHPFFBH58DC,中原段,277.00,都市：工,,,,06760056
RPUQMLKLLHPFFAH88CC,寶山段,.00,都市：住,,,,09780000
RPOOMLKLLHPFFAH08CC,江南段,.00,都市：住,,,,02840000
RPPRMLKLLHPFFAH48CC,中山段,.00,都市：住,,,,00730000
RPSRMLKLLHPFFAH78CC,新埔段,8.35,都市：住,,,,09380000
RPVNMLKLLHPFFBH78CC,三座屋段三座屋小段,23.49,都市：住,,,,04670002
RPTQMLKLLHPFFBH88CC,榮民段,.00,都市：住,,,,00230000
RPRQMLTKLHPFFAH76CC,建新段,21.18,都市：住,,,,04280000
RPXOMLTKLHPFFAH17CC,新埔段,.00,都市：住,,,,14980000
RPPPMLTKLHPFFAH09CC,龍安段,.00,都市：商,,,,03380000
RPVPMLTKLHPFFAH07CC,龍鳳段,23.51,都市：其他:農業區、第二種住宅區、綠地用地,,,,07350000
RPQRMLKLLHPFFBH68CC,東寮段,.00,都市：住,,,,02400000
RPQRMLKLLHPFFBH68CC,東寮段,.00,都市：其他:道路用地,,,,02400001
RPRQMLKLLHPFFBH68CC,中寮段,.00,都市：商,,,,02480002
RPQPMLKLLHPFFDH68CC,大金山下段大金山下小段,.00,都市：住,,,,00510212
RPSPMLKLLHPFFDH88CC,二重溪段,.00,非都市：山坡地保育區 ; 非都市編定：丙種建築用地,,,,03290000
RPQQMLKLLHPFFDH78CC,大金山下段大金山下小段,.00,都市：住,,,,00450000
RPTPMLKLLHPFFDH98CC,草湳坡段埔心小段,.00,都市：住,,,,00300532
RPVQMLKLLHPFFDH66CC,大金山下段大金山下小段,.00,都市：住,,,,00220018
RPRQMLKLLHPFFDH88CC,頭重溪段,.00,都市：住,,,,00390076
RPPNMLLLLHPFFEH58CC,大新段,18.24,都市：住,,,,05130000
RPUNMLNLLHPFFEH66CC,錦興段,.00,都市：住,,,,06820000
RPXNMLNLLHPFFEH96CC,河底段,.00,都市：住,,,,02520000
RPXOMLNLLHPFFEH07CC,錦明段,106.62,都市：住,,,,02290000
RPWQMLKLLHPFFDH76CC,二重溪段,.00,都市：住,,,,00590000
RPXNMLNLLHPFFGH17CC,東安段,.00,都市：住,,,,00650000
RPROMLNLLHPFFGH66CC,德育段,.00,都市：住,,,,01600000
RPPOMLNLLHPFFGH09CC,建安段,.00,非都市：特定農業區 ; 非都市編定：甲種建築用地,,,,08230000
RPUNMLNLLHPFFGH86CC,廣仁段,687.61,都市：住,,,,04850000
RPTOMLNLLHPFFGH86CC,忠貞段,.00,都市：商,,,,00480028
RPOOMLNLLHPFFGH98CC,新富段,.00,都市：住,,,,04530000
RPXNMLNLLHPFFDH86CC,二重溪段,.00,非都市：山坡地保育區 ; 非都市編定：丙種建築用地,,,,01950458
RPWNMLNLLHPFFHH17CC,精忠段,.00,都市：住,,,,13840000
RPVOMLNLLHPFFGH07CC,平鎮段,.00,都市：商,,,,10180000
RPRPMLNLLHPFFBH88CC,藍埔段,.00,非都市：特定農業區 ; 非都市編定：甲種建築用地,,,,00290000
RPQPMLNLLHPFFBH78CC,環東段,.00,都市：住,,,,00280000
RPRQMLNLLHPFFBH98CC,興南段興南小段,.00,都市：商,,,,01930119
RPQQMLNLLHPFFBH88CC,中工段,.00,都市：住,,,,07440038
RPVPMLNLLHPFFBH66CC,普仁段,.00,都市：其他:市場用地,,,,10240000
RPORMLNLLHPFFBH78CC,健行段,.00,都市：商,,,,01670002
RPTQMLNLLHPFFBH56CC,三座屋段三座屋小段,.00,都市：住,,,,00040000
RPWQMLNLLHPFFBH86CC,新街段,.00,都市：住,,,,08710000
RPPRMLNLLHPFFBH88CC,中寮段,.00,都市：住,,,,08730000
RPVRMLNLLHPFFAH76CC,大樹林段,.00,都市：住,,,,07390000
RPUTMLNLLHPFFAH86CC,中埔段,.00,都市：住,,,,06940000
RPVSMLNLLHPFFAH86CC,中埔段,.00,都市：住,,,,07490000
RPURMLNLLHPFFAH66CC,三元段,.00,都市：住,,,,07740000
RPXTMLNLLHPFFAH17CC,同安段,.00,都市：住,,,,12480000
RPVNMLOLLHPFFGH07CC,振平段,.00,都市：住,,,,10910000
RPXOMLKLLHPFFFH86CC,福興段,.00,都市：商,,,,09530000
RPQNMLNLLHPFFFH98CC,龍友段,.00,都市：住,,,,00840000
RPPNMLOLLHPFFFH98CC,力行段,.00,都市：住,,,,03090000
RPWPMLOLLHPFFEH17CC,南華段,.00,都市：商,,,,03560000
RPWPMLOLLHPFFEH17CC,南華段,.00,都市：商,,,,03570000
RPWPMLOLLHPFFEH17CC,南華段,.00,都市：商,,,,03590000
RPWPMLOLLHPFFEH17CC,南華段,.00,都市：商,,,,03650000
RPXPMLOLLHPFFEH27CC,南崁廟口段廟口小段,.00,都市：住,,,,00180001
RPOQMLOLLHPFFEH09CC,大興段,.00,都市：住,,,,01790000
RPPQMLOLLHPFFEH56CC,河底段,.00,都市：住,,,,02580000
RPXPMLOLLHPFFAH86CC,中埔段,.00,都市：住,,,,07490000
RPPQMLOLLHPFFAH78CC,龍安段,.00,都市：商,,,,02870000
RPQQMLOLLHPFFAH88CC,新埔段,.00,都市：住,,,,14980000
RPTOMLOLLHPFFGH96CC,德育段,.00,都市：住,,,,02130000
RPOOMLOLLHPFFGH09CC,西社段,.00,都市：住,,,,08690000
RPOOMLOLLHPFFGH09CC,西社段,.00,都市：其他:道路用地,,,,08690001
RPPOMLOLLHPFFGH56CC,復旦段,.00,都市：住,,,,01890000
RPTQMLOLLHPFFAH56CC,同安段,.00,都市：住,,,,00090000
RPXQMLOLLHPFFAH96CC,國強段,.00,都市：住,,,,06410000
RPORMLOLLHPFFAH78CC,陽明段,.00,都市：住,,,,07200000
RPUQMLOLLHPFFAH66CC,西門段,.00,都市：住,,,,06580000
RPUQMLOLLHPFFAH66CC,西門段,.00,都市：其他:道路用地,,,,06580001
RPPRMLOLLHPFFAH88CC,慈文段,.00,都市：住,,,,01130000
RPSRMLOLLHPFFAH56CC,富國段,.00,都市：住,,,,02530000
RPTSMLOLLHPFFAH76CC,小檜溪段,.00,都市：住,,,,08780000
RPXRMLOLLHPFFAH07CC,龍鳳段,.00,都市：住,,,,01700000
RPSTMLOLLHPFFAH76CC,江南段,.00,都市：住,,,,02840000
RPSUMLOLLHPFFAH86CC,中埔段,.00,都市：住,,,,03520000
RPWTMLOLLHPFFAH17CC,富國段,.00,都市：住,,,,07310000
RPSPMLOLLHPFFBH09CC,後興段,.00,都市：住,,,,04990001
RPQPMLOLLHPFFBH88CC,三座屋段舊社小段,.00,都市：住,,,,01740176
RPWPMLOLLHPFFBH86CC,普義段,.00,都市：住,,,,03220001
RPTRMLOLLHPFFBH76CC,新街段,.00,都市：住,,,,03960000
RPTRMLOLLHPFFBH76CC,新街段,.00,都市：住,,,,04220000
RPVRMLOLLHPFFBH96CC,中壢埔頂段,.00,都市：住,,,,19630000
RPOSMLOLLHPFFBH98CC,石頭段,.00,都市：商,,,,00420465
RPXPMLOLLHPFFBH96CC,中壢埔頂段,.00,都市：住,,,,11870000
RPVOMLOLLHPFFFH07CC,大發段,.00,非都市：特定農業區 ; 非都市編定：甲種建築用地,,,,16830000
RPWSMLOLLHPFFBH17CC,中壢埔頂段,.00,都市：住,,,,17690000
RPOTMLOLLHPFFBH09CC,忠孝段,.00,非都市：鄉村區 ; 非都市編定：乙種建築用地,,,,10910000
RPXSMLOLLHPFFBH27CC,新街段,.00,都市：住,,,,08250000
RPSSMLOLLHPFFBH76CC,新街段,.00,都市：住,,,,08290000
RPUSMLOLLHPFFBH96CC,振興段,.00,都市：住,,,,05090000
RPSTMLOLLHPFFBH86CC,遠東段,.00,都市：住,,,,00910004
RPWTMLOLLHPFFBH27CC,中原段,.00,都市：住,,,,05160001
RPQTMLOLLHPFFBH66CC,忠義段,.00,都市：工,,,,00060000
RPXNMLOLLHPFFDH96CC,二重溪段,.00,都市：住,,,,00590000
RPOOMLOLLHPFFDH78CC,大金山下段大金山下小段,.00,都市：住,,,,00450000
RPXOMLOLLHPFFDH07CC,頭重溪段,.00,都市：住,,,,02180002
RPWNMLOLLHPFFCH76CC,佳安段,.00,非都市：一般農業區 ; 非都市編定：甲種建築用地,,,,02480000
RPWVMLOLLHPFFBH47CC,自立段,.00,都市：住,,,,07230000
RPUUMLOLLHPFFBH17CC,中壢埔頂段,180.00,都市：其他:道路用地，住宅區,,,,13670000
RPUUMLOLLHPFFBH17CC,中壢埔頂段,87.00,都市：住,,,,13670001
RPPVMLOLLHPFFBH76CC,中壢埔頂段,.00,都市：住,,,,19630000
RPTUMLOLLHPFFBH07CC,石頭段,.00,都市：商,,,,00310410
RPOOMLPLLHPFFGH56CC,新勢段,.00,都市：住,,,,04630000
RPRNMLPLLHPFFFH76DC,明智段,24.88,都市：住,,,,00040000
RPQOMLPLLHPFFCH98CC,聖德段,.00,非都市：一般農業區 ; 非都市編定：農牧用地,,,,05960000
RPXVMLOLLHPFFBH67DC,青平段,107.68,都市：住,,,,00010000
RPUWMLOLLHPFFBH47DC,青平段,107.68,都市：住,,,,00010000
RPTOMLPLLHPFFBH56CC,普義段,.00,都市：住,,,,17280000
RPRNNLOLLHPFFBH98DC,青溪段,19.01,都市：住,,,,06240000
RPQWMLOLLHPFFBH07DC,青平段,107.68,都市：住,,,,00010000
RPWWMLOLLHPFFBH67DC,青平段,107.68,都市：住,,,,00010000
RPUOMLPLLHPFFBH66CC,中興段,.00,都市：住,,,,05610000
RPUPMLPLLHPFFBH76CC,後寮段,.00,都市：住,,,,06360000
RPPPMLPLLHPFFBH88CC,內壢段,.00,都市：住,,,,17870126
RPSOMLPLLHPFFAH98CC,國聖段,13.25,都市：住,,,,07470000
RPSSMLPLLHPFFBH86CC,自立段,.00,都市：住,,,,08250000
RPTOMLPLLHPFFAH09CC,同安段,.00,都市：住,,,,01590000
RPROMLPLLHPFFAH88CC,中平段,.00,都市：住,,,,02980000
RPSNMLQLLHPFFGH96CC,金星段,108.27,都市：住,,,,07440000
RPVOMLPLLHPFFAH66CC,寶山段,.00,都市：住,,,,02670000
RPSPMLPLLHPFFAH09CC,中路三段,.00,都市：住,,,,01790000
RPTNMLQLLHPFFCH76DC,聖亭段,22.68,非都市：鄉村區 ; 非都市編定：乙種建築用地,,,,05090000
RPXNMLQLLHPFFEH37DC,河底段,23.27,都市：住,,,,01360000
RPXNMLQLLHPFFEH37DC,河底段,.10,都市：住,,,,01360000
RPROMLQLLHPFFGH96CC,廣豐段,.00,都市：住,,,,05050000
RPQOMLQLLHPFFFH76CC,麻園段,.00,非都市：鄉村區 ; 非都市編定：乙種建築用地,,,,03360000
RPOQMLQLLHPFFAH88CC,會稽段,.00,都市：住,,,,02050000
RPQPMLQLLHPFFAH98CC,建新段,.00,都市：住,,,,00840000
RPTQMLQLLHPFFAH76CC,大有段,.00,都市：住,,,,05450000
RPVQMLQLLHPFFAH96CC,桃園段武陵小段,.00,都市：商,,,,00140000
RPSRMLQLLHPFFAH76CC,富國段,.00,都市：住,,,,03080000
RPRRMLQLLHPFFAH66CC,成功段,.00,都市：住,,,,01340000
RPSPMLQLLHPFFEH96CC,新鼻段,506.19,都市：住,,,,02010000
RPXNMLPLLHPFFEH17CC,南崁廟口段營盤坑小段,.00,都市：住,,,,02110000
RPUQMLQLLHPFFEH27CC,大新段,.00,都市：商,,,,02420000
RPQQMLQLLHPFFEH86CC,五福段,.00,都市：住,,,,06020000
RPSNMLQLLHPFFEH76CC,大新段,.00,都市：住,,,,02580001
RPSQMLQLLHPFFEH07CC,南崁廟口段廟口小段,.00,都市：住,,,,00180001
RPROMLPLLHPFFEH66CC,五福段,.00,都市：住,,,,05030000
RPOPMLPLLHPFFFH66DC,豐田段,20.32,都市：住,,,,14750000
RPTRMLQLLHPFFBH96CC,忠福段,.00,都市：住,,,,24740000
RPXNMLQLLHPFFBH96CC,青平段,22.93,都市：商,,,,00930000
RPRRMLQLLHPFFBH76CC,健行段,.00,都市：商,,,,01670002
RPQSMLQLLHPFFBH76CC,青溪段,.00,都市：住,,,,05810000
RPTTMLQLLHPFFBH17CC,雙嶺段,.00,都市：住,,,,13030000
RPPVMLQLLHPFFBH96CC,興南段興南小段,.00,都市：商,,,,02660000
RPUVMLQLLHPFFBH47CC,石頭段,17.61,都市：住,,,,04740001
RPOTMLQLLHPFFAH56CC,富國段,.00,都市：住,,,,05850000
RPQTMLQLLHPFFAH76CC,鹽埕段,.00,都市：工,,,,07030000
RPTSMLQLLHPFFAH96CC,龍安段,.00,都市：商,,,,02870000
RPWSMLQLLHPFFAH27CC,埔子段埔子小段,18.79,都市：住,,,,19120042
RPOSMLQLLHPFFAH09CC,長安段,.00,都市：住,,,,00210000
RPVSMLQLLHPFFAH17CC,新埔段,.00,都市：住,,,,01940000
RPRSMLQLLHPFFAH76CC,中路段,.00,都市：住,,,,17090017
RPTWMLQLLHPFFBH47CC,普仁段,.00,都市：農,,,,00160012
RPTWMLQLLHPFFBH47CC,中原段,.00,都市：農,,,,11170018
RPWNNLQLLHPFFBH96CC,新街段,.00,都市：住,,,,03960000
RPWNNLQLLHPFFBH96CC,新街段,.00,都市：住,,,,04220000
RPUOMLRLLHPFFAH86DC,國聖段,4.28,都市：住,,,,04190000
RPUOMLRLLHPFFAH86DC,國聖段,65.32,都市：住,,,,04200000
RPONNLQLLHPFFBH78CC,雙嶺段,.00,都市：住,,,,13920000
RPVNMLQLLHPFFDH96CC,幼獅段,.00,都市：住,,,,12240000
RPROMLRLLHPFFHH37EC,山鶯段,24.55,都市：住,,,,06890000
RPVNMLRLLHPFFHH47CC,兔子坑段,.00,非都市：山坡地保育區 ; 非都市編定：丙種建築用地,,,,12640000
RPQNMLRLLHPFFCH09CC,聖亭段,.00,非都市：鄉村區 ; 非都市編定：乙種建築用地,,,,05090000
RPTNMLRLLHPFFDH86CC,頭重溪段,.00,都市：住,,,,00860000
RPPNMLRLLHPFFCH98CC,潛龍段,.00,非都市：鄉村區 ; 非都市編定：乙種建築用地,,,,10790000
RPTOMLQLLHPFFDH86CC,幼獅段,.00,都市：住,,,,12240000
RPTNMLRLLHPFFCH76CC,新烏樹林段,.00,非都市：一般農業區 ; 非都市編定：甲種建築用地,,,,06570000
RPTNMLRLLHPFFCH76CC,新烏樹林段,.00,非都市：一般農業區 ; 非都市編定：甲種建築用地,,,,06580000
RPWNMLQLLHPFFDH07CC,二重溪段,.00,非都市：山坡地保育區 ; 非都市編定：丙種建築用地,,,,01950458
RPQOMLRLLHPFFHH07CC,興華段,9.40,都市：商,,,,00470000
RPWPMLRLLHPFFAH07CC,慈文段,8.80,都市：住,,,,21540001
RPSOMLKMLHPFFHH76DC,半嶺段,9.97,都市：商,,,,07440000
RPWPMLKMLHPFFBH66DC,中原段,43.26,都市：住,,,,10760001
RPWPMLKMLHPFFBH66DC,中原段,49.31,都市：住,,,,10760002
RPTPMLKMLHPFFBH98DC,榮民段,32.67,都市：工,,,,08020000
RPTPMLKMLHPFFBH98DC,榮民段,32.67,都市：工,,,,08050000
RPTOMLKMLHPFFFH56CC,同福段,.00,都市：商,,,,06090000
RPRQMLKMLHPFFFH56CC,福興段,.00,都市：商,,,,09750000
RPWOMLKMLHPFFGH96CC,平鎮段,.00,都市：住,,,,11310000
RPVOMLKMLHPFFGH86CC,平鎮段,.00,都市：住,,,,11310000
RPTOMLKMLHPFFAH68CC,中山段,.00,都市：住,,,,03210000
RPTSMLKMLHPFFFH96CC,興仁段,.00,都市：住,,,,06280000
RPUPMLKMLHPFFAH88CC,埔子段埔子小段,976.00,都市：住,,,,19120042
RPTRMLKMLHPFFAH98CC,富國段,5672.00,都市：住,,,,04460000
RPURMLRLLHPFFAH07CC,中路段,.00,都市：住,,,,00030076
RPURMLRLLHPFFAH07CC,中路段,.00,都市：商,,,,00030099
RPROMLKMLHPFFAH48CC,建新段,.00,都市：住,,,,09350000
RPUNMLKMLHPFFDH98CC,草湳坡段埔心小段,.00,都市：住,,,,00230000
RPWNMLKMLHPFFDH56CC,民豐段,.00,非都市：鄉村區 ; 非都市編定：乙種建築用地,,,,03860000
RPSPMLRLLHPFFBH76CC,忠福段,.00,都市：住,,,,31560000
RPOOMLRLLHPFFBH88CC,健行段,.00,都市：住,,,,11170000
RPSOMLRLLHPFFBH66CC,後寮段,.00,都市：住,,,,02530000
RPPNMLLMLHPFFEH78DC,錦中段,203.36,都市：工,,,,06490000
RPPNMLLMLHPFFEH78DC,錦中段,10.85,都市：工,,,,06490001
RPUNMLLMLHPFFHH86CC,華亞段,.00,非都市： ; 非都市編定：,,,,01630000
RPUNMLLMLHPFFDH09CC,頭重溪段,.00,都市：住,,,,00330011
RPSVMLLMLHPFFAH76CC,國聖段,.00,都市：住,,,,08550000
RPTQMLLMLHPFFAH98CC,中路段,132.00,都市：住,,,,17150040
RPOOMLLJMHPFFGH78DC,關爺段,111.92,都市：農,,,,06610000
RPWQMLLJMHPFFAH56DC,中埔段,.00,都市：住,,,,00600000
RPQOMLLJMHPFFGH88CC,環南段,.00,都市：住,,,,09070000
RPQOMLLJMHPFFGH88CC,環南段,.00,都市：住,,,,09090000
RPUNMLLJMHPFFFH09CC,瑞豐段,42.30,非都市：鄉村區 ; 非都市編定：乙種建築用地,,,,13500000
RPTPMLRLLHPFFBH86CC,三座屋段舊社小段,.00,都市：住,,,,00390134
RPSOMLLMLHPFFEH09CC,大坑段,.00,非都市：一般農業區 ; 非都市編定：甲種建築用地,,,,06850000
RPTRMLLJMHPFFAH88CC,富國段,16.20,都市：住,,,,07310000
RPXNMLLJMHPFFDH56CC,草湳坡段草湳坡小段,.00,都市：住,,,,00550017
RPWNMLLJMHPFFCH98CC,仁善段,24.25,都市：其他:第二種商業區,,,,06860000
RPOTMLKMLHPFFBH78CC,仁愛段,.00,都市：住,,,,08330000
RPUUMLKMLHPFFBH86CC,青平段,2059.00,都市：住,,,,04030000
RPUSMLLMLHPFFBH76CC,新街段,.00,都市：住,,,,08620000
RPUPMLKMLHPFFBH98CC,後興段,.00,都市：住,,,,05770000
RPUTMLKMLHPFFBH76CC,三座屋段舊社小段,.00,都市：住,,,,01170000
RPUTMLKMLHPFFBH76CC,三座屋段三座屋小段,.00,都市：住,,,,00040000
RPRNMLMJMHPFFGH98CC,平德段,495.86,非都市：特定農業區 ; 非都市編定：農牧用地,,,,02290000
RPRNMLMJMHPFFCH58CC,中正段,.00,非都市：鄉村區 ; 非都市編定：乙種建築用地,,,,03740000
RPPNMLMJMHPFFCH38CC,太武段,.00,非都市： ; 非都市編定：,,,,06990000
RPQNMLMJMHPFFCH48CC,仁文段,.00,非都市： ; 非都市編定：,,,,10190000
RPPNMLMJMHPFFCH38CC,太武段,.00,非都市： ; 非都市編定：,,,,07000000
RPSNMLMJMHPFFCH68CC,田心子段上田心子小段,.00,非都市： ; 非都市編定：,,,,04360001
RPSNMLMJMHPFFCH68CC,田心子段上田心子小段,.00,非都市： ; 非都市編定：,,,,04360002
RPTNMLMJMHPFFCH78CC,隆德段,.00,非都市： ; 非都市編定：,,,,15330000
RPVNMLMJMHPFFCH98CC,石屯段下石屯小段,.00,非都市： ; 非都市編定：,,,,00660037
RPWNMLMJMHPFFCH09CC,永昌段,.00,非都市：鄉村區 ; 非都市編定：乙種建築用地,,,,04140000
RPRNMLMJMHPFFAH38CC,中路二段,.00,非都市： ; 非都市編定：,,,,02680000
RPSNMLMJMHPFFAH48CC,雲林段,.00,非都市： ; 非都市編定：,,,,02550000
RPPNMLNJMHPFFAH28CC,大興段,10.19,都市：住,,,,01990000
RPQNMLNJMHPFFAH38CC,埔子段埔子小段,21.04,都市：住,,,,20390092
RPPNMLLJMHPFFHH78CC,頂湖段,1757.39,都市：工,,,,08450000
RPPNMLNJMHPFFHH98CC,精忠段,18.68,都市：住,,,,15550000
RPQNMLMJMHPFFHH98CC,文化段,9.61,都市：商,,,,02900000
RPQOMLLMLHPFFHH56CC,華亞段,.00,都市：工,,,,00360000
RPTNMLNJMHPFFAH68CC,福元段,15.36,都市：住,,,,06780000
RPSNMLNJMHPFFAH58CC,中山段,24.41,都市：住,,,,00360000
RPWNMLNJMHPFFAH98CC,三元段,16.16,都市：住,,,,08280000
RPUNMLNJMHPFFAH78CC,大有段,11.23,都市：住,,,,05450000
RPPNMLOJMHPFFHH09CC,半嶺段,16.36,都市：商,,,,07030000
RPPNMLOJMHPFFFH88CC,八塊段,23.46,都市：住,,,,12270000
RPROMLOJMHPFFEH09CC,青峰段,.00,都市：住,,,,03820000
RPOOMLLJMHPFFCH28CC,太武段,.00,非都市： ; 非都市編定：,,,,07020000
RPPOMLLJMHPFFCH38CC,太武段,.00,非都市： ; 非都市編定：,,,,07020000
RPTOMLLJMHPFFCH78CC,太武段,.00,非都市： ; 非都市編定：,,,,07020000
RPPNMLOJMHPFFGH98CC,平鎮段,.00,都市：商,,,,10180000
RPSOMLOJMHPFFEH56CC,河底段,.00,都市：其他:農業區、住宅區,,,,03660000
RPSOMLLJMHPFFCH68CC,員林段,.00,非都市：鄉村區 ; 非都市編定：乙種建築用地,,,,00780000
RPSOMLLJMHPFFCH68CC,員林段,.00,非都市：特定農業區 ; 非都市編定：甲種建築用地,,,,00790000
RPRNMLOJMHPFFAH58CC,大興段,.00,都市：住,,,,04670000
RPQNMLOJMHPFFAH48CC,富國段,.00,都市：住,,,,01310001
RPPPMLQJMHPFFBH98DC,石頭段,26.37,都市：住,,,,00040000
RPPPMLQJMHPFFBH98DC,石頭段,.75,都市：住,,,,00040039
RPXNMLQJMHPFFFH27CC,福興段,.00,都市：住,,,,09400000
RPPQMLQJMHPFFBH98CC,榮民段,.00,都市：住,,,,11100000
RPRQMLQJMHPFFBH56CC,三座屋段三座屋小段,.00,都市：住,,,,18280000
RPROMLQJMHPFFBH98CC,永興段,6.98,都市：住,,,,10820000
RPVNMLOJMHPFFBH09CC,草新段,.00,都市：商,,,,06150000
RPSQMLQJMHPFFBH66CC,中工段,.00,非都市：工業區 ; 非都市編定：丁種建築用地,,,,13040000
RPXPMLQJMHPFFBH07CC,培英段,.00,都市：住,,,,00060000
RPVNMLQJMHPFFCH76CC,僑愛段,55.20,都市：住,,,,05010000
RPWNMLRJMHPFFHH47CC,自強段,.00,都市：商,,,,01010000
RPQQMLRJMHPFFFH96CC,大明段,.00,非都市：鄉村區 ; 非都市編定：乙種建築用地,,,,00600000
RPVNMLQJMHPFFAH56CC,成功段,.00,都市：住,,,,03400000
RPRQMLRJMHPFFFH07CC,茄苳段,.00,都市：工,,,,03270000
RPRQMLRJMHPFFFH07CC,茄苳段,.00,都市：工,,,,03280000
RPRQMLRJMHPFFFH07CC,茄苳段,.00,都市：工,,,,03290000
RPQPMLRJMHPFFHH07CC,文化段,24.96,都市：商,,,,03190000
RPOOMLRJMHPFFGH66CC,東陵段,.00,非都市：特定農業區 ; 非都市編定：丁種建築用地,,,,01290000
RPOOMLRJMHPFFGH66CC,東陵段,.00,非都市：特定農業區 ; 非都市編定：丁種建築用地,,,,01300000
RPOOMLRJMHPFFGH66CC,東陵段,.00,非都市：特定農業區 ; 非都市編定：丁種建築用地,,,,01320000
RPRPMLRJMHPFFAH09CC,三元段,8.36,都市：住,,,,07840000
RPSOMLRJMHPFFEH86CC,五福段,18.46,都市：住,,,,05670000
RPVPMLRJMHPFFEH27CC,六福段,.00,都市：工,,,,06300000
RPXOMLRJMHPFFEH37CC,南園段,91.74,都市：住,,,,08570000
RPPQMLRJMHPFFAH98CC,中路二段,11.95,都市：住,,,,02680000
RPORMLRJMHPFFAH98CC,中路段,18.78,都市：工,,,,18630105
RPWPMLRJMHPFFAH96CC,桃鶯段,.00,都市：住,,,,01840000
RPSQMLRJMHPFFAH66CC,桃園段武陵小段,2.77,都市：商,,,,00350021
RPVQMLRJMHPFFAH96CC,福元段,8.74,都市：住,,,,03320001
RPQRMLRJMHPFFAH56CC,中路段,.00,都市：其他:商業區與市場用地,,,,00160015
RPPQMLQJMHPFFAH88CC,忠義段,.00,都市：住,,,,04870000
RPRQMLQJMHPFFAH09CC,陽明段,.00,都市：住,,,,03450000
RPUOMLQJMHPFFAH56CC,同安段,.00,都市：住,,,,10000000
RPOQMLQJMHPFFAH78CC,富國段,56.62,都市：住,,,,04460000
RPOQMLQJMHPFFAH78CC,富國段,3.94,都市：住,,,,04460000
RPSNMLRJMHPFFCH56CC,南興段,.00,非都市：特定農業區 ; 非都市編定：農牧用地,,,,09410000
RPTNMLRJMHPFFCH66CC,田心子段下田心子小段,17.30,都市：住,,,,15590000
RPTOMLRJMHPFFBH66CC,石頭段,.00,都市：商,,,,00070022
RPTTMLRJMHPFFAH07CC,龍安段,10.19,都市：商,,,,02870000
RPUUMLRJMHPFFAH27CC,大有段,19.48,都市：住,,,,04450000
RPXRMLRJMHPFFAH27CC,大興段,158.38,都市：住,,,,06540000
RPVRMLRJMHPFFAH07CC,忠義段,22.28,都市：住,,,,05140000
RPOTMLRJMHPFFAH56CC,中路二段,11.95,都市：住,,,,02680000
RPQSMLRJMHPFFAH66CC,龍安段,13.06,都市：商,,,,02870000
RPRVMLRJMHPFFAH07CC,寶山段,.00,都市：住,,,,08720000
RPPSMLRJMHPFFAH56CC,桃園段武陵小段,16.12,都市：商,,,,00140000
RPTOMLSJMHPFFHH37CC,山德段,.00,都市：住,,,,07070000
RPXNMLSJMHPFFFH47CC,廣隆段,.00,都市：住,,,,13300000
RPRPMLSJMHPFFAH56CC,中山段,10.67,都市：住,,,,01610000
RPWNMLSJMHPFFFH37CC,豐田段,.00,都市：住,,,,14690000
RPSRMLSJMHPFFAH86CC,中路段,44.06,都市：住,,,,17660000
RPSRMLSJMHPFFAH86CC,中路段,.44,都市：住,,,,17660011
RPOQMLTJMHPFFBH66DC,青芝段,80.15,都市：住,,,,01210000
RPPQMLTJMHPFFBH76DC,青平段,128.20,都市：住,,,,00010000
RPXQMLTJMHPFFEH87DC,宏竹段,46.16,非都市：一般農業區 ; 非都市編定：甲種建築用地,,,,06400000
RPSNMLTJMHPFFEH96CC,青峰段,.00,都市：住,,,,03820000
RPOOMLTJMHPFFFH86DC,同福段,32.34,都市：商,,,,06090000
RPVPMLSJMHPFFBH07CC,忠義段,.00,都市：工,,,,00060000
RPXPMLSJMHPFFBH27CC,三座屋段三座屋小段,.00,都市：住,,,,18280000
RPXSMLRJMHPFFBH47CC,普義段,.00,都市：住,,,,04350000
RPPPMLRJMHPFFBH98CC,保障段,.00,非都市：一般農業區 ; 非都市編定：農牧用地,,,,14300000
RPOTMLRJMHPFFBH66CC,中寮段,.00,都市：商,,,,02480002
RPPQMLRJMHPFFBH09CC,青平段,457.96,都市：住,,,,04030000
RPQQMLTJMHPFFAH66CC,雲林段,25.74,都市：其他:甲種工業區、道路用地住宅區,,,,00360000
RPTQMLTJMHPFFAH96CC,中路一段,.00,都市：住,,,,00490000
RPXQMLTJMHPFFBH47CC,中北段,.00,都市：住,,,,02430000
RPORMLTJMHPFFBH66CC,青溪段,.00,都市：住,,,,03680000
RPQSMLTJMHPFFAH86CC,福元段,.00,都市：住,,,,03320001
RPUNMLKKMHPFFGH56CC,環南段,.00,都市：住,,,,02820000
RPPSMLTJMHPFFAH76CC,新埔段,.00,都市：住,,,,09380000
RPTPMLKKMHPFFGH66CC,廣南段,.00,都市：住,,,,01730000
RPQPMLKKMHPFFGH98CC,賦梅段,.00,都市：住,,,,06290000
RPRPMLKKMHPFFGH09CC,東豐段,19.37,都市：住,,,,04240000
RPOPMLKKMHPFFEH68DC,竹圍段崁下小段,71.00,非都市：一般農業區 ; 非都市編定：農牧用地,,,,01070000
RPXNMLTJMHPFFCH37DC,介壽段,56.00,非都市：鄉村區 ; 非都市編定：乙種建築用地,,,,07950000
RPTQMLKKMHPFFDH09CC,草湳坡段埔心小段,.00,都市：住,,,,00200824
RPXNMLKKMHPFFBH98CC,榮南段,.00,都市：住,,,,07290000
RPOPMLKKMHPFFBH28CC,石頭段,.00,都市：住,,,,05760000
RPWQMLKKMHPFFBH56CC,自立段,76.00,都市：住,,,,10290000
RPVPMLKKMHPFFBH98CC,青芝段,165.66,都市：商,,,,01450000
RPXQMLKKMHPFFBH66CC,健行段,48.50,都市：住,,,,00560000
RPORMLKKMHPFFBH48CC,新街段,.00,都市：住,,,,07600000
RPPRMLKKMHPFFBH58CC,培英段,18.86,都市：住,,,,00090000
RPQRMLKKMHPFFBH68CC,雙嶺段,.00,都市：住,,,,13030000
RPTRMLKKMHPFFBH98CC,三座屋段三座屋小段,.00,都市：住,,,,05540003
RPWRMLKKMHPFFBH66CC,下青埔段樹子腳小段,.00,非都市：特定農業區 ; 非都市編定：甲種建築用地,,,,01190042
RPTNMLTJMHPFFEH07CC,河底段,.00,都市：其他:農業區、住宅區,,,,03660000
RPXPMLTJMHPFFEH67CC,宏竹段,68.82,非都市：一般農業區 ; 非都市編定：甲種建築用地,,,,06330000
RPUNMLKKMHPFFAH58CC,西門段,.00,都市：住,,,,00530000
RPWNMLKKMHPFFAH78CC,大有段,.00,都市：住,,,,06220000
RPSSMLKKMHPFFBH98CC,三座屋段三座屋小段,28.57,都市：住,,,,17540000
RPRNMLKKMHPFFCH48CC,介壽段,.00,非都市：鄉村區 ; 非都市編定：乙種建築用地,,,,02450000
RPROMLKKMHPFFAH38CC,同安段,38.03,都市：住,,,,13900000
RPROMLKKMHPFFAH38CC,同安段,.69,都市：住,,,,13900001
RPROMLKKMHPFFAH38CC,同安段,1.45,都市：住,,,,13920000
RPPOMLTJMHPFFCH56CC,潛龍段,24.54,非都市：鄉村區 ; 非都市編定：乙種建築用地,,,,10790000
RPPOMLTJMHPFFCH56CC,潛龍段,.60,非都市：鄉村區 ; 非都市編定：乙種建築用地,,,,10990000
RPTSMLKKMHPFFBH09CC,新興段,77.01,都市：住,,,,02200000
RPUOMLKKMHPFFAH68CC,慈文段,.00,都市：商,,,,09090000
RPWQMLKKMHPFFDH76CC,草湳坡段埔心小段,.00,都市：住,,,,00570001
RPQNMLKKMHPFFHH88CC,幸褔段,.00,非都市：鄉村區 ; 非都市編定：乙種建築用地,,,,01190000
RPWRMLTJMHPFFAH37CC,龍安段,.00,都市：商,,,,02870000
RPTRMLTJMHPFFAH07CC,同安段,62.00,都市：住,,,,18320000
RPUOMLNKMHPFFFH96DC,福興段,38.43,都市：住,,,,08230000
RPQNMLNKMHPFFHH56CC,兔子坑段,.00,非都市：山坡地保育區 ; 非都市編定：丙種建築用地,,,,04970000
RPOOMLNKMHPFFAH58EC,龍安段,132.00,都市：住,,,,00090001
RPOOMLNKMHPFFAH58EC,龍安段,132.00,都市：住,,,,00090000
RPPOMLNKMHPFFAH68EC,中路一段,18.04,都市：其他:第一之二種住宅區,,,,00490000
RPQOMLNKMHPFFAH78EC,東門段,.00,都市：商,,,,07620000
RPRNMLNKMHPFFEH98CC,錦明段,.00,非都市： ; 非都市編定：,,,,09680000
RPXNMLLKMHPFFAH98CC,龍祥段,10.39,都市：商,,,,10010000
RPOOMLLKMHPFFAH18CC,桃鶯段,.00,都市：住,,,,06530001
RPUTMLKKMHPFFAH56CC,大樹林段,.00,都市：住,,,,03130000
RPWNMLLKMHPFFAH88CC,水汴頭段,12.28,都市：商,,,,00390000
RPUQMLKKMHPFFAH88CC,國強段,.00,都市：住,,,,09860007
RPSTMLKKMHPFFAH98CC,桃園段武陵小段,131.00,都市：商,,,,01550121
RPVOMLKKMHPFFAH78CC,慈文段,.00,都市：住,,,,15070000
RPXOMLKKMHPFFAH98CC,福元段,24.64,都市：住,,,,02630000
RPVOMLNKMHPFFDH76CC,草湳坡段埔心小段,.00,都市：住,,,,00200824
RPWPMLNKMHPFFBH76CC,忠福段,.00,都市：住,,,,24340007
RPWOMLNKMHPFFDH86CC,大金山下段大金山下小段,.00,都市：住,,,,00810000
RPPQMLNKMHPFFDH98CC,大金山下段大金山下小段,.00,都市：住,,,,00100004
RPRQMLNKMHPFFDH56CC,長岡嶺段,.00,非都市：山坡地保育區 ; 非都市編定：丙種建築用地,,,,01330000
RPTQMLNKMHPFFDH76CC,大金山下段大金山下小段,.00,都市：住,,,,00080000
RPWSMLNKMHPFFBH07CC,三座屋段三座屋小段,.00,都市：商,,,,18280000
RPWQMLNKMHPFFDH07CC,草湳坡段埔心小段,.00,都市：住,,,,00570003
RPORMLNKMHPFFDH98CC,大金山下段大金山下小段,.00,都市：住,,,,00100000
RPSNMLOKMHPFFEH56CC,南崁廟口段營盤坑小段,.00,都市：住,,,,01490007
RPRNMLNKMHPFFCH78CC,太武段,.00,都市：住,,,,04780000
RPRNMLNKMHPFFCH78CC,太武段,.00,都市：住,,,,04700000
RPRNMLNKMHPFFCH78CC,太武段,.00,都市：住,,,,04770000
RPVNMLOKMHPFFEH86CC,青山段,59.98,都市：住,,,,03460000
RPPRMLNKMHPFFDH09CC,幼獅段,.00,都市：住,,,,12240000
RPPNMLOKMHPFFGH09CC,西社段,.00,都市：住,,,,12220000
RPSNMLOKMHPFFFH66CC,大華段,.00,都市：其他:住宅區、人行步道用地,,,,06960000
RPTNMLOKMHPFFGH86CC,廣東段,2.61,都市：其他:道路用地,,,,11900000
RPTNMLOKMHPFFGH86CC,廣東段,2.00,都市：其他:道路用地,,,,11910000
RPTNMLOKMHPFFGH86CC,廣東段,184.00,都市：住,,,,11920000
RPTNMLOKMHPFFGH86CC,廣東段,5.00,都市：住,,,,11950001
RPTNMLOKMHPFFCH56DC,黃龍段,116.31,都市：住,,,,02960000
RPOPMLOKMHPFFDH88CC,大金山下段大金山下小段,.00,都市：住,,,,00460000
RPROMLOKMHPFFBH88CC,永興段,63.48,都市：商,,,,03440000
RPROMLOKMHPFFBH88CC,永興段,71.98,都市：商,,,,03450000
RPPPMLOKMHPFFDH98CC,長岡嶺段,.00,非都市：山坡地保育區 ; 非都市編定：丙種建築用地,,,,10980000
RPTPMLOKMHPFFBH56CC,大湖段,561.01,非都市：特定農業區 ; 非都市編定：丁種建築用地,,,,03910000
RPQSMLNKMHPFFAH98CC,桃園段武陵小段,.00,都市：商,,,,01550096
RPQSMLNKMHPFFAH98CC,桃園段武陵小段,.00,都市：商,,,,01550098
RPQSMLNKMHPFFAH98CC,桃園段武陵小段,.00,都市：商,,,,01550143
RPPRMLNKMHPFFAH78CC,小檜溪段,6.38,都市：住,,,,10810000
RPSQMLNKMHPFFAH98CC,新埔段,.00,都市：住,,,,10560000
RPQRMLNKMHPFFAH88CC,三元段,4.04,都市：住,,,,08280000
RPPSMLNKMHPFFAH88CC,桃園段武陵小段,.00,都市：商,,,,01550060
RPRPMLOKMHPFFAH88CC,龍鳳段,.00,都市：其他:農業區，第二種住宅區，綠地用地,,,,07350000
RPROMLNKMHPFFAH68CC,富國段,56.62,都市：住,,,,04460000
RPROMLNKMHPFFAH68CC,富國段,3.94,都市：住,,,,04460000
RPTRMLOKMHPFFBH76CC,中觀段,.00,非都市：特定農業區 ; 非都市編定：甲種建築用地,,,,04680000
RPTPMLOKMHPFFAH09CC,埔子段埔子小段,.00,都市：住,,,,19550018
RPOPMLPKMHPFFEH56DC,文中段,102.64,都市：農,,,,11240000
RPXPMLPKMHPFFAH07DC,水汴頭段,31.80,都市：商,,,,00350000
RPOOMLPKMHPFFHH66CC,文化段,.00,都市：商,,,,03500000
RPVNMLPKMHPFFHH27CC,文化段,52.89,都市：住,,,,01190000
RPRPMLPKMHPFFEH86DC,文中段,102.64,都市：農,,,,11240001
RPXNMLPKMHPFFGH37CC,義民段,.00,都市：住,,,,01010000
RPSOMLPKMHPFFAH98CC,法政段,30.61,都市：住,,,,07750000
RPQOMLPKMHPFFAH78CC,寶山段,15.65,都市：商,,,,07500000
RPUNMLPKMHPFFAH09CC,同安段,29.79,都市：住,,,,18320000
RPOQMLPKMHPFFAH78CC,桃園段武陵小段,.00,都市：商,,,,01390000
RPUQMLPKMHPFFAH76CC,新埔段,7.68,都市：商,,,,01610001
RPUPMLPKMHPFFAH66CC,中路段,.00,都市：住,,,,18620000
RPUQMLPKMHPFFBH86CC,興南段興南小段,.00,都市：商,,,,02700000
RPSOMLPKMHPFFBH09CC,富強段,16.11,都市：住,,,,01160000
RPUTMLPKMHPFFAH07CC,新埔段,.00,都市：住,,,,01040003
RPURMLPKMHPFFBH96CC,興南段興南小段,.00,都市：商,,,,02750000
RPRTMLPKMHPFFBH86CC,三座屋段三座屋小段,.00,都市：住,,,,14550003
RPSTMLPKMHPFFBH96CC,三座屋段舊社小段,35.99,都市：住,,,,01310000
RPTTMLPKMHPFFBH07CC,石頭段,.00,都市：商,,,,00260094
RPWTMLPKMHPFFBH37CC,東寮段,.00,都市：住,,,,08390000
RPSNMLPKMHPFFDH56CC,二重溪段,.00,都市：住,,,,00860001
RPTNMLPKMHPFFDH66CC,大金山下段大金山下小段,.00,都市：住,,,,00100000
RPQNMLPKMHPFFFH56CC,茄明段,.00,都市：住,,,,00880000
RPTNMLPKMHPFFFH86CC,永福段,.00,都市：住,,,,00060001
RPRNMLPKMHPFFFH66CC,茄明段,.06,都市：住,,,,00880000
RPXNMLPKMHPFFFH27CC,廣隆段,.00,都市：住,,,,12900000
RPWNMLPKMHPFFFH17CC,興仁段,13.21,都市：商,,,,06080000
RPWNMLQKMHPFFEH17CC,客運二段,37.57,都市：住,,,,02980000
RPQQMLQKMHPFFEH86CC,河底段,.00,非都市： ; 非都市編定：,,,,03830000
RPQOMLQKMHPFFEH66CC,錦中段,31.47,都市：工,,,,00970000
RPOPMLPKMHPFFDH98CC,草湳坡段埔心小段,.00,都市：住,,,,00570001
RPXNMLQKMHPFFEH27CC,南崁廟口段廟口小段,.00,都市：住,,,,00240012
RPPPMLPKMHPFFDH09CC,幼獅段,.00,都市：住,,,,12290000
RPXNMLPKMHPFFDH07CC,草湳坡段草湳坡小段,.00,都市：住,,,,00520020
RPWNMLPKMHPFFDH96CC,大金山下段大金山下小段,.00,都市：住,,,,00100000
RPTOMLPKMHPFFGH07CC,興湧段,.00,都市：商,,,,03630000
RPWNMLQKMHPFFCH96CC,潛龍段,.00,非都市：鄉村區 ; 非都市編定：乙種建築用地,,,,10790000
RPWPMLQKMHPFFAH96CC,江南段,22.09,都市：住,,,,00290000
RPRPMLQKMHPFFAH09CC,慈文段,.00,都市：住,,,,01230000
RPQNMLRKMHPFFFH76CC,廣福段,.00,都市：住,,,,02620000
RPWPMLQKMHPFFBH07CC,榮民段,14.55,都市：住,,,,08740000
RPUOMLPKMHPFFGH17CC,廣東段,.00,非都市： ; 非都市編定：,,,,05740000
RPROMLRKMHPFFGH07CC,新榮段,.00,都市：住,,,,04820000
RPVOMLRKMHPFFGH47CC,湧安段,.00,都市：其他:道路用地、住宅區,,,,06180000
RPTOMLRKMHPFFCH96DC,干城段,73.91,非都市：鄉村區 ; 非都市編定：乙種建築用地,,,,00100000
RPUNMLRKMHPFFFH17CC,福興段,.00,都市：住,,,,02660000
RPSNMLRKMHPFFCH76DC,干城段,73.91,非都市：鄉村區 ; 非都市編定：乙種建築用地,,,,00100000
RPXOMLRKMHPFFGH67CC,廣德段,.00,都市：住,,,,07040000
RPPNMLSKMHPFFCH09CC,石園段,.00,非都市：一般農業區 ; 非都市編定：甲種建築用地,,,,00130000
RPRPMLRKMHPFFCH76CC,碧湖段,20.74,非都市：一般農業區 ; 非都市編定：甲種建築用地,,,,13380000
RPQNMLSKMHPFFCH56CC,介壽段,.00,非都市：一般農業區 ; 非都市編定：甲種建築用地,,,,05610000
RPOOMLRKMHPFFAH78CC,龍安段,31.11,都市：住,,,,01910000
RPRPMLRKMHPFFAH56CC,中路段,.00,都市：住,,,,17090003
RPRNMLKLMHPFFHH09CC,山頂段,1128.00,非都市：工業區 ; 非都市編定：丁種建築用地,,,,03760001
RPROMLKLMHPFFCH78DC,永興段,77.99,非都市：鄉村區 ; 非都市編定：乙種建築用地,,,,09820000
RPRNMLKLMHPFFHH09CC,山頂段,143.00,非都市：工業區 ; 非都市編定：丁種建築用地,,,,03760006
RPRNMLKLMHPFFHH09CC,山頂段,5.00,非都市：工業區 ; 非都市編定：丁種建築用地,,,,03760008
RPRNMLKLMHPFFHH09CC,山頂段,7.00,非都市：工業區 ; 非都市編定：丁種建築用地,,,,03760009
RPOOMLKLMHPFFDH48CC,草湳坡段草湳坡小段,.00,都市：住,,,,00550017
RPPOMLKLMHPFFDH58CC,頭重溪段,.00,都市：住,,,,02150003
RPQOMLKLMHPFFDH68CC,大金山下段大金山下小段,.00,都市：住,,,,00100000
RPROMLKLMHPFFDH78CC,長岡嶺段,.00,非都市：山坡地保育區 ; 非都市編定：丙種建築用地,,,,01310000
RPTNMLKLMHPFFAH58CC,春日段,20.12,都市：住,,,,07530000
RPPPMLKLMHPFFAH38CC,國聖段,23.73,都市：住,,,,07660000
RPRNMLKLMHPFFAH38CC,同德段,.00,都市：商,,,,00400000
RPQOMLLLMHPFFHH56CC,興華段,.00,都市：住,,,,05870000
RPUOMLLLMHPFFGH86CC,忠貞段,.00,都市：商,,,,00480028
RPTVMLLLMHPFFBH07DC,大華段,.00,都市：住,,,,08300000
RPXNMLLLMHPFFAH09CC,雲林段,159.70,都市：住,,,,01430000
RPTPMLLLMHPFFAH88CC,同德段,22.30,都市：商,,,,00100000
RPWPMLLLMHPFFAH56CC,國聖段,11.21,都市：住,,,,07500000
RPSOMLMLMHPFFFH76DC,福興段,50.50,都市：商,,,,07280000
RPRQMLMLMHPFFEH76DC,竹圍段崁下小段,13.00,非都市：鄉村區 ; 非都市編定：乙種建築用地,,,,01000016
RPRQMLMLMHPFFEH76DC,竹圍段崁下小段,71.00,非都市：鄉村區 ; 非都市編定：乙種建築用地,,,,00990063
RPQPMLLLMHPFFFH56DC,豐田段,29.75,都市：住,,,,14700000
RPOQMLMLMHPFFEH09DC,竹圍段拔子林小段,17.29,都市：住,,,,03400000
RPTOMLMLMHPFFFH76CC,大和段,.00,非都市：鄉村區 ; 非都市編定：乙種建築用地,,,,07300000
RPVNMLMLMHPFFHH07CC,興華段,9.85,都市：住,,,,01070000
RPWQMLMLMHPFFBH86CC,新街段,.00,都市：住,,,,08620000
RPSRMLRKMHPFFBH96CC,雙嶺段,23.52,都市：住,,,,14810002
RPPOMLMLMHPFFBH58CC,中北段,.00,都市：住,,,,02430000
RPUOMLMLMHPFFBH09CC,中北段,.00,都市：住,,,,02430000
RPVPMLRKMHPFFBH07CC,西寮段,.00,都市：住,,,,05370000
RPXNMLMLMHPFFCH76CC,梅龍段,.00,非都市：鄉村區 ; 非都市編定：乙種建築用地,,,,10900000
RPXNMLMLMHPFFCH76CC,梅龍段,.00,非都市：鄉村區 ; 非都市編定：乙種建築用地,,,,10910000
RPTRMLLLMHPFFBH56CC,新街段,.00,都市：住,,,,08750000
RPSOMLRKMHPFFBH66CC,復興段,.05,都市：住,,,,20430000
RPRNMLNLMHPFFFH56CC,豐田段,.00,都市：住,,,,14880000
RPSNMLNLMHPFFFH66CC,福興段,24.38,都市：商,,,,09530000
RPROMLMLMHPFFAH68CC,水汴頭段,10.45,都市：商,,,,00560000
RPVNMLNLMHPFFCH66CC,八德段,683.57,非都市：一般農業區 ; 非都市編定：農牧用地,,,,07600000
RPTNMLNLMHPFFBH98CC,大華段,.00,都市：住,,,,03990000
RPTNMLNLMHPFFGH86CC,東豐段,.07,都市：住,,,,03270000
RPSNMLNLMHPFFGH76CC,金星段,.00,都市：住,,,,01240000
RPURMLMLMHPFFAH66CC,大樹林段,.00,非都市： ; 非都市編定：,,,,03790000
RPPOMLKLMHPFFEH68CC,大興段,26.97,都市：住,,,,00910000
RPXOMLNLMHPFFAH76CC,中路段,.00,都市：住,,,,17160044
RPWRMLMLMHPFFAH86CC,中埔段,.00,都市：住,,,,00500000
RPUNMLOLMHPFFFH07DC,福興段,17.63,都市：住,,,,09580000
RPWNMLOLMHPFFGH27CC,福林段,.00,非都市：一般農業區 ; 非都市編定：甲種建築用地,,,,11390000
RPWNMLOLMHPFFFH17CC,豐田段,.00,都市：住,,,,14210000
RPOOMLOLMHPFFEH98CC,五福段,.00,都市：住,,,,08510000
RPTPMLNLMHPFFBH56CC,三座屋段三座屋小段,.00,都市：住,,,,05540003
RPROMLOLMHPFFGH86CC,金星段,.00,都市：住,,,,08410000
RPUPMLOLMHPFFBH76CC,普義段,.00,都市：住,,,,03220000
RPUNMLOLMHPFFBH56CC,中北段,.00,都市：住,,,,02430000
RPVPMLOLMHPFFBH86CC,富強段,1657.25,都市：住,,,,09220000
RPWNMLNLMHPFFBH66CC,富強段,24.36,都市：住,,,,09220000
RPSQMLOLMHPFFBH66CC,自立段,31.86,都市：住,,,,10050000
RPOOMLOLMHPFFCH78CC,雙連段,.00,非都市：一般農業區 ; 非都市編定：甲種建築用地,,,,00430000
RPPRMLOLMHPFFAH98CC,慈文段,.00,非都市： ; 非都市編定：,,,,00190000
RPURMLOLMHPFFAH86CC,大樹林段,.00,都市：住,,,,03140148
RPTRMLOLMHPFFAH76CC,埔子段埔子小段,1944.00,都市：住,,,,17700000
RPXOMLRLMHPFFFH67CC,豐田段,.00,都市：住,,,,01250000
RPVRMLOLMHPFFAH96CC,富國段,.00,都市：住,,,,05850000
RPWRMLOLMHPFFAH07CC,大林段,.00,都市：住,,,,07400000
RPOOMLRLMHPFFGH86CC,平鎮段,.00,都市：商,,,,09910000
RPQNMLRLMHPFFAH98CC,大樹林段,11.66,都市：住,,,,03130000
RPTNMLRLMHPFFEH07CC,河底段,.00,都市：商,,,,03970000
RPRPMLRLMHPFFAH66CC,國聖段,.00,都市：住,,,,06850000
RPWQMLRLMHPFFAH27CC,中路三段,15.95,都市：住,,,,01760000
RPSNMLRLMHPFFAH56CC,桃鶯段,28.30,都市：工,,,,08280000
RPTSMLRLMHPFFAH17CC,同德段,.00,都市：商,,,,00250000
RPTOMLRLMHPFFBH86CC,榮民段,16.95,都市：住,,,,00110000
RPSPMLRLMHPFFBH86CC,仁德段,.00,都市：住,,,,06370000
RPVPMLRLMHPFFBH17CC,青昇段,14.22,都市：商,,,,04600000
RPPPMLRLMHPFFFH96CC,同福段,.00,都市：住,,,,04490000
RPPPMLRLMHPFFFH96CC,大忠段,.00,都市：住,,,,00020000
RPXNMLSLMHPFFGH77CC,廣南段,.00,都市：住,,,,13780000
RPUNMLSLMHPFFEH27CC,大新段,19.51,都市：住,,,,04910000
RPRPMLRLMHPFFHH37CC,興華段,.00,都市：住,,,,02730000
RPPNMLNLMHPFFHH56CC,興華段,.00,都市：住,,,,04430000
RPROMLMLMHPFFHH76CC,文化段,39.20,都市：商,,,,03210000
RPTOMLSLMHPFFHH57CC,文化段,30.02,都市：商,,,,03210000
RPROMLSLMHPFFHH37CC,善捷段,26.36,都市：住,,,,00030000
RPPOMLMLMHPFFHH56CC,陸光段,4564.88,都市：工,,,,01420000
RPTQMLSLMHPFFEH47CC,六福段,9.67,都市：住,,,,08140000
RPVNMLSLMHPFFBH07CC,青平段,.00,都市：住,,,,04030000
RPVPMLSLMHPFFEH57CC,河底段,20.19,都市：住,,,,06670000
RPSPMLSLMHPFFBH96CC,東寮段,.00,都市：住,,,,20250005
RPWPMLSLMHPFFBH37CC,石頭段,.00,都市：住,,,,00460002
RPWPMLSLMHPFFBH37CC,石頭段,.00,都市：住,,,,00460033
RPVNMLSLMHPFFCH17CC,新烏樹林段,.00,非都市：一般農業區 ; 非都市編定：甲種建築用地,,,,04750000
RPOQMLSLMHPFFEH96CC,埔心段埔心小段,.00,非都市：特定農業區 ; 非都市編定：甲種建築用地,,,,05290032
RPXPMLRLMHPFFCH47CC,永興段,.00,非都市：鄉村區 ; 非都市編定：乙種建築用地,,,,09110000
RPPOMLSLMHPFFAH09CC,新埔段,12.33,都市：住,,,,09380000
RPRQMLSLMHPFFBH96CC,青平段,19.02,都市：商,,,,00430000
RPUOMLSLMHPFFAH96CC,國聖段,.00,都市：住,,,,04930000
RPUOMLSLMHPFFAH96CC,國聖段,.00,都市：住,,,,04940000
RPTPMLRLMHPFFCH07CC,田心子段下田心子小段,.00,都市：住,,,,16690000
RPVPMLRLMHPFFCH27CC,田心子段上田心子小段,.00,都市：住,,,,04010000
RPOOMLTLMHPFFEH86CC,南新段,.00,都市：住,,,,07430000
RPPOMLTLMHPFFEH96CC,羊稠段,.00,都市：住,,,,01810000
RPPOMLTLMHPFFFH07CC,同福段,.00,都市：住,,,,04490000
RPWPMLTLMHPFFAH37CC,春日段,.00,都市：其他:道路用地、住宅區,,,,01890000
RPPOMLTLMHPFFFH07CC,大忠段,.00,都市：住,,,,00020000
RPPQMLKMMHPFFEH98CC,竹中段,190.42,都市：住,,,,13800000
RPQOMLLJNHPFFEH78CC,五塊厝段下埔小段,32.90,非都市：一般農業區 ; 非都市編定：甲種建築用地,,,,17580001
RPTOMLTLMHPFFGH57CC,復旦段,25.44,都市：住,,,,00800000
RPQNMLMJNHPFFAH48DC,中路三段,410.65,都市：住,,,,14750000
RPUNMLSLMHPFFDH17CC,幼獅段,.00,都市：住,,,,12240000
RPWOMLTLMHPFFBH47DC,仁祥段,139.31,都市：住,,,,05320004
RPPPMLTLMHPFFBH76CC,環東段,.00,都市：住,,,,07780000
RPWOMLTLMHPFFBH47DC,仁祥段,92.26,都市：住,,,,05340000
RPWOMLTLMHPFFBH47DC,仁祥段,323.44,都市：住,,,,05350003
RPTNMLOJNHPFFFH76CC,福興段,17.43,都市：商,,,,09490000
RPVNMLOJNHPFFFH96CC,興仁段,19.43,都市：商,,,,06080000
RPTPMLTLMHPFFBH17CC,三座屋段舊社小段,.00,都市：住,,,,04260000
RPPQMLTLMHPFFAH76CC,有恒段,.00,都市：工,,,,04350000
RPPNMLLJNHPFFHH88CC,精忠段,13.15,都市：住,,,,15550000
RPPNMLMJNHPFFEH68CC,公埔段,3.57,都市：住,,,,08350000
RPPNMLMJNHPFFEH68CC,公埔段,.42,都市：住,,,,08390000
RPTNMLOJNHPFFDH56CC,二重溪段,.00,都市：工,,,,01480025
RPUOMLPJNHPFFAH76EC,埔子段埔子小段,5.85,都市：住,,,,17380004
RPUOMLPJNHPFFAH76EC,埔子段埔子小段,5.07,都市：住,,,,20000029
RPUOMLPJNHPFFAH76EC,埔子段埔子小段,.13,都市：住,,,,20010007
RPUOMLPJNHPFFAH76EC,埔子段埔子小段,12.48,都市：住,,,,20000026
RPQQMLOJNHPFFAH98DC,水汴頭段,1501.00,都市：商,,,,00350000
RPSNMLPJNHPFFGH07EC,東豐段,44.73,都市：住,,,,03270000
RPROMLPJNHPFFGH07EC,金星段,86.52,都市：住,,,,12160000
RPVNMLPJNHPFFBH86EC,仁美段,75.00,都市：住,,,,00490000
RPVOMLPJNHPFFGH27CC,廣豐段,.00,都市：住,,,,05050000
RPTOMLOJNHPFFDH66CC,草湳坡段埔心小段,23.55,都市：住,,,,00580000
RPTTMLPJNHPFFBH07CC,石頭段,.00,都市：住,,,,05330000
RPTTMLPJNHPFFBH07CC,石頭段,.00,都市：住,,,,05330001
RPVTMLPJNHPFFBH27CC,自立段,.00,都市：住,,,,14610000
RPOUMLPJNHPFFBH66CC,工業區段二小段,.00,非都市：工業區 ; 非都市編定：丁種建築用地,,,,00150021
RPXTMLPJNHPFFBH47CC,中原段,.00,都市：住,,,,05160001
RPQUMLPJNHPFFBH86CC,環東段,.00,都市：住,,,,05130000
RPRQMLOJNHPFFAH98CC,成功段,4.82,都市：住,,,,02720000
RPRQMLOJNHPFFAH98CC,成功段,4.03,都市：住,,,,02730000
RPRQMLOJNHPFFAH98CC,成功段,4.85,都市：住,,,,02760000
RPOPMLOJNHPFFAH58CC,同安段,162.00,都市：住,,,,18320003
RPSOMLPJNHPFFAH98CC,大有段,11.23,都市：住,,,,05450000
RPOPMLKMMHPFFAH38CC,西門段,7.91,都市：住,,,,10760000
RPPRMLOJNHPFFAH88CC,國聖段,.00,都市：住,,,,06850000
RPPNMLMJNHPFFAH28CC,桃園段武陵小段,11.96,都市：商,,,,01390000
RPTOMLPJNHPFFAH09CC,寶山段,12.53,都市：住,,,,08360000
RPRPMLPJNHPFFAH98CC,中埔段,.00,都市：住,,,,07690000
RPQNMLQJNHPFFGH76CC,西社段,28.28,都市：住,,,,12220000
RPQOMLQJNHPFFGH86CC,鎮東段,.00,非都市：鄉村區 ; 非都市編定：乙種建築用地,,,,09070000
RPVNMLQJNHPFFGH27CC,義民段,.00,都市：住,,,,06220000
RPPNMLQJNHPFFFH56CC,福興段,22.17,都市：商,,,,09580000
RPVNMLQJNHPFFFH17CC,瑞豐段,.00,非都市：鄉村區 ; 非都市編定：乙種建築用地,,,,02020000
RPVNMLQJNHPFFFH17CC,瑞豐段,.00,非都市：鄉村區 ; 非都市編定：乙種建築用地,,,,02030000
RPOOMLQJNHPFFFH76EC,豐田段,39.12,都市：住,,,,14430000
RPVPMLPJNHPFFAH76CC,陽明段,.00,都市：住,,,,05440000
RPRNMLQJNHPFFDH76EC,幼獅段,19.68,都市：住,,,,12240000
RPPOMLQJNHPFFFH86EC,大華段,.00,都市：住,,,,05930004
RPSNMLQJNHPFFFH96DC,興仁段,18.65,都市：商,,,,06080000
RPQQMLQJNHPFFEH96DC,竹圍段崁下小段,35.00,非都市：鄉村區 ; 非都市編定：乙種建築用地,,,,00120053
RPPNMLQJNHPFFHH76CC,新路段,.00,都市：商,,,,00040000
RPXNMLQJNHPFFHH57CC,興華段,266.00,都市：住,,,,05130000
RPXNMLQJNHPFFHH57CC,興華段,261.00,都市：住,,,,05140000
RPXNMLQJNHPFFHH57CC,興華段,492.00,都市：住,,,,05150000
RPQSMLQJNHPFFAH66CC,富國段,.00,都市：住,,,,07310000
RPTSMLQJNHPFFAH96CC,同安段,14.77,都市：住,,,,12480000
RPVNMLQJNHPFFAH66CC,同安段,17.18,都市：住,,,,14500000
RPUSMLQJNHPFFAH07CC,新埔段,.00,都市：住,,,,01040003
RPPPMLQJNHPFFBH98CC,中寮段,.00,都市：商,,,,02480002
RPOTMLQJNHPFFAH56CC,國強段,.00,都市：住,,,,09860007
RPPOMLQJNHPFFBH88CC,三座屋段三座屋小段,.00,都市：住,,,,06440082
RPPOMLQJNHPFFBH88CC,三座屋段三座屋小段,.00,都市：住,,,,06440083
RPPOMLQJNHPFFBH88CC,三座屋段三座屋小段,.00,都市：住,,,,06440097
RPPOMLQJNHPFFDH09CC,楊梅段,.00,都市：商,,,,00440092
RPROMLQJNHPFFBH09CC,中壢埔頂段,.00,都市：住,,,,15350000
RPUNMLQJNHPFFCH76CC,黃唐段,.00,非都市：鄉村區 ; 非都市編定：乙種建築用地,,,,03750000
RPUNMLQJNHPFFCH76CC,黃唐段,.00,非都市：鄉村區 ; 非都市編定：乙種建築用地,,,,03760000
RPUNMLQJNHPFFCH76CC,黃唐段,.00,非都市：鄉村區 ; 非都市編定：乙種建築用地,,,,03790000
RPSOMLQJNHPFFCH66CC,田心子段下田心子小段,.00,都市：住,,,,10470000
RPPOMLQJNHPFFCH98CC,仁愛段,.00,非都市：特定農業區 ; 非都市編定：甲種建築用地,,,,02500000
RPRNMLRJNHPFFHH07CC,文化段,.00,都市：商,,,,03130000
RPTNMLRJNHPFFHH27CC,新路段,.00,都市：住,,,,10070002
RPSRMLRJNHPFFBH07DC,石頭段,28.10,都市：商,,,,00420046
RPRNMLRJNHPFFGH96CC,平安段,.00,都市：住,,,,05930000
RPQNMLRJNHPFFGH86CC,廣仁段,.00,都市：住,,,,08200000
RPXPMLRJNHPFFFH67CC,大華段,32.50,都市：住,,,,04030000
RPPNMLRJNHPFFFH66CC,大智段,.00,都市：住,,,,00770000
RPPOMLRJNHPFFBH98CC,仁德段,.00,都市：住,,,,06660000
RPXNMLRJNHPFFBH07CC,中壢埔頂段,.00,都市：住,,,,11740000
RPSOMLRJNHPFFBH66CC,後寮段,.00,都市：住,,,,02530000
RPUQMLRJNHPFFBH07CC,普義段,45.73,都市：住,,,,22840000
RPPOMLRJNHPFFAH88CC,雲盟段,.00,都市：住,,,,00100000
RPROMLRJNHPFFAH09CC,龍安段,.00,都市：商,,,,02870000
RPTPMLRJNHPFFAH76CC,中平段,21.22,都市：住,,,,03360000
RPWOMLRJNHPFFEH37CC,南新段,4.19,都市：住,,,,07430000
RPVPMLRJNHPFFEH37CC,羊稠段,32.92,都市：住,,,,05390000
RPOQMLQJNHPFFEH66CC,錦明段,230.99,都市：住,,,,03380000
RPUQMLQJNHPFFEH27CC,新庄子段,601.00,非都市：一般農業區 ; 非都市編定：農牧用地,,,,08700000
RPUQMLQJNHPFFEH27CC,新庄子段,909.00,非都市：一般農業區 ; 非都市編定：農牧用地,,,,08710000
RPUQMLQJNHPFFEH27CC,新庄子段,1129.00,非都市：一般農業區 ; 非都市編定：農牧用地,,,,08720000
RPUQMLQJNHPFFEH27CC,新庄子段,1618.00,非都市：一般農業區 ; 非都市編定：農牧用地,,,,08730000
RPRNMLPJNHPFFEH56CC,錦興段,18.17,都市：住,,,,05470000
RPTOMLPJNHPFFEH86CC,青山段,.00,都市：住,,,,02190000
RPVNMLPJNHPFFEH96CC,南新段,.00,都市：住,,,,02000000
RPRNMLSJNHPFFGH07CC,廣豐段,.00,非都市： ; 非都市編定：,,,,06370001
RPTOMLSJNHPFFGH37CC,忠貞段,.00,都市：住,,,,04220003
RPTOMLSJNHPFFGH37CC,忠貞段,.00,都市：住,,,,04220027
RPOOMLSJNHPFFFH76CC,大明段,.00,非都市：鄉村區 ; 非都市編定：乙種建築用地,,,,00600000
RPXNMLSJNHPFFAH27EC,中山段,9.51,都市：住,,,,01690000
RPXPMLSJNHPFFAH47EC,中埔段,92.80,都市：住,,,,06770000
RPTRMLRJNHPFFAH96CC,中路段,.00,都市：其他:商業區 市場用地,,,,00160015
RPRRMLRJNHPFFAH76CC,慈文段,.00,都市：住,,,,13820002
RPRRMLRJNHPFFAH76CC,慈文段,.00,都市：住,,,,13820003
RPOSMLRJNHPFFAH56CC,同安段,22.60,都市：住,,,,14790000
RPXQMLRJNHPFFAH27CC,中路一段,12.19,都市：住,,,,00490000
RPWRMLRJNHPFFAH27CC,龍祥段,14.53,都市：商,,,,10010000
RPXRMLRJNHPFFAH37CC,龍祥段,20.39,都市：住,,,,00280000
RPOQMLRJNHPFFAH98CC,和平段,11.54,都市：住,,,,00210004
RPUQMLRJNHPFFAH96CC,新埔段,.00,都市：住,,,,00480060
RPSQMLRJNHPFFAH76CC,和平段,.00,都市：住,,,,00580000
RPUNMLSJNHPFFAH76CC,大樹林段,.00,都市：商,,,,19580000
RPWNMLSJNHPFFDH27CC,新榮段,.00,都市：住,,,,01990000
RPVNMLSJNHPFFAH86CC,龍安段,14.15,都市：住,,,,01880000
RPXNMLSJNHPFFAH07CC,中路一段,6702.21,都市：住,,,,00550000
RPWNMLSJNHPFFAH96CC,大興段,.00,都市：住,,,,07590000
RPSPMLSJNHPFFAH76CC,同安段,7.93,都市：住,,,,18130000
RPTPMLSJNHPFFAH86CC,福元段,13.24,都市：住,,,,03320000
RPOPMLSJNHPFFAH98CC,新埔段,23.23,都市：住,,,,01940000
RPQPMLSJNHPFFAH56CC,忠義段,16.58,都市：住,,,,11360000
RPRPMLSJNHPFFAH66CC,和平段,14.71,都市：住,,,,02500000
RPXNMLSJNHPFFBH17CC,後興段,.00,都市：住,,,,04880000
RPPPMLSJNHPFFAH09CC,大樹林段,.00,都市：商,,,,19580000
RPPOMLSJNHPFFAH98CC,富國段,.00,都市：住,,,,08530000
RPORMLSJNHPFFBH66CC,忠福段,100.00,都市：住,,,,02250000
RPVNMLSJNHPFFCH07CC,中正段,.00,非都市：鄉村區 ; 非都市編定：乙種建築用地,,,,03630000
RPWOMLSJNHPFFCH27CC,干城段,.00,非都市：特定農業區 ; 非都市編定：甲種建築用地,,,,04420000
RPWOMLSJNHPFFCH27CC,干城段,.00,非都市：特定農業區 ; 非都市編定：甲種建築用地,,,,04430000
RPPNMLTJNHPFFHH07CC,舊路坑一段,2448.37,都市：其他:保護區,,,,06340000
RPVNMLSJNHPFFDH17CC,大金山下段大金山下小段,.00,都市：住,,,,00100004
RPPNMLKKNHPFFHH88CC,善捷段,22.40,都市：住,,,,00020000
RPVPMLSJNHPFFAH07CC,中埔段,.00,非都市： ; 非都市編定：,,,,04910000
