﻿編號,土地位置,土地移轉面積(平方公尺),使用分區或編定,權利人持分分母,權利人持分分子,移轉情形,地號
The serial number, land position,land shifting area square meter,the use zoning or compiles and checks,,,,land parcel
RPROMLMKKHPFFAO09CC,虎山段,.00,非都市：鄉村區 ; 非都市編定：乙種建築用地,,,,07950000
RPRPMLLKKHPFFAO56DC,東明段,.00,都市：其他:科技商務區,,,,03800000
RPOPMLMKKHPFFAO88CC,南門段一小段,.00,都市：住,,,,00980000
RPOPMLMKKHPFFAO88CC,南門段一小段,.00,都市：住,,,,00980003
RPOPMLMKKHPFFAO88CC,南門段一小段,.00,都市：住,,,,00980005
RPRPMLMKKHPFFAO56CC,光華段,.00,都市：住,,,,02410000
RPPPMLMKKHPFFAO98CC,聚吉段,.00,都市：住,,,,00550000
RPWPMLTKKHPFFAO77CC,海埔段,3393.01,非都市：特定農業區 ; 非都市編定：農牧用地,,,,05720008
RPVOMLTKKHPFFAO57CC,西門段二小段,12.86,都市：商,,,,00530000
RPWPMLRKKHPFFAO57CC,光武段,.00,都市：商,,,,10500000
RPTNMLSKKHPFFAO17CC,中央段,.00,都市：商,,,,04600000
RPUPMLOKKHPFFAO07CC,光華段,.00,都市：住,,,,02600000
RPWOMLSKKHPFFAO57CC,自由段,.00,都市：住,,,,09250000
RPRSMLNKKHPFFAO96CC,中隘段,.00,非都市：山坡地保育區 ; 非都市編定：丙種建築用地,,,,02970000
RPSQMLMKKHPFFAO76CC,自由段,56.00,都市：住,,,,10580005
RPUOMLNKKHPFFAO86CC,長春段,.00,都市：住,,,,15960000
RPTNMLLLKHPFFAO56CC,國道段,43.24,都市：商,,,,10350000
RPTQMLMKKHPFFAO86CC,虎山段,.00,非都市：鄉村區 ; 非都市編定：乙種建築用地,,,,07950000
RPRPMLKLKHPFFAO09CC,東明段,.00,都市：住,,,,08920000
RPVNMLLLKHPFFAO76CC,光復段,.00,都市：住,,,,02310000
RPOQMLMJLHPFFAO98CC,建華段,.00,都市：住,,,,02110000
RPPQMLMJLHPFFAO09CC,竹蓮段,.00,都市：商,,,,09900002
RPSNMLQLKHPFFAO96CC,介壽段,.00,都市：住,,,,04220000
RPXPMLMJLHPFFAO17CC,科學段一小段,.00,都市：住,,,,04080000
RPXPMLMJLHPFFAO17CC,科學段一小段,.00,都市：住,,,,04090000
RPRNMLQLKHPFFAO86CC,民富段,.00,都市：商,,,,26270000
RPXNMLOLKHPFFAO27CC,介壽段,.00,都市：住,,,,05210000
RPUNMLLLKHPFFAO66CC,國道段,106.10,都市：商,,,,10350000
RPVPMLMJLHPFFAO96CC,新興段一小段,.00,都市：住,,,,00250000
RPSOMLOLKHPFFAO86CC,中隘段,.00,非都市：山坡地保育區 ; 非都市編定：丙種建築用地,,,,02950000
RPUNMLNJLHPFFAO76CC,力行段,.00,非都市：山坡地保育區 ; 非都市編定：丙種建築用地,,,,08050000
RPRQMLMJLHPFFAO66CC,信義段,.00,都市：住,,,,07450000
RPQQMLMJLHPFFAO56CC,光武段,.00,都市：住,,,,11730000
RPUPMLOJLHPFFAO07CC,復中段,92.00,都市：住,,,,02210000
RPWNMLNJLHPFFAO07DC,光華段,23.22,都市：住,,,,11200000
RPVNMLNJLHPFFAO96DC,聚吉段,32.29,都市：住,,,,00560008
RPPNMLNJLHPFFAO98DC,康樂段,62.66,都市：住,,,,02470000
RPOOMLTJLHPFFAO86CC,科園段龍山小段,66.00,都市：住,,,,02470101
RPROMLTJLHPFFAO17CC,柴橋段,.00,都市：其他:風景區,,,,04680000
RPROMLTJLHPFFAO17CC,柴橋段,.00,都市：其他:風景區,,,,04690000
RPROMLTJLHPFFAO17CC,柴橋段,.00,非都市：山坡地保育區 ; 非都市編定：丙種建築用地,,,,04700001
RPWNMLTJLHPFFAO67DC,大學段,22.21,都市：住,,,,02980000
RPTNMLLKLHPFFAO56CC,舊社段,.00,都市：住,,,,00090000
RPOPMLLKLHPFFAO88CC,民富段,.00,都市：住,,,,27210000
RPRNMLMKLHPFFAO09CC,聚吉段,.00,都市：住,,,,00740000
RPWOMLMKLHPFFAO07CC,武陵段,.00,都市：住,,,,11410000
RPRPMLMKLHPFFAO66CC,東明段,.00,都市：商,,,,00770000
RPWNMLMKLHPFFAO17EC,光華段,.00,都市：住,,,,04580005
RPXNMLNKLHPFFAO17CC,光武段,.00,都市：住,,,,12400000
RPPPMLPJLHPFFAO66CC,東山段一小段,.00,都市：住,,,,09620000
RPOPMLQJLHPFFAO66CC,柴橋段,.00,都市：其他:風景區,,,,08260000
RPTOMLQJLHPFFAO07CC,柴橋段,.00,都市：其他:風景區,,,,08290000
RPXNMLQJLHPFFAO37CC,西濱段,.00,都市：住,,,,04650000
RPQOMLQJLHPFFAO76CC,長春段,.00,都市：其他:科技產業專用區,,,,13410000
RPQOMLQJLHPFFAO76CC,長春段,.00,都市：住,,,,13850001
RPQOMLQJLHPFFAO76CC,長春段,.00,都市：住,,,,13850002
RPRPMLPJLHPFFAO86CC,和平段,.00,都市：住,,,,04360000
RPQPMLPJLHPFFAO76CC,南門段四小段,.00,都市：商,,,,01900001
RPQQMLOJLHPFFAO76CC,光武段,.00,都市：住,,,,06030000
RPXPMLOJLHPFFAO37CC,北門段,72.00,都市：住,,,,06070001
RPWOMLRKLHPFFAO57CC,武陵段,.00,都市：住,,,,10520000
RPWOMLRKLHPFFAO57CC,武陵段,.00,都市：住,,,,10520004
RPPNMLSKLHPFFAO86CC,國道段,.00,都市：住,,,,05400000
RPWOMLRKLHPFFAO57CC,武陵段,.00,都市：住,,,,10520005
RPWOMLRKLHPFFAO57CC,武陵段,.00,都市：住,,,,10520006
RPWOMLRKLHPFFAO57CC,武陵段,.00,都市：住,,,,10520007
RPWOMLRKLHPFFAO57CC,武陵段,.00,都市：住,,,,10520008
RPWOMLRKLHPFFAO57CC,武陵段,.00,都市：住,,,,10520009
RPPNMLSKLHPFFAO86CC,國道段,.00,都市：工,,,,05400001
RPVOMLRKLHPFFAO47CC,武陵段,.00,都市：住,,,,10520000
RPVOMLRKLHPFFAO47CC,武陵段,.00,都市：住,,,,10520004
RPVOMLRKLHPFFAO47CC,武陵段,.00,都市：住,,,,10520005
RPVOMLRKLHPFFAO47CC,武陵段,.00,都市：住,,,,10520006
RPVOMLRKLHPFFAO47CC,武陵段,.00,都市：住,,,,10520007
RPVOMLRKLHPFFAO47CC,武陵段,.00,都市：住,,,,10520008
RPVOMLRKLHPFFAO47CC,武陵段,.00,都市：住,,,,10520009
RPTOMLRKLHPFFAO27CC,崙子段,.00,都市：住,,,,20650000
RPUOMLRKLHPFFAO37CC,光武段,.00,都市：住,,,,06030000
RPROMLQLLHPFFAO07CC,聚吉段,.00,都市：住,,,,00740000
RPRNMLRLLHPFFAO07CC,雅溪段,250.75,非都市：山坡地保育區 ; 非都市編定：丙種建築用地,,,,02560000
RPVPMLRLLHPFFAO67CC,長春段,.00,都市：住,,,,14490000
RPXPMLRLLHPFFAO87CC,和平段,.00,都市：住,,,,07270000
RPXNMLKMLHPFFAO07CC,聚吉段,5.97,都市：商,,,,00560008
RPRPMLKMLHPFFAO66CC,中雅段,.00,都市：商,,,,02140000
RPOQMLKLLHPFFAO98CC,長春段,.00,都市：其他:科技產業專用區,,,,13410005
RPXPMLKLLHPFFAO17CC,竹蓮段,.00,都市：商,,,,09890003
RPXPMLKLLHPFFAO17CC,竹蓮段,.00,都市：商,,,,09900000
RPVNMLLMLHPFFAO96CC,東山段一小段,.00,都市：住,,,,09560000
RPVSMLOLLHPFFAO67CC,南門段四小段,47.00,都市：住,,,,00740008
RPVSMLOLLHPFFAO67CC,南門段四小段,20.00,都市：住,,,,00740028
RPPTMLOLLHPFFAO17CC,東光段,13.68,都市：商,,,,01660000
RPXPMLPLLHPFFAO67CC,竹蓮段,.00,都市：商,,,,09900002
RPTNMLSKLHPFFAO27CC,民富段,.00,都市：商,,,,26580000
RPVPMLPLLHPFFAO47CC,醫專段,262.44,非都市：山坡地保育區 ; 非都市編定：丙種建築用地,,,,01220000
RPUPMLKLLHPFFAO86CC,國道段,16.71,都市：住,,,,10960000
RPUNMLKLLHPFFAO66CC,聚吉段,.00,都市：住,,,,00190001
RPQOMLLMLHPFFAO56CC,光復段,35.49,都市：住,,,,13020000
RPRNMLMJMHPFFAO09CC,聚吉段,.00,都市：其他:商+住,,,,00550007
RPUPMLLJMHPFFAO86CC,民主段一小段,.00,都市：商,,,,00580002
RPSNMLMJMHPFFAO56CC,聚吉段,.00,都市：商,,,,00010000
RPWPMLLJMHPFFAO07CC,光復段,.00,都市：住,,,,14380000
RPTNMLMJMHPFFAO66CC,北門段,.00,都市：商,,,,11230000
RPUNMLMJMHPFFAO76CC,民富段,.00,都市：住,,,,12180001
RPVNMLQJMHPFFAO27CC,民主段,.00,都市：商,,,,12240000
RPQPMLKKMHPFFAO66EC,和平段,.00,都市：住,,,,04500000
RPWOMLRJMHPFFAO57CC,國道段,.00,都市：住,,,,10970001
RPSNMLKKMHPFFAO09CC,光武段,143.00,都市：住,,,,08990000
RPRQMLNKMHPFFAO96CC,光復段,.00,都市：住,,,,13530018
RPPQMLNKMHPFFAO76CC,中央段,.00,都市：住,,,,09060002
RPUNMLKKMHPFFAO66CC,長春段,.00,都市：其他:科技產業專用區,,,,13410000
RPRPMLSJMHPFFAO27CC,東明段,.00,都市：其他:部份第一種住宅區、部份道路用地,,,,00490000
RPSQMLNKMHPFFAO07CC,東山段一小段,.00,都市：住,,,,09560000
RPRNMLTJMHPFFAO17CC,光武段,.00,都市：住,,,,07510005
RPRNMLTJMHPFFAO17CC,光武段,.00,都市：住,,,,10820000
RPXOMLRJMHPFFAO67CC,東山段一小段,.00,都市：住,,,,02250000
RPOPMLRJMHPFFAO86CC,大學段,.00,都市：住,,,,03130000
RPSNMLOKMHPFFAO86CC,仙水段,.00,都市：住,,,,01890000
RPTQMLNKMHPFFAO17CC,新興段一小段,.00,都市：住,,,,00800000
RPUNMLOKMHPFFAO07CC,南勢段,61.02,非都市：鄉村區 ; 非都市編定：乙種建築用地,,,,02130000
RPOOMLOKMHPFFAO56CC,竹港段,.00,都市：住,,,,07050000
RPRNMLOKMHPFFAO76CC,北門段,.00,都市：商,,,,18960001
RPQOMLOKMHPFFAO76CC,東橋段,.00,都市：住,,,,01340000
RPTNMLNLMHPFFAO96CC,香中段,.00,都市：住,,,,11890000
RPSOMLQKMHPFFAO17CC,竹蓮段,.00,都市：其他:休閒商務區,,,,00160001
RPXNMLQKMHPFFAO57CC,關東段,.00,都市：商,,,,12270000
RPWOMLQKMHPFFAO57CC,北門段,.00,都市：住,,,,20180000
RPQQMLOLMHPFFAO07CC,信義段,.00,都市：住,,,,07450000
RPVNMLNLMHPFFAO17CC,南湖段,.00,非都市：鄉村區 ; 非都市編定：乙種建築用地,,,,04150000
RPSOMLNLMHPFFAO96CC,新港段,.00,都市：住,,,,08640000
RPRQMLOLMHPFFAO17CC,武陵段,.00,都市：住,,,,11270000
RPWOMLRLMHPFFAO77CC,民主段,10.03,都市：住,,,,08450000
RPSOMLSLMHPFFAO47CC,仙宮段,.00,都市：住,,,,00770000
RPROMLRLMHPFFAO27CC,武陵段,.00,都市：住,,,,01760007
RPROMLSLMHPFFAO37CC,康朗段,.00,都市：住,,,,05080000
RPXOMLSLMHPFFAO97CC,成德段,.00,都市：住,,,,02790000
RPSQMLKMMHPFFAO96CC,金山段,.00,都市：住,,,,01360000
RPXOMLTLMHPFFAO08CC,國道段,.00,都市：住,,,,11680000
RPVOMLKMMHPFFAO07CC,東山段一小段,.00,都市：住,,,,04340000
RPVOMLKMMHPFFAO07CC,東山段一小段,.00,都市：其他:第一種住宅區、道路用地,,,,04350000
RPRPMLTLMHPFFAO57CC,光復段,.00,都市：住,,,,13530064
RPQOMLPJNHPFFAO86CC,長春段,.00,都市：其他:科技產業專用區,,,,13410005
RPXOMLPJNHPFFAO57CC,虎山段,.00,非都市：鄉村區 ; 非都市編定：乙種建築用地,,,,07950000
RPOPMLPJNHPFFAO96EC,關東段,.00,都市：住,,,,01100000
RPPPMLPJNHPFFAO07EC,崙子段,.00,都市：住,,,,00230000
RPXPMLQJNHPFFAO97EC,茄苳段,.00,非都市：山坡地保育區 ; 非都市編定：丙種建築用地,,,,01590000
RPWPMLQKMHPFFAO67CC,榮光段三小段,.00,都市：商,,,,00210004
RPWPMLQKMHPFFAO67CC,榮光段三小段,.00,都市：商,,,,00230003
RPWPMLQKMHPFFAO67CC,榮光段三小段,.00,都市：商,,,,00230005
RPPQMLRKMHPFFAO17CC,香中段,.00,都市：住,,,,15120016
RPWSMLLLMHPFFAO57CC,復興段,.00,都市：住,,,,03680000
RPWSMLLLMHPFFAO57CC,復興段,.00,都市：住,,,,03690000
RPWSMLLLMHPFFAO57CC,復興段,.00,都市：住,,,,03740000
RPVPMLMLMHPFFAO27CC,國道段,19.67,都市：住,,,,11090000
RPRPMLLLMHPFFAO76CC,光武段,.00,都市：住,,,,11180000
RPXOMLMLMHPFFAO37CC,光復段,.00,都市：住,,,,12170000
RPVNMLSJNHPFFAO57CC,茄苳段,.00,非都市：山坡地保育區 ; 非都市編定：丙種建築用地,,,,02400000
RPOOMLRJNHPFFAO86CC,榮光段一小段,.00,都市：商,,,,00400000
RPOOMLRJNHPFFAO86CC,榮光段一小段,.00,都市：商,,,,00380002
RPWRMLPJNHPFFAO77CC,長興段,91.50,都市：住,,,,01300000
RPOOMLSJNHPFFAO96CC,國道段,.00,都市：住,,,,05400000
RPOOMLSJNHPFFAO96CC,國道段,.00,都市：工,,,,05400001
RPPOMLRJNHPFFAO96CC,新興段一小段,.00,都市：住,,,,00290000
RPVNMLRJNHPFFAO47CC,光武段,.00,都市：住,,,,11490000
