﻿鄉鎮市區,交易標的,土地位置建物門牌,土地面積平方公尺,都市土地使用分區,非都市土地使用分區,非都市土地使用編定,租賃年月日,租賃筆棟數,租賃層次,總樓層數,建物型態,主要用途,主要建材,建築完成年月,建物總面積平方公尺,建物現況格局-房,建物現況格局-廳,建物現況格局-衛,建物現況格局-隔間,有無管理組織,有無附傢俱,總額元,單價元平方公尺,車位類別,車位面積平方公尺,車位總額元,備註,編號
The villages and towns urban district,transaction sign,land sector position building sector house number plate,land shifting total area square meter,the use zoning or compiles and checks,the non-metropolis land use district,non-metropolis land use,transaction year month and day,transaction pen number,shifting level,total floor number,building state,main use,main building materials,construction to complete the years,building shifting total area,Building present situation pattern - room,building present situation pattern - hall,building present situation pattern - health,building present situation pattern - compartmented,Whether there is manages the organization,Whether there is attaches the furniture,total price NTD,the unit price (NTD / square meter),the berth category,berth shifting total area square meter,the berth total price NTD,the note,serial number
斗六市,房地(土地+建物),雲林縣斗六市國光街130號,115.02,,鄉村區,乙種建築用地,1090212,土地1建物0車位0,全,3,透天厝,住家用,鋼筋混凝土造,0830929,202.12,3,1,3,有,無,無,12000,59,,0.0,0,有附屬家俱:熱水器壹台備註:1.本屋子專為住宅不得飼養家禽.家畜及鴿子2.不得做為倉庫存放物品作生意用以上兩點一經查獲違反使用規定無條件退租並且沒收押租金,RPWNMLNKKHPFFAP07CC
斗六市,房地(土地+建物),雲林縣斗六市石榴路377號一樓,92.04,,特定農業區,甲種建築用地,1090215,土地1建物1車位0,全,4,透天厝,住商用,鋼筋混凝土造,1080610,55.46,0,0,0,無,無,無,10000,180,,0.0,0,,RPSNMLRKKHPFFAP07CC
虎尾鎮,房地(土地+建物),雲林縣虎尾鎮大成街97號,79.5,住,,,1090201,土地1建物0車位0,全,4,透天厝,住家用,鋼筋混凝土造,0900613,201.82,4,3,3,有,無,無,15000,74,,0.0,0,,RPPNMLTLKHPFFDP37CC
斗六市,房地(土地+建物)+車位,雲林縣斗六市南揚街114巷52號五樓,16.17,住,,,1090309,土地1建物1車位1,五層,5,套房(1房1廳1衛),住家用,鋼筋混凝土造,0861031,68.38,1,0,1,有,無,有,7000,102,升降機械,0.0,0,附屬家俱:冷氣1台.冰箱1台.洗衣機1台.熱水器1台.電視1台43吋.電視櫃1組.衣櫥1組.雙人床組1組.書桌椅1組.流理台1組.瓦斯爐1組.沙發茶几1組.排油煙機1組其他:單人床箱*1矮桌*1塑膠椅*1小塑膠椅*1沙發有破損KEY1組備註:出租方同意承租方可漆淺色油漆更換窗型冷氣口PP板3片,RPSNMLKKLHPFFAP09CC
斗六市,房地(土地+建物),雲林縣斗六市國光街132號,102.69,,鄉村區,乙種建築用地,1090122,土地1建物0車位0,全,3,透天厝,住家用,鋼筋混凝土造,0830929,181.57,4,1,3,有,無,無,11000,61,,0.0,0,備註:1.維修部分由承租方負責2.有附熱水器1台3.因備註欄繕寫錯誤撤銷原申報並重新申報,RPRNMLTKLHPFFAP27CC
斗六市,房地(土地+建物),雲林縣斗六市中正路40號,80.0,商,,,1090406,土地1建物1車位0,全,3,透天厝,住商用,鋼筋混凝土造,0541230,210.12,0,1,1,有,無,無,17000,81,,0.0,0,備註:空屋出租,RPVNMLLLMHPFFAP07CC
斗六市,房地(土地+建物),雲林縣斗六市永昌東街8號,74.0,商,,,1090421,土地1建物0車位0,全,2,透天厝,住商用,鋼筋混凝土加強磚造,0681017,111.72,4,1,2,有,無,無,12000,107,,0.0,0,含增建或未登記建物。；頂樓有增建60平方公尺。,RPUOMLOJNHPFFAP27CC
