﻿編號,土地位置,土地移轉面積(平方公尺),使用分區或編定,權利人持分分母,權利人持分分子,移轉情形,地號
The serial number, land position,land shifting area square meter,the use zoning or compiles and checks,,,,land parcel
RPSNMLKKLHPFFAP09CC,大潭段社口小段,16.17,都市：住,,,,01760020
RPWNMLNKKHPFFAP07CC,後庄段,115.02,非都市：鄉村區 ; 非都市編定：乙種建築用地,,,,07670000
RPSNMLRKKHPFFAP07CC,石榴段,92.04,非都市：特定農業區 ; 非都市編定：甲種建築用地,,,,02450030
RPPNMLTLKHPFFDP37CC,平和厝段,79.50,都市：住,,,,04700042
RPVNMLLLMHPFFAP07CC,斗六段,80.00,都市：商,,,,00390143
RPUOMLOJNHPFFAP27CC,大潭段社口小段,42.00,都市：商,,,,00900052
RPRNMLTKLHPFFAP27CC,後庄段,102.69,非都市：鄉村區 ; 非都市編定：乙種建築用地,,,,07680000
RPUOMLOJNHPFFAP27CC,大潭段社口小段,32.00,都市：商,,,,00900059
