﻿編號,土地位置,土地移轉面積(平方公尺),使用分區或編定,權利人持分分母,權利人持分分子,移轉情形,地號
The serial number, land position,land shifting area square meter,the use zoning or compiles and checks,,,,land parcel
RPVNMLLKKHPFFAV17CA,利家段,2933.00,非都市：特定農業區 ; 非都市編定：農牧用地,1,1,全筆移轉,59140000
RPSNMLNKKHPFFAV07CA,豐年段,165.77,都市：其他:道路用地,1,1,全筆移轉,09530039
RPQNMLMKKHPFFCV96CA,水井段,4618.01,非都市：特定農業區 ; 非都市編定：農牧用地,1,1,全筆移轉,11090002
RPQNMLMKKHPFFAV76CA,南清段,109.50,都市：住,1,1,全筆移轉,07520003
RPPNMLOKKHPFFBV96CA,長濱段,115.00,非都市：鄉村區 ; 非都市編定：乙種建築用地,1,1,全筆移轉,05910001
RPTNMLMKKHPFFAV17DA,利家段,151.00,非都市：山坡地保育區 ; 非都市編定：丙種建築用地,1,1,全筆移轉,02850000
RPUNMLNKKHPFFAV37DA,新園段,97.00,非都市：鄉村區 ; 非都市編定：乙種建築用地,1,1,全筆移轉,05560000
RPRNMLLKKHPFFCV07DA,加拿段,403.00,非都市：山坡地保育區 ; 非都市編定：農牧用地,1,1,全筆移轉,04880002
RPPNMLNKKHPFFCV07DA,瑞里段,55.14,非都市：鄉村區 ; 非都市編定：乙種建築用地,1,1,全筆移轉,04460000
RPPNMLNKKHPFFCV07DA,瑞里段,6.93,非都市：鄉村區 ; 非都市編定：乙種建築用地,1,1,全筆移轉,04470000
RPPNMLRLKHPFFCV57DA,新福段,287.88,非都市：一般農業區 ; 非都市編定：農牧用地,1,1,全筆移轉,04380000
RPWNMLOKKHPFFAV67DA,利家段,1716.00,非都市：特定農業區 ; 非都市編定：農牧用地,1,1,全筆移轉,56140000
RPXNMLOKKHPFFAV67CA,龍過脈段,1422.50,非都市：山坡地保育區 ; 非都市編定：農牧用地,1,1,全筆移轉,07800000
RPQNMLOKKHPFFAV96CA,北南王段,92.33,都市：住,1,1,全筆移轉,05940000
RPPNMLOKKHPFFAV86CA,建華段,1067.42,都市：住,1,1,全筆移轉,08410000
RPPNMLOKKHPFFAV86CA,建華段,38.19,都市：其他:道路用地,1,1,全筆移轉,08420000
RPVNMLOKKHPFFAV47CA,台東段,7.92,都市：住,1000,30,持分移轉,15640000
RPTNMLRKKHPFFAV57CA,豐源段,12.29,非都市：特定農業區 ; 非都市編定：農牧用地,15,1,持分移轉,02380000
RPTNMLRKKHPFFAV57CA,豐源段,153.66,非都市：特定農業區 ; 非都市編定：農牧用地,15,1,持分移轉,04380000
RPTNMLRKKHPFFAV57CA,豐源段,191.63,非都市：特定農業區 ; 非都市編定：農牧用地,15,1,持分移轉,04450000
RPVNMLNKKHPFFAV37CA,豐榮段,89.35,都市：住,1,1,全筆移轉,05700001
RPVNMLNKKHPFFAV37CA,豐榮段,5.63,都市：其他:道,1,1,全筆移轉,05730001
RPSNMLMKKHPFFAV96CA,南清段,125.63,都市：住,1,1,全筆移轉,08260013
RPOOMLNKKHPFFAV76CA,利卡夢段,66.96,非都市：鄉村區 ; 非都市編定：乙種建築用地,1,1,全筆移轉,04390000
RPOOMLNKKHPFFAV76CA,利卡夢段,21.23,非都市：鄉村區 ; 非都市編定：乙種建築用地,1,1,全筆移轉,04400000
RPPNMLSKKHPFFDV57CA,北溪段,24.32,都市：商,1,1,全筆移轉,00520000
RPPNMLRLKHPFFDV57CA,秀山段,1195.17,都市：農,12,2,持分移轉,10050000
RPPNMLRLKHPFFDV57CA,秀山段,379.55,都市：農,12,2,持分移轉,10060000
RPQNMLTKKHPFFDV77CA,秀山段,10.39,都市：其他:旅館區,10000,9,持分移轉,07230000
RPQNMLTKKHPFFDV77CA,秀山段,.00,都市：其他:旅館區,10000,9,持分移轉,07230001
RPQNMLPLKHPFFAV17CA,台東段,3.87,都市：商,10000,67,持分移轉,18220000
RPPNMLOKKHPFFCV17DA,瑞和段,882.37,非都市：一般農業區 ; 非都市編定：甲種建築用地,1,1,全筆移轉,03990000
RPQNMLSKKHPFFCV67DA,紅葉段,1811.00,都市：其他:保護區,1,1,全筆移轉,07210000
RPQNMLSKKHPFFCV67DA,紅葉段,17.00,都市：住,1,1,全筆移轉,07210002
RPQNMLSKKHPFFCV67DA,紅葉段,33.00,都市：其他:社教區,1,1,全筆移轉,07210003
RPQNMLSKKHPFFCV67DA,紅葉段,84.00,都市：住,1,1,全筆移轉,07210006
RPRNMLPKKHPFFBV37DA,北都歷段,1445.83,非都市：風景區 ; 非都市編定：農牧用地,1,1,全筆移轉,00420000
RPPNMLPKKHPFFCV17CA,鹿寮段,1665.31,非都市：山坡地保育區 ; 非都市編定：農牧用地,1,1,全筆移轉,02090000
RPPNMLRKKHPFFCV37CA,崁頂段,330.00,非都市：鄉村區 ; 非都市編定：乙種建築用地,1,1,全筆移轉,02820000
RPPNMLRKKHPFFCV37CA,崁頂段,16920.00,非都市：山坡地保育區 ; 非都市編定：農牧用地,1,1,全筆移轉,05250000
RPQNMLPJLHPFFAV07CA,新生段,8.00,都市：住,1,1,全筆移轉,06490001
RPQNMLPJLHPFFAV07CA,新生段,54.00,都市：住,1,1,全筆移轉,06520000
RPQNMLPJLHPFFAV07CA,新生段,392.00,都市：住,1,1,全筆移轉,06530000
RPPNMLPKKHPFFBV07CA,忠仁段,170.19,都市：其他:港埠用地,1,1,全筆移轉,05510000
RPPNMLRKKHPFFBV27CA,都豐段,358.31,非都市：鄉村區 ; 非都市編定：乙種建築用地,1,1,全筆移轉,07190000
RPPNMLPKKHPFFAV96CA,台東段,70.00,都市：住,1,1,全筆移轉,00030097
RPPNMLPKKHPFFAV96CA,台東段,6.00,都市：住,1,1,全筆移轉,00030441
RPQNMLRKKHPFFAV27CA,台東段,56.13,都市：商,10000,264,持分移轉,03320000
RPRNMLRKKHPFFAV37CA,南王段,112.63,都市：住,1,1,全筆移轉,00450005
RPSNMLRKKHPFFAV47CA,豐年段,34.02,都市：農,10000,164,持分移轉,00680000
RPSNMLRKKHPFFAV47CA,豐年段,129.51,都市：農,1,1,全筆移轉,00950000
RPSNMLRKKHPFFAV47CA,豐年段,8.78,都市：農,10000,164,持分移轉,00550001
RPVNMLMKKHPFFAV27CA,東海段,22.69,都市：住,10000,38,持分移轉,01300000
RPVNMLMKKHPFFAV27CA,東海段,1.46,都市：住,10000,38,持分移轉,01300002
RPQNMLNKKHPFFAV86CA,豐里段,101.29,非都市：鄉村區 ; 非都市編定：乙種建築用地,1,1,全筆移轉,08660000
RPQNMLNKKHPFFAV86CA,豐里段,11.67,非都市：鄉村區 ; 非都市編定：乙種建築用地,10,1,持分移轉,08750000
RPSNMLQLKHPFFAV47CA,澱粉段,107.07,非都市：特定農業區 ; 非都市編定：甲種建築用地,1,1,全筆移轉,07310000
RPPNMLRLKHPFFAV27CA,新生段,49.86,都市：住,14,2,持分移轉,09360000
RPTNMLSKKHPFFAV67CA,富岡段,174.48,非都市：鄉村區 ; 非都市編定：乙種建築用地,1,1,全筆移轉,11800000
RPPNMLLLKHPFFAV66CA,梅園段,255.44,非都市：鄉村區 ; 非都市編定：乙種建築用地,1,1,全筆移轉,07390000
RPRNMLSKKHPFFAV47CA,台東段,440.00,都市：住,1,1,全筆移轉,01601050
RPPNMLSKKHPFFAV27CA,台東段,64.50,都市：住,4,3,持分移轉,04420000
RPPNMLSKKHPFFAV27CA,台東段,1.50,都市：住,4,3,持分移轉,04410005
RPPNMLTKKHPFFAV37CA,台東段,94.00,都市：住,1,1,全筆移轉,00010413
RPUNMLTKKHPFFAV87CA,豐航段,73.01,都市：住,1,1,全筆移轉,08460000
RPRNMLKLKHPFFAV76CA,利家段,267.00,非都市：鄉村區 ; 非都市編定：乙種建築用地,1,1,全筆移轉,81250006
RPPNMLTKKHPFFDV67CA,北太麻里段,7050.00,非都市：山坡地保育區 ; 非都市編定：農牧用地,1,1,全筆移轉,00210001
RPQNMLKLKHPFFBV76CA,大濱段宜灣小段,4630.00,非都市：風景區 ; 非都市編定：農牧用地,1,1,全筆移轉,04260000
RPQNMLKLKHPFFBV76CA,大濱段宜灣小段,2880.00,非都市：風景區 ; 非都市編定：農牧用地,1,1,全筆移轉,04300000
RPQNMLKLKHPFFDV96CA,秀山段,10.39,都市：其他:旅館區,10000,9,持分移轉,07230000
RPQNMLKLKHPFFDV96CA,秀山段,.00,都市：其他:旅館區,10000,9,持分移轉,07230001
RPUNMLSKKHPFFAV77CA,中山段,45.00,都市：住,1,1,全筆移轉,02140000
RPUNMLSKKHPFFAV77CA,中山段,3.00,都市：住,1,1,全筆移轉,02150000
RPRNMLSKKHPFFCV77DA,水源段,4449.47,非都市：一般農業區 ; 非都市編定：農牧用地,1,1,全筆移轉,03020000
RPPNMLOJLHPFFCV07CA,大同段,60.55,都市：住,1,1,全筆移轉,03710000
RPVNMLSKKHPFFAV87CA,利家段,3063.00,非都市：特定農業區 ; 非都市編定：農牧用地,1,1,全筆移轉,69360000
RPSNMLSKKHPFFCV87DA,萬福段,3013.28,非都市：特定農業區 ; 非都市編定：農牧用地,1,1,全筆移轉,02540000
RPSNMLTKKHPFFAV67CA,石川段,2500.87,非都市：風景區 ; 非都市編定：農牧用地,1,1,全筆移轉,03690000
RPQNMLTKKHPFFAV47CA,南清段,144.79,都市：住,1,1,全筆移轉,09730014
RPWNMLTKKHPFFAV08CA,台東段,18.00,都市：住,1,1,全筆移轉,01710014
RPWNMLTKKHPFFAV08CA,台東段,61.00,都市：住,1,1,全筆移轉,01710038
RPPNMLKLKHPFFAV56CA,北南王段,179.46,都市：住,1,1,全筆移轉,06350005
RPTNMLTKKHPFFAV77CA,大豐段,2500.00,非都市：特定農業區 ; 非都市編定：農牧用地,1,1,全筆移轉,05700000
RPTNMLTKKHPFFAV77CA,大豐段,4825.62,非都市：特定農業區 ; 非都市編定：農牧用地,1,1,全筆移轉,05700001
RPPNMLMLKHPFFAV76CA,建和段,2804.42,非都市：山坡地保育區 ; 非都市編定：農牧用地,1,1,全筆移轉,08450000
RPRNMLPLKHPFFAV27CA,豐年段,22.46,都市：住,10000,87,持分移轉,00270003
RPSNMLSKKHPFFAV57CA,馬蘭段,100.00,都市：住,1,1,全筆移轉,16960001
RPPNMLOLKHPFFAV96CA,南王段,111.86,都市：住,1,1,全筆移轉,05900005
RPPNMLKLKHPFFDV96DA,荒野段,161.31,非都市：一般農業區 ; 非都市編定：水利用地,1,1,全筆移轉,04840000
RPPNMLKLKHPFFDV96DA,荒野段,1127.16,非都市：一般農業區 ; 非都市編定：農牧用地,1,1,全筆移轉,05010000
RPPNMLKLKHPFFDV96DA,荒野段,154.22,非都市：一般農業區 ; 非都市編定：農牧用地,1,1,全筆移轉,07710000
RPQNMLSKKHPFFAV37CA,南王段,108.26,都市：住,1,1,全筆移轉,05900006
RPTNMLOLKHPFFAV37CA,新田段,87.40,非都市：鄉村區 ; 非都市編定：乙種建築用地,1,1,全筆移轉,06590001
RPSNMLOLKHPFFAV27CA,新田段,86.04,非都市：鄉村區 ; 非都市編定：乙種建築用地,1,1,全筆移轉,06590000
RPPNMLOJLHPFFBV96CA,那界段,1692.13,非都市：風景區 ; 非都市編定：農牧用地,1,1,全筆移轉,02860000
RPPNMLOJLHPFFBV96CA,那界段,1324.26,非都市：風景區 ; 非都市編定：農牧用地,1,1,全筆移轉,02890000
RPPNMLOJLHPFFBV96CA,那界段,858.40,非都市：風景區 ; 非都市編定：農牧用地,1,1,全筆移轉,02900000
RPPNMLOJLHPFFBV96CA,那界段,327.65,非都市：風景區 ; 非都市編定：農牧用地,1,1,全筆移轉,02960001
RPPNMLOJLHPFFBV96CA,那界段,1003.81,非都市：風景區 ; 非都市編定：林業用地,1,1,全筆移轉,02970001
RPPNMLOJLHPFFBV96CA,那界段,4085.21,非都市：風景區 ; 非都市編定：農牧用地,1,1,全筆移轉,03330000
RPPNMLOJLHPFFBV96CA,那界段,3465.01,非都市：風景區 ; 非都市編定：農牧用地,1,1,全筆移轉,03360000
RPPNMLOJLHPFFBV96CA,那界段,1736.63,非都市：風景區 ; 非都市編定：農牧用地,1,1,全筆移轉,03430000
RPPNMLOJLHPFFBV96CA,那界段,2852.50,非都市：風景區 ; 非都市編定：農牧用地,1,1,全筆移轉,03440000
RPXNMLOLKHPFFAV77CA,台東段,69.00,都市：住,1,1,全筆移轉,03390028
RPQNMLKLKHPFFCV96DA,永陵段,7410.00,非都市：山坡地保育區 ; 非都市編定：農牧用地,1,1,全筆移轉,00250000
RPUNMLOLKHPFFAV47CA,台東段,159.00,都市：住,1,1,全筆移轉,01950064
RPPNMLKLKHPFFCV76CA,豐泉段,694.43,都市：住,1,1,全筆移轉,06630000
RPPNMLKLKHPFFCV76CA,豐泉段,1.87,都市：其他:道路用地,1,1,全筆移轉,06640000
RPPNMLKLKHPFFCV76CA,豐泉段,15.74,都市：住,1,1,全筆移轉,07000000
RPPNMLKLKHPFFCV76CA,豐泉段,3.94,都市：住,1,1,全筆移轉,07000001
RPRNMLOLKHPFFAV17CA,南清段,114.38,都市：住,1,1,全筆移轉,05190000
RPWNMLOLKHPFFAV67CA,台東段,150.00,都市：住,1,1,全筆移轉,01950005
RPUNMLPLKHPFFAV57CA,台東段,3.28,都市：商,100000,568,持分移轉,18220000
RPQNMLRLKHPFFAV37CA,台東段,4.50,都市：商,12000,61,持分移轉,05140000
RPVNMLOLKHPFFAV57CA,利家段,111.00,非都市：特定農業區 ; 非都市編定：甲種建築用地,1,1,全筆移轉,77390001
RPQNMLLLKHPFFAV76CA,青林段,136.70,都市：住,1,1,全筆移轉,02090000
RPRNMLQLKHPFFAV47DA,東興段,87.18,非都市：山坡地保育區 ; 非都市編定：丙種建築用地,1,1,全筆移轉,01730000
RPPNMLQLKHPFFBV27CA,北都歷段,499.77,非都市：鄉村區 ; 非都市編定：乙種建築用地,1,1,全筆移轉,11330000
RPPNMLQLKHPFFBV27CA,北都歷段,145.33,非都市：鄉村區 ; 非都市編定：乙種建築用地,1,1,全筆移轉,11340000
RPPNMLQLKHPFFBV27CA,北都歷段,34.14,非都市：鄉村區 ; 非都市編定：交通用地,1,1,全筆移轉,11350000
RPPNMLQLKHPFFBV27CA,北都歷段,100.69,非都市：鄉村區 ; 非都市編定：乙種建築用地,1,1,全筆移轉,11360000
RPPNMLQLKHPFFAV27DA,大南段,8770.00,非都市：山坡地保育區 ; 非都市編定：農牧用地,1,1,全筆移轉,07790000
RPSNMLPLKHPFFAV37CA,路頂段,1493.37,非都市：特定農業區 ; 非都市編定：農牧用地,1,1,全筆移轉,01850000
RPVNMLQLKHPFFAV77CA,台東段,97.00,都市：住,1,1,全筆移轉,16700000
RPTNMLPLKHPFFAV47CA,建興段,3.15,都市：住,10000,50,持分移轉,04120000
RPTNMLPLKHPFFAV47CA,建興段,7.41,都市：住,10000,50,持分移轉,04120002
RPPNMLMJLHPFFAV66CA,永樂段,25.00,都市：住,1,1,全筆移轉,01150006
RPPNMLMJLHPFFAV66CA,永樂段,62.00,都市：住,1,1,全筆移轉,01170001
RPTNMLNJLHPFFAV17CA,德安段,92.50,都市：住,1,1,全筆移轉,02630000
RPPNMLPLKHPFFCV27CA,中福段,116.23,都市：商,1,1,全筆移轉,03550000
RPPNMLOJLHPFFAV86CA,東農段,1.42,都市：住,1,1,全筆移轉,05640001
RPPNMLNKLHPFFDV17CA,正興段,164.89,都市：住,1,1,全筆移轉,00570002
RPPNMLQLKHPFFCV37CA,水源段,83.08,非都市：一般農業區 ; 非都市編定：甲種建築用地,1,1,全筆移轉,06970000
RPQNMLRKLHPFFBV47CA,南河段,192.31,都市：住,1,1,全筆移轉,06150004
RPQNMLRKLHPFFBV47CA,南河段,77.63,都市：住,1,1,全筆移轉,06150005
RPQNMLRKLHPFFBV47CA,南河段,24.52,都市：住,1,1,全筆移轉,06150006
RPQNMLRKLHPFFBV47CA,南河段,24.52,都市：住,1,1,全筆移轉,06150007
RPQNMLRKLHPFFBV47CA,南河段,24.52,都市：住,1,1,全筆移轉,06150008
RPQNMLRKLHPFFBV47CA,南河段,239.43,都市：住,1,1,全筆移轉,05350000
RPQNMLRKLHPFFBV47CA,南河段,166.75,都市：其他:人行步道,1,1,全筆移轉,05360000
RPQNMLRKLHPFFBV47CA,南河段,404.73,都市：其他:人行步道,1,1,全筆移轉,06140000
RPQNMLRKLHPFFBV47CA,南河段,327.48,都市：住,1,1,全筆移轉,06150000
RPQNMLRKLHPFFBV47CA,南河段,158.51,都市：住,1,1,全筆移轉,06150001
RPQNMLRKLHPFFBV47CA,南河段,154.57,都市：住,1,1,全筆移轉,06150002
RPQNMLRKLHPFFBV47CA,南河段,150.63,都市：住,1,1,全筆移轉,06150003
RPPNMLPJLHPFFBV07CA,坪頂段,1000.00,非都市：風景區 ; 非都市編定：農牧用地,1,1,全筆移轉,07850002
RPQNMLKLKHPFFAV66CA,新生段,150.50,都市：住,1,1,全筆移轉,14700002
RPQNMLKLKHPFFAV66CA,新生段,181.00,都市：住,1,1,全筆移轉,14790000
RPTNMLPJLHPFFAV37CA,建康段,93.61,都市：其他:無,1,1,全筆移轉,00350094
RPWNMLQLKHPFFAV87CA,建成段,525.49,都市：住,1,1,全筆移轉,02880000
RPQNMLSLKHPFFAV47CA,永清段,41.61,都市：住,1,1,全筆移轉,04060000
RPRNMLSLKHPFFAV57CA,永清段,610.06,都市：住,1,1,全筆移轉,04030000
RPRNMLSLKHPFFAV57CA,永清段,180.50,都市：其他:道路用地,1,1,全筆移轉,04050000
RPQNMLOJLHPFFAV96CA,梧州段,89.41,都市：住,1,1,全筆移轉,02070000
RPWNMLPLLHPFFAV87CA,豐年段,126.43,都市：住,1,1,全筆移轉,09530027
RPXNMLPLLHPFFAV97CA,豐年段,124.43,都市：住,1,1,全筆移轉,09530028
SPXNMLPLLHPFFAV08CA,豐年段,125.21,都市：住,1,1,全筆移轉,09530029
RPPOMLPLLHPFFAV27CA,豐年段,154.64,都市：住,1,1,全筆移轉,09530033
RPOOMLPLLHPFFAV17CA,豐年段,125.99,都市：住,1,1,全筆移轉,09530030
RPQOMLPLLHPFFAV37CA,豐年段,198.20,都市：住,1,1,全筆移轉,09530011
RPSNMLLKLHPFFAV96CA,台東段,.59,都市：農,9000,1,持分移轉,07690004
RPSNMLLKLHPFFAV96CA,台東段,.00,都市：農,9000,1,持分移轉,07690015
RPQNMLOJLHPFFCV17CA,中華東段,1980.10,非都市：一般農業區 ; 非都市編定：農牧用地,1,1,全筆移轉,07650000
RPQNMLOJLHPFFCV17CA,中華東段,1605.31,非都市：一般農業區 ; 非都市編定：農牧用地,1,1,全筆移轉,07660000
RPPNMLMJLHPFFDV96CA,金富段,119.57,非都市：山坡地保育區 ; 非都市編定：丙種建築用地,1,1,全筆移轉,10180000
RPPNMLMJLHPFFDV96CA,金富段,132.45,非都市：山坡地保育區 ; 非都市編定：丙種建築用地,1,1,全筆移轉,10180001
RPPNMLNJLHPFFCV07DA,大埔段,1092.14,都市：農,1,1,全筆移轉,10470002
RPPNMLNKLHPFFBV96CA,東柄段,2641.56,非都市：風景區 ; 非都市編定：農牧用地,1,1,全筆移轉,02810000
RPTNMLOJLHPFFAV27CA,建康段,553.87,都市：農,1,1,全筆移轉,11430001
RPRNMLNJLHPFFAV96CA,豐榮段,129.81,都市：住,1,1,全筆移轉,06530001
RPSNMLOJLHPFFAV17CA,豐源段,5064.71,非都市：特定農業區 ; 非都市編定：農牧用地,1,1,全筆移轉,11010000
RPVNMLLMLHPFFAV47CA,普優瑪段,98.42,都市：住,1,1,全筆移轉,10100007
RPSNMLQJLHPFFBV47CA,和平北段,604.38,非都市：風景區 ; 非都市編定：農牧用地,1,1,全筆移轉,02610000
RPSNMLQJLHPFFBV47CA,和平北段,129.84,非都市：風景區 ; 非都市編定：農牧用地,1,1,全筆移轉,02650000
RPSNMLQJLHPFFBV47CA,和平北段,796.81,非都市：風景區 ; 非都市編定：農牧用地,1,1,全筆移轉,02600000
RPPNMLPJLHPFFAV96CA,自強段,143.94,都市：住,1,1,全筆移轉,02310000
RPPNMLOJLHPFFDV27DA,嘉新段,181.88,非都市：山坡地保育區 ; 非都市編定：交通用地,1,1,全筆移轉,03900000
RPSNMLQKLHPFFAV47CA,台東段,164.00,都市：住,1,1,全筆移轉,00010330
RPSNMLQKLHPFFAV47CA,台東段,80.00,都市：住,1,1,全筆移轉,00020173
RPWNMLQKLHPFFAV87CA,順天段,549.77,都市：農,1,1,全筆移轉,00320000
RPQNMLTJLHPFFBV67DA,新八邊段,47.66,非都市：風景區 ; 非都市編定：丙種建築用地,1,1,全筆移轉,03310001
RPPNMLPJLHPFFDV27CA,秀山段,67.18,非都市：一般農業區 ; 非都市編定：甲種建築用地,1,1,全筆移轉,04600000
RPQNMLKKLHPFFBV76CA,南都蘭段,76.16,非都市：風景區 ; 非都市編定：農牧用地,1,1,全筆移轉,00200001
RPPNMLTJLHPFFAV37CA,光明段,157.00,都市：住,1,1,全筆移轉,02070000
RPSNMLQJLHPFFAV37CA,北南王段,178.78,都市：住,1,1,全筆移轉,02780000
RPPNMLQJLHPFFAV07CA,上岩灣段,79.30,都市：住,100000,924,持分移轉,01980000
RPRNMLQJLHPFFBV37CA,忠勇段,103.16,都市：住,1,1,全筆移轉,07010000
RPRNMLQJLHPFFBV37CA,忠勇段,11.61,都市：住,1,1,全筆移轉,07000000
RPQNMLQJLHPFFCV47DA,月野段,980.00,非都市：特定農業區 ; 非都市編定：農牧用地,1,1,全筆移轉,20270000
RPQNMLQJLHPFFCV47DA,月野段,1530.00,非都市：特定農業區 ; 非都市編定：農牧用地,1,1,全筆移轉,20280000
RPUNMLOJLHPFFAV37CA,建興段,3.15,都市：住,10000,50,持分移轉,04120000
RPUNMLOJLHPFFAV37CA,建興段,7.41,都市：住,10000,50,持分移轉,04120002
RPPNMLMKLHPFFAV76CA,豐年段,165.77,都市：其他:道路用地,1,1,全筆移轉,09530039
RPROMLPLLHPFFAV47CA,豐年段,141.05,都市：住,1,1,全筆移轉,09530037
RPUNMLLMLHPFFAV37CA,普優瑪段,101.43,都市：住,1,1,全筆移轉,10100004
RPPOMLTJLHPFFAV47CA,光明段,107.00,都市：住,1,1,全筆移轉,04000000
RPSOMLTJLHPFFAV77CA,台東段,2.95,都市：商,12000,40,持分移轉,05140000
RPSOMLTJLHPFFAV77CA,台東段,.02,都市：住,12000,40,持分移轉,05140016
RPUNMLMKLHPFFAV27CA,梧州段,425.51,都市：住,1,1,全筆移轉,00790000
RPUNMLMKLHPFFAV27CA,梧州段,380.79,都市：住,1,1,全筆移轉,00840000
RPUNMLMKLHPFFAV27CA,梧州段,1270.38,都市：住,1,1,全筆移轉,02390000
RPUNMLMKLHPFFAV27CA,梧州段,611.88,都市：住,1,1,全筆移轉,02400000
RPRNMLQJLHPFFAV27CA,建國段,106.75,都市：其他:住商用,1,1,全筆移轉,01020000
RPRNMLQJLHPFFAV27CA,建國段,6.25,都市：其他:道路用地,1,1,全筆移轉,01020001
RPQNMLPJLHPFFCV37DA,大埔段,322.96,都市：住,1,1,全筆移轉,01570000
RPPNMLQJLHPFFCV37DA,新廣原段,3587.07,非都市：山坡地保育區 ; 非都市編定：農牧用地,1,1,全筆移轉,05830000
RPPNMLQJLHPFFCV37DA,新廣原段,4120.48,非都市：山坡地保育區 ; 非都市編定：農牧用地,1,1,全筆移轉,05850000
RPUNMLQJLHPFFBV77DA,東河段,18.70,都市：住,1,1,全筆移轉,05830001
RPQNMLTJLHPFFAV57DA,中清段,137.24,都市：住,2,1,持分移轉,02900000
RPQNMLTJLHPFFAV57DA,中清段,1.42,都市：住,4,1,持分移轉,03260000
RPPNMLKKLHPFFBV66CA,南都蘭段,76.16,非都市：風景區 ; 非都市編定：農牧用地,1,1,全筆移轉,00180001
RPOOMLKMLHPFFAV86DA,豐橋段,241.90,都市：農,1,1,全筆移轉,00150001
RPOOMLKMLHPFFAV86DA,豐橋段,261.01,都市：其他:道路用地,1,1,全筆移轉,00150000
RPRNMLRKLHPFFAV47CA,梧州段,92.18,都市：住,1,1,全筆移轉,03310000
RPSOMLPLLHPFFAV57CA,豐年段,156.38,都市：住,1,1,全筆移轉,09530032
RPQNMLRKLHPFFAV37CA,上岩灣段,81.96,都市：住,100000,955,持分移轉,01980000
RPTOMLPLLHPFFAV77DA,豐橋段,1040.75,都市：農,1,1,全筆移轉,00420000
RPTNMLKKLHPFFDV27CA,秀山段,2500.00,非都市：一般農業區 ; 非都市編定：農牧用地,1,1,全筆移轉,03890000
RPQNMLKKLHPFFDV96CA,復興段,8.99,都市：住,5,1,持分移轉,08490000
RPQNMLKKLHPFFDV96CA,復興段,35.03,都市：住,5,1,持分移轉,08500000
RPQNMLKKLHPFFDV96CA,復興段,1.55,都市：其他:道路用地,5,1,持分移轉,08510000
RPQNMLKKLHPFFDV96CA,復興段,41.01,都市：住,5,1,持分移轉,08520000
RPQNMLKKLHPFFDV96CA,復興段,.20,都市：其他:道路用地,5,1,持分移轉,08520001
RPQNMLKKLHPFFDV96CA,復興段,16.41,都市：住,5,1,持分移轉,08530000
RPUNMLKKLHPFFDV37CA,樂山段,2500.01,非都市：山坡地保育區 ; 非都市編定：農牧用地,1,1,全筆移轉,06120000
RPWNMLKKLHPFFDV57CA,樂山段,3000.00,非都市：山坡地保育區 ; 非都市編定：農牧用地,1,1,全筆移轉,06120003
RPVNMLKKLHPFFDV47CA,樂山段,3130.00,非都市：山坡地保育區 ; 非都市編定：農牧用地,1,1,全筆移轉,06120002
RPXNMLKKLHPFFDV67CA,樂山段,2500.00,非都市：山坡地保育區 ; 非都市編定：農牧用地,1,1,全筆移轉,06120004
RPPNMLLKLHPFFDV07DA,南興段,2410.00,非都市：山坡地保育區 ; 非都市編定：農牧用地,1,1,全筆移轉,03820000
RPRNMLQKLHPFFBV47CA,東河段,281.16,都市：住,1,1,全筆移轉,02010000
RPRNMLQKLHPFFBV47CA,東河段,23.24,都市：住,1,1,全筆移轉,02010001
RPUNMLTJLHPFFAV87CA,豐富段,69.78,都市：住,1,1,全筆移轉,00900000
RPWNMLTJLHPFFAV08CA,永樂段,156.00,都市：住,1,1,全筆移轉,00560000
RPSNMLQKLHPFFBV57CA,東河段,37.04,都市：住,1,1,全筆移轉,02010002
RPXNMLTJLHPFFAV18CA,常德段,155.49,都市：住,1,1,全筆移轉,07760009
RPROMLTJLHPFFAV67CA,馬蘭段,303.00,都市：住,1,1,全筆移轉,15660000
RPPNMLKKLHPFFAV56CA,自強段,73.00,都市：住,1,1,全筆移轉,00740000
RPQNMLKKLHPFFAV66CA,永清段,142.40,都市：住,1,1,全筆移轉,09250002
RPSNMLKKLHPFFAV86CA,明峰段,2571.17,非都市：山坡地保育區 ; 非都市編定：農牧用地,1,1,全筆移轉,03030000
RPRNMLKKLHPFFAV76CA,梅園段,124.03,非都市：鄉村區 ; 非都市編定：乙種建築用地,1,1,全筆移轉,08260000
RPUOMLPLLHPFFAV77CA,豐年段,110.17,都市：住,1,1,全筆移轉,09530034
RPTOMLTJLHPFFAV87CA,龍過脈段,6257.39,非都市：山坡地保育區 ; 非都市編定：農牧用地,1,1,全筆移轉,03770000
RPTOMLTJLHPFFAV87CA,龍過脈段,1058.80,非都市：山坡地保育區 ; 非都市編定：農牧用地,1,1,全筆移轉,03920000
RPVNMLLKLHPFFAV27CA,興安段,133.69,都市：住,1,1,全筆移轉,00730000
RPPNMLLKLHPFFAV66CA,興安段,112.06,都市：住,1,1,全筆移轉,02090000
RPXNMLNKLHPFFAV67CA,豐榮段,4.48,都市：住,1,1,全筆移轉,00890002
RPXNMLNKLHPFFAV67CA,豐榮段,143.60,都市：住,1,1,全筆移轉,00900026
RPOOMLTJLHPFFAV37CA,自強段,24.48,都市：住,10000,138,持分移轉,07170000
RPRNMLKKLHPFFBV86CA,萬年段,2852.00,非都市：風景區 ; 非都市編定：農牧用地,1,1,全筆移轉,02310001
RPPNMLTJLHPFFDV77DA,西勢湖段,2230.00,非都市：山坡地保育區 ; 非都市編定：農牧用地,1,1,全筆移轉,06320000
RPPNMLTJLHPFFDV77DA,西勢湖段,4650.00,非都市：山坡地保育區 ; 非都市編定：農牧用地,1,1,全筆移轉,06350000
RPTNMLLMLHPFFAV27CA,普優瑪段,98.56,都市：住,1,1,全筆移轉,10100005
RPPNMLKMLHPFFBV86CA,忠仁段,284.30,都市：住,2,1,持分移轉,05680000
RPPNMLKMLHPFFBV86CA,忠仁段,3.52,都市：住,2,1,持分移轉,05690001
RPPNMLKKLHPFFDV96DA,金灣段,2727.50,非都市：山坡地保育區 ; 非都市編定：農牧用地,4,1,持分移轉,03850000
RPPNMLKKLHPFFCV86DA,牧野段,1626.58,非都市：特定農業區 ; 非都市編定：農牧用地,1,1,全筆移轉,01260000
RPPNMLKKLHPFFCV86DA,牧野段,1005.61,非都市：特定農業區 ; 非都市編定：農牧用地,1,1,全筆移轉,01480000
RPQNMLMKLHPFFAV96DA,利吉段,2650.00,非都市：山坡地保育區 ; 非都市編定：農牧用地,1,1,全筆移轉,01940001
RPQNMLMKLHPFFAV96DA,利吉段,3212.65,非都市：山坡地保育區 ; 非都市編定：農牧用地,1,1,全筆移轉,01940002
RPSNMLKKLHPFFDV17CA,秀山段,8.08,都市：其他:出租旅館區,10000,7,持分移轉,07230000
RPSNMLKKLHPFFDV17CA,秀山段,.00,都市：其他:道路用地,10000,7,持分移轉,07230001
RPOOMLKKLHPFFDV86CA,樂山段,5535.46,非都市：山坡地保育區 ; 非都市編定：農牧用地,1,1,全筆移轉,01980000
RPOOMLKKLHPFFDV86CA,樂山段,6083.46,非都市：山坡地保育區 ; 非都市編定：農牧用地,1,1,全筆移轉,02000000
RPOOMLKKLHPFFDV86CA,樂山段,3715.26,非都市：山坡地保育區 ; 非都市編定：農牧用地,1,1,全筆移轉,02080000
RPOOMLKKLHPFFDV86CA,樂山段,4988.68,非都市：山坡地保育區 ; 非都市編定：農牧用地,1,1,全筆移轉,02100000
RPOOMLKKLHPFFDV86CA,樂山段,3717.17,非都市：山坡地保育區 ; 非都市編定：農牧用地,1,1,全筆移轉,02120000
RPOOMLKKLHPFFDV86CA,樂山段,4483.02,非都市：山坡地保育區 ; 非都市編定：農牧用地,1,1,全筆移轉,02130000
RPOOMLKKLHPFFDV86CA,樂山段,576.72,非都市：山坡地保育區 ; 非都市編定：農牧用地,1,1,全筆移轉,02400000
RPOOMLKKLHPFFDV86CA,樂山段,837.17,非都市：山坡地保育區 ; 非都市編定：農牧用地,1,1,全筆移轉,02460000
RPOOMLKKLHPFFDV86CA,樂山段,4500.21,非都市：山坡地保育區 ; 非都市編定：農牧用地,1,1,全筆移轉,02500000
RPOOMLKKLHPFFDV86CA,樂山段,10956.18,非都市：山坡地保育區 ; 非都市編定：農牧用地,1,1,全筆移轉,02590000
RPOOMLKKLHPFFDV86CA,樂山段,960.03,非都市：山坡地保育區 ; 非都市編定：農牧用地,1,1,全筆移轉,02610000
RPOOMLKKLHPFFDV86CA,樂山段,5750.95,非都市：山坡地保育區 ; 非都市編定：農牧用地,1,1,全筆移轉,02830000
RPPNMLPKLHPFFDV37CA,金星段,4900.00,非都市：山坡地保育區 ; 非都市編定：農牧用地,1,1,全筆移轉,02810000
RPQNMLKKLHPFFCV96DA,福原段,121.53,都市：住,1,1,全筆移轉,04300000
RPPNMLQKLHPFFBV27CA,萬年段,66.00,非都市：鄉村區 ; 非都市編定：乙種建築用地,1,1,全筆移轉,05520000
RPVNMLMKLHPFFAV37CA,馬蘭段,72.69,都市：其他:市場用地,1000,38,持分移轉,17750000
RPRNMLMKLHPFFAV96CA,中心段,861.00,都市：商,1,1,全筆移轉,12680000
RPRNMLMKLHPFFAV96CA,中心段,63.00,都市：商,1,1,全筆移轉,12680001
RPQNMLLLLHPFFAV86CA,富岡段,60.31,非都市：鄉村區 ; 非都市編定：乙種建築用地,1,1,全筆移轉,10710000
RPXNMLMKLHPFFAV57CA,新生段,16.85,都市：住,10000,287,持分移轉,01590000
RPPNMLLLLHPFFAV76CA,富岡段,333.85,非都市：鄉村區 ; 非都市編定：乙種建築用地,1,1,全筆移轉,10670000
RPPOMLLKLHPFFAV76CA,永清段,150.75,都市：住,1,1,全筆移轉,04350003
RPPNMLNKLHPFFAV86CA,台東段,130.50,都市：商,2,1,持分移轉,05130026
RPVOMLPLLHPFFAV87CA,豐年段,111.08,都市：住,1,1,全筆移轉,09530035
RPXNMLLKLHPFFAV47CA,台東段,3.17,都市：商,12000,43,持分移轉,05140000
RPXNMLLKLHPFFAV47CA,台東段,.02,都市：商,12000,43,持分移轉,05140016
RPOOMLNKLHPFFAV86CA,富岡南段,115.09,非都市：鄉村區 ; 非都市編定：乙種建築用地,1,1,全筆移轉,12670003
RPPOMLKMLHPFFAV86CA,永清段,3.90,都市：住,1,1,全筆移轉,00340007
RPPOMLKMLHPFFAV86CA,永清段,3.13,都市：住,1,1,全筆移轉,00340008
RPPOMLKMLHPFFAV86CA,永清段,418.99,都市：住,1,1,全筆移轉,00350000
RPPOMLKMLHPFFAV86CA,永清段,3.66,都市：住,1,1,全筆移轉,00410001
RPPOMLKMLHPFFAV86CA,永清段,2.39,都市：住,1,1,全筆移轉,02500000
RPPOMLKMLHPFFAV86CA,永清段,18.04,都市：住,1,1,全筆移轉,02500001
RPPOMLKMLHPFFAV86CA,永清段,12.47,都市：住,1,1,全筆移轉,02500002
RPPOMLKMLHPFFAV86CA,永清段,12.62,都市：住,1,1,全筆移轉,02610000
RPPOMLKMLHPFFAV86CA,永清段,53.55,都市：住,1,1,全筆移轉,02610001
RPPOMLKMLHPFFAV86CA,永清段,13.21,都市：住,1,1,全筆移轉,02610005
RPWNMLMKLHPFFAV47CA,建成段,25.63,都市：商,1000,160,持分移轉,01100000
RPPNMLQLLHPFFBV37CA,萬年段,248.00,非都市：鄉村區 ; 非都市編定：乙種建築用地,1,1,全筆移轉,06090000
RPPNMLRKLHPFFBV37CA,小湊段美山小段,1690.00,非都市：風景區 ; 非都市編定：農牧用地,1,1,全筆移轉,08900000
RPPNMLRKLHPFFBV37CA,小湊段美山小段,1800.00,非都市：風景區 ; 非都市編定：農牧用地,1,1,全筆移轉,08910000
RPPNMLQKLHPFFDV47CA,秀山段,10.39,都市：其他:出租旅館區,10000,9,持分移轉,07230000
RPPNMLQKLHPFFDV47CA,秀山段,.00,都市：其他:道路用地,10000,9,持分移轉,07230001
RPRNMLQLLHPFFDV87DA,笆札筏段,14.05,非都市：鄉村區 ; 非都市編定：乙種建築用地,1,1,全筆移轉,04800000
RPRNMLQLLHPFFDV87DA,笆札筏段,329.79,非都市：鄉村區 ; 非都市編定：乙種建築用地,1,1,全筆移轉,04810000
RPPNMLNLLHPFFAV07DA,豐年段,55.96,都市：住,1,1,全筆移轉,02270000
RPPNMLTJLHPFFCV57CA,萬朝段,4311.33,非都市：一般農業區 ; 非都市編定：農牧用地,1,1,全筆移轉,01500000
RPPNMLTJLHPFFCV57CA,萬朝段,927.94,非都市：一般農業區 ; 非都市編定：農牧用地,1,1,全筆移轉,01510000
RPPNMLTJLHPFFCV57CA,萬朝段,300.61,非都市：一般農業區 ; 非都市編定：農牧用地,1,1,全筆移轉,01520000
RPPNMLTJLHPFFCV57CA,萬朝段,242.38,非都市：一般農業區 ; 非都市編定：農牧用地,1,1,全筆移轉,01660000
RPPNMLPJLHPFFCV17CA,豐泉段,89.72,都市：住,1,1,全筆移轉,01080001
RPPNMLPJLHPFFCV17CA,豐泉段,22.15,都市：住,1,1,全筆移轉,01070004
RPPNMLPJLHPFFCV17CA,豐泉段,116.63,都市：住,1,1,全筆移轉,01070005
RPPNMLNKLHPFFCV07CA,萬福段,2881.85,非都市：特定農業區 ; 非都市編定：農牧用地,1,1,全筆移轉,10780000
RPPNMLMKLHPFFDV07CA,北橋段,11.70,都市：住,1,1,全筆移轉,08600002
RPPNMLQKLHPFFCV37CA,隆興段,7809.86,非都市：一般農業區 ; 非都市編定：農牧用地,1,1,全筆移轉,05950000
RPVNMLQKLHPFFAV77CA,豐年段,867.50,都市：住,1,1,全筆移轉,09850000
RPVNMLQKLHPFFAV77CA,豐年段,1092.57,都市：住,1,1,全筆移轉,09850001
RPVNMLQKLHPFFAV77CA,豐年段,290.09,都市：住,1,1,全筆移轉,09880000
RPVNMLQKLHPFFAV77CA,豐年段,1263.54,都市：其他:道路用地,1,1,全筆移轉,09850004
RPVNMLQKLHPFFAV77CA,豐年段,127.01,都市：其他:道路用地,10000,3615,持分移轉,09880003
RPWOMLPLLHPFFAV97CA,豐年段,111.99,都市：住,1,1,全筆移轉,09530036
RPSNMLRKLHPFFAV57CA,永和段,94.54,都市：商,1,1,全筆移轉,08810000
RPSNMLRKLHPFFAV57CA,永和段,35.75,都市：其他:道路用地,1,1,全筆移轉,08840002
RPPOMLQKLHPFFAV27CA,德安段,3089.95,都市：住,1,1,全筆移轉,02900000
RPPOMLQKLHPFFAV27CA,德安段,151.54,都市：其他:道,1,1,全筆移轉,02900001
RPPOMLQKLHPFFAV27CA,德安段,27.57,都市：其他:道,1,1,全筆移轉,02900003
RPPOMLQKLHPFFAV27CA,德安段,12.91,都市：住,1,1,全筆移轉,02910001
RPPOMLQKLHPFFAV27CA,德安段,113.31,都市：其他:道,1,1,全筆移轉,02910002
RPOOMLQKLHPFFAV17CA,德安段,787.26,都市：住,1,1,全筆移轉,02900004
RPQNMLNKLHPFFBV07CA,南都歷段,2721.16,非都市：風景區 ; 非都市編定：農牧用地,1,1,全筆移轉,08720000
RPPNMLOKLHPFFBV07CA,萬年段,326.00,非都市：風景區 ; 非都市編定：丙種建築用地,1,1,全筆移轉,13930000
RPPNMLRKLHPFFDV57CA,蘭里段,69.41,非都市：鄉村區 ; 非都市編定：乙種建築用地,1,1,全筆移轉,10220000
RPPNMLSKLHPFFDV67CA,北橋段,2500.03,非都市：山坡地保育區 ; 非都市編定：農牧用地,1,1,全筆移轉,00170000
RPUNMLQKLHPFFAV77DA,梅園段,88.00,非都市：鄉村區 ; 非都市編定：乙種建築用地,1,1,全筆移轉,04700000
RPRNMLTJMHPFFBV87DA,新港段新港小段,989.00,非都市：風景區 ; 非都市編定：農牧用地,1,1,全筆移轉,03250000
RPRNMLTJMHPFFBV87DA,新港段新港小段,3351.00,非都市：風景區 ; 非都市編定：農牧用地,1,1,全筆移轉,03260000
RPRNMLTJMHPFFBV87DA,新港段新港小段,6397.00,非都市：風景區 ; 非都市編定：農牧用地,1,1,全筆移轉,06850001
RPRNMLTJMHPFFBV87DA,新港段新港小段,4856.00,非都市：風景區 ; 非都市編定：農牧用地,1,1,全筆移轉,06910001
RPRNMLTJMHPFFBV87DA,新港段新港小段,20125.00,非都市：風景區 ; 非都市編定：農牧用地,1,1,全筆移轉,06920001
RPRNMLTJMHPFFBV87DA,新港段新港小段,2713.00,非都市：風景區 ; 非都市編定：農牧用地,1,1,全筆移轉,06980000
RPRNMLTJMHPFFBV87DA,新港段新港小段,2713.00,非都市：風景區 ; 非都市編定：農牧用地,1,1,全筆移轉,06980001
RPRNMLTJMHPFFBV87DA,新港段新港小段,2712.00,非都市：風景區 ; 非都市編定：農牧用地,1,1,全筆移轉,06980002
RPRNMLTJMHPFFBV87DA,新港段新港小段,2712.00,非都市：風景區 ; 非都市編定：農牧用地,1,1,全筆移轉,06980003
RPRNMLTJMHPFFBV87DA,新港段新港小段,2712.00,非都市：風景區 ; 非都市編定：農牧用地,1,1,全筆移轉,06980004
RPRNMLTJMHPFFBV87DA,新港段新港小段,2713.00,非都市：風景區 ; 非都市編定：農牧用地,1,1,全筆移轉,06980005
RPRNMLTJMHPFFBV87DA,新港段新港小段,7730.00,非都市：風景區 ; 非都市編定：農牧用地,1,1,全筆移轉,07010000
RPQNMLSKLHPFFDV87DA,秀山段,10.39,都市：其他:出租旅館區,10000,9,持分移轉,07230000
RPQNMLSKLHPFFDV87DA,秀山段,.00,都市：其他:道路用地,10000,9,持分移轉,07230001
RPTNMLSKLHPFFDV18DA,復興段,409.10,都市：住,1,1,全筆移轉,05040000
RPTNMLSKLHPFFDV18DA,復興段,60.83,都市：其他:道路用地,1,1,全筆移轉,05030000
RPSNMLSKLHPFFDV08DA,復興段,816.09,都市：住,1,1,全筆移轉,05090000
RPQOMLLMLHPFFAV07CA,自強段,81.00,都市：住,1,1,全筆移轉,00650000
RPQNMLRKLHPFFCV57CA,大埔段,258.81,都市：住,1,1,全筆移轉,08350002
RPPNMLKMLHPFFCV96CA,福原段,42.09,都市：農,10,3,持分移轉,09210000
RPPNMLKMLHPFFCV96CA,福原段,116.00,都市：住,10,3,持分移轉,09220000
RPPNMLKMLHPFFCV96CA,福原段,54.35,都市：住,10,3,持分移轉,09230000
RPPNMLKMLHPFFCV96CA,福原段,123.15,都市：住,10,3,持分移轉,09240000
RPPNMLKMLHPFFCV96CA,福原段,52.42,都市：住,10,3,持分移轉,09250000
RPPNMLKMLHPFFCV96CA,福原段,6.72,都市：住,10,3,持分移轉,09260000
RPPNMLKMLHPFFCV96CA,福原段,339.79,都市：住,10,3,持分移轉,09270000
RPPNMLKMLHPFFCV96CA,福原段,47.86,都市：住,10,3,持分移轉,09280000
RPPNMLKMLHPFFCV96CA,福原段,117.92,都市：住,10,3,持分移轉,09350000
RPPNMLKMLHPFFCV96CA,福原段,29.99,都市：住,10,3,持分移轉,09360000
RPPNMLTKLHPFFBV57CA,小湊段小港小段,4270.00,非都市：風景區 ; 非都市編定：農牧用地,1,1,全筆移轉,05790000
RPQNMLSKLHPFFCV77DA,和平段,16.74,非都市：鄉村區 ; 非都市編定：乙種建築用地,1,1,全筆移轉,07020001
RPQNMLTKLHPFFBV77DA,成功段,168.91,都市：住,1,1,全筆移轉,00860000
RPPNMLLMLHPFFCV17DA,瑞里段,4654.75,非都市：一般農業區 ; 非都市編定：農牧用地,1,1,全筆移轉,05810000
RPQNMLKLLHPFFAV76CA,上岩灣段,74.13,都市：住,1,1,全筆移轉,01310000
RPPNMLKLLHPFFAV66CA,利家段,11.00,非都市：特定農業區 ; 非都市編定：甲種建築用地,1,1,全筆移轉,75150005
RPPNMLKLLHPFFAV66CA,利家段,312.00,非都市：特定農業區 ; 非都市編定：甲種建築用地,1,1,全筆移轉,75150012
RPQNMLOLLHPFFAV17CA,豐年段,94.75,都市：住,1,1,全筆移轉,09480022
RPRNMLOLLHPFFAV27CA,豐年段,94.64,都市：住,1,1,全筆移轉,09480023
RPSNMLRLIIPFFBV67DA,那界段,308.13,非都市：風景區 ; 非都市編定：丙種建築用地,1,1,全筆移轉,03350001
RPSNMLRLIIPFFBV67DA,那界段,8551.68,非都市：風景區 ; 非都市編定：農牧用地,1,1,全筆移轉,03370000
RPSNMLRLIIPFFBV67DA,那界段,415.43,非都市：風景區 ; 非都市編定：丙種建築用地,1,1,全筆移轉,03370001
RPSNMLRLIIPFFBV67DA,那界段,5066.10,非都市：風景區 ; 非都市編定：農牧用地,1,1,全筆移轉,03790000
RPSNMLRLIIPFFBV67DA,那界段,2391.04,非都市：風景區 ; 非都市編定：農牧用地,1,1,全筆移轉,03800000
RPSNMLRLIIPFFBV67DA,那界段,1159.29,非都市：風景區 ; 非都市編定：農牧用地,1,1,全筆移轉,03810000
RPSNMLRLIIPFFBV67DA,那界段,214.20,非都市：風景區 ; 非都市編定：丙種建築用地,1,1,全筆移轉,04370001
RPRNMLKLLHPFFAV86CA,利家段,318.00,非都市：鄉村區 ; 非都市編定：乙種建築用地,1,1,全筆移轉,74870000
RPTNMLKLLHPFFAV07CA,南清段,1357.11,都市：農,1,1,全筆移轉,00150000
RPWOMLNJQHPFFAV18DA,豐年段,18.00,都市：住,10000,36,持分移轉,00270000
RPXOMLPLLHPFFAV08CA,豐年段,126.78,都市：住,1,1,全筆移轉,09530031
RPTNMLOLLHPFFAV47CA,豐年段,95.98,都市：住,1,1,全筆移轉,09480025
RPOOMLQLLHPFFAV27CA,常德段,155.40,都市：住,1,1,全筆移轉,07760000
RPWNMLQLLHPFFAV97CA,德安段,22.88,都市：住,30000,183,持分移轉,00630000
RPWNMLQLLHPFFAV97CA,德安段,.16,都市：其他:道,30000,183,持分移轉,00630001
RPWNMLQLLHPFFAV97CA,德安段,2.11,都市：其他:道,30000,183,持分移轉,00630002
RPWNMLQLLHPFFAV97CA,德安段,.04,都市：其他:道,30000,183,持分移轉,00630003
RPXNMLQLLHPFFAV08CA,常德段,166.84,都市：住,1,1,全筆移轉,07760010
RPPOMLQLLHPFFAV37CA,常德段,287.17,都市：住,1,1,全筆移轉,06590000
RPTNMLPLLHPFFAV57CA,興安段,102.85,都市：住,1,1,全筆移轉,00280014
RPUNMLPLLHPFFAV67CA,興安段,105.03,都市：住,1,1,全筆移轉,00280015
RPQNMLSKLHPFFAV47CA,建華段,3388.65,都市：農,1,1,全筆移轉,12040000
RPPNMLSKLHPFFAV37CA,東海段,20.30,都市：住,10000,34,持分移轉,01300000
RPPNMLSKLHPFFAV37CA,東海段,1.31,都市：其他:人行步道用地,10000,34,持分移轉,01300002
RPTNMLSKLHPFFAV77CA,岩灣段,1307.74,都市：其他:車站專用區,1,1,全筆移轉,02200000
RPSNMLSKLHPFFAV67CA,岩灣段,128.53,都市：商,1,1,全筆移轉,02070001
RPSNMLSKLHPFFAV67CA,岩灣段,351.14,都市：商,1,1,全筆移轉,02090000
RPPNMLTKLHPFFAV47CA,新生段,861.00,都市：農,1,1,全筆移轉,16920003
RPPNMLTKLHPFFAV47CA,新生段,3150.00,都市：農,1,1,全筆移轉,16930000
RPRNMLSKLHPFFAV57CA,自強段,112.00,都市：住,1,1,全筆移轉,05200000
RPTNMLRKLHPFFAV67CA,台東段,53.60,都市：住,100000,830,持分移轉,25640000
RPVNMLPLLHPFFAV77CA,興安段,103.41,都市：住,1,1,全筆移轉,00280013
RPPNMLKMLHPFFAV76CA,豐年段,102.99,都市：住,1,1,全筆移轉,09480003
RPPNMLKMLHPFFAV76CA,豐年段,18.37,都市：住,4,1,持分移轉,09480010
RPPNMLKMLHPFFAV76CA,豐年段,9.84,都市：住,1,1,全筆移轉,10980001
RPPNMLNLLHPFFBV17DA,加走灣段,1056.30,非都市：風景區 ; 非都市編定：農牧用地,1,1,全筆移轉,04340002
RPVNMLQLLHPFFDV18CA,秀山段,4.62,都市：其他:出租旅館區,10000,4,持分移轉,07230000
RPVNMLQLLHPFFDV18CA,秀山段,.00,都市：其他:道路用地,10000,4,持分移轉,07230001
RPPNMLTKLHPFFDV77CA,秀山段,7.72,都市：其他:出租旅館,10000,24,持分移轉,07280000
RPWNMLQLLHPFFDV28CA,秀山段,4.62,都市：其他:出租旅館區,10000,4,持分移轉,07230000
RPWNMLQLLHPFFDV28CA,秀山段,.00,都市：其他:道路用地,10000,4,持分移轉,07230001
RPWNMLQJMHPFFAV87CA,富岡段,.91,非都市：鄉村區 ; 非都市編定：交通用地,1,1,全筆移轉,10860001
RPWNMLQJMHPFFAV87CA,富岡段,5.90,非都市：鄉村區 ; 非都市編定：交通用地,1,1,全筆移轉,12430001
RPWNMLQJMHPFFAV87CA,富岡段,19.85,非都市：鄉村區 ; 非都市編定：交通用地,1,1,全筆移轉,12450001
RPWNMLQJMHPFFAV87CA,富岡段,6.18,非都市：鄉村區 ; 非都市編定：交通用地,1,1,全筆移轉,12530001
RPPNMLOLLHPFFBV17CA,三民段,321.13,都市：住,1,1,全筆移轉,06500000
RPQNMLQLLHPFFAV37CA,常德段,24.34,都市：商,10000,190,持分移轉,06970000
RPWNMLKMLHPFFAV47CA,旭川段,3000.00,非都市：特定農業區 ; 非都市編定：農牧用地,1,1,全筆移轉,07060000
RPSNMLQLLHPFFAV57CA,台東段,73.00,都市：商,1,1,全筆移轉,00950002
RPSNMLQLLHPFFAV57CA,台東段,51.00,都市：商,1,1,全筆移轉,00960001
RPSNMLQLLHPFFAV57CA,台東段,38.00,都市：商,1,1,全筆移轉,00970000
RPSNMLQLLHPFFAV57CA,台東段,5.00,都市：商,1,1,全筆移轉,00970012
RPSNMLQLLHPFFAV57CA,台東段,3.00,都市：商,1,1,全筆移轉,00970017
RPPOMLOLLHPFFAV17CA,台東段,99.00,都市：住,1,1,全筆移轉,01600439
RPPOMLOLLHPFFAV17CA,台東段,85.00,都市：住,1,1,全筆移轉,01600471
RPPOMLOLLHPFFAV17CA,台東段,5.00,都市：住,1,1,全筆移轉,01600829
RPWNMLTKLHPFFAV18CA,上岩灣段,110.61,都市：住,3,2,持分移轉,06290000
RPWNMLTKLHPFFAV18CA,上岩灣段,4.58,都市：住,3,2,持分移轉,06480002
RPUNMLTKLHPFFAV97CA,常德段,134.46,都市：住,1,1,全筆移轉,02980000
RPXNMLTKLHPFFAV28CA,南榮段,155.58,都市：住,1,1,全筆移轉,10790001
RPSNMLOLLHPFFAV37CA,豐年段,61.22,都市：住,1,1,全筆移轉,08250000
RPSNMLNLLHPFFAV27CA,利泰段,3373.67,非都市：特定農業區 ; 非都市編定：農牧用地,1,1,全筆移轉,11040000
RPQNMLNLLHPFFAV07CA,中清段,113.09,都市：住,1,1,全筆移轉,02420004
RPWNMLOLLHPFFAV77CA,台東段,77.26,都市：商,100000,1050,持分移轉,03470000
RPWNMLOLLHPFFAV77CA,台東段,.06,都市：其他:道路用地,100000,1050,持分移轉,03470052
RPWNMLOLLHPFFAV77CA,台東段,.03,都市：其他:道路用地,100000,1050,持分移轉,03470053
RPOOMLOLLHPFFAV07CA,馬蘭段,44.25,都市：住,10000,598,持分移轉,14510000
RPTNMLKMLHPFFAV17CA,豐年段,97.53,都市：住,1,1,全筆移轉,09480024
RPQNMLPLLHPFFDV57CA,秀山段,8.36,都市：其他:出租旅館區,10000,26,持分移轉,07280000
RPRNMLNLLHPFFAV27DA,東興段,3850.00,非都市：山坡地保育區 ; 非都市編定：農牧用地,1,1,全筆移轉,02490000
RPPNMLNLLHPFFDV37DA,復興段,74.02,都市：其他:道路用地,1,1,全筆移轉,05100000
RPQNMLOLLHPFFBV27CA,萬年段,314.00,非都市：鄉村區 ; 非都市編定：乙種建築用地,1,1,全筆移轉,11560004
RPPNMLNLLHPFFCV17CA,鹿寮段,2700.00,非都市：山坡地保育區 ; 非都市編定：農牧用地,1,1,全筆移轉,03730000
RPPNMLNLLHPFFCV17CA,鹿寮段,1020.83,非都市：山坡地保育區 ; 非都市編定：農牧用地,1,1,全筆移轉,03770000
RPPNMLPLLHPFFCV37CA,水井段,2045.77,非都市：特定農業區 ; 非都市編定：農牧用地,1,1,全筆移轉,07440003
RPPNMLRLLHPFFBV57DA,和平南段,1089.97,非都市：風景區 ; 非都市編定：農牧用地,1,1,全筆移轉,01870005
RPSNMLPLLHPFFAV47CA,下南寮段,144.37,都市：其他:保護區,1,1,全筆移轉,10880000
RPPNMLOLLHPFFDV37CA,秀山段,6.53,都市：其他:旅館區,100000,105,持分移轉,06590003
RPUNMLOLLHPFFAV57CA,旭川段,139.46,非都市：鄉村區 ; 非都市編定：乙種建築用地,1,1,全筆移轉,03720000
RPQOMLOLLHPFFAV27CA,新生段,103.00,都市：住,1,1,全筆移轉,10170000
RPROMLOLLHPFFAV37CA,常德段,294.25,都市：住,1,1,全筆移轉,04400000
RPROMLOLLHPFFAV37CA,常德段,167.94,都市：其他:道路用地,1,1,全筆移轉,04410000
RPSOMLOLLHPFFAV47CA,北南王段,2520.63,都市：農,1,1,全筆移轉,04860002
RPPNMLQLLHPFFAV27CA,馬蘭段,12.41,都市：住,10000,259,持分移轉,16850000
RPPNMLQLLHPFFAV27CA,馬蘭段,7.95,都市：住,10000,259,持分移轉,16860000
RPPNMLPLLHPFFAV17CA,東海段,401.71,都市：住,1,1,全筆移轉,04020000
RPSNMLTKLHPFFAV77CA,豐工段,3052.02,都市：工,1,1,全筆移轉,00780000
RPRNMLTKLHPFFAV67CA,台東段,5.31,都市：商,10000,92,持分移轉,18220000
RPTNMLTKLHPFFAV87CA,新生段,13.65,都市：住,10000,55,持分移轉,00440000
RPPNMLLJMHPFFDV96CA,秀山段,10.39,都市：其他:出租旅館區,20000,18,持分移轉,07230000
RPPNMLLJMHPFFDV96CA,秀山段,.00,都市：其他:道路用地,20000,18,持分移轉,07230001
RPPNMLPKMHPFFDV57DA,大鳥段,4900.00,非都市：山坡地保育區 ; 非都市編定：農牧用地,1,1,全筆移轉,09120000
RPQNMLPLLHPFFCV47CA,西莊段,3107.83,非都市：特定農業區 ; 非都市編定：農牧用地,1,1,全筆移轉,10900000
RPUNMLLJMHPFFAV17CA,建業段,166.76,都市：住,1,1,全筆移轉,04760011
RPSNMLQLLHPFFDV97DA,德其段,49.68,都市：住,1,1,全筆移轉,04990000
RPSNMLQLLHPFFDV97DA,德其段,146.79,都市：住,1,1,全筆移轉,05010000
RPQOMLQLLHPFFAV47CA,知本段,136.00,非都市：特定農業區 ; 非都市編定：甲種建築用地,1,1,全筆移轉,77900002
RPSNMLLMLHPFFAV17CA,普優瑪段,110.57,都市：住,1,1,全筆移轉,10100009
RPWNMLLMLHPFFAV57CA,東海段,80.84,都市：住,1,1,全筆移轉,01250003
RPQOMLKMLHPFFAV96CA,豐谷段,17.87,都市：住,1,1,全筆移轉,06800001
RPQOMLKMLHPFFAV96CA,豐谷段,24.84,都市：住,1,1,全筆移轉,06890001
RPQOMLKMLHPFFAV96CA,豐谷段,215.94,都市：住,1,1,全筆移轉,06900000
RPPNMLLMLHPFFAV86CA,煙草間段,116.77,非都市：特定農業區 ; 非都市編定：甲種建築用地,1,1,全筆移轉,01630000
RPRNMLLMLHPFFAV07CA,普優瑪段,110.12,都市：住,1,1,全筆移轉,10100008
RPQNMLLMLHPFFAV96CA,普優瑪段,109.54,都市：住,1,1,全筆移轉,10100002
RPPOMLRLLHPFFAV47CA,利家段,92.00,非都市：鄉村區 ; 非都市編定：乙種建築用地,1,1,全筆移轉,74880064
RPTOMLQLLHPFFAV77CA,岩灣段,1381.22,都市：商,1,1,全筆移轉,02000000
RPUNMLRLLHPFFAV87CA,豐年段,3.50,都市：住,10000,7,持分移轉,00270000
RPOOMLRLLHPFFAV37CA,馬蘭段,109.00,都市：住,1,1,全筆移轉,18360003
RPSNMLRLLHPFFAV67CA,豐年段,.50,都市：住,10000,1,持分移轉,00270000
RPSOMLQLLHPFFAV67CA,中山段,70.00,都市：住,1,1,全筆移轉,09880000
RPPNMLRLLHPFFAV37CA,台東段,74.00,都市：住,1,1,全筆移轉,00040543
RPPOMLLMLHPFFAV96CA,建和段,93.93,都市：住,1,1,全筆移轉,14000000
RPPNMLRLLHPFFCV67DA,鹿寮段,1067.44,非都市：鄉村區 ; 非都市編定：乙種建築用地,1,1,全筆移轉,10690000
RPVNMLKMLHPFFAV47DA,台東段,23.25,都市：住,20000,309,持分移轉,20080000
RPQNMLRLLHPFFCV67CA,福文段,24.27,都市：商,1,1,全筆移轉,07120000
RPQNMLRLLHPFFCV67CA,福文段,33.03,都市：商,1,1,全筆移轉,07130000
RPQNMLLMLHPFFBV07CA,都豐段,6430.64,非都市：風景區 ; 非都市編定：農牧用地,1,1,全筆移轉,10730000
RPXNMLKMLHPFFAV67DA,旭川段,10.05,非都市：鄉村區 ; 非都市編定：乙種建築用地,1,1,全筆移轉,03530000
RPXNMLKMLHPFFAV67DA,旭川段,98.24,非都市：鄉村區 ; 非都市編定：乙種建築用地,1,1,全筆移轉,03540000
RPQNMLRKMHPFFAV47CA,豐年段,107.78,都市：住,1,1,全筆移轉,09430024
RPSNMLRKMHPFFAV67CA,德安段,1170.59,都市：住,1,1,全筆移轉,02390000
RPSNMLRKMHPFFAV67CA,德安段,41.10,都市：住,1,1,全筆移轉,02390001
RPSNMLRKMHPFFAV67CA,德安段,3.64,都市：其他:道,1,1,全筆移轉,02400000
RPSNMLRKMHPFFAV67CA,德安段,.19,都市：住,1,1,全筆移轉,02400001
RPPNMLLJMHPFFAV66CA,建業段,189.23,都市：住,1,1,全筆移轉,04760014
RPQNMLKKMHPFFBV86CA,濱海段,22.79,都市：商,16,4,持分移轉,05900000
RPQNMLKKMHPFFBV86CA,濱海段,35.61,都市：商,16,4,持分移轉,06100000
RPQNMLLJMHPFFAV76CA,建業段,128.49,都市：住,1,1,全筆移轉,04760007
RPPNMLNLMHPFFAV07CA,馬蘭段,217.00,都市：住,1,1,全筆移轉,14690000
RPRNMLKLMHPFFAV96CA,山里段,819.17,非都市：特定農業區 ; 非都市編定：農牧用地,3342,842,持分移轉,02400000
RPSNMLLJMHPFFAV96CA,建業段,131.36,都市：住,1,1,全筆移轉,04760009
RPRNMLLJMHPFFAV86CA,建業段,129.94,都市：住,1,1,全筆移轉,04760008
RPXNMLRLLHPFFAV18CA,利家段,89.00,非都市：特定農業區 ; 非都市編定：甲種建築用地,1,1,全筆移轉,75900043
RPTNMLLJMHPFFAV07CA,建業段,132.62,都市：住,1,1,全筆移轉,04760010
RPQNMLKMLHPFFAV86CA,台東段,74.00,都市：住,1,1,全筆移轉,19660000
RPSNMLKMLHPFFAV07CA,梧州段,95.36,都市：住,1,1,全筆移轉,01420000
RPXNMLLMLHPFFAV67CA,南王段,115.66,都市：住,1,1,全筆移轉,05900003
RPOOMLLMLHPFFAV86CA,南王段,113.74,都市：住,1,1,全筆移轉,05900004
RPPNMLLJMHPFFBV76CA,城仔埔段,1500.18,非都市：風景區 ; 非都市編定：農牧用地,1,1,全筆移轉,02170000
RPPNMLMJMHPFFAV76CA,上源段,72.54,非都市：山坡地保育區 ; 非都市編定：丙種建築用地,1,1,全筆移轉,02380000
RPRNMLRKMHPFFAV57CA,常德段,64.15,都市：住,1,1,全筆移轉,10440001
RPRNMLRKMHPFFAV57CA,常德段,101.54,都市：住,1,1,全筆移轉,10450000
RPRNMLRKMHPFFAV57CA,常德段,86.45,都市：住,1,1,全筆移轉,10460000
RPRNMLRKMHPFFAV57CA,常德段,13.17,都市：住,1,1,全筆移轉,10460002
RPRNMLRKMHPFFAV57CA,常德段,2767.58,都市：住,1,1,全筆移轉,10470000
RPPNMLLMLHPFFBV96CA,城仔埔段,3000.00,非都市：風景區 ; 非都市編定：農牧用地,1,1,全筆移轉,01730002
RPPNMLMLMHPFFBV07CA,東河段,2.02,都市：住,1,1,全筆移轉,05640000
RPPNMLMLMHPFFBV07CA,東河段,33.15,都市：住,1,1,全筆移轉,05640001
RPPNMLMLMHPFFBV07CA,東河段,51.51,都市：住,1,1,全筆移轉,05640002
RPPNMLMLMHPFFBV07CA,東河段,121.01,都市：住,1,1,全筆移轉,05640003
RPPNMLMLMHPFFBV07CA,東河段,147.67,都市：住,1,1,全筆移轉,05640004
RPPNMLMLMHPFFBV07CA,東河段,179.17,都市：住,1,1,全筆移轉,05640005
RPPNMLMLMHPFFBV07CA,東河段,193.46,都市：住,1,1,全筆移轉,05640006
RPPNMLMLMHPFFBV07CA,東河段,219.50,都市：住,1,1,全筆移轉,05640007
RPPNMLMLMHPFFBV07CA,東河段,1118.18,都市：住,1,1,全筆移轉,05640008
RPPNMLMLMHPFFBV07CA,東河段,168.48,都市：其他:道路用地,1,1,全筆移轉,06160002
RPPNMLMLMHPFFBV07CA,東河段,377.01,都市：農,1,1,全筆移轉,06190000
RPPNMLNJMHPFFAV86CA,馬蘭段,434.00,都市：住,1,1,全筆移轉,18530002
RPQNMLNJMHPFFAV96CA,馬蘭段,310.00,都市：住,1,1,全筆移轉,18530003
RPRNMLLJMHPFFCV07CA,月野段,1253.00,非都市：特定農業區 ; 非都市編定：農牧用地,1,1,全筆移轉,12370000
RPRNMLLJMHPFFCV07CA,月野段,3515.00,非都市：特定農業區 ; 非都市編定：農牧用地,1,1,全筆移轉,12390000
RPRNMLNKMHPFFCV37CA,坪頂段,3281.94,非都市：山坡地保育區 ; 非都市編定：農牧用地,1,1,全筆移轉,05120000
RPQNMLLJMHPFFCV96CA,水井段,85.82,非都市：鄉村區 ; 非都市編定：乙種建築用地,1,1,全筆移轉,10590000
RPRNMLNJMHPFFAV07CA,馬蘭段,53.00,都市：住,1,1,全筆移轉,18620004
RPRNMLNJMHPFFAV07CA,馬蘭段,101.00,都市：住,1,1,全筆移轉,18620001
RPSNMLNJMHPFFAV17CA,馬蘭段,445.00,都市：住,1,1,全筆移轉,18530000
RPSNMLNJMHPFFAV17CA,馬蘭段,1.00,都市：其他:道路用地,1,1,全筆移轉,18530001
RPPNMLQJMHPFFAV17CA,岩灣段,111.85,都市：住,1,1,全筆移轉,02740000
RPPNMLQJMHPFFAV17CA,岩灣段,111.85,都市：住,1,1,全筆移轉,02740001
RPRNMLQJMHPFFAV37CA,台東段,60.00,都市：住,1,1,全筆移轉,06290007
RPUNMLQJMHPFFAV67CA,興安段,106.67,都市：住,1,1,全筆移轉,00280001
RPROMLLMLHPFFAV17CA,澱粉段,2502.01,非都市：特定農業區 ; 非都市編定：農牧用地,1,1,全筆移轉,03720000
RPQNMLRJMHPFFAV37CA,東谷段,135.89,都市：住,1,1,全筆移轉,01840000
RPWNMLKLLHPFFAV37CA,公?西段,75.62,都市：住,1,1,全筆移轉,10640000
RPWNMLKLLHPFFAV37CA,公?西段,9.46,都市：農,1,1,全筆移轉,10640001
RPWNMLKLLHPFFAV37CA,公?西段,222.57,都市：農,1,1,全筆移轉,10650000
RPXNMLKLLHPFFAV47CA,公?西段,345.02,都市：農,1,1,全筆移轉,10660000
RPRNMLNLMHPFFAV27CA,豐田段,72.20,都市：其他:道路用地,40,2,持分移轉,13600000
RPRNMLNLMHPFFAV27CA,豐田段,67.50,都市：住,40,2,持分移轉,13600001
RPRNMLNLMHPFFAV27CA,豐田段,40.40,都市：其他:道路用地,40,2,持分移轉,13600002
RPRNMLNLMHPFFAV27CA,豐田段,11.95,都市：其他:道路用地,40,2,持分移轉,13600003
RPRNMLNLMHPFFAV27CA,豐田段,.85,都市：其他:道路用地,40,2,持分移轉,13600004
RPRNMLNLMHPFFAV27CA,豐田段,1.00,都市：住,40,2,持分移轉,13600005
RPRNMLNLMHPFFAV27CA,豐田段,4.05,都市：其他:公園兼兒童遊樂場用地,40,2,持分移轉,13600006
RPUNMLKLLHPFFAV17CA,常德段,14.24,都市：住,10000,75,持分移轉,07520000
RPQNMLQJMHPFFAV27CA,泰安段,37.57,非都市：鄉村區 ; 非都市編定：乙種建築用地,3,1,持分移轉,05060000
RPQNMLQJMHPFFAV27CA,泰安段,117.01,非都市：鄉村區 ; 非都市編定：乙種建築用地,1,1,全筆移轉,05090000
RPTNMLQJMHPFFAV57CA,德安段,2500.02,都市：農,1,1,全筆移轉,03860000
RPTNMLQJMHPFFAV57CA,德安段,1500.01,都市：農,1,1,全筆移轉,03880000
RPTNMLQJMHPFFAV57CA,德安段,1500.00,都市：農,1,1,全筆移轉,03890000
RPTNMLQJMHPFFAV57CA,德安段,1523.61,都市：農,1,1,全筆移轉,03910000
RPRNMLKKMHPFFAV86CA,大業段,91.18,都市：住,1,1,全筆移轉,00300000
RPQNMLRJMHPFFBV47CA,忠仁段,7.80,都市：其他:公設地,1,1,全筆移轉,07620000
RPQNMLRJMHPFFBV47CA,忠仁段,98.32,都市：商,1,1,全筆移轉,07630000
SPQNMLRJMHPFFBV57CA,忠仁段,4.76,都市：其他:公設地,1,1,全筆移轉,07600000
SPQNMLRJMHPFFBV57CA,忠仁段,75.38,都市：商,1,1,全筆移轉,07610000
RPPNMLNKMHPFFCV17CA,電光段,1740.05,非都市：特定農業區 ; 非都市編定：農牧用地,1,1,全筆移轉,03060000
RPPNMLNKMHPFFCV17CA,電光段,5730.23,非都市：特定農業區 ; 非都市編定：農牧用地,1,1,全筆移轉,03070000
RPPNMLNKMHPFFCV17CA,電光段,1021.10,非都市：特定農業區 ; 非都市編定：農牧用地,1,1,全筆移轉,03080000
RPTNMLSJMHPFFAV87DA,利泰段,297.65,非都市：特定農業區 ; 非都市編定：農牧用地,1,1,全筆移轉,02600000
RPRNMLOKMHPFFAV37DA,豐源段,620.92,非都市：特定農業區 ; 非都市編定：農牧用地,4,1,持分移轉,07310000
RPRNMLOKMHPFFAV37DA,豐源段,1055.13,非都市：特定農業區 ; 非都市編定：農牧用地,4,1,持分移轉,07480000
RPRNMLOKMHPFFAV37DA,豐源段,1200.26,非都市：特定農業區 ; 非都市編定：農牧用地,4,1,持分移轉,07490000
RPRNMLOKMHPFFAV37DA,豐源段,441.08,非都市：特定農業區 ; 非都市編定：農牧用地,4,1,持分移轉,08090000
RPRNMLOKMHPFFAV37DA,豐源段,187.82,非都市：特定農業區 ; 非都市編定：農牧用地,4,1,持分移轉,07500000
RPRNMLOKMHPFFAV37DA,豐源段,691.38,非都市：特定農業區 ; 非都市編定：農牧用地,4,1,持分移轉,08050000
RPRNMLOKMHPFFAV37DA,豐源段,775.51,非都市：特定農業區 ; 非都市編定：農牧用地,4,1,持分移轉,08070000
RPPNMLQJMHPFFCV47DA,隆盛段,206.78,非都市：特定農業區 ; 非都市編定：甲種建築用地,1,1,全筆移轉,10970000
RPSNMLQJMHPFFAV47CA,豐里段,104.65,非都市：特定農業區 ; 非都市編定：甲種建築用地,1,1,全筆移轉,06240000
RPTNMLLJNHPFFAV17CA,豐成段,276.27,非都市：特定農業區 ; 非都市編定：甲種建築用地,1,1,全筆移轉,01740000
RPXNMLRJMHPFFAV08CA,豐榮段,74.00,都市：住,1,1,全筆移轉,09170000
RPRNMLRJMHPFFAV47CA,東海段,14.93,都市：住,10000,25,持分移轉,01300000
RPRNMLRJMHPFFAV47CA,東海段,.96,都市：住,10000,25,持分移轉,01300002
RPSNMLSJMHPFFAV67CA,豐年段,35.06,都市：住,1,1,全筆移轉,09420004
RPSNMLSJMHPFFAV67CA,豐年段,80.84,都市：住,1,1,全筆移轉,09430004
RPQNMLSJMHPFFAV47CA,利卡夢段,727.02,非都市：鄉村區 ; 非都市編定：乙種建築用地,1,1,全筆移轉,04950000
RPSNMLRJMHPFFAV57CA,南榮段,68.54,都市：住,1,1,全筆移轉,08750000
RPSNMLRJMHPFFAV57CA,南榮段,40.63,都市：住,1,1,全筆移轉,08760000
RPUNMLRJMHPFFAV77CA,利家段,244.80,非都市：特定農業區 ; 非都市編定：農牧用地,1000,170,持分移轉,73870000
RPPOMLRJMHPFFAV37CA,台東段,20.50,都市：住,2,1,持分移轉,00010270
RPPOMLRJMHPFFAV37CA,台東段,20.50,都市：住,2,1,持分移轉,00010270
RPPOMLRJMHPFFAV37CA,台東段,25.50,都市：住,2,1,持分移轉,00010273
RPPOMLRJMHPFFAV37CA,台東段,25.50,都市：住,2,1,持分移轉,00010273
RPPOMLRJMHPFFAV37CA,台東段,10.00,都市：住,2,1,持分移轉,00010348
RPPOMLRJMHPFFAV37CA,台東段,10.00,都市：住,2,1,持分移轉,00010348
RPVNMLRJMHPFFAV87CA,台東段,68.00,都市：住,2,1,持分移轉,00041130
RPVNMLRJMHPFFAV87CA,台東段,68.00,都市：住,2,1,持分移轉,00041130
RPTNMLRJMHPFFAV67CA,中心段,83.00,都市：住,1,1,全筆移轉,02000000
RPRNMLSJMHPFFAV57CA,東興段,6.86,非都市：鄉村區 ; 非都市編定：乙種建築用地,1,1,全筆移轉,05950003
RPVNMLQJMHPFFAV77CA,台東段,11.22,都市：住,100000,693,持分移轉,00040009
RPRNMLTJMHPFFAV67CA,梧州段,130.18,都市：住,1,1,全筆移轉,02160000
RPPNMLTJMHPFFAV47CA,豐年段,23.75,都市：住,10000,92,持分移轉,00270003
RPOOMLRJMHPFFAV27CA,馬蘭段,139.00,都市：住,1,1,全筆移轉,18280000
RPVNMLTJMHPFFAV08CA,台東段,272.00,都市：住,1,1,全筆移轉,00250195
RPTNMLTJMHPFFAV87CA,永豐段,11.27,都市：住,1,1,全筆移轉,03520000
RPTNMLTJMHPFFAV87CA,永豐段,36.36,都市：住,1,1,全筆移轉,03530000
RPTNMLNLMHPFFAV47CA,豐工段,4665.45,都市：工,1,1,全筆移轉,00350000
RPTNMLNLMHPFFAV47CA,豐工段,23.04,都市：工,1,1,全筆移轉,00350001
RPTNMLNLMHPFFAV47CA,豐工段,4911.55,都市：工,1,1,全筆移轉,00360000
RPTNMLNLMHPFFAV47CA,豐工段,42.13,都市：工,1,1,全筆移轉,00360001
RPTNMLNLMHPFFAV47CA,豐工段,57.16,都市：工,1,1,全筆移轉,00360002
RPTNMLNLMHPFFAV47CA,豐工段,68.75,都市：工,1,1,全筆移轉,00360003
RPTNMLNLMHPFFAV47CA,豐工段,1394.72,都市：工,1,1,全筆移轉,00370000
RPTNMLNLMHPFFAV47CA,豐工段,821.60,都市：工,1,1,全筆移轉,00370001
RPTNMLNLMHPFFAV47CA,豐工段,1918.01,都市：工,1,1,全筆移轉,00370002
RPTNMLNLMHPFFAV47CA,豐工段,2121.18,都市：工,1,1,全筆移轉,00380000
RPTNMLNLMHPFFAV47CA,豐工段,329.64,都市：工,1,1,全筆移轉,00390000
RPTNMLNLMHPFFAV47CA,豐工段,3795.18,都市：工,1,1,全筆移轉,00390001
RPTNMLNLMHPFFAV47CA,豐工段,10.01,都市：工,1,1,全筆移轉,00390002
RPTNMLNLMHPFFAV47CA,豐工段,1804.80,都市：工,1,1,全筆移轉,00400000
RPTNMLNLMHPFFAV47CA,豐工段,1128.42,都市：工,1,1,全筆移轉,00410000
RPTNMLNLMHPFFAV47CA,豐工段,2794.72,都市：工,1,1,全筆移轉,00510000
RPTNMLNLMHPFFAV47CA,豐工段,1984.01,都市：工,1,1,全筆移轉,00510001
RPPNMLSJMHPFFAV37CA,順天段,2649.55,都市：農,1,1,全筆移轉,05720001
RPUNMLTLMHPFFAV18CA,台東段,.90,都市：住,1,1,全筆移轉,00030772
RPPNMLSJMHPFFDV67CA,秀山段,10.39,都市：其他:出租旅館區,10000,9,持分移轉,07230000
RPPNMLSJMHPFFDV67CA,秀山段,.00,都市：其他:道路用地,10000,9,持分移轉,07230001
RPPNMLKKMHPFFDV96CA,蘭里段,52.00,非都市：特定農業區 ; 非都市編定：交通用地,1,1,全筆移轉,02060000
RPPNMLKKMHPFFDV96CA,蘭里段,3838.65,非都市：特定農業區 ; 非都市編定：農牧用地,1,1,全筆移轉,02080000
RPQNMLQKMHPFFCV57CA,龍田段,86.06,都市：住,1,1,全筆移轉,04410000
RPQNMLQKMHPFFCV57CA,龍田段,617.24,都市：住,1,1,全筆移轉,04510000
RPSNMLKKMHPFFCV17CA,月野段,5680.00,非都市：一般農業區 ; 非都市編定：農牧用地,1,1,全筆移轉,24120000
RPPNMLTJMHPFFCV67CA,豐泉段,11.02,都市：住,1,1,全筆移轉,08570000
RPPNMLTJMHPFFCV67CA,豐泉段,55.23,都市：住,1,1,全筆移轉,08580000
RPPNMLKKMHPFFAV66CA,台東段,10.08,都市：住,10000,67,持分移轉,20080000
RPUNMLTJMHPFFAV97CA,中清段,170.61,都市：住,1,1,全筆移轉,02180000
RPUNMLTJMHPFFAV97CA,中清段,295.93,都市：住,1,1,全筆移轉,02190000
RPUNMLTJMHPFFAV97CA,中清段,1.75,都市：住,1,1,全筆移轉,02300000
RPSNMLOLMHPFFAV47CA,豐利段,113.90,都市：農,1,1,全筆移轉,06950000
RPQNMLOKMHPFFAV17CA,利家段,95.00,非都市：特定農業區 ; 非都市編定：甲種建築用地,1,1,全筆移轉,75860018
RPPNMLLKMHPFFAV76CA,建業段,82.92,都市：住,1,1,全筆移轉,07290030
RPPNMLLKMHPFFAV76CA,建業段,29.64,都市：其他:道路用地,1000,50,持分移轉,07340001
RPQNMLTJMHPFFAV57CA,旭川段,101.09,非都市：鄉村區 ; 非都市編定：乙種建築用地,1,1,全筆移轉,02090000
RPQNMLNKMHPFFAV07CA,建康段,2631.68,非都市：特定農業區 ; 非都市編定：農牧用地,1,1,全筆移轉,04570000
RPPNMLNKMHPFFAV96CA,建成段,115.40,都市：商,1,1,全筆移轉,01890000
RPSNMLTJMHPFFAV77CA,台東段,48.00,都市：住,1,1,全筆移轉,01600808
RPSNMLTJMHPFFAV77CA,台東段,2.00,都市：住,1,1,全筆移轉,01601122
RPSNMLNKMHPFFAV27CA,中山段,69.00,都市：住,1,1,全筆移轉,08380000
RPTNMLNKMHPFFAV37CA,台東段,83.00,都市：商,1,1,全筆移轉,03270091
RPUNMLNKMHPFFAV47CA,中山段,95.00,都市：住,1,1,全筆移轉,11010000
RPQNMLKKMHPFFAV76CA,台東段,111.00,都市：住,1,1,全筆移轉,00040595
RPWNMLQKMHPFFAV97CA,利泰段,2629.10,非都市：山坡地保育區 ; 非都市編定：農牧用地,1,1,全筆移轉,02500000
RPPNMLKKMHPFFBV76CA,新竹湖段,2672.91,非都市：風景區 ; 非都市編定：農牧用地,1,1,全筆移轉,09100000
RPPNMLNKMHPFFDV27CA,大鳥段,11372.00,非都市：山坡地保育區 ; 非都市編定：農牧用地,1,1,全筆移轉,01430000
RPPNMLKKMHPFFCV96DA,鹿寮段,427.94,非都市：山坡地保育區 ; 非都市編定：丙種建築用地,1,1,全筆移轉,03200000
RPQNMLNKMHPFFCV37DA,紅葉段,620.00,都市：其他:保護區,1,1,全筆移轉,05230000
RPRNMLKKMHPFFDV17CA,荒野段,3261.03,非都市：一般農業區 ; 非都市編定：農牧用地,1,1,全筆移轉,07540001
RPTNMLOKMHPFFAV47CA,台東段,117.00,都市：商,1,1,全筆移轉,04050001
RPTNMLOKMHPFFAV47CA,台東段,54.00,都市：商,1,1,全筆移轉,04060001
RPUNMLOKMHPFFAV57CA,建康段,2699.92,都市：農,1,1,全筆移轉,10820000
RPUNMLOKMHPFFAV57CA,建康段,886.36,都市：農,1,1,全筆移轉,10860000
RPUNMLOKMHPFFAV57CA,建康段,1137.31,都市：農,1,1,全筆移轉,10870000
RPUNMLOKMHPFFAV57CA,建康段,3235.79,都市：農,1,1,全筆移轉,10880000
RPUNMLOKMHPFFAV57CA,建康段,481.41,都市：農,1,1,全筆移轉,10930000
RPQNMLKKMHPFFDV07CA,荒野段,3261.03,非都市：一般農業區 ; 非都市編定：農牧用地,1,1,全筆移轉,07540000
RPVNMLOKMHPFFAV67CA,建興段,2747.33,非都市：一般農業區 ; 非都市編定：農牧用地,1,1,全筆移轉,07290001
RPQNMLSLMHPFFCV87CA,新福段,3352.82,非都市：一般農業區 ; 非都市編定：農牧用地,1,1,全筆移轉,09550001
RPVNMLTLMHPFFAV28CA,岩灣段,132.07,都市：住,1,1,全筆移轉,00470000
RPPNMLSLMHPFFCV77CA,新福段,4100.00,非都市：一般農業區 ; 非都市編定：農牧用地,1,1,全筆移轉,09550000
RPRNMLLLMHPFFAV17DA,馬蘭段,44.25,都市：住,10000,598,持分移轉,14510000
RPPNMLPKMHPFFCV47DA,隆興段,829.63,非都市：一般農業區 ; 非都市編定：農牧用地,2,1,持分移轉,04050000
RPPNMLPKMHPFFCV47DA,隆興段,946.30,非都市：一般農業區 ; 非都市編定：農牧用地,2,1,持分移轉,04140001
RPPNMLPKMHPFFCV47DA,隆興段,2764.84,非都市：一般農業區 ; 非都市編定：農牧用地,2,1,持分移轉,04150000
RPPNMLQKMHPFFAV27CA,知本段,2265.00,非都市：特定農業區 ; 非都市編定：農牧用地,1,1,全筆移轉,82940000
RPVNMLQKMHPFFAV87CA,興安段,641.48,都市：住,1,1,全筆移轉,02540000
RPVNMLQKMHPFFAV87CA,興安段,305.87,都市：住,1,1,全筆移轉,02540001
RPVNMLQKMHPFFAV87CA,興安段,1227.95,都市：住,1,1,全筆移轉,02550000
RPUNMLQKMHPFFAV77CA,中山段,87.00,都市：住,1,1,全筆移轉,07720000
RPQNMLPKMHPFFAV27CA,利泰段,2973.48,非都市：山坡地保育區 ; 非都市編定：農牧用地,1,1,全筆移轉,02780000
RPPNMLPKMHPFFAV17CA,豐成段,3980.07,非都市：特定農業區 ; 非都市編定：農牧用地,1,1,全筆移轉,06920000
RPSNMLOKMHPFFAV37CA,常德段,715.95,都市：其他:道,100000,21902,持分移轉,10540000
RPSNMLOKMHPFFAV37CA,常德段,2608.34,都市：住,1,1,全筆移轉,10550000
RPSNMLOKMHPFFAV37CA,常德段,446.13,都市：住,1,1,全筆移轉,10560000
RPSNMLOKMHPFFAV37CA,常德段,150.02,都市：其他:道,100000,32847,持分移轉,10570000
RPSNMLOKMHPFFAV37CA,常德段,104.00,都市：其他:道,100000,20005,持分移轉,10580000
RPSNMLOKMHPFFAV37CA,常德段,151.74,都市：住,1,1,全筆移轉,10590000
RPSNMLOKMHPFFAV37CA,常德段,434.24,都市：住,1,1,全筆移轉,10600000
RPSNMLOKMHPFFAV37CA,常德段,21.37,都市：住,1,1,全筆移轉,10610000
RPSNMLOKMHPFFAV37CA,常德段,76.20,都市：其他:道,100000,27883,持分移轉,10620000
RPSNMLOKMHPFFAV37CA,常德段,170.43,都市：其他:道,100000,50000,持分移轉,10630000
RPSNMLPKMHPFFAV47CA,利家段,96.00,非都市：特定農業區 ; 非都市編定：甲種建築用地,1,1,全筆移轉,75900077
RPRNMLPKMHPFFAV37CA,建成段,184.32,都市：住,1,1,全筆移轉,03250000
RPSNMLQKMHPFFAV57CA,利家段,36.00,非都市：鄉村區 ; 非都市編定：交通用地,1,1,全筆移轉,83670000
RPSNMLQKMHPFFAV57CA,利家段,472.00,非都市：鄉村區 ; 非都市編定：乙種建築用地,1,1,全筆移轉,83680000
RPRNMLQKMHPFFAV47CA,利家段,131.00,非都市：鄉村區 ; 非都市編定：乙種建築用地,1,1,全筆移轉,83750000
RPSNMLKMMHPFFAV17CA,豐年段,739.13,都市：住,1,1,全筆移轉,10770000
RPSNMLKMMHPFFAV17CA,豐年段,351.11,都市：其他:道,1,1,全筆移轉,10770001
RPPNMLRKMHPFFCV67DA,西莊段,10.53,非都市：特定農業區 ; 非都市編定：農牧用地,1,1,全筆移轉,04170000
RPPNMLQKMHPFFDV67DA,復興段,315.59,都市：住,1,1,全筆移轉,12490000
RPQNMLQKMHPFFAV37CA,台東段,43.74,都市：住,10000,417,持分移轉,20380000
RPOOMLQKMHPFFAV27CA,豐年段,28.20,都市：住,10000,61,持分移轉,00270007
RPROMLQKMHPFFAV57CA,大豐段,1020.01,非都市：特定農業區 ; 非都市編定：農牧用地,1,1,全筆移轉,08620000
RPPOMLQKMHPFFAV37CA,普優瑪段,98.89,都市：住,1,1,全筆移轉,10100006
RPPNMLKLMHPFFAV76CA,德安段,310.43,都市：住,1,1,全筆移轉,02660000
RPPNMLKLMHPFFAV76CA,德安段,13.46,都市：其他:道,1,1,全筆移轉,02660001
RPPNMLRKMHPFFAV37CA,中山段,77.00,都市：住,1,1,全筆移轉,10170000
RPQNMLKLMHPFFAV86CA,知本段,2160.00,非都市：特定農業區 ; 非都市編定：農牧用地,1,1,全筆移轉,79220001
RPSNMLKLMHPFFAV07CA,石山段,8555.00,非都市：風景區 ; 非都市編定：農牧用地,1,1,全筆移轉,03480001
RPTNMLKLMHPFFAV17CA,上南寮段,196.86,都市：農,2,1,持分移轉,02510000
RPTNMLKLMHPFFAV17CA,新中寮段,297.64,都市：農,2,1,持分移轉,09380000
RPUNMLKLMHPFFAV27CA,新生段,16.85,都市：住,10000,287,持分移轉,01590000
RPRNMLMLMHPFFAV17CA,建本段,96.78,都市：住,1,1,全筆移轉,15760000
RPOOMLLJNHPFFCV96CA,中福段,328.24,都市：住,1,1,全筆移轉,06120000
RPOOMLLJNHPFFCV96CA,中福段,31.55,都市：住,1,1,全筆移轉,06140000
RPOOMLLJNHPFFCV96CA,中福段,53.22,都市：住,1,1,全筆移轉,06160000
RPOOMLLJNHPFFCV96CA,中福段,23.74,都市：住,1,1,全筆移轉,06170000
RPOOMLLJNHPFFCV96CA,中福段,22.53,都市：住,1,1,全筆移轉,06180000
RPOOMLLJNHPFFCV96CA,中福段,18.58,都市：其他:道路用地,1,1,全筆移轉,06260000
RPOOMLLJNHPFFCV96CA,中福段,70.56,都市：住,1,1,全筆移轉,06270000
RPVNMLLLMHPFFAV47CA,岩灣段,130.02,都市：住,1,1,全筆移轉,00470003
RPVNMLRJNHPFFAV97CA,建康段,6.15,都市：其他:道路用地,1,1,全筆移轉,14740001
RPVNMLRJNHPFFAV97CA,建康段,86.59,都市：住,1,1,全筆移轉,14740000
RPXNMLOLMHPFFAV08DA,利家段,364.00,非都市：山坡地保育區 ; 非都市編定：農牧用地,10000,1456,持分移轉,02920005
RPUNMLNLMHPFFCV87DA,瑞豐段,34.19,非都市：鄉村區 ; 非都市編定：乙種建築用地,1,1,全筆移轉,08690000
RPUNMLNLMHPFFCV87DA,瑞豐段,84.42,非都市：鄉村區 ; 非都市編定：交通用地,1,1,全筆移轉,08740000
RPUNMLNLMHPFFCV87DA,瑞豐段,629.83,非都市：鄉村區 ; 非都市編定：乙種建築用地,1,1,全筆移轉,08750000
RPXNMLSLMHPFFAV38CA,建華段,1022.57,都市：農,1,1,全筆移轉,08010002
RPXNMLSLMHPFFAV38CA,建華段,132.13,都市：農,12,1,持分移轉,08010006
RPRNMLLKNHPFFAV07CA,台東段,1268.00,都市：住,1,1,全筆移轉,00020049
RPRNMLLKNHPFFAV07CA,台東段,2.00,都市：其他:道路用地,1,1,全筆移轉,00020215
RPPNMLKLMHPFFCV96CA,牧野段,132.24,非都市：一般農業區 ; 非都市編定：甲種建築用地,1,1,全筆移轉,08360002
RPQNMLKLMHPFFCV07CA,牧野段,264.46,非都市：一般農業區 ; 非都市編定：甲種建築用地,1,1,全筆移轉,08360001
RPQNMLMLMHPFFAV07CA,新生段,11.41,都市：住,10000,46,持分移轉,00440000
RPSNMLMLMHPFFAV27CA,南榮段,1244.62,都市：農,1,1,全筆移轉,08010000
RPSNMLMLMHPFFAV27CA,南榮段,1295.90,都市：農,1,1,全筆移轉,08070000
RPSNMLMLMHPFFAV27CA,南榮段,326.90,都市：農,1,1,全筆移轉,08080000
RPSNMLMLMHPFFAV27CA,南榮段,378.42,都市：農,1,1,全筆移轉,08090000
RPTNMLMLMHPFFAV37CA,自強段,73.00,都市：住,1,1,全筆移轉,00870000
RPSNMLLLMHPFFAV17CA,新園段,2707.00,非都市：特定農業區 ; 非都市編定：農牧用地,1,1,全筆移轉,06920000
RPPNMLRJNHPFFBV47CA,小馬東段,2510.51,非都市：風景區 ; 非都市編定：農牧用地,1,1,全筆移轉,00950000
RPRNMLOLMHPFFBV47CA,永福段,3037.66,非都市：風景區 ; 非都市編定：農牧用地,1,1,全筆移轉,09010000
RPPNMLNLMHPFFBV17CA,長光段,553.75,非都市：鄉村區 ; 非都市編定：乙種建築用地,1,1,全筆移轉,00510002
RPPNMLTLMHPFFAV67CA,馬蘭段,2.46,都市：住,10000,70,持分移轉,15680000
RPPNMLTLMHPFFAV67CA,馬蘭段,2.89,都市：住,10000,70,持分移轉,15700000
RPPNMLKLMHPFFDV07CA,秀山段,.00,都市：商,10000,140,持分移轉,09240000
RPSNMLQJNHPFFAV57CA,南王段,1.49,都市：其他:道路用地,1,1,全筆移轉,05770005
RPSNMLQJNHPFFAV57CA,南王段,90.01,都市：住,1,1,全筆移轉,05770004
RPQNMLNLMHPFFCV37CA,和平段,94.76,非都市：鄉村區 ; 非都市編定：乙種建築用地,1,1,全筆移轉,03960000
RPQNMLLLNHPFFDV37CA,北橋段,936.81,都市：住,1,1,全筆移轉,03820000
RPTNMLNLMHPFFCV77DA,龍田段,3240.30,都市：農,1,1,全筆移轉,05880002
RPPNMLMLMHPFFDV27CA,秀山段,8.36,都市：其他:出租旅館區,10000,26,持分移轉,07280000
RPUNMLRLMHPFFAV97CA,上岩灣段,110.05,都市：住,30000,5568,持分移轉,05610000
RPUNMLRLMHPFFAV97CA,上岩灣段,3.42,都市：住,30000,5568,持分移轉,05610001
RPUNMLRLMHPFFAV97CA,上岩灣段,183.75,都市：其他:,30000,5568,持分移轉,05620000
RPUNMLRLMHPFFAV97CA,上岩灣段,29.53,都市：住,30000,5568,持分移轉,05620001
RPUNMLRLMHPFFAV97CA,上岩灣段,39.50,都市：住,30000,5568,持分移轉,05620002
RPUNMLRLMHPFFAV97CA,上岩灣段,110.48,都市：住,30000,5568,持分移轉,05640000
RPUNMLRLMHPFFAV97CA,上岩灣段,63.25,都市：其他:,30000,5568,持分移轉,05640001
RPUNMLRLMHPFFAV97CA,上岩灣段,242.69,都市：住,30000,5568,持分移轉,05820000
RPUNMLOLMHPFFAV67CA,建本段,164.48,都市：住,1,1,全筆移轉,06740000
RPUNMLOLMHPFFAV67CA,建本段,2583.53,都市：住,1,1,全筆移轉,06750000
RPUNMLOLMHPFFAV67CA,建本段,12.36,都市：住,1,1,全筆移轉,06760000
RPPOMLOLMHPFFAV27CA,馬蘭段,6.81,都市：住,10000,194,持分移轉,15680000
RPPOMLOLMHPFFAV27CA,馬蘭段,8.01,都市：住,10000,194,持分移轉,15700000
RPPNMLLLMHPFFDV17CA,金崙段,6360.00,非都市：山坡地保育區 ; 非都市編定：農牧用地,1,1,全筆移轉,19050000
RPVNMLOLMHPFFAV77CA,建成段,185.96,都市：住,4,1,持分移轉,02340002
RPVNMLOLMHPFFAV77CA,建成段,185.96,都市：住,4,1,持分移轉,02340003
RPTNMLOLMHPFFAV57CA,建成段,371.91,都市：住,2,1,持分移轉,02340002
RPTNMLOLMHPFFAV57CA,建成段,371.91,都市：住,2,1,持分移轉,02340003
RPQNMLRLMHPFFAV57CA,梧州段,25.11,都市：其他:道路用地,7000,3498,持分移轉,02430000
RPRNMLNLMHPFFCV57DA,加拿段,899.00,非都市：山坡地保育區 ; 非都市編定：農牧用地,1,1,全筆移轉,04150002
RPRNMLNLMHPFFCV57DA,加拿段,899.00,非都市：山坡地保育區 ; 非都市編定：農牧用地,1,1,全筆移轉,04150003
RPRNMLNLMHPFFCV57DA,加拿段,599.00,非都市：山坡地保育區 ; 非都市編定：農牧用地,1,1,全筆移轉,04150004
RPRNMLNLMHPFFCV57DA,加拿段,714.00,非都市：山坡地保育區 ; 非都市編定：農牧用地,1,1,全筆移轉,04150005
RPPNMLOJNHPFFCV37DA,龍田段,1453.20,都市：住,1,1,全筆移轉,01970000
RPSNMLNLMHPFFCV67DA,萬福段,1370.32,非都市：特定農業區 ; 非都市編定：農牧用地,1,1,全筆移轉,08840000
RPSNMLNLMHPFFCV67DA,萬福段,5493.20,非都市：特定農業區 ; 非都市編定：農牧用地,1,1,全筆移轉,05250000
RPWNMLPJNHPFFAV87CA,建樂段,8.36,都市：住,10000,34,持分移轉,04840000
RPWNMLPJNHPFFAV87CA,建樂段,.02,都市：其他:道,10000,34,持分移轉,04840001
RPQNMLNLMHPFFBV27CA,高原段,84.00,非都市：鄉村區 ; 非都市編定：乙種建築用地,1,1,全筆移轉,06140040
RPRNMLNLMHPFFBV37CA,北八里段,3021.86,非都市：風景區 ; 非都市編定：農牧用地,1,1,全筆移轉,03150000
RPUNMLSLMHPFFDV38CA,北橋段,3686.00,非都市：山坡地保育區 ; 非都市編定：農牧用地,4,2,持分移轉,00410000
RPPNMLOLMHPFFBV27CA,高原段,71.00,非都市：鄉村區 ; 非都市編定：乙種建築用地,1,1,全筆移轉,06140039
RPPNMLOLMHPFFBV27CA,高原段,157.00,非都市：鄉村區 ; 非都市編定：乙種建築用地,1,1,全筆移轉,06140046
RPSNMLNLMHPFFBV47CA,高原段,156.00,非都市：鄉村區 ; 非都市編定：乙種建築用地,1,1,全筆移轉,05920000
RPPNMLNLMHPFFCV27CA,利稻段,390.00,非都市：鄉村區 ; 非都市編定：乙種建築用地,1,1,全筆移轉,03570000
RPPNMLTLMHPFFBV87DA,忠智段,74.71,都市：住,1,1,全筆移轉,06590002
RPPNMLTLMHPFFBV87DA,忠智段,22.39,都市：住,1,1,全筆移轉,06600002
RPQNMLOLMHPFFBV37CA,高原段,372.00,非都市：鄉村區 ; 非都市編定：乙種建築用地,1,1,全筆移轉,06140001
RPUNMLMLMHPFFAV47CA,自強段,850.01,都市：住,1,1,全筆移轉,09810000
RPQOMLOLMHPFFAV37CA,利家段,207.00,非都市：鄉村區 ; 非都市編定：乙種建築用地,1,1,全筆移轉,81250000
RPVNMLRLMHPFFAV08CA,旭川段,2600.00,非都市：特定農業區 ; 非都市編定：農牧用地,1,1,全筆移轉,05820002
RPRNMLRLMHPFFAV67CA,初鹿段,3956.00,非都市：特定農業區 ; 非都市編定：農牧用地,1,1,全筆移轉,34880000
RPWNMLOLMHPFFAV87CA,豐利段,2300.08,都市：農,1,1,全筆移轉,10630000
RPQNMLNLMHPFFAV17CA,豐年段,5.00,都市：住,10000,10,持分移轉,00270000
RPSNMLNLMHPFFAV37CA,建康段,3164.17,非都市：特定農業區 ; 非都市編定：農牧用地,1,1,全筆移轉,09460000
RPOOMLOLMHPFFAV17CA,北南王段,174.97,都市：住,1,1,全筆移轉,06350003
RPOOMLSLMHPFFAV57CA,中山段,85.00,都市：住,1,1,全筆移轉,07030000
RPPNMLOLMHPFFAV27DA,台東段,107.00,都市：住,1,1,全筆移轉,25200000
RPVNMLSLMHPFFDV48CA,北橋段,109.85,都市：農,4,2,持分移轉,00400000
RPVNMLSLMHPFFDV48CA,北橋段,216.00,非都市：山坡地保育區 ; 非都市編定：丙種建築用地,4,2,持分移轉,00410001
RPVNMLSLMHPFFDV48CA,北橋段,268.50,非都市：山坡地保育區 ; 非都市編定：丙種建築用地,4,2,持分移轉,00410002
RPRNMLOLMHPFFAV37CA,台東段,41.40,都市：住,10000,373,持分移轉,17780000
RPTNMLRJNHPFFAV77CA,大豐段,2453.56,非都市：特定農業區 ; 非都市編定：農牧用地,1,1,全筆移轉,07290000
RPTOMLSKNHPFFAV08CA,富岡段,2656.76,非都市：風景區 ; 非都市編定：農牧用地,1,1,全筆移轉,06170000
RPTOMLSKNHPFFAV08CA,富岡段,2806.23,非都市：風景區 ; 非都市編定：農牧用地,1,1,全筆移轉,06190000
RPTOMLSKNHPFFAV08CA,富岡段,2757.68,非都市：風景區 ; 非都市編定：農牧用地,1,1,全筆移轉,06200000
RPTOMLSKNHPFFAV08CA,富岡段,2738.40,非都市：風景區 ; 非都市編定：農牧用地,1,1,全筆移轉,06210000
RPTOMLSKNHPFFAV08CA,富岡段,2750.29,非都市：風景區 ; 非都市編定：農牧用地,1,1,全筆移轉,06220000
RPQNMLQJNHPFFDV67CA,秀山段,8.08,都市：其他:旅館區,10000,7,持分移轉,07230000
RPQNMLQJNHPFFDV67CA,秀山段,.00,都市：其他:道路用地,10000,7,持分移轉,07230001
RPRNMLSLMHPFFCV97CA,永安段,563.00,非都市：特定農業區 ; 非都市編定：農牧用地,1,1,全筆移轉,01260012
RPRNMLSLMHPFFCV97CA,永安段,3908.00,非都市：特定農業區 ; 非都市編定：農牧用地,1,1,全筆移轉,01340001
RPPNMLSLMHPFFBV67CA,新港段芝田小段,3170.00,非都市：風景區 ; 非都市編定：農牧用地,1,1,全筆移轉,06220001
RPRNMLQJNHPFFBV57CA,忠仁段,215.01,都市：其他:港埠區,1,1,全筆移轉,05500000
RPQNMLOLMHPFFAV27CA,中正段,179.00,都市：住,1,1,全筆移轉,02360005
RPPNMLSLMHPFFAV57CA,台東段,62.00,都市：住,1,1,全筆移轉,06540061
RPPNMLSLMHPFFAV57CA,台東段,75.00,都市：住,1,1,全筆移轉,06540358
RPTNMLRLMHPFFAV87CA,旭川段,2998.50,非都市：特定農業區 ; 非都市編定：農牧用地,1,1,全筆移轉,05820001
RPSNMLRLMHPFFAV77CA,旭川段,2890.00,非都市：特定農業區 ; 非都市編定：農牧用地,1,1,全筆移轉,05820000
RPWNMLRLMHPFFAV18CA,常德段,116.88,都市：住,1,1,全筆移轉,03920007
RPRNMLSLMHPFFAV77CA,澱粉段,3749.35,非都市：特定農業區 ; 非都市編定：農牧用地,1,1,全筆移轉,04100000
RPPOMLSLMHPFFAV77DA,台東段,13.00,都市：住,1,1,全筆移轉,00240196
RPPNMLKMMHPFFDV17CA,北太麻里段,8490.00,非都市：山坡地保育區 ; 非都市編定：農牧用地,1,1,全筆移轉,04550000
RPQNMLKMMHPFFDV27CA,北橋段,2500.03,非都市：山坡地保育區 ; 非都市編定：農牧用地,1,1,全筆移轉,00170003
RPSNMLSLMHPFFDV18CA,秀山段,41.51,非都市：鄉村區 ; 非都市編定：交通用地,1,1,全筆移轉,02340000
RPSNMLSLMHPFFDV18CA,秀山段,64.89,非都市：鄉村區 ; 非都市編定：乙種建築用地,1,1,全筆移轉,02350000
RPTNMLTLMHPFFAV18DA,石壁段,3461.91,都市：農,1,1,全筆移轉,08410000
RPQNMLRLMHPFFCV87DA,里?段,8.17,都市：商,1,1,全筆移轉,03160000
RPQNMLRLMHPFFCV87DA,里?段,18.96,都市：商,1,1,全筆移轉,03170000
RPSNMLSLMHPFFCV18DA,水井段,4715.74,非都市：特定農業區 ; 非都市編定：農牧用地,1,1,全筆移轉,06980002
RPQNMLTLMHPFFAV77CA,新生段,5.46,都市：住,10000,22,持分移轉,00440000
RPRNMLTLMHPFFAV87CA,射馬干段,1438.94,非都市：特定農業區 ; 非都市編定：農牧用地,6,1,持分移轉,01290002
RPSNMLTLMHPFFAV97CA,台東段,56.13,都市：商,10000,264,持分移轉,03320000
RPPNMLQKNHPFFAV37CA,光明段,74.00,都市：住,1,1,全筆移轉,01130000
RPSNMLSLMHPFFAV87CA,南王段,71.78,都市：住,1,1,全筆移轉,07890001
RPVNMLSLMHPFFAV18CA,建成段,168.57,都市：住,1,1,全筆移轉,03190004
RPWNMLSLMHPFFAV28CA,梧州段,125.19,都市：住,1,1,全筆移轉,03950001
RPRNMLSJNHPFFAV67CA,下南寮段,189.77,都市：其他:保護區,1,1,全筆移轉,09360000
RPRNMLSJNHPFFAV67CA,下南寮段,159.09,都市：其他:保護區,1,1,全筆移轉,09370000
RPWNMLTLMHPFFAV38CA,常德段,51.15,都市：住,1,1,全筆移轉,04900000
RPQNMLKMMHPFFAV96CA,知本段,2572.00,非都市：特定農業區 ; 非都市編定：農牧用地,1,1,全筆移轉,79290005
RPROMLSLMHPFFAV87CA,鎮樂段,2521.00,非都市：山坡地保育區 ; 非都市編定：農牧用地,1,1,全筆移轉,06720000
RPROMLSLMHPFFAV87CA,鎮樂段,20.00,非都市：山坡地保育區 ; 非都市編定：農牧用地,1,1,全筆移轉,06720001
RPPNMLOJNHPFFAV07CA,豐航段,759.20,都市：農,1,1,全筆移轉,02450000
RPPNMLOJNHPFFAV07CA,豐航段,1395.63,都市：農,1,1,全筆移轉,02460000
RPPNMLOJNHPFFAV07CA,豐航段,701.35,都市：農,1,1,全筆移轉,02470000
RPQNMLLJNHPFFAV86CA,台東段,74.00,都市：住,1,1,全筆移轉,04310016
RPPNMLPJNHPFFAV17CA,豐年段,83.38,都市：住,1,1,全筆移轉,09480017
RPSNMLPJNHPFFAV47CA,豐年段,83.38,都市：住,1,1,全筆移轉,09480021
RPRNMLTLMHPFFBV97CA,南河段,1591.92,都市：農,1,1,全筆移轉,06970000
RPPNMLKMMHPFFBV07DA,新竹湖段,1544.55,非都市：風景區 ; 非都市編定：農牧用地,1,1,全筆移轉,01550000
RPQNMLKMMHPFFBV17DA,新竹湖段,4714.38,非都市：風景區 ; 非都市編定：農牧用地,1,1,全筆移轉,01540000
RPPNMLSLMHPFFDV97DA,大鳥段,6420.00,非都市：山坡地保育區 ; 非都市編定：林業用地,1,1,全筆移轉,07860000
RPRNMLSLMHPFFDV18DA,秀山段,7.72,都市：其他:旅館區,10000,24,持分移轉,07280000
RPPNMLRJNHPFFDV77DA,拉力?段,26228.00,非都市：山坡地保育區 ; 非都市編定：林業用地,1,1,全筆移轉,02860003
RPTNMLSLMHPFFDV38DA,秀山段,6.78,都市：其他:旅館區,100000,109,持分移轉,06590003
RPQNMLSLMHPFFDV08DA,復興段,816.09,都市：住,1,1,全筆移轉,05090000
RPQNMLSLMHPFFDV08DA,復興段,74.02,都市：其他:道路用地,1,1,全筆移轉,05100000
RPPNMLPJNHPFFDV57DA,尚武段,128.97,都市：住,1,1,全筆移轉,03950000
RPPNMLNLMHPFFDV47DA,復興段,98.57,都市：住,1,1,全筆移轉,04890008
RPPNMLOLMHPFFDV57DA,泰王段,33.02,都市：住,1,1,全筆移轉,09460010
RPPNMLQJNHPFFDV57CA,秀山段,8.08,都市：其他:旅館區,10000,7,持分移轉,07230000
RPPNMLQJNHPFFDV57CA,秀山段,.00,都市：其他:道路用地,10000,7,持分移轉,07230001
RPRNMLKMMHPFFAV17DA,台東段,98.00,都市：住,1,1,全筆移轉,16560000
RPXNMLPJNHPFFAV08DA,射馬干段,136.00,非都市：特定農業區 ; 非都市編定：甲種建築用地,1,1,全筆移轉,00620000
RPPNMLKMMHPFFCV17DA,隆興段,458.99,非都市：一般農業區 ; 非都市編定：農牧用地,2,1,持分移轉,04050002
RPPNMLKMMHPFFCV17DA,隆興段,6.78,非都市：一般農業區 ; 非都市編定：農牧用地,2,1,持分移轉,04050003
RPPNMLKMMHPFFCV17DA,隆興段,1374.72,非都市：一般農業區 ; 非都市編定：農牧用地,2,1,持分移轉,04140000
RPPNMLNKNHPFFDV37CA,荒野段,6964.29,非都市：一般農業區 ; 非都市編定：農牧用地,1,1,全筆移轉,09050000
RPQNMLOJNHPFFAV17CA,富岡段,98.96,非都市：鄉村區 ; 非都市編定：乙種建築用地,1,1,全筆移轉,12390000
RPQNMLOJNHPFFAV17CA,富岡段,23.23,非都市：鄉村區 ; 非都市編定：乙種建築用地,1,1,全筆移轉,12400000
RPQNMLPJNHPFFAV27CA,豐年段,80.57,都市：住,1,1,全筆移轉,09480009
RPQNMLPJNHPFFAV27CA,豐年段,18.37,都市：住,4,1,持分移轉,09480010
RPPNMLLJNHPFFAV76CA,光明段,49.67,都市：住,120,4,持分移轉,04620000
RPPNMLLJNHPFFAV76CA,光明段,183.00,都市：住,1,1,全筆移轉,04770000
RPRNMLLJNHPFFAV96CA,豐榮段,13.20,都市：其他:道路用地,1,1,全筆移轉,00870000
RPSNMLLJNHPFFAV07CA,建康段,600.00,都市：農,1,1,全筆移轉,11430002
RPPNMLOJNHPFFBV17CA,新港段八邊小段,132.00,非都市：風景區 ; 非都市編定：丙種建築用地,1,1,全筆移轉,00050064
RPPNMLOJNHPFFDV47DA,秀山段,8.08,都市：其他:出租旅館,10000,7,持分移轉,07230000
RPPNMLOJNHPFFDV47DA,秀山段,.00,都市：其他:道路,10000,7,持分移轉,07230001
RPTNMLPJNHPFFAV67DA,利家段,320.00,非都市：特定農業區 ; 非都市編定：甲種建築用地,1,1,全筆移轉,54800006
RPQNMLOJNHPFFCV47DA,福文段,150.34,都市：住,1,1,全筆移轉,10270000
RPQNMLOJNHPFFBV27CA,北都歷段,374.81,非都市：風景區 ; 非都市編定：丙種建築用地,1,1,全筆移轉,00180000
RPQNMLOJNHPFFBV27CA,北都歷段,287.27,非都市：風景區 ; 非都市編定：丙種建築用地,1,1,全筆移轉,00200000
RPPNMLMKNHPFFDV37DA,德其段,243.29,都市：商,1,1,全筆移轉,03560000
RPVNMLPJNHPFFAV77CA,南王段,74.39,都市：住,1,1,全筆移轉,07890002
RPTNMLLKNHPFFAV27CA,台東段,10.00,都市：其他:住宅區之既成巷道,4,1,持分移轉,00010083
RPTNMLLKNHPFFAV27CA,台東段,47.00,都市：住,1,1,全筆移轉,00010161
RPPNMLQJNHPFFAV27CA,南清段,12.15,都市：住,1,1,全筆移轉,05680001
RPVNMLQJNHPFFAV87CA,東海段,78.51,都市：住,1,1,全筆移轉,06030000
RPVNMLQJNHPFFAV87CA,東海段,27.17,都市：住,1,1,全筆移轉,06120000
RPUNMLPJNHPFFAV67CA,東興段,231.46,非都市：鄉村區 ; 非都市編定：乙種建築用地,1,1,全筆移轉,05070000
RPRNMLPJNHPFFAV37CA,自強段,161.34,都市：住,1,1,全筆移轉,10130008
RPQNMLRJNHPFFCV67CA,牧野段,778.65,非都市：特定農業區 ; 非都市編定：農牧用地,1,1,全筆移轉,04570000
RPQNMLRJNHPFFCV67CA,牧野段,71.03,非都市：特定農業區 ; 非都市編定：水利用地,1,1,全筆移轉,04600000
RPQNMLRJNHPFFCV67CA,牧野段,854.33,非都市：特定農業區 ; 非都市編定：農牧用地,1,1,全筆移轉,04650000
RPQNMLRJNHPFFCV67CA,牧野段,3283.28,非都市：特定農業區 ; 非都市編定：農牧用地,1,1,全筆移轉,04800000
RPQNMLPKNHPFFAV37CA,豐年段,86.89,都市：住,10000,352,持分移轉,00120001
RPSNMLSJNHPFFAV77CA,建成段,209.61,都市：住,1,1,全筆移轉,02190002
SPPNMLKMNHPFFAV07CA,台東段,152.00,都市：住,1,1,全筆移轉,18110007
SPPNMLKMNHPFFAV07CA,台東段,51.50,都市：住,2,1,持分移轉,18110008
RPPNMLKMNHPFFAV96CA,台東段,200.00,都市：住,1,1,全筆移轉,18110006
RPPNMLKMNHPFFAV96CA,台東段,51.50,都市：住,2,1,持分移轉,18110008
RPPNMLRJNHPFFCV57CA,慶福段,107.00,都市：住,1,1,全筆移轉,03440006
RPQNMLRJNHPFFDV77CA,德其段,103.42,都市：商,1,1,全筆移轉,08710000
RPPNMLSJNHPFFDV87DA,新化段,24830.00,非都市：山坡地保育區 ; 非都市編定：農牧用地,2,1,持分移轉,04790000
RPPNMLSKNHPFFBV77DA,三民段,108.15,都市：住,1,1,全筆移轉,00600002
RPPNMLPJNHPFFCV47DA,鸞山段,280.00,非都市：山坡地保育區 ; 非都市編定：農牧用地,1,1,全筆移轉,07080000
RPQNMLPJNHPFFCV57DA,隆昌段,2082.37,非都市：特定農業區 ; 非都市編定：農牧用地,378799,208237,持分移轉,05230000
RPQNMLPJNHPFFCV57DA,隆昌段,2508.00,非都市：特定農業區 ; 非都市編定：農牧用地,1,1,全筆移轉,05230001
RPROMLLLNHPFFAV27CA,利家段,2732.00,非都市：特定農業區 ; 非都市編定：農牧用地,1,1,全筆移轉,67680000
RPPNMLSJNHPFFCV77DA,隆昌段,396.70,非都市：特定農業區 ; 非都市編定：農牧用地,1,1,全筆移轉,05010000
RPPNMLSJNHPFFCV77DA,隆昌段,2488.05,非都市：特定農業區 ; 非都市編定：農牧用地,1,1,全筆移轉,05030000
RPPNMLSJNHPFFCV77DA,隆昌段,1705.62,非都市：特定農業區 ; 非都市編定：農牧用地,378799,170562,持分移轉,05230000
RPQOMLLLNHPFFAV17CA,利家段,2533.00,非都市：特定農業區 ; 非都市編定：農牧用地,1,1,全筆移轉,67660000
RPQOMLLLNHPFFAV17CA,利家段,635.00,非都市：特定農業區 ; 非都市編定：農牧用地,1,1,全筆移轉,67660002
RPPNMLQJNHPFFCV47CA,水井段,2604.32,非都市：特定農業區 ; 非都市編定：農牧用地,1,1,全筆移轉,03140000
RPPNMLQJNHPFFCV47CA,水井段,121.07,非都市：特定農業區 ; 非都市編定：水利用地,1,1,全筆移轉,03150000
RPPNMLQJNHPFFCV47CA,水井段,3504.19,非都市：特定農業區 ; 非都市編定：農牧用地,1,1,全筆移轉,03160000
RPRNMLRJNHPFFDV87CA,秀山段,10.39,都市：其他:旅館區,10000,9,持分移轉,07230000
RPRNMLRJNHPFFDV87CA,秀山段,.00,都市：其他:道路用地,10000,9,持分移轉,07230001
RPSNMLSLNHPFFAV97CA,豐富段,69.78,都市：住,1,1,全筆移轉,00900000
RPRNMLQLNHPFFAV67CA,建成段,74.38,都市：住,20,2,持分移轉,02340002
RPRNMLQLNHPFFAV67CA,建成段,74.38,都市：住,20,2,持分移轉,02340003
RPXNMLRJNHPFFAV18CA,台東段,59.13,都市：住,100000,801,持分移轉,25420000
RPOOMLRJNHPFFAV37CA,新中寮段,13.00,都市：住,2,1,持分移轉,00740000
RPOOMLRJNHPFFAV37CA,新中寮段,13.00,都市：住,2,1,持分移轉,00740000
RPOOMLRJNHPFFAV37CA,新中寮段,74.64,都市：住,2,1,持分移轉,00750000
RPOOMLRJNHPFFAV37CA,新中寮段,74.64,都市：住,2,1,持分移轉,00750000
RPWNMLRJNHPFFAV08CA,台東段,69.00,都市：住,1,1,全筆移轉,00080106
RPRNMLMKNHPFFAV17CA,豐康段,18.81,都市：住,10000,128,持分移轉,08260000
RPRNMLMKNHPFFAV17CA,豐康段,7.14,都市：住,10000,128,持分移轉,08260001
RPQNMLQLNHPFFBV67CA,南八里段,884.43,非都市：風景區 ; 非都市編定：丙種建築用地,1,1,全筆移轉,08490000
RPQNMLQLNHPFFBV67CA,南八里段,256.86,非都市：風景區 ; 非都市編定：丙種建築用地,1,1,全筆移轉,08500000
RPRNMLLKNHPFFBV17CA,和平南段,3645.97,非都市：風景區 ; 非都市編定：農牧用地,1,1,全筆移轉,06520000
RPPNMLRJNHPFFAV37CA,豐康段,2656.00,非都市：特定農業區 ; 非都市編定：農牧用地,1,1,全筆移轉,04340000
RPQNMLRJNHPFFAV47CA,普優瑪段,116.95,都市：住,1,1,全筆移轉,10100010
RPQNMLQJNHPFFAV37CA,豐樂段,103.00,非都市：特定農業區 ; 非都市編定：農牧用地,1,1,全筆移轉,28910003
RPPNMLSJNHPFFAV47CA,建國段,217.92,都市：住,1,1,全筆移轉,06970000
RPPNMLSJNHPFFAV47CA,建國段,401.00,都市：住,1,1,全筆移轉,06980000
RPQNMLMKNHPFFAV07CA,初鹿段,4797.00,非都市：特定農業區 ; 非都市編定：農牧用地,1,1,全筆移轉,39240000
RPRNMLQJNHPFFAV47CA,台東段,13.00,都市：商,1,1,全筆移轉,01030016
RPPNMLSLNHPFFAV67CA,台東段,31.00,都市：住,1,1,全筆移轉,01600792
RPQNMLNKNHPFFAV17CA,台東段,20.39,都市：住,10000,331,持分移轉,18130000
RPPNMLRLNHPFFBV67CA,三間段三間小段,2650.00,非都市：風景區 ; 非都市編定：農牧用地,1,1,全筆移轉,04690000
RPSNMLRJNHPFFAV77DA,台東段,47.00,都市：住,2,1,持分移轉,17500009
RPSNMLRJNHPFFAV77DA,台東段,66.00,都市：住,2,1,持分移轉,17560009
RPPNMLLKNHPFFBV07DA,成功段,16.42,都市：住,1,1,全筆移轉,05030001
RPSNMLMKNHPFFAV27CA,豐年段,52.83,都市：住,1,1,全筆移轉,05830000
RPTNMLSKNHPFFAV08DA,建樂段,9.84,都市：住,10000,40,持分移轉,04840000
RPTNMLSKNHPFFAV08DA,建樂段,.02,都市：其他:道路用地,10000,40,持分移轉,04840001
RPQNMLSJNHPFFCV87DA,福原段,122.86,都市：住,1,1,全筆移轉,07820003
RPQNMLTKNHPFFAV77CA,公?西段,421.68,都市：住,1,1,全筆移轉,10860000
RPTNMLMKNHPFFAV37CA,中山段,70.00,都市：住,1,1,全筆移轉,09820000
RPUNMLMKNHPFFAV47CA,豐利段,46.26,都市：住,1,1,全筆移轉,10250000
RPQNMLSJNHPFFAV57CA,馬蘭段,183.00,都市：住,1,1,全筆移轉,15150000
RPUNMLLKNHPFFAV37CA,利家段,100.00,非都市：特定農業區 ; 非都市編定：甲種建築用地,1,1,全筆移轉,73570003
RPVNMLLKNHPFFAV47CA,澱粉段,306.18,非都市：特定農業區 ; 非都市編定：農牧用地,1,1,全筆移轉,05190000
RPPNMLMKNHPFFAV96CA,建康段,95.84,都市：住,1,1,全筆移轉,00350006
RPOOMLPJNHPFFAV17CA,台東段,12.77,都市：住,100000,789,持分移轉,00040009
RPPOMLPJNHPFFAV27CA,豐谷段,95.00,都市：住,1,1,全筆移轉,08320000
RPQOMLPJNHPFFAV37CA,豐谷段,36.50,都市：住,2,1,持分移轉,09650000
RPQOMLPJNHPFFAV37CA,豐谷段,36.50,都市：住,2,1,持分移轉,09650000
