﻿鄉鎮市區,交易標的,土地位置建物門牌,土地移轉總面積平方公尺,都市土地使用分區,非都市土地使用分區,非都市土地使用編定,交易年月日,交易筆棟數,移轉層次,總樓層數,建物型態,主要用途,主要建材,建築完成年月,建物移轉總面積平方公尺,建物現況格局-房,建物現況格局-廳,建物現況格局-衛,建物現況格局-隔間,有無管理組織,總價元,單價元平方公尺,車位類別,車位移轉總面積(平方公尺),車位總價元,備註,編號,主建物面積,附屬建物面積,陽台面積,電梯,移轉編號
The villages and towns urban district,transaction sign,land sector position building sector house number plate,land shifting total area square meter,the use zoning or compiles and checks,the non-metropolis land use district,non-metropolis land use,transaction year month and day,transaction pen number,shifting level,total floor number,building state,main use,main building materials,construction to complete the years,building shifting total area,Building present situation pattern - room,building present situation pattern - hall,building present situation pattern - health,building present situation pattern - compartmented,Whether there is manages the organization,total price NTD,the unit price (NTD / square meter),the berth category,berth shifting total area square meter,the berth total price NTD,the note,serial number,,,,,
金城鎮,土地,庵前劃測段435地號,493.64,其他,,,1090116,土地1建物0車位0,,,其他,,,,0.0,0,0,0,有,無,1950000,3950,,0.0,0,,RPUNMLLKKHPFFAW17CA,0.0,0.0,0.0,,
金寧鄉,土地,盤山村段238地號,150.0,其他,,,1090119,土地1建物0車位0,,,其他,,,,0.0,0,0,0,有,無,3200000,21333,,0.0,0,,RPQNMLMKKHPFFAW86CA,0.0,0.0,0.0,,
金寧鄉,土地,北二三劃測段577-2地號,360.0,農,,,1090119,土地2建物0車位0,,,其他,,,,0.0,0,0,0,有,無,2800000,7778,,0.0,0,,RPRNMLMKKHPFFAW96CA,0.0,0.0,0.0,,
金寧鄉,房地(土地+建物)+車位,金門縣金寧鄉下堡１４９之９號,107.03,住,,,1081226,土地1建物1車位1,全,三層,透天厝,集合住宅,鋼筋混凝土造,1070627,281.89,5,1,5,有,無,7500000,26606,坡道平面,13.94,0,親友、員工或其他特殊關係間之交易。；,RPSNMLTKKHPFFAW77CA,205.1,2.24,5.34,,
金寧鄉,房地(土地+建物),金門縣金寧鄉埔後115之10號,1316.49,農,,,1081231,土地6建物1車位0,一層，二層，三層,三層,農舍,集村農舍,鋼筋混凝土造,1031227,224.37,6,2,5,有,無,9200000,,,0.0,0,親友、員工或其他特殊關係間之交易。；,RPPNMLRKKHPFFAW27CA,209.3,0.0,15.07,,
金城鎮,房地(土地+建物),金門縣金城鎮浴井５１號二樓,48.71,其他,,,1090203,土地1建物1車位0,二層,五層,華廈(10層含以下有電梯),集合住宅,鋼筋混凝土造,1081119,100.08000000000001,3,2,2,有,無,6000000,59952,,0.0,0,,RPWNMLNKKHPFFAW57CA,80.02,0.0,6.49,,
金城鎮,房地(土地+建物),金門縣金城鎮浴井５２號四樓,48.71,其他,,,1090203,土地1建物1車位0,四層,五層,華廈(10層含以下有電梯),集合住宅,鋼筋混凝土造,1081119,98.57,3,2,2,有,無,6400000,64935,,0.0,0,,RPXNMLNKKHPFFAW67CA,79.46,0.0,5.54,,
金城鎮,房地(土地+建物),金門縣金城鎮浴井５２號三樓,48.71,其他,,,1090203,土地1建物1車位0,三層,五層,華廈(10層含以下有電梯),集合住宅,鋼筋混凝土造,1081119,98.57,3,2,2,有,無,6000000,60877,,0.0,0,,RPOOMLNKKHPFFAW86CA,79.46,0.0,5.54,,
金城鎮,房地(土地+建物),金門縣金城鎮浴井５１號三樓,48.71,其他,,,1090203,土地1建物1車位0,三層,五層,華廈(10層含以下有電梯),集合住宅,鋼筋混凝土造,1081119,100.08000000000001,3,2,2,有,無,6400000,63949,,0.0,0,,RPPOMLNKKHPFFAW96CA,80.02,0.0,6.49,,
金寧鄉,房地(土地+建物),金門縣金寧鄉湖南1311號,135.35,其他,,,1090115,土地1建物1車位0,全,三層,透天厝,集合住宅,鋼筋混凝土造,1030121,206.24,6,1,5,有,無,10500000,50912,,0.0,0,增值稅及契稅共計138145元由買方負擔,RPSNMLMKKHPFFAW17DA,198.98,0.0,7.26,,
金沙鎮,土地,榮湖段533地號,2080.4,農,,,1090210,土地2建物0車位0,,,其他,,,,0.0,0,0,0,有,無,1500000,721,,0.0,0,親友、員工或其他特殊關係間之交易。；,RPQNMLNJLHPFFAW07DA,0.0,0.0,0.0,,
金寧鄉,土地,寧湖一劃段492-1地號,500.01,農,,,1090130,土地1建物0車位0,,,其他,,,,0.0,0,0,0,有,無,9500000,19000,,0.0,0,,RPQNMLTKKHPFFAW67DA,0.0,0.0,0.0,,
金城鎮,房地(土地+建物),金門縣金城鎮浴井５２號二樓,48.71,其他,,,1090203,土地1建物1車位0,二層,五層,華廈(10層含以下有電梯),集合住宅,鋼筋混凝土造,1081119,98.57,3,2,2,有,無,6400000,64935,,0.0,0,,RPPNMLPKKHPFFAW07CA,79.46,0.0,5.54,,
金湖鎮,土地,士校段1112地號,216.0,其他,,,1090207,土地1建物0車位0,,,其他,,,,0.0,0,0,0,有,無,3300000,15278,,0.0,0,,RPQNMLRKKHPFFAW37CA,0.0,0.0,0.0,,
金城鎮,房地(土地+建物),金門縣金城鎮金門城８２之８號三樓,52.61,其他,,,1090116,土地1建物1車位0,三層,三層,公寓(5樓含以下無電梯),集合住宅,鋼筋混凝土造,1010529,100.55,3,2,2,有,無,4750000,47235,,0.0,0,,RPSNMLRKKHPFFAW57CA,85.73,0.0,10.02,,
金城鎮,房地(土地+建物),金門縣金城鎮民族路１１８號,19.1,商,,,1090205,土地3建物1車位0,一層，二層，三層,三層,店面(店鋪),住家用,鋼筋混凝土造,0820801,56.79,2,2,2,有,無,2200000,38739,,0.0,0,親友、員工或其他特殊關係間之交易。；,RPTNMLMJLHPFFAW17CA,46.93,3.29,6.58,,
金城鎮,土地,延平段1111地號,7555.92,農,,,1081231,土地22建物0車位0,,,其他,,,,0.0,0,0,0,有,無,52257647,6916,,0.0,0,,RPTNMLRLKHPFFAW77CA,0.0,0.0,0.0,,
金湖鎮,土地,山外段638地號,278.5,其他,,,1090120,土地2建物0車位0,,,其他,,,,0.0,0,0,0,有,無,2160000,7756,,0.0,0,,RPPNMLLLKHPFFAW76CA,0.0,0.0,0.0,,
金湖鎮,房地(土地+建物)+車位,金門縣金湖鎮環島南路五段１６５巷７弄６號三樓,68.68,其他,,,1090110,土地1建物1車位1,三層,三層,華廈(10層含以下有電梯),集合住宅,鋼筋混凝土造,1070514,173.92000000000002,3,2,2,有,無,6600000,37948,坡道平面,39.24,0,,RPQNMLSKKHPFFAW47CA,91.73,0.0,6.0,,
金沙鎮,房地(土地+建物),金門縣金沙鎮沙美２０５號三樓之１,60.71,其他,,,1090110,土地1建物1車位0,三層,三層,公寓(5樓含以下無電梯),集合住宅,鋼筋混凝土造,1051018,94.25999999999999,3,2,2,有,無,5350000,56758,,0.0,0,,RPRNMLSKKHPFFAW57CA,75.76,6.94,5.4,,
金城鎮,房地(土地+建物),金門縣金城鎮浴井８５號三樓,42.51,其他,,,1090110,土地1建物1車位0,三層,三層,公寓(5樓含以下無電梯),集合住宅,鋼筋混凝土造,1080520,75.69,2,2,2,有,無,5400000,71344,,0.0,0,,RPTNMLSKKHPFFAW77CA,61.34,0.0,7.51,,
金城鎮,房地(土地+建物),金門縣金城鎮浴井８３號三樓,48.58,其他,,,1090116,土地1建物1車位0,三層,三層,公寓(5樓含以下無電梯),集合住宅,鋼筋混凝土造,1080520,86.86,3,2,2,有,無,5800000,66774,,0.0,0,,RPXNMLSKKHPFFAW18CA,71.54,0.0,7.51,,
金湖鎮,土地,中四劃段327地號,700.0,農,,,1090205,土地1建物0車位0,,,其他,,,,0.0,0,0,0,有,無,2100000,3000,,0.0,0,,RPRNMLTKKHPFFAW77DA,0.0,0.0,0.0,,
金寧鄉,土地,中二劃段261-13地號,226.46,農,,,1090215,土地1建物0車位0,,,其他,,,,0.0,0,0,0,有,無,200000,883,,0.0,0,親友、員工或其他特殊關係間之交易。；,RPQNMLOLKHPFFAW27DA,0.0,0.0,0.0,,
金寧鄉,土地,寧湖二劃測段114地號,803.93,其他,,,1090203,土地1建物0車位0,,,其他,,,,0.0,0,0,0,有,無,7000000,8707,,0.0,0,親友、員工或其他特殊關係間之交易。；,RPTNMLTKKHPFFAW97DA,0.0,0.0,0.0,,
金寧鄉,土地,寧湖二劃測段488地號,461.22,農,,,1090203,土地1建物0車位0,,,其他,,,,0.0,0,0,0,有,無,500000,1084,,0.0,0,親友、員工或其他特殊關係間之交易。；,RPUNMLTKKHPFFAW08DA,0.0,0.0,0.0,,
金寧鄉,土地,寧劃段815地號,788.2,農,,,1090108,土地2建物0車位0,,,其他,,,,0.0,0,0,0,有,無,720000,913,,0.0,0,,RPSNMLKLKHPFFAW96CA,0.0,0.0,0.0,,
金城鎮,房地(土地+建物),金門縣金城鎮浴井８３號二樓,48.58,其他,,,1090118,土地1建物1車位0,二層,三層,公寓(5樓含以下無電梯),集合住宅,鋼筋混凝土造,1080520,86.86,3,2,2,有,無,5600000,64472,,0.0,0,,RPVNMLSKKHPFFAW97CA,71.54,0.0,7.51,,
金城鎮,房地(土地+建物),金門縣金城鎮民權路２２６巷２弄１２號三樓之５,24.57,住,,,1081225,土地2建物1車位0,三層,十一層,住宅大樓(11層含以上有電梯),集合住宅,鋼筋混凝土造,1051104,128.17000000000002,3,2,2,有,無,12280000,95810,,0.0,0,,RPOOMLQLKHPFFAW27CA,87.72,0.0,7.5,,
金湖鎮,房地(土地+建物),金門縣金湖鎮塔后５０１號三樓之５,73.47,其他,,,1090213,土地1建物1車位0,三層,三層,華廈(10層含以下有電梯),集合住宅,鋼筋混凝土造,1060627,131.54,3,2,2,有,無,7100000,53976,,0.0,0,土地及建物分次登記案件。前案土地登記收件字號：；,RPRNMLKLKHPFFAW86CA,96.89,4.88,10.86,,
金寧鄉,房地(土地+建物),金門縣金寧鄉安岐351號三樓,30.32,住,,,1080529,土地1建物1車位0,三層,五層,華廈(10層含以下有電梯),集合住宅,鋼筋混凝土造,1081125,94.88,3,2,2,有,無,5350000,56387,,0.0,0,,RPVNMLTKKHPFFAW18DA,69.22,0.0,7.52,,
金寧鄉,土地,龍潭段1057地號,351.52,農,,,1090107,土地2建物0車位0,,,其他,,,,0.0,0,0,0,有,無,270000,768,,0.0,0,,RPUNMLNJLHPFFAW47DA,0.0,0.0,0.0,,
金寧鄉,土地,龍潭段1246地號,1003.92,農,,,1090210,土地2建物0車位0,,,其他,,,,0.0,0,0,0,有,無,2000000,1992,,0.0,0,,RPPNMLPLKHPFFAW17CA,0.0,0.0,0.0,,
金城鎮,房地(土地+建物),金門縣金城鎮珠浦南路７４巷１０之２號三樓,32.76,住,,,1090205,土地1建物1車位0,三層,四層,公寓(5樓含以下無電梯),集合住宅,鋼筋混凝土造,0910722,94.32000000000001,3,2,2,有,無,6500000,68914,,0.0,0,,RPSNMLPLKHPFFAW47CA,77.62,0.0,7.44,,
金城鎮,土地,中一段45地號,465.28,農,,,1090206,土地1建物0車位0,,,其他,,,,0.0,0,0,0,有,無,6095000,13100,,0.0,0,親友、員工或其他特殊關係間之交易。；,RPTNMLQLKHPFFAW67CA,0.0,0.0,0.0,,
金沙鎮,土地,呂厝村段106地號,376.0,住,,,1090210,土地1建物0車位0,,,其他,,,,0.0,0,0,0,有,無,3544205,9426,,0.0,0,,RPPNMLOLKHPFFAW07CA,0.0,0.0,0.0,,
金城鎮,土地,中一段45-2地號,466.58,農,,,1090206,土地1建物0車位0,,,其他,,,,0.0,0,0,0,有,無,6112000,13100,,0.0,0,親友、員工或其他特殊關係間之交易。；,RPSNMLQLKHPFFAW57CA,0.0,0.0,0.0,,
金寧鄉,土地,后沙劃測段721-1地號,49.04,其他,,,1090221,土地1建物0車位0,,,其他,,,,0.0,0,0,0,有,無,402128,8200,,0.0,0,包含公共設施保留地之交易。；,RPRNMLMJLHPFFAW07DA,0.0,0.0,0.0,,
烈嶼鄉,土地,陵水湖測段440地號,701.57,住,,,1090205,土地3建物0車位0,,,其他,,,,0.0,0,0,0,有,無,4000000,5701,,0.0,0,,RPRNMLPLKHPFFAW37CA,0.0,0.0,0.0,,
金湖鎮,房地(土地+建物),金門縣金湖鎮武德新莊自強路１６之１號３樓,25.61,商,,,1090215,土地1建物1車位0,三層,五層,辦公商業大樓,辦公室。,鋼筋混凝土造,0871012,113.27,3,2,2,有,無,4800000,42377,,0.0,0,,RPTNMLPLKHPFFAW57CA,92.88,0.0,7.09,,
金城鎮,房地(土地+建物),金門縣金城鎮民族路２４６巷３號,15.7,其他,,,1090219,土地1建物1車位0,一層,四層,公寓(5樓含以下無電梯),一般事務所,鋼筋混凝土造,1040811,43.21,1,1,1,有,無,3100000,71743,,0.0,0,,RPUNMLPLKHPFFAW67CA,32.23,0.0,4.16,,
金寧鄉,房地(土地+建物),金門縣金寧鄉下堡１９２號二樓,19.92,其他,,,1090110,土地1建物1車位0,二層,三層,公寓(5樓含以下無電梯),集合住宅,鋼筋混凝土造,1031113,36.08,1,1,1,有,無,2100000,58204,,0.0,0,土地及建物分次登記案件。前案土地登記收件字號：；,RPRNMLQLKHPFFAW47CA,28.94,0.0,2.78,,
金寧鄉,房地(土地+建物),金門縣金寧鄉西浦頭７９之９號三樓,51.9,其他,,,1090109,土地1建物1車位0,三層,三層,公寓(5樓含以下無電梯),集合住宅,鋼筋混凝土造,1040430,79.58999999999999,3,2,2,有,無,4030000,50641,,0.0,0,,RPVNMLQLKHPFFAW87CA,64.89,2.84,5.84,,
金湖鎮,土地,料羅段1210-2地號,304.0,住,,,1090214,土地2建物0車位0,,,其他,,,,0.0,0,0,0,有,無,10000000,32895,,0.0,0,,RPSNMLNKLHPFFAW27CA,0.0,0.0,0.0,,
金湖鎮,土地,北五劃段294-2地號,83.83,其他,,,1090225,土地3建物0車位0,,,其他,,,,0.0,0,0,0,有,無,502980,6000,,0.0,0,包含公共設施保留地之交易。；,RPSNMLMJLHPFFAW17DA,0.0,0.0,0.0,,
金城鎮,土地,蜈蚣山段310地號,983.59,其他,,,1090207,土地3建物0車位0,,,其他,,,,0.0,0,0,0,有,無,1000000,1017,,0.0,0,,RPUNMLQLKHPFFAW87DA,0.0,0.0,0.0,,
金城鎮,房地(土地+建物),金門縣金城鎮小西門５０之６號三樓,50.11,其他,,,1090117,土地1建物1車位0,三層,三層,公寓(5樓含以下無電梯),集合住宅,鋼筋混凝土造,1070723,87.41000000000001,2,2,2,有,無,5100000,58346,,0.0,0,土地及建物分次登記案件。前案土地登記收件字號：；,RPSNMLRLKHPFFAW67CA,69.1,0.0,11.3,,
金寧鄉,房地(土地+建物),金門縣金寧鄉頂堡２４８號三樓,46.92,其他,,,1090204,土地1建物1車位0,三層,三層,公寓(5樓含以下無電梯),集合住宅,鋼筋混凝土造,1080418,78.72999999999999,2,1,2,有,無,4800000,60968,,0.0,0,,RPPOMLRLKHPFFAW47CA,63.27,0.0,11.72,,
金寧鄉,房地(土地+建物),金門縣金寧鄉安岐４８之７號二樓,32.93,其他,,,1090220,土地1建物1車位0,二層,三層,公寓(5樓含以下無電梯),集合住宅,鋼筋混凝土造,1040414,64.95,2,1,1,有,無,3350000,51578,,0.0,0,,RPUNMLMJLHPFFAW27CA,52.61,0.0,3.43,,
金寧鄉,房地(土地+建物),金門縣金寧鄉環島西路二段５５１巷１０１弄１１之６號,1661.16,其他,,,1090219,土地7建物1車位0,一層，二層，三層,三層,農舍,集村農舍,鋼筋混凝土造,1031002,207.79,8,2,4,有,無,12500000,,,0.0,0,,RPVNMLMJLHPFFAW37CA,196.08,0.0,11.71,,
金湖鎮,房地(土地+建物),金門縣金湖鎮林兜３０２號,151.75,其他,,,1090220,土地2建物1車位0,全,三層,透天厝,住家用,鋼筋混凝土造,1070327,185.93,4,3,4,有,無,13000000,69919,,0.0,0,,RPWNMLMJLHPFFAW47CA,174.01,0.0,11.92,,
烈嶼鄉,土地,紅山測段925-1地號,268.39,其他,,,1090224,土地2建物0車位0,,,其他,,,,0.0,0,0,0,有,無,4900000,18257,,0.0,0,,RPSNMLNJLHPFFAW17CA,0.0,0.0,0.0,,
金寧鄉,土地,寧湖二劃測段114地號,803.93,其他,,,1090219,土地1建物0車位0,,,其他,,,,0.0,0,0,0,有,無,12000000,14927,,0.0,0,,RPTNMLNJLHPFFAW27CA,0.0,0.0,0.0,,
金城鎮,房地(土地+建物),金門縣金城鎮小西門３之６號,87.99,其他,,,1090225,土地1建物1車位0,全,三層,透天厝,集合住宅,鋼筋混凝土造,1050727,164.01,7,2,5,有,無,8100000,49387,,0.0,0,土地及建物分次登記案件。前案土地登記收件字號：；,RPXNMLNJLHPFFAW67CA,158.88,0.0,5.13,,
金城鎮,房地(土地+建物),金門縣金城鎮珠浦南路４４巷１２弄９號,10.71,住,,,1090224,土地1建物1車位0,一層,四層,華廈(10層含以下有電梯),店舖,鋼筋混凝土造,1070117,24.63,1,1,1,有,無,3900000,158343,,0.0,0,,RPOOMLNJLHPFFAW86CA,19.16,0.0,0.0,,
金城鎮,土地,燕南山段992地號,5215.13,農,,,1081212,土地12建物0車位0,,,其他,,,,0.0,0,0,0,有,無,6258000,1200,,0.0,0,,RPRNMLOJLHPFFAW17CA,0.0,0.0,0.0,,
烈嶼鄉,土地,后頭段127-2地號,111.0,其他,,,1090212,土地1建物0車位0,,,其他,,,,0.0,0,0,0,有,無,1400000,12613,,0.0,0,親友、員工或其他特殊關係間之交易。；,RPRNMLTJLHPFFAW67CA,0.0,0.0,0.0,,
金寧鄉,土地,龍潭段1045地號,186.95,其他,,,1090227,土地1建物0車位0,,,其他,,,,0.0,0,0,0,有,無,150000,802,,0.0,0,,RPWNMLNJLHPFFAW67DA,0.0,0.0,0.0,,
金城鎮,房地(土地+建物),金門縣金城鎮大古崗９６之２號三樓,41.21,其他,,,1090211,土地2建物1車位0,三層,五層,華廈(10層含以下有電梯),集合住宅,鋼筋混凝土造,1080611,89.50999999999999,2,2,2,有,無,5000000,55860,,0.0,0,,RPSNMLPJLHPFFAW37CA,68.21,0.0,7.73,,
金沙鎮,土地,后宅段1249地號,327.0,其他,,,1090302,土地1建物0車位0,,,其他,,,,0.0,0,0,0,有,無,5000000,15291,,0.0,0,,RPQNMLQJLHPFFAW27CA,0.0,0.0,0.0,,
金城鎮,土地,旗牌段293-2地號,388.72,商,,,1090305,土地1建物0車位0,,,其他,,,,0.0,0,0,0,有,無,11300000,29070,,0.0,0,,RPRNMLQJLHPFFAW37CA,0.0,0.0,0.0,,
金寧鄉,房地(土地+建物),金門縣金寧鄉頂堡２４９號三樓,46.92,其他,,,1090204,土地1建物1車位0,三層,三層,公寓(5樓含以下無電梯),集合住宅,鋼筋混凝土造,1080418,78.72999999999999,2,1,2,有,無,4800000,60968,,0.0,0,,RPSNMLQJLHPFFAW47CA,63.27,0.0,11.72,,
金寧鄉,房地(土地+建物),金門縣金寧鄉安岐３５８號,87.35,其他,,,1090218,土地1建物1車位0,全,三層,透天厝,住家用,鋼筋混凝土造,1060517,197.61,4,2,5,有,無,11500000,58195,,0.0,0,,RPTNMLQJLHPFFAW57CA,174.93,1.54,21.14,,
金寧鄉,房地(土地+建物),金門縣金寧鄉安岐351號四樓,30.32,住,,,1080306,土地1建物1車位0,四層,五層,華廈(10層含以下有電梯),集合住宅,鋼筋混凝土造,1081125,94.88,3,2,2,有,無,5100000,53752,,0.0,0,,RPPNMLTJLHPFFAW57DA,69.22,0.0,7.52,,
金寧鄉,房地(土地+建物),金門縣金寧鄉安岐352號五樓,28.09,住,,,1080510,土地1建物1車位0,五層,五層,華廈(10層含以下有電梯),集合住宅,鋼筋混凝土造,1081125,87.6,3,2,2,有,無,4880000,55708,,0.0,0,,RPQNMLTJLHPFFAW67DA,63.8,0.0,7.0,,
金湖鎮,房地(土地+建物),金門縣金湖鎮塔后２４５號,240.46,其他,,,1090207,土地1建物1車位0,全,三層,透天厝,住家用,鋼筋混凝土造,0880517,205.68,5,1,2,有,無,8800000,42785,,0.0,0,親友、員工或其他特殊關係間之交易。；,RPSNMLKMLHPFFAW17CA,177.36,12.72,15.6,,
金寧鄉,房地(土地+建物),金門縣金寧鄉東坑１１號三樓,46.09,其他,,,1090224,土地1建物1車位0,三層,三層,公寓(5樓含以下無電梯),集合住宅,鋼筋混凝土造,1060123,103.13,3,2,2,有,無,6050000,58664,,0.0,0,,RPSNMLTKLHPFFAW87CA,67.22,0.0,29.36,,
金湖鎮,土地,石牌段40地號,1114.48,農,,,1090309,土地1建物0車位0,,,其他,,,,0.0,0,0,0,有,無,3900000,3499,,0.0,0,,RPPNMLLKLHPFFAW86DA,0.0,0.0,0.0,,
金沙鎮,土地,擎天段1398地號,400.0,其他,,,1090311,土地1建物0車位0,,,其他,,,,0.0,0,0,0,有,無,7520000,18800,,0.0,0,包含公共設施保留地之交易。；,RPRNMLQKLHPFFAW57DA,0.0,0.0,0.0,,
金寧鄉,房地(土地+建物),金門縣金寧鄉安岐352號,28.08,其他,,,1080307,土地1建物1車位0,一層,五層,華廈(10層含以下有電梯),集合住宅,鋼筋混凝土造,1081125,87.59,3,2,2,有,無,5380000,61423,,0.0,0,,RPQNMLRKLHPFFAW57DA,63.8,0.0,7.0,,
金寧鄉,房地(土地+建物),金門縣金寧鄉安岐352號二樓,28.08,其他,,,1071213,土地1建物1車位0,二層,五層,華廈(10層含以下有電梯),集合住宅,鋼筋混凝土造,1081125,87.59,3,2,2,有,無,4980000,56856,,0.0,0,,RPRNMLRKLHPFFAW67DA,63.8,0.0,7.0,,
金寧鄉,房地(土地+建物),金門縣金寧鄉安岐351號,30.32,其他,,,1080222,土地1建物1車位0,一層,五層,華廈(10層含以下有電梯),集合住宅,鋼筋混凝土造,1081125,94.88,3,2,2,有,無,6000000,63238,,0.0,0,,RPSNMLRKLHPFFAW77DA,69.22,0.0,7.52,,
金沙鎮,土地,擎天段1313地號,73.0,其他,,,1090312,土地1建物0車位0,,,其他,,,,0.0,0,0,0,有,無,1372400,18800,,0.0,0,包含公共設施保留地之交易。；,RPQNMLQKLHPFFAW47DA,0.0,0.0,0.0,,
金寧鄉,房地(土地+建物),金門縣金寧鄉頂堡２４８號二樓,46.92,其他,,,1090215,土地1建物1車位0,二層,三層,公寓(5樓含以下無電梯),集合住宅,鋼筋混凝土造,1080418,78.72999999999999,2,1,2,有,無,3800000,48266,,0.0,0,,RPRNMLMKLHPFFAW07CA,63.27,0.0,11.72,,
金城鎮,房地(土地+建物),金門縣金城鎮金門城２０５號三樓,41.5,其他,,,1090218,土地1建物1車位0,三層,五層,華廈(10層含以下有電梯),集合住宅,鋼筋混凝土造,1080424,92.5,3,1,2,有,無,5300000,57297,,0.0,0,,RPPNMLNKLHPFFAW96CA,70.66,0.0,9.48,,
金城鎮,房地(土地+建物),金門縣金城鎮金門城２０３號三樓,31.17,其他,,,1090218,土地1建物1車位0,三層,五層,華廈(10層含以下有電梯),集合住宅,鋼筋混凝土造,1080424,69.42999999999999,2,1,2,有,無,4000000,57612,,0.0,0,,RPQNMLNKLHPFFAW07CA,56.27,0.0,3.88,,
金沙鎮,土地,大山段708地號,518.19,其他,,,1090303,土地1建物0車位0,,,其他,,,,0.0,0,0,0,有,無,600000,1158,,0.0,0,,RPPNMLTKLHPFFAW57CA,0.0,0.0,0.0,,
金寧鄉,房地(土地+建物),金門縣金寧鄉湖下１８９之１號三樓,13.1,其他,,,1090311,土地1建物1車位0,三層,三層,套房(1房1廳1衛),集合住宅,鋼筋混凝土造,1060412,27.01,1,1,1,有,無,2000000,74047,,0.0,0,受債權債務影響或債務抵償之交易。；,RPPNMLNLLHPFFAW07CA,21.0,0.0,2.78,,
金沙鎮,土地,蔡厝劃測段541地號,706.95,農,,,1090309,土地1建物0車位0,,,其他,,,,0.0,0,0,0,有,無,2500000,3536,,0.0,0,受債權債務影響或債務抵償之交易。；,RPRNMLNKLHPFFAW27DA,0.0,0.0,0.0,,
金湖鎮,房地(土地+建物),金門縣金湖鎮塔后４８之１０號,46.7,農,,,1090302,土地1建物1車位0,一層,三層,公寓(5樓含以下無電梯),集合住宅,鋼筋混凝土造,1060303,71.22,2,2,2,有,無,2840000,39876,,0.0,0,親友、員工或其他特殊關係間之交易。；,RPTNMLKMLHPFFAW27CA,63.05,0.0,0.0,,
金湖鎮,房地(土地+建物),金門縣金湖鎮塔后４８之１０號二樓之１,23.2,農,,,1090302,土地1建物1車位0,二層,三層,公寓(5樓含以下無電梯),集合住宅,鋼筋混凝土造,1060303,41.66,1,1,1,有,無,1630000,39126,,0.0,0,親友、員工或其他特殊關係間之交易。；,SPTNMLKMLHPFFAW37CA,33.42,0.0,4.16,,
金湖鎮,房地(土地+建物),金門縣金湖鎮塔后４８之１０號二樓之２,23.2,農,,,1090302,土地1建物1車位0,二層,三層,公寓(5樓含以下無電梯),集合住宅,鋼筋混凝土造,1060303,37.67,1,0,1,有,無,1450000,38482,,0.0,0,親友、員工或其他特殊關係間之交易。；,TPTNMLKMLHPFFAW47CA,29.46,0.0,4.13,,
金湖鎮,房地(土地+建物),金門縣金湖鎮塔后４８之１０號三樓之１,23.2,農,,,1090302,土地1建物1車位0,三層,三層,公寓(5樓含以下無電梯),集合住宅,鋼筋混凝土造,1060303,41.66,1,1,1,有,無,1630000,39126,,0.0,0,親友、員工或其他特殊關係間之交易。；,UPTNMLKMLHPFFAW57CA,33.42,0.0,4.16,,
金湖鎮,房地(土地+建物),金門縣金湖鎮塔后４８之１０號三樓之２,23.2,農,,,1090302,土地1建物1車位0,三層,三層,公寓(5樓含以下無電梯),集合住宅,鋼筋混凝土造,1060303,37.67,1,0,1,有,無,1450000,38482,,0.0,0,親友、員工或其他特殊關係間之交易。；,VPTNMLKMLHPFFAW67CA,29.46,0.0,4.13,,
金湖鎮,房地(土地+建物),金門縣金湖鎮塔后４８之１１號,46.7,農,,,1090302,土地1建物1車位0,一層,三層,公寓(5樓含以下無電梯),集合住宅,鋼筋混凝土造,1060303,71.86,1,3,1,有,無,2840000,39521,,0.0,0,親友、員工或其他特殊關係間之交易。；,RPUNMLKMLHPFFAW37CA,63.69,0.0,0.0,,
金湖鎮,房地(土地+建物),金門縣金湖鎮塔后４８之１１號二樓之１,23.2,農,,,1090302,土地1建物1車位0,二層,三層,公寓(5樓含以下無電梯),集合住宅,鋼筋混凝土造,1060303,37.98,1,0,1,有,無,1450000,38178,,0.0,0,親友、員工或其他特殊關係間之交易。；,SPUNMLKMLHPFFAW47CA,29.77,0.0,4.13,,
金湖鎮,房地(土地+建物),金門縣金湖鎮塔后４８之１１號二樓之２,23.2,農,,,1090302,土地1建物1車位0,二層,三層,公寓(5樓含以下無電梯),集合住宅,鋼筋混凝土造,1060303,41.98,1,1,1,有,無,1630000,38828,,0.0,0,親友、員工或其他特殊關係間之交易。；,TPUNMLKMLHPFFAW57CA,33.74,0.0,4.16,,
金湖鎮,房地(土地+建物),金門縣金湖鎮塔后４８之１１號三樓之１,23.2,農,,,1090302,土地1建物1車位0,三層,三層,公寓(5樓含以下無電梯),集合住宅,鋼筋混凝土造,1060303,37.98,1,0,1,有,無,1450000,38178,,0.0,0,親友、員工或其他特殊關係間之交易。；,UPUNMLKMLHPFFAW67CA,29.77,0.0,4.13,,
金湖鎮,房地(土地+建物),金門縣金湖鎮塔后４８之１１號三樓之２,23.2,農,,,1090302,土地1建物1車位0,三層,三層,公寓(5樓含以下無電梯),集合住宅,鋼筋混凝土造,1060303,41.98,1,1,1,有,無,1630000,38828,,0.0,0,親友、員工或其他特殊關係間之交易。；,VPUNMLKMLHPFFAW77CA,33.74,0.0,4.16,,
金寧鄉,房地(土地+建物),金門縣金寧鄉榜林４２號二樓,51.07,其他,,,1090226,土地1建物1車位0,二層,三層,公寓(5樓含以下無電梯),集合住宅,鋼筋混凝土造,1040814,98.30000000000001,3,2,2,有,無,6200000,63072,,0.0,0,,RPQNMLTKLHPFFAW67CA,79.91,0.0,9.85,,
金寧鄉,房地(土地+建物),金門縣金寧鄉東堡１３之３號三樓,38.36,其他,,,1090226,土地1建物1車位0,三層,三層,公寓(5樓含以下無電梯),集合住宅,鋼筋混凝土造,1060110,70.76,3,2,2,有,無,4200000,59356,,0.0,0,,RPRNMLTKLHPFFAW77CA,62.07,0.0,2.71,,
金城鎮,房地(土地+建物),金門縣金寧鄉環島西路二段５５１巷１００弄９０之７號,1109.18,農,,,1090307,土地7建物1車位0,一層，二層，三層,三層,其他,集村農舍,鋼筋混凝土造,1040106,208.14,9,0,9,有,無,15000000,72067,,0.0,0,,RPTNMLRKLHPFFAW77CA,178.46,0.0,29.68,,
金城鎮,房地(土地+建物),金門縣金城鎮賢聚４２之６號,49.65,其他,,,1090303,土地1建物1車位0,一層,四層,華廈(10層含以下有電梯),集合住宅,鋼筋混凝土造,1070213,98.02000000000001,3,2,2,有,無,6000000,61212,,0.0,0,,RPPNMLSKLHPFFAW47CA,78.41,0.0,2.96,,
金湖鎮,土地,峰上段427地號,1070.63,農,,,1090301,土地4建物0車位0,,,其他,,,,0.0,0,0,0,有,無,1284000,1199,,0.0,0,,RPRNMLSKLHPFFAW67CA,0.0,0.0,0.0,,
烈嶼鄉,土地,青岐段498地號,239.0,其他,,,1090311,土地1建物0車位0,,,其他,,,,0.0,0,0,0,有,無,3300000,13808,,0.0,0,,RPRNMLNLLHPFFAW27CA,0.0,0.0,0.0,,
金城鎮,土地,祥瑞段48地號,272.01,其他,,,1090316,土地1建物0車位0,,,其他,,,,0.0,0,0,0,有,無,13600000,49998,,0.0,0,,RPUNMLTKLHPFFAW08CA,0.0,0.0,0.0,,
金湖鎮,土地,下新厝段85地號,41.0,其他,,,1090305,土地1建物0車位0,,,其他,,,,0.0,0,0,0,有,無,400000,9756,,0.0,0,親友、員工或其他特殊關係間之交易。；含增建或未登記建物。；,RPVNMLTKLHPFFAW18CA,0.0,0.0,0.0,,
金寧鄉,房地(土地+建物),金門縣金寧鄉安岐352號三樓,28.08,其他,,,1071212,土地1建物1車位0,三層,五層,華廈(10層含以下有電梯),集合住宅,鋼筋混凝土造,1081125,87.59,3,2,2,有,無,4850000,55372,,0.0,0,,RPRNMLOLLHPFFAW47DA,63.8,0.0,7.0,,
金城鎮,房地(土地+建物),金門縣金城鎮環島北路一段38巷1弄7號,16.21,農,,,1090317,土地1建物1車位0,一層,三層,公寓(5樓含以下無電梯),住家用,鋼筋混凝土造,0850214,60.75,1,1,1,有,無,10380000,170864,,0.0,0,,RPTNMLOKMHPFFAW67DA,49.01,0.0,0.0,,
金城鎮,房地(土地+建物),金門縣金城鎮環島北路一段38巷1弄9號,15.39,農,,,1090317,土地1建物1車位0,一層,三層,公寓(5樓含以下無電梯),住家用,鋼筋混凝土造,0850214,58.440000000000005,1,1,1,有,無,10000000,171116,,0.0,0,,RPVNMLOKMHPFFAW87DA,46.7,0.0,0.0,,
金寧鄉,房地(土地+建物),金門縣金寧鄉安岐351號五樓,30.32,住,,,1090219,土地1建物1車位0,五層,五層,華廈(10層含以下有電梯),集合住宅,鋼筋混凝土造,1081125,94.88,3,2,2,有,無,5400000,56914,,0.0,0,,RPPNMLKLLHPFFAW86DA,69.22,0.0,7.52,,
金寧鄉,房地(土地+建物),金門縣金寧鄉安岐352號四樓,28.09,其他,,,1080612,土地1建物1車位0,四層,五層,華廈(10層含以下有電梯),集合住宅,鋼筋混凝土造,1081125,87.6,3,2,2,有,無,4900000,55936,,0.0,0,,RPQNMLKLLHPFFAW96DA,63.8,0.0,7.0,,
金沙鎮,土地,沙田劃段23地號,1263.0,農,,,1090306,土地1建物0車位0,,,其他,,,,0.0,0,0,0,有,無,2500000,1979,,0.0,0,,RPQNMLNLLHPFFAW17CA,0.0,0.0,0.0,,
金沙鎮,土地,官嶼劃段1022-1地號,500.0,農,,,1090304,土地1建物0車位0,,,其他,,,,0.0,0,0,0,有,無,1550000,3100,,0.0,0,,RPQNMLPLLHPFFAW37CA,0.0,0.0,0.0,,
金城鎮,土地,洪門港測段81地號,754.4,農,,,1090316,土地5建物0車位0,,,其他,,,,0.0,0,0,0,有,無,5615919,7444,,0.0,0,,RPQNMLQLLHPFFAW47CA,0.0,0.0,0.0,,
金寧鄉,土地,寧湖一劃段415-2地號,500.01,農,,,1090319,土地2建物0車位0,,,其他,,,,0.0,0,0,0,有,無,5600000,11200,,0.0,0,,RPQNMLLMLHPFFAW07CA,0.0,0.0,0.0,,
金寧鄉,土地,寧湖一劃段415-1地號,125.0,農,,,1090319,土地1建物0車位0,,,其他,,,,0.0,0,0,0,有,無,1400000,11200,,0.0,0,,RPRNMLLMLHPFFAW17CA,0.0,0.0,0.0,,
金寧鄉,土地,煙墩段176地號,1315.52,其他,,,1090305,土地3建物0車位0,,,其他,,,,0.0,0,0,0,有,無,4800000,3649,,0.0,0,,RPTNMLQLLHPFFAW77CA,0.0,0.0,0.0,,
金湖鎮,土地,夏興段1068地號,2435.27,農,,,1090316,土地6建物0車位0,,,其他,,,,0.0,0,0,0,有,無,2922000,1200,,0.0,0,,RPOOMLQLLHPFFAW37CA,0.0,0.0,0.0,,
金城鎮,房地(土地+建物),金門縣金城鎮浯江路１８號３樓,49.45,其他,,,1090301,土地2建物1車位0,三層,三層,公寓(5樓含以下無電梯),集合住宅,鋼筋混凝土造,0971008,86.5,3,2,2,有,無,5300000,61272,,0.0,0,,RPUNMLRLLHPFFAW97CA,74.75,0.0,3.14,,
金湖鎮,房地(土地+建物),金門縣金湖鎮下莊中興路48號,92.0,其他,,,1081205,土地1建物1車位0,全,二層,透天厝,住商用,鋼筋混凝土造,0710715,128.0,4,3,2,有,無,8000000,62500,,0.0,0,,RPPNMLQLLHPFFAW47DA,128.0,0.0,0.0,,
金寧鄉,房地(土地+建物),金門縣金寧鄉安岐351號二樓,30.32,其他,,,1080513,土地1建物1車位0,二層,五層,華廈(10層含以下有電梯),集合住宅,鋼筋混凝土造,1081125,94.88,3,2,2,有,無,5200000,54806,,0.0,0,,RPRNMLQLLHPFFAW67DA,69.22,0.0,7.52,,
金寧鄉,房地(土地+建物),金門縣金寧鄉安岐353號,143.09,其他,,,1080109,土地1建物1車位0,全,三層,透天厝,住家用,鋼筋混凝土造,1081125,189.89,4,2,2,有,無,11000000,57928,,0.0,0,,RPSNMLQLLHPFFAW77DA,166.74,0.0,23.15,,
金城鎮,房地(土地+建物),金門縣金城鎮民權路226巷4弄17號2樓,17.81,住,,,1090323,土地1建物1車位0,二層,五層,公寓(5樓含以下無電梯),辦公室,鋼筋混凝土造,1020223,70.08,2,1,2,有,無,6500000,92751,,0.0,0,,RPPNMLRLMHPFFAW77EA,51.41,2.47,3.24,,
金城鎮,土地,天后宮段525地號,7.95,住,,,1090325,土地1建物0車位0,,,其他,,,,0.0,0,0,0,有,無,236860,29794,,0.0,0,親友、員工或其他特殊關係間之交易。；畸零地或有合併使用之交易。；,RPTNMLNLMHPFFAW67DA,0.0,0.0,0.0,,
金城鎮,土地,天后宮段525地號,15.9,住,,,1090325,土地1建物0車位0,,,其他,,,,0.0,0,0,0,有,無,473720,29794,,0.0,0,親友、員工或其他特殊關係間之交易。；畸零地或有合併使用之交易。；,RPUNMLNLMHPFFAW77DA,0.0,0.0,0.0,,
金城鎮,土地,蜈蚣山段47地號,417.43,其他,,,1090317,土地1建物0車位0,,,其他,,,,0.0,0,0,0,有,無,2000000,4791,,0.0,0,,RPPNMLKMLHPFFAW86CA,0.0,0.0,0.0,,
金城鎮,土地,延平段196地號,664.21,農,,,1090313,土地1建物0車位0,,,其他,,,,0.0,0,0,0,有,無,3000000,4517,,0.0,0,,RPSNMLQJMHPFFAW57CA,0.0,0.0,0.0,,
金湖鎮,房地(土地+建物),金門縣金湖鎮小徑７５之１號,91.0,其他,,,1090226,土地1建物1車位0,全,二層,透天厝,住商用,鋼筋混凝土造,0700915,129.0,7,3,8,有,無,12000000,93023,,0.0,0,,RPTNMLKLMHPFFAW27CA,129.0,0.0,0.0,,
金城鎮,土地,山前段400-1地號,238.45,其他,,,1090323,土地1建物0車位0,,,其他,,,,0.0,0,0,0,有,無,1670000,7004,,0.0,0,包含公共設施保留地之交易。；,RPTNMLRLLHPFFAW87CA,0.0,0.0,0.0,,
金城鎮,土地,延平段195地號,663.94,農,,,1090313,土地1建物0車位0,,,其他,,,,0.0,0,0,0,有,無,3000000,4518,,0.0,0,,RPRNMLQJMHPFFAW47CA,0.0,0.0,0.0,,
金湖鎮,房地(土地+建物),金門縣金湖鎮市港三路227號6樓之5,11.08,住,,,1090313,土地1建物1車位0,六層,八層,華廈(10層含以下有電梯),集合住宅,鋼筋混凝土造,1041125,62.04,1,2,1,有,有,4450000,71728,,0.0,0,,RPTNMLLMLHPFFAW47DA,33.48,2.39,3.81,,
金湖鎮,土地,峰上段667-1地號,641.0,其他,,,1090309,土地2建物0車位0,,,其他,,,,0.0,0,0,0,有,無,9000000,14041,,0.0,0,,RPPNMLQJMHPFFAW27CA,0.0,0.0,0.0,,
金城鎮,土地,燕南山段899地號,338.78,其他,,,1090323,土地1建物0車位0,,,其他,,,,0.0,0,0,0,有,無,800000,2361,,0.0,0,,RPQNMLQJMHPFFAW37CA,0.0,0.0,0.0,,
金湖鎮,土地,北五劃段501-1地號,953.03,其他,,,1090317,土地2建物0車位0,,,其他,,,,0.0,0,0,0,有,無,3600000,3777,,0.0,0,,RPOOMLNLMHPFFAW17CA,0.0,0.0,0.0,,
金城鎮,土地,旗牌段343-7地號,334.62,住,,,1090316,土地6建物0車位0,,,其他,,,,0.0,0,0,0,有,無,10038000,29998,,0.0,0,,RPSNMLLMLHPFFAW27CA,0.0,0.0,0.0,,
金寧鄉,房地(土地+建物),金門縣金寧鄉嚨口２０之２號,117.03,其他,,,1090109,土地1建物1車位0,全,三層,透天厝,住家用,鋼筋混凝土造,1071130,221.6,5,3,5,有,無,13000000,58664,,0.0,0,土地及建物分次登記案件。前案土地登記收件字號：；,RPTNMLLJMHPFFAW17CA,220.07,0.0,1.53,,
金城鎮,房地(土地+建物),金門縣金城鎮西門里珠浦西路6巷3弄5號,82.19,住,,,1090215,土地1建物1車位0,一層，二層，見其他登記事項,十層,華廈(10層含以下有電梯),補習班,鋼筋混凝土造,1040109,426.46000000000004,0,0,0,無,有,43000000,100830,,0.0,0,,RPQNMLTJMHPFFAW77DA,352.61,3.61,13.25,,
金寧鄉,土地,北二三劃測段639-56地號,1208.71,其他,,,1090319,土地2建物0車位0,,,其他,,,,0.0,0,0,0,有,無,45930000,37999,,0.0,0,,RPSOMLQJMHPFFAW67CA,0.0,0.0,0.0,,
金湖鎮,房地(土地+建物),金門縣金湖鎮環島南路五段６００號,55.62,住,,,1060426,土地1建物1車位0,一層,四層,華廈(10層含以下有電梯),集合住宅,鋼筋混凝土造,1081129,76.81,2,1,1,有,有,5300000,69001,,0.0,0,,RPRNMLRJMHPFFAW57CA,52.0,0.0,4.76,,
金湖鎮,房地(土地+建物),金門縣金湖鎮環島南路五段６００號２樓,28.2,住,,,1060423,土地1建物1車位0,二層,四層,華廈(10層含以下有電梯),集合住宅,鋼筋混凝土造,1081129,76.81,2,1,1,有,有,3800000,49473,,0.0,0,,RPSNMLRJMHPFFAW67CA,52.0,0.0,4.76,,
金湖鎮,房地(土地+建物),金門縣金湖鎮環島南路五段６０２號２樓,28.2,住,,,1060411,土地1建物1車位0,二層,四層,華廈(10層含以下有電梯),集合住宅,鋼筋混凝土造,1081129,76.81,2,1,1,有,有,3800000,49473,,0.0,0,,RPTNMLRJMHPFFAW77CA,52.0,0.0,4.76,,
金湖鎮,房地(土地+建物),金門縣金湖鎮環島南路五段６００號４樓,28.2,住,,,1080422,土地1建物1車位0,四層,四層,華廈(10層含以下有電梯),集合住宅,鋼筋混凝土造,1081129,76.81,2,1,1,有,有,4600000,59888,,0.0,0,,RPUNMLRJMHPFFAW87CA,52.0,0.0,4.76,,
烈嶼鄉,土地,前埔測段1214地號,1084.87,農,,,1090219,土地2建物0車位0,,,其他,,,,0.0,0,0,0,有,無,1000000,922,,0.0,0,,RPPNMLSJMHPFFAW47CA,0.0,0.0,0.0,,
金湖鎮,房地(土地+建物)+車位,金門縣金湖鎮塔后３２２號１樓之１,49.49,其他,,,1090310,土地1建物1車位1,一層,四層,華廈(10層含以下有電梯),集合住宅,鋼筋混凝土造,1081002,115.15,3,2,2,有,無,6400000,60057,升降機械,13.58,300000,,RPQNMLSJMHPFFAW57CA,80.31,0.0,0.0,,
金城鎮,房地(土地+建物),金門縣金城鎮小西門４７號二樓,51.15,其他,,,1090223,土地1建物1車位0,二層,三層,公寓(5樓含以下無電梯),集合住宅,鋼筋混凝土造,1030110,92.05,3,2,2,有,無,4500000,48886,,0.0,0,,RPPNMLTJMHPFFAW57CA,83.56,0.0,2.82,,
金湖鎮,房地(土地+建物)+車位,金門縣金湖鎮市港三路１３９號四樓,29.06,住,,,1090323,土地1建物1車位2,四層,七層,華廈(10層含以下有電梯),集合住宅,鋼筋混凝土造,1071211,149.91,3,2,2,有,無,10700000,71413,坡道機械,14.08,1000000,,RPVNMLTJMHPFFAW18CA,89.63,0.0,9.74,,
金寧鄉,房地(土地+建物),金門縣金寧鄉頂堡９７之３號,56.94,住,,,1090323,土地2建物1車位0,一層,三層,公寓(5樓含以下無電梯),集合住宅,鋼筋混凝土造,1060505,122.36,3,2,2,有,無,7600000,62112,,0.0,0,親友、員工或其他特殊關係間之交易。；,RPRNMLKKMHPFFAW96CA,92.08,0.0,4.42,,
金寧鄉,房地(土地+建物),金門縣金寧鄉頂堡９７之３號三樓,56.94,住,,,1090323,土地2建物1車位0,三層,三層,公寓(5樓含以下無電梯),集合住宅,鋼筋混凝土造,1060505,122.36,3,2,2,有,無,7300000,59660,,0.0,0,親友、員工或其他特殊關係間之交易。；,SPRNMLKKMHPFFAW07CA,92.08,0.0,4.42,,
金寧鄉,房地(土地+建物),金門縣金寧鄉頂堡９７之６號,56.94,住,,,1090323,土地2建物1車位0,一層,三層,公寓(5樓含以下無電梯),集合住宅,鋼筋混凝土造,1060505,122.36,3,2,2,有,無,7600000,62112,,0.0,0,親友、員工或其他特殊關係間之交易。；,TPRNMLKKMHPFFAW17CA,92.08,0.0,4.42,,
金城鎮,土地,山前段355-2地號,50.6,農,,,1090401,土地3建物0車位0,,,其他,,,,0.0,0,0,0,有,無,400000,7905,,0.0,0,,RPQNMLKKMHPFFAW96DA,0.0,0.0,0.0,,
金沙鎮,土地,大山段152-7地號,3884.18,其他,,,1090220,土地5建物0車位0,,,其他,,,,0.0,0,0,0,有,無,17000000,4377,,0.0,0,土地及建物分次登記案件。前案土地登記收件字號：；,RPSNMLKKMHPFFAW07CA,0.0,0.0,0.0,,
金寧鄉,房地(土地+建物),金門縣金寧鄉東洲７６之２號,57.64,其他,,,1090320,土地1建物1車位0,一層,三層,華廈(10層含以下有電梯),集合住宅,鋼筋混凝土造,1040721,140.39,3,2,2,有,無,7600000,54135,,0.0,0,,RPRNMLNKMHPFFAW27CA,81.54,1.93,9.1,,
金湖鎮,房地(土地+建物)+車位,金門縣金湖鎮市港五路１５１號八樓之３,8.63,住,,,1090221,土地1建物1車位1,八層,九層,華廈(10層含以下有電梯),集合住宅,鋼筋混凝土造,1051123,64.77,1,1,1,有,無,4350000,67161,坡道機械,8.68,0,,RPRNMLTJMHPFFAW77CA,31.89,1.5,4.84,,
金湖鎮,房地(土地+建物)+車位,金門縣金湖鎮尚義１５０號三樓之６,38.99,其他,,,1090327,土地2建物1車位1,三層,三層,華廈(10層含以下有電梯),集合住宅,鋼筋混凝土造,1080625,103.78,2,1,1,有,無,4650000,55413,坡道平面,29.79,550000,,RPSNMLNKMHPFFAW37CA,50.25,0.0,3.62,,
金寧鄉,房地(土地+建物),金門縣金寧鄉東堡１３之３號二樓,38.36,其他,,,1090319,土地1建物1車位0,二層,三層,公寓(5樓含以下無電梯),集合住宅,鋼筋混凝土造,1060110,70.76,2,2,2,有,無,3500000,49463,,0.0,0,,RPTNMLNKMHPFFAW47CA,62.07,0.0,2.71,,
金沙鎮,土地,山西段1914地號,458.0,其他,,,1090329,土地1建物0車位0,,,其他,,,,0.0,0,0,0,有,無,9000000,19651,,0.0,0,,RPPNMLOKMHPFFAW17CA,0.0,0.0,0.0,,
金沙鎮,土地,官嶼劃段1070地號,213.0,農,,,1090329,土地1建物0車位0,,,其他,,,,0.0,0,0,0,有,無,255000,1197,,0.0,0,,RPQNMLOKMHPFFAW27CA,0.0,0.0,0.0,,
金寧鄉,土地,嚨口村測段39地號,268.23,其他,,,1090409,土地1建物0車位0,,,其他,,,,0.0,0,0,0,有,無,7500000,27961,,0.0,0,,RPVNMLPKMHPFFAW87CA,0.0,0.0,0.0,,
金寧鄉,土地,寧湖一劃段138-3地號,64.1,其他,,,1090327,土地1建物0車位0,,,其他,,,,0.0,0,0,0,有,無,855000,13339,,0.0,0,包含公共設施保留地之交易。；,RPXNMLPKMHPFFAW08CA,0.0,0.0,0.0,,
金寧鄉,土地,寧湖三劃段103地號,500.0,農,,,1080808,土地1建物0車位0,,,其他,,,,0.0,0,0,0,有,無,2510000,5020,,0.0,0,親友、員工或其他特殊關係間之交易。；受債權債務影響或債務抵償之交易。；,RPSNMLQKMHPFFAW67CA,0.0,0.0,0.0,,
金湖鎮,土地,多年段579-8地號,190.92,其他,,,1090407,土地2建物0車位0,,,其他,,,,0.0,0,0,0,有,無,198556,1040,,0.0,0,包含公共設施保留地之交易。；,RPSNMLLLMHPFFAW27CA,0.0,0.0,0.0,,
金寧鄉,土地,中三劃測段298地號,382.91,農,,,1090409,土地1建物0車位0,,,其他,,,,0.0,0,0,0,有,無,2000000,5223,,0.0,0,,RPRNMLPKMHPFFAW47CA,0.0,0.0,0.0,,
金寧鄉,土地,青山段1210地號,452.51,農,,,1090409,土地1建物0車位0,,,其他,,,,0.0,0,0,0,有,無,1000000,2210,,0.0,0,無通路之農地,RPSNMLPKMHPFFAW57CA,0.0,0.0,0.0,,
金湖鎮,土地,后壟段153-21地號,564.17,農,,,1090410,土地1建物0車位0,,,其他,,,,0.0,0,0,0,有,無,1250000,2216,,0.0,0,,RPTNMLPKMHPFFAW67CA,0.0,0.0,0.0,,
金寧鄉,房地(土地+建物),金門縣金寧鄉仁愛新?６６之３號二樓,33.34,其他,,,1090408,土地1建物1車位0,二層,三層,公寓(5樓含以下無電梯),集合住宅,鋼筋混凝土造,1061108,62.57,2,2,2,有,無,4500000,71919,,0.0,0,,RPRNMLNLMHPFFAW37CA,53.69,0.0,4.53,,
金寧鄉,土地,中二劃段378-2地號,37.56,其他,,,1090407,土地1建物0車位0,,,其他,,,,0.0,0,0,0,有,無,549878,14640,,0.0,0,包含公共設施保留地之交易。；,RPPNMLLLMHPFFAW96CA,0.0,0.0,0.0,,
金寧鄉,土地,煙墩段598-4地號,1276.82,其他,,,1090316,土地3建物0車位0,,,其他,,,,0.0,0,0,0,有,無,6000000,4699,,0.0,0,,RPTNMLQKMHPFFAW77CA,0.0,0.0,0.0,,
金沙鎮,土地,榮湖段505地號,303.86,其他,,,1090407,土地1建物0車位0,,,其他,,,,0.0,0,0,0,有,無,898453,2957,,0.0,0,包含公共設施保留地之交易。；,RPRNMLLLMHPFFAW17CA,0.0,0.0,0.0,,
金寧鄉,房地(土地+建物),金門縣金寧鄉安岐１８８號,132.53,其他,,,1090323,土地1建物1車位0,全,三層,透天厝,集合住宅,鋼筋混凝土造,1030805,204.98,5,2,5,有,無,10800000,52688,,0.0,0,,RPRNMLRKMHPFFAW67CA,185.49,0.0,19.49,,
金沙鎮,土地,寧湖二劃測段1319-1地號,252.24,其他,,,1090407,土地5建物0車位0,,,其他,,,,0.0,0,0,0,有,無,804087,3188,,0.0,0,包含公共設施保留地之交易。；,RPTNMLLLMHPFFAW37CA,0.0,0.0,0.0,,
金城鎮,土地,前水頭測段237-2地號,52.64,其他,,,1090407,土地1建物0車位0,,,其他,,,,0.0,0,0,0,有,無,562868,10693,,0.0,0,包含公共設施保留地之交易。；,RPUNMLLLMHPFFAW47CA,0.0,0.0,0.0,,
金城鎮,土地,旗牌段343-2地號,693.59,其他,,,1090406,土地2建物0車位0,,,其他,,,,0.0,0,0,0,有,無,20800000,29989,,0.0,0,,RPQNMLKLMHPFFAW96CA,0.0,0.0,0.0,,
金城鎮,土地,山前段738地號,140.78,其他,,,1090407,土地1建物0車位0,,,其他,,,,0.0,0,0,0,有,無,633510,4500,,0.0,0,包含公共設施保留地之交易。；,RPQNMLLLMHPFFAW07CA,0.0,0.0,0.0,,
金沙鎮,土地,中蘭劃測段444地號,405.0,農,,,1090411,土地1建物0車位0,,,其他,,,,0.0,0,0,0,有,無,1620000,4000,,0.0,0,,RPQNMLRLMHPFFAW67CA,0.0,0.0,0.0,,
金城鎮,土地,后豐港段5地號,483.8,住,,,1090414,土地2建物0車位0,,,其他,,,,0.0,0,0,0,有,無,9660000,19967,,0.0,0,,RPSNMLKLMHPFFAW17CA,0.0,0.0,0.0,,
金寧鄉,土地,寧湖二劃測段1258地號,621.1,其他,,,1090407,土地1建物0車位0,,,其他,,,,0.0,0,0,0,有,無,4300000,6923,,0.0,0,,RPPNMLKLMHPFFAW86CA,0.0,0.0,0.0,,
金寧鄉,房地(土地+建物),金門縣金寧鄉瓊安路９６９號,43.93,其他,,,1090316,土地1建物1車位0,一層,四層,華廈(10層含以下有電梯),集合住宅,鋼筋混凝土造,1090117,90.0,3,2,2,有,無,5400000,60000,,0.0,0,,RPVNMLLLMHPFFAW57CA,73.54,0.0,5.64,,
金沙鎮,土地,英坑段712地號,452.15,農,,,1090406,土地1建物0車位0,,,其他,,,,0.0,0,0,0,有,無,720000,1592,,0.0,0,,RPWNMLLLMHPFFAW67CA,0.0,0.0,0.0,,
金湖鎮,房地(土地+建物),金門縣金湖鎮新頭３３３號,85.36,其他,,,1090410,土地1建物1車位0,全,三層,透天厝,集合住宅,鋼筋混凝土造,1070205,137.88,4,2,5,有,無,8200000,59472,,0.0,0,,RPTNMLMLMHPFFAW47CA,134.76,0.0,3.12,,
金湖鎮,土地,塔后段1081地號,38.67,住,,,1090330,土地1建物0車位0,,,其他,,,,0.0,0,0,0,有,無,2325000,60124,,0.0,0,建商與地主合建案。；,RPUNMLMLMHPFFAW57CA,0.0,0.0,0.0,,
金湖鎮,建物,金門縣金湖鎮塔后１３－７號２樓,0.0,,,,1090330,土地0建物1車位0,二層,三層,公寓(5樓含以下無電梯),集合住宅,鋼筋混凝土造,1081114,76.02000000000001,2,1,1,有,無,2325000,30584,,0.0,0,建商與地主合建案。；,RPVNMLMLMHPFFAW67CA,59.93,0.0,5.08,,
金城鎮,房地(土地+建物),金門縣金城鎮中興路２０５巷１８號六樓,7.92,其他,,,1090406,土地1建物1車位0,六層,七層,華廈(10層含以下有電梯),集合住宅,鋼筋混凝土造,0991018,54.84,1,1,1,有,無,4050000,73851,,0.0,0,,RPPNMLNLMHPFFAW17CA,43.43,0.0,0.0,,
金城鎮,土地,中一段32地號,989.41,農,,,1090405,土地1建物0車位0,,,其他,,,,0.0,0,0,0,有,無,30000000,30321,,0.0,0,,RPQNMLOJNHPFFAW27CA,0.0,0.0,0.0,,
金城鎮,土地,延平段1034-1地號,492.85,農,,,1090411,土地1建物0車位0,,,其他,,,,0.0,0,0,0,有,無,3000000,6087,,0.0,0,,RPRNMLMLMHPFFAW27CA,0.0,0.0,0.0,,
金寧鄉,房地(土地+建物),金門縣金寧鄉下埔下６之３號二樓,34.32,其他,,,1090313,土地1建物1車位0,二層,三層,公寓(5樓含以下無電梯),集合住宅,鋼筋混凝土造,1061030,55.25,2,1,1,有,無,4000000,72398,,0.0,0,,RPRNMLOLMHPFFAW47CA,44.7,0.0,4.56,,
金寧鄉,房地(土地+建物),金門縣金寧鄉下埔下６之９號二樓,34.43,其他,,,1090313,土地1建物1車位0,二層,三層,公寓(5樓含以下無電梯),集合住宅,鋼筋混凝土造,1061030,55.4,2,1,1,有,無,3960000,71480,,0.0,0,,SPRNMLOLMHPFFAW57CA,44.84,0.0,4.56,,
金寧鄉,土地,寧湖一劃段138-13地號,40.68,其他,,,1090414,土地1建物0車位0,,,其他,,,,0.0,0,0,0,有,無,530000,13029,,0.0,0,,RPSNMLOLMHPFFAW57CA,0.0,0.0,0.0,,
金寧鄉,房地(土地+建物),金門縣金寧鄉下后垵５１號,100.0,其他,,,1090325,土地1建物1車位0,全,三層,透天厝,集合住宅,鋼筋混凝土造,1030217,169.57,4,2,5,有,無,11500000,67819,,0.0,0,,RPWNMLNLMHPFFAW87CA,164.64,0.0,4.93,,
金城鎮,房地(土地+建物),金門縣金城鎮庵前３５之７號,85.17,其他,,,1090412,土地1建物1車位0,全,三層,透天厝,住家用,鋼筋混凝土造,1090312,165.18,4,2,5,有,無,10000000,60540,,0.0,0,,RPOOMLLKNHPFFAW96CA,157.19,0.0,7.99,,
金城鎮,房地(土地+建物),金門縣金城鎮金門城６８之７號,44.11,住,,,1090402,土地1建物1車位0,一層,三層,公寓(5樓含以下無電梯),集合住宅,鋼筋混凝土造,1051109,76.42999999999999,3,2,2,有,無,4440000,58092,,0.0,0,,RPPPMLSJNHPFFAW77CA,70.32,0.0,0.0,,
金城鎮,房地(土地+建物),金門縣金城鎮民權路30巷6弄1號,36.92,住,,,1090410,土地1建物1車位0,一層,五層,公寓(5樓含以下無電梯),店舖、停車空間,鋼筋混凝土造,0960718,129.59,1,0,1,有,無,7500000,57875,,0.0,0,,RPPNMLOLMHPFFAW37DA,115.29,0.0,2.79,,
金寧鄉,房地(土地+建物),金門縣金寧鄉西浦頭７９之１１號二樓,51.9,其他,,,1090331,土地1建物1車位0,二層,三層,公寓(5樓含以下無電梯),集合住宅,鋼筋混凝土造,1040430,75.28999999999999,2,1,1,有,無,3800000,50478,,0.0,0,,RPSNMLRLMHPFFAW87CA,63.41,0.0,5.86,,
金沙鎮,土地,蔡厝劃測段644地號,292.99,農,,,1090410,土地1建物0車位0,,,其他,,,,0.0,0,0,0,有,無,940000,3208,,0.0,0,,RPTNMLOLMHPFFAW67CA,0.0,0.0,0.0,,
金沙鎮,土地,高坑劃測段661地號,750.0,農,,,1090410,土地1建物0車位0,,,其他,,,,0.0,0,0,0,有,無,2850000,3800,,0.0,0,,RPUNMLOLMHPFFAW77CA,0.0,0.0,0.0,,
金寧鄉,房地(土地+建物),金門縣金寧鄉瓊安路９６９號三樓,43.93,其他,,,1090305,土地1建物1車位0,三層,四層,華廈(10層含以下有電梯),集合住宅,鋼筋混凝土造,1090117,90.0,3,2,2,有,無,5100000,56667,,0.0,0,,RPQNMLOLMHPFFAW37CA,73.54,0.0,5.64,,
金城鎮,房地(土地+建物),金門縣金城鎮金城新莊７巷１６號,77.78,住,,,1090407,土地1建物1車位0,全,三層,透天厝,停車空間、一般零售業、住宅,鋼筋混凝土造,0881219,199.16,3,2,2,有,無,15759975,79132,,0.0,0,,RPRNMLOJNHPFFAW37CA,180.44,6.72,12.0,,
金湖鎮,車位,金門縣金湖鎮市港三路147號,0.17,住,,,1090418,土地0建物0車位1,,,其他,,,,7.04,0,0,0,有,無,500000,,坡道機械,7.04,500000,,RPSNMLTLMHPFFAW08CA,0.0,0.0,0.0,,
金沙鎮,房地(土地+建物),金門縣金寧鄉環島西路二段８０巷２弄２５號,451.8,其他,,,1090416,土地2建物1車位0,一層，二層，三層,三層,其他,集村農舍,鋼筋混凝土造,1040416,179.2,4,3,4,有,無,13500000,75335,,0.0,0,集村農舍,RPTNMLTLMHPFFAW18CA,168.99,0.0,10.21,,
金沙鎮,土地,榮湖段697地號,1114.2,農,,,1090410,土地2建物0車位0,,,其他,,,,0.0,0,0,0,有,無,3000000,2693,,0.0,0,,RPUNMLTLMHPFFAW28CA,0.0,0.0,0.0,,
金湖鎮,房地(土地+建物),金門縣金湖鎮市港三路１４１號二樓,31.38,住,,,1090418,土地1建物1車位0,二層,七層,華廈(10層含以下有電梯),集合住宅,鋼筋混凝土造,1071211,146.47,3,2,2,有,無,9500000,64860,,0.0,0,,RPRNMLKMMHPFFAW17CA,96.17,0.0,10.71,,
金湖鎮,車位,金門縣金湖鎮尚義150號一樓之2,0.13,其他,,,1090407,土地0建物0車位1,,,其他,,,,29.79,0,0,0,有,無,500000,,坡道平面,29.79,500000,,RPRNMLLJNHPFFAW07CA,0.0,0.0,0.0,,
金寧鄉,土地,寧安四劃段107地號,1000.0,農,,,1090319,土地1建物0車位0,,,其他,,,,0.0,0,0,0,有,無,3200000,3200,,0.0,0,,RPSNMLLJNHPFFAW17CA,0.0,0.0,0.0,,
金寧鄉,房地(土地+建物),金門縣金寧鄉瓊安路９６９號二樓,43.93,其他,,,1090305,土地1建物1車位0,二層,四層,華廈(10層含以下有電梯),集合住宅,鋼筋混凝土造,1090117,90.0,3,2,2,有,無,5100000,56667,,0.0,0,,RPWNMLLJNHPFFAW57CA,73.54,0.0,5.64,,
金沙鎮,土地,擎天段1352地號,33.33,其他,,,1090427,土地1建物0車位0,,,其他,,,,0.0,0,0,0,有,無,550000,16502,,0.0,0,,RPTNMLKMMHPFFAW47DA,0.0,0.0,0.0,,
金沙鎮,土地,蔡厝劃測段279地號,1046.49,農,,,1090420,土地1建物0車位0,,,其他,,,,0.0,0,0,0,有,無,1800000,1720,,0.0,0,,RPPNMLOJNHPFFAW17CA,0.0,0.0,0.0,,
金城鎮,房地(土地+建物),金門縣金城鎮賢聚４０之３號,42.08,其他,,,1090305,土地1建物1車位0,一層,三層,公寓(5樓含以下無電梯),集合住宅,鋼筋混凝土造,1070214,76.92,3,2,2,有,無,4000000,52002,,0.0,0,,RPOOMLLJNHPFFAW86CA,65.93,0.0,5.12,,
金城鎮,房地(土地+建物),金門縣金城鎮庵前３５之５號,86.26,其他,,,1090412,土地1建物1車位0,全,三層,透天厝,住家用,鋼筋混凝土造,1090312,167.29,4,2,5,有,無,9200000,54994,,0.0,0,,RPUNMLLKNHPFFAW47CA,159.3,0.0,7.99,,
金城鎮,房地(土地+建物),金門縣金城鎮庵前３５之６號,85.17,其他,,,1090412,土地1建物1車位0,全,三層,透天厝,住家用,鋼筋混凝土造,1090312,165.18,4,2,5,有,無,9800000,59329,,0.0,0,,RPQNMLMKNHPFFAW17CA,157.19,0.0,7.99,,
金湖鎮,土地,瓊林段215地號,720.08,其他,,,1090331,土地1建物0車位0,,,其他,,,,0.0,0,0,0,有,無,2500000,3472,,0.0,0,,RPSNMLNKNHPFFAW47CA,0.0,0.0,0.0,,
金寧鄉,房地(土地+建物),金門縣金寧鄉湖下４３之６號,52.45,其他,,,1090318,土地1建物1車位0,一層,三層,公寓(5樓含以下無電梯),集合住宅,鋼筋混凝土造,1080805,96.17,3,2,2,有,無,6500000,67589,,0.0,0,,RPXNMLLJNHPFFAW67CA,82.89,0.0,6.14,,
金寧鄉,房地(土地+建物),金門縣金寧鄉瓊安路９６９號四樓,43.93,其他,,,1090305,土地1建物1車位0,四層,四層,華廈(10層含以下有電梯),集合住宅,鋼筋混凝土造,1090117,90.0,3,2,2,有,無,5200000,57778,,0.0,0,,RPVNMLLJNHPFFAW47CA,73.54,0.0,5.64,,
金寧鄉,房地(土地+建物),金門縣金寧鄉下埔下６之８號三樓,34.32,其他,,,1090420,土地1建物1車位0,三層,三層,公寓(5樓含以下無電梯),集合住宅,鋼筋混凝土造,1061030,55.21,2,1,1,有,無,4150000,75168,,0.0,0,,RPTNMLOJNHPFFAW57CA,44.66,0.0,4.56,,
金寧鄉,房地(土地+建物),金門縣金寧鄉下埔下６之９號三樓,34.43,其他,,,1090420,土地1建物1車位0,三層,三層,公寓(5樓含以下無電梯),集合住宅,鋼筋混凝土造,1061030,55.4,2,1,1,有,無,4150000,74910,,0.0,0,,SPTNMLOJNHPFFAW67CA,44.84,0.0,4.56,,
金湖鎮,土地,新頭段292-1地號,926.0,農,,,1090424,土地1建物0車位0,,,其他,,,,0.0,0,0,0,有,無,5900000,6371,,0.0,0,,RPPOMLLJNHPFFAW96CA,0.0,0.0,0.0,,
金寧鄉,房地(土地+建物),金門縣金寧鄉下堡１８８號,50.4,住,,,1090422,土地1建物1車位0,一層,五層,華廈(10層含以下有電梯),集合住宅,鋼筋混凝土造,1090219,105.95,3,2,2,有,無,8000000,75507,,0.0,0,,RPQNMLSJNHPFFAW67CA,83.46,0.0,8.43,,
金寧鄉,房地(土地+建物),金門縣金寧鄉下堡188號二樓,50.4,住,,,1090422,土地1建物1車位0,二層,五層,華廈(10層含以下有電梯),集合住宅,鋼筋混凝土造,1090219,105.95,3,2,2,有,無,7250000,68429,,0.0,0,,RPSNMLSJNHPFFAW87CA,83.46,0.0,8.43,,
金寧鄉,房地(土地+建物),金門縣金寧鄉下堡１８８號三樓　,50.4,住,,,1090422,土地1建物1車位0,三層,五層,華廈(10層含以下有電梯),集合住宅,鋼筋混凝土造,1090219,105.95,3,2,2,有,無,7250000,68429,,0.0,0,,RPUNMLSJNHPFFAW08CA,83.46,0.0,8.43,,
金沙鎮,土地,北五劃段34地號,1803.66,其他,,,1090427,土地4建物0車位0,,,其他,,,,0.0,0,0,0,有,無,5859000,3248,,0.0,0,自然村專用區交易總價270萬元整,RPSNMLOJNHPFFAW57DA,0.0,0.0,0.0,,
金城鎮,土地,水頭段625地號,950.94,農,,,1090420,土地1建物0車位0,,,其他,,,,0.0,0,0,0,有,無,4500000,4732,,0.0,0,受債權債務影響或債務抵償之交易。；,RPPNMLRJNHPFFAW57DA,0.0,0.0,0.0,,
金寧鄉,房地(土地+建物),金門縣金寧鄉環島西路二段７８號,375.0,農,,,1090420,土地1建物1車位0,一層，二層，屋頂突出物,二層,農舍,農舍,鋼筋混凝土造,1030106,268.2,7,2,6,有,無,14000000,,,0.0,0,,RPQNMLLKNHPFFAW07CA,259.99,0.0,8.21,,
金寧鄉,土地,龍潭段795地號,225.21,農,,,1090416,土地1建物0車位0,,,其他,,,,0.0,0,0,0,有,無,270000,1199,,0.0,0,,RPPNMLQJNHPFFAW37CA,0.0,0.0,0.0,,
金城鎮,土地,延平段159-1地號,286.77,農,,,1090423,土地2建物0車位0,,,其他,,,,0.0,0,0,0,有,無,2580000,8997,,0.0,0,,RPRNMLQJNHPFFAW57CA,0.0,0.0,0.0,,
金寧鄉,土地,寧湖三劃段728-6地號,888.47,其他,,,1090417,土地1建物0車位0,,,其他,,,,0.0,0,0,0,有,無,12500000,14069,,0.0,0,,RPVNMLQJNHPFFAW97CA,0.0,0.0,0.0,,
金寧鄉,房地(土地+建物),金門縣金寧鄉環島西路二段９０１巷１弄３８號三樓,54.1,其他,,,1090406,土地1建物1車位0,三層,三層,公寓(5樓含以下無電梯),集合住宅,鋼筋混凝土造,1070919,114.85000000000001,3,1,4,有,無,5500000,47889,,0.0,0,,RPWNMLQJNHPFFAW08CA,86.82,0.0,8.55,,
金沙鎮,土地,蔡厝劃測段239地號,986.23,農,,,1090430,土地1建物0車位0,,,其他,,,,0.0,0,0,0,有,無,3500000,3549,,0.0,0,,RPQNMLRJNHPFFAW57CA,0.0,0.0,0.0,,
金城鎮,房地(土地+建物),金門縣金城鎮金門城106之8號,57.07,住,,,1090428,土地1建物1車位0,一層,三層,公寓(5樓含以下無電梯),集合住宅,鋼筋混凝土造,1050602,92.69,3,1,2,有,無,5100000,55016,,0.0,0,,RPRNMLRJNHPFFAW67CA,80.67,0.0,5.88,,
金寧鄉,房地(土地+建物),金門縣金寧鄉下堡１８８號四樓,50.4,住,,,1090422,土地1建物1車位0,四層,五層,華廈(10層含以下有電梯),集合住宅,鋼筋混凝土造,1090219,105.95,3,2,2,有,無,7150000,67485,,0.0,0,,RPWNMLSJNHPFFAW28CA,83.46,0.0,8.43,,
金寧鄉,房地(土地+建物),金門縣金寧鄉下堡１８８號五樓,50.4,住,,,1090422,土地1建物1車位0,五層,五層,華廈(10層含以下有電梯),集合住宅,鋼筋混凝土造,1090219,105.95,3,2,2,有,無,7350000,69372,,0.0,0,,RPOOMLSJNHPFFAW57CA,83.46,0.0,8.43,,
金寧鄉,土地,大園段329地號,321.11,農,,,1090415,土地1建物0車位0,,,其他,,,,0.0,0,0,0,有,無,385000,1199,,0.0,0,,RPPNMLLKNHPFFAW96CA,0.0,0.0,0.0,,
金寧鄉,房地(土地+建物),金門縣金寧鄉下堡１８８之１號,50.4,住,,,1090422,土地1建物1車位0,一層,五層,華廈(10層含以下有電梯),集合住宅,鋼筋混凝土造,1090219,105.95,3,2,2,有,無,8000000,75507,,0.0,0,土地及建物分次登記案件。前案土地登記收件字號：；,RPSOMLSJNHPFFAW97CA,83.46,0.0,8.43,,
金寧鄉,房地(土地+建物),金門縣金寧鄉下堡１８８之１號三樓,50.4,住,,,1090422,土地1建物1車位0,三層,五層,華廈(10層含以下有電梯),集合住宅,鋼筋混凝土造,1090219,105.95,3,2,2,有,無,7250000,68429,,0.0,0,土地及建物分次登記案件。前案土地登記收件字號：；,RPUOMLSJNHPFFAW18CA,83.46,0.0,8.43,,
金寧鄉,房地(土地+建物),金門縣金寧鄉下堡１８８之１號四樓,50.4,住,,,1090422,土地1建物1車位0,四層,五層,華廈(10層含以下有電梯),集合住宅,鋼筋混凝土造,1090219,105.95,3,2,2,有,無,7150000,67485,,0.0,0,土地及建物分次登記案件。前案土地登記收件字號：；,RPWOMLSJNHPFFAW38CA,83.46,0.0,8.43,,
金寧鄉,房地(土地+建物),金門縣金寧鄉頂堡７９之３號,41.0,其他,,,1090417,土地1建物1車位0,一層,三層,公寓(5樓含以下無電梯),,,1020722,72.0,3,2,2,有,無,4700000,65278,,0.0,0,,RPTPMLSJNHPFFAW18CA,66.04,0.0,0.0,,
金寧鄉,房地(土地+建物),金門縣金寧鄉下堡188之1號二樓,50.4,住,,,1090422,土地1建物1車位0,二層,五層,華廈(10層含以下有電梯),集合住宅,鋼筋混凝土造,1090219,105.95,3,2,2,有,無,7250000,68429,,0.0,0,,RPQOMLSJNHPFFAW77CA,83.46,0.0,8.43,,
金湖鎮,房地(土地+建物),金門縣金湖鎮塔后２６０號,122.5,其他,,,1090408,土地1建物1車位0,全,三層,透天厝,住家用,鋼筋混凝土造,0880615,167.15,3,2,4,有,無,6000000,35896,,0.0,0,親友、員工或其他特殊關係間之交易。；,RPTNMLMKNHPFFAW47CA,144.69,10.21,12.25,,
金湖鎮,房地(土地+建物),金門縣金湖鎮料羅新村６０９號二樓,43.37,住,,,1090407,土地1建物1車位0,二層,四層,華廈(10層含以下有電梯),集合住宅,鋼筋混凝土造,1070118,83.51,3,2,2,有,無,4300000,51491,,0.0,0,,RPQNMLNKNHPFFAW27CA,65.7,0.0,6.58,,
金湖鎮,房地(土地+建物),金門縣金湖鎮料羅新村６３２號,142.94,其他,,,1090427,土地2建物1車位0,全,三層,透天厝,集合住宅,鋼筋混凝土造,1040508,164.16,5,3,5,有,無,11200000,68226,,0.0,0,親友、員工或其他特殊關係間之交易。；,RPQNMLPKNHPFFAW47CA,146.94,0.0,17.22,,
金寧鄉,房地(土地+建物),金門縣金寧鄉頂堡２４７號,47.48,其他,,,1090427,土地1建物1車位0,一層,三層,公寓(5樓含以下無電梯),集合住宅,鋼筋混凝土造,1080418,74.10000000000001,2,1,2,有,無,4380000,59109,,0.0,0,含一號停車位之使用權,RPRPMLSJNHPFFAW97CA,63.27,0.0,0.0,,
金寧鄉,房地(土地+建物),金門縣金寧鄉下堡１８８之１號五樓,50.4,住,,,1090422,土地1建物1車位0,五層,五層,華廈(10層含以下有電梯),集合住宅,鋼筋混凝土造,1090219,105.95,3,2,2,有,無,7350000,69372,,0.0,0,土地及建物分次登記案件。前案土地登記收件字號：；,RPOPMLSJNHPFFAW67CA,83.46,0.0,8.43,,
金寧鄉,房地(土地+建物),金門縣金寧鄉埔邊１２６號,95.0,住,,,1090413,土地1建物1車位0,全,三層,透天厝,住家用,鋼筋混凝土造,1020813,164.46,5,2,5,有,無,11000000,66886,,0.0,0,,RPRNMLOKNHPFFAW47CA,159.75,0.0,4.71,,
金城鎮,土地,賢聚測段296-1地號,414.27,其他,,,1090501,土地1建物0車位0,,,其他,,,,0.0,0,0,0,有,無,4500000,10862,,0.0,0,親友、員工或其他特殊關係間之交易。；,RPTNMLQLNHPFFAW97CA,0.0,0.0,0.0,,
金寧鄉,車位,金門縣金寧鄉湖下213之9號停車位編號13,0.0,,,,1090428,土地0建物0車位1,,,其他,,,,12.3,0,0,0,有,無,150000,,坡道平面,12.29,150000,車位不佔基地持份，僅公設調整,RPRNMLLKNHPFFAW27DA,0.0,0.0,0.0,,
金寧鄉,車位,金門縣金寧鄉湖下213之9號停車位編號14,0.0,,,,1090428,土地0建物0車位1,,,其他,,,,12.3,0,0,0,有,無,150000,,坡道平面,12.29,150000,車位不佔基地持份，僅公設調整,RPSNMLLKNHPFFAW37DA,0.0,0.0,0.0,,
金寧鄉,車位,金門縣金寧鄉湖下213之9號停車位編號15,0.0,,,,1090428,土地0建物0車位1,,,其他,,,,12.3,0,0,0,有,無,150000,,坡道平面,12.29,150000,車位不佔基地持份，僅公設調整,RPTNMLLKNHPFFAW47DA,0.0,0.0,0.0,,
金城鎮,房地(土地+建物),金門縣金城鎮民權路２２６巷２弄１２號五樓之３,24.57,住,,,1090416,土地2建物1車位0,五層,十一層,住宅大樓(11層含以上有電梯),集合住宅,鋼筋混凝土造,1051104,128.17000000000002,3,2,2,有,有,12100000,94406,,0.0,0,,RPUNMLPKNHPFFAW87CA,87.72,0.0,7.5,,
金城鎮,房地(土地+建物),金門縣金城鎮民權路２２６巷２弄１２號五樓之５,24.57,住,,,1090416,土地2建物1車位0,五層,十一層,套房(1房1廳1衛),集合住宅,鋼筋混凝土造,1051104,128.17000000000002,3,2,2,有,無,12100000,94406,,0.0,0,,RPVNMLPKNHPFFAW97CA,87.72,0.0,7.5,,
金城鎮,房地(土地+建物),金門縣金城鎮民權路２２６巷２弄１２號五樓之６,16.56,住,,,1090416,土地2建物1車位0,五層,十一層,住宅大樓(11層含以上有電梯),集合住宅,鋼筋混凝土造,1051104,86.12,2,2,1,有,有,8100000,94055,,0.0,0,,RPWNMLPKNHPFFAW08CA,60.92,0.0,3.05,,
金城鎮,土地,歐厝段901地號,104.55,其他,,,1090428,土地1建物0車位0,,,其他,,,,0.0,0,0,0,有,無,600000,5739,,0.0,0,親友、員工或其他特殊關係間之交易。；,RPVNMLNKNHPFFAW77CA,0.0,0.0,0.0,,
金寧鄉,房地(土地+建物),金門縣金寧鄉瓊安路９７１號三樓,43.93,其他,,,1090316,土地1建物1車位0,三層,四層,華廈(10層含以下有電梯),集合住宅,鋼筋混凝土造,1090117,88.72999999999999,3,2,2,有,無,5100000,57484,,0.0,0,,RPXNMLLKNHPFFAW77CA,72.55,0.0,5.36,,
金寧鄉,房地(土地+建物),金門縣金寧鄉瓊安路９７１號四樓,43.93,其他,,,1090316,土地1建物1車位0,四層,四層,華廈(10層含以下有電梯),集合住宅,鋼筋混凝土造,1090117,88.72999999999999,3,2,2,有,無,5200000,58611,,0.0,0,,SPXNMLLKNHPFFAW87CA,72.55,0.0,5.36,,
金城鎮,房地(土地+建物),金門縣金城鎮庵前３５之９號,88.23,其他,,,1090412,土地1建物1車位0,全,三層,透天厝,住家用,鋼筋混凝土造,1090312,171.37,4,2,5,有,無,10300000,60104,,0.0,0,2個法定停車位約定專用,RPPOMLLKNHPFFAW07CA,165.32,0.0,6.05,,
金城鎮,房地(土地+建物),金門縣金城鎮庵前３５之８號,85.17,其他,,,1090412,土地1建物1車位0,全,三層,透天厝,住家用,鋼筋混凝土造,1090312,165.28,5,1,5,有,無,9700000,58688,,0.0,0,,RPPNMLMKNHPFFAW07CA,157.29,0.0,7.99,,
