﻿編號,土地位置,土地移轉面積(平方公尺),使用分區或編定,權利人持分分母,權利人持分分子,移轉情形,地號
The serial number, land position,land shifting area square meter,the use zoning or compiles and checks,,,,land parcel
RPSNMLOKKHPFFAX47DA,馬公段,45.00,非都市： ; 非都市編定：,1,1,全筆移轉,15020001
RPSNMLOKKHPFFAX47DA,馬公段,10.67,非都市： ; 非都市編定：,3,1,持分移轉,15020000
RPQNMLNKKHPFFAX17DA,港子新段,44.69,非都市：一般農業區 ; 非都市編定：甲種建築用地,1,1,全筆移轉,08250000
RPTNMLOKKHPFFAX57DA,興崁段,643.32,非都市：一般農業區 ; 非都市編定：農牧用地,1,1,全筆移轉,12030000
RPXNMLOKKHPFFAX87CA,機場段,960.00,非都市：一般農業區 ; 非都市編定：農牧用地,1,1,全筆移轉,10820000
RPXNMLOKKHPFFAX87CA,機場段,804.17,非都市：一般農業區 ; 非都市編定：甲種建築用地,1,1,全筆移轉,10890000
RPWNMLOKKHPFFAX77CA,吉貝東段,1916.32,非都市：一般農業區 ; 非都市編定：農牧用地,1,1,全筆移轉,09640000
RPRNMLMKKHPFFAX07CA,五福段,183.72,非都市：一般農業區 ; 非都市編定：甲種建築用地,1,1,全筆移轉,05010006
RPRNMLMKKHPFFAX07CA,五福段,45.86,非都市：一般農業區 ; 非都市編定：交通用地,7,1,持分移轉,05010009
RPQNMLPKKHPFFAX27CA,北澳段,218.53,非都市：一般農業區 ; 非都市編定：農牧用地,60,27,持分移轉,05720000
RPPNMLQLKHPFFAX37CA,興崁段,57.04,非都市：一般農業區 ; 非都市編定：交通用地,459,57,持分移轉,05350004
RPPNMLQLKHPFFAX37CA,興崁段,171.01,非都市：一般農業區 ; 非都市編定：甲種建築用地,1,1,全筆移轉,05350005
RPUNMLOKKHPFFAX57CA,國宅段,347.58,非都市： ; 非都市編定：,1,1,全筆移轉,03140000
RPQNMLSKKHPFFAX67DA,赤崁南段,1311.92,非都市：一般農業區 ; 非都市編定：農牧用地,1,1,全筆移轉,01990000
RPPNMLTKKHPFFAX67DA,?裡新段,299.50,非都市：一般農業區 ; 非都市編定：甲種建築用地,1,1,全筆移轉,05020000
RPUNMLRKKHPFFAX87CA,文東段,12.61,非都市：鄉村區 ; 非都市編定：乙種建築用地,1,1,全筆移轉,02810002
RPXNMLPLKHPFFAX08CA,五福段,262.38,非都市：一般農業區 ; 非都市編定：農牧用地,3,1,持分移轉,07960000
RPTNMLTKKHPFFAX97CA,鎮海新段,5.34,非都市：鄉村區 ; 非都市編定：乙種建築用地,64,1,持分移轉,02720000
RPVNMLPLKHPFFAX87CA,四維段,114.62,非都市：一般農業區 ; 非都市編定：農牧用地,3,1,持分移轉,11950000
RPVNMLTKKHPFFAX18CA,興崁段,33.34,非都市：一般農業區 ; 非都市編定：農牧用地,5,1,持分移轉,07640001
RPWNMLTKKHPFFAX28CA,興崁段,42.79,非都市：一般農業區 ; 非都市編定：農牧用地,1,1,全筆移轉,08260001
RPSNMLRLKHPFFAX77CA,埕東段,56.36,非都市： ; 非都市編定：,1,1,全筆移轉,04840000
RPXNMLTKKHPFFAX38CA,興崁段,86.03,非都市：鄉村區 ; 非都市編定：乙種建築用地,1,1,全筆移轉,08160001
RPPNMLSKKHPFFAX57DA,興崁段,693.25,非都市：一般農業區 ; 非都市編定：農牧用地,1,1,全筆移轉,11990000
RPQOMLTKKHPFFAX77CA,二崁南段,1.04,非都市： ; 非都市編定：,1,1,全筆移轉,02820001
RPSNMLRKKHPFFAX77DA,池東段,482.15,非都市：鄉村區 ; 非都市編定：乙種建築用地,1,1,全筆移轉,28060000
RPROMLTKKHPFFAX87CA,二崁南段,.84,非都市： ; 非都市編定：,9,1,持分移轉,07260003
RPSOMLTKKHPFFAX97CA,二崁南段,.84,非都市： ; 非都市編定：,9,1,持分移轉,07260003
RPPOMLTKKHPFFAX67CA,興崁段,36.16,非都市：鄉村區 ; 非都市編定：乙種建築用地,1,1,全筆移轉,08190001
RPOOMLTKKHPFFAX57CA,興崁段,65.92,非都市：鄉村區 ; 非都市編定：乙種建築用地,1,1,全筆移轉,08170001
RPSNMLSKKHPFFAX77CA,中衛段,665.38,非都市：一般農業區 ; 非都市編定：農牧用地,1,1,全筆移轉,16480001
RPRNMLSKKHPFFAX67CA,埕東段,79.76,非都市： ; 非都市編定：,1,1,全筆移轉,00310000
RPQNMLTKKHPFFAX67CA,山水西段,107.38,非都市：一般農業區 ; 非都市編定：農牧用地,2,1,持分移轉,01720000
RPUNMLTKKHPFFAX08CA,興崁段,33.34,非都市：一般農業區 ; 非都市編定：農牧用地,5,1,持分移轉,07640001
RPUOMLTKKHPFFAX18CA,鐵線段,27.68,非都市：一般農業區 ; 非都市編定：農牧用地,1,1,全筆移轉,07740001
RPWNMLPLKHPFFAX97CA,四維段,138.08,非都市：一般農業區 ; 非都市編定：農牧用地,3,1,持分移轉,11940000
RPSNMLTKKHPFFAX87CA,興崁段,66.67,非都市：一般農業區 ; 非都市編定：農牧用地,5,2,持分移轉,07640001
RPPNMLKLKHPFFAX76CA,文澳段,103.00,非都市： ; 非都市編定：,1,1,全筆移轉,24800000
RPUNMLOLKHPFFAX67CA,中西段,288.19,非都市：一般農業區 ; 非都市編定：農牧用地,1,1,全筆移轉,07280000
RPTOMLTKKHPFFAX08CA,二崁南段,.84,非都市： ; 非都市編定：,9,1,持分移轉,07260003
RPRNMLTKKHPFFAX77CA,興崁段,33.34,非都市：一般農業區 ; 非都市編定：農牧用地,5,1,持分移轉,07640001
RPTNMLRLKHPFFAX87CA,埕西段,69.44,非都市： ; 非都市編定：,1,1,全筆移轉,06120000
RPTNMLLLKHPFFAX27CA,六合段,318.59,非都市： ; 非都市編定：,1,1,全筆移轉,06870001
RPSNMLOLKHPFFAX47CA,井垵西段,67.00,非都市：一般農業區 ; 非都市編定：交通用地,1,1,全筆移轉,08370001
RPQNMLOLKHPFFAX27CA,光華段,52.28,非都市：一般農業區 ; 非都市編定：交通用地,12,1,持分移轉,06880004
RPQNMLOLKHPFFAX27CA,光華段,171.61,非都市：一般農業區 ; 非都市編定：甲種建築用地,1,1,全筆移轉,06880008
RPUNMLLLKHPFFAX37CA,池東段,276.23,非都市：一般農業區 ; 非都市編定：農牧用地,1,1,全筆移轉,11290000
RPPNMLOLKHPFFAX17CA,埕中段,209.67,非都市： ; 非都市編定：,1,1,全筆移轉,05180000
RPTNMLPLKHPFFAX67CA,馬公段,10.69,非都市： ; 非都市編定：,10000,1137,持分移轉,02220007
RPTNMLPLKHPFFAX67CA,馬公段,16.49,非都市： ; 非都市編定：,10000,1137,持分移轉,02230001
RPTNMLPLKHPFFAX67CA,馬公段,3.30,非都市： ; 非都市編定：,10000,1137,持分移轉,02300000
RPPNMLLLKHPFFAX96DA,馬公段,49.00,非都市： ; 非都市編定：,1,1,全筆移轉,16640000
RPTNMLOLKHPFFAX67DA,四維段,14.25,非都市：鄉村區 ; 非都市編定：交通用地,1,1,全筆移轉,10050000
RPWNMLOLKHPFFAX87CA,紅羅段,784.68,非都市：一般農業區 ; 非都市編定：農牧用地,1,1,全筆移轉,19030000
RPQNMLRLKHPFFAX57CA,埕中段,490.22,非都市： ; 非都市編定：,1,1,全筆移轉,05230000
RPQNMLRLKHPFFAX57CA,埕中段,111.36,非都市： ; 非都市編定：,1,1,全筆移轉,05200000
RPQNMLRLKHPFFAX57CA,埕中段,80.67,非都市： ; 非都市編定：,1,1,全筆移轉,05220000
RPQNMLRLKHPFFAX57CA,埕中段,11.79,非都市： ; 非都市編定：,1,1,全筆移轉,05210000
RPVNMLQLKHPFFAX97CA,井垵西段,329.47,非都市：一般農業區 ; 非都市編定：農牧用地,1,1,全筆移轉,15440000
RPRNMLQLKHPFFAX57CA,興崁段,599.89,非都市：一般農業區 ; 非都市編定：農牧用地,1,1,全筆移轉,07890002
RPQNMLLKLHPFFAX07DA,文東段,29.74,非都市：鄉村區 ; 非都市編定：乙種建築用地,1,1,全筆移轉,02380000
RPQNMLTKLHPFFAX77CA,雙湖段,604.39,非都市：一般農業區 ; 非都市編定：農牧用地,1,1,全筆移轉,11090000
RPQNMLTKLHPFFAX77CA,雙湖段,119.89,非都市：一般農業區 ; 非都市編定：交通用地,5,1,持分移轉,11090004
RPSNMLQLKHPFFAX67CA,井垵西段,329.30,非都市：一般農業區 ; 非都市編定：農牧用地,1,1,全筆移轉,15440001
RPTNMLQLKHPFFAX77CA,井垵西段,201.21,非都市：一般農業區 ; 非都市編定：農牧用地,1,1,全筆移轉,15440002
RPUNMLQLKHPFFAX87CA,井垵西段,382.49,非都市：一般農業區 ; 非都市編定：農牧用地,1,1,全筆移轉,15440003
RPVNMLRLKHPFFAX08CA,二崁南段,10.54,非都市： ; 非都市編定：,3,1,持分移轉,02740000
RPVNMLRLKHPFFAX08CA,二崁南段,1.23,非都市： ; 非都市編定：,3,1,持分移轉,02770000
RPWNMLRLKHPFFAX18CA,二崁南段,5.27,非都市： ; 非都市編定：,6,1,持分移轉,02740000
RPWNMLRLKHPFFAX18CA,二崁南段,.62,非都市： ; 非都市編定：,6,1,持分移轉,02770000
RPQNMLNJLHPFFAX07CA,埕東段,88.73,非都市： ; 非都市編定：,1,1,全筆移轉,00280000
RPPNMLSKLHPFFAX57CA,北澳段,201.19,非都市：鄉村區 ; 非都市編定：乙種建築用地,1,1,全筆移轉,02080000
RPQNMLTJLHPFFAX67CA,成功南段,172.80,非都市：一般農業區 ; 非都市編定：甲種建築用地,1,1,全筆移轉,13380002
RPQNMLTJLHPFFAX67CA,成功南段,42.81,非都市：一般農業區 ; 非都市編定：交通用地,9,1,持分移轉,13380004
RPOOMLRLKHPFFAX47CA,紅羅段,149.28,非都市：鄉村區 ; 非都市編定：乙種建築用地,2,1,持分移轉,05790000
RPXNMLRLKHPFFAX28CA,二崁南段,5.27,非都市： ; 非都市編定：,6,1,持分移轉,02740000
RPXNMLRLKHPFFAX28CA,二崁南段,.62,非都市： ; 非都市編定：,6,1,持分移轉,02770000
RPPNMLTJLHPFFAX57CA,興仁段,180.87,非都市：一般農業區 ; 非都市編定：農牧用地,1,1,全筆移轉,08080000
RPTNMLRKLHPFFAX87CA,中衛段,161.25,非都市：一般農業區 ; 非都市編定：甲種建築用地,1,1,全筆移轉,16360003
RPTNMLRKLHPFFAX87CA,中衛段,11.03,非都市：一般農業區 ; 非都市編定：交通用地,36,1,持分移轉,16360004
RPUNMLLKLHPFFAX37CA,北極段,117.90,非都市： ; 非都市編定：,1,1,全筆移轉,12240000
RPUNMLLKLHPFFAX37CA,北極段,117.80,非都市： ; 非都市編定：,1,1,全筆移轉,12240003
RPUNMLLKLHPFFAX37CA,北極段,.54,非都市： ; 非都市編定：,1,1,全筆移轉,12250001
RPPNMLMKLHPFFAX96CA,馬公段,160.00,非都市： ; 非都市編定：,1,1,全筆移轉,05260000
RPPNMLMKLHPFFAX96CA,馬公段,367.00,非都市： ; 非都市編定：,1,1,全筆移轉,05220000
RPPNMLMKLHPFFAX96CA,馬公段,31.00,非都市： ; 非都市編定：,1,1,全筆移轉,05220002
RPPNMLNLLHPFFAX17CA,山水北段,1573.60,非都市：一般農業區 ; 非都市編定：農牧用地,1,1,全筆移轉,07480000
RPQNMLOJLHPFFAX27DA,埕東段,74.61,非都市： ; 非都市編定：,1,1,全筆移轉,00670000
RPTNMLOJLHPFFAX47CA,許家段,30.48,非都市：一般農業區 ; 非都市編定：交通用地,7,1,持分移轉,09100014
RPTNMLOJLHPFFAX47CA,許家段,162.40,非都市：一般農業區 ; 非都市編定：甲種建築用地,1,1,全筆移轉,09100012
RPUNMLOJLHPFFAX57CA,湖西南段,215.98,非都市：一般農業區 ; 非都市編定：農牧用地,10000,1364,持分移轉,10320000
RPUNMLOJLHPFFAX57CA,湖西南段,215.98,非都市：一般農業區 ; 非都市編定：農牧用地,10000,1364,持分移轉,10320000
RPUNMLOJLHPFFAX57CA,湖西南段,214.08,非都市：一般農業區 ; 非都市編定：農牧用地,10000,1352,持分移轉,10320000
RPUNMLOJLHPFFAX57CA,湖西南段,261.74,非都市：一般農業區 ; 非都市編定：農牧用地,10000,1653,持分移轉,10320000
RPUNMLOJLHPFFAX57CA,湖西南段,243.85,非都市：一般農業區 ; 非都市編定：農牧用地,10000,1540,持分移轉,10320000
RPUNMLOJLHPFFAX57CA,湖西南段,215.50,非都市：一般農業區 ; 非都市編定：農牧用地,10000,1361,持分移轉,10320000
RPUNMLOJLHPFFAX57CA,湖西南段,216.30,非都市：一般農業區 ; 非都市編定：農牧用地,10000,1366,持分移轉,10320000
RPQNMLPJLHPFFAX27CA,文澳段,80.00,非都市： ; 非都市編定：,1,1,全筆移轉,24070003
RPPNMLPJLHPFFAX17CA,許家段,338.79,非都市：風景區 ; 非都市編定：農牧用地,1,1,全筆移轉,01940001
RPPNMLPJLHPFFAX17CA,許家段,18.23,非都市：一般農業區 ; 非都市編定：交通用地,1,1,全筆移轉,01980001
RPQNMLQJLHPFFAX37CA,文東段,320.24,非都市：一般農業區 ; 非都市編定：農牧用地,1,1,全筆移轉,13550000
RPPNMLRJLHPFFAX37CA,東石新段,489.46,非都市：一般農業區 ; 非都市編定：農牧用地,1,1,全筆移轉,09350000
RPPNMLRJLHPFFAX37CA,東石新段,207.89,非都市：一般農業區 ; 非都市編定：農牧用地,1,1,全筆移轉,09360000
RPSNMLOJLHPFFAX37CA,五福段,1938.17,非都市：一般農業區 ; 非都市編定：農牧用地,1,1,全筆移轉,07090000
RPTNMLTJLHPFFAX18EA,東衛段,685.66,非都市：一般農業區 ; 非都市編定：農牧用地,3,1,持分移轉,10260000
RPPNMLQKLHPFFAX37CA,山水北段,427.76,非都市：一般農業區 ; 非都市編定：甲種建築用地,1,1,全筆移轉,02190000
RPPNMLMLLHPFFAX07CA,國宅段,592.15,非都市：一般農業區 ; 非都市編定：農牧用地,1,1,全筆移轉,00930000
RPRNMLOLLHPFFAX47CA,尖山南段,1023.44,非都市：一般農業區 ; 非都市編定：特定目的事業用地,1,1,全筆移轉,07480008
RPSNMLTJLHPFFAX87CA,林投北段,787.45,非都市：一般農業區 ; 非都市編定：農牧用地,1,1,全筆移轉,15380000
RPUNMLRKLHPFFAX97CA,馬公段,33.00,非都市： ; 非都市編定：,1,1,全筆移轉,18700011
RPPNMLLKLHPFFAX86CA,文東段,864.59,非都市：一般農業區 ; 非都市編定：農牧用地,3,2,持分移轉,13050000
RPTNMLNLLHPFFAX57CA,文石段,362.83,非都市：一般農業區 ; 非都市編定：農牧用地,1,1,全筆移轉,12260000
RPRNMLTJLHPFFAX77CA,馬公段,3.42,非都市： ; 非都市編定：,10000,62,持分移轉,02930001
RPVNMLLKLHPFFAX57DA,林投南段,59.43,非都市：一般農業區 ; 非都市編定：甲種建築用地,1,1,全筆移轉,08780002
RPSNMLMKLHPFFAX27CA,二崁南段,388.46,非都市： ; 非都市編定：,1,1,全筆移轉,03800000
RPSNMLMKLHPFFAX27CA,二崁南段,28.82,非都市： ; 非都市編定：,1,1,全筆移轉,03800001
RPSNMLMKLHPFFAX27CA,二崁南段,6.17,非都市： ; 非都市編定：,1,1,全筆移轉,03800002
RPRNMLMKLHPFFAX17CA,林投北段,2029.54,非都市：一般農業區 ; 非都市編定：農牧用地,1,1,全筆移轉,02760000
RPRNMLMKLHPFFAX17CA,林投北段,308.75,非都市：一般農業區 ; 非都市編定：甲種建築用地,1,1,全筆移轉,08120000
RPWNMLRKLHPFFAX18CA,文光段,25.19,非都市： ; 非都市編定：,100000,304,持分移轉,00200000
RPWNMLRKLHPFFAX18CA,文光段,3.26,非都市： ; 非都市編定：,100000,304,持分移轉,00540000
RPQNMLQKLHPFFAX47CA,馬公段,37.38,非都市： ; 非都市編定：,8,1,持分移轉,01830000
RPQNMLQKLHPFFAX47CA,馬公段,2.62,非都市： ; 非都市編定：,8,1,持分移轉,01840000
RPVNMLSKLHPFFAX18CA,中衛段,39.00,非都市： ; 非都市編定：,1,1,全筆移轉,04200004
RPPNMLNKLHPFFAX07CA,國宅段,113.44,非都市： ; 非都市編定：,1,1,全筆移轉,04490007
RPQNMLKLLHPFFAX96CA,西澳段,41.40,非都市： ; 非都市編定：,12,1,持分移轉,03260000
RPUNMLPLLHPFFAX87CA,中衛段,42.04,非都市： ; 非都市編定：,1,1,全筆移轉,04200005
RPRNMLKMLHPFFAX17CA,內垵一段,449.39,非都市：森林區 ; 非都市編定：農牧用地,4,1,持分移轉,01750000
RPSNMLSKLHPFFAX87CA,機場段,11.95,非都市：一般農業區 ; 非都市編定：交通用地,1,1,全筆移轉,10830000
RPSNMLSKLHPFFAX87CA,機場段,7.74,非都市：一般農業區 ; 非都市編定：交通用地,1,1,全筆移轉,10840000
RPPNMLRKLHPFFAX47CA,湖西南段,1508.33,非都市：一般農業區 ; 非都市編定：農牧用地,1,1,全筆移轉,24460000
RPPNMLRKLHPFFAX47CA,湖西南段,1362.44,非都市：一般農業區 ; 非都市編定：農牧用地,1,1,全筆移轉,24430000
RPVNMLRKLHPFFAX08CA,成功南段,997.74,非都市：一般農業區 ; 非都市編定：甲種建築用地,1,1,全筆移轉,00660000
RPQNMLLJMHPFFAX96CA,池東段,24.79,非都市：風景區 ; 非都市編定：農牧用地,216,10,持分移轉,36110000
RPQNMLLJMHPFFAX96CA,池東段,33.30,非都市：森林區 ; 非都市編定：農牧用地,216,10,持分移轉,36560000
RPUNMLSKLHPFFAX08CA,文石段,157.28,非都市：一般農業區 ; 非都市編定：甲種建築用地,1,1,全筆移轉,02750000
RPXNMLRKLHPFFAX28CA,北澳段,50.15,非都市：鄉村區 ; 非都市編定：乙種建築用地,1,1,全筆移轉,02960000
RPUNMLSKLHPFFAX08CA,文石段,32.84,非都市：一般農業區 ; 非都市編定：交通用地,4,1,持分移轉,02750004
RPUNMLQLLHPFFAX97CA,二崁北段,8.99,非都市：一般農業區 ; 非都市編定：交通用地,4,1,持分移轉,06460001
RPUNMLQLLHPFFAX97CA,二崁北段,402.21,非都市：一般農業區 ; 非都市編定：農牧用地,4,1,持分移轉,06640000
RPTNMLSKLHPFFAX08DA,湖西南段,1064.02,非都市：一般農業區 ; 非都市編定：農牧用地,1,1,全筆移轉,11400000
RPRNMLKLLHPFFAX07CA,池東段,71.20,非都市：鄉村區 ; 非都市編定：乙種建築用地,6,1,持分移轉,06750000
RPQNMLSKLHPFFAX67CA,許家段,1630.16,非都市：一般農業區 ; 非都市編定：農牧用地,12,9,持分移轉,12060000
RPPNMLKLLHPFFAX86CA,林投北段,432.94,非都市：一般農業區 ; 非都市編定：甲種建築用地,1,1,全筆移轉,01610000
RPUNMLNLLHPFFAX67CA,案山段,449.00,非都市： ; 非都市編定：,1,1,全筆移轉,08820002
RPTNMLPLLHPFFAX77CA,龍門西段,269.04,非都市：一般農業區 ; 非都市編定：農牧用地,3,1,持分移轉,04600000
RPSNMLNLLHPFFAX47CA,案山段,449.00,非都市： ; 非都市編定：,1,1,全筆移轉,08820008
RPQNMLNLLHPFFAX27CA,案山段,449.00,非都市： ; 非都市編定：,1,1,全筆移轉,08820006
RPRNMLSKLHPFFAX77CA,南寮北段,69.26,非都市：鄉村區 ; 非都市編定：乙種建築用地,1,1,全筆移轉,13100000
RPRNMLSKLHPFFAX77CA,南寮北段,50.27,非都市：鄉村區 ; 非都市編定：乙種建築用地,1,1,全筆移轉,13110000
RPQNMLQLLHPFFAX57CA,許家段,15.14,非都市：一般農業區 ; 非都市編定：交通用地,9,1,持分移轉,09100004
RPQNMLQLLHPFFAX57CA,許家段,160.00,非都市：一般農業區 ; 非都市編定：甲種建築用地,1,1,全筆移轉,09100002
RPPNMLQLLHPFFAX47CA,埕西段,84.88,非都市： ; 非都市編定：,1,1,全筆移轉,02300006
RPPNMLQLLHPFFAX47CA,埕西段,16.31,非都市： ; 非都市編定：,16,1,持分移轉,02300011
RPPNMLQLLHPFFAX47CA,埕西段,13.19,非都市： ; 非都市編定：,16,1,持分移轉,02300012
RPSNMLOLLHPFFAX57CA,六合段,94.83,非都市：鄉村區 ; 非都市編定：乙種建築用地,2,1,持分移轉,00890000
RPSNMLQLLHPFFAX77CA,國宅段,1198.11,非都市：一般農業區 ; 非都市編定：農牧用地,1,1,全筆移轉,02580000
RPQNMLOLLHPFFAX37CA,馬公段,38.27,非都市： ; 非都市編定：,10000,38,持分移轉,02010000
RPQNMLOLLHPFFAX37CA,馬公段,4.00,非都市： ; 非都市編定：,10000,32,持分移轉,02010003
RPRNMLNLLHPFFAX37CA,案山段,449.00,非都市： ; 非都市編定：,1,1,全筆移轉,08820004
RPTNMLQLLHPFFAX87CA,文石段,1319.50,非都市：一般農業區 ; 非都市編定：農牧用地,1,1,全筆移轉,08430000
RPWNMLKMLHPFFAX67CA,馬公段,19.00,非都市： ; 非都市編定：,1,1,全筆移轉,20850006
RPVNMLPLLHPFFAX97CA,南寮北段,217.58,非都市：一般農業區 ; 非都市編定：農牧用地,1,1,全筆移轉,14760000
RPRNMLQLLHPFFAX67CA,五福段,202.74,非都市：一般農業區 ; 非都市編定：農牧用地,2,1,持分移轉,00670002
RPPNMLRLLHPFFAX57CA,湖西南段,450.19,非都市：一般農業區 ; 非都市編定：農牧用地,100000,18878,持分移轉,08780000
RPVNMLQLLHPFFAX08CA,紅羅段,369.52,非都市：一般農業區 ; 非都市編定：農牧用地,1,1,全筆移轉,13300000
RPQNMLRJMHPFFAX57CA,四維段,6.26,非都市：鄉村區 ; 非都市編定：乙種建築用地,1008,25,持分移轉,09340000
RPOOMLKMLHPFFAX96CA,文光段,73.02,非都市： ; 非都市編定：,1,1,全筆移轉,01310000
RPQNMLQJMHPFFAX47CA,北極段,101.07,非都市： ; 非都市編定：,1,1,全筆移轉,06350000
RPRNMLRLLHPFFAX77CA,雙湖段,9.00,非都市：鄉村區 ; 非都市編定：乙種建築用地,1,1,全筆移轉,09140001
RPQNMLTLLHPFFAX87CA,機場段,37.64,非都市：一般農業區 ; 非都市編定：交通用地,1,1,全筆移轉,10880000
RPQNMLTLLHPFFAX87CA,機場段,3.42,非都市：一般農業區 ; 非都市編定：交通用地,1,1,全筆移轉,10880001
RPTNMLKMLHPFFAX37CA,文寮段,497.91,非都市：鄉村區 ; 非都市編定：乙種建築用地,1,1,全筆移轉,05290000
RPQNMLKMLHPFFAX07CA,潭邊新段,253.89,非都市：一般農業區 ; 非都市編定：農牧用地,1,1,全筆移轉,00140000
RPUNMLKMLHPFFAX47CA,興崁段,644.90,非都市：一般農業區 ; 非都市編定：農牧用地,1,1,全筆移轉,05230000
RPVNMLKMLHPFFAX57CA,光華段,20.77,非都市：一般農業區 ; 非都市編定：交通用地,12,1,持分移轉,04550000
RPVNMLKMLHPFFAX57CA,光華段,122.18,非都市：一般農業區 ; 非都市編定：甲種建築用地,1,1,全筆移轉,04610000
RPQNMLLMLHPFFAX17CA,山水北段,78.59,非都市：鄉村區 ; 非都市編定：乙種建築用地,1,1,全筆移轉,04630000
RPRNMLPLLHPFFAX67DA,興仁段,45.95,非都市：一般農業區 ; 非都市編定：農牧用地,42,1,持分移轉,11210000
RPRNMLPLLHPFFAX67DA,興仁段,40.06,非都市：一般農業區 ; 非都市編定：農牧用地,42,1,持分移轉,11230000
RPPNMLTKLHPFFAX77DA,後寮北段,51.01,非都市：鄉村區 ; 非都市編定：乙種建築用地,1,1,全筆移轉,17450000
RPPNMLLMLHPFFAX17DA,通梁東段,854.00,非都市：一般農業區 ; 非都市編定：農牧用地,1,1,全筆移轉,05460000
RPPNMLLMLHPFFAX17DA,通梁東段,359.04,非都市：一般農業區 ; 非都市編定：農牧用地,1,1,全筆移轉,05510000
RPPNMLLMLHPFFAX17DA,通梁東段,281.01,非都市：一般農業區 ; 非都市編定：農牧用地,1,1,全筆移轉,05540000
RPSNMLKMLHPFFAX37DA,安宅段,66.02,非都市：一般農業區 ; 非都市編定：農牧用地,18,1,持分移轉,16030000
RPSNMLKMLHPFFAX37DA,安宅段,23.48,非都市：一般農業區 ; 非都市編定：農牧用地,18,1,持分移轉,16130000
RPSNMLKMLHPFFAX37DA,許家段,30.17,非都市：一般農業區 ; 非都市編定：農牧用地,18,1,持分移轉,06970000
RPSNMLPLLHPFFAX77DA,興仁段,275.71,非都市：一般農業區 ; 非都市編定：農牧用地,7,1,持分移轉,11210000
RPQNMLPLLHPFFAX57DA,興仁段,45.95,非都市：一般農業區 ; 非都市編定：農牧用地,42,1,持分移轉,11210000
RPQNMLPLLHPFFAX57DA,興仁段,40.06,非都市：一般農業區 ; 非都市編定：農牧用地,42,1,持分移轉,11230000
RPPNMLPLLHPFFAX47DA,興仁段,91.90,非都市：一般農業區 ; 非都市編定：農牧用地,21,1,持分移轉,11210000
RPPNMLPLLHPFFAX47DA,興仁段,80.12,非都市：一般農業區 ; 非都市編定：農牧用地,21,1,持分移轉,11230000
RPPNMLLJMHPFFAX96DA,文化段,40.85,非都市： ; 非都市編定：,1,1,全筆移轉,06090000
RPRNMLQJMHPFFAX57CA,馬公段,104.00,非都市： ; 非都市編定：,1,1,全筆移轉,01150019
RPPNMLQJMHPFFAX37CA,後寮北段,54.18,非都市：鄉村區 ; 非都市編定：乙種建築用地,1,1,全筆移轉,17460000
RPPNMLSJMHPFFAX57CA,埕西段,19.04,非都市： ; 非都市編定：,1000,86,持分移轉,06660000
RPTNMLRJMHPFFAX87CA,雙湖段,59.95,非都市：一般農業區 ; 非都市編定：交通用地,10,1,持分移轉,11090004
RPTNMLRJMHPFFAX87CA,雙湖段,228.70,非都市：一般農業區 ; 非都市編定：甲種建築用地,1,1,全筆移轉,11090006
RPPNMLSJMHPFFAX57CA,埕西段,18.94,非都市： ; 非都市編定：,1000,86,持分移轉,06670000
RPQNMLKKMHPFFAX96CA,合界段,1240.08,非都市：一般農業區 ; 非都市編定：農牧用地,1,1,全筆移轉,00870000
RPRNMLSJMHPFFAX77CA,馬公段,78.00,非都市： ; 非都市編定：,1,1,全筆移轉,06020000
RPTNMLSJMHPFFAX97CA,興仁段,171.15,非都市：一般農業區 ; 非都市編定：甲種建築用地,1,1,全筆移轉,08330000
RPTNMLSJMHPFFAX97CA,興仁段,47.30,非都市：一般農業區 ; 非都市編定：交通用地,9,1,持分移轉,08330004
RPRNMLRJMHPFFAX67CA,後寮南段,101.84,非都市：一般農業區 ; 非都市編定：農牧用地,4,1,持分移轉,09560000
RPRNMLRJMHPFFAX67CA,後寮南段,60.22,非都市：一般農業區 ; 非都市編定：農牧用地,4,1,持分移轉,09590000
RPRNMLRJMHPFFAX67CA,後寮南段,149.16,非都市：一般農業區 ; 非都市編定：農牧用地,4,1,持分移轉,09870000
RPQNMLSJMHPFFAX67CA,文光段,89.52,非都市： ; 非都市編定：,1,1,全筆移轉,00120000
RPRNMLRJMHPFFAX67CA,後寮南段,120.72,非都市：一般農業區 ; 非都市編定：農牧用地,4,1,持分移轉,09910000
RPRNMLRJMHPFFAX67CA,後寮南段,152.15,非都市：一般農業區 ; 非都市編定：農牧用地,4,1,持分移轉,10710000
RPRNMLRJMHPFFAX67CA,後寮西段,84.75,非都市：一般農業區 ; 非都市編定：農牧用地,4,1,持分移轉,01740000
RPRNMLRJMHPFFAX67CA,後寮西段,41.28,非都市：一般農業區 ; 非都市編定：農牧用地,4,1,持分移轉,01830000
RPRNMLRJMHPFFAX67CA,後寮西段,69.05,非都市：一般農業區 ; 非都市編定：農牧用地,4,1,持分移轉,02010000
RPRNMLRJMHPFFAX67CA,後寮西段,72.82,非都市：一般農業區 ; 非都市編定：農牧用地,4,1,持分移轉,02410000
RPRNMLRJMHPFFAX67CA,後寮西段,123.62,非都市：一般農業區 ; 非都市編定：農牧用地,2,1,持分移轉,02570000
RPRNMLRJMHPFFAX67CA,後寮西段,202.56,非都市：一般農業區 ; 非都市編定：農牧用地,4,1,持分移轉,03220000
RPRNMLRJMHPFFAX67CA,後寮西段,223.04,非都市：一般農業區 ; 非都市編定：農牧用地,4,1,持分移轉,03290000
RPRNMLRJMHPFFAX67CA,後寮西段,60.51,非都市：一般農業區 ; 非都市編定：農牧用地,4,1,持分移轉,03380000
RPRNMLRJMHPFFAX67CA,後寮西段,80.06,非都市：一般農業區 ; 非都市編定：農牧用地,4,1,持分移轉,03390000
RPRNMLRJMHPFFAX67CA,後寮西段,144.35,非都市：一般農業區 ; 非都市編定：農牧用地,4,1,持分移轉,03760000
RPRNMLRJMHPFFAX67CA,通梁南段,114.97,非都市：一般農業區 ; 非都市編定：農牧用地,4,1,持分移轉,00640000
RPTNMLTJMHPFFAX08CA,沙港南段,162.64,非都市：一般農業區 ; 非都市編定：農牧用地,4,1,持分移轉,04110000
RPTNMLTJMHPFFAX08CA,沙港南段,4.75,非都市：一般農業區 ; 非都市編定：交通用地,4,1,持分移轉,01990000
RPTNMLTJMHPFFAX08CA,沙港南段,7.62,非都市：一般農業區 ; 非都市編定：交通用地,4,1,持分移轉,02000000
RPTNMLTJMHPFFAX08CA,沙港東段,7.25,非都市：一般農業區 ; 非都市編定：交通用地,4,1,持分移轉,02530000
RPTNMLTJMHPFFAX08CA,沙港東段,4.92,非都市：一般農業區 ; 非都市編定：交通用地,4,1,持分移轉,02540000
RPSNMLRJMHPFFAX77CA,文化段,62.60,非都市： ; 非都市編定：,1,1,全筆移轉,07220000
RPTNMLOKMHPFFAX77DA,太武新段,38.74,非都市：一般農業區 ; 非都市編定：甲種建築用地,9,2,持分移轉,00860000
RPTNMLOKMHPFFAX77DA,太武新段,61.73,非都市：一般農業區 ; 非都市編定：農牧用地,9,2,持分移轉,00870000
RPTNMLOKMHPFFAX77DA,太武新段,70.08,非都市：一般農業區 ; 非都市編定：甲種建築用地,9,2,持分移轉,00970000
RPUNMLSJMHPFFAX08CA,北澳段,59.06,非都市：鄉村區 ; 非都市編定：乙種建築用地,1,1,全筆移轉,02680000
RPVNMLTJMHPFFAX38DA,埕東段,93.07,非都市： ; 非都市編定：,1,1,全筆移轉,00950001
RPUNMLTJMHPFFAX18CA,馬公段,77.00,非都市： ; 非都市編定：,1,1,全筆移轉,01730020
RPPNMLKKMHPFFAX86CA,橫礁新段,1128.19,非都市：一般農業區 ; 非都市編定：殯葬用地,1,1,全筆移轉,03110000
RPXNMLTJMHPFFAX48CA,馬公段,90.00,非都市： ; 非都市編定：,1,1,全筆移轉,00730011
RPPNMLTJMHPFFAX67CA,馬公段,133.00,非都市： ; 非都市編定：,1,1,全筆移轉,01730001
RPPNMLNKMHPFFAX17CA,大嶼段,892.00,非都市：一般農業區 ; 非都市編定：農牧用地,1,1,全筆移轉,09600000
RPQNMLOKMHPFFAX37CA,後寮東段,498.58,非都市：一般農業區 ; 非都市編定：農牧用地,1,1,全筆移轉,18530000
RPSNMLTJMHPFFAX97CA,中西段,65.88,非都市：一般農業區 ; 非都市編定：農牧用地,4,1,持分移轉,02680000
RPRNMLOKMHPFFAX47CA,後寮東段,572.25,非都市：一般農業區 ; 非都市編定：農牧用地,1,1,全筆移轉,18570000
RPQNMLNKMHPFFAX27CA,赤崁北段,147.45,非都市：鄉村區 ; 非都市編定：乙種建築用地,1,1,全筆移轉,01710000
RPWNMLTJMHPFFAX38CA,井垵西段,661.39,非都市：一般農業區 ; 非都市編定：農牧用地,1,1,全筆移轉,15810000
RPPNMLOKMHPFFAX37DA,馬公段,45.00,非都市： ; 非都市編定：,1,1,全筆移轉,02700014
RPPNMLQLNHPFFAX67CA,鼎灣新段,106.66,非都市：一般農業區 ; 非都市編定：交通用地,9,2,持分移轉,06410004
RPPNMLQLNHPFFAX67CA,鼎灣新段,328.49,非都市：一般農業區 ; 非都市編定：農牧用地,100000,16071,持分移轉,06430000
RPQNMLLKNHPFFAX17CA,東衛段,1232.15,非都市：一般農業區 ; 非都市編定：農牧用地,1,1,全筆移轉,03390000
RPSNMLLLMHPFFAX47DA,城前新段,532.65,非都市：一般農業區 ; 非都市編定：農牧用地,1,1,全筆移轉,02430000
RPSNMLMLMHPFFAX57DA,馬公段,29.77,非都市： ; 非都市編定：,1000,22,持分移轉,02020003
RPSNMLMLMHPFFAX57DA,馬公段,4.37,非都市： ; 非都市編定：,10000,35,持分移轉,02010003
RPXNMLNLMHPFFAX18DA,興仁段,45.95,非都市：一般農業區 ; 非都市編定：農牧用地,84,2,持分移轉,11210000
RPXNMLNLMHPFFAX18DA,興仁段,40.06,非都市：一般農業區 ; 非都市編定：農牧用地,84,2,持分移轉,11230000
RPPOMLNLMHPFFAX47DA,興仁段,91.90,非都市：一般農業區 ; 非都市編定：農牧用地,63,3,持分移轉,11210000
RPPOMLNLMHPFFAX47DA,興仁段,80.12,非都市：一般農業區 ; 非都市編定：農牧用地,63,3,持分移轉,11230000
RPRNMLRKMHPFFAX77CA,馬公段,38.27,非都市： ; 非都市編定：,15000,57,持分移轉,02010000
RPRNMLRKMHPFFAX77CA,馬公段,4.25,非都市： ; 非都市編定：,30000,102,持分移轉,02010003
RPQNMLRKMHPFFAX67CA,烏崁新段,35.69,非都市：一般農業區 ; 非都市編定：農牧用地,1,1,全筆移轉,17820000
RPPNMLRKMHPFFAX57CA,烏崁新段,793.07,非都市：一般農業區 ; 非都市編定：農牧用地,1,1,全筆移轉,17810000
RPPNMLQKMHPFFAX47CA,興仁段,152.70,非都市：一般農業區 ; 非都市編定：甲種建築用地,1,1,全筆移轉,08330003
RPPNMLQKMHPFFAX47CA,興仁段,47.30,非都市：一般農業區 ; 非都市編定：交通用地,9,1,持分移轉,08330004
RPRNMLMLMHPFFAX37CA,大嶼段,304.50,非都市：一般農業區 ; 非都市編定：甲種建築用地,2,1,持分移轉,40930003
RPRNMLMLMHPFFAX37CA,大嶼段,100.50,非都市：一般農業區 ; 非都市編定：甲種建築用地,2,1,持分移轉,40930005
RPPNMLKLMHPFFAX96CA,龍門南段,113.94,非都市：一般農業區 ; 非都市編定：農牧用地,2,1,持分移轉,11000001
RPPNMLKLMHPFFAX96CA,龍門南段,6.01,非都市：一般農業區 ; 非都市編定：交通用地,10,1,持分移轉,11010000
RPPNMLKLMHPFFAX96CA,?葉新段,35.02,非都市：一般農業區 ; 非都市編定：交通用地,2,1,持分移轉,02380000
RPPNMLKLMHPFFAX96CA,?葉新段,224.61,非都市：一般農業區 ; 非都市編定：農牧用地,2,1,持分移轉,02390000
RPPNMLPKMHPFFAX37CA,五福段,202.74,非都市：一般農業區 ; 非都市編定：農牧用地,2,1,持分移轉,00670002
RPSNMLOKMHPFFAX57CA,西澳段,41.40,非都市： ; 非都市編定：,12,1,持分移轉,03260000
RPUNMLOKMHPFFAX77CA,埕西段,19.04,非都市： ; 非都市編定：,1000,86,持分移轉,06660000
RPUNMLOKMHPFFAX77CA,埕西段,18.94,非都市： ; 非都市編定：,1000,86,持分移轉,06670000
RPPNMLLLMHPFFAX07CA,埕東段,49.75,非都市： ; 非都市編定：,1,1,全筆移轉,04800000
RPPNMLMLMHPFFAX17CA,馬公段,29.77,非都市： ; 非都市編定：,1000,22,持分移轉,02020003
RPPNMLMLMHPFFAX17CA,馬公段,4.12,非都市： ; 非都市編定：,10000,33,持分移轉,02010003
RPWNMLNLMHPFFAX08DA,興仁段,45.95,非都市：一般農業區 ; 非都市編定：農牧用地,42,1,持分移轉,11210000
RPWNMLNLMHPFFAX08DA,興仁段,40.06,非都市：一般農業區 ; 非都市編定：農牧用地,42,1,持分移轉,11230000
RPVNMLNLMHPFFAX97DA,興仁段,275.71,非都市：一般農業區 ; 非都市編定：農牧用地,7,1,持分移轉,11210000
RPVNMLNLMHPFFAX97DA,興仁段,240.36,非都市：一般農業區 ; 非都市編定：農牧用地,7,1,持分移轉,11230000
RPQNMLMLMHPFFAX27CA,湖西南段,1687.79,非都市：一般農業區 ; 非都市編定：農牧用地,100000,70775,持分移轉,08780000
RPQNMLLLMHPFFAX17CA,許家段,416.89,非都市：風景區 ; 非都市編定：農牧用地,1,1,全筆移轉,01940000
RPQNMLLLMHPFFAX17CA,許家段,6.97,非都市：一般農業區 ; 非都市編定：交通用地,1,1,全筆移轉,01980000
RPTNMLNLMHPFFAX77DA,興仁段,137.86,非都市：一般農業區 ; 非都市編定：農牧用地,14,1,持分移轉,11210000
RPTNMLNLMHPFFAX77DA,興仁段,120.18,非都市：一般農業區 ; 非都市編定：農牧用地,14,1,持分移轉,11230000
RPQNMLQJNHPFFAX57CA,內垵一段,449.39,非都市：森林區 ; 非都市編定：農牧用地,4,1,持分移轉,01750000
RPSNMLQLMHPFFAX87CA,橫礁新段,114.36,非都市：一般農業區 ; 非都市編定：農牧用地,2,1,持分移轉,07420000
RPQNMLQLMHPFFAX67CA,許家段,468.87,非都市：一般農業區 ; 非都市編定：甲種建築用地,1,1,全筆移轉,06980000
RPQNMLQLMHPFFAX67CA,許家段,33.53,非都市：一般農業區 ; 非都市編定：交通用地,1,1,全筆移轉,06990000
RPQNMLQLMHPFFAX67CA,許家段,2.30,非都市：一般農業區 ; 非都市編定：交通用地,2,1,持分移轉,07030000
RPPNMLOLMHPFFAX37CA,光華段,744.31,非都市：一般農業區 ; 非都市編定：農牧用地,1,1,全筆移轉,05290000
RPPNMLOLMHPFFAX37CA,光華段,230.06,非都市：一般農業區 ; 非都市編定：交通用地,2,1,持分移轉,05290004
RPQNMLOJNHPFFAX37CA,講美段,57.11,非都市：一般農業區 ; 非都市編定：農牧用地,8,1,持分移轉,13350000
RPQNMLOJNHPFFAX37CA,講美段,117.63,非都市：一般農業區 ; 非都市編定：農牧用地,8,1,持分移轉,15690000
RPQNMLOJNHPFFAX37CA,講美段,57.63,非都市：一般農業區 ; 非都市編定：農牧用地,8,1,持分移轉,19530000
RPTNMLLLMHPFFAX47CA,六合段,31.39,非都市：一般農業區 ; 非都市編定：農牧用地,1,1,全筆移轉,06400001
RPTNMLLLMHPFFAX47CA,六合段,179.90,非都市： ; 非都市編定：,1,1,全筆移轉,06400002
RPRNMLQLMHPFFAX77CA,成功南段,2110.43,非都市：一般農業區 ; 非都市編定：農牧用地,1,1,全筆移轉,10460000
RPXNMLLMQHPFFAX38CA,城北段,156.21,非都市：一般農業區 ; 非都市編定：甲種建築用地,1,1,全筆移轉,11000001
RPXNMLLMQHPFFAX38CA,城北段,41.26,非都市：一般農業區 ; 非都市編定：交通用地,12,1,持分移轉,11000004
RPXNMLLMQHPFFAX38CA,城北段,17.96,非都市：一般農業區 ; 非都市編定：交通用地,24,1,持分移轉,10870000
RPSNMLNLMHPFFAX67DA,興仁段,91.90,非都市：一般農業區 ; 非都市編定：農牧用地,21,1,持分移轉,11210000
RPSNMLNLMHPFFAX67DA,興仁段,80.12,非都市：一般農業區 ; 非都市編定：農牧用地,21,1,持分移轉,11230000
RPOOMLNLMHPFFAX37DA,興仁段,22.98,非都市：一般農業區 ; 非都市編定：農牧用地,84,1,持分移轉,11210000
RPOOMLNLMHPFFAX37DA,興仁段,20.03,非都市：一般農業區 ; 非都市編定：農牧用地,84,1,持分移轉,11230000
RPPNMLQJNHPFFAX57DA,內垵二段,73.70,非都市：鄉村區 ; 非都市編定：乙種建築用地,2,1,持分移轉,01190000
RPQNMLOLMHPFFAX57DA,機場段,45.45,非都市：一般農業區 ; 非都市編定：遊憩用地,3,1,持分移轉,04950000
RPPNMLNLMHPFFAX37DA,外垵二段,56.56,非都市：鄉村區 ; 非都市編定：乙種建築用地,2,1,持分移轉,13760000
RPRNMLNLMHPFFAX57DA,興仁段,91.90,非都市：一般農業區 ; 非都市編定：農牧用地,21,1,持分移轉,11210000
RPRNMLNLMHPFFAX57DA,興仁段,80.12,非都市：一般農業區 ; 非都市編定：農牧用地,21,1,持分移轉,11230000
RPRNMLOLMHPFFAX57CA,光榮段,302.87,非都市： ; 非都市編定：,1,1,全筆移轉,02750000
RPUNMLNLMHPFFAX87DA,鎮海新段,1324.00,非都市：一般農業區 ; 非都市編定：農牧用地,1,1,全筆移轉,00120000
RPSNMLOLMHPFFAX67CA,光榮段,175.78,非都市： ; 非都市編定：,1,1,全筆移轉,03740000
RPSNMLOLMHPFFAX67CA,光榮段,29.89,非都市： ; 非都市編定：,1,1,全筆移轉,03830000
RPSNMLOLMHPFFAX67CA,光榮段,25.17,非都市： ; 非都市編定：,1,1,全筆移轉,03910000
RPTNMLOLMHPFFAX77CA,光榮段,68.24,非都市： ; 非都市編定：,1,1,全筆移轉,02800000
RPPNMLQLMHPFFAX57CA,埕中段,79.90,非都市： ; 非都市編定：,1,1,全筆移轉,06020000
RPPNMLQLMHPFFAX57CA,埕中段,66.31,非都市： ; 非都市編定：,1,1,全筆移轉,06030000
RPQNMLSLMHPFFAX87CA,光華段,64.24,非都市：一般農業區 ; 非都市編定：甲種建築用地,1,1,全筆移轉,06660000
RPTNMLQLMHPFFAX97CA,光榮段,32.22,非都市： ; 非都市編定：,10000,274,持分移轉,04960000
RPPNMLRLMHPFFAX67CA,小赤段,120.06,非都市：鄉村區 ; 非都市編定：乙種建築用地,1,1,全筆移轉,04310000
RPPNMLSLMHPFFAX77CA,鐵線段,1067.28,非都市：一般農業區 ; 非都市編定：農牧用地,1,1,全筆移轉,12160001
RPQNMLSJNHPFFAX77CA,北極段,104.91,非都市： ; 非都市編定：,1,1,全筆移轉,06350003
RPQNMLKKNHPFFAX07CA,湖西南段,155.63,非都市：鄉村區 ; 非都市編定：乙種建築用地,6,3,持分移轉,16370000
RPVNMLTKNHPFFAX48CA,赤崁中段,164.68,非都市：一般農業區 ; 非都市編定：甲種建築用地,1,1,全筆移轉,03810000
RPVNMLTKNHPFFAX48CA,赤崁中段,38.28,非都市：一般農業區 ; 非都市編定：交通用地,5,1,持分移轉,03810004
RPUNMLTKNHPFFAX38CA,文寮段,988.11,非都市：一般農業區 ; 非都市編定：農牧用地,10000,6717,持分移轉,05830000
RPQNMLTLMHPFFAX97CA,春暉段,98.89,非都市： ; 非都市編定：,1,1,全筆移轉,03340004
RPPNMLTLMHPFFAX87CA,中西段,65.88,非都市：一般農業區 ; 非都市編定：農牧用地,4,1,持分移轉,02680000
RPVNMLKMMHPFFAX67CA,鐵線段,217.60,非都市：一般農業區 ; 非都市編定：農牧用地,1,1,全筆移轉,10070001
RPPNMLOJNHPFFAX27CA,城北段,535.04,非都市：一般農業區 ; 非都市編定：農牧用地,1,1,全筆移轉,04640000
RPRNMLPJNHPFFAX57CA,光榮段,5.83,非都市： ; 非都市編定：,1,1,全筆移轉,00440001
RPQNMLPJNHPFFAX47CA,光榮段,103.38,非都市： ; 非都市編定：,1,1,全筆移轉,03520000
RPPNMLPJNHPFFAX37CA,光榮段,3.39,非都市： ; 非都市編定：,1,1,全筆移轉,03720000
RPQNMLKMMHPFFAX17CA,鎖港南段,718.40,非都市：一般農業區 ; 非都市編定：農牧用地,1,1,全筆移轉,03580000
RPPNMLKMMHPFFAX17DA,沙港北段,14.31,非都市：鄉村區 ; 非都市編定：乙種建築用地,1,1,全筆移轉,14360001
RPPNMLMKNHPFFAX17CA,埕中段,69.26,非都市： ; 非都市編定：,1,1,全筆移轉,06760007
RPRNMLSJNHPFFAX97DA,五德東段,54.05,非都市：一般農業區 ; 非都市編定：交通用地,1,1,全筆移轉,03560000
RPRNMLSJNHPFFAX97DA,五德東段,461.54,非都市：一般農業區 ; 非都市編定：農牧用地,1,1,全筆移轉,03550000
RPPNMLKKNHPFFAX96CA,興仁段,543.13,非都市：一般農業區 ; 非都市編定：農牧用地,1,1,全筆移轉,15170000
RPSNMLPJNHPFFAX67CA,光榮段,90.80,非都市： ; 非都市編定：,1,1,全筆移轉,02780000
RPRNMLQJNHPFFAX67CA,安宅段,322.05,非都市：一般農業區 ; 非都市編定：農牧用地,5,1,持分移轉,15760001
RPSNMLPLNHPFFAX87CA,沙港南段,168.00,非都市：一般農業區 ; 非都市編定：農牧用地,2,1,持分移轉,01590000
RPTNMLNKNHPFFAX87EA,後寮北段,73.51,非都市：鄉村區 ; 非都市編定：乙種建築用地,1,1,全筆移轉,16840000
RPSNMLKKNHPFFAX27CA,文石段,50.54,非都市：一般農業區 ; 非都市編定：農牧用地,6,1,持分移轉,01460000
RPSNMLKKNHPFFAX27CA,文石段,116.33,非都市：一般農業區 ; 非都市編定：農牧用地,6,1,持分移轉,07460000
RPSNMLKKNHPFFAX27CA,文石段,24.17,非都市：一般農業區 ; 非都市編定：農牧用地,6,1,持分移轉,08780000
RPSNMLKKNHPFFAX27CA,文寮段,6.26,非都市：一般農業區 ; 非都市編定：農牧用地,24,1,持分移轉,04420000
RPSNMLKKNHPFFAX27CA,雙湖段,1.55,非都市：一般農業區 ; 非都市編定：農牧用地,24,1,持分移轉,10530000
RPWNMLSKNHPFFAX48CA,光榮段,45.37,非都市： ; 非都市編定：,1,1,全筆移轉,03510000
RPTNMLPJNHPFFAX77CA,馬公段,22.00,非都市： ; 非都市編定：,1,1,全筆移轉,07730009
RPOOMLSKNHPFFAX77CA,光榮段,144.55,非都市： ; 非都市編定：,1,1,全筆移轉,03550000
RPTNMLQJNHPFFAX87CA,春暉段,62.23,非都市： ; 非都市編定：,1,1,全筆移轉,00520000
RPPNMLRJNHPFFAX57CA,馬公段,62.92,非都市： ; 非都市編定：,13,1,持分移轉,07500000
RPRNMLRJNHPFFAX77CA,湖東新段,319.21,非都市：一般農業區 ; 非都市編定：農牧用地,1,1,全筆移轉,00040000
RPSNMLQJNHPFFAX77CA,中衛段,665.38,非都市：一般農業區 ; 非都市編定：農牧用地,1,1,全筆移轉,16480001
RPRNMLKKNHPFFAX17CA,許家段,906.60,非都市：一般農業區 ; 非都市編定：農牧用地,100000,78633,持分移轉,10950001
RPRNMLKKNHPFFAX17CA,許家段,275.77,非都市：一般農業區 ; 非都市編定：交通用地,3,1,持分移轉,10950003
RPOOMLLMQHPFFAX57CA,城北段,159.64,非都市：一般農業區 ; 非都市編定：甲種建築用地,1,1,全筆移轉,11000002
RPOOMLLMQHPFFAX57CA,城北段,41.26,非都市：一般農業區 ; 非都市編定：交通用地,12,1,持分移轉,11000004
RPOOMLLMQHPFFAX57CA,城北段,17.96,非都市：一般農業區 ; 非都市編定：交通用地,24,1,持分移轉,10870000
RPRNMLPLNHPFFAX77CA,文光段,26.95,非都市： ; 非都市編定：,100000,618,持分移轉,00570000
RPPOMLKLNHPFFAX17CA,鎖港南段,330.00,非都市：一般農業區 ; 非都市編定：農牧用地,1,1,全筆移轉,03630002
RPPNMLSJNHPFFAX67CA,中衛段,6.88,非都市： ; 非都市編定：,2,1,持分移轉,04920000
RPQNMLMKNHPFFAX27CA,安宅段,1062.30,非都市：一般農業區 ; 非都市編定：農牧用地,1,1,全筆移轉,15280000
RPPNMLLKNHPFFAX07CA,鎖港南段,330.00,非都市：一般農業區 ; 非都市編定：農牧用地,1,1,全筆移轉,03630003
RPPNMLPJOHPFFAX47CA,馬公段,34.58,非都市： ; 非都市編定：,1000,44,持分移轉,03190000
