﻿鄉鎮市區,交易標的,土地位置建物門牌,土地移轉總面積平方公尺,都市土地使用分區,非都市土地使用分區,非都市土地使用編定,交易年月日,交易筆棟數,移轉層次,總樓層數,建物型態,主要用途,主要建材,建築完成年月,建物移轉總面積平方公尺,建物現況格局-房,建物現況格局-廳,建物現況格局-衛,建物現況格局-隔間,有無管理組織,總價元,單價元平方公尺,車位類別,車位移轉總面積(平方公尺),車位總價元,備註,編號,主建物面積,附屬建物面積,陽台面積,電梯,移轉編號
The villages and towns urban district,transaction sign,land sector position building sector house number plate,land shifting total area square meter,the use zoning or compiles and checks,the non-metropolis land use district,non-metropolis land use,transaction year month and day,transaction pen number,shifting level,total floor number,building state,main use,main building materials,construction to complete the years,building shifting total area,Building present situation pattern - room,building present situation pattern - hall,building present situation pattern - health,building present situation pattern - compartmented,Whether there is manages the organization,total price NTD,the unit price (NTD / square meter),the berth category,berth shifting total area square meter,the berth total price NTD,the note,serial number,,,,,
馬公市,房地(土地+建物),澎湖縣馬公市西衛２３７之１７號,229.58,,一般農業區,甲種建築用地,1090106,土地2建物1車位0,全,三層,透天厝,住家用,鋼筋混凝土造,1010914,260.6,5,2,5,有,無,12000000,46048,,0.0,0,,RPRNMLMKKHPFFAX07CA,242.12,18.48,0.0,,
白沙鄉,土地,港子新段825地號,44.69,,一般農業區,甲種建築用地,1081210,土地1建物0車位0,,,其他,,,,0.0,0,0,0,有,無,156415,3500,,0.0,0,向政府機關承購之案件。；,RPQNMLNKKHPFFAX17DA,0.0,0.0,0.0,,
馬公市,房地(土地+建物),澎湖縣馬公市中興路30號,55.67,商,,,1090110,土地2建物1車位0,全,四層,透天厝,住商用,鋼筋混凝土造,0990622,204.0,5,1,5,有,無,2500000,12255,,0.0,0,返還黃中和等2人。,RPSNMLOKKHPFFAX47DA,180.96,23.04,0.0,,
馬公市,土地,興崁段1203地號,643.32,,一般農業區,農牧用地,1081106,土地1建物0車位0,,,其他,,,,0.0,0,0,0,有,無,1362200,2117,,0.0,0,,RPTNMLOKKHPFFAX57DA,0.0,0.0,0.0,,
白沙鄉,土地,吉貝東段964地號,1916.32,,一般農業區,農牧用地,1090203,土地1建物0車位0,,,其他,,,,0.0,0,0,0,有,無,2500000,1305,,0.0,0,,RPWNMLOKKHPFFAX77CA,0.0,0.0,0.0,,
馬公市,土地,北澳段572地號,218.53,,一般農業區,農牧用地,1081223,土地1建物0車位0,,,其他,,,,0.0,0,0,0,有,無,3860000,17663,,0.0,0,,RPQNMLPKKHPFFAX27CA,0.0,0.0,0.0,,
湖西鄉,土地,機場段1089地號,1764.17,,一般農業區,農牧用地,1090204,土地2建物0車位0,,,其他,,,,0.0,0,0,0,有,無,20000000,11337,,0.0,0,土地增值稅買賣雙方各半負擔。農地900萬元、建地1100萬元。,RPXNMLOKKHPFFAX87CA,0.0,0.0,0.0,,
馬公市,土地,國宅段314地號,347.58,住,,,1090120,土地1建物0車位0,,,其他,,,,0.0,0,0,0,有,無,7260000,20887,,0.0,0,,RPUNMLOKKHPFFAX57CA,0.0,0.0,0.0,,
馬公市,土地,興崁段535-5地號,228.05,,一般農業區,甲種建築用地,1081216,土地2建物0車位0,,,其他,,,,0.0,0,0,0,有,無,8500000,37273,,0.0,0,農變建之起造人變更含未來興建房屋之價款,RPPNMLQLKHPFFAX37CA,0.0,0.0,0.0,,
馬公市,土地,馬公段522-2地號,558.0,商,,,1081124,土地3建物0車位0,,,其他,,,,0.0,0,0,0,有,無,46412800,83177,,0.0,0,,RPPNMLMKLHPFFAX96CA,0.0,0.0,0.0,,
白沙鄉,土地,赤崁南段199地號,1311.92,,一般農業區,農牧用地,1090110,土地1建物0車位0,,,其他,,,,0.0,0,0,0,有,無,940560,717,,0.0,0,向政府機關承購之案件。；,RPQNMLSKKHPFFAX67DA,0.0,0.0,0.0,,
馬公市,土地,裡新段502地號,299.5,,一般農業區,甲種建築用地,1090121,土地1建物0車位0,,,其他,,,,0.0,0,0,0,有,無,3474200,11600,,0.0,0,向政府機關承購之案件。；,RPPNMLTKKHPFFAX67DA,0.0,0.0,0.0,,
西嶼鄉,土地,池東段2806地號,482.15,,鄉村區,乙種建築用地,1081119,土地1建物0車位0,,,其他,,,,0.0,0,0,0,有,無,2598888,5390,,0.0,0,向政府機關承購之案件。；,RPSNMLRKKHPFFAX77DA,0.0,0.0,0.0,,
馬公市,土地,興崁段1199地號,693.25,,一般農業區,農牧用地,1081106,土地1建物0車位0,,,其他,,,,0.0,0,0,0,有,無,1550000,2236,,0.0,0,,RPPNMLSKKHPFFAX57DA,0.0,0.0,0.0,,
馬公市,房地(土地+建物),澎湖縣馬公市朝陽路56號,56.36,商,,,1090108,土地1建物1車位0,全,三層,透天厝,住商用,鋼筋混凝土造,0730411,136.41,3,1,2,有,無,6000000,43985,,0.0,0,親友、員工或其他特殊關係間之交易。；,RPSNMLRLKHPFFAX77CA,136.41,0.0,0.0,,
馬公市,土地,五福段796地號,262.38,,一般農業區,農牧用地,1081210,土地1建物0車位0,,,其他,,,,0.0,0,0,0,有,無,1180710,4500,,0.0,0,標購逾期未辦繼承土地,RPXNMLPLKHPFFAX08CA,0.0,0.0,0.0,,
馬公市,土地,四維段1195地號,114.62,,一般農業區,農牧用地,1081210,土地1建物0車位0,,,其他,,,,0.0,0,0,0,有,無,515790,4500,,0.0,0,標購逾期未辦繼承土地,RPVNMLPLKHPFFAX87CA,0.0,0.0,0.0,,
白沙鄉,房地(土地+建物),澎湖縣白沙鄉鎮海１９號,5.34,,鄉村區,乙種建築用地,1090203,土地1建物1車位0,全,一層,透天厝,住家用,石造,0300903,2.26,4,1,0,有,無,16175,7157,,0.0,0,親友、員工或其他特殊關係間之交易。；,RPTNMLTKKHPFFAX97CA,1.96,0.29,0.0,,
馬公市,土地,文東段281-2地號,12.61,,鄉村區,乙種建築用地,1090131,土地1建物0車位0,,,其他,,,,0.0,0,0,0,有,無,335280,26588,,0.0,0,,RPUNMLRKKHPFFAX87CA,0.0,0.0,0.0,,
馬公市,土地,興崁段764-1地號,33.34,,一般農業區,農牧用地,1081212,土地1建物0車位0,,,其他,,,,0.0,0,0,0,有,無,290023,8699,,0.0,0,道路協議價購,RPVNMLTKKHPFFAX18CA,0.0,0.0,0.0,,
馬公市,土地,興崁段826-1地號,42.79,,一般農業區,農牧用地,1081217,土地1建物0車位0,,,其他,,,,0.0,0,0,0,有,無,372273,8700,,0.0,0,道路協議價購,RPWNMLTKKHPFFAX28CA,0.0,0.0,0.0,,
馬公市,土地,興崁段816-1地號,86.03,,鄉村區,乙種建築用地,1081217,土地1建物0車位0,,,其他,,,,0.0,0,0,0,有,無,937727,10900,,0.0,0,道路協議價購,RPXNMLTKKHPFFAX38CA,0.0,0.0,0.0,,
西嶼鄉,土地,二崁南段282-1地號,1.04,其他,,,1090122,土地1建物0車位0,,,其他,,,,0.0,0,0,0,有,無,4368,4200,,0.0,0,道路協議價購,RPQOMLTKKHPFFAX77CA,0.0,0.0,0.0,,
西嶼鄉,土地,二崁南段726-3地號,0.84,其他,,,1090113,土地1建物0車位0,,,其他,,,,0.0,0,0,0,有,無,3537,0,,0.0,0,道路協議價購,RPROMLTKKHPFFAX87CA,0.0,0.0,0.0,,
西嶼鄉,土地,二崁南段726-3地號,0.84,其他,,,1090113,土地1建物0車位0,,,其他,,,,0.0,0,0,0,有,無,3537,0,,0.0,0,道路協議價購,RPSOMLTKKHPFFAX97CA,0.0,0.0,0.0,,
馬公市,土地,興崁段817-1地號,65.92,,鄉村區,乙種建築用地,1090120,土地1建物0車位0,,,其他,,,,0.0,0,0,0,有,無,718528,10900,,0.0,0,道路協議價購,RPOOMLTKKHPFFAX57CA,0.0,0.0,0.0,,
馬公市,土地,興崁段819-1地號,36.16,,鄉村區,乙種建築用地,1081217,土地1建物0車位0,,,其他,,,,0.0,0,0,0,有,無,394144,10900,,0.0,0,道路協議價購,RPPOMLTKKHPFFAX67CA,0.0,0.0,0.0,,
馬公市,房地(土地+建物),澎湖縣馬公市四維路７１巷１號,79.76,住,,,1090205,土地1建物1車位0,全,二層,透天厝,住家用,鋼筋混凝土加強磚造,0700323,104.62,3,3,2,有,無,4450000,42535,,0.0,0,,RPRNMLSKKHPFFAX67CA,104.62,0.0,0.0,,
馬公市,土地,中衛段1648-1地號,665.38,,一般農業區,農牧用地,1090212,土地1建物0車位0,,,其他,,,,0.0,0,0,0,有,無,10000000,15029,,0.0,0,,RPSNMLSKKHPFFAX77CA,0.0,0.0,0.0,,
馬公市,土地,山水西段172地號,107.38,,一般農業區,農牧用地,1081218,土地1建物0車位0,,,其他,,,,0.0,0,0,0,有,無,397306,3700,,0.0,0,親友、員工或其他特殊關係間之交易。；,RPQNMLTKKHPFFAX67CA,0.0,0.0,0.0,,
馬公市,土地,興崁段764-1地號,33.34,,一般農業區,農牧用地,1081213,土地1建物0車位0,,,其他,,,,0.0,0,0,0,有,無,290023,8699,,0.0,0,道路協議價購,RPUNMLTKKHPFFAX08CA,0.0,0.0,0.0,,
馬公市,土地,鐵線段774-1地號,27.68,,一般農業區,農牧用地,1090109,土地1建物0車位0,,,其他,,,,0.0,0,0,0,有,無,146704,5300,,0.0,0,道路協議價購,RPUOMLTKKHPFFAX18CA,0.0,0.0,0.0,,
馬公市,土地,四維段1194地號,138.08,,一般農業區,農牧用地,1081210,土地1建物0車位0,,,其他,,,,0.0,0,0,0,有,無,621360,4500,,0.0,0,標購逾期未辦繼承土地,RPWNMLPLKHPFFAX97CA,0.0,0.0,0.0,,
馬公市,土地,興崁段764-1地號,66.67,,一般農業區,農牧用地,1081213,土地1建物0車位0,,,其他,,,,0.0,0,0,0,有,無,580047,8700,,0.0,0,道路協議價購,RPSNMLTKKHPFFAX87CA,0.0,0.0,0.0,,
馬公市,土地,文澳段2480地號,103.0,住,,,1090203,土地1建物0車位0,,,其他,,,,0.0,0,0,0,有,無,3115000,30243,,0.0,0,,RPPNMLKLKHPFFAX76CA,0.0,0.0,0.0,,
湖西鄉,土地,中西段728地號,288.19,,一般農業區,農牧用地,1090212,土地1建物0車位0,,,其他,,,,0.0,0,0,0,有,無,1900000,6593,,0.0,0,,RPUNMLOLKHPFFAX67CA,0.0,0.0,0.0,,
馬公市,土地,興崁段764-1地號,33.34,,一般農業區,農牧用地,1081213,土地1建物0車位0,,,其他,,,,0.0,0,0,0,有,無,290023,8699,,0.0,0,道路協議價購,RPRNMLTKKHPFFAX77CA,0.0,0.0,0.0,,
西嶼鄉,土地,二崁南段726-3地號,0.84,其他,,,1090113,土地1建物0車位0,,,其他,,,,0.0,0,0,0,有,無,3537,0,,0.0,0,道路協議價購,RPTOMLTKKHPFFAX08CA,0.0,0.0,0.0,,
馬公市,房地(土地+建物),澎湖縣馬公市三多路２１０號,69.44,住,,,1081204,土地1建物1車位0,全,二層,透天厝,住家用,鋼筋混凝土加強磚造,0680503,82.92,3,2,2,有,無,4800000,57887,,0.0,0,二等親買賣 權利人等四人,RPTNMLRLKHPFFAX87CA,82.92,0.0,0.0,,
馬公市,房地(土地+建物),澎湖縣馬公市東文澳１０９號,201.19,,鄉村區,乙種建築用地,1090213,土地1建物1車位0,全,三層,透天厝,住家用,鋼筋混凝土加強磚造,0701102,190.91,3,2,3,有,無,6500000,34047,,0.0,0,,RPPNMLSKLHPFFAX57CA,190.91,0.0,0.0,,
馬公市,土地,雙湖段1109-4地號,724.28,,一般農業區,農牧用地,1081231,土地2建物0車位0,,,其他,,,,0.0,0,0,0,有,無,28000000,38659,,0.0,0,權利人共三人含未來興建三戶之房屋價款,RPQNMLTKLHPFFAX77CA,0.0,0.0,0.0,,
馬公市,房地(土地+建物),澎湖縣馬公市四維路６５號,88.73,住,,,1081219,土地1建物1車位0,全,二層,透天厝,住家用,鋼筋混凝土加強磚造,0700323,109.32,4,2,3,有,無,9200000,84157,,0.0,0,,RPQNMLNJLHPFFAX07CA,109.32,0.0,0.0,,
馬公市,房地(土地+建物),澎湖縣馬公市鎖港七路93號、鎖港七路95號,236.24,住,,,1090130,土地3建物2車位0,全,三層,透天厝,住家用,鋼筋混凝土造,1081226,474.56,10,4,10,有,無,18100000,38141,,0.0,0,,RPUNMLLKLHPFFAX37CA,445.44,29.12,0.0,,
馬公市,土地,六合段687-1地號,318.59,農,,,1090119,土地1建物0車位0,,,其他,,,,0.0,0,0,0,有,無,6000000,18833,,0.0,0,,RPTNMLLLKHPFFAX27CA,0.0,0.0,0.0,,
西嶼鄉,土地,池東段1129地號,276.23,,一般農業區,農牧用地,1090119,土地1建物0車位0,,,其他,,,,0.0,0,0,0,有,無,300000,1086,,0.0,0,,RPUNMLLLKHPFFAX37CA,0.0,0.0,0.0,,
馬公市,土地,埕中段518地號,209.67,住,,,1090130,土地1建物0車位0,,,其他,,,,0.0,0,0,0,有,無,10460000,49888,,0.0,0,,RPPNMLOLKHPFFAX17CA,0.0,0.0,0.0,,
馬公市,土地,光華段688-8地號,223.89,,一般農業區,甲種建築用地,1081230,土地2建物0車位0,,,其他,,,,0.0,0,0,0,有,無,8000000,35732,,0.0,0,農變建之起造人變更含未來興建房屋價款,RPQNMLOLKHPFFAX27CA,0.0,0.0,0.0,,
馬公市,土地,井垵西段837-1地號,67.0,,一般農業區,交通用地,1090210,土地1建物0車位0,,,其他,,,,0.0,0,0,0,有,無,622430,9290,,0.0,0,向政府機關承購之案件。；,RPSNMLOLKHPFFAX47CA,0.0,0.0,0.0,,
馬公市,房地(土地+建物),澎湖縣馬公市中華路６１號地下室之１,30.47,住,,,1090212,土地3建物1車位0,地下層,七層,華廈(10層含以下有電梯),住商用,鋼筋混凝土造,0820317,242.78,0,0,0,無,無,5000000,20595,,0.0,0,空曠地下室，目前無用途。,RPTNMLPLKHPFFAX67CA,49.71,0.0,0.0,,
馬公市,土地,馬公段1664地號,49.0,住,,,1090117,土地1建物0車位0,,,其他,,,,0.0,0,0,0,有,無,5639900,115100,,0.0,0,向政府機關承購之案件。；,RPPNMLLLKHPFFAX96DA,0.0,0.0,0.0,,
馬公市,土地,四維段1005地號,14.25,,鄉村區,交通用地,1090210,土地1建物0車位0,,,其他,,,,0.0,0,0,0,有,無,348413,24450,,0.0,0,向政府機關承購之案件。；,RPTNMLOLKHPFFAX67DA,0.0,0.0,0.0,,
湖西鄉,土地,紅羅段1903地號,784.68,,一般農業區,農牧用地,1081225,土地1建物0車位0,,,其他,,,,0.0,0,0,0,有,無,4900000,6245,,0.0,0,,RPWNMLOLKHPFFAX87CA,0.0,0.0,0.0,,
馬公市,建物,澎湖縣馬公市光復路１４８巷１８號,0.0,,,,1090114,土地0建物1車位0,全,,透天厝,,,,50.32,4,3,2,有,無,2500000,49682,,0.0,0,,RPRNMLPLKHPFFAX47CA,50.32,0.0,0.0,,
馬公市,土地,埕中段521地號,694.04,住,,,1090114,土地4建物0車位0,,,其他,,,,0.0,0,0,0,有,無,39486000,56893,,0.0,0,,RPQNMLRLKHPFFAX57CA,0.0,0.0,0.0,,
馬公市,土地,興仁段808地號,180.87,,一般農業區,農牧用地,1081224,土地1建物0車位0,,,其他,,,,0.0,0,0,0,有,無,1200000,6635,,0.0,0,親友、員工或其他特殊關係間之交易。；,RPPNMLTJLHPFFAX57CA,0.0,0.0,0.0,,
馬公市,土地,中衛段1636-4地號,172.28,,一般農業區,甲種建築用地,1081230,土地2建物0車位0,,,其他,,,,0.0,0,0,0,有,無,7800000,45275,,0.0,0,變更起造人，含未來房屋興建費用,RPTNMLRKLHPFFAX87CA,0.0,0.0,0.0,,
馬公市,土地,井垵西段1544地號,329.47,,一般農業區,農牧用地,1090203,土地1建物0車位0,,,其他,,,,0.0,0,0,0,有,無,1820416,5525,,0.0,0,,RPVNMLQLKHPFFAX97CA,0.0,0.0,0.0,,
西嶼鄉,土地,二崁南段277地號,5.89,其他,,,1090208,土地2建物0車位0,,,其他,,,,0.0,0,0,0,有,無,24724,4198,,0.0,0,道路用地協議價購,RPXNMLRLKHPFFAX28CA,0.0,0.0,0.0,,
馬公市,土地,興崁段789-2地號,599.89,,一般農業區,農牧用地,1090217,土地1建物0車位0,,,其他,,,,0.0,0,0,0,有,無,1252945,2089,,0.0,0,,RPRNMLQLKHPFFAX57CA,0.0,0.0,0.0,,
馬公市,土地,文東段238地號,29.74,,鄉村區,乙種建築用地,1081210,土地1建物0車位0,,,其他,,,,0.0,0,0,0,有,無,290008,9751,,0.0,0,逾期未辦理繼承登記不動產買賣案件。,RPQNMLLKLHPFFAX07DA,0.0,0.0,0.0,,
馬公市,土地,井垵西段1544-1地號,329.3,,一般農業區,農牧用地,1090203,土地1建物0車位0,,,其他,,,,0.0,0,0,0,有,無,1819476,5525,,0.0,0,,RPSNMLQLKHPFFAX67CA,0.0,0.0,0.0,,
馬公市,土地,井垵西段1544-2地號,201.21,,一般農業區,農牧用地,1090203,土地1建物0車位0,,,其他,,,,0.0,0,0,0,有,無,1111743,5525,,0.0,0,,RPTNMLQLKHPFFAX77CA,0.0,0.0,0.0,,
馬公市,土地,井垵西段1544-3地號,382.49,,一般農業區,農牧用地,1090203,土地1建物0車位0,,,其他,,,,0.0,0,0,0,有,無,2113365,5525,,0.0,0,,RPUNMLQLKHPFFAX87CA,0.0,0.0,0.0,,
湖西鄉,房地(土地+建物),澎湖縣湖西鄉紅羅罩28號,149.28,,鄉村區,乙種建築用地,1081119,土地1建物1車位0,全,一層,透天厝,住家用,造,,35.3,2,2,1,有,無,492100,13941,,0.0,0,,RPOOMLRLKHPFFAX47CA,35.3,0.0,0.0,,
西嶼鄉,土地,二崁南段277地號,11.77,其他,,,1090208,土地2建物0車位0,,,其他,,,,0.0,0,0,0,有,無,49448,4201,,0.0,0,道路用地協議價購,RPVNMLRLKHPFFAX08CA,0.0,0.0,0.0,,
西嶼鄉,土地,二崁南段277地號,5.89,其他,,,1090208,土地2建物0車位0,,,其他,,,,0.0,0,0,0,有,無,24724,4198,,0.0,0,道路用地協議價購,RPWNMLRLKHPFFAX18CA,0.0,0.0,0.0,,
湖西鄉,土地,成功南段1338-4地號,215.61,,一般農業區,甲種建築用地,1081231,土地2建物0車位0,,,其他,,,,0.0,0,0,0,有,無,7680000,35620,,0.0,0,農變建之起造人變更含未來興建房屋價款,RPQNMLTJLHPFFAX67CA,0.0,0.0,0.0,,
馬公市,土地,山水北段748地號,1573.6,,一般農業區,農牧用地,1090210,土地1建物0車位0,,,其他,,,,0.0,0,0,0,有,無,57270000,36394,,0.0,0,權利人共七人含未來興建七戶之房屋價款,RPPNMLNLLHPFFAX17CA,0.0,0.0,0.0,,
馬公市,土地,五福段709地號,1938.17,,一般農業區,農牧用地,1090215,土地1建物0車位0,,,其他,,,,0.0,0,0,0,有,無,25220000,13012,,0.0,0,,RPSNMLOJLHPFFAX37CA,0.0,0.0,0.0,,
湖西鄉,土地,許家段198-1地號,357.02,,風景區,農牧用地,1090207,土地2建物0車位0,,,其他,,,,0.0,0,0,0,有,無,3240000,9075,,0.0,0,,RPPNMLPJLHPFFAX17CA,0.0,0.0,0.0,,
馬公市,土地,東衛段1026地號,685.66,,一般農業區,農牧用地,1090130,土地1建物0車位0,,,其他,,,,0.0,0,0,0,有,無,1206868,1760,,0.0,0,向政府機關承購之案件。；,RPTNMLTJLHPFFAX18EA,0.0,0.0,0.0,,
馬公市,房地(土地+建物),澎湖縣馬公市林森路104巷15號,74.61,住,,,1081230,土地1建物1車位0,全,二層,透天厝,住家用,鋼筋混凝土加強磚造,0730121,103.2,3,2,2,有,無,4000000,38760,,0.0,0,親友、員工或其他特殊關係間之交易。；,RPQNMLOJLHPFFAX27DA,103.2,0.0,0.0,,
湖西鄉,土地,許家段910-12地號,192.88,,一般農業區,甲種建築用地,1090205,土地2建物0車位0,,,其他,,,,0.0,0,0,0,有,無,6800000,35255,,0.0,0,此為農變建變更起造人含未來興建房屋一棟之費用。,RPTNMLOJLHPFFAX47CA,0.0,0.0,0.0,,
湖西鄉,土地,湖西南段1032地號,1583.43,,一般農業區,農牧用地,1090212,土地7建物0車位0,,,其他,,,,0.0,0,0,0,有,無,30380000,19186,,0.0,0,權利人共7人，含未來興建房屋7戶之房屋價款,RPUNMLOJLHPFFAX57CA,0.0,0.0,0.0,,
馬公市,房地(土地+建物),澎湖縣馬公市民裕街２７巷１０號,80.0,住,,,1090213,土地1建物1車位0,全,四層,透天厝,住家用,鋼筋混凝土造,0821108,180.82,6,1,4,有,無,8650000,47838,,0.0,0,,RPQNMLPJLHPFFAX27CA,177.4,3.42,0.0,,
馬公市,土地,文東段1355地號,320.24,,一般農業區,農牧用地,1090221,土地1建物0車位0,,,其他,,,,0.0,0,0,0,有,無,774960,2420,,0.0,0,,RPQNMLQJLHPFFAX37CA,0.0,0.0,0.0,,
湖西鄉,土地,東石新段936地號,697.35,,一般農業區,農牧用地,1090220,土地2建物0車位0,,,其他,,,,0.0,0,0,0,有,無,2500000,3585,,0.0,0,,RPPNMLRJLHPFFAX37CA,0.0,0.0,0.0,,
馬公市,房地(土地+建物),澎湖縣馬公市水源路２之１號四樓之三,3.42,商,,,1090130,土地1建物1車位0,四層,十二層,住宅大樓(11層含以上有電梯),辦公室,鋼筋混凝土造,0850828,35.52,0,0,0,無,無,1200000,33784,,0.0,0,,RPRNMLTJLHPFFAX77CA,22.2,4.19,0.0,,
湖西鄉,土地,林投北段1538地號,787.45,,一般農業區,農牧用地,1090212,土地1建物0車位0,,,其他,,,,0.0,0,0,0,有,無,500000,635,,0.0,0,親友、員工或其他特殊關係間之交易。；塔位或墓園。；,RPSNMLTJLHPFFAX87CA,0.0,0.0,0.0,,
馬公市,房地(土地+建物),澎湖縣馬公市珠江５５之３０號,427.76,,一般農業區,甲種建築用地,1090212,土地1建物1車位0,全,三層,透天厝,住家用,鋼筋混凝土造,0890908,292.67,5,2,3,有,無,7500000,25626,,0.0,0,賣方賣清價。土地增值稅由買方負擔。,RPPNMLQKLHPFFAX37CA,283.86,8.81,0.0,,
馬公市,土地,國宅段93地號,592.15,,一般農業區,農牧用地,1090228,土地1建物0車位0,,,其他,,,,0.0,0,0,0,有,無,1010000,1706,,0.0,0,,RPPNMLMLLHPFFAX07CA,0.0,0.0,0.0,,
湖西鄉,土地,尖山南段748-8地號,1023.44,,一般農業區,特定目的事業用地,1090303,土地1建物0車位0,,,其他,,,,0.0,0,0,0,有,無,7920000,7739,,0.0,0,向政府機關承購之案件。；,RPRNMLOLLHPFFAX47CA,0.0,0.0,0.0,,
馬公市,建物,澎湖縣馬公市烏崁１９５號,0.0,,,,1090305,土地0建物1車位0,一層，見其他登記事項,一層,工廠,農產品調理設施、涼亭,鋼骨構造,1080108,143.58,1,1,1,有,無,740000,,,0.0,0,農產品調理設施本案為雙方合意解除契約,RPUNMLTJLHPFFAX08CA,143.58,0.0,0.0,,
馬公市,房地(土地+建物),澎湖縣馬公市鎖管港８８之９號,113.44,住,,,1090207,土地1建物1車位0,全,三層,透天厝,住家用,鋼筋混凝土造,1070823,234.63,6,2,4,有,無,8800000,37506,,0.0,0,,RPPNMLNKLHPFFAX07CA,220.09,14.54,0.0,,
馬公市,土地,馬公段1870-11地號,33.0,住,,,1090304,土地1建物0車位0,,,其他,,,,0.0,0,0,0,有,無,3175300,96221,,0.0,0,,RPUNMLRKLHPFFAX97CA,0.0,0.0,0.0,,
馬公市,土地,文東段1305地號,864.59,,一般農業區,農牧用地,1090211,土地1建物0車位0,,,其他,,,,0.0,0,0,0,有,無,2610000,3019,,0.0,0,,RPPNMLLKLHPFFAX86CA,0.0,0.0,0.0,,
湖西鄉,土地,林投北段812地號,2338.29,,一般農業區,農牧用地,1090219,土地2建物0車位0,,,其他,,,,0.0,0,0,0,有,無,4217215,1804,,0.0,0,,RPRNMLMKLHPFFAX17CA,0.0,0.0,0.0,,
西嶼鄉,房地(土地+建物),澎湖縣西嶼鄉二崁２６號,423.45,住,,,1090102,土地3建物1車位0,全,一層,透天厝,住家用,造,,22.39,1,1,1,有,無,1097356,49011,,0.0,0,親友、員工或其他特殊關係間之交易。；,RPSNMLMKLHPFFAX27CA,22.39,0.0,0.0,,
馬公市,土地,文石段1226地號,362.83,,一般農業區,農牧用地,1090211,土地1建物0車位0,,,其他,,,,0.0,0,0,0,有,無,4300000,11851,,0.0,0,親友、員工或其他特殊關係間之交易。；,RPTNMLNLLHPFFAX57CA,0.0,0.0,0.0,,
湖西鄉,土地,林投南段878-2地號,59.43,,一般農業區,甲種建築用地,1090227,土地1建物0車位0,,,其他,,,,0.0,0,0,0,有,無,620449,10440,,0.0,0,向政府機關承購之案件。；,RPVNMLLKLHPFFAX57DA,0.0,0.0,0.0,,
湖西鄉,土地,湖西南段2443地號,2870.77,,一般農業區,農牧用地,1090110,土地2建物0車位0,,,其他,,,,0.0,0,0,0,有,無,7381500,2571,,0.0,0,,RPPNMLRKLHPFFAX47CA,0.0,0.0,0.0,,
馬公市,房地(土地+建物),澎湖縣馬公市文光路８２之３號,40.0,住,,,1090223,土地2建物1車位0,一層，二層,四層,公寓(5樓含以下無電梯),住家用,鋼筋混凝土造,0710507,105.53999999999999,4,1,2,有,無,4880000,46238,,0.0,0,,RPQNMLQKLHPFFAX47CA,86.0,0.0,0.0,,
馬公市,房地(土地+建物),澎湖縣馬公市貿商街１２８號十樓之一,28.45,住,,,1090203,土地2建物1車位0,十層,十四層,住宅大樓(11層含以上有電梯),集合住宅,鋼筋混凝土造,0950710,174.91000000000003,3,2,2,有,有,5000000,28586,,0.0,0,賣方賣清價。土地增值稅由買方負擔。,RPWNMLRKLHPFFAX18CA,95.13,0.0,11.16,,
馬公市,土地,中衛段420-4地號,39.0,工,,,1090214,土地1建物0車位0,,,其他,,,,0.0,0,0,0,有,無,390000,10000,,0.0,0,,RPVNMLSKLHPFFAX18CA,0.0,0.0,0.0,,
馬公市,房地(土地+建物)+車位,澎湖縣馬公市西文澳６３之２９號四樓,41.4,住,,,1090210,土地1建物1車位1,四層,六層,華廈(10層含以下有電梯),住家用,鋼筋混凝土造,0840317,202.95999999999998,4,2,2,有,有,5360000,26409,坡道平面,0.0,0,,RPQNMLKLLHPFFAX96CA,130.76,11.28,0.0,,
馬公市,土地,中衛段420-5地號,42.04,工,,,1090214,土地1建物0車位0,,,其他,,,,0.0,0,0,0,有,無,420000,9990,,0.0,0,,RPUNMLPLLHPFFAX87CA,0.0,0.0,0.0,,
西嶼鄉,土地,內垵一段175地號,449.39,,森林區,農牧用地,1090225,土地1建物0車位0,,,其他,,,,0.0,0,0,0,有,無,1360000,3026,,0.0,0,,RPRNMLKMLHPFFAX17CA,0.0,0.0,0.0,,
西嶼鄉,土地,池東段3656地號,58.09,,森林區,農牧用地,1090225,土地2建物0車位0,,,其他,,,,0.0,0,0,0,有,無,65000,1119,,0.0,0,急買急賣。；瑕疵物件之交易。；權利人共二人,RPQNMLLJMHPFFAX96CA,0.0,0.0,0.0,,
湖西鄉,土地,南寮北段1311地號,119.53,,鄉村區,乙種建築用地,1090310,土地2建物0車位0,,,其他,,,,0.0,0,0,0,有,無,360000,3012,,0.0,0,,RPRNMLSKLHPFFAX77CA,0.0,0.0,0.0,,
湖西鄉,土地,機場段1084地號,19.69,,一般農業區,交通用地,1090306,土地2建物0車位0,,,其他,,,,0.0,0,0,0,有,無,476000,24175,,0.0,0,畸零地或有合併使用之交易。；賣方賣清價。土地增值稅由買方負擔。,RPSNMLSKLHPFFAX87CA,0.0,0.0,0.0,,
湖西鄉,房地(土地+建物),澎湖縣湖西鄉港底１之１號,997.74,,一般農業區,甲種建築用地,1090226,土地1建物1車位0,全,二層,透天厝,住家用,鋼筋混凝土加強磚造,0760115,441.28,7,3,6,有,無,10300000,23341,,0.0,0,,RPVNMLRKLHPFFAX08CA,441.28,0.0,0.0,,
馬公市,房地(土地+建物),澎湖縣馬公市東文澳１０８之５３號,50.15,,鄉村區,乙種建築用地,1081224,土地1建物1車位0,全,二層,透天厝,住家用,鋼筋混凝土加強磚造,0741120,96.0,2,2,1,有,無,2800000,29167,,0.0,0,,RPXNMLRKLHPFFAX28CA,96.0,0.0,0.0,,
馬公市,房地(土地+建物),澎湖縣馬公市石泉5之10號,190.12,,一般農業區,甲種建築用地,1080522,土地2建物1車位0,全,三層,透天厝,住家用,鋼筋混凝土造,1090107,278.66,6,1,7,有,無,13180000,47298,,0.0,0,,RPUNMLSKLHPFFAX08CA,261.68,16.98,0.0,,
西嶼鄉,土地,二崁北段664地號,411.2,,一般農業區,農牧用地,1090207,土地2建物0車位0,,,其他,,,,0.0,0,0,0,有,無,1865700,4537,,0.0,0,,RPUNMLQLLHPFFAX97CA,0.0,0.0,0.0,,
湖西鄉,土地,湖西南段1140地號,1064.02,,一般農業區,農牧用地,1090301,土地1建物0車位0,,,其他,,,,0.0,0,0,0,有,無,800000,752,,0.0,0,親友、員工或其他特殊關係間之交易。；,RPTNMLSKLHPFFAX08DA,0.0,0.0,0.0,,
白沙鄉,房地(土地+建物),澎湖縣白沙鄉後寮１０３之５號,51.01,,鄉村區,乙種建築用地,1090309,土地1建物1車位0,全,三層,透天厝,住家用,鋼筋混凝土加強磚造,0720615,103.56,3,1,2,有,無,1200000,11587,,0.0,0,,RPPNMLTKLHPFFAX77DA,103.56,0.0,0.0,,
湖西鄉,土地,許家段1206地號,1630.16,,一般農業區,農牧用地,1090304,土地1建物0車位0,,,其他,,,,0.0,0,0,0,有,無,4920000,3018,,0.0,0,權利人3人。賣方賣清價土地增值稅由買方負擔。,RPQNMLSKLHPFFAX67CA,0.0,0.0,0.0,,
湖西鄉,房地(土地+建物),澎湖縣湖西鄉林投１０８之１１號,432.94,,一般農業區,甲種建築用地,1090217,土地1建物1車位0,全,二層,透天厝,住家用,加強磚造,0890510,224.06,4,2,4,有,無,4620000,20619,,0.0,0,,RPPNMLKLLHPFFAX86CA,218.51,5.55,0.0,,
西嶼鄉,土地,池東段675地號,71.2,,鄉村區,乙種建築用地,1090221,土地1建物0車位0,,,其他,,,,0.0,0,0,0,有,無,258000,3624,,0.0,0,,RPRNMLKLLHPFFAX07CA,0.0,0.0,0.0,,
馬公市,土地,案山段882-2地號,449.0,工,,,1090307,土地1建物0車位0,,,其他,,,,0.0,0,0,0,有,無,20000000,44543,,0.0,0,,RPUNMLNLLHPFFAX67CA,0.0,0.0,0.0,,
馬公市,土地,案山段882-6地號,449.0,工,,,1090307,土地1建物0車位0,,,其他,,,,0.0,0,0,0,有,無,20000000,44543,,0.0,0,,RPQNMLNLLHPFFAX27CA,0.0,0.0,0.0,,
馬公市,土地,案山段882-4地號,449.0,工,,,1090307,土地1建物0車位0,,,其他,,,,0.0,0,0,0,有,無,20000000,44543,,0.0,0,,RPRNMLNLLHPFFAX37CA,0.0,0.0,0.0,,
馬公市,土地,案山段882-8地號,449.0,工,,,1090307,土地1建物0車位0,,,其他,,,,0.0,0,0,0,有,無,20000000,44543,,0.0,0,,RPSNMLNLLHPFFAX47CA,0.0,0.0,0.0,,
湖西鄉,土地,龍門西段460地號,269.04,,一般農業區,農牧用地,1090207,土地1建物0車位0,,,其他,,,,0.0,0,0,0,有,無,900000,3345,,0.0,0,,RPTNMLPLLHPFFAX77CA,0.0,0.0,0.0,,
湖西鄉,土地,許家段910-2地號,175.14,,一般農業區,甲種建築用地,1090302,土地2建物0車位0,,,其他,,,,0.0,0,0,0,有,無,6900000,39397,,0.0,0,此為農變建變更起造人含未來興建房屋1棟之費用,RPQNMLQLLHPFFAX57CA,0.0,0.0,0.0,,
馬公市,房地(土地+建物),澎湖縣馬公市三多路１４６巷５弄７號,114.38,住,,,1090219,土地3建物1車位0,全,二層,透天厝,住家用,鋼筋混凝土加強磚造,0771007,136.81,4,3,2,有,無,7000000,51166,,0.0,0,,RPPNMLQLLHPFFAX47CA,136.81,0.0,0.0,,
馬公市,房地(土地+建物),澎湖縣馬公市西衛４６號,94.83,,鄉村區,乙種建築用地,1090313,土地1建物1車位0,全,一層,透天厝,住家用,造,0150101,31.12,2,1,1,有,無,2700000,86761,,0.0,0,親友、員工或其他特殊關係間之交易。；,RPSNMLOLLHPFFAX57CA,31.12,0.0,0.0,,
馬公市,房地(土地+建物),澎湖縣馬公市北辰街１7巷５弄5之3號,42.26,住,,,1090225,土地2建物2車位0,四層,五層,公寓(5樓含以下無電梯),集合住宅,鋼筋混凝土造,0730629,86.17,3,1,2,有,有,3660000,42474,,0.0,0,,RPQNMLOLLHPFFAX37CA,86.17,0.0,0.0,,
馬公市,土地,國宅段258地號,1198.11,,一般農業區,農牧用地,1090312,土地1建物0車位0,,,其他,,,,0.0,0,0,0,有,無,36630000,30573,,0.0,0,此為農變建變更起造人含未來興建房屋6棟之費用。,RPSNMLQLLHPFFAX77CA,0.0,0.0,0.0,,
馬公市,土地,興仁段1123地號,172.02,,一般農業區,農牧用地,1090317,土地2建物0車位0,,,其他,,,,0.0,0,0,0,有,無,327255,1902,,0.0,0,,RPPNMLPLLHPFFAX47DA,0.0,0.0,0.0,,
馬公市,土地,興仁段1123地號,86.01,,一般農業區,農牧用地,1090317,土地2建物0車位0,,,其他,,,,0.0,0,0,0,有,無,197840,2300,,0.0,0,,RPQNMLPLLHPFFAX57DA,0.0,0.0,0.0,,
馬公市,土地,興仁段1123地號,86.01,,一般農業區,農牧用地,1090317,土地2建物0車位0,,,其他,,,,0.0,0,0,0,有,無,197840,2300,,0.0,0,,RPRNMLPLLHPFFAX67DA,0.0,0.0,0.0,,
馬公市,土地,興仁段1121地號,275.71,,一般農業區,農牧用地,1090317,土地1建物0車位0,,,其他,,,,0.0,0,0,0,有,無,575108,2086,,0.0,0,,RPSNMLPLLHPFFAX77DA,0.0,0.0,0.0,,
馬公市,土地,文石段843地號,1319.5,,一般農業區,農牧用地,1090318,土地1建物0車位0,,,其他,,,,0.0,0,0,0,有,無,60140000,45578,,0.0,0,此為農變建變更起造人含未來興建房屋6棟之費用。,RPTNMLQLLHPFFAX87CA,0.0,0.0,0.0,,
馬公市,房地(土地+建物),澎湖縣馬公市民族路３２之４號,19.0,住,,,1090218,土地1建物1車位0,全,三層,透天厝,住商用,鋼筋混凝土造,0660207,47.16,2,1,1,有,無,3800000,80577,,0.0,0,,RPWNMLKMLHPFFAX67CA,47.16,0.0,0.0,,
湖西鄉,土地,南寮北段1476地號,217.58,,一般農業區,農牧用地,1090314,土地1建物0車位0,,,其他,,,,0.0,0,0,0,有,無,580000,2666,,0.0,0,,RPVNMLPLLHPFFAX97CA,0.0,0.0,0.0,,
馬公市,土地,五福段67-2地號,202.74,,一般農業區,農牧用地,1090109,土地1建物0車位0,,,其他,,,,0.0,0,0,0,有,無,4500000,22196,,0.0,0,,RPRNMLQLLHPFFAX67CA,0.0,0.0,0.0,,
湖西鄉,土地,紅羅段1330地號,369.52,,一般農業區,農牧用地,1090301,土地1建物0車位0,,,其他,,,,0.0,0,0,0,有,無,1100000,2977,,0.0,0,,RPVNMLQLLHPFFAX08CA,0.0,0.0,0.0,,
湖西鄉,土地,湖西南段878地號,450.19,,一般農業區,農牧用地,1090320,土地1建物0車位0,,,其他,,,,0.0,0,0,0,有,無,2000000,4443,,0.0,0,共有人間買賣。,RPPNMLRLLHPFFAX57CA,0.0,0.0,0.0,,
馬公市,土地,四維段934地號,6.26,,鄉村區,乙種建築用地,1081112,土地1建物0車位0,,,其他,,,,0.0,0,0,0,有,無,92095,14712,,0.0,0,國產署標售逾期未辦理繼承案件,RPQNMLRJMHPFFAX57CA,0.0,0.0,0.0,,
白沙鄉,土地,通梁南段64地號,1801.09,,一般農業區,農牧用地,1090220,土地16建物0車位0,,,其他,,,,0.0,0,0,0,有,無,2678631,1487,,0.0,0,親友、員工或其他特殊關係間之交易。；,RPRNMLRJMHPFFAX67CA,0.0,0.0,0.0,,
馬公市,房地(土地+建物),澎湖縣馬公市三多路３７９號,73.02,住,,,1090224,土地1建物1車位0,全,二層,透天厝,住家用,鋼筋混凝土加強磚造,0681107,85.09,3,1,2,有,無,5600000,65813,,0.0,0,,RPOOMLKMLHPFFAX96CA,85.09,0.0,0.0,,
馬公市,房地(土地+建物),澎湖縣馬公市鎖港里鎖港五路１０號,101.07,住,,,1090210,土地1建物1車位0,全,三層,透天厝,住家用,鋼筋混凝土造,1090207,238.8,4,3,5,有,無,8880000,37186,,0.0,0,,RPQNMLQJMHPFFAX47CA,217.78,21.02,0.0,,
馬公市,土地,雙湖段914-1地號,9.0,,鄉村區,乙種建築用地,1090324,土地1建物0車位0,,,其他,,,,0.0,0,0,0,有,無,280000,31111,,0.0,0,,RPRNMLRLLHPFFAX77CA,0.0,0.0,0.0,,
湖西鄉,土地,機場段1088-1地號,41.06,,一般農業區,交通用地,1090218,土地2建物0車位0,,,其他,,,,0.0,0,0,0,有,無,621000,15124,,0.0,0,畸零地或有合併使用之交易。；土地增值稅由買方負擔。,RPQNMLTLLHPFFAX87CA,0.0,0.0,0.0,,
湖西鄉,土地,潭邊新段14地號,253.89,,一般農業區,農牧用地,1090303,土地1建物0車位0,,,其他,,,,0.0,0,0,0,有,無,2000000,7877,,0.0,0,,RPQNMLKMLHPFFAX07CA,0.0,0.0,0.0,,
馬公市,土地,文寮段529地號,497.91,,鄉村區,乙種建築用地,1090207,土地1建物0車位0,,,其他,,,,0.0,0,0,0,有,無,6300000,12653,,0.0,0,,RPTNMLKMLHPFFAX37CA,0.0,0.0,0.0,,
馬公市,土地,興崁段523地號,644.9,,一般農業區,農牧用地,1090227,土地1建物0車位0,,,其他,,,,0.0,0,0,0,有,無,2160000,3349,,0.0,0,,RPUNMLKMLHPFFAX47CA,0.0,0.0,0.0,,
馬公市,房地(土地+建物),澎湖縣馬公市光華１１６號,142.95,,一般農業區,甲種建築用地,1090218,土地2建物1車位0,全,三層,透天厝,住家用,鋼筋混凝土造,0900105,188.28,4,3,3,有,無,6600000,35054,,0.0,0,買方買清價。契稅由賣方負擔。,RPVNMLKMLHPFFAX57CA,177.96,10.32,0.0,,
湖西鄉,土地,許家段697地號,119.66,,一般農業區,農牧用地,1090320,土地3建物0車位0,,,其他,,,,0.0,0,0,0,有,無,299175,2500,,0.0,0,,RPSNMLKMLHPFFAX37DA,0.0,0.0,0.0,,
白沙鄉,土地,通梁東段554地號,1494.05,,一般農業區,農牧用地,1090320,土地3建物0車位0,,,其他,,,,0.0,0,0,0,有,無,3608000,2415,,0.0,0,,RPPNMLLMLHPFFAX17DA,0.0,0.0,0.0,,
馬公市,房地(土地+建物),澎湖縣馬公市珠江１３９之１２號,78.59,,鄉村區,乙種建築用地,1090312,土地1建物1車位0,全,三層,透天厝,住家用,鋼筋混凝土加強磚造,0681220,135.75,5,2,1,有,無,2810000,20700,,0.0,0,,RPQNMLLMLHPFFAX17CA,135.75,0.0,0.0,,
馬公市,房地(土地+建物),澎湖縣馬公市中華路２５２號,62.6,住,,,1090311,土地1建物1車位0,全,四層,透天厝,住商用,鋼筋混凝土造,0701101,149.52,3,1,3,有,無,8800000,58855,,0.0,0,,RPSNMLRJMHPFFAX77CA,149.52,0.0,0.0,,
馬公市,土地,興仁段833-4地號,218.45,,一般農業區,甲種建築用地,1090317,土地2建物0車位0,,,其他,,,,0.0,0,0,0,有,無,7320000,33509,,0.0,0,此為農變建變更起造人含未來興建房屋1棟之費用。,RPTNMLSJMHPFFAX97CA,0.0,0.0,0.0,,
馬公市,房地(土地+建物),澎湖縣馬公市華陽新村9號,40.85,住,,,1090210,土地1建物1車位0,全,二層,透天厝,住家用,筋加強磚造,0571201,76.5,3,2,3,有,無,2100000,27451,,0.0,0,親友、員工或其他特殊關係間之交易。；,RPPNMLLJMHPFFAX96DA,76.5,0.0,0.0,,
七美鄉,土地,大嶼段4093-5地號,405.0,,一般農業區,甲種建築用地,1090306,土地2建物0車位0,,,其他,,,,0.0,0,0,0,有,無,550000,1358,,0.0,0,親友、員工或其他特殊關係間之交易。；,RPRNMLMLMHPFFAX37CA,0.0,0.0,0.0,,
湖西鄉,土地,沙港東段254地號,187.18,,一般農業區,農牧用地,1090219,土地5建物0車位0,,,其他,,,,0.0,0,0,0,有,無,400000,2137,,0.0,0,,RPTNMLTJMHPFFAX08CA,0.0,0.0,0.0,,
馬公市,土地,雙湖段1109-6地號,288.65,,一般農業區,甲種建築用地,1090121,土地2建物0車位0,,,其他,,,,0.0,0,0,0,有,無,8950000,31006,,0.0,0,農變建之起造人變更含未來興建房屋價款,RPTNMLRJMHPFFAX87CA,0.0,0.0,0.0,,
馬公市,房地(土地+建物)+車位,澎湖縣馬公市林森路８７巷６８之３號,37.97,住,,,1090226,土地2建物1車位1,四層,六層,華廈(10層含以下有電梯),住家用,鋼筋混凝土造,0820402,152.07,4,1,3,有,無,4300000,28276,坡道平面,0.0,0,,RPPNMLSJMHPFFAX57CA,109.85,0.0,0.0,,
馬公市,房地(土地+建物),澎湖縣馬公市文光路80之1號,104.0,住,,,1090316,土地1建物1車位0,全,二層,透天厝,住家用,加強磚造,0610701,81.88,2,2,1,有,無,10500000,128236,,0.0,0,,RPRNMLQJMHPFFAX57CA,81.88,0.0,0.0,,
白沙鄉,房地(土地+建物),澎湖縣白沙鄉後寮１０３之６號,54.18,,鄉村區,乙種建築用地,1090311,土地1建物1車位0,全,三層,透天厝,農民住宅,鋼筋混凝土加強磚造,0730306,101.2,0,0,0,無,無,1150000,11364,,0.0,0,,RPPNMLQJMHPFFAX37CA,101.2,0.0,0.0,,
西嶼鄉,土地,合界段87地號,1240.08,,一般農業區,農牧用地,1090221,土地1建物0車位0,,,其他,,,,0.0,0,0,0,有,無,1605000,1294,,0.0,0,標售逾期未辦繼承登記不動產,RPQNMLKKMHPFFAX96CA,0.0,0.0,0.0,,
馬公市,房地(土地+建物),澎湖縣馬公市三多路１８９號,89.52,住,,,1090302,土地1建物1車位0,全,四層,透天厝,店舖、補習班,鋼筋混凝土造,0830723,250.92,7,2,3,有,無,13250000,52806,,0.0,0,,RPQNMLSJMHPFFAX67CA,238.38,12.54,0.0,,
馬公市,房地(土地+建物),澎湖縣馬公市臨海路１之３號,78.0,商,,,1090222,土地1建物1車位0,全,三層,透天厝,住家用,鋼筋混凝土造,0880304,211.68,4,2,3,有,無,12600000,59524,,0.0,0,,RPRNMLSJMHPFFAX77CA,211.68,0.0,0.0,,
馬公市,建物,澎湖縣馬公市中山路３３之２０號,0.0,,,,1090305,土地0建物1車位0,全,二層,透天厝,商業用,鋼筋混凝土加強磚造,0550701,96.59,2,1,1,有,無,50000,518,,0.0,0,,RPSNMLSJMHPFFAX87CA,96.59,0.0,0.0,,
馬公市,房地(土地+建物),澎湖縣馬公市文昌街60號,93.07,住,,,1090220,土地1建物1車位0,全,三層,透天厝,住家用,加強磚造、鋼筋混凝土,0800222,200.97,3,2,3,有,無,4001614,19911,,0.0,0,親友、員工或其他特殊關係間之交易。；,RPVNMLTJMHPFFAX38DA,200.97,0.0,0.0,,
湖西鄉,土地,太武新段97地號,170.55,,一般農業區,甲種建築用地,1090312,土地3建物0車位0,,,其他,,,,0.0,0,0,0,有,無,414240,2429,,0.0,0,親友、員工或其他特殊關係間之交易。；,RPTNMLOKMHPFFAX77DA,0.0,0.0,0.0,,
馬公市,房地(土地+建物),澎湖縣馬公市林森路８７巷７０之５號,37.97,住,,,1090312,土地2建物1車位0,六層,六層,華廈(10層含以下有電梯),住家用,鋼筋混凝土造,0820402,152.07,0,0,0,無,無,5500000,36168,,0.0,0,,RPUNMLOKMHPFFAX77CA,109.85,0.0,0.0,,
馬公市,房地(土地+建物),澎湖縣馬公市文光路９６號,77.0,住,,,1090324,土地1建物1車位0,全,二層,透天厝,住家用,筋加強造,0531230,119.6,3,1,2,有,無,7810000,65301,,0.0,0,,RPUNMLTJMHPFFAX18CA,119.6,0.0,0.0,,
馬公市,土地,馬公段73-11地號,90.0,住,,,1090327,土地1建物0車位0,,,其他,,,,0.0,0,0,0,有,無,6620000,73556,,0.0,0,,RPXNMLTJMHPFFAX48CA,0.0,0.0,0.0,,
西嶼鄉,土地,橫礁新段311地號,1128.19,,一般農業區,殯葬用地,1090221,土地1建物0車位0,,,其他,,,,0.0,0,0,0,有,無,1280000,1135,,0.0,0,標售逾期未辦繼承登記不動產,RPPNMLKKMHPFFAX86CA,0.0,0.0,0.0,,
馬公市,房地(土地+建物),澎湖縣馬公市東文澳１０８之２７號,59.06,,鄉村區,乙種建築用地,1090301,土地1建物1車位0,全,二層,透天厝,住家用,鋼筋混凝土加強磚造,0751024,114.28,4,2,3,有,無,5410000,47340,,0.0,0,,RPUNMLSJMHPFFAX08CA,114.28,0.0,0.0,,
馬公市,房地(土地+建物),澎湖縣馬公市文光路９４號,133.0,住,,,1090324,土地1建物1車位0,全,二層,透天厝,住家用,筋加強造,0531230,119.6,3,1,2,有,無,13490000,112793,,0.0,0,,RPPNMLTJMHPFFAX67CA,119.6,0.0,0.0,,
湖西鄉,土地,中西段268地號,65.88,,一般農業區,農牧用地,1090331,土地1建物0車位0,,,其他,,,,0.0,0,0,0,有,無,259000,3931,,0.0,0,買受人負擔土地增值稅30798元,RPSNMLTJMHPFFAX97CA,0.0,0.0,0.0,,
馬公市,土地,井垵西段1581地號,661.39,,一般農業區,農牧用地,1090315,土地1建物0車位0,,,其他,,,,0.0,0,0,0,有,無,5602000,8470,,0.0,0,,RPWNMLTJMHPFFAX38CA,0.0,0.0,0.0,,
七美鄉,土地,大嶼段960地號,892.0,,一般農業區,農牧用地,1090406,土地1建物0車位0,,,其他,,,,0.0,0,0,0,有,無,700000,785,,0.0,0,,RPPNMLNKMHPFFAX17CA,0.0,0.0,0.0,,
白沙鄉,土地,赤崁北段171地號,147.45,,鄉村區,乙種建築用地,1090218,土地1建物0車位0,,,其他,,,,0.0,0,0,0,有,無,420000,2848,,0.0,0,,RPQNMLNKMHPFFAX27CA,0.0,0.0,0.0,,
白沙鄉,土地,後寮東段1853地號,498.58,,一般農業區,農牧用地,1090331,土地1建物0車位0,,,其他,,,,0.0,0,0,0,有,無,1500000,3009,,0.0,0,,RPQNMLOKMHPFFAX37CA,0.0,0.0,0.0,,
白沙鄉,土地,後寮東段1857地號,572.25,,一般農業區,農牧用地,1090325,土地1建物0車位0,,,其他,,,,0.0,0,0,0,有,無,1280000,2237,,0.0,0,,RPRNMLOKMHPFFAX47CA,0.0,0.0,0.0,,
馬公市,房地(土地+建物),澎湖縣馬公市西文澳６３之２９號五樓,41.4,住,,,1090317,土地1建物1車位0,五層,六層,華廈(10層含以下有電梯),住家用,鋼筋混凝土造,0840317,202.95999999999998,4,2,2,有,無,5000000,24635,,0.0,0,,RPSNMLOKMHPFFAX57CA,130.76,11.28,0.0,,
馬公市,土地,五福段67-2地號,202.74,,一般農業區,農牧用地,1090324,土地1建物0車位0,,,其他,,,,0.0,0,0,0,有,無,4800000,23676,,0.0,0,,RPPNMLPKMHPFFAX37CA,0.0,0.0,0.0,,
馬公市,土地,馬公段270-14地號,45.0,商,,,1090330,土地1建物0車位0,,,其他,,,,0.0,0,0,0,有,無,5528250,122850,,0.0,0,向政府機關承購之案件。；,RPPNMLOKMHPFFAX37DA,0.0,0.0,0.0,,
湖西鄉,土地,鼎灣新段643地號,435.15,,一般農業區,農牧用地,1090325,土地2建物0車位0,,,其他,,,,0.0,0,0,0,有,無,13400000,30794,,0.0,0,本案權利人為2人。此為農變建變更起造人含未來興建 房屋 2 棟之費用。,RPPNMLQLNHPFFAX67CA,0.0,0.0,0.0,,
馬公市,土地,東衛段339地號,1232.15,,一般農業區,農牧用地,1090409,土地1建物0車位0,,,其他,,,,0.0,0,0,0,有,無,45900000,37252,,0.0,0,農變建移轉土地持分給予權利人 內含未來5戶興建之成本4590萬,RPQNMLLKNHPFFAX17CA,0.0,0.0,0.0,,
湖西鄉,土地,葉新段239地號,379.57,,一般農業區,農牧用地,1090218,土地4建物0車位0,,,其他,,,,0.0,0,0,0,有,無,486000,1280,,0.0,0,,RPPNMLKLMHPFFAX96CA,0.0,0.0,0.0,,
馬公市,土地,興仁段833-4地號,200.0,,一般農業區,甲種建築用地,1090325,土地2建物0車位0,,,其他,,,,0.0,0,0,0,有,無,6800000,34000,,0.0,0,此為農變建變更起造人含未來興建 房屋 1 棟之 費用。,RPPNMLQKMHPFFAX47CA,0.0,0.0,0.0,,
馬公市,土地,烏崁新段1781地號,793.07,,一般農業區,農牧用地,1090331,土地1建物0車位0,,,其他,,,,0.0,0,0,0,有,無,6500000,8196,,0.0,0,,RPPNMLRKMHPFFAX57CA,0.0,0.0,0.0,,
馬公市,土地,烏崁新段1782地號,35.69,,一般農業區,農牧用地,1090331,土地1建物0車位0,,,其他,,,,0.0,0,0,0,有,無,290000,8126,,0.0,0,,RPQNMLRKMHPFFAX67CA,0.0,0.0,0.0,,
白沙鄉,土地,城前新段243地號,532.65,,一般農業區,農牧用地,1090414,土地1建物0車位0,,,其他,,,,0.0,0,0,0,有,無,1600000,3004,,0.0,0,,RPSNMLLLMHPFFAX47DA,0.0,0.0,0.0,,
馬公市,房地(土地+建物),澎湖縣馬公市新村路41之4號,34.14,住,,,1090407,土地2建物2車位0,五層，電梯樓梯間,五層,公寓(5樓含以下無電梯),集合住宅,鋼筋混凝土造,0730629,95.35,3,1,2,有,有,2860000,29995,,0.0,0,,RPSNMLMLMHPFFAX57DA,95.35,0.0,0.0,,
馬公市,土地,興仁段1123地號,86.01,,一般農業區,農牧用地,1090410,土地2建物0車位0,,,其他,,,,0.0,0,0,0,有,無,231852,2696,,0.0,0,,RPXNMLNLMHPFFAX18DA,0.0,0.0,0.0,,
馬公市,土地,興仁段1123地號,172.02,,一般農業區,農牧用地,1090410,土地2建物0車位0,,,其他,,,,0.0,0,0,0,有,無,473865,2755,,0.0,0,,RPPOMLNLMHPFFAX47DA,0.0,0.0,0.0,,
西嶼鄉,土地,內垵一段175地號,449.39,,森林區,農牧用地,1090328,土地1建物0車位0,,,其他,,,,0.0,0,0,0,有,無,1360000,3026,,0.0,0,,RPQNMLQJNHPFFAX57CA,0.0,0.0,0.0,,
馬公市,房地(土地+建物),澎湖縣馬公市北辰街１５號、北辰街17巷3之4號,42.51,住,,,1090330,土地2建物2車位0,五層，電梯樓梯間,五層,公寓(5樓含以下無電梯),集合住宅,鋼筋混凝土造,0730629,93.14,3,1,2,有,無,3600000,38651,,0.0,0,,RPRNMLRKMHPFFAX77CA,93.14,0.0,0.0,,
馬公市,房地(土地+建物),澎湖縣馬公市朝陽路７０號,49.75,商,,,1090221,土地1建物1車位0,全,三層,透天厝,住商用,鋼筋混凝土造,0730411,145.8,6,1,2,有,無,5200000,35665,,0.0,0,,RPPNMLLLMHPFFAX07CA,145.8,0.0,0.0,,
湖西鄉,土地,許家段198地號,423.86,,風景區,農牧用地,1090322,土地2建物0車位0,,,其他,,,,0.0,0,0,0,有,無,3840000,9060,,0.0,0,,RPQNMLLLMHPFFAX17CA,0.0,0.0,0.0,,
馬公市,房地(土地+建物),澎湖縣馬公市新村路１７之２號 ，北辰街15號,33.89,住,,,1090317,土地2建物2車位0,三層,五層,公寓(5樓含以下無電梯),集合住宅,鋼筋混凝土造,0730629,89.09,3,1,3,有,無,2600000,29184,,0.0,0,,RPPNMLMLMHPFFAX17CA,89.09,0.0,0.0,,
湖西鄉,土地,許家段703地號,504.7,,一般農業區,甲種建築用地,1081231,土地3建物0車位0,,,其他,,,,0.0,0,0,0,有,無,6320000,12522,,0.0,0,親友、員工或其他特殊關係間之交易。；權利人2人,RPQNMLQLMHPFFAX67CA,0.0,0.0,0.0,,
馬公市,土地,興仁段1123地號,86.01,,一般農業區,農牧用地,1090410,土地2建物0車位0,,,其他,,,,0.0,0,0,0,有,無,221142,2571,,0.0,0,,RPWNMLNLMHPFFAX08DA,0.0,0.0,0.0,,
馬公市,土地,興仁段1123地號,516.07,,一般農業區,農牧用地,1090410,土地2建物0車位0,,,其他,,,,0.0,0,0,0,有,無,539234,1045,,0.0,0,,RPVNMLNLMHPFFAX97DA,0.0,0.0,0.0,,
馬公市,土地,興仁段1123地號,258.04,,一般農業區,農牧用地,1090410,土地2建物0車位0,,,其他,,,,0.0,0,0,0,有,無,598595,2320,,0.0,0,,RPTNMLNLMHPFFAX77DA,0.0,0.0,0.0,,
湖西鄉,土地,湖西南段878地號,1687.79,,一般農業區,農牧用地,1090414,土地1建物0車位0,,,其他,,,,0.0,0,0,0,有,無,54510000,32297,,0.0,0,農變建移轉土地持分給予權利人 內含未來8戶興建之成本5451萬,RPQNMLMLMHPFFAX27CA,0.0,0.0,0.0,,
西嶼鄉,土地,橫礁新段742地號,114.36,,一般農業區,農牧用地,1090413,土地1建物0車位0,,,其他,,,,0.0,0,0,0,有,無,69000,603,,0.0,0,賣方賣清價。土地增值稅由買方負擔。,RPSNMLQLMHPFFAX87CA,0.0,0.0,0.0,,
馬公市,土地,六合段640-2地號,211.29,農,,,1090328,土地2建物0車位0,,,其他,,,,0.0,0,0,0,有,無,2360000,11169,,0.0,0,,RPTNMLLLMHPFFAX47CA,0.0,0.0,0.0,,
馬公市,土地,光華段529-4地號,974.37,,一般農業區,農牧用地,1090415,土地2建物0車位0,,,其他,,,,0.0,0,0,0,有,無,39950000,41001,,0.0,0,權利人為4人含未來興建4戶房屋價款,RPPNMLOLMHPFFAX37CA,0.0,0.0,0.0,,
白沙鄉,土地,講美段1953地號,232.38,,一般農業區,農牧用地,1090303,土地3建物0車位0,,,其他,,,,0.0,0,0,0,有,無,500000,2152,,0.0,0,親友、員工或其他特殊關係間之交易。；,RPQNMLOJNHPFFAX37CA,0.0,0.0,0.0,,
湖西鄉,土地,城北段1087地號,215.43,,一般農業區,甲種建築用地,1090416,土地3建物0車位0,,,其他,,,,0.0,0,0,0,有,無,6680000,31008,,0.0,0,權力人為1人含未來興建1戶房屋價款,RPXNMLLMQHPFFAX38CA,0.0,0.0,0.0,,
湖西鄉,土地,成功南段1046地號,2110.43,,一般農業區,農牧用地,1090206,土地1建物0車位0,,,其他,,,,0.0,0,0,0,有,無,11170000,5293,,0.0,0,,RPRNMLQLMHPFFAX77CA,0.0,0.0,0.0,,
馬公市,土地,興仁段1123地號,172.02,,一般農業區,農牧用地,1090410,土地2建物0車位0,,,其他,,,,0.0,0,0,0,有,無,412473,2398,,0.0,0,,RPSNMLNLMHPFFAX67DA,0.0,0.0,0.0,,
馬公市,土地,興仁段1123地號,43.01,,一般農業區,農牧用地,1090410,土地2建物0車位0,,,其他,,,,0.0,0,0,0,有,無,121691,2829,,0.0,0,,RPOOMLNLMHPFFAX37DA,0.0,0.0,0.0,,
西嶼鄉,土地,外垵二段1376地號,56.56,,鄉村區,乙種建築用地,1090325,土地1建物0車位0,,,其他,,,,0.0,0,0,0,有,無,50000,884,,0.0,0,親友、員工或其他特殊關係間之交易。；,RPPNMLNLMHPFFAX37DA,0.0,0.0,0.0,,
西嶼鄉,土地,內垵二段119地號,73.7,,鄉村區,乙種建築用地,1090416,土地1建物0車位0,,,其他,,,,0.0,0,0,0,有,無,200000,2714,,0.0,0,親友、員工或其他特殊關係間之交易。；,RPPNMLQJNHPFFAX57DA,0.0,0.0,0.0,,
湖西鄉,土地,機場段495地號,45.45,,一般農業區,遊憩用地,1081210,土地1建物0車位0,,,其他,,,,0.0,0,0,0,有,無,115000,2530,,0.0,0,標售逾期未辦繼承土地案件,RPQNMLOLMHPFFAX57DA,0.0,0.0,0.0,,
馬公市,土地,興仁段1123地號,172.02,,一般農業區,農牧用地,1090410,土地2建物0車位0,,,其他,,,,0.0,0,0,0,有,無,366789,2132,,0.0,0,,RPRNMLNLMHPFFAX57DA,0.0,0.0,0.0,,
白沙鄉,土地,鎮海新段12地號,1324.0,,一般農業區,農牧用地,1090324,土地1建物0車位0,,,其他,,,,0.0,0,0,0,有,無,780011,589,,0.0,0,標售逾期未辦繼承登記土地,RPUNMLNLMHPFFAX87DA,0.0,0.0,0.0,,
馬公市,土地,光榮段275地號,302.87,其他,,,1090422,土地1建物0車位0,,,其他,,,,0.0,0,0,0,有,無,16536702,54600,,0.0,0,「四維路以北道路工程」協議價購交通用地54600元/M2,RPRNMLOLMHPFFAX57CA,0.0,0.0,0.0,,
馬公市,土地,光榮段391地號,230.84,其他,,,1080331,土地3建物0車位0,,,其他,,,,0.0,0,0,0,有,無,12603864,54600,,0.0,0,四維路以北區段征收公5公6四米道路開闢協議價購交通用地54600元/m2,RPSNMLOLMHPFFAX67CA,0.0,0.0,0.0,,
馬公市,土地,光榮段280地號,68.24,其他,,,1090330,土地1建物0車位0,,,其他,,,,0.0,0,0,0,有,無,3725904,54600,,0.0,0,公5公6協議價購54600元/m2,RPTNMLOLMHPFFAX77CA,0.0,0.0,0.0,,
白沙鄉,土地,赤崁中段381-4地號,202.96,,一般農業區,甲種建築用地,1090323,土地2建物0車位0,,,其他,,,,0.0,0,0,0,有,無,3400000,16752,,0.0,0,農變建專案核准變更起造人,RPVNMLTKNHPFFAX48CA,0.0,0.0,0.0,,
馬公市,土地,文寮段583地號,988.11,,一般農業區,農牧用地,1090420,土地1建物0車位0,,,其他,,,,0.0,0,0,0,有,無,35700000,36130,,0.0,0,權利人4人農變建專案核准交易總價包括未興建房屋建築費用。,RPUNMLTKNHPFFAX38CA,0.0,0.0,0.0,,
馬公市,房地(土地+建物),澎湖縣馬公市永和街３２巷３８號,146.21,住,,,1090209,土地2建物1車位0,全,二層,透天厝,住家用,鋼筋混凝土加強磚造,0661223,83.42,5,2,5,有,無,10000000,119875,,0.0,0,,RPPNMLQLMHPFFAX57CA,83.42,0.0,0.0,,
馬公市,房地(土地+建物),澎湖縣馬公市三多路４３３號,32.22,商,,,1090415,土地1建物1車位0,一層，二層，三層,十層,華廈(10層含以下有電梯),住商用,鋼筋混凝土造,0850308,283.12,5,2,5,有,有,10080000,35603,,0.0,0,,RPTNMLQLMHPFFAX97CA,230.5,10.29,0.0,,
馬公市,房地(土地+建物),澎湖縣馬公市石泉１之２５８號,64.24,,一般農業區,甲種建築用地,1090413,土地1建物1車位0,全,二層,透天厝,住家用,鋼筋混凝土加強磚造,0791201,82.4,3,2,2,有,無,2500000,30340,,0.0,0,,RPQNMLSLMHPFFAX87CA,82.4,0.0,0.0,,
白沙鄉,土地,小赤段431地號,120.06,,鄉村區,乙種建築用地,1090414,土地1建物0車位0,,,其他,,,,0.0,0,0,0,有,無,600000,4998,,0.0,0,,RPPNMLRLMHPFFAX67CA,0.0,0.0,0.0,,
馬公市,土地,鐵線段1216-1地號,1067.28,,一般農業區,農牧用地,1090226,土地1建物0車位0,,,其他,,,,0.0,0,0,0,有,無,4700000,4404,,0.0,0,,RPPNMLSLMHPFFAX77CA,0.0,0.0,0.0,,
馬公市,房地(土地+建物),澎湖縣馬公市鎖港五路２號,104.91,住,,,1090317,土地1建物1車位0,全,三層,透天厝,住家用,鋼筋混凝土造,1090207,235.23,4,3,5,有,無,8800000,37410,,0.0,0,,RPQNMLSJNHPFFAX77CA,212.8,22.43,0.0,,
湖西鄉,土地,湖西南段1637地號,155.63,,鄉村區,乙種建築用地,1081210,土地1建物0車位0,,,其他,,,,0.0,0,0,0,有,無,968000,6220,,0.0,0,標購逾期未辦繼承土地,RPQNMLKKNHPFFAX07CA,0.0,0.0,0.0,,
湖西鄉,土地,中西段268地號,65.88,,一般農業區,農牧用地,1090423,土地1建物0車位0,,,其他,,,,0.0,0,0,0,有,無,259000,3931,,0.0,0,,RPPNMLTLMHPFFAX87CA,0.0,0.0,0.0,,
馬公市,房地(土地+建物),澎湖縣馬公市三多路２９６號,98.89,商,,,1090323,土地1建物1車位0,一層，二層，三層，四層，見其他登記事項,四層,店面(店鋪),住商用,鋼筋混凝土造,1000504,286.79,6,2,7,有,無,19000000,66251,,0.0,0,,RPQNMLTLMHPFFAX97CA,263.78,23.01,0.0,,
馬公市,土地,鐵線段1007-1地號,217.6,,一般農業區,農牧用地,1090309,土地1建物0車位0,,,其他,,,,0.0,0,0,0,有,無,1300000,5974,,0.0,0,親友、員工或其他特殊關係間之交易。；,RPVNMLKMMHPFFAX67CA,0.0,0.0,0.0,,
湖西鄉,土地,城北段464地號,535.04,,一般農業區,農牧用地,1090420,土地1建物0車位0,,,其他,,,,0.0,0,0,0,有,無,486000,908,,0.0,0,親友、員工或其他特殊關係間之交易。；,RPPNMLOJNHPFFAX27CA,0.0,0.0,0.0,,
馬公市,土地,光榮段352地號,103.38,其他,,,1090428,土地1建物0車位0,,,其他,,,,0.0,0,0,0,有,無,5644548,54600,,0.0,0,公五公六協議價購54600元/m2,RPQNMLPJNHPFFAX47CA,0.0,0.0,0.0,,
馬公市,土地,光榮段44-1地號,5.83,其他,,,1090428,土地1建物0車位0,,,其他,,,,0.0,0,0,0,有,無,318318,54600,,0.0,0,公五公六協議價購54600元/m2,RPRNMLPJNHPFFAX57CA,0.0,0.0,0.0,,
馬公市,土地,光榮段372地號,3.39,其他,,,1090428,土地1建物0車位0,,,其他,,,,0.0,0,0,0,有,無,185094,54600,,0.0,0,公五公六協議價購54600元/m2,RPPNMLPJNHPFFAX37CA,0.0,0.0,0.0,,
馬公市,土地,鎖港南段358地號,718.4,,一般農業區,農牧用地,1090423,土地1建物0車位0,,,其他,,,,0.0,0,0,0,有,無,22840000,31793,,0.0,0,農變建移轉土地持分給予權利人 內含未來3戶興建之成本2284萬,RPQNMLKMMHPFFAX17CA,0.0,0.0,0.0,,
馬公市,房地(土地+建物),澎湖縣馬公市陽明路４１號,69.26,住,,,1090411,土地1建物1車位0,全,四層,透天厝,住商用,鋼筋混凝土造,0830118,256.62,5,3,4,有,無,15000000,58452,,0.0,0,,RPPNMLMKNHPFFAX17CA,232.71,23.91,0.0,,
湖西鄉,土地,沙港北段1436-1地號,14.31,,鄉村區,乙種建築用地,1090420,土地1建物0車位0,,,其他,,,,0.0,0,0,0,有,無,81710,5710,,0.0,0,向政府機關承購之案件。；,RPPNMLKMMHPFFAX17DA,0.0,0.0,0.0,,
馬公市,土地,五德東段355地號,515.59,,一般農業區,農牧用地,1090408,土地2建物0車位0,,,其他,,,,0.0,0,0,0,有,無,2800000,5431,,0.0,0,親友、員工或其他特殊關係間之交易。；,RPRNMLSJNHPFFAX97DA,0.0,0.0,0.0,,
馬公市,土地,興仁段1517地號,543.13,,一般農業區,農牧用地,1090324,土地1建物0車位0,,,其他,,,,0.0,0,0,0,有,無,2688889,4951,,0.0,0,標購逾期未辦繼承土地,RPPNMLKKNHPFFAX96CA,0.0,0.0,0.0,,
馬公市,土地,光榮段278地號,90.8,其他,,,1090501,土地1建物0車位0,,,其他,,,,0.0,0,0,0,有,無,4957680,54600,,0.0,0,公5公6辦理協議價購54600m2,RPSNMLPJNHPFFAX67CA,0.0,0.0,0.0,,
馬公市,土地,安宅段1576-1地號,322.05,,一般農業區,農牧用地,1081121,土地1建物0車位0,,,其他,,,,0.0,0,0,0,有,無,2400000,7452,,0.0,0,,RPRNMLQJNHPFFAX67CA,0.0,0.0,0.0,,
湖西鄉,土地,沙港南段159地號,168.0,,一般農業區,農牧用地,1090326,土地1建物0車位0,,,其他,,,,0.0,0,0,0,有,無,260000,1548,,0.0,0,親友、員工或其他特殊關係間之交易。；,RPSNMLPLNHPFFAX87CA,0.0,0.0,0.0,,
白沙鄉,土地,後寮北段1684地號,73.51,,鄉村區,乙種建築用地,1090411,土地1建物0車位0,,,其他,,,,0.0,0,0,0,有,無,250000,3401,,0.0,0,親友、員工或其他特殊關係間之交易。；,RPTNMLNKNHPFFAX87EA,0.0,0.0,0.0,,
馬公市,土地,雙湖段1053地號,198.85,,一般農業區,農牧用地,1090417,土地5建物0車位0,,,其他,,,,0.0,0,0,0,有,無,540000,2716,,0.0,0,親友、員工或其他特殊關係間之交易。；二親等間買賣其價格與市場行情不同,RPSNMLKKNHPFFAX27CA,0.0,0.0,0.0,,
馬公市,土地,光榮段351地號,45.37,其他,,,1090505,土地1建物0車位0,,,其他,,,,0.0,0,0,0,有,無,2477203,54600,,0.0,0,公五公六協議價購54600元m2,RPWNMLSKNHPFFAX48CA,0.0,0.0,0.0,,
馬公市,土地,光榮段355地號,144.55,其他,,,1090505,土地1建物0車位0,,,其他,,,,0.0,0,0,0,有,無,7892431,54600,,0.0,0,公五公六協議價購54600元m2,RPOOMLSKNHPFFAX77CA,0.0,0.0,0.0,,
馬公市,房地(土地+建物),澎湖縣馬公市民福路４０號,22.0,商,,,1090423,土地1建物1車位0,全,三層,透天厝,住商用,鋼筋混凝土加強磚造,0640117,65.55,1,1,1,有,無,7400000,112891,,0.0,0,,RPTNMLPJNHPFFAX77CA,65.55,0.0,0.0,,
馬公市,房地(土地+建物),澎湖縣馬公市樂群街４號,62.23,住,,,1090317,土地1建物1車位0,全,二層,透天厝,住家用,鋼筋混凝土加強磚造,0680422,81.3,5,2,3,有,無,6000000,73801,,0.0,0,,RPTNMLQJNHPFFAX87CA,81.3,0.0,0.0,,
馬公市,土地,馬公段750地號,62.92,商,,,1090424,土地1建物0車位0,,,其他,,,,0.0,0,0,0,有,無,6600000,104895,,0.0,0,,RPPNMLRJNHPFFAX57CA,0.0,0.0,0.0,,
湖西鄉,土地,湖東新段4地號,319.21,,一般農業區,農牧用地,1090417,土地1建物0車位0,,,其他,,,,0.0,0,0,0,有,無,800000,2506,,0.0,0,,RPRNMLRJNHPFFAX77CA,0.0,0.0,0.0,,
馬公市,土地,中衛段1648-1地號,665.38,,一般農業區,農牧用地,1090428,土地1建物0車位0,,,其他,,,,0.0,0,0,0,有,無,26900000,40428,,0.0,0,農變建移轉土地持分給予權利人 內含未來2戶興建之成本2690萬,RPSNMLQJNHPFFAX77CA,0.0,0.0,0.0,,
湖西鄉,土地,城北段1087地號,218.86,,一般農業區,甲種建築用地,1090416,土地3建物0車位0,,,其他,,,,0.0,0,0,0,有,無,6910000,31573,,0.0,0,農變建之起造人變更含未來興建房屋價款,RPOOMLLMQHPFFAX57CA,0.0,0.0,0.0,,
湖西鄉,土地,許家段1095-3地號,1182.37,,一般農業區,農牧用地,1081217,土地2建物0車位0,,,其他,,,,0.0,0,0,0,有,無,6800000,5751,,0.0,0,,RPRNMLKKNHPFFAX17CA,0.0,0.0,0.0,,
馬公市,房地(土地+建物)+車位,澎湖縣馬公市貿商街１２７號十二樓之五,26.95,住,,,1090323,土地1建物1車位1,十二層,十二層,住宅大樓(11層含以上有電梯),集合住宅,鋼筋混凝土造,0950629,181.29000000000002,3,2,2,有,有,4800000,26477,坡道平面,0.0,0,,RPRNMLPLNHPFFAX77CA,96.88,0.0,11.16,,
馬公市,土地,中衛段492地號,6.88,工,,,1090320,土地1建物0車位0,,,其他,,,,0.0,0,0,0,有,無,320000,46512,,0.0,0,,RPPNMLSJNHPFFAX67CA,0.0,0.0,0.0,,
馬公市,土地,鎖港南段363-2地號,330.0,,一般農業區,農牧用地,1090504,土地1建物0車位0,,,其他,,,,0.0,0,0,0,有,無,19000000,57576,,0.0,0,此為農變建含未來興建房屋1棟之費用,RPPOMLKLNHPFFAX17CA,0.0,0.0,0.0,,
馬公市,土地,安宅段1528地號,1062.3,,一般農業區,農牧用地,1090401,土地1建物0車位0,,,其他,,,,0.0,0,0,0,有,無,900000,847,,0.0,0,親友、員工或其他特殊關係間之交易。；,RPQNMLMKNHPFFAX27CA,0.0,0.0,0.0,,
馬公市,土地,鎖港南段363-3地號,330.0,,一般農業區,農牧用地,1081212,土地1建物0車位0,,,其他,,,,0.0,0,0,0,有,無,19100000,57879,,0.0,0,此為農變建含未來興建 房屋 1 棟之費用。,RPPNMLLKNHPFFAX07CA,0.0,0.0,0.0,,
馬公市,房地(土地+建物)+車位,澎湖縣馬公市新生路７１巷２號二樓,34.58,商,,,1090421,土地1建物1車位1,二層,七層,華廈(10層含以下有電梯),住家用,鋼筋混凝土造,0781011,183.02,3,2,2,有,有,5400000,29505,坡道平面,0.0,0,,RPPNMLPJOHPFFAX47CA,131.87,0.0,0.0,,
