﻿編號,屋齡,建物移轉面積平方公尺,主要用途,主要建材,建築完成日期,總層數,建物分層,移轉情形
The serial number,room age,building shifting area square meter,the main use,main building materials,construction completes the date,total layer,building lamination,
RPTOMLLKJIHGFDC57CC,29,84.87,住家用,鋼筋混凝土造,82年9月27日,七層,,
RPTOMLLKJIHGFDC57CC,29,10.28,共用部份,鋼筋混凝土造,82年9月27日,七層,,
RPTOMLLKJIHGFDC57CC,29,5.15,共用部份,鋼筋混凝土造,82年9月27日,七層,,
RPSOMLLKJIHGFDC47CC,41,98.08,住家用,鋼筋混凝土造,70年10月27日,四層,,
RPSOMLOKJIHGFDC77CC,44,57.33,國民住宅,鋼筋混凝土造,67年8月9日,五層,,
RPXOMLOKJIHGFDC28CC,24,70.01,住家用,鋼筋混凝土造,87年6月8日,五層,,
RPXOMLOKJIHGFDC28CC,24,8.29,共用部份,鋼筋混凝土造,87年6月8日,五層,,
RPWOMLLKJIHGFDC87CC,27,111.93,住家用,鋼筋混凝土造,84年5月19日,七層,,
RPPOMLPKJIHGFDC57CC,21,56.56,住家用,鋼筋混凝土造,90年7月18日,五層,,
RPWOMLLKJIHGFDC87CC,27,4.80,共用部份,鋼筋混凝土造,84年5月19日,七層,,
RPPOMLPKJIHGFDC57CC,21,16.97,共用部份,鋼筋混凝土造,90年7月18日,五層,,
RPWOMLLKJIHGFDC87CC,27,1.90,共用部份,鋼筋混凝土造,84年5月19日,七層,,
RPWOMLLKJIHGFDC87CC,27,14.05,共用部份,鋼筋混凝土造,84年5月19日,七層,,
RPXNMLPKJIHGFDC28CC,40,52.60,住家用,鋼筋混凝土造,71年9月18日,四層,,
RPWOMLQKJIHGFDC38CC,28,97.76,住家用,鋼筋混凝土造,84年5月12日,五層,,
RPWOMLQKJIHGFDC38CC,28,12.96,共用部份,鋼筋混凝土造,84年5月12日,五層,,
RPTOMLQKJIHGFDC08CC,29,110.70,住家用,鋼筋混凝土造,82年10月23日,七層,,
RPTOMLQKJIHGFDC08CC,29,40.47,共用部份,鋼筋混凝土造,82年10月23日,七層,,
RPUOMLOKJIHGFDC97CC,27,57.91,住家用,鋼筋混凝土造,85年3月9日,十五層,,
RPUOMLOKJIHGFDC97CC,27,9.82,共用部份,鋼筋混凝土造,85年3月9日,十五層,,
RPPPMLQKJIHGFDC77CC,26,76.76,住家用,鋼筋混凝土造,85年11月29日,二十三層,,
RPPPMLQKJIHGFDC77CC,26,10.41,共用部份,鋼筋混凝土造,85年11月29日,二十三層,,
RPPPMLQKJIHGFDC77CC,26,4.51,共用部份,鋼筋混凝土造,85年11月29日,二十三層,,
RPPPMLQKJIHGFDC77CC,26,41.78,共用部份,鋼筋混凝土造,85年11月29日,二十三層,,
RPPPMLQKJIHGFDC77CC,26,6.25,共用部份,鋼筋混凝土造,85年11月29日,二十三層,,
RPVPMLQKJIHGFDC38CC,27,32.11,住家用,鋼筋混凝土造,85年4月26日,十六層,,
RPVPMLQKJIHGFDC38CC,27,6.02,共用部份,鋼筋混凝土造,85年4月26日,十六層,,
RPVPMLQKJIHGFDC38CC,27,3.75,共用部份,鋼筋混凝土造,85年4月26日,十六層,,
RPUPMLQKJIHGFDC28CC,53,81.65,住家用,加強磚造,58年8月19日,四層,,
RPPQMLQKJIHGFDC87CC,20,300.19,辦公室,鋼筋混凝土造,91年7月12日,十四層,,
RPQOMLPKJIHGFDC67CC,23,93.93,住家用,鋼筋混凝土造,88年12月31日,十四層,,
RPQOMLPKJIHGFDC67CC,23,19.02,共用部份,鋼筋混凝土造,88年12月31日,十四層,,
RPQOMLPKJIHGFDC67CC,23,20.48,共用部份,鋼筋混凝土造,88年12月31日,十四層,,
RPQQMLQKJIHGFDC97CC,20,122.76,店舖（騎樓）人行道,鋼筋混凝土造,91年7月12日,十四層,,
RPQQMLQKJIHGFDC97CC,20,199.09,店舖（騎樓）人行道、商業用,鋼筋混凝土造,91年7月12日,十四層,,
RPQQMLQKJIHGFDC97CC,20,141.16,辦公室,鋼筋混凝土造,91年7月12日,十四層,,
RPVNMLRKJIHGFDC28CC,44,48.64,國民住宅,鋼筋混凝土造,67年8月9日,五層,,
RPOOMLRKJIHGFDC67CC,60,43.68,住家用,磚造,52年3月1日,一層,,
RPROMLPKJIHGFDC77CC,24,25.81,住家用,鋼筋混凝土造,88年1月14日,十三層,,
RPROMLPKJIHGFDC77CC,24,5.01,共用部份,鋼筋混凝土造,88年1月14日,十三層,,
RPROMLPKJIHGFDC77CC,24,4.35,共用部份,鋼筋混凝土造,88年1月14日,十三層,,
RPPOMLRKJIHGFDC77CC,42,77.28,住家用,鋼筋混凝土造,69年11月7日,四層,,
RPUOMLRKJIHGFDC28CC,24,297.84,住宅　（騎樓）人行道,鋼筋混凝土造,87年7月15日,四層,,
RPROMLRKJIHGFDC97CC,26,102.80,住家用,鋼筋混凝土造,86年4月1日,五層,,
RPROMLRKJIHGFDC97CC,26,19.32,共用部份,鋼筋混凝土造,86年4月1日,五層,,
RPVOMLRKJIHGFDC38CC,49,61.43,住家用,加強磚造,62年7月27日,三層,,
RPVPMLRKJIHGFDC48CC,50,101.07,住家用,加強磚造,61年8月10日,二層,,
RPUPMLRKJIHGFDC38CC,49,45.17,住家用,加強磚造,62年11月13日,二層,,
RPXNMLSKJIHGFDC58CC,43,65.05,住家用,鋼筋混凝土造,68年8月20日,四層,,
RPXPMLRKJIHGFDC68CC,9,104.58,集合住宅,鋼筋混凝土造,102年12月4日,十三層,,
RPXPMLRKJIHGFDC68CC,9,19.50,本建物共有部分之項目有公共服務空間、廊道、排水、排風機房、排風管道、安全梯、梯廳、昇降機兼無障礙空間、排水消防弱電、台電配電室、台電受電箱、電錶室、中央監控室、機房（供電信用）、發電機房、排氣、送氣、進氣管道、進氣機房、法定機車位、自設機車位、電氣室、Ａ棟蓄水池、Ｂ棟蓄水池、增設停車位〈地下一層停車編號９１〉、污水機房及消防泵浦室等２７項。,鋼筋混凝土造,102年12月4日,十四層,,
RPXPMLRKJIHGFDC68CC,9,24.73,本建物共有部分之項目有大廳、梯廳、昇降機兼無障礙設施、緊急昇降機、儲藏室、消防栓箱、消防給水電氣、弱電、戶外安全梯、安全梯、排煙室、雨遮、消防水池、電梯機房及自來水水箱等１５項。,鋼筋混凝土造,102年12月4日,十四層,,
RPWPMLRKJIHGFDC58CC,23,68.79,住家用,鋼筋混凝土造,89年2月2日,七層,,
RPWPMLRKJIHGFDC58CC,23,29.95,共用部份,鋼筋混凝土造,89年2月2日,七層,,
RPSOMLSKJIHGFDC18CC,24,91.37,住家用,鋼筋混凝土造,88年1月14日,十六層,,
RPSOMLSKJIHGFDC18CC,24,12.41,共用部份,鋼筋混凝土造,88年1月14日,十六層,,
RPSOMLSKJIHGFDC18CC,24,1.11,共用部份,鋼筋混凝土造,88年1月14日,十六層,,
RPSOMLSKJIHGFDC18CC,24,3.30,共用部份,鋼筋混凝土造,88年1月14日,十六層,,
RPSOMLSKJIHGFDC18CC,24,41.38,共用部份,鋼筋混凝土造,88年1月14日,十六層,,
RPSOMLSKJIHGFDC18CC,24,2.24,共用部份,鋼筋混凝土造,88年1月14日,十六層,,
RPSOMLSKJIHGFDC18CC,24,1.09,共用部份,鋼筋混凝土造,88年1月14日,十六層,,
RPUPMLLLJIHGFDC87CC,27,25.53,住家用,鋼筋混凝土造,85年1月18日,七層,,
RPUPMLLLJIHGFDC87CC,27,5.44,共用部份,鋼筋混凝土造,85年1月18日,七層,,
RPQQMLMLJIHGFDC67CC,26,24.03,住家用,鋼筋混凝土造,85年11月29日,二十三層,,
RPQQMLMLJIHGFDC67CC,26,3.89,共用部份,鋼筋混凝土造,85年11月29日,二十三層,,
RPPOMLSKJIHGFDC87CC,52,53.65,住家用,加強磚造,60年2月12日,二層,,
RPQQMLMLJIHGFDC67CC,26,1.57,共用部份,鋼筋混凝土造,85年11月29日,二十三層,,
RPQQMLMLJIHGFDC67CC,26,1.79,共用部份,鋼筋混凝土造,85年11月29日,二十三層,,
RPQOMLMLJIHGFDC47CC,59,137.96,住家用,加強磚造,52年8月1日,二層,,
RPWNMLLLJIHGFDC97DC,26,42.79,辦公室,鋼筋混凝土造,86年5月3日,十層,,
RPQOMLSKJIHGFDC97CC,27,56.39,住家用,鋼筋混凝土造,84年8月1日,十二層,,
RPQOMLSKJIHGFDC97CC,27,8.42,共用部份,鋼筋混凝土造,84年8月1日,十二層,,
RPQOMLSKJIHGFDC97CC,27,4.82,共用部份,鋼筋混凝土造,84年8月1日,十二層,,
RPVTMLMLJIHGFDC48CC,24,91.37,住家用,鋼筋混凝土造,88年1月14日,十六層,,
RPVTMLMLJIHGFDC48CC,24,12.41,共用部份,鋼筋混凝土造,88年1月14日,十六層,,
RPROMLMLJIHGFDC57CC,27,86.43,住家用,鋼筋混凝土造,84年12月27日,十四層,,
RPVTMLMLJIHGFDC48CC,24,1.11,共用部份,鋼筋混凝土造,88年1月14日,十六層,,
RPROMLMLJIHGFDC57CC,27,15.30,共用部份,鋼筋混凝土造,84年12月27日,十四層,,
RPOTMLMLJIHGFDC77CC,23,104.26,住家用,鋼筋混凝土造,88年12月18日,五層,,
RPVTMLMLJIHGFDC48CC,24,3.30,共用部份,鋼筋混凝土造,88年1月14日,十六層,,
RPOTMLMLJIHGFDC77CC,23,33.95,共用部份,鋼筋混凝土造,88年12月18日,五層,,
RPVTMLMLJIHGFDC48CC,24,41.38,共用部份,鋼筋混凝土造,88年1月14日,十六層,,
RPVTMLMLJIHGFDC48CC,24,2.24,共用部份,鋼筋混凝土造,88年1月14日,十六層,,
RPVTMLMLJIHGFDC48CC,24,1.09,共用部份,鋼筋混凝土造,88年1月14日,十六層,,
RPXOMLNLJIHGFDC28CC,47,76.87,住家用,鋼筋混凝土造,65年1月13日,四層,,
RPTTMLMLJIHGFDC28CC,33,89.70,住家用,鋼筋混凝土造,79年4月21日,五層,,
RPTTMLMLJIHGFDC28CC,33,6.22,共用部份,鋼筋混凝土造,79年4月21日,五層,,
RPRPMLOLJIHGFDC87CC,28,55.05,住家用,鋼筋混凝土造,84年5月5日,九層,,
RPRPMLOLJIHGFDC87CC,28,23.26,共用部份,鋼筋混凝土造,84年5月5日,九層,,
RPWPMLOLJIHGFDC38CC,45,92.14,住家用,鋼筋混凝土加強磚造,66年12月20日,六層,,
RPVPMLOLJIHGFDC28CC,17,55.00,住家用,鋼筋混凝土造,94年12月29日,四層,,
RPXPMLOLJIHGFDC48CC,47,76.56,住家用,鋼筋混凝土加強磚造,64年10月7日,四層,,
RPVPMLOLJIHGFDC28CC,17,14.71,共用部份,鋼筋混凝土造,94年12月29日,四層,,
RPORMLNLJIHGFDC67CC,27,101.60,住家用,鋼筋混凝土造,84年10月2日,七層,,
RPORMLNLJIHGFDC67CC,27,2.23,共用部份,鋼筋混凝土造,84年10月2日,七層,,
RPORMLNLJIHGFDC67CC,27,4.41,共用部份,鋼筋混凝土造,84年10月2日,七層,,
RPORMLNLJIHGFDC67CC,27,8.45,共用部份,鋼筋混凝土造,84年10月2日,七層,,
RPURMLOLJIHGFDC38CC,21,56.56,辦公室,鋼筋混凝土造,90年7月18日,五層,,
RPURMLOLJIHGFDC38CC,21,16.97,共用部份,鋼筋混凝土造,90年7月18日,五層,,
RPWQMLOLJIHGFDC48CC,21,92.70,住家用,鋼筋混凝土造,90年10月4日,五層,,
RPRSMLOLJIHGFDC18CC,28,80.49,住家用,鋼筋混凝土造,84年1月17日,五層,,
RPWQMLOLJIHGFDC48CC,21,9.92,共用部份,鋼筋混凝土造,90年10月4日,五層,,
RPWQMLOLJIHGFDC48CC,21,11.61,共用部份,鋼筋混凝土造,90年10月4日,五層,,
RPRSMLOLJIHGFDC18CC,28,17.42,共用部份,鋼筋混凝土造,84年1月17日,五層,,
RPTSMLOLJIHGFDC38CC,4,95.84,集合住宅,鋼筋混凝土造,108年2月13日,十一層,,
RPTSMLOLJIHGFDC38CC,4,20.84,本建物共有部分之項目有消防幫浦室‧地下室排氣口‧樓電梯間‧梯廳‧電信室‧自來水箱‧汙水設備室‧發電機室‧滯洪沉砂池‧機車位‧管委會空間‧垃圾儲藏室‧資源回收區排風管道‧台電配電室‧用戶配電室‧等共１６項。,鋼筋混凝土造,108年2月13日,十一層,,
RPTSMLOLJIHGFDC38CC,4,2.84,本建物共有部分之項目有防空避難室兼停車空間‧停車空間等共２項。,鋼筋混凝土造,108年2月13日,十一層,,
RPTSMLOLJIHGFDC38CC,4,19.88,本建物共有部分之項目有樓電梯間‧梯廳‧樓梯間‧機房‧水箱等共５項。,鋼筋混凝土造,108年2月13日,十一層,,
RPSSMLOLJIHGFDC28CC,27,57.14,住家用,鋼筋混凝土造,85年3月9日,十五層,,
RPSSMLOLJIHGFDC28CC,27,9.82,共用部份,鋼筋混凝土造,85年3月9日,十五層,,
RPUSMLOLJIHGFDC48CC,26,98.99,住家用,鋼筋混凝土造,86年1月15日,五層,,
RPUSMLOLJIHGFDC48CC,26,2.91,共用部份,鋼筋混凝土造,86年1月15日,五層,,
RPUSMLOLJIHGFDC48CC,26,6.02,共用部份,鋼筋混凝土造,86年1月15日,五層,,
RPSOMLPLJIHGFDC97CC,27,91.66,住家用,鋼筋混凝土造,84年11月16日,五層,,
RPOOMLPLJIHGFDC57CC,47,77.41,住家用,鋼筋混凝土加強磚造,64年10月7日,四層,,
RPSOMLPLJIHGFDC97CC,27,37.73,共用部份,鋼筋混凝土造,84年11月16日,五層,,
RPROMLPLJIHGFDC87CC,40,87.85,住家用,鋼筋混凝土造,71年6月3日,五層,,
RPTOMLSLJIHGFDC38CC,13,105.30,集合住宅,鋼筋混凝土造,98年7月16日,十層,,
RPTOMLSLJIHGFDC38CC,13,55.74,本共有部分之項目有防空避難室兼停車空間、機房、社區中心及樓電梯間等四項,鋼筋混凝土造,98年7月16日,十一層,,
RPXNMLSLJIHGFDC68CC,5,13.57,本共有部分之項目有公設空間、門廳、防空避難室兼停車空間、停車空間、社區中心、機械室、游泳池及管委會辦公室等共八項,鋼筋混凝土造,106年10月18日,十五層,,
RPXNMLSLJIHGFDC68CC,5,70.70,集合住宅,鋼筋混凝土造,106年10月18日,十五層,,
RPXNMLSLJIHGFDC68CC,5,18.69,本共有部分之項目有電梯間、樓梯間、蓄水池及水箱等共四項,鋼筋混凝土造,106年10月18日,十五層,,
RPXNMLSLJIHGFDC68CC,5,.48,本共有部分之項目有台電配電室共一項,鋼筋混凝土造,106年10月18日,十五層,,
RPXOMLSLJIHGFDC78CC,43,84.64,住家用,鋼筋混凝土造,68年8月5日,四層,,
RPUOMLSLJIHGFDC48CC,42,59.58,住家用,鋼筋混凝土造,69年11月26日,五層,,
RPPPMLSLJIHGFDC08CC,40,95.53,住家用,鋼筋混凝土造,71年12月29日,五層,,
RPVPMLSLJIHGFDC68CC,27,74.85,住家用,鋼筋混凝土造,84年8月1日,十二層,,
RPUPMLSLJIHGFDC58CC,28,60.83,住家用,鋼筋混凝土造,83年10月15日,五層,,
RPVPMLSLJIHGFDC68CC,27,12.11,共用部份,鋼筋混凝土造,84年8月1日,十二層,,
RPUPMLSLJIHGFDC58CC,28,2.36,共用部份,鋼筋混凝土造,83年10月15日,五層,,
RPVPMLSLJIHGFDC68CC,27,3.75,共用部份,鋼筋混凝土造,84年8月1日,十二層,,
RPUPMLSLJIHGFDC58CC,28,5.72,共用部份,鋼筋混凝土造,83年10月15日,五層,,
RPOOMLTLJIHGFDC97CC,26,55.08,住家用,鋼筋混凝土造,85年11月29日,二十三層,,
RPOOMLTLJIHGFDC97CC,26,9.64,共用部份,鋼筋混凝土造,85年11月29日,二十三層,,
RPOOMLTLJIHGFDC97CC,26,3.89,共用部份,鋼筋混凝土造,85年11月29日,二十三層,,
RPXPMLSLJIHGFDC88CC,43,77.70,住家用,鋼筋混凝土造,68年6月13日,四層,,
RPWPMLSLJIHGFDC78CC,25,24.92,住家用,鋼筋混凝土造,86年6月23日,九層,,
RPOOMLTLJIHGFDC97CC,26,4.46,共用部份,鋼筋混凝土造,85年11月29日,二十三層,,
RPWPMLSLJIHGFDC78CC,25,3.02,共用部份,鋼筋混凝土造,86年6月23日,九層,,
RPWPMLSLJIHGFDC78CC,25,.67,共用部份,鋼筋混凝土造,86年6月23日,九層,,
RPWPMLSLJIHGFDC78CC,25,2.73,共用部份,鋼筋混凝土造,86年6月23日,九層,,
RPUOMLTLJIHGFDC58CC,24,89.29,住家用,鋼筋混凝土造,88年4月14日,五層,,
RPUOMLTLJIHGFDC58CC,24,7.73,共用部份,鋼筋混凝土造,88年4月14日,五層,,
RPOOMLKMJIHGFDC17CC,6,55.29,集合住宅,鋼筋混凝土造,105年10月7日,七層,,
RPOOMLKMJIHGFDC17CC,6,19.02,本共有部分之項目有防空避難室兼停車場、水箱、配電室、機房、梯廳、車道、大廳、管委會使用空間、A‧B棟門廳、樓梯間及機械室等１１項,鋼筋混凝土造,105年10月7日,七層,,
RPQOMLKMJIHGFDC37CC,44,61.41,國民住宅,鋼筋混凝土造,67年8月9日,五層,,
RPXNMLKMJIHGFDC97CC,26,54.06,住家用,鋼筋混凝土造,86年5月8日,十一層,,
RPSOMLKMJIHGFDC57CC,14,86.26,住家用,鋼筋混凝土造,97年9月8日,九層,,
RPSOMLKMJIHGFDC57CC,14,26.53,共用部份,鋼筋混凝土造,97年9月8日,九層,,
RPXNMLKMJIHGFDC97CC,26,1.18,共用部份,鋼筋混凝土造,86年5月8日,十一層,,
RPXNMLKMJIHGFDC97CC,26,9.85,共用部份,鋼筋混凝土造,86年5月8日,十一層,,
RPXNMLKMJIHGFDC97CC,26,.60,共用部份,鋼筋混凝土造,86年5月8日,十一層,,
RPROMLKMJIHGFDC47CC,24,23.91,住家用,鋼筋混凝土造,88年1月14日,十六層,,
RPROMLKMJIHGFDC47CC,24,5.76,共用部份,鋼筋混凝土造,88年1月14日,十六層,,
RPROMLKMJIHGFDC47CC,24,.30,共用部份,鋼筋混凝土造,88年1月14日,十六層,,
RPROMLKMJIHGFDC47CC,24,1.37,共用部份,鋼筋混凝土造,88年1月14日,十六層,,
RPROMLKMJIHGFDC47CC,24,48.96,共用部份,鋼筋混凝土造,88年1月14日,十六層,,
RPROMLKMJIHGFDC47CC,24,.57,共用部份,鋼筋混凝土造,88年1月14日,十六層,,
RPROMLKMJIHGFDC47CC,24,.29,共用部份,鋼筋混凝土造,88年1月14日,十六層,,
RPTOMLKMJIHGFDC67CC,44,58.33,住家用,鋼筋混凝土加強磚造,67年7月1日,四層,,
RPPOMLMJKIHGFDC27CC,27,96.27,住家用,鋼筋混凝土造,85年1月17日,五層,,
RPPOMLMJKIHGFDC27CC,27,9.44,共用部份,鋼筋混凝土造,85年1月17日,五層,,
RPOOMLLJKIHGFDC07CC,39,87.69,住家用,鋼筋混凝土造,72年12月24日,四層,,
RPOOMLLJKIHGFDC07CC,39,12.33,共用部份,鋼筋混凝土造,72年12月24日,四層,,
RPXNMLLJKIHGFDC87CC,24,23.42,住家用,鋼筋混凝土造,88年1月14日,十六層,,
RPXNMLLJKIHGFDC87CC,24,5.59,共用部份,鋼筋混凝土造,88年1月14日,十六層,,
RPXNMLLJKIHGFDC87CC,24,.29,共用部份,鋼筋混凝土造,88年1月14日,十六層,,
RPXNMLLJKIHGFDC87CC,24,1.35,共用部份,鋼筋混凝土造,88年1月14日,十六層,,
RPXNMLLJKIHGFDC87CC,24,.63,共用部份,鋼筋混凝土造,88年1月14日,十六層,,
RPVNMLQJKIHGFDC18CC,32,50.46,住家用,鋼筋混凝土造,80年4月25日,五層,,
RPVNMLQJKIHGFDC18CC,32,1.91,共用部份,鋼筋混凝土造,80年4月25日,五層,,
RPUNMLQJKIHGFDC08CC,43,62.78,住家用,鋼筋混凝土造,69年5月27日,五層,,
RPXNMLLJKIHGFDC87CC,24,.26,共用部份,鋼筋混凝土造,88年1月14日,十六層,,
RPXNMLQJKIHGFDC38CC,28,70.42,住家用,鋼筋混凝土造,83年10月15日,五層,,
RPXNMLQJKIHGFDC38CC,28,2.38,共用部份,鋼筋混凝土造,83年10月15日,五層,,
RPXNMLQJKIHGFDC38CC,28,6.43,共用部份,鋼筋混凝土造,83年10月15日,五層,,
RPWNMLQJKIHGFDC28CC,1,64.23,集合住宅,鋼筋混凝土造,110年10月14日,九層,,
RPWNMLQJKIHGFDC28CC,1,36.06,本建物共有部分之項目有行動不便者電梯、管委會使用空間、樓電梯間、梯廳、中控警衛室、大廳、樓梯間、機械室、水箱、防空避難室兼停車空間、停車空間、走廊、配電室、警衛室、消防泵浦室、汽車坡道、機車停車空間、發電機室、電信室、防空避難室、車道、垃圾儲藏室、機房等共２３項。,鋼筋混凝土造,110年10月14日,九層,,
RPQOMLQJKIHGFDC77CC,24,92.47,住家用,鋼筋混凝土造,88年1月14日,十六層,,
RPQOMLQJKIHGFDC77CC,24,14.72,共用部份,鋼筋混凝土造,88年1月14日,十六層,,
RPQOMLQJKIHGFDC77CC,24,7.02,共用部份,鋼筋混凝土造,88年1月14日,十六層,,
RPQOMLQJKIHGFDC77CC,24,2.24,共用部份,鋼筋混凝土造,88年1月14日,十六層,,
RPQOMLQJKIHGFDC77CC,24,1.09,共用部份,鋼筋混凝土造,88年1月14日,十六層,,
RPPOMLQJKIHGFDC67CC,27,90.16,住家用,鋼筋混凝土造,85年3月22日,七層,,
RPPOMLQJKIHGFDC67CC,27,5.30,共用部份,鋼筋混凝土造,85年3月22日,七層,,
RPPOMLQJKIHGFDC67CC,27,51.11,共用部份,鋼筋混凝土造,85年3月22日,七層,,
RPTOMLQJKIHGFDC08CC,43,78.89,住家用,鋼筋混凝土造,69年5月6日,四層,,
RPVOMLQJKIHGFDC28CC,39,83.67,住家用,鋼筋混凝土造,73年1月12日,四層,,
RPWOMLQJKIHGFDC38CC,28,72.57,住家用,鋼筋混凝土造,83年11月20日,八層,,
RPWOMLQJKIHGFDC38CC,28,35.54,共用部份,鋼筋混凝土造,83年11月20日,九層,,
RPUOMLQJKIHGFDC18CC,22,32.64,住家用,鋼筋混凝土造,90年4月24日,五層,,
RPUOMLQJKIHGFDC18CC,22,9.82,共用部份,鋼筋混凝土造,90年4月24日,五層,,
RPXOMLQJKIHGFDC48CC,47,36.59,住家用,鋼筋混凝土加強磚造,64年9月9日,四層,,
RPOPMLQJKIHGFDC67CC,7,88.17,集合住宅,鋼筋混凝土造,104年12月28日,十五層,,
RPOPMLQJKIHGFDC67CC,7,81.52,本共有部分之項目有公共服務空間、管委會使用空間、門廳、梯廳、緊急升降機、進氣管道、排氣管道、排煙室、特別安全梯、行動不便者電梯、機電設備空間、樓梯間、消防水池、自來水箱、台電配電室、發電機室、垃圾儲藏室、垃圾車裝卸空間、機電設備空間（電信使用）、防空避難室兼停車空間、電梯間、停車空間、機電設備空間（污廢水設備）及消防泵浦室等２４項,鋼筋混凝土造,104年12月28日,十五層,,
RPTPMLQJKIHGFDC18CC,30,108.19,住家用,鋼筋混凝土造,81年12月16日,十五層,,
RPTPMLQJKIHGFDC18CC,30,19.97,共用部份,鋼筋混凝土造,81年12月16日,十五層,,
RPTPMLQJKIHGFDC18CC,30,3.04,共用部份,鋼筋混凝土造,81年12月16日,十八層,,
RPUPMLQJKIHGFDC28CC,26,100.81,住家用,鋼筋混凝土造,85年9月30日,五層,,
RPUPMLQJKIHGFDC28CC,26,5.62,共用部份,鋼筋混凝土造,85年9月30日,五層,,
RPUPMLQJKIHGFDC28CC,26,13.41,共用部份,鋼筋混凝土造,85年9月30日,五層,,
RPWPMLQJKIHGFDC48CC,28,97.44,住家用,鋼筋混凝土造,84年1月18日,五層,,
RPWPMLQJKIHGFDC48CC,28,2.67,共用部份,鋼筋混凝土造,84年1月18日,五層,,
RPPPMLQJKIHGFDC77CC,25,36.20,住家用,鋼筋混凝土造,86年11月21日,十七層,,
RPPPMLQJKIHGFDC77CC,25,9.23,共用部份,鋼筋混凝土造,86年11月21日,十七層,,
RPPPMLQJKIHGFDC77CC,25,3.10,共用部份,鋼筋混凝土造,86年11月21日,二十一層,,
RPXPMLQJKIHGFDC58CC,28,88.52,住家用,鋼筋混凝土造,84年1月17日,五層,,
RPXPMLQJKIHGFDC58CC,28,14.06,共用部份,鋼筋混凝土造,84年1月17日,五層,,
RPVPMLQJKIHGFDC38CC,6,51.04,集合住宅,鋼筋混凝土造,105年10月7日,七層,,
RPVPMLQJKIHGFDC38CC,6,17.56,本共有部分之項目有防空避難室兼停車場、水箱、配電室、機房、梯廳、車道、大廳、管委會使用空間、A‧B棟門廳、樓梯間及機械室等１１項,鋼筋混凝土造,105年10月7日,七層,,
RPPQMLQJKIHGFDC87CC,46,28.88,住家用,鋼筋混凝土加強磚造,65年8月9日,四層,,
RPOQMLQJKIHGFDC77CC,47,48.94,住家用,鋼筋混凝土加強磚造,65年5月11日,四層,,
RPSQMLQJKIHGFDC18CC,38,74.36,住家用,鋼筋混凝土造,73年6月13日,五層,,
RPUQMLQJKIHGFDC38CC,4,75.69,集合住宅,鋼筋混凝土造,108年2月12日,十四層,,
RPUQMLQJKIHGFDC38CC,4,13.80,本共有部分之項目有樓電梯間、梯廳、樓梯間、設備室、機械室及水箱等六項,鋼筋混凝土造,108年2月12日,十四層,,
RPVQMLQJKIHGFDC48CC,38,94.78,住家用,鋼筋混凝土造,74年1月26日,000,,
RPUQMLQJKIHGFDC38CC,4,20.22,本共有部分之項目有車道、住宅門廳、排煙室兼梯廳、樓電梯間、陽台、防空避難室兼停車空間、受電箱、安全梯、台電配電場所、電信室、機房、儲藏室、機械設備室、機械室、排煙室、樓梯間、貯藏室、管委會使用空間、門廳及住宅挑高門廳等二十項,鋼筋混凝土造,108年2月12日,十四層,,
RPPOMLRJKIHGFDC77CC,63,46.06,,磚造,49年4月1日,一層,,
RPXQMLQJKIHGFDC68CC,25,65.45,住家用,鋼筋混凝土造,86年11月21日,十八層,,
RPXQMLQJKIHGFDC68CC,25,9.01,共用部份,鋼筋混凝土造,86年11月21日,十八層,,
RPXQMLQJKIHGFDC68CC,25,5.60,共用部份,鋼筋混凝土造,86年11月21日,二十一層,,
RPPPNLSJKIHGFDC08CC,30,67.66,住家用,鋼筋混凝土造,81年11月3日,十七層,,
RPXQMLQJKIHGFDC68CC,25,34.17,共用部份,鋼筋混凝土造,86年11月21日,二十一層,,
RPPPNLSJKIHGFDC08CC,30,8.19,共用部份,鋼筋混凝土造,81年11月3日,十七層,,
RPVNMLRJKIHGFDC28CC,39,89.11,住家用,鋼筋混凝土造,72年12月24日,四層,,
RPVNMLRJKIHGFDC28CC,39,1.41,共用部份,鋼筋混凝土造,72年12月24日,四層,,
RPOSMLSJKIHGFDC18CC,43,80.62,住家用,鋼筋混凝土造,68年7月6日,四層,,
RPRQMLQJKIHGFDC08CC,29,68.43,住家用,鋼筋混凝土造,83年2月24日,五層,,
RPRQMLQJKIHGFDC08CC,29,3.77,共用部份,鋼筋混凝土造,83年2月24日,五層,,
RPRQMLQJKIHGFDC08CC,29,4.34,共用部份,鋼筋混凝土造,83年2月24日,五層,,
RPRPNLSJKIHGFDC28CC,43,61.87,住家用,鋼筋混凝土造,68年12月22日,四層,,
RPTPNLSJKIHGFDC48CC,42,99.23,住家用,鋼筋混凝土造,70年3月19日,五層,,
RPQUMLTJKIHGFDC68CC,46,58.70,住家用,鋼筋混凝土加強磚造,65年10月14日,二層,,
RPSUMLTJKIHGFDC88CC,44,70.64,住家用,鋼筋混凝土造,67年8月9日,五層,,
RPRUMLTJKIHGFDC78CC,39,129.82,住商用,鋼筋混凝土造,72年7月2日,五層,,
RPUUMLTJKIHGFDC09CC,44,70.64,住家用,鋼筋混凝土造,67年8月9日,五層,,
RPTUMLTJKIHGFDC98CC,27,36.50,住家用,鋼筋混凝土造,85年4月26日,十六層,,
RPTUMLTJKIHGFDC98CC,27,6.48,共用部份,鋼筋混凝土造,85年4月26日,十六層,,
RPTUMLTJKIHGFDC98CC,27,3.85,共用部份,鋼筋混凝土造,85年4月26日,十六層,,
RPWUMLTJKIHGFDC66CC,43,62.48,住家用,鋼筋混凝土造,69年4月18日,五層,,
RPXUMLTJKIHGFDC76CC,28,37.65,住家用,鋼筋混凝土造,84年1月21日,五層,,
RPXUMLTJKIHGFDC76CC,28,1.83,共用部份,鋼筋混凝土造,84年1月21日,五層,,
RPPVMLTJKIHGFDC68CC,27,69.05,住家用,鋼筋混凝土造,84年8月8日,六層,,
RPPVMLTJKIHGFDC68CC,27,11.57,共用部份,鋼筋混凝土造,84年8月8日,六層,,
RPPVMLTJKIHGFDC68CC,27,13.06,共用部份,鋼筋混凝土造,84年8月8日,六層,,
RPVUMLTJKIHGFDC56CC,49,61.99,住家用,鋼筋混凝土加強磚造,62年11月27日,四層,,
RPUNMLMKKIHGFDC77CC,44,55.83,住家用,鋼筋混凝土造,68年2月21日,四層,,
RPOPMLMKKIHGFDC37CC,44,30.71,住家用,鋼筋混凝土造,67年10月27日,四層,,
RPRPMLMKKIHGFDC67CC,41,77.41,住家用,鋼筋混凝土造,70年7月8日,五層,,
RPQVMLTJKIHGFDC88DC,53,18.49,住家用,鋼筋混凝土造,59年2月3日,四層,,
RPXTMLTJKIHGFDC76DC,53,18.11,住家用,鋼筋混凝土造,59年2月3日,四層,,
RPSPMLMKKIHGFDC77CC,31,115.19,住家用,鋼筋混凝土造,80年8月26日,十七層,,
RPSPMLMKKIHGFDC77CC,31,15.92,共用部份,鋼筋混凝土造,80年8月26日,十七層,,
RPSPMLMKKIHGFDC77CC,31,9.97,共用部份,鋼筋混凝土造,80年8月26日,十七層,,
RPPQMLNKKIHGFDC67CC,24,82.78,住家用,鋼筋混凝土造,88年1月14日,十三層,,
RPPQMLNKKIHGFDC67CC,24,18.12,共用部份,鋼筋混凝土造,88年1月14日,十三層,,
RPPQMLNKKIHGFDC67CC,24,14.41,共用部份,鋼筋混凝土造,88年1月14日,十三層,,
RPWPMLNKKIHGFDC28CC,28,91.36,住家用,鋼筋混凝土造,83年11月29日,十二層,,
RPOQMLNKKIHGFDC57CC,7,51.68,集合住宅,鋼筋混凝土造,105年1月24日,十八層,,
RPWPMLNKKIHGFDC28CC,28,23.37,共用部份,鋼筋混凝土造,83年11月29日,十二層,,
RPOQMLNKKIHGFDC57CC,7,.50,本共有部分之項目為受水池、安全梯、受水池機房、社區水箱、迴廊等共５項。,鋼筋混凝土造,105年1月24日,二十三層,,
RPOQMLNKKIHGFDC57CC,7,21.12,本共有部分之項目為排煙室、特別安全梯、緊急昇降機、機房、樓梯間、消防水箱、水箱、電梯機房、消防中繼機房、陽台、中繼室、中繼自來水箱、雨遮、中繼消防水箱、消防泵浦室、機電空間、安全梯  、發電機室、電信室、台電配電場所、大廳、行動不便者電梯、電梯  、１Ｆ門廳、２Ｆ門廳、３Ｆ門廳、台電管道間、消防幫浦室、泵浦  、走道、停車空間、配電箱、資源回收區、４Ｆ門廳、廚餘冷藏室、  不可回收垃圾區、緊急升降機、梯廳、電信機房、５Ｆ門廳、防空避難室兼停車空間、台電專用管道、雨水回收區、雨水收集槽、雨水回收及噴灌機房、６Ｆ門廳、游泳池及中庭景觀池機房、消防幫浦機房  、電信機房室、垃圾處理空間、７Ｆ門廳、機車位、社區中心、防災中心、水景機房等共５５項。,鋼筋混凝土造,105年1月24日,二十五層,,
RPSQMLNKKIHGFDC97CC,25,83.57,住家用,鋼筋混凝土造,87年5月21日,五層,,
RPSQMLNKKIHGFDC97CC,25,9.05,共用部份,鋼筋混凝土造,87年5月21日,五層,,
RPSRMLNKKIHGFDC08CC,49,98.04,住家用,鋼筋混凝土加強磚造,62年11月28日,四層,,
RPVOMLOKKIHGFDC18CC,39,94.50,國民住宅,鋼筋混凝土造,72年7月29日,五層,,
RPPRMLNKKIHGFDC77CC,33,92.89,住家用,鋼筋混凝土造,79年4月24日,五層,,
RPWQMLNKKIHGFDC38CC,27,68.28,住家用,鋼筋混凝土造,84年8月8日,六層,,
RPPRMLNKKIHGFDC77CC,33,7.38,共用部份,鋼筋混凝土造,79年4月24日,五層,,
RPWQMLNKKIHGFDC38CC,27,11.96,共用部份,鋼筋混凝土造,84年8月8日,六層,,
RPWQMLNKKIHGFDC38CC,27,11.93,共用部份,鋼筋混凝土造,84年8月8日,六層,,
RPVQMLNKKIHGFDC28CC,41,92.19,住家用,鋼筋混凝土造,70年12月22日,五層,,
RPUQMLNKKIHGFDC18CC,44,96.74,住家用,鋼筋混凝土造,68年2月28日,四層,,
RPPPMLOKKIHGFDC67CC,27,45.96,商業用,鋼筋混凝土造,85年3月13日,五層,,
RPPPMLOKKIHGFDC67CC,27,10.78,共用部份,鋼筋混凝土造,85年3月13日,五層,,
RPPPMLOKKIHGFDC67CC,27,4.84,共用部份,鋼筋混凝土造,85年3月13日,五層,,
RPWPMLOKKIHGFDC38CC,47,76.44,住家用,鋼筋混凝土加強磚造,64年10月7日,四層,,
RPRPMLOKKIHGFDC87CC,33,90.44,住家用,鋼筋混凝土造,79年5月23日,五層,,
RPTPMLOKKIHGFDC08CC,21,91.61,住家用,鋼筋混凝土造,90年10月4日,五層,,
RPRPMLOKKIHGFDC87CC,33,6.30,共用部份,鋼筋混凝土造,79年5月23日,五層,,
RPTPMLOKKIHGFDC08CC,21,7.41,共用部份,鋼筋混凝土造,90年10月4日,五層,,
RPTPMLOKKIHGFDC08CC,21,12.82,共用部份,鋼筋混凝土造,90年10月4日,五層,,
RPTPMLOKKIHGFDC08CC,21,42.17,共用部份,鋼筋混凝土造,90年10月4日,五層,,
RPXPMLOKKIHGFDC48CC,48,69.95,住家用,鋼筋混凝土加強磚造,63年12月13日,四層,,
RPOQMLOKKIHGFDC67CC,40,79.90,住家用,鋼筋混凝土造,71年8月23日,四層,,
RPPQMLOKKIHGFDC77CC,29,72.55,住家用,鋼筋混凝土造,82年12月20日,五層,,
RPPQMLOKKIHGFDC77CC,29,2.77,共用部份,鋼筋混凝土造,82年12月20日,五層,,
RPVNMLPKKIHGFDC18CC,27,36.50,住家用,鋼筋混凝土造,85年4月26日,十六層,,
RPVNMLPKKIHGFDC18CC,27,6.48,共用部份,鋼筋混凝土造,85年4月26日,十六層,,
RPVNMLPKKIHGFDC18CC,27,3.85,共用部份,鋼筋混凝土造,85年4月26日,十六層,,
RPROMLPKKIHGFDC87CC,27,122.06,住家用,鋼筋混凝土造,84年8月1日,十二層,,
RPROMLPKKIHGFDC87CC,27,10.65,共用部份,鋼筋混凝土造,84年8月1日,十二層,,
RPROMLPKKIHGFDC87CC,27,6.43,共用部份,鋼筋混凝土造,84年8月1日,十二層,,
RPSOMLPKKIHGFDC97CC,24,23.85,住家用,鋼筋混凝土造,88年1月14日,十六層,,
RPSOMLPKKIHGFDC97CC,24,5.76,共用部份,鋼筋混凝土造,88年1月14日,十六層,,
RPSOMLPKKIHGFDC97CC,24,.30,共用部份,鋼筋混凝土造,88年1月14日,十六層,,
RPSOMLPKKIHGFDC97CC,24,1.37,共用部份,鋼筋混凝土造,88年1月14日,十六層,,
RPSOMLPKKIHGFDC97CC,24,.57,共用部份,鋼筋混凝土造,88年1月14日,十六層,,
RPSOMLPKKIHGFDC97CC,24,.29,共用部份,鋼筋混凝土造,88年1月14日,十六層,,
RPOPMLPKKIHGFDC67CC,28,72.33,住家用,鋼筋混凝土造,83年9月30日,五層,,
RPWOMLPKKIHGFDC38CC,28,91.54,住家用,鋼筋混凝土造,83年6月20日,五層,,
RPOPMLPKKIHGFDC67CC,28,8.22,共用部份,鋼筋混凝土造,83年9月30日,五層,,
RPWOMLPKKIHGFDC38CC,28,8.05,共用部份,鋼筋混凝土造,83年6月20日,五層,,
RPWOMLPKKIHGFDC38CC,28,3.22,共用部份,鋼筋混凝土造,83年6月20日,五層,,
RPXOMLPKKIHGFDC48CC,26,55.08,住家用,鋼筋混凝土造,85年11月29日,二十三層,,
RPXOMLPKKIHGFDC48CC,26,9.64,共用部份,鋼筋混凝土造,85年11月29日,二十三層,,
RPSPMLQKKIHGFDC28DC,43,82.56,住家用,鋼筋混凝土造,69年2月12日,五層,,
RPVOMLQKKIHGFDC38CC,23,94.13,住家用,鋼筋混凝土造,88年12月31日,十四層,,
RPVOMLQKKIHGFDC38CC,23,19.02,共用部份,鋼筋混凝土造,88年12月31日,十四層,,
RPXOMLPKKIHGFDC48CC,26,3.32,共用部份,鋼筋混凝土造,85年11月29日,二十三層,,
RPVOMLQKKIHGFDC38CC,23,15.45,共用部份,鋼筋混凝土造,88年12月31日,十四層,,
RPXOMLPKKIHGFDC48CC,26,4.46,共用部份,鋼筋混凝土造,85年11月29日,二十三層,,
RPOQMLTKKIHGFDC18CC,29,71.96,住家用,鋼筋混凝土造,83年4月29日,七層,,
RPOQMLTKKIHGFDC18CC,29,36.21,共用部份,鋼筋混凝土造,83年4月29日,七層,,
RPOQMLTKKIHGFDC18CC,29,10.82,共用部份,鋼筋混凝土造,83年4月29日,七層,,
RPVNMLTKKIHGFDC58CC,26,55.08,住家用,鋼筋混凝土造,85年11月29日,二十三層,,
RPVNMLTKKIHGFDC58CC,26,9.64,共用部份,鋼筋混凝土造,85年11月29日,二十三層,,
RPVNMLTKKIHGFDC58CC,26,3.32,共用部份,鋼筋混凝土造,85年11月29日,二十三層,,
RPVNMLTKKIHGFDC58CC,26,41.78,共用部份,鋼筋混凝土造,85年11月29日,二十三層,,
RPVNMLTKKIHGFDC58CC,26,4.46,共用部份,鋼筋混凝土造,85年11月29日,二十三層,,
RPXPMLTKKIHGFDC98CC,28,72.33,住家用,鋼筋混凝土造,84年5月12日,五層,,
RPXPMLTKKIHGFDC98CC,28,11.58,共用部份,鋼筋混凝土造,84年5月12日,五層,,
RPROMLKLKIHGFDC47CC,10,54.94,集合住宅,鋼筋混凝土造,102年3月29日,十二層,,
RPROMLKLKIHGFDC47CC,10,23.13,本共有部分之項目有安全梯、電梯、供行動不便者使用電梯、門廳、梯廳、公共服務空間、陽台、出入口雨遮、排風、男廁、女廁、消防水箱、供管委會使用空間、機房、水錶、電錶室、受電箱室、電錶間、水電、台電配電室、污水、進風、發電機室、泳池機房、電信機房、垃圾儲存空間、受電箱通道、防空避難室兼停車空間、獎勵停車位、法定停車位、變電室、消防泵浦室及停車空間等３３項,鋼筋混凝土造,102年3月29日,十三層,,
RPROMLKLKIHGFDC47CC,10,.04,集合住宅,鋼筋混凝土造,102年3月29日,十二層,,
RPROMLKLKIHGFDC47CC,10,18.49,本共有部分之項目有安全梯、電梯、供行動不便者使用電梯、門廳、梯廳、公共服務空間、陽台、出入口雨遮、排風、男廁、女廁、消防水箱、供管委會使用空間、機房、水錶、電錶室、受電箱室、電錶間、水電、台電配電室、污水、進風、發電機室、泳池機房、電信機房、垃圾儲存空間、受電箱通道、防空避難室兼停車空間、獎勵停車位、法定停車位、變電室、消防泵浦室及停車空間等３３項,鋼筋混凝土造,102年3月29日,十三層,,
RPPQMLKLKIHGFDC47CC,44,75.52,住家用,鋼筋混凝土造,68年3月15日,四層,,
RPQOMLLLKIHGFDC47CC,43,89.12,住家用,鋼筋混凝土造,69年1月21日,五層,,
RPXPMLKLKIHGFDC18CC,26,24.89,住家用,鋼筋混凝土造,85年11月29日,二十三層,,
RPSOMLLLKIHGFDC67CC,27,62.13,住家用,鋼筋混凝土造,84年8月8日,六層,,
RPSOMLLLKIHGFDC67CC,27,10.08,共用部份,鋼筋混凝土造,84年8月8日,六層,,
RPSOMLLLKIHGFDC67CC,27,9.84,共用部份,鋼筋混凝土造,84年8月8日,六層,,
RPUNMLLLKIHGFDC77CC,28,92.85,住家用,鋼筋混凝土造,83年7月19日,五層,,
RPXPMLKLKIHGFDC18CC,26,4.19,共用部份,鋼筋混凝土造,85年11月29日,二十三層,,
RPUNMLLLKIHGFDC77CC,28,2.49,共用部份,鋼筋混凝土造,83年7月19日,五層,,
RPXPMLKLKIHGFDC18CC,26,1.69,共用部份,鋼筋混凝土造,85年11月29日,二十三層,,
RPXPMLKLKIHGFDC18CC,26,1.93,共用部份,鋼筋混凝土造,85年11月29日,二十三層,,
RPVPMLKLKIHGFDC97CC,24,91.32,住家用,鋼筋混凝土造,88年1月14日,十五層,,
RPVPMLKLKIHGFDC97CC,24,15.19,共用部份,鋼筋混凝土造,88年1月14日,十五層,,
RPVPMLKLKIHGFDC97CC,24,4.93,共用部份,鋼筋混凝土造,88年1月14日,十五層,,
RPVPMLKLKIHGFDC97CC,24,38.72,共用部份,鋼筋混凝土造,88年1月14日,十五層,,
RPVPMLKLKIHGFDC97CC,24,2.19,共用部份,鋼筋混凝土造,88年1月14日,十六層,,
RPVPMLKLKIHGFDC97CC,24,1.09,共用部份,鋼筋混凝土造,88年1月14日,十六層,,
RPPPMLMLKIHGFDC57CC,39,93.23,國民住宅,鋼筋混凝土造,72年7月29日,五層,,
RPQPMLLLKIHGFDC57CC,44,103.94,住家用,鋼筋混凝土造,68年1月18日,五層,,
RPUOMLLLKIHGFDC87CC,44,67.37,住家用,鋼筋混凝土加強磚造,67年6月15日,四層,,
RPPOMLMLKIHGFDC47CC,4,98.37,集合住宅,鋼筋混凝土造,108年2月12日,十四層,,
RPPOMLMLKIHGFDC47CC,4,18.47,本共有部分之項目有樓電梯間、梯廳、樓梯間、設備室、機械室及水箱等六項,鋼筋混凝土造,108年2月12日,十四層,,
RPPOMLMLKIHGFDC47CC,4,27.22,本共有部分之項目有車道、住宅門廳、排煙室兼梯廳、樓電梯間、陽台、防空避難室兼停車空間、受電箱、安全梯、台電配電場所、電信室、機房、儲藏室、機械設備室、機械室、排煙室、樓梯間、貯藏室、管委會使用空間、門廳及住宅挑高門廳等二十項,鋼筋混凝土造,108年2月12日,十四層,,
RPRPMLLLKIHGFDC67CC,52,68.10,住家用,加強磚造,59年7月21日,四層,,
RPSPMLMLKIHGFDC87CC,28,101.96,住宅（夾層）儲藏室,鋼筋混凝土造,84年6月10日,四層,,
RPSPMLMLKIHGFDC87CC,28,5.90,共用部份,鋼筋混凝土造,84年6月10日,四層,,
RPSPMLMLKIHGFDC87CC,28,1.46,共用部份,鋼筋混凝土造,84年6月10日,五層,,
RPTOMLNLKIHGFDC97CC,51,83.27,住家用,鋼筋混凝土加強磚造,60年12月17日,四層,,
RPORMLQLKIHGFDC08CC,17,62.18,住家用,鋼筋混凝土造,94年12月29日,四層,,
RPORMLQLKIHGFDC08CC,17,14.71,共用部份,鋼筋混凝土造,94年12月29日,四層,,
RPSOMLNLKIHGFDC87CC,27,75.06,住家用,鋼筋混凝土造,84年8月8日,六層,,
RPSOMLNLKIHGFDC87CC,27,12.22,共用部份,鋼筋混凝土造,84年8月8日,六層,,
RPSOMLNLKIHGFDC87CC,27,11.92,共用部份,鋼筋混凝土造,84年8月8日,六層,,
RPROMLNLKIHGFDC77CC,26,70.33,住家用,鋼筋混凝土造,86年5月8日,十一層,,
RPROMLNLKIHGFDC77CC,26,1.55,共用部份,鋼筋混凝土造,86年5月8日,十一層,,
RPSRMLQLKIHGFDC48CC,22,32.64,住家用,鋼筋混凝土造,90年4月24日,五層,,
RPROMLNLKIHGFDC77CC,26,13.17,共用部份,鋼筋混凝土造,86年5月8日,十一層,,
RPROMLNLKIHGFDC77CC,26,.79,共用部份,鋼筋混凝土造,86年5月8日,十一層,,
RPXRMLQLKIHGFDC98CC,22,32.64,住家用,鋼筋混凝土造,90年4月24日,五層,,
RPXRMLQLKIHGFDC98CC,22,9.82,共用部份,鋼筋混凝土造,90年4月24日,五層,,
RPSRMLQLKIHGFDC48CC,22,9.82,共用部份,鋼筋混凝土造,90年4月24日,五層,,
RPOSMLQLKIHGFDC18CC,27,65.43,住家用,鋼筋混凝土造,85年5月3日,五層,,
RPOSMLQLKIHGFDC18CC,27,7.87,共用部份,鋼筋混凝土造,85年5月3日,五層,,
RPPSMLQLKIHGFDC28CC,40,65.97,住家用,鋼筋混凝土造,71年8月25日,五層,,
RPWNMLRLKIHGFDC58CC,28,43.63,住家用,鋼筋混凝土造,84年1月27日,十層,,
RPWNMLRLKIHGFDC58CC,28,6.03,共用部份,鋼筋混凝土造,84年1月27日,十層,,
RPWNMLRLKIHGFDC58CC,28,1.02,共用部份,鋼筋混凝土造,84年1月27日,十層,,
RPQOMLRLKIHGFDC08CC,41,69.53,住家用,鋼筋混凝土造,70年7月27日,五層,,
RPROMLRLKIHGFDC18CC,25,78.87,住家用,鋼筋混凝土造,86年7月18日,十三層,,
RPOOMLRLKIHGFDC87CC,15,61.27,住家用,鋼骨鋼筋混凝土造,96年8月6日,十四層,,
RPROMLRLKIHGFDC18CC,25,1.97,共用部份,鋼筋混凝土造,86年7月18日,四層,,
RPPOMLRLKIHGFDC97CC,27,62.13,住家用,鋼筋混凝土造,84年8月8日,六層,,
RPOOMLRLKIHGFDC87CC,15,30.05,共用部份,鋼骨鋼筋混凝土造,96年8月6日,十四層,,
RPPOMLRLKIHGFDC97CC,27,10.29,共用部份,鋼筋混凝土造,84年8月8日,六層,,
RPROMLRLKIHGFDC18CC,25,11.93,共用部份,鋼筋混凝土造,86年7月18日,十三層,,
RPPOMLRLKIHGFDC97CC,27,10.26,共用部份,鋼筋混凝土造,84年8月8日,六層,,
RPROMLRLKIHGFDC18CC,25,10.19,共用部份,鋼筋混凝土造,86年7月18日,十三層,,
RPOPMLTLKIHGFDC18CC,43,111.98,住家用,鋼筋混凝土造,69年5月1日,八層,,
RPPPMLTLKIHGFDC28CC,25,104.22,住家用,鋼筋混凝土造,86年7月18日,十五層,,
RPPPMLTLKIHGFDC28CC,25,2.63,共用部份,鋼筋混凝土造,86年7月18日,四層,,
RPPPMLTLKIHGFDC28CC,25,14.06,共用部份,鋼筋混凝土造,86年7月18日,十五層,,
RPPPMLTLKIHGFDC28CC,25,18.61,共用部份,鋼筋混凝土造,86年7月18日,十五層,,
RPXOMLSLKIHGFDC88CC,34,107.60,住家用,鋼筋混凝土造,78年4月8日,五層,,
RPXOMLSLKIHGFDC88CC,34,8.63,共用部份,鋼筋混凝土造,78年4月8日,五層,,
RPSPMLTLKIHGFDC58CC,27,86.36,住家用,鋼筋混凝土造,84年6月22日,十二層,,
RPSOMLRLKIHGFDC28CC,30,108.51,住家用,鋼筋混凝土造,82年3月6日,五層,,
RPSPMLTLKIHGFDC58CC,27,12.40,共用部份,鋼筋混凝土造,84年6月22日,十二層,,
RPSOMLRLKIHGFDC28CC,30,2.33,共用部份,鋼筋混凝土造,82年3月6日,五層,,
RPTPMLTLKIHGFDC68CC,38,43.84,住家用,鋼筋混凝土造,73年8月14日,五層,,
RPVNMLKMKIHGFDC87CC,41,84.00,住家用,鋼筋混凝土造,71年4月28日,五層,,
RPOPMLKMKIHGFDC37CC,28,97.76,住家用,鋼筋混凝土造,83年10月3日,五層,,
RPOPMLKMKIHGFDC37CC,28,55.40,共用部份,鋼筋混凝土造,83年10月3日,五層,,
RPSPMLKMKIHGFDC77CC,49,55.10,住家用,鋼筋混凝土加強磚造,63年5月16日,四層,,
RPPPMLKMKIHGFDC47CC,28,64.42,住宅（夾層）儲藏室,鋼筋混凝土造,84年6月10日,四層,,
RPPPMLKMKIHGFDC47CC,28,4.82,共用部份,鋼筋混凝土造,84年6月10日,四層,,
RPPPMLKMKIHGFDC47CC,28,.95,共用部份,鋼筋混凝土造,84年6月10日,五層,,
RPQPMLTLKIHGFDC38CC,26,92.23,住家用,鋼筋混凝土造,86年5月8日,二十二層,,
RPPPMLKMKIHGFDC47CC,28,40.41,共用部份,鋼筋混凝土造,84年6月10日,四層,,
RPQPMLTLKIHGFDC38CC,26,2.02,共用部份,鋼筋混凝土造,86年5月8日,十一層,,
RPQPMLTLKIHGFDC38CC,26,18.63,共用部份,鋼筋混凝土造,86年5月8日,二十二層,,
RPQPMLTLKIHGFDC38CC,26,1.03,共用部份,鋼筋混凝土造,86年5月8日,十一層,,
RPUPMLKMKIHGFDC97CC,46,23.60,,鋼筋混凝土造,65年12月2日,三層,,
RPPNMLMJJHIGFDC07CC,25,118.07,住家用,鋼筋混凝土造,86年11月21日,十八層,,
RPTPMLKMKIHGFDC87CC,1,55.55,集合住宅,鋼筋混凝土造,110年12月29日,四層,,
RPTPMLKMKIHGFDC87CC,1,29.91,本建物共有部分之項目有無障礙電梯、梯廳、行動不便安全梯、樓梯間、水箱、停車空間、電信機房、垃圾回收、發電機室、機房、汙水機房、消防機房、台電管道間、台電配電場所等共１４項。,鋼筋混凝土造,110年12月29日,四層,,
RPUOMLNJJHIGFDC77CC,42,105.39,住家用,鋼筋混凝土造,69年7月17日,四層,,
RPSOMLNJJHIGFDC67DC,39,95.70,住家用,鋼筋混凝土造,72年10月8日,五層,,
RPOPMLOJJHIGFDC37CC,25,23.96,住家用,鋼筋混凝土造,86年7月18日,十二層,,
RPOPMLOJJHIGFDC37CC,25,.66,共用部份,鋼筋混凝土造,86年7月18日,四層,,
RPOPMLOJJHIGFDC37CC,25,3.97,共用部份,鋼筋混凝土造,86年7月18日,十二層,,
RPOPMLOJJHIGFDC37CC,25,4.18,共用部份,鋼筋混凝土造,86年7月18日,十二層,,
RPQPMLOJJHIGFDC57CC,27,30.52,住家用,鋼筋混凝土造,85年4月26日,十六層,,
RPQPMLOJJHIGFDC57CC,27,6.02,共用部份,鋼筋混凝土造,85年4月26日,十六層,,
RPQPMLOJJHIGFDC57CC,27,3.75,共用部份,鋼筋混凝土造,85年4月26日,十六層,,
RPSPMLOJJHIGFDC77CC,34,116.47,住家用,鋼筋混凝土造,78年6月5日,五層,,
RPSPMLOJJHIGFDC77CC,34,.96,共用部份,鋼筋混凝土造,78年6月5日,五層,,
RPTPMLOJJHIGFDC87CC,28,83.08,住家用,鋼筋混凝土造,83年10月18日,五層,,
RPTPMLOJJHIGFDC87CC,28,2.21,共用部份,鋼筋混凝土造,83年10月18日,五層,,
RPOQMLOJJHIGFDC47CC,42,64.58,商業用,鋼筋混凝土造,69年7月22日,四層,,
RPOQMLOJJHIGFDC47CC,42,12.49,共用部份,鋼筋混凝土造,69年7月22日,四層,,
RPRQMLOJJHIGFDC77CC,42,82.68,住家用,鋼筋混凝土造,69年12月12日,五層,,
RPWPMLOJJHIGFDC18CC,48,97.17,住家用,鋼筋混凝土造,64年5月8日,五層,,
RPVPMLOJJHIGFDC08CC,27,99.66,住家用,鋼筋混凝土造,84年10月6日,九層,,
RPVPMLOJJHIGFDC08CC,27,2.59,共用部份,鋼筋混凝土造,84年10月6日,九層,,
RPVPMLOJJHIGFDC08CC,27,15.24,共用部份,鋼筋混凝土造,84年10月6日,九層,,
RPVPMLOJJHIGFDC08CC,27,16.08,共用部份,鋼筋混凝土造,84年10月6日,九層,,
RPVQMLOJJHIGFDC18CC,40,75.61,住家用,鋼筋混凝土造,71年11月26日,五層,,
RPUQMLOJJHIGFDC08CC,24,57.92,住家用,鋼筋混凝土造,88年1月14日,十六層,,
RPUQMLOJJHIGFDC08CC,24,8.32,共用部份,鋼筋混凝土造,88年1月14日,十六層,,
RPUQMLOJJHIGFDC08CC,24,2.33,共用部份,鋼筋混凝土造,88年1月14日,十六層,,
RPUQMLOJJHIGFDC08CC,24,1.41,共用部份,鋼筋混凝土造,88年1月14日,十六層,,
RPUQMLOJJHIGFDC08CC,24,.69,共用部份,鋼筋混凝土造,88年1月14日,十六層,,
RPXQMLOJJHIGFDC38CC,46,71.04,住家用,鋼筋混凝土造,66年5月20日,四層,,
RPVOMLPJJHIGFDC08CC,44,61.41,國民住宅,鋼筋混凝土造,67年8月9日,五層,,
RPQOMLPJJHIGFDC57CC,42,65.80,住家用,鋼筋混凝土造,69年9月30日,四層,,
RPUOMLPJJHIGFDC97CC,46,71.78,住家用,鋼筋混凝土加強磚造,66年1月8日,四層,,
RPROMLQJJHIGFDC77CC,27,31.78,住家用,鋼筋混凝土造,85年4月26日,十六層,,
RPWOMLPJJHIGFDC18CC,47,76.44,住家用,鋼筋混凝土加強磚造,64年10月7日,四層,,
RPROMLQJJHIGFDC77CC,27,6.02,共用部份,鋼筋混凝土造,85年4月26日,十六層,,
RPOPMLPJJHIGFDC47CC,25,103.93,集合住宅,鋼筋混凝土造,86年6月30日,十四層,,
RPROMLQJJHIGFDC77CC,27,3.75,共用部份,鋼筋混凝土造,85年4月26日,十六層,,
RPOPMLPJJHIGFDC47CC,25,16.86,共用部份,鋼筋混凝土造,86年6月30日,十四層,,
RPOPMLPJJHIGFDC47CC,25,35.29,共用部份,鋼筋混凝土造,86年6月30日,十四層,,
RPTOMLQJJHIGFDC97CC,44,48.64,國民住宅,鋼筋混凝土造,67年8月9日,五層,,
RPSOMLQJJHIGFDC87CC,48,62.78,住家用,鋼筋混凝土加強磚造,63年7月23日,四層,,
RPUOMLQJJHIGFDC08CC,27,90.83,住家用,鋼筋混凝土造,84年10月2日,七層,,
RPUOMLQJJHIGFDC08CC,27,2.90,共用部份,鋼筋混凝土造,84年10月2日,七層,,
RPUOMLQJJHIGFDC08CC,27,3.96,共用部份,鋼筋混凝土造,84年10月2日,七層,,
RPUOMLQJJHIGFDC08CC,27,49.43,共用部份,鋼筋混凝土造,84年10月2日,七層,,
RPVOMLQJJHIGFDC18CC,41,88.99,住家用,鋼筋混凝土造,71年2月20日,四層,,
RPWOMLQJJHIGFDC28CC,26,22.30,住家用,鋼筋混凝土造,86年1月17日,二十層,,
RPWOMLQJJHIGFDC28CC,26,5.80,共用部份,鋼筋混凝土造,86年1月17日,二十層,,
RPPPMLQJJHIGFDC67CC,42,82.29,住家用,鋼筋混凝土造,70年6月19日,五層,,
RPWOMLQJJHIGFDC28CC,26,.42,共用部份,鋼筋混凝土造,86年1月17日,二十層,,
RPXOMLQJJHIGFDC38CC,25,104.22,住家用,鋼筋混凝土造,86年7月18日,十五層,,
RPOPMLQJJHIGFDC57CC,51,71.79,住家用,鋼筋混凝土造,60年12月31日,四層,,
RPXOMLQJJHIGFDC38CC,25,2.63,共用部份,鋼筋混凝土造,86年7月18日,四層,,
RPUPMLQJJHIGFDC18CC,29,1.68,共用部份,鋼筋混凝土造,83年6月20日,五層,,
RPXOMLQJJHIGFDC38CC,25,14.06,共用部份,鋼筋混凝土造,86年7月18日,十五層,,
RPUPMLQJJHIGFDC18CC,29,106.83,住家用,鋼筋混凝土造,83年6月20日,五層,,
RPXOMLQJJHIGFDC38CC,25,18.61,共用部份,鋼筋混凝土造,86年7月18日,十五層,,
RPUPMLQJJHIGFDC18CC,29,10.24,共用部份,鋼筋混凝土造,83年6月20日,五層,,
RPRPMLQJJHIGFDC87CC,24,20.77,住家用,鋼筋混凝土造,88年1月22日,七層,,
RPWPMLQJJHIGFDC38CC,30,80.75,住家用,鋼筋混凝土造,81年7月4日,四層,,
RPWPMLQJJHIGFDC38CC,30,10.08,共用部份,鋼筋混凝土造,81年7月4日,四層,,
RPRPMLQJJHIGFDC87CC,24,4.25,共用部份,鋼筋混凝土造,88年1月22日,七層,,
RPWPMLQJJHIGFDC38CC,30,2.62,共用部份,鋼筋混凝土造,81年7月4日,四層,,
RPRPMLQJJHIGFDC87CC,24,1.77,共用部份,鋼筋混凝土造,88年1月22日,七層,,
RPRPMLQJJHIGFDC87CC,24,.53,共用部份,鋼筋混凝土造,88年1月22日,七層,,
RPRPMLQJJHIGFDC87CC,24,.70,共用部份,鋼筋混凝土造,88年1月22日,七層,,
RPQQMLQJJHIGFDC87CC,26,80.61,住家用,鋼筋混凝土造,85年11月19日,五層,,
RPQQMLQJJHIGFDC87CC,26,24.28,共用部份,鋼筋混凝土造,85年11月19日,五層,,
RPRQMLQJJHIGFDC97CC,39,99.93,住商用,鋼筋混凝土造,72年7月12日,四層,,
RPSQMLQJJHIGFDC08CC,42,79.84,住家用,鋼筋混凝土造,69年12月12日,五層,,
RPOQMLQJJHIGFDC67CC,24,92.47,住家用,鋼筋混凝土造,88年1月14日,十五層,,
RPOQMLQJJHIGFDC67CC,24,14.01,共用部份,鋼筋混凝土造,88年1月14日,十五層,,
RPOQMLQJJHIGFDC67CC,24,7.02,共用部份,鋼筋混凝土造,88年1月14日,十六層,,
RPOQMLQJJHIGFDC67CC,24,45.95,共用部份,鋼筋混凝土造,88年1月14日,十六層,,
RPOQMLQJJHIGFDC67CC,24,2.24,共用部份,鋼筋混凝土造,88年1月14日,十六層,,
RPOQMLQJJHIGFDC67CC,24,1.09,共用部份,鋼筋混凝土造,88年1月14日,十六層,,
RPTQMLQJJHIGFDC18CC,39,99.93,住家用,鋼筋混凝土造,72年7月12日,四層,,
RPURMLQJJHIGFDC38CC,42,53.32,住家用,鋼筋混凝土造,69年7月30日,五層,,
RPQRMLQJJHIGFDC97CC,39,107.24,住家用,鋼筋混凝土造,72年8月3日,五層,,
RPXQMLQJJHIGFDC58CC,24,57.66,住家用,鋼筋混凝土造,88年1月14日,十六層,,
RPXQMLQJJHIGFDC58CC,24,10.56,共用部份,鋼筋混凝土造,88年1月14日,十六層,,
RPXQMLQJJHIGFDC58CC,24,.72,共用部份,鋼筋混凝土造,88年1月14日,十六層,,
RPUNMLRJJHIGFDC08CC,31,89.41,住家用,鋼筋混凝土造,80年11月15日,四層,,
RPXQMLQJJHIGFDC58CC,24,3.36,共用部份,鋼筋混凝土造,88年1月14日,十六層,,
RPUNMLRJJHIGFDC08CC,31,5.72,共用部份,鋼筋混凝土造,80年11月15日,四層,,
RPXQMLQJJHIGFDC58CC,24,1.41,共用部份,鋼筋混凝土造,88年1月14日,十六層,,
RPXQMLQJJHIGFDC58CC,24,.69,共用部份,鋼筋混凝土造,88年1月14日,十六層,,
RPOOMLRJJHIGFDC57CC,45,60.93,住家用,鋼筋混凝土加強磚造,66年7月15日,六層,,
RPVNMLRJJHIGFDC18CC,16,51.73,住家用,鋼筋混凝土造,96年1月31日,八層,,
RPVNMLRJJHIGFDC18CC,16,39.40,共用部份,鋼筋混凝土造,96年1月31日,八層,,
RPVNMLRJJHIGFDC18CC,16,17.08,共用部份,鋼筋混凝土造,96年1月31日,八層,,
RPVNMLRJJHIGFDC18CC,16,7.14,共用部份,鋼筋混凝土造,96年1月31日,八層,,
RPPOMLRJJHIGFDC67CC,51,68.40,住家用,加強磚造,60年9月21日,四層,,
RPSNMLRJJHIGFDC87CC,39,114.24,住家用,鋼筋混凝土造,72年8月4日,五層,,
RPTOMLRJJHIGFDC08CC,47,77.41,住家用,鋼筋混凝土加強磚造,64年10月7日,四層,,
RPWOMLKKJHIGFDC77CC,41,70.79,住家用,鋼筋混凝土造,70年12月28日,六層,,
RPVOMLRJJHIGFDC28CC,27,64.04,住家用,鋼筋混凝土造,84年12月18日,五層,,
RPVOMLRJJHIGFDC28CC,27,3.49,共用部份,鋼筋混凝土造,84年12月18日,五層,,
RPUOMLRJJHIGFDC18CC,1,100.15,集合住宅,鋼筋混凝土造,110年10月14日,九層,,
RPUOMLRJJHIGFDC18CC,1,53.58,本建物共有部分之項目有行動不便者電梯、管委會使用空間、樓電梯間、梯廳、中控警衛室、大廳、樓梯間、機械室、水箱、防空避難室兼停車空間、停車空間、走廊、配電室、警衛室、消防泵浦室、汽車坡道、機車停車空間、發電機室、電信室、防空避難室、車道、垃圾儲藏室、機房等共２３項。,鋼筋混凝土造,110年10月14日,九層,,
RPORMLLKJHIGFDC37CC,16,80.33,住家用,鋼筋混凝土造,96年1月31日,八層,,
RPORMLLKJHIGFDC37CC,16,27.49,共用部份,鋼筋混凝土造,96年1月31日,八層,,
RPXOMLKKJHIGFDC87CC,24,102.00,住家用,鋼筋混凝土造,88年1月14日,十六層,,
RPXOMLKKJHIGFDC87CC,24,19.49,共用部份,鋼筋混凝土造,88年1月14日,十六層,,
RPXOMLKKJHIGFDC87CC,24,5.67,共用部份,鋼筋混凝土造,88年1月14日,十六層,,
RPXOMLKKJHIGFDC87CC,24,2.45,共用部份,鋼筋混凝土造,88年1月14日,十六層,,
RPXOMLKKJHIGFDC87CC,24,1.19,共用部份,鋼筋混凝土造,88年1月14日,十六層,,
RPORMLLKJHIGFDC37CC,16,11.70,共用部份,鋼筋混凝土造,96年1月31日,八層,,
RPWOMLRJJHIGFDC38CC,7,94.58,集合住宅,鋼筋混凝土造,105年1月24日,十八層,,
RPWOMLRJJHIGFDC38CC,7,.91,本共有部分之項目為受水池、安全梯、受水池機房、社區水箱、迴廊等共５項。,鋼筋混凝土造,105年1月24日,二十三層,,
RPWOMLRJJHIGFDC38CC,7,38.64,本共有部分之項目為排煙室、特別安全梯、緊急昇降機、機房、樓梯間、消防水箱、水箱、電梯機房、消防中繼機房、陽台、中繼室、中繼自來水箱、雨遮、中繼消防水箱、消防泵浦室、機電空間、安全梯  、發電機室、電信室、台電配電場所、大廳、行動不便者電梯、電梯  、１Ｆ門廳、２Ｆ門廳、３Ｆ門廳、台電管道間、消防幫浦室、泵浦  、走道、停車空間、配電箱、資源回收區、４Ｆ門廳、廚餘冷藏室、  不可回收垃圾區、緊急升降機、梯廳、電信機房、５Ｆ門廳、防空避難室兼停車空間、台電專用管道、雨水回收區、雨水收集槽、雨水回收及噴灌機房、６Ｆ門廳、游泳池及中庭景觀池機房、消防幫浦機房  、電信機房室、垃圾處理空間、７Ｆ門廳、機車位、社區中心、防災中心、水景機房等共５５項。,鋼筋混凝土造,105年1月24日,二十五層,,
RPPRMLLKJHIGFDC47CC,4,71.51,集合住宅,鋼筋混凝土造,107年10月25日,五層,,
RPPRMLLKJHIGFDC47CC,4,34.01,本共同部分之項目有樓電梯間、梯廳、門廳、門廊、樓梯間、機房等共６項。,鋼筋混凝土造,107年10月25日,五層,,
RPPRMLLKJHIGFDC47CC,4,.08,本共同部分之項目有樓梯間、機房等共２項。,鋼筋混凝土造,107年10月25日,五層,,
RPQRMLLKJHIGFDC57CC,41,83.10,住家用,鋼筋混凝土造,70年11月16日,四層,,
RPPOMLMKJHIGFDC27CC,53,51.21,住家用,加強磚造,58年12月17日,二層,,
RPXNMLMKJHIGFDC97CC,72,53.16,住家用,磚造,40年3月1日,一層,,
RPOOMLMKJHIGFDC17CC,37,86.73,住家用,鋼筋混凝土造,74年7月29日,五層,,
RPSOMLMKJHIGFDC57CC,44,16.52,住家用,鋼筋混凝土造,68年6月13日,四層,,
RPROMLMKJHIGFDC47CC,51,107.40,住家用,鋼筋混凝土加強磚造,60年12月13日,四層,,
RPROMLNKJHIGFDC57CC,28,95.08,住家用,鋼筋混凝土造,84年1月27日,十層,,
RPROMLNKJHIGFDC57CC,28,34.54,共用部份,鋼筋混凝土造,84年1月27日,十層,,
RPROMLNKJHIGFDC57CC,28,3.27,共用部份,鋼筋混凝土造,84年1月27日,九層,,
RPTOMLMKJHIGFDC67CC,44,70.71,住家用,鋼筋混凝土造,68年3月14日,四層,,
RPROMLQKJHIGFDC87CC,23,22.18,住家用,鋼筋混凝土造,89年1月13日,五層,,
RPROMLQKJHIGFDC87CC,23,9.12,共用部份,鋼筋混凝土造,89年1月13日,五層,,
RPSOMLNKJHIGFDC67CC,26,101.34,住家用,鋼筋混凝土造,86年6月17日,五層,,
RPSOMLNKJHIGFDC67CC,26,11.40,共用部份,鋼筋混凝土造,86年6月17日,五層,,
RPUOMLNKJHIGFDC87CC,21,56.56,辦公室,鋼筋混凝土造,90年7月18日,五層,,
RPVOMLNKJHIGFDC97CC,,89.22,住家用,加強磚造,,二層,,
RPUOMLNKJHIGFDC87CC,21,16.97,共用部份,鋼筋混凝土造,90年7月18日,五層,,
RPUNMLQKJHIGFDC08CC,43,75.00,住家用,鋼筋混凝土造,68年8月20日,四層,,
RPTOMLNKJHIGFDC77CC,44,16.52,住家用,鋼筋混凝土造,68年6月13日,四層,,
RPOOMLSKJHIGFDC77CC,26,24.89,住家用,鋼筋混凝土造,85年11月29日,二十三層,,
RPOOMLSKJHIGFDC77CC,26,4.19,共用部份,鋼筋混凝土造,85年11月29日,二十三層,,
RPOOMLSKJHIGFDC77CC,26,1.28,共用部份,鋼筋混凝土造,85年11月29日,二十三層,,
RPPOMLRKJHIGFDC77CC,24,23.65,住家用,鋼筋混凝土造,88年1月14日,十六層,,
RPOOMLSKJHIGFDC77CC,26,1.93,共用部份,鋼筋混凝土造,85年11月29日,二十三層,,
RPPOMLRKJHIGFDC77CC,24,5.59,共用部份,鋼筋混凝土造,88年1月14日,十六層,,
RPPOMLRKJHIGFDC77CC,24,.29,共用部份,鋼筋混凝土造,88年1月14日,十六層,,
RPPOMLRKJHIGFDC77CC,24,1.35,共用部份,鋼筋混凝土造,88年1月14日,十六層,,
RPPOMLRKJHIGFDC77CC,24,48.96,共用部份,鋼筋混凝土造,88年1月14日,十六層,,
RPPOMLRKJHIGFDC77CC,24,.63,共用部份,鋼筋混凝土造,88年1月14日,十六層,,
RPPOMLRKJHIGFDC77CC,24,.26,共用部份,鋼筋混凝土造,88年1月14日,十六層,,
RPPOMLSKJHIGFDC87CC,,88.50,住家用,加強磚造,,二層,,
RPQOMLSKJHIGFDC97CC,29,41.01,住家用,鋼筋混凝土造,83年3月10日,十層,,
RPQOMLSKJHIGFDC97CC,29,9.29,共用部份,鋼筋混凝土造,83年3月10日,十層,,
RPOPMLSKJHIGFDC87CC,32,67.22,住家用,鋼筋混凝土造,80年6月21日,四層,,
RPOPMLSKJHIGFDC87CC,32,2.15,共用部份,鋼筋混凝土造,80年6月21日,四層,,
RPQPMLSKJHIGFDC08CC,27,75.09,住家用,鋼筋混凝土造,84年8月8日,六層,,
RPQPMLSKJHIGFDC08CC,27,11.27,共用部份,鋼筋混凝土造,84年8月8日,六層,,
RPQPMLSKJHIGFDC08CC,27,11.88,共用部份,鋼筋混凝土造,84年8月8日,六層,,
RPSNMLTKJHIGFDC18CC,40,66.06,住家用,鋼筋混凝土造,72年5月20日,五層,,
RPSPMLSKJHIGFDC28CC,60,57.46,住家用,加強磚造,51年10月1日,二層,,
RPRPMLSKJHIGFDC18CC,30,111.12,住家用,鋼筋混凝土造,82年5月18日,六層,,
RPPPMLSKJHIGFDC97CC,27,80.13,住家用,鋼筋混凝土造,84年8月8日,六層,,
RPRPMLSKJHIGFDC18CC,30,2.92,共用部份,鋼筋混凝土造,82年5月18日,六層,,
RPPPMLSKJHIGFDC97CC,27,12.76,共用部份,鋼筋混凝土造,84年8月8日,六層,,
RPRPMLSKJHIGFDC18CC,30,25.15,共用部份,鋼筋混凝土造,82年5月18日,六層,,
RPPPMLSKJHIGFDC97CC,27,16.17,共用部份,鋼筋混凝土造,84年8月8日,六層,,
RPVNMLTKJHIGFDC48CC,29,98.48,住家用,鋼筋混凝土造,82年9月2日,七層,,
RPVNMLTKJHIGFDC48CC,29,.72,共用部份,鋼筋混凝土造,82年9月2日,七層,,
RPVNMLTKJHIGFDC48CC,29,3.35,共用部份,鋼筋混凝土造,82年9月2日,七層,,
RPVNMLTKJHIGFDC48CC,29,1.17,共用部份,鋼筋混凝土造,82年9月2日,七層,,
RPVNMLTKJHIGFDC48CC,29,7.65,共用部份,鋼筋混凝土造,82年9月2日,七層,,
RPWNMLTKJHIGFDC58CC,44,70.64,住家用,鋼筋混凝土造,67年8月9日,五層,,
RPXNMLTKJHIGFDC68CC,26,52.21,住家用,鋼筋混凝土造,86年5月8日,十一層,,
RPXNMLTKJHIGFDC68CC,26,1.15,共用部份,鋼筋混凝土造,86年5月8日,十一層,,
RPXNMLTKJHIGFDC68CC,26,10.54,共用部份,鋼筋混凝土造,86年5月8日,十一層,,
RPXNMLTKJHIGFDC68CC,26,.58,共用部份,鋼筋混凝土造,86年5月8日,十一層,,
RPSOMLTKJHIGFDC28CC,24,24.46,住家用,鋼筋混凝土造,88年1月14日,十四層,,
RPSOMLTKJHIGFDC28CC,24,5.34,共用部份,鋼筋混凝土造,88年1月14日,十四層,,
RPSOMLTKJHIGFDC28CC,24,1.90,共用部份,鋼筋混凝土造,88年1月14日,十六層,,
RPSOMLTKJHIGFDC28CC,24,.57,共用部份,鋼筋混凝土造,88年1月14日,十六層,,
RPSOMLTKJHIGFDC28CC,24,.29,共用部份,鋼筋混凝土造,88年1月14日,十六層,,
RPOOMLTKJHIGFDC87CC,28,71.72,商業用,鋼筋混凝土造,83年11月18日,九層,,
RPOOMLTKJHIGFDC87CC,28,10.19,共用部份,鋼筋混凝土造,83年11月18日,九層,,
RPOPMLKMJHIGFDC27CC,32,50.46,住家用,鋼筋混凝土造,80年4月25日,五層,,
RPWOMLKMJHIGFDC97CC,28,65.98,住家用,鋼筋混凝土造,84年5月17日,六層,,
RPOPMLKMJHIGFDC27CC,32,1.91,共用部份,鋼筋混凝土造,80年4月25日,五層,,
RPWOMLKMJHIGFDC97CC,28,12.61,共用部份,鋼筋混凝土造,84年5月17日,六層,,
RPWOMLKMJHIGFDC97CC,28,13.98,共用部份,鋼筋混凝土造,84年5月17日,六層,,
RPROMLTKJHIGFDC18CC,50,135.19,住商用,鋼筋混凝土加強磚造,61年9月9日,四層,,
RPXOMLKMJHIGFDC08CC,44,70.04,住家用,鋼筋混凝土造,68年4月25日,五層,,
RPPOMLKMJHIGFDC27CC,53,51.21,住家用,加強磚造,58年12月17日,二層,,
RPPPMLKMJHIGFDC37CC,7,88.49,集合住宅,鋼筋混凝土造,105年1月24日,十八層,,
RPPPMLKMJHIGFDC37CC,7,.85,本共有部分之項目為受水池、安全梯、受水池機房、社區水箱、迴廊等共５項。,鋼筋混凝土造,105年1月24日,二十三層,,
RPPPMLKMJHIGFDC37CC,7,36.15,本共有部分之項目為排煙室、特別安全梯、緊急昇降機、機房、樓梯間、消防水箱、水箱、電梯機房、消防中繼機房、陽台、中繼室、中繼自來水箱、雨遮、中繼消防水箱、消防泵浦室、機電空間、安全梯  、發電機室、電信室、台電配電場所、大廳、行動不便者電梯、電梯  、１Ｆ門廳、２Ｆ門廳、３Ｆ門廳、台電管道間、消防幫浦室、泵浦  、走道、停車空間、配電箱、資源回收區、４Ｆ門廳、廚餘冷藏室、  不可回收垃圾區、緊急升降機、梯廳、電信機房、５Ｆ門廳、防空避難室兼停車空間、台電專用管道、雨水回收區、雨水收集槽、雨水回收及噴灌機房、６Ｆ門廳、游泳池及中庭景觀池機房、消防幫浦機房  、電信機房室、垃圾處理空間、７Ｆ門廳、機車位、社區中心、防災中心、水景機房等共５５項。,鋼筋混凝土造,105年1月24日,二十五層,,
RPUPMLKMJHIGFDC87CC,22,88.47,住家用,鋼筋混凝土造,90年5月24日,五層,,
RPUPMLKMJHIGFDC87CC,22,10.76,共用部份,鋼筋混凝土造,90年5月24日,五層,,
RPVPMLKMJHIGFDC97CC,47,48.51,住家用,鋼筋混凝土加強磚造,65年7月8日,四層,,
RPRPMLKMJHIGFDC57CC,47,65.20,住家用,鋼筋混凝土加強磚造,64年9月5日,四層,,
RPOPMLLMJHIGFDC37CC,28,79.31,住家用,鋼筋混凝土造,84年1月17日,五層,,
RPOPMLLMJHIGFDC37CC,28,22.51,共用部份,鋼筋混凝土造,84年1月17日,五層,,
RPTPMLLMJHIGFDC87CC,42,95.16,住家用,鋼筋混凝土造,69年11月4日,五層,,
RPSPMLLMJHIGFDC77CC,28,73.17,住家用,鋼筋混凝土造,83年11月25日,五層,,
RPSPMLLMJHIGFDC77CC,28,3.60,共用部份,鋼筋混凝土造,83年11月25日,五層,,
RPPPMLLMJHIGFDC47CC,25,60.96,住家用,鋼筋混凝土造,86年11月21日,十九層,,
RPPPMLLMJHIGFDC47CC,25,10.66,共用部份,鋼筋混凝土造,86年11月21日,十九層,,
RPPPMLLMJHIGFDC47CC,25,5.48,共用部份,鋼筋混凝土造,86年11月21日,二十一層,,
RPPPMLLMJHIGFDC47CC,25,34.17,共用部份,鋼筋混凝土造,86年11月21日,二十一層,,
RPVPMLLMJHIGFDC08CC,41,98.21,住家用,鋼筋混凝土造,70年12月27日,三層,,
RPQPMLLMJHIGFDC57CC,24,66.94,住家用,鋼筋混凝土造,88年1月14日,十六層,,
RPQPMLLMJHIGFDC57CC,24,16.05,共用部份,鋼筋混凝土造,88年1月14日,十六層,,
RPQPMLLMJHIGFDC57CC,24,.82,共用部份,鋼筋混凝土造,88年1月14日,十六層,,
RPQPMLLMJHIGFDC57CC,24,3.82,共用部份,鋼筋混凝土造,88年1月14日,十六層,,
RPQPMLLMJHIGFDC57CC,24,48.96,共用部份,鋼筋混凝土造,88年1月14日,十六層,,
RPQPMLLMJHIGFDC57CC,24,1.56,共用部份,鋼筋混凝土造,88年1月14日,十六層,,
RPQPMLLMJHIGFDC57CC,24,.74,共用部份,鋼筋混凝土造,88年1月14日,十六層,,
RPOPMLLJKHIGFDC17CC,45,63.96,住家用,鋼筋混凝土造,66年9月14日,四層,,
RPXOMLMJKHIGFDC08CC,27,31.78,住家用,鋼筋混凝土造,85年4月26日,十六層,,
RPXOMLMJKHIGFDC08CC,27,6.25,共用部份,鋼筋混凝土造,85年4月26日,十六層,,
RPXOMLMJKHIGFDC08CC,27,3.75,共用部份,鋼筋混凝土造,85年4月26日,十六層,,
RPWNMLNJKHIGFDC97CC,1,67.96,集合住宅,鋼筋混凝土造,110年10月14日,九層,,
RPWNMLNJKHIGFDC97CC,1,35.72,本建物共有部分之項目有行動不便者電梯、管委會使用空間、樓電梯間、梯廳、中控警衛室、大廳、樓梯間、機械室、水箱、防空避難室兼停車空間、停車空間、走廊、配電室、警衛室、消防泵浦室、汽車坡道、機車停車空間、發電機室、電信室、防空避難室、車道、垃圾儲藏室、機房等共２３項。,鋼筋混凝土造,110年10月14日,九層,,
RPROMLNJKHIGFDC57CC,40,117.49,商業用,鋼筋混凝土造,71年12月3日,八層,,
RPXNMLNJKHIGFDC08CC,28,68.77,住家用,鋼筋混凝土造,84年5月17日,六層,,
RPXNMLNJKHIGFDC08CC,28,12.61,共用部份,鋼筋混凝土造,84年5月17日,六層,,
RPPPMLNJKHIGFDC47CC,24,92.47,住家用,鋼筋混凝土造,88年1月14日,十五層,,
RPXNMLNJKHIGFDC08CC,28,9.17,共用部份,鋼筋混凝土造,84年5月17日,六層,,
RPPPMLNJKHIGFDC47CC,24,13.49,共用部份,鋼筋混凝土造,88年1月14日,十五層,,
RPPPMLNJKHIGFDC47CC,24,5.18,共用部份,鋼筋混凝土造,88年1月14日,十五層,,
RPUPMLNJKHIGFDC97CC,26,24.89,住家用,鋼筋混凝土造,85年11月29日,二十三層,,
RPUPMLNJKHIGFDC97CC,26,4.19,共用部份,鋼筋混凝土造,85年11月29日,二十三層,,
RPQOMLNJKHIGFDC47CC,25,166.60,商業用,鋼筋混凝土造,86年11月21日,二層,,
RPPPMLNJKHIGFDC47CC,24,2.19,共用部份,鋼筋混凝土造,88年1月14日,十六層,,
RPUPMLNJKHIGFDC97CC,26,1.28,共用部份,鋼筋混凝土造,85年11月29日,二十三層,,
RPPPMLNJKHIGFDC47CC,24,1.06,共用部份,鋼筋混凝土造,88年1月14日,十六層,,
RPUPMLNJKHIGFDC97CC,26,1.93,共用部份,鋼筋混凝土造,85年11月29日,二十三層,,
RPROMLRJKHIGFDC97CC,42,79.34,住家用,鋼筋混凝土造,70年6月11日,四層,,
RPTOMLOJKHIGFDC87CC,24,106.17,住家用,鋼筋混凝土造,88年7月17日,六層,,
RPTOMLOJKHIGFDC87CC,24,39.00,共用部份,鋼筋混凝土造,88年7月17日,六層,,
RPRPMLNJKHIGFDC67CC,28,79.06,住家用,鋼筋混凝土造,84年5月17日,六層,,
RPRPMLNJKHIGFDC67CC,28,13.89,共用部份,鋼筋混凝土造,84年5月17日,六層,,
RPRPMLNJKHIGFDC67CC,28,15.36,共用部份,鋼筋混凝土造,84年5月17日,六層,,
RPVOMLRJKHIGFDC38CC,49,52.60,住家用,加強磚造,62年12月5日,二層,,
RPUNMLSJKHIGFDC28CC,24,65.98,住家用,鋼筋混凝土造,88年1月14日,十四層,,
RPUNMLSJKHIGFDC28CC,24,14.50,共用部份,鋼筋混凝土造,88年1月14日,十四層,,
RPUNMLSJKHIGFDC28CC,24,4.94,共用部份,鋼筋混凝土造,88年1月14日,十六層,,
RPUNMLSJKHIGFDC28CC,24,1.62,共用部份,鋼筋混凝土造,88年1月14日,十六層,,
RPUNMLSJKHIGFDC28CC,24,.79,共用部份,鋼筋混凝土造,88年1月14日,十六層,,
RPXNMLSJKHIGFDC58CC,1,71.94,集合住宅,鋼筋混凝土造,110年10月14日,九層,,
RPXNMLSJKHIGFDC58CC,1,37.78,本建物共有部分之項目有行動不便者電梯、管委會使用空間、樓電梯間、梯廳、中控警衛室、大廳、樓梯間、機械室、水箱、防空避難室兼停車空間、停車空間、走廊、配電室、警衛室、消防泵浦室、汽車坡道、機車停車空間、發電機室、電信室、防空避難室、車道、垃圾儲藏室、機房等共２３項。,鋼筋混凝土造,110年10月14日,九層,,
RPUOMLTJKHIGFDC48CC,38,104.67,住家用,鋼筋混凝土造,74年6月29日,五層,,
RPTOMLTJKHIGFDC38CC,41,73.85,住家用,鋼筋混凝土造,71年5月28日,五層,,
RPSOMLSJKHIGFDC18CC,33,89.92,住家用,鋼筋混凝土造,78年10月11日,五層,,
RPSOMLSJKHIGFDC18CC,33,4.52,共用部份,鋼筋混凝土造,78年10月11日,五層,,
RPSOMLSJKHIGFDC18CC,33,1.25,共用部份,鋼筋混凝土造,78年10月11日,五層,,
RPVOMLTJKHIGFDC58CC,26,55.10,住家用,鋼筋混凝土造,86年5月8日,十一層,,
RPOPMLTJKHIGFDC97CC,30,69.20,住家用,鋼筋混凝土造,81年11月3日,十七層,,
RPVOMLTJKHIGFDC58CC,26,1.21,共用部份,鋼筋混凝土造,86年5月8日,十一層,,
RPOPMLTJKHIGFDC97CC,30,8.19,共用部份,鋼筋混凝土造,81年11月3日,十七層,,
RPVOMLTJKHIGFDC58CC,26,12.87,共用部份,鋼筋混凝土造,86年5月8日,十一層,,
RPVOMLTJKHIGFDC58CC,26,.61,共用部份,鋼筋混凝土造,86年5月8日,十一層,,
RPROMLKKKHIGFDC37CC,48,69.95,住家用,鋼筋混凝土加強磚造,63年12月13日,四層,,
RPPOMLSJKHIGFDC87CC,15,21.52,住家用,鋼筋混凝土造,97年7月1日,七層,,
RPPOMLSJKHIGFDC87CC,15,3.45,共用部份,鋼筋混凝土造,97年7月1日,七層,,
RPPOMLSJKHIGFDC87CC,15,4.97,共用部份,鋼筋混凝土造,97年7月1日,七層,,
RPUOMLKKKHIGFDC67CC,1,93.97,集合住宅,鋼筋混凝土造,110年10月14日,九層,,
RPUOMLKKKHIGFDC67CC,1,49.80,集合住宅,鋼筋混凝土造,110年10月14日,九層,,
RPVOMLKKKHIGFDC77CC,46,52.53,住家用,鋼筋混凝土加強磚造,66年7月15日,六層,,
RPWOMLKKKHIGFDC87CC,26,41.75,住家用,鋼筋混凝土造,86年5月8日,十一層,,
RPWOMLKKKHIGFDC87CC,26,.92,共用部份,鋼筋混凝土造,86年5月8日,十一層,,
RPWOMLKKKHIGFDC87CC,26,9.12,共用部份,鋼筋混凝土造,86年5月8日,十一層,,
RPWOMLKKKHIGFDC87CC,26,.47,共用部份,鋼筋混凝土造,86年5月8日,十一層,,
RPXOMLKKKHIGFDC97CC,29,73.01,住家用,鋼筋混凝土造,83年1月21日,七層,,
RPXOMLKKKHIGFDC97CC,29,8.28,共用部份,鋼筋混凝土造,83年1月21日,七層,,
RPPPMLKKKHIGFDC27CC,1,64.87,集合住宅,鋼筋混凝土造,110年10月14日,九層,,
RPPPMLKKKHIGFDC27CC,1,34.00,本建物共有部分之項目有行動不便者電梯、管委會使用空間、樓電梯間、梯廳、中控警衛室、大廳、樓梯間、機械室、水箱、防空避難室兼停車空間、停車空間、走廊、配電室、警衛室、消防泵浦室、汽車坡道、機車停車空間、發電機室、電信室、防空避難室、車道、垃圾儲藏室、機房等共２３項。,鋼筋混凝土造,110年10月14日,九層,,
