﻿鄉鎮市區,交易標的,土地位置建物門牌,土地面積平方公尺,都市土地使用分區,非都市土地使用分區,非都市土地使用編定,租賃年月日,租賃筆棟數,租賃層次,總樓層數,建物型態,主要用途,主要建材,建築完成年月,建物總面積平方公尺,建物現況格局-房,建物現況格局-廳,建物現況格局-衛,建物現況格局-隔間,有無管理組織,有無附傢俱,總額元,單價元平方公尺,車位類別,車位面積平方公尺,車位總額元,備註,編號
The villages and towns urban district,transaction sign,land sector position building sector house number plate,land shifting total area square meter,the use zoning or compiles and checks,the non-metropolis land use district,non-metropolis land use,transaction year month and day,transaction pen number,shifting level,total floor number,building state,main use,main building materials,construction to complete the years,building shifting total area,Building present situation pattern - room,building present situation pattern - hall,building present situation pattern - health,building present situation pattern - compartmented,Whether there is manages the organization,Whether there is attaches the furniture,total price NTD,the unit price (NTD / square meter),the berth category,berth shifting total area square meter,the berth total price NTD,the note,serial number
中正區,建物,基隆市中正區北寧路３９６巷２６之２號,0.0,住,,,1111109,土地0建物1車位0,三層,4,公寓(5樓含以下無電梯),住家用,鋼筋混凝土造,0701027,98.08,4,1,1,有,無,有,7500,76,,0.0,0,水電費、瓦斯費、網路費皆由承租人負擔。,RPSOMLLKJIHGFDC47CC
暖暖區,建物,基隆市暖暖區源遠路１５２巷３５號６樓,0.0,住,,,1111025,土地0建物1車位0,六層,7,華廈(10層含以下有電梯),住家用,鋼筋混凝土造,0820927,100.30000000000001,2,1,1,有,有,有,10000,100,,0.0,0,水電費、瓦斯費、網路費及每月管理費1350元皆由承租人負擔。,RPTOMLLKJIHGFDC57CC
安樂區,建物,基隆市安樂區基金一路１３５巷１１９號５樓,0.0,住,,,1111106,土地0建物1車位0,五層,7,華廈(10層含以下有電梯),住家用,鋼筋混凝土造,0840519,132.68,3,2,2,有,有,有,14500,109,,0.0,0,水電費、瓦斯費、網路費及每月管理費1600元皆由承租人負擔。,RPWOMLLKJIHGFDC87CC
安樂區,建物,基隆市安樂區麥金路４８８之４號,0.0,住,,,1111107,土地0建物1車位0,五層,5,公寓(5樓含以下無電梯),國民住宅,鋼筋混凝土造,0670809,57.33,2,1,1,有,無,有,5000,87,,0.0,0,水電瓦斯費及網路費均由承租人負擔。,RPSOMLOKJIHGFDC77CC
中正區,建物,基隆市中正區新豐街３６０號１０樓,0.0,住,,,1111109,土地0建物1車位0,十層,15,住宅大樓(11層含以上有電梯),住家用,鋼筋混凝土造,0850309,67.72999999999999,2,1,1,有,有,有,15000,221,,0.0,0,水電瓦斯費、網路費及每月管理費600元均由承租人負擔。,RPUOMLOKJIHGFDC97CC
信義區,建物,基隆市信義區深澳坑路１７２巷２２之５號５樓,0.0,住,,,1111110,土地0建物1車位0,五層,5,公寓(5樓含以下無電梯),住家用,鋼筋混凝土造,0870608,78.30000000000001,2,1,1,有,無,有,6000,77,,0.0,0,,RPXOMLOKJIHGFDC28CC
中正區,建物,基隆市中正區武昌街１０４巷５３號,0.0,住,,,1111102,土地0建物1車位0,一層,4,公寓(5樓含以下無電梯),住家用,鋼筋混凝土造,0710918,52.6,3,1,1,有,無,有,13000,247,,0.0,0,水電費、瓦斯費、網路費皆由承租人負擔。,RPXNMLPKJIHGFDC28CC
信義區,建物,基隆市信義區信一路３３號四樓,0.0,商,,,1111102,土地0建物1車位0,四層,5,公寓(5樓含以下無電梯),住家用,鋼筋混凝土造,0900718,73.53,2,1,1,有,無,有,10500,143,,0.0,0,電費、瓦斯費、網路費皆由承租人負擔。,RPPOMLPKJIHGFDC57CC
安樂區,建物,基隆市安樂區樂利二街６２巷２９０號１４樓,0.0,住,,,1111109,土地0建物1車位0,十四層,14,住宅大樓(11層含以上有電梯),住家用,鋼筋混凝土造,0881231,133.43,3,1,1,有,有,有,15000,112,,0.0,0,水電費、瓦斯費、網路費皆由承租人負擔。,RPQOMLPKJIHGFDC67CC
安樂區,建物,基隆市安樂區樂利二街６２巷２０７號１２樓,0.0,住,,,1111108,土地0建物1車位0,十二層,13,套房(1房1廳1衛),住家用,鋼筋混凝土造,0880114,35.17,1,0,1,有,有,有,7000,199,,0.0,0,水電費、瓦斯費、網路費皆由承租人負擔。,RPROMLPKJIHGFDC77CC
暖暖區,建物,基隆市暖暖區暖暖街３５７號７樓,0.0,住,,,1111109,土地0建物1車位0,七層,7,華廈(10層含以下有電梯),住家用,鋼筋混凝土造,0821023,151.17000000000002,3,2,2,有,有,有,15000,99,,0.0,0,水電瓦斯費及網路費均由承租人負擔。,RPTOMLQKJIHGFDC08CC
中山區,建物,基隆市中山區復興路２５９巷５３之２號５樓,0.0,住,,,1111116,土地0建物1車位0,五層,5,公寓(5樓含以下無電梯),住家用,鋼筋混凝土造,0840512,110.72,3,2,2,有,無,有,7500,68,,0.0,0,,RPWOMLQKJIHGFDC38CC
中正區,建物,基隆市中正區新豐街２７４號２０樓,0.0,住,,,1111115,土地0建物1車位0,二十層,23,住宅大樓(11層含以上有電梯),住家用,鋼筋混凝土造,0851129,139.71,3,1,2,有,有,有,13000,93,,0.0,0,,RPPPMLQKJIHGFDC77CC
中正區,建物,基隆市中正區中正路３１８巷１３９之３號,0.0,住,,,1111114,土地0建物1車位0,四層,4,公寓(5樓含以下無電梯),住家用,加強磚造,0580819,81.65,2,1,1,有,無,有,8000,98,,0.0,0,水電費、瓦斯費、網路費皆由承租人負擔。,RPUPMLQKJIHGFDC28CC
信義區,建物,基隆市信義區深澳坑路２之５號５樓之６,0.0,住,,,1111113,土地0建物1車位0,五層,16,套房(1房1廳1衛),住家用,鋼筋混凝土造,0850426,41.879999999999995,1,0,1,有,有,有,7000,167,,0.0,0,水電費、瓦斯費、網路費皆由承租人負擔。,RPVPMLQKJIHGFDC38CC
中正區,建物,基隆市中正區義一路１３０號２樓部分,0.0,商,,,1111019,土地0建物1車位1,二層,14,住宅大樓(11層含以上有電梯),辦公室,鋼筋混凝土造,0910712,300.19,0,0,0,無,有,無,75000,250,坡道平面,0.0,0,租賃面積主建物207.27平方公尺；陽台30.74平方公尺；公設62.18平方公尺。,RPPQMLQKJIHGFDC87CC
中正區,建物,基隆市中正區義一路１２６號部分、１２８號、１３０號２樓部分,0.0,商,,,1111019,土地0建物3車位1,見其他登記事項,14,住宅大樓(11層含以上有電梯),店舖（騎樓）人行道、商業用,鋼筋混凝土造,0910712,463.01,0,0,0,無,有,無,215000,464,坡道平面,0.0,0,111.11.03建物主要用途變更，日新段五小段215建號併入213建號。日新段五小段221建號租賃面積主建物97.54平方公尺；陽台14.42平方公尺；公設29.2平方公尺。,RPQQMLQKJIHGFDC97CC
安樂區,建物,基隆市安樂區麥金路５２６之４號,0.0,住,,,1111116,土地0建物1車位0,五層,5,公寓(5樓含以下無電梯),國民住宅,鋼筋混凝土造,0670809,48.64,2,1,1,有,無,有,5000,103,,0.0,0,,RPVNMLRKJIHGFDC28CC
仁愛區,建物,基隆市仁愛區南榮路１９１巷３９號,0.0,住,,,1111112,土地0建物1車位0,全,1,透天厝,住家用,磚造,0520301,43.68,3,1,1,有,無,有,10000,229,,0.0,0,水電費、瓦斯費、網路費皆由承租人負擔。,RPOOMLRKJIHGFDC67CC
中山區,建物,基隆市中山區復興路２９１之２號,0.0,住,,,1111111,土地0建物1車位0,三層,4,公寓(5樓含以下無電梯),住家用,鋼筋混凝土造,0691107,77.28,3,1,1,有,無,有,10000,129,,0.0,0,水電費、瓦斯費、網路費皆由承租人負擔。,RPPOMLRKJIHGFDC77CC
安樂區,建物,基隆市安樂區中和路１６８巷５弄３８號５樓,0.0,住,,,1111112,土地0建物1車位0,五層,5,公寓(5樓含以下無電梯),住家用,鋼筋混凝土造,0860401,122.12,3,2,2,有,有,有,9000,74,,0.0,0,水電費、瓦斯費、網路費皆由承租人負擔。,RPROMLRKJIHGFDC97CC
安樂區,建物,基隆市安樂區中和路１５８之３號,0.0,其他,,,1111106,土地0建物1車位0,全,4,透天厝,住宅　（騎樓）人行道,鋼筋混凝土造,0870715,297.84,5,2,3,有,有,有,19000,64,,0.0,0,水電費、瓦斯費、網路費皆由承租人負擔。,RPUOMLRKJIHGFDC28CC
中正區,建物,基隆市中正區正義路１００巷１２３之２號,0.0,住,,,1111114,土地0建物1車位0,三層,3,公寓(5樓含以下無電梯),住家用,加強磚造,0620727,61.43,3,2,1,有,無,有,5500,90,,0.0,0,水電費、瓦斯費、網路費皆由承租人負擔。,RPVOMLRKJIHGFDC38CC
中山區,建物,基隆市中山區中山一路２１７巷１１號,0.0,其他,,,1111112,土地0建物1車位0,一層,2,公寓(5樓含以下無電梯),住家用,加強磚造,0621113,45.17,1,1,1,有,無,有,8000,177,,0.0,0,每月水電瓦斯、網路費由承租人另外負擔。,RPUPMLRKJIHGFDC38CC
信義區,建物,基隆市信義區中興路１１９之１號,0.0,住,,,1111106,土地0建物1車位0,二層,2,公寓(5樓含以下無電梯),住家用,加強磚造,0610810,101.07,3,2,2,有,無,有,7000,69,,0.0,0,每月水電瓦斯、網路費由承租人另外負擔。,RPVPMLRKJIHGFDC48CC
信義區,建物,基隆市信義區信二路８２號４樓,0.0,住,,,1111107,土地0建物1車位0,四層,7,華廈(10層含以下有電梯),住家用,鋼筋混凝土造,0890202,98.74000000000001,2,1,2,有,無,有,14000,142,,0.0,0,水電瓦斯、網路費及每年電梯保養費4200元由承租人另外負擔。,RPWPMLRKJIHGFDC58CC
暖暖區,建物,基隆市暖暖區暖暖街２８１巷１５號１０樓,0.0,住,,,1111111,土地0建物1車位0,十層,13,住宅大樓(11層含以上有電梯),集合住宅,鋼筋混凝土造,1021204,148.81,3,2,2,有,有,有,18000,121,,0.0,0,水電瓦斯、網路費及每月管理費3001元由承租人另外負擔。,RPXPMLRKJIHGFDC68CC
仁愛區,建物,基隆市仁愛區南新街２００號,0.0,其他,,,1111109,土地0建物1車位0,一層,4,公寓(5樓含以下無電梯),住家用,鋼筋混凝土造,0680820,65.05,2,2,1,有,無,有,7500,115,,0.0,0,水電費、瓦斯費、網路費皆由承租人負擔。,RPXNMLSKJIHGFDC58CC
中正區,建物,基隆市中正區和平街２９巷３９號,0.0,住,,,1111113,土地0建物1車位0,一層,2,公寓(5樓含以下無電梯),住家用,加強磚造,0600212,53.65,3,1,1,有,無,有,10000,186,,0.0,0,水電費、瓦斯費、網路費皆由承租人負擔。,RPPOMLSKJIHGFDC87CC
七堵區,建物,基隆市七堵區明德二路１５之５２號３樓之１,0.0,住,,,1111112,土地0建物1車位0,三層,12,住宅大樓(11層含以上有電梯),住家用,鋼筋混凝土造,0840801,69.63,3,1,1,有,有,有,12000,172,,0.0,0,水電費、瓦斯費、網路費皆由承租人負擔。,RPQOMLSKJIHGFDC97CC
中正區,建物,基隆市中正區觀海街１４８號１１樓,0.0,住,,,1111108,土地0建物1車位0,十一層,16,住宅大樓(11層含以上有電梯),住家用,鋼筋混凝土造,0880114,152.9,3,2,2,有,有,有,13300,87,,0.0,0,水電費、瓦斯費、網路費及每月管理費1012元皆由承租人負擔。,RPSOMLSKJIHGFDC18CC
安樂區,建物,基隆市安樂區武嶺街３０９號６樓之４,0.0,住,,,1111116,土地0建物1車位0,六層,7,套房(1房1廳1衛),住家用,鋼筋混凝土造,0850118,30.970000000000002,1,0,1,有,有,有,6500,210,,0.0,0,水電費、瓦斯費、網路費皆由承租人負擔。,RPUPMLLLJIHGFDC87CC
中正區,房地(土地+建物),基隆市中正區義一路８７號５樓之１,599.0,商,,,1111108,土地2建物1車位0,五層,10,華廈(10層含以下有電梯),辦公室,鋼筋混凝土造,0860503,42.79,0,0,0,無,有,有,10000,234,,0.0,0,,RPWNMLLLJIHGFDC97DC
信義區,建物,基隆市信義區義六路６７巷３號,0.0,住,,,1111120,土地0建物1車位0,全,2,透天厝,住家用,加強磚造,0520801,137.96,5,4,3,有,無,有,16000,116,,0.0,0,水電費、瓦斯費、網路費皆由承租人負擔。,RPQOMLMLJIHGFDC47CC
七堵區,建物,基隆市七堵區工東街２４號５樓之３,0.0,住,,,1111118,土地0建物1車位0,五層,14,住宅大樓(11層含以上有電梯),住家用,鋼筋混凝土造,0841227,101.73,3,1,1,有,有,有,15000,147,,0.0,0,水電費、瓦斯費、網路費皆由承租人負擔。,RPROMLMLJIHGFDC57CC
中正區,建物,基隆市中正區新豐街１８２號５樓,0.0,住,,,1111121,土地0建物1車位0,五層,23,住宅大樓(11層含以上有電梯),住家用,鋼筋混凝土造,0851129,31.28,0,0,0,無,有,有,7500,240,,0.0,0,,RPQQMLMLJIHGFDC67CC
中山區,建物,基隆市中山區中山一路２２１巷２５號３樓,0.0,住,,,1111102,土地0建物1車位0,三層,5,公寓(5樓含以下無電梯),住家用,鋼筋混凝土造,0881218,138.21,3,1,2,有,無,有,10000,72,,0.0,0,每月水電瓦斯、網路費由承租人另外負擔。,RPOTMLMLJIHGFDC77CC
安樂區,建物,基隆市安樂區武聖街１２２號４樓,0.0,住,,,1111111,土地0建物1車位0,四層,5,公寓(5樓含以下無電梯),住家用,鋼筋混凝土造,0790421,95.92,3,1,1,有,無,有,9000,94,,0.0,0,每月水電瓦斯、網路費由承租人另外負擔。,RPTTMLMLJIHGFDC28CC
中正區,建物,基隆市中正區觀海街１７０號１３樓,0.0,住,,,1111117,土地0建物1車位0,十三層,16,住宅大樓(11層含以上有電梯),住家用,鋼筋混凝土造,0880114,152.9,3,2,2,有,有,有,15000,98,,0.0,0,每月水電瓦斯、網路費由承租人另外負擔。,RPVTMLMLJIHGFDC48CC
安樂區,建物,基隆市安樂區武嶺街１９９之２號,0.0,住,,,1111027,土地0建物1車位0,三層,4,公寓(5樓含以下無電梯),住家用,鋼筋混凝土造,0650113,76.87,3,2,1,有,無,無,10000,130,,0.0,0,,RPXOMLNLJIHGFDC28CC
安樂區,建物,基隆市安樂區樂利二街６２巷９７號２樓,0.0,住,,,1111118,土地0建物1車位0,二層,7,華廈(10層含以下有電梯),住家用,鋼筋混凝土造,0841002,116.69,3,2,2,有,有,有,14000,120,,0.0,0,水電費、瓦斯費、網路費皆由承租人負擔。,RPORMLNLJIHGFDC67CC
暖暖區,建物,基隆市暖暖區東勢街２６巷１２５之１號３樓,0.0,住,,,1111110,土地0建物1車位0,三層,9,華廈(10層含以下有電梯),住家用,鋼筋混凝土造,0840505,78.31,2,2,2,有,有,有,15000,192,,0.0,0,水電費、瓦斯費、網路費皆由承租人負擔。,RPRPMLOLJIHGFDC87CC
七堵區,建物,基隆市七堵區百三街７２號４樓,0.0,住,,,1111112,土地0建物1車位0,四層,4,公寓(5樓含以下無電梯),住家用,鋼筋混凝土造,0941229,69.71000000000001,2,1,1,有,無,有,7000,100,,0.0,0,水電費、瓦斯費、網路費皆由承租人負擔。,RPVPMLOLJIHGFDC28CC
中山區,建物,基隆市中山區安一路９９之２號,0.0,其他,,,1111116,土地0建物1車位0,三層,6,公寓(5樓含以下無電梯),住家用,鋼筋混凝土加強磚造,0661220,92.14,3,2,2,有,無,有,13000,141,,0.0,0,水電費、瓦斯費、網路費皆由承租人負擔。,RPWPMLOLJIHGFDC38CC
仁愛區,建物,基隆市仁愛區南榮路４５５巷２６號,0.0,住,,,1111117,土地0建物1車位0,一層,4,公寓(5樓含以下無電梯),住家用,鋼筋混凝土加強磚造,0641007,76.56,3,1,1,有,無,有,13500,176,,0.0,0,水電費、瓦斯費、網路費皆由承租人負擔。,RPXPMLOLJIHGFDC48CC
暖暖區,建物,基隆市暖暖區八堵路２０巷５號,0.0,住,,,1111120,土地0建物1車位0,一層,5,公寓(5樓含以下無電梯),住家用,鋼筋混凝土造,0901004,114.23,3,2,2,有,有,有,13500,118,,0.0,0,水電費、瓦斯費、網路費及每月管理費1309元皆由承租人負擔。,RPWQMLOLJIHGFDC48CC
信義區,建物,基隆市信義區信一路３３號三樓,0.0,商,,,1111120,土地0建物1車位0,三層,5,公寓(5樓含以下無電梯),辦公室,鋼筋混凝土造,0900718,73.53,2,1,1,有,無,有,12500,170,,0.0,0,水電費、瓦斯費、網路費皆由承租人負擔。,RPURMLOLJIHGFDC38CC
安樂區,建物,基隆市安樂區中和路１６８巷８弄４號２樓,0.0,住,,,1111120,土地0建物1車位0,二層,5,公寓(5樓含以下無電梯),住家用,鋼筋混凝土造,0840117,97.91,3,2,1,有,無,有,9000,92,,0.0,0,水電費、瓦斯費、網路費皆由承租人負擔。,RPRSMLOLJIHGFDC18CC
中正區,建物,基隆市中正區新豐街３７２號１５樓,0.0,住,,,1111120,土地0建物1車位0,十五層,15,住宅大樓(11層含以上有電梯),住家用,鋼筋混凝土造,0850309,66.96000000000001,2,1,1,有,有,有,10000,149,,0.0,0,水電費、瓦斯費、網路費及每月管理費600元皆由承租人負擔。,RPSSMLOLJIHGFDC28CC
七堵區,建物,基隆市七堵區東新街８２之１３號３樓,0.0,住,,,1111120,土地0建物1車位0,三層,11,住宅大樓(11層含以上有電梯),集合住宅,鋼筋混凝土造,1080213,139.4,3,2,2,有,有,有,15000,108,,0.0,0,水電費、瓦斯費、網路費及每月管理費3000元皆由承租人負擔。,RPTSMLOLJIHGFDC38CC
信義區,建物,基隆市信義區福民街５５巷４４號４樓,0.0,住,,,1111120,土地0建物1車位0,四層,5,公寓(5樓含以下無電梯),住家用,鋼筋混凝土造,0860115,107.91999999999999,3,2,2,有,無,有,9000,83,,0.0,0,水電費、瓦斯費、網路費皆由承租人負擔。,RPUSMLOLJIHGFDC48CC
仁愛區,建物,基隆市仁愛區南榮路４５５巷２２之１號,0.0,住,,,1111118,土地0建物1車位0,二層,4,公寓(5樓含以下無電梯),住家用,鋼筋混凝土加強磚造,0641007,77.41,3,1,1,有,無,有,12000,155,,0.0,0,水電費、瓦斯費、網路費皆由承租人負擔。,RPOOMLPLJIHGFDC57CC
安樂區,建物,基隆市安樂區樂利三街２６３巷３５之２號,0.0,住,,,1111120,土地0建物1車位0,三層,5,公寓(5樓含以下無電梯),住家用,鋼筋混凝土造,0710603,87.85,3,2,1,有,無,有,8500,97,,0.0,0,水電費、瓦斯費、網路費皆由承租人負擔。,RPROMLPLJIHGFDC87CC
信義區,建物,基隆市信義區東光路２０５巷３０號２樓,0.0,住,,,1111119,土地0建物1車位0,二層,5,公寓(5樓含以下無電梯),住家用,鋼筋混凝土造,0841116,129.39,3,2,2,有,有,有,10000,77,,0.0,0,水電費、瓦斯費、網路費皆由承租人負擔。,RPSOMLPLJIHGFDC97CC
信義區,建物,基隆市信義區孝東路１１６號十二樓,0.0,住,,,1111122,土地0建物1車位0,十二層,15,住宅大樓(11層含以上有電梯),集合住宅,鋼筋混凝土造,1061018,103.44,2,1,1,有,有,有,15000,145,,0.0,0,水電瓦斯費及網路費均由承租人負擔。,RPXNMLSLJIHGFDC68CC
暖暖區,建物,基隆市暖暖區暖碇路３８巷８５號８樓,0.0,住,,,1111122,土地0建物1車位0,八層,10,華廈(10層含以下有電梯),集合住宅,鋼筋混凝土造,0980716,161.04,3,2,2,有,有,有,15000,93,,0.0,0,水電費、瓦斯費、網路費皆由承租人負擔。,RPTOMLSLJIHGFDC38CC
仁愛區,建物,基隆市仁愛區崇安街２０巷２之１號,0.0,商,,,1111120,土地0建物1車位0,二層,5,公寓(5樓含以下無電梯),住家用,鋼筋混凝土造,0691126,59.58,2,2,1,有,無,有,8000,134,,0.0,0,,RPUOMLSLJIHGFDC48CC
七堵區,建物,基隆市七堵區百二街３８巷３之２號,0.0,住,,,1111122,土地0建物1車位0,三層,4,公寓(5樓含以下無電梯),住家用,鋼筋混凝土造,0680805,84.64,3,2,1,有,無,有,9000,106,,0.0,0,水電費、瓦斯費、網路費皆由承租人負擔。,RPXOMLSLJIHGFDC78CC
中正區,建物,基隆市中正區立德路９６之２號,0.0,住,,,1111123,土地0建物1車位0,三層,5,公寓(5樓含以下無電梯),住家用,鋼筋混凝土造,0711229,95.53,3,2,2,有,無,有,10000,105,,0.0,0,水電費、瓦斯費、網路費皆由承租人負擔。,RPPPMLSLJIHGFDC08CC
安樂區,建物,基隆市安樂區基金一路２０８巷１６４弄５號４樓,0.0,住,,,1111122,土地0建物1車位0,四層,5,公寓(5樓含以下無電梯),住家用,鋼筋混凝土造,0831015,68.91,2,2,1,有,有,有,13000,189,,0.0,0,水電費、瓦斯費、網路費及每月管理費300元皆由承租人負擔。,RPUPMLSLJIHGFDC58CC
七堵區,建物,基隆市七堵區明德二路１５之４９號１０樓,0.0,住,,,1111123,土地0建物1車位0,十層,12,住宅大樓(11層含以上有電梯),住家用,鋼筋混凝土造,0840801,90.71,3,2,2,有,有,有,18000,198,,0.0,0,水電費、瓦斯費、網路費皆由承租人負擔。,RPVPMLSLJIHGFDC68CC
暖暖區,建物,基隆市暖暖區東碇路３１０之１號２樓,0.0,住,,,1111118,土地0建物1車位0,二層,9,套房(1房1廳1衛),住家用,鋼筋混凝土造,0860623,31.340000000000003,1,0,1,有,有,有,7200,230,,0.0,0,水電費、瓦斯費、網路費皆由承租人負擔。,RPWPMLSLJIHGFDC78CC
七堵區,建物,基隆市七堵區明德一路１７２巷１６之５號,0.0,住,,,1111122,土地0建物1車位0,二層,4,公寓(5樓含以下無電梯),住家用,鋼筋混凝土造,0680613,77.7,3,2,1,有,無,有,12000,154,,0.0,0,水電費、瓦斯費、網路費皆由承租人負擔。,RPXPMLSLJIHGFDC88CC
中正區,建物,基隆市中正區新豐街１６４號１８樓,0.0,住,,,1111118,土地0建物1車位0,十八層,23,住宅大樓(11層含以上有電梯),住家用,鋼筋混凝土造,0851129,73.07,3,1,1,有,有,有,10500,144,,0.0,0,水電費、瓦斯費、網路費皆由承租人負擔。,RPOOMLTLJIHGFDC97CC
安樂區,建物,基隆市安樂區新西街１０７號,0.0,住,,,1111129,土地0建物1車位0,一層,5,公寓(5樓含以下無電梯),住家用,鋼筋混凝土造,0880414,97.02000000000001,3,1,2,有,無,有,14000,144,,0.0,0,,RPUOMLTLJIHGFDC58CC
安樂區,建物,基隆市安樂區中和路８５巷２０號８樓,0.0,其他,,,1111128,土地0建物1車位0,八層,11,住宅大樓(11層含以上有電梯),住家用,鋼筋混凝土造,0860508,65.69,3,2,2,有,無,有,11000,167,,0.0,0,每月水電瓦斯、網路費由承租人另外負擔。,RPXNMLKMJIHGFDC97CC
中正區,建物,基隆市中正區新豐街１６１巷１０８號六樓,0.0,住,,,1111120,土地0建物1車位0,六層,7,華廈(10層含以下有電梯),集合住宅,鋼筋混凝土造,1051007,74.31,1,1,1,有,有,有,11000,148,,0.0,0,水電瓦斯、網路費及每月管理費1310元由承租人另外負擔。,RPOOMLKMJIHGFDC17CC
安樂區,建物,基隆市安樂區麥金路４２１巷６５之２號,0.0,其他,,,1111126,土地0建物1車位0,三層,5,公寓(5樓含以下無電梯),國民住宅,鋼筋混凝土造,0670809,61.41,3,1,1,有,無,有,9000,147,,0.0,0,每月水電瓦斯、網路費由承租人另外負擔。,RPQOMLKMJIHGFDC37CC
中正區,建物,基隆市中正區觀海街１８９號１３樓,0.0,住,,,1111128,土地0建物1車位0,十三層,16,住宅大樓(11層含以上有電梯),住家用,鋼筋混凝土造,0880114,81.16,0,0,0,無,有,有,5800,71,,0.0,0,,RPROMLKMJIHGFDC47CC
仁愛區,建物,基隆市仁愛區龍安街２１０之１號二樓,0.0,住,,,1111120,土地0建物1車位0,二層,9,華廈(10層含以下有電梯),住家用,鋼筋混凝土造,0970908,112.79,3,1,2,有,有,有,15000,133,,0.0,0,水電費、瓦斯費、網路費皆由承租人負擔。,RPSOMLKMJIHGFDC57CC
仁愛區,建物,基隆市仁愛區復興街４４巷１８之１號,0.0,住,,,1111130,土地0建物1車位0,二層,4,公寓(5樓含以下無電梯),住家用,鋼筋混凝土加強磚造,0670701,58.33,2,1,1,有,無,有,13500,231,,0.0,0,,RPTOMLKMJIHGFDC67CC
中正區,建物,基隆市中正區觀海街２２１號１２樓,0.0,住,,,1111121,土地0建物1車位0,十二層,16,套房(1房1廳1衛),住家用,鋼筋混凝土造,0880114,31.54,1,0,1,有,有,有,7500,238,,0.0,0,水電瓦斯費及網路費均由承租人負擔。,RPXNMLLJKIHGFDC87CC
中正區,建物,基隆市中正區新豐街１５７號４樓,0.0,住,,,1111125,土地0建物1車位0,四層,4,公寓(5樓含以下無電梯),住家用,鋼筋混凝土造,0721224,100.02,3,2,1,有,無,有,15000,150,,0.0,0,水電費、瓦斯費、網路費皆由承租人負擔。,RPOOMLLJKIHGFDC07CC
暖暖區,建物,基隆市暖暖區源遠路８９巷９號２樓,0.0,住,,,1111201,土地0建物1車位0,二層,5,公寓(5樓含以下無電梯),住家用,鋼筋混凝土造,0850117,105.71,3,1,2,有,無,有,10000,95,,0.0,0,,RPPOMLMJKIHGFDC27CC
中山區,建物,基隆市中山區健民街１巷１弄１１之１１號,0.0,住,,,1111128,土地0建物1車位0,二層,5,公寓(5樓含以下無電梯),住家用,鋼筋混凝土造,0690527,62.78,2,1,2,有,無,有,15000,239,,0.0,0,水電費、瓦斯費、網路費皆由承租人負擔。,RPUNMLQJKIHGFDC08CC
中正區,建物,基隆市中正區平一路２７巷４號２樓,0.0,住,,,1111129,土地0建物1車位0,二層,5,公寓(5樓含以下無電梯),住家用,鋼筋混凝土造,0800425,52.37,2,1,1,有,無,有,8000,153,,0.0,0,水電費、瓦斯費、網路費皆由承租人負擔。,RPVNMLQJKIHGFDC18CC
中正區,建物,基隆市中正區新豐街１６２巷９０號３樓,0.0,住,,,1111128,土地0建物1車位0,三層,9,華廈(10層含以下有電梯),集合住宅,鋼筋混凝土造,1101014,100.29,2,2,1,有,有,有,15000,150,,0.0,0,水電費、瓦斯費、網路費皆由承租人負擔。,RPWNMLQJKIHGFDC28CC
安樂區,建物,基隆市安樂區基金一路２０８巷１５４弄２２號５樓,0.0,住,,,1111201,土地0建物1車位0,五層,5,華廈(10層含以下有電梯),住家用,鋼筋混凝土造,0831015,79.23,2,1,1,有,有,有,8000,101,,0.0,0,水電費、瓦斯費、網路費皆由承租人負擔。,RPXNMLQJKIHGFDC38CC
安樂區,建物,基隆市安樂區樂利二街６２巷６６號６樓,0.0,住,,,1111130,土地0建物1車位0,六層,7,華廈(10層含以下有電梯),住家用,鋼筋混凝土造,0850322,146.57,3,1,2,有,有,有,12000,82,,0.0,0,水電費、瓦斯費、網路費及每月管理費1370元皆由承租人負擔。,RPPOMLQJKIHGFDC67CC
中正區,建物,基隆市中正區觀海街９９號７樓,0.0,住,,,1111203,土地0建物1車位0,七層,16,住宅大樓(11層含以上有電梯),住家用,鋼筋混凝土造,0880114,117.53999999999999,3,2,2,有,有,有,14000,119,,0.0,0,水電費、瓦斯費、網路費及每月管理費1423元皆由承租人負擔。,RPQOMLQJKIHGFDC77CC
安樂區,建物,基隆市安樂區基金一路１１２巷６之２號,0.0,其他,,,1111130,土地0建物1車位0,三層,4,公寓(5樓含以下無電梯),住家用,鋼筋混凝土造,0690506,78.89,3,2,1,有,無,有,10000,127,,0.0,0,水電費、瓦斯費、網路費皆由承租人負擔。,RPTOMLQJKIHGFDC08CC
仁愛區,建物,基隆市仁愛區成功一路５４號３樓,0.0,商,,,1111202,土地0建物1車位0,三層,5,套房(1房1廳1衛),住家用,鋼筋混凝土造,0900424,42.46,1,1,1,有,無,有,7000,165,,0.0,0,水電費、瓦斯費、網路費皆由承租人負擔。,RPUOMLQJKIHGFDC18CC
暖暖區,建物,基隆市暖暖區碇內街１９６巷２號４樓,0.0,住,,,1111130,土地0建物1車位0,四層,4,公寓(5樓含以下無電梯),住家用,鋼筋混凝土造,0730112,83.67,3,1,1,有,無,有,9600,115,,0.0,0,水電費、瓦斯費、網路費皆由承租人負擔。,RPVOMLQJKIHGFDC28CC
暖暖區,建物,基隆市暖暖區暖暖街２４６巷１２號３樓,0.0,住,,,1111202,土地0建物1車位0,三層,8,華廈(10層含以下有電梯),住家用,鋼筋混凝土造,0831120,108.10999999999999,2,1,1,有,有,有,11000,102,,0.0,0,水電費、瓦斯費、網路費及每月管理費1000元皆由承租人負擔。,RPWOMLQJKIHGFDC38CC
中正區,建物,基隆市中正區中正路２０３之３號,0.0,住,,,1111201,土地0建物1車位0,三層,4,公寓(5樓含以下無電梯),住家用,鋼筋混凝土加強磚造,0640909,36.59,2,1,1,有,無,有,7500,205,,0.0,0,水電費、瓦斯費、網路費皆由承租人負擔。,RPXOMLQJKIHGFDC48CC
暖暖區,房地(土地+建物)+車位,基隆市暖暖區源遠路３７８號１２樓,26.11,住,,,1111029,土地1建物1車位1,十二層,15,住宅大樓(11層含以上有電梯),集合住宅,鋼筋混凝土造,1041228,169.69,3,2,2,有,有,有,19000,112,坡道平面,36.4,0,原申報書序號C1CD11111270001,RPOPMLQJKIHGFDC67CC
中正區,建物,基隆市中正區新豐街４８８號之７  １２樓,0.0,其他,,,1111201,土地0建物1車位0,十二層,17,住宅大樓(11層含以上有電梯),住家用,鋼筋混凝土造,0861121,48.53,0,0,0,無,有,有,8500,175,,0.0,0,,RPPPMLQJKIHGFDC77CC
安樂區,建物,基隆市安樂區麥金路２８號１４樓,0.0,住,,,1111129,土地0建物1車位0,十四層,15,住宅大樓(11層含以上有電梯),住家用,鋼筋混凝土造,0811216,131.2,3,2,2,有,有,有,13000,99,,0.0,0,每月水電瓦斯、網路費由承租人另外負擔。,RPTPMLQJKIHGFDC18CC
安樂區,建物,基隆市安樂區基金一路１２１巷１６號３樓,0.0,其他,,,1111130,土地0建物1車位0,三層,5,公寓(5樓含以下無電梯),住家用,鋼筋混凝土造,0850930,119.84,4,2,2,有,無,有,11000,92,,0.0,0,每月水電瓦斯、網路費由承租人另外負擔。,RPUPMLQJKIHGFDC28CC
中正區,建物,基隆市中正區新豐街１６１巷１０６號六樓,0.0,住,,,1111117,土地0建物1車位0,六層,7,套房(1房1廳1衛),集合住宅,鋼筋混凝土造,1051007,68.6,1,1,1,有,有,有,13000,190,,0.0,0,水電費、瓦斯費、網路費皆由承租人負擔。,RPVPMLQJKIHGFDC38CC
暖暖區,房地(土地+建物),基隆市暖暖區源遠路１８８巷１１號２樓,29.98,住,,,1111202,土地1建物1車位0,二層,5,公寓(5樓含以下無電梯),住家用,鋼筋混凝土造,0840118,100.11,3,2,2,有,無,有,12000,120,,0.0,0,,RPWPMLQJKIHGFDC48CC
安樂區,建物,基隆市安樂區中和路１６８巷１０弄１２號２樓,0.0,住,,,1111129,土地0建物1車位0,二層,5,公寓(5樓含以下無電梯),住家用,鋼筋混凝土造,0840117,102.58,3,2,2,有,無,有,8000,78,,0.0,0,每月水電瓦斯、網路費由承租人另外負擔。,RPXPMLQJKIHGFDC58CC
信義區,建物,基隆市信義區東明路１１６之３號,0.0,工,,,1111130,土地0建物1車位0,四層,4,公寓(5樓含以下無電梯),住家用,鋼筋混凝土加強磚造,0650511,48.94,3,1,1,有,無,有,6800,139,,0.0,0,每月水電瓦斯、網路費由承租人另外負擔。,RPOQMLQJKIHGFDC77CC
中正區,建物,基隆市中正區祥豐街３８５號,0.0,住,,,1111129,土地0建物1車位0,一層,4,套房(1房1廳1衛),住家用,鋼筋混凝土加強磚造,0650809,28.88,1,1,1,有,無,有,7000,242,,0.0,0,每月水電瓦斯、網路費由承租人另外負擔。,RPPQMLQJKIHGFDC87CC
暖暖區,建物,基隆市暖暖區碇內街１８４巷１１號４樓,0.0,住,,,1111129,土地0建物1車位0,四層,5,公寓(5樓含以下無電梯),住家用,鋼筋混凝土造,0830224,76.54,2,1,1,有,無,有,6000,78,,0.0,0,每月水電瓦斯、網路費由承租人另外負擔。,RPRQMLQJKIHGFDC08CC
信義區,建物,基隆市信義區東信路１４９號５樓,0.0,商,,,1111129,土地0建物1車位0,五層,5,公寓(5樓含以下無電梯),住家用,鋼筋混凝土造,0730613,74.36,3,1,1,有,無,有,7500,101,,0.0,0,每月水電瓦斯、網路費由承租人另外負擔。,RPSQMLQJKIHGFDC18CC
中正區,建物,基隆市中正區調和街３００號７樓之８,0.0,住,,,1111130,土地0建物1車位0,七層,14,住宅大樓(11層含以上有電梯),集合住宅,鋼筋混凝土造,1080212,109.71000000000001,2,1,1,有,有,有,15000,137,,0.0,0,每月水電瓦斯、網路費由承租人另外負擔。,RPUQMLQJKIHGFDC38CC
中正區,建物,基隆市中正區正義路２巷４３之２號２樓,0.0,住,,,1111128,土地0建物1車位0,地下四層,0,公寓(5樓含以下無電梯),住家用,鋼筋混凝土造,0740126,94.78,2,2,1,有,無,有,10000,106,,0.0,0,每月水電瓦斯、網路費由承租人另外負擔。,RPVQMLQJKIHGFDC48CC
中正區,建物,基隆市中正區新豐街４５２號之１ １５樓,0.0,其他,,,1111128,土地0建物1車位0,十五層,18,住宅大樓(11層含以上有電梯),住家用,鋼筋混凝土造,0861121,114.23,3,1,1,有,有,有,11000,96,,0.0,0,每月水電瓦斯、網路費由承租人另外負擔。,RPXQMLQJKIHGFDC68CC
中正區,建物,基隆市中正區新豐街１３７號２樓,0.0,住,,,1111130,土地0建物1車位0,二層,4,公寓(5樓含以下無電梯),住家用,鋼筋混凝土造,0721224,90.52,3,2,1,有,無,有,9000,99,,0.0,0,每月水電瓦斯、網路費由承租人另外負擔。,RPVNMLRJKIHGFDC28CC
信義區,建物,基隆市信義區東光路１巷７號,0.0,住,,,1111204,土地0建物1車位0,全,1,透天厝,,磚造,0490401,46.06,2,2,1,有,無,有,8000,174,,0.0,0,每月水電瓦斯、網路費由承租人另外負擔。,RPPOMLRJKIHGFDC77CC
安樂區,建物,基隆市安樂區樂利三街３２巷１５２之２號,0.0,住,,,1111130,土地0建物1車位0,三層,4,公寓(5樓含以下無電梯),住家用,鋼筋混凝土造,0680706,80.62,3,1,1,有,無,有,8000,99,,0.0,0,水電瓦斯費及網路費均由承租人負擔。,RPOSMLSJKIHGFDC18CC
安樂區,建物,基隆市安樂區基金二路１巷１７４之３號５樓之１,0.0,住,,,1111115,土地0建物1車位0,五層,17,住宅大樓(11層含以上有電梯),住家用,鋼筋混凝土造,0811103,75.85,2,1,1,有,有,有,10000,132,,0.0,0,水電費、瓦斯費、網路費皆由承租人負擔。,RPPPNLSJKIHGFDC08CC
中正區,建物,基隆市中正區和一路８４巷２３之２號,0.0,住,,,1111130,土地0建物1車位0,三層,4,公寓(5樓含以下無電梯),住家用,鋼筋混凝土造,0681222,61.87,2,1,1,有,無,有,7200,116,,0.0,0,水電費、瓦斯費、網路費皆由承租人負擔。,RPRPNLSJKIHGFDC28CC
中正區,建物,基隆市中正區祥豐街１７７巷６１之１號,0.0,住,,,1111206,土地0建物1車位0,二層,5,公寓(5樓含以下無電梯),住家用,鋼筋混凝土造,0700319,99.23,3,2,2,有,無,有,16000,161,,0.0,0,水電費、瓦斯費、網路費皆由承租人負擔。,RPTPNLSJKIHGFDC48CC
安樂區,建物,基隆市安樂區新西街７７之１號,0.0,住,,,1111123,土地0建物1車位0,二層,2,公寓(5樓含以下無電梯),住家用,鋼筋混凝土加強磚造,0651014,58.7,5,2,3,有,無,有,13000,221,,0.0,0,水電費、瓦斯費、網路費皆由承租人負擔。,RPQUMLTJKIHGFDC68CC
仁愛區,建物,基隆市仁愛區仁一路１６９號,0.0,商,,,1111125,土地0建物1車位0,一層,5,店面(店鋪),住商用,鋼筋混凝土造,0720702,129.82,0,0,0,無,無,無,50000,385,,0.0,0,租賃期間112年1月1日至114年12月31日,RPRUMLTJKIHGFDC78CC
安樂區,建物,基隆市安樂區麥金路４２１巷６９之４號,0.0,其他,,,1111207,土地0建物1車位0,五層,5,公寓(5樓含以下無電梯),住家用,鋼筋混凝土造,0670809,70.64,3,1,1,有,無,有,8000,113,,0.0,0,水電費、瓦斯費、網路費皆由承租人負擔。,RPSUMLTJKIHGFDC88CC
信義區,建物,基隆市信義區深澳坑路２之５號１５樓之２１,0.0,住,,,1111129,土地0建物1車位0,十五層,16,套房(1房1廳1衛),住家用,鋼筋混凝土造,0850426,46.83,1,0,1,有,有,有,8500,182,,0.0,0,水電費、瓦斯費、網路費皆由承租人負擔。,RPTUMLTJKIHGFDC98CC
安樂區,建物,基隆市安樂區麥金路５１６之２號,0.0,住,,,1111130,土地0建物1車位0,三層,5,公寓(5樓含以下無電梯),住家用,鋼筋混凝土造,0670809,70.64,3,1,1,有,無,有,8000,113,,0.0,0,水電費、瓦斯費、網路費皆由承租人負擔。,RPUUMLTJKIHGFDC09CC
信義區,建物,基隆市信義區東信路５５巷２６之３號,0.0,住,,,1111130,土地0建物1車位0,四層,4,公寓(5樓含以下無電梯),住家用,鋼筋混凝土加強磚造,0621127,61.99,1,1,2,有,無,有,8000,129,,0.0,0,水電費、瓦斯費、網路費皆由承租人負擔。,RPVUMLTJKIHGFDC56CC
信義區,建物,基隆市信義區培德路１７９之７號,0.0,住,,,1111128,土地0建物1車位0,三層,5,公寓(5樓含以下無電梯),住家用,鋼筋混凝土造,0690418,62.48,2,2,1,有,無,有,13500,216,,0.0,0,水電費、瓦斯費、網路費皆由承租人負擔。,RPWUMLTJKIHGFDC66CC
仁愛區,建物,基隆市仁愛區復興街４６巷５號２樓,0.0,住,,,1111207,土地0建物1車位0,二層,5,公寓(5樓含以下無電梯),住家用,鋼筋混凝土造,0840121,39.48,2,2,1,有,無,有,12000,304,,0.0,0,水電費、瓦斯費、網路費皆由承租人負擔。,RPXUMLTJKIHGFDC76CC
暖暖區,建物,基隆市暖暖區碇內街２２９號６樓,0.0,住,,,1111201,土地0建物1車位0,六層,6,華廈(10層含以下有電梯),住家用,鋼筋混凝土造,0840808,93.67999999999999,3,1,1,有,有,有,12000,128,,0.0,0,水電瓦斯、網路費及每月管理費840元由承租人另外負擔。,RPPVMLTJKIHGFDC68CC
仁愛區,房地(土地+建物),基隆市仁愛區延平街５５之１丙號,7.41,住,,,1111201,土地1建物1車位0,四層,4,公寓(5樓含以下無電梯),住家用,鋼筋混凝土造,0590203,18.11,2,2,1,有,無,無,7000,387,,0.0,0,,RPXTMLTJKIHGFDC76DC
仁愛區,房地(土地+建物),基隆市仁愛區延平街５５丙號,7.56,住,,,1111207,土地1建物1車位0,四層,4,公寓(5樓含以下無電梯),住家用,鋼筋混凝土造,0590203,18.49,3,2,1,有,無,無,6500,352,,0.0,0,,RPQVMLTJKIHGFDC88DC
安樂區,建物,基隆市安樂區中平街１７０之３號,0.0,住,,,1111206,土地0建物1車位0,四層,4,套房(1房1廳1衛),住家用,鋼筋混凝土造,0680221,55.83,1,1,1,有,無,有,8500,152,,0.0,0,水電瓦斯費及網路費均由承租人負擔。,RPUNMLMKKIHGFDC77CC
中正區,建物,基隆市中正區正義路３０巷１８之３號,0.0,其他,,,1111210,土地0建物1車位0,四層,4,公寓(5樓含以下無電梯),住家用,鋼筋混凝土造,0671027,30.71,0,0,0,無,無,有,10000,326,,0.0,0,,RPOPMLMKKIHGFDC37CC
信義區,建物,基隆市信義區東信路３５巷３４之３號,0.0,其他,,,1111206,土地0建物1車位0,四層,5,公寓(5樓含以下無電梯),住家用,鋼筋混凝土造,0700708,77.41,3,1,1,有,無,有,8000,103,,0.0,0,水電費、瓦斯費、網路費皆由承租人負擔。,RPRPMLMKKIHGFDC67CC
安樂區,建物,基隆市安樂區樂利三街２０３號１０樓,0.0,住,,,1111208,土地0建物1車位0,十層,17,住宅大樓(11層含以上有電梯),住家用,鋼筋混凝土造,0800826,141.07999999999998,3,2,2,有,有,有,13000,92,,0.0,0,水電費、瓦斯費、網路費及每月管理費2200元皆皆由承租人負擔。,RPSPMLMKKIHGFDC77CC
暖暖區,建物,基隆市暖暖區東勢街２６巷１１７號３樓,0.0,住,,,1111210,土地0建物1車位0,三層,12,住宅大樓(11層含以上有電梯),住家用,鋼筋混凝土造,0831129,114.73,3,1,1,有,有,有,13500,118,,0.0,0,每月水電瓦斯、網路費由承租人另外負擔。,RPWPMLNKKIHGFDC28CC
安樂區,建物,基隆市安樂區麥金路３１１號１８樓,0.0,住,,,1111129,土地0建物1車位0,十八層,18,住宅大樓(11層含以上有電梯),集合住宅,鋼筋混凝土造,1050124,73.3,2,1,1,有,有,有,18000,246,,0.0,0,水電費、瓦斯費、網路費及每月管理費1409元皆由承租人負擔。,RPOQMLNKKIHGFDC57CC
安樂區,建物,基隆市安樂區樂利二街６２巷２４９號３樓,0.0,住,,,1111124,土地0建物1車位0,三層,13,住宅大樓(11層含以上有電梯),住家用,鋼筋混凝土造,0880114,115.31,3,2,2,有,有,有,15000,130,,0.0,0,水電費、瓦斯費、網路費及每月管理費1500元皆由承租人負擔。,RPPQMLNKKIHGFDC67CC
中正區,建物,基隆市中正區立德路７１號４樓,0.0,住,,,1111206,土地0建物1車位0,四層,5,公寓(5樓含以下無電梯),住家用,鋼筋混凝土造,0870521,92.61999999999999,3,1,2,有,無,有,8000,86,,0.0,0,水電費、瓦斯費、網路費皆由承租人負擔。,RPSQMLNKKIHGFDC97CC
安樂區,建物,基隆市安樂區樂利三街３４巷４８之３號,0.0,住,,,1111211,土地0建物1車位0,四層,4,公寓(5樓含以下無電梯),住家用,鋼筋混凝土造,0680228,96.74,3,2,1,有,無,有,13500,140,,0.0,0,水電費、瓦斯費、網路費皆由承租人負擔。,RPUQMLNKKIHGFDC18CC
中山區,建物,基隆市中山區通仁街１２３號底層,0.0,住,,,1111208,土地0建物1車位0,地下層,5,公寓(5樓含以下無電梯),住家用,鋼筋混凝土造,0701222,92.19,3,1,1,有,無,有,8000,87,,0.0,0,水電費、瓦斯費、網路費皆由承租人負擔。,RPVQMLNKKIHGFDC28CC
暖暖區,建物,基隆市暖暖區碇內街３８２號４樓,0.0,住,,,1111209,土地0建物1車位0,四層,6,華廈(10層含以下有電梯),住家用,鋼筋混凝土造,0840808,92.17,3,1,1,有,有,有,10000,108,,0.0,0,水電費、瓦斯費、網路費皆由承租人負擔。,RPWQMLNKKIHGFDC38CC
安樂區,建物,基隆市安樂區武聖街７４號,0.0,住,,,1111213,土地0建物1車位0,一層,5,公寓(5樓含以下無電梯),住家用,鋼筋混凝土造,0790424,100.27,3,2,1,有,無,有,10000,100,,0.0,0,,RPPRMLNKKIHGFDC77CC
仁愛區,建物,基隆市仁愛區仁一路２９３巷２之１４號,0.0,商,,,1111213,土地0建物1車位0,二層,4,公寓(5樓含以下無電梯),住家用,鋼筋混凝土加強磚造,0621128,98.04,2,2,1,有,無,有,10000,102,,0.0,0,,RPSRMLNKKIHGFDC08CC
信義區,房地(土地+建物),基隆市信義區信二路２４６巷８號４樓,28.08,住,,,1111119,土地2建物1車位0,見其他登記事項,5,公寓(5樓含以下無電梯),國民住宅,鋼筋混凝土造,0720729,94.5,3,1,1,有,無,無,11000,116,,0.0,0,租賃期間自民國111年12月14日起至民國116年12月13日止．水費電費瓦斯費由承租人負擔．,RPVOMLOKKIHGFDC18CC
七堵區,建物,基隆市七堵區福五街２０６號底一層,0.0,其他,,,1111210,土地0建物1車位0,地下一層,5,華廈(10層含以下有電梯),商業用,鋼筋混凝土造,0850313,61.58,2,1,2,有,有,有,13500,219,,0.0,0,水電費、瓦斯費、網路費皆由承租人負擔。,RPPPMLOKKIHGFDC67CC
安樂區,建物,基隆市安樂區武聖街１５４號５樓,0.0,住,,,1111210,土地0建物1車位0,五層,5,公寓(5樓含以下無電梯),住家用,鋼筋混凝土造,0790523,96.74,3,2,1,有,無,有,8500,88,,0.0,0,水電費、瓦斯費、網路費皆由承租人負擔。,RPRPMLOKKIHGFDC87CC
暖暖區,建物,基隆市暖暖區八堵路１０號５樓,0.0,住,,,1111210,土地0建物1車位0,五層,5,公寓(5樓含以下無電梯),住家用,鋼筋混凝土造,0901004,154.01,3,2,2,有,無,有,12000,78,,0.0,0,水電費、瓦斯費、網路費皆由承租人負擔。,RPTPMLOKKIHGFDC08CC
仁愛區,建物,基隆市仁愛區南榮路４５５巷２０之２號,0.0,住,,,1111210,土地0建物1車位0,三層,4,公寓(5樓含以下無電梯),住家用,鋼筋混凝土加強磚造,0641007,76.44,3,2,1,有,無,有,12000,157,,0.0,0,水電費、瓦斯費、網路費皆由承租人負擔。,RPWPMLOKKIHGFDC38CC
安樂區,建物,基隆市安樂區安一路３７０巷４之３號,0.0,住,,,1111210,土地0建物1車位0,四層,4,公寓(5樓含以下無電梯),住家用,鋼筋混凝土加強磚造,0631213,69.95,3,2,2,有,無,有,8000,114,,0.0,0,水電費、瓦斯費、網路費皆由承租人負擔。,RPXPMLOKKIHGFDC48CC
仁愛區,建物,基隆市仁愛區南新街３１巷６之２號,0.0,住,,,1111210,土地0建物1車位0,三層,4,公寓(5樓含以下無電梯),住家用,鋼筋混凝土造,0710823,79.9,3,2,1,有,無,有,10000,125,,0.0,0,水電費、瓦斯費、網路費皆由承租人負擔。,RPOQMLOKKIHGFDC67CC
信義區,建物,基隆市信義區東峰街１６號２樓,0.0,住,,,1111210,土地0建物1車位0,二層,5,公寓(5樓含以下無電梯),住家用,鋼筋混凝土造,0821220,75.32,2,1,2,有,無,有,9000,119,,0.0,0,水電費、瓦斯費、網路費皆由承租人負擔。,RPPQMLOKKIHGFDC77CC
信義區,建物,基隆市信義區深澳坑路２之５號１５樓之２１,0.0,住,,,1111129,土地0建物1車位0,十五層,16,套房(1房1廳1衛),住家用,鋼筋混凝土造,0850426,46.83,1,0,1,有,有,有,8500,182,,0.0,0,水電瓦斯費及網路費均由承租人負擔。,RPVNMLPKKIHGFDC18CC
七堵區,建物,基隆市七堵區明德二路１５之５２號９樓之３,0.0,住,,,1111215,土地0建物1車位0,九層,12,住宅大樓(11層含以上有電梯),住家用,鋼筋混凝土造,0840801,139.14,4,1,2,有,有,有,15000,108,,0.0,0,,RPROMLPKKIHGFDC87CC
中正區,建物,基隆市中正區觀海街１９９號１１樓,0.0,住,,,1111214,土地0建物1車位0,十一層,16,住宅大樓(11層含以上有電梯),住家用,鋼筋混凝土造,0880114,32.14,0,0,0,無,有,有,8000,249,,0.0,0,,RPSOMLPKKIHGFDC97CC
中山區,建物,基隆市中山區中山二路８９巷４之４號,0.0,住,,,1111211,土地0建物1車位0,一層,5,公寓(5樓含以下無電梯),住家用,鋼筋混凝土造,0830620,102.81,2,1,1,有,無,有,7000,68,,0.0,0,水電費、瓦斯費、網路費皆由承租人負擔。,RPWOMLPKKIHGFDC38CC
中正區,建物,基隆市中正區新豐街１８８號１７樓,0.0,住,,,1111212,土地0建物1車位0,十七層,23,住宅大樓(11層含以上有電梯),住家用,鋼筋混凝土造,0851129,72.5,2,1,1,有,有,有,10500,145,,0.0,0,水電費、瓦斯費、網路費皆由承租人負擔。,RPXOMLPKKIHGFDC48CC
中山區,建物,基隆市中山區復興路２５９巷３２號５樓,0.0,住,,,1111212,土地0建物1車位0,五層,5,公寓(5樓含以下無電梯),住家用,鋼筋混凝土造,0830930,80.55,3,1,2,有,無,有,10000,124,,0.0,0,水電費、瓦斯費、網路費皆由承租人負擔。,RPOPMLPKKIHGFDC67CC
安樂區,建物,基隆市安樂區樂利二街６２巷２６７號１３樓,0.0,住,,,1111214,土地0建物1車位0,十三層,14,住宅大樓(11層含以上有電梯),住家用,鋼筋混凝土造,0881231,128.6,3,2,2,有,有,有,15000,117,,0.0,0,水電費、瓦斯費、網路費皆由承租人負擔。,RPVOMLQKKIHGFDC38CC
中山區,房地(土地+建物),基隆市中山區中山一路１５７之２號,21.3,商,,,1111213,土地2建物1車位0,三層,5,公寓(5樓含以下無電梯),住家用,鋼筋混凝土造,0690212,82.56,3,1,1,有,無,無,16000,194,,0.0,0,,RPSPMLQKKIHGFDC28DC
中正區,建物,基隆市中正區新豐街１８８號８樓,0.0,住,,,1111214,土地0建物1車位0,八層,23,住宅大樓(11層含以上有電梯),住家用,鋼筋混凝土造,0851129,114.28,2,1,1,有,有,有,10000,88,,0.0,0,,RPVNMLTKKIHGFDC58CC
中山區,建物,基隆市中山區復興路２５９巷３８號５樓,0.0,住,,,1111208,土地0建物1車位0,五層,5,公寓(5樓含以下無電梯),住家用,鋼筋混凝土造,0840512,83.91,3,2,2,有,無,有,12000,143,,0.0,0,每月水電瓦斯、網路費由承租人另外負擔。,RPXPMLTKKIHGFDC98CC
中正區,建物,基隆市中正區新豐街３０３巷１１弄３３號５樓,0.0,住,,,1111212,土地0建物1車位0,五層,7,華廈(10層含以下有電梯),住家用,鋼筋混凝土造,0830429,118.99,2,1,2,有,有,有,13000,109,,0.0,0,每月水電瓦斯、網路費由承租人另外負擔。,RPOQMLTKKIHGFDC18CC
暖暖區,房地(土地+建物)+車位,基隆市暖暖區源遠路２２６巷７０號４樓,14.96,住,,,1111212,土地1建物2車位1,四層,12,住宅大樓(11層含以上有電梯),集合住宅,鋼筋混凝土造,1020329,96.6,2,2,1,有,有,有,18000,186,坡道機械,0.0,0,,RPROMLKLKIHGFDC47CC
中正區,建物,基隆市中正區觀海街８７號１２樓,0.0,住,,,1111220,土地0建物1車位0,十二層,15,住宅大樓(11層含以上有電梯),住家用,鋼筋混凝土造,0880114,153.44,3,2,2,有,有,有,18500,121,,0.0,0,,RPVPMLKLKIHGFDC97CC
中正區,建物,基隆市中正區新豐街１８４號３樓,0.0,住,,,1111220,土地0建物1車位0,三層,23,住宅大樓(11層含以上有電梯),住家用,鋼筋混凝土造,0851129,32.7,0,0,0,無,有,有,6500,199,,0.0,0,,RPXPMLKLKIHGFDC18CC
七堵區,建物,基隆市七堵區百三街１１８之２號,0.0,住,,,1111201,土地0建物1車位0,三層,4,公寓(5樓含以下無電梯),住家用,鋼筋混凝土造,0680315,75.52,4,1,1,有,無,有,13000,172,,0.0,0,水電費、瓦斯費、網路費皆由承租人負擔。,RPPQMLKLKIHGFDC47CC
中正區,建物,基隆市中正區正濱路１１６巷５弄１１號２樓,0.0,住,,,1111215,土地0建物1車位0,二層,5,公寓(5樓含以下無電梯),住家用,鋼筋混凝土造,0830719,95.33999999999999,3,2,1,有,無,有,12600,132,,0.0,0,,RPUNMLLLKIHGFDC77CC
仁愛區,建物,基隆市仁愛區成功一路１１８巷１５弄２之２號,0.0,其他,,,1111215,土地0建物1車位0,三層,5,公寓(5樓含以下無電梯),住家用,鋼筋混凝土造,0690121,89.12,3,2,1,有,無,有,10000,112,,0.0,0,水電費、瓦斯費、網路費皆由承租人負擔。,RPQOMLLLKIHGFDC47CC
暖暖區,建物,基隆市暖暖區碇內街４１６號２樓,0.0,住,,,1111213,土地0建物1車位0,二層,6,華廈(10層含以下有電梯),住家用,鋼筋混凝土造,0840808,82.05000000000001,3,1,1,有,有,有,10000,122,,0.0,0,水電費、瓦斯費、網路費皆由承租人負擔。,RPSOMLLLKIHGFDC67CC
七堵區,建物,基隆市七堵區東新街７３巷６０弄１１之１號,0.0,住,,,1111210,土地0建物1車位0,二層,4,公寓(5樓含以下無電梯),住家用,鋼筋混凝土加強磚造,0670615,67.37,3,2,1,有,無,有,10000,148,,0.0,0,水電費、瓦斯費、網路費皆由承租人負擔。,RPUOMLLLKIHGFDC87CC
仁愛區,建物,基隆市仁愛區愛四路２８巷１１之２號,0.0,商,,,1111219,土地0建物1車位0,三層,5,公寓(5樓含以下無電梯),住家用,鋼筋混凝土造,0680118,103.94,7,1,1,有,無,有,8500,82,,0.0,0,水電費、瓦斯費、網路費皆由承租人負擔。,RPQPMLLLKIHGFDC57CC
信義區,建物,基隆市信義區東明路１４５之３號,0.0,商,,,1111215,土地0建物1車位0,四層,4,公寓(5樓含以下無電梯),住家用,加強磚造,0590721,68.1,2,2,2,有,無,有,12000,176,,0.0,0,水電費、瓦斯費、網路費皆由承租人負擔。,RPRPMLLLKIHGFDC67CC
中正區,建物,基隆市中正區調和街２９６號八樓,0.0,住,,,1111123,土地0建物1車位0,八層,14,住宅大樓(11層含以上有電梯),集合住宅,鋼筋混凝土造,1080212,144.06,3,2,2,有,有,有,19800,137,,0.0,0,水電費、瓦斯費、網路費皆由承租人負擔。,RPPOMLMLKIHGFDC47CC
信義區,建物,基隆市信義區信二路２４６巷３號,0.0,住,,,1111215,土地0建物1車位0,一層,5,公寓(5樓含以下無電梯),國民住宅,鋼筋混凝土造,0720729,93.23,3,2,2,有,無,有,15000,161,,0.0,0,,RPPPMLMLKIHGFDC57CC
信義區,建物,基隆市信義區深澳坑路１６８巷４８弄２２號４樓,0.0,住,,,1111219,土地0建物1車位0,四層,4,公寓(5樓含以下無電梯),住宅（夾層）儲藏室,鋼筋混凝土造,0840610,109.32,3,2,2,有,有,有,8000,73,,0.0,0,水電費、瓦斯費、網路費及每月管理費200元皆由承租人負擔。,RPSPMLMLKIHGFDC87CC
安樂區,建物,基隆市安樂區中和路８５巷２８號１０樓之３,0.0,其他,,,1111209,土地0建物1車位0,十層,11,住宅大樓(11層含以上有電梯),住家用,鋼筋混凝土造,0860508,85.84,3,2,2,有,有,有,15000,175,,0.0,0,水電費、瓦斯費、網路費及每月管理費1000元皆由承租人負擔。,RPROMLNLKIHGFDC77CC
暖暖區,建物,基隆市暖暖區碇內街４３８號２樓,0.0,住,,,1111210,土地0建物1車位0,二層,6,華廈(10層含以下有電梯),住家用,鋼筋混凝土造,0840808,99.2,3,2,2,有,有,有,12000,121,,0.0,0,水電費、瓦斯費、網路費及每月管理費500元皆由承租人負擔。,RPSOMLNLKIHGFDC87CC
信義區,建物,基隆市信義區義七路９巷４之１號,0.0,商,,,1111212,土地0建物1車位0,二層,4,公寓(5樓含以下無電梯),住家用,鋼筋混凝土加強磚造,0601217,83.27,2,1,2,有,無,有,15000,180,,0.0,0,水電費、瓦斯費、網路費皆由承租人負擔。,RPTOMLNLKIHGFDC97CC
七堵區,建物,基隆市七堵區百三街７２號２樓,0.0,住,,,1111215,土地0建物1車位0,二層,4,公寓(5樓含以下無電梯),住家用,鋼筋混凝土造,0941229,76.89,1,2,1,有,無,有,10000,130,,0.0,0,水電費、瓦斯費、網路費皆由承租人負擔。,RPORMLQLKIHGFDC08CC
仁愛區,建物,基隆市仁愛區成功一路５４號５樓,0.0,商,,,1111215,土地0建物1車位0,五層,5,套房(1房1廳1衛),住家用,鋼筋混凝土造,0900424,42.46,1,1,1,有,無,有,5500,130,,0.0,0,水電費、瓦斯費、網路費皆由承租人負擔。,RPSRMLQLKIHGFDC48CC
仁愛區,建物,基隆市仁愛區成功一路５４號４樓,0.0,商,,,1111220,土地0建物1車位0,四層,5,套房(1房1廳1衛),住家用,鋼筋混凝土造,0900424,42.46,1,1,1,有,無,有,7500,177,,0.0,0,水電費、瓦斯費、網路費皆由承租人負擔。,RPXRMLQLKIHGFDC98CC
安樂區,建物,基隆市安樂區基金一路１２１巷３８之５號１樓,0.0,住,,,1111219,土地0建物1車位0,一層,5,公寓(5樓含以下無電梯),住家用,鋼筋混凝土造,0850503,73.30000000000001,3,2,1,有,無,有,10000,136,,0.0,0,水電費、瓦斯費、網路費皆由承租人負擔。,RPOSMLQLKIHGFDC18CC
安樂區,建物,基隆市安樂區安樂路一段６９巷３６號３樓,0.0,住,,,1111222,土地0建物1車位0,三層,5,公寓(5樓含以下無電梯),住家用,鋼筋混凝土造,0710825,65.97,2,2,1,有,無,有,6500,99,,0.0,0,水電費、瓦斯費、網路費皆由承租人負擔。,RPPSMLQLKIHGFDC28CC
信義區,建物,基隆市信義區深澳坑路１６６之６號７樓,0.0,住,,,1111218,土地0建物1車位0,七層,10,套房(1房1廳1衛),住家用,鋼筋混凝土造,0840127,50.68,1,0,1,有,有,有,9200,182,,0.0,0,每月水電瓦斯、網路費由承租人另外負擔。,RPWNMLRLKIHGFDC58CC
中正區,建物,基隆市中正區中正路３３５號５樓,0.0,其他,,,1111223,土地0建物1車位0,五層,14,住宅大樓(11層含以上有電梯),住家用,鋼骨鋼筋混凝土造,0960806,91.32000000000001,2,2,1,有,有,有,18000,197,,0.0,0,,RPOOMLRLKIHGFDC87CC
暖暖區,建物,基隆市暖暖區碇內街３６４號２樓,0.0,住,,,1111218,土地0建物1車位0,二層,6,華廈(10層含以下有電梯),住家用,鋼筋混凝土造,0840808,82.68,2,1,1,有,有,有,9300,112,,0.0,0,水電瓦斯、網路費及每月管理費700元由承租人另外負擔。,RPPOMLRLKIHGFDC97CC
中正區,建物,基隆市中正區中正路２６４巷１４之４號,0.0,商,,,1111216,土地0建物1車位0,五層,5,公寓(5樓含以下無電梯),住家用,鋼筋混凝土造,0700727,69.53,2,2,1,有,無,有,12000,173,,0.0,0,,RPQOMLRLKIHGFDC08CC
安樂區,建物,基隆市安樂區麥金路１４７之２號５樓,0.0,住,,,1111217,土地0建物1車位0,五層,13,住宅大樓(11層含以上有電梯),住家用,鋼筋混凝土造,0860718,102.96000000000001,3,2,1,有,有,有,14000,136,,0.0,0,每月水電瓦斯、網路費由承租人另外負擔。,RPROMLRLKIHGFDC18CC
七堵區,建物,基隆市七堵區福一街１７２巷１６號３樓,0.0,住,,,1111218,土地0建物1車位0,三層,5,公寓(5樓含以下無電梯),住家用,鋼筋混凝土造,0820306,110.84,3,2,2,有,無,有,13500,122,,0.0,0,每月水電瓦斯、網路費由承租人另外負擔。,RPSOMLRLKIHGFDC28CC
中山區,建物,基隆市中山區復旦路１５巷８之５號三樓,0.0,住,,,1111216,土地0建物1車位0,三層,5,公寓(5樓含以下無電梯),住家用,鋼筋混凝土造,0780408,116.22999999999999,3,2,2,有,無,有,10000,86,,0.0,0,水電費、瓦斯費、網路費皆由承租人負擔。,RPXOMLSLKIHGFDC88CC
安樂區,建物,基隆市安樂區安樂路二段１２６之５號,0.0,商,,,1111215,土地0建物1車位0,六層,8,華廈(10層含以下有電梯),住家用,鋼筋混凝土造,0690501,111.98,3,1,1,有,有,有,13500,121,,0.0,0,水電費、瓦斯費、網路費皆由承租人負擔。,RPOPMLTLKIHGFDC18CC
安樂區,建物,基隆市安樂區麥金路１９１號１０樓,0.0,住,,,1111218,土地0建物1車位0,十層,15,住宅大樓(11層含以上有電梯),住家用,鋼筋混凝土造,0860718,139.51999999999998,4,2,2,有,有,有,15000,108,,0.0,0,水電費、瓦斯費、網路費及每月管理費1310元皆由承租人負擔。,RPPPMLTLKIHGFDC28CC
安樂區,建物,基隆市安樂區中和路８５巷４２號１１樓之３,0.0,其他,,,1111219,土地0建物1車位0,見其他登記事項,22,住宅大樓(11層含以上有電梯),住家用,鋼筋混凝土造,0860508,113.91,2,2,2,有,有,有,12000,105,,0.0,0,水電費、瓦斯費、網路費皆由承租人負擔。,RPQPMLTLKIHGFDC38CC
安樂區,建物,基隆市安樂區麥金路７７９號３樓,0.0,住,,,1111219,土地0建物1車位0,三層,12,住宅大樓(11層含以上有電梯),住家用,鋼筋混凝土造,0840622,98.76,3,1,1,有,有,有,10000,101,,0.0,0,水電費、瓦斯費、網路費及每月管理費1015元皆由承租人負擔。,RPSPMLTLKIHGFDC58CC
仁愛區,建物,基隆市仁愛區崇安街８４號５樓,0.0,商,,,1111219,土地0建物1車位0,五層,5,公寓(5樓含以下無電梯),住家用,鋼筋混凝土造,0730814,43.84,2,1,1,有,無,有,7000,160,,0.0,0,水電費、瓦斯費、網路費皆由承租人負擔。,RPTPMLTLKIHGFDC68CC
暖暖區,建物,基隆市暖暖區過港路２３６之４號,0.0,住,,,1111224,土地0建物1車位0,五層,5,公寓(5樓含以下無電梯),住家用,鋼筋混凝土造,0710428,84.0,3,1,1,有,無,有,8000,95,,0.0,0,水電瓦斯費及網路費均由承租人負擔。,RPVNMLKMKIHGFDC87CC
中山區,建物,基隆市中山區復興路２５９巷３９號４樓,0.0,住,,,1111201,土地0建物1車位0,四層,5,公寓(5樓含以下無電梯),住家用,鋼筋混凝土造,0831003,153.16,3,2,2,有,無,有,10000,65,,0.0,0,,RPOPMLKMKIHGFDC37CC
信義區,建物,基隆市信義區深澳坑路１６８巷４８弄２５號４樓,0.0,住,,,1111211,土地0建物1車位0,四層,4,公寓(5樓含以下無電梯),住宅（夾層）儲藏室,鋼筋混凝土造,0840610,110.6,2,1,2,有,無,有,8000,72,,0.0,0,水電費、瓦斯費、網路費皆由承租人負擔。,RPPPMLKMKIHGFDC47CC
中正區,建物,基隆市中正區中船路５巷１４號２樓,0.0,商,,,1111219,土地0建物1車位0,二層,4,公寓(5樓含以下無電梯),住家用,鋼筋混凝土加強磚造,0630516,55.1,2,2,1,有,無,有,9000,163,,0.0,0,水電費、瓦斯費、網路費皆由承租人負擔。,RPSPMLKMKIHGFDC77CC
安樂區,建物,基隆市安樂區武崙街２０２之１號２樓,0.0,住,,,1111215,土地0建物1車位0,二層,4,公寓(5樓含以下無電梯),集合住宅,鋼筋混凝土造,1101229,85.46,2,2,1,有,無,有,15000,176,,0.0,0,水電費、瓦斯費、網路費皆由承租人負擔。,RPTPMLKMKIHGFDC87CC
安樂區,建物,基隆市安樂區新西街６之１號,0.0,住,,,1111219,土地0建物1車位0,一層,3,套房(1房1廳1衛),,鋼筋混凝土造,0651202,23.6,1,1,1,有,無,有,10000,424,,0.0,0,水電費、瓦斯費、網路費皆由承租人負擔。,RPUPMLKMKIHGFDC97CC
中正區,建物,基隆市中正區新豐街４５２-３號５樓,0.0,住,,,1111222,土地0建物1車位0,五層,18,住宅大樓(11層含以上有電梯),住家用,鋼筋混凝土造,0861121,118.07,3,2,2,有,有,有,15000,127,,0.0,0,含管理費,RPPNMLMJJHIGFDC07CC
中山區,建物,基隆市中山區復興路２３０巷２６弄４之３號,0.0,住,,,1111225,土地0建物1車位0,四層,4,公寓(5樓含以下無電梯),住家用,鋼筋混凝土造,0690717,105.39,3,2,2,有,無,有,13500,128,,0.0,0,,RPUOMLNJJHIGFDC77CC
信義區,房地(土地+建物),基隆市信義區信二路１０７號２樓,35.37,其他,,,1111229,土地2建物1車位0,二層,5,公寓(5樓含以下無電梯),住家用,鋼筋混凝土造,0721008,95.7,3,2,2,有,無,無,10000,104,,0.0,0,,RPSOMLNJJHIGFDC67DC
安樂區,建物,基隆市安樂區麥金路１８１之２號１２樓,0.0,住,,,1111221,土地0建物1車位0,十二層,12,住宅大樓(11層含以上有電梯),住家用,鋼筋混凝土造,0860718,32.77,0,0,0,無,有,有,8000,244,,0.0,0,,RPOPMLOJJHIGFDC37CC
信義區,建物,基隆市信義區深澳坑路２之５號５樓之８,0.0,住,,,1111212,土地0建物1車位0,五層,16,套房(1房1廳1衛),住家用,鋼筋混凝土造,0850426,40.29,1,0,1,有,有,有,7000,174,,0.0,0,水電費、瓦斯費、網路費及每月管理費485元皆由承租人負擔。,RPQPMLOJJHIGFDC57CC
信義區,建物,基隆市信義區培德路１４巷２２之５號５樓,0.0,其他,,,1111218,土地0建物1車位0,五層,5,公寓(5樓含以下無電梯),住家用,鋼筋混凝土造,0780605,117.42999999999999,4,2,2,有,無,有,9000,77,,0.0,0,水電費、瓦斯費、網路費皆由承租人負擔。,RPSPMLOJJHIGFDC77CC
七堵區,建物,基隆市七堵區福五街１７２之３號４樓,0.0,住,,,1111219,土地0建物1車位0,四層,5,公寓(5樓含以下無電梯),住家用,鋼筋混凝土造,0831018,85.28999999999999,2,1,1,有,無,有,11000,129,,0.0,0,水電費、瓦斯費、網路費皆由承租人負擔。,RPTPMLOJJHIGFDC87CC
中正區,建物,基隆市中正區調和街１巷３號９樓,0.0,商,,,1111221,土地0建物1車位0,九層,9,華廈(10層含以下有電梯),住家用,鋼筋混凝土造,0841006,133.57,3,2,2,有,有,有,10500,79,,0.0,0,水電費、瓦斯費、網路費皆由承租人負擔。,RPVPMLOJJHIGFDC08CC
中山區,建物,基隆市中山區通仁街６號,0.0,住,,,1111221,土地0建物1車位0,一層,5,公寓(5樓含以下無電梯),住家用,鋼筋混凝土造,0640508,97.17,3,2,2,有,無,有,13000,134,,0.0,0,水電費、瓦斯費、網路費皆由承租人負擔。,RPWPMLOJJHIGFDC18CC
七堵區,建物,基隆市七堵區東新街４巷７號,0.0,商,,,1111221,土地0建物1車位0,一層,4,公寓(5樓含以下無電梯),商業用,鋼筋混凝土造,0690722,77.07,2,1,1,有,無,有,10000,130,,0.0,0,水電費、瓦斯費、網路費皆由承租人負擔。,RPOQMLOJJHIGFDC47CC
仁愛區,建物,基隆市仁愛區愛六路１７號二樓之１,0.0,商,,,1111222,土地0建物1車位0,二層,5,公寓(5樓含以下無電梯),住家用,鋼筋混凝土造,0691212,82.68,3,2,1,有,無,有,13000,157,,0.0,0,水電費、瓦斯費、網路費皆由承租人負擔。,RPRQMLOJJHIGFDC77CC
中正區,建物,基隆市中正區觀海街８８號１３樓,0.0,住,,,1111223,土地0建物1車位0,十三層,16,住宅大樓(11層含以上有電梯),住家用,鋼筋混凝土造,0880114,70.67,2,1,2,有,有,有,10000,142,,0.0,0,水電費、瓦斯費、網路費皆由承租人負擔。,RPUQMLOJJHIGFDC08CC
七堵區,建物,基隆市七堵區福二街１３６之１號,0.0,住,,,1111224,土地0建物1車位0,二層,5,公寓(5樓含以下無電梯),住家用,鋼筋混凝土造,0711126,75.61,2,1,1,有,無,有,10000,132,,0.0,0,水電費、瓦斯費、網路費皆由承租人負擔。,RPVQMLOJJHIGFDC18CC
中山區,建物,基隆市中山區復興路３８９之２號,0.0,住,,,1111226,土地0建物1車位0,三層,4,公寓(5樓含以下無電梯),住家用,鋼筋混凝土造,0660520,71.04,4,1,4,有,無,有,12000,169,,0.0,0,每月水電瓦斯、網路費由承租人另外負擔。,RPXQMLOJJHIGFDC38CC
中山區,建物,基隆市中山區復興路２６５之３號,0.0,住,,,1111221,土地0建物1車位0,四層,4,公寓(5樓含以下無電梯),住家用,鋼筋混凝土造,0690930,65.8,3,1,1,有,無,有,13500,205,,0.0,0,每月水電瓦斯、網路費由承租人另外負擔。,RPQOMLPJJHIGFDC57CC
信義區,建物,基隆市信義區東明路３９巷４５之１５號,0.0,住,,,1111220,土地0建物1車位0,四層,4,公寓(5樓含以下無電梯),住家用,鋼筋混凝土加強磚造,0660108,71.78,2,1,1,有,無,有,6500,91,,0.0,0,水電費、瓦斯費、網路費皆由承租人負擔。,RPUOMLPJJHIGFDC97CC
安樂區,建物,基隆市安樂區麥金路４２１巷１１５之３號,0.0,其他,,,1111221,土地0建物1車位0,四層,5,公寓(5樓含以下無電梯),國民住宅,鋼筋混凝土造,0670809,61.41,3,1,1,有,無,有,8000,130,,0.0,0,水電費、瓦斯費、網路費皆由承租人負擔。,RPVOMLPJJHIGFDC08CC
仁愛區,建物,基隆市仁愛區南榮路４５５巷２０之１號,0.0,住,,,1111231,土地0建物1車位0,二層,4,公寓(5樓含以下無電梯),住家用,鋼筋混凝土加強磚造,0641007,76.44,3,2,1,有,無,有,13500,177,,0.0,0,水電費、瓦斯費、網路費皆由承租人負擔。,RPWOMLPJJHIGFDC18CC
仁愛區,建物,基隆市仁愛區華一街１８號１１樓,0.0,住,,,1111228,土地0建物1車位0,十一層,14,住宅大樓(11層含以上有電梯),集合住宅,鋼筋混凝土造,0860630,156.08,3,2,2,有,有,有,12000,77,,0.0,0,水電費、瓦斯費、網路費及每月管理費300元皆由承租人負擔。,RPOPMLPJJHIGFDC47CC
信義區,建物,基隆市信義區深澳坑路２之５號４樓之２,0.0,住,,,1111224,土地0建物1車位0,四層,16,套房(1房1廳1衛),住家用,鋼筋混凝土造,0850426,41.55,1,0,1,有,有,有,7000,168,,0.0,0,水電費、瓦斯費、網路費皆由承租人負擔。,RPROMLQJJHIGFDC77CC
中正區,建物,基隆市中正區中正路６５６巷４７號,0.0,住,,,1111226,土地0建物1車位0,一層,4,公寓(5樓含以下無電梯),住家用,鋼筋混凝土加強磚造,0630723,62.78,3,1,1,有,無,有,12000,191,,0.0,0,水電費、瓦斯費、網路費皆由承租人負擔。,RPSOMLQJJHIGFDC87CC
安樂區,建物,基隆市安樂區麥金路５２６之２號,0.0,住,,,1120101,土地0建物1車位0,三層,5,公寓(5樓含以下無電梯),國民住宅,鋼筋混凝土造,0670809,48.64,2,1,1,有,無,有,7000,144,,0.0,0,水電費、瓦斯費、網路費皆由承租人負擔。,RPTOMLQJJHIGFDC97CC
安樂區,建物,基隆市安樂區樂利二街６２巷７７號４樓,0.0,住,,,1120102,土地0建物1車位0,四層,7,華廈(10層含以下有電梯),住家用,鋼筋混凝土造,0841002,147.12,3,2,2,有,有,有,13500,92,,0.0,0,水電費、瓦斯費、網路費皆由承租人負擔。,RPUOMLQJJHIGFDC08CC
安樂區,建物,基隆市安樂區樂利三街２８巷１３之３號,0.0,其他,,,1111228,土地0建物1車位0,四層,4,公寓(5樓含以下無電梯),住家用,鋼筋混凝土造,0710220,88.99,3,1,2,有,無,有,11000,124,,0.0,0,水電費、瓦斯費、網路費皆由承租人負擔。,RPVOMLQJJHIGFDC18CC
安樂區,建物,基隆市安樂區樂利三街５７號９樓之４,0.0,住,,,1111228,土地0建物1車位0,九層,20,套房(1房1廳1衛),住家用,鋼筋混凝土造,0860117,28.52,1,0,1,有,有,有,8000,281,,0.0,0,水電費、瓦斯費、網路費及每月管理費388元皆由承租人負擔。,RPWOMLQJJHIGFDC28CC
安樂區,建物,基隆市安樂區麥金路１９１號６樓,0.0,住,,,1111228,土地0建物1車位0,六層,15,住宅大樓(11層含以上有電梯),住家用,鋼筋混凝土造,0860718,139.51999999999998,3,1,2,有,有,有,19800,142,,0.0,0,水電費、瓦斯費、網路費及每月管理費1260元皆由承租人負擔。,RPXOMLQJJHIGFDC38CC
仁愛區,建物,基隆市仁愛區劉銘傳路４５巷５號,0.0,住,,,1111230,土地0建物1車位0,一層,4,公寓(5樓含以下無電梯),住家用,鋼筋混凝土造,0601231,71.79,4,1,1,有,無,有,10000,139,,0.0,0,水電費、瓦斯費、網路費皆由承租人負擔。,RPOPMLQJJHIGFDC57CC
中正區,建物,基隆市中正區武昌街８０之２號,0.0,住,,,1111228,土地0建物1車位0,三層,5,公寓(5樓含以下無電梯),住家用,鋼筋混凝土造,0700619,82.29,3,1,1,有,無,有,12000,146,,0.0,0,水電費、瓦斯費、網路費皆由承租人負擔。,RPPPMLQJJHIGFDC67CC
信義區,建物,基隆市信義區深溪路５５巷５０號５樓之３,0.0,住,,,1111229,土地0建物1車位0,五層,7,套房(1房1廳1衛),住家用,鋼筋混凝土造,0880122,28.02,1,0,1,有,有,有,6200,221,,0.0,0,水電費、瓦斯費、網路費皆由承租人負擔。,RPRPMLQJJHIGFDC87CC
中山區,建物,基隆市中山區中山二路８９巷２之１號,0.0,住,,,1111230,土地0建物1車位0,一層,5,公寓(5樓含以下無電梯),住家用,鋼筋混凝土造,0830620,118.75,4,2,2,有,無,有,12000,101,,0.0,0,水電瓦斯費及網路費均由承租人負擔。,RPUPMLQJJHIGFDC18CC
暖暖區,建物,基隆市暖暖區東勢街２６巷４５號４樓,0.0,住,,,1111230,土地0建物1車位0,四層,4,公寓(5樓含以下無電梯),住家用,鋼筋混凝土造,0810704,93.45,4,2,2,有,無,有,13000,139,,0.0,0,水電瓦斯費及網路費均由承租人負擔。,RPWPMLQJJHIGFDC38CC
中正區,建物,基隆市中正區觀海街１０５號７樓,0.0,住,,,1111227,土地0建物1車位0,七層,15,住宅大樓(11層含以上有電梯),住家用,鋼筋混凝土造,0880114,162.78,3,2,2,有,有,有,15000,92,,0.0,0,水電瓦斯費及網路費均由承租人負擔。,RPOQMLQJJHIGFDC67CC
中正區,建物,基隆市中正區新豐街３０３巷１１弄３號４樓,0.0,住,,,1111218,土地0建物1車位0,四層,5,公寓(5樓含以下無電梯),住家用,鋼筋混凝土造,0851119,104.89,3,2,1,有,無,有,11000,105,,0.0,0,水電費、瓦斯費、網路費皆由承租人負擔。,RPQQMLQJJHIGFDC87CC
安樂區,建物,基隆市安樂區安一路３３９號,0.0,住,,,1111230,土地0建物1車位0,一層,4,公寓(5樓含以下無電梯),住商用,鋼筋混凝土造,0720712,99.93,2,1,1,有,無,有,8000,80,,0.0,0,水電瓦斯費及網路費均由承租人負擔。,RPRQMLQJJHIGFDC97CC
中正區,建物,基隆市中正區中正路６４０巷２６之２號,0.0,住,,,1111223,土地0建物1車位0,三層,5,公寓(5樓含以下無電梯),住家用,鋼筋混凝土造,0691212,79.84,3,2,2,有,無,有,11000,138,,0.0,0,水電費、瓦斯費、網路費皆由承租人負擔。,RPSQMLQJJHIGFDC08CC
安樂區,建物,基隆市安樂區安一路３３９號底一層,0.0,住,,,1111230,土地0建物1車位0,地下一層,4,公寓(5樓含以下無電梯),住家用,鋼筋混凝土造,0720712,99.93,2,1,1,有,無,有,8000,80,,0.0,0,水電瓦斯費及網路費均由承租人負擔。,RPTQMLQJJHIGFDC18CC
中正區,建物,基隆市中正區觀海街２０５號２樓,0.0,住,,,1111223,土地0建物1車位0,二層,16,住宅大樓(11層含以上有電梯),住家用,鋼筋混凝土造,0880114,74.39999999999999,2,1,2,有,有,有,12000,161,,0.0,0,水電費、瓦斯費、網路費皆由承租人負擔。,RPXQMLQJJHIGFDC58CC
中正區,建物,基隆市中正區祥豐街３５３號２樓,0.0,住,,,1111231,土地0建物1車位0,二層,5,公寓(5樓含以下無電梯),住家用,鋼筋混凝土造,0720803,107.24,4,1,1,有,無,有,15000,140,,0.0,0,水電費、瓦斯費、網路費皆由承租人負擔。,RPQRMLQJJHIGFDC97CC
中正區,建物,基隆市中正區北寧路３２５號底層,0.0,其他,,,1111223,土地0建物1車位0,地下層,5,公寓(5樓含以下無電梯),住家用,鋼筋混凝土造,0690730,53.32,3,1,1,有,無,有,10000,188,,0.0,0,每月水電瓦斯、網路費由承租人另外負擔。,RPURMLQJJHIGFDC38CC
信義區,建物,基隆市信義區東明路３９巷１０號５樓,0.0,商,,,1111224,土地0建物1車位0,五層,5,公寓(5樓含以下無電梯),住家用,鋼筋混凝土造,0720804,114.24,3,2,1,有,無,有,10000,88,,0.0,0,水電瓦斯費及網路費均由承租人負擔。,RPSNMLRJJHIGFDC87CC
中山區,建物,基隆市中山區中山三路１０３巷１３４號,0.0,住,,,1120106,土地0建物1車位0,一層,4,公寓(5樓含以下無電梯),住家用,鋼筋混凝土造,0801115,95.13,3,1,2,有,無,有,12000,126,,0.0,0,,RPUNMLRJJHIGFDC08CC
中山區,建物,基隆市中山區華興街５３巷７號６樓之６,0.0,住,,,1120103,土地0建物1車位0,六層,8,華廈(10層含以下有電梯),住家用,鋼筋混凝土造,0960131,115.35,2,2,2,有,有,有,13000,113,,0.0,0,水電瓦斯費、網路費及每月管理費1150元均由承租人負擔。,RPVNMLRJJHIGFDC18CC
中正區,建物,基隆市中正區義二路１８５之４號,0.0,商,,,1111230,土地0建物1車位0,五層,6,公寓(5樓含以下無電梯),住家用,鋼筋混凝土加強磚造,0660715,60.93,2,1,1,有,無,有,6600,108,,0.0,0,水電費、瓦斯費、網路費皆由承租人負擔。,RPOOMLRJJHIGFDC57CC
仁愛區,建物,基隆市仁愛區南新街３１巷１之２號,0.0,住,,,1111230,土地0建物1車位0,三層,4,套房(1房1廳1衛),住家用,加強磚造,0600921,68.4,1,1,1,有,無,有,10500,154,,0.0,0,水電費、瓦斯費、網路費皆由承租人負擔。,RPPOMLRJJHIGFDC67CC
仁愛區,建物,基隆市仁愛區南榮路４５５巷３４之３號,0.0,住,,,1111230,土地0建物1車位0,四層,4,公寓(5樓含以下無電梯),住家用,鋼筋混凝土加強磚造,0641007,77.41,3,2,1,有,無,有,15000,194,,0.0,0,水電費、瓦斯費、網路費皆由承租人負擔。,RPTOMLRJJHIGFDC08CC
中正區,建物,基隆市中正區新豐街１６２巷２號３樓,0.0,住,,,1111229,土地0建物1車位0,三層,9,華廈(10層含以下有電梯),集合住宅,鋼筋混凝土造,1101014,153.73000000000002,3,1,2,有,有,有,18000,117,,0.0,0,水電費、瓦斯費、網路費皆由承租人負擔。,RPUOMLRJJHIGFDC18CC
暖暖區,建物,基隆市暖暖區源遠路２８巷２號４樓,0.0,住,,,1111228,土地0建物1車位0,四層,5,公寓(5樓含以下無電梯),住家用,鋼筋混凝土造,0841218,67.53,2,2,1,有,無,有,6500,96,,0.0,0,水電費、瓦斯費、網路費皆由承租人負擔。,RPVOMLRJJHIGFDC28CC
安樂區,建物,基隆市安樂區麥金路３２１號１７樓,0.0,住,,,1111229,土地0建物1車位0,十七層,18,住宅大樓(11層含以上有電梯),集合住宅,鋼筋混凝土造,1050124,134.13,3,2,2,有,有,有,18000,134,,0.0,0,水電費、瓦斯費、網路費皆由承租人負擔。,RPWOMLRJJHIGFDC38CC
仁愛區,建物,基隆市仁愛區南榮路２１５之５號,0.0,其他,,,1111230,土地0建物1車位0,六層,6,公寓(5樓含以下無電梯),住家用,鋼筋混凝土造,0701228,70.79,2,1,1,有,無,有,8000,113,,0.0,0,水電費、瓦斯費、網路費皆由承租人負擔。,RPWOMLKKJHIGFDC77CC
中正區,建物,基隆市中正區觀海街１１０號２樓,0.0,住,,,1120102,土地0建物1車位0,二層,16,住宅大樓(11層含以上有電梯),住家用,鋼筋混凝土造,0880114,130.8,4,2,2,有,有,有,13500,103,,0.0,0,水電費、瓦斯費、網路費皆由承租人負擔。,RPXOMLKKJHIGFDC87CC
中山區,建物,基隆市中山區華興街５３巷７號３樓之１０,0.0,住,,,1120109,土地0建物1車位0,三層,8,華廈(10層含以下有電梯),住家用,鋼筋混凝土造,0960131,119.52,3,1,2,有,有,有,15000,126,,0.0,0,,RPORMLLKJHIGFDC37CC
暖暖區,建物,基隆市暖暖區過港路９８之１號３樓,0.0,住,,,1120103,土地0建物1車位0,三層,5,華廈(10層含以下有電梯),集合住宅,鋼筋混凝土造,1071025,105.60000000000001,3,1,2,有,有,有,15000,142,,0.0,0,水電費、瓦斯費、網路費皆由承租人負擔。,RPPRMLLKJHIGFDC47CC
安樂區,建物,基隆市安樂區樂利三街３２巷１０弄２１之２號,0.0,住,,,1120103,土地0建物1車位0,三層,4,公寓(5樓含以下無電梯),住家用,鋼筋混凝土造,0701116,83.1,3,1,1,有,無,有,10000,120,,0.0,0,水電費、瓦斯費、網路費皆由承租人負擔。,RPQRMLLKJHIGFDC57CC
安樂區,建物,基隆市安樂區樂一路５４巷１３號,0.0,住,,,1120105,土地0建物1車位0,全,1,透天厝,住家用,磚造,0400301,53.16,2,1,1,有,無,有,10000,188,,0.0,0,水電費、瓦斯費、網路費皆由承租人負擔。,RPXNMLMKJHIGFDC97CC
七堵區,建物,基隆市七堵區明德二路１巷１２０之１號,0.0,住,,,1120105,土地0建物1車位0,二層,5,公寓(5樓含以下無電梯),住家用,鋼筋混凝土造,0740729,86.73,3,1,2,有,無,有,12000,138,,0.0,0,水電費、瓦斯費、網路費皆由承租人負擔。,RPOOMLMKJHIGFDC17CC
中山區,建物,基隆市中山區西定路３６８巷１２號,0.0,住,,,1120104,土地0建物1車位0,一層,2,套房(1房1廳1衛),住家用,加強磚造,0581217,51.21,1,1,1,有,無,有,5000,98,,0.0,0,水電費、瓦斯費、網路費皆由承租人負擔。,RPPOMLMKJHIGFDC27CC
中正區,建物,基隆市中正區中正路２１２之１號４樓,0.0,住,,,1120105,土地0建物1車位0,四層,4,公寓(5樓含以下無電梯),住家用,鋼筋混凝土加強磚造,0601213,107.4,2,1,1,有,無,有,13500,126,,0.0,0,水電費、瓦斯費、網路費皆由承租人負擔。,RPROMLMKJHIGFDC47CC
七堵區,建物,基隆市七堵區明德一路１７２巷１７之５號２樓,0.0,住,,,1111214,土地0建物0車位0,二層,4,公寓(5樓含以下無電梯),住家用,鋼筋混凝土造,0680613,16.52,1,0,1,有,無,有,7500,454,,0.0,0,分租套房-C,RPSOMLMKJHIGFDC57CC
仁愛區,建物,基隆市仁愛區南榮路３９３巷４４弄３之２號,0.0,住,,,1120103,土地0建物1車位0,三層,4,公寓(5樓含以下無電梯),住家用,鋼筋混凝土造,0680314,70.71,2,1,1,有,無,有,14000,198,,0.0,0,水電費、瓦斯費、網路費皆由承租人負擔。,RPTOMLMKJHIGFDC67CC
信義區,建物,基隆市信義區深澳坑路１６６之２４號２樓,0.0,住,,,1120110,土地0建物1車位0,二層,10,華廈(10層含以下有電梯),住家用,鋼筋混凝土造,0840127,132.89,3,1,2,有,有,有,11500,87,,0.0,0,水電費、瓦斯費、網路費及每月管理費1190元皆由承租人負擔。,RPROMLNKJHIGFDC57CC
中正區,建物,基隆市中正區中船路１１２巷１４號,0.0,商,,,1120108,土地0建物1車位0,一層,5,公寓(5樓含以下無電梯),住家用,鋼筋混凝土造,0860617,112.74000000000001,3,1,1,有,無,有,11000,98,,0.0,0,水電費、瓦斯費、網路費皆由承租人負擔。,RPSOMLNKJHIGFDC67CC
七堵區,建物,基隆市七堵區明德一路１７２巷１７之５號２樓,0.0,住,,,1111231,土地0建物0車位0,二層,4,公寓(5樓含以下無電梯),住家用,鋼筋混凝土造,0680613,16.52,1,0,1,有,無,有,6000,363,,0.0,0,分租套房-B,RPTOMLNKJHIGFDC77CC
信義區,建物,基隆市信義區信一路３３號二樓,0.0,商,,,1120108,土地0建物1車位0,二層,5,公寓(5樓含以下無電梯),辦公室,鋼筋混凝土造,0900718,73.53,2,2,2,有,有,有,12000,163,,0.0,0,水電費、瓦斯費、網路費及每月管理費500元皆由承租人負擔。,RPUOMLNKJHIGFDC87CC
信義區,建物,基隆市信義區培德路２巷２７號,0.0,住,,,1120108,土地0建物1車位0,全,2,透天厝,住家用,加強磚造,,89.22,3,2,1,有,無,有,11500,129,,0.0,0,水電費、瓦斯費、網路費皆由承租人負擔。,RPVOMLNKJHIGFDC97CC
仁愛區,建物,基隆市仁愛區南新街２２８之３號,0.0,其他,,,1120108,土地0建物1車位0,四層,4,公寓(5樓含以下無電梯),住家用,鋼筋混凝土造,0680820,75.0,3,1,1,有,無,有,8000,107,,0.0,0,水電費、瓦斯費、網路費皆由承租人負擔。,RPUNMLQKJHIGFDC08CC
七堵區,建物,基隆市七堵區大德路１６０號３樓之１,0.0,住,,,1120115,土地0建物1車位0,三層,5,華廈(10層含以下有電梯),住家用,鋼筋混凝土造,0890113,31.299999999999997,0,0,0,無,無,有,6500,208,,0.0,0,,RPROMLQKJHIGFDC87CC
中正區,建物,基隆市中正區觀海街２１７號８樓,0.0,住,,,1120112,土地0建物1車位0,八層,16,套房(1房1廳1衛),住家用,鋼筋混凝土造,0880114,80.72999999999999,1,1,1,有,有,有,5500,68,,0.0,0,水電費、瓦斯費、網路費皆由承租人負擔。,RPPOMLRKJHIGFDC77CC
中正區,建物,基隆市中正區新豐街２２０號２樓,0.0,住,,,1120113,土地0建物1車位0,二層,23,套房(1房1廳1衛),住家用,鋼筋混凝土造,0851129,32.29,1,0,1,有,有,有,9000,279,,0.0,0,水電費、瓦斯費、網路費皆由承租人負擔。,RPOOMLSKJHIGFDC77CC
仁愛區,建物,基隆市仁愛區獅球路３７巷１１弄６號,0.0,住,,,1120112,土地0建物1車位0,全,2,透天厝,住家用,加強磚造,,88.5,4,1,3,有,無,有,19800,224,,0.0,0,水電費、瓦斯費、網路費皆由承租人負擔。,RPPOMLSKJHIGFDC87CC
七堵區,建物,基隆市七堵區堵南街１２之６號３樓,0.0,住,,,1120113,土地0建物1車位0,三層,10,套房(1房1廳1衛),住家用,鋼筋混凝土造,0830310,50.3,1,1,1,有,有,有,11000,219,,0.0,0,水電費、瓦斯費、網路費皆由承租人負擔。,RPQOMLSKJHIGFDC97CC
暖暖區,建物,基隆市暖暖區金山街１２號３樓,0.0,住,,,1120101,土地0建物1車位0,三層,4,公寓(5樓含以下無電梯),住家用,鋼筋混凝土造,0800621,69.37,2,2,1,有,無,有,8500,123,,0.0,0,水電費、瓦斯費、網路費皆由承租人負擔。,RPOPMLSKJHIGFDC87CC
暖暖區,建物,基隆市暖暖區碇內街２６７號２樓,0.0,住,,,1120106,土地0建物1車位0,二層,6,華廈(10層含以下有電梯),住家用,鋼筋混凝土造,0840808,109.06,3,2,2,有,有,有,10000,92,,0.0,0,水電費、瓦斯費、網路費皆由承租人負擔。,RPPPMLSKJHIGFDC97CC
暖暖區,建物,基隆市暖暖區碇內街３４８號２樓,0.0,住,,,1120110,土地0建物1車位0,二層,6,華廈(10層含以下有電梯),住家用,鋼筋混凝土造,0840808,98.24000000000001,3,1,2,有,有,有,8000,81,,0.0,0,水電費、瓦斯費、網路費及每月管理費600元皆由承租人負擔。,RPQPMLSKJHIGFDC08CC
信義區,建物,基隆市信義區東明路７７巷７弄１號５樓,0.0,其他,,,1120112,土地0建物1車位0,五層,6,華廈(10層含以下有電梯),住家用,鋼筋混凝土造,0820518,139.19,3,2,2,有,有,有,13500,97,,0.0,0,水電費、瓦斯費、網路費皆由承租人負擔。,RPRPMLSKJHIGFDC18CC
信義區,建物,基隆市信義區中興路１６號,0.0,商,,,1120114,土地0建物1車位0,全,2,透天厝,住家用,加強磚造,0511001,57.46,2,1,1,有,無,有,10000,174,,0.0,0,水電費、瓦斯費、網路費皆由承租人負擔。,RPSPMLSKJHIGFDC28CC
中正區,建物,基隆市中正區中正路２５４號２樓,0.0,其他,,,1120113,土地0建物1車位0,二層,5,公寓(5樓含以下無電梯),住家用,鋼筋混凝土造,0720520,66.06,2,2,1,有,無,有,8500,129,,0.0,0,水電費、瓦斯費、網路費皆由承租人負擔。,RPSNMLTKJHIGFDC18CC
安樂區,建物,基隆市安樂區基金一路１３５巷２１弄３２號２樓,0.0,住,,,1120113,土地0建物1車位0,二層,7,華廈(10層含以下有電梯),住家用,鋼筋混凝土造,0820902,111.37,3,2,2,有,有,有,13000,117,,0.0,0,水電費、瓦斯費、網路費皆由承租人負擔。,RPVNMLTKJHIGFDC48CC
安樂區,建物,基隆市安樂區麥金路４２１巷７９之２號,0.0,住,,,1120101,土地0建物1車位0,三層,5,公寓(5樓含以下無電梯),住家用,鋼筋混凝土造,0670809,70.64,3,1,1,有,無,有,8500,120,,0.0,0,水電費、瓦斯費、網路費皆由承租人負擔。,RPWNMLTKJHIGFDC58CC
安樂區,建物,基隆市安樂區中和路８５巷２５號３樓之１,0.0,其他,,,1120116,土地0建物1車位0,三層,11,住宅大樓(11層含以上有電梯),住家用,鋼筋混凝土造,0860508,64.48,1,1,2,有,有,有,11000,171,,0.0,0,水電費、瓦斯費、網路費皆由承租人負擔。,RPXNMLTKJHIGFDC68CC
暖暖區,建物,基隆市暖暖區暖暖街５３０巷４５號２樓,0.0,商,,,1120112,土地0建物1車位0,二層,9,華廈(10層含以下有電梯),商業用,鋼筋混凝土造,0831118,81.91,2,2,1,有,有,有,14500,177,,0.0,0,水電費、瓦斯費、網路費皆由承租人負擔。,RPOOMLTKJHIGFDC87CC
仁愛區,建物,基隆市仁愛區華一街１１號,0.0,商,,,1120115,土地0建物1車位0,全,4,透天厝,住商用,鋼筋混凝土加強磚造,0610909,135.19,3,1,1,有,無,有,9000,67,,0.0,0,每月水電瓦斯、網路費由承租人另外負擔。,RPROMLTKJHIGFDC18CC
中正區,建物,基隆市中正區觀海街１３３號１４樓,0.0,住,,,1120115,土地0建物1車位0,十四層,14,套房(1房1廳1衛),住家用,鋼筋混凝土造,0880114,32.56,1,1,1,有,有,有,10300,316,,0.0,0,水電費、瓦斯費、網路費皆由承租人負擔。,RPSOMLTKJHIGFDC28CC
中山區,建物,基隆市中山區西定路３６８巷１２號２樓,0.0,住,,,1120114,土地0建物1車位0,二層,2,公寓(5樓含以下無電梯),住家用,加強磚造,0581217,51.21,2,1,1,有,無,有,9000,176,,0.0,0,水電費、瓦斯費、網路費皆由承租人負擔。,RPPOMLKMJHIGFDC27CC
暖暖區,建物,基隆市暖暖區碇內街３１３號,0.0,住,,,1120110,土地0建物1車位0,一層,6,華廈(10層含以下有電梯),住家用,鋼筋混凝土造,0840517,92.57000000000001,2,1,1,有,有,有,10000,108,,0.0,0,水電費、瓦斯費、網路費皆由承租人負擔。,RPWOMLKMJHIGFDC97CC
中正區,建物,基隆市中正區中正路６５６巷３０號,0.0,住,,,1120112,土地0建物1車位0,一層,5,公寓(5樓含以下無電梯),住家用,鋼筋混凝土造,0680425,70.04,3,1,1,有,無,有,11000,157,,0.0,0,水電費、瓦斯費、網路費皆由承租人負擔。,RPXOMLKMJHIGFDC08CC
中正區,建物,基隆市中正區平一路２７巷４號３樓,0.0,住,,,1120114,土地0建物1車位0,三層,5,公寓(5樓含以下無電梯),住家用,鋼筋混凝土造,0800425,52.37,2,1,1,有,無,有,10000,191,,0.0,0,水電費、瓦斯費、網路費皆由承租人負擔。,RPOPMLKMJHIGFDC27CC
安樂區,建物,基隆市安樂區麥金路２１９號１４樓,0.0,住,,,1120115,土地0建物1車位0,十四層,18,住宅大樓(11層含以上有電梯),集合住宅,鋼筋混凝土造,1050124,125.49,3,2,2,有,有,有,15000,120,,0.0,0,水電費、瓦斯費、網路費皆由承租人負擔。,RPPPMLKMJHIGFDC37CC
中山區,建物,基隆市中山區通仁街２０巷５３之１號,0.0,住,,,1120116,土地0建物1車位0,二層,4,公寓(5樓含以下無電梯),住家用,鋼筋混凝土加強磚造,0640905,65.2,2,2,1,有,無,有,14000,215,,0.0,0,水電費、瓦斯費、網路費皆由承租人負擔。,RPRPMLKMJHIGFDC57CC
暖暖區,建物,基隆市暖暖區過港路１０４之１號２樓,0.0,住,,,1120119,土地0建物1車位0,二層,5,公寓(5樓含以下無電梯),住家用,鋼筋混凝土造,0900524,99.23,3,2,2,有,無,有,10000,101,,0.0,0,水電費、瓦斯費、網路費皆由承租人負擔。,RPUPMLKMJHIGFDC87CC
中正區,建物,基隆市中正區平二路６之１號２樓,0.0,住,,,1120118,土地0建物1車位0,二層,4,公寓(5樓含以下無電梯),住家用,鋼筋混凝土加強磚造,0650708,48.51,2,1,1,有,無,有,5200,107,,0.0,0,水電費、瓦斯費、網路費皆由承租人負擔。,RPVPMLKMJHIGFDC97CC
安樂區,建物,基隆市安樂區中和路１６８巷８弄２號３樓,0.0,住,,,1120130,土地0建物1車位0,三層,5,公寓(5樓含以下無電梯),住家用,鋼筋混凝土造,0840117,101.82000000000001,3,1,1,有,無,有,11000,108,,0.0,0,,RPOPMLLMJHIGFDC37CC
中正區,建物,基隆市中正區新豐街４８２號之７ １３樓,0.0,其他,,,1120130,土地0建物1車位0,十三層,19,住宅大樓(11層含以上有電梯),住家用,鋼筋混凝土造,0861121,111.27000000000001,3,1,1,有,有,有,10500,94,,0.0,0,,RPPPMLLMJHIGFDC47CC
中正區,建物,基隆市中正區觀海街１８５號７樓,0.0,住,,,1120130,土地0建物1車位0,七層,16,住宅大樓(11層含以上有電梯),住家用,鋼筋混凝土造,0880114,138.89,2,2,2,有,有,有,8000,58,,0.0,0,,RPQPMLLMJHIGFDC57CC
中山區,建物,基隆市中山區安一路３１號４樓,0.0,商,,,1120130,土地0建物1車位0,四層,5,公寓(5樓含以下無電梯),住家用,鋼筋混凝土造,0831125,76.77,2,1,1,有,無,有,12000,156,,0.0,0,,RPSPMLLMJHIGFDC77CC
暖暖區,建物,基隆市暖暖區暖暖街１９６巷４之１號,0.0,商,,,1120131,土地0建物1車位0,二層,5,公寓(5樓含以下無電梯),住家用,鋼筋混凝土造,0691104,95.16,3,2,1,有,無,有,15000,158,,0.0,0,,RPTPMLLMJHIGFDC87CC
七堵區,建物,基隆市七堵區長安街２３１巷７８之１號,0.0,,鄉村區,乙種建築用地,1120130,土地0建物1車位0,二層,3,公寓(5樓含以下無電梯),住家用,鋼筋混凝土造,0701227,98.21,3,2,1,有,無,有,12000,122,,0.0,0,,RPVPMLLMJHIGFDC08CC
中山區,建物,基隆市中山區文化路１７５之１號,0.0,住,,,1120131,土地0建物1車位0,二層,4,公寓(5樓含以下無電梯),住家用,鋼筋混凝土造,0660914,63.96,3,1,1,有,無,有,11000,172,,0.0,0,每月水電瓦斯、網路費由承租人另外負擔。,RPOPMLLJKHIGFDC17CC
信義區,建物,基隆市信義區深澳坑路２之５號１５樓之５,0.0,住,,,1120131,土地0建物1車位0,十五層,16,套房(1房1廳1衛),住家用,鋼筋混凝土造,0850426,41.78,1,0,1,有,有,有,7000,168,,0.0,0,水電費、瓦斯費、網路費及每月管理費500元皆由承租人負擔。,RPXOMLMJKHIGFDC08CC
中正區,建物,基隆市中正區新豐街１６２巷５２號６樓,0.0,住,,,1120201,土地0建物1車位0,六層,9,住宅大樓(11層含以上有電梯),集合住宅,鋼筋混凝土造,1101014,103.67999999999999,2,1,1,有,有,有,19000,183,,0.0,0,,RPWNMLNJKHIGFDC97CC
暖暖區,建物,基隆市暖暖區碇內街３８３號３樓,0.0,住,,,1120201,土地0建物1車位0,三層,6,華廈(10層含以下有電梯),住家用,鋼筋混凝土造,0840517,90.55,3,1,2,有,有,有,12500,138,,0.0,0,,RPXNMLNJKHIGFDC08CC
中正區,建物,基隆市中正區新豐街４９６號,0.0,住,,,1120113,土地0建物1車位0,全,2,透天厝,商業用,鋼筋混凝土造,0861121,166.6,0,0,0,無,無,無,40000,240,,0.0,0,一樓店面使用。,RPQOMLNJKHIGFDC47CC
仁愛區,建物,基隆市仁愛區孝四路３０號,0.0,商,,,1120127,土地0建物1車位0,一層,8,店面(店鋪),商業用,鋼筋混凝土造,0711203,117.49,0,0,0,無,無,無,77500,660,,0.0,0,含增建或未登記建物。一樓增建約15平方公尺,RPROMLNJKHIGFDC57CC
中正區,建物,基隆市中正區觀海街３１號１２號,0.0,住,,,1120117,土地0建物1車位0,十二層,15,住宅大樓(11層含以上有電梯),住家用,鋼筋混凝土造,0880114,114.39,2,1,2,有,有,有,14000,122,,0.0,0,水電費、瓦斯費、網路費皆由承租人負擔。,RPPPMLNJKHIGFDC47CC
暖暖區,建物,基隆市暖暖區碇內街３１７號６樓,0.0,住,,,1120130,土地0建物1車位0,六層,6,華廈(10層含以下有電梯),住家用,鋼筋混凝土造,0840517,108.31,3,1,2,有,有,有,9000,83,,0.0,0,水電費、瓦斯費、網路費及每月管理費500元皆由承租人負擔。,RPRPMLNJKHIGFDC67CC
中正區,建物,基隆市中正區新豐街２２６號７樓,0.0,住,,,1120201,土地0建物1車位0,七層,23,住宅大樓(11層含以上有電梯),住家用,鋼筋混凝土造,0851129,32.29,0,0,0,無,有,有,6500,201,,0.0,0,,RPUPMLNJKHIGFDC97CC
中山區,建物,基隆市中山區復興路２１２巷１７弄１０號５樓,0.0,住,,,1120131,土地0建物1車位0,五層,6,華廈(10層含以下有電梯),住家用,鋼筋混凝土造,0880717,145.17000000000002,3,1,2,有,有,有,15000,103,,0.0,0,水電費、瓦斯費、網路費皆由承租人負擔。,RPTOMLOJKHIGFDC87CC
仁愛區,建物,基隆市仁愛區南新街５１巷４５之１號,0.0,住,,,1120203,土地0建物1車位0,二層,4,公寓(5樓含以下無電梯),住家用,鋼筋混凝土造,0700611,79.34,2,1,1,有,無,有,13000,164,,0.0,0,水電費、瓦斯費、網路費皆由承租人負擔。,RPROMLRJKHIGFDC97CC
中山區,建物,基隆市中山區協和街１３７號,0.0,住,,,1120203,土地0建物1車位0,一層,2,公寓(5樓含以下無電梯),住家用,加強磚造,0621205,52.6,3,1,1,有,無,有,11000,209,,0.0,0,水電費、瓦斯費、網路費皆由承租人負擔。,RPVOMLRJKHIGFDC38CC
中正區,建物,基隆市中正區觀海街１３５號１３樓,0.0,住,,,1120203,土地0建物1車位0,十三層,14,住宅大樓(11層含以上有電梯),住家用,鋼筋混凝土造,0880114,87.83000000000001,2,1,2,有,有,有,14000,159,,0.0,0,,RPUNMLSJKHIGFDC28CC
中正區,建物,基隆市中正區新豐街１６２巷１６６號７樓,0.0,住,,,1120131,土地0建物1車位0,七層,9,華廈(10層含以下有電梯),集合住宅,鋼筋混凝土造,1101014,109.72,2,1,1,有,有,有,15000,137,,0.0,0,,RPXNMLSJKHIGFDC58CC
中山區,建物,基隆市中山區復興路３３４巷１１號７樓之１２,0.0,住,,,1120207,土地0建物1車位0,七層,7,套房(1房1廳1衛),住家用,鋼筋混凝土造,0970701,29.939999999999998,1,0,1,有,有,有,7500,251,,0.0,0,水電費、瓦斯費、網路費皆由承租人負擔。,RPPOMLSJKHIGFDC87CC
七堵區,建物,基隆市七堵區東新街８９巷８０弄３號５樓,0.0,住,,,1120207,土地0建物1車位0,五層,5,公寓(5樓含以下無電梯),住家用,鋼筋混凝土造,0781011,95.69,3,2,2,有,無,有,8500,89,,0.0,0,水電費、瓦斯費、網路費皆由承租人負擔。,RPSOMLSJKHIGFDC18CC
信義區,建物,基隆市信義區東明路２２５之１號,0.0,商,,,1120201,土地0建物1車位0,二層,5,公寓(5樓含以下無電梯),住家用,鋼筋混凝土造,0710528,73.85,2,2,2,有,無,有,15000,203,,0.0,0,水電費、瓦斯費、網路費皆由承租人負擔。,RPTOMLTJKHIGFDC38CC
暖暖區,建物,基隆市暖暖區暖碇路１２號３樓,0.0,商,,,1120204,土地0建物1車位0,三層,5,公寓(5樓含以下無電梯),住家用,鋼筋混凝土造,0740629,104.67,4,1,1,有,無,有,8000,76,,0.0,0,水電費、瓦斯費、網路費皆由承租人負擔。,RPUOMLTJKHIGFDC48CC
安樂區,建物,基隆市安樂區中和路８５巷３８號８樓之３,0.0,其他,,,1120206,土地0建物1車位0,八層,11,住宅大樓(11層含以上有電梯),住家用,鋼筋混凝土造,0860508,69.79,3,2,2,有,有,有,11000,158,,0.0,0,水電瓦斯、網路費及每月管理費700元由承租人另外負擔。,RPVOMLTJKHIGFDC58CC
安樂區,建物,基隆市安樂區基金二路１巷１７４之３號６樓之１,0.0,住,,,1120112,土地0建物1車位0,六層,17,住宅大樓(11層含以上有電梯),住家用,鋼筋混凝土造,0811103,77.39,1,2,1,有,有,無,7500,97,,0.0,0,,RPOPMLTJKHIGFDC97CC
安樂區,建物,基隆市安樂區安一路３７０巷７之１號,0.0,住,,,1120209,土地0建物1車位0,二層,4,公寓(5樓含以下無電梯),住家用,鋼筋混凝土加強磚造,0631213,69.95,2,1,1,有,無,有,8000,114,,0.0,0,水電費、瓦斯費、網路費皆由承租人負擔。,RPROMLKKKHIGFDC37CC
中正區,建物,基隆市中正區新豐街１６２巷１０２號３樓,0.0,住,,,1120208,土地0建物1車位0,三層,9,華廈(10層含以下有電梯),集合住宅,鋼筋混凝土造,1101014,143.77,3,1,2,有,有,有,17500,122,,0.0,0,,RPUOMLKKKHIGFDC67CC
中正區,建物,基隆市中正區義二路１８５之５號,0.0,商,,,1120208,土地0建物1車位0,六層,6,套房(1房1廳1衛),住家用,鋼筋混凝土加強磚造,0660715,52.53,1,1,1,有,無,有,8000,152,,0.0,0,水電費、瓦斯費、網路費皆由承租人負擔。,RPVOMLKKKHIGFDC77CC
安樂區,建物,基隆市安樂區中和路８５巷３６號６樓之２,0.0,其他,,,1120209,土地0建物1車位0,六層,11,住宅大樓(11層含以上有電梯),住家用,鋼筋混凝土造,0860508,52.26,2,1,1,有,有,有,11000,210,,0.0,0,,RPWOMLKKKHIGFDC87CC
信義區,建物,基隆市信義區東信路２５８巷５６之２號５樓,0.0,住,,,1120209,土地0建物1車位0,五層,7,華廈(10層含以下有電梯),住家用,鋼筋混凝土造,0830121,81.29,2,1,1,有,有,有,13000,160,,0.0,0,,RPXOMLKKKHIGFDC97CC
中正區,建物,基隆市中正區新豐街１６２巷２０號５樓,0.0,住,,,1120210,土地0建物1車位0,五層,9,華廈(10層含以下有電梯),集合住宅,鋼筋混凝土造,1101014,98.87,2,1,1,有,有,有,18000,182,,0.0,0,,RPPPMLKKKHIGFDC27CC
