﻿編號,屋齡,建物移轉面積平方公尺,主要用途,主要建材,建築完成日期,總層數,建物分層,移轉情形
The serial number,room age,building shifting area square meter,the main use,main building materials,construction completes the date,total layer,building lamination,
RPSOMLPKJIHGFBG08CC,20,21.57,住家用,鋼筋混凝土造,91年8月20日,七層,,
RPSOMLPKJIHGFBG08CC,20,8.63,共有部份,鋼筋混凝土造,91年8月20日,七層,,
RPQOMLLKJIHGFBG47CC,29,93.67,住家用,鋼筋混凝土造,83年1月12日,七層,,
RPSOMLPKJIHGFBG08CC,20,5.27,共有部份,鋼筋混凝土造,91年8月20日,七層,,
RPTOMLLKJIHGFBG77CC,17,18.15,住家用,鋼筋混凝土造,94年9月14日,六層,,
RPQOMLLKJIHGFBG47CC,29,21.26,共有部份,鋼筋混凝土造,83年1月12日,七層,,
RPROMLPKJIHGFBG97CC,,105.68,商業用,鋼筋混凝土加強磚造,,三層,,
RPTOMLLKJIHGFBG77CC,17,11.97,共有部份,鋼筋混凝土造,94年9月14日,六層,,
RPQOMLLKJIHGFBG47CC,29,20.95,共有部份,鋼筋混凝土造,83年1月12日,七層,,
RPSOMLLKJIHGFBG67CC,40,48.95,住家用,鋼筋混凝土造,71年10月22日,五層,,
RPSOMLLKJIHGFBG67CC,40,9.45,共有部份,鋼筋混凝土造,71年10月22日,五層,,
RPOPMLPKJIHGFBG77CC,7,193.61,住家用,鋼筋混凝土造,105年2月24日,三層,,
RPWOMLRKJIHGFBG68CC,41,37.20,住家用,鋼筋混凝土加強磚造,70年11月13日,三層,,
RPXNMLSKJIHGFBG78CC,39,5.76,共有部份,鋼筋混凝土造,72年5月11日,五層,,
RPXNMLSKJIHGFBG78CC,39,88.20,住家用,鋼筋混凝土造,72年5月11日,五層,,
RPRNMLQKJIHGFAG87CC,27,57.87,住家用,鋼筋混凝土造,84年10月26日,四層,,
RPUNMLQKJIHGFAG18CC,31,157.21,集合住家,鋼筋混凝土造,80年11月21日,七層,,
RPPPMLPKJIHGFAG77CC,25,52.43,住家用,鋼筋混凝土造,86年7月14日,五層,,
RPUNMLQKJIHGFAG18CC,31,26.37,共有部份,鋼筋混凝土造,80年11月21日,七層,,
RPPPMLPKJIHGFAG77CC,25,16.14,梯間．停車場．共同使用部份,鋼筋混凝土造,86年7月14日,五層,,
RPUNMLQKJIHGFAG18CC,31,42.85,防空避難室及停車場,鋼筋混凝土造,80年11月21日,七層,,
RPXNMLPKJIHGFAG38CC,46,65.40,住家用,鋼筋混凝土造,66年3月12日,四層,,
RPWNMLPKJIHGFAG28CC,15,91.02,住家用,鋼筋混凝土造,96年8月28日,五層,,
RPWNMLPKJIHGFAG28CC,38,14.00,共有部份,鋼筋混凝土造,,五層,,
RPRQMLLLJIHGFAG77CC,24,106.50,住家用,鋼筋混凝土造,87年6月2日,四層,,
RPRQMLLLJIHGFAG77CC,24,41.77,防空避難室.停車場.梯間.共同使用部份,鋼筋混凝土造,87年6月2日,四層,,
RPVOMLLLJIHGFAG97CC,42,111.98,住家用,鋼筋混凝土加強磚造,69年6月27日,二層,,
RPVPMLLLJIHGFAG08CC,28,112.20,住家用,鋼筋混凝土造,84年5月1日,四層,,
RPVPMLLLJIHGFAG08CC,28,10.85,梯間及共同使用部份、屋頂突出物,鋼筋混凝土造,84年5月1日,四層,,
RPOOMLQKJIHGFAG67CC,28,79.25,住商用,鋼筋混凝土造,83年5月28日,七層,,
RPVPMLLLJIHGFAG08CC,28,3.00,走廊,鋼筋混凝土造,84年5月1日,四層,,
RPOOMLQKJIHGFAG67CC,28,18.71,防空避難室、騎樓、梯間、共同使用,鋼筋混凝土造,83年5月28日,七層,,
RPTPMLLLJIHGFAG87CC,27,62.92,住家用,鋼筋混凝土造,84年9月25日,十二層,,
RPTPMLLLJIHGFAG87CC,27,9.72,樓梯間、機械室、水箱蓄水池、機車停放處、車道、受電室、電機室、共同使用部份,鋼筋混凝土造,84年9月25日,十二層,,
RPTPMLLLJIHGFAG87CC,27,.09,防空避難室、停車場、共同使用部份,鋼筋混凝土造,84年9月25日,十二層,,
RPUNMLRKJIHGFAG28CC,46,79.52,住家用,ＲＣ加強磚造,65年5月22日,二層,,
RPTNMLOLJIHGFAG97CC,28,24.18,住家用,鋼筋混凝土造,83年6月8日,七層,,
RPTNMLOLJIHGFAG97CC,28,2.11,防空避難室、共同使用部份,鋼筋混凝土造,83年6月8日,七層,,
RPTNMLOLJIHGFAG97CC,28,1.09,屋頂突出物．雨遮．共同使用部份,鋼筋混凝土造,83年6月8日,七層,,
RPTNMLOLJIHGFAG97CC,28,7.33,梯間、共同使用部份,鋼筋混凝土造,83年6月8日,七層,,
RPPNMLMLJIHGFBG47CC,31,107.24,住家用,鋼筋混凝土造,81年2月15日,十二層,,
RPPNMLMLJIHGFBG47CC,31,11.10,共有部份,鋼筋混凝土造,81年2月15日,十二層,,
RPPNMLMLJIHGFBG47CC,31,14.26,共有部份,鋼筋混凝土造,81年2月15日,十二層,,
RPXOMLSKJIHGFBG88CC,29,93.11,住家用,鋼筋混凝土造,83年3月3日,七層,,
RPXOMLSKJIHGFBG88CC,29,13.00,共有部份,鋼筋混凝土造,83年3月3日,七層,,
RPROMLOLJIHGFBG97CC,18,114.16,住家用,鋼筋混凝土造,93年9月27日,十四層,,
RPROMLOLJIHGFBG97CC,18,16.73,共有部份,鋼筋混凝土造,93年9月27日,十四層,,
RPROMLOLJIHGFBG97CC,18,40.27,共有部份,鋼筋混凝土造,93年9月27日,十四層,,
RPROMLLLJIHGFBG67CC,40,32.00,商業用,鋼筋混凝土造,71年10月1日,九層,,
RPROMLLLJIHGFBG67CC,40,3.99,共有部份,鋼筋混凝土造,71年10月1日,九層,,
RPXNMLOLJIHGFBG48CC,7,156.62,店舖、辦公室、住宅、樓梯間,鋼筋混凝土造,104年12月25日,四層,,
RPUNMLMLJIHGFBG97CC,35,139.52,住家用,鋼筋混凝土加強磚造,77年5月5日,二層,,
RPVOMLSKJIHGFBG68CC,1,81.79,集合住宅,鋼筋混凝土造,111年3月10日,十三層,,
RPVOMLSKJIHGFBG68CC,1,63.46,本共有部分之項目有：停車空間、車道、安全梯、昇降設備、梯廳、消防機房、雨水機房、水箱、防空避難室兼停車空間、台電配電場所、受電箱區、發電機室、電信室、管委會使用空間、戶外安全梯、垃圾處理空間、機械式、屋頂平台等１８項。,鋼筋混凝土造,111年3月10日,十四層,,
RPPOMLLLJIHGFBG47CC,29,100.86,住家﹒國民住宅,鋼筋混凝土造,83年3月19日,五層,,
RPPOMLLLJIHGFBG47CC,29,7.69,共有部份,鋼筋混凝土造,83年3月19日,五層,,
RPXPMLOLJIHGFAG58CC,43,76.99,住家用,鋼筋混凝土造,68年5月22日,四層,,
RPRQMLOLJIHGFAG08CC,16,28.58,住宅．店舖,鋼筋混凝土造,95年6月13日,三層,,
RPQQMLOLJIHGFAG97CC,29,29.23,住家用,鋼筋混凝土造,82年5月17日,四層,,
RPVPMLOLJIHGFAG38CC,27,44.11,住家用,鋼筋混凝土造,84年7月18日,五層,,
RPVPMLOLJIHGFAG38CC,27,6.42,梯間、通道、共同使用部份,鋼筋混凝土造,84年7月18日,五層,,
RPSPMLOLJIHGFAG08CC,28,49.83,鄉村住宅,鋼筋混凝土造,84年2月15日,八層,,
RPSPMLOLJIHGFAG08CC,28,19.57,防空避難室．樓梯間．通道．大廳．水箱．共同使用部份,鋼筋混凝土造,84年2月15日,八層,,
RPSNMLSLJIHGFAG28CC,60,82.43,住家用,加強磚造,52年1月15日,二層,,
RPRNMLPLJIHGFBG97CC,25,42.70,住家用,鋼筋混凝土造,86年9月3日,八層,,
RPRNMLPLJIHGFBG97CC,25,23.01,共有部份,鋼筋混凝土造,86年9月3日,八層,,
RPTOMLOLJIHGFBG18CC,39,30.51,住家用,鋼筋混凝土造,72年11月24日,七層,,
RPTOMLOLJIHGFBG18CC,39,8.79,共有部份,鋼筋混凝土造,72年11月24日,七層,,
RPWNMLSLJIHGFBG78CC,,80.44,住家用,鋼筋混凝土加強磚造,,三層,,
RPRNMLTLJIHGFBG38CC,67,14.78,住家用,磚造,45年5月15日,一層,,
RPSNMLTLJIHGFBG48CC,6,47.11,集合住宅,鋼筋混凝土造,105年6月8日,十一層,,
RPTNMLTLJIHGFBG58CC,31,94.71,住家用,鋼筋混凝土造,80年12月3日,七層,,
RPTNMLTLJIHGFBG58CC,31,40.25,共有部份,鋼筋混凝土造,80年12月3日,七層,,
RPWNMLTLJIHGFBG88CC,24,74.15,住家用,鋼筋混凝土造,88年3月31日,七層,,
RPWNMLTLJIHGFBG88CC,24,12.58,共有部份,鋼筋混凝土造,88年3月31日,七層,,
RPWNMLTLJIHGFBG88CC,24,12.30,共有部份,鋼筋混凝土造,88年3月31日,七層,,
RPXNMLTLJIHGFBG98CC,29,155.46,住家用,鋼筋混凝土造,82年11月8日,三層,,
RPOOMLTLJIHGFBG18CC,32,137.48,住家用,鋼筋混凝土造,80年5月8日,七層,,
RPOOMLTLJIHGFBG18CC,32,54.42,共有部份,鋼筋混凝土造,80年5月8日,,,
RPXNMLMJKIHGFBG18CC,27,17.78,住家用,鋼筋混凝土造,84年12月12日,八層,,
RPOOMLMJKIHGFBG37CC,27,17.78,住家用,鋼筋混凝土造,84年12月12日,八層,,
RPXPMLSLJIHGFAG98CC,41,109.66,住家用,鋼筋混凝土造,70年12月31日,四層,,
RPTNMLTLJIHGFAG48CC,41,92.53,住家用,鋼筋混凝土造,70年8月11日,七層,,
RPTPMLSLJIHGFAG58CC,26,57.85,住家用,鋼筋混凝土造,85年10月3日,十二層,,
RPTNMLTLJIHGFAG48CC,41,25.12,公共設施,鋼筋混凝土造,70年8月11日,七層,,
RPTPMLSLJIHGFAG58CC,26,11.56,停車場、法定防空避難室、機車停車場、私設防空避難室﹙共同使用部份﹚,鋼筋混凝土造,85年10月3日,十二層,,
RPPQMLSLJIHGFAG28CC,24,111.55,住家用,鋼筋混凝土造,87年6月2日,四層,,
RPTPMLSLJIHGFAG58CC,26,10.68,通道、梯間﹙共同使用部份,鋼筋混凝土造,85年10月3日,十二層,,
RPPQMLSLJIHGFAG28CC,24,43.76,防空避難室.停車場.梯間.共同使用部份,鋼筋混凝土造,87年6月2日,四層,,
RPOQMLSLJIHGFAG18CC,37,112.62,住家用,鋼筋混凝土加強磚造,74年11月1日,二層,,
RPUNMLTLJIHGFAG58CC,41,122.20,住家用,鋼筋混凝土加強磚造,70年11月18日,二層,,
RPSPMLSLJIHGFAG48CC,35,82.45,住家用,鋼筋混凝土造,77年2月10日,五層,,
RPSPMLSLJIHGFAG48CC,35,6.76,樓梯間及屋頂突出物,鋼筋混凝土造,77年2月10日,五層,,
RPWPMLSLJIHGFAG88CC,27,51.51,住家用,鋼筋混凝土造,84年10月16日,十層,,
RPTNMLSLJIHGFAG38CC,5,98.47,集合住宅,鋼筋混凝土（ＲＣ）,106年7月5日,十三層,,
RPWPMLSLJIHGFAG88CC,27,16.96,梯間、防空避難室、停車場、共同使用部份,鋼筋混凝土造,84年10月16日,十層,,
RPWPMLSLJIHGFAG88CC,27,5.71,走道、共同使用部份,鋼筋混凝土造,84年10月16日,十層,,
RPTNMLSLJIHGFAG38CC,5,71.19,本共有部分之項目有排煙室兼緊急昇降機間、升降設備、梯廳、安全梯、樓梯間、機械室、水錶室、電梯機房、水箱、停車空間、車道、消防機械室、景觀機房、發電機室、電錶區、台電配電室、電信室、受電箱及管委會使用空間等１９項。,鋼筋混凝土（ＲＣ）,106年7月5日,十三層,,
RPWNMLRJKIHGFBG58CC,27,15.57,住家用,鋼筋混凝土造,84年12月12日,八層,,
RPSOMLQJKIHGFBG18CC,9,184.79,住宅（停車空間）、樓梯間,鋼筋混凝土造,102年12月23日,三層,,
RPRNMLMKKIHGFAG57CC,25,40.73,住商用,鋼筋混凝土造,87年3月16日,五層,,
RPXNMLPJKIHGFBG48CC,26,39.11,住家用,鋼筋混凝土造,86年1月23日,四層,,
RPXNMLPJKIHGFBG48CC,26,3.52,共有部份,鋼筋混凝土造,86年1月23日,四層,,
RPWNMLQJKIHGFAG38CC,27,81.11,住家用,鋼筋混凝土造,84年10月16日,十層,,
RPWNMLQJKIHGFAG38CC,27,26.79,梯間、防空避難室、停車場、共同使用部份,鋼筋混凝土造,84年10月16日,十層,,
RPWNMLQJKIHGFAG38CC,27,1.77,走道、共同使用部份,鋼筋混凝土造,84年10月16日,十層,,
RPWNMLQJKIHGFAG38CC,27,7.46,陽台,鋼筋混凝土造,84年10月16日,十層,,
RPWNMLPJKIHGFBG38CC,17,19.32,住家用,鋼筋混凝土造,94年10月11日,六層,,
RPWNMLPJKIHGFBG38CC,17,8.69,共有部份,鋼筋混凝土造,94年10月11日,六層,,
RPQNMLNKKIHGFAG57CC,,4.82,門廊、樓梯電梯間、受電發電室﹙共同使用部份﹚,鋼筋混凝土造,,十二層,,
RPQNMLNKKIHGFAG57CC,28,105.04,住家用,鋼筋混凝土造,83年12月13日,十二層,,
RPRNMLNKKIHGFAG67CC,33,88.23,工業用,鋼筋混凝土加強磚造,78年6月24日,二層,,
RPSNMLNKKIHGFAG77CC,33,98.69,工業用,鋼筋混凝土加強磚造,78年6月24日,二層,,
RPQOMLOKKIHGFBG87CC,2,55.06,集合住宅,鋼筋混凝土造,110年3月30日,十四層,,
RPQOMLOKKIHGFBG87CC,2,46.25,本共有部分之項目有：停車空間、電梯間、安全梯、水箱、機械機房、消防機房、排風機房、防空避難室兼停車空間、電信室、泳池機房、景觀機房、台電配電室、發電機室、防災中心、公共服務空間、垃圾儲藏空間等１６項,鋼筋混凝土造,110年3月30日,十八層,,
RPQOMLOKKIHGFBG87CC,2,16.83,本共有部分之項目有：樓梯間、梯廳、消防中繼機械室、水錶區、水箱、機械室等６項,鋼筋混凝土造,110年3月30日,十四層,,
RPROMLOKKIHGFBG97CC,28,70.20,住家用,鋼筋混凝土造,84年1月27日,七層,,
RPROMLOKKIHGFBG97CC,28,1.15,共有部份,鋼筋混凝土造,84年1月27日,七層,,
RPROMLOKKIHGFBG97CC,28,12.24,共有部份,鋼筋混凝土造,84年1月27日,七層,,
RPQNMLSJKIHGFBG08CC,30,205.96,住家用,鋼筋混凝土造,82年4月8日,四層,,
RPXNMLRJKIHGFBG68CC,27,15.57,住家用,鋼筋混凝土造,84年12月12日,八層,,
RPUNMLOKKIHGFBG18CC,2,151.88,住家用,鋼筋混凝土造,110年5月18日,三層,,
RPTNMLQKKIHGFBG28CC,7,37.83,集合住宅,鋼筋混凝土造,104年9月23日,十四層,,
RPVOMLRJKIHGFBG58CC,1,86.01,集合住宅,鋼筋混凝土造,111年3月10日,十四層,,
RPVOMLRJKIHGFBG58CC,1,65.39,本共有部分之項目有：停車空間、車道、安全梯、昇降設備、梯廳、消防機房、雨水機房、水箱、防空避難室兼停車空間、台電配電場所、受電箱區、發電機室、電信室、管委會使用空間、戶外安全梯、垃圾處理空間、機械式、屋頂平台等１８項。,鋼筋混凝土造,111年3月10日,十四層,,
RPXNMLOKKIHGFBG48CC,23,77.47,住家用,鋼筋混凝土造,89年4月27日,十二層,,
RPXNMLOKKIHGFBG48CC,23,13.72,共有部份,鋼筋混凝土造,89年4月27日,十二層,,
RPXNMLOKKIHGFBG48CC,23,10.99,共有部份,鋼筋混凝土造,89年4月27日,十二層,,
RPRNMLMKKIHGFBG67CC,44,65.27,住家用,鋼筋混凝土加強磚造,67年8月8日,三層,,
RPOOMLOKKIHGFAG57CC,8,46.54,集合住宅,鋼筋混凝土造,103年7月11日,六層,,
RPXNMLNKKIHGFAG28CC,18,265.12,農舍,鋼筋混凝土造,94年1月7日,三層,,
RPOOMLOKKIHGFAG57CC,8,5.87,本共有部分之項目有：樓梯間１項,鋼筋混凝土造,103年7月11日,六層,,
RPOOMLOKKIHGFAG57CC,8,10.75,本共有部分之項目有：停車空間、機電設備、樓梯間、機械室等４項。,鋼筋混凝土造,103年7月11日,六層,,
RPPNMLTKKIHGFAG08CC,7,267.69,住宅、停車空間,鋼筋混凝土（ＲＣ）,104年10月12日,四層,,
RPSNMLPKKIHGFAG97CC,25,111.73,住家用,鋼筋混凝土造,87年6月2日,四層,,
RPSNMLPKKIHGFAG97CC,25,45.55,停車場.梯間防空避難室.共同使用部份,鋼筋混凝土造,87年6月2日,四層,,
RPRPMLKLKIHGFAG67CC,24,95.06,住家用,鋼筋混凝土造,87年6月2日,五層,,
RPRPMLKLKIHGFAG67CC,24,50.97,防空避難室.梯間.停車場.共同使用部份,鋼筋混凝土造,87年6月2日,五層,,
RPPPMLKLKIHGFAG47CC,39,21.15,住家用,鋼筋混凝土造,72年7月19日,十一層,,
RPPPMLKLKIHGFAG47CC,39,6.73,電梯及走道,鋼筋混凝土造,72年7月19日,十一層,,
RPPPMLKLKIHGFAG47CC,,1.47,電梯．走道及公共設施,鋼筋混凝土造,,十層,,
RPOPMLKLKIHGFAG37CC,41,102.04,住家用,鋼筋混凝土加強磚造,70年7月20日,二層,,
RPQPMLKLKIHGFAG57CC,28,40.28,住家用,鋼筋混凝土造,83年10月1日,六層,,
RPQPMLKLKIHGFAG57CC,28,12.98,停車場、梯間、共同使用部份,鋼筋混凝土造,83年10月1日,六層,,
RPQPMLKLKIHGFBG67CC,5,54.15,集合住宅,鋼筋混凝土造,107年4月27日,十二層,,
RPQPMLKLKIHGFBG67CC,5,41.36,本共有部分之項目有停車空間、管委會使用空間、樓梯間、機械室、水箱等５項,鋼筋混凝土造,107年4月27日,十二層,,
RPSPMLKLKIHGFAG77CC,42,85.81,住家用,鋼筋混凝土加強磚造,69年7月28日,二層,,
RPXOMLKLKIHGFAG18CC,25,106.84,鄉村住宅.國民住宅,鋼筋混凝土造,87年6月2日,四層,,
RPXOMLKLKIHGFAG18CC,25,43.25,停車場.梯間.防空避難室.共同使用部份,鋼筋混凝土造,87年6月2日,四層,,
RPSPMLKLKIHGFBG87CC,39,63.02,住家用,鋼筋混凝土造,73年1月10日,四層,,
RPSPMLKLKIHGFBG87CC,39,6.45,共有部份,鋼筋混凝土造,73年1月10日,四層,,
RPTPMLKLKIHGFBG97CC,29,51.14,住家用,鋼筋混凝土造,82年10月19日,七層,,
RPTPMLKLKIHGFBG97CC,29,16.43,共有部份,鋼筋混凝土造,82年10月19日,七層,,
RPROMLMLKIHGFAG77CC,16,28.58,住宅．店舖,鋼筋混凝土造,95年6月13日,三層,,
RPXOMLMLKIHGFAG38CC,29,78.28,住家用,鋼筋混凝土造,82年10月2日,六層,,
RPXOMLMLKIHGFAG38CC,29,19.28,防空避難室、梯間走廊．共同使用部分,鋼筋混凝土造,82年10月2日,六層,,
RPOPMLMLKIHGFAG57CC,31,123.62,住家用,鋼筋混凝土造,80年7月31日,五層,,
RPQPMLMLKIHGFAG77CC,25,107.96,鄉村住宅,鋼筋混凝土造,87年6月2日,四層,,
RPQPMLMLKIHGFAG77CC,25,43.92,停車場.梯間防空避難室.共同使用部份,鋼筋混凝土造,87年6月2日,四層,,
RPPOMLNLKIHGFAG67CC,25,111.73,住家用,鋼筋混凝土造,87年6月2日,四層,,
RPPOMLNLKIHGFAG67CC,25,45.55,停車場.梯間防空避難室.共同使用部份,鋼筋混凝土造,87年6月2日,四層,,
RPPPMLMLKIHGFAG67CC,27,35.16,住家用,鋼筋混凝土造,84年10月5日,十二層,,
RPPPMLMLKIHGFAG67CC,27,6.89,共同使用部份：防空避難室．停車場．機械室．水箱．臺電受電室,鋼筋混凝土造,84年10月5日,十二層,,
RPPPMLMLKIHGFAG67CC,27,7.69,共同使用部份：梯間通道,鋼筋混凝土造,84年10月5日,十二層,,
RPQPMLNLKIHGFAG87CC,16,26.76,住家用,鋼筋混凝土造,95年12月29日,九層,,
RPSOMLNLKIHGFAG97CC,48,104.34,住家用,鋼筋混凝土加強磚造,63年7月2日,二層,,
RPQPMLNLKIHGFAG87CC,16,2.69,台電受電室．幫浦室．停車場,鋼筋混凝土造,95年12月29日,九層,,
RPQPMLNLKIHGFAG87CC,16,4.85,梯間,鋼筋混凝土造,95年12月29日,九層,,
RPUPMLNLKIHGFAG28CC,26,31.32,住家用,鋼筋混凝土造,86年4月1日,十三層,,
RPUPMLNLKIHGFAG28CC,26,1.52,梯間、共同使用部份,鋼筋混凝土造,86年4月1日,十三層,,
RPUPMLNLKIHGFAG28CC,26,3.95,梯間、共同使用部份,鋼筋混凝土造,86年4月1日,十三層,,
RPUPMLNLKIHGFAG28CC,26,3.00,停車場、蓄水池、發電機室、電氣室、消防□浦室、車道、台電配電室、電信室、活動中心、共同使用部份,鋼筋混凝土造,86年4月1日,十三層,,
RPUPMLNLKIHGFAG28CC,26,1.35,防空避難室兼停車場通道、共同使用部份,鋼筋混凝土造,86年4月1日,十三層,,
RPWPMLNLKIHGFAG48CC,44,105.22,住家用,鋼筋混凝土加強磚造,68年3月6日,二層,,
RPUOMLMLKIHGFBG18CC,26,100.76,住家用,鋼筋混凝土造,85年9月5日,六層,,
RPUOMLMLKIHGFBG18CC,26,34.64,共有部份,鋼筋混凝土造,85年9月5日,六層,,
RPTOMLMLKIHGFBG08CC,16,24.99,住家用,鋼筋混凝土造,95年9月21日,五層,,
RPOQMLNLKIHGFAG77CC,28,175.26,住家用,鋼筋混凝土造,84年2月21日,三層,,
RPVOMLMLKIHGFBG28CC,29,91.20,住家用,鋼筋混凝土造,83年3月3日,七層,,
RPSNMLMLKIHGFBG87CC,23,98.01,住家用,鋼筋混凝土造,88年10月21日,五層,,
RPSNMLMLKIHGFBG87CC,23,17.31,共有部份,鋼筋混凝土造,88年10月21日,五層,,
RPWOMLMLKIHGFBG38CC,40,15.95,商業用,鋼筋混凝土造,71年7月27日,八層,,
RPVOMLMLKIHGFBG28CC,29,13.01,共有部份,鋼筋混凝土造,83年3月3日,七層,,
RPWOMLMLKIHGFBG38CC,40,2.32,共有部份,鋼筋混凝土造,71年7月27日,八層,,
RPWOMLMLKIHGFBG38CC,40,2.79,共有部份,鋼筋混凝土造,71年7月27日,八層,,
RPROMLMLKIHGFBG87CC,9,51.35,住宅、樓梯間,鋼筋混凝土造,103年1月15日,三層,,
RPPQMLNLKIHGFAG87CC,52,194.97,住家用,ＲＣ加強磚造、ＲＣ造,59年7月15日,三層,,
RPVNMLLLKIHGFBG08CC,12,99.01,店舖,鋼筋混凝土造,100年4月14日,七層,,
RPVNMLLLKIHGFBG08CC,12,64.83,本共有部分之項目有防空避難室兼停車空間、管委會使用空間、電梯機房、水箱等４項。,鋼筋混凝土造,100年4月14日,七層,,
RPXPMLNLKIHGFBG68CC,42,98.64,住家用,鋼筋混凝土加強磚造,69年12月13日,二層,,
RPPQMLNLKIHGFBG97CC,26,49.19,住家用,鋼筋混凝土造,85年11月8日,五層,,
RPPQMLNLKIHGFBG97CC,26,13.61,共有部份,鋼筋混凝土造,85年11月8日,五層,,
RPPQMLNLKIHGFBG97CC,26,2.54,共有部份,鋼筋混凝土造,85年11月8日,五層,,
RPPQMLNLKIHGFBG97CC,26,9.85,共有部份,鋼筋混凝土造,85年11月8日,五層,,
RPQQMLNLKIHGFBG08CC,29,88.05,住家用,鋼筋混凝土造,83年1月12日,七層,,
RPQQMLNLKIHGFBG08CC,29,13.93,共有部份,鋼筋混凝土造,83年1月12日,七層,,
RPQQMLNLKIHGFBG08CC,29,19.49,共有部份,鋼筋混凝土造,83年1月12日,七層,,
RPSQMLNLKIHGFBG28CC,40,45.84,住家用,鋼筋混凝土造,71年9月13日,五層,,
RPSQMLNLKIHGFBG28CC,40,15.28,共有部份,鋼筋混凝土造,71年9月13日,五層,,
RPRQMLNLKIHGFBG18CC,26,65.72,住家用,鋼筋混凝土造,86年5月29日,七層,,
RPRQMLNLKIHGFBG18CC,26,22.03,共有部份,鋼筋混凝土造,86年5月29日,七層,,
RPTQMLNLKIHGFBG38CC,28,83.47,住家用,鋼筋混凝土造,84年2月10日,七層,,
RPTQMLNLKIHGFBG38CC,28,25.95,共有部份,鋼筋混凝土造,84年2月10日,七層,,
RPWNMLQLKIHGFBG68CC,27,123.08,住家用,鋼筋混凝土造,85年4月13日,七層,,
RPWNMLQLKIHGFBG68CC,27,45.82,共有部份,鋼筋混凝土造,85年4月13日,七層,,
RPXOMLNLKIHGFBG58CC,50,112.08,住家用,鋼筋混凝土加強磚造,62年1月17日,三層,,
RPXNMLNLKIHGFBG48CC,18,114.16,住家用,鋼筋混凝土造,93年9月27日,十四層,,
RPXNMLNLKIHGFBG48CC,18,20.67,共有部份,鋼筋混凝土造,93年9月27日,十四層,,
RPXNMLNLKIHGFBG48CC,18,40.27,共有部份,鋼筋混凝土造,93年9月27日,十四層,,
RPPNMLNLKIHGFBG67CC,39,32.34,住家用,鋼筋混凝土造,72年10月7日,五層,,
RPPNMLNLKIHGFBG67CC,39,6.06,共有部份,鋼筋混凝土造,72年10月7日,五層,,
RPUNMLNLKIHGFBG18CC,20,90.75,住家用,鋼筋混凝土加強磚造,91年8月6日,二層,,
RPTPMLNLKIHGFBG28CC,1,67.96,集合住宅,鋼筋混凝土造,111年3月10日,十三層,,
RPVNMLNLKIHGFBG28CC,17,17.23,住家用,鋼筋混凝土造,94年9月14日,六層,,
RPVNMLNLKIHGFBG28CC,17,13.53,共有部份,鋼筋混凝土造,94年9月14日,六層,,
RPTPMLNLKIHGFBG28CC,1,32.02,本共有部分之項目有：停車空間、車道、安全梯、昇降設備、梯廳、消防機房、雨水機房、水箱、防空避難室兼停車空間、台電配電場所、受電箱區、發電機室、電信室、管委會使用空間、戶外安全梯、垃圾處理空間、機械式、屋頂平台等１８項。,鋼筋混凝土造,111年3月10日,十四層,,
RPTOMLNLKIHGFBG18CC,5,47.65,集合住宅,鋼筋混凝土造,107年4月27日,二十三層,,
RPTOMLNLKIHGFBG18CC,5,36.36,本共有部分項目：停車空間、公共服務空間、管理委員會使用空間、梯廳、樓梯間、水箱、機房、陽台、緊急發電機、車道、電信室、台電配電室、排煙室、防災中心、汽車坡道、汙水機房、雨水回收機房、幫浦區、消防幫浦機房、電梯機房等二十項。,鋼筋混凝土造,107年4月27日,二十三層,,
RPRPMLNLKIHGFBG08CC,39,37.25,住家用,鋼筋混凝土造,73年6月14日,五層,,
RPRPMLNLKIHGFBG08CC,39,4.58,共有部份,鋼筋混凝土造,73年6月14日,五層,,
RPQOMLRLKIHGFAG18CC,30,29.23,住家用,鋼筋混凝土造,82年5月17日,四層,,
RPTOMLRLKIHGFAG48CC,26,85.15,住家用,鋼筋混凝土造,86年1月27日,六層,,
RPPOMLRLKIHGFAG08CC,30,28.88,住家用,鋼筋混凝土造,82年5月17日,四層,,
RPSOMLRLKIHGFAG38CC,30,28.88,住家用,鋼筋混凝土造,82年5月17日,四層,,
RPTOMLRLKIHGFAG48CC,26,14.65,梯間、共同使用部份,鋼筋混凝土造,86年1月27日,六層,,
RPTOMLRLKIHGFAG48CC,26,20.26,停車場、梯間、配電室、水箱共同使用部份,鋼筋混凝土造,86年1月27日,六層,,
RPQOMLPJJHIGFBG77CC,25,31.22,住家用,鋼筋混凝土造,86年9月2日,八層,,
RPOOMLOJJHIGFAG37CC,27,192.91,住家用,鋼筋混凝土造,85年1月10日,三層,,
RPVNMLSLKIHGFBG78CC,52,68.78,住家用,鋼筋混凝土加強磚造,59年8月20日,二層,,
RPQOMLPJJHIGFBG77CC,25,20.00,共有部份,鋼筋混凝土造,86年9月2日,八層,,
RPSOMLOJJHIGFBG87CC,29,103.17,住家用,鋼筋混凝土造,82年8月20日,七層,,
RPSOMLOJJHIGFBG87CC,29,31.91,防空避難室．樓梯間停車場,鋼筋混凝土造,82年8月20日,七層,,
RPROMLOJJHIGFBG77CC,28,41.15,住家用,鋼筋混凝土造,83年8月6日,七層,,
RPROMLOJJHIGFBG77CC,28,15.93,共有部份,鋼筋混凝土造,83年8月6日,七層,,
RPUNMLRJJHIGFBG28CC,1,87.12,集合住宅,鋼筋混凝土造,111年3月10日,十四層,,
RPUNMLRJJHIGFBG28CC,1,65.99,本共有部分之項目有：停車空間、車道、安全梯、昇降設備、梯廳、消防機房、雨水機房、水箱、防空避難室兼停車空間、台電配電場所、受電箱區、發電機室、電信室、管委會使用空間、戶外安全梯、垃圾處理空間、機械式、屋頂平台等１８項。,鋼筋混凝土造,111年3月10日,十四層,,
RPSOMLPJJHIGFBG97CC,16,40.61,住家用,鋼筋混凝土造,95年9月21日,十四層,,
RPSOMLPJJHIGFBG97CC,16,1.11,共有部份,鋼筋混凝土造,95年9月21日,十四層,,
RPSOMLPJJHIGFBG97CC,16,15.95,共有部份,鋼筋混凝土造,95年9月21日,十四層,,
RPSOMLPJJHIGFBG97CC,16,6.75,共有部份,鋼筋混凝土造,95年9月21日,十四層,,
RPPNMLMKJHIGFAG27CC,32,69.40,住家用,鋼筋混凝土造,80年7月3日,三層,,
RPXNMLKKJHIGFBG97CC,5,40.65,集合住宅,鋼筋混凝土造,106年8月14日,十五層,,
RPQOMLLKJHIGFBG47CC,24,210.87,住家用,鋼筋混凝土造,88年1月30日,四層,,
RPQOMLLKJHIGFBG47CC,24,89.64,共有部份,鋼筋混凝土造,88年1月30日,四層,,
RPOOMLKKJHIGFBG17CC,28,63.09,住家用,鋼筋混凝土造,84年5月16日,七層,,
RPXPMLMKJHIGFAG28CC,39,59.33,住家用,鋼筋混凝土造,72年7月19日,十一層,,
RPXPMLMKJHIGFAG28CC,,4.14,電梯．走道及公共設施,鋼筋混凝土造,,十層,,
RPXPMLMKJHIGFAG28CC,39,9.80,電梯及走道,鋼筋混凝土造,72年7月19日,十一層,,
RPTNMLQKJHIGFAG08CC,46,222.75,住家用,鋼筋混凝土加強磚造,65年10月8日,三層,,
RPVOMLQKJHIGFBG48CC,27,89.26,住家用,鋼筋混凝土造,84年10月3日,七層,,
RPVOMLQKJHIGFBG48CC,27,7.48,共有部份,鋼筋混凝土造,84年10月3日,七層,,
RPVOMLQKJHIGFBG48CC,27,15.62,共有部份,鋼筋混凝土造,84年10月3日,七層,,
RPSNMLRKJHIGFBG18CC,7,23.14,住宅、樓梯間,鋼筋混凝土造,105年6月15日,四層,,
RPQOMLRLKIHGFBG28CC,8,26.63,集合住宅,鋼筋混凝土造,103年7月1日,六層,,
RPQOMLRLKIHGFBG28CC,8,4.75,本件共有部分之項目：為門廊等１項,鋼筋混凝土造,103年7月1日,六層,,
RPQOMLRLKIHGFBG28CC,8,12.83,本件共有部分之項目：為停車空間、電梯間、電梯機房、樓梯間、水箱等５項,鋼筋混凝土造,103年7月1日,六層,,
RPUOMLRLKIHGFBG68CC,29,94.88,住家用,鋼筋混凝土造,83年4月19日,七層,,
RPUOMLRLKIHGFBG68CC,29,17.91,共有部份,鋼筋混凝土造,83年4月19日,七層,,
RPVOMLRLKIHGFBG78CC,26,59.58,住家用,鋼筋混凝土造,86年3月12日,八層,,
RPVOMLRLKIHGFBG78CC,26,27.78,共有部份,鋼筋混凝土造,86年3月12日,八層,,
RPTNMLRKJHIGFAG18CC,,48.92,集合住宅,鋼筋混凝土造,111年8月17日,五層,,
RPOOMLSKJHIGFBG97CC,2,54.37,集合住宅,鋼筋混凝土造,110年3月30日,十四層,,
RPTNMLRKJHIGFAG18CC,,11.18,本共有部分之項目有樓梯間、機械室及儲水槽等３項。,鋼筋混凝土造,111年8月17日,五層,,
RPOOMLSKJHIGFBG97CC,2,46.11,本共有部分之項目有：停車空間、電梯間、安全梯、水箱、機械機房、消防機房、排風機房、防空避難室兼停車空間、電信室、泳池機房、景觀機房、台電配電室、發電機室、防災中心、公共服務空間、垃圾儲藏空間等１６項,鋼筋混凝土造,110年3月30日,十八層,,
RPTNMLRKJHIGFAG18CC,,21.10,本共有部分之項目有停車空間、機電空間等２項。,鋼筋混凝土造,111年8月17日,五層,,
RPOOMLSKJHIGFBG97CC,2,16.63,本共有部分之項目有：樓梯間、梯廳、消防中繼機械室、水錶區、水箱、機械室等６項,鋼筋混凝土造,110年3月30日,十四層,,
RPSNMLRKJHIGFAG08CC,29,71.95,住家用,鋼筋混凝土造,82年12月16日,五層,,
RPSNMLRKJHIGFAG08CC,29,15.72,梯間．停車場,鋼筋混凝土造,82年12月16日,五層,,
RPWOMLTKJHIGFBG88CC,25,32.55,住家用,鋼筋混凝土造,86年9月2日,八層,,
RPXOMLTKJHIGFBG98CC,40,88.20,住家用,鋼筋混凝土造,72年5月11日,五層,,
RPWOMLTKJHIGFBG88CC,25,21.34,共有部份,鋼筋混凝土造,86年9月2日,八層,,
RPXOMLTKJHIGFBG98CC,40,5.76,樓梯間,鋼筋混凝土造,72年5月11日,五層,,
RPTOMLKMJHIGFAG77CC,,48.92,集合住宅,鋼筋混凝土造,111年8月17日,五層,,
RPTOMLKMJHIGFAG77CC,,11.18,本共有部分之項目有樓梯間、機械室及儲水槽等３項。,鋼筋混凝土造,111年8月17日,五層,,
RPTOMLKMJHIGFAG77CC,,21.10,本共有部分之項目有停車空間、機電空間等２項。,鋼筋混凝土造,111年8月17日,五層,,
RPSOMLTKJHIGFAG38CC,45,93.39,住家用,鋼筋混凝土加強磚造,66年10月12日,二層,,
RPXNMLTKJHIGFAG78CC,39,177.55,店舖、住宅,鋼筋混凝土造,73年1月23日,三層,,
RPUOMLKMJHIGFAG87CC,29,112.88,住家用,鋼筋混凝土造,83年5月27日,六層,,
RPUOMLKMJHIGFAG87CC,29,8.05,梯間及受電室、共用使用部份,鋼筋混凝土造,83年5月27日,六層,,
RPTOMLTKJHIGFAG48CC,30,28.88,住家用,鋼筋混凝土造,82年5月17日,四層,,
RPUOMLKMJHIGFAG87CC,29,16.61,停車場,鋼筋混凝土造,83年5月27日,六層,,
RPQOMLTKJHIGFAG18CC,1,49.22,集合住宅,鋼筋混凝土造,111年1月13日,五層,,
RPQNMLTKJHIGFAG08CC,25,83.21,住家用,鋼筋混凝土造,87年5月12日,六層,,
RPQOMLTKJHIGFAG18CC,1,16.53,本共有部分之項目有樓梯間、機械室及儲水槽等３項,鋼筋混凝土造,111年1月13日,五層,,
RPQNMLTKJHIGFAG08CC,25,18.47,停車場、共同使用部份,鋼筋混凝土造,87年5月12日,六層,,
RPQOMLTKJHIGFAG18CC,1,7.57,本共有部分之項目有停車空間、機電空間等２項,鋼筋混凝土造,111年1月13日,五層,,
RPQNMLTKJHIGFAG08CC,25,5.89,梯間、共同使用部份,鋼筋混凝土造,87年5月12日,六層,,
RPVOMLKMJHIGFAG97CC,25,92.16,住家用,鋼筋混凝土造,87年5月22日,十一層,,
RPVOMLKMJHIGFAG97CC,25,8.04,梯間、共同使用部份,鋼筋混凝土造,87年5月22日,十二層,,
RPVOMLKMJHIGFAG97CC,25,21.10,防空避難室、停車場、車道、共同使用部份,鋼筋混凝土造,87年5月22日,十二層,,
RPROMLTKJHIGFAG28CC,28,100.94,住家用,鋼筋混凝土造,84年3月15日,五層,,
RPROMLTKJHIGFAG28CC,28,2.20,屋頂突出物（梯間及水箱）,鋼筋混凝土造,84年3月15日,五層,,
RPUNMLRKJHIGFAG28CC,28,42.26,鄉村住宅,鋼筋混凝土造,84年5月24日,十一層,,
RPUNMLRKJHIGFAG28CC,28,.41,屋頂突出物．梯間．通道．水箱．共同使用部份,鋼筋混凝土造,84年5月24日,十二層,,
RPUNMLRKJHIGFAG28CC,28,.41,屋頂突出物．梯間．通道．水箱．共同使用部份,鋼筋混凝土造,84年5月24日,十二層,,
RPUNMLRKJHIGFAG28CC,28,8.51,共同使用部份（通道．梯間）,鋼筋混凝土造,84年5月24日,十二層,,
RPUNMLRKJHIGFAG28CC,28,10.75,共同使用部份（防空避難室．停車場．門廳．梯間．通道．守衛室）,鋼筋混凝土造,84年5月24日,十二層,,
RPWNMLLJKHIGFBG97CC,17,53.56,住商用,鋼筋混凝土造,94年9月27日,四層,,
RPVOMLMJKHIGFBG08CC,41,85.35,住家用,鋼筋混凝土造,71年2月27日,五層,,
RPVOMLMJKHIGFBG08CC,41,8.06,共有部份,鋼筋混凝土造,71年2月27日,五層,,
RPOOMLMJKHIGFAG27CC,30,95.43,住家用,鋼筋混凝土造,82年6月23日,五層,,
RPOOMLMJKHIGFAG27CC,30,5.91,空白,空白,82年6月23日,,,
RPQNMLLJKHIGFBG37CC,7,46.77,集合住宅,鋼筋混凝土造,105年6月8日,十一層,,
RPXNMLMJKHIGFAG08CC,43,94.78,住家用,鋼筋混凝土加強磚造,68年7月26日,二層,,
RPVOMLMJKHIGFBG08CC,41,13.26,共有部份,鋼筋混凝土造,71年2月27日,五層,,
RPQOMLMJKHIGFAG47CC,28,73.57,住家用,鋼筋混凝土造,83年8月2日,八層,,
RPQOMLMJKHIGFAG47CC,28,20.29,共同使用防空避難室、停車場、梯間、走道及車道,鋼筋混凝土造,83年8月2日,八層,,
RPSOMLMJKHIGFBG77CC,41,87.39,住家用,鋼筋混凝土加強磚造,70年12月15日,五層,,
RPSOMLMJKHIGFBG77CC,41,8.65,共有部份,鋼筋混凝土造,70年12月15日,五層,,
RPSOMLMJKHIGFBG77CC,41,5.69,共有部份,鋼筋混凝土加強磚造,70年12月15日,五層,,
RPQNMLLMJHIGFBG57CC,29,106.33,住家用,鋼筋混凝土造,82年8月23日,五層,,
RPQNMLLMJHIGFBG57CC,29,20.06,共有部份,鋼筋混凝土造,82年8月23日,五層,,
RPPOMLMJKHIGFAG37CC,26,92.49,住家用,鋼筋混凝土造,86年1月23日,六層,,
RPPOMLMJKHIGFAG37CC,26,12.48,梯間．共同使用部份,鋼筋混凝土造,86年1月23日,六層,,
RPPOMLMJKHIGFAG37CC,26,.72,管理室．共同使用部份,鋼筋混凝土造,86年1月23日,六層,,
RPPOMLMJKHIGFAG37CC,26,22.37,停車場．防空避難室．通道．共同使用部份,鋼筋混凝土造,86年1月23日,七層,,
RPTNMLNJKHIGFAG77CC,24,184.66,住家用,鋼筋混凝土造,87年9月11日,四層,,
RPROMLNJKHIGFBG77CC,30,35.64,住家用,鋼筋混凝土造,82年7月8日,七層,,
RPTOMLOJKHIGFBG08CC,29,93.30,住家用,鋼筋混凝土造,82年8月20日,五層,,
RPROMLNJKHIGFBG77CC,30,17.55,共有部份,鋼筋混凝土造,82年7月8日,七層,,
RPUNMLNJKHIGFAG87CC,28,65.72,住家用,鋼筋混凝土造,83年8月2日,八層,,
RPUNMLNJKHIGFAG87CC,28,16.75,共同使用防空避難室、停車場、梯間、走道及車道,鋼筋混凝土造,83年8月2日,八層,,
RPQOMLSJKHIGFBG18CC,1,55.06,集合住宅,鋼筋混凝土造,110年3月30日,十四層,,
RPRNMLNJKHIGFBG67CC,40,88.20,住家用,鋼筋混凝土造,72年5月11日,五層,,
RPTOMLOJKHIGFBG08CC,29,18.15,共有部份,鋼筋混凝土造,82年8月20日,五層,,
RPQOMLSJKHIGFBG18CC,1,46.25,本共有部分之項目有：停車空間、電梯間、安全梯、水箱、機械機房、消防機房、排風機房、防空避難室兼停車空間、電信室、泳池機房、景觀機房、台電配電室、發電機室、防災中心、公共服務空間、垃圾儲藏空間等１６項,鋼筋混凝土造,110年3月30日,十八層,,
RPRNMLNJKHIGFBG67CC,40,5.76,共有部份,鋼筋混凝土造,72年5月11日,五層,,
RPQOMLSJKHIGFBG18CC,1,16.83,本共有部分之項目有：樓梯間、梯廳、消防中繼機械室、水錶區、水箱、機械室等６項,鋼筋混凝土造,110年3月30日,十四層,,
RPUPMLTJKHIGFAG68CC,28,154.23,住家用,鋼筋混凝土造,84年3月6日,三層,,
RPUNMLTJKHIGFBG58CC,29,263.82,住商用,鋼筋混凝土造,83年5月6日,四層,,
RPUOMLSJKHIGFBG58CC,46,110.34,住家用,鋼筋混凝土加強磚造,65年11月2日,二層,,
RPROMLKKKHIGFBG57CC,7,39.66,住宅、樓梯間,鋼筋混凝土造,105年6月15日,四層,,
