﻿編號,車位類別,車位價格,車位面積平方公尺,車位所在樓層
Serial number,berth category,berth price,berth area square meter,
RPOPMLNLJIHGFAI77CC,坡道平面,0,31.12,地下一樓
RPTOMLNKKIHGFAI18CC,坡道平面,0,31.12,地下一樓
RPVOMLNKKIHGFAI38CC,坡道平面,0,31.12,地下二樓
RPUOMLKLKIHGFAI08CC,坡道機械,0,14.31,地下二樓
RPPOMLKMKIHGFAI67CC,坡道機械,0,14.31,地下二樓
RPTNMLTJJHIGFAI48CC,一樓平面,0,,一樓
RPRNMLKKKHIGFAI57CC,坡道平面,0,11.95,地下一樓
