﻿鄉鎮市區,交易標的,土地位置建物門牌,土地面積平方公尺,都市土地使用分區,非都市土地使用分區,非都市土地使用編定,租賃年月日,租賃筆棟數,租賃層次,總樓層數,建物型態,主要用途,主要建材,建築完成年月,建物總面積平方公尺,建物現況格局-房,建物現況格局-廳,建物現況格局-衛,建物現況格局-隔間,有無管理組織,有無附傢俱,總額元,單價元平方公尺,車位類別,車位面積平方公尺,車位總額元,備註,編號
The villages and towns urban district,transaction sign,land sector position building sector house number plate,land shifting total area square meter,the use zoning or compiles and checks,the non-metropolis land use district,non-metropolis land use,transaction year month and day,transaction pen number,shifting level,total floor number,building state,main use,main building materials,construction to complete the years,building shifting total area,Building present situation pattern - room,building present situation pattern - hall,building present situation pattern - health,building present situation pattern - compartmented,Whether there is manages the organization,Whether there is attaches the furniture,total price NTD,the unit price (NTD / square meter),the berth category,berth shifting total area square meter,the berth total price NTD,the note,serial number
嘉義市,建物,嘉義市嘉義市東洋新?１２３-９號２樓１,0.0,住,,,1111020,土地0建物1車位0,二層,5,套房(1房1廳1衛),住家用,鋼筋混凝土造,0780518,41.56999999999999,1,1,1,有,有,有,7000,168,,0.0,0,,RPSNMLLKJIHGFAI67CC
嘉義市,建物,嘉義市嘉義市自強街１９５巷３３-１５號３樓３,0.0,商,,,1111108,土地0建物1車位0,三層,8,套房(1房1廳1衛),住家用,鋼筋混凝土造,0841013,35.03,1,0,1,有,有,有,5500,157,,0.0,0,嘉義市政府包租代管計畫。水電費、瓦斯費及每月管理費480元皆由承租人負擔。,RPTNMLLKJIHGFAI77CC
嘉義市,建物,嘉義市嘉義市市宅街４７３號７樓３,0.0,住,,,1111110,土地0建物1車位0,七層,7,華廈(10層含以下有電梯),住家用,鋼筋混凝土造,0830616,112.77,3,1,2,有,有,有,13000,115,,0.0,0,嘉義市政府包租代管計畫。水電費、瓦斯費由承租人負擔。,RPWNMLLKJIHGFAI08CC
嘉義市,建物,嘉義市嘉義市德明路１７０號九樓２,0.0,商,,,1111109,土地0建物1車位0,九層,12,住宅大樓(11層含以上有電梯),住家用,鋼筋混凝土造,0830530,136.47,3,2,2,有,有,有,15000,110,,0.0,0,嘉義市政府包租代管計畫。水電費、瓦斯費及每月管理費1447元皆由承租人負擔。,RPXNMLLKJIHGFAI18CC
嘉義市,建物,嘉義市嘉義市大業街１０６巷４７號５樓之３,0.0,住,,,1111024,土地0建物1車位0,五層,15,住宅大樓(11層含以上有電梯),集合住宅,鋼筋混凝土構造,1100309,107.63,2,2,1,有,有,有,23000,214,,0.0,0,,RPOOMLLKJIHGFAI37CC
嘉義市,房地(土地+建物),嘉義市嘉義市西區興安街２５０巷１７號,71.0,住,,,1111111,土地1建物1車位0,全,3,透天厝,住家用,鋼筋混凝土造,0800602,152.3,4,2,3,有,無,有,15500,102,,0.0,0,嘉義市政府包租代管計畫；水電瓦斯費由承租人負擔。,RPTNMLOKJIHGFAI08CC
嘉義市,建物,嘉義市嘉義市光彩街５０５號６樓１７,0.0,商,,,1111111,土地0建物1車位0,六層,6,套房(1房1廳1衛),住家用,鋼筋混凝土造,0820426,31.51,1,0,1,有,有,有,5700,181,,0.0,0,嘉義市政府包租代管計畫；水電瓦斯費及每月管理費800元由承租人負擔。,RPUNMLOKJIHGFAI18CC
嘉義市,建物,嘉義市嘉義市彌陀路４０號三樓之９,0.0,住,,,1111107,土地0建物1車位0,三層,4,套房(1房1廳1衛),辦公室,鋼筋混凝土造,0970303,14.02,1,0,1,有,有,有,4000,285,,0.0,0,,RPPOMLPKJIHGFAI87CC
嘉義市,建物,嘉義市嘉義市彌陀路４２號四樓之９,0.0,住,,,1111108,土地0建物1車位0,四層,4,套房(1房1廳1衛),辦公室,鋼筋混凝土造,0970303,14.02,1,0,1,有,有,有,4000,285,,0.0,0,,RPQOMLPKJIHGFAI97CC
嘉義市,建物,嘉義市嘉義市彌陀路４０號四樓之７,0.0,住,,,1111108,土地0建物1車位0,四層,4,套房(1房1廳1衛),辦公室,鋼筋混凝土造,0970303,14.02,1,0,1,有,有,有,4000,285,,0.0,0,,RPROMLPKJIHGFAI08CC
嘉義市,房地(土地+建物),嘉義市嘉義市西區垂楊路３１６號１０樓之１，之２，之３,47.46,商,,,1111105,土地1建物3車位0,十層,12,辦公商業大樓,商業用,鋼筋混凝土造,0780703,551.32,0,0,0,無,有,無,110000,200,,0.0,0,2間衛浴,RPVOMLPKJIHGFAI68EC
嘉義市,土地,溪厝段116地號,2246.0,農,,,1111111,土地1建物0車位0,,,其他,,,,0.0,0,0,0,有,無,有,55000,24,,0.0,0,土地有一 未保存登記建物（門牌：嘉義市西區大溪里北港路1277-9號北側）,RPPNMLQKJIHGFAI08EC
嘉義市,建物,嘉義市嘉義市青年街１２８號６樓１,0.0,住,,,1111109,土地0建物1車位0,六層,9,華廈(10層含以下有電梯),住家用,鋼筋混凝土造,0810914,78.43,2,1,1,有,有,有,11000,140,,0.0,0,嘉義市政府包租代管計畫。水電費、瓦斯費及每月管理費1100元皆由承租人負擔。,RPUNMLRKJIHGFAI48CC
嘉義市,建物,嘉義市嘉義市友孝路２８７號八樓,0.0,住,,,1111111,土地0建物1車位0,八層,12,住宅大樓(11層含以上有電梯),住家用,鋼筋混凝土造,0881129,94.68,2,2,2,有,有,有,9000,95,,0.0,0,嘉義市政府包租代管計畫。水電費、瓦斯費及每月管理費1465元皆由承租人負擔。,RPVNMLRKJIHGFAI58CC
嘉義市,建物,嘉義市嘉義市玉山路２４０巷２號十一樓之５,0.0,商,,,1111116,土地0建物1車位0,十一層,12,住宅大樓(11層含以上有電梯),住家用,鋼筋混凝土造,0830718,65.89,2,1,1,有,有,有,11000,167,,0.0,0,嘉義市政府包租代管計畫。水電費、瓦斯費及每月管理費1200元皆由承租人負擔。,RPWNMLRKJIHGFAI68CC
嘉義市,建物,嘉義市嘉義市市宅街４７-５號,0.0,住,,,1111115,土地0建物1車位0,一層,7,華廈(10層含以下有電梯),住家用,鋼筋混凝土造,0830616,110.87,3,1,2,有,有,有,12000,108,,0.0,0,嘉義市政府包租代管計畫。水電費、瓦斯費、網路費及每季管理費3590元皆由承租人負擔。,RPXNMLRKJIHGFAI78CC
嘉義市,建物,嘉義市嘉義市忠孝路６之１號５樓１,0.0,商,,,1111116,土地0建物1車位0,五層,8,套房(1房1廳1衛),住家用,鋼筋混凝土造,0791208,25.44,1,0,1,有,有,有,4500,177,,0.0,0,,RPOOMLRKJIHGFAI97CC
嘉義市,建物,嘉義市嘉義市興業西路３３６之１號５樓１,0.0,住,,,1111116,土地0建物1車位0,五層,12,套房(1房1廳1衛),住家用,鋼筋混凝土造,0830516,40.15,1,0,1,有,有,有,6000,149,,0.0,0,嘉義市政府包租代管計畫。水電費、瓦斯費由承租人負擔。,RPQOMLRKJIHGFAI18CC
嘉義市,房地(土地+建物),嘉義市嘉義市忠孝路１８１巷７號,85.0,住,,,1111116,土地1建物1車位0,全,2,透天厝,住家用,鋼筋混凝土加強磚造,0640724,72.75,3,1,3,有,無,有,10000,137,,0.0,0,嘉義市政府包租代管計畫；水電瓦斯費由承租人負擔。,RPVNMLSKJIHGFAI68CC
嘉義市,房地(土地+建物),嘉義市嘉義市民生南路７５６號,92.0,住,,,1111116,土地1建物1車位0,全,4,透天厝,住商用,鋼筋混凝土造,0861230,239.19,7,2,4,有,無,有,30000,125,,0.0,0,水電費由承租人負擔。,RPUNMLMLJIHGFAI08CC
嘉義市,房地(土地+建物),嘉義市嘉義市林森東路１０２號,33.38,住,,,1111108,土地1建物1車位0,一層,4,店面(店鋪),店鋪,鋼筋混凝土構造,1091012,50.46,0,1,1,有,無,無,26000,515,,0.0,0,,RPXNMLMLJIHGFAI38CC
嘉義市,建物,嘉義市嘉義市彌陀路４０號二樓之９,0.0,住,,,1111114,土地0建物1車位0,二層,4,套房(1房1廳1衛),辦公室,鋼筋混凝土造,0970303,14.02,1,0,1,有,有,有,4000,285,,0.0,0,,RPRNMLNLJIHGFAI87CC
嘉義市,建物,嘉義市嘉義市彌陀路４２號三樓之２９,0.0,住,,,1111114,土地0建物1車位0,三層,4,套房(1房1廳1衛),辦公室,鋼筋混凝土造,0970303,14.02,1,0,1,有,有,有,3700,264,,0.0,0,,RPTNMLNLJIHGFAI08CC
嘉義市,建物,嘉義市嘉義市民生南路１０００號四樓之１,0.0,住,,,1111116,土地0建物1車位0,四層,5,套房(1房1廳1衛),集合住宅,鋼筋混凝土構造,1070802,13.16,1,0,1,有,有,有,4000,304,,0.0,0,,RPXNMLNLJIHGFAI48CC
嘉義市,建物,嘉義市嘉義市民生南路１０００號四樓之８,0.0,住,,,1111031,土地0建物1車位0,四層,5,套房(1房1廳1衛),集合住宅,鋼筋混凝土構造,1070802,12.93,1,0,1,有,有,有,3700,286,,0.0,0,,RPQOMLNLJIHGFAI87CC
嘉義市,建物,嘉義市嘉義市大業街１０６巷４７號十二樓之３,0.0,商,,,1111114,土地0建物1車位1,十二層,15,住宅大樓(11層含以上有電梯),集合住宅,鋼筋混凝土構造,1100309,138.74,2,1,1,有,有,有,20000,144,坡道平面,31.12,0,水電費、瓦斯費及每月管理費3205元皆由承租人負擔。,RPOPMLNLJIHGFAI77CC
嘉義市,建物,嘉義市嘉義市彌陀路１３７號１１樓３,0.0,住,,,1111122,土地0建物1車位0,十一層,20,套房(1房1廳1衛),住家用,鋼筋混凝土造,0850311,61.82000000000001,1,0,1,有,有,有,9500,154,,0.0,0,嘉義市政府包租代管計畫。水電費、瓦斯費、網路費及每月管理費525元皆由承租人負擔。,RPPPMLNLJIHGFAI87CC
嘉義市,房地(土地+建物),嘉義市嘉義市西區宣信街２３巷２１之３５號,163.0,住,,,1111124,土地2建物1車位0,全,4,透天厝,住家用,鋼筋混凝土造,0800114,192.37,6,2,3,有,無,有,30000,156,,0.0,0,,RPVOMLOLJIHGFAI68EC
嘉義市,建物,嘉義市嘉義市林森東路２１１巷１８號,0.0,住,,,1111122,土地0建物1車位0,一層,7,華廈(10層含以下有電梯),住家用,鋼筋混凝土造,0790112,149.66,4,2,2,有,有,有,11000,73,,0.0,0,嘉義市政府包租代管計畫；水電瓦斯費及管理費1900元由承租人負擔。,RPRNMLPLJIHGFAI08CC
嘉義市,房地(土地+建物),嘉義市嘉義市博東路１５１號４樓１,13.78,住,,,1111102,土地1建物1車位0,四層,22,住宅大樓(11層含以上有電梯),住家用,鋼筋混凝土造,0870319,119.94,3,2,2,有,有,有,14000,117,,0.0,0,,RPSNMLPLJIHGFAI18CC
嘉義市,建物,嘉義市嘉義市彌陀路４２號四樓之２２,0.0,住,,,1111120,土地0建物1車位0,四層,4,套房(1房1廳1衛),辦公室,鋼筋混凝土造,0970303,14.419999999999998,1,0,1,有,有,有,3900,270,,0.0,0,,RPVNMLPLJIHGFAI48CC
嘉義市,建物,嘉義市嘉義市彌陀路４２號四樓之６,0.0,住,,,1111121,土地0建物1車位0,四層,4,套房(1房1廳1衛),辦公室,鋼筋混凝土造,0970303,14.02,1,0,1,有,有,有,4000,285,,0.0,0,,RPWNMLPLJIHGFAI58CC
嘉義市,房地(土地+建物),嘉義市嘉義市博東路１５５號１１樓２,15.28,住,,,1111101,土地1建物1車位0,十一層,22,住宅大樓(11層含以上有電梯),住家用,鋼筋混凝土造,0870319,124.73,3,2,2,有,有,有,12000,96,,0.0,0,,RPXNMLPLJIHGFAI68CC
嘉義市,建物,嘉義市嘉義市興業西路３３６之１號４樓１,0.0,住,,,1111124,土地0建物1車位0,四層,12,套房(1房1廳1衛),住家用,鋼筋混凝土造,0830516,40.15,1,0,1,有,有,有,6000,149,,0.0,0,嘉義市政府包租代管計畫。水電費、瓦斯費皆由承租人負擔。,RPUNMLSLJIHGFAI68CC
嘉義市,建物,嘉義市嘉義市杭州四街８６號６樓１,0.0,住,,,1111125,土地0建物1車位0,六層,7,套房(1房1廳1衛),住家用,鋼筋混凝土造,0780117,43.22,1,0,1,有,有,有,6300,146,,0.0,0,,RPOOMLKMJIHGFAI47CC
嘉義市,建物,嘉義市嘉義市興業西路３３６之１號６樓３,0.0,住,,,1111125,土地0建物1車位0,六層,12,套房(1房1廳1衛),住家用,鋼筋混凝土造,0830516,63.91,1,0,1,有,有,有,7000,110,,0.0,0,,RPPOMLKMJIHGFAI57CC
嘉義市,建物,嘉義市嘉義市彌陀路１３９號６樓４,0.0,住,,,1111125,土地0建物1車位0,六層,20,套房(1房1廳1衛),住家用,鋼筋混凝土造,0850311,61.82000000000001,1,0,1,有,有,有,6000,97,,0.0,0,嘉義市政府包租代管計畫。水電費、瓦斯費及每月管理費468元皆由承租人負擔。,RPQOMLKMJIHGFAI67CC
嘉義市,房地(土地+建物),嘉義市嘉義市共和路１３５巷１４之３號,92.75,住,,,1111125,土地1建物1車位0,全,2,透天厝,住家用,鋼筋混凝土造,0651204,106.02,4,2,2,有,無,有,15000,141,,0.0,0,嘉義市政府包租代管計畫。水電費、瓦斯費皆由承租人負擔。,RPROMLKMJIHGFAI77CC
嘉義市,建物,嘉義市嘉義市林森東路２１１巷１６號２樓１,0.0,住,,,1111124,土地0建物1車位0,二層,7,華廈(10層含以下有電梯),住家用,鋼筋混凝土造,0790112,131.07,3,1,2,有,有,有,10000,76,,0.0,0,嘉義市政府包租代管計畫。水電費、瓦斯費及每月管理費1900元皆由承租人負擔。,RPTOMLKMJIHGFAI97CC
嘉義市,建物,嘉義市嘉義市西榮街１０號４樓１,0.0,住,,,1111125,土地0建物1車位0,四層,5,公寓(5樓含以下無電梯),住家用,鋼筋混凝土造,0730904,98.78999999999999,3,1,2,有,無,有,13800,140,,0.0,0,嘉義市政府包租代管計畫。水電費、瓦斯費及網路費皆由承租人負擔。,RPUOMLKMJIHGFAI08CC
嘉義市,房地(土地+建物),嘉義市嘉義市博東路１１５號２樓１,9.73,住,,,1111105,土地1建物1車位0,二層,22,住宅大樓(11層含以上有電梯),住家用,鋼筋混凝土造,0870319,84.41,2,2,1,有,有,有,12000,142,,0.0,0,,RPSNMLLJKIHGFAI67CC
嘉義市,房地(土地+建物),嘉義市嘉義市博東路１５９號１６樓４,10.54,住,,,1111109,土地1建物1車位0,十六層,22,住宅大樓(11層含以上有電梯),住家用,鋼筋混凝土造,0870319,87.43,2,2,1,有,有,有,11000,126,,0.0,0,,RPTNMLLJKIHGFAI77CC
嘉義市,建物,嘉義市嘉義市民族路７０３號,0.0,商,,,1111122,土地0建物0車位0,四層,5,套房(1房1廳1衛),店舖、住房、防空避難室,鋼筋混凝土造,0830202,21.91,1,0,1,有,無,有,4200,192,,0.0,0,本案為透天，此次只出租第四層。電費及水費每人100元皆由承租人負擔。,RPUNMLLJKIHGFAI87CC
嘉義市,建物,嘉義市嘉義市彌陀路４０號三樓之９,0.0,住,,,1111124,土地0建物1車位0,三層,4,套房(1房1廳1衛),辦公室,鋼筋混凝土造,0970303,14.02,1,0,1,有,有,有,4000,285,,0.0,0,,RPVNMLLJKIHGFAI97CC
嘉義市,建物,嘉義市嘉義市忠孝北街２２６號六樓之６,0.0,住,,,1111128,土地0建物1車位0,六層,7,套房(1房1廳1衛),住家用,鋼筋混凝土造,0830127,33.8,1,0,1,有,有,有,6500,192,,0.0,0,嘉義市政府包租代管計畫。水電費、瓦斯費及每月管理費500元皆由承租人負擔。,RPWNMLLJKIHGFAI08CC
嘉義市,建物,嘉義市嘉義市保建街３６之１０號８樓２,0.0,其他,,,1111129,土地0建物1車位0,八層,12,住宅大樓(11層含以上有電梯),住家用,鋼筋混凝土造,0820623,85.55000000000001,3,1,2,有,有,有,12600,147,,0.0,0,嘉義市政府包租代管計畫。水電費、瓦斯費由承租人負擔。,RPXNMLLJKIHGFAI18CC
嘉義市,建物,嘉義市嘉義市忠孝路６之１號５樓２,0.0,商,,,1111130,土地0建物1車位0,五層,8,套房(1房1廳1衛),住家用,鋼筋混凝土造,0791208,29.150000000000002,1,0,1,有,有,有,5300,182,,0.0,0,嘉義市政府包租代管計畫。水電費、瓦斯費由承租人負擔。,RPRNMLMJKIHGFAI67CC
嘉義市,建物,嘉義市嘉義市小雅路２０１號１２樓１４,0.0,住,,,1111128,土地0建物1車位0,十二層,16,套房(1房1廳1衛),住家用,鋼筋混凝土造,0820609,59.16,1,0,1,有,有,有,8000,135,,0.0,0,嘉義市政府包租代管計畫。水電費、瓦斯費及每月管理費500元皆由承租人負擔。,RPWNMLMJKIHGFAI18CC
嘉義市,建物,嘉義市嘉義市小雅路２０１號１０樓１０,0.0,住,,,1111130,土地0建物1車位0,十層,16,套房(1房1廳1衛),住家用,鋼筋混凝土造,0820609,48.12,1,0,1,有,有,有,6800,141,,0.0,0,嘉義市政府包租代管計畫。水電費、瓦斯費及每月管理費500元皆由承租人負擔。,RPQOMLQJKIHGFAI08CC
嘉義市,建物,嘉義市嘉義市青年街１１８號,0.0,住,,,1111130,土地0建物1車位0,一層,9,華廈(10層含以下有電梯),住家用,鋼筋混凝土造,0810914,85.07000000000001,3,1,1,有,有,有,8000,94,,0.0,0,嘉義市政府包租代管計畫。水電費、瓦斯費及每月管理費1338元皆由承租人負擔。,RPSOMLQJKIHGFAI28CC
嘉義市,房地(土地+建物),嘉義市嘉義市西區玉山路６２５號,105.38,住,,,1111201,土地1建物1車位0,全,4,透天厝,住商用,鋼筋混凝土造,0931129,201.8,4,2,3,有,無,無,18000,89,,0.0,0,,RPRNMLRJKIHGFAI18CC
嘉義市,建物,嘉義市嘉義市興業西路３３６之１號５樓４,0.0,住,,,1111205,土地0建物1車位0,五層,12,套房(1房1廳1衛),住家用,鋼筋混凝土造,0830516,57.96000000000001,1,0,1,有,有,有,6000,104,,0.0,0,嘉義市政府包租代管計畫。水電費、瓦斯費由承租人負擔。,RPWNMLRJKIHGFAI68CC
嘉義市,建物,嘉義市嘉義市彌陀路４２號二樓之２９,0.0,住,,,1111127,土地0建物1車位0,二層,4,套房(1房1廳1衛),辦公室,鋼筋混凝土造,0970303,14.02,1,0,1,有,有,有,4000,285,,0.0,0,,RPRNMLTJKIHGFAI38CC
嘉義市,建物,嘉義市嘉義市彌陀路４０號二樓之１６,0.0,住,,,1111127,土地0建物1車位0,二層,4,套房(1房1廳1衛),辦公室,鋼筋混凝土造,0970303,14.02,1,0,1,有,有,有,4000,285,,0.0,0,,RPTNMLTJKIHGFAI58CC
嘉義市,建物,嘉義市嘉義市彌陀路４０號二樓之７,0.0,住,,,1111201,土地0建物1車位0,二層,4,套房(1房1廳1衛),辦公室,鋼筋混凝土造,0970303,14.02,1,0,1,有,有,有,4000,285,,0.0,0,,RPUNMLTJKIHGFAI68CC
嘉義市,房地(土地+建物),嘉義市嘉義市博東路１１７號１１樓１,9.73,住,,,1111115,土地1建物1車位0,十一層,22,住宅大樓(11層含以上有電梯),住家用,鋼筋混凝土造,0870319,79.56,2,2,1,有,有,有,9000,113,,0.0,0,,RPSNMLKKKIHGFAI67CC
嘉義市,房地(土地+建物),嘉義市嘉義市博東路１５３號４樓２,15.4,住,,,1111117,土地1建物1車位0,四層,22,住宅大樓(11層含以上有電梯),住家用,鋼筋混凝土造,0870319,124.32,3,2,2,有,有,有,14000,113,,0.0,0,,RPTNMLKKKIHGFAI77CC
嘉義市,建物,嘉義市嘉義市民樂街７２號,10.0,住,,,1111117,土地0建物1車位0,見其他登記事項,,華廈(10層含以下有電梯),,,,10.0,0,0,0,無,有,無,10000,1000,,0.0,0,,RPRNMLKKKIHGFAI67DC
嘉義市,建物,嘉義市嘉義市忠孝路６之１號６樓２,0.0,商,,,1111208,土地0建物1車位0,六層,8,套房(1房1廳1衛),住家用,鋼筋混凝土造,0791208,29.150000000000002,1,0,1,有,有,有,5000,172,,0.0,0,嘉義市政府包租代管計畫。水電費、瓦斯費由承租人負擔。,RPWOMLMKKIHGFAI38CC
嘉義市,房地(土地+建物),嘉義市嘉義市國華街３１６號,85.0,商,,,1111124,土地1建物1車位0,見其他登記事項,5,店面(店鋪),店舖、住宅,鋼筋混凝土構造,1041110,299.99,4,3,6,有,無,有,40000,133,,0.0,0,,RPWNMLNKKIHGFAI38CC
嘉義市,房地(土地+建物)+車位,嘉義市嘉義市案業里８鄰大業街１０６巷４９號１４樓之２,25.05,住,,,1111128,土地2建物1車位1,十四層,15,住宅大樓(11層含以上有電梯),集合住宅,鋼筋混凝土構造,1100309,155.82999999999998,2,2,2,有,有,有,23000,148,坡道平面,31.12,0,,RPTOMLNKKIHGFAI18CC
嘉義市,房地(土地+建物)+車位,嘉義市嘉義市安業里８鄰大業街１０６巷４７號１３樓之３,22.32,住,,,1111128,土地2建物1車位1,十三層,15,住宅大樓(11層含以上有電梯),集合住宅,鋼筋混凝土構造,1100309,138.74,1,2,1,有,有,有,18000,130,坡道平面,31.12,0,,RPVOMLNKKIHGFAI38CC
嘉義市,建物,嘉義市嘉義市新榮路１號三樓之１,0.0,其他,,,1111209,土地0建物1車位0,三層,14,住宅大樓(11層含以上有電梯),住家用,鋼筋混凝土造,0931103,183.64,3,1,2,有,有,有,19000,103,,0.0,0,嘉義市政府包租代管計畫。水電費、瓦斯費、網路費及每月管理費1200元皆由承租人負擔。,RPPPMLNKKIHGFAI87CC
嘉義市,建物,嘉義市嘉義市興業西路３３６之１號１２樓６,0.0,住,,,1111212,土地0建物1車位0,十二層,12,住宅大樓(11層含以上有電梯),住家用,鋼筋混凝土造,0830516,156.22,3,1,2,有,有,有,15000,96,,0.0,0,嘉義市政府包租代管計畫。水電費、瓦斯費由承租人負擔。,RPQPMLNKKIHGFAI97CC
嘉義市,建物,嘉義市嘉義市民生南路１６９號,0.0,住,,,1111212,土地0建物0車位0,二層,5,套房(1房1廳1衛),住商用,鋼筋混凝土造,0830708,30.86,1,0,1,有,無,有,5000,162,,0.0,0,本案為透天，此次僅出租第二層，面積為30.86平方公尺。電費及每月水費100元由承租人負擔。,RPVNMLOKKIHGFAI38CC
嘉義市,建物,嘉義市嘉義市永安街３４７號七樓,0.0,住,,,1111213,土地0建物1車位0,七層,12,住宅大樓(11層含以上有電梯),住家用,鋼筋混凝土造,0931028,187.32,3,1,2,有,有,有,16800,90,,0.0,0,嘉義市政府包租代管計畫。水電費、瓦斯費、網路費及每月管理費1200元皆由承租人負擔。,RPQOMLPKKIHGFAI08CC
嘉義市,房地(土地+建物),嘉義市嘉義市德陽街３０號１１樓３室,897.0,商,,,1111201,土地1建物1車位0,十一層,11,住宅大樓(11層含以上有電梯),住家用,鋼筋混凝土造,0860204,198.99,4,2,2,有,有,無,15050,76,,0.0,0,,RPWNMLPKKIHGFAI78EC
嘉義市,房地(土地+建物),嘉義市嘉義市博東路１５５號１２樓２,15.4,住,,,1111124,土地1建物1車位0,十二層,22,住宅大樓(11層含以上有電梯),住家用,鋼筋混凝土造,0870319,124.74000000000001,3,2,2,有,有,有,14000,112,,0.0,0,,RPWNMLTKKIHGFAI98CC
嘉義市,房地(土地+建物),嘉義市嘉義市博東路１５９號１５樓３,9.73,住,,,1111124,土地1建物1車位0,十五層,22,住宅大樓(11層含以上有電梯),住家用,鋼筋混凝土造,0870319,83.95,2,2,1,有,有,有,12000,143,,0.0,0,,RPXNMLTKKIHGFAI09CC
嘉義市,建物,嘉義市嘉義市小雅路３４３號５樓１０,0.0,住,,,1111216,土地0建物1車位0,五層,12,套房(1房1廳1衛),住家用,鋼筋混凝土造,0820609,28.11,1,0,1,有,有,有,5000,178,,0.0,0,嘉義市政府包租代管計畫。水電費、瓦斯費皆由承租人負擔。,RPROMLTKKIHGFAI58CC
嘉義市,建物,嘉義市嘉義市嘉北街１２巷２９號７樓２,0.0,住,,,1111215,土地0建物1車位0,七層,7,華廈(10層含以下有電梯),住家用,鋼筋混凝土造,0791015,145.36,3,2,2,有,有,有,9000,62,,0.0,0,嘉義市政府包租代管計畫。水電費、瓦斯費及每月管理費617元皆由承租人負擔。,RPSOMLTKKIHGFAI68CC
嘉義市,建物,嘉義市嘉義市世賢路一段６１２巷２弄２０號,0.0,住,,,1111215,土地0建物1車位0,全,1,透天厝,住家用,鋼筋混凝土加強磚造,0680814,42.0,3,2,1,有,無,有,7500,179,,0.0,0,嘉義市政府包租代管計畫。水電費、瓦斯費皆由承租人負擔。,RPRNMLKLKIHGFAI67CC
嘉義市,建物,嘉義市嘉義市溪興街１４３號,0.0,商,,,1111215,土地0建物1車位0,見其他登記事項,15,住宅大樓(11層含以上有電梯),住商用,鋼筋混凝土造,0800627,174.87,3,1,3,有,有,有,15000,86,,0.0,0,嘉義市政府包租代管計畫。水電費、瓦斯費及每月管理費400元皆由承租人負擔。,RPTNMLKLKIHGFAI87CC
嘉義市,建物,嘉義市嘉義市上海路１２２號５樓４,0.0,住,,,1111215,土地0建物1車位0,五層,5,公寓(5樓含以下無電梯),國民住宅,鋼筋混凝土造,0730220,88.53,3,1,2,有,無,有,9000,102,,0.0,0,嘉義市政府包租代管計畫。水電費、瓦斯費及網路費皆由承租人負擔。,RPVNMLKLKIHGFAI08CC
嘉義市,建物,嘉義市嘉義市中興路４９號４樓７,0.0,商,,,1111216,土地0建物1車位0,四層,10,套房(1房1廳1衛),住家用,鋼筋混凝土造,0770924,35.5,1,0,1,有,有,有,5300,149,,0.0,0,嘉義市政府包租代管計畫。水電費、瓦斯費及每月管理費600元皆由承租人負擔。,RPWNMLKLKIHGFAI18CC
嘉義市,建物,嘉義市嘉義市廣州街２１９號之３六樓５,0.0,住,,,1111215,土地0建物1車位0,六層,7,套房(1房1廳1衛),住家用,鋼筋混凝土造,0830319,38.7,1,0,1,有,有,有,5300,137,,0.0,0,嘉義市政府包租代管計畫。水電費、瓦斯費及每月管理費500元皆由承租人負擔。,RPOOMLKLKIHGFAI47CC
嘉義市,房地(土地+建物)+車位,嘉義市嘉義市忠孝路７９０-８號１０樓５,20.04,住,,,1111213,土地1建物1車位1,十層,14,住宅大樓(11層含以上有電梯),集合住宅,鋼筋混凝土構造,1050510,165.75,3,2,2,有,有,有,26000,157,坡道機械,14.31,0,含管理費含機械車位,RPUOMLKLKIHGFAI08CC
嘉義市,土地,埤子頭段新厝小段436地號,328.0,住,,,1111209,土地2建物0車位0,,,其他,,,,0.0,0,0,0,有,無,無,10000,30,,0.0,0,1.租賃期限:112年1月1日至117年1月31日止，共計5年1個月。,RPWOMLKLKIHGFAI28CC
嘉義市,建物,嘉義市嘉義市僑嘉三街８６號五樓之２,0.0,住,,,1111216,土地0建物1車位0,五層,5,套房(1房1廳1衛),住家用,鋼筋混凝土構造,1081125,26.61,1,0,1,有,有,有,7000,263,,0.0,0,嘉義市政府包租代管計畫；水電瓦斯費及每月管理費300元由承租人負擔。,RPRPMLKLKIHGFAI87CC
嘉義市,建物,嘉義市嘉義市保安二路４２號,0.0,住,,,1111120,土地0建物1車位0,全,5,透天厝,住商用,鋼筋混凝土造,0840123,166.82,3,2,2,有,無,無,15000,90,,0.0,0,僅承租第5層,RPUPMLKLKIHGFAI18CC
嘉義市,建物,嘉義市嘉義市彌陀路１５９號１９樓１,0.0,住,,,1111216,土地0建物1車位0,十九層,20,住宅大樓(11層含以上有電梯),住家用,鋼筋混凝土造,0850311,105.88000000000001,3,2,1,有,有,有,12500,118,,0.0,0,嘉義市政府包租代管計畫；水電瓦斯費及每月管理費800元均由承租人負擔。,RPSNMLLLKIHGFAI87CC
嘉義市,建物,嘉義市嘉義市仁義新村５５號３樓,0.0,住,,,1111216,土地0建物1車位0,三層,5,公寓(5樓含以下無電梯),國民住宅,鋼筋混凝土造,0710503,85.0,3,2,2,有,無,有,10000,118,,0.0,0,嘉義市政府包租代管計畫；水電瓦斯費由承租人負擔。,RPUNMLLLKIHGFAI08CC
嘉義市,建物,嘉義市嘉義市僑嘉三街８６號五樓之３,0.0,住,,,1111216,土地0建物1車位0,五層,5,套房(1房1廳1衛),住家用,鋼筋混凝土構造,1081125,30.55,1,0,1,有,有,有,7000,229,,0.0,0,嘉義市政府包租代管計畫；水電瓦斯費及管理費300元由承租人負擔。,RPVNMLLLKIHGFAI18CC
嘉義市,建物,嘉義市嘉義市彌陀路４２號二樓之３１,0.0,住,,,1111213,土地0建物1車位0,二層,4,套房(1房1廳1衛),辦公室,鋼筋混凝土造,0970303,14.02,1,0,1,有,有,有,3900,278,,0.0,0,,RPROMLLLKIHGFAI87CC
嘉義市,建物,嘉義市嘉義市彌陀路４２號三樓之１８,0.0,住,,,1111212,土地0建物1車位0,三層,4,套房(1房1廳1衛),辦公室,鋼筋混凝土造,0970303,14.02,1,0,1,有,有,有,4000,285,,0.0,0,,RPSOMLLLKIHGFAI97CC
嘉義市,建物,嘉義市嘉義市垂楊路３０８號３樓３,0.0,住,,,1111219,土地0建物1車位0,三層,12,住宅大樓(11層含以上有電梯),住家用,鋼筋混凝土造,0780703,84.27000000000001,2,2,1,有,有,有,9000,107,,0.0,0,嘉義市政府包租代管計畫。水電費、瓦斯費及每月管理費459元皆由承租人負擔。,RPOPMLLLKIHGFAI67CC
嘉義市,房地(土地+建物),嘉義市嘉義市世賢路一段３５９號,95.0,住,,,1111219,土地1建物1車位0,全,2,透天厝,住家用,加強磚造,0761019,125.96,3,1,3,有,無,有,14000,111,,0.0,0,嘉義市政府包租代管計畫。水電費、瓦斯費由承租人負擔。,RPPPMLLLKIHGFAI77CC
嘉義市,建物,嘉義市嘉義市國華街２９０號２樓４,0.0,商,,,1111220,土地0建物1車位0,二層,7,套房(1房1廳1衛),商業用,鋼筋混凝土造,0771108,27.45,1,0,1,有,有,有,6000,219,,0.0,0,嘉義市政府包租代管計畫。水電費、瓦斯費、網路費及每月管理費400元皆由承租人負擔。,RPQPMLLLKIHGFAI87CC
嘉義市,建物,嘉義市嘉義市忠孝路７９０-１０５號６樓２,0.0,住,,,1111219,土地0建物1車位0,六層,11,住宅大樓(11層含以上有電梯),住家用,鋼筋混凝土造,0841004,114.64,4,1,2,有,有,有,13500,118,,0.0,0,嘉義市政府包租代管計畫。水電費、瓦斯費、網路費及每月管理費713元皆由承租人負擔。,RPRPMLLLKIHGFAI97CC
嘉義市,建物,嘉義市嘉義市泰山二街３９號,0.0,住,,,1111216,土地0建物1車位0,見其他登記事項,12,住宅大樓(11層含以上有電梯),住商用,鋼筋混凝土造,0820325,154.28,3,1,2,有,有,有,18800,122,,0.0,0,嘉義市政府包租代管計畫；水電瓦斯費及網路費均由承租人負擔。,RPSPMLLLKIHGFAI08CC
嘉義市,房地(土地+建物),嘉義市嘉義市建成街６７巷３１號,55.58,住,,,1111216,土地1建物1車位0,全,2,透天厝,住家用,木造,0610602,69.98,2,1,2,有,無,有,8000,114,,0.0,0,嘉義市政府包租代管計畫；水電瓦斯費由承租人負擔。,RPRNMLMLKIHGFAI87CC
嘉義市,土地,車店段331地號,922.0,工,,,1111209,土地1建物0車位0,,,其他,,,,0.0,0,0,0,有,無,無,50000,54,,0.0,0,,RPSNMLMLKIHGFAI97CC
嘉義市,建物,嘉義市嘉義市民生南路１０００之７號,0.0,住,,,1111206,土地0建物1車位0,一層,5,套房(1房1廳1衛),集合住宅,鋼筋混凝土構造,1070802,12.77,1,0,1,有,有,有,4000,313,,0.0,0,,RPTNMLNLKIHGFAI18CC
嘉義市,建物,嘉義市嘉義市民生南路１０００號五樓之３,0.0,住,,,1111207,土地0建物1車位0,五層,5,套房(1房1廳1衛),集合住宅,鋼筋混凝土構造,1070802,12.93,1,0,1,有,有,有,3800,294,,0.0,0,,RPUNMLNLKIHGFAI28CC
嘉義市,建物,嘉義市嘉義市林森東路１６３巷１２１號,0.0,住,,,1111221,土地0建物1車位0,見其他登記事項,5,華廈(10層含以下有電梯),住家用,鋼筋混凝土造,0800522,307.02,4,1,2,有,無,有,18000,59,,0.0,0,嘉義市政府包租代管計畫；每月水電瓦斯、網路費由承租人另外負擔。,RPOOMLNLKIHGFAI77CC
嘉義市,建物,嘉義市嘉義市世賢路一段６６９號十二樓之１,0.0,住,,,1111222,土地0建物1車位0,十二層,12,住宅大樓(11層含以上有電梯),住家用,鋼筋混凝土造,0830718,150.28,4,1,2,有,有,有,19000,126,,0.0,0,嘉義市政府包租代管計畫；每月水電瓦斯、網路費由承租人另外負擔。,RPPOMLNLKIHGFAI87CC
嘉義市,建物,嘉義市嘉義市玉山路２５１巷３７弄２８號,0.0,住,,,1111220,土地0建物1車位0,一層,5,公寓(5樓含以下無電梯),住商用,鋼筋混凝土造,0811111,111.68,3,1,2,有,無,有,15000,134,,0.0,0,嘉義市政府包租代管計畫；每月水電瓦斯、網路費由承租人另外負擔。,RPXNMLQLKIHGFAI88CC
嘉義市,建物,嘉義市嘉義市國華街３０６號,0.0,商,,,1111201,土地0建物0車位0,二層,5,套房(1房1廳1衛),店舖、住宅,鋼筋混凝土構造,1041110,20.0,1,0,1,有,無,有,7000,350,,0.0,0,含管理費、稅金或水電等費用。,RPVNMLRLKIHGFAI78CC
嘉義市,建物,嘉義市嘉義市保安二路４２號,0.0,住,,,1111205,土地0建物1車位0,全,5,透天厝,住商用,鋼筋混凝土造,0840123,176.95,3,2,2,有,無,無,13000,73,,0.0,0,僅承租第2層,RPWNMLRLKIHGFAI88CC
嘉義市,房地(土地+建物),嘉義市嘉義市博東路１５５號３樓１,14.59,住,,,1111205,土地1建物1車位0,三層,22,住宅大樓(11層含以上有電梯),住家用,鋼筋混凝土造,0870319,119.94,3,2,2,有,有,有,13000,108,,0.0,0,,RPOOMLRLKIHGFAI18CC
嘉義市,房地(土地+建物),嘉義市嘉義市興業西路１７９號十一樓,4513.0,住,,,1111212,土地1建物1車位0,十一層,14,住宅大樓(11層含以上有電梯),住家用,鋼筋混凝土造,0931103,90.23,3,2,2,有,無,無,18000,199,,0.0,0,,RPROMLRLKIHGFAI48CC
嘉義市,房地(土地+建物),嘉義市嘉義市中興路６４０巷８號,68.0,住,,,1111224,土地1建物1車位0,全,3,透天厝,住家用,鋼筋混凝土加強磚造,0670323,82.05,3,2,2,有,無,有,9000,110,,0.0,0,租賃期限:112年1月1日至112年12月31日止,RPPOMLSLKIHGFAI38CC
嘉義市,房地(土地+建物),嘉義市嘉義市短竹里４鄰光正街８６巷６７號,103.0,住,,,1111226,土地1建物1車位0,全,2,透天厝,住家用,鋼筋混凝土加強磚造,0660808,102.05,2,2,2,有,無,有,8500,83,,0.0,0,嘉義市政府包租代管計畫。水電費、瓦斯費由承租人負擔。,RPOOMLTLKIHGFAI38CC
嘉義市,建物,嘉義市嘉義市義教街６２３號１０樓１,0.0,住,,,1111226,土地0建物1車位0,十層,11,住宅大樓(11層含以上有電梯),住家用,鋼筋混凝土造,0830723,125.69,3,2,2,有,有,有,11000,88,,0.0,0,嘉義市政府包租代管計畫。水電費、瓦斯費及每月管理費1500元皆由承租人負擔。,RPPOMLTLKIHGFAI48CC
嘉義市,建物,嘉義市嘉義市國賢一街６４號９樓１,0.0,住,,,1111226,土地0建物1車位0,九層,15,住宅大樓(11層含以上有電梯),住家用,鋼筋混凝土造,0810626,168.01,4,1,2,有,有,有,13000,77,,0.0,0,嘉義市政府包租代管計畫。水電費、瓦斯費、網路費及每月管理費2290元皆由承租人負擔。,RPQOMLTLKIHGFAI58CC
嘉義市,建物,嘉義市嘉義市彌陀路１６１號１４樓３,0.0,住,,,1111226,土地0建物1車位0,十四層,20,住宅大樓(11層含以上有電梯),住家用,鋼筋混凝土造,0850311,160.38,4,2,2,有,有,有,15000,94,,0.0,0,嘉義市政府包租代管計畫。水電費、瓦斯費由承租人負擔。,RPROMLTLKIHGFAI68CC
嘉義市,建物,嘉義市嘉義市彌陀路４２號二樓之３,0.0,住,,,1111217,土地0建物1車位0,二層,4,套房(1房1廳1衛),辦公室,鋼筋混凝土造,0970303,14.02,1,0,1,有,有,有,4000,285,,0.0,0,,RPVNMLKMKIHGFAI18CC
嘉義市,建物,嘉義市嘉義市民生南路１０００號三樓之１３,0.0,住,,,1111220,土地0建物1車位0,三層,5,套房(1房1廳1衛),集合住宅,鋼筋混凝土構造,1070802,12.93,1,0,1,有,有,有,3700,286,,0.0,0,,RPWNMLKMKIHGFAI28CC
嘉義市,建物,嘉義市嘉義市民生南路１０００號四樓之１８,0.0,住,,,1111221,土地0建物1車位0,四層,5,套房(1房1廳1衛),集合住宅,鋼筋混凝土構造,1070802,12.93,1,0,1,有,有,有,4000,309,,0.0,0,,RPXNMLKMKIHGFAI38CC
嘉義市,房地(土地+建物)+車位,嘉義市嘉義市忠孝路７９０之６號二樓之２,20.38,住,,,1111226,土地1建物1車位1,二層,14,住宅大樓(11層含以上有電梯),集合住宅,鋼筋混凝土構造,1050510,168.48,3,2,2,有,有,有,26000,154,坡道機械,14.31,0,含機械車位一位,RPPOMLKMKIHGFAI67CC
嘉義市,建物,嘉義市嘉義市西門街２０２之１號１樓,0.0,商,,,1120102,土地0建物1車位0,一層,16,店面(店鋪),住商用,鋼筋混凝土造,0841109,63.97,0,0,0,無,無,有,19500,305,,0.0,0,,RPQNMLOJJHIGFAI67CC
嘉義市,建物,嘉義市嘉義市南京路８０號五樓之２,0.0,商,,,1111229,土地0建物1車位0,五層,12,住宅大樓(11層含以上有電梯),住家用,鋼筋混凝土造,0821118,150.14,4,1,2,有,有,有,18000,120,,0.0,0,嘉義市政府包租代管計畫；水電瓦斯費及每月管理費1226元由承租人另外負擔。,RPTOMLOJJHIGFAI08CC
嘉義市,建物,嘉義市嘉義市中興路５０３號２樓２,0.0,住,,,1120104,土地0建物1車位0,二層,7,華廈(10層含以下有電梯),住家用,鋼筋混凝土造,0820209,121.13999999999999,3,2,1,有,有,有,15000,124,,0.0,0,112.1.10-113.1.10,RPVNMLPJJHIGFAI28CC
嘉義市,建物,嘉義市嘉義市八德路３１８號８樓１,0.0,住,,,1111229,土地0建物1車位0,八層,16,住宅大樓(11層含以上有電梯),住家用,鋼筋混凝土造,0831129,113.71000000000001,3,2,2,有,有,有,12000,106,,0.0,0,,RPRNMLPJJHIGFAI08EC
嘉義市,建物,嘉義市嘉義市力行街１７號八樓３,0.0,商,,,1120103,土地0建物1車位0,八層,12,套房(1房1廳1衛),住家用,鋼筋混凝土造,0831128,47.14,1,0,1,有,有,有,7700,163,,0.0,0,嘉義市政府包租代管計畫；每月水電瓦斯費由承租人另外負擔。,RPPPMLQJJHIGFAI97CC
嘉義市,建物,嘉義市嘉義市博愛路二段１７０號６樓之３,0.0,其他,,,1120103,土地0建物1車位0,六層,14,住宅大樓(11層含以上有電梯),住家用,鋼筋混凝土造,0880421,97.31,2,1,1,有,有,有,9500,98,,0.0,0,嘉義市政府包租代管計畫；水電瓦斯費及每月管理費1330元由承租人另外負擔。,RPQPMLQJJHIGFAI08CC
嘉義市,建物,嘉義市嘉義市林森西路１７８號,0.0,住,,,1111222,土地0建物1車位0,一層,2,店面(店鋪),住商用,鋼造,0800830,96.24,0,0,0,無,無,無,52000,540,,0.0,0,,RPVPMLQJJHIGFAI58CC
嘉義市,建物,嘉義市嘉義市彌陀路４２號三樓之５,0.0,住,,,1111223,土地0建物1車位0,三層,4,套房(1房1廳1衛),辦公室,鋼筋混凝土造,0970303,14.02,1,0,1,有,有,有,3700,264,,0.0,0,,RPSNMLRJJHIGFAI18CC
嘉義市,建物,嘉義市嘉義市彌陀路４０號四樓之３,0.0,住,,,1111224,土地0建物1車位0,四層,4,套房(1房1廳1衛),辦公室,鋼筋混凝土造,0970303,14.419999999999998,1,0,1,有,有,有,4000,277,,0.0,0,,RPTNMLRJJHIGFAI28CC
嘉義市,建物,嘉義市嘉義市友愛路５８１號,0.0,住,,,1111229,土地0建物0車位0,全,4,透天厝,住房、避難室、自用停車場,鋼筋混凝土、鋼鐵造,0780925,159.9,1,1,0,有,無,有,4500,28,,0.0,0,本案為透天，此次只出租地下層，面積為159.90平方公尺。電費、網路費由承租人負擔。,RPUNMLRJJHIGFAI38CC
嘉義市,建物,嘉義市嘉義市永安街３４７號四樓,0.0,住,,,1120104,土地0建物1車位0,四層,12,住宅大樓(11層含以上有電梯),住家用,鋼筋混凝土造,0931028,187.32,3,2,2,有,有,有,13000,69,,0.0,0,嘉義市政府包租代管計畫。水電費、瓦斯費及每月管理費1200元皆由承租人負擔。,RPVNMLRJJHIGFAI48CC
嘉義市,建物,嘉義市嘉義市民權路８９號之２１四樓１,0.0,住,,,1111231,土地0建物1車位0,四層,5,公寓(5樓含以下無電梯),住家用,鋼筋混凝土造,0691030,61.01,2,1,1,有,無,有,7000,115,,0.0,0,嘉義市政府包租代管計畫；每月水電瓦斯、網路費由承租人另外負擔。,RPOOMLRJJHIGFAI87CC
嘉義市,房地(土地+建物),嘉義市嘉義市新生路３８６巷１８號,73.39,住,,,1120103,土地1建物1車位0,全,2,透天厝,住家用,鋼筋混凝土加強磚造,0610415,93.42,6,2,1,有,無,有,8000,86,,0.0,0,嘉義市政府包租代管計畫；每月水電瓦斯費由承租人另外負擔。,RPPOMLRJJHIGFAI97CC
嘉義市,房地(土地+建物)+車位,嘉義市嘉義市興美一街８６號,104.61,住,,,1111206,土地1建物1車位0,全,3,透天厝,住宅、樓梯間,鋼筋混凝土構造,1110620,183.76,5,2,6,有,無,無,26000,141,一樓平面,0.0,0,原申報書序號:C1IA11201040014撤銷重新申報!起租日112年1月20日,RPTNMLTJJHIGFAI48CC
嘉義市,房地(土地+建物),嘉義市嘉義市博東路１１５號２樓１,9.73,住,,,1111216,土地1建物1車位0,二層,22,住宅大樓(11層含以上有電梯),住家用,鋼筋混凝土造,0870319,84.41,2,2,1,有,有,有,12000,142,,0.0,0,,RPPOMLTJJHIGFAI18CC
嘉義市,房地(土地+建物),嘉義市嘉義市林森東路１６３巷８４號,147.21,其他,,,1120106,土地2建物1車位0,全,1,透天厝,住家用,鋼筋補強磚木造,0570718,65.87,6,1,2,有,無,有,14000,213,,0.0,0,嘉義市政府包租代管計畫；水電瓦斯費由承租人負擔。,RPXNMLLKJHIGFAI18CC
嘉義市,建物,嘉義市嘉義市彌陀路４０號二樓之２２,0.0,住,,,1111229,土地0建物1車位0,二層,4,套房(1房1廳1衛),辦公室,鋼筋混凝土造,0970303,14.02,1,0,1,有,有,有,4000,285,,0.0,0,,RPUNMLMKJHIGFAI97CC
嘉義市,建物,嘉義市嘉義市彌陀路４０號二樓之２７,0.0,住,,,1111230,土地0建物1車位0,二層,4,套房(1房1廳1衛),辦公室,鋼筋混凝土造,0970303,14.02,1,0,1,有,有,有,4000,285,,0.0,0,,RPVNMLMKJHIGFAI08CC
嘉義市,建物,嘉義市嘉義市民生南路１０００號四樓之２１,0.0,住,,,1111231,土地0建物1車位0,四層,5,套房(1房1廳1衛),集合住宅,鋼筋混凝土構造,1070802,12.93,1,0,1,有,有,有,4000,309,,0.0,0,,RPXNMLMKJHIGFAI28CC
嘉義市,建物,嘉義市嘉義市民生南路１０００號四樓之２３,0.0,住,,,1120102,土地0建物1車位0,四層,5,套房(1房1廳1衛),集合住宅,鋼筋混凝土構造,1070802,12.77,1,0,1,有,有,有,3800,298,,0.0,0,,RPOOMLMKJHIGFAI47CC
嘉義市,建物,嘉義市嘉義市彌陀路１３７號８樓１,0.0,住,,,1120111,土地0建物1車位0,八層,20,住宅大樓(11層含以上有電梯),住家用,鋼筋混凝土造,0850311,97.22,3,1,1,有,有,有,11000,113,,0.0,0,嘉義市政府包租代管計畫。水電費、瓦斯費、網路費及每月管理費735元皆由承租人負擔。,RPPPMLMKJHIGFAI67CC
嘉義市,建物,嘉義市嘉義市中興路４９號６樓６,0.0,商,,,1120109,土地0建物1車位0,六層,10,套房(1房1廳1衛),住家用,鋼筋混凝土造,0770924,39.77,1,0,1,有,有,有,5500,138,,0.0,0,嘉義市政府包租代管計畫。水電費、瓦斯費及每月管理費600元皆由承租人負擔。,RPQPMLMKJHIGFAI77CC
嘉義市,建物,嘉義市嘉義市蘭井街１６２之４號３樓３,0.0,商,,,1120111,土地0建物1車位0,三層,6,套房(1房1廳1衛),住家用,鋼筋混凝土造,0800104,30.82,1,0,1,有,有,有,6500,211,,0.0,0,嘉義市政府包租代管計畫。水電費、瓦斯費及每月管理費500元皆由承租人負擔。,RPOOMLNKJHIGFAI57CC
嘉義市,建物,嘉義市嘉義市彌陀路２６６號１１樓２,0.0,住,,,1120111,土地0建物1車位0,十一層,12,套房(1房1廳1衛),住商用,鋼筋混凝土造,0810508,32.84,1,0,1,有,有,有,5800,177,,0.0,0,嘉義市政府包租代管計畫。水電費、瓦斯費及每月管理費370元皆由承租人負擔。,RPPOMLNKJHIGFAI67CC
嘉義市,建物,嘉義市嘉義市彌陀路４０號四樓之１０,0.0,住,,,1120104,土地0建物1車位0,四層,4,套房(1房1廳1衛),辦公室,鋼筋混凝土造,0970303,14.02,1,0,1,有,有,有,4000,285,,0.0,0,,RPWNMLQKJHIGFAI58CC
嘉義市,建物,嘉義市嘉義市小雅路１８３號十一樓６,0.0,住,,,1120113,土地0建物1車位0,十一層,16,套房(1房1廳1衛),住家用,鋼筋混凝土造,0820609,40.9,1,0,1,有,有,有,5800,142,,0.0,0,嘉義市政府包租代管計畫。水電費、瓦斯費及每月管理費500元皆由承租人負擔。,RPOOMLRKJHIGFAI97CC
嘉義市,建物,嘉義市嘉義市彌陀路１６３號９樓５,0.0,住,,,1120113,土地0建物1車位0,九層,20,住宅大樓(11層含以上有電梯),住家用,鋼筋混凝土造,0850311,126.63,3,1,2,有,有,有,14000,111,,0.0,0,嘉義市政府包租代管計畫。水電費、瓦斯費、網路費及每月管理費958元皆由承租人負擔。,RPPOMLRKJHIGFAI08CC
嘉義市,建物,嘉義市嘉義市民生南路１０００之１０號,0.0,住,,,1120106,土地0建物1車位0,一層,5,套房(1房1廳1衛),集合住宅,鋼筋混凝土構造,1070802,12.93,1,0,1,有,有,有,4000,309,,0.0,0,,RPOOMLSKJHIGFAI08CC
嘉義市,房地(土地+建物),嘉義市嘉義市大義街６２號,110.02,住,,,1120118,土地1建物1車位0,全,3,透天厝,住宅、樓梯間,鋼筋混凝土造,0960911,174.37,4,1,3,有,無,有,19800,114,,0.0,0,嘉義市政府包租代管計畫。水電費、瓦斯費皆由承租人負擔。,RPPNMLTKJHIGFAI18CC
嘉義市,建物,嘉義市嘉義市彌陀路１５９號１３樓１,0.0,住,,,1120118,土地0建物1車位0,十三層,20,住宅大樓(11層含以上有電梯),住家用,鋼筋混凝土造,0850311,105.88000000000001,3,1,1,有,有,有,13000,123,,0.0,0,嘉義市政府包租代管計畫。水電費、瓦斯費及網路費皆由承租人負擔。,RPQNMLTKJHIGFAI28CC
嘉義市,建物,嘉義市嘉義市小雅路３４３號３樓９,0.0,住,,,1120116,土地0建物1車位0,三層,12,套房(1房1廳1衛),住家用,鋼筋混凝土造,0820609,28.11,1,0,1,有,有,有,4300,153,,0.0,0,嘉義市政府包租代管計畫。水電費、瓦斯費、網路費及每月管理費667元皆由承租人負擔。,RPRNMLTKJHIGFAI38CC
嘉義市,建物,嘉義市嘉義市民生南路１６９號,0.0,住,,,1120116,土地0建物0車位0,一層,5,店面(店鋪),住商用,鋼筋混凝土造,0830708,32.25,0,1,1,有,無,有,15000,465,,0.0,0,本次僅出租第一層，第一層面積約為32.25平方公尺。每月水電費皆由承租人負擔。,RPOOMLKMJHIGFAI47CC
嘉義市,建物,嘉義市嘉義市小雅路３４３號３樓８,0.0,住,,,1120116,土地0建物1車位0,三層,12,套房(1房1廳1衛),住家用,鋼筋混凝土造,0820609,27.5,1,0,1,有,有,有,4300,156,,0.0,0,嘉義市政府包租代管計畫。水電費、瓦斯費、網路費及每月管理費667元皆由承租人負擔。,RPROMLKMJHIGFAI77CC
嘉義市,建物,嘉義市嘉義市東洋新?１２３之９號２樓４,0.0,住,,,1120117,土地0建物1車位0,二層,5,套房(1房1廳1衛),住家用,鋼筋混凝土造,0780518,38.78,1,0,1,有,有,有,5000,129,,0.0,0,嘉義市政府包租代管計畫；每月水電瓦斯費由承租人另外負擔。,RPXOMLKMJHIGFAI38CC
嘉義市,建物,嘉義市嘉義市新榮路３５巷２號十三樓,0.0,住,,,1120116,土地0建物1車位0,十三層,14,住宅大樓(11層含以上有電梯),住家用,鋼筋混凝土造,0931029,212.48000000000002,4,2,2,有,有,有,15500,73,,0.0,0,嘉義市政府包租代管計畫；水電瓦斯費及每月管理費1000元由承租人另外負擔。,RPOPMLKMJHIGFAI57CC
嘉義市,建物,嘉義市嘉義市民族路６０６號七樓５,0.0,商,,,1120116,土地0建物1車位0,七層,10,套房(1房1廳1衛),住家用,鋼筋混凝土造,0811029,36.629999999999995,1,0,1,有,有,有,6500,177,,0.0,0,嘉義市政府包租代管計畫；水電瓦斯費及每月管理費720元由承租人另外負擔。,RPPPMLKMJHIGFAI67CC
嘉義市,建物,嘉義市嘉義市博愛路二段１６８號９樓之３,0.0,其他,,,1120116,土地0建物1車位0,九層,14,住宅大樓(11層含以上有電梯),住家用,鋼筋混凝土造,0880421,79.07000000000001,2,1,1,有,有,有,12000,152,,0.0,0,嘉義市政府包租代管計畫；水電瓦斯費及每月管理費1280元由承租人另外負擔。,RPQPMLKMJHIGFAI77CC
嘉義市,建物,嘉義市嘉義市延平街３４１號６樓１０,0.0,商,,,1120116,土地0建物1車位0,六層,10,華廈(10層含以下有電梯),住家用,鋼筋混凝土造,0811029,85.21000000000001,2,1,1,有,有,有,12000,141,,0.0,0,嘉義市政府包租代管計畫。水電費、瓦斯費、網路費及每月管理費1500元皆由承租人負擔。,RPRPMLKMJHIGFAI87CC
嘉義市,建物,嘉義市嘉義市中庄里台斗街２１０號３樓之１,0.0,住,,,1120120,土地0建物1車位0,三層,5,公寓(5樓含以下無電梯),住家用,鋼筋混凝土造,0730623,97.74,3,1,2,有,無,有,12000,123,,0.0,0,嘉義市政府包租代管計畫。水電費、瓦斯費皆由承租人負擔。,RPTPMLLMJHIGFAI18CC
嘉義市,建物,嘉義市嘉義市民生南路６０８巷１７１號４樓之２,0.0,商,,,1120124,土地0建物1車位0,四層,5,公寓(5樓含以下無電梯),住家用,鋼筋混凝土造,0740919,86.61,3,1,1,有,無,有,13000,150,,0.0,0,嘉義市政府包租代管計畫。水電費、瓦斯費及網路費皆由承租人負擔。,RPUPMLLMJHIGFAI28CC
嘉義市,建物,嘉義市嘉義市彌陀路４０號四樓之２１,0.0,住,,,1120112,土地0建物1車位0,四層,4,套房(1房1廳1衛),辦公室,鋼筋混凝土造,0970303,14.02,1,0,1,有,有,有,4000,285,,0.0,0,,RPQNMLLJKHIGFAI47CC
嘉義市,建物,嘉義市嘉義市彌陀路４０號四樓之１９,0.0,住,,,1120111,土地0建物1車位0,四層,4,套房(1房1廳1衛),辦公室,鋼筋混凝土造,0970303,14.02,1,0,1,有,有,有,3700,264,,0.0,0,,RPTNMLLJKHIGFAI77CC
嘉義市,土地,車店段471-11地號,210.0,住,,,1120113,土地1建物0車位0,,,其他,,,,0.0,0,0,0,有,無,無,35000,167,,0.0,0,,RPROMLLJKHIGFAI67CC
嘉義市,房地(土地+建物),嘉義市嘉義市海口寮路１１５號,148.0,住,,,1120120,土地1建物1車位0,全,4,透天厝,住家用,鋼筋混凝土造,0850229,338.88,6,2,7,有,無,無,25000,74,,0.0,0,,RPTOMLLJKHIGFAI87CC
嘉義市,房地(土地+建物),嘉義市嘉義市健康七街２０５號,91.65,住,,,1120131,土地1建物1車位0,全,4,透天厝,住家用,鋼筋混凝土構造,1081104,179.69,5,2,4,有,無,有,19800,110,,0.0,0,嘉義市政府包租代管計畫。水電費、瓦斯費由承租人負擔。,RPTQMLLJKHIGFAI08CC
嘉義市,房地(土地+建物),嘉義市嘉義市北港路７４０號,182.87,農,,,1120120,土地2建物1車位0,見其他登記事項,3,店面(店鋪),住家用,鋼筋混凝土構造,1080710,205.05,0,0,0,無,無,無,19000,93,,0.0,0,,RPTNMLMJKHIGFAI87CC
嘉義市,房地(土地+建物),嘉義市嘉義市國聖四街３５號５樓１,22.18,住,,,1120110,土地1建物1車位0,見其他登記事項,9,華廈(10層含以下有電梯),住家用,鋼筋混凝土造,0860709,129.88,3,2,2,有,有,無,16125,124,,0.0,0,,RPVNMLMJKHIGFAI08CC
嘉義市,土地,竹圍子段三小段179地號,875.0,住,,,1120202,土地1建物0車位0,,,其他,,,,0.0,0,0,0,有,無,無,26500,30,,0.0,0,112.2.2-118.3.31,RPPOMLMJKHIGFAI57CC
嘉義市,建物,嘉義市嘉義市東洋新?５０３號二樓１,0.0,住,,,1120131,土地0建物1車位0,二層,5,公寓(5樓含以下無電梯),住家用,鋼筋混凝土造,0720708,42.28,1,0,1,有,有,有,7000,166,,0.0,0,嘉義市政府包租代管計畫；水電瓦斯、網路費及每月管理費450元由承租人另外負擔。,RPTOMLMJKHIGFAI97CC
嘉義市,建物,嘉義市嘉義市彌陀路４０號三樓之２８,0.0,住,,,1120113,土地0建物1車位0,三層,4,套房(1房1廳1衛),辦公室,鋼筋混凝土造,0970303,14.02,1,0,1,有,有,有,4000,285,,0.0,0,,RPVNMLNJKHIGFAI18CC
嘉義市,建物,嘉義市嘉義市民生南路１０００之９號,0.0,住,,,1120113,土地0建物1車位0,一層,5,套房(1房1廳1衛),集合住宅,鋼筋混凝土構造,1070802,12.93,1,0,1,有,有,有,3700,286,,0.0,0,,RPWNMLNJKHIGFAI28CC
嘉義市,房地(土地+建物),嘉義市嘉義市博東路１５５號３樓１,14.59,住,,,1120110,土地1建物1車位0,三層,22,住宅大樓(11層含以上有電梯),住家用,鋼筋混凝土造,0870319,119.94,3,2,2,有,有,有,13000,108,,0.0,0,,RPXNMLNJKHIGFAI38CC
嘉義市,房地(土地+建物),嘉義市嘉義市博東路１１７號８樓２,9.73,住,,,1120112,土地1建物1車位0,八層,22,住宅大樓(11層含以上有電梯),住家用,鋼筋混凝土造,0870319,84.41,2,2,1,有,有,有,11500,136,,0.0,0,,RPOOMLNJKHIGFAI57CC
嘉義市,建物,嘉義市嘉義市中興路２７１巷１弄５號５樓１,0.0,住,,,1120202,土地0建物1車位0,五層,7,華廈(10層含以下有電梯),住家用,鋼筋混凝土造,0820723,115.86,3,1,2,有,有,有,14000,121,,0.0,0,嘉義市政府包租代管計畫；水電瓦斯、網路費及每月管理費100元由承租人另外負擔。,RPXNMLOJKHIGFAI48CC
嘉義市,建物,嘉義市嘉義市垂楊路６４０號４樓２,0.0,商,,,1120203,土地0建物1車位0,四層,10,華廈(10層含以下有電梯),住家用,鋼筋混凝土造,0730727,103.22999999999999,3,1,2,有,有,有,16000,155,,0.0,0,嘉義市政府包租代管計畫。水電費、瓦斯費由承租人負擔。,RPVNMLQJKHIGFAI48CC
嘉義市,建物,嘉義市嘉義市彌陀路４０號二樓之１８,0.0,住,,,1120127,土地0建物1車位0,二層,4,套房(1房1廳1衛),辦公室,鋼筋混凝土造,0970303,14.02,1,0,1,有,有,有,4000,285,,0.0,0,,RPWNMLQJKHIGFAI58CC
嘉義市,建物,嘉義市嘉義市世賢路四段４５６巷７號四樓之１,0.0,住,,,1120204,土地0建物1車位0,四層,7,華廈(10層含以下有電梯),住家用,鋼筋混凝土造,0850920,118.5,3,2,2,有,有,有,10000,84,,0.0,0,嘉義市政府包租代管計畫。水電費、瓦斯費及每月管理費1470元皆由承租人負擔。,RPXNMLQJKHIGFAI68CC
嘉義市,建物,嘉義市嘉義市民生南路１０００號二樓之２１,0.0,住,,,1120127,土地0建物1車位0,二層,5,套房(1房1廳1衛),集合住宅,鋼筋混凝土構造,1070802,12.93,1,0,1,有,有,有,4000,309,,0.0,0,,RPPOMLQJKHIGFAI97CC
嘉義市,建物,嘉義市嘉義市民生南路１０００號四樓之１０,0.0,住,,,1120119,土地0建物1車位0,四層,5,套房(1房1廳1衛),集合住宅,鋼筋混凝土構造,1070802,12.77,1,0,1,有,有,有,4000,313,,0.0,0,,RPQOMLQJKHIGFAI08CC
嘉義市,建物,嘉義市嘉義市小雅路２０１號９樓１５,0.0,住,,,1120207,土地0建物1車位0,九層,16,套房(1房1廳1衛),住家用,鋼筋混凝土造,0820609,42.019999999999996,1,0,1,有,有,有,6000,143,,0.0,0,嘉義市政府包租代管計畫；每月水電瓦斯費由承租人另外負擔。,RPUNMLSJKHIGFAI58CC
嘉義市,建物,嘉義市嘉義市盧厝里東洋新?４８１號３樓２,0.0,住,,,1120207,土地0建物1車位0,三層,5,套房(1房1廳1衛),住家用,鋼筋混凝土造,0720708,39.28,1,0,1,有,有,有,7000,178,,0.0,0,嘉義市政府包租代管計畫；水電瓦斯、網路費及每月管理費450元由承租人另外負擔。,RPXNMLSJKHIGFAI88CC
嘉義市,房地(土地+建物),嘉義市嘉義市體育路１５之１號,79.15,住,,,1120206,土地2建物1車位0,全,2,透天厝,住家用,鋼筋混凝土加強磚造,0680503,115.92,5,2,2,有,無,無,27000,233,,0.0,0,本案僅承租800建號建物及其座落土地範圍,RPXNMLTJKHIGFAI98CC
嘉義市,房地(土地+建物)+車位,嘉義市嘉義市新建街８巷１５號８樓２,0.0,住,,,1120203,土地2建物1車位1,八層,11,住宅大樓(11層含以上有電梯),住家用,鋼筋混凝土造,0800316,181.87,3,2,2,有,有,無,17000,93,坡道平面,11.95,0,租賃期限:112年2月3日起，至113年2月2日止，計一年，管理費4400元/3個月份一期含車位清潔費用,RPRNMLKKKHIGFAI57CC
嘉義市,建物,嘉義市嘉義市彌陀路４２號二樓之１１,0.0,住,,,1120131,土地0建物1車位0,二層,4,套房(1房1廳1衛),辦公室,鋼筋混凝土造,0970303,14.02,1,0,1,有,有,有,4100,292,,0.0,0,,RPSNMLKKKHIGFAI67CC
嘉義市,房地(土地+建物),嘉義市嘉義市泰山一街４５號,88.0,住,,,1120208,土地1建物1車位0,全,5,透天厝,住商用,鋼筋混凝土造,0820415,54.73,1,1,1,有,無,有,15000,274,,0.0,0,,RPVNMLKKKHIGFAI97CC
嘉義市,房地(土地+建物),嘉義市嘉義市泰山一街４５號,88.0,住,,,1120208,土地1建物1車位0,全,5,透天厝,住商用,鋼筋混凝土造,0820415,243.7,6,1,6,有,無,有,10000,41,,0.0,0,,RPWNMLKKKHIGFAI08CC
