﻿編號,屋齡,建物移轉面積平方公尺,主要用途,主要建材,建築完成日期,總層數,建物分層,移轉情形
The serial number,room age,building shifting area square meter,the main use,main building materials,construction completes the date,total layer,building lamination,
RPPUMLPKJIHGFBJ68CC,15,258.20,工業用,鋼筋混凝土造,96年6月7日,八層,,
RPSPMLLKJIHGFBJ08CC,19,26.46,住家用,鋼筋混凝土造,93年3月9日,十層,,
RPSPMLLKJIHGFBJ08CC,19,3.60,住家用,鋼筋混凝土造,93年3月9日,十層,,
RPUUMLPKJIHGFBJ56CC,15,248.37,工業用,鋼筋混凝土造,96年6月7日,八層,,
RPUUMLPKJIHGFBJ56CC,15,211.74,工業用,鋼筋混凝土造,96年6月7日,八層,,
RPUUMLPKJIHGFBJ56CC,15,213.62,工業用,鋼筋混凝土造,96年6月7日,八層,,
RPQVMLPKJIHGFBJ88CC,15,260.21,工業用,鋼筋混凝土造,96年6月7日,八層,,
RPSPMLLKJIHGFBJ08CC,19,4.10,共有部分,鋼筋混凝土造,93年3月9日,十層,,
RPSPMLLKJIHGFBJ08CC,19,8.37,共有部分,鋼筋混凝土造,93年3月9日,十層,,
RPOWMLPKJIHGFBJ78CC,15,296.20,工業用,鋼筋混凝土造,96年6月7日,八層,,
RPOWMLPKJIHGFBJ78CC,15,257.92,工業用,鋼筋混凝土造,96年6月7日,八層,,
RPQWMLPKJIHGFBJ98CC,8,355.05,工業用,鋼筋混凝土造,104年1月9日,十層,,
RPQWMLPKJIHGFBJ98CC,8,355.05,工業用,鋼筋混凝土造,104年1月9日,十層,,
RPQWMLPKJIHGFBJ98CC,8,642.45,工業用,鋼筋混凝土造,104年1月9日,十層,,
RPUNMLSKJIHGFDJ98CC,18,20.70,住家用,鋼筋混凝土造,93年7月5日,八層,,
RPUNMLSKJIHGFDJ98CC,18,3.55,停車空間,鋼筋混凝土造,93年7月5日,八層,,
RPUNMLSKJIHGFDJ98CC,18,2.46,梯間、走道,鋼筋混凝土造,93年7月5日,八層,,
RPUNMLSKJIHGFDJ98CC,18,1.74,走道,鋼筋混凝土造,93年7月5日,八層,,
RPUQMLQKJIHGFBJ98DC,9,88.22,住家用,鋼筋混凝土造,102年10月25日,十三層,,
RPUQMLQKJIHGFBJ98DC,9,62.56,本共有部分之項目有防空避難室兼停車空間、公共服務空間等二項。,鋼筋混凝土造,102年10月25日,一層,,
RPTNMLSKJIHGFDJ88CC,7,59.98,集合住宅,鋼筋混凝土造,104年8月30日,七層,,
RPUQMLQKJIHGFBJ98DC,9,16.95,本共有部分之項目有樓梯間、機械室、水箱等三項。,鋼筋混凝土造,102年10月25日,十三層,,
RPTNMLSKJIHGFDJ88CC,7,11.13,樓梯間、機械室、水箱,鋼筋混凝土造,104年8月30日,七層,,
RPROMLSKJIHGFCJ68CC,,89.24,住家用,加強磚造,,二層,,
RPTNMLSKJIHGFDJ88CC,7,26.65,防空避難室兼停車空間,鋼筋混凝土造,104年8月30日,七層,,
RPPPMLQKJIHGFDJ48CC,4,76.20,集合住宅,鋼筋混凝土造,108年3月8日,五層,,
RPPPMLQKJIHGFDJ48CC,4,19.05,本共有部分之項目有停車空間、梯廳、電信室、安全梯等四項,鋼筋混凝土造,108年3月8日,五層,,
RPVNMLQKJIHGFDJ88CC,,310.18,住家用,加強磚造,,二層,,
RPPOMLMLJIHGFDJ08CC,18,23.38,住家用,鋼筋混凝土造,93年7月5日,八層,,
RPPOMLMLJIHGFDJ08CC,18,4.00,停車空間,鋼筋混凝土造,93年7月5日,八層,,
RPPOMLMLJIHGFDJ08CC,18,1.72,走道,鋼筋混凝土造,93年7月5日,八層,,
RPPOMLMLJIHGFDJ08CC,18,3.67,梯間、走道,鋼筋混凝土造,93年7月5日,八層,,
RPPRMLMLJIHGFCJ28CC,26,80.45,住家用,鋼筋混凝土造,85年5月7日,十二層,,
RPPRMLMLJIHGFCJ28CC,26,20.95,共有部分,鋼筋混凝土造,85年5月7日,十二層,,
RPPRMLMLJIHGFCJ28CC,26,14.50,共有部分,鋼筋混凝土造,85年5月7日,十二層,,
RPSNMLOLJIHGFCJ38CC,,73.80,住家用,鋼筋混凝土造,,五層,,
RPOPMLPLJIHGFDJ38CC,29,88.23,住家用,鋼筋混凝土造,82年11月19日,五層,,
RPOPMLPLJIHGFDJ38CC,29,12.51,電梯．樓梯間,鋼筋混凝土造,82年11月19日,五層,,
RPPPMLPLJIHGFDJ48CC,28,55.48,住家用,鋼筋混凝土造,84年4月1日,四層,,
RPPPMLPLJIHGFDJ48CC,28,7.71,共有部分,鋼筋混凝土造,84年4月1日,四層,,
RPWOMLLLJIHGFBJ48CC,1,105.06,集合住宅,鋼筋混凝土造,111年5月17日,十四層,,
RPWOMLLLJIHGFBJ48CC,1,86.54,本共有部分之項目有防空避難室兼停車空間、停車空間、公共服務空間、管委會使用空間、樓梯間、水箱、機械室等七項。,鋼筋混凝土造,111年5月17日,十四層,,
RPRWMLPKJIHGFBJ09CC,2,262.09,工廠,鋼筋混凝土造,109年8月26日,十一層,,
RPTWMLPKJIHGFBJ66CC,2,807.55,工廠,鋼筋混凝土造,109年8月26日,十一層,,
RPRWMLPKJIHGFBJ09CC,2,248.75,工廠,鋼筋混凝土造,109年8月26日,十一層,,
RPTWMLPKJIHGFBJ66CC,2,261.00,工廠,鋼筋混凝土造,109年8月26日,十一層,,
RPRWMLPKJIHGFBJ09CC,2,272.19,工廠,鋼筋混凝土造,109年8月26日,十一層,,
RPWNMLSKJIHGFBJ98CC,13,409.66,一般服務業,鋼筋混凝土造,99年3月5日,十四層,,
RPPQMLMLJIHGFBJ08CC,18,37.00,住商用,鋼筋混凝土造,93年6月11日,十四層,,
RPTNMLLLJIHGFBJ08CC,3,388.30,工廠,鋼筋混凝土造,108年12月11日,十二層,,
RPTWMLPKJIHGFBJ66CC,2,247.85,工廠,鋼筋混凝土造,109年8月26日,十一層,,
RPPNNLPLJIHGFBJ18CC,17,66.97,住家用,鋼筋混凝土造,94年11月14日,十五層,,
RPPNNLPLJIHGFBJ18CC,17,40.81,共有部分,鋼筋混凝土造,94年11月14日,十五層,,
RPPNNLPLJIHGFBJ18CC,17,14.12,共有部分,鋼筋混凝土造,94年11月14日,十五層,,
RPPQMLMLJIHGFBJ08CC,18,6.23,共有部分,鋼筋混凝土造,93年6月11日,十四層,,
RPPQMLMLJIHGFBJ08CC,18,10.44,共有部分,鋼筋混凝土造,93年6月11日,十四層,,
RPXNMLLLJIHGFBJ48CC,30,27.37,商業用,鋼筋混凝土造,81年7月31日,八層,,
RPXNMLLLJIHGFBJ48CC,30,10.05,共有部分,鋼筋混凝土造,81年7月31日,八層,,
RPXNMLLLJIHGFBJ48CC,30,2.38,共有部分,鋼筋混凝土造,81年7月31日,八層,,
RPOPMLLLJIHGFBJ77CC,14,34.84,商業用,鋼筋混凝土造,97年9月15日,十六層,,
RPOPMLLLJIHGFBJ77CC,14,38.24,共有部分,鋼筋混凝土造,97年9月15日,十六層,,
RPOPMLLLJIHGFBJ77CC,14,2.13,共有部分,鋼筋混凝土造,97年9月15日,十六層,,
RPOPMLLLJIHGFBJ77CC,14,11.08,共有部分,鋼筋混凝土造,97年9月15日,十六層,,
RPOPMLLLJIHGFBJ77CC,14,.06,商業用,鋼筋混凝土造,97年9月15日,十六層,,
RPWWMLPLJIHGFBJ07CC,5,62.52,住家用,鋼筋混凝土造,107年4月18日,二十九層,,
RPWWMLPLJIHGFBJ07CC,5,56.67,本共有部分之項目有防空避難室兼停車空間、停車空間、中繼機房、防災中心、台電配電場所、管委會空間、開放空間、集中式垃圾貯存空間、樓梯間、機械室、水箱等十一項。,鋼筋混凝土造,107年4月18日,二十九層,,
RPQNMLQLJIHGFBJ28CC,41,78.73,住商用,加強磚造,70年11月17日,二層,,
RPPNMLQLJIHGFBJ18CC,18,52.16,住家用,鋼筋混凝土造,93年9月2日,六層,,
RPPNMLQLJIHGFBJ18CC,18,23.69,共有部分,鋼筋混凝土造,93年9月2日,六層,,
RPPNMLQLJIHGFDJ38CC,11,66.73,住家用,鋼筋混凝土造,100年10月15日,五層,,
RPPNMLQLJIHGFDJ38CC,11,13.32,梯間、電梯機房,鋼筋混凝土造,100年10月15日,五層,,
RPWOMLSLJIHGFBJ56CC,8,101.88,住家用,鋼筋混凝土造,103年7月28日,二十四層,,
RPWOMLSLJIHGFBJ56CC,8,21.90,本共有部分之項目有防空避難室兼停車空間、台電配電室、開放空間、門廳、社區服務空間等五項。,鋼筋混凝土造,103年7月28日,二十四層,,
RPWNMLSLJIHGFCJ56CC,30,97.06,住家用,鋼筋混凝土造,81年7月9日,五層,,
RPWOMLSLJIHGFBJ56CC,8,22.31,本共有部分之項目有梯間、機械室、中繼機房、水塔等四項。,鋼筋混凝土造,103年7月28日,二十四層,,
RPWNMLSLJIHGFCJ56CC,30,32.62,共有部分,鋼筋混凝土造,81年7月9日,五層,,
RPRNMLQLJIHGFBJ38CC,19,82.18,住家用,鋼筋混凝土造,93年1月19日,十層,,
RPWNMLSLJIHGFCJ56CC,30,7.94,共有部分,鋼筋混凝土造,81年7月9日,五層,,
RPRNMLQLJIHGFBJ38CC,19,16.05,共有部分,鋼筋混凝土造,93年1月19日,十層,,
RPRNMLQLJIHGFBJ38CC,19,11.29,共有部分,鋼筋混凝土造,93年1月19日,十層,,
RPORMLSLJIHGFDJ88CC,24,78.82,住家工業區,鋼筋混凝土造,87年7月27日,五層,,
RPORMLSLJIHGFDJ88CC,24,8.10,梯間．工業區,鋼筋混凝土造,87年7月27日,五層,,
RPSSMLTLJIHGFCJ76CC,24,200.70,住家用,鋼筋混凝土造,88年1月18日,四層,,
RPTPMLMJKIHGFCJ38CC,3,83.91,集合住宅,鋼筋混凝土造,109年1月13日,十五層,,
RPTPMLMJKIHGFCJ38CC,3,41.81,本共有部分之項目有停車空間、管委會使用空間、門廊、樓電梯間、車道、其他、樓梯間、機械室、水箱等９項,鋼筋混凝土造,109年1月13日,十五層,,
RPPPMLLJKIHGFCJ87CC,29,89.11,住家用,鋼筋混凝土造,83年5月6日,十層,,
RPPPMLLJKIHGFCJ87CC,29,16.00,共有部分,鋼筋混凝土造,83年5月6日,十層,,
RPXOMLSLJIHGFBJ66CC,1,62.83,集合住宅,鋼筋混凝土造,110年9月1日,十一層,,
RPXOMLSLJIHGFBJ66CC,1,76.65,本共有部分之項目有防空避難室兼停車空間、消防機械室、水箱、停車空間、發電機室、台電配電室、電信室、管委會使用空間、資源回收空間、樓梯電梯間、梯廳、樓梯間、機電空間、機械室等十四項。,鋼筋混凝土造,110年9月1日,十一層,,
RPQNMLMJKIHGFBJ77CC,10,460.08,工業用,鋼筋混凝土造,102年3月18日,十層,,
RPSNMLMJKIHGFBJ97CC,6,366.74,工業用,鋼筋混凝土造,105年12月1日,十層,,
RPPNMLMJKIHGFBJ67CC,15,655.68,工業用,鋼筋混凝土造,96年6月7日,八層,,
RPRNMLMJKIHGFBJ87CC,6,366.73,工業用,鋼筋混凝土造,105年12月1日,十層,,
RPTNMLMJKIHGFBJ08CC,11,96.21,住家用,鋼筋混凝土造,100年12月2日,十四層,,
RPTNMLMJKIHGFBJ08CC,11,18.23,梯間,鋼筋混凝土造,100年12月2日,十四層,,
RPTNMLMJKIHGFBJ08CC,11,44.33,本共有部分之項目有防空避難室、停車空間、管理員室、車道、垃圾集中處、頂蓋型開放空間、公共服務空間等７項,鋼筋混凝土造,100年12月2日,十四層,,
RPUNMLMJKIHGFBJ18CC,11,91.07,住家用,鋼筋混凝土造,100年11月28日,十九層,,
RPUNMLMJKIHGFBJ18CC,11,21.99,本共有部分之項目有樓梯間、水箱、機房等３項,鋼筋混凝土造,100年11月28日,十九層,,
RPUNMLMJKIHGFBJ18CC,11,41.17,本共有部份之項目有防空避難室兼停車空間、樓梯間、水箱、機房、停車空間及供公眾停車空間、管理員室、頂蓋型廣場式開放空間、健身娛樂室等８項,鋼筋混凝土造,100年11月28日,十九層,,
RPXNMLMJKIHGFBJ48CC,3,98.59,住家用,鋼筋混凝土造,109年2月21日,二十九層,,
RPXNMLMJKIHGFBJ48CC,3,24.05,本共有部分之項目有停車空間、機房、消防機房、汙水機房、梯廳、梯間、排煙室、水箱、機械室、中繼機房、防空避難室兼停車空間、台電配電室、發電機房、安全梯、電信機房、社區中心、防災中心、前廊、門廊、污水處理室、特別安全梯、頂蓋型開放空間、社區游泳池等二十三項。,鋼筋混凝土造,109年2月21日,二十九層,,
RPXNMLMJKIHGFBJ48CC,3,24.16,本共有部分之項目有梯廳、特別安全梯、排煙室、梯間、機械室、中繼機房、水箱等七項。,鋼筋混凝土造,109年2月21日,二十九層,,
RPVNMLMJKIHGFBJ28CC,30,92.66,住家用,鋼筋混凝土造,82年3月26日,五層,,
RPVNMLMJKIHGFBJ28CC,30,21.70,見使用執照,鋼筋混凝土造,82年3月26日,五層,,
RPVNMLMJKIHGFBJ28CC,30,10.24,見使用執照,鋼筋混凝土造,82年3月26日,五層,,
RPVPMLMJKIHGFBJ48CC,28,81.08,住家用,鋼筋混凝土造,83年6月22日,十層,,
RPVPMLMJKIHGFBJ48CC,28,19.54,共有部分,鋼筋混凝土造,83年6月22日,十層,,
RPVPMLMJKIHGFBJ48CC,28,8.90,共有部分,鋼筋混凝土造,83年6月22日,十層,,
RPOOMLMJKIHGFBJ67CC,15,96.13,住家用,鋼筋混凝土造,96年6月25日,十四層,,
RPOOMLMJKIHGFBJ67CC,15,23.72,共有部分,鋼筋混凝土造,96年6月25日,十四層,,
RPOOMLMJKIHGFBJ67CC,15,9.41,共有部分,鋼筋混凝土造,96年6月25日,十四層,,
RPWTMLTLJIHGFDJ37CC,19,20.37,店舖．住宅．騎樓．梯間．停車空間．機電設備空間,鋼筋混凝土造,92年9月10日,五層,,
RPORMLMJKIHGFDJ18CC,31,24.16,住家用,鋼筋混凝土造,81年1月18日,五層,,
RPORMLMJKIHGFDJ18CC,31,7.43,共有部分,鋼筋混凝土造,81年1月18日,五層,,
RPOQMLTLJIHGFDJ88CC,29,85.28,住家用,鋼筋混凝土造,82年11月3日,七層,,
RPOQMLTLJIHGFDJ88CC,29,12.98,共有部分,鋼筋混凝土造,82年11月3日,七層,,
RPOQMLTLJIHGFDJ88CC,29,12.86,共有部分,鋼筋混凝土造,82年11月3日,七層,,
RPQUMLTLJIHGFDJ86CC,5,36.49,住家用,鋼筋混凝土造,106年6月23日,五層,,
RPQUMLTLJIHGFDJ86CC,5,15.18,樓梯間,鋼筋混凝土造,106年6月23日,五層,,
RPORMLTLJIHGFDJ98CC,1,78.89,集合住宅,鋼筋混凝土造,111年3月29日,九層,,
RPORMLTLJIHGFDJ98CC,1,22.96,本共有部分之項目有防空避難室兼停車空間、管委會使用空間、台電配電所等３項,鋼筋混凝土造,111年3月29日,九層,,
RPORMLTLJIHGFDJ98CC,1,13.71,本共有部分之項目有樓梯間１項,鋼筋混凝土造,111年3月29日,九層,,
RPPRMLSLJIHGFDJ98CC,26,78.13,住家用,鋼筋混凝土造,86年4月21日,六層,,
RPPRMLSLJIHGFDJ98CC,26,64.17,防空避難室,鋼筋混凝土造,86年4月21日,六層,,
RPPRMLSLJIHGFDJ98CC,26,10.93,梯間，走道,鋼筋混凝土造,86年4月21日,六層,,
RPQOMLQJKIHGFDJ48CC,30,95.25,住家用,鋼筋混凝土造,81年9月2日,五層,,
RPQOMLQJKIHGFDJ48CC,30,13.10,梯間,鋼筋混凝土造,81年9月2日,五層,,
RPSNMLQJKIHGFCJ48CC,28,95.49,住家用,鋼筋混凝土造,83年11月21日,十三層,,
RPSNMLQJKIHGFCJ48CC,28,14.97,共有部分,鋼筋混凝土造,83年11月21日,十三層,,
RPSNMLQJKIHGFCJ48CC,28,10.46,共有部分,鋼筋混凝土造,83年11月21日,十三層,,
RPWOMLRJKIHGFDJ56CC,7,20.26,住宅、停車空間、樓梯間,鋼筋混凝土造,104年8月21日,四層,,
RPTOMLRJKIHGFDJ88CC,7,20.26,住宅、停車空間、樓梯間,鋼筋混凝土造,104年8月21日,四層,,
RPVOMLRJKIHGFDJ09CC,7,20.26,住宅、停車空間、樓梯間,鋼筋混凝土造,104年8月21日,四層,,
RPUOMLRJKIHGFDJ98CC,7,20.26,住宅、停車空間、樓梯間,鋼筋混凝土造,104年8月21日,四層,,
RPTOMLQJKIHGFDJ78CC,3,66.49,集合住宅,鋼筋混凝土造,108年6月21日,十五層,,
RPTOMLQJKIHGFDJ78CC,3,12.41,本共有部分之項目有停車空間、防空避難室、管委會空間等三項,鋼筋混凝土造,108年6月21日,十五層,,
RPTOMLQJKIHGFDJ78CC,3,19.20,本共有部分之項目有梯間、樓梯間、機電設備空間、機械室、水箱等五項,鋼筋混凝土造,108年6月21日,十五層,,
RPVOMLPJKIHGFBJ68CC,6,366.30,工業用,鋼筋混凝土造,105年12月1日,十層,,
RPVOMLPJKIHGFBJ68CC,6,409.51,工業用,鋼筋混凝土造,105年12月1日,十層,,
RPXPMLPJKIHGFBJ98CC,26,54.25,住家用,鋼筋混凝土造,85年8月21日,九層,,
RPXPMLPJKIHGFBJ98CC,26,37.02,共有部分,鋼筋混凝土造,85年8月21日,十層,,
RPPOMLPJKIHGFBJ08CC,14,34.84,商業用,鋼筋混凝土造,97年9月15日,十六層,,
RPTNMLPJKIHGFBJ38CC,6,73.17,住家用,鋼筋混凝土造,105年7月29日,十四層,,
RPPOMLPJKIHGFBJ08CC,14,2.14,共有部分,鋼筋混凝土造,97年9月15日,十六層,,
RPXPMLPJKIHGFBJ98CC,26,8.01,共有部分,鋼筋混凝土造,85年8月21日,九層,,
RPPOMLPJKIHGFBJ08CC,14,11.09,共有部分,鋼筋混凝土造,97年9月15日,十六層,,
RPPOMLPJKIHGFBJ08CC,14,.06,商業用,鋼筋混凝土造,97年9月15日,十六層,,
RPPOMLPJKIHGFBJ08CC,14,38.24,共有部分,鋼筋混凝土造,97年9月15日,十六層,,
RPUOMLPJKIHGFBJ58CC,13,526.24,一般服務業,鋼筋混凝土造,99年3月5日,十四層,,
RPTNMLPJKIHGFBJ38CC,6,59.82,本共有部分之項目有停車空間兼防空避難室、開放空間、公共服務空間、管理室、樓梯間、水箱、機房等七項。,鋼筋混凝土造,105年7月29日,十四層,,
RPXOMLRJKIHGFDJ66CC,7,20.26,住宅、停車空間、樓梯間,鋼筋混凝土造,104年8月21日,四層,,
RPPPMLRJKIHGFDJ58CC,7,20.27,住宅、停車空間、樓梯間,鋼筋混凝土造,104年8月21日,四層,,
RPRNMLKKKIHGFBJ77CC,1,55.21,集合住宅,鋼筋混凝土造,110年6月3日,十四層,,
RPRNMLKKKIHGFBJ77CC,1,63.79,本共有部分之項目有防空避難室兼停車空間、停車空間、開放空間、公共服務空間、管委會使用空間、梯間、水錶區、水箱、機械室等九項。,鋼筋混凝土造,110年6月3日,十四層,,
RPQNMLKKKIHGFBJ67CC,13,70.03,商業用,鋼筋混凝土造,99年2月8日,十八層,,
RPQNMLKKKIHGFBJ67CC,13,58.22,共有部分,鋼筋混凝土造,99年2月8日,十八層,,
RPPPMLSJKIHGFBJ48CC,11,.27,管理員室,鋼筋混凝土造,100年5月31日,十四層,,
RPPPMLSJKIHGFBJ48CC,11,167.00,住家用,鋼筋混凝土造,100年5月31日,十四層,,
RPOPMLRJKIHGFDJ48CC,7,20.26,住宅、停車空間、樓梯間,鋼筋混凝土造,104年8月21日,四層,,
RPPPMLSJKIHGFBJ48CC,11,26.36,本共有部分之項目有梯間、水箱、機械室等三項,鋼筋混凝土造,100年5月31日,十四層,,
RPPPMLSJKIHGFBJ48CC,11,119.09,本共有部分之項目有停車空間、防空避難室、公共服務空間、廣場式頂蓋型開放空間、垃圾室、車道等六項,鋼筋混凝土造,100年5月31日,十四層,,
RPPOMLMKKIHGFBJ87CC,16,257.92,工業用,鋼筋混凝土造,96年6月7日,八層,,
RPPOMLMKKIHGFBJ87CC,16,296.20,工業用,鋼筋混凝土造,96年6月7日,八層,,
RPWNMLMKKIHGFBJ48CC,21,949.33,工業用,鋼筋混凝土造,90年6月12日,六層,,
RPOOMLMKKIHGFBJ77CC,15,258.20,工業用,鋼筋混凝土造,96年6月7日,八層,,
RPQOMLMKKIHGFBJ97CC,13,528.66,一般服務業,鋼筋混凝土造,99年3月5日,十四層,,
RPROMLMKKIHGFBJ08CC,6,366.30,工業用,鋼筋混凝土造,105年12月1日,十層,,
RPSNMLNKKIHGFDJ38CC,,58.50,住家用,鋼筋混凝土造,,四層,,
RPUOMLNKKIHGFCJ58CC,29,85.62,住家用,鋼筋混凝土造,82年7月29日,十二層,,
RPUOMLNKKIHGFCJ58CC,29,13.81,共有部分,鋼筋混凝土造,82年7月29日,十二層,,
RPUOMLNKKIHGFCJ58CC,29,11.35,共有部分,鋼筋混凝土造,82年7月29日,十二層,,
RPTVMLPKKIHGFBJ66CC,17,87.88,住家用,鋼筋混凝土造,94年10月4日,十五層,,
RPTVMLPKKIHGFBJ66CC,17,39.16,共有部分,鋼筋混凝土造,94年10月4日,十五層,,
RPTVMLPKKIHGFBJ66CC,17,11.55,共有部分,鋼筋混凝土造,94年10月4日,十五層,,
RPXQMLOKKIHGFBJ09CC,21,87.59,住家用,鋼筋混凝土造,90年9月3日,十層,,
RPXQMLOKKIHGFBJ09CC,21,14.63,共有部分,鋼筋混凝土造,90年9月3日,十層,,
RPXQMLOKKIHGFBJ09CC,21,11.07,共有部分,鋼筋混凝土造,90年9月3日,十層,,
RPTNMLQKKIHGFDJ78CC,30,96.22,住家用,鋼筋混凝土造,81年12月10日,五層,,
RPTNMLQKKIHGFDJ78CC,30,11.21,共有部分,鋼筋混凝土造,81年12月10日,五層,,
RPXNMLQKKIHGFDJ56CC,28,77.02,住家用,鋼筋混凝土造,84年3月13日,九層,,
RPXNMLQKKIHGFDJ56CC,28,11.69,共有部分,鋼筋混凝土造,84年3月13日,九層,,
RPXNMLQKKIHGFDJ56CC,28,33.76,停車空間,鋼筋混凝土造,84年3月13日,九層,,
RPUNMLQKKIHGFDJ88CC,1,59.95,集合住宅,鋼筋混凝土造,110年9月13日,九層,,
RPUNMLQKKIHGFDJ88CC,1,29.50,共有部分,鋼筋混凝土造,110年9月13日,九層,,
RPXNMLQKKIHGFBJ98CC,9,153.81,住商用,鋼筋混凝土造,103年1月27日,三層,,
RPVOMLQKKIHGFBJ88CC,7,64.37,住家用,鋼筋混凝土造,105年6月8日,二十七層,,
RPVOMLQKKIHGFBJ88CC,7,20.05,本共有部分之項目有管委會使用空間、樓梯間、機械室、水箱等四項,鋼筋混凝土造,105年6月8日,二十七層,,
RPVOMLQKKIHGFBJ88CC,7,36.47,本共有部分之項目有防空避難室兼停車空間、停車空間等二項,鋼筋混凝土造,105年6月8日,二十七層,,
RPRNMLSKKIHGFBJ58CC,19,110.86,住家用,鋼筋混凝土造,93年5月24日,十四層,,
RPRNMLSKKIHGFBJ58CC,19,12.91,共有部分,鋼筋混凝土造,93年5月24日,十四層,,
RPRNMLSKKIHGFBJ58CC,19,39.07,共有部分,鋼筋混凝土造,93年5月24日,十四層,,
RPTOMLTKKIHGFBJ98CC,14,84.49,住家用,鋼筋混凝土造,97年6月27日,14,,
RPTOMLTKKIHGFBJ98CC,14,19.67,共有部分,鋼筋混凝土造,97年6月27日,十四層,,
RPTOMLTKKIHGFBJ98CC,14,17.08,共有部分,鋼筋混凝土造,97年6月27日,14,,
RPQOMLQKKIHGFBJ38CC,9,68.66,住家用,鋼筋混凝土造,103年2月28日,十二層,,
RPQOMLQKKIHGFBJ38CC,9,12.77,本共有部分之項目有梯間、機房、水箱等三項。,鋼筋混凝土造,103年2月28日,十二層,,
RPQOMLQKKIHGFBJ38CC,9,53.53,本共有部分之項目有防空避難室兼停車空間、公共服務空間、警衛室、垃圾儲藏室等四項。,鋼筋混凝土造,103年2月28日,十二層,,
RPPPMLKLKIHGFBJ87CC,6,50.52,住家用,鋼筋混凝土造,105年11月1日,二十三層,,
RPPPMLKLKIHGFBJ87CC,6,34.19,本共有部分之項目有停車空間、防空避難室兼停車空間等二項。,鋼筋混凝土造,105年11月1日,二十三層,,
RPPPMLKLKIHGFBJ87CC,6,17.45,本共有部分之項目有店舖、管委會使用空間、沿街步道式、廣場式（有頂蓋）開放空間、梯間、機械式、水箱等七項。,鋼筋混凝土造,105年11月1日,二十三層,,
RPRPMLKLKIHGFBJ08CC,6,165.33,飲食店、住宅,鋼筋混凝土造,105年6月28日,二層,,
RPXOMLQKKIHGFBJ09CC,16,20.55,商業用,鋼筋混凝土造,95年6月23日,八層,,
RPXOMLQKKIHGFBJ09CC,16,9.36,共有部分,鋼筋混凝土造,95年6月23日,八層,,
RPWPMLKLKIHGFBJ58CC,25,119.74,住家用,鋼筋混凝土造,87年3月3日,八層,,
RPWPMLKLKIHGFBJ58CC,25,24.32,共有部分,鋼筋混凝土造,87年3月3日,八層,,
RPWPMLKLKIHGFBJ58CC,25,24.32,共有部分,鋼筋混凝土造,87年3月3日,八層,,
RPWPMLKLKIHGFBJ58CC,25,13.61,共有部分,鋼筋混凝土造,87年3月3日,八層,,
RPVOMLNKKIHGFCJ68CC,24,89.63,住家用,鋼筋混凝土造,87年9月29日,十一層,,
RPVOMLNKKIHGFCJ68CC,24,11.20,樓梯等公共設施,鋼筋混凝土造,87年9月29日,十一層,,
RPVOMLNKKIHGFCJ68CC,24,37.36,停車場避難室等公共設施,鋼筋混凝土造,87年9月29日,十二層,,
RPWNMLPKKIHGFCJ88CC,23,177.03,住商用,鋼筋混凝土造,88年10月28日,四層,,
RPSNMLKLKIHGFCJ08CC,6,56.16,店舖、辦公室,鋼筋混凝土造,105年11月25日,十四層,,
RPVOMLNLKIHGFCJ78CC,25,87.22,住家用,鋼筋混凝土造,86年10月20日,五層,,
RPVOMLNLKIHGFCJ78CC,25,8.29,共有部分,鋼筋混凝土造,86年10月20日,五層,,
RPVOMLNLKIHGFCJ78CC,25,22.79,共有部分,鋼筋混凝土造,86年10月20日,五層,,
RPWNMLSLKIHGFDJ76CC,2,44.65,集合住宅,鋼筋混凝土造,110年4月1日,七層,,
RPWNMLSLKIHGFDJ76CC,2,11.70,共有部分,鋼筋混凝土造,110年4月1日,七層,,
RPWNMLSLKIHGFDJ76CC,2,10.09,共有部分,鋼筋混凝土造,110年4月1日,七層,,
RPSOMLRLKIHGFCJ88CC,,80.06,住家用,鋼筋混凝土造,,五層,,
RPROMLSLKIHGFDJ98CC,25,77.00,住家用,鋼筋混凝土造,86年12月11日,五層,,
RPROMLSLKIHGFDJ98CC,25,14.41,梯間,鋼筋混凝土造,86年12月11日,五層,,
RPROMLSLKIHGFDJ98CC,25,.15,住家用,鋼筋混凝土造,86年12月11日,五層,,
RPROMLSLKIHGFDJ98CC,25,16.18,停車空間,鋼筋混凝土造,86年12月11日,五層,,
RPPOMLSLKIHGFDJ78CC,5,77.03,集合住宅,鋼筋混凝土造,106年11月7日,七層,,
RPPOMLSLKIHGFDJ78CC,5,35.29,本共有部分之項目有集合住宅、停車空間、防空避難室、店舖〈附屬梯間、消防水箱、電梯機房〉等四項,鋼筋混凝土造,106年11月7日,七層,,
RPPOMLSLKIHGFDJ78CC,5,6.06,本共有部分之項目有停車空間,鋼筋混凝土造,106年11月7日,七層,,
RPRNMLOLKIHGFBJ28CC,28,15.26,共有部分,鋼筋混凝土造,83年7月30日,八層,,
RPTNMLQLKIHGFBJ68CC,,164.78,店鋪,鋼筋混凝土造,111年10月19日,十五層,,
RPRNMLOLKIHGFBJ28CC,28,29.00,共有部分,鋼筋混凝土造,83年7月30日,八層,,
RPRNMLRLKIHGFBJ58CC,16,264.67,工業用,鋼筋混凝土造,96年6月7日,八層,,
RPRNMLOLKIHGFBJ28CC,28,104.43,住家用,鋼筋混凝土造,83年7月30日,八層,,
RPTNMLRLKIHGFBJ78CC,16,209.95,工業用,鋼筋混凝土造,96年6月7日,八層,,
RPXNMLQLKIHGFBJ09CC,48,70.98,住家用,加強磚造,63年9月20日,二層,,
RPTNMLRLKIHGFBJ78CC,16,211.78,工業用,鋼筋混凝土造,96年6月7日,八層,,
RPTNMLRLKIHGFBJ78CC,16,248.37,工業用,鋼筋混凝土造,96年6月7日,八層,,
RPRNMLNLKIHGFBJ18CC,6,58.58,住家用,鋼筋混凝土造,105年11月1日,二十三層,,
RPRNMLNLKIHGFBJ18CC,6,39.67,本共有部分之項目有停車空間、防空避難室兼停車空間等二項。,鋼筋混凝土造,105年11月1日,二十三層,,
RPRNMLNLKIHGFBJ18CC,6,20.19,本共有部分之項目有店舖、管委會使用空間、沿街步道式、廣場式（有頂蓋）開放空間、梯間、機械式、水箱等七項。,鋼筋混凝土造,105年11月1日,二十三層,,
RPXNMLRLKIHGFBJ56CC,16,296.20,工業用,鋼筋混凝土造,96年6月7日,八層,,
RPPONLRLKIHGFBJ58CC,10,111.12,住家用,鋼筋混凝土造,101年9月24日,二十五層,,
RPPONLRLKIHGFBJ58CC,10,97.54,本共有部份之項目有防空避難室兼停車空間、管理員室等二項,鋼筋混凝土造,101年9月24日,二十五層,,
RPPONLRLKIHGFBJ58CC,10,24.44,本共有部份之項目有樓梯間、機電設備空間、水箱、機械室等四項,鋼筋混凝土造,101年9月24日,二十五層,,
RPSOMLKMKIHGFCJ28CC,25,69.70,住家用,鋼筋混凝土造,86年9月15日,五層,,
RPSOMLKMKIHGFCJ28CC,25,12.60,共有部分,鋼筋混凝土造,86年9月15日,五層,,
RPXNMLKMKIHGFBJ58CC,7,64.47,住家用,鋼筋混凝土造,105年6月8日,二十七層,,
RPSOMLKMKIHGFCJ28CC,25,12.74,共有部分,鋼筋混凝土造,86年9月15日,五層,,
RPXNMLKMKIHGFBJ58CC,7,19.88,本共有部分之項目有管委會使用空間、樓梯間、機械室、水箱等四項,鋼筋混凝土造,105年6月8日,二十七層,,
RPXNMLKMKIHGFBJ58CC,7,10.87,本共有部分之項目有防空避難室兼停車空間、停車空間等二項,鋼筋混凝土造,105年6月8日,二十七層,,
RPQOMLKMKIHGFBJ08DC,15,47.57,商業用,鋼筋混凝土造,97年3月21日,十三層,,
RPSOMLNJJHIGFCJ18CC,2,45.64,住商用,鋼筋混凝土造,109年8月5日,四層,,
RPQOMLKMKIHGFBJ08DC,15,3.26,共有部分,鋼筋混凝土造,97年3月21日,十四層,,
RPQOMLKMKIHGFBJ08DC,15,11.73,共有部分,鋼筋混凝土造,97年3月21日,十三層,,
RPQOMLKMKIHGFBJ08DC,15,.02,守衛室,鋼筋混凝土造,97年3月21日,十四層,,
RPQOMLKMKIHGFBJ08DC,15,28.84,共有部分,鋼筋混凝土造,97年3月21日,十四層,,
RPUOMLNJJHIGFCJ38CC,2,46.61,住商用,鋼筋混凝土造,109年8月5日,四層,,
RPROMLOJJHIGFBJ08CC,30,88.46,住家用,鋼筋混凝土造,81年11月13日,五層,,
RPROMLOJJHIGFBJ08CC,30,29.55,共有部分,鋼筋混凝土造,81年11月13日,六層,,
RPROMLOJJHIGFBJ08CC,30,11.19,共有部分,鋼筋混凝土造,81年11月13日,六層,,
RPSQMLPJJHIGFBJ48CC,11,50.94,商業用,鋼筋混凝土造,100年7月7日,十五層,,
RPSQMLPJJHIGFBJ48CC,11,76.89,本共有部分之項目有開放空間、社區中心、梯間、防空避難室、停車空間、車道、冷藏室、前廊等八項。,鋼筋混凝土造,100年7月7日,十五層,,
RPSQMLPJJHIGFBJ48CC,11,14.13,本共有部分之項目有梯間等一項,鋼筋混凝土造,100年7月7日,十五層,,
RPWNMLRJJHIGFBJ78CC,19,25.11,住家用,鋼筋混凝土造,93年3月9日,十層,,
RPWNMLRJJHIGFBJ78CC,19,16.54,共有部分,鋼筋混凝土造,93年3月9日,十層,,
RPWNMLRJJHIGFBJ78CC,19,6.99,共有部分,鋼筋混凝土造,93年3月9日,十層,,
RPXNMLRJJHIGFBJ88CC,23,241.72,住家用,鋼筋混凝土造,89年1月24日,四層,,
RPOOMLRJJHIGFBJ08CC,30,74.18,住家用,鋼筋混凝土造,81年12月23日,十層,,
RPOOMLRJJHIGFBJ08CC,30,17.02,共有部分,鋼筋混凝土造,81年12月23日,十一層,,
RPPOMLRJJHIGFBJ18CC,29,80.67,住家用,鋼筋混凝土造,82年9月13日,七層,,
RPPOMLRJJHIGFBJ18CC,29,11.82,共有部分,鋼筋混凝土造,82年9月13日,七層,,
RPPOMLRJJHIGFBJ18CC,29,8.02,共有部分,鋼筋混凝土造,82年9月13日,七層,,
RPOPMLRJJHIGFBJ18CC,21,170.56,住家用,鋼筋混凝土造,91年2月5日,三層,,
RPPNMLSJJHIGFBJ18CC,28,105.87,住家用,鋼筋混凝土造,83年6月22日,八層,,
RPPNMLSJJHIGFBJ18CC,28,10.49,共有部分,鋼筋混凝土造,83年6月22日,八層,,
RPPNMLSJJHIGFBJ18CC,28,9.41,共有部分,鋼筋混凝土造,83年6月22日,八層,,
RPRNMLSJJHIGFBJ38CC,4,57.46,住家用,鋼筋混凝土造,108年4月16日,二十四層,,
RPRNMLSJJHIGFBJ38CC,4,13.95,本共有部分之項目有停車空間、防空避難室兼停車空間、管委會空間、防災空間等四項。,鋼筋混凝土造,108年4月16日,二十四層,,
RPRNMLSJJHIGFBJ38CC,4,12.88,本共有部分之項目有梯間、機房、水箱等三項。,鋼筋混凝土造,108年4月16日,二十四層,,
RPQNMLKMKIHGFDJ08CC,30,70.76,住家用,鋼筋混凝土造,81年10月13日,五層,,
RPQNMLKMKIHGFDJ08CC,30,7.97,共有部分,鋼筋混凝土造,81年11月21日,五層,,
RPSNMLOJJHIGFDJ28CC,25,170.89,住家用,鋼筋混凝土造,86年7月21日,二層,,
RPOOMLRJJHIGFDJ28CC,5,52.89,集合住宅,鋼筋混凝土造,107年1月26日,五層,,
RPRNMLKMKIHGFDJ18CC,16,18.28,住家用,鋼筋混凝土造,96年5月15日,五層,,
RPOOMLRJJHIGFDJ28CC,5,3.03,停車空間,鋼筋混凝土造,107年1月26日,五層,,
RPPOMLTJJHIGFBJ38CC,16,209.95,工業用,鋼筋混凝土造,96年6月7日,八層,,
RPRNMLKMKIHGFDJ18CC,16,10.73,住宅、停車空間、樓梯間、機械室,鋼筋混凝土造,96年5月15日,五層,,
RPOOMLRJJHIGFDJ28CC,5,14.05,本共有部分之項目有梯間、機械室等２項,鋼筋混凝土造,107年1月26日,五層,,
RPOOMLTJJHIGFBJ28CC,22,1403.67,工業用,鋼筋混凝土造,90年6月12日,六層,,
RPVNMLKMKIHGFDJ58CC,28,72.99,住家用,鋼筋混凝土造,84年3月13日,九層,,
RPVNMLKMKIHGFDJ58CC,28,12.48,共有部分,鋼筋混凝土造,84年3月13日,九層,,
RPVNMLKMKIHGFDJ58CC,28,33.76,停車空間,鋼筋混凝土造,84年3月13日,九層,,
RPUOMLTJJHIGFBJ88CC,2,266.75,工廠,鋼筋混凝土造,109年8月26日,十一層,,
RPUOMLTJJHIGFBJ88CC,2,266.75,工廠,鋼筋混凝土造,109年8月26日,十一層,,
RPQNMLLKJHIGFBJ67CC,11,94.55,住家用,鋼筋混凝土造,100年7月7日,十五層,,
RPQNMLLKJHIGFBJ67CC,11,48.24,本共有部分之項目有開放空間、社區中心、梯間、防空避難室、停車空間、車道、冷藏室、前廊等八項。,鋼筋混凝土造,100年7月7日,十五層,,
RPQNMLLKJHIGFBJ67CC,11,20.90,本共有部分之項目有梯間等一項,鋼筋混凝土造,100年7月7日,十五層,,
RPSOMLTJJHIGFBJ68CC,13,1084.53,一般服務業,鋼筋混凝土造,99年3月5日,十四層,,
RPTOMLTJJHIGFBJ78CC,13,979.32,一般服務業,鋼筋混凝土造,99年3月5日,十四層,,
RPVOMLTJJHIGFBJ98CC,16,211.78,工業用,鋼筋混凝土造,96年6月7日,八層,,
RPUNMLLKJHIGFBJ08CC,16,64.20,共有部分,鋼筋混凝土造,95年12月18日,五層,,
RPUNMLLKJHIGFBJ08CC,16,235.79,住家用,鋼筋混凝土造,95年12月18日,五層,,
RPVNMLLKJHIGFDJ38CC,3,83.49,集合住宅,鋼筋混凝土造,108年12月24日,十五層,,
RPVNMLLKJHIGFDJ38CC,3,3.34,共有部分,鋼筋混凝土造,108年12月24日,十五層,,
RPVNMLLKJHIGFDJ38CC,3,20.26,共有部分,鋼筋混凝土造,108年12月24日,十五層,,
RPVNMLLKJHIGFDJ38CC,3,43.87,共有部分,鋼筋混凝土造,108年12月24日,十五層,,
RPWOMLMKJHIGFCJ58CC,30,78.70,住家用,鋼筋混凝土造,82年1月6日,六層,,
RPXNMLLKJHIGFDJ58CC,28,127.32,住家用,鋼筋混凝土造,83年8月22日,十一層,,
RPWOMLMKJHIGFCJ58CC,30,40.57,共有部分,鋼筋混凝土造,82年1月6日,六層,,
RPXNMLLKJHIGFDJ58CC,28,22.69,共有部分,鋼筋混凝土造,83年8月22日,十一層,,
RPXNMLLKJHIGFDJ58CC,28,15.58,共有部分,鋼筋混凝土造,83年8月22日,十一層,,
RPUNMLNKJHIGFDJ48CC,3,25.31,集合住宅、停車空間,鋼筋混凝土造,109年4月16日,四層,,
RPWNMLNKJHIGFBJ48CC,2,289.17,工廠,鋼筋混凝土造,109年8月26日,十一層,,
RPWOMLNJJHIGFCJ78EC,30,228.57,住家用,鋼筋混凝土造,81年10月27日,四層,,
RPTNMLNKJHIGFDJ38CC,1,73.21,集合住宅,鋼筋混凝土造,111年6月23日,十二層,,
RPTNMLNKJHIGFDJ38CC,1,35.61,本共有部分之項目有：防空避難室兼停車空間、樓梯間、機械室、管委會適用空間、水箱等６項,鋼筋混凝土造,111年6月23日,十二層,,
RPTNMLRKJHIGFDJ78CC,5,38.61,集合住宅,鋼筋混凝土造,107年5月24日,十層,,
RPTNMLRKJHIGFDJ78CC,5,16.50,集合住宅,鋼筋混凝土造,107年5月24日,十層,,
RPVNMLRKJHIGFCJ88CC,,130.50,住家用,加強磚造,,三層,,
RPWNMLRKJHIGFCJ98CC,25,176.68,住家用,鋼筋混凝土造,86年10月20日,四層,,
RPSNMLRKJHIGFBJ48CC,17,81.43,住家用,鋼筋混凝土造,94年10月4日,十五層,,
RPSNMLRKJHIGFBJ48CC,17,37.52,共有部分,鋼筋混凝土造,94年10月4日,十五層,,
RPSNMLRKJHIGFBJ48CC,17,14.37,共有部分,鋼筋混凝土造,94年10月4日,十五層,,
RPVNMLTLKIHGFDJ76CC,7,60.41,集合住宅,鋼筋混凝土造,104年8月30日,七層,,
RPVNMLTLKIHGFDJ76CC,7,10.80,樓梯間、機械室、水箱,鋼筋混凝土造,104年8月30日,七層,,
RPVNMLTLKIHGFDJ76CC,7,7.06,防空避難室兼停車空間,鋼筋混凝土造,104年8月30日,七層,,
RPTNMLTLKIHGFDJ56CC,20,80.60,住家用,鋼筋混凝土造,92年1月26日,五層,,
RPTNMLTLKIHGFDJ56CC,20,80.60,梯間．機械室,鋼筋混凝土造,92年1月26日,五層,,
RPUNMLRKJHIGFBJ68CC,18,114.25,住商用,鋼筋混凝土造,94年1月31日,十四層,,
RPUNMLRKJHIGFBJ68CC,18,9.24,共有部分,鋼筋混凝土造,94年1月31日,十四層,,
RPRPMLRKJHIGFBJ58CC,9,127.29,住家用,鋼筋混凝土造,102年10月15日,十四層,,
RPUNMLRKJHIGFBJ68CC,18,11.20,共有部分,鋼筋混凝土造,94年1月31日,十四層,,
RPRPMLRKJHIGFBJ58CC,9,119.05,本共有部分之項目有防空避難室兼停車空間，管委會，廣場式開放空間，梯間，瞭望台，機械室，水箱等七項。,鋼筋混凝土造,102年10月15日,十四層,,
RPPPMLRKJHIGFBJ38CC,11,86.10,住家用,鋼筋混凝土造,101年5月1日,五層,,
RPPPMLRKJHIGFBJ38CC,11,16.15,本共有部分之項目有樓梯間、水箱等二項。,鋼筋混凝土造,101年5月1日,五層,,
RPPPMLRKJHIGFBJ38CC,11,41.51,本共有部分之項目有停車空間等一項。,鋼筋混凝土造,101年5月1日,五層,,
RPPNMLSKJHIGFBJ28CC,5,74.50,住家用,鋼筋混凝土造,107年4月18日,二十九層,,
RPPNMLSKJHIGFBJ28CC,5,62.55,本共有部分之項目有防空避難室兼停車空間、停車空間、中繼機房、防災中心、台電配電場所、管委會空間、開放空間、集中式垃圾貯存空間、樓梯間、機械室、水箱等十一項。,鋼筋混凝土造,107年4月18日,二十九層,,
RPSNMLSKJHIGFBJ58CC,29,14.43,共有部分,鋼筋混凝土造,83年4月21日,地下一層,,
RPSNMLSKJHIGFBJ58CC,29,50.14,商業用,鋼筋混凝土造,83年4月21日,地下二層,,
RPXNMLSKJHIGFCJ56CC,29,73.16,住家用,鋼筋混凝土造,83年4月1日,六層,,
RPXNMLSKJHIGFCJ56CC,29,26.42,共有部分,鋼筋混凝土造,83年4月1日,六層,,
RPXNMLSKJHIGFCJ56CC,29,12.22,共有部分,鋼筋混凝土造,83年4月1日,六層,,
RPPNMLSKJHIGFDJ48CC,5,59.98,集合住宅,鋼筋混凝土造,106年9月21日,七層,,
RPPNMLSKJHIGFDJ48CC,5,15.91,本共有部分之項目有梯間、電梯機房、消防設備室等３項,鋼筋混凝土造,106年9月21日,七層,,
RPPNMLSKJHIGFDJ48CC,5,8.10,本共有部分之項目有騎樓、停車空間等２項,鋼筋混凝土造,106年9月21日,七層,,
RPQOMLTKJHIGFBJ58CC,25,142.67,住家用,鋼筋混凝土造,87年3月3日,八層,,
RPQOMLTKJHIGFBJ58CC,25,29.66,共有部分,鋼筋混凝土造,87年3月3日,八層,,
RPQOMLTKJHIGFBJ58CC,25,29.66,共有部分,鋼筋混凝土造,87年3月3日,八層,,
RPQOMLTKJHIGFBJ58CC,25,16.55,共有部分,鋼筋混凝土造,87年3月3日,八層,,
RPROMLKMJHIGFBJ97CC,2,711.96,商業用,鋼筋混凝土造,109年12月26日,二十四層,,
RPUNMLKMJHIGFDJ38CC,,115.30,住家用,加強磚造,,二層,,
RPWNMLKMJHIGFCJ48CC,2,51.95,店舖、集合住宅、停車空間,鋼筋混凝土造,110年7月5日,四層,,
RPQNMLMJKHIGFDJ97CC,,214.63,住家用,鋼筋混凝土造,,三層,,
RPOPMLKMJHIGFCJ87CC,2,81.20,集合住宅,鋼筋混凝土造,110年3月17日,十五層,,
RPOPMLKMJHIGFCJ87CC,2,14.82,本共有部分之項目有大廳、管委會空間、機房、梯廳、梯間等五項,鋼筋混凝土造,110年3月17日,十五層,,
RPOPMLKMJHIGFCJ87CC,2,22.18,本共有部分之項目有機房、水箱、梯廳、梯間等四項,鋼筋混凝土造,110年3月17日,十五層,,
RPWOMLMJKHIGFBJ48CC,19,143.35,住商用,鋼筋混凝土造,93年5月24日,十四層,,
RPWOMLMJKHIGFBJ48CC,19,15.57,共有部分,鋼筋混凝土造,93年5月24日,十四層,,
RPWOMLMJKHIGFBJ48CC,19,51.10,共有部分,鋼筋混凝土造,93年5月24日,十四層,,
RPRPMLMJKHIGFBJ08CC,12,90.32,住家用,鋼筋混凝土造,99年12月14日,十三層,,
RPRPMLMJKHIGFBJ08CC,12,81.02,本共有部分之項目有防空避難室、停車空間、垃圾處理室、管理空間、廣場式開放空間、蓄水池、消防泵浦室等七項,鋼筋混凝土造,99年12月14日,十五層,,
RPRPMLMJKHIGFBJ08CC,12,17.21,本共有部分之項目有防空避難室、停車空間、垃圾處理室、管理空間、廣場式開放空間、蓄水池、消防泵浦室等七項,鋼筋混凝土造,99年12月14日,十五層,,
RPOPMLNJKHIGFBJ87CC,15,33.84,商業用,鋼筋混凝土造,97年3月21日,十三層,,
RPOPMLNJKHIGFBJ87CC,15,2.93,共有部分,鋼筋混凝土造,97年3月21日,十四層,,
RPOPMLNJKHIGFBJ87CC,15,10.64,共有部分,鋼筋混凝土造,97年3月21日,十三層,,
RPOPMLNJKHIGFBJ87CC,15,6.70,守衛室,鋼筋混凝土造,97年3月21日,十四層,,
RPSPMLNJKHIGFBJ28CC,19,22.53,住商用,鋼筋混凝土造,93年6月11日,十四層,,
RPSPMLNJKHIGFBJ28CC,19,4.29,共有部分,鋼筋混凝土造,93年6月11日,十四層,,
RPSPMLNJKHIGFBJ28CC,19,7.15,共有部分,鋼筋混凝土造,93年6月11日,十四層,,
RPTPMLNJKHIGFBJ38CC,21,21.80,住家用,鋼筋混凝土造,91年6月13日,七層,,
RPTPMLNJKHIGFBJ38CC,21,11.57,共有部分,鋼筋混凝土造,91年6月13日,七層,,
RPUPMLNJKHIGFBJ48CC,16,24.57,商業用,鋼筋混凝土造,95年8月21日,七層,,
RPUPMLNJKHIGFBJ48CC,16,16.67,共有部分,鋼筋混凝土造,95年8月21日,七層,,
RPROMLNJKHIGFDJ28CC,,115.50,住家用,加強磚造,,二層,,
RPSNMLOJKHIGFBJ18CC,16,79.40,商業用,鋼筋混凝土造,95年9月7日,十二層,,
RPSNMLOJKHIGFBJ18CC,16,38.91,共有部分,鋼筋混凝土造,95年9月7日,十二層,,
RPSNMLOJKHIGFBJ18CC,16,11.25,共有部分,鋼筋混凝土造,95年9月7日,十二層,,
RPSNMLOJKHIGFBJ18CC,16,.19,管理員室,鋼筋混凝土造,95年9月7日,十二層,,
RPWNMLSKJHIGFBJ98CC,29,80.55,住家用,鋼筋混凝土造,83年3月11日,七層,,
RPWNMLSKJHIGFBJ98CC,29,9.62,共有部分,鋼筋混凝土造,83年3月11日,七層,,
RPWNMLSKJHIGFBJ98CC,29,27.76,共有部分,鋼筋混凝土造,83年3月11日,七層,,
RPTOMLSKJHIGFBJ78CC,29,88.89,住家用,鋼筋混凝土造,83年1月28日,九層,,
RPTOMLSKJHIGFBJ78CC,29,40.49,共有部分,鋼筋混凝土造,83年1月28日,九層,,
RPVOMLSKJHIGFBJ98CC,4,65.44,住家用,鋼筋混凝土造,108年3月20日,十四層,,
RPXNMLTKJHIGFBJ56CC,10,112.37,住家用,鋼筋混凝土造,101年8月8日,十九層,,
RPVOMLSKJHIGFBJ98CC,4,71.81,本共有部分之項目有停車空間、水箱、消防機房、梯廳、汙雨水機房、排煙室、緊急發電機室、防空避難室兼停車空間、台電配電室、電信室、開放空間、資源回收室、管理委員會空間、公共服務空間、管委會使用空間、樓梯間、水錶室、昇降機機房等１８項。,鋼筋混凝土造,108年3月20日,十四層,,
RPXNMLTKJHIGFBJ56CC,10,78.67,本共有部分之項目有停車空間、機械室、梯間、水箱等四項。,鋼筋混凝土造,101年8月8日,十九層,,
RPVNMLSKJHIGFBJ88CC,30,106.24,住家用,鋼筋混凝土造,82年5月1日,七層,,
RPVNMLSKJHIGFBJ88CC,30,13.14,共有部分,鋼筋混凝土造,82年5月1日,七層,,
RPPOMLSKJHIGFBJ38CC,16,209.90,工業用,鋼筋混凝土造,96年6月7日,八層,,
RPPOMLSKJHIGFBJ38CC,16,211.74,工業用,鋼筋混凝土造,96年6月7日,八層,,
RPPOMLSKJHIGFBJ38CC,16,248.37,工業用,鋼筋混凝土造,96年6月7日,八層,,
RPSOMLSKJHIGFBJ68CC,15,33.84,商業用,鋼筋混凝土造,97年3月21日,十三層,,
RPSOMLSKJHIGFBJ68CC,15,2.93,共有部分,鋼筋混凝土造,97年3月21日,十四層,,
RPSOMLSKJHIGFBJ68CC,15,10.64,共有部分,鋼筋混凝土造,97年3月21日,十三層,,
RPXNMLQJKHIGFBJ88CC,16,257.92,工業用,鋼筋混凝土造,96年6月7日,八層,,
RPQOMLTJKHIGFBJ58CC,6,53.41,住家用,鋼筋混凝土造,105年11月1日,二十三層,,
RPQOMLTJKHIGFBJ58CC,6,38.72,本共有部分之項目有停車空間、防空避難室兼停車空間等二項。,鋼筋混凝土造,105年11月1日,二十三層,,
RPQOMLTJKHIGFBJ58CC,6,18.36,本共有部分之項目有店舖、管委會使用空間、沿街步道式、廣場式（有頂蓋）開放空間、梯間、機械式、水箱等七項。,鋼筋混凝土造,105年11月1日,二十三層,,
RPSNMLSJKHIGFBJ58CC,16,67.76,住商用,鋼筋混凝土造,96年7月3日,四層,,
RPVNMLRJKHIGFCJ88CC,26,65.97,住家用,鋼筋混凝土造,85年12月24日,十一層,,
RPVNMLRJKHIGFCJ88CC,26,11.25,共有部分,鋼筋混凝土造,85年12月24日,十二層,,
RPVNMLRJKHIGFCJ88CC,26,4.02,共有部分,鋼筋混凝土造,85年12月24日,十二層,,
RPVNMLRJKHIGFCJ88CC,26,22.90,共有部分,鋼筋混凝土造,85年12月24日,十二層,,
RPVNMLRJKHIGFCJ88CC,26,5.43,共有部分,鋼筋混凝土造,85年12月24日,十一層,,
RPSOMLKKKHIGFCJ08CC,,92.96,住家用,加強磚造,,二層,,
RPVOMLKKKHIGFBJ28CC,21,91.47,住家用,鋼筋混凝土造,90年9月3日,十層,,
RPQNMLKKKHIGFDJ87CC,,200.88,住商用,鋼筋混凝土造,,三層,,
RPVOMLKKKHIGFBJ28CC,21,12.54,共有部分,鋼筋混凝土造,90年9月3日,十層,,
RPVOMLKKKHIGFBJ28CC,21,11.52,共有部分,鋼筋混凝土造,90年9月3日,十層,,
RPVNMLKKKHIGFBJ18CC,2,39.34,集合住宅,鋼筋混凝土造,109年12月26日,二十四層,,
RPVNMLKKKHIGFBJ18CC,2,3.28,集合住宅,鋼筋混凝土造,109年12月26日,二十四層,,
RPVNMLKKKHIGFBJ18CC,2,5.17,集合住宅,鋼筋混凝土造,109年12月26日,二十四層,,
RPVNMLKKKHIGFBJ18CC,2,25.98,本共有部分之項目有停車空間、排煙室、水箱室、消防機械室、梯間、地下室進排氣機房、雨汙水機房、安全梯、防空避難室兼停車空間、台電配電室、電錶室、發電機房、防災中心、管委會使用空間、車道、梯廳、特別安全梯、機械室、機房、電梯機房、消防中繼機房等二十一項。,鋼筋混凝土造,109年12月26日,二十四層,,
