﻿編號,土地位置,土地移轉面積(平方公尺),使用分區或編定,權利人持分分母,權利人持分分子,移轉情形,地號
The serial number, land position,land shifting area square meter,the use zoning or compiles and checks,,,,land parcel
RPPUMLPKJIHGFBJ68CC,台元段,.00,都市：工,,,,06190000
RPSPMLLKJIHGFBJ08CC,大學段,6.02,都市：商,,,,00390000
RPUUMLPKJIHGFBJ56CC,台元段,.00,都市：工,,,,06190000
RPQVMLPKJIHGFBJ88CC,台元段,.00,都市：工,,,,06190000
RPOWMLPKJIHGFBJ78CC,台元段,.00,都市：工,,,,06190000
RPQWMLPKJIHGFBJ98CC,台元段,.00,都市：工,,,,06610000
RPUNMLSKJIHGFDJ98CC,綠園段,.00,非都市：鄉村區 ; 非都市編定：乙種建築用地,,,,08630023
RPUQMLQKJIHGFBJ98DC,台科段,.00,都市：住,,,,02360000
RPTNMLSKJIHGFDJ88CC,永安段,.00,非都市：鄉村區 ; 非都市編定：乙種建築用地,,,,03750001
RPROMLSKJIHGFCJ68CC,中山段,97.00,都市：住,,,,06430000
RPPPMLQKJIHGFDJ48CC,長威段,.00,非都市：特定農業區 ; 非都市編定：甲種建築用地,,,,11450000
RPVNMLQKJIHGFDJ88CC,建興段鳳凰小段,68.00,非都市：工業區 ; 非都市編定：丁種建築用地,,,,00200017
RPPOMLMLJIHGFDJ08CC,綠園段,.00,非都市：鄉村區 ; 非都市編定：乙種建築用地,,,,08630023
RPPRMLMLJIHGFCJ28CC,重光段,.00,都市：住,,,,03000000
RPSNMLOLJIHGFCJ38CC,鷄油林段,108.00,都市：住,,,,01940010
RPOPMLPLJIHGFDJ38CC,中興段中興小段,.00,非都市：工業區 ; 非都市編定：丁種建築用地,,,,03490000
RPPPMLPLJIHGFDJ48CC,中興段復興小段,.00,非都市：工業區 ; 非都市編定：丁種建築用地,,,,03050000
RPWOMLLLJIHGFBJ48CC,隘興段,.00,都市：住,,,,04320000
RPTWMLPKJIHGFBJ66CC,台元段,.00,都市：工,,,,06640000
RPRWMLPKJIHGFBJ09CC,台元段,.00,都市：工,,,,06640000
RPWNMLSKJIHGFBJ98CC,台元段,.00,都市：工,,,,06650000
RPPQMLMLJIHGFBJ08CC,公園段,.00,都市：住,,,,04660000
RPTNMLLLJIHGFBJ08CC,泰和段,311.27,都市：工,,,,05160000
RPPNNLPLJIHGFBJ18CC,大學段,.00,都市：商,,,,02190000
RPXNMLLLJIHGFBJ48CC,站前段,.00,都市：商,,,,01900000
RPOPMLLLJIHGFBJ77CC,永興段,.00,都市：商,,,,04950000
RPWWMLPLJIHGFBJ07CC,莊敬段,.00,都市：商,,,,02720000
RPQNMLQLJIHGFBJ28CC,正興段,.00,都市：住,,,,01560000
RPPNMLQLJIHGFBJ18CC,縣福段,.00,都市：住,,,,00630000
RPPNMLQLJIHGFDJ38CC,中興段中興小段,.00,非都市：工業區 ; 非都市編定：丁種建築用地,,,,00850000
RPWOMLSLJIHGFBJ56CC,台科段,.00,都市：商,,,,02100000
RPWNMLSLJIHGFCJ56CC,廣福段,.00,都市：住,,,,01820000
RPRNMLQLJIHGFBJ38CC,竹仁段,.00,都市：住,,,,04020000
RPQNMLSLJIHGFBJ48CC,府前段,560.79,都市：住,,,,04430002
RPORMLSLJIHGFDJ88CC,中興段中興小段,.00,非都市：工業區 ; 非都市編定：丁種建築用地,,,,01550005
RPSSMLTLJIHGFCJ76CC,綠獅段,.00,非都市：特定農業區 ; 非都市編定：甲種建築用地,,,,00780026
RPTPMLMJKIHGFCJ38CC,台泥段,.00,都市：住,,,,00020000
RPPPMLLJKIHGFCJ87CC,竹東段番社子小段,2369.00,都市：住,,,,00070000
RPXOMLSLJIHGFBJ66CC,翰林段,.00,都市：住,,,,06700002
RPQNMLMJKIHGFBJ77CC,台元段,.00,都市：工,,,,06350000
RPSNMLMJKIHGFBJ97CC,台元段,.00,都市：工,,,,07160000
RPPNMLMJKIHGFBJ67CC,台元段,.00,都市：工,,,,06190000
RPRNMLMJKIHGFBJ87CC,台元段,.00,都市：工,,,,07160000
RPTNMLMJKIHGFBJ08CC,家興段,.00,都市：住,,,,04590000
RPUNMLMJKIHGFBJ18CC,自強段,.00,都市：住,,,,02940000
RPXNMLMJKIHGFBJ48CC,莊敬段,.00,都市：住,,,,07130000
RPVNMLMJKIHGFBJ28CC,東華段,.00,都市：住,,,,06220000
RPVPMLMJKIHGFBJ48CC,縣福段,.00,都市：商,,,,02700000
RPOOMLMJKIHGFBJ67CC,家興段,.00,都市：住,,,,05700000
RPWTMLTLJIHGFDJ37CC,泰豐段,.00,都市：住,,,,03210000
RPORMLMJKIHGFDJ18CC,明新段,.00,都市：住,,,,07190000
RPOQMLTLJIHGFDJ88CC,振興段,.00,都市：住,,,,09140000
RPQUMLTLJIHGFDJ86CC,建興段鳳凰小段,.00,非都市：工業區 ; 非都市編定：丁種建築用地,,,,02310004
RPORMLTLJIHGFDJ98CC,坪頂段,.00,都市：住,,,,10550000
RPPRMLSLJIHGFDJ98CC,中興段中興小段,.00,非都市：工業區 ; 非都市編定：丁種建築用地,,,,00020003
RPQOMLQJKIHGFDJ48CC,中興段中興小段,.00,非都市：工業區 ; 非都市編定：丁種建築用地,,,,01080001
RPSNMLQJKIHGFCJ48CC,東寧段,.00,都市：住,,,,16540000
RPWOMLRJKIHGFDJ56CC,竹九段,78.84,非都市：鄉村區 ; 非都市編定：乙種建築用地,,,,18510039
RPTOMLRJKIHGFDJ88CC,竹九段,78.84,非都市：鄉村區 ; 非都市編定：乙種建築用地,,,,18510039
RPVOMLRJKIHGFDJ09CC,竹九段,78.84,非都市：鄉村區 ; 非都市編定：乙種建築用地,,,,18510039
RPUOMLRJKIHGFDJ98CC,竹九段,78.84,非都市：鄉村區 ; 非都市編定：乙種建築用地,,,,18510039
RPTOMLQJKIHGFDJ78CC,中義段,.00,都市：商,,,,03060000
RPXPMLPJKIHGFBJ98CC,中興段,.00,都市：住,,,,00080000
RPVOMLPJKIHGFBJ68CC,台元段,.00,都市：工,,,,07160000
RPPOMLPJKIHGFBJ08CC,永興段,.00,都市：商,,,,04950000
RPTNMLPJKIHGFBJ38CC,莊敬段,.00,都市：住,,,,01010000
RPUOMLPJKIHGFBJ58CC,台元段,.00,都市：工,,,,06650000
RPXOMLRJKIHGFDJ66CC,竹九段,78.84,非都市：鄉村區 ; 非都市編定：乙種建築用地,,,,18510039
RPPPMLRJKIHGFDJ58CC,竹九段,78.84,非都市：鄉村區 ; 非都市編定：乙種建築用地,,,,18510039
RPRNMLKKKIHGFBJ77CC,永興段,.00,都市：住,,,,04750000
RPQNMLKKKIHGFBJ67CC,世興段,.00,都市：商,,,,00270000
RPPPMLSJKIHGFBJ48CC,隘興段,.00,都市：住,,,,07260000
RPOPMLRJKIHGFDJ48CC,竹九段,78.84,非都市：鄉村區 ; 非都市編定：乙種建築用地,,,,18510039
RPPOMLMKKIHGFBJ87CC,台元段,.00,都市：工,,,,06190000
RPWNMLMKKIHGFBJ48CC,台元段,.00,都市：工,,,,06110000
RPOOMLMKKIHGFBJ77CC,台元段,.00,都市：工,,,,06190000
RPQOMLMKKIHGFBJ97CC,台元段,.00,都市：工,,,,06650000
RPROMLMKKIHGFBJ08CC,台元段,.00,都市：工,,,,07160000
RPSNMLNKKIHGFDJ38CC,建興段鳳凰小段,.00,非都市：工業區 ; 非都市編定：丁種建築用地,,,,06400001
RPSNMLNKKIHGFDJ38CC,建興段鳳凰小段,.00,非都市：工業區 ; 非都市編定：丁種建築用地,,,,06410000
RPUOMLNKKIHGFCJ58CC,竹東段竹東小段,.00,都市：住,,,,00420003
RPTVMLPKKIHGFBJ66CC,大學段,.00,都市：商,,,,02180000
RPXQMLOKKIHGFBJ09CC,站前段,.00,都市：商,,,,01610000
RPTNMLQKKIHGFDJ78CC,振興段,.00,都市：住,,,,07210000
RPXNMLQKKIHGFDJ56CC,光華段,.00,都市：住,,,,08280000
RPUNMLQKKIHGFDJ88CC,坪頂段,.00,都市：住,,,,11210000
RPXNMLQKKIHGFBJ98CC,大學段,111.15,都市：商,,,,00830000
RPVOMLQKKIHGFBJ88CC,莊敬段,9.38,都市：住,,,,06570000
RPRNMLSKKIHGFBJ58CC,公園段,.00,都市：商,,,,04770000
RPTOMLTKKIHGFBJ98CC,站前段,.00,都市：商,,,,01880000
RPQOMLQKKIHGFBJ38CC,東興段,.00,都市：住,,,,05190000
RPPPMLKLKIHGFBJ87CC,莊敬段,.00,都市：商,,,,02690000
RPRPMLKLKIHGFBJ08CC,翰林段,.00,都市：住,,,,03150000
RPXOMLQKKIHGFBJ09CC,家興段,.00,都市：住,,,,06670000
RPWPMLKLKIHGFBJ58CC,竹仁段,.00,都市：住,,,,03750000
RPVOMLNKKIHGFCJ68CC,竹東段番社子小段,.00,都市：住,,,,00670001
RPWNMLPKKIHGFCJ88CC,大林段,69.89,都市：住,,,,01120000
RPSNMLKLKIHGFCJ08CC,杞林段,22.26,都市：住,,,,00010000
RPVOMLNLKIHGFCJ78CC,資源段,.00,都市：住,,,,10770016
RPWNMLSLKIHGFDJ76CC,員興段,.00,非都市：山坡地保育區 ; 非都市編定：丙種建築用地,,,,06170002
RPSOMLRLKIHGFCJ88CC,仁愛段,.00,都市：住,,,,05070020
RPROMLSLKIHGFDJ98CC,下北勢段下北勢小段,.00,非都市：特定農業區 ; 非都市編定：甲種建築用地,,,,06270000
RPPOMLSLKIHGFDJ78CC,汶山段,.00,非都市：特定農業區 ; 非都市編定：甲種建築用地,,,,02050000
RPRNMLOLKIHGFBJ28CC,社北段,.00,都市：住,,,,09470000
RPTNMLQLKIHGFBJ68CC,興崙段,15.10,都市：住,,,,08620000
RPRNMLRLKIHGFBJ58CC,台元段,.00,都市：工,,,,06190000
RPTNMLRLKIHGFBJ78CC,台元段,.00,都市：工,,,,06190000
RPXNMLQLKIHGFBJ09CC,文化段,.00,都市：住,,,,07410000
RPRNMLNLKIHGFBJ18CC,莊敬段,.00,都市：商,,,,02690000
RPXNMLRLKIHGFBJ56CC,台元段,.00,都市：工,,,,06190000
RPPONLRLKIHGFBJ58CC,隘興段,.00,都市：住,,,,04410000
RPSOMLKMKIHGFCJ28CC,四重段,.00,非都市：特定農業區 ; 非都市編定：甲種建築用地,,,,09140000
RPXNMLKMKIHGFBJ58CC,莊敬段,.00,都市：商,,,,06570000
RPQOMLKMKIHGFBJ08DC,永興段,.00,都市：商,,,,05060000
RPSOMLNJJHIGFCJ18CC,旭光段,75.64,都市：住,,,,06940001
RPUOMLNJJHIGFCJ38CC,旭光段,92.00,都市：住,,,,06940000
RPROMLOJJHIGFBJ08CC,三崁店段三崁店小段,.00,非都市：特定農業區 ; 非都市編定：甲種建築用地,,,,00590000
RPSQMLPJJHIGFBJ48CC,家興段,.00,都市：商,,,,04250000
RPWNMLRJJHIGFBJ78CC,大學段,.00,都市：商,,,,00390000
RPXNMLRJJHIGFBJ88CC,縣愛段,.00,都市：住,,,,03500002
RPOOMLRJJHIGFBJ08CC,水瀧段,.00,都市：住,,,,03910000
RPPOMLRJJHIGFBJ18CC,竹義段,.00,都市：住,,,,08020000
RPOPMLRJJHIGFBJ18CC,台元段,72.42,都市：住,,,,05820043
RPPNMLSJJHIGFBJ18CC,文化段,.00,都市：住,,,,05560000
RPRNMLSJJHIGFBJ38CC,水瀧段,.00,都市：商,,,,15260000
RPQNMLKMKIHGFDJ08CC,中興段復興小段,.00,非都市：工業區 ; 非都市編定：丁種建築用地,,,,06090000
RPSNMLOJJHIGFDJ28CC,中興段復興小段,.00,非都市：工業區 ; 非都市編定：丁種建築用地,,,,05700000
RPOOMLRJJHIGFDJ28CC,中興段復興小段,.00,非都市：工業區 ; 非都市編定：丁種建築用地,,,,00690000
RPRNMLKMKIHGFDJ18CC,泰豐段,.00,都市：住,,,,06930004
RPPOMLTJJHIGFBJ38CC,台元段,.00,都市：工,,,,06190000
RPOOMLTJJHIGFBJ28CC,台元段,.00,都市：工,,,,06110000
RPVNMLKMKIHGFDJ58CC,光華段,.00,都市：住,,,,08280000
RPUOMLTJJHIGFBJ88CC,台元段,.00,都市：工,,,,06640000
RPQNMLLKJHIGFBJ67CC,家興段,.00,都市：商,,,,04250000
RPSOMLTJJHIGFBJ68CC,台元段,.00,都市：工,,,,06650000
RPTOMLTJJHIGFBJ78CC,台元段,.00,都市：工,,,,06650000
RPUNMLLKJHIGFBJ08CC,永興段,.00,都市：住,,,,06020000
RPVOMLTJJHIGFBJ98CC,台元段,.00,都市：工,,,,06190000
RPVNMLLKJHIGFDJ38CC,中義段,.00,都市：商,,,,03080000
RPWOMLMKJHIGFCJ58CC,志學段,.00,都市：住,,,,06510000
RPXNMLLKJHIGFDJ58CC,振興段,.00,都市：商,,,,09200000
RPWOMLMKJHIGFCJ58CC,志學段,.00,都市：住,,,,06510001
RPSOMLMKJHIGFBJ08CC,仰德段,199.42,非都市：鄉村區 ; 非都市編定：乙種建築用地,,,,17730000
RPSOMLMKJHIGFBJ08CC,仰德段,1050.01,非都市：鄉村區 ; 非都市編定：乙種建築用地,,,,17740000
RPUNMLNKJHIGFDJ48CC,福興段十一股小段,.00,非都市：特定農業區 ; 非都市編定：甲種建築用地,,,,07310008
RPWNMLNKJHIGFBJ48CC,台元段,.00,都市：工,,,,06640000
RPWOMLNJJHIGFCJ78EC,明湖段,85.99,都市：住,,,,05990000
RPTNMLNKJHIGFDJ38CC,中義段,.00,都市：商,,,,03030000
RPTNMLRKJHIGFDJ78CC,中興段中興小段,.00,非都市：工業區 ; 非都市編定：丁種建築用地,,,,03180000
RPVNMLRKJHIGFCJ88CC,竹東段竹東小段,.00,都市：住,,,,03960010
RPWNMLRKJHIGFCJ98CC,資源段,.00,都市：住,,,,10770019
RPSNMLRKJHIGFBJ48CC,大學段,.00,都市：商,,,,02180000
RPVNMLTLKIHGFDJ76CC,永安段,.00,非都市：鄉村區 ; 非都市編定：乙種建築用地,,,,03750001
RPTNMLTLKIHGFDJ56CC,中興段中興小段,.00,非都市：工業區 ; 非都市編定：丁種建築用地,,,,05140001
RPTNMLTLKIHGFDJ56CC,中興段中興小段,.00,非都市：工業區 ; 非都市編定：丁種建築用地,,,,05140002
RPTNMLTLKIHGFDJ56CC,中興段中興小段,.00,非都市：工業區 ; 非都市編定：丁種建築用地,,,,05170000
RPUNMLRKJHIGFBJ68CC,大學段,.00,都市：住,,,,06380000
RPRPMLRKJHIGFBJ58CC,中正段,.00,都市：住,,,,00320000
RPPPMLRKJHIGFBJ38CC,新庄子段,.00,非都市：特定農業區 ; 非都市編定：甲種建築用地,,,,09360000
RPPNMLSKJHIGFBJ28CC,莊敬段,.00,都市：商,,,,02720000
RPSNMLSKJHIGFBJ58CC,寶鎮段,.00,非都市：山坡地保育區 ; 非都市編定：丙種建築用地,,,,09870000
RPXNMLSKJHIGFCJ56CC,金獅段,.00,非都市：特定農業區 ; 非都市編定：甲種建築用地,,,,08780000
RPPNMLSKJHIGFDJ48CC,泰豐段,.00,都市：住,,,,06890001
RPQOMLTKJHIGFBJ58CC,竹仁段,.00,都市：住,,,,03750000
RPROMLKMJHIGFBJ97CC,世興段,29.09,都市：商,,,,00380000
RPUNMLKMJHIGFDJ38CC,福陽段,.00,非都市：鄉村區 ; 非都市編定：乙種建築用地,,,,01460000
RPWNMLKMJHIGFCJ48CC,台泥段,.00,都市：住,,,,00030017
RPQNMLMJKHIGFDJ97CC,建興段鳳凰小段,99.00,非都市：工業區 ; 非都市編定：丁種建築用地,,,,03840000
RPOPMLKMJHIGFCJ87CC,台泥段,.00,都市：商,,,,00140000
RPWOMLMJKHIGFBJ48CC,公園段,.00,都市：商,,,,04770000
RPRPMLMJKHIGFBJ08CC,隘興段,.00,都市：商,,,,04080000
RPOPMLNJKHIGFBJ87CC,永興段,.00,都市：商,,,,05060000
RPSPMLNJKHIGFBJ28CC,公園段,.00,都市：住,,,,04660000
RPTPMLNJKHIGFBJ38CC,站前段,.00,都市：商,,,,07060000
RPUPMLNJKHIGFBJ48CC,翰林段,.00,都市：住,,,,08590000
RPROMLNJKHIGFDJ28CC,明新段,.00,非都市：鄉村區 ; 非都市編定：乙種建築用地,,,,00360000
RPSNMLNJKHIGFBJ18DC,家興段,191.63,都市：住,,,,05450000
RPSNMLNJKHIGFBJ18DC,家興段,190.98,都市：住,,,,05450001
RPSNMLOJKHIGFBJ18CC,家興段,.00,都市：住,,,,06650000
RPWNMLSKJHIGFBJ98CC,新國段,.00,都市：住,,,,06410000
RPTOMLSKJHIGFBJ78CC,縣福段,.00,都市：商,,,,02890000
RPVOMLSKJHIGFBJ98CC,水瀧段,.00,都市：住,,,,09070000
RPXNMLTKJHIGFBJ56CC,自強段,.00,都市：商,,,,02970000
RPVNMLSKJHIGFBJ88CC,縣福段,.00,都市：商,,,,01750000
RPPOMLSKJHIGFBJ38CC,台元段,.00,都市：工,,,,06190000
RPSOMLSKJHIGFBJ68CC,永興段,.00,都市：商,,,,05060000
RPXNMLQJKHIGFBJ88CC,台元段,.00,都市：工,,,,06190000
RPQOMLTJKHIGFBJ58CC,莊敬段,.00,都市：商,,,,02690000
RPSNMLSJKHIGFBJ58CC,大學段,.00,都市：住,,,,04630000
RPVNMLRJKHIGFCJ88CC,重光段,.00,都市：住,,,,01570000
RPSOMLKKKHIGFCJ08CC,竹林段,.00,非都市：鄉村區 ; 非都市編定：乙種建築用地,,,,04330000
RPVOMLKKKHIGFBJ28CC,站前段,.00,都市：商,,,,01610000
RPQNMLKKKHIGFDJ87CC,泰安段,90.83,都市：住,,,,03770000
RPVNMLKKKHIGFBJ18CC,世興段,8.45,都市：商,,,,00380000
