﻿鄉鎮市區,交易標的,土地位置建物門牌,土地面積平方公尺,都市土地使用分區,非都市土地使用分區,非都市土地使用編定,租賃年月日,租賃筆棟數,租賃層次,總樓層數,建物型態,主要用途,主要建材,建築完成年月,建物總面積平方公尺,建物現況格局-房,建物現況格局-廳,建物現況格局-衛,建物現況格局-隔間,有無管理組織,有無附傢俱,總額元,單價元平方公尺,車位類別,車位面積平方公尺,車位總額元,備註,編號
The villages and towns urban district,transaction sign,land sector position building sector house number plate,land shifting total area square meter,the use zoning or compiles and checks,the non-metropolis land use district,non-metropolis land use,transaction year month and day,transaction pen number,shifting level,total floor number,building state,main use,main building materials,construction to complete the years,building shifting total area,Building present situation pattern - room,building present situation pattern - hall,building present situation pattern - health,building present situation pattern - compartmented,Whether there is manages the organization,Whether there is attaches the furniture,total price NTD,the unit price (NTD / square meter),the berth category,berth shifting total area square meter,the berth total price NTD,the note,serial number
竹北市,房地(土地+建物),新竹縣竹北市勝利六街５０號七樓之十,6.02,商,,,1111110,土地1建物1車位0,七層,10,華廈(10層含以下有電梯),住家用,鋼筋混凝土造,0930309,42.53,1,1,1,有,有,有,12000,282,,0.0,0,,RPSPMLLKJIHGFBJ08CC
竹北市,建物,新竹縣竹北市臺元街３８號２F~６,0.0,工,,,1111027,土地0建物1車位1,二層,8,廠辦,工業用,鋼筋混凝土造,0960607,258.2,0,0,0,無,有,無,77200,299,坡道平面,0.0,3200,,RPPUMLPKJIHGFBJ68CC
竹北市,建物,新竹縣竹北市臺元街３８號８F~１、２、３,0.0,工,,,1111027,土地0建物3車位3,八層,8,廠辦,工業用,鋼筋混凝土造,0960607,673.73,0,0,0,無,有,無,208600,310,坡道平面,0.0,9600,,RPUUMLPKJIHGFBJ56CC
竹北市,建物,新竹縣竹北市臺元街３８號６F~９,0.0,工,,,1111027,土地0建物1車位1,六層,8,廠辦,工業用,鋼筋混凝土造,0960607,260.21,0,0,0,無,有,無,78200,301,坡道平面,0.0,3200,,RPQVMLPKJIHGFBJ88CC
竹北市,建物,新竹縣竹北市臺元街３８號７F~１０、１１,0.0,工,,,1111102,土地0建物2車位0,七層,8,廠辦,工業用,鋼筋混凝土造,0960607,554.12,0,0,0,無,有,無,157000,283,,0.0,0,,RPOWMLPKJIHGFBJ78CC
竹北市,建物,新竹縣竹北市臺元二街１號３F~７、８、９,0.0,工,,,1111110,土地0建物3車位19,三層,10,廠辦,工業用,鋼筋混凝土造,1040109,1352.55,0,0,0,無,有,無,464500,343,坡道平面,0.0,60100,,RPQWMLPKJIHGFBJ98CC
竹北市,建物,新竹縣竹北市臺元二街６號２F~５、６、７,0.0,工,,,1111028,土地0建物3車位0,二層,11,廠辦,工廠,鋼筋混凝土造,1090826,783.03,0,0,0,無,無,有,234500,299,,0.0,0,,RPRWMLPKJIHGFBJ09CC
竹北市,建物,新竹縣竹北市臺元二街６號６F~６、７，臺元二街８~１號,0.0,工,,,1111028,土地0建物3車位0,見其他登記事項,11,廠辦,工廠,鋼筋混凝土造,1090826,1316.4,0,0,0,無,有,無,453800,345,,0.0,0,,RPTWMLPKJIHGFBJ66CC
湖口鄉,房地(土地+建物),新竹縣湖口鄉仁興路４８巷８號,68.0,,工業區,丁種建築用地,1110915,土地1建物1車位0,全,5,透天厝,住家用,加強磚造,,310.18,18,0,18,有,無,有,90000,290,,0.0,0,,RPVNMLQKJIHGFDJ88CC
湖口鄉,建物,新竹縣湖口鄉吳厝路８８號,0.0,,特定農業區,甲種建築用地,1111109,土地0建物1車位0,一層,5,華廈(10層含以下有電梯),集合住宅,鋼筋混凝土造,1080308,95.25,3,2,2,有,有,有,16000,168,,0.0,0,每月水電、瓦斯費及管理費600元由承租人另外負擔。,RPPPMLQKJIHGFDJ48CC
竹北市,建物,新竹縣竹北市光明１８街７６號５樓,0.0,住,,,1111030,土地0建物1車位1,五層,13,住宅大樓(11層含以上有電梯),住家用,鋼筋混凝土造,1021025,167.73000000000002,3,2,2,有,有,有,29000,173,坡道平面,42.3,0,租金包含管理費,RPUQMLQKJIHGFBJ98DC
竹東鎮,房地(土地+建物),新竹縣竹東鎮大林路４８巷３號,97.0,住,,,1111113,土地1建物1車位0,全,5,透天厝,住家用,加強磚造,,89.24,3,3,3,有,無,有,22000,247,,0.0,0,,RPROMLSKJIHGFCJ68CC
湖口鄉,建物,新竹縣湖口鄉鐵騎路１８６巷７弄６之１號三樓,0.0,,鄉村區,乙種建築用地,1111021,土地0建物1車位0,三層,7,華廈(10層含以下有電梯),集合住宅,鋼筋混凝土造,1040830,97.75999999999999,2,2,1,有,有,有,15500,159,,0.0,0,,RPTNMLSKJIHGFDJ88CC
湖口鄉,建物,新竹縣湖口鄉德和路７６巷１０號３樓之１,0.0,,鄉村區,乙種建築用地,1111024,土地0建物1車位0,三層,8,華廈(10層含以下有電梯),住家用,鋼筋混凝土造,0930705,28.45,1,1,1,有,有,有,5500,193,,0.0,0,,RPUNMLSKJIHGFDJ98CC
竹北市,建物,新竹縣竹北市臺元一街１號３F~２,0.0,工,,,1111111,土地0建物1車位0,三層,14,廠辦,一般服務業,鋼筋混凝土造,0990305,409.66,0,0,0,無,有,無,119000,290,,0.0,0,,RPWNMLSKJIHGFBJ98CC
竹北市,房地(土地+建物),新竹縣竹北市環科一路３１號六樓之３,311.27,工,,,1111115,土地1建物1車位0,六層,13,辦公商業大樓,工廠,鋼筋混凝土造,1081211,388.3,0,0,0,無,有,無,100000,258,,0.0,0,,RPTNMLLLJIHGFBJ08CC
竹北市,建物,新竹縣竹北市博愛街５１３號四樓之四,0.0,商,,,1111113,土地0建物1車位0,四層,8,套房(1房1廳1衛),商業用,鋼筋混凝土造,0810731,39.8,1,0,1,有,有,有,9000,226,,0.0,0,水電費及每月管理費600元皆由承租人負擔。,RPXNMLLLJIHGFBJ48CC
竹北市,建物,新竹縣竹北市六家五路二段１７３號１１樓,0.0,住,,,1111119,土地0建物1車位1,十一層,14,住宅大樓(11層含以上有電梯),集合住宅,鋼筋混凝土造,1110517,191.60000000000002,3,2,2,有,有,有,45000,235,坡道平面,34.82,0,,RPWOMLLLJIHGFBJ48CC
竹北市,建物,新竹縣竹北市復興一街２５３號１５F之５,0.0,商,,,1111113,土地0建物1車位1,十五層,16,住宅大樓(11層含以上有電梯),商業用,鋼筋混凝土造,0970915,86.35,1,1,1,有,有,有,19800,229,坡道平面,33.31,0,,RPOPMLLLJIHGFBJ77CC
竹北市,建物,新竹縣竹北市自強南路５９巷３號５樓之５,0.0,住,,,1111026,土地0建物1車位0,五層,14,住宅大樓(11層含以上有電梯),住商用,鋼筋混凝土造,0930611,53.67,1,1,1,有,有,有,15000,279,,0.0,0,,RPPQMLMLJIHGFBJ08CC
湖口鄉,建物,新竹縣湖口鄉德和路７６巷２號二樓之３,0.0,,鄉村區,乙種建築用地,1111026,土地0建物1車位0,二層,8,華廈(10層含以下有電梯),住家用,鋼筋混凝土造,0930705,32.769999999999996,1,1,1,有,有,有,10000,305,,0.0,0,,RPPOMLMLJIHGFDJ08CC
竹東鎮,建物,新竹縣竹東鎮中興路三段３８８號八樓,0.0,住,,,1111025,土地0建物1車位0,八層,12,住宅大樓(11層含以上有電梯),住家用,鋼筋混凝土造,0850507,115.9,3,2,2,有,有,有,17000,147,,0.0,0,,RPPRMLMLJIHGFCJ28CC
竹東鎮,房地(土地+建物),新竹縣竹東鎮仁愛路３８６之４號,108.0,住,,,1111109,土地1建物1車位0,一層,5,公寓(5樓含以下無電梯),住家用,鋼筋混凝土造,,73.8,2,2,1,有,無,有,10500,142,,0.0,0,,RPSNMLOLJIHGFCJ38CC
湖口鄉,建物,新竹縣湖口鄉汀州街４０號五樓,0.0,,工業區,丁種建築用地,1111028,土地0建物1車位0,五層,5,華廈(10層含以下有電梯),住家用,鋼筋混凝土造,0821119,100.74000000000001,3,2,2,有,有,有,15000,149,,0.0,0,,RPOPMLPLJIHGFDJ38CC
湖口鄉,建物,新竹縣湖口鄉安宅八街６０號三樓,0.0,,工業區,丁種建築用地,1111028,土地0建物1車位0,三層,4,公寓(5樓含以下無電梯),住家用,鋼筋混凝土造,0840401,63.19,3,2,1,有,有,有,20000,317,,0.0,0,,RPPPMLPLJIHGFDJ48CC
竹北市,建物,新竹縣竹北市勝利八街一段３９５號十七樓,0.0,商,,,1111103,土地0建物1車位1,十七層,29,住宅大樓(11層含以上有電梯),住家用,鋼筋混凝土造,1070418,119.19,2,2,1,有,有,有,26000,218,坡道平面,24.96,0,,RPWWMLPLJIHGFBJ07CC
竹北市,建物,新竹縣竹北市莊敬六街１１號５樓之２,0.0,商,,,1111031,土地0建物1車位0,五層,15,住宅大樓(11層含以上有電梯),住家用,鋼筋混凝土造,0941114,121.9,2,1,1,有,有,有,21000,172,,0.0,0,,RPPNNLPLJIHGFBJ18CC
竹北市,建物,新竹縣竹北市興安里縣政一街５８號６樓之５,0.0,住,,,1111029,土地0建物1車位0,六層,6,華廈(10層含以下有電梯),住家用,鋼筋混凝土造,0930902,75.85,2,1,1,有,有,有,20900,276,,0.0,0,,RPPNMLQLJIHGFBJ18CC
新埔鎮,建物,新竹縣新埔鎮中正路１７５巷１弄６號,0.0,住,,,1111029,土地0建物1車位0,全,2,透天厝,住商用,加強磚造,0701117,78.73,2,2,2,有,有,有,13000,165,,0.0,0,,RPQNMLQLJIHGFBJ28CC
竹北市,建物,新竹縣竹北市文化街１５９號八樓,0.0,住,,,1111030,土地0建物1車位0,八層,10,華廈(10層含以下有電梯),住家用,鋼筋混凝土造,0930119,109.52000000000001,3,2,2,有,有,有,26000,237,,0.0,0,,RPRNMLQLJIHGFBJ38CC
湖口鄉,建物,新竹縣湖口鄉光復東路５３號三樓,0.0,,工業區,丁種建築用地,1111030,土地0建物1車位0,三層,5,華廈(10層含以下有電梯),住家用,鋼筋混凝土造,1001015,80.05000000000001,3,2,2,有,有,有,16500,206,,0.0,0,,RPPNMLQLJIHGFDJ38CC
湖口鄉,建物,新竹縣湖口鄉松江二街７０號五樓,0.0,,工業區,丁種建築用地,1111031,土地0建物1車位0,五層,5,公寓(5樓含以下無電梯),住家工業區,鋼筋混凝土造,0870727,86.91999999999999,3,2,2,有,有,有,12500,144,,0.0,0,,RPORMLSLJIHGFDJ88CC
湖口鄉,建物,新竹縣湖口鄉安宅一街６９號,0.0,,工業區,丁種建築用地,1111031,土地0建物1車位0,一層,6,華廈(10層含以下有電梯),住家用,鋼筋混凝土造,0860421,153.23,4,2,2,有,有,有,17000,111,,0.0,0,,RPPRMLSLJIHGFDJ98CC
芎林鄉,建物,新竹縣芎林鄉文山路４９０巷１弄６號四樓,0.0,住,,,1111124,土地0建物1車位0,四層,5,公寓(5樓含以下無電梯),住家用,鋼筋混凝土造,0810709,137.62,3,2,2,有,無,有,15000,109,,0.0,0,水電瓦斯費由承租人負擔。,RPWNMLSLJIHGFCJ56CC
竹北市,土地,府前段443-2地號,560.79,住,,,1111126,土地1建物0車位0,,,其他,,,,0.0,0,0,0,有,無,無,125156,223,,0.0,0,,RPQNMLSLJIHGFBJ48CC
竹北市,建物,新竹縣竹北市福興一路５６號６樓之７,0.0,商,,,1111031,土地0建物1車位1,六層,24,住宅大樓(11層含以上有電梯),住家用,鋼筋混凝土造,1030728,146.09,3,2,2,有,有,有,31858,218,坡道平面,0.0,0,,RPWOMLSLJIHGFBJ56CC
竹北市,建物,新竹縣竹北市縣政二路１８號２樓之２,0.0,住,,,1111102,土地0建物1車位1,二層,11,住宅大樓(11層含以上有電梯),集合住宅,鋼筋混凝土造,1100901,139.48000000000002,2,2,1,有,有,無,24000,172,坡道平面,0.0,0,,RPXOMLSLJIHGFBJ66CC
芎林鄉,建物,新竹縣芎林鄉文山路１１３９巷１２弄８號,0.0,,特定農業區,甲種建築用地,1111107,土地0建物1車位0,全,4,透天厝,住家用,鋼筋混凝土造,0880118,200.7,4,2,3,有,有,有,18000,90,,0.0,0,,RPSSMLTLJIHGFCJ76CC
新豐鄉,建物,新竹縣新豐鄉新庄路１３５巷８號四樓,0.0,住,,,1111115,土地0建物1車位0,四層,7,華廈(10層含以下有電梯),住家用,鋼筋混凝土造,0821103,111.12,3,2,2,有,有,有,11000,99,,0.0,0,水電瓦斯費及每月管理費500元由承租人負擔。,RPOQMLTLJIHGFDJ88CC
新豐鄉,建物,新竹縣新豐鄉明新六街１０６號七樓,0.0,住,,,1111126,土地0建物1車位0,七層,9,華廈(10層含以下有電梯),集合住宅,鋼筋混凝土造,1110329,115.56,3,2,2,有,有,有,21000,182,,0.0,0,水電瓦斯費及每月管理費2000元由承租人負擔。,RPORMLTLJIHGFDJ98CC
新豐鄉,建物,新竹縣新豐鄉康樂路一段２０６號,0.0,住,,,1111123,土地0建物0車位0,二層,5,套房(1房1廳1衛),店舖．住宅．騎樓．梯間．停車空間．機電設備空間,鋼筋混凝土造,0920910,20.37,1,0,1,有,無,有,6000,295,,0.0,0,此為分租套房，第二層共分成3間，一間平均面積約為20.37平方公尺。水電費由承租人負擔。,RPWTMLTLJIHGFDJ37CC
湖口鄉,建物,新竹縣湖口鄉大勇路３巷５５號,0.0,,工業區,丁種建築用地,1111105,土地0建物1車位0,一層,5,華廈(10層含以下有電梯),住家用,鋼筋混凝土造,1060623,51.67,2,1,1,有,有,有,15000,290,,0.0,0,,RPQUMLTLJIHGFDJ86CC
竹東鎮,房地(土地+建物),新竹縣竹東鎮北興路三段４９７之１號十樓,2369.0,住,,,1111201,土地1建物1車位0,十層,10,華廈(10層含以下有電梯),住家用,鋼筋混凝土造,0830506,105.11,3,2,2,有,有,有,27000,257,,0.0,0,,RPPPMLLJKIHGFCJ87CC
竹東鎮,建物,新竹縣竹東鎮工業一路８之８號９樓,0.0,住,,,1111128,土地0建物1車位0,九層,15,住宅大樓(11層含以上有電梯),集合住宅,鋼筋混凝土造,1090113,125.72,3,2,2,有,有,有,20000,159,,0.0,0,每月水電、瓦斯費及管理費2500元由承租人另外負擔。,RPTPMLMJKIHGFCJ38CC
新豐鄉,建物,新竹縣新豐鄉新興路３５巷２６弄４之４號,0.0,住,,,1111129,土地0建物1車位0,五層,5,套房(1房1廳1衛),住家用,鋼筋混凝土造,0810118,31.59,1,0,1,有,有,有,5700,180,,0.0,0,每月水電費由承租人另外負擔。,RPORMLMJKIHGFDJ18CC
竹北市,建物,新竹縣竹北市臺元街３８號,0.0,工,,,1111128,土地0建物1車位0,一層,8,廠辦,工業用,鋼筋混凝土造,0960607,655.68,0,0,0,無,有,無,208000,317,,0.0,0,,RPPNMLMJKIHGFBJ67CC
竹北市,建物,新竹縣竹北市臺元一街６號,0.0,工,,,1111117,土地0建物1車位0,一層,10,廠辦,工業用,鋼筋混凝土造,1020318,460.08,0,0,0,無,有,無,162400,353,,0.0,0,,RPQNMLMJKIHGFBJ77CC
竹北市,建物,新竹縣竹北市臺元街１８號５F~１０,0.0,工,,,1111122,土地0建物1車位2,五層,10,廠辦,工業用,鋼筋混凝土造,1051201,366.73,0,0,0,無,有,無,117000,319,坡道平面,0.0,6400,,RPRNMLMJKIHGFBJ87CC
竹北市,建物,新竹縣竹北市臺元街１８號４F~８,0.0,工,,,1111122,土地0建物1車位2,四層,10,廠辦,工業用,鋼筋混凝土造,1051201,366.74,0,0,0,無,有,無,113257,309,坡道平面,0.0,6200,,RPSNMLMJKIHGFBJ97CC
竹北市,建物,新竹縣竹北市六家五路一段２４６號４樓,0.0,住,,,1111109,土地0建物1車位1,四層,14,住宅大樓(11層含以上有電梯),住家用,鋼筋混凝土造,1001202,158.76999999999998,2,2,1,有,有,有,25000,157,坡道機械,0.0,0,,RPTNMLMJKIHGFBJ08CC
竹北市,建物,新竹縣竹北市成功八路１９０號１１樓之２,0.0,住,,,1111109,土地0建物1車位1,十一層,19,住宅大樓(11層含以上有電梯),住家用,鋼筋混凝土造,1001128,154.23,3,2,2,有,有,有,28000,182,坡道機械,0.0,0,,RPUNMLMJKIHGFBJ18CC
竹北市,建物,新竹縣竹北市泰和一街１３巷１６號５樓,0.0,住,,,1111112,土地0建物1車位0,五層,5,華廈(10層含以下有電梯),住家用,鋼筋混凝土造,0820326,124.6,3,2,2,有,有,有,16400,132,,0.0,0,,RPVNMLMJKIHGFBJ28CC
竹北市,建物,新竹縣竹北市莊敬北路２１６號８樓之３,0.0,住,,,1111109,土地0建物1車位1,八層,29,住宅大樓(11層含以上有電梯),住家用,鋼筋混凝土造,1090221,146.8,3,2,2,有,有,有,35000,238,坡道平面,0.0,0,,RPXNMLMJKIHGFBJ48CC
竹北市,建物,新竹縣竹北市嘉豐六路二段１１６號１２樓,0.0,住,,,1111117,土地0建物1車位1,十二層,14,住宅大樓(11層含以上有電梯),住家用,鋼筋混凝土造,0960625,129.26,3,2,2,有,有,有,25000,193,坡道平面,0.0,0,,RPOOMLMJKIHGFBJ67CC
竹北市,建物,新竹縣竹北市縣政七街３號３樓,0.0,商,,,1111127,土地0建物1車位0,三層,10,華廈(10層含以下有電梯),住家用,鋼筋混凝土造,0830622,109.52,3,2,2,有,有,有,15000,137,,0.0,0,每月水電、瓦斯費及管理費2100元由承租人另外負擔。,RPVPMLMJKIHGFBJ48CC
竹北市,建物,新竹縣竹北市十興二街１３８號１４F,0.0,住,,,1111118,土地0建物1車位1,十四層,14,住宅大樓(11層含以上有電梯),住家用,鋼筋混凝土造,1050729,132.99,2,2,1,有,有,有,27000,203,坡道平面,23.31,0,,RPTNMLPJKIHGFBJ38CC
竹北市,建物,新竹縣竹北市復興一街２５３號１３F之２,0.0,商,,,1111129,土地0建物1車位1,十三層,16,辦公商業大樓,商業用,鋼筋混凝土造,0970915,86.37,1,1,1,有,有,有,20000,232,坡道平面,0.0,0,,RPPOMLPJKIHGFBJ08CC
竹北市,建物,新竹縣竹北市臺元一街１號８F~５,0.0,工,,,1111201,土地0建物1車位0,八層,14,廠辦,一般服務業,鋼筋混凝土造,0990305,526.24,0,0,0,無,有,無,152000,289,,0.0,0,,RPUOMLPJKIHGFBJ58CC
竹北市,建物,新竹縣竹北市臺元街１８號３F~１０、１１,0.0,工,,,1111201,土地0建物2車位0,三層,10,廠辦,工業用,鋼筋混凝土造,1051201,775.81,0,0,0,無,有,無,228000,294,,0.0,0,,RPVOMLPJKIHGFBJ68CC
竹北市,建物,新竹縣竹北市嘉興路２７７巷１９號二樓之２,0.0,住,,,1111108,土地0建物1車位0,二層,9,華廈(10層含以下有電梯),住家用,鋼筋混凝土造,0850821,99.28,3,1,2,有,有,有,20000,201,,0.0,0,,RPXPMLPJKIHGFBJ98CC
湖口鄉,建物,新竹縣湖口鄉松江一街４號四樓,0.0,,工業區,丁種建築用地,1111117,土地0建物1車位0,四層,5,華廈(10層含以下有電梯),住家用,鋼筋混凝土造,0810902,108.35,3,2,2,有,無,有,15000,138,,0.0,0,水電費、瓦斯費由承租人負擔。,RPQOMLQJKIHGFDJ48CC
湖口鄉,建物,新竹縣湖口鄉中山路一段５８８號十四樓之５,0.0,商,,,1111125,土地0建物1車位0,十四層,15,住宅大樓(11層含以上有電梯),集合住宅,鋼筋混凝土造,1080621,98.1,2,2,1,有,有,有,19000,194,,0.0,0,水電瓦斯費及每季管理費5570元由承租人另外負擔。,RPTOMLQJKIHGFDJ78CC
竹東鎮,建物,新竹縣竹東鎮幸福路１２１巷２號三樓,0.0,住,,,1111201,土地0建物1車位0,三層,13,住宅大樓(11層含以上有電梯),住家用,鋼筋混凝土造,0831121,120.91999999999999,3,2,2,有,有,有,16000,132,,0.0,0,水電費、瓦斯費由承租人負擔。,RPSNMLQJKIHGFCJ48CC
湖口鄉,房地(土地+建物),新竹縣湖口鄉榮光一路１６６號,78.84,,鄉村區,乙種建築用地,1111206,土地1建物1車位0,四層,4,套房(1房1廳1衛),住宅、停車空間、樓梯間,鋼筋混凝土造,1040821,20.26,1,0,1,有,無,有,3300,163,,0.0,0,,RPTOMLRJKIHGFDJ88CC
湖口鄉,房地(土地+建物),新竹縣湖口鄉榮光一路１６６號,78.84,,鄉村區,乙種建築用地,1111130,土地1建物1車位0,三層,4,套房(1房1廳1衛),住宅、停車空間、樓梯間,鋼筋混凝土造,1040821,20.26,1,0,1,有,無,有,4000,197,,0.0,0,,RPUOMLRJKIHGFDJ98CC
湖口鄉,房地(土地+建物),新竹縣湖口鄉榮光一路１６６號,78.84,,鄉村區,乙種建築用地,1111130,土地1建物1車位0,三層,4,套房(1房1廳1衛),住宅、停車空間、樓梯間,鋼筋混凝土造,1040821,20.26,1,0,1,有,無,有,4000,197,,0.0,0,,RPVOMLRJKIHGFDJ09CC
湖口鄉,房地(土地+建物),新竹縣湖口鄉榮光一路１６６號,78.84,,鄉村區,乙種建築用地,1111130,土地1建物1車位0,三層,4,套房(1房1廳1衛),住宅、停車空間、樓梯間,鋼筋混凝土造,1040821,20.26,1,0,1,有,無,有,3300,163,,0.0,0,,RPWOMLRJKIHGFDJ56CC
湖口鄉,房地(土地+建物),新竹縣湖口鄉榮光一路１６６號,78.84,,鄉村區,乙種建築用地,1111130,土地1建物1車位0,二層,4,套房(1房1廳1衛),住宅、停車空間、樓梯間,鋼筋混凝土造,1040821,20.26,1,0,1,有,無,有,5500,271,,0.0,0,,RPXOMLRJKIHGFDJ66CC
湖口鄉,房地(土地+建物),新竹縣湖口鄉榮光一路１６６號,78.84,,鄉村區,乙種建築用地,1111122,土地1建物1車位0,二層,4,套房(1房1廳1衛),住宅、停車空間、樓梯間,鋼筋混凝土造,1040821,20.26,1,0,1,有,無,有,5500,271,,0.0,0,,RPOPMLRJKIHGFDJ48CC
湖口鄉,房地(土地+建物),新竹縣湖口鄉榮光一路１６６號,78.84,,鄉村區,乙種建築用地,1111130,土地1建物1車位0,二層,4,套房(1房1廳1衛),住宅、停車空間、樓梯間,鋼筋混凝土造,1040821,20.27,1,0,1,有,無,有,4000,197,,0.0,0,,RPPPMLRJKIHGFDJ58CC
竹北市,建物,新竹縣竹北市嘉豐十一路二段１２７巷７號六樓,0.0,住,,,1111115,土地0建物1車位3,六層,14,住宅大樓(11層含以上有電梯),住家用,鋼筋混凝土造,1000531,312.72,4,2,2,有,有,有,38000,122,坡道平面,0.0,0,,RPPPMLSJKIHGFBJ48CC
竹北市,建物,新竹縣竹北市高鐵七路６５號１５樓之５,0.0,商,,,1111117,土地0建物1車位1,十五層,18,辦公商業大樓,商業用,鋼筋混凝土造,0990208,128.25,0,0,0,無,有,有,28500,222,坡道機械,18.82,0,,RPQNMLKKKIHGFBJ67CC
竹北市,建物,新竹縣竹北市日興一街１８號４樓,0.0,住,,,1111111,土地0建物1車位1,四層,14,住宅大樓(11層含以上有電梯),集合住宅,鋼筋混凝土造,1100603,119.0,2,1,1,有,有,有,31000,261,坡道平面,36.64,0,,RPRNMLKKKIHGFBJ77CC
竹北市,建物,新竹縣竹北市臺元街３０號６F~２,0.0,工,,,1111206,土地0建物1車位0,六層,6,廠辦,工業用,鋼筋混凝土造,0900612,949.33,0,0,0,無,有,無,260000,274,,0.0,0,,RPWNMLMKKIHGFBJ48CC
竹北市,建物,新竹縣竹北市臺元街３８號２F~１０,0.0,工,,,1111205,土地0建物1車位1,二層,8,廠辦,工業用,鋼筋混凝土造,0960607,258.2,0,0,0,無,有,無,78680,305,坡道平面,0.0,3200,,RPOOMLMKKIHGFBJ77CC
竹北市,建物,新竹縣竹北市臺元街３８號４F~５、６,0.0,工,,,1111207,土地0建物2車位2,四層,8,廠辦,工業用,鋼筋混凝土造,0960607,554.12,0,0,0,無,有,無,163700,295,坡道平面,0.0,6400,,RPPOMLMKKIHGFBJ87CC
竹北市,建物,新竹縣竹北市臺元一街１號４F~５,0.0,工,,,1111202,土地0建物1車位6,四層,14,廠辦,一般服務業,鋼筋混凝土造,0990305,528.66,0,0,0,無,有,無,173900,329,坡道平面,0.0,18900,,RPQOMLMKKIHGFBJ97CC
竹北市,建物,新竹縣竹北市臺元街１８號３F~９,0.0,工,,,1111202,土地0建物1車位0,三層,10,廠辦,工業用,鋼筋混凝土造,1051201,366.3,0,0,0,無,有,無,109000,298,,0.0,0,,RPROMLMKKIHGFBJ08CC
湖口鄉,建物,新竹縣湖口鄉鳳凰三街２３號三樓,0.0,,工業區,丁種建築用地,1111204,土地0建物1車位0,三層,4,公寓(5樓含以下無電梯),住家用,鋼筋混凝土造,,58.5,3,2,1,有,無,有,11000,188,,0.0,0,水電瓦斯費由承租人負擔。,RPSNMLNKKIHGFDJ38CC
竹東鎮,建物,新竹縣竹東鎮長春路三段１５５號九樓,0.0,住,,,1111121,土地0建物1車位0,九層,12,住宅大樓(11層含以上有電梯),住家用,鋼筋混凝土造,0820729,110.78,3,2,2,有,有,有,13000,117,,0.0,0,,RPUOMLNKKIHGFCJ58CC
竹東鎮,建物,新竹縣竹東鎮自強路１６號八樓,0.0,住,,,1111115,土地0建物1車位0,八層,11,住宅大樓(11層含以上有電梯),住家用,鋼筋混凝土造,0870929,138.19,3,2,2,有,有,有,16000,116,,0.0,0,,RPVOMLNKKIHGFCJ68CC
竹北市,建物,新竹縣竹北市博愛街５３５之３號八樓,0.0,商,,,1111116,土地0建物1車位0,八層,10,華廈(10層含以下有電梯),住家用,鋼筋混凝土造,0900903,113.29,3,2,2,有,有,有,21000,185,,0.0,0,,RPXQMLOKKIHGFBJ09CC
竹北市,建物,新竹縣竹北市勝利一路１４０號十樓,0.0,商,,,1111117,土地0建物1車位0,十層,15,住宅大樓(11層含以上有電梯),住家用,鋼筋混凝土造,0941004,138.59,3,1,2,有,有,有,23000,166,,0.0,0,,RPTVMLPKKIHGFBJ66CC
竹東鎮,房地(土地+建物),新竹縣竹東鎮大林路１８０巷５號,69.89,住,,,1111206,土地1建物1車位0,全,4,透天厝,住商用,鋼筋混凝土造,0881028,177.03,4,3,4,有,有,有,24000,136,,0.0,0,,RPWNMLPKKIHGFCJ88CC
新豐鄉,建物,新竹縣新豐鄉成德街５巷８之４號,0.0,住,,,1111209,土地0建物1車位0,五層,5,華廈(10層含以下有電梯),住家用,鋼筋混凝土造,0811210,107.43,3,2,2,有,有,有,15000,140,,0.0,0,水電費、瓦斯費及每月管理費500元皆由承租人負擔。,RPTNMLQKKIHGFDJ78CC
新豐鄉,建物,新竹縣新豐鄉明新八街１００號二樓,0.0,住,,,1111215,土地0建物1車位0,二層,9,華廈(10層含以下有電梯),集合住宅,鋼筋混凝土造,1100913,89.45,2,2,2,有,有,有,18000,201,,0.0,0,水電費、瓦斯費由承租人負擔。,RPUNMLQKKIHGFDJ88CC
湖口鄉,建物,新竹縣湖口鄉明德街２２９巷１９號,0.0,住,,,1111119,土地0建物1車位0,一層,9,華廈(10層含以下有電梯),住家用,鋼筋混凝土造,0840313,122.47,2,2,2,有,有,有,18000,147,,0.0,0,,RPXNMLQKKIHGFDJ56CC
竹北市,房地(土地+建物),新竹縣竹北市勝利七街一段２３６號,111.15,商,,,1111028,土地1建物1車位0,全,3,透天厝,住商用,鋼筋混凝土造,1030127,153.81,0,2,2,有,無,有,63000,410,,0.0,0,,RPXNMLQKKIHGFBJ98CC
竹北市,建物,新竹縣竹北市嘉興路３３８巷８號八樓,0.0,住,,,1111125,土地0建物1車位1,八層,12,住宅大樓(11層含以上有電梯),住家用,鋼筋混凝土造,1030228,134.95999999999998,2,2,1,有,有,有,27000,200,坡道平面,35.96,0,,RPQOMLQKKIHGFBJ38CC
竹北市,房地(土地+建物)+車位,新竹縣竹北市勝利八街一段２３１號２４樓之８,9.38,住,,,1111216,土地1建物1車位1,二十四層,27,住宅大樓(11層含以上有電梯),住家用,鋼筋混凝土造,1050608,120.89000000000001,2,2,1,有,無,無,29784,246,坡道平面,0.0,0,,RPVOMLQKKIHGFBJ88CC
竹北市,建物,新竹縣竹北市嘉豐五路二段１５６號五樓之十一,0.0,住,,,1111118,土地0建物1車位0,五層,8,華廈(10層含以下有電梯),商業用,鋼筋混凝土造,0950623,29.91,1,1,1,有,有,有,12000,401,,0.0,0,,RPXOMLQKKIHGFBJ09CC
竹北市,建物,新竹縣竹北市成功一街５３號十一樓,0.0,商,,,1111130,土地0建物1車位1,十一層,14,住宅大樓(11層含以上有電梯),住家用,鋼筋混凝土造,0930524,162.84,3,2,2,有,有,有,30000,184,坡道機械,17.58,0,,RPRNMLSKKIHGFBJ58CC
竹北市,建物,新竹縣竹北市臺元街４９號十樓之３,0.0,商,,,1111121,土地0建物1車位0,十層,14,住宅大樓(11層含以上有電梯),住家用,鋼筋混凝土造,0970627,121.24,3,2,2,有,有,有,22000,181,,0.0,0,,RPTOMLTKKIHGFBJ98CC
竹北市,建物,新竹縣竹北市勝利十一路２６２號１５樓之３,0.0,商,,,1111127,土地0建物1車位0,十五層,23,住宅大樓(11層含以上有電梯),住家用,鋼筋混凝土造,1051101,102.16,2,2,1,有,有,有,23000,225,坡道平面,0.0,0,,RPPPMLKLKIHGFBJ87CC
竹北市,建物,新竹縣竹北市文信路７５號,0.0,住,,,1111202,土地0建物1車位0,見其他登記事項,2,店面(店鋪),飲食店、住宅,鋼筋混凝土造,1050628,165.33,0,0,0,無,無,無,51200,310,,0.0,0,,RPRPMLKLKIHGFBJ08CC
竹北市,建物,新竹縣竹北市文化街１４６號５樓,0.0,住,,,1111210,土地0建物1車位0,五層,8,華廈(10層含以下有電梯),住家用,鋼筋混凝土造,0870303,181.99,3,2,2,有,無,無,18000,99,坡道平面,0.0,0,,RPWPMLKLKIHGFBJ58CC
竹東鎮,房地(土地+建物),新竹縣竹東鎮中山路４０號一至二樓,22.26,住,,,1111123,土地1建物1車位0,見其他登記事項,14,住宅大樓(11層含以上有電梯),店舖、辦公室,鋼筋混凝土造,1051125,56.16,0,0,0,無,有,有,12000,214,,0.0,0,,RPSNMLKLKIHGFCJ08CC
竹東鎮,建物,新竹縣竹東鎮生產街７８巷３號二樓,0.0,住,,,1111220,土地0建物1車位0,二層,5,公寓(5樓含以下無電梯),住家用,鋼筋混凝土造,0861020,118.3,3,2,2,有,無,有,15000,127,,0.0,0,每月水電瓦斯費由承租人另外負擔。,RPVOMLNLKIHGFCJ78CC
竹北市,建物,新竹縣竹北市勝利十一路２６２號１５F-１,0.0,商,,,1111217,土地0建物1車位1,十五層,15,住宅大樓(11層含以上有電梯),住家用,鋼筋混凝土造,1051101,118.44,2,2,1,有,有,有,28000,236,坡道平面,30.03,0,,RPRNMLNLKIHGFBJ18CC
竹北市,建物,新竹縣竹北市新興路２７巷１號五樓,0.0,住,,,1111125,土地0建物1車位0,五層,8,華廈(10層含以下有電梯),住家用,鋼筋混凝土造,0830730,148.69,4,2,2,有,有,有,17700,119,,0.0,0,,RPRNMLOLKIHGFBJ28CC
竹北市,建物,新竹縣竹北市光明十一路１９２號,15.1,住,,,1111223,土地0建物1車位0,一層,15,店面(店鋪),店鋪,鋼筋混凝土造,1111019,164.78,0,0,0,無,無,無,70000,425,,0.0,0,,RPTNMLQLKIHGFBJ68CC
竹北市,建物,新竹縣竹北市國興街２１巷１０號,0.0,住,,,1111127,土地0建物1車位0,全,2,透天厝,住家用,加強磚造,0630920,70.98,4,2,4,有,有,有,15000,211,,0.0,0,,RPXNMLQLKIHGFBJ09CC
竹北市,建物,新竹縣竹北市臺元街３８號２F~７,0.0,工,,,1111220,土地0建物1車位0,二層,8,廠辦,工業用,鋼筋混凝土造,0960607,264.67,0,0,0,無,有,無,76500,289,,0.0,0,,RPRNMLRLKIHGFBJ58CC
竹北市,建物,新竹縣竹北市臺元街３８號６F~１２、１３、１５,0.0,工,,,1111219,土地0建物3車位3,六層,8,廠辦,工業用,鋼筋混凝土造,0960607,670.1,0,0,0,無,有,無,202207,302,坡道平面,0.0,9600,,RPTNMLRLKIHGFBJ78CC
竹北市,建物,新竹縣竹北市臺元街３８號６F~１１,0.0,工,,,1111216,土地0建物1車位0,六層,8,廠辦,工業用,鋼筋混凝土造,0960607,296.2,0,0,0,無,有,無,86000,290,,0.0,0,,RPXNMLRLKIHGFBJ56CC
竹北市,建物,新竹縣竹北市六家五路二段２７２號十六樓,0.0,住,,,1111128,土地0建物1車位0,十六層,25,住宅大樓(11層含以上有電梯),住家用,鋼筋混凝土造,1010924,233.10000000000002,3,2,2,有,有,有,19800,85,,0.0,0,,RPPONLRLKIHGFBJ58CC
竹東鎮,建物,新竹縣竹東鎮新生路３３２號５樓,0.0,住,,,1111128,土地0建物1車位0,五層,5,公寓(5樓含以下無電梯),住家用,鋼筋混凝土造,,80.06,3,2,2,有,有,有,9800,122,,0.0,0,,RPSOMLRLKIHGFCJ88CC
新豐鄉,建物,新竹縣新豐鄉員山１３１之１２７號七樓,0.0,,山坡地保育區,丙種建築用地,1111220,土地0建物1車位0,七層,7,華廈(10層含以下有電梯),集合住宅,鋼筋混凝土造,1100401,66.44,2,2,1,有,有,有,17500,263,,0.0,0,水電瓦斯費及每月管理費1500元由承租人另外負擔。,RPWNMLSLKIHGFDJ76CC
湖口鄉,建物,新竹縣湖口鄉新興路８５８號三樓,0.0,,特定農業區,甲種建築用地,1111201,土地0建物1車位0,三層,7,華廈(10層含以下有電梯),集合住宅,鋼筋混凝土造,1061107,118.38,3,2,2,有,有,有,18000,152,,0.0,0,,RPPOMLSLKIHGFDJ78CC
湖口鄉,建物,新竹縣湖口鄉成德路５６號,0.0,,特定農業區,甲種建築用地,1111201,土地0建物1車位0,一層,5,華廈(10層含以下有電梯),住家用,鋼筋混凝土造,0861211,107.74,3,2,2,有,有,有,13000,121,,0.0,0,,RPROMLSLKIHGFDJ98CC
湖口鄉,建物,新竹縣湖口鄉安宅六街３６號４樓,0.0,,工業區,丁種建築用地,1111130,土地0建物1車位0,四層,5,華廈(10層含以下有電梯),住家用,鋼筋混凝土造,0920126,161.2,3,2,2,有,無,有,14000,87,,0.0,0,,RPTNMLTLKIHGFDJ56CC
湖口鄉,建物,新竹縣湖口鄉鐵騎路１８６巷７弄１６號四樓,0.0,,鄉村區,乙種建築用地,1111201,土地0建物1車位0,四層,7,華廈(10層含以下有電梯),集合住宅,鋼筋混凝土造,1040830,78.27,2,2,1,有,有,有,15000,192,,0.0,0,,RPVNMLTLKIHGFDJ76CC
湖口鄉,建物,新竹縣湖口鄉新生三路３１號一樓,0.0,,工業區,丁種建築用地,1111215,土地0建物1車位0,一層,5,華廈(10層含以下有電梯),住家用,鋼筋混凝土造,0811013,78.73,3,2,2,有,無,有,16500,210,,0.0,0,水電瓦斯費由承租人負擔。,RPQNMLKMKIHGFDJ08CC
新豐鄉,建物,新竹縣新豐鄉保康街１７之１號,0.0,住,,,1111228,土地0建物1車位0,一層,5,套房(1房1廳1衛),住家用,鋼筋混凝土造,0960515,29.01,1,0,1,有,無,有,5500,190,,0.0,0,水電費由承租人負擔。,RPRNMLKMKIHGFDJ18CC
湖口鄉,建物,新竹縣湖口鄉明德街２２９巷１１弄７號七樓,0.0,住,,,1111209,土地0建物1車位0,七層,9,華廈(10層含以下有電梯),住家用,鋼筋混凝土造,0840313,119.22999999999999,3,2,2,有,有,有,8000,67,,0.0,0,,RPVNMLKMKIHGFDJ58CC
竹東鎮,建物,新竹縣竹東鎮中興路二段１７２巷２１號三樓,0.0,,特定農業區,甲種建築用地,1111208,土地0建物1車位0,三層,5,華廈(10層含以下有電梯),住家用,鋼筋混凝土造,0860915,95.04,3,2,2,有,有,有,13000,137,,0.0,0,,RPSOMLKMKIHGFCJ28CC
竹北市,建物,新竹縣竹北市嘉豐十路１號九樓之十一,0.0,商,,,1111209,土地0建物1車位1,九層,13,辦公商業大樓,商業用,鋼筋混凝土造,0970321,91.42,0,0,0,無,有,有,20000,219,坡道平面,0.0,0,,RPQOMLKMKIHGFBJ08DC
竹北市,建物,新竹縣竹北市勝利八街一段２３１號二十二樓之一,0.0,商,,,1111228,土地0建物1車位0,二十二層,27,住宅大樓(11層含以上有電梯),住家用,鋼筋混凝土造,1050608,95.22,2,2,1,有,有,有,23000,242,,0.0,0,水電瓦斯費由承租人負擔。,RPXNMLKMKIHGFBJ58CC
寶山鄉,房地(土地+建物),新竹縣寶山鄉明湖５街２巷３２號,85.99,住,,,1111219,土地1建物1車位0,全,4,透天厝,住家用,鋼筋混凝土造,0811027,228.57,4,2,3,有,無,有,22000,96,,0.0,0,,RPWOMLNJJHIGFCJ78EC
竹東鎮,房地(土地+建物),新竹縣竹東鎮光明路２３之１號,75.64,住,,,1111223,土地1建物1車位0,全,4,透天厝,住商用,鋼筋混凝土造,1090805,45.64,0,0,0,無,無,無,15000,329,,0.0,0,,RPSOMLNJJHIGFCJ18CC
竹東鎮,房地(土地+建物),新竹縣竹東鎮光明路２３之２號,92.0,住,,,1111223,土地1建物1車位0,全,4,透天厝,住商用,鋼筋混凝土造,1090805,46.61,0,0,0,無,無,無,15000,322,,0.0,0,,RPUOMLNJJHIGFCJ38CC
湖口鄉,建物,新竹縣湖口鄉新生三路１６號,0.0,,工業區,丁種建築用地,1111228,土地0建物1車位0,全,2,透天厝,住家用,鋼筋混凝土造,0860721,170.89,5,2,3,有,無,有,20000,117,,0.0,0,水電瓦斯費均由承租人負擔。,RPSNMLOJJHIGFDJ28CC
竹北市,建物,新竹縣竹北市東興路二段３６９巷１３號,0.0,,特定農業區,甲種建築用地,1111229,土地0建物1車位0,一層,5,華廈(10層含以下有電梯),住家用,鋼筋混凝土造,0811113,129.2,3,2,2,有,有,有,19000,147,,0.0,0,,RPROMLOJJHIGFBJ08CC
竹北市,建物,新竹縣竹北市嘉政二街３６號,0.0,商,,,1120102,土地0建物1車位2,一層,15,店面(店鋪),商業用,鋼筋混凝土造,1000707,141.95999999999998,0,1,1,有,有,無,25000,176,坡道平面,65.28,0,,RPSQMLPJJHIGFBJ48CC
竹北市,建物,新竹縣竹北市勝利六街５２號六樓之一,0.0,商,,,1111228,土地0建物1車位0,六層,10,套房(1房1廳1衛),住家用,鋼筋混凝土造,0930309,48.64,1,0,1,有,有,有,12100,249,,0.0,0,,RPWNMLRJJHIGFBJ78CC
竹北市,建物,新竹縣竹北市縣政二十一街３０巷６號,0.0,住,,,1111230,土地0建物1車位0,全,4,透天厝,住家用,鋼筋混凝土造,0890124,241.72,4,2,3,有,無,有,31500,130,,0.0,0,,RPXNMLRJJHIGFBJ88CC
竹北市,建物,新竹縣竹北市十興路３０５巷４弄１號八樓之三,0.0,住,,,1111229,土地0建物1車位0,八層,10,華廈(10層含以下有電梯),住家用,鋼筋混凝土造,0811223,91.2,3,2,2,有,有,有,20000,219,,0.0,0,,RPOOMLRJJHIGFBJ08CC
竹北市,建物,新竹縣竹北市博愛街３５７號三樓之一,0.0,住,,,1120105,土地0建物1車位0,三層,7,華廈(10層含以下有電梯),住家用,鋼筋混凝土造,0820913,100.51,3,1,2,有,無,有,18000,179,,0.0,0,,RPPOMLRJJHIGFBJ18CC
竹北市,房地(土地+建物),新竹縣竹北市泰和里和平街２１５巷１７號,72.42,住,,,1111231,土地1建物1車位0,全,3,透天厝,住家用,鋼筋混凝土造,0910205,170.56,4,2,3,有,無,有,24000,141,,0.0,0,,RPOPMLRJJHIGFBJ18CC
湖口鄉,建物,新竹縣湖口鄉新生路２號四樓,0.0,,工業區,丁種建築用地,1111230,土地0建物1車位0,四層,5,華廈(10層含以下有電梯),集合住宅,鋼筋混凝土造,1070126,69.97,2,2,2,有,有,有,16800,240,,0.0,0,水電瓦斯費由承租人負擔。,RPOOMLRJJHIGFDJ28CC
竹北市,建物,新竹縣竹北市國強街５號四樓,0.0,住,,,1111210,土地0建物1車位0,四層,8,華廈(10層含以下有電梯),住家用,鋼筋混凝土造,0830622,125.77000000000001,4,2,2,有,有,有,20000,159,,0.0,0,,RPPNMLSJJHIGFBJ18CC
竹北市,建物,新竹縣竹北市北新一街２０號四樓,0.0,商,,,1111212,土地0建物1車位0,四層,24,住宅大樓(11層含以上有電梯),住家用,鋼筋混凝土造,1080416,84.28999999999999,1,1,1,有,有,有,20000,237,,0.0,0,,RPRNMLSJJHIGFBJ38CC
竹北市,建物,新竹縣竹北市台元街３０號５F~５,0.0,工,,,1120106,土地0建物1車位16,五層,6,廠辦,工業用,鋼筋混凝土造,0900612,1403.67,0,0,0,無,有,無,422000,301,坡道平面,0.0,0,,RPOOMLTJJHIGFBJ28CC
竹北市,建物,新竹縣竹北市台元街３８號３F~１５,0.0,工,,,1120104,土地0建物1車位0,三層,8,廠辦,工業用,鋼筋混凝土造,0960607,209.95,0,0,0,無,有,無,61000,291,,0.0,0,,RPPOMLTJJHIGFBJ38CC
竹北市,建物,新竹縣竹北市台元一街１號１２F~２,0.0,工,,,1120104,土地0建物1車位0,十二層,14,廠辦,一般服務業,鋼筋混凝土造,0990305,1084.53,0,0,0,無,有,無,326430,301,,0.0,0,,RPSOMLTJJHIGFBJ68CC
竹北市,建物,新竹縣竹北市台元一街１號１２F~１,0.0,工,,,1120104,土地0建物1車位0,十二層,14,廠辦,一般服務業,鋼筋混凝土造,0990305,979.32,0,0,0,無,有,無,293278,299,,0.0,0,,RPTOMLTJJHIGFBJ78CC
竹北市,建物,新竹縣竹北市台元二街８號４F~５、６,0.0,工,,,1120106,土地0建物2車位0,四層,11,廠辦,工廠,鋼筋混凝土造,1090826,533.5,0,0,0,無,有,無,159766,299,,0.0,0,,RPUOMLTJJHIGFBJ88CC
竹北市,建物,新竹縣竹北市台元街３８號３F~１３,0.0,工,,,1120105,土地0建物1車位1,三層,8,廠辦,工業用,鋼筋混凝土造,0960607,211.78,0,0,0,無,有,無,64100,303,坡道平面,0.0,0,,RPVOMLTJJHIGFBJ98CC
竹北市,建物,新竹縣竹北市六家一路一段１３０號六樓之一,0.0,商,,,1111225,土地0建物1車位1,六層,15,住宅大樓(11層含以上有電梯),住家用,鋼筋混凝土造,1000707,163.69,3,2,2,有,有,有,32000,195,坡道平面,30.46,0,,RPQNMLLKJHIGFBJ67CC
竹北市,建物,新竹縣竹北市嘉豐南路一段１２６號３樓,0.0,住,,,1120107,土地0建物1車位0,三層,5,公寓(5樓含以下無電梯),住家用,鋼筋混凝土造,0951218,299.99,0,0,0,無,無,有,60000,200,,0.0,0,,RPUNMLLKJHIGFBJ08CC
湖口鄉,建物,新竹縣湖口鄉中山路一段６１８號十四樓之３,0.0,商,,,1111214,土地0建物1車位0,十四層,15,住宅大樓(11層含以上有電梯),集合住宅,鋼筋混凝土造,1081224,150.95999999999998,3,2,2,有,有,有,20000,132,,0.0,0,,RPVNMLLKJHIGFDJ38CC
新豐鄉,建物,新竹縣新豐鄉新庄路１３３號二樓,0.0,商,,,1111214,土地0建物1車位0,二層,11,住宅大樓(11層含以上有電梯),住家用,鋼筋混凝土造,0830822,165.59,3,2,2,有,有,有,15000,91,,0.0,0,,RPXNMLLKJHIGFDJ58CC
竹東鎮,建物,新竹縣竹東鎮三重一路４６號六樓,0.0,住,,,1111217,土地0建物1車位0,六層,6,華廈(10層含以下有電梯),住家用,鋼筋混凝土造,0820106,119.27000000000001,3,2,2,有,有,有,22000,184,,0.0,0,,RPWOMLMKJHIGFCJ58CC
新埔鎮,土地,仰德段1774地號,1249.43,,鄉村區,乙種建築用地,1120112,土地2建物0車位0,,,其他,,,,0.0,0,0,0,有,無,有,145000,116,,0.0,0,,RPSOMLMKJHIGFBJ08CC
竹北市,建物,新竹縣竹北市台元二街８號４F~７,0.0,工,,,1120110,土地0建物1車位0,四層,11,廠辦,工廠,鋼筋混凝土造,1090826,289.17,0,0,0,無,有,無,85700,296,,0.0,0,,RPWNMLNKJHIGFBJ48CC
湖口鄉,建物,新竹縣湖口鄉達生二街３０１號七樓之３,0.0,商,,,1120108,土地0建物1車位0,七層,12,住宅大樓(11層含以上有電梯),集合住宅,鋼筋混凝土造,1110623,108.82,3,2,2,有,有,有,22000,202,,0.0,0,水電瓦斯費及每月管理費2376元由承租人另外負擔。,RPTNMLNKJHIGFDJ38CC
新豐鄉,建物,新竹縣新豐鄉十一股７３之７號,0.0,,特定農業區,甲種建築用地,1120109,土地0建物0車位0,一層,4,套房(1房1廳1衛),集合住宅、停車空間,鋼筋混凝土造,1090416,25.31,1,0,1,有,無,有,6500,257,,0.0,0,此為分租套房，第一層共隔1間套房，面積約為25.31平方公尺，第一層其餘面積為公共停機車空間，本標的未計入共有部分之分算面積；每月水電瓦斯費由承租人另外負擔。,RPUNMLNKJHIGFDJ48CC
湖口鄉,建物,新竹縣湖口鄉蘭州三街２０號二樓,0.0,,工業區,丁種建築用地,1111220,土地0建物1車位0,二層,6,華廈(10層含以下有電梯),集合住宅,鋼筋混凝土造,1070524,55.11,1,1,1,有,有,有,4000,73,,0.0,0,,RPTNMLRKJHIGFDJ78CC
竹東鎮,建物,新竹縣竹東鎮勝利路６號,0.0,住,,,1111219,土地0建物1車位0,全,3,透天厝,住家用,加強磚造,,130.5,4,2,3,有,有,有,13300,102,,0.0,0,,RPVNMLRKJHIGFCJ88CC
竹東鎮,建物,新竹縣竹東鎮生產街７８巷１４號,0.0,住,,,1111219,土地0建物1車位0,全,4,透天厝,住家用,鋼筋混凝土造,0861020,176.68,4,2,2,有,有,有,16000,91,,0.0,0,,RPWNMLRKJHIGFCJ98CC
竹北市,建物,新竹縣竹北市勝利一路１５０號八樓,0.0,商,,,1111230,土地0建物1車位1,八層,15,住宅大樓(11層含以上有電梯),住家用,鋼筋混凝土造,0941004,133.32,3,2,2,有,有,有,35000,263,坡道平面,22.84,0,,RPSNMLRKJHIGFBJ48CC
竹北市,建物,新竹縣竹北市自強北路１６０號,0.0,住,,,1111230,土地0建物1車位1,見其他登記事項,14,店面(店鋪),住商用,鋼筋混凝土造,0940131,134.69,0,2,2,有,有,有,36000,267,坡道平面,0.0,0,租賃期間含免租金裝潢期。車位面積無法分算。,RPUNMLRKJHIGFBJ68CC
竹北市,建物,新竹縣竹北市中正西路１５３２巷２０２弄１８號三樓,0.0,,特定農業區,甲種建築用地,1111219,土地0建物1車位0,三層,5,華廈(10層含以下有電梯),住家用,鋼筋混凝土造,1010501,143.76,2,1,1,有,有,有,16000,111,,0.0,0,,RPPPMLRKJHIGFBJ38CC
竹北市,建物,新竹縣竹北市環北路一段７１巷１０號十樓,0.0,住,,,1120104,土地0建物1車位2,十層,14,住宅大樓(11層含以上有電梯),住家用,鋼筋混凝土造,1021015,246.34,3,2,2,有,有,有,36000,146,坡道平面,66.04,0,,RPRPMLRKJHIGFBJ58CC
竹北市,建物,新竹縣竹北市勝利八街一段３９７號十四樓,0.0,商,,,1120108,土地0建物1車位1,十四層,29,住宅大樓(11層含以上有電梯),住家用,鋼筋混凝土造,1070418,137.05,2,2,1,有,有,有,32000,233,坡道平面,24.96,0,租金含管理費。,RPPNMLSKJHIGFBJ28CC
新埔鎮,建物,新竹縣新埔鎮寶鎮１２０號,0.0,,山坡地保育區,丙種建築用地,1111221,土地0建物1車位0,地下二層,7,華廈(10層含以下有電梯),商業用,鋼筋混凝土造,0830421,64.57,3,2,2,有,有,有,11000,170,,0.0,0,,RPSNMLSKJHIGFBJ58CC
竹北市,建物,新竹縣竹北市縣政二路９７號三樓之１,0.0,商,,,1111228,土地0建物1車位0,三層,7,華廈(10層含以下有電梯),住家用,鋼筋混凝土造,0820501,119.38,2,2,2,有,有,有,16000,134,,0.0,0,,RPVNMLSKJHIGFBJ88CC
竹北市,建物,新竹縣竹北市華興一街１２５號,0.0,住,,,1111230,土地0建物1車位0,一層,7,華廈(10層含以下有電梯),住家用,鋼筋混凝土造,0830311,117.93,3,2,2,有,有,有,15000,127,,0.0,0,,RPWNMLSKJHIGFBJ98CC
竹北市,建物,新竹縣竹北市台元街３８號８F之１２、１３、１５,0.0,工,,,1120112,土地0建物3車位0,八層,8,廠辦,工業用,鋼筋混凝土造,0960607,670.01,0,0,0,無,有,無,198000,296,,0.0,0,,RPPOMLSKJHIGFBJ38CC
竹北市,建物,新竹縣竹北市嘉豐十路３號１３樓之１,0.0,商,,,1120105,土地0建物1車位1,十三層,13,套房(1房1廳1衛),商業用,鋼筋混凝土造,0970321,47.410000000000004,1,1,1,有,有,有,16500,348,坡道平面,0.0,0,,RPSOMLSKJHIGFBJ68CC
竹北市,建物,新竹縣竹北市縣政九路８０號７樓之２,0.0,商,,,1120108,土地0建物1車位0,七層,9,華廈(10層含以下有電梯),住家用,鋼筋混凝土造,0830128,129.38,3,2,2,有,無,有,18000,139,,0.0,0,,RPTOMLSKJHIGFBJ78CC
竹北市,建物,新竹縣竹北市十興路３０５巷１３弄７７號４樓之５,0.0,住,,,1120116,土地0建物1車位1,四層,14,住宅大樓(11層含以上有電梯),住家用,鋼筋混凝土造,1080320,137.25,2,2,1,有,有,無,25500,186,坡道平面,0.0,0,,RPVOMLSKJHIGFBJ98CC
芎林鄉,建物,新竹縣芎林鄉文山路１０００巷２１號五樓,0.0,,特定農業區,甲種建築用地,1111231,土地0建物1車位0,五層,6,華廈(10層含以下有電梯),住家用,鋼筋混凝土造,0830401,111.8,3,2,1,有,有,有,11500,103,,0.0,0,,RPXNMLSKJHIGFCJ56CC
新豐鄉,建物,新竹縣新豐鄉康泰路１１０號二樓之３,0.0,住,,,1111220,土地0建物1車位0,二層,7,華廈(10層含以下有電梯),集合住宅,鋼筋混凝土造,1060921,83.99,3,1,1,有,有,有,16000,190,,0.0,0,,RPPNMLSKJHIGFDJ48CC
竹北市,建物,新竹縣竹北市自強三路６１號十二樓,0.0,商,,,1120113,土地0建物1車位1,十二層,19,住宅大樓(11層含以上有電梯),住家用,鋼筋混凝土造,1010808,191.04000000000002,3,2,2,有,有,有,34000,178,坡道平面,30.14,0,租金含管理費。,RPXNMLTKJHIGFBJ56CC
竹北市,建物,新竹縣竹北市文化街１４２號六樓,0.0,住,,,1120113,土地0建物1車位1,六層,8,華廈(10層含以下有電梯),住家用,鋼筋混凝土造,0870303,218.54,4,2,2,有,有,有,31500,144,坡道平面,0.0,0,租金含管理費。車位面積無法分算。,RPQOMLTKJHIGFBJ58CC
竹北市,房地(土地+建物)+車位,新竹縣竹北市復興二路２６７號,29.09,商,,,1120118,土地1建物1車位6,見其他登記事項,24,住宅大樓(11層含以上有電梯),商業用,鋼筋混凝土造,1091226,711.96,0,0,2,有,有,有,258000,362,坡道平面,182.04,0,,RPROMLKMJHIGFBJ97CC
新豐鄉,建物,新竹縣新豐鄉莊敬街６０巷４號,0.0,,鄉村區,乙種建築用地,1120119,土地0建物1車位0,全,2,透天厝,住家用,加強磚造,,115.3,4,2,2,有,無,有,17000,147,,0.0,0,每月水電、瓦斯費由承租人另外負擔。,RPUNMLKMJHIGFDJ38CC
竹東鎮,建物,新竹縣竹東鎮龍鳳路１７號,0.0,住,,,1120116,土地0建物0車位0,一層,4,店面(店鋪),店舖、集合住宅、停車空間,鋼筋混凝土造,1100705,51.95,0,1,1,有,有,有,24000,462,,0.0,0,本件僅出租第一層，第一層面積約為51.95平方公尺。每月水電瓦斯費及公共清潔費皆由承租人負擔。,RPWNMLKMJHIGFCJ48CC
竹東鎮,建物,新竹縣竹東鎮龍鳳路３０之９號１０樓,0.0,商,,,1120117,土地0建物1車位0,十層,15,住宅大樓(11層含以上有電梯),集合住宅,鋼筋混凝土造,1100317,118.2,3,2,2,有,有,有,22000,186,,0.0,0,水電、瓦斯費及每兩個月管理費5006元皆由承租人另外負擔。,RPOPMLKMJHIGFCJ87CC
湖口鄉,房地(土地+建物),新竹縣湖口鄉仁愛路４０號,99.0,,工業區,丁種建築用地,1120201,土地1建物1車位0,全,4,透天厝,住家用,鋼筋混凝土造,,214.63,7,2,4,有,無,無,60000,280,,0.0,0,,RPQNMLMJKHIGFDJ97CC
竹北市,建物,新竹縣竹北市光明六路東一段２１２號,0.0,商,,,1120109,土地0建物1車位1,見其他登記事項,14,店面(店鋪),住商用,鋼筋混凝土造,0930524,210.01999999999998,0,0,0,無,有,無,100000,476,坡道平面,22.93,0,,RPWOMLMJKHIGFBJ48CC
竹北市,建物,新竹縣竹北市隘口三街２３６號十一樓之一,0.0,商,,,1120115,土地0建物1車位2,十一層,13,住宅大樓(11層含以上有電梯),住家用,鋼筋混凝土造,0991214,188.55,3,2,2,有,有,有,25000,133,坡道平面,63.78,0,,RPRPMLMJKHIGFBJ08CC
竹北市,建物,新竹縣竹北市嘉豐十路３號４F-１,0.0,商,,,1120117,土地0建物1車位0,四層,13,住宅大樓(11層含以上有電梯),商業用,鋼筋混凝土造,0970321,54.11,1,1,1,有,有,有,15000,277,,0.0,0,,RPOPMLNJKHIGFBJ87CC
竹北市,建物,新竹縣竹北市自強南路５９巷３號１０樓之３,0.0,住,,,1120202,土地0建物1車位0,十層,14,套房(1房1廳1衛),住商用,鋼筋混凝土造,0930611,33.97,1,1,1,有,有,有,11000,324,坡道機械,0.0,0,,RPSPMLNJKHIGFBJ28CC
竹北市,建物,新竹縣竹北市竹仁街３６號二樓之八,0.0,商,,,1120119,土地0建物1車位0,二層,7,套房(1房1廳1衛),住家用,鋼筋混凝土造,0910613,33.370000000000005,1,1,1,有,有,有,10000,300,,0.0,0,每月水電瓦斯費由承租人另外負擔。,RPTPMLNJKHIGFBJ38CC
竹北市,建物,新竹縣竹北市文義街１３６號三樓之九,0.0,住,,,1120105,土地0建物1車位0,三層,7,華廈(10層含以下有電梯),商業用,鋼筋混凝土造,0950821,41.24,1,1,1,有,有,有,11000,267,,0.0,0,,RPUPMLNJKHIGFBJ48CC
新豐鄉,建物,新竹縣新豐鄉松林村松柏林４７之２４號,0.0,,鄉村區,乙種建築用地,1120106,土地0建物1車位0,全,2,透天厝,住家用,加強磚造,,115.5,5,0,2,有,無,有,11000,95,,0.0,0,,RPROMLNJKHIGFDJ28CC
竹北市,土地,家興段545地號,382.61,住,,,1120117,土地1建物0車位0,,,其他,,,,0.0,0,0,0,有,無,無,66000,172,,0.0,0,112/06/01~115/01/31-租金66000/月115/02/01~118/01/31-租金69420/月118/02/01~119/01/31-租金76350/月籌備期間112/01/01~112/05/31不需支付租金,RPSNMLNJKHIGFBJ18DC
竹北市,建物,新竹縣竹北市嘉豐二街二段８３號,0.0,住,,,1120119,土地0建物1車位1,一層,12,店面(店鋪),商業用,鋼筋混凝土造,0950907,129.75,0,1,1,有,有,有,40000,308,坡道平面,0.0,0,,RPSNMLOJKHIGFBJ18CC
竹北市,建物,新竹縣竹北市台元街３８號７F~６,0.0,工,,,1120131,土地0建物1車位0,七層,8,廠辦,工業用,鋼筋混凝土造,0960607,257.92,0,0,0,無,有,無,75000,291,,0.0,0,,RPXNMLQJKHIGFBJ88CC
竹東鎮,建物,新竹縣竹東鎮自由街１２０巷１３號十樓之４,0.0,住,,,1120109,土地0建物1車位0,十層,11,住宅大樓(11層含以上有電梯),住家用,鋼筋混凝土造,0851224,109.57,4,1,2,有,有,有,16000,146,,0.0,0,,RPVNMLRJKHIGFCJ88CC
竹北市,建物,新竹縣竹北市勝利五路１８２號,0.0,住,,,1120207,土地0建物1車位0,全,4,透天厝,住商用,鋼筋混凝土造,0960703,67.76,1,1,1,有,無,無,30000,443,,0.0,0,,RPSNMLSJKHIGFBJ58CC
竹北市,建物,新竹縣竹北市勝利十一路２６２號十五樓之九,0.0,商,,,1120203,土地0建物1車位1,十五層,23,住宅大樓(11層含以上有電梯),住家用,鋼筋混凝土造,1051101,110.49,2,2,1,有,有,有,24000,217,坡道平面,30.03,0,租金含管理費。,RPQOMLTJKHIGFBJ58CC
竹北市,房地(土地+建物),新竹縣竹北市復興二路２５９號１２樓之３,8.45,商,,,1120131,土地1建物1車位0,十二層,24,住宅大樓(11層含以上有電梯),集合住宅,鋼筋混凝土造,1091226,73.77,1,1,1,有,有,有,25000,339,,0.0,0,,RPVNMLKKKHIGFBJ18CC
竹北市,建物,新竹縣竹北市博愛街５３５之１號六樓,0.0,商,,,1120112,土地0建物1車位0,六層,10,華廈(10層含以下有電梯),住家用,鋼筋混凝土造,0900903,115.53,3,2,2,有,有,有,25000,216,,0.0,0,,RPVOMLKKKHIGFBJ28CC
芎林鄉,建物,新竹縣芎林鄉竹林路１０９巷８弄２號,0.0,,鄉村區,乙種建築用地,1120114,土地0建物1車位0,全,2,透天厝,住家用,加強磚造,,92.96,4,2,2,有,有,有,15000,161,,0.0,0,,RPSOMLKKKHIGFCJ08CC
新豐鄉,房地(土地+建物),新竹縣新豐鄉泰安街３０巷２號,90.83,住,,,1120209,土地1建物1車位0,全,3,透天厝,住商用,鋼筋混凝土造,,200.88,4,2,3,有,無,有,25000,124,,0.0,0,,RPQNMLKKKHIGFDJ87CC
