﻿編號,土地位置,土地移轉面積(平方公尺),使用分區或編定,權利人持分分母,權利人持分分子,移轉情形,地號
The serial number, land position,land shifting area square meter,the use zoning or compiles and checks,,,,land parcel
RPTNMLOKJIHGFFK68CB,尖下段,61.13,非都市：山坡地保育區 ; 非都市編定：丙種建築用地,10000,100,持分移轉,09280000
RPRNMLOKJIHGFFK48CB,尖下段,54.40,非都市：山坡地保育區 ; 非都市編定：丙種建築用地,10000,89,持分移轉,09280000
RPRNMLOKJIHGFFK48CB,尖下段,10.06,非都市：山坡地保育區 ; 非都市編定：丙種建築用地,100000,1025,持分移轉,09280004
RPTNMLOKJIHGFFK68CB,尖下段,10.06,非都市：山坡地保育區 ; 非都市編定：丙種建築用地,100000,1025,持分移轉,09280004
RPRNMLOKJIHGFFK48CB,尖下段,22.91,非都市：山坡地保育區 ; 非都市編定：丙種建築用地,10000,89,持分移轉,09280005
RPTNMLOKJIHGFFK68CB,尖下段,25.74,非都市：山坡地保育區 ; 非都市編定：丙種建築用地,10000,100,持分移轉,09280005
RPRNMLOKJIHGFBK08CB,維新段,12.46,非都市：鄉村區 ; 非都市編定：乙種建築用地,10000,63,持分移轉,00290000
RPRNMLOKJIHGFBK08CB,維新段,2.30,非都市：鄉村區 ; 非都市編定：乙種建築用地,10000,42,持分移轉,00290004
RPRNMLOKJIHGFBK08CB,維新段,.54,非都市：鄉村區 ; 非都市編定：乙種建築用地,10000,42,持分移轉,00320000
RPRNMLOKJIHGFBK08CB,維祥段維祥小段,1.75,非都市：鄉村區 ; 非都市編定：乙種建築用地,10000,42,持分移轉,03540000
RPRNMLOKJIHGFBK08CB,維祥段維祥小段,3.25,非都市：特定農業區 ; 非都市編定：農牧用地,10000,42,持分移轉,03650000
RPQNMLOKJIHGFBK97CB,維新段,12.46,非都市：鄉村區 ; 非都市編定：乙種建築用地,10000,63,持分移轉,00290000
RPQNMLOKJIHGFBK97CB,維新段,2.30,非都市：鄉村區 ; 非都市編定：乙種建築用地,10000,42,持分移轉,00290004
RPQNMLOKJIHGFBK97CB,維新段,.54,非都市：鄉村區 ; 非都市編定：乙種建築用地,10000,42,持分移轉,00320000
RPQNMLOKJIHGFBK97CB,維祥段維祥小段,1.75,非都市：鄉村區 ; 非都市編定：乙種建築用地,10000,42,持分移轉,03540000
RPQNMLOKJIHGFBK97CB,維祥段維祥小段,3.25,非都市：特定農業區 ; 非都市編定：農牧用地,10000,42,持分移轉,03650000
RPPNMLSKJIHGFDK48CB,淡文湖段,104.00,非都市：特定農業區 ; 非都市編定：甲種建築用地,1,1,全筆移轉,13080003
RPPNMLSKJIHGFDK48CB,淡文湖段,24.00,非都市：特定農業區 ; 非都市編定：甲種建築用地,12,1,持分移轉,13080013
RPRNMLPKJIHGFFK58CB,民族段,45.86,都市：住,100000,4871,持分移轉,10420000
RPQNMLSKJIHGFDK58CB,淡文湖段,103.00,非都市：特定農業區 ; 非都市編定：甲種建築用地,1,1,全筆移轉,13080005
RPQNMLSKJIHGFDK58CB,淡文湖段,24.00,非都市：特定農業區 ; 非都市編定：甲種建築用地,12,1,持分移轉,13080013
RPPNMLRKJIHGFDK38CB,龍椅段,66.16,都市：住,1,1,全筆移轉,02260013
RPPNMLRKJIHGFDK38CB,龍椅段,24.83,都市：住,1,1,全筆移轉,02260014
RPPNMLRKJIHGFDK38CB,龍椅段,34.82,都市：住,10000,1067,持分移轉,02260018
RPPNMLRKJIHGFDK38CB,龍椅段,.49,都市：住,10000,1067,持分移轉,02260017
RPVNMLSKJIHGFDK09CB,天聲段,64.83,都市：住,1,1,全筆移轉,05980014
RPVNMLSKJIHGFDK09CB,天聲段,25.35,都市：住,24531,1961,持分移轉,05980000
RPPNMLSKJIHGFCK48DB,社柑段,83.30,非都市：特定農業區 ; 非都市編定：甲種建築用地,1,1,全筆移轉,13980005
RPPNMLKLJIHGFBK57CB,巨蛋段,27.71,都市：住,10000,190,持分移轉,05790001
RPRNMLOLJIHGFFK58CB,正興段,31.97,都市：住,100000,3611,持分移轉,08330000
RPTNMLOLJIHGFFK78CB,正興段,48.03,都市：住,100000,5425,持分移轉,08330000
RPRNMLPLJIHGFDK48CB,天聲段,93.72,都市：住,1,1,全筆移轉,05980009
RPRNMLPLJIHGFDK48CB,天聲段,36.65,都市：住,24531,2835,持分移轉,05980000
RPPNMLPLJIHGFFK48CB,顯會段,12.47,都市：住,100000,608,持分移轉,02320000
RPQNMLPLJIHGFFK58CB,顯會段,12.47,都市：住,100000,608,持分移轉,02320000
RPSNMLPLJIHGFFK78CB,光華段,16.46,都市：商,100000,767,持分移轉,12710000
RPPNMLPKJIHGFBK08DB,福全段,20.03,都市：住,100000,2793,持分移轉,06620000
RPPNMLPKJIHGFBK08DB,福全段,6.34,都市：住,100000,2793,持分移轉,06620001
RPPNMLPKJIHGFBK08DB,福全段,19.45,都市：住,100000,2793,持分移轉,06620002
RPPNMLOLJIHGFDK18CB,二張犁段,127.00,都市：農,1,1,全筆移轉,01320066
RPPNMLOLJIHGFDK18CB,二張犁段,23.12,都市：農,100000,2499,持分移轉,01320000
RPPNMLOLJIHGFDK18CB,二張犁段,.20,都市：農,64,1,持分移轉,01320036
RPTNMLSKJIHGFDK88CB,天聲段,41.66,都市：住,31480,2707,持分移轉,05980001
RPTNMLSKJIHGFDK88CB,天聲段,.88,都市：住,12,1,持分移轉,05980019
RPPNMLOKJIHGFBK87CB,芒埔段,99.00,非都市：鄉村區 ; 非都市編定：乙種建築用地,1,1,全筆移轉,06930012
RPPNMLOKJIHGFBK87CB,芒埔段,27.50,非都市：鄉村區 ; 非都市編定：乙種建築用地,10000,500,持分移轉,06930011
RPPNMLOKJIHGFBK87CB,芒埔段,.80,非都市：鄉村區 ; 非都市編定：乙種建築用地,10000,500,持分移轉,06930018
RPQNMLRKJIHGFDK48CB,龍鳳西段,37.76,都市：住,100000,3564,持分移轉,09020000
RPVNMLNLJIHGFFK88CB,光華段,12.73,都市：商,100000,593,持分移轉,12710000
RPQNMLQLJIHGFFK68CB,光華段,16.44,都市：商,100000,766,持分移轉,12710000
RPPNMLQLJIHGFFK58CB,光華段,17.22,都市：商,100000,802,持分移轉,12710000
RPWNMLPLJIHGFDK98CB,新山佳段,26.63,都市：住,10000,651,持分移轉,08090017
RPWNMLPLJIHGFDK98CB,新山佳段,6.60,都市：住,10000,193,持分移轉,08090000
RPRNMLQLJIHGFFK78CB,光華段,17.99,都市：商,100000,838,持分移轉,12710000
RPXNMLQLJIHGFFK76CB,光華段,12.60,都市：商,100000,587,持分移轉,12710000
RPOOMLQLJIHGFFK58CB,光華段,12.39,都市：商,100000,577,持分移轉,12710000
RPWNMLQLJIHGFFK66CB,光華段,14.96,都市：商,100000,697,持分移轉,12710000
RPSNMLQLJIHGFFK88CB,光華段,12.73,都市：商,100000,593,持分移轉,12710000
RPTNMLQLJIHGFFK98CB,光華段,16.44,都市：商,100000,766,持分移轉,12710000
RPUNMLQLJIHGFFK09CB,光華段,14.96,都市：商,100000,697,持分移轉,12710000
RPQOMLQLJIHGFFK78CB,光華段,17.22,都市：商,100000,802,持分移轉,12710000
RPVNMLQLJIHGFFK56CB,光華段,16.44,都市：商,100000,766,持分移轉,12710000
RPPOMLQLJIHGFFK68CB,光華段,12.39,都市：商,100000,577,持分移轉,12710000
RPTOMLQLJIHGFFK09CB,光華段,17.09,都市：商,100000,796,持分移轉,12710000
RPSOMLQLJIHGFFK98CB,光華段,12.73,都市：商,100000,593,持分移轉,12710000
RPVOMLQLJIHGFFK66CB,光華段,16.44,都市：商,100000,766,持分移轉,12710000
RPROMLQLJIHGFFK88CB,光華段,12.62,都市：商,100000,588,持分移轉,12710000
RPPPMLQLJIHGFFK78CB,光華段,14.96,都市：商,100000,697,持分移轉,12710000
RPUOMLQLJIHGFFK56CB,光華段,17.22,都市：商,100000,802,持分移轉,12710000
RPWOMLQLJIHGFFK76CB,光華段,17.22,都市：商,100000,802,持分移轉,12710000
RPXOMLQLJIHGFFK86CB,光華段,16.44,都市：商,100000,766,持分移轉,12710000
RPQPMLQLJIHGFFK88CB,光華段,12.60,都市：商,100000,587,持分移轉,12710000
RPOPMLQLJIHGFFK68CB,光華段,12.73,都市：商,100000,593,持分移轉,12710000
RPRPMLQLJIHGFFK98CB,光華段,14.96,都市：商,100000,697,持分移轉,12710000
RPPNMLQLJIHGFDK38CB,龍椅段,47.35,都市：住,1,1,全筆移轉,02260006
RPPNMLQLJIHGFDK38CB,龍椅段,28.85,都市：住,10000,884,持分移轉,02260018
RPPNMLQLJIHGFDK38CB,龍椅段,.41,都市：住,10000,884,持分移轉,02260017
RPQNMLQLJIHGFDK48CB,仁德段,19.97,都市：住,10000,65,持分移轉,05190000
RPPNMLRLJIHGFCK38CB,文山段,72.16,都市：住,1,1,全筆移轉,02630025
RPRNMLQLJIHGFDK58CB,仁德段,21.50,都市：住,10000,70,持分移轉,05190000
RPPNMLSLJIHGFBK38CB,巨蛋段,49.64,都市：住,100000,1750,持分移轉,15830000
RPSNMLSLJIHGFBK68CB,芒埔段,31.88,非都市：鄉村區 ; 非都市編定：乙種建築用地,8,1,持分移轉,06930025
RPSNMLSLJIHGFBK68CB,芒埔段,6.88,非都市：鄉村區 ; 非都市編定：乙種建築用地,10000,125,持分移轉,06930011
RPSNMLSLJIHGFBK68CB,芒埔段,.20,非都市：鄉村區 ; 非都市編定：乙種建築用地,10000,125,持分移轉,06930018
RPTNMLSLJIHGFBK78CB,齊佳段,82.49,都市：住,1,1,全筆移轉,08560016
RPQNMLSLJIHGFBK48CB,巨蛋段,35.32,都市：住,100000,2190,持分移轉,15890000
RPRNMLSLJIHGFBK58CB,芒埔段,31.88,非都市：鄉村區 ; 非都市編定：乙種建築用地,8,1,持分移轉,06930025
RPRNMLSLJIHGFBK58CB,芒埔段,6.88,非都市：鄉村區 ; 非都市編定：乙種建築用地,10000,125,持分移轉,06930011
RPRNMLSLJIHGFBK58CB,芒埔段,.20,非都市：鄉村區 ; 非都市編定：乙種建築用地,10000,125,持分移轉,06930018
RPSNMLSLJIHGFFK09CB,光華段,17.99,都市：商,100000,838,持分移轉,12710000
RPPNMLSLJIHGFDK58CB,龍鳳西段,34.71,都市：住,100000,3276,持分移轉,09020000
RPPNMLSLJIHGFFK78CB,光華段,14.96,都市：商,100000,697,持分移轉,12710000
RPRNMLSLJIHGFDK78CB,龍鳳西段,39.64,都市：住,100000,3742,持分移轉,09020000
RPTNMLTLJIHGFFK66CB,仁愛段,27.53,都市：住,10000,23,持分移轉,00360000
RPVNMLTLJIHGFFK86CB,仁愛段,23.94,都市：住,10000,20,持分移轉,00360000
RPRNMLSLJIHGFFK98CB,光華段,23.18,都市：商,100000,1080,持分移轉,12710000
RPUNMLTLJIHGFFK76CB,仁愛段,16.76,都市：住,10000,14,持分移轉,00360000
RPPNMLTLJIHGFDK68CB,大同段,4.16,都市：商,100000,719,持分移轉,06980000
RPPNMLTLJIHGFDK68CB,大同段,6.39,都市：商,100000,719,持分移轉,06960000
RPPNMLTLJIHGFDK68CB,大同段,7.79,都市：商,100000,719,持分移轉,06970000
RPWNMLTLJIHGFFK96CB,仁愛段,19.15,都市：住,10000,16,持分移轉,00360000
RPQNMLKMJIHGFDK97CB,龍山段,55.00,都市：農,1,1,全筆移轉,06700009
RPQNMLKMJIHGFDK97CB,龍山段,33.98,都市：農,100000,8962,持分移轉,06700018
RPPNMLTLJIHGFBK48CB,恭敬段,43.28,都市：住,1000,113,持分移轉,15720001
RPPNMLLJKIHGFFK97CB,光華段,17.99,都市：商,100000,838,持分移轉,12710000
RPPNMLKMJIHGFCK87DB,新興段,36.46,都市：住,100000,3153,持分移轉,04750016
RPRNMLKMJIHGFDK08CB,公園段,21.49,都市：住,247800,2149,持分移轉,02090000
RPQNMLLJKIHGFFK08CB,光華段,17.11,都市：商,100000,797,持分移轉,12710000
RPPNMLLJKIHGFBK57CB,巨蛋段,29.52,都市：住,100000,1830,持分移轉,15890000
RPSNMLLJKIHGFFK28CB,光華段,12.39,都市：商,100000,577,持分移轉,12710000
RPRNMLLJKIHGFFK18CB,光華段,14.96,都市：商,100000,697,持分移轉,12710000
RPQNMLLJKIHGFBK67CB,巨蛋段,35.18,都市：住,100000,1240,持分移轉,15830000
RPPNMLNJKIHGFDK97CB,大同段,55.32,都市：住,1,1,全筆移轉,07960012
RPPNMLNJKIHGFDK97CB,大同段,17.49,都市：住,100000,6052,持分移轉,07960017
RPQNMLNJKIHGFDK08CB,大同段,74.59,都市：住,1,1,全筆移轉,07960009
RPQNMLNJKIHGFDK08CB,大同段,18.41,都市：住,100000,6370,持分移轉,07960017
RPRNMLNJKIHGFDK18CB,仁德段,16.59,都市：住,10000,54,持分移轉,05190000
RPSNMLNJKIHGFDK28CB,仁德段,28.26,都市：住,10000,92,持分移轉,05190000
RPPNMLOJKIHGFFK28CB,光華段,12.73,都市：商,100000,593,持分移轉,12710000
RPPNMLOJKIHGFDK08CB,藝文段,12.83,都市：商,100000,620,持分移轉,00080000
RPTNMLPJKIHGFDK58CB,新港段社腳小段,37.34,非都市：鄉村區 ; 非都市編定：乙種建築用地,10000,535,持分移轉,01190000
RPPNMLPJKIHGFBK97CB,巨蛋段,39.19,都市：住,100000,2430,持分移轉,15890000
RPVNMLPJKIHGFDK78CB,新港段社腳小段,40.00,非都市：鄉村區 ; 非都市編定：乙種建築用地,10000,573,持分移轉,01190000
RPQNMLPJKIHGFBK08CB,齊佳段,84.06,都市：住,1,1,全筆移轉,08560020
RPSNMLPJKIHGFBK28CB,頭屋段二小段,47.46,都市：住,100000,3488,持分移轉,05470000
RPTNMLPJKIHGFBK38CB,巨蛋段,35.18,都市：住,100000,1240,持分移轉,15830000
RPPNMLPJKIHGFCK08CB,房裡段,83.00,都市：農,1,1,全筆移轉,03470017
RPPNMLPJKIHGFCK08CB,房裡段,2.56,都市：農,1209,100,持分移轉,03470009
RPPNMLPJKIHGFCK08CB,房裡段,18.03,都市：農,1209,100,持分移轉,03470020
RPPNMLQJKIHGFBK08CB,巨蛋段,34.61,都市：住,100000,1220,持分移轉,15830000
RPRNMLPJKIHGFBK18CB,巨蛋段,34.61,都市：住,100000,1220,持分移轉,15830000
RPUNMLPJKIHGFBK48CB,巨蛋段,35.18,都市：住,100000,1240,持分移轉,15830000
RPQNMLQJKIHGFBK18CB,巨蛋段,49.64,都市：住,100000,1750,持分移轉,15830000
RPPNMLQJKIHGFDK28CB,大同段,63.11,都市：住,10000,386,持分移轉,08010000
RPRNMLQJKIHGFBK28CB,巨蛋段,27.74,都市：住,100000,1720,持分移轉,15890000
RPPNMLQJKIHGFFK48CB,尖下段,54.40,非都市：山坡地保育區 ; 非都市編定：丙種建築用地,10000,89,持分移轉,09280000
RPPNMLQJKIHGFFK48CB,尖下段,10.06,非都市：山坡地保育區 ; 非都市編定：丙種建築用地,100000,1025,持分移轉,09280004
RPPNMLQJKIHGFFK48CB,尖下段,22.91,非都市：山坡地保育區 ; 非都市編定：丙種建築用地,10000,89,持分移轉,09280005
RPSNMLQJKIHGFFK78CB,後湖段,60.98,都市：住,1,1,全筆移轉,14700005
RPSNMLQJKIHGFFK78CB,後湖段,11.50,都市：住,10000,1754,持分移轉,14700012
RPSNMLQJKIHGFFK78CB,後湖段,15.54,都市：住,1,1,全筆移轉,14700010
RPPNMLRJKIHGFFK58CB,民族段,29.38,都市：住,100000,3120,持分移轉,10420000
RPQNMLRJKIHGFFK68CB,後湖段,59.04,都市：住,1,1,全筆移轉,14700008
RPQNMLRJKIHGFFK68CB,後湖段,11.50,都市：住,10000,1754,持分移轉,14700012
RPRNMLRJKIHGFFK78CB,後湖段,59.04,都市：住,1,1,全筆移轉,14700006
RPRNMLRJKIHGFFK78CB,後湖段,11.50,都市：住,10000,1754,持分移轉,14700012
RPQNMLSJKIHGFDK58CB,大同段,3.65,都市：商,100000,631,持分移轉,06980000
RPQNMLSJKIHGFDK58CB,大同段,5.60,都市：商,100000,631,持分移轉,06960000
RPQNMLSJKIHGFDK58CB,大同段,68.57,都市：商,100000,6331,持分移轉,06970000
RPPNMLSJKIHGFBK28CB,巨蛋段,40.00,都市：住,100000,1410,持分移轉,15830000
RPQNMLQJKIHGFFK58CB,尖下段,56.24,非都市：山坡地保育區 ; 非都市編定：丙種建築用地,10000,92,持分移轉,09280000
RPQNMLQJKIHGFFK58CB,尖下段,10.06,非都市：山坡地保育區 ; 非都市編定：丙種建築用地,100000,1025,持分移轉,09280004
RPQNMLQJKIHGFFK58CB,尖下段,23.68,非都市：山坡地保育區 ; 非都市編定：丙種建築用地,10000,92,持分移轉,09280005
RPQNMLSJKIHGFBK38CB,巨蛋段,43.23,都市：住,100000,2680,持分移轉,15890000
RPPNMLTJKIHGFDK58CB,龍鳳西段,39.64,都市：住,100000,3742,持分移轉,09020000
RPPNMLTJKIHGFBK38CB,巨蛋段,38.30,都市：住,100000,1350,持分移轉,15830000
RPQNMLTJKIHGFDK68CB,龍鳳西段,49.09,都市：住,100000,4634,持分移轉,09020000
RPPNMLTJKIHGFFK78CB,信德段,86.18,非都市：山坡地保育區 ; 非都市編定：丙種建築用地,1,1,全筆移轉,07420000
RPPNMLTJKIHGFFK78CB,信德段,6.57,非都市：山坡地保育區 ; 非都市編定：丙種建築用地,10000,210,持分移轉,07420005
RPRNMLTJKIHGFDK78CB,龍鳳西段,49.09,都市：住,100000,4634,持分移轉,09020000
RPQNMLTJKIHGFFK88CB,信德段,89.23,非都市：山坡地保育區 ; 非都市編定：丙種建築用地,1,1,全筆移轉,07420003
RPQNMLTJKIHGFFK88CB,信德段,9.91,非都市：山坡地保育區 ; 非都市編定：丙種建築用地,10000,317,持分移轉,07420005
RPQNMLMKKIHGFFK28CB,仁愛段,16.76,都市：住,10000,14,持分移轉,00360000
RPRNMLTJKIHGFFK98CB,光華段,14.96,都市：商,100000,697,持分移轉,12710000
RPPNMLMKKIHGFFK18CB,仁愛段,23.94,都市：住,10000,20,持分移轉,00360000
RPSNMLMKKIHGFFK48CB,尖下段,152.81,非都市：山坡地保育區 ; 非都市編定：丙種建築用地,10000,250,持分移轉,09280000
RPSNMLMKKIHGFFK48CB,尖下段,10.06,非都市：山坡地保育區 ; 非都市編定：丙種建築用地,100000,1025,持分移轉,09280004
RPSNMLMKKIHGFFK48CB,尖下段,64.35,非都市：山坡地保育區 ; 非都市編定：丙種建築用地,10000,250,持分移轉,09280005
RPQNMLMKKIHGFDK08CB,二張犁段,85.00,都市：農,1,1,全筆移轉,01320031
RPQNMLMKKIHGFDK08CB,二張犁段,22.06,都市：農,100000,2385,持分移轉,01320000
RPQNMLMKKIHGFDK08CB,二張犁段,.20,都市：農,64,1,持分移轉,01320036
RPTNMLMKKIHGFFK58CB,東庄段,19.01,都市：住,100000,3450,持分移轉,04890000
RPRNMLMKKIHGFFK38CB,尖下段,56.24,非都市：山坡地保育區 ; 非都市編定：丙種建築用地,10000,92,持分移轉,09280000
RPRNMLMKKIHGFFK38CB,尖下段,10.06,非都市：山坡地保育區 ; 非都市編定：丙種建築用地,100000,1025,持分移轉,09280004
RPRNMLMKKIHGFFK38CB,尖下段,23.68,非都市：山坡地保育區 ; 非都市編定：丙種建築用地,10000,92,持分移轉,09280005
RPRNMLMKKIHGFDK18CB,大同段,58.82,都市：住,1,1,全筆移轉,11100025
RPRNMLMKKIHGFDK18CB,大同段,23.44,都市：住,100000,7139,持分移轉,11100030
RPPNMLMKKIHGFBK77CB,巨蛋段,38.30,都市：住,100000,1350,持分移轉,15830000
RPPNMLNKKIHGFBK87CB,巨蛋段,42.26,都市：住,100000,2620,持分移轉,15890000
RPQNMLMKKIHGFBK87CB,巨蛋段,33.06,都市：住,100000,2050,持分移轉,15890000
RPQNMLNKKIHGFBK97CB,維新段,16.81,非都市：鄉村區 ; 非都市編定：乙種建築用地,10000,85,持分移轉,00290000
RPQNMLNKKIHGFBK97CB,維新段,3.07,非都市：鄉村區 ; 非都市編定：乙種建築用地,10000,56,持分移轉,00290004
RPQNMLNKKIHGFBK97CB,維新段,.72,非都市：鄉村區 ; 非都市編定：乙種建築用地,10000,56,持分移轉,00320000
RPQNMLNKKIHGFBK97CB,維祥段維祥小段,2.33,非都市：鄉村區 ; 非都市編定：乙種建築用地,10000,56,持分移轉,03540000
RPQNMLNKKIHGFBK97CB,維祥段維祥小段,4.33,非都市：特定農業區 ; 非都市編定：農牧用地,10000,56,持分移轉,03650000
RPVNMLOKKIHGFDK78CB,新山佳段,38.61,都市：住,10000,944,持分移轉,08090017
RPVNMLOKKIHGFDK78CB,新山佳段,10.16,都市：住,10000,297,持分移轉,08090000
RPQNMLNKKIHGFDK18CB,龍鳳西段,39.64,都市：住,100000,3742,持分移轉,09020000
RPWNMLOKKIHGFDK88CB,新山佳段,26.63,都市：住,10000,651,持分移轉,08090017
RPPNMLOKKIHGFFK38CB,仁愛段,19.15,都市：住,10000,16,持分移轉,00360000
RPWNMLOKKIHGFDK88CB,新山佳段,6.60,都市：住,10000,193,持分移轉,08090000
RPXNMLOKKIHGFDK98CB,新山佳段,37.06,都市：住,10000,906,持分移轉,08090017
RPXNMLOKKIHGFDK98CB,新山佳段,9.17,都市：住,10000,268,持分移轉,08090000
RPQNMLOKKIHGFFK48CB,仁愛段,34.71,都市：住,10000,29,持分移轉,00360000
RPQNMLOKKIHGFBK08CB,勝利段,46.94,都市：住,10000,531,持分移轉,27470193
RPPNMLOKKIHGFBK97CB,勝利段,29.17,都市：住,10000,330,持分移轉,27470193
RPRNMLOKKIHGFBK18CB,勝利段,29.17,都市：住,10000,330,持分移轉,27470193
RPTNMLOKKIHGFBK38CB,頭屋段二小段,37.45,都市：住,100000,2752,持分移轉,05470000
RPPNMLNKKIHGFDK08CB,龍鳳西段,39.64,都市：住,100000,3742,持分移轉,09020000
RPPNMLQKKIHGFBK18CB,巨蛋段,39.19,都市：住,100000,2430,持分移轉,15890000
RPSNMLOKKIHGFBK28CB,齊佳段,43.37,都市：住,100000,8054,持分移轉,08560000
RPQNMLQKKIHGFBK28CB,巨蛋段,38.30,都市：住,100000,1350,持分移轉,15830000
RPPNMLQKKIHGFDK38CB,淡文湖段,111.00,非都市：特定農業區 ; 非都市編定：甲種建築用地,1,1,全筆移轉,13080012
RPPNMLQKKIHGFDK38CB,淡文湖段,24.00,非都市：特定農業區 ; 非都市編定：甲種建築用地,12,1,持分移轉,13080013
RPQNMLQKKIHGFDK48CB,淡文湖段,123.00,非都市：特定農業區 ; 非都市編定：甲種建築用地,1,1,全筆移轉,13080001
RPQNMLQKKIHGFDK48CB,淡文湖段,24.00,非都市：特定農業區 ; 非都市編定：甲種建築用地,12,1,持分移轉,13080013
RPQNMLRKKIHGFFK78CB,光華段,12.41,都市：商,100000,578,持分移轉,12710000
RPPNMLTKKIHGFFK88CB,尖下段,56.24,非都市：山坡地保育區 ; 非都市編定：丙種建築用地,10000,92,持分移轉,09280000
RPPNMLTKKIHGFFK88CB,尖下段,10.06,非都市：山坡地保育區 ; 非都市編定：丙種建築用地,100000,1025,持分移轉,09280004
RPPNMLTKKIHGFFK88CB,尖下段,23.68,非都市：山坡地保育區 ; 非都市編定：丙種建築用地,10000,92,持分移轉,09280005
RPRNMLRKKIHGFFK88CB,光華段,14.98,都市：商,100000,698,持分移轉,12710000
RPSNMLRKKIHGFFK98CB,光華段,17.99,都市：商,100000,838,持分移轉,12710000
RPPNMLTKKIHGFDK68CB,二張犁段,80.00,都市：農,1,1,全筆移轉,01320073
RPOOMLTKKIHGFDK68CB,公園段,41.77,都市：住,247800,4177,持分移轉,02090000
RPPNMLTKKIHGFDK68CB,二張犁段,19.92,都市：農,100000,2154,持分移轉,01320000
RPPNMLTKKIHGFDK68CB,二張犁段,.20,都市：農,64,1,持分移轉,01320036
RPQNMLTKKIHGFFK98CB,尖下段,56.24,非都市：山坡地保育區 ; 非都市編定：丙種建築用地,10000,92,持分移轉,09280000
RPQNMLTKKIHGFFK98CB,尖下段,10.06,非都市：山坡地保育區 ; 非都市編定：丙種建築用地,100000,1025,持分移轉,09280004
RPQNMLTKKIHGFFK98CB,尖下段,23.68,非都市：山坡地保育區 ; 非都市編定：丙種建築用地,10000,92,持分移轉,09280005
RPPOMLTKKIHGFDK78CB,公園段,26.57,都市：住,247800,2657,持分移轉,02090000
RPQOMLTKKIHGFDK88CB,公園段,26.80,都市：住,247800,2680,持分移轉,02090000
RPTOMLTKKIHGFDK56CB,公園段,21.49,都市：住,247800,2149,持分移轉,02090000
RPXOMLTKKIHGFDK96CB,公園段,25.50,都市：住,247800,2550,持分移轉,02090000
RPSOMLTKKIHGFDK09CB,公園段,20.10,都市：住,247800,2010,持分移轉,02090000
RPPPMLTKKIHGFDK88CB,公園段,21.49,都市：住,247800,2149,持分移轉,02090000
RPVOMLTKKIHGFDK76CB,公園段,26.57,都市：住,247800,2657,持分移轉,02090000
RPSPMLTKKIHGFDK56CB,公園段,26.80,都市：住,247800,2680,持分移轉,02090000
RPQPMLTKKIHGFDK98CB,公園段,25.76,都市：住,247800,2576,持分移轉,02090000
RPWOMLTKKIHGFDK86CB,公園段,26.80,都市：住,247800,2680,持分移轉,02090000
RPRPMLTKKIHGFDK09CB,公園段,27.48,都市：住,247800,2748,持分移轉,02090000
RPPNMLTKKIHGFBK48CB,巨蛋段,35.18,都市：住,100000,1240,持分移轉,15830000
RPRNMLTKKIHGFBK68CB,齊佳段,43.37,都市：住,100000,8054,持分移轉,08560000
RPQNMLTKKIHGFBK58CB,巨蛋段,35.97,都市：住,100000,2230,持分移轉,15890000
RPPNMLTKKIHGFCK68DB,社柑段,54.02,非都市：特定農業區 ; 非都市編定：甲種建築用地,1,1,全筆移轉,18770008
RPPNMLTKKIHGFCK68DB,社柑段,8.69,非都市：特定農業區 ; 非都市編定：甲種建築用地,5,1,持分移轉,18770009
RPPNMLTKKIHGFBK58DB,福全段,19.25,都市：住,100000,2685,持分移轉,06620000
RPPNMLTKKIHGFBK58DB,福全段,6.09,都市：住,100000,2685,持分移轉,06620001
RPPNMLTKKIHGFBK58DB,福全段,18.70,都市：住,100000,2685,持分移轉,06620002
RPPNMLKLKIHGFBK67CB,巨蛋段,48.51,都市：住,100000,1710,持分移轉,15830000
RPPNMLKLKIHGFCK87DB,鎮安段,67.14,非都市：特定農業區 ; 非都市編定：甲種建築用地,1,1,全筆移轉,10670001
RPPNMLKLKIHGFCK87DB,鎮安段,11.46,非都市：特定農業區 ; 非都市編定：甲種建築用地,10000,868,持分移轉,10670004
RPQNMLKLKIHGFBK77CB,巨蛋段,33.06,都市：住,100000,2050,持分移轉,15890000
RPSNMLKLKIHGFBK97CB,縣府段,12.24,都市：商,100000,2213,持分移轉,03780000
RPRNMLKLKIHGFBK87CB,巨蛋段,35.97,都市：住,100000,2230,持分移轉,15890000
RPPNMLKLKIHGFDK87CB,大同段,60.84,都市：住,1,1,全筆移轉,09390018
RPPNMLKLKIHGFDK87CB,大同段,17.46,都市：住,100000,4321,持分移轉,09390022
RPPNMLLLKIHGFFK18CB,仁愛段,17.95,都市：住,10000,15,持分移轉,00360000
RPPNMLKLKIHGFFK08CB,正興段,31.97,都市：住,100000,3611,持分移轉,08330000
RPTNMLKLKIHGFDK28CB,新山佳段,38.57,都市：住,10000,943,持分移轉,08090017
RPTNMLKLKIHGFDK28CB,新山佳段,9.55,都市：住,10000,279,持分移轉,08090000
RPQNMLLLKIHGFFK28CB,仁愛段,23.94,都市：住,10000,20,持分移轉,00360000
RPQNMLLLKIHGFDK08CB,天聲段,39.21,都市：住,104060,8421,持分移轉,05980001
RPQNMLLLKIHGFDK08CB,天聲段,.88,都市：住,12,1,持分移轉,05980019
RPPNMLLLKIHGFDK97CB,海口段海口小段,45.35,都市：住,100000,5039,持分移轉,04110001
RPQNMLKLKIHGFDK97CB,大同段,60.84,都市：住,1,1,全筆移轉,09390019
RPRNMLLLKIHGFDK18CB,天聲段,39.21,都市：住,104060,8421,持分移轉,05980001
RPQNMLKLKIHGFDK97CB,大同段,17.46,都市：住,100000,4321,持分移轉,09390022
RPRNMLLLKIHGFDK18CB,天聲段,.88,都市：住,12,1,持分移轉,05980019
RPTNMLLLKIHGFDK38CB,二張犁段,91.00,都市：農,1,1,全筆移轉,01320009
RPTNMLLLKIHGFDK38CB,二張犁段,.20,都市：農,64,1,持分移轉,01320036
RPSNMLLLKIHGFDK28CB,天聲段,41.66,都市：住,31480,2707,持分移轉,05980001
RPSNMLLLKIHGFDK28CB,天聲段,.88,都市：住,12,1,持分移轉,05980019
RPPNMLLLKIHGFBK77CB,巨蛋段,35.18,都市：住,100000,1240,持分移轉,15830000
RPPNMLMLKIHGFBK87CB,巨蛋段,27.74,都市：住,100000,1720,持分移轉,15890000
RPRNMLLLKIHGFBK97CB,勝利段,42.87,都市：住,10000,485,持分移轉,27470193
RPQNMLMLKIHGFBK97CB,頭屋段二小段,47.57,都市：住,100000,3496,持分移轉,05470000
RPQNMLLLKIHGFBK87CB,巨蛋段,29.52,都市：住,100000,1830,持分移轉,15890000
RPRNMLMLKIHGFBK08CB,頭屋段二小段,37.69,都市：住,100000,2770,持分移轉,05470000
RPSNMLMLKIHGFDK38CB,大同段,60.22,都市：住,1,1,全筆移轉,09180031
RPPNMLMLKIHGFDK08CB,公園段,25.76,都市：住,247800,2576,持分移轉,02090000
RPSNMLMLKIHGFDK38CB,大同段,16.37,都市：住,100000,1700,持分移轉,09180000
RPSNMLMLKIHGFDK38CB,大同段,3.69,都市：住,100000,1700,持分移轉,09180010
RPSNMLMLKIHGFDK38CB,大同段,.91,都市：住,100000,1700,持分移轉,09180019
RPQNMLMLKIHGFDK18CB,大同段,70.59,都市：住,1,1,全筆移轉,09180029
RPQNMLMLKIHGFDK18CB,大同段,17.29,都市：住,100000,1796,持分移轉,09180000
RPQNMLMLKIHGFDK18CB,大同段,3.90,都市：住,100000,1796,持分移轉,09180010
RPQNMLMLKIHGFDK18CB,大同段,.96,都市：住,100000,1796,持分移轉,09180019
RPRNMLMLKIHGFDK28CB,大同段,63.00,都市：住,1,1,全筆移轉,09180028
RPRNMLMLKIHGFDK28CB,大同段,16.49,都市：住,100000,1713,持分移轉,09180000
RPRNMLMLKIHGFDK28CB,大同段,3.72,都市：住,100000,1713,持分移轉,09180010
RPRNMLMLKIHGFDK28CB,大同段,.92,都市：住,100000,1713,持分移轉,09180019
RPTNMLMLKIHGFDK48CB,大同段,113.04,都市：住,1,1,全筆移轉,09180016
RPTNMLMLKIHGFDK48CB,大同段,26.74,都市：住,100000,2777,持分移轉,09180000
RPTNMLMLKIHGFDK48CB,大同段,6.02,都市：住,100000,2777,持分移轉,09180010
RPTNMLMLKIHGFDK48CB,大同段,1.49,都市：住,100000,2777,持分移轉,09180019
RPVNMLMLKIHGFDK68CB,大同段,84.46,都市：住,1,1,全筆移轉,09180008
RPVNMLMLKIHGFDK68CB,大同段,18.08,都市：住,100000,1878,持分移轉,09180000
RPVNMLMLKIHGFDK68CB,大同段,4.07,都市：住,100000,1878,持分移轉,09180010
RPVNMLMLKIHGFDK68CB,大同段,1.01,都市：住,100000,1878,持分移轉,09180019
RPUNMLMLKIHGFDK58CB,大同段,90.61,都市：住,1,1,全筆移轉,09180009
RPUNMLMLKIHGFDK58CB,大同段,18.85,都市：住,100000,1958,持分移轉,09180000
RPUNMLMLKIHGFDK58CB,大同段,4.25,都市：住,100000,1958,持分移轉,09180010
RPUNMLMLKIHGFDK58CB,大同段,1.05,都市：住,100000,1958,持分移轉,09180019
RPRNMLNLKIHGFFK58CB,光華段,17.97,都市：商,100000,837,持分移轉,12710000
RPWNMLMLKIHGFDK78CB,大同段,84.46,都市：住,1,1,全筆移轉,09180002
RPWNMLMLKIHGFDK78CB,大同段,18.08,都市：住,100000,1878,持分移轉,09180000
RPWNMLMLKIHGFDK78CB,大同段,4.07,都市：住,100000,1878,持分移轉,09180010
RPWNMLMLKIHGFDK78CB,大同段,1.01,都市：住,100000,1878,持分移轉,09180019
RPTNMLNLKIHGFFK78CB,光華段,12.60,都市：商,100000,587,持分移轉,12710000
RPXNMLMLKIHGFDK88CB,大同段,59.22,都市：住,1,1,全筆移轉,09180036
RPXNMLMLKIHGFDK88CB,大同段,16.82,都市：住,100000,1747,持分移轉,09180000
RPXNMLMLKIHGFDK88CB,大同段,3.79,都市：住,100000,1747,持分移轉,09180010
RPXNMLMLKIHGFDK88CB,大同段,.94,都市：住,100000,1747,持分移轉,09180019
RPSNMLNLKIHGFFK68CB,光華段,14.96,都市：商,100000,697,持分移轉,12710000
RPWNMLNLKIHGFFK09CB,光華段,17.22,都市：商,100000,802,持分移轉,12710000
RPUNMLNLKIHGFFK88CB,光華段,16.44,都市：商,100000,766,持分移轉,12710000
RPQNMLOLKIHGFDK38CB,大同段,84.46,都市：住,1,1,全筆移轉,09180003
RPQNMLOLKIHGFDK38CB,大同段,18.09,都市：住,100000,1879,持分移轉,09180000
RPQNMLOLKIHGFDK38CB,大同段,4.08,都市：住,100000,1879,持分移轉,09180010
RPQNMLOLKIHGFDK38CB,大同段,1.01,都市：住,100000,1879,持分移轉,09180019
RPPNMLPLKIHGFBK18CB,巨蛋段,27.74,都市：住,100000,1720,持分移轉,15890000
RPQNMLPLKIHGFBK28CB,巨蛋段,27.74,都市：住,100000,1720,持分移轉,15890000
RPRNMLQLKIHGFBK48CB,勝利段,29.17,都市：住,10000,330,持分移轉,27470193
RPPNMLOLKIHGFDK28CB,大同段,63.00,都市：住,1,1,全筆移轉,09180027
RPPNMLOLKIHGFDK28CB,大同段,16.49,都市：住,100000,1713,持分移轉,09180000
RPPNMLOLKIHGFDK28CB,大同段,3.72,都市：住,100000,1713,持分移轉,09180010
RPPNMLOLKIHGFDK28CB,大同段,.92,都市：住,100000,1713,持分移轉,09180019
RPPNMLPLKIHGFDK38CB,仁德段,28.26,都市：住,10000,92,持分移轉,05190000
RPPNMLQLKIHGFDK58DB,龍椅段,33.59,都市：住,100000,4001,持分移轉,03720000
RPSNMLQLKIHGFBK58CB,勝利段,28.38,都市：住,10000,321,持分移轉,27470193
RPPNMLNLKIHGFBK08DB,福全段,11.90,都市：住,100000,1660,持分移轉,06620000
RPPNMLNLKIHGFBK08DB,福全段,3.77,都市：住,100000,1660,持分移轉,06620001
RPPNMLNLKIHGFBK08DB,福全段,11.56,都市：住,100000,1660,持分移轉,06620002
RPPNMLNLKIHGFBK97CB,齊佳段,43.37,都市：住,100000,8054,持分移轉,08560000
RPRNMLQLKIHGFDK68CB,龍西段,42.56,都市：住,49800,4256,持分移轉,02320000
RPTNMLQLKIHGFDK88CB,新港段社腳小段,37.34,非都市：鄉村區 ; 非都市編定：乙種建築用地,10000,535,持分移轉,01190000
RPUNMLQLKIHGFDK98CB,新港段社腳小段,38.25,非都市：鄉村區 ; 非都市編定：乙種建築用地,10000,548,持分移轉,01190000
RPQNMLQLKIHGFFK78CB,尖下段,59.29,非都市：山坡地保育區 ; 非都市編定：丙種建築用地,10000,97,持分移轉,09280000
RPQNMLQLKIHGFFK78CB,尖下段,10.06,非都市：山坡地保育區 ; 非都市編定：丙種建築用地,100000,1025,持分移轉,09280004
RPQNMLQLKIHGFFK78CB,尖下段,24.97,非都市：山坡地保育區 ; 非都市編定：丙種建築用地,10000,97,持分移轉,09280005
RPSNMLQLKIHGFDK78CB,新港段社腳小段,38.25,非都市：鄉村區 ; 非都市編定：乙種建築用地,10000,548,持分移轉,01190000
RPPNMLQLKIHGFFK68CB,尖下段,59.29,非都市：山坡地保育區 ; 非都市編定：丙種建築用地,10000,97,持分移轉,09280000
RPPNMLQLKIHGFFK68CB,尖下段,10.06,非都市：山坡地保育區 ; 非都市編定：丙種建築用地,100000,1025,持分移轉,09280004
RPPNMLQLKIHGFFK68CB,尖下段,24.97,非都市：山坡地保育區 ; 非都市編定：丙種建築用地,10000,97,持分移轉,09280005
RPPNMLRLKIHGFFK78CB,正興段,31.97,都市：住,100000,3611,持分移轉,08330000
RPQNMLRLKIHGFCK58CB,文山段,112.07,都市：住,1,1,全筆移轉,01710027
RPPNMLRLKIHGFDK58CB,淡文湖段,104.00,非都市：特定農業區 ; 非都市編定：甲種建築用地,1,1,全筆移轉,13080002
RPPNMLRLKIHGFDK58CB,淡文湖段,24.00,非都市：特定農業區 ; 非都市編定：甲種建築用地,12,1,持分移轉,13080013
RPQNMLRLKIHGFDK68CB,藝文段,17.60,都市：商,100000,850,持分移轉,00080000
RPRNMLRLKIHGFCK68CB,文山段,90.12,都市：住,1,1,全筆移轉,01710003
RPQNMLSLKIHGFCK68CB,鎮安段,83.02,非都市：特定農業區 ; 非都市編定：甲種建築用地,1,1,全筆移轉,13200009
RPRNMLSLKIHGFCK78CB,鎮安段,82.11,非都市：特定農業區 ; 非都市編定：甲種建築用地,1,1,全筆移轉,13200012
RPPNMLSLKIHGFCK68DB,社柑段,69.09,非都市：特定農業區 ; 非都市編定：甲種建築用地,1,1,全筆移轉,13980000
RPRNMLSLKIHGFDK88CB,龍鳳西段,44.76,都市：住,100000,4225,持分移轉,09020000
RPSNMLSLKIHGFDK98CB,淡文湖段,67.00,非都市：特定農業區 ; 非都市編定：甲種建築用地,1,1,全筆移轉,11220014
RPSNMLSLKIHGFDK98CB,淡文湖段,6.28,非都市：特定農業區 ; 非都市編定：甲種建築用地,92,1,持分移轉,11220004
RPSNMLSLKIHGFDK98CB,淡文湖段,3.18,非都市：特定農業區 ; 非都市編定：甲種建築用地,92,1,持分移轉,11220068
RPSNMLSLKIHGFDK98CB,淡文湖段,.46,非都市：特定農業區 ; 非都市編定：甲種建築用地,92,1,持分移轉,11220050
RPSNMLSLKIHGFDK98CB,淡文湖段,4.51,非都市：特定農業區 ; 非都市編定：甲種建築用地,92,1,持分移轉,11220069
RPSNMLSLKIHGFDK98CB,淡文湖段,.57,非都市：特定農業區 ; 非都市編定：甲種建築用地,92,1,持分移轉,11220022
RPSNMLSLKIHGFDK98CB,淡文湖段,3.29,非都市：特定農業區 ; 非都市編定：甲種建築用地,92,1,持分移轉,11220000
RPSNMLSLKIHGFDK98CB,淡文湖段,5.22,非都市：特定農業區 ; 非都市編定：甲種建築用地,92,1,持分移轉,11220088
RPSNMLSLKIHGFDK98CB,淡文湖段,.25,非都市：特定農業區 ; 非都市編定：甲種建築用地,92,1,持分移轉,11220103
RPPNMLSLKIHGFBK48CB,巨蛋段,42.26,都市：住,100000,2620,持分移轉,15890000
RPUNMLSLKIHGFDK56CB,新山佳段,49.31,都市：住,1,1,全筆移轉,08090011
RPUNMLSLKIHGFDK56CB,新山佳段,15.36,都市：住,10000,449,持分移轉,08090000
RPXNMLSLKIHGFDK86CB,龍西段,40.89,都市：住,49800,4089,持分移轉,02320000
RPVNMLSLKIHGFDK66CB,新山佳段,47.13,都市：住,1,1,全筆移轉,08090008
RPVNMLSLKIHGFDK66CB,新山佳段,14.27,都市：住,10000,417,持分移轉,08090000
RPOOMLSLKIHGFDK68CB,龍西段,42.56,都市：住,49800,4256,持分移轉,02320000
RPQOMLSLKIHGFDK88CB,龍西段,40.89,都市：住,49800,4089,持分移轉,02320000
RPPOMLSLKIHGFDK78CB,龍西段,41.04,都市：住,49800,4104,持分移轉,02320000
RPSOMLSLKIHGFDK09CB,龍西段,41.04,都市：住,49800,4104,持分移轉,02320000
RPROMLSLKIHGFDK98CB,龍西段,42.56,都市：住,49800,4256,持分移轉,02320000
RPTOMLSLKIHGFDK56CB,龍西段,40.89,都市：住,49800,4089,持分移轉,02320000
RPUOMLSLKIHGFDK66CB,龍西段,42.56,都市：住,49800,4256,持分移轉,02320000
RPVOMLSLKIHGFDK76CB,龍西段,41.04,都市：住,49800,4104,持分移轉,02320000
RPXOMLSLKIHGFDK96CB,龍西段,40.89,都市：住,49800,4089,持分移轉,02320000
RPRNMLTLKIHGFFK56CB,八德段,35.16,都市：住,10000,818,持分移轉,03920000
RPPNMLTLKIHGFBK58CB,巨蛋段,29.52,都市：住,100000,1830,持分移轉,15890000
RPQNMLTLKIHGFBK68CB,巨蛋段,42.26,都市：住,100000,2620,持分移轉,15890000
RPRNMLTLKIHGFBK78CB,巨蛋段,34.61,都市：住,100000,1220,持分移轉,15830000
RPPNMLKMKIHGFFK18CB,正興段,.80,都市：住,100000,7626,持分移轉,10700000
RPPNMLKMKIHGFFK18CB,正興段,29.18,都市：住,100000,7626,持分移轉,10710000
RPQNMLKMKIHGFFK28CB,正興段,.80,都市：住,100000,7626,持分移轉,10700000
RPQNMLKMKIHGFFK28CB,正興段,29.18,都市：住,100000,7626,持分移轉,10710000
RPRNMLKMKIHGFFK38CB,正興段,1.05,都市：住,100000,9926,持分移轉,10700000
RPRNMLKMKIHGFFK38CB,正興段,37.98,都市：住,100000,9926,持分移轉,10710000
RPPNMLKMKIHGFDK97CB,海口段海口小段,44.40,都市：住,100000,4933,持分移轉,04110001
RPRNMLKMKIHGFDK18CB,公園段,21.49,都市：住,247800,2149,持分移轉,02090000
RPSNMLKMKIHGFFK48CB,正興段,.79,都市：住,100000,7448,持分移轉,10700000
RPSNMLKMKIHGFFK48CB,正興段,28.50,都市：住,100000,7448,持分移轉,10710000
RPSNMLKMKIHGFDK28CB,公園段,21.49,都市：住,247800,2149,持分移轉,02090000
RPTNMLKMKIHGFDK38CB,公園段,41.77,都市：住,247800,4177,持分移轉,02090000
RPUNMLKMKIHGFDK48CB,公園段,21.49,都市：住,247800,2149,持分移轉,02090000
RPWNMLKMKIHGFDK68CB,公園段,26.80,都市：住,247800,2680,持分移轉,02090000
RPOOMLKMKIHGFDK97CB,新港段社腳小段,40.00,非都市：鄉村區 ; 非都市編定：乙種建築用地,10000,573,持分移轉,01190000
RPROMLKMKIHGFDK28CB,公園段,41.77,都市：住,247800,4177,持分移轉,02090000
RPPOMLKMKIHGFDK08CB,公園段,27.25,都市：住,247800,2725,持分移轉,02090000
RPSOMLKMKIHGFDK38CB,公園段,25.76,都市：住,247800,2576,持分移轉,02090000
RPTOMLKMKIHGFDK48CB,公園段,27.25,都市：住,247800,2725,持分移轉,02090000
RPUOMLKMKIHGFDK58CB,公園段,27.25,都市：住,247800,2725,持分移轉,02090000
RPPNMLLMKIHGFDK08CB,仁德段,21.50,都市：住,10000,70,持分移轉,05190000
RPQNMLLMKIHGFDK18CB,仁德段,16.59,都市：住,10000,54,持分移轉,05190000
RPPNMLLJJHIGFBK47CB,維祥段維祥小段,79.00,非都市：鄉村區 ; 非都市編定：乙種建築用地,1,1,全筆移轉,03540005
RPPNMLLJJHIGFBK47CB,維新段,6.58,非都市：鄉村區 ; 非都市編定：乙種建築用地,10000,120,持分移轉,00290004
RPPNMLLJJHIGFBK47CB,維新段,1.54,非都市：鄉村區 ; 非都市編定：乙種建築用地,10000,120,持分移轉,00320000
RPPNMLLMKIHGFBK87CB,巨蛋段,26.83,都市：住,10000,184,持分移轉,05790001
RPPNMLLJJHIGFBK47CB,維祥段維祥小段,4.99,非都市：鄉村區 ; 非都市編定：乙種建築用地,10000,120,持分移轉,03540000
RPPNMLLJJHIGFBK47CB,維祥段維祥小段,9.28,非都市：特定農業區 ; 非都市編定：農牧用地,10000,120,持分移轉,03650000
RPPNMLLJJHIGFFK87CB,仁愛段,27.53,都市：住,10000,23,持分移轉,00360000
RPQNMLLJJHIGFFK97CB,仁愛段,23.94,都市：住,10000,20,持分移轉,00360000
RPRNMLLJJHIGFFK08CB,仁愛段,17.95,都市：住,10000,15,持分移轉,00360000
RPPNMLNJJHIGFDK87CB,大同段,84.46,都市：住,1,1,全筆移轉,09180007
RPPNMLNJJHIGFDK87CB,大同段,18.09,都市：住,100000,1879,持分移轉,09180000
RPPNMLNJJHIGFDK87CB,大同段,4.08,都市：住,100000,1879,持分移轉,09180010
RPPNMLNJJHIGFDK87CB,大同段,1.01,都市：住,100000,1879,持分移轉,09180019
RPSNMLLJJHIGFFK18CB,仁愛段,26.33,都市：住,10000,22,持分移轉,00360000
RPQNMLNJJHIGFDK97CB,大同段,84.46,都市：住,1,1,全筆移轉,09180006
RPQNMLNJJHIGFDK97CB,大同段,18.08,都市：住,100000,1878,持分移轉,09180000
RPQNMLNJJHIGFDK97CB,大同段,4.07,都市：住,100000,1878,持分移轉,09180010
RPQNMLNJJHIGFDK97CB,大同段,1.01,都市：住,100000,1878,持分移轉,09180019
RPPNMLNJJHIGFBK77DB,福南段,41.25,非都市：特定農業區 ; 非都市編定：甲種建築用地,100000,8056,持分移轉,06330001
RPRNMLNJJHIGFDK08CB,大同段,63.00,都市：住,1,1,全筆移轉,09180025
RPRNMLNJJHIGFDK08CB,大同段,16.49,都市：住,100000,1713,持分移轉,09180000
RPRNMLNJJHIGFDK08CB,大同段,3.72,都市：住,100000,1713,持分移轉,09180010
RPRNMLNJJHIGFDK08CB,大同段,.92,都市：住,100000,1713,持分移轉,09180019
RPQNMLNJJHIGFBK87DB,福南段,40.62,非都市：特定農業區 ; 非都市編定：甲種建築用地,100000,7933,持分移轉,06330001
RPPNMLOJJHIGFBK77CB,巨蛋段,38.30,都市：住,100000,1350,持分移轉,15830000
RPQNMLOJJHIGFBK87CB,巨蛋段,29.52,都市：住,100000,1830,持分移轉,15890000
RPRNMLOJJHIGFBK97CB,巨蛋段,35.97,都市：住,100000,2230,持分移轉,15890000
RPWNMLSLKIHGFDK76CB,龍西段,41.04,都市：住,49800,4104,持分移轉,02320000
RPPNMLPJJHIGFBK87CB,巨蛋段,43.23,都市：住,100000,2680,持分移轉,15890000
RPPNMLQJJHIGFCK08CB,興隆段,35.17,都市：住,10000,304,持分移轉,03110000
RPPNMLPJJHIGFBK97DB,福全段,19.92,都市：住,100000,2778,持分移轉,06620000
RPPNMLPJJHIGFBK97DB,福全段,6.31,都市：住,100000,2778,持分移轉,06620001
RPPNMLPJJHIGFBK97DB,福全段,19.35,都市：住,100000,2778,持分移轉,06620002
RPRNMLQJJHIGFDK38CB,龍東段,22.33,都市：住,10000,226,持分移轉,01930000
RPRNMLQJJHIGFDK38CB,龍北段,.68,都市：住,10000,226,持分移轉,06000013
RPQNMLQJJHIGFCK18CB,興隆段,35.17,都市：住,10000,304,持分移轉,03110000
RPSNMLQJJHIGFDK48CB,龍東段,22.33,都市：住,10000,226,持分移轉,01930000
RPSNMLQJJHIGFDK48CB,龍北段,.68,都市：住,10000,226,持分移轉,06000013
RPPNMLQJJHIGFDK18CB,海口段海口小段,44.96,都市：住,100000,4996,持分移轉,04110001
RPUNMLQJJHIGFDK68CB,龍東段,22.33,都市：住,10000,226,持分移轉,01930000
RPUNMLQJJHIGFDK68CB,龍北段,.68,都市：住,10000,226,持分移轉,06000013
RPPNMLRJJHIGFDK28CB,海口段海口小段,44.96,都市：住,100000,4996,持分移轉,04110001
RPTNMLQJJHIGFDK58CB,龍東段,29.54,都市：住,10000,299,持分移轉,01930000
RPTNMLQJJHIGFDK58CB,龍北段,.90,都市：住,10000,299,持分移轉,06000013
RPRNMLRJJHIGFDK48CB,龍鳳西段,49.09,都市：住,100000,4634,持分移轉,09020000
RPQNMLRJJHIGFDK38CB,龍椅段,77.38,都市：住,1,1,全筆移轉,02260001
RPQNMLRJJHIGFDK38CB,龍椅段,28.85,都市：住,10000,884,持分移轉,02260018
RPQNMLRJJHIGFDK38CB,龍椅段,.42,都市：住,10000,915,持分移轉,02260017
RPPNMLRJJHIGFDK38DB,龍椅段,27.08,都市：住,100000,3226,持分移轉,03720000
RPRNMLRJJHIGFDK58DB,龍椅段,31.85,都市：住,100000,3794,持分移轉,03720000
RPPNMLTJJHIGFDK48CB,公園段,27.48,都市：住,247800,2748,持分移轉,02090000
RPRNMLTJJHIGFDK68CB,公園段,27.25,都市：住,247800,2725,持分移轉,02090000
RPQNMLRJJHIGFDK48DB,龍椅段,31.85,都市：住,100000,3794,持分移轉,03720000
RPSNMLTJJHIGFDK78CB,公園段,25.50,都市：住,247800,2550,持分移轉,02090000
RPQNMLTJJHIGFDK58CB,公園段,26.80,都市：住,247800,2680,持分移轉,02090000
RPTNMLTJJHIGFDK88CB,公園段,27.25,都市：住,247800,2725,持分移轉,02090000
RPUNMLTJJHIGFDK98CB,公園段,27.48,都市：住,247800,2748,持分移轉,02090000
RPSNMLRJJHIGFDK68DB,龍椅段,31.85,都市：住,100000,3794,持分移轉,03720000
RPVNMLTJJHIGFDK09CB,公園段,27.48,都市：住,247800,2748,持分移轉,02090000
RPXNMLTJJHIGFDK66CB,公園段,25.76,都市：住,247800,2576,持分移轉,02090000
RPPOMLTJJHIGFDK58CB,公園段,27.48,都市：住,247800,2748,持分移轉,02090000
RPOOMLTJJHIGFDK48CB,龍鳳西段,44.76,都市：住,100000,4225,持分移轉,09020000
RPSOMLTJJHIGFDK88CB,公園段,26.80,都市：住,247800,2680,持分移轉,02090000
RPROMLTJJHIGFDK78CB,公園段,27.48,都市：住,247800,2748,持分移轉,02090000
RPQOMLTJJHIGFDK68CB,公園段,25.50,都市：住,247800,2550,持分移轉,02090000
RPTOMLTJJHIGFDK98CB,公園段,27.48,都市：住,247800,2748,持分移轉,02090000
RPVOMLTJJHIGFDK56CB,公園段,21.49,都市：住,247800,2149,持分移轉,02090000
RPUOMLTJJHIGFDK09CB,龍東段,37.70,都市：住,10000,1056,持分移轉,00890005
RPPNMLKKJHIGFDK67CB,天聲段,92.69,都市：住,1,1,全筆移轉,05980003
RPUOMLTJJHIGFDK09CB,龍東段,10.98,都市：住,10000,1056,持分移轉,00890026
RPUOMLTJJHIGFDK09CB,龍東段,2.22,都市：住,10000,1056,持分移轉,00890043
RPQNMLKKJHIGFDK77CB,新山佳段,37.06,都市：住,10000,906,持分移轉,08090017
RPQNMLKKJHIGFDK77CB,新山佳段,9.17,都市：住,10000,268,持分移轉,08090000
RPPNMLKKJHIGFFK87CB,東庄段,19.01,都市：住,100000,3450,持分移轉,04890000
RPRNMLKKJHIGFFK08CB,仁愛段,26.33,都市：住,10000,22,持分移轉,00360000
RPSNMLKKJHIGFBK77CB,巨蛋段,39.19,都市：住,100000,2430,持分移轉,15890000
RPRNMLKKJHIGFBK67CB,頭屋段二小段,37.69,都市：住,100000,2770,持分移轉,05470000
RPTNMLKKJHIGFBK87CB,巨蛋段,43.23,都市：住,100000,2680,持分移轉,15890000
RPQNMLKKJHIGFFK97CB,仁愛段,27.53,都市：住,10000,23,持分移轉,00360000
RPPNMLLKJHIGFBK57CB,文山段,32.20,都市：住,10000,527,持分移轉,07810000
RPPNMLLKJHIGFBK57CB,文山段,.58,非都市：山坡地保育區 ; 非都市編定：丙種建築用地,10000,527,持分移轉,07810003
RPQNMLKKJHIGFBK57CB,頭屋段二小段,47.46,都市：住,100000,3488,持分移轉,05470000
RPQNMLLKJHIGFBK67CB,文山段,32.57,都市：住,10000,533,持分移轉,07810000
RPQNMLLKJHIGFBK67CB,文山段,.59,非都市：山坡地保育區 ; 非都市編定：丙種建築用地,10000,533,持分移轉,07810003
RPRNMLLKJHIGFBK77CB,館興段,51.45,都市：住,10000,434,持分移轉,03240000
RPSNMLLKJHIGFBK87CB,文山段,32.57,都市：住,10000,533,持分移轉,07810000
RPSNMLLKJHIGFBK87CB,文山段,.59,非都市：山坡地保育區 ; 非都市編定：丙種建築用地,10000,533,持分移轉,07810003
RPTNMLLKJHIGFBK97CB,勝利段,46.94,都市：住,10000,531,持分移轉,27470193
RPRNMLLKJHIGFFK18CB,光華段,16.44,都市：商,100000,766,持分移轉,12710000
RPPNMLMKJHIGFFK08CB,民族段,44.47,都市：住,100000,4723,持分移轉,10420000
RPQNMLLKJHIGFFK08CB,光華段,12.39,都市：商,100000,577,持分移轉,12710000
RPPNMLMKJHIGFDK87CB,新港段社腳小段,31.41,非都市：鄉村區 ; 非都市編定：乙種建築用地,10000,450,持分移轉,01190000
RPPNMLLKJHIGFCK77DB,福田段,36.44,都市：商,100000,2242,持分移轉,03940000
RPQNMLMKJHIGFDK97CB,公園段,41.77,都市：住,247800,4177,持分移轉,02090000
RPRNMLMKJHIGFDK08CB,公園段,41.77,都市：住,247800,4177,持分移轉,02090000
RPPNMLMKJHIGFCK87DB,福田段,43.19,都市：商,100000,2657,持分移轉,03940000
RPSNMLNKJHIGFBK18DB,福南段,41.25,非都市：特定農業區 ; 非都市編定：甲種建築用地,100000,8056,持分移轉,06330001
RPWNMLMKJHIGFDK58CB,新山佳段,37.06,都市：住,10000,906,持分移轉,08090017
RPWNMLMKJHIGFDK58CB,新山佳段,9.17,都市：住,10000,268,持分移轉,08090000
RPPNMLNKJHIGFBK87DB,福全段,18.14,都市：住,100000,2529,持分移轉,06620000
RPPNMLNKJHIGFBK87DB,福全段,5.74,都市：住,100000,2529,持分移轉,06620001
RPPNMLNKJHIGFBK87DB,福全段,17.61,都市：住,100000,2529,持分移轉,06620002
RPTNMLNKJHIGFBK28DB,福南段,40.62,非都市：特定農業區 ; 非都市編定：甲種建築用地,100000,7933,持分移轉,06330001
RPRNMLNKJHIGFBK08DB,福南段,36.85,非都市：特定農業區 ; 非都市編定：甲種建築用地,100000,7197,持分移轉,06330001
RPRNMLNKJHIGFBK97CB,巨蛋段,35.97,都市：住,100000,2230,持分移轉,15890000
RPPNMLNKJHIGFDK97CB,龍鳳西段,46.19,都市：住,100000,4360,持分移轉,09020000
RPPNMLNKJHIGFBK77CB,巨蛋段,29.19,都市：住,100000,1810,持分移轉,15890000
RPQNMLNKJHIGFBK87CB,巨蛋段,33.06,都市：住,100000,2050,持分移轉,15890000
RPPNMLOKJHIGFDK08CB,龍椅段,47.37,都市：住,1,1,全筆移轉,02260011
RPPNMLOKJHIGFDK08CB,龍椅段,28.85,都市：住,10000,884,持分移轉,02260018
RPPNMLOKJHIGFDK08CB,龍椅段,.41,都市：住,10000,884,持分移轉,02260017
RPPNMLOKJHIGFCK08DB,鎮安段,124.72,非都市：特定農業區 ; 非都市編定：甲種建築用地,1,1,全筆移轉,10670000
RPPNMLOKJHIGFCK08DB,鎮安段,11.45,非都市：特定農業區 ; 非都市編定：甲種建築用地,10000,867,持分移轉,10670004
RPRNMLPKJHIGFFK58CB,尖下段,92.91,非都市：山坡地保育區 ; 非都市編定：丙種建築用地,10000,152,持分移轉,09280000
RPRNMLPKJHIGFFK58CB,尖下段,10.06,非都市：山坡地保育區 ; 非都市編定：丙種建築用地,100000,1025,持分移轉,09280004
RPRNMLPKJHIGFFK58CB,尖下段,39.12,非都市：山坡地保育區 ; 非都市編定：丙種建築用地,10000,152,持分移轉,09280005
RPQNMLPKJHIGFFK48CB,尖下段,48.90,非都市：山坡地保育區 ; 非都市編定：丙種建築用地,10000,80,持分移轉,09280000
RPQNMLPKJHIGFFK48CB,尖下段,10.06,非都市：山坡地保育區 ; 非都市編定：丙種建築用地,100000,1025,持分移轉,09280004
RPQNMLPKJHIGFFK48CB,尖下段,20.59,非都市：山坡地保育區 ; 非都市編定：丙種建築用地,10000,80,持分移轉,09280005
RPSNMLPKJHIGFFK68CB,尖下段,95.36,非都市：山坡地保育區 ; 非都市編定：丙種建築用地,10000,156,持分移轉,09280000
RPSNMLPKJHIGFFK68CB,尖下段,10.06,非都市：山坡地保育區 ; 非都市編定：丙種建築用地,100000,1025,持分移轉,09280004
RPSNMLPKJHIGFFK68CB,尖下段,40.15,非都市：山坡地保育區 ; 非都市編定：丙種建築用地,10000,156,持分移轉,09280005
RPUNMLPKJHIGFFK88CB,尖下段,88.63,非都市：山坡地保育區 ; 非都市編定：丙種建築用地,10000,145,持分移轉,09280000
RPUNMLPKJHIGFFK88CB,尖下段,10.06,非都市：山坡地保育區 ; 非都市編定：丙種建築用地,100000,1025,持分移轉,09280004
RPUNMLPKJHIGFFK88CB,尖下段,37.32,非都市：山坡地保育區 ; 非都市編定：丙種建築用地,10000,145,持分移轉,09280005
RPTNMLPKJHIGFFK78CB,尖下段,110.03,非都市：山坡地保育區 ; 非都市編定：丙種建築用地,10000,180,持分移轉,09280000
RPTNMLPKJHIGFFK78CB,尖下段,10.06,非都市：山坡地保育區 ; 非都市編定：丙種建築用地,100000,1025,持分移轉,09280004
RPTNMLPKJHIGFFK78CB,尖下段,46.33,非都市：山坡地保育區 ; 非都市編定：丙種建築用地,10000,180,持分移轉,09280005
RPQNMLQKJHIGFDK38CB,公園段,27.25,都市：住,247800,2725,持分移轉,02090000
RPPNMLQKJHIGFDK28CB,大同段,84.46,都市：住,1,1,全筆移轉,09180005
RPPNMLQKJHIGFDK28CB,大同段,18.09,都市：住,100000,1879,持分移轉,09180000
RPPNMLQKJHIGFDK28CB,大同段,4.08,都市：住,100000,1879,持分移轉,09180010
RPPNMLQKJHIGFDK28CB,大同段,1.01,都市：住,100000,1879,持分移轉,09180019
RPVNMLPKJHIGFFK98CB,尖下段,154.65,非都市：山坡地保育區 ; 非都市編定：丙種建築用地,10000,253,持分移轉,09280000
RPVNMLPKJHIGFFK98CB,尖下段,10.06,非都市：山坡地保育區 ; 非都市編定：丙種建築用地,100000,1025,持分移轉,09280004
RPVNMLPKJHIGFFK98CB,尖下段,65.12,非都市：山坡地保育區 ; 非都市編定：丙種建築用地,10000,253,持分移轉,09280005
RPPNMLQKJHIGFCK18CB,文山段,72.24,都市：住,1,1,全筆移轉,02630018
RPPNMLQKJHIGFBK08CB,巨蛋段,35.18,都市：住,100000,1240,持分移轉,15830000
RPQNMLRKJHIGFBK28CB,頭屋段二小段,47.44,都市：住,100000,3486,持分移轉,05470000
RPPNMLRKJHIGFBK18CB,頭屋段二小段,37.45,都市：住,100000,2752,持分移轉,05470000
RPQNMLQKJHIGFBK18CB,巨蛋段,40.00,都市：住,100000,1410,持分移轉,15830000
RPSNMLQKJHIGFBK38CB,齊佳段,81.62,都市：住,1,1,全筆移轉,08560018
RPRNMLRKJHIGFBK38CB,頭屋段二小段,37.69,都市：住,100000,2770,持分移轉,05470000
RPPNMLRKJHIGFDK48DB,龍椅段,31.70,都市：住,100000,3776,持分移轉,03720000
RPQNMLRKJHIGFDK48CB,藝文段,12.83,都市：商,100000,620,持分移轉,00080000
RPPNMLRKJHIGFDK38CB,新山佳段,48.56,都市：住,1,1,全筆移轉,08090003
RPPNMLRKJHIGFDK38CB,新山佳段,15.12,都市：住,10000,442,持分移轉,08090000
RPPNMLRKJHIGFFK58CB,仁愛段,26.33,都市：住,10000,22,持分移轉,00360000
RPQNMLRKJHIGFFK68CB,仁愛段,26.33,都市：住,10000,22,持分移轉,00360000
RPRNMLSKJHIGFDK78DB,龍椅段,27.08,都市：住,100000,3226,持分移轉,03720000
RPRNMLRKJHIGFFK78CB,仁愛段,17.95,都市：住,10000,15,持分移轉,00360000
RPQNMLSKJHIGFDK68DB,龍椅段,27.08,都市：住,100000,3226,持分移轉,03720000
RPPNMLSKJHIGFDK58DB,龍椅段,32.88,都市：住,100000,3917,持分移轉,03720000
RPTNMLSKJHIGFDK98DB,龍椅段,32.88,都市：住,100000,3917,持分移轉,03720000
RPSNMLSKJHIGFDK88DB,龍椅段,31.70,都市：住,100000,3776,持分移轉,03720000
RPQNMLSKJHIGFBK48DB,文昌段,76.01,都市：住,1,1,全筆移轉,01020000
RPQNMLSKJHIGFBK48DB,維祥段維祥小段,33.00,都市：住,1,1,全筆移轉,00980008
RPRNMLSKJHIGFBK48CB,維新段,100.34,非都市：鄉村區 ; 非都市編定：乙種建築用地,1,1,全筆移轉,00290005
RPRNMLSKJHIGFBK48CB,維新段,6.85,非都市：鄉村區 ; 非都市編定：乙種建築用地,10000,125,持分移轉,00290004
RPRNMLSKJHIGFBK48CB,維新段,1.61,非都市：鄉村區 ; 非都市編定：乙種建築用地,10000,125,持分移轉,00320000
RPRNMLSKJHIGFBK48CB,維祥段維祥小段,5.20,非都市：鄉村區 ; 非都市編定：乙種建築用地,10000,125,持分移轉,03540000
RPRNMLSKJHIGFBK48CB,維祥段維祥小段,9.66,非都市：特定農業區 ; 非都市編定：農牧用地,10000,125,持分移轉,03650000
RPPPMLSKJHIGFBK48CB,勝利段,29.17,都市：住,10000,330,持分移轉,27470193
RPPNMLTKJHIGFFK78CB,光華段,14.96,都市：商,100000,697,持分移轉,12710000
RPSNMLTKJHIGFBK68CB,維新段,12.86,非都市：鄉村區 ; 非都市編定：乙種建築用地,10000,65,持分移轉,00290000
RPSNMLTKJHIGFBK68CB,維新段,2.36,非都市：鄉村區 ; 非都市編定：乙種建築用地,10000,43,持分移轉,00290004
RPSNMLTKJHIGFBK68CB,維新段,.55,非都市：鄉村區 ; 非都市編定：乙種建築用地,10000,43,持分移轉,00320000
RPSNMLTKJHIGFBK68CB,維祥段維祥小段,1.79,非都市：鄉村區 ; 非都市編定：乙種建築用地,10000,43,持分移轉,03540000
RPSNMLTKJHIGFBK68CB,維祥段維祥小段,3.32,非都市：特定農業區 ; 非都市編定：農牧用地,10000,43,持分移轉,03650000
RPQNMLTKJHIGFFK88CB,光華段,23.18,都市：商,100000,1080,持分移轉,12710000
RPQNMLTKJHIGFDK68CB,淡文湖段,105.00,非都市：特定農業區 ; 非都市編定：甲種建築用地,1,1,全筆移轉,13080011
RPQNMLTKJHIGFDK68CB,淡文湖段,24.00,非都市：特定農業區 ; 非都市編定：甲種建築用地,12,1,持分移轉,13080013
RPPNMLTKJHIGFDK58CB,大同段,60.84,都市：住,1,1,全筆移轉,09390003
RPPNMLTKJHIGFDK58CB,大同段,17.46,都市：住,100000,4321,持分移轉,09390022
RPRNMLTKJHIGFDK78CB,大同段,19.48,都市：住,1000,108,持分移轉,08900001
RPRNMLTKJHIGFDK78CB,大同段,71.51,都市：住,1,1,全筆移轉,08900019
RPSNMLTKJHIGFDK88CB,淡文湖段,103.00,非都市：特定農業區 ; 非都市編定：甲種建築用地,1,1,全筆移轉,13080004
RPSNMLTKJHIGFDK88CB,淡文湖段,24.00,非都市：特定農業區 ; 非都市編定：甲種建築用地,12,1,持分移轉,13080013
RPPNMLLLJHIGFCK87DB,鎮安段,97.04,非都市：特定農業區 ; 非都市編定：甲種建築用地,1,1,全筆移轉,00080017
RPQNMLKMJHIGFBK77CB,麻齊寮段,28.63,都市：住,10000,301,持分移轉,04390024
RPPNMLKMJHIGFBK67CB,麻齊寮段,46.79,都市：住,10000,492,持分移轉,04390024
RPTNMLKMJHIGFBK08CB,麻齊寮段,46.41,都市：住,10000,488,持分移轉,04390024
RPUNMLKMJHIGFBK18CB,麻齊寮段,28.72,都市：住,10000,302,持分移轉,04390024
RPRNMLKMJHIGFBK87CB,麻齊寮段,37.66,都市：住,10000,396,持分移轉,04390024
RPVNMLKMJHIGFBK28CB,麻齊寮段,28.72,都市：住,10000,302,持分移轉,04390024
RPSNMLKMJHIGFBK97CB,麻齊寮段,46.79,都市：住,10000,492,持分移轉,04390024
RPWNMLKMJHIGFBK38CB,麻齊寮段,28.72,都市：住,10000,302,持分移轉,04390024
RPXNMLKMJHIGFBK48CB,巨蛋段,45.47,都市：住,17,1,持分移轉,06550000
RPXNMLKMJHIGFBK48CB,巨蛋段,4.70,都市：其他:道路用地,17,1,持分移轉,06540000
RPQNMLKMJHIGFDK97CB,公園段,25.50,都市：住,247800,2550,持分移轉,02090000
RPRNMLKMJHIGFDK08CB,公園段,26.57,都市：住,247800,2657,持分移轉,02090000
RPSNMLKMJHIGFDK18CB,公園段,27.48,都市：住,247800,2748,持分移轉,02090000
RPPNMLLMJHIGFFK18CB,八德段,40.92,都市：住,10000,952,持分移轉,03920000
RPTNMLKMJHIGFDK28CB,公園段,25.76,都市：住,247800,2576,持分移轉,02090000
RPPNMLLMJHIGFDK97CB,公園段,27.48,都市：住,247800,2748,持分移轉,02090000
RPPNMLLMJHIGFBK77CB,巨蛋段,38.30,都市：住,100000,1350,持分移轉,15830000
RPPNMLLMJHIGFCK87CB,田中段,33.47,非都市：特定農業區 ; 非都市編定：甲種建築用地,100000,4996,持分移轉,15180000
RPSNMLLMJHIGFCK18CB,文山段,90.12,都市：住,1,1,全筆移轉,01710002
RPRNMLLMJHIGFCK08CB,文山段,85.58,都市：住,1,1,全筆移轉,01710023
RPPNMLLJKHIGFEK87CB,朝西段,42.58,都市：住,10000,362,持分移轉,06940000
RPRNMLLJKHIGFEK08CB,朝西段,39.64,都市：住,10000,337,持分移轉,06940000
RPQNMLLJKHIGFEK97CB,朝西段,39.64,都市：住,10000,337,持分移轉,06940000
RPSNMLLJKHIGFEK18CB,朝西段,39.64,都市：住,10000,337,持分移轉,06940000
RPUNMLLJKHIGFEK38CB,朝西段,39.64,都市：住,10000,337,持分移轉,06940000
RPVNMLLJKHIGFEK48CB,朝西段,42.58,都市：住,10000,362,持分移轉,06940000
RPXNMLLJKHIGFEK68CB,朝西段,42.58,都市：住,10000,362,持分移轉,06940000
RPTNMLLJKHIGFEK28CB,朝西段,42.58,都市：住,10000,362,持分移轉,06940000
RPWNMLLJKHIGFEK58CB,朝西段,42.58,都市：住,10000,362,持分移轉,06940000
RPPOMLLJKHIGFEK97CB,朝西段,39.64,都市：住,10000,337,持分移轉,06940000
RPQOMLLJKHIGFEK08CB,朝西段,39.64,都市：住,10000,337,持分移轉,06940000
RPOOMLLJKHIGFEK87CB,朝西段,42.58,都市：住,10000,362,持分移轉,06940000
RPPNMLLJKHIGFCK77DB,社柑段,92.56,非都市：鄉村區 ; 非都市編定：乙種建築用地,1,1,全筆移轉,05050009
RPPNMLLJKHIGFCK77DB,社柑段,16.47,非都市：特定農業區 ; 非都市編定：甲種建築用地,1,1,全筆移轉,05170003
RPPNMLLJKHIGFCK77DB,社柑段,5.42,非都市：鄉村區 ; 非都市編定：乙種建築用地,20,1,持分移轉,05050005
RPPNMLLJKHIGFCK77DB,社柑段,2.72,非都市：特定農業區 ; 非都市編定：甲種建築用地,20,1,持分移轉,05100000
RPPNMLLJKHIGFCK77DB,社柑段,7.29,非都市：特定農業區 ; 非都市編定：甲種建築用地,20,1,持分移轉,05170002
RPQNMLLJKHIGFCK87DB,社柑段,78.70,非都市：鄉村區 ; 非都市編定：乙種建築用地,1,1,全筆移轉,05050007
RPQNMLLJKHIGFCK87DB,社柑段,14.24,非都市：特定農業區 ; 非都市編定：甲種建築用地,1,1,全筆移轉,05170005
RPQNMLLJKHIGFCK87DB,社柑段,5.42,非都市：鄉村區 ; 非都市編定：乙種建築用地,20,1,持分移轉,05050005
RPQNMLLJKHIGFCK87DB,社柑段,2.72,非都市：特定農業區 ; 非都市編定：甲種建築用地,20,1,持分移轉,05100000
RPQNMLLJKHIGFCK87DB,社柑段,7.29,非都市：特定農業區 ; 非都市編定：甲種建築用地,20,1,持分移轉,05170002
RPRNMLLJKHIGFCK97DB,社柑段,129.48,非都市：鄉村區 ; 非都市編定：乙種建築用地,1,1,全筆移轉,05050003
RPRNMLLJKHIGFCK97DB,社柑段,5.42,非都市：鄉村區 ; 非都市編定：乙種建築用地,20,1,持分移轉,05050005
RPRNMLLJKHIGFCK97DB,社柑段,2.72,非都市：特定農業區 ; 非都市編定：甲種建築用地,20,1,持分移轉,05100000
RPRNMLLJKHIGFCK97DB,社柑段,7.29,非都市：特定農業區 ; 非都市編定：甲種建築用地,20,1,持分移轉,05170002
RPTNMLLJKHIGFCK18DB,社柑段,142.42,非都市：鄉村區 ; 非都市編定：乙種建築用地,1,1,全筆移轉,05050004
RPTNMLLJKHIGFCK18DB,社柑段,5.42,非都市：鄉村區 ; 非都市編定：乙種建築用地,20,1,持分移轉,05050005
RPTNMLLJKHIGFCK18DB,社柑段,2.72,非都市：特定農業區 ; 非都市編定：甲種建築用地,20,1,持分移轉,05100000
RPTNMLLJKHIGFCK18DB,社柑段,7.29,非都市：特定農業區 ; 非都市編定：甲種建築用地,20,1,持分移轉,05170002
RPSNMLLJKHIGFCK08DB,社柑段,74.31,非都市：鄉村區 ; 非都市編定：乙種建築用地,1,1,全筆移轉,05050008
RPSNMLLJKHIGFCK08DB,社柑段,14.06,非都市：特定農業區 ; 非都市編定：甲種建築用地,1,1,全筆移轉,05170004
RPSNMLLJKHIGFCK08DB,社柑段,5.42,非都市：鄉村區 ; 非都市編定：乙種建築用地,20,1,持分移轉,05050005
RPSNMLLJKHIGFCK08DB,社柑段,2.72,非都市：特定農業區 ; 非都市編定：甲種建築用地,20,1,持分移轉,05100000
RPSNMLLJKHIGFCK08DB,社柑段,7.29,非都市：特定農業區 ; 非都市編定：甲種建築用地,20,1,持分移轉,05170002
RPUNMLLJKHIGFCK28DB,社柑段,105.57,非都市：鄉村區 ; 非都市編定：乙種建築用地,1,1,全筆移轉,05050006
RPPNMLLJKHIGFBK57CB,頭屋段二小段,37.69,都市：住,100000,2770,持分移轉,05470000
RPUNMLLJKHIGFCK28DB,社柑段,4.40,非都市：特定農業區 ; 非都市編定：甲種建築用地,1,1,全筆移轉,05170006
RPUNMLLJKHIGFCK28DB,社柑段,5.42,非都市：鄉村區 ; 非都市編定：乙種建築用地,20,1,持分移轉,05050005
RPUNMLLJKHIGFCK28DB,社柑段,2.72,非都市：特定農業區 ; 非都市編定：甲種建築用地,20,1,持分移轉,05100000
RPUNMLLJKHIGFCK28DB,社柑段,7.29,非都市：特定農業區 ; 非都市編定：甲種建築用地,20,1,持分移轉,05170002
RPVNMLLJKHIGFCK38DB,社柑段,154.35,非都市：鄉村區 ; 非都市編定：乙種建築用地,1,1,全筆移轉,05050001
RPVNMLLJKHIGFCK38DB,社柑段,5.42,非都市：鄉村區 ; 非都市編定：乙種建築用地,20,1,持分移轉,05050005
RPVNMLLJKHIGFCK38DB,社柑段,2.72,非都市：特定農業區 ; 非都市編定：甲種建築用地,20,1,持分移轉,05100000
RPVNMLLJKHIGFCK38DB,社柑段,7.29,非都市：特定農業區 ; 非都市編定：甲種建築用地,20,1,持分移轉,05170002
RPRNMLLJKHIGFBK77CB,豐年段,36.66,都市：住,10000,266,持分移轉,16110000
RPPNMLMJKHIGFBK67CB,巨蛋段,49.64,都市：住,100000,1750,持分移轉,15830000
RPQNMLLJKHIGFBK67CB,豐年段,36.66,都市：住,10000,266,持分移轉,16110000
RPQNMLMJKHIGFBK77CB,巨蛋段,40.00,都市：住,100000,1410,持分移轉,15830000
RPQNMLNJKHIGFBK87CB,麻齊寮段,46.41,都市：住,10000,488,持分移轉,04390024
RPPNMLNJKHIGFFK18CB,文化段,.49,都市：住,100000,3403,持分移轉,15020000
RPPNMLNJKHIGFFK18CB,文化段,27.26,都市：住,100000,3403,持分移轉,15030000
RPPNMLNJKHIGFFK18CB,文化段,5.71,都市：住,100000,3403,持分移轉,15150000
RPPNMLNJKHIGFFK18CB,文化段,7.40,都市：住,100000,3403,持分移轉,15160000
RPPNMLPJKHIGFBK08DB,勝利段,19.86,都市：住,10000,569,持分移轉,27470177
RPQNMLQJKHIGFCK28CB,文山段,111.67,都市：住,1,1,全筆移轉,01710028
RPPNMLOJKHIGFDK08CB,龍椅段,47.37,都市：住,1,1,全筆移轉,02260010
RPPNMLOJKHIGFDK08CB,龍椅段,28.85,都市：住,10000,884,持分移轉,02260018
RPPNMLOJKHIGFDK08CB,龍椅段,.41,都市：住,10000,884,持分移轉,02260017
RPPNMLRJKHIGFBK18CB,麻齊寮段,28.63,都市：住,10000,301,持分移轉,04390024
RPRNMLQJKHIGFCK38CB,文山段,143.15,都市：住,1,1,全筆移轉,01710029
RPQNMLRJKHIGFBK28CB,麻齊寮段,28.63,都市：住,10000,301,持分移轉,04390024
RPRNMLRJKHIGFBK38CB,麻齊寮段,28.72,都市：住,10000,302,持分移轉,04390024
RPPNMLRJKHIGFDK38CB,龍鳳西段,37.76,都市：住,100000,3564,持分移轉,09020000
RPQNMLSJKHIGFDK58CB,龍椅段,84.11,都市：住,1,1,全筆移轉,02290005
RPQNMLSJKHIGFDK58CB,龍椅段,12.15,都市：住,100000,8331,持分移轉,02290002
RPQNMLTJKHIGFDK68CB,大同段,68.89,都市：住,1,1,全筆移轉,08190020
RPQNMLTJKHIGFDK68CB,大同段,4.61,都市：住,10000,356,持分移轉,08190027
RPQNMLTJKHIGFDK68CB,大同段,17.71,都市：住,10000,442,持分移轉,08190000
RPPNMLTJKHIGFDK58CB,東平段,22.06,都市：住,1000000,77351,持分移轉,02530000
RPPNMLTJKHIGFDK58CB,東平段,11.01,都市：住,1000000,77351,持分移轉,02540000
RPPNMLTJKHIGFDK58CB,東平段,5.03,都市：住,1000000,77351,持分移轉,02550000
RPPNMLTJKHIGFDK58CB,東平段,1.77,都市：住,1000000,77351,持分移轉,02560000
RPPNMLTJKHIGFDK58CB,東平段,.38,都市：其他:綠地,1000000,77351,持分移轉,02560007
RPPNMLTJKHIGFDK58CB,東平段,5.85,都市：其他:綠地,1,1,全筆移轉,02560002
RPRNMLTJKHIGFDK78CB,大同段,68.16,都市：住,1,1,全筆移轉,08190026
RPRNMLTJKHIGFDK78CB,大同段,4.61,都市：住,10000,356,持分移轉,08190027
RPRNMLTJKHIGFDK78CB,大同段,17.71,都市：住,10000,442,持分移轉,08190000
RPPNMLTJKHIGFEK68CB,朝西段,42.58,都市：住,10000,362,持分移轉,06940000
RPQNMLTJKHIGFEK78CB,朝西段,39.64,都市：住,10000,337,持分移轉,06940000
RPRNMLTJKHIGFEK88CB,朝西段,34.94,都市：住,10000,297,持分移轉,06940000
RPSNMLTJKHIGFEK98CB,朝西段,34.94,都市：住,10000,297,持分移轉,06940000
RPTNMLTKJHIGFDK98CB,仁德段,19.97,都市：住,10000,65,持分移轉,05190000
RPTNMLTJKHIGFEK09CB,朝西段,34.94,都市：住,10000,297,持分移轉,06940000
RPUNMLTJKHIGFEK56CB,朝西段,42.58,都市：住,10000,362,持分移轉,06940000
RPVNMLTJKHIGFEK66CB,朝西段,34.94,都市：住,10000,297,持分移轉,06940000
RPWNMLTJKHIGFEK76CB,朝西段,34.94,都市：住,10000,297,持分移轉,06940000
RPXNMLTJKHIGFEK86CB,朝西段,34.94,都市：住,10000,297,持分移轉,06940000
RPOOMLTJKHIGFEK68CB,朝西段,34.94,都市：住,10000,297,持分移轉,06940000
RPPOMLTJKHIGFEK78CB,朝西段,29.88,都市：住,10000,254,持分移轉,06940000
RPPNMLOKKHIGFDK28DB,龍椅段,32.88,都市：住,100000,3917,持分移轉,03720000
RPQNMLOKKHIGFDK38DB,龍椅段,27.08,都市：住,100000,3226,持分移轉,03720000
RPRNMLOKKHIGFDK48DB,龍椅段,31.85,都市：住,100000,3794,持分移轉,03720000
RPSNMLOKKHIGFDK58DB,龍椅段,31.70,都市：住,100000,3776,持分移轉,03720000
RPTNMLOKKHIGFDK68DB,龍椅段,27.08,都市：住,100000,3226,持分移轉,03720000
RPTNMLOKKHIGFBK38CB,豐年段,36.66,都市：住,10000,266,持分移轉,16110000
RPRNMLOKKHIGFBK18CB,豐年段,36.66,都市：住,10000,266,持分移轉,16110000
RPUNMLOKKHIGFBK48CB,豐年段,34.73,都市：住,10000,252,持分移轉,16110000
RPQNMLOKKHIGFFK48CB,仁愛段,23.94,都市：住,10000,20,持分移轉,00360000
RPPNMLOKKHIGFFK38CB,仁愛段,19.15,都市：住,10000,16,持分移轉,00360000
RPTNMLOKKHIGFFK78CB,義民段,17.34,都市：住,10000,197,持分移轉,03350000
RPUNMLOKKHIGFFK88CB,義民段,16.11,都市：住,10000,183,持分移轉,03350000
RPVNMLOKKHIGFFK98CB,義民段,17.34,都市：住,10000,197,持分移轉,03350000
RPWNMLOKKHIGFFK09CB,義民段,16.38,都市：住,10000,186,持分移轉,03350000
RPOOMLOKKHIGFFK38CB,義民段,17.17,都市：住,10000,195,持分移轉,03350000
RPROMLOKKHIGFFK68CB,義民段,17.17,都市：住,10000,195,持分移轉,03350000
RPQOMLOKKHIGFFK58CB,義民段,16.38,都市：住,10000,186,持分移轉,03350000
RPTOMLOKKHIGFFK88CB,義民段,16.38,都市：住,10000,186,持分移轉,03350000
RPSOMLOKKHIGFFK78CB,義民段,16.11,都市：住,10000,183,持分移轉,03350000
RPUOMLOKKHIGFFK98CB,義民段,17.17,都市：住,10000,195,持分移轉,03350000
RPWOMLOKKHIGFFK56CB,義民段,16.38,都市：住,10000,186,持分移轉,03350000
RPOPMLOKKHIGFFK48CB,義民段,8.54,都市：住,10000,97,持分移轉,03350000
RPXNMLOKKHIGFFK56CB,義民段,8.54,都市：住,10000,97,持分移轉,03350000
RPXOMLOKKHIGFFK66CB,義民段,17.26,都市：住,10000,196,持分移轉,03350000
RPQPMLOKKHIGFFK68CB,義民段,17.17,都市：住,10000,195,持分移轉,03350000
RPVOMLOKKHIGFFK09CB,義民段,17.17,都市：住,10000,195,持分移轉,03350000
RPPPMLOKKHIGFFK58CB,義民段,8.63,都市：住,10000,98,持分移轉,03350000
RPSPMLOKKHIGFFK88CB,義民段,17.17,都市：住,10000,195,持分移轉,03350000
RPRPMLOKKHIGFFK78CB,義民段,17.17,都市：住,10000,195,持分移轉,03350000
RPTPMLOKKHIGFFK98CB,義民段,17.26,都市：住,10000,196,持分移轉,03350000
RPUPMLOKKHIGFFK09CB,義民段,16.11,都市：住,10000,183,持分移轉,03350000
RPQNMLPKKHIGFDK38CB,龍椅段,84.50,都市：住,1,1,全筆移轉,02290003
RPQNMLPKKHIGFDK38CB,龍椅段,12.25,都市：住,100000,8399,持分移轉,02290002
RPVPMLOKKHIGFFK56CB,義民段,16.38,都市：住,10000,186,持分移轉,03350000
RPQOMLPKKHIGFDK48CB,龍椅段,83.69,都市：住,1,1,全筆移轉,02290004
RPQOMLPKKHIGFDK48CB,龍椅段,12.06,都市：住,100000,8266,持分移轉,02290002
RPOOMLPKKHIGFDK28CB,龍椅段,83.90,都市：住,1,1,全筆移轉,02290013
RPOOMLPKKHIGFDK28CB,龍椅段,12.08,都市：住,100000,8279,持分移轉,02290002
RPROMLPKKHIGFDK58CB,龍椅段,75.24,都市：住,1,1,全筆移轉,02290023
RPROMLPKKHIGFDK58CB,龍椅段,18.32,都市：住,100000,3990,持分移轉,02290000
RPPNMLPKKHIGFBK08CB,麻齊寮段,28.63,都市：住,10000,301,持分移轉,04390024
RPRNMLPKKHIGFBK28CB,麻齊寮段,37.85,都市：住,10000,398,持分移轉,04390024
RPPNMLSKKHIGFFK78CB,光華段,17.99,都市：商,100000,838,持分移轉,12710000
RPQNMLPKKHIGFBK18CB,麻齊寮段,37.85,都市：住,10000,398,持分移轉,04390024
RPPNMLRKKHIGFDK48CB,大同段,58.00,都市：住,1,1,全筆移轉,14130014
RPPNMLRKKHIGFDK48CB,大同段,.41,都市：住,1000000,90135,持分移轉,14130022
RPPNMLRKKHIGFDK48CB,大同段,21.03,都市：住,1000000,170300,持分移轉,14130001
RPQNMLSKKHIGFFK88CB,民族段,44.47,都市：住,100000,4723,持分移轉,10420000
RPQNMLKLKHIGFBK77CB,文山段,32.20,都市：住,10000,527,持分移轉,07810000
RPQNMLKLKHIGFBK77CB,文山段,.58,非都市：山坡地保育區 ; 非都市編定：丙種建築用地,10000,527,持分移轉,07810003
RPSNMLSKKHIGFFK09CB,民族段,45.86,都市：住,100000,4871,持分移轉,10420000
RPPNMLKLKHIGFBK67CB,文山段,44.11,都市：住,10000,722,持分移轉,07810000
RPPNMLKLKHIGFBK67CB,文山段,.79,非都市：山坡地保育區 ; 非都市編定：丙種建築用地,10000,722,持分移轉,07810003
RPPNMLNLKHIGFFK38CB,尖下段,59.29,非都市：山坡地保育區 ; 非都市編定：丙種建築用地,10000,97,持分移轉,09280000
RPPNMLNLKHIGFFK38CB,尖下段,10.06,非都市：山坡地保育區 ; 非都市編定：丙種建築用地,100000,1025,持分移轉,09280004
RPPNMLNLKHIGFFK38CB,尖下段,24.97,非都市：山坡地保育區 ; 非都市編定：丙種建築用地,10000,97,持分移轉,09280005
RPQNMLNLKHIGFFK48CB,尖下段,56.24,非都市：山坡地保育區 ; 非都市編定：丙種建築用地,10000,92,持分移轉,09280000
RPQNMLNLKHIGFFK48CB,尖下段,10.06,非都市：山坡地保育區 ; 非都市編定：丙種建築用地,100000,1025,持分移轉,09280004
RPQNMLNLKHIGFFK48CB,尖下段,23.68,非都市：山坡地保育區 ; 非都市編定：丙種建築用地,10000,92,持分移轉,09280005
RPQNMLLJLHIGFDK97CB,大同段,84.50,都市：住,1,1,全筆移轉,08010022
RPQNMLLJLHIGFDK97CB,大同段,.98,都市：住,10000,6,持分移轉,08010000
RPRNMLNJLHIGFDK28CB,龍富段,72.91,都市：住,1,1,全筆移轉,04960006
RPRNMLNJLHIGFDK28CB,龍富段,6.19,都市：住,1,1,全筆移轉,04960007
RPRNMLNJLHIGFDK28CB,龍富段,17.25,都市：住,1,1,全筆移轉,04960008
RPQNMLKLLHIGFFK28CB,下興段,103.82,非都市：山坡地保育區 ; 非都市編定：丙種建築用地,1,1,全筆移轉,07620015
RPQNMLKLLHIGFFK28CB,下興段,37.54,非都市：山坡地保育區 ; 非都市編定：丙種建築用地,19,1,持分移轉,07620019
RPQNMLRJLHIGFDK58CB,公園段,25.76,都市：住,247800,2576,持分移轉,02090000
RPPNMLNLLHIGFFK48CB,中華段,22.15,都市：住,10000,1204,持分移轉,03200000
RPPNMLNLLHIGFFK48CB,中華段,17.74,都市：住,10000,1204,持分移轉,03500000
