﻿鄉鎮市區,交易標的,土地位置建物門牌,土地移轉總面積平方公尺,都市土地使用分區,非都市土地使用分區,非都市土地使用編定,交易年月日,交易筆棟數,移轉層次,總樓層數,建物型態,主要用途,主要建材,建築完成年月,建物移轉總面積平方公尺,建物現況格局-房,建物現況格局-廳,建物現況格局-衛,建物現況格局-隔間,有無管理組織,總價元,單價元平方公尺,車位類別,車位移轉總面積平方公尺,車位總價元,備註,編號,建案名稱,棟及號
The villages and towns urban district,transaction sign,land sector position building sector house number plate,land shifting total area square meter,the use zoning or compiles and checks,the non-metropolis land use district,non-metropolis land use,transaction year month and day,transaction pen number,shifting level,total floor number,building state,main use,main building materials,construction to complete the years,building shifting total area,Building present situation pattern - room,building present situation pattern - hall,building present situation pattern - health,building present situation pattern - compartmented,Whether there is manages the organization,total price NTD,the unit price (NTD / square meter),the berth category,berth shifting total area square meter,the berth total price NTD,the note,serial number,build case,buildings
南投市,房地(土地+建物)+車位,南投縣南投市光明南路,21.33,住,,,1111118,土地1建物1車位1,三層,13,住宅大樓(11層含以上有電梯),住家用,鋼筋混凝土造,,128.45,3,1,2,有,無,9000000,75490,坡道平面,26.45,1300000,,RPPNMLMLJIHGFAM87CB,三銳世紀,F棟2號
竹山鎮,房地(土地+建物),南投縣竹山鎮東鄉路11巷7號,90.26,住,,,1111122,土地2建物1車位0,全,3,透天厝,住家用,鋼筋混凝土造,,178.1,4,0,5,有,無,7600000,42673,,0.0,0,,RPPNMLMLJIHGFDM18CB,東興雅居,E棟0號
南投市,房地(土地+建物),南投縣南投市南新路192巷,196.3,住,,,1111123,土地2建物1車位0,全,3,透天厝,住家用,鋼筋混凝土造,,252.49,4,3,5,有,無,27450000,108717,,0.0,0,,RPSNMLPLJIHGFAM48CB,新月賦2,B棟1號
草屯鎮,房地(土地+建物),南投縣草屯鎮加老路,31.11,,鄉村區,乙種建築用地,1111113,土地2建物1車位0,二層,5,華廈(10層含以下有電梯),住家用,鋼筋混凝土造,,89.62,2,2,2,有,無,5580000,62263,,0.0,0,,RPPNMLSLJIHGFBM58CB,沐川,A棟1號
南投市,房地(土地+建物),南投縣南投市振興巷,42.77,住,,,1111125,土地1建物1車位0,二層,5,華廈(10層含以下有電梯),住家用,鋼筋混凝土造,,96.41,2,2,2,有,無,6380000,66176,,0.0,0,,RPQNMLTLJIHGFAM68CB,知寓,G棟2號
南投市,房地(土地+建物),南投縣南投市振興巷,54.21,住,,,1111127,土地1建物1車位0,五層,5,華廈(10層含以下有電梯),住家用,鋼筋混凝土造,,122.24,3,2,2,有,無,9000000,73626,,0.0,0,,RPRNMLTLJIHGFAM78CB,知寓,A棟5號
草屯鎮,房地(土地+建物)+車位,南投縣草屯鎮草溪路,19.65,,鄉村區,乙種建築用地,1111117,土地1建物1車位1,四層,11,住宅大樓(11層含以上有電梯),住家用,鋼筋混凝土造,,114.7,2,1,1,有,無,6690000,70980,坡道平面,36.65,1150000,,RPPNMLTLJIHGFBM78DB,嘉冠青漾,D棟4號
南投市,房地(土地+建物)+車位,南投縣南投市彰南路一段,36.87,住,,,1111125,土地2建物1車位1,十一層,15,住宅大樓(11層含以上有電梯),住家用,鋼筋混凝土造,,161.12,3,2,2,有,無,11810000,79549,坡道平面,29.0,1300000,,RPPNMLKMJIHGFAM87DB,寬心一品苑,D棟11號
埔里鎮,房地(土地+建物)+車位,南投縣埔里鎮朝陽街,26.16,住,,,1111117,土地1建物1車位1,五層,5,華廈(10層含以下有電梯),住家用,鋼筋混凝土造,,90.61,3,2,2,有,無,6500000,71559,一樓平面,13.75,1000000,,RPPNMLPJKIHGFCM38DB,喬富易居,E棟5號
南投市,房地(土地+建物),南投縣南投市振興巷,44.5,住,,,1111205,土地1建物1車位0,二層,5,華廈(10層含以下有電梯),住家用,鋼筋混凝土造,,100.33,2,2,2,有,無,6500000,64786,,0.0,0,,RPPNMLRJKIHGFAM28CB,知寓,F棟2號
南投市,房地(土地+建物)+車位,南投縣南投市文化路707巷,26.62,住,,,1111203,土地6建物1車位1,五層,7,華廈(10層含以下有電梯),住家用,鋼筋混凝土造,,110.29,2,2,2,有,無,6820000,71832,坡道平面,30.66,1100000,,RPQNMLRJKIHGFAM38CB,英倫天琴,C3棟5F號
南投市,房地(土地+建物)+車位,南投縣南投市文化路707巷,32.31,住,,,1111203,土地6建物1車位1,四層,7,華廈(10層含以下有電梯),住家用,鋼筋混凝土造,,127.28,3,2,2,有,無,8000000,71414,坡道平面,30.66,1100000,,RPRNMLRJKIHGFAM48CB,英倫天琴,A2棟4F號
南投市,房地(土地+建物)+車位,南投縣南投市文化路707巷,38.81,住,,,1111204,土地6建物1車位1,六層,7,華廈(10層含以下有電梯),住家用,鋼筋混凝土造,,146.7,3,2,2,有,無,9620000,73423,坡道平面,30.66,1100000,,RPSNMLRJKIHGFAM58CB,英倫天琴,E1棟6F號
名間鄉,房地(土地+建物),南投縣名間鄉董門巷,82.81,住,,,1111125,土地3建物1車位0,全,3,透天厝,住家用,鋼筋混凝土造,,152.81,4,2,3,有,無,9800000,64132,,0.0,0,,RPPNMLSJKIHGFAM48DB,世紀莊園,C棟16號
埔里鎮,房地(土地+建物)+車位,南投縣埔里鎮北平街,24.15,商,,,1111205,土地1建物1車位1,十層,14,住宅大樓(11層含以上有電梯),住家用,鋼筋混凝土造,,168.02,4,2,2,有,無,13350000,84254,坡道平面,25.0,1300000,,RPPNMLSJKIHGFCM68DB,寬心璽玥,A棟10號
南投市,房地(土地+建物)+車位,南投縣南投市光明南路,21.33,住,,,1111210,土地1建物1車位1,五層,13,住宅大樓(11層含以上有電梯),住家用,鋼筋混凝土造,,128.45,3,1,2,有,無,9530000,79706,坡道平面,26.45,1400000,,RPPNMLPKKIHGFAM18CB,三銳世紀,G棟5號
竹山鎮,房地(土地+建物),南投縣竹山鎮東鄉路11巷5號,92.25,住,,,1111210,土地2建物1車位0,全,3,透天厝,住家用,鋼筋混凝土造,,178.1,4,0,5,有,無,7600000,42673,,0.0,0,,RPPNMLQKKIHGFDM58CB,東興雅居,D棟0號
埔里鎮,房地(土地+建物)+車位,南投縣埔里鎮英六街,33.35,住,,,1111120,土地1建物1車位1,三層,5,華廈(10層含以下有電梯),住家用,鋼筋混凝土造,,103.7,3,2,2,有,無,7950000,75233,一樓平面,12.65,1100000,,RPPNMLTKKIHGFCM88DB,遇見幸福,B2棟3號
埔里鎮,房地(土地+建物)+車位,南投縣埔里鎮英六街,22.13,住,,,1111201,土地1建物1車位1,五層,5,華廈(10層含以下有電梯),住家用,鋼筋混凝土造,,74.67,2,2,1,有,無,5580000,73847,一樓平面,12.65,1000000,,RPQNMLTKKIHGFCM98DB,遇見幸福,D1棟5號
南投市,房地(土地+建物),南投縣南投市彰南路三段1161巷,29.98,住,,,1111127,土地3建物1車位0,七層,7,華廈(10層含以下有電梯),見其他登記事項,鋼筋混凝土造,,81.9,2,2,2,有,無,4800000,58608,,0.0,0,,RPPNMLKLKIHGFAM77CB,萬景山河,B棟B7號
南投市,房地(土地+建物)+車位,南投縣南投市彰南路三段1161巷,31.77,住,,,1111201,土地3建物1車位1,六層,7,華廈(10層含以下有電梯),見其他登記事項,鋼筋混凝土造,,86.85,2,2,2,有,無,6100000,84561,坡道平面,27.13,1050000,,RPQNMLKLKIHGFAM87CB,萬景山河,B棟B6號
草屯鎮,房地(土地+建物)+車位,南投縣草屯鎮草溪路,27.74,,鄉村區,乙種建築用地,1111209,土地1建物1車位1,十層,11,住宅大樓(11層含以上有電梯),住家用,鋼筋混凝土造,,146.98,3,2,2,有,無,10100000,81120,坡道平面,36.65,1150000,,RPPNMLLLKIHGFBM08DB,嘉冠青漾,A棟10號
草屯鎮,房地(土地+建物)+車位,南投縣草屯鎮草溪路,19.65,,鄉村區,乙種建築用地,1111208,土地1建物1車位1,十層,11,住宅大樓(11層含以上有電梯),住家用,鋼筋混凝土造,,114.92,2,1,1,有,無,7530000,80235,坡道平面,36.65,1250000,,RPQNMLLLKIHGFBM18DB,嘉冠青漾,B棟10號
草屯鎮,房地(土地+建物)+車位,南投縣草屯鎮草溪路,17.34,,鄉村區,乙種建築用地,1111211,土地1建物1車位1,三層,11,住宅大樓(11層含以上有電梯),住家用,鋼筋混凝土造,,104.73,2,1,1,有,無,6160000,73590,坡道平面,36.65,1150000,,RPRNMLLLKIHGFBM28DB,嘉冠青漾,C棟3號
草屯鎮,房地(土地+建物)+車位,南投縣草屯鎮草溪路,17.34,,鄉村區,乙種建築用地,1111211,土地1建物1車位1,四層,11,住宅大樓(11層含以上有電梯),住家用,鋼筋混凝土造,,104.73,2,1,1,有,無,6160000,73590,坡道平面,36.65,1150000,,RPSNMLLLKIHGFBM38DB,嘉冠青漾,C棟4號
草屯鎮,房地(土地+建物)+車位,南投縣草屯鎮草溪路,17.34,,鄉村區,乙種建築用地,1111211,土地1建物1車位1,四層,11,住宅大樓(11層含以上有電梯),住家用,鋼筋混凝土造,,104.73,2,1,1,有,無,6360000,76528,坡道平面,36.65,1150000,,RPTNMLLLKIHGFBM48DB,嘉冠青漾,C棟5號
草屯鎮,房地(土地+建物)+車位,南投縣草屯鎮草溪路,17.34,,鄉村區,乙種建築用地,1111211,土地1建物1車位1,七層,11,住宅大樓(11層含以上有電梯),住家用,鋼筋混凝土造,,104.73,2,1,1,有,無,6670000,81081,坡道平面,36.65,1150000,,RPUNMLLLKIHGFBM58DB,嘉冠青漾,C棟7號
草屯鎮,房地(土地+建物)+車位,南投縣草屯鎮草溪路,19.65,,鄉村區,乙種建築用地,1111209,土地1建物1車位1,七層,11,住宅大樓(11層含以上有電梯),住家用,鋼筋混凝土造,,114.7,2,1,1,有,無,7400000,78796,坡道平面,36.65,1250000,,RPVNMLLLKIHGFBM68DB,嘉冠青漾,D棟7號
草屯鎮,房地(土地+建物)+車位,南投縣草屯鎮草溪路,27.74,,鄉村區,乙種建築用地,1111204,土地1建物1車位1,三層,11,住宅大樓(11層含以上有電梯),住家用,鋼筋混凝土造,,146.82,3,2,2,有,無,9190000,72070,坡道平面,36.65,1250000,,RPWNMLLLKIHGFBM78DB,嘉冠青漾,E棟3號
南投市,房地(土地+建物)+車位,南投縣南投市彰南路三段1161巷,29.98,住,,,1111209,土地3建物1車位1,五層,7,華廈(10層含以下有電梯),見其他登記事項,鋼筋混凝土造,,109.03,2,2,2,有,無,5780000,57753,坡道平面,27.13,1050000,,RPPNMLMLKIHGFAM97CB,萬景山河,B棟B8號
南投市,房地(土地+建物),南投縣南投市彰南路三段1161巷,29.98,住,,,1111210,土地3建物1車位0,三層,7,華廈(10層含以下有電梯),見其他登記事項,鋼筋混凝土造,,81.9,2,2,2,有,無,4700000,57387,,0.0,0,,RPQNMLMLKIHGFAM08CB,萬景山河,B棟B7號
南投市,房地(土地+建物),南投縣南投市文化路707巷,147.82,住,,,1111221,土地5建物1車位0,全,3,透天厝,見其他登記事項,鋼筋混凝土造,,161.3,4,2,3,有,無,12320000,76379,,0.0,0,,RPPNMLNLKIHGFAM08CB,文化一綻,B棟30號
竹山鎮,房地(土地+建物),南投縣竹山鎮集山路一段,31.42,,鄉村區,乙種建築用地,1111218,土地3建物1車位0,二層,7,華廈(10層含以下有電梯),住家用,鋼筋混凝土造,,82.96,2,2,2,有,無,4600000,55448,,0.0,0,,RPPNMLNLKIHGFDM48DB,幸福紫南,E棟2號
南投市,房地(土地+建物)+車位,南投縣南投市營盤路190巷19弄,33.76,,鄉村區,乙種建築用地,1111216,土地2建物1車位1,五層,5,華廈(10層含以下有電梯),住家用,鋼筋混凝土造,,123.39,3,1,2,有,無,7630000,59292,一樓平面,11.57,1000000,,RPPNMLQLKIHGFAM38CB,鑫大順建設—幸福中興,A棟1號
南投市,房地(土地+建物),南投縣南投市彰南路三段1127巷,43.86,住,,,1111216,土地8建物1車位0,二層,5,華廈(10層含以下有電梯),住家用,鋼筋混凝土造,,117.33,3,2,2,有,無,5800000,49433,,0.0,0,,RPPNMLRLKIHGFAM58DB,三十而立,A棟2號
南投市,房地(土地+建物),南投縣南投市彰南路三段1127巷,43.57,住,,,1111205,土地8建物1車位0,二層,5,華廈(10層含以下有電梯),住家用,鋼筋混凝土造,,116.54,3,2,2,有,無,6500000,55775,,0.0,0,,RPQNMLRLKIHGFAM68DB,三十而立,C棟2號
南投市,房地(土地+建物),南投縣南投市彰南路三段1127巷,43.86,住,,,1111206,土地8建物1車位0,三層,5,華廈(10層含以下有電梯),住家用,鋼筋混凝土造,,117.33,3,2,2,有,無,6500000,55399,,0.0,0,,RPRNMLRLKIHGFAM78DB,三十而立,B棟3號
南投市,房地(土地+建物),南投縣南投市彰南路三段1127巷,43.86,住,,,1111205,土地8建物1車位0,三層,5,華廈(10層含以下有電梯),住家用,鋼筋混凝土造,,117.33,3,2,2,有,無,6600000,56252,,0.0,0,,RPPNMLSLKIHGFAM68DB,三十而立,C棟3號
鹿谷鄉,房地(土地+建物)+車位,南投縣鹿谷鄉中寮路八德街口,13.33,住,,,1111217,土地1建物1車位1,三層,5,華廈(10層含以下有電梯),住家用,鋼筋混凝土造,,47.49,1,0,1,有,無,4250000,91498,一樓平面,11.97,1000000,,RPPNMLSLKIHGFDM88CB,逸境,3樓棟A號
鹿谷鄉,房地(土地+建物)+車位,南投縣鹿谷鄉中寮路八德街口,13.45,住,,,1111217,土地1建物1車位1,三層,5,華廈(10層含以下有電梯),住家用,鋼筋混凝土造,,49.64,1,0,1,有,無,4180000,100000,一樓平面,13.84,600000,,RPQNMLSLKIHGFDM98CB,逸境,3樓棟D號
南投市,房地(土地+建物)+車位,南投縣南投市營盤路190巷19弄,32.36,,鄉村區,乙種建築用地,1111221,土地2建物1車位1,三層,5,華廈(10層含以下有電梯),住家用,鋼筋混凝土造,,118.63,3,1,2,有,無,7070000,56697,一樓平面,11.57,1000000,,RPPNMLTLKIHGFAM68CB,鑫大順建設—幸福中興,A棟3號
南投市,房地(土地+建物)+車位,南投縣南投市文化路707巷,26.62,住,,,1111208,土地6建物1車位1,一層,7,華廈(10層含以下有電梯),住家用,鋼筋混凝土造,,110.29,2,2,2,有,無,7530000,79493,坡道平面,30.66,1200000,,RPPNMLNJJHIGFAM77CB,英倫天琴,C2棟1F號
南投市,房地(土地+建物)+車位,南投縣南投市文化路707巷,38.81,住,,,1111208,土地6建物1車位1,三層,7,華廈(10層含以下有電梯),住家用,鋼筋混凝土造,,146.7,3,2,2,有,無,9150000,69373,坡道平面,30.66,1100000,,RPQNMLNJJHIGFAM87CB,英倫天琴,E1棟3F號
名間鄉,房地(土地+建物),南投縣名間鄉董門巷,83.83,住,,,1111211,土地3建物1車位0,全,3,透天厝,住家用,鋼筋混凝土造,,153.51,4,2,3,有,無,9830000,64035,,0.0,0,,RPPNMLNJJHIGFAM87DB,世紀莊園,C棟7號
南投市,房地(土地+建物),南投縣南投市同源路,89.82,,工業區,丁種建築用地,1111218,土地2建物1車位0,全,3,透天厝,住家用,鋼筋混凝土造,,188.13,4,2,3,有,無,10000000,53155,,0.0,0,,RPQNMLNJJHIGFAM97DB,薪享墅城,C棟13號
草屯鎮,房地(土地+建物)+車位,南投縣草屯鎮北投路,27.74,,鄉村區,乙種建築用地,1111205,土地1建物1車位1,九層,12,住宅大樓(11層含以上有電梯),住家用,鋼筋混凝土造,,141.95,3,2,2,有,無,9450000,77656,坡道平面,37.0,1300000,,RPPNMLOJJHIGFBM08DB,群合iDo,E棟9號
草屯鎮,房地(土地+建物)+車位,南投縣草屯鎮北投路,19.58,,鄉村區,乙種建築用地,1111215,土地1建物1車位1,二層,12,住宅大樓(11層含以上有電梯),住家用,鋼筋混凝土造,,113.61,2,2,1,有,無,5900000,62655,坡道平面,37.0,1100000,,RPQNMLOJJHIGFBM18DB,群合iDo,B棟2號
南投市,房地(土地+建物),南投縣南投市文化南路,99.0,住,,,1111221,土地1建物1車位0,全,4,透天厝,住家用,鋼筋混凝土造,,187.7,6,2,3,有,無,16080000,85669,,0.0,0,,RPPNMLQJJHIGFAM08CB,聯翔．恆詠,C棟1號
南投市,房地(土地+建物),南投縣南投市文化南路,84.0,住,,,1111231,土地1建物1車位0,全,4,透天厝,住家用,鋼筋混凝土造,,180.5,5,2,3,有,無,15080000,83546,,0.0,0,,RPQNMLQJJHIGFAM18CB,聯翔．恆詠,B棟2號
南投市,房地(土地+建物),南投縣南投市光明南路,21.09,住,,,1120105,土地1建物1車位0,二層,13,住宅大樓(11層含以上有電梯),住家用,鋼筋混凝土造,,100.77,3,1,2,有,無,7480000,74228,,0.0,0,,RPPNMLTJJHIGFAM38CB,三銳世紀,F棟6號
南投市,房地(土地+建物),南投縣南投市振興巷,44.5,住,,,1120108,土地1建物1車位0,三層,5,華廈(10層含以下有電梯),住家用,鋼筋混凝土造,,100.33,2,2,2,有,無,6680000,66580,,0.0,0,,RPRNMLKKJHIGFAM77CB,知寓,F棟3號
埔里鎮,房地(土地+建物)+車位,南投縣埔里鎮英六街,22.6,住,,,1120107,土地1建物1車位1,五層,5,華廈(10層含以下有電梯),住家用,鋼筋混凝土造,,78.06,2,2,1,有,無,5900000,74912,一樓平面,12.65,1000000,,RPPNMLKKJHIGFCM87DB,遇見幸福,C2棟5號
草屯鎮,房地(土地+建物),南投縣草屯鎮加老路,31.11,,鄉村區,乙種建築用地,1120104,土地2建物1車位0,五層,5,華廈(10層含以下有電梯),住家用,鋼筋混凝土造,,89.62,2,2,2,有,無,6070000,67730,,0.0,0,,RPPNMLLKJHIGFBM77CB,沐川,A棟1號
草屯鎮,房地(土地+建物)+車位,南投縣草屯鎮草溪路,27.74,,鄉村區,乙種建築用地,1111216,土地1建物1車位1,四層,11,住宅大樓(11層含以上有電梯),住家用,鋼筋混凝土造,,146.82,3,2,2,有,無,9450000,74430,坡道平面,36.65,1250000,,RPPNMLOKJHIGFBM18DB,嘉冠青漾,E棟4號
南投市,房地(土地+建物)+車位,南投縣南投市彰南路一段,49.36,住,,,1120103,土地2建物1車位2,六層,15,住宅大樓(11層含以上有電梯),住家用,鋼筋混凝土造,,234.81,4,2,2,有,無,15030000,72564,坡道平面,58.0,2200000,,RPPNMLQKJHIGFAM28DB,寬心一品苑,A棟6號
南投市,房地(土地+建物)+車位,南投縣南投市文化路707巷,25.57,住,,,1111229,土地6建物1車位1,七層,7,華廈(10層含以下有電梯),住家用,鋼筋混凝土造,,107.1,2,2,1,有,無,7180000,78231,坡道平面,30.66,1200000,,RPRNMLQKJHIGFAM38CB,英倫天琴,D3棟7F號
南投市,房地(土地+建物)+車位,南投縣南投市彰南路三段1161巷,31.77,住,,,1120107,土地3建物1車位1,五層,7,華廈(10層含以下有電梯),見其他登記事項,鋼筋混凝土造,,113.98,2,2,2,有,無,6090000,58031,坡道平面,27.13,1050000,,RPPNMLRKJHIGFAM28CB,萬景山河,B棟B6號
南投市,房地(土地+建物)+車位,南投縣南投市彰南路三段1161巷,29.98,住,,,1120109,土地3建物1車位1,六層,7,華廈(10層含以下有電梯),見其他登記事項,鋼筋混凝土造,,109.03,2,2,2,有,無,5820000,58242,坡道平面,27.13,1050000,,RPQNMLRKJHIGFAM38CB,萬景山河,B棟B3號
草屯鎮,房地(土地+建物)+車位,南投縣草屯鎮坪腳巷,34.6,,鄉村區,乙種建築用地,1111231,土地7建物1車位1,三層,12,住宅大樓(11層含以上有電梯),住家用,鋼筋混凝土造,,154.59,3,2,2,有,無,7750000,53427,一樓平面,30.12,1100000,,RPQNMLRKJHIGFBM48CB,廣宣成家 N03-樂高,E3棟0號
草屯鎮,房地(土地+建物)+車位,南投縣草屯鎮博愛路,29.52,住,,,1120112,土地1建物1車位1,十三層,15,住宅大樓(11層含以上有電梯),住家用,鋼筋混凝土造,,156.45,3,2,2,有,無,12000000,86614,坡道平面,35.8,1550000,,RPPNMLSKJHIGFBM48CB,富宇博愛苑,A棟3號
草屯鎮,房地(土地+建物)+車位,南投縣草屯鎮博愛路,29.52,住,,,1120114,土地1建物1車位1,四層,15,住宅大樓(11層含以上有電梯),住家用,鋼筋混凝土造,,156.5,3,2,2,有,無,10800000,77465,坡道平面,35.8,1450000,,RPQNMLSKJHIGFBM58CB,富宇博愛苑,B棟3號
草屯鎮,房地(土地+建物),南投縣草屯鎮登輝路,44.31,住,,,1120104,土地1建物1車位0,五層,5,公寓(5樓含以下無電梯),住家用,鋼筋混凝土造,,109.42,3,2,2,有,無,9230000,84354,,0.0,0,,RPSNMLSKJHIGFBM78CB,大名人光輝(大樓),H棟3號
草屯鎮,房地(土地+建物),南投縣草屯鎮登輝路,41.78,住,,,1111224,土地1建物1車位0,五層,5,公寓(5樓含以下無電梯),住家用,鋼筋混凝土造,,103.17,3,2,2,有,無,8730000,84618,,0.0,0,,RPTNMLSKJHIGFBM88CB,大名人光輝(大樓),D棟3號
草屯鎮,房地(土地+建物),南投縣草屯鎮登輝路與御富路口,79.64,住,,,1111224,土地1建物1車位0,全,3,透天厝,住家用,鋼筋混凝土造,,164.62,4,3,3,有,無,14880000,90390,,0.0,0,,RPWNMLSKJHIGFBM56CB,大名人光輝(透天),I棟5號
草屯鎮,房地(土地+建物),南投縣草屯鎮登輝路與御富路口,96.84,住,,,1120102,土地1建物1車位0,全,3,透天厝,住家用,鋼筋混凝土造,,192.68,5,3,5,有,無,16880000,87606,,0.0,0,,RPXNMLSKJHIGFBM66CB,大名人光輝(透天),I棟7號
草屯鎮,房地(土地+建物),南投縣草屯鎮頂園段富德街,117.42,農,,,1120115,土地3建物1車位0,全,3,透天厝,住家用,鋼筋混凝土造,,193.71,4,2,5,有,無,14680000,75783,,0.0,0,,RPPNMLLLJHIGFBM87CB,原森一期,A棟2號
草屯鎮,房地(土地+建物),南投縣草屯鎮頂園段富德街,132.45,農,,,1120114,土地3建物1車位0,全,3,透天厝,住家用,鋼筋混凝土造,,190.16,4,2,5,有,無,15200000,79933,,0.0,0,,RPQNMLLLJHIGFBM97CB,原森一期,A棟6號
鹿谷鄉,房地(土地+建物)+車位,南投縣鹿谷鄉廣興段356地號,23.54,住,,,1120108,土地1建物1車位1,二層,7,華廈(10層含以下有電梯),住家用,鋼筋混凝土造,,99.72,1,2,1,有,無,5200000,65738,一樓平面,35.83,1000000,,RPPNMLKMJHIGFDM18DB,愛上溪頭II,B棟2號
鹿谷鄉,房地(土地+建物),南投縣鹿谷鄉廣興段356地號,30.15,住,,,1120117,土地1建物1車位0,三層,7,華廈(10層含以下有電梯),住家用,鋼筋混凝土造,,82.15,2,2,1,有,無,6000000,73037,,0.0,0,,RPQNMLKMJHIGFDM28DB,愛上溪頭II,A棟3號
鹿谷鄉,房地(土地+建物)+車位,南投縣鹿谷鄉廣興段356地號,30.28,住,,,1120117,土地1建物1車位1,三層,7,華廈(10層含以下有電梯),住家用,鋼筋混凝土造,,118.39,2,2,1,有,無,7000000,72674,坡道平面,35.83,1000000,,RPPNMLLMJHIGFDM28DB,愛上溪頭II,E棟3號
鹿谷鄉,房地(土地+建物)+車位,南投縣鹿谷鄉廣興段356地號,23.67,住,,,1120110,土地1建物1車位1,二層,7,華廈(10層含以下有電梯),住家用,鋼筋混凝土造,,99.87,1,2,1,有,無,5200000,65584,坡道平面,35.83,1000000,,RPQNMLLMJHIGFDM38DB,愛上溪頭II,G棟2號
埔里鎮,房地(土地+建物)+車位,南投縣埔里鎮大同一街,21.62,住,,,1120109,土地2建物1車位1,六層,11,住宅大樓(11層含以上有電梯),住家用,鋼筋混凝土造,,123.57,3,2,2,有,無,8360000,74378,坡道平面,25.96,1100000,,RPPNMLLJKHIGFCM87CB,?園大樓,1棟6E號
埔里鎮,房地(土地+建物)+車位,南投縣埔里鎮大同一街,21.62,住,,,1120115,土地2建物1車位1,三層,11,住宅大樓(11層含以上有電梯),住家用,鋼筋混凝土造,,123.57,3,2,2,有,無,7780000,68436,坡道平面,25.96,1100000,,RPQNMLLJKHIGFCM97CB,?園大樓,1棟3E號
草屯鎮,房地(土地+建物)+車位,南投縣草屯鎮博愛路,22.31,住,,,1120116,土地1建物1車位1,七層,15,住宅大樓(11層含以上有電梯),住家用,鋼筋混凝土造,,126.91,2,2,1,有,無,9420000,87477,坡道平面,35.8,1450000,,RPPNMLLJKHIGFBM77CB,富宇博愛苑,B棟5號
南投市,房地(土地+建物),南投縣南投市彰南路三段1127巷,43.57,住,,,1120105,土地8建物1車位0,三層,5,華廈(10層含以下有電梯),住家用,鋼筋混凝土造,,116.54,3,2,2,有,無,6500000,55775,,0.0,0,,RPQNMLMJKHIGFAM97DB,三十而立,A棟3號
南投市,房地(土地+建物)+車位,南投縣南投市彰南路三段1161巷,31.77,住,,,1120118,土地3建物1車位1,四層,7,華廈(10層含以下有電梯),見其他登記事項,鋼筋混凝土造,,113.98,2,2,2,有,無,6000000,56995,坡道平面,27.13,1050000,,RPPNMLMJKHIGFAM77CB,萬景山河,B棟B6號
南投市,房地(土地+建物),南投縣南投市彰南路三段1127巷,43.86,住,,,1120107,土地8建物1車位0,二層,5,華廈(10層含以下有電梯),住家用,鋼筋混凝土造,,117.33,3,2,2,有,無,6300000,53695,,0.0,0,,RPPNMLNJKHIGFAM97DB,三十而立,D棟2號
南投市,房地(土地+建物),南投縣南投市彰南路三段1127巷,43.57,住,,,1120118,土地8建物1車位0,五層,5,華廈(10層含以下有電梯),住家用,鋼筋混凝土造,,116.54,3,2,2,有,無,6600000,56633,,0.0,0,交易總價含下列非屬預售屋價格之費用:親友、員工、共有人或其他特殊關係間之交易；,RPQNMLNJKHIGFAM08DB,三十而立,A棟5號
南投市,房地(土地+建物),南投縣南投市華陽路,113.53,住,,,1120121,土地5建物1車位0,全,3,透天厝,住家用,鋼筋混凝土造,,179.0,4,3,4,有,無,14500000,81006,,0.0,0,,RPPNMLOJKHIGFAM97CB,首富森境,B棟19號
南投市,房地(土地+建物),南投縣南投市文化南路,91.5,住,,,1120112,土地3建物1車位0,全,3,透天厝,住家用,鋼筋混凝土造,,178.89,4,3,3,有,無,13000000,72670,,0.0,0,,RPQNMLOJKHIGFAM08CB,微好森活,B棟2號
南投市,房地(土地+建物),南投縣南投市文化南路,109.26,住,,,1120114,土地3建物1車位0,全,4,透天厝,住家用,鋼筋混凝土造,,195.61,4,3,3,有,無,15380000,78626,,0.0,0,,RPRNMLOJKHIGFAM18CB,微好森活,B棟1號
草屯鎮,房地(土地+建物)+車位,南投縣草屯鎮北投路,19.58,,鄉村區,乙種建築用地,1120108,土地1建物1車位1,三層,12,住宅大樓(11層含以上有電梯),住家用,鋼筋混凝土造,,113.61,2,2,1,有,無,6300000,66571,坡道平面,37.0,1200000,,RPPNMLPJKHIGFBM28DB,群合iDo,B棟3號
草屯鎮,房地(土地+建物)+車位,南投縣草屯鎮北投路,19.58,,鄉村區,乙種建築用地,1120119,土地1建物1車位1,十層,12,住宅大樓(11層含以上有電梯),住家用,鋼筋混凝土造,,110.54,2,1,1,有,無,7000000,78869,坡道平面,37.0,1200000,,RPQNMLPJKHIGFBM38DB,群合iDo,C棟10號
南投市,房地(土地+建物),南投縣南投市同源路一街,89.82,,工業區,丁種建築用地,1120205,土地2建物1車位0,全,3,透天厝,住家用,見其他登記事項,,188.13,4,2,3,有,無,10300000,54749,,0.0,0,,RPPNMLQJKHIGFAM28DB,薪享墅城,C8號
南投市,房地(土地+建物),南投縣南投市同源路一街,91.63,,工業區,丁種建築用地,1120205,土地2建物1車位0,全,3,透天厝,住家用,見其他登記事項,,151.62,3,2,3,有,無,9280000,61206,,0.0,0,,RPQNMLQJKHIGFAM38DB,薪享墅城,B8號
草屯鎮,房地(土地+建物),南投縣草屯鎮頂園段富德街,112.69,農,,,1120203,土地3建物1車位0,全,3,透天厝,住家用,鋼筋混凝土造,,190.16,4,2,5,有,無,14580000,76672,,0.0,0,,RPPNMLQJKHIGFBM28CB,原森一期,A棟7號
南投市,房地(土地+建物)+車位,南投縣南投市文化路707巷,25.57,住,,,1120117,土地6建物1車位1,五層,7,華廈(10層含以下有電梯),住家用,鋼筋混凝土造,,107.1,2,2,1,有,無,6660000,74045,坡道平面,30.66,1000000,,RPPNMLRJKHIGFAM28CB,英倫天琴,D5棟5F號
南投市,房地(土地+建物),南投縣南投市華陽路,129.54,住,,,1120129,土地5建物1車位0,全,3,透天厝,住家用,鋼筋混凝土造,,179.0,4,3,4,有,無,15580000,87039,,0.0,0,,RPQNMLSJKHIGFAM48CB,首富森境,B棟3號
南投市,房地(土地+建物),南投縣南投市華陽路,122.53,住,,,1120203,土地5建物1車位0,全,3,透天厝,住家用,鋼筋混凝土造,,179.0,4,3,4,有,無,14980000,83687,,0.0,0,,RPRNMLSJKHIGFAM58CB,首富森境,A棟20號
南投市,房地(土地+建物),南投縣南投市文化南路,169.5,住,,,1120119,土地3建物1車位0,全,5,透天厝,住家用,鋼筋混凝土造,,308.62,5,4,5,有,無,21600000,69989,,0.0,0,,RPPNMLTJKHIGFAM48CB,微好森活,A棟2號
南投市,房地(土地+建物),南投縣南投市文化南路,143.27,住,,,1120119,土地3建物1車位0,全,5,透天厝,住家用,鋼筋混凝土造,,290.2,5,4,4,有,無,19300000,66506,,0.0,0,,RPQNMLTJKHIGFAM58CB,微好森活,A棟1號
南投市,房地(土地+建物)+車位,南投縣南投市南新路,76.62,住,,,1120210,土地2建物1車位1,全,4,透天厝,住家用,鋼筋混凝土造,,165.83,3,3,3,有,無,15500000,93469,一樓平面,34.62,0,,RPQNMLKKKHIGFAM77CB,現代首璽七期,A棟8號
南投市,房地(土地+建物)+車位,南投縣南投市南新路,79.69,住,,,1120209,土地2建物1車位1,全,4,透天厝,住家用,鋼筋混凝土造,,166.73,5,3,3,有,無,17800000,106759,一樓平面,26.95,0,,RPRNMLKKKHIGFAM87CB,現代首璽七期,B棟1號
草屯鎮,房地(土地+建物)+車位,南投縣草屯鎮博愛路,29.52,住,,,1120131,土地1建物1車位1,五層,15,住宅大樓(11層含以上有電梯),住家用,鋼筋混凝土造,,156.5,3,2,2,有,無,12000000,86578,坡道平面,35.8,1550000,,RPPNMLKKKHIGFBM77CB,富宇博愛苑,A棟1號
草屯鎮,房地(土地+建物)+車位,南投縣草屯鎮信義街193巷,102.86,住,,,1120209,土地5建物1車位1,全,4,透天厝,住家用,鋼筋混凝土造,,235.32,5,3,6,有,無,23600000,100289,一樓平面,40.0,0,,RPSNMLKKKHIGFBM08CB,現代首璽8期,A棟14號
草屯鎮,房地(土地+建物)+車位,南投縣草屯鎮信義街193巷,93.68,住,,,1120210,土地4建物1車位1,全,4,透天厝,住家用,鋼筋混凝土造,,209.49,5,3,6,有,無,22300000,106449,一樓平面,38.97,0,,RPTNMLKKKHIGFBM18CB,現代首璽8期,A棟8號
竹山鎮,房地(土地+建物),南投縣竹山鎮大禮路,36.05,住,,,1120112,土地1建物1車位0,四層,10,華廈(10層含以下有電梯),住家用,鋼筋混凝土造,,94.13,2,1,2,有,無,5250000,55774,,0.0,0,,RPPNMLKKKHIGFDM97CB,竹山恆美,B棟4B2號
竹山鎮,房地(土地+建物),南投縣竹山鎮大禮路,36.05,住,,,1120210,土地1建物1車位0,六層,10,華廈(10層含以下有電梯),住家用,鋼筋混凝土造,,94.13,2,2,1,有,無,5900000,62679,,0.0,0,,RPQNMLKKKHIGFDM08CB,竹山恆美,B棟6B2號
竹山鎮,房地(土地+建物),南投縣竹山鎮大禮路,36.05,住,,,1120113,土地1建物1車位0,五層,10,華廈(10層含以下有電梯),住家用,鋼筋混凝土造,,94.13,2,1,1,有,無,5880000,62467,,0.0,0,,RPRNMLKKKHIGFDM18CB,竹山恆美,B棟5B2號
竹山鎮,房地(土地+建物),南投縣竹山鎮和育一巷,130.63,住,,,1111214,土地5建物1車位0,全,4,透天厝,住家用,鋼筋混凝土造,,167.28,4,3,3,有,無,10700000,63965,,0.0,0,,RPSNMLKKKHIGFDM28CB,山水竹苑,B棟8號
竹山鎮,房地(土地+建物),南投縣竹山鎮大禮路,37.25,住,,,1120112,土地1建物1車位0,四層,10,華廈(10層含以下有電梯),住家用,鋼筋混凝土造,,97.26,2,1,2,有,無,5430000,55830,,0.0,0,,RPTNMLKKKHIGFDM38CB,竹山恆美,B棟4B2號
竹山鎮,房地(土地+建物)+車位,南投縣竹山鎮大禮路,43.11,住,,,1120112,土地1建物1車位1,一層,10,華廈(10層含以下有電梯),住家用,鋼筋混凝土造,,112.55,3,2,2,有,無,9100000,98554,坡道平面,29.55,920000,,RPUNMLKKKHIGFDM48CB,竹山恆美,B棟1B1號
竹山鎮,房地(土地+建物),南投縣竹山鎮大禮路,44.03,住,,,1120117,土地1建物1車位0,五層,10,華廈(10層含以下有電梯),住家用,鋼筋混凝土造,,114.81,3,2,2,有,無,7550000,65761,,0.0,0,,RPVNMLKKKHIGFDM58CB,竹山恆美,B棟5A1號
竹山鎮,房地(土地+建物)+車位,南投縣竹山鎮大禮路,43.19,住,,,1120129,土地1建物1車位1,四層,10,華廈(10層含以下有電梯),住家用,鋼筋混凝土造,,112.74,3,21,212,有,無,7670000,81140,坡道平面,29.55,920000,,RPPNMLOKKHIGFDM38CB,竹山恆美,B棟4B2號
南投市,房地(土地+建物)+車位,南投縣南投市彰南路二段630巷,23.65,住,,,1111229,土地1建物1車位1,二層,5,華廈(10層含以下有電梯),見其他登記事項,鋼筋混凝土造,,86.06,2,1,1,有,無,6000000,74761,坡道平面,19.18,1000000,,RPTNMLPKKHIGFAM68DB,福崗晴園,I棟2號
南投市,房地(土地+建物)+車位,南投縣南投市彰南路二段630巷,33.66,住,,,1120111,土地1建物1車位1,四層,5,華廈(10層含以下有電梯),見其他登記事項,鋼筋混凝土造,,113.11,3,1,2,有,無,8550000,79306,坡道平面,19.17,1100000,,RPUNMLPKKHIGFAM78DB,福崗晴園,C棟4號
南投市,房地(土地+建物)+車位,南投縣南投市文化路707巷,37.89,住,,,1120208,土地6建物1車位1,五層,7,華廈(10層含以下有電梯),住家用,鋼筋混凝土造,,143.98,3,2,2,有,無,9380000,73067,坡道平面,30.66,1100000,,RPPNMLPKKHIGFAM18CB,英倫天琴,D2棟5F號
南投市,房地(土地+建物),南投縣南投市彰南路三段1127巷,43.57,住,,,1120203,土地8建物1車位0,三層,5,華廈(10層含以下有電梯),住家用,鋼筋混凝土造,,116.54,3,2,2,有,無,7300000,62639,,0.0,0,,RPPNMLMLKHIGFAM08DB,三十而立,D棟3號
南投市,房地(土地+建物),南投縣南投市彰南路三段1127巷,43.86,住,,,1120203,土地8建物1車位0,五層,5,華廈(10層含以下有電梯),住家用,鋼筋混凝土造,,117.33,3,2,2,有,無,7500000,63922,,0.0,0,,RPQNMLMLKHIGFAM18DB,三十而立,B棟5號
南投市,房地(土地+建物),南投縣南投市彰南路三段1127巷,43.57,住,,,1120203,土地8建物1車位0,五層,5,華廈(10層含以下有電梯),住家用,鋼筋混凝土造,,116.54,3,2,2,有,無,7800000,66930,,0.0,0,,RPRNMLMLKHIGFAM28DB,三十而立,D棟5號
竹山鎮,房地(土地+建物)+車位,南投縣竹山鎮集山路三段175巷,35.29,住,,,1120201,土地1建物1車位1,六層,7,華廈(10層含以下有電梯),住家用,鋼筋混凝土造,,101.55,2,1,2,有,無,5420000,56620,一樓平面,19.07,750000,,RPQNMLNLKHIGFDM48CB,聖德淳風竹山一期,B棟3號
草屯鎮,房地(土地+建物)+車位,南投縣草屯鎮草溪路,19.65,,鄉村區,乙種建築用地,1120205,土地1建物1車位1,四層,11,住宅大樓(11層含以上有電梯),住家用,鋼筋混凝土造,,114.92,2,1,1,有,無,6800000,72825,坡道平面,36.65,1100000,,RPPNMLOLKHIGFBM38DB,嘉冠青漾,B棟4號
南投市,房地(土地+建物),南投縣南投市華陽路,125.5,住,,,1111226,土地5建物1車位0,全,3,透天厝,住家用,鋼筋混凝土造,,179.0,4,3,4,有,無,14980000,83687,,0.0,0,,RPSNMLOLKHIGFAM48CB,首富森境,A棟19號
埔里鎮,房地(土地+建物)+車位,南投縣埔里鎮和平東路,24.4,住,,,1120209,土地1建物1車位1,四層,14,住宅大樓(11層含以上有電梯),住家用,鋼筋混凝土造,,144.14,3,2,2,有,無,11220000,85016,坡道平面,29.22,1450000,,RPPNMLQJLHIGFCM48CB,翔禾之森,A棟4號
南投市,房地(土地+建物),南投縣南投市光明南路,21.09,住,,,1120105,土地1建物1車位0,二層,13,住宅大樓(11層含以上有電梯),住家用,鋼筋混凝土造,,100.77,3,1,2,有,無,7480000,74228,,0.0,0,原申報書序號B1MA11201090002更正交易標的編號,RPPNMLOKLHIGFAM18CB,三銳世紀,F棟1號
