﻿編號,土地位置,土地移轉面積(平方公尺),使用分區或編定,權利人持分分母,權利人持分分子,移轉情形,地號
The serial number, land position,land shifting area square meter,the use zoning or compiles and checks,,,,land parcel
RPSNMLPLJIHGFAM48CB,新廍段,163.38,都市：住,121441,16338,持分移轉,00600000
RPSNMLPLJIHGFAM48CB,新廍段,32.92,都市：住,20765,3292,持分移轉,00600001
RPPNMLSLJIHGFBM58CB,加老段,25.60,非都市：鄉村區 ; 非都市編定：乙種建築用地,10000,320,持分移轉,05790001
RPPNMLSLJIHGFBM58CB,加老段,5.51,非都市：鄉村區 ; 非都市編定：乙種建築用地,10000,320,持分移轉,05790002
RPPNMLMLJIHGFDM18CB,東興段,6.62,都市：住,1,1,全筆移轉,03610004
RPPNMLMLJIHGFDM18CB,東興段,83.64,都市：住,1,1,全筆移轉,03650006
RPPNMLMLJIHGFAM87CB,新廍段,21.33,都市：住,100000,358,持分移轉,06870000
RPQNMLTLJIHGFAM68CB,包尾段,42.77,都市：住,112800,4277,持分移轉,05490000
RPRNMLTLJIHGFAM78CB,包尾段,54.21,都市：住,112800,5421,持分移轉,05490000
RPPNMLRJKIHGFAM28CB,包尾段,44.50,都市：住,112800,4450,持分移轉,05490000
RPPNMLTLJIHGFBM78DB,保安段,19.65,非都市：鄉村區 ; 非都市編定：乙種建築用地,100000,1700,持分移轉,06660000
RPPNMLKMJIHGFAM87DB,三塊厝段,32.62,都市：住,100000,1246,持分移轉,00660000
RPPNMLKMJIHGFAM87DB,三塊厝段,4.25,都市：住,100000,1246,持分移轉,00660005
RPPNMLPJKIHGFCM38DB,南光段,26.16,都市：住,100000,4339,持分移轉,05740000
RPQNMLRJKIHGFAM38CB,牛運堀段,10.38,都市：住,100000,758,持分移轉,02760000
RPQNMLRJKIHGFAM38CB,牛運堀段,1.30,都市：住,100000,758,持分移轉,02760007
RPQNMLRJKIHGFAM38CB,牛運堀段,3.21,都市：住,100000,758,持分移轉,02760008
RPQNMLRJKIHGFAM38CB,牛運堀段,5.60,都市：住,100000,758,持分移轉,02760009
RPQNMLRJKIHGFAM38CB,牛運堀段,.03,都市：住,100000,758,持分移轉,02770017
RPQNMLRJKIHGFAM38CB,牛運堀段,6.10,都市：住,100000,758,持分移轉,02790000
RPRNMLRJKIHGFAM48CB,牛運堀段,12.59,都市：住,100000,920,持分移轉,02760000
RPRNMLRJKIHGFAM48CB,牛運堀段,1.58,都市：住,100000,920,持分移轉,02760007
RPRNMLRJKIHGFAM48CB,牛運堀段,3.89,都市：住,100000,920,持分移轉,02760008
RPRNMLRJKIHGFAM48CB,牛運堀段,6.80,都市：住,100000,920,持分移轉,02760009
RPRNMLRJKIHGFAM48CB,牛運堀段,.04,都市：住,100000,920,持分移轉,02770017
RPRNMLRJKIHGFAM48CB,牛運堀段,7.41,都市：住,100000,920,持分移轉,02790000
RPPNMLSJKIHGFAM48DB,小崎段,68.86,都市：住,1,1,全筆移轉,03650019
RPPNMLSJKIHGFAM48DB,小崎段,13.52,都市：住,20,1,持分移轉,03650000
RPPNMLSJKIHGFAM48DB,小崎段,.44,都市：住,20,1,持分移轉,03650029
RPSNMLRJKIHGFAM58CB,牛運堀段,15.13,都市：住,100000,1105,持分移轉,02760000
RPSNMLRJKIHGFAM58CB,牛運堀段,1.90,都市：住,100000,1105,持分移轉,02760007
RPSNMLRJKIHGFAM58CB,牛運堀段,4.67,都市：住,100000,1105,持分移轉,02760008
RPSNMLRJKIHGFAM58CB,牛運堀段,8.17,都市：住,100000,1105,持分移轉,02760009
RPSNMLRJKIHGFAM58CB,牛運堀段,.04,都市：住,100000,1105,持分移轉,02770017
RPSNMLRJKIHGFAM58CB,牛運堀段,8.90,都市：住,100000,1105,持分移轉,02790000
RPPNMLSJKIHGFCM68DB,和平段,24.15,都市：商,100000,1470,持分移轉,02670000
RPPNMLPKKIHGFAM18CB,新廍段,21.33,都市：住,100000,358,持分移轉,06870000
RPPNMLTKKIHGFCM88DB,育英段,33.35,都市：住,100000,5248,持分移轉,01590000
RPPNMLQKKIHGFDM58CB,東興段,88.09,都市：住,1,1,全筆移轉,03650005
RPPNMLQKKIHGFDM58CB,東興段,4.16,都市：住,1,1,全筆移轉,03610003
RPPNMLKLKIHGFAM77CB,福興段,29.72,都市：住,100000,988,持分移轉,06450000
RPPNMLKLKIHGFAM77CB,福興段,.01,都市：住,100000,988,持分移轉,06560000
RPPNMLKLKIHGFAM77CB,福興段,.26,都市：住,100000,988,持分移轉,06580000
RPQNMLTKKIHGFCM98DB,育英段,22.13,都市：住,100000,3482,持分移轉,01590000
RPRNMLLLKIHGFBM28DB,保安段,17.34,非都市：鄉村區 ; 非都市編定：乙種建築用地,100000,1500,持分移轉,06660000
RPPNMLLLKIHGFBM08DB,保安段,27.74,非都市：鄉村區 ; 非都市編定：乙種建築用地,100000,2400,持分移轉,06660000
RPQNMLLLKIHGFBM18DB,保安段,19.65,非都市：鄉村區 ; 非都市編定：乙種建築用地,100000,1700,持分移轉,06660000
RPTNMLLLKIHGFBM48DB,保安段,17.34,非都市：鄉村區 ; 非都市編定：乙種建築用地,100000,1500,持分移轉,06660000
RPQNMLKLKIHGFAM87CB,福興段,31.49,都市：住,100000,1047,持分移轉,06450000
RPQNMLKLKIHGFAM87CB,福興段,.01,都市：住,100000,1047,持分移轉,06560000
RPQNMLKLKIHGFAM87CB,福興段,.27,都市：住,100000,1047,持分移轉,06580000
RPUNMLLLKIHGFBM58DB,保安段,17.34,非都市：鄉村區 ; 非都市編定：乙種建築用地,100000,1500,持分移轉,06660000
RPVNMLLLKIHGFBM68DB,保安段,19.65,非都市：鄉村區 ; 非都市編定：乙種建築用地,100000,1700,持分移轉,06660000
RPSNMLLLKIHGFBM38DB,保安段,17.34,非都市：鄉村區 ; 非都市編定：乙種建築用地,100000,1500,持分移轉,06660000
RPPNMLMLKIHGFAM97CB,福興段,29.72,都市：住,100000,988,持分移轉,06450000
RPQNMLMLKIHGFAM08CB,福興段,29.72,都市：住,100000,988,持分移轉,06450000
RPPNMLMLKIHGFAM97CB,福興段,.01,都市：住,100000,988,持分移轉,06560000
RPQNMLMLKIHGFAM08CB,福興段,.01,都市：住,100000,988,持分移轉,06560000
RPPNMLMLKIHGFAM97CB,福興段,.26,都市：住,100000,988,持分移轉,06580000
RPQNMLMLKIHGFAM08CB,福興段,.26,都市：住,100000,988,持分移轉,06580000
RPWNMLLLKIHGFBM78DB,保安段,27.74,非都市：鄉村區 ; 非都市編定：乙種建築用地,100000,2400,持分移轉,06660000
RPPNMLNLKIHGFDM48DB,南雲段,6.61,非都市：鄉村區 ; 非都市編定：乙種建築用地,1000000,2674,持分移轉,00450000
RPPNMLNLKIHGFDM48DB,南雲段,12.32,非都市：鄉村區 ; 非都市編定：乙種建築用地,1000000,36613,持分移轉,00690000
RPPNMLNLKIHGFDM48DB,南雲段,12.49,非都市：鄉村區 ; 非都市編定：乙種建築用地,1000000,36613,持分移轉,00700000
RPPNMLNLKIHGFAM08CB,牛運堀段,130.00,都市：住,1,1,全筆移轉,02780099
RPPNMLNLKIHGFAM08CB,牛運堀段,.27,都市：住,97,1,持分移轉,02780114
RPPNMLNLKIHGFAM08CB,牛運堀段,.11,都市：住,63,1,持分移轉,02780034
RPPNMLRLKIHGFAM58DB,福興段,1.51,都市：住,10000,136,持分移轉,04510000
RPPNMLNLKIHGFAM08CB,牛運堀段,.13,都市：住,63,1,持分移轉,02780098
RPPNMLNLKIHGFAM08CB,牛運堀段,17.32,都市：住,63,1,持分移轉,02780000
RPPNMLRLKIHGFAM58DB,福興段,4.45,都市：住,10000,627,持分移轉,04520000
RPPNMLRLKIHGFAM58DB,福興段,5.27,都市：住,10000,627,持分移轉,04530000
RPPNMLRLKIHGFAM58DB,福興段,5.89,都市：住,10000,627,持分移轉,04540000
RPPNMLRLKIHGFAM58DB,福興段,6.17,都市：住,10000,627,持分移轉,04550000
RPPNMLRLKIHGFAM58DB,福興段,6.45,都市：住,10000,627,持分移轉,04560000
RPPNMLRLKIHGFAM58DB,福興段,6.63,都市：住,10000,627,持分移轉,04570000
RPPNMLRLKIHGFAM58DB,福興段,7.48,都市：住,10000,627,持分移轉,04580000
RPPNMLQLKIHGFAM38CB,光復段,32.40,非都市：鄉村區 ; 非都市編定：乙種建築用地,10000,300,持分移轉,08040000
RPPNMLQLKIHGFAM38CB,光復段,1.36,非都市：鄉村區 ; 非都市編定：乙種建築用地,72,1,持分移轉,08040018
RPQNMLRLKIHGFAM68DB,福興段,1.49,都市：住,10000,134,持分移轉,04510000
RPQNMLRLKIHGFAM68DB,福興段,4.42,都市：住,10000,623,持分移轉,04520000
RPQNMLRLKIHGFAM68DB,福興段,5.23,都市：住,10000,623,持分移轉,04530000
RPQNMLRLKIHGFAM68DB,福興段,5.85,都市：住,10000,623,持分移轉,04540000
RPQNMLRLKIHGFAM68DB,福興段,6.13,都市：住,10000,623,持分移轉,04550000
RPQNMLRLKIHGFAM68DB,福興段,6.41,都市：住,10000,623,持分移轉,04560000
RPQNMLRLKIHGFAM68DB,福興段,6.59,都市：住,10000,623,持分移轉,04570000
RPQNMLRLKIHGFAM68DB,福興段,7.43,都市：住,10000,623,持分移轉,04580000
RPRNMLRLKIHGFAM78DB,福興段,1.51,都市：住,10000,136,持分移轉,04510000
RPRNMLRLKIHGFAM78DB,福興段,4.45,都市：住,10000,627,持分移轉,04520000
RPRNMLRLKIHGFAM78DB,福興段,5.27,都市：住,10000,627,持分移轉,04530000
RPRNMLRLKIHGFAM78DB,福興段,5.89,都市：住,10000,627,持分移轉,04540000
RPRNMLRLKIHGFAM78DB,福興段,6.17,都市：住,10000,627,持分移轉,04550000
RPRNMLRLKIHGFAM78DB,福興段,6.45,都市：住,10000,627,持分移轉,04560000
RPRNMLRLKIHGFAM78DB,福興段,6.63,都市：住,10000,627,持分移轉,04570000
RPRNMLRLKIHGFAM78DB,福興段,7.48,都市：住,10000,627,持分移轉,04580000
RPPNMLSLKIHGFAM68DB,福興段,1.51,都市：住,10000,136,持分移轉,04510000
RPPNMLSLKIHGFAM68DB,福興段,4.45,都市：住,10000,627,持分移轉,04520000
RPPNMLSLKIHGFAM68DB,福興段,5.27,都市：住,10000,627,持分移轉,04530000
RPPNMLSLKIHGFAM68DB,福興段,5.89,都市：住,10000,627,持分移轉,04540000
RPPNMLSLKIHGFAM68DB,福興段,6.17,都市：住,10000,627,持分移轉,04550000
RPPNMLSLKIHGFAM68DB,福興段,6.45,都市：住,10000,627,持分移轉,04560000
RPPNMLSLKIHGFAM68DB,福興段,6.63,都市：住,10000,627,持分移轉,04570000
RPPNMLSLKIHGFAM68DB,福興段,7.48,都市：住,10000,627,持分移轉,04580000
RPPNMLTLKIHGFAM68CB,光復段,31.00,非都市：鄉村區 ; 非都市編定：乙種建築用地,10000,287,持分移轉,08040000
RPPNMLTLKIHGFAM68CB,光復段,1.36,非都市：鄉村區 ; 非都市編定：乙種建築用地,72,1,持分移轉,08040018
RPQNMLSLKIHGFDM98CB,廣興段,13.45,都市：住,10000,691,持分移轉,00060000
RPPNMLSLKIHGFDM88CB,廣興段,13.33,都市：住,10000,685,持分移轉,00060000
RPPNMLNJJHIGFAM87DB,小崎段,69.88,都市：住,1,1,全筆移轉,03650008
RPPNMLNJJHIGFAM87DB,小崎段,13.52,都市：住,100,5,持分移轉,03650000
RPPNMLNJJHIGFAM87DB,小崎段,.44,都市：住,100,5,持分移轉,03650029
RPPNMLNJJHIGFAM77CB,牛運堀段,10.38,都市：住,100000,758,持分移轉,02760000
RPPNMLNJJHIGFAM77CB,牛運堀段,1.30,都市：住,100000,758,持分移轉,02760007
RPPNMLNJJHIGFAM77CB,牛運堀段,3.21,都市：住,100000,758,持分移轉,02760008
RPPNMLNJJHIGFAM77CB,牛運堀段,5.60,都市：住,100000,758,持分移轉,02760009
RPPNMLNJJHIGFAM77CB,牛運堀段,.03,都市：住,100000,758,持分移轉,02770017
RPPNMLNJJHIGFAM77CB,牛運堀段,6.10,都市：住,100000,758,持分移轉,02790000
RPQNMLNJJHIGFAM87CB,牛運堀段,15.13,都市：住,100000,1105,持分移轉,02760000
RPQNMLNJJHIGFAM87CB,牛運堀段,1.90,都市：住,100000,1105,持分移轉,02760007
RPQNMLNJJHIGFAM87CB,牛運堀段,4.67,都市：住,100000,1105,持分移轉,02760008
RPQNMLNJJHIGFAM87CB,牛運堀段,8.17,都市：住,100000,1105,持分移轉,02760009
RPQNMLNJJHIGFAM87CB,牛運堀段,.04,都市：住,100000,1105,持分移轉,02770017
RPQNMLNJJHIGFAM87CB,牛運堀段,8.90,都市：住,100000,1105,持分移轉,02790000
RPQNMLOJJHIGFBM18DB,北投堡段,19.58,非都市：鄉村區 ; 非都市編定：乙種建築用地,100000,1200,持分移轉,02960000
RPQNMLNJJHIGFAM97DB,大崗段,75.00,非都市：工業區 ; 非都市編定：丁種建築用地,1,1,全筆移轉,00530003
RPQNMLNJJHIGFAM97DB,大崗段,14.82,非都市：工業區 ; 非都市編定：丁種建築用地,100000,4961,持分移轉,00530012
RPPNMLOJJHIGFBM08DB,北投堡段,27.74,非都市：鄉村區 ; 非都市編定：乙種建築用地,100000,1700,持分移轉,02960000
RPPNMLQJJHIGFAM08CB,茄苳腳段,99.00,都市：住,1,1,全筆移轉,04270083
RPPNMLTJJHIGFAM38CB,新廍段,21.09,都市：住,100000,354,持分移轉,06870000
RPQNMLQJJHIGFAM18CB,茄苳腳段,84.00,都市：住,1,1,全筆移轉,04270081
RPPNMLKKJHIGFCM87DB,育英段,22.60,都市：住,100000,3556,持分移轉,01590000
RPPNMLLKJHIGFBM77CB,加老段,25.60,非都市：鄉村區 ; 非都市編定：乙種建築用地,10000,320,持分移轉,05790001
RPPNMLLKJHIGFBM77CB,加老段,5.51,非都市：鄉村區 ; 非都市編定：乙種建築用地,10000,320,持分移轉,05790002
RPRNMLKKJHIGFAM77CB,包尾段,44.50,都市：住,112800,4450,持分移轉,05490000
RPPNMLOKJHIGFBM18DB,保安段,27.74,非都市：鄉村區 ; 非都市編定：乙種建築用地,100000,2400,持分移轉,06660000
RPRNMLQKJHIGFAM38CB,牛運堀段,9.97,都市：住,100000,728,持分移轉,02760000
RPPNMLRKJHIGFAM28CB,福興段,31.49,都市：住,100000,1047,持分移轉,06450000
RPRNMLQKJHIGFAM38CB,牛運堀段,1.25,都市：住,100000,728,持分移轉,02760007
RPPNMLRKJHIGFAM28CB,福興段,.01,都市：住,100000,1047,持分移轉,06560000
RPRNMLQKJHIGFAM38CB,牛運堀段,3.08,都市：住,100000,728,持分移轉,02760008
RPPNMLRKJHIGFAM28CB,福興段,.27,都市：住,100000,1047,持分移轉,06580000
RPRNMLQKJHIGFAM38CB,牛運堀段,5.38,都市：住,100000,728,持分移轉,02760009
RPRNMLQKJHIGFAM38CB,牛運堀段,.03,都市：住,100000,728,持分移轉,02770017
RPRNMLQKJHIGFAM38CB,牛運堀段,5.86,都市：住,100000,728,持分移轉,02790000
RPPNMLQKJHIGFAM28DB,三塊厝段,43.67,都市：住,100000,1668,持分移轉,00660000
RPPNMLQKJHIGFAM28DB,三塊厝段,5.69,都市：住,100000,1668,持分移轉,00660005
RPPNMLSKJHIGFBM48CB,玉峰段,29.52,都市：住,100000,880,持分移轉,01960000
RPQNMLRKJHIGFBM48CB,中原段,28.47,非都市：鄉村區 ; 非都市編定：乙種建築用地,10000,144,持分移轉,09700000
RPQNMLRKJHIGFBM48CB,中原段,.84,非都市：鄉村區 ; 非都市編定：乙種建築用地,10000,144,持分移轉,09700002
RPQNMLRKJHIGFBM48CB,中原段,.84,非都市：鄉村區 ; 非都市編定：乙種建築用地,10000,144,持分移轉,09700003
RPQNMLRKJHIGFBM48CB,中原段,1.03,非都市：鄉村區 ; 非都市編定：乙種建築用地,10000,144,持分移轉,09700004
RPQNMLRKJHIGFBM48CB,中原段,1.04,非都市：鄉村區 ; 非都市編定：乙種建築用地,10000,144,持分移轉,09700005
RPQNMLRKJHIGFBM48CB,中原段,1.13,非都市：鄉村區 ; 非都市編定：乙種建築用地,10000,144,持分移轉,09700006
RPQNMLRKJHIGFBM48CB,中原段,1.25,非都市：鄉村區 ; 非都市編定：乙種建築用地,10000,144,持分移轉,09700007
RPQNMLSKJHIGFBM58CB,玉峰段,29.52,都市：住,100000,880,持分移轉,01960000
RPQNMLRKJHIGFAM38CB,福興段,29.72,都市：住,100000,988,持分移轉,06450000
RPTNMLSKJHIGFBM88CB,新僑光段,41.78,都市：住,100000,1006,持分移轉,07260000
RPQNMLRKJHIGFAM38CB,福興段,.01,都市：住,100000,988,持分移轉,06560000
RPQNMLRKJHIGFAM38CB,福興段,.26,都市：住,100000,988,持分移轉,06580000
RPSNMLSKJHIGFBM78CB,新僑光段,44.31,都市：住,100000,1067,持分移轉,07260000
RPXNMLSKJHIGFBM66CB,新僑光段,96.84,都市：住,1,1,全筆移轉,07260018
RPPNMLLLJHIGFBM87CB,頂園段,88.23,都市：農,1,1,全筆移轉,03730001
RPQNMLLLJHIGFBM97CB,頂園段,8.97,都市：農,1,1,全筆移轉,03730011
RPPNMLLLJHIGFBM87CB,頂園段,7.50,都市：農,1,1,全筆移轉,03730008
RPQNMLLLJHIGFBM97CB,頂園段,101.79,都市：農,1,1,全筆移轉,03730014
RPPNMLLLJHIGFBM87CB,頂園段,21.69,都市：農,12,1,持分移轉,03730010
RPQNMLLLJHIGFBM97CB,頂園段,21.69,都市：農,12,1,持分移轉,03730010
RPWNMLSKJHIGFBM56CB,新僑光段,79.64,都市：住,1,1,全筆移轉,07260016
RPPNMLKMJHIGFDM18DB,廣興段,23.54,都市：住,10000,178,持分移轉,03560000
RPQNMLKMJHIGFDM28DB,廣興段,30.15,都市：住,10000,228,持分移轉,03560000
RPQNMLLMJHIGFDM38DB,廣興段,23.67,都市：住,10000,179,持分移轉,03560000
RPPNMLLMJHIGFDM28DB,廣興段,30.28,都市：住,10000,229,持分移轉,03560000
RPPNMLLJKHIGFCM87CB,忠貞段,.41,都市：住,153200,2162,持分移轉,02920000
RPPNMLLJKHIGFCM87CB,忠貞段,21.21,都市：住,153200,2162,持分移轉,02930000
RPQNMLLJKHIGFCM97CB,忠貞段,.41,都市：住,153200,2162,持分移轉,02920000
RPQNMLLJKHIGFCM97CB,忠貞段,21.21,都市：住,153200,2162,持分移轉,02930000
RPPNMLLJKHIGFBM77CB,玉峰段,22.31,都市：住,100000,665,持分移轉,01960000
RPPNMLMJKHIGFAM77CB,福興段,31.49,都市：住,100000,1047,持分移轉,06450000
RPPNMLMJKHIGFAM77CB,福興段,.01,都市：住,100000,1047,持分移轉,06560000
RPPNMLMJKHIGFAM77CB,福興段,.27,都市：住,100000,1047,持分移轉,06580000
RPPNMLNJKHIGFAM97DB,福興段,1.51,都市：住,10000,136,持分移轉,04510000
RPQNMLMJKHIGFAM97DB,福興段,1.49,都市：住,10000,134,持分移轉,04510000
RPPNMLNJKHIGFAM97DB,福興段,4.45,都市：住,10000,627,持分移轉,04520000
RPQNMLMJKHIGFAM97DB,福興段,4.42,都市：住,10000,623,持分移轉,04520000
RPQNMLNJKHIGFAM08DB,福興段,1.49,都市：住,10000,134,持分移轉,04510000
RPQNMLMJKHIGFAM97DB,福興段,5.23,都市：住,10000,623,持分移轉,04530000
RPPNMLNJKHIGFAM97DB,福興段,5.27,都市：住,10000,627,持分移轉,04530000
RPQNMLMJKHIGFAM97DB,福興段,5.85,都市：住,10000,623,持分移轉,04540000
RPQNMLNJKHIGFAM08DB,福興段,4.42,都市：住,10000,623,持分移轉,04520000
RPPNMLNJKHIGFAM97DB,福興段,5.89,都市：住,10000,627,持分移轉,04540000
RPQNMLMJKHIGFAM97DB,福興段,6.13,都市：住,10000,623,持分移轉,04550000
RPPNMLNJKHIGFAM97DB,福興段,6.17,都市：住,10000,627,持分移轉,04550000
RPQNMLNJKHIGFAM08DB,福興段,5.23,都市：住,10000,623,持分移轉,04530000
RPPNMLNJKHIGFAM97DB,福興段,6.45,都市：住,10000,627,持分移轉,04560000
RPQNMLMJKHIGFAM97DB,福興段,6.41,都市：住,10000,623,持分移轉,04560000
RPPNMLNJKHIGFAM97DB,福興段,6.63,都市：住,10000,627,持分移轉,04570000
RPQNMLNJKHIGFAM08DB,福興段,5.85,都市：住,10000,623,持分移轉,04540000
RPQNMLMJKHIGFAM97DB,福興段,6.59,都市：住,10000,623,持分移轉,04570000
RPPNMLNJKHIGFAM97DB,福興段,7.48,都市：住,10000,627,持分移轉,04580000
RPQNMLNJKHIGFAM08DB,福興段,6.13,都市：住,10000,623,持分移轉,04550000
RPQNMLMJKHIGFAM97DB,福興段,7.43,都市：住,10000,623,持分移轉,04580000
RPQNMLNJKHIGFAM08DB,福興段,6.41,都市：住,10000,623,持分移轉,04560000
RPQNMLNJKHIGFAM08DB,福興段,6.59,都市：住,10000,623,持分移轉,04570000
RPQNMLNJKHIGFAM08DB,福興段,7.43,都市：住,10000,623,持分移轉,04580000
RPPNMLOJKHIGFAM97CB,牛運堀段,76.28,都市：住,100000,2220,持分移轉,01740000
RPPNMLOJKHIGFAM97CB,牛運堀段,27.28,都市：住,100000,2220,持分移轉,01780001
RPQNMLOJKHIGFAM08CB,三塊厝段,74.00,都市：住,1,1,全筆移轉,01460007
RPQNMLOJKHIGFAM08CB,三塊厝段,16.50,都市：住,1000000,64706,持分移轉,01460006
RPQNMLOJKHIGFAM08CB,三塊厝段,1.00,都市：住,10,1,持分移轉,01460014
RPPNMLOJKHIGFAM97CB,牛運堀段,4.00,都市：住,100000,2220,持分移轉,01790001
RPPNMLOJKHIGFAM97CB,牛運堀段,3.09,都市：住,100000,2220,持分移轉,01790002
RPPNMLOJKHIGFAM97CB,牛運堀段,2.89,都市：住,100000,2220,持分移轉,01790004
RPQNMLPJKHIGFBM38DB,北投堡段,19.58,非都市：鄉村區 ; 非都市編定：乙種建築用地,100000,1200,持分移轉,02960000
RPPNMLPJKHIGFBM28DB,北投堡段,19.58,非都市：鄉村區 ; 非都市編定：乙種建築用地,100000,1200,持分移轉,02960000
RPPNMLQJKHIGFAM28DB,大崗段,14.82,非都市：工業區 ; 非都市編定：丁種建築用地,100000,4960,持分移轉,00530012
RPPNMLQJKHIGFAM28DB,大崗段,75.00,非都市：工業區 ; 非都市編定：丁種建築用地,1,1,全筆移轉,00530020
RPPNMLRJKHIGFAM28CB,牛運堀段,9.97,都市：住,100000,728,持分移轉,02760000
RPPNMLRJKHIGFAM28CB,牛運堀段,1.25,都市：住,100000,728,持分移轉,02760007
RPPNMLRJKHIGFAM28CB,牛運堀段,3.08,都市：住,100000,728,持分移轉,02760008
RPPNMLRJKHIGFAM28CB,牛運堀段,5.38,都市：住,100000,728,持分移轉,02760009
RPRNMLOJKHIGFAM18CB,三塊厝段,91.00,都市：住,1,1,全筆移轉,01460000
RPPNMLRJKHIGFAM28CB,牛運堀段,.03,都市：住,100000,728,持分移轉,02770017
RPRNMLOJKHIGFAM18CB,三塊厝段,17.26,都市：住,1000000,67686,持分移轉,01460006
RPPNMLRJKHIGFAM28CB,牛運堀段,5.86,都市：住,100000,728,持分移轉,02790000
RPRNMLOJKHIGFAM18CB,三塊厝段,1.00,都市：住,10,1,持分移轉,01460014
RPQNMLSJKHIGFAM48CB,牛運堀段,87.03,都市：住,100000,2533,持分移轉,01740000
RPQNMLSJKHIGFAM48CB,牛運堀段,31.13,都市：住,100000,2533,持分移轉,01780001
RPQNMLSJKHIGFAM48CB,牛運堀段,4.56,都市：住,100000,2533,持分移轉,01790001
RPQNMLSJKHIGFAM48CB,牛運堀段,3.52,都市：住,100000,2533,持分移轉,01790002
RPQNMLSJKHIGFAM48CB,牛運堀段,3.29,都市：住,100000,2533,持分移轉,01790004
RPPNMLQJKHIGFBM28CB,頂園段,7.50,都市：農,1,1,全筆移轉,03730012
RPPNMLQJKHIGFBM28CB,頂園段,83.50,都市：農,1,1,全筆移轉,03730015
RPPNMLQJKHIGFBM28CB,頂園段,21.69,都市：農,12,1,持分移轉,03730010
RPQNMLQJKHIGFAM38DB,大崗段,14.63,非都市：工業區 ; 非都市編定：丁種建築用地,100000,5692,持分移轉,00530036
RPQNMLQJKHIGFAM38DB,大崗段,77.00,非都市：工業區 ; 非都市編定：丁種建築用地,1,1,全筆移轉,00530044
RPQNMLTJKHIGFAM58CB,三塊厝段,110.00,都市：住,1,1,全筆移轉,01460004
RPQNMLTJKHIGFAM58CB,三塊厝段,32.27,都市：住,1000000,126549,持分移轉,01460006
RPQNMLTJKHIGFAM58CB,三塊厝段,1.00,都市：住,10,1,持分移轉,01460014
RPPNMLTJKHIGFAM48CB,三塊厝段,137.00,都市：住,1,1,全筆移轉,01460015
RPPNMLTJKHIGFAM48CB,三塊厝段,31.50,都市：住,1000000,123529,持分移轉,01460006
RPPNMLTJKHIGFAM48CB,三塊厝段,1.00,都市：住,10,1,持分移轉,01460014
RPQNMLKKKHIGFAM77CB,新廍段,49.58,都市：住,1,1,全筆移轉,01800008
RPQNMLKKKHIGFAM77CB,新廍段,27.04,都市：住,1000,73,持分移轉,01800000
RPRNMLSJKHIGFAM58CB,牛運堀段,82.33,都市：住,100000,2396,持分移轉,01740000
RPRNMLSJKHIGFAM58CB,牛運堀段,29.45,都市：住,100000,2396,持分移轉,01780001
RPRNMLSJKHIGFAM58CB,牛運堀段,4.31,都市：住,100000,2396,持分移轉,01790001
RPRNMLSJKHIGFAM58CB,牛運堀段,3.33,都市：住,100000,2396,持分移轉,01790002
RPRNMLSJKHIGFAM58CB,牛運堀段,3.11,都市：住,100000,2396,持分移轉,01790004
RPSNMLKKKHIGFBM08CB,草屯段,60.00,都市：住,1,1,全筆移轉,01830047
RPSNMLKKKHIGFBM08CB,草屯段,8.00,都市：住,1,1,全筆移轉,01830046
RPSNMLKKKHIGFBM08CB,草屯段,18.59,都市：住,10000,525,持分移轉,01830000
RPSNMLKKKHIGFBM08CB,草屯段,11.27,都市：住,100000,1306,持分移轉,01330020
RPSNMLKKKHIGFBM08CB,草屯段,5.00,都市：住,19,1,持分移轉,01330030
RPPNMLKKKHIGFBM77CB,玉峰段,29.52,都市：住,100000,880,持分移轉,01960000
RPRNMLKKKHIGFAM87CB,新廍段,68.21,都市：住,1,1,全筆移轉,01800015
RPRNMLKKKHIGFAM87CB,新廍段,11.48,都市：住,1000,31,持分移轉,01800000
RPTNMLKKKHIGFBM18CB,草屯段,63.00,都市：住,1,1,全筆移轉,01830065
RPTNMLKKKHIGFBM18CB,草屯段,14.41,都市：住,10000,407,持分移轉,01830000
RPTNMLKKKHIGFBM18CB,草屯段,11.27,都市：住,100000,1306,持分移轉,01330020
RPTNMLKKKHIGFBM18CB,草屯段,5.00,都市：住,19,1,持分移轉,01330030
RPPNMLKKKHIGFDM97CB,大統段,36.05,都市：住,100000,1287,持分移轉,02720002
RPQNMLKKKHIGFDM08CB,大統段,36.05,都市：住,100000,1287,持分移轉,02720002
RPRNMLKKKHIGFDM18CB,大統段,36.05,都市：住,100000,1287,持分移轉,02720002
RPTNMLKKKHIGFDM38CB,大統段,37.25,都市：住,100000,1330,持分移轉,02720002
RPSNMLKKKHIGFDM28CB,鹿山段,93.26,都市：住,1,1,全筆移轉,10580033
RPSNMLKKKHIGFDM28CB,鹿山段,7.01,都市：住,1,1,全筆移轉,10580044
RPSNMLKKKHIGFDM28CB,鹿山段,5.45,都市：住,40,1,持分移轉,10580011
RPSNMLKKKHIGFDM28CB,鹿山段,.79,都市：住,20,1,持分移轉,10580041
RPSNMLKKKHIGFDM28CB,鹿山段,24.11,都市：住,13,1,持分移轉,10580040
RPUNMLKKKHIGFDM48CB,大統段,43.11,都市：住,100000,1539,持分移轉,02720002
RPPNMLOKKHIGFDM38CB,大統段,43.19,都市：住,100000,1542,持分移轉,02720002
RPVNMLKKKHIGFDM58CB,大統段,44.03,都市：住,100000,1572,持分移轉,02720002
RPTNMLPKKHIGFAM68DB,新生段,23.65,都市：住,100200,2365,持分移轉,16000000
RPPNMLMLKHIGFAM08DB,福興段,1.49,都市：住,10000,134,持分移轉,04510000
RPPNMLMLKHIGFAM08DB,福興段,4.42,都市：住,10000,623,持分移轉,04520000
RPPNMLMLKHIGFAM08DB,福興段,5.23,都市：住,10000,623,持分移轉,04530000
RPPNMLMLKHIGFAM08DB,福興段,5.85,都市：住,10000,623,持分移轉,04540000
RPPNMLMLKHIGFAM08DB,福興段,6.13,都市：住,10000,623,持分移轉,04550000
RPPNMLMLKHIGFAM08DB,福興段,6.41,都市：住,10000,623,持分移轉,04560000
RPPNMLPKKHIGFAM18CB,牛運堀段,14.77,都市：住,100000,1079,持分移轉,02760000
RPPNMLMLKHIGFAM08DB,福興段,6.59,都市：住,10000,623,持分移轉,04570000
RPPNMLMLKHIGFAM08DB,福興段,7.43,都市：住,10000,623,持分移轉,04580000
RPPNMLPKKHIGFAM18CB,牛運堀段,1.86,都市：住,100000,1079,持分移轉,02760007
RPPNMLPKKHIGFAM18CB,牛運堀段,4.56,都市：住,100000,1079,持分移轉,02760008
RPPNMLPKKHIGFAM18CB,牛運堀段,7.97,都市：住,100000,1079,持分移轉,02760009
RPPNMLPKKHIGFAM18CB,牛運堀段,.04,都市：住,100000,1079,持分移轉,02770017
RPPNMLPKKHIGFAM18CB,牛運堀段,8.69,都市：住,100000,1079,持分移轉,02790000
RPUNMLPKKHIGFAM78DB,新生段,33.66,都市：住,100200,3366,持分移轉,16000000
RPQNMLMLKHIGFAM18DB,福興段,1.51,都市：住,10000,136,持分移轉,04510000
RPQNMLMLKHIGFAM18DB,福興段,4.45,都市：住,10000,627,持分移轉,04520000
RPQNMLMLKHIGFAM18DB,福興段,5.27,都市：住,10000,627,持分移轉,04530000
RPQNMLMLKHIGFAM18DB,福興段,5.89,都市：住,10000,627,持分移轉,04540000
RPQNMLMLKHIGFAM18DB,福興段,6.17,都市：住,10000,627,持分移轉,04550000
RPQNMLMLKHIGFAM18DB,福興段,6.45,都市：住,10000,627,持分移轉,04560000
RPQNMLMLKHIGFAM18DB,福興段,6.63,都市：住,10000,627,持分移轉,04570000
RPQNMLMLKHIGFAM18DB,福興段,7.48,都市：住,10000,627,持分移轉,04580000
RPRNMLMLKHIGFAM28DB,福興段,1.49,都市：住,10000,134,持分移轉,04510000
RPRNMLMLKHIGFAM28DB,福興段,4.42,都市：住,10000,623,持分移轉,04520000
RPRNMLMLKHIGFAM28DB,福興段,5.23,都市：住,10000,623,持分移轉,04530000
RPRNMLMLKHIGFAM28DB,福興段,5.85,都市：住,10000,623,持分移轉,04540000
RPRNMLMLKHIGFAM28DB,福興段,6.13,都市：住,10000,623,持分移轉,04550000
RPRNMLMLKHIGFAM28DB,福興段,6.41,都市：住,10000,623,持分移轉,04560000
RPRNMLMLKHIGFAM28DB,福興段,6.59,都市：住,10000,623,持分移轉,04570000
RPRNMLMLKHIGFAM28DB,福興段,7.43,都市：住,10000,623,持分移轉,04580000
RPPNMLOLKHIGFBM38DB,保安段,19.65,非都市：鄉村區 ; 非都市編定：乙種建築用地,100000,1700,持分移轉,06660000
RPSNMLOLKHIGFAM48CB,牛運堀段,84.32,都市：住,100000,2454,持分移轉,01740000
RPSNMLOLKHIGFAM48CB,牛運堀段,30.16,都市：住,100000,2454,持分移轉,01780001
RPSNMLOLKHIGFAM48CB,牛運堀段,4.42,都市：住,100000,2454,持分移轉,01790001
RPSNMLOLKHIGFAM48CB,牛運堀段,3.41,都市：住,100000,2454,持分移轉,01790002
RPSNMLOLKHIGFAM48CB,牛運堀段,3.19,都市：住,100000,2454,持分移轉,01790004
RPQNMLNLKHIGFDM48CB,延祥段,35.29,都市：住,1000000,22748,持分移轉,00650000
RPPNMLQJLHIGFCM48CB,忠孝段,24.40,都市：住,10000,114,持分移轉,02330000
RPPNMLOKLHIGFAM18CB,新廍段,21.09,都市：住,100000,354,持分移轉,06870000
