﻿編號,土地位置,土地移轉面積(平方公尺),使用分區或編定,權利人持分分母,權利人持分分子,移轉情形,地號
The serial number, land position,land shifting area square meter,the use zoning or compiles and checks,,,,land parcel
RPPNMLOKJIHGFAO18CB,育賢段,32.89,都市：住,100000,980,持分移轉,00140002
RPRNMLPKJIHGFAO58DB,中華段,19.03,都市：住,100000,2136,持分移轉,08440000
RPPNMLPKJIHGFAO28CB,民主段,22.31,都市：住,10000,498,持分移轉,16340000
RPQNMLPKJIHGFAO48DB,中華段,18.06,都市：住,100000,2027,持分移轉,08440000
RPSNMLPKJIHGFAO68DB,中華段,19.03,都市：住,100000,2136,持分移轉,08440000
RPVNMLSKJIHGFAO56CB,育賢段,33.02,都市：住,100000,984,持分移轉,00140002
RPPNMLSKJIHGFAO58CB,育賢段,43.49,都市：住,100000,1296,持分移轉,00140002
RPOOMLSKJIHGFAO58CB,育賢段,49.90,都市：住,100000,1487,持分移轉,00140002
RPQNMLSKJIHGFAO68CB,育賢段,32.89,都市：住,100000,980,持分移轉,00140002
RPRNMLSKJIHGFAO78CB,育賢段,32.92,都市：住,100000,981,持分移轉,00140002
RPVNMLLLJIHGFAO58CB,育賢段,95.58,都市：住,1,1,全筆移轉,00150016
RPPNMLTKJIHGFAO78DB,中華段,21.13,都市：住,100000,2371,持分移轉,08440000
RPWNMLLLJIHGFAO68CB,育賢段,43.49,都市：住,100000,1296,持分移轉,00140002
RPPNMLNLJIHGFAO18CB,金雅段,36.62,非都市：鄉村區 ; 非都市編定：乙種建築用地,100000,1562,持分移轉,00620000
RPQNMLNLJIHGFAO28CB,金雅段,30.87,非都市：鄉村區 ; 非都市編定：乙種建築用地,100000,1317,持分移轉,00620000
RPRNMLLLJIHGFAO18CB,金雅段,21.31,非都市：鄉村區 ; 非都市編定：乙種建築用地,100000,1095,持分移轉,00470000
RPRNMLNLJIHGFAO38CB,金雅段,32.84,非都市：鄉村區 ; 非都市編定：乙種建築用地,100000,1401,持分移轉,00620000
RPPNMLRLJIHGFAO68DB,中華段,18.06,都市：住,100000,2027,持分移轉,08440000
RPPNMLLLJIHGFAO97CB,金雅段,29.08,非都市：鄉村區 ; 非都市編定：乙種建築用地,100000,1494,持分移轉,00470000
RPQNMLRLJIHGFAO78DB,中華段,19.03,都市：住,100000,2136,持分移轉,08440000
RPVOMLKMJIHGFAO68CB,光武段,11.42,都市：住,10000,226,持分移轉,11310000
RPVOMLKMJIHGFAO68CB,光武段,7.18,都市：住,10000,226,持分移轉,11320000
RPWOMLKMJIHGFAO78CB,光武段,17.53,都市：住,10000,347,持分移轉,11310000
RPWOMLKMJIHGFAO78CB,光武段,11.03,都市：住,10000,347,持分移轉,11320000
RPRNMLRLJIHGFAO88DB,中華段,18.06,都市：住,100000,2027,持分移轉,08440000
RPQNMLLJKIHGFAO97CB,南湖段,69.20,非都市：鄉村區 ; 非都市編定：乙種建築用地,1,1,全筆移轉,10590006
RPRNMLLJKIHGFAO08CB,南湖段,57.42,非都市：鄉村區 ; 非都市編定：乙種建築用地,1,1,全筆移轉,10590009
RPQNMLLJKIHGFAO97CB,南湖段,1.30,非都市：鄉村區 ; 非都市編定：乙種建築用地,12,1,持分移轉,10590012
RPRNMLLJKIHGFAO08CB,南湖段,1.30,非都市：鄉村區 ; 非都市編定：乙種建築用地,12,1,持分移轉,10590012
RPRNMLLJKIHGFAO08CB,南湖段,16.52,非都市：鄉村區 ; 非都市編定：乙種建築用地,12,1,持分移轉,10590013
RPQNMLLJKIHGFAO97CB,南湖段,16.52,非都市：鄉村區 ; 非都市編定：乙種建築用地,12,1,持分移轉,10590013
RPSNMLLJKIHGFAO18CB,南寮段,41.23,都市：住,900000,45968,持分移轉,01120000
RPQNMLNJKIHGFAO18CB,力行段,212.90,非都市：山坡地保育區 ; 非都市編定：丁種建築用地,1,1,全筆移轉,01150062
RPQNMLNJKIHGFAO18CB,力行段,27.09,非都市：山坡地保育區 ; 非都市編定：丁種建築用地,105232,2709,持分移轉,01150006
RPQNMLNJKIHGFAO18CB,力行段,12.66,非都市：山坡地保育區 ; 非都市編定：丁種建築用地,49185,1266,持分移轉,01150063
RPPNMLOJKIHGFAO28DB,中華段,21.13,都市：住,100000,2371,持分移轉,08440000
RPQNMLSJKIHGFAO68CB,金雅段,35.96,非都市：鄉村區 ; 非都市編定：乙種建築用地,100000,1534,持分移轉,00620000
RPSNMLNJKIHGFAO38CB,力行段,3689.02,非都市：山坡地保育區 ; 非都市編定：丁種建築用地,1,1,全筆移轉,01150070
RPSNMLNJKIHGFAO38CB,力行段,469.44,非都市：山坡地保育區 ; 非都市編定：丁種建築用地,105232,46944,持分移轉,01150006
RPSNMLNJKIHGFAO38CB,力行段,219.38,非都市：山坡地保育區 ; 非都市編定：丁種建築用地,49185,21938,持分移轉,01150063
RPRNMLSJKIHGFAO78CB,光華段,7.53,都市：住,10000,182,持分移轉,13010000
RPPNMLNJKIHGFAO08CB,力行段,201.22,非都市：山坡地保育區 ; 非都市編定：丁種建築用地,1,1,全筆移轉,01150061
RPPNMLNJKIHGFAO08CB,力行段,25.60,非都市：山坡地保育區 ; 非都市編定：丁種建築用地,105232,2560,持分移轉,01150006
RPPNMLNJKIHGFAO08CB,力行段,11.97,非都市：山坡地保育區 ; 非都市編定：丁種建築用地,49185,1197,持分移轉,01150063
RPUNMLSJKIHGFAO09CB,光華段,7.53,都市：住,10000,182,持分移轉,13010000
RPTNMLSJKIHGFAO98CB,光華段,9.65,都市：住,10000,233,持分移轉,13010000
RPSNMLSJKIHGFAO88CB,光華段,9.65,都市：住,10000,233,持分移轉,13010000
RPQNMLLKKIHGFAO08CB,光華段,9.65,都市：住,10000,233,持分移轉,13010000
RPPNMLNKKIHGFAO18CB,金雅段,6.51,非都市：鄉村區 ; 非都市編定：乙種建築用地,100000,4062,持分移轉,03020000
RPPNMLNKKIHGFAO18CB,舊社段,24.01,非都市：特定農業區 ; 非都市編定：甲種建築用地,100000,4062,持分移轉,02960000
RPPNMLPKKIHGFAO38CB,南湖段,84.34,非都市：鄉村區 ; 非都市編定：乙種建築用地,1,1,全筆移轉,10590001
RPPNMLPKKIHGFAO38CB,南湖段,1.30,非都市：鄉村區 ; 非都市編定：乙種建築用地,12,1,持分移轉,10590012
RPPNMLPKKIHGFAO38CB,南湖段,16.52,非都市：鄉村區 ; 非都市編定：乙種建築用地,12,1,持分移轉,10590013
RPQNMLLKKIHGFAO18DB,中華段,21.13,都市：住,100000,2371,持分移轉,08440000
RPPNMLLKKIHGFAO08DB,中華段,20.97,都市：住,100000,2353,持分移轉,08440000
RPQNMLMKKIHGFAO18CB,金雅段,21.27,非都市：鄉村區 ; 非都市編定：乙種建築用地,100000,1093,持分移轉,00470000
RPPNMLNLKIHGFAO28CB,崙子段,6.49,都市：住,10000,460,持分移轉,07450000
RPPNMLNLKIHGFAO28CB,崙子段,6.39,都市：住,10000,460,持分移轉,07460000
RPPNMLNLKIHGFAO28CB,崙子段,6.44,都市：住,10000,460,持分移轉,07470000
RPPNMLNLKIHGFAO28CB,崙子段,6.49,都市：住,10000,460,持分移轉,07480000
RPPNMLNLKIHGFAO28CB,崙子段,5.70,都市：住,10000,460,持分移轉,07490000
RPQNMLPLKIHGFAO68DB,中華段,18.06,都市：住,100000,2027,持分移轉,08440000
RPPNMLTKKIHGFAO88DB,民富段,54.03,都市：住,10000,1361,持分移轉,09030003
RPPNMLPLKIHGFAO58DB,中華段,19.03,都市：住,100000,2136,持分移轉,08440000
RPRNMLPLKIHGFAO78DB,中華段,19.03,都市：住,100000,2136,持分移轉,08440000
RPPNMLRLKIHGFAO78DB,東山段一小段,63.00,都市：住,1,1,全筆移轉,02580001
RPPNMLTLKIHGFAO88CB,香村段,42.72,非都市：山坡地保育區 ; 非都市編定：丙種建築用地,100000,2352,持分移轉,04270004
RPPNMLTLKIHGFAO88CB,大湖段,70.61,非都市：一般農業區 ; 非都市編定：丙種建築用地,100000,2352,持分移轉,00690001
RPPNMLTLKIHGFAO88CB,大湖段,23.33,非都市：一般農業區 ; 非都市編定：丙種建築用地,100000,2352,持分移轉,00690002
RPPNMLSLKIHGFAO78CB,南華段,78.30,都市：住,1,1,全筆移轉,05380001
RPQNMLRLKIHGFAO78CB,育賢段,43.59,都市：住,100000,1299,持分移轉,00140002
RPRNMLRLKIHGFAO88CB,力行段,40.97,非都市：山坡地保育區 ; 非都市編定：丁種建築用地,100000,1356,持分移轉,01150000
RPRNMLRLKIHGFAO88CB,力行段,28.46,非都市：山坡地保育區 ; 非都市編定：丁種建築用地,10000,114,持分移轉,01150050
RPSNMLTLKIHGFAO56CB,聚吉段,17.29,都市：商,100000,1057,持分移轉,00620000
RPPNMLRLKIHGFAO68CB,育賢段,33.02,都市：住,100000,984,持分移轉,00140002
RPRNMLTLKIHGFAO09CB,南湖段,48.29,非都市：鄉村區 ; 非都市編定：乙種建築用地,1,1,全筆移轉,10590010
RPRNMLTLKIHGFAO09CB,南湖段,1.30,非都市：鄉村區 ; 非都市編定：乙種建築用地,12,1,持分移轉,10590012
RPRNMLTLKIHGFAO09CB,南湖段,16.52,非都市：鄉村區 ; 非都市編定：乙種建築用地,12,1,持分移轉,10590013
RPQNMLTLKIHGFAO98CB,香村段,41.30,非都市：山坡地保育區 ; 非都市編定：丙種建築用地,100000,2274,持分移轉,04270004
RPQNMLTLKIHGFAO98CB,大湖段,68.27,非都市：一般農業區 ; 非都市編定：丙種建築用地,100000,2274,持分移轉,00690001
RPQNMLTLKIHGFAO98CB,大湖段,22.56,非都市：一般農業區 ; 非都市編定：丙種建築用地,100000,2274,持分移轉,00690002
RPTNMLTLKIHGFAO66CB,聚吉段,17.23,都市：商,100000,1053,持分移轉,00620000
RPRPMLTLKIHGFAO66CB,聚吉段,10.93,都市：商,100000,668,持分移轉,00620000
RPUPMLTLKIHGFAO96CB,聚吉段,10.93,都市：商,100000,668,持分移轉,00620000
RPVPMLTLKIHGFAO07CB,聚吉段,14.41,都市：商,100000,881,持分移轉,00620000
RPSPMLTLKIHGFAO76CB,聚吉段,14.41,都市：商,100000,881,持分移轉,00620000
RPUNMLTLKIHGFAO76CB,聚吉段,17.23,都市：商,100000,1053,持分移轉,00620000
RPWPMLTLKIHGFAO17CB,聚吉段,14.41,都市：商,100000,881,持分移轉,00620000
RPTPMLTLKIHGFAO86CB,聚吉段,10.93,都市：商,100000,668,持分移轉,00620000
RPXPMLTLKIHGFAO27CB,聚吉段,14.30,都市：商,100000,874,持分移轉,00620000
RPOQMLTLKIHGFAO09CB,聚吉段,10.93,都市：商,100000,668,持分移轉,00620000
RPPNMLMJJHIGFAO87CB,金雅段,6.50,非都市：鄉村區 ; 非都市編定：乙種建築用地,100000,4058,持分移轉,03020000
RPPNMLMJJHIGFAO87CB,舊社段,23.98,非都市：特定農業區 ; 非都市編定：甲種建築用地,100000,4058,持分移轉,02960000
RPRNMLMJJHIGFAO08CB,光武段,12.61,都市：商,100000,362,持分移轉,10150000
RPQNMLMJJHIGFAO97CB,光武段,15.85,都市：商,100000,455,持分移轉,10150000
RPTNMLMJJHIGFAO28CB,光武段,10.03,都市：商,100000,288,持分移轉,10150000
RPSNMLMJJHIGFAO18CB,光武段,10.00,都市：商,100000,287,持分移轉,10150000
RPUNMLMJJHIGFAO38CB,光武段,14.80,都市：商,100000,425,持分移轉,10150000
RPPNMLKKJHIGFAO77CB,南湖段,68.07,非都市：鄉村區 ; 非都市編定：乙種建築用地,1,1,全筆移轉,10590005
RPPNMLKKJHIGFAO77CB,南湖段,1.30,非都市：鄉村區 ; 非都市編定：乙種建築用地,12,1,持分移轉,10590012
RPPNMLKKJHIGFAO77CB,南湖段,16.52,非都市：鄉村區 ; 非都市編定：乙種建築用地,12,1,持分移轉,10590013
RPQNMLKKJHIGFAO87CB,南湖段,61.09,非都市：鄉村區 ; 非都市編定：乙種建築用地,1,1,全筆移轉,10590007
RPQNMLKKJHIGFAO87CB,南湖段,1.30,非都市：鄉村區 ; 非都市編定：乙種建築用地,12,1,持分移轉,10590012
RPQNMLKKJHIGFAO87CB,南湖段,16.52,非都市：鄉村區 ; 非都市編定：乙種建築用地,12,1,持分移轉,10590013
RPQNMLSJJHIGFAO58CB,聚吉段,14.36,都市：商,100000,878,持分移轉,00620000
RPPNMLSJJHIGFAO48CB,聚吉段,13.14,都市：商,100000,803,持分移轉,00620000
RPRNMLKKJHIGFAO97CB,南湖段,62.74,非都市：鄉村區 ; 非都市編定：乙種建築用地,1,1,全筆移轉,10590011
RPRNMLKKJHIGFAO97CB,南湖段,1.30,非都市：鄉村區 ; 非都市編定：乙種建築用地,12,1,持分移轉,10590012
RPRNMLKKJHIGFAO97CB,南湖段,16.52,非都市：鄉村區 ; 非都市編定：乙種建築用地,12,1,持分移轉,10590013
RPSNMLKKJHIGFAO08CB,聚吉段,13.14,都市：商,100000,803,持分移轉,00620000
RPTNMLKKJHIGFAO18CB,聚吉段,14.36,都市：商,100000,878,持分移轉,00620000
RPRNMLNKJHIGFAO38DB,中華段,20.97,都市：住,100000,2353,持分移轉,08440000
RPPNMLNKJHIGFAO08CB,金雅段,6.51,非都市：鄉村區 ; 非都市編定：乙種建築用地,100000,4062,持分移轉,03020000
RPPNMLNKJHIGFAO08CB,舊社段,24.01,非都市：特定農業區 ; 非都市編定：甲種建築用地,100000,4062,持分移轉,02960000
RPUNMLKKJHIGFAO28CB,聚吉段,14.31,都市：商,100000,875,持分移轉,00620000
RPPNMLPKJHIGFAO28CB,聚吉段,17.23,都市：商,100000,1053,持分移轉,00620000
RPQNMLPKJHIGFAO38CB,聚吉段,14.41,都市：商,100000,881,持分移轉,00620000
RPRNMLPKJHIGFAO48CB,金雅段,30.87,非都市：鄉村區 ; 非都市編定：乙種建築用地,100000,1317,持分移轉,00620000
RPQNMLNKJHIGFAO28DB,中華段,19.03,都市：住,100000,2136,持分移轉,08440000
RPPNMLRKJHIGFAO48CB,民富段,3.86,都市：商,10000,200,持分移轉,24130000
RPPNMLQKJHIGFAO38CB,聚吉段,14.31,都市：商,100000,875,持分移轉,00620000
RPPNMLRKJHIGFAO48CB,民富段,1.26,都市：商,10000,200,持分移轉,24130001
RPPNMLRKJHIGFAO48CB,民富段,5.78,都市：商,10000,200,持分移轉,24140000
RPPNMLRKJHIGFAO48CB,民富段,5.34,都市：商,10000,200,持分移轉,24150000
RPPNMLRKJHIGFAO48CB,民富段,.44,都市：商,10000,200,持分移轉,24150001
RPPNMLRKJHIGFAO48CB,民富段,4.22,都市：商,10000,200,持分移轉,24160000
RPPNMLRKJHIGFAO48CB,民富段,1.82,都市：商,10000,200,持分移轉,24180000
RPPNMLRKJHIGFAO48CB,民富段,.48,都市：商,10000,200,持分移轉,24190000
RPQNMLRKJHIGFAO58CB,民富段,3.86,都市：商,10000,200,持分移轉,24130000
RPQNMLRKJHIGFAO58CB,民富段,1.26,都市：商,10000,200,持分移轉,24130001
RPQNMLRKJHIGFAO58CB,民富段,5.78,都市：商,10000,200,持分移轉,24140000
RPQNMLRKJHIGFAO58CB,民富段,5.34,都市：商,10000,200,持分移轉,24150000
RPQNMLRKJHIGFAO58CB,民富段,.44,都市：商,10000,200,持分移轉,24150001
RPQNMLRKJHIGFAO58CB,民富段,4.22,都市：商,10000,200,持分移轉,24160000
RPQNMLRKJHIGFAO58CB,民富段,1.82,都市：商,10000,200,持分移轉,24180000
RPQNMLRKJHIGFAO58CB,民富段,.48,都市：商,10000,200,持分移轉,24190000
RPRNMLRKJHIGFAO68CB,民富段,2.74,都市：商,10000,142,持分移轉,24130000
RPRNMLRKJHIGFAO68CB,民富段,.89,都市：商,10000,142,持分移轉,24130001
RPRNMLRKJHIGFAO68CB,民富段,4.10,都市：商,10000,142,持分移轉,24140000
RPRNMLRKJHIGFAO68CB,民富段,3.79,都市：商,10000,142,持分移轉,24150000
RPRNMLRKJHIGFAO68CB,民富段,.31,都市：商,10000,142,持分移轉,24150001
RPRNMLRKJHIGFAO68CB,民富段,3.00,都市：商,10000,142,持分移轉,24160000
RPRNMLRKJHIGFAO68CB,民富段,1.29,都市：商,10000,142,持分移轉,24180000
RPRNMLRKJHIGFAO68CB,民富段,.34,都市：商,10000,142,持分移轉,24190000
RPVNMLRKJHIGFAO09CB,民富段,2.74,都市：商,10000,142,持分移轉,24130000
RPVNMLRKJHIGFAO09CB,民富段,.89,都市：商,10000,142,持分移轉,24130001
RPVNMLRKJHIGFAO09CB,民富段,4.10,都市：商,10000,142,持分移轉,24140000
RPVNMLRKJHIGFAO09CB,民富段,3.79,都市：商,10000,142,持分移轉,24150000
RPVNMLRKJHIGFAO09CB,民富段,.31,都市：商,10000,142,持分移轉,24150001
RPVNMLRKJHIGFAO09CB,民富段,3.00,都市：商,10000,142,持分移轉,24160000
RPVNMLRKJHIGFAO09CB,民富段,1.29,都市：商,10000,142,持分移轉,24180000
RPVNMLRKJHIGFAO09CB,民富段,.34,都市：商,10000,142,持分移轉,24190000
RPUNMLRKJHIGFAO98CB,民富段,2.74,都市：商,10000,142,持分移轉,24130000
RPUNMLRKJHIGFAO98CB,民富段,.89,都市：商,10000,142,持分移轉,24130001
RPUNMLRKJHIGFAO98CB,民富段,4.10,都市：商,10000,142,持分移轉,24140000
RPUNMLRKJHIGFAO98CB,民富段,3.79,都市：商,10000,142,持分移轉,24150000
RPUNMLRKJHIGFAO98CB,民富段,.31,都市：商,10000,142,持分移轉,24150001
RPUNMLRKJHIGFAO98CB,民富段,3.00,都市：商,10000,142,持分移轉,24160000
RPUNMLRKJHIGFAO98CB,民富段,1.29,都市：商,10000,142,持分移轉,24180000
RPUNMLRKJHIGFAO98CB,民富段,.34,都市：商,10000,142,持分移轉,24190000
RPTNMLRKJHIGFAO88CB,民富段,3.88,都市：商,10000,201,持分移轉,24130000
RPTNMLRKJHIGFAO88CB,民富段,1.27,都市：商,10000,201,持分移轉,24130001
RPTNMLRKJHIGFAO88CB,民富段,5.81,都市：商,10000,201,持分移轉,24140000
RPTNMLRKJHIGFAO88CB,民富段,5.37,都市：商,10000,201,持分移轉,24150000
RPTNMLRKJHIGFAO88CB,民富段,.44,都市：商,10000,201,持分移轉,24150001
RPTNMLRKJHIGFAO88CB,民富段,4.24,都市：商,10000,201,持分移轉,24160000
RPTNMLRKJHIGFAO88CB,民富段,1.83,都市：商,10000,201,持分移轉,24180000
RPTNMLRKJHIGFAO88CB,民富段,.48,都市：商,10000,201,持分移轉,24190000
RPWNMLRKJHIGFAO56CB,民富段,3.86,都市：商,10000,200,持分移轉,24130000
RPWNMLRKJHIGFAO56CB,民富段,1.26,都市：商,10000,200,持分移轉,24130001
RPWNMLRKJHIGFAO56CB,民富段,5.78,都市：商,10000,200,持分移轉,24140000
RPWNMLRKJHIGFAO56CB,民富段,5.34,都市：商,10000,200,持分移轉,24150000
RPWNMLRKJHIGFAO56CB,民富段,.44,都市：商,10000,200,持分移轉,24150001
RPWNMLRKJHIGFAO56CB,民富段,4.22,都市：商,10000,200,持分移轉,24160000
RPWNMLRKJHIGFAO56CB,民富段,1.82,都市：商,10000,200,持分移轉,24180000
RPWNMLRKJHIGFAO56CB,民富段,.48,都市：商,10000,200,持分移轉,24190000
RPSNMLRKJHIGFAO78CB,民富段,2.26,都市：商,10000,117,持分移轉,24130000
RPSNMLRKJHIGFAO78CB,民富段,.74,都市：商,10000,117,持分移轉,24130001
RPSNMLRKJHIGFAO78CB,民富段,3.38,都市：商,10000,117,持分移轉,24140000
RPSNMLRKJHIGFAO78CB,民富段,3.12,都市：商,10000,117,持分移轉,24150000
RPRNMLSKJHIGFAO78CB,金雅段,22.46,非都市：鄉村區 ; 非都市編定：乙種建築用地,100000,2574,持分移轉,01190000
RPSNMLRKJHIGFAO78CB,民富段,.26,都市：商,10000,117,持分移轉,24150001
RPPNMLSKJHIGFAO58CB,金雅段,32.43,非都市：鄉村區 ; 非都市編定：乙種建築用地,100000,1666,持分移轉,00470000
RPSNMLRKJHIGFAO78CB,民富段,2.47,都市：商,10000,117,持分移轉,24160000
RPSNMLRKJHIGFAO78CB,民富段,1.06,都市：商,10000,117,持分移轉,24180000
RPSNMLRKJHIGFAO78CB,民富段,.28,都市：商,10000,117,持分移轉,24190000
RPXNMLSKJHIGFAO76CB,力行段,222.47,非都市：山坡地保育區 ; 非都市編定：丁種建築用地,1,1,全筆移轉,01150084
RPXNMLSKJHIGFAO76CB,力行段,28.31,非都市：山坡地保育區 ; 非都市編定：丁種建築用地,105232,2831,持分移轉,01150006
RPXNMLSKJHIGFAO76CB,力行段,13.23,非都市：山坡地保育區 ; 非都市編定：丁種建築用地,49185,1323,持分移轉,01150063
RPQNMLSKJHIGFAO68CB,金雅段,22.46,非都市：鄉村區 ; 非都市編定：乙種建築用地,100000,2574,持分移轉,01190000
RPOOMLSKJHIGFAO58CB,復興段,71.46,都市：工,100000,1613,持分移轉,05020000
RPQNMLTKJHIGFAO78CB,內湖段,82.32,非都市：山坡地保育區 ; 非都市編定：丙種建築用地,1,1,全筆移轉,04070215
RPQNMLTKJHIGFAO78CB,內湖段,22.29,非都市：山坡地保育區 ; 非都市編定：丙種建築用地,92,1,持分移轉,04070000
RPPNMLTKJHIGFAO68CB,內湖段,71.28,非都市：山坡地保育區 ; 非都市編定：丙種建築用地,1,1,全筆移轉,04070179
RPPNMLTKJHIGFAO68CB,內湖段,73.41,非都市：山坡地保育區 ; 非都市編定：國土保安用地,1,1,全筆移轉,04070270
RPPNMLTKJHIGFAO68CB,內湖段,22.29,非都市：山坡地保育區 ; 非都市編定：丙種建築用地,92,1,持分移轉,04070000
RPRNMLTKJHIGFAO88CB,內湖段,75.80,非都市：山坡地保育區 ; 非都市編定：丙種建築用地,1,1,全筆移轉,04070153
RPRNMLTKJHIGFAO88CB,內湖段,74.02,非都市：山坡地保育區 ; 非都市編定：國土保安用地,1,1,全筆移轉,04070244
RPRNMLTKJHIGFAO88CB,內湖段,22.29,非都市：山坡地保育區 ; 非都市編定：丙種建築用地,92,1,持分移轉,04070000
RPSNMLTKJHIGFAO98CB,內湖段,72.64,非都市：山坡地保育區 ; 非都市編定：丙種建築用地,1,1,全筆移轉,04070218
RPSNMLTKJHIGFAO98CB,內湖段,22.29,非都市：山坡地保育區 ; 非都市編定：丙種建築用地,92,1,持分移轉,04070000
RPUNMLTKJHIGFAO56CB,內湖段,75.07,非都市：山坡地保育區 ; 非都市編定：丙種建築用地,1,1,全筆移轉,04070222
RPUNMLTKJHIGFAO56CB,內湖段,22.29,非都市：山坡地保育區 ; 非都市編定：丙種建築用地,92,1,持分移轉,04070000
RPWNMLTKJHIGFAO76CB,光武段,10.00,都市：商,100000,287,持分移轉,10150000
RPTNMLTKJHIGFAO09CB,內湖段,73.95,非都市：山坡地保育區 ; 非都市編定：丙種建築用地,1,1,全筆移轉,04070220
RPTNMLTKJHIGFAO09CB,內湖段,22.29,非都市：山坡地保育區 ; 非都市編定：丙種建築用地,92,1,持分移轉,04070000
RPXNMLTKJHIGFAO86CB,光武段,13.97,都市：商,100000,401,持分移轉,10150000
RPPNMLLJKHIGFAO87CB,內湖段,74.62,非都市：山坡地保育區 ; 非都市編定：丙種建築用地,1,1,全筆移轉,04070185
RPTNMLLJKHIGFAO28CB,民富段,2.74,都市：商,10000,142,持分移轉,24130000
RPPNMLLJKHIGFAO87CB,內湖段,117.05,非都市：山坡地保育區 ; 非都市編定：國土保安用地,1,1,全筆移轉,04070276
RPPNMLLJKHIGFAO87CB,內湖段,22.29,非都市：山坡地保育區 ; 非都市編定：丙種建築用地,92,1,持分移轉,04070000
RPTNMLLJKHIGFAO28CB,民富段,.89,都市：商,10000,142,持分移轉,24130001
RPTNMLLJKHIGFAO28CB,民富段,4.10,都市：商,10000,142,持分移轉,24140000
RPTNMLLJKHIGFAO28CB,民富段,3.79,都市：商,10000,142,持分移轉,24150000
RPTNMLLJKHIGFAO28CB,民富段,.31,都市：商,10000,142,持分移轉,24150001
RPTNMLLJKHIGFAO28CB,民富段,3.00,都市：商,10000,142,持分移轉,24160000
RPTNMLLJKHIGFAO28CB,民富段,1.29,都市：商,10000,142,持分移轉,24180000
RPTNMLLJKHIGFAO28CB,民富段,.34,都市：商,10000,142,持分移轉,24190000
RPQNMLLJKHIGFAO97CB,內湖段,97.17,非都市：山坡地保育區 ; 非都市編定：丙種建築用地,1,1,全筆移轉,04070143
RPQNMLLJKHIGFAO97CB,內湖段,88.25,非都市：山坡地保育區 ; 非都市編定：國土保安用地,1,1,全筆移轉,04070234
RPQNMLLJKHIGFAO97CB,內湖段,22.29,非都市：山坡地保育區 ; 非都市編定：丙種建築用地,92,1,持分移轉,04070000
RPPNMLRLJHIGFAO58CB,南寮段,41.23,都市：住,900000,45968,持分移轉,01120000
RPQNMLNJKHIGFAO18CB,金雅段,33.04,非都市：鄉村區 ; 非都市編定：乙種建築用地,100000,996,持分移轉,00840000
RPVNMLTKJHIGFAO66CB,光武段,10.00,都市：商,100000,287,持分移轉,10150000
RPPNMLMJKHIGFAO97CB,光華段,7.53,都市：住,10000,182,持分移轉,13010000
RPTNMLNJKHIGFAO48CB,金雅段,38.98,非都市：鄉村區 ; 非都市編定：乙種建築用地,100000,1175,持分移轉,00840000
RPRNMLNJKHIGFAO28CB,金雅段,38.98,非都市：鄉村區 ; 非都市編定：乙種建築用地,100000,1175,持分移轉,00840000
RPSNMLNJKHIGFAO38CB,金雅段,31.95,非都市：鄉村區 ; 非都市編定：乙種建築用地,100000,963,持分移轉,00840000
RPUNMLNJKHIGFAO58CB,金雅段,38.98,非都市：鄉村區 ; 非都市編定：乙種建築用地,100000,1175,持分移轉,00840000
RPPNMLQJKHIGFAO38CB,民富段,2.30,都市：商,10000,119,持分移轉,24130000
RPPNMLQJKHIGFAO38CB,民富段,.75,都市：商,10000,119,持分移轉,24130001
RPPNMLQJKHIGFAO38CB,民富段,3.44,都市：商,10000,119,持分移轉,24140000
RPPNMLQJKHIGFAO38CB,民富段,3.18,都市：商,10000,119,持分移轉,24150000
RPPNMLQJKHIGFAO38CB,民富段,.26,都市：商,10000,119,持分移轉,24150001
RPPNMLQJKHIGFAO38CB,民富段,2.51,都市：商,10000,119,持分移轉,24160000
RPPNMLQJKHIGFAO38CB,民富段,1.08,都市：商,10000,119,持分移轉,24180000
RPPNMLQJKHIGFAO38CB,民富段,.29,都市：商,10000,119,持分移轉,24190000
RPSNMLQJKHIGFAO68CB,光武段,56.36,都市：商,100000,1618,持分移轉,10150000
RPUNMLQJKHIGFAO88CB,光武段,9.34,都市：商,100000,268,持分移轉,10150000
RPTNMLQJKHIGFAO78CB,光武段,17.77,都市：商,100000,510,持分移轉,10150000
RPPNMLRJKHIGFAO48CB,內湖段,93.48,非都市：山坡地保育區 ; 非都市編定：丙種建築用地,1,1,全筆移轉,04070145
RPPNMLRJKHIGFAO48CB,內湖段,100.29,非都市：山坡地保育區 ; 非都市編定：國土保安用地,1,1,全筆移轉,04070236
RPPNMLRJKHIGFAO48CB,內湖段,22.29,非都市：山坡地保育區 ; 非都市編定：丙種建築用地,92,1,持分移轉,04070000
RPVNMLQJKHIGFAO98CB,光武段,9.34,都市：商,100000,268,持分移轉,10150000
RPSNMLRJKHIGFAO78CB,內湖段,76.29,非都市：山坡地保育區 ; 非都市編定：丙種建築用地,1,1,全筆移轉,04070182
RPSNMLRJKHIGFAO78CB,內湖段,98.61,非都市：山坡地保育區 ; 非都市編定：國土保安用地,1,1,全筆移轉,04070273
RPSNMLRJKHIGFAO78CB,內湖段,22.29,非都市：山坡地保育區 ; 非都市編定：丙種建築用地,92,1,持分移轉,04070000
RPQNMLRJKHIGFAO58CB,內湖段,88.03,非都市：山坡地保育區 ; 非都市編定：丙種建築用地,1,1,全筆移轉,04070214
RPQNMLRJKHIGFAO58CB,內湖段,22.29,非都市：山坡地保育區 ; 非都市編定：丙種建築用地,92,1,持分移轉,04070000
RPRNMLRJKHIGFAO68CB,內湖段,111.15,非都市：山坡地保育區 ; 非都市編定：丙種建築用地,1,1,全筆移轉,04070177
RPRNMLRJKHIGFAO68CB,內湖段,97.64,非都市：山坡地保育區 ; 非都市編定：國土保安用地,1,1,全筆移轉,04070268
RPRNMLRJKHIGFAO68CB,內湖段,22.29,非都市：山坡地保育區 ; 非都市編定：丙種建築用地,92,1,持分移轉,04070000
RPUNMLRJKHIGFAO98CB,內湖段,85.95,非都市：山坡地保育區 ; 非都市編定：丙種建築用地,1,1,全筆移轉,04070188
RPUNMLRJKHIGFAO98CB,內湖段,222.77,非都市：山坡地保育區 ; 非都市編定：國土保安用地,1,1,全筆移轉,04070279
RPUNMLRJKHIGFAO98CB,內湖段,22.29,非都市：山坡地保育區 ; 非都市編定：丙種建築用地,92,1,持分移轉,04070000
RPWNMLRJKHIGFAO56CB,內湖段,65.63,非都市：山坡地保育區 ; 非都市編定：丙種建築用地,1,1,全筆移轉,04070181
RPWNMLRJKHIGFAO56CB,內湖段,73.41,非都市：山坡地保育區 ; 非都市編定：國土保安用地,1,1,全筆移轉,04070272
RPWNMLRJKHIGFAO56CB,內湖段,22.29,非都市：山坡地保育區 ; 非都市編定：丙種建築用地,92,1,持分移轉,04070000
RPVNMLRJKHIGFAO09CB,內湖段,72.67,非都市：山坡地保育區 ; 非都市編定：丙種建築用地,1,1,全筆移轉,04070221
RPVNMLRJKHIGFAO09CB,內湖段,22.29,非都市：山坡地保育區 ; 非都市編定：丙種建築用地,92,1,持分移轉,04070000
RPTNMLRJKHIGFAO88CB,內湖段,120.06,非都市：山坡地保育區 ; 非都市編定：丙種建築用地,1,1,全筆移轉,04070146
RPTNMLRJKHIGFAO88CB,內湖段,136.74,非都市：山坡地保育區 ; 非都市編定：國土保安用地,1,1,全筆移轉,04070237
RPTNMLRJKHIGFAO88CB,內湖段,22.29,非都市：山坡地保育區 ; 非都市編定：丙種建築用地,92,1,持分移轉,04070000
RPOOMLRJKHIGFAO48CB,內湖段,96.91,非都市：山坡地保育區 ; 非都市編定：丙種建築用地,1,1,全筆移轉,04070165
RPOOMLRJKHIGFAO48CB,內湖段,120.35,非都市：山坡地保育區 ; 非都市編定：國土保安用地,1,1,全筆移轉,04070256
RPOOMLRJKHIGFAO48CB,內湖段,22.29,非都市：山坡地保育區 ; 非都市編定：丙種建築用地,92,1,持分移轉,04070000
RPPOMLRJKHIGFAO58CB,內湖段,107.74,非都市：山坡地保育區 ; 非都市編定：丙種建築用地,1,1,全筆移轉,04070140
RPPOMLRJKHIGFAO58CB,內湖段,74.67,非都市：山坡地保育區 ; 非都市編定：國土保安用地,1,1,全筆移轉,04070231
RPPOMLRJKHIGFAO58CB,內湖段,22.29,非都市：山坡地保育區 ; 非都市編定：丙種建築用地,92,1,持分移轉,04070000
RPROMLRJKHIGFAO78CB,內湖段,115.27,非都市：山坡地保育區 ; 非都市編定：丙種建築用地,1,1,全筆移轉,04070141
RPROMLRJKHIGFAO78CB,內湖段,77.56,非都市：山坡地保育區 ; 非都市編定：國土保安用地,1,1,全筆移轉,04070232
RPROMLRJKHIGFAO78CB,內湖段,22.29,非都市：山坡地保育區 ; 非都市編定：丙種建築用地,92,1,持分移轉,04070000
RPSOMLRJKHIGFAO88CB,內湖段,91.97,非都市：山坡地保育區 ; 非都市編定：丙種建築用地,1,1,全筆移轉,04070224
RPSOMLRJKHIGFAO88CB,內湖段,22.29,非都市：山坡地保育區 ; 非都市編定：丙種建築用地,92,1,持分移轉,04070000
RPQOMLRJKHIGFAO68CB,內湖段,90.06,非都市：山坡地保育區 ; 非都市編定：丙種建築用地,1,1,全筆移轉,04070192
RPQOMLRJKHIGFAO68CB,內湖段,22.29,非都市：山坡地保育區 ; 非都市編定：丙種建築用地,92,1,持分移轉,04070000
RPXNMLRJKHIGFAO66CB,內湖段,72.57,非都市：山坡地保育區 ; 非都市編定：丙種建築用地,1,1,全筆移轉,04070186
RPXNMLRJKHIGFAO66CB,內湖段,174.02,非都市：山坡地保育區 ; 非都市編定：國土保安用地,1,1,全筆移轉,04070277
RPXNMLRJKHIGFAO66CB,內湖段,22.29,非都市：山坡地保育區 ; 非都市編定：丙種建築用地,92,1,持分移轉,04070000
RPVOMLRJKHIGFAO56CB,育賢段,33.02,都市：住,100000,984,持分移轉,00140002
RPTOMLRJKHIGFAO98CB,內湖段,85.21,非都市：山坡地保育區 ; 非都市編定：丙種建築用地,1,1,全筆移轉,04070191
RPTOMLRJKHIGFAO98CB,內湖段,22.29,非都市：山坡地保育區 ; 非都市編定：丙種建築用地,92,1,持分移轉,04070000
RPUOMLRJKHIGFAO09CB,內湖段,108.18,非都市：山坡地保育區 ; 非都市編定：丙種建築用地,1,1,全筆移轉,04070139
RPUOMLRJKHIGFAO09CB,內湖段,73.42,非都市：山坡地保育區 ; 非都市編定：國土保安用地,1,1,全筆移轉,04070230
RPUOMLRJKHIGFAO09CB,內湖段,22.29,非都市：山坡地保育區 ; 非都市編定：丙種建築用地,92,1,持分移轉,04070000
RPPNMLPKKHIGFAO38CB,民富段,2.26,都市：商,10000,117,持分移轉,24130000
RPQNMLKKKHIGFAO08DB,南港段,34.17,非都市：一般農業區 ; 非都市編定：甲種建築用地,100000,1831,持分移轉,05380000
RPPNMLPKKHIGFAO38CB,民富段,.74,都市：商,10000,117,持分移轉,24130001
RPQNMLTJKHIGFAO78CB,民富段,2.26,都市：商,10000,117,持分移轉,24130000
RPPNMLPKKHIGFAO38CB,民富段,3.38,都市：商,10000,117,持分移轉,24140000
RPQNMLTJKHIGFAO78CB,民富段,.74,都市：商,10000,117,持分移轉,24130001
RPPNMLPKKHIGFAO38CB,民富段,3.12,都市：商,10000,117,持分移轉,24150000
RPQNMLTJKHIGFAO78CB,民富段,3.38,都市：商,10000,117,持分移轉,24140000
RPPNMLPKKHIGFAO38CB,民富段,.26,都市：商,10000,117,持分移轉,24150001
RPQNMLTJKHIGFAO78CB,民富段,3.12,都市：商,10000,117,持分移轉,24150000
RPPNMLPKKHIGFAO38CB,民富段,2.47,都市：商,10000,117,持分移轉,24160000
RPQNMLTJKHIGFAO78CB,民富段,.26,都市：商,10000,117,持分移轉,24150001
RPPNMLPKKHIGFAO38CB,民富段,1.06,都市：商,10000,117,持分移轉,24180000
RPQNMLTJKHIGFAO78CB,民富段,2.47,都市：商,10000,117,持分移轉,24160000
RPPNMLPKKHIGFAO38CB,民富段,.28,都市：商,10000,117,持分移轉,24190000
RPQNMLTJKHIGFAO78CB,民富段,1.06,都市：商,10000,117,持分移轉,24180000
RPQNMLTJKHIGFAO78CB,民富段,.28,都市：商,10000,117,持分移轉,24190000
RPRNMLTJKHIGFAO88CB,民富段,2.26,都市：商,10000,117,持分移轉,24130000
RPRNMLTJKHIGFAO88CB,民富段,.74,都市：商,10000,117,持分移轉,24130001
RPRNMLTJKHIGFAO88CB,民富段,3.38,都市：商,10000,117,持分移轉,24140000
RPRNMLTJKHIGFAO88CB,民富段,3.12,都市：商,10000,117,持分移轉,24150000
RPRNMLTJKHIGFAO88CB,民富段,.26,都市：商,10000,117,持分移轉,24150001
RPRNMLTJKHIGFAO88CB,民富段,2.47,都市：商,10000,117,持分移轉,24160000
RPRNMLTJKHIGFAO88CB,民富段,1.06,都市：商,10000,117,持分移轉,24180000
RPRNMLTJKHIGFAO88CB,民富段,.28,都市：商,10000,117,持分移轉,24190000
RPRNMLPKKHIGFAO58CB,西門段二小段,8.73,都市：商,10000,677,持分移轉,00380000
RPRNMLPKKHIGFAO58CB,西門段二小段,.91,都市：商,10000,338,持分移轉,00250000
RPPNMLOKKHIGFAO28CB,民富段,2.26,都市：商,10000,117,持分移轉,24130000
RPPNMLOKKHIGFAO28CB,民富段,.74,都市：商,10000,117,持分移轉,24130001
RPPNMLOKKHIGFAO28CB,民富段,3.38,都市：商,10000,117,持分移轉,24140000
RPPNMLOKKHIGFAO28CB,民富段,3.12,都市：商,10000,117,持分移轉,24150000
RPPNMLOKKHIGFAO28CB,民富段,.26,都市：商,10000,117,持分移轉,24150001
RPPNMLOKKHIGFAO28CB,民富段,2.47,都市：商,10000,117,持分移轉,24160000
RPPNMLOKKHIGFAO28CB,民富段,1.06,都市：商,10000,117,持分移轉,24180000
RPPNMLOKKHIGFAO28CB,民富段,.28,都市：商,10000,117,持分移轉,24190000
RPPNMLTJKHIGFAO68CB,民富段,2.74,都市：商,10000,142,持分移轉,24130000
RPQNMLKLKHIGFAO08CB,明湖段,36.86,非都市：山坡地保育區 ; 非都市編定：丙種建築用地,100000,1297,持分移轉,10740012
RPPNMLTJKHIGFAO68CB,民富段,.89,都市：商,10000,142,持分移轉,24130001
RPPNMLTJKHIGFAO68CB,民富段,4.10,都市：商,10000,142,持分移轉,24140000
RPPNMLTJKHIGFAO68CB,民富段,3.79,都市：商,10000,142,持分移轉,24150000
RPPNMLTJKHIGFAO68CB,民富段,.31,都市：商,10000,142,持分移轉,24150001
RPPNMLTJKHIGFAO68CB,民富段,3.00,都市：商,10000,142,持分移轉,24160000
RPPNMLTJKHIGFAO68CB,民富段,1.29,都市：商,10000,142,持分移轉,24180000
RPPNMLTJKHIGFAO68CB,民富段,.34,都市：商,10000,142,持分移轉,24190000
RPQNMLPKKHIGFAO48CB,民主段,61.82,都市：住,10000,1380,持分移轉,16340000
RPQNMLLLKHIGFAO28DB,國道段,15.71,都市：商,10000,234,持分移轉,10420000
RPRNMLLLKHIGFAO38DB,國道段,16.38,都市：商,10000,244,持分移轉,10420000
RPRNMLKLKHIGFAO18CB,明湖段,36.52,非都市：山坡地保育區 ; 非都市編定：丙種建築用地,100000,1285,持分移轉,10740012
RPQNMLMLKHIGFAO28CB,明湖段,60.84,非都市：山坡地保育區 ; 非都市編定：丙種建築用地,100000,2141,持分移轉,10740012
RPSNMLMLKHIGFAO48CB,明湖段,72.41,非都市：山坡地保育區 ; 非都市編定：丙種建築用地,100000,2548,持分移轉,10740012
RPRNMLMLKHIGFAO38CB,明湖段,45.04,非都市：山坡地保育區 ; 非都市編定：丙種建築用地,100000,1585,持分移轉,10740012
RPTNMLMLKHIGFAO58CB,明湖段,42.57,非都市：山坡地保育區 ; 非都市編定：丙種建築用地,100000,1498,持分移轉,10740012
RPVNMLMLKHIGFAO78CB,明湖段,36.52,非都市：山坡地保育區 ; 非都市編定：丙種建築用地,100000,1285,持分移轉,10740012
RPWNMLMLKHIGFAO88CB,明湖段,29.84,非都市：山坡地保育區 ; 非都市編定：丙種建築用地,100000,1050,持分移轉,10740012
RPRQMLMLKHIGFAO68CB,明湖段,32.42,非都市：山坡地保育區 ; 非都市編定：丙種建築用地,100000,1141,持分移轉,10740012
RPTQMLMLKHIGFAO88CB,明湖段,39.98,非都市：山坡地保育區 ; 非都市編定：丙種建築用地,100000,1407,持分移轉,10740012
RPTOMLMLKHIGFAO68CB,明湖段,36.86,非都市：山坡地保育區 ; 非都市編定：丙種建築用地,100000,1297,持分移轉,10740012
RPUQMLMLKHIGFAO98CB,明湖段,45.04,非都市：山坡地保育區 ; 非都市編定：丙種建築用地,100000,1585,持分移轉,10740012
RPXQMLMLKHIGFAO66CB,明湖段,45.04,非都市：山坡地保育區 ; 非都市編定：丙種建築用地,100000,1585,持分移轉,10740012
RPWQMLMLKHIGFAO56CB,明湖段,45.04,非都市：山坡地保育區 ; 非都市編定：丙種建築用地,100000,1585,持分移轉,10740012
RPQRMLMLKHIGFAO68CB,明湖段,36.12,非都市：山坡地保育區 ; 非都市編定：丙種建築用地,100000,1271,持分移轉,10740012
RPPNMLNLKHIGFAO38DB,國道段,16.38,都市：商,10000,244,持分移轉,10420000
RPUNMLMLKHIGFAO68CB,明湖段,36.12,非都市：山坡地保育區 ; 非都市編定：丙種建築用地,100000,1271,持分移轉,10740012
RPRNMLNLKHIGFAO58DB,國道段,16.38,都市：商,10000,244,持分移轉,10420000
RPSNMLNLKHIGFAO68DB,國道段,17.52,都市：商,10000,261,持分移轉,10420000
RPTNMLNJLHIGFAO58CB,南門段二小段,12.20,都市：商,100000,2235,持分移轉,00990000
RPQNMLNLKHIGFAO48DB,國道段,16.38,都市：商,10000,244,持分移轉,10420000
RPTNMLNJLHIGFAO58CB,南門段二小段,1.12,都市：商,100000,2235,持分移轉,00990003
RPTNMLNJLHIGFAO58CB,南門段二小段,.29,都市：商,100000,2235,持分移轉,00990004
RPTNMLNJLHIGFAO58CB,南門段二小段,1.45,都市：商,100000,2235,持分移轉,00990005
RPTNMLNJLHIGFAO58CB,南門段二小段,.72,都市：商,100000,2235,持分移轉,01440000
RPTNMLNJLHIGFAO58CB,南門段二小段,.07,都市：商,100000,2235,持分移轉,01440002
RPTNMLNJLHIGFAO58CB,南門段二小段,.02,都市：商,100000,2235,持分移轉,01440003
RPTNMLNLKHIGFAO78DB,國道段,17.52,都市：商,10000,261,持分移轉,10420000
RPPNMLNJLHIGFAO18CB,明湖段,36.52,非都市：山坡地保育區 ; 非都市編定：丙種建築用地,100000,1285,持分移轉,10740012
RPVNMLNJLHIGFAO78CB,南門段二小段,10.99,都市：商,100000,2013,持分移轉,00990000
RPVNMLNJLHIGFAO78CB,南門段二小段,1.01,都市：商,100000,2013,持分移轉,00990003
RPVNMLNJLHIGFAO78CB,南門段二小段,.26,都市：商,100000,2013,持分移轉,00990004
RPVNMLNJLHIGFAO78CB,南門段二小段,1.31,都市：商,100000,2013,持分移轉,00990005
RPVNMLNJLHIGFAO78CB,南門段二小段,.64,都市：商,100000,2013,持分移轉,01440000
RPVNMLNJLHIGFAO78CB,南門段二小段,.06,都市：商,100000,2013,持分移轉,01440002
RPVNMLNJLHIGFAO78CB,南門段二小段,.02,都市：商,100000,2013,持分移轉,01440003
RPUNMLNJLHIGFAO68CB,南門段二小段,12.37,都市：商,100000,2266,持分移轉,00990000
RPUNMLNJLHIGFAO68CB,南門段二小段,1.13,都市：商,100000,2266,持分移轉,00990003
RPUNMLNJLHIGFAO68CB,南門段二小段,.29,都市：商,100000,2266,持分移轉,00990004
RPUNMLNJLHIGFAO68CB,南門段二小段,1.47,都市：商,100000,2266,持分移轉,00990005
RPUNMLNJLHIGFAO68CB,南門段二小段,.73,都市：商,100000,2266,持分移轉,01440000
RPUNMLNJLHIGFAO68CB,南門段二小段,.07,都市：商,100000,2266,持分移轉,01440002
RPUNMLNJLHIGFAO68CB,南門段二小段,.02,都市：商,100000,2266,持分移轉,01440003
RPWNMLNJLHIGFAO88CB,南門段二小段,8.78,都市：商,100000,1608,持分移轉,00990000
RPWNMLNJLHIGFAO88CB,南門段二小段,.80,都市：商,100000,1608,持分移轉,00990003
RPWNMLNJLHIGFAO88CB,南門段二小段,.21,都市：商,100000,1608,持分移轉,00990004
RPWNMLNJLHIGFAO88CB,南門段二小段,1.05,都市：商,100000,1608,持分移轉,00990005
RPWNMLNJLHIGFAO88CB,南門段二小段,.51,都市：商,100000,1608,持分移轉,01440000
RPWNMLNJLHIGFAO88CB,南門段二小段,.05,都市：商,100000,1608,持分移轉,01440002
RPWNMLNJLHIGFAO88CB,南門段二小段,.02,都市：商,100000,1608,持分移轉,01440003
RPPNMLQJLHIGFAO48CB,光武段,15.85,都市：商,100000,455,持分移轉,10150000
RPVNMLRJLHIGFAO56CB,成德段,.60,都市：住,10000,319,持分移轉,00400000
RPVNMLRJLHIGFAO56CB,成德段,.23,都市：住,10000,319,持分移轉,00400002
RPVNMLRJLHIGFAO56CB,成德段,13.53,都市：住,10000,319,持分移轉,00490000
RPVNMLRJLHIGFAO56CB,成德段,4.45,都市：住,10000,319,持分移轉,00500000
RPVNMLRJLHIGFAO56CB,成德段,2.27,都市：住,10000,319,持分移轉,00790000
RPVNMLRJLHIGFAO56CB,成德段,2.00,都市：住,10000,319,持分移轉,00800000
RPTNMLRJLHIGFAO98CB,成德段,.64,都市：住,10000,344,持分移轉,00400000
RPTNMLRJLHIGFAO98CB,成德段,.25,都市：住,10000,344,持分移轉,00400002
RPTNMLRJLHIGFAO98CB,成德段,14.59,都市：住,10000,344,持分移轉,00490000
RPTNMLRJLHIGFAO98CB,成德段,4.80,都市：住,10000,344,持分移轉,00500000
RPTNMLRJLHIGFAO98CB,成德段,2.45,都市：住,10000,344,持分移轉,00790000
RPTNMLRJLHIGFAO98CB,成德段,2.16,都市：住,10000,344,持分移轉,00800000
RPUNMLPKLHIGFAO98CB,成德段,.64,都市：住,10000,344,持分移轉,00400000
RPUNMLPKLHIGFAO98CB,成德段,.25,都市：住,10000,344,持分移轉,00400002
RPUNMLPKLHIGFAO98CB,成德段,14.59,都市：住,10000,344,持分移轉,00490000
RPUNMLPKLHIGFAO98CB,成德段,4.80,都市：住,10000,344,持分移轉,00500000
RPUNMLPKLHIGFAO98CB,成德段,2.45,都市：住,10000,344,持分移轉,00790000
RPUNMLPKLHIGFAO98CB,成德段,2.16,都市：住,10000,344,持分移轉,00800000
RPVNMLPKLHIGFAO09CB,成德段,.63,都市：住,10000,337,持分移轉,00400000
RPVNMLPKLHIGFAO09CB,成德段,.24,都市：住,10000,337,持分移轉,00400002
RPVNMLPKLHIGFAO09CB,成德段,14.29,都市：住,10000,337,持分移轉,00490000
RPVNMLPKLHIGFAO09CB,成德段,4.70,都市：住,10000,337,持分移轉,00500000
RPVNMLPKLHIGFAO09CB,成德段,2.40,都市：住,10000,337,持分移轉,00790000
RPVNMLPKLHIGFAO09CB,成德段,2.11,都市：住,10000,337,持分移轉,00800000
RPXNMLRJLHIGFAO76CB,成德段,.63,都市：住,10000,337,持分移轉,00400000
RPXNMLRJLHIGFAO76CB,成德段,.24,都市：住,10000,337,持分移轉,00400002
RPXNMLRJLHIGFAO76CB,成德段,14.29,都市：住,10000,337,持分移轉,00490000
RPXNMLRJLHIGFAO76CB,成德段,4.70,都市：住,10000,337,持分移轉,00500000
RPXNMLRJLHIGFAO76CB,成德段,2.40,都市：住,10000,337,持分移轉,00790000
RPXNMLRJLHIGFAO76CB,成德段,2.11,都市：住,10000,337,持分移轉,00800000
RPWNMLRJLHIGFAO66CB,成德段,.60,都市：住,10000,319,持分移轉,00400000
RPWNMLRJLHIGFAO66CB,成德段,.23,都市：住,10000,319,持分移轉,00400002
RPWNMLRJLHIGFAO66CB,成德段,13.53,都市：住,10000,319,持分移轉,00490000
RPWNMLRJLHIGFAO66CB,成德段,4.45,都市：住,10000,319,持分移轉,00500000
RPWNMLRJLHIGFAO66CB,成德段,2.27,都市：住,10000,319,持分移轉,00790000
RPWNMLRJLHIGFAO66CB,成德段,2.00,都市：住,10000,319,持分移轉,00800000
