﻿鄉鎮市區,交易標的,土地位置建物門牌,土地面積平方公尺,都市土地使用分區,非都市土地使用分區,非都市土地使用編定,租賃年月日,租賃筆棟數,租賃層次,總樓層數,建物型態,主要用途,主要建材,建築完成年月,建物總面積平方公尺,建物現況格局-房,建物現況格局-廳,建物現況格局-衛,建物現況格局-隔間,有無管理組織,有無附傢俱,總額元,單價元平方公尺,車位類別,車位面積平方公尺,車位總額元,備註,編號
The villages and towns urban district,transaction sign,land sector position building sector house number plate,land shifting total area square meter,the use zoning or compiles and checks,the non-metropolis land use district,non-metropolis land use,transaction year month and day,transaction pen number,shifting level,total floor number,building state,main use,main building materials,construction to complete the years,building shifting total area,Building present situation pattern - room,building present situation pattern - hall,building present situation pattern - health,building present situation pattern - compartmented,Whether there is manages the organization,Whether there is attaches the furniture,total price NTD,the unit price (NTD / square meter),the berth category,berth shifting total area square meter,the berth total price NTD,the note,serial number
新竹市,建物,新竹市新竹市長和街８２巷３０號４樓,0.0,商,,,1111010,土地0建物1車位1,四層,7,華廈(10層含以下有電梯),住家用,鋼筋混凝土造,0840522,107.28999999999999,3,2,2,有,有,有,23000,214,坡道平面,0.0,0,租金含管理費1900元,RPVNMLLKJIHGFAO78EC
新竹市,建物,新竹市新竹市光復路二段９６２號１１樓之４,0.0,商,,,1111028,土地0建物0車位0,十一層,12,住宅大樓(11層含以上有電梯),見使用執照,鋼筋混凝土造,0840715,68.09,1,1,1,有,有,有,7500,110,,0.0,0,,RPVNMLOKJIHGFAO88CC
新竹市,建物,新竹市新竹市明湖路１２００巷６弄６號四樓,0.0,,山坡地保育區,丙種建築用地,1111104,土地0建物1車位1,四層,7,華廈(10層含以下有電梯),住家用,鋼筋混凝土造,0951220,129.16,3,2,2,有,有,有,26000,201,坡道機械,0.0,0,租金含管理費。車位面積無法分算。,RPSQMLOKJIHGFAO88CC
新竹市,房地(土地+建物),新竹市新竹市大庄路２２８巷３９-２號４樓,17.96,住,,,1111105,土地1建物1車位0,四層,7,華廈(10層含以下有電梯),住家用,鋼筋混凝土造,0840127,78.83,3,2,3,有,無,有,14500,184,,0.0,0,,RPVOMLPKJIHGFAO09CC
新竹市,建物,新竹市新竹市牛埔路３６３號,0.0,住,,,1111109,土地0建物0車位0,全,4,透天厝,住商用,鋼筋混凝土造,,47.85,3,0,1,有,無,有,7500,157,,0.0,0,透天只有承租第三層樓,RPOPMLPKJIHGFAO48CC
新竹市,建物,新竹市新竹市林森路７３號１０樓之７,0.0,商,,,1111109,土地0建物1車位0,十層,12,套房(1房1廳1衛),住家用,鋼筋混凝土造,0780107,22.4,1,0,1,有,有,有,6700,299,,0.0,0,每月水電費由承租人另外負擔。,RPRPMLPKJIHGFAO78CC
新竹市,建物,新竹市新竹市林森路７３號６樓之９,0.0,商,,,1111109,土地0建物1車位0,六層,12,套房(1房1廳1衛),住家用,鋼筋混凝土造,0780107,29.82,1,0,1,有,有,有,6800,228,,0.0,0,每月水電費由承租人另外負擔。,RPSPMLPKJIHGFAO88CC
新竹市,建物,新竹市新竹市林森路７３號７樓之９,0.0,商,,,1111109,土地0建物1車位0,七層,12,套房(1房1廳1衛),住家用,鋼筋混凝土造,0780107,25.900000000000002,1,0,1,有,有,有,6500,251,,0.0,0,每月水電費由承租人另外負擔。,RPTPMLPKJIHGFAO98CC
新竹市,建物,新竹市新竹市林森路７３號１０樓之１,0.0,商,,,1111110,土地0建物1車位0,十層,12,套房(1房1廳1衛),住家用,鋼筋混凝土造,0780107,23.84,1,0,1,有,有,有,5000,210,,0.0,0,每月水電費及管理費410元由承租人另外負擔。,RPUPMLPKJIHGFAO09CC
新竹市,建物,新竹市新竹市中央路１０６號、１０６號６至１５樓、中正路１１０號、１１０號２至５樓、１１０號地下一樓、地下二樓,0.0,商,,,1110513,土地0建物1車位0,見其他登記事項,15,辦公商業大樓,商業用,鋼筋混凝土造,0751007,11287.76,165,4,165,有,無,無,1450000,128,,0.0,0,,RPVPMLPKJIHGFAO56CC
新竹市,建物,新竹市新竹市頂埔路１９巷５弄１１號,0.0,住,,,1111110,土地0建物1車位0,一層,7,華廈(10層含以下有電梯),見使用執照,鋼筋混凝土造,0800427,148.73000000000002,3,2,2,有,有,有,13500,91,,0.0,0,每月水電、瓦斯費及管理費1600元由承租人另外負擔。,RPXOMLQKJIHGFAO76CC
新竹市,建物,新竹市新竹市東華路７號５樓之１２,0.0,住,,,1111110,土地0建物1車位0,五層,15,住宅大樓(11層含以上有電梯),集合住宅,鋼筋混凝土造,1030829,124.24,3,2,2,有,有,有,25000,201,,0.0,0,每月水電、瓦斯費由承租人另外負擔。,RPPPMLQKJIHGFAO68CC
新竹市,建物,新竹市新竹市西大路５８２巷１５弄２７號２樓之１４,0.0,商,,,1111110,土地0建物1車位0,二層,6,套房(1房1廳1衛),住家用,鋼筋混凝土造,0851105,30.91,1,0,1,有,有,有,6500,210,,0.0,0,每月水電費由承租人另外負擔。,RPRPMLQKJIHGFAO88CC
新竹市,建物,新竹市新竹市中華路三段８５號９樓之３,0.0,商,,,1111027,土地0建物1車位0,九層,12,住宅大樓(11層含以上有電梯),見使用執照,鋼筋混凝土造,0820817,63.599999999999994,1,2,1,有,有,有,10500,165,,0.0,0,,RPVUMLSKJIHGFAO37CC
新竹市,建物,新竹市新竹市學府路９０號６樓之２,0.0,住,,,1111115,土地0建物1車位0,六層,7,套房(1房1廳1衛),見使用執照,鋼筋混凝土造,0800909,32.8,1,0,1,有,有,有,7000,213,,0.0,0,水電費由承租人負擔。,RPWNMLLLJIHGFAO78CC
新竹市,建物,新竹市新竹市明湖路７５１之１１號二樓,0.0,其他,,,1111115,土地0建物1車位0,二層,4,套房(1房1廳1衛),集合住宅,鋼筋混凝土造,0940220,47.84,1,0,1,有,有,有,14000,293,,0.0,0,水電費由承租人負擔。,RPXNMLLLJIHGFAO88CC
新竹市,建物,新竹市新竹市北新街１１７號８樓之１２,0.0,住,,,1111105,土地0建物1車位0,八層,10,華廈(10層含以下有電梯),辦公室,鋼筋混凝土造,0971230,48.66,2,1,1,有,有,有,15000,308,,0.0,0,,RPSPMLLLJIHGFAO58CC
新竹市,建物,新竹市新竹市學府路１８巷１０號３樓,0.0,住,,,1111109,土地0建物1車位0,三層,5,公寓(5樓含以下無電梯),住家用,鋼筋混凝土造,0701223,95.75,3,2,2,有,無,有,14000,146,,0.0,0,,RPUPMLLLJIHGFAO78CC
新竹市,建物,新竹市新竹市中正路１８２號２樓之６,0.0,商,,,1111113,土地0建物1車位0,二層,11,套房(1房1廳1衛),辦公室（廳）,鋼筋混凝土造,0960305,36.37,1,0,1,有,有,有,9500,261,,0.0,0,,RPVPMLLLJIHGFAO88CC
新竹市,建物,新竹市新竹市中華路三段１０號１３樓之２７,0.0,商,,,1111115,土地0建物1車位0,十三層,14,套房(1房1廳1衛),住家用,鋼筋混凝土造,0890417,39.39,1,0,1,有,有,有,9600,244,,0.0,0,,RPWPMLLLJIHGFAO98CC
新竹市,建物,新竹市新竹市中華路三段１０號４樓之２５,0.0,商,,,1111114,土地0建物1車位0,四層,14,套房(1房1廳1衛),住家用,鋼筋混凝土造,0890417,41.64,1,0,1,有,有,有,8800,211,,0.0,0,,RPXPMLLLJIHGFAO09CC
新竹市,建物,新竹市新竹市明湖路１０５０巷４５號５樓,0.0,,山坡地保育區,丙種建築用地,1111119,土地0建物1車位0,五層,5,公寓(5樓含以下無電梯),住家用,鋼筋混凝土造,0820617,100.59,3,2,1,有,無,有,15000,149,,0.0,0,,RPOQMLLLJIHGFAO28CC
新竹市,建物,新竹市新竹市經國路二段１１１號１０樓之６,0.0,住,,,1111115,土地0建物1車位0,十層,12,套房(1房1廳1衛),辦公室,鋼筋混凝土造,0860715,39.06,1,0,1,有,有,有,6500,166,,0.0,0,水電費由承租人負擔。,RPWNMLMLJIHGFAO88CC
新竹市,建物,新竹市新竹市新源街１００號３樓之１,0.0,其他,,,1111108,土地0建物1車位0,三層,12,住宅大樓(11層含以上有電梯),住宅,鋼筋混凝土造,0870410,144.92,3,2,2,有,有,有,18000,124,,0.0,0,,RPVPMLOLJIHGFAO56CC
新竹市,建物,新竹市新竹市牛埔東路２４７號６樓之２,0.0,其他,,,1111104,土地0建物1車位0,六層,16,住宅大樓(11層含以上有電梯),住家用,鋼骨鋼筋混凝土造,0850926,103.24,3,2,2,有,有,有,21000,203,,0.0,0,,RPQPMLPLJIHGFAO78CC
新竹市,建物,新竹市新竹市建中路５９號１１樓之１,0.0,其他,,,1111112,土地0建物1車位0,十一層,12,住宅大樓(11層含以上有電梯),住宅,鋼筋混凝土造,0870410,141.74,3,2,2,有,有,有,20000,141,,0.0,0,租金含管理費。,RPXNMLSLJIHGFAO96CC
新竹市,建物,新竹市新竹市武陵路２５０巷１１號６樓,0.0,住,,,1111118,土地0建物1車位0,六層,6,華廈(10層含以下有電梯),住家用,鋼筋混凝土造,0850628,123.53,3,2,2,有,有,有,15000,121,,0.0,0,水電瓦斯費及每月管理費1000元由承租人另外負擔。,RPTOMLSLJIHGFAO66CC
新竹市,建物,新竹市新竹市林森路７３號７樓之１０,0.0,商,,,1111124,土地0建物1車位0,七層,12,套房(1房1廳1衛),住家用,鋼筋混凝土造,0780107,27.69,1,0,1,有,有,有,7000,253,,0.0,0,水電費由承租人負擔。,RPVOMLSLJIHGFAO86CC
新竹市,建物,新竹市新竹市林森路７３號８樓之５,0.0,商,,,1111120,土地0建物1車位0,八層,12,套房(1房1廳1衛),住家用,鋼筋混凝土造,0780107,29.39,1,0,1,有,有,有,7000,238,,0.0,0,水電費由承租人負擔。,RPXOMLSLJIHGFAO07CC
新竹市,建物,新竹市新竹市林森路７３號８樓之４,0.0,商,,,1111120,土地0建物1車位0,八層,12,套房(1房1廳1衛),住家用,鋼筋混凝土造,0780107,23.56,1,0,1,有,有,有,6500,276,,0.0,0,水電費由承租人負擔。,RPPPMLSLJIHGFAO98CC
新竹市,建物,新竹市新竹市林森路７３號５樓之９,0.0,商,,,1111120,土地0建物1車位0,五層,12,套房(1房1廳1衛),住家用,鋼筋混凝土造,0780107,25.900000000000002,1,0,1,有,有,有,7000,270,,0.0,0,水電費由承租人負擔。,RPQPMLSLJIHGFAO09CC
新竹市,建物,新竹市新竹市林森路７３號８樓之６,0.0,商,,,1111119,土地0建物1車位0,八層,12,套房(1房1廳1衛),住家用,鋼筋混凝土造,0780107,26.28,1,0,1,有,有,有,7000,266,,0.0,0,水電費由承租人負擔。,RPRPMLSLJIHGFAO56CC
新竹市,建物,新竹市新竹市林森路７３號９樓之５,0.0,商,,,1111120,土地0建物1車位0,九層,12,套房(1房1廳1衛),住家用,鋼筋混凝土造,0780107,29.39,1,0,1,有,有,有,7000,238,,0.0,0,水電費由承租人負擔。,RPSPMLSLJIHGFAO66CC
新竹市,建物,新竹市新竹市經國路二段１１１號８樓之８,0.0,住,,,1111125,土地0建物1車位0,八層,12,套房(1房1廳1衛),住家用,鋼筋混凝土造,0860715,27.26,1,0,1,有,有,有,7500,275,,0.0,0,每月水電、瓦斯費由承租人另外負擔。,RPTPMLSLJIHGFAO76CC
新竹市,建物,新竹市新竹市關新路１９巷３０號十二樓,0.0,住,,,1111108,土地0建物1車位2,十二層,14,住宅大樓(11層含以上有電梯),商務住宅,鋼筋混凝土造,0971022,213.22,4,2,2,有,有,有,34500,162,坡道平面,0.0,0,,RPUPMLSLJIHGFAO86CC
新竹市,建物,新竹市新竹市經國路二段１１１號５樓之２,0.0,住,,,1111123,土地0建物1車位0,五層,12,套房(1房1廳1衛),辦公室,鋼筋混凝土造,0860715,35.79,1,0,1,有,有,有,7000,196,,0.0,0,每月水電費由承租人另外負擔。,RPVPMLSLJIHGFAO96CC
新竹市,建物,新竹市新竹市中正路２２５號３樓之１,0.0,其他,,,1111121,土地0建物1車位0,三層,12,住宅大樓(11層含以上有電梯),集合住宅,鋼筋混凝土造,0950217,121.55,3,2,2,有,有,有,25000,206,,0.0,0,水電瓦斯費及管理費每兩月5057元由承租人另外負擔。,RPWPMLSLJIHGFAO07CC
新竹市,建物,新竹市新竹市光復路二段２７２號３樓之５,0.0,住,,,1111125,土地0建物1車位0,三層,7,套房(1房1廳1衛),住家用,鋼筋混凝土造,0870211,49.39,1,0,1,有,無,有,10000,202,,0.0,0,每月水電、瓦斯費由承租人另外負擔。,RPXPMLSLJIHGFAO17CC
新竹市,建物,新竹市新竹市北大路１６號十三樓之３,0.0,商,,,1111123,土地0建物1車位0,十三層,28,住宅大樓(11層含以上有電梯),集合住宅,鋼骨鋼筋混凝土造,0960703,95.61,2,2,2,有,有,有,22000,230,,0.0,0,水電瓦斯費及每月管理費1750元由承租人另外負擔。,RPVQMLTLJIHGFAO17CC
新竹市,房地(土地+建物),新竹市新竹市崧嶺路２５巷１之１０號,62.94,住,,,1111126,土地1建物1車位0,全,3,透天厝,集合住宅、停車空間、樓梯間,鋼筋混凝土造,1031225,225.30999999999997,3,2,2,有,有,有,22000,98,,0.0,0,水電費、瓦斯費及每月管理費3000元皆由承租人負擔。,RPVPMLLJKIHGFAO78CC
新竹市,建物,新竹市新竹市中華路三段４６號１６樓之２,0.0,商,,,1111129,土地0建物1車位0,十六層,17,住宅大樓(11層含以上有電梯),住家用,鋼筋混凝土造,0860520,120.37,3,2,2,有,有,有,19500,162,,0.0,0,水電費、瓦斯費及每月管理費1500元皆由承租人負擔。,RPPQMLLJKIHGFAO28CC
新竹市,建物,新竹市新竹市東門街３４巷２６號１２樓,0.0,商,,,1111116,土地0建物1車位0,十二層,25,住宅大樓(11層含以上有電梯),集合住宅,鋼筋混凝土造,1011015,154.11,3,2,2,有,有,有,38000,247,,0.0,0,,RPPNMLNJKIHGFAO18CC
新竹市,建物,新竹市新竹市光華二街１０８巷１２號５樓之２,0.0,住,,,1111104,土地0建物1車位0,五層,5,公寓(5樓含以下無電梯),住家用,鋼筋混凝土造,0790509,46.69,1,1,1,有,無,有,10000,214,,0.0,0,,RPQNMLNJKIHGFAO28CC
新竹市,建物,新竹市新竹市石坊街５５號４樓,0.0,商,,,1111114,土地0建物1車位0,四層,5,華廈(10層含以下有電梯),住宅,鋼筋混凝土造,1080918,120.97999999999999,3,2,2,有,無,有,22000,182,,0.0,0,,RPSNMLNJKIHGFAO48CC
新竹市,建物,新竹市新竹市湳雅街１２６巷２１弄１６號２樓,0.0,住,,,1111119,土地0建物1車位0,二層,5,公寓(5樓含以下無電梯),住家用,鋼筋混凝土造,0780714,103.19999999999999,3,2,2,有,無,有,16000,155,,0.0,0,,RPSOMLPJKIHGFAO78CC
新竹市,建物,新竹市新竹市經國路二段１６０號６樓之５,0.0,商,,,1111123,土地0建物1車位0,六層,10,套房(1房1廳1衛),辦公室,鋼筋混凝土造,0970730,43.6,1,1,1,有,有,有,13000,298,,0.0,0,,RPTOMLPJKIHGFAO88CC
新竹市,房地(土地+建物)+車位,新竹市新竹市民生路２６０巷１弄１６號,60.07,其他,,,1111202,土地1建物1車位1,全,5,透天厝,住家用,鋼筋混凝土造,0771214,206.14999999999998,4,2,3,有,有,有,16000,78,坡道平面,0.0,4000,,RPUOMLPJKIHGFAO98CC
新竹市,建物,新竹市新竹市中華路四段７０５之１１號６樓,0.0,商,,,1111201,土地0建物1車位0,六層,6,套房(1房1廳1衛),集合住宅,鋼筋混凝土造,0960630,29.54,1,0,1,有,有,有,5800,196,,0.0,0,,RPVOMLPJKIHGFAO09CC
新竹市,建物,新竹市新竹市城北街１５５號,0.0,住,,,1111112,土地0建物0車位0,一層,2,店面(店鋪),住家用,加強磚造,,94.3,1,1,1,有,無,有,19000,201,,0.0,0,部分承租。,RPSQMLPJKIHGFAO98CC
新竹市,建物,新竹市新竹市鐵道路一段２８巷１０７號十二樓,0.0,其他,,,1111113,土地0建物1車位1,十二層,14,住宅大樓(11層含以上有電梯),集合住宅、機電空間,鋼筋混凝土造,1020916,143.68,3,2,2,有,有,有,32000,223,坡道平面,0.0,0,租金含管理費。車位面積無法分算。,RPOOMLQJKIHGFAO48CC
新竹市,建物,新竹市新竹市中華路四段７０５之７號６樓,0.0,商,,,1111122,土地0建物1車位0,六層,6,套房(1房1廳1衛),集合住宅,鋼筋混凝土造,0960630,26.29,1,0,1,有,有,有,5000,190,,0.0,0,,RPPOMLRJKIHGFAO68CC
新竹市,房地(土地+建物),新竹市新竹市林森路１７５號５樓之２,442.0,商,,,1111121,土地1建物1車位0,五層,12,辦公商業大樓,見使用執照,鋼筋混凝土造,0790207,104.63,2,2,1,有,有,有,17000,162,,0.0,0,,RPVPMLRJKIHGFAO76CC
新竹市,建物,新竹市新竹市武陵路７３巷８０號三樓,0.0,住,,,1111121,土地0建物1車位1,三層,12,住宅大樓(11層含以上有電梯),集合住宅,鋼筋混凝土造,0930915,189.09,4,2,2,有,有,有,26800,142,坡道平面,0.0,0,租金含管理費。車位面積無法分算。,RPVPMLTJKIHGFAO96CC
新竹市,建物,新竹市新竹市東新路１４０號１４樓,0.0,住,,,1111130,土地0建物1車位0,十四層,14,住宅大樓(11層含以上有電梯),集合住宅,鋼筋混凝土造,1090928,80.80000000000001,2,2,1,有,有,有,35000,433,,0.0,0,,RPSQMLTJKIHGFAO76CC
新竹市,建物,新竹市新竹市東區民生路２５５號８樓部分,0.0,商,,,1111111,土地0建物1車位0,八層,13,住宅大樓(11層含以上有電梯),辦公室,鋼筋混凝土造,0851231,62.23,1,2,1,有,有,有,33000,530,,0.0,0,,RPWQMLTJKIHGFAO17CC
新竹市,建物,新竹市新竹市經國路二段１１１號１０樓之７,0.0,住,,,1111205,土地0建物1車位0,十層,12,套房(1房1廳1衛),辦公室,鋼筋混凝土造,0860715,28.47,1,0,1,有,有,有,5500,193,,0.0,0,水電費由承租人負擔。,RPWNMLMKKIHGFAO88CC
新竹市,建物,新竹市新竹市經國路二段１１１號１１樓之４,0.0,住,,,1111205,土地0建物1車位0,十一層,12,套房(1房1廳1衛),辦公室,鋼筋混凝土造,0860715,35.25,1,0,1,有,有,有,7200,204,,0.0,0,水電費由承租人負擔。,RPXNMLMKKIHGFAO98CC
新竹市,建物,新竹市新竹市東區公道五路二段１０１號９F-１,0.0,工,,,1111115,土地0建物5車位0,見其他登記事項,16,廠辦,廠房,鋼骨造、ＲＣ造,0990607,1490.6599999999999,0,0,0,無,有,有,609657,409,,0.0,0,內含5%加值營業稅及大樓管理費,RPSQMLNKKIHGFAO88CC
新竹市,房地(土地+建物),新竹市新竹市東區高峰路３８６巷１００弄４３號,229.99,住,,,1111213,土地4建物1車位0,全,3,透天厝,住家用,加強磚造,,49.15,7,3,5,有,無,有,42000,855,,0.0,0,,RPOOMLOKKIHGFAO38CC
新竹市,建物,新竹市新竹市建中一路５２號６樓之１,0.0,其他,,,1111123,土地0建物1車位0,六層,12,住宅大樓(11層含以上有電梯),住宅,鋼筋混凝土造,0870410,143.56,3,2,2,有,有,有,24000,167,,0.0,0,租金含管理費。,RPXOMLOKKIHGFAO66CC
新竹市,房地(土地+建物),新竹市新竹市牛埔南路２４６巷１７號,2451.0,工,,,1111201,土地1建物1車位0,一層,1,廠辦,廠房,鋼骨造,1040505,1640.51,0,0,0,無,無,有,600000,366,,0.0,0,,RPWNMLPKKIHGFAO56CC
新竹市,建物,新竹市新竹市榮濱南路７２巷２２號十四樓之３,0.0,住,,,1111128,土地0建物1車位1,十四層,15,住宅大樓(11層含以上有電梯),集合住宅,鋼筋混凝土造,1080904,144.13,2,2,1,有,有,有,20000,139,坡道平面,44.36,0,租金含管理費。,RPSPMLPKKIHGFAO98CC
新竹市,建物,新竹市新竹市大學路９０號１９樓之４,25.75,住,,,1111125,土地0建物1車位1,十九層,20,住宅大樓(11層含以上有電梯),住家用,鋼筋混凝土造,0851114,246.51,3,3,3,有,有,有,33000,134,坡道平面,0.0,0,,RPXOMLQKKIHGFAO86CC
新竹市,建物,新竹市新竹市金雅路１５５號,0.0,,鄉村區,乙種建築用地,1111216,土地0建物1車位0,一層,10,華廈(10層含以下有電梯),日用品零售及服務設施,鋼筋混凝土造,1110916,165.11,0,0,1,有,有,有,62578,379,,0.0,0,,RPURMLQKKIHGFAO86CC
新竹市,建物,新竹市新竹市關新東路１６３號二樓,0.0,住,,,1111129,土地0建物1車位0,二層,8,華廈(10層含以下有電梯),辦公室,鋼筋混凝土造,1031110,96.02,3,2,2,有,有,有,28000,292,,0.0,0,租金含管理費。租賃範圍不含車位，已扣除車位面積。,RPPNMLSKKIHGFAO78CC
新竹市,建物,新竹市新竹市中山路４２號３樓之１,0.0,商,,,1110830,土地0建物1車位0,三層,24,住宅大樓(11層含以上有電梯),集合住宅,鋼筋混凝土造,1041030,168.95999999999998,4,1,2,有,有,有,54000,320,,0.0,0,,RPXOMLKLKIHGFAO98CC
新竹市,建物,新竹市新竹市水田街１５０巷１０弄８號２樓,0.0,住,,,1111206,土地0建物1車位0,二層,5,公寓(5樓含以下無電梯),住家用,鋼筋混凝土造,,81.16,3,2,1,有,無,有,15000,185,,0.0,0,,RPTPMLKLKIHGFAO68CC
新竹市,建物,新竹市新竹市東明街１０４號３樓,0.0,住,,,1111212,土地0建物1車位1,三層,7,華廈(10層含以下有電梯),住家用,鋼筋混凝土造,0830808,148.46,4,2,2,有,有,有,21000,141,坡道平面,0.0,0,,RPUPMLKLKIHGFAO78CC
新竹市,房地(土地+建物),新竹市新竹市富群街４５巷２弄３號,72.28,,山坡地保育區,丙種建築用地,1111205,土地1建物1車位0,全,4,透天厝,停車空間、住宅、水箱、機械室,鋼筋混凝土造,0960709,366.34000000000003,5,2,3,有,有,有,16200,44,,0.0,0,,RPVPMLKLKIHGFAO88CC
新竹市,建物,新竹市新竹市埔頂二路１３１號七樓之８,0.0,住,,,1111208,土地0建物0車位0,七層,7,套房(1房1廳1衛),集合住宅,鋼筋混凝土造,1110330,31.21,1,0,1,有,有,有,14800,474,,0.0,0,部分承租。租金含管理費及水費。,RPQQMLLLKIHGFAO58CC
新竹市,建物,新竹市新竹市延平路二段３８９號八樓之３,0.0,,鄉村區,乙種建築用地,1111217,土地0建物1車位0,八層,8,華廈(10層含以下有電梯),集合住宅,鋼筋混凝土造,1080322,128.43,3,2,2,有,有,有,20000,156,,0.0,0,水電瓦斯費、網路費及每月管理費2331由承租人負擔。,RPSOMLMLKIHGFAO68CC
新竹市,土地,柑林段515-1地號,100.81,,山坡地保育區,丙種建築用地,1111218,土地1建物0車位0,,,其他,,,,0.0,0,0,0,有,無,有,8000,79,,0.0,0,,RPVPMLMLKIHGFAO09CC
新竹市,建物,新竹市新竹市光復路一段６２３巷２號,0.0,住,,,1111206,土地0建物0車位0,二層,3,套房(1房1廳1衛),住商用,鋼筋混凝土造,0760619,10.95,1,0,1,有,無,有,4500,411,,0.0,0,部分承租。租金含水費。,RPQQMLNLKIHGFAO78CC
新竹市,建物,新竹市新竹市中正路２２５號５樓之２,0.0,其他,,,1111206,土地0建物1車位1,五層,12,住宅大樓(11層含以上有電梯),集合住宅,鋼筋混凝土造,0950217,149.28,3,2,2,有,有,有,17000,114,升降機械,0.0,4000,,RPQSMLNLKIHGFAO98CC
新竹市,建物,新竹市新竹市尚濱路６８號１１樓之１,0.0,住,,,1111212,土地0建物1車位1,十一層,13,住宅大樓(11層含以上有電梯),集合住宅,鋼筋混凝土造,0961220,114.58,3,2,2,有,有,有,12000,105,坡道平面,0.0,2000,,RPRSMLNLKIHGFAO09CC
新竹市,建物,新竹市新竹市惠民街８４巷６號３樓,0.0,住,,,1111212,土地0建物1車位0,三層,4,套房(1房1廳1衛),住家用,鋼筋混凝土造,0800508,49.2,1,1,1,有,有,有,10000,203,,0.0,0,,RPTSMLNLKIHGFAO66CC
新竹市,建物,新竹市新竹市光華北街８２號３樓之２,0.0,住,,,1111209,土地0建物1車位0,三層,7,套房(1房1廳1衛),住家用,鋼筋混凝土造,0811021,36.79,1,1,1,有,有,有,9000,245,,0.0,0,,RPWOMLRLKIHGFAO96CC
新竹市,建物,新竹市新竹市慈雲路１３９號五樓之３,0.0,商,,,1111220,土地0建物1車位1,五層,28,住宅大樓(11層含以上有電梯),集合住宅,鋼筋混凝土造,1031208,189.68,3,2,2,有,有,有,39822,210,坡道平面,0.0,0,車位面積無法分算。,RPQQMLRLKIHGFAO56CC
新竹市,建物,新竹市新竹市光復路一段８９巷１２７號２樓之２,0.0,住,,,1111211,土地0建物1車位0,二層,14,套房(1房1廳1衛),住家用,鋼筋混凝土造,0880121,60.11,1,1,1,有,有,有,18500,308,,0.0,0,租金含管理費。,RPVQMLRLKIHGFAO07CC
新竹市,建物,新竹市新竹市榮濱路４０號九樓之６,0.0,商,,,1111129,土地0建物1車位0,九層,14,住宅大樓(11層含以上有電梯),集合住宅,鋼筋混凝土造,1090609,70.0,2,1,1,有,有,有,16000,229,,0.0,0,水電費、瓦斯費及每月管理費1000元皆由承租人負擔。,RPUSMLRLKIHGFAO17CC
新竹市,房地(土地+建物)+車位,新竹市新竹市武陵路７０巷３號６樓,52.59,住,,,1111225,土地1建物1車位1,六層,12,住宅大樓(11層含以上有電梯),集合住宅,鋼筋混凝土造,0930210,174.7,3,2,2,有,有,有,22000,126,坡道平面,0.0,0,,RPTQMLRLKIHGFAO96DC
新竹市,建物,新竹市新竹市延平路一段５４９號,0.0,,鄉村區,乙種建築用地,1111220,土地0建物0車位0,全,3,透天厝,住家用,加強磚造,0730701,114.46,2,3,2,有,無,無,22000,192,,0.0,0,部分承租。,RPVTMLSLKIHGFAO47CC
新竹市,建物,新竹市新竹市振興路８８號７樓,0.0,住,,,1111228,土地0建物1車位0,七層,7,套房(1房1廳1衛),住家用,鋼筋混凝土造,0820927,100.9,3,2,2,有,有,有,16000,159,,0.0,0,,RPOPMLTLKIHGFAO09CC
新竹市,房地(土地+建物)+車位,新竹市新竹市中山路６４０巷４４５弄１０號,84.86,住,,,1111215,土地1建物1車位1,全,4,透天厝,停車空間、住宅,鋼筋混凝土造,0981210,240.24,4,2,4,有,有,有,55000,229,一樓平面,61.0,0,,RPVPMLTLKIHGFAO17CC
新竹市,建物,新竹市新竹市明湖路１０５０巷４１號２樓,0.0,,山坡地保育區,丙種建築用地,1111227,土地0建物1車位0,二層,5,公寓(5樓含以下無電梯),住家用,鋼筋混凝土造,0820617,100.59,3,2,2,有,無,有,16000,159,,0.0,0,,RPPQMLTLKIHGFAO66CC
新竹市,建物,新竹市新竹市學府路１８巷１２號５樓,0.0,住,,,1111228,土地0建物1車位0,五層,5,公寓(5樓含以下無電梯),住家用,鋼筋混凝土造,,91.84,3,2,2,有,無,有,14000,152,,0.0,0,,RPQQMLTLKIHGFAO76CC
新竹市,建物,新竹市新竹市經國路二段１１１號８樓之５,0.0,住,,,1111221,土地0建物1車位0,八層,12,套房(1房1廳1衛),辦公室,鋼筋混凝土造,0860715,34.1,1,0,1,有,有,有,8000,235,,0.0,0,水電費由承租人負擔。,RPSQMLTLKIHGFAO96CC
新竹市,建物,新竹市新竹市經國路二段１１１號９樓之１３,0.0,住,,,1111223,土地0建物1車位0,九層,12,套房(1房1廳1衛),辦公室,鋼筋混凝土造,0860715,41.68,1,0,1,有,有,有,7300,175,,0.0,0,水電費由承租人負擔。,RPTQMLTLKIHGFAO07CC
新竹市,建物,新竹市新竹市南大路５７５巷１弄１１號２樓,0.0,住,,,1111222,土地0建物1車位0,二層,4,公寓(5樓含以下無電梯),住家用,鋼筋混凝土造,0800410,75.95,2,2,2,有,無,有,16000,211,,0.0,0,,RPWQMLTLKIHGFAO37CC
新竹市,建物,新竹市新竹市經國路二段１１１號１２樓之１６,0.0,住,,,1111227,土地0建物1車位0,十二層,12,套房(1房1廳1衛),辦公室,鋼筋混凝土造,0860715,37.81,1,0,1,有,有,有,6500,172,,0.0,0,,RPORMLTLKIHGFAO66CC
新竹市,建物,新竹市新竹市中華路二段５０８號９樓之８,0.0,商,,,1111227,土地0建物1車位0,九層,11,套房(1房1廳1衛),商業用,鋼筋混凝土造,0851105,29.85,1,0,1,有,有,有,7000,235,,0.0,0,,RPOSMLTLKIHGFAO76CC
新竹市,建物,新竹市新竹市惠民街８４巷１０號４樓,0.0,住,,,1111212,土地0建物1車位0,四層,4,套房(1房1廳1衛),住家用,鋼筋混凝土造,0800508,72.41,1,1,1,有,無,有,10000,138,,0.0,0,,RPTTMLTLKIHGFAO37CC
新竹市,建物,新竹市新竹市惠民街８４巷８號４樓,0.0,住,,,1111214,土地0建物1車位0,四層,4,套房(1房1廳1衛),住家用,鋼筋混凝土造,0800508,47.56,1,1,1,有,無,有,10000,210,,0.0,0,,RPRUMLTLKIHGFAO27CC
新竹市,建物,新竹市新竹市惠民街８４巷８號,0.0,住,,,1111223,土地0建物1車位0,一層,4,套房(1房1廳1衛),住家用,鋼筋混凝土造,0800508,47.56,1,1,1,有,無,有,10000,210,,0.0,0,,RPSUMLTLKIHGFAO37CC
新竹市,建物,新竹市新竹市惠民街８４巷８號３樓,0.0,住,,,1111228,土地0建物1車位0,三層,4,套房(1房1廳1衛),住家用,鋼筋混凝土造,0800508,47.56,1,1,1,有,無,有,10000,210,,0.0,0,,RPTUMLTLKIHGFAO47CC
新竹市,建物,新竹市新竹市園後街１０１巷３號,0.0,住,,,1111217,土地0建物1車位0,全,2,透天厝,住家用,加強磚造,0621009,199.63,4,3,3,有,無,有,25000,125,,0.0,0,,RPTOMLKMKIHGFAO68CC
新竹市,建物,新竹市新竹市竹光路８號１２樓之１８,0.0,住,,,1111214,土地0建物1車位0,十二層,14,套房(1房1廳1衛),住家用,鋼筋混凝土造,0860205,68.05,1,0,1,有,有,有,10000,147,,0.0,0,水電費、瓦斯費及每月管理費1000元皆由承租人負擔。,RPPPMLKMKIHGFAO38CC
新竹市,建物,新竹市新竹市光復路二段２７２號四樓之６,0.0,住,,,1111222,土地0建物1車位0,四層,7,套房(1房1廳1衛),住家用,鋼筋混凝土造,0870211,57.57,1,0,1,有,無,有,13600,236,,0.0,0,,RPQPMLKMKIHGFAO48CC
新竹市,建物,新竹市新竹市南大路５７５巷１０號５樓,0.0,住,,,1111225,土地0建物1車位0,五層,5,公寓(5樓含以下無電梯),住家用,鋼筋混凝土造,0790620,109.69999999999999,3,2,2,有,無,有,12000,109,,0.0,0,水電費、瓦斯費及每月網路費500元皆由承租人負擔。,RPRPMLKMKIHGFAO58CC
新竹市,建物,新竹市新竹市明湖路１０５０巷１３８號２樓,0.0,,山坡地保育區,丙種建築用地,1111228,土地0建物1車位0,二層,5,華廈(10層含以下有電梯),住家用,鋼筋混凝土造,0831114,73.23,3,2,3,有,有,有,14000,191,,0.0,0,水電費、瓦斯費及每月管理費1000元皆由承租人負擔。,RPSPMLKMKIHGFAO68CC
新竹市,建物,新竹市新竹市牛埔南路１４２巷８弄６號６樓,0.0,住,,,1111229,土地0建物1車位0,六層,7,華廈(10層含以下有電梯),住家用,鋼筋混凝土造,0830112,127.47,3,2,2,有,有,有,15000,118,,0.0,0,水電費、瓦斯費及每月管理費1750元皆由承租人負擔。,RPTPMLKMKIHGFAO78CC
新竹市,建物,新竹市新竹市育英路２４巷１６號７樓,0.0,住,,,1111228,土地0建物1車位0,七層,7,華廈(10層含以下有電梯),住家用,鋼筋混凝土造,0850822,103.56,3,2,2,有,無,有,16500,159,,0.0,0,,RPWOMLNJJHIGFAO88CC
新竹市,建物,新竹市新竹市凌雲街１０２號四樓之２,0.0,住,,,1111223,土地0建物1車位1,四層,12,住宅大樓(11層含以上有電梯),集合住宅,鋼筋混凝土造,0980331,183.57,3,2,2,有,有,有,25500,139,坡道平面,0.0,0,租金含管理費。車位面積無法分算。,RPPRMLNJJHIGFAO48CC
新竹市,建物,新竹市新竹市榮濱路１９巷２５號６樓之２,0.0,商,,,1111225,土地0建物1車位0,六層,11,套房(1房1廳1衛),集合住宅,鋼筋混凝土造,1021220,44.81,1,0,1,有,有,有,9000,201,,0.0,0,水電費及每月管理費1000元皆由承租人負擔。,RPSPMLOJJHIGFAO68CC
新竹市,建物,新竹市新竹市慈雲路１３７號五樓之１,0.0,商,,,1111229,土地0建物0車位0,五層,28,套房(1房1廳1衛),集合住宅,鋼筋混凝土造,1031208,32.900000000000006,1,0,1,有,有,有,13000,395,,0.0,0,部分承租。租金含管理費。租金含水費。,RPTPMLOJJHIGFAO78CC
新竹市,建物,新竹市新竹市西濱路一段１８５號１４樓之１,0.0,住,,,1111230,土地0建物1車位0,十四層,15,住宅大樓(11層含以上有電梯),集合住宅,鋼筋混凝土造,1111021,99.67999999999999,2,2,1,有,有,有,18000,181,,0.0,0,水電瓦斯費皆由承租人負擔。,RPOQMLOJJHIGFAO38CC
新竹市,建物,新竹市新竹市竹光路８號１４樓之４,0.0,住,,,1111223,土地0建物1車位0,十四層,14,套房(1房1廳1衛),住家用,鋼筋混凝土造,0860205,51.540000000000006,1,1,1,有,有,有,10000,194,,0.0,0,,RPXOMLRJJHIGFAO76CC
新竹市,建物,新竹市新竹市經國路二段１６０號五樓之８,0.0,商,,,1111231,土地0建物1車位0,五層,10,套房(1房1廳1衛),辦公室,鋼筋混凝土造,0970730,43.6,1,0,1,有,有,有,15000,344,,0.0,0,水電費由承租人負擔。,RPOQMLRJJHIGFAO68CC
新竹市,建物,新竹市新竹市振興一街１３９號５樓之１,0.0,住,,,1111224,土地0建物1車位0,五層,5,套房(1房1廳1衛),住家用,鋼筋混凝土造,0860203,32.91,1,1,1,有,有,有,7500,228,,0.0,0,,RPPOMLTJJHIGFAO78CC
新竹市,建物,新竹市新竹市自由路１６巷１９弄２３號５樓,0.0,住,,,1111223,土地0建物1車位0,五層,5,公寓(5樓含以下無電梯),住家用,鋼筋混凝土造,0771007,100.78,3,2,2,有,無,無,10000,99,,0.0,0,,RPXOMLLKJHIGFAO88CC
新竹市,建物,新竹市新竹市新竹市東區鐵道路一段２８巷３９號１１樓,0.0,其他,,,1120101,土地0建物1車位1,十一層,14,住宅大樓(11層含以上有電梯),策略性產業辦公室,鋼筋混凝土造,1000718,131.19,3,2,2,有,有,有,38000,290,坡道平面,0.0,0,,RPPPMLLKJHIGFAO18CC
新竹市,建物,新竹市新竹市經國路二段１１１號１２樓之３,0.0,住,,,1120110,土地0建物1車位0,十二層,12,套房(1房1廳1衛),辦公室,鋼筋混凝土造,0860715,35.25,1,0,1,有,有,有,7500,213,,0.0,0,水電費由承租人負擔。,RPPQMLNKJHIGFAO48CC
新竹市,建物,新竹市新竹市建中一路３７號２樓之３,0.0,商,,,1120110,土地0建物1車位0,二層,19,住宅大樓(11層含以上有電梯),住家用,鋼筋混凝土造,0831228,73.32000000000001,2,2,1,有,有,有,14055,192,,0.0,0,租金含管理費。,RPPOMLRKJHIGFAO68CC
新竹市,建物,新竹市新竹市中華路四段７０５之１２號六樓,0.0,商,,,1120109,土地0建物1車位0,六層,6,套房(1房1廳1衛),集合住宅,鋼筋混凝土造,0960630,22.33,1,0,1,有,有,有,5000,224,,0.0,0,,RPTOMLRKJHIGFAO09CC
新竹市,建物,新竹市新竹市牛埔北路１８７之１３號,0.0,,鄉村區,乙種建築用地,1120103,土地0建物1車位0,一層,9,華廈(10層含以下有電梯),住商用,鋼筋混凝土造,0840118,146.53,3,2,2,有,有,有,15000,102,,0.0,0,,RPUOMLRKJHIGFAO56CC
新竹市,建物,新竹市新竹市香村路３００巷２５弄４６號,0.0,,山坡地保育區,丙種建築用地,1120107,土地0建物1車位1,全,4,透天厝,停車空間、住宅,鋼筋混凝土造,0950525,154.83,4,2,3,有,有,有,20000,129,一樓平面,0.0,1000,,RPVOMLRKJHIGFAO66CC
新竹市,建物,新竹市新竹市光華南街５０號-２２,0.0,住,,,1120113,土地0建物1車位0,六層,9,套房(1房1廳1衛),住家用,鋼筋混凝土造,0821104,51.17,1,0,1,有,無,有,8500,166,,0.0,0,,RPWOMLRKJHIGFAO76CC
新竹市,建物,新竹市新竹市東大路二段１７２巷１弄１５號７樓,0.0,住,,,1120113,土地0建物1車位0,七層,10,華廈(10層含以下有電梯),住家用,鋼筋混凝土造,0870615,153.20999999999998,3,2,2,有,有,有,14000,91,,0.0,0,,RPPPMLRKJHIGFAO78CC
新竹市,建物,新竹市新竹市東大路二段２１７巷５３號５樓,0.0,住,,,1120106,土地0建物1車位0,五層,5,公寓(5樓含以下無電梯),見使用執照,鋼筋混凝土造,,148.15,3,2,2,有,無,有,15500,105,,0.0,0,水電費、瓦斯費由承租人負擔。,RPQQMLRKJHIGFAO98CC
新竹市,建物,新竹市新竹市東大路三段３９５號２樓,0.0,住,,,1120113,土地0建物1車位0,二層,8,華廈(10層含以下有電梯),住家用,鋼筋混凝土造,0841002,133.07999999999998,4,2,2,有,有,有,25000,188,,0.0,0,水電費、瓦斯費及每月管理費500元皆由承租人負擔。,RPRQMLRKJHIGFAO09CC
新竹市,建物,新竹市新竹市北新街１１７號十樓之５,0.0,住,,,1120108,土地0建物1車位0,十層,10,華廈(10層含以下有電梯),辦公室,鋼筋混凝土造,0971230,43.09,1,2,1,有,有,有,17000,395,,0.0,0,租金含管理費。,RPSOMLTKJHIGFAO56CC
新竹市,建物,新竹市新竹市新竹市東區鐵道路一段２８巷２３號３樓,0.0,其他,,,1120101,土地0建物1車位1,三層,14,住宅大樓(11層含以上有電梯),策略性產業辦公室,鋼筋混凝土造,1000718,155.98000000000002,4,2,2,有,有,有,42000,269,坡道平面,0.0,0,,RPWNMLKMJHIGFAO78CC
新竹市,建物,新竹市新竹市光復路１段１０８巷１９號２F之２,0.0,住,,,1120117,土地0建物1車位0,二層,5,套房(1房1廳1衛),住家用,鋼筋混凝土造,0800528,34.11,1,0,1,有,有,有,8800,258,,0.0,0,每月水電瓦斯費由承租人另外負擔。,RPWOMLKMJHIGFAO88CC
新竹市,建物,新竹市新竹市振興路１０９巷１２弄２３號４樓,0.0,住,,,1120118,土地0建物1車位0,四層,5,華廈(10層含以下有電梯),住家用,鋼筋混凝土造,0801207,99.18,3,2,2,有,無,有,16500,166,,0.0,0,每月水電瓦斯費由承租人另外負擔。,RPXOMLKMJHIGFAO98CC
新竹市,建物,新竹市新竹市延平路二段３８７號四樓之２,0.0,,鄉村區,乙種建築用地,1120118,土地0建物1車位0,四層,8,華廈(10層含以下有電梯),集合住宅,鋼筋混凝土造,1080322,98.6,2,2,1,有,有,有,15200,154,,0.0,0,水電瓦斯費及每月管理費2090元由承租人另外負擔。,RPOPMLKMJHIGFAO18CC
新竹市,建物,新竹市新竹市建功一路９９號５樓之２,0.0,其他,,,1120112,土地0建物1車位0,五層,12,住宅大樓(11層含以上有電梯),住宅,鋼筋混凝土造,0870410,129.21,3,2,2,有,有,有,18000,139,,0.0,0,水電瓦斯費及每月管理費480元由承租人另外負擔。,RPPPMLKMJHIGFAO28CC
新竹市,建物,新竹市新竹市公道五路二段１２０號１３樓之３,0.0,工,,,1120112,土地0建物1車位2,十三層,14,廠辦,廠房,鋼筋混凝土造,0881130,242.49,0,0,0,無,有,無,72215,298,坡道平面,0.0,8400,,RPTOMLMJKHIGFAO58CC
新竹市,建物,新竹市新竹市中華路二段１號８樓之１,0.0,其他,,,1120131,土地0建物1車位1,八層,12,住宅大樓(11層含以上有電梯),住家用,鋼筋混凝土造,0860705,115.80000000000001,3,2,2,有,有,有,21000,181,坡道機械,14.57,0,租金含管理費。,RPQOMLNJKHIGFAO38CC
新竹市,建物,新竹市新竹市經國路三段９２巷３０號３２號,0.0,住,,,1120109,土地0建物2車位0,見其他登記事項,15,店面(店鋪),店舖,鋼筋混凝土造,0990809,115.72,0,0,0,無,有,有,28000,242,,0.0,0,,RPSOMLNJKHIGFAO58CC
新竹市,房地(土地+建物),新竹市新竹市關新路２０５號,37.87,住,,,1120201,土地1建物1車位0,見其他登記事項,3,店面(店鋪),辦公室、店舖,鋼筋混凝土造,0990723,242.21,0,0,0,無,有,無,100000,413,,0.0,0,,RPWOMLNJKHIGFAO98CC
新竹市,建物,新竹市新竹市關東路１５８號,0.0,住,,,1120131,土地0建物1車位0,一層,7,店面(店鋪),補習班,鋼筋混凝土造,0850511,88.07000000000001,0,0,0,無,有,無,62578,711,,0.0,0,,RPOPMLNJKHIGFAO28CC
新竹市,建物,新竹市新竹市經國路一段３７９巷１８號二樓之８,0.0,商,,,1120117,土地0建物1車位0,二層,8,套房(1房1廳1衛),辦公室,鋼筋混凝土造,1020515,40.94,1,1,1,有,有,有,13000,318,,0.0,0,水電費、瓦斯費及每月管理費1000元皆由承租人負擔。,RPQPMLNJKHIGFAO48CC
新竹市,建物,新竹市新竹市中華路四段７０５之５７號五樓,0.0,商,,,1120131,土地0建物1車位0,五層,6,套房(1房1廳1衛),集合住宅,鋼筋混凝土造,0960630,28.61,1,0,1,有,有,有,9000,315,,0.0,0,水電費、瓦斯費及每月管理費800元皆由承租人負擔。,RPTPMLNJKHIGFAO78CC
新竹市,建物,新竹市新竹市光復路一段５４４巷１２６號九樓,0.0,住,,,1120118,土地0建物1車位1,九層,14,住宅大樓(11層含以上有電梯),集合住宅,鋼筋混凝土造,1011029,189.78,3,2,2,有,有,有,30000,158,坡道平面,0.0,0,租賃期間含免租金裝潢期。車位面積無法分算。,RPQOMLOJKHIGFAO48CC
新竹市,建物,新竹市新竹市介壽路２３號八樓之８,0.0,住,,,1120131,土地0建物1車位0,八層,22,住宅大樓(11層含以上有電梯),集合住宅,鋼筋混凝土造,1090930,120.61,3,2,2,有,有,有,35500,294,,0.0,0,租賃範圍不含車位，已扣除車位面積。,RPQPMLOJKHIGFAO58CC
新竹市,建物,新竹市新竹市香山區中華路四段７０５之１９號３F,0.0,商,,,1120108,土地0建物1車位0,三層,6,套房(1房1廳1衛),集合住宅,鋼筋混凝土造,0960630,25.990000000000002,1,1,1,有,無,有,6000,231,,0.0,0,,RPWPMLQJKHIGFAO76CC
新竹市,建物,新竹市新竹市凌雲街５０號,0.0,住,,,1120118,土地0建物1車位1,一層,11,住宅大樓(11層含以上有電梯),集合住宅,鋼筋混凝土造,0980331,189.51999999999998,3,2,2,有,有,有,16200,85,坡道平面,0.0,2000,,RPPPMLTJKHIGFAO98CC
新竹市,建物,新竹市新竹市金雅七街３９號１１樓之５,0.0,,鄉村區,乙種建築用地,1120117,土地0建物1車位0,十一層,12,住宅大樓(11層含以上有電梯),集合住宅,鋼筋混凝土造,1090511,86.19,3,2,1,有,有,有,16000,186,,0.0,0,,RPQPMLTJKHIGFAO09CC
新竹市,房地(土地+建物),新竹市新竹市花園新城街５巷１０號,85.23,,鄉村區,乙種建築用地,1120130,土地1建物1車位0,全,2,透天厝,住家用,加強磚造,,104.0,6,2,3,有,無,有,16000,154,,0.0,0,,RPRPMLTJKHIGFAO56CC
新竹市,建物,新竹市新竹市至善街３５巷４０號地下室,0.0,,山坡地保育區,丙種建築用地,1120207,土地0建物1車位0,地下一層,5,套房(1房1廳1衛),住家用,鋼筋混凝土造,0860707,28.729999999999997,1,0,1,有,有,有,5800,202,,0.0,0,每月水電瓦斯費由承租人另外負擔。,RPXOMLKKKHIGFAO88CC
