﻿鄉鎮市區,交易標的,土地位置建物門牌,土地移轉總面積平方公尺,都市土地使用分區,非都市土地使用分區,非都市土地使用編定,交易年月日,交易筆棟數,移轉層次,總樓層數,建物型態,主要用途,主要建材,建築完成年月,建物移轉總面積平方公尺,建物現況格局-房,建物現況格局-廳,建物現況格局-衛,建物現況格局-隔間,有無管理組織,總價元,單價元平方公尺,車位類別,車位移轉總面積平方公尺,車位總價元,備註,編號,建案名稱,棟及號
The villages and towns urban district,transaction sign,land sector position building sector house number plate,land shifting total area square meter,the use zoning or compiles and checks,the non-metropolis land use district,non-metropolis land use,transaction year month and day,transaction pen number,shifting level,total floor number,building state,main use,main building materials,construction to complete the years,building shifting total area,Building present situation pattern - room,building present situation pattern - hall,building present situation pattern - health,building present situation pattern - compartmented,Whether there is manages the organization,total price NTD,the unit price (NTD / square meter),the berth category,berth shifting total area square meter,the berth total price NTD,the note,serial number,build case,buildings
新竹市,房地(土地+建物)+車位,新竹市新竹市高峰路110巷旁,32.89,住,,,1111111,土地1建物1車位1,五層,6,華廈(10層含以下有電梯),住家用,鋼筋混凝土造,,122.51,2,2,1,有,無,15980000,143052,坡道平面,27.23,2350000,,RPPNMLOKJIHGFAO18CB,昌禾/學府首席Ⅱ,C棟5號
新竹市,房地(土地+建物)+車位,新竹市新竹市中央路281巷,22.31,住,,,1111113,土地1建物1車位1,五層,7,華廈(10層含以下有電梯),住家用,鋼筋混凝土造,,140.1,3,2,2,有,無,22800000,155966,塔式車位,8.02,2200000,,RPPNMLPKJIHGFAO28CB,實美築,5A號
新竹市,房地(土地+建物)+車位,新竹市新竹市東區民族路,18.06,住,,,1111112,土地1建物1車位1,六層,12,住宅大樓(11層含以上有電梯),住家用,鋼筋混凝土造,,158.62,3,2,2,有,無,27910000,192411,坡道平面,25.0,2200000,,RPQNMLPKJIHGFAO48DB,鴻上,D棟6號
新竹市,房地(土地+建物)+車位,新竹市新竹市東區民族路,19.03,住,,,1111112,土地1建物1車位1,九層,12,住宅大樓(11層含以上有電梯),住家用,鋼筋混凝土造,,165.78,3,2,2,有,無,30720000,202941,坡道平面,25.0,2150000,,RPRNMLPKJIHGFAO58DB,鴻上,C棟9號
新竹市,房地(土地+建物)+車位,新竹市新竹市東區民族路,19.03,住,,,1111113,土地1建物1車位1,二層,12,住宅大樓(11層含以上有電梯),住家用,鋼筋混凝土造,,165.78,3,2,2,有,無,29120000,191576,坡道平面,25.0,2150000,,RPSNMLPKJIHGFAO68DB,鴻上,C棟2號
新竹市,房地(土地+建物)+車位,新竹市新竹市高峰路110巷旁,43.49,住,,,1111111,土地1建物1車位1,四層,7,華廈(10層含以下有電梯),住家用,鋼筋混凝土造,,155.68,3,2,2,有,無,20120000,140646,坡道平面,29.69,2400000,,RPPNMLSKJIHGFAO58CB,昌禾/學府首席Ⅱ,E棟4號
新竹市,房地(土地+建物)+車位,新竹市新竹市高峰路110巷旁,32.89,住,,,1111114,土地1建物1車位1,五層,7,華廈(10層含以下有電梯),住家用,鋼筋混凝土造,,123.94,2,2,1,有,無,15960000,142407,坡道平面,28.72,2400000,,RPQNMLSKJIHGFAO68CB,昌禾/學府首席Ⅱ,D棟5號
新竹市,房地(土地+建物)+車位,新竹市新竹市高峰路110巷旁,32.92,住,,,1111111,土地1建物1車位1,六層,7,華廈(10層含以下有電梯),住家用,鋼筋混凝土造,,136.55,2,2,1,有,無,16160000,143217,坡道平面,41.17,2500000,,RPRNMLSKJIHGFAO78CB,昌禾/學府首席Ⅱ,D棟6號
新竹市,房地(土地+建物)+車位,新竹市新竹市高峰路110巷旁,33.02,住,,,1111111,土地1建物1車位1,五層,7,華廈(10層含以下有電梯),住家用,鋼筋混凝土造,,123.37,2,2,1,有,無,15960000,141274,坡道平面,27.74,2450000,,RPVNMLSKJIHGFAO56CB,昌禾/學府首席Ⅱ,A棟5號
新竹市,房地(土地+建物)+車位,新竹市新竹市高峰路110巷旁,49.9,住,,,1111111,土地1建物1車位2,七層,7,華廈(10層含以下有電梯),住家用,鋼筋混凝土造,,197.97,3,2,2,有,無,24950000,140109,坡道平面,53.44,4700000,,RPOOMLSKJIHGFAO58CB,昌禾/學府首席Ⅱ,J棟7號
新竹市,房地(土地+建物)+車位,新竹市新竹市東區民族路,21.13,住,,,1111118,土地1建物1車位1,八層,12,住宅大樓(11層含以上有電梯),住家用,鋼筋混凝土造,,181.32,4,2,2,有,無,33550000,200550,坡道平面,25.0,2200000,,RPPNMLTKJIHGFAO78DB,鴻上,B棟8號
新竹市,房地(土地+建物)+車位,新竹市新竹市金雅路、金雅八街交叉口,29.08,,鄉村區,乙種建築用地,1111111,土地1建物1車位1,八層,12,住宅大樓(11層含以上有電梯),住家用,鋼筋混凝土造,,145.67,3,2,2,有,無,17900000,140541,坡道平面,31.54,1860000,,RPPNMLLLJIHGFAO97CB,悅佳.川青,B3-8F號
新竹市,房地(土地+建物)+車位,新竹市新竹市金雅路、金雅八街交叉口,21.31,,鄉村區,乙種建築用地,1111118,土地1建物1車位1,九層,12,住宅大樓(11層含以上有電梯),住家用,鋼筋混凝土造,,115.46,2,2,1,有,無,13850000,144133,坡道平面,32.62,1910000,,RPRNMLLLJIHGFAO18CB,悅佳.川青,A2-9F號
新竹市,房地(土地+建物),新竹市新竹市高峰路110巷旁,95.58,住,,,1111121,土地1建物1車位0,全,3,透天厝,住家用,鋼筋混凝土造,,185.44,3,2,3,有,無,28480000,153581,,0.0,0,,RPVNMLLLJIHGFAO58CB,昌禾/學府CASAⅡ,B棟0號
新竹市,房地(土地+建物)+車位,新竹市新竹市高峰路110巷旁,43.49,住,,,1111117,土地1建物1車位1,六層,7,華廈(10層含以下有電梯),住家用,鋼筋混凝土造,,177.82,3,2,2,有,無,21540000,142392,坡道平面,51.83,3600000,,RPWNMLLLJIHGFAO68CB,昌禾/學府首席Ⅱ,E棟6號
新竹市,房地(土地+建物)+車位,新竹市新竹市北區金雅八街與金雅東街口,36.62,,鄉村區,乙種建築用地,1111117,土地1建物1車位2,九層,10,華廈(10層含以下有電梯),住家用,鋼筋混凝土造,,203.77,3,2,2,有,無,24100000,141250,坡道平面,58.92,3640000,,RPPNMLNLJIHGFAO18CB,昕觀邸,A1棟9號
新竹市,房地(土地+建物)+車位,新竹市新竹市北區金雅八街與金雅東街口,30.87,,鄉村區,乙種建築用地,1111117,土地1建物1車位1,七層,10,華廈(10層含以下有電梯),住家用,鋼筋混凝土造,,151.52,3,2,2,有,無,18600000,136654,坡道平面,29.46,1920000,,RPQNMLNLJIHGFAO28CB,昕觀邸,B3棟7號
新竹市,房地(土地+建物)+車位,新竹市新竹市北區金雅八街與金雅東街口,32.84,,鄉村區,乙種建築用地,1111123,土地1建物1車位1,七層,10,華廈(10層含以下有電梯),住家用,鋼筋混凝土造,,159.34,3,2,2,有,無,20000000,139205,坡道平面,29.46,1920000,,RPRNMLNLJIHGFAO38CB,昕觀邸,B1棟7號
新竹市,房地(土地+建物)+車位,新竹市新竹市東區民族路,18.06,住,,,1111124,土地1建物1車位1,三層,12,住宅大樓(11層含以上有電梯),住家用,鋼筋混凝土造,,158.62,3,2,2,有,無,26890000,185526,坡道平面,25.0,2100000,,RPPNMLRLJIHGFAO68DB,鴻上,D棟3號
新竹市,房地(土地+建物)+車位,新竹市新竹市東區民族路,19.03,住,,,1111127,土地1建物1車位1,十一層,12,住宅大樓(11層含以上有電梯),住家用,鋼筋混凝土造,,165.78,3,2,2,有,無,31460000,207132,坡道平面,25.0,2300000,,RPQNMLRLJIHGFAO78DB,鴻上,C棟11號
新竹市,房地(土地+建物)+車位,新竹市新竹市東區民族路,18.06,住,,,1111127,土地1建物1車位1,十一層,12,住宅大樓(11層含以上有電梯),住家用,鋼筋混凝土造,,158.62,3,2,2,有,無,29940000,206855,坡道平面,25.0,2300000,,RPRNMLRLJIHGFAO88DB,鴻上,D棟11號
新竹市,房地(土地+建物),新竹市新竹市埔頂一路161巷,18.6,住,,,1111119,土地2建物1車位0,二層,10,華廈(10層含以下有電梯),住家用,鋼筋混凝土造,,71.87,1,1,2,有,無,13200000,183665,,0.0,0,,RPVOMLKMJIHGFAO68CB,高豐匯,2F-C號
新竹市,房地(土地+建物),新竹市新竹市埔頂一路161巷,28.56,住,,,1111128,土地2建物1車位0,九層,10,華廈(10層含以下有電梯),住家用,鋼筋混凝土造,,110.08,2,1,3,有,無,20000000,181686,,0.0,0,,RPWOMLKMJIHGFAO78CB,高豐匯,9F-B號
新竹市,房地(土地+建物),新竹市新竹市明湖路1016巷,87.02,,鄉村區,乙種建築用地,1111121,土地3建物1車位0,全,5,透天厝,住家用,鋼筋混凝土造,,209.89,5,2,4,有,無,22900000,109105,,0.0,0,,RPQNMLLJKIHGFAO97CB,拾貳家,A棟8號
新竹市,房地(土地+建物),新竹市新竹市明湖路1016巷,75.24,,鄉村區,乙種建築用地,1111122,土地3建物1車位0,全,5,透天厝,住家用,鋼筋混凝土造,,196.21,5,2,3,有,無,20200000,102951,,0.0,0,,RPRNMLLJKIHGFAO08CB,拾貳家,B棟3號
新竹市,房地(土地+建物)+車位,新竹市新竹市東大路三段439巷旁,41.23,住,,,1111125,土地1建物1車位1,四層,8,華廈(10層含以下有電梯),住家用,鋼筋混凝土造,,168.77,3,2,2,有,無,12290000,80295,坡道平面,34.39,1500000,,RPSNMLLJKIHGFAO18CB,廿景,C棟4號
新竹市,房地(土地+建物),新竹市新竹市香檳街,238.79,,山坡地保育區,丁種建築用地,1111118,土地3建物1車位0,全,1,工廠,工業用,見其他登記事項,,159.39,0,0,0,無,無,30000000,,,0.0,0,,RPPNMLNJKIHGFAO08CB,大前瞻景觀科技園區,A11棟0號
新竹市,房地(土地+建物),新竹市新竹市香檳街,252.65,,山坡地保育區,丁種建築用地,1111118,土地3建物1車位0,全,1,工廠,工業用,見其他登記事項,,164.22,0,0,0,無,無,30000000,,,0.0,0,,RPQNMLNJKIHGFAO18CB,大前瞻景觀科技園區,A12棟0號
新竹市,房地(土地+建物),新竹市新竹市香檳街,4377.84,,山坡地保育區,丁種建築用地,1111128,土地3建物1車位0,全,4,工廠,工業用,見其他登記事項,,11920.76,0,0,0,無,無,740000000,,,0.0,0,,RPSNMLNJKIHGFAO38CB,大前瞻景觀科技園區,A35棟0號
新竹市,房地(土地+建物)+車位,新竹市新竹市東區民族路,21.13,住,,,1111204,土地1建物1車位1,十層,12,住宅大樓(11層含以上有電梯),住家用,鋼筋混凝土造,,181.32,4,2,2,有,無,34160000,204452,坡道平面,25.0,2200000,,RPPNMLOJKIHGFAO28DB,鴻上,B棟10號
新竹市,房地(土地+建物)+車位,新竹市新竹市北區金雅八街與金雅東街口,35.96,,鄉村區,乙種建築用地,1111208,土地1建物1車位1,八層,10,華廈(10層含以下有電梯),住家用,鋼筋混凝土造,,171.75,3,2,2,有,無,21880000,140277,坡道平面,29.46,1920000,,RPQNMLSJKIHGFAO68CB,昕觀邸,A2棟8號
新竹市,房地(土地+建物),新竹市新竹市民權路268巷,7.53,住,,,1111113,土地1建物1車位0,七層,7,華廈(10層含以下有電梯),住家用,鋼筋混凝土造,,35.04,1,0,1,有,無,5310000,151541,,0.0,0,,RPRNMLSJKIHGFAO78CB,PARK268,D1棟7F號
新竹市,房地(土地+建物),新竹市新竹市民權路268巷,9.65,住,,,1111113,土地1建物1車位0,七層,7,華廈(10層含以下有電梯),住家用,鋼筋混凝土造,,44.72,1,0,1,有,無,6770000,151386,,0.0,0,,RPSNMLSJKIHGFAO88CB,PARK268,D2棟7F號
新竹市,房地(土地+建物),新竹市新竹市民權路268巷,9.65,住,,,1111201,土地1建物1車位0,六層,7,華廈(10層含以下有電梯),住家用,鋼筋混凝土造,,44.74,1,0,1,有,無,6960000,155565,,0.0,0,,RPTNMLSJKIHGFAO98CB,PARK268,C1棟6F號
新竹市,房地(土地+建物),新竹市新竹市民權路268巷,7.53,住,,,1111201,土地1建物1車位0,六層,7,華廈(10層含以下有電梯),住家用,鋼筋混凝土造,,35.04,1,0,1,有,無,5450000,155537,,0.0,0,,RPUNMLSJKIHGFAO09CB,PARK268,C2棟6F號
新竹市,房地(土地+建物),新竹市新竹市民權路268巷,9.65,住,,,1111211,土地1建物1車位0,六層,7,華廈(10層含以下有電梯),住家用,鋼筋混凝土造,,44.72,1,0,1,有,無,7100000,158766,,0.0,0,,RPQNMLLKKIHGFAO08CB,PARK268,D2棟6F號
新竹市,房地(土地+建物)+車位,新竹市新竹市東區民族路,20.97,住,,,1111209,土地1建物1車位1,八層,12,住宅大樓(11層含以上有電梯),住家用,鋼筋混凝土造,,180.1,4,2,2,有,無,33480000,201676,坡道平面,25.0,2200000,,RPPNMLLKKIHGFAO08DB,鴻上,A棟8號
新竹市,房地(土地+建物)+車位,新竹市新竹市東區民族路,21.13,住,,,1111209,土地1建物1車位1,六層,12,住宅大樓(11層含以上有電梯),住家用,鋼筋混凝土造,,181.32,4,2,2,有,無,32180000,191786,坡道平面,25.0,2200000,,RPQNMLLKKIHGFAO18DB,鴻上,B棟6號
新竹市,房地(土地+建物)+車位,新竹市新竹市金雅路、金雅八街交叉口,21.27,,鄉村區,乙種建築用地,1111203,土地1建物1車位1,十層,12,住宅大樓(11層含以上有電梯),住家用,鋼筋混凝土造,,116.13,2,2,1,有,無,14000000,144773,坡道平面,32.62,1910000,,RPQNMLMKKIHGFAO18CB,悅佳.川青,B2-10F號
新竹市,房地(土地+建物)+車位,新竹市新竹市金雅三階95巷,30.51,,特定農業區,甲種建築用地,1111118,土地2建物1車位1,六層,10,華廈(10層含以下有電梯),住家用,鋼筋混凝土造,,136.16,3,2,2,有,無,18000000,134442,坡道平面,15.29,1750000,,RPPNMLNKKIHGFAO18CB,山階,B棟6號
新竹市,房地(土地+建物),新竹市新竹市明湖路1016巷,102.16,,鄉村區,乙種建築用地,1111117,土地3建物1車位0,全,5,透天厝,住家用,鋼筋混凝土造,,203.11,5,2,4,有,無,23000000,113239,,0.0,0,交易總價含下列非屬預售屋價格之費用:親友、員工、共有人或其他特殊關係間之交易；,RPPNMLPKKIHGFAO38CB,拾貳家,A棟2號
新竹市,房地(土地+建物)+車位,新竹市新竹市經國路二段248巷26弄,54.03,住,,,1111205,土地1建物1車位1,三層,5,華廈(10層含以下有電梯),住家用,鋼筋混凝土造,,151.94,3,2,2,有,無,18750000,125175,一樓平面,16.53,1800000,,RPPNMLTKKIHGFAO88DB,安舍Answer,A1棟3號
新竹市,房地(土地+建物)+車位,新竹市新竹市竹光路,31.51,住,,,1111206,土地5建物1車位1,一層,10,店面(店鋪),商業用,鋼筋混凝土造,,126.84,0,0,0,無,無,17200000,186024,坡道平面,42.98,1600000,,RPPNMLNLKIHGFAO28CB,旬美,B棟1號
新竹市,房地(土地+建物)+車位,新竹市新竹市東區民族路,19.03,住,,,1111214,土地1建物1車位1,十層,12,住宅大樓(11層含以上有電梯),住家用,鋼筋混凝土造,,165.78,3,2,2,有,無,31200000,205995,坡道平面,25.0,2200000,,RPPNMLPLKIHGFAO58DB,鴻上,C棟10號
新竹市,房地(土地+建物)+車位,新竹市新竹市東區民族路,18.06,住,,,1111219,土地1建物1車位1,九層,12,住宅大樓(11層含以上有電梯),住家用,鋼筋混凝土造,,158.62,3,2,2,有,無,29630000,205658,坡道平面,25.0,2150000,,RPQNMLPLKIHGFAO68DB,鴻上,D棟9號
新竹市,房地(土地+建物)+車位,新竹市新竹市東區民族路,19.03,住,,,1111225,土地1建物1車位1,十二層,12,住宅大樓(11層含以上有電梯),住家用,鋼筋混凝土造,,165.78,3,2,2,有,無,31730000,208339,坡道平面,25.0,2400000,,RPRNMLPLKIHGFAO78DB,鴻上,C棟12號
新竹市,房地(土地+建物)+車位,新竹市新竹市園後街,63.0,住,,,1111223,土地1建物1車位1,全,5,透天厝,住家用,鋼筋混凝土造,,249.87,6,2,5,有,無,35500000,142074,一樓平面,0.0,0,車位單獨有產權之車位無計價。車位位於主建物內1樓,RPPNMLRLKIHGFAO78DB,安泊居,B號
新竹市,房地(土地+建物)+車位,新竹市新竹市高峰路110巷旁,33.02,住,,,1111222,土地1建物1車位1,六層,7,華廈(10層含以下有電梯),住家用,鋼筋混凝土造,,126.34,2,2,1,有,無,16110000,142319,坡道平面,30.71,2500000,,RPPNMLRLKIHGFAO68CB,昌禾/學府首席Ⅱ,A棟6號
新竹市,房地(土地+建物)+車位,新竹市新竹市高峰路110巷旁,43.59,住,,,1111227,土地1建物1車位1,四層,7,華廈(10層含以下有電梯),住家用,鋼筋混凝土造,,150.95,3,2,2,有,無,20270000,141578,坡道平面,24.73,2400000,,RPQNMLRLKIHGFAO78CB,昌禾/學府首席Ⅱ,H棟4號
新竹市,房地(土地+建物)+車位,新竹市新竹市香檳街,69.43,,山坡地保育區,丁種建築用地,1111219,土地2建物1車位2,八層,8,工廠,工業用,鋼筋混凝土造,,344.03,0,0,0,無,無,23640000,,坡道平面,73.52,2600000,,RPRNMLRLKIHGFAO88CB,大綠景景觀科技園區,E棟8號
新竹市,房地(土地+建物),新竹市新竹市聯興路,78.3,住,,,1111206,土地1建物1車位0,全,4,透天厝,住家用,鋼筋混凝土造,,250.99,5,2,4,有,無,22000000,87653,,0.0,0,,RPPNMLSLKIHGFAO78CB,上廣樂No.12,A棟2號
新竹市,房地(土地+建物),新竹市新竹市草漯街,136.66,,一般農業區,丙種建築用地,1111204,土地3建物1車位0,全,3,透天厝,住家用,鋼筋混凝土造,,211.94,4,1,5,有,無,21330000,100642,,0.0,0,,RPPNMLTLKIHGFAO88CB,森活新墅,D7棟0號
新竹市,房地(土地+建物),新竹市新竹市草漯街,132.13,,一般農業區,丙種建築用地,1111212,土地3建物1車位0,全,3,透天厝,住家用,鋼筋混凝土造,,198.34,4,1,5,有,無,19290000,97257,,0.0,0,,RPQNMLTLKIHGFAO98CB,森活新墅,B8棟0號
新竹市,房地(土地+建物),新竹市新竹市明湖路1016巷,66.11,,鄉村區,乙種建築用地,1111204,土地3建物1車位0,全,5,透天厝,住家用,鋼筋混凝土造,,185.23,4,2,3,有,無,18550000,100146,,0.0,0,,RPRNMLTLKIHGFAO09CB,拾貳家,B棟5號
新竹市,房地(土地+建物)+車位,新竹市新竹市中華路三段,17.29,商,,,1111212,土地1建物1車位2,十一層,15,住宅大樓(11層含以上有電梯),住家用,鋼筋混凝土造,,217.2,4,2,2,有,無,28730000,153687,坡道平面,52.71,3450000,,RPSNMLTLKIHGFAO56CB,聚吉第,A1棟11號
新竹市,房地(土地+建物)+車位,新竹市新竹市中華路三段,17.23,商,,,1111209,土地1建物1車位2,五層,15,住宅大樓(11層含以上有電梯),住家用,鋼筋混凝土造,,221.38,4,2,2,有,無,27380000,144584,坡道平面,57.6,3700000,,RPTNMLTLKIHGFAO66CB,聚吉第,A5棟5號
新竹市,房地(土地+建物)+車位,新竹市新竹市中華路三段,17.23,商,,,1111218,土地1建物1車位1,七層,15,住宅大樓(11層含以上有電梯),住家用,鋼筋混凝土造,,192.58,4,2,2,有,無,26050000,146843,坡道平面,28.8,2000000,,RPUNMLTLKIHGFAO76CB,聚吉第,A5棟7號
新竹市,房地(土地+建物)+車位,新竹市新竹市中華路三段,10.93,商,,,1111209,土地1建物1車位1,五層,15,住宅大樓(11層含以上有電梯),住家用,鋼筋混凝土造,,132.86,2,2,2,有,無,17450000,148472,坡道平面,28.8,2000000,,RPRPMLTLKIHGFAO66CB,聚吉第,B3棟5號
新竹市,房地(土地+建物)+車位,新竹市新竹市中華路三段,14.41,商,,,1111205,土地1建物1車位1,六層,15,住宅大樓(11層含以上有電梯),住家用,鋼筋混凝土造,,166.01,3,2,2,有,無,22050000,146126,坡道平面,28.8,2000000,,RPSPMLTLKIHGFAO76CB,聚吉第,A3棟6號
新竹市,房地(土地+建物)+車位,新竹市新竹市中華路三段,10.93,商,,,1111208,土地1建物1車位1,七層,15,住宅大樓(11層含以上有電梯),住家用,鋼筋混凝土造,,132.86,2,2,2,有,無,17770000,151547,坡道平面,28.8,2000000,,RPTPMLTLKIHGFAO86CB,聚吉第,B3棟7號
新竹市,房地(土地+建物)+車位,新竹市新竹市中華路三段,10.93,商,,,1111219,土地1建物1車位1,六層,15,住宅大樓(11層含以上有電梯),住家用,鋼筋混凝土造,,132.86,2,2,2,有,無,17580000,151163,坡道平面,28.8,1850000,,RPUPMLTLKIHGFAO96CB,聚吉第,B3棟6號
新竹市,房地(土地+建物)+車位,新竹市新竹市中華路三段,14.41,商,,,1111202,土地1建物1車位1,五層,15,住宅大樓(11層含以上有電梯),住家用,鋼筋混凝土造,,166.01,3,2,2,有,無,22180000,147074,坡道平面,28.8,2000000,,RPVPMLTLKIHGFAO07CB,聚吉第,A3棟5號
新竹市,房地(土地+建物)+車位,新竹市新竹市中華路三段,14.41,商,,,1111207,土地1建物1車位1,七層,15,住宅大樓(11層含以上有電梯),住家用,鋼筋混凝土造,,166.01,3,2,2,有,無,22280000,146709,坡道平面,28.8,2150000,,RPWPMLTLKIHGFAO17CB,聚吉第,A3棟7號
新竹市,房地(土地+建物)+車位,新竹市新竹市中華路三段,14.3,商,,,1111209,土地1建物1車位2,六層,15,住宅大樓(11層含以上有電梯),住家用,鋼筋混凝土造,,188.85,3,2,2,有,無,23600000,146540,坡道平面,52.71,3650000,,RPXPMLTLKIHGFAO27CB,聚吉第,B1棟6號
新竹市,房地(土地+建物)+車位,新竹市新竹市中華路三段,10.93,商,,,1111202,土地1建物1車位1,十二層,15,住宅大樓(11層含以上有電梯),住家用,鋼筋混凝土造,,132.86,2,2,2,有,無,18580000,160773,坡道平面,28.8,1850000,,RPOQMLTLKIHGFAO09CB,聚吉第,B3棟12號
新竹市,房地(土地+建物)+車位,新竹市新竹市金雅三街95巷,30.48,,特定農業區,甲種建築用地,1111208,土地2建物1車位1,三層,10,華廈(10層含以下有電梯),住家用,鋼筋混凝土造,,136.05,3,2,2,有,無,17500000,130424,坡道平面,15.29,1750000,,RPPNMLMJJHIGFAO87CB,山階,A棟3號
新竹市,房地(土地+建物)+車位,新竹市新竹市占梅路,15.85,商,,,1111217,土地1建物1車位1,二十四層,24,住宅大樓(11層含以上有電梯),住家用,鋼筋混凝土造,,192.1,4,2,2,有,無,42800000,240266,坡道平面,26.45,3000000,,RPQNMLMJJHIGFAO97CB,富宇-天雋,A1棟24號
新竹市,房地(土地+建物)+車位,新竹市新竹市占梅路,12.61,商,,,1111211,土地1建物1車位2,八層,24,住宅大樓(11層含以上有電梯),住家用,鋼筋混凝土造,,184.76,3,2,2,有,無,35990000,235022,坡道平面,52.9,5000000,,RPRNMLMJJHIGFAO08CB,富宇-天雋,B6棟8號
新竹市,房地(土地+建物)+車位,新竹市新竹市占梅路,10.0,商,,,1111220,土地1建物1車位1,十二層,24,住宅大樓(11層含以上有電梯),住家用,鋼筋混凝土造,,130.94,2,2,2,有,無,26600000,233515,坡道平面,26.45,2200000,,RPSNMLMJJHIGFAO18CB,富宇-天雋,A2棟12號
新竹市,房地(土地+建物)+車位,新竹市新竹市占梅路,10.03,商,,,1111230,土地1建物1車位1,一層,24,店面(店鋪),商業用,鋼筋混凝土造,,130.8,1,1,1,有,無,42470000,378246,坡道平面,26.45,3000000,,RPTNMLMJJHIGFAO28CB,富宇-天雋,S棟12號
新竹市,房地(土地+建物)+車位,新竹市新竹市占梅路,14.8,商,,,1111230,土地1建物1車位2,一層,24,店面(店鋪),商業用,鋼筋混凝土造,,205.31,1,1,1,有,無,66000000,393675,坡道平面,52.9,6000000,,RPUNMLMJJHIGFAO38CB,富宇-天雋,S棟13號
新竹市,房地(土地+建物)+車位,新竹市新竹市中華路三段,13.14,商,,,1120103,土地1建物1車位1,五層,15,住宅大樓(11層含以上有電梯),住家用,鋼筋混凝土造,,148.94,3,2,2,有,無,19730000,145005,坡道平面,23.91,1600000,,RPPNMLSJJHIGFAO48CB,聚吉第,B2棟5號
新竹市,房地(土地+建物)+車位,新竹市新竹市中華路三段,14.36,商,,,1111224,土地1建物1車位1,七層,15,住宅大樓(11層含以上有電梯),住家用,鋼筋混凝土造,,160.67,3,2,2,有,無,21800000,146242,坡道平面,23.91,1800000,,RPQNMLSJJHIGFAO58CB,聚吉第,A2棟7號
新竹市,房地(土地+建物),新竹市新竹市明湖路1016巷,85.89,,鄉村區,乙種建築用地,1111213,土地3建物1車位0,全,5,透天厝,住家用,鋼筋混凝土造,,203.67,5,2,4,有,無,21900000,107527,,0.0,0,,RPPNMLKKJHIGFAO77CB,拾貳家,A棟7號
新竹市,房地(土地+建物),新竹市新竹市明湖路1016巷,78.91,,鄉村區,乙種建築用地,1111219,土地3建物1車位0,全,5,透天厝,住家用,鋼筋混凝土造,,202.32,5,2,3,有,無,21000000,103796,,0.0,0,,RPQNMLKKJHIGFAO87CB,拾貳家,B棟1號
新竹市,房地(土地+建物),新竹市新竹市明湖路1016巷,80.56,,鄉村區,乙種建築用地,1111221,土地3建物1車位0,全,5,透天厝,住家用,鋼筋混凝土造,,178.02,4,2,3,有,無,18680000,104932,,0.0,0,,RPRNMLKKJHIGFAO97CB,拾貳家,B棟6號
新竹市,房地(土地+建物)+車位,新竹市新竹市中華路三段,13.14,商,,,1111208,土地1建物1車位1,七層,15,住宅大樓(11層含以上有電梯),住家用,鋼筋混凝土造,,153.83,3,2,2,有,無,20200000,147964,坡道平面,28.8,1700000,,RPSNMLKKJHIGFAO08CB,聚吉第,B2棟7號
新竹市,房地(土地+建物)+車位,新竹市新竹市中華路三段,14.36,商,,,1111128,土地1建物1車位1,六層,15,住宅大樓(11層含以上有電梯),住家用,鋼筋混凝土造,,165.56,3,2,2,有,無,21650000,144779,坡道平面,28.8,1850000,,RPTNMLKKJHIGFAO18CB,聚吉第,A2棟6號
新竹市,房地(土地+建物)+車位,新竹市新竹市中華路三段,14.31,商,,,1111125,土地1建物1車位1,五層,15,住宅大樓(11層含以上有電梯),住家用,鋼筋混凝土造,,165.02,3,2,2,有,無,21700000,144619,坡道平面,28.8,2000000,,RPUNMLKKJHIGFAO28CB,聚吉第,B5棟5號
新竹市,房地(土地+建物)+車位,新竹市新竹市金雅三街95巷,30.51,,特定農業區,甲種建築用地,1111218,土地2建物1車位1,五層,10,華廈(10層含以下有電梯),住家用,鋼筋混凝土造,,136.16,3,2,2,有,無,17900000,133615,坡道平面,15.29,1750000,,RPPNMLNKJHIGFAO08CB,山階,B棟5號
新竹市,房地(土地+建物)+車位,新竹市新竹市東區民族路,19.03,住,,,1120111,土地1建物1車位1,三層,12,住宅大樓(11層含以上有電梯),住家用,鋼筋混凝土造,,165.78,3,2,2,有,無,28810000,189018,坡道平面,25.0,2200000,,RPQNMLNKJHIGFAO28DB,鴻上,C棟3號
新竹市,房地(土地+建物)+車位,新竹市新竹市東區民族路,20.97,住,,,1120110,土地1建物1車位1,五層,12,住宅大樓(11層含以上有電梯),住家用,鋼筋混凝土造,,180.1,4,2,2,有,無,31540000,189491,坡道平面,25.0,2150000,,RPRNMLNKJHIGFAO38DB,鴻上,A棟5號
新竹市,房地(土地+建物)+車位,新竹市新竹市中華路三段,17.23,商,,,1120108,土地1建物1車位2,二層,15,住宅大樓(11層含以上有電梯),住家用,鋼筋混凝土造,,221.38,4,2,2,有,無,26350000,139211,坡道平面,57.6,3550000,,RPPNMLPKJHIGFAO28CB,聚吉第,A5棟2號
新竹市,房地(土地+建物)+車位,新竹市新竹市中華路三段,14.41,商,,,1120110,土地1建物1車位1,二層,15,住宅大樓(11層含以上有電梯),住家用,鋼筋混凝土造,,166.01,3,2,2,有,無,21350000,141025,坡道平面,28.8,2000000,,RPQNMLPKJHIGFAO38CB,聚吉第,A3棟2號
新竹市,房地(土地+建物)+車位,新竹市新竹市北區金雅八街與金雅東街口,30.87,,鄉村區,乙種建築用地,1120113,土地1建物1車位1,十層,10,華廈(10層含以下有電梯),住家用,鋼筋混凝土造,,151.52,3,2,2,有,無,18100000,133377,坡道平面,29.46,1820000,,RPRNMLPKJHIGFAO48CB,昕觀邸,B3棟10號
新竹市,房地(土地+建物)+車位,新竹市新竹市中華路三段,14.31,商,,,1120115,土地1建物1車位1,六層,15,住宅大樓(11層含以上有電梯),住家用,鋼筋混凝土造,,165.02,3,2,2,有,無,21680000,145573,坡道平面,28.8,1850000,,RPPNMLQKJHIGFAO38CB,聚吉第,B5棟6號
新竹市,房地(土地+建物)+車位,新竹市新竹市北區北大路262號旁,23.2,商,,,1120105,土地8建物1車位2,二十層,27,住宅大樓(11層含以上有電梯),住家用,鋼筋混凝土造,,323.88,4,2,3,有,無,46820000,177332,坡道平面,86.36,4700000,,RPPNMLRKJHIGFAO48CB,春福大雋,B2-20F號
新竹市,房地(土地+建物)+車位,新竹市新竹市北區北大路262號旁,23.2,商,,,1120105,土地8建物1車位2,二十層,27,住宅大樓(11層含以上有電梯),住家用,鋼筋混凝土造,,323.88,4,2,3,有,無,45750000,172828,坡道平面,86.36,4700000,,RPQNMLRKJHIGFAO58CB,春福大雋,B1-20F號
新竹市,房地(土地+建物)+車位,新竹市新竹市北區北大路262號旁,16.47,商,,,1120104,土地8建物1車位1,七層,27,住宅大樓(11層含以上有電梯),住家用,鋼筋混凝土造,,211.26,3,2,3,有,無,31510000,174381,坡道平面,43.18,2200000,,RPRNMLRKJHIGFAO68CB,春福大雋,A2-7F號
新竹市,房地(土地+建物)+車位,新竹市新竹市北區北大路262號旁,13.57,商,,,1120113,土地8建物1車位2,九層,27,住宅大樓(11層含以上有電梯),住家用,鋼筋混凝土造,,221.94,3,2,2,有,無,28680000,176796,坡道平面,82.91,4100000,,RPSNMLRKJHIGFAO78CB,春福大雋,A1-9F號
新竹市,房地(土地+建物)+車位,新竹市新竹市北區北大路262號旁,23.32,商,,,1120105,土地8建物1車位2,十九層,27,住宅大樓(11層含以上有電梯),住家用,鋼筋混凝土造,,325.54,4,2,3,有,無,45150000,170374,坡道平面,86.36,4400000,,RPTNMLRKJHIGFAO88CB,春福大雋,B1-19F號
新竹市,房地(土地+建物)+車位,新竹市新竹市北區北大路262號旁,16.47,商,,,1120111,土地8建物1車位1,十五層,27,住宅大樓(11層含以上有電梯),住家用,鋼筋混凝土造,,211.26,3,2,3,有,無,33650000,186221,坡道平面,43.18,2350000,,RPUNMLRKJHIGFAO98CB,春福大雋,A5-15F號
新竹市,房地(土地+建物)+車位,新竹市新竹市北區北大路262號旁,16.47,商,,,1120108,土地8建物1車位1,十五層,27,住宅大樓(11層含以上有電梯),住家用,鋼筋混凝土造,,211.26,3,2,3,有,無,32980000,181640,坡道平面,43.18,2450000,,RPVNMLRKJHIGFAO09CB,春福大雋,A2-15F號
新竹市,房地(土地+建物)+車位,新竹市新竹市北區北大路262號旁,23.2,商,,,1120108,土地8建物1車位2,十八層,27,住宅大樓(11層含以上有電梯),住家用,鋼筋混凝土造,,323.88,4,2,3,有,無,44790000,167944,坡道平面,86.36,4900000,,RPWNMLRKJHIGFAO56CB,春福大雋,B1-18F號
新竹市,房地(土地+建物)+車位,新竹市新竹市金雅路、金雅八街交叉口,32.43,,鄉村區,乙種建築用地,1120107,土地1建物1車位1,一層,12,店面(店鋪),商業用,鋼筋混凝土造,,158.82,0,0,1,有,無,18000000,127496,坡道平面,32.62,1910000,,RPPNMLSKJHIGFAO58CB,悅佳.川青,S3-1F號
新竹市,房地(土地+建物)+車位,新竹市新竹市金雅六街,22.46,,鄉村區,乙種建築用地,1111225,土地1建物1車位1,八層,13,住宅大樓(11層含以上有電梯),住家用,鋼筋混凝土造,,125.73,2,2,1,有,無,14900000,148250,坡道平面,38.04,1900000,,RPQNMLSKJHIGFAO68CB,力天品翰,B棟8號
新竹市,房地(土地+建物)+車位,新竹市新竹市金雅六街,22.46,,鄉村區,乙種建築用地,1111231,土地1建物1車位1,五層,13,住宅大樓(11層含以上有電梯),住家用,鋼筋混凝土造,,125.73,2,2,1,有,無,14350000,143118,坡道平面,38.04,1800000,,RPRNMLSKJHIGFAO78CB,力天品翰,B棟5號
新竹市,房地(土地+建物),新竹市新竹市香檳街,264.01,,山坡地保育區,丁種建築用地,1120111,土地3建物1車位0,全,1,工廠,工業用,見其他登記事項,,165.6,0,0,0,無,無,29000000,,,0.0,0,,RPXNMLSKJHIGFAO76CB,大前瞻景觀科技園區,A27棟0號
新竹市,房地(土地+建物)+車位,新竹市新竹市埔頂路,71.46,工,,,1120108,土地1建物1車位4,三層,11,工廠,見其他登記事項,鋼筋混凝土造,,441.9,0,0,0,無,無,39900000,,坡道平面,138.1,8750000,,RPOOMLSKJHIGFAO58CB,A TEAM,C棟3號
新竹市,房地(土地+建物),新竹市新竹市中華路六段647巷136弄K區,166.98,,山坡地保育區,國土保安用地,1120108,土地3建物1車位0,全,4,透天厝,住家用,鋼筋混凝土造,,182.35,3,2,2,有,無,18750000,102824,,0.0,0,原起造人新富開發股份有限公司負責人:尤麗敏因辦理預售屋不動產開發信託，變更起造人為寶國建築經理股股份有限公司負責人:陳正林。,RPPNMLTKJHIGFAO68CB,竹科莊園,KB52棟0號
新竹市,房地(土地+建物),新竹市新竹市中華路六段647巷136弄K區,104.61,,山坡地保育區,丙種建築用地,1120108,土地2建物1車位0,全,4,透天厝,住家用,鋼筋混凝土造,,180.31,3,2,2,有,無,18120000,100494,,0.0,0,原起造人新富開發股份有限公司負責人:尤麗敏因辦理預售屋不動產開發信託，變更起造人為寶國建築經理股股份有限公司負責人:陳正林。,RPQNMLTKJHIGFAO78CB,竹科莊園,KA30棟0號
新竹市,房地(土地+建物),新竹市新竹市中華路六段647巷136弄K區,172.11,,山坡地保育區,丙種建築用地,1120108,土地3建物1車位0,全,4,透天厝,住家用,鋼筋混凝土造,,182.35,3,2,2,有,無,18710000,102605,,0.0,0,原起造人新富開發股份有限公司負責人:尤麗敏因辦理預售屋不動產開發信託，變更起造人為寶國建築經理股股份有限公司負責人:陳正林。,RPRNMLTKJHIGFAO88CB,竹科莊園,KB23棟0號
新竹市,房地(土地+建物),新竹市新竹市中華路六段647巷136弄K區,94.93,,山坡地保育區,丙種建築用地,1120108,土地2建物1車位0,全,3,透天厝,住家用,鋼筋混凝土造,,147.66,3,2,2,有,無,15070000,102059,,0.0,0,原起造人新富開發股份有限公司負責人:尤麗敏因辦理預售屋不動產開發信託，變更起造人為寶國建築經理股股份有限公司負責人:陳正林。,RPSNMLTKJHIGFAO98CB,竹科莊園,KA33棟0號
新竹市,房地(土地+建物),新竹市新竹市中華路六段647巷136弄K區,96.24,,山坡地保育區,丙種建築用地,1120108,土地2建物1車位0,全,3,透天厝,住家用,鋼筋混凝土造,,147.66,3,2,2,有,無,14880000,100772,,0.0,0,原起造人新富開發股份有限公司負責人:尤麗敏因辦理預售屋不動產開發信託，變更起造人為寶國建築經理股股份有限公司負責人:陳正林。,RPTNMLTKJHIGFAO09CB,竹科莊園,KA36棟0號
新竹市,房地(土地+建物),新竹市新竹市中華路六段647巷136弄K區,97.36,,山坡地保育區,丙種建築用地,1120108,土地2建物1車位0,全,3,透天厝,住家用,鋼筋混凝土造,,147.66,3,2,2,有,無,14800000,100230,,0.0,0,原起造人新富開發股份有限公司負責人:尤麗敏因辦理預售屋不動產開發信託，變更起造人為寶國建築經理股股份有限公司負責人:陳正林。,RPUNMLTKJHIGFAO56CB,竹科莊園,KA38棟0號
新竹市,房地(土地+建物)+車位,新竹市新竹市占梅路,10.0,商,,,1120105,土地1建物1車位1,十五層,24,住宅大樓(11層含以上有電梯),住家用,鋼筋混凝土造,,130.94,2,2,2,有,無,26700000,234472,坡道平面,26.45,2200000,,RPVNMLTKJHIGFAO66CB,富宇-天雋,A2棟15號
新竹市,房地(土地+建物)+車位,新竹市新竹市占梅路,10.0,商,,,1120107,土地1建物1車位1,八層,24,住宅大樓(11層含以上有電梯),住家用,鋼筋混凝土造,,130.94,2,2,2,有,無,26550000,230166,坡道平面,26.45,2500000,,RPWNMLTKJHIGFAO76CB,富宇-天雋,A2棟8號
新竹市,房地(土地+建物)+車位,新竹市新竹市占梅路,13.97,商,,,1120111,土地1建物1車位2,六層,24,住宅大樓(11層含以上有電梯),住家用,鋼筋混凝土造,,199.04,3,2,2,有,無,39400000,232654,坡道平面,52.9,5400000,,RPXNMLTKJHIGFAO86CB,富宇-天雋,A3棟6號
新竹市,房地(土地+建物)+車位,新竹市新竹市東大路三段439巷旁,41.23,住,,,1120117,土地1建物1車位1,三層,8,華廈(10層含以下有電梯),住家用,鋼筋混凝土造,,168.77,3,2,2,有,無,12490000,81039,一樓平面,34.39,1600000,,RPPNMLRLJHIGFAO58CB,廿景,C棟3號
新竹市,房地(土地+建物),新竹市新竹市中華路六段647巷136弄K區,213.96,,山坡地保育區,國土保安用地,1120115,土地3建物1車位0,全,4,透天厝,住家用,鋼筋混凝土造,,182.35,3,2,2,有,無,18710000,102605,,0.0,0,原起造人新富開發股份有限公司負責人:尤麗敏因辦理預售屋不動產開發信託，變更起造人為寶國建築經理股股份有限公司負責人:陳正林。,RPPNMLLJKHIGFAO87CB,竹科莊園,KB59棟0號
新竹市,房地(土地+建物),新竹市新竹市中華路六段647巷136弄K區,207.71,,山坡地保育區,丙種建築用地,1120115,土地3建物1車位0,全,4,透天厝,住家用,鋼筋混凝土造,,195.71,3,2,3,有,無,19180000,98002,,0.0,0,原起造人新富開發股份有限公司負責人:尤麗敏因辦理預售屋不動產開發信託，變更起造人為寶國建築經理股股份有限公司負責人:陳正林。,RPQNMLLJKHIGFAO97CB,竹科莊園,KB12棟0號
新竹市,房地(土地+建物)+車位,新竹市新竹市北區北大路262號旁,16.47,商,,,1120117,土地8建物1車位1,八層,27,住宅大樓(11層含以上有電梯),住家用,鋼筋混凝土造,,211.26,3,2,3,有,無,32320000,178308,坡道平面,43.18,2350000,,RPTNMLLJKHIGFAO28CB,春福大雋,A2-8F號
新竹市,房地(土地+建物)+車位,新竹市新竹市民權路268巷,7.53,住,,,1111211,土地1建物1車位1,六層,7,華廈(10層含以下有電梯),住家用,鋼筋混凝土造,,57.24,1,0,1,有,無,8060000,158676,一樓平面,22.2,2500000,,RPPNMLMJKHIGFAO97CB,PARK268,D1棟6F號
新竹市,房地(土地+建物)+車位,新竹市新竹市北區金雅路與金雅七街交叉路口,33.04,,鄉村區,乙種建築用地,1111225,土地1建物1車位1,三層,17,住宅大樓(11層含以上有電梯),住家用,鋼筋混凝土造,,157.84,3,2,2,有,無,23300000,168562,坡道平面,32.07,2100000,,RPQNMLNJKHIGFAO18CB,浩瀚森PARK,F-3F號
新竹市,房地(土地+建物)+車位,新竹市新竹市北區金雅路與金雅七街交叉路口,38.98,,鄉村區,乙種建築用地,1120101,土地1建物1車位2,二層,17,住宅大樓(11層含以上有電梯),住家用,鋼筋混凝土造,,211.8,4,2,2,有,無,28130000,164037,坡道平面,63.48,3800000,,RPRNMLNJKHIGFAO28CB,浩瀚森PARK,A-2F號
新竹市,房地(土地+建物)+車位,新竹市新竹市北區金雅路與金雅七街交叉路口,31.95,,鄉村區,乙種建築用地,1120117,土地1建物1車位1,五層,17,住宅大樓(11層含以上有電梯),住家用,鋼筋混凝土造,,153.78,3,2,2,有,無,21770000,162846,坡道平面,32.07,1950000,原申報書序號： B1OA11202010006,RPSNMLNJKHIGFAO38CB,浩瀚森PARK,C-05號
新竹市,房地(土地+建物)+車位,新竹市新竹市北區金雅路與金雅七街交叉路口,38.98,,鄉村區,乙種建築用地,1120101,土地1建物1車位2,九層,17,住宅大樓(11層含以上有電梯),住家用,鋼筋混凝土造,,211.8,4,2,2,有,無,28860000,168959,坡道平面,63.48,3800000,,RPTNMLNJKHIGFAO48CB,浩瀚森PARK,B-9F號
新竹市,房地(土地+建物)+車位,新竹市新竹市北區金雅路與金雅七街交叉路口,38.98,,鄉村區,乙種建築用地,1120101,土地1建物1車位2,三層,17,住宅大樓(11層含以上有電梯),住家用,鋼筋混凝土造,,212.46,4,2,2,有,無,28910000,167948,坡道平面,64.14,4000000,,RPUNMLNJKHIGFAO58CB,浩瀚森PARK,B-3F號
新竹市,房地(土地+建物)+車位,新竹市新竹市北區北大路262號旁,13.8,商,,,1120111,土地8建物1車位1,六層,27,住宅大樓(11層含以上有電梯),住家用,鋼筋混凝土造,,185.99,3,2,2,有,無,28300000,182760,坡道平面,43.18,2200000,此戶為露臺戶，露臺面積為5.95平方公尺,RPPNMLQJKHIGFAO38CB,春福大雋,A3-6F號
新竹市,房地(土地+建物)+車位,新竹市新竹市占梅路,56.36,商,,,1120116,土地1建物1車位4,一層+二層,24,店面(店鋪),見其他登記事項,鋼筋混凝土造,,707.88,2,2,3,有,無,204000000,318894,坡道平面,105.8,12000000,,RPSNMLQJKHIGFAO68CB,富宇-天雋,S棟1號
新竹市,房地(土地+建物)+車位,新竹市新竹市占梅路,17.77,商,,,1120116,土地1建物1車位2,一層,24,店面(店鋪),見其他登記事項,鋼筋混凝土造,,237.51,1,1,2,有,無,75800000,378094,坡道平面,52.9,6000000,,RPTNMLQJKHIGFAO78CB,富宇-天雋,S棟2號
新竹市,房地(土地+建物)+車位,新竹市新竹市占梅路,9.34,商,,,1120116,土地1建物1車位2,一層,24,店面(店鋪),商業用,鋼筋混凝土造,,149.91,1,1,1,有,無,42700000,378312,坡道平面,52.9,6000000,,RPUNMLQJKHIGFAO88CB,富宇-天雋,S棟3號
新竹市,房地(土地+建物)+車位,新竹市新竹市占梅路,9.34,商,,,1120116,土地1建物1車位2,一層,24,店面(店鋪),商業用,鋼筋混凝土造,,149.91,1,1,1,有,無,42700000,378312,坡道平面,52.9,6000000,,RPVNMLQJKHIGFAO98CB,富宇-天雋,S棟5號
新竹市,房地(土地+建物),新竹市新竹市中華路六段647巷136弄K區,216.06,,山坡地保育區,國土保安用地,1111211,土地3建物1車位0,全,3,透天厝,住家用,鋼筋混凝土造,,147.66,3,2,2,有,無,15420000,104429,,0.0,0,原起造人新富開發股份有限公司負責人:尤麗敏因辦理預售屋不動產開發信託，變更起造人為寶國建築經理股份有限公司負責人:陳正林。,RPPNMLRJKHIGFAO48CB,竹科莊園,KB15棟0號
新竹市,房地(土地+建物),新竹市新竹市中華路六段647巷136弄K區,110.32,,山坡地保育區,丙種建築用地,1111218,土地2建物1車位0,全,4,透天厝,住家用,鋼筋混凝土造,,194.34,3,2,3,有,無,19180000,98693,,0.0,0,,RPQNMLRJKHIGFAO58CB,竹科莊園,KA29棟0號
新竹市,房地(土地+建物),新竹市新竹市中華路六段647巷136弄K區,231.08,,山坡地保育區,丙種建築用地,1111211,土地3建物1車位0,全,3,透天厝,住家用,鋼筋混凝土造,,147.66,3,2,2,有,無,15850000,107341,,0.0,0,原起造人新富開發股份有限公司負責人:尤麗敏因辦理預售屋不動產開發信託，變更起造人為寶國建築經理股份有限公司負責人:陳正林。,RPRNMLRJKHIGFAO68CB,竹科莊園,KB50棟0號
新竹市,房地(土地+建物),新竹市新竹市中華路六段647巷136弄K區,197.19,,山坡地保育區,國土保安用地,1111211,土地3建物1車位0,全,4,透天厝,住家用,鋼筋混凝土造,,182.72,3,2,2,有,無,18770000,102725,,0.0,0,原起造人新富開發股份有限公司負責人:尤麗敏因辦理預售屋不動產開發信託，變更起造人為寶國建築經理股份有限公司負責人:陳正林。,RPSNMLRJKHIGFAO78CB,竹科莊園,KB56棟0號
新竹市,房地(土地+建物),新竹市新竹市中華路六段647巷136弄K區,279.09,,山坡地保育區,國土保安用地,1111211,土地3建物1車位0,全,3,透天厝,住家用,鋼筋混凝土造,,147.66,3,2,2,有,無,15600000,105648,,0.0,0,原起造人新富開發股份有限公司負責人:尤麗敏因辦理預售屋不動產開發信託，變更起造人為寶國建築經理股份有限公司負責人:陳正林。,RPTNMLRJKHIGFAO88CB,竹科莊園,KB16棟0號
新竹市,房地(土地+建物),新竹市新竹市中華路六段647巷136弄K區,331.01,,山坡地保育區,國土保安用地,1111211,土地3建物1車位0,全,4,透天厝,住家用,鋼筋混凝土造,,182.72,3,2,2,有,無,19100000,104532,,0.0,0,原起造人新富開發股份有限公司負責人:尤麗敏因辦理預售屋不動產開發信託，變更起造人為寶國建築經理股份有限公司負責人:陳正林。,RPUNMLRJKHIGFAO98CB,竹科莊園,KB62棟0號
新竹市,房地(土地+建物),新竹市新竹市中華路六段647巷136弄K區,94.96,,山坡地保育區,丙種建築用地,1111218,土地2建物1車位0,全,3,透天厝,住家用,鋼筋混凝土造,,147.66,3,2,2,有,無,14850000,100569,,0.0,0,原起造人新富開發股份有限公司負責人:尤麗敏因辦理預售屋不動產開發信託，變更起造人為寶國建築經理股份有限公司負責人:陳正林。,RPVNMLRJKHIGFAO09CB,竹科莊園,KA37棟0號
新竹市,房地(土地+建物),新竹市新竹市中華路六段647巷136弄K區,161.33,,山坡地保育區,國土保安用地,1111211,土地3建物1車位0,全,4,透天厝,住家用,鋼筋混凝土造,,182.35,3,2,2,有,無,18500000,101453,,0.0,0,原起造人新富開發股份有限公司負責人:尤麗敏因辦理預售屋不動產開發信託，變更起造人為寶國建築經理股份有限公司負責人:陳正林。,RPWNMLRJKHIGFAO56CB,竹科莊園,KB55棟0號
新竹市,房地(土地+建物),新竹市新竹市中華路六段647巷136弄K區,268.88,,山坡地保育區,國土保安用地,1111211,土地3建物1車位0,全,4,透天厝,住家用,鋼筋混凝土造,,182.72,3,2,2,有,無,18770000,102725,,0.0,0,原起造人新富開發股份有限公司負責人:尤麗敏因辦理預售屋不動產開發信託，變更起造人為寶國建築經理股份有限公司負責人:陳正林。,RPXNMLRJKHIGFAO66CB,竹科莊園,KB60棟0號
新竹市,房地(土地+建物),新竹市新竹市中華路六段647巷136弄K區,239.55,,山坡地保育區,國土保安用地,1111218,土地3建物1車位0,全,4,透天厝,住家用,鋼筋混凝土造,,195.71,3,2,3,有,無,19970000,102039,,0.0,0,原起造人新富開發股份有限公司負責人:尤麗敏因辦理預售屋不動產開發信託，變更起造人為寶國建築經理股份有限公司負責人:陳正林。,RPOOMLRJKHIGFAO48CB,竹科莊園,KB37棟0號
新竹市,房地(土地+建物),新竹市新竹市中華路六段647巷136弄K區,204.7,,山坡地保育區,丙種建築用地,1111211,土地3建物1車位0,全,4,透天厝,住家用,鋼筋混凝土造,,236.78,3,2,3,有,無,23250000,98192,,0.0,0,原起造人新富開發股份有限公司負責人:尤麗敏因辦理預售屋不動產開發信託，變更起造人為寶國建築經理股份有限公司負責人:陳正林。,RPPOMLRJKHIGFAO58CB,竹科莊園,KB9棟0號
新竹市,房地(土地+建物),新竹市新竹市中華路六段647巷136弄K區,112.35,,山坡地保育區,丙種建築用地,1111211,土地2建物1車位0,全,3,透天厝,住家用,鋼筋混凝土造,,147.66,3,2,2,有,無,15500000,104971,,0.0,0,原起造人新富開發股份有限公司負責人:尤麗敏因辦理預售屋不動產開發信託，變更起造人為寶國建築經理股份有限公司負責人:陳正林。,RPQOMLRJKHIGFAO68CB,竹科莊園,KA5棟0號
新竹市,房地(土地+建物),新竹市新竹市中華路六段647巷136弄K區,215.12,,山坡地保育區,丙種建築用地,1111211,土地3建物1車位0,全,4,透天厝,住家用,鋼筋混凝土造,,236.41,3,2,3,有,無,23470000,99277,,0.0,0,原起造人新富開發股份有限公司負責人:尤麗敏因辦理預售屋不動產開發信託，變更起造人為寶國建築經理股份有限公司負責人:陳正林。,RPROMLRJKHIGFAO78CB,竹科莊園,KB10棟0號
新竹市,房地(土地+建物),新竹市新竹市中華路六段647巷136弄K區,114.26,,山坡地保育區,丙種建築用地,1111211,土地2建物1車位0,全,3,透天厝,住家用,鋼筋混凝土造,,152.66,3,2,2,有,無,15710000,102908,,0.0,0,原起造人新富開發股份有限公司負責人:尤麗敏因辦理預售屋不動產開發信託，變更起造人為寶國建築經理股份有限公司負責人:陳正林。,RPSOMLRJKHIGFAO88CB,竹科莊園,KA40棟0號
新竹市,房地(土地+建物),新竹市新竹市中華路六段647巷136弄K區,107.5,,山坡地保育區,丙種建築用地,1111211,土地2建物1車位0,全,3,透天厝,住家用,鋼筋混凝土造,,147.66,3,2,2,有,無,15300000,103616,,0.0,0,原起造人新富開發股份有限公司負責人:尤麗敏因辦理預售屋不動產開發信託，變更起造人為寶國建築經理股份有限公司負責人:陳正林。,RPTOMLRJKHIGFAO98CB,竹科莊園,KA3棟0號
新竹市,房地(土地+建物),新竹市新竹市中華路六段647巷136弄K區,203.89,,山坡地保育區,丙種建築用地,1111211,土地3建物1車位0,全,4,透天厝,住家用,鋼筋混凝土造,,236.41,3,2,3,有,無,23180000,98050,,0.0,0,原起造人新富開發股份有限公司負責人:尤麗敏因辦理預售屋不動產開發信託，變更起造人為寶國建築經理股份有限公司負責人:陳正林。,RPUOMLRJKHIGFAO09CB,竹科莊園,KB8棟0號
新竹市,房地(土地+建物)+車位,新竹市新竹市高峰路110巷旁,33.02,住,,,1120206,土地1建物1車位1,五層,7,華廈(10層含以下有電梯),住家用,鋼筋混凝土造,,120.36,2,2,1,有,無,15970000,141901,坡道平面,24.73,2400000,,RPVOMLRJKHIGFAO56CB,昌禾/學府首席Ⅱ,B棟5號
新竹市,房地(土地+建物)+車位,新竹市新竹市北區北大路262號旁,16.47,商,,,1120203,土地8建物1車位2,九層,27,住宅大樓(11層含以上有電梯),住家用,鋼筋混凝土造,,250.99,3,2,3,有,無,34480000,178962,坡道平面,82.91,4400000,,RPPNMLTJKHIGFAO68CB,春福大雋,A5-9F號
新竹市,房地(土地+建物)+車位,新竹市新竹市北區北大路262號旁,13.57,商,,,1120204,土地8建物1車位2,八層,27,住宅大樓(11層含以上有電梯),住家用,鋼筋混凝土造,,225.39,3,2,2,有,無,28850000,175861,坡道平面,86.36,4400000,,RPQNMLTJKHIGFAO78CB,春福大雋,A1-8F號
新竹市,房地(土地+建物)+車位,新竹市新竹市北區北大路262號旁,13.57,商,,,1120202,土地8建物1車位1,九層,27,住宅大樓(11層含以上有電梯),住家用,鋼筋混凝土造,,182.21,3,2,2,有,無,27970000,183558,坡道平面,43.18,2450000,,RPRNMLTJKHIGFAO88CB,春福大雋,A3-9F號
新竹市,房地(土地+建物)+車位,新竹市新竹市南港街32巷,34.17,,一般農業區,甲種建築用地,1120207,土地1建物1車位1,二層,10,華廈(10層含以下有電梯),住家用,鋼筋混凝土造,,145.57,3,2,2,有,無,7680000,59728,坡道平面,33.73,1000000,,RPQNMLKKKHIGFAO08DB,向海那?,E棟2號
新竹市,房地(土地+建物)+車位,新竹市新竹市北區北大路262號旁,13.57,商,,,1120131,土地8建物1車位1,六層,27,住宅大樓(11層含以上有電梯),住家用,鋼筋混凝土造,,182.21,3,2,2,有,無,26970000,177084,坡道平面,43.18,2350000,,RPPNMLOKKHIGFAO28CB,春福大雋,A1-6F號
新竹市,房地(土地+建物)+車位,新竹市新竹市北區北大路262號旁,13.57,商,,,1120210,土地8建物1車位1,十四層,27,住宅大樓(11層含以上有電梯),住家用,鋼筋混凝土造,,182.21,3,2,2,有,無,27720000,183558,坡道平面,43.18,2200000,,RPPNMLPKKHIGFAO38CB,春福大雋,A1-14F號
新竹市,房地(土地+建物),新竹市新竹市中央路281巷,61.82,住,,,1111227,土地1建物1車位0,七層,7,華廈(10層含以下有電梯),住家用,鋼筋混凝土造,,170.16,4,2,2,有,無,37500000,220381,,0.0,0,非屬避難之屋頂平台面積84.13 m2 約定專用,RPQNMLPKKHIGFAO48CB,實美築,7A號
新竹市,房地(土地+建物),新竹市新竹市石坊街,9.65,商,,,1120117,土地2建物1車位0,七層,7,華廈(10層含以下有電梯),住家用,鋼筋混凝土造,,69.76,2,2,2,有,無,7800000,111812,,0.0,0,,RPRNMLPKKHIGFAO58CB,澄澤,A棟7-2號
新竹市,房地(土地+建物)+車位,新竹市新竹市華德福街168號對面,36.86,,山坡地保育區,丙種建築用地,1120202,土地1建物1車位1,四層,7,華廈(10層含以下有電梯),住家用,鋼筋混凝土造,,177.09,3,2,2,有,無,21830000,127499,坡道平面,18.03,1550000,跨所案件，另有基地為竹縣竹東地政事務所，持分面積:竹縣寶山鄉寶香段409-16地號18.08㎡及432-12地號1.06㎡。另不計價聯合社區土地總面積22523.59㎡，買家持分為十萬分之22.57。,RPQNMLKLKHIGFAO08CB,宏道新竹帝寶9區1號,L2棟4F號
新竹市,房地(土地+建物)+車位,新竹市新竹市華德福街168號對面,36.52,,山坡地保育區,丙種建築用地,1120129,土地1建物1車位1,四層,7,華廈(10層含以下有電梯),住家用,鋼筋混凝土造,,175.67,3,2,2,有,無,21710000,127569,坡道平面,18.03,1600000,跨所案件，另有基地為竹縣竹東地政事務所，持分面積:竹縣寶山鄉寶香段409-16地號17.91㎡及432-12地號1.05㎡。另不計價聯合社區土地總面積22523.59㎡，買家持分為十萬分之22.36。,RPRNMLKLKHIGFAO18CB,宏道新竹帝寶9區1號,J1棟4F號
新竹市,房地(土地+建物)+車位,新竹市新竹市龍山西路,15.71,商,,,1120123,土地1建物1車位1,十層,14,住宅大樓(11層含以上有電梯),住家用,鋼筋混凝土造,,160.63,3,2,2,有,無,24520000,180558,升降平面,33.69,1600000,,RPQNMLLLKHIGFAO28DB,邑品軒,A棟10號
新竹市,房地(土地+建物)+車位,新竹市新竹市龍山西路,16.38,商,,,1120128,土地1建物1車位1,七層,14,住宅大樓(11層含以上有電梯),住家用,鋼筋混凝土造,,166.34,3,2,2,有,無,24000000,167358,升降平面,33.69,1800000,,RPRNMLLLKHIGFAO38DB,邑品軒,B棟7號
新竹市,房地(土地+建物)+車位,新竹市新竹市華德福街168號對面,60.84,,山坡地保育區,丙種建築用地,1111231,土地1建物1車位2,七層,7,華廈(10層含以下有電梯),住家用,鋼筋混凝土造,,298.59,5,4,4,有,無,37120000,129776,坡道平面,36.06,3050000,跨所案件，另有基地為竹縣竹東地政事務所，持分面積:竹縣寶山鄉寶香段409-16地號29.84㎡及432-12地號1.75㎡。另不計價聯合社區土地總面積22523.59㎡，買家持分為十萬分之37.25。,RPQNMLMLKHIGFAO28CB,宏道新竹帝寶9區1號,L1棟7F號
新竹市,房地(土地+建物)+車位,新竹市新竹市華德福街168號對面,45.04,,山坡地保育區,丙種建築用地,1111227,土地1建物1車位1,五層,7,華廈(10層含以下有電梯),住家用,鋼筋混凝土造,,212.37,4,2,2,有,無,26500000,127097,坡道平面,18.03,1800000,跨所案件，另有基地為竹縣竹東地政事務所，持分面積:竹縣寶山鄉寶香段409-16地號22.09㎡及432-12地號1.30㎡。另不計價聯合社區土地總面積22523.59㎡，買家持分為十萬分之27.57。,RPRNMLMLKHIGFAO38CB,宏道新竹帝寶9區1號,M2棟5F號
新竹市,房地(土地+建物),新竹市新竹市華德福街168號對面,72.41,,山坡地保育區,丙種建築用地,1120114,土地1建物1車位0,七層,7,華廈(10層含以下有電梯),住家用,鋼筋混凝土造,,312.51,5,4,4,有,無,39940000,127804,,0.0,0,跨所案件，另有基地為竹縣竹東地政事務所，持分面積:竹縣寶山鄉寶香段409-16地號35.51㎡及432-12地號2.09㎡。另不計價聯合社區土地總面積22523.59㎡，買家持分為十萬分之44.34。,RPSNMLMLKHIGFAO48CB,宏道新竹帝寶9區1號,M1棟7F號
新竹市,房地(土地+建物)+車位,新竹市新竹市華德福街168號對面,42.57,,山坡地保育區,丙種建築用地,1120114,土地1建物1車位1,六層,7,華廈(10層含以下有電梯),住家用,鋼筋混凝土造,,201.76,3,2,2,有,無,27520000,140260,坡道平面,18.03,1750000,跨所案件，另有基地為竹縣竹東地政事務所，持分面積:竹縣寶山鄉寶香段409-16地號20.88㎡及432-12地號1.23㎡。另不計價聯合社區土地總面積22523.59㎡，買家持分為十萬分之26.06。,RPTNMLMLKHIGFAO58CB,宏道新竹帝寶9區1號,M2棟6F號
新竹市,房地(土地+建物)+車位,新竹市新竹市華德福街168號對面,36.12,,山坡地保育區,丙種建築用地,1111229,土地1建物1車位1,六層,7,華廈(10層含以下有電梯),住家用,鋼筋混凝土造,,173.86,3,2,2,有,無,23430000,140089,坡道平面,18.03,1600000,跨所案件，另有基地為竹縣竹東地政事務所，持分面積:竹縣寶山鄉寶香段409-16地號17.71㎡及432-12地號1.04㎡。另不計價聯合社區土地總面積22523.59㎡，買家持分為十萬分之22.1。,RPUNMLMLKHIGFAO68CB,宏道新竹帝寶9區1號,M1棟6F號
新竹市,房地(土地+建物)+車位,新竹市新竹市華德福街168號對面,36.52,,山坡地保育區,丙種建築用地,1111231,土地1建物1車位1,二層,7,華廈(10層含以下有電梯),住家用,鋼筋混凝土造,,175.67,3,2,2,有,無,21640000,125856,坡道平面,18.03,1800000,跨所案件，另有基地為竹縣竹東地政事務所，持分面積:竹縣寶山鄉寶香段409-16地號17.91㎡及432-12地號1.05㎡。另不計價聯合社區土地總面積22523.59㎡，買家持分為十萬分之22.36。,RPVNMLMLKHIGFAO78CB,宏道新竹帝寶9區1號,J1棟2F號
新竹市,房地(土地+建物)+車位,新竹市新竹市華德福街168號對面,29.84,,山坡地保育區,丙種建築用地,1111224,土地1建物1車位1,二層,7,華廈(10層含以下有電梯),住家用,鋼筋混凝土造,,146.79,3,2,2,有,無,18170000,127136,坡道平面,18.03,1800000,跨所案件，另有基地為竹縣竹東地政事務所，持分面積:竹縣寶山鄉寶香段409-16地號14.63㎡及432-12地號0.86㎡。另不計價聯合社區土地總面積22523.59㎡，買家持分為十萬分之18.27。,RPWNMLMLKHIGFAO88CB,宏道新竹帝寶9區1號,K1棟2F號
新竹市,房地(土地+建物)+車位,新竹市新竹市華德福街168號對面,36.86,,山坡地保育區,丙種建築用地,1111218,土地1建物1車位1,五層,6,華廈(10層含以下有電梯),住家用,鋼筋混凝土造,,177.09,3,2,2,有,無,23380000,136929,坡道平面,18.03,1600000,跨所案件，另有基地為竹縣竹東地政事務所，持分面積:竹縣寶山鄉寶香段409-16地號18.08㎡及432-12地號1.06㎡。另不計價聯合社區土地總面積22523.59㎡，買家持分為十萬分之22.57。,RPTOMLMLKHIGFAO68CB,宏道新竹帝寶9區1號,L2棟5F號
新竹市,房地(土地+建物)+車位,新竹市新竹市華德福街168號對面,32.42,,山坡地保育區,丙種建築用地,1111225,土地1建物1車位1,七層,7,華廈(10層含以下有電梯),住家用,鋼筋混凝土造,,157.95,2,2,1,有,無,21380000,139937,坡道平面,18.03,1800000,跨所案件，另有基地為竹縣竹東地政事務所，持分面積:竹縣寶山鄉寶香段409-16地號15.9㎡及432-12地號0.93㎡。另不計價聯合社區土地總面積22523.59㎡，買家持分為十萬分之19.85。,RPRQMLMLKHIGFAO68CB,宏道新竹帝寶9區1號,J1棟7F號
新竹市,房地(土地+建物)+車位,新竹市新竹市華德福街168號對面,39.98,,山坡地保育區,丙種建築用地,1111230,土地1建物1車位1,七層,7,華廈(10層含以下有電梯),住家用,鋼筋混凝土造,,190.62,3,2,2,有,無,25980000,140101,坡道平面,18.03,1800000,跨所案件，另有基地為竹縣竹東地政事務所，持分面積:竹縣寶山鄉寶香段409-16地號19.61㎡及432-12地號1.15㎡。另不計價聯合社區土地總面積22523.59㎡，買家持分為十萬分之24.48。,RPTQMLMLKHIGFAO88CB,宏道新竹帝寶9區1號,J2棟7F號
新竹市,房地(土地+建物)+車位,新竹市新竹市華德福街168號對面,45.04,,山坡地保育區,丙種建築用地,1111114,土地1建物1車位1,二層,6,華廈(10層含以下有電梯),住家用,鋼筋混凝土造,,212.37,4,2,2,有,無,23580000,113101,坡道平面,18.03,1600000,跨所案件，另有基地為竹縣竹東地政事務所，持分面積:竹縣寶山鄉寶香段409-16地號22.09㎡及432-12地號1.3㎡。另不計價聯合社區土地總面積22523.59㎡，買家持分為十萬分之27.57。,RPUQMLMLKHIGFAO98CB,宏道新竹帝寶9區1號,J2棟2F號
新竹市,房地(土地+建物)+車位,新竹市新竹市華德福街168號對面,45.04,,山坡地保育區,丙種建築用地,1111216,土地1建物1車位1,三層,6,華廈(10層含以下有電梯),住家用,鋼筋混凝土造,,212.37,4,2,2,有,無,23550000,112175,坡道平面,18.03,1750000,跨所案件，另有基地為竹縣竹東地政事務所，持分面積:竹縣寶山鄉寶香段409-16地號22.09㎡及432-12地號1.3㎡。另不計價聯合社區土地總面積22523.59㎡，買家持分為十萬分之27.57。,RPWQMLMLKHIGFAO56CB,宏道新竹帝寶9區1號,J2棟3F號
新竹市,房地(土地+建物)+車位,新竹市新竹市華德福街168號對面,45.04,,山坡地保育區,丙種建築用地,1111118,土地1建物1車位1,五層,6,華廈(10層含以下有電梯),住家用,鋼筋混凝土造,,212.37,4,2,2,有,無,26630000,128795,坡道平面,18.03,1600000,跨所案件，另有基地為竹縣竹東地政事務所，持分面積:竹縣寶山鄉寶香段409-16地號22.09㎡及432-12地號1.3㎡。另不計價聯合社區土地總面積22523.59㎡，買家持分為十萬分之27.57。,RPXQMLMLKHIGFAO66CB,宏道新竹帝寶9區1號,J2棟5F號
新竹市,房地(土地+建物)+車位,新竹市新竹市華德福街168號對面,36.12,,山坡地保育區,丙種建築用地,1111221,土地1建物1車位1,六層,6,華廈(10層含以下有電梯),住家用,鋼筋混凝土造,,173.86,3,2,2,有,無,23200000,138613,坡道平面,18.03,1600000,跨所案件，另有基地為竹縣竹東地政事務所，持分面積:竹縣寶山鄉寶香段409-16地號17.71㎡及432-12地號1.04㎡。另不計價聯合社區土地總面積22523.59㎡，買家持分為十萬分之22.1。,RPQRMLMLKHIGFAO68CB,宏道新竹帝寶9區1號,J1棟6F號
新竹市,房地(土地+建物)+車位,新竹市新竹市龍山西路,16.38,商,,,1120128,土地1建物1車位1,十一層,14,住宅大樓(11層含以上有電梯),住家用,鋼筋混凝土造,,166.34,3,2,2,有,無,25480000,180023,升降平面,33.69,1600000,,RPPNMLNLKHIGFAO38DB,邑品軒,B棟11號
新竹市,房地(土地+建物)+車位,新竹市新竹市龍山西路,16.38,商,,,1120210,土地1建物1車位1,三層,14,住宅大樓(11層含以上有電梯),住家用,鋼筋混凝土造,,166.34,3,2,2,有,無,22700000,159065,升降平面,33.69,1600000,,RPQNMLNLKHIGFAO48DB,邑品軒,B棟3號
新竹市,房地(土地+建物)+車位,新竹市新竹市龍山西路,16.38,商,,,1120128,土地1建物1車位1,十三層,14,住宅大樓(11層含以上有電梯),住家用,鋼筋混凝土造,,166.34,3,2,2,有,無,25800000,180927,升降平面,33.69,1800000,,RPRNMLNLKHIGFAO58DB,邑品軒,B棟13號
新竹市,房地(土地+建物)+車位,新竹市新竹市龍山西路,17.52,商,,,1120128,土地1建物1車位1,十二層,14,住宅大樓(11層含以上有電梯),住家用,鋼筋混凝土造,,175.57,3,2,2,有,無,27560000,181562,升降平面,33.69,1800000,,RPSNMLNLKHIGFAO68DB,邑品軒,C棟12號
新竹市,房地(土地+建物)+車位,新竹市新竹市龍山西路,17.52,商,,,1120128,土地1建物1車位1,三層,14,住宅大樓(11層含以上有電梯),住家用,鋼筋混凝土造,,175.57,3,2,2,有,無,25000000,164928,升降平面,33.69,1600000,,RPTNMLNLKHIGFAO78DB,邑品軒,C棟3號
新竹市,房地(土地+建物)+車位,新竹市新竹市華德福街168號對面,36.52,,山坡地保育區,丙種建築用地,1120210,土地1建物1車位1,三層,7,華廈(10層含以下有電梯),住家用,鋼筋混凝土造,,175.67,3,2,2,有,無,21290000,125222,坡道平面,18.03,1550000,跨所案件，另有基地為竹縣竹東地政事務所，持分面積:竹縣寶山鄉寶香段409-16地號17.91㎡及432-12地號1.05㎡。另不計價聯合社區土地總面積22523.59㎡，買家持分為十萬分之22.36。,RPPNMLNJLHIGFAO18CB,宏道新竹帝寶9區1號,J1棟3F號
新竹市,房地(土地+建物)+車位,新竹市新竹市文昌街,15.87,商,,,1120203,土地7建物1車位1,十五層,15,住宅大樓(11層含以上有電梯),住家用,鋼筋混凝土造,,158.94,3,2,2,有,無,27090000,186003,坡道平面,24.48,2080000,交易總價含下列非屬預售屋價格之費用:親友、員工、共有人或其他特殊關係間之交易；,RPTNMLNJLHIGFAO58CB,Le Coin,A棟15F號
新竹市,房地(土地+建物)+車位,新竹市新竹市文昌街,16.09,商,,,1120208,土地7建物1車位1,十四層,15,住宅大樓(11層含以上有電梯),住家用,鋼筋混凝土造,,160.71,4,2,2,有,無,27730000,187550,坡道平面,24.48,2180000,交易總價含下列非屬預售屋價格之費用:親友、員工、共有人或其他特殊關係間之交易；,RPUNMLNJLHIGFAO68CB,Le Coin,B棟14F號
新竹市,房地(土地+建物)+車位,新竹市新竹市文昌街,14.29,商,,,1120206,土地7建物1車位1,八層,15,住宅大樓(11層含以上有電梯),住家用,鋼筋混凝土造,,143.48,3,2,2,有,無,23930000,181480,坡道平面,22.53,1980000,交易總價含下列非屬預售屋價格之費用:親友、員工、共有人或其他特殊關係間之交易；,RPVNMLNJLHIGFAO78CB,Le Coin,C棟8F號
新竹市,房地(土地+建物),新竹市新竹市文昌街,11.42,商,,,1120208,土地7建物1車位0,一層,15,店面(店鋪),商業用,鋼筋混凝土造,,96.7,0,0,0,無,無,19310000,199690,,0.0,0,,RPWNMLNJLHIGFAO88CB,Le Coin,店鋪棟1F號
新竹市,房地(土地+建物)+車位,新竹市新竹市占梅路,15.85,商,,,1120210,土地1建物1車位2,二十層,24,住宅大樓(11層含以上有電梯),住家用,鋼筋混凝土造,,218.55,4,2,2,有,無,44700000,237247,坡道平面,52.9,5400000,,RPPNMLQJLHIGFAO48CB,富宇-天雋,A1棟20號
新竹市,房地(土地+建物)+車位,新竹市新竹市警光路,24.89,住,,,1120113,土地6建物1車位1,二層,11,住宅大樓(11層含以上有電梯),住家用,鋼筋混凝土造,,157.41,3,2,2,有,無,21770000,152118,坡道平面,26.13,1800000,交易總價含下列非屬預售屋價格之費用:親友、員工、共有人或其他特殊關係間之交易；,RPTNMLRJLHIGFAO98CB,自有美,A棟2F號
新竹市,房地(土地+建物)+車位,新竹市新竹市警光路,23.08,住,,,1120117,土地6建物1車位1,七層,11,住宅大樓(11層含以上有電梯),住家用,鋼筋混凝土造,,147.34,3,2,2,有,無,19980000,149988,坡道平面,26.13,1800000,交易總價含下列非屬預售屋價格之費用:親友、員工、共有人或其他特殊關係間之交易；,RPVNMLRJLHIGFAO56CB,自有美,B棟7F號
新竹市,房地(土地+建物)+車位,新竹市新竹市警光路,23.08,住,,,1120111,土地6建物1車位1,八層,11,住宅大樓(11層含以上有電梯),住家用,鋼筋混凝土造,,147.34,3,2,2,有,無,20070000,150070,坡道平面,26.13,1880000,交易總價含下列非屬預售屋價格之費用:親友、員工、共有人或其他特殊關係間之交易；,RPWNMLRJLHIGFAO66CB,自有美,B棟8F號
新竹市,房地(土地+建物)+車位,新竹市新竹市警光路,24.38,住,,,1120110,土地6建物1車位1,二層,11,住宅大樓(11層含以上有電梯),住家用,鋼筋混凝土造,,155.56,3,2,2,有,無,21600000,152206,坡道平面,26.13,1900000,交易總價含下列非屬預售屋價格之費用:親友、員工、共有人或其他特殊關係間之交易；,RPXNMLRJLHIGFAO76CB,自有美,C棟2F號
新竹市,房地(土地+建物)+車位,新竹市新竹市警光路,24.89,住,,,1120113,土地6建物1車位1,五層,11,住宅大樓(11層含以上有電梯),住家用,鋼筋混凝土造,,157.79,3,2,2,有,無,22160000,153881,坡道平面,26.13,1900000,,RPUNMLPKLHIGFAO98CB,自有美,A棟5F號
新竹市,房地(土地+建物)+車位,新竹市新竹市警光路,24.38,住,,,1120111,土地6建物1車位1,七層,11,住宅大樓(11層含以上有電梯),住家用,鋼筋混凝土造,,155.56,3,2,2,有,無,21500000,151433,坡道平面,26.13,1900000,交易總價含下列非屬預售屋價格之費用:親友、員工、共有人或其他特殊關係間之交易；,RPVNMLPKLHIGFAO09CB,自有美,C棟7F號
