﻿鄉鎮市區,交易標的,土地位置建物門牌,土地移轉總面積平方公尺,都市土地使用分區,非都市土地使用分區,非都市土地使用編定,交易年月日,交易筆棟數,移轉層次,總樓層數,建物型態,主要用途,主要建材,建築完成年月,建物移轉總面積平方公尺,建物現況格局-房,建物現況格局-廳,建物現況格局-衛,建物現況格局-隔間,有無管理組織,總價元,單價元平方公尺,車位類別,車位移轉總面積平方公尺,車位總價元,備註,編號,建案名稱,棟及號
The villages and towns urban district,transaction sign,land sector position building sector house number plate,land shifting total area square meter,the use zoning or compiles and checks,the non-metropolis land use district,non-metropolis land use,transaction year month and day,transaction pen number,shifting level,total floor number,building state,main use,main building materials,construction to complete the years,building shifting total area,Building present situation pattern - room,building present situation pattern - hall,building present situation pattern - health,building present situation pattern - compartmented,Whether there is manages the organization,total price NTD,the unit price (NTD / square meter),the berth category,berth shifting total area square meter,the berth total price NTD,the note,serial number,build case,buildings
古坑鄉,房地(土地+建物),雲林縣古坑鄉中山路243巷,108.32,住,,,1111112,土地4建物1車位0,全,3,透天厝,住家用,鋼筋混凝土造,,160.93,4,2,4,有,無,9600000,59653,,0.0,0,,RPTNMLNKJIHGFAP58CB,幸福愛悅,B7號
麥寮鄉,房地(土地+建物),雲林縣麥寮鄉圳寮段954-4地號等1筆,140.0,,鄉村區,乙種建築用地,1111115,土地4建物1車位0,全,3,透天厝,住家用,鋼筋混凝土造,,156.27,5,1,4,有,無,7180000,45946,,0.0,0,,RPQNMLPKJIHGFFP98CB,圳寮寶莊,A棟3號
麥寮鄉,房地(土地+建物),雲林縣麥寮鄉圳寮段954-8地號等6筆,102.0,,鄉村區,乙種建築用地,1111112,土地3建物1車位0,全,3,透天厝,住家用,鋼筋混凝土造,,156.68,5,1,4,有,無,7180000,45826,,0.0,0,,RPSNMLPKJIHGFFP56CB,圳寮寶莊,B棟3號
古坑鄉,房地(土地+建物),雲林縣古坑鄉廣濟路,137.5,,鄉村區,乙種建築用地,1111111,土地5建物1車位0,全,3,透天厝,住家用,鋼筋混凝土造,,174.05,4,2,4,有,無,10000000,57455,,0.0,0,,RPQNMLQKJIHGFAP58CB,幸福樂活NO.4,B11號
虎尾鎮,房地(土地+建物),雲林縣虎尾鎮高南段60地號,22.92,住,,,1111114,土地1建物1車位0,三層,10,華廈(10層含以下有電梯),住家用,鋼筋混凝土造,,76.86,2,2,1,有,無,5330000,69347,,0.0,0,,RPWNMLQKJIHGFDP86CB,沐晴3期,313號
土庫鎮,房地(土地+建物)+車位,雲林縣土庫鎮菜園段,50.62,住,,,1111112,土地1建物1車位1,六層,6,華廈(10層含以下有電梯),住家用,鋼筋混凝土造,,123.0,3,2,2,有,無,7000000,58784,一樓平面,17.87,820000,,RPQNMLRKJIHGFDP98CB,百富,6樓A1棟0號
古坑鄉,房地(土地+建物)+車位,雲林縣古坑鄉中山路243巷,89.55,住,,,1111111,土地3建物1車位1,全,3,透天厝,住家用,鋼筋混凝土造,,172.99,4,2,5,有,無,10190000,58905,一樓平面,0.0,0,,RPQNMLRKJIHGFAP68CB,幸福愛悅,A8號
古坑鄉,房地(土地+建物)+車位,雲林縣古坑鄉中山路243巷,92.55,住,,,1111111,土地3建物1車位1,全,3,透天厝,住家用,鋼筋混凝土造,,172.99,4,2,4,有,無,10100000,58385,一樓平面,0.0,0,,RPRNMLRKJIHGFAP78CB,幸福愛悅,A7號
土庫鎮,房地(土地+建物)+車位,雲林縣土庫鎮菜園段,50.62,住,,,1111117,土地1建物1車位1,二層,6,華廈(10層含以下有電梯),住家用,鋼筋混凝土造,,123.0,3,2,2,有,無,6390000,52982,一樓平面,17.87,820000,,RPRNMLLLJIHGFDP58CB,百富,2樓A3棟0號
斗六市,房地(土地+建物)+車位,雲林縣斗六市斗六六路與斗六五路交叉口,28.84,住,,,1111114,土地1建物1車位1,四層,9,華廈(10層含以下有電梯),住家用,鋼筋混凝土造,,137.86,3,2,2,有,無,11220000,86223,坡道平面,22.81,1300000,,RPPNMLLLJIHGFAP18DB,青森綠川,D4號
古坑鄉,房地(土地+建物),雲林縣古坑鄉中山路243巷,121.88,住,,,1111119,土地4建物1車位0,全,3,透天厝,住家用,鋼筋混凝土造,,165.82,4,2,4,有,無,10400000,62719,,0.0,0,,RPQNMLMLJIHGFAP28CB,幸福愛悅,D6號
古坑鄉,房地(土地+建物),雲林縣古坑鄉中山路243巷,121.88,住,,,1111119,土地4建物1車位0,全,3,透天厝,住家用,鋼筋混凝土造,,165.82,4,2,4,有,無,10400000,62719,,0.0,0,,RPRNMLMLJIHGFAP38CB,幸福愛悅,D8號
斗六市,房地(土地+建物)+車位,雲林縣斗六市萬年路141巷,24.32,,鄉村區,乙種建築用地,1111113,土地9建物1車位1,五層,7,華廈(10層含以下有電梯),住家用,鋼筋混凝土造,,85.11,2,2,1,有,無,6600000,73772,一樓平面,9.2,1000000,,RPRNMLNLJIHGFAP48CB,草嶺建設-沐森II,5D號
斗六市,房地(土地+建物)+車位,雲林縣斗六市南揚街,28.97,住,,,1111119,土地1建物1車位1,六層,6,華廈(10層含以下有電梯),住家用,鋼筋混凝土造,,101.85,3,1,2,有,無,8880000,80110,一樓平面,7.23,1300000,,RPPNMLOLJIHGFAP38CB,聖德淳風Ⅱ期,A棟3號
斗六市,房地(土地+建物)+車位,雲林縣斗六市南揚街,28.97,住,,,1111119,土地1建物1車位1,六層,6,華廈(10層含以下有電梯),住家用,鋼筋混凝土造,,116.17,3,1,2,有,無,8580000,80110,升降平面,21.55,1000000,,RPQNMLOLJIHGFAP48CB,聖德淳風Ⅱ期,B棟3號
斗六市,房地(土地+建物)+車位,雲林縣斗六市正義街與正義一街街口,21.46,住,,,1111111,土地1建物1車位1,四層,12,住宅大樓(11層含以上有電梯),住家用,鋼筋混凝土造,,124.43,2,2,1,有,無,8680000,74171,坡道平面,24.93,1300000,,RPRNMLOLJIHGFAP58CB,勝麗進行曲-禧悅區,A棟2號
斗六市,房地(土地+建物)+車位,雲林縣斗六市正義街與正義一街街口,27.85,住,,,1111122,土地1建物1車位1,七層,12,住宅大樓(11層含以上有電梯),住家用,鋼筋混凝土造,,154.02,3,2,2,有,無,11750000,80951,坡道平面,24.93,1300000,,RPPNMLTLJIHGFAP88CB,勝麗進行曲-禧悅區,B棟1號
虎尾鎮,房地(土地+建物)+車位,雲林縣虎尾鎮建成路,45.02,住,,,1111128,土地1建物1車位2,十四層,14,住宅大樓(11層含以上有電梯),住家用,鋼筋混凝土造,,240.5,3,2,2,有,無,19640000,88035,坡道平面,46.94,2600000,,RPOOMLTLJIHGFDP56CB,宇荃．白金,A棟2號
西螺鎮,房地(土地+建物),雲林縣西螺鎮東南路,123.32,住,,,1111121,土地3建物1車位0,全,3,透天厝,住家用,鋼筋混凝土造,,163.2,5,2,3,有,無,9630000,59007,,0.0,0,,RPPNMLTLJIHGFCP09CB,鼎富三期,X61棟0號
二崙鄉,房地(土地+建物),雲林縣二崙鄉中正路,143.14,住,,,1111128,土地2建物1車位0,全,3,透天厝,住家用,鋼筋混凝土造,,219.56,4,2,5,有,無,11500000,52377,,0.0,0,,RPPNMLKMJIHGFCP28CB,寬庭恆美,B棟12號
虎尾鎮,房地(土地+建物)+車位,雲林縣虎尾鎮忠孝路,12.2,商,,,1111114,土地11建物1車位1,二層,15,住宅大樓(11層含以上有電梯),見其他登記事項,鋼筋混凝土造,,119.7,2,2,2,有,無,8420000,83563,坡道平面,32.7,1150000,,RPPNMLLJKIHGFDP28CB,鎧將雲鼎,B棟2F-I號
斗六市,房地(土地+建物),雲林縣斗六市榴?八街,91.87,,工業區,丁種建築用地,1111130,土地1建物1車位0,全,3,透天厝,住家用,鋼筋混凝土造,,163.02,4,2,4,有,無,10200000,62569,,0.0,0,,RPRNMLLJKIHGFAP18CB,幸福人生2022,D4棟0號
斗六市,房地(土地+建物),雲林縣斗六市榴?六街,83.85,,工業區,丁種建築用地,1111117,土地1建物1車位0,全,3,透天厝,住家用,鋼筋混凝土造,,181.07,4,2,4,有,無,9800000,54123,,0.0,0,,RPSNMLLJKIHGFAP28CB,幸福人生2022,G1棟0號
麥寮鄉,房地(土地+建物),雲林縣麥寮鄉新吉,105.81,,鄉村區,乙種建築用地,1111115,土地2建物1車位0,全,3,透天厝,住家用,鋼筋混凝土造,,165.97,5,1,4,有,無,7750000,46695,,0.0,0,,RPPNMLLJKIHGFFP48CB,榮華富貴No.1,B棟B3號
莿桐鄉,房地(土地+建物)+車位,雲林縣莿桐鄉西安路,47.92,住,,,1111126,土地2建物1車位1,三層,5,華廈(10層含以下有電梯),住家用,鋼筋混凝土造,,119.73,3,2,2,有,無,5750000,49283,一樓平面,17.26,700000,,RPRNMLMJKIHGFAP28CB,富邑皇邸21號苑,3A棟07號
莿桐鄉,房地(土地+建物)+車位,雲林縣莿桐鄉西安路,36.28,住,,,1111128,土地2建物1車位1,三層,5,華廈(10層含以下有電梯),住家用,鋼筋混凝土造,,94.84,2,2,2,有,無,5230000,58391,一樓平面,17.26,700000,,RPSNMLMJKIHGFAP38CB,富邑皇邸21號苑,3A棟06號
莿桐鄉,房地(土地+建物)+車位,雲林縣莿桐鄉西安路,51.07,住,,,1111126,土地2建物1車位2,二層,5,華廈(10層含以下有電梯),住家用,鋼筋混凝土造,,139.86,3,2,2,有,無,6800000,53947,一樓平面,34.2,1100000,,RPPNMLNJKIHGFAP18CB,富邑皇邸21號苑,2B棟05號
虎尾鎮,房地(土地+建物),雲林縣虎尾鎮永興南二街,11.79,住,,,1111115,土地1建物1車位0,八層,11,住宅大樓(11層含以上有電梯),住家用,鋼筋混凝土造,,49.61,1,1,1,有,無,2320000,46765,,0.0,0,,RPPNMLPJKIHGFDP68CB,禾楓君悅-菁英會館二期,A棟A3號
虎尾鎮,房地(土地+建物)+車位,雲林縣虎尾鎮虎興東八街,40.7,住,,,1111119,土地1建物1車位1,三層,5,華廈(10層含以下有電梯),住家用,鋼筋混凝土造,,106.14,2,1,2,有,無,5500000,49919,一樓平面,12.99,850000,,RPQNMLPJKIHGFDP78CB,高鐵綻6,A棟A5號
斗六市,房地(土地+建物),雲林縣斗六市科?一路,82.16,,工業區,丁種建築用地,1111117,土地3建物1車位0,全,3,透天厝,住家用,鋼筋混凝土造,,144.66,4,2,5,有,無,7900000,54611,,0.0,0,,RPSNMLQJKIHGFAP78CB,綠邸三期,C13號
斗六市,房地(土地+建物),雲林縣斗六市科?一路,89.2,,工業區,丁種建築用地,1111113,土地3建物1車位0,全,3,透天厝,住家用,鋼筋混凝土造,,144.66,4,2,5,有,無,7980000,55164,,0.0,0,,RPTNMLQJKIHGFAP88CB,綠邸三期,C1號
斗六市,房地(土地+建物),雲林縣斗六市科?一路,100.4,,工業區,丁種建築用地,1111118,土地3建物1車位0,全,4,透天厝,住家用,鋼筋混凝土造,,158.65,4,2,5,有,無,9980000,62906,,0.0,0,,RPUNMLQJKIHGFAP98CB,綠邸NO.5,B2號
斗六市,房地(土地+建物)+車位,雲林縣斗六市正義街與正義一街街口,21.46,住,,,1111128,土地1建物1車位1,三層,12,住宅大樓(11層含以上有電梯),住家用,鋼筋混凝土造,,124.43,2,2,1,有,無,8880000,76181,坡道平面,24.93,1300000,,RPPNMLRJKIHGFAP58CB,勝麗進行曲-禧悅區,A棟2號
斗六市,房地(土地+建物)+車位,雲林縣斗六市正義街與正義一街街口,19.6,住,,,1111128,土地1建物1車位1,九層,12,住宅大樓(11層含以上有電梯),住家用,鋼筋混凝土造,,116.26,2,2,1,有,無,8920000,83434,坡道平面,24.93,1300000,,RPQNMLRJKIHGFAP68CB,勝麗進行曲-禧悅區,B棟3號
虎尾鎮,房地(土地+建物),雲林縣虎尾鎮惠來里1鄰惠來16號,159.23,,鄉村區,乙種建築用地,1111203,土地2建物1車位0,全,3,透天厝,住家用,鋼筋混凝土造,,163.29,3,2,3,有,無,7800000,47768,,0.0,0,,RPQNMLRJKIHGFDP98CB,大和,A棟1號
斗六市,房地(土地+建物)+車位,雲林縣斗六市科?一路,116.98,,工業區,丁種建築用地,1111119,土地4建物1車位1,全,3,透天厝,住家用,鋼筋混凝土造,,182.17,4,2,4,有,無,11680000,64116,一樓平面,0.0,0,,RPPNMLSJKIHGFAP78DB,幸福ING,A1號
麥寮鄉,房地(土地+建物),雲林縣麥寮鄉後安段741地號等17筆,98.64,,一般農業區,甲種建築用地,1111209,土地4建物1車位0,全,3,透天厝,住家用,鋼筋混凝土造,,161.72,5,1,3,有,無,7530000,46562,,0.0,0,,RPQNMLKKKIHGFFP58CB,後安御境,B棟3號
麥寮鄉,房地(土地+建物),雲林縣麥寮鄉後安段741地號等17筆,94.0,,一般農業區,甲種建築用地,1111209,土地3建物1車位0,全,3,透天厝,住家用,鋼筋混凝土造,,161.72,4,2,14,有,無,7180000,44398,,0.0,0,,RPRNMLKKKIHGFFP68CB,後安御境,B棟8號
麥寮鄉,房地(土地+建物),雲林縣麥寮鄉後安段741地號等17筆,95.2,,一般農業區,甲種建築用地,1111209,土地3建物1車位0,全,3,透天厝,住家用,鋼筋混凝土造,,156.76,5,1,3,有,無,7730000,49311,,0.0,0,,RPSNMLKKKIHGFFP78CB,後安御境,A棟2號
麥寮鄉,房地(土地+建物),雲林縣麥寮鄉後安段741地號等17筆,91.9,,一般農業區,甲種建築用地,1111118,土地3建物1車位0,全,3,透天厝,住家用,鋼筋混凝土造,,155.53,5,1,4,有,無,7200000,46293,,0.0,0,,RPTNMLKKKIHGFFP88CB,後安御境,A棟3號
麥寮鄉,房地(土地+建物),雲林縣麥寮鄉後安段741地號等17筆,124.86,,一般農業區,甲種建築用地,1111112,土地3建物1車位0,全,3,透天厝,住家用,鋼筋混凝土造,,192.44,5,2,4,有,無,8200000,42611,,0.0,0,,RPUNMLKKKIHGFFP98CB,後安御境,A棟5號
麥寮鄉,房地(土地+建物),雲林縣麥寮鄉後安段741地號等17筆,95.11,,一般農業區,甲種建築用地,1111129,土地3建物1車位0,全,3,透天厝,住家用,鋼筋混凝土造,,161.72,5,1,4,有,無,7180000,44398,,0.0,0,,RPVNMLKKKIHGFFP09CB,後安御境,B棟7號
麥寮鄉,房地(土地+建物),雲林縣麥寮鄉後安段741地號等17筆,95.11,,一般農業區,甲種建築用地,1111129,土地3建物1車位0,全,3,透天厝,住家用,鋼筋混凝土造,,161.72,5,1,4,有,無,7180000,44398,,0.0,0,,RPWNMLKKKIHGFFP56CB,後安御境,B棟7號
斗南鎮,房地(土地+建物)+車位,雲林縣斗南鎮建國三路,18.11,住,,,1111130,土地1建物1車位1,二層,7,華廈(10層含以下有電梯),住家用,鋼筋混凝土造,,65.33,1,1,1,有,無,4200000,65283,一樓平面,15.7,960000,,RPPNMLMKKIHGFBP38DB,微風city,B棟2F-1號
古坑鄉,房地(土地+建物),雲林縣古坑鄉廣濟路,110.25,,鄉村區,乙種建築用地,1111130,土地3建物1車位0,全,3,透天厝,住家用,鋼筋混凝土造,,161.58,4,2,4,有,無,9300000,57557,,0.0,0,古坑鄉東陽段1691-15.1691-18地號，兩筆土地提供道路使用贈與買方。,RPQNMLMKKIHGFAP28CB,幸福樂活NO.3,A6號
古坑鄉,房地(土地+建物),雲林縣古坑鄉中山路243巷,91.55,住,,,1111126,土地3建物1車位0,全,3,透天厝,住家用,鋼筋混凝土造,,172.0,4,2,4,有,無,10000000,58140,,0.0,0,,RPRNMLMKKIHGFAP38CB,幸福愛悅,B2號
古坑鄉,房地(土地+建物)+車位,雲林縣古坑鄉中山路243巷,89.55,住,,,1111208,土地3建物1車位1,全,3,透天厝,住家用,鋼筋混凝土造,,169.26,4,2,4,有,無,10000000,59081,一樓平面,0.0,0,,RPSNMLMKKIHGFAP48CB,幸福愛悅,A10號
斗六市,房地(土地+建物)+車位,雲林縣斗六市正義街與正義一街街口,19.6,住,,,1111206,土地1建物1車位1,四層,12,住宅大樓(11層含以上有電梯),住家用,鋼筋混凝土造,,115.19,2,2,1,有,無,7850000,72813,坡道平面,23.86,1200000,,RPPNMLNKKIHGFAP28CB,勝麗進行曲-禧悅區,A棟3號
麥寮鄉,房地(土地+建物),雲林縣麥寮鄉後安段741地號等17筆,112.8,,一般農業區,甲種建築用地,1111212,土地4建物1車位0,全,3,透天厝,住家用,鋼筋混凝土造,,161.72,5,1,4,有,無,6880000,42543,,0.0,0,,RPPNMLNKKIHGFFP78CB,後安御境,B棟1號
麥寮鄉,房地(土地+建物),雲林縣麥寮鄉後安段741地號等17筆,99.77,,一般農業區,甲種建築用地,1111212,土地4建物1車位0,全,3,透天厝,住家用,鋼筋混凝土造,,161.72,5,1,4,有,無,6880000,42543,,0.0,0,,RPQNMLNKKIHGFFP88CB,後安御境,B棟2號
斗六市,房地(土地+建物),雲林縣斗六市棒球十七街,100.2,住,,,1111122,土地1建物1車位0,全,3,透天厝,住家用,鋼筋混凝土造,,219.82,4,2,5,有,無,22100000,100537,,0.0,0,,RPQNMLOKKIHGFAP68EB,新越梧桐NO.6,A2棟0號
虎尾鎮,房地(土地+建物),雲林縣虎尾鎮永興南二街,14.14,住,,,1111127,土地1建物1車位0,四層,11,住宅大樓(11層含以上有電梯),住家用,鋼筋混凝土造,,58.36,1,1,1,有,無,2590000,44380,,0.0,0,,RPRNMLOKKIHGFDP88CB,禾楓君悅-菁英會館二期,B棟B5號
虎尾鎮,房地(土地+建物)+車位,雲林縣虎尾鎮永興南二街,11.79,住,,,1111127,土地1建物1車位1,十層,11,住宅大樓(11層含以上有電梯),住家用,鋼筋混凝土造,,59.52,1,1,1,有,無,2650000,45354,坡道機械,9.91,400000,,RPSNMLOKKIHGFDP98CB,禾楓君悅-菁英會館二期,A棟A2號
二崙鄉,房地(土地+建物),雲林縣二崙鄉成功路,89.62,,鄉村區,乙種建築用地,1111209,土地1建物1車位0,全,3,透天厝,住家用,鋼筋混凝土造,,183.0,5,3,3,有,無,9800000,53552,,0.0,0,,RPPNMLOKKIHGFCP58CB,晴森院,A棟11號
西螺鎮,房地(土地+建物),雲林縣西螺鎮頂湳段227-4地號,90.0,,鄉村區,乙種建築用地,1111214,土地1建物1車位0,全,3,透天厝,住家用,鋼筋混凝土造,,103.0,3,2,3,有,無,7000000,67961,,0.0,0,,RPPNMLPKKIHGFCP68CB,翔富璟馥,B棟6號
西螺鎮,房地(土地+建物),雲林縣西螺鎮東南路,130.69,住,,,1111211,土地3建物1車位0,全,3,透天厝,住家用,鋼筋混凝土造,,163.16,5,2,3,有,無,10050000,61596,,0.0,0,,RPRNMLPKKIHGFCP88CB,鼎富三期,X60棟0號
土庫鎮,房地(土地+建物),雲林縣土庫鎮馬公厝仁愛街,96.44,,鄉村區,乙種建築用地,1111112,土地1建物1車位0,全,3,透天厝,住家用,鋼筋混凝土造,,170.62,4,2,4,有,無,8650000,50697,,0.0,0,,RPPNMLPKKIHGFDP78CB,幸福天地五期,A2棟0號
虎尾鎮,房地(土地+建物)+車位,雲林縣虎尾鎮忠孝路,10.93,商,,,1111213,土地11建物1車位1,三層,15,住宅大樓(11層含以上有電梯),見其他登記事項,鋼筋混凝土造,,110.67,2,2,1,有,無,7800000,85930,坡道平面,32.7,1100000,,RPQNMLPKKIHGFDP88CB,鎧將雲鼎,A棟3F-D號
虎尾鎮,房地(土地+建物)+車位,雲林縣虎尾鎮忠孝路,11.05,商,,,1111201,土地11建物1車位1,三層,15,住宅大樓(11層含以上有電梯),見其他登記事項,鋼筋混凝土造,,111.48,2,2,1,有,無,7700000,83778,坡道平面,32.7,1100000,,RPRNMLPKKIHGFDP98CB,鎧將雲鼎,B棟3F-F號
虎尾鎮,房地(土地+建物)+車位,雲林縣虎尾鎮永興南九路,31.45,住,,,1111127,土地1建物1車位1,十三層,14,住宅大樓(11層含以上有電梯),住家用,鋼筋混凝土造,,158.44,3,1,2,有,無,11490000,74959,坡道平面,19.83,1100000,,RPPNMLQKKIHGFDP88CB,禾楓君悅-農博綻,A棟A5號
土庫鎮,房地(土地+建物),雲林縣土庫鎮中興路,93.89,住,,,1111126,土地1建物1車位0,全,3,透天厝,住家用,鋼筋混凝土造,,170.73,4,2,4,有,無,11000000,64429,,0.0,0,,RPQNMLQKKIHGFDP98CB,築夢十六期,A棟3號
虎尾鎮,房地(土地+建物),雲林縣虎尾鎮虎興西二路,92.0,住,,,1111127,土地1建物1車位0,全,4,透天厝,住家用,鋼筋混凝土造,,174.66,4,2,3,有,無,13500000,77293,,0.0,0,,RPRNMLQKKIHGFDP09CB,禾楓君悅-高鐵15期,A棟A5號
斗六市,房地(土地+建物),雲林縣斗六市科?一路,85.52,,工業區,丁種建築用地,1111212,土地3建物1車位0,全,3,透天厝,住家用,鋼筋混凝土造,,137.75,4,1,5,有,無,8500000,61706,,0.0,0,,RPQNMLQKKIHGFAP68CB,綠邸NO.5,C16號
斗六市,房地(土地+建物),雲林縣斗六市科?一路,113.45,,工業區,丁種建築用地,1111209,土地3建物1車位0,全,3,透天厝,住家用,鋼筋混凝土造,,167.56,4,1,5,有,無,10300000,61471,,0.0,0,,RPRNMLQKKIHGFAP78CB,綠邸NO.5,C8號
古坑鄉,房地(土地+建物),雲林縣古坑鄉廣濟路,132.99,,鄉村區,乙種建築用地,1111211,土地4建物1車位0,全,3,透天厝,住家用,鋼筋混凝土造,,174.9,4,2,4,有,無,9980000,57061,,0.0,0,古坑鄉高林北段564地號，本筆土地為提供道路使用附贈與予買方。,RPPNMLQKKIHGFAP68DB,荷翠二期,C棟5號
土庫鎮,房地(土地+建物),雲林縣土庫鎮越港段223地號,98.18,住,,,1111125,土地1建物1車位0,見使用執照,3,店面(店鋪),住家用,鋼筋混凝土造,,180.91,4,2,5,有,無,11500000,63568,,0.0,0,,RPQNMLQKKIHGFDP09DB,彩虹城NO.6,A棟3號
土庫鎮,房地(土地+建物),雲林縣土庫鎮越港段223地號,93.91,住,,,1111125,土地1建物1車位0,全,3,店面(店鋪),住家用,鋼筋混凝土造,,180.91,4,2,5,有,無,11000000,60804,,0.0,0,,RPRNMLQKKIHGFDP56DB,彩虹城NO.6,A棟2號
麥寮鄉,房地(土地+建物),雲林縣麥寮鄉後安段741地號等17筆,97.44,,一般農業區,甲種建築用地,1111216,土地3建物1車位0,全,3,透天厝,住家用,鋼筋混凝土造,,161.72,5,2,4,有,無,7530000,46562,,0.0,0,,RPPNMLRKKIHGFFP56CB,後安御境,B棟5號
麥寮鄉,房地(土地+建物),雲林縣麥寮鄉後安段741地號等17筆,96.27,,一般農業區,甲種建築用地,1111216,土地3建物1車位0,全,3,透天厝,住家用,鋼筋混凝土造,,161.72,5,2,4,有,無,7530000,46562,,0.0,0,,RPQNMLRKKIHGFFP66CB,後安御境,B棟6號
西螺鎮,房地(土地+建物),雲林縣西螺鎮八德街,103.61,住,,,1111216,土地2建物1車位0,全,4,透天厝,住家用,鋼筋混凝土造,,240.94,4,3,5,有,無,16550000,68689,,0.0,0,,RPPNMLSKKIHGFCP98CB,帝之苑六期,B棟7號
斗六市,房地(土地+建物),雲林縣斗六市石榴路369巷119弄,83.68,,一般農業區,甲種建築用地,1111214,土地1建物1車位0,全,3,透天厝,住家用,鋼筋混凝土造,,159.35,4,2,3,有,無,11780000,73925,,0.0,0,,RPPNMLTKKIHGFAP88CB,築澤臻美,B棟26號
斗六市,房地(土地+建物)+車位,雲林縣斗六市科?一路,22.09,,工業區,丁種建築用地,1111218,土地2建物1車位1,七層,7,華廈(10層含以下有電梯),住家用,鋼筋混凝土造,,94.8,2,2,1,有,無,5430000,57278,坡道平面,29.63,0,,RPRNMLTKKIHGFAP09CB,翡翠森林,C棟7FC7號
斗六市,房地(土地+建物)+車位,雲林縣斗六市科?一路,21.19,,工業區,丁種建築用地,1111203,土地2建物1車位1,七層,7,華廈(10層含以下有電梯),住家用,鋼筋混凝土造,,91.93,2,2,1,有,無,5200000,56565,坡道平面,29.63,0,,RPSNMLTKKIHGFAP56CB,翡翠森林,B棟7FB3號
斗六市,房地(土地+建物)+車位,雲林縣斗六市科?一路,21.19,,工業區,丁種建築用地,1111203,土地2建物1車位1,六層,7,華廈(10層含以下有電梯),住家用,鋼筋混凝土造,,91.93,2,2,1,有,無,5150000,56021,坡道平面,29.63,0,,RPTNMLTKKIHGFAP66CB,翡翠森林,B棟6FB3號
斗六市,房地(土地+建物)+車位,雲林縣斗六市科?一路,21.19,,工業區,丁種建築用地,1111203,土地2建物1車位1,七層,7,華廈(10層含以下有電梯),住家用,鋼筋混凝土造,,91.93,2,2,1,有,無,5200000,56565,坡道平面,29.63,0,,RPUNMLTKKIHGFAP76CB,翡翠森林,C棟7FC8號
斗六市,房地(土地+建物)+車位,雲林縣斗六市科?一路,21.19,,工業區,丁種建築用地,1111203,土地2建物1車位1,六層,7,華廈(10層含以下有電梯),住家用,鋼筋混凝土造,,91.93,2,2,1,有,無,5150000,56021,坡道平面,29.63,0,,RPVNMLTKKIHGFAP86CB,翡翠森林,C棟6FC8號
斗南鎮,房地(土地+建物)+車位,雲林縣斗南鎮六合街,30.43,住,,,1111124,土地3建物1車位1,五層,5,華廈(10層含以下有電梯),住家用,鋼筋混凝土造,,89.05,2,1,2,有,無,7000000,80345,一樓平面,13.75,950000,,RPPNMLTKKIHGFBP98CB,六合馥寓,5F-C號
斗六市,房地(土地+建物),雲林縣斗六市斗六五路,7.37,商,,,1111209,土地1建物1車位0,四層,15,住宅大樓(11層含以上有電梯),住家用,鋼筋混凝土造,,80.31,2,1,1,有,無,5450000,67862,,0.0,0,,RPPNMLKLKIHGFAP08CB,享未來,4F-D2號
斗六市,房地(土地+建物),雲林縣斗六市斗六五路,7.37,商,,,1111209,土地1建物1車位0,五層,15,住宅大樓(11層含以上有電梯),住家用,鋼筋混凝土造,,80.31,2,1,1,有,無,5550000,69107,,0.0,0,,RPQNMLKLKIHGFAP18CB,享未來,5F-D2號
崙背鄉,房地(土地+建物),雲林縣崙背鄉水尾村下街,124.29,,鄉村區,乙種建築用地,1111129,土地3建物1車位0,全,3,透天厝,住家用,鋼筋混凝土造,,176.97,4,3,4,有,無,6800000,38425,,0.0,0,,RPPNMLLLKIHGFCP38CB,富貴邑3,C棟C6號
崙背鄉,房地(土地+建物),雲林縣崙背鄉水尾村下街,121.29,,鄉村區,乙種建築用地,1111205,土地3建物1車位0,全,3,透天厝,住家用,鋼筋混凝土造,,168.84,4,3,4,有,無,6800000,40275,,0.0,0,,RPQNMLLLKIHGFCP48CB,富貴邑3,A棟A3號
崙背鄉,房地(土地+建物),雲林縣崙背鄉水尾村下街,121.29,,鄉村區,乙種建築用地,1111216,土地3建物1車位0,全,3,透天厝,住家用,鋼筋混凝土造,,168.84,4,3,4,有,無,6850000,40571,,0.0,0,,RPRNMLLLKIHGFCP58CB,富貴邑3,A棟A6號
虎尾鎮,房地(土地+建物)+車位,雲林縣虎尾鎮建成路,45.02,住,,,1111212,土地1建物1車位2,六層,14,住宅大樓(11層含以上有電梯),住家用,鋼筋混凝土造,,240.5,3,2,2,有,無,18600000,83178,坡道平面,46.94,2500000,,RPPNMLLLKIHGFDP48CB,宇荃．白金,A棟1號
虎尾鎮,房地(土地+建物)+車位,雲林縣虎尾鎮建成路,45.02,住,,,1111220,土地1建物1車位2,五層,14,住宅大樓(11層含以上有電梯),住家用,鋼筋混凝土造,,240.5,3,2,2,有,無,18410000,81680,坡道平面,46.94,2600000,,RPQNMLLLKIHGFDP58CB,宇荃．白金,A棟2號
麥寮鄉,房地(土地+建物),雲林縣麥寮鄉順天段147-2號,152.74,,鄉村區,乙種建築用地,1111204,土地2建物1車位0,全,3,透天厝,住家用,鋼筋混凝土造,,179.29,4,2,5,有,無,9950000,55497,,0.0,0,,RPPNMLLLKIHGFFP68CB,首擇3,A棟2號
麥寮鄉,房地(土地+建物),雲林縣麥寮鄉順天段147-4號,110.12,,鄉村區,乙種建築用地,1111212,土地2建物1車位0,全,3,透天厝,見使用執照,鋼筋混凝土造,,163.14,4,2,5,有,無,8660000,53083,,0.0,0,,RPRNMLLLKIHGFFP88CB,首擇3,A棟5號
麥寮鄉,房地(土地+建物),雲林縣麥寮鄉順天段147-19號,119.16,,鄉村區,乙種建築用地,1111201,土地2建物1車位0,全,3,透天厝,見使用執照,鋼筋混凝土造,,162.67,4,2,5,有,無,9160000,56310,,0.0,0,,RPXNMLLLKIHGFFP86CB,首擇3,B棟11號
麥寮鄉,房地(土地+建物),雲林縣麥寮鄉順天段147-1號,116.94,,鄉村區,乙種建築用地,1111220,土地1建物1車位0,全,3,透天厝,見使用執照,鋼筋混凝土造,,179.05,4,2,5,有,無,9350000,52220,,0.0,0,,RPOOMLLLKIHGFFP68CB,首擇3,A棟1號
麥寮鄉,房地(土地+建物),雲林縣麥寮鄉順天段147-8號,120.12,,鄉村區,乙種建築用地,1111212,土地2建物1車位0,全,3,透天厝,見使用執照,鋼筋混凝土造,,173.86,4,2,5,有,無,9200000,52916,,0.0,0,,RPPOMLLLKIHGFFP78CB,首擇3,A棟9號
麥寮鄉,房地(土地+建物),雲林縣麥寮鄉順天段147-10號,124.13,,鄉村區,乙種建築用地,1111202,土地2建物1車位0,全,3,透天厝,見使用執照,鋼筋混凝土造,,162.69,4,1,4,有,無,9200000,56549,,0.0,0,,RPQOMLLLKIHGFFP88CB,首擇3,B棟1號
麥寮鄉,房地(土地+建物),雲林縣麥寮鄉順天段147-5號,110.12,,鄉村區,乙種建築用地,1111211,土地2建物1車位0,全,36,透天厝,見使用執照,鋼筋混凝土造,,162.95,4,2,5,有,無,8800000,54004,,0.0,0,,RPROMLLLKIHGFFP98CB,首擇3,A棟6號
麥寮鄉,房地(土地+建物),雲林縣麥寮鄉順天段147-3號,110.12,,鄉村區,乙種建築用地,1111212,土地2建物1車位0,全,3,透天厝,住家用,鋼筋混凝土造,,162.95,4,2,5,有,無,8660000,53145,,0.0,0,,RPSOMLLLKIHGFFP09CB,首擇3,A棟3號
虎尾鎮,房地(土地+建物),雲林縣虎尾鎮虎興西二路,85.43,住,,,1111127,土地1建物1車位0,全,4,透天厝,住家用,鋼筋混凝土造,,175.48,5,2,4,有,無,14500000,82630,,0.0,0,,RPPNMLNLKIHGFDP68CB,禾楓君悅-高鐵15期,D棟1號
西螺鎮,房地(土地+建物),雲林縣西螺鎮振興里,209.77,住,,,1111124,土地6建物1車位0,全,4,透天厝,住家用,鋼筋混凝土造,,269.29,5,2,5,有,無,18940000,70333,,0.0,0,,RPPNMLNLKIHGFCP58CB,大砌,C棟2號
西螺鎮,房地(土地+建物),雲林縣西螺鎮紹安紹安里,100.42,農,,,1111215,土地2建物1車位0,全,4,透天厝,住家用,鋼筋混凝土造,,180.3,4,3,3,有,無,9300000,51581,,0.0,0,,RPQNMLNLKIHGFCP68CB,品味居NO3,E棟2號
斗六市,房地(土地+建物)+車位,雲林縣斗六市斗六一路、棒球三街口,25.27,住,,,1111125,土地1建物1車位1,八層,10,華廈(10層含以下有電梯),住家用,鋼筋混凝土造,,121.77,2,1,2,有,無,9610000,83082,一樓平面,22.35,1350000,,RPPNMLNLKIHGFAP38CB,聖德淳風三期,A棟2號
斗六市,房地(土地+建物)+車位,雲林縣斗六市正義街與正義一街街口,15.89,住,,,1111212,土地1建物1車位1,一層,12,店面(店鋪),見其他登記事項,鋼筋混凝土造,,90.33,0,1,1,有,無,7820000,101223,坡道平面,24.93,1200000,,RPTNMLNLKIHGFAP78CB,勝麗進行曲-禧悅區,S棟3號
斗六市,房地(土地+建物)+車位,雲林縣斗六市斗六一路、棒球三街口,25.27,住,,,1111129,土地1建物1車位1,九層,10,華廈(10層含以下有電梯),住家用,鋼筋混凝土造,,121.77,2,1,2,有,無,9680000,83786,一樓平面,22.35,1350000,,RPPNMLQLKIHGFAP68CB,聖德淳風三期,A2號
斗六市,房地(土地+建物)+車位,雲林縣斗六市斗六一路、棒球三街口,25.27,住,,,1111203,土地1建物1車位1,十層,10,華廈(10層含以下有電梯),住家用,鋼筋混凝土造,,121.77,2,1,2,有,無,9844700,85443,坡道平面,22.35,1350000,,RPQNMLQLKIHGFAP78CB,聖德淳風三期,A2號
斗六市,房地(土地+建物)+車位,雲林縣斗六市斗六一路、棒球三街口,25.27,住,,,1111209,土地1建物1車位1,七層,10,華廈(10層含以下有電梯),住家用,鋼筋混凝土造,,121.77,2,1,2,有,無,9620000,83182,坡道平面,22.35,1350000,,RPRNMLQLKIHGFAP88CB,聖德淳風三期,A2號
斗六市,房地(土地+建物)+車位,雲林縣斗六市斗六一路、棒球三街口,25.27,住,,,1111209,土地1建物1車位1,十層,10,華廈(10層含以下有電梯),住家用,鋼筋混凝土造,,121.77,2,1,2,有,無,9920000,86200,一樓平面,22.35,1350000,,RPSNMLQLKIHGFAP98CB,聖德淳風三期,A3號
斗六市,房地(土地+建物)+車位,雲林縣斗六市正義街與正義一街街口,23.72,住,,,1111219,土地1建物1車位1,六層,12,住宅大樓(11層含以上有電梯),住家用,鋼筋混凝土造,,134.49,3,2,2,有,無,9990000,80230,坡道平面,24.93,1200000,,RPPNMLRLKIHGFAP78CB,勝麗進行曲-禧悅區,B棟2號
土庫鎮,房地(土地+建物),雲林縣土庫鎮成功路,33.6,住,,,1111128,土地2建物1車位0,二層,7,華廈(10層含以下有電梯),住家用,鋼筋混凝土造,,94.49,2,2,2,有,無,5180000,54821,,0.0,0,,RPPNMLRLKIHGFDP09CB,愛家,G棟2號
麥寮鄉,房地(土地+建物),雲林縣麥寮鄉圳寮段954-6地號,145.0,,鄉村區,乙種建築用地,1111227,土地4建物1車位0,全,3,透天厝,住家用,鋼筋混凝土造,,156.23,4,2,4,有,無,7180000,45958,,0.0,0,,RPPNMLRLKIHGFFP66CB,圳寮寶莊,A棟5號
二崙鄉,房地(土地+建物),雲林縣二崙鄉成功路,131.82,,鄉村區,乙種建築用地,1111129,土地2建物1車位0,全,3,透天厝,住家用,鋼筋混凝土造,,183.51,5,3,3,有,無,8800000,47954,,0.0,0,,RPPNMLSLKIHGFCP09CB,晴森院,C棟3號
林內鄉,房地(土地+建物),雲林縣林內鄉民權路,69.93,,鄉村區,乙種建築用地,1111226,土地1建物1車位0,全,3,透天厝,住家用,鋼筋混凝土造,,145.42,3,2,3,有,無,6600000,45386,,0.0,0,,RPVNMLSLKIHGFAP86CB,姮興光禾墅,A3棟0號
斗六市,房地(土地+建物),雲林縣斗六市楓湖路,45.18,,鄉村區,乙種建築用地,1111210,土地2建物1車位0,四層,5,華廈(10層含以下有電梯),住家用,鋼筋混凝土造,,128.67,3,2,2,有,無,7800000,60620,,0.0,0,,RPQNMLTLKIHGFAP09CB,薪禮寓,4A號
斗六市,房地(土地+建物),雲林縣斗六市楓湖路,80.2,,鄉村區,乙種建築用地,1111201,土地2建物1車位0,五層,5,華廈(10層含以下有電梯),住家用,鋼筋混凝土造,,228.15,3,2,2,有,無,14150000,62021,,0.0,0,,RPRNMLTLKIHGFAP56CB,薪禮寓,5A號
麥寮鄉,房地(土地+建物)+車位,雲林縣麥寮鄉橋頭村橋頭門牌尚未申請,33.42,,鄉村區,乙種建築用地,1111212,土地3建物1車位1,八層,10,華廈(10層含以下有電梯),住家用,鋼筋混凝土造,,146.53,3,2,2,有,無,7860000,59186,坡道平面,29.78,950000,,RPPNMLTLKIHGFFP96DB,一品苑,B棟2號
麥寮鄉,房地(土地+建物)+車位,雲林縣麥寮鄉橋頭村橋頭門牌尚未申請,23.29,,鄉村區,乙種建築用地,1111219,土地3建物1車位1,六層,10,華廈(10層含以下有電梯),住家用,鋼筋混凝土造,,102.84,2,2,1,有,無,5150000,58171,坡道平面,29.78,900000,,RPRNMLTLKIHGFFP17DB,一品苑,B棟3號
虎尾鎮,房地(土地+建物),雲林縣虎尾鎮虎興西二路,78.68,住,,,1111204,土地2建物1車位0,全,4,透天厝,住家用,鋼筋混凝土造,,174.46,3,2,3,有,無,10500000,60186,,0.0,0,,RPQNMLKMKIHGFDP58CB,禾楓君悅-高鐵15期,D棟3a號
虎尾鎮,房地(土地+建物),雲林縣虎尾鎮永興南一街,102.65,住,,,1111212,土地2建物1車位0,全,3,透天厝,住家用,鋼筋混凝土造,,185.38,4,2,4,有,無,16580000,89438,,0.0,0,,RPRNMLKMKIHGFDP68CB,大於,B棟8號
虎尾鎮,房地(土地+建物)+車位,雲林縣虎尾鎮建成路,45.02,住,,,1111222,土地1建物1車位2,七層,14,住宅大樓(11層含以上有電梯),住家用,鋼筋混凝土造,,240.5,3,2,2,有,無,18860000,83488,坡道平面,46.94,2700000,,RPTNMLKMKIHGFDP88CB,宇荃．白金,A棟1號
虎尾鎮,房地(土地+建物)+車位,雲林縣虎尾鎮建成路,45.02,住,,,1111222,土地1建物1車位2,七層,14,住宅大樓(11層含以上有電梯),住家用,鋼筋混凝土造,,240.5,3,2,2,有,無,18860000,83488,坡道平面,46.94,2700000,,RPUNMLKMKIHGFDP98CB,宇荃．白金,A棟2號
西螺鎮,房地(土地+建物),雲林縣西螺鎮東南路,108.6,住,,,1111224,土地1建物1車位0,全,3,透天厝,住家用,鋼筋混凝土造,,186.07,5,2,4,有,無,11800000,63417,,0.0,0,,RPPNMLNJJHIGFCP28CB,鼎富三期,X46棟0號
斗六市,房地(土地+建物),雲林縣斗六市石榴路369巷119弄,83.78,,一般農業區,甲種建築用地,1111229,土地1建物1車位0,全,3,透天厝,住家用,鋼筋混凝土造,,159.35,4,2,3,有,無,11880000,74553,,0.0,0,,RPPNMLNJJHIGFAP08CB,築澤臻美,B棟25號
斗六市,房地(土地+建物),雲林縣斗六市石榴路369巷119弄,84.56,,一般農業區,甲種建築用地,1111227,土地1建物1車位0,全,3,透天厝,住家用,鋼筋混凝土造,,159.35,4,2,3,有,無,11920000,74804,,0.0,0,,RPQNMLNJJHIGFAP18CB,築澤臻美,B棟16號
斗六市,房地(土地+建物)+車位,雲林縣斗六市文生路,21.96,,鄉村區,乙種建築用地,1111218,土地1建物1車位1,六層,8,華廈(10層含以下有電梯),住家用,鋼筋混凝土造,,94.13,2,2,1,有,無,5580000,65088,坡道機械,16.85,550000,,RPRNMLNJJHIGFAP28CB,聚星,W6棟6樓棟0號
古坑鄉,房地(土地+建物)+車位,雲林縣古坑鄉中山路243巷,105.32,住,,,1111223,土地5建物1車位1,全,3,透天厝,住家用,鋼筋混凝土造,,170.09,4,2,4,有,無,9700000,57029,一樓平面,0.0,0,,RPSNMLNJJHIGFAP38CB,幸福愛悅,B11號
古坑鄉,房地(土地+建物),雲林縣古坑鄉中山路243巷,96.55,住,,,1111224,土地3建物1車位0,全,3,透天厝,住家用,鋼筋混凝土造,,170.09,4,2,4,有,無,10000000,58792,,0.0,0,,RPUNMLNJJHIGFAP58CB,幸福愛悅,B3號
斗六市,房地(土地+建物),雲林縣斗六市上海西路,23.21,住,,,1111211,土地1建物1車位0,四層,4,華廈(10層含以下有電梯),住家用,鋼筋混凝土造,,59.5,2,1,1,有,無,5150000,86555,,0.0,0,,RPVNMLNJJHIGFAP68CB,成林謙沐苑,4A號
古坑鄉,房地(土地+建物)+車位,雲林縣古坑鄉中山路243巷,89.55,住,,,1111231,土地3建物1車位1,全,3,透天厝,住家用,鋼筋混凝土造,,170.09,4,2,4,有,無,10000000,58792,一樓平面,0.0,0,,RPWNMLNJJHIGFAP78CB,幸福愛悅,A11號
大埤鄉,房地(土地+建物)+車位,雲林縣大埤鄉南和村和平路.八德街,115.44,住,,,1111224,土地2建物1車位1,全,3,透天厝,住家用,鋼筋混凝土造,,166.79,5,1,4,有,無,8050000,51503,一樓平面,24.08,700000,,RPQNMLNJJHIGFBP28CB,富山春居第二期,B6棟B6號
斗南鎮,房地(土地+建物),雲林縣斗南鎮僑真街,147.0,住,,,1111230,土地1建物1車位0,全,4,透天厝,住家用,鋼筋混凝土造,,247.13,5,3,5,有,無,19350000,78299,,0.0,0,,RPSNMLOJJHIGFBP58CB,桂林山水NO.36,D棟5號
斗南鎮,房地(土地+建物),雲林縣斗南鎮僑真街,138.0,住,,,1111228,土地1建物1車位0,全,4,透天厝,住家用,鋼筋混凝土造,,247.13,5,3,5,有,無,18800000,76073,,0.0,0,,RPTNMLOJJHIGFBP68CB,桂林山水NO.36,D棟2號
斗南鎮,房地(土地+建物),雲林縣斗南鎮僑真街,141.0,住,,,1111229,土地1建物1車位0,全,4,透天厝,住家用,鋼筋混凝土造,,247.13,5,3,5,有,無,19050000,77085,,0.0,0,,RPUNMLOJJHIGFBP78CB,桂林山水NO.36,D棟3號
斗南鎮,房地(土地+建物),雲林縣斗南鎮僑真街,137.0,住,,,1111227,土地1建物1車位0,全,4,透天厝,住家用,鋼筋混凝土造,,247.13,5,3,5,有,無,18800000,76073,,0.0,0,,RPVNMLOJJHIGFBP88CB,桂林山水NO.36,D棟1號
斗南鎮,房地(土地+建物),雲林縣斗南鎮僑真街,118.0,住,,,1111231,土地1建物1車位0,全,4,透天厝,住家用,鋼筋混凝土造,,213.38,4,3,3,有,無,16300000,76390,,0.0,0,,RPWNMLOJJHIGFBP98CB,桂林山水NO.36,D棟6號
麥寮鄉,房地(土地+建物),雲林縣麥寮鄉圳寮段954-8地號等6筆,133.0,,鄉村區,乙種建築用地,1120102,土地3建物1車位0,全,3,透天厝,住家用,鋼筋混凝土造,,156.68,5,1,4,有,無,7280000,46464,,0.0,0,會變更設計,RPPNMLOJJHIGFFP68CB,圳寮寶莊,B棟1號
麥寮鄉,房地(土地+建物),雲林縣麥寮鄉圳寮段954-8地號等6筆,102.0,,鄉村區,乙種建築用地,1120102,土地3建物1車位0,全,3,透天厝,住家用,鋼筋混凝土造,,156.68,5,1,4,有,無,7580000,48379,,0.0,0,會變更設計,RPQNMLOJJHIGFFP78CB,圳寮寶莊,B棟2號
古坑鄉,房地(土地+建物),雲林縣古坑鄉中山路243巷,116.88,住,,,1111224,土地4建物1車位0,全,3,透天厝,住家用,鋼筋混凝土造,,165.81,4,2,4,有,無,10400000,62722,,0.0,0,,RPPNMLOJJHIGFAP18CB,幸福愛悅,D7號
斗六市,房地(土地+建物)+車位,雲林縣斗六市正義街與正義一街街口,23.72,住,,,1111226,土地1建物1車位1,四層,12,住宅大樓(11層含以上有電梯),住家用,鋼筋混凝土造,,133.42,3,2,2,有,無,9420000,74115,坡道平面,23.86,1300000,,RPQNMLOJJHIGFAP28CB,勝麗進行曲-禧悅區,B棟2號
斗六市,房地(土地+建物)+車位,雲林縣斗六市正義街與正義一街街口,21.46,住,,,1111226,土地1建物1車位1,七層,12,住宅大樓(11層含以上有電梯),住家用,鋼筋混凝土造,,124.63,2,2,2,有,無,9400000,81244,坡道平面,24.93,1300000,,RPRNMLOJJHIGFAP38CB,勝麗進行曲-禧悅區,B棟5號
虎尾鎮,房地(土地+建物),雲林縣虎尾鎮永興南一街,102.65,住,,,1111215,土地2建物1車位0,全,3,透天厝,住家用,鋼筋混凝土造,,185.4,4,2,4,有,無,16580000,89428,,0.0,0,交易總價含下列非屬預售屋價格之費用:毛胚屋；,RPPNMLPJJHIGFDP58CB,大於,B棟7號
虎尾鎮,房地(土地+建物),雲林縣虎尾鎮虎興西二路,116.08,住,,,1111211,土地2建物1車位0,全,3,透天厝,住家用,鋼筋混凝土造,,155.72,4,1,3,有,無,10500000,67429,,0.0,0,,RPPNMLQJJHIGFDP68CB,禾楓君悅-高鐵15期,B棟10號
北港鎮,房地(土地+建物),雲林縣北港鎮聖母五路,176.42,住,,,1111203,土地1建物1車位0,全,4,透天厝,住家用,鋼筋混凝土造,,298.07,5,2,5,有,無,18000000,60388,,0.0,0,,RPPNMLQJJHIGFEP78CB,老莊,C棟1號
斗六市,房地(土地+建物)+車位,雲林縣斗六市科?一路,82.16,,工業區,丁種建築用地,1111216,土地3建物1車位1,全,3,透天厝,住家用,鋼筋混凝土造,,144.66,4,2,5,有,無,8460000,58482,一樓平面,0.0,0,,RPRNMLQJJHIGFAP58CB,綠邸三期,B5號
土庫鎮,房地(土地+建物),雲林縣土庫鎮越港里223號,98.18,住,,,1111214,土地1建物1車位0,見使用執照,3,店面(店鋪),住家用,鋼筋混凝土造,,180.83,4,2,5,有,無,11500000,63596,,0.0,0,,RPPNMLQJJHIGFDP78DB,彩虹城NO.6,A棟3a號
斗六市,房地(土地+建物)+車位,雲林縣斗六市斗六一路、棒球三街口,25.27,住,,,1111220,土地1建物1車位1,四層,10,華廈(10層含以下有電梯),住家用,鋼筋混凝土造,,121.77,2,1,2,有,無,9570000,83182,坡道平面,22.35,1300000,,RPPNMLRJJHIGFAP48CB,聖德淳風三期,A2號
斗六市,房地(土地+建物)+車位,雲林縣斗六市斗六一路、棒球三街口,25.27,住,,,1111225,土地1建物1車位1,六層,10,華廈(10層含以下有電梯),住家用,鋼筋混凝土造,,121.77,2,1,2,有,無,9770000,84691,一樓平面,22.35,1350000,,RPQNMLRJJHIGFAP58CB,聖德淳風三期,A1號
斗六市,房地(土地+建物)+車位,雲林縣斗六市斗六一路、棒球三街口,25.27,住,,,1111223,土地1建物1車位1,八層,10,華廈(10層含以下有電梯),住家用,鋼筋混凝土造,,121.77,2,1,2,有,無,9720000,84691,坡道平面,22.35,1300000,,RPRNMLRJJHIGFAP68CB,聖德淳風三期,A1號
斗六市,房地(土地+建物)+車位,雲林縣斗六市斗六一路、棒球三街口,25.27,住,,,1111215,土地1建物1車位1,九層,10,華廈(10層含以下有電梯),住家用,鋼筋混凝土造,,121.77,2,1,2,有,無,9650000,83484,一樓平面,22.35,1350000,,RPSNMLRJJHIGFAP78CB,聖德淳風三期,A1號
斗六市,房地(土地+建物)+車位,雲林縣斗六市斗六一路、棒球三街口,25.27,住,,,1111212,土地1建物1車位1,十層,10,華廈(10層含以下有電梯),住家用,鋼筋混凝土造,,121.77,2,1,2,有,無,9870000,86200,一樓平面,22.35,1300000,,RPTNMLRJJHIGFAP88CB,聖德淳風三期,A1號
崙背鄉,房地(土地+建物),雲林縣崙背鄉水尾村下街,126.29,,鄉村區,乙種建築用地,1111223,土地3建物1車位0,全,3,透天厝,住家用,鋼筋混凝土造,,168.84,4,3,4,有,無,6800000,40275,,0.0,0,,RPPNMLRJJHIGFCP68CB,富貴邑3,B棟B2號
崙背鄉,房地(土地+建物),雲林縣崙背鄉水尾村下街,170.29,,鄉村區,乙種建築用地,1111223,土地4建物1車位0,全,3,透天厝,住家用,鋼筋混凝土造,,176.91,4,3,4,有,無,6850000,38720,,0.0,0,,RPQNMLRJJHIGFCP78CB,富貴邑3,C棟C1號
虎尾鎮,房地(土地+建物)+車位,雲林縣虎尾鎮高南段65地號,17.26,住,,,1111224,土地1建物1車位1,七層,14,住宅大樓(11層含以上有電梯),住家用,鋼筋混凝土造,,162.77,3,2,2,有,無,11500000,75558,其他,26.45,1200000,,RPPNMLRJJHIGFDP78CB,真善美十五期四季朗朗,7樓棟A2號
虎尾鎮,房地(土地+建物),雲林縣虎尾鎮科虎路與虎興西五街,97.69,住,,,1111126,土地2建物1車位0,全,3,透天厝,住家用,鋼筋混凝土造,,182.74,4,1,5,有,無,14500000,79348,,0.0,0,,RPQNMLTJJHIGFDP09CB,禾楓君悅-高鐵16期,A棟3號
虎尾鎮,房地(土地+建物),雲林縣虎尾鎮科虎路與虎興西五街,181.88,住,,,1111203,土地2建物1車位0,全,4,透天厝,住家用,鋼筋混凝土造,,312.28,6,2,6,有,無,23800000,76214,,0.0,0,,RPRNMLTJJHIGFDP56CB,禾楓君悅-高鐵16期,A棟7號
虎尾鎮,房地(土地+建物)+車位,雲林縣虎尾鎮虎興東九街門牌尚未申請,41.17,住,,,1120103,土地1建物1車位1,八層,8,華廈(10層含以下有電梯),住家用,鋼筋混凝土造,,143.64,3,1,2,有,無,11580000,86227,坡道平面,25.0,1350000,,RPSNMLTJJHIGFDP66CB,臻品會館2期,1棟A號
虎尾鎮,房地(土地+建物),雲林縣虎尾鎮科虎路與虎興西五街,95.23,住,,,1111203,土地2建物1車位0,全,3,透天厝,住家用,鋼筋混凝土造,,186.39,3,2,3,有,無,13500000,72429,,0.0,0,,RPTNMLTJJHIGFDP76CB,禾楓君悅-高鐵16期,A棟5號
虎尾鎮,房地(土地+建物)+車位,雲林縣虎尾鎮虎興東九街門牌尚未申請,39.72,住,,,1120103,土地1建物1車位1,八層,8,華廈(10層含以下有電梯),住家用,鋼筋混凝土造,,139.47,3,1,2,有,無,11320000,87097,坡道平面,25.0,1350000,,RPUNMLTJJHIGFDP86CB,臻品會館2期,1棟D號
虎尾鎮,房地(土地+建物),雲林縣虎尾鎮科虎路與虎興西五街,97.38,住,,,1111203,土地2建物1車位0,全,3,透天厝,住家用,鋼筋混凝土造,,186.39,3,2,3,有,無,13500000,72429,,0.0,0,,RPVNMLTJJHIGFDP96CB,禾楓君悅-高鐵16期,A棟3a號
莿桐鄉,房地(土地+建物),雲林縣莿桐鄉埔子路,206.91,住,,,1111221,土地3建物1車位0,全,3,透天厝,住家用,鋼筋混凝土造,,204.71,4,2,2,有,無,10300000,50315,,0.0,0,,RPQNMLTJJHIGFAP78CB,幸福天地六期,A棟15號
莿桐鄉,房地(土地+建物),雲林縣莿桐鄉埔子路,114.95,住,,,1111225,土地2建物1車位0,全,3,透天厝,住家用,鋼筋混凝土造,,159.29,4,2,2,有,無,8360000,52483,,0.0,0,,RPRNMLTJJHIGFAP88CB,幸福天地六期,A棟13a號
斗六市,房地(土地+建物)+車位,雲林縣斗六市正義街與正義一街街口,27.85,住,,,1120103,土地1建物1車位1,四層,12,住宅大樓(11層含以上有電梯),住家用,鋼筋混凝土造,,154.02,3,2,2,有,無,10850000,73979,坡道平面,24.93,1300000,,RPPNMLKKJHIGFAP87CB,勝麗進行曲-禧悅區,B棟1號
虎尾鎮,房地(土地+建物),雲林縣虎尾鎮高南段60地號,13.39,住,,,1111217,土地1建物1車位0,五層,10,華廈(10層含以下有電梯),住家用,鋼筋混凝土造,,50.84,1,1,1,有,無,3480000,68450,,0.0,0,,RPPNMLKKJHIGFDP18CB,沐晴3期,609號
西螺鎮,房地(土地+建物),雲林縣西螺鎮八德街,100.46,住,,,1120102,土地1建物1車位0,全,4,透天厝,住家用,鋼筋混凝土造,,211.07,4,3,5,有,無,17580000,83290,,0.0,0,,RPPNMLLKJHIGFCP18CB,帝之苑六期,C棟7號
北港鎮,房地(土地+建物)+車位,雲林縣北港鎮四維街,51.72,住,,,1111226,土地8建物1車位1,三層,5,華廈(10層含以下有電梯),住家用,鋼筋混凝土造,,150.21,3,2,2,有,無,7680000,51128,一樓平面,18.18,0,,RPPNMLLKJHIGFEP48DB,武財天下二期公寓案,D棟3號
斗六市,房地(土地+建物),雲林縣斗六市楓湖路,34.94,,鄉村區,乙種建築用地,1120110,土地2建物1車位0,四層,5,華廈(10層含以下有電梯),住家用,鋼筋混凝土造,,99.49,2,2,1,有,無,6030000,60609,,0.0,0,,RPPNMLMKJHIGFAP08CB,薪禮寓,4C號
斗六市,房地(土地+建物),雲林縣斗六市石榴路369巷119弄,107.77,,一般農業區,甲種建築用地,1120108,土地1建物1車位0,全,3,透天厝,住家用,鋼筋混凝土造,,173.18,4,2,3,有,無,12880000,74373,,0.0,0,,RPRNMLMKJHIGFAP28CB,築澤臻美,B棟1號
斗六市,房地(土地+建物)+車位,雲林縣斗六市正義街與正義一街街口,19.6,住,,,1120109,土地1建物1車位1,三層,12,住宅大樓(11層含以上有電梯),住家用,鋼筋混凝土造,,115.19,2,2,1,有,無,7830000,72594,坡道平面,23.86,1200000,,RPPNMLNKJHIGFAP18CB,勝麗進行曲-禧悅區,B棟3號
斗六市,房地(土地+建物)+車位,雲林縣斗六市正義街與正義一街街口,21.46,住,,,1120112,土地1建物1車位1,二層,12,住宅大樓(11層含以上有電梯),住家用,鋼筋混凝土造,,123.36,2,2,1,有,無,8650000,73869,坡道平面,23.86,1300000,,RPQNMLNKJHIGFAP28CB,勝麗進行曲-禧悅區,A棟2號
西螺鎮,房地(土地+建物),雲林縣西螺鎮安定,89.09,住,,,1120105,土地6建物1車位0,全,3,透天厝,住家用,鋼筋混凝土造,,152.24,4,2,4,有,無,7900000,51892,,0.0,0,,RPPNMLNKJHIGFCP38CB,埔心荷雅,A棟13號
西螺鎮,房地(土地+建物)+車位,雲林縣西螺鎮自強街,38.8,住,,,1111221,土地2建物1車位1,三層,5,公寓(5樓含以下無電梯),住家用,鋼筋混凝土造,,120.04,3,2,2,有,無,6730000,58679,一樓平面,22.39,1000000,,RPQNMLNKJHIGFCP48CB,築夢十五期,A1棟A106號
斗六市,房地(土地+建物)+車位,雲林縣斗六市中正路,15.21,商,,,1120110,土地1建物1車位1,四層,15,住宅大樓(11層含以上有電梯),住家用,鋼筋混凝土造,,154.38,3,1,2,有,無,11380000,85428,坡道平面,35.8,1250000,,RPPNMLOKJHIGFAP28CB,品風華,4A棟5號
斗六市,房地(土地+建物)+車位,雲林縣斗六市中正路,11.84,商,,,1120111,土地1建物1車位1,六層,15,住宅大樓(11層含以上有電梯),住家用,鋼筋混凝土造,,110.48,2,1,2,有,無,8850000,89328,坡道平面,17.9,580000,,RPQNMLOKJHIGFAP38CB,品風華,6E棟6號
斗六市,房地(土地+建物)+車位,雲林縣斗六市中正路,16.38,商,,,1120113,土地1建物1車位1,十一層,15,住宅大樓(11層含以上有電梯),住家用,鋼筋混凝土造,,163.82,3,1,2,有,無,13770000,97797,坡道平面,35.8,1250000,,RPRNMLOKJHIGFAP48CB,品風華,11E棟3號
古坑鄉,房地(土地+建物),雲林縣古坑鄉廣濟路,112.5,,鄉村區,乙種建築用地,1120106,土地5建物1車位0,全,3,透天厝,住家用,鋼筋混凝土造,,160.89,4,2,5,有,無,9500000,59047,,0.0,0,,RPSNMLOKJHIGFAP58CB,幸福樂活NO.4,B4號
古坑鄉,房地(土地+建物),雲林縣古坑鄉廣濟路,124.0,,鄉村區,乙種建築用地,1120106,土地4建物1車位0,全,3,透天厝,住家用,鋼筋混凝土造,,181.66,4,2,4,有,無,9800000,53947,,0.0,0,,RPTNMLOKJHIGFAP68CB,幸福樂活NO.4,B1號
斗六市,房地(土地+建物)+車位,雲林縣斗六市南揚街,29.05,住,,,1111226,土地1建物1車位1,五層,6,華廈(10層含以下有電梯),住家用,鋼筋混凝土造,,116.12,3,1,2,有,無,8880000,82267,升降平面,21.55,1100000,,RPPNMLQKJHIGFAP48CB,聖德淳風Ⅱ期,A棟2號
西螺鎮,房地(土地+建物),雲林縣西螺鎮自強街,49.73,住,,,1120111,土地4建物1車位0,二層,5,公寓(5樓含以下無電梯),住家用,鋼筋混凝土造,,138.79,3,2,2,有,無,7890000,56848,,0.0,0,,RPQNMLQKJHIGFCP78CB,築夢十五期,B1棟B103號
西螺鎮,房地(土地+建物),雲林縣西螺鎮東南路,102.34,住,,,1120105,土地1建物1車位0,全,3,透天厝,住家用,鋼筋混凝土造,,185.7,5,2,4,有,無,11520000,62036,,0.0,0,,RPSNMLQKJHIGFCP98CB,鼎富三期,X49棟0號
西螺鎮,房地(土地+建物)+車位,雲林縣西螺鎮自強街,49.42,住,,,1111218,土地4建物1車位1,五層,5,公寓(5樓含以下無電梯),住家用,鋼筋混凝土造,,140.88,3,2,2,有,無,7890000,59304,一樓平面,19.64,700000,,RPTNMLQKJHIGFCP09CB,築夢十五期,B1棟B118號
北港鎮,房地(土地+建物),雲林縣北港鎮愛國街,102.24,住,,,1111224,土地1建物1車位0,全,3,透天厝,住家用,鋼筋混凝土造,,182.51,4,2,5,有,無,12550000,68763,,0.0,0,,RPRNMLRKJHIGFEP56CB,富御苑5,D棟9號
北港鎮,房地(土地+建物),雲林縣北港鎮愛國街,102.62,住,,,1120108,土地1建物1車位0,全,3,透天厝,住家用,鋼筋混凝土造,,210.38,4,2,5,有,無,14000000,66546,,0.0,0,,RPSNMLRKJHIGFEP66CB,富御苑5,D棟1號
土庫鎮,房地(土地+建物),雲林縣土庫鎮馬公厝段432-41地號,116.89,,鄉村區,乙種建築用地,1111227,土地2建物1車位0,全,3,透天厝,住家用,見其他登記事項,,160.47,5,1,4,有,無,9000000,56085,,0.0,0,,RPPNMLRKJHIGFDP98DB,信義富築,A棟8號
土庫鎮,房地(土地+建物),雲林縣土庫鎮馬公厝段432-46地號,116.89,,鄉村區,乙種建築用地,1111229,土地2建物1車位0,全,3,透天厝,住家用,見其他登記事項,,160.47,5,1,4,有,無,9000000,56085,,0.0,0,,RPQNMLRKJHIGFDP09DB,信義富築,A棟2號
土庫鎮,房地(土地+建物),雲林縣土庫鎮馬公厝段432-40地號,145.22,,鄉村區,乙種建築用地,1111229,土地2建物1車位0,全,3,透天厝,住家用,見其他登記事項,,166.67,5,1,4,有,無,9580000,57479,,0.0,0,,RPRNMLRKJHIGFDP56DB,信義富築,A棟9號
土庫鎮,房地(土地+建物),雲林縣土庫鎮馬公厝段432-39地號,171.62,,鄉村區,乙種建築用地,1120102,土地3建物1車位0,全,3,透天厝,住家用,見其他登記事項,,191.22,5,1,4,有,無,9000000,47066,,0.0,0,,RPPNMLSKJHIGFDP09DB,信義富築,B棟1號
大埤鄉,房地(土地+建物)+車位,雲林縣大埤鄉博愛路,115.11,住,,,1120108,土地2建物1車位1,全,3,透天厝,住家用,鋼筋混凝土造,,180.24,4,2,4,有,無,8560000,47492,一樓平面,8.91,0,,RPPNMLSKJHIGFBP78CB,臻至完美六期,A2棟0號
斗六市,房地(土地+建物)+車位,雲林縣斗六市棒球十七街,57.34,住,,,1120105,土地1建物1車位2,八層,9,華廈(10層含以下有電梯),住家用,鋼筋混凝土造,,227.9,3,2,2,有,無,18760000,99221,坡道平面,61.0,2200000,,RPPNMLSKJHIGFAP68CB,是大景,8A號
斗六市,房地(土地+建物)+車位,雲林縣斗六市棒球十七街,57.34,住,,,1120106,土地1建物1車位1,八層,9,華廈(10層含以下有電梯),住家用,鋼筋混凝土造,,197.4,3,2,2,有,無,17000000,95267,坡道平面,30.5,1100000,,RPQNMLSKJHIGFAP78CB,是大景,8B號
斗六市,房地(土地+建物)+車位,雲林縣斗六市棒球十七街,57.34,住,,,1120108,土地1建物1車位2,二層,9,華廈(10層含以下有電梯),住家用,鋼筋混凝土造,,227.9,3,2,2,有,無,16840000,87717,坡道平面,61.0,2200000,,RPRNMLSKJHIGFAP88CB,是大景,2A號
古坑鄉,房地(土地+建物),雲林縣古坑鄉中山路243巷,446.8,農,,,1111231,土地5建物1車位0,全,3,透天厝,住家用,鋼筋混凝土造,,229.7,4,2,5,有,無,19740000,85938,,0.0,0,,RPTNMLSKJHIGFAP09CB,幸福愛悅,C5號
古坑鄉,房地(土地+建物)+車位,雲林縣古坑鄉中山路243巷,282.32,農,,,1111225,土地6建物1車位1,全,3,透天厝,住家用,鋼筋混凝土造,,189.24,4,2,4,有,無,13090000,69171,一樓平面,0.0,0,,RPUNMLSKJHIGFAP56CB,幸福愛悅,B13號
斗六市,房地(土地+建物)+車位,雲林縣斗六市中正路,16.28,商,,,1120114,土地1建物1車位1,三層,15,住宅大樓(11層含以上有電梯),住家用,鋼筋混凝土造,,163.08,3,1,2,有,無,11600000,81317,坡道平面,35.8,1250000,,RPVNMLSKJHIGFAP66CB,品風華,3E棟3號
斗六市,房地(土地+建物)+車位,雲林縣斗六市中正路,16.38,商,,,1120118,土地1建物1車位1,六層,15,住宅大樓(11層含以上有電梯),住家用,鋼筋混凝土造,,163.82,3,1,2,有,無,12830000,90455,坡道平面,35.8,1250000,,RPWNMLSKJHIGFAP76CB,品風華,6E棟3號
水林鄉,房地(土地+建物),雲林縣水林鄉廟前路17巷,94.69,住,,,1111229,土地2建物1車位0,全,3,透天厝,住家用,鋼筋混凝土造,,158.3,4,2,2,有,無,8300000,52432,,0.0,0,,RPPNMLTKJHIGFEP56CB,幸福呈家,A2棟0號
水林鄉,房地(土地+建物),雲林縣水林鄉廟前路17巷,82.9,住,,,1111229,土地2建物1車位0,全,3,透天厝,住家用,鋼筋混凝土造,,137.04,4,2,2,有,無,7800000,56918,,0.0,0,,RPQNMLTKJHIGFEP66CB,幸福呈家,A3棟0號
水林鄉,房地(土地+建物),雲林縣水林鄉廟前路17巷,87.98,住,,,1120110,土地2建物1車位0,全,3,透天厝,住家用,鋼筋混凝土造,,137.04,4,2,2,有,無,7780000,56772,,0.0,0,,RPRNMLTKJHIGFEP76CB,幸福呈家,A5棟0號
水林鄉,房地(土地+建物),雲林縣水林鄉廟前路17巷,90.53,住,,,1120103,土地2建物1車位0,全,3,透天厝,住家用,鋼筋混凝土造,,137.04,4,2,2,有,無,7780000,56772,,0.0,0,,RPSNMLTKJHIGFEP86CB,幸福呈家,A6棟0號
水林鄉,房地(土地+建物),雲林縣水林鄉廟前路17巷,93.1,住,,,1111229,土地2建物1車位0,全,3,透天厝,住家用,鋼筋混凝土造,,137.04,4,2,2,有,無,7580000,55312,,0.0,0,,RPTNMLTKJHIGFEP96CB,幸福呈家,A7棟0號
水林鄉,房地(土地+建物),雲林縣水林鄉廟前路17巷,101.72,住,,,1120110,土地2建物1車位0,全,3,透天厝,住家用,鋼筋混凝土造,,140.09,4,2,2,有,無,7800000,55678,,0.0,0,,RPUNMLTKJHIGFEP07CB,幸福呈家,A8棟0號
西螺鎮,房地(土地+建物),雲林縣西螺鎮安定,103.28,住,,,1120115,土地6建物1車位0,全,3,透天厝,住家用,鋼筋混凝土造,,147.49,4,2,4,有,無,7000000,47461,,0.0,0,,RPPNMLTKJHIGFCP98CB,埔心荷雅,B棟6號
西螺鎮,房地(土地+建物),雲林縣西螺鎮安定,94.48,住,,,1120118,土地4建物1車位0,全,3,透天厝,住家用,鋼筋混凝土造,,153.08,4,2,4,有,無,8500000,55527,,0.0,0,,RPQNMLTKJHIGFCP09CB,埔心荷雅,A棟3號
虎尾鎮,房地(土地+建物),雲林縣虎尾鎮科虎路與虎興西五街,95.23,住,,,1111222,土地2建物1車位0,全,3,透天厝,住家用,鋼筋混凝土造,,186.39,4,2,3,有,無,13500000,72429,,0.0,0,,RPQNMLTKJHIGFDP56CB,禾楓君悅-高鐵16期,A棟6號
虎尾鎮,房地(土地+建物),雲林縣虎尾鎮科虎路與虎興西五街,129.31,住,,,1111227,土地2建物1車位0,全,4,透天厝,住家用,鋼筋混凝土造,,279.82,5,2,5,有,無,18500000,66114,,0.0,0,,RPRNMLTKJHIGFDP66CB,禾楓君悅-高鐵16期,A棟1號
虎尾鎮,房地(土地+建物),雲林縣虎尾鎮虎興西二路,113.54,住,,,1111229,土地2建物1車位0,全,3,透天厝,住家用,鋼筋混凝土造,,153.95,4,1,3,有,無,10500000,68204,,0.0,0,,RPSNMLTKJHIGFDP76CB,禾楓君悅-高鐵15期,B棟1號
虎尾鎮,房地(土地+建物),雲林縣虎尾鎮清雲六街,112.43,住,,,1120108,土地3建物1車位0,全,3,透天厝,住家用,鋼筋混凝土造,,198.92,4,2,5,有,無,17200000,86467,,0.0,0,,RPTNMLTKJHIGFDP86CB,新越梧桐No.7,B2棟0號
古坑鄉,房地(土地+建物),雲林縣古坑鄉古興路,123.0,住,,,1111228,土地1建物1車位0,全,4,透天厝,住家用,鋼筋混凝土造,,191.02,4,2,5,有,無,9800000,51304,,0.0,0,,RPPNMLTKJHIGFAP98EB,皇家莊園,F棟0號
古坑鄉,房地(土地+建物),雲林縣古坑鄉古興路,150.0,住,,,1120103,土地1建物1車位0,全,4,透天厝,住家用,鋼筋混凝土造,,219.54,5,2,4,有,無,10300000,46916,,0.0,0,,RPQNMLTKJHIGFAP09EB,皇家莊園,A棟0號
古坑鄉,房地(土地+建物),雲林縣古坑鄉古興路,114.0,住,,,1120103,土地1建物1車位0,全,4,透天厝,住家用,鋼筋混凝土造,,188.47,4,2,5,有,無,9330000,49504,,0.0,0,,RPRNMLTKJHIGFAP56EB,皇家莊園,E棟0號
古坑鄉,房地(土地+建物),雲林縣古坑鄉古興路,118.0,住,,,1120116,土地1建物1車位0,全,4,透天厝,住家用,鋼筋混凝土造,,188.47,4,2,5,有,無,9800000,51998,,0.0,0,,RPSNMLTKJHIGFAP66EB,皇家莊園,D棟0號
古坑鄉,房地(土地+建物),雲林縣古坑鄉古興路,115.0,住,,,1120112,土地1建物1車位0,全,4,透天厝,住家用,鋼筋混凝土造,,188.08,4,2,5,有,無,9800000,52105,,0.0,0,,RPTNMLTKJHIGFAP76EB,皇家莊園,C棟0號
古坑鄉,房地(土地+建物),雲林縣古坑鄉古興路,99.0,住,,,1120116,土地1建物1車位0,全,4,透天厝,住家用,鋼筋混凝土造,,188.08,4,2,5,有,無,9350000,49713,,0.0,0,,RPUNMLTKJHIGFAP86EB,皇家莊園,B棟0號
虎尾鎮,房地(土地+建物)+車位,雲林縣虎尾鎮虎興西八路,27.74,住,,,1111226,土地1建物1車位1,八層,14,住宅大樓(11層含以上有電梯),住家用,鋼筋混凝土造,,136.69,2,1,1,有,無,7400000,64758,坡道平面,34.0,750000,,RPPNMLKLJHIGFDP28CB,仰雲安縵,B棟2號
西螺鎮,房地(土地+建物),雲林縣西螺鎮大橋路,104.0,住,,,1120121,土地1建物1車位0,全,3,透天厝,住家用,鋼筋混凝土造,,186.65,5,2,4,有,無,13050000,69917,,0.0,0,,RPPNMLQLJHIGFCP78CB,庭宇邸家,A棟1號
北港鎮,房地(土地+建物),雲林縣北港鎮慶華街,101.42,住,,,1111220,土地2建物1車位0,全,3,透天厝,住家用,鋼筋混凝土造,,186.6,4,2,4,有,無,11830000,63398,,0.0,0,,RPPNMLKMJHIGFEP48CB,富御苑3,B棟9號
北港鎮,房地(土地+建物),雲林縣北港鎮慶華街,100.97,住,,,1111221,土地2建物1車位0,全,3,透天厝,住家用,鋼筋混凝土造,,186.6,4,2,4,有,無,11800000,63237,,0.0,0,,RPQNMLKMJHIGFEP58CB,富御苑3,B棟11號
北港鎮,房地(土地+建物),雲林縣北港鎮華勝路,105.79,,特定農業區,甲種建築用地,1111230,土地2建物1車位0,全,3,透天厝,住家用,鋼筋混凝土造,,191.85,4,2,4,有,無,8600000,44827,,0.0,0,,RPQNMLKMJHIGFEP68DB,彩虹城NO5,A棟2號
古坑鄉,房地(土地+建物),雲林縣古坑鄉新生路,96.19,住,,,1120117,土地2建物1車位0,全,3,透天厝,住家用,鋼筋混凝土造,,149.31,5,2,3,有,無,10080000,67511,,0.0,0,,RPPNMLKMJHIGFAP18DB,祐嘉朝陽II,A棟1號
虎尾鎮,房地(土地+建物),雲林縣虎尾鎮虎興東一街,122.43,住,,,1111221,土地2建物1車位0,全,3,透天厝,住家用,鋼筋混凝土造,,213.46,4,2,4,有,無,18600000,87136,,0.0,0,,RPPNMLLMJHIGFDP48CB,大於,A棟2號
斗六市,房地(土地+建物)+車位,雲林縣斗六市文生路,21.93,,鄉村區,乙種建築用地,1120108,土地1建物1車位1,二層,8,華廈(10層含以下有電梯),住家用,鋼筋混凝土造,,94.13,2,2,1,有,無,4540000,52536,坡道機械,16.85,480000,,RPPNMLLMJHIGFAP18CB,聚星,V6棟2樓棟0號
斗六市,房地(土地+建物)+車位,雲林縣斗六市文生路,21.96,,鄉村區,乙種建築用地,1120117,土地1建物1車位1,八層,8,華廈(10層含以下有電梯),住家用,鋼筋混凝土造,,110.97,2,2,1,有,無,5170000,53960,一樓平面,33.69,1000000,,RPPNMLLJKHIGFAP97CB,聚星,W6棟8樓棟0號
虎尾鎮,房地(土地+建物),雲林縣虎尾鎮永興南一街,118.0,住,,,1111223,土地2建物1車位0,全,3,透天厝,住家用,鋼筋混凝土造,,211.03,4,2,4,有,無,14880000,70511,,0.0,0,,RPPNMLLJKHIGFDP28CB,大於,C棟5號
麥寮鄉,房地(土地+建物),雲林縣麥寮鄉華偉街82號,123.18,,鄉村區,乙種建築用地,1120112,土地1建物1車位0,全,3,透天厝,住家用,鋼筋混凝土造,,168.56,4,2,4,有,無,9700000,57546,,0.0,0,,RPPNMLMJKHIGFFP58CB,華偉之星住宅興建工程,B棟3號
麥寮鄉,房地(土地+建物),雲林縣麥寮鄉後安段741地號等17筆,120.68,,一般農業區,甲種建築用地,1120114,土地3建物1車位0,全,3,透天厝,住家用,鋼筋混凝土造,,161.72,4,2,14,有,無,7200000,44521,,0.0,0,,RPPNMLNJKHIGFFP68CB,後安御境,A棟1號
水林鄉,房地(土地+建物),雲林縣水林鄉勝利街,109.13,住,,,1120117,土地2建物1車位0,全,3,透天厝,住家用,鋼筋混凝土造,,185.06,5,2,3,有,無,9880000,53388,,0.0,0,,RPPNMLNJKHIGFEP58CB,勝利首富,A2棟0號
水林鄉,房地(土地+建物),雲林縣水林鄉勝利街,129.94,住,,,1120112,土地2建物1車位0,全,3,透天厝,住家用,鋼筋混凝土造,,202.96,5,2,3,有,無,11480000,56563,,0.0,0,,RPQNMLNJKHIGFEP68CB,勝利首富,A1棟0號
水林鄉,房地(土地+建物),雲林縣水林鄉勝利街,109.13,住,,,1120104,土地2建物1車位0,全,3,透天厝,住家用,鋼筋混凝土造,,185.06,5,2,3,有,無,9880000,53388,,0.0,0,,RPRNMLNJKHIGFEP78CB,勝利首富,A3棟0號
土庫鎮,房地(土地+建物),雲林縣土庫鎮中興路,99.16,住,,,1120114,土地1建物1車位0,全,3,透天厝,住家用,鋼筋混凝土造,,170.31,4,2,4,有,無,12000000,70460,,0.0,0,,RPPNMLQJKHIGFDP78CB,築夢十六期,A棟1號
土庫鎮,房地(土地+建物),雲林縣土庫鎮中興路,98.91,住,,,1120114,土地1建物1車位0,全,3,透天厝,住家用,鋼筋混凝土造,,170.73,4,2,4,有,無,11300000,66186,,0.0,0,,RPQNMLQJKHIGFDP88CB,築夢十六期,A棟2號
土庫鎮,房地(土地+建物),雲林縣土庫鎮中興路,162.89,住,,,1120115,土地3建物1車位0,全,3,透天厝,住家用,鋼筋混凝土造,,153.3,5,2,4,有,無,10000000,65232,,0.0,0,,RPSNMLQJKHIGFDP09CB,築夢十六期,B棟7號
斗六市,房地(土地+建物)+車位,雲林縣斗六市正義街與正義一街街口,21.46,住,,,1120130,土地1建物1車位1,五層,12,住宅大樓(11層含以上有電梯),住家用,鋼筋混凝土造,,124.63,2,2,2,有,無,9200000,79238,坡道平面,24.93,1300000,,RPPNMLRJKHIGFAP58CB,勝麗進行曲-禧悅區,B棟5號
斗六市,房地(土地+建物)+車位,雲林縣斗六市斗六一路、棒球三街口,25.27,住,,,1120116,土地1建物1車位1,八層,10,華廈(10層含以下有電梯),住家用,鋼筋混凝土造,,121.77,2,1,2,有,無,9780000,85295,一樓平面,22.35,1300000,,RPQNMLRJKHIGFAP68CB,聖德淳風三期,A3號
斗六市,房地(土地+建物),雲林縣斗六市楓湖路,28.78,,鄉村區,乙種建築用地,1120208,土地2建物1車位0,四層,5,華廈(10層含以下有電梯),住家用,鋼筋混凝土造,,81.89,1,1,1,有,無,4900000,59836,,0.0,0,,RPPNMLTJKHIGFAP78CB,薪禮寓,4G號
斗六市,房地(土地+建物),雲林縣斗六市楓湖路,28.78,,鄉村區,乙種建築用地,1120208,土地2建物1車位0,五層,5,華廈(10層含以下有電梯),住家用,鋼筋混凝土造,,81.89,1,1,1,有,無,5050000,61668,,0.0,0,,RPQNMLTJKHIGFAP88CB,薪禮寓,5G號
虎尾鎮,房地(土地+建物)+車位,雲林縣虎尾鎮忠孝路,11.05,商,,,1120116,土地11建物1車位1,六層,15,住宅大樓(11層含以上有電梯),見其他登記事項,鋼筋混凝土造,,111.48,2,2,1,有,無,7880000,86062,坡道平面,32.7,1100000,,RPPNMLTJKHIGFDP09CB,鎧將雲鼎,B棟6F-F號
虎尾鎮,房地(土地+建物),雲林縣虎尾鎮虎興東二路,123.17,住,,,1120207,土地3建物1車位0,全,3,透天厝,住家用,鋼筋混凝土造,,216.17,4,2,5,有,無,15080000,69760,,0.0,0,,RPQNMLTJKHIGFDP56CB,寬庭大學9,A棟27號
虎尾鎮,房地(土地+建物)+車位,雲林縣虎尾鎮永興南九路,24.17,住,,,1120115,土地1建物1車位1,七層,14,住宅大樓(11層含以上有電梯),住家用,鋼筋混凝土造,,126.8,2,1,1,有,無,9030000,74133,坡道平面,19.83,1100000,,RPPNMLKKKHIGFDP28CB,禾楓君悅-農博綻,A棟6號
虎尾鎮,房地(土地+建物),雲林縣虎尾鎮西屯里大屯,154.49,,鄉村區,乙種建築用地,1120116,土地6建物1車位0,全,3,透天厝,住家用,鋼筋混凝土造,,167.13,4,2,4,有,無,8550000,51158,,0.0,0,,RPQNMLKKKHIGFDP38CB,玖墨2期,B棟1號
西螺鎮,房地(土地+建物),雲林縣西螺鎮頂湳段227-4地號,58.0,,鄉村區,乙種建築用地,1120210,土地1建物1車位0,全,3,透天厝,住家用,鋼筋混凝土造,,104.34,3,2,3,有,無,8000000,76672,,0.0,0,,RPPNMLKKKHIGFCP18CB,翔富璟馥,A棟1號
斗六市,房地(土地+建物),雲林縣斗六市楓湖路,33.53,,鄉村區,乙種建築用地,1120207,土地2建物1車位0,五層,5,華廈(10層含以下有電梯),住家用,鋼筋混凝土造,,95.37,1,2,1,有,無,5890000,61759,,0.0,0,,RPQNMLKKKHIGFAP08CB,薪禮寓,5D號
斗六市,房地(土地+建物),雲林縣斗六市上海西路,23.59,住,,,1120114,土地1建物1車位0,三層,4,華廈(10層含以下有電梯),住家用,鋼筋混凝土造,,59.87,2,1,1,有,無,5160000,86187,,0.0,0,,RPRNMLKKKHIGFAP18CB,成林謙沐苑,3A號
斗六市,房地(土地+建物),雲林縣斗六市楓湖路,34.3,,鄉村區,乙種建築用地,1120205,土地2建物1車位0,五層,5,華廈(10層含以下有電梯),住家用,鋼筋混凝土造,,97.6,2,2,1,有,無,6020000,61680,,0.0,0,,RPPNMLOKKHIGFAP38CB,薪禮寓,5E號
斗六市,房地(土地+建物),雲林縣斗六市楓湖路,42.75,,鄉村區,乙種建築用地,1120205,土地2建物1車位0,五層,5,華廈(10層含以下有電梯),住家用,鋼筋混凝土造,,121.64,3,2,2,有,無,7510000,61740,,0.0,0,,RPQNMLOKKHIGFAP48CB,薪禮寓,5F號
斗六市,房地(土地+建物)+車位,雲林縣斗六市正義街與正義一街街口,23.72,住,,,1120206,土地1建物1車位1,三層,12,住宅大樓(11層含以上有電梯),住家用,鋼筋混凝土造,,134.49,3,2,2,有,無,9600000,74845,坡道平面,24.93,1400000,,RPPNMLPKKHIGFAP48CB,勝麗進行曲-禧悅區,B棟2號
斗六市,房地(土地+建物)+車位,雲林縣斗六市斗六六路與斗六五路交叉口,20.0,住,,,1120206,土地1建物1車位1,八層,9,華廈(10層含以下有電梯),住家用,鋼筋混凝土造,,102.68,2,2,1,有,無,8170000,86641,坡道平面,22.81,1250000,,RPPNMLPKKHIGFAP58DB,青森綠川,G8號
斗六市,房地(土地+建物)+車位,雲林縣斗六市斗六六路與斗六五路交叉口,20.0,住,,,1120206,土地1建物1車位1,八層,9,華廈(10層含以下有電梯),住家用,鋼筋混凝土造,,102.68,2,2,1,有,無,8230000,86766,坡道平面,22.81,1300000,,RPQNMLPKKHIGFAP68DB,青森綠川,H8號
虎尾鎮,房地(土地+建物)+車位,雲林縣虎尾鎮忠孝路,10.97,商,,,1120209,土地11建物1車位1,十一層,15,住宅大樓(11層含以上有電梯),見其他登記事項,鋼筋混凝土造,,110.89,2,2,1,有,無,8370000,91700,坡道平面,32.7,1200000,,RPPNMLQKKHIGFDP88CB,鎧將雲鼎,A棟11F-E號
虎尾鎮,房地(土地+建物)+車位,雲林縣虎尾鎮建成路,43.83,住,,,1120209,土地1建物1車位2,九層,14,住宅大樓(11層含以上有電梯),住家用,鋼筋混凝土造,,235.44,3,2,2,有,無,18670000,84721,坡道平面,46.94,2700000,,RPQNMLQKKHIGFDP98CB,宇荃．白金,A棟5號
虎尾鎮,房地(土地+建物)+車位,雲林縣虎尾鎮建成路,43.83,住,,,1120210,土地1建物1車位1,五層,14,住宅大樓(11層含以上有電梯),住家用,鋼筋混凝土造,,211.97,3,2,2,有,無,16710000,82016,坡道平面,23.47,1250000,,RPSNMLQKKHIGFDP56CB,宇荃．白金,A棟5號
虎尾鎮,房地(土地+建物)+車位,雲林縣虎尾鎮高南段60地號,31.43,住,,,1120130,土地1建物1車位1,六層,10,華廈(10層含以下有電梯),住家用,鋼筋混凝土造,,134.83,3,2,2,有,無,8800000,71970,坡道平面,29.23,1200000,,RPSNMLSKKHIGFDP76CB,沐晴3期,705號
斗六市,房地(土地+建物)+車位,雲林縣斗六市中正路,15.12,商,,,1120208,土地1建物1車位1,九層,15,住宅大樓(11層含以上有電梯),住家用,鋼筋混凝土造,,154.01,3,1,2,有,無,12490000,95085,坡道平面,35.8,1250000,,RPPNMLSKKHIGFAP78CB,品風華,9E棟5號
斗六市,房地(土地+建物)+車位,雲林縣斗六市文化路,105.4,,一般農業區,甲種建築用地,1120203,土地2建物1車位1,全,3,透天厝,住家用,鋼筋混凝土造,,160.96,4,2,4,有,無,11100000,68961,一樓平面,0.0,0,,RPPNMLTKKHIGFAP98DB,斗六新墅,D2號
虎尾鎮,房地(土地+建物),雲林縣虎尾鎮虎興東二路,201.41,住,,,1120118,土地3建物1車位0,全,4,透天厝,住家用,鋼筋混凝土造,,282.6,4,2,5,有,無,21280000,75301,,0.0,0,,RPPNMLKLKHIGFDP38CB,寬庭大學9,A棟38號
虎尾鎮,房地(土地+建物),雲林縣虎尾鎮虎興西八路,98.54,住,,,1120104,土地1建物1車位0,全,3,透天厝,住家用,鋼筋混凝土造,,199.93,5,2,4,有,無,14800000,74026,,0.0,0,,RPPNMLLLKHIGFDP48CB,禾楓君悅-高鐵12期,A棟3號
西螺鎮,房地(土地+建物),雲林縣西螺鎮東南路,102.31,住,,,1120209,土地1建物1車位0,全,3,透天厝,住家用,鋼筋混凝土造,,185.7,5,2,4,有,無,11500000,61928,,0.0,0,,RPXNMLOLKHIGFCP86CB,鼎富三期,X51棟0號
斗南鎮,房地(土地+建物),雲林縣斗南鎮西昌路,115.0,住,,,1120208,土地1建物1車位0,全,4,透天厝,住家用,鋼筋混凝土造,,249.22,5,2,5,有,無,16770000,67290,,0.0,0,,RPQNMLOLKHIGFBP78DB,東明唯美,1棟A3號
斗南鎮,房地(土地+建物),雲林縣斗南鎮西昌路,116.0,住,,,1120205,土地1建物1車位0,全,4,透天厝,住家用,鋼筋混凝土造,,249.22,5,2,5,有,無,16800000,67410,,0.0,0,,RPPNMLLJLHIGFBP28DB,東明唯美,1棟A9號
麥寮鄉,房地(土地+建物),雲林縣麥寮鄉興華村興化路門牌尚未申請,123.08,,鄉村區,乙種建築用地,1120209,土地3建物1車位0,全,3,透天厝,住家用,鋼筋混凝土造,,180.45,5,2,4,有,無,10000000,55417,,0.0,0,,RPSNMLLJLHIGFFP88CB,明成國泰,B棟1號
北港鎮,房地(土地+建物),雲林縣北港鎮新學二街,136.75,住,,,1120207,土地1建物1車位0,全,3,透天厝,住家用,鋼筋混凝土造,,202.65,4,2,4,有,無,13280000,65532,,0.0,0,,RPPNMLLJLHIGFEP48CB,老莊,B棟17號
虎尾鎮,房地(土地+建物),雲林縣虎尾鎮永興南二街,22.69,住,,,1120204,土地1建物1車位0,二層,11,住宅大樓(11層含以上有電梯),住家用,鋼筋混凝土造,,95.38,2,1,1,有,無,4460000,46760,,0.0,0,,RPQNMLMJLHIGFDP58CB,禾楓君悅-菁英會館二期,B棟1號
西螺鎮,房地(土地+建物),雲林縣西螺鎮振興里,215.91,住,,,1120205,土地6建物1車位0,全,4,透天厝,住家用,鋼筋混凝土造,,277.07,5,2,5,有,無,19500000,70379,,0.0,0,,RPRNMLQJLHIGFCP56EB,大砌,C棟1號
水林鄉,房地(土地+建物),雲林縣水林鄉勝利街,109.13,住,,,1120208,土地2建物1車位0,全,3,透天厝,住家用,鋼筋混凝土造,,185.84,5,2,3,有,無,9680000,52088,,0.0,0,,RPPNMLRJLHIGFEP09CB,勝利首富,A8棟0號
土庫鎮,房地(土地+建物),雲林縣土庫鎮信義街,128.42,,鄉村區,乙種建築用地,1120102,土地2建物1車位0,全,3,透天厝,住家用,見其他登記事項,,178.26,5,1,4,有,無,9500000,53293,,0.0,0,,RPPNMLKKLHIGFDP48DB,信義富築,A棟1號
