﻿編號,土地位置,土地移轉面積(平方公尺),使用分區或編定,權利人持分分母,權利人持分分子,移轉情形,地號
The serial number, land position,land shifting area square meter,the use zoning or compiles and checks,,,,land parcel
RPQNMLRKJIHGFDQ09CB,麻寮段,96.90,都市：住,1,1,全筆移轉,08370011
RPQNMLRKJIHGFDQ09CB,麻寮段,21.67,都市：住,29,1,持分移轉,08370000
RPPNMLPLJIHGFDQ88CB,中庄仔段,99.54,都市：住,1,1,全筆移轉,00730009
RPQNMLRKJIHGFDQ09CB,麻寮段,.50,都市：住,29,1,持分移轉,07200013
RPQNMLRKJIHGFDQ09CB,麻寮段,.55,都市：住,29,1,持分移轉,07200016
RPQNMLRKJIHGFDQ09CB,麻寮段,.08,都市：住,29,1,持分移轉,07200017
RPQNMLMLJIHGFDQ68CB,中庄仔段,99.54,都市：住,1,1,全筆移轉,00730006
RPXNMLTLJIHGFCQ37CB,民文段,34.78,都市：住,100000,1116,持分移轉,11650000
RPTNMLTLJIHGFCQ96CB,福樂段,19.46,都市：商,100000,1070,持分移轉,01420000
RPPOMLTLJIHGFCQ66CB,民文段,30.38,都市：住,100000,975,持分移轉,11650000
RPWNMLTLJIHGFCQ27CB,民文段,34.78,都市：住,100000,1116,持分移轉,11650000
RPVNMLTLJIHGFCQ17CB,福樂段,18.92,都市：商,100000,1040,持分移轉,01420000
RPOOMLTLJIHGFCQ56CB,民文段,30.38,都市：住,100000,975,持分移轉,11650000
RPUNMLTLJIHGFCQ07CB,福樂段,15.37,都市：商,100000,845,持分移轉,01420000
RPQOMLTLJIHGFCQ76CB,民文段,40.60,都市：住,100000,1303,持分移轉,11650000
RPROMLTLJIHGFCQ86CB,民文段,40.60,都市：住,100000,1303,持分移轉,11650000
RPSOMLTLJIHGFCQ96CB,民文段,30.07,都市：住,100000,965,持分移轉,11650000
RPQNMLPJKIHGFDQ88CB,過溝段過溝小段,89.00,都市：住,1,1,全筆移轉,11420017
RPQNMLPJKIHGFDQ88CB,過溝段過溝小段,35.30,都市：其他:道路,27,1,持分移轉,11420000
RPPNMLKMJIHGFBQ28CB,永和段,.01,都市：住,100000,1,持分移轉,00510000
RPPNMLKMJIHGFBQ28CB,永和段,6.31,都市：住,100000,4709,持分移轉,00510022
RPPNMLKMJIHGFBQ28CB,永和段,6.17,都市：住,100000,4709,持分移轉,00510026
RPPNMLKMJIHGFBQ28CB,永和段,5.04,都市：住,100000,4709,持分移轉,00510028
RPPNMLKMJIHGFBQ28CB,永和段,94.00,都市：住,1,1,全筆移轉,00510020
RPQNMLKMJIHGFBQ38CB,永和段,17.78,都市：住,100000,2346,持分移轉,00510000
RPTOMLTLJIHGFCQ07CB,民文段,30.07,都市：住,100000,965,持分移轉,11650000
RPQNMLKMJIHGFBQ38CB,永和段,1.85,都市：住,100000,1384,持分移轉,00510022
RPQNMLKMJIHGFBQ38CB,永和段,1.81,都市：住,100000,1384,持分移轉,00510026
RPQNMLKMJIHGFBQ38CB,永和段,1.48,都市：住,100000,1384,持分移轉,00510028
RPUNMLLJKIHGFDQ88CB,太頂珠段,29.53,都市：住,100000,180,持分移轉,00700000
RPRNMLMJKIHGFDQ68CB,過溝段過溝小段,100.00,都市：住,1,1,全筆移轉,11420007
RPRNMLMJKIHGFDQ68CB,過溝段過溝小段,35.30,都市：其他:道路,27,1,持分移轉,11420000
RPTNMLLJKIHGFDQ78CB,太頂珠段,26.74,都市：住,100000,163,持分移轉,00700000
RPSNMLLJKIHGFDQ68CB,太頂珠段,30.52,都市：住,100000,186,持分移轉,00700000
RPRNMLPJKIHGFDQ98CB,過溝段過溝小段,93.00,都市：住,1,1,全筆移轉,11420032
RPRNMLPJKIHGFDQ98CB,過溝段過溝小段,35.50,都市：其他:道路,6,1,持分移轉,11420006
RPPNMLPJKIHGFBQ68DB,港尾寮新段,77.36,非都市：鄉村區 ; 非都市編定：乙種建築用地,1,1,全筆移轉,01180021
RPPNMLPJKIHGFBQ68DB,港尾寮新段,30.59,非都市：鄉村區 ; 非都市編定：乙種建築用地,26,1,持分移轉,01180026
RPPNMLPJKIHGFBQ68DB,港尾寮新段,.49,非都市：鄉村區 ; 非都市編定：乙種建築用地,26,1,持分移轉,01180027
RPPNMLTJKIHGFBQ98CB,鎮安段,47.02,都市：住,100000,6154,持分移轉,12840006
RPPNMLMKKIHGFCQ48CB,福樂段,18.92,都市：商,100000,1040,持分移轉,01420000
RPPNMLQJKIHGFCQ78CB,大崎腳段大崎腳小段,84.00,都市：農,1,1,全筆移轉,00310099
RPPNMLQJKIHGFCQ78CB,大崎腳段大崎腳小段,28.00,都市：農,1,1,全筆移轉,00310104
RPQNMLMKKIHGFCQ58CB,福樂段,14.97,都市：商,100000,823,持分移轉,01420000
RPQNMLNKKIHGFDQ78CB,中庄仔段,97.59,都市：住,1,1,全筆移轉,00730019
RPPNMLNKKIHGFDQ68CB,過溝段過溝小段,87.00,都市：住,1,1,全筆移轉,11420004
RPPNMLNKKIHGFDQ68CB,過溝段過溝小段,35.50,都市：其他:道路,6,1,持分移轉,11420006
RPRNMLNKKIHGFDQ88CB,中庄仔段,119.01,都市：住,1,1,全筆移轉,00730000
RPPNMLPKKIHGFDQ88CB,太頂珠段,24.45,都市：住,100000,149,持分移轉,00700000
RPPNMLMKKIHGFDQ68DB,田尾段田尾小段,136.00,非都市：特定農業區 ; 非都市編定：甲種建築用地,1,1,全筆移轉,04760009
RPPNMLMKKIHGFDQ68DB,田尾段田尾小段,25.31,非都市：特定農業區 ; 非都市編定：甲種建築用地,16,1,持分移轉,04760000
RPRNMLPKKIHGFDQ09CB,太頂珠段,29.70,都市：住,100000,181,持分移轉,00700000
RPQNMLPKKIHGFDQ98CB,太頂珠段,33.96,都市：住,100000,207,持分移轉,00700000
RPSNMLPKKIHGFDQ56CB,太頂珠段,32.32,都市：住,100000,197,持分移轉,00700000
RPPNMLRKKIHGFDQ09CB,麻寮段,83.43,都市：住,1,1,全筆移轉,07200006
RPPNMLRKKIHGFDQ09CB,麻寮段,21.67,都市：住,29,1,持分移轉,08370000
RPPNMLRKKIHGFDQ09CB,麻寮段,.50,都市：住,29,1,持分移轉,07200013
RPPNMLRKKIHGFDQ09CB,麻寮段,.55,都市：住,29,1,持分移轉,07200016
RPPNMLRKKIHGFDQ09CB,麻寮段,.08,都市：住,29,1,持分移轉,07200017
RPPNMLKLKIHGFCQ38CB,永福段,16.93,都市：住,100000,4048,持分移轉,02080000
RPPNMLKLKIHGFCQ38CB,永福段,8.36,都市：住,100000,2563,持分移轉,02080010
RPPNMLTKKIHGFCQ56CB,大崎腳段大崎腳小段,19.00,都市：農,1,1,全筆移轉,00310000
RPPNMLTKKIHGFCQ56CB,大崎腳段大崎腳小段,85.00,都市：農,1,1,全筆移轉,00310092
RPPNMLLLKIHGFEQ78DB,梅南段,115.00,都市：住,1,1,全筆移轉,10310025
RPPNMLLLKIHGFEQ78DB,梅南段,7.00,都市：住,368,7,持分移轉,10310008
RPTNMLPKKIHGFDQ66CB,太頂珠段,24.45,都市：住,100000,149,持分移轉,00700000
RPQNMLMLKIHGFDQ78CB,新舊埤段,88.57,非都市：鄉村區 ; 非都市編定：乙種建築用地,1,1,全筆移轉,10770013
RPPNMLLLKIHGFCQ48CB,板頭段,92.43,非都市：鄉村區 ; 非都市編定：乙種建築用地,1,1,全筆移轉,03980002
RPPNMLLLKIHGFCQ48CB,板頭段,23.57,非都市：鄉村區 ; 非都市編定：乙種建築用地,5,1,持分移轉,03980006
RPQNMLNLKIHGFDQ88CB,太頂珠段,24.45,都市：住,100000,149,持分移轉,00700000
RPRNMLNLKIHGFDQ98CB,太頂珠段,30.52,都市：住,100000,186,持分移轉,00700000
RPSNMLNLKIHGFDQ09CB,太頂珠段,32.65,都市：住,100000,199,持分移轉,00700000
RPTNMLNLKIHGFDQ56CB,太頂珠段,24.45,都市：住,100000,149,持分移轉,00700000
RPPNMLNLKIHGFDQ78CB,太頂珠段,26.74,都市：住,100000,163,持分移轉,00700000
RPQNMLNLKIHGFBQ68CB,永和段,17.78,都市：住,100000,2346,持分移轉,00510000
RPQNMLNLKIHGFBQ68CB,永和段,1.85,都市：住,100000,1384,持分移轉,00510022
RPQNMLNLKIHGFBQ68CB,永和段,1.81,都市：住,100000,1384,持分移轉,00510026
RPQNMLNLKIHGFBQ68CB,永和段,1.48,都市：住,100000,1384,持分移轉,00510028
RPPNMLQLKIHGFCQ98CB,牛斗山段,53.00,非都市：一般農業區 ; 非都市編定：甲種建築用地,1,1,全筆移轉,03050038
RPPNMLQLKIHGFCQ98CB,牛斗山段,2.00,非都市：一般農業區 ; 非都市編定：甲種建築用地,1,1,全筆移轉,03050067
RPPNMLQLKIHGFCQ98CB,三間厝段,41.00,非都市：一般農業區 ; 非都市編定：甲種建築用地,1,1,全筆移轉,00860044
RPUNMLNLKIHGFDQ66CB,中庄仔段,105.78,都市：住,1,1,全筆移轉,00290009
RPPNMLNLKIHGFBQ58CB,永和段,17.78,都市：住,100000,2346,持分移轉,00510000
RPPNMLNLKIHGFBQ58CB,永和段,1.85,都市：住,100000,1384,持分移轉,00510022
RPPNMLNLKIHGFBQ58CB,永和段,1.81,都市：住,100000,1384,持分移轉,00510026
RPPNMLNLKIHGFBQ58CB,永和段,1.48,都市：住,100000,1384,持分移轉,00510028
RPPNMLRLKIHGFCQ56DB,新興段新興小段,101.80,都市：住,1,1,全筆移轉,00030074
RPQNMLRLKIHGFCQ66DB,新興段新興小段,93.98,都市：住,1,1,全筆移轉,00030076
RPQNMLRLKIHGFCQ66DB,新興段新興小段,28.00,都市：住,11,1,持分移轉,00030070
RPUNMLRLKIHGFCQ07DB,大工一段,55.77,非都市：工業區 ; 非都市編定：丁種建築用地,166631,5577,持分移轉,01770000
RPSNMLRLKIHGFCQ86DB,新三角段,102.59,非都市：鄉村區 ; 非都市編定：乙種建築用地,1,1,全筆移轉,08220000
RPSNMLRLKIHGFCQ86DB,新三角段,21.17,非都市：鄉村區 ; 非都市編定：乙種建築用地,32,1,持分移轉,08190000
RPPNMLTLKIHGFDQ76CB,中庄仔段,127.40,都市：住,1,1,全筆移轉,00290007
RPQNMLTLKIHGFDQ86CB,北興段,108.00,都市：住,1,1,全筆移轉,04910045
RPQNMLTLKIHGFDQ86CB,北興段,14.01,都市：住,1135,14,持分移轉,04910000
RPQNMLTLKIHGFDQ86CB,北興段,.23,都市：住,39,1,持分移轉,04910014
RPQNMLTLKIHGFDQ86CB,北興段,.23,都市：住,39,1,持分移轉,04910015
RPQNMLTLKIHGFDQ86CB,北興段,.54,都市：住,39,1,持分移轉,04910016
RPQNMLTLKIHGFDQ86CB,北興段,.38,都市：住,39,1,持分移轉,04910017
RPQNMLTLKIHGFDQ86CB,北興段,.14,都市：住,39,1,持分移轉,04910018
RPQNMLTLKIHGFDQ86CB,北興段,.50,都市：住,39,1,持分移轉,04910019
RPPNMLKMKIHGFCQ48CB,福樂段,15.37,都市：商,100000,845,持分移轉,01420000
RPPNMLTLKIHGFCQ66CB,下埤頭段下埤頭小段,26.69,都市：住,562000,26689,持分移轉,03700005
RPRNMLKMKIHGFCQ68CB,福樂段,19.46,都市：商,100000,1070,持分移轉,01420000
RPPNMLSLKIHGFDQ66CB,太頂珠段,22.97,都市：住,100000,140,持分移轉,00700000
RPQNMLKMKIHGFCQ58CB,福樂段,14.97,都市：商,100000,823,持分移轉,01420000
RPPNMLNJJHIGFDQ48CB,過溝段過溝小段,109.00,都市：住,1,1,全筆移轉,11420009
RPPNMLNJJHIGFDQ48CB,過溝段過溝小段,35.30,都市：其他:道路,27,1,持分移轉,11420000
RPQNMLNJJHIGFDQ58CB,過溝段過溝小段,90.00,都市：住,1,1,全筆移轉,11420015
RPQNMLNJJHIGFDQ58CB,過溝段過溝小段,35.30,都市：其他:道路,27,1,持分移轉,11420000
RPPNMLNJJHIGFBQ38DB,牛埔段,116.41,都市：住,1,1,全筆移轉,08590000
RPPNMLNJJHIGFCQ48DB,潭底段潭底小段,28.71,都市：住,100000,758,持分移轉,00610000
RPPNMLNJJHIGFBQ28CB,永和段,26.81,都市：住,100000,3537,持分移轉,00510000
RPPNMLNJJHIGFBQ28CB,永和段,2.80,都市：住,100000,2087,持分移轉,00510022
RPPNMLNJJHIGFBQ28CB,永和段,2.73,都市：住,100000,2087,持分移轉,00510026
RPPNMLNJJHIGFBQ28CB,永和段,2.23,都市：住,100000,2087,持分移轉,00510028
RPRNMLNJJHIGFCQ68DB,潭底段潭底小段,26.48,都市：住,100000,699,持分移轉,00610000
RPPNMLRJJHIGFCQ78CB,五穀王段,22.25,都市：住,1,1,全筆移轉,03650003
RPPNMLRJJHIGFCQ78CB,五穀王段,89.16,都市：住,1,1,全筆移轉,03650004
RPQNMLQJJHIGFBQ78DB,溪口段,140.13,非都市：鄉村區 ; 非都市編定：乙種建築用地,1,1,全筆移轉,02260025
RPQNMLQJJHIGFBQ78DB,溪口段,27.08,非都市：鄉村區 ; 非都市編定：乙種建築用地,24,1,持分移轉,02260000
RPQNMLQJJHIGFBQ78DB,溪口段,2.04,非都市：鄉村區 ; 非都市編定：交通用地,180000,541,持分移轉,02120000
RPQNMLQJJHIGFBQ78DB,溪口段,1.31,非都市：鄉村區 ; 非都市編定：交通用地,14400,101,持分移轉,02230000
RPPNMLOJJHIGFDQ68DB,安家厝段,121.12,非都市：特定農業區 ; 非都市編定：甲種建築用地,1,1,全筆移轉,16020018
RPPNMLQJJHIGFBQ68DB,溪口段,97.47,非都市：鄉村區 ; 非都市編定：乙種建築用地,1,1,全筆移轉,02260015
RPPNMLQJJHIGFBQ68DB,溪口段,27.08,非都市：鄉村區 ; 非都市編定：乙種建築用地,24,1,持分移轉,02260000
RPPNMLQJJHIGFBQ68DB,溪口段,2.04,非都市：鄉村區 ; 非都市編定：交通用地,180000,541,持分移轉,02120000
RPPNMLQJJHIGFBQ68DB,溪口段,1.31,非都市：鄉村區 ; 非都市編定：交通用地,14400,101,持分移轉,02230000
RPQNMLLKJHIGFDQ48CB,新舊埤段,106.28,非都市：鄉村區 ; 非都市編定：乙種建築用地,1,1,全筆移轉,10770018
RPPNMLKKJHIGFCQ28DB,平林段,3.00,都市：農,1,1,全筆移轉,08860015
RPPNMLKKJHIGFCQ28DB,平林段,20.00,都市：農,1,1,全筆移轉,08860076
RPPNMLKKJHIGFCQ28DB,平林段,92.00,都市：農,1,1,全筆移轉,08860077
RPPNMLKKJHIGFCQ28DB,平林段,2.00,都市：農,1,1,全筆移轉,08860078
RPPNMLKKJHIGFCQ28DB,平林段,14.00,都市：農,1,1,全筆移轉,08860079
RPPNMLKKJHIGFCQ28DB,平林段,12.00,都市：農,1,1,全筆移轉,08860080
RPPNMLKKJHIGFCQ28DB,平林段,40.00,都市：農,1,1,全筆移轉,08860084
RPPNMLKKJHIGFCQ28DB,平林段,.42,都市：農,48,1,持分移轉,08850012
RPPNMLKKJHIGFCQ28DB,平林段,8.15,都市：農,48,1,持分移轉,08860059
RPPNMLNKJHIGFCQ58DB,新三角段,102.61,非都市：鄉村區 ; 非都市編定：乙種建築用地,1,1,全筆移轉,08240000
RPPNMLNKJHIGFCQ58DB,新三角段,21.17,非都市：鄉村區 ; 非都市編定：乙種建築用地,32,1,持分移轉,08190000
RPPNMLNKJHIGFBQ48DB,港尾寮新段,75.78,非都市：鄉村區 ; 非都市編定：乙種建築用地,1,1,全筆移轉,01180009
RPPNMLNKJHIGFBQ48DB,港尾寮新段,30.59,非都市：鄉村區 ; 非都市編定：乙種建築用地,26,1,持分移轉,01180026
RPPNMLNKJHIGFBQ48DB,港尾寮新段,.49,非都市：鄉村區 ; 非都市編定：乙種建築用地,26,1,持分移轉,01180027
RPQNMLNKJHIGFCQ68DB,新三角段,102.61,非都市：鄉村區 ; 非都市編定：乙種建築用地,1,1,全筆移轉,08320000
RPQNMLNKJHIGFCQ68DB,新三角段,21.17,非都市：鄉村區 ; 非都市編定：乙種建築用地,32,1,持分移轉,08190000
RPRNMLLKJHIGFDQ58CB,新舊埤段,101.70,非都市：鄉村區 ; 非都市編定：乙種建築用地,1,1,全筆移轉,10770009
RPPNMLMKJHIGFDQ48CB,後庄段,70.13,非都市：鄉村區 ; 非都市編定：乙種建築用地,1,1,全筆移轉,01510001
RPPNMLMKJHIGFDQ48CB,後庄段,4.46,非都市：鄉村區 ; 非都市編定：乙種建築用地,8,1,持分移轉,01510008
RPPNMLMKJHIGFDQ48CB,後庄段,1.13,非都市：鄉村區 ; 非都市編定：乙種建築用地,8,1,持分移轉,01510010
RPPNMLMKJHIGFDQ48CB,後庄段,.36,非都市：鄉村區 ; 非都市編定：乙種建築用地,8,1,持分移轉,01510011
RPQNMLNKJHIGFBQ58DB,港尾寮新段,89.19,非都市：鄉村區 ; 非都市編定：乙種建築用地,1,1,全筆移轉,01180017
RPQNMLNKJHIGFBQ58DB,港尾寮新段,30.59,非都市：鄉村區 ; 非都市編定：乙種建築用地,26,1,持分移轉,01180026
RPQNMLNKJHIGFBQ58DB,港尾寮新段,.49,,26,1,持分移轉,01180027
RPRNMLNKJHIGFBQ68DB,港尾寮新段,140.19,非都市：鄉村區 ; 非都市編定：乙種建築用地,1,1,全筆移轉,01180020
RPRNMLNKJHIGFBQ68DB,港尾寮新段,30.59,非都市：鄉村區 ; 非都市編定：乙種建築用地,26,1,持分移轉,01180026
RPRNMLNKJHIGFBQ68DB,港尾寮新段,.49,,26,1,持分移轉,01180027
RPSNMLNKJHIGFBQ78DB,港尾寮新段,91.77,非都市：鄉村區 ; 非都市編定：乙種建築用地,1,1,全筆移轉,01180002
RPSNMLNKJHIGFBQ78DB,港尾寮新段,30.59,非都市：鄉村區 ; 非都市編定：乙種建築用地,26,1,持分移轉,01180026
RPSNMLNKJHIGFBQ78DB,港尾寮新段,.49,,26,1,持分移轉,01180027
RPPNMLRKJHIGFCQ98DB,葉子寮段,174.00,非都市：鄉村區 ; 非都市編定：乙種建築用地,1,1,全筆移轉,00460027
RPTNMLNKJHIGFBQ88DB,港尾寮新段,96.05,非都市：鄉村區 ; 非都市編定：乙種建築用地,1,1,全筆移轉,01180003
RPTNMLNKJHIGFBQ88DB,港尾寮新段,30.59,非都市：鄉村區 ; 非都市編定：乙種建築用地,26,1,持分移轉,01180026
RPTNMLNKJHIGFBQ88DB,港尾寮新段,.49,非都市：鄉村區 ; 非都市編定：乙種建築用地,26,1,持分移轉,01180027
RPPNMLRKJHIGFDQ98CB,中庄仔段,99.57,都市：住,1,1,全筆移轉,00730004
RPPNMLSKJHIGFCQ98CB,福樂段,14.97,都市：商,100000,823,持分移轉,01420000
RPRNMLRKJHIGFCQ09CB,五穀王段,21.75,都市：住,1,1,全筆移轉,03650009
RPRNMLRKJHIGFCQ09CB,五穀王段,86.63,都市：住,1,1,全筆移轉,03650010
RPPNMLRKJHIGFEQ56DB,梅南段,120.00,都市：住,1,1,全筆移轉,10310019
RPPNMLRKJHIGFEQ56DB,梅南段,32.00,都市：住,23,2,持分移轉,10310008
RPPNMLRKJHIGFEQ56DB,梅南段,1.60,都市：住,10,1,持分移轉,10310038
RPPNMLRKJHIGFCQ88CB,葉子寮段,152.00,非都市：鄉村區 ; 非都市編定：乙種建築用地,1,1,全筆移轉,00390012
RPPNMLTKJHIGFCQ09CB,葉子寮段,172.00,非都市：鄉村區 ; 非都市編定：乙種建築用地,1,1,全筆移轉,00390016
RPQNMLTKJHIGFBQ09CB,湖底段湖底小段,74.00,非都市：鄉村區 ; 非都市編定：乙種建築用地,1,1,全筆移轉,01940017
RPQNMLTKJHIGFCQ56CB,民文段,134.13,都市：住,1,1,全筆移轉,11650002
RPSNMLKMJHIGFDQ78CB,太頂珠段,32.65,都市：住,100000,199,持分移轉,00700000
RPTNMLKMJHIGFDQ88CB,太頂珠段,30.52,都市：住,100000,186,持分移轉,00700000
RPUNMLKMJHIGFDQ98CB,太頂珠段,30.52,都市：住,100000,186,持分移轉,00700000
RPXNMLKMJHIGFDQ66CB,太頂珠段,24.45,都市：住,100000,149,持分移轉,00700000
RPVNMLKMJHIGFDQ09CB,太頂珠段,30.52,都市：住,100000,186,持分移轉,00700000
RPWNMLKMJHIGFDQ56CB,太頂珠段,24.61,都市：住,100000,150,持分移轉,00700000
RPOOMLKMJHIGFDQ48CB,太頂珠段,24.45,都市：住,100000,149,持分移轉,00700000
RPPOMLKMJHIGFDQ58CB,太頂珠段,24.45,都市：住,100000,149,持分移轉,00700000
RPPNMLLJKHIGFDQ38CB,中庄仔段,99.82,都市：住,1,1,全筆移轉,00730003
RPQNMLLJKHIGFBQ28CB,湖底段湖底小段,74.00,非都市：鄉村區 ; 非都市編定：乙種建築用地,1,1,全筆移轉,01940013
RPRNMLLJKHIGFBQ38CB,湖底段湖底小段,75.00,非都市：鄉村區 ; 非都市編定：乙種建築用地,1,1,全筆移轉,01940014
RPRNMLRJKHIGFDQ56CB,太頂珠段,30.52,都市：住,100000,186,持分移轉,00700000
RPPNMLNJKHIGFCQ48CB,五穀王段,21.75,都市：住,1,1,全筆移轉,03650013
RPPNMLNJKHIGFCQ48CB,五穀王段,86.28,都市：住,1,1,全筆移轉,03650014
RPPNMLMJKHIGFBQ28CB,湖底段湖底小段,72.00,非都市：鄉村區 ; 非都市編定：乙種建築用地,1,1,全筆移轉,01940005
RPPNMLMJKHIGFBQ28CB,湖底段湖底小段,20.67,非都市：鄉村區 ; 非都市編定：乙種建築用地,12,1,持分移轉,01940000
RPSNMLRJKHIGFDQ66CB,太頂珠段,30.52,都市：住,100000,186,持分移轉,00700000
RPQNMLNJKHIGFCQ58CB,五穀王段,21.75,都市：住,1,1,全筆移轉,03650011
RPQNMLNJKHIGFCQ58CB,五穀王段,86.45,都市：住,1,1,全筆移轉,03650012
RPTNMLRJKHIGFDQ76CB,太頂珠段,24.61,都市：住,100000,150,持分移轉,00700000
RPVNMLRJKHIGFDQ96CB,中庄仔段,116.57,都市：住,1,1,全筆移轉,00290000
RPPNMLRJKHIGFBQ88DB,港尾寮新段,97.20,非都市：鄉村區 ; 非都市編定：乙種建築用地,1,1,全筆移轉,01180004
RPPNMLRJKHIGFBQ88DB,港尾寮新段,30.80,非都市：鄉村區 ; 非都市編定：乙種建築用地,26,1,持分移轉,01180026
RPPNMLRJKHIGFBQ88DB,港尾寮新段,.46,非都市：鄉村區 ; 非都市編定：乙種建築用地,26,1,持分移轉,01180032
RPQNMLRJKHIGFBQ98DB,港尾寮新段,97.20,非都市：鄉村區 ; 非都市編定：乙種建築用地,1,1,全筆移轉,01180005
RPQNMLRJKHIGFBQ98DB,港尾寮新段,30.80,非都市：鄉村區 ; 非都市編定：乙種建築用地,26,1,持分移轉,01180026
RPQNMLRJKHIGFBQ98DB,港尾寮新段,.46,非都市：鄉村區 ; 非都市編定：乙種建築用地,26,1,持分移轉,01180032
RPPNMLSJKHIGFBQ88CB,湖底段湖底小段,70.00,非都市：鄉村區 ; 非都市編定：乙種建築用地,1,1,全筆移轉,01940006
RPPNMLSJKHIGFBQ88CB,湖底段湖底小段,20.67,非都市：鄉村區 ; 非都市編定：乙種建築用地,12,1,持分移轉,01940000
RPPNMLKKKHIGFBQ18CB,湖底段湖底小段,72.00,非都市：鄉村區 ; 非都市編定：乙種建築用地,1,1,全筆移轉,01940016
RPRNMLRJKHIGFBQ09DB,蘇厝段,34.38,非都市：鄉村區 ; 非都市編定：乙種建築用地,121319,3438,持分移轉,06000023
RPRNMLRJKHIGFBQ09DB,蘇厝段,5.51,非都市：鄉村區 ; 非都市編定：乙種建築用地,38897,551,持分移轉,06000004
RPPNMLOKKHIGFBQ58CB,湖底段湖底小段,70.00,非都市：鄉村區 ; 非都市編定：乙種建築用地,1,1,全筆移轉,01940023
RPPNMLOKKHIGFBQ58CB,湖底段湖底小段,20.67,非都市：鄉村區 ; 非都市編定：乙種建築用地,12,1,持分移轉,01940000
RPPNMLOKKHIGFDQ78CB,太頂珠段,24.45,都市：住,100000,149,持分移轉,00700000
RPPNMLTJKHIGFBQ98CB,湖底段湖底小段,82.00,非都市：鄉村區 ; 非都市編定：乙種建築用地,1,1,全筆移轉,01940019
RPPNMLTJKHIGFBQ98CB,湖底段湖底小段,5.00,非都市：鄉村區 ; 非都市編定：乙種建築用地,1,1,全筆移轉,01940020
RPPNMLTJKHIGFBQ98CB,湖底段湖底小段,9.86,非都市：鄉村區 ; 非都市編定：乙種建築用地,7,1,持分移轉,01940021
RPPNMLTJKHIGFBQ98CB,湖底段湖底小段,2.86,非都市：鄉村區 ; 非都市編定：乙種建築用地,7,1,持分移轉,01940037
RPPNMLTJKHIGFBQ98CB,湖底段湖底小段,2.86,非都市：鄉村區 ; 非都市編定：乙種建築用地,7,1,持分移轉,01940038
RPPNMLTJKHIGFBQ98CB,湖底段湖底小段,3.00,非都市：鄉村區 ; 非都市編定：乙種建築用地,7,1,持分移轉,01940039
RPPNMLTJKHIGFBQ98CB,湖底段湖底小段,3.14,非都市：鄉村區 ; 非都市編定：乙種建築用地,7,1,持分移轉,01940040
RPPNMLTJKHIGFBQ98CB,湖底段湖底小段,3.43,非都市：鄉村區 ; 非都市編定：乙種建築用地,7,1,持分移轉,01940041
RPPNMLTJKHIGFBQ98CB,湖底段湖底小段,4.14,非都市：鄉村區 ; 非都市編定：乙種建築用地,7,1,持分移轉,01940042
RPQNMLQKKHIGFBQ98DB,溪口段,97.78,非都市：鄉村區 ; 非都市編定：乙種建築用地,1,1,全筆移轉,02260001
RPQNMLQKKHIGFBQ98DB,溪口段,27.08,非都市：鄉村區 ; 非都市編定：乙種建築用地,24,1,持分移轉,02260000
RPQNMLQKKHIGFBQ98DB,溪口段,2.04,非都市：鄉村區 ; 非都市編定：交通用地,180000,541,持分移轉,02120000
RPQNMLQKKHIGFBQ98DB,溪口段,1.31,非都市：鄉村區 ; 非都市編定：交通用地,14400,101,持分移轉,02230000
RPPNMLKLKHIGFDQ48CB,中庄仔段,137.64,都市：住,1,1,全筆移轉,01260006
RPPNMLRKKHIGFCQ09DB,新三角段,100.82,非都市：鄉村區 ; 非都市編定：乙種建築用地,1,1,全筆移轉,08460000
RPPNMLRKKHIGFCQ09DB,新三角段,21.02,非都市：鄉村區 ; 非都市編定：乙種建築用地,32,1,持分移轉,08530000
RPQNMLRKKHIGFCQ56DB,新三角段,118.00,非都市：鄉村區 ; 非都市編定：乙種建築用地,1,1,全筆移轉,08350000
RPQNMLRKKHIGFCQ56DB,新三角段,21.17,非都市：鄉村區 ; 非都市編定：乙種建築用地,32,1,持分移轉,08190000
RPPNMLLLKHIGFCQ48CB,葉子寮段,174.00,非都市：鄉村區 ; 非都市編定：乙種建築用地,1,1,全筆移轉,00460028
RPPNMLNLKHIGFCQ68CB,葉子寮段,218.00,非都市：鄉村區 ; 非都市編定：乙種建築用地,1,1,全筆移轉,00460033
RPPNMLMLKHIGFCQ58CB,福樂段,14.97,都市：商,100000,823,持分移轉,01420000
RPQNMLMLKHIGFCQ68CB,福樂段,14.97,都市：商,100000,823,持分移轉,01420000
RPQNMLNLKHIGFCQ78CB,葉子寮段,187.00,非都市：鄉村區 ; 非都市編定：乙種建築用地,1,1,全筆移轉,00460030
RPQNMLNLKHIGFDQ88CB,和睦段,35.56,都市：住,100000,3223,持分移轉,00690000
RPQNMLNLKHIGFDQ88CB,和睦段,.15,都市：住,6930,1,持分移轉,00740000
RPQNMLNLKHIGFDQ88CB,和睦段,.05,都市：住,12931644,331,持分移轉,03180000
RPRNMLNLKHIGFDQ98CB,和睦段,22.83,都市：住,100000,2069,持分移轉,00690000
RPRNMLNLKHIGFDQ98CB,和睦段,.15,都市：住,6930,1,持分移轉,00740000
RPRNMLNLKHIGFDQ98CB,和睦段,.05,都市：住,12931644,331,持分移轉,03180000
RPPNMLLJLHIGFCQ38CB,五穀王段,21.75,都市：住,1,1,全筆移轉,03650015
RPPNMLLJLHIGFCQ38CB,五穀王段,86.11,都市：住,1,1,全筆移轉,03650016
RPWNMLMJLHIGFBQ09CB,大德興段,101.04,非都市：鄉村區 ; 非都市編定：乙種建築用地,1,1,全筆移轉,10450043
RPWNMLMJLHIGFBQ09CB,大德興段,22.40,非都市：鄉村區 ; 非都市編定：乙種建築用地,14,1,持分移轉,10450004
RPOOMLMJLHIGFBQ38CB,大德興段,96.53,非都市：鄉村區 ; 非都市編定：乙種建築用地,1,1,全筆移轉,10450036
RPOOMLMJLHIGFBQ38CB,大德興段,22.40,非都市：鄉村區 ; 非都市編定：乙種建築用地,14,1,持分移轉,10450004
RPOOMLMJLHIGFBQ38CB,大德興段,5.33,非都市：鄉村區 ; 非都市編定：乙種建築用地,1,1,全筆移轉,10450037
RPPNMLOLKHIGFCQ78CB,西安段,67.00,都市：農,1,1,全筆移轉,02060006
RPPNMLOLKHIGFCQ78CB,西安段,45.00,都市：農,1,1,全筆移轉,02070002
RPPNMLOLKHIGFCQ78CB,西安段,2.00,都市：農,1,1,全筆移轉,02070004
RPXNMLMJLHIGFBQ56CB,大德興段,10.21,非都市：鄉村區 ; 非都市編定：乙種建築用地,1,1,全筆移轉,10450048
RPXNMLMJLHIGFBQ56CB,大德興段,125.46,非都市：鄉村區 ; 非都市編定：乙種建築用地,1,1,全筆移轉,10450049
RPXNMLMJLHIGFBQ56CB,大德興段,22.40,非都市：鄉村區 ; 非都市編定：乙種建築用地,14,1,持分移轉,10450004
