﻿鄉鎮市區,交易標的,土地位置建物門牌,土地面積平方公尺,都市土地使用分區,非都市土地使用分區,非都市土地使用編定,租賃年月日,租賃筆棟數,租賃層次,總樓層數,建物型態,主要用途,主要建材,建築完成年月,建物總面積平方公尺,建物現況格局-房,建物現況格局-廳,建物現況格局-衛,建物現況格局-隔間,有無管理組織,有無附傢俱,總額元,單價元平方公尺,車位類別,車位面積平方公尺,車位總額元,備註,編號
The villages and towns urban district,transaction sign,land sector position building sector house number plate,land shifting total area square meter,the use zoning or compiles and checks,the non-metropolis land use district,non-metropolis land use,transaction year month and day,transaction pen number,shifting level,total floor number,building state,main use,main building materials,construction to complete the years,building shifting total area,Building present situation pattern - room,building present situation pattern - hall,building present situation pattern - health,building present situation pattern - compartmented,Whether there is manages the organization,Whether there is attaches the furniture,total price NTD,the unit price (NTD / square meter),the berth category,berth shifting total area square meter,the berth total price NTD,the note,serial number
花蓮市,房地(土地+建物),花蓮縣花蓮市國盛一街１９６之８號五樓,20.72,住,,,1111106,土地1建物1車位0,五層,5,公寓(5樓含以下無電梯),住家用,鋼筋混凝土造,0730625,91.55,3,2,1,有,無,有,12000,131,,0.0,0,,RPSNMLQKJIHGFAU76CC
花蓮市,建物,花蓮縣花蓮市中山路３３５-１號一樓,0.0,商,,,1111107,土地0建物1車位0,一層,3,店面(店鋪),住商用,鋼筋混凝土造,0630104,40.0,0,0,0,無,無,有,18000,450,,0.0,0,,RPTNMLQKJIHGFAU86CC
吉安鄉,建物,花蓮縣吉安鄉中央路三段６１２號三樓,0.0,住,,,1111114,土地0建物0車位0,三層,5,套房(1房1廳1衛),旅館,鋼筋混凝土造,1100224,23.14,1,0,1,有,無,有,8500,367,,0.0,0,302室,RPSOMLQKJIHGFAU86CC
花蓮市,房地(土地+建物),花蓮縣花蓮市國盛四街５１號７樓之７,8.51,住,,,1111113,土地1建物1車位0,七層,8,套房(1房1廳1衛),住家用,鋼筋混凝土造,0830811,46.239999999999995,1,0,1,有,有,有,8000,173,,0.0,0,,RPTOMLQKJIHGFAU96CC
吉安鄉,建物,花蓮縣吉安鄉建國路一段１０３號,11.75,住,,,1111110,土地0建物0車位0,四層,4,套房(1房1廳1衛),住家用,鋼筋混凝土造,0801218,23.14,1,0,1,有,無,有,6000,259,,0.0,0,,RPPNMLRKJIHGFAU56CC
花蓮市,房地(土地+建物),花蓮縣花蓮市中央路４段１３６號,125.0,住,,,1111109,土地1建物1車位0,二層,2,店面(店鋪),住商用,鋼骨造,0890831,154.61,1,2,2,有,無,有,25000,162,,0.0,0,,RPUNMLRKJIHGFAU07CC
花蓮市,房地(土地+建物),花蓮縣花蓮市中山路３３５-１號,64.0,商,,,1111107,土地1建物1車位0,一層,3,店面(店鋪),住商用,鋼筋混凝土造,0630104,40.0,0,0,0,無,無,有,18000,450,,0.0,0,,RPROMLRKJIHGFAU86CC
花蓮市,房地(土地+建物),花蓮縣花蓮市球崙二路２１１號四樓之三,11.53,住,,,1111116,土地1建物1車位0,見其他登記事項,9,華廈(10層含以下有電梯),住家用,鋼筋混凝土造,0860827,63.16,2,1,1,有,有,有,10000,158,,0.0,0,水電瓦斯費、網路費及每月管理費1052元由承租人負擔。,RPQOMLSKJIHGFAU86CC
花蓮市,房地(土地+建物),花蓮縣花蓮市中華路４９８巷１弄４號,21.98,住,,,1111120,土地1建物1車位0,全,4,透天厝,住商用,鋼筋混凝土造,0690806,118.89,3,2,3,有,無,有,12000,101,,0.0,0,,RPSNMLOLJIHGFAU66CC
花蓮市,房地(土地+建物),花蓮縣花蓮市國民七街５１號十樓之三,3.17,商,,,1111031,土地1建物1車位0,十層,12,套房(1房1廳1衛),住家用,鋼筋混凝土造,0831115,33.44,1,0,1,有,有,有,6600,197,,0.0,0,水電瓦斯費、網路費及每月管理費600元由承租人負擔。,RPPOMLOLJIHGFAU09CC
花蓮市,房地(土地+建物),花蓮縣花蓮市國富十一街３２號３樓之２,16.53,住,,,1111112,土地1建物1車位0,三層,5,華廈(10層含以下有電梯),住家用,鋼筋混凝土造,0851005,64.43,2,1,1,有,有,有,10000,155,,0.0,0,,RPSOMLOLJIHGFAU76CC
吉安鄉,建物,花蓮縣吉安鄉中央路三段６１２號二樓,0.0,住,,,1111118,土地0建物0車位0,二層,5,套房(1房1廳1衛),旅館,鋼筋混凝土造,1100224,24.23,1,0,1,有,無,有,8500,351,,0.0,0,,RPVOMLOLJIHGFAU07CC
花蓮市,房地(土地+建物),花蓮縣花蓮市國富十七街１０號二樓之八,22.7,住,,,1111121,土地1建物1車位0,二層,6,華廈(10層含以下有電梯),商業用,鋼筋混凝土造,0810121,105.06,3,1,1,有,有,有,13000,124,,0.0,0,,RPXOMLPLJIHGFAU37CC
新城鄉,建物,花蓮縣新城鄉民族路８３號,0.0,商,,,1111124,土地0建物0車位0,三層,5,套房(1房1廳1衛),住家用,鋼筋混凝土造,1070514,40.06,1,0,1,有,無,有,9800,245,,0.0,0,,RPPPMLPLJIHGFAU66CC
花蓮市,房地(土地+建物),花蓮縣花蓮市商校街２３６號,36.67,住,,,1111031,土地1建物1車位0,全,3,透天厝,住商用,鋼筋混凝土造,0760411,77.51,0,1,1,有,無,無,18000,232,,0.0,0,,RPSNMLTLJIHGFAU17CC
花蓮市,建物,花蓮縣花蓮市中美十三街５６號７樓之５,13.93,住,,,1111129,土地0建物1車位0,七層,7,華廈(10層含以下有電梯),住家用,鋼筋混凝土造,0830202,82.44,2,2,1,有,無,有,10000,121,,0.0,0,,RPSOMLTLJIHGFAU27CC
花蓮市,房地(土地+建物),花蓮縣花蓮市中央路三段６０９號,25.34,住,,,1111103,土地1建物1車位0,一層,7,店面(店鋪),住家用,鋼筋混凝土造,0850215,136.03,1,1,1,有,有,無,18000,132,,0.0,0,,RPTNMLKMJIHGFAU09CC
花蓮市,房地(土地+建物),花蓮縣花蓮市東興路２９１號,72.93,住,,,1111108,土地1建物1車位0,一層,7,店面(店鋪),店舖,鋼筋混凝土造,0890609,184.67000000000002,1,0,1,有,有,有,12000,65,,0.0,0,,RPUNMLKMJIHGFAU56CC
花蓮市,房地(土地+建物),花蓮縣花蓮市新港街１５號,51.0,商,,,1111120,土地2建物1車位0,一層,1,店面(店鋪),住家用,木造,,26.27,0,0,0,無,無,無,8500,324,,0.0,0,,RPQNMLLJKIHGFAU68CC
花蓮市,房地(土地+建物),花蓮縣花蓮市國盛四街５１號四樓十九,8.51,住,,,1111110,土地1建物1車位0,四層,8,華廈(10層含以下有電梯),住家用,鋼筋混凝土造,0830811,51.03,0,0,0,無,有,有,7000,137,,0.0,0,,RPOOMLMJKIHGFAU68CC
花蓮市,房地(土地+建物),花蓮縣花蓮市中順街４５巷１８號,41.0,住,,,1111125,土地1建物1車位0,一層,16,住宅大樓(11層含以上有電梯),商業用,鋼筋混凝土造,0851029,246.66,0,0,0,無,無,有,15000,61,,0.0,0,,RPPOMLPJKIHGFAU09CC
吉安鄉,土地,宜寧段800地號,83.0,住,,,1111201,土地1建物0車位0,,,其他,,,,0.0,1,0,0,有,無,有,12000,145,,0.0,0,,RPVOMLPJKIHGFAU07CC
壽豐鄉,土地,豐山段934地號,59.03,,鄉村區,乙種建築用地,1111120,土地2建物0車位0,,,其他,,,,0.0,0,0,0,有,無,無,9000,152,,0.0,0,,RPRNMLPJKIHGFAU66DC
花蓮市,房地(土地+建物),花蓮縣花蓮市國盛三街６號,142.0,住,,,1111202,土地1建物1車位0,全,4,透天厝,住商用,鋼筋混凝土造,0810305,296.72,3,2,3,有,無,有,20000,67,,0.0,0,,RPUNMLPJKIHGFAU96DC
吉安鄉,房地(土地+建物),花蓮縣吉安鄉吉興一街３７３巷６９號,89.0,住,,,1111204,土地1建物1車位0,全,3,透天厝,住家用,鋼筋混凝土造,0880928,184.24,4,3,2,有,無,有,22000,119,,0.0,0,,RPRNMLQJKIHGFAU66CC
花蓮市,建物,花蓮縣花蓮市建國路二段６４６號,0.0,住,,,1111205,土地0建物0車位0,四層,4,套房(1房1廳1衛),住家用,鋼筋混凝土造,1050711,20.0,1,0,1,有,無,有,6500,325,,0.0,0,,RPPOMLRJKIHGFAU66CC
花蓮市,房地(土地+建物),花蓮縣花蓮市中正路２６４號九樓之一,14.01,住,,,1111205,土地1建物1車位0,九層,13,住宅大樓(11層含以上有電梯),住家用,鋼筋混凝土造,0840321,116.84,3,2,2,有,有,有,13500,116,,0.0,0,水電瓦斯、網路費及每月管理費1750元由承租人負擔。,RPQOMLRJKIHGFAU76CC
新城鄉,房地(土地+建物),花蓮縣新城鄉廣安二街１之７號,84.06,,鄉村區,乙種建築用地,1111114,土地1建物1車位0,全,3,透天厝,住家用,鋼筋混凝土造,1060823,183.88,4,1,4,有,無,有,23000,125,,0.0,0,,RPRNMLSJKIHGFAU86CC
吉安鄉,建物,花蓮縣吉安鄉建國路一段５號,0.0,住,,,1111114,土地0建物0車位0,一層,4,店面(店鋪),住工用,鋼筋混凝土造,0790906,73.2,0,0,0,無,無,無,13000,178,,0.0,0,,RPWNMLTJKIHGFAU47CC
花蓮市,房地(土地+建物)+車位,花蓮縣花蓮市國盛一街１６６號,6.75,商,,,1111117,土地1建物1車位2,一層,7,店面(店鋪),店鋪,鋼筋混凝土造,1100528,55.21,0,0,0,無,無,無,19800,359,升降機械,17.04,0,,RPRNMLNKKIHGFAU09CC
花蓮市,房地(土地+建物),花蓮縣花蓮市富裕十六街４０號五樓之二,17.24,住,,,1111213,土地1建物1車位0,五層,5,華廈(10層含以下有電梯),住家用,鋼筋混凝土造,0831103,58.35,2,1,1,有,無,有,11000,189,,0.0,0,,RPTPMLOKKIHGFAU96CC
花蓮市,房地(土地+建物),花蓮縣花蓮市國盛三街１２巷１號五樓之一,13.95,住,,,1111120,土地1建物1車位0,五層,5,套房(1房1廳1衛),住家用,鋼筋混凝土造,0780603,51.209999999999994,1,1,1,有,無,有,9000,176,,0.0,0,,RPWNMLOKKIHGFAU17DC
花蓮市,建物,花蓮縣花蓮市林森路１１５巷４２之１號,0.0,住,,,1111127,土地0建物0車位0,全,2,透天厝,住家用,鋼筋混凝土加強磚造,0620117,42.42,2,0,1,有,無,有,8000,189,,0.0,0,,RPXNMLOKKIHGFAU27DC
花蓮市,房地(土地+建物),花蓮縣花蓮市建昌路６號三樓,34.78,住,,,1111123,土地1建物1車位0,三層,4,公寓(5樓含以下無電梯),住家用,鋼筋混凝土造,0720910,82.63,2,1,1,有,無,有,12000,145,,0.0,0,,RPQOMLOKKIHGFAU66DC
花蓮市,建物,花蓮縣花蓮市中華路３９５號,9.5,住,,,1111214,土地0建物0車位0,二層,4,套房(1房1廳1衛),住商用,鋼筋混凝土造,0820916,34.39,1,0,1,有,無,有,6000,174,,0.0,0,,RPUNMLPKKIHGFAU96CC
花蓮市,房地(土地+建物)+車位,花蓮縣花蓮市富裕六街１６號三樓之二,13.67,住,,,1111213,土地2建物1車位1,三層,6,華廈(10層含以下有電梯),住家用,鋼筋混凝土造,0840628,61.959999999999994,2,1,1,有,有,有,10500,169,坡道機械,6.1,0,,RPVNMLPKKIHGFAU07CC
花蓮市,房地(土地+建物),花蓮縣花蓮市中正路５２３號,79.5,商,,,1111128,土地2建物1車位0,見其他登記事項,4,店面(店鋪),住商用,鋼筋混凝土造,0690519,281.0,0,0,0,無,無,無,130000,463,,0.0,0,民國112.01.07-114.01.06月租金13萬元整民國114.01.07-117.01.06月租金14萬元整民國117.01.07-120.01.06月租金15萬元整,RPWOMLPKKIHGFAU27CC
壽豐鄉,房地(土地+建物)+車位,花蓮縣壽豐鄉志學新?１７７之３號,52.79,住,,,1111214,土地1建物1車位1,見其他登記事項,5,公寓(5樓含以下無電梯),住家用,鋼筋混凝土造,0880520,152.75,4,2,2,有,有,有,13500,88,一樓平面,13.51,0,水電瓦斯費、網路費及每月管理費800元由承租人負擔。,RPRNMLQKKIHGFAU76CC
花蓮市,房地(土地+建物),花蓮縣花蓮市國盛四街９８號,14.75,住,,,1111119,土地1建物1車位0,二層,7,華廈(10層含以下有電梯),集合住宅、自用儲藏室、店舖,鋼筋混凝土造,0830412,54.98,2,1,1,有,無,有,9000,164,,0.0,0,,RPTNMLQKKIHGFAU07DC
花蓮市,房地(土地+建物),花蓮縣花蓮市水源街７９巷１３號,90.0,住,,,1111212,土地1建物1車位0,全,3,透天厝,住家用,鋼筋混凝土造,0960629,153.6,4,2,4,有,無,有,20000,130,,0.0,0,,RPTOMLTKKIHGFAU47DC
花蓮市,房地(土地+建物),花蓮縣花蓮市建興街１９巷６號,85.0,住,,,1111212,土地1建物1車位0,全,2,透天厝,住家用,鋼筋混凝土加強磚造,0670101,113.56,5,2,4,有,無,有,23000,203,,0.0,0,,RPWNMLLLKIHGFAU86CC
壽豐鄉,房地(土地+建物),花蓮縣壽豐鄉大學路二段６３巷６１號,1157.03,農,,,1111105,土地1建物1車位0,見其他登記事項,2,農舍,農舍,鋼筋混凝土造,0971225,206.72,2,2,2,有,無,有,30000,,,0.0,0,,RPSOMLLLKIHGFAU56CC
花蓮市,房地(土地+建物),花蓮縣花蓮市和平路４１６號,47.0,商,,,1111219,土地4建物1車位0,見其他登記事項,3,店面(店鋪),住商用,鋼筋混凝土造,0631206,116.19,5,1,6,有,無,有,40000,344,,0.0,0,,RPOQMLLLKIHGFAU98CC
花蓮市,房地(土地+建物),花蓮縣花蓮市中正路２６０號十一樓之三,17.25,住,,,1111220,土地1建物1車位0,十一層,13,住宅大樓(11層含以上有電梯),住家用,鋼筋混凝土造,0840321,126.19,3,2,2,有,有,有,12000,95,,0.0,0,水電瓦斯、網路費及每月管理費2000元由承租人另外負擔。,RPPQMLLLKIHGFAU09CC
花蓮市,房地(土地+建物),花蓮縣花蓮市國聯三路１２７號,47.37,商,,,1111125,土地1建物1車位0,一層,5,農舍,住商用,鋼筋混凝土造,0730919,252.85,2,1,2,有,無,無,18000,,,0.0,0,,RPUNMLMLKIHGFAU76CC
花蓮市,房地(土地+建物),花蓮縣花蓮市民國路１３９號四樓１號,17.05,商,,,1111210,土地1建物1車位0,四層,9,華廈(10層含以下有電梯),商業用,鋼筋混凝土造,0770213,138.6,3,2,2,有,有,有,15000,108,,0.0,0,,RPWNMLMLKIHGFAU96CC
花蓮市,房地(土地+建物)+車位,花蓮縣花蓮市東興一街８０號６樓之１,31.28,商,,,1111206,土地1建物1車位0,六層,7,華廈(10層含以下有電梯),住家用,鋼筋混凝土造,0890609,186.45999999999998,3,2,2,有,有,有,15000,80,坡道平面,0.0,0,,RPSNMLNLKIHGFAU66CC
花蓮市,房地(土地+建物),花蓮縣花蓮市富裕七街１９號５樓之３,8.34,住,,,1111207,土地1建物1車位0,五層,7,套房(1房1廳1衛),集合住宅,鋼筋混凝土造,1090108,52.77,1,1,1,有,有,有,12500,237,,0.0,0,,RPPPMLNLKIHGFAU56CC
吉安鄉,房地(土地+建物),花蓮縣吉安鄉南埔八街５２之１號二樓之二,23.21,住,,,1111128,土地1建物1車位0,二層,8,華廈(10層含以下有電梯),住家用,鋼筋混凝土造,0850611,106.38,3,1,2,有,有,有,12500,118,,0.0,0,,RPOQMLNLKIHGFAU56CC
花蓮市,房地(土地+建物),花蓮縣花蓮市新港街１４號,51.0,住,,,1111122,土地2建物1車位0,見其他登記事項,1,店面(店鋪),住家用,木造,0620926,46.2,0,0,0,無,無,無,30000,649,,0.0,0,,RPPQMLNLKIHGFAU66CC
花蓮市,房地(土地+建物),花蓮縣花蓮市公正街３７號６樓之１５,5.88,商,,,1111205,土地1建物1車位0,六層,12,住宅大樓(11層含以上有電梯),商業用,鋼筋混凝土造,0830630,42.95,1,0,1,有,有,有,10000,233,,0.0,0,,RPTNMLQLKIHGFAU07CC
吉安鄉,房地(土地+建物),花蓮縣吉安鄉建國路一段１０３號,0.0,住,,,1111224,土地0建物0車位0,四層,4,套房(1房1廳1衛),住家用,鋼筋混凝土造,0801218,26.44,1,1,1,有,無,有,7000,265,,0.0,0,,RPPOMLSLKIHGFAU96CC
花蓮市,房地(土地+建物),花蓮縣花蓮市林政街３１之１號３樓之１,12.92,住,,,1111225,土地1建物1車位0,三層,5,華廈(10層含以下有電梯),集合住宅,鋼筋混凝土造,1100407,38.75,1,1,1,有,有,有,11000,284,,0.0,0,,RPQNMLSLKIHGFAU07DC
花蓮市,房地(土地+建物),花蓮縣花蓮市中正路２６４號十二樓之一,16.39,住,,,1111223,土地1建物1車位0,十二層,13,住宅大樓(11層含以上有電梯),住家用,鋼筋混凝土造,0840321,117.36,3,1,2,有,有,有,13500,115,,0.0,0,水電瓦斯費、網路費及每月管理費1950元由承租人負擔。,RPRNMLTLKIHGFAU17CC
吉安鄉,房地(土地+建物),花蓮縣吉安鄉南海四街２０９巷１１號,73.0,,鄉村區,乙種建築用地,1111228,土地1建物1車位0,全,1,透天厝,住家用,鋼筋混凝土加強磚造,0660601,52.65,2,1,1,有,無,有,10000,190,,0.0,0,水電瓦斯費及網路費由承租人負擔。,RPRNMLKMKIHGFAU98CC
花蓮市,房地(土地+建物),花蓮縣花蓮市民權五街１８號.基泰商場２８號,81.0,其他,,,1111228,土地2建物2車位0,全,3,透天厝,住商用,鋼筋混凝土造,0631026,255.75,0,0,1,有,無,有,16000,63,,0.0,0,,RPWNMLKMKIHGFAU86CC
花蓮市,房地(土地+建物),花蓮縣花蓮市光復街５２號.５２-１.５２-２號,287.0,商,,,1120101,土地9建物3車位0,見其他登記事項,3,店面(店鋪),住商用,鋼筋混凝土加強磚造,0631231,666.8,0,0,0,無,無,無,60000,90,,0.0,0,,RPPNMLNJJHIGFAU68CC
花蓮市,房地(土地+建物),花蓮縣花蓮市長安街２７號十樓之六,17.8,住,,,1111229,土地1建物1車位0,十層,16,住宅大樓(11層含以上有電梯),住家用,鋼筋混凝土造,0851029,136.5,3,1,2,有,有,有,13000,95,,0.0,0,水電瓦斯費、網路費及每月管理費1600元由承租人負擔。,RPQPMLNJJHIGFAU98CC
吉安鄉,房地(土地+建物),花蓮縣吉安鄉南昌路１６５之２號,119.63,住,,,1111228,土地1建物1車位0,見其他登記事項,3,其他,住商用,鋼筋混凝土造,0960102,234.42,4,2,3,有,無,無,28000,119,,0.0,0,店住,RPRNMLPJJHIGFAU09CC
花蓮市,房地(土地+建物),花蓮縣花蓮市中順街４５巷１６號六樓之十三,19.08,住,,,1111230,土地1建物1車位0,六層,6,華廈(10層含以下有電梯),住家用,鋼筋混凝土造,0830326,77.75,2,2,1,有,有,有,8650,111,,0.0,0,水電瓦斯費及網路費由承租人負擔。,RPWOMLPJJHIGFAU07CC
花蓮市,建物,花蓮縣花蓮市中正路２６４號七樓之三,6.25,住,,,1120101,土地0建物1車位0,七層,13,套房(1房1廳1衛),住家用,鋼筋混凝土造,0840321,52.09,1,1,1,有,有,有,9000,173,,0.0,0,,RPXOMLPJJHIGFAU17CC
花蓮市,房地(土地+建物),花蓮縣花蓮市國興五街６３號四樓之一,36.55,住,,,1111230,土地1建物1車位0,四層,7,華廈(10層含以下有電梯),住家用,鋼筋混凝土造,0840114,196.31,3,1,2,有,有,有,13500,69,,0.0,0,水電瓦斯費、網路費及每月管理費1300元由承租人負擔。,RPOPMLPJJHIGFAU98CC
花蓮市,建物,花蓮縣花蓮市建國路二段６６６號,0.0,住,,,1111011,土地0建物1車位0,全,4,透天厝,住商用,鋼筋混凝土造,0820520,109.28,0,0,0,無,無,無,16000,146,,0.0,0,原申報序號:C1UA11112310002租金前3年16000元/月第4-5年17000元/月,RPRPMLPJJHIGFAU66CC
花蓮市,建物,花蓮縣花蓮市建國路二段６６８號,0.0,住,,,1111011,土地0建物1車位0,全,4,透天厝,住商用,鋼筋混凝土造,0830520,109.56,0,0,0,無,無,無,16000,146,,0.0,0,原申報書序號:C1UA111123100041-3年租金16000元/月4-5年租金17000元/月,RPSPMLPJJHIGFAU76CC
新城鄉,房地(土地+建物),花蓮縣新城鄉福德路１０號,63.0,住,,,1111226,土地1建物1車位0,見其他登記事項,2,店面(店鋪),住商用,鋼筋混凝土加強磚造,0690513,88.13,3,2,2,有,無,有,13000,148,,0.0,0,,RPTNMLPJJHIGFAU86EC
花蓮市,房地(土地+建物),花蓮縣花蓮市中華路２６８之１號,111.0,商,,,1120103,土地2建物1車位0,見其他登記事項,2,店面(店鋪),商業用,鋼筋混凝土造,0620327,110.7,0,0,0,無,無,無,20000,181,,0.0,0,,RPOOMLQJJHIGFAU98CC
吉安鄉,建物,花蓮縣吉安鄉中央路三段６１２號四樓,0.0,住,,,1120107,土地0建物0車位0,四層,5,套房(1房1廳1衛),旅館,鋼筋混凝土造,1100224,19.83,1,0,1,有,無,有,7500,378,,0.0,0,,RPSOMLRJJHIGFAU86CC
吉安鄉,建物,花蓮縣吉安鄉中央路三段６１２號五樓,0.0,住,,,1120107,土地0建物0車位0,五層,5,套房(1房1廳1衛),旅館,鋼筋混凝土造,1100224,22.21,1,0,1,有,無,有,7500,338,,0.0,0,,RPVOMLRJJHIGFAU17CC
吉安鄉,房地(土地+建物),花蓮縣吉安鄉太昌路２４２巷５號,50.0,住,,,1111218,土地1建物1車位0,全,2,透天厝,住商用,鋼筋混凝土加強磚造,0670322,94.4,2,3,3,有,無,有,8000,85,,0.0,0,,RPUNMLTJJHIGFAU17CC
吉安鄉,房地(土地+建物),花蓮縣吉安鄉中正路一段１５８巷４３號,59.0,住,,,1111219,土地1建物1車位0,見其他登記事項,2,店面(店鋪),住商用,鋼筋混凝土加強磚造,0700319,109.69,1,2,1,有,無,有,11000,100,,0.0,0,,RPWNMLTJJHIGFAU37CC
吉安鄉,建物,花蓮縣吉安鄉建國路一段１０３號,0.0,住,,,1120104,土地0建物0車位0,見其他登記事項,4,套房(1房1廳1衛),住家用,鋼筋混凝土造,0801218,26.44,1,0,1,有,無,有,5500,208,,0.0,0,,RPOOMLTJJHIGFAU66CC
花蓮市,房地(土地+建物),花蓮縣花蓮市中和街１９１巷１號二樓,26.84,住,,,1111216,土地1建物1車位0,二層,5,公寓(5樓含以下無電梯),住家用,鋼筋混凝土造,0750402,92.98,3,1,1,有,無,有,12000,129,,0.0,0,,RPRNMLKKJHIGFAU68CC
吉安鄉,房地(土地+建物),花蓮縣吉安鄉仁里四街１６２號,80.0,住,,,1111229,土地1建物1車位0,全,2,透天厝,住商用,鋼筋混凝土加強磚造,0690414,104.85,4,2,2,有,無,有,15000,143,,0.0,0,,RPTNMLKKJHIGFAU88CC
花蓮市,房地(土地+建物),花蓮縣花蓮市國盛四街５１號三樓之二十一,7.38,住,,,1120106,土地1建物1車位0,三層,8,套房(1房1廳1衛),住家用,鋼筋混凝土造,0830811,48.34,1,1,1,有,有,有,7000,145,,0.0,0,水電瓦斯費、網路費及每月管理費1000元由承租人負擔。,RPUNMLKKJHIGFAU98CC
花蓮市,房地(土地+建物),花蓮縣花蓮市中正路４７號二樓,21.91,住,,,1111230,土地1建物1車位0,二層,7,華廈(10層含以下有電梯),住家用,鋼筋混凝土造,0821116,147.25,3,2,2,有,有,有,13000,88,,0.0,0,,RPVNMLKKJHIGFAU09CC
花蓮市,房地(土地+建物),花蓮縣花蓮市明心街２１號四樓之一,19.64,住,,,1120108,土地1建物1車位0,四層,7,華廈(10層含以下有電梯),住家用,鋼筋混凝土造,0860106,106.47999999999999,2,2,2,有,無,有,14000,131,,0.0,0,,RPPPMLKKJHIGFAU68CC
花蓮市,房地(土地+建物),花蓮縣花蓮市公正街３７之１０號,4.26,商,,,1111216,土地1建物1車位0,一層,12,辦公商業大樓,商業用,鋼筋混凝土造,0830630,50.24,0,0,0,無,有,無,6000,119,,0.0,0,,RPQNMLMKJHIGFAU78CC
吉安鄉,建物,花蓮縣吉安鄉福興一街２２號,0.0,住,,,1120103,土地0建物1車位0,全,3,透天厝,住家用,鋼筋混凝土造,0830314,118.92,0,0,0,無,無,有,12000,101,,0.0,0,,RPWNMLMKJHIGFAU76CC
新城鄉,建物,花蓮縣新城鄉民族路９３號,0.0,商,,,1120111,土地0建物0車位0,四層,5,套房(1房1廳1衛),住家用,鋼筋混凝土造,1060731,33.69,1,0,1,有,無,有,9500,282,,0.0,0,,RPOOMLMKJHIGFAU68CC
吉安鄉,建物,花蓮縣吉安鄉福興一街２２號,0.0,住,,,1120103,土地0建物1車位0,全,3,透天厝,住家用,鋼筋混凝土造,0830314,84.35,0,0,0,無,無,有,8000,95,,0.0,0,,RPPOMLMKJHIGFAU78CC
花蓮市,房地(土地+建物),花蓮縣花蓮市國盛四街５１-３號,17.02,住,,,1111226,土地1建物1車位0,一層,8,華廈(10層含以下有電梯),住家用,鋼筋混凝土造,0830811,146.44,4,2,4,有,有,有,20000,137,,0.0,0,,RPQOMLMKJHIGFAU88CC
花蓮市,房地(土地+建物),花蓮縣花蓮市進豐街１１３巷１弄１４號,88.0,住,,,1111227,土地1建物1車位0,全,3,透天厝,住家用,鋼筋混凝土造,0810707,155.87,4,2,3,有,無,有,10000,64,,0.0,0,,RPROMLMKJHIGFAU98CC
花蓮市,房地(土地+建物),花蓮縣花蓮市德安一街１６６巷１２號,91.0,住,,,1120108,土地1建物1車位0,全,2,透天厝,住家用,鋼筋混凝土加強磚造,0701211,99.2,5,2,2,有,無,有,17000,171,,0.0,0,,RPUOMLMKJHIGFAU66CC
花蓮市,房地(土地+建物),花蓮縣花蓮市復興街８８號,127.0,住,,,1120111,土地1建物1車位0,全,1,透天厝,住家用,木造,,90.18,0,2,1,有,無,無,25000,277,,0.0,0,,RPRPMLMKJHIGFAU09CC
花蓮市,建物,花蓮縣花蓮市建昌路１７巷１號二樓之四,7.55,住,,,1111220,土地0建物1車位0,二層,5,華廈(10層含以下有電梯),住家用,鋼筋混凝土造,0830804,28.65,1,0,0,無,無,有,6800,237,,0.0,0,,RPQQMLMKJHIGFAU09CC
新城鄉,房地(土地+建物),花蓮縣新城鄉民有二街３２號,85.51,,鄉村區,乙種建築用地,1120108,土地1建物1車位0,全,3,透天厝,住家用,鋼筋混凝土造,0820315,150.6,4,2,2,有,無,有,20000,133,,0.0,0,,RPSQMLMKJHIGFAU66CC
吉安鄉,房地(土地+建物),花蓮縣吉安鄉自強路２１８號,143.02,住,,,1111224,土地1建物1車位0,見其他登記事項,3,其他,住工用,鋼筋混凝土造,0780909,265.23,4,2,3,有,無,無,20000,75,,0.0,0,店住,RPTQMLMKJHIGFAU76CC
花蓮市,建物,花蓮縣花蓮市建國路１５０號,0.0,住,,,1111226,土地0建物0車位0,全,3,透天厝,住商用,鋼筋混凝土造,0960215,40.0,1,1,1,有,無,有,8000,200,,0.0,0,只租一個房間,RPVNMLMKJHIGFAU76DC
花蓮市,建物,花蓮縣花蓮市建國路１５０號,0.0,住,,,1120102,土地0建物0車位0,全,3,透天厝,住商用,鋼筋混凝土造,0960215,28.0,1,1,1,有,無,有,6000,214,,0.0,0,,RPXNMLMKJHIGFAU96DC
花蓮市,房地(土地+建物),花蓮縣花蓮市自強路５０７巷３５號四樓,32.34,住,,,1120110,土地1建物1車位0,四層,5,公寓(5樓含以下無電梯),住家用,鋼筋混凝土造,0771125,97.94,3,2,2,有,無,有,12000,123,,0.0,0,水電瓦斯費及網路費由承租人負擔。,RPUNMLNKJHIGFAU66CC
花蓮市,房地(土地+建物),花蓮縣花蓮市國盛一街１８０之２０號３樓,14.69,商,,,1120111,土地1建物1車位0,三層,7,華廈(10層含以下有電梯),商業用,鋼筋混凝土造,0740720,107.19999999999999,3,2,2,有,無,有,10000,93,,0.0,0,,RPROMLNKJHIGFAU09CC
吉安鄉,房地(土地+建物),花蓮縣吉安鄉建國路二段２７５之５號,30.75,住,,,1120109,土地1建物1車位0,一層,4,店面(店鋪),住商用,鋼筋混凝土造,0940922,51.34,0,0,0,無,無,有,18000,351,,0.0,0,,RPXOMLNKJHIGFAU07CC
花蓮市,房地(土地+建物),花蓮縣花蓮市富裕三街３６號二樓之二,20.68,商,,,1120115,土地1建物1車位0,二層,5,華廈(10層含以下有電梯),集合住宅,鋼筋混凝土造,1110721,91.62,2,2,1,有,有,有,17000,186,,0.0,0,,RPRNMLQKJHIGFAU76DC
新城鄉,建物,花蓮縣新城鄉民族路９３號,0.0,商,,,1120116,土地0建物0車位0,五層,5,套房(1房1廳1衛),住家用,鋼筋混凝土造,1060731,36.89,1,0,1,有,無,有,9500,258,,0.0,0,,RPVNMLSKJHIGFAU27CC
新城鄉,建物,花蓮縣新城鄉民族路９７號,0.0,商,,,1120118,土地0建物0車位0,三層,5,套房(1房1廳1衛),住家用,鋼筋混凝土造,1060808,32.19,1,0,1,有,無,有,9500,295,,0.0,0,,RPPOMLSKJHIGFAU76CC
花蓮市,房地(土地+建物),花蓮縣花蓮市中美九街２號４F-５,8.51,商,,,1120117,土地1建物1車位0,四層,8,套房(1房1廳1衛),住家用,鋼筋混凝土造,0830801,64.79,1,0,1,有,有,有,12000,185,,0.0,0,,RPRNMLLJKHIGFAU78CC
吉安鄉,建物,花蓮縣吉安鄉中央路三段６１２號二樓,0.0,住,,,1120201,土地0建物0車位0,二層,5,套房(1房1廳1衛),旅館,鋼筋混凝土造,1100224,22.2,1,0,1,有,無,有,7500,338,,0.0,0,204室,RPOPMLLJKHIGFAU68CC
花蓮市,房地(土地+建物),花蓮縣花蓮市北昌一街９７巷２４號４樓,37.08,住,,,1120113,土地1建物1車位0,四層,4,公寓(5樓含以下無電梯),住家用,鋼筋混凝土造,0720910,81.38,3,2,2,有,無,有,12500,154,,0.0,0,,RPQNMLNJKHIGFAU88CC
花蓮市,房地(土地+建物),花蓮縣花蓮市中山路６５８號,126.0,住,,,1120130,土地1建物1車位0,全,3,透天厝,住商用,鋼筋混凝土造,0721122,269.33,0,0,0,無,無,無,36000,134,,0.0,0,,RPPOMLNJKHIGFAU88CC
花蓮市,房地(土地+建物),花蓮縣花蓮市建興街７５巷１６號,139.0,住,,,1120130,土地1建物1車位0,全,3,透天厝,住家用,鋼筋混凝土造,0930514,254.13,5,2,5,有,無,有,25000,98,,0.0,0,,RPTOMLOJKHIGFAU76CC
花蓮市,房地(土地+建物),花蓮縣花蓮市中美路１７０號,20.48,商,,,1120201,土地1建物1車位0,一層,8,華廈(10層含以下有電梯),住商用,鋼筋混凝土造,0820720,102.13,0,0,1,有,無,有,15000,147,,0.0,0,,RPUOMLOJKHIGFAU86CC
花蓮市,房地(土地+建物),花蓮縣花蓮市中美路１７０號,20.48,商,,,1120201,土地1建物1車位0,二層,8,華廈(10層含以下有電梯),住商用,鋼筋混凝土造,0820720,102.13,0,0,1,有,無,有,15000,147,,0.0,0,,RPVOMLOJKHIGFAU96CC
吉安鄉,建物,花蓮縣吉安鄉中央路三段６１０號,0.0,住,,,1120204,土地0建物0車位0,四層,4,套房(1房1廳1衛),住商用,鋼筋混凝土造,0780112,23.8,1,0,1,有,無,有,7000,294,,0.0,0,407室,RPOPMLOJKHIGFAU98CC
花蓮市,房地(土地+建物),花蓮縣花蓮市和平路６０９號,91.0,住,,,1120111,土地1建物1車位0,全,4,透天厝,住商用,鋼筋混凝土造,0940329,206.43,0,0,0,無,無,無,35000,170,,0.0,0,,RPQPMLOJKHIGFAU56CC
吉安鄉,建物,花蓮縣吉安鄉中央路三段６１０號,0.0,住,,,1120205,土地0建物0車位0,二層,4,套房(1房1廳1衛),住商用,鋼筋混凝土造,0780112,23.8,1,0,1,有,無,有,7000,294,,0.0,0,207室,RPVNMLQJKHIGFAU07CC
花蓮市,房地(土地+建物),花蓮縣花蓮市新港街１１巷４號,62.0,商,,,1120105,土地1建物1車位0,全,1,透天厝,住家用,木造,,54.53,1,1,1,有,無,無,26000,477,,0.0,0,,RPWNMLRJKHIGFAU27CC
花蓮市,房地(土地+建物),花蓮縣花蓮市中正路４２巷７號,123.0,住,,,1120206,土地1建物1車位0,全,4,透天厝,住家用,鋼筋混凝土造,0960117,272.83,5,2,4,有,無,有,28000,103,,0.0,0,,RPWOMLRJKHIGFAU37CC
花蓮市,房地(土地+建物),花蓮縣花蓮市東興路３１９號,97.0,住,,,1120206,土地1建物1車位0,見其他登記事項,4,店面(店鋪),住家用,鋼筋混凝土造,0940819,248.52,4,2,4,有,無,有,22000,89,,0.0,0,,RPSNMLSJKHIGFAU96CC
花蓮市,房地(土地+建物),花蓮縣花蓮市南京街２０３號３F-１６,11.79,商,,,1120207,土地1建物1車位0,三層,12,住宅大樓(11層含以上有電梯),集合住宅,鋼筋混凝土造,1070427,70.88,1,1,2,有,有,有,17500,247,,0.0,0,,RPWOMLSJKHIGFAU47CC
花蓮市,房地(土地+建物),花蓮縣花蓮市福建街４０６號三樓之一,18.59,商,,,1120206,土地1建物1車位0,三層,7,華廈(10層含以下有電梯),集合住宅,鋼筋混凝土造,1090102,107.55,2,2,2,有,無,有,18000,167,,0.0,0,,RPSNMLTJKHIGFAU07CC
花蓮市,房地(土地+建物),花蓮縣花蓮市中山路２８０號,24.0,商,,,1120208,土地1建物1車位0,四層,5,公寓(5樓含以下無電梯),住家用,鋼筋混凝土造,0841130,102.5,2,2,1,有,無,有,10000,98,,0.0,0,,RPPOMLTJKHIGFAU86CC
花蓮市,建物,花蓮縣花蓮市建國路１５０號,0.0,住,,,1120115,土地0建物0車位0,二層,2,套房(1房1廳1衛),住商用,鋼筋混凝土造,0960215,22.0,1,1,1,有,無,有,12000,545,,0.0,0,,RPRNMLTJKHIGFAU07DC
花蓮市,房地(土地+建物),花蓮縣花蓮市國風街４１號,71.0,商,,,1120206,土地1建物1車位0,全,2,透天厝,住商用,鋼筋混凝土造,0660701,110.3,3,2,2,有,無,無,16000,145,,0.0,0,,RPVNMLTJKHIGFAU47DC
花蓮市,土地,國風段1249地號,92.0,住,,,1120204,土地1建物0車位0,,,其他,,,,0.0,0,0,0,有,無,無,6000,65,,0.0,0,租金總額包含其上未登記保存建物1棟,RPPNMLKKKHIGFAU68DC
吉安鄉,房地(土地+建物),花蓮縣吉安鄉吉安路一段５５-８號,160.0,商,,,1120206,土地1建物1車位0,見其他登記事項,3,店面(店鋪),住商用,鋼筋混凝土造,0810429,195.54,3,2,3,有,無,有,20000,102,,0.0,0,,RPSNMLKKKHIGFAU98DC
鳳林鎮,土地,水車段1421地號,330.0,,特定農業區,農牧用地,1120126,土地1建物0車位0,,,其他,,,,0.0,0,0,0,有,無,有,7000,21,,0.0,0,租金總額包含其上未登記保存建物1棟,RPPNMLKKKHIGFBU78DC
花蓮市,房地(土地+建物),花蓮縣花蓮市中美路２６２號４F-１,10.4,商,,,1120202,土地2建物1車位0,四層,5,套房(1房1廳1衛),集合住宅,鋼筋混凝土造,1101129,50.400000000000006,1,1,1,有,無,有,9800,194,,0.0,0,,RPSOMLKKKHIGFAU98CC
花蓮市,房地(土地+建物),花蓮縣花蓮市中興路４３巷２號八樓之六,18.34,住,,,1120113,土地1建物1車位0,八層,12,住宅大樓(11層含以上有電梯),住家用,鋼筋混凝土造,0850205,47.64,3,2,2,有,有,有,14000,294,,0.0,0,,RPUOMLKKKHIGFAU56CC
