﻿鄉鎮市區,交易標的,土地位置建物門牌,土地移轉總面積平方公尺,都市土地使用分區,非都市土地使用分區,非都市土地使用編定,交易年月日,交易筆棟數,移轉層次,總樓層數,建物型態,主要用途,主要建材,建築完成年月,建物移轉總面積平方公尺,建物現況格局-房,建物現況格局-廳,建物現況格局-衛,建物現況格局-隔間,有無管理組織,總價元,單價元平方公尺,車位類別,車位移轉總面積(平方公尺),車位總價元,備註,編號,主建物面積,附屬建物面積,陽台面積,電梯,移轉編號
The villages and towns urban district,transaction sign,land sector position building sector house number plate,land shifting total area square meter,the use zoning or compiles and checks,the non-metropolis land use district,non-metropolis land use,transaction year month and day,transaction pen number,shifting level,total floor number,building state,main use,main building materials,construction to complete the years,building shifting total area,Building present situation pattern - room,building present situation pattern - hall,building present situation pattern - health,building present situation pattern - compartmented,Whether there is manages the organization,total price NTD,the unit price (NTD / square meter),the berth category,berth shifting total area square meter,the berth total price NTD,the note,serial number,main building area,auxiliary building area,balcony area,elevator,transaction number
金城鎮,土地,北一段5地號,1300.31,農,,,1120302,土地1建物0車位0,,,其他,,,,0.0,0,0,0,無,無,15000000,11536,,0.0,0,,RPRNMLNJLHIGFAW66EA,0.0,0.0,0.0,無,
金城鎮,土地,北一段34地號,1000.64,農,,,1120302,土地1建物0車位0,,,其他,,,,0.0,0,0,0,無,無,12000000,11992,,0.0,0,,RPSNMLNJLHIGFAW76EA,0.0,0.0,0.0,無,001
金城鎮,房地(土地+建物),金門縣金城鎮大學路５３巷６弄１６號,15.31,農,,,1120303,土地2建物1車位0,一層,三層,公寓(5樓含以下無電梯),住家用,鋼筋混凝土造,0981222,27.6,1,1,1,無,無,2200000,79710,,0.0,0,,RPSNMLNJLHIGFAW66DA,20.92,0.0,0.0,無,002
金城鎮,房地(土地+建物),金門縣金城鎮珠浦南路５０巷１１號二樓,26.73,住,,,1120302,土地1建物1車位0,二層,五層,華廈(10層含以下有電梯),住家用,鋼筋混凝土造,1110728,70.81,2,2,1,無,無,6050000,85440,,0.0,0,,RPSNMLRJLHIGFAW07DA,51.65,0.0,4.01,有,
金沙鎮,土地,汶沙測段456地號,478.06,住,,,1120203,土地2建物0車位0,,,其他,,,,0.0,0,0,0,有,無,9500000,19872,,0.0,0,包含公共設施保留地用地；,RPSNMLNJKHIGFAW56DA,0.0,0.0,0.0,無,
烈嶼鄉,土地,大山頂測段847地號,1678.11,都市：其他:自然村專用區,,,1120203,土地3建物0車位0,,,其他,,,,0.0,0,0,0,有,無,3725000,2220,,0.0,0,,RPTNMLNJKHIGFAW66DA,0.0,0.0,0.0,無,
烈嶼鄉,土地,大山頂測段472地號,2579.75,農,,,1120203,土地12建物0車位0,,,其他,,,,0.0,0,0,0,有,無,6079000,2356,,0.0,0,未登記建物；包含公共設施保留地用地；,RPQNMLOJKHIGFAW09DA,0.0,0.0,0.0,無,
烈嶼鄉,土地,東園劃段253地號,1589.92,農,,,1120203,土地5建物0車位0,,,其他,,,,0.0,0,0,0,有,無,6347000,3992,,0.0,0,包含公共設施保留地用地；,RPRNMLOJKHIGFAW56DA,0.0,0.0,0.0,無,
金寧鄉,土地,寧劃段1402地號,491.54,農,,,1120201,土地1建物0車位0,,,其他,,,,0.0,0,0,0,有,無,1200000,2441,,0.0,0,,RPSNMLTJKHIGFAW17DA,0.0,0.0,0.0,無,
金湖鎮,土地,北五劃段27地號,500.0,農,,,1120203,土地1建物0車位0,,,其他,,,,0.0,0,0,0,有,無,1800000,3600,,0.0,0,親友、員工、共有人或其他特殊關係間之交易；,RPPNMLSJKHIGFAW86EA,0.0,0.0,0.0,無,003
金湖鎮,土地,湖前段380-8地號,57.46,都市：其他:自然村專用區,,,1120206,土地1建物0車位0,,,其他,,,,0.0,0,0,0,有,無,2180000,37939,,0.0,0,,RPRNMLQJKHIGFAW76DA,0.0,0.0,0.0,無,
金沙鎮,土地,北八劃段430地號,1000.0,農,,,1120204,土地1建物0車位0,,,其他,,,,0.0,0,0,0,無,無,2700000,2700,,0.0,0,,RPPNMLTJKHIGFAW96EA,0.0,0.0,0.0,無,
金寧鄉,土地,盤山村測段54地號,117.63,都市：其他:自然村專用區,,,1120214,土地1建物0車位0,,,其他,,,,0.0,0,0,0,無,無,3800000,32305,,0.0,0,未登記建物；,RPQNMLOKKHIGFAW66EA,0.0,0.0,0.0,無,
金城鎮,土地,金門城測段808地號,61.69,都市：其他:自然村專用區,,,1120202,土地1建物0車位0,,,其他,,,,0.0,0,0,0,無,無,1500000,24315,,0.0,0,親友、員工、共有人或其他特殊關係間之交易；,RPQNMLPKKHIGFAW76EA,0.0,0.0,0.0,無,
烈嶼鄉,土地,沙溪測段384-1地號,655.03,農,,,1120210,土地2建物0車位0,,,其他,,,,0.0,0,0,0,無,無,2200000,3359,,0.0,0,,RPPNMLOKKHIGFAW09DA,0.0,0.0,0.0,無,004
金寧鄉,房地(土地+建物),金門縣金寧鄉榜林６之１５號三樓,70.33,都市：其他:自然村專用區,,,1120213,土地3建物1車位0,三層,五層,華廈(10層含以下有電梯),住家用,鋼筋混凝土造,1111007,119.56,3,2,2,無,無,8280000,69254,,0.0,0,,RPQNMLQKKHIGFAW76DA,89.21,0.0,12.23,有,
烈嶼鄉,土地,東林段436地號,309.75,都市：其他:自然村專用區,,,1120215,土地1建物0車位0,,,其他,,,,0.0,0,0,0,無,無,3935000,12704,,0.0,0,,RPPNMLPKKHIGFAW56DA,0.0,0.0,0.0,無,005
金城鎮,土地,蜈蚣山段187地號,352.13,都市：其他:國家公園區,,,1120207,土地1建物0車位0,,,其他,,,,0.0,0,0,0,有,無,3600000,10223,,0.0,0,本買賣標的包括 瓊林村測段349地號土地，面積134㎡計算之可 移轉容積。,RPPNMLRJKHIGFAW66DA,0.0,0.0,0.0,無,
金寧鄉,房地(土地+建物),金門縣金寧鄉頂埔下２３之５號三樓,13.88,都市：其他:自然村專用區,,,1120208,土地2建物1車位0,三層,三層,公寓(5樓含以下無電梯),住家用,鋼筋混凝土造,1021025,30.810000000000002,1,1,1,無,無,2300000,74651,,0.0,0,,RPWNMLSKKHIGFAW57DA,23.18,0.0,2.89,無,006
金湖鎮,土地,湖東劃段149地號,354.0,農,,,1120210,土地1建物0車位0,,,其他,,,,0.0,0,0,0,無,無,4500000,12712,,0.0,0,未登記建物門牌：金門縣金湖鎮蓮庵里?上46-1號未登記建物；,RPRNMLSKKHIGFAW07DA,0.0,0.0,0.0,無,007
金寧鄉,房地(土地+建物),金門縣金寧鄉埔後３２之１號二樓之６,17.63,都市：其他:自然村專用區,,,1120207,土地1建物1車位0,二層,三層,公寓(5樓含以下無電梯),住家用,鋼筋混凝土造,1040723,32.71,1,1,1,無,無,2900000,88658,,0.0,0,,RPSNMLSKKHIGFAW17DA,27.57,0.0,0.0,無,008
金沙鎮,土地,北九十劃段169地號,980.57,農,,,1120208,土地1建物0車位0,,,其他,,,,0.0,0,0,0,無,無,3600000,3671,,0.0,0,,RPPNMLQKKHIGFAW76EA,0.0,0.0,0.0,無,
金沙鎮,土地,官嶼劃段100-1地號,4.0,農,,,1120207,土地1建物0車位0,,,其他,,,,0.0,0,0,0,無,無,7800,1950,,0.0,0,本次為土地法73條之1公開標售金門縣金沙鎮官嶼劃段0100-1財臺 北金土地 代售字第MW112N400002號地清或未辦繼承標售；,RPQNMLTJKHIGFAW07EA,0.0,0.0,0.0,無,
金寧鄉,土地,寧湖一劃段525-11地號,340.0,農,,,1120208,土地2建物0車位0,,,其他,,,,0.0,0,0,0,無,無,2500000,7353,,0.0,0,親友、員工、共有人或其他特殊關係間之交易；,RPPNMLRKKHIGFAW86EA,0.0,0.0,0.0,無,
金寧鄉,土地,機場段301地號,1184.73,都市：其他:保護區,,,1120215,土地4建物0車位0,,,其他,,,,0.0,0,0,0,無,無,1400000,1182,,0.0,0,親友、員工、共有人或其他特殊關係間之交易；,RPTNMLSKKHIGFAW27DA,0.0,0.0,0.0,無,
金城鎮,土地,延平段960地號,550.55,農,,,1120207,土地1建物0車位0,,,其他,,,,0.0,0,0,0,無,無,4500000,8174,,0.0,0,,RPPNMLTKKHIGFAW96DA,0.0,0.0,0.0,無,009
金湖鎮,房地(土地+建物),金門縣金湖鎮安民５９號三樓之２,62.97,都市：其他:自然村專用區,,,1120209,土地1建物1車位0,三層,四層,華廈(10層含以下有電梯),住家用,鋼筋混凝土造,1101021,114.58,3,2,2,無,無,6900000,60220,,0.0,0,,RPVNMLSKKHIGFAW47DA,79.02,0.0,18.93,有,010
金寧鄉,土地,北四劃段227地號,733.0,農,,,1120220,土地1建物0車位0,,,其他,,,,0.0,0,0,0,無,無,3800000,5184,,0.0,0,,RPPNMLKLKHIGFAW78DA,0.0,0.0,0.0,無,
金寧鄉,土地,后沙劃測段436地號,387.16,農,,,1120204,土地1建物0車位0,,,其他,,,,0.0,0,0,0,無,無,1500000,3874,,0.0,0,,RPRNMLLLKHIGFAW09DA,0.0,0.0,0.0,無,
金沙鎮,土地,斗門劃測段590地號,1200.02,農,,,1120221,土地1建物0車位0,,,其他,,,,0.0,0,0,0,無,無,3500000,2917,,0.0,0,,RPPNMLLLKHIGFAW98EA,0.0,0.0,0.0,無,
金寧鄉,土地,北四劃段79地號,733.0,農,,,1120208,土地1建物0車位0,,,其他,,,,0.0,0,0,0,無,無,2900000,3956,,0.0,0,,RPPNMLMLKHIGFAW09EA,0.0,0.0,0.0,無,
金寧鄉,土地,北二三劃測段724地號,1000.02,農,,,1120203,土地1建物0車位0,,,其他,,,,0.0,0,0,0,無,無,7200000,7200,,0.0,0,,RPTNMLLLKHIGFAW66DA,0.0,0.0,0.0,無,
金城鎮,土地,鳳翔段44地號,76.31,都市：其他:道路用地,,,1120210,土地2建物0車位0,,,其他,,,,0.0,0,0,0,無,無,2276708,29835,,0.0,0,,RPQNMLMLKHIGFAW09DA,0.0,0.0,0.0,無,
金沙鎮,土地,浦邊測段635地號,986.94,都市：其他:農業區,,,1120210,土地2建物0車位0,,,其他,,,,0.0,0,0,0,無,無,700000,709,,0.0,0,,RPRNMLQKKHIGFAW86DA,0.0,0.0,0.0,無,
金湖鎮,房地(土地+建物),金門縣金湖鎮市港路１６２號二樓,21.48,住,,,1120217,土地1建物1車位0,二層,六層,華廈(10層含以下有電梯),住家用,鋼筋混凝土造,1070817,100.65,3,2,2,無,無,7600000,75509,,0.0,0,陽台外推；,RPQNMLRKKHIGFAW86DA,65.76,0.0,6.83,有,
金寧鄉,土地,后盤山段52地號,1043.43,農,,,1120206,土地1建物0車位0,,,其他,,,,0.0,0,0,0,有,無,2000000,1917,,0.0,0,,RPQNMLQJKHIGFAW66DA,0.0,0.0,0.0,無,
金湖鎮,房地(土地+建物),金門縣金湖鎮新塘１５２號五樓之２,49.52,都市：其他:自然村專用區,,,1120213,土地1建物1車位0,五層,五層,華廈(10層含以下有電梯),住家用,鋼筋混凝土造,1100723,105.07000000000001,3,2,2,無,無,7900000,75188,,0.0,0,預售屋、或土地及建物分件登記案件；,RPVNMLOKKHIGFAW07DA,80.55,0.0,9.76,有,
金湖鎮,土地,尚義段289地號,610.52,都市：其他:道路用地,,,1120217,土地2建物0車位0,,,其他,,,,0.0,0,0,0,無,無,1562931,2560,,0.0,0,,RPPNMLMLKHIGFAW98DA,0.0,0.0,0.0,無,
金寧鄉,土地,后湖村測段223地號,161.0,都市：其他:自然村專用區,,,1120220,土地1建物0車位0,,,其他,,,,0.0,0,0,0,無,無,2980000,18509,,0.0,0,,RPRNMLKLKHIGFAW98DA,0.0,0.0,0.0,無,
金湖鎮,土地,新頭段490-7地號,1515.96,都市：其他:保護區,,,1120218,土地1建物0車位0,,,其他,,,,0.0,0,0,0,無,無,3500000,2309,,0.0,0,農作物；,RPQNMLMLKHIGFAW56EA,0.0,0.0,0.0,無,
金寧鄉,土地,中三劃測段733地號,389.36,農,,,1120219,土地2建物0車位0,,,其他,,,,0.0,0,0,0,無,無,5000000,12842,,0.0,0,包含公共設施保留地用地；,RPPNMLLLKHIGFAW88DA,0.0,0.0,0.0,無,
金沙鎮,土地,蔡厝劃測段164地號,1620.0,農,,,1120213,土地1建物0車位0,,,其他,,,,0.0,0,0,0,無,無,7800000,4815,,0.0,0,,RPRNMLMLKHIGFAW56DA,0.0,0.0,0.0,無,011
金寧鄉,房地(土地+建物),金門縣金寧鄉榜林６之１７號二樓,70.33,都市：其他:自然村專用區,,,1120221,土地3建物1車位0,二層,五層,華廈(10層含以下有電梯),住家用,鋼筋混凝土造,1111007,117.30000000000001,3,2,2,無,無,8950000,76300,,0.0,0,,RPUNMLLJLHIGFAW66DA,88.8,0.0,10.38,有,
金寧鄉,房地(土地+建物),金門縣金寧鄉榜林６之１８號四樓,70.33,都市：其他:自然村專用區,,,1120222,土地3建物1車位0,四層,五層,華廈(10層含以下有電梯),住家用,鋼筋混凝土造,1111007,119.56,3,2,2,無,無,8300000,69421,,0.0,0,,RPSNMLMJLHIGFAW56DA,89.21,0.0,12.23,有,
金寧鄉,土地,后沙劃測段346-1地號,210.01,農,,,1120213,土地1建物0車位0,,,其他,,,,0.0,0,0,0,無,無,820000,3905,,0.0,0,,RPPNMLNJLHIGFAW98DA,0.0,0.0,0.0,無,
金湖鎮,土地,士校段1057地號,651.57,都市：其他:自然村專用區,,,1120209,土地4建物0車位0,,,其他,,,,0.0,0,0,0,無,無,29320650,45000,,0.0,0,,RPUNMLLLKHIGFAW76DA,0.0,0.0,0.0,無,
金寧鄉,土地,寧安二劃段45-1地號,500.0,農,,,1120215,土地1建物0車位0,,,其他,,,,0.0,0,0,0,無,無,3500000,7000,,0.0,0,,RPQNMLPKKHIGFAW66DA,0.0,0.0,0.0,無,012
金寧鄉,房地(土地+建物),金門縣金寧鄉瓊安路１３０８號三樓,36.88,都市：其他:自然村專用區,,,1120213,土地1建物1車位0,三層,五層,華廈(10層含以下有電梯),住家用,鋼筋混凝土造,1110926,88.67,3,1,2,無,無,5400000,60900,,0.0,0,,RPSNMLOKKHIGFAW76DA,66.34,0.0,6.1,有,013
金寧鄉,土地,寧湖一劃段92地號,1233.0,農,,,1120209,土地1建物0車位0,,,其他,,,,0.0,0,0,0,有,無,15000000,12165,,0.0,0,,RPRNMLTJKHIGFAW07DA,0.0,0.0,0.0,無,014
金湖鎮,房地(土地+建物),金門縣金湖鎮市港五路１６２號９樓,7.91,商,,,1120216,土地1建物1車位0,九層,十層,華廈(10層含以下有電梯),商業用,鋼筋混凝土造,1090408,56.22,1,1,1,無,無,5630000,100142,,0.0,0,,RPQNMLNJLHIGFAW56EA,32.9,4.07,0.0,有,
金湖鎮,房地(土地+建物),金門縣金湖鎮市港五路１６２號５樓,7.91,商,,,1120217,土地1建物1車位0,五層,十層,華廈(10層含以下有電梯),商業用,鋼筋混凝土造,1090408,56.22,1,1,1,無,無,5150000,91604,,0.0,0,,RPPNMLNJLHIGFAW09EA,32.9,4.07,0.0,有,
金城鎮,土地,古崗段1156地號,450.96,都市：其他:風景區,,,1120202,土地3建物0車位0,,,其他,,,,0.0,0,0,0,有,無,1200000,2661,,0.0,0,包含公共設施保留地用地；,RPTNMLMJKHIGFAW56DA,0.0,0.0,0.0,無,
烈嶼鄉,土地,烈濱劃測段548地號,620.0,農,,,1120223,土地1建物0車位0,,,其他,,,,0.0,0,0,0,無,無,4000000,6452,,0.0,0,,RPPNMLOLKHIGFAW56DA,0.0,0.0,0.0,無,015
金寧鄉,土地,后沙村測段32-3地號,453.88,都市：其他:自然村專用區,,,1120223,土地2建物0車位0,,,其他,,,,0.0,0,0,0,無,無,8000000,17626,,0.0,0,本買賣價金包含：后沙村測段32-3地號土地買賣價款：新台幣伍佰柒拾萬元整、后沙劃測段535地號土地買賣價款：新台幣貳佰參拾萬元整。,RPQNMLNLKHIGFAW56DA,0.0,0.0,0.0,無,
金寧鄉,房地(土地+建物),金門縣金寧鄉頂埔下２９號二樓之１６,16.76,都市：其他:自然村專用區,,,1120227,土地1建物1車位0,二層,三層,華廈(10層含以下有電梯),住家用,鋼筋混凝土造,1050126,34.72,1,0,1,無,有,2300000,66244,,0.0,0,,RPRNMLNJLHIGFAW56DA,22.31,0.0,3.46,有,016
金湖鎮,房地(土地+建物),金門縣金湖鎮信義新村１０９號,81.76,都市：其他:自然村專用區,,,1120217,土地1建物1車位0,一層,三層,公寓(5樓含以下無電梯),住家用,鋼筋混凝土造,0940420,96.74,3,2,1,無,無,5500000,56853,,0.0,0,,RPRNMLRKKHIGFAW96DA,74.74,0.0,4.11,無,017
金寧鄉,房地(土地+建物)+車位,金門縣金寧鄉湖下２１３之５號,61.96,都市：其他:自然村專用區,,,1120213,土地2建物1車位1,一層,三層,公寓(5樓含以下無電梯),住家用,鋼筋混凝土造,1061101,136.51,3,2,2,有,有,8500000,62267,坡道平面,12.3,0,,RPUNMLSKKHIGFAW37DA,79.27,0.0,1.51,無,018
金寧鄉,土地,龍潭段1207地號,403.62,都市：其他:國家公園區,,,1120215,土地1建物0車位0,,,其他,,,,0.0,0,0,0,無,無,483000,1197,,0.0,0,,RPPNMLRJLHIGFAW76DA,0.0,0.0,0.0,無,
金寧鄉,土地,大園段532地號,1100.69,都市：其他:國家公園區,,,1120215,土地1建物0車位0,,,其他,,,,0.0,0,0,0,無,無,1317000,1197,,0.0,0,,RPQNMLRJLHIGFAW86DA,0.0,0.0,0.0,無,
金城鎮,土地,歐厝段273地號,673.41,農,,,1120220,土地1建物0車位0,,,其他,,,,0.0,0,0,0,無,無,4000000,5940,,0.0,0,,RPRNMLNLKHIGFAW66DA,0.0,0.0,0.0,無,
金沙鎮,房地(土地+建物),金門縣金沙鎮勝利路４１號二樓,62.05,都市：其他:自然村專用區,,,1120216,土地1建物2車位0,二層,三層,公寓(5樓含以下無電梯),住家用,鋼筋混凝土造,1071003,125.84,3,3,2,無,無,7300000,58010,,0.0,0,,RPPNMLTJLHIGFAW07EA,100.99,0.0,12.68,無,
金寧鄉,房地(土地+建物),金門縣金寧鄉盤果路６９號二樓,50.75,都市：其他:自然村專用區,,,1120104,土地1建物1車位0,二層,四層,華廈(10層含以下有電梯),住家用,鋼筋混凝土造,1110817,123.78,3,2,2,有,無,9100000,73518,,0.0,0,,RPQNMLQJJHIGFAW56DA,91.22,0.0,9.35,有,
金寧鄉,房地(土地+建物),金門縣金寧鄉下堡１００之２９號三樓之１,13.73,都市：其他:自然村專用區,,,1120102,土地1建物1車位0,三層,三層,公寓(5樓含以下無電梯),住家用,鋼筋混凝土造,1031016,24.259999999999998,1,1,1,有,無,1750000,72135,,0.0,0,,RPPNMLNJJHIGFAW78DA,18.96,0.0,2.06,無,
金寧鄉,土地,寧湖二劃測段791-2地號,313.29,農,,,1120109,土地1建物0車位0,,,其他,,,,0.0,0,0,0,有,無,1300000,4150,,0.0,0,,RPOOMLTJJHIGFAW76DA,0.0,0.0,0.0,無,
金城鎮,土地,小西門劃測段456-1地號,554.51,都市：其他:保護區,,,1120102,土地1建物0車位0,,,其他,,,,0.0,0,0,0,有,無,2550000,4599,,0.0,0,,RPQNMLRJJHIGFAW76EA,0.0,0.0,0.0,無,
金沙鎮,土地,沙港劃段1022地號,1000.03,農,,,1120105,土地1建物0車位0,,,其他,,,,0.0,0,0,0,有,無,1970000,1970,,0.0,0,親友、員工、共有人或其他特殊關係間之交易；,RPTNMLOJJHIGFAW66DA,0.0,0.0,0.0,無,
烈嶼鄉,土地,九宮測段40地號,265.96,農,,,1120103,土地1建物0車位0,,,其他,,,,0.0,0,0,0,有,無,900000,3384,,0.0,0,,RPSNMLKKJHIGFAW88DA,0.0,0.0,0.0,無,
金寧鄉,房地(土地+建物)+車位,金門縣金寧鄉安岐１３８號,108.16,都市：其他:自然村專用區,,,1120103,土地1建物1車位1,全,三層,透天厝,住家用,鋼筋混凝土造,1030829,285.71000000000004,5,3,2,有,無,14800000,51801,坡道平面,25.57,0,,RPQNMLLKJHIGFAW88EA,184.17,4.62,21.36,無,019
金城鎮,土地,小西門劃測段352地號,400.63,都市：其他:保護區,,,1120103,土地1建物0車位0,,,其他,,,,0.0,0,0,0,有,無,2061100,5145,,0.0,0,國有財產法第53條規定市場查估價格計價政府機關標讓售；,RPWNMLNJJHIGFAW86DA,0.0,0.0,0.0,無,
金寧鄉,土地,寧安四劃段185-1地號,627.0,農,,,1120113,土地1建物0車位0,,,其他,,,,0.0,0,0,0,有,無,2000000,3190,,0.0,0,,RPRNMLQKJHIGFAW86EA,0.0,0.0,0.0,無,
烈嶼鄉,土地,烈濱劃測段1139地號,199.33,農,,,1120112,土地1建物0車位0,,,其他,,,,0.0,0,0,0,有,無,970044,4867,,0.0,0,,RPRNMLNKJHIGFAW56EA,0.0,0.0,0.0,無,020
金寧鄉,房地(土地+建物),金門縣金寧鄉慈湖路一段１３９巷１８號,50.01,都市：其他:自然村專用區,,,1120107,土地1建物1車位0,全,三層,透天厝,住家用,鋼筋混凝土造,0991118,83.42,5,2,4,有,無,6200000,74323,,0.0,0,親友、員工、共有人或其他特殊關係間之交易；,RPPNMLNKJHIGFAW88DA,79.36,0.0,4.07,無,
金寧鄉,土地,機場段466地號,510.24,農,,,1120109,土地1建物0車位0,,,其他,,,,0.0,0,0,0,有,無,1500000,2940,,0.0,0,,RPUNMLNKJHIGFAW76DA,0.0,0.0,0.0,無,
金湖鎮,土地,湖前段132地號,586.35,農,,,1120111,土地1建物0車位0,,,其他,,,,0.0,0,0,0,有,無,11000000,18760,,0.0,0,,RPTNMLNKJHIGFAW66DA,0.0,0.0,0.0,無,
金城鎮,土地,城西段85地號,47.04,住,,,1120111,土地3建物1車位0,一層，二層，三層,三層,其他,住商用,鋼筋混凝土造,0680615,79.42,0,0,0,有,無,4100000,87160,,0.0,0,,RPUNMLSKJHIGFAW37EA,0.0,0.0,0.0,無,021
金寧鄉,土地,慈湖段487地號,596.51,都市：其他:國家公園區,,,1120103,土地1建物0車位0,,,其他,,,,0.0,0,0,0,有,無,860000,1442,,0.0,0,,RPSNMLRKJHIGFAW96DA,0.0,0.0,0.0,無,
金寧鄉,土地,西山段594地號,1509.72,農,,,1120112,土地3建物0車位0,,,其他,,,,0.0,0,0,0,有,無,4500000,2981,,0.0,0,,RPSNMLSKJHIGFAW07DA,0.0,0.0,0.0,無,
金寧鄉,房地(土地+建物),金門縣金寧鄉榜林６之１５號五樓,70.33,都市：其他:自然村專用區,,,1120110,土地3建物1車位0,五層,五層,華廈(10層含以下有電梯),住家用,鋼筋混凝土造,1111007,119.56,3,2,2,有,無,8300000,69421,,0.0,0,,RPRNMLLMJHIGFAW09DA,89.21,0.0,12.23,有,
金寧鄉,房地(土地+建物),金門縣金寧鄉下堡１９３號三樓,19.92,都市：其他:自然村專用區,,,1120106,土地1建物1車位0,三層,三層,公寓(5樓含以下無電梯),住家用,鋼筋混凝土造,1031113,36.6,1,1,1,有,無,2600000,71038,,0.0,0,預售屋、或土地及建物分件登記案件；,RPUNMLQJJHIGFAW96DA,29.36,0.0,2.88,無,
金寧鄉,土地,西山段715地號,1475.06,農,,,1120105,土地1建物0車位0,,,其他,,,,0.0,0,0,0,有,無,6400000,4339,,0.0,0,,RPRNMLQJJHIGFAW66DA,0.0,0.0,0.0,無,
金湖鎮,房地(土地+建物),金門縣金湖鎮安民５９號四樓之１,63.07,都市：其他:自然村專用區,,,1120112,土地1建物1車位0,四層,四層,華廈(10層含以下有電梯),住家用,鋼筋混凝土造,1101021,119.05,3,2,2,有,無,7050000,59219,,0.0,0,,RPPNMLLJKHIGFAW68DA,80.87,0.0,21.52,有,
金寧鄉,房地(土地+建物),金門縣金寧鄉嚨口３６號,44.71,都市：其他:自然村專用區,,,1120105,土地1建物1車位0,一層,三層,公寓(5樓含以下無電梯),住家用,鋼筋混凝土造,1090721,85.08000000000001,3,2,2,有,無,5650000,66408,,0.0,0,,RPQNMLLJKHIGFAW78DA,75.93,0.0,0.0,無,
金寧鄉,房地(土地+建物),金門縣金寧鄉榜林６之１７號三樓,70.33,都市：其他:自然村專用區,,,1120105,土地3建物1車位0,三層,五層,華廈(10層含以下有電梯),住家用,鋼筋混凝土造,1111007,117.30000000000001,3,2,2,有,無,8950000,76300,,0.0,0,,RPRNMLMJKHIGFAW98DA,88.8,0.0,10.38,有,
金湖鎮,土地,北五劃段342地號,2444.34,都市：其他:國家公園區,,,1120105,土地5建物0車位0,,,其他,,,,0.0,0,0,0,有,無,13500000,5523,,0.0,0,買方除買賣價金外另負擔土地增值稅。本約瓊林村測段360地號土地，買賣價金為新台幣400萬元正；北五劃段342地號、北五劃段343地號、北五劃段375-5地號、瓊林段598-1地號等四筆土地買賣價金合計為新台幣950萬元正。,RPRNMLPJJHIGFAW56DA,0.0,0.0,0.0,無,
烈嶼鄉,土地,東園劃段167地號,398.72,農,,,1120117,土地1建物0車位0,,,其他,,,,0.0,0,0,0,有,無,2510000,6295,,0.0,0,,RPPNMLSKJHIGFAW76DA,0.0,0.0,0.0,無,022
烈嶼鄉,土地,東園劃段167地號,161.54,農,,,1120117,土地1建物0車位0,,,其他,,,,0.0,0,0,0,有,無,1018000,6302,,0.0,0,,RPQNMLSKJHIGFAW86DA,0.0,0.0,0.0,無,022
金沙鎮,土地,高坑劃測段32地號,97.0,都市：其他:自然村專用區,,,1120119,土地1建物0車位0,,,其他,,,,0.0,0,0,0,有,無,1500000,15464,,0.0,0,,RPTNMLOJKHIGFAW76DA,0.0,0.0,0.0,無,
金城鎮,土地,古井段83地號,19.0,農,,,1120109,土地1建物0車位0,,,其他,,,,0.0,0,0,0,有,無,151240,7960,,0.0,0,國有財產法第52條之1第1項第6款規定市場查估現值計價政府機關標讓售；,RPPNMLKKJHIGFAW58DA,0.0,0.0,0.0,無,
金城鎮,土地,庵前劃測段368-1地號,42.23,都市：其他:道路用地,,,1120130,土地1建物0車位0,,,其他,,,,0.0,0,0,0,有,無,400000,9472,,0.0,0,包含公共設施保留地用地；,RPPNMLOJKHIGFAW09EA,0.0,0.0,0.0,無,
金沙鎮,土地,大山段173-67地號,30000.0,都市：其他:道路用地,,,1120118,土地2建物0車位0,,,其他,,,,0.0,0,0,0,有,無,40800000,1360,,0.0,0,,RPUNMLOJKHIGFAW86DA,0.0,0.0,0.0,無,024
金沙鎮,土地,大山段173-66地號,12468.0,都市：其他:國家公園區,,,1120118,土地1建物0車位0,,,其他,,,,0.0,0,0,0,有,無,16955500,1360,,0.0,0,,RPVNMLOJKHIGFAW96DA,0.0,0.0,0.0,無,
金沙鎮,土地,大山段173-65地號,53857.47,都市：其他:國家公園區,,,1120118,土地1建物0車位0,,,其他,,,,0.0,0,0,0,有,無,73246940,1360,,0.0,0,,RPWNMLOJKHIGFAW07DA,0.0,0.0,0.0,無,
金沙鎮,土地,大山段173-62地號,10000.0,都市：其他:國家公園區,,,1120118,土地2建物0車位0,,,其他,,,,0.0,0,0,0,有,無,20000000,2000,,0.0,0,,RPXNMLOJKHIGFAW17DA,0.0,0.0,0.0,無,
金沙鎮,土地,大山段173-61地號,10000.0,都市：其他:國家公園區,,,1120118,土地2建物0車位0,,,其他,,,,0.0,0,0,0,有,無,22000000,2200,,0.0,0,,RPOOMLOJKHIGFAW98DA,0.0,0.0,0.0,無,
金沙鎮,土地,大山段173-60地號,5000.0,都市：其他:國家公園區,,,1120118,土地2建物0車位0,,,其他,,,,0.0,0,0,0,有,無,10000000,2000,,0.0,0,,RPPOMLOJKHIGFAW09DA,0.0,0.0,0.0,無,
金沙鎮,土地,大山段173-59地號,5000.0,都市：其他:國家公園區,,,1120118,土地2建物0車位0,,,其他,,,,0.0,0,0,0,有,無,10000000,2000,,0.0,0,,RPQOMLOJKHIGFAW56DA,0.0,0.0,0.0,無,
金沙鎮,土地,大山段173地號,20746.5,都市：其他:國家公園區,,,1120118,土地4建物0車位0,,,其他,,,,0.0,0,0,0,有,無,22000000,1060,,0.0,0,,RPROMLOJKHIGFAW66DA,0.0,0.0,0.0,無,
金沙鎮,土地,東店段422地號,4917.01,都市：其他:風景區,,,1120112,土地7建物0車位0,,,其他,,,,0.0,0,0,0,有,無,22120000,4499,,0.0,0,,RPTNMLMKJHIGFAW56DA,0.0,0.0,0.0,無,
金寧鄉,土地,寧安二劃段474地號,400.0,農,,,1120126,土地1建物0車位0,,,其他,,,,0.0,0,0,0,有,無,1500000,3750,,0.0,0,,RPRNMLNJKHIGFAW09DA,0.0,0.0,0.0,無,
金寧鄉,土地,寧湖三劃段387地號,1000.0,農,,,1120104,土地1建物0車位0,,,其他,,,,0.0,0,0,0,有,無,8200000,8200,,0.0,0,,RPSNMLQJKHIGFAW86DA,0.0,0.0,0.0,無,
金城鎮,房地(土地+建物),金門縣金城鎮後豐港３９之６號四樓,39.21,都市：其他:自然村專用區,,,1120110,土地2建物1車位0,四層,五層,華廈(10層含以下有電梯),住家用,鋼筋混凝土造,1111122,82.49000000000001,3,2,2,有,無,6300000,76373,,0.0,0,,RPPNMLLMJHIGFAW88DA,64.84,0.0,6.42,有,
金湖鎮,房地(土地+建物),金門縣金湖鎮市港五路１５８之１號２樓,8.2,商,,,1120112,土地1建物1車位0,二層,十層,華廈(10層含以下有電梯),商業用,鋼筋混凝土造,1090408,57.67,1,1,1,有,無,4890000,84793,,0.0,0,,RPPNMLKKKHIGFAW78EA,31.71,1.11,4.91,有,
金湖鎮,房地(土地+建物)+車位,金門縣金湖鎮市港五路１６２之１號９樓,7.64,商,,,1120112,土地1建物1車位1,九層,十層,華廈(10層含以下有電梯),商業用,鋼筋混凝土造,1090408,78.11,1,1,1,有,無,6200000,98568,坡道平面,24.34,900000,房屋價款含土地款＄5300000元；車位款＄900000元。,RPQNMLKKKHIGFAW88EA,29.3,0.98,4.91,有,
金寧鄉,土地,寧湖二劃測段704地號,553.03,農,,,1120105,土地1建物0車位0,,,其他,,,,0.0,0,0,0,有,無,1800000,3255,,0.0,0,,RPQNMLMKJHIGFAW98EA,0.0,0.0,0.0,無,
金湖鎮,土地,中四劃段339地號,700.0,農,,,1120119,土地1建物0車位0,,,其他,,,,0.0,0,0,0,有,無,2620000,3743,,0.0,0,,RPQNMLTKJHIGFAW96DA,0.0,0.0,0.0,無,
烈嶼鄉,土地,九宮測段515地號,117.37,都市：其他:自然村專用區,,,1120114,土地1建物0車位0,,,其他,,,,0.0,0,0,0,有,無,938000,7992,,0.0,0,包含公共設施保留地用地；,RPUNMLRKJHIGFAW17DA,0.0,0.0,0.0,無,
烈嶼鄉,土地,古廟段87地號,101.0,都市：其他:自然村專用區,,,1120131,土地1建物0車位0,,,其他,,,,0.0,0,0,0,無,無,725988,7188,,0.0,0,親友、員工、共有人或其他特殊關係間之交易；,RPPNMLQKKHIGFAW66DA,0.0,0.0,0.0,無,
金寧鄉,房地(土地+建物),金門縣金寧鄉中堡１之７號二樓,30.61,都市：其他:自然村專用區,,,1120110,土地2建物1車位0,二層,五層,華廈(10層含以下有電梯),住家用,鋼筋混凝土造,1111110,90.81,3,1,2,無,無,6450000,71027,,0.0,0,,RPXNMLSKKHIGFAW67DA,68.58,0.0,5.72,有,
金寧鄉,房地(土地+建物)+車位,金門縣金寧鄉下堡１００之１３號,77.13,都市：其他:自然村專用區,,,1120109,土地1建物1車位1,一層,三層,公寓(5樓含以下無電梯),住家用,鋼筋混凝土造,1021120,217.79,4,0,4,無,有,20000000,91832,坡道平面,26.93,0,,RPRNMLLLKHIGFAW56EA,124.2,0.0,13.49,無,025
金城鎮,土地,水頭段133地號,465.11,農,,,1120109,土地2建物0車位0,,,其他,,,,0.0,0,0,0,有,無,2600000,5590,,0.0,0,包含公共設施保留地用地；,RPRNMLTJJHIGFAW96DA,0.0,0.0,0.0,無,
金城鎮,房地(土地+建物),金門縣金城鎮民族路２４６巷５號四樓,15.7,住,,,1120130,土地1建物1車位0,四層,四層,公寓(5樓含以下無電梯),辦公用,鋼筋混凝土造,1040811,43.21,1,1,1,無,無,4200000,97200,,0.0,0,,RPSNMLLJLHIGFAW09DA,32.23,0.0,4.16,無,026
金湖鎮,房地(土地+建物),金門縣金湖鎮士校路１４７１號,102.62,都市：其他:自然村專用區,,,1120110,土地1建物1車位0,全,三層,透天厝,住家用,鋼筋混凝土造,1030924,176.05,5,2,5,有,無,9200000,52258,,0.0,0,,RPRNMLLKJHIGFAW88DA,165.17,0.0,10.88,無,027
烈嶼鄉,土地,九宮測段223地號,2637.85,都市：其他:保護區,,,1120117,土地11建物0車位0,,,其他,,,,0.0,0,0,0,有,無,2862000,1085,,0.0,0,包含公共設施保留地用地；,RPTNMLSKJHIGFAW17DA,0.0,0.0,0.0,無,028
金湖鎮,房地(土地+建物),金門縣金湖鎮環島南路塔后段２巷８號三樓,72.79,都市：其他:自然村專用區,,,1120113,土地2建物1車位0,三層,三層,公寓(5樓含以下無電梯),住家用,鋼筋混凝土造,0940411,132.42000000000002,3,2,2,有,無,6700000,50597,,0.0,0,,RPWNMLQKJHIGFAW27DA,112.82,0.0,11.44,無,
金沙鎮,土地,官嶼劃段562地號,1000.0,農,,,1120107,土地2建物0車位0,,,其他,,,,0.0,0,0,0,有,無,3500000,3500,,0.0,0,,RPSNMLOJKHIGFAW66DA,0.0,0.0,0.0,無,
金城鎮,土地,庵前村測段81地號,997.37,農,,,1111202,土地2建物0車位0,,,其他,,,,0.0,0,0,0,有,無,5000000,5013,,0.0,0,買方除買賣價金外另負擔土地增值稅。金城鎮庵前村測段81地號土地，買賣價金：150萬元；金城鎮莒光樓段747地號土地，買賣價金：350萬元。,RPQNMLPJKIHGFAW56DA,0.0,0.0,0.0,無,
金湖鎮,房地(土地+建物),金門縣金湖鎮塔后２０８之５號,125.03,都市：其他:自然村專用區,,,1111201,土地1建物1車位0,全,三層,透天厝,住家用,鋼筋混凝土造,0870720,240.15,5,3,6,有,無,10800000,44972,,0.0,0,,RPSNMLTJKIHGFAW27EA,229.11,3.68,7.36,無,
金城鎮,土地,山前段22-1地號,0.99,農,,,1111214,土地1建物0車位0,,,其他,,,,0.0,0,0,0,有,無,2000,0,,0.0,0,,RPQNMLOKKIHGFAW66EA,0.0,0.0,0.0,無,
金沙鎮,土地,北九十劃段240地號,488.72,農,,,1111202,土地1建物0車位0,,,其他,,,,0.0,0,0,0,有,無,1000000,2046,,0.0,0,,RPQNMLSJKIHGFAW86DA,0.0,0.0,0.0,無,
金沙鎮,土地,洋山測段434地號,309.05,農,,,1111202,土地1建物0車位0,,,其他,,,,0.0,0,0,0,有,無,1300000,4206,,0.0,0,包含公共設施保留地用地；,RPTNMLOKKIHGFAW86DA,0.0,0.0,0.0,無,
金湖鎮,房地(土地+建物),金門縣金湖鎮復興路４４號,58.55,商,,,1111206,土地2建物1車位0,全,三層,透天厝,住商用,鋼筋混凝土造,0660215,156.56,4,2,2,有,無,9333000,59613,,0.0,0,,RPUNMLPKKIHGFAW17EA,156.56,0.0,0.0,無,
金城鎮,土地,賢厝段767地號,533.0,農,,,1111207,土地1建物0車位0,,,其他,,,,0.0,0,0,0,有,無,1200000,2251,,0.0,0,,RPPNMLPKKIHGFAW56DA,0.0,0.0,0.0,無,029
烈嶼鄉,土地,庵下測段212地號,3426.34,農,,,1111202,土地8建物0車位0,,,其他,,,,0.0,0,0,0,有,無,15500000,4524,,0.0,0,,RPVNMLRJKIHGFAW27DA,0.0,0.0,0.0,無,
金寧鄉,土地,寧湖六劃段86地號,500.0,農,,,1111205,土地1建物0車位0,,,其他,,,,0.0,0,0,0,有,無,2800000,5600,,0.0,0,,RPUNMLPJKIHGFAW96DA,0.0,0.0,0.0,無,
金寧鄉,土地,寧劃段1174地號,980.46,農,,,1111213,土地2建物0車位0,,,其他,,,,0.0,0,0,0,有,無,1900000,1938,,0.0,0,,RPRNMLQKKIHGFAW86DA,0.0,0.0,0.0,無,030
金湖鎮,土地,庵邊段295地號,42.8,都市：其他:自然村專用區,,,1111218,土地1建物0車位0,,,其他,,,,0.0,0,0,0,有,無,400000,9346,,0.0,0,親友、員工、共有人或其他特殊關係間之交易；未登記建物；,RPUNMLTKKIHGFAW57EA,0.0,0.0,0.0,無,
金城鎮,土地,延平段75地號,704.6,都市：其他:風景區,,,1111215,土地3建物0車位0,,,其他,,,,0.0,0,0,0,有,無,3364614,4775,,0.0,0,含土地增值稅或其他稅費388014元；協議價購；,RPPNMLKLKIHGFAW88EA,0.0,0.0,0.0,無,
金城鎮,土地,金門城測段192地號,455.1,都市：其他:自然村專用區,,,1111216,土地2建物0車位0,,,其他,,,,0.0,0,0,0,有,無,12350000,27137,,0.0,0,,RPPNMLQKKIHGFAW66DA,0.0,0.0,0.0,無,
金寧鄉,房地(土地+建物),金門縣金寧鄉下堡１００之２９號三樓之２,14.02,都市：其他:自然村專用區,,,1111206,土地1建物1車位0,三層,三層,公寓(5樓含以下無電梯),住家用,鋼筋混凝土造,1031016,24.7,1,1,1,有,無,1750000,70850,,0.0,0,,RPTNMLQJKIHGFAW96DA,19.34,0.0,2.06,無,
金寧鄉,房地(土地+建物)+車位,金門縣金寧鄉下堡１００之１７號三樓,20.53,都市：其他:自然村專用區,,,1111202,土地1建物1車位1,三層,三層,公寓(5樓含以下無電梯),住家用,鋼筋混凝土造,1021120,57.83,1,1,1,有,有,3000000,51876,坡道平面,26.94,0,,RPVNMLPJKIHGFAW07DA,20.0,0.0,2.15,無,031
金湖鎮,土地,士校段383-6地號,1365.99,都市：其他:自然村專用區,,,1111215,土地2建物0車位0,,,其他,,,,0.0,0,0,0,有,無,31650000,23170,,0.0,0,包含公共設施保留地用地；,RPTNMLTKKIHGFAW37DA,0.0,0.0,0.0,無,
金城鎮,土地,祥瑞段720-1地號,5.19,都市：其他:道路用地,,,1111221,土地1建物0車位0,,,其他,,,,0.0,0,0,0,有,無,200000,38536,,0.0,0,親友、員工、共有人或其他特殊關係間之交易；,RPQNMLLLKIHGFAW98DA,0.0,0.0,0.0,無,
金城鎮,土地,祥瑞段720-3地號,6.67,都市：其他:道路用地,,,1111221,土地1建物0車位0,,,其他,,,,0.0,0,0,0,有,無,200000,29985,,0.0,0,親友、員工、共有人或其他特殊關係間之交易；,RPRNMLLLKIHGFAW09DA,0.0,0.0,0.0,無,
金城鎮,土地,山前段685-2地號,17.0,都市：其他:道路用地,,,1111219,土地1建物0車位0,,,其他,,,,0.0,0,0,0,有,無,138000,8118,,0.0,0,,RPQNMLTKKIHGFAW07DA,0.0,0.0,0.0,無,
金沙鎮,土地,東珩段709-2地號,3342.58,,,,1111201,土地2建物0車位0,,,其他,,,,0.0,0,0,0,有,無,14000000,4188,,0.0,0,,RPVNMLQJKIHGFAW17DA,0.0,0.0,0.0,無,
金城鎮,房地(土地+建物),金門縣金城鎮西海路三段３９巷２弄５號二樓,45.46,農,,,1111214,土地1建物1車位0,二層,五層,華廈(10層含以下有電梯),住家用,鋼筋混凝土造,1100611,106.32,3,2,2,有,無,6550000,61606,,0.0,0,土地262萬元、建物393萬元，契稅12630元由賣方支付。,RPPNMLLLKIHGFAW88DA,78.36,0.0,7.58,有,032
金寧鄉,土地,寧湖三劃段669地號,900.0,農,,,1111213,土地2建物0車位0,,,其他,,,,0.0,0,0,0,有,無,7500000,8333,,0.0,0,,RPTNMLRLKIHGFAW37EA,0.0,0.0,0.0,無,
金城鎮,房地(土地+建物),金門縣金城鎮前水頭８５號,164.27,都市：其他:國家公園區,,,1111209,土地2建物1車位0,全,一層,透天厝,住家用,磚造,0010115,58.14,3,2,2,有,無,2800000,48160,,0.0,0,親友、員工、共有人或其他特殊關係間之交易；,RPRNMLTKKIHGFAW17DA,47.63,0.0,10.51,無,
金湖鎮,土地,石牌段381地號,1892.99,農,,,1111207,土地2建物0車位0,,,其他,,,,0.0,0,0,0,有,無,9200000,4860,,0.0,0,,RPSNMLQKKIHGFAW96DA,0.0,0.0,0.0,無,
烈嶼鄉,土地,公園測段2地號,1016.19,都市：其他:保護區,,,1111216,土地9建物0車位0,,,其他,,,,0.0,0,0,0,有,無,1371000,1349,,0.0,0,,RPRNMLQLKIHGFAW96DA,0.0,0.0,0.0,無,
金寧鄉,土地,東洲段578地號,1297.86,都市：其他:保護區,,,1111213,土地1建物0車位0,,,其他,,,,0.0,0,0,0,有,無,4850000,3737,,0.0,0,,RPXNMLNKKIHGFAW17DA,0.0,0.0,0.0,無,033
金寧鄉,房地(土地+建物),金門縣金寧鄉盤果路６９號三樓,50.75,都市：其他:自然村專用區,,,1111201,土地1建物1車位0,三層,四層,公寓(5樓含以下無電梯),住家用,鋼筋混凝土造,1110817,123.78,3,2,2,有,無,9000000,72710,,0.0,0,本案土地價款:新台幣３６０萬元整；本案建物價款:新台幣５４０萬元整。,RPTNMLQLKIHGFAW17DA,91.22,0.0,9.35,無,
金沙鎮,土地,沙碧劃段339地號,1561.8,農,,,1111208,土地2建物0車位0,,,其他,,,,0.0,0,0,0,有,無,3100000,1985,,0.0,0,本買賣價金包含金沙鎮碧山段485地號土地之交易價款。,RPPNMLSJKIHGFAW76DA,0.0,0.0,0.0,無,
金寧鄉,房地(土地+建物),金門縣金寧鄉下堡１００之２８號三樓之２,14.02,都市：其他:自然村專用區,,,1111218,土地1建物1車位0,三層,三層,公寓(5樓含以下無電梯),住家用,鋼筋混凝土造,1031016,24.7,1,1,1,有,無,1730000,70040,,0.0,0,,RPUNMLKLKIHGFAW66DA,19.34,0.0,2.06,無,
烈嶼鄉,土地,烈新段176地號,510.92,住,,,1111201,土地1建物0車位0,,,其他,,,,0.0,0,0,0,有,無,12300000,24074,,0.0,0,,RPQNMLSLKIHGFAW17EA,0.0,0.0,0.0,無,
金城鎮,土地,祥和段1009地號,280.0,住,,,1111228,土地1建物0車位0,,,其他,,,,0.0,0,0,0,有,無,17000000,60714,,0.0,0,,RPSNMLSLKIHGFAW37EA,0.0,0.0,0.0,無,034
金城鎮,土地,庵前劃測段50地號,600.01,農,,,1111219,土地1建物0車位0,,,其他,,,,0.0,0,0,0,有,無,4500000,7500,,0.0,0,,RPQNMLTLKIHGFAW27EA,0.0,0.0,0.0,無,
金寧鄉,房地(土地+建物),金門縣金寧鄉下堡１００之２９號三樓之３,15.86,都市：其他:自然村專用區,,,1111222,土地1建物1車位0,三層,三層,公寓(5樓含以下無電梯),住家用,鋼筋混凝土造,1031016,28.08,1,1,1,有,無,1950000,69444,,0.0,0,,RPPNMLNLKIHGFAW09DA,22.28,0.0,2.06,無,
金寧鄉,土地,寧安四劃段316地號,1000.0,都市：其他:自然村專用區,,,1111201,土地1建物0車位0,,,其他,,,,0.0,0,0,0,有,無,30000000,30000,,0.0,0,,RPSNMLLJKIHGFAW98DA,0.0,0.0,0.0,無,
金沙鎮,土地,汶沙測段318地號,92.93,住,,,1111222,土地1建物0車位0,,,其他,,,,0.0,0,0,0,有,無,1820000,19585,,0.0,0,親友、員工、共有人或其他特殊關係間之交易；,RPRNMLSLKIHGFAW17DA,0.0,0.0,0.0,無,
烈嶼鄉,土地,九宮測段223地號,2755.22,都市：其他:保護區,,,1111208,土地12建物0車位0,,,其他,,,,0.0,0,0,0,有,無,2245962,815,,0.0,0,公園測段399地號九宮測段187188192196223235435479515-1544地號總價1402306元；九宮測段515地號總價843656元。,RPSNMLTLKIHGFAW37DA,0.0,0.0,0.0,無,028
金城鎮,土地,水頭段430地號,329.43,都市：其他:國家公園區,,,1111219,土地1建物0車位0,,,其他,,,,0.0,0,0,0,有,無,520000,1578,,0.0,0,,RPUNMLTLKIHGFAW57DA,0.0,0.0,0.0,無,
金寧鄉,房地(土地+建物),金門縣金寧鄉榜林６之１５號四樓,70.33,都市：其他:自然村專用區,,,1111223,土地3建物1車位0,四層,五層,華廈(10層含以下有電梯),住家用,鋼筋混凝土造,1111007,119.56,3,2,2,有,無,8200000,68585,,0.0,0,,RPUNMLKMKIHGFAW76DA,89.21,0.0,12.23,有,
金城鎮,土地,水頭段419地號,294.06,都市：其他:國家公園區,,,1111228,土地1建物0車位0,,,其他,,,,0.0,0,0,0,有,無,1800000,6121,,0.0,0,,RPRNMLTLKIHGFAW37EA,0.0,0.0,0.0,無,
金寧鄉,土地,寧安四劃段137地號,673.0,農,,,1111223,土地1建物0車位0,,,其他,,,,0.0,0,0,0,有,無,2700000,4012,,0.0,0,,RPQNMLKMKIHGFAW09EA,0.0,0.0,0.0,無,
金城鎮,土地,水頭段1039地號,794.07,農,,,1111217,土地1建物0車位0,,,其他,,,,0.0,0,0,0,有,無,1300000,1637,,0.0,0,,RPPNMLMJJHIGFAW68DA,0.0,0.0,0.0,無,036
金沙鎮,土地,汶沙測段606-28地號,200.46,住,,,1111226,土地2建物0車位0,,,其他,,,,0.0,0,0,0,有,無,6800000,33922,,0.0,0,,RPXNMLKMKIHGFAW07DA,0.0,0.0,0.0,無,037
金寧鄉,房地(土地+建物),金門縣金寧鄉盤果路６９號,50.75,都市：其他:自然村專用區,,,1111226,土地1建物1車位0,一層,四層,華廈(10層含以下有電梯),住家用,鋼筋混凝土造,1110817,114.43,3,2,2,有,無,12000000,104868,,0.0,0,本買賣標的包括約定專用停車位。親友、員工、共有人或其他特殊關係間之交易；,RPXNMLKMKIHGFAW17EA,91.22,0.0,0.0,有,
金寧鄉,房地(土地+建物),金門縣金寧鄉盤果路６９號四樓,50.71,都市：其他:自然村專用區,,,1111226,土地1建物1車位0,四層,四層,華廈(10層含以下有電梯),住家用,鋼筋混凝土造,1110817,123.78,3,2,2,有,無,10000000,80788,,0.0,0,親友、員工、共有人或其他特殊關係間之交易；,RPOOMLKMKIHGFAW98EA,91.22,0.0,9.35,有,
金湖鎮,房地(土地+建物),金門縣金湖鎮市港三路１６９號７樓之１,14.47,住,,,1111207,土地1建物1車位0,七層,九層,華廈(10層含以下有電梯),住家用,鋼筋混凝土造,1101110,80.2,2,2,2,有,無,5600000,69825,,0.0,0,預售屋、或土地及建物分件登記案件；,RPXNMLRJKIHGFAW47DA,50.94,0.0,6.05,有,
金湖鎮,房地(土地+建物),金門縣金湖鎮市港三路１６９號４樓之１,14.47,住,,,1111207,土地1建物1車位0,四層,九層,華廈(10層含以下有電梯),住家用,鋼筋混凝土造,1101110,80.2,2,2,2,有,無,5280000,65835,,0.0,0,預售屋、或土地及建物分件登記案件；,RPPOMLRJKIHGFAW76DA,50.94,0.0,6.05,有,
金城鎮,土地,莒光樓段218地號,440.0,都市：其他:風景區,,,1111222,土地1建物0車位0,,,其他,,,,0.0,0,0,0,有,無,5500000,12500,,0.0,0,具重建或重劃、都更等效益；,RPQNMLQLKIHGFAW86DA,0.0,0.0,0.0,無,038
金湖鎮,房地(土地+建物),金門縣金湖鎮市港三路１６９號７樓,21.67,住,,,1111219,土地1建物1車位0,七層,九層,華廈(10層含以下有電梯),住家用,鋼筋混凝土造,1101110,120.79,3,2,2,有,無,8680000,71860,,0.0,0,預售屋、或土地及建物分件登記案件；,RPTNMLKLKIHGFAW56DA,79.0,0.0,6.54,有,
金湖鎮,土地,料羅段441地號,270.11,都市：其他:保護區,,,1111208,土地1建物0車位0,,,其他,,,,0.0,0,0,0,有,無,350000,1296,,0.0,0,,RPUNMLNKKIHGFAW86DA,0.0,0.0,0.0,無,039
金湖鎮,房地(土地+建物),金門縣金湖鎮赤東路１９號８樓,18.97,住,,,1111214,土地1建物1車位0,八層,十層,華廈(10層含以下有電梯),住家用,鋼筋混凝土造,1041201,99.58,2,2,1,有,有,6950000,69793,,0.0,0,,RPVNMLPKKIHGFAW17DA,65.94,5.35,5.51,有,040
金寧鄉,房地(土地+建物),金門縣金寧鄉榜林６之１８號五樓,70.33,都市：其他:自然村專用區,,,1111226,土地3建物1車位0,五層,五層,華廈(10層含以下有電梯),住家用,鋼筋混凝土造,1111007,119.56,3,2,2,有,無,9200000,76949,,0.0,0,,RPRNMLOJJHIGFAW09DA,89.21,0.0,12.23,有,
金寧鄉,房地(土地+建物),金門縣金寧鄉榜林６之１７號,70.33,都市：其他:自然村專用區,,,1111228,土地3建物1車位0,一層,五層,華廈(10層含以下有電梯),住家用,鋼筋混凝土造,1111007,117.30000000000001,3,2,2,有,無,8860000,75533,,0.0,0,,RPSNMLOJJHIGFAW56DA,88.8,0.0,10.38,有,
金城鎮,土地,金城劃段226地號,1454.99,農,,,1111228,土地4建物0車位0,,,其他,,,,0.0,0,0,0,有,無,31500000,21650,,0.0,0,買方除買賣價金外另負擔土地增值稅。包含公共設施保留地用地；,RPVNMLKMKIHGFAW86DA,0.0,0.0,0.0,無,
金城鎮,土地,古崗段36地號,718.06,都市：其他:風景區,,,1111209,土地2建物0車位0,,,其他,,,,0.0,0,0,0,有,無,1000000,1393,,0.0,0,,RPPNMLTLKIHGFAW07DA,0.0,0.0,0.0,無,
烈嶼鄉,土地,東園劃段82地號,798.86,農,,,1111224,土地1建物0車位0,,,其他,,,,0.0,0,0,0,有,無,4793160,6000,,0.0,0,,RPPNMLOJJHIGFAW98EA,0.0,0.0,0.0,無,041
金寧鄉,土地,古寧頭測段56地號,209.02,都市：其他:國家公園區-第一類一般管制區-生活發展用地,,,1111226,土地1建物0車位0,,,其他,,,,0.0,0,0,0,有,無,3750000,17941,,0.0,0,,RPRNMLRJJHIGFAW86EA,0.0,0.0,0.0,無,
金寧鄉,房地(土地+建物),金門縣金寧鄉埔後２３３號,462.0,農,,,1111223,土地1建物1車位0,全,三層,透天厝,農業用,鋼筋混凝土造,1111017,389.02,9,2,10,有,無,20000000,51411,,0.0,0,親友、員工、共有人或其他特殊關係間之交易；,RPPNMLRJJHIGFAW56DA,357.53,0.0,31.49,無,
金寧鄉,土地,寧劃段853地號,489.63,農,,,1111229,土地1建物0車位0,,,其他,,,,0.0,0,0,0,有,無,2100000,4289,,0.0,0,,RPTNMLTLKIHGFAW47DA,0.0,0.0,0.0,無,
金城鎮,房地(土地+建物)+車位,金門縣金城鎮民權路２２６巷２弄１２號五樓之１,23.19,住,,,1111209,土地2建物1車位1,五層,十一層,住宅大樓(11層含以上有電梯),住家用,鋼筋混凝土造,1051104,155.95,3,2,2,有,有,10600000,80100,坡道平面,36.1,1000000,本買賣標的包含：金城鎮祥豐段39、40地號土地，權利範圍各為：168/10000；建號：165 權利範圍：1/1；停車位編號：22 。,RPSNMLNJJHIGFAW09DA,80.89,0.0,8.13,有,
金沙鎮,土地,北九十劃段216地號,976.97,農,,,1111209,土地1建物0車位0,,,其他,,,,0.0,0,0,0,有,無,3100000,3173,,0.0,0,,RPRNMLNLKIHGFAW66DA,0.0,0.0,0.0,無,
金城鎮,車位,金門縣金城鎮民權路２２６巷２弄１１、１２號等４５戶,0.28,住,,,1111215,土地2建物1車位2,,,其他,,,,72.21,0,0,0,有,無,2300000,,坡道平面,72.2,0,僅車位交易；,RPTNMLLLKIHGFAW66DA,0.0,0.0,0.0,無,042
金寧鄉,房地(土地+建物)+車位,金門縣金寧鄉前厝４６之８號,55.76,都市：其他:自然村專用區,,,1111208,土地1建物1車位1,一層,三層,華廈(10層含以下有電梯),住家用,鋼筋混凝土造,1060614,139.13,2,2,2,有,有,7000000,50313,坡道平面,13.76,0,,RPPNMLTJKIHGFAW86DA,82.57,0.0,0.0,有,043
金湖鎮,房地(土地+建物),金門縣金湖鎮料羅新村８２８號一樓之１,67.7,都市：其他:自然村專用區,,,1111211,土地2建物1車位0,一層,四層,華廈(10層含以下有電梯),住家用,鋼筋混凝土造,1100708,145.63,3,2,2,有,有,7700000,52874,,0.0,0,,RPOOMLNKKIHGFAW98DA,120.89,0.0,3.7,有,044
烈嶼鄉,土地,烈濱劃測段1139地號,199.33,農,,,1111231,土地1建物0車位0,,,其他,,,,0.0,0,0,0,有,無,950000,4766,,0.0,0,,RPPNMLTJJHIGFAW86EA,0.0,0.0,0.0,無,020
金沙鎮,土地,沙宅劃段433地號,603.0,農,,,1111201,土地1建物0車位0,,,其他,,,,0.0,0,0,0,有,無,3006800,4986,,0.0,0,地清或未辦繼承標售；,RPSNMLTJJHIGFAW17EA,0.0,0.0,0.0,無,
金沙鎮,土地,沙宅劃段62地號,1000.0,農,,,1111202,土地1建物0車位0,,,其他,,,,0.0,0,0,0,有,無,3880000,3880,,0.0,0,地清或未辦繼承標售；,RPPOMLKKJHIGFAW78EA,0.0,0.0,0.0,無,
金湖鎮,房地(土地+建物)+車位,金門縣金湖鎮市港五路１５１號五樓之８,13.45,住,,,1111221,土地1建物1車位1,五層,九層,華廈(10層含以下有電梯),住家用,鋼筋混凝土造,1051123,94.58000000000001,2,1,1,有,有,6300000,66610,坡道機械,0.0,0,,RPRNMLKKJHIGFAW78DA,49.53,4.08,4.7,有,046
金寧鄉,土地,中二劃段222地號,900.0,農,,,1111228,土地1建物0車位0,,,其他,,,,0.0,0,0,0,有,無,10300000,11444,,0.0,0,,RPQNMLKMKIHGFAW98DA,0.0,0.0,0.0,無,047
金城鎮,土地,蜈蚣山段306地號,1317.57,都市：其他:國家公園區,,,1111221,土地2建物0車位0,,,其他,,,,0.0,0,0,0,有,無,1700000,1290,,0.0,0,,RPRNMLKMKIHGFAW09DA,0.0,0.0,0.0,無,
金寧鄉,土地,長寮段618地號,871.1,都市：其他:自然村專用區,,,1111203,土地2建物0車位0,,,其他,,,,0.0,0,0,0,有,無,13000000,14924,,0.0,0,,RPQNMLOJJHIGFAW09EA,0.0,0.0,0.0,無,
金湖鎮,房地(土地+建物),金門縣金湖鎮夏興１２之１號二樓,48.38,都市：其他:自然村專用區,,,1111221,土地1建物1車位0,二層,三層,公寓(5樓含以下無電梯),住家用,鋼筋混凝土造,1060407,91.13,3,2,2,有,無,5950000,65284,,0.0,0,,RPTNMLKKJHIGFAW98DA,76.1,0.0,8.51,無,
烈嶼鄉,土地,古廟段104地號,234.0,都市：其他:自然村專用區,,,1111225,土地1建物0車位0,,,其他,,,,0.0,0,0,0,有,無,4000000,17094,,0.0,0,,RPTNMLLKJHIGFAW09DA,0.0,0.0,0.0,無,
金城鎮,房地(土地+建物),金門縣金城鎮珠浦南路５０巷１１號三樓,26.73,住,,,1111227,土地1建物1車位0,三層,五層,華廈(10層含以下有電梯),住家用,鋼筋混凝土造,1110728,70.81,2,2,1,有,無,5800000,81909,,0.0,0,,RPSNMLKMKIHGFAW56DA,51.65,0.0,4.01,有,
金城鎮,房地(土地+建物),金門縣金城鎮珠浦南路５０巷１２號三樓,26.73,住,,,1111227,土地1建物1車位0,三層,五層,華廈(10層含以下有電梯),住家用,鋼筋混凝土造,1110728,70.81,2,2,1,有,無,5800000,81909,,0.0,0,,RPTNMLKMKIHGFAW66DA,51.65,0.0,4.01,有,
金寧鄉,土地,寧湖三劃段203地號,500.0,農,,,1111226,土地1建物0車位0,,,其他,,,,0.0,0,0,0,有,無,4500000,9000,,0.0,0,,RPPNMLKMKIHGFAW88DA,0.0,0.0,0.0,無,
金沙鎮,土地,保生段45地號,228.59,住,,,1111230,土地1建物0車位0,,,其他,,,,0.0,0,0,0,有,無,9200000,40247,,0.0,0,,RPSNMLQJJHIGFAW76DA,0.0,0.0,0.0,無,
金城鎮,車位,金門縣金城鎮民權路２２６巷２弄１１、１２號等４５戶,0.14,住,,,1111227,土地2建物1車位1,,,其他,,,,36.1,0,0,0,有,無,1200000,,坡道平面,36.1,1200000,本買賣標的包含：金城鎮祥豐段39、40地號土地，權利範圍各為1/10000。僅車位交易；,RPQNMLNJJHIGFAW88DA,0.0,0.0,0.0,無,042
金城鎮,車位,金門縣金城鎮民權路２２６巷２弄１１、１２號等４５戶,0.14,住,,,1111226,土地2建物1車位1,,,其他,,,,36.1,0,0,0,有,無,1200000,,坡道平面,36.1,1200000,本買賣標的包含：金城鎮祥豐段39、40地號土地，權利範圍各為1/10000。僅車位交易；,RPRNMLNJJHIGFAW98DA,0.0,0.0,0.0,無,042
金寧鄉,房地(土地+建物),金門縣金寧鄉湖南２號,60.5,都市：其他:自然村專用區,,,1111214,土地1建物2車位0,一層,三層,公寓(5樓含以下無電梯),住家用,鋼筋混凝土造,0961011,103.1,2,2,2,有,無,2000000,19399,,0.0,0,親友、員工、共有人或其他特殊關係間之交易；,RPWNMLPKKIHGFAW27DA,83.12,0.0,5.54,無,
金沙鎮,土地,青嶼測段411地號,355.48,都市：其他:國家公園區,,,1111212,土地1建物0車位0,,,其他,,,,0.0,0,0,0,有,無,498686,1403,,0.0,0,地清或未辦繼承標售；,RPQNMLNKJHIGFAW09EA,0.0,0.0,0.0,無,
金湖鎮,房地(土地+建物),金門縣金湖鎮金港路１２３號,1511.08,農,,,1111214,土地1建物1車位0,全,二層,透天厝,農業用,鋼筋混凝土造,1061129,357.21,3,1,3,有,無,14700000,41152,,0.0,0,,RPSNMLNKJHIGFAW66EA,357.21,0.0,0.0,無,
金寧鄉,土地,后湖段1073地號,324.61,農,,,1111214,土地1建物0車位0,,,其他,,,,0.0,0,0,0,有,無,389585,1200,,0.0,0,地清或未辦繼承標售；,RPPNMLQKJHIGFAW66EA,0.0,0.0,0.0,無,
金沙鎮,房地(土地+建物),金門縣金沙鎮沙青路１８０之６號,500.0,農,,,1111227,土地1建物1車位0,全,二層,透天厝,農業用,鋼筋混凝土造,1040105,284.97,5,2,4,有,無,2145700,7530,,0.0,0,親友、員工、共有人或其他特殊關係間之交易；,RPPNMLRKJHIGFAW66DA,259.65,0.0,25.32,無,
金城鎮,土地,北一段257地號,1000.09,農,,,1111218,土地2建物0車位0,,,其他,,,,0.0,0,0,0,有,無,21000000,20998,,0.0,0,,RPVOMLKMKIHGFAW96DA,0.0,0.0,0.0,無,
金城鎮,房地(土地+建物),金門縣金城鎮珠浦西路８２巷４３號,55.13,農,,,1111208,土地3建物1車位0,全,三層,透天厝,住家用,鋼筋混凝土加強磚造,0830823,104.49,5,2,3,有,無,6000000,57422,,0.0,0,親友、員工、共有人或其他特殊關係間之交易；,RPQNMLPJJHIGFAW09DA,104.49,0.0,0.0,無,050
金沙鎮,土地,汶沙測段1776地號,65.47,都市：其他:自然村專用區,,,1111221,土地1建物0車位0,,,其他,,,,0.0,0,0,0,有,無,3500000,53460,,0.0,0,親友、員工、共有人或其他特殊關係間之交易；,RPPNMLRLKIHGFAW86DA,0.0,0.0,0.0,無,
金城鎮,土地,金城劃段255地號,1000.0,農,,,1111208,土地1建物0車位0,,,其他,,,,0.0,0,0,0,有,無,14500000,14500,,0.0,0,,RPRNMLSJKIHGFAW96DA,0.0,0.0,0.0,無,
金城鎮,房地(土地+建物),金門縣金城鎮後豐港３９之２號三樓,39.21,都市：其他:自然村專用區,,,1111208,土地2建物1車位0,三層,五層,華廈(10層含以下有電梯),住家用,鋼筋混凝土造,1111122,82.33000000000001,3,2,2,有,無,6000000,72877,,0.0,0,預售屋、或土地及建物分件登記案件；,RPRNMLQKJHIGFAW76DA,64.84,0.0,6.42,有,
金城鎮,房地(土地+建物),金門縣金城鎮後豐港３９之３號三樓,39.21,都市：其他:自然村專用區,,,1111208,土地2建物1車位0,三層,五層,華廈(10層含以下有電梯),住家用,鋼筋混凝土造,1111122,81.57,3,2,2,有,無,6000000,73556,,0.0,0,預售屋、或土地及建物分件登記案件；,SPRNMLQKJHIGFAW86DA,64.08,0.0,6.42,有,
金城鎮,房地(土地+建物),金門縣金城鎮後豐港３９之２號四樓,39.21,都市：其他:自然村專用區,,,1111208,土地2建物1車位0,四層,五層,華廈(10層含以下有電梯),住家用,鋼筋混凝土造,1111122,82.33000000000001,3,2,2,有,無,6000000,72877,,0.0,0,預售屋、或土地及建物分件登記案件；,RPSNMLQKJHIGFAW86DA,64.84,0.0,6.42,有,
金城鎮,房地(土地+建物),金門縣金城鎮後豐港３９之５號三樓,39.21,都市：其他:自然村專用區,,,1111221,土地2建物1車位0,三層,五層,華廈(10層含以下有電梯),住家用,鋼筋混凝土造,1111122,81.73,3,2,2,有,無,6500000,79530,,0.0,0,預售屋、或土地及建物分件登記案件；,RPTNMLQKJHIGFAW96DA,64.08,0.0,6.42,有,
金城鎮,房地(土地+建物),金門縣金城鎮後豐港３９之６號三樓,39.21,都市：其他:自然村專用區,,,1111226,土地2建物1車位0,三層,五層,華廈(10層含以下有電梯),住家用,鋼筋混凝土造,1111122,82.49000000000001,3,2,2,有,無,6300000,76373,,0.0,0,預售屋、或土地及建物分件登記案件；,RPUNMLQKJHIGFAW07DA,64.84,0.0,6.42,有,
金城鎮,房地(土地+建物)+車位,金門縣金城鎮後豐港３９之６號五樓,39.21,都市：其他:自然村專用區,,,1111212,土地2建物1車位1,五層,五層,華廈(10層含以下有電梯),住家用,鋼筋混凝土造,1111122,122.63,3,2,2,有,無,7750000,78658,坡道平面,36.18,950000,預售屋、或土地及建物分件登記案件；,RPVNMLQKJHIGFAW17DA,64.84,0.0,6.42,有,
金沙鎮,土地,山柄段1080-28地號,1329.89,都市：其他:國家公園區,,,1111230,土地2建物0車位0,,,其他,,,,0.0,0,0,0,有,無,1750000,1316,,0.0,0,,RPWNMLRKJHIGFAW47EA,0.0,0.0,0.0,無,
金沙鎮,土地,鵲山段200地號,1538.34,都市：其他:保護區,,,1111222,土地1建物0車位0,,,其他,,,,0.0,0,0,0,有,無,2000000,1300,,0.0,0,,RPQNMLNLKIHGFAW56DA,0.0,0.0,0.0,無,
金沙鎮,土地,沙宅劃段145地號,589.0,農,,,1111209,土地1建物0車位0,,,其他,,,,0.0,0,0,0,有,無,2506899,4256,,0.0,0,地清或未辦繼承標售；,RPRNMLTKJHIGFAW17EA,0.0,0.0,0.0,無,
烈嶼鄉,土地,大山頂測段206地號,1382.61,都市：其他:自然村專用區,,,1111202,土地2建物0車位0,,,其他,,,,0.0,0,0,0,有,無,24880000,17995,,0.0,0,,RPVNMLRKJHIGFAW27DA,0.0,0.0,0.0,無,
金沙鎮,土地,高坑劃測段424-2地號,436.35,都市：其他:自然村專用區,,,1111226,土地1建物0車位0,,,其他,,,,0.0,0,0,0,有,無,7280000,16684,,0.0,0,,RPUNMLLKJHIGFAW56DA,0.0,0.0,0.0,無,
金沙鎮,土地,擎天段1251-3地號,171.43,都市：其他:自然村專用區,,,1111225,土地1建物0車位0,,,其他,,,,0.0,0,0,0,有,無,2447888,14279,,0.0,0,,RPRNMLLJKHIGFAW98EA,0.0,0.0,0.0,無,051
金湖鎮,房地(土地+建物),金門縣金湖鎮新塘１５２號五樓之１,49.52,都市：其他:自然村專用區,,,1111219,土地1建物1車位0,五層,五層,華廈(10層含以下有電梯),住家用,鋼筋混凝土造,1100723,105.07000000000001,3,2,2,有,無,7900000,75188,,0.0,0,預售屋、或土地及建物分件登記案件；,RPRNMLKLKIHGFAW98DA,80.55,0.0,9.76,有,
金湖鎮,房地(土地+建物),金門縣金湖鎮市港五路１６６之１號２樓,7.62,商,,,1111210,土地1建物1車位0,二層,十層,華廈(10層含以下有電梯),商業用,鋼筋混凝土造,1090408,53.67,1,1,1,有,無,4800000,89435,,0.0,0,,RPPNMLQJKHIGFAW66EA,29.14,0.98,5.01,有,
金湖鎮,房地(土地+建物),金門縣金湖鎮新塘１５１號三樓之１,49.52,都市：其他:自然村專用區,,,1111208,土地1建物1車位0,三層,五層,華廈(10層含以下有電梯),住家用,鋼筋混凝土造,1100723,105.07000000000001,3,2,2,有,無,7500000,71381,,0.0,0,預售屋、或土地及建物分件登記案件；,RPRNMLTJKIHGFAW07DA,80.55,0.0,9.76,有,
金城鎮,房地(土地+建物),金門縣金城鎮民權路３０巷１弄１０號,84.8,住,,,1111231,土地1建物1車位0,全,三層,透天厝,住家用,鋼筋混凝土造,0900907,199.1,5,2,5,有,無,12000000,60271,,0.0,0,,RPTNMLQJKHIGFAW96DA,179.34,6.59,13.17,無,
金寧鄉,土地,機場段1110地號,414.94,都市：其他:自然村專用區,,,1111225,土地1建物0車位0,,,其他,,,,0.0,0,0,0,有,無,8080000,19473,,0.0,0,,RPTNMLTJKHIGFAW27DA,0.0,0.0,0.0,無,
金沙鎮,土地,官嶼劃段754地號,500.0,農,,,1111227,土地1建物0車位0,,,其他,,,,0.0,0,0,0,無,無,1018800,2038,,0.0,0,地清或未辦繼承標售；,RPQNMLLLKHIGFAW09EA,0.0,0.0,0.0,無,
金城鎮,房地(土地+建物),金門縣金城鎮金門城２３０號三樓,38.81,都市：其他:自然村專用區,,,1111212,土地1建物1車位0,三層,五層,華廈(10層含以下有電梯),住家用,鋼筋混凝土造,1101018,77.7,2,2,2,無,無,4850000,62420,,0.0,0,,RPQNMLLLKHIGFAW98DA,57.3,0.0,7.13,有,052
金城鎮,房地(土地+建物),金門縣金城鎮珠浦南路５０巷１１號,26.73,住,,,1111111,土地1建物1車位0,一層,五層,華廈(10層含以下有電梯),住家用,鋼筋混凝土造,1110728,66.8,2,2,1,有,無,6200000,92814,,0.0,0,,RPRNMLPKJIHGFAW66DA,51.65,0.0,0.0,有,
金城鎮,土地,莒光樓段956地號,130.0,農,,,1111123,土地1建物0車位0,,,其他,,,,0.0,0,0,0,有,無,850000,6538,,0.0,0,國有財產法第53條規定市場查估現值計價政府機關標讓售；,RPUNMLNLJIHGFAW86DA,0.0,0.0,0.0,無,
金寧鄉,房地(土地+建物),金門縣金寧鄉榜林６之１６號,70.33,都市：其他:自然村專用區,,,1111108,土地3建物1車位0,一層,五層,華廈(10層含以下有電梯),住家用,鋼筋混凝土造,1111007,117.30000000000001,3,2,2,有,無,8750000,74595,,0.0,0,,RPPNMLKMJIHGFAW78DA,88.8,0.0,10.38,有,
金寧鄉,房地(土地+建物),金門縣金寧鄉榜林６之１７號四樓,70.33,都市：其他:自然村專用區,,,1111112,土地3建物1車位0,四層,五層,華廈(10層含以下有電梯),住家用,鋼筋混凝土造,1111007,117.30000000000001,3,2,2,有,無,8250000,70332,,0.0,0,,RPQNMLKMJIHGFAW88DA,88.8,0.0,10.38,有,
金寧鄉,房地(土地+建物),金門縣金寧鄉榜林６之１６號三樓,70.33,都市：其他:自然村專用區,,,1111122,土地3建物1車位0,三層,五層,華廈(10層含以下有電梯),住家用,鋼筋混凝土造,1111007,117.30000000000001,3,2,2,有,無,8200000,69906,,0.0,0,,RPRNMLKMJIHGFAW98DA,88.8,0.0,10.38,有,
金寧鄉,房地(土地+建物),金門縣金寧鄉榜林６之１６號四樓,70.33,都市：其他:自然村專用區,,,1111124,土地3建物1車位0,四層,五層,華廈(10層含以下有電梯),住家用,鋼筋混凝土造,1111007,117.30000000000001,3,2,2,有,無,8250000,70332,,0.0,0,,RPSNMLKMJIHGFAW09DA,88.8,0.0,10.38,有,
金湖鎮,房地(土地+建物),金門縣金湖鎮市港路１６６號二樓,21.48,住,,,1111109,土地1建物1車位0,二層,六層,華廈(10層含以下有電梯),住家用,鋼筋混凝土造,1070817,100.65,3,2,2,有,無,7600000,75509,,0.0,0,陽台外推；,RPPNMLKKJIHGFAW58DA,65.76,0.0,6.83,有,
金寧鄉,房地(土地+建物),金門縣金寧鄉西堡３９之１１號,28.1,都市：其他:自然村專用區,,,1111111,土地1建物1車位0,一層,五層,華廈(10層含以下有電梯),住家用,鋼筋混凝土造,1090817,64.53999999999999,2,1,1,有,有,4300000,66625,,0.0,0,含土地增值稅或其他稅費；,RPRNMLOKJIHGFAW56DA,49.9,0.0,5.29,有,
金湖鎮,土地,中五劃段709地號,1934.0,都市：其他:國家公園區,,,1111121,土地2建物0車位0,,,其他,,,,0.0,0,0,0,有,無,21600000,11169,,0.0,0,,RPQOMLMLJIHGFAW09DA,0.0,0.0,0.0,無,
金城鎮,房地(土地+建物),金門縣金城鎮金門城２３０號,38.81,都市：其他:自然村專用區,,,1111118,土地1建物1車位0,一層,五層,公寓(5樓含以下無電梯),住家用,鋼筋混凝土造,1101018,77.7,0,0,0,無,無,5400000,69498,,0.0,0,,RPRNMLPJKIHGFAW66DA,57.3,0.0,7.13,無,053
金寧鄉,房地(土地+建物),金門縣金寧鄉下堡１００之２５號三樓,15.18,都市：其他:自然村專用區,,,1111117,土地1建物1車位0,三層,三層,公寓(5樓含以下無電梯),住家用,鋼筋混凝土造,1031020,30.770000000000003,1,1,1,有,無,1750000,56874,,0.0,0,,RPRNMLRKJIHGFAW86DA,26.17,0.0,0.0,無,
金寧鄉,房地(土地+建物),金門縣金寧鄉榜林６之１６號五樓,70.33,都市：其他:自然村專用區,,,1111125,土地3建物1車位0,五層,五層,華廈(10層含以下有電梯),住家用,鋼筋混凝土造,1111007,117.30000000000001,3,2,2,有,無,8250000,70332,,0.0,0,,RPVNMLNKKIHGFAW96DA,88.8,0.0,10.38,有,
金湖鎮,土地,太湖劃測段949地號,570.04,工,,,1111128,土地2建物0車位0,,,其他,,,,0.0,0,0,0,有,無,5700450,10000,,0.0,0,,RPUNMLOKKIHGFAW07EA,0.0,0.0,0.0,無,
金寧鄉,房地(土地+建物),金門縣金寧鄉榜林６之１５號二樓,70.33,都市：其他:自然村專用區,,,1111128,土地3建物1車位0,二層,五層,華廈(10層含以下有電梯),住家用,鋼筋混凝土造,1111007,119.56,3,2,2,有,無,8350000,69839,,0.0,0,,RPWNMLNKKIHGFAW07DA,89.21,0.0,12.23,有,
烈嶼鄉,土地,公園測段927地號,204.04,農,,,1111124,土地1建物0車位0,,,其他,,,,0.0,0,0,0,有,無,613000,3004,,0.0,0,國有財產法第49條規定市場查估價格計價政府機關標讓售；,RPQNMLQJKIHGFAW66DA,0.0,0.0,0.0,無,
金寧鄉,房地(土地+建物),金門縣金寧鄉下堡１００之２３號,15.18,都市：其他:自然村專用區,,,1111111,土地1建物1車位0,一層,三層,公寓(5樓含以下無電梯),住家用,鋼筋混凝土造,1031020,28.869999999999997,1,1,1,有,無,1700000,58885,,0.0,0,,RPSNMLLKJIHGFAW98DA,24.27,0.0,0.0,無,
金湖鎮,房地(土地+建物),金門縣金湖鎮市港三路１６９號６樓,21.67,住,,,1111127,土地1建物1車位0,六層,九層,華廈(10層含以下有電梯),住家用,鋼筋混凝土造,1101110,120.79,3,2,2,有,無,8500000,70370,,0.0,0,預售屋、或土地及建物分件登記案件；,RPUNMLTLJIHGFAW47DA,79.0,0.0,6.54,有,
金湖鎮,房地(土地+建物),金門縣金湖鎮市港三路１６９號６樓之１,14.47,住,,,1111127,土地1建物1車位0,六層,九層,華廈(10層含以下有電梯),住家用,鋼筋混凝土造,1101110,80.2,2,2,2,有,無,5500000,68579,,0.0,0,預售屋、或土地及建物分件登記案件；,RPWNMLTLJIHGFAW67DA,50.94,0.0,6.05,有,
金寧鄉,土地,寧山段612地號,812.27,農,,,1111128,土地1建物0車位0,,,其他,,,,0.0,0,0,0,有,無,2400000,2955,,0.0,0,,RPQNMLQKKIHGFAW76DA,0.0,0.0,0.0,無,
金寧鄉,土地,赤岑段1069地號,825.17,都市：其他:國家公園區,,,1111123,土地1建物0車位0,,,其他,,,,0.0,0,0,0,有,無,3800000,4605,,0.0,0,,RPRNMLQJKIHGFAW76DA,0.0,0.0,0.0,無,054
烏坵鄉,土地,小坵段183地號,23.18,都市：其他:自然村專用區,,,1111124,土地1建物0車位0,,,其他,,,,0.0,0,0,0,有,無,50000,2157,,0.0,0,,RPPNMLMLKIHGFAW09EA,0.0,0.0,0.0,無,
金沙鎮,土地,青嶼測段577地號,224.47,都市：其他:保護區,,,1111121,土地1建物0車位0,,,其他,,,,0.0,0,0,0,有,無,296000,1319,,0.0,0,地清或未辦繼承標售；,RPSNMLQLKIHGFAW17EA,0.0,0.0,0.0,無,
金沙鎮,土地,青嶼段848地號,131.0,都市：其他:自然村專用區,,,1111124,土地1建物0車位0,,,其他,,,,0.0,0,0,0,有,無,911668,6959,,0.0,0,地清或未辦繼承標售；,RPRNMLRLKIHGFAW17EA,0.0,0.0,0.0,無,
金沙鎮,房地(土地+建物),金門縣金沙鎮洋山２０２號二樓,35.67,都市：其他:自然村專用區,,,1111130,土地1建物1車位0,二層,七層,華廈(10層含以下有電梯),住家用,鋼筋混凝土造,1110406,114.04,3,2,2,有,無,5700000,49982,,0.0,0,,RPQNMLLJKIHGFAW78DA,75.5,0.0,6.4,有,
金沙鎮,土地,呂厝村段108地號,228.0,都市：其他:自然村專用區,,,1111123,土地1建物0車位0,,,其他,,,,0.0,0,0,0,有,無,1200000,5263,,0.0,0,政府機關標讓售；,RPQNMLRLKIHGFAW96DA,0.0,0.0,0.0,無,
金湖鎮,房地(土地+建物),金門縣金湖鎮湖前２之７號,36.46,都市：其他:自然村專用區,,,1111123,土地1建物1車位0,一層,三層,公寓(5樓含以下無電梯),住家用,鋼筋混凝土造,1011022,66.46000000000001,2,1,2,有,無,7000000,105327,,0.0,0,親友、員工、共有人或其他特殊關係間之交易；,RPVNMLTKKIHGFAW57DA,59.17,0.0,0.0,無,055
金寧鄉,土地,后湖段886地號,1295.0,農,,,1111112,土地3建物0車位0,,,其他,,,,0.0,0,0,0,有,無,2136750,1650,,0.0,0,,RPPNMLMKKIHGFAW88DA,0.0,0.0,0.0,無,
金寧鄉,土地,后湖段864地號,1295.0,農,,,1111112,土地3建物0車位0,,,其他,,,,0.0,0,0,0,有,無,2136750,1650,,0.0,0,,RPQNMLMKKIHGFAW98DA,0.0,0.0,0.0,無,
金寧鄉,土地,后湖段809地號,1295.18,農,,,1111112,土地3建物0車位0,,,其他,,,,0.0,0,0,0,有,無,2137047,1650,,0.0,0,,RPRNMLMKKIHGFAW09DA,0.0,0.0,0.0,無,
金城鎮,房地(土地+建物),金門縣金城鎮金門城１０６之１０號二樓,34.51,都市：其他:自然村專用區,,,1111130,土地1建物1車位0,二層,五層,華廈(10層含以下有電梯),住家用,鋼筋混凝土造,1070202,83.29,3,2,2,有,無,5000000,60031,,0.0,0,,RPWNMLKMJIHGFAW86DA,60.89,0.0,6.37,有,
金寧鄉,房地(土地+建物)+車位,金門縣金寧鄉瓊安路１３０６號二樓之２,39.17,都市：其他:自然村專用區,,,1111110,土地1建物1車位1,二層,五層,華廈(10層含以下有電梯),住家用,鋼筋混凝土造,1110926,108.42999999999999,3,2,2,有,無,6000000,59461,升降機械,14.25,400000,,RPOOMLPKJIHGFAW09DA,68.79,0.0,8.15,有,
金城鎮,房地(土地+建物),金門縣金城鎮庵前４３之１號二樓,57.37,都市：其他:自然村專用區,,,1111108,土地1建物1車位0,二層,三層,華廈(10層含以下有電梯),住家用,鋼筋混凝土造,1050108,113.2,3,2,2,有,無,7780000,68728,,0.0,0,,RPWNMLTKKIHGFAW67DA,95.9,0.0,9.02,有,
金城鎮,土地,舊金城段473地號,209.0,農,,,1111122,土地1建物0車位0,,,其他,,,,0.0,0,0,0,有,無,1500009,7177,,0.0,0,地清或未辦繼承標售；,RPSNMLRLKIHGFAW17DA,0.0,0.0,0.0,無,
金城鎮,土地,東紅山段611地號,606.93,都市：其他:國家公園區,,,1111123,土地1建物0車位0,,,其他,,,,0.0,0,0,0,有,無,2100000,3460,,0.0,0,,RPTNMLPJKIHGFAW86DA,0.0,0.0,0.0,無,056
金城鎮,土地,蜈蚣山段138地號,519.3,都市：其他:國家公園區,,,1111129,土地1建物0車位0,,,其他,,,,0.0,0,0,0,有,無,675090,1300,,0.0,0,地清或未辦繼承標售；,RPUNMLTJJHIGFAW27DA,0.0,0.0,0.0,無,
金沙鎮,土地,沙宅劃段146地號,577.0,農,,,1111129,土地1建物0車位0,,,其他,,,,0.0,0,0,0,有,無,2596500,4500,,0.0,0,地清或未辦繼承標售；,RPVNMLTJJHIGFAW37DA,0.0,0.0,0.0,無,
金沙鎮,土地,青嶼測段399地號,515.13,都市：其他:國家公園區,,,1111129,土地1建物0車位0,,,其他,,,,0.0,0,0,0,有,無,824208,1600,,0.0,0,地清或未辦繼承標售；,RPWNMLTJJHIGFAW47DA,0.0,0.0,0.0,無,
金沙鎮,土地,青嶼測段399-2地號,201.2,都市：其他:自然村專用區,,,1111129,土地1建物0車位0,,,其他,,,,0.0,0,0,0,有,無,1509000,7500,,0.0,0,地清或未辦繼承標售；,RPXNMLTJJHIGFAW57DA,0.0,0.0,0.0,無,
金沙鎮,土地,沙宅劃段315地號,1000.0,農,,,1111130,土地2建物0車位0,,,其他,,,,0.0,0,0,0,有,無,3830000,3830,,0.0,0,地清或未辦繼承標售；,RPOOMLKKJHIGFAW68EA,0.0,0.0,0.0,無,
金寧鄉,土地,寧湖二劃測段851地號,1593.14,農,,,1111125,土地2建物0車位0,,,其他,,,,0.0,0,0,0,有,無,11000000,6905,,0.0,0,,RPQNMLSLJIHGFAW96DA,0.0,0.0,0.0,無,
金湖鎮,房地(土地+建物),金門縣金湖鎮新塘１５２號三樓之２,49.52,都市：其他:自然村專用區,,,1111126,土地1建物1車位0,三層,五層,華廈(10層含以下有電梯),住家用,鋼筋混凝土造,1100723,105.07000000000001,3,2,2,有,無,8800000,83754,,0.0,0,含裝潢費；含傢俱設備費；預售屋、或土地及建物分件登記案件；,RPTNMLSLJIHGFAW27DA,80.55,0.0,9.76,有,
金沙鎮,房地(土地+建物),金門縣金沙鎮太武社區１５號,105.0,都市：其他:自然村專用區,,,1111128,土地1建物1車位0,全,二層,透天厝,住家用,鋼筋混凝土造,0880913,198.5,6,2,5,有,無,12000000,60453,,0.0,0,親友、員工、共有人或其他特殊關係間之交易；頂樓加蓋；,RPVNMLKLKIHGFAW76DA,179.14,8.0,11.36,無,
金寧鄉,房地(土地+建物)+車位,金門縣金寧鄉瓊安路１３０８號五樓,36.88,都市：其他:自然村專用區,,,1111110,土地1建物1車位1,五層,五層,華廈(10層含以下有電梯),住家用,鋼筋混凝土造,1110926,102.92,3,2,2,有,無,6200000,65411,升降機械,14.25,400000,,RPXNMLPKJIHGFAW27DA,66.34,0.0,6.1,有,
金寧鄉,房地(土地+建物),金門縣金寧鄉湖下３０１之１號四樓,32.81,都市：其他:自然村專用區,,,1111124,土地1建物1車位0,四層,五層,華廈(10層含以下有電梯),住家用,鋼筋混凝土造,1090925,76.50999999999999,2,1,1,有,有,5800000,75807,,0.0,0,,RPPNMLTKKIHGFAW96DA,56.34,0.0,5.53,有,057
金寧鄉,土地,后湖段873地號,1101.84,農,,,1111117,土地1建物0車位0,,,其他,,,,0.0,0,0,0,有,無,1415555,1285,,0.0,0,地清或未辦繼承標售；,RPQNMLRKJHIGFAW86EA,0.0,0.0,0.0,無,
金湖鎮,房地(土地+建物)+車位,金門縣金湖鎮市港三路１６７號６樓,30.3,住,,,1111130,土地1建物1車位2,六層,九層,華廈(10層含以下有電梯),住家用,鋼筋混凝土造,1101110,207.01999999999998,4,2,2,有,無,14200000,68592,升降機械,38.34,0,預售屋、或土地及建物分件登記案件；,RPTNMLPKKIHGFAW96DA,108.01,0.0,11.37,有,
金沙鎮,土地,呂厝村段138地號,160.0,都市：其他:道路用地,,,1111118,土地1建物0車位0,,,其他,,,,0.0,0,0,0,有,無,915000,5719,,0.0,0,地清或未辦繼承標售；,RPSNMLLMJHIGFAW56DA,0.0,0.0,0.0,無,
金湖鎮,建物,金門縣金湖鎮市港三路１６７號７樓,0.0,,,,1111130,土地0建物1車位2,七層,九層,華廈(10層含以下有電梯),住家用,鋼筋混凝土造,1101110,207.01999999999998,4,2,2,有,無,9425000,45527,升降機械,38.34,0,,RPQNMLPKKIHGFAW66DA,108.01,0.0,11.37,有,
金沙鎮,房地(土地+建物),金門縣金沙鎮沙青路３５６號,542.72,農,,,1111031,土地2建物1車位0,全,三層,透天厝,農業用,鋼筋混凝土造,1050527,363.23,15,1,15,有,無,20000000,55062,,0.0,0,親友、員工、共有人或其他特殊關係間之交易；,RPSNMLSJJIHGFAW96DA,345.87,0.0,17.36,無,
金城鎮,土地,燕南山段1360地號,320.83,農,,,1111019,土地1建物0車位0,,,其他,,,,0.0,0,0,0,有,無,200000,623,,0.0,0,親友、員工、共有人或其他特殊關係間之交易；,RPVNMLTKIIHGFAW37DA,0.0,0.0,0.0,無,
金寧鄉,土地,寧湖一劃段373地號,1500.01,農,,,1111030,土地2建物0車位0,,,其他,,,,0.0,0,0,0,有,無,21000000,14000,,0.0,0,,RPXNMLKMJIHGFAW96DA,0.0,0.0,0.0,無,
金寧鄉,房地(土地+建物),金門縣金寧鄉瓊安路１３００號五樓,41.95,都市：其他:自然村專用區,,,1111018,土地1建物1車位0,五層,五層,華廈(10層含以下有電梯),住家用,鋼筋混凝土造,1110926,101.03,3,2,2,有,無,7500000,74235,,0.0,0,本交易標的另含10號停車位之使用權,RPVNMLPKJIHGFAW07DA,76.33,0.0,6.24,有,
金湖鎮,房地(土地+建物)+車位,金門縣金湖鎮市港五路１７２號五樓,20.9,商,,,1111018,土地1建物1車位1,五層,十一層,住宅大樓(11層含以上有電梯),住家用,鋼筋混凝土造,1110412,182.69,3,2,2,有,無,10770000,67051,升降平面,36.98,1000000,,RPPNMLOKKIHGFAW09DA,99.71,0.0,9.4,有,
金寧鄉,房地(土地+建物)+車位,金門縣金寧鄉下堡１２０之２號,22.79,都市：其他:自然村專用區,,,1110929,土地1建物1車位1,一層,五層,華廈(10層含以下有電梯),住家用,鋼筋混凝土造,1110804,59.09,2,1,2,有,無,3900000,67974,一樓平面,7.6,400000,,RPPNMLNKKIHGFAW98DA,35.46,0.0,6.12,有,
金寧鄉,房地(土地+建物)+車位,金門縣金寧鄉瓊安路１３０６號五樓之２,39.17,都市：其他:自然村專用區,,,1110901,土地1建物1車位1,五層,五層,華廈(10層含以下有電梯),住家用,鋼筋混凝土造,1110926,108.42999999999999,3,2,2,有,無,6550000,64770,升降機械,14.25,450000,預售屋、或土地及建物分件登記案件；,RPPPMLNJJIHGFAW98DA,68.79,0.0,8.15,有,
金城鎮,房地(土地+建物),金門縣金城鎮民權路１４０號,58.64,商,,,1110925,土地1建物1車位0,全,三層,透天厝,住商用,鋼筋混凝土造,,162.0,4,1,3,有,無,26000000,160494,,0.0,0,,RPUNMLMKJHIGFAW66DA,162.0,0.0,0.0,無,
金寧鄉,房地(土地+建物),金門縣金寧鄉瓊安路１３０６號三樓之１,40.04,都市：其他:自然村專用區,,,1110708,土地1建物1車位0,三層,五層,華廈(10層含以下有電梯),住家用,鋼筋混凝土造,1110926,96.44,3,2,2,有,無,6000000,62215,,0.0,0,預售屋、或土地及建物分件登記案件；,RPOPMLNJJIHGFAW88DA,71.23,0.0,7.59,有,
金城鎮,房地(土地+建物),金門縣金城鎮歐厝１８６號,1641.6,農,,,1110728,土地3建物1車位0,全,一層,透天厝,農業用,鋼筋混凝土造,1070117,169.43,5,2,2,有,無,10500000,61972,,0.0,0,,RPXNMLKKJHIGFAW76DA,164.82,0.0,4.61,無,
金寧鄉,房地(土地+建物),金門縣金寧鄉瓊安路１３０６號二樓之１,40.04,都市：其他:自然村專用區,,,1110611,土地1建物1車位0,二層,五層,華廈(10層含以下有電梯),住家用,鋼筋混凝土造,1110926,96.44,3,2,2,有,無,5800000,60141,,0.0,0,預售屋、或土地及建物分件登記案件；,RPVOMLNJJIHGFAW86DA,71.23,0.0,7.59,有,
金寧鄉,房地(土地+建物)+車位,金門縣金寧鄉瓊安路１３０６號四樓之１,40.04,都市：其他:自然村專用區,,,1110629,土地1建物1車位1,四層,五層,華廈(10層含以下有電梯),住家用,鋼筋混凝土造,1110926,110.69,3,2,2,有,無,6450000,62215,升降機械,14.25,450000,預售屋、或土地及建物分件登記案件；,RPWOMLNJJIHGFAW96DA,71.23,0.0,7.59,有,
金寧鄉,房地(土地+建物)+車位,金門縣金寧鄉瓊安路１３０６號五樓之１,40.04,都市：其他:自然村專用區,,,1110629,土地1建物1車位1,五層,五層,華廈(10層含以下有電梯),住家用,鋼筋混凝土造,1110926,110.69,3,2,2,有,無,6700000,64807,升降機械,14.25,450000,預售屋、或土地及建物分件登記案件；,RPXOMLNJJIHGFAW07DA,71.23,0.0,7.59,有,
金寧鄉,房地(土地+建物),金門縣金寧鄉瓊安路１３００號,41.95,都市：其他:自然村專用區,,,1110504,土地1建物1車位0,一層,五層,華廈(10層含以下有電梯),商業用,鋼筋混凝土造,1110926,101.03,3,2,2,有,無,9200000,91062,,0.0,0,1.預售屋申報序號:B1WA111052000012.本交易標的另含9號停車位之使用權預售屋、或土地及建物分件登記案件；,RPTOMLNJJIHGFAW66DA,76.33,0.0,6.24,有,
金寧鄉,房地(土地+建物)+車位,金門縣金寧鄉瓊安路１３００號二樓,41.95,都市：其他:自然村專用區,,,1110504,土地1建物1車位1,二層,五層,華廈(10層含以下有電梯),住家用,鋼筋混凝土造,1110926,115.28,3,2,2,有,無,6980000,65327,升降機械,14.25,380000,預售屋、或土地及建物分件登記案件；,RPUPMLOJJIHGFAW96DA,76.33,0.0,6.24,有,
金寧鄉,房地(土地+建物)+車位,金門縣金寧鄉瓊安路１３０６號四樓之２,39.17,都市：其他:自然村專用區,,,1110419,土地1建物1車位1,四層,五層,華廈(10層含以下有電梯),住家用,鋼筋混凝土造,1110926,108.42999999999999,3,2,2,有,無,6200000,61053,升降機械,14.25,450000,預售屋、或土地及建物分件登記案件；,RPROMLNJJIHGFAW09DA,68.79,0.0,8.15,有,
金寧鄉,房地(土地+建物),金門縣金寧鄉瓊安路１３０６號三樓之２,39.17,都市：其他:自然村專用區,,,1110407,土地1建物1車位0,三層,五層,華廈(10層含以下有電梯),住家用,鋼筋混凝土造,1110926,94.17999999999999,3,2,2,有,無,5830000,61903,,0.0,0,預售屋、或土地及建物分件登記案件；,RPQOMLNJJIHGFAW98DA,68.79,0.0,8.15,有,
金寧鄉,土地,西堡劃測段285地號,600.0,農,,,1110401,土地1建物0車位0,,,其他,,,,0.0,0,0,0,有,無,1800000,3000,,0.0,0,,RPRNMLSJMHHGFAW07DA,0.0,0.0,0.0,無,
金寧鄉,房地(土地+建物),金門縣金寧鄉瓊安路１３００號四樓,41.95,都市：其他:自然村專用區,,,1110329,土地1建物1車位0,四層,五層,華廈(10層含以下有電梯),住家用,鋼筋混凝土造,1110926,101.03,3,2,2,有,無,6250000,61863,,0.0,0,預售屋、或土地及建物分件登記案件；,RPTPMLOJJIHGFAW86DA,76.33,0.0,6.24,有,
金寧鄉,房地(土地+建物)+車位,金門縣金寧鄉瓊安路１３０８號四樓,36.88,都市：其他:自然村專用區,,,1110310,土地1建物1車位1,四層,五層,華廈(10層含以下有電梯),住家用,鋼筋混凝土造,1110926,102.92,3,2,2,有,無,5580000,57855,升降機械,14.25,450000,預售屋、或土地及建物分件登記案件；,RPXNMLNJJIHGFAW96DA,66.34,0.0,6.1,有,
金寧鄉,房地(土地+建物),金門縣金寧鄉瓊安路１３０８號,37.74,都市：其他:自然村專用區,,,1110111,土地1建物1車位0,一層,五層,華廈(10層含以下有電梯),住家用,鋼筋混凝土造,1110926,90.55,3,2,2,有,無,5630000,62176,,0.0,0,預售屋、或土地及建物分件登記案件；,RPWNMLNJJIHGFAW86DA,67.86,0.0,6.08,有,
金寧鄉,房地(土地+建物),金門縣金寧鄉瓊安路１３０８號三樓,36.88,都市：其他:自然村專用區,,,1101206,土地1建物1車位0,三層,五層,華廈(10層含以下有電梯),住家用,鋼筋混凝土造,1110926,88.67,3,2,2,有,無,5200000,58644,,0.0,0,,RPSPMLOJJIHGFAW76DA,66.34,0.0,6.1,有,013
金寧鄉,房地(土地+建物),金門縣金寧鄉瓊安路１３０２號五樓,41.19,都市：其他:自然村專用區,,,1101121,土地1建物1車位0,五層,五層,華廈(10層含以下有電梯),住家用,鋼筋混凝土造,1110926,99.21000000000001,3,2,2,有,無,6000000,60478,,0.0,0,預售屋、或土地及建物分件登記案件；,RPUNMLNJJIHGFAW66DA,71.29,0.0,9.8,有,
金寧鄉,房地(土地+建物),金門縣金寧鄉瓊安路１３００號三樓,41.95,都市：其他:自然村專用區,,,1100601,土地1建物1車位0,三層,五層,華廈(10層含以下有電梯),住家用,鋼筋混凝土造,1110926,101.03,3,2,2,有,無,6420000,63545,,0.0,0,,RPOPMLMJJIHGFAW78DA,76.33,0.0,6.24,有,
金寧鄉,房地(土地+建物),金門縣金寧鄉中堡１之６號三樓,28.3,都市：其他:自然村專用區,,,1100630,土地2建物1車位0,三層,五層,華廈(10層含以下有電梯),住家用,鋼筋混凝土造,1111110,83.61,3,2,2,有,無,4550000,54419,,0.0,0,,RPSNMLLKJHIGFAW98DA,59.46,0.0,8.88,有,
金寧鄉,房地(土地+建物),金門縣金寧鄉中堡１之６號四樓,28.3,都市：其他:自然村專用區,,,1100630,土地2建物1車位0,四層,五層,華廈(10層含以下有電梯),住家用,鋼筋混凝土造,1111110,83.61,3,2,2,有,無,4530000,54180,,0.0,0,,RPPNMLMJKHIGFAW78DA,59.46,0.0,8.88,有,
金寧鄉,房地(土地+建物),金門縣金寧鄉中堡１之６號,28.65,都市：其他:自然村專用區,,,1100617,土地2建物1車位0,一層,五層,華廈(10層含以下有電梯),住家用,鋼筋混凝土造,1111110,83.80000000000001,3,2,2,有,無,4720000,56325,,0.0,0,,RPQNMLMJKHIGFAW88DA,59.46,0.0,8.88,有,
金寧鄉,房地(土地+建物),金門縣金寧鄉中堡１之６號二樓,28.3,都市：其他:自然村專用區,,,1100630,土地2建物1車位0,二層,五層,華廈(10層含以下有電梯),住家用,鋼筋混凝土造,1111110,83.61,3,2,2,無,無,4550000,54419,,0.0,0,,RPQNMLOKKHIGFAW56DA,59.46,0.0,8.88,有,
金寧鄉,房地(土地+建物),金門縣金寧鄉中堡１之５號二樓,28.97,都市：其他:自然村專用區,,,1100616,土地2建物1車位0,二層,五層,華廈(10層含以下有電梯),住家用,鋼筋混凝土造,1111110,86.49,3,2,2,無,無,4730000,54688,,0.0,0,,RPRNMLOKKHIGFAW66DA,64.48,0.0,6.38,有,
金寧鄉,房地(土地+建物),金門縣金寧鄉中堡１之５號四樓,28.97,都市：其他:自然村專用區,,,1100630,土地2建物1車位0,四層,五層,華廈(10層含以下有電梯),住家用,鋼筋混凝土造,1111110,86.49,3,2,2,無,無,4720000,54573,,0.0,0,,RPWNMLOKKHIGFAW17DA,64.48,0.0,6.38,有,
金寧鄉,房地(土地+建物),金門縣金寧鄉瓊安路１３０２號,41.19,都市：其他:自然村專用區,,,1100514,土地1建物1車位0,一層,五層,華廈(10層含以下有電梯),住家用,鋼筋混凝土造,1110926,99.21000000000001,3,2,2,有,無,6600000,66526,,0.0,0,,RPROMLMJJIHGFAW98DA,71.29,0.0,9.8,有,
金寧鄉,房地(土地+建物),金門縣金寧鄉瓊安路１３０２號二樓,41.19,都市：其他:自然村專用區,,,1100514,土地1建物1車位0,二層,五層,華廈(10層含以下有電梯),住家用,鋼筋混凝土造,1110926,99.21000000000001,3,2,2,有,無,5900000,59470,,0.0,0,,RPWOMLMJJIHGFAW86DA,71.29,0.0,9.8,有,
金寧鄉,房地(土地+建物),金門縣金寧鄉瓊安路１３０２號四樓,41.19,都市：其他:自然村專用區,,,1100514,土地1建物1車位0,四層,五層,華廈(10層含以下有電梯),住家用,鋼筋混凝土造,1110926,99.21000000000001,3,2,2,有,無,5900000,59470,,0.0,0,,RPXOMLMJJIHGFAW96DA,71.29,0.0,9.8,有,
金寧鄉,房地(土地+建物),金門縣金寧鄉瓊安路１３０２號三樓,41.19,都市：其他:自然村專用區,,,1100511,土地1建物1車位0,三層,五層,華廈(10層含以下有電梯),住家用,鋼筋混凝土造,1110926,99.21000000000001,3,2,2,有,無,6000000,60478,,0.0,0,,RPXNMLMJJIHGFAW86DA,71.29,0.0,9.8,有,
金寧鄉,房地(土地+建物),金門縣金寧鄉瓊安路１３０８號二樓,36.88,都市：其他:自然村專用區,,,1100512,土地1建物1車位0,二層,五層,華廈(10層含以下有電梯),住家用,鋼筋混凝土造,1110926,88.67,3,2,2,有,無,5120000,57742,,0.0,0,,RPPOMLMJJIHGFAW78DA,66.34,0.0,6.1,有,
金寧鄉,房地(土地+建物),金門縣金寧鄉中堡１之５號,51.9,都市：其他:自然村專用區,,,1100511,土地3建物1車位0,一層,五層,華廈(10層含以下有電梯),住家用,鋼筋混凝土造,1111110,87.03,3,2,2,有,無,5120000,58830,,0.0,0,,RPQNMLRKJHIGFAW76DA,64.84,0.0,4.99,有,
金寧鄉,房地(土地+建物)+車位,金門縣金寧鄉下堡１２０之１號,37.19,都市：其他:自然村專用區,,,1100128,土地1建物1車位1,一層,五層,華廈(10層含以下有電梯),住家用,鋼筋混凝土造,1110804,92.83,3,2,2,有,無,6430000,69576,一樓平面,7.6,500000,,RPRNMLNKKIHGFAW56DA,56.22,0.0,12.86,有,
金寧鄉,房地(土地+建物),金門縣金寧鄉下埔下４１之１號五樓,49.38,都市：其他:自然村專用區,,,1091114,土地1建物1車位0,五層,五層,華廈(10層含以下有電梯),住家用,鋼筋混凝土造,1110811,106.13000000000001,3,2,2,有,無,7240000,68218,,0.0,0,,RPSNMLTKKIHGFAW27DA,82.51,0.0,11.89,有,
金寧鄉,房地(土地+建物),金門縣金寧鄉下埔下２９之２號,688.21,農,,,1070306,土地8建物1車位0,全,三層,透天厝,農業用,鋼筋混凝土造,1061201,346.39,6,1,5,有,無,16500000,47634,,0.0,0,買方除買賣價金外另負擔土地增值稅之半數。,RPSNMLLLKIHGFAW56DA,339.61,0.0,6.78,無,
