﻿編號,土地位置,土地移轉面積(平方公尺),使用分區或編定,權利人持分分母,權利人持分分子,移轉情形,地號
The serial number, land position,land shifting area square meter,the use zoning or compiles and checks,,,,land parcel
RPRNMLNJLHIGFAW66EA,北一段,1300.31,都市：其他:農業區,1,1,全筆移轉,00050000
RPSNMLNJLHIGFAW76EA,北一段,1000.64,都市：其他:農業區,1,1,全筆移轉,00340000
RPSNMLRJLHIGFAW07DA,天后宮段,26.73,都市：其他:第二種住宅區,10,1,持分移轉,04470000
RPSNMLNJKHIGFAW56DA,汶沙測段,354.53,都市：其他:第二之一種住宅區,1,1,全筆移轉,04560000
RPSNMLNJKHIGFAW56DA,汶沙測段,123.53,都市：其他:道路用地,1,1,全筆移轉,04560004
RPSNMLNJLHIGFAW66DA,北一段,12.60,都市：其他:農業區,10000,188,持分移轉,00230000
RPSNMLNJLHIGFAW66DA,北一段,2.71,都市：其他:農業區,10000,188,持分移轉,00230002
RPTNMLNJKHIGFAW66DA,東林段,237.00,都市：其他:自然村專用區,1,1,全筆移轉,05590000
RPTNMLNJKHIGFAW66DA,大山頂測段,837.04,都市：其他:保護區,1,1,全筆移轉,08470000
RPTNMLNJKHIGFAW66DA,大山頂測段,604.07,都市：其他:國家公園區,1,1,全筆移轉,10470000
RPQNMLOJKHIGFAW09DA,九宮測段,119.25,都市：其他:保護區,1,1,全筆移轉,04500000
RPQNMLOJKHIGFAW09DA,大山頂測段,476.98,都市：其他:農業區,1,1,全筆移轉,04720000
RPQNMLOJKHIGFAW09DA,大山頂測段,95.82,都市：其他:道路用地,1,1,全筆移轉,04720001
RPQNMLOJKHIGFAW09DA,公園測段,170.25,都市：其他:農業區,1,1,全筆移轉,04860000
RPQNMLOJKHIGFAW09DA,東林段,211.00,都市：其他:自然村專用區,1,1,全筆移轉,06520000
RPQNMLOJKHIGFAW09DA,東林段,243.00,都市：其他:自然村專用區,1,1,全筆移轉,06690000
RPQNMLOJKHIGFAW09DA,公園測段,70.52,都市：其他:農業區,1,1,全筆移轉,07140000
RPQNMLOJKHIGFAW09DA,公園測段,267.56,都市：其他:農業區,1,1,全筆移轉,07160000
RPQNMLOJKHIGFAW09DA,公園測段,334.21,都市：其他:農業區,1,1,全筆移轉,07170000
RPQNMLOJKHIGFAW09DA,公園測段,53.06,都市：其他:農業區,1,1,全筆移轉,07220000
RPQNMLOJKHIGFAW09DA,公園測段,402.46,都市：其他:農業區,1,1,全筆移轉,07250000
RPQNMLOJKHIGFAW09DA,公園測段,135.64,都市：其他:農業區,1,1,全筆移轉,07490000
RPRNMLOJKHIGFAW56DA,東園劃段,999.79,都市：其他:農業區,1,1,全筆移轉,02530000
RPRNMLOJKHIGFAW56DA,東林段,202.00,都市：其他:自然村專用區,1,1,全筆移轉,06670000
RPRNMLOJKHIGFAW56DA,公園測段,186.60,都市：其他:農業區,1,1,全筆移轉,10610000
RPRNMLOJKHIGFAW56DA,公園測段,33.44,都市：其他:道路用地,1,1,全筆移轉,10610003
RPPNMLSJKHIGFAW86EA,北五劃段,500.00,都市：其他:農業區,1,1,全筆移轉,00270000
RPRNMLOJKHIGFAW56DA,公園測段,168.09,都市：其他:農業區,1,1,全筆移轉,11770000
RPRNMLQJKHIGFAW76DA,湖前段,57.46,都市：其他:自然村專用區,1,1,全筆移轉,03800008
RPPNMLTJKHIGFAW96EA,北八劃段,1000.00,都市：其他:農業區,1,1,全筆移轉,04300000
RPQNMLOKKHIGFAW66EA,盤山村測段,117.63,都市：其他:自然村專用區,6,5,持分移轉,00540000
RPQNMLPKKHIGFAW76EA,金門城測段,61.69,都市：其他:自然村專用區,6,2,持分移轉,08080000
RPSNMLTJKHIGFAW17DA,寧劃段,491.54,都市：其他:農業區,1,1,全筆移轉,14020000
RPPNMLOKKHIGFAW09DA,沙溪測段,328.76,都市：其他:農業區,1,1,全筆移轉,03840001
RPPNMLOKKHIGFAW09DA,沙溪測段,326.27,都市：其他:農業區,1,1,全筆移轉,03870000
RPQNMLQKKHIGFAW76DA,寧山段,32.42,都市：其他:自然村專用區,20,1,持分移轉,09640000
RPQNMLQKKHIGFAW76DA,寧山段,16.98,都市：其他:自然村專用區,20,1,持分移轉,09650000
RPQNMLQKKHIGFAW76DA,寧山段,20.93,都市：其他:農業區,20,1,持分移轉,09650001
RPPNMLRJKHIGFAW66DA,蜈蚣山段,352.13,都市：其他:國家公園區,1,1,全筆移轉,01870000
RPWNMLSKKHIGFAW57DA,寧湖一劃段,11.98,都市：其他:自然村專用區,10000,202,持分移轉,05800000
RPWNMLSKKHIGFAW57DA,寧湖二劃測段,1.90,都市：其他:自然村專用區,10000,202,持分移轉,09580002
RPPNMLPKKHIGFAW56DA,東林段,309.75,都市：其他:自然村專用區,4,3,持分移轉,04360000
RPRNMLSKKHIGFAW07DA,湖東劃段,354.00,都市：其他:農業區,1,1,全筆移轉,01490000
RPPNMLQKKHIGFAW76EA,北九十劃段,980.57,都市：其他:農業區,1,1,全筆移轉,01690000
RPQNMLTJKHIGFAW07EA,官嶼劃段,4.00,都市：其他:農業區,2,1,持分移轉,01000001
RPTNMLSKKHIGFAW27DA,機場段,539.21,都市：其他:保護區,1,1,全筆移轉,03010000
RPTNMLSKKHIGFAW27DA,中山林段,7.84,都市：其他:農業區,1,1,全筆移轉,03130000
RPTNMLSKKHIGFAW27DA,中山林段,399.21,都市：其他:農業區,1,1,全筆移轉,03580000
RPTNMLSKKHIGFAW27DA,中山林段,238.47,都市：其他:農業區,1,1,全筆移轉,03650000
RPPNMLRKKHIGFAW86EA,寧湖一劃段,318.15,都市：其他:農業區,1,1,全筆移轉,05250011
RPPNMLRKKHIGFAW86EA,寧湖一劃段,21.85,都市：其他:農業區,1,1,全筆移轉,05250014
RPSNMLSKKHIGFAW17DA,寧湖一劃段,17.63,都市：其他:自然村專用區,100000,1974,持分移轉,03990000
RPPNMLTKKHIGFAW96DA,延平段,550.55,都市：其他:農業區,1,1,全筆移轉,09600000
RPPNMLMLKHIGFAW09EA,北四劃段,733.00,都市：其他:農業區,1,1,全筆移轉,00790000
RPVNMLSKKHIGFAW47DA,士校段,62.97,都市：其他:自然村專用區,10000,625,持分移轉,04030011
RPPNMLKLKHIGFAW78DA,北四劃段,733.00,都市：其他:農業區,1,1,全筆移轉,02270000
RPPNMLLLKHIGFAW98EA,斗門劃測段,1200.02,都市：其他:農業區,1,1,全筆移轉,05900000
RPRNMLLLKHIGFAW09DA,后沙劃測段,387.16,都市：其他:農業區,1,1,全筆移轉,04360000
RPRNMLQKKHIGFAW86DA,浦邊測段,164.36,都市：其他:農業區,1,1,全筆移轉,05860001
RPRNMLQKKHIGFAW86DA,浦邊測段,822.58,都市：其他:保護區,1,1,全筆移轉,06350000
RPTNMLLLKHIGFAW66DA,北二三劃測段,1000.02,都市：其他:農業區,1,1,全筆移轉,07240000
RPQNMLMLKHIGFAW09DA,鳳翔段,70.00,都市：其他:道路用地,1,1,全筆移轉,00440000
RPQNMLMLKHIGFAW09DA,鳳翔段,6.31,都市：其他:道路用地,1,1,全筆移轉,00490006
RPQNMLQJKHIGFAW66DA,后盤山段,1043.43,都市：其他:農業區,1,1,全筆移轉,00520000
RPRNMLKLKHIGFAW98DA,后湖村測段,161.00,都市：其他:自然村專用區,1,1,全筆移轉,02230000
RPVNMLOKKHIGFAW07DA,新塘段,49.52,都市：其他:自然村專用區,20,1,持分移轉,00370000
RPQNMLRKKHIGFAW86DA,市港段,21.48,都市：其他:第五種住宅區,10000,792,持分移轉,01040000
RPQNMLMLKHIGFAW56EA,新頭段,1515.96,都市：其他:保護區,1,1,全筆移轉,04900007
RPPNMLLLKHIGFAW88DA,中三劃測段,380.90,都市：其他:農業區,1,1,全筆移轉,07330000
RPPNMLLLKHIGFAW88DA,中三劃測段,8.46,都市：其他:道路用地,1,1,全筆移轉,07330001
RPPNMLMLKHIGFAW98DA,尚義段,222.60,都市：其他:道路用地,1,1,全筆移轉,02850001
RPPNMLMLKHIGFAW98DA,尚義段,387.92,都市：其他:道路用地,1,1,全筆移轉,02890000
RPUNMLLJLHIGFAW66DA,寧山段,32.42,都市：其他:自然村專用區,40,2,持分移轉,09640000
RPUNMLLJLHIGFAW66DA,寧山段,16.98,都市：其他:自然村專用區,40,2,持分移轉,09650000
RPUNMLLJLHIGFAW66DA,寧山段,20.93,都市：其他:農業區,40,2,持分移轉,09650001
RPRNMLMLKHIGFAW56DA,蔡厝劃測段,1620.00,都市：其他:農業區,1,1,全筆移轉,01640000
RPPNMLNJLHIGFAW98DA,后沙劃測段,210.01,都市：其他:農業區,1,1,全筆移轉,03460001
RPSNMLMJLHIGFAW56DA,寧山段,32.42,都市：其他:自然村專用區,20,1,持分移轉,09640000
RPSNMLMJLHIGFAW56DA,寧山段,16.98,都市：其他:自然村專用區,20,1,持分移轉,09650000
RPSNMLMJLHIGFAW56DA,寧山段,20.93,都市：其他:農業區,20,1,持分移轉,09650001
RPQNMLPKKHIGFAW66DA,寧安二劃段,500.00,都市：其他:農業區,1,1,全筆移轉,00450001
RPQNMLNJLHIGFAW56EA,市港段,7.91,都市：其他:第二種商業區,200000,1518,持分移轉,00930000
RPPNMLNJLHIGFAW09EA,市港段,7.91,都市：其他:第二種商業區,100000,759,持分移轉,00930000
RPRNMLTJKHIGFAW07DA,寧湖一劃段,1233.00,都市：其他:農業區,1,1,全筆移轉,00920000
RPUNMLLLKHIGFAW76DA,士校段,150.99,都市：其他:自然村專用區,4,1,持分移轉,10310000
RPUNMLLLKHIGFAW76DA,士校段,207.25,都市：其他:自然村專用區,4,1,持分移轉,10360000
RPUNMLLLKHIGFAW76DA,士校段,290.67,都市：其他:自然村專用區,6,2,持分移轉,10570000
RPUNMLLLKHIGFAW76DA,士校段,2.67,都市：其他:道路用地,6,2,持分移轉,10570001
RPSNMLOKKHIGFAW76DA,長寮段,36.88,都市：其他:自然村專用區,10000,385,持分移轉,00900002
RPRNMLNJLHIGFAW56DA,寧湖一劃段,16.76,都市：其他:自然村專用區,100000,1874,持分移轉,05820000
RPPNMLOLKHIGFAW56DA,烈濱劃測段,620.00,都市：其他:農業區,1,1,全筆移轉,05480000
RPRNMLRKKHIGFAW96DA,漁村段,81.76,都市：其他:自然村專用區,10000,870,持分移轉,01050003
RPTNMLMJKHIGFAW56DA,古崗段,186.46,都市：其他:風景區,1,1,全筆移轉,11550000
RPTNMLMJKHIGFAW56DA,古崗段,202.28,都市：其他:道路用地,1,1,全筆移轉,11560000
RPTNMLMJKHIGFAW56DA,古崗段,62.22,都市：其他:風景區,1,1,全筆移轉,11560002
RPQNMLNLKHIGFAW56DA,后沙村測段,386.31,都市：其他:自然村專用區,1,1,全筆移轉,00320003
RPQNMLNLKHIGFAW56DA,后沙劃測段,67.57,都市：其他:自然村專用區,1,1,全筆移轉,05350000
RPRNMLNLKHIGFAW66DA,歐厝段,673.41,都市：其他:農業區,1,1,全筆移轉,02730000
RPQNMLRJLHIGFAW86DA,大園段,1100.69,都市：其他:國家公園區,1,1,全筆移轉,05320000
RPQNMLQJJHIGFAW56DA,中三劃測段,50.75,都市：其他:自然村專用區,10000,1381,持分移轉,03720001
RPPNMLRJLHIGFAW76DA,龍潭段,403.62,都市：其他:國家公園區,1,1,全筆移轉,12070000
RPUNMLSKKHIGFAW37DA,寧湖二劃測段,46.67,都市：其他:自然村專用區,24,1,持分移轉,08820000
RPUNMLSKKHIGFAW37DA,寧湖二劃測段,15.29,都市：其他:自然村專用區,24,1,持分移轉,08830001
RPPNMLNJJHIGFAW78DA,北二三劃測段,13.73,都市：其他:自然村專用區,10000,373,持分移轉,02290000
RPPNMLTJLHIGFAW07EA,汶沙測段,62.05,都市：其他:自然村專用區,3,1,持分移轉,19310000
RPOOMLTJJHIGFAW76DA,寧湖二劃測段,313.29,都市：其他:農業區,1,1,全筆移轉,07910002
RPTNMLOJJHIGFAW66DA,沙港劃段,1000.03,都市：其他:農業區,1,1,全筆移轉,10220000
RPQNMLRJJHIGFAW76EA,小西門劃測段,554.51,都市：其他:保護區,1,1,全筆移轉,04560001
RPQNMLLKJHIGFAW88EA,長寮段,108.16,都市：其他:自然村專用區,10000,842,持分移轉,00380000
RPUNMLNKJHIGFAW76DA,機場段,510.24,都市：其他:農業區,1,1,全筆移轉,04660000
RPWNMLNJJHIGFAW86DA,小西門劃測段,400.63,都市：其他:保護區,1,1,全筆移轉,03520000
RPPNMLNKJHIGFAW88DA,寧湖一劃段,50.01,都市：其他:自然村專用區,2,1,持分移轉,01460004
RPSNMLKKJHIGFAW88DA,九宮測段,265.96,都市：其他:農業區,1,1,全筆移轉,00400000
RPSNMLRKJHIGFAW96DA,慈湖段,596.51,都市：其他:國家公園區,1,1,全筆移轉,04870000
RPTNMLNKJHIGFAW66DA,湖前段,586.35,都市：其他:農業區,1,1,全筆移轉,01320000
RPRNMLQKJHIGFAW86EA,寧安四劃段,627.00,都市：其他:農業區,1,1,全筆移轉,01850001
RPRNMLNKJHIGFAW56EA,烈濱劃測段,199.33,都市：其他:農業區,3,1,持分移轉,11390000
RPUNMLSKJHIGFAW37EA,城西段,5.63,都市：其他:第二種住宅區,1,1,全筆移轉,00840000
RPUNMLSKJHIGFAW37EA,城西段,39.79,都市：其他:第二種住宅區,1,1,全筆移轉,00850000
RPUNMLSKJHIGFAW37EA,城西段,1.62,都市：其他:道路用地,1,1,全筆移轉,00860000
RPSNMLSKJHIGFAW07DA,西山段,490.98,都市：其他:農業區,1,1,全筆移轉,05270000
RPSNMLSKJHIGFAW07DA,西山段,521.40,都市：其他:農業區,1,1,全筆移轉,05940000
RPSNMLSKJHIGFAW07DA,西山段,497.34,都市：其他:農業區,1,1,全筆移轉,07230000
RPRNMLLMJHIGFAW09DA,寧山段,32.42,都市：其他:自然村專用區,20,1,持分移轉,09640000
RPRNMLLMJHIGFAW09DA,寧山段,16.98,都市：其他:自然村專用區,20,1,持分移轉,09650000
RPRNMLLMJHIGFAW09DA,寧山段,20.93,都市：其他:農業區,20,1,持分移轉,09650001
RPRNMLQJJHIGFAW66DA,西山段,1475.06,都市：其他:農業區,1,1,全筆移轉,07150000
RPUNMLQJJHIGFAW96DA,青山段,19.92,都市：其他:自然村專用區,10000,234,持分移轉,10450001
RPPNMLLJKHIGFAW68DA,士校段,63.07,都市：其他:自然村專用區,10000,626,持分移轉,04030011
RPRNMLMJKHIGFAW98DA,寧山段,32.42,都市：其他:自然村專用區,20,1,持分移轉,09640000
RPRNMLMJKHIGFAW98DA,寧山段,16.98,都市：其他:自然村專用區,20,1,持分移轉,09650000
RPRNMLMJKHIGFAW98DA,寧山段,20.93,都市：其他:農業區,20,1,持分移轉,09650001
RPQNMLLJKHIGFAW78DA,嚨口村測段,44.71,都市：其他:自然村專用區,6,1,持分移轉,00390000
RPRNMLPJJHIGFAW56DA,北五劃段,815.17,都市：其他:國家公園區,1,1,全筆移轉,03420000
RPRNMLPJJHIGFAW56DA,北五劃段,647.00,都市：其他:國家公園區,1,1,全筆移轉,03430000
RPRNMLPJJHIGFAW56DA,瓊林村測段,127.48,都市：其他:國家公園區,1,1,全筆移轉,03600000
RPRNMLPJJHIGFAW56DA,北五劃段,211.62,都市：其他:國家公園區,2,1,持分移轉,03750005
RPRNMLPJJHIGFAW56DA,瓊林段,643.06,都市：其他:國家公園區,1,1,全筆移轉,05980001
RPPNMLSKJHIGFAW76DA,東園劃段,398.72,都市：其他:農業區,100000,71167,持分移轉,01670000
RPQNMLSKJHIGFAW86DA,東園劃段,161.54,都市：其他:農業區,100000,28833,持分移轉,01670000
RPTNMLOJKHIGFAW76DA,高坑劃測段,97.00,都市：其他:自然村專用區,1,1,全筆移轉,00320000
RPUNMLOJKHIGFAW86DA,大山段,161.04,都市：其他:道路用地,1,1,全筆移轉,01730023
RPUNMLOJKHIGFAW86DA,大山段,29838.96,都市：其他:國家公園區,1,1,全筆移轉,01730067
RPPNMLOJKHIGFAW09EA,庵前劃測段,42.23,都市：其他:道路用地,1,1,全筆移轉,03680001
RPWNMLOJKHIGFAW07DA,大山段,53857.47,都市：其他:國家公園區,1,1,全筆移轉,01730065
RPVNMLOJKHIGFAW96DA,大山段,12468.00,都市：其他:國家公園區,1,1,全筆移轉,01730066
RPPNMLKKJHIGFAW58DA,古井段,19.00,都市：其他:農業區,1,1,全筆移轉,00830000
RPOOMLOJKHIGFAW98DA,大山段,9853.55,都市：其他:國家公園區,1,1,全筆移轉,01730061
RPOOMLOJKHIGFAW98DA,大山段,146.45,都市：其他:道路用地,1,1,全筆移轉,01730071
RPXNMLOJKHIGFAW17DA,大山段,9892.49,都市：其他:國家公園區,1,1,全筆移轉,01730062
RPXNMLOJKHIGFAW17DA,大山段,107.51,都市：其他:道路用地,1,1,全筆移轉,01730072
RPQOMLOJKHIGFAW56DA,大山段,4904.62,都市：其他:國家公園區,1,1,全筆移轉,01730059
RPQOMLOJKHIGFAW56DA,大山段,95.38,都市：其他:道路用地,1,1,全筆移轉,01730069
RPROMLOJKHIGFAW66DA,大山段,15178.18,都市：其他:國家公園區,2,1,持分移轉,01730000
RPROMLOJKHIGFAW66DA,大山段,568.32,都市：其他:道路用地,2,1,持分移轉,01730021
RPROMLOJKHIGFAW66DA,大山段,4883.48,都市：其他:國家公園區,2,1,持分移轉,01730058
RPROMLOJKHIGFAW66DA,大山段,116.53,都市：其他:道路用地,2,1,持分移轉,01730068
RPTNMLMKJHIGFAW56DA,東店段,552.70,都市：其他:風景區,1,1,全筆移轉,02790000
RPTNMLMKJHIGFAW56DA,東店段,752.97,都市：其他:風景區,1,1,全筆移轉,02870001
RPTNMLMKJHIGFAW56DA,東店段,1340.06,都市：其他:風景區,1,1,全筆移轉,04220000
RPTNMLMKJHIGFAW56DA,東店段,533.30,都市：其他:風景區,1,1,全筆移轉,04750000
RPTNMLMKJHIGFAW56DA,東店段,472.18,都市：其他:風景區,1,1,全筆移轉,05910000
RPTNMLMKJHIGFAW56DA,東店段,422.58,都市：其他:風景區,1,1,全筆移轉,05970001
RPTNMLMKJHIGFAW56DA,東店段,843.22,都市：其他:風景區,1,1,全筆移轉,06040000
RPRNMLNJKHIGFAW09DA,寧安二劃段,400.00,都市：其他:農業區,5,2,持分移轉,04740000
RPPNMLLMJHIGFAW88DA,洪門港測段,16.51,都市：其他:自然村專用區,20,1,持分移轉,00050000
RPPOMLOJKHIGFAW09DA,大山段,4915.80,都市：其他:國家公園區,1,1,全筆移轉,01730060
RPPOMLOJKHIGFAW09DA,大山段,84.20,都市：其他:道路用地,1,1,全筆移轉,01730070
RPPNMLKKKHIGFAW78EA,市港段,8.20,都市：其他:第二種商業區,100000,786,持分移轉,00930000
RPPNMLLMJHIGFAW88DA,洪門港測段,22.69,都市：其他:農業區,20,1,持分移轉,00050001
RPSNMLQJKHIGFAW86DA,寧湖三劃段,1000.00,都市：其他:農業區,1,1,全筆移轉,03870000
RPQNMLKKKHIGFAW88EA,市港段,7.64,都市：其他:第二種商業區,100000,733,持分移轉,00930000
RPQNMLTKJHIGFAW96DA,中四劃段,700.00,都市：其他:農業區,1,1,全筆移轉,03390000
RPQNMLMKJHIGFAW98EA,寧湖二劃測段,553.03,都市：其他:農業區,1,1,全筆移轉,07040000
RPUNMLRKJHIGFAW17DA,九宮測段,117.37,都市：其他:自然村專用區,1,1,全筆移轉,05150000
RPPNMLQKKHIGFAW66DA,古廟段,101.00,都市：其他:自然村專用區,24,12,持分移轉,00870000
RPSNMLLJLHIGFAW09DA,城南段,15.70,都市：其他:第二種住宅區,8,1,持分移轉,06940000
RPRNMLTJJHIGFAW96DA,水頭段,446.01,都市：其他:農業區,1,1,全筆移轉,01330000
RPRNMLTJJHIGFAW96DA,水頭段,19.10,都市：其他:道路用地,1,1,全筆移轉,01330001
RPRNMLLLKHIGFAW56EA,北二三劃測段,77.13,都市：其他:自然村專用區,10000,417,持分移轉,02640000
RPRNMLLKJHIGFAW88DA,士校段,102.62,都市：其他:自然村專用區,1,1,全筆移轉,03790004
RPXNMLSKKHIGFAW67DA,湖尾村測段,29.55,都市：其他:自然村專用區,200000,13830,持分移轉,03650000
RPXNMLSKKHIGFAW67DA,湖尾村測段,1.05,都市：其他:道路用地,200000,13830,持分移轉,03650004
RPQNMLPJKIHGFAW56DA,庵前村測段,183.37,都市：其他:自然村專用區,1,1,全筆移轉,00810000
RPQNMLPJKIHGFAW56DA,莒光樓段,814.00,都市：其他:農業區,1,1,全筆移轉,07470000
RPTNMLSKJHIGFAW17DA,九宮測段,368.35,都市：其他:保護區,1,1,全筆移轉,01870000
RPTNMLSKJHIGFAW17DA,九宮測段,18.49,都市：其他:保護區,1,1,全筆移轉,01880000
RPTNMLSKJHIGFAW17DA,九宮測段,244.34,都市：其他:保護區,1,1,全筆移轉,01920000
RPTNMLSKJHIGFAW17DA,九宮測段,152.97,都市：其他:保護區,1,1,全筆移轉,01960000
RPTNMLSKJHIGFAW17DA,九宮測段,409.64,都市：其他:保護區,1,1,全筆移轉,02230000
RPTNMLSKJHIGFAW17DA,九宮測段,205.65,都市：其他:保護區,1,1,全筆移轉,02350000
RPTNMLSKJHIGFAW17DA,公園測段,251.58,都市：其他:農業區,1,1,全筆移轉,03990000
RPTNMLSKJHIGFAW17DA,九宮測段,172.86,都市：其他:保護區,1,1,全筆移轉,04350000
RPTNMLSKJHIGFAW17DA,九宮測段,281.96,都市：其他:保護區,1,1,全筆移轉,04790000
RPTNMLSKJHIGFAW17DA,九宮測段,415.64,都市：其他:保護區,1,1,全筆移轉,05150001
RPTNMLSKJHIGFAW17DA,九宮測段,116.37,都市：其他:保護區,1,1,全筆移轉,05440000
RPSNMLOJKHIGFAW66DA,官嶼劃段,984.00,都市：其他:農業區,1,1,全筆移轉,05620000
RPSNMLOJKHIGFAW66DA,官嶼劃段,16.00,都市：其他:農業區,1,1,全筆移轉,05620001
RPWNMLQKJHIGFAW27DA,湖前段,55.95,都市：其他:自然村專用區,6,1,持分移轉,08230031
RPWNMLQKJHIGFAW27DA,湖前段,16.83,都市：其他:自然村專用區,100,8,持分移轉,08230032
RPQNMLSJKIHGFAW86DA,北九十劃段,488.72,都市：其他:農業區,1,1,全筆移轉,02400000
RPQNMLOKKIHGFAW66EA,山前段,.99,都市：其他:農業區,1,1,全筆移轉,00220001
RPSNMLTJKIHGFAW27EA,湖前段,62.51,都市：其他:自然村專用區,16,2,持分移轉,06210001
RPSNMLTJKIHGFAW27EA,湖前段,62.51,都市：其他:自然村專用區,16,2,持分移轉,06210001
RPTNMLOKKIHGFAW86DA,洋山測段,309.05,都市：其他:農業區,1,1,全筆移轉,04340000
RPPNMLPKKIHGFAW56DA,賢厝段,533.00,都市：其他:農業區,1,1,全筆移轉,07670000
RPVNMLRJKIHGFAW27DA,烈濱劃測段,300.00,都市：其他:農業區,1,1,全筆移轉,01570001
RPVNMLRJKIHGFAW27DA,庵下測段,523.18,都市：其他:農業區,1,1,全筆移轉,01720000
RPVNMLRJKIHGFAW27DA,黃埔段,171.00,都市：其他:自然村專用區,1,1,全筆移轉,01870000
RPVNMLRJKIHGFAW27DA,烈濱劃測段,543.01,都市：其他:農業區,1,1,全筆移轉,01910000
RPVNMLRJKIHGFAW27DA,庵下測段,699.55,都市：其他:農業區,1,1,全筆移轉,02120000
RPVNMLRJKIHGFAW27DA,庵下測段,526.60,都市：其他:農業區,1,1,全筆移轉,02180000
RPVNMLRJKIHGFAW27DA,黃埔段,72.00,都市：其他:自然村專用區,1,1,全筆移轉,02430000
RPVNMLRJKIHGFAW27DA,黃埔段,591.00,都市：其他:自然村專用區,1,1,全筆移轉,02650000
RPUNMLPJKIHGFAW96DA,寧湖六劃段,500.00,都市：其他:農業區,1,1,全筆移轉,00860000
RPUNMLTKKIHGFAW57EA,庵邊段,42.80,都市：其他:自然村專用區,5,2,持分移轉,02950000
RPRNMLQKKIHGFAW86DA,寧劃段,490.23,都市：其他:農業區,1,1,全筆移轉,11740000
RPRNMLQKKIHGFAW86DA,寧劃段,490.23,都市：其他:農業區,1,1,全筆移轉,11870000
RPPNMLQKKIHGFAW66DA,金門城測段,377.07,都市：其他:自然村專用區,1,1,全筆移轉,01920000
RPPNMLKLKIHGFAW88EA,延平段,215.46,都市：其他:風景區,2,1,持分移轉,00600000
RPPNMLQKKIHGFAW66DA,金門城測段,78.03,都市：其他:道路用地,1,1,全筆移轉,01920001
RPPNMLKLKIHGFAW88EA,延平段,189.13,都市：其他:風景區,2,1,持分移轉,00740000
RPPNMLKLKIHGFAW88EA,延平段,300.00,都市：其他:風景區,2,1,持分移轉,00750000
RPUNMLPKKIHGFAW17EA,新市段,50.84,都市：其他:第二種商業區,3,2,持分移轉,03870000
RPUNMLPKKIHGFAW17EA,新市段,7.71,都市：其他:道路用地,3,2,持分移轉,03880000
RPTNMLQJKIHGFAW96DA,北二三劃測段,14.02,都市：其他:自然村專用區,10000,381,持分移轉,02290000
RPVNMLPJKIHGFAW07DA,北二三劃測段,20.53,都市：其他:自然村專用區,10000,111,持分移轉,02640000
RPTNMLTKKIHGFAW37DA,士校段,1083.36,都市：其他:自然村專用區,1,1,全筆移轉,03830006
RPTNMLTKKIHGFAW37DA,士校段,282.63,都市：其他:道路用地,1,1,全筆移轉,03830009
RPQNMLTKKIHGFAW07DA,山前段,17.00,都市：其他:道路用地,1,1,全筆移轉,06850002
RPVNMLQJKIHGFAW17DA,沙溪一劃段,1000.00,都市：其他:農業區,1,1,全筆移轉,06580000
RPVNMLQJKIHGFAW17DA,東珩段,2342.58,都市：其他:公園用地,1,1,全筆移轉,07090002
RPRNMLLLKIHGFAW09DA,祥瑞段,6.67,都市：其他:道路用地,1,1,全筆移轉,07200003
RPTNMLRLKIHGFAW37EA,寧湖三劃段,893.23,都市：其他:農業區,1,1,全筆移轉,06690000
RPTNMLRLKIHGFAW37EA,寧湖三劃段,6.77,都市：其他:閩南建築專用區,1,1,全筆移轉,06690002
RPQNMLLLKIHGFAW98DA,祥瑞段,5.19,都市：其他:道路用地,1,1,全筆移轉,07200001
RPSNMLQKKIHGFAW96DA,石牌段,992.95,都市：其他:農業區,1,1,全筆移轉,03810000
RPSNMLQKKIHGFAW96DA,后沙劃測段,900.04,都市：其他:農業區,1,1,全筆移轉,07840000
RPPNMLLLKIHGFAW88DA,延平段,45.46,都市：其他:農業區,20,1,持分移轉,05340001
RPXNMLNKKIHGFAW17DA,東洲段,1297.86,都市：其他:保護區,1,1,全筆移轉,05780000
RPRNMLTKKIHGFAW17DA,前水頭測段,105.25,都市：其他:國家公園區,4,1,持分移轉,03880000
RPRNMLTKKIHGFAW17DA,前水頭測段,59.02,都市：其他:國家公園區,4,1,持分移轉,03900000
RPRNMLQLKIHGFAW96DA,公園測段,211.12,都市：其他:保護區,1,1,全筆移轉,00020000
RPRNMLQLKIHGFAW96DA,九宮測段,30.37,都市：其他:保護區,1,1,全筆移轉,00470000
RPRNMLQLKIHGFAW96DA,九宮測段,69.75,都市：其他:保護區,1,1,全筆移轉,00480000
RPRNMLQLKIHGFAW96DA,九宮測段,38.44,都市：其他:保護區、道路用地,1,1,全筆移轉,00480001
RPRNMLQLKIHGFAW96DA,九宮測段,73.90,都市：其他:保護區,1,1,全筆移轉,00490000
RPRNMLQLKIHGFAW96DA,九宮測段,142.89,都市：其他:保護區、道路用地,1,1,全筆移轉,00490001
RPRNMLQLKIHGFAW96DA,九宮測段,13.67,都市：其他:保護區,1,1,全筆移轉,00500000
RPRNMLQLKIHGFAW96DA,九宮測段,268.59,都市：其他:保護區、道路用地,1,1,全筆移轉,00500001
RPRNMLQLKIHGFAW96DA,九宮測段,167.46,都市：其他:農業區、保護區、道路用地,1,1,全筆移轉,00520000
RPTNMLQLKIHGFAW17DA,中三劃測段,50.75,都市：其他:自然村專用區,10000,1381,持分移轉,03720001
RPPNMLSJKIHGFAW76DA,沙碧劃段,800.00,都市：其他:農業區,1,1,全筆移轉,03390000
RPPNMLSJKIHGFAW76DA,碧山段,761.80,都市：其他:保護區,1,1,全筆移轉,04850000
RPSNMLSLKIHGFAW37EA,祥和段,280.00,都市：其他:第一種住宅區,50,28,持分移轉,10090000
RPQNMLSLKIHGFAW17EA,烈新段,510.92,都市：其他:第三種住宅區。,1,1,全筆移轉,01760000
RPQNMLTLKIHGFAW27EA,庵前劃測段,600.01,都市：其他:農業區,1,1,全筆移轉,00500000
RPUNMLKLKIHGFAW66DA,北二三劃測段,14.02,都市：其他:自然村專用區,10000,381,持分移轉,02290000
RPRNMLSLKIHGFAW17DA,汶沙測段,92.93,都市：其他:第六種住宅區,1,1,全筆移轉,03180000
RPSNMLTLKIHGFAW37DA,九宮測段,368.35,都市：其他:保護區,1,1,全筆移轉,01870000
RPSNMLTLKIHGFAW37DA,九宮測段,18.49,都市：其他:保護區,1,1,全筆移轉,01880000
RPSNMLTLKIHGFAW37DA,九宮測段,244.34,都市：其他:保護區,1,1,全筆移轉,01920000
RPSNMLTLKIHGFAW37DA,九宮測段,152.97,都市：其他:保護區,1,1,全筆移轉,01960000
RPSNMLTLKIHGFAW37DA,九宮測段,409.64,都市：其他:保護區,1,1,全筆移轉,02230000
RPSNMLTLKIHGFAW37DA,九宮測段,205.65,都市：其他:保護區,1,1,全筆移轉,02350000
RPUNMLTLKIHGFAW57DA,水頭段,329.43,都市：其他:國家公園區,1,1,全筆移轉,04300000
RPSNMLTLKIHGFAW37DA,公園測段,251.58,都市：其他:農業區,1,1,全筆移轉,03990000
RPSNMLTLKIHGFAW37DA,九宮測段,172.86,都市：其他:保護區,1,1,全筆移轉,04350000
RPSNMLTLKIHGFAW37DA,九宮測段,281.96,都市：其他:保護區,1,1,全筆移轉,04790000
RPSNMLTLKIHGFAW37DA,九宮測段,117.37,都市：其他:保護區,1,1,全筆移轉,05150000
RPSNMLTLKIHGFAW37DA,九宮測段,415.64,都市：其他:保護區,1,1,全筆移轉,05150001
RPSNMLTLKIHGFAW37DA,九宮測段,116.37,都市：其他:保護區,1,1,全筆移轉,05440000
RPUNMLKMKIHGFAW76DA,寧山段,32.42,都市：其他:自然村專用區,20,1,持分移轉,09640000
RPUNMLKMKIHGFAW76DA,寧山段,16.98,都市：其他:自然村專用區,20,1,持分移轉,09650000
RPUNMLKMKIHGFAW76DA,寧山段,20.93,都市：其他:農業區,20,1,持分移轉,09650001
RPXNMLKMKIHGFAW07DA,汶沙測段,6.46,都市：其他:第六種住宅區,1,1,全筆移轉,06050004
RPXNMLKMKIHGFAW07DA,汶沙測段,194.00,都市：其他:第六種住宅區,1,1,全筆移轉,06060028
RPRNMLTLKIHGFAW37EA,水頭段,294.06,都市：其他:國家公園區,1,1,全筆移轉,04190000
RPPNMLMJJHIGFAW68DA,水頭段,794.07,都市：其他:農業區,1,1,全筆移轉,10390000
RPQNMLKMKIHGFAW09EA,寧安四劃段,673.00,都市：其他:農業區,1,1,全筆移轉,01370000
RPPNMLNLKIHGFAW09DA,北二三劃測段,15.86,都市：其他:自然村專用區,10000,431,持分移轉,02290000
RPSNMLLJKIHGFAW98DA,寧安四劃段,1000.00,都市：其他:自然村專用區,1,1,全筆移轉,03160000
RPXNMLKMKIHGFAW17EA,中三劃測段,50.75,都市：其他:自然村專用區,10000,1381,持分移轉,03720001
RPXNMLRJKIHGFAW47DA,市港段,14.47,都市：其他:第五種住宅區,10000,295,持分移轉,01050000
RPOOMLKMKIHGFAW98EA,中三劃測段,50.71,都市：其他:自然村專用區,10000,1380,持分移轉,03720001
RPQNMLQLKIHGFAW86DA,莒光樓段,440.00,都市：其他:風景區,1,1,全筆移轉,02180000
RPPOMLRJKIHGFAW76DA,市港段,14.47,都市：其他:第五種住宅區,10000,295,持分移轉,01050000
RPTNMLKLKIHGFAW56DA,市港段,21.67,都市：其他:第五種住宅區,10000,442,持分移轉,01050000
RPUNMLNKKIHGFAW86DA,料羅段,270.11,都市：其他:保護區,2,1,持分移轉,04410000
RPRNMLOJJHIGFAW09DA,寧山段,32.42,都市：其他:自然村專用區,20,1,持分移轉,09640000
RPRNMLOJJHIGFAW09DA,寧山段,16.98,都市：其他:自然村專用區,20,1,持分移轉,09650000
RPRNMLOJJHIGFAW09DA,寧山段,20.93,都市：其他:農業區,20,1,持分移轉,09650001
RPPNMLTLKIHGFAW07DA,古崗段,555.59,都市：其他:風景區,1,1,全筆移轉,00360000
RPPNMLTLKIHGFAW07DA,古崗段,162.47,都市：其他:風景區,1,1,全筆移轉,00370000
RPVNMLPKKIHGFAW17DA,市港段,18.97,都市：其他:第五種住宅區,10000,120,持分移轉,00080000
RPSNMLOJJHIGFAW56DA,寧山段,32.42,都市：其他:自然村專用區,20,1,持分移轉,09640000
RPSNMLOJJHIGFAW56DA,寧山段,16.98,都市：其他:自然村專用區,20,1,持分移轉,09650000
RPSNMLOJJHIGFAW56DA,寧山段,20.93,都市：其他:農業區,20,1,持分移轉,09650001
RPRNMLRJJHIGFAW86EA,古寧頭測段,209.02,都市：其他:國家公園區-第一類一般管制區-生活發展用地,1,1,全筆移轉,00560000
RPPNMLOJJHIGFAW98EA,東園劃段,798.86,都市：其他:農業區,1,1,全筆移轉,00820000
RPVNMLKMKIHGFAW86DA,金城劃段,408.54,都市：其他:農業區,1,1,全筆移轉,02250000
RPVNMLKMKIHGFAW86DA,金城劃段,76.44,都市：其他:道路用地,1,1,全筆移轉,02250001
RPVNMLKMKIHGFAW86DA,金城劃段,893.23,都市：其他:農業區,1,1,全筆移轉,02260000
RPVNMLKMKIHGFAW86DA,金城劃段,76.78,都市：其他:道路用地,1,1,全筆移轉,02260001
RPTNMLTLKIHGFAW47DA,寧劃段,489.63,都市：其他:農業區,1,1,全筆移轉,08530000
RPPNMLRJJHIGFAW56DA,寧湖一劃段,462.00,都市：其他:農業區,1,1,全筆移轉,02770000
RPRNMLNLKIHGFAW66DA,北九十劃段,976.97,都市：其他:農業區,1,1,全筆移轉,02160000
RPSNMLNJJHIGFAW09DA,祥豐段,13.06,都市：其他:第三種住宅區。,10000,168,持分移轉,00390000
RPSNMLNJJHIGFAW09DA,祥豐段,10.13,都市：其他:第三種住宅區。,10000,168,持分移轉,00400000
RPTNMLLLKIHGFAW66DA,祥豐段,.16,都市：其他:第三種住宅區。,20000,4,持分移轉,00390000
RPTNMLLLKIHGFAW66DA,祥豐段,.12,都市：其他:第三種住宅區。,20000,4,持分移轉,00400000
RPPNMLTJKIHGFAW86DA,中二劃段,55.76,都市：其他:自然村專用區,10000,542,持分移轉,03320000
RPPNMLTJJHIGFAW86EA,烈濱劃測段,199.33,都市：其他:農業區,3,1,持分移轉,11390000
RPPOMLKKJHIGFAW78EA,沙宅劃段,1000.00,都市：其他:農業區,1,1,全筆移轉,00620000
RPSNMLTJJHIGFAW17EA,沙宅劃段,603.00,都市：其他:農業區,1,1,全筆移轉,04330000
RPQNMLKMKIHGFAW98DA,中二劃段,900.00,都市：其他:農業區,1,1,全筆移轉,02220000
RPRNMLKKJHIGFAW78DA,市港段,13.45,都市：其他:第五種住宅區,10000,184,持分移轉,00980000
RPOOMLNKKIHGFAW98DA,羅劃測段,54.13,都市：其他:自然村專用區,10000,1354,持分移轉,01140001
RPOOMLNKKIHGFAW98DA,羅劃測段,13.57,都市：其他:自然村專用區,10000,1354,持分移轉,01140007
RPTNMLLKJHIGFAW09DA,古廟段,234.00,都市：其他:自然村專用區,1,1,全筆移轉,01040000
RPRNMLKMKIHGFAW09DA,蜈蚣山段,741.28,都市：其他:國家公園區,1,1,全筆移轉,03060000
RPRNMLKMKIHGFAW09DA,蜈蚣山段,576.29,都市：其他:國家公園區,1,1,全筆移轉,03820000
RPTNMLKKJHIGFAW98DA,夏興段,48.38,都市：其他:自然村專用區,10000,1640,持分移轉,12460000
RPQNMLOJJHIGFAW09EA,長寮段,730.33,都市：其他:自然村專用區,1,1,全筆移轉,06180000
RPQNMLOJJHIGFAW09EA,長寮段,140.77,都市：其他:自然村專用區,1,1,全筆移轉,07080000
RPSNMLKMKIHGFAW56DA,天后宮段,26.73,都市：其他:第二種住宅區,10,1,持分移轉,04470000
RPTNMLKMKIHGFAW66DA,天后宮段,26.73,都市：其他:第二種住宅區,10,1,持分移轉,04470000
RPSNMLQJJHIGFAW76DA,保生段,228.59,都市：其他:第二之一種住宅區,10000,4396,持分移轉,00450000
RPPNMLKMKIHGFAW88DA,寧湖三劃段,500.00,都市：其他:農業區,1,1,全筆移轉,02030000
RPQNMLNKJHIGFAW09EA,青嶼測段,355.48,都市：其他:國家公園區,1,1,全筆移轉,04110000
RPQNMLNJJHIGFAW88DA,祥豐段,.08,都市：其他:第三種住宅區。,20000,2,持分移轉,00390000
RPQNMLNJJHIGFAW88DA,祥豐段,.06,都市：其他:第三種住宅區。,20000,2,持分移轉,00400000
RPWNMLPKKIHGFAW27DA,湖南村測段,60.50,都市：其他:自然村專用區,340,121,持分移轉,00330000
RPPNMLQKJHIGFAW66EA,后湖段,324.61,都市：其他:農業區,1,1,全筆移轉,10730000
RPRNMLNJJHIGFAW98DA,祥豐段,.08,都市：其他:第三種住宅區。,10000,1,持分移轉,00390000
RPRNMLNJJHIGFAW98DA,祥豐段,.06,都市：其他:第三種住宅區。,10000,1,持分移轉,00400000
RPPNMLRKJHIGFAW66DA,北九劃段,500.00,都市：其他:農業區,1,1,全筆移轉,12420001
RPSNMLNKJHIGFAW66EA,新頭段,1511.08,都市：其他:農業區,1,1,全筆移轉,01270008
RPVOMLKMKIHGFAW96DA,北一段,923.12,都市：其他:農業區,1,1,全筆移轉,02570000
RPVOMLKMKIHGFAW96DA,北一段,76.97,都市：其他:道路用地,1,1,全筆移轉,02570001
RPQNMLPJJHIGFAW09DA,金城劃段,34.84,都市：其他:農業區,2,1,持分移轉,01540007
RPQNMLPJJHIGFAW09DA,金城劃段,7.17,都市：其他:農業區,2,1,持分移轉,01540020
RPQNMLPJJHIGFAW09DA,金城劃段,13.13,都市：其他:農業區,2,1,持分移轉,01540022
RPPNMLRLKIHGFAW86DA,汶沙測段,65.47,都市：其他:自然村專用區,2,1,持分移轉,17760000
RPRNMLSJKIHGFAW96DA,金城劃段,1000.00,都市：其他:農業區,1,1,全筆移轉,02550000
RPRNMLQKJHIGFAW76DA,洪門港測段,16.51,都市：其他:自然村專用區,20,1,持分移轉,00050000
RPRNMLQKJHIGFAW76DA,洪門港測段,22.69,都市：其他:農業區,20,1,持分移轉,00050001
SPRNMLQKJHIGFAW86DA,洪門港測段,16.51,都市：其他:自然村專用區,20,1,持分移轉,00050000
SPRNMLQKJHIGFAW86DA,洪門港測段,22.69,都市：其他:農業區,20,1,持分移轉,00050001
RPUNMLQKJHIGFAW07DA,洪門港測段,16.51,都市：其他:自然村專用區,20,1,持分移轉,00050000
RPTNMLQKJHIGFAW96DA,洪門港測段,16.51,都市：其他:自然村專用區,20,1,持分移轉,00050000
RPSNMLQKJHIGFAW86DA,洪門港測段,16.51,都市：其他:自然村專用區,20,1,持分移轉,00050000
RPUNMLQKJHIGFAW07DA,洪門港測段,22.69,都市：其他:農業區,20,1,持分移轉,00050001
RPTNMLQKJHIGFAW96DA,洪門港測段,22.69,都市：其他:農業區,20,1,持分移轉,00050001
RPSNMLQKJHIGFAW86DA,洪門港測段,22.69,都市：其他:農業區,20,1,持分移轉,00050001
RPWNMLRKJHIGFAW47EA,山柄段,1013.10,都市：其他:國家公園區,2,1,持分移轉,10800028
RPWNMLRKJHIGFAW47EA,山柄段,316.79,都市：其他:道路用地,2,1,持分移轉,10800046
RPVNMLRKJHIGFAW27DA,大山頂測段,1380.45,都市：其他:自然村專用區,1,1,全筆移轉,02060000
RPVNMLRKJHIGFAW27DA,大山頂測段,2.16,都市：其他:農業區,1,1,全筆移轉,02070002
RPQNMLNLKIHGFAW56DA,鵲山段,1538.34,都市：其他:保護區,1,1,全筆移轉,02000000
RPRNMLTKJHIGFAW17EA,沙宅劃段,589.00,都市：其他:農業區,1,1,全筆移轉,01450000
RPRNMLLJKHIGFAW98EA,擎天段,171.43,都市：其他:自然村專用區,7,2,持分移轉,12510003
RPTNMLQJKHIGFAW96DA,祥和段,84.80,都市：其他:第一種住宅區,1,1,全筆移轉,10120000
RPRNMLKLKIHGFAW98DA,新塘段,49.52,都市：其他:自然村專用區,20,1,持分移轉,00370000
RPRNMLTJKIHGFAW07DA,新塘段,49.52,都市：其他:自然村專用區,20,1,持分移轉,00370000
RPVNMLQKJHIGFAW17DA,洪門港測段,16.51,都市：其他:自然村專用區,20,1,持分移轉,00050000
RPVNMLQKJHIGFAW17DA,洪門港測段,22.69,都市：其他:農業區,20,1,持分移轉,00050001
RPUNMLLKJHIGFAW56DA,高坑劃測段,436.35,都市：其他:自然村專用區,1,1,全筆移轉,04240002
RPTNMLTJKHIGFAW27DA,機場段,414.94,都市：其他:自然村專用區,1,1,全筆移轉,11100000
RPPNMLQJKHIGFAW66EA,市港段,7.62,都市：其他:第二種商業區,100000,731,持分移轉,00930000
RPQNMLLLKHIGFAW98DA,金門城測段,38.81,都市：其他:自然村專用區,20,1,持分移轉,07540000
RPRNMLPKJIHGFAW66DA,天后宮段,26.73,都市：其他:第二種住宅區,10,1,持分移轉,04470000
RPQNMLLLKHIGFAW09EA,官嶼劃段,500.00,都市：其他:農業區,2,1,持分移轉,07540000
RPQNMLKMJIHGFAW88DA,寧山段,32.42,都市：其他:自然村專用區,20,1,持分移轉,09640000
RPQNMLKMJIHGFAW88DA,寧山段,16.98,都市：其他:自然村專用區,20,1,持分移轉,09650000
RPQNMLKMJIHGFAW88DA,寧山段,20.93,都市：其他:農業區,20,1,持分移轉,09650001
RPPNMLKMJIHGFAW78DA,寧山段,32.42,都市：其他:自然村專用區,20,1,持分移轉,09640000
RPPNMLKMJIHGFAW78DA,寧山段,16.98,都市：其他:自然村專用區,20,1,持分移轉,09650000
RPPNMLKMJIHGFAW78DA,寧山段,20.93,都市：其他:農業區,20,1,持分移轉,09650001
RPUNMLNLJIHGFAW86DA,莒光樓段,130.00,都市：其他:農業區,1,1,全筆移轉,09560000
RPSNMLKMJIHGFAW09DA,寧山段,32.42,都市：其他:自然村專用區,20,1,持分移轉,09640000
RPRNMLKMJIHGFAW98DA,寧山段,32.42,都市：其他:自然村專用區,20,1,持分移轉,09640000
RPRNMLKMJIHGFAW98DA,寧山段,16.98,都市：其他:自然村專用區,20,1,持分移轉,09650000
RPRNMLKMJIHGFAW98DA,寧山段,20.93,都市：其他:農業區,20,1,持分移轉,09650001
RPSNMLKMJIHGFAW09DA,寧山段,16.98,都市：其他:自然村專用區,20,1,持分移轉,09650000
RPPNMLKKJIHGFAW58DA,市港段,21.48,都市：其他:第五種住宅區,10000,792,持分移轉,01040000
RPSNMLKMJIHGFAW09DA,寧山段,20.93,都市：其他:農業區,20,1,持分移轉,09650001
RPRNMLOKJIHGFAW56DA,寧安二劃段,28.10,都市：其他:自然村專用區,10000,569,持分移轉,05450000
RPRNMLRKJIHGFAW86DA,北二三劃測段,15.18,都市：其他:自然村專用區,10000,915,持分移轉,02290003
RPQOMLMLJIHGFAW09DA,中五劃段,967.00,都市：其他:國家公園區,1,1,全筆移轉,07090000
RPQOMLMLJIHGFAW09DA,中五劃段,967.00,都市：其他:國家公園區,1,1,全筆移轉,07100000
RPRNMLPJKIHGFAW66DA,金門城測段,38.81,都市：其他:自然村專用區,20,1,持分移轉,07540000
RPUNMLOKKIHGFAW07EA,太湖劃測段,519.38,都市：其他:甲種工業區,2,1,持分移轉,09490000
RPUNMLOKKIHGFAW07EA,太湖劃測段,50.66,都市：其他:道路用地,2,1,持分移轉,09490001
RPVNMLNKKIHGFAW96DA,寧山段,32.42,都市：其他:自然村專用區,20,1,持分移轉,09640000
RPVNMLNKKIHGFAW96DA,寧山段,16.98,都市：其他:自然村專用區,20,1,持分移轉,09650000
RPVNMLNKKIHGFAW96DA,寧山段,20.93,都市：其他:農業區,20,1,持分移轉,09650001
RPQNMLQJKIHGFAW66DA,公園測段,204.04,都市：其他:農業區,1,1,全筆移轉,09270000
RPWNMLNKKIHGFAW07DA,寧山段,32.42,都市：其他:自然村專用區,20,1,持分移轉,09640000
RPWNMLNKKIHGFAW07DA,寧山段,16.98,都市：其他:自然村專用區,20,1,持分移轉,09650000
RPWNMLNKKIHGFAW07DA,寧山段,20.93,都市：其他:農業區,20,1,持分移轉,09650001
RPSNMLLKJIHGFAW98DA,北二三劃測段,15.18,都市：其他:自然村專用區,10000,915,持分移轉,02290003
RPUNMLTLJIHGFAW47DA,市港段,21.67,都市：其他:第五種住宅區,10000,442,持分移轉,01050000
RPQNMLQKKIHGFAW76DA,寧山段,812.27,都市：其他:農業區,1,1,全筆移轉,06120000
RPSNMLQLKIHGFAW17EA,青嶼測段,224.47,都市：其他:保護區,1,1,全筆移轉,05770000
RPQNMLLJKIHGFAW78DA,洋山段,35.67,都市：其他:自然村專用區,100000,6025,持分移轉,10180000
RPQNMLRLKIHGFAW96DA,呂厝村段,228.00,都市：其他:自然村專用區,1,1,全筆移轉,01080000
RPRNMLQJKIHGFAW76DA,赤岑段,825.17,都市：其他:國家公園區,1,1,全筆移轉,10690000
RPPNMLMLKIHGFAW09EA,小坵段,23.18,都市：其他:自然村專用區,1,1,全筆移轉,01830000
RPVNMLTKKIHGFAW57DA,湖前段,36.46,都市：其他:自然村專用區,10000,1609,持分移轉,02850000
RPRNMLRLKIHGFAW17EA,青嶼段,131.00,都市：其他:自然村專用區,1,1,全筆移轉,08480000
RPPNMLMKKIHGFAW88DA,后湖段,841.80,都市：其他:農業區,1,1,全筆移轉,08860000
RPPNMLMKKIHGFAW88DA,后湖段,64.72,都市：其他:農業區,1,1,全筆移轉,09730002
RPPNMLMKKIHGFAW88DA,后湖段,388.48,都市：其他:農業區,1,1,全筆移轉,09870000
RPWNMLTLJIHGFAW67DA,市港段,14.47,都市：其他:第五種住宅區,10000,295,持分移轉,01050000
RPRNMLMKKIHGFAW09DA,后湖段,688.60,都市：其他:農業區,1,1,全筆移轉,08090000
RPRNMLMKKIHGFAW09DA,后湖段,12.36,都市：其他:農業區,1,1,全筆移轉,09730000
RPRNMLMKKIHGFAW09DA,后湖段,594.22,都市：其他:農業區,1,1,全筆移轉,09740000
RPWNMLKMJIHGFAW86DA,古塔段,34.51,都市：其他:自然村專用區,10,1,持分移轉,00650000
RPQNMLMKKIHGFAW98DA,后湖段,420.61,都市：其他:農業區,1,1,全筆移轉,07160000
RPQNMLMKKIHGFAW98DA,后湖段,822.75,都市：其他:農業區,1,1,全筆移轉,08640000
RPQNMLMKKIHGFAW98DA,后湖段,51.64,都市：其他:農業區,1,1,全筆移轉,09730001
RPSNMLRLKIHGFAW17DA,舊金城段,209.00,都市：其他:農業區,1,1,全筆移轉,04730000
RPUNMLTJJHIGFAW27DA,蜈蚣山段,519.30,都市：其他:國家公園區,1,1,全筆移轉,01380000
RPWNMLTKKIHGFAW67DA,庵前劃測段,57.37,都市：其他:自然村專用區,10000,1326,持分移轉,03700000
RPVNMLTJJHIGFAW37DA,沙宅劃段,577.00,都市：其他:農業區,1,1,全筆移轉,01460000
RPTNMLPJKIHGFAW86DA,東紅山段,606.93,都市：其他:國家公園區,1,1,全筆移轉,06110000
RPOOMLPKJIHGFAW09DA,長寮段,39.17,都市：其他:自然村專用區,10000,409,持分移轉,00900002
RPWNMLTJJHIGFAW47DA,青嶼測段,515.13,都市：其他:國家公園區,1,1,全筆移轉,03990000
RPOOMLKKJHIGFAW68EA,沙宅劃段,500.00,都市：其他:農業區,1,1,全筆移轉,03150000
RPOOMLKKJHIGFAW68EA,沙宅劃段,500.00,都市：其他:農業區,1,1,全筆移轉,03630000
RPXNMLTJJHIGFAW57DA,青嶼測段,201.20,都市：其他:自然村專用區,1,1,全筆移轉,03990002
RPTNMLSLJIHGFAW27DA,新塘段,49.52,都市：其他:自然村專用區,20,1,持分移轉,00370000
RPVNMLKLKIHGFAW76DA,沙溪一劃段,105.00,都市：其他:自然村專用區,1,1,全筆移轉,04800005
RPQNMLRKJHIGFAW86EA,后湖段,1101.84,都市：其他:農業區,1,1,全筆移轉,08730000
RPPNMLTKKIHGFAW96DA,寧湖二劃測段,32.81,都市：其他:自然村專用區,1000,46,持分移轉,07750000
RPXNMLPKJIHGFAW27DA,長寮段,36.88,都市：其他:自然村專用區,10000,385,持分移轉,00900002
RPQNMLSLJIHGFAW96DA,寧湖三劃段,500.00,都市：其他:農業區,1,1,全筆移轉,03580000
RPQNMLSLJIHGFAW96DA,寧湖二劃測段,1093.14,都市：其他:農業區,1,1,全筆移轉,08510000
RPTNMLPKKIHGFAW96DA,市港段,30.30,都市：其他:第五種住宅區,10000,618,持分移轉,01050000
RPSNMLLMJHIGFAW56DA,呂厝村段,160.00,都市：其他:道路用地,1,1,全筆移轉,01380000
RPSNMLSJJIHGFAW96DA,北九十劃段,459.85,都市：其他:農業區,1,1,全筆移轉,05590000
RPSNMLSJJIHGFAW96DA,北九十劃段,82.87,都市：其他:道路用地,1,1,全筆移轉,05590001
RPVNMLTKIIHGFAW37DA,燕南山段,320.83,都市：其他:農業區,4,1,持分移轉,13600000
RPVNMLPKJIHGFAW07DA,長寮段,41.95,都市：其他:自然村專用區,10000,438,持分移轉,00900002
RPXNMLKMJIHGFAW96DA,寧湖一劃段,500.00,都市：其他:農業區,1,1,全筆移轉,03720000
RPXNMLKMJIHGFAW96DA,寧湖一劃段,1000.01,都市：其他:農業區,1,1,全筆移轉,03730000
RPPPMLNJJIHGFAW98DA,長寮段,39.17,都市：其他:自然村專用區,10000,409,持分移轉,00900002
RPPNMLOKKIHGFAW09DA,市港段,20.90,都市：其他:第二種商業區,10000,473,持分移轉,00940000
RPUNMLMKJHIGFAW66DA,祥瑞段,58.64,都市：其他:第二種商業區,1,1,全筆移轉,06090000
RPPNMLNKKIHGFAW98DA,盤山村測段,22.79,都市：其他:自然村專用區,200000,6694,持分移轉,03450000
RPXNMLKKJHIGFAW76DA,歐厝村測段,462.22,都市：其他:國家公園區,1,1,全筆移轉,00050000
RPXNMLKKJHIGFAW76DA,歐厝段,1177.32,都市：其他:農業區,1,1,全筆移轉,07550000
RPXNMLKKJHIGFAW76DA,歐厝段,2.06,都市：其他:道路用地,1,1,全筆移轉,07550001
RPOPMLNJJIHGFAW88DA,長寮段,40.04,都市：其他:自然村專用區,20000,836,持分移轉,00900002
RPVOMLNJJIHGFAW86DA,長寮段,40.04,都市：其他:自然村專用區,10000,418,持分移轉,00900002
RPTOMLNJJIHGFAW66DA,長寮段,41.95,都市：其他:自然村專用區,10000,438,持分移轉,00900002
RPXOMLNJJIHGFAW07DA,長寮段,40.04,都市：其他:自然村專用區,10000,418,持分移轉,00900002
RPWOMLNJJIHGFAW96DA,長寮段,40.04,都市：其他:自然村專用區,10000,418,持分移轉,00900002
RPUPMLOJJIHGFAW96DA,長寮段,41.95,都市：其他:自然村專用區,10000,438,持分移轉,00900002
RPQOMLNJJIHGFAW98DA,長寮段,39.17,都市：其他:自然村專用區,10000,409,持分移轉,00900002
RPTPMLOJJIHGFAW86DA,長寮段,41.95,都市：其他:自然村專用區,10000,438,持分移轉,00900002
RPROMLNJJIHGFAW09DA,長寮段,39.17,都市：其他:自然村專用區,10000,409,持分移轉,00900002
RPRNMLSJMHHGFAW07DA,西堡劃測段,600.00,都市：其他:農業區,1,1,全筆移轉,02850000
RPXNMLNJJIHGFAW96DA,長寮段,36.88,都市：其他:自然村專用區,10000,385,持分移轉,00900002
RPWNMLNJJIHGFAW86DA,長寮段,37.74,都市：其他:自然村專用區,10000,394,持分移轉,00900002
RPSPMLOJJIHGFAW76DA,長寮段,36.88,都市：其他:自然村專用區,10000,385,持分移轉,00900002
RPOPMLMJJIHGFAW78DA,長寮段,41.95,都市：其他:自然村專用區,10000,438,持分移轉,00900002
RPSNMLLKJHIGFAW98DA,湖尾村測段,27.32,都市：其他:自然村專用區,100000,6393,持分移轉,03650000
RPSNMLLKJHIGFAW98DA,湖尾村測段,.97,都市：其他:自然村專用區,100000,6393,持分移轉,03650004
RPUNMLNJJIHGFAW66DA,長寮段,41.19,都市：其他:自然村專用區,10000,430,持分移轉,00900002
RPPNMLMJKHIGFAW78DA,湖尾村測段,27.32,都市：其他:自然村專用區,100000,6393,持分移轉,03650000
RPPNMLMJKHIGFAW78DA,湖尾村測段,.97,都市：其他:道路用地,100000,6393,持分移轉,03650004
RPQNMLMJKHIGFAW88DA,湖尾村測段,27.66,都市：其他:自然村專用區,100000,6473,持分移轉,03650000
RPQNMLMJKHIGFAW88DA,湖尾村測段,.99,都市：其他:道路用地,100000,6473,持分移轉,03650004
RPQNMLOKKHIGFAW56DA,湖尾村測段,27.32,都市：其他:自然村專用區,100000,6393,持分移轉,03650000
RPQNMLOKKHIGFAW56DA,湖尾村測段,.97,都市：其他:道路用地,100000,6393,持分移轉,03650004
RPWNMLOKKHIGFAW17DA,湖尾村測段,27.97,都市：其他:自然村專用區,100000,6545,持分移轉,03650000
RPRNMLOKKHIGFAW66DA,湖尾村測段,27.97,都市：其他:自然村專用區,100000,6545,持分移轉,03650000
RPWNMLOKKHIGFAW17DA,湖尾村測段,1.00,都市：其他:道路用地,100000,6545,持分移轉,03650004
RPRNMLOKKHIGFAW66DA,湖尾村測段,1.00,都市：其他:道路用地,100000,6545,持分移轉,03650004
RPXOMLMJJIHGFAW96DA,長寮段,41.19,都市：其他:自然村專用區,10000,430,持分移轉,00900002
RPPOMLMJJIHGFAW78DA,長寮段,36.88,都市：其他:自然村專用區,10000,385,持分移轉,00900002
RPROMLMJJIHGFAW98DA,長寮段,41.19,都市：其他:自然村專用區,10000,430,持分移轉,00900002
RPWOMLMJJIHGFAW86DA,長寮段,41.19,都市：其他:自然村專用區,10000,430,持分移轉,00900002
RPQNMLRKJHIGFAW76DA,湖尾村測段,30.77,都市：其他:自然村專用區,100000,7200,持分移轉,03650000
RPXNMLMJJIHGFAW86DA,長寮段,41.19,都市：其他:自然村專用區,10000,430,持分移轉,00900002
RPQNMLRKJHIGFAW76DA,湖尾村測段,1.10,都市：其他:自然村專用區、道路用地,100000,7200,持分移轉,03650004
RPQNMLRKJHIGFAW76DA,湖尾村測段,20.03,都市：其他:自然村專用區、道路用地,1,1,全筆移轉,03650005
RPRNMLNKKIHGFAW56DA,盤山村測段,37.19,都市：其他:自然村專用區,200000,10920,持分移轉,03450000
RPSNMLTKKIHGFAW27DA,寧湖一劃段,49.38,都市：其他:自然村專用區,10000,616,持分移轉,02200000
RPSNMLLLKIHGFAW56DA,寧湖二劃測段,7.27,都市：其他:農業區,1896136,172376,持分移轉,04030000
RPSNMLLLKIHGFAW56DA,寧湖二劃測段,134.25,都市：其他:農業區,1,1,全筆移轉,04030003
RPSNMLLLKIHGFAW56DA,寧湖二劃測段,15.65,都市：其他:農業區,1896136,172376,持分移轉,04030008
RPSNMLLLKIHGFAW56DA,寧湖二劃測段,.90,都市：其他:農業區,1723760,172376,持分移轉,04030009
RPSNMLLLKIHGFAW56DA,寧湖二劃測段,.90,都市：其他:農業區,1723760,172376,持分移轉,04030010
RPSNMLLLKIHGFAW56DA,寧湖二劃測段,5.59,都市：其他:農業區,1896136,172376,持分移轉,04030011
RPSNMLLLKIHGFAW56DA,寧湖二劃測段,3.65,都市：其他:農業區,1723760,172376,持分移轉,04030016
RPSNMLLLKIHGFAW56DA,太湖劃測段,520.00,都市：其他:農業區,1,1,全筆移轉,13280000
