﻿鄉鎮市區,交易標的,土地位置建物門牌,土地移轉總面積平方公尺,都市土地使用分區,非都市土地使用分區,非都市土地使用編定,交易年月日,交易筆棟數,移轉層次,總樓層數,建物型態,主要用途,主要建材,建築完成年月,建物移轉總面積平方公尺,建物現況格局-房,建物現況格局-廳,建物現況格局-衛,建物現況格局-隔間,有無管理組織,總價元,單價元平方公尺,車位類別,車位移轉總面積(平方公尺),車位總價元,備註,編號,主建物面積,附屬建物面積,陽台面積,電梯,移轉編號
The villages and towns urban district,transaction sign,land sector position building sector house number plate,land shifting total area square meter,the use zoning or compiles and checks,the non-metropolis land use district,non-metropolis land use,transaction year month and day,transaction pen number,shifting level,total floor number,building state,main use,main building materials,construction to complete the years,building shifting total area,Building present situation pattern - room,building present situation pattern - hall,building present situation pattern - health,building present situation pattern - compartmented,Whether there is manages the organization,total price NTD,the unit price (NTD / square meter),the berth category,berth shifting total area square meter,the berth total price NTD,the note,serial number,main building area,auxiliary building area,balcony area,elevator,transaction number
馬公市,土地,光華段462地號,983.59,,一般農業區,農牧用地,1120301,土地1建物0車位0,,,其他,,,,0.0,0,0,0,無,無,14870000,15118,,0.0,0,,RPPNMLNJLHIGFAX09DA,0.0,0.0,0.0,無,001
湖西鄉,土地,葉新段2526地號,582.52,,一般農業區,農牧用地,1120203,土地1建物0車位0,,,其他,,,,0.0,0,0,0,有,無,840800,1443,,0.0,0,,RPUOMLNJKHIGFAX96DA,0.0,0.0,0.0,無,
馬公市,土地,五福段950地號,310.88,,一般農業區,農牧用地,1120201,土地3建物0車位0,,,其他,,,,0.0,0,0,0,有,無,21800000,70124,,0.0,0,土地交易案件之價格含未來興建房屋成本；,RPSOMLNJKHIGFAX76DA,0.0,0.0,0.0,無,002
馬公市,土地,中衛段453地號,2129.31,工,,,1120204,土地3建物0車位0,,,其他,,,,0.0,0,0,0,有,無,39300000,18457,,0.0,0,,RPOOMLRJKHIGFAX76DA,0.0,0.0,0.0,無,003
馬公市,土地,文寮段583-1地號,177.05,,一般農業區,農牧用地,1120209,土地1建物0車位0,,,其他,,,,0.0,0,0,0,無,無,6170000,34849,,0.0,0,,RPRNMLOKKHIGFAX76DA,0.0,0.0,0.0,無,004
七美鄉,土地,七美六段1967地號,572.55,,一般農業區,農牧用地,1120201,土地1建物0車位0,,,其他,,,,0.0,0,0,0,無,無,629805,1100,,0.0,0,,RPQRMLOKKHIGFAX17EA,0.0,0.0,0.0,無,
湖西鄉,土地,許家段368地號,247.03,,一般農業區,甲種建築用地,1120213,土地1建物0車位0,,,其他,,,,0.0,0,0,0,無,無,3620000,14654,,0.0,0,親友、員工、共有人或其他特殊關係間之交易；,RPPNMLPKKHIGFAX66DA,0.0,0.0,0.0,無,
馬公市,土地,文寮段583-1地號,177.05,,一般農業區,農牧用地,1120206,土地1建物0車位0,,,其他,,,,0.0,0,0,0,無,無,5920000,33437,,0.0,0,,RPUNMLOKKHIGFAX07DA,0.0,0.0,0.0,無,004
馬公市,土地,文寮段366-2地號,40.56,,一般農業區,農牧用地,1120207,土地1建物0車位0,,,其他,,,,0.0,0,0,0,無,無,300000,7396,,0.0,0,親友、員工、共有人或其他特殊關係間之交易；,RPUNMLRKKHIGFAX37DA,0.0,0.0,0.0,無,006
馬公市,土地,北澳段573-1地號,66.51,,一般農業區,水利用地,1120202,土地1建物0車位0,,,其他,,,,0.0,0,0,0,無,無,531415,7990,,0.0,0,政府機關標讓售；,RPRNMLQKKHIGFAX07EA,0.0,0.0,0.0,無,
湖西鄉,土地,許家段302地號,899.58,,一般農業區,農牧用地,1120206,土地2建物0車位0,,,其他,,,,0.0,0,0,0,無,無,7154000,7953,,0.0,0,,RPSNMLOKKHIGFAX86DA,0.0,0.0,0.0,無,
馬公市,土地,鐵線段673地號,330.75,,一般農業區,甲種建築用地,1120208,土地2建物0車位0,,,其他,,,,0.0,0,0,0,有,無,2380000,7196,,0.0,0,,RPPOMLSJKHIGFAX96DA,0.0,0.0,0.0,無,
馬公市,土地,東澳段268-1地號,12.82,住,,,1120217,土地1建物0車位0,,,其他,,,,0.0,0,0,0,無,無,977653,76260,,0.0,0,政府機關標讓售；,RPSNMLOLKHIGFAX07EA,0.0,0.0,0.0,無,
馬公市,土地,文東段469地號,71.36,,一般農業區,農牧用地,1120203,土地1建物0車位0,,,其他,,,,0.0,0,0,0,無,無,142800,2001,,0.0,0,地清或未辦繼承標售；,RPTNMLNLKHIGFAX96DA,0.0,0.0,0.0,無,007
馬公市,土地,文東段469地號,142.73,,一般農業區,農牧用地,1120203,土地1建物0車位0,,,其他,,,,0.0,0,0,0,無,無,285888,2003,,0.0,0,地清或未辦繼承標售；,SPTNMLNLKHIGFAX07DA,0.0,0.0,0.0,無,007
馬公市,土地,文石段913地號,852.99,,一般農業區,農牧用地,1120216,土地1建物0車位0,,,其他,,,,0.0,0,0,0,無,無,42140000,49403,,0.0,0,權利人共4人含未來興建4戶房屋價款土地交易案件之價格含未來興建房屋成本；,RPPNMLOLKHIGFAX66DA,0.0,0.0,0.0,無,
湖西鄉,土地,湖西南段981地號,2301.54,,一般農業區,農牧用地,1120220,土地1建物0車位0,,,其他,,,,0.0,0,0,0,無,無,92785000,40314,,0.0,0,權利人共12人土地交易案件之價格含未來興建房屋成本；,RPQNMLKLKHIGFAX98DA,0.0,0.0,0.0,無,009
馬公市,土地,北澳段573-2地號,73.0,,一般農業區,水利用地,1120215,土地1建物0車位0,,,其他,,,,0.0,0,0,0,無,無,583270,7990,,0.0,0,政府機關標讓售；,RPTNMLLLKHIGFAX86EA,0.0,0.0,0.0,無,
馬公市,土地,東澳段122地號,125.27,住,,,1120202,土地1建物0車位0,,,其他,,,,0.0,0,0,0,無,無,11750000,93797,,0.0,0,,RPQNMLMJLHIGFAX09DA,0.0,0.0,0.0,無,
馬公市,土地,案山段807地號,25.31,住,,,1120206,土地1建物0車位0,,,其他,,,,0.0,0,0,0,有,無,463173,18300,,0.0,0,親友、員工、共有人或其他特殊關係間之交易；,RPPNMLTJKHIGFAX96DA,0.0,0.0,0.0,無,
馬公市,土地,文寮段347地號,1065.91,,一般農業區,農牧用地,1120220,土地1建物0車位0,,,其他,,,,0.0,0,0,0,無,無,39650000,37198,,0.0,0,,RPQNMLMLKHIGFAX56DA,0.0,0.0,0.0,無,010
馬公市,土地,文寮段347-9地號,65.21,,一般農業區,交通用地,1120220,土地1建物0車位0,,,其他,,,,0.0,0,0,0,無,無,300000,4601,,0.0,0,,RPRNMLMLKHIGFAX66DA,0.0,0.0,0.0,無,
馬公市,土地,山水北段760地號,589.18,,一般農業區,農牧用地,1120201,土地1建物0車位0,,,其他,,,,0.0,0,0,0,無,無,29040000,49289,,0.0,0,權利人共三人土地交易案件之價格含未來興建房屋成本；,RPQNMLLJLHIGFAX98DA,0.0,0.0,0.0,無,
西嶼鄉,土地,大池段1218地號,320.14,,一般農業區,農牧用地,1120223,土地1建物0車位0,,,其他,,,,0.0,0,0,0,無,無,2100000,6560,,0.0,0,,RPTNMLLJLHIGFAX66DA,0.0,0.0,0.0,無,
湖西鄉,土地,尖山南段438地號,136.23,,一般農業區,農牧用地,1120224,土地1建物0車位0,,,其他,,,,0.0,0,0,0,無,無,400000,2936,,0.0,0,親友、員工、共有人或其他特殊關係間之交易；,RPQNMLOLKHIGFAX76DA,0.0,0.0,0.0,無,
西嶼鄉,土地,合界段274地號,85.55,,鄉村區,乙種建築用地,1120223,土地2建物0車位0,,,其他,,,,0.0,0,0,0,無,無,2990000,34950,,0.0,0,,RPTNMLOLKHIGFAX07DA,0.0,0.0,0.0,無,011
西嶼鄉,房地(土地+建物),澎湖縣西嶼鄉小池角９６之１０號,123.16,,一般農業區,甲種建築用地,1120203,土地1建物1車位0,全,三層,透天厝,住家用,鋼筋混凝土造,0860618,186.87,4,2,4,有,無,662212,3544,,0.0,0,親友、員工、共有人或其他特殊關係間之交易；,RPWOMLKKKHIGFAX96DA,179.75,7.12,0.0,無,
馬公市,房地(土地+建物)+車位,澎湖縣馬公市永和街１１巷１６號三樓,23.53,住,,,1120207,土地3建物1車位1,三層,六層,華廈(10層含以下有電梯),住家用,鋼筋混凝土造,0830606,108.89000000000001,3,2,2,無,有,5300000,48673,坡道平面,0.0,0,,RPQNMLQJLHIGFAX86DA,75.5,3.68,0.0,有,012
白沙鄉,土地,港子西段18地號,194.0,,一般農業區,農牧用地,1120203,土地1建物0車位0,,,其他,,,,0.0,0,0,0,無,無,236000,1216,,0.0,0,地清或未辦繼承標售；,RPPNMLMLKHIGFAX56EA,0.0,0.0,0.0,無,
馬公市,房地(土地+建物)+車位,澎湖縣馬公市貿商街１２２號四樓之五,28.45,都市：其他:住宅區,,,1120210,土地2建物1車位1,四層,十四層,住宅大樓(11層含以上有電梯),住家用,鋼筋混凝土造,0950710,173.55,3,1,2,無,有,4080000,23509,坡道平面,0.0,0,親友、員工、共有人或其他特殊關係間之交易；,RPSNMLRJLHIGFAX17DA,95.13,0.0,11.16,有,
馬公市,房地(土地+建物),澎湖縣馬公市文光路１８８巷１９號,102.16,都市：其他:住宅區,,,1120201,土地2建物1車位0,全,二層,透天厝,住家用,鋼筋混凝土加強磚造,0730614,120.89,3,2,2,無,無,6700000,55422,,0.0,0,,RPSNMLSJLHIGFAX27DA,120.89,0.0,0.0,無,
馬公市,土地,鐵線段745地號,1271.21,,一般農業區,農牧用地,1120223,土地1建物0車位0,,,其他,,,,0.0,0,0,0,無,無,52860000,41582,,0.0,0,權利人共6人土地交易案件之價格含未來興建房屋成本；,RPPNMLLJLHIGFAX88DA,0.0,0.0,0.0,無,
馬公市,土地,興崁段527地號,691.05,,一般農業區,農牧用地,1120101,土地1建物0車位0,,,其他,,,,0.0,0,0,0,有,無,2000000,2894,,0.0,0,,RPPNMLLJJHIGFAX68DA,0.0,0.0,0.0,無,
馬公市,土地,北極段702地號,228.9,商,,,1120103,土地2建物0車位0,,,其他,,,,0.0,0,0,0,有,無,4500000,19659,,0.0,0,,RPOOMLTJJHIGFAX86DA,0.0,0.0,0.0,無,
馬公市,房地(土地+建物),澎湖縣馬公市忠孝路７０巷１８號,29.0,住,,,1120103,土地1建物1車位0,全,一層,透天厝,住家用,鋼筋混凝土加強空心磚造,0580701,23.1,1,1,1,有,無,1500000,64935,,0.0,0,,RPXNMLKKJHIGFAX96EA,23.1,0.0,0.0,無,
馬公市,土地,北澳段67地號,113.27,,一般農業區,農牧用地,1120105,土地1建物0車位0,,,其他,,,,0.0,0,0,0,有,無,200000,1766,,0.0,0,,RPPOMLTJJHIGFAX96DA,0.0,0.0,0.0,無,013
馬公市,土地,五德西段39地號,1845.4,,一般農業區,農牧用地,1120103,土地1建物0車位0,,,其他,,,,0.0,0,0,0,有,無,34280000,18576,,0.0,0,本案權利人共6人,RPWNMLRJJHIGFAX37DA,0.0,0.0,0.0,無,
白沙鄉,土地,鎮海新段361地號,19.41,,一般農業區,農牧用地,1120103,土地1建物0車位0,,,其他,,,,0.0,0,0,0,有,無,50000,2576,,0.0,0,親友、員工、共有人或其他特殊關係間之交易；,RPUNMLLKJHIGFAX76EA,0.0,0.0,0.0,無,014
馬公市,土地,興仁南段29地號,169.72,,一般農業區,農牧用地,1120107,土地1建物0車位0,,,其他,,,,0.0,0,0,0,有,無,564740,3327,,0.0,0,,RPTOMLKKJHIGFAX56DA,0.0,0.0,0.0,無,
湖西鄉,土地,龍門南段656地號,890.0,,一般農業區,農牧用地,1120110,土地1建物0車位0,,,其他,,,,0.0,0,0,0,有,無,600000,674,,0.0,0,,RPPNMLQKJHIGFAX76EA,0.0,0.0,0.0,無,
馬公市,土地,四維段336地號,564.58,,一般農業區,農牧用地,1120106,土地2建物0車位0,,,其他,,,,0.0,0,0,0,有,無,10500000,18598,,0.0,0,,RPPOMLQJJHIGFAX66DA,0.0,0.0,0.0,無,
馬公市,房地(土地+建物),澎湖縣馬公市三多路２００號,70.82,住,,,1120108,土地1建物1車位0,全,二層,透天厝,住家用,鋼筋混凝土加強磚造,0680503,81.88,3,2,2,有,無,10000000,122130,,0.0,0,,RPSOMLTJJHIGFAX27DA,81.88,0.0,0.0,無,
湖西鄉,土地,尖山中段1329地號,128.7,,一般農業區,農牧用地,1120116,土地1建物0車位0,,,其他,,,,0.0,0,0,0,有,無,500000,3885,,0.0,0,,RPSNMLSKJHIGFAX27EA,0.0,0.0,0.0,無,
湖西鄉,土地,尖山中段1330地號,135.18,,一般農業區,農牧用地,1120116,土地1建物0車位0,,,其他,,,,0.0,0,0,0,有,無,500000,3699,,0.0,0,,SPSNMLSKJHIGFAX37EA,0.0,0.0,0.0,無,
西嶼鄉,土地,橫礁新段715地號,344.85,,鄉村區,乙種建築用地,1120103,土地1建物0車位0,,,其他,,,,0.0,0,0,0,有,無,1588889,4607,,0.0,0,地清或未辦繼承標售；,RPWNMLKMJHIGFAX96DA,0.0,0.0,0.0,無,
馬公市,土地,烏崁新段1919地號,87.94,,一般農業區,農牧用地,1120116,土地2建物0車位0,,,其他,,,,0.0,0,0,0,有,無,220000,2502,,0.0,0,,RPWNMLLMJHIGFAX07DA,0.0,0.0,0.0,無,
湖西鄉,土地,太武新段226地號,1272.23,,一般農業區,農牧用地,1120130,土地1建物0車位0,,,其他,,,,0.0,0,0,0,有,無,7504000,5898,,0.0,0,,RPXNMLKMJHIGFAX07DA,0.0,0.0,0.0,無,015
馬公市,土地,文寮段583-1地號,178.18,,一般農業區,農牧用地,1120118,土地1建物0車位0,,,其他,,,,0.0,0,0,0,有,無,5830000,32720,,0.0,0,,RPQOMLLJKHIGFAX98DA,0.0,0.0,0.0,無,004
馬公市,土地,安宅段137-1地號,489.85,,一般農業區,農牧用地,1120119,土地2建物0車位0,,,其他,,,,0.0,0,0,0,有,無,628000,1282,,0.0,0,,RPQOMLOJKHIGFAX66DA,0.0,0.0,0.0,無,017
白沙鄉,房地(土地+建物),澎湖縣白沙鄉後寮１９７之８號,115.75,,一般農業區,甲種建築用地,1120106,土地1建物1車位0,全,二層,透天厝,住家用,鋼筋混凝土加強磚造,0720420,94.5,4,2,2,有,無,1100000,11640,,0.0,0,,RPVNMLKMJHIGFAX86DA,94.5,0.0,0.0,無,
馬公市,房地(土地+建物),澎湖縣馬公市仁愛路１號三樓,47.75,商,,,1120112,土地1建物1車位0,三層,四層,華廈(10層含以下有電梯),住家用,鋼筋混凝土造,0930714,150.0,2,1,2,有,無,6000000,40000,,0.0,0,買方負擔土地增值稅305472元親友、員工、共有人或其他特殊關係間之交易；,RPPOMLMJKHIGFAX98DA,123.73,8.43,0.0,有,
湖西鄉,土地,紅羅段952地號,422.72,,一般農業區,農牧用地,1120112,土地1建物0車位0,,,其他,,,,0.0,0,0,0,有,無,2100000,4968,,0.0,0,,RPQOMLMJKHIGFAX09DA,0.0,0.0,0.0,無,018
馬公市,房地(土地+建物),澎湖縣馬公市東文澳１５８之８號,122.02,,一般農業區,甲種建築用地,1120112,土地2建物1車位0,全,三層,透天厝,住家用,鋼筋混凝土造,0871104,192.68,4,1,4,有,無,7000000,36330,,0.0,0,,RPXNMLSJKHIGFAX67DA,182.04,10.64,0.0,無,
白沙鄉,土地,後寮東段1792地號,121.37,,鄉村區,乙種建築用地,1120116,土地1建物0車位0,,,其他,,,,0.0,0,0,0,有,無,500000,4120,,0.0,0,,RPPOMLTJKHIGFAX07DA,0.0,0.0,0.0,無,
馬公市,房地(土地+建物),澎湖縣馬公市null,154.77,,鄉村區,乙種建築用地,1120104,土地2建物1車位0,全,一層,透天厝,住家用,造,,79.87,3,1,1,有,無,4000000,50081,,0.0,0,,RPQOMLNJKHIGFAX56DA,79.87,0.0,0.0,無,
馬公市,土地,興仁段318地號,1104.45,,一般農業區,農牧用地,1120131,土地1建物0車位0,,,其他,,,,0.0,0,0,0,有,無,17610000,15945,,0.0,0,,RPQOMLSJKHIGFAX07DA,0.0,0.0,0.0,無,
馬公市,土地,文寮段166地號,560.39,,一般農業區,農牧用地,1120117,土地1建物0車位0,,,其他,,,,0.0,0,0,0,有,無,1700000,3034,,0.0,0,,RPWNMLRKJHIGFAX47DA,0.0,0.0,0.0,無,019
白沙鄉,土地,鎮海新段98地號,133.43,,一般農業區,農牧用地,1120109,土地1建物0車位0,,,其他,,,,0.0,0,0,0,有,無,201990,1514,,0.0,0,地清或未辦繼承標售；,RPXNMLTJKHIGFAX77DA,0.0,0.0,0.0,無,
湖西鄉,土地,中西段638地號,461.04,,一般農業區,農牧用地,1120105,土地1建物0車位0,,,其他,,,,0.0,0,0,0,有,無,756826,1642,,0.0,0,地清或未辦繼承標售；,RPXNMLQJKHIGFAX47DA,0.0,0.0,0.0,無,
西嶼鄉,土地,池西段1112地號,1682.75,,一般農業區,農牧用地,1120118,土地4建物0車位0,,,其他,,,,0.0,0,0,0,有,無,1650000,981,,0.0,0,,RPRNMLRJKHIGFAX07EA,0.0,0.0,0.0,無,
馬公市,土地,埕東段786地號,41.12,住,,,1120115,土地2建物0車位0,,,其他,,,,0.0,3,2,2,有,無,2300000,55934,,0.0,0,未登記建物；,RPXOMLKKKHIGFAX07DA,0.0,0.0,0.0,無,020
馬公市,土地,中衛段414地號,832.69,都市：其他:乙種工業區,,,1120111,土地1建物0車位0,,,其他,,,,0.0,0,0,0,有,無,13220000,15876,,0.0,0,,RPPNMLOKKHIGFAX56DA,0.0,0.0,0.0,無,
馬公市,土地,紅羅段879地號,176.14,,一般農業區,農牧用地,1120105,土地1建物0車位0,,,其他,,,,0.0,0,0,0,無,無,229000,1300,,0.0,0,地清或未辦繼承標售；,RPRNMLPKKHIGFAX86DA,0.0,0.0,0.0,無,
馬公市,土地,雙湖段1084-3地號,25.53,,一般農業區,水利用地,1120131,土地1建物0車位0,,,其他,,,,0.0,0,0,0,無,無,145266,5690,,0.0,0,政府機關標讓售；,RPPNMLQKKHIGFAX76DA,0.0,0.0,0.0,無,
馬公市,土地,文寮段458地號,379.34,,一般農業區,農牧用地,1120112,土地3建物0車位0,,,其他,,,,0.0,0,0,0,無,無,1540000,4060,,0.0,0,親友、員工、共有人或其他特殊關係間之交易；,RPQNMLQKKHIGFAX86DA,0.0,0.0,0.0,無,
馬公市,土地,四維段579地號,117.58,,一般農業區,農牧用地,1120130,土地1建物0車位0,,,其他,,,,0.0,0,0,0,有,無,1350000,11482,,0.0,0,,RPPOMLOJKHIGFAX56DA,0.0,0.0,0.0,無,021
西嶼鄉,土地,二崁北段756地號,921.03,,一般農業區,農牧用地,1120117,土地2建物0車位0,,,其他,,,,0.0,0,0,0,無,無,600000,651,,0.0,0,親友、員工、共有人或其他特殊關係間之交易；,RPSNMLPKKHIGFAX07EA,0.0,0.0,0.0,無,
馬公市,土地,鐵線段1330地號,363.56,,一般農業區,農牧用地,1120110,土地1建物0車位0,,,其他,,,,0.0,0,0,0,無,無,14199400,39057,,0.0,0,親友、員工、共有人或其他特殊關係間之交易；土地交易案件之價格含未來興建房屋成本；,RPRNMLPKKHIGFAX96EA,0.0,0.0,0.0,無,
馬公市,房地(土地+建物)+車位,澎湖縣馬公市貿商街１２１號七樓之二,28.35,住,,,1120116,土地2建物1車位1,七層,七層,華廈(10層含以下有電梯),住家用,鋼筋混凝土造,0950710,172.96,3,1,2,有,有,5850000,33823,坡道平面,0.0,0,賣方賣清價。,RPOOMLQKJHIGFAX66DA,95.69,0.0,10.23,有,
湖西鄉,房地(土地+建物),澎湖縣湖西鄉南寮１９號,255.24,,一般農業區,甲種建築用地,1120105,土地1建物1車位0,全,三層,透天厝,住家用,鋼筋混凝土造,0910911,249.89,6,3,2,有,無,7100000,28413,,0.0,0,,RPSOMLQJJHIGFAX96DA,242.38,7.51,0.0,無,
馬公市,房地(土地+建物),澎湖縣馬公市東文澳１３６之２號,107.09,,鄉村區,乙種建築用地,1120103,土地1建物1車位0,全,三層,透天厝,住家用,鋼筋混凝土加強磚造,0711223,144.32,5,1,2,無,無,5280000,36585,,0.0,0,,RPPNMLKLKHIGFAX88DA,144.32,0.0,0.0,無,
馬公市,房地(土地+建物),澎湖縣馬公市重慶街１６號,114.0,商,,,1120130,土地1建物1車位0,全,一層,透天厝,住商用,加強磚造,0480701,68.88,1,2,4,無,無,15780000,229094,,0.0,0,,RPRNMLKLKHIGFAX56EA,68.88,0.0,0.0,無,
馬公市,土地,六合段418地號,203.46,,一般農業區,農牧用地,1120115,土地1建物0車位0,,,其他,,,,0.0,0,0,0,無,無,10850000,53327,,0.0,0,親友、員工、共有人或其他特殊關係間之交易；,RPSNMLQKKHIGFAX07DA,0.0,0.0,0.0,無,022
西嶼鄉,土地,池西段2326地號,219.0,,鄉村區,乙種建築用地,1120116,土地1建物0車位0,,,其他,,,,0.0,0,0,0,無,無,980000,4475,,0.0,0,,RPQNMLPKKHIGFAX76DA,0.0,0.0,0.0,無,
馬公市,房地(土地+建物),澎湖縣馬公市珠江１３９之１２號,78.59,,鄉村區,乙種建築用地,1120106,土地1建物1車位0,全,三層,透天厝,住家用,鋼筋混凝土加強磚造,0681220,135.75,5,2,1,無,無,3500000,25783,,0.0,0,,RPOOMLOKKHIGFAX56DA,135.75,0.0,0.0,無,023
馬公市,土地,馬公段1392地號,94.0,商,,,1120124,土地1建物0車位0,,,其他,,,,0.0,0,0,0,無,無,15100000,160638,,0.0,0,,RPSNMLNLKHIGFAX86DA,0.0,0.0,0.0,無,
馬公市,房地(土地+建物),澎湖縣馬公市頭掛１３６之７號,262.57,,一般農業區,甲種建築用地,1120130,土地2建物1車位0,全,三層,透天厝,住家用,鋼筋混凝土造,1111213,241.81,5,2,6,無,無,10600000,43836,,0.0,0,,RPQNMLLLKHIGFAX09DA,225.84,15.97,0.0,無,
湖西鄉,土地,南寮南段220地號,489.85,,一般農業區,農牧用地,1120106,土地1建物0車位0,,,其他,,,,0.0,0,0,0,無,無,711112,1452,,0.0,0,地清或未辦繼承標售；,RPQNMLMLKHIGFAX66EA,0.0,0.0,0.0,無,
馬公市,房地(土地+建物),澎湖縣馬公市光復路１６０號,53.65,住,,,1120105,土地1建物2車位0,一層,四層,公寓(5樓含以下無電梯),住家用,鋼筋混凝土加強磚造,0780524,176.01,2,1,2,無,無,12150000,69030,,0.0,0,,RPRNMLLJLHIGFAX09DA,176.01,0.0,0.0,無,
湖西鄉,房地(土地+建物),澎湖縣湖西鄉湖西７５之１８號,138.68,,鄉村區,乙種建築用地,1120130,土地1建物1車位0,全,三層,透天厝,住商用,鋼筋混凝土造,1111208,246.09,4,2,4,無,無,9390000,38157,,0.0,0,,RPPNMLRKKHIGFAX86DA,229.94,16.15,0.0,無,
湖西鄉,土地,沙港東段251地號,1201.04,,一般農業區,農牧用地,1120104,土地1建物0車位0,,,其他,,,,0.0,0,0,0,無,無,4840000,4030,,0.0,0,,RPQNMLRJLHIGFAX96DA,0.0,0.0,0.0,無,
湖西鄉,土地,沙港東段250地號,182.93,,一般農業區,交通用地,1120104,土地2建物0車位0,,,其他,,,,0.0,0,0,0,無,無,60000,328,,0.0,0,,SPQNMLRJLHIGFAX07DA,0.0,0.0,0.0,無,
西嶼鄉,土地,池西段1022地號,46.02,,一般農業區,農牧用地,1111201,土地2建物0車位0,,,其他,,,,0.0,0,0,0,有,無,100000,2173,,0.0,0,,RPWNMLPJKIHGFAX27DA,0.0,0.0,0.0,無,
馬公市,土地,光華段288地號,678.31,,一般農業區,農牧用地,1111206,土地1建物0車位0,,,其他,,,,0.0,0,0,0,有,無,1600000,2359,,0.0,0,,RPVNMLQJKIHGFAX27DA,0.0,0.0,0.0,無,
湖西鄉,土地,葉新段1300地號,367.0,,一般農業區,農牧用地,1111207,土地1建物0車位0,,,其他,,,,0.0,0,0,0,有,無,1100000,2997,,0.0,0,,RPPNMLSJKIHGFAX86DA,0.0,0.0,0.0,無,
望安鄉,土地,望安一段1897地號,343.17,,鄉村區,乙種建築用地,1111205,土地1建物0車位0,,,其他,,,,0.0,0,0,0,有,無,638000,1859,,0.0,0,,RPVNMLPJKIHGFAX17DA,0.0,0.0,0.0,無,
湖西鄉,土地,紅羅段1945地號,1530.18,,一般農業區,農牧用地,1111208,土地1建物0車位0,,,其他,,,,0.0,0,0,0,有,無,5092000,3328,,0.0,0,,RPWNMLNKKIHGFAX17DA,0.0,0.0,0.0,無,
湖西鄉,土地,林投北段562地號,851.0,,一般農業區,農牧用地,1111205,土地1建物0車位0,,,其他,,,,0.0,0,0,0,有,無,2059000,2420,,0.0,0,,RPOOMLPKKIHGFAX66DA,0.0,0.0,0.0,無,
白沙鄉,土地,通梁東段526地號,1154.1,,一般農業區,農牧用地,1111213,土地1建物0車位0,,,其他,,,,0.0,0,0,0,有,無,1700000,1473,,0.0,0,,RPSNMLTKKIHGFAX47EA,0.0,0.0,0.0,無,
湖西鄉,土地,成功南段414-1地號,231.53,,一般農業區,農牧用地,1111215,土地1建物0車位0,,,其他,,,,0.0,0,0,0,有,無,2600000,11230,,0.0,0,,RPXNMLTKKIHGFAX87DA,0.0,0.0,0.0,無,024
馬公市,房地(土地+建物),澎湖縣馬公市民族路２６之１號,42.0,住,,,1111211,土地1建物1車位0,全,四層,透天厝,住家用,鋼筋加強紅磚,0670220,162.7,3,3,4,有,無,16080000,98832,,0.0,0,買方買清價。契稅由賣方負擔。,RPPNMLLKKIHGFAX88DA,162.7,0.0,0.0,無,
馬公市,土地,國宅段374地號,386.11,,一般農業區,農牧用地,1111207,土地3建物0車位0,,,其他,,,,0.0,0,0,0,有,無,3795000,9829,,0.0,0,親友、員工、共有人或其他特殊關係間之交易；,RPSOMLRJKIHGFAX17DA,0.0,0.0,0.0,無,025
湖西鄉,土地,鼎灣新段1157地號,1005.53,,一般農業區,農牧用地,1111215,土地1建物0車位0,,,其他,,,,0.0,0,0,0,有,無,1400000,1392,,0.0,0,,RPWNMLLLKIHGFAX07DA,0.0,0.0,0.0,無,
馬公市,土地,東澳段210-8地號,1.77,,,,1111222,土地1建物0車位0,,,其他,,,,0.0,0,0,0,有,無,132042,74600,,0.0,0,畸零地或有合併使用效益；政府機關標讓售；,RPWNMLMLKIHGFAX17DA,0.0,0.0,0.0,無,
馬公市,土地,中衛段134地號,2367.01,工,,,1111206,土地1建物0車位0,,,其他,,,,0.0,0,0,0,有,無,32945000,13918,,0.0,0,,RPXNMLMLKIHGFAX27DA,0.0,0.0,0.0,無,026
湖西鄉,土地,尖山南段417地號,684.46,,一般農業區,農牧用地,1111215,土地1建物0車位0,,,其他,,,,0.0,0,0,0,有,無,2170000,3170,,0.0,0,,RPXNMLPKKIHGFAX47DA,0.0,0.0,0.0,無,
馬公市,土地,鐵線段571地號,1610.06,,一般農業區,農牧用地,1111215,土地1建物0車位0,,,其他,,,,0.0,0,0,0,有,無,61120000,37961,,0.0,0,權利人共7人土地交易案件之價格含未來興建房屋成本；,RPWNMLQKKIHGFAX47DA,0.0,0.0,0.0,無,027
西嶼鄉,土地,大池段2754地號,131.46,,一般農業區,農牧用地,1111214,土地1建物0車位0,,,其他,,,,0.0,0,0,0,有,無,397666,3025,,0.0,0,,RPOOMLOKKIHGFAX56DA,0.0,0.0,0.0,無,
馬公市,房地(土地+建物)+車位,澎湖縣馬公市三多路３５５號九樓之二,31.66,住,,,1111211,土地1建物1車位1,九層,十四層,住宅大樓(11層含以上有電梯),住家用,鋼筋混凝土造,0950629,211.51,4,2,2,有,有,6500000,30731,坡道平面,0.0,0,,RPXNMLQLKIHGFAX67DA,114.81,0.0,12.15,有,028
白沙鄉,土地,赤崁中段4地號,179.9,,鄉村區,乙種建築用地,1111205,土地7建物0車位0,,,其他,,,,0.0,0,0,0,有,無,1300000,7226,,0.0,0,親友、員工、共有人或其他特殊關係間之交易；,RPPOMLRJKIHGFAX86DA,0.0,0.0,0.0,無,
馬公市,土地,文寮段340-6地號,183.07,,一般農業區,甲種建築用地,1111213,土地2建物0車位0,,,其他,,,,0.0,0,0,0,有,無,2610000,14257,,0.0,0,,RPXNMLNJJHIGFAX07DA,0.0,0.0,0.0,無,
馬公市,土地,北澳段646-4地號,76.11,,,,1111206,土地1建物0車位0,,,其他,,,,0.0,0,0,0,有,無,1367697,17970,,0.0,0,政府機關標讓售；,RPTNMLSLKIHGFAX57EA,0.0,0.0,0.0,無,
馬公市,房地(土地+建物),澎湖縣馬公市四維路２２３號,96.72,住,,,1111215,土地1建物1車位0,全,二層,透天厝,住家用,鋼筋混凝土加強磚造,0750605,103.59,2,2,2,有,無,9500000,91708,,0.0,0,,RPRNMLSLKIHGFAX37EA,103.59,0.0,0.0,無,029
馬公市,土地,北澳段726地號,190.05,農,,,1111215,土地1建物0車位0,,,其他,,,,0.0,0,0,0,有,無,2299600,12100,,0.0,0,,RPOOMLNJJHIGFAX88DA,0.0,0.0,0.0,無,
馬公市,房地(土地+建物),澎湖縣馬公市石泉５７６號,245.53,,一般農業區,甲種建築用地,1111208,土地2建物1車位0,全,三層,透天厝,住家用,鋼筋混凝土造,1110809,270.75,5,2,6,有,無,9350000,34534,,0.0,0,,RPVNMLSLKIHGFAX67DA,250.92,19.83,0.0,無,
馬公市,房地(土地+建物)+車位,澎湖縣馬公市東文澳１６３之１１號三樓,48.85,,鄉村區,乙種建築用地,1111219,土地1建物1車位1,三層,六層,華廈(10層含以下有電梯),住家用,鋼筋混凝土造,0890219,153.9,3,2,2,有,有,5200000,33788,一樓平面,0.0,0,,RPVNMLTLKIHGFAX77DA,105.37,11.04,0.0,有,
湖西鄉,土地,南寮北段1727地號,203.51,,一般農業區,甲種建築用地,1111215,土地1建物0車位0,,,其他,,,,0.0,0,0,0,有,無,1300000,6388,,0.0,0,,RPTOMLOKKIHGFAX07DA,0.0,0.0,0.0,無,
湖西鄉,土地,南寮南段141地號,372.25,,一般農業區,甲種建築用地,1111202,土地2建物0車位0,,,其他,,,,0.0,0,0,0,有,無,1800000,4835,,0.0,0,親友、員工、共有人或其他特殊關係間之交易；,RPWNMLTKKIHGFAX77DA,0.0,0.0,0.0,無,
湖西鄉,土地,紅羅段1539地號,37.55,,一般農業區,農牧用地,1111208,土地1建物0車位0,,,其他,,,,0.0,0,0,0,有,無,81000,2157,,0.0,0,地清或未辦繼承標售；,RPRNMLNJJHIGFAX56EA,0.0,0.0,0.0,無,
馬公市,土地,鐵線段606地號,1717.61,,一般農業區,農牧用地,1111226,土地1建物0車位0,,,其他,,,,0.0,0,0,0,有,無,11937000,6950,,0.0,0,,RPSNMLNJJHIGFAX66EA,0.0,0.0,0.0,無,
湖西鄉,房地(土地+建物),澎湖縣湖西鄉鼎灣６８之１號,96.81,,一般農業區,甲種建築用地,1111205,土地1建物1車位0,全,二層,透天厝,其他,鋼筋混凝土加強空心磚造,0590000,37.53,0,0,0,無,無,400000,10658,,0.0,0,含土地增值稅或其他稅費；含地政士服務費；親友、員工、共有人或其他特殊關係間之交易；瑕疵物件；,RPOOMLLLKIHGFAX98DA,36.85,0.68,0.0,無,030
馬公市,土地,北澳段727地號,214.87,農,,,1111215,土地1建物0車位0,,,其他,,,,0.0,0,0,0,有,無,2599600,12098,,0.0,0,,RPPOMLNJJHIGFAX98DA,0.0,0.0,0.0,無,
馬公市,房地(土地+建物),澎湖縣馬公市中山路４巷８號,37.0,,,,1111226,土地1建物1車位0,全,二層,透天厝,住家用,鋼筋混凝土加強空心磚造,0600519,63.5,3,1,1,有,無,3880000,61102,,0.0,0,,RPPOMLRJJHIGFAX76DA,63.5,0.0,0.0,無,
馬公市,土地,北極段292-2地號,109.73,,,,1111222,土地1建物0車位0,,,其他,,,,0.0,0,0,0,有,無,2700000,24606,,0.0,0,親友、員工、共有人或其他特殊關係間之交易；,RPPNMLOJJHIGFAX98DA,0.0,0.0,0.0,無,
馬公市,土地,四維段407地號,536.97,農,,,1111204,土地1建物0車位0,,,其他,,,,0.0,0,0,0,有,無,6272000,11680,,0.0,0,親友、員工、共有人或其他特殊關係間之交易；,RPPOMLPJJHIGFAX56DA,0.0,0.0,0.0,無,
湖西鄉,房地(土地+建物),澎湖縣湖西鄉港底１８７之８號,201.38,,一般農業區,甲種建築用地,1111207,土地2建物1車位0,全,三層,透天厝,住家用,鋼筋混凝土造,1100504,216.28,6,2,7,有,無,7550000,34908,,0.0,0,,RPPNMLRJJHIGFAX76EA,211.18,5.1,0.0,無,
馬公市,房地(土地+建物),澎湖縣馬公市中山路３巷７號三樓,118.0,商,,,1111207,土地1建物3車位0,全,四層,透天厝,住家用,鋼筋混凝土造,1031017,417.22999999999996,9,1,10,有,無,27500000,65911,,0.0,0,,RPOOMLRJJHIGFAX66DA,370.84,31.05,0.0,有,
馬公市,土地,國宅段54-2地號,336.63,,一般農業區,農牧用地,1111231,土地1建物0車位0,,,其他,,,,0.0,0,0,0,有,無,2540000,7545,,0.0,0,,RPOOMLQJJHIGFAX56DA,0.0,0.0,0.0,無,
馬公市,房地(土地+建物),澎湖縣馬公市裡１２５號,80.03,,風景區,丙種建築用地,1111222,土地1建物1車位0,全,二層,透天厝,住家用,鋼筋混凝土加強磚造,0730712,117.85,3,2,2,有,無,2520000,21383,,0.0,0,,RPXNMLNLKIHGFAX37DA,117.85,0.0,0.0,有,
馬公市,房地(土地+建物),澎湖縣馬公市中華路１８４巷１６號五樓之二,10.1,住,,,1111223,土地2建物1車位0,五層,五層,華廈(10層含以下有電梯),住家用,鋼筋混凝土造,0820422,38.730000000000004,1,0,1,有,無,1100000,28402,,0.0,0,,RPROMLNJJHIGFAX56DA,28.16,0.0,0.0,有,
湖西鄉,土地,葉新段892地號,159.07,,鄉村區,乙種建築用地,1111216,土地2建物0車位0,,,其他,,,,0.0,0,0,0,有,無,1250000,7858,,0.0,0,,RPWNMLSLKIHGFAX77DA,0.0,0.0,0.0,無,
湖西鄉,土地,城北段991地號,1125.29,,一般農業區,農牧用地,1111229,土地1建物0車位0,,,其他,,,,0.0,0,0,0,有,無,28070000,24945,,0.0,0,,RPVNMLKMKIHGFAX96DA,0.0,0.0,0.0,無,031
馬公市,土地,鐵線段1058地號,329.49,,一般農業區,農牧用地,1111227,土地1建物0車位0,,,其他,,,,0.0,0,0,0,有,無,1050000,3187,,0.0,0,親友、員工、共有人或其他特殊關係間之交易；,RPQNMLQJJHIGFAX66DA,0.0,0.0,0.0,無,032
馬公市,房地(土地+建物),澎湖縣馬公市null,48.25,住,,,1111227,土地5建物1車位0,全,一層,透天厝,住家用,造,0100000,16.45,6,3,2,有,無,850000,51672,,0.0,0,,RPTOMLTJJHIGFAX37DA,16.45,0.0,0.0,無,
馬公市,房地(土地+建物),澎湖縣馬公市光復路１４８巷５號六樓,8.28,住,,,1111209,土地2建物1車位0,六層,七層,華廈(10層含以下有電梯),住家用,鋼筋混凝土造,0830303,54.019999999999996,1,1,1,有,有,1590000,29434,,0.0,0,,RPWNMLSKKIHGFAX67DA,32.61,11.86,0.0,有,033
馬公市,土地,興崁段861地號,318.83,,一般農業區,農牧用地,1111207,土地1建物0車位0,,,其他,,,,0.0,0,0,0,有,無,2000000,6273,,0.0,0,親友、員工、共有人或其他特殊關係間之交易；,RPPOMLKKJHIGFAX78DA,0.0,0.0,0.0,無,
馬公市,土地,五福段6地號,1498.28,,一般農業區,農牧用地,1111230,土地1建物0車位0,,,其他,,,,0.0,0,0,0,有,無,97598800,65141,,0.0,0,土地交易案件之價格含未來興建房屋成本；,RPVNMLMKJHIGFAX86DA,0.0,0.0,0.0,無,034
馬公市,房地(土地+建物),澎湖縣馬公市中央街６號,81.0,都市：其他:歷史風貌特定專用區,,,1111202,土地1建物1車位0,全,三層,透天厝,住商用,鋼筋混凝土造,0940331,163.78,3,1,3,有,無,15500000,94639,,0.0,0,,RPVNMLNKJHIGFAX96DA,151.47,12.31,0.0,無,
白沙鄉,土地,鎮海新段99地號,50.56,,一般農業區,農牧用地,1111228,土地1建物0車位0,,,其他,,,,0.0,0,0,0,有,無,92100,1822,,0.0,0,地清或未辦繼承標售；,RPUNMLSKJHIGFAX47EA,0.0,0.0,0.0,無,
馬公市,房地(土地+建物),澎湖縣馬公市民裕街３６巷３８號三樓,50.43,住,,,1111214,土地1建物1車位0,三層,五層,公寓(5樓含以下無電梯),住家用,鋼筋混凝土造,0840119,105.10999999999999,3,2,2,有,無,3600000,34250,,0.0,0,賣方賣清價土地增值稅由買方負擔。親友、員工、共有人或其他特殊關係間之交易；,RPXNMLLJKHIGFAX96DA,81.02,11.05,0.0,無,
馬公市,房地(土地+建物),澎湖縣馬公市西衛８３之３７號,251.57,,一般農業區,甲種建築用地,1111206,土地2建物1車位0,全,三層,透天厝,住家用,鋼筋混凝土造,1050113,368.94,5,6,2,有,無,4500000,12197,,0.0,0,含土地增值稅或其他稅費；含地政士服務費；親友、員工、共有人或其他特殊關係間之交易；,RPTOMLLJKHIGFAX66DA,350.81,18.13,0.0,無,
馬公市,房地(土地+建物),澎湖縣馬公市中山路５９號,28.0,商,,,1111228,土地1建物1車位0,全,三層,透天厝,住商用,混凝土造,0491105,55.17,2,2,2,有,無,8800000,159507,,0.0,0,,RPVOMLLJKHIGFAX86DA,55.17,0.0,0.0,無,
馬公市,建物,澎湖縣馬公市文昌街７巷１４號,0.0,,,,1111214,土地0建物1車位0,全,二層,透天厝,住家用,鋼筋混凝土加強磚造,0761020,128.96,3,2,2,有,無,2500000,19386,,0.0,0,親友、員工、共有人或其他特殊關係間之交易；,RPUOMLLJKHIGFAX76DA,128.96,0.0,0.0,無,
馬公市,房地(土地+建物),澎湖縣馬公市光華１３２之２號,229.25,,一般農業區,甲種建築用地,1111227,土地2建物1車位0,全,三層,透天厝,住家用,鋼筋混凝土造,1010928,252.0,5,2,4,有,無,12000000,47619,,0.0,0,,RPPOMLLJKHIGFAX88DA,244.54,7.46,0.0,無,035
馬公市,土地,興崁段526地號,2403.55,,一般農業區,農牧用地,1111226,土地1建物0車位0,,,其他,,,,0.0,0,0,0,有,無,85740000,35672,,0.0,0,土地交易案件之價格含未來興建房屋成本；,RPVNMLTJJHIGFAX47DA,0.0,0.0,0.0,無,036
馬公市,房地(土地+建物),澎湖縣馬公市後窟潭１２５號,94.81,住,,,1111201,土地2建物1車位0,全,二層,透天厝,住家用,鋼筋混凝土加強磚造,0690628,86.05,3,2,2,有,無,3880000,45090,,0.0,0,親友、員工、共有人或其他特殊關係間之交易；,RPWNMLQJJHIGFAX27DA,86.05,0.0,0.0,無,037
湖西鄉,土地,許家段586地號,293.09,,一般農業區,農牧用地,1111216,土地1建物0車位0,,,其他,,,,0.0,0,0,0,有,無,2000000,6824,,0.0,0,,RPWNMLNJKHIGFAX07DA,0.0,0.0,0.0,無,038
馬公市,房地(土地+建物),澎湖縣馬公市中華路２００巷１弄１０號,65.0,住,,,1111212,土地1建物1車位0,全,二層,透天厝,住家用,鋼筋混凝土加強空心磚造,0571220,50.56,5,0,3,有,無,5900000,116693,,0.0,0,,RPROMLNJKHIGFAX66DA,50.56,0.0,0.0,無,039
馬公市,房地(土地+建物),澎湖縣馬公市光華１０２之５號,151.59,,一般農業區,甲種建築用地,1111230,土地2建物1車位0,全,三層,透天厝,住家用,鋼筋混凝土造,0890612,187.02,4,1,4,有,無,6000000,32082,,0.0,0,,RPQOMLQJJHIGFAX76DA,176.47,10.55,0.0,無,
馬公市,房地(土地+建物),澎湖縣馬公市東衛１５５之８號,84.94,,鄉村區,乙種建築用地,1111230,土地1建物1車位0,全,三層,透天厝,住家用,鋼筋混凝土造,0830603,188.32,4,2,3,有,無,8000000,42481,,0.0,0,,RPXNMLRJJHIGFAX47DA,172.38,15.94,0.0,無,040
馬公市,房地(土地+建物),澎湖縣馬公市中華路１６７號四樓,22.45,都市：其他:道路用地,,,1111218,土地3建物1車位0,四層,六層,華廈(10層含以下有電梯),住家用,鋼筋混凝土造,0810801,151.8,0,0,0,無,無,4300000,28327,,0.0,0,,RPOOMLQJKHIGFAX66DA,104.2,0.0,0.0,有,
馬公市,房地(土地+建物),澎湖縣馬公市中華路１６７號五樓,22.45,都市：其他:道路用地,,,1111218,土地3建物1車位0,五層,六層,華廈(10層含以下有電梯),住家用,鋼筋混凝土造,0810801,151.8,0,0,0,無,無,4500000,29644,,0.0,0,,RPPOMLQJKHIGFAX76DA,104.2,0.0,0.0,有,041
馬公市,土地,興仁南段343地號,973.39,,一般農業區,農牧用地,1111227,土地1建物0車位0,,,其他,,,,0.0,0,0,0,有,無,4500000,4623,,0.0,0,,RPXNMLRJKHIGFAX57DA,0.0,0.0,0.0,無,042
湖西鄉,土地,許家段936地號,178.01,,一般農業區,甲種建築用地,1111230,土地1建物0車位0,,,其他,,,,0.0,0,0,0,有,無,16000000,89883,,0.0,0,農變建之承造續建土地交易案件之價格含未來興建房屋成本；,RPWNMLSJKHIGFAX57DA,0.0,0.0,0.0,無,043
白沙鄉,土地,中屯新段1613地號,1712.74,,一般農業區,農牧用地,1111215,土地1建物0車位0,,,其他,,,,0.0,0,0,0,有,無,8400000,4904,,0.0,0,依土地法34-1辦理買賣,RPOOMLNJKHIGFAX98DA,0.0,0.0,0.0,無,044
白沙鄉,土地,中屯新段2045地號,1511.99,,一般農業區,農牧用地,1111215,土地2建物0車位0,,,其他,,,,0.0,0,0,0,有,無,2280000,1508,,0.0,0,依土地法34-1辦理買賣,RPPOMLNJKHIGFAX09DA,0.0,0.0,0.0,無,
馬公市,土地,文寮段166地號,560.39,,一般農業區,農牧用地,1111220,土地1建物0車位0,,,其他,,,,0.0,0,0,0,有,無,1356000,2420,,0.0,0,,RPPNMLRLKIHGFAX96DA,0.0,0.0,0.0,無,019
馬公市,土地,中衛段564-2地號,288.47,工,,,1111223,土地1建物0車位0,,,其他,,,,0.0,0,0,0,有,無,4537520,15730,,0.0,0,,RPWNMLNLKIHGFAX27DA,0.0,0.0,0.0,無,
馬公市,房地(土地+建物)+車位,澎湖縣馬公市貿商街１２７號七樓之一,27.04,住,,,1111218,土地1建物1車位1,七層,十二層,住宅大樓(11層含以上有電梯),住家用,鋼筋混凝土造,0950629,180.67000000000002,3,2,2,有,有,6400000,35424,坡道平面,0.0,0,,RPVNMLNJKHIGFAX96DA,97.49,0.0,10.98,有,046
西嶼鄉,土地,合界段274地號,855.52,,鄉村區,乙種建築用地,1111222,土地2建物0車位0,,,其他,,,,0.0,0,0,0,有,無,29880000,34926,,0.0,0,共有人4人,RPOOMLSJKHIGFAX86DA,0.0,0.0,0.0,無,011
白沙鄉,房地(土地+建物),澎湖縣白沙鄉通梁２５之１１號,329.23,,風景區,丙種建築用地,1111212,土地1建物1車位0,全,三層,透天厝,住家用,鋼筋混凝土造,1111012,417.51,4,1,5,有,無,6660000,15952,,0.0,0,,RPOOMLTJKHIGFAX96DA,366.43,51.08,0.0,無,
馬公市,房地(土地+建物),澎湖縣馬公市西文澳１６９號,60.43,,一般農業區,甲種建築用地,1111230,土地2建物1車位0,全,四層,透天厝,住家用,鋼筋混凝土加強磚造,0700330,145.45,4,2,2,有,無,6000000,41251,,0.0,0,親友、員工、共有人或其他特殊關係間之交易；,RPQNMLOKKHIGFAX66DA,145.45,0.0,0.0,無,
馬公市,土地,雙湖段823地號,624.29,,一般農業區,農牧用地,1111206,土地1建物0車位0,,,其他,,,,0.0,0,0,0,無,無,47000000,75286,,0.0,0,權利人共2人親友、員工、共有人或其他特殊關係間之交易；土地交易案件之價格含未來興建房屋成本；,RPXNMLOKKHIGFAX37DA,0.0,0.0,0.0,無,048
白沙鄉,土地,赤崁南段245地號,210.55,,一般農業區,農牧用地,1111206,土地1建物0車位0,,,其他,,,,0.0,0,0,0,無,無,1066000,5063,,0.0,0,地清或未辦繼承標售；,RPUNMLPKKHIGFAX27EA,0.0,0.0,0.0,無,
馬公市,土地,光華段418-5地號,226.74,,一般農業區,甲種建築用地,1111228,土地2建物0車位0,,,其他,,,,0.0,0,0,0,無,無,4760000,20993,,0.0,0,專案核准變更起造人,RPSNMLPKKHIGFAX96DA,0.0,0.0,0.0,無,
馬公市,房地(土地+建物),澎湖縣馬公市西衛６９２號,249.35,,一般農業區,甲種建築用地,1111215,土地2建物1車位0,全,三層,透天厝,住家用,鋼筋混凝土造,1071128,227.17,6,2,7,有,無,15600000,68671,,0.0,0,,RPQOMLTJKHIGFAX17DA,218.27,8.9,0.0,無,
西嶼鄉,土地,二崁南段1450地號,42.48,,一般農業區,農牧用地,1111228,土地3建物0車位0,,,其他,,,,0.0,0,0,0,有,無,128400,3023,,0.0,0,本案義務人共2人,RPQOMLNKJHIGFAX56DA,0.0,0.0,0.0,無,049
西嶼鄉,土地,二崁南段1450地號,509.72,,一般農業區,農牧用地,1111228,土地3建物0車位0,,,其他,,,,0.0,0,0,0,有,無,1541900,3025,,0.0,0,,RPOOMLMJKHIGFAX88DA,0.0,0.0,0.0,無,049
馬公市,土地,中衛段372地號,560.0,工,,,1111206,土地1建物0車位0,,,其他,,,,0.0,0,0,0,有,無,16940000,30250,,0.0,0,,RPQOMLKKJHIGFAX88DA,0.0,0.0,0.0,無,051
馬公市,房地(土地+建物),澎湖縣馬公市文光路８８巷３號,63.0,住,,,1111224,土地1建物1車位0,全,四層,透天厝,住家用,鋼筋混凝土造,0930607,186.99,3,2,4,有,無,9380000,50163,,0.0,0,,RPOOMLQLKIHGFAX86DA,167.96,19.03,0.0,無,
白沙鄉,土地,鳥嶼新段355地號,13.21,,鄉村區,乙種建築用地,1111206,土地1建物0車位0,,,其他,,,,0.0,0,0,0,無,無,29062,2200,,0.0,0,地清或未辦繼承標售；,RPUNMLNLKHIGFAX07DA,0.0,0.0,0.0,無,052
白沙鄉,土地,鳥嶼新段355地號,26.42,,鄉村區,乙種建築用地,1111206,土地1建物0車位0,,,其他,,,,0.0,0,0,0,無,無,58124,2200,,0.0,0,地清或未辦繼承標售；,SPUNMLNLKHIGFAX17DA,0.0,0.0,0.0,無,052
白沙鄉,土地,鳥嶼新段355地號,52.84,,鄉村區,乙種建築用地,1111206,土地1建物0車位0,,,其他,,,,0.0,0,0,0,無,無,116248,2200,,0.0,0,地清或未辦繼承標售；,TPUNMLNLKHIGFAX27DA,0.0,0.0,0.0,無,052
馬公市,房地(土地+建物),澎湖縣馬公市東衛８３之３號,207.22,,鄉村區,乙種建築用地,1111213,土地1建物1車位0,全,一層,透天厝,住家用,鋼筋混凝土加強磚造,0690403,72.24,6,2,1,無,無,2000000,27685,,0.0,0,親友、員工、共有人或其他特殊關係間之交易；,RPTNMLOLKHIGFAX17EA,72.24,0.0,0.0,無,
湖西鄉,土地,葉新段757地號,218.05,,鄉村區,乙種建築用地,1111101,土地1建物0車位0,,,其他,,,,0.0,0,0,0,有,無,2308600,10587,,0.0,0,依土地法第34條之1處分,RPWNMLKMJIHGFAX96DA,0.0,0.0,0.0,無,
馬公市,房地(土地+建物),澎湖縣馬公市裡１０９之１號,96.52,,鄉村區,乙種建築用地,1111102,土地1建物1車位0,全,三層,透天厝,住家用,鋼筋混凝土造,0850212,162.52,4,2,5,有,無,5350000,32919,,0.0,0,,RPOOMLTJKIHGFAX96DA,160.64,1.88,0.0,無,
馬公市,房地(土地+建物),澎湖縣馬公市五福路２８號,237.39,,一般農業區,甲種建築用地,1111108,土地1建物1車位0,全,二層,透天厝,住家用,加強磚造,0660701,167.94,6,2,2,有,無,7200000,42872,,0.0,0,親友、員工、共有人或其他特殊關係間之交易；,RPRNMLMKKIHGFAX66EA,167.94,0.0,0.0,無,
馬公市,土地,五福段1449地號,224.74,,一般農業區,農牧用地,1111108,土地1建物0車位0,,,其他,,,,0.0,0,0,0,有,無,4300000,19133,,0.0,0,親友、員工、共有人或其他特殊關係間之交易；,SPRNMLMKKIHGFAX76EA,0.0,0.0,0.0,無,
馬公市,土地,烏崁新段949-3地號,21.77,,鄉村區,乙種建築用地,1111128,土地1建物0車位0,,,其他,,,,0.0,0,0,0,有,無,276261,12690,,0.0,0,政府機關標讓售；,RPPNMLPJKIHGFAX66EA,0.0,0.0,0.0,無,
白沙鄉,土地,小赤段170地號,72.9,,一般農業區,農牧用地,1111118,土地1建物0車位0,,,其他,,,,0.0,0,0,0,有,無,223300,3063,,0.0,0,地清或未辦繼承標售；,RPVNMLRJKIHGFAX47EA,0.0,0.0,0.0,無,
馬公市,土地,安宅段927-2地號,605.85,,一般農業區,農牧用地,1111125,土地1建物0車位0,,,其他,,,,0.0,0,0,0,有,無,5500000,9078,,0.0,0,,RPXNMLTJKIHGFAX77DA,0.0,0.0,0.0,無,
馬公市,土地,北極段1100地號,21.41,住,,,1111111,土地1建物0車位0,,,其他,,,,0.0,0,0,0,有,無,647000,30220,,0.0,0,本案係依土地法第34條之1規定處份案件。,RPOOMLPKJIHGFAX56DA,0.0,0.0,0.0,無,
馬公市,土地,安宅段927-3地號,605.86,,一般農業區,農牧用地,1111125,土地1建物0車位0,,,其他,,,,0.0,0,0,0,有,無,5500000,9078,,0.0,0,,RPWNMLTJKIHGFAX67DA,0.0,0.0,0.0,無,
西嶼鄉,土地,小門段284地號,236.87,,鄉村區,乙種建築用地,1111116,土地1建物0車位0,,,其他,,,,0.0,0,0,0,有,無,2000000,8443,,0.0,0,親友、員工、共有人或其他特殊關係間之交易；,RPPNMLQLJIHGFAX76DA,0.0,0.0,0.0,無,
馬公市,土地,文寮段422-6地號,181.46,,一般農業區,甲種建築用地,1111130,土地2建物0車位0,,,其他,,,,0.0,0,0,0,有,無,5020000,27664,,0.0,0,,RPVNMLTKKIHGFAX67DA,0.0,0.0,0.0,無,055
湖西鄉,土地,城北段216地號,817.99,,一般農業區,農牧用地,1111104,土地1建物0車位0,,,其他,,,,0.0,0,0,0,有,無,600000,734,,0.0,0,,RPRNMLQKKIHGFAX07EA,0.0,0.0,0.0,無,
馬公市,房地(土地+建物)+車位,澎湖縣馬公市三多路３４９號二樓之五,30.88,住,,,1111113,土地2建物1車位1,二層,十四層,住宅大樓(11層含以上有電梯),住家用,鋼筋混凝土造,0950710,188.37,3,1,2,有,有,6000000,31852,坡道平面,0.0,0,,RPQNMLNKJIHGFAX09DA,103.61,0.0,11.74,有,
白沙鄉,房地(土地+建物),澎湖縣白沙鄉中屯１２之１０號,374.33,,風景區,丙種建築用地,1111101,土地2建物1車位0,全,三層,透天厝,住家用,鋼筋混凝土造,1041021,358.02,5,3,6,有,無,15800000,44132,,0.0,0,,RPPOMLLJJIHGFAX78DA,335.79,22.23,0.0,無,
西嶼鄉,土地,外垵一段198地號,300.97,,一般農業區,農牧用地,1111125,土地1建物0車位0,,,其他,,,,0.0,0,0,0,有,無,2458000,8167,,0.0,0,,RPVNMLLLKIHGFAX96DA,0.0,0.0,0.0,無,
湖西鄉,土地,鼎灣新段472地號,55.48,,鄉村區,乙種建築用地,1111115,土地1建物0車位0,,,其他,,,,0.0,0,0,0,有,無,200000,3605,,0.0,0,,RPRNMLOKKIHGFAX86EA,0.0,0.0,0.0,無,
馬公市,房地(土地+建物),澎湖縣馬公市成功街１８巷８號,88.56,住,,,1111110,土地3建物1車位0,全,二層,透天厝,住家用,鋼筋混凝土加強磚造,0701027,94.88,3,2,2,有,無,5150000,54279,,0.0,0,,RPQOMLPKJIHGFAX76DA,94.88,0.0,0.0,無,
馬公市,房地(土地+建物),澎湖縣馬公市珠江１８２之１號,418.28,,一般農業區,甲種建築用地,1111109,土地2建物1車位0,全,三層,透天厝,住家用,鋼筋混凝土造,1070806,523.1,9,1,9,有,無,21380000,40872,,0.0,0,,RPTNMLSKKIHGFAX37DA,488.77,34.33,0.0,無,
馬公市,房地(土地+建物),澎湖縣馬公市文山路２７巷８號六樓之２,21.92,住,,,1111113,土地1建物1車位0,六層,十層,華廈(10層含以下有電梯),住家用,鋼筋混凝土造,1060328,93.82,2,1,1,有,有,5200000,55425,,0.0,0,,RPPOMLPKKIHGFAX76DA,56.72,9.41,0.0,有,056
馬公市,房地(土地+建物),澎湖縣馬公市西衛２２１之１０號,189.59,,一般農業區,甲種建築用地,1111109,土地2建物1車位0,全,三層,透天厝,住家用,鋼筋混凝土造,1031231,211.14,5,2,4,有,無,13100000,62044,,0.0,0,,RPXNMLKMKIHGFAX17DA,196.72,14.42,0.0,無,
馬公市,房地(土地+建物),澎湖縣馬公市東衛９０號,315.06,,鄉村區,乙種建築用地,1111106,土地2建物1車位0,全,二層,透天厝,住家用,加強磚造,0690701,161.48,5,1,1,有,無,7800000,48303,,0.0,0,,RPUNMLSKKIHGFAX47DA,161.48,0.0,0.0,無,057
馬公市,房地(土地+建物)+車位,澎湖縣馬公市三多路４５５號五樓之六,33.28,住,,,1111120,土地1建物1車位1,五層,七層,華廈(10層含以下有電梯),住家用,鋼筋混凝土造,0860710,180.42000000000002,3,2,2,有,有,4350000,24110,坡道平面,0.0,0,親友、員工、共有人或其他特殊關係間之交易；,RPWNMLNJJHIGFAX96DA,107.49,17.12,0.0,有,058
西嶼鄉,房地(土地+建物),澎湖縣西嶼鄉大池角３８號,301.12,,鄉村區,乙種建築用地,1111129,土地1建物1車位0,全,二層,透天厝,住家用,鋼筋加強空心磚,0690701,148.74,5,2,2,有,無,1050000,7059,,0.0,0,親友、員工、共有人或其他特殊關係間之交易；,RPROMLRJJHIGFAX96DA,148.74,0.0,0.0,無,
馬公市,土地,井垵西段504地號,74.23,,一般農業區,甲種建築用地,1111123,土地1建物0車位0,,,其他,,,,0.0,0,0,0,有,無,3000000,40415,,0.0,0,賣方賣清價。土地增值稅由買方負擔。親友、員工、共有人或其他特殊關係間之交易；未登記建物；,RPPNMLOJKIHGFAX09DA,0.0,0.0,0.0,無,
馬公市,房地(土地+建物),澎湖縣馬公市文山路２２５巷１５５號,191.06,,一般農業區,甲種建築用地,1111128,土地2建物1車位0,全,三層,透天厝,住家用,鋼筋混凝土造,1051114,266.58,5,2,5,有,無,12800000,48016,,0.0,0,,RPRNMLSKKIHGFAX17DA,252.14,14.44,0.0,無,
馬公市,土地,安宅段926地號,184.22,,一般農業區,交通用地,1111107,土地1建物0車位0,,,其他,,,,0.0,0,0,0,有,無,2507000,13609,,0.0,0,,RPUOMLTJJHIGFAX47DA,0.0,0.0,0.0,無,
馬公市,房地(土地+建物),澎湖縣馬公市石泉１之２９０號,101.35,,一般農業區,甲種建築用地,1111126,土地1建物1車位0,全,三層,透天厝,住家用,鋼筋混凝土造,0870418,130.23,3,2,3,有,無,3860000,29640,,0.0,0,,RPSOMLKKJHIGFAX09DA,121.96,0.0,8.27,無,
馬公市,房地(土地+建物),澎湖縣馬公市石泉１之２９２號,167.62,,鄉村區,乙種建築用地,1111128,土地2建物1車位0,全,四層,透天厝,住家用,鋼筋混凝土造,0900704,376.44,5,1,3,有,無,10000000,26565,,0.0,0,,RPUOMLKKJHIGFAX66DA,358.68,17.76,0.0,無,059
馬公市,土地,六合段713地號,341.29,農,,,1111125,土地2建物0車位0,,,其他,,,,0.0,0,0,0,有,無,5000000,14650,,0.0,0,親友、員工、共有人或其他特殊關係間之交易；,RPSNMLMKKIHGFAX76EA,0.0,0.0,0.0,無,
馬公市,房地(土地+建物),澎湖縣馬公市文康街５４號,57.0,商,,,1111128,土地1建物1車位0,全,二層,透天厝,住商用,紅磚補強,0580215,93.19,3,1,3,有,無,8500000,91212,,0.0,0,,RPPNMLKKJHIGFAX68DA,93.19,0.0,0.0,無,
馬公市,房地(土地+建物),澎湖縣馬公市西文澳６３之１２號,75.5,住,,,1111130,土地4建物1車位0,全,二層,透天厝,住家用,鋼筋混凝土加強磚造,0710529,58.8,3,2,2,有,無,2000000,34014,,0.0,0,親友、員工、共有人或其他特殊關係間之交易；,RPSNMLKKJHIGFAX98DA,58.8,0.0,0.0,無,
馬公市,房地(土地+建物),澎湖縣馬公市東文澳１２８號,79.08,,鄉村區,乙種建築用地,1111108,土地1建物1車位0,全,三層,透天厝,住家用,鋼筋混凝土加強磚造,0720111,111.86,3,1,2,有,無,4260000,38083,,0.0,0,買方另支付土地增值稅34萬122元,RPPOMLNKJHIGFAX09DA,111.86,0.0,0.0,無,
湖西鄉,土地,白坑段277地號,1780.54,,一般農業區,農牧用地,1111129,土地2建物0車位0,,,其他,,,,0.0,0,0,0,有,無,2425000,1362,,0.0,0,,RPXNMLQKJHIGFAX47DA,0.0,0.0,0.0,無,
馬公市,土地,中衛段365地號,622.88,工,,,1111130,土地2建物0車位0,,,其他,,,,0.0,0,0,0,有,無,11300000,18142,,0.0,0,,RPROMLQJJHIGFAX86DA,0.0,0.0,0.0,無,
七美鄉,土地,七美二段295地號,111.47,,一般農業區,農牧用地,1111110,土地1建物0車位0,,,其他,,,,0.0,0,0,0,有,無,144918,1300,,0.0,0,地清或未辦繼承標售；,RPXNMLNKJHIGFAX17DA,0.0,0.0,0.0,無,
馬公市,土地,中衛段452地號,403.03,工,,,1111101,土地1建物0車位0,,,其他,,,,0.0,0,0,0,有,無,6090000,15111,,0.0,0,地清或未辦繼承標售；,RPTOMLNJKHIGFAX86DA,0.0,0.0,0.0,無,
白沙鄉,土地,赤崁中段301地號,209.07,,一般農業區,農牧用地,1111110,土地1建物0車位0,,,其他,,,,0.0,0,0,0,有,無,378760,1812,,0.0,0,地清或未辦繼承標售；,RPTNMLNJKHIGFAX86EA,0.0,0.0,0.0,無,
湖西鄉,土地,中西段701地號,615.04,,一般農業區,農牧用地,1111101,土地1建物0車位0,,,其他,,,,0.0,0,0,0,有,無,2000000,3252,,0.0,0,地清或未辦繼承標售；,RPTNMLQJKHIGFAX17EA,0.0,0.0,0.0,無,
西嶼鄉,土地,橫礁新段697地號,868.89,,一般農業區,農牧用地,1111101,土地1建物0車位0,,,其他,,,,0.0,0,0,0,有,無,1010000,1162,,0.0,0,地清或未辦繼承標售；,RPTNMLRJKHIGFAX27EA,0.0,0.0,0.0,無,
西嶼鄉,土地,二崁南段840地號,106.57,農,,,1111101,土地1建物0車位0,,,其他,,,,0.0,0,0,0,有,無,360600,3384,,0.0,0,地清或未辦繼承標售；,RPTNMLSJKHIGFAX37EA,0.0,0.0,0.0,無,
馬公市,土地,山水西段585地號,466.0,,一般農業區,農牧用地,1111101,土地1建物0車位0,,,其他,,,,0.0,0,0,0,有,無,1050000,2253,,0.0,0,地清或未辦繼承標售；,RPUNMLSJKHIGFAX47EA,0.0,0.0,0.0,無,
馬公市,土地,興崁段544地號,1014.46,,一般農業區,農牧用地,1111101,土地1建物0車位0,,,其他,,,,0.0,0,0,0,有,無,2716000,2677,,0.0,0,地清或未辦繼承標售；,RPUNMLQJKHIGFAX27EA,0.0,0.0,0.0,無,
白沙鄉,土地,瓦硐南段157地號,801.38,,一般農業區,農牧用地,1111101,土地1建物0車位0,,,其他,,,,0.0,0,0,0,有,無,1576000,1967,,0.0,0,地清或未辦繼承標售；,SPUNMLQJKHIGFAX37EA,0.0,0.0,0.0,無,
馬公市,土地,中山段578地號,50.65,住,,,1111101,土地1建物0車位0,,,其他,,,,0.0,0,0,0,有,無,2295000,45311,,0.0,0,地清或未辦繼承標售；,RPQNMLTJKHIGFAX17EA,0.0,0.0,0.0,無,
七美鄉,土地,七美三段1324地號,339.3,,一般農業區,甲種建築用地,1111101,土地1建物0車位0,,,其他,,,,0.0,0,0,0,無,無,948888,2797,,0.0,0,地清或未辦繼承標售；,RPTNMLKKKHIGFAX66EA,0.0,0.0,0.0,無,
馬公市,土地,五福段459地號,42.69,,鄉村區,乙種建築用地,1111110,土地1建物0車位0,,,其他,,,,0.0,0,0,0,無,無,658410,15423,,0.0,0,地清或未辦繼承標售；,RPPSMLOKKHIGFAX17EA,0.0,0.0,0.0,無,
馬公市,房地(土地+建物),澎湖縣馬公市東衛９４號,613.34,,鄉村區,乙種建築用地,1111117,土地2建物1車位0,全,二層,透天厝,住家用,鋼筋混凝土加強磚造,0700120,149.46,6,2,2,無,無,14470000,96815,,0.0,0,,RPTNMLRKKHIGFAX27DA,149.46,0.0,0.0,無,
湖西鄉,土地,南寮新段208地號,452.34,,一般農業區,農牧用地,1111110,土地1建物0車位0,,,其他,,,,0.0,0,0,0,無,無,1001000,2213,,0.0,0,地清或未辦繼承標售；,RPPNMLQKKHIGFAX86EA,0.0,0.0,0.0,無,
馬公市,房地(土地+建物)+車位,澎湖縣馬公市貿商街１２７號九樓之一,27.04,住,,,1111108,土地1建物1車位1,九層,十二層,住宅大樓(11層含以上有電梯),住家用,鋼筋混凝土造,0950629,180.67000000000002,3,1,2,有,有,5650000,31272,坡道平面,0.0,0,,RPVNMLLKJIHGFAX76DA,97.49,0.0,10.98,有,060
馬公市,土地,文東段469地號,142.73,,一般農業區,農牧用地,1111101,土地1建物0車位0,,,其他,,,,0.0,0,0,0,無,無,568888,3986,,0.0,0,地清或未辦繼承標售；,RPPNMLNLKHIGFAX56DA,0.0,0.0,0.0,無,007
湖西鄉,土地,白坑段734地號,326.58,,一般農業區,農牧用地,1111006,土地4建物0車位0,,,其他,,,,0.0,0,0,0,有,無,468000,1433,,0.0,0,地清或未辦繼承標售；,RPPNMLMKKIHGFAX09EA,0.0,0.0,0.0,無,
馬公市,房地(土地+建物),澎湖縣馬公市民富街２號,96.14,住,,,1111001,土地1建物1車位0,全,三層,透天厝,住家用,鋼筋混凝土造,0931228,197.84,4,1,4,有,無,12500000,63182,,0.0,0,本案件依土地法第34條之1、2、3條規定辦理。親友、員工、共有人或其他特殊關係間之交易；,RPUNMLPJIIHGFAX86DA,180.46,17.38,0.0,無,
馬公市,房地(土地+建物),澎湖縣馬公市中華路２８之２號四樓,18.8,商,,,1111028,土地1建物1車位0,四層,五層,公寓(5樓含以下無電梯),住家用,鋼筋混凝土造,0871110,82.57,2,1,2,有,無,3280000,39724,,0.0,0,,RPQOMLNKKIHGFAX66DA,63.88,0.0,8.06,無,
湖西鄉,土地,尖山南段783地號,1429.18,,一般農業區,甲種建築用地,1111025,土地1建物0車位0,,,其他,,,,0.0,0,0,0,有,無,20319000,14217,,0.0,0,,RPSOMLOKKIHGFAX96DA,0.0,0.0,0.0,無,
湖西鄉,土地,紅羅段952地號,422.72,,一般農業區,農牧用地,1111006,土地1建物0車位0,,,其他,,,,0.0,0,0,0,有,無,1670000,3951,,0.0,0,地清或未辦繼承標售；,RPTNMLMKKIHGFAX86EA,0.0,0.0,0.0,無,018
湖西鄉,土地,成功北段615地號,1993.03,,一般農業區,農牧用地,1111006,土地1建物0車位0,,,其他,,,,0.0,0,0,0,有,無,1380000,692,,0.0,0,地清或未辦繼承標售；,RPTNMLOKKIHGFAX07EA,0.0,0.0,0.0,無,
馬公市,土地,鎖港南段351地號,218.99,,一般農業區,農牧用地,1111006,土地1建物0車位0,,,其他,,,,0.0,0,0,0,有,無,266000,1215,,0.0,0,地清或未辦繼承標售；,RPUNMLQKKIHGFAX37EA,0.0,0.0,0.0,無,
馬公市,土地,海堤段627地號,26.33,住,,,1111006,土地1建物0車位0,,,其他,,,,0.0,0,0,0,有,無,280000,10634,,0.0,0,地清或未辦繼承標售；,RPTNMLOJKIHGFAX86DA,0.0,0.0,0.0,無,
馬公市,土地,鎖港南段203地號,684.17,,一般農業區,農牧用地,1111006,土地1建物0車位0,,,其他,,,,0.0,0,0,0,有,無,827777,1210,,0.0,0,地清或未辦繼承標售；,RPRNMLTKKIHGFAX37EA,0.0,0.0,0.0,無,
馬公市,房地(土地+建物)+車位,澎湖縣馬公市三多路４５５號四樓之一,15.68,住,,,1111023,土地1建物1車位1,四層,七層,華廈(10層含以下有電梯),住家用,鋼筋混凝土造,0860710,82.59,3,1,2,有,有,2450000,29665,坡道平面,5.76,0,親友、員工、共有人或其他特殊關係間之交易；,RPPNMLKKKIHGFAX78DA,49.59,6.7,0.0,有,
馬公市,房地(土地+建物),澎湖縣馬公市成功街３５號,247.03,住,,,1111026,土地1建物1車位0,全,五層,透天厝,其他,鋼筋混凝土造,1101216,731.03,16,1,17,有,無,39800000,54444,,0.0,0,,RPPNMLSKKIHGFAX96DA,676.79,54.24,0.0,有,063
馬公市,土地,鎖港南段350地號,1208.97,,一般農業區,農牧用地,1111006,土地1建物0車位0,,,其他,,,,0.0,0,0,0,有,無,1529988,1266,,0.0,0,地清或未辦繼承標售；,RPTNMLTKKIHGFAX57EA,0.0,0.0,0.0,無,
馬公市,房地(土地+建物),澎湖縣馬公市西衛２６３號,446.51,,一般農業區,甲種建築用地,1111014,土地2建物1車位0,全,三層,透天厝,住家用,鋼筋混凝土造,1060921,531.77,6,3,6,有,無,19860000,37347,,0.0,0,,RPPOMLNLKIHGFAX66DA,503.62,28.15,0.0,無,
白沙鄉,房地(土地+建物),澎湖縣白沙鄉後寮１８號,187.28,,鄉村區,乙種建築用地,1111006,土地1建物1車位0,全,一層,透天厝,住家用,造,,69.42,5,1,1,有,無,658963,9492,,0.0,0,地清或未辦繼承標售；,RPUNMLOJKIHGFAX96DA,66.11,3.31,0.0,無,
馬公市,房地(土地+建物),澎湖縣馬公市陽明路４８號,63.93,住,,,1111028,土地1建物1車位0,全,二層,透天厝,住家用,鋼筋混凝土加強磚造,0660520,85.12,7,4,5,有,無,2000000,23496,,0.0,0,親友、員工、共有人或其他特殊關係間之交易；頂樓加蓋；其他增建；,RPVNMLOLJIHGFAX17DA,85.12,0.0,0.0,無,
馬公市,土地,文寮段583-1地號,1063.43,,一般農業區,農牧用地,1111025,土地1建物0車位0,,,其他,,,,0.0,0,0,0,有,無,54380000,51136,,0.0,0,土地交易案件之價格含未來興建房屋成本；,RPQNMLPJJHIGFAX56DA,0.0,0.0,0.0,無,004
馬公市,土地,文寮段583-1地號,182.98,,一般農業區,農牧用地,1111025,土地1建物0車位0,,,其他,,,,0.0,0,0,0,有,無,9580000,52355,,0.0,0,土地交易案件之價格含未來興建房屋成本；,RPOOMLPJJHIGFAX09DA,0.0,0.0,0.0,無,004
馬公市,土地,五福段806地號,281.1,,一般農業區,農牧用地,1111006,土地1建物0車位0,,,其他,,,,0.0,0,0,0,有,無,2037790,7249,,0.0,0,地清或未辦繼承標售；,RPUNMLPJJHIGFAX07EA,0.0,0.0,0.0,無,
馬公市,土地,文寮段583-1地號,183.26,,一般農業區,農牧用地,1111025,土地1建物0車位0,,,其他,,,,0.0,0,0,0,有,無,9280000,50638,,0.0,0,土地交易案件之價格含未來興建房屋成本；,RPXNMLPJJHIGFAX27DA,0.0,0.0,0.0,無,004
馬公市,土地,北極段905地號,173.75,住,,,1111019,土地1建物0車位0,,,其他,,,,0.0,0,0,0,有,無,3380000,19453,,0.0,0,,RPRNMLTLKIHGFAX47EA,0.0,0.0,0.0,無,
馬公市,房地(土地+建物),澎湖縣馬公市西衛１５６號,91.07,,鄉村區,乙種建築用地,1111013,土地1建物1車位0,全,一層,透天厝,住家用,造,,8.27,0,0,0,無,無,2755000,333132,,0.0,0,建物已倒塌,RPXNMLSLKIHGFAX87DA,8.27,0.0,0.0,無,067
湖西鄉,土地,許家段495地號,297.44,,一般農業區,農牧用地,1111018,土地1建物0車位0,,,其他,,,,0.0,0,0,0,有,無,1500000,5043,,0.0,0,,RPOOMLKMJHIGFAX88DA,0.0,0.0,0.0,無,
馬公市,土地,五福段693-1地號,550.6,,一般農業區,農牧用地,1111025,土地2建物0車位0,,,其他,,,,0.0,0,0,0,有,無,6660000,12096,,0.0,0,,RPVOMLPLIIHGFAX27DA,0.0,0.0,0.0,無,
馬公市,土地,國宅段54地號,336.64,,一般農業區,農牧用地,1111031,土地1建物0車位0,,,其他,,,,0.0,0,0,0,有,無,2350000,6981,,0.0,0,,RPWNMLLMIIHGFAX96DA,0.0,0.0,0.0,無,
馬公市,房地(土地+建物),澎湖縣馬公市西文澳２６７號,217.83,,一般農業區,甲種建築用地,1111018,土地2建物1車位0,全,三層,透天厝,住家用,鋼筋混凝土造,1080815,244.23,5,1,6,有,無,11800000,48315,,0.0,0,,RPVNMLSJKHIGFAX57EA,225.18,19.05,0.0,無,
湖西鄉,建物,澎湖縣湖西鄉沙港７５號,0.0,,,,1111003,土地0建物1車位0,全,二層,透天厝,住家用,加強磚造,0921217,66.9,4,1,2,無,無,2000000,29895,,0.0,0,,RPPNMLSKKHIGFAX96DA,65.12,1.78,0.0,無,
望安鄉,土地,東吉段282地號,127.67,,風景區,農牧用地,1111006,土地1建物0車位0,,,其他,,,,0.0,0,0,0,無,無,71796,562,,0.0,0,地清或未辦繼承標售；,RPRNMLNJLHIGFAX76EA,0.0,0.0,0.0,無,
湖西鄉,土地,隘門新段425地號,181.52,,一般農業區,農牧用地,1110915,土地1建物0車位0,,,其他,,,,0.0,0,0,0,有,無,1600000,8814,,0.0,0,,RPXNMLOKKIHGFAX37DA,0.0,0.0,0.0,無,
馬公市,土地,國宅段30地號,1523.44,,一般農業區,農牧用地,1110915,土地1建物0車位0,,,其他,,,,0.0,0,0,0,有,無,12000000,7877,,0.0,0,其中持分1/2私契簽約日期為111年9月16日,RPROMLOKKIHGFAX86DA,0.0,0.0,0.0,無,
馬公市,土地,北極段566地號,2176.54,農,,,1110905,土地1建物0車位0,,,其他,,,,0.0,0,0,0,有,無,17290350,7944,,0.0,0,,RPPNMLKLKIHGFAX98EA,0.0,0.0,0.0,無,068
馬公市,房地(土地+建物),澎湖縣馬公市烏崁１２８之１７號,114.9,,鄉村區,乙種建築用地,1110908,土地1建物1車位0,全,三層,透天厝,住家用,鋼筋混凝土造,0860913,171.86,5,2,3,有,無,3800000,22111,,0.0,0,,RPOOMLMLKIHGFAX09DA,162.37,9.49,0.0,無,069
湖西鄉,土地,城北段597地號,727.02,,一般農業區,農牧用地,1110927,土地1建物0車位0,,,其他,,,,0.0,0,0,0,有,無,1550000,2132,,0.0,0,,RPQOMLPJJHIGFAX66DA,0.0,0.0,0.0,無,070
馬公市,土地,四維段423地號,1091.66,,一般農業區,農牧用地,1110914,土地1建物0車位0,,,其他,,,,0.0,0,0,0,有,無,13800000,12641,,0.0,0,,RPQNMLKKJHIGFAX78DA,0.0,0.0,0.0,無,
馬公市,土地,四維段421地號,999.95,,一般農業區,農牧用地,1110915,土地2建物0車位0,,,其他,,,,0.0,0,0,0,有,無,15000000,15001,,0.0,0,,RPRNMLKKJHIGFAX88DA,0.0,0.0,0.0,無,
馬公市,房地(土地+建物),澎湖縣馬公市光復路６號,55.0,商,,,1110929,土地1建物1車位0,全,一層,透天厝,住家用,造,,47.07,2,2,1,有,無,8500000,180582,,0.0,0,,RPPNMLLKJHIGFAX78DA,47.07,0.0,0.0,無,
馬公市,房地(土地+建物),澎湖縣馬公市忠孝路７７巷４８號,61.0,住,,,1110907,土地1建物1車位0,全,二層,透天厝,住家用,鋼筋混凝土加強磚造,0630307,80.3,3,2,2,有,無,4300000,53549,,0.0,0,,RPVNMLLMJHIGFAX96DA,80.3,0.0,0.0,無,
湖西鄉,土地,尖山中段1420地號,2007.37,,一般農業區,農牧用地,1110915,土地1建物0車位0,,,其他,,,,0.0,0,0,0,無,無,6070000,3024,,0.0,0,,RPPNMLLLKHIGFAX98DA,0.0,0.0,0.0,無,
馬公市,土地,山水西段325地號,298.8,,一般農業區,農牧用地,1110920,土地1建物0車位0,,,其他,,,,0.0,0,0,0,有,無,4800000,16064,,0.0,0,親友、員工、共有人或其他特殊關係間之交易；,RPVNMLRJKHIGFAX37DA,0.0,0.0,0.0,無,071
馬公市,土地,山水西段325地號,595.0,,一般農業區,農牧用地,1110927,土地1建物0車位0,,,其他,,,,0.0,0,0,0,有,無,8280000,13916,,0.0,0,,RPWNMLQJKHIGFAX37DA,0.0,0.0,0.0,無,071
馬公市,土地,五德西段460地號,446.94,,一般農業區,農牧用地,1110818,土地1建物0車位0,,,其他,,,,0.0,0,0,0,有,無,1680000,3759,,0.0,0,,RPSPMLLLQHHGFAX37DA,0.0,0.0,0.0,無,073
馬公市,房地(土地+建物)+車位,澎湖縣馬公市光復路１４８巷１８號二樓之１,39.13,住,,,1110829,土地1建物1車位1,二層,五層,華廈(10層含以下有電梯),住家用,鋼筋混凝土造,1110624,135.56,3,2,2,有,無,9180000,67719,一樓平面,0.0,0,,RPVNMLMJKIHGFAX86DA,88.3,4.75,0.0,有,
馬公市,房地(土地+建物)+車位,澎湖縣馬公市光復路１４８巷１８號三樓之２,40.67,住,,,1110828,土地1建物1車位1,三層,五層,華廈(10層含以下有電梯),住家用,鋼筋混凝土造,1110624,140.17000000000002,3,2,2,有,無,9580000,68346,一樓平面,0.0,0,,RPOOMLMKIIHGFAX78DA,91.59,4.75,0.0,有,
湖西鄉,房地(土地+建物),澎湖縣湖西鄉隘門２００號,278.18,,一般農業區,甲種建築用地,1110819,土地2建物1車位0,全,三層,透天厝,住家用,鋼筋混凝土造,1061106,219.89,4,2,5,有,無,8300000,37746,,0.0,0,其他增建；,RPOOMLNLKIHGFAX56DA,203.24,16.65,0.0,無,074
湖西鄉,土地,許家段741地號,1807.83,,一般農業區,農牧用地,1110813,土地2建物0車位0,,,其他,,,,0.0,0,0,0,有,無,12880000,7125,,0.0,0,,RPTPMLLLQHHGFAX47DA,0.0,0.0,0.0,無,
馬公市,土地,光華段462地號,983.59,,一般農業區,農牧用地,1110809,土地1建物0車位0,,,其他,,,,0.0,0,0,0,有,無,14870000,15118,,0.0,0,依土地法34條之1處分,RPQNMLLKKIHGFAX98DA,0.0,0.0,0.0,無,001
馬公市,房地(土地+建物),澎湖縣馬公市宅嶼１６１之２號,205.94,,一般農業區,甲種建築用地,1110704,土地2建物1車位0,全,三層,透天厝,住家用,鋼筋混凝土造,1070607,239.33,5,2,5,有,無,8800000,36769,,0.0,0,,RPPNMLRJKIHGFAX76DA,217.58,21.75,0.0,無,
西嶼鄉,土地,二崁南段1357地號,548.33,,風景區,農牧用地,1110731,土地1建物0車位0,,,其他,,,,0.0,0,0,0,有,無,2238000,4081,,0.0,0,,RPRNMLPKKIHGFAX96EA,0.0,0.0,0.0,無,
白沙鄉,土地,赤崁中段470地號,226.11,,一般農業區,農牧用地,1110726,土地1建物0車位0,,,其他,,,,0.0,0,0,0,有,無,1409000,6231,,0.0,0,,RPTNMLNJKHIGFAX76DA,0.0,0.0,0.0,無,076
馬公市,房地(土地+建物),澎湖縣馬公市仁愛路１８號,724.0,商,,,1110620,土地1建物1車位0,全,三層,透天厝,其他,造,0441031,1099.57,1,1,2,有,無,219000000,199169,,0.0,0,一、依土地法第34條之1處分二、舊戲院三、土地價款NT＄217800000元整四、房屋價款NT＄1200000元整其他增建；含租約；,RPPOMLNKKIHGFAX56DA,1099.57,0.0,0.0,無,077
湖西鄉,土地,成功南段250-7地號,189.67,,一般農業區,甲種建築用地,1110608,土地2建物0車位0,,,其他,,,,0.0,0,0,0,有,無,1400000,7381,,0.0,0,,RPQOMLRJJHIGFAX86DA,0.0,0.0,0.0,無,
馬公市,房地(土地+建物),澎湖縣馬公市文山路３６巷１７號,34.82,住,,,1110509,土地1建物1車位0,全,四層,透天厝,住家用,鋼筋混凝土造,1081030,269.15,4,3,5,有,無,13100000,48672,,0.0,0,,RPSNMLSKKIHGFAX27DA,246.16,22.99,0.0,有,
七美鄉,土地,七美二段294地號,5.6,,一般農業區,農牧用地,1100827,土地1建物0車位0,,,其他,,,,0.0,0,0,0,有,無,33869,6048,,0.0,0,賣清.親友、員工、共有人或其他特殊關係間之交易；,RPXNMLTJJHIGFAX67DA,0.0,0.0,0.0,無,078
