﻿編號,土地位置,土地移轉面積(平方公尺),使用分區或編定,權利人持分分母,權利人持分分子,移轉情形,地號
The serial number, land position,land shifting area square meter,the use zoning or compiles and checks,,,,land parcel
RPPNMLNJKIHGFAX09DB,光榮段,20.67,都市：住,1000,105,持分移轉,09040002
RPQNMLNJKIHGFAX56DB,光榮段,20.48,都市：住,1000,104,持分移轉,09040002
RPPNMLQJKIHGFAX76DB,四維段,8.44,非都市：鄉村區 ; 非都市編定：乙種建築用地,10000,368,持分移轉,08560001
RPPNMLQJKIHGFAX76DB,四維段,.24,非都市：鄉村區 ; 非都市編定：乙種建築用地,10000,368,持分移轉,08560002
RPPNMLQJKIHGFAX76DB,四維段,10.65,非都市：鄉村區 ; 非都市編定：乙種建築用地,10000,368,持分移轉,08570000
RPPNMLSKKHIGFAX07DB,中衛段,27.44,都市：農,10000,1353,持分移轉,09000000
RPQNMLRJLHIGFAX07DB,中衛段,25.65,都市：農,10000,1265,持分移轉,09000000
RPQNMLQJKIHGFAX86DB,四維段,8.44,非都市：鄉村區 ; 非都市編定：乙種建築用地,10000,368,持分移轉,08560001
RPQNMLQJKIHGFAX86DB,四維段,.24,非都市：鄉村區 ; 非都市編定：乙種建築用地,10000,368,持分移轉,08560002
RPQNMLQJKIHGFAX86DB,四維段,10.65,非都市：鄉村區 ; 非都市編定：乙種建築用地,10000,368,持分移轉,08570000
