﻿編號,土地位置,土地移轉面積(平方公尺),使用分區或編定,權利人持分分母,權利人持分分子,移轉情形,地號
The serial number, land position,land shifting area square meter,the use zoning or compiles and checks,,,,land parcel
RPXNMLLKNHHGFDC18CC,源遠段,.00,都市：住,,,,13220000
RPXOMLLKNHHGFDC28CC,安國段,.00,都市：住,,,,00020011
RPVNMLLKNHHGFDC97CC,草濫段拔西猴小段,.00,都市：其他:部份住宅區(住三)部份道路用地,,,,00670005
RPQPMLLKNHHGFDC67CC,中正段一小段,.00,都市：其他:部分道路用地部分商業區,,,,00010000
RPOPMLLKNHHGFDC47CC,湖海段,.00,都市：商,,,,08760000
RPSOMLMKNHHGFDC87CC,德厚段,.00,都市：商,,,,02700000
RPTOMLMKNHHGFDC97CC,調和段,.00,都市：其他:部份道路用地  部份住宅區(住二),,,,14150000
RPTPMLLKNHHGFDC97CC,培德段,.00,都市：住,,,,07640000
RPUOMLMKNHHGFDC08CC,深澳段,.00,都市：住,,,,01200000
RPWOMLMKNHHGFDC28CC,榮華段,.00,都市：商,,,,06570000
RPOOMLNKNHHGFDC57CC,源遠段,.00,都市：住,,,,11250000
RPVOMLMKNHHGFDC18CC,長潭段,.00,都市：住,,,,08450003
RPPOMLNKNHHGFDC67CC,長潭段,.00,都市：住,,,,07650000
RPQOMLNKNHHGFDC77CC,深澳段,.00,都市：住,,,,01000000
RPWOMLNKNHHGFDC38CC,港灣段二小段,.00,都市：商,,,,00440090
RPRPMLNKNHHGFDC97CC,港灣段一小段,.00,都市：商,,,,00450003
RPRPMLNKNHHGFDC97CC,港灣段一小段,.00,都市：商,,,,00450005
RPOQMLNKNHHGFDC77CC,觀音段,.00,都市：住,,,,00720000
RPTQMLNKNHHGFDC28CC,德安段,.00,都市：住,,,,06540000
RPRQMLNKNHHGFDC08CC,福祿段,.00,都市：住,,,,04540000
RPWPMLNKNHHGFDC48CC,源遠段,.00,都市：住,,,,11280000
RPRQMLNKNHHGFDC08CC,福祿段,.00,都市：住,,,,04550001
RPVPMLNKNHHGFDC48DC,麥金段,12.79,都市：住,,,,07510000
RPVPMLNKNHHGFDC48DC,麥金段,.13,都市：其他:保護區,,,,07510001
RPPQMLNKNHHGFDC87CC,麥金段,.00,都市：住,,,,01980000
RPUPMLNKNHHGFDC28CC,調和段,.00,都市：住,,,,14130000
RPSQMLNKNHHGFDC18CC,中正段二小段,.00,都市：商,,,,00060000
RPSQMLNKNHHGFDC18CC,中正段二小段,.00,都市：其他:道路用地,,,,00060001
RPSQMLNKNHHGFDC18CC,中正段二小段,.00,都市：其他:道路用地,,,,00060002
RPRNMLOKNHHGFDC87CC,工建段,.00,都市：住,,,,05180005
RPSNMLOKNHHGFDC97CC,調和段,.00,都市：住,,,,14130000
RPUNMLRKNHHGFDC48CC,深澳段,.00,都市：住,,,,00760000
RPXOMLQKNHHGFDC78CC,忠義段五小段,.00,都市：商,,,,00020008
RPXOMLQKNHHGFDC78CC,忠義段五小段,.00,都市：商,,,,00030003
RPPPMLQKNHHGFDC08CC,深澳段,.00,都市：住,,,,00760000
RPUOMLRKNHHGFDC58CC,調和段,.00,都市：住,,,,13820021
RPQOMLRKNHHGFDC18CC,暖暖段暖暖小段,.00,都市：住,,,,03250002
RPTOMLRKNHHGFDC48CC,保定段,.00,都市：住,,,,01520000
RPXOMLRKNHHGFDC88CC,大德段,.00,都市：住,,,,06800018
RPVOMLRKNHHGFDC68CC,湖海段,.00,都市：住,,,,08610000
RPXPMLSKNHHGFDC09CC,新會段,.00,都市：住,,,,05080000
RPQQMLSKNHHGFDC48CC,過港段,.00,都市：住,,,,00120000
RPOPMLRKNHHGFDC08CC,延年段,.00,都市：住,,,,14970000
RPTQMLSKNHHGFDC78CC,光明段,.00,都市：其他:部份道路用地部份住宅區,,,,08190000
RPWNMLTKNHHGFDC88CC,新溪西股段,.48,都市：工,,,,04510000
RPWNMLTKNHHGFDC88CC,新溪西股段,636.91,都市：工,,,,04550000
RPWNMLTKNHHGFDC88CC,新溪西股段,22.04,都市：工,,,,04620000
RPOOMLTKNHHGFDC18CC,德厚段,.00,都市：商,,,,02100007
RPXNMLKLNHHGFDC18CC,保定段,.00,都市：住,,,,01020022
RPPOMLTKNHHGFDC28CC,新城段,.00,都市：其他:部份住宅區(住一之一)  部份保護區   部份道路用地,,,,06560000
RPVOMLNLNHHGFDC38CC,調和段,.00,都市：住,,,,14130000
RPWNMLKLNHHGFDC08CC,中正段三小段,.00,都市：住,,,,00230003
RPOOMLNLNHHGFDC67CC,調和段,.00,都市：住,,,,14130000
RPXOMLNLNHHGFDC58CC,長潭段,.00,都市：住,,,,03140000
RPWOMLNLNHHGFDC48CC,長潭段,.00,都市：住,,,,03140000
RPPPMLNLNHHGFDC87CC,大華段,.00,都市：住,,,,10750000
RPQPMLNLNHHGFDC97CC,培德段,.00,都市：住,,,,07330000
RPOPMLNLNHHGFDC77CC,調和段,.00,都市：住,,,,14130000
RPTPMLNLNHHGFDC28CC,深澳段,.00,都市：住,,,,10170000
RPRPMLNLNHHGFDC08CC,福祿段,.00,都市：住,,,,08310000
RPWPMLNLNHHGFDC58CC,調和段,.00,都市：住,,,,13820021
RPXPMLNLNHHGFDC68CC,調和段,.00,都市：住,,,,14140000
RPQQMLNLNHHGFDC08CC,西定段,.00,都市：住,,,,06410000
RPOQMLNLNHHGFDC87CC,長潭段,.00,都市：住,,,,08450003
RPSQMLNLNHHGFDC28CC,大華段,.00,都市：商,,,,18350000
RPVNMLPLNHHGFDC48CC,麥金段,.00,都市：住,,,,05250000
RPOOMLPLNHHGFDC87CC,德育段,.00,都市：住,,,,01710000
RPOPMLOLNHHGFDC87CC,八德段,.00,都市：住,,,,00690000
RPROMLPLNHHGFDC18CC,深澳段,.00,都市：住,,,,01000000
RPVOMLPLNHHGFDC58CC,長潭段,.00,都市：住,,,,08920000
RPSOMLPLNHHGFDC28CC,東信段二小段,.00,都市：商,,,,00190000
RPROMLQLNHHGFDC28CC,深澳坑段槓子寮小段,.00,都市：住,,,,03560000
RPQOMLKMNHHGFDC67CC,五堵段五堵北小段,.00,都市：住,,,,06060000
RPUOMLPLNHHGFDC48CC,大華段,.00,都市：住,,,,21510000
RPQOMLQLNHHGFDC18CC,調和段,.00,都市：住,,,,13820021
RPROMLKMNHHGFDC77CC,榮華段,.00,都市：住,,,,02080000
RPROMLKMNHHGFDC77CC,榮華段,.00,都市：商,,,,02100000
RPROMLKMNHHGFDC77CC,榮華段,.00,都市：住,,,,02100001
RPTOMLKMNHHGFDC97CC,源遠段,.00,都市：住,,,,11280000
RPSOMLKMNHHGFDC87CC,源遠段,.00,都市：住,,,,11280000
RPVOMLLMNHHGFDC28CC,源遠段,.00,都市：住,,,,13530000
RPUNMLLJOHHGFDC87CC,湖海段,.00,都市：住,,,,05060000
RPQPMLLMNHHGFDC87CC,源遠段,.00,都市：住,,,,13530000
RPUOMLKMNHHGFDC08CC,安國段,.00,都市：住,,,,00270004
RPSPMLKMNHHGFDC97CC,武嶺段,.00,都市：住,,,,05690000
RPRRMLLJOHHGFDC97CC,麥金段,.00,都市：住,,,,04110000
RPQOMLMJOHHGFDC67CC,德厚段,.00,都市：住,,,,07900000
RPOOMLLJOHHGFDC37CC,調和段,.00,都市：住,,,,14130000
RPQOMLMJOHHGFDC67CC,德厚段,.00,都市：其他:道路用地,,,,07900001
RPQOMLMJOHHGFDC67CC,德厚段,.00,都市：其他:道路用地,,,,07900002
RPPQMLQJOHHGFDC18CC,光明段,.00,都市：住,,,,06570000
RPOPMLMJOHHGFDC57CC,大華段,.00,都市：住,,,,05400000
RPXOMLMJOHHGFDC38CC,長潭段,.00,都市：住,,,,04720007
RPXOMLMJOHHGFDC38CC,正隆段,.00,都市：住,,,,00060003
RPQQMLQJOHHGFDC28CC,調和段,.00,都市：住,,,,13820021
RPPSMLQJOHHGFDC38CC,明德段,.00,都市：住,,,,06350000
RPVPMLRJOHHGFDC78CC,福祿段,30.29,都市：住,,,,00010000
RPRRMLRJOHHGFDC58CC,武嶺段,.00,都市：住,,,,02630000
RPTQMLQJOHHGFDC58CC,榮華段,.00,都市：住,,,,01150000
RPTQMLQJOHHGFDC58CC,榮華段,.00,都市：商,,,,01150001
RPSQMLQJOHHGFDC48CC,長潭段,.00,都市：住,,,,08450003
RPXNMLSJOHHGFDC88CC,德安段,.00,都市：住,,,,06390000
RPXNMLSJOHHGFDC88CC,德安段,.00,都市：住,,,,06400000
RPSRMLRJOHHGFDC68CC,福祿段,.00,都市：住,,,,05090000
RPPOMLSJOHHGFDC18CC,港灣段一小段,.00,都市：商,,,,00050004
RPPOMLSJOHHGFDC18CC,港灣段一小段,.00,都市：商,,,,00050005
RPQOMLSJOHHGFDC28CC,調和段,.00,都市：其他:部份道路用地   部份住宅區,,,,14150000
RPOPMLSJOHHGFDC18CC,代天府段,.00,都市：住,,,,06430000
RPSOMLSJOHHGFDC48CC,新店段四小段,.00,都市：商,,,,03990000
RPXOMLSJOHHGFDC98CC,南新段,.00,都市：住,,,,02840000
RPSOMLSJOHHGFDC48CC,新店段四小段,.00,都市：商,,,,04000000
RPPNMLLKOHHGFDC47CC,湖海段,.00,都市：住,,,,05260000
RPQOMLOKOHHGFDC97CC,暖暖段暖暖小段,.00,都市：住,,,,03630000
RPTOMLSJOHHGFDC58CC,長潭段,.00,都市：住,,,,08450003
RPOOMLOKOHHGFDC77CC,培德段,.00,都市：住,,,,07640000
RPXNMLOKOHHGFDC58CC,源遠段,.00,都市：商,,,,11400006
RPXNMLOKOHHGFDC58CC,源遠段,.00,都市：住,,,,11410015
RPSOMLOKOHHGFDC18CC,安國段,.00,都市：住,,,,00300000
RPUOMLOKOHHGFDC38CC,長潭段,.00,都市：住,,,,08920000
RPROMLOKOHHGFDC08CC,長潭段,.00,都市：住,,,,08920000
RPSPMLOKOHHGFDC28CC,源遠段,.00,都市：住,,,,11280009
RPXOMLOKOHHGFDC68CC,源遠段,.00,都市：住,,,,11280008
RPTPMLOKOHHGFDC38CC,福祿段,.00,都市：住,,,,05090000
RPWOMLOKOHHGFDC58CC,大德段,.00,都市：商,,,,05580000
RPUPMLOKOHHGFDC48CC,祥豐段,.00,都市：住,,,,05170000
RPUPMLOKOHHGFDC48CC,祥豐段,.00,都市：住,,,,05180000
RPUPMLOKOHHGFDC48CC,祥豐段,.00,都市：住,,,,05540000
RPQPMLOKOHHGFDC08CC,金華段,.00,都市：住,,,,04670000
RPOQMLOKOHHGFDC97CC,暖暖段東勢坑小段,.00,都市：住,,,,08620000
RPVPMLOKOHHGFDC58CC,港濱段,.00,都市：住,,,,10970000
RPWNMLPKOHHGFDC58CC,麥金段,.00,都市：住,,,,07510000
RPVOMLPKOHHGFDC58CC,光明段,.00,都市：住,,,,06650000
RPVNMLPKOHHGFDC48CC,長潭段,.00,都市：住,,,,08450003
RPXOMLPKOHHGFDC78CC,東明段,.00,都市：住,,,,01510000
RPOPMLPKOHHGFDC97CC,源遠段,.00,都市：住,,,,11410004
RPROMLPKOHHGFDC18CC,安國段,.00,都市：其他:部份學校用地(文中小)部份道路用地部份住宅區,,,,00010086
RPXNMLQKOHHGFDC78CC,深美段,.00,都市：住,,,,06560000
RPOOMLQKOHHGFDC97CC,德厚段,.00,都市：住,,,,03970000
RPOOMLQKOHHGFDC97CC,德厚段,.00,都市：住,,,,03980000
RPQOMLQKOHHGFDC18CC,麥金段,.00,都市：住,,,,04110000
RPUOMLPKOHHGFDC48CC,源遠段,.00,都市：住,,,,11280008
RPSOMLQKOHHGFDC38CC,港濱段,.00,都市：住,,,,07130000
RPSOMLQKOHHGFDC38CC,港濱段,.00,都市：商,,,,07140000
RPPOMLRKOHHGFDC18CC,調和段,.00,都市：住,,,,14130000
RPROMLQKOHHGFDC28CC,麥金段,.00,都市：住,,,,01980000
RPTOMLRKOHHGFDC58CC,五堵段五堵北小段,.00,都市：住,,,,11830000
RPPOMLKLOHHGFDC57CC,過港段,.00,都市：住,,,,00550000
RPQOMLKLOHHGFDC67CC,海濱段三小段,155.00,都市：商,,,,00410000
RPUOMLRKOHHGFDC68CC,過港段,.00,都市：住,,,,02200000
RPPPMLKLOHHGFDC67CC,德厚段,.00,都市：住,,,,08750005
RPPPMLKLOHHGFDC67CC,德厚段,.00,都市：住,,,,08750032
RPROMLRKOHHGFDC38CC,深美段,.00,都市：住,,,,06560000
RPQPMLKLOHHGFDC77CC,深美段,.00,都市：住,,,,08550000
RPQPMLKLOHHGFDC77CC,深美段,.00,都市：住,,,,08560000
RPOOMLLLOHHGFDC57CC,調和段,.00,都市：住,,,,13820021
RPRPMLKLOHHGFDC87CC,長潭段,.00,都市：住,,,,08920000
RPVOMLLLOHHGFDC28CC,福祿段,.00,都市：住,,,,01220000
RPSPMLKLOHHGFDC97CC,復興段一小段,18.00,都市：商,,,,00090000
RPVOMLLLOHHGFDC28CC,福祿段,.00,都市：其他:公園用地,,,,01220002
RPSPMLKLOHHGFDC97CC,復興段一小段,65.00,都市：商,,,,00100000
RPUOMLLLOHHGFDC18CC,調和段,.00,都市：住,,,,14130000
RPQOMLLLOHHGFDC77CC,長潭段,.00,都市：住,,,,08450003
RPSPMLLLOHHGFDC08CC,延年段,.00,都市：住,,,,11520000
RPSOMLLLOHHGFDC97CC,延年段,.00,都市：住,,,,05890000
RPTOMLMLOHHGFDC18CC,源遠段,.00,都市：住,,,,00060000
RPVOMLMLOHHGFDC38CC,長潭段,.00,都市：住,,,,08450003
RPXOMLMLOHHGFDC58CC,長潭段,.00,都市：住,,,,11560000
RPPOMLNLOHHGFDC87CC,安國段,.00,都市：住,,,,00080002
RPQOMLNLOHHGFDC97CC,觀音段,.00,都市：住,,,,02830000
RPWOMLNLOHHGFDC58CC,五堵段五堵北小段,.00,都市：住,,,,06310000
RPWOMLNLOHHGFDC58CC,五堵段五堵北小段,.00,都市：住,,,,06320000
RPSOMLNLOHHGFDC18CC,源遠段,.00,都市：住,,,,11280000
RPOPMLMLOHHGFDC77CC,八德段,.00,都市：住,,,,07500000
RPOPMLMLOHHGFDC77CC,八德段,.00,都市：其他:道路用地,,,,07510000
RPOPMLNLOHHGFDC87CC,源遠段,.00,都市：住,,,,11300000
RPPOMLOLOHHGFDC97CC,榮華段,.00,都市：住,,,,00490000
RPPOMLOLOHHGFDC97CC,榮華段,.00,都市：其他:道路用地,,,,00490001
RPTOMLNLOHHGFDC28CC,仁德段,.00,都市：住,,,,04930000
RPROMLOLOHHGFDC18CC,培德段,.00,都市：住,,,,04270000
RPUOMLNLOHHGFDC38CC,中正段三小段,.00,都市：住,,,,00260024
RPUOMLOLOHHGFDC48CC,德安段,.00,都市：住,,,,03710000
RPQOMLOLOHHGFDC08CC,工建段,.00,都市：住,,,,05770000
RPTOMLOLOHHGFDC38CC,調和段,.00,都市：住,,,,11250000
RPRPMLOLOHHGFDC28CC,湖海段,.00,都市：住,,,,07570000
RPQPMLOLOHHGFDC18CC,源遠段,.00,都市：住,,,,09280000
RPXOMLOLOHHGFDC78CC,調和段,.00,都市：住,,,,03850000
RPPPMLOLOHHGFDC08CC,觀音段,.00,都市：住,,,,01040000
RPSPMLOLOHHGFDC38CC,忠義段一小段,.00,都市：住,,,,00050005
RPSPMLOLOHHGFDC38CC,忠義段一小段,.00,都市：住,,,,00050010
RPSPMLOLOHHGFDC38CC,忠義段一小段,.00,都市：住,,,,00060016
RPTPMLOLOHHGFDC48CC,新店段一小段,.00,都市：住,,,,00220001
RPTPMLOLOHHGFDC48CC,新店段一小段,.00,都市：住,,,,00250000
RPTPMLOLOHHGFDC48CC,新店段一小段,.00,都市：住,,,,00300000
RPVPMLOLOHHGFDC68CC,忠義段六小段,.00,都市：住,,,,00230000
RPUPMLOLOHHGFDC58CC,福祿段,.00,都市：住,,,,06420000
RPUPMLOLOHHGFDC58CC,福祿段,.00,都市：住,,,,06420001
RPUPMLOLOHHGFDC58CC,福祿段,.00,都市：住,,,,06430000
RPUPMLOLOHHGFDC58CC,福祿段,.00,都市：住,,,,06440001
RPOQMLOLOHHGFDC08CC,武嶺段,.00,都市：住,,,,01780000
RPXPMLOLOHHGFDC88CC,代天府段,.00,都市：住,,,,02860000
RPQQMLOLOHHGFDC28CC,培德段,.00,都市：住,,,,07520000
RPWPMLOLOHHGFDC78CC,榮華段,.00,都市：商,,,,04800000
RPWPMLOLOHHGFDC78CC,榮華段,.00,都市：商,,,,04820000
RPSNMLRLOHHGFDC48CC,港灣段三小段,.00,都市：住,,,,00060007
RPRQMLOLOHHGFDC38CC,湖海段,.00,都市：其他:部份保護區部份道路用地部份住宅區(住二),,,,05260000
RPPOMLRLOHHGFDC28CC,大德段,.00,都市：住,,,,01840010
RPSQMLOLOHHGFDC48CC,調和段,41.90,都市：住,,,,13820021
RPROMLRLOHHGFDC48CC,西定段,.00,都市：住,,,,08050000
RPSQMLOLOHHGFDC48CC,調和段,.04,都市：住,,,,13820014
RPSQMLOLOHHGFDC48CC,調和段,.05,都市：住,,,,13820024
RPSQMLOLOHHGFDC48CC,調和段,.04,都市：住,,,,13820025
RPSQMLOLOHHGFDC48CC,調和段,.18,都市：住,,,,13820029
RPXOMLRLOHHGFDC09CC,德厚段,.00,都市：商,,,,01420003
RPWOMLRLOHHGFDC98CC,長潭段,.00,都市：住,,,,08920000
RPQPMLRLOHHGFDC48CC,德厚段,.00,都市：其他:道路用地,,,,02090002
RPQPMLRLOHHGFDC48CC,德厚段,.00,都市：商,,,,02090005
RPQPMLRLOHHGFDC48CC,德厚段,.00,都市：商,,,,02100004
RPQPMLRLOHHGFDC48CC,德厚段,.00,都市：其他:道路用地,,,,02100009
RPQPMLRLOHHGFDC48CC,德厚段,.00,都市：商,,,,02390001
RPSOMLRLOHHGFDC58CC,麥金段,.00,都市：住,,,,07470000
RPUPMLSLOHHGFDC98CC,深美段,.00,都市：住,,,,06780000
RPOQMLSLOHHGFDC48CC,調和段,.00,都市：住,,,,13410000
RPOOMLSLOHHGFDC28CC,培德段,.00,都市：住,,,,04270000
RPQPMLSLOHHGFDC58CC,西定段,.00,都市：住,,,,00990000
RPRQMLSLOHHGFDC78CC,暖暖段暖暖小段,.00,都市：住,,,,03020000
RPSQMLSLOHHGFDC88CC,安國段,.00,都市：住,,,,00630002
RPWOMLTLOHHGFDC56CC,新會段,.00,都市：住,,,,05080000
RPTQMLSLOHHGFDC98CC,調和段,.00,都市：住,,,,08360000
RPRPMLTLOHHGFDC78CC,調和段,.00,都市：其他:部份道路用地  部份住宅區(住二),,,,14150000
RPQPMLTLOHHGFDC68CC,新店段四小段,.00,都市：商,,,,02560000
RPSPMLTLOHHGFDC88CC,湖海段,.00,都市：住,,,,07570000
RPPPMLTLOHHGFDC58CC,延年段,.00,都市：住,,,,05890000
RPTPMLTLOHHGFDC98CC,新店段二小段,.00,都市：商,,,,00450000
RPVPMLTLOHHGFDC56CC,深澳坑段槓子寮小段,.00,都市：住,,,,03810005
RPUPMLTLOHHGFDC09CC,新會段,.00,都市：住,,,,02310000
RPUPMLTLOHHGFDC09CC,新會段,.00,都市：住,,,,02320000
RPVNMLLJPHHGFDC08CC,忠義段五小段,.00,都市：住,,,,00200011
RPVNMLLJPHHGFDC08CC,忠義段五小段,.00,都市：住,,,,00200012
RPVNMLLJPHHGFDC08CC,忠義段五小段,.00,都市：其他:道路用地,,,,00200031
RPVNMLLJPHHGFDC08CC,忠義段五小段,.00,都市：其他:道路用地,,,,00200032
RPVNMLLJPHHGFDC08CC,忠義段五小段,.00,都市：住,,,,00200068
RPOOMLLJPHHGFDC47CC,東信段二小段,.00,都市：商,,,,00060003
RPVTMLLJPHHGFDC68CC,長潭段,.00,都市：住,,,,08150000
RPOUMLLJPHHGFDC08CC,調和段,.00,都市：住,,,,14130000
RPWTMLLJPHHGFDC78CC,觀音段,.00,都市：其他:部份住宅區,,,,02470000
RPPUMLLJPHHGFDC18CC,調和段,.00,都市：住,,,,14130000
RPVTMLOJPHHGFDC98CC,調和段,.00,都市：住,,,,14130000
RPXTMLOJPHHGFDC56CC,觀音段,.00,都市：住,,,,04360000
RPPUMLOJPHHGFDC48CC,德育段,.00,都市：住,,,,03680000
RPTPMLOJPHHGFDC38CC,工建段,.00,都市：工,,,,05610000
RPORMLOJPHHGFDC08CC,東信段三小段,.00,都市：住,,,,00010035
RPWTMLOJPHHGFDC09CC,湖海段,.00,都市：商,,,,08530000
RPRUMLOJPHHGFDC68CC,長潭段,.00,都市：住,,,,07650000
RPTUMLOJPHHGFDC88CC,源遠段,.00,都市：住,,,,12550002
RPWNMLQJPHHGFDC68CC,調和段,.00,都市：住,,,,14130000
RPXNMLQJPHHGFDC78CC,大德段,.00,都市：住,,,,06800018
RPTOMLPJPHHGFDC38CC,西定段,94.00,都市：商,,,,06850000
RPPOMLQJPHHGFDC08CC,麥金段,.00,都市：住,,,,05350000
RPSOMLQJPHHGFDC38CC,長潭段,.00,都市：住,,,,08450003
RPOOMLQJPHHGFDC97CC,長潭段,.00,都市：住,,,,08450003
RPTPMLQJPHHGFDC58CC,忠義段五小段,.00,都市：住,,,,00250015
RPQOMLQJPHHGFDC18CC,調和段,.00,都市：住,,,,14150000
RPXPMLQJPHHGFDC98CC,武嶺段,.00,都市：其他:部份水溝用地   部份住宅區(住二),,,,05790000
RPOQMLQJPHHGFDC18CC,中濱段,.00,都市：住,,,,00120002
RPQQMLQJPHHGFDC38CC,深美段,.00,都市：住,,,,06560000
RPSQMLQJPHHGFDC58CC,源遠段,.00,都市：住,,,,11280008
RPRQMLQJPHHGFDC48CC,東信段四小段,.00,都市：住,,,,00330038
RPSQMLQJPHHGFDC78EC,調和段,.00,都市：住,,,,14130000
RPTRMLQJPHHGFDC78CC,調和段,.00,都市：住,,,,14130000
RPSRMLQJPHHGFDC68CC,南新段,.00,都市：住,,,,11540000
RPWNMLRJPHHGFDC78CC,調和段,.00,都市：住,,,,14140000
RPVQMLQJPHHGFDC88CC,調和段,.00,都市：住,,,,14140000
RPROMLRJPHHGFDC38CC,代天府段,.00,都市：住,,,,06430000
RPVNMLRJPHHGFDC68CC,調和段,.00,都市：住,,,,14140000
RPOOMLRJPHHGFDC08CC,大華段,.00,都市：住,,,,00500000
RPSOMLRJPHHGFDC48CC,長安段,.00,都市：住,,,,00680000
RPUOMLRJPHHGFDC68CC,調和段,.00,都市：住,,,,11250000
RPTOMLRJPHHGFDC58CC,觀音段,.00,都市：工,,,,00580000
RPWOMLRJPHHGFDC88CC,調和段,.00,都市：其他:部份道路用地部份住宅區(住二),,,,14150000
RPPOMLSJPHHGFDC28CC,暖暖段東勢坑小段,.00,都市：住,,,,09830000
RPXOMLRJPHHGFDC98CC,深澳段,.00,都市：住,,,,00910000
RPQOMLSJPHHGFDC38CC,湖海段,.00,都市：商,,,,08530000
RPXNMLSJPHHGFDC98CC,大德段,.00,都市：住,,,,06420000
RPWNMLSJPHHGFDC88CC,源遠段,.00,都市：住,,,,11280000
RPXOMLSJPHHGFDC09CC,調和段,.00,都市：住,,,,14130000
RPOPMLSJPHHGFDC28CC,調和段,.00,都市：住,,,,14130000
RPQNMLKKPHHGFDC57CC,深澳段,119.93,都市：住,,,,09160006
RPPPMLSJPHHGFDC38CC,調和段,.00,都市：住,,,,14130000
RPSPMLLKPHHGFDC08CC,深美段,.00,都市：住,,,,06560000
RPXPMLLKPHHGFDC58CC,光明段,.00,都市：住,,,,00730000
RPUPMLLKPHHGFDC28CC,長潭段,.00,都市：住,,,,08920000
RPVPMLLKPHHGFDC38CC,調和段,.00,都市：住,,,,14130000
RPQPMLLKPHHGFDC87CC,德安段,.00,都市：住,,,,05220000
RPRPMLLKPHHGFDC97CC,德安段,.00,都市：住,,,,03710000
RPWPMLLKPHHGFDC48CC,長潭段,.00,都市：住,,,,07650000
RPSOMLLKPHHGFDC97CC,安國段,28.26,都市：住,,,,00620000
RPUOMLLKPHHGFDC38EC,東信段一小段,.00,都市：住,,,,00370007
RPQOMLMKPHHGFDC87CC,安國段,.00,都市：住,,,,00620001
RPQQMLMKPHHGFDC08CC,明德段,25.12,都市：住,,,,06550000
RPTPMLNKPHHGFDC38CC,港濱段,.00,都市：住,,,,04030000
RPOOMLOKPHHGFDC87CC,調和段,.00,都市：住,,,,13820021
RPROMLOKPHHGFDC18CC,福祿段,.00,都市：其他:部份道路用地  部份住宅區,,,,04990013
RPPOMLOKPHHGFDC97CC,和平段,.00,都市：住,,,,03610000
RPQOMLNKPHHGFDC97CC,大華段,29.75,都市：住,,,,03320000
RPTOMLOKPHHGFDC38CC,港濱段,.00,都市：住,,,,03510000
RPUPMLNKPHHGFDC48CC,長潭段,.00,都市：住,,,,08920000
RPVOMLOKPHHGFDC58CC,武嶺段,.00,都市：住,,,,05200000
RPSOMLOKPHHGFDC28CC,長潭段,.00,都市：住,,,,08450003
RPWOMLOKPHHGFDC68CC,中正段三小段,.00,都市：住,,,,00260024
RPOQMLPKPHHGFDC18CC,港灣段一小段,.00,都市：商,,,,00040000
RPUPMLOKPHHGFDC58CC,源遠段,.00,都市：住,,,,11280000
RPOQMLPKPHHGFDC18CC,港灣段一小段,.00,都市：商,,,,00050006
RPUQMLPKPHHGFDC78CC,長潭段,.00,都市：住,,,,04380000
RPQPMLOKPHHGFDC18CC,源遠段,.00,都市：住,,,,05940000
RPPQMLPKPHHGFDC28CC,調和段,.00,都市：住,,,,11250000
RPRQMLPKPHHGFDC48CC,延平段,107.00,都市：商,,,,07970000
RPRQMLPKPHHGFDC48CC,延平段,14.00,都市：商,,,,07980000
RPTQMLPKPHHGFDC68CC,福祿段,.00,都市：住,,,,07680000
RPTQMLPKPHHGFDC68CC,福祿段,.00,都市：其他:道路用地,,,,07680001
RPOPMLOKPHHGFDC97CC,安國段,.00,都市：住,,,,00020006
RPXNMLSKPHHGFDC09CC,東信段二小段,.00,都市：商,,,,00170039
RPXNMLSKPHHGFDC09CC,東信段二小段,.00,都市：商,,,,00180000
RPXNMLSKPHHGFDC09CC,東信段二小段,.00,都市：商,,,,00180001
RPXNMLSKPHHGFDC09CC,東信段二小段,.00,都市：商,,,,00180011
RPXNMLSKPHHGFDC09CC,東信段二小段,.00,都市：商,,,,00180012
RPWOMLSKPHHGFDC09CC,工建段,.00,都市：住,,,,05120000
RPXOMLTKPHHGFDC66CC,調和段,.00,都市：住,,,,10050000
RPUNMLTKPHHGFDC88CC,調和段,.00,都市：住,,,,11250000
RPOPMLTKPHHGFDC48CC,新城段,.00,都市：住,,,,08380000
RPVOMLTKPHHGFDC09CC,深澳段,.00,都市：住,,,,00760000
RPPPMLTKPHHGFDC58CC,福祿段,.00,都市：住,,,,05090000
RPQOMLTKPHHGFDC58CC,暖暖段東勢坑小段,.00,都市：住,,,,09830000
RPWOMLTKPHHGFDC56CC,五堵段五堵北小段,.00,都市：住,,,,06350000
RPWOMLKLPHHGFDC38CC,麥金段,.00,都市：住,,,,06130000
RPXOMLKLPHHGFDC48CC,延年段,.00,都市：住,,,,13380000
RPVNMLKLPHHGFDC18CC,日新段三小段,13.25,都市：商,,,,00060014
RPVNMLKLPHHGFDC18CC,日新段三小段,2.84,都市：商,,,,00060025
RPPPMLKLPHHGFDC77CC,新中山段,.00,都市：其他:部份商業區,,,,01290000
RPWNMLLLPHHGFDC38CC,五堵段五堵北小段,.00,都市：住,,,,09870000
RPTOMLLLPHHGFDC18CC,長潭段,.00,都市：住,,,,08920000
RPQPMLLLPHHGFDC18EC,新會段,23.77,都市：住,,,,00480000
RPVNMLMLPHHGFDC38CC,代天府段,.00,都市：住,,,,08370000
RPVNMLMLPHHGFDC38CC,代天府段,.00,都市：住,,,,08370006
RPUNMLLLPHHGFDC18CC,深美段,.00,都市：住,,,,06560000
RPOOMLMLPHHGFDC77CC,東信段四小段,.00,都市：住,,,,00260004
RPPOMLMLPHHGFDC87CC,深澳段,.00,都市：住,,,,10170000
RPWNMLMLPHHGFDC48CC,溪頭段,.00,都市：住,,,,05470000
RPVNMLLLPHHGFDC28CC,大華段,.00,都市：住,,,,16770000
RPQOMLMLPHHGFDC97CC,德厚段,.00,都市：商,,,,02900000
RPSOMLMLPHHGFDC18CC,深澳段,.00,都市：住,,,,00760000
RPVOMLMLPHHGFDC48CC,新城段,.00,都市：住,,,,08380000
RPSOMLPLPHHGFDC48CC,調和段,.00,都市：住,,,,13820021
RPUOMLMLPHHGFDC38CC,長潭段,.00,都市：住,,,,07650000
RPOOMLPLPHHGFDC08CC,港濱段,.00,都市：住,,,,12130000
RPXOMLPLPHHGFDC98CC,調和段,.00,都市：住,,,,14130000
RPTOMLPLPHHGFDC58CC,福祿段,.00,都市：住,,,,05030000
RPQPMLPLPHHGFDC38CC,福祿段,.00,都市：住,,,,01180000
RPOPMLPLPHHGFDC18CC,仁德段,.00,都市：住,,,,07810000
RPVPMLPLPHHGFDC88CC,海濱段三小段,.00,都市：商,,,,00420000
RPTNMLRLPHHGFDC68CC,德安段,.00,都市：住,,,,05270000
RPXOMLRLPHHGFDC56CC,德育段,.00,都市：住,,,,05470000
RPXOMLRLPHHGFDC56CC,德育段,.00,都市：住,,,,05490000
RPOPMLRLPHHGFDC38CC,港濱段,.00,都市：住,,,,04850000
RPQPMLRLPHHGFDC58CC,情人湖段,.00,都市：住,,,,01350000
RPQOMLRLPHHGFDC48CC,成功段,.00,都市：住,,,,11790000
RPTOMLRLPHHGFDC78CC,新會段,.00,都市：住,,,,00480000
RPSPMLRLPHHGFDC78CC,福祿段,.00,都市：住,,,,00080009
RPRPMLRLPHHGFDC68CC,祥豐段,.00,都市：住,,,,08540000
RPSPMLRLPHHGFDC78CC,福祿段,.00,都市：住,,,,00790000
RPTOMLSLPHHGFDC88CC,安國段,.00,都市：住,,,,00010042
RPQPMLSLPHHGFDC68CC,深澳段,.00,都市：住,,,,01020000
RPVPMLSLPHHGFDC56CC,延年段,.00,都市：住,,,,11050000
RPWPMLSLPHHGFDC66CC,代天府段,.00,都市：住,,,,08370000
RPOOMLTLPHHGFDC48CC,大華段,.00,都市：住,,,,04250000
RPVPMLSLPHHGFDC56CC,延年段,.00,都市：其他:道路用地,,,,11050001
RPWPMLSLPHHGFDC66CC,代天府段,.00,都市：其他:道路用地,,,,08370006
RPXPMLSLPHHGFDC76CC,深澳段,.00,都市：住,,,,10170000
RPTPMLSLPHHGFDC98CC,工建段,.00,都市：住,,,,05180026
RPPNMLKMPHHGFDC67CC,中正段一小段,33.80,都市：商,,,,00020003
RPVNMLLJQHHGFDC18CC,安國段,.00,都市：住,,,,00020006
RPSOMLLJQHHGFDC97CC,長潭段,.00,都市：住,,,,08450003
RPVPMLLJQHHGFDC38CC,調和段,.00,都市：住,,,,11250000
RPOPMLLJQHHGFDC67CC,長潭段,.00,都市：住,,,,08920000
RPPOMLMJQHHGFDC77CC,調和段,.00,都市：住,,,,11250000
RPSQMLLJQHHGFDC18CC,工建段,.00,都市：住,,,,05120000
RPXPMLLJQHHGFDC58CC,東明段,.00,都市：商,,,,02070000
RPROMLMJQHHGFDC97CC,調和段,.00,都市：其他:部份道路用地   部份住宅區(住二),,,,14150000
RPTOMLMJQHHGFDC18CC,長潭段,.00,都市：住,,,,09730004
RPTQMLLJQHHGFDC28CC,工建段,.00,都市：其他:部份住宅區(住四)  部份保護區,,,,05190000
RPTOMLMJQHHGFDC18CC,長潭段,.00,都市：其他:道路用地,,,,09730014
RPTOMLMJQHHGFDC18CC,長潭段,.00,都市：其他:道路用地,,,,09740000
RPTOMLMJQHHGFDC18CC,長潭段,.00,都市：住,,,,09740002
RPTOMLMJQHHGFDC18CC,長潭段,.00,都市：住,,,,09740013
RPTOMLMJQHHGFDC18CC,長潭段,.00,都市：其他:道路用地,,,,09740014
RPTOMLMJQHHGFDC18CC,長潭段,.00,都市：住,,,,09750016
RPQOMLMJQHHGFDC87CC,調和段,.00,都市：住,,,,11250000
RPUOMLMJQHHGFDC28CC,延年段,.00,都市：住,,,,05890000
RPSOMLMJQHHGFDC08CC,祥豐段,.00,都市：住,,,,10800002
RPWPMLMJQHHGFDC58CC,調和段,.00,都市：住,,,,14130000
RPOOMLNJQHHGFDC77CC,深澳段,.00,都市：住,,,,00760000
RPTPMLOJQHHGFDC48CC,安國段,.00,都市：住,,,,00580000
RPPPMLOJQHHGFDC08CC,新店段二小段,.00,都市：商,,,,00420000
RPQPMLOJQHHGFDC18CC,暖暖段暖暖小段,.00,都市：住,,,,04430000
RPTRMLSJQHHGFDC09CC,源遠段,17.02,都市：住,,,,13710000
RPURMLSJQHHGFDC56CC,德厚段,.00,都市：住,,,,07220000
RPSPMLOJQHHGFDC38CC,調和段,.00,都市：其他:部份道路用地   部份住宅區(住二),,,,14150000
RPVRMLSJQHHGFDC66CC,中正段二小段,.00,都市：商,,,,00190024
RPWRMLSJQHHGFDC76CC,中正段二小段,.00,都市：住,,,,00190025
RPXRMLSJQHHGFDC86CC,延年段,.00,都市：住,,,,13490000
RPOSMLSJQHHGFDC68CC,西定段,.00,都市：其他:部份道路用地   部份住宅區,,,,03910008
RPPSMLSJQHHGFDC78CC,觀音段,.00,都市：其他:市場用地,,,,00720000
RPUSMLSJQHHGFDC66CC,深澳段,.00,都市：住,,,,10170000
RPSSMLSJQHHGFDC09CC,暖暖段東勢坑小段,.00,非都市：森林區 ; 非都市編定：丙種建築用地,,,,05330000
RPQOMLTJQHHGFDC58CC,源遠段,.00,都市：住,,,,00420000
RPXSMLSJQHHGFDC96CC,暖暖段東勢坑小段,.00,都市：住,,,,10080000
RPXPMLKKQHHGFDC58CC,代天府段,.00,都市：住,,,,06030000
RPRSMLSJQHHGFDC98CC,長潭段,.00,都市：住,,,,08920000
RPROMLTJQHHGFDC68CC,武嶺段,.00,都市：住,,,,09530000
RPRQMLKKQHHGFDC08CC,復興段二小段,.00,都市：其他:部份商業區(商四)   部份道路用地,,,,01960000
RPQQMLKKQHHGFDC97CC,源遠段,.00,都市：住,,,,11250000
