﻿編號,屋齡,建物移轉面積平方公尺,主要用途,主要建材,建築完成日期,總層數,建物分層
The serial number,room age,building shifting area square meter,the main use,main building materials,construction completes the date,total layer,building lamination
RPXNMLLKNHHGFDC18CC,29,84.04,住家用,鋼筋混凝土造,82年9月27日,七層,
RPXNMLLKNHHGFDC18CC,29,10.18,共用部份,鋼筋混凝土造,82年9月27日,七層,
RPXNMLLKNHHGFDC18CC,29,5.15,共用部份,鋼筋混凝土造,82年9月27日,七層,
RPXOMLLKNHHGFDC28CC,42,72.41,國民住宅,鋼筋混凝土造,69年7月29日,五層,
RPVNMLLKNHHGFDC97CC,28,79.99,住家用,鋼筋混凝土造,82年11月24日,四層,
RPVNMLLKNHHGFDC97CC,28,5.94,共用部份,鋼筋混凝土造,82年11月24日,四層,
RPQPMLLKNHHGFDC67CC,25,223.47,辦公室,鋼筋混凝土造,86年3月11日,十二層,
RPOPMLLKNHHGFDC47CC,32,100.37,住家用,鋼筋混凝土造,79年2月26日,五層,
RPOPMLLKNHHGFDC47CC,32,8.18,共用部份,鋼筋混凝土造,79年2月26日,五層,
RPSOMLMKNHHGFDC87CC,36,99.55,住商用,加強磚造,75年7月2日,二層,
RPTOMLMKNHHGFDC97CC,24,32.49,住家用,鋼筋混凝土造,86年11月21日,十八層,
RPTOMLMKNHHGFDC97CC,24,7.77,共用部份,鋼筋混凝土造,86年11月21日,十八層,
RPTOMLMKNHHGFDC97CC,24,2.98,共用部份,鋼筋混凝土造,86年11月21日,二十一層,
RPTPMLLKNHHGFDC97CC,27,86.10,住宅（夾層）儲藏室,鋼筋混凝土造,84年6月10日,四層,
RPTPMLLKNHHGFDC97CC,27,5.25,共用部份,鋼筋混凝土造,84年6月10日,四層,
RPTPMLLKNHHGFDC97CC,27,1.24,共用部份,鋼筋混凝土造,84年6月10日,五層,
RPUOMLMKNHHGFDC08CC,25,96.26,住家用,鋼筋混凝土造,86年8月13日,七層,
RPUOMLMKNHHGFDC08CC,25,15.39,共用部份,鋼筋混凝土造,86年8月13日,七層,
RPWOMLMKNHHGFDC28CC,44,78.60,住家用,鋼筋混凝土造,67年8月1日,五層,
RPOOMLNKNHHGFDC57CC,13,94.64,住家用,鋼筋混凝土造,98年6月24日,十四層,
RPOOMLNKNHHGFDC57CC,13,16.80,共用部份,鋼筋混凝土造,98年6月24日,十四層,
RPOOMLNKNHHGFDC57CC,13,23.75,共用部份,鋼筋混凝土造,98年6月24日,十四層,
RPVOMLMKNHHGFDC18CC,23,65.98,住家用,鋼筋混凝土造,88年1月14日,十六層,
RPPOMLNKNHHGFDC67CC,35,91.91,住家用,鋼筋混凝土造,76年3月23日,五層,
RPVOMLMKNHHGFDC18CC,23,13.92,共用部份,鋼筋混凝土造,88年1月14日,十六層,
RPVOMLMKNHHGFDC18CC,23,.41,共用部份,鋼筋混凝土造,88年1月14日,十六層,
RPVOMLMKNHHGFDC18CC,23,2.07,共用部份,鋼筋混凝土造,88年1月14日,十六層,
RPQOMLNKNHHGFDC77CC,27,136.04,住家用,鋼筋混凝土造,84年3月22日,七層,
RPQOMLNKNHHGFDC77CC,27,19.13,共用部份,鋼筋混凝土造,84年3月22日,七層,
RPVOMLMKNHHGFDC18CC,23,1.62,共用部份,鋼筋混凝土造,88年1月14日,十六層,
RPVOMLMKNHHGFDC18CC,23,.79,共用部份,鋼筋混凝土造,88年1月14日,十六層,
RPWOMLNKNHHGFDC38CC,46,63.09,住家用,鋼筋混凝土加強磚造,65年5月6日,五層,
RPRPMLNKNHHGFDC97CC,23,61.32,辦公室,鋼筋混凝土造,88年11月4日,九層,
RPRPMLNKNHHGFDC97CC,23,22.36,共用部份,鋼筋混凝土造,88年11月4日,九層,
RPOQMLNKNHHGFDC77CC,26,40.74,住家用,鋼筋混凝土造,85年5月8日,十六層,
RPTQMLNKNHHGFDC28CC,41,111.83,住家用,鋼筋混凝土造,70年9月8日,五層,
RPRQMLNKNHHGFDC08CC,41,76.25,住家用,鋼筋混凝土造,70年1月6日,五層,
RPWPMLNKNHHGFDC48CC,26,99.57,住家用,鋼筋混凝土造,85年2月17日,十層,
RPVPMLNKNHHGFDC48DC,22,57.80,商業用,鋼筋混凝土造,88年12月31日,十三層,
RPVPMLNKNHHGFDC48DC,22,11.60,共用部份,鋼筋混凝土造,88年12月31日,十四層,
RPVPMLNKNHHGFDC48DC,22,12.23,共用部份,鋼筋混凝土造,88年12月31日,十三層,
RPPQMLNKNHHGFDC87CC,29,122.97,住家用,鋼筋混凝土造,81年12月16日,十二層,
RPPQMLNKNHHGFDC87CC,29,23.38,共用部份,鋼筋混凝土造,81年12月16日,十二層,
RPPQMLNKNHHGFDC87CC,29,3.35,共用部份,鋼筋混凝土造,81年12月16日,十八層,
RPUPMLNKNHHGFDC28CC,25,30.89,住家用,鋼筋混凝土造,85年11月29日,二十三層,
RPSQMLNKNHHGFDC18CC,39,87.68,住家用,鋼筋混凝土造,72年6月8日,五層,
RPSQMLNKNHHGFDC18CC,39,1.28,共用部份,鋼筋混凝土造,72年6月8日,五層,
RPRNMLOKNHHGFDC87CC,37,81.53,住家用,鋼筋混凝土造,74年7月29日,五層,
RPSNMLOKNHHGFDC97CC,25,31.14,住家用,鋼筋混凝土造,85年11月29日,二十三層,
RPUNMLRKNHHGFDC48CC,4,64.75,集合住宅,鋼筋混凝土造,106年11月9日,十層,
RPUNMLRKNHHGFDC48CC,4,32.92,本共有部分之項目有防空避難室兼停車空間、台電配電室、梯廳、排煙室、昇降機、信箱區、公共陽台、泳池、泳池水箱、安全梯、水箱、機房、雨水機房、消防機房、供行動不便者使用樓梯、發電機室、垃圾儲藏室、電信機房、停車空間、供管委會使用空間、供行動不便者使用電梯、門廊、男廁、女廁、梯間、消防水箱及陽台等二十七項,鋼筋混凝土造,106年11月9日,十層,
RPXOMLQKNHHGFDC78CC,45,52.53,住家用,鋼筋混凝土加強磚造,66年7月15日,六層,
RPPPMLQKNHHGFDC08CC,5,55.06,集合住宅,鋼筋混凝土造,106年11月9日,十層,
RPPPMLQKNHHGFDC08CC,5,28.03,本共有部分之項目有防空避難室兼停車空間、台電配電室、梯廳、排煙室、昇降機、信箱區、公共陽台、泳池、泳池水箱、安全梯、水箱、機房、雨水機房、消防機房、供行動不便者使用樓梯、發電機室、垃圾儲藏室、電信機房、停車空間、供管委會使用空間、供行動不便者使用電梯、門廊、男廁、女廁、梯間、消防水箱及陽台等二十七項,鋼筋混凝土造,106年11月9日,十層,
RPUOMLRKNHHGFDC58CC,1,60.79,集合住宅,鋼筋混凝土造,110年10月14日,九層,
RPUOMLRKNHHGFDC58CC,1,34.00,本建物共有部分之項目有行動不便者電梯、管委會使用空間、樓電梯間、梯廳、中控警衛室、大廳、樓梯間、機械室、水箱、防空避難室兼停車空間、停車空間、走廊、配電室、警衛室、消防泵浦室、汽車坡道、機車停車空間、發電機室、電信室、防空避難室、車道、垃圾儲藏室、機房等共２３項。,鋼筋混凝土造,110年10月14日,九層,
RPQOMLRKNHHGFDC18CC,41,69.86,住家用,鋼筋混凝土造,70年8月25日,五層,
RPTOMLRKNHHGFDC48CC,32,110.81,住家用,鋼筋混凝土造,78年11月23日,五層,
RPTOMLRKNHHGFDC48CC,32,10.58,共用部份,鋼筋混凝土造,78年11月23日,五層,
RPXOMLRKNHHGFDC88CC,15,51.73,住家用,鋼筋混凝土造,96年1月31日,八層,
RPXOMLRKNHHGFDC88CC,15,39.40,共用部份,鋼筋混凝土造,96年1月31日,八層,
RPXOMLRKNHHGFDC88CC,15,17.08,共用部份,鋼筋混凝土造,96年1月31日,八層,
RPXOMLRKNHHGFDC88CC,15,7.14,共用部份,鋼筋混凝土造,96年1月31日,八層,
RPVOMLRKNHHGFDC68CC,33,95.15,住家用,鋼筋混凝土造,78年1月27日,五層,
RPVOMLRKNHHGFDC68CC,33,6.72,共用部份,鋼筋混凝土造,78年1月27日,五層,
RPXPMLSKNHHGFDC09CC,26,64.73,住家用,鋼筋混凝土造,85年5月3日,五層,
RPXPMLSKNHHGFDC09CC,26,5.87,共用部份,鋼筋混凝土造,85年5月3日,五層,
RPXPMLSKNHHGFDC09CC,26,8.03,共用部份,鋼筋混凝土造,85年5月3日,五層,
RPQQMLSKNHHGFDC48CC,26,76.23,住家用,鋼筋混凝土造,84年12月18日,十一層,
RPQQMLSKNHHGFDC48CC,26,1.97,共用部份,鋼筋混凝土造,84年12月18日,十一層,
RPQQMLSKNHHGFDC48CC,26,23.61,共用部份,鋼筋混凝土造,84年12月18日,十一層,
RPQQMLSKNHHGFDC48CC,26,2.12,共用部份,鋼筋混凝土造,84年12月18日,十一層,
RPOPMLRKNHHGFDC08CC,53,46.86,住家用,加強磚造,58年1月6日,二層,
RPTQMLSKNHHGFDC78CC,39,92.88,住家用,鋼筋混凝土造,72年2月8日,五層,
RPWNMLTKNHHGFDC88CC,34,273.56,工業用,鋼筋混凝土、鋼架,77年5月20日,一層,
RPOOMLTKNHHGFDC18CC,41,80.19,住家用,鋼筋混凝土造,70年7月18日,六層,
RPXNMLKLNHHGFDC18CC,42,55.83,住家用,鋼筋混凝土造,68年12月21日,四層,
RPPOMLTKNHHGFDC28CC,27,93.61,住家用,鋼筋混凝土造,84年5月4日,十七層,
RPPOMLTKNHHGFDC28CC,27,21.23,共用部份,鋼筋混凝土造,84年5月4日,十七層,
RPVOMLNLNHHGFDC38CC,25,31.14,住家用,鋼筋混凝土造,85年11月29日,二十三層,
RPWNMLKLNHHGFDC08CC,36,93.48,住家用,鋼筋混凝土造,74年11月26日,五層,
RPOOMLNLNHHGFDC67CC,25,32.55,住家用,鋼筋混凝土造,85年11月29日,二十三層,
RPXOMLNLNHHGFDC58CC,40,91.55,住家用,鋼筋混凝土造,71年5月24日,五層,
RPWOMLNLNHHGFDC48CC,40,91.55,住家用,鋼筋混凝土造,71年5月24日,五層,
RPPPMLNLNHHGFDC87CC,49,81.76,住家用,鋼筋混凝土造,62年8月21日,四層,
RPQPMLNLNHHGFDC97CC,27,39.88,住家用,鋼筋混凝土造,84年1月27日,十層,
RPOPMLNLNHHGFDC77CC,25,24.89,住家用,鋼筋混凝土造,85年11月29日,二十三層,
RPOPMLNLNHHGFDC77CC,25,4.19,共用部份,鋼筋混凝土造,85年11月29日,二十三層,
RPOPMLNLNHHGFDC77CC,25,1.44,共用部份,鋼筋混凝土造,85年11月29日,二十三層,
RPOPMLNLNHHGFDC77CC,25,1.93,共用部份,鋼筋混凝土造,85年11月29日,二十三層,
RPTPMLNLNHHGFDC28CC,23,134.68,住家用,鋼筋混凝土造,88年1月22日,五層,
RPRPMLNLNHHGFDC08CC,42,63.31,商業用,鋼筋混凝土造,69年10月14日,四層,
RPWPMLNLNHHGFDC58CC,1,99.47,集合住宅,鋼筋混凝土造,110年10月14日,九層,
RPXPMLNLNHHGFDC68CC,26,144.98,住家用,鋼筋混凝土造,85年3月9日,十四層,
RPQQMLNLNHHGFDC08CC,28,53.56,住家用,鋼筋混凝土造,83年6月21日,四層,
RPOQMLNLNHHGFDC87CC,23,32.14,住家用,鋼筋混凝土造,88年1月14日,十六層,
RPSQMLNLNHHGFDC28CC,46,73.16,住家用,鋼筋混凝土加強磚造,65年10月12日,五層,
RPVNMLPLNHHGFDC48CC,6,49.55,集合住宅,鋼筋混凝土造,105年1月24日,二十二層,
RPVNMLPLNHHGFDC48CC,6,.48,本共有部分之項目為受水池、安全梯、受水池機房、社區水箱、迴廊等共５項。,鋼筋混凝土造,105年1月24日,二十三層,
RPVNMLPLNHHGFDC48CC,6,20.25,本共有部分之項目為排煙室、特別安全梯、緊急昇降機、機房、樓梯間、消防水箱、水箱、電梯機房、消防中繼機房、陽台、中繼室、中繼自來水箱、雨遮、中繼消防水箱、消防泵浦室、機電空間、安全梯  、發電機室、電信室、台電配電場所、大廳、行動不便者電梯、電梯  、１Ｆ門廳、２Ｆ門廳、３Ｆ門廳、台電管道間、消防幫浦室、泵浦  、走道、停車空間、配電箱、資源回收區、４Ｆ門廳、廚餘冷藏室、  不可回收垃圾區、緊急升降機、梯廳、電信機房、５Ｆ門廳、防空避難室兼停車空間、台電專用管道、雨水回收區、雨水收集槽、雨水回收及噴灌機房、６Ｆ門廳、游泳池及中庭景觀池機房、消防幫浦機房  、電信機房室、垃圾處理空間、７Ｆ門廳、機車位、社區中心、防災中心、水景機房等共５５項。,鋼筋混凝土造,105年1月24日,二十五層,
RPOOMLPLNHHGFDC87CC,45,65.40,住家用,鋼筋混凝土加強磚造,66年10月19日,四層,
RPOPMLOLNHHGFDC87CC,27,30.44,住家用,鋼筋混凝土造,84年3月16日,七層,
RPOPMLOLNHHGFDC87CC,27,4.43,共用部份,鋼筋混凝土造,84年3月16日,七層,
RPROMLPLNHHGFDC18CC,27,124.71,住家用,鋼筋混凝土造,84年3月22日,七層,
RPROMLPLNHHGFDC18CC,27,17.39,共用部份,鋼筋混凝土造,84年3月22日,七層,
RPVOMLPLNHHGFDC58CC,23,57.92,住家用,鋼筋混凝土造,88年1月14日,十六層,
RPVOMLPLNHHGFDC58CC,23,8.32,共用部份,鋼筋混凝土造,88年1月14日,十六層,
RPVOMLPLNHHGFDC58CC,23,2.33,共用部份,鋼筋混凝土造,88年1月14日,十六層,
RPVOMLPLNHHGFDC58CC,23,34.99,共用部份,鋼筋混凝土造,88年1月14日,十六層,
RPSOMLPLNHHGFDC28CC,24,95.73,住家用,鋼筋混凝土造,87年1月12日,十二層,
RPVOMLPLNHHGFDC58CC,23,1.41,共用部份,鋼筋混凝土造,88年1月14日,十六層,
RPSOMLPLNHHGFDC28CC,24,28.74,共用部份,鋼筋混凝土造,87年1月12日,十二層,
RPVOMLPLNHHGFDC58CC,23,.69,共用部份,鋼筋混凝土造,88年1月14日,十六層,
RPROMLQLNHHGFDC28CC,19,208.68,住家用,鋼筋混凝土造,92年3月13日,四層,
RPQOMLKMNHHGFDC67CC,27,62.48,住家用,鋼筋混凝土造,84年9月15日,六層,
RPQOMLKMNHHGFDC67CC,27,37.84,共用部份,鋼筋混凝土造,84年9月15日,六層,
RPUOMLPLNHHGFDC48CC,31,82.25,住家用,鋼筋混凝土造,80年5月5日,四層,
RPQOMLQLNHHGFDC18CC,1,67.97,集合住宅,鋼筋混凝土造,110年10月14日,九層,
RPQOMLQLNHHGFDC18CC,1,35.38,本建物共有部分之項目有行動不便者電梯、管委會使用空間、樓電梯間、梯廳、中控警衛室、大廳、樓梯間、機械室、水箱、防空避難室兼停車空間、停車空間、走廊、配電室、警衛室、消防泵浦室、汽車坡道、機車停車空間、發電機室、電信室、防空避難室、車道、垃圾儲藏室、機房等共２３項。,鋼筋混凝土造,110年10月14日,九層,
RPROMLKMNHHGFDC77CC,34,61.78,住家用,鋼筋混凝土造,77年7月28日,五層,
RPTOMLKMNHHGFDC97CC,26,70.79,住家用,鋼筋混凝土造,85年2月17日,十層,
RPTOMLKMNHHGFDC97CC,26,13.76,共用部份,鋼筋混凝土造,85年2月17日,十層,
RPTOMLKMNHHGFDC97CC,26,28.71,共用部份,鋼筋混凝土造,85年2月17日,十層,
RPSOMLKMNHHGFDC87CC,26,56.31,住家用,鋼筋混凝土造,85年2月17日,十層,
RPSOMLKMNHHGFDC87CC,26,6.66,共用部份,鋼筋混凝土造,85年2月17日,十層,
RPSOMLKMNHHGFDC87CC,26,38.62,共用部份,鋼筋混凝土造,85年2月17日,十層,
RPVOMLLMNHHGFDC28CC,3,60.01,集合住宅,鋼筋混凝土造,108年1月2日,十五層,
RPVOMLLMNHHGFDC28CC,3,28.85,本共有部分之項目有公共服務空間、戶外安全梯、儲藏室、排煙室、梯廳、無障礙樓梯、管委會使用空間、雨遮、陽台、服務台、車道、排煙室兼梯廳、（排風室）機電設備空間、機電設備空間（發電機室）、防空避難室兼停車空間、（進風室）機電設備空間、垃圾車停車位、垃圾集中場、機械室、（電信室）機電設備空間、Ｂ棟水箱、機電設備空間（消防幫浦室）、Ａ棟水箱、停車空間、樓電梯間、消防水池、水箱共二十七項。,鋼筋混凝土造,108年1月2日,十五層,
RPUNMLLJOHHGFDC87CC,32,92.74,住家用,鋼筋混凝土造,79年5月23日,五層,
RPUNMLLJOHHGFDC87CC,32,6.30,共用部份,鋼筋混凝土造,79年5月23日,五層,
RPQPMLLMNHHGFDC87CC,3,60.01,集合住宅,鋼筋混凝土造,108年1月2日,十五層,
RPQPMLLMNHHGFDC87CC,3,28.85,本共有部分之項目有公共服務空間、戶外安全梯、儲藏室、排煙室、梯廳、無障礙樓梯、管委會使用空間、雨遮、陽台、服務台、車道、排煙室兼梯廳、（排風室）機電設備空間、機電設備空間（發電機室）、防空避難室兼停車空間、（進風室）機電設備空間、垃圾車停車位、垃圾集中場、機械室、（電信室）機電設備空間、Ｂ棟水箱、機電設備空間（消防幫浦室）、Ａ棟水箱、停車空間、樓電梯間、消防水池、水箱共二十七項。,鋼筋混凝土造,108年1月2日,十五層,
RPUOMLKMNHHGFDC08CC,39,98.04,住家用,鋼筋混凝土造,71年12月20日,五層,
RPSPMLKMNHHGFDC97CC,4,60.20,集合住宅,鋼筋混凝土造,107年10月9日,七層,
RPSPMLKMNHHGFDC97CC,4,32.30,本建物共有部分之項目有樓梯間‧機房‧電梯機房‧水箱‧泳池機房‧台度‧雨水回收機房‧緊急升降機‧排煙室‧安全梯‧污水機房‧通風機房‧消防泵浦‧消防水池‧游泳池‧台電配電場所‧機車車道‧管委會空間‧防空避難室‧電錶牆‧電信室‧管理員室‧裝卸空間‧垃圾儲藏室‧發電機室‧公共服務空間‧門廳‧梯廳‧行動不便樓梯‧停車位等共３０項。,鋼筋混凝土造,107年10月9日,七層,
RPRRMLLJOHHGFDC97CC,42,52.11,住家用,鋼筋混凝土造,69年6月11日,四層,
RPQOMLMJOHHGFDC67CC,57,34.45,住家用,加強磚造,54年7月1日,二層,
RPOOMLLJOHHGFDC37CC,25,21.30,住家用,鋼筋混凝土造,85年11月29日,二十三層,
RPOOMLLJOHHGFDC37CC,25,2.81,共用部份,鋼筋混凝土造,85年11月29日,二十三層,
RPOOMLLJOHHGFDC37CC,25,1.22,共用部份,鋼筋混凝土造,85年11月29日,二十三層,
RPOOMLLJOHHGFDC37CC,25,1.70,共用部份,鋼筋混凝土造,85年11月29日,二十三層,
RPPQMLQJOHHGFDC18CC,,66.66,住家用,加強磚造,,二層,
RPOPMLMJOHHGFDC57CC,42,61.64,住家用,鋼筋混凝土造,69年8月13日,五層,
RPXOMLMJOHHGFDC38CC,39,91.23,,鋼筋混凝土造,72年7月15日,五層,
RPQQMLQJOHHGFDC28CC,1,69.42,集合住宅,鋼筋混凝土造,110年10月14日,九層,
RPQQMLQJOHHGFDC28CC,1,36.06,本建物共有部分之項目有行動不便者電梯、管委會使用空間、樓電梯間、梯廳、中控警衛室、大廳、樓梯間、機械室、水箱、防空避難室兼停車空間、停車空間、走廊、配電室、警衛室、消防泵浦室、汽車坡道、機車停車空間、發電機室、電信室、防空避難室、車道、垃圾儲藏室、機房等共２３項。,鋼筋混凝土造,110年10月14日,九層,
RPPSMLQJOHHGFDC38CC,3,80.33,集合住宅,鋼筋混凝土造,108年2月13日,十一層,
RPPSMLQJOHHGFDC38CC,3,17.13,本建物共有部分之項目有消防幫浦室‧地下室排氣口‧樓電梯間‧梯廳‧電信室‧自來水箱‧汙水設備室‧發電機室‧滯洪沉砂池‧機車位‧管委會空間‧垃圾儲藏室‧資源回收區排風管道‧台電配電室‧用戶配電室‧等共１６項。,鋼筋混凝土造,108年2月13日,十一層,
RPPSMLQJOHHGFDC38CC,3,2.03,本建物共有部分之項目有防空避難室兼停車空間‧停車空間等共２項。,鋼筋混凝土造,108年2月13日,十一層,
RPPSMLQJOHHGFDC38CC,3,17.17,本建物共有部分之項目有樓電梯間‧梯廳‧樓梯間‧機房‧水箱等共５項。,鋼筋混凝土造,108年2月13日,十一層,
RPVPMLRJOHHGFDC78CC,2,68.24,集合住宅,鋼筋混凝土造,109年5月13日,九層,
RPVPMLRJOHHGFDC78CC,2,14.42,本共有部分之項目有電梯間、電梯、安全梯、配電室、電表室、樓電梯間、梯廳、樓梯間、電梯機房及水箱等十項,鋼筋混凝土造,109年5月13日,九層,
RPVPMLRJOHHGFDC78CC,2,18.05,本共有部分之項目有樓梯間、幫浦室、水箱、管理員室、管委會使用空間、排風機、停車空間、景觀機房、資源回收室、安全梯、電梯間、配電室、車道、防空避難室兼停車空間、消防泵浦室、機車停車空間、緊急發電機室、陽台、電信室、走道及受電箱區等二十一項,鋼筋混凝土造,109年5月13日,九層,
RPRRMLRJOHHGFDC58CC,46,76.48,住家用,鋼筋混凝土加強磚造,65年7月1日,四層,
RPTQMLQJOHHGFDC58CC,44,80.68,住家用,鋼筋混凝土加強磚造,67年11月23日,五層,
RPSQMLQJOHHGFDC48CC,23,67.72,住家用,鋼筋混凝土造,88年1月14日,十六層,
RPSQMLQJOHHGFDC48CC,23,15.54,共用部份,鋼筋混凝土造,88年1月14日,十六層,
RPXNMLSJOHHGFDC88CC,42,70.80,住家用,鋼筋混凝土造,69年9月30日,四層,
RPSQMLQJOHHGFDC48CC,23,.83,共用部份,鋼筋混凝土造,88年1月14日,十六層,
RPSQMLQJOHHGFDC48CC,23,3.87,共用部份,鋼筋混凝土造,88年1月14日,十六層,
RPSQMLQJOHHGFDC48CC,23,36.53,共用部份,鋼筋混凝土造,88年1月14日,十五層,
RPSQMLQJOHHGFDC48CC,23,1.62,共用部份,鋼筋混凝土造,88年1月14日,十六層,
RPSQMLQJOHHGFDC48CC,23,.79,共用部份,鋼筋混凝土造,88年1月14日,十六層,
RPSRMLRJOHHGFDC68CC,25,104.61,住家用,鋼筋混凝土造,86年6月7日,六層,
RPSRMLRJOHHGFDC68CC,25,9.92,共用部份,鋼筋混凝土造,86年6月7日,六層,
RPSRMLRJOHHGFDC68CC,25,5.97,共用部份,鋼筋混凝土造,86年6月7日,六層,
RPSRMLRJOHHGFDC68CC,25,13.48,共用部份,鋼筋混凝土造,86年6月7日,六層,
RPPOMLSJOHHGFDC18CC,34,85.91,住家用,鋼筋混凝土造,77年11月23日,五層,
RPQOMLSJOHHGFDC28CC,25,74.35,住家用,鋼筋混凝土造,86年11月21日,十九層,
RPQOMLSJOHHGFDC28CC,25,12.64,共用部份,鋼筋混凝土造,86年11月21日,十九層,
RPQOMLSJOHHGFDC28CC,25,6.55,共用部份,鋼筋混凝土造,86年11月21日,二十一層,
RPQOMLSJOHHGFDC28CC,25,34.17,共用部份,鋼筋混凝土造,86年11月21日,二十一層,
RPOPMLSJOHHGFDC18CC,25,97.07,住家用,鋼筋混凝土造,86年4月1日,五層,
RPOPMLSJOHHGFDC18CC,25,61.38,共用部份,鋼筋混凝土造,86年4月1日,五層,
RPSOMLSJOHHGFDC48CC,41,46.70,住家用,鋼筋混凝土造,70年9月8日,五層,
RPXOMLSJOHHGFDC98CC,41,29.16,住家用,鋼筋混凝土造,70年7月30日,五層,
RPPNMLLKOHHGFDC47CC,28,100.33,住家用,鋼筋混凝土造,83年11月8日,五層,
RPQOMLOKOHHGFDC97CC,32,75.09,住家用,鋼筋混凝土造,79年7月30日,五層,
RPQOMLOKOHHGFDC97CC,32,6.38,共用部份,鋼筋混凝土造,79年7月30日,五層,
RPTOMLSJOHHGFDC58CC,23,57.41,住家用,鋼筋混凝土造,88年1月14日,十五層,
RPTOMLSJOHHGFDC58CC,23,8.47,共用部份,鋼筋混凝土造,88年1月14日,十五層,
RPTOMLSJOHHGFDC58CC,23,3.26,共用部份,鋼筋混凝土造,88年1月14日,十五層,
RPTOMLSJOHHGFDC58CC,23,36.53,共用部份,鋼筋混凝土造,88年1月14日,十五層,
RPTOMLSJOHHGFDC58CC,23,1.41,共用部份,鋼筋混凝土造,88年1月14日,十六層,
RPTOMLSJOHHGFDC58CC,23,.69,共用部份,鋼筋混凝土造,88年1月14日,十六層,
RPOOMLOKOHHGFDC77CC,27,64.58,住宅（夾層）儲藏室,鋼筋混凝土造,84年6月10日,四層,
RPOOMLOKOHHGFDC77CC,27,4.84,共用部份,鋼筋混凝土造,84年6月10日,四層,
RPOOMLOKOHHGFDC77CC,27,.95,共用部份,鋼筋混凝土造,84年6月10日,五層,
RPXNMLOKOHHGFDC58CC,38,82.44,住家用,鋼筋混凝土造,73年1月12日,四層,
RPSOMLOKOHHGFDC18CC,44,70.64,國民住宅,鋼筋混凝土造,67年8月9日,五層,
RPUOMLOKOHHGFDC38CC,23,50.84,住家用,鋼筋混凝土造,88年1月14日,十六層,
RPUOMLOKOHHGFDC38CC,23,12.65,共用部份,鋼筋混凝土造,88年1月14日,十六層,
RPUOMLOKOHHGFDC38CC,23,2.27,共用部份,鋼筋混凝土造,88年1月14日,十六層,
RPUOMLOKOHHGFDC38CC,23,1.30,共用部份,鋼筋混凝土造,88年1月14日,十六層,
RPUOMLOKOHHGFDC38CC,23,.64,共用部份,鋼筋混凝土造,88年1月14日,十六層,
RPROMLOKOHHGFDC08CC,23,72.93,住家用,鋼筋混凝土造,88年1月14日,十六層,
RPROMLOKOHHGFDC08CC,23,17.29,共用部份,鋼筋混凝土造,88年1月14日,十六層,
RPROMLOKOHHGFDC08CC,23,3.11,共用部份,鋼筋混凝土造,88年1月14日,十六層,
RPROMLOKOHHGFDC08CC,23,1.77,共用部份,鋼筋混凝土造,88年1月14日,十六層,
RPROMLOKOHHGFDC08CC,23,.85,共用部份,鋼筋混凝土造,88年1月14日,十六層,
RPSPMLOKOHHGFDC28CC,27,71.19,住家用,鋼筋混凝土造,84年5月17日,六層,
RPSPMLOKOHHGFDC28CC,27,13.17,共用部份,鋼筋混凝土造,84年5月17日,六層,
RPSPMLOKOHHGFDC28CC,27,14.50,共用部份,鋼筋混凝土造,84年5月17日,六層,
RPXOMLOKOHHGFDC68CC,27,68.36,住家用,鋼筋混凝土造,84年8月8日,六層,
RPTPMLOKOHHGFDC38CC,25,24.31,住家用,鋼筋混凝土造,86年6月7日,六層,
RPXOMLOKOHHGFDC68CC,27,11.61,共用部份,鋼筋混凝土造,84年8月8日,六層,
RPXOMLOKOHHGFDC68CC,27,11.33,共用部份,鋼筋混凝土造,84年8月8日,六層,
RPTPMLOKOHHGFDC38CC,25,3.41,共用部份,鋼筋混凝土造,86年6月7日,六層,
RPWOMLOKOHHGFDC58CC,48,53.70,住家用,鋼筋混凝土加強磚造,63年4月30日,四層,
RPTPMLOKOHHGFDC38CC,25,1.37,共用部份,鋼筋混凝土造,86年6月7日,六層,
RPTPMLOKOHHGFDC38CC,25,3.08,共用部份,鋼筋混凝土造,86年6月7日,六層,
RPUPMLOKOHHGFDC48CC,39,97.19,住家用,鋼筋混凝土造,71年12月29日,五層,
RPQPMLOKOHHGFDC08CC,26,17.58,住家用,鋼筋混凝土造,85年1月5日,十一層,
RPQPMLOKOHHGFDC08CC,26,13.52,共用部份,鋼筋混凝土造,85年1月5日,十一層,
RPQPMLOKOHHGFDC08CC,26,.17,共用部份,鋼筋混凝土造,85年1月5日,十一層,
RPQPMLOKOHHGFDC08CC,26,.40,共用部份,鋼筋混凝土造,85年1月5日,十一層,
RPQPMLOKOHHGFDC08CC,26,3.57,共用部份,鋼筋混凝土造,85年1月5日,十一層,
RPOQMLOKOHHGFDC97CC,29,88.00,住家用,鋼筋混凝土造,82年7月29日,五層,
RPOQMLOKOHHGFDC97CC,29,2.33,共用部份,鋼筋混凝土造,82年7月29日,五層,
RPVPMLOKOHHGFDC58CC,40,72.41,住家用,鋼筋混凝土造,71年9月18日,四層,
RPWNMLPKOHHGFDC58CC,22,25.85,住家用,鋼筋混凝土造,88年12月31日,十二層,
RPWNMLPKOHHGFDC58CC,22,5.32,共用部份,鋼筋混凝土造,88年12月31日,十四層,
RPWNMLPKOHHGFDC58CC,22,5.05,共用部份,鋼筋混凝土造,88年12月31日,十二層,
RPVOMLPKOHHGFDC58CC,25,30.75,住家用,鋼筋混凝土造,86年10月21日,五層,
RPVOMLPKOHHGFDC58CC,25,3.67,共用部份,鋼筋混凝土造,86年10月21日,五層,
RPVNMLPKOHHGFDC48CC,23,23.91,住家用,鋼筋混凝土造,88年1月14日,十六層,
RPVNMLPKOHHGFDC48CC,23,5.76,共用部份,鋼筋混凝土造,88年1月14日,十六層,
RPVNMLPKOHHGFDC48CC,23,.30,共用部份,鋼筋混凝土造,88年1月14日,十六層,
RPVNMLPKOHHGFDC48CC,23,1.37,共用部份,鋼筋混凝土造,88年1月14日,十六層,
RPVNMLPKOHHGFDC48CC,23,.57,共用部份,鋼筋混凝土造,88年1月14日,十六層,
RPVNMLPKOHHGFDC48CC,23,.29,共用部份,鋼筋混凝土造,88年1月14日,十六層,
RPXOMLPKOHHGFDC78CC,32,120.16,住家用,鋼筋混凝土造,79年10月19日,五層,
RPXOMLPKOHHGFDC78CC,32,7.08,共用部份,鋼筋混凝土造,79年10月19日,五層,
RPXOMLPKOHHGFDC78CC,32,3.54,共用部份,鋼筋混凝土造,79年10月19日,五層,
RPOPMLPKOHHGFDC97CC,38,93.51,住家用,鋼筋混凝土造,73年1月27日,四層,
RPOPMLPKOHHGFDC97CC,38,5.12,共用部份,鋼筋混凝土造,73年1月27日,四層,
RPROMLPKOHHGFDC18CC,26,94.10,國民住宅,鋼筋混凝土造,85年7月5日,十六層,
RPROMLPKOHHGFDC18CC,26,16.32,共用部份,鋼筋混凝土造,85年7月5日,十六層,
RPROMLPKOHHGFDC18CC,26,15.02,共用部份,鋼筋混凝土造,85年7月5日,十六層,
RPXNMLQKOHHGFDC78CC,26,31.78,住家用,鋼筋混凝土造,85年4月26日,十六層,
RPXNMLQKOHHGFDC78CC,26,6.02,共用部份,鋼筋混凝土造,85年4月26日,十六層,
RPXNMLQKOHHGFDC78CC,26,3.75,共用部份,鋼筋混凝土造,85年4月26日,十六層,
RPOOMLQKOHHGFDC97CC,21,33.86,住家用,鋼筋混凝土造,90年3月8日,四層,
RPOOMLQKOHHGFDC97CC,21,4.23,共用部份,鋼筋混凝土造,90年3月8日,四層,
RPQOMLQKOHHGFDC18CC,42,52.11,住家用,鋼筋混凝土造,69年6月11日,四層,
RPUOMLPKOHHGFDC48CC,27,68.36,住家用,鋼筋混凝土造,84年8月8日,六層,
RPUOMLPKOHHGFDC48CC,27,11.61,共用部份,鋼筋混凝土造,84年8月8日,六層,
RPUOMLPKOHHGFDC48CC,27,11.33,共用部份,鋼筋混凝土造,84年8月8日,六層,
RPSOMLQKOHHGFDC38CC,30,55.76,住家用,鋼筋混凝土造,81年10月6日,五層,
RPSOMLQKOHHGFDC38CC,30,10.22,共用部份,鋼筋混凝土造,81年10月6日,五層,
RPPOMLRKOHHGFDC18CC,26,24.03,住家用,鋼筋混凝土造,85年11月29日,二十三層,
RPPOMLRKOHHGFDC18CC,26,3.89,共用部份,鋼筋混凝土造,85年11月29日,二十三層,
RPPOMLRKOHHGFDC18CC,26,1.18,共用部份,鋼筋混凝土造,85年11月29日,二十三層,
RPPOMLRKOHHGFDC18CC,26,1.79,共用部份,鋼筋混凝土造,85年11月29日,二十三層,
RPROMLQKOHHGFDC28CC,29,125.98,住家用,鋼筋混凝土造,81年12月16日,十二層,
RPROMLQKOHHGFDC28CC,29,23.85,共用部份,鋼筋混凝土造,81年12月16日,十二層,
RPROMLQKOHHGFDC28CC,29,3.50,共用部份,鋼筋混凝土造,81年12月16日,十八層,
RPTOMLRKOHHGFDC58CC,40,114.67,住家用,鋼筋混凝土造,71年9月11日,五層,
RPPOMLKLOHHGFDC57CC,52,55.87,住家用,加強磚造,59年1月26日,二層,
RPQOMLKLOHHGFDC67CC,40,117.49,商業用,鋼筋混凝土造,71年12月3日,八層,
RPUOMLRKOHHGFDC68CC,41,84.70,住家用,鋼筋混凝土造,70年9月2日,四層,
RPPPMLKLOHHGFDC67CC,25,68.48,住家用,鋼筋混凝土造,86年5月27日,四層,
RPPPMLKLOHHGFDC67CC,25,7.51,共用部份,鋼筋混凝土造,86年5月27日,四層,
RPROMLRKOHHGFDC38CC,26,31.07,住家用,鋼筋混凝土造,85年4月26日,十六層,
RPROMLRKOHHGFDC38CC,26,6.02,共用部份,鋼筋混凝土造,85年4月26日,十六層,
RPROMLRKOHHGFDC38CC,26,3.75,共用部份,鋼筋混凝土造,85年4月26日,十六層,
RPQPMLKLOHHGFDC77CC,46,108.00,住家用,加強磚造,65年4月13日,二層,
RPOOMLLLOHHGFDC57CC,1,70.00,集合住宅,鋼筋混凝土造,110年10月14日,九層,
RPOOMLLLOHHGFDC57CC,1,36.40,本建物共有部分之項目有行動不便者電梯、管委會使用空間、樓電梯間、梯廳、中控警衛室、大廳、樓梯間、機械室、水箱、防空避難室兼停車空間、停車空間、走廊、配電室、警衛室、消防泵浦室、汽車坡道、機車停車空間、發電機室、電信室、防空避難室、車道、垃圾儲藏室、機房等共２３項。,鋼筋混凝土造,110年10月14日,九層,
RPRPMLKLOHHGFDC87CC,23,57.92,住家用,鋼筋混凝土造,88年1月14日,十六層,
RPRPMLKLOHHGFDC87CC,23,8.24,共用部份,鋼筋混凝土造,88年1月14日,十六層,
RPRPMLKLOHHGFDC87CC,23,.70,共用部份,鋼筋混凝土造,88年1月14日,十六層,
RPRPMLKLOHHGFDC87CC,23,2.10,共用部份,鋼筋混凝土造,88年1月14日,十六層,
RPRPMLKLOHHGFDC87CC,23,41.38,共用部份,鋼筋混凝土造,88年1月14日,十六層,
RPRPMLKLOHHGFDC87CC,23,1.41,共用部份,鋼筋混凝土造,88年1月14日,十六層,
RPRPMLKLOHHGFDC87CC,23,.69,共用部份,鋼筋混凝土造,88年1月14日,十六層,
RPVOMLLLOHHGFDC28CC,37,50.21,住家用,鋼筋混凝土造,74年4月27日,五層,
RPSPMLKLOHHGFDC97CC,91,53.26,商業用,磚造,20年1月1日,三層,
RPUOMLLLOHHGFDC18CC,26,24.03,住家用,鋼筋混凝土造,85年11月29日,二十三層,
RPUOMLLLOHHGFDC18CC,26,2.75,共用部份,鋼筋混凝土造,85年11月29日,二十三層,
RPUOMLLLOHHGFDC18CC,26,1.57,共用部份,鋼筋混凝土造,85年11月29日,二十三層,
RPUOMLLLOHHGFDC18CC,26,1.79,共用部份,鋼筋混凝土造,85年11月29日,二十三層,
RPQOMLLLOHHGFDC77CC,23,92.47,住家用,鋼筋混凝土造,88年1月14日,十五層,
RPSPMLLLOHHGFDC08CC,54,32.68,,加強磚造,56年12月30日,三層,
RPQOMLLLOHHGFDC77CC,23,13.49,共用部份,鋼筋混凝土造,88年1月14日,十五層,
RPQOMLLLOHHGFDC77CC,23,5.18,共用部份,鋼筋混凝土造,88年1月14日,十五層,
RPQOMLLLOHHGFDC77CC,23,36.53,共用部份,鋼筋混凝土造,88年1月14日,十五層,
RPQOMLLLOHHGFDC77CC,23,2.19,共用部份,鋼筋混凝土造,88年1月14日,十六層,
RPQOMLLLOHHGFDC77CC,23,1.06,共用部份,鋼筋混凝土造,88年1月14日,十六層,
RPSOMLLLOHHGFDC97CC,27,37.65,住家用,鋼筋混凝土造,84年1月21日,五層,
RPSOMLLLOHHGFDC97CC,27,1.83,共用部份,鋼筋混凝土造,84年1月21日,五層,
RPTOMLMLOHHGFDC18CC,26,77.10,住家用,鋼筋混凝土造,85年1月4日,十二層,
RPTOMLMLOHHGFDC18CC,26,8.52,共用部份,鋼筋混凝土造,85年1月4日,十二層,
RPVOMLMLOHHGFDC38CC,23,24.46,住家用,鋼筋混凝土造,88年1月14日,十六層,
RPVOMLMLOHHGFDC38CC,23,4.94,共用部份,鋼筋混凝土造,88年1月14日,十六層,
RPVOMLMLOHHGFDC38CC,23,.14,共用部份,鋼筋混凝土造,88年1月14日,十六層,
RPVOMLMLOHHGFDC38CC,23,.73,共用部份,鋼筋混凝土造,88年1月14日,十六層,
RPVOMLMLOHHGFDC38CC,23,.63,共用部份,鋼筋混凝土造,88年1月14日,十六層,
RPVOMLMLOHHGFDC38CC,23,.32,共用部份,鋼筋混凝土造,88年1月14日,十六層,
RPXOMLMLOHHGFDC58CC,,20.68,住家用,磚造,,一層,
RPPOMLNLOHHGFDC87CC,42,82.29,國民住宅,鋼筋混凝土造,69年3月8日,五層,
RPQOMLNLOHHGFDC97CC,,35.49,住家用,磚造,,一層,
RPWOMLNLOHHGFDC58CC,42,77.01,住家用,鋼筋混凝土造,69年7月17日,四層,
RPSOMLNLOHHGFDC18CC,26,74.24,住家用,鋼筋混凝土造,85年2月17日,十層,
RPSOMLNLOHHGFDC18CC,26,9.39,共用部份,鋼筋混凝土造,85年2月17日,十層,
RPSOMLNLOHHGFDC18CC,26,29.56,共用部份,鋼筋混凝土造,85年2月17日,十層,
RPOPMLMLOHHGFDC77CC,45,64.48,住家用,鋼筋混凝土加強磚造,66年2月4日,四層,
RPOPMLNLOHHGFDC87CC,26,104.80,住家用,鋼筋混凝土造,85年7月18日,六層,
RPOPMLNLOHHGFDC87CC,26,14.92,共用部份,鋼筋混凝土造,85年7月18日,六層,
RPOPMLNLOHHGFDC87CC,26,18.25,共用部份,鋼筋混凝土造,85年7月18日,六層,
RPPOMLOLOHHGFDC97CC,56,40.85,住家用,磚造,55年2月1日,一層,
RPTOMLNLOHHGFDC28CC,45,63.28,住家用,鋼筋混凝土加強磚造,65年12月16日,四層,
RPROMLOLOHHGFDC18CC,5,102.81,集合住宅,鋼筋混凝土造,106年10月18日,十五層,
RPROMLOLOHHGFDC18CC,5,19.68,本共有部分之項目有公設空間、門廳、防空避難室兼停車空間、停車空間、社區中心、機械室、游泳池及管委會辦公室等共八項,鋼筋混凝土造,106年10月18日,十五層,
RPROMLOLOHHGFDC18CC,5,20.07,本共有部分之項目有電梯間、樓梯間、蓄水池及水箱等共四項,鋼筋混凝土造,106年10月18日,十五層,
RPROMLOLOHHGFDC18CC,5,.66,本共有部分之項目有台電配電室共一項,鋼筋混凝土造,106年10月18日,十五層,
RPUOMLNLOHHGFDC38CC,54,60.67,住家用,加強磚造,57年8月29日,四層,
RPUOMLOLOHHGFDC48CC,27,113.65,住家用,鋼筋混凝土造,84年5月12日,五層,
RPUOMLOLOHHGFDC48CC,27,12.51,共用部份,鋼筋混凝土造,84年5月12日,五層,
RPQOMLOLOHHGFDC08CC,26,102.02,住家用,鋼筋混凝土造,84年12月27日,十四層,
RPQOMLOLOHHGFDC08CC,26,18.61,共用部份,鋼筋混凝土造,84年12月27日,十四層,
RPQOMLOLOHHGFDC08CC,26,32.88,共用部份,鋼筋混凝土造,84年12月27日,十四層,
RPTOMLOLOHHGFDC38CC,3,42.50,集合住宅,鋼筋混凝土造,108年2月12日,十四層,
RPTOMLOLOHHGFDC38CC,3,8.30,本共有部分之項目有樓電梯間、梯廳、樓梯間、設備室、機械室及水箱等六項,鋼筋混凝土造,108年2月12日,十四層,
RPTOMLOLOHHGFDC38CC,3,12.44,本共有部分之項目有車道、住宅門廳、排煙室兼梯廳、樓電梯間、陽台、防空避難室兼停車空間、受電箱、安全梯、台電配電場所、電信室、機房、儲藏室、機械設備室、機械室、排煙室、樓梯間、貯藏室、管委會使用空間、門廳及住宅挑高門廳等二十項,鋼筋混凝土造,108年2月12日,十四層,
RPRPMLOLOHHGFDC28CC,32,108.47,住家用,鋼筋混凝土造,79年9月15日,五層,
RPRPMLOLOHHGFDC28CC,32,6.96,共用部份,鋼筋混凝土造,79年9月15日,五層,
RPQPMLOLOHHGFDC18CC,44,64.69,住家用,加強磚造,67年5月18日,二層,
RPXOMLOLOHHGFDC78CC,28,104.89,住家用,鋼筋混凝土造,83年4月29日,七層,
RPXOMLOLOHHGFDC78CC,28,40.23,共用部份,鋼筋混凝土造,83年4月29日,七層,
RPXOMLOLOHHGFDC78CC,28,15.00,共用部份,鋼筋混凝土造,83年4月29日,七層,
RPPPMLOLOHHGFDC08CC,42,68.35,住家用,鋼筋混凝土造,69年11月1日,四層,
RPSPMLOLOHHGFDC38CC,45,87.16,住家用,鋼筋混凝土加強磚造,66年12月3日,五層,
RPTPMLOLOHHGFDC48CC,46,69.19,住家用,鋼筋混凝土造,65年6月2日,五層,
RPVPMLOLOHHGFDC68CC,25,26.12,住家用,鋼筋混凝土造,86年4月14日,十層,
RPVPMLOLOHHGFDC68CC,25,3.03,共用部份,鋼筋混凝土造,86年4月14日,十層,
RPVPMLOLOHHGFDC68CC,25,3.87,共用部份,鋼筋混凝土造,86年4月14日,十層,
RPUPMLOLOHHGFDC58CC,41,80.19,住家用,鋼筋混凝土造,70年7月18日,五層,
RPOQMLOLOHHGFDC08CC,29,93.90,住家用,鋼筋混凝土造,82年3月15日,七層,
RPOQMLOLOHHGFDC08CC,29,6.30,共用部份,鋼筋混凝土造,82年3月15日,七層,
RPOQMLOLOHHGFDC08CC,29,10.04,共用部份,鋼筋混凝土造,82年3月15日,七層,
RPOQMLOLOHHGFDC08CC,29,1.44,共用部份,鋼筋混凝土造,82年3月15日,七層,
RPXPMLOLOHHGFDC88CC,38,104.44,住家用,鋼筋混凝土造,73年4月7日,四層,
RPOQMLOLOHHGFDC08CC,29,.27,共用部份,鋼筋混凝土造,82年3月15日,七層,
RPXPMLOLOHHGFDC88CC,38,10.72,共用部份,鋼筋混凝土造,73年4月7日,四層,
RPOQMLOLOHHGFDC08CC,29,3.75,共用部份,鋼筋混凝土造,82年3月15日,七層,
RPQQMLOLOHHGFDC28CC,27,68.13,住宅（夾層）儲藏室,鋼筋混凝土造,84年6月10日,四層,
RPQQMLOLOHHGFDC28CC,27,3.28,共用部份,鋼筋混凝土造,84年6月10日,四層,
RPQQMLOLOHHGFDC28CC,27,.95,共用部份,鋼筋混凝土造,84年6月10日,五層,
RPWPMLOLOHHGFDC78CC,42,68.61,住家用,鋼筋混凝土造,69年7月11日,五層,
RPSNMLRLOHHGFDC48CC,42,89.44,住家用,鋼筋混凝土造,69年1月10日,五層,
RPRQMLOLOHHGFDC38CC,28,91.66,住家用,鋼筋混凝土造,83年11月8日,五層,
RPRQMLOLOHHGFDC38CC,28,12.36,共用部份,鋼筋混凝土造,83年11月8日,五層,
RPRQMLOLOHHGFDC38CC,28,2.31,共用部份,鋼筋混凝土造,83年11月8日,五層,
RPPOMLRLOHHGFDC28CC,47,47.26,住家用,鋼筋混凝土加強磚造,64年8月20日,四層,
RPPOMLRLOHHGFDC28CC,47,3.63,共用部份,鋼筋混凝土加強磚造,64年8月20日,四層,
RPSQMLOLOHHGFDC48CC,1,157.17,集合住宅,鋼筋混凝土造,110年10月14日,九層,
RPROMLRLOHHGFDC48CC,40,51.26,住家用,鋼筋混凝土造,71年2月27日,五層,
RPXOMLRLOHHGFDC09CC,39,57.84,住家用,鋼筋混凝土造,72年1月29日,五層,
RPWOMLRLOHHGFDC98CC,23,57.92,住家用,鋼筋混凝土造,88年1月14日,十六層,
RPWOMLRLOHHGFDC98CC,23,8.42,共用部份,鋼筋混凝土造,88年1月14日,十六層,
RPWOMLRLOHHGFDC98CC,23,2.33,共用部份,鋼筋混凝土造,88年1月14日,十六層,
RPWOMLRLOHHGFDC98CC,23,1.41,共用部份,鋼筋混凝土造,88年1月14日,十六層,
RPWOMLRLOHHGFDC98CC,23,.69,共用部份,鋼筋混凝土造,88年1月14日,十六層,
RPQPMLRLOHHGFDC48CC,40,80.73,住家用,鋼筋混凝土造,71年11月26日,六層,
RPSOMLRLOHHGFDC58CC,27,101.88,住家用,鋼筋混凝土造,84年10月2日,七層,
RPSOMLRLOHHGFDC58CC,27,2.25,共用部份,鋼筋混凝土造,84年10月2日,七層,
RPSOMLRLOHHGFDC58CC,27,4.43,共用部份,鋼筋混凝土造,84年10月2日,七層,
RPSOMLRLOHHGFDC58CC,27,8.45,共用部份,鋼筋混凝土造,84年10月2日,七層,
RPUPMLSLOHHGFDC98CC,29,56.59,住家用,鋼筋混凝土造,82年11月8日,七層,
RPUPMLSLOHHGFDC98CC,29,3.00,共用部份,鋼筋混凝土造,82年11月8日,七層,
RPUPMLSLOHHGFDC98CC,29,7.06,共用部份,鋼筋混凝土造,82年11月8日,七層,
RPOQMLSLOHHGFDC48CC,27,90.53,住家用,鋼筋混凝土造,84年11月22日,九層,
RPOQMLSLOHHGFDC48CC,27,48.76,共用部份,鋼筋混凝土造,84年11月22日,九層,
RPOOMLSLOHHGFDC28CC,5,150.33,集合住宅,鋼筋混凝土造,106年10月18日,十五層,
RPOOMLSLOHHGFDC28CC,5,65.14,本共有部分之項目有公設空間、門廳、防空避難室兼停車空間、停車空間、社區中心、機械室、游泳池及管委會辦公室等共八項,鋼筋混凝土造,106年10月18日,十五層,
RPOOMLSLOHHGFDC28CC,5,24.35,本共有部分之項目有電梯間、樓梯間、蓄水池及水箱等共四項,鋼筋混凝土造,106年10月18日,十五層,
RPOOMLSLOHHGFDC28CC,5,.96,本共有部分之項目有台電配電室共一項,鋼筋混凝土造,106年10月18日,十五層,
RPQPMLSLOHHGFDC58CC,47,73.93,住家用,鋼筋混凝土加強磚造,63年12月13日,四層,
RPRQMLSLOHHGFDC78CC,39,83.79,住家用,鋼筋混凝土造,72年4月15日,五層,
RPSQMLSLOHHGFDC88CC,44,61.41,住家用,鋼筋混凝土造,67年8月9日,五層,
RPWOMLTLOHHGFDC56CC,26,64.73,住家用,鋼筋混凝土造,85年5月3日,五層,
RPTQMLSLOHHGFDC98CC,5,218.11,一層：集合住宅、停車空間，二層、三層、四層：集合住宅,鋼筋混凝土造,106年1月27日,四層,
RPWOMLTLOHHGFDC56CC,26,5.87,共用部份,鋼筋混凝土造,85年5月3日,五層,
RPWOMLTLOHHGFDC56CC,26,8.03,共用部份,鋼筋混凝土造,85年5月3日,五層,
RPRPMLTLOHHGFDC78CC,25,30.16,住家用,鋼筋混凝土造,86年11月21日,十八層,
RPRPMLTLOHHGFDC78CC,25,6.83,共用部份,鋼筋混凝土造,86年11月21日,十八層,
RPRPMLTLOHHGFDC78CC,25,2.62,共用部份,鋼筋混凝土造,86年11月21日,二十一層,
RPQPMLTLOHHGFDC68CC,36,80.52,集合住宅,鋼筋混凝土造,75年10月13日,五層,
RPQPMLTLOHHGFDC68CC,36,5.02,共用部份,鋼筋混凝土造,75年10月13日,五層,
RPSPMLTLOHHGFDC88CC,32,93.65,住家用,鋼筋混凝土造,79年9月15日,五層,
RPSPMLTLOHHGFDC88CC,32,6.96,共用部份,鋼筋混凝土造,79年9月15日,五層,
RPPPMLTLOHHGFDC58CC,27,37.65,住家用,鋼筋混凝土造,84年1月21日,五層,
RPPPMLTLOHHGFDC58CC,27,1.83,共用部份,鋼筋混凝土造,84年1月21日,五層,
RPTPMLTLOHHGFDC98CC,32,37.70,住家用,鋼筋混凝土造,79年11月24日,五層,
RPVPMLTLOHHGFDC56CC,16,204.09,一層：住宅、停車空間，二至四層：住宅,鋼筋混凝土造,95年6月15日,四層,
RPUPMLTLOHHGFDC09CC,26,107.54,住家用,鋼筋混凝土造,85年11月26日,十二層,
RPUPMLTLOHHGFDC09CC,26,6.80,共用部份,鋼筋混凝土造,85年11月26日,十二層,
RPUPMLTLOHHGFDC09CC,26,7.17,共用部份,鋼筋混凝土造,85年11月26日,十二層,
RPVNMLLJPHHGFDC08CC,41,82.20,住家用,鋼筋混凝土造,70年7月1日,五層,
RPOOMLLJPHHGFDC47CC,21,56.56,住家用,鋼筋混凝土造,90年7月18日,五層,
RPOOMLLJPHHGFDC47CC,21,16.97,共用部份,鋼筋混凝土造,90年7月18日,五層,
RPVTMLLJPHHGFDC68CC,26,118.70,住家用,鋼筋混凝土造,85年6月29日,五層,
RPVTMLLJPHHGFDC68CC,26,3.36,共用部份,鋼筋混凝土造,85年6月29日,五層,
RPOUMLLJPHHGFDC08CC,26,24.89,住家用,鋼筋混凝土造,85年11月29日,二十三層,
RPOUMLLJPHHGFDC08CC,26,4.19,共用部份,鋼筋混凝土造,85年11月29日,二十三層,
RPOUMLLJPHHGFDC08CC,26,1.54,共用部份,鋼筋混凝土造,85年11月29日,二十三層,
RPOUMLLJPHHGFDC08CC,26,1.93,共用部份,鋼筋混凝土造,85年11月29日,二十三層,
RPWTMLLJPHHGFDC78CC,40,81.13,住家用,鋼筋混凝土造,71年8月19日,五層,
RPPUMLLJPHHGFDC18CC,26,24.89,住家用,鋼筋混凝土造,85年11月29日,二十三層,
RPPUMLLJPHHGFDC18CC,26,4.19,共用部份,鋼筋混凝土造,85年11月29日,二十三層,
RPPUMLLJPHHGFDC18CC,26,1.69,共用部份,鋼筋混凝土造,85年11月29日,二十三層,
RPPUMLLJPHHGFDC18CC,26,1.93,共用部份,鋼筋混凝土造,85年11月29日,二十三層,
RPVTMLOJPHHGFDC98CC,26,24.89,住家用,鋼筋混凝土造,85年11月29日,二十三層,
RPVTMLOJPHHGFDC98CC,26,4.19,共用部份,鋼筋混凝土造,85年11月29日,二十三層,
RPVTMLOJPHHGFDC98CC,26,1.28,共用部份,鋼筋混凝土造,85年11月29日,二十三層,
RPXTMLOJPHHGFDC56CC,36,39.73,住家用,鋼筋混凝土造,75年1月24日,四層,
RPVTMLOJPHHGFDC98CC,26,39.45,共用部份,鋼筋混凝土造,85年11月29日,二十三層,
RPVTMLOJPHHGFDC98CC,26,1.93,共用部份,鋼筋混凝土造,85年11月29日,二十三層,
RPPUMLOJPHHGFDC48CC,14,68.02,住家用,鋼筋混凝土造,97年7月1日,七層,
RPPUMLOJPHHGFDC48CC,14,10.97,共用部份,鋼筋混凝土造,97年7月1日,七層,
RPTPMLOJPHHGFDC38CC,11,2080.19,工廠,鋼筋混凝土造,100年10月19日,四層,
RPPUMLOJPHHGFDC48CC,14,15.81,共用部份,鋼筋混凝土造,97年7月1日,七層,
RPTPMLOJPHHGFDC38CC,11,395.83,共用部分之項目有機房、電梯樓梯間、停車空間、門廳、水箱等五項。,鋼筋混凝土造,100年10月19日,四層,
RPORMLOJPHHGFDC08CC,55,57.50,住家用,加強磚造,56年1月16日,三層,
RPWTMLOJPHHGFDC09CC,1,54.03,集合住宅,鋼筋混凝土造,110年10月13日,九層,
RPWTMLOJPHHGFDC09CC,1,26.24,本共有部分之項目有：停車空間、防空避難室兼停車空間、管委會使用空間、梯廳、樓梯間、機械室、水錶室、電梯機械室、水箱、陽台等十項。,鋼筋混凝土造,110年10月13日,九層,
RPRUMLOJPHHGFDC68CC,35,97.13,住家用,鋼筋混凝土造,76年3月23日,五層,
RPTUMLOJPHHGFDC88CC,25,43.48,住家用,鋼筋混凝土造,86年11月17日,九層,
RPTUMLOJPHHGFDC88CC,25,7.69,共用部份,鋼筋混凝土造,86年11月17日,九層,
RPTUMLOJPHHGFDC88CC,25,6.01,共用部份,鋼筋混凝土造,86年11月17日,九層,
RPWNMLQJPHHGFDC68CC,25,30.89,住家用,鋼筋混凝土造,85年11月29日,二十三層,
RPXNMLQJPHHGFDC78CC,15,181.73,住家用,鋼筋混凝土造,96年1月31日,八層,
RPTOMLPJPHHGFDC38CC,45,79.45,商業用,鋼筋混凝土造,66年9月20日,五層,
RPPOMLQJPHHGFDC08CC,25,24.89,住家用,鋼筋混凝土造,86年7月18日,十二層,
RPPOMLQJPHHGFDC08CC,25,.66,共用部份,鋼筋混凝土造,86年7月18日,四層,
RPPOMLQJPHHGFDC08CC,25,2.78,共用部份,鋼筋混凝土造,86年7月18日,十二層,
RPPOMLQJPHHGFDC08CC,25,3.95,共用部份,鋼筋混凝土造,86年7月18日,十二層,
RPSOMLQJPHHGFDC38CC,23,57.41,住家用,鋼筋混凝土造,88年1月14日,十五層,
RPSOMLQJPHHGFDC38CC,23,8.47,共用部份,鋼筋混凝土造,88年1月14日,十五層,
RPSOMLQJPHHGFDC38CC,23,3.26,共用部份,鋼筋混凝土造,88年1月14日,十五層,
RPSOMLQJPHHGFDC38CC,23,36.53,共用部份,鋼筋混凝土造,88年1月14日,十五層,
RPSOMLQJPHHGFDC38CC,23,1.41,共用部份,鋼筋混凝土造,88年1月14日,十六層,
RPSOMLQJPHHGFDC38CC,23,.69,共用部份,鋼筋混凝土造,88年1月14日,十六層,
RPOOMLQJPHHGFDC97CC,23,32.56,住家用,鋼筋混凝土造,88年1月14日,十四層,
RPTPMLQJPHHGFDC58CC,37,114.18,住家用,鋼筋混凝土造,74年1月26日,四層,
RPQOMLQJPHHGFDC18CC,25,36.20,住家用,鋼筋混凝土造,86年11月21日,十七層,
RPQOMLQJPHHGFDC18CC,25,9.23,共用部份,鋼筋混凝土造,86年11月21日,十七層,
RPQOMLQJPHHGFDC18CC,25,3.10,共用部份,鋼筋混凝土造,86年11月21日,二十一層,
RPXPMLQJPHHGFDC98CC,42,69.06,住家用,鋼筋混凝土造,69年5月2日,四層,
RPOQMLQJPHHGFDC18CC,52,81.01,住家用,加強磚造,59年10月3日,五層,
RPQQMLQJPHHGFDC38CC,26,31.07,住家用,鋼筋混凝土造,85年4月26日,十六層,
RPQQMLQJPHHGFDC38CC,26,6.02,共用部份,鋼筋混凝土造,85年4月26日,十六層,
RPQQMLQJPHHGFDC38CC,26,3.75,共用部份,鋼筋混凝土造,85年4月26日,十六層,
RPSQMLQJPHHGFDC58CC,27,76.67,住家用,鋼筋混凝土造,84年8月8日,六層,
RPSQMLQJPHHGFDC58CC,27,11.82,共用部份,鋼筋混凝土造,84年8月8日,六層,
RPSQMLQJPHHGFDC58CC,27,12.46,共用部份,鋼筋混凝土造,84年8月8日,六層,
RPRQMLQJPHHGFDC48CC,45,95.82,住家用,鋼筋混凝土加強磚造,66年6月11日,四層,
RPSQMLQJPHHGFDC78EC,25,30.89,住家用,鋼筋混凝土造,85年11月29日,二十三層,
RPTRMLQJPHHGFDC78CC,26,24.89,住家用,鋼筋混凝土造,85年11月29日,二十三層,
RPTRMLQJPHHGFDC78CC,26,4.19,共用部份,鋼筋混凝土造,85年11月29日,二十三層,
RPTRMLQJPHHGFDC78CC,26,1.54,共用部份,鋼筋混凝土造,85年11月29日,二十三層,
RPTRMLQJPHHGFDC78CC,26,1.93,共用部份,鋼筋混凝土造,85年11月29日,二十三層,
RPSRMLQJPHHGFDC68CC,47,80.80,住家用,鋼筋混凝土加強磚造,64年10月8日,四層,
RPWNMLRJPHHGFDC78CC,26,95.10,住家用,鋼筋混凝土造,85年3月9日,十五層,
RPWNMLRJPHHGFDC78CC,26,15.51,共用部份,鋼筋混凝土造,85年3月9日,十五層,
RPVQMLQJPHHGFDC88CC,26,95.47,住家用,鋼筋混凝土造,85年3月9日,十五層,
RPVQMLQJPHHGFDC88CC,26,17.08,共用部份,鋼筋混凝土造,85年3月9日,十五層,
RPROMLRJPHHGFDC38CC,25,66.92,住家用,鋼筋混凝土造,86年4月1日,五層,
RPROMLRJPHHGFDC38CC,25,15.91,共用部份,鋼筋混凝土造,86年4月1日,五層,
RPVNMLRJPHHGFDC68CC,26,84.64,住家用,鋼筋混凝土造,85年3月9日,十四層,
RPVNMLRJPHHGFDC68CC,26,17.08,共用部份,鋼筋混凝土造,85年3月9日,十五層,
RPVNMLRJPHHGFDC68CC,26,36.84,共用部份,鋼筋混凝土造,85年3月9日,十五層,
RPOOMLRJPHHGFDC08CC,39,90.42,住家用,鋼筋混凝土造,72年1月24日,四層,
RPSOMLRJPHHGFDC48CC,26,96.52,住家用,鋼筋混凝土造,85年4月29日,五層,
RPSOMLRJPHHGFDC48CC,26,2.28,共用部份,鋼筋混凝土造,85年4月29日,五層,
RPSOMLRJPHHGFDC48CC,26,.91,共用部份,鋼筋混凝土造,85年4月29日,五層,
RPUOMLRJPHHGFDC68CC,3,42.50,集合住宅,鋼筋混凝土造,108年2月12日,十四層,
RPUOMLRJPHHGFDC68CC,3,8.30,本共有部分之項目有樓電梯間、梯廳、樓梯間、設備室、機械室及水箱等六項,鋼筋混凝土造,108年2月12日,十四層,
RPUOMLRJPHHGFDC68CC,3,12.44,本共有部分之項目有車道、住宅門廳、排煙室兼梯廳、樓電梯間、陽台、防空避難室兼停車空間、受電箱、安全梯、台電配電場所、電信室、機房、儲藏室、機械設備室、機械室、排煙室、樓梯間、貯藏室、管委會使用空間、門廳及住宅挑高門廳等二十項,鋼筋混凝土造,108年2月12日,十四層,
RPTOMLRJPHHGFDC58CC,31,73.04,工業用,鋼筋混凝土造,80年5月24日,四層,
RPWOMLRJPHHGFDC88CC,25,28.38,住家用,鋼筋混凝土造,86年11月21日,十八層,
RPWOMLRJPHHGFDC88CC,25,6.83,共用部份,鋼筋混凝土造,86年11月21日,十八層,
RPWOMLRJPHHGFDC88CC,25,2.50,共用部份,鋼筋混凝土造,86年11月21日,二十一層,
RPWOMLRJPHHGFDC88CC,25,68.33,共用部份,鋼筋混凝土造,86年11月21日,二十一層,
RPPOMLSJPHHGFDC28CC,26,59.59,住家用,鋼筋混凝土造,85年12月9日,七層,
RPPOMLSJPHHGFDC28CC,26,7.95,共用部份,鋼筋混凝土造,85年12月9日,七層,
RPPOMLSJPHHGFDC28CC,26,23.08,共用部份,鋼筋混凝土造,85年12月9日,七層,
RPXOMLRJPHHGFDC98CC,27,109.41,住家用,鋼筋混凝土造,84年5月15日,七層,
RPQOMLSJPHHGFDC38CC,1,59.72,集合住宅,鋼筋混凝土造,110年10月13日,九層,
RPQOMLSJPHHGFDC38CC,1,29.04,本共有部分之項目有：停車空間、防空避難室兼停車空間、管委會使用空間、梯廳、樓梯間、機械室、水錶室、電梯機械室、水箱、陽台等十項。,鋼筋混凝土造,110年10月13日,九層,
RPXOMLRJPHHGFDC98CC,27,13.35,共用部份,鋼筋混凝土造,84年5月15日,七層,
RPXNMLSJPHHGFDC98CC,36,82.88,住家用,鋼筋混凝土造,75年6月20日,五層,
RPWNMLSJPHHGFDC88CC,26,81.82,住家用,鋼筋混凝土造,85年2月17日,十層,
RPWNMLSJPHHGFDC88CC,26,11.23,共用部份,鋼筋混凝土造,85年2月17日,十層,
RPWNMLSJPHHGFDC88CC,26,17.94,共用部份,鋼筋混凝土造,85年2月17日,十層,
RPXOMLSJPHHGFDC09CC,26,55.08,住家用,鋼筋混凝土造,85年11月29日,二十三層,
RPOPMLSJPHHGFDC28CC,26,24.89,住家用,鋼筋混凝土造,85年11月29日,二十三層,
RPXOMLSJPHHGFDC09CC,26,9.64,共用部份,鋼筋混凝土造,85年11月29日,二十三層,
RPOPMLSJPHHGFDC28CC,26,4.19,共用部份,鋼筋混凝土造,85年11月29日,二十三層,
RPOPMLSJPHHGFDC28CC,26,1.28,共用部份,鋼筋混凝土造,85年11月29日,二十三層,
RPOPMLSJPHHGFDC28CC,26,1.93,共用部份,鋼筋混凝土造,85年11月29日,二十三層,
RPXOMLSJPHHGFDC09CC,26,2.94,共用部份,鋼筋混凝土造,85年11月29日,二十三層,
RPXOMLSJPHHGFDC09CC,26,4.46,共用部份,鋼筋混凝土造,85年11月29日,二十三層,
RPQNMLKKPHHGFDC57CC,9,296.37,第一層：店舖、停車空間，第二～四層：住宅，屋頂突出物：樓電梯間,鋼筋混凝土造,102年7月4日,四層,
RPPPMLSJPHHGFDC38CC,26,24.89,住家用,鋼筋混凝土造,85年11月29日,二十三層,
RPPPMLSJPHHGFDC38CC,26,4.19,共用部份,鋼筋混凝土造,85年11月29日,二十三層,
RPPPMLSJPHHGFDC38CC,26,1.69,共用部份,鋼筋混凝土造,85年11月29日,二十三層,
RPPPMLSJPHHGFDC38CC,26,41.78,共用部份,鋼筋混凝土造,85年11月29日,二十三層,
RPPPMLSJPHHGFDC38CC,26,1.93,共用部份,鋼筋混凝土造,85年11月29日,二十三層,
RPSPMLLKPHHGFDC08CC,26,87.64,住家用,鋼筋混凝土造,85年4月26日,十六層,
RPSPMLLKPHHGFDC08CC,26,8.81,共用部份,鋼筋混凝土造,85年4月26日,十六層,
RPXPMLLKPHHGFDC58CC,27,124.35,住家用,鋼筋混凝土造,84年11月16日,五層,
RPXPMLLKPHHGFDC58CC,27,46.87,共用部份,鋼筋混凝土造,84年11月16日,五層,
RPUPMLLKPHHGFDC28CC,23,102.00,住家用,鋼筋混凝土造,88年1月14日,十六層,
RPVPMLLKPHHGFDC38CC,26,24.03,住家用,鋼筋混凝土造,85年11月29日,二十三層,
RPUPMLLKPHHGFDC28CC,23,19.49,共用部份,鋼筋混凝土造,88年1月14日,十六層,
RPUPMLLKPHHGFDC28CC,23,4.31,共用部份,鋼筋混凝土造,88年1月14日,十六層,
RPVPMLLKPHHGFDC38CC,26,3.89,共用部份,鋼筋混凝土造,85年11月29日,二十三層,
RPUPMLLKPHHGFDC28CC,23,2.45,共用部份,鋼筋混凝土造,88年1月14日,十六層,
RPVPMLLKPHHGFDC38CC,26,1.34,共用部份,鋼筋混凝土造,85年11月29日,二十三層,
RPUPMLLKPHHGFDC28CC,23,1.19,共用部份,鋼筋混凝土造,88年1月14日,十六層,
RPVPMLLKPHHGFDC38CC,26,1.79,共用部份,鋼筋混凝土造,85年11月29日,二十三層,
RPQPMLLKPHHGFDC87CC,27,97.76,住家用,鋼筋混凝土造,84年5月12日,五層,
RPQPMLLKPHHGFDC87CC,27,17.97,共用部份,鋼筋混凝土造,84年5月12日,五層,
RPRPMLLKPHHGFDC97CC,27,97.76,住家用,鋼筋混凝土造,84年5月12日,五層,
RPRPMLLKPHHGFDC97CC,27,12.96,共用部份,鋼筋混凝土造,84年5月12日,五層,
RPWPMLLKPHHGFDC48CC,35,22.97,住家用,鋼筋混凝土造,76年3月23日,五層,
RPSOMLLKPHHGFDC97CC,44,61.41,國民住宅,鋼筋混凝土造,67年8月9日,五層,
RPUOMLLKPHHGFDC38EC,31,51.49,住家用,鋼筋混凝土造,80年6月15日,五層,
RPQOMLMKPHHGFDC87CC,44,48.64,住家用,鋼筋混凝土造,67年8月9日,五層,
RPQQMLMKPHHGFDC08CC,33,101.76,住家用,鋼筋混凝土造,78年10月11日,五層,
RPTPMLNKPHHGFDC38CC,39,107.24,住家用,鋼筋混凝土造,72年8月3日,五層,
RPOOMLOKPHHGFDC87CC,1,64.87,集合住宅,鋼筋混凝土造,110年10月14日,九層,
RPOOMLOKPHHGFDC87CC,1,34.00,本建物共有部分之項目有行動不便者電梯、管委會使用空間、樓電梯間、梯廳、中控警衛室、大廳、樓梯間、機械室、水箱、防空避難室兼停車空間、停車空間、走廊、配電室、警衛室、消防泵浦室、汽車坡道、機車停車空間、發電機室、電信室、防空避難室、車道、垃圾儲藏室、機房等共２３項。,鋼筋混凝土造,110年10月14日,九層,
RPROMLOKPHHGFDC18CC,10,91.77,住家用,鋼筋混凝土造,101年6月20日,七層,
RPPOMLOKPHHGFDC97CC,44,46.67,住家用,鋼筋混凝土加強磚造,67年6月26日,四層,
RPROMLOKPHHGFDC18CC,10,36.44,本共有部分之項目有停車空間、防空避難室兼停車空間、樓電梯間、供管委會使用空間、梯廳、樓梯間、機房、水箱、雨遮等共９項。,鋼筋混凝土造,101年6月20日,七層,
RPQOMLNKPHHGFDC97CC,45,93.10,住家用,鋼筋混凝土加強磚造,66年7月20日,四層,
RPTOMLOKPHHGFDC38CC,50,77.05,住家用,加強磚造,61年10月20日,三層,
RPUPMLNKPHHGFDC48CC,23,57.92,住家用,鋼筋混凝土造,88年1月14日,十六層,
RPUPMLNKPHHGFDC48CC,23,8.42,共用部份,鋼筋混凝土造,88年1月14日,十六層,
RPUPMLNKPHHGFDC48CC,23,2.33,共用部份,鋼筋混凝土造,88年1月14日,十六層,
RPUPMLNKPHHGFDC48CC,23,1.41,共用部份,鋼筋混凝土造,88年1月14日,十六層,
RPUPMLNKPHHGFDC48CC,23,.69,共用部份,鋼筋混凝土造,88年1月14日,十六層,
RPVOMLOKPHHGFDC58CC,27,96.90,住家用,鋼筋混凝土造,84年5月19日,七層,
RPVOMLOKPHHGFDC58CC,27,3.40,共用部份,鋼筋混凝土造,84年5月19日,七層,
RPVOMLOKPHHGFDC58CC,27,45.05,共用部份,鋼筋混凝土造,84年5月19日,七層,
RPSOMLOKPHHGFDC28CC,23,92.47,住家用,鋼筋混凝土造,88年1月14日,十五層,
RPSOMLOKPHHGFDC28CC,23,13.49,共用部份,鋼筋混凝土造,88年1月14日,十五層,
RPSOMLOKPHHGFDC28CC,23,4.93,共用部份,鋼筋混凝土造,88年1月14日,十五層,
RPSOMLOKPHHGFDC28CC,23,38.72,共用部份,鋼筋混凝土造,88年1月14日,十五層,
RPSOMLOKPHHGFDC28CC,23,2.19,共用部份,鋼筋混凝土造,88年1月14日,十六層,
RPSOMLOKPHHGFDC28CC,23,1.06,共用部份,鋼筋混凝土造,88年1月14日,十六層,
RPWOMLOKPHHGFDC68CC,54,60.67,住家用,加強磚造,57年8月29日,四層,
RPOQMLPKPHHGFDC18CC,44,31.98,住家用,鋼筋混凝土造,67年6月26日,十二層,
RPOQMLPKPHHGFDC18CC,44,4.50,共用部份,鋼筋混凝土造,67年6月26日,十二層,
RPUPMLOKPHHGFDC58CC,26,74.53,住家用,鋼筋混凝土造,85年2月17日,十層,
RPUPMLOKPHHGFDC58CC,26,9.39,共用部份,鋼筋混凝土造,85年2月17日,十層,
RPUPMLOKPHHGFDC58CC,26,16.06,共用部份,鋼筋混凝土造,85年2月17日,十層,
RPUQMLPKPHHGFDC78CC,24,107.02,住家用,鋼筋混凝土造,87年8月31日,五層,
RPUQMLPKPHHGFDC78CC,24,16.70,共用部份,鋼筋混凝土造,87年8月31日,五層,
RPQPMLOKPHHGFDC18CC,25,57.25,住家用,鋼筋混凝土造,86年1月25日,十二層,
RPQPMLOKPHHGFDC18CC,25,11.86,共用部份,鋼筋混凝土造,86年1月25日,十二層,
RPPQMLPKPHHGFDC28CC,3,42.56,集合住宅,鋼筋混凝土造,108年2月12日,十四層,
RPQPMLOKPHHGFDC18CC,25,9.43,共用部份,鋼筋混凝土造,86年1月25日,十二層,
RPPQMLPKPHHGFDC28CC,3,8.47,本共有部分之項目有樓電梯間、梯廳、樓梯間、設備室、機械室及水箱等六項,鋼筋混凝土造,108年2月12日,十四層,
RPPQMLPKPHHGFDC28CC,3,12.44,本共有部分之項目有車道、住宅門廳、排煙室兼梯廳、樓電梯間、陽台、防空避難室兼停車空間、受電箱、安全梯、台電配電場所、電信室、機房、儲藏室、機械設備室、機械室、排煙室、樓梯間、貯藏室、管委會使用空間、門廳及住宅挑高門廳等二十項,鋼筋混凝土造,108年2月12日,十四層,
RPRQMLPKPHHGFDC48CC,68,288.20,住商用,加強磚造,43年2月1日,三層,
RPTQMLPKPHHGFDC68CC,40,79.95,住家用,鋼筋混凝土造,71年6月1日,五層,
RPOPMLOKPHHGFDC97CC,42,82.29,住家用,鋼筋混凝土造,69年3月8日,五層,
RPXNMLSKPHHGFDC09CC,42,87.86,住家用,鋼筋混凝土造,69年6月26日,五層,
RPWOMLSKPHHGFDC09CC,27,73.09,住家用,鋼筋混凝土造,84年8月1日,十二層,
RPWOMLSKPHHGFDC09CC,27,12.00,共用部份,鋼筋混凝土造,84年8月1日,十二層,
RPWOMLSKPHHGFDC09CC,27,3.48,共用部份,鋼筋混凝土造,84年8月1日,十二層,
RPXOMLTKPHHGFDC66CC,34,114.34,國民住宅,加強磚造,77年1月28日,二層,
RPUNMLTKPHHGFDC88CC,3,98.11,集合住宅,鋼筋混凝土造,108年2月12日,十四層,
RPUNMLTKPHHGFDC88CC,3,18.88,本共有部分之項目有樓電梯間、梯廳、樓梯間、設備室、機械室及水箱等六項,鋼筋混凝土造,108年2月12日,十四層,
RPUNMLTKPHHGFDC88CC,3,27.22,本共有部分之項目有車道、住宅門廳、排煙室兼梯廳、樓電梯間、陽台、防空避難室兼停車空間、受電箱、安全梯、台電配電場所、電信室、機房、儲藏室、機械設備室、機械室、排煙室、樓梯間、貯藏室、管委會使用空間、門廳及住宅挑高門廳等二十項,鋼筋混凝土造,108年2月12日,十四層,
RPOPMLTKPHHGFDC48CC,40,74.33,住家用,鋼筋混凝土造,71年6月3日,五層,
RPVOMLTKPHHGFDC09CC,5,54.28,集合住宅,鋼筋混凝土造,106年11月9日,十層,
RPVOMLTKPHHGFDC09CC,5,27.78,本共有部分之項目有防空避難室兼停車空間、台電配電室、梯廳、排煙室、昇降機、信箱區、公共陽台、泳池、泳池水箱、安全梯、水箱、機房、雨水機房、消防機房、供行動不便者使用樓梯、發電機室、垃圾儲藏室、電信機房、停車空間、供管委會使用空間、供行動不便者使用電梯、門廊、男廁、女廁、梯間、消防水箱及陽台等二十七項,鋼筋混凝土造,106年11月9日,十層,
RPPPMLTKPHHGFDC58CC,25,100.58,住家用,鋼筋混凝土造,86年6月7日,六層,
RPQOMLTKPHHGFDC58CC,26,38.43,住家用,鋼筋混凝土造,85年12月9日,七層,
RPPPMLTKPHHGFDC58CC,25,9.31,共用部份,鋼筋混凝土造,86年6月7日,六層,
RPQOMLTKPHHGFDC58CC,26,5.57,共用部份,鋼筋混凝土造,85年12月9日,七層,
RPPPMLTKPHHGFDC58CC,25,3.75,共用部份,鋼筋混凝土造,86年6月7日,六層,
RPQOMLTKPHHGFDC58CC,26,12.41,共用部份,鋼筋混凝土造,85年12月9日,七層,
RPPPMLTKPHHGFDC58CC,25,40.83,共用部份,鋼筋混凝土造,86年6月7日,六層,
RPWOMLTKPHHGFDC56CC,42,75.92,住家用,鋼筋混凝土造,69年9月5日,四層,
RPWOMLKLPHHGFDC38CC,24,25.81,住家用,鋼筋混凝土造,88年1月14日,十二層,
RPWOMLKLPHHGFDC38CC,24,5.23,共用部份,鋼筋混凝土造,88年1月14日,十二層,
RPWOMLKLPHHGFDC38CC,24,4.35,共用部份,鋼筋混凝土造,88年1月14日,十三層,
RPXOMLKLPHHGFDC48CC,41,65.12,住家用,鋼筋混凝土造,70年10月14日,四層,
RPVNMLKLPHHGFDC18CC,32,99.71,辦公室,鋼筋混凝土造,79年4月19日,十層,
RPPPMLKLPHHGFDC77CC,35,64.96,住家用,鋼筋混凝土造,77年1月12日,五層,
RPWNMLLLPHHGFDC38CC,29,83.51,住家用,鋼筋混凝土造,82年10月13日,七層,
RPWNMLLLPHHGFDC38CC,29,25.99,共用部份,鋼筋混凝土造,82年10月13日,七層,
RPWNMLLLPHHGFDC38CC,29,12.61,共用部份,鋼筋混凝土造,82年10月13日,七層,
RPTOMLLLPHHGFDC18CC,23,91.37,住家用,鋼筋混凝土造,88年1月14日,十六層,
RPTOMLLLPHHGFDC18CC,23,12.41,共用部份,鋼筋混凝土造,88年1月14日,十六層,
RPTOMLLLPHHGFDC18CC,23,1.11,共用部份,鋼筋混凝土造,88年1月14日,十六層,
RPTOMLLLPHHGFDC18CC,23,3.30,共用部份,鋼筋混凝土造,88年1月14日,十六層,
RPTOMLLLPHHGFDC18CC,23,41.38,共用部份,鋼筋混凝土造,88年1月14日,十六層,
RPQPMLLLPHHGFDC18EC,27,32.94,住家用,鋼筋混凝土造,84年1月18日,十二層,
RPTOMLLLPHHGFDC18CC,23,2.24,共用部份,鋼筋混凝土造,88年1月14日,十六層,
RPVNMLMLPHHGFDC38CC,25,53.01,住家用,鋼筋混凝土造,86年5月8日,十一層,
RPQPMLLLPHHGFDC18EC,27,4.35,共用部份,鋼筋混凝土造,84年1月18日,十二層,
RPTOMLLLPHHGFDC18CC,23,1.09,共用部份,鋼筋混凝土造,88年1月14日,十六層,
RPUNMLLLPHHGFDC18CC,26,31.78,住家用,鋼筋混凝土造,85年4月26日,十六層,
RPUNMLLLPHHGFDC18CC,26,6.02,共用部份,鋼筋混凝土造,85年4月26日,十六層,
RPVNMLMLPHHGFDC38CC,25,1.15,共用部份,鋼筋混凝土造,86年5月8日,十一層,
RPUNMLLLPHHGFDC18CC,26,3.75,共用部份,鋼筋混凝土造,85年4月26日,十六層,
RPOOMLMLPHHGFDC77CC,27,116.21,住家用,鋼筋混凝土造,84年3月2日,八層,
RPOOMLMLPHHGFDC77CC,27,25.67,共用部份,鋼筋混凝土造,84年3月2日,八層,
RPVNMLMLPHHGFDC38CC,25,12.38,共用部份,鋼筋混凝土造,86年5月8日,十一層,
RPVNMLMLPHHGFDC38CC,25,.59,共用部份,鋼筋混凝土造,86年5月8日,十一層,
RPPOMLMLPHHGFDC87CC,23,79.68,住家用,鋼筋混凝土造,88年1月22日,七層,
RPPOMLMLPHHGFDC87CC,23,15.00,共用部份,鋼筋混凝土造,88年1月22日,七層,
RPPOMLMLPHHGFDC87CC,23,5.32,共用部份,鋼筋混凝土造,88年1月22日,七層,
RPWNMLMLPHHGFDC48CC,40,87.50,住家用,鋼筋混凝土造,71年5月21日,五層,
RPPOMLMLPHHGFDC87CC,23,34.92,共用部份,鋼筋混凝土造,88年1月22日,七層,
RPVNMLLLPHHGFDC28CC,23,70.64,住家用,鋼筋混凝土造,88年11月22日,九層,
RPPOMLMLPHHGFDC87CC,23,2.11,共用部份,鋼筋混凝土造,88年1月22日,七層,
RPVNMLLLPHHGFDC28CC,23,15.12,共用部份,鋼筋混凝土造,88年11月22日,九層,
RPVNMLLLPHHGFDC28CC,23,.01,共用部份,鋼筋混凝土造,88年11月22日,九層,
RPQOMLMLPHHGFDC97CC,29,45.25,住家用,鋼筋混凝土造,82年8月19日,五層,
RPQOMLMLPHHGFDC97CC,29,3.92,共用部份,鋼筋混凝土造,82年8月19日,五層,
RPSOMLMLPHHGFDC18CC,5,64.75,集合住宅,鋼筋混凝土造,106年11月9日,十層,
RPSOMLMLPHHGFDC18CC,5,32.66,本共有部分之項目有防空避難室兼停車空間、台電配電室、梯廳、排煙室、昇降機、信箱區、公共陽台、泳池、泳池水箱、安全梯、水箱、機房、雨水機房、消防機房、供行動不便者使用樓梯、發電機室、垃圾儲藏室、電信機房、停車空間、供管委會使用空間、供行動不便者使用電梯、門廊、男廁、女廁、梯間、消防水箱及陽台等二十七項,鋼筋混凝土造,106年11月9日,十層,
RPVOMLMLPHHGFDC48CC,40,87.85,住家用,鋼筋混凝土造,71年6月3日,五層,
RPSOMLPLPHHGFDC48CC,1,70.00,集合住宅,鋼筋混凝土造,110年10月14日,九層,
RPSOMLPLPHHGFDC48CC,1,36.41,本建物共有部分之項目有行動不便者電梯、管委會使用空間、樓電梯間、梯廳、中控警衛室、大廳、樓梯間、機械室、水箱、防空避難室兼停車空間、停車空間、走廊、配電室、警衛室、消防泵浦室、汽車坡道、機車停車空間、發電機室、電信室、防空避難室、車道、垃圾儲藏室、機房等共２３項。,鋼筋混凝土造,110年10月14日,九層,
RPUOMLMLPHHGFDC38CC,35,91.91,住家用,鋼筋混凝土造,76年3月23日,五層,
RPOOMLPLPHHGFDC08CC,49,80.60,住家用,鋼筋混凝土加強磚造,63年1月19日,四層,
RPXOMLPLPHHGFDC98CC,26,83.83,住家用,鋼筋混凝土造,85年11月29日,二十三層,
RPXOMLPLPHHGFDC98CC,26,15.09,共用部份,鋼筋混凝土造,85年11月29日,二十三層,
RPXOMLPLPHHGFDC98CC,26,6.09,共用部份,鋼筋混凝土造,85年11月29日,二十三層,
RPXOMLPLPHHGFDC98CC,26,6.94,共用部份,鋼筋混凝土造,85年11月29日,二十三層,
RPTOMLPLPHHGFDC58CC,43,77.30,住家用,鋼筋混凝土造,68年2月23日,四層,
RPQPMLPLPHHGFDC38CC,,38.76,住家用,磚造,,一層,
RPOPMLPLPHHGFDC18CC,45,85.52,住家用,鋼筋混凝土加強磚造,66年8月13日,四層,
RPVPMLPLPHHGFDC88CC,54,.00,住家用,加強磚造,57年12月28日,五層,
RPTNMLRLPHHGFDC68CC,28,73.10,住家用,鋼筋混凝土造,83年10月3日,五層,
RPTNMLRLPHHGFDC68CC,28,9.01,共用部份,鋼筋混凝土造,83年10月3日,五層,
RPXOMLRLPHHGFDC56CC,40,80.96,住家用,鋼筋混凝土造,71年12月9日,五層,
RPXOMLRLPHHGFDC56CC,40,8.19,共用部份,鋼筋混凝土造,71年12月9日,五層,
RPOPMLRLPHHGFDC38CC,53,68.02,住家用,加強磚造,58年8月2日,四層,
RPQPMLRLPHHGFDC58CC,28,70.42,住家用,鋼筋混凝土造,83年10月15日,五層,
RPQPMLRLPHHGFDC58CC,28,2.38,共用部份,鋼筋混凝土造,83年10月15日,五層,
RPQPMLRLPHHGFDC58CC,28,6.43,共用部份,鋼筋混凝土造,83年10月15日,五層,
RPQOMLRLPHHGFDC48CC,25,100.12,國民住宅,鋼筋混凝土造,86年6月30日,十四層,
RPQOMLRLPHHGFDC48CC,25,18.34,共用部份,鋼筋混凝土造,86年6月30日,十四層,
RPQOMLRLPHHGFDC48CC,25,35.29,共用部份,鋼筋混凝土造,86年6月30日,十四層,
RPTOMLRLPHHGFDC78CC,28,102.78,住家用,鋼筋混凝土造,84年1月18日,十二層,
RPSPMLRLPHHGFDC78CC,39,95.87,住家用,鋼筋混凝土造,72年9月6日,五層,
RPRPMLRLPHHGFDC68CC,41,153.52,住家用,鋼筋混凝土造,70年8月15日,四層,
RPTOMLRLPHHGFDC78CC,28,40.75,共用部份,鋼筋混凝土造,84年1月18日,十二層,
RPTOMLSLPHHGFDC88CC,40,94.51,住家用,鋼筋混凝土造,71年10月23日,七層,
RPTOMLSLPHHGFDC88CC,40,15.77,共用部份,鋼筋混凝土造,71年10月23日,七層,
RPQPMLSLPHHGFDC68CC,27,123.85,住家用,鋼筋混凝土造,84年5月25日,七層,
RPQPMLSLPHHGFDC68CC,27,60.84,共用部份,鋼筋混凝土造,84年5月25日,七層,
RPVPMLSLPHHGFDC56CC,43,84.32,住家用,鋼筋混凝土造,68年3月31日,五層,
RPOOMLTLPHHGFDC48CC,40,87.02,住家用,鋼筋混凝土造,71年4月26日,四層,
RPOOMLTLPHHGFDC48CC,40,5.50,共用部份,鋼筋混凝土造,71年4月26日,四層,
RPWPMLSLPHHGFDC66CC,25,54.24,住家用,鋼筋混凝土造,86年5月8日,十一層,
RPWPMLSLPHHGFDC66CC,25,1.18,共用部份,鋼筋混凝土造,86年5月8日,十一層,
RPWPMLSLPHHGFDC66CC,25,.78,共用部份,鋼筋混凝土造,86年5月8日,十一層,
RPXPMLSLPHHGFDC76CC,24,83.06,住家用,鋼筋混凝土造,88年1月22日,五層,
RPWPMLSLPHHGFDC66CC,25,8.57,共用部份,鋼筋混凝土造,86年5月8日,十一層,
RPTPMLSLPHHGFDC98CC,10,101.11,集合住宅,鋼筋混凝土造,101年6月26日,十三層,
RPXPMLSLPHHGFDC76CC,24,7.72,共用部份,鋼筋混凝土造,88年1月22日,五層,
RPWPMLSLPHHGFDC66CC,25,.60,共用部份,鋼筋混凝土造,86年5月8日,十一層,
RPTPMLSLPHHGFDC98CC,10,39.50,本共有部分之項目有樓電梯間．消防水池．消防泵浦室．日用水箱．管道間．污水機房．電信機房．發電機室．台電配電室．管委會使用空間．門廳．大廳．儲藏室．騎樓．樓梯間．機械室．水箱等共１７項。,鋼筋混凝土造,101年6月26日,十三層,
RPXPMLSLPHHGFDC76CC,24,5.32,共用部份,鋼筋混凝土造,88年1月22日,七層,
RPPNMLKMPHHGFDC67CC,24,413.31,商業用,鋼筋混凝土造,87年2月19日,十三層,
RPTPMLSLPHHGFDC98CC,10,28.94,本共有部分之項目有停車空間及停車空間兼防空避難室共２項。,鋼筋混凝土造,101年6月26日,十三層,
RPXPMLSLPHHGFDC76CC,24,34.92,共用部份,鋼筋混凝土造,88年1月22日,七層,
RPXPMLSLPHHGFDC76CC,24,2.11,共用部份,鋼筋混凝土造,88年1月22日,七層,
RPVNMLLJQHHGFDC18CC,42,82.29,國民住宅,鋼筋混凝土造,69年3月8日,五層,
RPSOMLLJQHHGFDC97CC,24,102.00,住家用,鋼筋混凝土造,88年1月14日,十五層,
RPVPMLLJQHHGFDC38CC,3,98.11,集合住宅,鋼筋混凝土造,108年2月12日,十四層,
RPSOMLLJQHHGFDC97CC,24,19.58,共用部份,鋼筋混凝土造,88年1月14日,十五層,
RPVPMLLJQHHGFDC38CC,3,18.88,本共有部分之項目有樓電梯間、梯廳、樓梯間、設備室、機械室及水箱等六項,鋼筋混凝土造,108年2月12日,十四層,
RPSOMLLJQHHGFDC97CC,24,5.42,共用部份,鋼筋混凝土造,88年1月14日,十五層,
RPSOMLLJQHHGFDC97CC,24,38.72,共用部份,鋼筋混凝土造,88年1月14日,十五層,
RPSOMLLJQHHGFDC97CC,24,2.40,共用部份,鋼筋混凝土造,88年1月14日,十六層,
RPVPMLLJQHHGFDC38CC,3,27.22,本共有部分之項目有車道、住宅門廳、排煙室兼梯廳、樓電梯間、陽台、防空避難室兼停車空間、受電箱、安全梯、台電配電場所、電信室、機房、儲藏室、機械設備室、機械室、排煙室、樓梯間、貯藏室、管委會使用空間、門廳及住宅挑高門廳等二十項,鋼筋混凝土造,108年2月12日,十四層,
RPSOMLLJQHHGFDC97CC,24,1.19,共用部份,鋼筋混凝土造,88年1月14日,十六層,
RPOPMLLJQHHGFDC67CC,24,50.84,住家用,鋼筋混凝土造,88年1月14日,十六層,
RPOPMLLJQHHGFDC67CC,24,12.65,共用部份,鋼筋混凝土造,88年1月14日,十六層,
RPOPMLLJQHHGFDC67CC,24,2.27,共用部份,鋼筋混凝土造,88年1月14日,十六層,
RPOPMLLJQHHGFDC67CC,24,36.54,共用部份,鋼筋混凝土造,88年1月14日,十六層,
RPOPMLLJQHHGFDC67CC,24,1.30,共用部份,鋼筋混凝土造,88年1月14日,十六層,
RPOPMLLJQHHGFDC67CC,24,.64,共用部份,鋼筋混凝土造,88年1月14日,十六層,
RPPOMLMJQHHGFDC77CC,3,93.61,集合住宅,鋼筋混凝土造,108年2月12日,十四層,
RPPOMLMJQHHGFDC77CC,3,17.53,本共有部分之項目有樓電梯間、梯廳、樓梯間、設備室、機械室及水箱等六項,鋼筋混凝土造,108年2月12日,十四層,
RPPOMLMJQHHGFDC77CC,3,25.66,本共有部分之項目有車道、住宅門廳、排煙室兼梯廳、樓電梯間、陽台、防空避難室兼停車空間、受電箱、安全梯、台電配電場所、電信室、機房、儲藏室、機械設備室、機械室、排煙室、樓梯間、貯藏室、管委會使用空間、門廳及住宅挑高門廳等二十項,鋼筋混凝土造,108年2月12日,十四層,
RPSQMLLJQHHGFDC18CC,27,73.09,住家用,鋼筋混凝土造,84年8月1日,十二層,
RPSQMLLJQHHGFDC18CC,27,12.00,共用部份,鋼筋混凝土造,84年8月1日,十二層,
RPSQMLLJQHHGFDC18CC,27,3.48,共用部份,鋼筋混凝土造,84年8月1日,十二層,
RPXPMLLJQHHGFDC58CC,49,74.20,住家用,鋼筋混凝土加強磚造,62年3月30日,四層,
RPROMLMJQHHGFDC97CC,25,28.24,住家用,鋼筋混凝土造,86年11月21日,十八層,
RPROMLMJQHHGFDC97CC,25,6.45,共用部份,鋼筋混凝土造,86年11月21日,十八層,
RPTOMLMJQHHGFDC18CC,39,87.69,住家用,鋼筋混凝土造,72年12月24日,四層,
RPROMLMJQHHGFDC97CC,25,2.38,共用部份,鋼筋混凝土造,86年11月21日,二十一層,
RPTOMLMJQHHGFDC18CC,39,1.41,共用部份,鋼筋混凝土造,72年12月24日,四層,
RPTQMLLJQHHGFDC28CC,32,114.90,住家用,鋼筋混凝土造,79年5月31日,五層,
RPTQMLLJQHHGFDC28CC,32,1.35,共用部份,鋼筋混凝土造,79年5月31日,五層,
RPTQMLLJQHHGFDC28CC,32,5.75,共用部份,鋼筋混凝土造,79年5月31日,五層,
RPQOMLMJQHHGFDC87CC,3,74.32,集合住宅,鋼筋混凝土造,108年2月12日,十四層,
RPQOMLMJQHHGFDC87CC,3,13.74,本共有部分之項目有樓電梯間、梯廳、樓梯間、設備室、機械室及水箱等六項,鋼筋混凝土造,108年2月12日,十四層,
RPQOMLMJQHHGFDC87CC,3,18.66,本共有部分之項目有車道、住宅門廳、排煙室兼梯廳、樓電梯間、陽台、防空避難室兼停車空間、受電箱、安全梯、台電配電場所、電信室、機房、儲藏室、機械設備室、機械室、排煙室、樓梯間、貯藏室、管委會使用空間、門廳及住宅挑高門廳等二十項,鋼筋混凝土造,108年2月12日,十四層,
RPUOMLMJQHHGFDC28CC,28,37.65,住家用,鋼筋混凝土造,84年1月21日,五層,
RPUOMLMJQHHGFDC28CC,28,1.83,共用部份,鋼筋混凝土造,84年1月21日,五層,
RPSOMLMJQHHGFDC08CC,28,115.32,住家用,鋼筋混凝土造,83年7月19日,五層,
RPSOMLMJQHHGFDC08CC,28,2.49,共用部份,鋼筋混凝土造,83年7月19日,五層,
RPWPMLMJQHHGFDC58CC,26,24.89,住家用,鋼筋混凝土造,85年11月29日,二十三層,
RPWPMLMJQHHGFDC58CC,26,4.19,共用部份,鋼筋混凝土造,85年11月29日,二十三層,
RPWPMLMJQHHGFDC58CC,26,1.54,共用部份,鋼筋混凝土造,85年11月29日,二十三層,
RPWPMLMJQHHGFDC58CC,26,1.93,共用部份,鋼筋混凝土造,85年11月29日,二十三層,
RPOOMLNJQHHGFDC77CC,5,55.06,集合住宅,鋼筋混凝土造,106年11月9日,十層,
RPOOMLNJQHHGFDC77CC,5,28.03,本共有部分之項目有防空避難室兼停車空間、台電配電室、梯廳、排煙室、昇降機、信箱區、公共陽台、泳池、泳池水箱、安全梯、水箱、機房、雨水機房、消防機房、供行動不便者使用樓梯、發電機室、垃圾儲藏室、電信機房、停車空間、供管委會使用空間、供行動不便者使用電梯、門廊、男廁、女廁、梯間、消防水箱及陽台等二十七項,鋼筋混凝土造,106年11月9日,十層,
RPTPMLOJQHHGFDC48CC,44,48.64,國民住宅,鋼筋混凝土造,67年8月9日,五層,
RPPPMLOJQHHGFDC08CC,24,28.70,住家用,鋼筋混凝土造,87年11月20日,五層,
RPPPMLOJQHHGFDC08CC,24,10.62,共用部份,鋼筋混凝土造,87年11月20日,五層,
RPQPMLOJQHHGFDC18CC,40,88.60,住家用,鋼筋混凝土造,71年5月24日,四層,
RPTRMLSJQHHGFDC09CC,26,83.98,住家用,鋼筋混凝土造,85年3月9日,十六層,
RPTRMLSJQHHGFDC09CC,26,.07,共用部份,鋼筋混凝土造,85年3月9日,十七層,
RPTRMLSJQHHGFDC09CC,26,2.87,共用部份,鋼筋混凝土造,85年3月9日,十七層,
RPTRMLSJQHHGFDC09CC,26,17.27,共用部份,鋼筋混凝土造,85年3月9日,十六層,
RPURMLSJQHHGFDC56CC,34,45.74,住家用,加強磚造,77年7月16日,三層,
RPSPMLOJQHHGFDC38CC,25,65.45,住家用,鋼筋混凝土造,86年11月21日,十七層,
RPSPMLOJQHHGFDC38CC,25,9.50,共用部份,鋼筋混凝土造,86年11月21日,十七層,
RPSPMLOJQHHGFDC38CC,25,5.60,共用部份,鋼筋混凝土造,86年11月21日,二十一層,
RPVRMLSJQHHGFDC66CC,39,89.20,國民住宅,鋼筋混凝土造,72年7月29日,五層,
RPWRMLSJQHHGFDC76CC,39,94.50,住家用,鋼筋混凝土造,72年7月29日,五層,
RPXRMLSJQHHGFDC86CC,53,87.32,住家用,加強磚造,58年6月23日,四層,
RPOSMLSJQHHGFDC68CC,43,82.52,住家用,鋼筋混凝土造,69年1月24日,五層,
RPPSMLSJQHHGFDC78CC,26,35.40,住家用,鋼筋混凝土造,85年5月8日,十六層,
RPUSMLSJQHHGFDC66CC,24,83.06,住家用,鋼筋混凝土造,88年1月22日,五層,
RPPSMLSJQHHGFDC78CC,27,.08,共用部份,鋼筋混凝土造,84年7月25日,十六層,
RPUSMLSJQHHGFDC66CC,24,7.72,共用部份,鋼筋混凝土造,88年1月22日,五層,
RPPSMLSJQHHGFDC78CC,27,1.20,共用部份,鋼筋混凝土造,84年7月25日,十六層,
RPUSMLSJQHHGFDC66CC,24,5.32,共用部份,鋼筋混凝土造,88年1月22日,七層,
RPPSMLSJQHHGFDC78CC,27,4.06,共用部份,鋼筋混凝土造,84年7月25日,十六層,
RPUSMLSJQHHGFDC66CC,24,1.73,共用部份,鋼筋混凝土造,88年1月22日,七層,
RPUSMLSJQHHGFDC66CC,24,2.11,共用部份,鋼筋混凝土造,88年1月22日,七層,
RPQOMLTJQHHGFDC58CC,42,83.32,住家用,鋼筋混凝土造,69年10月28日,四層,
RPXSMLSJQHHGFDC96CC,32,128.47,住家用,鋼筋混凝土造,80年1月25日,五層,
RPXSMLSJQHHGFDC96CC,32,10.55,共用部份,鋼筋混凝土造,80年1月25日,五層,
RPSSMLSJQHHGFDC09CC,25,80.57,住家用,鋼筋混凝土造,86年12月26日,七層,
RPXPMLKKQHHGFDC58CC,28,80.90,住家用,鋼筋混凝土造,84年1月17日,五層,
RPXPMLKKQHHGFDC58CC,28,14.20,共用部份,鋼筋混凝土造,84年1月17日,五層,
RPSSMLSJQHHGFDC09CC,25,23.44,共用部份,鋼筋混凝土造,86年12月26日,七層,
RPRSMLSJQHHGFDC98CC,24,57.92,住家用,鋼筋混凝土造,88年1月14日,十五層,
RPRSMLSJQHHGFDC98CC,24,8.32,共用部份,鋼筋混凝土造,88年1月14日,十五層,
RPRSMLSJQHHGFDC98CC,24,.70,共用部份,鋼筋混凝土造,88年1月14日,十六層,
RPRSMLSJQHHGFDC98CC,24,2.10,共用部份,鋼筋混凝土造,88年1月14日,十六層,
RPRSMLSJQHHGFDC98CC,24,1.41,共用部份,鋼筋混凝土造,88年1月14日,十六層,
RPRSMLSJQHHGFDC98CC,24,.69,共用部份,鋼筋混凝土造,88年1月14日,十六層,
RPROMLTJQHHGFDC68CC,30,168.65,住家用,鋼筋混凝土造,81年11月3日,十七層,
RPROMLTJQHHGFDC68CC,30,19.34,共用部份,鋼筋混凝土造,81年11月3日,十七層,
RPRQMLKKQHHGFDC08CC,44,38.95,,鋼筋混凝土造,67年11月24日,四層,
RPQQMLKKQHHGFDC97CC,13,95.86,住家用,鋼筋混凝土造,98年6月24日,十二層,
RPQQMLKKQHHGFDC97CC,13,17.11,共用部份,鋼筋混凝土造,98年6月24日,十四層,
RPQQMLKKQHHGFDC97CC,13,19.35,共用部份,鋼筋混凝土造,98年6月24日,十二層,
