﻿鄉鎮市區,交易標的,土地位置建物門牌,土地面積平方公尺,都市土地使用分區,非都市土地使用分區,非都市土地使用編定,租賃年月日,租賃筆棟數,租賃層次,總樓層數,建物型態,主要用途,主要建材,建築完成年月,建物總面積平方公尺,建物現況格局-房,建物現況格局-廳,建物現況格局-衛,建物現況格局-隔間,有無管理組織,有無附傢俱,總額元,單價元平方公尺,車位類別,車位面積平方公尺,車位總額元,備註,編號
The villages and towns urban district,transaction sign,land sector position building sector house number plate,land shifting total area square meter,the use zoning or compiles and checks,the non-metropolis land use district,non-metropolis land use,transaction year month and day,transaction pen number,shifting level,total floor number,building state,main use,main building materials,construction to complete the years,building shifting total area,Building present situation pattern - room,building present situation pattern - hall,building present situation pattern - health,building present situation pattern - compartmented,Whether there is manages the organization,Whether there is attaches the furniture,total price NTD,the unit price (NTD / square meter),the berth category,berth shifting total area square meter,the berth total price NTD,the note,serial number
宜蘭市,建物,宜蘭縣宜蘭市民族路４３５號七樓,0.0,住,,,1110504,土地0建物1車位0,七層,7,華廈(10層含以下有電梯),住家用,鋼筋混凝土造,0851220,103.34,3,1,1,有,有,有,15000,145,,0.0,0,,RPRNMLLKNHHGFBG77CC
礁溪鄉,建物,宜蘭縣礁溪鄉復興街３５號五樓,0.0,住,,,1110506,土地0建物1車位0,見其他登記事項,5,公寓(5樓含以下無電梯),住家用,鋼筋混凝土造,0851203,121.77,3,2,3,有,無,有,10000,82,,0.0,0,水電費、瓦斯費、網路費皆由承租人負擔。,RPXPMLLKNHHGFBG58CC
宜蘭市,建物,宜蘭縣宜蘭市泰山路１８８號三樓之三,0.0,住,,,1110506,土地0建物1車位0,三層,6,套房(1房1廳1衛),住家用,鋼筋混凝土造,0941011,28.3,1,0,1,有,有,有,5500,194,,0.0,0,水電費、瓦斯費、網路費及每月管理費390元皆由承租人負擔。,RPOQMLLKNHHGFBG77CC
蘇澳鎮,建物,宜蘭縣蘇澳鎮馬賽路３０９號,0.0,住,,,1110509,土地0建物1車位0,全,4,透天厝,住商用,鋼筋混凝土造,0850215,168.13000000000002,4,2,3,有,無,有,12000,71,,0.0,0,水電費、瓦斯費、網路費皆由承租人負擔。,RPWOMLLKNHHGFAG28CC
五結鄉,建物,宜蘭縣五結鄉五結中路三段６６６號十樓之３,0.0,商,,,1110509,土地0建物1車位1,十層,13,住宅大樓(11層含以上有電梯),集合住宅,鋼筋混凝土（ＲＣ）,1080711,125.7,2,1,1,有,有,有,12000,95,坡道平面,37.22,0,水電費、瓦斯費、網路費皆由承租人負擔。,RPOPMLLKNHHGFAG57CC
宜蘭市,建物,宜蘭縣宜蘭市大坡路一段３９號二樓之五,0.0,住,,,1110511,土地0建物1車位0,二層,12,住宅大樓(11層含以上有電梯),辦公室﹒住宅,鋼筋混凝土造,0830414,569.2,2,1,2,有,有,有,14200,25,,0.0,0,,RPOPMLNKNHHGFBG87CC
員山鄉,建物,宜蘭縣員山鄉溫泉路１巷２０號,0.0,住,,,1110511,土地0建物1車位0,全,2,透天厝,住家用,鋼筋混凝土造,0701125,114.64,3,2,2,有,無,有,13000,113,,0.0,0,,RPPPMLNKNHHGFBG97CC
頭城鎮,建物,宜蘭縣頭城鎮河堤路８號３樓之９,0.0,住,,,1110505,土地0建物1車位0,三層,8,套房(1房1廳1衛),集合住宅,鋼筋混凝土造,1080103,87.41,1,1,1,有,有,有,15000,172,,0.0,0,,RPQQMLNKNHHGFBG18CC
宜蘭市,建物,宜蘭縣宜蘭市舊城北路１１０號４樓,0.0,商,,,1110430,土地0建物1車位0,四層,7,華廈(10層含以下有電梯),住家用,鋼筋混凝土造,0851220,191.07999999999998,3,1,3,有,有,有,16000,84,,0.0,0,水電瓦斯、網路費及每月管理費400元由承租人負擔。,RPRQMLNKNHHGFBG28CC
羅東鎮,建物,宜蘭縣羅東鎮體育路１７巷１８弄２號,0.0,住,,,1110504,土地0建物1車位0,一層,4,公寓(5樓含以下無電梯),住家用,鋼筋混凝土造,0670412,81.43,2,2,1,有,無,有,10000,123,,0.0,0,每月水電瓦斯、網路費由承租人負擔。,RPROMLQKNHHGFAG28CC
宜蘭市,建物,宜蘭縣宜蘭市林森路３１１巷４０號３樓,0.0,住,,,1110505,土地0建物1車位0,三層,5,套房(1房1廳1衛),住家用,鋼筋混凝土造,0840501,55.21,1,1,1,有,有,有,9800,178,,0.0,0,水電瓦斯、網路費及每月管理費850元由承租人負擔。,RPOOMLRKNHHGFBG18CC
宜蘭市,建物,宜蘭縣宜蘭市民權新路１７１之６號,0.0,住,,,1110517,土地0建物1車位0,七層,7,華廈(10層含以下有電梯),住家用,鋼筋混凝土造,0811215,127.56,3,1,2,有,有,有,11500,90,,0.0,0,,RPVNMLTKNHHGFBG98CC
宜蘭市,建物,宜蘭縣宜蘭市民族路４３３號五樓,0.0,住,,,1110518,土地0建物1車位0,五層,7,華廈(10層含以下有電梯),住家用,鋼筋混凝土造,0851220,58.24,1,1,1,有,有,有,7000,120,,0.0,0,,RPXNMLTKNHHGFBG56CC
五結鄉,房地(土地+建物),宜蘭縣五結鄉溪濱路二段２１１號,657.62,,特定農業區,甲種建築用地,1110511,土地1建物1車位0,全,2,透天厝,住家用,加強磚造．ＲＣ加強磚造,0641101,296.32,4,3,3,有,無,有,15000,51,,0.0,0,,RPRNMLNLNHHGFAG97CC
羅東鎮,建物,宜蘭縣羅東鎮康莊路７５之１號三樓,0.0,住,,,1110515,土地0建物1車位1,三層,7,華廈(10層含以下有電梯),住家用,鋼筋混凝土造,0821211,134.82,4,1,2,有,無,有,15000,111,坡道平面,0.0,0,,RPTNMLNLNHHGFAG18CC
羅東鎮,建物,宜蘭縣羅東鎮和平路１２８之２０號,0.0,商,,,1110520,土地0建物1車位0,三層,4,公寓(5樓含以下無電梯),住家用,鋼筋混凝土造,0660312,76.19,3,1,1,有,有,有,13000,171,,0.0,0,,RPXNMLNLNHHGFAG58CC
羅東鎮,建物,宜蘭縣羅東鎮光華街１９號,99.0,住,,,1110520,土地0建物1車位0,全,2,透天厝,住家用,鋼筋混凝土加強磚造,0720815,133.93,0,0,2,有,無,無,19500,146,,0.0,0,民國111年5月20日交屋至111年6月30日為免租金整理期。,RPROMLOLNHHGFAG18CC
羅東鎮,建物,宜蘭縣羅東鎮中山路三段３０８號２樓B室,0.0,商,,,1110520,土地0建物0車位0,二層,3,套房(1房1廳1衛),住商用,鋼筋混凝土加強磚造,0660614,18.0,1,1,1,有,無,有,5000,278,,0.0,0,,RPTOMLOLNHHGFAG38CC
羅東鎮,建物,宜蘭縣羅東鎮中山路三段４０３號１樓,0.0,商,,,1110523,土地0建物1車位0,一層,4,店面(店鋪),店舖、停車空間、住宅,鋼筋混凝土造,0950313,72.95,0,0,1,有,無,有,30000,411,,0.0,0,,RPXOMLOLNHHGFAG78CC
羅東鎮,建物,宜蘭縣羅東鎮中山路二段３６２號,48.14,其他,,,1110522,土地0建物1車位0,見其他登記事項,1,店面(店鋪),住家用,磚造,0530105,47.5,4,2,2,有,無,無,13000,274,,0.0,0,,RPOPMLOLNHHGFAG97CC
羅東鎮,建物,宜蘭縣羅東鎮站東路１７０巷３號３樓之１,0.0,住,,,1110521,土地0建物0車位0,三層,3,套房(1房1廳1衛),住家用,鋼筋混凝土造,1030402,34.26,1,1,1,有,無,有,7000,204,,0.0,0,,RPPPMLOLNHHGFAG08CC
頭城鎮,建物,宜蘭縣頭城鎮復興路１６８號７樓之７,0.0,住,,,1110513,土地0建物1車位0,七層,23,套房(1房1廳1衛),集合住宅,鋼筋混凝土造,1070427,84.00999999999999,1,0,1,有,有,有,12000,143,,0.0,0,水電瓦斯、網路費及每月管理費1850元由承租人負擔。,RPQOMLOLNHHGFBG18CC
宜蘭市,建物,宜蘭縣宜蘭市舊城西路９之７號１樓,0.0,其他,,,1110516,土地0建物1車位1,一層,4,公寓(5樓含以下無電梯),住家用,鋼筋混凝土造,0740129,91.54,3,1,2,有,無,有,15000,164,坡道平面,0.0,0,每月水電瓦斯、網路費由承租人負擔。本案車位無產權面積。,RPOPMLOLNHHGFBG08CC
宜蘭市,建物,宜蘭縣宜蘭市舊城南路４０號,0.0,商,,,1110516,土地0建物1車位0,全,4,透天厝,住商用,鋼筋混凝土造,0941007,43.38,1,0,1,有,無,有,9500,219,,0.0,0,,RPSNMLPLNHHGFBG38CC
宜蘭市,建物,宜蘭縣宜蘭市長春路１１３號,0.0,住,,,1110509,土地0建物1車位0,全,3,透天厝,住家用,鋼筋混凝土加強磚造,,80.44,1,2,1,有,無,有,12000,149,,0.0,0,,RPUNMLPLNHHGFBG58CC
宜蘭市,建物,宜蘭縣宜蘭市縣政一街４５號四樓之二,0.0,住,,,1110523,土地0建物1車位1,四層,8,華廈(10層含以下有電梯),集合住宅,鋼筋混凝土造,1000414,188.81,3,1,2,有,有,有,15000,79,坡道平面,0.0,0,,RPOOMLPLNHHGFBG08CC
頭城鎮,建物,宜蘭縣頭城鎮復興路６６號之９,0.0,住,,,1110430,土地0建物0車位0,三層,3,套房(1房1廳1衛),住商用,鋼筋混凝土造,0870921,13.9,1,0,1,有,無,無,3000,216,,0.0,0,,RPROMLPLNHHGFBG38CC
羅東鎮,建物,宜蘭縣羅東鎮義和巷５之３號,0.0,商,,,1110517,土地0建物1車位0,二層,5,公寓(5樓含以下無電梯),住家用,鋼筋混凝土造,0680915,51.8,2,1,1,有,無,有,10500,203,,0.0,0,每月水電瓦斯、網路費由承租人負擔。,RPVOMLPLNHHGFAG68CC
宜蘭市,建物,宜蘭縣宜蘭市農權路三段７９巷３號６樓之７,0.0,商,,,1110517,土地0建物1車位0,六層,7,華廈(10層含以下有電梯),住家用,鋼筋混凝土造,0860312,111.25,3,2,2,有,有,有,16000,144,,0.0,0,每月水電瓦斯、網路費由承租人負擔。,RPOPMLQLNHHGFBG28CC
羅東鎮,建物,宜蘭縣羅東鎮光華街１８號三樓之２,0.0,商,,,1110527,土地0建物1車位0,三層,6,華廈(10層含以下有電梯),住家用,鋼筋混凝土造,0821105,98.76,2,1,1,有,有,有,13000,132,,0.0,0,,RPWNMLRLNHHGFAG88CC
蘇澳鎮,建物,宜蘭縣蘇澳鎮永樂路１４７號,0.0,,一般農業區,甲種建築用地,1110526,土地0建物1車位0,全,2,透天厝,住家用,鋼筋混凝土加強磚造,0690908,113.7,2,2,2,有,無,有,7500,66,,0.0,0,,RPXNMLRLNHHGFAG98CC
羅東鎮,建物,宜蘭縣羅東鎮純精路二段１９９號四樓之２,0.0,住,,,1110525,土地0建物1車位1,四層,10,華廈(10層含以下有電梯),住家用,鋼筋混凝土造,0830804,166.31,3,1,2,有,有,有,8000,48,坡道機械,0.0,0,水電瓦斯費、網路費及每月管理費1600元由承租人負擔。,RPOOMLRLNHHGFAG18CC
羅東鎮,建物,宜蘭縣羅東鎮興東路２６３號六樓之１,0.0,商,,,1110525,土地0建物1車位0,六層,9,華廈(10層含以下有電梯),住家用,鋼筋混凝土造,0821009,76.47,2,1,1,有,有,有,12000,157,,0.0,0,水電瓦斯費、網路費由承租人負擔。,RPQOMLRLNHHGFAG38CC
五結鄉,建物,宜蘭縣五結鄉季水路清水一巷９號三樓,0.0,,鄉村區,乙種建築用地,1110526,土地0建物1車位0,三層,5,華廈(10層含以下有電梯),住家用,鋼筋混凝土造,0870602,159.56,3,1,2,有,有,有,9000,56,,0.0,0,,RPTOMLRLNHHGFAG68CC
冬山鄉,建物,宜蘭縣冬山鄉興安路２４巷１６號,0.0,,鄉村區,乙種建築用地,1110523,土地0建物1車位0,全,2,透天厝,住家用,鋼筋混凝土加強磚造,0671018,234.34,3,1,4,有,無,有,15000,64,,0.0,0,每月水電瓦斯、網路費由承租人負擔。,RPQOMLKMNHHGFAG77CC
壯圍鄉,建物,宜蘭縣壯圍鄉紅葉路９９之１１號,0.0,,一般農業區,甲種建築用地,1110519,土地0建物1車位0,全,3,透天厝,住家用,鋼筋混凝土造,0861229,174.42,3,2,3,有,無,有,9000,52,,0.0,0,每月水電瓦斯、網路費由承租人負擔。,RPOPMLKMNHHGFBG77CC
宜蘭市,建物,宜蘭縣宜蘭市舊城南路４０號,0.0,商,,,1110516,土地0建物0車位0,全,4,透天厝,住商用,鋼筋混凝土造,0941007,14.61,1,0,1,有,無,無,6500,445,,0.0,0,,RPSNMLLMNHHGFBG08CC
礁溪鄉,建物,宜蘭縣礁溪鄉德陽街１９之３號五樓,0.0,住,,,1110530,土地0建物1車位0,五層,6,華廈(10層含以下有電梯),住家用,鋼筋混凝土造,0850108,51.19,1,0,1,有,有,有,11000,215,,0.0,0,,RPROMLLJOHHGFBG87CC
冬山鄉,建物,宜蘭縣冬山鄉進福路７０巷２７號四樓,0.0,,特定農業區,甲種建築用地,1110530,土地0建物1車位0,四層,4,公寓(5樓含以下無電梯),住家用,鋼筋混凝土造,0850820,96.53,3,1,2,有,無,有,8500,88,,0.0,0,,RPOOMLLJOHHGFAG47CC
羅東鎮,建物,宜蘭縣羅東鎮康莊路７５之２號三樓,0.0,住,,,1110530,土地0建物1車位1,三層,7,華廈(10層含以下有電梯),住家用,鋼筋混凝土造,0821211,134.82,3,2,1,有,有,有,16500,122,坡道平面,0.0,500,,RPPOMLLJOHHGFAG57CC
五結鄉,房地(土地+建物),宜蘭縣五結鄉臺興路１０５號１樓,25.31,住,,,1110601,土地3建物1車位0,一層,6,華廈(10層含以下有電梯),住家用,鋼筋混凝土造,0860123,129.49,0,0,0,無,無,有,10000,77,,0.0,0,,RPTOMLMJOHHGFAG08CC
宜蘭市,建物,宜蘭縣宜蘭市凱旋路１２９巷８號六樓之一,0.0,住,,,1110527,土地0建物1車位1,六層,9,華廈(10層含以下有電梯),集合住宅,鋼筋混凝土造,1000415,179.75,3,1,2,有,有,有,16000,89,坡道平面,0.0,0,水電瓦斯費、網路費及每月管理費1850元由承租人負擔。,RPOOMLMJOHHGFBG67CC
礁溪鄉,建物,宜蘭縣礁溪鄉仁愛路１９８號７樓之１６,0.0,住,,,1110519,土地0建物1車位0,七層,13,套房(1房1廳1衛),集合住宅,鋼筋混凝土造,1051108,44.37,1,1,1,有,有,有,20000,451,,0.0,0,,RPPNMLPJOHHGFBG97CC
礁溪鄉,建物,宜蘭縣礁溪鄉德陽路２３１巷１４弄３１號９樓之１０,0.0,住,,,1110518,土地0建物1車位0,九層,14,套房(1房1廳1衛),集合住宅,鋼筋混凝土造,1030825,55.47,1,1,1,有,有,有,20000,361,,0.0,0,,RPQNMLPJOHHGFBG08CC
礁溪鄉,建物,宜蘭縣礁溪鄉和平路９３之１０號５樓,0.0,住,,,1110513,土地0建物1車位0,五層,7,套房(1房1廳1衛),住家用,鋼筋混凝土造,0820708,40.36,1,1,1,有,有,有,7500,186,,0.0,0,,RPRPMLQJOHHGFBG48CC
頭城鎮,建物,宜蘭縣頭城鎮吉祥路９-１號,0.0,住,,,1110530,土地0建物0車位0,一層,3,店面(店鋪),停車空間、住宅、樓梯間,鋼筋混凝土造,1100909,37.03,0,0,0,無,無,有,7500,203,,0.0,0,,RPOQMLRJOHHGFBG38CC
頭城鎮,建物,宜蘭縣頭城鎮復興路６６號之９,0.0,住,,,1110606,土地0建物0車位0,三層,3,套房(1房1廳1衛),住商用,鋼筋混凝土造,0870921,13.9,1,0,1,有,無,無,3000,216,,0.0,0,,RPQQMLRJOHHGFBG58CC
羅東鎮,建物,宜蘭縣羅東鎮南宜一路２５號５樓,0.0,住,,,1110604,土地0建物1車位0,五層,7,華廈(10層含以下有電梯),住家用,鋼筋混凝土造,0821231,115.25999999999999,3,2,2,有,無,無,11000,95,,0.0,0,,RPVOMLRJOHHGFAG78CC
蘇澳鎮,建物,宜蘭縣蘇澳鎮中山路一段９６之１號,0.0,商,,,1110602,土地0建物1車位0,十層,10,華廈(10層含以下有電梯),住家用,鋼筋混凝土造,0700603,192.27,2,1,2,有,無,有,12000,62,,0.0,0,,RPTOMLSJOHHGFAG68CC
羅東鎮,建物,宜蘭縣羅東鎮中山路四段１２３巷１號五樓之６,0.0,住,,,1110602,土地0建物1車位0,五層,6,華廈(10層含以下有電梯),住家用,鋼筋混凝土造,0870528,106.51,3,1,2,有,有,有,12000,113,,0.0,0,,RPVOMLSJOHHGFAG88CC
宜蘭市,建物,宜蘭縣宜蘭市旋流路１８０號,0.0,,特定農業區,甲種建築用地,1110606,土地0建物1車位0,全,3,透天厝,住宅、梯間,鋼筋混凝土造,1040211,205.86,5,2,4,有,無,有,29000,141,,0.0,0,,RPSOMLSJOHHGFBG68CC
羅東鎮,建物,宜蘭縣羅東鎮東宜一路３３號６樓之３,0.0,商,,,1110601,土地0建物1車位0,六層,13,華廈(10層含以下有電梯),集合住宅,鋼筋混凝土（ＲＣ）,1101115,125.52,2,1,1,有,無,有,20000,159,,0.0,0,,RPPNMLTJOHHGFAG28CC
羅東鎮,建物,宜蘭縣羅東鎮維揚路５５巷５５號,0.0,住,,,1110530,土地0建物1車位0,全,2,透天厝,住家用,鋼筋混凝土加強磚造,0650618,92.93,3,2,2,有,無,有,9000,97,,0.0,0,每月水電瓦斯、網路費由承租人另外負擔。,RPUOMLKKOHHGFAG08CC
蘇澳鎮,建物,宜蘭縣蘇澳鎮隘界路１７２號,0.0,住,,,1110601,土地0建物1車位0,全,2,透天厝,住家用,鋼筋混凝土造,0740417,107.07,3,2,2,有,無,有,12000,112,,0.0,0,每月水電瓦斯、網路費由承租人另外負擔。,RPVOMLKKOHHGFAG18CC
宜蘭市,建物,宜蘭縣宜蘭市女中路三段３２０巷５５號２樓,0.0,住,,,1110531,土地0建物1車位0,二層,6,華廈(10層含以下有電梯),住家用,鋼筋混凝土造,0850105,109.44999999999999,3,2,2,有,有,有,12600,115,,0.0,0,,RPPNMLKKOHHGFBG57CC
員山鄉,建物,宜蘭縣員山鄉深蓁路７７巷２７號,0.0,,特定農業區,農牧用地,1110608,土地0建物1車位0,全,2,透天厝,農舍,鋼筋混凝土造,0900221,159.92,4,2,2,有,無,有,15000,94,,0.0,0,水電瓦斯費、網路費由承租人負擔。,RPXPMLKKOHHGFBG58CC
宜蘭市,建物,宜蘭縣宜蘭市宜興路三段７號五樓之十一,0.0,住,,,1110608,土地0建物1車位0,五層,6,套房(1房1廳1衛),集合住宅,鋼筋混凝土造,1030701,43.59,1,0,1,有,有,有,7500,172,,0.0,0,水電瓦斯費、網路費及每月管理費520元由承租人負擔。,RPOQMLKKOHHGFBG77CC
礁溪鄉,建物,宜蘭縣礁溪鄉礁溪路四段９３巷２號４樓,0.0,住,,,1110602,土地0建物1車位0,四層,5,公寓(5樓含以下無電梯),住家用,鋼筋混凝土加強磚造,0700717,80.34,3,1,1,有,無,有,9000,112,,0.0,0,每月水電瓦斯、網路費由承租人另外負擔。,RPTNMLNKOHHGFBG28CC
蘇澳鎮,建物,宜蘭縣蘇澳鎮蘇東中路１４號７樓之９,0.0,商,,,1110531,土地0建物1車位0,七層,11,套房(1房1廳1衛),住家用,鋼筋混凝土造,0720719,36.57,1,1,1,有,無,有,7500,205,,0.0,0,每月水電瓦斯、網路費由承租人另外負擔。,RPUOMLNKOHHGFAG38CC
蘇澳鎮,建物,宜蘭縣蘇澳鎮聖賢路３３１巷１８號七樓,0.0,住,,,1110613,土地0建物1車位1,六層,6,華廈(10層含以下有電梯),住家用,鋼筋混凝土造,0850307,136.03,4,1,2,有,有,有,13000,96,一樓平面,0.0,0,,RPPNMLRKOHHGFAG18CC
羅東鎮,房地(土地+建物),宜蘭縣羅東鎮站前北路１５巷７號,98.58,住,,,1110329,土地1建物1車位0,全,3,透天厝,住家用,鋼筋混凝土造,0921225,219.47,5,3,5,有,無,無,26000,118,,0.0,0,,RPQOMLRKOHHGFAG38CC
壯圍鄉,建物,宜蘭縣壯圍鄉莊敬路１６之２號,0.0,住,,,1110410,土地0建物1車位0,全,3,透天厝,騎樓、住宅、梯間,鋼筋混凝土造,1071107,153.2,4,2,3,有,無,有,17000,111,,0.0,0,,RPXNMLRKOHHGFBG09CC
羅東鎮,建物,宜蘭縣羅東鎮天祥路３４５號五樓之１,0.0,住,,,1110615,土地0建物1車位1,五層,6,華廈(10層含以下有電梯),住家用,鋼筋混凝土造,0850213,116.95,3,1,2,有,有,有,15000,128,坡道平面,0.0,0,水電瓦斯費、網路費及每月管理費700元由承租人負擔。,RPRNMLKLOHHGFAG77CC
羅東鎮,建物,宜蘭縣羅東鎮公正路５５７號五樓之５,0.0,住,,,1110615,土地0建物1車位0,五層,12,住宅大樓(11層含以上有電梯),住家用,鋼筋混凝土造,0840925,107.97,3,2,2,有,有,有,15000,139,,0.0,0,水電瓦斯費、網路費由承租人負擔。,RPTNMLKLOHHGFAG97CC
蘇澳鎮,建物,宜蘭縣蘇澳鎮志成路６號五樓,0.0,其他,,,1110615,土地0建物1車位0,五層,5,華廈(10層含以下有電梯),住家用,鋼筋混凝土造,0841227,111.16,3,1,2,有,有,有,11000,99,,0.0,0,水電瓦斯費、網路費及管理費每年4000元由承租人負擔。,RPVNMLLLOHHGFAG28CC
蘇澳鎮,建物,宜蘭縣蘇澳鎮信義路１９號,0.0,住,,,1110610,土地0建物1車位0,全,3,透天厝,住商用,鋼筋混凝土造,0850423,244.13,6,3,8,有,無,有,18000,74,,0.0,0,每月水電瓦斯、網路費由承租人負擔。,RPOOMLLLOHHGFAG67CC
羅東鎮,建物,宜蘭縣羅東鎮站前南路８９號６樓,0.0,住,,,1110610,土地0建物1車位0,六層,7,華廈(10層含以下有電梯),住家用,鋼筋混凝土造,0850216,74.19,2,1,1,有,有,有,13500,182,,0.0,0,每月水電瓦斯、網路費由承租人另外負擔。,RPPOMLLLOHHGFAG77CC
宜蘭市,建物,宜蘭縣宜蘭市女中路三段３２７號５樓之１９,0.0,住,,,1110613,土地0建物1車位0,五層,6,套房(1房1廳1衛),住家用,鋼筋混凝土造,0940914,30.44,1,0,1,有,有,有,6500,214,,0.0,0,每月水電瓦斯、網路費由承租人另外負擔。,RPXNMLLLOHHGFBG58CC
羅東鎮,房地(土地+建物),宜蘭縣羅東鎮公正路２８９-５號１樓,0.0,住,,,1110610,土地0建物1車位0,一層,12,住宅大樓(11層含以上有電梯),商店,鋼筋混凝土造,0840331,132.19,0,0,1,有,無,無,28444,215,,0.0,0,,RPOPMLMLOHHGFAG87CC
宜蘭市,建物,宜蘭縣宜蘭市陽明路１３１巷９３號六樓之二,0.0,工,,,1110621,土地0建物1車位0,六層,6,華廈(10層含以下有電梯),住家用,鋼筋混凝土加強磚造,0700228,136.24,3,1,2,有,無,有,15000,110,,0.0,0,,RPPPMLNLOHHGFBG18CC
宜蘭市,建物,宜蘭縣宜蘭市黎明三路一段５７巷１６號五樓,0.0,住,,,1110621,土地0建物1車位0,五層,8,華廈(10層含以下有電梯),住家用,鋼筋混凝土造,0840410,84.61,2,1,1,有,有,有,11000,130,,0.0,0,,RPXPMLNLOHHGFBG98CC
宜蘭市,建物,宜蘭縣宜蘭市大坡路一段１１６巷５弄２０號四樓,0.0,住,,,1110624,土地0建物1車位0,四層,6,華廈(10層含以下有電梯),住家用,鋼筋混凝土造,0840415,98.78,2,1,2,有,有,有,15000,152,,0.0,0,,RPUPMLRLOHHGFBG09CC
五結鄉,建物,宜蘭縣五結鄉中興路三段３５２號,68.23,住,,,1110619,土地0建物1車位0,全,3,透天厝,住家用,鋼筋混凝土造,1001222,165.39,4,1,4,有,無,有,24000,145,,0.0,0,111年6月19日至111年6月30日為免租金整理期。,RPVNMLRLOHHGFAG88CC
羅東鎮,建物,宜蘭縣羅東鎮公正路５５７號８樓之３,0.0,住,,,1110619,土地0建物1車位1,八層,12,住宅大樓(11層含以上有電梯),住家用,鋼筋混凝土造,0840925,148.23000000000002,3,2,2,有,有,有,13500,91,坡道平面,0.0,0,水電瓦斯、網路費及每月管理費1450元由承租人另外負擔。,RPQNMLSLOHHGFAG48CC
頭城鎮,建物,宜蘭縣頭城鎮復興路６６號之９,0.0,住,,,1110620,土地0建物0車位0,二層,3,套房(1房1廳1衛),住商用,鋼筋混凝土造,0870921,13.9,1,0,1,有,無,無,3000,216,,0.0,0,,RPQNMLSLOHHGFBG58CC
頭城鎮,建物,宜蘭縣頭城鎮復興路６６號之９,0.0,住,,,1110620,土地0建物0車位0,二層,3,套房(1房1廳1衛),住商用,鋼筋混凝土造,0870921,13.9,1,0,1,有,無,無,3000,216,,0.0,0,,RPSNMLSLOHHGFBG78CC
宜蘭市,建物,宜蘭縣宜蘭市進士路９４巷７之４號,0.0,住,,,1110622,土地0建物1車位0,五層,5,公寓(5樓含以下無電梯),住家用,鋼筋混凝土造,0710227,103.39,3,1,2,有,無,有,13000,126,,0.0,0,,RPTNMLSLOHHGFBG88CC
羅東鎮,建物,宜蘭縣羅東鎮維揚路１２之１號一樓,0.0,住,,,1110627,土地0建物1車位0,一層,3,店面(店鋪),店舖．住宅,鋼筋混凝土造,0970924,53.82,0,0,1,有,無,無,15000,279,,0.0,0,,RPWNMLTLOHHGFAG56CC
礁溪鄉,建物,宜蘭縣礁溪鄉中山路一段３１２號五樓,0.0,住,,,1110624,土地0建物1車位1,五層,7,華廈(10層含以下有電梯),住家用,鋼筋混凝土造,0840127,159.38,3,1,2,有,有,有,17000,107,坡道平面,0.0,0,水電瓦斯費、網路費由承租人負擔。,RPSNMLKMOHHGFBG08CC
礁溪鄉,建物,宜蘭縣礁溪鄉德陽路２２１之１號六樓之五,0.0,住,,,1110627,土地0建物1車位0,六層,7,套房(1房1廳1衛),住家用,鋼筋混凝土造,0840601,52.92,1,0,1,有,有,有,9500,180,,0.0,0,水電瓦斯費、網路費由承租人負擔。,RPTNMLKMOHHGFBG18CC
頭城鎮,建物,宜蘭縣頭城鎮復興路６６號之９,0.0,住,,,1110629,土地0建物0車位0,二層,3,套房(1房1廳1衛),住商用,鋼筋混凝土造,0870921,13.9,1,0,1,有,無,無,4000,288,,0.0,0,,RPVOMLKMOHHGFBG48CC
羅東鎮,建物,宜蘭縣羅東鎮光武街１２３之８號,0.0,住,,,1110624,土地0建物1車位0,五層,5,公寓(5樓含以下無電梯),住家用,鋼筋混凝土造,0691008,110.95,3,2,2,有,無,有,12000,108,,0.0,0,水電瓦斯費、網路費由承租人負擔。,RPWNMLLJPHHGFAG28CC
礁溪鄉,建物,宜蘭縣礁溪鄉塭底路１０５號５樓,0.0,,一般農業區,甲種建築用地,1110628,土地0建物1車位0,五層,8,住宅大樓(11層含以上有電梯),住家用,鋼筋混凝土造,0841102,101.08,3,2,3,有,有,有,7200,71,,0.0,0,,RPUPMLOJPHHGFBG68CC
礁溪鄉,建物,宜蘭縣礁溪鄉信義路３４巷６號５樓之２３,0.0,商,,,1110628,土地0建物1車位1,五層,13,套房(1房1廳1衛),辦公室,鋼筋混凝土造,0971231,54.56,1,1,1,有,有,有,11000,202,坡道機械,0.0,0,坡道機械車位，一戶一位，先到先停,RPXNMLPJPHHGFBG88CC
礁溪鄉,建物,宜蘭縣礁溪鄉和平路９３之１號三樓,0.0,住,,,1110628,土地0建物1車位0,三層,7,套房(1房1廳1衛),住家用,鋼筋混凝土造,0820708,46.11,1,1,1,有,有,有,7300,158,,0.0,0,,RPROMLPJPHHGFBG38CC
冬山鄉,土地,柯林二段850地號,5455.33,,特定農業區,農牧用地,1110622,土地3建物0車位0,,,其他,,,,0.0,0,0,0,有,無,無,30000,5,,0.0,0,,RPQPMLPJPHHGFAG28CC
蘇澳鎮,建物,宜蘭縣蘇澳鎮志成路２７６號,0.0,住,,,1110701,土地0建物1車位0,全,3,透天厝,住宅．商店．儲藏室,鋼筋混凝土造,0840413,203.18,4,1,3,有,無,有,12000,59,,0.0,0,,RPTNMLQJPHHGFAG48CC
五結鄉,建物,宜蘭縣五結鄉大興路２００巷５號５樓,0.0,,特定農業區,甲種建築用地,1110627,土地0建物1車位0,五層,5,華廈(10層含以下有電梯),住家用,鋼筋混凝土造,0840906,88.82000000000001,3,1,2,有,有,有,13000,146,,0.0,0,水電瓦斯、網路費及每月管理費500元由承租人另外負擔。,RPVOMLQJPHHGFAG78CC
羅東鎮,建物,宜蘭縣羅東鎮樹人路４６號３樓之３,0.0,住,,,1110630,土地0建物1車位0,三層,7,華廈(10層含以下有電梯),住家用,鋼筋混凝土造,0851126,110.0,3,1,2,有,有,有,13500,123,,0.0,0,水電瓦斯、網路費及每月管理費800元由承租人另外負擔。,RPXOMLQJPHHGFAG98CC
冬山鄉,建物,宜蘭縣冬山鄉義成路三段５９０巷３２弄６號九樓,0.0,住,,,1110701,土地0建物1車位0,九層,9,華廈(10層含以下有電梯),住家用,鋼筋混凝土造,0951229,73.02,2,1,1,有,有,有,11000,151,,0.0,0,水電瓦斯費、網路費由承租人負擔。,RPOPMLQJPHHGFAG18CC
羅東鎮,建物,宜蘭縣羅東鎮天祥路１９３號,98.0,住,,,1110705,土地0建物1車位0,見其他登記事項,1,店面(店鋪),住家用,磚石造,0360101,56.88,2,2,2,有,無,有,15000,264,,0.0,0,,RPOQMLQJPHHGFAG28CC
礁溪鄉,建物,宜蘭縣礁溪鄉仁愛路１１０號七樓之三,0.0,住,,,1110704,土地0建物1車位0,七層,8,華廈(10層含以下有電梯),住家用,鋼筋混凝土造,0860903,65.71000000000001,1,1,1,有,有,有,8500,129,,0.0,0,,RPRNMLQJPHHGFBG38CC
宜蘭市,建物,宜蘭縣宜蘭市中山路一段６９１號,0.0,其他,,,1110629,土地0建物1車位0,全,4,透天厝,店舖、辦公室、住宅、樓梯間,鋼筋混凝土造,1041225,63.31,1,1,2,有,無,無,12500,197,,0.0,0,,RPTNMLQJPHHGFBG58CC
宜蘭市,建物,宜蘭縣宜蘭市中山路一段６９３號,0.0,其他,,,1110629,土地0建物1車位0,全,4,透天厝,店舖、辦公室、住宅、樓梯間,鋼筋混凝土造,1041225,69.74,1,1,2,有,無,無,12500,179,,0.0,0,,RPUNMLQJPHHGFBG68CC
宜蘭市,建物,宜蘭縣宜蘭市軍民路５巷５８號４樓,0.0,住,,,1110628,土地0建物1車位0,四層,4,公寓(5樓含以下無電梯),住家用,鋼筋混凝土造,0690908,91.26,3,2,2,有,無,有,10000,110,,0.0,0,每月水電瓦斯、網路費由承租人另外負擔。,RPSOMLQJPHHGFBG58CC
宜蘭市,建物,宜蘭縣宜蘭市女中路三段３２７號六樓之十六,0.0,住,,,1110704,土地0建物1車位0,六層,6,華廈(10層含以下有電梯),住家用,鋼筋混凝土造,0940914,30.119999999999997,1,0,1,有,有,有,6000,199,,0.0,0,另附機車停車位1位,RPQOMLRJPHHGFBG48CC
宜蘭市,建物,宜蘭縣宜蘭市中山路二段１４５號１１樓之１,0.0,住,,,1110627,土地0建物1車位0,十一層,12,住宅大樓(11層含以上有電梯),住家用,鋼筋混凝土造,0890427,150.43,3,2,2,有,無,有,15000,100,,0.0,0,,RPOPMLRJPHHGFBG38CC
五結鄉,建物,宜蘭縣五結鄉中里路２０號,2405.79,工,,,1110701,土地0建物1車位0,見其他登記事項,2,工廠,防空避難室．廠房．辦公室．倉庫,鋼筋混凝土造,0770719,704.7,0,0,1,有,無,有,110000,,,0.0,0,,RPQNMLRJPHHGFAG28CC
宜蘭市,建物,宜蘭縣宜蘭市延平路６０巷２弄６之４號,0.0,住,,,1110617,土地0建物1車位0,五層,6,華廈(10層含以下有電梯),住家用,鋼筋混凝土造,0820526,97.81,3,2,2,有,無,有,14000,143,,0.0,0,,RPVNMLSJPHHGFBG98CC
羅東鎮,建物,宜蘭縣羅東鎮培英路１０７之２號五樓,0.0,商,,,1110706,土地0建物1車位1,五層,6,華廈(10層含以下有電梯),住家用,鋼筋混凝土造,0960817,131.99,3,2,2,有,有,有,13500,102,坡道平面,0.0,0,水電瓦斯費、網路費及每月管理費1600元由承租人負擔。,RPXNMLLKPHHGFAG48CC
冬山鄉,建物,宜蘭縣冬山鄉光明路４３號,0.0,其他,,,1110707,土地0建物1車位0,全,3,透天厝,住家用,鋼筋混凝土加強磚造,0680123,243.9,3,3,3,有,無,有,11000,45,,0.0,0,水電瓦斯費、網路費由承租人負擔。,RPTNMLMKPHHGFAG18CC
宜蘭市,建物,宜蘭縣宜蘭市神農路一段２１２號,0.0,住,,,1110626,土地0建物1車位0,見其他登記事項,2,店面(店鋪),住家用,鋼筋混凝土加強磚造,,134.88,0,0,0,無,無,無,30000,222,,0.0,0,,RPTNMLMKPHHGFBG28CC
宜蘭市,建物,宜蘭縣宜蘭市林森路３１１巷３０號四樓,0.0,其他,,,1110612,土地0建物1車位0,四層,5,華廈(10層含以下有電梯),住家用,鋼筋混凝土造,0840501,64.07,2,2,2,有,有,無,11000,172,,0.0,0,,RPOOMLMKPHHGFBG87CC
頭城鎮,建物,宜蘭縣頭城鎮復興路１６８號９樓之６,0.0,住,,,1110620,土地0建物1車位0,九層,23,套房(1房1廳1衛),集合住宅,鋼筋混凝土造,1070427,84.00999999999999,1,1,1,有,有,有,15500,185,,0.0,0,,RPROMLNKPHHGFBG28CC
礁溪鄉,土地,三皇段675-3地號,1090.91,工,,,1110523,土地2建物0車位0,,,其他,,,,0.0,0,0,0,有,無,無,35000,32,,0.0,0,,RPSOMLNKPHHGFBG38CC
礁溪鄉,建物,宜蘭縣礁溪鄉溫泉路３７號四樓之３,0.0,商,,,1110712,土地0建物1車位0,四層,12,住宅大樓(11層含以上有電梯),住家用,鋼筋混凝土造,0861125,38.66,1,0,1,有,有,有,8000,207,,0.0,0,,RPXNMLOKPHHGFBG88CC
宜蘭市,建物,宜蘭縣宜蘭市校舍一路１０３巷１０號二樓,0.0,住,,,1110713,土地0建物1車位0,二層,7,華廈(10層含以下有電梯),住家用,鋼筋混凝土造,0830524,122.23,4,1,2,有,有,有,13000,106,,0.0,0,附有機車停車位1個,RPROMLOKPHHGFBG38CC
宜蘭市,建物,宜蘭縣宜蘭市文昌路５５之１號,0.0,商,,,1110714,土地0建物1車位0,全,4,透天厝,住商用,鋼筋混凝土造,0741022,168.52,5,1,4,有,無,有,15000,89,,0.0,0,,RPQPMLPKPHHGFBG48CC
蘇澳鎮,建物,宜蘭縣蘇澳鎮中山路一段９６之１號,0.0,商,,,1110712,土地0建物1車位0,五層,10,華廈(10層含以下有電梯),住家用,鋼筋混凝土造,0700603,231.46,3,1,2,有,無,有,12000,52,,0.0,0,,RPXNMLPKPHHGFAG88CC
礁溪鄉,建物,宜蘭縣礁溪鄉和平路１０８號１１樓之３,0.0,住,,,1110715,土地0建物1車位1,十一層,11,套房(1房1廳1衛),集合住宅,鋼筋混凝土造,1050608,47.25,1,1,1,有,有,有,18000,381,坡道機械,0.0,0,車位編號:機械14,RPPNMLRKPHHGFBG38CC
員山鄉,建物,宜蘭縣員山鄉金山西路２２２號,0.0,住,,,1110714,土地0建物1車位0,全,4,透天厝,住家用,鋼筋混凝土造,0830715,200.35,4,1,3,有,無,有,13000,65,,0.0,0,,RPUNMLSKPHHGFBG98CC
羅東鎮,建物,宜蘭縣羅東鎮新群南路３４７巷６號,0.0,,特定農業區,甲種建築用地,1110705,土地0建物1車位0,全,2,透天厝,住家用,鋼筋混凝土加強磚造,0701231,109.52,3,1,2,有,無,有,13000,119,,0.0,0,每月水電瓦斯、網路費由承租人另外負擔。,RPUNMLSKPHHGFAG88CC
冬山鄉,建物,宜蘭縣冬山鄉廣興路６８２巷９５號,0.0,,特定農業區,甲種建築用地,1110706,土地0建物1車位0,全,4,透天厝,住家用,鋼筋混凝土造,0830715,197.24,3,3,3,有,無,有,16000,81,,0.0,0,每月水電瓦斯、網路費由承租人另外負擔。,RPVNMLSKPHHGFAG98CC
宜蘭市,建物,宜蘭縣宜蘭市農權路三段１６３巷５號六樓之５,0.0,住,,,1110720,土地0建物1車位1,六層,14,住宅大樓(11層含以上有電梯),集合住宅,鋼筋混凝土造,1100330,118.14,2,1,1,有,有,有,17500,148,坡道平面,0.0,0,,RPQOMLKLPHHGFBG97CC
宜蘭市,建物,宜蘭縣宜蘭市中山路一段７１８號,0.0,其他,,,1110711,土地0建物1車位0,一層,4,店面(店鋪),住家用,鋼筋混凝土造,0751224,61.18,0,0,1,有,無,無,17000,278,,0.0,0,,RPTNMLMLPHHGFBG38CC
宜蘭市,建物,宜蘭縣宜蘭市自強路１２６號６樓之６,0.0,住,,,1110713,土地0建物1車位0,六層,7,套房(1房1廳1衛),住家用,鋼筋混凝土造,0801121,21.990000000000002,1,0,1,有,有,有,5000,227,,0.0,0,每月水電瓦斯、網路費由承租人另外負擔。,RPVNMLMLPHHGFBG58CC
宜蘭市,建物,宜蘭縣宜蘭市進士路二段４７２巷３號２樓,0.0,住,,,1110715,土地0建物1車位0,二層,7,華廈(10層含以下有電梯),住家用,鋼筋混凝土造,0830816,116.22,3,1,2,有,有,有,14000,120,,0.0,0,每月水電瓦斯、網路費由承租人另外負擔。,RPWNMLMLPHHGFBG68CC
宜蘭市,建物,宜蘭縣宜蘭市新興路１７３巷１６號,0.0,住,,,1110715,土地0建物2車位0,全,2,透天厝,住家用,鋼筋混凝土加強磚造,,106.51,3,2,1,有,無,有,9000,84,,0.0,0,每月水電瓦斯、網路費由承租人另外負擔。,RPOOMLMLPHHGFBG97CC
五結鄉,建物,宜蘭縣五結鄉親河路二段８８巷８１號,0.0,,特定農業區,甲種建築用地,1110715,土地0建物1車位0,一層,5,套房(1房1廳1衛),住家用,鋼筋混凝土造,0871127,55.96,1,0,1,有,無,有,8500,152,,0.0,0,每月水電瓦斯、網路費由承租人另外負擔。,RPROMLMLPHHGFAG18CC
羅東鎮,建物,宜蘭縣羅東鎮培英路１３２號三樓之１,0.0,商,,,1110718,土地0建物1車位0,三層,7,華廈(10層含以下有電梯),住家用,鋼筋混凝土造,0841122,114.06,3,1,2,有,無,有,12000,105,,0.0,0,,RPSNMLQLPHHGFAG58CC
宜蘭市,建物,宜蘭縣宜蘭市北津路５巷７號,0.0,住,,,1110720,土地0建物1車位0,全,2,透天厝,住家用,鋼筋混凝土加強磚造,0770310,114.87,3,3,2,有,無,有,15000,131,,0.0,0,,RPSNMLQLPHHGFBG68CC
宜蘭市,建物,宜蘭縣宜蘭市負郭路６１巷８號,0.0,住,,,1110720,土地0建物1車位0,全,2,透天厝,住家用,鋼筋混凝土加強磚造,0650525,83.2,2,1,2,有,無,有,14000,168,,0.0,0,,RPUNMLQLPHHGFBG88CC
宜蘭市,建物,宜蘭縣宜蘭市文昌路１７６之１號,0.0,住,,,1110716,土地0建物1車位0,二層,5,公寓(5樓含以下無電梯),住家用,鋼筋混凝土造,0720818,81.49,3,1,1,有,無,有,13000,160,,0.0,0,,RPVNMLQLPHHGFBG98CC
宜蘭市,建物,宜蘭縣宜蘭市自強路１７１號三樓,0.0,住,,,1110721,土地0建物1車位0,三層,8,套房(1房1廳1衛),住家用,鋼筋混凝土造,0861212,35.26,1,0,1,有,有,有,6500,184,,0.0,0,水電瓦斯費、網路費及每月管理費535元由承租人負擔。,RPSNMLRLPHHGFBG78CC
礁溪鄉,建物,宜蘭縣礁溪鄉大忠路９６號４樓之１０,0.0,住,,,1110721,土地0建物1車位0,四層,9,套房(1房1廳1衛),住家用,鋼筋混凝土造,0880831,44.42,1,1,1,有,有,有,11000,248,,0.0,0,,RPXNMLRLPHHGFBG66CC
宜蘭市,建物,宜蘭縣宜蘭市農權路三段１６３巷１弄５７號五樓,0.0,住,,,1110722,土地0建物1車位0,五層,6,華廈(10層含以下有電梯),住家用,鋼筋混凝土造,0830803,101.15,3,2,2,有,有,有,15000,148,,0.0,0,水電瓦斯費、網路費由承租人負擔。,RPUOMLRLPHHGFBG09CC
三星鄉,建物,宜蘭縣三星鄉農義路二段１５巷７號五樓,0.0,,特定農業區,甲種建築用地,1110722,土地0建物1車位0,五層,5,套房(1房1廳1衛),鄉村住宅,鋼筋混凝土造,0841121,65.34,1,0,1,有,無,有,6000,92,,0.0,0,水電瓦斯費、網路費由承租人負擔。,RPUNMLRLPHHGFAG88CC
宜蘭市,建物,宜蘭縣宜蘭市女中路三段７６號九樓,0.0,住,,,1110725,土地0建物1車位0,九層,9,華廈(10層含以下有電梯),住家用,鋼筋混凝土造,0840622,114.85,3,2,2,有,有,有,14550,127,,0.0,0,,RPOOMLSLPHHGFBG58CC
宜蘭市,建物,宜蘭縣宜蘭市民權路二段２４８號六樓,0.0,住,,,1110725,土地0建物1車位0,六層,6,華廈(10層含以下有電梯),住家用,鋼筋混凝土造,0871105,93.00999999999999,2,2,1,有,有,有,11000,118,,0.0,0,,RPVPMLSLPHHGFBG76CC
宜蘭市,建物,宜蘭縣宜蘭市神農路一段６７號,0.0,住,,,1110725,土地0建物1車位0,全,2,透天厝,住家用,鋼筋混凝土加強磚造,,72.92,0,0,0,無,無,無,30000,411,,0.0,0,,RPVNMLOJQHHGFBG68CC
宜蘭市,建物,宜蘭縣宜蘭市延平路６０巷２弄６之４號,0.0,住,,,1110719,土地0建物1車位0,五層,6,華廈(10層含以下有電梯),住家用,鋼筋混凝土造,0820526,127.04,3,2,2,有,無,有,15000,118,,0.0,0,,RPPPMLPJQHHGFBG38CC
羅東鎮,建物,宜蘭縣羅東鎮中山路二段５００號三樓之１,0.0,商,,,1110726,土地0建物1車位1,三層,5,華廈(10層含以下有電梯),住家用,鋼筋混凝土造,0860815,142.25,3,1,2,有,有,有,14000,98,坡道平面,0.0,0,每月水電瓦斯、網路費由承租人另外負擔。,RPTNMLPJQHHGFAG48CC
礁溪鄉,建物,宜蘭縣礁溪鄉化龍街２２號２樓之２,0.0,住,,,1110804,土地0建物1車位0,二層,7,華廈(10層含以下有電梯),住家用,鋼筋混凝土造,0840904,70.53,1,1,1,有,無,有,7900,112,,0.0,0,,RPPNMLQJQHHGFBG28CC
宜蘭市,建物,宜蘭縣宜蘭市大坡路一段３２號七樓之一,0.0,商,,,1110727,土地0建物1車位0,七層,12,住宅大樓(11層含以上有電梯),辦公室,鋼筋混凝土造,0830820,67.95,2,1,1,有,有,有,11000,162,,0.0,0,每月水電瓦斯、網路費由承租人另外負擔。,RPXOMLSJQHHGFBG76CC
壯圍鄉,建物,宜蘭縣壯圍鄉壯濱路六段２３５巷７號四樓,0.0,,鄉村區,乙種建築用地,1110728,土地0建物1車位0,見其他登記事項,7,華廈(10層含以下有電梯),住家用,鋼筋混凝土造,0820929,134.94,3,2,2,有,有,有,12500,93,,0.0,0,每月水電瓦斯、網路費由承租人另外負擔。,RPOPMLSJQHHGFBG58CC
宜蘭市,建物,宜蘭縣宜蘭市校舍一路１０３巷１號五樓,0.0,住,,,1110801,土地0建物1車位0,五層,7,華廈(10層含以下有電梯),住家用,鋼筋混凝土造,0830524,157.25,4,1,2,有,有,有,9000,57,,0.0,0,機車停車位一個I5,RPPPMLSJQHHGFBG68CC
宜蘭市,建物,宜蘭縣宜蘭市農權路三段３號三樓,0.0,住,,,1110728,土地0建物1車位0,三層,5,公寓(5樓含以下無電梯),住家用,鋼筋混凝土造,0821124,97.03,3,1,2,有,無,有,12500,129,,0.0,0,每月水電瓦斯、網路費由承租人另外負擔。,RPQPMLSJQHHGFBG78CC
礁溪鄉,建物,宜蘭縣礁溪鄉德陽街１９之３號２樓,0.0,住,,,1110720,土地0建物1車位0,二層,6,華廈(10層含以下有電梯),住家用,鋼筋混凝土造,0850108,57.599999999999994,1,0,1,有,無,有,7300,127,,0.0,0,,RPUPMLSJQHHGFBG56CC
蘇澳鎮,建物,宜蘭縣蘇澳鎮蘇東路６之３號５樓,0.0,商,,,1110726,土地0建物1車位0,五層,5,公寓(5樓含以下無電梯),住家用,鋼筋混凝土造,0780307,149.84,3,2,2,有,無,有,8000,53,,0.0,0,每月水電瓦斯、網路費由承租人另外負擔。,RPUNMLSJQHHGFAG88CC
羅東鎮,建物,宜蘭縣羅東鎮北成路一段１６之８號四樓,0.0,住,,,1110726,土地0建物1車位0,四層,6,華廈(10層含以下有電梯),住家用,鋼筋混凝土造,0830419,101.41,2,2,1,有,有,有,15000,148,,0.0,0,,RPVNMLSJQHHGFAG98CC
羅東鎮,建物,宜蘭縣羅東鎮中山西街１４８之９號,0.0,住,,,1110729,土地0建物1車位0,全,3,透天厝,住家用,鋼筋混凝土加強磚造,0601020,80.31,3,1,2,有,無,有,15000,187,,0.0,0,,RPWNMLSJQHHGFAG09CC
礁溪鄉,建物,宜蘭縣礁溪鄉和平路１１２號六樓之一,0.0,住,,,1110804,土地0建物1車位0,六層,17,住宅大樓(11層含以上有電梯),住家用,鋼筋混凝土造,0840316,65.4,2,1,2,有,有,有,12000,183,,0.0,0,,RPQNMLKKQHHGFBG87CC
宜蘭市,建物,宜蘭縣宜蘭市光復路７６號,0.0,商,,,1110804,土地0建物1車位0,見其他登記事項,3,店面(店鋪),店舖、住宅,鋼筋混凝土加強磚造,0630924,50.37,0,0,2,有,無,無,16000,318,,0.0,0,租賃面積約1/3,RPQOMLKKQHHGFBG97CC
宜蘭市,建物,宜蘭縣宜蘭市中山路一段６９３號,0.0,其他,,,1110802,土地0建物1車位0,全,4,透天厝,店舖、辦公室、住宅、樓梯間,鋼筋混凝土造,1041225,73.06,0,0,1,有,無,無,12000,164,,0.0,0,作為工作室使用,RPTOMLKKQHHGFBG28CC
