﻿編號,土地位置,土地移轉面積(平方公尺),使用分區或編定,權利人持分分母,權利人持分分子,移轉情形,地號
The serial number, land position,land shifting area square meter,the use zoning or compiles and checks,,,,land parcel
RPQOMLLKNHHGFAI87CC,末廣段五小段,.00,都市：商,,,,00230003
RPROMLLKNHHGFAI97CC,竹圍子段一小段,.00,都市：住,,,,00260000
RPSOMLLKNHHGFAI08CC,遠東段,.00,都市：住,,,,00680000
RPVOMLLKNHHGFAI38CC,竹圍子段三小段,88.00,都市：住,,,,01230000
RPWNMLMKNHHGFAI48CC,下埤段,102.64,都市：住,,,,12950030
RPWNMLMKNHHGFAI48CC,下埤段,18.18,都市：住,,,,12950013
RPSNMLQKNHHGFAI48CC,下路頭段,.00,,,,,04990109
RPVNMLMKNHHGFAI38CC,北社尾段保安小段,.00,都市：住,,,,06120000
RPSNMLQKNHHGFAI48CC,下路頭段,.00,,,,,04990077
RPOOMLQKNHHGFAI18CC,白川段,.00,都市：住,,,,00160000
RPROMLNKNHHGFAI38EC,埤子頭段,23.25,都市：商,,,,03070003
RPROMLNKNHHGFAI38EC,埤子頭段,5.32,都市：商,,,,03070006
RPSNMLRKNHHGFAI58CC,劉厝段,.00,,,,,00190170
RPVQMLSKNHHGFAI66CC,中山段三小段,62.00,都市：住,,,,00260007
RPVQMLSKNHHGFAI66CC,中山段三小段,3.00,都市：住,,,,00320000
RPRQMLSKNHHGFAI88CC,北社尾段保安小段,.00,都市：其他:部分住宅區部分道路用地,,,,06120000
RPORMLSKNHHGFAI68CC,竹圍子段,90.29,都市：住,,,,03980000
RPWQMLSKNHHGFAI76CC,港子坪段港坪小段,.00,都市：商,,,,02270000
RPUOMLTKNHHGFAI09CC,西門段一小段,.00,都市：商,,,,00860001
RPRNMLTKNHHGFAI68CC,新富段一小段,.00,,,,,00240014
RPSNMLTKNHHGFAI78CC,短竹段,.00,都市：住,,,,14820029
RPXQMLSKNHHGFAI86CC,短竹段,.00,都市：住,,,,09120070
RPSRMLSKNHHGFAI09CC,短竹段,.00,都市：住,,,,09120070
RPVOMLTKNHHGFAI56CC,竹圍子段,.00,都市：其他:市場用地,,,,01320036
RPVNMLKLNHHGFAI28CC,湖內段,58.00,都市：住,,,,04980003
RPQNMLLLNHHGFAI87CC,南門段五小段,27.52,都市：商,,,,00450000
RPQNMLLLNHHGFAI87CC,南門段五小段,1.34,都市：住,,,,00450004
RPQNMLLLNHHGFAI87CC,南門段五小段,10.30,都市：住,,,,00450003
RPWNMLKLNHHGFAI38CC,竹圍子段,.00,都市：住,,,,02450006
RPSNMLQLNHHGFAI58CC,榮段三小段,.00,都市：商,,,,00220000
RPUNMLNLNHHGFAI48CC,車店段車店小段,.00,都市：住,,,,00450000
RPUNMLQLNHHGFAI78CC,新太平段,14.59,都市：住,,,,05410000
RPWNMLNLNHHGFAI68CC,遠東段,.00,都市：住,,,,00680000
RPPOMLRLNHHGFAI48CC,湖內段,.00,都市：住,,,,13940000
RPPOMLRLNHHGFAI48CC,湖內段,.00,都市：住,,,,13820003
RPRNMLQLNHHGFAI48CC,新太平段,5.92,都市：住,,,,05410000
RPWNMLQLNHHGFAI98CC,新太平段,10.54,都市：住,,,,05410000
RPTOMLQLNHHGFAI88DC,元段三小段,31.00,都市：商,,,,00450001
RPTOMLQLNHHGFAI88DC,元段三小段,141.00,都市：商,,,,00850000
RPUOMLRLNHHGFAI98CC,北社尾段保安小段,.00,都市：住,,,,01980000
RPWOMLRLNHHGFAI56CC,湖內段,80.00,都市：住,,,,08410000
RPOPMLRLNHHGFAI48CC,遠東段,.00,都市：住,,,,00680007
RPQPMLRLNHHGFAI68CC,盧厝段,.00,都市：住,,,,04290000
RPXNMLKMNHHGFAI58CC,下路頭段,.00,都市：住,,,,00970000
RPWNMLKMNHHGFAI48CC,下路頭段,.00,都市：住,,,,00970000
RPVNMLKMNHHGFAI38CC,南門段四小段,72.00,都市：商,,,,00110004
RPPPMLRLNHHGFAI58CC,新富段三小段,.00,都市：商,,,,00750011
RPOOMLKMNHHGFAI77CC,遠東段,20.04,都市：住,,,,00680000
RPXNMLLJOHHGFAI48CC,白川段,35.56,都市：住,,,,00310000
RPTNMLMJOHHGFAI18CC,新富段五小段,43.00,都市：商,,,,00150019
RPQNMLOJOHHGFAI08CC,新富段八小段,.00,,,,,00090000
RPPNMLOJOHHGFAI97CC,溪厝段,92.57,都市：農,,,,00080003
RPTNMLRJOHHGFAI68CC,永安段,.00,都市：住,,,,09220000
RPRPMLSJOHHGFAI78CC,劉厝段,70.00,都市：工,,,,00030019
RPSOMLOKOHHGFAI48CC,新太平段,14.59,都市：住,,,,05410000
RPQNMLKLOHHGFAI87CC,新太平段,18.50,都市：住,,,,05410000
RPVOMLPKOHHGFAI88CC,仁義段,.00,都市：住,,,,00320000
RPTOMLPKOHHGFAI68CC,新富段一小段,.00,,,,,00240014
RPUOMLPKOHHGFAI78CC,劉厝段劉厝小段,112.00,都市：住,,,,03240012
RPRNMLLLOHHGFAI08CC,車店段車店小段,100.00,都市：住,,,,00560006
RPSPMLSJOHHGFAI88CC,下路頭段,.00,都市：住,,,,00970000
RPWNMLNLOHHGFAI78CC,短竹段,.00,都市：住,,,,09120071
RPQOMLNLOHHGFAI28CC,台斗坑段,.00,都市：住,,,,03240003
RPSOMLNLOHHGFAI48CC,末廣段五小段,.00,都市：商,,,,00230002
RPSOMLNLOHHGFAI48CC,末廣段五小段,.00,都市：商,,,,00230003
RPOOMLNLOHHGFAI08CC,湖內段,.00,都市：商,,,,03180000
RPROMLNLOHHGFAI38CC,竹圍子段,.00,都市：商,,,,01390010
RPPOMLRLOHHGFAI58CC,竹圍子段,.00,都市：其他:市場用地,,,,01320036
RPOOMLRLOHHGFAI48CC,中山段七小段,.00,都市：商,,,,00830000
RPTOMLNLOHHGFAI58CC,車店段,.00,都市：其他:部分公園道用地部分住宅區,,,,00620000
RPUOMLNLOHHGFAI68CC,新太平段,23.64,都市：住,,,,09300000
RPUOMLNLOHHGFAI68CC,新太平段,57.52,都市：住,,,,09310000
RPTOMLRLOHHGFAI98CC,南田段,.00,都市：住,,,,14490000
RPTNMLRLOHHGFAI98DC,頂庄段,.00,都市：住,,,,04200000
RPUNMLRLOHHGFAI09DC,台斗坑段,57.00,都市：住,,,,01280070
RPUNMLRLOHHGFAI09DC,台斗坑段,24.00,都市：住,,,,01270014
RPUNMLRLOHHGFAI09DC,台斗坑段,21.43,都市：住,,,,01270011
RPWNMLSLOHHGFAI66CC,竹圍子段,.00,都市：住,,,,03500043
RPVNMLSLOHHGFAI56CC,新富段三小段,.00,都市：商,,,,00750011
RPXNMLSLOHHGFAI76CC,竹圍子段,.00,都市：住,,,,03500043
RPSNMLTLOHHGFAI98CC,劉厝段玉山小段,128.00,都市：住,,,,01960001
RPQOMLTLOHHGFAI88CC,下路頭段,.00,都市：其他:部分住宅區部分道路用地,,,,05910002
RPOOMLTLOHHGFAI68CC,宣信段,.00,都市：住,,,,00370000
RPTNMLKMOHHGFAI28CC,新太平段,18.64,都市：住,,,,05410000
RPPOMLTLOHHGFAI98EC,西門段五小段,.00,都市：商,,,,00840029
RPVNMLKMOHHGFAI48CC,新太平段,18.64,都市：住,,,,05410000
RPUNMLKMOHHGFAI38CC,新太平段,18.64,都市：住,,,,05410000
RPPOMLLJPHHGFAI87CC,榮段三小段,4.00,都市：商,,,,00900021
RPPOMLLJPHHGFAI87CC,榮段三小段,79.00,都市：商,,,,00900022
RPXOMLQJPHHGFAI56CC,北社尾段保安小段,.00,都市：住,,,,08480000
RPPNMLRJPHHGFAI38CC,北門段六小段,36.00,都市：商,,,,00480013
RPPNMLRJPHHGFAI38CC,北門段六小段,14.00,都市：商,,,,00480031
RPUNMLPJPHHGFAI68CC,檜段三小段,.00,,,,,00120048
RPPPMLSJPHHGFAI68CC,下路頭段,.00,都市：住,,,,00970000
RPQPMLSJPHHGFAI78CC,下路頭段,123.00,都市：住,,,,04200002
RPOPMLSJPHHGFAI58CC,港子坪段港坪小段,.00,都市：住,,,,01750000
RPRPMLSJPHHGFAI88CC,遠東段,.00,都市：住,,,,00680007
RPRNMLLKPHHGFAI08CC,竹圍子段,.00,都市：其他:市場用地,,,,01320036
RPSNMLLKPHHGFAI18CC,中庄段,.00,都市：住,,,,10690000
RPTNMLLKPHHGFAI28CC,下路頭段,.00,都市：住,,,,00970000
RPUNMLLKPHHGFAI38CC,導明段,54.64,都市：住,,,,10540000
RPWNMLLKPHHGFAI58CC,中庄段,.00,都市：住,,,,10560000
RPXNMLNKPHHGFAI88CC,盧東段,58.45,都市：住,,,,01450000
RPOOMLNKPHHGFAI08CC,新富段二小段,.00,都市：住,,,,00590002
RPWNMLNKPHHGFAI78CC,竹村段,.00,都市：住,,,,04770000
RPPOMLNKPHHGFAI18CC,車店段,.00,都市：住,,,,01890007
RPTOMLNKPHHGFAI58CC,東門段七小段,.00,都市：商,,,,00590000
RPUOMLNKPHHGFAI68CC,西門段八小段,.00,都市：商,,,,00230000
RPPOMLOKPHHGFAI28CC,竹圍子段中興小段,51.00,都市：商,,,,00700000
RPQOMLOKPHHGFAI38CC,東川段,.00,都市：住,,,,11930000
RPSNMLOKPHHGFAI48CC,新富段三小段,11.20,都市：商,,,,00340007
RPROMLOKPHHGFAI48CC,後庄段,76.00,都市：住,,,,04930000
RPSOMLOKPHHGFAI58CC,中山段七小段,.00,都市：商,,,,00830000
RPTOMLOKPHHGFAI68CC,短竹段,.00,都市：住,,,,09120070
RPVOMLOKPHHGFAI88CC,盧厝段,.00,都市：住,,,,02550000
RPUOMLOKPHHGFAI78CC,白川段,44.00,都市：住,,,,00560002
RPOPMLOKPHHGFAI28CC,白川段,.00,都市：住,,,,00260000
RPXNMLPKPHHGFAI09CC,中庄段,.00,都市：住,,,,07120000
RPQPMLOKPHHGFAI48CC,盧厝段,.00,都市：住,,,,02550010
RPOOMLOKPHHGFAI38EC,育人段,695.00,都市：農,,,,01230001
RPWNMLPKPHHGFAI98CC,盧厝段,.00,都市：住,,,,02490005
RPQOMLPKPHHGFAI48CC,湖內段,.00,都市：住,,,,13940000
RPQOMLPKPHHGFAI48CC,湖內段,.00,都市：住,,,,13820003
RPWOMLPKPHHGFAI09CC,湖內段,.00,都市：住,,,,13940000
RPXOMLPKPHHGFAI56CC,湖內段,.00,都市：住,,,,13940000
RPTOMLPKPHHGFAI78CC,中庄段,.00,都市：住,,,,10580000
RPWOMLPKPHHGFAI09CC,湖內段,.00,都市：住,,,,13820003
RPXOMLPKPHHGFAI56CC,湖內段,.00,都市：住,,,,13820003
RPVOMLPKPHHGFAI98CC,湖內段,.00,都市：住,,,,13940000
RPSOMLPKPHHGFAI68CC,新富段三小段,44.80,都市：商,,,,00340007
RPVOMLPKPHHGFAI98CC,湖內段,.00,都市：住,,,,13820003
RPUNMLSKPHHGFAI09CC,新富段四小段,.00,都市：商,,,,00080000
RPROMLKLPHHGFAI18CC,下路頭段,.00,都市：住,,,,00970000
RPTNMLKLPHHGFAI28CC,榮段三小段,.00,都市：商,,,,01160000
RPTNMLKLPHHGFAI28CC,榮段三小段,.00,都市：商,,,,01170001
RPTNMLKLPHHGFAI28CC,榮段三小段,.00,都市：商,,,,01180001
RPTNMLKLPHHGFAI28CC,榮段三小段,.00,都市：商,,,,01170000
RPTOMLKLPHHGFAI38CC,竹圍子段一小段,.00,都市：住,,,,00030000
RPUOMLKLPHHGFAI48CC,元段六小段,740.00,都市：商,,,,00510000
RPSNMLLLPHHGFAI28CC,北社尾段,89.00,都市：住,,,,07250008
RPTNMLLLPHHGFAI38CC,民族段五小段,134.00,都市：商,,,,00290000
RPWNMLLLPHHGFAI68CC,車店段,.00,都市：住,,,,03930001
RPXOMLKLPHHGFAI78CC,車店段,.00,都市：住,,,,03930001
RPQOMLLLPHHGFAI38EC,竹圍子段三小段,.00,都市：住,,,,02230000
RPXNMLPLPHHGFAI56CC,車店段,60.00,都市：住,,,,04200075
RPWNMLMLPHHGFAI98EC,東川段,123.00,都市：住,,,,08330050
RPVNMLLLPHHGFAI58CC,短竹段,.00,都市：商,,,,04040000
RPROMLLLPHHGFAI28CC,埤子頭段,.00,都市：住,,,,03830000
RPROMLPLPHHGFAI68CC,北社尾段,86.00,都市：住,,,,07160060
RPOOMLPLPHHGFAI38CC,中山段三小段,.00,都市：住,,,,00300006
RPQOMLPLPHHGFAI58CC,盧厝段,.00,都市：住,,,,02490005
RPTOMLPLPHHGFAI88CC,西門段一小段,.00,都市：商,,,,00860001
RPSOMLPLPHHGFAI78CC,竹圍子段,.00,都市：其他:市場用地,,,,01320036
RPUNMLQLPHHGFAI98CC,彌陀段,.00,都市：住,,,,05230000
RPTOMLSLPHHGFAI56CC,車店段車店小段,11.97,都市：住,,,,07170000
RPWOMLSLPHHGFAI86CC,湖內段,.00,都市：住,,,,13940000
RPTOMLSLPHHGFAI56CC,車店段車店小段,.98,都市：住,,,,07170002
RPWOMLSLPHHGFAI86CC,湖內段,.00,都市：住,,,,13820003
RPUOMLPLPHHGFAI98CC,車店段車店小段,.00,都市：住,,,,00450000
RPXOMLSLPHHGFAI96CC,短竹段,.00,都市：住,,,,16680000
RPXOMLSLPHHGFAI96CC,短竹段,.00,都市：住,,,,16690000
RPOPMLSLPHHGFAI78CC,短竹段,.00,都市：住,,,,16680000
RPOPMLSLPHHGFAI78CC,短竹段,.00,都市：住,,,,16690000
RPPPMLSLPHHGFAI88CC,短竹段,.00,都市：住,,,,16680000
RPPPMLSLPHHGFAI88CC,短竹段,.00,都市：住,,,,16690000
RPRNMLTLPHHGFAI98CC,竹圍子段,.00,都市：其他:市場用地,,,,01320036
RPSNMLTLPHHGFAI09CC,短竹段,.00,都市：住,,,,09120071
RPTNMLTLPHHGFAI56CC,盧厝段,.00,都市：住,,,,02550000
RPUNMLTLPHHGFAI66CC,白川段,.00,都市：住,,,,00260000
RPVNMLTLPHHGFAI76CC,新富段四小段,.00,都市：商,,,,00080000
RPXNMLTLPHHGFAI96CC,中山段七小段,.00,都市：商,,,,00830000
RPQOMLTLPHHGFAI98CC,埤子頭段新厝小段,104.00,都市：住,,,,05410000
RPROMLLJQHHGFAI18CC,白川段,.00,都市：住,,,,00190000
RPROMLTLPHHGFAI09CC,竹圍子段二小段,.00,都市：商,,,,00130000
RPWNMLLJQHHGFAI58CC,車店段車店小段,.00,都市：住,,,,00460056
RPVNMLMJQHHGFAI58CC,車店段車店小段,.00,都市：住,,,,07950000
RPXNMLMJQHHGFAI78CC,興村段,.00,都市：住,,,,02030000
RPQNMLOJQHHGFAI28CC,車店段,74.00,都市：住,,,,01770010
RPSOMLMJQHHGFAI38CC,湖內段,.00,都市：住,,,,13940000
RPSOMLMJQHHGFAI38CC,湖內段,.00,都市：住,,,,13820003
RPQOMLMJQHHGFAI18CC,短竹段,.00,都市：住,,,,09120071
RPPNMLPJQHHGFAI28CC,湖內段,.00,都市：住,,,,13940000
RPPNMLPJQHHGFAI28CC,湖內段,.00,都市：住,,,,13820003
RPQNMLPJQHHGFAI48DC,埤子頭段,4.00,都市：住,,,,04100091
RPQNMLPJQHHGFAI48DC,埤子頭段,13.00,都市：住,,,,04100092
RPQNMLPJQHHGFAI48DC,埤子頭段,47.00,都市：住,,,,04100096
RPVOMLMJQHHGFAI68CC,湖內段,.00,都市：住,,,,13940000
RPVOMLMJQHHGFAI68CC,湖內段,.00,都市：住,,,,13820003
RPUNMLTJQHHGFAI56CC,彌陀段,.00,都市：住,,,,05230000
RPRNMLOJQHHGFAI38CC,車店段車店小段,182.00,都市：住,,,,00620000
RPWNMLTJQHHGFAI76CC,車店段車店小段,.00,都市：住,,,,00450000
RPXNMLTJQHHGFAI86CC,盧厝段,.00,都市：住,,,,02550000
RPOOMLTJQHHGFAI68CC,車店段車店小段,100.00,都市：住,,,,08390001
