﻿編號,屋齡,建物移轉面積平方公尺,主要用途,主要建材,建築完成日期,總層數,建物分層
The serial number,room age,building shifting area square meter,the main use,main building materials,construction completes the date,total layer,building lamination
RPQOMLLKNHHGFAI87CC,27,34.53,住家用,鋼筋混凝土造,83年11月28日,十二層,
RPQOMLLKNHHGFAI87CC,27,12.61,共有部份,鋼筋混凝土造,83年11月28日,十二層,
RPROMLLKNHHGFAI97CC,28,67.82,住家用,鋼筋混凝土造,83年7月18日,十二層,
RPROMLLKNHHGFAI97CC,28,9.78,共有部份,鋼筋混凝土造,83年7月18日,十二層,
RPROMLLKNHHGFAI97CC,28,24.58,共有部份,鋼筋混凝土造,83年7月18日,十二層,
RPSOMLLKNHHGFAI08CC,6,74.45,集合住宅,鋼筋混凝土構造,105年5月10日,十四層,
RPSOMLLKNHHGFAI08CC,6,12.00,本共有部分之項目有停車空間、消防機房、排風機房、排煙室、機房、電錶室、樓梯間、防空避難室兼停車空間、水箱、台電受電室、緊急發電機房、電信室、外廊管委會使用空間、門廳等１４項,鋼筋混凝土構造,105年5月10日,十四層,
RPSOMLLKNHHGFAI08CC,6,18.27,本共有部份之項目計有：梯廳兼排煙室、樓梯間、水箱、水錶室、電梯機房等五項。,鋼筋混凝土構造,105年5月10日,十四層,
RPVOMLLKNHHGFAI38CC,29,298.43,住商用,鋼筋混凝土造,82年4月15日,五層,
RPWNMLMKNHHGFAI48CC,1,168.91,住宅、梯間,鋼筋混凝土構造,110年10月25日,三層,
RPSNMLQKNHHGFAI48CC,30,111.11,住家用,鋼筋混凝土造,81年5月8日,七層,
RPVNMLMKNHHGFAI38CC,27,37.70,住家用,鋼筋混凝土造,84年7月24日,十四層,
RPOOMLQKNHHGFAI18CC,17,108.71,店舖、貯藏室,鋼筋混凝土造,93年10月29日,十四層,
RPOOMLQKNHHGFAI18CC,17,66.27,共有部份,鋼筋混凝土造,93年10月29日,十四層,
RPROMLNKNHHGFAI38EC,32,123.37,住家用,鋼筋混凝土造,78年11月27日,七層,
RPROMLNKNHHGFAI38EC,32,20.48,共有部份,鋼筋混凝土造,78年11月27日,七層,
RPSNMLRKNHHGFAI58CC,15,59.07,店鋪，停車空間，住宅,鋼筋混凝土造,96年7月2日,五層,
RPVQMLSKNHHGFAI66CC,57,40.03,住家用,木造,53年12月15日,一層,
RPRQMLSKNHHGFAI88CC,27,23.41,住家用,鋼筋混凝土造,84年7月24日,十四層,
RPRQMLSKNHHGFAI88CC,27,5.89,共有部份,鋼筋混凝土造,84年7月24日,十四層,
RPRQMLSKNHHGFAI88CC,27,4.28,共有部份,鋼筋混凝土造,84年7月24日,十四層,
RPWQMLSKNHHGFAI76CC,28,52.00,住家用,鋼筋混凝土造,83年7月18日,十二層,
RPORMLSKNHHGFAI68CC,23,208.36,車庫、住宅,鋼筋混凝土造,88年3月4日,四層,
RPWQMLSKNHHGFAI76CC,28,13.89,共有部份,鋼筋混凝土造,83年7月18日,十二層,
RPUOMLTKNHHGFAI09CC,31,24.15,住家用,鋼筋混凝土造,80年1月4日,六層,
RPUOMLTKNHHGFAI09CC,31,5.96,共有部份,鋼筋混凝土造,80年1月4日,六層,
RPSNMLTKNHHGFAI78CC,27,40.94,住家用,鋼筋混凝土造,84年10月3日,五層,
RPSNMLTKNHHGFAI78CC,27,8.14,共有部份,鋼筋混凝土造,84年10月3日,五層,
RPRNMLTKNHHGFAI68CC,29,40.00,住商用,鋼筋混凝土造,82年4月30日,五層,
RPXQMLSKNHHGFAI86CC,29,18.02,住家用,鋼筋混凝土造,82年6月9日,十二層,
RPXQMLSKNHHGFAI86CC,29,3.41,共有部份,鋼筋混凝土造,82年6月9日,十二層,
RPXQMLSKNHHGFAI86CC,29,5.24,共有部份,鋼筋混凝土造,82年6月9日,十二層,
RPSRMLSKNHHGFAI09CC,29,19.06,住家用,鋼筋混凝土造,82年6月9日,十二層,
RPSRMLSKNHHGFAI09CC,29,3.52,共有部份,鋼筋混凝土造,82年6月9日,十二層,
RPVOMLTKNHHGFAI56CC,23,46.70,住家用,鋼筋混凝土造,88年4月21日,十四層,
RPSRMLSKNHHGFAI09CC,29,5.53,共有部份,鋼筋混凝土造,82年6月9日,十二層,
RPVOMLTKNHHGFAI56CC,23,20.14,共有部份,鋼筋混凝土造,88年4月21日,十四層,
RPVNMLKLNHHGFAI28CC,28,180.61,住商用,鋼筋混凝土造,83年7月6日,四層,
RPQNMLLLNHHGFAI87CC,33,298.45,住商用,鋼筋混凝土造,78年7月3日,五層,
RPWNMLKLNHHGFAI38CC,28,89.07,住家用,鋼筋混凝土造,83年6月6日,十層,
RPWNMLKLNHHGFAI38CC,28,11.14,共有部份,鋼筋混凝土造,83年6月6日,十層,
RPWNMLKLNHHGFAI38CC,28,4.52,共有部份,鋼筋混凝土造,83年6月6日,十層,
RPSNMLQLNHHGFAI58CC,18,128.95,商業用,鋼筋混凝土造,93年2月9日,五層,
RPUNMLNLNHHGFAI48CC,33,37.40,住家用,鋼筋混凝土造,78年1月17日,七層,
RPUNMLNLNHHGFAI48CC,33,5.82,共有部份,鋼筋混凝土造,78年1月17日,七層,
RPUNMLQLNHHGFAI78CC,24,86.26,住家用,鋼筋混凝土造,87年3月19日,二十二層,
RPUNMLQLNHHGFAI78CC,24,15.59,共有部份,鋼筋混凝土造,87年3月19日,二十二層,
RPUNMLQLNHHGFAI78CC,24,18.09,共有部份,鋼筋混凝土造,87年3月19日,二十二層,
RPWNMLNLNHHGFAI68CC,6,95.44,集合住宅,鋼筋混凝土構造,105年5月10日,十四層,
RPWNMLNLNHHGFAI68CC,6,16.15,本共有部分之項目有停車空間、消防機房、排風機房、排煙室、機房、電錶室、樓梯間、防空避難室兼停車空間、水箱、台電受電室、緊急發電機房、電信室、外廊管委會使用空間、門廳等１４項,鋼筋混凝土構造,105年5月10日,十四層,
RPWNMLNLNHHGFAI68CC,6,29.50,本共有部份之項目計有：梯廳兼排煙室、樓梯間、水箱、水錶室、電梯機房等五項。,鋼筋混凝土構造,105年5月10日,十四層,
RPPOMLRLNHHGFAI48CC,4,9.50,集合住宅,鋼筋混凝土構造,107年8月2日,五層,
RPPOMLRLNHHGFAI48CC,4,3.27,本共有部分之項目有機械室、樓梯間及水箱等３項,鋼筋混凝土構造,107年8月2日,五層,
RPRNMLQLNHHGFAI48CC,24,79.06,住家用,鋼筋混凝土造,87年3月19日,二十二層,
RPRNMLQLNHHGFAI48CC,24,16.38,共有部份,鋼筋混凝土造,87年3月19日,二十二層,
RPRNMLQLNHHGFAI48CC,24,18.09,共有部份,鋼筋混凝土造,87年3月19日,二十二層,
RPWNMLQLNHHGFAI98CC,24,62.35,住家用,鋼筋混凝土造,87年3月19日,二十二層,
RPWNMLQLNHHGFAI98CC,24,12.16,共有部份,鋼筋混凝土造,87年3月19日,二十二層,
RPWNMLQLNHHGFAI98CC,24,12.92,共有部份,鋼筋混凝土造,87年3月19日,二十二層,
RPTOMLQLNHHGFAI88DC,59,290.37,醫院、住宅,鋼筋混凝土造,52年3月12日,三層,
RPUOMLRLNHHGFAI98CC,27,95.19,住家用,鋼筋混凝土造,84年2月11日,七層,
RPUOMLRLNHHGFAI98CC,27,35.88,共有部份,鋼筋混凝土造,84年2月11日,七層,
RPWOMLRLNHHGFAI56CC,43,96.64,住家用,鋼筋混凝土加強磚造,68年11月23日,二層,
RPOPMLRLNHHGFAI48CC,27,54.59,住家用,鋼筋混凝土造,84年10月4日,十一層,
RPOPMLRLNHHGFAI48CC,27,12.07,共有部份,鋼筋混凝土造,84年10月4日,十一層,
RPOPMLRLNHHGFAI48CC,27,7.79,共有部份,鋼筋混凝土造,84年10月4日,十一層,
RPQPMLRLNHHGFAI68CC,29,86.52,住家用,鋼筋混凝土造,82年5月15日,十五層,
RPQPMLRLNHHGFAI68CC,29,9.74,共有部份,鋼筋混凝土造,82年5月15日,十五層,
RPQPMLRLNHHGFAI68CC,29,13.36,共有部份,鋼筋混凝土造,82年5月15日,十五層,
RPXNMLKMNHHGFAI58CC,26,31.07,住家用,鋼筋混凝土造,85年3月11日,二十層,
RPXNMLKMNHHGFAI58CC,26,15.06,共有部份,鋼筋混凝土造,85年3月11日,二十層,
RPWNMLKMNHHGFAI48CC,26,47.45,住家用,鋼筋混凝土造,85年3月11日,二十層,
RPPPMLRLNHHGFAI58CC,27,17.28,住家用,鋼筋混凝土造,84年1月12日,五層,
RPVNMLKMNHHGFAI38CC,29,40.90,住商用,鋼筋混凝土造,82年8月16日,四層,
RPWNMLKMNHHGFAI48CC,26,12.05,共有部份,鋼筋混凝土造,85年3月11日,二十層,
RPPPMLRLNHHGFAI58CC,27,8.13,共有部份,鋼筋混凝土造,84年1月12日,五層,
RPOOMLKMNHHGFAI77CC,6,165.75,集合住宅,鋼筋混凝土構造,105年5月10日,十四層,
RPXNMLLJOHHGFAI48CC,18,127.02,住家用,鋼筋混凝土造,93年10月28日,十四層,
RPXNMLLJOHHGFAI48CC,18,80.06,共有部份,鋼筋混凝土造,93年10月28日,十四層,
RPQNMLOJOHHGFAI08CC,26,129.18,辦公室,鋼筋混凝土造,85年1月30日,十四層,
RPTNMLRJOHHGFAI68CC,18,115.04,住家用,鋼筋混凝土造,93年10月28日,十二層,
RPTNMLRJOHHGFAI68CC,18,72.28,共有部份,鋼筋混凝土造,93年10月28日,十二層,
RPRPMLSJOHHGFAI78CC,50,92.05,住家用,鋼筋混凝土加強磚造,61年1月20日,二層,
RPSOMLOKOHHGFAI48CC,24,86.26,住家用,鋼筋混凝土造,87年3月19日,二十二層,
RPSOMLOKOHHGFAI48CC,24,15.59,共有部份,鋼筋混凝土造,87年3月19日,二十二層,
RPSOMLOKOHHGFAI48CC,24,18.09,共有部份,鋼筋混凝土造,87年3月19日,二十二層,
RPQNMLKLOHHGFAI87CC,24,150.52,住家用,鋼筋混凝土造,87年3月19日,二十二層,
RPVOMLPKOHHGFAI88CC,26,49.75,住家用,鋼筋混凝土造,85年5月10日,十層,
RPVOMLPKOHHGFAI88CC,26,14.89,共有部份,鋼筋混凝土造,85年5月10日,十層,
RPUOMLPKOHHGFAI78CC,36,137.21,住家用,加強磚造,75年1月9日,二層,
RPTOMLPKOHHGFAI68CC,29,33.03,住商用,鋼筋混凝土造,82年4月30日,五層,
RPRNMLLLOHHGFAI08CC,37,323.07,住商用,鋼筋混凝土造,74年5月9日,四層,
RPSPMLSJOHHGFAI88CC,26,47.45,住家用,鋼筋混凝土造,85年3月11日,二十層,
RPSPMLSJOHHGFAI88CC,26,12.05,共有部份,鋼筋混凝土造,85年3月11日,二十層,
RPWNMLNLOHHGFAI78CC,29,34.87,住家用,鋼筋混凝土造,82年6月9日,十六層,
RPWNMLNLOHHGFAI78CC,29,5.74,共有部份,鋼筋混凝土造,82年6月9日,十六層,
RPWNMLNLOHHGFAI78CC,29,7.51,共有部份,鋼筋混凝土造,82年6月9日,十六層,
RPQOMLNLOHHGFAI28CC,32,81.96,住家用,鋼筋混凝土造,79年10月15日,七層,
RPQOMLNLOHHGFAI28CC,32,12.61,共有部份,鋼筋混凝土造,79年10月15日,七層,
RPSOMLNLOHHGFAI48CC,28,34.53,住家用,鋼筋混凝土造,83年11月28日,十二層,
RPSOMLNLOHHGFAI48CC,28,12.61,共有部份,鋼筋混凝土造,83年11月28日,十二層,
RPOOMLNLOHHGFAI08CC,37,70.70,住家用,鋼筋混凝土造,74年9月19日,五層,
RPOOMLNLOHHGFAI08CC,37,5.16,共有部份,鋼筋混凝土造,74年9月19日,五層,
RPOOMLNLOHHGFAI08CC,37,6.46,共有部份,鋼筋混凝土造,74年9月19日,五層,
RPROMLNLOHHGFAI38CC,34,30.57,住家用,鋼筋混凝土造,77年9月24日,十層,
RPROMLNLOHHGFAI38CC,34,2.67,共有部份,鋼筋混凝土造,77年9月24日,十層,
RPPOMLRLOHHGFAI58CC,23,120.51,住家用,鋼筋混凝土造,88年4月21日,十四層,
RPROMLNLOHHGFAI38CC,34,3.96,共有部份,鋼筋混凝土造,77年9月24日,十層,
RPPOMLRLOHHGFAI58CC,23,46.48,共有部份,鋼筋混凝土造,88年4月21日,十四層,
RPOOMLRLOHHGFAI48CC,27,28.88,住家用,鋼筋混凝土造,84年5月17日,九層,
RPOOMLRLOHHGFAI48CC,27,10.00,共有部份,鋼筋混凝土造,84年5月17日,九層,
RPTOMLNLOHHGFAI58CC,18,108.26,住家用,鋼筋混凝土造,93年11月3日,十四層,
RPUOMLNLOHHGFAI68CC,48,88.37,住家用,鋼筋混凝土加強磚造,63年10月14日,二層,
RPTOMLNLOHHGFAI58CC,18,75.38,共有部份,鋼筋混凝土造,93年11月3日,十四層,
RPTOMLRLOHHGFAI98CC,28,21.22,住家用,鋼筋混凝土造,83年8月30日,七層,
RPTOMLRLOHHGFAI98CC,28,7.18,共有部份,鋼筋混凝土造,83年8月30日,七層,
RPTNMLRLOHHGFAI98DC,28,115.02,住家用,鋼筋混凝土造,83年7月23日,十一層,
RPUNMLRLOHHGFAI09DC,28,180.01,住家用,鋼筋混凝土造,83年9月12日,四層,
RPWNMLSLOHHGFAI66CC,3,20.60,住家用,鋼筋混凝土構造,108年11月25日,五層,
RPWNMLSLOHHGFAI66CC,3,5.73,共有部分項目有：管理維護空間、梯廳、樓梯間、管道間、過樑,鋼筋混凝土構造,108年11月25日,五層,
RPVNMLSLOHHGFAI56CC,27,22.95,住家用,鋼筋混凝土造,84年1月12日,五層,
RPVNMLSLOHHGFAI56CC,27,7.15,共有部份,鋼筋混凝土造,84年1月12日,五層,
RPXNMLSLOHHGFAI76CC,3,23.78,住家用,鋼筋混凝土構造,108年11月25日,五層,
RPXNMLSLOHHGFAI76CC,3,6.77,共有部分項目有：管理維護空間、梯廳、樓梯間、管道間、過樑,鋼筋混凝土構造,108年11月25日,五層,
RPSNMLTLOHHGFAI98CC,18,211.24,住宅，梯間,鋼筋混凝土造,93年2月24日,三層,
RPQOMLTLOHHGFAI88CC,36,78.89,住家用,鋼筋混凝土造,74年12月14日,四層,
RPQOMLTLOHHGFAI88CC,36,6.81,共有部份,鋼筋混凝土造,74年12月14日,四層,
RPOOMLTLOHHGFAI68CC,29,97.53,住家用,鋼筋混凝土造,82年12月7日,七層,
RPQOMLTLOHHGFAI88CC,36,3.29,共有部份,鋼筋混凝土造,74年12月14日,四層,
RPQOMLTLOHHGFAI88CC,36,2.82,共有部份,鋼筋混凝土造,74年12月14日,四層,
RPOOMLTLOHHGFAI68CC,29,59.63,共有部份,鋼筋混凝土造,82年12月7日,七層,
RPTNMLKMOHHGFAI28CC,24,104.66,住家用,鋼筋混凝土造,87年3月19日,二十二層,
RPTNMLKMOHHGFAI28CC,24,19.62,共有部份,鋼筋混凝土造,87年3月19日,二十二層,
RPTNMLKMOHHGFAI28CC,24,23.26,共有部份,鋼筋混凝土造,87年3月19日,二十二層,
RPPOMLTLOHHGFAI98EC,41,52.47,住商用,鋼筋混凝土造,70年5月7日,三層,
RPVNMLKMOHHGFAI48CC,24,104.66,住家用,鋼筋混凝土造,87年3月19日,二十二層,
RPVNMLKMOHHGFAI48CC,24,19.62,共有部份,鋼筋混凝土造,87年3月19日,二十二層,
RPVNMLKMOHHGFAI48CC,24,23.26,共有部份,鋼筋混凝土造,87年3月19日,二十二層,
RPUNMLKMOHHGFAI38CC,24,104.66,住家用,鋼筋混凝土造,87年3月19日,二十二層,
RPUNMLKMOHHGFAI38CC,24,19.62,共有部份,鋼筋混凝土造,87年3月19日,二十二層,
RPUNMLKMOHHGFAI38CC,24,23.26,共有部份,鋼筋混凝土造,87年3月19日,二十二層,
RPPOMLLJPHHGFAI87CC,21,282.36,店舖、停車空間,鋼筋混凝土造,90年6月21日,四層,
RPXOMLQJPHHGFAI56CC,28,123.86,住家用,鋼筋混凝土造,83年5月30日,十六層,
RPXOMLQJPHHGFAI56CC,28,57.73,共有部份,鋼筋混凝土造,83年5月30日,十六層,
RPPNMLRJPHHGFAI38CC,,49.15,住商用,木造,,一層,
RPUNMLPJPHHGFAI68CC,7,26.45,店舖、住宅,鋼筋混凝土構造,104年11月10日,五層,
RPPPMLSJPHHGFAI68CC,26,70.24,住家用,鋼筋混凝土造,85年3月11日,二十層,
RPPPMLSJPHHGFAI68CC,26,24.10,共有部份,鋼筋混凝土造,85年3月11日,二十層,
RPQPMLSJPHHGFAI78CC,48,47.00,住家用,鋼筋混凝土加強磚造,63年7月22日,二層,
RPOPMLSJPHHGFAI58CC,30,109.44,住家用,鋼筋混凝土造,81年11月14日,七層,
RPOPMLSJPHHGFAI58CC,30,14.47,共有部份,鋼筋混凝土造,81年11月14日,七層,
RPOPMLSJPHHGFAI58CC,30,25.45,共有部份,鋼筋混凝土造,81年11月14日,七層,
RPRPMLSJPHHGFAI88CC,27,95.12,住家用,鋼筋混凝土造,84年10月4日,十一層,
RPRNMLLKPHHGFAI08CC,23,51.49,住家用,鋼筋混凝土造,88年4月21日,十四層,
RPRNMLLKPHHGFAI08CC,23,21.69,共有部份,鋼筋混凝土造,88年4月21日,十四層,
RPRPMLSJPHHGFAI88CC,27,20.49,共有部份,鋼筋混凝土造,84年10月4日,十一層,
RPRPMLSJPHHGFAI88CC,27,12.23,共有部份,鋼筋混凝土造,84年10月4日,十一層,
RPSNMLLKPHHGFAI18CC,29,103.08,住家用,鋼筋混凝土造,82年1月12日,八層,
RPSNMLLKPHHGFAI18CC,29,38.73,共有部份,鋼筋混凝土造,82年1月12日,八層,
RPTNMLLKPHHGFAI28CC,26,32.10,住家用,鋼筋混凝土造,85年3月11日,二十層,
RPUNMLLKPHHGFAI38CC,53,80.78,住家用,加強磚造,58年5月5日,三層,
RPTNMLLKPHHGFAI28CC,26,15.06,共有部份,鋼筋混凝土造,85年3月11日,二十層,
RPWNMLLKPHHGFAI58CC,39,100.88,住家用,鋼筋混凝土造,72年3月31日,五層,
RPWNMLLKPHHGFAI58CC,39,7.52,共有部份,鋼筋混凝土造,72年3月31日,五層,
RPXNMLNKPHHGFAI88CC,27,212.54,住家用,鋼筋混凝土造,84年7月13日,五層,
RPOOMLNKPHHGFAI08CC,29,69.52,住家用,鋼筋混凝土造,82年7月2日,六層,
RPOOMLNKPHHGFAI08CC,29,33.38,共有部份,鋼筋混凝土造,82年7月2日,六層,
RPWNMLNKPHHGFAI78CC,30,147.93,住家用,鋼筋混凝土造,81年8月28日,十層,
RPWNMLNKPHHGFAI78CC,30,16.38,共有部份,鋼筋混凝土造,81年8月28日,十層,
RPPOMLNKPHHGFAI18CC,30,33.91,住家用,鋼筋混凝土造,81年11月21日,七層,
RPPOMLNKPHHGFAI18CC,30,7.81,共有部份,鋼筋混凝土造,81年11月21日,七層,
RPTOMLNKPHHGFAI58CC,29,84.74,住家用,鋼筋混凝土造,82年10月18日,十四層,
RPTOMLNKPHHGFAI58CC,29,16.31,共有部份,鋼筋混凝土造,82年10月18日,十四層,
RPTOMLNKPHHGFAI58CC,29,27.44,共有部份,鋼筋混凝土造,82年10月18日,十四層,
RPPOMLOKPHHGFAI28CC,29,129.47,住商用,鋼筋混凝土造,82年12月15日,四層,
RPUOMLNKPHHGFAI68CC,29,21.78,見使用執照,鋼筋混凝土造,82年1月7日,十五層,
RPUOMLNKPHHGFAI68CC,29,4.74,共有部份,鋼筋混凝土造,82年1月7日,十五層,
RPUOMLNKPHHGFAI68CC,29,1.23,共有部份,鋼筋混凝土造,82年1月7日,十五層,
RPQOMLOKPHHGFAI38CC,28,105.38,住家用,鋼筋混凝土造,83年12月19日,十四層,
RPQOMLOKPHHGFAI38CC,28,26.77,共有部份,鋼筋混凝土造,83年12月19日,十四層,
RPSNMLOKPHHGFAI48CC,22,42.94,住商用,鋼筋混凝土造,89年10月11日,五層,
RPROMLOKPHHGFAI48CC,40,99.28,住家用,鋼筋混凝土加強磚造,71年11月25日,二層,
RPSOMLOKPHHGFAI58CC,27,30.24,住家用,鋼筋混凝土造,84年5月17日,九層,
RPSOMLOKPHHGFAI58CC,27,10.43,共有部份,鋼筋混凝土造,84年5月17日,九層,
RPTOMLOKPHHGFAI68CC,29,18.55,住家用,鋼筋混凝土造,82年6月9日,十二層,
RPTOMLOKPHHGFAI68CC,29,3.41,共有部份,鋼筋混凝土造,82年6月9日,十二層,
RPTOMLOKPHHGFAI68CC,29,5.36,共有部份,鋼筋混凝土造,82年6月9日,十二層,
RPVOMLOKPHHGFAI88CC,38,65.10,住家用,鋼筋混凝土造,73年11月29日,六層,
RPVOMLOKPHHGFAI88CC,38,4.78,共有部份,鋼筋混凝土造,73年11月29日,六層,
RPUOMLOKPHHGFAI78CC,42,46.08,住家用,鋼筋混凝土加強磚造,69年10月5日,二層,
RPVOMLOKPHHGFAI88CC,38,8.83,共有部份,鋼筋混凝土造,73年11月29日,六層,
RPOPMLOKPHHGFAI28CC,18,128.94,住家用,鋼筋混凝土造,93年10月29日,十四層,
RPOPMLOKPHHGFAI28CC,18,85.04,共有部份,鋼筋混凝土造,93年10月29日,十四層,
RPXNMLPKPHHGFAI09CC,40,74.04,國民住宅,鋼筋混凝土造,71年5月3日,五層,
RPXNMLPKPHHGFAI09CC,40,6.80,共有部份,鋼筋混凝土造,71年5月3日,五層,
RPQPMLOKPHHGFAI48CC,39,34.85,住商用,鋼筋混凝土造,72年7月8日,五層,
RPQPMLOKPHHGFAI48CC,39,4.12,共有部份,鋼筋混凝土造,72年7月8日,五層,
RPQPMLOKPHHGFAI48CC,39,2.67,共有部份,鋼筋混凝土造,72年7月8日,五層,
RPWNMLPKPHHGFAI98CC,37,39.10,住家用,鋼筋混凝土造,74年11月29日,五層,
RPWNMLPKPHHGFAI98CC,37,10.97,共有部份,鋼筋混凝土造,74年11月29日,五層,
RPWNMLPKPHHGFAI98CC,37,3.39,共有部份,鋼筋混凝土造,74年11月29日,五層,
RPQOMLPKPHHGFAI48CC,4,9.50,集合住宅,鋼筋混凝土構造,107年8月2日,五層,
RPQOMLPKPHHGFAI48CC,4,3.27,本共有部分之項目有機械室、樓梯間及水箱等３項,鋼筋混凝土構造,107年8月2日,五層,
RPWOMLPKPHHGFAI09CC,4,9.50,集合住宅,鋼筋混凝土構造,107年8月2日,五層,
RPXOMLPKPHHGFAI56CC,4,9.62,集合住宅,鋼筋混凝土構造,107年8月2日,五層,
RPWOMLPKPHHGFAI09CC,4,3.27,本共有部分之項目有機械室、樓梯間及水箱等３項,鋼筋混凝土構造,107年8月2日,五層,
RPTOMLPKPHHGFAI78CC,39,104.69,住家用,鋼筋混凝土造,72年3月31日,五層,
RPXOMLPKPHHGFAI56CC,4,3.32,本共有部分之項目有機械室、樓梯間及水箱等３項,鋼筋混凝土構造,107年8月2日,五層,
RPTOMLPKPHHGFAI78CC,39,7.52,共有部份,鋼筋混凝土造,72年3月31日,五層,
RPVOMLPKPHHGFAI98CC,4,9.62,集合住宅,鋼筋混凝土構造,107年8月2日,五層,
RPSOMLPKPHHGFAI68CC,22,169.06,住商用,鋼筋混凝土造,89年10月11日,五層,
RPVOMLPKPHHGFAI98CC,4,3.32,本共有部分之項目有機械室、樓梯間及水箱等３項,鋼筋混凝土構造,107年8月2日,五層,
RPUNMLSKPHHGFAI09CC,30,55.37,住家用,鋼筋混凝土造,81年10月29日,十層,
RPUNMLSKPHHGFAI09CC,30,2.80,共有部份,鋼筋混凝土造,81年10月29日,十層,
RPUNMLSKPHHGFAI09CC,30,4.24,共有部份,鋼筋混凝土造,81年10月29日,十層,
RPUNMLSKPHHGFAI09CC,30,8.45,共有部份,鋼筋混凝土造,81年10月29日,十層,
RPROMLKLPHHGFAI18CC,26,32.17,住家用,鋼筋混凝土造,85年3月11日,二十層,
RPROMLKLPHHGFAI18CC,26,15.06,共有部份,鋼筋混凝土造,85年3月11日,二十層,
RPTNMLKLPHHGFAI28CC,52,62.70,住家用,鋼筋混凝土造,59年8月4日,四層,
RPTOMLKLPHHGFAI38CC,28,85.63,住商用,鋼筋混凝土造,83年7月18日,十二層,
RPTOMLKLPHHGFAI38CC,28,11.40,共有部份,鋼筋混凝土造,83年7月18日,十二層,
RPTOMLKLPHHGFAI38CC,28,7.97,共有部份,鋼筋混凝土造,83年7月18日,十二層,
RPTNMLLLPHHGFAI38CC,88,122.21,住家用,木造,23年1月20日,一層,
RPSNMLLLPHHGFAI28CC,37,107.88,住家用,加強磚造,74年3月5日,二層,
RPWNMLLLPHHGFAI68CC,31,34.31,住家用,鋼筋混凝土造,80年7月10日,六層,
RPWNMLLLPHHGFAI68CC,31,9.89,共有部份,鋼筋混凝土造,80年7月10日,六層,
RPXOMLKLPHHGFAI78CC,31,31.86,住家用,鋼筋混凝土造,80年7月10日,六層,
RPXOMLKLPHHGFAI78CC,31,6.20,共有部份,鋼筋混凝土造,80年7月10日,六層,
RPXNMLPLPHHGFAI56CC,15,135.88,住家用,鋼筋混凝土造,96年8月8日,四層,
RPWNMLMLPHHGFAI98EC,44,154.38,住家用,鋼筋混凝土加強磚造,67年9月27日,二層,
RPVNMLLLPHHGFAI58CC,27,25.24,住家用,鋼筋混凝土造,84年1月17日,十二層,
RPVNMLLLPHHGFAI58CC,27,11.61,共有部份,鋼筋混凝土造,84年1月17日,十二層,
RPQOMLLLPHHGFAI38EC,29,67.78,住家用,鋼筋混凝土造,82年8月5日,七層,
RPROMLLLPHHGFAI28CC,27,78.95,住家用,鋼筋混凝土造,83年12月31日,十二層,
RPROMLLLPHHGFAI28CC,27,31.78,共有部份,鋼筋混凝土造,83年12月31日,十二層,
RPROMLPLPHHGFAI68CC,41,173.75,住商用,鋼筋混凝土加強磚造,70年6月18日,三層,
RPOOMLPLPHHGFAI38CC,31,100.67,住家用,鋼筋混凝土造,80年12月18日,七層,
RPOOMLPLPHHGFAI38CC,31,23.50,共有部份,鋼筋混凝土造,80年12月18日,七層,
RPQOMLPLPHHGFAI58CC,37,33.42,住家用,鋼筋混凝土造,74年11月29日,五層,
RPQOMLPLPHHGFAI58CC,37,5.75,共有部份,鋼筋混凝土造,74年11月29日,五層,
RPTOMLPLPHHGFAI88CC,32,24.57,住家用,鋼筋混凝土造,80年1月4日,六層,
RPQOMLPLPHHGFAI58CC,37,3.88,共有部份,鋼筋混凝土造,74年11月29日,五層,
RPTOMLPLPHHGFAI88CC,32,5.90,共有部份,鋼筋混凝土造,80年1月4日,六層,
RPSOMLPLPHHGFAI78CC,23,46.70,住家用,鋼筋混凝土造,88年4月21日,十四層,
RPSOMLPLPHHGFAI78CC,23,20.14,共有部份,鋼筋混凝土造,88年4月21日,十四層,
RPUNMLQLPHHGFAI98CC,32,100.81,住家用,鋼筋混凝土造,79年2月19日,七層,
RPUNMLQLPHHGFAI98CC,32,20.81,共有部份,鋼筋混凝土造,79年2月19日,七層,
RPTOMLSLPHHGFAI56CC,29,96.66,住家用,鋼筋混凝土造,82年10月21日,十二層,
RPWOMLSLPHHGFAI86CC,4,9.62,集合住宅,鋼筋混凝土構造,107年8月2日,五層,
RPWOMLSLPHHGFAI86CC,4,3.31,本共有部分之項目有機械室、樓梯間及水箱等３項,鋼筋混凝土構造,107年8月2日,五層,
RPTOMLSLPHHGFAI56CC,29,32.31,共有部份,鋼筋混凝土造,82年10月21日,十二層,
RPXOMLSLPHHGFAI96CC,14,8.62,辦公室,鋼筋混凝土造,97年3月3日,四層,
RPUOMLPLPHHGFAI98CC,34,99.25,住家用,鋼筋混凝土造,78年1月17日,七層,
RPXOMLSLPHHGFAI96CC,14,5.80,共有部份,鋼筋混凝土造,97年3月3日,四層,
RPUOMLPLPHHGFAI98CC,34,15.45,共有部份,鋼筋混凝土造,78年1月17日,七層,
RPOPMLSLPHHGFAI78CC,14,8.36,辦公室,鋼筋混凝土造,97年3月3日,四層,
RPOPMLSLPHHGFAI78CC,14,5.66,共有部份,鋼筋混凝土造,97年3月3日,四層,
RPPPMLSLPHHGFAI88CC,14,10.53,商業用,鋼筋混凝土造,97年3月3日,四層,
RPRNMLTLPHHGFAI98CC,23,54.98,住家用,鋼筋混凝土造,88年4月21日,十四層,
RPRNMLTLPHHGFAI98CC,23,24.01,共有部份,鋼筋混凝土造,88年4月21日,十四層,
RPSNMLTLPHHGFAI09CC,29,28.64,住家用,鋼筋混凝土造,82年6月9日,十六層,
RPSNMLTLPHHGFAI09CC,29,4.66,共有部份,鋼筋混凝土造,82年6月9日,十六層,
RPSNMLTLPHHGFAI09CC,29,6.21,共有部份,鋼筋混凝土造,82年6月9日,十六層,
RPTNMLTLPHHGFAI56CC,38,30.64,住家用,鋼筋混凝土造,73年11月29日,六層,
RPUNMLTLPHHGFAI66CC,18,128.94,住家用,鋼筋混凝土造,93年10月29日,十四層,
RPTNMLTLPHHGFAI56CC,38,6.24,共有部份,鋼筋混凝土造,73年11月29日,六層,
RPUNMLTLPHHGFAI66CC,18,84.81,共有部份,鋼筋混凝土造,93年10月29日,十四層,
RPTNMLTLPHHGFAI56CC,38,4.78,共有部份,鋼筋混凝土造,73年11月29日,六層,
RPVNMLTLPHHGFAI76CC,30,36.35,住家用,鋼筋混凝土造,81年10月29日,十層,
RPXNMLTLPHHGFAI96CC,27,19.97,住家用,鋼筋混凝土造,84年5月17日,九層,
RPVNMLTLPHHGFAI76CC,30,1.80,共有部份,鋼筋混凝土造,81年10月29日,十層,
RPVNMLTLPHHGFAI76CC,30,2.74,共有部份,鋼筋混凝土造,81年10月29日,十層,
RPVNMLTLPHHGFAI76CC,30,5.57,共有部份,鋼筋混凝土造,81年10月29日,十層,
RPXNMLTLPHHGFAI96CC,27,7.40,共有部份,鋼筋混凝土造,84年5月17日,九層,
RPQOMLTLPHHGFAI98CC,38,128.83,住家用,加強磚造,73年9月22日,二層,
RPROMLLJQHHGFAI18CC,18,127.58,住家用,鋼筋混凝土造,93年10月29日,十四層,
RPROMLLJQHHGFAI18CC,18,84.90,共有部份,鋼筋混凝土造,93年10月29日,十四層,
RPROMLTLPHHGFAI09CC,28,102.15,住家用,鋼筋混凝土造,83年7月1日,十四層,
RPROMLTLPHHGFAI09CC,28,16.86,共有部份,鋼筋混凝土造,83年7月1日,十四層,
RPROMLTLPHHGFAI09CC,28,12.33,共有部份,鋼筋混凝土造,83年7月1日,十四層,
RPWNMLLJQHHGFAI58CC,33,24.19,住家用,鋼筋混凝土造,78年2月3日,七層,
RPWNMLLJQHHGFAI58CC,33,12.46,共有部份,鋼筋混凝土造,78年2月3日,七層,
RPVNMLMJQHHGFAI58CC,28,26.40,住家用,鋼筋混凝土造,83年3月19日,七層,
RPVNMLMJQHHGFAI58CC,28,12.30,共有部份,鋼筋混凝土造,83年3月19日,七層,
RPXNMLMJQHHGFAI78CC,40,95.58,住家用,鋼筋混凝土造,71年11月16日,五層,
RPQNMLOJQHHGFAI28CC,40,176.41,住商用,鋼筋混凝土造,72年1月12日,三層,
RPXNMLMJQHHGFAI78CC,40,13.63,共有部份,鋼筋混凝土造,71年11月16日,五層,
RPSOMLMJQHHGFAI38CC,4,9.50,集合住宅,鋼筋混凝土構造,107年8月2日,五層,
RPQOMLMJQHHGFAI18CC,29,36.38,住家用,鋼筋混凝土造,82年6月9日,十六層,
RPQOMLMJQHHGFAI18CC,29,5.98,共有部份,鋼筋混凝土造,82年6月9日,十六層,
RPQOMLMJQHHGFAI18CC,29,8.62,共有部份,鋼筋混凝土造,82年6月9日,十六層,
RPSOMLMJQHHGFAI38CC,4,3.27,本共有部分之項目有機械室、樓梯間及水箱等３項,鋼筋混凝土構造,107年8月2日,五層,
RPPNMLPJQHHGFAI28CC,4,9.50,集合住宅,鋼筋混凝土構造,107年8月2日,五層,
RPPNMLPJQHHGFAI28CC,4,3.27,本共有部分之項目有機械室、樓梯間及水箱等３項,鋼筋混凝土構造,107年8月2日,五層,
RPQNMLPJQHHGFAI48DC,39,86.87,住家用,鋼筋混凝土加強磚造,72年5月14日,二層,
RPVOMLMJQHHGFAI68CC,4,9.50,集合住宅,鋼筋混凝土構造,107年8月2日,五層,
RPVOMLMJQHHGFAI68CC,4,3.27,本共有部分之項目有機械室、樓梯間及水箱等３項,鋼筋混凝土構造,107年8月2日,五層,
RPUNMLTJQHHGFAI56CC,32,117.89,住家用,鋼筋混凝土造,79年2月19日,七層,
RPUNMLTJQHHGFAI56CC,32,26.36,共有部份,鋼筋混凝土造,79年2月19日,七層,
RPWNMLTJQHHGFAI76CC,34,99.25,住家用,鋼筋混凝土造,78年1月17日,七層,
RPXNMLTJQHHGFAI86CC,38,31.21,住家用,鋼筋混凝土造,73年11月29日,六層,
RPWNMLTJQHHGFAI76CC,34,15.45,共有部份,鋼筋混凝土造,78年1月17日,七層,
RPXNMLTJQHHGFAI86CC,38,6.24,共有部份,鋼筋混凝土造,73年11月29日,六層,
RPXNMLTJQHHGFAI86CC,38,4.78,共有部份,鋼筋混凝土造,73年11月29日,六層,
RPOOMLTJQHHGFAI68CC,34,134.96,住家用,加強磚造,77年5月19日,二層,
