﻿編號,土地位置,土地移轉面積(平方公尺),使用分區或編定,權利人持分分母,權利人持分分子,移轉情形,地號
The serial number, land position,land shifting area square meter,the use zoning or compiles and checks,,,,land parcel
RPUPMLNKNHHGFCJ88CC,資源段,.00,都市：住,,,,10770016
RPPPMLQKNHHGFBJ58CC,自強段,.00,都市：住,,,,00800000
RPWNMLNKNHHGFBJ88DC,國義段,.00,都市：住,,,,01800000
RPQPMLQKNHHGFBJ68CC,華城段,.00,非都市：山坡地保育區 ; 非都市編定：農牧用地,,,,06030001
RPTOMLRKNHHGFBJ98CC,站前段,.00,都市：商,,,,01610000
RPTNMLSKNHHGFBJ98CC,台元段,.00,都市：工,,,,06110000
RPSNMLTKNHHGFDJ56CC,中興段中興小段,.00,非都市：工業區 ; 非都市編定：丁種建築用地,,,,01120000
RPPPMLSKNHHGFBJ78CC,水瀧段,.00,都市：商,,,,01010000
RPPPMLSKNHHGFCJ88CC,四重段,.00,非都市：特定農業區 ; 非都市編定：甲種建築用地,,,,08210000
RPTNMLTKNHHGFDJ66CC,明新段,.00,都市：住,,,,07290000
RPUOMLTKNHHGFBJ66CC,公園段,.00,都市：商,,,,04800000
RPXOMLKLNHHGFBJ78CC,府前段,101.27,都市：住,,,,06540001
RPTNMLKLNHHGFCJ38CC,資源段,.00,都市：商,,,,19410000
RPTNMLKLNHHGFCJ38CC,資源段,.00,都市：住,,,,19400000
RPXPMLTKNHHGFBJ07CC,豆子埔段,.00,都市：住,,,,07550000
RPVOMLKLNHHGFBJ58CC,隘興段,.00,都市：商,,,,04080000
RPXNMLNLNHHGFBJ98CC,文化段,.00,都市：住,,,,08200006
RPOPMLNLNHHGFBJ28CC,家興段,.00,都市：住,,,,02790000
RPWOMLOLNHHGFBJ09CC,台元段,.00,都市：工,,,,06110000
RPRNMLOLNHHGFBJ48CC,世興段,.00,都市：商,,,,00380000
RPXOMLOLNHHGFBJ56CC,台元段,.00,都市：工,,,,06650000
RPUOMLPLNHHGFBJ98CC,自強段,.00,都市：住,,,,03420000
RPQPMLOLNHHGFBJ58CC,文化段,.00,都市：住,,,,05560000
RPVOMLPLNHHGFBJ09CC,大學段,.00,都市：住,,,,06430000
RPVNMLPLNHHGFBJ98CC,大學段,.00,都市：商,,,,02190000
RPPPMLOLNHHGFBJ48CC,莊敬段,.00,都市：住,,,,01110000
RPUNMLPLNHHGFBJ88CC,大學段,.00,都市：商,,,,02190000
RPOOMLQLNHHGFBJ48CC,縣福段,.00,都市：商,,,,02400000
RPUNMLQLNHHGFBJ98CC,永興段,.00,都市：商,,,,04950000
RPQNMLRLNHHGFBJ68CC,台科段,.00,都市：商,,,,02110000
RPQOMLRLNHHGFBJ78CC,大學段,.00,都市：商,,,,00390000
RPQOMLRLNHHGFDJ98CC,明新段,.00,都市：住,,,,07190000
RPSNMLLMNHHGFDJ58CC,綠園段,.00,非都市：鄉村區 ; 非都市編定：乙種建築用地,,,,08630023
RPOOMLRLNHHGFBJ58CC,隘興段,.00,都市：住,,,,04330001
RPROMLRLNHHGFBJ88CC,家興段,.00,都市：住,,,,05550000
RPPOMLRLNHHGFDJ88CC,中興段中興小段,.00,非都市：工業區 ; 非都市編定：丁種建築用地,,,,05200000
RPRQMLLJOHHGFBJ38CC,巨埔段,.00,非都市：山坡地保育區 ; 非都市編定：丁種建築用地,,,,06960000
RPRQMLLJOHHGFBJ38CC,巨埔段,.00,非都市：山坡地保育區 ; 非都市編定：丁種建築用地,,,,06990000
RPTNMLLMNHHGFBJ48CC,台元段,.00,都市：工,,,,06110000
RPXRMLLJOHHGFBJ09CC,東光段,119.49,,,,,03080000
RPPOMLLMNHHGFDJ38CC,中興段復興小段,.00,非都市：工業區 ; 非都市編定：丁種建築用地,,,,07970000
RPPOMLLJOHHGFDJ18CC,湖新段,.00,非都市：特定農業區 ; 非都市編定：甲種建築用地,,,,04400005
RPOOMLMJOHHGFDJ18CC,坪頂段,.00,都市：農,,,,10730001
RPSOMLMJOHHGFBJ38CC,中興段,.00,都市：住,,,,00080000
RPPNMLPJOHHGFBJ28CC,永興段,.00,都市：商,,,,04950000
RPTOMLMJOHHGFBJ48CC,自強段,28.02,都市：住,,,,02820000
RPQOMLQJOHHGFBJ58CC,水瀧段,.00,都市：商,,,,15130000
RPSOMLQJOHHGFBJ78CC,世興段,.00,都市：商,,,,00380000
RPSPMLQJOHHGFBJ88CC,縣華段,.00,都市：商,,,,01660000
RPROMLQJOHHGFBJ68CC,公園段,.00,都市：商,,,,04700000
RPTPMLQJOHHGFBJ98CC,三崁店段三崁店小段,.00,非都市：特定農業區 ; 非都市編定：甲種建築用地,,,,00590000
RPOOMLQJOHHGFDJ58CC,建興段鳳凰小段,.00,非都市：工業區 ; 非都市編定：丁種建築用地,,,,05770001
RPOOMLQJOHHGFDJ58CC,建興段鳳凰小段,.00,非都市：工業區 ; 非都市編定：丁種建築用地,,,,05770002
RPSNMLSJOHHGFBJ88CC,台元段,.00,都市：工,,,,06110000
RPWNMLSJOHHGFBJ66CC,台元段,.00,都市：工,,,,06650000
RPOOMLSJOHHGFBJ58CC,台元段,.00,都市：工,,,,07160000
RPTNMLSJOHHGFBJ98CC,台元段,.00,都市：工,,,,06650000
RPWNMLRJOHHGFBJ56CC,竹義段,.00,都市：商,,,,06860000
RPXNMLSJOHHGFBJ76CC,台元段,.00,都市：工,,,,06350000
RPQOMLKKOHHGFBJ08CC,莊敬段,.00,都市：商,,,,06570000
RPXOMLKKOHHGFBJ78CC,公園段,.00,都市：住,,,,07320000
RPOPMLKKOHHGFBJ97CC,縣福段,.00,都市：商,,,,02410000
RPUOMLKKOHHGFDJ68CC,中興段復興小段,.00,非都市：工業區 ; 非都市編定：丁種建築用地,,,,01250000
RPRNMLNKOHHGFDJ58CC,光華段,.00,,,,,01400000
RPSOMLNKOHHGFBJ58CC,自強段,.00,都市：住,,,,00800000
RPQOMLNKOHHGFBJ38CC,世興段,.00,都市：住,,,,00380000
RPROMLNKOHHGFBJ48CC,公園段,.00,都市：住,,,,04660000
RPWNMLPKOHHGFDJ66CC,明新段,29.28,都市：住,,,,07290000
RPPOMLOKOHHGFCJ48CC,寶中段,.00,都市：住,,,,00430000
RPVOMLNKOHHGFBJ88CC,翰林段,.00,都市：住,,,,08040000
RPVNMLPKOHHGFDJ56CC,明新段,34.33,都市：住,,,,07290000
RPROMLPKOHHGFDJ88CC,明新段,33.90,都市：住,,,,07290000
RPTOMLPKOHHGFDJ09CC,振興段,.00,都市：住,,,,09200000
RPPOMLQKOHHGFBJ58CC,隘興段,.00,都市：住,,,,05430000
RPUOMLRKOHHGFBJ56CC,隘興段,.00,都市：商,,,,04080000
RPVOMLRKOHHGFBJ66CC,溝貝段,.00,非都市：特定農業區 ; 非都市編定：甲種建築用地,,,,15760003
RPXOMLRKOHHGFBJ86CC,水瀧段,.00,都市：商,,,,01120000
RPRNMLLLOHHGFDJ58DC,中義段,10.91,都市：商,,,,03070000
RPUSMLLLOHHGFBJ09CC,台元段,.00,都市：工,,,,06190000
RPXNMLRKOHHGFBJ76CC,台元段,.00,都市：工,,,,06350000
RPPOMLLLOHHGFCJ28CC,資源段,.00,都市：商,,,,19410000
RPXNMLMLOHHGFBJ98CC,豆子埔段,.00,都市：商,,,,08060000
RPRPMLMLOHHGFBJ58CC,台元段,.00,都市：工,,,,06190000
RPSNMLNLOHHGFBJ58CC,家興段,.00,都市：商,,,,04360000
RPUPMLMLOHHGFBJ88CC,世興段,.00,都市：商,,,,00390000
RPVNMLOLOHHGFBJ98CC,自強段,.00,都市：住,,,,02230005
RPXOMLRLOHHGFBJ96CC,大學段,.00,都市：住,,,,02190000
RPQNMLRLOHHGFBJ78CC,文化段,.00,都市：住,,,,05560000
RPPPMLRLOHHGFBJ88CC,自強段,.00,都市：住,,,,02940000
RPVNMLRLOHHGFDJ86CC,明新段,.00,都市：住,,,,07190000
RPOPMLRLOHHGFBJ78CC,莊敬段,.00,都市：住,,,,06570000
RPPPMLSLOHHGFDJ56CC,文昌段,.00,都市：住,,,,06020000
RPOOMLSLOHHGFBJ78CC,永興段,70.80,都市：商,,,,04810000
RPTNMLTLOHHGFDJ86CC,中湖段,.00,都市：住,,,,00660000
RPRNMLKMOHHGFCJ38CC,志學段,.00,都市：住,,,,10860000
RPROMLTLOHHGFCJ66CC,竹東段竹東小段,.00,都市：住,,,,03740016
RPPOMLKMOHHGFDJ38CC,文昌段,.00,都市：住,,,,06020000
RPWNMLKMOHHGFBJ78CC,貓兒錠段拔子窟小段,.00,非都市：鄉村區 ; 非都市編定：乙種建築用地,,,,00230100
RPRNMLKMOHHGFDJ48CC,坪頂段,.00,都市：住,,,,10730000
RPROMLKMOHHGFBJ38CC,台元段,.00,都市：工,,,,06190000
RPPPMLOJPHHGFBJ48CC,台元段,.00,都市：工,,,,06190000
RPOOMLOJPHHGFBJ28CC,自強段,.00,都市：住,,,,02230002
RPOQMLOJPHHGFBJ48CC,公園段,.00,都市：住,,,,06050000
RPOQMLOJPHHGFBJ48CC,公園段,.00,都市：住,,,,06060000
RPSQMLOJPHHGFBJ88CC,世興段,.00,都市：商,,,,00270000
RPQRMLOJPHHGFBJ78CC,永興段,.00,都市：住,,,,04530000
RPURMLOJPHHGFBJ56CC,隘興段,.00,都市：住,,,,06220000
RPWQMLOJPHHGFBJ66CC,大學段,.00,都市：商,,,,00200000
RPUPMLPJPHHGFBJ09CC,豆子埔段,.00,都市：住,,,,07870000
RPQOMLPJPHHGFCJ68CC,竹東段竹東小段,.00,,,,,00730003
RPWNMLQJPHHGFCJ66CC,寶中段,.00,都市：住,,,,00430000
RPTNMLQJPHHGFDJ09CC,長威段,.00,非都市：特定農業區 ; 非都市編定：甲種建築用地,,,,11180000
RPUNMLQJPHHGFDJ56CC,坪頂段,.00,都市：住,,,,10730000
RPSNMLQJPHHGFDJ09DC,中義段,1069.97,都市：住,,,,05280000
RPWNMLQJPHHGFDJ76CC,坪頂段,.00,都市：住,,,,10550000
RPVNMLQJPHHGFDJ66CC,坪頂段,.00,都市：商,,,,10650000
RPROMLRJPHHGFDJ09CC,中興段中興小段,.00,非都市：工業區 ; 非都市編定：丁種建築用地,,,,03490000
RPPPMLRJPHHGFCJ88CC,資源段,.00,都市：住,,,,16450000
RPVOMLLKPHHGFCJ88CC,東寧段,1879.00,都市：住,,,,20740000
RPPOMLSJPHHGFBJ88DC,台元段,660.17,都市：工,,,,03040016
RPTNMLLKPHHGFBJ48CC,站前段,.00,都市：商,,,,01880000
RPWOMLLKPHHGFDJ09CC,坑子口段,1308.00,非都市：特定農業區 ; 非都市編定：農牧用地,,,,18170000
RPWOMLLKPHHGFDJ09CC,坑子口段,1408.00,非都市：特定農業區 ; 非都市編定：農牧用地,,,,18180000
RPSOMLMKPHHGFCJ68CC,資源段,.00,都市：住,,,,06960000
RPTNMLNKPHHGFDJ88CC,光華段,.00,都市：住,,,,05360000
RPROMLMKPHHGFCJ58CC,東寧段,.00,都市：住,,,,06750000
RPXOMLLKPHHGFBJ98CC,台元段,.00,都市：工,,,,06650000
RPUNMLNKPHHGFDJ98CC,中義段,.00,都市：住,,,,04410000
RPTNMLNKPHHGFBJ68CC,台元段,.00,都市：工,,,,06190000
RPUNMLNKPHHGFBJ78CC,台元段,.00,都市：工,,,,07160000
RPSNMLNKPHHGFBJ58CC,台元段,.00,都市：工,,,,06190000
RPPOMLOKPHHGFDJ68CC,坪頂段,.00,都市：住,,,,10730001
RPXNMLOKPHHGFBJ56CC,大學段,.00,都市：商,,,,02190000
RPRPMLPKPHHGFBJ88CC,水瀧段,95.53,都市：住,,,,08700000
RPSOMLOKPHHGFCJ88CC,志學段,.00,都市：住,,,,05370000
RPTNMLPKPHHGFDJ09CC,中義段,.00,都市：商,,,,03070000
RPTNMLSKPHHGFBJ56CC,台元段,.00,都市：工,,,,06190000
RPXNMLSKPHHGFBJ96CC,台元段,.00,都市：工,,,,06350000
RPQNMLOKPHHGFCJ58CC,明湖段,85.99,都市：住,,,,05980000
RPOQMLSKPHHGFCJ09CC,資源段,.00,都市：住,,,,19400000
RPPOMLSKPHHGFBJ88CC,莊敬段,.00,都市：住,,,,02990000
RPSOMLSKPHHGFBJ56CC,隘興段,.00,都市：住,,,,00010000
RPQNMLTKPHHGFDJ56CC,綠園段,.00,非都市：特定農業區 ; 非都市編定：甲種建築用地,,,,06990000
RPRNMLTKPHHGFDJ66CC,中義段,.00,都市：商,,,,03060000
RPOSMLTKPHHGFBJ66CC,世興段,.00,都市：商,,,,00380000
RPSSMLKLPHHGFBJ88CC,站後段,8.56,都市：住,,,,10010000
RPVSMLKLPHHGFBJ56CC,新國段,99.14,都市：住,,,,08280000
RPOOMLKLPHHGFCJ18CC,竹美段,.00,都市：住,,,,06370000
RPOOMLKLPHHGFCJ18CC,竹美段,.00,都市：住,,,,06400000
RPTRMLKLPHHGFBJ88CC,自強段,.00,都市：住,,,,02100000
RPVNMLLLPHHGFDJ98CC,中義段,.00,都市：商,,,,03070000
RPWNMLLLPHHGFDJ09CC,坪頂段,.00,非都市：鄉村區 ; 非都市編定：乙種建築用地,,,,08140020
RPQPMLMLPHHGFDJ78CC,中勢段,.00,都市：住,,,,11230000
RPVNMLMLPHHGFBJ88CC,台元段,.00,都市：工,,,,06110000
RPPOMLMLPHHGFBJ38CC,台元段,.00,都市：工,,,,06650000
RPTNMLMLPHHGFBJ68CC,公園段,.00,都市：商,,,,04770000
RPOOMLMLPHHGFBJ28CC,台元段,.00,都市：工,,,,06650000
RPTNMLPLPHHGFDJ66DC,中義段,7314.00,都市：商,,,,03070000
RPQNMLNLPHHGFDJ68CC,西湖段,.00,,,,,04130000
RPTOMLPLPHHGFBJ09CC,中興段,.00,都市：商,,,,03550000
RPTOMLPLPHHGFBJ09CC,中興段,.00,都市：住,,,,03570000
RPVNMLQLPHHGFCJ76CC,資源段,.00,都市：住,,,,19410000
RPOOMLQLPHHGFBJ68CC,府前段,.00,都市：住,,,,11980000
RPWNMLQLPHHGFCJ86CC,竹東段竹東小段,.00,都市：住,,,,03750000
RPPNMLSLPHHGFBJ88CC,東華段,.00,都市：住,,,,08810000
RPUNMLTLPHHGFBJ86CC,自強段,.00,都市：住,,,,03420000
RPPQMLLJQHHGFBJ38CC,台元段,.00,都市：工,,,,06190000
RPUQMLLJQHHGFBJ88CC,台元段,.00,都市：工,,,,06650000
RPUNMLTLPHHGFDJ07CC,吉祥段,.00,非都市：鄉村區 ; 非都市編定：乙種建築用地,,,,07020000
RPSSMLLJQHHGFBJ88CC,家興段,.00,都市：住,,,,02790000
RPROMLMJQHHGFBJ48CC,莊敬段,.00,都市：商,,,,06570000
RPWOMLMJQHHGFBJ98CC,台科段,.00,都市：住,,,,02520000
RPSNMLNJQHHGFBJ58CC,站後段,.00,都市：住,,,,10630000
RPTOMLNJQHHGFBJ78CC,縣華段,.00,都市：住,,,,00190002
RPXNMLOJQHHGFBJ56CC,隘興段,.00,都市：住,,,,06170000
RPVNMLOJQHHGFDJ56CC,坪頂段,.00,都市：商,,,,10650000
RPUOMLOJQHHGFBJ98CC,家興段,48.30,都市：其他:住宅區,,,,02790000
RPSNMLOJQHHGFDJ88CC,西湖段,.00,都市：住,,,,04130000
RPTNMLOJQHHGFDJ98CC,西湖段,.00,都市：住,,,,04130000
RPUOMLPJQHHGFCJ56CC,頭重埔段,.00,都市：工,,,,03170007
RPTOMLPJQHHGFBJ98CC,縣福段,.00,都市：住,,,,02300000
RPOOMLSJQHHGFBJ78CC,永興段,.00,都市：商,,,,05060000
RPWNMLPJQHHGFBJ56CC,公園段,.00,都市：住,,,,11740000
RPQOMLTJQHHGFBJ09CC,家興段,.00,都市：住,,,,01060000
RPQNMLTJQHHGFBJ98CC,莊敬段,27.46,都市：住,,,,02990000
RPWNMLKKQHHGFBJ78CC,家興段,.00,都市：住,,,,07060000
RPQOMLKKQHHGFBJ28CC,東興段,.00,都市：住,,,,00680000
RPWPMLTJQHHGFCJ27CC,志學段,.00,都市：住,,,,11640000
RPWPMLTJQHHGFCJ27CC,志學段,.00,都市：住,,,,11640001
RPSOMLTJQHHGFDJ86CC,中興段中興小段,.00,非都市：工業區 ; 非都市編定：丁種建築用地,,,,01970001
