﻿編號,土地位置,土地移轉面積(平方公尺),使用分區或編定,權利人持分分母,權利人持分分子,移轉情形,地號
The serial number, land position,land shifting area square meter,the use zoning or compiles and checks,,,,land parcel
RPQNMLSKNHHGFDJ78CB,埔和段,47.09,非都市：鄉村區 ; 非都市編定：乙種建築用地,1,1,全筆移轉,01920006
RPQNMLSKNHHGFDJ78CB,埔和段,21.15,非都市：鄉村區 ; 非都市編定：乙種建築用地,10,1,持分移轉,01920010
RPTNMLSKNHHGFBJ88CB,豐田段,33.02,非都市：特定農業區 ; 非都市編定：甲種建築用地,100000,1921,持分移轉,01900000
RPTNMLSKNHHGFBJ88CB,豐田段,12.93,非都市：特定農業區 ; 非都市編定：農牧用地,77591,1293,持分移轉,01890000
RPPNMLSKNHHGFDJ68CB,埔和段,47.64,非都市：鄉村區 ; 非都市編定：乙種建築用地,1,1,全筆移轉,01920005
RPPNMLSKNHHGFDJ68CB,埔和段,21.15,非都市：鄉村區 ; 非都市編定：乙種建築用地,10,1,持分移轉,01920010
RPRNMLKLNHHGFCJ08CB,上員段,21.94,非都市：特定農業區 ; 非都市編定：甲種建築用地,100000,11063,持分移轉,03480002
RPSNMLKLNHHGFCJ18CB,上員段,22.05,非都市：特定農業區 ; 非都市編定：甲種建築用地,100000,11117,持分移轉,03480002
RPRNMLQKNHHGFDJ68CB,德興段,36.29,都市：住,100000,4397,持分移轉,03470000
RPRNMLQKNHHGFDJ68CB,德興段,3.17,都市：住,100000,4397,持分移轉,03500000
RPXNMLOLNHHGFDJ56CB,坪頂段,34.04,都市：住,100000,1125,持分移轉,10520000
RPWNMLOLNHHGFDJ09CB,坪頂段,34.92,都市：住,100000,1154,持分移轉,10520000
RPSOMLOLNHHGFDJ78CB,綠園段,30.44,非都市：一般農業區 ; 非都市編定：甲種建築用地,100000,345,持分移轉,11040000
RPTOMLOLNHHGFDJ88CB,綠園段,23.03,非都市：一般農業區 ; 非都市編定：甲種建築用地,100000,261,持分移轉,11040000
RPPNMLOLNHHGFBJ18CB,莊敬段,21.98,都市：住,100000,973,持分移轉,01320000
RPQNMLKMNHHGFBJ97CB,省道段,26.63,都市：住,10000,138,持分移轉,02200000
RPQNMLOLNHHGFBJ28CB,仰德段,137.15,非都市：鄉村區 ; 非都市編定：乙種建築用地,1,1,全筆移轉,17030003
RPRNMLOLNHHGFBJ38CB,仰德段,149.75,非都市：鄉村區 ; 非都市編定：乙種建築用地,1,1,全筆移轉,17070000
RPSNMLLMNHHGFBJ28CB,文化段,21.99,都市：住,10000,79,持分移轉,12100000
RPSNMLLMNHHGFBJ28CB,社北段,.46,都市：住,10000,79,持分移轉,04320006
RPTNMLLMNHHGFBJ38CB,文化段,21.99,都市：住,10000,79,持分移轉,12100000
RPTNMLLMNHHGFBJ38CB,社北段,.46,都市：住,10000,79,持分移轉,04320006
RPPNMLLMNHHGFBJ97CB,豐田段,32.96,非都市：特定農業區 ; 非都市編定：甲種建築用地,100000,1918,持分移轉,01900000
RPPNMLLMNHHGFBJ97CB,豐田段,12.93,非都市：特定農業區 ; 非都市編定：農牧用地,77591,1293,持分移轉,01890000
RPRNMLLMNHHGFBJ18CB,文化段,21.99,都市：住,10000,79,持分移轉,12100000
RPRNMLLMNHHGFBJ18CB,社北段,.46,都市：住,10000,79,持分移轉,04320006
RPPNMLLMNHHGFCJ08CB,旭光段,26.59,都市：其他:科技商務服務專用區,100000,196,持分移轉,00750000
RPPNMLLMNHHGFCJ08CB,旭光段,20.70,都市：其他:科技商務服務專用區,100000,196,持分移轉,00750002
RPQNMLLMNHHGFCJ18CB,旭光段,45.98,都市：其他:科技商務服務專用區,100000,339,持分移轉,00750000
RPQNMLLMNHHGFCJ18CB,旭光段,35.80,都市：其他:科技商務服務專用區,100000,339,持分移轉,00750002
RPWNMLLMNHHGFCJ78CB,竹東段竹東小段,19.48,都市：住,100000,1071,持分移轉,03550001
RPWNMLLMNHHGFCJ78CB,竹東段竹東小段,.71,都市：住,100000,1071,持分移轉,03550021
RPVNMLLMNHHGFCJ68CB,竹東段竹東小段,26.23,都市：住,100000,1442,持分移轉,03550001
RPVNMLLMNHHGFCJ68CB,竹東段竹東小段,.95,都市：住,100000,1442,持分移轉,03550021
RPPNMLLJOHHGFDJ97CB,中義段,58.94,都市：住,1,1,全筆移轉,05960006
RPPNMLLJOHHGFDJ97CB,中義段,35.02,都市：住,100000,20000,持分移轉,05960000
RPPNMLMJOHHGFDJ08CB,後湖段埔和小段,176.00,非都市：特定農業區 ; 非都市編定：甲種建築用地,1,1,全筆移轉,05090005
RPPNMLMJOHHGFDJ08CB,後湖段埔和小段,40.88,非都市：特定農業區 ; 非都市編定：甲種建築用地,8,1,持分移轉,05090000
RPQNMLLJOHHGFDJ08CB,德興段,45.75,都市：住,100000,5543,持分移轉,03470000
RPQNMLLJOHHGFDJ08CB,德興段,3.99,都市：住,100000,5543,持分移轉,03500000
RPRNMLLJOHHGFDJ18CB,綠園段,23.14,非都市：特定農業區 ; 非都市編定：甲種建築用地,100000,1215,持分移轉,02870042
RPOOMLLJOHHGFDJ97CB,湖南段,24.99,非都市：特定農業區 ; 非都市編定：甲種建築用地,100000,1739,持分移轉,05060000
RPRNMLMJOHHGFDJ28CB,後湖段埔和小段,152.00,非都市：特定農業區 ; 非都市編定：甲種建築用地,1,1,全筆移轉,05090002
RPRNMLMJOHHGFDJ28CB,後湖段埔和小段,40.88,非都市：特定農業區 ; 非都市編定：甲種建築用地,8,1,持分移轉,05090000
RPPNMLQJOHHGFDJ48CB,綠園段,36.16,非都市：一般農業區 ; 非都市編定：甲種建築用地,100000,782,持分移轉,11040002
RPQNMLOJOHHGFDJ38CB,坪頂段,19.90,都市：住,100000,602,持分移轉,11350000
RPTNMLQJOHHGFDJ88CB,綠園段,24.88,非都市：一般農業區 ; 非都市編定：甲種建築用地,100000,538,持分移轉,11040002
RPRNMLQJOHHGFCJ58CB,寶山段沙湖壢小段,58.43,非都市：山坡地保育區 ; 非都市編定：丙種建築用地,100000,2514,持分移轉,03190000
RPQNMLQJOHHGFDJ58CB,綠園段,28.21,非都市：一般農業區 ; 非都市編定：甲種建築用地,100000,610,持分移轉,11040002
RPRNMLQJOHHGFDJ68CB,綠園段,28.21,非都市：一般農業區 ; 非都市編定：甲種建築用地,100000,610,持分移轉,11040002
RPSNMLQJOHHGFCJ68CB,寶山段沙湖壢小段,58.43,非都市：山坡地保育區 ; 非都市編定：丙種建築用地,100000,2514,持分移轉,03190000
RPTNMLQJOHHGFCJ78CB,寶山段沙湖壢小段,58.43,非都市：山坡地保育區 ; 非都市編定：丙種建築用地,100000,2514,持分移轉,03190000
RPUNMLQJOHHGFDJ98CB,綠園段,24.88,非都市：一般農業區 ; 非都市編定：甲種建築用地,100000,538,持分移轉,11040002
RPSNMLQJOHHGFBJ58CB,府前段,28.51,都市：住,10000,115,持分移轉,12080000
RPUNMLQJOHHGFBJ78CB,府前段,28.51,都市：住,10000,115,持分移轉,12080000
RPRNMLQJOHHGFBJ48CB,府前段,28.51,都市：住,10000,115,持分移轉,12080000
RPVNMLQJOHHGFBJ88CB,府前段,28.51,都市：住,10000,115,持分移轉,12080000
RPQNMLRJOHHGFBJ48CB,省道段,21.61,都市：住,10000,112,持分移轉,02200000
RPPNMLRJOHHGFCJ48CB,至善段,21.87,都市：商,100000,368,持分移轉,00030000
RPRNMLRJOHHGFCJ68CB,至善段,19.37,都市：商,100000,326,持分移轉,00030000
RPQNMLRJOHHGFCJ58CB,至善段,21.87,都市：商,100000,368,持分移轉,00030000
RPRNMLRJOHHGFDJ78CB,興湖段,31.90,都市：住,100000,1207,持分移轉,03880000
RPUNMLRJOHHGFDJ09CB,興湖段,23.18,都市：住,100000,877,持分移轉,03880000
RPSNMLRJOHHGFDJ88CB,興湖段,29.36,都市：住,100000,1111,持分移轉,03880000
RPTNMLRJOHHGFDJ98CB,興湖段,23.18,都市：住,100000,877,持分移轉,03880000
RPQNMLSJOHHGFDJ78CB,綠園段,30.52,非都市：一般農業區 ; 非都市編定：甲種建築用地,100000,346,持分移轉,11040000
RPVNMLRJOHHGFDJ56CB,興湖段,29.36,都市：住,100000,1111,持分移轉,03880000
RPPNMLSJOHHGFDJ68CB,綠園段,35.02,非都市：一般農業區 ; 非都市編定：甲種建築用地,100000,397,持分移轉,11040000
RPRNMLSJOHHGFDJ88CB,綠園段,30.44,非都市：一般農業區 ; 非都市編定：甲種建築用地,100000,345,持分移轉,11040000
RPVNMLSJOHHGFDJ66CB,綠園段,30.35,非都市：一般農業區 ; 非都市編定：甲種建築用地,100000,344,持分移轉,11040000
RPTNMLSJOHHGFDJ09CB,綠園段,35.02,非都市：一般農業區 ; 非都市編定：甲種建築用地,100000,397,持分移轉,11040000
RPSNMLSJOHHGFDJ98CB,綠園段,23.03,非都市：一般農業區 ; 非都市編定：甲種建築用地,100000,261,持分移轉,11040000
RPXNMLSJOHHGFDJ86CB,埔和段,47.33,非都市：鄉村區 ; 非都市編定：乙種建築用地,1,1,全筆移轉,01920003
RPXNMLSJOHHGFDJ86CB,埔和段,21.15,非都市：鄉村區 ; 非都市編定：乙種建築用地,10,1,持分移轉,01920010
RPWNMLSJOHHGFDJ76CB,綠園段,30.35,非都市：一般農業區 ; 非都市編定：甲種建築用地,100000,344,持分移轉,11040000
RPUNMLSJOHHGFDJ56CB,綠園段,35.02,非都市：一般農業區 ; 非都市編定：甲種建築用地,100000,397,持分移轉,11040000
RPPNMLSJOHHGFBJ48CB,福田段,10.92,都市：商,100000,364,持分移轉,03710000
RPQNMLSJOHHGFBJ58CB,福田段,11.19,都市：商,100000,373,持分移轉,03710000
RPOOMLSJOHHGFDJ68CB,綠園段,30.35,非都市：一般農業區 ; 非都市編定：甲種建築用地,100000,344,持分移轉,11040000
RPRNMLSJOHHGFBJ68CB,福田段,16.62,都市：商,100000,554,持分移轉,03710000
RPSNMLSJOHHGFBJ78CB,福田段,16.62,都市：商,100000,554,持分移轉,03710000
RPUNMLSJOHHGFBJ98CB,福田段,11.19,都市：商,100000,373,持分移轉,03710000
RPWNMLSJOHHGFBJ56CB,福田段,10.92,都市：商,100000,364,持分移轉,03710000
RPXNMLSJOHHGFBJ66CB,福田段,16.62,都市：商,100000,554,持分移轉,03710000
RPTNMLSJOHHGFBJ88CB,福田段,16.62,都市：商,100000,554,持分移轉,03710000
RPOOMLSJOHHGFBJ48CB,福田段,10.92,都市：商,100000,364,持分移轉,03710000
RPVNMLSJOHHGFBJ09CB,福田段,10.92,都市：商,100000,364,持分移轉,03710000
RPSOMLSJOHHGFBJ88CB,福田段,11.19,都市：商,100000,373,持分移轉,03710000
RPTOMLSJOHHGFBJ98CB,福田段,11.19,都市：商,100000,373,持分移轉,03710000
RPPOMLSJOHHGFBJ58CB,福田段,14.28,都市：商,100000,476,持分移轉,03710000
RPQOMLSJOHHGFBJ68CB,福田段,11.25,都市：商,100000,375,持分移轉,03710000
RPROMLSJOHHGFBJ78CB,福田段,16.62,都市：商,100000,554,持分移轉,03710000
RPUOMLSJOHHGFBJ09CB,福田段,10.92,都市：商,100000,364,持分移轉,03710000
RPQNMLTJOHHGFDJ88CB,永寧段,26.74,非都市：特定農業區 ; 非都市編定：甲種建築用地,10000,178,持分移轉,00020000
RPQNMLTJOHHGFDJ88CB,永寧段,1.76,非都市：特定農業區 ; 非都市編定：甲種建築用地,74,1,持分移轉,00020008
RPPNMLKKOHHGFDJ97CB,永寧段,26.89,非都市：特定農業區 ; 非都市編定：甲種建築用地,10000,179,持分移轉,00020000
RPPNMLKKOHHGFDJ97CB,永寧段,1.76,非都市：特定農業區 ; 非都市編定：甲種建築用地,74,1,持分移轉,00020008
RPRNMLTJOHHGFDJ98CB,永寧段,19.83,非都市：特定農業區 ; 非都市編定：甲種建築用地,10000,132,持分移轉,00020000
RPRNMLTJOHHGFDJ98CB,永寧段,1.76,非都市：特定農業區 ; 非都市編定：甲種建築用地,74,1,持分移轉,00020008
RPSNMLKKOHHGFDJ28CB,綠園段,24.88,非都市：一般農業區 ; 非都市編定：甲種建築用地,100000,538,持分移轉,11040002
RPTNMLKKOHHGFDJ38CB,綠園段,24.88,非都市：一般農業區 ; 非都市編定：甲種建築用地,100000,538,持分移轉,11040002
RPPNMLNKOHHGFDJ28CB,興湖段,25.69,都市：住,100000,972,持分移轉,03880000
RPRNMLKKOHHGFDJ18CB,綠園段,21.78,非都市：一般農業區 ; 非都市編定：甲種建築用地,100000,471,持分移轉,11040002
RPUNMLKKOHHGFDJ48CB,綠園段,24.88,非都市：一般農業區 ; 非都市編定：甲種建築用地,100000,538,持分移轉,11040002
RPRNMLNKOHHGFDJ48CB,興湖段,25.69,都市：住,100000,972,持分移轉,03880000
RPTNMLNKOHHGFDJ68CB,興湖段,25.69,都市：住,100000,972,持分移轉,03880000
RPSNMLNKOHHGFDJ58CB,興湖段,25.69,都市：住,100000,972,持分移轉,03880000
RPQNMLNKOHHGFDJ38CB,興湖段,25.69,都市：住,100000,972,持分移轉,03880000
RPPNMLNKOHHGFCJ18CB,至善段,17.65,都市：商,100000,297,持分移轉,00030000
RPRNMLNKOHHGFCJ38CB,至善段,16.10,都市：商,100000,271,持分移轉,00030000
RPQNMLOKOHHGFBJ28CB,福田段,16.05,都市：商,100000,535,持分移轉,03710000
RPSNMLNKOHHGFCJ48CB,至善段,19.37,都市：商,100000,326,持分移轉,00030000
RPTNMLOKOHHGFBJ58CB,省道段,26.44,都市：住,10000,137,持分移轉,02200000
RPPNMLOKOHHGFBJ18CB,福田段,16.62,都市：商,100000,554,持分移轉,03710000
RPPNMLNKOHHGFBJ08CB,溝貝段,22.99,非都市：特定農業區 ; 非都市編定：甲種建築用地,100000,1144,持分移轉,14580000
RPPNMLNKOHHGFBJ08CB,溝貝段,2.23,非都市：特定農業區 ; 非都市編定：甲種建築用地,100000,1144,持分移轉,14580001
RPPNMLNKOHHGFBJ08CB,溝貝段,.53,非都市：特定農業區 ; 非都市編定：水利用地,100000,1144,持分移轉,14560001
RPRNMLOKOHHGFBJ38CB,福田段,16.05,都市：商,100000,535,持分移轉,03710000
RPPNMLOKOHHGFCJ28CB,明湖段,56.04,非都市：鄉村區 ; 非都市編定：乙種建築用地,1,1,全筆移轉,17290008
RPPNMLOKOHHGFCJ28CB,明湖段,25.30,非都市：鄉村區 ; 非都市編定：乙種建築用地,6,1,持分移轉,17290000
RPPNMLPKOHHGFCJ48DB,橫富段,118.19,都市：住,1,1,全筆移轉,08240036
RPQNMLOKOHHGFCJ38CB,明湖段,56.05,非都市：鄉村區 ; 非都市編定：乙種建築用地,1,1,全筆移轉,17290004
RPQNMLOKOHHGFCJ38CB,明湖段,25.30,非都市：鄉村區 ; 非都市編定：乙種建築用地,6,1,持分移轉,17290000
RPRNMLQKOHHGFDJ78CB,綠園段,28.21,非都市：一般農業區 ; 非都市編定：甲種建築用地,100000,610,持分移轉,11040002
RPPNMLPKOHHGFDJ48CB,中義段,55.08,都市：住,1,1,全筆移轉,05960005
RPPNMLPKOHHGFDJ48CB,中義段,35.02,都市：住,100000,20000,持分移轉,05960000
RPPNMLRKOHHGFDJ68CB,綠園段,36.16,非都市：一般農業區 ; 非都市編定：甲種建築用地,100000,782,持分移轉,11040002
RPQNMLRKOHHGFDJ78CB,綠園段,24.88,非都市：一般農業區 ; 非都市編定：甲種建築用地,100000,538,持分移轉,11040002
RPPNMLQKOHHGFBJ38CB,福田段,29.24,都市：住,100000,1434,持分移轉,02980000
RPQNMLRKOHHGFCJ68CB,竹東段竹東小段,28.65,都市：住,100000,1575,持分移轉,03550001
RPQNMLRKOHHGFCJ68CB,竹東段竹東小段,1.04,都市：住,100000,1575,持分移轉,03550021
RPTNMLRKOHHGFDJ09CB,興湖段,23.18,都市：住,100000,877,持分移轉,03880000
RPSNMLRKOHHGFDJ98CB,興湖段,25.66,都市：住,100000,971,持分移轉,03880000
RPRNMLRKOHHGFDJ88CB,興湖段,29.33,都市：住,100000,1110,持分移轉,03880000
RPSNMLRKOHHGFCJ88CB,竹東段竹東小段,28.65,都市：住,100000,1575,持分移轉,03550001
RPSNMLRKOHHGFCJ88CB,竹東段竹東小段,1.04,都市：住,100000,1575,持分移轉,03550021
RPRNMLRKOHHGFCJ78CB,竹東段竹東小段,29.25,都市：住,100000,1608,持分移轉,03550001
RPRNMLRKOHHGFCJ78CB,竹東段竹東小段,1.06,都市：住,100000,1608,持分移轉,03550021
RPPNMLSKOHHGFDJ78CB,埔和段,47.88,非都市：鄉村區 ; 非都市編定：乙種建築用地,1,1,全筆移轉,01920000
RPPNMLSKOHHGFDJ78CB,埔和段,21.15,非都市：鄉村區 ; 非都市編定：乙種建築用地,10,1,持分移轉,01920010
RPVNMLRKOHHGFCJ56CB,竹東段竹東小段,19.48,都市：住,100000,1071,持分移轉,03550001
RPVNMLRKOHHGFCJ56CB,竹東段竹東小段,.71,都市：住,100000,1071,持分移轉,03550021
RPUNMLRKOHHGFCJ09CB,竹東段竹東小段,19.48,都市：住,100000,1071,持分移轉,03550001
RPUNMLRKOHHGFCJ09CB,竹東段竹東小段,.71,都市：住,100000,1071,持分移轉,03550021
RPTNMLRKOHHGFCJ98CB,竹東段竹東小段,28.65,都市：住,100000,1575,持分移轉,03550001
RPTNMLRKOHHGFCJ98CB,竹東段竹東小段,1.04,都市：住,100000,1575,持分移轉,03550021
RPPNMLKLOHHGFDJ08CB,綠園段,28.44,非都市：特定農業區 ; 非都市編定：甲種建築用地,100000,1493,持分移轉,02870042
RPRNMLSKOHHGFBJ78CB,隘興段,4.22,都市：住,100000,789,持分移轉,06350000
RPRNMLSKOHHGFBJ78CB,隘興段,10.52,都市：住,100000,789,持分移轉,06350001
RPRNMLSKOHHGFBJ78CB,隘興段,3.65,都市：住,100000,789,持分移轉,06350002
RPRNMLSKOHHGFBJ78CB,隘興段,6.30,都市：住,100000,789,持分移轉,06350003
RPRNMLSKOHHGFBJ78CB,隘興段,2.31,都市：住,100000,789,持分移轉,06360000
RPRNMLSKOHHGFBJ78CB,隘興段,2.31,都市：住,100000,789,持分移轉,06360001
RPRNMLSKOHHGFBJ78CB,隘興段,2.31,都市：住,100000,789,持分移轉,06360002
RPRNMLSKOHHGFBJ78CB,隘興段,2.31,都市：住,100000,789,持分移轉,06360003
RPPNMLLLOHHGFBJ97CB,豐田段,19.92,非都市：特定農業區 ; 非都市編定：甲種建築用地,100000,1159,持分移轉,01900000
RPPNMLLLOHHGFBJ97CB,豐田段,12.93,非都市：特定農業區 ; 非都市編定：農牧用地,77591,1293,持分移轉,01890000
RPQNMLSKOHHGFBJ68CB,隘興段,6.00,都市：住,100000,1121,持分移轉,06350000
RPQNMLSKOHHGFBJ68CB,隘興段,14.94,都市：住,100000,1121,持分移轉,06350001
RPQNMLSKOHHGFBJ68CB,隘興段,5.18,都市：住,100000,1121,持分移轉,06350002
RPQNMLSKOHHGFBJ68CB,隘興段,8.95,都市：住,100000,1121,持分移轉,06350003
RPQNMLSKOHHGFBJ68CB,隘興段,3.29,都市：住,100000,1121,持分移轉,06360000
RPQNMLSKOHHGFBJ68CB,隘興段,3.29,都市：住,100000,1121,持分移轉,06360001
RPQNMLSKOHHGFBJ68CB,隘興段,3.29,都市：住,100000,1121,持分移轉,06360002
RPQNMLSKOHHGFBJ68CB,隘興段,3.29,都市：住,100000,1121,持分移轉,06360003
RPPNMLTKOHHGFDJ88CB,坪頂段,29.23,都市：住,100000,966,持分移轉,10520000
RPQNMLLLOHHGFBJ08CB,仰德段,145.19,非都市：鄉村區 ; 非都市編定：乙種建築用地,1,1,全筆移轉,17030000
RPRNMLLLOHHGFBJ18CB,仰德段,140.25,非都市：鄉村區 ; 非都市編定：乙種建築用地,1,1,全筆移轉,17070006
RPPNMLMLOHHGFBJ08CB,仰德段,62.93,非都市：鄉村區 ; 非都市編定：乙種建築用地,1,1,全筆移轉,17180040
RPPNMLMLOHHGFBJ08CB,仰德段,27.96,非都市：鄉村區 ; 非都市編定：乙種建築用地,100000,1040,持分移轉,17180094
RPSNMLLLOHHGFBJ28CB,仰德段,136.78,非都市：鄉村區 ; 非都市編定：乙種建築用地,1,1,全筆移轉,17030001
RPPNMLMLOHHGFDJ28CB,後湖段埔和小段,150.00,非都市：特定農業區 ; 非都市編定：甲種建築用地,1,1,全筆移轉,05090003
RPPNMLMLOHHGFDJ28CB,後湖段埔和小段,40.88,非都市：特定農業區 ; 非都市編定：甲種建築用地,8,1,持分移轉,05090000
RPRNMLMLOHHGFDJ48CB,綠園段,36.16,非都市：一般農業區 ; 非都市編定：甲種建築用地,100000,782,持分移轉,11040002
RPPNMLNLOHHGFBJ18CB,隘興段,6.00,都市：住,100000,1121,持分移轉,06350000
RPPNMLNLOHHGFBJ18CB,隘興段,14.94,都市：住,100000,1121,持分移轉,06350001
RPPNMLNLOHHGFBJ18CB,隘興段,5.18,都市：住,100000,1121,持分移轉,06350002
RPPNMLNLOHHGFBJ18CB,隘興段,8.95,都市：住,100000,1121,持分移轉,06350003
RPPNMLNLOHHGFBJ18CB,隘興段,3.29,都市：住,100000,1121,持分移轉,06360000
RPPNMLNLOHHGFBJ18CB,隘興段,3.29,都市：住,100000,1121,持分移轉,06360001
RPPNMLNLOHHGFBJ18CB,隘興段,3.29,都市：住,100000,1121,持分移轉,06360002
RPPNMLNLOHHGFBJ18CB,隘興段,3.29,都市：住,100000,1121,持分移轉,06360003
RPQNMLMLOHHGFDJ38CB,後湖段埔和小段,169.00,非都市：特定農業區 ; 非都市編定：甲種建築用地,1,1,全筆移轉,05090006
RPQNMLMLOHHGFDJ38CB,後湖段埔和小段,40.88,非都市：特定農業區 ; 非都市編定：甲種建築用地,8,1,持分移轉,05090000
RPQOMLOLOHHGFCJ58CB,寶山段沙湖壢小段,47.99,非都市：山坡地保育區 ; 非都市編定：丙種建築用地,100000,2065,持分移轉,03190000
RPPNMLOLOHHGFCJ38CB,金獅段,108.05,非都市：鄉村區 ; 非都市編定：乙種建築用地,1,1,全筆移轉,10440002
RPPNMLNLOHHGFCJ28CB,下員段,48.10,都市：農,100000,4045,持分移轉,06180000
RPPNMLNLOHHGFCJ28CB,下員段,4.42,都市：農,100000,4045,持分移轉,06180014
RPPNMLNLOHHGFCJ28CB,下員段,1.58,都市：農,100000,3163,持分移轉,06180015
RPPNMLNLOHHGFCJ28CB,下員段,.08,都市：農,100000,1011,持分移轉,06180016
RPQNMLOLOHHGFDJ58CB,綠園段,21.78,非都市：一般農業區 ; 非都市編定：甲種建築用地,100000,471,持分移轉,11040002
RPRNMLPLOHHGFDJ78CB,興湖段,31.90,都市：住,100000,1207,持分移轉,03880000
RPQNMLPLOHHGFDJ68CB,興湖段,25.69,都市：住,100000,972,持分移轉,03880000
RPPNMLOLOHHGFDJ48CB,綠園段,25.57,非都市：一般農業區 ; 非都市編定：甲種建築用地,100000,553,持分移轉,11040002
RPSNMLPLOHHGFDJ88CB,興湖段,23.18,都市：住,100000,877,持分移轉,03880000
RPQNMLRLOHHGFDJ88CB,興湖段,23.18,都市：住,100000,877,持分移轉,03880000
RPRNMLRLOHHGFDJ98CB,綠園段,36.16,非都市：一般農業區 ; 非都市編定：甲種建築用地,100000,782,持分移轉,11040002
RPSNMLRLOHHGFDJ09CB,綠園段,21.79,非都市：一般農業區 ; 非都市編定：甲種建築用地,100000,247,持分移轉,11040000
RPTNMLRLOHHGFDJ56CB,綠園段,22.50,非都市：一般農業區 ; 非都市編定：甲種建築用地,100000,255,持分移轉,11040000
RPPNMLPLOHHGFDJ58CB,興湖段,29.36,都市：住,100000,1111,持分移轉,03880000
RPTNMLPLOHHGFDJ98CB,興湖段,23.18,都市：住,100000,877,持分移轉,03880000
RPVNMLRLOHHGFDJ76CB,坪頂段,19.90,都市：住,100000,602,持分移轉,11350000
RPWNMLRLOHHGFDJ86CB,坪頂段,24.53,都市：住,100000,742,持分移轉,11350000
RPQOMLRLOHHGFDJ98CB,坪頂段,19.90,都市：住,100000,602,持分移轉,11350000
RPOOMLRLOHHGFDJ78CB,坪頂段,20.04,都市：住,100000,606,持分移轉,11350000
RPRNMLRLOHHGFCJ88CB,竹東段竹東小段,19.48,都市：住,100000,1071,持分移轉,03550001
RPRNMLRLOHHGFCJ88CB,竹東段竹東小段,.71,都市：住,100000,1071,持分移轉,03550021
RPPOMLRLOHHGFDJ88CB,坪頂段,19.90,都市：住,100000,602,持分移轉,11350000
RPUNMLRLOHHGFDJ66CB,綠園段,22.50,非都市：一般農業區 ; 非都市編定：甲種建築用地,100000,255,持分移轉,11040000
RPXNMLRLOHHGFDJ96CB,坪頂段,24.30,都市：住,100000,735,持分移轉,11350000
RPSNMLRLOHHGFCJ98CB,竹東段竹東小段,26.32,都市：住,100000,1447,持分移轉,03550001
RPSNMLRLOHHGFCJ98CB,竹東段竹東小段,.96,都市：住,100000,1447,持分移轉,03550021
RPTNMLRLOHHGFCJ09CB,竹東段竹東小段,26.32,都市：住,100000,1447,持分移轉,03550001
RPTNMLRLOHHGFCJ09CB,竹東段竹東小段,.96,都市：住,100000,1447,持分移轉,03550021
RPQNMLRLOHHGFCJ78CB,竹東段竹東小段,19.48,都市：住,100000,1071,持分移轉,03550001
RPQNMLRLOHHGFCJ78CB,竹東段竹東小段,.71,都市：住,100000,1071,持分移轉,03550021
RPPNMLSLOHHGFBJ68CB,豐田段,33.00,非都市：特定農業區 ; 非都市編定：甲種建築用地,100000,1920,持分移轉,01900000
RPPNMLSLOHHGFBJ68CB,豐田段,12.93,非都市：特定農業區 ; 非都市編定：農牧用地,77591,1293,持分移轉,01890000
RPTNMLTLOHHGFBJ56CB,仰德段,89.89,非都市：鄉村區 ; 非都市編定：乙種建築用地,1,1,全筆移轉,15140005
RPVNMLTLOHHGFBJ76CB,仰德段,89.91,非都市：鄉村區 ; 非都市編定：乙種建築用地,1,1,全筆移轉,15140003
RPUNMLTLOHHGFBJ66CB,仰德段,93.44,非都市：鄉村區 ; 非都市編定：乙種建築用地,1,1,全筆移轉,15140001
RPUNMLRLOHHGFCJ56CB,竹東段竹東小段,28.65,都市：住,100000,1575,持分移轉,03550001
RPUNMLRLOHHGFCJ56CB,竹東段竹東小段,1.04,都市：住,100000,1575,持分移轉,03550021
RPQNMLTLOHHGFBJ88CB,仰德段,89.92,非都市：鄉村區 ; 非都市編定：乙種建築用地,1,1,全筆移轉,15140002
RPOOMLTLOHHGFBJ78CB,仰德段,61.93,非都市：鄉村區 ; 非都市編定：乙種建築用地,1,1,全筆移轉,15140007
RPOOMLTLOHHGFBJ78CB,仰德段,20.12,非都市：鄉村區 ; 非都市編定：乙種建築用地,21,1,持分移轉,15140000
RPWNMLTLOHHGFBJ86CB,仰德段,89.90,非都市：鄉村區 ; 非都市編定：乙種建築用地,1,1,全筆移轉,15140004
RPXNMLTLOHHGFBJ96CB,仰德段,93.77,非都市：鄉村區 ; 非都市編定：乙種建築用地,1,1,全筆移轉,15140006
RPPOMLTLOHHGFBJ88CB,仰德段,63.06,非都市：鄉村區 ; 非都市編定：乙種建築用地,1,1,全筆移轉,15140008
RPPOMLTLOHHGFBJ88CB,仰德段,20.12,非都市：鄉村區 ; 非都市編定：乙種建築用地,21,1,持分移轉,15140000
RPROMLTLOHHGFBJ09CB,仰德段,65.39,非都市：鄉村區 ; 非都市編定：乙種建築用地,1,1,全筆移轉,15140010
RPROMLTLOHHGFBJ09CB,仰德段,20.12,非都市：鄉村區 ; 非都市編定：乙種建築用地,21,1,持分移轉,15140000
RPQOMLTLOHHGFBJ98CB,仰德段,65.38,非都市：鄉村區 ; 非都市編定：乙種建築用地,1,1,全筆移轉,15140009
RPQOMLTLOHHGFBJ98CB,仰德段,20.12,非都市：鄉村區 ; 非都市編定：乙種建築用地,21,1,持分移轉,15140000
RPSOMLTLOHHGFBJ56CB,仰德段,65.41,非都市：鄉村區 ; 非都市編定：乙種建築用地,1,1,全筆移轉,15140012
RPSOMLTLOHHGFBJ56CB,仰德段,20.12,非都市：鄉村區 ; 非都市編定：乙種建築用地,21,1,持分移轉,15140000
RPUOMLTLOHHGFBJ76CB,仰德段,65.40,非都市：鄉村區 ; 非都市編定：乙種建築用地,1,1,全筆移轉,15140014
RPUOMLTLOHHGFBJ76CB,仰德段,20.12,非都市：鄉村區 ; 非都市編定：乙種建築用地,21,1,持分移轉,15140000
RPTOMLTLOHHGFBJ66CB,仰德段,65.40,非都市：鄉村區 ; 非都市編定：乙種建築用地,1,1,全筆移轉,15140013
RPTOMLTLOHHGFBJ66CB,仰德段,20.12,非都市：鄉村區 ; 非都市編定：乙種建築用地,21,1,持分移轉,15140000
RPXOMLTLOHHGFBJ07CB,仰德段,65.49,非都市：鄉村區 ; 非都市編定：乙種建築用地,1,1,全筆移轉,15140022
RPXOMLTLOHHGFBJ07CB,仰德段,20.12,非都市：鄉村區 ; 非都市編定：乙種建築用地,21,1,持分移轉,15140000
RPVOMLTLOHHGFBJ86CB,仰德段,68.10,非都市：鄉村區 ; 非都市編定：乙種建築用地,1,1,全筆移轉,15140019
RPVOMLTLOHHGFBJ86CB,仰德段,20.12,非都市：鄉村區 ; 非都市編定：乙種建築用地,21,1,持分移轉,15140000
RPOPMLTLOHHGFBJ88CB,仰德段,65.49,非都市：鄉村區 ; 非都市編定：乙種建築用地,1,1,全筆移轉,15140023
RPOPMLTLOHHGFBJ88CB,仰德段,20.12,非都市：鄉村區 ; 非都市編定：乙種建築用地,21,1,持分移轉,15140000
RPPPMLTLOHHGFBJ98CB,仰德段,65.49,非都市：鄉村區 ; 非都市編定：乙種建築用地,1,1,全筆移轉,15140024
RPPPMLTLOHHGFBJ98CB,仰德段,20.12,非都市：鄉村區 ; 非都市編定：乙種建築用地,21,1,持分移轉,15140000
RPWOMLTLOHHGFBJ96CB,仰德段,65.48,非都市：鄉村區 ; 非都市編定：乙種建築用地,1,1,全筆移轉,15140021
RPWOMLTLOHHGFBJ96CB,仰德段,20.12,非都市：鄉村區 ; 非都市編定：乙種建築用地,21,1,持分移轉,15140000
RPRPMLTLOHHGFBJ56CB,仰德段,63.17,非都市：鄉村區 ; 非都市編定：乙種建築用地,1,1,全筆移轉,15140026
RPRPMLTLOHHGFBJ56CB,仰德段,20.12,非都市：鄉村區 ; 非都市編定：乙種建築用地,21,1,持分移轉,15140000
RPSPMLTLOHHGFBJ66CB,仰德段,62.05,非都市：鄉村區 ; 非都市編定：乙種建築用地,1,1,全筆移轉,15140027
RPSPMLTLOHHGFBJ66CB,仰德段,20.12,非都市：鄉村區 ; 非都市編定：乙種建築用地,21,1,持分移轉,15140000
RPVPMLTLOHHGFBJ96CB,仰德段,95.91,非都市：鄉村區 ; 非都市編定：乙種建築用地,1,1,全筆移轉,15140015
RPVPMLTLOHHGFBJ96CB,仰德段,20.12,非都市：鄉村區 ; 非都市編定：乙種建築用地,21,1,持分移轉,15140000
RPUPMLTLOHHGFBJ86CB,仰德段,103.03,非都市：鄉村區 ; 非都市編定：乙種建築用地,1,1,全筆移轉,15140016
RPUPMLTLOHHGFBJ86CB,仰德段,20.12,非都市：鄉村區 ; 非都市編定：乙種建築用地,21,1,持分移轉,15140000
RPPNMLTLOHHGFCJ88CB,至善段,16.10,都市：商,100000,271,持分移轉,00030000
RPQNMLTLOHHGFCJ98CB,至善段,17.47,都市：商,100000,294,持分移轉,00030000
RPQPMLTLOHHGFBJ09CB,仰德段,65.49,非都市：鄉村區 ; 非都市編定：乙種建築用地,1,1,全筆移轉,15140025
RPQPMLTLOHHGFBJ09CB,仰德段,20.12,非都市：鄉村區 ; 非都市編定：乙種建築用地,21,1,持分移轉,15140000
RPQNMLTLOHHGFDJ09CB,福興段十一股小段,1.69,非都市：特定農業區 ; 非都市編定：甲種建築用地,29,1,持分移轉,06820001
RPQNMLTLOHHGFDJ09CB,福興段十一股小段,.14,非都市：特定農業區 ; 非都市編定：甲種建築用地,29,1,持分移轉,06820052
RPQNMLTLOHHGFDJ09CB,福興段十一股小段,.38,非都市：特定農業區 ; 非都市編定：甲種建築用地,29,1,持分移轉,06820053
RPQNMLTLOHHGFDJ09CB,福興段十一股小段,.31,非都市：特定農業區 ; 非都市編定：甲種建築用地,29,1,持分移轉,06820054
RPQNMLTLOHHGFDJ09CB,福興段十一股小段,13.17,非都市：特定農業區 ; 非都市編定：甲種建築用地,29,1,持分移轉,06820055
RPQNMLTLOHHGFDJ09CB,福興段十一股小段,52.48,非都市：特定農業區 ; 非都市編定：甲種建築用地,1,1,全筆移轉,06820033
RPPNMLTLOHHGFDJ98CB,福興段十一股小段,1.69,非都市：特定農業區 ; 非都市編定：甲種建築用地,29,1,持分移轉,06820001
RPPNMLTLOHHGFDJ98CB,福興段十一股小段,.14,非都市：特定農業區 ; 非都市編定：甲種建築用地,29,1,持分移轉,06820052
RPPNMLTLOHHGFDJ98CB,福興段十一股小段,.38,非都市：特定農業區 ; 非都市編定：甲種建築用地,29,1,持分移轉,06820053
RPPNMLTLOHHGFDJ98CB,福興段十一股小段,.31,非都市：特定農業區 ; 非都市編定：甲種建築用地,29,1,持分移轉,06820054
RPPNMLTLOHHGFDJ98CB,福興段十一股小段,13.17,非都市：特定農業區 ; 非都市編定：甲種建築用地,29,1,持分移轉,06820055
RPPNMLTLOHHGFDJ98CB,福興段十一股小段,59.05,非都市：特定農業區 ; 非都市編定：甲種建築用地,1,1,全筆移轉,06820045
RPRNMLTLOHHGFDJ56CB,福興段十一股小段,1.69,非都市：特定農業區 ; 非都市編定：甲種建築用地,29,1,持分移轉,06820001
RPRNMLTLOHHGFDJ56CB,福興段十一股小段,.14,非都市：特定農業區 ; 非都市編定：甲種建築用地,29,1,持分移轉,06820052
RPRNMLTLOHHGFDJ56CB,福興段十一股小段,.38,非都市：特定農業區 ; 非都市編定：甲種建築用地,29,1,持分移轉,06820053
RPRNMLTLOHHGFDJ56CB,福興段十一股小段,.31,非都市：特定農業區 ; 非都市編定：甲種建築用地,29,1,持分移轉,06820054
RPRNMLTLOHHGFDJ56CB,福興段十一股小段,13.17,非都市：特定農業區 ; 非都市編定：甲種建築用地,29,1,持分移轉,06820055
RPRNMLTLOHHGFDJ56CB,福興段十一股小段,51.34,非都市：特定農業區 ; 非都市編定：甲種建築用地,1,1,全筆移轉,06820033
RPQNMLKMOHHGFDJ38DB,永寧段,19.83,非都市：特定農業區 ; 非都市編定：甲種建築用地,10000,132,持分移轉,00020000
RPQNMLKMOHHGFDJ38DB,永寧段,1.76,非都市：特定農業區 ; 非都市編定：甲種建築用地,74,1,持分移轉,00020008
RPPNMLKMOHHGFDJ18CB,永寧段,19.83,非都市：特定農業區 ; 非都市編定：甲種建築用地,10000,132,持分移轉,00020000
RPPNMLKMOHHGFDJ18CB,永寧段,1.76,非都市：特定農業區 ; 非都市編定：甲種建築用地,74,1,持分移轉,00020008
RPTNMLKMOHHGFDJ68DB,永寧段,26.74,非都市：特定農業區 ; 非都市編定：甲種建築用地,10000,178,持分移轉,00020000
RPTNMLKMOHHGFDJ68DB,永寧段,1.76,非都市：特定農業區 ; 非都市編定：甲種建築用地,74,1,持分移轉,00020008
RPPNMLKMOHHGFCJ08CB,寶山段沙湖壢小段,58.43,非都市：山坡地保育區 ; 非都市編定：丙種建築用地,100000,2514,持分移轉,03190000
RPRNMLKMOHHGFDJ48DB,永寧段,19.83,非都市：特定農業區 ; 非都市編定：甲種建築用地,10000,132,持分移轉,00020000
RPRNMLKMOHHGFDJ48DB,永寧段,1.76,非都市：特定農業區 ; 非都市編定：甲種建築用地,74,1,持分移轉,00020008
RPSNMLTLOHHGFDJ66CB,福興段十一股小段,1.69,非都市：特定農業區 ; 非都市編定：甲種建築用地,29,1,持分移轉,06820001
RPSNMLTLOHHGFDJ66CB,福興段十一股小段,.14,非都市：特定農業區 ; 非都市編定：甲種建築用地,29,1,持分移轉,06820052
RPSNMLTLOHHGFDJ66CB,福興段十一股小段,.38,非都市：特定農業區 ; 非都市編定：甲種建築用地,29,1,持分移轉,06820053
RPSNMLTLOHHGFDJ66CB,福興段十一股小段,.31,非都市：特定農業區 ; 非都市編定：甲種建築用地,29,1,持分移轉,06820054
RPSNMLTLOHHGFDJ66CB,福興段十一股小段,13.17,非都市：特定農業區 ; 非都市編定：甲種建築用地,29,1,持分移轉,06820055
RPSNMLTLOHHGFDJ66CB,福興段十一股小段,127.00,非都市：特定農業區 ; 非都市編定：甲種建築用地,1,1,全筆移轉,06820047
RPQNMLKMOHHGFBJ08CB,文化段,23.11,都市：住,10000,83,持分移轉,12100000
RPQNMLKMOHHGFBJ08CB,社北段,.48,都市：住,10000,83,持分移轉,04320006
RPSNMLKMOHHGFDJ58DB,永寧段,26.74,非都市：特定農業區 ; 非都市編定：甲種建築用地,10000,178,持分移轉,00020000
RPSNMLKMOHHGFDJ58DB,永寧段,1.76,非都市：特定農業區 ; 非都市編定：甲種建築用地,74,1,持分移轉,00020008
RPRNMLKMOHHGFBJ18CB,文化段,21.71,都市：住,10000,78,持分移轉,12100000
RPRNMLKMOHHGFBJ18CB,社北段,.45,都市：住,10000,78,持分移轉,04320006
RPUNMLKMOHHGFDJ78DB,永寧段,26.74,非都市：特定農業區 ; 非都市編定：甲種建築用地,10000,178,持分移轉,00020000
RPUNMLKMOHHGFDJ78DB,永寧段,1.76,非都市：特定農業區 ; 非都市編定：甲種建築用地,74,1,持分移轉,00020008
RPPNMLLJPHHGFBJ87CB,福田段,14.28,都市：商,100000,476,持分移轉,03710000
RPPNMLKMOHHGFBJ97CB,文化段,25.61,都市：住,10000,92,持分移轉,12100000
RPPNMLKMOHHGFBJ97CB,社北段,.53,都市：住,10000,92,持分移轉,04320006
RPRNMLLJPHHGFBJ08CB,福田段,10.92,都市：商,100000,364,持分移轉,03710000
RPQNMLLJPHHGFBJ97CB,福田段,16.62,都市：商,100000,554,持分移轉,03710000
RPTNMLLJPHHGFBJ28CB,福田段,16.05,都市：商,100000,535,持分移轉,03710000
RPSNMLLJPHHGFBJ18CB,福田段,16.05,都市：商,100000,535,持分移轉,03710000
RPVNMLLJPHHGFBJ48CB,福田段,15.96,都市：商,100000,532,持分移轉,03710000
RPWNMLLJPHHGFBJ58CB,福田段,16.05,都市：商,100000,535,持分移轉,03710000
RPXNMLLJPHHGFBJ68CB,福田段,10.92,都市：商,100000,364,持分移轉,03710000
RPUNMLLJPHHGFBJ38CB,福田段,10.92,都市：商,100000,364,持分移轉,03710000
RPPNMLMJPHHGFBJ97CB,府前段,28.51,都市：住,10000,115,持分移轉,12080000
RPPNMLLJPHHGFDJ08CB,永寧段,26.89,非都市：特定農業區 ; 非都市編定：甲種建築用地,10000,179,持分移轉,00020000
RPPNMLLJPHHGFDJ08CB,永寧段,1.76,非都市：特定農業區 ; 非都市編定：甲種建築用地,74,1,持分移轉,00020008
RPQNMLOJPHHGFDJ48CB,興湖段,25.69,都市：住,100000,972,持分移轉,03880000
RPRNMLOJPHHGFDJ58CB,興湖段,23.18,都市：住,100000,877,持分移轉,03880000
RPTNMLOJPHHGFDJ78CB,興湖段,25.69,都市：住,100000,972,持分移轉,03880000
RPPNMLOJPHHGFDJ48DB,埔和段,44.73,非都市：鄉村區 ; 非都市編定：乙種建築用地,1,1,全筆移轉,00290009
RPPNMLOJPHHGFDJ48DB,埔和段,19.46,非都市：鄉村區 ; 非都市編定：乙種建築用地,10,1,持分移轉,00290013
RPPNMLOJPHHGFDJ38CB,興湖段,23.18,都市：住,100000,877,持分移轉,03880000
RPSNMLOJPHHGFDJ78DB,埔和段,44.75,非都市：鄉村區 ; 非都市編定：乙種建築用地,1,1,全筆移轉,00290005
RPSNMLOJPHHGFDJ78DB,埔和段,19.46,非都市：鄉村區 ; 非都市編定：乙種建築用地,10,1,持分移轉,00290013
RPSNMLOJPHHGFDJ68CB,興湖段,23.18,都市：住,100000,877,持分移轉,03880000
RPTNMLOJPHHGFDJ88DB,埔和段,46.41,非都市：鄉村區 ; 非都市編定：乙種建築用地,1,1,全筆移轉,00290007
RPTNMLOJPHHGFDJ88DB,埔和段,19.46,非都市：鄉村區 ; 非都市編定：乙種建築用地,10,1,持分移轉,00290013
RPPNMLPJPHHGFDJ58DB,埔和段,44.75,非都市：鄉村區 ; 非都市編定：乙種建築用地,1,1,全筆移轉,00290004
RPPNMLPJPHHGFDJ58DB,埔和段,19.46,非都市：鄉村區 ; 非都市編定：乙種建築用地,10,1,持分移轉,00290013
RPQNMLOJPHHGFDJ58DB,埔和段,48.22,非都市：鄉村區 ; 非都市編定：乙種建築用地,1,1,全筆移轉,00290003
RPQNMLOJPHHGFDJ58DB,埔和段,19.46,非都市：鄉村區 ; 非都市編定：乙種建築用地,10,1,持分移轉,00290013
RPQNMLPJPHHGFDJ58CB,中義段,47.89,都市：住,100000,6739,持分移轉,02640000
RPWNMLPJPHHGFDJ56CB,中義段,47.12,都市：住,100000,6631,持分移轉,02640000
RPUNMLPJPHHGFDJ98CB,中義段,47.89,都市：住,100000,6739,持分移轉,02640000
RPOOMLPJPHHGFDJ48CB,中義段,47.89,都市：住,100000,6739,持分移轉,02640000
RPQOMLPJPHHGFDJ68CB,中義段,47.12,都市：住,100000,6631,持分移轉,02640000
RPPNMLPJPHHGFBJ28CB,仰德段,111.04,非都市：鄉村區 ; 非都市編定：乙種建築用地,1,1,全筆移轉,15140018
RPPNMLPJPHHGFBJ28CB,仰德段,20.12,非都市：鄉村區 ; 非都市編定：乙種建築用地,21,1,持分移轉,15140000
RPPNMLQJPHHGFBJ38CB,永興段,67.26,都市：住,100000,15086,持分移轉,00910009
RPPNMLPJPHHGFDJ48CB,中義段,48.15,都市：住,100000,6776,持分移轉,02640000
RPXNMLPJPHHGFDJ66CB,中義段,47.12,都市：住,100000,6631,持分移轉,02640000
RPPOMLPJPHHGFDJ58CB,中義段,46.97,都市：住,100000,6610,持分移轉,02640000
RPRNMLQJPHHGFBJ58CB,省道段,26.63,都市：住,10000,138,持分移轉,02200000
RPPNMLRJPHHGFCJ58CB,下員段,41.04,都市：農,100000,3451,持分移轉,06180000
RPPNMLRJPHHGFCJ58CB,下員段,3.77,都市：農,100000,3451,持分移轉,06180014
RPPNMLRJPHHGFCJ58CB,下員段,1.35,都市：農,100000,2699,持分移轉,06180015
RPPNMLRJPHHGFCJ58CB,下員段,.07,都市：農,100000,863,持分移轉,06180016
RPPNMLRJPHHGFDJ68CB,綠園段,26.91,非都市：一般農業區 ; 非都市編定：甲種建築用地,100000,582,持分移轉,11040002
RPQNMLQJPHHGFBJ48CB,仰德段,136.96,非都市：鄉村區 ; 非都市編定：乙種建築用地,1,1,全筆移轉,17030002
RPQNMLRJPHHGFDJ78CB,綠園段,27.74,非都市：一般農業區 ; 非都市編定：甲種建築用地,100000,600,持分移轉,11040002
RPPNMLQJPHHGFCJ48CB,下員段,48.10,都市：農,100000,4045,持分移轉,06180000
RPPNMLQJPHHGFCJ48CB,下員段,4.42,都市：農,100000,4045,持分移轉,06180014
RPPNMLQJPHHGFCJ48CB,下員段,1.58,都市：農,100000,3163,持分移轉,06180015
RPPNMLQJPHHGFCJ48CB,下員段,.08,都市：農,100000,1011,持分移轉,06180016
RPTNMLRJPHHGFDJ09CB,綠園段,25.71,非都市：一般農業區 ; 非都市編定：甲種建築用地,100000,556,持分移轉,11040002
RPPNMLRJPHHGFBJ48CB,福田段,16.05,都市：商,100000,535,持分移轉,03710000
RPSNMLRJPHHGFDJ98CB,綠園段,25.80,非都市：一般農業區 ; 非都市編定：甲種建築用地,100000,558,持分移轉,11040002
RPUNMLRJPHHGFDJ56CB,綠園段,25.57,非都市：一般農業區 ; 非都市編定：甲種建築用地,100000,553,持分移轉,11040002
RPRNMLRJPHHGFBJ68CB,福田段,16.05,都市：商,100000,535,持分移轉,03710000
RPQNMLRJPHHGFBJ58CB,福田段,14.28,都市：商,100000,476,持分移轉,03710000
RPPNMLLKPHHGFBJ97CB,溝貝段,29.10,非都市：特定農業區 ; 非都市編定：甲種建築用地,100000,1448,持分移轉,14580000
RPPNMLLKPHHGFBJ97CB,溝貝段,2.82,非都市：特定農業區 ; 非都市編定：甲種建築用地,100000,1448,持分移轉,14580001
RPPNMLLKPHHGFBJ97CB,溝貝段,.67,非都市：特定農業區 ; 非都市編定：水利用地,100000,1448,持分移轉,14560001
RPPNMLNKPHHGFBJ18CB,福田段,11.19,都市：商,100000,373,持分移轉,03710000
RPPNMLSJPHHGFDJ78CB,綠園段,23.20,非都市：特定農業區 ; 非都市編定：甲種建築用地,100000,1218,持分移轉,02870042
RPPNMLOKPHHGFDJ48CB,綠園段,21.04,非都市：一般農業區 ; 非都市編定：甲種建築用地,100000,455,持分移轉,11040002
RPQNMLNKPHHGFBJ28CB,福田段,16.05,都市：商,100000,535,持分移轉,03710000
RPRNMLOKPHHGFDJ68CB,綠園段,36.16,非都市：一般農業區 ; 非都市編定：甲種建築用地,100000,782,持分移轉,11040002
RPPNMLNKPHHGFCJ28CB,明湖段,69.87,非都市：鄉村區 ; 非都市編定：乙種建築用地,1,1,全筆移轉,17240002
RPPNMLNKPHHGFCJ28CB,明湖段,4.30,非都市：鄉村區 ; 非都市編定：乙種建築用地,10,1,持分移轉,17240006
RPQNMLOKPHHGFDJ58CB,綠園段,28.21,非都市：一般農業區 ; 非都市編定：甲種建築用地,100000,610,持分移轉,11040002
RPSNMLOKPHHGFDJ78CB,永寧段,26.89,非都市：特定農業區 ; 非都市編定：甲種建築用地,10000,179,持分移轉,00020000
RPSNMLOKPHHGFDJ78CB,永寧段,1.76,非都市：特定農業區 ; 非都市編定：甲種建築用地,74,1,持分移轉,00020008
RPTNMLOKPHHGFDJ88CB,永寧段,19.83,非都市：特定農業區 ; 非都市編定：甲種建築用地,10000,132,持分移轉,00020000
RPTNMLOKPHHGFDJ88CB,永寧段,1.76,非都市：特定農業區 ; 非都市編定：甲種建築用地,74,1,持分移轉,00020008
RPPNMLPKPHHGFDJ58CB,綠園段,24.88,非都市：一般農業區 ; 非都市編定：甲種建築用地,100000,538,持分移轉,11040002
RPQNMLPKPHHGFDJ68CB,綠園段,28.21,非都市：一般農業區 ; 非都市編定：甲種建築用地,100000,610,持分移轉,11040002
RPQNMLPKPHHGFBJ48CB,和平段,43.67,都市：住,100000,6228,持分移轉,04890000
RPRNMLPKPHHGFDJ78CB,綠園段,24.88,非都市：一般農業區 ; 非都市編定：甲種建築用地,100000,538,持分移轉,11040002
RPPNMLQKPHHGFDJ68CB,興湖段,23.18,都市：住,100000,877,持分移轉,03880000
RPSNMLQKPHHGFDJ98CB,興湖段,29.33,都市：住,100000,1110,持分移轉,03880000
RPQNMLQKPHHGFDJ78CB,興湖段,25.69,都市：住,100000,972,持分移轉,03880000
RPTNMLQKPHHGFDJ09CB,興湖段,23.18,都市：住,100000,877,持分移轉,03880000
RPRNMLQKPHHGFDJ88CB,興湖段,25.69,都市：住,100000,972,持分移轉,03880000
RPPNMLSKPHHGFCJ78CB,金獅段,107.38,非都市：鄉村區 ; 非都市編定：乙種建築用地,1,1,全筆移轉,10440003
RPRNMLSKPHHGFBJ88CB,豐田段,32.96,非都市：特定農業區 ; 非都市編定：甲種建築用地,100000,1918,持分移轉,01900000
RPRNMLSKPHHGFBJ88CB,豐田段,12.93,非都市：特定農業區 ; 非都市編定：農牧用地,77591,1293,持分移轉,01890000
RPPNMLSKPHHGFBJ68CB,福田段,85.93,都市：住,1,1,全筆移轉,02610006
RPPNMLSKPHHGFBJ68CB,福田段,2.46,都市：住,8,1,持分移轉,02610004
RPQNMLSKPHHGFBJ78CB,福田段,63.44,都市：住,1,1,全筆移轉,02610003
RPQNMLSKPHHGFBJ78CB,福田段,2.46,都市：住,8,1,持分移轉,02610004
RPQNMLSKPHHGFBJ78CB,福田段,17.28,都市：住,4,1,持分移轉,02610005
RPSNMLSKPHHGFBJ98CB,豐田段,33.02,非都市：特定農業區 ; 非都市編定：甲種建築用地,100000,1921,持分移轉,01900000
RPSNMLSKPHHGFBJ98CB,豐田段,12.93,非都市：特定農業區 ; 非都市編定：農牧用地,77591,1293,持分移轉,01890000
RPTNMLSKPHHGFBJ09CB,豐田段,33.00,非都市：特定農業區 ; 非都市編定：甲種建築用地,100000,1920,持分移轉,01900000
RPTNMLSKPHHGFBJ09CB,豐田段,12.93,非都市：特定農業區 ; 非都市編定：農牧用地,77591,1293,持分移轉,01890000
RPPNMLTKPHHGFBJ78CB,東華段,61.55,都市：工,100000,1515,持分移轉,02690000
RPPNMLTKPHHGFBJ78CB,東華段,4.61,都市：其他:溝渠用地,100000,2000,持分移轉,08500000
RPRNMLTKPHHGFBJ98CB,仰德段,61.89,非都市：鄉村區 ; 非都市編定：乙種建築用地,1,1,全筆移轉,15870001
RPRNMLTKPHHGFBJ98CB,仰德段,20.15,非都市：鄉村區 ; 非都市編定：乙種建築用地,12,1,持分移轉,15870012
RPQNMLTKPHHGFBJ88CB,仰德段,116.96,非都市：鄉村區 ; 非都市編定：乙種建築用地,1,1,全筆移轉,15870000
RPQNMLTKPHHGFBJ88CB,仰德段,20.15,非都市：鄉村區 ; 非都市編定：乙種建築用地,12,1,持分移轉,15870012
RPPNMLTKPHHGFCJ88CB,竹東段竹東小段,19.48,都市：住,100000,1071,持分移轉,03550001
RPPNMLTKPHHGFCJ88CB,竹東段竹東小段,.71,都市：住,100000,1071,持分移轉,03550021
RPQNMLTKPHHGFCJ98CB,竹東段竹東小段,28.65,都市：住,100000,1575,持分移轉,03550001
RPQNMLTKPHHGFCJ98CB,竹東段竹東小段,1.04,都市：住,100000,1575,持分移轉,03550021
RPSNMLTKPHHGFCJ56CB,資源段,26.83,都市：住,100000,2048,持分移轉,09000000
RPRNMLTKPHHGFCJ09CB,竹東段竹東小段,29.25,都市：住,100000,1608,持分移轉,03550001
RPRNMLTKPHHGFCJ09CB,竹東段竹東小段,1.06,都市：住,100000,1608,持分移轉,03550021
RPPNMLTKPHHGFDJ98CB,綠園段,30.44,非都市：一般農業區 ; 非都市編定：甲種建築用地,100000,345,持分移轉,11040000
RPPNMLKLPHHGFDJ28DB,埔和段,47.58,非都市：鄉村區 ; 非都市編定：乙種建築用地,1,1,全筆移轉,00290008
RPPNMLKLPHHGFDJ28DB,埔和段,19.46,非都市：鄉村區 ; 非都市編定：乙種建築用地,10,1,持分移轉,00290013
RPTNMLTKPHHGFCJ66CB,寶山段沙湖壢小段,58.43,非都市：山坡地保育區 ; 非都市編定：丙種建築用地,100000,2514,持分移轉,03190000
RPPNMLLLPHHGFBJ08CB,福田段,16.62,都市：商,100000,554,持分移轉,03710000
RPQNMLLLPHHGFBJ18CB,福田段,11.19,都市：商,100000,373,持分移轉,03710000
RPRNMLLLPHHGFBJ28CB,福田段,16.05,都市：商,100000,535,持分移轉,03710000
RPSNMLLLPHHGFBJ38CB,福田段,16.05,都市：商,100000,535,持分移轉,03710000
RPPNMLMLPHHGFDJ38CB,綠園段,28.85,非都市：一般農業區 ; 非都市編定：甲種建築用地,100000,624,持分移轉,11040002
RPTNMLLLPHHGFBJ48CB,省道段,26.44,都市：住,10000,137,持分移轉,02200000
RPQNMLMLPHHGFDJ48CB,綠園段,25.57,非都市：一般農業區 ; 非都市編定：甲種建築用地,100000,553,持分移轉,11040002
RPRNMLMLPHHGFDJ58CB,綠園段,28.21,非都市：一般農業區 ; 非都市編定：甲種建築用地,100000,610,持分移轉,11040002
RPSNMLMLPHHGFDJ68CB,綠園段,25.57,非都市：一般農業區 ; 非都市編定：甲種建築用地,100000,553,持分移轉,11040002
RPUNMLMLPHHGFDJ88CB,綠園段,28.85,非都市：一般農業區 ; 非都市編定：甲種建築用地,100000,624,持分移轉,11040002
RPPNMLPLPHHGFDJ68CB,中義段,47.12,都市：住,100000,6631,持分移轉,02640000
RPRNMLPLPHHGFDJ88CB,中義段,47.12,都市：住,100000,6631,持分移轉,02640000
RPUNMLPLPHHGFDJ56CB,中義段,47.89,都市：住,100000,6739,持分移轉,02640000
RPTNMLPLPHHGFDJ09CB,中義段,47.12,都市：住,100000,6631,持分移轉,02640000
RPSNMLPLPHHGFDJ98CB,中義段,47.12,都市：住,100000,6631,持分移轉,02640000
RPPNMLQLPHHGFBJ58CB,省道段,26.63,都市：住,10000,138,持分移轉,02200000
RPSPMLPLPHHGFBJ98CB,溝貝段,29.10,非都市：特定農業區 ; 非都市編定：甲種建築用地,100000,1448,持分移轉,14580000
RPSPMLPLPHHGFBJ98CB,溝貝段,2.82,非都市：特定農業區 ; 非都市編定：甲種建築用地,100000,1448,持分移轉,14580001
RPSPMLPLPHHGFBJ98CB,溝貝段,.67,非都市：特定農業區 ; 非都市編定：水利用地,100000,1448,持分移轉,14560001
RPPNMLRLPHHGFBJ68CB,福田段,16.05,都市：商,100000,535,持分移轉,03710000
RPQNMLRLPHHGFBJ78CB,福田段,16.62,都市：商,100000,554,持分移轉,03710000
RPSNMLRLPHHGFBJ98CB,福田段,16.62,都市：商,100000,554,持分移轉,03710000
RPRNMLRLPHHGFBJ88CB,福田段,10.92,都市：商,100000,364,持分移轉,03710000
RPTNMLRLPHHGFBJ09CB,福田段,10.95,都市：商,100000,365,持分移轉,03710000
RPUNMLRLPHHGFBJ56CB,大學段,5.78,都市：商,100000,41,持分移轉,05200000
RPQNMLRLPHHGFDJ98CB,興湖段,25.69,都市：住,100000,972,持分移轉,03880000
RPPNMLRLPHHGFDJ88CB,興湖段,25.69,都市：住,100000,972,持分移轉,03880000
RPRNMLRLPHHGFDJ09CB,綠園段,23.03,非都市：一般農業區 ; 非都市編定：甲種建築用地,100000,261,持分移轉,11040000
RPSNMLRLPHHGFDJ56CB,綠園段,22.50,非都市：一般農業區 ; 非都市編定：甲種建築用地,100000,255,持分移轉,11040000
RPWNMLRLPHHGFDJ96CB,綠園段,30.35,非都市：一般農業區 ; 非都市編定：甲種建築用地,100000,344,持分移轉,11040000
RPUNMLRLPHHGFDJ76CB,綠園段,23.03,非都市：一般農業區 ; 非都市編定：甲種建築用地,100000,261,持分移轉,11040000
RPQNMLLMPHHGFDJ48CB,坪頂段,19.90,都市：住,100000,602,持分移轉,11350000
RPTNMLRLPHHGFDJ66CB,綠園段,22.50,非都市：一般農業區 ; 非都市編定：甲種建築用地,100000,255,持分移轉,11040000
RPVNMLRLPHHGFDJ86CB,綠園段,30.35,非都市：一般農業區 ; 非都市編定：甲種建築用地,100000,344,持分移轉,11040000
RPRNMLLMPHHGFDJ58CB,坪頂段,19.90,都市：住,100000,602,持分移轉,11350000
RPPNMLLMPHHGFDJ38CB,坪頂段,19.90,都市：住,100000,602,持分移轉,11350000
RPWNMLLMPHHGFDJ09CB,綠園段,24.88,非都市：一般農業區 ; 非都市編定：甲種建築用地,100000,538,持分移轉,11040002
RPUNMLLJQHHGFDJ68CB,興湖段,25.69,都市：住,100000,972,持分移轉,03880000
RPVNMLLMPHHGFDJ98CB,綠園段,24.88,非都市：一般農業區 ; 非都市編定：甲種建築用地,100000,538,持分移轉,11040002
RPVNMLLJQHHGFDJ78CB,興湖段,23.18,都市：住,100000,877,持分移轉,03880000
RPPNMLLJQHHGFDJ18CB,興湖段,25.69,都市：住,100000,972,持分移轉,03880000
RPRNMLLJQHHGFDJ38CB,興湖段,25.69,都市：住,100000,972,持分移轉,03880000
RPXNMLLJQHHGFDJ98CB,興湖段,23.18,都市：住,100000,877,持分移轉,03880000
RPWNMLLJQHHGFDJ88CB,興湖段,23.18,都市：住,100000,877,持分移轉,03880000
RPOOMLLJQHHGFDJ18CB,興湖段,23.18,都市：住,100000,877,持分移轉,03880000
RPPOMLLJQHHGFDJ28CB,興湖段,23.18,都市：住,100000,877,持分移轉,03880000
RPQOMLLJQHHGFDJ38CB,埔和段,47.88,非都市：鄉村區 ; 非都市編定：乙種建築用地,1,1,全筆移轉,01920001
RPQOMLLJQHHGFDJ38CB,埔和段,21.15,非都市：鄉村區 ; 非都市編定：乙種建築用地,10,1,持分移轉,01920010
RPQNMLLJQHHGFBJ08CB,自強段,2.18,都市：住,100000,847,持分移轉,02680000
RPQNMLLJQHHGFBJ08CB,自強段,1.38,都市：住,100000,847,持分移轉,02690000
RPQNMLLJQHHGFBJ08CB,自強段,18.01,都市：住,100000,847,持分移轉,02810000
RPTOMLLJQHHGFDJ68CB,中崙段,34.16,非都市：特定農業區 ; 非都市編定：甲種建築用地,100000,2512,持分移轉,18310000
RPROMLLJQHHGFDJ48CB,埔和段,49.82,非都市：鄉村區 ; 非都市編定：乙種建築用地,1,1,全筆移轉,01920004
RPROMLLJQHHGFDJ48CB,埔和段,21.15,非都市：鄉村區 ; 非都市編定：乙種建築用地,10,1,持分移轉,01920010
RPSOMLLJQHHGFDJ58CB,中崙段,31.86,非都市：特定農業區 ; 非都市編定：甲種建築用地,100000,2343,持分移轉,18310000
RPPNMLLJQHHGFBJ97CB,自強段,2.18,都市：住,100000,847,持分移轉,02680000
RPPNMLLJQHHGFBJ97CB,自強段,1.38,都市：住,100000,847,持分移轉,02690000
RPPNMLLJQHHGFBJ97CB,自強段,18.01,都市：住,100000,847,持分移轉,02810000
RPSNMLLJQHHGFBJ28CB,自強段,2.18,都市：住,100000,847,持分移轉,02680000
RPSNMLLJQHHGFBJ28CB,自強段,1.38,都市：住,100000,847,持分移轉,02690000
RPSNMLLJQHHGFBJ28CB,自強段,18.01,都市：住,100000,847,持分移轉,02810000
RPRNMLLJQHHGFBJ18CB,自強段,2.18,都市：住,100000,847,持分移轉,02680000
RPRNMLLJQHHGFBJ18CB,自強段,1.38,都市：住,100000,847,持分移轉,02690000
RPRNMLLJQHHGFBJ18CB,自強段,18.01,都市：住,100000,847,持分移轉,02810000
RPTNMLLJQHHGFBJ38CB,自強段,2.18,都市：住,100000,847,持分移轉,02680000
RPTNMLLJQHHGFBJ38CB,自強段,1.38,都市：住,100000,847,持分移轉,02690000
RPTNMLLJQHHGFBJ38CB,自強段,18.01,都市：住,100000,847,持分移轉,02810000
RPUNMLLJQHHGFBJ48CB,自強段,2.18,都市：住,100000,847,持分移轉,02680000
RPUNMLLJQHHGFBJ48CB,自強段,1.38,都市：住,100000,847,持分移轉,02690000
RPUNMLLJQHHGFBJ48CB,自強段,18.01,都市：住,100000,847,持分移轉,02810000
RPVNMLLJQHHGFBJ58CB,自強段,2.18,都市：住,100000,847,持分移轉,02680000
RPVNMLLJQHHGFBJ58CB,自強段,1.38,都市：住,100000,847,持分移轉,02690000
RPVNMLLJQHHGFBJ58CB,自強段,18.01,都市：住,100000,847,持分移轉,02810000
RPXNMLLJQHHGFBJ78CB,自強段,1.70,都市：住,100000,661,持分移轉,02680000
RPXNMLLJQHHGFBJ78CB,自強段,1.07,都市：住,100000,661,持分移轉,02690000
RPXNMLLJQHHGFBJ78CB,自強段,14.06,都市：住,100000,661,持分移轉,02810000
RPPOMLLJQHHGFBJ08CB,自強段,1.70,都市：住,100000,661,持分移轉,02680000
RPPOMLLJQHHGFBJ08CB,自強段,1.07,都市：住,100000,661,持分移轉,02690000
RPPOMLLJQHHGFBJ08CB,自強段,14.06,都市：住,100000,661,持分移轉,02810000
RPWNMLLJQHHGFBJ68CB,自強段,1.70,都市：住,100000,661,持分移轉,02680000
RPWNMLLJQHHGFBJ68CB,自強段,1.07,都市：住,100000,661,持分移轉,02690000
RPWNMLLJQHHGFBJ68CB,自強段,14.06,都市：住,100000,661,持分移轉,02810000
RPROMLLJQHHGFBJ28CB,自強段,1.70,都市：住,100000,661,持分移轉,02680000
RPROMLLJQHHGFBJ28CB,自強段,1.07,都市：住,100000,661,持分移轉,02690000
RPROMLLJQHHGFBJ28CB,自強段,14.06,都市：住,100000,661,持分移轉,02810000
RPOOMLLJQHHGFBJ97CB,自強段,1.70,都市：住,100000,661,持分移轉,02680000
RPOOMLLJQHHGFBJ97CB,自強段,1.07,都市：住,100000,661,持分移轉,02690000
RPOOMLLJQHHGFBJ97CB,自強段,14.06,都市：住,100000,661,持分移轉,02810000
RPSOMLLJQHHGFBJ38CB,自強段,2.18,都市：住,100000,847,持分移轉,02680000
RPSOMLLJQHHGFBJ38CB,自強段,1.38,都市：住,100000,847,持分移轉,02690000
RPSOMLLJQHHGFBJ38CB,自強段,18.01,都市：住,100000,847,持分移轉,02810000
RPTOMLLJQHHGFBJ48CB,自強段,2.18,都市：住,100000,847,持分移轉,02680000
RPTOMLLJQHHGFBJ48CB,自強段,1.38,都市：住,100000,847,持分移轉,02690000
RPTOMLLJQHHGFBJ48CB,自強段,18.01,都市：住,100000,847,持分移轉,02810000
RPUOMLLJQHHGFBJ58CB,自強段,2.18,都市：住,100000,847,持分移轉,02680000
RPUOMLLJQHHGFBJ58CB,自強段,1.38,都市：住,100000,847,持分移轉,02690000
RPUOMLLJQHHGFBJ58CB,自強段,18.01,都市：住,100000,847,持分移轉,02810000
RPWOMLLJQHHGFBJ78CB,自強段,2.18,都市：住,100000,847,持分移轉,02680000
RPWOMLLJQHHGFBJ78CB,自強段,1.38,都市：住,100000,847,持分移轉,02690000
RPWOMLLJQHHGFBJ78CB,自強段,18.01,都市：住,100000,847,持分移轉,02810000
RPQPMLLJQHHGFBJ28CB,自強段,1.70,都市：住,100000,661,持分移轉,02680000
RPQPMLLJQHHGFBJ28CB,自強段,1.07,都市：住,100000,661,持分移轉,02690000
RPQPMLLJQHHGFBJ28CB,自強段,14.06,都市：住,100000,661,持分移轉,02810000
RPXOMLLJQHHGFBJ88CB,自強段,2.18,都市：住,100000,847,持分移轉,02680000
RPXOMLLJQHHGFBJ88CB,自強段,1.38,都市：住,100000,847,持分移轉,02690000
RPXOMLLJQHHGFBJ88CB,自強段,18.01,都市：住,100000,847,持分移轉,02810000
RPVOMLLJQHHGFBJ68CB,自強段,2.18,都市：住,100000,847,持分移轉,02680000
RPVOMLLJQHHGFBJ68CB,自強段,1.38,都市：住,100000,847,持分移轉,02690000
RPVOMLLJQHHGFBJ68CB,自強段,18.01,都市：住,100000,847,持分移轉,02810000
RPOPMLLJQHHGFBJ08CB,自強段,2.18,都市：住,100000,847,持分移轉,02680000
RPOPMLLJQHHGFBJ08CB,自強段,1.38,都市：住,100000,847,持分移轉,02690000
RPOPMLLJQHHGFBJ08CB,自強段,18.01,都市：住,100000,847,持分移轉,02810000
RPRPMLLJQHHGFBJ38CB,自強段,1.70,都市：住,100000,661,持分移轉,02680000
RPRPMLLJQHHGFBJ38CB,自強段,1.07,都市：住,100000,661,持分移轉,02690000
RPRPMLLJQHHGFBJ38CB,自強段,14.06,都市：住,100000,661,持分移轉,02810000
RPSPMLLJQHHGFBJ48CB,自強段,1.70,都市：住,100000,661,持分移轉,02680000
RPSPMLLJQHHGFBJ48CB,自強段,1.07,都市：住,100000,661,持分移轉,02690000
RPSPMLLJQHHGFBJ48CB,自強段,14.06,都市：住,100000,661,持分移轉,02810000
RPTPMLLJQHHGFBJ58CB,自強段,1.70,都市：住,100000,661,持分移轉,02680000
RPTPMLLJQHHGFBJ58CB,自強段,1.07,都市：住,100000,661,持分移轉,02690000
RPTPMLLJQHHGFBJ58CB,自強段,14.06,都市：住,100000,661,持分移轉,02810000
RPPPMLLJQHHGFBJ18CB,自強段,1.70,都市：住,100000,661,持分移轉,02680000
RPPPMLLJQHHGFBJ18CB,自強段,1.07,都市：住,100000,661,持分移轉,02690000
RPPPMLLJQHHGFBJ18CB,自強段,14.06,都市：住,100000,661,持分移轉,02810000
RPVPMLLJQHHGFBJ78CB,自強段,1.43,都市：住,100000,553,持分移轉,02680000
RPVPMLLJQHHGFBJ78CB,自強段,.90,都市：住,100000,553,持分移轉,02690000
RPVPMLLJQHHGFBJ78CB,自強段,11.76,都市：住,100000,553,持分移轉,02810000
RPWPMLLJQHHGFBJ88CB,自強段,1.43,都市：住,100000,553,持分移轉,02680000
RPWPMLLJQHHGFBJ88CB,自強段,.90,都市：住,100000,553,持分移轉,02690000
RPWPMLLJQHHGFBJ88CB,自強段,11.76,都市：住,100000,553,持分移轉,02810000
RPOQMLLJQHHGFBJ18CB,自強段,1.43,都市：住,100000,553,持分移轉,02680000
RPOQMLLJQHHGFBJ18CB,自強段,.90,都市：住,100000,553,持分移轉,02690000
RPOQMLLJQHHGFBJ18CB,自強段,11.76,都市：住,100000,553,持分移轉,02810000
RPUPMLLJQHHGFBJ68CB,自強段,1.70,都市：住,100000,661,持分移轉,02680000
RPUPMLLJQHHGFBJ68CB,自強段,1.07,都市：住,100000,661,持分移轉,02690000
RPUPMLLJQHHGFBJ68CB,自強段,14.06,都市：住,100000,661,持分移轉,02810000
RPPNMLMJQHHGFDJ28CB,永寧段,19.83,非都市：特定農業區 ; 非都市編定：甲種建築用地,10000,132,持分移轉,00020000
RPPNMLMJQHHGFDJ28CB,永寧段,1.76,非都市：特定農業區 ; 非都市編定：甲種建築用地,74,1,持分移轉,00020008
RPPQMLLJQHHGFBJ28CB,自強段,1.43,都市：住,100000,553,持分移轉,02680000
RPPQMLLJQHHGFBJ28CB,自強段,.90,都市：住,100000,553,持分移轉,02690000
RPPQMLLJQHHGFBJ28CB,自強段,11.76,都市：住,100000,553,持分移轉,02810000
RPQQMLLJQHHGFBJ38CB,自強段,1.43,都市：住,100000,553,持分移轉,02680000
RPQQMLLJQHHGFBJ38CB,自強段,.90,都市：住,100000,553,持分移轉,02690000
RPQQMLLJQHHGFBJ38CB,自強段,11.76,都市：住,100000,553,持分移轉,02810000
RPPNMLNJQHHGFBJ18CB,福田段,86.61,都市：住,1,1,全筆移轉,02610000
RPPNMLNJQHHGFBJ18CB,福田段,2.46,都市：住,8,1,持分移轉,02610004
RPPNMLNJQHHGFDJ38CB,綠園段,21.28,非都市：特定農業區 ; 非都市編定：甲種建築用地,100000,1117,持分移轉,02870042
RPPNMLNJQHHGFCJ28CB,上員段,21.94,非都市：特定農業區 ; 非都市編定：甲種建築用地,100000,11063,持分移轉,03480002
RPVPMLNJQHHGFBJ98CB,文山段,111.70,非都市：山坡地保育區 ; 非都市編定：丙種建築用地,1,1,全筆移轉,03270017
RPVPMLNJQHHGFBJ98CB,文山段,58.98,非都市：山坡地保育區 ; 非都市編定：丙種建築用地,1000,80,持分移轉,03270000
RPPNMLOJQHHGFBJ28CB,福田段,10.95,都市：商,100000,365,持分移轉,03710000
RPQNMLOJQHHGFBJ38CB,福田段,10.95,都市：商,100000,365,持分移轉,03710000
RPQNMLPJQHHGFDJ68CB,綠園段,23.03,非都市：一般農業區 ; 非都市編定：甲種建築用地,100000,261,持分移轉,11040000
RPRNMLOJQHHGFBJ48CB,福田段,16.62,都市：商,100000,554,持分移轉,03710000
RPSNMLOJQHHGFBJ58CB,福田段,11.19,都市：商,100000,373,持分移轉,03710000
RPTNMLOJQHHGFBJ68CB,福田段,16.62,都市：商,100000,554,持分移轉,03710000
RPUNMLOJQHHGFBJ78CB,大學段,5.64,都市：商,100000,40,持分移轉,05200000
RPPNMLPJQHHGFDJ58CB,綠園段,23.03,非都市：一般農業區 ; 非都市編定：甲種建築用地,100000,261,持分移轉,11040000
RPRNMLPJQHHGFDJ78CB,綠園段,35.02,非都市：一般農業區 ; 非都市編定：甲種建築用地,100000,397,持分移轉,11040000
RPTNMLPJQHHGFDJ98CB,綠園段,28.21,非都市：一般農業區 ; 非都市編定：甲種建築用地,100000,610,持分移轉,11040002
RPSNMLPJQHHGFDJ88CB,綠園段,36.16,非都市：一般農業區 ; 非都市編定：甲種建築用地,100000,782,持分移轉,11040002
RPTNMLQJQHHGFBJ88CB,省道段,21.61,都市：住,10000,112,持分移轉,02200000
RPTNMLSJQHHGFBJ09CB,東安段,63.99,都市：住,1,1,全筆移轉,04340023
RPTNMLSJQHHGFBJ09CB,東安段,5.42,都市：住,10,1,持分移轉,04340031
RPTNMLSJQHHGFBJ09CB,東安段,16.59,都市：住,10,1,持分移轉,04340020
RPPNMLSJQHHGFBJ68CB,福田段,52.53,都市：住,1,1,全筆移轉,02240004
RPPNMLSJQHHGFBJ68CB,福田段,24.25,都市：住,1000,162,持分移轉,02240005
RPUNMLPJQHHGFDJ09CB,綠園段,29.41,非都市：一般農業區 ; 非都市編定：甲種建築用地,100000,636,持分移轉,11040002
RPUNMLSJQHHGFBJ56CB,東安段,66.15,都市：住,1,1,全筆移轉,04340013
RPUNMLSJQHHGFBJ56CB,東安段,5.42,都市：住,10,1,持分移轉,04340031
RPUNMLSJQHHGFBJ56CB,東安段,16.59,都市：住,10,1,持分移轉,04340020
RPWNMLSJQHHGFBJ76CB,東安段,62.70,都市：住,1,1,全筆移轉,04340022
RPWNMLSJQHHGFBJ76CB,東安段,5.42,都市：住,10,1,持分移轉,04340031
RPWNMLSJQHHGFBJ76CB,東安段,16.59,都市：住,10,1,持分移轉,04340020
RPPOMLSJQHHGFBJ78CB,東安段,84.59,都市：住,1,1,全筆移轉,04340026
RPPOMLSJQHHGFBJ78CB,東安段,5.42,都市：住,10,1,持分移轉,04340031
RPPOMLSJQHHGFBJ78CB,東安段,16.59,都市：住,10,1,持分移轉,04340020
RPVNMLSJQHHGFBJ66CB,東安段,59.73,都市：住,1,1,全筆移轉,04340021
RPVNMLSJQHHGFBJ66CB,東安段,5.42,都市：住,10,1,持分移轉,04340031
RPVNMLSJQHHGFBJ66CB,東安段,16.59,都市：住,10,1,持分移轉,04340020
RPXNMLSJQHHGFBJ86CB,東安段,67.38,都市：住,1,1,全筆移轉,04340024
RPXNMLSJQHHGFBJ86CB,東安段,5.42,都市：住,10,1,持分移轉,04340031
RPXNMLSJQHHGFBJ86CB,東安段,16.59,都市：住,10,1,持分移轉,04340020
RPOOMLSJQHHGFBJ68CB,東安段,73.25,都市：住,1,1,全筆移轉,04340025
RPOOMLSJQHHGFBJ68CB,東安段,5.42,都市：住,10,1,持分移轉,04340031
RPOOMLSJQHHGFBJ68CB,東安段,16.59,都市：住,10,1,持分移轉,04340020
RPQOMLSJQHHGFBJ88CB,東安段,70.65,都市：住,1,1,全筆移轉,04340027
RPQOMLSJQHHGFBJ88CB,東安段,5.42,都市：住,10,1,持分移轉,04340031
RPQOMLSJQHHGFBJ88CB,東安段,16.59,都市：住,10,1,持分移轉,04340020
RPROMLSJQHHGFBJ98CB,東安段,70.65,都市：住,1,1,全筆移轉,04340028
RPROMLSJQHHGFBJ98CB,東安段,5.42,都市：住,10,1,持分移轉,04340031
RPROMLSJQHHGFBJ98CB,東安段,16.59,都市：住,10,1,持分移轉,04340020
RPSOMLSJQHHGFBJ09CB,東安段,97.92,都市：住,1,1,全筆移轉,04340030
RPPNMLTJQHHGFBJ78CB,省道段,21.61,都市：住,10000,112,持分移轉,02200000
RPWNMLTJQHHGFBJ86CB,莊敬段,34.91,都市：住,100000,1638,持分移轉,05970000
RPTOMLSJQHHGFBJ56CB,莊敬段,34.91,都市：住,100000,1638,持分移轉,05970000
RPRNMLKKQHHGFBJ18CB,莊敬段,34.91,都市：住,100000,1638,持分移轉,05970000
RPOOMLTJQHHGFBJ78CB,莊敬段,34.91,都市：住,100000,1638,持分移轉,05970000
RPQNMLKKQHHGFBJ08CB,莊敬段,34.91,都市：住,100000,1638,持分移轉,05970000
RPPNMLKKQHHGFCJ18DB,金獅段,72.66,非都市：鄉村區 ; 非都市編定：乙種建築用地,1,1,全筆移轉,10080005
RPRNMLMKQHHGFBJ38CB,莊敬段,34.91,都市：住,100000,1638,持分移轉,05970000
RPQNMLNKQHHGFBJ38CB,莊敬段,34.91,都市：住,100000,1638,持分移轉,05970000
RPSNMLMKQHHGFBJ48CB,莊敬段,34.91,都市：住,100000,1638,持分移轉,05970000
RPRNMLOKQHHGFDJ78CB,興湖段,23.18,都市：住,100000,877,持分移轉,03880000
RPRNMLNKQHHGFBJ48CB,莊敬段,34.91,都市：住,100000,1638,持分移轉,05970000
RPPNMLNKQHHGFBJ28CB,莊敬段,34.91,都市：住,100000,1638,持分移轉,05970000
RPSNMLOKQHHGFDJ88CB,興湖段,25.69,都市：住,100000,972,持分移轉,03880000
RPXNMLOKQHHGFDJ76CB,坪頂段,31.22,都市：住,100000,1408,持分移轉,11050000
RPUNMLOKQHHGFDJ09CB,中義段,47.12,都市：住,100000,6631,持分移轉,02640000
RPOOMLOKQHHGFDJ58CB,綠園段,29.41,非都市：一般農業區 ; 非都市編定：甲種建築用地,100000,636,持分移轉,11040002
RPQOMLOKQHHGFDJ78CB,坪頂段,31.29,都市：住,100000,1411,持分移轉,11050000
RPPOMLOKQHHGFDJ68CB,坪頂段,35.39,都市：住,100000,1596,持分移轉,11050000
RPROMLOKQHHGFDJ88CB,坪頂段,28.92,都市：住,100000,1304,持分移轉,11050000
RPTOMLOKQHHGFDJ09CB,坪頂段,31.29,都市：住,100000,1411,持分移轉,11050000
RPSOMLOKQHHGFDJ98CB,坪頂段,28.92,都市：住,100000,1304,持分移轉,11050000
RPUOMLOKQHHGFDJ56CB,綠園段,24.88,非都市：一般農業區 ; 非都市編定：甲種建築用地,100000,538,持分移轉,11040002
RPVOMLOKQHHGFDJ66CB,坪頂段,31.60,都市：住,100000,1425,持分移轉,11050000
RPWOMLOKQHHGFDJ76CB,坪頂段,28.98,都市：住,100000,1307,持分移轉,11050000
RPPPMLOKQHHGFDJ78CB,坪頂段,31.22,都市：住,100000,1408,持分移轉,11050000
RPXOMLOKQHHGFDJ86CB,坪頂段,35.39,都市：住,100000,1596,持分移轉,11050000
RPSPMLOKQHHGFDJ09CB,坪頂段,35.23,都市：住,100000,1589,持分移轉,11050000
RPOPMLOKQHHGFDJ68CB,綠園段,36.16,非都市：一般農業區 ; 非都市編定：甲種建築用地,100000,782,持分移轉,11040002
RPQPMLOKQHHGFDJ88CB,坪頂段,28.92,都市：住,100000,1304,持分移轉,11050000
RPUPMLOKQHHGFDJ66CB,綠園段,28.21,非都市：一般農業區 ; 非都市編定：甲種建築用地,100000,610,持分移轉,11040002
RPVPMLOKQHHGFDJ76CB,坪頂段,31.22,都市：住,100000,1408,持分移轉,11050000
RPRPMLOKQHHGFDJ98CB,坪頂段,31.53,都市：住,100000,1422,持分移轉,11050000
RPTPMLOKQHHGFDJ56CB,坪頂段,28.98,都市：住,100000,1307,持分移轉,11050000
RPWPMLOKQHHGFDJ86CB,坪頂段,31.29,都市：住,100000,1411,持分移轉,11050000
RPXPMLOKQHHGFDJ96CB,坪頂段,31.29,都市：住,100000,1411,持分移轉,11050000
RPPQMLOKQHHGFDJ88CB,坪頂段,28.98,都市：住,100000,1307,持分移轉,11050000
RPQQMLOKQHHGFDJ98CB,坪頂段,31.60,都市：住,100000,1425,持分移轉,11050000
RPSQMLOKQHHGFDJ56CB,坪頂段,31.89,都市：住,100000,1438,持分移轉,11050000
RPOQMLOKQHHGFDJ78CB,坪頂段,25.46,都市：住,100000,1148,持分移轉,11050000
RPTQMLOKQHHGFDJ66CB,坪頂段,31.53,都市：住,100000,1422,持分移轉,11050000
RPRQMLOKQHHGFDJ09CB,坪頂段,31.53,都市：住,100000,1422,持分移轉,11050000
RPVQMLOKQHHGFDJ86CB,坪頂段,31.53,都市：住,100000,1422,持分移轉,11050000
RPUQMLOKQHHGFDJ76CB,坪頂段,31.53,都市：住,100000,1422,持分移轉,11050000
RPWQMLOKQHHGFDJ96CB,坪頂段,31.29,都市：住,100000,1411,持分移轉,11050000
RPXQMLOKQHHGFDJ07CB,坪頂段,28.92,都市：住,100000,1304,持分移轉,11050000
RPPRMLOKQHHGFDJ98CB,坪頂段,31.22,都市：住,100000,1408,持分移轉,11050000
RPRRMLOKQHHGFDJ56CB,坪頂段,31.29,都市：住,100000,1411,持分移轉,11050000
RPTRMLOKQHHGFDJ76CB,坪頂段,31.60,都市：住,100000,1425,持分移轉,11050000
RPQRMLOKQHHGFDJ09CB,坪頂段,35.23,都市：住,100000,1589,持分移轉,11050000
RPORMLOKQHHGFDJ88CB,坪頂段,28.09,都市：住,100000,1267,持分移轉,11050000
RPURMLOKQHHGFDJ86CB,坪頂段,28.92,都市：住,100000,1304,持分移轉,11050000
RPSRMLOKQHHGFDJ66CB,坪頂段,31.60,都市：住,100000,1425,持分移轉,11050000
RPWRMLOKQHHGFDJ07CB,坪頂段,28.98,都市：住,100000,1307,持分移轉,11050000
RPXRMLOKQHHGFDJ17CB,坪頂段,28.98,都市：住,100000,1307,持分移轉,11050000
RPVRMLOKQHHGFDJ96CB,坪頂段,28.98,都市：住,100000,1307,持分移轉,11050000
RPPSMLOKQHHGFDJ09CB,坪頂段,31.22,都市：住,100000,1408,持分移轉,11050000
RPOSMLOKQHHGFDJ98CB,坪頂段,31.53,都市：住,100000,1422,持分移轉,11050000
RPQSMLOKQHHGFDJ56CB,坪頂段,28.92,都市：住,100000,1304,持分移轉,11050000
RPRSMLOKQHHGFDJ66CB,坪頂段,31.60,都市：住,100000,1425,持分移轉,11050000
RPSSMLOKQHHGFDJ76CB,坪頂段,31.22,都市：住,100000,1408,持分移轉,11050000
RPPNMLPKQHHGFDJ68CB,綠園段,23.03,非都市：一般農業區 ; 非都市編定：甲種建築用地,100000,261,持分移轉,11040000
RPQNMLPKQHHGFCJ68CB,竹東段竹東小段,29.25,都市：住,100000,1608,持分移轉,03550001
RPQNMLPKQHHGFCJ68CB,竹東段竹東小段,1.06,都市：住,100000,1608,持分移轉,03550021
RPPNMLPKQHHGFCJ58CB,竹東段竹東小段,29.25,都市：住,100000,1608,持分移轉,03550001
RPPNMLPKQHHGFCJ58CB,竹東段竹東小段,1.06,都市：住,100000,1608,持分移轉,03550021
RPRNMLPKQHHGFCJ78CB,竹東段竹東小段,29.25,都市：住,100000,1608,持分移轉,03550001
RPRNMLPKQHHGFCJ78CB,竹東段竹東小段,1.06,都市：住,100000,1608,持分移轉,03550021
RPSNMLPKQHHGFCJ88CB,竹東段竹東小段,28.65,都市：住,100000,1575,持分移轉,03550001
RPSNMLPKQHHGFCJ88CB,竹東段竹東小段,1.04,都市：住,100000,1575,持分移轉,03550021
RPQNMLPKQHHGFBJ58CB,莊敬段,34.91,都市：住,100000,1638,持分移轉,05970000
RPRNMLPKQHHGFBJ68CB,莊敬段,34.91,都市：住,100000,1638,持分移轉,05970000
RPPNMLQKQHHGFBJ58CB,福田段,97.88,都市：住,1,1,全筆移轉,02240000
RPPNMLQKQHHGFBJ58CB,福田段,24.25,都市：住,1000,162,持分移轉,02240005
RPTNMLQKQHHGFBJ98CB,福田段,37.08,都市：住,100000,1694,持分移轉,00820000
RPSNMLQKQHHGFBJ88CB,福田段,39.36,都市：住,100000,1798,持分移轉,00820000
RPQNMLQKQHHGFBJ68CB,福田段,39.47,都市：住,100000,1803,持分移轉,00820000
RPUNMLQKQHHGFBJ09CB,福田段,37.24,都市：住,100000,1701,持分移轉,00820000
RPRNMLQKQHHGFBJ78CB,福田段,39.36,都市：住,100000,1798,持分移轉,00820000
RPVNMLQKQHHGFBJ56CB,福田段,39.36,都市：住,100000,1798,持分移轉,00820000
RPXNMLQKQHHGFBJ76CB,福田段,39.47,都市：住,100000,1803,持分移轉,00820000
RPOOMLQKQHHGFBJ58CB,福田段,39.36,都市：住,100000,1798,持分移轉,00820000
RPWNMLQKQHHGFBJ66CB,福田段,39.47,都市：住,100000,1803,持分移轉,00820000
RPQOMLQKQHHGFBJ78CB,福田段,39.36,都市：住,100000,1798,持分移轉,00820000
RPROMLQKQHHGFBJ88CB,福田段,39.47,都市：住,100000,1803,持分移轉,00820000
RPPOMLQKQHHGFBJ68CB,福田段,39.47,都市：住,100000,1803,持分移轉,00820000
RPTOMLQKQHHGFBJ09CB,福田段,39.47,都市：住,100000,1803,持分移轉,00820000
RPPNMLQKQHHGFDJ78CB,綠園段,22.50,非都市：一般農業區 ; 非都市編定：甲種建築用地,100000,255,持分移轉,11040000
RPTNMLRKQHHGFDJ76DB,埔和段,44.73,非都市：鄉村區 ; 非都市編定：乙種建築用地,1,1,全筆移轉,00290010
RPTNMLRKQHHGFDJ76DB,埔和段,19.46,非都市：鄉村區 ; 非都市編定：乙種建築用地,10,1,持分移轉,00290013
RPSOMLQKQHHGFBJ98CB,福田段,37.24,都市：住,100000,1701,持分移轉,00820000
RPUOMLQKQHHGFBJ56CB,福田段,39.36,都市：住,100000,1798,持分移轉,00820000
RPVOMLQKQHHGFBJ66CB,省道段,28.95,都市：住,10000,150,持分移轉,02200000
RPUNMLRKQHHGFDJ86DB,埔和段,44.73,非都市：鄉村區 ; 非都市編定：乙種建築用地,1,1,全筆移轉,00290011
RPUNMLRKQHHGFDJ86DB,埔和段,19.46,非都市：鄉村區 ; 非都市編定：乙種建築用地,10,1,持分移轉,00290013
RPPNMLRKQHHGFBJ68CB,永興段,67.26,都市：住,100000,15086,持分移轉,00910009
RPROMLRKQHHGFBJ98CB,福田段,37.24,都市：住,100000,1701,持分移轉,00820000
RPVNMLRKQHHGFDJ96DB,埔和段,44.75,非都市：鄉村區 ; 非都市編定：乙種建築用地,1,1,全筆移轉,00290006
RPVNMLRKQHHGFDJ96DB,埔和段,19.46,非都市：鄉村區 ; 非都市編定：乙種建築用地,10,1,持分移轉,00290013
RPUOMLRKQHHGFBJ66CB,福田段,37.08,都市：住,100000,1694,持分移轉,00820000
RPQOMLRKQHHGFBJ88CB,福田段,39.36,都市：住,100000,1798,持分移轉,00820000
RPOPMLRKQHHGFBJ78CB,福田段,39.47,都市：住,100000,1803,持分移轉,00820000
RPSOMLRKQHHGFBJ09CB,福田段,37.08,都市：住,100000,1694,持分移轉,00820000
RPVOMLRKQHHGFBJ76CB,福田段,39.47,都市：住,100000,1803,持分移轉,00820000
RPXOMLRKQHHGFBJ96CB,福田段,39.36,都市：住,100000,1798,持分移轉,00820000
RPPPMLRKQHHGFBJ88CB,福田段,37.08,都市：住,100000,1694,持分移轉,00820000
RPWOMLRKQHHGFBJ86CB,福田段,37.24,都市：住,100000,1701,持分移轉,00820000
RPRPMLRKQHHGFBJ09CB,莊敬段,34.91,都市：住,100000,1638,持分移轉,05970000
RPRNMLTKQHHGFBJ09CB,自強段,1.70,都市：住,100000,661,持分移轉,02680000
RPRNMLTKQHHGFBJ09CB,自強段,1.07,都市：住,100000,661,持分移轉,02690000
RPRNMLTKQHHGFBJ09CB,自強段,14.06,都市：住,100000,661,持分移轉,02810000
RPPNMLSKQHHGFDJ98CB,綠園段,24.88,非都市：一般農業區 ; 非都市編定：甲種建築用地,100000,538,持分移轉,11040002
RPQPMLRKQHHGFBJ98CB,福田段,39.47,都市：住,100000,1803,持分移轉,00820000
RPTNMLTKQHHGFBJ66CB,自強段,2.18,都市：住,100000,847,持分移轉,02680000
RPTNMLTKQHHGFBJ66CB,自強段,1.38,都市：住,100000,847,持分移轉,02690000
RPTNMLTKQHHGFBJ66CB,自強段,18.01,都市：住,100000,847,持分移轉,02810000
RPPNMLKLQHHGFBJ08CB,福田段,39.47,都市：住,100000,1803,持分移轉,00820000
RPQNMLKLQHHGFBJ18CB,福田段,37.08,都市：住,100000,1694,持分移轉,00820000
RPQNMLSKQHHGFDJ09CB,綠園段,36.16,非都市：一般農業區 ; 非都市編定：甲種建築用地,100000,782,持分移轉,11040002
RPPNMLKLQHHGFCJ18CB,至善段,17.05,都市：商,100000,287,持分移轉,00030000
RPUNMLSKQHHGFDJ86CB,永寧段,26.74,非都市：特定農業區 ; 非都市編定：甲種建築用地,10000,178,持分移轉,00020000
RPUNMLSKQHHGFDJ86CB,永寧段,1.76,非都市：特定農業區 ; 非都市編定：甲種建築用地,74,1,持分移轉,00020008
RPSNMLTKQHHGFBJ56CB,自強段,1.70,都市：住,100000,661,持分移轉,02680000
RPSNMLTKQHHGFBJ56CB,自強段,1.07,都市：住,100000,661,持分移轉,02690000
RPSNMLTKQHHGFBJ56CB,自強段,14.06,都市：住,100000,661,持分移轉,02810000
RPPNMLLLQHHGFBJ18CB,福田段,37.08,都市：住,100000,1694,持分移轉,00820000
RPQNMLLLQHHGFBJ28CB,福田段,37.24,都市：住,100000,1701,持分移轉,00820000
RPRNMLLLQHHGFBJ38CB,福田段,37.24,都市：住,100000,1701,持分移轉,00820000
RPUNMLLLQHHGFBJ68CB,福田段,39.47,都市：住,100000,1803,持分移轉,00820000
RPSNMLLLQHHGFBJ48CB,福田段,39.36,都市：住,100000,1798,持分移轉,00820000
RPVNMLLLQHHGFBJ78CB,福田段,37.08,都市：住,100000,1694,持分移轉,00820000
RPTNMLLLQHHGFBJ58CB,福田段,37.24,都市：住,100000,1701,持分移轉,00820000
RPPNMLMLQHHGFBJ28CB,福田段,37.08,都市：住,100000,1694,持分移轉,00820000
RPQNMLMLQHHGFBJ38CB,福田段,39.36,都市：住,100000,1798,持分移轉,00820000
RPRNMLMLQHHGFBJ48CB,福田段,39.36,都市：住,100000,1798,持分移轉,00820000
RPSNMLMLQHHGFBJ58CB,福田段,37.24,都市：住,100000,1701,持分移轉,00820000
RPPNMLMLQHHGFDJ48CB,綠園段,79.51,非都市：特定農業區 ; 非都市編定：甲種建築用地,1,1,全筆移轉,02790077
RPPNMLMLQHHGFDJ48CB,綠園段,.07,非都市：特定農業區 ; 非都市編定：甲種建築用地,37,1,持分移轉,02790095
RPTNMLMLQHHGFBJ68CB,福田段,39.36,都市：住,100000,1798,持分移轉,00820000
RPRNMLNLQHHGFDJ78CB,綠園段,30.35,非都市：一般農業區 ; 非都市編定：甲種建築用地,100000,344,持分移轉,11040000
RPPNMLNLQHHGFDJ58CB,綠園段,22.50,非都市：一般農業區 ; 非都市編定：甲種建築用地,100000,255,持分移轉,11040000
RPTNMLNLQHHGFDJ98CB,綠園段,78.03,非都市：特定農業區 ; 非都市編定：甲種建築用地,1,1,全筆移轉,02790092
RPTNMLNLQHHGFDJ98CB,綠園段,.07,非都市：特定農業區 ; 非都市編定：甲種建築用地,37,1,持分移轉,02790095
RPXNMLNLQHHGFDJ76CB,坪頂段,24.10,都市：住,100000,729,持分移轉,11350000
RPQNMLNLQHHGFBJ58DB,內立段,56.00,非都市：特定農業區 ; 非都市編定：甲種建築用地,1,1,全筆移轉,03420010
RPQNMLNLQHHGFBJ58DB,內立段,20.27,非都市：特定農業區 ; 非都市編定：甲種建築用地,11,1,持分移轉,03420000
RPSNMLNLQHHGFDJ88CB,綠園段,79.61,非都市：特定農業區 ; 非都市編定：甲種建築用地,1,1,全筆移轉,02790076
RPSNMLNLQHHGFDJ88CB,綠園段,.07,非都市：特定農業區 ; 非都市編定：甲種建築用地,37,1,持分移轉,02790095
RPPOMLNLQHHGFDJ68CB,坪頂段,24.53,都市：住,100000,742,持分移轉,11350000
RPVNMLNLQHHGFDJ56CB,坪頂段,19.90,都市：住,100000,602,持分移轉,11350000
RPRNMLOLQHHGFDJ88CB,綠園段,79.11,非都市：特定農業區 ; 非都市編定：甲種建築用地,1,1,全筆移轉,02790081
RPRNMLOLQHHGFDJ88CB,綠園段,.07,非都市：特定農業區 ; 非都市編定：甲種建築用地,37,1,持分移轉,02790095
RPQNMLOLQHHGFDJ78CB,綠園段,79.21,非都市：特定農業區 ; 非都市編定：甲種建築用地,1,1,全筆移轉,02790080
RPQNMLOLQHHGFDJ78CB,綠園段,.07,非都市：特定農業區 ; 非都市編定：甲種建築用地,37,1,持分移轉,02790095
RPPOMLOLQHHGFDJ78CB,綠園段,99.12,非都市：特定農業區 ; 非都市編定：甲種建築用地,1,1,全筆移轉,02880027
RPPOMLOLQHHGFDJ78CB,綠園段,.30,非都市：特定農業區 ; 非都市編定：甲種建築用地,18,1,持分移轉,02880038
RPPNMLPLQHHGFBJ58CB,豐田段,19.92,非都市：特定農業區 ; 非都市編定：甲種建築用地,100000,1159,持分移轉,01900000
RPPNMLPLQHHGFBJ58CB,豐田段,12.93,非都市：特定農業區 ; 非都市編定：農牧用地,77591,1293,持分移轉,01890000
RPTNMLOLQHHGFBJ88CB,莊敬段,48.87,都市：住,100000,2293,持分移轉,05970000
RPSOMLOLQHHGFDJ09CB,綠園段,100.97,非都市：特定農業區 ; 非都市編定：甲種建築用地,1,1,全筆移轉,02880000
RPSOMLOLQHHGFDJ09CB,綠園段,.30,非都市：特定農業區 ; 非都市編定：甲種建築用地,18,1,持分移轉,02880038
RPSNMLOLQHHGFBJ78CB,福田段,54.39,都市：住,1,1,全筆移轉,02240006
RPSNMLOLQHHGFBJ78CB,福田段,24.25,都市：住,1000,162,持分移轉,02240005
RPPNMLPLQHHGFDJ78CB,長威段,42.92,非都市：鄉村區 ; 非都市編定：乙種建築用地,10000,483,持分移轉,16770000
RPPNMLPLQHHGFDJ78CB,長威段,37.47,非都市：鄉村區 ; 非都市編定：乙種建築用地,10000,483,持分移轉,16780000
RPRNMLPLQHHGFDJ98CB,長威段,39.99,非都市：鄉村區 ; 非都市編定：乙種建築用地,10000,450,持分移轉,16770000
RPRNMLPLQHHGFDJ98CB,長威段,34.91,非都市：鄉村區 ; 非都市編定：乙種建築用地,10000,450,持分移轉,16780000
RPQNMLPLQHHGFDJ88CB,長威段,42.84,非都市：鄉村區 ; 非都市編定：乙種建築用地,10000,482,持分移轉,16770000
RPQNMLPLQHHGFDJ88CB,長威段,37.40,非都市：鄉村區 ; 非都市編定：乙種建築用地,10000,482,持分移轉,16780000
RPSNMLPLQHHGFDJ09CB,長威段,42.92,非都市：鄉村區 ; 非都市編定：乙種建築用地,10000,483,持分移轉,16770000
RPSNMLPLQHHGFDJ09CB,長威段,37.47,非都市：鄉村區 ; 非都市編定：乙種建築用地,10000,483,持分移轉,16780000
RPTNMLPLQHHGFDJ56CB,長威段,42.84,非都市：鄉村區 ; 非都市編定：乙種建築用地,10000,482,持分移轉,16770000
RPTNMLPLQHHGFDJ56CB,長威段,37.40,非都市：鄉村區 ; 非都市編定：乙種建築用地,10000,482,持分移轉,16780000
RPUNMLPLQHHGFDJ66CB,長威段,42.92,非都市：鄉村區 ; 非都市編定：乙種建築用地,10000,483,持分移轉,16770000
RPUNMLPLQHHGFDJ66CB,長威段,37.47,非都市：鄉村區 ; 非都市編定：乙種建築用地,10000,483,持分移轉,16780000
RPVNMLPLQHHGFDJ76CB,長威段,42.84,非都市：鄉村區 ; 非都市編定：乙種建築用地,10000,482,持分移轉,16770000
RPVNMLPLQHHGFDJ76CB,長威段,37.40,非都市：鄉村區 ; 非都市編定：乙種建築用地,10000,482,持分移轉,16780000
RPSOMLPLQHHGFDJ56CB,長威段,174.79,非都市：鄉村區 ; 非都市編定：乙種建築用地,1,1,全筆移轉,19220016
RPSOMLPLQHHGFDJ56CB,長威段,20.73,非都市：鄉村區 ; 非都市編定：乙種建築用地,100000,5380,持分移轉,19220023
RPWNMLPLQHHGFDJ86CB,長威段,42.92,非都市：鄉村區 ; 非都市編定：乙種建築用地,10000,483,持分移轉,16770000
RPWNMLPLQHHGFDJ86CB,長威段,37.47,非都市：鄉村區 ; 非都市編定：乙種建築用地,10000,483,持分移轉,16780000
RPRNMLPLQHHGFCJ88CB,至善段,11.53,都市：商,100000,194,持分移轉,00030000
RPROMLPLQHHGFDJ09CB,長威段,42.84,非都市：鄉村區 ; 非都市編定：乙種建築用地,10000,482,持分移轉,16770000
RPROMLPLQHHGFDJ09CB,長威段,37.40,非都市：鄉村區 ; 非都市編定：乙種建築用地,10000,482,持分移轉,16780000
RPQNMLPLQHHGFCJ78CB,至善段,16.10,都市：商,100000,271,持分移轉,00030000
RPQOMLPLQHHGFDJ98CB,長威段,42.84,非都市：鄉村區 ; 非都市編定：乙種建築用地,10000,482,持分移轉,16770000
RPQOMLPLQHHGFDJ98CB,長威段,37.40,非都市：鄉村區 ; 非都市編定：乙種建築用地,10000,482,持分移轉,16780000
RPPNMLPLQHHGFCJ68CB,至善段,21.21,都市：商,100000,357,持分移轉,00030000
RPPNMLRLQHHGFDJ98CB,綠園段,24.88,非都市：一般農業區 ; 非都市編定：甲種建築用地,100000,538,持分移轉,11040002
RPPNMLRLQHHGFBJ78CB,福田段,39.47,都市：住,100000,1803,持分移轉,00820000
RPQNMLRLQHHGFBJ88CB,福田段,37.08,都市：住,100000,1694,持分移轉,00820000
RPPNMLSLQHHGFDJ09CB,長威段,57.55,非都市：鄉村區 ; 非都市編定：乙種建築用地,1,1,全筆移轉,15940007
RPPNMLTLQHHGFBJ98CB,自強段,1.70,都市：住,100000,661,持分移轉,02680000
RPPNMLTLQHHGFBJ98CB,自強段,1.07,都市：住,100000,661,持分移轉,02690000
RPPNMLTLQHHGFBJ98CB,自強段,14.06,都市：住,100000,661,持分移轉,02810000
RPRNMLLJRHHGFBJ28CB,福田段,37.24,都市：住,100000,1701,持分移轉,00820000
RPPNMLSLQHHGFCJ98CB,敦睦段,35.89,都市：住,100000,1210,持分移轉,00830000
RPPNMLTLQHHGFBJ09DB,內立段,63.00,非都市：特定農業區 ; 非都市編定：甲種建築用地,1,1,全筆移轉,03420008
RPPNMLTLQHHGFBJ09DB,內立段,20.27,非都市：特定農業區 ; 非都市編定：甲種建築用地,11,1,持分移轉,03420000
RPSNMLLJRHHGFBJ38CB,福田段,37.08,都市：住,100000,1694,持分移轉,00820000
RPQNMLLJRHHGFBJ18CB,福田段,39.47,都市：住,100000,1803,持分移轉,00820000
RPUNMLLJRHHGFBJ58CB,和平段,43.67,都市：住,100000,6228,持分移轉,04890000
RPPNMLLJRHHGFBJ08CB,福田段,39.36,都市：住,100000,1798,持分移轉,00820000
RPTNMLLJRHHGFBJ48CB,世興段,25.26,都市：商,100000,393,持分移轉,00130000
RPSNMLLJRHHGFCJ48CB,至善段,5.59,都市：住,100000,825,持分移轉,00400000
RPSNMLLJRHHGFCJ48CB,至善段,2.91,都市：住,100000,825,持分移轉,00410000
RPSNMLLJRHHGFCJ48CB,至善段,4.30,都市：住,100000,825,持分移轉,00420000
RPSNMLLJRHHGFCJ48CB,至善段,6.44,都市：住,100000,825,持分移轉,00430000
RPXNMLLJRHHGFCJ98CB,至善段,5.59,都市：住,100000,825,持分移轉,00400000
RPXNMLLJRHHGFCJ98CB,至善段,2.91,都市：住,100000,825,持分移轉,00410000
RPXNMLLJRHHGFCJ98CB,至善段,4.30,都市：住,100000,825,持分移轉,00420000
RPXNMLLJRHHGFCJ98CB,至善段,6.44,都市：住,100000,825,持分移轉,00430000
RPPOMLLJRHHGFCJ28CB,至善段,5.51,都市：住,100000,813,持分移轉,00400000
RPPOMLLJRHHGFCJ28CB,至善段,2.87,都市：住,100000,813,持分移轉,00410000
RPPOMLLJRHHGFCJ28CB,至善段,4.24,都市：住,100000,813,持分移轉,00420000
RPPOMLLJRHHGFCJ28CB,至善段,6.34,都市：住,100000,813,持分移轉,00430000
RPTNMLLJRHHGFCJ58CB,至善段,5.51,都市：住,100000,813,持分移轉,00400000
RPTNMLLJRHHGFCJ58CB,至善段,2.87,都市：住,100000,813,持分移轉,00410000
RPTNMLLJRHHGFCJ58CB,至善段,4.24,都市：住,100000,813,持分移轉,00420000
RPTNMLLJRHHGFCJ58CB,至善段,6.34,都市：住,100000,813,持分移轉,00430000
RPQOMLLJRHHGFCJ38CB,至善段,3.16,都市：住,100000,466,持分移轉,00400000
RPQOMLLJRHHGFCJ38CB,至善段,1.65,都市：住,100000,466,持分移轉,00410000
RPQOMLLJRHHGFCJ38CB,至善段,2.43,都市：住,100000,466,持分移轉,00420000
RPQOMLLJRHHGFCJ38CB,至善段,3.64,都市：住,100000,466,持分移轉,00430000
RPWNMLLJRHHGFCJ88CB,至善段,5.68,都市：住,100000,838,持分移轉,00400000
RPWNMLLJRHHGFCJ88CB,至善段,2.96,都市：住,100000,838,持分移轉,00410000
RPWNMLLJRHHGFCJ88CB,至善段,4.37,都市：住,100000,838,持分移轉,00420000
RPWNMLLJRHHGFCJ88CB,至善段,6.54,都市：住,100000,838,持分移轉,00430000
RPSPMLMJRHHGFDJ88CB,池和段,102.31,非都市：特定農業區 ; 非都市編定：甲種建築用地,1,1,全筆移轉,09880006
RPOOMLLJRHHGFCJ18CB,至善段,5.51,都市：住,100000,813,持分移轉,00400000
RPOOMLLJRHHGFCJ18CB,至善段,2.87,都市：住,100000,813,持分移轉,00410000
RPOOMLLJRHHGFCJ18CB,至善段,4.24,都市：住,100000,813,持分移轉,00420000
RPOOMLLJRHHGFCJ18CB,至善段,6.34,都市：住,100000,813,持分移轉,00430000
RPROMLLJRHHGFCJ48CB,至善段,5.51,都市：住,100000,813,持分移轉,00400000
RPROMLLJRHHGFCJ48CB,至善段,2.87,都市：住,100000,813,持分移轉,00410000
RPROMLLJRHHGFCJ48CB,至善段,4.24,都市：住,100000,813,持分移轉,00420000
RPROMLLJRHHGFCJ48CB,至善段,6.34,都市：住,100000,813,持分移轉,00430000
RPXPMLMJRHHGFDJ76CB,中崙段,33.59,非都市：特定農業區 ; 非都市編定：甲種建築用地,100000,2470,持分移轉,18310000
RPOQMLMJRHHGFDJ58CB,埔和段,47.09,非都市：鄉村區 ; 非都市編定：乙種建築用地,1,1,全筆移轉,01920008
RPOQMLMJRHHGFDJ58CB,埔和段,21.15,非都市：鄉村區 ; 非都市編定：乙種建築用地,10,1,持分移轉,01920010
RPRNMLPJRHHGFCJ78CB,至善段,11.94,都市：商,100000,201,持分移轉,00030000
RPTNMLPJRHHGFCJ98CB,下員段,35.76,都市：農,100000,3007,持分移轉,06180000
RPTNMLPJRHHGFCJ98CB,下員段,3.29,都市：農,100000,3007,持分移轉,06180014
RPTNMLPJRHHGFCJ98CB,下員段,1.18,都市：農,100000,2351,持分移轉,06180015
RPTNMLPJRHHGFCJ98CB,下員段,.06,都市：農,100000,752,持分移轉,06180016
RPQNMLOKRHHGFBJ58CB,莊敬段,47.57,都市：住,100000,2802,持分移轉,05930000
RPPNMLOKRHHGFBJ48CB,莊敬段,44.84,都市：住,100000,2641,持分移轉,05930000
RPSNMLPJRHHGFCJ88CB,下員段,35.76,都市：農,100000,3007,持分移轉,06180000
RPSNMLPJRHHGFCJ88CB,下員段,3.29,都市：農,100000,3007,持分移轉,06180014
RPSNMLPJRHHGFCJ88CB,下員段,1.18,都市：農,100000,2351,持分移轉,06180015
RPSNMLPJRHHGFCJ88CB,下員段,.06,都市：農,100000,752,持分移轉,06180016
RPSNMLOKRHHGFBJ78CB,莊敬段,44.84,都市：住,100000,2641,持分移轉,05930000
RPRNMLOKRHHGFBJ68CB,莊敬段,44.84,都市：住,100000,2641,持分移轉,05930000
RPTNMLOKRHHGFBJ88CB,莊敬段,44.84,都市：住,100000,2641,持分移轉,05930000
RPUNMLOKRHHGFBJ98CB,莊敬段,44.84,都市：住,100000,2641,持分移轉,05930000
RPVNMLOKRHHGFBJ09CB,莊敬段,44.84,都市：住,100000,2641,持分移轉,05930000
RPWNMLOKRHHGFBJ56CB,莊敬段,47.57,都市：住,100000,2802,持分移轉,05930000
RPXNMLOKRHHGFBJ66CB,莊敬段,44.84,都市：住,100000,2641,持分移轉,05930000
RPSOMLOKRHHGFBJ88CB,莊敬段,38.96,都市：住,100000,2295,持分移轉,05930000
RPOOMLOKRHHGFBJ48CB,莊敬段,46.55,都市：住,100000,2742,持分移轉,05930000
RPUOMLOKRHHGFBJ09CB,莊敬段,38.96,都市：住,100000,2295,持分移轉,05930000
RPROMLOKRHHGFBJ78CB,莊敬段,44.84,都市：住,100000,2641,持分移轉,05930000
RPTOMLOKRHHGFBJ98CB,莊敬段,38.96,都市：住,100000,2295,持分移轉,05930000
RPVOMLOKRHHGFBJ56CB,莊敬段,38.96,都市：住,100000,2295,持分移轉,05930000
RPWOMLOKRHHGFBJ66CB,莊敬段,38.96,都市：住,100000,2295,持分移轉,05930000
RPXOMLOKRHHGFBJ76CB,莊敬段,38.96,都市：住,100000,2295,持分移轉,05930000
RPPPMLOKRHHGFBJ68CB,莊敬段,38.96,都市：住,100000,2295,持分移轉,05930000
RPQPMLOKRHHGFBJ78CB,莊敬段,41.66,都市：住,100000,2454,持分移轉,05930000
RPOPMLOKRHHGFBJ58CB,莊敬段,38.96,都市：住,100000,2295,持分移轉,05930000
RPVPMLOKRHHGFBJ66CB,莊敬段,44.84,都市：住,100000,2641,持分移轉,05930000
RPPOMLMLRHHGFDJ68CB,中義段,46.97,都市：住,100000,6610,持分移轉,02640000
RPRPMLOKRHHGFBJ88CB,莊敬段,38.96,都市：住,100000,2295,持分移轉,05930000
