﻿編號,屋齡,建物移轉面積平方公尺,主要用途,主要建材,建築完成日期,總層數,建物分層
The serial number,room age,building shifting area square meter,the main use,main building materials,construction completes the date,total layer,building lamination
RPPPMLQKNHHGFBJ58CC,11,113.98,住商用,鋼筋混凝土造,100年1月28日,十四層,
RPUPMLNKNHHGFCJ88CC,25,87.22,住家用,鋼筋混凝土造,86年10月20日,五層,
RPUPMLNKNHHGFCJ88CC,25,8.29,共有部分,鋼筋混凝土造,86年10月20日,五層,
RPUPMLNKNHHGFCJ88CC,25,22.79,共有部分,鋼筋混凝土造,86年10月20日,五層,
RPPPMLQKNHHGFBJ58CC,11,9.59,本共有部分之項目有車道、資源回收室、管理員室、公共服務空間、開放空間、梯間、機械室、水箱等八項。,鋼筋混凝土造,100年1月28日,十四層,
RPPPMLQKNHHGFBJ58CC,11,54.67,本共有部分之項目有停車空間、防空避難室等二項。,鋼筋混凝土造,100年1月28日,十四層,
RPWNMLNKNHHGFBJ88DC,8,82.36,商業用,鋼筋混凝土造,103年8月26日,十三層,
RPWNMLNKNHHGFBJ88DC,8,19.06,本共有部分之項目有梯間、機械室、水箱等３項,鋼筋混凝土造,103年8月26日,十三層,
RPWNMLNKNHHGFBJ88DC,8,129.25,本共有部分之項目有防空避難室兼停車空間、開放空間、公共服務空間、梯廳、機電設備空間等５項,鋼筋混凝土造,103年8月26日,十三層,
RPQPMLQKNHHGFBJ68CC,15,10.06,農舍,鋼筋混凝土造,96年8月21日,三層,
RPTOMLRKNHHGFBJ98CC,21,99.72,住家用,鋼筋混凝土造,90年9月3日,十層,
RPTOMLRKNHHGFBJ98CC,21,10.34,共有部分,鋼筋混凝土造,90年9月3日,十層,
RPTOMLRKNHHGFBJ98CC,21,12.56,共有部分,鋼筋混凝土造,90年9月3日,十層,
RPTNMLSKNHHGFBJ98CC,21,1401.02,工業用,鋼筋混凝土造,90年6月12日,六層,
RPTNMLSKNHHGFBJ98CC,21,1401.02,工業用,鋼筋混凝土造,90年6月12日,六層,
RPSNMLTKNHHGFDJ56CC,4,68.16,集合住宅,鋼筋混凝土造,107年5月24日,七層,
RPSNMLTKNHHGFDJ56CC,4,11.05,本共有部分之項目有集合住宅（附屬樓梯間、機械室、水箱）。,鋼筋混凝土造,107年5月24日,七層,
RPSNMLTKNHHGFDJ56CC,4,16.81,本共有部分之項目有：集合住宅（附屬防空避難室兼停車空間、附屬停車空間）、集合住宅（附屬管委會空間、警衛室）。,鋼筋混凝土造,107年5月24日,十層,
RPPPMLSKNHHGFBJ78CC,4,62.10,住家用,鋼筋混凝土造,107年9月20日,二十二層,
RPPPMLSKNHHGFBJ78CC,4,56.24,本共有部分之項目有防空避難室兼停車空間、消防泵浦室、汙水機房、雨水機房、梯間、台電配電場所、發電機房、防災中心、垃圾冷藏室、管委會使用空間、機械室、水箱、停車空間、蓄水池等１４項。,鋼筋混凝土造,107年9月20日,二十二層,
RPPPMLSKNHHGFCJ88CC,22,84.22,住家用,鋼筋混凝土造,89年4月27日,五層,
RPPPMLSKNHHGFCJ88CC,22,13.85,共有部分,鋼筋混凝土造,89年4月27日,五層,
RPPPMLSKNHHGFCJ88CC,22,10.06,停車空間,鋼筋混凝土造,89年4月27日,五層,
RPTNMLTKNHHGFDJ66CC,1,83.18,集合住宅,鋼筋混凝土造,110年11月5日,七層,
RPTNMLTKNHHGFDJ66CC,1,13.68,本共有部分之項目有梯間等１項,鋼筋混凝土造,110年11月5日,七層,
RPTNMLTKNHHGFDJ66CC,1,23.71,本共有部分之項目有梯間、停車空間、機械室、水箱等４項,鋼筋混凝土造,110年11月5日,七層,
RPUOMLTKNHHGFBJ66CC,10,159.22,住家用,鋼筋混凝土造,101年8月24日,二十三層,
RPUOMLTKNHHGFBJ66CC,10,86.57,本共有部份之項目有停車空間、污水設備室、電信設備室、消防機械室、台電受電室、開放空間資源回收室、梯間、機械室、水箱等九項,鋼筋混凝土造,101年8月24日,二十三層,
RPXOMLKLNHHGFBJ78CC,22,266.40,住商用,鋼筋混凝土造,89年8月24日,四層,
RPTNMLKLNHHGFCJ38CC,26,73.59,住家用,鋼筋混凝土造,85年5月6日,九層,
RPTNMLKLNHHGFCJ38CC,26,6.63,共有部分,鋼筋混凝土造,85年5月6日,九層,
RPTNMLKLNHHGFCJ38CC,26,8.36,共有部分,鋼筋混凝土造,85年5月6日,十層,
RPTNMLKLNHHGFCJ38CC,26,29.35,停車場,鋼筋混凝土造,85年5月6日,十層,
RPXPMLTKNHHGFBJ07CC,,150.56,住商用,鋼筋混凝土造,,四層,
RPVOMLKLNHHGFBJ58CC,11,176.60,商業用,鋼筋混凝土造,99年12月14日,十三層,
RPVOMLKLNHHGFBJ58CC,11,102.98,本共有部分之項目有防空避難室、停車空間、垃圾處理室、管理空間、廣場式開放空間、蓄水池、消防泵浦室等七項,鋼筋混凝土造,99年12月14日,十五層,
RPVOMLKLNHHGFBJ58CC,11,31.27,本共有部分之項目有梯間等一項,鋼筋混凝土造,99年12月14日,十三層,
RPXNMLNLNHHGFBJ98CC,11,235.82,住家用,鋼筋混凝土造,100年2月16日,四層,
RPXNMLNLNHHGFBJ98CC,11,14.15,本共有部分之項目有防空避難室兼停車空間等二項,鋼筋混凝土造,100年2月16日,四層,
RPOPMLNLNHHGFBJ28CC,14,207.30,商業用,鋼筋混凝土造,97年2月1日,十九層,
RPOPMLNLNHHGFBJ28CC,14,17.33,共有部分,鋼筋混凝土造,97年2月1日,十九層,
RPOPMLNLNHHGFBJ28CC,14,28.82,共有部分,鋼筋混凝土造,97年2月1日,十九層,
RPWOMLOLNHHGFBJ09CC,21,815.73,工業用,鋼筋混凝土造,90年6月12日,七層,
RPRNMLOLNHHGFBJ48CC,1,49.04,集合住宅,鋼筋混凝土造,109年12月26日,二十四層,
RPRNMLOLNHHGFBJ48CC,1,57.06,本共有部分之項目有停車空間、排煙室、水箱室、消防機械室、梯間、地下室進排氣機房、雨汙水機房、安全梯、防空避難室兼停車空間、台電配電室、電錶室、發電機房、防災中心、管委會使用空間、車道、梯廳、特別安全梯、機械室、機房、電梯機房、消防中繼機房等二十一項。,鋼筋混凝土造,109年12月26日,二十四層,
RPXOMLOLNHHGFBJ56CC,9,292.33,工業用,鋼筋混凝土造,102年3月18日,十層,
RPUOMLPLNHHGFBJ98CC,10,106.59,商業用,鋼筋混凝土造,100年11月3日,十五層,
RPUOMLPLNHHGFBJ98CC,10,14.24,本共有部分之項目有頂蓋型開放空間、機車停車區、公共服務空間、集中式垃圾貯存空間、梯間、水箱等６項,鋼筋混凝土造,100年11月3日,十五層,
RPUOMLPLNHHGFBJ98CC,10,15.97,本共有部分之項目有防空避難室、停車空間等２項,鋼筋混凝土造,100年11月3日,十五層,
RPUOMLPLNHHGFBJ98CC,10,.13,管理員室,鋼筋混凝土造,100年11月3日,十五層,
RPUOMLPLNHHGFBJ98CC,10,30.15,本共有部分之項目有防空避難室、停車空間等２項,鋼筋混凝土造,100年11月3日,十五層,
RPQPMLOLNHHGFBJ58CC,28,82.14,住家用,鋼筋混凝土造,83年6月22日,八層,
RPQPMLOLNHHGFBJ58CC,28,5.86,共有部分,鋼筋混凝土造,83年6月22日,八層,
RPQPMLOLNHHGFBJ58CC,28,24.71,共有部分,鋼筋混凝土造,83年6月22日,八層,
RPVOMLPLNHHGFBJ09CC,17,125.27,住家用,鋼筋混凝土造,94年10月18日,十四層,
RPVOMLPLNHHGFBJ09CC,17,30.06,共有部分,鋼筋混凝土造,94年10月18日,十四層,
RPVOMLPLNHHGFBJ09CC,17,18.03,共有部分,鋼筋混凝土造,94年10月18日,十四層,
RPVNMLPLNHHGFBJ98CC,17,28.46,住家用,鋼筋混凝土造,94年11月14日,十五層,
RPVNMLPLNHHGFBJ98CC,17,36.26,共有部分,鋼筋混凝土造,94年11月14日,十五層,
RPVNMLPLNHHGFBJ98CC,17,6.00,共有部分,鋼筋混凝土造,94年11月14日,十五層,
RPPPMLOLNHHGFBJ48CC,7,74.22,住家用,鋼筋混凝土造,104年9月1日,十四層,
RPPPMLOLNHHGFBJ48CC,7,27.73,本共有部分之項目有防空避難室兼停車空間、停車空間、公共服務空間、垃圾貯存空間、樓電梯間、機房、水箱等七項。,鋼筋混凝土造,104年9月1日,十四層,
RPPPMLOLNHHGFBJ48CC,7,12.81,本共有部分之項目有樓電梯間等一項。,鋼筋混凝土造,104年9月1日,十四層,
RPPPMLOLNHHGFBJ48CC,7,.01,辦公室,鋼筋混凝土造,104年9月1日,十四層,
RPPPMLOLNHHGFBJ48CC,7,28.09,本共有部分之項目有防空避難室兼停車空間、停車空間、公共服務空間、垃圾貯存空間、樓電梯間、機房、水箱等七項。,鋼筋混凝土造,104年9月1日,十四層,
RPUNMLPLNHHGFBJ88CC,16,31.72,住家用,鋼筋混凝土造,94年11月14日,十五層,
RPOOMLQLNHHGFBJ48CC,20,111.12,住家用,鋼筋混凝土造,91年2月8日,十一層,
RPUNMLPLNHHGFBJ88CC,16,3.94,共有部分,鋼筋混凝土造,94年11月14日,十五層,
RPOOMLQLNHHGFBJ48CC,20,58.70,共有部分,鋼筋混凝土造,91年2月8日,十一層,
RPUNMLPLNHHGFBJ88CC,16,6.71,共有部分,鋼筋混凝土造,94年11月14日,十五層,
RPUNMLQLNHHGFBJ98CC,14,39.75,商業用,鋼筋混凝土造,97年9月15日,十六層,
RPUNMLQLNHHGFBJ98CC,14,5.68,共有部分,鋼筋混凝土造,97年9月15日,十六層,
RPUNMLQLNHHGFBJ98CC,14,2.44,共有部分,鋼筋混凝土造,97年9月15日,十六層,
RPUNMLQLNHHGFBJ98CC,14,12.09,共有部分,鋼筋混凝土造,97年9月15日,十六層,
RPQNMLRLNHHGFBJ68CC,11,86.02,住家用,鋼筋混凝土造,99年11月20日,十五層,
RPQNMLRLNHHGFBJ68CC,11,50.35,本共有部分之項目有停車空間、防空避難室、梯間、頂蓋式開放空間等四項。,鋼筋混凝土造,99年11月20日,十五層,
RPQNMLRLNHHGFBJ68CC,11,17.01,本共有部分之項目有梯間等一項。,鋼筋混凝土造,99年11月20日,十五層,
RPQNMLRLNHHGFBJ68CC,11,.04,警衛室,鋼筋混凝土造,99年11月20日,十五層,
RPQOMLRLNHHGFBJ78CC,18,25.11,住家用,鋼筋混凝土造,93年3月9日,十層,
RPQOMLRLNHHGFBJ78CC,18,16.54,共有部分,鋼筋混凝土造,93年3月9日,十層,
RPQOMLRLNHHGFBJ78CC,18,6.99,共有部分,鋼筋混凝土造,93年3月9日,十層,
RPQOMLRLNHHGFDJ98CC,30,24.16,住家用,鋼筋混凝土造,81年1月18日,五層,
RPQOMLRLNHHGFDJ98CC,30,7.43,共有部分,鋼筋混凝土造,81年1月18日,五層,
RPOOMLRLNHHGFBJ58CC,3,39.35,住家用,鋼筋混凝土造,108年10月4日,十二層,
RPOOMLRLNHHGFBJ58CC,3,63.92,本共有部分之項目有防空避難室兼停車空間、雨污水機房、消防機械室、水箱、樓梯間、梯廳、排煙室、升降機間、停車空間、台電配電室、發電機室、電信室、管委會使用空間、垃圾暫存室、公共服務空間、入口雨遮、戶外安全梯、消防水箱等十八項。,鋼筋混凝土造,108年10月4日,十二層,
RPSNMLLMNHHGFDJ58CC,18,22.06,住家用,鋼筋混凝土造,93年7月5日,七層,
RPSNMLLMNHHGFDJ58CC,18,3.77,停車空間,鋼筋混凝土造,93年7月5日,八層,
RPSNMLLMNHHGFDJ58CC,18,3.58,梯間、走道,鋼筋混凝土造,93年7月5日,七層,
RPSNMLLMNHHGFDJ58CC,18,1.81,走道,鋼筋混凝土造,93年7月5日,七層,
RPROMLRLNHHGFBJ88CC,7,91.04,住家用,鋼筋混凝土造,104年8月28日,十三層,
RPROMLRLNHHGFBJ88CC,7,96.11,本共有部分之項目有防空避難室兼停車空間、污水、消防、水景機房、停車空間、台電配電室、電信室、發電機房、公共服務空間、管理室、樓梯間、水錶室、水箱、機械室等十四項。,鋼筋混凝土造,104年8月28日,十三層,
RPROMLRLNHHGFBJ88CC,7,14.11,本共有部分之項目有樓梯間等一項。,鋼筋混凝土造,104年8月28日,十三層,
RPPOMLRLNHHGFDJ88CC,17,81.13,住家用,鋼筋混凝土造,93年12月31日,六層,
RPPOMLRLNHHGFDJ88CC,17,17.88,梯間,鋼筋混凝土造,93年12月31日,六層,
RPPOMLRLNHHGFDJ88CC,17,4.17,停車空間,鋼筋混凝土造,93年12月31日,六層,
RPRQMLLJOHHGFBJ38CC,16,3087.33,工業用,鋼骨造,95年9月1日,二層,
RPTNMLLMNHHGFBJ48CC,21,1403.67,工業用,鋼筋混凝土造,90年6月12日,六層,
RPXRMLLJOHHGFBJ09CC,30,71.78,住家用,鋼筋混凝土造,81年10月2日,三層,
RPPOMLLMNHHGFDJ38CC,6,59.31,店舖,鋼筋混凝土造,105年9月26日,五層,
RPPOMLLMNHHGFDJ38CC,6,17.79,樓梯間,鋼筋混凝土造,105年9月26日,五層,
RPPOMLLJOHHGFDJ18CC,8,126.84,住家用,鋼筋混凝土造,103年6月16日,三層,
RPOOMLMJOHHGFDJ18CC,1,68.35,集合住宅,鋼筋混凝土造,110年10月13日,九層,
RPOOMLMJOHHGFDJ18CC,1,59.52,本共有部分之項目有停車空間、管理員室、管委會使用空間、機車停車空間、樓梯間、水箱、機械室等７項,鋼筋混凝土造,110年10月13日,九層,
RPSOMLMJOHHGFBJ38CC,26,63.77,住家用,鋼筋混凝土造,85年8月21日,十層,
RPSOMLMJOHHGFBJ38CC,26,37.02,共有部分,鋼筋混凝土造,85年8月21日,十層,
RPSOMLMJOHHGFBJ38CC,26,12.06,共有部分,鋼筋混凝土造,85年8月21日,十層,
RPPNMLPJOHHGFBJ28CC,14,25.58,商業用,鋼筋混凝土造,97年9月15日,十六層,
RPPNMLPJOHHGFBJ28CC,14,99.73,共有部分,鋼筋混凝土造,97年9月15日,十六層,
RPTOMLMJOHHGFBJ48CC,2,149.35,住家用,鋼筋混凝土造,109年10月24日,十九層,
RPPNMLPJOHHGFBJ28CC,14,171.53,商業用,鋼筋混凝土造,97年9月15日,十六層,
RPPNMLPJOHHGFBJ28CC,14,46.14,共有部分,鋼筋混凝土造,97年9月15日,十六層,
RPPNMLPJOHHGFBJ28CC,14,20.48,共有部分,鋼筋混凝土造,97年9月15日,十六層,
RPPNMLPJOHHGFBJ28CC,14,112.37,共有部分,鋼筋混凝土造,97年9月15日,十六層,
RPPNMLPJOHHGFBJ28CC,14,161.72,商業用,鋼筋混凝土造,97年9月15日,十六層,
RPQOMLQJOHHGFBJ58CC,1,87.92,集合住宅,鋼筋混凝土造,109年12月25日,二十四層,
RPSOMLQJOHHGFBJ78CC,1,112.34,集合住宅,鋼筋混凝土造,109年12月26日,二十四層,
RPQOMLQJOHHGFBJ58CC,1,41.92,本共有部分之項目有停車空間、防空避難室兼停車空間、管委會空間、防災中心、梯間、機房、水箱等七項。,鋼筋混凝土造,109年12月25日,二十四層,
RPSOMLQJOHHGFBJ78CC,1,61.24,本共有部分之項目有停車空間、排煙室、水箱室、消防機械室、梯間、地下室進排氣機房、雨汙水機房、安全梯、防空避難室兼停車空間、台電配電室、電錶室、發電機房、防災中心、管委會使用空間、車道、梯廳、特別安全梯、機械室、機房、電梯機房、消防中繼機房等二十一項。,鋼筋混凝土造,109年12月26日,二十四層,
RPSPMLQJOHHGFBJ88CC,16,23.02,商業用,鋼筋混凝土造,95年9月8日,十層,
RPSPMLQJOHHGFBJ88CC,16,15.04,共有部分,鋼筋混凝土造,95年9月8日,十層,
RPROMLQJOHHGFBJ68CC,15,161.41,商業用,鋼筋混凝土造,96年5月28日,二十三層,
RPROMLQJOHHGFBJ68CC,15,60.61,共有部分,鋼筋混凝土造,96年5月28日,二十三層,
RPROMLQJOHHGFBJ68CC,15,31.31,共有部分,鋼筋混凝土造,96年5月28日,二十三層,
RPTPMLQJOHHGFBJ98CC,29,83.90,住家用,鋼筋混凝土造,81年11月13日,五層,
RPTPMLQJOHHGFBJ98CC,29,29.42,共有部分,鋼筋混凝土造,81年11月13日,六層,
RPTPMLQJOHHGFBJ98CC,29,14.97,共有部分,鋼筋混凝土造,81年11月13日,六層,
RPOOMLQJOHHGFDJ58CC,30,75.25,住家用,鋼筋混凝土造,81年7月25日,五層,
RPOOMLQJOHHGFDJ58CC,30,6.59,共有部分,鋼筋混凝土造,81年7月25日,五層,
RPSNMLSJOHHGFBJ88CC,15,209.95,工業用,鋼筋混凝土造,96年6月7日,八層,
RPSNMLSJOHHGFBJ88CC,15,211.78,工業用,鋼筋混凝土造,96年6月7日,八層,
RPWNMLSJOHHGFBJ66CC,12,549.57,一般服務業,鋼筋混凝土造,99年3月5日,十四層,
RPOOMLSJOHHGFBJ58CC,6,485.81,工業用,鋼筋混凝土造,105年12月1日,十層,
RPTNMLSJOHHGFBJ98CC,12,494.31,一般服務業,鋼筋混凝土造,99年3月5日,十四層,
RPXNMLSJOHHGFBJ76CC,9,722.45,工業用,鋼筋混凝土造,102年3月18日,十層,
RPWNMLRJOHHGFBJ56CC,25,19.86,商業用,鋼筋混凝土造,86年10月9日,七層,
RPWNMLRJOHHGFBJ56CC,25,7.57,共有部分,鋼筋混凝土造,86年10月9日,七層,
RPWNMLRJOHHGFBJ56CC,25,2.24,共有部分,鋼筋混凝土造,86年10月9日,七層,
RPQOMLKKOHHGFBJ08CC,6,64.47,住家用,鋼筋混凝土造,105年6月8日,二十七層,
RPQOMLKKOHHGFBJ08CC,6,19.88,本共有部分之項目有管委會使用空間、樓梯間、機械室、水箱等四項,鋼筋混凝土造,105年6月8日,二十七層,
RPQOMLKKOHHGFBJ08CC,6,10.87,本共有部分之項目有防空避難室兼停車空間、停車空間等二項,鋼筋混凝土造,105年6月8日,二十七層,
RPXOMLKKOHHGFBJ78CC,15,28.73,商業用,鋼筋混凝土造,96年6月6日,六層,
RPXOMLKKOHHGFBJ78CC,15,13.62,共有部分,鋼筋混凝土造,96年6月6日,六層,
RPOPMLKKOHHGFBJ97CC,20,24.81,商業用,鋼筋混凝土造,91年6月27日,十一層,
RPOPMLKKOHHGFBJ97CC,20,12.76,共有部分,鋼筋混凝土造,91年6月27日,十一層,
RPUOMLKKOHHGFDJ68CC,22,95.19,住家用,鋼筋混凝土造,89年5月19日,七層,
RPUOMLKKOHHGFDJ68CC,22,40.31,防空避難室．水箱,鋼筋混凝土造,89年5月19日,七層,
RPRNMLNKOHHGFDJ58CC,14,55.98,集合住宅,鋼筋混凝土造,97年10月9日,十四層,
RPRNMLNKOHHGFDJ58CC,14,5.13,防空避難室．停車空間．管理中心,鋼筋混凝土造,97年10月9日,十四層,
RPRNMLNKOHHGFDJ58CC,14,8.79,防空避難室．停車空間,鋼筋混凝土造,97年10月9日,十四層,
RPRNMLNKOHHGFDJ58CC,14,10.69,梯間．機械房．水箱,鋼筋混凝土造,97年10月9日,十四層,
RPSOMLNKOHHGFBJ58CC,11,100.44,住家用,鋼筋混凝土造,100年1月28日,十四層,
RPQOMLNKOHHGFBJ38CC,1,47.57,集合住宅,鋼筋混凝土造,109年12月26日,二十四層,
RPSOMLNKOHHGFBJ58CC,11,26.75,本共有部分之項目有車道、資源回收室、管理員室、公共服務空間、開放空間、梯間、機械室、水箱等八項。,鋼筋混凝土造,100年1月28日,十四層,
RPQOMLNKOHHGFBJ38CC,1,25.80,本共有部分之項目有停車空間、排煙室、水箱室、消防機械室、梯間、地下室進排氣機房、雨汙水機房、安全梯、防空避難室兼停車空間、台電配電室、電錶室、發電機房、防災中心、管委會使用空間、車道、梯廳、特別安全梯、機械室、機房、電梯機房、消防中繼機房等二十一項。,鋼筋混凝土造,109年12月26日,二十四層,
RPSOMLNKOHHGFBJ58CC,11,49.05,本共有部分之項目有停車空間、防空避難室等二項。,鋼筋混凝土造,100年1月28日,十四層,
RPROMLNKOHHGFBJ48CC,18,24.36,住家用,鋼筋混凝土造,93年6月11日,十四層,
RPROMLNKOHHGFBJ48CC,18,4.09,共有部分,鋼筋混凝土造,93年6月11日,十四層,
RPROMLNKOHHGFBJ48CC,18,6.87,共有部分,鋼筋混凝土造,93年6月11日,十四層,
RPWNMLPKOHHGFDJ66CC,1,79.58,集合住宅,鋼筋混凝土造,110年11月5日,七層,
RPWNMLPKOHHGFDJ66CC,1,13.82,本共有部分之項目有梯間等１項,鋼筋混凝土造,110年11月5日,七層,
RPWNMLPKOHHGFDJ66CC,1,22.32,本共有部分之項目有梯間、停車空間、機械室、水箱等４項,鋼筋混凝土造,110年11月5日,七層,
RPPOMLOKOHHGFCJ48CC,27,80.41,住家用,鋼筋混凝土造,84年11月6日,八層,
RPPOMLOKOHHGFCJ48CC,27,19.25,共有部分,鋼筋混凝土造,84年11月6日,八層,
RPVOMLNKOHHGFBJ88CC,15,107.06,住家用,鋼筋混凝土造,95年12月4日,十二層,
RPPOMLOKOHHGFCJ48CC,27,11.02,共有部分,鋼筋混凝土造,84年11月6日,八層,
RPVOMLNKOHHGFBJ88CC,15,59.47,共有部分,鋼筋混凝土造,95年12月4日,十二層,
RPVNMLPKOHHGFDJ56CC,1,79.58,集合住宅,鋼筋混凝土造,110年11月5日,七層,
RPVNMLPKOHHGFDJ56CC,1,13.82,本共有部分之項目有梯間等１項,鋼筋混凝土造,110年11月5日,七層,
RPVNMLPKOHHGFDJ56CC,1,44.81,本共有部分之項目有梯間、停車空間、機械室、水箱等４項,鋼筋混凝土造,110年11月5日,七層,
RPROMLPKOHHGFDJ88CC,1,79.58,集合住宅,鋼筋混凝土造,110年11月5日,七層,
RPROMLPKOHHGFDJ88CC,1,13.82,本共有部分之項目有梯間等１項,鋼筋混凝土造,110年11月5日,七層,
RPROMLPKOHHGFDJ88CC,1,41.72,本共有部分之項目有梯間、停車空間、機械室、水箱等４項,鋼筋混凝土造,110年11月5日,七層,
RPTOMLPKOHHGFDJ09CC,28,116.29,住家用,鋼筋混凝土造,83年8月22日,十一層,
RPTOMLPKOHHGFDJ09CC,28,10.58,共有部分,鋼筋混凝土造,83年8月22日,十一層,
RPTOMLPKOHHGFDJ09CC,28,15.58,共有部分,鋼筋混凝土造,83年8月22日,十一層,
RPPOMLQKOHHGFBJ58CC,14,27.37,商業用,鋼筋混凝土造,97年3月10日,十層,
RPUOMLRKOHHGFBJ56CC,11,66.96,住家用,鋼筋混凝土造,99年12月14日,十五層,
RPPOMLQKOHHGFBJ58CC,14,39.91,共有部分,鋼筋混凝土造,97年3月10日,十層,
RPUOMLRKOHHGFBJ56CC,11,40.77,本共有部分之項目有防空避難室、停車空間、垃圾處理室、管理空間、廣場式開放空間、蓄水池、消防泵浦室等七項,鋼筋混凝土造,99年12月14日,十五層,
RPVOMLRKOHHGFBJ66CC,29,217.92,住家用,鋼筋混凝土造,82年1月18日,三層,
RPUOMLRKOHHGFBJ56CC,11,16.17,本共有部分之項目有梯間等一項,鋼筋混凝土造,99年12月14日,十五層,
RPVOMLRKOHHGFBJ66CC,29,16.01,停車空間,鋼筋混凝土造,82年1月18日,地下一層,
RPXOMLRKOHHGFBJ86CC,1,59.61,集合住宅,鋼筋混凝土造,110年3月24日,十四層,
RPXOMLRKOHHGFBJ86CC,1,48.68,本共有部分之項目有停車空間、排煙室、樓梯間、水箱、揚水泵機房、雨污水機房、消防機械室、防空避難室兼停車空間、台電配電室、電信室、人行道、垃圾儲存空間、發電機室、車道、梯廳、管委會使用空間、外廊、電梯機房等十八項。,鋼筋混凝土造,110年3月24日,十四層,
RPRNMLLLOHHGFDJ58DC,1,46.95,辦公室,鋼筋混凝土造,110年11月5日,十五層,
RPUSMLLLOHHGFBJ09CC,15,160.56,工業用,鋼筋混凝土造,96年6月7日,八層,
RPUSMLLLOHHGFBJ09CC,15,38.37,共有部分,鋼筋混凝土造,96年6月7日,十層,
RPUSMLLLOHHGFBJ09CC,15,13.29,共有部分,鋼筋混凝土造,96年6月7日,十層,
RPUSMLLLOHHGFBJ09CC,15,158.26,工業用,鋼筋混凝土造,96年6月7日,八層,
RPUSMLLLOHHGFBJ09CC,15,38.05,共有部分,鋼筋混凝土造,96年6月7日,十層,
RPUSMLLLOHHGFBJ09CC,15,13.19,共有部分,鋼筋混凝土造,96年6月7日,十層,
RPPOMLLLOHHGFCJ28CC,26,81.20,住家用,鋼筋混凝土造,85年5月6日,十層,
RPXNMLRKOHHGFBJ76CC,9,286.61,工業用,鋼筋混凝土造,102年3月18日,十層,
RPPOMLLLOHHGFCJ28CC,26,12.66,共有部分,鋼筋混凝土造,85年5月6日,十層,
RPPOMLLLOHHGFCJ28CC,26,10.37,共有部分,鋼筋混凝土造,85年5月6日,十層,
RPXNMLMLOHHGFBJ98CC,27,67.66,住家用,鋼筋混凝土造,84年4月20日,十九層,
RPXNMLMLOHHGFBJ98CC,27,14.35,共有部分,鋼筋混凝土造,84年4月20日,十九層,
RPXNMLMLOHHGFBJ98CC,27,1.43,共有部分,鋼筋混凝土造,84年4月20日,十九層,
RPXNMLMLOHHGFBJ98CC,27,5.66,共有部分,鋼筋混凝土造,84年4月20日,十九層,
RPRPMLMLOHHGFBJ58CC,15,260.21,工業用,鋼筋混凝土造,96年6月7日,八層,
RPRPMLMLOHHGFBJ58CC,15,411.52,工業用,鋼筋混凝土造,96年6月7日,八層,
RPRPMLMLOHHGFBJ58CC,15,264.40,工業用,鋼筋混凝土造,96年6月7日,八層,
RPSNMLNLOHHGFBJ58CC,8,46.87,住家用,鋼筋混凝土造,103年1月27日,十四層,
RPSNMLNLOHHGFBJ58CC,8,37.54,本共有部分之項目有防空避難室兼停車空間、特別安全梯、連續性前廊、管委會使用空間、安全梯、排煙室、梯間、機械室、造型牆、水箱等十項。,鋼筋混凝土造,103年1月27日,十四層,
RPUPMLMLOHHGFBJ88CC,15,.07,守衛室,鋼筋混凝土造,96年12月4日,十三層,
RPUPMLMLOHHGFBJ88CC,15,29.88,商業用,鋼筋混凝土造,96年12月4日,十一層,
RPUPMLMLOHHGFBJ88CC,15,35.05,共有部分,鋼筋混凝土造,96年12月4日,十三層,
RPUPMLMLOHHGFBJ88CC,15,9.06,共有部分,鋼筋混凝土造,96年12月4日,十三層,
RPVNMLOLOHHGFBJ98CC,10,57.58,商業用,鋼筋混凝土造,101年1月4日,五層,
RPVNMLOLOHHGFBJ98CC,10,36.52,本共有部分之項目有樓梯間等一項,鋼筋混凝土造,101年1月4日,五層,
RPXOMLRLOHHGFBJ96CC,17,92.18,住家用,鋼筋混凝土造,94年11月14日,十五層,
RPXOMLRLOHHGFBJ96CC,17,43.92,共有部分,鋼筋混凝土造,94年11月14日,十五層,
RPXOMLRLOHHGFBJ96CC,17,19.41,共有部分,鋼筋混凝土造,94年11月14日,十五層,
RPQNMLRLOHHGFBJ78CC,28,96.92,住家用,鋼筋混凝土造,83年6月22日,八層,
RPQNMLRLOHHGFBJ78CC,28,12.64,共有部分,鋼筋混凝土造,83年6月22日,八層,
RPQNMLRLOHHGFBJ78CC,28,28.24,共有部分,鋼筋混凝土造,83年6月22日,八層,
RPPPMLRLOHHGFBJ88CC,11,116.74,住家用,鋼筋混凝土造,100年11月28日,十九層,
RPPPMLRLOHHGFBJ88CC,11,28.15,本共有部分之項目有樓梯間、水箱、機房等３項,鋼筋混凝土造,100年11月28日,十九層,
RPPPMLRLOHHGFBJ88CC,11,58.22,本共有部份之項目有防空避難室兼停車空間、樓梯間、水箱、機房、停車空間及供公眾停車空間、管理員室、頂蓋型廣場式開放空間、健身娛樂室等８項,鋼筋混凝土造,100年11月28日,十九層,
RPVNMLRLOHHGFDJ86CC,30,24.62,住家用,鋼筋混凝土造,81年1月18日,五層,
RPVNMLRLOHHGFDJ86CC,30,7.43,共有部分,鋼筋混凝土造,81年1月18日,五層,
RPOPMLRLOHHGFBJ78CC,6,64.59,住家用,鋼筋混凝土造,105年6月8日,二十七層,
RPOPMLRLOHHGFBJ78CC,6,20.06,本共有部分之項目有管委會使用空間、樓梯間、機械室、水箱等四項,鋼筋混凝土造,105年6月8日,二十七層,
RPOPMLRLOHHGFBJ78CC,6,40.68,本共有部分之項目有防空避難室兼停車空間、停車空間等二項,鋼筋混凝土造,105年6月8日,二十七層,
RPPPMLSLOHHGFDJ56CC,4,55.32,集合住宅,鋼筋混凝土造,107年2月13日,七層,
RPPPMLSLOHHGFDJ56CC,4,10.77,本共有部分之項目有安全梯間、梯廳、昇降機間、水箱、機械室等五項,鋼筋混凝土造,107年2月13日,七層,
RPPPMLSLOHHGFDJ56CC,4,17.89,本共有部分之項目有安全梯間、梯廳、昇降機間、管道間、車道、管委會空間〈大廳、資源回收室、廁所、健身房〉、停車空間、台電配電室、發電機室、電信室、水箱、消防機房、污水機房、雨水機房等十四項,鋼筋混凝土造,107年2月13日,七層,
RPOOMLSLOHHGFBJ78CC,5,325.52,店舖,ＲＣ造１３樓基礎,106年6月26日,十三層,
RPTNMLTLOHHGFDJ86CC,30,46.36,住家用,鋼筋混凝土造,81年8月6日,五層,
RPTNMLTLOHHGFDJ86CC,30,5.31,共有部分,鋼筋混凝土造,81年8月6日,五層,
RPRNMLKMOHHGFCJ38CC,,98.85,住家用,鋼筋混凝土造,,七層,
RPRNMLKMOHHGFCJ38CC,,37.70,共有部分,鋼筋混凝土造,,七層,
RPRNMLKMOHHGFCJ38CC,,13.76,共有部分,鋼筋混凝土造,,七層,
RPROMLTLOHHGFCJ66CC,,81.62,,加強磚造,,三層,
RPPOMLKMOHHGFDJ38CC,4,56.38,集合住宅,鋼筋混凝土造,107年2月13日,七層,
RPPOMLKMOHHGFDJ38CC,4,8.03,本共有部分之項目有安全梯間、梯廳、昇降機間、水箱、機械室等五項,鋼筋混凝土造,107年2月13日,七層,
RPPOMLKMOHHGFDJ38CC,4,21.01,本共有部分之項目有安全梯間、梯廳、昇降機間、管道間、車道、管委會空間〈大廳、資源回收室、廁所、健身房〉、停車空間、台電配電室、發電機室、電信室、水箱、消防機房、污水機房、雨水機房等十四項,鋼筋混凝土造,107年2月13日,七層,
RPWNMLKMOHHGFBJ78CC,4,156.83,住家用,鋼筋混凝土造,107年1月30日,三層,
RPWNMLKMOHHGFBJ78CC,4,.19,本共有部分之項目有守衛室等一項。,鋼筋混凝土造,107年1月30日,一層,
RPRNMLKMOHHGFDJ48CC,1,55.43,集合住宅,鋼筋混凝土造,110年10月13日,九層,
RPRNMLKMOHHGFDJ48CC,1,27.58,本共有部分之項目有停車空間、管理員室、管委會使用空間、機車停車空間、樓梯間、水箱、機械室等７項,鋼筋混凝土造,110年10月13日,九層,
RPROMLKMOHHGFBJ38CC,15,264.40,工業用,鋼筋混凝土造,96年6月7日,八層,
RPROMLKMOHHGFBJ38CC,15,257.92,工業用,鋼筋混凝土造,96年6月7日,八層,
RPROMLKMOHHGFBJ38CC,15,296.20,工業用,鋼筋混凝土造,96年6月7日,八層,
RPROMLKMOHHGFBJ38CC,15,411.52,工業用,鋼筋混凝土造,96年6月7日,八層,
RPROMLKMOHHGFBJ38CC,15,264.40,工業用,鋼筋混凝土造,96年6月7日,八層,
RPPPMLOJPHHGFBJ48CC,15,211.78,工業用,鋼筋混凝土造,96年6月7日,八層,
RPOOMLOJPHHGFBJ28CC,10,26.67,住商用,鋼筋混凝土造,101年1月4日,五層,
RPOQMLOJPHHGFBJ48CC,15,157.03,商業用,鋼筋混凝土造,96年6月6日,五層,
RPSQMLOJPHHGFBJ88CC,12,63.79,商業用,鋼筋混凝土造,99年2月8日,十八層,
RPSQMLOJPHHGFBJ88CC,12,73.53,共有部分,鋼筋混凝土造,99年2月8日,十八層,
RPSQMLOJPHHGFBJ88CC,12,113.89,商業用,鋼筋混凝土造,99年2月8日,十八層,
RPSQMLOJPHHGFBJ88CC,12,139.40,共有部分,鋼筋混凝土造,99年2月8日,十八層,
RPQRMLOJPHHGFBJ78CC,6,99.34,商業用,鋼筋混凝土造,105年6月6日,十四層,
RPQRMLOJPHHGFBJ78CC,6,67.22,本共有部分之項目有台電配電室、停車空間、管理員室、防空避難室兼停車空間、辦公室、機械室、水箱、樓梯間、排煙室、電梯機房、水錶箱室等十一項。,鋼筋混凝土造,105年6月6日,十四層,
RPURMLOJPHHGFBJ56CC,10,95.76,住家用,鋼筋混凝土造,101年3月28日,二十四層,
RPURMLOJPHHGFBJ56CC,10,17.43,本共有部分之項目有防空避難室，停車空間，開放空間，垃圾集中場，社區公共服務空間等五項。,鋼筋混凝土造,101年3月28日,二十四層,
RPURMLOJPHHGFBJ56CC,10,23.95,本共有部分之項目有梯間、中繼機房、機械室、水箱等四項。,鋼筋混凝土造,101年3月28日,二十四層,
RPWQMLOJPHHGFBJ66CC,17,99.39,住家用,鋼筋混凝土造,94年10月5日,二十一層,
RPWQMLOJPHHGFBJ66CC,17,18.36,共有部分,鋼筋混凝土造,94年10月5日,二十一層,
RPWQMLOJPHHGFBJ66CC,17,11.33,共有部分,鋼筋混凝土造,94年10月5日,二十一層,
RPUPMLPJPHHGFBJ09CC,36,85.54,住家用,鋼筋混凝土造,75年5月23日,三層,
RPQOMLPJPHHGFCJ68CC,6,73.44,住家用,鋼筋混凝土造,105年9月30日,五層,
RPWNMLQJPHHGFCJ66CC,27,76.45,住家用,鋼筋混凝土造,84年11月6日,八層,
RPWNMLQJPHHGFCJ66CC,27,6.02,共有部分,鋼筋混凝土造,84年11月6日,八層,
RPWNMLQJPHHGFCJ66CC,27,14.68,共有部分,鋼筋混凝土造,84年11月6日,八層,
RPTNMLQJPHHGFDJ09CC,4,58.21,集合住宅,鋼筋混凝土造,107年12月4日,五層,
RPTNMLQJPHHGFDJ09CC,4,12.92,本共有部分之項目有停車空間、梯間、管委會等３項,鋼筋混凝土造,107年12月4日,五層,
RPUNMLQJPHHGFDJ56CC,1,83.87,辦公室,鋼筋混凝土造,110年10月13日,九層,
RPUNMLQJPHHGFDJ56CC,1,41.73,本共有部分之項目有停車空間、管理員室、管委會使用空間、機車停車空間、樓梯間、水箱、機械室等７項,鋼筋混凝土造,110年10月13日,九層,
RPSNMLQJPHHGFDJ09DC,8,219.82,店舖,鋼骨造,103年9月1日,一層,
RPWNMLQJPHHGFDJ76CC,,76.83,集合住宅,鋼筋混凝土造,111年3月29日,九層,
RPWNMLQJPHHGFDJ76CC,,22.36,本共有部分之項目有防空避難室兼停車空間、管委會使用空間、台電配電所等３項,鋼筋混凝土造,111年3月29日,九層,
RPVNMLQJPHHGFDJ66CC,1,78.40,集合住宅,鋼筋混凝土造,110年11月12日,九層,
RPWNMLQJPHHGFDJ76CC,,13.35,本共有部分之項目有樓梯間１項,鋼筋混凝土造,111年3月29日,九層,
RPVNMLQJPHHGFDJ66CC,1,39.21,本共有部分之項目有停車空間、樓梯間等２項,鋼筋混凝土造,110年11月12日,九層,
RPROMLRJPHHGFDJ09CC,29,88.23,住家用,鋼筋混凝土造,82年11月19日,五層,
RPROMLRJPHHGFDJ09CC,29,12.51,電梯．樓梯間,鋼筋混凝土造,82年11月19日,五層,
RPPPMLRJPHHGFCJ88CC,,80.11,住家用,鋼筋混凝土加強磚造,,見其他登記事項,
RPVOMLLKPHHGFCJ88CC,7,88.22,集合住宅,鋼筋混凝土造,104年12月4日,十四層,
RPPOMLSJPHHGFBJ88DC,,283.50,工業用,鋼造,,一層,
RPTNMLLKPHHGFBJ48CC,14,79.66,住家用,鋼筋混凝土造,97年6月27日,十四層,
RPTNMLLKPHHGFBJ48CC,14,18.57,共有部分,鋼筋混凝土造,97年6月27日,十四層,
RPTNMLLKPHHGFBJ48CC,14,16.13,共有部分,鋼筋混凝土造,97年6月27日,14,
RPTNMLLKPHHGFBJ48CC,14,.01,管理員室,鋼筋混凝土造,97年6月27日,十四層,
RPTNMLLKPHHGFBJ48CC,14,28.83,共有部分,鋼筋混凝土造,97年6月27日,十四層,
RPSOMLMKPHHGFCJ68CC,1,85.43,集合住宅,鋼筋混凝土造,110年1月28日,十三層,
RPSOMLMKPHHGFCJ68CC,1,35.92,共有部分主要用途項目有：停車空間、開放空間、公共服務空間、梯間、機房、水箱等６項,鋼筋混凝土造,110年1月28日,十三層,
RPTNMLNKPHHGFDJ88CC,30,96.96,住家用,鋼筋混凝土造,81年12月7日,五層,
RPTNMLNKPHHGFDJ88CC,30,18.04,共有部分,鋼筋混凝土造,81年12月7日,五層,
RPROMLMKPHHGFCJ58CC,,57.75,住家用,鋼筋混凝土造,,四層,
RPXOMLLKPHHGFBJ98CC,12,196.73,工業用,鋼筋混凝土造,99年3月5日,十三層,
RPXOMLLKPHHGFBJ98CC,12,77.49,「本共有部分之項目有台電配電室、空調機房、排煙室、蓄水池、機械室、廁所、梯間、水箱等８項」,鋼筋混凝土造,99年3月5日,十三層,
RPXOMLLKPHHGFBJ98CC,12,32.46,「本共有部分之項目有受電室、配電室、垃圾貯藏空間、污水處理設施、蓄水池、員工活動中心、員工餐廳、會議室、梯間、機械室、水箱等１１項」,鋼筋混凝土造,99年3月5日,六層,
RPXOMLLKPHHGFBJ98CC,12,150.90,「本共有部分之項目有防空避難室、停車空間等２項」,鋼筋混凝土造,99年3月5日,六層,
RPUNMLNKPHHGFDJ98CC,3,61.49,集合住宅,鋼筋混凝土造,108年11月12日,五層,
RPUNMLNKPHHGFDJ98CC,3,8.82,共有部分,鋼筋混凝土造,108年11月12日,五層,
RPTNMLNKPHHGFBJ68CC,15,248.37,工業用,鋼筋混凝土造,96年6月7日,八層,
RPUNMLNKPHHGFBJ78CC,6,349.65,工業用,鋼筋混凝土造,105年12月1日,十層,
RPSNMLNKPHHGFBJ58CC,15,248.37,工業用,鋼筋混凝土造,96年6月7日,八層,
RPPOMLOKPHHGFDJ68CC,1,68.35,集合住宅,鋼筋混凝土造,110年10月13日,九層,
RPPOMLOKPHHGFDJ68CC,1,59.52,本共有部分之項目有停車空間、管理員室、管委會使用空間、機車停車空間、樓梯間、水箱、機械室等７項,鋼筋混凝土造,110年10月13日,九層,
RPXNMLOKPHHGFBJ56CC,17,115.73,商業用,鋼筋混凝土造,94年11月14日,十五層,
RPXNMLOKPHHGFBJ56CC,17,19.68,共有部分,鋼筋混凝土造,94年11月14日,十五層,
RPXNMLOKPHHGFBJ56CC,17,24.38,共有部分,鋼筋混凝土造,94年11月14日,十五層,
RPRPMLPKPHHGFBJ88CC,23,231.86,住家用,鋼筋混凝土造,88年2月5日,五層,
RPSOMLOKPHHGFCJ88CC,28,83.86,住家用,鋼筋混凝土造,83年1月7日,六層,
RPSOMLOKPHHGFCJ88CC,28,20.30,共有部分,鋼筋混凝土造,83年1月7日,六層,
RPTNMLPKPHHGFDJ09CC,1,79.52,集合住宅,鋼筋混凝土造,110年11月5日,十五層,
RPTNMLPKPHHGFDJ09CC,1,69.31,本共有部分之項目有防空避難室兼停車空間、管委會空間、停車空間、樓梯間、機房、水箱等６項,鋼筋混凝土造,110年11月5日,十五層,
RPTNMLSKPHHGFBJ56CC,15,213.62,工業用,鋼筋混凝土造,96年6月7日,八層,
RPXNMLSKPHHGFBJ96CC,9,269.52,工業用,鋼筋混凝土造,102年3月18日,十層,
RPQNMLOKPHHGFCJ58CC,30,228.57,住家用,鋼筋混凝土造,81年10月27日,四層,
RPOQMLSKPHHGFCJ09CC,26,66.85,住家用,鋼筋混凝土造,85年5月6日,九層,
RPOQMLSKPHHGFCJ09CC,26,8.01,共有部分,鋼筋混凝土造,85年5月6日,九層,
RPOQMLSKPHHGFCJ09CC,26,8.19,共有部分,鋼筋混凝土造,85年5月6日,十層,
RPPOMLSKPHHGFBJ88CC,8,126.78,店舖、辦公室,鋼筋混凝土造,103年3月21日,二層,
RPPOMLSKPHHGFBJ88CC,8,63.37,本共有部分之項目有防空避難室兼停車空間，頂蓋型廣場式開放空間，管理員室，管委會空間，樓梯間，機械室，水箱等七項。,鋼筋混凝土造,103年3月21日,二十四層,
RPSOMLSKPHHGFBJ56CC,4,61.56,住家用,鋼筋混凝土造,107年11月30日,十四層,
RPSOMLSKPHHGFBJ56CC,4,65.00,本共有部分之項目有停車空間、防空避難室兼停車空間、開放空間、公共服務空間、管理空間、梯間、水箱、機械室等八項。,鋼筋混凝土造,107年11月30日,十四層,
RPQNMLTKPHHGFDJ56CC,17,16.87,住家用,鋼筋混凝土造,94年6月10日,六層,
RPQNMLTKPHHGFDJ56CC,17,4.73,防空避難室,鋼筋混凝土造,94年6月10日,六層,
RPQNMLTKPHHGFDJ56CC,17,2.93,梯間．水箱．機械室,鋼筋混凝土造,94年6月10日,六層,
RPQNMLTKPHHGFDJ56CC,17,1.90,走道,鋼筋混凝土造,94年6月10日,六層,
RPRNMLTKPHHGFDJ66CC,3,64.75,集合住宅,鋼筋混凝土造,108年6月21日,十五層,
RPRNMLTKPHHGFDJ66CC,3,11.98,本共有部分之項目有停車空間、防空避難室、管委會空間等三項,鋼筋混凝土造,108年6月21日,十五層,
RPRNMLTKPHHGFDJ66CC,3,18.67,本共有部分之項目有梯間、樓梯間、機電設備空間、機械室、水箱等五項,鋼筋混凝土造,108年6月21日,十五層,
RPOSMLTKPHHGFBJ66CC,1,49.04,集合住宅,鋼筋混凝土造,109年12月26日,二十四層,
RPOSMLTKPHHGFBJ66CC,1,26.71,本共有部分之項目有停車空間、排煙室、水箱室、消防機械室、梯間、地下室進排氣機房、雨汙水機房、安全梯、防空避難室兼停車空間、台電配電室、電錶室、發電機房、防災中心、管委會使用空間、車道、梯廳、特別安全梯、機械室、機房、電梯機房、消防中繼機房等二十一項。,鋼筋混凝土造,109年12月26日,二十四層,
RPVSMLKLPHHGFBJ56CC,,72.48,住商用,鋼筋混凝土造,,三層,
RPOOMLKLPHHGFCJ18CC,,98.03,住家用,鋼筋混凝土造,,六層,
RPOOMLKLPHHGFCJ18CC,,29.19,共有部分,鋼筋混凝土造,,六層,
RPOOMLKLPHHGFCJ18CC,,15.97,共有部分,鋼筋混凝土造,,六層,
RPTRMLKLPHHGFBJ88CC,7,66.10,辦公室,鋼筋混凝土造,104年6月4日,十層,
RPTRMLKLPHHGFBJ88CC,7,45.48,本共有部分之項目有防空避難室兼停車空間等一項。,鋼筋混凝土造,104年6月4日,十層,
RPTRMLKLPHHGFBJ88CC,7,24.45,本共有部分之項目有樓梯間、水箱、機房等三項。,鋼筋混凝土造,104年6月4日,十層,
RPVNMLLLPHHGFDJ98CC,1,80.70,集合住宅,鋼筋混凝土造,110年11月5日,十五層,
RPVNMLLLPHHGFDJ98CC,1,39.42,本共有部分之項目有防空避難室兼停車空間、管委會空間、停車空間、樓梯間、機房、水箱等６項,鋼筋混凝土造,110年11月5日,十五層,
RPWNMLLLPHHGFDJ09CC,11,172.76,住宅、樓梯間,鋼筋混凝土造,100年12月26日,三層,
RPQPMLMLPHHGFDJ78CC,,203.40,住家用,鋼筋混凝土造,,四層,
RPVNMLMLPHHGFBJ88CC,21,669.16,工業用,鋼筋混凝土造,90年6月12日,六層,
RPPOMLMLPHHGFBJ38CC,12,551.55,一般服務業,鋼筋混凝土造,99年3月5日,十四層,
RPTNMLMLPHHGFBJ68CC,18,87.97,住家用,鋼筋混凝土造,93年5月24日,十四層,
RPTNMLMLPHHGFBJ68CC,18,10.28,共有部分,鋼筋混凝土造,93年5月24日,十四層,
RPTNMLMLPHHGFBJ68CC,18,33.86,共有部分,鋼筋混凝土造,93年5月24日,十四層,
RPOOMLMLPHHGFBJ28CC,12,414.25,一般服務業,鋼筋混凝土造,99年3月5日,十四層,
RPQNMLNLPHHGFDJ68CC,,50.72,住商用,鋼筋混凝土造,,四層,
RPTNMLPLPHHGFDJ66DC,1,70.00,集合住宅,鋼筋混凝土造,110年11月5日,十五層,
RPTOMLPLPHHGFBJ09CC,4,60.21,商業用,鋼筋混凝土造,107年8月10日,十四層,
RPTOMLPLPHHGFBJ09CC,4,62.64,商業用,鋼筋混凝土造,107年8月10日,十四層,
RPTOMLPLPHHGFBJ09CC,4,58.98,本共有部分之項目有防空避難室兼停車空間、停車空間、機房、公共服務空間、公共設施、警衛室、管委會、中庭涼亭、梯間、機械室、水箱等十一項。,鋼筋混凝土造,107年8月10日,十五層,
RPVNMLQLPHHGFCJ76CC,26,110.02,住家用,鋼筋混凝土造,85年5月6日,十層,
RPVNMLQLPHHGFCJ76CC,26,10.67,共有部分,鋼筋混凝土造,85年5月6日,十層,
RPVNMLQLPHHGFCJ76CC,26,7.91,共有部分,鋼筋混凝土造,85年5月6日,十層,
RPVNMLQLPHHGFCJ76CC,26,28.39,共有部分,鋼筋混凝土造,85年5月6日,十層,
RPOOMLQLPHHGFBJ68CC,15,103.05,住家用,鋼筋混凝土造,97年1月17日,九層,
RPOOMLQLPHHGFBJ68CC,15,22.68,共有部分,鋼筋混凝土造,97年1月17日,九層,
RPOOMLQLPHHGFBJ68CC,15,15.12,共有部分,鋼筋混凝土造,97年1月17日,十二層,
RPWNMLQLPHHGFCJ86CC,26,62.49,住家用,鋼筋混凝土造,85年2月15日,十二層,
RPWNMLQLPHHGFCJ86CC,26,1.84,共有部分,鋼筋混凝土造,85年2月15日,十二層,
RPWNMLQLPHHGFCJ86CC,26,4.43,共有部分,鋼筋混凝土造,85年2月15日,十二層,
RPWNMLQLPHHGFCJ86CC,26,4.59,共有部分,鋼筋混凝土造,85年2月15日,十二層,
RPWNMLQLPHHGFCJ86CC,26,4.49,共有部分,鋼筋混凝土造,85年2月15日,十二層,
RPWNMLQLPHHGFCJ86CC,26,4.38,共有部分,鋼筋混凝土造,85年2月15日,十二層,
RPWNMLQLPHHGFCJ86CC,26,33.87,共有部分,鋼筋混凝土造,85年2月15日,十二層,
RPPNMLSLPHHGFBJ88CC,8,47.14,商業用,鋼筋混凝土造,103年1月28日,十層,
RPPNMLSLPHHGFBJ88CC,8,9.75,本共有部分之項目有防空避難室兼停車空間、開放空間、管委會等３項,鋼筋混凝土造,103年1月28日,十層,
RPPNMLSLPHHGFBJ88CC,8,1.64,本共有部分之項目有樓梯間、電梯機械室、水箱等三項,鋼筋混凝土造,103年1月28日,十層,
RPUNMLTLPHHGFBJ86CC,11,123.19,商業用,鋼筋混凝土造,100年11月3日,十五層,
RPUNMLTLPHHGFBJ86CC,11,16.45,本共有部分之項目有頂蓋型開放空間、機車停車區、公共服務空間、集中式垃圾貯存空間、梯間、水箱等６項,鋼筋混凝土造,100年11月3日,十五層,
RPUNMLTLPHHGFBJ86CC,11,18.48,本共有部分之項目有防空避難室、停車空間等２項,鋼筋混凝土造,100年11月3日,十五層,
RPPQMLLJQHHGFBJ38CC,15,260.48,工業用,鋼筋混凝土造,96年6月7日,八層,
RPUQMLLJQHHGFBJ88CC,12,1088.73,一般服務業,鋼筋混凝土造,99年3月5日,十四層,
RPUQMLLJQHHGFBJ88CC,12,986.32,一般服務業,鋼筋混凝土造,99年3月5日,十四層,
RPUQMLLJQHHGFBJ88CC,12,1088.88,一般服務業,鋼筋混凝土造,99年3月5日,十四層,
RPUNMLTLPHHGFDJ07CC,2,88.32,集合住宅,鋼筋混凝土造,109年7月15日,十層,
RPUNMLTLPHHGFDJ07CC,2,41.66,本共有部分之項目有：防空避難室、兼停車空間、梯間、機械室、水箱、管委會等六項。,鋼筋混凝土造,109年7月15日,十層,
RPSSMLLJQHHGFBJ88CC,14,204.41,商業用,鋼筋混凝土造,97年2月1日,十九層,
RPSSMLLJQHHGFBJ88CC,14,16.65,共有部分,鋼筋混凝土造,97年2月1日,十九層,
RPSSMLLJQHHGFBJ88CC,14,87.51,共有部分,鋼筋混凝土造,97年2月1日,十九層,
RPSSMLLJQHHGFBJ88CC,14,.05,商業用,鋼筋混凝土造,97年2月1日,十九層,
RPROMLMJQHHGFBJ48CC,6,57.94,住家用,鋼筋混凝土造,105年6月8日,二十七層,
RPROMLMJQHHGFBJ48CC,6,18.05,本共有部分之項目有管委會使用空間、樓梯間、機械室、水箱等四項,鋼筋混凝土造,105年6月8日,二十七層,
RPROMLMJQHHGFBJ48CC,6,38.93,本共有部分之項目有防空避難室兼停車空間、停車空間等二項,鋼筋混凝土造,105年6月8日,二十七層,
RPWOMLMJQHHGFBJ98CC,10,69.53,住家用,鋼筋混凝土造,101年10月12日,十五層,
RPWOMLMJQHHGFBJ98CC,10,50.06,本共有部分之項目有：防空避難室兼停車空間、梯間、蓄水池、消防泵浦室、開放空間、管理空間、垃圾處理室等七項,鋼筋混凝土造,101年10月12日,十五層,
RPWOMLMJQHHGFBJ98CC,10,20.66,本共有部分之項目有：梯間、機房、水箱等三項,鋼筋混凝土造,101年10月12日,十五層,
RPSNMLNJQHHGFBJ58CC,29,57.92,住家用,鋼筋混凝土造,82年9月23日,十二層,
RPSNMLNJQHHGFBJ58CC,29,10.88,共有部分,鋼筋混凝土造,82年9月23日,十二層,
RPSNMLNJQHHGFBJ58CC,29,6.46,共有部分,鋼筋混凝土造,82年9月23日,十二層,
RPTOMLNJQHHGFBJ78CC,21,248.83,住家用,鋼筋混凝土造,90年4月10日,四層,
RPXNMLOJQHHGFBJ56CC,13,91.86,住家用,鋼筋混凝土造,98年3月11日,十五層,
RPXNMLOJQHHGFBJ56CC,13,19.36,共有部分,鋼筋混凝土造,98年3月11日,十五層,
RPXNMLOJQHHGFBJ56CC,13,13.70,共有部分,鋼筋混凝土造,98年3月11日,十五層,
RPVNMLOJQHHGFDJ56CC,1,56.78,集合住宅,鋼筋混凝土造,110年11月12日,九層,
RPVNMLOJQHHGFDJ56CC,1,28.40,本共有部分之項目有停車空間、樓梯間等２項,鋼筋混凝土造,110年11月12日,九層,
RPUOMLOJQHHGFBJ98CC,14,252.63,商業用,鋼筋混凝土造,97年2月1日,十九層,
RPSNMLOJQHHGFDJ88CC,,64.46,住商用,鋼筋混凝土造,,四層,
RPTNMLOJQHHGFDJ98CC,,64.46,住商用,鋼筋混凝土造,,四層,
RPUOMLPJQHHGFCJ56CC,,111.52,住家用,加強磚造,,二層,
RPTOMLPJQHHGFBJ98CC,28,130.48,住家用,鋼筋混凝土造,83年3月18日,八層,
RPTOMLPJQHHGFBJ98CC,28,11.69,共有部分,鋼筋混凝土造,83年3月18日,八層,
RPTOMLPJQHHGFBJ98CC,28,13.05,共有部分,鋼筋混凝土造,83年3月18日,八層,
RPOOMLSJQHHGFBJ78CC,14,32.87,商業用,鋼筋混凝土造,97年3月21日,十三層,
RPWNMLPJQHHGFBJ56CC,17,208.16,住家用,鋼筋混凝土造,94年12月1日,十五層,
RPOOMLSJQHHGFBJ78CC,14,2.93,共有部分,鋼筋混凝土造,97年3月21日,十四層,
RPOOMLSJQHHGFBJ78CC,14,11.34,共有部分,鋼筋混凝土造,97年3月21日,十三層,
RPWNMLPJQHHGFBJ56CC,17,101.69,共有部分,鋼筋混凝土造,94年12月1日,十五層,
RPOOMLSJQHHGFBJ78CC,14,.02,守衛室,鋼筋混凝土造,97年3月21日,十四層,
RPWNMLPJQHHGFBJ56CC,17,36.74,共有部分,鋼筋混凝土造,94年12月1日,十五層,
RPQOMLTJQHHGFBJ09CC,14,121.93,商業用,鋼筋混凝土造,98年1月20日,十三層,
RPQOMLTJQHHGFBJ09CC,14,65.40,共有部分,鋼筋混凝土造,98年1月20日,十三層,
RPQNMLTJQHHGFBJ98CC,8,95.57,住家用,鋼筋混凝土造,103年3月21日,二十四層,
RPQNMLTJQHHGFBJ98CC,8,9.14,住家用,鋼筋混凝土造,103年3月21日,二十四層,
RPQNMLTJQHHGFBJ98CC,8,3.61,住家用,鋼筋混凝土造,103年3月21日,二十四層,
RPQNMLTJQHHGFBJ98CC,8,92.60,本共有部分之項目有防空避難室兼停車空間，頂蓋型廣場式開放空間，管理員室，管委會空間，樓梯間，機械室，水箱等七項。,鋼筋混凝土造,103年3月21日,二十四層,
RPQNMLTJQHHGFBJ98CC,8,16.67,本共有部分之項目有梯間等一項,鋼筋混凝土造,103年3月21日,二十四層,
RPWNMLKKQHHGFBJ78CC,14,.36,管理室,鋼筋混凝土造,97年7月29日,十二層,
RPWNMLKKQHHGFBJ78CC,14,113.18,住家用,鋼筋混凝土造,97年7月29日,十二層,
RPWNMLKKQHHGFBJ78CC,14,17.10,共有部分,鋼筋混凝土造,97年7月29日,十二層,
RPWNMLKKQHHGFBJ78CC,14,56.51,共有部分,鋼筋混凝土造,97年7月29日,十二層,
RPQOMLKKQHHGFBJ28CC,28,53.86,住家用,鋼筋混凝土造,83年3月11日,六層,
RPQOMLKKQHHGFBJ28CC,28,10.59,共有部分,鋼筋混凝土造,83年3月11日,七層,
RPQOMLKKQHHGFBJ28CC,28,13.92,共有部分,鋼筋混凝土造,83年3月11日,六層,
RPWPMLTJQHHGFCJ27CC,29,32.40,住家用,鋼筋混凝土造,82年12月14日,十一層,
RPWPMLTJQHHGFCJ27CC,29,7.73,共有部分,鋼筋混凝土造,82年12月14日,十一層,
RPSOMLTJQHHGFDJ86CC,9,58.20,集合住宅,鋼筋混凝土造,102年7月9日,五層,
RPSOMLTJQHHGFDJ86CC,9,7.86,樓梯間、水箱,鋼筋混凝土造,102年7月9日,五層,
