﻿鄉鎮市區,交易標的,土地位置建物門牌,土地移轉總面積平方公尺,都市土地使用分區,非都市土地使用分區,非都市土地使用編定,交易年月日,交易筆棟數,移轉層次,總樓層數,建物型態,主要用途,主要建材,建築完成年月,建物移轉總面積平方公尺,建物現況格局-房,建物現況格局-廳,建物現況格局-衛,建物現況格局-隔間,有無管理組織,總價元,單價元平方公尺,車位類別,車位移轉總面積平方公尺,車位總價元,備註,編號,建案名稱,棟及號
The villages and towns urban district,transaction sign,land sector position building sector house number plate,land shifting total area square meter,the use zoning or compiles and checks,the non-metropolis land use district,non-metropolis land use,transaction year month and day,transaction pen number,shifting level,total floor number,building state,main use,main building materials,construction to complete the years,building shifting total area,Building present situation pattern - room,building present situation pattern - hall,building present situation pattern - health,building present situation pattern - compartmented,Whether there is manages the organization,total price NTD,the unit price (NTD / square meter),the berth category,berth shifting total area square meter,the berth total price NTD,the note,serial number,build case,buildings
埔里鎮,房地(土地+建物)+車位,南投縣埔里鎮恆吉巷,30.24,,鄉村區,乙種建築用地,1110512,土地1建物1車位1,二層,5,華廈(10層含以下有電梯),住家用,鋼筋混凝土造,,97.57,3,1,2,有,無,5880000,58000,一樓平面,8.26,700000,,RPRNMLRKNHHGFCM09DB,星墅,1棟2F號
草屯鎮,房地(土地+建物)+車位,南投縣草屯鎮北投路,19.58,,鄉村區,乙種建築用地,1110513,土地1建物1車位1,六層,12,住宅大樓(11層含以上有電梯),住家用,鋼筋混凝土造,,110.54,2,1,1,有,無,6480000,71798,坡道平面,37.0,1200000,,RPPNMLPLNHHGFBM68DB,群合iDo,C棟6號
南投市,房地(土地+建物)+車位,南投縣南投市營盤路190巷19弄,30.31,,鄉村區,乙種建築用地,1110511,土地2建物1車位1,五層,5,華廈(10層含以下有電梯),住家用,鋼筋混凝土造,,111.55,3,1,2,有,無,6800000,58512,一樓平面,11.57,950000,,RPPNMLRLNHHGFAM68CB,鑫大順建設—幸福中興,A棟6號
南投市,房地(土地+建物)+車位,南投縣南投市營盤路190巷19弄,23.83,,鄉村區,乙種建築用地,1110514,土地2建物1車位1,四層,5,華廈(10層含以下有電梯),住家用,鋼筋混凝土造,,89.4,2,1,1,有,無,5750000,61673,一樓平面,11.57,950000,,RPQNMLRLNHHGFAM78CB,鑫大順建設—幸福中興,A棟7號
名間鄉,房地(土地+建物),南投縣名間鄉水尾巷,104.88,,特定農業區,甲種建築用地,1110529,土地2建物1車位0,全,4,透天厝,住家用,鋼筋混凝土造,,195.42,3,2,4,有,無,12700000,64988,,0.0,0,,RPPNMLKMNHHGFAM08CB,幸福愛家,A棟3號
南投市,房地(土地+建物),南投縣南投市同源路,105.23,,工業區,丁種建築用地,1110516,土地2建物1車位0,全,3,透天厝,住家用,鋼筋混凝土造,,217.69,4,2,5,有,無,11100000,50990,,0.0,0,,RPPNMLKMNHHGFAM18DB,薪享墅城,A棟17號
南投市,房地(土地+建物),南投縣南投市文化南路,87.0,住,,,1110511,土地1建物1車位0,全,4,透天厝,住家用,鋼筋混凝土造,,172.0,5,2,3,有,無,14380000,83605,,0.0,0,,RPPNMLLJOHHGFAM97CB,聯眾．恆詠,A棟5號
南投市,房地(土地+建物),南投縣南投市文化南路,78.0,住,,,1110511,土地1建物1車位0,全,4,透天厝,住家用,鋼筋混凝土造,,172.8,5,2,3,有,無,14280000,82639,,0.0,0,,RPQNMLLJOHHGFAM08CB,聯眾．恆詠,A棟1號
南投市,房地(土地+建物),南投縣南投市文化南路,75.0,住,,,1110512,土地1建物1車位0,全,4,透天厝,住家用,鋼筋混凝土造,,168.0,5,2,3,有,無,14200000,84524,,0.0,0,,RPRNMLLJOHHGFAM18CB,聯眾．恆詠,A棟3號
南投市,房地(土地+建物),南投縣南投市文化南路,75.0,住,,,1110513,土地1建物1車位0,全,4,透天厝,住家用,鋼筋混凝土造,,168.0,5,2,3,有,無,14200000,84524,,0.0,0,,RPSNMLLJOHHGFAM28CB,聯眾．恆詠,A棟2號
南投市,房地(土地+建物),南投縣南投市文化南路,111.0,住,,,1110530,土地1建物1車位0,全,4,透天厝,住家用,鋼筋混凝土造,,196.9,6,2,3,有,無,16180000,82174,,0.0,0,,RPTNMLLJOHHGFAM38CB,聯眾．恆詠,A棟6號
南投市,房地(土地+建物)+車位,南投縣南投市文化路707巷,31.85,住,,,1110528,土地6建物1車位1,二層,7,華廈(10層含以下有電梯),住家用,鋼筋混凝土造,,125.82,3,2,2,有,無,7180000,65469,坡道平面,30.66,950000,,RPPNMLMJOHHGFAM08CB,英倫天琴,B3棟2F號
草屯鎮,房地(土地+建物)+車位,南投縣草屯鎮中山街,22.24,商,,,1110523,土地1建物1車位1,十四層,15,住宅大樓(11層含以上有電梯),住商用,鋼筋混凝土造,,146.96,3,2,2,有,無,11060000,80335,坡道平面,28.58,1550000,原建物坐落南投縣草屯鎮草屯段0737-0001號、草屯段0749-0007號 等十二筆地號，已整合為一筆南投縣草屯鎮草屯段737-1地號。,RPPNMLMJOHHGFBM18CB,富宇中山溱邸,A棟1號
草屯鎮,房地(土地+建物)+車位,南投縣草屯鎮中山街,26.02,商,,,1110531,土地1建物1車位1,三層,15,住宅大樓(11層含以上有電梯),住商用,鋼筋混凝土造,,166.9,4,2,2,有,無,11950000,75911,坡道平面,28.58,1450000,原建物坐落南投縣草屯鎮草屯段0737-0001號、草屯段0749-0007號 等十二筆地號，已整合為一筆南投縣草屯鎮草屯段737-1地號。,RPQNMLMJOHHGFBM28CB,富宇中山溱邸,A棟3號
南投市,房地(土地+建物),南投縣南投市同源路一街,89.85,,工業區,丁種建築用地,1110518,土地2建物1車位0,全,3,透天厝,住家用,見其他登記事項,,188.54,4,2,3,有,無,10000000,53039,,0.0,0,,RPPNMLMJOHHGFAM18DB,薪享墅城,A6號
名間鄉,房地(土地+建物),南投縣名間鄉水尾巷,92.77,,特定農業區,甲種建築用地,1110603,土地2建物1車位0,全,4,透天厝,住家用,鋼筋混凝土造,,176.37,3,2,4,有,無,12200000,69173,,0.0,0,,RPPNMLQJOHHGFAM48CB,幸福愛家,A棟1號
名間鄉,房地(土地+建物),南投縣名間鄉水尾巷,210.74,,特定農業區,甲種建築用地,1110605,土地2建物1車位0,全,4,透天厝,住家用,鋼筋混凝土造,,284.77,4,2,5,有,無,16900000,59346,,0.0,0,,RPQNMLQJOHHGFAM58CB,幸福愛家,C棟1號
竹山鎮,房地(土地+建物)+車位,南投縣竹山鎮頂林路東一巷,40.04,住,,,1110527,土地1建物1車位1,六層,9,華廈(10層含以下有電梯),住家用,鋼筋混凝土造,,109.03,2,2,2,有,無,5560000,53956,坡道機械,15.25,500000,,RPPNMLRJOHHGFDM98DB,寶雄風華大廈,B棟11號
竹山鎮,房地(土地+建物)+車位,南投縣竹山鎮頂林路東一巷,48.2,住,,,1110601,土地1建物1車位1,八層,9,華廈(10層含以下有電梯),住家用,鋼筋混凝土造,,126.09,3,2,2,有,無,6400000,50492,一樓平面,13.2,700000,,RPQNMLRJOHHGFDM09DB,寶雄風華大廈,A棟15號
草屯鎮,房地(土地+建物)+車位,南投縣草屯鎮北投路,26.11,,鄉村區,乙種建築用地,1110527,土地1建物1車位1,六層,12,住宅大樓(11層含以上有電梯),住家用,鋼筋混凝土造,,137.88,3,2,2,有,無,8320000,70579,坡道平面,37.0,1200000,,RPPNMLSJOHHGFBM88DB,群合iDo,F棟6號
草屯鎮,房地(土地+建物)+車位,南投縣草屯鎮北投路,19.58,,鄉村區,乙種建築用地,1110527,土地1建物1車位1,六層,12,住宅大樓(11層含以上有電梯),住家用,鋼筋混凝土造,,113.61,2,1,1,有,無,6680000,71531,坡道平面,37.0,1200000,,RPQNMLSJOHHGFBM98DB,群合iDo,B棟6號
草屯鎮,房地(土地+建物)+車位,南投縣草屯鎮北投路,19.58,,鄉村區,乙種建築用地,1110526,土地1建物1車位1,六層,12,住宅大樓(11層含以上有電梯),住家用,鋼筋混凝土造,,113.61,2,1,1,有,無,6400000,70487,坡道平面,37.0,1000000,,RPRNMLSJOHHGFBM09DB,群合i DO,A棟6號
埔里鎮,房地(土地+建物)+車位,南投縣埔里鎮北平街,20.04,商,,,1110519,土地1建物1車位1,二層,14,住宅大樓(11層含以上有電梯),住家用,鋼筋混凝土造,,144.86,3,2,2,有,無,9000000,65076,坡道平面,25.0,1200000,,RPPNMLSJOHHGFCM98DB,寬心璽玥,D棟2號
埔里鎮,房地(土地+建物)+車位,南投縣埔里鎮朝陽街,26.16,住,,,1110524,土地1建物1車位1,二層,5,華廈(10層含以下有電梯),住家用,鋼骨混凝土造,,90.61,3,2,2,有,無,6500000,71559,一樓平面,13.75,1000000,,RPPNMLTJOHHGFCM09DB,喬富易居,E棟2號
南投市,房地(土地+建物),南投縣南投市嘉和一路,70.41,住,,,1110514,土地2建物1車位0,全,4,透天厝,住家用,鋼筋混凝土造,,165.38,4,2,4,有,無,12300000,74374,,0.0,0,建物格局未包含一樓停車空間,RPPNMLTJOHHGFAM78CB,山水文苑,B棟7號
南投市,房地(土地+建物),南投縣南投市嘉和一路,70.41,住,,,1110514,土地2建物1車位0,全,4,透天厝,住家用,鋼筋混凝土造,,165.38,4,2,4,有,無,12200000,73770,,0.0,0,建物格局未包含一樓停車空間,RPRNMLTJOHHGFAM98CB,山水文苑,B棟9號
南投市,房地(土地+建物),南投縣南投市嘉和一路,70.41,住,,,1110528,土地2建物1車位0,全,4,透天厝,住家用,鋼筋混凝土造,,165.38,4,2,4,有,無,12200000,73770,,0.0,0,建物格局未包含一樓停車空間,RPSNMLTJOHHGFAM09CB,山水文苑,C棟5號
水里鄉,房地(土地+建物),南投縣水里鄉北埔段290-6地號,110.5,住,,,1110519,土地1建物1車位0,全,3,透天厝,住家用,鋼筋混凝土造,,201.99,4,2,3,有,無,11500000,56934,,0.0,0,,RPPNMLPKOHHGFEM98DB,賢德聚,A棟11號
南投市,房地(土地+建物),南投縣南投市振興巷47弄,117.05,住,,,1110528,土地3建物1車位0,全,3,透天厝,住家用,鋼筋混凝土造,,184.67,4,3,3,有,無,10580000,57291,,0.0,0,,RPPNMLQKOHHGFAM58CB,童心謠 2.0,B棟6號
南投市,房地(土地+建物),南投縣南投市振興巷47弄,121.05,住,,,1110605,土地3建物1車位0,全,3,透天厝,住家用,鋼筋混凝土造,,184.67,4,3,5,有,無,10760000,58266,,0.0,0,,RPQNMLQKOHHGFAM68CB,童心謠 2.0,B棟3號
鹿谷鄉,房地(土地+建物)+車位,南投縣鹿谷鄉廣興段356地號,30.28,住,,,1110611,土地1建物1車位1,五層,7,華廈(10層含以下有電梯),住家用,鋼筋混凝土造,,118.39,2,2,1,有,無,7200000,75097,一樓平面,35.83,1000000,,RPPNMLRKOHHGFDM09DB,愛上溪頭II,E棟5號
草屯鎮,房地(土地+建物)+車位,南投縣草屯鎮碧山路,37.43,,鄉村區,乙種建築用地,1110524,土地1建物1車位1,三層,5,華廈(10層含以下有電梯),住家用,鋼筋混凝土造,,85.64,2,2,1,有,無,5430000,62124,坡道機械,7.57,580000,,RPSNMLTKOHHGFBM66CB,美好時光B區,乙棟3H號
草屯鎮,房地(土地+建物)+車位,南投縣草屯鎮碧山路,37.12,,鄉村區,乙種建築用地,1110524,土地1建物1車位1,三層,5,華廈(10層含以下有電梯),住家用,鋼筋混凝土造,,85.01,2,2,1,有,無,5130000,58755,坡道機械,7.57,580000,,RPTNMLTKOHHGFBM76CB,美好時光B區,乙棟3G號
草屯鎮,房地(土地+建物)+車位,南投縣草屯鎮碧山路,37.43,,鄉村區,乙種建築用地,1110523,土地1建物1車位1,三層,5,華廈(10層含以下有電梯),住家用,鋼筋混凝土造,,85.64,2,2,1,有,無,5650000,62124,坡道機械,7.57,800000,,RPUNMLTKOHHGFBM86CB,美好時光B區,甲棟3D號
草屯鎮,房地(土地+建物)+車位,南投縣草屯鎮碧山路,37.12,,鄉村區,乙種建築用地,1110525,土地1建物1車位0,五層,5,華廈(10層含以下有電梯),住家用,鋼筋混凝土造,,77.44,2,2,1,有,無,5080000,65599,,0.0,0,,RPVNMLTKOHHGFBM96CB,美好時光B區,乙棟5F號
草屯鎮,房地(土地+建物)+車位,南投縣草屯鎮碧山路,37.43,,鄉村區,乙種建築用地,1110524,土地1建物1車位1,二層,5,華廈(10層含以下有電梯),住家用,鋼筋混凝土造,,85.64,2,2,1,有,無,5660000,65070,坡道機械,7.57,580000,,RPWNMLTKOHHGFBM07CB,美好時光B區,甲棟2D號
南投市,房地(土地+建物),南投縣南投市同源路一街,89.82,,工業區,丁種建築用地,1110529,土地2建物1車位0,全,3,透天厝,住家用,見其他登記事項,,188.13,4,2,3,有,無,9930000,52783,,0.0,0,,RPPNMLKLOHHGFAM18DB,薪享墅城,C5號
南投市,房地(土地+建物),南投縣南投市同源路,92.06,,工業區,丁種建築用地,1110608,土地2建物1車位0,全,3,透天厝,住家用,鋼筋混凝土造,,188.21,4,2,3,有,無,9660000,51326,,0.0,0,,RPQNMLKLOHHGFAM28DB,薪享墅城,C棟12號
名間鄉,房地(土地+建物),南投縣名間鄉董門巷,84.65,住,,,1110611,土地3建物1車位0,全,3,透天厝,住家用,鋼筋混凝土造,,152.81,4,2,3,有,無,9860000,64525,,0.0,0,,RPRNMLKLOHHGFAM38DB,世紀莊園,C棟3號
草屯鎮,房地(土地+建物)+車位,南投縣草屯鎮坪腳巷,34.36,,鄉村區,乙種建築用地,1110523,土地7建物1車位1,七層,12,住宅大樓(11層含以上有電梯),住家用,鋼筋混凝土造,,154.43,3,2,2,有,無,8250000,57517,一樓平面,30.12,1100000,,RPPNMLLLOHHGFBM28CB,廣宣成家 N03-樂高,F7棟0號
南投市,房地(土地+建物)+車位,南投縣南投市文化路707巷,25.57,住,,,1110530,土地6建物1車位1,一層,7,華廈(10層含以下有電梯),住家用,鋼筋混凝土造,,107.1,2,2,1,有,無,7350000,81763,坡道平面,30.66,1100000,,RPQNMLLLOHHGFAM28CB,英倫天琴,D5棟1F號
南投市,房地(土地+建物)+車位,南投縣南投市文化路707巷,26.62,住,,,1110615,土地6建物1車位1,二層,7,華廈(10層含以下有電梯),住家用,鋼筋混凝土造,,110.29,2,2,2,有,無,6140000,65176,坡道平面,30.66,950000,,RPRNMLLLOHHGFAM38CB,英倫天琴,E3棟2F號
竹山鎮,房地(土地+建物)+車位,南投縣竹山鎮中正段825.826.825-1.826-1.828-1,24.81,商,,,1110521,土地5建物1車位1,六層,7,華廈(10層含以下有電梯),住家用,鋼筋混凝土造,,76.7,2,2,1,有,無,5660000,89499,一樓平面,26.42,1160000,,RPPNMLLLOHHGFDM48CB,菁英匯,C棟6號
竹山鎮,房地(土地+建物)+車位,南投縣竹山鎮中正段825.826.825-1.826-1.828-1,24.81,商,,,1110521,土地5建物1車位1,六層,7,華廈(10層含以下有電梯),住家用,鋼筋混凝土造,,76.7,2,2,1,有,無,5000000,69313,升降機械,13.22,600000,,RPQNMLLLOHHGFDM58CB,菁英匯,D棟6號
竹山鎮,房地(土地+建物),南投縣竹山鎮中正段825.826.825-1.826-1.828-1,22.53,商,,,1110525,土地5建物1車位0,五層,7,華廈(10層含以下有電梯),住家用,鋼筋混凝土造,,76.7,2,2,1,有,無,4550000,59322,,0.0,0,,RPRNMLLLOHHGFDM68CB,菁英匯,A棟5號
竹山鎮,房地(土地+建物)+車位,南投縣竹山鎮中正段825.826.825-1.826-1.828-1,22.53,商,,,1110528,土地5建物1車位1,三層,7,華廈(10層含以下有電梯),住家用,鋼筋混凝土造,,76.7,2,2,1,有,無,4900000,67738,升降機械,13.22,600000,,RPSNMLLLOHHGFDM78CB,菁英匯,A棟3號
竹山鎮,房地(土地+建物)+車位,南投縣竹山鎮中正段825.826.825-1.826-1.828-1,23.51,商,,,1110530,土地5建物1車位1,七層,7,華廈(10層含以下有電梯),住家用,鋼筋混凝土造,,76.7,2,2,1,有,無,5960000,94632,一樓平面,26.4,1200000,,RPUNMLLLOHHGFDM98CB,菁英匯,A棟7號
竹山鎮,房地(土地+建物),南投縣竹山鎮頂林路東一巷,48.2,住,,,1110616,土地1建物1車位0,七層,9,華廈(10層含以下有電梯),住家用,鋼筋混凝土造,,112.89,3,2,2,有,無,5760000,51023,,0.0,0,,RPPNMLMLOHHGFDM68DB,寶雄風華大廈,A棟13號
名間鄉,房地(土地+建物),南投縣名間鄉水尾巷,180.76,,特定農業區,甲種建築用地,1110619,土地3建物1車位0,全,4,透天厝,住家用,鋼筋混凝土造,,215.66,5,2,6,有,無,14800000,68627,,0.0,0,,RPPNMLOLOHHGFAM48CB,幸福愛家,B棟12+13號
鹿谷鄉,房地(土地+建物),南投縣鹿谷鄉中寮路八德街口,13.35,住,,,1110617,土地1建物1車位0,二層,5,華廈(10層含以下有電梯),住家用,鋼筋混凝土造,,35.56,1,0,1,有,無,3100000,87177,,0.0,0,,RPPNMLOLOHHGFDM78CB,逸境,2樓棟A號
鹿谷鄉,房地(土地+建物),南投縣鹿谷鄉中寮路八德街口,12.84,住,,,1110617,土地1建物1車位0,二層,5,華廈(10層含以下有電梯),住家用,鋼筋混凝土造,,34.2,1,0,1,有,無,3000000,87719,,0.0,0,,RPQNMLOLOHHGFDM88CB,逸境,2樓棟B號
草屯鎮,房地(土地+建物),南投縣草屯鎮碧山路,37.12,,鄉村區,乙種建築用地,1110526,土地1建物1車位0,二層,5,華廈(10層含以下有電梯),住家用,鋼筋混凝土造,,77.44,2,2,1,有,無,4570000,59013,,0.0,0,,RPPNMLPLOHHGFBM68CB,美好時光B區,甲棟2C號
草屯鎮,房地(土地+建物),南投縣草屯鎮碧山路,37.12,,鄉村區,乙種建築用地,1110528,土地1建物1車位0,二層,5,華廈(10層含以下有電梯),住家用,鋼筋混凝土造,,77.44,2,2,1,有,無,4480000,57851,,0.0,0,,RPQNMLPLOHHGFBM78CB,美好時光B區,乙棟2F號
草屯鎮,房地(土地+建物),南投縣草屯鎮碧山路,37.12,,鄉村區,乙種建築用地,1110526,土地1建物1車位0,二層,5,華廈(10層含以下有電梯),住家用,鋼筋混凝土造,,77.44,2,2,1,有,無,4350000,56173,,0.0,0,,RPRNMLPLOHHGFBM88CB,美好時光B區,乙棟2G號
草屯鎮,房地(土地+建物)+車位,南投縣草屯鎮碧山路,37.12,,鄉村區,乙種建築用地,1110527,土地1建物1車位1,四層,5,華廈(10層含以下有電梯),住家用,鋼筋混凝土造,,100.55,2,2,1,有,無,6040000,62500,一樓平面,23.11,1200000,,RPTNMLPLOHHGFBM09CB,美好時光B區,甲棟4C號
草屯鎮,房地(土地+建物)+車位,南投縣草屯鎮碧山路,37.12,,鄉村區,乙種建築用地,1110527,土地1建物1車位1,五層,5,華廈(10層含以下有電梯),住家用,鋼筋混凝土造,,85.01,2,2,1,有,無,5650000,62629,坡道機械,7.57,800000,,RPVNMLPLOHHGFBM66CB,美好時光B區,乙棟5G號
草屯鎮,房地(土地+建物)+車位,南投縣草屯鎮碧山路,37.12,,鄉村區,乙種建築用地,1110529,土地1建物1車位1,二層,5,華廈(10層含以下有電梯),住家用,鋼筋混凝土造,,85.01,2,2,1,有,無,5500000,60692,坡道機械,7.57,800000,,RPWNMLPLOHHGFBM76CB,美好時光B區,甲棟2B號
草屯鎮,房地(土地+建物)+車位,南投縣草屯鎮碧山路,37.43,,鄉村區,乙種建築用地,1110529,土地1建物1車位1,三層,5,華廈(10層含以下有電梯),住家用,鋼筋混凝土造,,85.64,2,2,1,有,無,5430000,62124,坡道機械,7.57,580000,,RPXNMLPLOHHGFBM86CB,美好時光B區,甲棟3A號
草屯鎮,房地(土地+建物)+車位,南投縣草屯鎮碧山路,37.12,,鄉村區,乙種建築用地,1110528,土地1建物1車位1,三層,5,華廈(10層含以下有電梯),住家用,鋼筋混凝土造,,85.01,2,2,1,有,無,5340000,58626,坡道機械,7.57,800000,,RPOOMLPLOHHGFBM68CB,美好時光B區,乙棟3F號
草屯鎮,房地(土地+建物)+車位,南投縣草屯鎮碧山路,37.43,,鄉村區,乙種建築用地,1110528,土地1建物1車位1,四層,5,華廈(10層含以下有電梯),住家用,鋼筋混凝土造,,85.64,2,2,1,有,無,5640000,64814,坡道機械,7.57,580000,,RPPOMLPLOHHGFBM78CB,美好時光B區,乙棟4E號
草屯鎮,房地(土地+建物)+車位,南投縣草屯鎮碧山路,37.12,,鄉村區,乙種建築用地,1110528,土地1建物1車位1,四層,5,華廈(10層含以下有電梯),住家用,鋼筋混凝土造,,85.01,2,2,1,有,無,5640000,65341,坡道機械,7.57,580000,,RPQOMLPLOHHGFBM88CB,美好時光B區,乙棟4F號
草屯鎮,房地(土地+建物)+車位,南投縣草屯鎮碧山路,37.43,,鄉村區,乙種建築用地,1110528,土地1建物1車位1,五層,5,華廈(10層含以下有電梯),住家用,鋼筋混凝土造,,93.21,2,2,1,有,無,5890000,61996,一樓平面,15.14,1050000,,RPROMLPLOHHGFBM98CB,美好時光B區,甲棟5A號
草屯鎮,房地(土地+建物)+車位,南投縣草屯鎮碧山路,37.12,,鄉村區,乙種建築用地,1110528,土地1建物1車位1,四層,5,華廈(10層含以下有電梯),住家用,鋼筋混凝土造,,85.01,2,2,1,有,無,5900000,68698,坡道機械,7.57,580000,,RPSOMLPLOHHGFBM09CB,美好時光B區,甲棟4B號
草屯鎮,房地(土地+建物)+車位,南投縣草屯鎮碧山路,37.12,,鄉村區,乙種建築用地,1110529,土地1建物1車位1,四層,5,華廈(10層含以下有電梯),住家用,鋼筋混凝土造,,85.01,2,2,1,有,無,5860000,65341,坡道機械,7.57,800000,,RPRNMLQLOHHGFBM98CB,美好時光B區,乙棟4G號
草屯鎮,房地(土地+建物)+車位,南投縣南投市碧山路,37.12,,鄉村區,乙種建築用地,1110527,土地1建物1車位1,五層,5,華廈(10層含以下有電梯),住家用,鋼筋混凝土造,,92.58,2,2,1,有,無,5890000,62500,一樓平面,15.14,1050000,,RPSNMLQLOHHGFBM09CB,美好時光B區,甲棟5C號
草屯鎮,房地(土地+建物)+車位,南投縣草屯鎮碧山路,37.12,,鄉村區,乙種建築用地,1110529,土地1建物1車位1,三層,5,華廈(10層含以下有電梯),住家用,鋼筋混凝土造,,93.94,2,2,1,有,無,5670000,59659,一樓平面,16.5,1050000,,RPTNMLQLOHHGFBM56CB,美好時光B區,甲棟3B號
草屯鎮,房地(土地+建物)+車位,南投縣草屯鎮碧山路,37.12,,鄉村區,乙種建築用地,1110529,土地1建物1車位1,三層,5,華廈(10層含以下有電梯),住家用,鋼筋混凝土造,,77.44,2,2,1,有,無,5670000,75812,一樓平面,16.5,1050000,,RPUNMLQLOHHGFBM66CB,美好時光B區,甲棟3C號
草屯鎮,房地(土地+建物)+車位,南投縣草屯鎮碧山路,37.43,,鄉村區,乙種建築用地,1110531,土地1建物1車位1,五層,5,華廈(10層含以下有電梯),住家用,鋼筋混凝土造,,85.64,2,2,1,有,無,5640000,61996,坡道機械,7.57,800000,,RPVNMLQLOHHGFBM76CB,美好時光B區,甲棟5D號
草屯鎮,房地(土地+建物)+車位,南投縣草屯鎮碧山路,37.43,,鄉村區,乙種建築用地,1110529,土地1建物1車位1,五層,5,華廈(10層含以下有電梯),住家用,鋼筋混凝土造,,93.21,2,2,1,有,無,6370000,68144,一樓平面,15.14,1050000,,RPWNMLQLOHHGFBM86CB,美好時光B區,乙棟5H號
草屯鎮,房地(土地+建物)+車位,南投縣草屯鎮博愛路,29.62,住,,,1110615,土地1建物1車位1,十二層,15,住宅大樓(11層含以上有電梯),住家用,鋼筋混凝土造,,156.77,3,2,2,有,無,12000000,86385,坡道平面,35.8,1550000,,RPPNMLRLOHHGFBM88CB,富宇博愛苑,B棟1號
南投市,房地(土地+建物),南投縣南投市光明南路,18.41,住,,,1110530,土地1建物1車位0,三層,13,住宅大樓(11層含以上有電梯),住家用,鋼筋混凝土造,,88.35,3,1,2,有,無,6980000,79004,,0.0,0,,RPRNMLRLOHHGFAM98CB,三銳世紀,G棟3號
名間鄉,房地(土地+建物),南投縣名間鄉水尾巷,157.42,,特定農業區,甲種建築用地,1110626,土地3建物1車位0,全,4,透天厝,住家用,鋼筋混凝土造,,211.72,5,2,6,有,無,13420000,63386,,0.0,0,,RPSNMLRLOHHGFAM09CB,幸福愛家,B棟6+7號
南投市,房地(土地+建物)+車位,南投縣南投市彰南路一段,49.36,住,,,1110603,土地2建物1車位1,四層,15,住宅大樓(11層含以上有電梯),住家用,鋼筋混凝土造,,205.81,4,2,2,有,無,13000000,67304,坡道平面,29.0,1100000,,RPPNMLRLOHHGFAM88DB,寬心一品苑,A棟4號
南投市,房地(土地+建物),南投縣南投市光明南路,18.41,住,,,1110626,土地1建物1車位0,四層,13,住宅大樓(11層含以上有電梯),住家用,鋼筋混凝土造,,88.35,3,1,2,有,無,6900000,78098,,0.0,0,,RPPNMLSLOHHGFAM88CB,三銳世紀,F棟3號
南投市,房地(土地+建物)+車位,南投縣南投市彰南路一段,49.68,住,,,1110619,土地2建物1車位2,二層,15,住宅大樓(11層含以上有電梯),住家用,鋼筋混凝土造,,235.97,4,2,2,有,無,13680000,63381,坡道平面,58.0,2400000,,RPPNMLTLOHHGFAM09DB,寬心一品苑,B棟2號
草屯鎮,房地(土地+建物)+車位,南投縣草屯鎮北投路,27.74,,鄉村區,乙種建築用地,1110609,土地1建物1車位1,三層,12,住宅大樓(11層含以上有電梯),住家用,鋼筋混凝土造,,141.95,3,2,2,有,無,8390000,68509,坡道平面,37.0,1200000,,RPPNMLTLOHHGFBM56DB,群合iDo,D棟3號
草屯鎮,房地(土地+建物)+車位,南投縣草屯鎮北投路,19.58,,鄉村區,乙種建築用地,1110619,土地1建物1車位1,九層,12,住宅大樓(11層含以上有電梯),住家用,鋼筋混凝土造,,110.54,2,1,1,有,無,6880000,77237,坡道平面,37.0,1200000,,RPQNMLTLOHHGFBM66DB,群合iDo,C棟9號
名間鄉,房地(土地+建物),南投縣名間鄉水尾巷,71.16,,特定農業區,甲種建築用地,1110627,土地3建物1車位0,全,4,透天厝,住家用,鋼筋混凝土造,,158.08,3,2,5,有,無,9400000,59464,,0.0,0,,RPPNMLKMOHHGFAM18CB,幸福愛家,B棟3號
南投市,房地(土地+建物),南投縣南投市振興巷47弄,117.05,住,,,1110618,土地3建物1車位0,全,3,透天厝,住家用,鋼筋混凝土造,,184.67,4,3,5,有,無,10500000,56858,,0.0,0,,RPPNMLLJPHHGFAM08CB,童心謠 2.0,B棟1號
草屯鎮,房地(土地+建物),南投縣草屯鎮美村巷,108.44,住,,,1110628,土地1建物1車位0,全,3,透天厝,住家用,鋼筋混凝土造,,227.71,5,3,5,有,無,14400000,63238,,0.0,0,,RPPNMLLJPHHGFBM18CB,萬峪建設美村新建工程,A棟2號
埔里鎮,房地(土地+建物),南投縣埔里鎮恆吉巷,22.34,,鄉村區,乙種建築用地,1110622,土地1建物1車位0,二層,5,華廈(10層含以下有電梯),住家用,鋼筋混凝土造,,62.33,2,1,1,有,無,3830000,61447,,0.0,0,,RPPNMLLJPHHGFCM38DB,星墅,1棟2E號
埔里鎮,房地(土地+建物)+車位,南投縣埔里鎮恆吉巷,28.92,,鄉村區,乙種建築用地,1110604,土地1建物1車位2,四層,5,華廈(10層含以下有電梯),住家用,鋼筋混凝土造,,101.93,3,1,2,有,無,6400000,63224,一樓平面,16.52,1000000,,RPQNMLLJPHHGFCM48DB,星墅,1棟4G號
名間鄉,房地(土地+建物),南投縣名間鄉水尾巷,71.16,,特定農業區,甲種建築用地,1110629,土地3建物1車位0,全,4,透天厝,住家用,鋼筋混凝土造,,158.08,3,2,5,有,無,9400000,59464,,0.0,0,,RPQNMLOJPHHGFAM48CB,幸福愛家,B棟5號
南投市,房地(土地+建物)+車位,南投縣南投市營盤路190巷19弄,30.31,,鄉村區,乙種建築用地,1110629,土地2建物1車位1,四層,5,華廈(10層含以下有電梯),住家用,鋼筋混凝土造,,111.55,3,1,2,有,無,6700000,57512,一樓平面,11.57,950000,,RPRNMLOJPHHGFAM58CB,鑫大順建設—幸福中興,A棟6號
草屯鎮,房地(土地+建物),南投縣草屯鎮碧山路,37.43,,鄉村區,乙種建築用地,1110703,土地1建物1車位0,五層,5,華廈(10層含以下有電梯),住家用,鋼筋混凝土造,,78.07,2,2,1,有,無,5920000,75829,,0.0,0,,RPPNMLQJPHHGFBM68CB,美好時光B區,乙棟5E號
南投市,房地(土地+建物),南投縣南投市同源路,97.01,,工業區,丁種建築用地,1110514,土地2建物1車位0,全,3,透天厝,住家用,鋼筋混凝土造,,175.06,3,2,4,有,無,9880000,56438,,0.0,0,,RPPNMLQJPHHGFAM68DB,薪享墅城,B棟17號
草屯鎮,房地(土地+建物)+車位,南投縣草屯鎮碧山路,37.43,,鄉村區,乙種建築用地,1110611,土地1建物1車位1,二層,5,華廈(10層含以下有電梯),住家用,鋼筋混凝土造,,94.58,2,2,1,有,無,6130000,65061,一樓平面,16.5,1050000,,RPPNMLRJPHHGFBM78CB,美好時光B區,乙棟2H號
草屯鎮,房地(土地+建物)+車位,南投縣草屯鎮碧山路,37.43,,鄉村區,乙種建築用地,1110701,土地1建物1車位1,三層,5,華廈(10層含以下有電梯),住家用,鋼筋混凝土造,,93.21,2,2,1,有,無,6100000,64686,一樓平面,15.14,1050000,,RPQNMLRJPHHGFBM88CB,美好時光B區,乙棟3E號
草屯鎮,房地(土地+建物),南投縣草屯鎮碧山路,37.43,,鄉村區,乙種建築用地,1110704,土地1建物1車位0,二層,5,華廈(10層含以下有電梯),住家用,鋼筋混凝土造,,78.07,2,2,1,有,無,5790000,74164,,0.0,0,,RPSNMLRJPHHGFBM09CB,美好時光B區,甲棟2A號
名間鄉,房地(土地+建物),南投縣名間鄉水尾巷,124.44,,特定農業區,甲種建築用地,1110705,土地2建物1車位0,全,4,透天厝,住家用,鋼筋混凝土造,,196.73,3,2,4,有,無,13000000,66080,,0.0,0,,RPPNMLRJPHHGFAM68CB,幸福愛家,A棟5號
名間鄉,房地(土地+建物),南投縣名間鄉水尾巷,71.94,,特定農業區,甲種建築用地,1110706,土地2建物1車位0,全,4,透天厝,住家用,鋼筋混凝土造,,158.08,3,2,5,有,無,9600000,60729,,0.0,0,,RPQNMLRJPHHGFAM78CB,幸福愛家,B棟1號
名間鄉,房地(土地+建物),南投縣名間鄉水尾巷,71.16,,特定農業區,甲種建築用地,1110702,土地3建物1車位0,全,4,透天厝,住家用,鋼筋混凝土造,,158.08,3,2,5,有,無,9600000,60729,,0.0,0,,RPRNMLRJPHHGFAM88CB,幸福愛家,B棟2號
名間鄉,房地(土地+建物),南投縣名間鄉水尾巷,81.62,,特定農業區,甲種建築用地,1110702,土地3建物1車位0,全,4,透天厝,住家用,鋼筋混凝土造,,153.3,3,2,5,有,無,9700000,63275,,0.0,0,,RPSNMLRJPHHGFAM98CB,幸福愛家,B棟11號
竹山鎮,房地(土地+建物),南投縣竹山鎮集山路一段,116.05,,鄉村區,乙種建築用地,1110614,土地1建物1車位0,全,3,透天厝,住家用,鋼筋混凝土造,,140.78,4,2,4,有,無,11800000,83819,,0.0,0,,RPPNMLSJPHHGFDM56DB,幸福紫南,A棟1號
竹山鎮,房地(土地+建物),南投縣竹山鎮集山路一段,80.05,,鄉村區,乙種建築用地,1110626,土地1建物1車位0,全,3,透天厝,住家用,鋼筋混凝土造,,136.66,4,2,4,有,無,9880000,72296,,0.0,0,,RPQNMLSJPHHGFDM66DB,幸福紫南,A棟2號
竹山鎮,房地(土地+建物),南投縣竹山鎮集山路一段,72.22,,鄉村區,乙種建築用地,1110626,土地1建物1車位0,全,3,透天厝,住家用,鋼筋混凝土造,,136.66,4,2,4,有,無,9850000,72077,,0.0,0,,RPRNMLSJPHHGFDM76DB,幸福紫南,A棟3號
竹山鎮,房地(土地+建物),南投縣竹山鎮集山路一段,91.56,,鄉村區,乙種建築用地,1110621,土地2建物1車位0,全,3,透天厝,住家用,鋼筋混凝土造,,128.48,4,2,4,有,無,8650000,67326,,0.0,0,,RPSNMLSJPHHGFDM86DB,幸福紫南,B棟1號
竹山鎮,房地(土地+建物),南投縣竹山鎮集山路一段,94.44,,鄉村區,乙種建築用地,1110621,土地2建物1車位0,全,3,透天厝,住家用,鋼筋混凝土造,,139.37,4,2,4,有,無,8750000,62783,,0.0,0,,RPTNMLSJPHHGFDM96DB,幸福紫南,B棟2號
竹山鎮,房地(土地+建物),南投縣竹山鎮集山路一段,98.96,,鄉村區,乙種建築用地,1110617,土地2建物1車位0,全,3,透天厝,住家用,鋼筋混凝土造,,139.37,4,2,4,有,無,8500000,60989,,0.0,0,,RPUNMLSJPHHGFDM07DB,幸福紫南,B棟3號
竹山鎮,房地(土地+建物),南投縣竹山鎮集山路一段,89.96,,鄉村區,乙種建築用地,1110620,土地2建物1車位0,全,3,透天厝,住家用,鋼筋混凝土造,,139.02,4,2,4,有,無,8500000,61142,,0.0,0,,RPVNMLSJPHHGFDM17DB,幸福紫南,B棟5號
竹山鎮,房地(土地+建物),南投縣竹山鎮集山路一段,90.05,,鄉村區,乙種建築用地,1110622,土地2建物1車位0,全,3,透天厝,住家用,鋼筋混凝土造,,139.37,4,2,4,有,無,8660000,62137,,0.0,0,,RPWNMLSJPHHGFDM27DB,幸福紫南,B棟6號
竹山鎮,房地(土地+建物),南投縣竹山鎮集山路一段,90.05,,鄉村區,乙種建築用地,1110614,土地2建物1車位0,全,3,透天厝,住家用,鋼筋混凝土造,,139.37,4,2,4,有,無,8100000,58119,,0.0,0,,RPXNMLSJPHHGFDM37DB,幸福紫南,B棟7號
竹山鎮,房地(土地+建物),南投縣竹山鎮集山路一段,94.99,,鄉村區,乙種建築用地,1110614,土地2建物1車位0,全,3,透天厝,住家用,鋼筋混凝土造,,137.05,4,2,5,有,無,8300000,60562,,0.0,0,,RPOOMLSJPHHGFDM56DB,幸福紫南,B棟8號
竹山鎮,房地(土地+建物),南投縣竹山鎮集山路一段,94.99,,鄉村區,乙種建築用地,1110619,土地2建物1車位0,全,3,透天厝,住家用,鋼筋混凝土造,,137.05,4,2,4,有,無,8450000,61656,,0.0,0,,RPPOMLSJPHHGFDM66DB,幸福紫南,B棟9號
竹山鎮,房地(土地+建物),南投縣竹山鎮集山路一段,90.05,,鄉村區,乙種建築用地,1110626,土地2建物1車位0,全,3,透天厝,住家用,鋼筋混凝土造,,139.37,4,2,4,有,無,8660000,62137,,0.0,0,,RPQOMLSJPHHGFDM76DB,幸福紫南,B棟11號
竹山鎮,房地(土地+建物),南投縣竹山鎮集山路一段,113.61,,鄉村區,乙種建築用地,1110616,土地2建物1車位0,全,3,透天厝,住家用,鋼筋混凝土造,,150.13,4,2,4,有,無,9300000,61946,,0.0,0,,RPTOMLSJPHHGFDM07DB,幸福紫南,C棟1號
竹山鎮,房地(土地+建物),南投縣竹山鎮集山路一段,113.7,,鄉村區,乙種建築用地,1110620,土地2建物1車位0,全,3,透天厝,住家用,鋼筋混凝土造,,150.13,5,2,4,有,無,9550000,63612,,0.0,0,,RPUOMLSJPHHGFDM17DB,幸福紫南,C棟2號
竹山鎮,房地(土地+建物),南投縣竹山鎮集山路一段,113.61,,鄉村區,乙種建築用地,1110619,土地2建物1車位0,全,3,透天厝,住家用,鋼筋混凝土造,,150.13,5,1,4,有,無,9550000,63612,,0.0,0,,RPVOMLSJPHHGFDM27DB,幸福紫南,C棟3號
竹山鎮,房地(土地+建物),南投縣竹山鎮集山路一段,112.76,,鄉村區,乙種建築用地,1110620,土地2建物1車位0,全,3,透天厝,住家用,鋼筋混凝土造,,150.13,5,1,4,有,無,9500000,63278,,0.0,0,,RPWOMLSJPHHGFDM37DB,幸福紫南,C棟5號
竹山鎮,房地(土地+建物),南投縣竹山鎮集山路一段,128.24,,鄉村區,乙種建築用地,1110622,土地2建物1車位0,全,3,透天厝,住家用,鋼筋混凝土造,,152.35,4,2,4,有,無,9950000,65310,,0.0,0,,RPXOMLSJPHHGFDM47DB,幸福紫南,C棟7號
竹山鎮,房地(土地+建物),南投縣竹山鎮集山路一段,180.73,,鄉村區,乙種建築用地,1110614,土地2建物1車位0,全,3,透天厝,住家用,鋼筋混凝土造,,165.7,4,2,4,有,無,10000000,60350,,0.0,0,,RPOPMLSJPHHGFDM66DB,幸福紫南,C棟8號
竹山鎮,房地(土地+建物),南投縣竹山鎮集山路一段,31.44,,鄉村區,乙種建築用地,1110620,土地3建物1車位0,四層,7,華廈(10層含以下有電梯),住家用,鋼筋混凝土造,,83.07,2,2,2,有,無,4580000,55134,,0.0,0,,RPPNMLTJPHHGFDM66DB,幸福紫南,D棟4號
竹山鎮,房地(土地+建物)+車位,南投縣竹山鎮集山路一段,31.44,,鄉村區,乙種建築用地,1110616,土地3建物1車位1,五層,7,華廈(10層含以下有電梯),住家用,鋼筋混凝土造,,96.82,2,2,2,有,無,5000000,54171,一樓平面,13.75,500000,,RPQNMLTJPHHGFDM76DB,幸福紫南,D棟5號
竹山鎮,房地(土地+建物)+車位,南投縣竹山鎮集山路一段,31.44,,鄉村區,乙種建築用地,1110618,土地3建物1車位1,六層,7,華廈(10層含以下有電梯),住家用,鋼筋混凝土造,,96.82,2,2,2,有,無,5380000,55134,一樓平面,13.75,800000,,RPRNMLTJPHHGFDM86DB,幸福紫南,D棟6號
竹山鎮,房地(土地+建物)+車位,南投縣竹山鎮集山路一段,31.42,,鄉村區,乙種建築用地,1110617,土地3建物1車位1,五層,7,華廈(10層含以下有電梯),住家用,鋼筋混凝土造,,96.71,2,2,2,有,無,5380000,55207,一樓平面,13.75,800000,,RPUNMLTJPHHGFDM17DB,幸福紫南,E棟5號
竹山鎮,房地(土地+建物),南投縣竹山鎮集山路一段,31.42,,鄉村區,乙種建築用地,1110617,土地3建物1車位0,六層,7,華廈(10層含以下有電梯),住家用,鋼筋混凝土造,,82.96,2,2,2,有,無,4580000,55207,,0.0,0,,RPVNMLTJPHHGFDM27DB,幸福紫南,E棟6號
竹山鎮,房地(土地+建物)+車位,南投縣竹山鎮集山路一段,31.69,,鄉村區,乙種建築用地,1110629,土地3建物1車位1,五層,7,華廈(10層含以下有電梯),住家用,鋼筋混凝土造,,100.68,2,2,2,有,無,5690000,58090,一樓平面,16.5,800000,,RPWNMLTJPHHGFDM37DB,幸福紫南,F棟5號
竹山鎮,房地(土地+建物),南投縣竹山鎮集山路一段,29.51,,鄉村區,乙種建築用地,1110618,土地1建物1車位0,四層,5,華廈(10層含以下有電梯),住家用,鋼筋混凝土造,,85.4,2,2,2,有,無,4660000,54567,,0.0,0,,RPOOMLTJPHHGFDM66DB,幸福紫南,H棟4號
竹山鎮,房地(土地+建物)+車位,南投縣竹山鎮集山路一段,31.67,,鄉村區,乙種建築用地,1110614,土地3建物1車位1,六層,7,華廈(10層含以下有電梯),住家用,鋼筋混凝土造,,84.18,2,2,2,有,無,5080000,70909,一樓平面,21.0,600000,,RPPOMLTJPHHGFDM76DB,幸福紫南,F棟6號
竹山鎮,房地(土地+建物),南投縣竹山鎮集山路一段,31.44,,鄉村區,乙種建築用地,1110620,土地3建物1車位0,七層,7,華廈(10層含以下有電梯),住家用,鋼筋混凝土造,,83.07,2,2,2,有,無,4900000,58986,,0.0,0,,RPQOMLTJPHHGFDM86DB,幸福紫南,D棟7號
竹山鎮,房地(土地+建物)+車位,南投縣竹山鎮集山路一段,31.42,,鄉村區,乙種建築用地,1110619,土地3建物1車位1,三層,7,華廈(10層含以下有電梯),住家用,鋼筋混凝土造,,82.96,2,2,2,有,無,5370000,72950,一樓平面,21.0,850000,,RPROMLTJPHHGFDM96DB,幸福紫南,E棟3號
竹山鎮,房地(土地+建物)+車位,南投縣竹山鎮集山路一段,31.69,,鄉村區,乙種建築用地,1110622,土地3建物1車位1,七層,7,華廈(10層含以下有電梯),住家用,鋼筋混凝土造,,100.68,2,2,2,有,無,5770000,58446,一樓平面,16.5,850000,,RPSOMLTJPHHGFDM07DB,幸福紫南,F棟7號
草屯鎮,房地(土地+建物),南投縣草屯鎮碧山路,86.71,,鄉村區,乙種建築用地,1110611,土地2建物1車位0,全,4,透天厝,住家用,鋼筋混凝土造,,141.0,4,3,3,有,無,11380000,80709,,0.0,0,,RPPNMLTJPHHGFBM98CB,美好時光A區,A棟A3號
草屯鎮,房地(土地+建物),南投縣草屯鎮碧山路,128.23,,鄉村區,乙種建築用地,1110611,土地1建物1車位0,全,4,透天厝,住家用,鋼筋混凝土造,,141.0,4,3,3,有,無,11880000,84255,,0.0,0,,RPQNMLTJPHHGFBM09CB,美好時光A區,A棟A1號
草屯鎮,房地(土地+建物),南投縣草屯鎮碧山路,121.36,,鄉村區,乙種建築用地,1110611,土地1建物1車位0,全,4,透天厝,住家用,鋼筋混凝土造,,154.0,4,3,5,有,無,12280000,79740,,0.0,0,,RPRNMLTJPHHGFBM56CB,美好時光A區,A棟A5號
草屯鎮,房地(土地+建物),南投縣草屯鎮碧山路,85.42,,鄉村區,乙種建築用地,1110611,土地1建物1車位0,全,4,透天厝,住家用,鋼筋混凝土造,,141.0,4,3,3,有,無,11580000,82128,,0.0,0,,RPSNMLTJPHHGFBM66CB,美好時光A區,A棟A2號
草屯鎮,房地(土地+建物)+車位,南投縣草屯鎮碧山路,37.43,,鄉村區,乙種建築用地,1110629,土地1建物1車位1,四層,5,華廈(10層含以下有電梯),住家用,鋼筋混凝土造,,85.64,2,2,1,有,無,5900000,68144,坡道機械,7.57,580000,,RPTNMLTJPHHGFBM76CB,美好時光B區,甲棟4A號
南投市,房地(土地+建物)+車位,南投縣南投市光明南路,21.33,住,,,1110628,土地1建物1車位1,六層,13,住宅大樓(11層含以上有電梯),住家用,鋼筋混凝土造,,128.45,3,1,2,有,無,9550000,79902,坡道平面,26.45,1400000,,RPPNMLLKPHHGFAM18CB,三銳世紀,G棟2號
南投市,房地(土地+建物),南投縣南投市華陽路,119.51,住,,,1110613,土地5建物1車位0,全,3,透天厝,住家用,鋼筋混凝土造,,179.0,4,3,4,有,無,13700000,76536,,0.0,0,,RPPNMLMKPHHGFAM28CB,首富森境,A棟1號
南投市,房地(土地+建物),南投縣南投市華陽路,115.53,住,,,1110613,土地5建物1車位0,全,3,透天厝,住家用,鋼筋混凝土造,,179.0,4,3,4,有,無,14500000,81006,,0.0,0,,RPQNMLMKPHHGFAM38CB,首富森境,B棟16號
南投市,房地(土地+建物),南投縣南投市華陽路,114.5,住,,,1110620,土地5建物1車位0,全,3,透天厝,住家用,鋼筋混凝土造,,179.0,4,3,4,有,無,14500000,81006,,0.0,0,,RPRNMLMKPHHGFAM48CB,首富森境,B棟18號
南投市,房地(土地+建物),南投縣南投市華陽路,175.51,住,,,1110612,土地5建物1車位0,全,3,透天厝,住家用,鋼筋混凝土造,,179.0,4,3,4,有,無,16800000,93855,,0.0,0,,RPSNMLMKPHHGFAM58CB,首富森境,B棟1號
南投市,房地(土地+建物),南投縣南投市華陽路,116.5,住,,,1110610,土地5建物1車位0,全,3,透天厝,住家用,鋼筋混凝土造,,179.0,4,3,4,有,無,14500000,81006,,0.0,0,,RPTNMLMKPHHGFAM68CB,首富森境,B棟15號
南投市,房地(土地+建物),南投縣南投市華陽路,115.53,住,,,1110610,土地5建物1車位0,全,3,透天厝,住家用,鋼筋混凝土造,,179.0,4,3,4,有,無,14500000,81006,,0.0,0,,RPUNMLMKPHHGFAM78CB,首富森境,B棟17號
竹山鎮,房地(土地+建物),南投縣竹山鎮集山路一段,81.47,,鄉村區,乙種建築用地,1110616,土地3建物1車位0,全,3,透天厝,住家用,鋼筋混凝土造,,117.36,4,2,4,有,無,7850000,66888,,0.0,0,,RPQNMLMKPHHGFDM78DB,幸福紫南,B棟15號
埔里鎮,房地(土地+建物)+車位,南投縣埔里鎮朝陽街,28.87,住,,,1110625,土地1建物1車位1,三層,5,華廈(10層含以下有電梯),住家用,鋼骨混凝土造,,98.55,3,2,2,有,無,6900000,69575,一樓平面,13.75,1000000,,RPPNMLNKPHHGFCM68DB,喬富易居,D棟3號
南投市,房地(土地+建物),南投縣南投市文化南路,112.08,住,,,1110618,土地3建物1車位0,全,3,透天厝,住家用,鋼筋混凝土造,,186.18,4,3,5,有,無,15650000,84058,,0.0,0,,RPPNMLOKPHHGFAM58DB,四季花園,D棟2號
南投市,房地(土地+建物)+車位,南投縣南投市光明南路,21.33,住,,,1110626,土地1建物1車位1,十二層,13,住宅大樓(11層含以上有電梯),住家用,鋼筋混凝土造,,128.45,3,1,2,有,無,10600000,90196,坡道平面,26.45,1400000,,RPQNMLOKPHHGFAM58CB,三銳世紀,G棟5號
南投市,房地(土地+建物)+車位,南投縣南投市光明南路,20.91,住,,,1110707,土地1建物1車位1,五層,13,住宅大樓(11層含以上有電梯),住家用,鋼筋混凝土造,,126.38,3,1,2,有,無,9460000,81657,坡道平面,26.45,1300000,,RPRNMLOKPHHGFAM68CB,三銳世紀,E棟6號
南投市,房地(土地+建物)+車位,南投縣南投市文化路707巷,31.85,住,,,1110630,土地6建物1車位1,二層,7,華廈(10層含以下有電梯),住家用,鋼筋混凝土造,,125.82,3,2,2,有,無,7740000,70828,坡道平面,30.66,1000000,,RPPNMLPKPHHGFAM58CB,英倫天琴,B1棟2F號
南投市,房地(土地+建物)+車位,南投縣南投市文化路707巷,37.89,住,,,1110707,土地6建物1車位1,二層,7,華廈(10層含以下有電梯),住家用,鋼筋混凝土造,,143.98,3,2,2,有,無,9030000,70861,坡道平面,30.66,1000000,,RPQNMLPKPHHGFAM68CB,英倫天琴,D2棟2F號
南投市,房地(土地+建物)+車位,南投縣南投市文化路707巷,37.89,住,,,1110709,土地6建物1車位1,二層,7,華廈(10層含以下有電梯),住家用,鋼筋混凝土造,,143.98,3,2,2,有,無,9310000,73332,坡道平面,30.66,1000000,,RPRNMLPKPHHGFAM78CB,英倫天琴,D1棟2F號
名間鄉,房地(土地+建物),南投縣名間鄉員集路147巷內,131.11,住,,,1110615,土地11建物1車位0,全,4,透天厝,住家用,鋼筋混凝土造,,173.76,4,3,5,有,無,10080000,58011,,0.0,0,,RPPNMLQKPHHGFAM68CB,御山美,B棟7號
草屯鎮,房地(土地+建物),南投縣草屯鎮碧山路,144.66,,鄉村區,乙種建築用地,1110707,土地2建物1車位0,全,4,透天厝,住家用,鋼筋混凝土造,,164.0,4,3,5,有,無,14280000,87073,,0.0,0,,RPPNMLSKPHHGFBM98CB,美好時光C區,C棟C1號
草屯鎮,房地(土地+建物),南投縣草屯鎮碧山路,57.52,,鄉村區,乙種建築用地,1110708,土地1建物1車位0,全,4,透天厝,住家用,鋼筋混凝土造,,154.0,4,3,4,有,無,10980000,71299,,0.0,0,,RPQNMLSKPHHGFBM09CB,美好時光C區,C棟C2號
草屯鎮,房地(土地+建物)+車位,南投縣草屯鎮北投路,29.38,,鄉村區,乙種建築用地,1110621,土地1建物1車位1,一層,12,住宅大樓(11層含以上有電梯),住家用,鋼筋混凝土造,,149.12,3,2,2,有,無,11380000,90796,坡道平面,37.0,1200000,,RPPNMLSKPHHGFBM09DB,群合iDo,F棟1號
草屯鎮,房地(土地+建物)+車位,南投縣草屯鎮北投路,27.74,,鄉村區,乙種建築用地,1110701,土地1建物1車位1,七層,12,住宅大樓(11層含以上有電梯),住家用,鋼筋混凝土造,,141.95,3,2,2,有,無,8700000,72415,坡道平面,37.0,1100000,,RPQNMLSKPHHGFBM56DB,群合iDo,E棟7號
草屯鎮,房地(土地+建物)+車位,南投縣草屯鎮北投路,19.58,,鄉村區,乙種建築用地,1110702,土地1建物1車位1,三層,12,住宅大樓(11層含以上有電梯),住家用,鋼筋混凝土造,,110.54,2,1,1,有,無,6150000,67310,坡道平面,37.0,1200000,,RPRNMLSKPHHGFBM66DB,群合iDo,C棟3號
南投市,房地(土地+建物),南投縣南投市文化南路,142.08,住,,,1110703,土地3建物1車位0,全,3,透天厝,住家用,鋼筋混凝土造,,202.58,4,3,5,有,無,17400000,85892,,0.0,0,,RPPNMLTKPHHGFAM09DB,四季花園,B棟1號
南投市,房地(土地+建物),南投縣南投市華陽路,118.49,住,,,1110708,土地5建物1車位0,全,3,透天厝,住家用,鋼筋混凝土造,,179.0,4,3,4,有,無,14400000,80447,,0.0,0,,RPPNMLKLPHHGFAM18CB,首富森境,A棟2號
南投市,房地(土地+建物),南投縣南投市振興巷47弄,113.05,住,,,1110711,土地3建物1車位0,全,3,透天厝,住家用,鋼筋混凝土造,,183.8,4,3,3,有,無,10680000,58107,,0.0,0,,RPPNMLLLPHHGFAM28CB,童心謠 2.0,B棟5號
草屯鎮,房地(土地+建物),南投縣草屯鎮碧山路,37.43,,鄉村區,乙種建築用地,1110725,土地1建物1車位0,四層,5,華廈(10層含以下有電梯),住家用,鋼筋混凝土造,,78.07,2,2,1,有,無,5900000,75573,,0.0,0,,RPQNMLQLPHHGFBM98CB,美好時光B區,乙棟4H號
草屯鎮,房地(土地+建物),南投縣草屯鎮碧山路,111.87,,鄉村區,乙種建築用地,1110725,土地1建物1車位0,全,4,透天厝,住家用,鋼筋混凝土造,,163.0,4,3,5,有,無,13280000,81472,,0.0,0,,RPRNMLQLPHHGFBM09CB,美好時光C區,C棟C5號
埔里鎮,房地(土地+建物)+車位,南投縣埔里鎮朝陽街,28.87,住,,,1110717,土地1建物1車位1,五層,5,華廈(10層含以下有電梯),住家用,鋼骨混凝土造,,98.55,3,2,2,有,無,7020000,70991,一樓平面,13.75,1000000,,RPPNMLQLPHHGFCM09DB,喬富易居,D棟5號
名間鄉,房地(土地+建物),南投縣名間鄉水尾巷,87.83,,特定農業區,甲種建築用地,1110725,土地3建物1車位0,全,4,透天厝,住家用,鋼筋混凝土造,,153.3,3,2,5,有,無,9800000,63927,,0.0,0,,RPPNMLRLPHHGFAM88CB,幸福愛家,B棟10號
南投市,房地(土地+建物),南投縣南投市同源路,89.82,,工業區,丁種建築用地,1110703,土地2建物1車位0,全,3,透天厝,住家用,鋼筋混凝土造,,188.13,4,2,3,有,無,9580000,50922,,0.0,0,,RPRNMLSLPHHGFAM66DB,薪享墅城,C棟17號
南投市,房地(土地+建物),南投縣南投市同源路,89.63,,工業區,丁種建築用地,1110709,土地2建物1車位0,全,3,透天厝,住家用,鋼筋混凝土造,,151.62,3,2,3,有,無,8700000,57380,,0.0,0,,RPPNMLTLPHHGFAM56DB,薪享墅城,B棟20號
南投市,房地(土地+建物),南投縣南投市同源路,89.82,,工業區,丁種建築用地,1110710,土地2建物1車位0,全,3,透天厝,住家用,鋼筋混凝土造,,188.13,4,2,3,有,無,9600000,51029,,0.0,0,,RPQNMLTLPHHGFAM66DB,薪享墅城,C棟15號
南投市,房地(土地+建物),南投縣南投市同源路,89.85,,工業區,丁種建築用地,1110717,土地2建物1車位0,全,3,透天厝,住家用,鋼筋混凝土造,,188.54,4,2,3,有,無,9860000,52297,,0.0,0,,RPRNMLTLPHHGFAM76DB,薪享墅城,A棟22號
南投市,房地(土地+建物),南投縣南投市文化南路,102.08,住,,,1110717,土地3建物1車位0,全,4,透天厝,住家用,鋼筋混凝土造,,179.77,5,2,5,有,無,13720000,76320,,0.0,0,,RPSNMLTLPHHGFAM86DB,四季花園,E棟3號
南投市,房地(土地+建物),南投縣南投市文化南路,92.08,住,,,1110717,土地3建物1車位0,全,4,透天厝,住家用,鋼筋混凝土造,,179.77,5,2,5,有,無,13600000,75652,,0.0,0,,RPTNMLTLPHHGFAM96DB,四季花園,E棟6號
草屯鎮,房地(土地+建物),南投縣草屯鎮碧山路,37.43,,鄉村區,乙種建築用地,1110707,土地1建物1車位0,二層,5,華廈(10層含以下有電梯),住家用,鋼筋混凝土造,,78.07,2,2,1,有,無,4990000,63917,,0.0,0,,RPPNMLTLPHHGFBM56CB,美好時光B區,乙棟2E號
草屯鎮,房地(土地+建物)+車位,南投縣草屯鎮碧山路,37.43,,鄉村區,乙種建築用地,1110722,土地1建物1車位1,四層,5,華廈(10層含以下有電梯),住家用,鋼筋混凝土造,,85.64,2,2,1,有,無,6120000,68144,坡道機械,7.57,800000,,RPQNMLTLPHHGFBM66CB,美好時光B區,甲棟4D號
草屯鎮,房地(土地+建物),南投縣草屯鎮碧山路,55.7,,鄉村區,乙種建築用地,1110712,土地1建物1車位0,全,4,透天厝,住家用,鋼筋混凝土造,,154.0,4,3,4,有,無,10980000,71299,,0.0,0,,RPRNMLTLPHHGFBM76CB,美好時光C區,C棟C3號
草屯鎮,房地(土地+建物)+車位,南投縣草屯鎮博愛路,22.31,住,,,1110711,土地1建物1車位1,十層,15,住宅大樓(11層含以上有電梯),住家用,鋼筋混凝土造,,126.91,2,2,1,有,無,9500000,88355,坡道平面,35.8,1450000,,RPPNMLKMPHHGFBM38CB,富宇博愛苑,A棟6號
南投市,房地(土地+建物),南投縣南投市光明南路,18.41,住,,,1110725,土地1建物1車位0,二層,13,住宅大樓(11層含以上有電梯),住家用,鋼筋混凝土造,,88.35,3,1,2,有,無,7000000,79230,,0.0,0,,RPPNMLMJQHHGFAM28CB,三銳世紀,F棟3號
南投市,房地(土地+建物)+車位,南投縣南投市彰南路三段1161巷,29.98,住,,,1110716,土地3建物1車位1,六層,7,華廈(10層含以下有電梯),見其他登記事項,鋼筋混凝土造,,109.03,2,2,2,有,無,5760000,57509,坡道平面,27.13,1050000,,RPQNMLMJQHHGFAM38CB,萬景山河,B棟B7號
南投市,房地(土地+建物)+車位,南投縣南投市彰南路一段,38.85,住,,,1110721,土地2建物1車位1,八層,15,住宅大樓(11層含以上有電梯),住家用,鋼筋混凝土造,,168.22,3,2,2,有,無,12000000,77575,坡道平面,29.0,1200000,,RPPNMLMJQHHGFAM38DB,寬心一品苑,F棟8號
草屯鎮,房地(土地+建物)+車位,南投縣草屯鎮北投路,19.58,,鄉村區,乙種建築用地,1110714,土地1建物1車位1,七層,12,住宅大樓(11層含以上有電梯),住家用,鋼筋混凝土造,,110.54,2,1,1,有,無,6580000,75877,坡道平面,37.0,1000000,,RPPNMLMJQHHGFBM48DB,群合i DO,C棟7號
埔里鎮,房地(土地+建物)+車位,南投縣埔里鎮恆吉巷,38.67,,鄉村區,乙種建築用地,1110710,土地1建物1車位1,三層,5,華廈(10層含以下有電梯),住家用,鋼筋混凝土造,,116.62,3,1,2,有,無,7200000,59985,一樓平面,8.26,700000,,RPPNMLNJQHHGFCM68DB,星墅,1棟3A號
南投市,房地(土地+建物)+車位,南投縣南投市光明南路,18.41,住,,,1110802,土地1建物1車位1,二層,13,住宅大樓(11層含以上有電梯),住家用,鋼筋混凝土造,,114.8,3,1,2,有,無,8060000,75382,坡道平面,26.45,1400000,,RPPNMLNJQHHGFAM38CB,三銳世紀,E棟3號
名間鄉,房地(土地+建物),南投縣名間鄉水尾巷,111.83,,特定農業區,甲種建築用地,1110731,土地2建物1車位0,全,4,透天厝,住家用,鋼筋混凝土造,,208.06,4,2,5,有,無,11920000,57291,,0.0,0,,RPQNMLNJQHHGFAM48CB,幸福愛家,B棟8號
南投市,房地(土地+建物),南投縣南投市南新路192巷,128.47,住,,,1110728,土地2建物1車位0,全,3,透天厝,住家用,鋼筋混凝土造,,222.32,4,3,5,有,無,21550000,96932,,0.0,0,,RPPNMLOJQHHGFAM48CB,新月賦2,B棟5號
南投市,房地(土地+建物),南投縣南投市南新路192巷,161.38,住,,,1110726,土地3建物1車位0,全,3,透天厝,住家用,鋼筋混凝土造,,247.96,4,3,5,有,無,25000000,100823,,0.0,0,,RPQNMLOJQHHGFAM58CB,新月賦2,B棟8號
草屯鎮,房地(土地+建物)+車位,南投縣草屯鎮北投路,19.58,,鄉村區,乙種建築用地,1110724,土地1建物1車位1,九層,12,住宅大樓(11層含以上有電梯),住家用,鋼筋混凝土造,,113.61,2,1,1,有,無,7000000,77013,坡道平面,37.0,1100000,,RPPNMLPJQHHGFBM78DB,群合iDo,B棟9號
草屯鎮,房地(土地+建物)+車位,南投縣草屯鎮北投路,19.58,,鄉村區,乙種建築用地,1110728,土地1建物1車位1,四層,12,住宅大樓(11層含以上有電梯),住家用,鋼筋混凝土造,,110.54,2,1,1,有,無,6290000,69214,坡道平面,37.0,1200000,,RPQNMLPJQHHGFBM88DB,群合iDo,C棟4號
草屯鎮,房地(土地+建物)+車位,南投縣草屯鎮中山街,22.24,商,,,1110711,土地1建物1車位1,二層,15,住宅大樓(11層含以上有電梯),住商用,鋼筋混凝土造,,146.96,3,2,2,有,無,9500000,68001,坡道平面,28.58,1450000,原建物坐落南投縣草屯鎮草屯段0737-0001號、草屯段0749-0007號 等十二筆地號，已整合為一筆南投縣草屯鎮草屯段737-1地號。親友、員工、共有人或其他特殊關係間之交易；,RPPNMLSJQHHGFBM98CB,富宇中山溱邸,A棟1號
草屯鎮,房地(土地+建物)+車位,南投縣草屯鎮中山街,26.02,商,,,1110711,土地1建物1車位1,二層,15,住宅大樓(11層含以上有電梯),住商用,鋼筋混凝土造,,166.9,4,2,2,有,無,10500000,64705,坡道平面,28.58,1550000,原建物坐落南投縣草屯鎮草屯段0737-0001號、草屯段0749-0007號 等十二筆地號，已整合為一筆南投縣草屯鎮草屯段737-1地號。親友、員工、共有人或其他特殊關係間之交易；,RPQNMLSJQHHGFBM09CB,富宇中山溱邸,A棟3號
草屯鎮,房地(土地+建物),南投縣草屯鎮中正路,93.0,,特定農業區,甲種建築用地,1110716,土地3建物1車位0,全,5,透天厝,住家用,鋼筋混凝土造,,223.0,3,2,5,有,無,13600000,60987,,0.0,0,,RPRNMLKKQHHGFBM48CB,悅森活,A7棟0號
南投市,房地(土地+建物)+車位,南投縣南投市營盤路190巷19弄,30.31,,鄉村區,乙種建築用地,1110806,土地2建物1車位1,三層,5,華廈(10層含以下有電梯),住家用,鋼筋混凝土造,,111.55,3,2,2,有,無,6680000,56811,一樓平面,11.57,1000000,,RPPNMLKKQHHGFAM18CB,鑫大順建設—幸福中興,A棟6號
南投市,房地(土地+建物)+車位,南投縣南投市彰南路一段,29.63,,鄉村區,乙種建築用地,1110709,土地1建物1車位1,一層,9,華廈(10層含以下有電梯),住家用,鋼筋混凝土造,,110.71,3,2,2,有,無,7100000,64132,升降機械,0.0,550000,,RPPNMLLKQHHGFAM28CB,遇見愛,B6棟1F號
名間鄉,房地(土地+建物),南投縣名間鄉董門巷,97.19,住,,,1110731,土地3建物1車位0,全,3,透天厝,住家用,鋼筋混凝土造,,153.51,4,2,3,有,無,10380000,67618,,0.0,0,,RPPNMLPKQHHGFAM78DB,世紀莊園,C棟11號
南投市,房地(土地+建物),南投縣南投市文化南路,101.0,住,,,1110727,土地1建物1車位0,全,4,透天厝,住家用,鋼筋混凝土造,,192.7,6,2,3,有,無,16180000,83965,,0.0,0,,RPPNMLTKQHHGFAM09CB,聯翔．恆詠,B棟1號
南投市,房地(土地+建物)+車位,南投縣南投市彰南路一段,31.17,,鄉村區,乙種建築用地,1110724,土地1建物1車位1,一層,9,華廈(10層含以下有電梯),住家用,鋼筋混凝土造,,116.44,3,2,2,有,無,7200000,61834,升降機械,0.0,550000,,RPPNMLNLQHHGFAM58CB,遇見愛,B2棟1F號
草屯鎮,房地(土地+建物)+車位,南投縣草屯鎮博愛路,29.49,住,,,1110810,土地1建物1車位1,三層,15,住宅大樓(11層含以上有電梯),住家用,鋼筋混凝土造,,156.36,3,2,2,有,無,10500000,74237,坡道平面,35.8,1550000,,RPQNMLSLQHHGFBM66CB,富宇博愛苑,B棟3號
南投市,房地(土地+建物),南投縣南投市文化南路,97.0,住,,,1110803,土地1建物1車位0,全,4,透天厝,住家用,鋼筋混凝土造,,187.7,6,2,3,有,無,16000000,85242,,0.0,0,,RPPNMLTLQHHGFAM56CB,聯翔．恆詠,C棟2號
南投市,房地(土地+建物)+車位,南投縣南投市彰南路一段,49.27,住,,,1110807,土地2建物1車位2,七層,15,住宅大樓(11層含以上有電梯),住家用,鋼筋混凝土造,,234.56,4,2,2,有,無,14780000,72383,坡道平面,58.0,2000000,,RPPNMLLMQHHGFAM58DB,寬心一品苑,B棟7號
南投市,房地(土地+建物)+車位,南投縣南投市彰南路三段1161巷,41.67,住,,,1110718,土地3建物1車位2,五層,7,華廈(10層含以下有電梯),見其他登記事項,鋼筋混凝土造,,168.16,3,2,2,有,無,8760000,58472,坡道平面,54.26,2100000,,RPPNMLRLRHHGFAM09CB,萬景山河,B棟B9號
