﻿編號,土地位置,土地移轉面積(平方公尺),使用分區或編定,權利人持分分母,權利人持分分子,移轉情形,地號
The serial number, land position,land shifting area square meter,the use zoning or compiles and checks,,,,land parcel
RPUQMLLKNHHGFAO09CC,明湖段,.00,非都市：山坡地保育區 ; 非都市編定：丙種建築用地,,,,04210000
RPSOMLLKNHHGFAO68CC,東山段一小段,.00,都市：住,,,,03530001
RPSQMLLKNHHGFAO88CC,北門段,.00,都市：商,,,,07630000
RPSQMLLKNHHGFAO88CC,北門段,.00,都市：住,,,,07640000
RPUOMLNKNHHGFAO09CC,國道段,.00,都市：住,,,,11070000
RPTOMLNKNHHGFAO98CC,聚吉段,.00,都市：住,,,,01070025
RPTOMLNKNHHGFAO98CC,聚吉段,.00,都市：住,,,,01090001
RPQQMLQKNHHGFAO56CC,南華段,.00,都市：商,,,,04440000
RPUPMLMKNHHGFAO09CC,東光段,.00,都市：商,,,,01660000
RPUPMLNKNHHGFAO56CC,北門段,.00,都市：商,,,,07630000
RPUPMLNKNHHGFAO56CC,北門段,.00,都市：住,,,,07640000
RPTPMLSKNHHGFAO96CC,崙子段,.00,都市：住,,,,07290000
RPUPMLSKNHHGFAO07CC,光復段,.00,都市：住,,,,13530107
RPORMLSKNHHGFAO66CC,光復段,.00,都市：住,,,,02310000
RPSRMLSKNHHGFAO07CC,新港段,.00,都市：其他:部分第一之一種住宅區部分學校用地,,,,07660000
RPXQMLSKNHHGFAO47CC,親仁段一小段,.00,都市：住,,,,00280000
RPVRMLSKNHHGFAO37CC,北門段,.00,都市：商,,,,07630000
RPWNMLTKNHHGFAO17CC,關東段,.00,都市：住,,,,09400000
RPPRMLSKNHHGFAO76CC,民富段,.00,都市：商,,,,25940000
RPVRMLSKNHHGFAO37CC,北門段,.00,都市：住,,,,07640000
RPUOMLKLNHHGFAO88CC,崙子段,.00,都市：住,,,,08050002
RPWNMLTKNHHGFAO17CC,關東段,.00,都市：住,,,,09400004
RPSOMLTKNHHGFAO86CC,長春段,64.64,都市：住,,,,14490000
RPWOMLKLNHHGFAO09CC,光華段,.00,都市：住,,,,04580005
RPQPMLKLNHHGFAO58CC,竹蓮段,.00,都市：住,,,,20920003
RPRPMLKLNHHGFAO68CC,竹蓮段,.00,都市：商,,,,09900002
RPTPMLKLNHHGFAO88CC,康朗段,.00,都市：住,,,,05080000
RPUPMLKLNHHGFAO98CC,南湖段,.00,非都市：山坡地保育區 ; 非都市編定：丙種建築用地,,,,04550000
RPSPMLOLNHHGFAO56CC,北門段,.00,都市：住,,,,00220001
RPQOMLOLNHHGFAO88CC,民主段一小段,.00,都市：商,,,,00400000
RPXNMLNLNHHGFAO76CC,東光段,.00,都市：其他:住商混合區,,,,02380002
RPXOMLOLNHHGFAO96CC,東光段,.00,都市：其他:住商混合區,,,,05300008
RPRPMLOLNHHGFAO09CC,光華段,.00,都市：商,,,,12470000
RPXPMLNLNHHGFAO96CC,高翠段,.00,都市：其他:風景區,,,,02220001
RPXPMLNLNHHGFAO96CC,高翠段,.00,都市：其他:風景區,,,,02220000
RPTPMLOLNHHGFAO66CC,長春段,.00,都市：住,,,,04000000
RPVPMLOLNHHGFAO86CC,三姓段,.00,,,,,05210000
RPWPMLRLNHHGFAO27CC,崙子段,.00,都市：住,,,,00230000
RPSRMLRLNHHGFAO07CC,民富段,.00,都市：商,,,,25940000
RPURMLRLNHHGFAO27CC,崙子段,61.00,非都市：鄉村區 ; 非都市編定：乙種建築用地,,,,13940000
RPSQMLKMNHHGFAO98CC,自由段,.00,都市：住,,,,09250000
RPRPMLKMNHHGFAO78CC,西門段一小段,.00,都市：商,,,,02580000
RPTRMLRLNHHGFAO17CC,東門段三小段,.00,都市：商,,,,02080000
RPTPMLRLNHHGFAO96CC,民主段一小段,.00,都市：商,,,,00140000
RPTQMLKMNHHGFAO09CC,中雅段,.00,都市：住,,,,00960002
RPQPMLKMNHHGFAO68CC,北門段,.00,都市：商,,,,07630000
RPQPMLKMNHHGFAO68CC,北門段,.00,都市：住,,,,07640000
RPQPMLLJOHHGFAO58CC,西濱段,.00,都市：住,,,,04320000
RPVQMLLJOHHGFAO56CC,中央段,.00,都市：住,,,,02570000
RPWOMLLJOHHGFAO09CC,康樂段,.00,都市：住,,,,01730000
RPPRMLLJOHHGFAO68CC,新興段一小段,.00,都市：住,,,,00860008
RPRQMLMJOHHGFAO88CC,民富段,.00,都市：商,,,,23700002
RPQRMLLJOHHGFAO78CC,國道段,.00,都市：住,,,,11070000
RPWQMLLJOHHGFAO66CC,北門段,.00,都市：商,,,,07630000
RPVQMLMJOHHGFAO66CC,東光段,.00,都市：商,,,,00590000
RPWQMLLJOHHGFAO66CC,北門段,.00,都市：住,,,,07640000
RPTQMLMJOHHGFAO09CC,民主段,.00,都市：住,,,,00200000
RPWNMLQJOHHGFAO86CC,和平段,.00,都市：住,,,,01810000
RPSPMLQJOHHGFAO66CC,中雅段,.00,都市：住,,,,00960002
RPTPMLRJOHHGFAO86CC,光復段,.00,都市：住,,,,13530064
RPVOMLQJOHHGFAO86CC,東光段,.00,都市：其他:住商混合區,,,,02380002
RPURMLRJOHHGFAO17CC,光武段,.00,都市：商,,,,10220000
RPQPMLRJOHHGFAO56CC,民富段,.00,都市：商,,,,26270000
RPVPMLRJOHHGFAO07CC,北門段,.00,都市：商,,,,10820000
RPRRMLRJOHHGFAO86CC,介壽段,.00,都市：住,,,,07360000
RPRRMLRJOHHGFAO86CC,介壽段,.00,都市：其他:道路用地,,,,07360003
RPRRMLRJOHHGFAO86CC,介壽段,.00,都市：其他:道路用地,,,,07360004
RPOSMLRJOHHGFAO66CC,光復段,.00,都市：住,,,,13530048
RPOSMLRJOHHGFAO66CC,光復段,.00,都市：住,,,,13530000
RPROMLSJOHHGFAO66CC,武陵段,.00,都市：住,,,,03460000
RPVPMLSJOHHGFAO17CC,東山段一小段,.00,都市：住,,,,04340000
RPVPMLSJOHHGFAO17CC,東山段一小段,.00,都市：其他:第一種住宅區、道路用地,,,,04350000
RPXPMLSJOHHGFAO37CC,青山段,172.00,非都市：山坡地保育區 ; 非都市編定：丙種建築用地,,,,06670000
RPWQMLTJOHHGFAO47CC,東明段,.00,都市：其他:部分第一種住宅區、部分道路用地,,,,00490000
RPSQMLTJOHHGFAO07CC,光武段,.00,都市：商,,,,10220000
RPQRMLTJOHHGFAO96CC,東山段一小段,.00,都市：商,,,,07470000
RPPRMLTJOHHGFAO86CC,中雅段,.00,都市：住,,,,00960001
RPWOMLKKOHHGFAO09CC,新興段,88.00,都市：住,,,,06310001
RPXOMLKKOHHGFAO56CC,武陵段,.00,都市：住,,,,03160004
RPQPMLKKOHHGFAO58CC,武陵段,81.00,都市：住,,,,00360002
RPPPMLKKOHHGFAO48CC,民主段,.00,都市：住,,,,00200000
RPSPMLKKOHHGFAO78CC,東山段一小段,.00,都市：其他:住，道,,,,01750000
RPWPMLKKOHHGFAO56CC,武陵段,.00,都市：其他:部分第一種住宅區，部分道路用地,,,,00940000
RPOQMLKKOHHGFAO48CC,東山段一小段,.00,都市：住,,,,09560000
RPXPMLKKOHHGFAO66CC,崙子段,.00,都市：住,,,,07290000
RPQOMLNKOHHGFAO78CC,中華段,.00,都市：其他:科技商務區,,,,01190000
RPRQMLKKOHHGFAO78CC,南湖段,2.14,非都市：山坡地保育區 ; 非都市編定：丙種建築用地,,,,00070000
RPXQMLNKOHHGFAO07CC,長春段,.00,都市：住,,,,14520000
RPRQMLKKOHHGFAO78CC,南湖段,.29,非都市：山坡地保育區 ; 非都市編定：丙種建築用地,,,,00070002
RPRQMLKKOHHGFAO78CC,南湖段,.33,非都市：山坡地保育區 ; 非都市編定：丙種建築用地,,,,00070023
RPRQMLKKOHHGFAO78CC,南湖段,3.30,非都市：山坡地保育區 ; 非都市編定：丙種建築用地,,,,00070039
RPRQMLKKOHHGFAO78CC,南湖段,12.28,非都市：山坡地保育區 ; 非都市編定：丙種建築用地,,,,00080003
RPPRMLNKOHHGFAO98CC,崙子段,.00,都市：住,,,,00670000
RPQRMLNKOHHGFAO09CC,自由段,.00,都市：住,,,,10360006
RPXNMLOKOHHGFAO86CC,武陵段,.00,都市：住,,,,03160004
RPVOMLOKOHHGFAO76CC,光武段,30.29,都市：住,,,,11180000
RPVNMLPKOHHGFAO76CC,光武段,.00,都市：住,,,,11490000
RPXOMLPKOHHGFAO07CC,中央段,.00,都市：住,,,,08750000
RPPOMLPKOHHGFAO88CC,民富段,.00,都市：住,,,,14120000
RPOPMLPKOHHGFAO88CC,聚吉段,.00,都市：住,,,,01120000
RPQOMLPKOHHGFAO98CC,光華段,.00,都市：住,,,,03880000
RPVOMLQKOHHGFAO96CC,富山段,.00,非都市：鄉村區 ; 非都市編定：乙種建築用地,,,,00660000
RPTOMLQKOHHGFAO76CC,北門段,.00,都市：商,,,,07630000
RPTOMLQKOHHGFAO76CC,北門段,.00,都市：住,,,,07640000
RPROMLQKOHHGFAO56CC,關東段,.00,都市：住,,,,04670001
RPXOMLQKOHHGFAO17CC,北門段,.00,都市：商,,,,07630000
RPXOMLQKOHHGFAO17CC,北門段,.00,都市：住,,,,07640000
RPWOMLQKOHHGFAO07CC,北門段,.00,都市：商,,,,07630000
RPWOMLQKOHHGFAO07CC,北門段,.00,都市：住,,,,07640000
RPOPMLQKOHHGFAO98CC,忠孝段,51.00,都市：住,,,,02910005
RPUPMLQKOHHGFAO07DC,長春段,20.43,都市：其他:科技產業專用區,,,,13410000
RPVOMLLLOHHGFAO56CC,東山段一小段,.00,都市：住,,,,05870000
RPTPMLLLOHHGFAO09CC,香中段,.00,都市：住,,,,04910000
RPXNMLMLOHHGFAO76CC,南華段,.00,都市：商,,,,04050000
RPSOMLMLOHHGFAO98CC,香中段,.00,都市：住,,,,14740000
RPQOMLKLOHHGFAO58CC,親仁段二小段,.00,都市：商,,,,00210003
RPTOMLMLOHHGFAO09CC,崙子段,.00,都市：住,,,,00230000
RPWOMLLLOHHGFAO66CC,柴橋段,.00,都市：其他:甲之三種風景區,,,,08260000
RPTOMLNLOHHGFAO56CC,長春段,.00,都市：住,,,,03180001
RPTOMLNLOHHGFAO56CC,長春段,.00,都市：住,,,,03210000
RPRPMLNLOHHGFAO09CC,仙水段,.00,都市：住,,,,07650000
RPOPMLMLOHHGFAO68CC,東明段,.00,都市：其他:科技商務區,,,,03150000
RPPQMLMLOHHGFAO88CC,關東段,.00,都市：住,,,,07700000
RPPQMLMLOHHGFAO88CC,長春段,.00,都市：住,,,,16310000
RPTPMLNLOHHGFAO66CC,自由段,.00,都市：住,,,,09130004
RPWPMLNLOHHGFAO96CC,南湖段,.00,非都市：鄉村區 ; 非都市編定：乙種建築用地,,,,10130000
RPSQMLNLOHHGFAO66CC,民主段,.00,都市：住,,,,08390000
RPSPMLNLOHHGFAO56CC,聚吉段,.00,都市：商,,,,00740000
RPTQMLNLOHHGFAO76CC,竹蓮段,.00,都市：商,,,,09900003
RPUQMLNLOHHGFAO86CC,中興段,.00,都市：住,,,,08050000
RPXPMLNLOHHGFAO07CC,民富段,.00,都市：住,,,,03140000
RPUOMLOLOHHGFAO76CC,東山段二小段,.00,都市：住,,,,04700000
RPXQMLNLOHHGFAO17CC,北門段,.00,都市：商,,,,07630000
RPXQMLNLOHHGFAO17CC,北門段,.00,都市：住,,,,07640000
RPWQMLNLOHHGFAO07CC,民富段,.00,都市：商,,,,17610000
RPUPMLOLOHHGFAO86CC,金山段,.00,都市：住,,,,04510000
RPPPMLOLOHHGFAO98CC,仙水段,.00,都市：住,,,,01890000
RPOOMLSLOHHGFAO56CC,東山段一小段,.00,都市：住,,,,04900000
RPOOMLSLOHHGFAO56CC,東山段一小段,.00,都市：住,,,,04910000
RPOOMLSLOHHGFAO56CC,東山段一小段,.00,都市：住,,,,04920000
RPOOMLSLOHHGFAO56CC,東山段一小段,.00,都市：其他:住宅區及商業區,,,,04930000
RPVPMLSLOHHGFAO37CC,自由段,.00,都市：住,,,,08050000
RPWPMLSLOHHGFAO47CC,聚吉段,.00,都市：商,,,,00660000
RPXQMLOLOHHGFAO27CC,西門段三小段,.00,都市：商,,,,00180000
RPXPMLSLOHHGFAO57CC,長春段,.00,都市：其他:部分第一種住宅區；部分綠地用地,,,,00050000
RPWNMLLJPHHGFAO09CC,大庄段,282.00,都市：住,,,,07020000
RPTPMLLJPHHGFAO98CC,光復段,.00,都市：住,,,,13530018
RPUPMLLJPHHGFAO09CC,光復段,.00,都市：住,,,,13530014
RPWPMLLJPHHGFAO66CC,康樂段,.00,都市：住,,,,01730000
RPQQMLSLOHHGFAO96CC,西門段三小段,.00,都市：商,,,,00480014
RPQQMLSLOHHGFAO96CC,西門段三小段,.00,都市：商,,,,00480017
RPQQMLSLOHHGFAO96CC,西門段三小段,.00,都市：商,,,,00480021
RPXPMLLJPHHGFAO76CC,北門段,.00,都市：住,,,,01330000
RPPQMLLJPHHGFAO68CC,民主段,.00,都市：其他:部分第二種住宅區，部分道路用地,,,,10600000
RPQQMLLJPHHGFAO78CC,新港段,56.71,都市：住,,,,08390004
RPVPMLLJPHHGFAO56CC,國道段,.00,都市：商,,,,10250000
RPTOMLOJPHHGFAO56CC,西門段二小段,.00,都市：住,,,,01140000
RPXNMLQJPHHGFAO07CC,介壽段,.00,都市：住,,,,01320000
RPTOMLOJPHHGFAO56CC,西門段二小段,.00,都市：其他:第二種商業區、道路用地,,,,01150000
RPXNMLQJPHHGFAO07CC,介壽段,.00,都市：住,,,,01030001
RPXNMLQJPHHGFAO07CC,介壽段,.00,都市：其他:文高用地,,,,01030003
RPRPMLQJPHHGFAO66CC,北門段,.00,都市：商,,,,07630000
RPRPMLQJPHHGFAO66CC,北門段,.00,都市：住,,,,07640000
RPOQMLLJPHHGFAO58CC,聚吉段,.00,都市：住,,,,00880000
RPPPMLQJPHHGFAO09CC,光復段,.00,都市：工,,,,00940000
RPUOMLRJPHHGFAO96CC,光武段,.00,都市：其他:商務專用區,,,,10020000
RPOPMLOJPHHGFAO78CC,光復段,.00,都市：住,,,,09210000
RPPOMLQJPHHGFAO98CC,東山段二小段,.00,都市：住,,,,05510000
RPVOMLSJPHHGFAO17CC,長春段,.00,都市：其他:科技產業專用區,,,,13410000
RPVOMLSJPHHGFAO17CC,長春段,.00,都市：住,,,,13850001
RPVOMLSJPHHGFAO17CC,長春段,.00,都市：住,,,,13850002
RPXPMLLKPHHGFAO86CC,仙宮段,.00,都市：住,,,,00340000
RPXPMLLKPHHGFAO86CC,仙宮段,.00,都市：住,,,,00340001
RPOQMLLKPHHGFAO68CC,東山段一小段,.00,都市：住,,,,04580000
RPOQMLLKPHHGFAO68CC,東山段一小段,.00,都市：商,,,,04590000
RPPQMLLKPHHGFAO78CC,東橋段,.00,都市：住,,,,01940000
RPPQMLLKPHHGFAO78CC,東橋段,.00,都市：住,,,,01950000
RPPQMLLKPHHGFAO78CC,東橋段,.00,都市：住,,,,01970000
RPSQMLLKPHHGFAO09CC,長春段,.00,都市：住,,,,14520000
RPWQMLLKPHHGFAO86CC,三姓段,.00,都市：商,,,,05210000
RPQQMLLKPHHGFAO88CC,和平段,.00,都市：住,,,,00940000
RPXQMLLKPHHGFAO96CC,長春段,.00,都市：住,,,,10140002
RPQOMLMKPHHGFAO78CC,和平段,.00,都市：住,,,,04500000
RPSPMLPKPHHGFAO76CC,三姓段,.00,都市：商,,,,05210000
RPUPMLPKPHHGFAO96CC,竹蓮段,.00,都市：商,,,,07050001
RPRRMLPKPHHGFAO86CC,光武段,.00,都市：住,,,,01690013
RPUOMLSKPHHGFAO17CC,關東段,.00,都市：商,,,,12270000
RPTOMLSKPHHGFAO07CC,仙水段,.00,都市：住,,,,01890000
RPXOMLSKPHHGFAO47CC,長春段,.00,都市：住,,,,03160000
RPXOMLSKPHHGFAO47CC,長春段,.00,都市：住,,,,03180002
RPSQMLSKPHHGFAO37EC,民主段,.00,都市：商,,,,16370000
RPTQMLSKPHHGFAO47EC,民富段,110.00,都市：商,,,,24090000
RPTQMLSKPHHGFAO47EC,民富段,5.00,都市：其他:道路用地,,,,24210000
RPTOMLTKPHHGFAO17CC,金山段,.00,都市：住,,,,10250000
RPQPMLTKPHHGFAO96CC,介壽段,.00,都市：住,,,,00400000
RPQQMLTKPHHGFAO07CC,中華段,.00,都市：住,,,,09410000
RPVOMLTKPHHGFAO37CC,東山段一小段,.00,都市：商,,,,07490000
RPSPMLKLPHHGFAO98CC,民富段,.00,都市：商,,,,26610000
RPTPMLKLPHHGFAO09CC,國道段,.00,都市：商,,,,10250000
RPVPMLKLPHHGFAO66CC,高翠段,.00,都市：其他:風景區,,,,02220000
RPVPMLKLPHHGFAO66CC,高翠段,.00,都市：其他:保護區,,,,02220001
RPRQMLKLPHHGFAO98CC,國道段,.00,都市：住,,,,11230000
RPUOMLLLPHHGFAO56CC,東光段,.00,都市：其他:住商混合區,,,,02380002
RPSPMLLLPHHGFAO09CC,民富段,.00,都市：商,,,,09200002
RPRPMLLLPHHGFAO98CC,崙子段,.00,都市：住,,,,00230000
RPQPMLLLPHHGFAO88CC,中雅段,.00,都市：住,,,,00960001
RPTPMLLLPHHGFAO56CC,民富段,62.00,都市：住,,,,06360009
RPTPMLLLPHHGFAO56CC,民富段,24.00,都市：住,,,,06370012
RPWNMLMLPHHGFAO76CC,崙子段,.00,非都市：鄉村區 ; 非都市編定：乙種建築用地,,,,09210000
RPUOMLMLPHHGFAO66CC,中華段,.00,都市：住,,,,05680000
RPTOMLMLPHHGFAO56CC,武陵段,.00,都市：住,,,,03160004
RPSOMLMLPHHGFAO09CC,崙子段,.00,都市：住,,,,26230000
RPVOMLMLPHHGFAO76CC,南門段三小段,.00,都市：商,,,,01750000
RPXOMLMLPHHGFAO96CC,茄苳段,1117.29,非都市：山坡地保育區 ; 非都市編定：暫未編定,,,,02410000
RPPPMLMLPHHGFAO88CC,東門段三小段,.00,,,,,00430000
RPQSMLMLPHHGFAO66CC,東山段一小段,.00,都市：住,,,,09060000
RPUPMLMLPHHGFAO76CC,榮光段一小段,.00,都市：商,,,,00380026
RPTPMLMLPHHGFAO86EC,長春段,.00,都市：住,,,,12920000
RPUPMLMLPHHGFAO76CC,榮光段一小段,.00,都市：商,,,,00400000
RPOSMLMLPHHGFAO09CC,中雅段,.00,都市：其他:部分第二種住宅區，部分第二種商業區,,,,00010004
RPWOMLPLPHHGFAO17CC,東橋段,.00,都市：住,,,,09270000
RPWOMLPLPHHGFAO17CC,東橋段,.00,都市：住,,,,09280000
RPROMLPLPHHGFAO66CC,長春段,.00,都市：住,,,,03180001
RPROMLPLPHHGFAO66CC,長春段,.00,都市：住,,,,03210000
RPXOMLPLPHHGFAO27CC,東橋段,.00,都市：住,,,,09270000
RPXOMLPLPHHGFAO27CC,東橋段,.00,都市：住,,,,09280000
RPOPMLPLPHHGFAO09CC,東橋段,.00,都市：住,,,,09270000
RPOPMLPLPHHGFAO09CC,東橋段,.00,都市：住,,,,09280000
RPVOMLRLPHHGFAO27CC,西濱段,.00,都市：住,,,,04320000
RPUQMLRLPHHGFAO37CC,和平段,.00,都市：住,,,,03770000
RPSQMLRLPHHGFAO17CC,中央段,.00,都市：商,,,,08080000
RPWOMLRLPHHGFAO37CC,中雅段,.00,都市：住,,,,00960002
RPOPMLRLPHHGFAO66CC,新興段,.00,都市：住,,,,02210002
RPWNMLQLPHHGFAO17CC,東山段一小段,.00,都市：商,,,,07300000
RPVQMLRLPHHGFAO47CC,北門段,.00,都市：商,,,,11230000
RPOPMLSLPHHGFAO76CC,唐高段,.00,都市：住,,,,06290000
RPTRMLRLPHHGFAO37CC,中華段,.00,都市：其他:科商,,,,01190000
RPSPMLSLPHHGFAO17CC,東明段,.00,都市：商,,,,05630000
RPSPMLSLPHHGFAO17CC,東明段,.00,都市：商,,,,05630001
RPPPMLSLPHHGFAO86CC,大庄段,.00,都市：住,,,,00930006
RPPPMLSLPHHGFAO86CC,大庄段,.00,都市：住,,,,00930007
RPOOMLTLPHHGFAO76CC,南湖段,.00,非都市：山坡地保育區 ; 非都市編定：丙種建築用地,,,,00080107
RPQOMLTLPHHGFAO96CC,柴橋段,.00,都市：其他:甲之三種風景區,,,,08260000
RPWNMLMJQHHGFAO66CC,茄苳段,.00,非都市：山坡地保育區 ; 非都市編定：丙種建築用地,,,,02400000
RPVNMLTLPHHGFAO37CC,關東段,.00,都市：住,,,,04900000
RPQQMLMJQHHGFAO98CC,光復段,.00,都市：住,,,,10870000
RPWNMLMJQHHGFAO66CC,茄苳段,.00,非都市：山坡地保育區 ; 非都市編定：丙種建築用地,,,,02190000
RPVNMLTLPHHGFAO37CC,關東段,.00,都市：住,,,,04910001
RPSQMLNJQHHGFAO66CC,中央段,.00,都市：商,,,,15810000
RPRQMLNJQHHGFAO56CC,中央段,.00,都市：住,,,,06870000
RPWOMLOJQHHGFAO96CC,光華段,.00,都市：住,,,,12370000
RPWOMLOJQHHGFAO96CC,光華段,.00,都市：商,,,,12370001
RPWOMLOJQHHGFAO96CC,光華段,.00,都市：商,,,,12390000
RPWOMLOJQHHGFAO96CC,光華段,.00,都市：其他:道路用地,,,,12390008
RPRPMLOJQHHGFAO56CC,柴橋段,.00,都市：其他:甲之三種風景區,,,,08260000
RPXOMLPJQHHGFAO17CC,三姓段,.00,都市：商,,,,05210000
RPVPMLOJQHHGFAO96CC,東門段三小段,.00,都市：商,,,,01410000
RPOPMLPJQHHGFAO98CC,民富段,.00,都市：住,,,,05230000
RPPPMLPJQHHGFAO09CC,成德段,.00,都市：住,,,,00270000
RPQPMLPJQHHGFAO56CC,中央段,.00,都市：住,,,,04940000
RPOQMLSJQHHGFAO76CC,國道段,.00,都市：住,,,,11070000
RPTPMLPJQHHGFAO86CC,信義段,.00,都市：住,,,,05730000
RPPQMLTJQHHGFAO96CC,新興段,.00,都市：住,,,,16660000
RPVPMLTJQHHGFAO47CC,竹蓮段,.00,都市：商,,,,06970000
RPOQMLTJQHHGFAO86CC,東山段一小段,.00,都市：住,,,,09060000
RPQQMLTJQHHGFAO07CC,民主段一小段,.00,都市：商,,,,00270002
