﻿編號,屋齡,建物移轉面積平方公尺,主要用途,主要建材,建築完成日期,總層數,建物分層
The serial number,room age,building shifting area square meter,the main use,main building materials,construction completes the date,total layer,building lamination
RPUQMLLKNHHGFAO09CC,,140.78,住家用,鋼筋混凝土造,,十一層,
RPUQMLLKNHHGFAO09CC,,11.03,共有部分,鋼筋混凝土造,,十一層,
RPUQMLLKNHHGFAO09CC,,36.23,共有部分,鋼筋混凝土造,,十一層,
RPSOMLLKNHHGFAO68CC,37,105.35,住家用,鋼筋混凝土造,73年11月19日,五層,
RPSOMLLKNHHGFAO68CC,37,18.51,共有部分,鋼筋混凝土造,73年11月19日,五層,
RPSQMLLKNHHGFAO88CC,25,24.48,辦公室,鋼筋混凝土造,86年7月15日,十二層,
RPSQMLLKNHHGFAO88CC,25,3.51,共有部分,鋼筋混凝土造,86年7月15日,十二層,
RPSQMLLKNHHGFAO88CC,25,.09,共有部分,鋼筋混凝土造,86年7月15日,十二層,
RPSQMLLKNHHGFAO88CC,25,7.17,共有部分,鋼筋混凝土造,86年7月15日,十二層,
RPUOMLNKNHHGFAO09CC,10,138.78,集合住宅,鋼筋混凝土造,100年11月30日,十五層,
RPUOMLNKNHHGFAO09CC,10,38.38,共有部分,鋼筋混凝土造,100年11月30日,十五層,
RPUOMLNKNHHGFAO09CC,10,53.03,共有部分,鋼筋混凝土造,100年11月30日,十五層,
RPTOMLNKNHHGFAO98CC,28,90.04,住家用,鋼筋混凝土造,82年12月10日,十二層,
RPTOMLNKNHHGFAO98CC,28,19.76,共有部分,鋼筋混凝土造,82年12月10日,十二層,
RPQQMLQKNHHGFAO56CC,8,29.18,集合住宅,鋼筋混凝土造,102年12月20日,十一層,
RPQQMLQKNHHGFAO56CC,8,11.27,共有部分,鋼筋混凝土造,102年12月20日,十一層,
RPUPMLMKNHHGFAO09CC,9,100.88,集合住宅,鋼筋混凝土造,102年6月15日,十八層,
RPQQMLQKNHHGFAO56CC,8,4.36,共有部分,鋼筋混凝土造,102年12月20日,十一層,
RPUPMLMKNHHGFAO09CC,9,50.05,共有部分,鋼筋混凝土造,102年6月15日,十八層,
RPUPMLMKNHHGFAO09CC,9,25.15,共有部分,鋼筋混凝土造,102年6月15日,十八層,
RPUPMLNKNHHGFAO56CC,25,17.53,辦公室,鋼筋混凝土造,86年7月15日,十二層,
RPUPMLNKNHHGFAO56CC,25,3.21,共有部分,鋼筋混凝土造,86年7月15日,十二層,
RPUPMLNKNHHGFAO56CC,25,.08,共有部分,鋼筋混凝土造,86年7月15日,十二層,
RPUPMLNKNHHGFAO56CC,25,6.44,共有部分,鋼筋混凝土造,86年7月15日,十二層,
RPTPMLSKNHHGFAO96CC,30,41.54,住家用,鋼筋混凝土造,81年1月29日,十二層,
RPTPMLSKNHHGFAO96CC,30,4.56,共有部分,鋼筋混凝土造,81年1月29日,000,
RPTPMLSKNHHGFAO96CC,30,9.47,共有部分,鋼筋混凝土造,81年1月29日,十二層,
RPUPMLSKNHHGFAO07CC,,75.90,住家用,鋼筋混凝土造,,五層,
RPORMLSKNHHGFAO66CC,,83.95,住家用,加強磚造,,四層,
RPSRMLSKNHHGFAO07CC,39,86.50,住家用,鋼筋混凝土造,72年4月21日,四層,
RPXQMLSKNHHGFAO47CC,,62.22,住家用,鋼筋混凝土造,,三層,
RPVRMLSKNHHGFAO37CC,25,23.55,辦公室,鋼筋混凝土造,86年7月15日,十二層,
RPVRMLSKNHHGFAO37CC,25,3.47,共有部分,鋼筋混凝土造,86年7月15日,十二層,
RPWNMLTKNHHGFAO17CC,31,30.26,,鋼筋混凝土造,80年5月28日,五層,
RPVRMLSKNHHGFAO37CC,25,.09,共有部分,鋼筋混凝土造,86年7月15日,十二層,
RPUOMLKLNHHGFAO88CC,31,99.68,住家用,鋼筋混凝土造,80年7月26日,五層,
RPVRMLSKNHHGFAO37CC,25,6.99,共有部分,鋼筋混凝土造,86年7月15日,十二層,
RPUOMLKLNHHGFAO88CC,31,38.74,共有部分,鋼筋混凝土造,80年7月26日,五層,
RPWNMLTKNHHGFAO17CC,31,10.07,,鋼筋混凝土造,80年5月28日,五層,
RPPRMLSKNHHGFAO76CC,26,24.47,住家用,鋼筋混凝土造,85年11月5日,六層,
RPSOMLTKNHHGFAO86CC,4,195.29,店舖、集合住宅、梯間,鋼筋混凝土造,107年9月21日,二層,
RPSOMLTKNHHGFAO86CC,4,83.06,共有部分,鋼筋混凝土造,107年9月21日,二十一層,
RPWOMLKLNHHGFAO09CC,29,82.91,住家用,鋼筋混凝土造,82年2月22日,七層,
RPPRMLSKNHHGFAO76CC,26,10.15,共同使用（梯間、停車空間、走道）,鋼筋混凝土造,85年11月5日,六層,
RPWOMLKLNHHGFAO09CC,29,7.41,共有部分,鋼筋混凝土造,82年2月22日,七層,
RPWOMLKLNHHGFAO09CC,29,13.83,共有部分,鋼筋混凝土造,82年2月22日,七層,
RPQPMLKLNHHGFAO58CC,44,49.87,住家用,鋼筋混凝土造,67年11月3日,四層,
RPRPMLKLNHHGFAO68CC,38,80.62,住家用,鋼筋混凝土造,73年9月12日,五層,
RPRPMLKLNHHGFAO68CC,38,8.55,共有部分,鋼筋混凝土造,73年9月12日,五層,
RPTPMLKLNHHGFAO88CC,28,84.20,住家用,鋼筋混凝土造,83年5月30日,八層,
RPTPMLKLNHHGFAO88CC,28,11.26,共有部分,鋼筋混凝土造,83年5月30日,八層,
RPTPMLKLNHHGFAO88CC,28,19.77,共有部分,鋼筋混凝土造,83年5月30日,八層,
RPUPMLKLNHHGFAO98CC,28,22.24,住家用,鋼筋混凝土造,83年11月14日,五層,
RPUPMLKLNHHGFAO98CC,28,5.78,住家用,鋼筋混凝土造,83年11月14日,五層,
RPUPMLKLNHHGFAO98CC,28,13.07,共有部分,鋼筋混凝土造,83年11月14日,五層,
RPSPMLOLNHHGFAO56CC,,83.39,住家用,鋼筋混凝土造,,五層,
RPQOMLOLNHHGFAO88CC,4,243.94,騎樓、店舖,鋼筋混凝土造,107年3月9日,十一層,
RPXNMLNLNHHGFAO76CC,1,84.22,集合住宅,鋼筋混凝土造,110年10月7日,十五層,
RPXNMLNLNHHGFAO76CC,1,18.08,共有部分,鋼筋混凝土造,110年10月7日,十五層,
RPXOMLOLNHHGFAO96CC,14,224.13,停車空間、店舖、住宅,鋼筋混凝土造,97年5月10日,五層,
RPXNMLNLNHHGFAO76CC,1,3.03,共有部分,鋼筋混凝土造,110年10月7日,十五層,
RPXNMLNLNHHGFAO76CC,1,13.69,共有部分,鋼筋混凝土造,110年10月7日,十五層,
RPRPMLOLNHHGFAO09CC,26,60.11,商業用,鋼筋混凝土造,85年1月31日,十四層,
RPRPMLOLNHHGFAO09CC,26,14.82,共有部分,鋼筋混凝土造,85年1月31日,十四層,
RPXPMLNLNHHGFAO96CC,22,95.65,住家用,鋼筋混凝土造,89年6月26日,五層,
RPXPMLNLNHHGFAO96CC,22,9.47,梯間、機房、水箱,鋼筋混凝土造,89年6月26日,五層,
RPXPMLNLNHHGFAO96CC,22,43.62,停車空間,鋼筋混凝土造,89年6月26日,五層,
RPXPMLNLNHHGFAO96CC,22,.08,警衛室,鋼筋混凝土造,89年6月26日,一層,
RPXPMLNLNHHGFAO96CC,22,5.95,停車空間,鋼筋混凝土造,89年6月26日,五層,
RPTPMLOLNHHGFAO66CC,30,84.07,住家用,鋼筋混凝土造,81年10月30日,七層,
RPTPMLOLNHHGFAO66CC,30,37.68,共有部分,鋼筋混凝土造,81年10月30日,七層,
RPVPMLOLNHHGFAO86CC,15,18.23,集合住宅,鋼筋混凝土造,96年6月30日,六層,
RPVPMLOLNHHGFAO86CC,15,10.07,共同使用部份,鋼筋混凝土造,96年6月30日,六層,
RPWPMLRLNHHGFAO27CC,25,29.00,住家用,鋼筋混凝土造,86年2月5日,十四層,
RPWPMLRLNHHGFAO27CC,25,4.52,共有部分,鋼筋混凝土造,86年2月5日,十四層,
RPWPMLRLNHHGFAO27CC,25,7.62,共有部分,鋼筋混凝土造,86年2月5日,十四層,
RPSRMLRLNHHGFAO07CC,26,24.24,住家用,鋼筋混凝土造,85年11月5日,六層,
RPSRMLRLNHHGFAO07CC,26,10.07,共同使用（梯間、停車空間、走道）,鋼筋混凝土造,85年11月5日,六層,
RPURMLRLNHHGFAO27CC,48,80.10,住家用,加強磚造,63年4月20日,二層,
RPSQMLKMNHHGFAO98CC,27,97.43,住家用,鋼筋混凝土造,84年5月29日,十層,
RPSQMLKMNHHGFAO98CC,27,40.02,共有部分,鋼筋混凝土造,84年5月29日,十層,
RPRPMLKMNHHGFAO78CC,16,16.37,集合住宅,鋼筋混凝土造,95年6月14日,五層,
RPRPMLKMNHHGFAO78CC,16,8.64,樓梯間等共同使用部份,鋼筋混凝土造,95年6月14日,五層,
RPTRMLRLNHHGFAO17CC,27,23.74,住家用,鋼筋混凝土造,84年3月31日,五層,
RPTRMLRLNHHGFAO17CC,27,4.45,共有部分,鋼筋混凝土造,84年3月31日,五層,
RPTPMLRLNHHGFAO96CC,19,55.13,住家用,鋼筋混凝土造,92年1月10日,十三層,
RPTPMLRLNHHGFAO96CC,19,12.32,停車空間、機械室、騎樓、梯間、車道、防空避難室,鋼筋混凝土造,92年1月10日,十三層,
RPTPMLRLNHHGFAO96CC,19,5.95,梯間,鋼筋混凝土造,92年1月10日,十三層,
RPTPMLRLNHHGFAO96CC,19,4.53,住家用,鋼筋混凝土造,92年1月10日,十三層,
RPTQMLKMNHHGFAO09CC,13,32.56,辦公室,鋼筋混凝土造,98年3月19日,十層,
RPTQMLKMNHHGFAO09CC,3,14.76,集合住宅,鋼筋混凝土造,108年4月3日,五層,
RPTQMLKMNHHGFAO09CC,13,4.04,樓梯間,鋼筋混凝土造,98年3月19日,十層,
RPQPMLKMNHHGFAO68CC,25,48.02,辦公室,鋼筋混凝土造,86年7月15日,十二層,
RPQPMLKMNHHGFAO68CC,25,6.98,共有部分,鋼筋混凝土造,86年7月15日,十二層,
RPQPMLKMNHHGFAO68CC,25,.17,共有部分,鋼筋混凝土造,86年7月15日,十二層,
RPQPMLKMNHHGFAO68CC,25,14.16,共有部分,鋼筋混凝土造,86年7月15日,十二層,
RPQPMLLJOHHGFAO58CC,4,85.69,集合住宅,鋼筋混凝土造,107年5月23日,十五層,
RPQPMLLJOHHGFAO58CC,4,15.52,共有部分,鋼筋混凝土造,107年5月23日,十五層,
RPQPMLLJOHHGFAO58CC,4,7.56,共有部分,鋼筋混凝土造,107年5月23日,十五層,
RPQPMLLJOHHGFAO58CC,4,17.11,共有部分,鋼筋混凝土造,107年5月23日,十五層,
RPVQMLLJOHHGFAO56CC,38,94.29,住家用,鋼筋混凝土造,73年10月3日,五層,
RPWOMLLJOHHGFAO09CC,3,61.04,集合住宅,鋼筋混凝土造,108年1月10日,七層,
RPWOMLLJOHHGFAO09CC,3,14.07,共有部分,鋼筋混凝土造,108年1月10日,七層,
RPWOMLLJOHHGFAO09CC,3,11.01,共有部分,鋼筋混凝土造,108年1月10日,九層,
RPPRMLLJOHHGFAO68CC,25,20.18,住家用,鋼筋混凝土造,86年2月3日,五層,
RPPRMLLJOHHGFAO68CC,25,6.43,梯間,鋼筋混凝土造,86年2月3日,五層,
RPRQMLMJOHHGFAO88CC,,61.70,住家用,鋼筋混凝土造,,五層,
RPQRMLLJOHHGFAO78CC,10,151.90,集合住宅,鋼筋混凝土造,100年11月30日,十五層,
RPQRMLLJOHHGFAO78CC,10,41.95,共有部分,鋼筋混凝土造,100年11月30日,十五層,
RPQRMLLJOHHGFAO78CC,10,55.06,共有部分,鋼筋混凝土造,100年11月30日,十五層,
RPVQMLMJOHHGFAO66CC,25,84.77,住家用,鋼筋混凝土造,86年7月5日,十二層,
RPWQMLLJOHHGFAO66CC,25,25.00,辦公室,鋼筋混凝土造,86年7月15日,十二層,
RPVQMLMJOHHGFAO66CC,25,25.10,公共設施,鋼筋混凝土造,86年7月5日,十二層,
RPWQMLLJOHHGFAO66CC,25,4.57,共有部分,鋼筋混凝土造,86年7月15日,十二層,
RPWQMLLJOHHGFAO66CC,25,.11,共有部分,鋼筋混凝土造,86年7月15日,十二層,
RPWQMLLJOHHGFAO66CC,25,9.38,共有部分,鋼筋混凝土造,86年7月15日,十二層,
RPTQMLMJOHHGFAO09CC,27,23.66,住家用,鋼筋混凝土造,84年2月14日,五層,
RPTQMLMJOHHGFAO09CC,27,4.37,共有部分,鋼筋混凝土造,84年2月14日,五層,
RPWNMLQJOHHGFAO86CC,45,58.95,住商用,加強磚造,66年1月8日,二層,
RPSPMLQJOHHGFAO66CC,13,32.56,辦公室,鋼筋混凝土造,98年3月19日,十層,
RPSPMLQJOHHGFAO66CC,13,14.76,防空避難室兼停車空間、水箱、機房、電信機房、樓梯間,鋼筋混凝土造,98年3月19日,十層,
RPSPMLQJOHHGFAO66CC,13,4.04,樓梯間,鋼筋混凝土造,98年3月19日,十層,
RPTPMLRJOHHGFAO86CC,38,75.90,住家用,鋼筋混凝土造,73年5月23日,五層,
RPVOMLQJOHHGFAO86CC,1,81.20,集合住宅,鋼筋混凝土造,110年10月7日,十五層,
RPVOMLQJOHHGFAO86CC,1,.03,店鋪,鋼筋混凝土造,110年10月7日,十五層,
RPVOMLQJOHHGFAO86CC,1,17.27,共有部分,鋼筋混凝土造,110年10月7日,十五層,
RPVOMLQJOHHGFAO86CC,1,.00,共有部分,鋼筋混凝土造,110年10月7日,十五層,
RPVOMLQJOHHGFAO86CC,1,2.92,共有部分,鋼筋混凝土造,110年10月7日,十五層,
RPVOMLQJOHHGFAO86CC,1,44.90,共有部分,鋼筋混凝土造,110年10月7日,十五層,
RPURMLRJOHHGFAO17CC,1,53.57,集合住宅,鋼筋混凝土造,110年1月4日,二十四層,
RPURMLRJOHHGFAO17CC,1,55.94,共有部分,鋼筋混凝土造,110年1月4日,二十四層,
RPQPMLRJOHHGFAO56CC,41,91.84,住家用,鋼筋混凝土造,70年3月5日,十層,
RPQPMLRJOHHGFAO56CC,111,19.19,共有部分,鋼筋混凝土造,0年1月1日,十層,
RPQPMLRJOHHGFAO56CC,,6.37,共有部分,鋼筋混凝土造,,十層,
RPVPMLRJOHHGFAO07CC,14,27.40,辦公室,鋼筋混凝土造,97年7月30日,十層,
RPVPMLRJOHHGFAO07CC,14,16.18,防空避難室、停車空間、水箱、梯間、機械室,鋼筋混凝土造,97年7月30日,十層,
RPRRMLRJOHHGFAO86CC,23,75.12,住家用,鋼筋混凝土造,88年3月10日,十四層,
RPRRMLRJOHHGFAO86CC,23,33.33,共有部分,鋼筋混凝土造,88年3月10日,十四層,
RPRRMLRJOHHGFAO86CC,23,11.53,共有部分,鋼筋混凝土造,88年3月10日,十四層,
RPOSMLRJOHHGFAO66CC,38,75.90,住家用,鋼筋混凝土造,73年5月23日,五層,
RPROMLSJOHHGFAO66CC,28,103.42,住家用,鋼筋混凝土造,83年9月29日,七層,
RPROMLSJOHHGFAO66CC,28,12.70,共有部分,鋼筋混凝土造,83年9月29日,七層,
RPROMLSJOHHGFAO66CC,28,21.44,共有部分,鋼筋混凝土造,83年9月29日,七層,
RPVPMLSJOHHGFAO17CC,24,26.09,旅館,鋼筋混凝土造,87年1月8日,九層,
RPVPMLSJOHHGFAO17CC,24,5.80,見使用執照,鋼筋混凝土造,87年1月8日,九層,
RPVPMLSJOHHGFAO17CC,24,1.89,共有部分,鋼筋混凝土造,87年1月8日,九層,
RPVPMLSJOHHGFAO17CC,24,4.49,見使用執照,鋼筋混凝土造,87年1月8日,九層,
RPXPMLSJOHHGFAO37CC,27,246.92,見使用執照,鋼筋混凝土造,84年9月1日,三層,
RPWQMLTJOHHGFAO47CC,24,98.87,住宅,鋼筋混凝土造,87年4月10日,十二層,
RPWQMLTJOHHGFAO47CC,24,.33,店舖,鋼筋混凝土造,87年4月10日,十二層,
RPWQMLTJOHHGFAO47CC,24,19.95,國民住宅、突出物、梯間,鋼筋混凝土造,87年4月10日,十二層,
RPWQMLTJOHHGFAO47CC,24,.07,住家用、突出物、梯間,鋼筋混凝土造,87年4月10日,十二層,
RPWQMLTJOHHGFAO47CC,24,25.44,住家用、地下室、夾層,鋼筋混凝土造,87年4月10日,十二層,
RPSQMLTJOHHGFAO07CC,1,53.27,集合住宅,鋼筋混凝土造,110年1月4日,二十四層,
RPWQMLTJOHHGFAO47CC,24,.21,店舖,鋼筋混凝土造,87年4月10日,十二層,
RPSQMLTJOHHGFAO07CC,1,55.94,共有部分,鋼筋混凝土造,110年1月4日,二十四層,
RPWQMLTJOHHGFAO47CC,24,.05,國民住宅、突出物、梯間,鋼筋混凝土造,87年4月10日,十二層,
RPQRMLTJOHHGFAO96CC,16,103.44,集合住宅,鋼筋混凝土造,95年5月25日,三層,
RPQRMLTJOHHGFAO96CC,16,19.85,集合住宅（樓梯間）,鋼筋混凝土造,95年5月25日,三層,
RPPRMLTJOHHGFAO86CC,13,26.52,辦公室,鋼筋混凝土造,97年12月30日,十層,
RPPRMLTJOHHGFAO86CC,13,12.35,停車空間、機械室、樓梯間,鋼筋混凝土造,97年12月30日,十層,
RPPRMLTJOHHGFAO86CC,13,4.22,樓梯間,鋼筋混凝土造,97年12月30日,十層,
RPWOMLKKOHHGFAO09CC,,115.36,住家用,加強磚造,,二層,
RPXOMLKKOHHGFAO56CC,22,86.21,集合住宅,鋼筋混凝土造,89年5月1日,二十層,
RPXOMLKKOHHGFAO56CC,22,26.98,防空避難室、停車空間、中繼設備室,鋼筋混凝土造,89年5月1日,二十二層,
RPXOMLKKOHHGFAO56CC,22,37.49,防空避難室、停車空間,鋼筋混凝土造,89年5月1日,二十二層,
RPQPMLKKOHHGFAO58CC,23,148.55,住商用,鋼筋混凝土造,87年12月1日,三層,
RPPPMLKKOHHGFAO48CC,27,20.40,住家用,鋼筋混凝土造,84年2月14日,五層,
RPPPMLKKOHHGFAO48CC,27,3.81,共有部分,鋼筋混凝土造,84年2月14日,五層,
RPSPMLKKOHHGFAO78CC,,79.34,住家用,鋼筋混凝土造,,五層,
RPWPMLKKOHHGFAO56CC,26,96.69,住家用,鋼筋混凝土造,85年8月13日,十四層,
RPWPMLKKOHHGFAO56CC,26,16.39,共有部分,鋼筋混凝土造,85年8月13日,十四層,
RPWPMLKKOHHGFAO56CC,26,3.47,共有部分,鋼筋混凝土造,85年8月13日,十四層,
RPWPMLKKOHHGFAO56CC,26,3.32,共有部分,鋼筋混凝土造,85年8月13日,十四層,
RPOQMLKKOHHGFAO48CC,14,24.41,辦公室,鋼筋混凝土造,97年7月1日,九層,
RPOQMLKKOHHGFAO48CC,14,13.31,停車空間、機械室、污水機房、電信室、防空避難室兼停車空間、台電配電室、梯間、水箱,鋼筋混凝土造,97年7月1日,九層,
RPOQMLKKOHHGFAO48CC,14,.03,守衛室,鋼筋混凝土造,97年7月1日,九層,
RPXPMLKKOHHGFAO66CC,30,32.80,住家用,鋼筋混凝土造,81年1月29日,十二層,
RPQOMLNKOHHGFAO78CC,11,98.58,策略性產業辦公室、機電空間,鋼筋混凝土造,100年7月18日,十四層,
RPXPMLKKOHHGFAO66CC,30,3.62,共有部分,鋼筋混凝土造,81年1月29日,000,
RPQOMLNKOHHGFAO78CC,11,.01,守衛室,鋼筋混凝土造,100年7月18日,十四層,
RPXPMLKKOHHGFAO66CC,30,8.78,共有部分,鋼筋混凝土造,81年1月29日,十二層,
RPQOMLNKOHHGFAO78CC,11,15.35,共有部分,鋼筋混凝土造,100年7月18日,十四層,
RPQOMLNKOHHGFAO78CC,11,.00,共有部分,鋼筋混凝土造,100年7月18日,十四層,
RPQOMLNKOHHGFAO78CC,11,42.34,共有部分,鋼筋混凝土造,100年7月18日,十四層,
RPRQMLKKOHHGFAO78CC,14,32.97,集合住宅,鋼筋混凝土造,97年5月22日,七層,
RPXQMLNKOHHGFAO07CC,27,71.26,住家用,鋼筋混凝土造,84年8月30日,七層,
RPXQMLNKOHHGFAO07CC,27,7.65,共有部分,鋼筋混凝土造,84年8月30日,七層,
RPXQMLNKOHHGFAO07CC,27,7.90,共有部分,鋼筋混凝土造,84年8月30日,七層,
RPPRMLNKOHHGFAO98CC,41,82.85,住家用,鋼筋混凝土造,70年10月5日,七層,
RPPRMLNKOHHGFAO98CC,41,.00,共有部分,鋼筋混凝土造,70年10月5日,000,
RPPRMLNKOHHGFAO98CC,41,.00,共有部分,鋼筋混凝土造,70年10月5日,七層,
RPQRMLNKOHHGFAO09CC,33,107.09,住家用,鋼筋混凝土造,78年4月27日,五層,
RPQRMLNKOHHGFAO09CC,33,12.49,共有部分,鋼筋混凝土造,78年4月27日,五層,
RPXNMLOKOHHGFAO86CC,22,86.21,集合住宅,鋼筋混凝土造,89年5月1日,二十層,
RPXNMLOKOHHGFAO86CC,22,26.98,防空避難室、停車空間、中繼設備室,鋼筋混凝土造,89年5月1日,二十二層,
RPXNMLOKOHHGFAO86CC,22,37.49,防空避難室、停車空間,鋼筋混凝土造,89年5月1日,二十二層,
RPVOMLOKOHHGFAO76CC,9,148.88,集合住宅,鋼筋混凝土造,102年9月15日,二十三層,
RPVOMLOKOHHGFAO76CC,9,89.22,共有部分,鋼筋混凝土造,102年9月15日,二十三層,
RPVOMLOKOHHGFAO76CC,9,24.92,共有部分,鋼筋混凝土造,102年9月15日,二十三層,
RPVNMLPKOHHGFAO76CC,7,171.04,集合住宅,鋼筋混凝土造,104年1月14日,二十三層,
RPVNMLPKOHHGFAO76CC,7,30.13,共有部分,鋼筋混凝土造,104年1月14日,二十三層,
RPVNMLPKOHHGFAO76CC,7,101.54,共有部分,鋼筋混凝土造,104年1月14日,二十三層,
RPXOMLPKOHHGFAO07CC,29,32.88,住家用,鋼筋混凝土造,82年10月1日,五層,
RPXOMLPKOHHGFAO07CC,29,10.52,共有部分,鋼筋混凝土造,82年10月1日,五層,
RPPOMLPKOHHGFAO88CC,28,89.25,住家用,鋼筋混凝土造,82年12月16日,七層,
RPPOMLPKOHHGFAO88CC,28,8.93,共有部分,鋼筋混凝土造,82年12月16日,七層,
RPPOMLPKOHHGFAO88CC,28,7.79,共有部分,鋼筋混凝土造,82年12月16日,七層,
RPOPMLPKOHHGFAO88CC,,47.19,住家用,加強磚造,,二層,
RPQOMLPKOHHGFAO98CC,,35.36,住家用,鋼筋混凝土造,,七層,
RPQOMLPKOHHGFAO98CC,31,9.09,共有部分,鋼筋混凝土造,80年1月12日,七層,
RPVOMLQKOHHGFAO96CC,28,79.16,住家用,鋼筋混凝土造,83年11月22日,五層,
RPVOMLQKOHHGFAO96CC,28,9.09,共有部分,鋼筋混凝土造,83年11月22日,五層,
RPVOMLQKOHHGFAO96CC,28,19.08,共有部分,鋼筋混凝土造,83年11月22日,五層,
RPTOMLQKOHHGFAO76CC,25,24.48,辦公室,鋼筋混凝土造,86年7月15日,十二層,
RPTOMLQKOHHGFAO76CC,25,3.51,共有部分,鋼筋混凝土造,86年7月15日,十二層,
RPTOMLQKOHHGFAO76CC,25,.09,共有部分,鋼筋混凝土造,86年7月15日,十二層,
RPTOMLQKOHHGFAO76CC,25,7.17,共有部分,鋼筋混凝土造,86年7月15日,十二層,
RPROMLQKOHHGFAO56CC,29,55.47,住家用,鋼筋混凝土造,82年6月16日,六層,
RPROMLQKOHHGFAO56CC,,11.83,共有部分,鋼筋混凝土造,,六層,
RPXOMLQKOHHGFAO17CC,25,24.25,辦公室,鋼筋混凝土造,86年7月15日,十二層,
RPXOMLQKOHHGFAO17CC,25,4.44,共有部分,鋼筋混凝土造,86年7月15日,十二層,
RPXOMLQKOHHGFAO17CC,25,.11,共有部分,鋼筋混凝土造,86年7月15日,十二層,
RPXOMLQKOHHGFAO17CC,25,9.01,共有部分,鋼筋混凝土造,86年7月15日,十二層,
RPWOMLQKOHHGFAO07CC,25,18.15,辦公室,鋼筋混凝土造,86年7月15日,十二層,
RPWOMLQKOHHGFAO07CC,25,3.32,共有部分,鋼筋混凝土造,86年7月15日,十二層,
RPWOMLQKOHHGFAO07CC,25,.08,共有部分,鋼筋混凝土造,86年7月15日,十二層,
RPWOMLQKOHHGFAO07CC,25,6.80,共有部分,鋼筋混凝土造,86年7月15日,十二層,
RPOPMLQKOHHGFAO98CC,4,201.79,店鋪、集合住宅、樓梯間,鋼筋混凝土造,107年8月31日,四層,
RPUPMLQKOHHGFAO07DC,13,104.06,策略性產業辦公室,鋼筋混凝土造,97年10月22日,十四層,
RPUPMLQKOHHGFAO07DC,13,20.78,梯間、水箱、昇降機房,鋼筋混凝土造,97年10月22日,十四層,
RPUPMLQKOHHGFAO07DC,13,23.49,防空避難室兼停車空間、開放空間、發電機房、台電配電室、電信室、污水機房、消防機械室,鋼筋混凝土造,97年10月22日,十四層,
RPUPMLQKOHHGFAO07DC,13,.05,守衛室,鋼筋混凝土造,97年10月22日,十四層,
RPUPMLQKOHHGFAO07DC,13,.01,梯間、水箱、昇降機房,鋼筋混凝土造,97年10月22日,十四層,
RPUPMLQKOHHGFAO07DC,13,49.71,防空避難室兼停車空間、開放空間、發電機房、台電配電室、電信室、污水機房、消防機械室,鋼筋混凝土造,97年10月22日,十四層,
RPVOMLLLOHHGFAO56CC,23,80.85,住家用,鋼筋混凝土造,88年11月1日,十二層,
RPVOMLLLOHHGFAO56CC,23,17.32,共有部分,鋼筋混凝土造,88年11月1日,十二層,
RPTPMLLLOHHGFAO09CC,19,96.88,停車空間、住宅,鋼筋混凝土造,92年1月15日,四層,
RPXNMLMLOHHGFAO76CC,3,52.66,集合住宅,鋼筋混凝土造,108年2月1日,十四層,
RPXNMLMLOHHGFAO76CC,3,42.02,共有部分,鋼筋混凝土造,108年2月1日,十四層,
RPXNMLMLOHHGFAO76CC,3,10.85,共有部分,鋼筋混凝土造,108年2月1日,十四層,
RPSOMLMLOHHGFAO98CC,17,19.06,集合住宅,鋼筋混凝土造,94年3月1日,八層,
RPSOMLMLOHHGFAO98CC,17,10.67,防空避難室、停車空間等共同使用部份,鋼筋混凝土造,94年3月1日,八層,
RPQOMLKLOHHGFAO58CC,27,150.08,商業用,鋼筋混凝土造,84年8月1日,十二層,
RPQOMLKLOHHGFAO58CC,27,105.13,商業用,鋼筋混凝土造,84年8月1日,十二層,
RPQOMLKLOHHGFAO58CC,27,50.65,共有部分,鋼筋混凝土造,84年8月1日,十二層,
RPQOMLKLOHHGFAO58CC,27,31.24,共有部分,鋼筋混凝土造,84年8月1日,十二層,
RPTOMLMLOHHGFAO09CC,25,39.61,住家用,鋼筋混凝土造,86年2月5日,十四層,
RPTOMLMLOHHGFAO09CC,25,5.93,共有部分,鋼筋混凝土造,86年2月5日,十四層,
RPTOMLMLOHHGFAO09CC,25,10.47,共有部分,鋼筋混凝土造,86年2月5日,十四層,
RPWOMLLLOHHGFAO66CC,17,30.98,集合住宅,鋼筋混凝土造,94年2月20日,四層,
RPWOMLLLOHHGFAO66CC,17,6.50,共有部分,鋼筋混凝土造,94年2月20日,四層,
RPWOMLLLOHHGFAO66CC,17,10.88,共有部分,鋼筋混凝土造,94年2月20日,四層,
RPTOMLNLOHHGFAO56CC,13,95.10,集合住宅,鋼筋混凝土造,98年9月9日,十五層,
RPTOMLNLOHHGFAO56CC,13,51.80,停車空間、設備機房、防空避難室、開放空間,鋼筋混凝土造,98年9月9日,十五層,
RPTOMLNLOHHGFAO56CC,13,16.51,樓梯間、電梯機械室、水箱,鋼筋混凝土造,98年9月9日,十五層,
RPRPMLNLOHHGFAO09CC,21,61.26,集合住宅,鋼筋混凝土造,90年8月2日,九層,
RPRPMLNLOHHGFAO09CC,21,1.33,防空避難室兼停車空間,鋼筋混凝土造,90年8月2日,九層,
RPRPMLNLOHHGFAO09CC,21,14.01,停車空間,鋼筋混凝土造,90年8月2日,九層,
RPOPMLMLOHHGFAO68CC,10,87.23,一般辦公室,鋼筋混凝土造,101年6月8日,十四層,
RPOPMLMLOHHGFAO68CC,10,.10,守衛室,鋼筋混凝土造,101年6月8日,十四層,
RPPQMLMLOHHGFAO88CC,9,.02,辦公室,鋼筋混凝土造,102年7月10日,二十六層,
RPOPMLMLOHHGFAO68CC,10,14.21,共有部分,鋼筋混凝土造,101年6月8日,十四層,
RPOPMLMLOHHGFAO68CC,10,47.60,共有部分,鋼筋混凝土造,101年6月8日,十四層,
RPPQMLMLOHHGFAO88CC,9,234.81,集合住宅,鋼筋混凝土造,102年7月10日,二十六層,
RPPQMLMLOHHGFAO88CC,9,59.37,共有部分,鋼筋混凝土造,102年7月10日,二十六層,
RPPQMLMLOHHGFAO88CC,9,99.60,共有部分,鋼筋混凝土造,102年7月10日,二十六層,
RPTPMLNLOHHGFAO66CC,30,113.87,住家用,鋼筋混凝土造,81年3月31日,五層,
RPTPMLNLOHHGFAO66CC,30,25.17,共有部分,鋼筋混凝土造,81年3月31日,000,
RPWPMLNLOHHGFAO96CC,8,49.41,集合住宅,鋼筋混凝土造,103年4月10日,五層,
RPWPMLNLOHHGFAO96CC,8,21.84,共有部分,鋼筋混凝土造,103年4月10日,五層,
RPSQMLNLOHHGFAO66CC,27,92.32,住家用,鋼筋混凝土造,84年3月7日,七層,
RPSQMLNLOHHGFAO66CC,27,27.11,共有部分,鋼筋混凝土造,84年3月7日,七層,
RPSPMLNLOHHGFAO56CC,25,27.38,辦公室,鋼筋混凝土造,86年5月20日,十七層,
RPSPMLNLOHHGFAO56CC,25,7.60,共有部分,鋼筋混凝土造,86年5月20日,十七層,
RPSPMLNLOHHGFAO56CC,25,3.30,共有部分,鋼筋混凝土造,86年5月20日,十七層,
RPTQMLNLOHHGFAO76CC,38,117.10,住家用,鋼筋混凝土造,73年9月12日,五層,
RPTQMLNLOHHGFAO76CC,38,8.55,共有部分,鋼筋混凝土造,73年9月12日,五層,
RPUQMLNLOHHGFAO86CC,38,106.82,住家用,鋼筋混凝土造,73年10月23日,五層,
RPUQMLNLOHHGFAO86CC,38,7.50,共有部分,鋼筋混凝土造,73年10月23日,五層,
RPXPMLNLOHHGFAO07CC,28,93.55,住家用,鋼筋混凝土造,83年11月18日,十三層,
RPXPMLNLOHHGFAO07CC,28,10.49,共有部分,鋼筋混凝土造,83年11月18日,十三層,
RPXPMLNLOHHGFAO07CC,28,6.57,,鋼筋混凝土造,83年11月18日,十三層,
RPUOMLOLOHHGFAO76CC,24,123.79,住家用,鋼筋混凝土造,87年8月15日,七層,
RPUOMLOLOHHGFAO76CC,24,36.22,共有部分,鋼筋混凝土造,87年8月15日,七層,
RPXQMLNLOHHGFAO17CC,25,26.74,辦公室,鋼筋混凝土造,86年7月15日,十二層,
RPXQMLNLOHHGFAO17CC,25,4.89,共有部分,鋼筋混凝土造,86年7月15日,十二層,
RPXQMLNLOHHGFAO17CC,25,.12,共有部分,鋼筋混凝土造,86年7月15日,十二層,
RPXQMLNLOHHGFAO17CC,25,9.93,共有部分,鋼筋混凝土造,86年7月15日,十二層,
RPWQMLNLOHHGFAO07CC,28,38.85,住家用,鋼筋混凝土造,83年7月23日,五層,
RPWQMLNLOHHGFAO07CC,28,15.79,共有部分,鋼筋混凝土造,83年7月23日,五層,
RPUPMLOLOHHGFAO86CC,24,96.66,停車空間、店舖、住宅,鋼筋混凝土造,87年12月7日,四層,
RPPPMLOLOHHGFAO98CC,35,10.95,住商用,鋼筋混凝土造,76年6月19日,三層,
RPOOMLSLOHHGFAO56CC,28,105.12,住家用,鋼筋混凝土造,83年10月28日,七層,
RPOOMLSLOHHGFAO56CC,28,14.85,共有部分,鋼筋混凝土造,83年10月28日,十二層,
RPOOMLSLOHHGFAO56CC,28,13.34,共有部分,鋼筋混凝土造,83年10月28日,十二層,
RPVPMLSLOHHGFAO37CC,27,98.79,住家用,鋼筋混凝土造,84年11月2日,七層,
RPVPMLSLOHHGFAO37CC,27,21.94,共有部分,鋼筋混凝土造,84年11月2日,七層,
RPWPMLSLOHHGFAO47CC,14,24.29,辦公室,鋼筋混凝土造,97年9月11日,十層,
RPWPMLSLOHHGFAO47CC,14,14.36,防空避難室兼停車空間、樓梯間、機電室、機械室、水箱、電梯樓梯間走廊,鋼筋混凝土造,97年9月11日,十層,
RPWPMLSLOHHGFAO47CC,14,.12,守衛室,鋼筋混凝土造,97年9月11日,十層,
RPXQMLOLOHHGFAO27CC,15,26.96,機電空間、辦公室,鋼筋混凝土造,96年6月6日,十層,
RPXQMLOLOHHGFAO27CC,15,12.96,防空避難室兼停車空間、車道、梯間、機械室、水箱,鋼筋混凝土造,96年6月6日,十層,
RPXPMLSLOHHGFAO57CC,28,103.70,住家用,鋼筋混凝土造,83年5月4日,七層,
RPXPMLSLOHHGFAO57CC,28,8.84,共有部分,鋼筋混凝土造,83年5月4日,七層,
RPXPMLSLOHHGFAO57CC,28,13.45,共有部分,鋼筋混凝土造,83年5月4日,七層,
RPTPMLLJPHHGFAO98CC,38,75.90,住家用,鋼筋混凝土造,73年5月23日,五層,
RPUPMLLJPHHGFAO09CC,38,75.90,住家用,鋼筋混凝土造,73年5月23日,五層,
RPWPMLLJPHHGFAO66CC,3,60.48,集合住宅,鋼筋混凝土造,108年1月10日,九層,
RPWPMLLJPHHGFAO66CC,3,16.55,共有部分,鋼筋混凝土造,108年1月10日,九層,
RPQQMLSLOHHGFAO96CC,,75.72,住家用,鋼筋混凝土造,,四層,
RPWPMLLJPHHGFAO66CC,3,11.01,共有部分,鋼筋混凝土造,108年1月10日,九層,
RPXPMLLJPHHGFAO76CC,,97.25,住家用,鋼筋混凝土造,,六層,
RPPQMLLJPHHGFAO68CC,27,93.75,住家用,鋼筋混凝土造,84年7月15日,七層,
RPPQMLLJPHHGFAO68CC,27,27.13,共有部分,鋼筋混凝土造,84年7月15日,七層,
RPQQMLLJPHHGFAO78CC,9,210.92,店舖、停車空間、住宅,鋼筋混凝土造,102年12月12日,四層,
RPVPMLLJPHHGFAO56CC,7,111.45,集合住宅,鋼筋混凝土造,104年12月8日,二十七層,
RPVPMLLJPHHGFAO56CC,7,27.73,共有部分,鋼筋混凝土造,104年12月8日,二十七層,
RPVPMLLJPHHGFAO56CC,7,24.71,共有部分,鋼筋混凝土造,104年12月8日,二十七層,
RPTOMLOJPHHGFAO56CC,31,307.57,住商用,鋼筋混凝土造,80年1月16日,五層,
RPTOMLOJPHHGFAO56CC,31,415.95,住商用,鋼筋混凝土造,80年1月16日,五層,
RPXNMLQJPHHGFAO07CC,15,41.25,集合住宅,鋼筋混凝土造,96年11月26日,十二層,
RPTOMLOJPHHGFAO56CC,31,132.55,共有部分,鋼筋混凝土造,80年1月16日,五層,
RPXNMLQJPHHGFAO07CC,15,7.42,梯間及管委會使用空間,鋼筋混凝土造,96年11月26日,十二層,
RPXNMLQJPHHGFAO07CC,15,8.74,梯間、機械室、水箱,鋼筋混凝土造,96年11月26日,十二層,
RPRPMLQJPHHGFAO66CC,25,17.53,辦公室,鋼筋混凝土造,86年7月15日,十二層,
RPRPMLQJPHHGFAO66CC,25,3.21,共有部分,鋼筋混凝土造,86年7月15日,十二層,
RPRPMLQJPHHGFAO66CC,25,.08,共有部分,鋼筋混凝土造,86年7月15日,十二層,
RPRPMLQJPHHGFAO66CC,25,6.44,共有部分,鋼筋混凝土造,86年7月15日,十二層,
RPOQMLLJPHHGFAO58CC,26,93.81,住家用,鋼筋混凝土造,85年8月22日,七層,
RPOQMLLJPHHGFAO58CC,26,28.25,共有部分,鋼筋混凝土造,85年8月22日,七層,
RPPPMLQJPHHGFAO09CC,12,366.01,廠房,鋼骨造、ＲＣ造,99年6月7日,十六層,
RPPPMLQJPHHGFAO09CC,12,261.33,廠房,鋼骨造、ＲＣ造,99年6月7日,十六層,
RPPPMLQJPHHGFAO09CC,12,262.81,廠房,鋼骨造、ＲＣ造,99年6月7日,十六層,
RPPPMLQJPHHGFAO09CC,12,262.81,廠房,鋼骨造、ＲＣ造,99年6月7日,十六層,
RPPPMLQJPHHGFAO09CC,12,261.33,廠房,鋼骨造、ＲＣ造,99年6月7日,十六層,
RPUOMLRJPHHGFAO96CC,2,43.39,辦公室,鋼筋混凝土造,109年5月12日,二十一層,
RPPPMLQJPHHGFAO09CC,12,337.70,廠房,鋼骨造、ＲＣ造,99年6月7日,十六層,
RPUOMLRJPHHGFAO96CC,2,25.56,共有部分,鋼筋混凝土造,109年5月12日,二十一層,
RPPPMLQJPHHGFAO09CC,12,366.01,廠房,鋼骨造、ＲＣ造,99年6月7日,十六層,
RPOPMLOJPHHGFAO78CC,,27.75,住商用,加強磚造,,二層,
RPPPMLQJPHHGFAO09CC,12,261.33,廠房,鋼骨造、ＲＣ造,99年6月7日,十六層,
RPPPMLQJPHHGFAO09CC,12,262.81,廠房,鋼骨造、ＲＣ造,99年6月7日,十六層,
RPPPMLQJPHHGFAO09CC,12,262.81,廠房,鋼骨造、ＲＣ造,99年6月7日,十六層,
RPPPMLQJPHHGFAO09CC,12,261.33,廠房,鋼骨造、ＲＣ造,99年6月7日,十六層,
RPPPMLQJPHHGFAO09CC,12,337.70,廠房,鋼骨造、ＲＣ造,99年6月7日,十六層,
RPPOMLQJPHHGFAO98CC,49,68.29,住商用,加強磚造,62年11月21日,二層,
RPPPMLQJPHHGFAO09CC,12,366.01,廠房,鋼骨造、ＲＣ造,99年6月7日,十六層,
RPPPMLQJPHHGFAO09CC,12,261.33,廠房,鋼骨造、ＲＣ造,99年6月7日,十六層,
RPPPMLQJPHHGFAO09CC,12,262.81,廠房,鋼骨造、ＲＣ造,99年6月7日,十六層,
RPPPMLQJPHHGFAO09CC,12,262.81,廠房,鋼骨造、ＲＣ造,99年6月7日,十六層,
RPPPMLQJPHHGFAO09CC,12,261.33,廠房,鋼骨造、ＲＣ造,99年6月7日,十六層,
RPPPMLQJPHHGFAO09CC,12,337.70,廠房,鋼骨造、ＲＣ造,99年6月7日,十六層,
RPPPMLQJPHHGFAO09CC,12,366.01,廠房,鋼骨造、ＲＣ造,99年6月7日,十六層,
RPPPMLQJPHHGFAO09CC,12,261.33,廠房,鋼骨造、ＲＣ造,99年6月7日,十六層,
RPPPMLQJPHHGFAO09CC,12,262.81,廠房,鋼骨造、ＲＣ造,99年6月7日,十六層,
RPPPMLQJPHHGFAO09CC,12,262.81,廠房,鋼骨造、ＲＣ造,99年6月7日,十六層,
RPVOMLSJPHHGFAO17CC,14,97.36,商務住宅,鋼筋混凝土造,97年10月22日,十四層,
RPPPMLQJPHHGFAO09CC,12,261.33,廠房,鋼骨造、ＲＣ造,99年6月7日,十六層,
RPPPMLQJPHHGFAO09CC,12,337.70,廠房,鋼骨造、ＲＣ造,99年6月7日,十六層,
RPVOMLSJPHHGFAO17CC,14,.03,守衛室,鋼筋混凝土造,97年10月22日,十四層,
RPPPMLQJPHHGFAO09CC,12,366.01,廠房,鋼骨造、ＲＣ造,99年6月7日,十六層,
RPPPMLQJPHHGFAO09CC,12,261.33,廠房,鋼骨造、ＲＣ造,99年6月7日,十六層,
RPVOMLSJPHHGFAO17CC,14,20.18,梯間、水箱、昇降機房,鋼筋混凝土造,97年10月22日,十四層,
RPPPMLQJPHHGFAO09CC,12,262.81,廠房,鋼骨造、ＲＣ造,99年6月7日,十六層,
RPPPMLQJPHHGFAO09CC,12,262.81,廠房,鋼骨造、ＲＣ造,99年6月7日,十六層,
RPVOMLSJPHHGFAO17CC,14,47.90,防空避難室兼停車空間、開放空間、發電機房、台電配電室、電信室、污水機房、消防機械室,鋼筋混凝土造,97年10月22日,十四層,
RPPPMLQJPHHGFAO09CC,12,261.33,廠房,鋼骨造、ＲＣ造,99年6月7日,十六層,
RPPPMLQJPHHGFAO09CC,12,337.70,廠房,鋼骨造、ＲＣ造,99年6月7日,十六層,
RPVOMLSJPHHGFAO17CC,14,.00,梯間、水箱、昇降機房,鋼筋混凝土造,97年10月22日,十四層,
RPXPMLLKPHHGFAO86CC,40,103.38,住家用,鋼筋混凝土造,71年2月17日,五層,
RPOQMLLKPHHGFAO68CC,24,78.50,住家用,鋼筋混凝土造,87年12月20日,十層,
RPOQMLLKPHHGFAO68CC,24,13.47,共有部分,鋼筋混凝土造,87年12月20日,十層,
RPOQMLLKPHHGFAO68CC,24,34.58,共有部分,鋼筋混凝土造,87年12月20日,十層,
RPOQMLLKPHHGFAO68CC,24,2.76,共有部分,鋼筋混凝土造,87年12月20日,十層,
RPPQMLLKPHHGFAO78CC,23,89.91,住家用,鋼筋混凝土造,88年1月21日,十四層,
RPPQMLLKPHHGFAO78CC,23,13.10,共有部分,鋼筋混凝土造,88年1月21日,十四層,
RPPQMLLKPHHGFAO78CC,23,2.14,共有部分,鋼筋混凝土造,88年1月21日,十四層,
RPPQMLLKPHHGFAO78CC,23,2.14,共有部分,鋼筋混凝土造,88年1月21日,十四層,
RPPQMLLKPHHGFAO78CC,23,2.03,共有部分,鋼筋混凝土造,88年1月21日,十四層,
RPSQMLLKPHHGFAO09CC,27,85.80,住家用,鋼筋混凝土造,84年8月30日,七層,
RPSQMLLKPHHGFAO09CC,27,21.34,共有部分,鋼筋混凝土造,84年8月30日,七層,
RPSQMLLKPHHGFAO09CC,27,8.68,共有部分,鋼筋混凝土造,84年8月30日,七層,
RPWQMLLKPHHGFAO86CC,15,16.93,集合住宅,鋼筋混凝土造,96年6月30日,六層,
RPWQMLLKPHHGFAO86CC,15,9.36,共同使用部份,鋼筋混凝土造,96年6月30日,六層,
RPQQMLLKPHHGFAO88CC,28,87.43,住家用,鋼筋混凝土造,83年2月5日,十一層,
RPQQMLLKPHHGFAO88CC,28,13.65,共有部分,鋼筋混凝土造,83年2月5日,十一層,
RPQQMLLKPHHGFAO88CC,28,5.62,共有部分,鋼筋混凝土造,83年2月5日,十二層,
RPXQMLLKPHHGFAO96CC,29,93.61,住家用,鋼筋混凝土造,82年3月15日,七層,
RPXQMLLKPHHGFAO96CC,29,10.66,共有部分,鋼筋混凝土造,82年3月15日,七層,
RPXQMLLKPHHGFAO96CC,29,22.03,共有部分,鋼筋混凝土造,82年3月15日,七層,
RPQOMLMKPHHGFAO78CC,14,62.62,店舖,鋼筋混凝土造,97年1月31日,十五層,
RPQOMLMKPHHGFAO78CC,14,89.37,梯間水箱機械室防空避難室兼停車空間及開放空間受電室,鋼筋混凝土造,97年1月31日,十五層,
RPSPMLPKPHHGFAO76CC,15,14.50,集合住宅,鋼筋混凝土造,96年6月30日,六層,
RPSPMLPKPHHGFAO76CC,15,7.83,共同使用部份,鋼筋混凝土造,96年6月30日,六層,
RPUPMLPKPHHGFAO96CC,41,64.06,住家用,鋼筋混凝土造,70年12月28日,五層,
RPRRMLPKPHHGFAO86CC,,37.66,住家用,鋼筋混凝土造,,五層,
RPRRMLPKPHHGFAO86CC,,15.29,共有部分,鋼筋混凝土造,,五層,
RPUOMLSKPHHGFAO17CC,26,93.15,住家用,鋼筋混凝土造,85年2月14日,十六層,
RPUOMLSKPHHGFAO17CC,26,18.71,共有部分,鋼筋混凝土造,85年2月14日,十八層,
RPUOMLSKPHHGFAO17CC,26,43.95,共有部分,鋼筋混凝土造,85年2月14日,十八層,
RPTOMLSKPHHGFAO07CC,35,19.47,住商用,鋼筋混凝土造,76年6月19日,三層,
RPXOMLSKPHHGFAO47CC,12,67.48,集合住宅,鋼筋混凝土造,99年8月24日,十四層,
RPXOMLSKPHHGFAO47CC,12,.07,管理員室,鋼筋混凝土造,99年8月24日,十二層,
RPXOMLSKPHHGFAO47CC,12,48.93,共有部分,鋼筋混凝土造,99年8月24日,十四層,
RPXOMLSKPHHGFAO47CC,12,11.22,共有部分,鋼筋混凝土造,99年8月24日,十四層,
RPSQMLSKPHHGFAO37EC,25,90.88,住家用,鋼筋混凝土造,86年2月4日,十二層,
RPTQMLSKPHHGFAO47EC,,204.72,商業用,加強磚造,,二層,
RPTOMLTKPHHGFAO17CC,21,27.50,住家用,鋼筋混凝土造,90年12月31日,四層,
RPTOMLTKPHHGFAO17CC,21,9.21,公共設施,鋼筋混凝土造,90年12月31日,四層,
RPQPMLTKPHHGFAO96CC,27,70.51,住家用,鋼筋混凝土造,84年1月16日,十三層,
RPQPMLTKPHHGFAO96CC,27,20.38,共有部分,鋼筋混凝土造,84年1月16日,十三層,
RPQPMLTKPHHGFAO96CC,27,1.48,住家用,鋼筋混凝土造,84年1月16日,十三層,
RPQQMLTKPHHGFAO07CC,1,60.63,集合住宅,鋼筋混凝土造,110年8月12日,九層,
RPVOMLTKPHHGFAO37CC,112,34.75,住家用,鋼筋混凝土造,0年1月1日,十二層,
RPQQMLTKPHHGFAO07CC,1,29.37,共有部分,鋼筋混凝土造,110年8月12日,九層,
RPVOMLTKPHHGFAO37CC,,5.30,共有部分,鋼筋混凝土造,,十二層,
RPVOMLTKPHHGFAO37CC,,7.36,共有部分,鋼筋混凝土造,,十二層,
RPSPMLKLPHHGFAO98CC,25,63.04,住家用,鋼筋混凝土造,86年5月30日,二十四層,
RPSPMLKLPHHGFAO98CC,25,24.73,共有部分,鋼筋混凝土造,86年5月30日,二十四層,
RPSPMLKLPHHGFAO98CC,25,8.45,共有部分,鋼筋混凝土造,86年5月30日,二十四層,
RPTPMLKLPHHGFAO09CC,7,111.71,集合住宅,鋼筋混凝土造,104年12月8日,二十七層,
RPTPMLKLPHHGFAO09CC,7,28.29,共有部分,鋼筋混凝土造,104年12月8日,二十七層,
RPSPMLKLPHHGFAO98CC,25,2.29,共有部分,鋼筋混凝土造,86年5月30日,二十四層,
RPTPMLKLPHHGFAO09CC,7,57.90,共有部分,鋼筋混凝土造,104年12月8日,二十七層,
RPSPMLKLPHHGFAO98CC,25,5.81,共有部分,鋼筋混凝土造,86年5月30日,二十四層,
RPVPMLKLPHHGFAO66CC,22,75.57,住家用,鋼筋混凝土造,89年6月26日,五層,
RPVPMLKLPHHGFAO66CC,22,.06,警衛室,鋼筋混凝土造,89年6月26日,一層,
RPVPMLKLPHHGFAO66CC,22,8.74,梯間、機房、水箱,鋼筋混凝土造,89年6月26日,五層,
RPVPMLKLPHHGFAO66CC,22,43.07,停車空間,鋼筋混凝土造,89年6月26日,五層,
RPRQMLKLPHHGFAO98CC,9,28.00,集合住宅,鋼筋混凝土造,102年5月13日,十四層,
RPRQMLKLPHHGFAO98CC,9,7.17,共有部分,鋼筋混凝土造,102年5月13日,十四層,
RPRQMLKLPHHGFAO98CC,9,4.71,共有部分,鋼筋混凝土造,102年5月13日,十四層,
RPUOMLLLPHHGFAO56CC,1,86.15,集合住宅,鋼筋混凝土造,110年10月7日,十五層,
RPUOMLLLPHHGFAO56CC,1,18.06,共有部分,鋼筋混凝土造,110年10月7日,十五層,
RPUOMLLLPHHGFAO56CC,1,3.09,共有部分,鋼筋混凝土造,110年10月7日,十五層,
RPUOMLLLPHHGFAO56CC,1,14.29,共有部分,鋼筋混凝土造,110年10月7日,十五層,
RPSPMLLLPHHGFAO09CC,40,84.01,住家用,鋼筋混凝土造,71年9月4日,五層,
RPRPMLLLPHHGFAO98CC,25,29.00,住家用,鋼筋混凝土造,86年2月5日,十四層,
RPRPMLLLPHHGFAO98CC,25,4.52,共有部分,鋼筋混凝土造,86年2月5日,十四層,
RPRPMLLLPHHGFAO98CC,25,7.62,共有部分,鋼筋混凝土造,86年2月5日,十四層,
RPQPMLLLPHHGFAO88CC,14,26.37,辦公室,鋼筋混凝土造,97年12月30日,十層,
RPQPMLLLPHHGFAO88CC,14,17.23,停車空間、機械室、樓梯間,鋼筋混凝土造,97年12月30日,十層,
RPQPMLLLPHHGFAO88CC,14,4.22,樓梯間,鋼筋混凝土造,97年12月30日,十層,
RPTPMLLLPHHGFAO56CC,,282.63,住商用,鋼筋混凝土造,,四層,
RPWNMLMLPHHGFAO76CC,47,39.22,住家用,加強磚造,64年12月19日,三層,
RPUOMLMLPHHGFAO66CC,21,115.07,補習班、辦公室,鋼筋混凝土造,90年3月28日,四層,
RPUOMLMLPHHGFAO66CC,21,29.13,梯間,鋼筋混凝土造,90年3月28日,四層,
RPTOMLMLPHHGFAO56CC,22,53.52,集合住宅,鋼筋混凝土造,89年5月1日,二十層,
RPTOMLMLPHHGFAO56CC,22,17.34,防空避難室、停車空間、中繼設備室,鋼筋混凝土造,89年5月1日,二十二層,
RPTOMLMLPHHGFAO56CC,22,37.49,防空避難室、停車空間,鋼筋混凝土造,89年5月1日,二十二層,
RPSOMLMLPHHGFAO09CC,41,75.40,住家用,鋼筋混凝土造,70年12月29日,五層,
RPVOMLMLPHHGFAO76CC,42,77.41,住家用,鋼筋混凝土造,69年6月10日,四層,
RPVOMLMLPHHGFAO76CC,42,8.40,共有部分,鋼筋混凝土造,69年6月10日,四層,
RPXOMLMLPHHGFAO96CC,25,504.70,農舍,鋼筋混凝土造,86年6月12日,三層,
RPPPMLMLPHHGFAO88CC,,109.00,商業用,磚造,,三層,
RPQSMLMLPHHGFAO66CC,26,78.52,住家用,鋼筋混凝土造,85年8月30日,十二層,
RPUPMLMLPHHGFAO76CC,3,121.10,集合住宅,鋼筋混凝土造,108年4月26日,二十八層,
RPQSMLMLPHHGFAO66CC,26,24.78,共有部分,鋼筋混凝土造,85年8月30日,十二層,
RPUPMLMLPHHGFAO76CC,3,93.65,共有部分,鋼筋混凝土造,108年4月26日,二十八層,
RPTPMLMLPHHGFAO86EC,41,16.50,住家用,加強磚造,70年12月18日,二層,
RPOSMLMLPHHGFAO09CC,24,38.58,住家用,鋼筋混凝土造,87年3月2日,十四層,
RPOSMLMLPHHGFAO09CC,24,15.37,住家用,鋼筋混凝土造,87年3月2日,十四層,
RPOSMLMLPHHGFAO09CC,24,3.96,避難室、停車空間,鋼筋混凝土造,87年3月2日,十四層,
RPWOMLPLPHHGFAO17CC,18,18.66,住宅、梯間,鋼筋混凝土造,93年3月16日,五層,
RPROMLPLPHHGFAO66CC,13,96.35,集合住宅,鋼筋混凝土造,98年9月9日,十五層,
RPROMLPLPHHGFAO66CC,13,52.24,停車空間、設備機房、防空避難室、開放空間,鋼筋混凝土造,98年9月9日,十五層,
RPROMLPLPHHGFAO66CC,13,16.74,樓梯間、電梯機械室、水箱,鋼筋混凝土造,98年9月9日,十五層,
RPXOMLPLPHHGFAO27CC,18,18.66,住宅、梯間,鋼筋混凝土造,93年3月16日,五層,
RPOPMLPLPHHGFAO09CC,18,18.66,住宅、梯間,鋼筋混凝土造,93年3月16日,五層,
RPVOMLRLPHHGFAO27CC,4,53.07,集合住宅,鋼筋混凝土造,107年5月23日,十五層,
RPVOMLRLPHHGFAO27CC,4,11.09,共有部分,鋼筋混凝土造,107年5月23日,十五層,
RPVOMLRLPHHGFAO27CC,4,4.52,共有部分,鋼筋混凝土造,107年5月23日,十五層,
RPVOMLRLPHHGFAO27CC,4,10.41,共有部分,鋼筋混凝土造,107年5月23日,十五層,
RPUQMLRLPHHGFAO37CC,28,97.95,住家用,鋼筋混凝土造,83年8月13日,七層,
RPUQMLRLPHHGFAO37CC,28,16.59,共有部分,鋼筋混凝土造,83年8月13日,七層,
RPUQMLRLPHHGFAO37CC,,22.27,共有部分,鋼筋混凝土造,,七層,
RPSQMLRLPHHGFAO17CC,8,23.51,集合住宅,鋼筋混凝土造,103年8月30日,十二層,
RPSQMLRLPHHGFAO17CC,8,18.84,共有部分,鋼筋混凝土造,103年8月30日,十二層,
RPWOMLRLPHHGFAO37CC,13,33.28,辦公室,鋼筋混凝土造,98年3月19日,十層,
RPWOMLRLPHHGFAO37CC,13,14.76,防空避難室兼停車空間、水箱、機房、電信機房、樓梯間,鋼筋混凝土造,98年3月19日,十層,
RPWOMLRLPHHGFAO37CC,13,4.04,樓梯間,鋼筋混凝土造,98年3月19日,十層,
RPOPMLRLPHHGFAO66CC,40,89.01,住家用,鋼筋混凝土造,71年10月21日,五層,
RPWNMLQLPHHGFAO17CC,23,75.81,住家用,鋼筋混凝土造,88年12月1日,十二層,
RPWNMLQLPHHGFAO17CC,23,7.61,共有部分,鋼筋混凝土造,88年12月1日,十二層,
RPWNMLQLPHHGFAO17CC,23,5.97,共有部分,鋼筋混凝土造,88年12月1日,十二層,
RPWNMLQLPHHGFAO17CC,23,20.77,避難室、停車空間,鋼筋混凝土造,88年12月1日,十二層,
RPWNMLQLPHHGFAO17CC,23,.48,管理員室,鋼筋混凝土造,88年12月1日,十二層,
RPVQMLRLPHHGFAO47CC,14,24.01,集合住宅,鋼筋混凝土造,97年11月8日,十一層,
RPOPMLSLPHHGFAO76CC,24,81.64,住家用,鋼筋混凝土造,87年5月30日,八層,
RPOPMLSLPHHGFAO76CC,24,8.49,共有部分,鋼筋混凝土造,87年5月30日,八層,
RPOPMLSLPHHGFAO76CC,24,12.50,共有部分,鋼筋混凝土造,87年5月30日,八層,
RPVQMLRLPHHGFAO47CC,14,4.85,樓梯間,鋼筋混凝土造,97年11月8日,十一層,
RPVQMLRLPHHGFAO47CC,14,6.86,防空避難室兼停車空間、騎樓、樓梯間、電梯機房、水箱,鋼筋混凝土造,97年11月8日,十一層,
RPTRMLRLPHHGFAO37CC,11,125.34,一般辦公室、機電空間,鋼筋混凝土造,100年7月18日,十四層,
RPTRMLRLPHHGFAO37CC,11,16.87,共有部分,鋼筋混凝土造,100年7月18日,十四層,
RPTRMLRLPHHGFAO37CC,11,34.29,共有部分,鋼筋混凝土造,100年7月18日,十四層,
RPTRMLRLPHHGFAO37CC,11,.02,守衛室,鋼筋混凝土造,100年7月18日,十四層,
RPTRMLRLPHHGFAO37CC,11,.00,共有部分,鋼筋混凝土造,100年7月18日,十四層,
RPTRMLRLPHHGFAO37CC,11,33.90,共有部分,鋼筋混凝土造,100年7月18日,十四層,
RPSPMLSLPHHGFAO17CC,,717.52,工業用,加強磚造,,三層,
RPPPMLSLPHHGFAO86CC,16,18.19,住家用,鋼筋混凝土造,95年7月31日,五層,
RPPPMLSLPHHGFAO86CC,16,9.18,停車空間、樓梯間等共同使用部份,鋼筋混凝土造,95年7月31日,五層,
RPOOMLTLPHHGFAO76CC,25,88.08,住家用,鋼筋混凝土造,87年1月14日,六層,
RPOOMLTLPHHGFAO76CC,25,25.88,樓梯間、防空避難室,鋼筋混凝土造,87年1月14日,六層,
RPQOMLTLPHHGFAO96CC,17,30.98,集合住宅,鋼筋混凝土造,94年2月20日,四層,
RPQOMLTLPHHGFAO96CC,17,6.50,共有部分,鋼筋混凝土造,94年2月20日,四層,
RPQOMLTLPHHGFAO96CC,17,10.36,共有部分,鋼筋混凝土造,94年2月20日,四層,
RPWNMLMJQHHGFAO66CC,24,25.02,住家用,鋼筋混凝土造,87年3月18日,四層,
RPVNMLTLPHHGFAO37CC,31,20.27,見使用執照,鋼筋混凝土造,80年3月9日,五層,
RPQQMLMJQHHGFAO98CC,44,57.28,住家用,加強磚造,67年1月23日,四層,
RPWNMLMJQHHGFAO66CC,24,6.45,共有部分,鋼筋混凝土造,87年3月18日,四層,
RPVNMLTLPHHGFAO37CC,31,1.59,共有部分,鋼筋混凝土造,80年3月9日,五層,
RPSQMLNJQHHGFAO66CC,16,20.19,集合住宅,鋼筋混凝土造,95年5月19日,十層,
RPSQMLNJQHHGFAO66CC,16,13.41,停車空間、樓梯間、防空避難室、機房、水塔,鋼筋混凝土造,95年5月19日,十層,
RPRQMLNJQHHGFAO56CC,11,69.57,辦公室,鋼筋混凝土造,100年10月15日,六層,
RPRQMLNJQHHGFAO56CC,11,37.19,共有部分,鋼筋混凝土造,100年10月15日,六層,
RPWOMLOJQHHGFAO96CC,15,112.46,集合住宅,鋼骨鋼筋混凝土造,96年7月3日,二十八層,
RPWOMLOJQHHGFAO96CC,15,58.26,防空避難室兼停車空間、管理室、門廳、公共設施,鋼骨鋼筋混凝土造,96年7月3日,二十八層,
RPWOMLOJQHHGFAO96CC,15,25.55,梯間、機房、水箱,鋼骨鋼筋混凝土造,96年7月3日,二十八層,
RPWOMLOJQHHGFAO96CC,15,.47,Ｘ中繼水箱,鋼骨鋼筋混凝土造,96年7月3日,二十八層,
RPRPMLOJQHHGFAO56CC,17,30.98,集合住宅,鋼筋混凝土造,94年2月20日,四層,
RPRPMLOJQHHGFAO56CC,17,6.50,共有部分,鋼筋混凝土造,94年2月20日,四層,
RPRPMLOJQHHGFAO56CC,17,10.88,共有部分,鋼筋混凝土造,94年2月20日,四層,
RPXOMLPJQHHGFAO17CC,15,18.39,集合住宅,鋼筋混凝土造,96年6月30日,六層,
RPXOMLPJQHHGFAO17CC,15,10.18,共同使用部份,鋼筋混凝土造,96年6月30日,六層,
RPVPMLOJQHHGFAO96CC,26,24.82,辦公室,鋼筋混凝土造,85年3月26日,十二層,
RPVPMLOJQHHGFAO96CC,26,9.42,共有部分,鋼筋混凝土造,85年3月26日,十二層,
RPOPMLPJQHHGFAO98CC,30,84.91,住家用,鋼筋混凝土造,81年12月28日,七層,
RPOPMLPJQHHGFAO98CC,30,20.73,共有部分,鋼筋混凝土造,81年12月28日,七層,
RPPPMLPJQHHGFAO09CC,35,108.24,住家用,鋼筋混凝土造,76年3月6日,五層,
RPQPMLPJQHHGFAO56CC,15,22.81,辦公室,鋼筋混凝土造,96年10月1日,八層,
RPQPMLPJQHHGFAO56CC,15,13.21,防空避難室兼停車空間、辦公室,鋼筋混凝土造,96年10月1日,八層,
RPOQMLSJQHHGFAO76CC,11,126.02,集合住宅,鋼筋混凝土造,100年11月30日,十五層,
RPOQMLSJQHHGFAO76CC,11,34.86,共有部分,鋼筋混凝土造,100年11月30日,十五層,
RPOQMLSJQHHGFAO76CC,11,50.87,共有部分,鋼筋混凝土造,100年11月30日,十五層,
RPTPMLPJQHHGFAO86CC,26,102.41,住家用,鋼筋混凝土造,85年6月30日,七層,
RPTPMLPJQHHGFAO86CC,26,8.95,共有部分,鋼筋混凝土造,85年6月30日,七層,
RPPQMLTJQHHGFAO96CC,41,62.13,住家用,鋼筋混凝土造,70年12月11日,四層,
RPVPMLTJQHHGFAO47CC,41,93.76,住家用,鋼筋混凝土造,70年12月28日,五層,
RPOQMLTJQHHGFAO86CC,26,85.83,住家用,鋼筋混凝土造,85年8月30日,十二層,
RPOQMLTJQHHGFAO86CC,26,44.85,共有部分,鋼筋混凝土造,85年8月30日,十二層,
RPQQMLTJQHHGFAO07CC,31,30.09,見使用執照,鋼筋混凝土造,80年12月31日,十二層,
RPQQMLTJQHHGFAO07CC,31,11.36,共有部分,鋼筋混凝土造,80年12月31日,十二層,
