﻿鄉鎮市區,交易標的,土地位置建物門牌,土地面積平方公尺,都市土地使用分區,非都市土地使用分區,非都市土地使用編定,租賃年月日,租賃筆棟數,租賃層次,總樓層數,建物型態,主要用途,主要建材,建築完成年月,建物總面積平方公尺,建物現況格局-房,建物現況格局-廳,建物現況格局-衛,建物現況格局-隔間,有無管理組織,有無附傢俱,總額元,單價元平方公尺,車位類別,車位面積平方公尺,車位總額元,備註,編號
The villages and towns urban district,transaction sign,land sector position building sector house number plate,land shifting total area square meter,the use zoning or compiles and checks,the non-metropolis land use district,non-metropolis land use,transaction year month and day,transaction pen number,shifting level,total floor number,building state,main use,main building materials,construction to complete the years,building shifting total area,Building present situation pattern - room,building present situation pattern - hall,building present situation pattern - health,building present situation pattern - compartmented,Whether there is manages the organization,Whether there is attaches the furniture,total price NTD,the unit price (NTD / square meter),the berth category,berth shifting total area square meter,the berth total price NTD,the note,serial number
新竹市,建物,新竹市新竹市園後街８９巷３弄２８號,0.0,住,,,1110501,土地0建物1車位0,一層,5,公寓(5樓含以下無電梯),住家用,鋼筋混凝土造,0731119,123.86,3,2,1,有,有,有,20000,161,,0.0,0,租金含管理費。,RPSOMLLKNHHGFAO68CC
新竹市,建物,新竹市新竹市經國路二段１１１號１１樓之３,0.0,住,,,1110509,土地0建物1車位0,十一層,12,套房(1房1廳1衛),辦公室,鋼筋混凝土造,0860715,35.25,1,0,1,有,有,有,7000,199,,0.0,0,水電費由承租人負擔。,RPSQMLLKNHHGFAO88CC
新竹市,建物,新竹市新竹市柴橋路５９巷７０號１０樓,0.0,,山坡地保育區,丙種建築用地,1110509,土地0建物1車位0,見其他登記事項,11,住宅大樓(11層含以上有電梯),住家用,鋼筋混凝土造,,188.04,4,2,1,有,有,有,20000,106,,0.0,0,水電瓦斯費及每月管理費1200元由承租人負擔。,RPUQMLLKNHHGFAO09CC
新竹市,建物,新竹市新竹市中華路二段２０９號２樓,0.0,商,,,1110416,土地0建物1車位1,二層,18,住宅大樓(11層含以上有電梯),集合住宅,鋼筋混凝土造,1020615,176.07999999999998,2,2,2,有,有,有,35490,202,坡道平面,0.0,0,,RPUPMLMKNHHGFAO09CC
新竹市,建物,新竹市新竹市中華路三段１２６號６樓之７,0.0,住,,,1110422,土地0建物1車位0,六層,12,住宅大樓(11層含以上有電梯),住家用,鋼筋混凝土造,0821210,109.80000000000001,3,2,2,有,有,無,22000,200,,0.0,0,,RPTOMLNKNHHGFAO98CC
新竹市,建物,新竹市新竹市埔頂二路１２３號十三樓之１３,0.0,住,,,1110430,土地0建物1車位1,十三層,15,住宅大樓(11層含以上有電梯),集合住宅,鋼筋混凝土造,1001130,230.19,4,2,2,有,無,有,40000,174,坡道平面,31.47,0,,RPUOMLNKNHHGFAO09CC
新竹市,建物,新竹市新竹市經國路二段１１１號１２樓之７,0.0,住,,,1110429,土地0建物1車位0,十二層,12,套房(1房1廳1衛),辦公室,鋼筋混凝土造,0860715,27.26,1,0,1,有,有,有,5000,183,,0.0,0,水電費、第四台費及每月管理費500元由承租人負擔。,RPUPMLNKNHHGFAO56CC
新竹市,建物,新竹市新竹市北區榮濱路１９巷２５號９樓之２,0.0,商,,,1110504,土地0建物1車位0,九層,11,套房(1房1廳1衛),集合住宅,鋼筋混凝土造,1021220,44.81,1,0,1,有,有,有,9300,208,,0.0,0,水電費及每月管理費300元由承租人負擔。,RPQQMLQKNHHGFAO56CC
新竹市,建物,新竹市新竹市西大路７０９巷１１號５樓之１０,0.0,住,,,1110510,土地0建物1車位0,五層,12,套房(1房1廳1衛),住家用,鋼筋混凝土造,0810129,55.57,1,0,1,有,有,有,8500,153,,0.0,0,每月水電費由承租人負擔。,RPTPMLSKNHHGFAO96CC
新竹市,建物,新竹市新竹市建新路２５號３樓,0.0,住,,,1110510,土地0建物1車位0,三層,5,公寓(5樓含以下無電梯),住家用,鋼筋混凝土造,,75.9,3,2,2,有,無,有,12000,158,,0.0,0,每月水電費由承租人負擔。,RPUPMLSKNHHGFAO07CC
新竹市,建物,新竹市新竹市世界街９４號三樓,0.0,住,,,1110513,土地0建物1車位0,三層,3,公寓(5樓含以下無電梯),住家用,鋼筋混凝土造,,62.22,3,2,1,有,無,有,12000,193,,0.0,0,水電瓦斯費由承租人負擔。,RPXQMLSKNHHGFAO47CC
新竹市,建物,新竹市新竹市建功二路４６巷１１號３樓,0.0,住,,,1110513,土地0建物1車位0,三層,4,公寓(5樓含以下無電梯),住家用,加強磚造,,83.95,3,2,1,有,無,有,12000,143,,0.0,0,,RPORMLSKNHHGFAO66CC
新竹市,建物,新竹市新竹市西大路５８２巷１５弄２７號２樓之６,0.0,商,,,1110517,土地0建物1車位0,二層,6,套房(1房1廳1衛),住家用,鋼筋混凝土造,0851105,34.62,1,0,1,有,有,有,8500,246,,0.0,0,,RPPRMLSKNHHGFAO76CC
新竹市,建物,新竹市新竹市東大路四段２７７巷１７弄２號三樓,0.0,其他,,,1110515,土地0建物1車位0,三層,4,公寓(5樓含以下無電梯),住家用,鋼筋混凝土造,0720421,86.5,3,2,1,有,無,有,7000,81,,0.0,0,水電瓦斯費由承租人負擔。,RPSRMLSKNHHGFAO07CC
新竹市,建物,新竹市新竹市經國路二段１１１號１１樓之５,0.0,住,,,1110513,土地0建物1車位0,十一層,12,套房(1房1廳1衛),辦公室,鋼筋混凝土造,0860715,34.1,1,0,1,有,有,有,7800,229,,0.0,0,水電費由承租人負擔。,RPVRMLSKNHHGFAO37CC
新竹市,建物,新竹市新竹市光復路一段１０８巷１９號２F之４,0.0,住,,,1110429,土地0建物1車位0,二層,5,套房(1房1廳1衛),,鋼筋混凝土造,0800528,40.33,1,0,1,有,無,有,10000,248,,0.0,0,,RPWNMLTKNHHGFAO17CC
新竹市,房地(土地+建物)+車位,新竹市新竹市關新二街６９號,64.64,住,,,1110428,土地1建物1車位1,見其他登記事項,2,店面(店鋪),店舖、集合住宅、梯間,鋼筋混凝土造,1070921,278.35,0,0,0,無,有,無,180000,647,坡道平面,30.11,0,,RPSOMLTKNHHGFAO86CC
新竹市,建物,新竹市新竹市西大路７０９巷２２號５樓,0.0,住,,,1110512,土地0建物1車位0,五層,5,華廈(10層含以下有電梯),住家用,鋼筋混凝土造,0800726,138.42000000000002,3,2,2,有,有,有,16200,117,,0.0,0,水電瓦斯費及每季管理費4000元由承租人負擔。,RPUOMLKLNHHGFAO88CC
新竹市,建物,新竹市新竹市光華南街７６之２號３樓,0.0,住,,,1110516,土地0建物1車位0,三層,7,華廈(10層含以下有電梯),住家用,鋼筋混凝土造,0820222,104.14999999999999,4,1,5,有,有,有,18000,173,,0.0,0,水電瓦斯費由承租人負擔。,RPWOMLKLNHHGFAO09CC
新竹市,建物,新竹市新竹市東南街１６７巷５３弄１１號２樓,0.0,住,,,1110512,土地0建物1車位0,二層,4,公寓(5樓含以下無電梯),住家用,鋼筋混凝土造,0671103,49.87,2,1,1,有,無,有,16000,321,,0.0,0,,RPQPMLKLNHHGFAO58CC
新竹市,建物,新竹市新竹市西大路１５９號４樓,0.0,商,,,1110512,土地0建物1車位0,四層,5,公寓(5樓含以下無電梯),住家用,鋼筋混凝土造,0730912,89.17,3,2,1,有,無,有,14000,157,,0.0,0,每月水電、瓦斯費由承租人另外負擔。,RPRPMLKLNHHGFAO68CC
新竹市,建物,新竹市新竹市東大路３段５１０巷６號６F之１,0.0,住,,,1110517,土地0建物1車位0,六層,8,華廈(10層含以下有電梯),住家用,鋼筋混凝土造,0830530,115.23,3,2,2,有,有,有,11500,100,,0.0,0,水電瓦斯費及每月管理費1000元由承租人負擔。,RPTPMLKLNHHGFAO88CC
新竹市,建物,新竹市新竹市明湖路１０５０巷１６０號３樓,0.0,,山坡地保育區,丙種建築用地,1110517,土地0建物1車位0,三層,5,套房(1房1廳1衛),住家用,鋼筋混凝土造,0831114,41.09,1,1,1,有,有,有,8000,195,,0.0,0,水電瓦斯費由承租人負擔。,RPUPMLKLNHHGFAO98CC
新竹市,建物,新竹市新竹市東竹路９號１２樓,0.0,其他,,,1110507,土地0建物1車位1,見其他登記事項,15,住宅大樓(11層含以上有電梯),集合住宅,鋼筋混凝土造,1101007,119.02,3,2,2,有,有,有,32000,269,坡道平面,0.0,0,,RPXNMLNLNHHGFAO76CC
新竹市,建物,新竹市新竹市高翠路１６０巷１５０號３樓,0.0,其他,,,1110501,土地0建物1車位1,三層,5,華廈(10層含以下有電梯),住家用,鋼筋混凝土造,0890626,154.77,4,2,2,有,有,有,22000,142,坡道平面,31.97,0,,RPXPMLNLNHHGFAO96CC
新竹市,建物,新竹市新竹市經國路一段３７９巷３０號,0.0,商,,,1110512,土地0建物1車位0,一層,11,店面(店鋪),騎樓、店舖,鋼筋混凝土造,1070309,243.94,0,0,0,無,有,無,56400,231,,0.0,0,,RPQOMLOLNHHGFAO88CC
新竹市,建物,新竹市新竹市八德路２０６號,0.0,其他,,,1110503,土地0建物1車位0,見其他登記事項,5,店面(店鋪),停車空間、店舖、住宅,鋼筋混凝土造,0970510,224.13,5,3,4,有,無,有,47000,210,,0.0,0,一樓店面，二樓以上辦公室。,RPXOMLOLNHHGFAO96CC
新竹市,建物,新竹市新竹市北大路２２號１０樓之４,0.0,商,,,1110513,土地0建物1車位0,十層,14,住宅大樓(11層含以上有電梯),商業用,鋼筋混凝土造,0850131,74.93,2,2,1,有,有,有,15000,200,,0.0,0,水電、瓦斯費及每月管理費520元由承租人負擔。,RPRPMLOLNHHGFAO09CC
新竹市,建物,新竹市新竹市東大路二段２３９巷１弄１５號３樓,0.0,住,,,1110513,土地0建物1車位0,三層,5,公寓(5樓含以下無電梯),住家用,鋼筋混凝土造,,83.39,3,2,2,有,無,有,9000,108,,0.0,0,,RPSPMLOLNHHGFAO56CC
新竹市,建物,新竹市新竹市新莊街２２０巷１１號３樓,0.0,住,,,1110523,土地0建物1車位0,三層,7,華廈(10層含以下有電梯),住家用,鋼筋混凝土造,0811030,121.75,3,2,2,有,有,有,20000,164,,0.0,0,,RPTPMLOLNHHGFAO66CC
新竹市,建物,新竹市新竹市中華路四段７０５之１７號５F,0.0,,,,1110509,土地0建物1車位0,五層,6,套房(1房1廳1衛),集合住宅,鋼筋混凝土造,0960630,28.3,1,0,1,有,無,有,5000,177,,0.0,0,,RPVPMLOLNHHGFAO86CC
新竹市,建物,新竹市新竹市自由路７３號１２樓之１,0.0,商,,,1110525,土地0建物1車位0,十二層,13,住宅大樓(11層含以上有電梯),住家用,鋼筋混凝土造,0920110,77.93,2,1,1,有,有,有,16200,208,,0.0,0,,RPTPMLRLNHHGFAO96CC
新竹市,建物,新竹市新竹市竹光路８號１２樓之２,0.0,住,,,1110519,土地0建物1車位0,十二層,14,套房(1房1廳1衛),住家用,鋼筋混凝土造,0860205,41.14,1,0,1,有,有,有,7500,182,,0.0,0,,RPWPMLRLNHHGFAO27CC
新竹市,建物,新竹市新竹市西大路５８２巷１５弄２７號３樓之４,0.0,商,,,1110523,土地0建物1車位0,三層,6,套房(1房1廳1衛),住家用,鋼筋混凝土造,0851105,34.31,1,0,1,有,有,有,6000,175,,0.0,0,水電費及每月管理費1000元由承租人負擔。,RPSRMLRLNHHGFAO07CC
新竹市,建物,新竹市新竹市中南街２０號３樓之４,0.0,商,,,1110523,土地0建物1車位0,三層,5,套房(1房1廳1衛),住家用,鋼筋混凝土造,0840331,28.189999999999998,1,0,1,有,有,有,6500,231,,0.0,0,水電、瓦斯費及每月管理費200元由承租人負擔。,RPTRMLRLNHHGFAO17CC
新竹市,房地(土地+建物),新竹市新竹市和平路１３９巷９８號,61.0,,鄉村區,乙種建築用地,1110520,土地1建物1車位0,全,2,透天厝,住家用,加強磚造,0630420,80.1,3,1,2,有,無,有,12000,150,,0.0,0,每月水電、瓦斯費由承租人另外負擔。,RPURMLRLNHHGFAO27CC
新竹市,建物,新竹市新竹市經國路二段１１１號１２樓之４,0.0,住,,,1110523,土地0建物1車位0,十二層,12,住宅大樓(11層含以上有電梯),辦公室,鋼筋混凝土造,0860715,69.33,2,1,1,有,有,有,14000,202,,0.0,0,水電費及每月管理費500元由承租人負擔。,RPQPMLKMNHHGFAO68CC
新竹市,建物,新竹市新竹市長安街４３號５樓之３,0.0,商,,,1110520,土地0建物1車位0,五層,5,套房(1房1廳1衛),集合住宅,鋼筋混凝土造,0950614,25.01,1,0,1,有,有,有,7800,312,,0.0,0,每月水電、瓦斯費由承租人另外負擔。,RPRPMLKMNHHGFAO78CC
新竹市,建物,新竹市新竹市湳雅街３１１巷７１號６樓,0.0,住,,,1110527,土地0建物1車位1,六層,10,華廈(10層含以下有電梯),住家用,鋼筋混凝土造,0840529,137.45000000000002,3,2,2,有,有,有,15000,109,升降機械,0.0,0,,RPSQMLKMNHHGFAO98CC
新竹市,建物,新竹市新竹市北新街１３１號１０樓之３２,0.0,住,,,1110525,土地0建物1車位1,十層,10,華廈(10層含以下有電梯),辦公室,鋼筋混凝土造,0980319,51.36,2,1,1,有,有,有,15000,292,坡道平面,0.0,2500,,RPTQMLKMNHHGFAO09CC
新竹市,建物,新竹市新竹市天府路一段６６號６樓,0.0,住,,,1110524,土地0建物1車位0,六層,7,華廈(10層含以下有電梯),集合住宅,鋼筋混凝土造,1080110,86.12,3,2,1,有,有,有,20000,232,,0.0,0,每月水電、瓦斯費由承租人另外負擔。,RPWOMLLJOHHGFAO09CC
新竹市,建物,新竹市新竹市榮濱南路３５０號３樓,0.0,住,,,1110524,土地0建物1車位0,三層,15,住宅大樓(11層含以上有電梯),集合住宅,鋼筋混凝土造,1070523,125.88,3,2,2,有,有,有,18000,143,,0.0,0,水電、瓦斯費及每季管理費6855元由承租人另外負擔。,RPQPMLLJOHHGFAO58CC
新竹市,建物,新竹市新竹市民主路５７巷１號５樓,0.0,住,,,1110525,土地0建物1車位0,五層,5,公寓(5樓含以下無電梯),住家用,鋼筋混凝土造,0731003,94.29,3,1,2,有,無,有,10800,115,,0.0,0,每月水電、瓦斯費由承租人另外負擔。,RPVQMLLJOHHGFAO56CC
新竹市,建物,新竹市新竹市經國路二段１１１號１２樓之５,0.0,住,,,1110526,土地0建物1車位0,十二層,12,套房(1房1廳1衛),辦公室,鋼筋混凝土造,0860715,39.06,1,0,1,有,有,有,7000,179,,0.0,0,每月水電費由承租人另外負擔。,RPWQMLLJOHHGFAO66CC
新竹市,建物,新竹市新竹市振興一街１３９號４樓之２,0.0,住,,,1110523,土地0建物1車位0,四層,5,套房(1房1廳1衛),住家用,鋼筋混凝土造,0860203,26.61,1,1,1,有,有,有,6500,244,,0.0,0,,RPPRMLLJOHHGFAO68CC
新竹市,建物,新竹市新竹市埔頂二路１２３號十三樓之１２,0.0,住,,,1110527,土地0建物1車位1,十三層,15,住宅大樓(11層含以上有電梯),集合住宅,鋼筋混凝土造,1001130,248.91000000000003,4,2,2,有,有,有,40000,161,坡道平面,31.47,0,,RPQRMLLJOHHGFAO78CC
新竹市,建物,新竹市新竹市仁德街９０之３號３樓,0.0,商,,,1110525,土地0建物1車位0,三層,5,公寓(5樓含以下無電梯),住家用,鋼筋混凝土造,,61.7,3,2,1,有,無,有,10000,162,,0.0,0,每月水電瓦斯費由承租人另外負擔。,RPRQMLMJOHHGFAO88CC
新竹市,建物,新竹市新竹市自由路６６巷１弄３號２樓之６,0.0,住,,,1110523,土地0建物1車位0,二層,5,套房(1房1廳1衛),住家用,鋼筋混凝土造,0840214,28.03,1,0,1,有,無,有,6800,243,,0.0,0,水電費及每月清潔費250元由承租人另外負擔。,RPTQMLMJOHHGFAO09CC
新竹市,建物,新竹市新竹市中華路二段３號８樓之２,0.0,商,,,1110525,土地0建物1車位0,八層,12,住宅大樓(11層含以上有電梯),住家用,鋼筋混凝土造,0860705,109.87,3,2,2,有,有,有,16000,146,,0.0,0,水電瓦斯費及每月管理費1650元由承租人另外負擔。,RPVQMLMJOHHGFAO66CC
新竹市,建物,新竹市新竹市牛埔路１７８號,0.0,住,,,1110514,土地0建物0車位0,一層,2,店面(店鋪),住商用,加強磚造,0660108,58.95,0,2,1,有,無,無,20000,339,,0.0,0,部分承租。,RPWNMLQJOHHGFAO86CC
新竹市,建物,新竹市新竹市東竹路１７號三樓,0.0,其他,,,1110518,土地0建物1車位0,三層,15,住宅大樓(11層含以上有電梯),集合住宅,鋼筋混凝土造,1101007,146.32,3,2,2,有,有,有,26000,178,,0.0,0,,RPVOMLQJOHHGFAO86CC
新竹市,建物,新竹市新竹市北新街１３１號１０樓之３２,0.0,住,,,1110525,土地0建物1車位1,十層,10,華廈(10層含以下有電梯),辦公室,鋼筋混凝土造,0980319,51.36,2,1,1,有,有,有,15000,292,坡道平面,0.0,2500,,RPSPMLQJOHHGFAO66CC
新竹市,建物,新竹市新竹市西大路５７８號４樓D,0.0,商,,,1110515,土地0建物1車位0,四層,10,華廈(10層含以下有電梯),住家用,鋼筋混凝土造,0700305,117.4,3,2,1,有,有,無,11000,94,,0.0,0,,RPQPMLRJOHHGFAO56CC
新竹市,建物,新竹市新竹市建功一路４９巷５號２樓,0.0,住,,,1110528,土地0建物1車位0,二層,5,公寓(5樓含以下無電梯),住家用,鋼筋混凝土造,0730523,75.9,4,2,2,有,無,有,16000,211,,0.0,0,,RPTPMLRJOHHGFAO86CC
新竹市,建物,新竹市新竹市經國路二段１６０號四樓之１１,0.0,商,,,1110515,土地0建物1車位0,四層,10,套房(1房1廳1衛),辦公室,鋼筋混凝土造,0970730,43.58,1,0,1,有,有,有,13500,310,,0.0,0,租金含管理費1000元,RPVPMLRJOHHGFAO07CC
新竹市,建物,新竹市新竹市光復路一段５２５巷１號１０樓,0.0,其他,,,1110528,土地0建物1車位1,十層,14,住宅大樓(11層含以上有電梯),住家用,鋼筋混凝土造,0880310,119.98,3,2,2,有,有,有,21500,179,坡道平面,0.0,0,,RPRRMLRJOHHGFAO86CC
新竹市,建物,新竹市新竹市慈濟路１８７號四樓,0.0,商,,,1110522,土地0建物1車位1,四層,24,住宅大樓(11層含以上有電梯),集合住宅,鋼筋混凝土造,1100104,109.50999999999999,2,1,1,有,有,有,28000,256,坡道平面,27.54,0,租金含管理費、水費。,RPURMLRJOHHGFAO17CC
新竹市,建物,新竹市新竹市建功一路５１巷１７號２樓,0.0,住,,,1110523,土地0建物1車位0,二層,5,公寓(5樓含以下無電梯),住家用,鋼筋混凝土造,0730523,75.9,3,2,2,有,無,有,15000,198,,0.0,0,,RPOSMLRJOHHGFAO66CC
新竹市,建物,新竹市新竹市湳中街１２號７樓之２,0.0,住,,,1110531,土地0建物1車位0,七層,7,華廈(10層含以下有電梯),住家用,鋼筋混凝土造,0830929,137.56,3,2,2,有,有,有,16200,118,,0.0,0,水電瓦斯費及每月管理費770元由承租人另外負擔。,RPROMLSJOHHGFAO66CC
新竹市,建物,新竹市新竹市食品路２７號７樓之１７,0.0,其他,,,1110521,土地0建物1車位0,七層,9,套房(1房1廳1衛),旅館,鋼筋混凝土造,0870108,38.269999999999996,1,0,1,有,有,有,10000,261,,0.0,0,租金含管理費。,RPVPMLSJOHHGFAO17CC
新竹市,房地(土地+建物),新竹市新竹市大湖路７１巷６７號,172.0,,山坡地保育區,丙種建築用地,1110607,土地1建物1車位0,全,3,透天厝,見使用執照,鋼筋混凝土造,0840901,246.92,4,2,3,有,無,無,16000,65,,0.0,0,,RPXPMLSJOHHGFAO37CC
新竹市,建物,新竹市新竹市埔頂二路４８號五樓,0.0,商,,,1110522,土地0建物1車位1,五層,24,住宅大樓(11層含以上有電梯),集合住宅,鋼筋混凝土造,1100104,109.21000000000001,2,1,1,有,有,有,27500,252,坡道平面,27.54,0,租金含管理費、水費。,RPSQMLTJOHHGFAO07CC
新竹市,建物,新竹市新竹市建中路３７號１１樓之１,0.0,其他,,,1110530,土地0建物1車位0,十一層,12,住宅大樓(11層含以上有電梯),住宅,鋼筋混凝土造,0870410,144.92,3,2,2,有,有,有,21000,145,,0.0,0,,RPWQMLTJOHHGFAO47CC
新竹市,建物,新竹市新竹市北新街１１７號９樓之１６,0.0,住,,,1110601,土地0建物1車位0,九層,10,華廈(10層含以下有電梯),辦公室,鋼筋混凝土造,0971230,43.09,2,1,1,有,有,有,15000,348,,0.0,0,水電瓦斯費及每月管理費912元由承租人另外負擔。,RPPRMLTJOHHGFAO86CC
新竹市,建物,新竹市新竹市花園街８８號２樓,0.0,商,,,1110531,土地0建物1車位0,二層,3,公寓(5樓含以下無電梯),集合住宅,鋼筋混凝土造,0950525,123.28999999999999,2,2,1,有,無,有,15000,122,,0.0,0,每月水電費由承租人另外負擔。,RPQRMLTJOHHGFAO96CC
新竹市,房地(土地+建物),新竹市新竹市南大路３９１巷１弄３號,88.0,住,,,1110608,土地1建物1車位0,全,2,透天厝,住家用,加強磚造,,115.36,3,2,2,有,無,有,21000,182,,0.0,0,水電瓦斯費由承租人負擔。,RPWOMLKKOHHGFAO09CC
新竹市,建物,新竹市新竹市武陵路１７９巷８號１７樓之５,0.0,住,,,1110606,土地0建物1車位0,十七層,20,住宅大樓(11層含以上有電梯),集合住宅,鋼筋混凝土造,0890501,150.68,3,2,2,有,有,有,16200,108,,0.0,0,水電瓦斯費、網路費及每月管理費1566元由承租人負擔。,RPXOMLKKOHHGFAO56CC
新竹市,建物,新竹市新竹市自由路６６巷１弄３號２樓之５,0.0,住,,,1110608,土地0建物1車位0,二層,5,套房(1房1廳1衛),住家用,鋼筋混凝土造,0840214,24.209999999999997,1,0,1,有,有,有,6300,260,,0.0,0,水電瓦斯費及每月管理費250元由承租人負擔。,RPPPMLKKOHHGFAO48CC
新竹市,房地(土地+建物),新竹市新竹市湳雅街１８７巷８４之１號,81.0,住,,,1110522,土地1建物1車位0,全,3,透天厝,住商用,鋼筋混凝土造,0871201,148.55,4,2,3,有,無,有,25000,168,,0.0,0,,RPQPMLKKOHHGFAO58CC
新竹市,建物,新竹市新竹市博愛街２２巷１號３樓,0.0,其他,,,1110525,土地0建物1車位0,三層,5,公寓(5樓含以下無電梯),住家用,鋼筋混凝土造,,79.34,3,2,2,有,無,有,17000,214,,0.0,0,,RPSPMLKKOHHGFAO78CC
新竹市,建物,新竹市新竹市武陵路２６６號８樓之２,0.0,其他,,,1110601,土地0建物1車位0,八層,14,住宅大樓(11層含以上有電梯),住家用,鋼筋混凝土造,0850813,119.87,3,2,2,有,有,有,16000,133,,0.0,0,水電、瓦斯費及每月管理費1900元由承租人另外負擔。,RPWPMLKKOHHGFAO56CC
新竹市,建物,新竹市新竹市西大路７０９巷１１之８號,0.0,住,,,1110601,土地0建物1車位0,一層,12,套房(1房1廳1衛),住家用,鋼筋混凝土造,0810129,45.199999999999996,1,0,1,有,有,有,7000,155,,0.0,0,每月水電、瓦斯費由承租人另外負擔。,RPXPMLKKOHHGFAO66CC
新竹市,建物,新竹市新竹市東大路一段３９巷３３號４樓之１３,0.0,住,,,1110602,土地0建物1車位0,四層,9,套房(1房1廳1衛),辦公室,鋼筋混凝土造,0970701,37.75,1,1,1,有,有,有,13000,344,,0.0,0,每月水電費由承租人另外負擔。,RPOQMLKKOHHGFAO48CC
新竹市,房地(土地+建物)+車位,新竹市新竹市明湖路１２００巷４７號６樓之１,18.34,,山坡地保育區,丙種建築用地,1110608,土地1建物1車位1,六層,7,華廈(10層含以下有電梯),集合住宅,鋼筋混凝土造,0970522,32.97,1,0,1,有,有,有,15000,455,坡道平面,23.18,0,,RPRQMLKKOHHGFAO78CC
新竹市,建物,新竹市新竹市鐵道路一段２８巷１３號三樓,0.0,其他,,,1110521,土地0建物1車位1,三層,14,住宅大樓(11層含以上有電梯),策略性產業辦公室、機電空間,鋼筋混凝土造,1000718,156.28,4,2,2,有,有,有,32000,205,坡道平面,0.0,0,租金調整:民國111年7月1日至民國112年6月30日租金新台幣參萬貳仟元整；民國112年7月1日至民國113年6月30日租金調整為新台幣參萬貳仟元整內含管理費。車位面積無法分算。,RPQOMLNKOHHGFAO78CC
新竹市,建物,新竹市新竹市新莊街１４８巷２號２樓,0.0,住,,,1110610,土地0建物1車位0,二層,7,華廈(10層含以下有電梯),住家用,鋼筋混凝土造,0840830,86.81,2,1,1,有,有,有,13500,156,,0.0,0,,RPXQMLNKOHHGFAO07CC
新竹市,建物,新竹市新竹市中正路４０１號６樓之１０,0.0,住,,,1110608,土地0建物1車位0,六層,7,華廈(10層含以下有電梯),住家用,鋼筋混凝土造,0701005,82.85,3,2,1,有,有,有,15000,181,,0.0,0,,RPPRMLNKOHHGFAO98CC
新竹市,建物,新竹市新竹市金竹路１８８號５樓,0.0,住,,,1110610,土地0建物1車位0,五層,5,公寓(5樓含以下無電梯),住家用,鋼筋混凝土造,0780427,119.58,3,2,2,有,無,有,15000,125,,0.0,0,,RPQRMLNKOHHGFAO09CC
新竹市,建物,新竹市新竹市武陵路１７９巷８號１７樓之５,0.0,住,,,1110606,土地0建物1車位0,十七層,20,住宅大樓(11層含以上有電梯),集合住宅,鋼筋混凝土造,0890501,150.68,3,2,2,有,有,有,16200,108,,0.0,0,水電瓦斯費、網路費及每月管理費1566元由承租人負擔。,RPXNMLOKOHHGFAO86CC
新竹市,房地(土地+建物)+車位,新竹市新竹市慈濟路２３８號十四樓之５,30.29,住,,,1110607,土地1建物1車位2,十四層,23,住宅大樓(11層含以上有電梯),集合住宅,鋼筋混凝土造,1020915,263.02,4,2,2,有,有,有,45000,171,坡道平面,46.3,0,,RPVOMLOKOHHGFAO76CC
新竹市,建物,新竹市新竹市崇和路１號五樓,0.0,住,,,1110605,土地0建物1車位1,五層,23,住宅大樓(11層含以上有電梯),集合住宅,鋼筋混凝土造,1040114,302.71,4,2,2,有,有,有,68000,225,坡道平面,0.0,0,車位面積無法分算。,RPVNMLPKOHHGFAO76CC
新竹市,建物,新竹市新竹市磐石路１５號７樓,0.0,住,,,1110613,土地0建物1車位0,七層,7,華廈(10層含以下有電梯),住家用,鋼筋混凝土造,0821216,105.97,3,2,2,有,有,有,15000,142,,0.0,0,依現況地址申報登記簿地址：新竹市經國路二段350巷15號7樓所有權人未辦理門牌整編,RPPOMLPKOHHGFAO88CC
新竹市,建物,新竹市新竹市光華街９５巷３號３樓之３,0.0,住,,,1110612,土地0建物1車位0,三層,7,套房(1房1廳1衛),住家用,鋼筋混凝土造,,44.45,1,0,1,有,無,有,10000,225,,0.0,0,,RPQOMLPKOHHGFAO98CC
新竹市,建物,新竹市新竹市民族路１０９巷１３號３樓,0.0,住,,,1110605,土地0建物1車位0,三層,5,套房(1房1廳1衛),住家用,鋼筋混凝土造,0821001,43.400000000000006,1,1,1,有,無,有,10000,230,,0.0,0,每月水電、瓦斯費由承租人另外負擔。,RPXOMLPKOHHGFAO07CC
新竹市,建物,新竹市新竹市西門街２９９巷３８號,0.0,住,,,1110607,土地0建物1車位0,一層,2,公寓(5樓含以下無電梯),住家用,加強磚造,,47.19,2,2,1,有,無,有,14500,307,,0.0,0,每月水電、瓦斯費由承租人另外負擔。,RPOPMLPKOHHGFAO88CC
新竹市,建物,新竹市新竹市光復路一段１０８巷２６弄３４號５樓之２,0.0,住,,,1110613,土地0建物1車位0,五層,6,華廈(10層含以下有電梯),住家用,鋼筋混凝土造,0820616,67.3,2,2,1,有,有,有,19000,282,,0.0,0,水電瓦斯費及每月管理費833元由承租人負擔。,RPROMLQKOHHGFAO56CC
新竹市,建物,新竹市新竹市經國路二段１１１號６樓之４,0.0,住,,,1110614,土地0建物1車位0,六層,12,套房(1房1廳1衛),辦公室,鋼筋混凝土造,0860715,35.25,1,0,1,有,有,有,8000,227,,0.0,0,水電費由承租人負擔。,RPTOMLQKOHHGFAO76CC
新竹市,建物,新竹市新竹市虎林街１０７巷１８弄１５-１號２樓,0.0,,鄉村區,乙種建築用地,1110610,土地0建物1車位0,二層,5,公寓(5樓含以下無電梯),住家用,鋼筋混凝土造,0831122,107.33,2,2,2,有,無,有,8000,75,,0.0,0,每月水電、瓦斯費由承租人另外負擔。,RPVOMLQKOHHGFAO96CC
新竹市,建物,新竹市新竹市經國路二段１１１號１１樓之１０,0.0,住,,,1110611,土地0建物1車位0,十一層,12,套房(1房1廳1衛),辦公室,鋼筋混凝土造,0860715,28.349999999999998,1,0,1,有,有,有,6500,229,,0.0,0,水電費及每月管理費500元由承租人另外負擔。,RPWOMLQKOHHGFAO07CC
新竹市,建物,新竹市新竹市經國路二段１１１號９樓之１５,0.0,住,,,1110613,土地0建物1車位0,九層,12,套房(1房1廳1衛),辦公室,鋼筋混凝土造,0860715,37.81,1,0,1,有,有,有,8000,212,,0.0,0,每月水電費由承租人另外負擔。,RPXOMLQKOHHGFAO17CC
新竹市,房地(土地+建物),新竹市新竹市牛埔北路３７巷１３８號,51.0,住,,,1110611,土地1建物1車位0,全,4,透天厝,店鋪、集合住宅、樓梯間,鋼筋混凝土造,1070831,201.79,4,2,5,有,無,有,28000,139,,0.0,0,每月水電、瓦斯費由承租人另外負擔。,RPOPMLQKOHHGFAO98CC
新竹市,房地(土地+建物)+車位,新竹市新竹市東區關新路１９巷４６號９樓,20.43,其他,,,1110401,土地1建物1車位1,九層,14,住宅大樓(11層含以上有電梯),策略性產業辦公室,鋼筋混凝土造,0971022,198.1,4,2,2,有,有,有,36990,187,坡道平面,0.0,0,,RPUPMLQKOHHGFAO07DC
新竹市,建物,新竹市新竹市市東大路二段１號３樓之１,0.0,商,,,1110503,土地0建物2車位0,三層,12,辦公商業大樓,商業用,鋼筋混凝土造,0840801,337.1,3,1,2,有,有,有,60000,178,,0.0,0,兩個門牌。租賃期間含免租金裝潢期。租金調整:民國 111 年 5 月至民國 113 年 5 月，月租金為新台幣陸萬； 民國 114 年 5 月至民國 116 年，月租金調整為新台幣陸萬伍仟元整。房屋用途做補習班使用。,RPQOMLKLOHHGFAO58CC
新竹市,建物,新竹市新竹市食品路４３號２樓,0.0,住,,,1110614,土地0建物1車位0,二層,12,住宅大樓(11層含以上有電梯),住家用,鋼筋混凝土造,0881101,98.16999999999999,4,2,4,有,有,有,25000,255,,0.0,0,水電、瓦斯費及每月管理費1886元由承租人另外負擔。,RPVOMLLLOHHGFAO56CC
新竹市,建物,新竹市新竹市明湖路７５１號地下二層之２１,0.0,其他,,,1110610,土地0建物1車位0,地下二層,4,套房(1房1廳1衛),集合住宅,鋼筋混凝土造,0940220,48.36,1,0,1,有,有,有,15000,310,,0.0,0,每月水電費由承租人另外負擔。,RPWOMLLLOHHGFAO66CC
新竹市,建物,新竹市新竹市大庄路１７５號,0.0,住,,,1110529,土地0建物0車位0,全,4,透天厝,停車空間、住宅,鋼筋混凝土造,0920115,96.88,5,1,5,有,無,有,22000,227,,0.0,0,部分承租。,RPTPMLLLOHHGFAO09CC
新竹市,建物,新竹市新竹市榮濱路１９巷１６號十樓之７,0.0,商,,,1110606,土地0建物1車位1,十層,14,住宅大樓(11層含以上有電梯),集合住宅,鋼筋混凝土造,1080201,105.53,2,2,1,有,有,有,18000,171,坡道平面,33.17,0,,RPXNMLMLOHHGFAO76CC
新竹市,建物,新竹市新竹市香北路２２５巷８６號六樓之３,0.0,住,,,1110617,土地0建物1車位0,六層,8,套房(1房1廳1衛),集合住宅,鋼筋混凝土造,0940301,29.729999999999997,1,0,1,有,有,有,5000,168,,0.0,0,水電費及每月管理費400元由承租人負擔。,RPSOMLMLOHHGFAO98CC
新竹市,建物,新竹市新竹市竹光路８號４樓之６,0.0,住,,,1110616,土地0建物1車位0,四層,14,套房(1房1廳1衛),住家用,鋼筋混凝土造,0860205,56.01,1,0,1,有,有,有,12500,223,,0.0,0,水電費由承租人負擔。,RPTOMLMLOHHGFAO09CC
新竹市,建物,新竹市新竹市忠孝路５０號十三樓之５,0.0,其他,,,1110609,土地0建物1車位1,十三層,14,住宅大樓(11層含以上有電梯),一般辦公室,鋼筋混凝土造,1010608,149.14,3,2,2,有,有,有,36000,241,坡道平面,0.0,0,車位面積無法分算。,RPOPMLMLOHHGFAO68CC
新竹市,建物,新竹市新竹市關新東路２６６號十二樓之１,0.0,住,,,1110611,土地0建物1車位1,十二層,26,住宅大樓(11層含以上有電梯),集合住宅,鋼筋混凝土造,1020710,393.8,4,2,4,有,有,有,65000,165,坡道平面,0.0,0,車位面積無法分算。,RPPQMLMLOHHGFAO88CC
新竹市,建物,新竹市新竹市新莊街１８５巷８０號十二樓,0.0,住,,,1110612,土地0建物1車位1,十二層,15,住宅大樓(11層含以上有電梯),集合住宅,鋼筋混凝土造,0980909,163.41,3,2,2,有,有,有,31000,190,坡道平面,25.24,0,,RPTOMLNLOHHGFAO56CC
新竹市,建物,新竹市新竹市光復路一段４５９巷３０號７樓之２,0.0,住,,,1110617,土地0建物1車位0,七層,9,套房(1房1廳1衛),集合住宅,鋼筋混凝土造,0900802,76.6,1,1,1,有,有,有,16000,209,,0.0,0,,RPRPMLNLOHHGFAO09CC
新竹市,建物,新竹市新竹市林森路２７５號１１樓之３,0.0,商,,,1110617,土地0建物1車位0,十一層,17,套房(1房1廳1衛),辦公室,鋼筋混凝土造,0860520,38.28,1,0,1,有,有,有,9000,235,,0.0,0,,RPSPMLNLOHHGFAO56CC
新竹市,建物,新竹市新竹市金竹路１０２巷２０號２樓,0.0,住,,,1110611,土地0建物1車位0,二層,5,公寓(5樓含以下無電梯),住家用,鋼筋混凝土造,0810331,139.04000000000002,3,2,2,有,有,有,16200,117,,0.0,0,,RPTPMLNLOHHGFAO66CC
新竹市,建物,新竹市新竹市明湖路１００８巷１２號２樓之５,0.0,,鄉村區,乙種建築用地,1110622,土地0建物1車位0,二層,5,華廈(10層含以下有電梯),集合住宅,鋼筋混凝土造,1030410,71.25,2,1,1,有,有,有,13000,182,,0.0,0,,RPWPMLNLOHHGFAO96CC
新竹市,建物,新竹市新竹市竹光路３５巷６之２號１１樓,0.0,住,,,1110621,土地0建物1車位0,十一層,13,住宅大樓(11層含以上有電梯),住家用,鋼筋混凝土造,0831118,110.61,3,2,2,有,有,有,16200,146,,0.0,0,,RPXPMLNLOHHGFAO07CC
新竹市,建物,新竹市新竹市光華南街８號６樓之１,0.0,住,,,1110620,土地0建物1車位0,六層,7,華廈(10層含以下有電梯),住家用,鋼筋混凝土造,0840307,119.42999999999999,3,2,2,有,無,有,16200,136,,0.0,0,每月水電、瓦斯費由承租人另外負擔。,RPSQMLNLOHHGFAO66CC
新竹市,建物,新竹市新竹市西大路１５９號５樓,0.0,商,,,1110617,土地0建物1車位0,五層,5,公寓(5樓含以下無電梯),住家用,鋼筋混凝土造,0730912,125.64999999999999,3,2,1,有,無,有,14000,111,,0.0,0,每月水電、瓦斯費由承租人另外負擔。,RPTQMLNLOHHGFAO76CC
新竹市,建物,新竹市新竹市牛埔路３９４巷３號３樓,0.0,住,,,1110620,土地0建物1車位0,三層,5,公寓(5樓含以下無電梯),住家用,鋼筋混凝土造,0731023,114.32,3,2,1,有,無,有,10000,87,,0.0,0,每月水電、瓦斯費由承租人另外負擔。,RPUQMLNLOHHGFAO86CC
新竹市,建物,新竹市新竹市西大路６４８巷１３號２樓之２,0.0,商,,,1110618,土地0建物1車位0,二層,5,套房(1房1廳1衛),住家用,鋼筋混凝土造,0830723,54.64,1,0,1,有,無,有,9700,178,,0.0,0,每月水電、瓦斯費由承租人另外負擔。,RPWQMLNLOHHGFAO07CC
新竹市,建物,新竹市新竹市經國路二段１１１號１２樓之１２,0.0,住,,,1110616,土地0建物1車位0,十二層,12,套房(1房1廳1衛),辦公室,鋼筋混凝土造,0860715,41.68,1,0,1,有,有,有,7000,168,,0.0,0,每月水電費由承租人另外負擔。,RPXQMLNLOHHGFAO17CC
新竹市,建物,新竹市新竹市學府路２９號５樓,0.0,住,,,1110611,土地0建物1車位1,五層,7,華廈(10層含以下有電梯),住家用,鋼筋混凝土造,0870815,160.01,3,2,2,有,有,有,28000,175,坡道機械,0.0,0,車位面積無法分算。租金含管理費。,RPUOMLOLOHHGFAO76CC
新竹市,建物,新竹市新竹市光復路一段６２３巷２號,0.0,住,,,1110604,土地0建物0車位0,二層,3,套房(1房1廳1衛),住商用,鋼筋混凝土造,0760619,10.95,1,0,1,有,無,有,6000,548,,0.0,0,部分承租。租金含水費。,RPPPMLOLOHHGFAO98CC
新竹市,建物,新竹市新竹市金山街２６號,0.0,住,,,1110621,土地0建物0車位0,見其他登記事項,4,店面(店鋪),停車空間、店舖、住宅,鋼筋混凝土造,0871207,96.66,0,0,0,無,無,無,126000,1304,,0.0,0,,RPUPMLOLOHHGFAO86CC
新竹市,建物,新竹市新竹市中山路２３７之８號,0.0,商,,,1110622,土地0建物1車位0,一層,10,套房(1房1廳1衛),機電空間、辦公室,鋼筋混凝土造,0960606,39.92,1,1,1,有,有,有,15000,376,,0.0,0,水電費及每月管理費800元由承租人負擔。,RPXQMLOLOHHGFAO27CC
新竹市,建物,新竹市新竹市體育街６８號六樓,0.0,其他,,,1110613,土地0建物1車位0,六層,7,華廈(10層含以下有電梯),住家用,鋼筋混凝土造,0831028,133.31,3,2,2,有,無,有,22000,165,,0.0,0,,RPOOMLSLOHHGFAO56CC
新竹市,建物,新竹市新竹市湳雅街３０３號６樓,0.0,住,,,1110624,土地0建物1車位0,六層,7,華廈(10層含以下有電梯),住家用,鋼筋混凝土造,0841102,120.73,3,2,2,有,有,有,20000,166,,0.0,0,水電瓦斯費及每月管理費1650元由承租人負擔。,RPVPMLSLOHHGFAO37CC
新竹市,建物,新竹市新竹市中華路三段９１號九樓之３,0.0,商,,,1110623,土地0建物1車位0,九層,10,套房(1房1廳1衛),辦公室,鋼筋混凝土造,0970911,38.769999999999996,1,1,1,有,有,有,14000,361,,0.0,0,水電瓦斯費及每月管理費1319元由承租人負擔。,RPWPMLSLOHHGFAO47CC
新竹市,建物,新竹市新竹市關東路２３１號４樓,0.0,其他,,,1110625,土地0建物1車位0,四層,7,華廈(10層含以下有電梯),住家用,鋼筋混凝土造,0830504,125.99000000000001,3,2,2,有,有,有,24000,190,,0.0,0,水電瓦斯費由承租人負擔。,RPXPMLSLOHHGFAO57CC
新竹市,建物,新竹市新竹市興南街５１巷３號４樓,0.0,商,,,1110625,土地0建物1車位0,四層,4,公寓(5樓含以下無電梯),住家用,鋼筋混凝土造,,75.72,3,2,1,有,無,有,15000,198,,0.0,0,水電瓦斯費由承租人負擔。,RPQQMLSLOHHGFAO96CC
新竹市,土地,大庄段702地號,282.0,住,,,1110622,土地1建物0車位0,,,其他,,,,0.0,0,0,0,有,無,有,14500,51,,0.0,0,,RPWNMLLJPHHGFAO09CC
新竹市,建物,新竹市新竹市建功一路５３巷１９號２樓,0.0,住,,,1110626,土地0建物1車位0,二層,5,公寓(5樓含以下無電梯),住家用,鋼筋混凝土造,0730523,75.9,4,1,2,有,無,有,13000,171,,0.0,0,每月水電、瓦斯費由承租人另外負擔。,RPTPMLLJPHHGFAO98CC
新竹市,建物,新竹市新竹市建功一路５３巷１１號,0.0,住,,,1110628,土地0建物1車位0,一層,5,公寓(5樓含以下無電梯),住家用,鋼筋混凝土造,0730523,75.9,3,2,2,有,無,有,17000,224,,0.0,0,每月水電、瓦斯費由承租人另外負擔。,RPUPMLLJPHHGFAO09CC
新竹市,建物,新竹市新竹市慈雲路８７號５樓之２,0.0,商,,,1110628,土地0建物1車位0,五層,27,住宅大樓(11層含以上有電梯),集合住宅,鋼筋混凝土造,1041208,163.89,3,2,2,有,有,有,29000,177,,0.0,0,水電、瓦斯費及每月管理費2400元由承租人另外負擔。,RPVPMLLJPHHGFAO56CC
新竹市,建物,新竹市新竹市天府路一段５８號,0.0,住,,,1110626,土地0建物1車位0,一層,9,華廈(10層含以下有電梯),集合住宅,鋼筋混凝土造,1080110,88.03999999999999,3,1,1,有,有,有,12000,136,,0.0,0,水電、瓦斯費及每月管理費1725元由承租人另外負擔。,RPWPMLLJPHHGFAO66CC
新竹市,建物,新竹市新竹市東大路二段１７３巷２弄１２號３樓,0.0,住,,,1110627,土地0建物1車位0,三層,6,華廈(10層含以下有電梯),住家用,鋼筋混凝土造,,97.25,4,2,2,有,有,有,20000,206,,0.0,0,水電、瓦斯費及每月管理費900元由承租人另外負擔。,RPXPMLLJPHHGFAO76CC
新竹市,建物,新竹市新竹市育英路２４巷１０號７樓之２,0.0,住,,,1110628,土地0建物1車位0,七層,7,華廈(10層含以下有電梯),住家用,鋼筋混凝土造,0850822,122.06,3,2,2,有,有,有,18000,147,,0.0,0,每月水電、瓦斯費由承租人另外負擔。,RPOQMLLJPHHGFAO58CC
新竹市,建物,新竹市新竹市民主路２１９號７樓,0.0,其他,,,1110628,土地0建物1車位0,七層,7,華廈(10層含以下有電梯),住家用,鋼筋混凝土造,0840715,120.88,3,2,2,有,無,有,16000,132,,0.0,0,每月水電、瓦斯費由承租人另外負擔。,RPPQMLLJPHHGFAO68CC
新竹市,房地(土地+建物),新竹市新竹市聖軍路９７巷４７號,56.71,住,,,1110628,土地1建物1車位0,全,4,透天厝,店舖、停車空間、住宅,鋼筋混凝土造,1021212,210.92,4,2,3,有,無,有,20000,95,,0.0,0,每月水電、瓦斯費由承租人另外負擔。,RPQQMLLJPHHGFAO78CC
新竹市,建物,新竹市新竹市北大路３６９號２樓之１,0.0,其他,,,1110617,土地0建物2車位3,二層,5,華廈(10層含以下有電梯),住商用,鋼筋混凝土造,0800116,856.0699999999999,0,1,2,有,無,無,120000,140,一樓平面,0.0,0,租金調漲：租金每三年增加百分之三。車位面積無法分算。租賃期間含免租金裝潢期。兩個門牌。房屋用途做洗腎中心使用。,RPTOMLOJPHHGFAO56CC
新竹市,建物,新竹市新竹市光復路二段２７６號,0.0,住,,,1110610,土地0建物0車位0,二層,2,套房(1房1廳1衛),住商用,加強磚造,,27.75,1,1,1,有,無,有,12000,432,,0.0,0,租金調整:112.6.15起調整租金為壹萬參仟元整。部分承租。,RPOPMLOJPHHGFAO78CC
新竹市,建物,新竹市新竹市光復路一段３３５巷１７弄８之１號九樓,0.0,其他,,,1110618,土地0建物1車位0,九層,10,套房(1房1廳1衛),集合住宅,鋼筋混凝土造,0961126,57.41,1,1,1,有,有,有,18000,314,,0.0,0,租金含管理費。,RPXNMLQJPHHGFAO07CC
新竹市,建物,新竹市新竹市東南街２８３號,0.0,住,,,1110620,土地0建物0車位0,一層,2,店面(店鋪),住商用,加強磚造,0621121,68.29,0,1,1,有,無,無,23000,337,,0.0,0,部分承租。,RPPOMLQJPHHGFAO98CC
新竹市,建物,新竹市新竹市公道五路二段１０１號５樓之１,0.0,工,,,1110701,土地0建物30車位0,見其他登記事項,16,廠辦,廠房,鋼骨造、ＲＣ造,0990607,8759.95,0,0,0,無,有,無,3709860,424,,0.0,0,租金含5%加值型營業稅及大樓管理費,RPPPMLQJPHHGFAO09CC
新竹市,建物,新竹市新竹市經國路二段１１１號９樓之８,0.0,住,,,1110701,土地0建物1車位0,九層,12,套房(1房1廳1衛),辦公室,鋼筋混凝土造,0860715,27.26,1,0,1,有,有,有,5500,202,,0.0,0,水電費及每月管理費500元由承租人負擔。,RPRPMLQJPHHGFAO66CC
新竹市,建物,新竹市新竹市埔頂一路１０１號１９樓之１,0.0,其他,,,1110614,土地0建物1車位0,十九層,21,套房(1房1廳1衛),辦公室,鋼筋混凝土造,1090512,68.95,1,1,1,有,有,有,33000,479,,0.0,0,,RPUOMLRJPHHGFAO96CC
新竹市,建物,新竹市新竹市關新路１９巷１２號十二樓,0.0,住,,,1110619,土地0建物1車位1,十二層,14,住宅大樓(11層含以上有電梯),商務住宅,鋼筋混凝土造,0971022,165.47,3,2,2,有,有,有,35000,212,坡道平面,0.0,0,,RPVOMLSJPHHGFAO17CC
新竹市,建物,新竹市新竹市學府路１６４號４樓,0.0,住,,,1110628,土地0建物1車位0,四層,5,公寓(5樓含以下無電梯),住家用,鋼筋混凝土造,0710217,103.38,3,2,2,有,無,有,14000,135,,0.0,0,,RPXPMLLKPHHGFAO86CC
新竹市,建物,新竹市新竹市體育街３８號４樓之２,0.0,商,,,1110701,土地0建物1車位1,四層,10,華廈(10層含以下有電梯),住家用,鋼筋混凝土造,0871220,129.31,2,2,1,有,有,有,18000,179,坡道平面,34.58,1000,,RPOQMLLKPHHGFAO68CC
新竹市,建物,新竹市新竹市光復路一段８９巷１２３之８號１２樓,0.0,住,,,1110630,土地0建物1車位0,十二層,14,住宅大樓(11層含以上有電梯),住家用,鋼筋混凝土造,0880121,109.32,3,2,2,有,有,有,16200,148,,0.0,0,,RPPQMLLKPHHGFAO78CC
新竹市,建物,新竹市新竹市牛埔路１６０巷１號９樓之５,0.0,住,,,1110621,土地0建物1車位0,九層,11,住宅大樓(11層含以上有電梯),住家用,鋼筋混凝土造,0830205,106.7,3,2,2,有,有,有,15000,141,,0.0,0,,RPQQMLLKPHHGFAO88CC
新竹市,建物,新竹市新竹市新莊街１４２號６樓,0.0,住,,,1110704,土地0建物1車位0,六層,7,華廈(10層含以下有電梯),住家用,鋼筋混凝土造,0840830,115.82,3,2,2,有,有,有,21000,181,,0.0,0,,RPSQMLLKPHHGFAO09CC
新竹市,建物,新竹市新竹市中華路四段７０５之６號２樓,0.0,商,,,1110705,土地0建物1車位0,二層,6,套房(1房1廳1衛),集合住宅,鋼筋混凝土造,0960630,26.29,1,0,1,有,有,有,4800,183,,0.0,0,,RPWQMLLKPHHGFAO86CC
新竹市,建物,新竹市新竹市新莊街１０１之３號二樓,0.0,住,,,1110703,土地0建物1車位1,二層,7,華廈(10層含以下有電梯),住家用,鋼筋混凝土造,0820315,126.3,3,2,2,有,有,有,23000,182,坡道機械,0.0,0,,RPXQMLLKPHHGFAO96CC
新竹市,建物,新竹市新竹市牛埔路１２７號,0.0,住,,,1110704,土地0建物1車位2,一層,15,店面(店鋪),店舖,鋼筋混凝土造,0970131,151.99,0,0,0,無,有,無,26169,172,坡道平面,65.44,0,,RPQOMLMKPHHGFAO78CC
新竹市,建物,新竹市新竹市中華路四段７０５之１２號六樓,0.0,商,,,1110712,土地0建物1車位0,六層,6,套房(1房1廳1衛),集合住宅,鋼筋混凝土造,0960630,22.33,1,0,1,有,有,有,5000,224,,0.0,0,,RPSPMLPKPHHGFAO76CC
新竹市,建物,新竹市新竹市竹蓮街１７３巷１４號５樓,0.0,商,,,1110710,土地0建物1車位0,五層,5,公寓(5樓含以下無電梯),住家用,鋼筋混凝土造,0701228,64.06,2,1,1,有,無,有,12500,195,,0.0,0,,RPUPMLPKPHHGFAO96CC
新竹市,建物,新竹市新竹市長春街１５４巷２８號２樓,0.0,住,,,1110701,土地0建物1車位0,二層,5,套房(1房1廳1衛),住家用,鋼筋混凝土造,,52.949999999999996,1,1,1,有,有,有,16000,302,,0.0,0,租金含管理費。,RPRRMLPKPHHGFAO86CC
新竹市,建物,新竹市新竹市光復路一段６２３巷２號,0.0,住,,,1110626,土地0建物0車位0,二層,3,套房(1房1廳1衛),住商用,鋼筋混凝土造,0760619,19.47,1,0,1,有,無,有,6000,308,,0.0,0,部分承租。租金含水費。,RPTOMLSKPHHGFAO07CC
新竹市,建物,新竹市新竹市關東路２３巷２５號７樓之２,0.0,商,,,1110626,土地0建物1車位1,七層,16,住宅大樓(11層含以上有電梯),住家用,鋼筋混凝土造,0850214,155.81,3,2,2,有,有,有,30000,193,坡道平面,0.0,0,,RPUOMLSKPHHGFAO17CC
新竹市,建物,新竹市新竹市新莊街２０９號三樓,0.0,住,,,1110703,土地0建物1車位1,三層,14,住宅大樓(11層含以上有電梯),集合住宅,鋼筋混凝土造,0990824,127.69999999999999,2,2,1,有,有,有,25000,196,坡道平面,0.0,0,租金含管理費。車位面積無法分算。,RPXOMLSKPHHGFAO47CC
新竹市,房地(土地+建物),新竹市新竹市民生路１５６號１１樓之１,0.0,商,,,1110615,土地1建物1車位0,十一層,12,住宅大樓(11層含以上有電梯),住家用,鋼筋混凝土造,0860204,90.88,3,2,2,有,有,有,25357,279,,0.0,0,,RPSQMLSKPHHGFAO37EC
新竹市,房地(土地+建物),新竹市新竹市北大路２８４號,115.0,商,,,1110607,土地2建物1車位0,見其他登記事項,2,店面(店鋪),商業用,加強磚造,,204.72,0,0,0,無,無,有,80000,391,,0.0,0,,RPTQMLSKPHHGFAO47EC
新竹市,建物,新竹市新竹市金山街１７１號３樓之２,0.0,住,,,1110710,土地0建物1車位0,三層,4,套房(1房1廳1衛),住家用,鋼筋混凝土造,0901231,36.71,1,0,1,有,有,有,9000,245,,0.0,0,每月水電費由承租人另外負擔。,RPTOMLTKPHHGFAO17CC
新竹市,建物,新竹市新竹市花園街５６號１１樓之７,0.0,商,,,1110711,土地0建物1車位0,十一層,12,套房(1房1廳1衛),住家用,鋼筋混凝土造,0000101,47.41,1,0,1,有,有,有,11500,243,,0.0,0,水電費及每月管理費570元由承租人另外負擔。,RPVOMLTKPHHGFAO37CC
新竹市,建物,新竹市新竹市光復路一段３３３號１０樓之６,0.0,住,,,1110627,土地0建物1車位1,十層,13,住宅大樓(11層含以上有電梯),住家用,鋼筋混凝土造,0840116,92.36999999999999,2,2,2,有,有,有,19000,206,坡道機械,0.0,0,租金含管理費。車位面積無法分算。,RPQPMLTKPHHGFAO96CC
新竹市,建物,新竹市新竹市中華路二段１０巷１９號６樓之５,0.0,住,,,1110623,土地0建物1車位0,六層,9,華廈(10層含以下有電梯),集合住宅,鋼筋混凝土造,1100812,90.0,2,1,1,有,有,有,37000,411,,0.0,0,,RPQQMLTKPHHGFAO07CC
新竹市,建物,新竹市新竹市北大路３４０號７樓之４,0.0,商,,,1110627,土地0建物1車位0,七層,24,住宅大樓(11層含以上有電梯),住家用,鋼筋混凝土造,0860530,104.32,2,1,1,有,有,有,22000,211,,0.0,0,,RPSPMLKLPHHGFAO98CC
新竹市,建物,新竹市新竹市慈雲路８９號１９樓之２,0.0,商,,,1110708,土地0建物1車位1,見其他登記事項,27,住宅大樓(11層含以上有電梯),集合住宅,鋼筋混凝土造,1041208,197.89999999999998,3,2,2,有,有,有,35000,177,坡道平面,33.07,0,,RPTPMLKLPHHGFAO09CC
新竹市,建物,新竹市新竹市高翠路１６０巷１３８號３樓,0.0,其他,,,1110630,土地0建物1車位1,三層,5,華廈(10層含以下有電梯),住家用,鋼筋混凝土造,0890626,127.44,3,2,2,有,有,有,29500,231,坡道平面,27.58,0,,RPVPMLKLPHHGFAO66CC
新竹市,建物,新竹市新竹市龍山西路１１８號六樓,0.0,住,,,1110703,土地0建物0車位0,六層,14,套房(1房1廳1衛),集合住宅,鋼筋混凝土造,1020513,39.88,1,1,1,有,有,有,16000,401,,0.0,0,部分承租。,RPRQMLKLPHHGFAO98CC
新竹市,建物,新竹市新竹市東竹路４５號３樓,0.0,其他,,,1110705,土地0建物1車位0,三層,15,住宅大樓(11層含以上有電梯),集合住宅,鋼筋混凝土造,1101007,121.59,3,2,2,有,有,有,31500,259,,0.0,0,水電瓦斯費及每月管理費2326元由承租人另外負擔。,RPUOMLLLPHHGFAO56CC
新竹市,建物,新竹市新竹市北新街１１７號３樓之９,0.0,住,,,1110630,土地0建物1車位1,三層,10,華廈(10層含以下有電梯),辦公室,鋼筋混凝土造,0971230,47.82,2,1,1,有,無,有,16200,339,升降機械,0.0,0,,RPQPMLLLPHHGFAO88CC
新竹市,建物,新竹市新竹市竹光路８號１２樓之２,0.0,住,,,1110707,土地0建物1車位0,十二層,14,套房(1房1廳1衛),住家用,鋼筋混凝土造,0860205,41.14,1,0,1,有,有,有,7500,182,,0.0,0,,RPRPMLLLPHHGFAO98CC
新竹市,建物,新竹市新竹市經國路二段２４５號５樓,0.0,商,,,1110713,土地0建物1車位0,五層,5,公寓(5樓含以下無電梯),住家用,鋼筋混凝土造,0710904,84.01,3,2,2,有,無,有,5500,65,,0.0,0,,RPSPMLLLPHHGFAO09CC
新竹市,房地(土地+建物),新竹市新竹市竹光路２２１號,86.0,住,,,1110718,土地2建物1車位0,全,4,透天厝,住商用,鋼筋混凝土造,,282.63,0,5,4,有,無,無,45000,159,,0.0,0,,RPTPMLLLPHHGFAO56CC
新竹市,建物,新竹市新竹市和平路２１１號,0.0,,鄉村區,乙種建築用地,1110713,土地0建物0車位0,全,3,透天厝,住家用,加強磚造,0641219,39.22,4,1,2,有,無,有,13000,331,,0.0,0,,RPWNMLMLPHHGFAO76CC
新竹市,建物,新竹市新竹市延平路一段２６１巷４弄９號２樓,0.0,住,,,1110714,土地0建物1車位0,二層,5,公寓(5樓含以下無電梯),住家用,鋼筋混凝土造,0701229,75.4,3,2,2,有,無,有,12000,159,,0.0,0,,RPSOMLMLPHHGFAO09CC
新竹市,建物,新竹市新竹市武陵路１７９巷１０號２樓之４,0.0,住,,,1110715,土地0建物1車位0,二層,20,住宅大樓(11層含以上有電梯),集合住宅,鋼筋混凝土造,0890501,108.35,2,2,1,有,有,有,15000,138,,0.0,0,,RPTOMLMLPHHGFAO56CC
新竹市,建物,新竹市新竹市自由路２６號２樓,0.0,住,,,1110720,土地0建物1車位0,二層,4,華廈(10層含以下有電梯),補習班、辦公室,鋼筋混凝土造,0900328,144.2,3,2,1,有,無,有,16200,112,,0.0,0,,RPUOMLMLPHHGFAO66CC
新竹市,建物,新竹市新竹市勝利路２１４巷７號２樓,0.0,商,,,1110718,土地0建物1車位0,二層,4,公寓(5樓含以下無電梯),住家用,鋼筋混凝土造,0690610,85.81,3,2,1,有,無,有,13000,151,,0.0,0,,RPVOMLMLPHHGFAO76CC
新竹市,建物,新竹市新竹市至善街２９巷３１號,1117.29,,山坡地保育區,暫未編定,1110718,土地0建物1車位0,見其他登記事項,3,農舍,農舍,鋼筋混凝土造,0860612,504.7,27,0,27,有,無,有,83500,,,0.0,0,含稅金及二代健保,RPXOMLMLPHHGFAO96CC
新竹市,建物,新竹市新竹市新竹市東前?６４號,0.0,,,,1110706,土地0建物0車位0,全,3,透天厝,商業用,磚造,,109.0,2,1,1,有,無,有,12000,110,,0.0,0,,RPPPMLMLPHHGFAO88CC
新竹市,建物,新竹市新竹市東門街１００號二十樓之１,0.0,商,,,1110709,土地0建物1車位1,二十層,28,住宅大樓(11層含以上有電梯),集合住宅,鋼筋混凝土造,1080426,214.75,4,2,2,有,有,有,46000,214,坡道平面,33.15,0,,RPUPMLMLPHHGFAO76CC
新竹市,建物,新竹市新竹市四維路９３號８樓之４,0.0,其他,,,1110715,土地0建物1車位0,八層,14,套房(1房1廳1衛),住家用,鋼筋混凝土造,0870302,57.91,1,1,1,有,有,有,15000,259,,0.0,0,水電瓦斯費及每月管理費1500元由承租人另外負擔。,RPOSMLMLPHHGFAO09CC
新竹市,建物,新竹市新竹市東大路一段５２巷３之１號７樓,0.0,住,,,1110719,土地0建物1車位0,七層,12,住宅大樓(11層含以上有電梯),住家用,鋼筋混凝土造,0850830,103.3,3,2,2,有,有,有,16500,160,,0.0,0,每月水電瓦斯費由承租人另外負擔。,RPQSMLMLPHHGFAO66CC
新竹市,建物,新竹市新竹市光復路一段３９２巷２６號,0.0,住,,,1110705,土地0建物0車位0,二層,2,套房(1房1廳1衛),住家用,加強磚造,0701218,16.5,1,0,1,有,無,無,4500,273,,0.0,0,此建物為透天物件屋主隔出多間套房做出租,RPTPMLMLPHHGFAO86EC
新竹市,建物,新竹市新竹市新莊街１８５巷９６號十二樓,0.0,住,,,1110717,土地0建物1車位1,十二層,15,住宅大樓(11層含以上有電梯),集合住宅,鋼筋混凝土造,0980909,165.32999999999998,3,2,2,有,有,有,32000,194,坡道平面,25.24,0,租金含管理費。,RPROMLPLPHHGFAO66CC
新竹市,建物,新竹市新竹市光復路一段２４３巷２２號、２２號二樓、２２號三樓、２２號四樓、２２號五樓、２４號,0.0,住,,,1110716,土地0建物0車位0,二層,5,套房(1房1廳1衛),住宅、梯間,鋼筋混凝土造,0930316,18.66,1,0,1,有,無,有,9800,525,,0.0,0,,RPWOMLPLPHHGFAO17CC
新竹市,建物,新竹市新竹市光復路一段２４３巷２２號、２２號二樓、２２號三樓、２２號四樓、２２號五樓、２４號,0.0,住,,,1110716,土地0建物0車位0,二層,5,套房(1房1廳1衛),住宅、梯間,鋼筋混凝土造,0930316,18.66,1,0,1,有,無,有,13000,697,,0.0,0,,RPXOMLPLPHHGFAO27CC
新竹市,建物,新竹市新竹市光復路一段２４３巷２２號、２２號二樓、２２號三樓、２２號四樓、２２號五樓、２４號,0.0,住,,,1110716,土地0建物0車位0,二層,5,套房(1房1廳1衛),住宅、梯間,鋼筋混凝土造,0930316,18.66,1,0,1,有,無,有,13000,697,,0.0,0,,RPOPMLPLPHHGFAO09CC
新竹市,建物,新竹市新竹市花園街１０６號６樓之３,0.0,商,,,1110707,土地0建物1車位1,六層,12,住宅大樓(11層含以上有電梯),住家用,鋼筋混凝土造,0881201,110.64000000000001,3,2,1,有,有,有,21000,190,坡道機械,20.77,0,租金含管理費。,RPWNMLQLPHHGFAO17CC
新竹市,建物,新竹市新竹市榮濱南路３５２號四樓,0.0,住,,,1110725,土地0建物1車位0,四層,15,住宅大樓(11層含以上有電梯),集合住宅,鋼筋混凝土造,1070523,79.09,2,1,1,有,有,有,16500,209,,0.0,0,水電瓦斯費、網路費及每月管理費1800元由承租人負擔。,RPVOMLRLPHHGFAO27CC
新竹市,建物,新竹市新竹市北新街１３１號十樓之２８,0.0,住,,,1110723,土地0建物1車位0,十層,10,華廈(10層含以下有電梯),辦公室,鋼筋混凝土造,0980319,52.08,2,2,1,有,有,有,15000,288,,0.0,0,水電瓦斯費及每月管理費4508元由承租人負擔。,RPWOMLRLPHHGFAO37CC
新竹市,建物,新竹市新竹市食品路３６６巷１號三樓,0.0,住,,,1110723,土地0建物1車位0,三層,5,公寓(5樓含以下無電梯),住家用,鋼筋混凝土造,0711021,89.01,3,2,1,有,無,有,14000,157,,0.0,0,水電瓦斯費由承租人負擔。,RPOPMLRLPHHGFAO66CC
新竹市,建物,新竹市新竹市民權路５６巷１９號九樓之９,0.0,商,,,1110628,土地0建物1車位0,九層,12,套房(1房1廳1衛),集合住宅,鋼筋混凝土造,1030830,42.35,1,0,1,有,有,有,14000,331,,0.0,0,租金含管理費1000元,RPSQMLRLPHHGFAO17CC
新竹市,建物,新竹市新竹市牛埔路１６９號２樓之１,0.0,住,,,1110713,土地0建物1車位0,二層,7,華廈(10層含以下有電梯),住家用,鋼筋混凝土造,0830813,136.81,3,2,3,有,無,有,16500,121,,0.0,0,租金含管理費500元,RPUQMLRLPHHGFAO37CC
新竹市,建物,新竹市新竹市經國路二段１７９號二樓之２,0.0,商,,,1110702,土地0建物1車位0,二層,11,套房(1房1廳1衛),集合住宅,鋼筋混凝土造,0971108,35.72,1,0,1,有,有,有,9000,252,,0.0,0,租金含管理費1000元,RPVQMLRLPHHGFAO47CC
新竹市,建物,新竹市新竹市新竹市東區鐵道路一段２８巷３８號３樓,0.0,其他,,,1110701,土地0建物1車位1,三層,14,住宅大樓(11層含以上有電梯),一般辦公室、機電空間,鋼筋混凝土造,1000718,210.42000000000002,4,2,2,有,有,有,48356,230,坡道平面,33.92,0,,RPTRMLRLPHHGFAO37CC
新竹市,建物,新竹市新竹市中山路６４０巷５７８號５樓,0.0,住,,,1110726,土地0建物1車位0,五層,8,華廈(10層含以下有電梯),住家用,鋼筋混凝土造,0870530,102.63,3,2,2,有,有,有,18000,175,,0.0,0,水電瓦斯費、網路費及每月管理費1400元由承租人負擔。,RPOPMLSLPHHGFAO76CC
新竹市,建物,新竹市新竹市香北一路１９１巷８號四樓之５,0.0,住,,,1110727,土地0建物1車位0,四層,5,套房(1房1廳1衛),住家用,鋼筋混凝土造,0950731,27.37,1,0,1,有,有,有,7000,256,,0.0,0,水電費由承租人負擔。,RPPPMLSLPHHGFAO86CC
新竹市,建物,新竹市新竹市忠孝路９號,0.0,商,,,1110713,土地0建物1車位0,見其他登記事項,3,店面(店鋪),工業用,加強磚造,,717.52,0,0,2,有,無,無,159290,222,,0.0,0,,RPSPMLSLPHHGFAO17CC
新竹市,建物,新竹市新竹市光復路一段１０８巷３８號５樓,0.0,住,,,1110715,土地0建物0車位0,五層,5,套房(1房1廳1衛),見使用執照,鋼筋混凝土造,0800309,21.86,1,0,1,有,無,有,4600,210,,0.0,0,此為分租套房，第五層共分成 5 間，一間平均面積約 21.86 平方公尺。每月電費由承租人另外負擔。,RPVNMLTLPHHGFAO37CC
新竹市,建物,新竹市新竹市明湖路１２００巷８０號,0.0,,山坡地保育區,丙種建築用地,1110725,土地0建物1車位0,見其他登記事項,6,華廈(10層含以下有電梯),住家用,鋼筋混凝土造,0870114,113.96,2,2,2,有,有,有,15000,132,,0.0,0,水電、瓦斯費及每月管理費1500元由承租人另外負擔。,RPOOMLTLPHHGFAO76CC
新竹市,建物,新竹市新竹市明湖路７５１之１１號,0.0,其他,,,1110723,土地0建物1車位0,一層,4,套房(1房1廳1衛),集合住宅,鋼筋混凝土造,0940220,47.84,1,0,1,有,有,有,15000,314,,0.0,0,每月水電、瓦斯費由承租人另外負擔。,RPQOMLTLPHHGFAO96CC
新竹市,建物,新竹市新竹市至善街３３巷１５號三樓,0.0,,山坡地保育區,丙種建築用地,1110727,土地0建物1車位0,三層,4,套房(1房1廳1衛),住家用,鋼筋混凝土造,0870318,31.47,1,1,1,有,有,無,3000,95,,0.0,0,,RPWNMLMJQHHGFAO66CC
新竹市,建物,新竹市新竹市建新路１１０巷１２弄３號,0.0,住,,,1110718,土地0建物1車位0,一層,4,套房(1房1廳1衛),住家用,加強磚造,0670123,57.28,1,1,1,有,無,有,12000,209,,0.0,0,,RPQQMLMJQHHGFAO98CC
新竹市,建物,新竹市新竹市中華路二段１７０巷２號５樓之１,0.0,住,,,1110727,土地0建物1車位0,五層,6,華廈(10層含以下有電梯),辦公室,鋼筋混凝土造,1001015,106.75999999999999,3,2,2,有,有,有,29800,279,,0.0,0,水電、瓦斯費及每月管理費2083元由承租人另外負擔。,RPRQMLNJQHHGFAO56CC
新竹市,建物,新竹市新竹市光復路二段６５９號四樓之１２,0.0,商,,,1110725,土地0建物1車位0,四層,10,套房(1房1廳1衛),集合住宅,鋼筋混凝土造,0950519,33.6,1,0,1,有,有,有,10000,298,,0.0,0,水電費及每月管理費1200元由承租人另外負擔。,RPSQMLNJQHHGFAO66CC
新竹市,建物,新竹市新竹市北大路１２號十五樓之２,0.0,其他,,,1110729,土地0建物1車位1,十五層,28,住宅大樓(11層含以上有電梯),集合住宅,鋼骨鋼筋混凝土造,0960703,196.74,3,2,2,有,有,有,33000,168,坡道平面,44.6,0,,RPWOMLOJQHHGFAO96CC
新竹市,建物,新竹市新竹市明湖路７５１號地下三層之２７,0.0,其他,,,1110729,土地0建物1車位0,地下三層,4,套房(1房1廳1衛),集合住宅,鋼筋混凝土造,0940220,48.36,1,0,1,有,有,有,15000,310,,0.0,0,每月水電、瓦斯費由承租人另外負擔。,RPRPMLOJQHHGFAO56CC
新竹市,建物,新竹市新竹市林森路４７號１０樓之１,0.0,商,,,1110729,土地0建物1車位0,十層,12,套房(1房1廳1衛),辦公室,鋼筋混凝土造,0850326,34.24,1,1,1,有,有,有,10000,292,,0.0,0,租金含管理費。,RPVPMLOJQHHGFAO96CC
新竹市,建物,新竹市新竹市中華路四段７０５之５２號３樓,0.0,商,,,1110720,土地0建物1車位0,三層,6,套房(1房1廳1衛),集合住宅,鋼筋混凝土造,0960630,28.57,1,0,1,有,有,有,5500,193,,0.0,0,,RPXOMLPJQHHGFAO17CC
新竹市,建物,新竹市新竹市國光街１０６號３樓,0.0,住,,,1110725,土地0建物1車位0,三層,7,華廈(10層含以下有電梯),住家用,鋼筋混凝土造,0811228,105.64,3,2,2,有,有,有,15000,142,,0.0,0,,RPOPMLPJQHHGFAO98CC
新竹市,建物,新竹市新竹市中山路４５１之３號５樓,0.0,住,,,1110724,土地0建物1車位0,五層,5,公寓(5樓含以下無電梯),住家用,鋼筋混凝土造,0760306,108.24,3,2,2,有,有,有,12000,111,,0.0,0,,RPPPMLPJQHHGFAO09CC
新竹市,建物,新竹市新竹市民生路１０巷２５號７樓之１,0.0,住,,,1110724,土地0建物1車位0,七層,8,套房(1房1廳1衛),辦公室,鋼筋混凝土造,0961001,36.019999999999996,1,1,1,有,有,有,12000,333,,0.0,0,,RPQPMLPJQHHGFAO56CC
新竹市,建物,新竹市新竹市華北路１１７號５樓,0.0,住,,,1110722,土地0建物1車位0,五層,7,華廈(10層含以下有電梯),住家用,鋼筋混凝土造,0850630,111.36,3,2,2,有,有,有,15000,135,,0.0,0,水電、瓦斯費及每月管理費1000元由承租人另外負擔。,RPTPMLPJQHHGFAO86CC
新竹市,建物,新竹市新竹市埔頂二路１２３號１０樓之１５,0.0,住,,,1110729,土地0建物1車位1,十層,15,住宅大樓(11層含以上有電梯),集合住宅,鋼筋混凝土造,1001130,211.75,3,2,2,有,有,有,38000,179,坡道平面,31.47,0,,RPOQMLSJQHHGFAO76CC
新竹市,建物,新竹市新竹市竹蓮街１７３巷４號５樓,0.0,商,,,1110729,土地0建物1車位0,五層,5,公寓(5樓含以下無電梯),住家用,鋼筋混凝土造,0701228,93.76,3,2,2,有,無,有,13000,139,,0.0,0,,RPVPMLTJQHHGFAO47CC
新竹市,建物,新竹市新竹市東大路一段５２巷１號３樓之２,0.0,住,,,1110729,土地0建物1車位0,三層,12,住宅大樓(11層含以上有電梯),住家用,鋼筋混凝土造,0850830,130.68,3,2,2,有,有,有,15000,115,,0.0,0,,RPOQMLTJQHHGFAO86CC
新竹市,建物,新竹市新竹市南大路５５０巷２６弄１６號４樓,0.0,住,,,1110805,土地0建物1車位0,四層,4,公寓(5樓含以下無電梯),住家用,鋼筋混凝土造,0701211,62.13,2,2,1,有,無,有,14500,233,,0.0,0,,RPPQMLTJQHHGFAO96CC
新竹市,建物,新竹市新竹市自由路１０９號９樓之３,0.0,商,,,1110805,土地0建物1車位0,九層,12,套房(1房1廳1衛),見使用執照,鋼筋混凝土造,0801231,41.45,1,1,1,有,有,有,8800,212,,0.0,0,,RPQQMLTJQHHGFAO07CC
