﻿鄉鎮市區,交易標的,土地位置建物門牌,土地移轉總面積平方公尺,都市土地使用分區,非都市土地使用分區,非都市土地使用編定,交易年月日,交易筆棟數,移轉層次,總樓層數,建物型態,主要用途,主要建材,建築完成年月,建物移轉總面積平方公尺,建物現況格局-房,建物現況格局-廳,建物現況格局-衛,建物現況格局-隔間,有無管理組織,總價元,單價元平方公尺,車位類別,車位移轉總面積平方公尺,車位總價元,備註,編號,建案名稱,棟及號
The villages and towns urban district,transaction sign,land sector position building sector house number plate,land shifting total area square meter,the use zoning or compiles and checks,the non-metropolis land use district,non-metropolis land use,transaction year month and day,transaction pen number,shifting level,total floor number,building state,main use,main building materials,construction to complete the years,building shifting total area,Building present situation pattern - room,building present situation pattern - hall,building present situation pattern - health,building present situation pattern - compartmented,Whether there is manages the organization,total price NTD,the unit price (NTD / square meter),the berth category,berth shifting total area square meter,the berth total price NTD,the note,serial number,build case,buildings
斗六市,房地(土地+建物),雲林縣斗六市成功路,18.87,商,,,1110511,土地1建物1車位0,一層,10,華廈(10層含以下有電梯),住家用,鋼筋混凝土造,,125.81,3,2,2,有,無,9500000,75511,,0.0,0,,RPRNMLMKNHHGFAP58CB,幸福精英匯,E棟1號
虎尾鎮,房地(土地+建物)+車位,雲林縣虎尾鎮忠孝路,15.17,商,,,1110512,土地11建物1車位1,十三層,15,住宅大樓(11層含以上有電梯),見其他登記事項,鋼筋混凝土造,,140.86,3,2,2,有,無,11370000,93565,坡道平面,32.7,1250000,,RPPNMLNKNHHGFDP78CB,鎧將雲鼎,B棟13F-J號
莿桐鄉,房地(土地+建物)+車位,雲林縣莿桐鄉西安路,52.13,住,,,1110513,土地2建物1車位2,二層,5,華廈(10層含以下有電梯),住家用,鋼筋混凝土造,,142.05,3,2,2,有,無,6600000,50997,一樓平面,34.2,1100000,,RPRNMLQKNHHGFAP98CB,富邑皇邸21號苑,2B棟01號
斗六市,房地(土地+建物)+車位,雲林縣斗六市文化路,31.43,,特定農業區,甲種建築用地,1110517,土地1建物1車位1,三層,10,華廈(10層含以下有電梯),住家用,鋼筋混凝土造,,140.07,3,1,2,有,無,7600000,60295,坡道平面,28.95,900000,,RPPNMLRKNHHGFAP88CB,璞樸莊園Twin House,B棟B2號
斗六市,房地(土地+建物)+車位,雲林縣斗六市中正路,14.5,商,,,1110513,土地1建物1車位1,十二層,15,住宅大樓(11層含以上有電梯),住家用,鋼筋混凝土造,,149.14,3,1,2,有,無,12700000,100582,坡道平面,35.8,1300000,,RPTNMLTKNHHGFAP86CB,品風華,12FE棟2號
斗六市,房地(土地+建物)+車位,雲林縣斗六市中正路,16.28,商,,,1110513,土地1建物1車位1,十二層,15,住宅大樓(11層含以上有電梯),住家用,鋼筋混凝土造,,163.08,3,1,2,有,無,13820000,98366,坡道平面,35.8,1300000,,RPUNMLTKNHHGFAP96CB,品風華,12FE棟3號
林內鄉,房地(土地+建物),雲林縣林內鄉民權路,68.83,,鄉村區,乙種建築用地,1110519,土地2建物1車位0,全,3,透天厝,住家用,鋼筋混凝土造,,143.03,3,2,3,有,無,6400000,44746,,0.0,0,,RPRNMLKLNHHGFAP48CB,姮興光禾墅,D2棟0號
西螺鎮,房地(土地+建物),雲林縣西螺鎮福來路,101.71,住,,,1110513,土地1建物1車位0,全,4,透天厝,住家用,鋼筋混凝土造,,232.5,4,3,5,有,無,14800000,63656,,0.0,0,,RPPNMLKLNHHGFCP48CB,真善美NO.16,A棟2號
斗六市,房地(土地+建物)+車位,雲林縣斗六市文化路,33.0,,特定農業區,甲種建築用地,1110521,土地1建物1車位1,三層,10,華廈(10層含以下有電梯),住家用,鋼筋混凝土造,,148.19,3,1,2,有,無,7960000,59650,坡道平面,31.51,1000000,,RPPNMLMLNHHGFAP48CB,璞樸莊園Twin House,A棟A2號
斗六市,房地(土地+建物)+車位,雲林縣斗六市文化路,30.88,,特定農業區,甲種建築用地,1110521,土地1建物1車位1,四層,10,華廈(10層含以下有電梯),住家用,鋼筋混凝土造,,140.7,3,1,2,有,無,7600000,61361,坡道平面,31.51,900000,,RPQNMLMLNHHGFAP58CB,璞樸莊園Twin House,B棟B5號
斗六市,房地(土地+建物)+車位,雲林縣斗六市中正路,12.27,商,,,1110515,土地1建物1車位1,十一層,15,住宅大樓(11層含以上有電梯),住家用,鋼筋混凝土造,,113.83,2,1,2,有,無,10270000,98926,坡道機械,17.9,780000,,RPPNMLNLNHHGFAP58CB,品風華,11FE棟1號
斗六市,房地(土地+建物)+車位,雲林縣斗六市中正路,16.28,商,,,1110517,土地1建物1車位1,七層,15,住宅大樓(11層含以上有電梯),住家用,鋼筋混凝土造,,163.08,3,1,2,有,無,12850000,91530,坡道平面,35.8,1200000,,RPQNMLNLNHHGFAP68CB,品風華,7FE棟3號
斗南鎮,房地(土地+建物)+車位,雲林縣斗南鎮南昌西路,25.31,住,,,1110516,土地4建物1車位1,十層,10,華廈(10層含以下有電梯),住家用,鋼筋混凝土造,,92.7,2,2,1,有,無,6780000,74987,坡道機械,13.22,820000,,RPQNMLNLNHHGFBP78CB,國際園首,1棟10K號
斗南鎮,房地(土地+建物),雲林縣斗南鎮南昌西路,24.87,住,,,1110523,土地4建物1車位0,七層,10,華廈(10層含以下有電梯),住家用,鋼筋混凝土造,,78.06,2,2,1,有,無,5780000,74046,,0.0,0,,RPRNMLNLNHHGFBP88CB,國際園首,1棟7J號
斗南鎮,房地(土地+建物),雲林縣斗南鎮建國三路,94.95,住,,,1110513,土地2建物1車位0,全,3,店面(店鋪),住商用,鋼筋混凝土造,,180.49,4,2,4,有,無,13600000,75350,,0.0,0,,RPPNMLNLNHHGFBP78DB,微風city,C棟13號
斗六市,房地(土地+建物),雲林縣斗六市科?一路,82.16,,工業區,丁種建築用地,1110516,土地3建物1車位0,全,3,透天厝,住家用,鋼筋混凝土造,,144.66,4,2,5,有,無,8280000,57238,,0.0,0,,RPSNMLOLNHHGFAP98CB,綠邸三期,B16號
斗六市,房地(土地+建物),雲林縣斗六市科?一路,82.16,,工業區,丁種建築用地,1110514,土地3建物1車位0,全,3,透天厝,住家用,鋼筋混凝土造,,144.66,4,2,5,有,無,7980000,55164,,0.0,0,,RPTNMLOLNHHGFAP09CB,綠邸三期,C11號
斗六市,房地(土地+建物)+車位,雲林縣斗六市科?一路,108.32,,工業區,丁種建築用地,1110520,土地2建物1車位1,全,3,透天厝,住家用,鋼筋混凝土造,,164.7,4,2,4,有,無,9700000,58895,一樓平面,0.0,0,,RPWNMLOLNHHGFAP76CB,幸福ING-NO.2,B9號
斗六市,房地(土地+建物)+車位,雲林縣斗六市科?一路,106.76,,工業區,丁種建築用地,1110521,土地2建物1車位1,全,3,透天厝,住家用,鋼筋混凝土造,,164.7,4,2,4,有,無,9700000,58895,一樓平面,0.0,0,,RPXNMLOLNHHGFAP86CB,幸福ING-NO.2,A10號
斗六市,房地(土地+建物)+車位,雲林縣斗六市科?一路,118.04,,工業區,丁種建築用地,1110521,土地2建物1車位1,全,3,透天厝,住家用,鋼筋混凝土造,,181.81,4,2,4,有,無,10300000,56653,一樓平面,0.0,0,,RPOOMLOLNHHGFAP68CB,幸福ING-NO.2,E5號
斗六市,房地(土地+建物)+車位,雲林縣斗六市科?一路,123.85,,工業區,丁種建築用地,1110514,土地3建物1車位1,全,3,透天厝,住家用,鋼筋混凝土造,,188.23,4,2,4,有,無,10800000,57377,一樓平面,0.0,0,,RPPOMLOLNHHGFAP78CB,幸福ING-NO.2,E11號
斗六市,房地(土地+建物)+車位,雲林縣斗六市科?一路,118.05,,工業區,丁種建築用地,1110520,土地2建物1車位1,全,3,透天厝,住家用,鋼筋混凝土造,,181.81,4,2,4,有,無,10300000,56653,一樓平面,0.0,0,,RPQOMLOLNHHGFAP88CB,幸福ING-NO.2,E3號
斗六市,房地(土地+建物)+車位,雲林縣斗六市科?一路,136.56,,工業區,丁種建築用地,1110521,土地2建物1車位1,全,3,透天厝,住家用,鋼筋混凝土造,,181.81,4,2,4,有,無,11200000,61603,一樓平面,0.0,0,,RPROMLOLNHHGFAP98CB,幸福ING-NO.2,D1號
虎尾鎮,房地(土地+建物),雲林縣虎尾鎮虎興東二路,132.15,住,,,1110521,土地3建物1車位0,全,3,透天厝,住家用,鋼筋混凝土造,,227.29,4,2,5,有,無,14980000,65907,,0.0,0,,RPQNMLQLNHHGFDP66CB,寬庭大學9,A棟37號
虎尾鎮,房地(土地+建物)+車位,雲林縣虎尾鎮永興南九路,24.43,住,,,1110521,土地1建物1車位1,二層,14,住宅大樓(11層含以上有電梯),住家用,鋼筋混凝土造,,127.82,2,1,1,有,無,9270000,75655,坡道平面,19.83,1100000,,RPRNMLQLNHHGFDP76CB,禾楓君悅-農博綻,A棟2號
褒忠鄉,房地(土地+建物),雲林縣褒忠鄉埔姜街,113.22,住,,,1110517,土地4建物1車位0,全,3,透天厝,住家用,鋼筋混凝土造,,171.03,4,1,3,有,無,8100000,47360,,0.0,0,,RPPNMLRLNHHGFDP66CB,築夢十三期,B棟6號
斗六市,房地(土地+建物)+車位,雲林縣斗六市成功路,20.84,商,,,1110518,土地1建物1車位1,一層,10,華廈(10層含以下有電梯),住家用,鋼筋混凝土造,,150.43,3,2,2,有,無,10540000,78788,坡道機械,23.0,500000,車位價款新台幣五十萬元整，已依房屋土地比例拆款分別計入土地、房屋價款內。,RPPNMLKMNHHGFAP38CB,幸福精英匯,1D號
古坑鄉,房地(土地+建物)+車位,雲林縣古坑鄉田心村田心路,31.5,,鄉村區,乙種建築用地,1110529,土地1建物1車位1,二層,7,華廈(10層含以下有電梯),住家用,鋼筋混凝土造,,85.02,2,2,1,有,無,4300000,53319,其他,10.0,300000,,RPQNMLLMNHHGFAP58CB,亞設高地三期,E棟2號
林內鄉,房地(土地+建物),雲林縣林內鄉民權路,69.37,,鄉村區,乙種建築用地,1110529,土地2建物1車位0,全,3,透天厝,住家用,鋼筋混凝土造,,145.46,3,2,3,有,無,6550000,45030,,0.0,0,,RPPNMLLJOHHGFAP28CB,姮興光禾墅,B6棟0號
虎尾鎮,房地(土地+建物)+車位,雲林縣虎尾鎮永興南九路,33.01,住,,,1110527,土地1建物1車位1,三層,14,住宅大樓(11層含以上有電梯),住家用,鋼筋混凝土造,,165.64,3,1,2,有,無,12480000,78047,坡道平面,19.83,1100000,,RPPNMLLJOHHGFDP58CB,禾楓君悅-農博綻,A棟1號
西螺鎮,房地(土地+建物),雲林縣西螺鎮八德街,102.23,住,,,1110526,土地2建物1車位0,全,4,透天厝,住家用,鋼筋混凝土造,,236.41,4,3,5,有,無,16350000,69160,,0.0,0,,RPPNMLLJOHHGFCP48CB,帝之苑六期,B棟11號
西螺鎮,房地(土地+建物),雲林縣西螺鎮八德街,108.43,住,,,1110522,土地2建物1車位0,全,4,透天厝,住家用,鋼筋混凝土造,,249.59,4,3,5,有,無,16200000,64906,,0.0,0,,RPQNMLLJOHHGFCP58CB,帝之苑六期,B棟1號
西螺鎮,房地(土地+建物),雲林縣西螺鎮八德街,105.67,住,,,1110522,土地2建物1車位0,全,4,透天厝,住家用,鋼筋混凝土造,,240.94,4,3,5,有,無,15500000,64331,,0.0,0,,RPRNMLLJOHHGFCP68CB,帝之苑六期,B棟12號
崙背鄉,房地(土地+建物),雲林縣崙背鄉五常路,129.5,,鄉村區,乙種建築用地,1110520,土地5建物1車位0,全,3,透天厝,住家用,鋼筋混凝土造,,192.99,5,2,4,有,無,8550000,44303,,0.0,0,,RPSNMLLJOHHGFCP78CB,牧容2,A棟8號
崙背鄉,房地(土地+建物),雲林縣崙背鄉五常路,129.5,,鄉村區,乙種建築用地,1110523,土地4建物1車位0,全,3,透天厝,住家用,鋼筋混凝土造,,192.99,5,2,4,有,無,8600000,44562,,0.0,0,,RPTNMLLJOHHGFCP88CB,牧容2,A棟5號
崙背鄉,房地(土地+建物),雲林縣崙背鄉五常路,129.5,,鄉村區,乙種建築用地,1110530,土地4建物1車位0,全,3,透天厝,住家用,鋼筋混凝土造,,192.99,5,2,4,有,無,8700000,45080,,0.0,0,,RPUNMLLJOHHGFCP98CB,牧容2,A棟6號
北港鎮,房地(土地+建物)+車位,雲林縣北港鎮四維街,51.72,住,,,1110518,土地8建物1車位1,四層,5,華廈(10層含以下有電梯),住家用,鋼筋混凝土造,,150.21,3,2,2,有,無,7300000,48599,一樓平面,18.18,0,,RPPNMLLJOHHGFEP68CB,武財天下二期公寓案,D棟5號
西螺鎮,房地(土地+建物),雲林縣西螺鎮公館路,110.67,,鄉村區,乙種建築用地,1110521,土地2建物1車位0,全,3,透天厝,住家用,鋼筋混凝土造,,154.0,4,2,3,有,無,7100000,46104,,0.0,0,,RPPNMLMJOHHGFCP58CB,昌隆建設-西螺,A棟6號
斗六市,房地(土地+建物)+車位,雲林縣斗六市科?一路,37.96,,工業區,丁種建築用地,1110531,土地2建物1車位1,六層,7,華廈(10層含以下有電梯),住家用,鋼筋混凝土造,,140.92,3,2,2,有,無,7860000,55776,坡道平面,29.63,0,,RPPNMLMJOHHGFAP38CB,翡翠森林,A棟6FA4號
斗六市,房地(土地+建物)+車位,雲林縣斗六市中正路,14.5,商,,,1110601,土地1建物1車位1,十四層,15,住宅大樓(11層含以上有電梯),住家用,鋼筋混凝土造,,149.14,3,1,2,有,無,13300000,105876,坡道平面,35.8,1300000,,RPPNMLOJOHHGFAP58CB,品風華,14FE棟2號
斗六市,房地(土地+建物)+車位,雲林縣斗六市中正路,14.6,商,,,1110604,土地1建物1車位1,四層,15,住宅大樓(11層含以上有電梯),住家用,鋼筋混凝土造,,149.92,3,1,2,有,無,10880000,85699,坡道平面,35.8,1100000,,RPQNMLOJOHHGFAP68CB,品風華,4FE棟2號
虎尾鎮,房地(土地+建物)+車位,雲林縣虎尾鎮忠孝路,15.17,商,,,1110522,土地11建物1車位1,十四層,15,住宅大樓(11層含以上有電梯),見其他登記事項,鋼筋混凝土造,,140.86,3,2,2,有,無,11450000,94767,坡道平面,32.7,1200000,,RPPNMLOJOHHGFDP88CB,鎧將雲鼎,A棟14F-A號
土庫鎮,房地(土地+建物)+車位,雲林縣土庫鎮菜園段,50.62,住,,,1110530,土地1建物1車位1,四層,6,華廈(10層含以下有電梯),住家用,鋼筋混凝土造,,123.0,3,2,2,有,無,6640000,55360,一樓平面,17.87,820000,,RPPNMLQJOHHGFDP09CB,百富,4樓A6棟0號
麥寮鄉,房地(土地+建物)+車位,雲林縣麥寮鄉仁德路236巷,28.0,,鄉村區,乙種建築用地,1110516,土地1建物1車位1,三層,6,華廈(10層含以下有電梯),住家用,鋼筋混凝土造,,98.29,3,1,2,有,無,5780000,73703,坡道平面,31.4,850000,,RPPNMLQJOHHGFFP66CB,橋頭之星住宅興建工程,B棟5-3F號
二崙鄉,房地(土地+建物),雲林縣二崙鄉定安路75-1號旁,126.1,,鄉村區,乙種建築用地,1110531,土地2建物1車位0,全,3,透天厝,住家用,鋼筋混凝土造,,156.15,5,1,4,有,無,7720000,49440,,0.0,0,,RPPNMLRJOHHGFCP09CB,定安１號苑,4棟D1號
斗六市,房地(土地+建物)+車位,雲林縣斗六市文生路,30.47,,鄉村區,乙種建築用地,1110529,土地1建物1車位1,二層,8,華廈(10層含以下有電梯),住家用,鋼筋混凝土造,,140.9,3,2,2,有,無,6520000,51488,一樓平面,33.69,1000000,,RPPNMLRJOHHGFAP88CB,聚星,W3棟2樓棟0號
斗六市,房地(土地+建物)+車位,雲林縣斗六市文生路,30.47,,鄉村區,乙種建築用地,1110528,土地1建物1車位1,五層,8,華廈(10層含以下有電梯),住家用,鋼筋混凝土造,,124.06,3,2,2,有,無,6350000,54099,坡道機械,16.85,550000,,RPQNMLRJOHHGFAP98CB,聚星,V1棟5樓棟0號
斗六市,房地(土地+建物)+車位,雲林縣斗六市文生路,30.47,,鄉村區,乙種建築用地,1110529,土地1建物1車位1,六層,8,華廈(10層含以下有電梯),住家用,鋼筋混凝土造,,140.9,3,2,2,有,無,7100000,55965,一樓平面,33.69,1100000,,RPRNMLRJOHHGFAP09CB,聚星,V5棟6樓棟0號
斗六市,房地(土地+建物)+車位,雲林縣斗六市文生路,30.47,,鄉村區,乙種建築用地,1110528,土地1建物1車位1,七層,8,華廈(10層含以下有電梯),住家用,鋼筋混凝土造,,143.95,3,2,2,有,無,6520000,53353,坡道平面,36.74,800000,,RPSNMLRJOHHGFAP56CB,聚星,V3棟7樓棟0號
斗六市,房地(土地+建物),雲林縣斗六市石榴路,26.69,,一般農業區,甲種建築用地,1110511,土地1建物1車位0,九層,9,華廈(10層含以下有電梯),住家用,鋼筋混凝土造,,94.17,2,1,1,有,無,5480000,58193,,0.0,0,,RPTNMLRJOHHGFAP66CB,斗六綻,B棟N號
斗六市,房地(土地+建物),雲林縣斗六市石榴路,21.95,,一般農業區,甲種建築用地,1110511,土地1建物1車位0,二層,9,華廈(10層含以下有電梯),住家用,鋼筋混凝土造,,77.51,2,1,1,有,無,4550000,58702,,0.0,0,,RPUNMLRJOHHGFAP76CB,斗六綻,B棟M號
虎尾鎮,房地(土地+建物)+車位,雲林縣虎尾鎮永興南九路,24.17,住,,,1110604,土地1建物1車位1,九層,14,住宅大樓(11層含以上有電梯),住家用,鋼筋混凝土造,,126.8,2,1,1,有,無,8900000,73852,坡道平面,19.83,1000000,,RPPNMLSJOHHGFDP66CB,禾楓君悅-農博綻,A棟6號
虎尾鎮,房地(土地+建物),雲林縣虎尾鎮高南段410地號,40.19,住,,,1110528,土地1建物1車位0,二層,5,華廈(10層含以下有電梯),住家用,鋼筋混凝土造,,83.53,2,2,1,有,無,4900000,58662,,0.0,0,,RPPNMLTJOHHGFDP76CB,沐晴2期,B棟7號
斗六市,房地(土地+建物)+車位,雲林縣斗六市中正路,12.27,商,,,1110605,土地1建物1車位1,四層,15,住宅大樓(11層含以上有電梯),住家用,鋼筋混凝土造,,113.83,2,1,2,有,無,8880000,84437,坡道機械,17.9,780000,,RPPNMLKKOHHGFAP28CB,品風華,4FE棟1號
斗六市,房地(土地+建物)+車位,雲林縣斗六市中正路,15.12,商,,,1110604,土地1建物1車位1,三層,15,住宅大樓(11層含以上有電梯),住家用,鋼筋混凝土造,,153.66,3,1,2,有,無,10880000,82980,坡道平面,35.8,1100000,,RPQNMLKKOHHGFAP38CB,品風華,3FA棟5號
斗六市,房地(土地+建物),雲林縣斗六市文生路,21.96,,鄉村區,乙種建築用地,1110531,土地1建物1車位0,五層,8,華廈(10層含以下有電梯),住家用,鋼筋混凝土造,,77.28,2,2,1,有,無,4080000,52795,,0.0,0,,RPRNMLNKOHHGFAP78CB,聚星,V2棟5樓棟0號
斗六市,房地(土地+建物)+車位,雲林縣斗六市文生路,21.96,,鄉村區,乙種建築用地,1110604,土地1建物1車位1,六層,8,華廈(10層含以下有電梯),住家用,鋼筋混凝土造,,94.13,2,2,1,有,無,4620000,55124,坡道機械,16.85,360000,,RPSNMLNKOHHGFAP88CB,聚星,V2棟6樓棟0號
斗六市,房地(土地+建物)+車位,雲林縣斗六市文生路,21.96,,鄉村區,乙種建築用地,1110605,土地1建物1車位1,八層,8,華廈(10層含以下有電梯),住家用,鋼筋混凝土造,,94.13,2,2,1,有,無,5030000,57971,坡道機械,16.85,550000,,RPTNMLNKOHHGFAP98CB,聚星,V6棟8樓棟0號
斗六市,房地(土地+建物)+車位,雲林縣斗六市文生路,21.96,,鄉村區,乙種建築用地,1110601,土地1建物1車位1,七層,8,華廈(10層含以下有電梯),住家用,鋼筋混凝土造,,94.13,2,2,1,有,無,5430000,63147,坡道機械,16.85,550000,,RPVNMLNKOHHGFAP56CB,聚星,V6棟7樓棟0號
斗六市,房地(土地+建物)+車位,雲林縣斗六市文生路,21.96,,鄉村區,乙種建築用地,1110606,土地1建物1車位1,四層,8,華廈(10層含以下有電梯),住家用,鋼筋混凝土造,,94.13,2,2,1,有,無,4930000,56677,坡道機械,16.85,550000,,RPWNMLNKOHHGFAP66CB,聚星,W6棟4樓棟0號
斗六市,房地(土地+建物)+車位,雲林縣斗六市文生路,30.47,,鄉村區,乙種建築用地,1110602,土地1建物1車位1,三層,8,華廈(10層含以下有電梯),住家用,鋼筋混凝土造,,124.06,3,2,2,有,無,6940000,59603,坡道機械,16.85,550000,,RPXNMLNKOHHGFAP76CB,聚星,W3棟3樓棟0號
斗六市,房地(土地+建物)+車位,雲林縣斗六市文生路,30.47,,鄉村區,乙種建築用地,1110603,土地1建物1車位1,三層,8,華廈(10層含以下有電梯),住家用,鋼筋混凝土造,,175.0,3,2,2,有,無,7850000,60162,坡道平面,67.79,1400000,,RPOOMLNKOHHGFAP58CB,聚星,W5棟3樓棟0號
斗六市,房地(土地+建物),雲林縣斗六市文生路,21.96,,鄉村區,乙種建築用地,1110601,土地1建物1車位0,七層,8,華廈(10層含以下有電梯),住家用,鋼筋混凝土造,,77.28,2,2,1,有,無,4350000,56289,,0.0,0,,RPPOMLNKOHHGFAP68CB,聚星,W2棟7樓棟0號
西螺鎮,房地(土地+建物),雲林縣西螺鎮八德街,99.16,住,,,1110531,土地1建物1車位0,全,4,透天厝,住家用,鋼筋混凝土造,,207.64,4,3,5,有,無,18000000,86688,,0.0,0,,RPPNMLNKOHHGFCP78CB,帝之苑六期,A棟1號
斗南鎮,房地(土地+建物)+車位,雲林縣斗南鎮南昌西路,30.5,住,,,1110612,土地4建物1車位1,一層,10,華廈(10層含以下有電梯),住家用,鋼筋混凝土造,,122.18,3,2,2,有,無,9370000,85344,坡道平面,26.45,1200000,,RPPNMLNKOHHGFBP68CB,國際園首,1棟1C號
西螺鎮,房地(土地+建物),雲林縣西螺鎮詔安里9鄰51-1號旁,106.14,住,,,1110606,土地2建物1車位0,全,3,透天厝,住家用,鋼筋混凝土造,,171.06,5,2,4,有,無,9100000,53198,,0.0,0,,RPPNMLOKOHHGFCP88CB,中山淳富,1棟B17號
斗六市,房地(土地+建物)+車位,雲林縣斗六市文生路,30.47,,鄉村區,乙種建築用地,1110604,土地1建物1車位1,五層,8,華廈(10層含以下有電梯),住家用,鋼筋混凝土造,,140.9,3,2,2,有,無,6860000,53726,一樓平面,33.69,1100000,,RPPNMLOKOHHGFAP68CB,聚星,W1棟5樓棟0號
斗六市,房地(土地+建物)+車位,雲林縣斗六市文生路,30.47,,鄉村區,乙種建築用地,1110604,土地1建物1車位1,五層,8,華廈(10層含以下有電梯),住家用,鋼筋混凝土造,,140.9,3,2,2,有,無,6860000,53726,一樓平面,33.69,1100000,,RPQNMLOKOHHGFAP78CB,聚星,W3棟5樓棟0號
斗六市,房地(土地+建物)+車位,雲林縣斗六市文生路,30.45,,鄉村區,乙種建築用地,1110603,土地1建物1車位1,五層,8,華廈(10層含以下有電梯),住家用,鋼筋混凝土造,,175.0,3,2,2,有,無,7600000,57830,坡道平面,67.79,1400000,,RPRNMLOKOHHGFAP88CB,聚星,W7棟5樓棟0號
斗六市,房地(土地+建物)+車位,雲林縣斗六市文生路,30.45,,鄉村區,乙種建築用地,1110606,土地1建物1車位1,七層,8,華廈(10層含以下有電梯),住家用,鋼筋混凝土造,,140.9,3,2,2,有,無,6770000,48048,坡道平面,0.0,1000000,,RPSNMLOKOHHGFAP98CB,聚星,W7棟7樓棟0號
斗六市,房地(土地+建物)+車位,雲林縣斗六市文生路,21.96,,鄉村區,乙種建築用地,1110608,土地1建物1車位1,五層,8,華廈(10層含以下有電梯),住家用,鋼筋混凝土造,,94.13,2,2,1,有,無,4800000,54995,坡道機械,16.85,550000,,RPPNMLPKOHHGFAP78CB,聚星,W6棟5樓棟0號
斗六市,房地(土地+建物)+車位,雲林縣斗六市文生路,30.47,,鄉村區,乙種建築用地,1110612,土地1建物1車位1,四層,8,華廈(10層含以下有電梯),住家用,鋼筋混凝土造,,138.19,3,2,2,有,無,7030000,56245,一樓平面,30.98,1000000,,RPQNMLPKOHHGFAP88CB,聚星,W5棟4樓棟0號
斗六市,房地(土地+建物)+車位,雲林縣斗六市文生路,30.47,,鄉村區,乙種建築用地,1110605,土地1建物1車位1,六層,8,華廈(10層含以下有電梯),住家用,鋼筋混凝土造,,140.9,3,2,2,有,無,6580000,52047,一樓平面,33.69,1000000,,RPRNMLPKOHHGFAP98CB,聚星,V3棟6樓棟0號
斗六市,房地(土地+建物)+車位,雲林縣斗六市文生路,21.96,,鄉村區,乙種建築用地,1110611,土地1建物1車位1,八層,8,華廈(10層含以下有電梯),住家用,鋼筋混凝土造,,94.13,2,2,1,有,無,4920000,56548,坡道機械,16.85,550000,,RPSNMLPKOHHGFAP09CB,聚星,V2棟8樓棟0號
斗六市,房地(土地+建物)+車位,雲林縣斗六市文生路,21.96,,鄉村區,乙種建築用地,1110611,土地1建物1車位1,七層,8,華廈(10層含以下有電梯),住家用,鋼筋混凝土造,,94.13,2,2,1,有,無,4920000,56548,坡道機械,16.85,550000,,RPTNMLPKOHHGFAP56CB,聚星,V2棟7樓棟0號
二崙鄉,房地(土地+建物),雲林縣二崙鄉定安路75-1號旁,132.05,,鄉村區,乙種建築用地,1110609,土地3建物1車位0,全,3,透天厝,住家用,鋼筋混凝土造,,150.21,5,1,4,有,無,7700000,51262,,0.0,0,,RPPNMLPKOHHGFCP98CB,定安１號苑,2棟B7號
二崙鄉,房地(土地+建物),雲林縣二崙鄉定安路75-1號旁,109.35,,鄉村區,乙種建築用地,1110613,土地1建物1車位0,全,3,透天厝,住家用,鋼筋混凝土造,,171.47,5,1,4,有,無,8880000,51787,,0.0,0,,RPQNMLPKOHHGFCP09CB,定安１號苑,1棟A7號
虎尾鎮,房地(土地+建物),雲林縣虎尾鎮永興南一街,118.0,住,,,1110521,土地2建物1車位0,全,3,透天厝,住家用,鋼筋混凝土造,,212.16,4,2,4,有,無,14580000,68722,,0.0,0,,RPSNMLPKOHHGFDP76CB,大於,C棟3號
古坑鄉,房地(土地+建物),雲林縣古坑鄉廣濟路,136.79,,鄉村區,乙種建築用地,1110614,土地4建物1車位0,全,3,透天厝,住家用,鋼筋混凝土造,,206.0,4,2,4,有,無,11700000,56796,,0.0,0,古坑鄉高林北段564地號，本筆土地為提供道路使用附贈與予買方。,RPPNMLPKOHHGFAP88DB,荷翠,B棟9號
莿桐鄉,房地(土地+建物),雲林縣莿桐鄉大美路,156.0,,一般農業區,甲種建築用地,1110523,土地2建物1車位0,全,2,透天厝,住家用,鋼筋混凝土造,,149.7,4,2,3,有,無,8600000,57448,,0.0,0,,RPQNMLPKOHHGFAP98DB,春不老,B棟36號
虎尾鎮,房地(土地+建物)+車位,雲林縣虎尾鎮福德段765地號,36.75,,特定農業區,甲種建築用地,1110521,土地1建物1車位1,五層,5,華廈(10層含以下有電梯),住家用,鋼筋混凝土造,,109.02,3,2,2,有,無,6800000,70511,一樓平面,20.24,540000,,RPPNMLQKOHHGFDP56CB,大三合,B棟4號
斗六市,房地(土地+建物)+車位,雲林縣斗六市科?一路,118.05,,工業區,丁種建築用地,1110611,土地2建物1車位1,全,3,透天厝,住家用,鋼筋混凝土造,,181.81,4,2,4,有,無,10300000,56653,一樓平面,0.0,0,,RPPNMLQKOHHGFAP88CB,幸福ING-NO.2,E4號
斗六市,房地(土地+建物)+車位,雲林縣斗六市科?一路,110.15,,工業區,丁種建築用地,1110531,土地3建物1車位1,全,3,透天厝,住家用,鋼筋混凝土造,,170.09,4,2,4,有,無,9900000,58204,一樓平面,0.0,0,,RPQNMLQKOHHGFAP98CB,幸福ING-NO.2,C9號
斗六市,房地(土地+建物)+車位,雲林縣斗六市科?一路,106.74,,工業區,丁種建築用地,1110605,土地2建物1車位1,全,3,透天厝,住家用,鋼筋混凝土造,,164.7,4,2,4,有,無,9700000,58895,一樓平面,0.0,0,,RPRNMLQKOHHGFAP09CB,幸福ING-NO.2,A6號
斗六市,房地(土地+建物),雲林縣斗六市石榴路,23.43,,一般農業區,甲種建築用地,1110520,土地1建物1車位0,四層,9,華廈(10層含以下有電梯),住家用,鋼筋混凝土造,,82.36,2,1,1,有,無,4000000,48567,,0.0,0,,RPSNMLQKOHHGFAP56CB,斗六綻,B棟N號
斗六市,房地(土地+建物)+車位,雲林縣斗六市科?一路,122.97,,工業區,丁種建築用地,1110611,土地3建物1車位1,全,3,透天厝,住家用,鋼筋混凝土造,,188.23,4,2,4,有,無,10700000,56845,一樓平面,0.0,0,,RPTNMLQKOHHGFAP66CB,幸福ING-NO.2,D11號
斗六市,房地(土地+建物),雲林縣斗六市石榴路,23.43,,一般農業區,甲種建築用地,1110526,土地1建物1車位0,四層,9,華廈(10層含以下有電梯),住家用,鋼筋混凝土造,,82.36,2,1,1,有,無,4000000,48567,,0.0,0,,RPUNMLQKOHHGFAP76CB,斗六綻,A棟C號
斗六市,房地(土地+建物)+車位,雲林縣斗六市科?一路,117.17,,工業區,丁種建築用地,1110529,土地2建物1車位1,全,3,透天厝,住家用,鋼筋混凝土造,,181.81,4,2,4,有,無,10300000,56653,一樓平面,0.0,0,,RPVNMLQKOHHGFAP86CB,幸福ING-NO.2,D3號
斗六市,房地(土地+建物)+車位,雲林縣斗六市科?一路,117.16,,工業區,丁種建築用地,1110529,土地2建物1車位1,全,3,透天厝,住家用,鋼筋混凝土造,,181.81,4,2,4,有,無,10300000,56653,一樓平面,0.0,0,,RPWNMLQKOHHGFAP96CB,幸福ING-NO.2,D2號
斗六市,房地(土地+建物)+車位,雲林縣斗六市斗六五路,10.64,商,,,1110602,土地1建物1車位1,十一層,15,住宅大樓(11層含以上有電梯),住家用,鋼筋混凝土造,,144.67,3,1,2,有,無,9000000,69067,坡道平面,28.84,1000000,,RPXNMLQKOHHGFAP07CB,享未來,11F-A3號
虎尾鎮,房地(土地+建物),雲林縣虎尾鎮延平段1322-2、1322-3地段,95.72,,鄉村區,乙種建築用地,1110606,土地2建物1車位0,全,3,透天厝,住家用,鋼筋混凝土造,,186.81,4,1,4,有,無,8700000,46571,,0.0,0,,RPRNMLRKOHHGFDP86CB,弘鋆福家二期,B棟2號
虎尾鎮,房地(土地+建物),雲林縣虎尾鎮延平段1322-2、1322-3地段,95.83,,鄉村區,乙種建築用地,1110604,土地2建物1車位0,全,3,透天厝,住家用,鋼筋混凝土造,,186.81,4,1,4,有,無,9400000,50319,,0.0,0,,RPSNMLRKOHHGFDP96CB,弘鋆福家二期,B棟3號
莿桐鄉,房地(土地+建物),雲林縣莿桐鄉大美路,156.0,,一般農業區,甲種建築用地,1110605,土地2建物1車位0,全,2,透天厝,住家用,鋼筋混凝土造,,149.79,4,2,3,有,無,8200000,54743,,0.0,0,,RPPNMLRKOHHGFAP09DB,春不老,B棟28號
斗南鎮,房地(土地+建物),雲林縣斗南鎮南昌西路,23.87,住,,,1110619,土地4建物1車位0,六層,10,華廈(10層含以下有電梯),住家用,鋼筋混凝土造,,74.82,2,2,1,有,無,5580000,74579,,0.0,0,,RPPNMLTKOHHGFBP66CB,國際園首,1棟6D號
斗南鎮,房地(土地+建物),雲林縣斗南鎮南昌西路,23.87,住,,,1110620,土地4建物1車位0,十層,10,華廈(10層含以下有電梯),住家用,鋼筋混凝土造,,74.82,2,2,1,有,無,5680000,75916,,0.0,0,,RPPNMLKLOHHGFBP48CB,國際園首,1棟10L號
二崙鄉,房地(土地+建物),雲林縣二崙鄉 定安路75-1號旁,171.66,,鄉村區,乙種建築用地,1110620,土地3建物1車位0,全,3,透天厝,住家用,鋼筋混凝土造,,219.2,6,1,4,有,無,10580000,48266,,0.0,0,,RPRNMLKLOHHGFCP78CB,定安１號苑,3棟C9號
斗六市,房地(土地+建物)+車位,雲林縣斗六市科?一路,137.7,,工業區,丁種建築用地,1110618,土地2建物1車位1,全,3,透天厝,住家用,鋼筋混凝土造,,187.57,4,2,4,有,無,10950000,58378,一樓平面,0.0,0,,RPPNMLKLOHHGFAP38CB,幸福ING-NO.2,F6號
斗六市,房地(土地+建物)+車位,雲林縣斗六市科?一路,34.42,,工業區,丁種建築用地,1110615,土地2建物1車位1,五層,7,華廈(10層含以下有電梯),住家用,鋼筋混凝土造,,130.7,3,2,2,有,無,7280000,55700,坡道平面,29.63,0,,RPPNMLLLOHHGFAP48CB,翡翠森林,A棟5FA5號
斗六市,房地(土地+建物),雲林縣斗六市石榴路,22.24,,一般農業區,甲種建築用地,1110528,土地1建物1車位0,七層,9,華廈(10層含以下有電梯),住家用,鋼筋混凝土造,,78.04,2,1,1,有,無,3150000,40364,,0.0,0,,RPPNMLMLOHHGFAP58CB,斗六綻,A棟B號
二崙鄉,房地(土地+建物),雲林縣二崙鄉中正路,153.83,住,,,1110611,土地2建物1車位0,全,3,透天厝,住家用,鋼筋混凝土造,,221.79,4,2,5,有,無,11880000,53564,,0.0,0,,RPQNMLMLOHHGFCP88CB,寬庭恆美,B棟11號
虎尾鎮,房地(土地+建物)+車位,雲林縣虎尾鎮永興南九路,32.75,住,,,1110619,土地1建物1車位1,四層,14,住宅大樓(11層含以上有電梯),住家用,鋼筋混凝土造,,164.69,3,1,2,有,無,12060000,75659,坡道平面,19.83,1100000,,RPPNMLMLOHHGFDP88CB,禾楓君悅-農博綻,A棟1號
虎尾鎮,房地(土地+建物)+車位,雲林縣虎尾鎮永興南九路,31.45,住,,,1110620,土地1建物1車位1,十二層,14,住宅大樓(11層含以上有電梯),住家用,鋼筋混凝土造,,159.38,3,1,2,有,無,11340000,74095,坡道平面,19.83,1000000,,RPQNMLMLOHHGFDP98CB,禾楓君悅-農博綻,A棟5號
斗南鎮,房地(土地+建物)+車位,雲林縣斗南鎮南昌西路,32.7,住,,,1110622,土地4建物1車位1,十層,10,華廈(10層含以下有電梯),住家用,鋼筋混凝土造,,139.12,3,2,2,有,無,8980000,74932,坡道平面,36.36,1280000,,RPPNMLMLOHHGFBP68CB,國際園首,1棟10H號
北港鎮,房地(土地+建物),雲林縣北港鎮聖母七路,176.42,住,,,1110613,土地1建物1車位0,全,4,透天厝,住家用,鋼筋混凝土造,,296.72,5,2,5,有,無,17880000,60259,,0.0,0,,RPPNMLMLOHHGFEP98CB,老莊,A棟3號
土庫鎮,房地(土地+建物)+車位,雲林縣土庫鎮菜園段,50.62,住,,,1110618,土地1建物1車位1,五層,6,華廈(10層含以下有電梯),住家用,鋼筋混凝土造,,123.0,3,2,2,有,無,6980000,57813,一樓平面,16.45,820000,,RPQNMLNLOHHGFDP09CB,百富,5樓A5棟0號
土庫鎮,房地(土地+建物)+車位,雲林縣土庫鎮菜園段,50.62,住,,,1110607,土地1建物1車位1,五層,6,華廈(10層含以下有電梯),住家用,鋼筋混凝土造,,123.0,3,2,2,有,無,6700000,55931,一樓平面,17.87,820000,,RPRNMLNLOHHGFDP56CB,百富,5樓A1棟0號
土庫鎮,房地(土地+建物)+車位,雲林縣土庫鎮菜園段,50.62,住,,,1110607,土地1建物1車位1,五層,6,華廈(10層含以下有電梯),住家用,鋼筋混凝土造,,123.0,3,2,2,有,無,6700000,55931,一樓平面,17.87,820000,,RPSNMLNLOHHGFDP66CB,百富,5樓A3棟0號
西螺鎮,房地(土地+建物),雲林縣西螺鎮振興里,183.23,住,,,1110528,土地6建物1車位0,全,4,透天厝,住家用,鋼筋混凝土造,,290.16,5,2,5,有,無,21000000,72374,,0.0,0,,RPPNMLNLOHHGFCP88CB,大砌,B棟1號
崙背鄉,房地(土地+建物),雲林縣崙背鄉豐榮段398-3地號,88.08,,鄉村區,乙種建築用地,1110617,土地1建物1車位0,全,3,透天厝,住家用,鋼筋混凝土造,,145.98,4,2,3,有,無,6680000,45760,,0.0,0,,RPQNMLNLOHHGFCP98CB,幸福居第六期,D棟0號
斗六市,房地(土地+建物)+車位,雲林縣斗六市文生路,30.47,,鄉村區,乙種建築用地,1110614,土地1建物1車位1,五層,8,華廈(10層含以下有電梯),住家用,鋼筋混凝土造,,140.9,3,2,2,有,無,6950000,54566,一樓平面,33.69,1100000,,RPPNMLNLOHHGFAP68CB,聚星,W5棟5樓棟0號
斗六市,房地(土地+建物)+車位,雲林縣斗六市文生路,21.96,,鄉村區,乙種建築用地,1110618,土地1建物1車位1,三層,8,華廈(10層含以下有電梯),住家用,鋼筋混凝土造,,94.13,2,2,1,有,無,4800000,57453,坡道機械,16.85,360000,,RPQNMLNLOHHGFAP78CB,聚星,W6棟3樓棟0號
斗六市,房地(土地+建物)+車位,雲林縣斗六市文生路,21.96,,鄉村區,乙種建築用地,1110612,土地1建物1車位1,四層,8,華廈(10層含以下有電梯),住家用,鋼筋混凝土造,,94.13,2,2,1,有,無,4740000,56677,坡道機械,16.85,360000,,RPRNMLNLOHHGFAP88CB,聚星,V6棟4樓棟0號
斗六市,房地(土地+建物)+車位,雲林縣斗六市文生路,30.47,,鄉村區,乙種建築用地,1110612,土地1建物1車位1,五層,8,華廈(10層含以下有電梯),住家用,鋼筋混凝土造,,124.06,3,2,2,有,無,6870000,69935,坡道機械,33.69,550000,,RPSNMLNLOHHGFAP98CB,聚星,V5棟5樓棟0號
林內鄉,房地(土地+建物),雲林縣林內鄉民權路,70.06,,鄉村區,乙種建築用地,1110611,土地2建物1車位0,全,3,透天厝,住家用,鋼筋混凝土造,,143.13,3,2,3,有,無,6300000,44016,,0.0,0,,RPPNMLOLOHHGFAP78CB,姮興光禾墅,D5棟0號
土庫鎮,房地(土地+建物),雲林縣土庫鎮成功路,123.33,住,,,1110531,土地3建物1車位0,全,3,透天厝,住家用,鋼筋混凝土造,,168.93,4,2,4,有,無,10080000,59670,,0.0,0,,RPPNMLOLOHHGFDP09CB,愛家,C棟16號
土庫鎮,房地(土地+建物),雲林縣土庫鎮成功路,123.33,住,,,1110604,土地3建物1車位0,全,3,透天厝,住家用,鋼筋混凝土造,,168.93,4,2,4,有,無,10180000,60262,,0.0,0,,RPQNMLOLOHHGFDP56CB,愛家,C棟5號
土庫鎮,房地(土地+建物)+車位,雲林縣土庫鎮成功路,34.74,住,,,1110605,土地2建物1車位1,七層,7,華廈(10層含以下有電梯),住家用,鋼筋混凝土造,,127.54,2,2,2,有,無,6160000,53022,一樓平面,26.45,800000,,RPSNMLOLOHHGFDP76CB,愛家,C棟7號
斗南鎮,房地(土地+建物)+車位,雲林縣斗南鎮南昌西路,28.26,住,,,1110624,土地4建物1車位1,六層,10,華廈(10層含以下有電梯),住家用,鋼筋混凝土造,,115.11,2,2,2,有,無,7730000,73652,坡道平面,26.45,1200000,,RPPNMLPLOHHGFBP98CB,國際園首,1棟6P號
虎尾鎮,房地(土地+建物)+車位,雲林縣虎尾鎮忠孝路,15.17,商,,,1110626,土地11建物1車位1,十五層,15,住宅大樓(11層含以上有電梯),見其他登記事項,鋼筋混凝土造,,140.86,3,2,2,有,無,11250000,93380,坡道平面,32.7,1150000,,RPPNMLQLOHHGFDP66CB,鎧將雲鼎,B棟15F-J號
西螺鎮,房地(土地+建物),雲林縣西螺鎮安定,103.44,住,,,1110618,土地6建物1車位0,全,3,透天厝,住家用,鋼筋混凝土造,,147.06,4,2,4,有,無,6980000,47464,,0.0,0,,RPPNMLRLOHHGFCP66CB,埔心荷雅,B棟7號
北港鎮,房地(土地+建物)+車位,雲林縣北港鎮四維街,55.16,住,,,1110624,土地8建物1車位1,五層,5,華廈(10層含以下有電梯),住家用,鋼筋混凝土造,,161.55,4,2,2,有,無,7500000,46425,一樓平面,18.18,0,,RPPNMLRLOHHGFEP86CB,武財天下二期公寓案,B棟6號
古坑鄉,房地(土地+建物),雲林縣古坑鄉廣濟路,152.24,,鄉村區,乙種建築用地,1110625,土地4建物1車位0,全,3,透天厝,住家用,鋼筋混凝土造,,176.19,4,2,4,有,無,10500000,59595,,0.0,0,古坑鄉高林北段564地號，本筆土地為提供道路使用附贈與予買方。,RPPNMLRLOHHGFAP56DB,荷翠二期,A棟7號
斗六市,房地(土地+建物)+車位,雲林縣斗六市文化路,32.89,,特定農業區,甲種建築用地,1110625,土地1建物1車位1,三層,10,華廈(10層含以下有電梯),住家用,鋼筋混凝土造,,145.24,3,1,2,有,無,7850000,59764,坡道平面,28.95,900000,,RPPNMLRLOHHGFAP09CB,璞樸莊園Twin House,A棟A3號
斗六市,房地(土地+建物)+車位,雲林縣斗六市文化路,30.88,,特定農業區,甲種建築用地,1110626,土地1建物1車位1,三層,10,華廈(10層含以下有電梯),住家用,鋼筋混凝土造,,140.7,3,1,2,有,無,7500000,60445,坡道平面,31.51,900000,,RPQNMLRLOHHGFAP56CB,璞樸莊園Twin House,B棟B5號
斗南鎮,房地(土地+建物)+車位,雲林縣斗南鎮南昌西路,24.67,住,,,1110627,土地4建物1車位1,九層,10,華廈(10層含以下有電梯),住家用,鋼筋混凝土造,,103.88,2,2,1,有,無,6950000,74261,坡道平面,26.45,1200000,,RPPNMLSLOHHGFBP66CB,國際園首,1棟9O號
西螺鎮,房地(土地+建物),雲林縣西螺鎮西興南路438巷,79.4,住,,,1110615,土地1建物1車位0,全,4,透天厝,住家用,鋼筋混凝土造,,160.65,4,3,4,有,無,10500000,65359,,0.0,0,,RPPNMLSLOHHGFCP76CB,一品居,A棟5號
西螺鎮,房地(土地+建物),雲林縣西螺鎮西興南路438巷,79.4,住,,,1110627,土地1建物1車位0,全,4,透天厝,住家用,鋼筋混凝土造,,160.65,4,3,4,有,無,10500000,65359,,0.0,0,,RPQNMLSLOHHGFCP86CB,一品居,A棟6號
二崙鄉,房地(土地+建物),雲林縣二崙鄉定安路75-1號旁,120.69,,鄉村區,乙種建築用地,1110627,土地2建物1車位0,全,3,透天厝,住家用,鋼筋混凝土造,,149.7,5,1,4,有,無,7480000,49967,,0.0,0,,RPRNMLSLOHHGFCP96CB,定安１號苑,4棟D3號
西螺鎮,房地(土地+建物),雲林縣西螺鎮頂湳段227-4地號,58.05,,鄉村區,乙種建築用地,1110603,土地3建物1車位0,全,3,透天厝,住家用,鋼筋混凝土造,,104.0,3,2,3,有,無,8180000,78654,,0.0,0,,RPQNMLTLOHHGFCP96CB,翔富璟馥,A棟1號
斗六市,房地(土地+建物)+車位,雲林縣斗六市中正路,16.28,商,,,1110628,土地1建物1車位1,十層,15,住宅大樓(11層含以上有電梯),住家用,鋼筋混凝土造,,162.7,3,1,2,有,無,13600000,96533,坡道平面,35.8,1350000,,RPPNMLTLOHHGFAP66CB,品風華,10FA棟3號
斗南鎮,房地(土地+建物),雲林縣斗南鎮南昌西路,23.87,住,,,1110629,土地4建物1車位0,三層,10,華廈(10層含以下有電梯),住家用,鋼筋混凝土造,,74.82,2,2,1,有,無,5460000,72975,,0.0,0,,RPPNMLKMOHHGFBP58CB,國際園首,1棟3D號
二崙鄉,房地(土地+建物),雲林縣二崙鄉定安路75-1號旁,105.54,,鄉村區,乙種建築用地,1110630,土地2建物1車位0,全,3,透天厝,住家用,鋼筋混凝土造,,149.67,5,1,4,有,無,6980000,46636,,0.0,0,,RPPNMLLJPHHGFCP58CB,定安１號苑,3棟C6號
二崙鄉,房地(土地+建物),雲林縣二崙鄉定安路75-1號旁,120.69,,鄉村區,乙種建築用地,1110630,土地2建物1車位0,全,3,透天厝,住家用,鋼筋混凝土造,,149.7,5,1,4,有,無,7460000,49833,,0.0,0,,RPQNMLLJPHHGFCP68CB,定安１號苑,4棟D8號
西螺鎮,房地(土地+建物),雲林縣西螺鎮詔安里詔安,116.43,農,,,1110625,土地3建物1車位0,全,4,透天厝,住家用,鋼筋混凝土造,,215.14,4,3,3,有,無,11700000,54383,,0.0,0,,RPQNMLNJPHHGFCP88CB,品味居NO3,F棟1號
虎尾鎮,房地(土地+建物)+車位,雲林縣虎尾鎮忠孝路,15.17,商,,,1110629,土地11建物1車位1,九層,15,住宅大樓(11層含以上有電梯),見其他登記事項,鋼筋混凝土造,,140.86,3,2,2,有,無,11000000,91069,坡道平面,32.7,1150000,,RPPNMLNJPHHGFDP88CB,鎧將雲鼎,B棟9F-H號
斗六市,房地(土地+建物)+車位,雲林縣斗六市科?一路,122.04,,工業區,丁種建築用地,1110625,土地3建物1車位1,全,3,透天厝,住家用,鋼筋混凝土造,,187.81,4,2,4,有,無,10700000,56972,一樓平面,0.0,0,,RPQNMLNJPHHGFAP68CB,幸福ING-NO.2,C10號
斗六市,房地(土地+建物)+車位,雲林縣斗六市科?一路,106.74,,工業區,丁種建築用地,1110624,土地2建物1車位1,全,3,透天厝,住家用,鋼筋混凝土造,,164.7,4,2,4,有,無,9700000,58895,一樓平面,0.0,0,,RPRNMLNJPHHGFAP78CB,幸福ING-NO.2,A4號
斗六市,房地(土地+建物)+車位,雲林縣斗六市科?一路,111.84,,工業區,丁種建築用地,1110629,土地2建物1車位1,全,3,透天厝,住家用,鋼筋混凝土造,,170.09,4,2,4,有,無,9900000,58204,一樓平面,0.0,0,,RPPNMLOJPHHGFAP68CB,幸福ING-NO.2,E7號
斗六市,房地(土地+建物)+車位,雲林縣斗六市文化路,32.85,,特定農業區,甲種建築用地,1110703,土地1建物1車位1,四層,10,華廈(10層含以下有電梯),住家用,鋼筋混凝土造,,145.1,3,1,2,有,無,7950000,60697,坡道平面,28.95,900000,,RPRNMLOJPHHGFAP88CB,璞樸莊園Twin House,A棟A1號
斗六市,房地(土地+建物)+車位,雲林縣斗六市文生路,30.47,,鄉村區,乙種建築用地,1110629,土地1建物1車位1,七層,8,華廈(10層含以下有電梯),住家用,鋼筋混凝土造,,140.9,3,2,2,有,無,7800000,62494,一樓平面,33.69,1100000,,RPSNMLOJPHHGFAP98CB,聚星,W3棟7樓棟0號
斗六市,房地(土地+建物)+車位,雲林縣斗六市文生路,30.47,,鄉村區,乙種建築用地,1110618,土地1建物1車位1,七層,8,華廈(10層含以下有電梯),住家用,鋼筋混凝土造,,143.95,3,2,2,有,無,7250000,59230,坡道平面,36.74,900000,,RPTNMLOJPHHGFAP09CB,聚星,V5棟7樓棟0號
斗南鎮,房地(土地+建物)+車位,雲林縣斗南鎮南昌西路,30.54,住,,,1110703,土地4建物1車位1,十層,10,華廈(10層含以下有電梯),住家用,鋼筋混凝土造,,122.23,3,2,2,有,無,8380000,74963,坡道平面,26.45,1200000,,RPPNMLOJPHHGFBP78CB,國際園首,1棟10M號
斗南鎮,房地(土地+建物)+車位,雲林縣斗南鎮南昌西路,23.83,住,,,1110703,土地4建物1車位1,一層,10,華廈(10層含以下有電梯),住家用,鋼筋混凝土造,,87.96,2,2,1,有,無,6780000,80011,坡道機械,13.22,800000,,RPQNMLOJPHHGFBP88CB,國際園首,1棟1D號
古坑鄉,房地(土地+建物),雲林縣古坑鄉廣濟路,136.79,,鄉村區,乙種建築用地,1110702,土地4建物1車位0,全,3,透天厝,住家用,鋼筋混凝土造,,210.29,4,2,4,有,無,11780000,56018,,0.0,0,古坑鄉高林北段564地號，本筆土地為提供道路使用附贈與予買方。,RPPNMLOJPHHGFAP78DB,荷翠,B棟13號
斗六市,房地(土地+建物)+車位,雲林縣斗六市中正路,14.5,商,,,1110705,土地1建物1車位1,十層,15,住宅大樓(11層含以上有電梯),住家用,鋼筋混凝土造,,149.14,3,1,2,有,無,12300000,97935,坡道平面,35.8,1200000,,RPRNMLQJPHHGFAP56DB,品風華,10FE棟2號
二崙鄉,房地(土地+建物),雲林縣二崙鄉定安路75-1號旁,203.9,,鄉村區,乙種建築用地,1110705,土地2建物1車位0,全,3,透天厝,住家用,鋼筋混凝土造,,210.22,5,1,3,有,無,11500000,54705,,0.0,0,,RPPNMLQJPHHGFCP09CB,定安１號苑,1棟A1號
二崙鄉,房地(土地+建物),雲林縣二崙鄉 定安路75-1號旁,94.97,,鄉村區,乙種建築用地,1110705,土地1建物1車位0,全,3,透天厝,住家用,鋼筋混凝土造,,170.53,5,1,4,有,無,8560000,50196,,0.0,0,,RPQNMLQJPHHGFCP56CB,定安１號苑,1棟A6號
斗六市,房地(土地+建物)+車位,雲林縣斗六市文化路,24.79,,特定農業區,甲種建築用地,1110705,土地1建物1車位1,六層,10,華廈(10層含以下有電梯),住家用,鋼筋混凝土造,,119.16,2,1,1,有,無,6500000,63890,坡道平面,31.51,900000,,RPPNMLQJPHHGFAP88CB,璞樸莊園Twin House,B棟B3號
斗六市,房地(土地+建物)+車位,雲林縣斗六市中正路,15.12,商,,,1110705,土地1建物1車位1,三層,15,住宅大樓(11層含以上有電梯),住家用,鋼筋混凝土造,,154.01,3,1,2,有,無,10900000,82057,坡道平面,35.8,1200000,,RPQNMLQJPHHGFAP98CB,品風華,3FE棟5號
斗六市,房地(土地+建物),雲林縣斗六市科?一路,82.16,,工業區,丁種建築用地,1110625,土地3建物1車位0,全,3,透天厝,住家用,鋼筋混凝土造,,144.66,4,2,5,有,無,8280000,57238,,0.0,0,,RPTNMLQJPHHGFAP66CB,綠邸三期,C6號
斗六市,房地(土地+建物),雲林縣斗六市科?一路,82.16,,工業區,丁種建築用地,1110619,土地3建物1車位0,全,3,透天厝,住家用,鋼筋混凝土造,,144.66,4,2,5,有,無,8280000,57238,,0.0,0,,RPUNMLQJPHHGFAP76CB,綠邸三期,B11號
斗六市,房地(土地+建物),雲林縣斗六市科?一路,82.16,,工業區,丁種建築用地,1110624,土地3建物1車位0,全,3,透天厝,住家用,鋼筋混凝土造,,144.66,4,2,5,有,無,8180000,56546,,0.0,0,,RPOOMLQJPHHGFAP88CB,綠邸三期,B13號
斗六市,房地(土地+建物),雲林縣斗六市科?一路,82.16,,工業區,丁種建築用地,1110624,土地3建物1車位0,全,3,透天厝,住家用,鋼筋混凝土造,,144.66,4,2,5,有,無,8180000,56546,,0.0,0,,RPPOMLQJPHHGFAP98CB,綠邸三期,B15號
斗六市,房地(土地+建物)+車位,雲林縣斗六市文生路,30.47,,鄉村區,乙種建築用地,1110703,土地1建物1車位1,五層,8,華廈(10層含以下有電梯),住家用,鋼筋混凝土造,,140.9,3,2,2,有,無,6490000,51208,一樓平面,33.69,1000000,,RPQNMLRJPHHGFAP09CB,聚星,V3棟5樓棟0號
斗六市,房地(土地+建物)+車位,雲林縣斗六市文生路,30.47,,鄉村區,乙種建築用地,1110702,土地1建物1車位1,八層,8,華廈(10層含以下有電梯),住家用,鋼筋混凝土造,,124.06,3,2,2,有,無,6250000,53820,坡道機械,16.85,480000,,RPRNMLRJPHHGFAP56CB,聚星,V5棟8樓棟0號
斗六市,房地(土地+建物),雲林縣斗六市石榴路,22.24,,一般農業區,甲種建築用地,1110614,土地1建物1車位0,二層,9,華廈(10層含以下有電梯),住家用,鋼筋混凝土造,,78.04,2,1,1,有,無,3890000,49846,,0.0,0,,RPSNMLRJPHHGFAP66CB,斗六綻,A棟B號
西螺鎮,房地(土地+建物),雲林縣西螺鎮福興路,102.1,住,,,1110619,土地1建物1車位0,全,3,透天厝,住家用,鋼筋混凝土造,,217.7,4,2,5,有,無,13000000,59715,,0.0,0,,RPPNMLRJPHHGFCP56CB,首席大郡11,B棟6號
西螺鎮,房地(土地+建物),雲林縣西螺鎮福興路,105.1,住,,,1110515,土地1建物1車位0,全,3,透天厝,住家用,鋼筋混凝土造,,221.0,4,2,5,有,無,12600000,57014,,0.0,0,,RPQNMLRJPHHGFCP66CB,首席大郡11,c棟2號
西螺鎮,房地(土地+建物),雲林縣西螺鎮福興路,103.6,住,,,1110523,土地1建物1車位0,全,3,透天厝,住家用,鋼筋混凝土造,,220.0,4,2,5,有,無,12800000,58182,,0.0,0,,RPRNMLRJPHHGFCP76CB,首席大郡11,c棟3號
虎尾鎮,房地(土地+建物)+車位,雲林縣虎尾鎮永興南九路,42.63,住,,,1110703,土地1建物1車位2,十三層,14,住宅大樓(11層含以上有電梯),住家用,鋼筋混凝土造,,227.8,4,1,2,有,無,17570000,81694,坡道平面,39.66,2200000,,RPPNMLRJPHHGFDP66CB,禾楓君悅-農博綻,A棟2號
虎尾鎮,房地(土地+建物)+車位,雲林縣虎尾鎮永興南二街,26.82,住,,,1110619,土地1建物1車位1,十層,11,住宅大樓(11層含以上有電梯),住家用,鋼筋混凝土造,,130.94,3,1,2,有,無,6100000,47700,坡道平面,19.83,800000,,RPQNMLRJPHHGFDP76CB,禾楓君悅-菁英會館二期,B棟6號
虎尾鎮,房地(土地+建物)+車位,雲林縣虎尾鎮永興南二街,14.14,住,,,1110626,土地1建物1車位1,十層,11,住宅大樓(11層含以上有電梯),住家用,鋼筋混凝土造,,78.19,1,1,1,有,無,3430000,46779,坡道平面,19.83,700000,,RPRNMLRJPHHGFDP86CB,禾楓君悅-菁英會館二期,A棟5號
虎尾鎮,房地(土地+建物),雲林縣虎尾鎮永興南二街,26.82,住,,,1110627,土地1建物1車位0,三層,11,住宅大樓(11層含以上有電梯),住家用,鋼筋混凝土造,,111.11,3,1,2,有,無,5900000,53101,,0.0,0,,RPSNMLRJPHHGFDP96CB,禾楓君悅-菁英會館二期,A棟6號
虎尾鎮,房地(土地+建物),雲林縣虎尾鎮虎興東一街跟永興南一街十字路口,112.54,住,,,1110630,土地1建物1車位0,全,3,透天厝,住家用,鋼筋混凝土造,,215.02,5,1,4,有,無,11500000,53483,,0.0,0,,RPPNMLSJPHHGFDP76CB,禾楓大學六期,D棟2號
虎尾鎮,房地(土地+建物),雲林縣虎尾鎮永興南二街,22.1,住,,,1110630,土地1建物1車位0,三層,11,住宅大樓(11層含以上有電梯),住家用,鋼筋混凝土造,,92.0,2,1,1,有,無,4730000,51413,,0.0,0,,RPQNMLSJPHHGFDP86CB,禾楓君悅-菁英會館二期,A棟8號
西螺鎮,房地(土地+建物),雲林縣西螺鎮漢南段41-5地號,107.12,住,,,1110708,土地2建物1車位0,全,4,透天厝,住家用,鋼筋混凝土造,,165.46,4,2,4,有,無,10300000,62251,,0.0,0,,RPQNMLSJPHHGFCP76CB,京華商城,1棟C2號
,車位,雲林縣斗南鎮守成街,0.0,,,,1110610,土地0建物1車位1,地下一層,9,華廈(10層含以下有電梯),停車空間,鋼筋混凝土造,,19.83,0,0,0,無,無,450000,,坡道機械,19.83,450000,,RPPNMLSJPHHGFBP56CB,幸福好好,B1-20號
斗南鎮,房地(土地+建物),雲林縣斗南鎮南昌西路,30.54,住,,,1110709,土地4建物1車位0,五層,10,華廈(10層含以下有電梯),住家用,鋼筋混凝土造,,95.78,3,2,2,有,無,7560000,78931,,0.0,0,,RPPNMLTJPHHGFBP66CB,國際園首,1棟5M號
斗六市,房地(土地+建物),雲林縣斗六市興合路,101.72,,鄉村區,乙種建築用地,1110626,土地1建物1車位0,全,3,透天厝,住家用,鋼筋混凝土造,,191.47,5,2,4,有,無,12000000,62673,,0.0,0,,RPQNMLTJPHHGFAP66CB,幸福人生2022,A5棟0號
斗六市,房地(土地+建物),雲林縣斗六市興合路,97.72,,鄉村區,乙種建築用地,1110703,土地1建物1車位0,全,3,透天厝,住家用,鋼筋混凝土造,,182.99,5,2,5,有,無,10700000,58473,,0.0,0,,RPRNMLTJPHHGFAP76CB,幸福人生2022,A6棟0號
斗六市,房地(土地+建物),雲林縣斗六市興合路,110.21,,鄉村區,乙種建築用地,1110625,土地1建物1車位0,全,3,透天厝,住家用,鋼筋混凝土造,,191.47,5,2,5,有,無,11600000,60584,,0.0,0,,RPSNMLTJPHHGFAP86CB,幸福人生2022,A4棟0號
斗六市,房地(土地+建物)+車位,雲林縣斗六市嘉東北路,28.12,,鄉村區,乙種建築用地,1110626,土地1建物1車位1,三層,8,華廈(10層含以下有電梯),住家用,鋼筋混凝土造,,124.22,3,2,2,有,無,8130000,70026,坡道平面,22.4,1000000,,RPQNMLLKPHHGFAP58CB,草嶺建設-沐韻II,3E號
斗六市,房地(土地+建物)+車位,雲林縣斗六市嘉東北路,19.89,,鄉村區,乙種建築用地,1110630,土地1建物1車位1,四層,8,華廈(10層含以下有電梯),住家用,鋼筋混凝土造,,94.46,2,2,1,有,無,5940000,68554,坡道平面,22.4,1000000,,RPRNMLLKPHHGFAP68CB,草嶺建設-沐韻II,4C號
斗六市,房地(土地+建物)+車位,雲林縣斗六市嘉東北路,19.89,,鄉村區,乙種建築用地,1110629,土地1建物1車位1,五層,8,華廈(10層含以下有電梯),住家用,鋼筋混凝土造,,94.46,2,2,1,有,無,6250000,72856,坡道平面,22.4,1000000,,RPSNMLLKPHHGFAP78CB,草嶺建設-沐韻II,5C號
斗六市,房地(土地+建物)+車位,雲林縣斗六市嘉東北路,24.67,,鄉村區,乙種建築用地,1110623,土地1建物1車位1,五層,8,華廈(10層含以下有電梯),住家用,鋼筋混凝土造,,111.78,2,2,2,有,無,7130000,68584,坡道平面,22.4,1000000,,RPTNMLLKPHHGFAP88CB,草嶺建設-沐韻II,5D號
斗六市,房地(土地+建物)+車位,雲林縣斗六市嘉東北路,28.12,,鄉村區,乙種建築用地,1110624,土地1建物1車位1,五層,8,華廈(10層含以下有電梯),住家用,鋼筋混凝土造,,124.22,3,2,2,有,無,7880000,67570,坡道平面,22.4,1000000,,RPUNMLLKPHHGFAP98CB,草嶺建設-沐韻II,5E號
斗六市,房地(土地+建物)+車位,雲林縣斗六市嘉東北路,19.89,,鄉村區,乙種建築用地,1110629,土地1建物1車位1,六層,8,華廈(10層含以下有電梯),住家用,鋼筋混凝土造,,94.46,2,2,1,有,無,6250000,72856,坡道平面,22.4,1000000,,RPVNMLLKPHHGFAP09CB,草嶺建設-沐韻II,6C號
斗六市,房地(土地+建物)+車位,雲林縣斗六市嘉東北路,19.9,,鄉村區,乙種建築用地,1110626,土地1建物1車位1,七層,8,華廈(10層含以下有電梯),住家用,鋼筋混凝土造,,95.66,2,2,1,有,無,6380000,73437,坡道平面,22.4,1000000,,RPWNMLLKPHHGFAP56CB,草嶺建設-沐韻II,7C號
斗六市,房地(土地+建物)+車位,雲林縣斗六市嘉東北路,24.68,,鄉村區,乙種建築用地,1110629,土地1建物1車位1,七層,8,華廈(10層含以下有電梯),住家用,鋼筋混凝土造,,113.27,2,2,2,有,無,7530000,71861,坡道平面,22.4,1000000,,RPXNMLLKPHHGFAP66CB,草嶺建設-沐韻II,7D號
斗六市,房地(土地+建物)+車位,雲林縣斗六市嘉東北路,21.96,,鄉村區,乙種建築用地,1110626,土地1建物1車位1,四層,8,華廈(10層含以下有電梯),住家用,鋼筋混凝土造,,101.95,2,2,2,有,無,6600000,69767,坡道平面,22.4,1050000,,RPOOMLLKPHHGFAP48CB,草嶺建設-沐韻II,4A號
斗六市,房地(土地+建物)+車位,雲林縣斗六市嘉東北路,22.07,,鄉村區,乙種建築用地,1110623,土地1建物1車位1,七層,8,華廈(10層含以下有電梯),住家用,鋼筋混凝土造,,103.66,2,1,2,有,無,8130000,87743,坡道平面,22.4,1000000,,RPPOMLLKPHHGFAP58CB,草嶺建設-沐韻II,7A號
虎尾鎮,房地(土地+建物),雲林縣虎尾鎮興安段748-1地號等3筆,39.79,,鄉村區,乙種建築用地,1110628,土地3建物1車位0,二層,5,華廈(10層含以下有電梯),住家用,鋼筋混凝土造,,52.64,1,1,1,有,無,3190000,60600,,0.0,0,,RPPNMLLKPHHGFDP88DB,春豆子-公寓,A棟203號
西螺鎮,房地(土地+建物),雲林縣西螺鎮福興路,103.6,住,,,1110524,土地1建物1車位0,全,3,透天厝,住家用,鋼筋混凝土造,,220.0,4,2,5,有,無,12800000,58182,,0.0,0,,RPPNMLLKPHHGFCP68CB,首席大郡11,C棟6號
虎尾鎮,房地(土地+建物),雲林縣虎尾鎮永興南二街,15.03,住,,,1110627,土地1建物1車位0,二層,11,住宅大樓(11層含以上有電梯),住家用,鋼筋混凝土造,,63.32,1,1,1,有,無,3260000,51485,,0.0,0,,RPPNMLMKPHHGFDP88CB,禾楓君悅-菁英會館二期,A棟7號
虎尾鎮,房地(土地+建物),雲林縣虎尾鎮永興南二街,22.1,住,,,1110702,土地1建物1車位0,四層,11,住宅大樓(11層含以上有電梯),住家用,鋼筋混凝土造,,92.0,2,1,1,有,無,4730000,51413,,0.0,0,,RPQNMLMKPHHGFDP98CB,禾楓君悅-菁英會館二期,A棟8號
虎尾鎮,房地(土地+建物),雲林縣虎尾鎮永興南二街,15.03,住,,,1110702,土地1建物1車位0,八層,11,住宅大樓(11層含以上有電梯),住家用,鋼筋混凝土造,,62.59,1,1,1,有,無,3330000,53203,,0.0,0,,RPRNMLMKPHHGFDP09CB,禾楓君悅-菁英會館二期,B棟7號
東勢鄉,房地(土地+建物),雲林縣東勢鄉東北段康南路上,106.25,住,,,1110621,土地2建物1車位0,全,3,透天厝,見使用執照,鋼筋混凝土造,,178.76,5,2,4,有,無,6500000,36362,,0.0,0,,RPRNMLMKPHHGFFP66CB,太璟建設第二期,B3棟197-19號
東勢鄉,房地(土地+建物),雲林縣東勢鄉東北段康南路上,105.71,住,,,1110706,土地4建物1車位0,全,3,透天厝,住家用,鋼筋混凝土造,,172.95,5,2,4,有,無,7000000,40474,,0.0,0,,RPPNMLNKPHHGFFP56CB,太璟建設第二期,A6棟197-14,15,16號
斗六市,房地(土地+建物),雲林縣斗六市中興路,86.72,,特定農業區,甲種建築用地,1110620,土地2建物1車位0,全,4,透天厝,住家用,鋼筋混凝土造,,171.68,5,1,4,有,無,8300000,48346,,0.0,0,,RPPNMLNKPHHGFAP78DB,皇瑞臻邸,A2號
二崙鄉,房地(土地+建物),雲林縣二崙鄉 定安路75-1號旁,120.69,,鄉村區,乙種建築用地,1110708,土地2建物1車位0,全,3,透天厝,住家用,鋼筋混凝土造,,150.18,4,1,3,有,無,7500000,49940,,0.0,0,,RPPNMLNKPHHGFCP88CB,定安１號苑,4棟D2號
二崙鄉,房地(土地+建物),雲林縣二崙鄉 定安路75-1號旁,134.34,,鄉村區,乙種建築用地,1110712,土地2建物1車位0,全,3,透天厝,住家用,鋼筋混凝土造,,206.8,5,1,3,有,無,10820000,52321,,0.0,0,,RPQNMLNKPHHGFCP98CB,定安１號苑,1棟A2號
斗六市,房地(土地+建物)+車位,雲林縣斗六市科?一路,110.95,,工業區,丁種建築用地,1110708,土地2建物1車位1,全,3,透天厝,住家用,鋼筋混凝土造,,170.09,4,2,4,有,無,9900000,58204,一樓平面,0.0,0,,RPPNMLNKPHHGFAP68CB,幸福ING-NO.2,D7號
斗六市,房地(土地+建物)+車位,雲林縣斗六市斗六六路與斗六五路交叉口,238.19,住,,,1110628,土地1建物1車位7,一層,9,華廈(10層含以下有電梯),見其他登記事項,鋼筋混凝土造,,467.68,0,0,1,有,無,40800000,105191,一樓平面,159.67,8400000,,RPPNMLOKPHHGFAP88DB,青森綠川,店C號
麥寮鄉,房地(土地+建物),雲林縣麥寮鄉仁德路236巷,27.4,,鄉村區,乙種建築用地,1110616,土地1建物1車位0,四層,6,華廈(10層含以下有電梯),住家用,鋼筋混凝土造,,94.27,3,1,2,有,無,4700000,49857,,0.0,0,,RPPNMLOKPHHGFFP66CB,橋頭之星住宅興建工程,B棟2-4F號
麥寮鄉,房地(土地+建物),雲林縣麥寮鄉仁德路236巷,23.25,,鄉村區,乙種建築用地,1110619,土地1建物1車位0,四層,7,華廈(10層含以下有電梯),住家用,鋼筋混凝土造,,81.46,2,1,1,有,無,3880000,47631,,0.0,0,,RPQNMLOKPHHGFFP76CB,橋頭之星住宅興建工程,A棟6-4F號
虎尾鎮,房地(土地+建物),雲林縣虎尾鎮永興南一街,119.0,住,,,1110619,土地2建物1車位0,全,3,透天厝,住家用,鋼筋混凝土造,,207.71,4,2,5,有,無,13900000,66920,,0.0,0,,RPPNMLPKPHHGFDP56CB,大於,D棟7號
斗六市,房地(土地+建物)+車位,雲林縣斗六市石榴路,21.95,,一般農業區,甲種建築用地,1110628,土地1建物1車位1,八層,9,華廈(10層含以下有電梯),住家用,鋼筋混凝土造,,103.56,2,1,1,有,無,3920000,42401,坡道平面,26.44,650000,,RPPNMLPKPHHGFAP88CB,斗六綻,B棟M號
林內鄉,房地(土地+建物),雲林縣林內鄉民權路,69.34,,鄉村區,乙種建築用地,1110703,土地2建物1車位0,全,3,透天厝,住家用,鋼筋混凝土造,,143.03,3,2,3,有,無,6300000,44047,,0.0,0,,RPPNMLSKPHHGFAP56CB,姮興光禾墅,D3棟0號
斗六市,房地(土地+建物)+車位,雲林縣斗六市林頭路,34.98,,鄉村區,乙種建築用地,1110716,土地1建物1車位1,四層,5,華廈(10層含以下有電梯),住家用,鋼筋混凝土造,,117.1,3,2,2,有,無,7590000,65228,一樓平面,16.07,1000000,,RPRNMLSKPHHGFAP76CB,興世代No.1,A5-4F號
林內鄉,房地(土地+建物),雲林縣林內鄉新興路,76.0,住,,,1110629,土地1建物1車位0,全,3,透天厝,住家用,鋼筋混凝土造,,137.06,5,2,3,有,無,7800000,56909,,0.0,0,,RPSNMLSKPHHGFAP86CB,墅合院,D棟0號
林內鄉,房地(土地+建物),雲林縣林內鄉新興路,62.0,住,,,1110622,土地1建物1車位0,全,3,透天厝,住家用,鋼筋混凝土造,,139.31,5,2,3,有,無,7500000,53837,,0.0,0,,RPTNMLSKPHHGFAP96CB,墅合院二,F3棟0號
西螺鎮,房地(土地+建物),雲林縣西螺鎮金順街,77.96,住,,,1110704,土地1建物1車位0,全,4,透天厝,住家用,鋼筋混凝土造,,159.46,4,3,4,有,無,10680000,66976,,0.0,0,,RPPNMLSKPHHGFCP76CB,一品居二期,A棟6號
虎尾鎮,房地(土地+建物)+車位,雲林縣虎尾鎮興安段748-1地號等3筆,39.78,,鄉村區,乙種建築用地,1110705,土地3建物1車位1,二層,5,華廈(10層含以下有電梯),住家用,鋼筋混凝土造,,96.36,2,2,2,有,無,6730000,69842,一樓平面,0.0,900000,,RPPNMLSKPHHGFDP96DB,春豆子-公寓,A棟201號
虎尾鎮,房地(土地+建物)+車位,雲林縣虎尾鎮興安段748-1地號等3筆,39.78,,鄉村區,乙種建築用地,1110709,土地3建物1車位1,三層,5,華廈(10層含以下有電梯),住家用,鋼筋混凝土造,,96.36,2,2,2,有,無,6890000,71503,一樓平面,0.0,900000,,RPQNMLSKPHHGFDP07DB,春豆子-公寓,A棟301號
二崙鄉,房地(土地+建物),雲林縣二崙鄉定安路75-1號旁,120.69,,鄉村區,乙種建築用地,1110714,土地2建物1車位0,全,3,透天厝,住家用,鋼筋混凝土造,,149.7,5,1,4,有,無,7380000,49299,,0.0,0,,RPPNMLTKPHHGFCP86CB,定安１號苑,4棟D6號
二崙鄉,房地(土地+建物),雲林縣二崙鄉定安路75-1號旁,94.73,,鄉村區,乙種建築用地,1110718,土地1建物1車位0,全,3,透天厝,住家用,鋼筋混凝土造,,166.83,5,1,4,有,無,8500000,50950,,0.0,0,,RPQNMLTKPHHGFCP96CB,定安１號苑,1棟A3號
斗六市,房地(土地+建物)+車位,雲林縣斗六市科?一路,111.84,,工業區,丁種建築用地,1110718,土地2建物1車位1,全,3,透天厝,住家用,鋼筋混凝土造,,170.09,4,2,4,有,無,9900000,58204,一樓平面,0.0,0,,RPPNMLTKPHHGFAP66CB,幸福ING-NO.2,E9號
斗六市,房地(土地+建物)+車位,雲林縣斗六市科?一路,116.3,,工業區,丁種建築用地,1110717,土地2建物1車位1,全,3,透天厝,住家用,鋼筋混凝土造,,181.81,4,2,4,有,無,10300000,56653,一樓平面,0.0,0,,RPQNMLTKPHHGFAP76CB,幸福ING-NO.2,C3號
斗六市,房地(土地+建物)+車位,雲林縣斗六市科?一路,116.29,,工業區,丁種建築用地,1110717,土地2建物1車位1,全,3,透天厝,住家用,鋼筋混凝土造,,181.81,4,2,4,有,無,10300000,56653,一樓平面,0.0,0,,RPRNMLTKPHHGFAP86CB,幸福ING-NO.2,C4號
斗六市,房地(土地+建物)+車位,雲林縣斗六市科?一路,116.3,,工業區,丁種建築用地,1110714,土地2建物1車位1,全,3,透天厝,住家用,鋼筋混凝土造,,181.81,4,2,4,有,無,10300000,56653,一樓平面,0.0,0,,RPSNMLTKPHHGFAP96CB,幸福ING-NO.2,C2號
斗六市,房地(土地+建物)+車位,雲林縣斗六市科?一路,110.15,,工業區,丁種建築用地,1110714,土地2建物1車位1,全,3,透天厝,住家用,鋼筋混凝土造,,170.09,4,2,4,有,無,9900000,58204,一樓平面,0.0,0,,RPTNMLTKPHHGFAP07CB,幸福ING-NO.2,C8號
古坑鄉,房地(土地+建物),雲林縣古坑鄉廣濟路,110.25,,鄉村區,乙種建築用地,1110718,土地3建物1車位0,全,3,透天厝,住家用,鋼筋混凝土造,,161.58,5,2,4,有,無,9300000,57557,,0.0,0,古坑鄉東陽段1691-15.1691-18地號，兩筆土地提供道路使用贈與買方。,RPPNMLKLPHHGFAP48CB,幸福樂活NO.3,A4號
古坑鄉,房地(土地+建物),雲林縣古坑鄉廣濟路,142.54,,鄉村區,乙種建築用地,1110718,土地4建物1車位0,全,3,透天厝,住家用,鋼筋混凝土造,,177.72,4,2,4,有,無,10250000,57675,,0.0,0,古坑鄉高林北段564地號，本筆土地為提供道路使用附贈與予買方。,RPQNMLKLPHHGFAP68DB,荷翠二期,C棟11號
麥寮鄉,房地(土地+建物)+車位,雲林縣麥寮鄉仁德路236巷,25.56,,鄉村區,乙種建築用地,1110627,土地1建物1車位1,七層,7,華廈(10層含以下有電梯),住家用,鋼筋混凝土造,,120.97,3,1,2,有,無,4930000,45551,坡道平面,31.4,850000,原B1PF11009290002換約，新購一個車位，重新申報,RPPNMLLLPHHGFFP09CB,橋頭之星住宅興建工程,A棟3-7F號
斗六市,房地(土地+建物),雲林縣斗六市崙仔路,118.4,,鄉村區,乙種建築用地,1110622,土地1建物1車位0,全,3,透天厝,住家用,鋼筋混凝土造,,182.48,4,3,5,有,無,9060000,49649,,0.0,0,,RPPNMLLLPHHGFAP78EB,彩虹城七期,B1棟0號
斗六市,房地(土地+建物),雲林縣斗六市崙仔路,166.41,,鄉村區,乙種建築用地,1110623,土地2建物1車位0,全,3,透天厝,住家用,鋼筋混凝土造,,199.33,4,3,4,有,無,10200000,51171,,0.0,0,,RPRNMLLLPHHGFAP98EB,彩虹城七期,B7棟0號
二崙鄉,房地(土地+建物),雲林縣二崙鄉定安路75-1號旁,120.64,,鄉村區,乙種建築用地,1110719,土地2建物1車位0,全,3,透天厝,住家用,鋼筋混凝土造,,149.7,5,1,4,有,無,7500000,50100,,0.0,0,,RPPNMLLLPHHGFCP78CB,定安１號苑,4棟D9號
二崙鄉,房地(土地+建物),雲林縣二崙鄉定安路75-1號旁,105.55,,鄉村區,乙種建築用地,1110721,土地3建物1車位0,全,3,透天厝,住家用,鋼筋混凝土造,,150.15,4,1,3,有,無,6980000,46487,,0.0,0,,RPRNMLLLPHHGFCP98CB,定安１號苑,3棟C7號
崙背鄉,房地(土地+建物),雲林縣崙背鄉信義路,110.99,住,,,1110713,土地1建物1車位0,全,3,透天厝,住家用,鋼筋混凝土造,,203.88,4,2,4,有,無,11900000,58368,,0.0,0,,RPSNMLLLPHHGFCP09CB,福佑建設  巨富二期,A棟1號
土庫鎮,房地(土地+建物),雲林縣土庫鎮成功路,36.13,住,,,1110626,土地2建物1車位0,三層,7,華廈(10層含以下有電梯),住家用,鋼筋混凝土造,,101.09,2,2,2,有,無,5300000,52429,,0.0,0,,RPPNMLLLPHHGFDP88CB,愛家,C棟3號
斗六市,房地(土地+建物)+車位,雲林縣斗六市文生路,30.45,,鄉村區,乙種建築用地,1110625,土地1建物1車位1,四層,8,華廈(10層含以下有電梯),住家用,鋼筋混凝土造,,138.19,3,2,2,有,無,7050000,56431,一樓平面,30.98,1000000,,RPPNMLLLPHHGFAP58CB,聚星,W7棟4樓棟0號
斗六市,房地(土地+建物)+車位,雲林縣斗六市嘉東北路,16.8,,鄉村區,乙種建築用地,1110717,土地1建物1車位1,六層,8,華廈(10層含以下有電梯),住家用,鋼筋混凝土造,,83.25,2,2,1,有,無,5530000,74445,坡道平面,22.4,1000000,,RPQNMLLLPHHGFAP68CB,草嶺建設-沐韻II,6B號
褒忠鄉,房地(土地+建物),雲林縣褒忠鄉埔姜街,113.22,住,,,1110708,土地4建物1車位0,全,3,透天厝,住家用,鋼筋混凝土造,,171.03,4,1,3,有,無,8100000,47360,,0.0,0,,RPPNMLMLPHHGFDP98CB,築夢十三期,B棟8號
斗南鎮,房地(土地+建物),雲林縣斗南鎮南昌西路,30.54,住,,,1110724,土地4建物1車位0,二層,10,華廈(10層含以下有電梯),住家用,鋼筋混凝土造,,95.78,3,2,2,有,無,7230000,75485,,0.0,0,,RPPNMLPLPHHGFBP09CB,國際園首,1棟2M號
斗六市,房地(土地+建物)+車位,雲林縣斗六市南揚街,28.87,住,,,1110626,土地1建物1車位1,四層,6,華廈(10層含以下有電梯),住家用,鋼筋混凝土造,,109.13,3,1,2,有,無,8670000,79886,一樓平面,14.37,1100000,交易總價含下列非屬預售屋價格之費用:親友、員工、共有人或其他特殊關係間之交易；,RPQNMLPLPHHGFAP09CB,聖德淳風Ⅱ期,B棟1號
斗六市,房地(土地+建物)+車位,雲林縣斗六市南揚街,28.95,住,,,1110626,土地1建物1車位1,四層,6,華廈(10層含以下有電梯),住家用,鋼筋混凝土造,,116.58,3,1,2,有,無,8530000,78194,一樓平面,21.56,1100000,交易總價含下列非屬預售屋價格之費用:親友、員工、共有人或其他特殊關係間之交易；,RPRNMLPLPHHGFAP56CB,聖德淳風Ⅱ期,B棟2號
斗六市,房地(土地+建物)+車位,雲林縣斗六市南揚街,28.97,住,,,1110626,土地1建物1車位1,四層,6,華廈(10層含以下有電梯),住家用,鋼筋混凝土造,,116.65,3,1,2,有,無,8610000,77926,一樓平面,21.56,1200000,交易總價含下列非屬預售屋價格之費用:親友、員工、共有人或其他特殊關係間之交易；,RPTNMLPLPHHGFAP76CB,聖德淳風Ⅱ期,B棟3號
斗六市,房地(土地+建物)+車位,雲林縣斗六市南揚街,28.95,住,,,1110703,土地1建物1車位1,四層,6,華廈(10層含以下有電梯),住家用,鋼筋混凝土造,,109.39,3,1,2,有,無,8930000,82404,一樓平面,14.37,1100000,,RPUNMLPLPHHGFAP86CB,聖德淳風Ⅱ期,A棟2號
斗六市,房地(土地+建物)+車位,雲林縣斗六市南揚街,28.97,住,,,1110716,土地1建物1車位1,五層,6,華廈(10層含以下有電梯),住家用,鋼筋混凝土造,,109.46,3,1,2,有,無,8880000,79714,一樓平面,14.37,1300000,,RPVNMLPLPHHGFAP96CB,聖德淳風Ⅱ期,A棟3號
斗六市,房地(土地+建物)+車位,雲林縣斗六市南揚街,28.87,住,,,1110626,土地1建物1車位1,四層,6,華廈(10層含以下有電梯),住家用,鋼筋混凝土造,,109.13,3,1,2,有,無,8900000,82313,一樓平面,14.37,1100000,,RPWNMLPLPHHGFAP07CB,聖德淳風Ⅱ期,A棟1號
斗六市,房地(土地+建物)+車位,雲林縣斗六市文生路,30.47,,鄉村區,乙種建築用地,1110713,土地1建物1車位1,六層,8,華廈(10層含以下有電梯),住家用,鋼筋混凝土造,,143.95,3,2,2,有,無,6400000,52234,坡道平面,36.74,800000,,RPXNMLPLPHHGFAP17CB,聚星,W5棟6樓棟0號
斗六市,房地(土地+建物)+車位,雲林縣斗六市文生路,30.47,,鄉村區,乙種建築用地,1110715,土地1建物1車位1,六層,8,華廈(10層含以下有電梯),住家用,鋼筋混凝土造,,140.9,3,2,2,有,無,7460000,59323,一樓平面,33.69,1100000,,RPOOMLPLPHHGFAP98CB,聚星,W3棟6樓棟0號
斗南鎮,房地(土地+建物)+車位,雲林縣斗南鎮南昌西路,30.54,住,,,1110727,土地4建物1車位1,六層,10,華廈(10層含以下有電梯),住家用,鋼筋混凝土造,,109.0,3,2,2,有,無,8300000,79349,坡道機械,13.22,700000,,RPPNMLRLPHHGFBP66CB,國際園首,1棟6C號
北港鎮,房地(土地+建物)+車位,雲林縣北港鎮四維街,51.72,住,,,1110705,土地8建物1車位1,五層,5,華廈(10層含以下有電梯),住家用,鋼筋混凝土造,,150.21,3,2,2,有,無,7300000,48599,一樓平面,18.18,0,,RPPNMLRLPHHGFEP96CB,武財天下二期公寓案,D棟6號
斗六市,房地(土地+建物),雲林縣斗六市北祥街,34.25,住,,,1110724,土地1建物1車位0,四層,5,華廈(10層含以下有電梯),住家用,鋼筋混凝土造,,97.65,2,1,1,有,無,7820000,80082,,0.0,0,,RPPNMLRLPHHGFAP66DB,國禾青田,D4號
虎尾鎮,房地(土地+建物),雲林縣虎尾鎮永興南二街,22.1,住,,,1110714,土地1建物1車位0,二層,11,住宅大樓(11層含以上有電梯),住家用,鋼筋混凝土造,,93.07,2,1,1,有,無,4780000,51359,,0.0,0,,RPPNMLRLPHHGFDP86CB,禾楓君悅-菁英會館二期,B棟8號
斗南鎮,房地(土地+建物)+車位,雲林縣斗南鎮莊敬街,30.17,住,,,1110705,土地2建物1車位1,二層,5,其他,住家用,鋼筋混凝土造,,87.64,2,1,2,有,無,6800000,77590,一樓平面,0.0,900000,車位為法定停車位，不具坪數,RPPNMLSLPHHGFBP76CB,美好時光,C棟2號
虎尾鎮,房地(土地+建物)+車位,雲林縣虎尾鎮興安段748-1地號等3筆,39.79,,鄉村區,乙種建築用地,1110711,土地3建物1車位1,五層,5,華廈(10層含以下有電梯),住家用,鋼筋混凝土造,,52.64,1,1,1,有,無,4280000,81307,一樓平面,0.0,850000,,RPQNMLSLPHHGFDP17DB,春豆子-公寓,A棟503號
斗六市,房地(土地+建物)+車位,雲林縣斗六市科?一路,111.84,,工業區,丁種建築用地,1110723,土地3建物1車位1,全,3,透天厝,住家用,鋼筋混凝土造,,170.09,4,2,4,有,無,9900000,58204,一樓平面,0.0,0,,RPPNMLSLPHHGFAP66CB,幸福ING-NO.2,E10號
斗六市,房地(土地+建物)+車位,雲林縣斗六市棒球十七街,57.34,住,,,1110712,土地1建物1車位2,九層,9,華廈(10層含以下有電梯),住家用,鋼筋混凝土造,,227.9,3,2,2,有,無,19465000,102247,坡道平面,61.0,2400000,,RPQNMLSLPHHGFAP76CB,是大景,9A號
斗六市,房地(土地+建物)+車位,雲林縣斗六市嘉東北路,16.8,,鄉村區,乙種建築用地,1110728,土地1建物1車位1,四層,8,華廈(10層含以下有電梯),住家用,鋼筋混凝土造,,83.25,2,2,1,有,無,5380000,71980,坡道平面,22.4,1000000,,RPPNMLTLPHHGFAP76CB,草嶺建設-沐韻II,4B號
斗南鎮,房地(土地+建物),雲林縣斗南鎮南昌西路,30.54,住,,,1110730,土地4建物1車位0,四層,10,華廈(10層含以下有電梯),住家用,鋼筋混凝土造,,95.78,3,2,2,有,無,7280000,76008,,0.0,0,,RPQNMLKMPHHGFBP78CB,國際園首,1棟4C號
斗六市,房地(土地+建物),雲林縣斗六市中興路156巷口,34.45,,特定農業區,甲種建築用地,1110712,土地3建物1車位0,二層,5,華廈(10層含以下有電梯),住家用,鋼筋混凝土造,,96.8,2,2,2,有,無,4760000,49174,,0.0,0,,RPOPMLLJQHHGFAP68DB,皇瑞臻邸,B棟2號
斗六市,房地(土地+建物),雲林縣斗六市中興路156巷口,34.45,,特定農業區,甲種建築用地,1110712,土地3建物1車位0,五層,5,華廈(10層含以下有電梯),住家用,鋼筋混凝土造,,96.8,2,2,2,有,無,5030000,51963,,0.0,0,,RPPPMLLJQHHGFAP78DB,皇瑞臻邸,B棟5號
斗六市,房地(土地+建物),雲林縣斗六市中興路156巷口,41.45,,特定農業區,甲種建築用地,1110712,土地3建物1車位0,五層,5,華廈(10層含以下有電梯),住家用,鋼筋混凝土造,,111.8,2,2,2,有,無,5730000,51252,,0.0,0,,RPQPMLLJQHHGFAP88DB,皇瑞臻邸,D棟5號
西螺鎮,房地(土地+建物),雲林縣西螺鎮漢南段41-9地號,98.44,住,,,1110730,土地1建物1車位0,全,4,透天厝,住家用,鋼筋混凝土造,,205.2,3,3,4,有,無,14380000,70078,,0.0,0,,RPPNMLLJQHHGFCP68CB,京華商城,1棟B2號
斗六市,房地(土地+建物)+車位,雲林縣斗六市南揚街,28.87,住,,,1110729,土地1建物1車位1,三層,6,華廈(10層含以下有電梯),住家用,鋼筋混凝土造,,108.68,3,1,2,有,無,8840000,82070,一樓平面,14.37,1100000,,RPPNMLLJQHHGFAP48CB,聖德淳風Ⅱ期,A棟1號
林內鄉,房地(土地+建物),雲林縣林內鄉民權路,69.37,,鄉村區,乙種建築用地,1110730,土地2建物1車位0,全,3,透天厝,住家用,鋼筋混凝土造,,145.46,3,2,3,有,無,6550000,45030,,0.0,0,,RPTNMLMJQHHGFAP98CB,姮興光禾墅,B3棟0號
古坑鄉,房地(土地+建物),雲林縣古坑鄉廣濟路,171.5,,鄉村區,乙種建築用地,1110716,土地5建物1車位0,全,3,透天厝,住家用,鋼筋混凝土造,,177.89,4,2,5,有,無,11000000,61836,,0.0,0,,RPPNMLNJQHHGFAP68CB,幸福樂活NO.4,B5號
古坑鄉,房地(土地+建物),雲林縣古坑鄉廣濟路,96.0,,鄉村區,乙種建築用地,1110725,土地4建物1車位0,全,3,透天厝,住家用,鋼筋混凝土造,,173.33,4,2,4,有,無,9980000,57578,,0.0,0,,RPQNMLNJQHHGFAP78CB,幸福樂活NO.4,B8號
古坑鄉,房地(土地+建物),雲林縣古坑鄉廣濟路,118.5,,鄉村區,乙種建築用地,1110725,土地6建物1車位0,全,3,透天厝,住家用,鋼筋混凝土造,,172.9,4,2,4,有,無,10000000,57837,,0.0,0,,RPRNMLNJQHHGFAP88CB,幸福樂活NO.4,B6號
斗六市,房地(土地+建物),雲林縣斗六市林頭路,24.02,,鄉村區,乙種建築用地,1110723,土地1建物1車位0,三層,5,華廈(10層含以下有電梯),住家用,鋼筋混凝土造,,69.37,2,2,1,有,無,4380000,63140,,0.0,0,,RPSNMLNJQHHGFAP98CB,興世代No.1,A2-3F號
斗六市,房地(土地+建物),雲林縣斗六市林頭路,23.03,,鄉村區,乙種建築用地,1110726,土地1建物1車位0,四層,5,華廈(10層含以下有電梯),住家用,鋼筋混凝土造,,66.52,2,2,1,有,無,4220000,63440,,0.0,0,,RPTNMLNJQHHGFAP09CB,興世代No.1,A1-4F號
斗六市,房地(土地+建物),雲林縣斗六市林頭路,23.03,,鄉村區,乙種建築用地,1110726,土地1建物1車位0,二層,5,華廈(10層含以下有電梯),住家用,鋼筋混凝土造,,66.52,2,2,1,有,無,3980000,59832,,0.0,0,,RPUNMLNJQHHGFAP56CB,興世代No.1,A1-2F號
斗六市,房地(土地+建物),雲林縣斗六市林頭路,23.03,,鄉村區,乙種建築用地,1110726,土地1建物1車位0,三層,5,華廈(10層含以下有電梯),住家用,鋼筋混凝土造,,66.52,2,2,1,有,無,4260000,64041,,0.0,0,,RPVNMLNJQHHGFAP66CB,興世代No.1,A1-3F號
西螺鎮,房地(土地+建物),雲林縣西螺鎮忠孝路,96.38,住,,,1110716,土地1建物1車位0,全,3,透天厝,住家用,鋼筋混凝土造,,158.68,5,2,3,有,無,10100000,63650,,0.0,0,,RPPNMLNJQHHGFCP88CB,鼎富二期,X25棟0號
崙背鄉,房地(土地+建物),雲林縣崙背鄉 大明街,26.26,住,,,1110723,土地2建物1車位0,六層,7,華廈(10層含以下有電梯),住家用,鋼筋混凝土造,,72.87,2,2,2,有,無,4750000,65185,,0.0,0,,RPQNMLNJQHHGFCP98CB,福便達,1棟6D號
斗南鎮,房地(土地+建物),雲林縣斗南鎮南昌西路,24.87,住,,,1110729,土地4建物1車位0,四層,10,華廈(10層含以下有電梯),住家用,鋼筋混凝土造,,78.06,2,2,1,有,無,5930000,75967,,0.0,0,,RPPNMLNJQHHGFBP78CB,國際園首,1棟4G號
北港鎮,房地(土地+建物),雲林縣北港鎮聖母七路,141.69,住,,,1110726,土地1建物1車位0,全,4,透天厝,住家用,鋼筋混凝土造,,296.72,5,2,5,有,無,16000000,53923,,0.0,0,,RPPNMLOJQHHGFEP56CB,老莊,A棟1號
二崙鄉,房地(土地+建物),雲林縣二崙鄉 定安路75-1號旁,105.54,,鄉村區,乙種建築用地,1110729,土地2建物1車位0,全,3,透天厝,住家用,鋼筋混凝土造,,150.15,4,1,3,有,無,6980000,46487,,0.0,0,,RPQNMLOJQHHGFCP09CB,定安１號苑,3棟C2號
虎尾鎮,房地(土地+建物)+車位,雲林縣虎尾鎮忠孝路,12.42,商,,,1110715,土地11建物1車位1,九層,15,住宅大樓(11層含以上有電梯),見其他登記事項,鋼筋混凝土造,,121.27,2,2,2,有,無,9250000,91453,坡道平面,32.7,1150000,,RPPNMLPJQHHGFDP56CB,鎧將雲鼎,A棟9F-B號
北港鎮,房地(土地+建物),雲林縣北港鎮華勝路,146.99,,特定農業區,甲種建築用地,1110708,土地1建物1車位0,全,3,透天厝,住家用,鋼筋混凝土造,,192.8,5,2,5,有,無,9000000,46680,,0.0,0,,RPPNMLPJQHHGFEP76DB,彩虹城NO5,D棟3號
斗南鎮,房地(土地+建物),雲林縣斗南鎮南昌西路,24.87,住,,,1110806,土地4建物1車位0,三層,10,華廈(10層含以下有電梯),住家用,鋼筋混凝土造,,78.06,2,2,1,有,無,6060000,77633,,0.0,0,,RPPNMLRJQHHGFBP56CB,國際園首,1棟3G號
斗南鎮,房地(土地+建物)+車位,雲林縣斗南鎮南昌西路,30.54,住,,,1110805,土地4建物1車位1,三層,10,華廈(10層含以下有電梯),住家用,鋼筋混凝土造,,109.0,3,2,2,有,無,8200000,78304,坡道機械,13.22,700000,,RPQNMLRJQHHGFBP66CB,國際園首,1棟3M號
斗南鎮,房地(土地+建物),雲林縣斗南鎮南昌西路,23.87,住,,,1110805,土地4建物1車位0,七層,10,華廈(10層含以下有電梯),住家用,鋼筋混凝土造,,74.82,2,2,1,有,無,5840000,78054,,0.0,0,,RPRNMLRJQHHGFBP76CB,國際園首,1棟7L號
斗六市,房地(土地+建物),雲林縣斗六市北祥街,116.55,住,,,1110730,土地2建物1車位0,全,3,透天厝,住家用,鋼筋混凝土造,,235.73,5,2,5,有,無,17200000,72965,,0.0,0,,RPPNMLSJQHHGFAP66DB,無,B棟0號
西螺鎮,房地(土地+建物),雲林縣西螺鎮頂湳段227-4地號,67.8,,鄉村區,乙種建築用地,1110803,土地1建物1車位0,全,3,透天厝,住家用,鋼筋混凝土造,,105.5,3,2,3,有,無,8500000,80569,,0.0,0,,RPPNMLSJQHHGFCP76CB,翔富璟馥,A棟3號
斗六市,房地(土地+建物),雲林縣斗六市科?一路,82.16,,工業區,丁種建築用地,1110709,土地3建物1車位0,全,3,透天厝,住家用,鋼筋混凝土造,,150.06,4,2,5,有,無,7680000,51180,,0.0,0,,RPRNMLSJQHHGFAP76CB,綠邸三期,C2號
林內鄉,房地(土地+建物),雲林縣林內鄉民權路,69.37,,鄉村區,乙種建築用地,1110809,土地2建物1車位0,全,3,透天厝,住家用,鋼筋混凝土造,,145.36,3,2,3,有,無,6550000,45061,,0.0,0,,RPPNMLKKQHHGFAP48CB,姮興光禾墅,B5棟0號
西螺鎮,房地(土地+建物),雲林縣西螺鎮頂湳段227-4地號,90.0,,鄉村區,乙種建築用地,1110807,土地1建物1車位0,全,3,透天厝,住家用,鋼筋混凝土造,,103.4,3,2,3,有,無,7180000,69439,,0.0,0,,RPPNMLKKQHHGFCP68CB,翔富璟馥,B棟5號
崙背鄉,房地(土地+建物),雲林縣崙背鄉信義路,169.13,住,,,1110806,土地2建物1車位0,全,3,透天厝,住家用,鋼筋混凝土造,,212.93,4,2,4,有,無,11800000,55417,,0.0,0,,RPQNMLKKQHHGFCP78CB,福佑建設  巨富二期,B棟5號
斗六市,房地(土地+建物)+車位,雲林縣斗六市嘉東北路,21.96,,鄉村區,乙種建築用地,1110806,土地1建物1車位1,二層,8,華廈(10層含以下有電梯),住家用,鋼筋混凝土造,,101.95,2,2,2,有,無,6600000,69767,坡道平面,22.4,1050000,,RPPNMLLKQHHGFAP58CB,草嶺建設-沐韻II,2A號
斗六市,房地(土地+建物)+車位,雲林縣斗六市文生路,30.47,,鄉村區,乙種建築用地,1110727,土地1建物1車位1,八層,8,華廈(10層含以下有電梯),住家用,鋼筋混凝土造,,143.95,3,2,2,有,無,6500000,53167,坡道平面,36.74,800000,,RPPNMLMKQHHGFAP68CB,聚星,V3棟8樓棟0號
斗六市,房地(土地+建物)+車位,雲林縣斗六市文生路,21.96,,鄉村區,乙種建築用地,1110723,土地1建物1車位1,六層,8,華廈(10層含以下有電梯),住家用,鋼筋混凝土造,,94.13,2,2,1,有,無,5110000,59006,坡道機械,16.85,550000,,RPQNMLMKQHHGFAP78CB,聚星,V6棟6樓棟0號
斗六市,房地(土地+建物)+車位,雲林縣斗六市文生路,30.47,,鄉村區,乙種建築用地,1110808,土地1建物1車位1,六層,8,華廈(10層含以下有電梯),住家用,鋼筋混凝土造,,140.9,3,2,2,有,無,7050000,55499,一樓平面,33.69,1100000,,RPRNMLMKQHHGFAP88CB,聚星,W1棟6樓棟0號
斗六市,房地(土地+建物)+車位,雲林縣斗六市文生路,30.45,,鄉村區,乙種建築用地,1110724,土地1建物1車位1,六層,8,華廈(10層含以下有電梯),住家用,鋼筋混凝土造,,143.95,3,2,2,有,無,7200000,58763,坡道平面,36.74,900000,,RPSNMLMKQHHGFAP98CB,聚星,W7棟6樓棟0號
斗六市,房地(土地+建物)+車位,雲林縣斗六市文生路,30.47,,鄉村區,乙種建築用地,1110725,土地1建物1車位1,二層,8,華廈(10層含以下有電梯),住家用,鋼筋混凝土造,,124.06,3,2,2,有,無,6030000,51768,坡道機械,16.85,480000,,RPTNMLMKQHHGFAP09CB,聚星,V5棟2樓棟0號
斗六市,房地(土地+建物)+車位,雲林縣斗六市南揚街,28.87,住,,,1110622,土地1建物1車位1,三層,6,華廈(10層含以下有電梯),住家用,鋼筋混凝土造,,109.14,3,1,2,有,無,8870000,79886,一樓平面,14.38,1300000,原申報書序號B1PA11106280001，因建物格局應為三房一廳二衛，誤植為三房二廳二衛，故申請更正。,RPUNMLMKQHHGFAP56CB,聖德淳風Ⅱ期,B棟1號
斗六市,房地(土地+建物)+車位,雲林縣斗六市南揚街,28.97,住,,,1110624,土地1建物1車位1,四層,6,華廈(10層含以下有電梯),住家用,鋼筋混凝土造,,109.46,3,1,2,有,無,8680000,78662,一樓平面,14.37,1200000,原申報書序號B1PA11106300002，因建物格局應為三房一廳二衛，誤植為三房二廳二衛，故申請更正。,RPVNMLMKQHHGFAP66CB,聖德淳風Ⅱ期,A棟3號
斗六市,房地(土地+建物)+車位,雲林縣斗六市南揚街,29.05,住,,,1110623,土地1建物1車位1,五層,6,華廈(10層含以下有電梯),住家用,鋼筋混凝土造,,109.39,3,1,2,有,無,9400000,85245,一樓平面,14.37,1300000,原申報書序號B1PA11106300006，因建物格局應為三房一廳二衛，誤植為三房二廳二衛，故申請更正。,RPWNMLMKQHHGFAP76CB,聖德淳風Ⅱ期,A棟2號
斗六市,房地(土地+建物)+車位,雲林縣斗六市南揚街,28.87,住,,,1110623,土地1建物1車位1,五層,6,華廈(10層含以下有電梯),住家用,鋼筋混凝土造,,116.32,3,1,2,有,無,8960000,82946,一樓平面,21.56,1100000,原申報書序號B1PA11106300007，因建物格局應為三房一廳二衛，誤植為三房二廳二衛，故申請更正。,RPXNMLMKQHHGFAP86CB,聖德淳風Ⅱ期,B棟1號
斗六市,房地(土地+建物)+車位,雲林縣斗六市南揚街,28.87,住,,,1110624,土地1建物1車位1,六層,6,華廈(10層含以下有電梯),住家用,鋼筋混凝土造,,109.13,3,1,2,有,無,8880000,79992,一樓平面,14.37,1300000,原申報書序號B1PA11106300008，因建物格局應為三房一廳二衛，誤植為三房二廳二衛，故申請更正。,RPOOMLMKQHHGFAP68CB,聖德淳風Ⅱ期,A棟1號
莿桐鄉,房地(土地+建物),雲林縣莿桐鄉南安路,137.37,住,,,1110626,土地3建物1車位0,全,3,透天厝,住家用,鋼筋混凝土造,,169.38,5,2,2,有,無,8600000,50773,,0.0,0,,RPPOMLMKQHHGFAP78CB,聚馥二期,S28棟0號
斗六市,房地(土地+建物)+車位,雲林縣斗六市中正路,14.5,商,,,1110810,土地1建物1車位1,三層,15,住宅大樓(11層含以上有電梯),住家用,鋼筋混凝土造,,130.9,3,1,2,有,無,10280000,84071,坡道機械,17.9,780000,,RPPNMLPKQHHGFAP98CB,品風華,3FA棟2號
斗六市,房地(土地+建物)+車位,雲林縣斗六市科?一路,110.95,,工業區,丁種建築用地,1110806,土地3建物1車位1,全,3,透天厝,住家用,鋼筋混凝土造,,170.09,4,2,4,有,無,9900000,58204,一樓平面,0.0,0,,RPQNMLPKQHHGFAP09CB,幸福ING-NO.2,D10號
斗六市,房地(土地+建物),雲林縣斗六市榴?六街,82.24,,工業區,丁種建築用地,1110717,土地1建物1車位0,全,3,透天厝,住家用,鋼筋混凝土造,,182.66,5,2,4,有,無,9800000,53652,,0.0,0,,RPRNMLPKQHHGFAP56CB,幸福人生2022,A4棟0號
斗六市,房地(土地+建物)+車位,雲林縣斗六市科?一路,117.16,,工業區,丁種建築用地,1110805,土地2建物1車位1,全,3,透天厝,住家用,鋼筋混凝土造,,181.81,4,2,4,有,無,10300000,56653,一樓平面,0.0,0,,RPSNMLPKQHHGFAP66CB,幸福ING-NO.2,D5號
斗六市,房地(土地+建物),雲林縣斗六市興合路,102.75,,鄉村區,乙種建築用地,1110807,土地1建物1車位0,全,3,透天厝,住家用,鋼筋混凝土造,,193.91,5,2,5,有,無,11300000,58274,,0.0,0,,RPTNMLPKQHHGFAP76CB,幸福人生2022,A1棟0號
斗六市,房地(土地+建物),雲林縣斗六市科?一路,82.16,,工業區,丁種建築用地,1110730,土地3建物1車位0,全,3,透天厝,住家用,鋼筋混凝土造,,144.66,4,2,5,有,無,8200000,56685,,0.0,0,,RPWNMLPKQHHGFAP07CB,綠邸三期,B2號
斗六市,房地(土地+建物),雲林縣斗六市科?一路,82.16,,工業區,丁種建築用地,1110807,土地3建物1車位0,全,3,透天厝,住家用,鋼筋混凝土造,,144.84,4,2,5,有,無,8280000,57167,,0.0,0,,RPOOMLPKQHHGFAP98CB,綠邸三期,B20號
西螺鎮,房地(土地+建物),雲林縣西螺鎮八德街,102.23,住,,,1110726,土地2建物1車位0,全,4,透天厝,住家用,鋼筋混凝土造,,236.41,4,3,5,有,無,15500000,65564,,0.0,0,,RPPNMLPKQHHGFCP56CB,帝之苑六期,B棟22號
二崙鄉,房地(土地+建物),雲林縣二崙鄉定安路75-1號旁,101.83,,鄉村區,乙種建築用地,1110810,土地2建物1車位0,全,3,透天厝,住家用,鋼筋混凝土造,,149.67,5,1,4,有,無,7200000,48106,,0.0,0,,RPPNMLQKQHHGFCP66CB,定安１號苑,2棟B2號
斗六市,房地(土地+建物),雲林縣斗六市崙仔路,127.65,,鄉村區,乙種建築用地,1110728,土地1建物1車位0,全,3,透天厝,住家用,鋼筋混凝土造,,187.1,4,3,4,有,無,9270000,49546,,0.0,0,,RPPNMLQKQHHGFAP66EB,彩虹城七期,A6棟0號
北港鎮,房地(土地+建物),雲林縣北港鎮慶華街,101.64,住,,,1110717,土地2建物1車位0,全,3,透天厝,住家用,鋼筋混凝土造,,186.6,4,2,4,有,無,11700000,62701,,0.0,0,,RPPNMLRKQHHGFEP96CB,富御苑3,B棟8號
斗六市,房地(土地+建物),雲林縣斗六市興合路,128.94,,鄉村區,乙種建築用地,1110723,土地1建物1車位0,全,3,透天厝,住家用,鋼筋混凝土造,,191.47,5,2,5,有,無,12600000,65807,,0.0,0,,RPPNMLRKQHHGFAP56CB,幸福人生2022,A2棟0號
虎尾鎮,房地(土地+建物),雲林縣虎尾鎮虎興東二路,114.9,住,,,1110723,土地2建物1車位0,全,3,透天厝,住家用,鋼筋混凝土造,,209.66,4,2,4,有,無,18600000,88715,,0.0,0,,RPPNMLSKQHHGFDP96CB,大於,G棟8號
虎尾鎮,房地(土地+建物)+車位,雲林縣虎尾鎮高南段410地號,39.45,住,,,1110731,土地1建物1車位1,三層,5,華廈(10層含以下有電梯),住家用,鋼筋混凝土造,,90.69,2,2,2,有,無,6600000,68940,一樓平面,9.46,1000000,,RPPNMLTKQHHGFDP07CB,沐晴2期,B棟5號
虎尾鎮,房地(土地+建物),雲林縣虎尾鎮高南段410地號,39.45,住,,,1110731,土地1建物1車位0,三層,5,華廈(10層含以下有電梯),住家用,鋼筋混凝土造,,81.23,2,2,2,有,無,5500000,67709,,0.0,0,,RPQNMLTKQHHGFDP17CB,沐晴2期,B棟6號
斗六市,房地(土地+建物),雲林縣斗六市榴?六街,84.88,,工業區,丁種建築用地,1110725,土地1建物1車位0,全,3,透天厝,住家用,鋼筋混凝土造,,184.78,5,2,5,有,無,9800000,53036,,0.0,0,,RPPNMLMLQHHGFAP78CB,幸福人生2022,A1棟0號
二崙鄉,房地(土地+建物),雲林縣二崙鄉田尾路,129.98,,特定農業區,甲種建築用地,1110806,土地2建物1車位0,全,3,透天厝,住家用,鋼筋混凝土造,,160.52,4,2,4,有,無,7380000,45976,,0.0,0,,RPPNMLNLQHHGFCP09CB,晨悅,B棟1號
虎尾鎮,房地(土地+建物),雲林縣虎尾鎮虎興東二路,126.04,住,,,1110806,土地3建物1車位0,全,3,透天厝,住家用,鋼筋混凝土造,,219.47,4,2,5,有,無,15000000,68346,,0.0,0,,RPPNMLOLQHHGFDP66CB,寬庭大學9,A棟15號
虎尾鎮,房地(土地+建物)+車位,雲林縣虎尾鎮虎興西八路,27.47,住,,,1110730,土地1建物1車位1,七層,14,住宅大樓(11層含以上有電梯),住家用,鋼筋混凝土造,,135.9,2,1,1,有,無,6820000,59568,坡道平面,34.0,750000,,RPQNMLPLQHHGFDP86CB,仰雲安縵,B棟8號
斗六市,房地(土地+建物),雲林縣斗六市科?一路,82.16,,工業區,丁種建築用地,1110728,土地3建物1車位0,全,3,透天厝,住家用,鋼筋混凝土造,,144.66,4,2,5,有,無,8250000,57030,,0.0,0,,RPPNMLQLQHHGFAP56CB,綠邸三期,B12號
斗六市,房地(土地+建物)+車位,雲林縣斗六市南揚街,39.75,住,,,1110805,土地1建物1車位1,三層,7,華廈(10層含以下有電梯),住家用,鋼筋混凝土造,,127.31,3,2,2,有,無,10100000,79671,一樓平面,13.09,1000000,,RPPNMLLMQHHGFAP78CB,聖德淳風二期C棟,C棟2號
斗六市,房地(土地+建物)+車位,雲林縣斗六市南揚街,39.75,住,,,1110802,土地1建物1車位1,五層,7,華廈(10層含以下有電梯),住家用,鋼筋混凝土造,,127.31,3,2,2,有,無,9900000,77920,一樓平面,13.09,1000000,,RPQNMLLMQHHGFAP88CB,聖德淳風二期C棟,C棟1號
斗六市,房地(土地+建物)+車位,雲林縣斗六市南揚街,39.75,住,,,1110802,土地1建物1車位1,五層,7,華廈(10層含以下有電梯),住家用,鋼筋混凝土造,,129.37,3,2,2,有,無,9900000,77920,一樓平面,15.15,1000000,,RPRNMLLMQHHGFAP98CB,聖德淳風二期C棟,C棟2號
斗六市,房地(土地+建物)+車位,雲林縣斗六市南揚街,39.75,住,,,1110802,土地1建物1車位1,六層,7,華廈(10層含以下有電梯),住家用,鋼筋混凝土造,,129.37,3,2,2,有,無,9900000,77920,一樓平面,15.15,1000000,,RPSNMLLMQHHGFAP09CB,聖德淳風二期C棟,C棟1號
斗六市,房地(土地+建物)+車位,雲林縣斗六市南揚街,39.75,住,,,1110806,土地1建物1車位1,六層,7,華廈(10層含以下有電梯),住家用,鋼筋混凝土造,,129.37,3,2,2,有,無,10000000,78795,一樓平面,15.15,1000000,,RPTNMLLMQHHGFAP56CB,聖德淳風二期C棟,C棟2號
斗六市,房地(土地+建物),雲林縣斗六市興合路,117.08,,鄉村區,乙種建築用地,1110625,土地1建物1車位0,全,3,透天厝,住家用,鋼筋混凝土造,,191.47,5,2,5,有,無,11880000,62046,,0.0,0,,RPVNMLLMQHHGFAP76CB,幸福人生2022,A3棟0號
土庫鎮,房地(土地+建物),雲林縣土庫鎮成功路,33.6,住,,,1110808,土地2建物1車位0,三層,7,華廈(10層含以下有電梯),住家用,鋼筋混凝土造,,94.49,2,2,2,有,無,4980000,52704,,0.0,0,,RPPNMLNJRHHGFDP09CB,愛家,G棟3號
虎尾鎮,房地(土地+建物)+車位,雲林縣虎尾鎮永興南七路、建成路,45.02,住,,,1110808,土地1建物1車位2,十二層,14,住宅大樓(11層含以上有電梯),住家用,鋼筋混凝土造,,240.53,3,2,2,有,無,19360000,87608,坡道平面,46.94,2400000,,RPXNMLPJRHHGFDP47CB,真善美十七期宇荃.白金,A棟1號
虎尾鎮,房地(土地+建物)+車位,雲林縣虎尾鎮永興南七路、建成路,45.02,住,,,1110808,土地1建物1車位2,十一層,14,住宅大樓(11層含以上有電梯),住家用,鋼筋混凝土造,,240.53,3,2,2,有,無,18960000,85025,坡道平面,46.94,2500000,,RPOOMLPJRHHGFDP66CB,真善美十七期宇荃.白金,A棟1號
虎尾鎮,房地(土地+建物)+車位,雲林縣虎尾鎮永興南七路、建成路,43.83,住,,,1110808,土地1建物1車位2,十層,14,住宅大樓(11層含以上有電梯),住家用,鋼筋混凝土造,,235.44,3,2,2,有,無,18500000,85411,坡道平面,46.94,2400000,,RPPOMLPJRHHGFDP76CB,真善美十七期宇荃.白金,A棟5號
虎尾鎮,房地(土地+建物)+車位,雲林縣虎尾鎮永興南七路、建成路,45.02,住,,,1110808,土地1建物1車位2,九層,14,住宅大樓(11層含以上有電梯),住家用,鋼筋混凝土造,,240.5,3,2,2,有,無,19100000,84728,坡道平面,46.94,2700000,,RPPNMLQJRHHGFDP76CB,真善美十七期宇荃.白金,A棟2號
虎尾鎮,房地(土地+建物)+車位,雲林縣虎尾鎮虎興東九街,41.17,住,,,1110727,土地1建物1車位1,七層,8,華廈(10層含以下有電梯),住家用,鋼筋混凝土造,,143.64,3,1,2,有,無,10320000,75607,坡道平面,25.0,1350000,,RPPNMLMKRHHGFDP09CB,臻品會館2期,1棟A號
虎尾鎮,房地(土地+建物)+車位,雲林縣虎尾鎮虎興東九街,41.17,住,,,1110716,土地1建物1車位1,七層,8,華廈(10層含以下有電梯),住家用,鋼筋混凝土造,,143.64,3,1,2,有,無,10270000,75607,坡道平面,25.0,1300000,,RPQNMLMKRHHGFDP56CB,臻品會館2期,1棟B號
虎尾鎮,房地(土地+建物)+車位,雲林縣虎尾鎮虎興東九街,28.46,住,,,1110716,土地1建物1車位1,二層,8,華廈(10層含以下有電梯),住家用,鋼筋混凝土造,,93.98,2,1,1,有,無,6500000,69529,升降機械,12.0,800000,,RPRNMLMKRHHGFDP66CB,臻品會館2期,1棟D號
虎尾鎮,房地(土地+建物)+車位,雲林縣虎尾鎮虎興東九街,28.77,住,,,1110723,土地1建物1車位1,三層,8,華廈(10層含以下有電梯),住家用,鋼筋混凝土造,,94.92,2,1,1,有,無,6560000,69465,升降機械,12.0,800000,,RPSNMLMKRHHGFDP76CB,臻品會館2期,1棟C號
虎尾鎮,房地(土地+建物)+車位,雲林縣虎尾鎮虎興東九街,41.17,住,,,1110723,土地1建物1車位1,三層,8,華廈(10層含以下有電梯),住家用,鋼筋混凝土造,,130.64,3,1,2,有,無,9560000,73837,升降機械,12.0,800000,,RPTNMLMKRHHGFDP86CB,臻品會館2期,1棟A號
虎尾鎮,房地(土地+建物)+車位,雲林縣虎尾鎮虎興東九街,41.17,住,,,1110723,土地1建物1車位1,三層,8,華廈(10層含以下有電梯),住家用,鋼筋混凝土造,,130.64,3,1,2,有,無,9660000,74680,升降機械,12.0,800000,,RPUNMLMKRHHGFDP96CB,臻品會館2期,1棟B號
虎尾鎮,房地(土地+建物)+車位,雲林縣虎尾鎮虎興東九街,28.46,住,,,1110725,土地1建物1車位1,三層,8,華廈(10層含以下有電梯),住家用,鋼筋混凝土造,,93.98,2,1,1,有,無,6500000,69529,升降機械,12.0,800000,,RPVNMLMKRHHGFDP07CB,臻品會館2期,1棟D號
虎尾鎮,房地(土地+建物)+車位,雲林縣虎尾鎮虎興東九街,28.46,住,,,1110801,土地1建物1車位1,三層,8,華廈(10層含以下有電梯),住家用,鋼筋混凝土造,,93.98,2,1,1,有,無,6500000,69529,升降機械,12.0,800000,,RPWNMLMKRHHGFDP17CB,臻品會館2期,1棟E號
虎尾鎮,房地(土地+建物)+車位,雲林縣虎尾鎮虎興東九街,28.77,住,,,1110810,土地1建物1車位1,三層,8,華廈(10層含以下有電梯),住家用,鋼筋混凝土造,,94.92,2,1,1,有,無,6560000,69465,升降機械,12.0,800000,,RPXNMLMKRHHGFDP27CB,臻品會館2期,1棟F號
虎尾鎮,房地(土地+建物)+車位,雲林縣虎尾鎮虎興東九街,39.72,住,,,1110808,土地1建物1車位1,七層,8,華廈(10層含以下有電梯),住家用,鋼筋混凝土造,,139.47,3,1,2,有,無,10000000,75566,坡道平面,25.0,1350000,,RPOOMLMKRHHGFDP09CB,臻品會館2期,1棟C號
西螺鎮,房地(土地+建物),雲林縣西螺鎮金順街,95.96,住,,,1110717,土地1建物1車位0,全,4,透天厝,住家用,鋼筋混凝土造,,197.57,5,3,4,有,無,13000000,65799,,0.0,0,,RPPNMLNKRHHGFCP09CB,一品居二期,A棟8號
北港鎮,房地(土地+建物),雲林縣北港鎮慶華街,100.75,住,,,1110529,土地2建物1車位0,全,3,透天厝,住家用,鋼筋混凝土造,,186.5,4,2,4,有,無,11700000,62735,,0.0,0,,RPPNMLNKRHHGFEP66CB,富御苑3,B棟12號
虎尾鎮,房地(土地+建物)+車位,雲林縣虎尾鎮興安段748-1地號等3筆,39.78,,鄉村區,乙種建築用地,1110712,土地3建物1車位1,三層,5,華廈(10層含以下有電梯),住家用,鋼筋混凝土造,,101.08,2,2,2,有,無,7170000,70934,一樓平面,0.0,900000,,RPPNMLPKRHHGFDP86DB,春豆子-公寓,A棟302號
西螺鎮,房地(土地+建物),雲林縣西螺鎮振興里,172.36,住,,,1110728,土地6建物1車位0,全,4,透天厝,住家用,鋼筋混凝土造,,280.82,5,2,5,有,無,18200000,64810,,0.0,0,,RPPNMLPKRHHGFCP66CB,大砌,B棟5號
虎尾鎮,房地(土地+建物),雲林縣虎尾鎮延平段1322-2、1322-3地段,95.6,,鄉村區,乙種建築用地,1110720,土地2建物1車位0,全,3,透天厝,住家用,鋼筋混凝土造,,186.81,4,1,4,有,無,9360000,50104,,0.0,0,,RPPNMLKLRHHGFDP98CB,弘鋆福家二期,A棟2號
