﻿編號,土地位置,土地移轉面積(平方公尺),使用分區或編定,權利人持分分母,權利人持分分子,移轉情形,地號
The serial number, land position,land shifting area square meter,the use zoning or compiles and checks,,,,land parcel
RPRNMLQKNHHGFAP98CB,莿桐段,41.78,都市：住,147800,4178,持分移轉,03760027
RPRNMLQKNHHGFAP98CB,莿桐段,10.35,都市：其他:計畫道路,36600,1035,持分移轉,03760190
RPQNMLMLNHHGFAP58CB,大竹圍段,30.88,非都市：特定農業區 ; 非都市編定：甲種建築用地,1000000,10213,持分移轉,00530000
RPRNMLKLNHHGFAP48CB,九芎段,52.20,非都市：鄉村區 ; 非都市編定：乙種建築用地,1,1,全筆移轉,03050022
RPRNMLKLNHHGFAP48CB,九芎段,16.62,非都市：鄉村區 ; 非都市編定：乙種建築用地,20,1,持分移轉,03050018
RPPNMLKLNHHGFCP48CB,漢北段,101.71,都市：住,1,1,全筆移轉,03270002
RPUNMLTKNHHGFAP96CB,雲林溪段,16.28,都市：商,202785,1628,持分移轉,01590000
RPPNMLRKNHHGFAP88CB,大竹圍段,31.43,非都市：特定農業區 ; 非都市編定：甲種建築用地,1000000,10395,持分移轉,00530000
RPPNMLNKNHHGFDP78CB,立仁段,1.08,都市：商,189731,1517,持分移轉,05990000
RPRNMLMKNHHGFAP58CB,斗六段,18.87,都市：商,10000,173,持分移轉,00530000
RPPNMLNKNHHGFDP78CB,立仁段,.02,都市：商,189731,1517,持分移轉,06030000
RPPNMLNKNHHGFDP78CB,立仁段,.02,都市：商,189731,1517,持分移轉,06040000
RPPNMLNKNHHGFDP78CB,立仁段,.84,都市：商,189731,1517,持分移轉,06050000
RPPNMLNKNHHGFDP78CB,立仁段,1.31,都市：商,189731,1517,持分移轉,06060000
RPPNMLNKNHHGFDP78CB,立仁段,5.44,都市：商,189731,1517,持分移轉,06070000
RPPNMLNKNHHGFDP78CB,立仁段,1.12,都市：商,189731,1517,持分移轉,06080000
RPPNMLNKNHHGFDP78CB,立仁段,.28,都市：商,189731,1517,持分移轉,06090000
RPPNMLNKNHHGFDP78CB,立仁段,.54,都市：商,189731,1517,持分移轉,06100000
RPPNMLNKNHHGFDP78CB,立仁段,1.27,都市：商,189731,1517,持分移轉,06110000
RPPNMLNKNHHGFDP78CB,立仁段,3.27,都市：商,189731,1517,持分移轉,06110001
RPTNMLTKNHHGFAP86CB,雲林溪段,14.50,都市：商,202785,1450,持分移轉,01590000
RPPNMLMLNHHGFAP48CB,大竹圍段,33.00,非都市：特定農業區 ; 非都市編定：甲種建築用地,1000000,10915,持分移轉,00530000
RPQNMLNLNHHGFBP78CB,僑真段,21.47,都市：住,100000,634,持分移轉,03490000
RPQNMLNLNHHGFBP78CB,僑真段,1.22,都市：其他:綠地用地,1136300,3098,持分移轉,03450000
RPQNMLNLNHHGFBP78CB,僑真段,1.07,都市：其他:道路用地,1136300,2042,持分移轉,03500000
RPQNMLNLNHHGFBP78CB,僑真段,1.54,都市：住,100000,418,持分移轉,03490012
RPQNMLNLNHHGFAP68CB,雲林溪段,16.28,都市：商,202785,1628,持分移轉,01590000
RPPNMLNLNHHGFAP58CB,雲林溪段,12.27,都市：商,202785,1227,持分移轉,01590000
RPRNMLNLNHHGFBP88CB,僑真段,21.10,都市：住,100000,623,持分移轉,03490000
RPPNMLNLNHHGFBP78DB,僑真段,94.63,都市：住,1,1,全筆移轉,06340010
RPRNMLNLNHHGFBP88CB,僑真段,1.20,都市：其他:綠地用地,1136300,3045,持分移轉,03450000
RPPNMLNLNHHGFBP78DB,僑真段,.32,都市：住,14,1,持分移轉,06290007
RPRNMLNLNHHGFBP88CB,僑真段,1.05,都市：其他:道路用地,1136300,2006,持分移轉,03500000
RPRNMLNLNHHGFBP88CB,僑真段,1.51,都市：住,100000,410,持分移轉,03490012
RPSNMLOLNHHGFAP98CB,科加段,73.50,非都市：工業區 ; 非都市編定：丁種建築用地,1,1,全筆移轉,00070168
RPSNMLOLNHHGFAP98CB,科加段,8.51,非都市：工業區 ; 非都市編定：丁種建築用地,10000,74,持分移轉,00070188
RPSNMLOLNHHGFAP98CB,科加段,.15,非都市：工業區 ; 非都市編定：丁種建築用地,59,1,持分移轉,00070178
RPTNMLOLNHHGFAP09CB,科加段,73.50,非都市：工業區 ; 非都市編定：丁種建築用地,1,1,全筆移轉,00070132
RPTNMLOLNHHGFAP09CB,科加段,8.51,非都市：工業區 ; 非都市編定：丁種建築用地,10000,74,持分移轉,00070188
RPTNMLOLNHHGFAP09CB,科加段,.15,非都市：工業區 ; 非都市編定：丁種建築用地,59,1,持分移轉,00070178
RPWNMLOLNHHGFAP76CB,科加段,24.71,非都市：工業區 ; 非都市編定：丁種建築用地,30,1,持分移轉,00160083
RPWNMLOLNHHGFAP76CB,科加段,83.61,非都市：工業區 ; 非都市編定：丁種建築用地,1,1,全筆移轉,00160025
RPXNMLOLNHHGFAP86CB,科加段,24.71,非都市：工業區 ; 非都市編定：丁種建築用地,30,1,持分移轉,00160083
RPXNMLOLNHHGFAP86CB,科加段,82.05,非都市：工業區 ; 非都市編定：丁種建築用地,1,1,全筆移轉,00160009
RPPOMLOLNHHGFAP78CB,科加段,28.00,非都市：工業區 ; 非都市編定：丁種建築用地,20,1,持分移轉,00160085
RPPOMLOLNHHGFAP78CB,科加段,92.76,非都市：工業區 ; 非都市編定：丁種建築用地,1,1,全筆移轉,00160070
RPPOMLOLNHHGFAP78CB,科加段,3.09,非都市：工業區 ; 非都市編定：丁種建築用地,1,1,全筆移轉,00160071
RPOOMLOLNHHGFAP68CB,科加段,28.00,非都市：工業區 ; 非都市編定：丁種建築用地,20,1,持分移轉,00160085
RPOOMLOLNHHGFAP68CB,科加段,90.04,非都市：工業區 ; 非都市編定：丁種建築用地,1,1,全筆移轉,00160063
RPQOMLOLNHHGFAP88CB,科加段,28.00,非都市：工業區 ; 非都市編定：丁種建築用地,20,1,持分移轉,00160085
RPQOMLOLNHHGFAP88CB,科加段,90.05,非都市：工業區 ; 非都市編定：丁種建築用地,1,1,全筆移轉,00160061
RPQNMLQLNHHGFDP66CB,大學段,102.36,都市：住,1,1,全筆移轉,03540036
RPQNMLQLNHHGFDP66CB,大學段,.49,都市：住,34,1,持分移轉,03540013
RPRNMLQLNHHGFDP76CB,大學段,24.43,都市：住,10000,94,持分移轉,02800000
RPQNMLQLNHHGFDP66CB,大學段,29.30,都市：住,24,1,持分移轉,03540002
RPPNMLRLNHHGFDP66CB,埔崙段,78.00,都市：住,1,1,全筆移轉,04520017
RPPNMLRLNHHGFDP66CB,埔崙段,34.00,都市：住,18,1,持分移轉,04520000
RPPNMLRLNHHGFDP66CB,埔崙段,.22,都市：住,18,1,持分移轉,04520003
RPPNMLRLNHHGFDP66CB,埔崙段,1.00,都市：住,18,1,持分移轉,04520006
RPPNMLKMNHHGFAP38CB,斗六段,20.84,都市：商,10000,191,持分移轉,00530000
RPROMLOLNHHGFAP98CB,科加段,27.12,非都市：工業區 ; 非都市編定：丁種建築用地,21,1,持分移轉,00160084
RPROMLOLNHHGFAP98CB,科加段,109.44,非都市：工業區 ; 非都市編定：丁種建築用地,1,1,全筆移轉,00160046
RPQNMLLMNHHGFAP58CB,田心段,31.50,非都市：鄉村區 ; 非都市編定：乙種建築用地,30,1,持分移轉,08200000
RPPNMLLJOHHGFAP28CB,九芎段,52.74,非都市：鄉村區 ; 非都市編定：乙種建築用地,1,1,全筆移轉,03050012
RPPNMLLJOHHGFAP28CB,九芎段,16.62,非都市：鄉村區 ; 非都市編定：乙種建築用地,20,1,持分移轉,03050018
RPPNMLLJOHHGFCP48CB,漢南段,71.63,都市：住,1,1,全筆移轉,01470046
RPPNMLLJOHHGFCP48CB,漢南段,30.60,都市：住,23,1,持分移轉,01470044
RPSNMLLJOHHGFCP78CB,阿勸段,99.00,非都市：鄉村區 ; 非都市編定：乙種建築用地,1,1,全筆移轉,06010020
RPSNMLLJOHHGFCP78CB,阿勸段,3.12,非都市：鄉村區 ; 非都市編定：乙種建築用地,16,1,持分移轉,06010001
RPSNMLLJOHHGFCP78CB,阿勸段,13.12,非都市：鄉村區 ; 非都市編定：乙種建築用地,16,1,持分移轉,06010025
RPSNMLLJOHHGFCP78CB,阿勸段,6.25,非都市：鄉村區 ; 非都市編定：乙種建築用地,16,1,持分移轉,06010045
RPSNMLLJOHHGFCP78CB,阿勸段,8.00,非都市：鄉村區 ; 非都市編定：乙種建築用地,1,1,全筆移轉,06010023
RPPNMLLJOHHGFDP58CB,大學段,33.01,都市：住,10000,127,持分移轉,02800000
RPRNMLLJOHHGFCP68CB,漢南段,75.07,都市：住,1,1,全筆移轉,01470025
RPRNMLLJOHHGFCP68CB,漢南段,30.60,都市：住,23,1,持分移轉,01470044
RPQNMLLJOHHGFCP58CB,漢南段,77.83,都市：住,1,1,全筆移轉,01470026
RPQNMLLJOHHGFCP58CB,漢南段,30.60,都市：住,23,1,持分移轉,01470044
RPTNMLLJOHHGFCP88CB,阿勸段,107.00,非都市：鄉村區 ; 非都市編定：乙種建築用地,1,1,全筆移轉,06010017
RPTNMLLJOHHGFCP88CB,阿勸段,3.12,非都市：鄉村區 ; 非都市編定：乙種建築用地,16,1,持分移轉,06010001
RPTNMLLJOHHGFCP88CB,阿勸段,13.12,非都市：鄉村區 ; 非都市編定：乙種建築用地,16,1,持分移轉,06010025
RPTNMLLJOHHGFCP88CB,阿勸段,6.25,非都市：鄉村區 ; 非都市編定：乙種建築用地,16,1,持分移轉,06010045
RPUNMLLJOHHGFCP98CB,阿勸段,107.00,非都市：鄉村區 ; 非都市編定：乙種建築用地,1,1,全筆移轉,06010018
RPUNMLLJOHHGFCP98CB,阿勸段,3.12,非都市：鄉村區 ; 非都市編定：乙種建築用地,16,1,持分移轉,06010001
RPUNMLLJOHHGFCP98CB,阿勸段,13.12,非都市：鄉村區 ; 非都市編定：乙種建築用地,16,1,持分移轉,06010025
RPUNMLLJOHHGFCP98CB,阿勸段,6.25,非都市：鄉村區 ; 非都市編定：乙種建築用地,16,1,持分移轉,06010045
RPPNMLMJOHHGFCP58CB,三塊厝段三塊厝小段,89.00,非都市：鄉村區 ; 非都市編定：乙種建築用地,1,1,全筆移轉,06730010
RPPNMLMJOHHGFCP58CB,三塊厝段三塊厝小段,21.67,非都市：鄉村區 ; 非都市編定：乙種建築用地,24,1,持分移轉,06730000
RPPNMLMJOHHGFAP38CB,科加段,34.60,非都市：工業區 ; 非都市編定：丁種建築用地,10000,86,持分移轉,00060000
RPPNMLMJOHHGFAP38CB,科加段,3.36,非都市：工業區 ; 非都市編定：丁種建築用地,100000,686,持分移轉,00060002
RPPNMLLJOHHGFEP68CB,新西段,2.75,都市：住,1704,90,持分移轉,12240000
RPPNMLOJOHHGFAP58CB,雲林溪段,14.50,都市：商,202785,1450,持分移轉,01590000
RPPNMLLJOHHGFEP68CB,新西段,8.90,都市：住,1704,90,持分移轉,12250000
RPPNMLLJOHHGFEP68CB,新西段,10.83,都市：住,1704,90,持分移轉,12260000
RPPNMLLJOHHGFEP68CB,新西段,6.80,都市：住,1704,90,持分移轉,12290000
RPPNMLLJOHHGFEP68CB,新西段,1.00,都市：住,1704,90,持分移轉,12300000
RPPNMLLJOHHGFEP68CB,新西段,2.83,都市：住,1704,90,持分移轉,12310000
RPPNMLLJOHHGFEP68CB,新西段,8.92,都市：住,1704,90,持分移轉,12320000
RPPNMLLJOHHGFEP68CB,新西段,9.70,都市：住,1704,90,持分移轉,12330000
RPQNMLOJOHHGFAP68CB,雲林溪段,14.60,都市：商,202785,1460,持分移轉,01590000
RPPNMLOJOHHGFDP88CB,立仁段,1.08,都市：商,189731,1517,持分移轉,05990000
RPPNMLOJOHHGFDP88CB,立仁段,.02,都市：商,189731,1517,持分移轉,06030000
RPPNMLOJOHHGFDP88CB,立仁段,.02,都市：商,189731,1517,持分移轉,06040000
RPPNMLOJOHHGFDP88CB,立仁段,.84,都市：商,189731,1517,持分移轉,06050000
RPPNMLOJOHHGFDP88CB,立仁段,1.31,都市：商,189731,1517,持分移轉,06060000
RPPNMLOJOHHGFDP88CB,立仁段,5.44,都市：商,189731,1517,持分移轉,06070000
RPPNMLOJOHHGFDP88CB,立仁段,1.12,都市：商,189731,1517,持分移轉,06080000
RPPNMLOJOHHGFDP88CB,立仁段,.28,都市：商,189731,1517,持分移轉,06090000
RPPNMLOJOHHGFDP88CB,立仁段,.54,都市：商,189731,1517,持分移轉,06100000
RPPNMLOJOHHGFDP88CB,立仁段,1.27,都市：商,189731,1517,持分移轉,06110000
RPPNMLOJOHHGFDP88CB,立仁段,3.27,都市：商,189731,1517,持分移轉,06110001
RPPNMLRJOHHGFCP09CB,永定段,88.66,非都市：鄉村區 ; 非都市編定：乙種建築用地,1,1,全筆移轉,11120034
RPPNMLRJOHHGFCP09CB,永定段,37.44,非都市：鄉村區 ; 非都市編定：乙種建築用地,4752,337,持分移轉,11120004
RPPNMLQJOHHGFFP66CB,橋頭段,28.00,非都市：鄉村區 ; 非都市編定：乙種建築用地,100000,1492,持分移轉,10380001
RPPNMLQJOHHGFDP09CB,菜園段,50.62,都市：住,10000,427,持分移轉,07040003
RPQNMLRJOHHGFAP98CB,虎溪段,30.47,非都市：鄉村區 ; 非都市編定：乙種建築用地,100000,1313,持分移轉,15560000
RPRNMLRJOHHGFAP09CB,虎溪段,30.47,非都市：鄉村區 ; 非都市編定：乙種建築用地,100000,1313,持分移轉,15560000
RPTNMLRJOHHGFAP66CB,榴中段,26.69,非都市：一般農業區 ; 非都市編定：甲種建築用地,10000,90,持分移轉,08880000
RPPNMLRJOHHGFAP88CB,虎溪段,30.47,非都市：鄉村區 ; 非都市編定：乙種建築用地,100000,1313,持分移轉,15560000
RPSNMLRJOHHGFAP56CB,虎溪段,30.47,非都市：鄉村區 ; 非都市編定：乙種建築用地,100000,1313,持分移轉,15560000
RPUNMLRJOHHGFAP76CB,榴中段,21.95,非都市：一般農業區 ; 非都市編定：甲種建築用地,10000,74,持分移轉,08880000
RPPNMLKKOHHGFAP28CB,雲林溪段,12.27,都市：商,202785,1227,持分移轉,01590000
RPPNMLSJOHHGFDP66CB,大學段,24.17,都市：住,10000,93,持分移轉,02800000
RPPNMLTJOHHGFDP76CB,高南段,40.19,都市：住,100000,1804,持分移轉,04100000
RPQNMLKKOHHGFAP38CB,雲林溪段,15.12,都市：商,202785,1512,持分移轉,01590000
RPTNMLNKOHHGFAP98CB,虎溪段,21.96,非都市：鄉村區 ; 非都市編定：乙種建築用地,100000,946,持分移轉,15560000
RPRNMLNKOHHGFAP78CB,虎溪段,21.96,非都市：鄉村區 ; 非都市編定：乙種建築用地,100000,946,持分移轉,15560000
RPSNMLNKOHHGFAP88CB,虎溪段,21.96,非都市：鄉村區 ; 非都市編定：乙種建築用地,100000,946,持分移轉,15560000
RPWNMLNKOHHGFAP66CB,虎溪段,21.96,非都市：鄉村區 ; 非都市編定：乙種建築用地,100000,946,持分移轉,15560000
RPOOMLNKOHHGFAP58CB,虎溪段,30.47,非都市：鄉村區 ; 非都市編定：乙種建築用地,100000,1313,持分移轉,15560000
RPVNMLNKOHHGFAP56CB,虎溪段,21.96,非都市：鄉村區 ; 非都市編定：乙種建築用地,100000,946,持分移轉,15560000
RPPOMLNKOHHGFAP68CB,虎溪段,21.96,非都市：鄉村區 ; 非都市編定：乙種建築用地,100000,946,持分移轉,15560000
RPXNMLNKOHHGFAP76CB,虎溪段,30.47,非都市：鄉村區 ; 非都市編定：乙種建築用地,100000,1313,持分移轉,15560000
RPPNMLNKOHHGFCP78CB,漢南段,99.16,都市：住,1,1,全筆移轉,01470027
RPPNMLNKOHHGFBP68CB,僑真段,25.88,都市：住,100000,764,持分移轉,03490000
RPPNMLNKOHHGFBP68CB,僑真段,1.47,都市：其他:綠地用地,1136300,3733,持分移轉,03450000
RPPNMLNKOHHGFBP68CB,僑真段,1.29,都市：其他:道路用地,1136300,2460,持分移轉,03500000
RPPNMLNKOHHGFBP68CB,僑真段,1.86,都市：住,100000,503,持分移轉,03490012
RPPNMLOKOHHGFCP88CB,埔東段,86.32,都市：住,1,1,全筆移轉,01520029
RPPNMLOKOHHGFCP88CB,埔東段,19.82,都市：住,19,1,持分移轉,01520034
RPQNMLOKOHHGFAP78CB,虎溪段,30.47,非都市：鄉村區 ; 非都市編定：乙種建築用地,100000,1313,持分移轉,15560000
RPPNMLOKOHHGFAP68CB,虎溪段,30.47,非都市：鄉村區 ; 非都市編定：乙種建築用地,100000,1313,持分移轉,15560000
RPSNMLOKOHHGFAP98CB,虎溪段,30.45,非都市：鄉村區 ; 非都市編定：乙種建築用地,100000,1312,持分移轉,15560000
RPRNMLOKOHHGFAP88CB,虎溪段,30.45,非都市：鄉村區 ; 非都市編定：乙種建築用地,100000,1312,持分移轉,15560000
RPPNMLPKOHHGFAP78CB,虎溪段,21.96,非都市：鄉村區 ; 非都市編定：乙種建築用地,100000,946,持分移轉,15560000
RPQNMLPKOHHGFAP88CB,虎溪段,30.47,非都市：鄉村區 ; 非都市編定：乙種建築用地,100000,1313,持分移轉,15560000
RPRNMLPKOHHGFAP98CB,虎溪段,30.47,非都市：鄉村區 ; 非都市編定：乙種建築用地,100000,1313,持分移轉,15560000
RPTNMLPKOHHGFAP56CB,虎溪段,21.96,非都市：鄉村區 ; 非都市編定：乙種建築用地,100000,946,持分移轉,15560000
RPPNMLPKOHHGFCP98CB,永定段,94.38,非都市：鄉村區 ; 非都市編定：乙種建築用地,1,1,全筆移轉,11120021
RPPNMLPKOHHGFCP98CB,永定段,13.26,非都市：鄉村區 ; 非都市編定：乙種建築用地,1,1,全筆移轉,11120022
RPPNMLPKOHHGFCP98CB,永定段,24.41,非都市：鄉村區 ; 非都市編定：乙種建築用地,14,1,持分移轉,11120043
RPSNMLPKOHHGFAP09CB,虎溪段,21.96,非都市：鄉村區 ; 非都市編定：乙種建築用地,100000,946,持分移轉,15560000
RPQNMLPKOHHGFCP09CB,永定段,109.35,非都市：鄉村區 ; 非都市編定：乙種建築用地,1,1,全筆移轉,11120014
RPSNMLPKOHHGFDP76CB,大學段,106.00,都市：住,1,1,全筆移轉,03520036
RPSNMLPKOHHGFDP76CB,大學段,12.00,都市：住,25,1,持分移轉,03520029
RPPNMLPKOHHGFAP88DB,高林北段,98.80,非都市：鄉村區 ; 非都市編定：乙種建築用地,1,1,全筆移轉,05580007
RPPNMLPKOHHGFAP88DB,高林北段,25.42,非都市：鄉村區 ; 非都市編定：乙種建築用地,50,1,持分移轉,05580050
RPPNMLPKOHHGFAP88DB,高林北段,.91,非都市：鄉村區 ; 非都市編定：乙種建築用地,50,1,持分移轉,05580051
RPPNMLPKOHHGFAP88DB,高林北段,11.65,非都市：一般農業區 ; 非都市編定：農牧用地,50,1,持分移轉,05640000
RPPNMLQKOHHGFDP56CB,福德段,36.75,非都市：特定農業區 ; 非都市編定：甲種建築用地,272581,7866,持分移轉,07650000
RPPNMLQKOHHGFAP88CB,科加段,28.00,非都市：工業區 ; 非都市編定：丁種建築用地,20,1,持分移轉,00160085
RPPNMLQKOHHGFAP88CB,科加段,90.05,非都市：工業區 ; 非都市編定：丁種建築用地,1,1,全筆移轉,00160062
RPQNMLQKOHHGFAP98CB,科加段,80.33,非都市：工業區 ; 非都市編定：丁種建築用地,1,1,全筆移轉,00160042
RPQNMLQKOHHGFAP98CB,科加段,2.70,非都市：工業區 ; 非都市編定：丁種建築用地,1,1,全筆移轉,00160043
RPQNMLQKOHHGFAP98CB,科加段,27.12,非都市：工業區 ; 非都市編定：丁種建築用地,21,1,持分移轉,00160084
RPQNMLPKOHHGFAP98DB,大美段,102.88,非都市：一般農業區 ; 非都市編定：甲種建築用地,255016,10288,持分移轉,01670000
RPQNMLPKOHHGFAP98DB,大美段,53.12,非都市：一般農業區 ; 非都市編定：甲種建築用地,523895,5312,持分移轉,01680000
RPRNMLQKOHHGFAP09CB,科加段,24.71,非都市：工業區 ; 非都市編定：丁種建築用地,30,1,持分移轉,00160083
RPRNMLQKOHHGFAP09CB,科加段,82.03,非都市：工業區 ; 非都市編定：丁種建築用地,1,1,全筆移轉,00160005
RPSNMLQKOHHGFAP56CB,榴中段,23.43,非都市：一般農業區 ; 非都市編定：甲種建築用地,10000,79,持分移轉,08880000
RPTNMLQKOHHGFAP66CB,科加段,92.76,非都市：工業區 ; 非都市編定：丁種建築用地,1,1,全筆移轉,00160057
RPTNMLQKOHHGFAP66CB,科加段,3.09,非都市：工業區 ; 非都市編定：丁種建築用地,1,1,全筆移轉,00160058
RPTNMLQKOHHGFAP66CB,科加段,27.12,非都市：工業區 ; 非都市編定：丁種建築用地,21,1,持分移轉,00160084
RPUNMLQKOHHGFAP76CB,榴中段,23.43,非都市：一般農業區 ; 非都市編定：甲種建築用地,10000,79,持分移轉,08880000
RPVNMLQKOHHGFAP86CB,科加段,90.05,非都市：工業區 ; 非都市編定：丁種建築用地,1,1,全筆移轉,00160048
RPVNMLQKOHHGFAP86CB,科加段,27.12,非都市：工業區 ; 非都市編定：丁種建築用地,21,1,持分移轉,00160084
RPWNMLQKOHHGFAP96CB,科加段,90.04,非都市：工業區 ; 非都市編定：丁種建築用地,1,1,全筆移轉,00160047
RPWNMLQKOHHGFAP96CB,科加段,27.12,非都市：工業區 ; 非都市編定：丁種建築用地,21,1,持分移轉,00160084
RPXNMLQKOHHGFAP07CB,北環段,10.64,都市：商,20305000,106370,持分移轉,02240000
RPRNMLRKOHHGFDP86CB,延平段,60.40,非都市：鄉村區 ; 非都市編定：乙種建築用地,189379,9572,持分移轉,13220002
RPRNMLRKOHHGFDP86CB,延平段,35.32,非都市：鄉村區 ; 非都市編定：乙種建築用地,189379,9572,持分移轉,13220003
RPSNMLRKOHHGFDP96CB,延平段,60.47,非都市：鄉村區 ; 非都市編定：乙種建築用地,189379,9583,持分移轉,13220002
RPSNMLRKOHHGFDP96CB,延平段,35.36,非都市：鄉村區 ; 非都市編定：乙種建築用地,189379,9583,持分移轉,13220003
RPPNMLRKOHHGFAP09DB,大美段,103.41,非都市：一般農業區 ; 非都市編定：甲種建築用地,255016,10341,持分移轉,01670000
RPPNMLRKOHHGFAP09DB,大美段,52.59,非都市：一般農業區 ; 非都市編定：甲種建築用地,523895,5259,持分移轉,01680000
RPPNMLTKOHHGFBP66CB,僑真段,20.25,都市：住,100000,598,持分移轉,03490000
RPPNMLTKOHHGFBP66CB,僑真段,1.15,都市：其他:綠地用地,1136300,2922,持分移轉,03450000
RPPNMLTKOHHGFBP66CB,僑真段,1.01,都市：其他:道路用地,1136300,1926,持分移轉,03500000
RPRNMLKLOHHGFCP78CB,永定段,141.25,非都市：鄉村區 ; 非都市編定：乙種建築用地,1,1,全筆移轉,11120032
RPRNMLKLOHHGFCP78CB,永定段,6.00,非都市：鄉村區 ; 非都市編定：乙種建築用地,1,1,全筆移轉,11120033
RPRNMLKLOHHGFCP78CB,永定段,24.41,非都市：鄉村區 ; 非都市編定：乙種建築用地,14,1,持分移轉,11120043
RPPNMLTKOHHGFBP66CB,僑真段,1.45,都市：住,100000,393,持分移轉,03490012
RPPNMLKLOHHGFAP38CB,科加段,109.70,非都市：工業區 ; 非都市編定：丁種建築用地,1,1,全筆移轉,00160077
RPPNMLKLOHHGFAP38CB,科加段,28.00,非都市：工業區 ; 非都市編定：丁種建築用地,20,1,持分移轉,00160085
RPPNMLKLOHHGFBP48CB,僑真段,20.25,都市：住,100000,598,持分移轉,03490000
RPPNMLKLOHHGFBP48CB,僑真段,1.15,都市：其他:綠地用地,1136300,2922,持分移轉,03450000
RPPNMLKLOHHGFBP48CB,僑真段,1.01,都市：其他:道路用地,1136300,1926,持分移轉,03500000
RPPNMLKLOHHGFBP48CB,僑真段,1.45,都市：住,100000,393,持分移轉,03490012
RPPNMLLLOHHGFAP48CB,科加段,31.38,非都市：工業區 ; 非都市編定：丁種建築用地,10000,78,持分移轉,00060000
RPPNMLLLOHHGFAP48CB,科加段,3.04,非都市：工業區 ; 非都市編定：丁種建築用地,10000,62,持分移轉,00060002
RPPNMLMLOHHGFAP58CB,榴中段,22.24,非都市：一般農業區 ; 非都市編定：甲種建築用地,10000,75,持分移轉,08880000
RPPNMLMLOHHGFDP88CB,大學段,32.75,都市：住,10000,126,持分移轉,02800000
RPQNMLMLOHHGFDP98CB,大學段,31.45,都市：住,10000,121,持分移轉,02800000
RPQNMLMLOHHGFCP88CB,崙北段,153.32,都市：住,1,1,全筆移轉,08950026
RPQNMLMLOHHGFCP88CB,崙北段,.51,都市：住,6,1,持分移轉,08950033
RPPNMLMLOHHGFEP98CB,新東段,176.42,都市：住,1,1,全筆移轉,00880021
RPRNMLNLOHHGFDP56CB,菜園段,50.62,都市：住,10000,427,持分移轉,07040003
RPPNMLMLOHHGFBP68CB,僑真段,27.74,都市：住,100000,819,持分移轉,03490000
RPPNMLMLOHHGFBP68CB,僑真段,1.58,都市：其他:綠地用地,1136300,4003,持分移轉,03450000
RPPNMLMLOHHGFBP68CB,僑真段,1.39,都市：其他:道路用地,1136300,2637,持分移轉,03500000
RPPNMLMLOHHGFBP68CB,僑真段,1.99,都市：住,100000,540,持分移轉,03490012
RPPNMLNLOHHGFCP88CB,振興段,157.25,都市：住,1,1,全筆移轉,05830004
RPPNMLNLOHHGFCP88CB,振興段,2.75,都市：住,1,1,全筆移轉,05830015
RPPNMLNLOHHGFCP88CB,振興段,9.94,都市：住,10000,845,持分移轉,05850001
RPPNMLNLOHHGFCP88CB,振興段,10.63,都市：住,30000,1198,持分移轉,05860000
RPPNMLNLOHHGFCP88CB,振興段,2.61,都市：住,10000,845,持分移轉,05900000
RPPNMLNLOHHGFCP88CB,振興段,.04,都市：住,16,1,持分移轉,05830014
RPQNMLNLOHHGFDP09CB,菜園段,50.62,都市：住,10000,427,持分移轉,07040003
RPQNMLNLOHHGFCP98CB,豐榮段,88.08,非都市：鄉村區 ; 非都市編定：乙種建築用地,1,1,全筆移轉,03980003
RPSNMLNLOHHGFDP66CB,菜園段,50.62,都市：住,10000,427,持分移轉,07040003
RPQNMLNLOHHGFAP78CB,虎溪段,21.96,非都市：鄉村區 ; 非都市編定：乙種建築用地,100000,946,持分移轉,15560000
RPRNMLNLOHHGFAP88CB,虎溪段,21.96,非都市：鄉村區 ; 非都市編定：乙種建築用地,100000,946,持分移轉,15560000
RPPNMLNLOHHGFAP68CB,虎溪段,30.47,非都市：鄉村區 ; 非都市編定：乙種建築用地,100000,1313,持分移轉,15560000
RPPNMLOLOHHGFAP78CB,九芎段,53.44,非都市：鄉村區 ; 非都市編定：乙種建築用地,1,1,全筆移轉,03050024
RPPNMLOLOHHGFAP78CB,九芎段,16.62,非都市：鄉村區 ; 非都市編定：乙種建築用地,20,1,持分移轉,03050018
RPSNMLNLOHHGFAP98CB,虎溪段,30.47,非都市：鄉村區 ; 非都市編定：乙種建築用地,100000,1313,持分移轉,15560000
RPPNMLOLOHHGFDP09CB,越港段,96.69,都市：住,1,1,全筆移轉,05940067
RPPNMLOLOHHGFDP09CB,越港段,25.82,都市：住,17,1,持分移轉,05940059
RPPNMLOLOHHGFDP09CB,越港段,.82,都市：住,21,1,持分移轉,05940050
RPQNMLOLOHHGFDP56CB,越港段,96.69,都市：住,1,1,全筆移轉,05940054
RPQNMLOLOHHGFDP56CB,越港段,25.82,都市：住,17,1,持分移轉,05940059
RPQNMLOLOHHGFDP56CB,越港段,.82,都市：住,21,1,持分移轉,05940050
RPSNMLOLOHHGFDP76CB,越港段,12.74,都市：住,1000000,21210,持分移轉,05900000
RPSNMLOLOHHGFDP76CB,越港段,22.00,都市：住,1000000,21210,持分移轉,05940000
RPPNMLQLOHHGFDP66CB,立仁段,1.08,都市：商,189731,1517,持分移轉,05990000
RPPNMLPLOHHGFBP98CB,僑真段,23.98,都市：住,100000,708,持分移轉,03490000
RPPNMLQLOHHGFDP66CB,立仁段,.02,都市：商,189731,1517,持分移轉,06030000
RPPNMLPLOHHGFBP98CB,僑真段,1.36,都市：其他:綠地用地,1136300,3460,持分移轉,03450000
RPPNMLQLOHHGFDP66CB,立仁段,.02,都市：商,189731,1517,持分移轉,06040000
RPPNMLPLOHHGFBP98CB,僑真段,1.20,都市：其他:道路用地,1136300,2280,持分移轉,03500000
RPPNMLQLOHHGFDP66CB,立仁段,.84,都市：商,189731,1517,持分移轉,06050000
RPPNMLPLOHHGFBP98CB,僑真段,1.72,都市：住,100000,466,持分移轉,03490012
RPPNMLQLOHHGFDP66CB,立仁段,1.31,都市：商,189731,1517,持分移轉,06060000
RPPNMLQLOHHGFDP66CB,立仁段,5.44,都市：商,189731,1517,持分移轉,06070000
RPPNMLQLOHHGFDP66CB,立仁段,1.12,都市：商,189731,1517,持分移轉,06080000
RPPNMLQLOHHGFDP66CB,立仁段,.28,都市：商,189731,1517,持分移轉,06090000
RPPNMLQLOHHGFDP66CB,立仁段,.54,都市：商,189731,1517,持分移轉,06100000
RPPNMLQLOHHGFDP66CB,立仁段,1.27,都市：商,189731,1517,持分移轉,06110000
RPPNMLQLOHHGFDP66CB,立仁段,3.27,都市：商,189731,1517,持分移轉,06110001
RPPNMLRLOHHGFAP56DB,高林北段,114.25,非都市：鄉村區 ; 非都市編定：乙種建築用地,1,1,全筆移轉,05580019
RPPNMLRLOHHGFAP56DB,高林北段,25.42,非都市：鄉村區 ; 非都市編定：乙種建築用地,50,1,持分移轉,05580050
RPPNMLRLOHHGFAP56DB,高林北段,.91,非都市：鄉村區 ; 非都市編定：乙種建築用地,50,1,持分移轉,05580051
RPPNMLRLOHHGFAP56DB,高林北段,11.65,非都市：一般農業區 ; 非都市編定：農牧用地,50,1,持分移轉,05640000
RPPNMLRLOHHGFCP66CB,埔西段,70.43,都市：住,1,1,全筆移轉,04810026
RPPNMLRLOHHGFCP66CB,埔西段,6.45,都市：住,1,1,全筆移轉,04810027
RPPNMLRLOHHGFCP66CB,埔西段,1.36,都市：住,48,1,持分移轉,04810065
RPPNMLRLOHHGFCP66CB,埔西段,.20,都市：住,48,1,持分移轉,04810077
RPPNMLRLOHHGFCP66CB,埔西段,5.30,都市：住,48,1,持分移轉,04810066
RPPNMLRLOHHGFCP66CB,埔西段,19.71,都市：住,18,1,持分移轉,04810078
RPPNMLRLOHHGFAP09CB,大竹圍段,32.89,非都市：特定農業區 ; 非都市編定：甲種建築用地,1000000,10878,持分移轉,00530000
RPQNMLRLOHHGFAP56CB,大竹圍段,30.88,非都市：特定農業區 ; 非都市編定：甲種建築用地,1000000,10213,持分移轉,00530000
RPPNMLSLOHHGFBP66CB,僑真段,20.93,都市：住,100000,618,持分移轉,03490000
RPPNMLSLOHHGFBP66CB,僑真段,1.19,都市：其他:綠地用地,1136300,3020,持分移轉,03450000
RPPNMLSLOHHGFBP66CB,僑真段,1.05,都市：其他:道路用地,1136300,1990,持分移轉,03500000
RPPNMLSLOHHGFBP66CB,僑真段,1.50,都市：住,100000,407,持分移轉,03490012
RPPNMLRLOHHGFEP86CB,新西段,2.93,都市：住,1704,96,持分移轉,12240000
RPPNMLRLOHHGFEP86CB,新西段,9.49,都市：住,1704,96,持分移轉,12250000
RPPNMLRLOHHGFEP86CB,新西段,11.55,都市：住,1704,96,持分移轉,12260000
RPPNMLRLOHHGFEP86CB,新西段,7.25,都市：住,1704,96,持分移轉,12290000
RPPNMLRLOHHGFEP86CB,新西段,1.07,都市：住,1704,96,持分移轉,12300000
RPPNMLRLOHHGFEP86CB,新西段,3.02,都市：住,1704,96,持分移轉,12310000
RPPNMLRLOHHGFEP86CB,新西段,9.51,都市：住,1704,96,持分移轉,12320000
RPPNMLRLOHHGFEP86CB,新西段,10.34,都市：住,1704,96,持分移轉,12330000
RPPNMLSLOHHGFCP76CB,漢光段,79.40,都市：住,1,1,全筆移轉,00160004
RPQNMLSLOHHGFCP86CB,漢光段,79.40,都市：住,1,1,全筆移轉,00160005
RPQNMLTLOHHGFCP96CB,頂湳段,9.50,非都市：鄉村區 ; 非都市編定：乙種建築用地,210,95,持分移轉,02270006
RPQNMLTLOHHGFCP96CB,頂湳段,20.52,非都市：鄉村區 ; 非都市編定：乙種建築用地,7000,2052,持分移轉,02270001
RPQNMLTLOHHGFCP96CB,頂湳段,28.03,非都市：鄉村區 ; 非都市編定：乙種建築用地,79600,2803,持分移轉,02270004
RPRNMLSLOHHGFCP96CB,永定段,83.25,非都市：鄉村區 ; 非都市編定：乙種建築用地,1,1,全筆移轉,11120036
RPRNMLSLOHHGFCP96CB,永定段,37.44,非都市：鄉村區 ; 非都市編定：乙種建築用地,4752,337,持分移轉,11120004
RPPNMLKMOHHGFBP58CB,僑真段,20.25,都市：住,100000,598,持分移轉,03490000
RPPNMLKMOHHGFBP58CB,僑真段,1.15,都市：其他:綠地用地,1136300,2922,持分移轉,03450000
RPPNMLKMOHHGFBP58CB,僑真段,1.01,都市：其他:道路用地,1136300,1926,持分移轉,03500000
RPPNMLKMOHHGFBP58CB,僑真段,1.45,都市：住,100000,393,持分移轉,03490012
RPPNMLLJPHHGFCP58CB,永定段,81.13,非都市：鄉村區 ; 非都市編定：乙種建築用地,1,1,全筆移轉,11120027
RPPNMLLJPHHGFCP58CB,永定段,24.41,非都市：鄉村區 ; 非都市編定：乙種建築用地,14,1,持分移轉,11120043
RPPNMLTLOHHGFAP66CB,雲林溪段,16.28,都市：商,202785,1628,持分移轉,01590000
RPQNMLLJPHHGFCP68CB,永定段,83.25,非都市：鄉村區 ; 非都市編定：乙種建築用地,1,1,全筆移轉,11120040
RPQNMLLJPHHGFCP68CB,永定段,37.44,非都市：鄉村區 ; 非都市編定：乙種建築用地,4752,337,持分移轉,11120004
RPQNMLNJPHHGFCP88CB,埔東段,7.32,都市：農,1,1,全筆移轉,08040024
RPQNMLNJPHHGFCP88CB,埔東段,87.99,都市：農,1,1,全筆移轉,08040025
RPQNMLNJPHHGFCP88CB,埔東段,21.12,都市：農,24,1,持分移轉,08040000
RPRNMLOJPHHGFAP88CB,大竹圍段,32.85,非都市：特定農業區 ; 非都市編定：甲種建築用地,1000000,10865,持分移轉,00530000
RPPNMLOJPHHGFAP68CB,科加段,83.84,非都市：工業區 ; 非都市編定：丁種建築用地,1,1,全筆移轉,00160065
RPPNMLOJPHHGFAP68CB,科加段,28.00,非都市：工業區 ; 非都市編定：丁種建築用地,20,1,持分移轉,00160085
RPQNMLNJPHHGFAP68CB,科加段,91.83,非都市：工業區 ; 非都市編定：丁種建築用地,1,1,全筆移轉,00160044
RPQNMLNJPHHGFAP68CB,科加段,3.09,非都市：工業區 ; 非都市編定：丁種建築用地,1,1,全筆移轉,00160045
RPQNMLNJPHHGFAP68CB,科加段,27.12,非都市：工業區 ; 非都市編定：丁種建築用地,21,1,持分移轉,00160084
RPPNMLNJPHHGFDP88CB,立仁段,1.08,都市：商,189731,1517,持分移轉,05990000
RPPNMLNJPHHGFDP88CB,立仁段,.02,都市：商,189731,1517,持分移轉,06030000
RPPNMLNJPHHGFDP88CB,立仁段,.02,都市：商,189731,1517,持分移轉,06040000
RPPNMLNJPHHGFDP88CB,立仁段,.84,都市：商,189731,1517,持分移轉,06050000
RPPNMLNJPHHGFDP88CB,立仁段,1.31,都市：商,189731,1517,持分移轉,06060000
RPPNMLNJPHHGFDP88CB,立仁段,5.44,都市：商,189731,1517,持分移轉,06070000
RPPNMLNJPHHGFDP88CB,立仁段,1.12,都市：商,189731,1517,持分移轉,06080000
RPSNMLOJPHHGFAP98CB,虎溪段,30.47,非都市：鄉村區 ; 非都市編定：乙種建築用地,100000,1313,持分移轉,15560000
RPPNMLNJPHHGFDP88CB,立仁段,.28,都市：商,189731,1517,持分移轉,06090000
RPPNMLNJPHHGFDP88CB,立仁段,.54,都市：商,189731,1517,持分移轉,06100000
RPPNMLNJPHHGFDP88CB,立仁段,1.27,都市：商,189731,1517,持分移轉,06110000
RPPNMLNJPHHGFDP88CB,立仁段,3.27,都市：商,189731,1517,持分移轉,06110001
RPTNMLOJPHHGFAP09CB,虎溪段,30.47,非都市：鄉村區 ; 非都市編定：乙種建築用地,100000,1313,持分移轉,15560000
RPRNMLNJPHHGFAP78CB,科加段,24.71,非都市：工業區 ; 非都市編定：丁種建築用地,30,1,持分移轉,00160083
RPRNMLNJPHHGFAP78CB,科加段,82.03,非都市：工業區 ; 非都市編定：丁種建築用地,1,1,全筆移轉,00160003
RPPNMLOJPHHGFBP78CB,僑真段,25.91,都市：住,100000,765,持分移轉,03490000
RPPNMLOJPHHGFBP78CB,僑真段,1.47,都市：其他:綠地用地,1136300,3739,持分移轉,03450000
RPPNMLOJPHHGFBP78CB,僑真段,1.29,都市：其他:道路用地,1136300,2463,持分移轉,03500000
RPPNMLOJPHHGFBP78CB,僑真段,1.86,都市：住,100000,504,持分移轉,03490012
RPQNMLOJPHHGFBP88CB,僑真段,20.22,都市：住,100000,597,持分移轉,03490000
RPQNMLOJPHHGFBP88CB,僑真段,1.15,都市：其他:綠地用地,1136300,2916,持分移轉,03450000
RPQNMLOJPHHGFBP88CB,僑真段,1.01,都市：其他:道路用地,1136300,1922,持分移轉,03500000
RPQNMLOJPHHGFBP88CB,僑真段,1.45,都市：住,100000,393,持分移轉,03490012
RPPNMLOJPHHGFAP78DB,高林北段,98.80,非都市：鄉村區 ; 非都市編定：乙種建築用地,1,1,全筆移轉,05580011
RPPNMLOJPHHGFAP78DB,高林北段,25.42,非都市：鄉村區 ; 非都市編定：乙種建築用地,50,1,持分移轉,05580050
RPPNMLOJPHHGFAP78DB,高林北段,.91,非都市：鄉村區 ; 非都市編定：乙種建築用地,50,1,持分移轉,05580051
RPPNMLOJPHHGFAP78DB,高林北段,11.65,非都市：一般農業區 ; 非都市編定：農牧用地,50,1,持分移轉,05640000
RPPNMLQJPHHGFCP09CB,永定段,166.02,非都市：鄉村區 ; 非都市編定：乙種建築用地,1,1,全筆移轉,11120000
RPPNMLQJPHHGFCP09CB,永定段,37.88,非都市：鄉村區 ; 非都市編定：乙種建築用地,1,1,全筆移轉,11120047
RPQNMLQJPHHGFCP56CB,永定段,94.97,非都市：鄉村區 ; 非都市編定：乙種建築用地,1,1,全筆移轉,11120013
RPRNMLQJPHHGFAP56DB,雲林溪段,14.50,都市：商,202785,1450,持分移轉,01590000
RPPNMLQJPHHGFAP88CB,大竹圍段,24.79,非都市：特定農業區 ; 非都市編定：甲種建築用地,1000000,8199,持分移轉,00530000
RPTNMLQJPHHGFAP66CB,科加段,73.50,非都市：工業區 ; 非都市編定：丁種建築用地,1,1,全筆移轉,00070127
RPTNMLQJPHHGFAP66CB,科加段,8.51,非都市：工業區 ; 非都市編定：丁種建築用地,10000,74,持分移轉,00070188
RPTNMLQJPHHGFAP66CB,科加段,.15,非都市：工業區 ; 非都市編定：丁種建築用地,59,1,持分移轉,00070178
RPQNMLQJPHHGFAP98CB,雲林溪段,15.12,都市：商,202785,1512,持分移轉,01590000
RPOOMLQJPHHGFAP88CB,科加段,73.50,非都市：工業區 ; 非都市編定：丁種建築用地,1,1,全筆移轉,00070166
RPOOMLQJPHHGFAP88CB,科加段,8.51,非都市：工業區 ; 非都市編定：丁種建築用地,10000,74,持分移轉,00070188
RPOOMLQJPHHGFAP88CB,科加段,.15,非都市：工業區 ; 非都市編定：丁種建築用地,59,1,持分移轉,00070178
RPUNMLQJPHHGFAP76CB,科加段,73.50,非都市：工業區 ; 非都市編定：丁種建築用地,1,1,全筆移轉,00070164
RPUNMLQJPHHGFAP76CB,科加段,8.51,非都市：工業區 ; 非都市編定：丁種建築用地,10000,74,持分移轉,00070188
RPUNMLQJPHHGFAP76CB,科加段,.15,非都市：工業區 ; 非都市編定：丁種建築用地,59,1,持分移轉,00070178
RPPOMLQJPHHGFAP98CB,科加段,73.50,非都市：工業區 ; 非都市編定：丁種建築用地,1,1,全筆移轉,00070167
RPPOMLQJPHHGFAP98CB,科加段,8.51,非都市：工業區 ; 非都市編定：丁種建築用地,10000,74,持分移轉,00070188
RPPOMLQJPHHGFAP98CB,科加段,.15,非都市：工業區 ; 非都市編定：丁種建築用地,59,1,持分移轉,00070178
RPQNMLRJPHHGFAP09CB,虎溪段,30.47,非都市：鄉村區 ; 非都市編定：乙種建築用地,100000,1313,持分移轉,15560000
RPSNMLRJPHHGFAP66CB,榴中段,22.24,非都市：一般農業區 ; 非都市編定：甲種建築用地,10000,75,持分移轉,08880000
RPRNMLRJPHHGFAP56CB,虎溪段,30.47,非都市：鄉村區 ; 非都市編定：乙種建築用地,100000,1313,持分移轉,15560000
RPRNMLRJPHHGFCP76CB,西螺段,103.60,都市：住,1,1,全筆移轉,08220254
RPQNMLRJPHHGFCP66CB,西螺段,105.10,都市：住,1,1,全筆移轉,08220253
RPPNMLRJPHHGFCP56CB,西螺段,102.10,都市：住,1,1,全筆移轉,08220238
RPPNMLRJPHHGFDP66CB,大學段,42.63,都市：住,10000,164,持分移轉,02800000
RPQNMLRJPHHGFDP76CB,高南段,26.82,都市：住,10000,91,持分移轉,00500000
RPRNMLRJPHHGFDP86CB,高南段,14.14,都市：住,10000,48,持分移轉,00500000
RPPNMLSJPHHGFDP76CB,大學段,112.54,都市：住,333405,11254,持分移轉,03390000
RPSNMLRJPHHGFDP96CB,高南段,26.82,都市：住,10000,91,持分移轉,00500000
RPQNMLSJPHHGFDP86CB,高南段,22.10,都市：住,10000,75,持分移轉,00500000
RPQNMLSJPHHGFCP76CB,漢南段,82.56,都市：住,1,1,全筆移轉,00410005
RPQNMLSJPHHGFCP76CB,漢南段,24.56,都市：住,6,1,持分移轉,00410004
RPQNMLTJPHHGFAP66CB,八德段,101.72,非都市：鄉村區 ; 非都市編定：乙種建築用地,1,1,全筆移轉,08330004
RPRNMLTJPHHGFAP76CB,八德段,97.72,非都市：鄉村區 ; 非都市編定：乙種建築用地,1,1,全筆移轉,08330005
RPSNMLTJPHHGFAP86CB,八德段,110.21,非都市：鄉村區 ; 非都市編定：乙種建築用地,1,1,全筆移轉,08330003
RPPNMLTJPHHGFBP66CB,僑真段,25.91,都市：住,100000,765,持分移轉,03490000
RPPNMLTJPHHGFBP66CB,僑真段,1.47,都市：其他:綠地用地,1136300,3739,持分移轉,03450000
RPPNMLTJPHHGFBP66CB,僑真段,1.29,都市：其他:道路用地,1136300,2463,持分移轉,03500000
RPPNMLTJPHHGFBP66CB,僑真段,1.86,都市：住,100000,504,持分移轉,03490012
RPQNMLLKPHHGFAP58CB,大崙段茄苳腳小段,28.12,非都市：鄉村區 ; 非都市編定：乙種建築用地,100000,4313,持分移轉,00860025
RPRNMLLKPHHGFAP68CB,大崙段茄苳腳小段,19.89,非都市：鄉村區 ; 非都市編定：乙種建築用地,100000,3051,持分移轉,00860025
RPSNMLLKPHHGFAP78CB,大崙段茄苳腳小段,19.89,非都市：鄉村區 ; 非都市編定：乙種建築用地,100000,3051,持分移轉,00860025
RPUNMLLKPHHGFAP98CB,大崙段茄苳腳小段,28.12,非都市：鄉村區 ; 非都市編定：乙種建築用地,100000,4313,持分移轉,00860025
RPTNMLLKPHHGFAP88CB,大崙段茄苳腳小段,24.67,非都市：鄉村區 ; 非都市編定：乙種建築用地,100000,3783,持分移轉,00860025
RPVNMLLKPHHGFAP09CB,大崙段茄苳腳小段,19.89,非都市：鄉村區 ; 非都市編定：乙種建築用地,100000,3051,持分移轉,00860025
RPOOMLLKPHHGFAP48CB,大崙段茄苳腳小段,21.96,非都市：鄉村區 ; 非都市編定：乙種建築用地,100000,3368,持分移轉,00860025
RPWNMLLKPHHGFAP56CB,大崙段茄苳腳小段,19.90,非都市：鄉村區 ; 非都市編定：乙種建築用地,100000,3052,持分移轉,00860025
RPPOMLLKPHHGFAP58CB,大崙段茄苳腳小段,22.07,非都市：鄉村區 ; 非都市編定：乙種建築用地,100000,3385,持分移轉,00860025
RPXNMLLKPHHGFAP66CB,大崙段茄苳腳小段,24.68,非都市：鄉村區 ; 非都市編定：乙種建築用地,100000,3785,持分移轉,00860025
RPPNMLLKPHHGFDP88DB,興安段,31.29,非都市：鄉村區 ; 非都市編定：乙種建築用地,37543,3129,持分移轉,07480001
RPPNMLLKPHHGFDP88DB,興安段,.50,非都市：鄉村區 ; 非都市編定：乙種建築用地,125,5,持分移轉,07480002
RPPNMLLKPHHGFDP88DB,興安段,8.00,非都市：鄉村區 ; 非都市編定：乙種建築用地,32048,800,持分移轉,07480000
RPPNMLLKPHHGFCP68CB,西螺段,103.60,都市：住,1,1,全筆移轉,08220256
RPQNMLMKPHHGFDP98CB,高南段,22.10,都市：住,10000,75,持分移轉,00500000
RPRNMLMKPHHGFDP09CB,高南段,15.03,都市：住,10000,51,持分移轉,00500000
RPRNMLMKPHHGFFP66CB,東北段,88.00,都市：住,1,1,全筆移轉,01970019
RPRNMLMKPHHGFFP66CB,東北段,18.25,都市：住,21900,1825,持分移轉,01970000
RPPNMLMKPHHGFDP88CB,高南段,15.03,都市：住,10000,51,持分移轉,00500000
RPPNMLNKPHHGFFP56CB,東北段,7.00,都市：住,1,1,全筆移轉,01970014
RPPNMLNKPHHGFFP56CB,東北段,73.00,都市：住,1,1,全筆移轉,01970015
RPPNMLNKPHHGFFP56CB,東北段,7.00,都市：住,1,1,全筆移轉,01970016
RPPNMLNKPHHGFFP56CB,東北段,18.71,都市：住,21900,1871,持分移轉,01970000
RPPNMLNKPHHGFCP88CB,永定段,83.25,非都市：鄉村區 ; 非都市編定：乙種建築用地,1,1,全筆移轉,11120035
RPPNMLNKPHHGFCP88CB,永定段,37.44,非都市：鄉村區 ; 非都市編定：乙種建築用地,4752,337,持分移轉,11120004
RPPNMLNKPHHGFAP78DB,石榴段,72.84,非都市：特定農業區 ; 非都市編定：甲種建築用地,1,1,全筆移轉,16260004
RPPNMLNKPHHGFAP78DB,石榴段,13.88,非都市：特定農業區 ; 非都市編定：甲種建築用地,1,1,全筆移轉,16260020
RPQNMLNKPHHGFCP98CB,永定段,132.55,非都市：鄉村區 ; 非都市編定：乙種建築用地,1,1,全筆移轉,11120010
RPQNMLNKPHHGFCP98CB,永定段,1.79,非都市：鄉村區 ; 非都市編定：乙種建築用地,1,1,全筆移轉,11120048
RPPNMLOKPHHGFAP88DB,北環段,238.19,都市：住,10000,1024,持分移轉,02400000
RPQNMLOKPHHGFFP76CB,橋頭段,23.25,非都市：鄉村區 ; 非都市編定：乙種建築用地,100000,1239,持分移轉,10380001
RPPNMLNKPHHGFAP68CB,科加段,27.12,非都市：工業區 ; 非都市編定：丁種建築用地,21,1,持分移轉,00160084
RPPNMLNKPHHGFAP68CB,科加段,83.83,非都市：工業區 ; 非都市編定：丁種建築用地,1,1,全筆移轉,00160052
RPPNMLOKPHHGFFP66CB,橋頭段,27.40,非都市：鄉村區 ; 非都市編定：乙種建築用地,100000,1460,持分移轉,10380001
RPPNMLPKPHHGFDP56CB,大學段,107.00,都市：住,1,1,全筆移轉,03520028
RPPNMLPKPHHGFDP56CB,大學段,12.00,都市：住,25,1,持分移轉,03520029
RPPNMLPKPHHGFAP88CB,榴中段,21.95,非都市：一般農業區 ; 非都市編定：甲種建築用地,10000,74,持分移轉,08880000
RPPNMLSKPHHGFAP56CB,九芎段,52.72,非都市：鄉村區 ; 非都市編定：乙種建築用地,1,1,全筆移轉,03050023
RPPNMLSKPHHGFAP56CB,九芎段,16.62,非都市：鄉村區 ; 非都市編定：乙種建築用地,20,1,持分移轉,03050018
RPRNMLSKPHHGFAP76CB,黃厝段,34.98,非都市：鄉村區 ; 非都市編定：乙種建築用地,100000,6893,持分移轉,05920000
RPSNMLSKPHHGFAP86CB,新興段,76.00,都市：住,1,1,全筆移轉,04030005
RPTNMLSKPHHGFAP96CB,新興段,62.00,都市：住,1,1,全筆移轉,04030010
RPPNMLSKPHHGFCP76CB,漢光段,77.96,都市：住,1,1,全筆移轉,00770004
RPPNMLSKPHHGFDP96DB,興安段,31.28,非都市：鄉村區 ; 非都市編定：乙種建築用地,37543,3128,持分移轉,07480001
RPPNMLSKPHHGFDP96DB,興安段,.50,非都市：鄉村區 ; 非都市編定：乙種建築用地,125,5,持分移轉,07480002
RPPNMLSKPHHGFDP96DB,興安段,8.00,非都市：鄉村區 ; 非都市編定：乙種建築用地,32048,800,持分移轉,07480000
RPQNMLTKPHHGFCP96CB,永定段,94.73,非都市：鄉村區 ; 非都市編定：乙種建築用地,1,1,全筆移轉,11120011
RPQNMLSKPHHGFDP07DB,興安段,31.28,非都市：鄉村區 ; 非都市編定：乙種建築用地,37543,3128,持分移轉,07480001
RPQNMLSKPHHGFDP07DB,興安段,.50,非都市：鄉村區 ; 非都市編定：乙種建築用地,125,5,持分移轉,07480002
RPQNMLSKPHHGFDP07DB,興安段,8.00,非都市：鄉村區 ; 非都市編定：乙種建築用地,32048,800,持分移轉,07480000
RPPNMLTKPHHGFCP86CB,永定段,83.25,非都市：鄉村區 ; 非都市編定：乙種建築用地,1,1,全筆移轉,11120038
RPPNMLTKPHHGFCP86CB,永定段,37.44,非都市：鄉村區 ; 非都市編定：乙種建築用地,4752,337,持分移轉,11120004
RPPNMLTKPHHGFAP66CB,科加段,28.00,非都市：工業區 ; 非都市編定：丁種建築用地,20,1,持分移轉,00160085
RPPNMLTKPHHGFAP66CB,科加段,83.84,非都市：工業區 ; 非都市編定：丁種建築用地,1,1,全筆移轉,00160067
RPQNMLTKPHHGFAP76CB,科加段,27.12,非都市：工業區 ; 非都市編定：丁種建築用地,21,1,持分移轉,00160084
RPQNMLTKPHHGFAP76CB,科加段,89.18,非都市：工業區 ; 非都市編定：丁種建築用地,1,1,全筆移轉,00160036
RPRNMLTKPHHGFAP86CB,科加段,27.12,非都市：工業區 ; 非都市編定：丁種建築用地,21,1,持分移轉,00160084
RPRNMLTKPHHGFAP86CB,科加段,89.17,非都市：工業區 ; 非都市編定：丁種建築用地,1,1,全筆移轉,00160037
RPSNMLTKPHHGFAP96CB,科加段,27.12,非都市：工業區 ; 非都市編定：丁種建築用地,21,1,持分移轉,00160084
RPSNMLTKPHHGFAP96CB,科加段,89.18,非都市：工業區 ; 非都市編定：丁種建築用地,1,1,全筆移轉,00160035
RPPNMLKLPHHGFAP48CB,東陽段,85.00,非都市：鄉村區 ; 非都市編定：乙種建築用地,1,1,全筆移轉,16910008
RPPNMLKLPHHGFAP48CB,東陽段,4.38,非都市：鄉村區 ; 非都市編定：乙種建築用地,8,1,持分移轉,16910015
RPPNMLKLPHHGFAP48CB,東陽段,20.88,非都市：鄉村區 ; 非都市編定：乙種建築用地,8,1,持分移轉,16910018
RPPNMLLLPHHGFFP09CB,橋頭段,25.56,非都市：鄉村區 ; 非都市編定：乙種建築用地,100000,1362,持分移轉,10380001
RPQNMLKLPHHGFAP68DB,高林北段,104.55,非都市：鄉村區 ; 非都市編定：乙種建築用地,1,1,全筆移轉,05580036
RPQNMLKLPHHGFAP68DB,高林北段,25.42,非都市：鄉村區 ; 非都市編定：乙種建築用地,50,1,持分移轉,05580050
RPQNMLKLPHHGFAP68DB,高林北段,.91,非都市：鄉村區 ; 非都市編定：乙種建築用地,50,1,持分移轉,05580051
RPQNMLKLPHHGFAP68DB,高林北段,11.65,非都市：一般農業區 ; 非都市編定：農牧用地,50,1,持分移轉,05640000
RPRNMLLLPHHGFAP98EB,崙仔段,86.41,非都市：鄉村區 ; 非都市編定：乙種建築用地,193370,8641,持分移轉,02170000
RPRNMLLLPHHGFAP98EB,崙仔段,80.00,非都市：鄉村區 ; 非都市編定：乙種建築用地,17182,8000,持分移轉,02390000
RPPNMLLLPHHGFCP78CB,永定段,83.20,非都市：鄉村區 ; 非都市編定：乙種建築用地,1,1,全筆移轉,11120041
RPPNMLLLPHHGFCP78CB,永定段,37.44,非都市：鄉村區 ; 非都市編定：乙種建築用地,4752,337,持分移轉,11120004
RPSNMLLLPHHGFCP09CB,順天段,110.99,都市：住,1,1,全筆移轉,07090000
RPTNMLTKPHHGFAP07CB,科加段,27.12,非都市：工業區 ; 非都市編定：丁種建築用地,21,1,持分移轉,00160084
RPTNMLTKPHHGFAP07CB,科加段,83.03,非都市：工業區 ; 非都市編定：丁種建築用地,1,1,全筆移轉,00160041
RPPNMLLLPHHGFAP78EB,崙仔段,118.40,非都市：鄉村區 ; 非都市編定：乙種建築用地,19337,1184,持分移轉,02170000
RPRNMLLLPHHGFCP98CB,永定段,80.01,非都市：鄉村區 ; 非都市編定：乙種建築用地,1,1,全筆移轉,11120028
RPRNMLLLPHHGFCP98CB,永定段,1.13,非都市：鄉村區 ; 非都市編定：乙種建築用地,1,1,全筆移轉,11120029
RPRNMLLLPHHGFCP98CB,永定段,24.41,非都市：鄉村區 ; 非都市編定：乙種建築用地,14,1,持分移轉,11120043
RPPNMLMLPHHGFDP98CB,埔崙段,78.00,都市：住,1,1,全筆移轉,04520015
RPPNMLMLPHHGFDP98CB,埔崙段,34.00,都市：住,18,1,持分移轉,04520000
RPPNMLMLPHHGFDP98CB,埔崙段,.22,都市：住,18,1,持分移轉,04520003
RPPNMLMLPHHGFDP98CB,埔崙段,1.00,都市：住,18,1,持分移轉,04520006
RPPNMLPLPHHGFBP09CB,僑真段,25.91,都市：住,100000,765,持分移轉,03490000
RPPNMLPLPHHGFBP09CB,僑真段,1.47,都市：其他:綠地用地,1136300,3739,持分移轉,03450000
RPPNMLPLPHHGFBP09CB,僑真段,1.29,都市：其他:道路用地,1136300,2463,持分移轉,03500000
RPPNMLPLPHHGFBP09CB,僑真段,1.86,都市：住,100000,504,持分移轉,03490012
RPQNMLPLPHHGFAP09CB,大潭段社口小段,28.87,都市：住,1000000,33260,持分移轉,01750001
RPQNMLLLPHHGFAP68CB,大崙段茄苳腳小段,16.80,非都市：鄉村區 ; 非都市編定：乙種建築用地,100000,2576,持分移轉,00860025
RPPNMLLLPHHGFAP58CB,虎溪段,30.45,非都市：鄉村區 ; 非都市編定：乙種建築用地,100000,1312,持分移轉,15560000
RPPNMLLLPHHGFDP88CB,越港段,13.25,都市：住,1000000,22059,持分移轉,05900000
RPPNMLLLPHHGFDP88CB,越港段,22.88,都市：住,1000000,22059,持分移轉,05940000
RPTNMLPLPHHGFAP76CB,大潭段社口小段,28.97,都市：住,1000000,33375,持分移轉,01750001
RPRNMLPLPHHGFAP56CB,大潭段社口小段,28.95,都市：住,1000000,33352,持分移轉,01750001
RPUNMLPLPHHGFAP86CB,大潭段社口小段,28.95,都市：住,1000000,33352,持分移轉,01750001
RPVNMLPLPHHGFAP96CB,大潭段社口小段,28.97,都市：住,1000000,33376,持分移轉,01750001
RPOOMLPLPHHGFAP98CB,虎溪段,30.47,非都市：鄉村區 ; 非都市編定：乙種建築用地,100000,1313,持分移轉,15560000
RPXNMLPLPHHGFAP17CB,虎溪段,30.47,非都市：鄉村區 ; 非都市編定：乙種建築用地,100000,1313,持分移轉,15560000
RPPNMLRLPHHGFEP96CB,新西段,2.75,都市：住,1704,90,持分移轉,12240000
RPPNMLRLPHHGFEP96CB,新西段,8.90,都市：住,1704,90,持分移轉,12250000
RPPNMLRLPHHGFEP96CB,新西段,10.83,都市：住,1704,90,持分移轉,12260000
RPPNMLRLPHHGFEP96CB,新西段,6.80,都市：住,1704,90,持分移轉,12290000
RPPNMLRLPHHGFEP96CB,新西段,1.00,都市：住,1704,90,持分移轉,12300000
RPPNMLRLPHHGFEP96CB,新西段,2.83,都市：住,1704,90,持分移轉,12310000
RPPNMLRLPHHGFEP96CB,新西段,8.92,都市：住,1704,90,持分移轉,12320000
RPPNMLRLPHHGFEP96CB,新西段,9.70,都市：住,1704,90,持分移轉,12330000
RPWNMLPLPHHGFAP07CB,大潭段社口小段,28.87,都市：住,1000000,33260,持分移轉,01750001
RPPNMLRLPHHGFBP66CB,僑真段,25.91,都市：住,100000,765,持分移轉,03490000
RPPNMLRLPHHGFDP86CB,高南段,22.10,都市：住,10000,75,持分移轉,00500000
RPPNMLRLPHHGFAP66DB,海豐崙段朱丹灣小段,34.25,都市：住,100000,4803,持分移轉,00460010
RPPNMLRLPHHGFBP66CB,僑真段,1.47,都市：其他:綠地用地,1136300,3739,持分移轉,03450000
RPPNMLRLPHHGFBP66CB,僑真段,1.29,都市：其他:道路用地,1136300,2463,持分移轉,03500000
RPPNMLRLPHHGFBP66CB,僑真段,1.86,都市：住,100000,504,持分移轉,03490012
RPPNMLSLPHHGFBP76CB,建國段,15.30,都市：住,41600,3017,持分移轉,10710001
RPPNMLSLPHHGFBP76CB,建國段,14.87,都市：住,41600,3017,持分移轉,10710002
RPQNMLSLPHHGFDP17DB,興安段,31.29,非都市：鄉村區 ; 非都市編定：乙種建築用地,37543,3129,持分移轉,07480001
RPQNMLSLPHHGFDP17DB,興安段,.50,非都市：鄉村區 ; 非都市編定：乙種建築用地,125,5,持分移轉,07480002
RPQNMLSLPHHGFDP17DB,興安段,8.00,非都市：鄉村區 ; 非都市編定：乙種建築用地,32048,800,持分移轉,07480000
RPQNMLSLPHHGFAP76CB,北環段,57.34,都市：住,16,1,持分移轉,03320000
RPPNMLSLPHHGFAP66CB,科加段,28.00,非都市：工業區 ; 非都市編定：丁種建築用地,20,1,持分移轉,00160085
RPPNMLSLPHHGFAP66CB,科加段,81.14,非都市：工業區 ; 非都市編定：丁種建築用地,1,1,全筆移轉,00160068
RPPNMLSLPHHGFAP66CB,科加段,2.70,非都市：工業區 ; 非都市編定：丁種建築用地,1,1,全筆移轉,00160069
RPPPMLLJQHHGFAP78DB,石榴段,.87,非都市：特定農業區 ; 非都市編定：甲種建築用地,10000,365,持分移轉,16260033
RPPPMLLJQHHGFAP78DB,石榴段,1.83,非都市：特定農業區 ; 非都市編定：甲種建築用地,10000,276,持分移轉,16260034
RPPPMLLJQHHGFAP78DB,石榴段,31.75,非都市：特定農業區 ; 非都市編定：甲種建築用地,100000,5877,持分移轉,16260035
RPPNMLTLPHHGFAP76CB,大崙段茄苳腳小段,16.80,非都市：鄉村區 ; 非都市編定：乙種建築用地,100000,2576,持分移轉,00860025
RPOPMLLJQHHGFAP68DB,石榴段,.87,非都市：特定農業區 ; 非都市編定：甲種建築用地,10000,365,持分移轉,16260033
RPOPMLLJQHHGFAP68DB,石榴段,1.83,非都市：特定農業區 ; 非都市編定：甲種建築用地,10000,276,持分移轉,16260034
RPOPMLLJQHHGFAP68DB,石榴段,31.75,非都市：特定農業區 ; 非都市編定：甲種建築用地,100000,5877,持分移轉,16260035
RPQNMLKMPHHGFBP78CB,僑真段,25.91,都市：住,100000,765,持分移轉,03490000
RPQNMLKMPHHGFBP78CB,僑真段,1.47,都市：其他:綠地用地,1136300,3739,持分移轉,03450000
RPQNMLKMPHHGFBP78CB,僑真段,1.29,都市：其他:道路用地,1136300,2463,持分移轉,03500000
RPQNMLKMPHHGFBP78CB,僑真段,1.86,都市：住,100000,504,持分移轉,03490012
RPQPMLLJQHHGFAP88DB,石榴段,1.05,非都市：特定農業區 ; 非都市編定：甲種建築用地,10000,439,持分移轉,16260033
RPQPMLLJQHHGFAP88DB,石榴段,2.20,非都市：特定農業區 ; 非都市編定：甲種建築用地,10000,332,持分移轉,16260034
RPQPMLLJQHHGFAP88DB,石榴段,38.19,非都市：特定農業區 ; 非都市編定：甲種建築用地,10000,707,持分移轉,16260035
RPPNMLLJQHHGFCP68CB,漢南段,98.44,都市：住,1,1,全筆移轉,00410009
RPPNMLLJQHHGFAP48CB,大潭段社口小段,28.87,都市：住,1000000,33260,持分移轉,01750001
RPTNMLMJQHHGFAP98CB,九芎段,52.74,非都市：鄉村區 ; 非都市編定：乙種建築用地,1,1,全筆移轉,03050010
RPTNMLMJQHHGFAP98CB,九芎段,16.62,非都市：鄉村區 ; 非都市編定：乙種建築用地,20,1,持分移轉,03050018
RPPNMLNJQHHGFAP68CB,東陽段,20.50,非都市：鄉村區 ; 非都市編定：乙種建築用地,8,1,持分移轉,16950011
RPPNMLNJQHHGFAP68CB,東陽段,5.00,非都市：鄉村區 ; 非都市編定：乙種建築用地,11,1,持分移轉,16950012
RPPNMLNJQHHGFAP68CB,東陽段,.64,非都市：鄉村區 ; 非都市編定：乙種建築用地,11,1,持分移轉,16950014
RPPNMLNJQHHGFAP68CB,東陽段,1.36,非都市：鄉村區 ; 非都市編定：乙種建築用地,11,1,持分移轉,16950017
RPPNMLNJQHHGFAP68CB,東陽段,144.00,非都市：鄉村區 ; 非都市編定：乙種建築用地,1,1,全筆移轉,16950004
RPSNMLNJQHHGFAP98CB,黃厝段,24.02,非都市：鄉村區 ; 非都市編定：乙種建築用地,100000,4733,持分移轉,05920000
RPQNMLNJQHHGFAP78CB,東陽段,5.00,非都市：鄉村區 ; 非都市編定：乙種建築用地,11,1,持分移轉,16950012
RPQNMLNJQHHGFAP78CB,東陽段,.64,非都市：鄉村區 ; 非都市編定：乙種建築用地,11,1,持分移轉,16950014
RPQNMLNJQHHGFAP78CB,東陽段,1.36,非都市：鄉村區 ; 非都市編定：乙種建築用地,11,1,持分移轉,16950017
RPQNMLNJQHHGFAP78CB,東陽段,89.00,非都市：鄉村區 ; 非都市編定：乙種建築用地,1,1,全筆移轉,16950007
RPUNMLNJQHHGFAP56CB,黃厝段,23.03,非都市：鄉村區 ; 非都市編定：乙種建築用地,100000,4539,持分移轉,05920000
RPRNMLNJQHHGFAP88CB,東陽段,20.50,非都市：鄉村區 ; 非都市編定：乙種建築用地,8,1,持分移轉,16950011
RPRNMLNJQHHGFAP88CB,東陽段,5.00,非都市：鄉村區 ; 非都市編定：乙種建築用地,11,1,持分移轉,16950012
RPRNMLNJQHHGFAP88CB,東陽段,.64,非都市：鄉村區 ; 非都市編定：乙種建築用地,11,1,持分移轉,16950014
RPRNMLNJQHHGFAP88CB,東陽段,1.36,非都市：鄉村區 ; 非都市編定：乙種建築用地,11,1,持分移轉,16950017
RPRNMLNJQHHGFAP88CB,東陽段,74.00,非都市：鄉村區 ; 非都市編定：乙種建築用地,1,1,全筆移轉,16950005
RPRNMLNJQHHGFAP88CB,東陽段,17.00,非都市：鄉村區 ; 非都市編定：乙種建築用地,1,1,全筆移轉,16950015
RPTNMLNJQHHGFAP09CB,黃厝段,23.03,非都市：鄉村區 ; 非都市編定：乙種建築用地,100000,4539,持分移轉,05920000
RPVNMLNJQHHGFAP66CB,黃厝段,23.03,非都市：鄉村區 ; 非都市編定：乙種建築用地,100000,4539,持分移轉,05920000
RPPNMLNJQHHGFCP88CB,漢北段,96.38,都市：住,1,1,全筆移轉,06430005
RPQNMLNJQHHGFCP98CB,順天段,25.75,都市：住,88221,2575,持分移轉,07450000
RPQNMLNJQHHGFCP98CB,順天段,.51,都市：其他:道路用地,11836,51,持分移轉,07720001
RPPNMLNJQHHGFBP78CB,僑真段,21.10,都市：住,100000,623,持分移轉,03490000
RPPNMLNJQHHGFBP78CB,僑真段,1.20,都市：其他:綠地用地,1136300,3045,持分移轉,03450000
RPPNMLNJQHHGFBP78CB,僑真段,1.05,都市：其他:道路用地,1136300,2006,持分移轉,03500000
RPPNMLNJQHHGFBP78CB,僑真段,1.51,都市：住,100000,410,持分移轉,03490012
RPQNMLOJQHHGFCP09CB,永定段,81.13,非都市：鄉村區 ; 非都市編定：乙種建築用地,1,1,全筆移轉,11120024
RPQNMLOJQHHGFCP09CB,永定段,24.41,非都市：鄉村區 ; 非都市編定：乙種建築用地,14,1,持分移轉,11120043
RPPNMLOJQHHGFEP56CB,新東段,141.69,都市：住,1,1,全筆移轉,00880019
RPPNMLPJQHHGFEP76DB,福茂段,146.99,非都市：特定農業區 ; 非都市編定：甲種建築用地,1,1,全筆移轉,00230000
RPRNMLRJQHHGFBP76CB,僑真段,20.25,都市：住,100000,598,持分移轉,03490000
RPRNMLRJQHHGFBP76CB,僑真段,1.15,都市：其他:綠地用地,1136300,2922,持分移轉,03450000
RPRNMLRJQHHGFBP76CB,僑真段,1.01,都市：其他:道路用地,1136300,1926,持分移轉,03500000
RPRNMLRJQHHGFBP76CB,僑真段,1.45,都市：住,100000,393,持分移轉,03490012
RPPNMLRJQHHGFBP56CB,僑真段,21.10,都市：住,100000,623,持分移轉,03490000
RPPNMLRJQHHGFBP56CB,僑真段,1.20,都市：其他:綠地用地,1136300,3045,持分移轉,03450000
RPPNMLRJQHHGFBP56CB,僑真段,1.05,都市：其他:道路用地,1136300,2006,持分移轉,03500000
RPPNMLRJQHHGFBP56CB,僑真段,1.51,都市：住,100000,410,持分移轉,03490012
RPPNMLPJQHHGFDP56CB,立仁段,.89,都市：商,189731,1242,持分移轉,05990000
RPPNMLPJQHHGFDP56CB,立仁段,.01,都市：商,189731,1242,持分移轉,06030000
RPPNMLPJQHHGFDP56CB,立仁段,.01,都市：商,189731,1242,持分移轉,06040000
RPPNMLPJQHHGFDP56CB,立仁段,.69,都市：商,189731,1242,持分移轉,06050000
RPPNMLPJQHHGFDP56CB,立仁段,1.07,都市：商,189731,1242,持分移轉,06060000
RPPNMLPJQHHGFDP56CB,立仁段,4.45,都市：商,189731,1242,持分移轉,06070000
RPQNMLRJQHHGFBP66CB,僑真段,25.91,都市：住,100000,765,持分移轉,03490000
RPPNMLPJQHHGFDP56CB,立仁段,.91,都市：商,189731,1242,持分移轉,06080000
RPQNMLRJQHHGFBP66CB,僑真段,1.47,都市：其他:綠地用地,1136300,3739,持分移轉,03450000
RPPNMLPJQHHGFDP56CB,立仁段,.23,都市：商,189731,1242,持分移轉,06090000
RPQNMLRJQHHGFBP66CB,僑真段,1.29,都市：其他:道路用地,1136300,2463,持分移轉,03500000
RPPNMLPJQHHGFDP56CB,立仁段,.44,都市：商,189731,1242,持分移轉,06100000
RPQNMLRJQHHGFBP66CB,僑真段,1.86,都市：住,100000,504,持分移轉,03490012
RPPNMLPJQHHGFDP56CB,立仁段,1.04,都市：商,189731,1242,持分移轉,06110000
RPPNMLPJQHHGFDP56CB,立仁段,2.67,都市：商,189731,1242,持分移轉,06110001
RPPNMLSJQHHGFAP66DB,海豐崙段朱丹灣小段,.55,都市：住,1,1,全筆移轉,00560053
RPPNMLSJQHHGFAP66DB,海豐崙段朱丹灣小段,116.00,都市：住,1,1,全筆移轉,00560008
RPRNMLSJQHHGFAP76CB,科加段,73.50,非都市：工業區 ; 非都市編定：丁種建築用地,1,1,全筆移轉,00070124
RPRNMLSJQHHGFAP76CB,科加段,8.51,非都市：工業區 ; 非都市編定：丁種建築用地,10000,74,持分移轉,00070188
RPRNMLSJQHHGFAP76CB,科加段,.15,非都市：工業區 ; 非都市編定：丁種建築用地,59,1,持分移轉,00070178
RPPNMLSJQHHGFCP76CB,頂湳段,67.80,非都市：鄉村區 ; 非都市編定：乙種建築用地,8870,678,持分移轉,02270001
RPPNMLKKQHHGFAP48CB,九芎段,52.74,非都市：鄉村區 ; 非都市編定：乙種建築用地,1,1,全筆移轉,03050011
RPPNMLKKQHHGFAP48CB,九芎段,16.62,非都市：鄉村區 ; 非都市編定：乙種建築用地,20,1,持分移轉,03050018
RPPNMLKKQHHGFCP68CB,頂湳段,90.00,非都市：鄉村區 ; 非都市編定：乙種建築用地,8870,900,持分移轉,02270001
RPPNMLMKQHHGFAP68CB,虎溪段,30.47,非都市：鄉村區 ; 非都市編定：乙種建築用地,100000,1313,持分移轉,15560000
RPPNMLLKQHHGFAP58CB,大崙段茄苳腳小段,21.96,非都市：鄉村區 ; 非都市編定：乙種建築用地,100000,3368,持分移轉,00860025
RPQNMLKKQHHGFCP78CB,順天段,151.11,都市：住,1,1,全筆移轉,07090028
RPQNMLKKQHHGFCP78CB,順天段,18.02,都市：住,10000,863,持分移轉,07090029
RPRNMLMKQHHGFAP88CB,虎溪段,30.47,非都市：鄉村區 ; 非都市編定：乙種建築用地,100000,1313,持分移轉,15560000
RPQNMLMKQHHGFAP78CB,虎溪段,21.96,非都市：鄉村區 ; 非都市編定：乙種建築用地,100000,946,持分移轉,15560000
RPTNMLMKQHHGFAP09CB,虎溪段,30.47,非都市：鄉村區 ; 非都市編定：乙種建築用地,100000,1313,持分移轉,15560000
RPSNMLMKQHHGFAP98CB,虎溪段,30.45,非都市：鄉村區 ; 非都市編定：乙種建築用地,100000,1312,持分移轉,15560000
RPUNMLMKQHHGFAP56CB,大潭段社口小段,28.87,都市：住,1000000,33260,持分移轉,01750001
RPVNMLMKQHHGFAP66CB,大潭段社口小段,28.97,都市：住,1000000,33375,持分移轉,01750001
RPWNMLMKQHHGFAP76CB,大潭段社口小段,29.05,都市：住,1000000,33468,持分移轉,01750001
RPPNMLPKQHHGFAP98CB,雲林溪段,14.50,都市：商,202785,1450,持分移轉,01590000
RPOOMLMKQHHGFAP68CB,大潭段社口小段,28.87,都市：住,1000000,33260,持分移轉,01750001
RPXNMLMKQHHGFAP86CB,大潭段社口小段,28.87,都市：住,1000000,33260,持分移轉,01750001
RPQNMLPKQHHGFAP09CB,科加段,27.12,非都市：工業區 ; 非都市編定：丁種建築用地,21,1,持分移轉,00160084
RPQNMLPKQHHGFAP09CB,科加段,81.13,非都市：工業區 ; 非都市編定：丁種建築用地,1,1,全筆移轉,00160055
RPQNMLPKQHHGFAP09CB,科加段,2.70,非都市：工業區 ; 非都市編定：丁種建築用地,1,1,全筆移轉,00160056
RPRNMLPKQHHGFAP56CB,光明段,82.24,非都市：工業區 ; 非都市編定：丁種建築用地,1,1,全筆移轉,04070011
RPPOMLMKQHHGFAP78CB,南安段,99.92,都市：住,1,1,全筆移轉,14450012
RPPOMLMKQHHGFAP78CB,南安段,7.80,都市：住,1,1,全筆移轉,14450027
RPPOMLMKQHHGFAP78CB,南安段,29.65,都市：住,8,1,持分移轉,14450030
RPWNMLPKQHHGFAP07CB,科加段,73.50,非都市：工業區 ; 非都市編定：丁種建築用地,1,1,全筆移轉,00070156
RPWNMLPKQHHGFAP07CB,科加段,8.51,非都市：工業區 ; 非都市編定：丁種建築用地,10000,74,持分移轉,00070188
RPWNMLPKQHHGFAP07CB,科加段,.15,非都市：工業區 ; 非都市編定：丁種建築用地,59,1,持分移轉,00070178
RPSNMLPKQHHGFAP66CB,科加段,27.12,非都市：工業區 ; 非都市編定：丁種建築用地,21,1,持分移轉,00160084
RPTNMLPKQHHGFAP76CB,八德段,102.75,非都市：鄉村區 ; 非都市編定：乙種建築用地,1,1,全筆移轉,08330000
RPSNMLPKQHHGFAP66CB,科加段,90.04,非都市：工業區 ; 非都市編定：丁種建築用地,1,1,全筆移轉,00160050
RPOOMLPKQHHGFAP98CB,科加段,73.50,非都市：工業區 ; 非都市編定：丁種建築用地,1,1,全筆移轉,00070172
RPOOMLPKQHHGFAP98CB,科加段,8.51,非都市：工業區 ; 非都市編定：丁種建築用地,10000,74,持分移轉,00070188
RPOOMLPKQHHGFAP98CB,科加段,.15,非都市：工業區 ; 非都市編定：丁種建築用地,59,1,持分移轉,00070178
RPPNMLPKQHHGFCP56CB,漢南段,71.63,都市：住,1,1,全筆移轉,01470016
RPPNMLPKQHHGFCP56CB,漢南段,30.60,都市：住,23,1,持分移轉,01470044
RPPNMLQKQHHGFCP66CB,永定段,77.42,非都市：鄉村區 ; 非都市編定：乙種建築用地,1,1,全筆移轉,11120016
RPPNMLQKQHHGFCP66CB,永定段,24.41,非都市：鄉村區 ; 非都市編定：乙種建築用地,14,1,持分移轉,11120043
RPPNMLQKQHHGFAP66EB,崙仔段,127.65,非都市：鄉村區 ; 非都市編定：乙種建築用地,193370,12765,持分移轉,02170000
RPPNMLRKQHHGFAP56CB,八德段,128.94,非都市：鄉村區 ; 非都市編定：乙種建築用地,1,1,全筆移轉,08330001
RPPNMLRKQHHGFEP96CB,新北段,85.67,都市：住,1,1,全筆移轉,16840027
RPPNMLRKQHHGFEP96CB,新北段,15.97,都市：住,10000,238,持分移轉,16840020
RPPNMLSKQHHGFDP96CB,大學段,103.00,都市：住,1,1,全筆移轉,03520007
RPPNMLSKQHHGFDP96CB,大學段,11.90,都市：住,21,1,持分移轉,03520018
RPPNMLMLQHHGFAP78CB,光明段,84.88,非都市：工業區 ; 非都市編定：丁種建築用地,1,1,全筆移轉,04070014
RPPNMLTKQHHGFDP07CB,高南段,39.45,都市：住,100000,1771,持分移轉,04100000
RPQNMLTKQHHGFDP17CB,高南段,39.45,都市：住,100000,1771,持分移轉,04100000
RPQNMLPLQHHGFDP86CB,高南段,27.47,都市：住,100000,943,持分移轉,02600000
RPPNMLNLQHHGFCP09CB,田尾段,87.00,非都市：特定農業區 ; 非都市編定：甲種建築用地,1,1,全筆移轉,01040012
RPPNMLNLQHHGFCP09CB,田尾段,42.98,非都市：特定農業區 ; 非都市編定：甲種建築用地,18300,4298,持分移轉,01040001
RPPNMLQLQHHGFAP56CB,科加段,73.50,非都市：工業區 ; 非都市編定：丁種建築用地,1,1,全筆移轉,00070165
RPPNMLOLQHHGFDP66CB,大學段,96.25,都市：住,1,1,全筆移轉,03540016
RPPNMLQLQHHGFAP56CB,科加段,8.51,非都市：工業區 ; 非都市編定：丁種建築用地,10000,74,持分移轉,00070188
RPPNMLQLQHHGFAP56CB,科加段,.15,非都市：工業區 ; 非都市編定：丁種建築用地,59,1,持分移轉,00070178
RPPNMLOLQHHGFDP66CB,大學段,.49,都市：住,34,1,持分移轉,03540013
RPPNMLOLQHHGFDP66CB,大學段,29.30,都市：住,24,1,持分移轉,03540002
RPQNMLLMQHHGFAP88CB,大潭段社口小段,39.75,都市：住,1000000,83333,持分移轉,01770038
RPPNMLLMQHHGFAP78CB,大潭段社口小段,39.75,都市：住,1000000,83333,持分移轉,01770038
RPRNMLLMQHHGFAP98CB,大潭段社口小段,39.75,都市：住,1000000,83333,持分移轉,01770038
RPSNMLLMQHHGFAP09CB,大潭段社口小段,39.75,都市：住,1000000,83333,持分移轉,01770038
RPVNMLLMQHHGFAP76CB,八德段,117.08,非都市：鄉村區 ; 非都市編定：乙種建築用地,1,1,全筆移轉,08330002
RPTNMLLMQHHGFAP56CB,大潭段社口小段,39.75,都市：住,1000000,83333,持分移轉,01770038
RPPNMLNJRHHGFDP09CB,越港段,12.33,都市：住,1000000,20513,持分移轉,05900000
RPPNMLNJRHHGFDP09CB,越港段,21.28,都市：住,1000000,20513,持分移轉,05940000
RPXNMLPJRHHGFDP47CB,大學段,45.02,都市：住,101352,4502,持分移轉,02760000
RPPOMLPJRHHGFDP76CB,大學段,43.83,都市：住,101352,4383,持分移轉,02760000
RPPNMLQJRHHGFDP76CB,大學段,45.02,都市：住,101352,4502,持分移轉,02760000
RPOOMLPJRHHGFDP66CB,大學段,45.02,都市：住,101352,4502,持分移轉,02760000
RPPNMLMKRHHGFDP09CB,高北段,41.17,都市：住,100000,3048,持分移轉,00850000
RPQNMLMKRHHGFDP56CB,高北段,41.17,都市：住,100000,3048,持分移轉,00850000
RPTNMLMKRHHGFDP86CB,高北段,41.17,都市：住,100000,3048,持分移轉,00850000
RPSNMLMKRHHGFDP76CB,高北段,28.77,都市：住,100000,2130,持分移轉,00850000
RPPNMLNKRHHGFCP09CB,漢光段,95.96,都市：住,1,1,全筆移轉,00770006
RPWNMLMKRHHGFDP17CB,高北段,28.46,都市：住,100000,2107,持分移轉,00850000
RPOOMLMKRHHGFDP09CB,高北段,39.72,都市：住,100000,2941,持分移轉,00850000
RPPNMLNKRHHGFEP66CB,新北段,84.78,都市：住,1,1,全筆移轉,16840031
RPPNMLNKRHHGFEP66CB,新北段,15.97,都市：住,10000,238,持分移轉,16840020
RPPNMLPKRHHGFDP86DB,興安段,31.28,非都市：鄉村區 ; 非都市編定：乙種建築用地,37543,3128,持分移轉,07480001
RPPNMLPKRHHGFDP86DB,興安段,.50,非都市：鄉村區 ; 非都市編定：乙種建築用地,125,5,持分移轉,07480002
RPPNMLPKRHHGFDP86DB,興安段,8.00,非都市：鄉村區 ; 非都市編定：乙種建築用地,32048,800,持分移轉,07480000
RPPNMLPKRHHGFCP66CB,振興段,143.79,都市：住,1,1,全筆移轉,05830007
RPPNMLPKRHHGFCP66CB,振興段,6.72,都市：住,1,1,全筆移轉,05830018
RPPNMLPKRHHGFCP66CB,振興段,9.36,都市：住,10000,795,持分移轉,05850001
RPPNMLPKRHHGFCP66CB,振興段,10.00,都市：住,30000,1127,持分移轉,05860000
RPPNMLPKRHHGFCP66CB,振興段,2.46,都市：住,10000,795,持分移轉,05900000
RPPNMLPKRHHGFCP66CB,振興段,.04,都市：住,16,1,持分移轉,05830014
RPPNMLKLRHHGFDP98CB,延平段,60.32,非都市：鄉村區 ; 非都市編定：乙種建築用地,189379,9560,持分移轉,13220002
RPPNMLKLRHHGFDP98CB,延平段,35.28,非都市：鄉村區 ; 非都市編定：乙種建築用地,189379,9560,持分移轉,13220003
RPRNMLMKRHHGFDP66CB,高北段,28.46,都市：住,100000,2107,持分移轉,00850000
RPUNMLMKRHHGFDP96CB,高北段,41.17,都市：住,100000,3048,持分移轉,00850000
RPVNMLMKRHHGFDP07CB,高北段,28.46,都市：住,100000,2107,持分移轉,00850000
RPXNMLMKRHHGFDP27CB,高北段,28.77,都市：住,100000,2130,持分移轉,00850000
