﻿編號,屋齡,建物移轉面積平方公尺,主要用途,主要建材,建築完成日期,總層數,建物分層
The serial number,room age,building shifting area square meter,the main use,main building materials,construction completes the date,total layer,building lamination
RPPNMLLKNHHGFCP58CC,32,150.08,住家用,ＲＣ構架造,79年3月15日,三層,
RPQOMLNKNHHGFAP78CC,22,22.69,住商用,鋼筋混凝土造,89年8月8日,三層,
RPPOMLNKNHHGFAP68CC,15,16.15,住家用,鋼筋混凝土造,96年2月8日,三層,
RPRNMLNLNHHGFAP88CC,30,41.59,住家用,鋼筋混凝土造,81年8月29日,八層,
RPRNMLNLNHHGFAP88CC,30,17.19,共有部份,鋼筋混凝土造,81年8月29日,八層,
RPTNMLPLNHHGFAP66CC,19,17.95,住家用,鋼筋混凝土造,92年7月7日,四層,
RPTNMLPLNHHGFAP66CC,19,6.01,共有部份,鋼筋混凝土造,92年7月7日,四層,
RPROMLKMNHHGFAP78CC,25,27.85,住家用,鋼筋混凝土造,86年5月15日,十六層,
RPROMLKMNHHGFAP78CC,25,4.42,共有部份,鋼筋混凝土造,86年5月15日,十六層,
RPROMLKMNHHGFAP78CC,25,8.62,共有部份,鋼筋混凝土造,86年5月15日,十六層,
RPUNMLPLNHHGFAP76CC,22,22.64,住商用,鋼筋混凝土造,89年8月8日,三層,
RPRNMLQJOHHGFBP56CC,41,112.22,住商用,加強磚造,70年3月27日,二層,
RPRNMLLJOHHGFAP58CC,2,73.83,住家用,鋼筋混凝土造,109年7月3日,五層,
RPRNMLLJOHHGFAP58CC,2,1.92,停車空間,鋼筋混凝土造,109年7月3日,五層,
RPRNMLLJOHHGFAP58CC,2,24.13,管委會空間、昇降機、甲梯、乙梯、梯廳、廁所、機電設備空間、水塔間,鋼筋混凝土造,109年7月3日,五層,
RPVNMLPLNHHGFAP86CC,2,67.62,住家用,鋼筋混凝土造,109年7月3日,五層,
RPVNMLPLNHHGFAP86CC,2,1.92,停車空間,鋼筋混凝土造,109年7月3日,五層,
RPVNMLPLNHHGFAP86CC,2,24.13,管委會空間、昇降機、甲梯、乙梯、梯廳、廁所、機電設備空間、水塔間,鋼筋混凝土造,109年7月3日,五層,
RPPNMLSLNHHGFAP56CC,85,147.95,商業用,加強磚造,25年12月6日,二層,
RPXNMLQJOHHGFAP07CC,41,115.47,住家用,加強磚造,70年5月29日,二層,
RPWNMLKKOHHGFAP09CC,25,73.73,住家用,鋼筋混凝土造,86年5月15日,十六層,
RPWNMLKKOHHGFAP09CC,25,11.79,共有部份,鋼筋混凝土造,86年5月15日,十六層,
RPWNMLKKOHHGFAP09CC,25,14.39,共有部份,鋼筋混凝土造,86年5月15日,十六層,
RPPOMLPKOHHGFAP98CC,27,39.41,辦公室,鋼筋混凝土造,84年5月13日,十三層,
RPPNMLOKOHHGFBP88CC,49,101.57,住家用,鋼筋混凝土加強磚造,62年1月5日,二層,
RPPNMLKLOHHGFBP58CC,27,74.36,住家用,鋼筋混凝土造,84年3月16日,十二層,
RPPNMLKLOHHGFBP58CC,27,41.10,共有部份,鋼筋混凝土造,84年3月16日,,
RPQNMLKLOHHGFBP68CC,29,80.11,住家用,鋼筋混凝土造,82年5月30日,六層,
RPQNMLKLOHHGFBP68CC,29,11.81,共有部份,鋼筋混凝土造,82年5月30日,六層,
RPQNMLKLOHHGFBP68CC,29,30.50,共有部份,鋼筋混凝土造,82年5月30日,六層,
RPVNMLLJPHHGFAP09CC,27,23.42,住家用,鋼筋混凝土造,84年9月3日,九層,
RPVNMLLJPHHGFAP09CC,27,5.41,共有部份,鋼筋混凝土造,84年9月3日,九層,
RPVNMLLJPHHGFAP09CC,27,4.78,共有部份,鋼筋混凝土造,84年9月3日,九層,
RPQNMLOLOHHGFAP98CC,15,14.89,住家用,鋼筋混凝土造,96年2月8日,三層,
RPROMLQJPHHGFAP66CC,25,76.71,住家用,鋼筋混凝土造,86年5月15日,十六層,
RPROMLQJPHHGFAP66CC,25,12.25,共有部份,鋼筋混凝土造,86年5月15日,十六層,
RPROMLQJPHHGFAP66CC,25,18.37,共有部份,鋼筋混凝土造,86年5月15日,十六層,
RPQNMLSKPHHGFAP76CC,27,77.40,辦公室、機房,鋼筋混凝土造,84年11月29日,五層,
RPRNMLOJPHHGFAP98CC,26,185.14,住商用,鋼筋混凝土造,85年3月25日,四層,
RPRNMLSKPHHGFAP86CC,26,88.91,住家用,鋼筋混凝土造,85年6月30日,八層,
RPRNMLSKPHHGFAP86CC,26,34.72,共有部份,鋼筋混凝土造,85年6月30日,八層,
RPOOMLTKPHHGFAP76CC,1,209.00,住宅、樓梯間,鋼筋混凝土造,110年9月1日,三層,
RPRNMLTLPHHGFAP07CC,30,268.52,住商用,鋼筋混凝土造,81年5月1日,四層,
RPPNMLKLPHHGFAP78EC,1,287.50,住宅、樓梯間,鋼筋混凝土造,110年6月1日,四層,
RPSNMLNJQHHGFAP09CC,12,9.72,辦公室,鋼筋混凝土造,99年2月23日,七層,
RPSNMLNJQHHGFAP09CC,12,.89,台電配電室、停車空間、水箱、緊急發電機及消幫浦室〈共有部份〉,鋼筋混凝土造,99年2月23日,七層,
RPSNMLNJQHHGFAP09CC,12,4.83,公設梯廳、走道、機械室、水箱、樓梯間、電信室、停車空間（共有部份）,鋼筋混凝土造,99年2月23日,七層,
RPQNMLNJQHHGFAP88CC,12,9.79,辦公室,鋼筋混凝土造,99年2月23日,七層,
RPQNMLNJQHHGFAP88CC,12,.90,台電配電室、停車空間、水箱、緊急發電機及消幫浦室〈共有部份〉,鋼筋混凝土造,99年2月23日,七層,
RPQNMLNJQHHGFAP88CC,12,5.61,公設梯廳、走道、機械室、水箱、樓梯間、電信室、停車空間（共有部份）,鋼筋混凝土造,99年2月23日,七層,
RPTNMLNJQHHGFAP56CC,12,9.96,辦公室,鋼筋混凝土造,99年2月23日,七層,
RPTNMLNJQHHGFAP56CC,12,.91,台電配電室、停車空間、水箱、緊急發電機及消幫浦室〈共有部份〉,鋼筋混凝土造,99年2月23日,七層,
RPTNMLNJQHHGFAP56CC,12,5.69,公設梯廳、走道、機械室、水箱、樓梯間、電信室、停車空間（共有部份）,鋼筋混凝土造,99年2月23日,七層,
RPUNMLNJQHHGFAP66CC,12,9.79,辦公室,鋼筋混凝土造,99年2月23日,七層,
RPUNMLNJQHHGFAP66CC,12,.90,台電配電室、停車空間、水箱、緊急發電機及消幫浦室〈共有部份〉,鋼筋混凝土造,99年2月23日,七層,
RPUNMLNJQHHGFAP66CC,12,5.61,公設梯廳、走道、機械室、水箱、樓梯間、電信室、停車空間（共有部份）,鋼筋混凝土造,99年2月23日,七層,
RPVNMLNJQHHGFAP76CC,12,9.79,辦公室,鋼筋混凝土造,99年2月23日,七層,
RPVNMLNJQHHGFAP76CC,12,.90,台電配電室、停車空間、水箱、緊急發電機及消幫浦室〈共有部份〉,鋼筋混凝土造,99年2月23日,七層,
RPVNMLNJQHHGFAP76CC,12,4.86,公設梯廳、走道、機械室、水箱、樓梯間、電信室、停車空間（共有部份）,鋼筋混凝土造,99年2月23日,七層,
RPXNMLNJQHHGFAP96CC,12,9.79,辦公室,鋼筋混凝土造,99年2月23日,七層,
RPXNMLNJQHHGFAP96CC,12,.90,台電配電室、停車空間、水箱、緊急發電機及消幫浦室〈共有部份〉,鋼筋混凝土造,99年2月23日,七層,
RPXNMLNJQHHGFAP96CC,12,4.86,公設梯廳、走道、機械室、水箱、樓梯間、電信室、停車空間（共有部份）,鋼筋混凝土造,99年2月23日,七層,
RPPNMLOJQHHGFAP88CC,12,9.79,辦公室,鋼筋混凝土造,99年2月23日,七層,
RPPNMLOJQHHGFAP88CC,12,3.85,台電配電室、停車空間、水箱、緊急發電機及消幫浦室〈共有部份〉,鋼筋混凝土造,99年2月23日,七層,
RPPNMLOJQHHGFAP88CC,12,5.50,公設梯廳、走道、機械室、水箱、樓梯間、電信室、停車空間（共有部份）,鋼筋混凝土造,99年2月23日,七層,
RPRNMLOJQHHGFAP09CC,12,9.79,辦公室,鋼筋混凝土造,99年2月23日,七層,
RPRNMLOJQHHGFAP09CC,12,3.85,台電配電室、停車空間、水箱、緊急發電機及消幫浦室〈共有部份〉,鋼筋混凝土造,99年2月23日,七層,
RPRNMLOJQHHGFAP09CC,12,6.49,公設梯廳、走道、機械室、水箱、樓梯間、電信室、停車空間（共有部份）,鋼筋混凝土造,99年2月23日,七層,
RPQNMLOJQHHGFAP98CC,12,10.01,辦公室,鋼筋混凝土造,99年2月23日,七層,
RPQNMLOJQHHGFAP98CC,12,3.87,台電配電室、停車空間、水箱、緊急發電機及消幫浦室〈共有部份〉,鋼筋混凝土造,99年2月23日,七層,
RPQNMLOJQHHGFAP98CC,12,4.86,公設梯廳、走道、機械室、水箱、樓梯間、電信室、停車空間（共有部份）,鋼筋混凝土造,99年2月23日,七層,
RPSNMLOJQHHGFAP56CC,12,10.01,辦公室,鋼筋混凝土造,99年2月23日,七層,
RPSNMLOJQHHGFAP56CC,12,3.87,台電配電室、停車空間、水箱、緊急發電機及消幫浦室〈共有部份〉,鋼筋混凝土造,99年2月23日,七層,
RPSNMLOJQHHGFAP56CC,12,5.82,公設梯廳、走道、機械室、水箱、樓梯間、電信室、停車空間（共有部份）,鋼筋混凝土造,99年2月23日,七層,
RPWNMLSJQHHGFAP37CC,12,10.01,辦公室,鋼筋混凝土造,99年2月23日,七層,
RPWNMLSJQHHGFAP37CC,12,3.87,台電配電室、停車空間、水箱、緊急發電機及消幫浦室〈共有部份〉,鋼筋混凝土造,99年2月23日,七層,
RPWNMLSJQHHGFAP37CC,12,5.82,公設梯廳、走道、機械室、水箱、樓梯間、電信室、停車空間（共有部份）,鋼筋混凝土造,99年2月23日,七層,
RPRNMLSJQHHGFAP86CC,28,231.40,商業用,鋼筋混凝土造,83年11月10日,十二層,
RPUNMLOJQHHGFAP76CC,12,9.79,辦公室,鋼筋混凝土造,99年2月23日,七層,
RPUNMLOJQHHGFAP76CC,12,.90,台電配電室、停車空間、水箱、緊急發電機及消幫浦室〈共有部份〉,鋼筋混凝土造,99年2月23日,七層,
RPUNMLOJQHHGFAP76CC,12,4.86,公設梯廳、走道、機械室、水箱、樓梯間、電信室、停車空間（共有部份）,鋼筋混凝土造,99年2月23日,七層,
RPOOMLSJQHHGFAP66CC,12,9.79,辦公室,鋼筋混凝土造,99年2月23日,七層,
RPOOMLSJQHHGFAP66CC,12,3.85,台電配電室、停車空間、水箱、緊急發電機及消幫浦室〈共有部份〉,鋼筋混凝土造,99年2月23日,七層,
RPXNMLSJQHHGFAP47CC,12,9.79,辦公室,鋼筋混凝土造,99年2月23日,七層,
RPOOMLSJQHHGFAP66CC,12,4.84,公設梯廳、走道、機械室、水箱、樓梯間、電信室、停車空間（共有部份）,鋼筋混凝土造,99年2月23日,七層,
RPXNMLSJQHHGFAP47CC,12,.90,台電配電室、停車空間、水箱、緊急發電機及消幫浦室〈共有部份〉,鋼筋混凝土造,99年2月23日,七層,
RPXNMLSJQHHGFAP47CC,12,4.86,公設梯廳、走道、機械室、水箱、樓梯間、電信室、停車空間（共有部份）,鋼筋混凝土造,99年2月23日,七層,
RPSNMLKKQHHGFAP88CC,12,9.79,辦公室,鋼筋混凝土造,99年2月23日,七層,
RPSNMLKKQHHGFAP88CC,12,.90,台電配電室、停車空間、水箱、緊急發電機及消幫浦室〈共有部份〉,鋼筋混凝土造,99年2月23日,七層,
RPSNMLKKQHHGFAP88CC,12,4.86,公設梯廳、走道、機械室、水箱、樓梯間、電信室、停車空間（共有部份）,鋼筋混凝土造,99年2月23日,七層,
