﻿編號,土地位置,土地移轉面積(平方公尺),使用分區或編定,權利人持分分母,權利人持分分子,移轉情形,地號
The serial number, land position,land shifting area square meter,the use zoning or compiles and checks,,,,land parcel
RPQNMLQKNHHGFDQ66CB,仁安段,106.65,非都市：鄉村區 ; 非都市編定：乙種建築用地,1,1,全筆移轉,05060007
RPPNMLPLNHHGFBQ98CB,鎮安段,36.18,都市：住,100000,4735,持分移轉,12840006
RPSNMLRLNHHGFDQ07CB,水東段,39.01,都市：住,100000,5633,持分移轉,04280000
RPPNMLOLNHHGFCQ09DB,平林段,75.00,都市：農,1,1,全筆移轉,08860058
RPPNMLOLNHHGFCQ09DB,平林段,65.00,都市：農,1,1,全筆移轉,08890020
RPPNMLOLNHHGFCQ09DB,平林段,.42,都市：農,48,1,持分移轉,08850012
RPPNMLOLNHHGFCQ09DB,平林段,8.15,都市：農,48,1,持分移轉,08860059
RPPNMLQKNHHGFDQ56CB,仁安段,121.67,非都市：鄉村區 ; 非都市編定：乙種建築用地,1,1,全筆移轉,05060008
RPQNMLPLNHHGFCQ56CB,民工段,26.90,都市：住,100000,4484,持分移轉,04340003
RPPNMLNLNHHGFCQ88CB,東湖段,81.46,非都市：鄉村區 ; 非都市編定：乙種建築用地,1,1,全筆移轉,14150010
RPPNMLNLNHHGFCQ88CB,東湖段,.28,非都市：鄉村區 ; 非都市編定：乙種建築用地,31,1,持分移轉,14150034
RPPNMLNLNHHGFCQ88CB,東湖段,.39,非都市：鄉村區 ; 非都市編定：乙種建築用地,31,1,持分移轉,14150003
RPPNMLNLNHHGFCQ88CB,東湖段,.48,非都市：鄉村區 ; 非都市編定：乙種建築用地,31,1,持分移轉,14150017
RPPNMLNLNHHGFCQ88CB,東湖段,16.43,非都市：鄉村區 ; 非都市編定：乙種建築用地,31,1,持分移轉,14150018
RPPNMLNLNHHGFCQ88CB,東湖段,.32,非都市：鄉村區 ; 非都市編定：乙種建築用地,31,1,持分移轉,14150036
RPPNMLKLNHHGFDQ78DB,田尾段田尾小段,144.20,非都市：特定農業區 ; 非都市編定：甲種建築用地,316900,14420,持分移轉,04760000
RPPNMLKLNHHGFDQ78DB,田尾段田尾小段,26.24,非都市：特定農業區 ; 非都市編定：甲種建築用地,316900,2624,持分移轉,04760000
RPRNMLPLNHHGFCQ66CB,民工段,32.63,都市：住,100000,5438,持分移轉,04340003
RPTNMLRLNHHGFDQ17CB,水東段,29.60,都市：住,100000,4273,持分移轉,04280000
RPQNMLTLNHHGFCQ07DB,三角段,101.00,非都市：鄉村區 ; 非都市編定：乙種建築用地,1,1,全筆移轉,01420050
RPQNMLTLNHHGFCQ07DB,三角段,21.28,非都市：鄉村區 ; 非都市編定：乙種建築用地,32,1,持分移轉,01420034
RPQNMLKMNHHGFDQ98DB,東新段,102.20,都市：住,1,1,全筆移轉,01700005
RPPNMLKMNHHGFDQ78CB,仁安段,96.96,非都市：鄉村區 ; 非都市編定：乙種建築用地,1,1,全筆移轉,05060000
RPVNMLLMNHHGFDQ86CB,太頂珠段,32.32,都市：住,100000,197,持分移轉,00700000
RPWNMLLMNHHGFDQ96CB,太頂珠段,24.45,都市：住,100000,149,持分移轉,00700000
RPXNMLLMNHHGFDQ07CB,太頂珠段,24.61,都市：住,100000,150,持分移轉,00700000
RPOOMLLMNHHGFDQ88CB,太頂珠段,29.70,都市：住,100000,181,持分移轉,00700000
RPPOMLLMNHHGFDQ98CB,太頂珠段,24.45,都市：住,100000,149,持分移轉,00700000
RPROMLLMNHHGFDQ56CB,太頂珠段,30.52,都市：住,100000,186,持分移轉,00700000
RPQOMLLMNHHGFDQ09CB,太頂珠段,24.61,都市：住,100000,150,持分移轉,00700000
RPSOMLLMNHHGFDQ66CB,太頂珠段,24.45,都市：住,100000,149,持分移轉,00700000
RPTNMLLMNHHGFCQ56CB,豐收段,100.83,非都市：鄉村區 ; 非都市編定：乙種建築用地,1,1,全筆移轉,09930008
RPTNMLLMNHHGFCQ56CB,豐收段,4.62,非都市：鄉村區 ; 非都市編定：乙種建築用地,10000,584,持分移轉,09930000
RPTNMLLMNHHGFCQ56CB,豐收段,23.12,非都市：鄉村區 ; 非都市編定：乙種建築用地,10000,584,持分移轉,09930014
RPPNMLLJOHHGFCQ58CB,雙援段,75.00,非都市：特定農業區 ; 非都市編定：甲種建築用地,1,1,全筆移轉,00900007
RPPNMLLJOHHGFCQ68DB,潭底段潭底小段,23.86,都市：住,100000,630,持分移轉,00610000
RPPNMLMJOHHGFCQ78DB,新興段新興小段,99.23,都市：住,1,1,全筆移轉,00030072
RPQNMLLJOHHGFCQ78DB,潭底段潭底小段,35.15,都市：住,100000,928,持分移轉,00610000
RPPNMLSJOHHGFCQ66CB,北斗段,105.45,都市：住,1,1,全筆移轉,03680008
RPQNMLQJOHHGFEQ76CB,梅北段,123.00,都市：住,1,1,全筆移轉,20840005
RPRNMLSJOHHGFCQ86CB,北斗段,110.28,都市：住,1,1,全筆移轉,03680010
RPQNMLSJOHHGFCQ76CB,北斗段,105.45,都市：住,1,1,全筆移轉,03680009
RPPNMLTJOHHGFDQ86CB,太頂珠段,24.61,都市：住,100000,150,持分移轉,00700000
RPQNMLTJOHHGFDQ96CB,太頂珠段,24.61,都市：住,100000,150,持分移轉,00700000
RPSNMLTJOHHGFDQ17CB,太頂珠段,24.61,都市：住,100000,150,持分移轉,00700000
RPTNMLTJOHHGFDQ27CB,太頂珠段,24.45,都市：住,100000,149,持分移轉,00700000
RPWNMLTJOHHGFDQ57CB,太頂珠段,33.80,都市：住,100000,206,持分移轉,00700000
RPRNMLTJOHHGFDQ07CB,太頂珠段,24.61,都市：住,100000,150,持分移轉,00700000
RPXNMLTJOHHGFDQ67CB,太頂珠段,24.61,都市：住,100000,150,持分移轉,00700000
RPUNMLTJOHHGFDQ37CB,太頂珠段,24.45,都市：住,100000,149,持分移轉,00700000
RPPNMLMKOHHGFDQ98DB,安家厝段,128.62,非都市：特定農業區 ; 非都市編定：甲種建築用地,1,1,全筆移轉,16330002
RPVNMLTJOHHGFDQ47CB,太頂珠段,24.45,都市：住,100000,149,持分移轉,00700000
RPQNMLMKOHHGFDQ09DB,安家厝段,126.51,非都市：特定農業區 ; 非都市編定：甲種建築用地,1,1,全筆移轉,16270008
RPOOMLTJOHHGFDQ86CB,太頂珠段,24.45,都市：住,100000,149,持分移轉,00700000
RPTNMLOKOHHGFCQ76CB,北斗段,33.85,都市：住,100000,3157,持分移轉,03680000
RPPNMLKKOHHGFCQ68DB,平林段,96.00,都市：農,1,1,全筆移轉,08860054
RPPNMLKKOHHGFCQ68DB,平林段,71.00,都市：農,1,1,全筆移轉,08890016
RPPNMLKKOHHGFCQ68DB,平林段,.42,都市：農,48,1,持分移轉,08850012
RPPNMLKKOHHGFCQ68DB,平林段,8.15,都市：農,48,1,持分移轉,08860059
RPUNMLOKOHHGFCQ86CB,北斗段,33.85,都市：住,100000,3157,持分移轉,03680000
RPRNMLOKOHHGFCQ56CB,北斗段,42.74,都市：住,100000,3986,持分移轉,03680000
RPPNMLPKOHHGFCQ09CB,民工段,25.91,都市：住,100000,4319,持分移轉,04340003
RPQNMLRKOHHGFCQ76CB,民工段,34.56,都市：住,100000,5760,持分移轉,04340003
RPRNMLRKOHHGFCQ86CB,豐收段,146.06,非都市：鄉村區 ; 非都市編定：乙種建築用地,1,1,全筆移轉,09930025
RPRNMLRKOHHGFCQ86CB,豐收段,25.04,非都市：鄉村區 ; 非都市編定：乙種建築用地,10000,769,持分移轉,09930022
RPRNMLRKOHHGFCQ86CB,豐收段,1.11,非都市：鄉村區 ; 非都市編定：乙種建築用地,10000,140,持分移轉,09930000
RPRNMLRKOHHGFCQ86CB,豐收段,5.54,非都市：鄉村區 ; 非都市編定：乙種建築用地,10000,140,持分移轉,09930014
RPRNMLKLOHHGFDQ98CB,太頂珠段,30.52,都市：住,100000,186,持分移轉,00700000
RPWNMLOKOHHGFCQ07CB,民工段,26.90,都市：住,100000,4484,持分移轉,04340003
RPSNMLKLOHHGFDQ09CB,太頂珠段,26.74,都市：住,100000,163,持分移轉,00700000
RPSNMLRKOHHGFCQ96CB,豐收段,180.56,非都市：鄉村區 ; 非都市編定：乙種建築用地,1,1,全筆移轉,09930026
RPSNMLRKOHHGFCQ96CB,豐收段,25.07,非都市：鄉村區 ; 非都市編定：乙種建築用地,10000,770,持分移轉,09930022
RPSNMLRKOHHGFCQ96CB,豐收段,1.11,非都市：鄉村區 ; 非都市編定：乙種建築用地,10000,140,持分移轉,09930000
RPSNMLRKOHHGFCQ96CB,豐收段,5.54,非都市：鄉村區 ; 非都市編定：乙種建築用地,10000,140,持分移轉,09930014
RPPNMLRKOHHGFCQ66CB,民工段,32.63,都市：住,100000,5438,持分移轉,04340003
RPTNMLKLOHHGFDQ56CB,太頂珠段,17.72,都市：住,100000,108,持分移轉,00700000
RPUNMLKLOHHGFDQ66CB,太頂珠段,24.45,都市：住,100000,149,持分移轉,00700000
RPPNMLLLOHHGFDQ88CB,新大崙段,103.91,非都市：鄉村區 ; 非都市編定：乙種建築用地,1,1,全筆移轉,03390028
RPPNMLLLOHHGFDQ88CB,新大崙段,33.40,非都市：鄉村區 ; 非都市編定：乙種建築用地,400,13,持分移轉,03390000
RPVNMLKLOHHGFDQ76CB,太頂珠段,17.72,都市：住,100000,108,持分移轉,00700000
RPPNMLLLOHHGFCQ78CB,民工段,34.56,都市：住,100000,5760,持分移轉,04340003
RPOOMLKLOHHGFDQ78CB,嘉新段,94.33,都市：住,1,1,全筆移轉,00630010
RPOOMLKLOHHGFDQ78CB,嘉新段,17.48,都市：住,24,1,持分移轉,00630000
RPPNMLMLOHHGFCQ88CB,崙子頂段,85.99,非都市：鄉村區 ; 非都市編定：乙種建築用地,1,1,全筆移轉,02580060
RPPNMLMLOHHGFCQ88CB,崙子頂段,20.59,非都市：鄉村區 ; 非都市編定：乙種建築用地,64,1,持分移轉,02580014
RPRNMLLLOHHGFDQ09CB,新大崙段,133.72,非都市：鄉村區 ; 非都市編定：乙種建築用地,1,1,全筆移轉,03390023
RPRNMLLLOHHGFDQ09CB,新大崙段,43.68,非都市：鄉村區 ; 非都市編定：乙種建築用地,400,17,持分移轉,03390000
RPPNMLLLOHHGFCQ88DB,三角段,103.00,非都市：鄉村區 ; 非都市編定：乙種建築用地,1,1,全筆移轉,01420068
RPPNMLLLOHHGFCQ88DB,三角段,21.13,非都市：鄉村區 ; 非都市編定：乙種建築用地,32,1,持分移轉,01420071
RPPNMLMLOHHGFDQ09DB,田尾段田尾小段,140.40,非都市：特定農業區 ; 非都市編定：甲種建築用地,316900,14040,持分移轉,04760000
RPPNMLMLOHHGFDQ09DB,田尾段田尾小段,26.24,非都市：特定農業區 ; 非都市編定：甲種建築用地,316900,2624,持分移轉,04760000
RPPNMLNLOHHGFDQ56DB,田尾段田尾小段,136.40,非都市：特定農業區 ; 非都市編定：甲種建築用地,316900,13640,持分移轉,04760000
RPPNMLNLOHHGFDQ56DB,田尾段田尾小段,26.24,非都市：特定農業區 ; 非都市編定：甲種建築用地,316900,2624,持分移轉,04760000
RPPNMLNLOHHGFCQ09DB,民農段,107.23,都市：住,1,1,全筆移轉,05770004
RPPNMLNLOHHGFBQ88CB,大葛段,84.01,非都市：鄉村區 ; 非都市編定：乙種建築用地,1,1,全筆移轉,09140005
RPPNMLNLOHHGFBQ88CB,大葛段,26.35,非都市：鄉村區 ; 非都市編定：乙種建築用地,1000,87,持分移轉,09140001
RPPNMLOLOHHGFCQ09CB,民工段,25.91,都市：住,100000,4319,持分移轉,04340003
RPRNMLRLOHHGFCQ96CB,永福段,16.88,都市：住,100000,4036,持分移轉,02080000
RPRNMLRLOHHGFCQ96CB,永福段,8.36,都市：住,100000,2563,持分移轉,02080010
RPQNMLOLOHHGFCQ56CB,民工段,26.90,都市：住,100000,4484,持分移轉,04340003
RPPNMLRLOHHGFCQ76CB,崙子頂段,91.01,非都市：鄉村區 ; 非都市編定：乙種建築用地,1,1,全筆移轉,02580062
RPPNMLRLOHHGFCQ76CB,崙子頂段,20.59,非都市：鄉村區 ; 非都市編定：乙種建築用地,64,1,持分移轉,02580014
RPQNMLRLOHHGFCQ86CB,五穀王段,113.56,都市：住,1,1,全筆移轉,03310001
RPSNMLRLOHHGFCQ07CB,永福段,90.64,都市：住,1,1,全筆移轉,02080016
RPSNMLRLOHHGFCQ07CB,永福段,8.36,都市：住,100000,2562,持分移轉,02080010
RPPNMLSLOHHGFDQ96CB,太頂珠段,17.72,都市：住,100000,108,持分移轉,00700000
RPQNMLSLOHHGFDQ07CB,太頂珠段,24.45,都市：住,100000,149,持分移轉,00700000
RPRNMLSLOHHGFDQ17CB,太頂珠段,26.74,都市：住,100000,163,持分移轉,00700000
RPTNMLSLOHHGFDQ37CB,太頂珠段,24.45,都市：住,100000,149,持分移轉,00700000
RPSNMLSLOHHGFDQ27CB,太頂珠段,26.74,都市：住,100000,163,持分移轉,00700000
RPPNMLSLOHHGFDQ07DB,安家厝段,128.70,非都市：特定農業區 ; 非都市編定：甲種建築用地,1,1,全筆移轉,16330007
RPUNMLSLOHHGFDQ47CB,太頂珠段,26.74,都市：住,100000,163,持分移轉,00700000
RPPNMLTLOHHGFCQ96CB,北斗段,42.74,都市：住,100000,3986,持分移轉,03680000
RPQNMLTLOHHGFCQ07CB,北斗段,42.74,都市：住,100000,3986,持分移轉,03680000
RPQNMLSLOHHGFDQ17DB,安家厝段,120.74,非都市：特定農業區 ; 非都市編定：甲種建築用地,1,1,全筆移轉,16020005
RPSNMLTLOHHGFCQ27CB,豐收段,152.26,非都市：鄉村區 ; 非都市編定：乙種建築用地,1,1,全筆移轉,09930018
RPSNMLTLOHHGFCQ27CB,豐收段,25.04,非都市：鄉村區 ; 非都市編定：乙種建築用地,10000,769,持分移轉,09930022
RPSNMLTLOHHGFCQ27CB,豐收段,1.11,非都市：鄉村區 ; 非都市編定：乙種建築用地,10000,140,持分移轉,09930000
RPSNMLTLOHHGFCQ27CB,豐收段,5.54,非都市：鄉村區 ; 非都市編定：乙種建築用地,10000,140,持分移轉,09930014
RPRNMLTLOHHGFCQ17CB,北斗段,33.85,都市：住,100000,3157,持分移轉,03680000
RPPNMLKMOHHGFCQ88DB,三角段,101.00,非都市：鄉村區 ; 非都市編定：乙種建築用地,1,1,全筆移轉,01420051
RPPNMLKMOHHGFCQ88DB,三角段,21.28,非都市：鄉村區 ; 非都市編定：乙種建築用地,32,1,持分移轉,01420034
RPPNMLLJPHHGFCQ78DB,潭底段潭底小段,25.80,都市：住,100000,681,持分移轉,00610000
RPQNMLLJPHHGFCQ78CB,豐收段,160.31,非都市：鄉村區 ; 非都市編定：乙種建築用地,1,1,全筆移轉,09930015
RPQNMLLJPHHGFCQ78CB,豐收段,25.04,非都市：鄉村區 ; 非都市編定：乙種建築用地,10000,769,持分移轉,09930022
RPQNMLLJPHHGFCQ78CB,豐收段,1.11,非都市：鄉村區 ; 非都市編定：乙種建築用地,10000,140,持分移轉,09930000
RPQNMLLJPHHGFCQ78CB,豐收段,5.54,非都市：鄉村區 ; 非都市編定：乙種建築用地,10000,140,持分移轉,09930014
RPPNMLLJPHHGFCQ68CB,民文段,34.78,都市：住,100000,1116,持分移轉,11650000
RPRNMLLJPHHGFCQ88CB,豐收段,145.73,非都市：鄉村區 ; 非都市編定：乙種建築用地,1,1,全筆移轉,09930016
RPRNMLLJPHHGFCQ88CB,豐收段,25.04,非都市：鄉村區 ; 非都市編定：乙種建築用地,10000,769,持分移轉,09930022
RPRNMLLJPHHGFCQ88CB,豐收段,1.11,非都市：鄉村區 ; 非都市編定：乙種建築用地,10000,140,持分移轉,09930000
RPRNMLLJPHHGFCQ88CB,豐收段,5.54,非都市：鄉村區 ; 非都市編定：乙種建築用地,10000,140,持分移轉,09930014
RPTNMLLJPHHGFCQ09CB,東湖段,79.45,非都市：鄉村區 ; 非都市編定：乙種建築用地,1,1,全筆移轉,14150021
RPTNMLLJPHHGFCQ09CB,東湖段,.28,非都市：鄉村區 ; 非都市編定：乙種建築用地,31,1,持分移轉,14150034
RPTNMLLJPHHGFCQ09CB,東湖段,.39,非都市：鄉村區 ; 非都市編定：乙種建築用地,31,1,持分移轉,14150003
RPTNMLLJPHHGFCQ09CB,東湖段,.48,非都市：鄉村區 ; 非都市編定：乙種建築用地,31,1,持分移轉,14150017
RPTNMLLJPHHGFCQ09CB,東湖段,16.43,非都市：鄉村區 ; 非都市編定：乙種建築用地,31,1,持分移轉,14150018
RPTNMLLJPHHGFCQ09CB,東湖段,.32,非都市：鄉村區 ; 非都市編定：乙種建築用地,31,1,持分移轉,14150036
RPUNMLLJPHHGFCQ56CB,永祿段,67.00,都市：住,1,1,全筆移轉,01750042
RPUNMLLJPHHGFCQ56CB,永祿段,.12,都市：住,20,1,持分移轉,01750035
RPUNMLLJPHHGFCQ56CB,永祿段,22.46,都市：住,20,1,持分移轉,01750036
RPUNMLLJPHHGFCQ56CB,永祿段,.40,都市：住,24,1,持分移轉,01750047
RPPNMLMJPHHGFCQ78CB,民文段,30.38,都市：住,100000,975,持分移轉,11650000
RPQNMLMJPHHGFCQ88CB,民文段,30.07,都市：住,100000,965,持分移轉,11650000
RPPNMLNJPHHGFCQ88CB,民文段,40.60,都市：住,100000,1303,持分移轉,11650000
RPSNMLMJPHHGFCQ09CB,民文段,34.78,都市：住,100000,1116,持分移轉,11650000
RPRNMLOJPHHGFDQ66CB,麻寮段,91.81,都市：住,1,1,全筆移轉,07200025
RPVNMLSLOHHGFDQ57CB,太頂珠段,24.45,都市：住,100000,149,持分移轉,00700000
RPQNMLNJPHHGFCQ98CB,民文段,30.07,都市：住,100000,965,持分移轉,11650000
RPPNMLOJPHHGFDQ09CB,麻寮段,100.82,都市：住,1,1,全筆移轉,08350000
RPPNMLOJPHHGFDQ09CB,麻寮段,1.30,都市：住,29,1,持分移轉,08350015
RPPNMLOJPHHGFDQ09CB,麻寮段,3.68,都市：住,29,1,持分移轉,08370000
RPPNMLOJPHHGFDQ09CB,麻寮段,6.22,都市：住,29,1,持分移轉,08350007
RPPNMLOJPHHGFDQ09CB,麻寮段,2.11,都市：住,29,1,持分移轉,08370003
RPPNMLOJPHHGFDQ09CB,麻寮段,.15,都市：住,29,1,持分移轉,07200022
RPPNMLOJPHHGFDQ09CB,麻寮段,8.21,都市：住,29,1,持分移轉,07200012
RPPNMLOJPHHGFDQ09CB,麻寮段,.50,都市：住,29,1,持分移轉,07200013
RPPNMLOJPHHGFDQ09CB,麻寮段,.55,都市：住,29,1,持分移轉,07200016
RPPNMLOJPHHGFDQ09CB,麻寮段,.08,都市：住,29,1,持分移轉,07200017
RPSNMLLJPHHGFCQ98CB,豐收段,152.60,非都市：鄉村區 ; 非都市編定：乙種建築用地,1,1,全筆移轉,09930023
RPSNMLLJPHHGFCQ98CB,豐收段,25.04,非都市：鄉村區 ; 非都市編定：乙種建築用地,10000,769,持分移轉,09930022
RPSNMLLJPHHGFCQ98CB,豐收段,1.11,非都市：鄉村區 ; 非都市編定：乙種建築用地,10000,140,持分移轉,09930000
RPSNMLLJPHHGFCQ98CB,豐收段,5.54,非都市：鄉村區 ; 非都市編定：乙種建築用地,10000,140,持分移轉,09930014
RPQNMLKMOHHGFCQ98DB,三角段,101.00,非都市：鄉村區 ; 非都市編定：乙種建築用地,1,1,全筆移轉,01420042
RPQNMLKMOHHGFCQ98DB,三角段,21.28,非都市：鄉村區 ; 非都市編定：乙種建築用地,32,1,持分移轉,01420034
RPSNMLOJPHHGFDQ76CB,麻寮段,83.88,都市：住,1,1,全筆移轉,07200003
RPSNMLOJPHHGFDQ76CB,麻寮段,1.30,都市：住,29,1,持分移轉,08350015
RPTNMLOJPHHGFDQ86CB,麻寮段,91.79,都市：住,1,1,全筆移轉,07200027
RPSNMLOJPHHGFDQ76CB,麻寮段,3.68,都市：住,29,1,持分移轉,08370000
RPPNMLOJPHHGFDQ56DB,安家厝段,128.61,非都市：特定農業區 ; 非都市編定：甲種建築用地,1,1,全筆移轉,16330003
RPSNMLOJPHHGFDQ76CB,麻寮段,6.22,都市：住,29,1,持分移轉,08350007
RPSNMLOJPHHGFDQ76CB,麻寮段,2.11,都市：住,29,1,持分移轉,08370003
RPSNMLOJPHHGFDQ76CB,麻寮段,.15,都市：住,29,1,持分移轉,07200022
RPSNMLOJPHHGFDQ76CB,麻寮段,8.21,都市：住,29,1,持分移轉,07200012
RPSNMLOJPHHGFDQ76CB,麻寮段,.50,都市：住,29,1,持分移轉,07200013
RPSNMLOJPHHGFDQ76CB,麻寮段,.55,都市：住,29,1,持分移轉,07200016
RPSNMLOJPHHGFDQ76CB,麻寮段,.08,都市：住,29,1,持分移轉,07200017
RPRNMLMJPHHGFCQ98CB,民文段,30.07,都市：住,100000,965,持分移轉,11650000
RPPNMLPJPHHGFDQ56CB,太頂珠段,24.45,都市：住,100000,149,持分移轉,00700000
RPQNMLPJPHHGFDQ66CB,太頂珠段,17.72,都市：住,100000,108,持分移轉,00700000
RPPNMLPJPHHGFCQ09CB,北斗段,42.73,都市：住,100000,3985,持分移轉,03680000
RPQNMLPJPHHGFCQ56CB,北斗段,42.74,都市：住,100000,3986,持分移轉,03680000
RPRNMLPJPHHGFCQ66CB,北斗段,42.74,都市：住,100000,3986,持分移轉,03680000
RPQNMLSJPHHGFDQ96CB,東新段,104.65,都市：住,1,1,全筆移轉,08400000
RPQNMLSJPHHGFDQ96CB,東新段,16.09,都市：住,45998,1609,持分移轉,08350000
RPSNMLPJPHHGFCQ76CB,民文段,134.13,都市：住,1,1,全筆移轉,11650002
RPPNMLQJPHHGFDQ66CB,水西段,27.83,都市：住,10000,361,持分移轉,11630000
RPPNMLQJPHHGFDQ66CB,水西段,9.93,都市：住,10000,361,持分移轉,11630043
RPPNMLQJPHHGFDQ66CB,水西段,7.00,都市：住,10000,361,持分移轉,11630041
RPPNMLQJPHHGFDQ66CB,水西段,.85,都市：住,10000,361,持分移轉,11610016
RPRNMLSJPHHGFDQ07CB,東新段,92.99,都市：住,1,1,全筆移轉,08400005
RPRNMLSJPHHGFDQ07CB,東新段,16.09,都市：住,45998,1609,持分移轉,08350000
RPSNMLSJPHHGFDQ17CB,東新段,92.87,都市：住,1,1,全筆移轉,08490006
RPSNMLSJPHHGFDQ17CB,東新段,16.09,都市：住,45998,1609,持分移轉,08350000
RPPNMLSJPHHGFCQ76CB,豐收段,105.06,非都市：鄉村區 ; 非都市編定：乙種建築用地,1,1,全筆移轉,09930047
RPPNMLSJPHHGFCQ76CB,豐收段,4.63,非都市：鄉村區 ; 非都市編定：乙種建築用地,10000,585,持分移轉,09930000
RPPNMLSJPHHGFCQ76CB,豐收段,23.16,非都市：鄉村區 ; 非都市編定：乙種建築用地,10000,585,持分移轉,09930014
RPPNMLLKPHHGFCQ78CB,北斗段,42.74,都市：住,100000,3986,持分移轉,03680000
RPPNMLLKPHHGFDQ88CB,太頂珠段,26.74,都市：住,100000,163,持分移轉,00700000
RPQNMLLKPHHGFCQ88CB,北斗段,33.85,都市：住,100000,3157,持分移轉,03680000
RPQNMLLKPHHGFDQ98CB,太頂珠段,24.61,都市：住,100000,150,持分移轉,00700000
RPRNMLLKPHHGFDQ09CB,太頂珠段,24.45,都市：住,100000,149,持分移轉,00700000
RPSNMLLKPHHGFDQ56CB,太頂珠段,26.74,都市：住,100000,163,持分移轉,00700000
RPUNMLLKPHHGFDQ76CB,太頂珠段,26.74,都市：住,100000,163,持分移轉,00700000
RPRNMLMKPHHGFCQ09CB,永福段,110.76,都市：住,1,1,全筆移轉,02080017
RPRNMLMKPHHGFCQ09CB,永福段,8.36,都市：住,100000,2562,持分移轉,02080010
RPTNMLLKPHHGFDQ66CB,太頂珠段,30.52,都市：住,100000,186,持分移轉,00700000
RPVNMLLKPHHGFDQ86CB,太頂珠段,24.45,都市：住,100000,149,持分移轉,00700000
RPSNMLMKPHHGFCQ56CB,永福段,130.25,都市：住,1,1,全筆移轉,02080009
RPSNMLMKPHHGFCQ56CB,永福段,8.36,都市：住,100000,2562,持分移轉,02080010
RPQNMLMKPHHGFCQ98CB,永福段,82.65,都市：住,1,1,全筆移轉,02080013
RPQNMLMKPHHGFCQ98CB,永福段,8.36,都市：住,100000,2562,持分移轉,02080010
RPUNMLMKPHHGFCQ76CB,豐收段,190.76,非都市：鄉村區 ; 非都市編定：乙種建築用地,1,1,全筆移轉,09930021
RPUNMLMKPHHGFCQ76CB,豐收段,25.07,非都市：鄉村區 ; 非都市編定：乙種建築用地,10000,770,持分移轉,09930022
RPUNMLMKPHHGFCQ76CB,豐收段,1.11,非都市：鄉村區 ; 非都市編定：乙種建築用地,10000,140,持分移轉,09930000
RPUNMLMKPHHGFCQ76CB,豐收段,5.54,非都市：鄉村區 ; 非都市編定：乙種建築用地,10000,140,持分移轉,09930014
RPPNMLOKPHHGFCQ09CB,西安段,101.00,都市：住,1,1,全筆移轉,01530002
RPTNMLMKPHHGFCQ66CB,竹子腳段西昌小段,167.00,非都市：特定農業區 ; 非都市編定：甲種建築用地,1,1,全筆移轉,02070027
RPQNMLOKPHHGFCQ56CB,西安段,85.00,都市：住,1,1,全筆移轉,01530003
RPTNMLOKPHHGFCQ86CB,西安段,101.00,都市：住,1,1,全筆移轉,01530005
RPRNMLOKPHHGFCQ66CB,永福段,23.31,都市：住,100000,5575,持分移轉,02080000
RPRNMLOKPHHGFCQ66CB,永福段,8.36,都市：住,100000,2563,持分移轉,02080010
RPSNMLOKPHHGFCQ76CB,西安段,91.00,都市：住,1,1,全筆移轉,01530004
RPQNMLOKPHHGFBQ09CB,永和段,23.79,都市：住,100000,3138,持分移轉,00510000
RPQNMLOKPHHGFBQ09CB,永和段,2.48,都市：住,100000,1852,持分移轉,00510022
RPQNMLOKPHHGFBQ09CB,永和段,2.43,都市：住,100000,1852,持分移轉,00510026
RPQNMLOKPHHGFBQ09CB,永和段,1.98,都市：住,100000,1852,持分移轉,00510028
RPPNMLOKPHHGFBQ98CB,永和段,26.77,都市：住,100000,3532,持分移轉,00510000
RPPNMLOKPHHGFBQ98CB,永和段,2.79,都市：住,100000,2084,持分移轉,00510022
RPPNMLOKPHHGFBQ98CB,永和段,2.73,都市：住,100000,2084,持分移轉,00510026
RPPNMLOKPHHGFBQ98CB,永和段,2.23,都市：住,100000,2084,持分移轉,00510028
RPRNMLOKPHHGFBQ56CB,永和段,20.24,都市：住,100000,2670,持分移轉,00510000
RPRNMLOKPHHGFBQ56CB,永和段,2.11,都市：住,100000,1575,持分移轉,00510022
RPRNMLOKPHHGFBQ56CB,永和段,2.06,都市：住,100000,1575,持分移轉,00510026
RPRNMLOKPHHGFBQ56CB,永和段,1.69,都市：住,100000,1575,持分移轉,00510028
RPPNMLSKPHHGFCQ86CB,中工段,10.36,非都市：工業區 ; 非都市編定：丁種建築用地,1000000,28460,持分移轉,00790006
RPPNMLPKPHHGFBQ09CB,永和段,.01,都市：住,100000,1,持分移轉,00510000
RPPNMLSKPHHGFCQ86CB,中工段,10.36,非都市：工業區 ; 非都市編定：丁種建築用地,1000000,28460,持分移轉,00800010
RPPNMLPKPHHGFBQ09CB,永和段,7.41,都市：住,100000,5529,持分移轉,00510022
RPPNMLSKPHHGFCQ86CB,中工段,2.82,非都市：工業區 ; 非都市編定：丁種建築用地,1000000,28460,持分移轉,00800009
RPPNMLPKPHHGFBQ09CB,永和段,7.24,都市：住,100000,5529,持分移轉,00510026
RPPNMLPKPHHGFBQ09CB,永和段,5.92,都市：住,100000,5529,持分移轉,00510028
RPPNMLPKPHHGFBQ09CB,永和段,131.00,都市：住,1,1,全筆移轉,00510018
RPPNMLRKPHHGFBQ76DB,大鄉段,24.83,非都市：特定農業區 ; 非都市編定：甲種建築用地,70701,2483,持分移轉,07470000
RPSNMLSKPHHGFCQ17CB,北斗段,42.74,都市：住,100000,3986,持分移轉,03680000
RPQNMLSKPHHGFCQ96CB,北斗段,33.85,都市：住,100000,3157,持分移轉,03680000
RPRNMLSKPHHGFCQ07CB,北斗段,42.73,都市：住,100000,3985,持分移轉,03680000
RPPNMLTKPHHGFDQ07CB,龍潭段,111.27,都市：住,1,1,全筆移轉,03510001
RPPNMLTKPHHGFDQ07CB,龍潭段,29.98,都市：住,7,1,持分移轉,03510000
RPPNMLTKPHHGFCQ96CB,豐收段,149.98,非都市：鄉村區 ; 非都市編定：乙種建築用地,1,1,全筆移轉,09930017
RPPNMLTKPHHGFCQ96CB,豐收段,25.04,非都市：鄉村區 ; 非都市編定：乙種建築用地,10000,769,持分移轉,09930022
RPPNMLTKPHHGFCQ96CB,豐收段,1.11,非都市：鄉村區 ; 非都市編定：乙種建築用地,10000,140,持分移轉,09930000
RPPNMLTKPHHGFCQ96CB,豐收段,5.54,非都市：鄉村區 ; 非都市編定：乙種建築用地,10000,140,持分移轉,09930014
RPPNMLTKPHHGFBQ96DB,大鄉段,24.83,非都市：特定農業區 ; 非都市編定：甲種建築用地,70701,2483,持分移轉,07470000
RPPNMLLLPHHGFDQ98CB,太頂珠段,24.61,都市：住,100000,150,持分移轉,00700000
RPQNMLLLPHHGFDQ09CB,太頂珠段,17.72,都市：住,100000,108,持分移轉,00700000
RPPNMLKLPHHGFDQ88CB,水西段,31.15,都市：住,10000,404,持分移轉,11630000
RPPNMLKLPHHGFDQ88CB,水西段,11.11,都市：住,10000,404,持分移轉,11630043
RPPNMLKLPHHGFDQ88CB,水西段,7.84,都市：住,10000,404,持分移轉,11630041
RPPNMLKLPHHGFDQ88CB,水西段,.95,都市：住,10000,404,持分移轉,11610016
RPSNMLLLPHHGFDQ66CB,太頂珠段,22.97,都市：住,100000,140,持分移轉,00700000
RPTNMLLLPHHGFDQ76CB,太頂珠段,33.96,都市：住,100000,207,持分移轉,00700000
RPRNMLLLPHHGFDQ56CB,太頂珠段,24.61,都市：住,100000,150,持分移轉,00700000
RPRNMLLLPHHGFCQ56DB,大工一段,55.77,非都市：工業區 ; 非都市編定：丁種建築用地,166631,5577,持分移轉,01770000
RPPNMLMLPHHGFCQ09DB,大工一段,55.77,非都市：工業區 ; 非都市編定：丁種建築用地,166631,5577,持分移轉,01770000
RPSNMLLLPHHGFCQ66DB,大工一段,55.77,非都市：工業區 ; 非都市編定：丁種建築用地,166631,5577,持分移轉,01770000
RPPNMLMLPHHGFCQ98CB,西安段,1.00,都市：住,1,1,全筆移轉,01530011
RPPNMLMLPHHGFCQ98CB,西安段,109.00,都市：農,1,1,全筆移轉,02060004
RPPNMLMLPHHGFCQ98CB,西安段,3.00,都市：住,1,1,全筆移轉,02100015
RPQNMLMLPHHGFCQ56DB,大工一段,55.77,非都市：工業區 ; 非都市編定：丁種建築用地,166631,5577,持分移轉,01770000
RPQNMLMLPHHGFCQ09CB,西安段,8.00,都市：住,1,1,全筆移轉,01530010
RPQNMLMLPHHGFCQ09CB,西安段,103.00,都市：農,1,1,全筆移轉,02060003
RPQNMLMLPHHGFCQ09CB,西安段,2.00,都市：住,1,1,全筆移轉,02100014
RPSNMLMLPHHGFCQ66CB,板頭段,99.69,非都市：鄉村區 ; 非都市編定：乙種建築用地,1,1,全筆移轉,03980004
RPRNMLMLPHHGFCQ56CB,西安段,14.00,都市：住,1,1,全筆移轉,01530009
RPRNMLMLPHHGFCQ56CB,西安段,99.00,都市：農,1,1,全筆移轉,02060002
RPQNMLOLPHHGFCQ66CB,三間厝段,30.86,非都市：鄉村區 ; 非都市編定：乙種建築用地,1000000,38431,持分移轉,03540000
RPQNMLOLPHHGFCQ66CB,三間厝段,2.96,非都市：鄉村區 ; 非都市編定：乙種建築用地,1000000,38431,持分移轉,03550000
RPRNMLOLPHHGFCQ76CB,牛斗山段,56.00,非都市：一般農業區 ; 非都市編定：交通用地,1,1,全筆移轉,03050063
RPRNMLOLPHHGFCQ76CB,三間厝段,148.00,非都市：一般農業區 ; 非都市編定：甲種建築用地,1,1,全筆移轉,00860095
RPPNMLOLPHHGFCQ66DB,三角段,103.00,非都市：鄉村區 ; 非都市編定：乙種建築用地,1,1,全筆移轉,01420061
RPPNMLOLPHHGFCQ66DB,三角段,21.13,非都市：鄉村區 ; 非都市編定：乙種建築用地,32,1,持分移轉,01420071
RPPNMLPLPHHGFCQ66CB,民文段,34.78,都市：住,100000,1116,持分移轉,11650000
RPRNMLPLPHHGFCQ86CB,民文段,30.07,都市：住,100000,965,持分移轉,11650000
RPQNMLPLPHHGFCQ76CB,民文段,30.07,都市：住,100000,965,持分移轉,11650000
RPSNMLPLPHHGFCQ96CB,民文段,30.07,都市：住,100000,965,持分移轉,11650000
RPPNMLPLPHHGFDQ76CB,粗溪段粗溪小段,138.00,都市：住,1,1,全筆移轉,02570006
RPTNMLPLPHHGFCQ07CB,五穀王段,111.80,都市：住,1,1,全筆移轉,03310003
RPPNMLRLPHHGFDQ96CB,水東段,38.07,都市：住,100000,5496,持分移轉,04280000
RPQNMLRLPHHGFDQ07CB,水東段,39.01,都市：住,100000,5633,持分移轉,04280000
RPRNMLRLPHHGFDQ17CB,水東段,29.60,都市：住,100000,4273,持分移轉,04280000
RPPNMLSLPHHGFCQ96CB,西安段,29.00,都市：住,1,1,全筆移轉,01530008
RPPNMLSLPHHGFCQ96CB,西安段,84.00,都市：農,1,1,全筆移轉,02060001
RPQNMLRLPHHGFCQ96CB,五穀王段,111.77,都市：住,1,1,全筆移轉,03310006
RPQNMLSLPHHGFCQ07CB,西安段,104.00,都市：住,1,1,全筆移轉,01530007
RPQNMLSLPHHGFCQ07CB,西安段,11.00,都市：農,1,1,全筆移轉,02060000
RPPNMLRLPHHGFCQ86CB,民文段,29.20,都市：住,100000,937,持分移轉,11650000
RPPNMLRLPHHGFCQ86CB,民文段,29.20,都市：住,100000,937,持分移轉,11650000
RPPNMLRLPHHGFCQ86CB,民文段,34.72,都市：住,100000,1114,持分移轉,11650000
RPPNMLRLPHHGFCQ86CB,民文段,34.72,都市：住,100000,1114,持分移轉,11650000
RPTNMLSLPHHGFCQ37CB,西安段,117.00,都市：農,1,1,全筆移轉,02060008
RPSNMLSLPHHGFCQ27CB,西安段,112.00,都市：農,1,1,全筆移轉,02060007
RPPNMLSLPHHGFBQ86CB,永和段,20.24,都市：住,100000,2670,持分移轉,00510000
RPPNMLSLPHHGFBQ86CB,永和段,2.11,都市：住,100000,1575,持分移轉,00510022
RPPNMLSLPHHGFBQ86CB,永和段,2.06,都市：住,100000,1575,持分移轉,00510026
RPPNMLSLPHHGFBQ86CB,永和段,1.69,都市：住,100000,1575,持分移轉,00510028
RPPNMLTLPHHGFBQ96CB,永和段,26.81,都市：住,100000,3537,持分移轉,00510000
RPPNMLTLPHHGFBQ96CB,永和段,2.80,都市：住,100000,2087,持分移轉,00510022
RPPNMLTLPHHGFBQ96CB,永和段,2.73,都市：住,100000,2087,持分移轉,00510026
RPPNMLTLPHHGFBQ96CB,永和段,2.23,都市：住,100000,2087,持分移轉,00510028
RPUNMLSLPHHGFCQ47CB,西安段,132.00,都市：農,1,1,全筆移轉,02060009
RPVNMLSLPHHGFCQ57CB,東湖段,82.31,非都市：鄉村區 ; 非都市編定：乙種建築用地,1,1,全筆移轉,14150027
RPVNMLSLPHHGFCQ57CB,東湖段,.39,非都市：鄉村區 ; 非都市編定：乙種建築用地,31,1,持分移轉,14150003
RPVNMLSLPHHGFCQ57CB,東湖段,.48,非都市：鄉村區 ; 非都市編定：乙種建築用地,31,1,持分移轉,14150017
RPVNMLSLPHHGFCQ57CB,東湖段,16.43,非都市：鄉村區 ; 非都市編定：乙種建築用地,31,1,持分移轉,14150018
RPVNMLSLPHHGFCQ57CB,東湖段,.28,非都市：鄉村區 ; 非都市編定：乙種建築用地,31,1,持分移轉,14150034
RPVNMLSLPHHGFCQ57CB,東湖段,.32,非都市：鄉村區 ; 非都市編定：乙種建築用地,31,1,持分移轉,14150036
RPPNMLLJQHHGFCQ78CB,民工段,25.91,都市：住,100000,4319,持分移轉,04340003
RPQNMLLJQHHGFCQ88CB,民工段,25.91,都市：住,100000,4319,持分移轉,04340003
RPPNMLLMPHHGFCQ98CB,西安段,124.00,都市：住,1,1,全筆移轉,01530006
RPQNMLTLPHHGFBQ07CB,永和段,23.79,都市：住,100000,3139,持分移轉,00510000
RPQNMLTLPHHGFBQ07CB,永和段,2.48,都市：住,100000,1853,持分移轉,00510022
RPQNMLTLPHHGFBQ07CB,永和段,2.43,都市：住,100000,1853,持分移轉,00510026
RPQNMLTLPHHGFBQ07CB,永和段,1.98,都市：住,100000,1853,持分移轉,00510028
RPPNMLTLPHHGFCQ07CB,民工段,25.91,都市：住,100000,4319,持分移轉,04340003
RPPNMLMJQHHGFCQ88CB,五穀王段,111.79,都市：住,1,1,全筆移轉,03310004
RPQNMLNJQHHGFCQ09CB,永福段,23.31,都市：住,100000,5574,持分移轉,02080000
RPQNMLNJQHHGFCQ09CB,永福段,8.36,都市：住,100000,2563,持分移轉,02080010
RPPNMLMJQHHGFDQ98CB,太頂珠段,22.97,都市：住,100000,140,持分移轉,00700000
RPPNMLNJQHHGFCQ98CB,永福段,16.88,都市：住,100000,4036,持分移轉,02080000
RPPNMLNJQHHGFCQ98CB,永福段,8.36,都市：住,100000,2563,持分移轉,02080010
RPRNMLNJQHHGFCQ56CB,豐收段,109.50,非都市：鄉村區 ; 非都市編定：乙種建築用地,1,1,全筆移轉,09930048
RPRNMLNJQHHGFCQ56CB,豐收段,4.63,非都市：鄉村區 ; 非都市編定：乙種建築用地,10000,585,持分移轉,09930000
RPRNMLNJQHHGFCQ56CB,豐收段,23.16,非都市：鄉村區 ; 非都市編定：乙種建築用地,10000,585,持分移轉,09930014
RPRNMLOJQHHGFBQ56CB,永和段,17.78,都市：住,100000,2346,持分移轉,00510000
RPRNMLOJQHHGFBQ56CB,永和段,1.85,都市：住,100000,1384,持分移轉,00510022
RPRNMLOJQHHGFBQ56CB,永和段,1.81,都市：住,100000,1384,持分移轉,00510026
RPRNMLOJQHHGFBQ56CB,永和段,1.48,都市：住,100000,1384,持分移轉,00510028
RPPNMLNJQHHGFCQ09DB,公園段,137.00,都市：住,1,1,全筆移轉,10920003
RPSNMLOJQHHGFBQ66CB,永和段,24.52,都市：住,100000,3235,持分移轉,00510000
RPSNMLOJQHHGFBQ66CB,永和段,2.56,都市：住,100000,1909,持分移轉,00510022
RPSNMLOJQHHGFBQ66CB,永和段,2.50,都市：住,100000,1909,持分移轉,00510026
RPSNMLOJQHHGFBQ66CB,永和段,2.04,都市：住,100000,1909,持分移轉,00510028
RPPNMLOJQHHGFBQ98CB,永和段,20.24,都市：住,100000,2670,持分移轉,00510000
RPPNMLOJQHHGFBQ98CB,永和段,2.11,都市：住,100000,1575,持分移轉,00510022
RPPNMLOJQHHGFDQ66DB,東新段,109.57,都市：住,1,1,全筆移轉,01700007
RPPNMLOJQHHGFBQ98CB,永和段,2.06,都市：住,100000,1575,持分移轉,00510026
RPPNMLOJQHHGFBQ98CB,永和段,1.69,都市：住,100000,1575,持分移轉,00510028
RPQNMLOJQHHGFDQ76DB,東新段,97.75,都市：住,1,1,全筆移轉,01700012
RPSNMLOJQHHGFDQ96DB,東新段,95.24,都市：住,1,1,全筆移轉,01700003
RPRNMLOJQHHGFDQ86DB,東新段,90.00,都市：住,1,1,全筆移轉,01700021
RPRNMLOJQHHGFDQ86DB,東新段,19.75,都市：住,19,1,持分移轉,01700022
RPQNMLPJQHHGFCQ76DB,大工一段,55.77,非都市：工業區 ; 非都市編定：丁種建築用地,166631,5577,持分移轉,01770000
RPQNMLPJQHHGFCQ66CB,福樂段,14.97,都市：商,100000,823,持分移轉,01420000
RPPNMLPJQHHGFCQ56CB,民農段,126.83,都市：住,1,1,全筆移轉,05770006
RPRNMLPJQHHGFCQ86DB,大工一段,55.77,非都市：工業區 ; 非都市編定：丁種建築用地,166631,5577,持分移轉,01770000
RPQNMLTJQHHGFCQ07CB,福樂段,19.46,都市：商,100000,1070,持分移轉,01420000
RPPNMLTJQHHGFCQ96CB,福樂段,14.97,都市：商,100000,823,持分移轉,01420000
RPPNMLPJQHHGFDQ66CB,麻寮段,91.80,都市：住,1,1,全筆移轉,07200026
RPRNMLTJQHHGFCQ17CB,福樂段,18.92,都市：商,100000,1040,持分移轉,01420000
RPTNMLTJQHHGFCQ37CB,福樂段,18.92,都市：商,100000,1040,持分移轉,01420000
RPVNMLTJQHHGFCQ57CB,福樂段,18.64,都市：商,100000,1025,持分移轉,01420000
RPXNMLTJQHHGFCQ77CB,福樂段,18.64,都市：商,100000,1025,持分移轉,01420000
RPWNMLTJQHHGFCQ67CB,福樂段,18.64,都市：商,100000,1025,持分移轉,01420000
RPOOMLTJQHHGFCQ96CB,福樂段,15.37,都市：商,100000,845,持分移轉,01420000
RPQOMLTJQHHGFCQ17CB,福樂段,14.97,都市：商,100000,823,持分移轉,01420000
RPPOMLTJQHHGFCQ07CB,福樂段,19.46,都市：商,100000,1070,持分移轉,01420000
RPSOMLTJQHHGFCQ37CB,福樂段,18.92,都市：商,100000,1040,持分移轉,01420000
RPPNMLKKQHHGFCQ78CB,福樂段,18.92,都市：商,100000,1040,持分移轉,01420000
RPROMLTJQHHGFCQ27CB,福樂段,19.46,都市：商,100000,1070,持分移轉,01420000
RPPNMLLKQHHGFDQ98CB,東新段,92.83,都市：住,1,1,全筆移轉,08490004
RPPNMLLKQHHGFDQ98CB,東新段,16.09,都市：住,45998,1609,持分移轉,08350000
RPQNMLMKQHHGFCQ09CB,五穀王段,111.78,都市：住,1,1,全筆移轉,03310005
RPRNMLMKQHHGFCQ56CB,五穀王段,111.82,都市：住,1,1,全筆移轉,03310002
RPQNMLQKQHHGFCQ86CB,福樂段,19.46,都市：商,100000,1070,持分移轉,01420000
RPPNMLPKQHHGFBQ56CB,永和段,24.48,都市：住,100000,3230,持分移轉,00510000
RPPNMLPKQHHGFBQ56CB,永和段,2.55,都市：住,100000,1906,持分移轉,00510022
RPPNMLPKQHHGFBQ56CB,永和段,2.50,都市：住,100000,1906,持分移轉,00510026
RPPNMLPKQHHGFBQ56CB,永和段,2.04,都市：住,100000,1906,持分移轉,00510028
RPRNMLQKQHHGFDQ07CB,水東段,38.07,都市：住,100000,5496,持分移轉,04280000
RPPNMLQKQHHGFCQ76CB,福樂段,15.50,都市：商,100000,852,持分移轉,01420000
RPPNMLQKQHHGFDQ86CB,水東段,29.60,都市：住,100000,4273,持分移轉,04280000
RPQNMLQKQHHGFDQ96CB,水東段,28.83,都市：住,100000,4163,持分移轉,04280000
RPQNMLRKQHHGFDQ07CB,太頂珠段,24.45,都市：住,100000,149,持分移轉,00700000
RPRNMLRKQHHGFDQ17CB,太頂珠段,24.61,都市：住,100000,150,持分移轉,00700000
RPPNMLRKQHHGFDQ96CB,太頂珠段,24.45,都市：住,100000,149,持分移轉,00700000
RPSNMLRKQHHGFDQ27CB,太頂珠段,24.61,都市：住,100000,150,持分移轉,00700000
RPVNMLRKQHHGFDQ57CB,太頂珠段,30.52,都市：住,100000,186,持分移轉,00700000
RPTNMLRKQHHGFDQ37CB,太頂珠段,24.45,都市：住,100000,149,持分移轉,00700000
RPWNMLRKQHHGFDQ67CB,太頂珠段,24.45,都市：住,100000,149,持分移轉,00700000
RPUNMLRKQHHGFDQ47CB,太頂珠段,29.53,都市：住,100000,180,持分移轉,00700000
RPOOMLRKQHHGFDQ96CB,太頂珠段,24.45,都市：住,100000,149,持分移轉,00700000
RPXNMLRKQHHGFDQ77CB,太頂珠段,24.61,都市：住,100000,150,持分移轉,00700000
RPPOMLRKQHHGFDQ07CB,太頂珠段,24.45,都市：住,100000,149,持分移轉,00700000
RPPNMLTKQHHGFCQ07CB,豐收段,25.07,非都市：鄉村區 ; 非都市編定：乙種建築用地,10000,770,持分移轉,09930022
RPPNMLTKQHHGFCQ07CB,豐收段,1.11,非都市：鄉村區 ; 非都市編定：乙種建築用地,10000,140,持分移轉,09930000
RPPNMLTKQHHGFCQ07CB,豐收段,5.54,非都市：鄉村區 ; 非都市編定：乙種建築用地,10000,140,持分移轉,09930014
RPPNMLTKQHHGFCQ07CB,豐收段,180.56,非都市：鄉村區 ; 非都市編定：乙種建築用地,1,1,全筆移轉,09930041
RPPNMLMLQHHGFDQ66DB,安家厝段,93.05,非都市：特定農業區 ; 非都市編定：甲種建築用地,1,1,全筆移轉,16320004
RPPNMLNLQHHGFCQ56CB,民文段,40.60,都市：住,100000,1303,持分移轉,11650000
RPPNMLNLQHHGFDQ76DB,安家厝段,128.57,非都市：特定農業區 ; 非都市編定：甲種建築用地,1,1,全筆移轉,16330008
RPQNMLNLQHHGFCQ66CB,民文段,30.07,都市：住,100000,965,持分移轉,11650000
RPRNMLNLQHHGFCQ76CB,民文段,34.78,都市：住,100000,1116,持分移轉,11650000
RPPNMLOLQHHGFCQ66CB,福樂段,15.37,都市：商,100000,845,持分移轉,01420000
RPSNMLNLQHHGFCQ86CB,民文段,30.07,都市：住,100000,965,持分移轉,11650000
RPQNMLOLQHHGFCQ76CB,福樂段,19.46,都市：商,100000,1070,持分移轉,01420000
RPRNMLOLQHHGFCQ86CB,福樂段,14.97,都市：商,100000,823,持分移轉,01420000
RPPNMLOLQHHGFDQ76CB,太頂珠段,24.45,都市：住,100000,149,持分移轉,00700000
RPQNMLOLQHHGFDQ86CB,太頂珠段,24.45,都市：住,100000,149,持分移轉,00700000
RPSNMLOLQHHGFCQ96CB,福樂段,18.86,都市：商,100000,1037,持分移轉,01420000
RPPNMLLMQHHGFDQ56CB,東新段,93.04,都市：住,1,1,全筆移轉,08400003
RPPNMLLMQHHGFDQ56CB,東新段,16.09,都市：住,45998,1609,持分移轉,08350000
RPPNMLLMQHHGFCQ09CB,福樂段,18.92,都市：商,100000,1040,持分移轉,01420000
RPPNMLLJRHHGFCQ88CB,福樂段,18.64,都市：商,100000,1025,持分移轉,01420000
RPRNMLLJRHHGFCQ09CB,福樂段,19.86,都市：商,100000,1092,持分移轉,01420000
RPQNMLLJRHHGFCQ98CB,福樂段,18.64,都市：商,100000,1025,持分移轉,01420000
RPSNMLLJRHHGFCQ56CB,福樂段,15.50,都市：商,100000,852,持分移轉,01420000
RPTNMLLJRHHGFCQ66CB,福樂段,19.46,都市：商,100000,1070,持分移轉,01420000
