﻿編號,屋齡,建物移轉面積平方公尺,主要用途,主要建材,建築完成日期,總層數,建物分層
The serial number,room age,building shifting area square meter,the main use,main building materials,construction completes the date,total layer,building lamination
RPQPMLLKNHHGFDQ09CC,17,17.13,集合住宅,鋼筋混凝土造,94年2月4日,五層,
RPVNMLLKNHHGFBQ56CC,19,23.10,住家用,鋼筋混凝土造,92年2月14日,四層,
RPVNMLLKNHHGFBQ56CC,19,2.80,公共空間（樓梯間，電梯間）,鋼筋混凝土造,92年2月14日,四層,
RPVNMLLKNHHGFBQ56CC,19,4.14,公共空間,鋼筋混凝土造,92年2月14日,四層,
RPTNMLMKNHHGFCQ56CC,46,100.43,住家用,加強磚造,65年1月1日,一層,
RPQPMLLKNHHGFDQ09CC,17,5.89,集合住宅、停車空間,鋼筋混凝土造,94年2月4日,五層,
RPQNMLMKNHHGFDQ98CC,45,28.36,住商用,鋼筋混凝土加強磚造,66年11月8日,二層,
RPVNMLTKNHHGFDQ67DC,25,391.50,辦公室、廠房、工業區,鋼造,86年2月20日,一層,
RPPNMLNLNHHGFEQ56CC,29,51.58,住家用,鋼筋混凝土造,82年4月1日,十八層,
RPPNMLNLNHHGFEQ56CC,29,10.28,梯間,鋼筋混凝土造,82年4月1日,十八層,
RPPNMLNLNHHGFEQ56CC,29,2.45,守衛室．健身房．游泳池．防空避難室兼停車場,鋼筋混凝土造,82年4月1日,,
RPXNMLOLNHHGFDQ37CC,28,180.14,住商用,鋼筋混凝土造,83年6月25日,三層,
RPTNMLNLNHHGFDQ86CC,17,16.15,集合住宅,鋼筋混凝土造,94年8月15日,五層,
RPTNMLNLNHHGFDQ86CC,17,7.19,停車空間、電信室、台電配電室、機械室、集合住宅,鋼筋混凝土造,94年8月15日,五層,
RPXNMLNLNHHGFCQ17CC,1,32.36,住家用,鋼筋混凝土造,110年2月2日,三層,
RPQNMLPLNHHGFDQ76CC,18,15.61,集合住宅,鋼筋混凝土造,93年6月9日,五層,
RPQNMLPLNHHGFDQ76CC,18,4.65,集合住宅,鋼筋混凝土造,93年6月9日,五層,
RPSNMLKMNHHGFCQ09CC,29,144.32,住家用,鋼筋混凝土造,82年7月22日,三層,
RPRNMLPLNHHGFDQ86CC,26,145.65,集合住宅、國民住宅,鋼筋混凝土造,85年10月11日,五層,
RPSNMLPLNHHGFDQ96CC,1,167.10,住家用,鋼筋混凝土造,110年5月31日,三層,
RPSOMLOLNHHGFCQ86CC,45,141.98,住家用,鋼筋混凝土加強磚造,66年9月1日,二層,
RPQNMLRLNHHGFBQ86DC,2,298.10,騎樓、住宅,鋼筋混凝土造,109年10月5日,四層,
RPVNMLQLNHHGFCQ27CC,4,2996.95,作業廠房、附屬空間（辦公室）,鋼骨構造,107年4月3日,三層,
RPVNMLQJOHHGFCQ17CC,29,103.59,國民住宅,鋼筋混凝土造,82年2月17日,五層,
RPQNMLKMNHHGFDQ98CC,17,16.15,集合住宅,鋼筋混凝土造,94年8月15日,五層,
RPQNMLKMNHHGFDQ98CC,17,7.19,停車空間、電信室、台電配電室、機械室、集合住宅,鋼筋混凝土造,94年8月15日,五層,
RPXOMLMJOHHGFCQ07CC,20,102.61,集合住宅,鋼筋混凝土造,91年7月25日,五層,
RPXOMLMJOHHGFCQ07CC,20,33.34,停車空間,鋼筋混凝土造,91年7月25日,五層,
RPXOMLMJOHHGFCQ07CC,20,12.17,梯間、機械室、水箱,鋼筋混凝土造,91年7月25日,五層,
RPXOMLMJOHHGFCQ07CC,20,.61,蓄水池,鋼筋混凝土造,91年7月25日,五層,
RPRNMLTJOHHGFBQ96CC,16,19.19,住家用,鋼筋混凝土造,95年8月28日,八層,
RPRNMLTJOHHGFBQ96CC,16,19.19,住家用,鋼筋混凝土造,95年8月28日,八層,
RPWNMLQJOHHGFDQ37CC,17,15.37,集合住宅,鋼筋混凝土造,94年8月15日,五層,
RPVNMLPKOHHGFDQ27CC,31,44.79,住家用,鋼筋混凝土造,80年4月30日,三層,
RPWNMLQJOHHGFDQ37CC,17,6.84,停車空間、電信室、台電配電室、機械室、集合住宅,鋼筋混凝土造,94年8月15日,五層,
RPSNMLRJOHHGFEQ17CC,26,294.14,住宅、停車場,鋼筋混凝土造,85年1月23日,四層,
RPPNMLLKOHHGFBQ68CC,18,198.70,住商用,鋼筋混凝土造,93年10月8日,四層,
RPSNMLRJOHHGFEQ17CC,26,34.88,停車場,鋼筋混凝土造,85年1月23日,四層,
RPTNMLTJOHHGFCQ37DC,24,292.66,農舍,鋼筋混凝土造,87年3月7日,二層,
RPSNMLPKOHHGFCQ86CC,41,100.02,住家用,鋼筋混凝土加強磚造,70年2月10日,二層,
RPTNMLTJOHHGFCQ37DC,24,110.77,農舍,鋼鐵造,87年3月7日,一層,
RPVNMLQKOHHGFCQ27CC,41,108.06,住家用,鋼筋混凝土加強磚造,70年8月8日,二層,
RPOOMLQKOHHGFCQ66CC,29,195.94,住家用,鋼筋混凝土造,82年2月10日,三層,
RPQNMLQKOHHGFDQ86CC,17,15.37,集合住宅,鋼筋混凝土造,94年8月15日,五層,
RPQNMLQKOHHGFDQ86CC,17,6.84,停車空間、電信室、台電配電室、機械室、集合住宅,鋼筋混凝土造,94年8月15日,五層,
RPQOMLOLOHHGFDQ86CC,27,160.90,住家用,鋼筋混凝土造,84年10月26日,三層,
RPVNMLRLOHHGFCQ57DC,3,26.44,住宅、樓梯間,鋼筋混凝土造,108年8月5日,三層,
RPTOMLOLOHHGFDQ17CC,42,96.46,住家用,鋼筋混凝土加強磚造,69年5月7日,二層,
RPTNMLRLOHHGFCQ37DC,8,132.27,店舖、住宅、樓梯間,鋼筋混凝土造,103年5月5日,三層,
RPXNMLLJPHHGFCQ07DC,2,57.52,停車空間、店舖、住宅,鋼筋混凝土造,109年4月16日,四層,
RPPNMLTLOHHGFCQ07CC,15,27.14,停車空間、住宅、店舖,鋼筋混凝土造,96年6月11日,四層,
RPRNMLTLOHHGFCQ27CC,15,27.04,停車空間、住宅、店舖,鋼筋混凝土造,96年6月11日,四層,
RPSNMLOJPHHGFEQ96CC,29,52.05,住家用,鋼筋混凝土造,82年4月1日,十八層,
RPPNMLMJPHHGFDQ98CC,33,142.60,住商用,鋼筋混凝土加強磚造,78年12月9日,三層,
RPSNMLOJPHHGFEQ96CC,29,10.16,梯間,鋼筋混凝土造,82年4月1日,十八層,
RPSNMLOJPHHGFEQ96CC,29,2.45,守衛室．健身房．游泳池．防空避難室兼停車場,鋼筋混凝土造,82年4月1日,,
RPTNMLQJPHHGFEQ27CC,29,38.83,住家用,鋼筋混凝土造,82年4月1日,十八層,
RPTNMLQJPHHGFEQ27CC,29,7.53,梯間,鋼筋混凝土造,82年4月1日,十八層,
RPTNMLQJPHHGFEQ27CC,29,1.75,守衛室．健身房．游泳池．防空避難室兼停車場,鋼筋混凝土造,82年4月1日,,
RPXNMLMKPHHGFCQ17CC,15,27.04,停車空間、住宅、店舖,鋼筋混凝土造,96年6月11日,四層,
RPVNMLQJPHHGFDQ37CC,17,17.13,集合住宅,鋼筋混凝土造,94年2月4日,五層,
RPVNMLQJPHHGFDQ37CC,17,5.89,集合住宅、停車空間,鋼筋混凝土造,94年2月4日,五層,
RPWNMLRJPHHGFBQ37CC,29,385.44,住商用,鋼造,82年5月14日,一層,
RPOOMLSJPHHGFDQ96CC,17,15.37,集合住宅,鋼筋混凝土造,94年8月15日,五層,
RPOOMLSJPHHGFDQ96CC,17,6.84,停車空間、電信室、台電配電室、機械室、集合住宅,鋼筋混凝土造,94年8月15日,五層,
RPUNMLSKPHHGFDQ57CC,15,10.25,店舖、住宅、停車空間,鋼筋混凝土造,96年2月8日,四層,
RPWNMLPLPHHGFCQ47CC,1,29.54,住家用,鋼筋混凝土造,110年2月2日,三層,
RPTNMLPLPHHGFCQ17CC,1,29.54,住家用,鋼筋混凝土造,110年2月2日,三層,
RPUNMLQLPHHGFDQ47CC,42,89.93,住商用,鋼筋混凝土加強磚造,69年8月20日,二層,
RPSNMLTLPHHGFDQ57CC,20,164.13,住家用,鋼筋混凝土造,91年5月7日,三層,
RPTNMLPJQHHGFCQ07CC,4,148.97,住家用,鋼筋混凝土造,107年9月4日,二層,
RPPNMLTLPHHGFEQ37CC,29,38.83,住家用,鋼筋混凝土造,82年4月1日,十八層,
RPPNMLTLPHHGFEQ37CC,29,7.53,梯間,鋼筋混凝土造,82年4月1日,十八層,
RPPNMLTLPHHGFEQ37CC,29,1.75,守衛室．健身房．游泳池．防空避難室兼停車場,鋼筋混凝土造,82年4月1日,,
RPPNMLSJQHHGFBQ86CC,16,19.19,住家用,鋼筋混凝土造,95年8月28日,八層,
RPPNMLSJQHHGFBQ86CC,16,4.61,共有部分,鋼筋混凝土造,95年8月28日,,
RPPNMLSJQHHGFBQ86CC,16,7.43,共有部分,鋼筋混凝土造,95年8月28日,,
