﻿鄉鎮市區,交易標的,土地位置建物門牌,土地移轉總面積平方公尺,都市土地使用分區,非都市土地使用分區,非都市土地使用編定,交易年月日,交易筆棟數,移轉層次,總樓層數,建物型態,主要用途,主要建材,建築完成年月,建物移轉總面積平方公尺,建物現況格局-房,建物現況格局-廳,建物現況格局-衛,建物現況格局-隔間,有無管理組織,總價元,單價元平方公尺,車位類別,車位移轉總面積平方公尺,車位總價元,備註,編號,建案名稱,棟及號
The villages and towns urban district,transaction sign,land sector position building sector house number plate,land shifting total area square meter,the use zoning or compiles and checks,the non-metropolis land use district,non-metropolis land use,transaction year month and day,transaction pen number,shifting level,total floor number,building state,main use,main building materials,construction to complete the years,building shifting total area,Building present situation pattern - room,building present situation pattern - hall,building present situation pattern - health,building present situation pattern - compartmented,Whether there is manages the organization,total price NTD,the unit price (NTD / square meter),the berth category,berth shifting total area square meter,the berth total price NTD,the note,serial number,build case,buildings
屏東市,房地(土地+建物)+車位,屏東縣屏東市古松巷,27.1,,鄉村區,乙種建築用地,1110515,土地1建物1車位1,六層,7,華廈(10層含以下有電梯),住家用,鋼筋混凝土造,,116.03,3,2,2,有,無,9200000,77239,坡道平面,13.75,1300000,,RPRNMLPKNHHGFAT66CB,屏東印象,A1棟06F號
九如鄉,房地(土地+建物),屏東縣九如鄉光復街121巷,95.93,住,,,1110514,土地6建物1車位0,全,3,透天厝,見其他登記事項,鋼筋混凝土造,,151.93,4,2,4,有,無,8960000,58975,,0.0,0,,RPPNMLTKNHHGFAT86CB,星光大道2,B棟11號
九如鄉,房地(土地+建物),屏東縣九如鄉光復街121巷,95.93,住,,,1110514,土地6建物1車位0,全,3,透天厝,見其他登記事項,鋼筋混凝土造,,151.93,4,2,4,有,無,8980000,59106,,0.0,0,,RPQNMLTKNHHGFAT96CB,星光大道,B棟1號
萬丹鄉,房地(土地+建物)+車位,屏東縣萬丹鄉萬丹路二段470號旁,21.84,,鄉村區,乙種建築用地,1110514,土地1建物1車位1,六層,7,華廈(10層含以下有電梯),住家用,鋼筋混凝土造,,97.43,3,2,2,有,無,5910000,57481,坡道平面,13.75,1100000,,RPPNMLNLNHHGFAT98CB,萬丹印象,G棟3號
屏東市,房地(土地+建物)+車位,屏東縣屏東市古松巷,22.48,,鄉村區,乙種建築用地,1110520,土地1建物1車位1,五層,7,華廈(10層含以下有電梯),住家用,鋼筋混凝土造,,98.58,3,2,2,有,無,7850000,77213,坡道平面,13.75,1300000,,RPQNMLOLNHHGFAT56CB,屏東印象,B1棟05F號
屏東市,房地(土地+建物),屏東縣屏東市瑞中街瑞華街口J20棟3樓,28.68,住,,,1110517,土地4建物1車位0,三層,5,華廈(10層含以下有電梯),住家用,鋼筋混凝土造,,90.64,2,2,2,有,無,7780000,85834,,0.0,0,,RPPNMLQLNHHGFAT66CB,甲山林花園帝寶,J棟20號
屏東市,房地(土地+建物)+車位,屏東縣屏東市瑞中街瑞華街口D6棟,73.06,住,,,1110511,土地4建物1車位2,全,2,透天厝,住家用,鋼筋混凝土造,,271.21,0,0,0,無,無,25740000,91348,坡道平面,33.22,4000000,,RPQNMLQLNHHGFAT76CB,甲山林花園帝寶,D棟6號
屏東市,房地(土地+建物)+車位,屏東縣屏東市和平路,27.98,住,,,1110514,土地1建物1車位1,五層,5,華廈(10層含以下有電梯),見其他登記事項,鋼筋混凝土造,,95.93,2,2,1,有,無,7800000,76705,一樓平面,11.19,1300000,,RPUNMLQLNHHGFAT17CB,長億君品,A2棟5樓號
九如鄉,房地(土地+建物),屏東縣九如鄉光復街121巷,95.93,住,,,1110521,土地6建物1車位0,全,3,透天厝,見其他登記事項,鋼筋混凝土造,,151.93,4,2,4,有,無,8980000,59106,,0.0,0,,RPPNMLRLNHHGFAT76CB,星光大道,B棟2號
九如鄉,房地(土地+建物),屏東縣九如鄉光復街121巷,95.93,住,,,1110521,土地6建物1車位0,全,3,透天厝,見其他登記事項,鋼筋混凝土造,,151.93,4,2,4,有,無,9000000,59238,,0.0,0,,RPQNMLRLNHHGFAT86CB,星光大道2,B棟18號
屏東市,房地(土地+建物)+車位,屏東縣屏東市民生東路11巷,27.56,,一般農業區,甲種建築用地,1110512,土地2建物1車位1,十二層,15,住宅大樓(11層含以上有電梯),住家用,鋼筋混凝土造,,147.86,3,2,2,有,無,9950000,71570,坡道平面,27.0,1300000,,RPPNMLKMNHHGFAT78CB,中洲向山學,A棟2號
潮州鎮,房地(土地+建物),屏東縣潮州鎮復興路,127.28,,一般農業區,甲種建築用地,1110528,土地2建物1車位0,全,3,透天厝,住家用,鋼筋混凝土造,,140.43,4,2,3,有,無,10420000,74201,,0.0,0,,RPQNMLKMNHHGFCT09CB,潮。中洲2,D棟15號
萬丹鄉,房地(土地+建物)+車位,屏東縣萬丹鄉萬丹路二段470號旁,21.83,,鄉村區,乙種建築用地,1110531,土地1建物1車位1,七層,7,華廈(10層含以下有電梯),住家用,鋼筋混凝土造,,97.43,3,2,2,有,無,5960000,58078,坡道平面,13.75,1100000,,RPPNMLLJOHHGFAT68CB,萬丹印象,H棟5號
萬丹鄉,房地(土地+建物)+車位,屏東縣萬丹鄉萬丹路二段470號旁,21.83,,鄉村區,乙種建築用地,1110531,土地1建物1車位1,七層,7,華廈(10層含以下有電梯),住家用,鋼筋混凝土造,,97.43,3,2,2,有,無,5960000,58078,坡道平面,13.75,1100000,,RPQNMLLJOHHGFAT78CB,萬丹印象,H棟3號
萬丹鄉,房地(土地+建物)+車位,屏東縣萬丹鄉萬丹路二段470號旁,23.12,,鄉村區,乙種建築用地,1110531,土地1建物1車位1,五層,7,華廈(10層含以下有電梯),住家用,鋼筋混凝土造,,102.35,3,2,2,有,無,6200000,57562,坡道平面,13.75,1100000,,RPRNMLLJOHHGFAT88CB,萬丹印象,I棟5號
長治鄉,房地(土地+建物)+車位,屏東縣長治鄉香楊路,37.83,,一般農業區,甲種建築用地,1110515,土地1建物1車位1,二層,6,華廈(10層含以下有電梯),見其他登記事項,鋼筋混凝土造,,111.16,3,2,2,有,無,6900000,63731,一樓平面,16.23,850000,,RPPNMLMJOHHGFAT78CB,陽光5,A棟2號
長治鄉,房地(土地+建物)+車位,屏東縣長治鄉香楊路,39.98,,一般農業區,甲種建築用地,1110511,土地1建物1車位1,四層,6,華廈(10層含以下有電梯),見其他登記事項,鋼筋混凝土造,,116.55,3,2,2,有,無,7760000,65889,一樓平面,16.23,1150000,,RPQNMLMJOHHGFAT88CB,陽光5,A棟8號
長治鄉,房地(土地+建物)+車位,屏東縣長治鄉香楊路,39.98,,一般農業區,甲種建築用地,1110521,土地1建物1車位1,六層,6,華廈(10層含以下有電梯),見其他登記事項,鋼筋混凝土造,,116.55,3,2,2,有,無,7850000,66786,一樓平面,16.23,1150000,,RPRNMLMJOHHGFAT98CB,陽光5,A棟8號
萬丹鄉,房地(土地+建物)+車位,屏東縣萬丹鄉萬丹路二段470號旁,29.16,,鄉村區,乙種建築用地,1110603,土地1建物1車位1,七層,7,華廈(10層含以下有電梯),住家用,鋼筋混凝土造,,125.5,3,2,2,有,無,7600000,58166,坡道平面,13.75,1100000,,RPPNMLOJOHHGFAT98CB,萬丹印象,I棟1號
長治鄉,房地(土地+建物)+車位,屏東縣長治鄉瑞源路,35.26,住,,,1110520,土地1建物1車位1,二層,5,華廈(10層含以下有電梯),住家用,鋼筋混凝土造,,107.3,3,1,2,有,無,8050000,74143,一樓平面,16.26,1300000,,RPPNMLPJOHHGFAT09CB,幸福律,B棟3號
竹田鄉,房地(土地+建物),屏東縣竹田鄉西勢村龍門路,151.67,,鄉村區,乙種建築用地,1110515,土地5建物1車位0,全,3,透天厝,住家用,鋼筋混凝土造,,152.07,4,2,3,有,無,9600000,63129,,0.0,0,,RPPNMLSJOHHGFCT96CB,欣禾苑,A棟1號
東港鎮,房地(土地+建物)+車位,屏東縣東港鎮長春一路,30.96,住,,,1110512,土地1建物1車位1,五層,6,華廈(10層含以下有電梯),住家用,鋼筋混凝土造,,101.37,2,2,2,有,無,7850000,77439,,0.0,1450000,,RPPNMLSJOHHGFDT07CB,長春YES華廈,B3棟5F號
萬丹鄉,房地(土地+建物)+車位,屏東縣萬丹鄉萬丹路二段470號旁,21.84,,鄉村區,乙種建築用地,1110607,土地1建物1車位1,二層,7,華廈(10層含以下有電梯),住家用,鋼筋混凝土造,,97.43,3,2,2,有,無,6000000,58556,坡道平面,13.75,1100000,,RPPNMLTJOHHGFAT86CB,萬丹印象,G棟3號
麟洛鄉,房地(土地+建物),屏東縣麟洛鄉中正路,30.79,,一般農業區,甲種建築用地,1110520,土地2建物1車位0,五層,7,華廈(10層含以下有電梯),住家用,鋼筋混凝土造,,77.03,2,1,1,有,無,4800000,62313,,0.0,0,,RPQNMLKKOHHGFAT78CB,植墅,B2-5F號
麟洛鄉,房地(土地+建物),屏東縣麟洛鄉中正路,30.79,,一般農業區,甲種建築用地,1110527,土地2建物1車位0,四層,7,華廈(10層含以下有電梯),住家用,鋼筋混凝土造,,77.39,2,1,1,有,無,4700000,60731,,0.0,0,,RPRNMLKKOHHGFAT88CB,植墅,A2-4F號
萬丹鄉,房地(土地+建物)+車位,屏東縣萬丹鄉萬丹路二段470號旁,21.84,,鄉村區,乙種建築用地,1110610,土地1建物1車位1,七層,7,華廈(10層含以下有電梯),住家用,鋼筋混凝土造,,97.43,3,2,2,有,無,5910000,57481,坡道平面,13.75,1100000,,RPSNMLKKOHHGFAT98CB,萬丹印象,I棟3號
萬丹鄉,房地(土地+建物)+車位,屏東縣萬丹鄉萬丹路二段470號旁,22.31,,鄉村區,乙種建築用地,1110610,土地1建物1車位1,七層,7,華廈(10層含以下有電梯),住家用,鋼筋混凝土造,,99.25,3,2,2,有,無,6060000,58012,坡道平面,13.75,1100000,,RPTNMLKKOHHGFAT09CB,萬丹印象,H棟2號
萬丹鄉,房地(土地+建物)+車位,屏東縣萬丹鄉萬丹路二段470號旁,21.84,,鄉村區,乙種建築用地,1110610,土地1建物1車位1,七層,7,華廈(10層含以下有電梯),住家用,鋼筋混凝土造,,97.43,3,2,2,有,無,5910000,57481,坡道平面,13.75,1100000,,RPUNMLKKOHHGFAT56CB,萬丹印象,G棟3號
東港鎮,房地(土地+建物)+車位,屏東縣東港鎮三隆段621地號,32.63,,鄉村區,乙種建築用地,1110521,土地1建物1車位1,三層,6,華廈(10層含以下有電梯),住家用,鋼筋混凝土造,,125.0,3,1,2,有,無,6160000,49280,,0.0,800000,,RPQNMLLKOHHGFDT56CB,天匯,B5棟0號
潮州鎮,房地(土地+建物)+車位,屏東縣潮州鎮潮中段238地號,30.49,住,,,1110519,土地1建物1車位1,五層,5,華廈(10層含以下有電梯),見其他登記事項,鋼筋混凝土造,,102.62,2,1,2,有,無,5750000,56032,一樓平面,0.0,1250000,,RPPNMLMKOHHGFCT09CB,皇家典藏六期,A8棟5F號
潮州鎮,房地(土地+建物)+車位,屏東縣潮州鎮潮中段238-9地號,25.45,住,,,1110522,土地1建物1車位1,五層,5,華廈(10層含以下有電梯),見其他登記事項,鋼筋混凝土造,,80.88,2,1,2,有,無,5100000,63056,一樓平面,0.0,1150000,,RPQNMLMKOHHGFCT56CB,皇家典藏六期,D1棟5F號
內埔鄉,房地(土地+建物),屏東縣內埔鄉德美路,113.22,住,,,1110524,土地1建物1車位0,全,4,透天厝,住家用,鋼筋混凝土造,,206.86,4,3,3,有,無,16478000,79658,,0.0,0,,RPPNMLNKOHHGFCT56CB,成聚大悅,A棟1號
內埔鄉,房地(土地+建物),屏東縣內埔鄉德美路,113.22,住,,,1110612,土地1建物1車位0,全,3,透天厝,住家用,鋼筋混凝土造,,187.3,5,2,4,有,無,15900000,84891,,0.0,0,,RPQNMLNKOHHGFCT66CB,成聚大悅,A棟6號
內埔鄉,房地(土地+建物)+車位,屏東縣內埔鄉德美路,47.7,住,,,1110601,土地1建物1車位1,四層,5,華廈(10層含以下有電梯),住家用,鋼筋混凝土造,,125.64,3,2,2,有,無,6580000,53599,一樓平面,14.07,600000,,RPRNMLNKOHHGFCT76CB,成聚大悅,A棟3號
東港鎮,房地(土地+建物)+車位,屏東縣東港鎮新義段7-10地號B7/4F,23.25,住,,,1110602,土地1建物1車位1,四層,11,住宅大樓(11層含以上有電梯),住家用,鋼筋混凝土造,,104.37,2,2,2,有,無,7890000,75596,,0.0,800000,,RPPNMLNKOHHGFDT66CB,NEW CITY,B7棟4F號
屏東市,房地(土地+建物)+車位,屏東縣屏東市瑞中街瑞華街口C6棟,73.06,住,,,1110528,土地4建物1車位2,全,2,透天厝,住家用,鋼筋混凝土造,,271.21,0,0,0,無,無,25740000,91348,坡道平面,33.22,4000000,,RPPNMLNKOHHGFAT98CB,甲山林花園帝寶,C棟6號
屏東市,房地(土地+建物),屏東縣屏東市瑞中街瑞華街口J8棟1樓,18.9,住,,,1110607,土地4建物1車位0,一層,5,華廈(10層含以下有電梯),住家用,鋼筋混凝土造,,59.74,1,1,1,有,無,6330000,105959,,0.0,0,,RPQNMLNKOHHGFAT09CB,甲山林花園帝寶,J棟8號
屏東市,房地(土地+建物),屏東縣屏東市瑞中街瑞華街口J10棟4樓,28.01,住,,,1110607,土地4建物1車位0,四層,5,華廈(10層含以下有電梯),住家用,鋼筋混凝土造,,88.25,3,2,1,有,無,7680000,87025,,0.0,0,,RPRNMLNKOHHGFAT56CB,甲山林花園帝寶,J棟10號
屏東市,房地(土地+建物),屏東縣屏東市瑞中街瑞華街口H6棟2樓,27.84,住,,,1110603,土地4建物1車位0,二層,5,華廈(10層含以下有電梯),住家用,鋼筋混凝土造,,87.94,2,2,2,有,無,7840000,89152,,0.0,0,,RPSNMLNKOHHGFAT66CB,甲山林花園帝寶,H棟6號
屏東市,房地(土地+建物),屏東縣屏東市瑞中街瑞華街口I12棟3樓,26.83,住,,,1110528,土地4建物1車位0,三層,5,華廈(10層含以下有電梯),住家用,鋼筋混凝土造,,84.64,2,2,2,有,無,7520000,88847,,0.0,0,,RPTNMLNKOHHGFAT76CB,甲山林花園帝寶,I棟12號
屏東市,房地(土地+建物)+車位,屏東縣屏東市古松巷,26.12,,鄉村區,乙種建築用地,1110609,土地1建物1車位1,六層,7,華廈(10層含以下有電梯),住家用,鋼筋混凝土造,,112.34,3,2,2,有,無,8880000,76884,一樓平面,13.75,1300000,,RPUNMLNKOHHGFAT86CB,屏東印象,A2棟06F號
屏東市,房地(土地+建物)+車位,屏東縣屏東市古松巷,27.1,,鄉村區,乙種建築用地,1110612,土地1建物1車位1,七層,7,華廈(10層含以下有電梯),住家用,鋼筋混凝土造,,116.03,3,2,2,有,無,9100000,76261,坡道平面,13.75,1300000,,RPVNMLNKOHHGFAT96CB,屏東印象,E3棟07F號
屏東市,房地(土地+建物)+車位,屏東縣屏東市古松巷,22.48,,鄉村區,乙種建築用地,1110614,土地1建物1車位1,五層,7,華廈(10層含以下有電梯),住家用,鋼筋混凝土造,,98.58,3,2,2,有,無,7850000,77213,坡道平面,13.75,1300000,,RPPNMLPKOHHGFAT56CB,屏東印象,A5棟05F號
屏東市,房地(土地+建物)+車位,屏東縣屏東市公正四街,23.57,住,,,1110521,土地1建物1車位1,三層,13,住宅大樓(11層含以上有電梯),住家用,鋼筋混凝土造,,123.1,2,2,2,有,無,8100000,74324,坡道平面,29.59,1150000,,RPQNMLPKOHHGFAT66CB,閱山,2棟B3-3F號
九如鄉,房地(土地+建物),屏東縣九如鄉光復街121巷,95.93,住,,,1110611,土地6建物1車位0,全,3,透天厝,見其他登記事項,鋼筋混凝土造,,151.93,4,2,4,有,無,9000000,59238,,0.0,0,,RPPNMLQKOHHGFAT66CB,星光大道2,B棟6號
里港鄉,房地(土地+建物)+車位,屏東縣里港鄉鐵店路21之20號旁,41.24,住,,,1110527,土地1建物1車位1,二層,7,華廈(10層含以下有電梯),住家用,鋼筋混凝土造,,122.28,3,2,2,有,無,5500000,44979,一樓平面,0.0,0,,RPPNMLQKOHHGFBT76CB,里港棧,B1棟2號
里港鄉,房地(土地+建物)+車位,屏東縣里港鄉鐵店路21之20號旁,41.24,住,,,1110603,土地1建物1車位1,二層,7,華廈(10層含以下有電梯),住家用,鋼筋混凝土造,,122.28,3,2,2,有,無,5200000,42525,一樓平面,0.0,0,,RPQNMLQKOHHGFBT86CB,里港棧,A1棟2號
長治鄉,房地(土地+建物)+車位,屏東縣長治鄉崑崙路19巷,21.9,商,,,1110606,土地2建物1車位1,二層,7,華廈(10層含以下有電梯),見其他登記事項,鋼筋混凝土造,,111.73,3,2,2,有,無,7320000,60083,一樓平面,13.2,1400000,,RPPNMLSKOHHGFAT86CB,天闊NO.10琚,A2棟2F號
屏東市,房地(土地+建物)+車位,屏東縣屏東市公正四街,23.57,住,,,1110616,土地1建物1車位1,四層,13,住宅大樓(11層含以上有電梯),住家用,鋼筋混凝土造,,123.1,2,2,2,有,無,8320000,76676,坡道平面,29.59,1150000,,RPPNMLKLOHHGFAT78CB,閱山,2棟B3-4F號
東港鎮,房地(土地+建物)+車位,屏東縣東港鎮水源二街120巷,40.35,住,,,1110529,土地1建物1車位1,三層,5,華廈(10層含以下有電梯),見其他登記事項,鋼筋混凝土造,,131.11,3,2,2,有,無,8050000,61399,,0.0,1150000,,RPPNMLKLOHHGFDT09CB,夢世代二期,A3棟3F號
東港鎮,房地(土地+建物),屏東縣東港鎮興東路&興東三街,26.56,住,,,1110529,土地1建物1車位0,五層,8,華廈(10層含以下有電梯),住家用,鋼筋混凝土造,,78.13,2,2,1,有,無,5080000,65020,,0.0,0,,RPQNMLKLOHHGFDT56CB,青禾寓,E棟3號
東港鎮,房地(土地+建物)+車位,屏東縣東港鎮水源二街120巷,36.89,住,,,1110529,土地1建物1車位1,四層,5,華廈(10層含以下有電梯),見其他登記事項,鋼筋混凝土造,,121.03,3,2,2,有,無,7550000,62381,,0.0,1150000,,RPRNMLKLOHHGFDT66CB,夢世代二期,A5棟4F號
東港鎮,房地(土地+建物)+車位,屏東縣東港鎮水源二街120巷,40.35,住,,,1110531,土地1建物1車位1,五層,5,華廈(10層含以下有電梯),見其他登記事項,鋼筋混凝土造,,131.11,3,2,2,有,無,8060000,61475,,0.0,1150000,,RPSNMLKLOHHGFDT76CB,夢世代二期,A3棟5F號
東港鎮,房地(土地+建物)+車位,屏東縣東港鎮水源二街120巷,39.22,住,,,1110531,土地1建物1車位1,五層,5,華廈(10層含以下有電梯),見其他登記事項,鋼筋混凝土造,,127.82,3,2,2,有,無,7920000,61962,,0.0,1150000,,RPTNMLKLOHHGFDT86CB,夢世代二期,A6棟5F號
東港鎮,房地(土地+建物)+車位,屏東縣東港鎮水源二街120巷,40.35,住,,,1110601,土地1建物1車位1,二層,5,華廈(10層含以下有電梯),見其他登記事項,鋼筋混凝土造,,131.11,3,2,2,有,無,8390000,63992,,0.0,1150000,,RPUNMLKLOHHGFDT96CB,夢世代二期,A3棟2F號
東港鎮,房地(土地+建物)+車位,屏東縣東港鎮水源二街120巷,36.89,住,,,1110601,土地1建物1車位1,五層,5,華廈(10層含以下有電梯),見其他登記事項,鋼筋混凝土造,,121.03,3,2,2,有,無,7500000,61968,,0.0,1150000,,RPVNMLKLOHHGFDT07CB,夢世代二期,A5棟5F號
內埔鄉,房地(土地+建物),屏東縣內埔鄉東寧村新興路,130.0,住,,,1110606,土地1建物1車位0,全,3,透天厝,住家用,鋼筋混凝土造,,137.4,4,2,3,有,無,8860000,64483,,0.0,0,,RPPNMLKLOHHGFCT98CB,十里境,A棟3號
東港鎮,房地(土地+建物)+車位,屏東縣東港鎮水源二街120巷,39.22,住,,,1110611,土地1建物1車位1,三層,5,華廈(10層含以下有電梯),見其他登記事項,鋼筋混凝土造,,127.82,3,2,2,有,無,7800000,61023,,0.0,1150000,,RPPNMLLLOHHGFDT56CB,夢世代二期,A6棟3F號
東港鎮,房地(土地+建物),屏東縣東港鎮興東路,95.08,住,,,1110603,土地1建物1車位0,全,3,透天厝,見其他登記事項,鋼筋混凝土造,,189.31,5,2,4,有,無,11800000,62332,,0.0,0,,RPQNMLLLOHHGFDT66CB,波麗市,D棟7號
東港鎮,房地(土地+建物),屏東縣東港鎮興東路,88.6,住,,,1110531,土地1建物1車位0,全,3,透天厝,見其他登記事項,鋼筋混凝土造,,186.61,5,2,4,有,無,11500000,61626,,0.0,0,,RPRNMLLLOHHGFDT76CB,波麗市,D棟5號
東港鎮,房地(土地+建物),屏東縣東港鎮興東路,95.08,住,,,1110603,土地1建物1車位0,全,3,透天厝,見其他登記事項,鋼筋混凝土造,,189.31,5,2,4,有,無,11800000,62332,,0.0,0,,RPSNMLLLOHHGFDT86CB,波麗市,D棟7號
東港鎮,房地(土地+建物),屏東縣東港鎮興東路,88.6,住,,,1110531,土地1建物1車位0,全,3,透天厝,見其他登記事項,鋼筋混凝土造,,186.61,5,2,4,有,無,11500000,61626,,0.0,0,,RPTNMLLLOHHGFDT96CB,波麗市,D棟5號
東港鎮,房地(土地+建物)+車位,屏東縣東港鎮水源二街120巷,39.22,住,,,1110611,土地1建物1車位1,四層,5,華廈(10層含以下有電梯),見其他登記事項,鋼筋混凝土造,,127.82,3,2,2,有,無,7820000,61180,,0.0,1150000,,RPUNMLLLOHHGFDT07CB,夢世代二期,A6棟4F號
長治鄉,房地(土地+建物)+車位,屏東縣長治鄉香楊路,28.0,,一般農業區,甲種建築用地,1110524,土地1建物1車位1,三層,6,華廈(10層含以下有電梯),見其他登記事項,鋼筋混凝土造,,86.5,2,2,1,有,無,5670000,64323,一樓平面,16.23,1150000,,RPPNMLMLOHHGFAT98CB,陽光5,A棟3號
長治鄉,房地(土地+建物)+車位,屏東縣長治鄉香楊路,37.83,,一般農業區,甲種建築用地,1110528,土地1建物1車位1,五層,6,華廈(10層含以下有電梯),見其他登記事項,鋼筋混凝土造,,111.16,3,2,2,有,無,7460000,66470,一樓平面,16.23,1150000,,RPQNMLMLOHHGFAT09CB,陽光5,A棟2號
長治鄉,房地(土地+建物),屏東縣長治鄉香楊路,28.0,,一般農業區,甲種建築用地,1110607,土地1建物1車位0,三層,6,華廈(10層含以下有電梯),見其他登記事項,鋼筋混凝土造,,70.27,2,2,1,有,無,4530000,64466,,0.0,0,,RPQNMLNLOHHGFAT56CB,陽光5,A棟5號
長治鄉,房地(土地+建物),屏東縣長治鄉香楊路,32.8,,一般農業區,甲種建築用地,1110531,土地1建物1車位0,五層,6,華廈(10層含以下有電梯),見其他登記事項,鋼筋混凝土造,,82.3,2,2,1,有,無,5420000,65857,,0.0,0,,RPRNMLNLOHHGFAT66CB,陽光5,A棟6號
長治鄉,房地(土地+建物),屏東縣長治鄉香楊路,28.0,,一般農業區,甲種建築用地,1110529,土地1建物1車位0,四層,6,華廈(10層含以下有電梯),見其他登記事項,鋼筋混凝土造,,70.27,2,2,1,有,無,4630000,65889,,0.0,0,,RPSNMLNLOHHGFAT76CB,陽光5,A棟5號
屏東市,房地(土地+建物)+車位,屏東縣屏東市和生路一段,32.48,,鄉村區,乙種建築用地,1110527,土地2建物1車位1,五層,12,住宅大樓(11層含以上有電梯),住家用,鋼筋混凝土造,,137.39,3,2,2,有,無,10370000,82163,一樓平面,27.0,1300000,,RPUNMLNLOHHGFAT96CB,中洲One Park,A棟3號
屏東市,房地(土地+建物)+車位,屏東縣屏東市和生路一段,32.48,,鄉村區,乙種建築用地,1110529,土地2建物1車位1,二層,12,住宅大樓(11層含以上有電梯),住家用,鋼筋混凝土造,,137.39,3,2,2,有,無,11480000,92218,一樓平面,27.0,1300000,,RPVNMLNLOHHGFAT07CB,中洲One Park,B棟3號
東港鎮,房地(土地+建物)+車位,屏東縣東港鎮水源二街120巷,39.22,住,,,1110611,土地1建物1車位1,二層,5,華廈(10層含以下有電梯),見其他登記事項,鋼筋混凝土造,,127.82,3,2,2,有,無,7710000,60319,,0.0,1150000,,RPPNMLOLOHHGFDT86CB,夢世代二期,A6棟2F號
萬丹鄉,房地(土地+建物)+車位,屏東縣萬丹鄉萬丹路二段470號旁,28.4,,鄉村區,乙種建築用地,1110622,土地1建物1車位1,六層,6,華廈(10層含以下有電梯),住家用,鋼筋混凝土造,,122.57,3,2,2,有,無,7430000,58169,坡道平面,13.75,1100000,,RPPNMLPLOHHGFAT66CB,萬丹印象,F棟1號
屏東市,房地(土地+建物)+車位,屏東縣屏東市古松巷,22.48,,鄉村區,乙種建築用地,1110618,土地1建物1車位1,七層,7,華廈(10層含以下有電梯),住家用,鋼筋混凝土造,,98.58,3,2,2,有,無,7820000,76860,坡道平面,13.75,1300000,,RPQNMLPLOHHGFAT76CB,屏東印象,D3棟07F號
屏東市,房地(土地+建物)+車位,屏東縣屏東市和生路一段,24.31,,鄉村區,乙種建築用地,1110601,土地2建物1車位1,二層,12,住宅大樓(11層含以上有電梯),住家用,鋼筋混凝土造,,109.8,2,2,1,有,無,9430000,98188,一樓平面,27.0,1300000,,RPPNMLRLOHHGFAT86CB,中洲One Park,B棟2號
屏東市,房地(土地+建物)+車位,屏東縣屏東市和生路一段,32.48,,鄉村區,乙種建築用地,1110605,土地2建物1車位1,六層,12,住宅大樓(11層含以上有電梯),住家用,鋼筋混凝土造,,137.39,3,2,2,有,無,10250000,81076,一樓平面,27.0,1300000,,RPQNMLRLOHHGFAT96CB,中洲One Park,B棟3號
東港鎮,房地(土地+建物)+車位,屏東縣東港鎮長春一路,30.96,住,,,1110530,土地1建物1車位1,三層,6,華廈(10層含以下有電梯),住家用,鋼筋混凝土造,,101.37,2,2,2,有,無,7750000,76453,,0.0,1450000,,RPPNMLRLOHHGFDT17CB,長春YES華廈,B3棟3F號
東港鎮,房地(土地+建物),屏東縣東港鎮長春一路,24.95,住,,,1110611,土地1建物1車位0,四層,6,華廈(10層含以下有電梯),住家用,鋼筋混凝土造,,68.94,2,2,2,有,無,4950000,71802,,0.0,0,,RPQNMLRLOHHGFDT27CB,長春YES華廈,B5棟4F號
東港鎮,房地(土地+建物),屏東縣東港鎮長春一路,24.95,住,,,1110618,土地1建物1車位0,三層,6,華廈(10層含以下有電梯),住家用,鋼筋混凝土造,,68.94,2,2,2,有,無,4950000,71802,,0.0,0,,RPRNMLRLOHHGFDT37CB,長春YES華廈,B5棟3F號
東港鎮,房地(土地+建物),屏東縣東港鎮長春一路,24.94,住,,,1110618,土地1建物1車位0,五層,6,華廈(10層含以下有電梯),住家用,鋼筋混凝土造,,68.9,2,2,2,有,無,4980000,72279,,0.0,0,,RPSNMLRLOHHGFDT47CB,長春YES華廈,B7棟5F號
內埔鄉,房地(土地+建物),屏東縣內埔鄉學文路3A5,21.2,住,,,1110612,土地1建物1車位0,三層,8,華廈(10層含以下有電梯),住家用,鋼筋混凝土造,,87.57,2,2,2,有,無,6080000,69430,,0.0,0,,RPQNMLTLOHHGFCT37CB,NEW BOSS,A棟5號
內埔鄉,房地(土地+建物)+車位,屏東縣內埔鄉學文路4A1,30.68,住,,,1110612,土地1建物1車位1,四層,8,華廈(10層含以下有電梯),住家用,鋼筋混凝土造,,145.68,3,2,2,有,無,9000000,62757,坡道平面,19.0,1050000,,RPRNMLTLOHHGFCT47CB,NEW BOSS,A棟1號
九如鄉,房地(土地+建物),屏東縣九如鄉光復街121巷,95.93,住,,,1110625,土地6建物1車位0,全,3,透天厝,見其他登記事項,鋼筋混凝土造,,151.93,4,2,4,有,無,9000000,59238,,0.0,0,,RPPNMLTLOHHGFAT07CB,星光大道2,B棟5號
萬丹鄉,房地(土地+建物)+車位,屏東縣萬丹鄉萬丹路二段470號旁,21.83,,鄉村區,乙種建築用地,1110629,土地1建物1車位1,三層,7,華廈(10層含以下有電梯),住家用,鋼筋混凝土造,,97.43,3,2,2,有,無,5910000,57481,坡道平面,13.75,1100000,,RPQNMLTLOHHGFAT17CB,萬丹印象,H棟3號
屏東市,房地(土地+建物)+車位,屏東縣屏東市和生路一段,32.48,,鄉村區,乙種建築用地,1110607,土地2建物1車位1,七層,12,住宅大樓(11層含以上有電梯),住家用,鋼筋混凝土造,,137.39,3,2,2,有,無,10300000,81529,坡道平面,27.0,1300000,,RPPNMLKMOHHGFAT88CB,中洲One Park,B棟1號
屏東市,房地(土地+建物)+車位,屏東縣屏東市和生路一段,32.48,,鄉村區,乙種建築用地,1110612,土地2建物1車位1,九層,12,住宅大樓(11層含以上有電梯),住家用,鋼筋混凝土造,,137.39,3,2,2,有,無,11380000,91313,一樓平面,27.0,1300000,,RPQNMLKMOHHGFAT98CB,中洲One Park,A棟3號
里港鄉,房地(土地+建物),屏東縣里港鄉永豐路一段,88.35,住,,,1110629,土地1建物1車位0,全,3,透天厝,見其他登記事項,鋼筋混凝土造,,181.02,4,2,5,有,無,8900000,49166,,0.0,0,,RPPNMLKMOHHGFBT98CB,永豐馥,B棟6號
東港鎮,房地(土地+建物)+車位,屏東縣東港鎮水源二街120巷,40.51,住,,,1110611,土地1建物1車位1,三層,5,華廈(10層含以下有電梯),見其他登記事項,鋼筋混凝土造,,131.58,3,2,2,有,無,8050000,61180,,0.0,1150000,,RPPNMLLJPHHGFDT09CB,夢世代二期,A1棟3F號
東港鎮,房地(土地+建物)+車位,屏東縣東港鎮水源二街120巷,40.51,住,,,1110614,土地1建物1車位1,五層,5,華廈(10層含以下有電梯),見其他登記事項,鋼筋混凝土造,,131.58,3,2,2,有,無,8950000,68019,,0.0,1150000,,RPQNMLLJPHHGFDT56CB,夢世代二期,A1棟5F號
東港鎮,房地(土地+建物)+車位,屏東縣東港鎮水源二街120巷,36.89,住,,,1110614,土地1建物1車位1,三層,5,華廈(10層含以下有電梯),見其他登記事項,鋼筋混凝土造,,121.03,3,2,2,有,無,7750000,64034,,0.0,1150000,,RPRNMLLJPHHGFDT66CB,夢世代二期,A5棟3F號
東港鎮,房地(土地+建物)+車位,屏東縣東港鎮水源二街120巷,40.51,住,,,1110614,土地1建物1車位1,四層,5,華廈(10層含以下有電梯),見其他登記事項,鋼筋混凝土造,,131.58,3,2,2,有,無,8830000,67107,,0.0,1150000,,RPSNMLLJPHHGFDT76CB,夢世代二期,A1棟4F號
屏東市,房地(土地+建物),屏東縣屏東市和生路一段,32.48,,鄉村區,乙種建築用地,1110602,土地2建物1車位0,二層,12,住宅大樓(11層含以上有電梯),住家用,鋼筋混凝土造,,110.39,3,2,2,有,無,9930000,89954,,0.0,0,,RPRNMLLJPHHGFAT98CB,中洲One Park,B棟1號
屏東市,房地(土地+建物),屏東縣屏東市和生路一段,24.33,,鄉村區,乙種建築用地,1110604,土地2建物1車位0,九層,12,住宅大樓(11層含以上有電梯),住家用,鋼筋混凝土造,,82.8,2,2,1,有,無,7210000,87077,,0.0,0,,RPSNMLLJPHHGFAT09CB,中洲One Park,B棟2號
長治鄉,房地(土地+建物),屏東縣長治鄉中興路720之2號,22.76,,鄉村區,乙種建築用地,1110619,土地1建物1車位0,二層,5,華廈(10層含以下有電梯),住家用,鋼筋混凝土造,,68.6,2,2,2,有,無,5000000,72886,,0.0,0,,RPTNMLLJPHHGFAT56CB,一起悠活,1棟C2號
屏東市,房地(土地+建物)+車位,屏東縣屏東市瑞中街瑞華街口C3棟,73.06,住,,,1110621,土地4建物1車位2,全,2,透天厝,住家用,鋼筋混凝土造,,271.21,0,0,0,無,無,25740000,91348,坡道平面,33.22,4000000,,RPPNMLOJPHHGFAT09CB,甲山林花園帝寶,C棟3號
屏東市,房地(土地+建物),屏東縣屏東市瑞中街瑞華街口H7棟4樓,26.83,住,,,1110621,土地4建物1車位0,四層,5,華廈(10層含以下有電梯),住家用,鋼筋混凝土造,,84.64,2,2,2,有,無,7620000,90028,,0.0,0,,RPQNMLOJPHHGFAT56CB,甲山林花園帝寶,H棟7號
屏東市,房地(土地+建物),屏東縣屏東市瑞中街瑞華街口J16棟4樓,25.98,住,,,1110622,土地4建物1車位0,四層,5,華廈(10層含以下有電梯),住家用,鋼筋混凝土造,,81.86,2,2,1,有,無,7120000,86978,,0.0,0,,RPRNMLOJPHHGFAT66CB,甲山林花園帝寶,J棟16號
屏東市,房地(土地+建物),屏東縣屏東市瑞中街瑞華街口G12棟2樓,26.83,住,,,1110621,土地4建物1車位0,二層,5,華廈(10層含以下有電梯),住家用,鋼筋混凝土造,,84.64,2,2,2,有,無,7410000,87547,,0.0,0,,RPSNMLOJPHHGFAT76CB,甲山林花園帝寶,G棟12號
屏東市,房地(土地+建物),屏東縣屏東市瑞中街瑞華街口J13棟2樓,27.84,住,,,1110613,土地4建物1車位0,二層,5,華廈(10層含以下有電梯),住家用,鋼筋混凝土造,,87.94,2,2,2,有,無,7570000,86081,,0.0,0,,RPTNMLOJPHHGFAT86CB,甲山林花園帝寶,J棟13號
屏東市,房地(土地+建物),屏東縣屏東市瑞中街瑞華街口I20棟5樓,28.68,住,,,1110611,土地4建物1車位0,五層,5,華廈(10層含以下有電梯),住家用,鋼筋混凝土造,,90.65,2,2,2,有,無,7750000,85494,,0.0,0,,RPUNMLOJPHHGFAT96CB,甲山林花園帝寶,I棟20號
屏東市,房地(土地+建物),屏東縣屏東市瑞中街瑞華街口I20棟4樓,28.68,住,,,1110611,土地4建物1車位0,四層,5,華廈(10層含以下有電梯),住家用,鋼筋混凝土造,,90.65,2,2,2,有,無,7750000,85494,,0.0,0,,RPVNMLOJPHHGFAT07CB,甲山林花園帝寶,I棟20號
屏東市,房地(土地+建物),屏東縣屏東市瑞中街瑞華街口J5棟2樓,27.84,住,,,1110611,土地4建物1車位0,二層,5,華廈(10層含以下有電梯),住家用,鋼筋混凝土造,,87.94,2,2,2,有,無,7700000,87560,,0.0,0,,RPWNMLOJPHHGFAT17CB,甲山林花園帝寶,J棟5號
九如鄉,房地(土地+建物),屏東縣九如鄉光復街121巷,95.93,住,,,1110627,土地6建物1車位0,全,3,透天厝,見其他登記事項,鋼筋混凝土造,,151.93,4,2,4,有,無,9000000,59238,,0.0,0,,RPXNMLOJPHHGFAT27CB,星光大道2,B棟17號
屏東市,房地(土地+建物)+車位,屏東縣屏東市成功路、西樂街口,30.58,住,,,1110608,土地1建物1車位1,六層,13,住宅大樓(11層含以上有電梯),住家用,鋼筋混凝土造,,159.43,3,2,2,有,無,12900000,87593,坡道平面,27.0,1300000,,RPPNMLPJPHHGFAT56CB,種子聖殿,B棟1號
麟洛鄉,房地(土地+建物),屏東縣麟洛鄉中正路,30.79,,一般農業區,甲種建築用地,1110611,土地2建物1車位0,六層,7,華廈(10層含以下有電梯),住家用,鋼筋混凝土造,,77.39,2,1,1,有,無,5000000,64608,,0.0,0,,RPPNMLQJPHHGFAT66CB,植墅,A2-6F號
屏東市,房地(土地+建物)+車位,屏東縣屏東市公正四街,23.57,住,,,1110618,土地1建物1車位1,四層,13,住宅大樓(11層含以上有電梯),住家用,鋼筋混凝土造,,123.1,2,2,2,有,無,7950000,72719,坡道平面,29.59,1150000,,RPQNMLQJPHHGFAT76CB,閱山,2棟A3-4F號
東港鎮,房地(土地+建物)+車位,屏東縣東港鎮興東路,26.32,住,,,1110618,土地1建物1車位1,四層,8,華廈(10層含以下有電梯),見其他登記事項,鋼筋混凝土造,,87.99,2,2,2,有,無,5380000,61143,,0.0,500000,,RPPNMLQJPHHGFDT96CB,波麗市,F2棟4樓號
東港鎮,房地(土地+建物),屏東縣東港鎮興東路,97.65,住,,,1110626,土地1建物1車位0,全,4,透天厝,見其他登記事項,鋼筋混凝土造,,253.36,5,2,5,有,無,14000000,55257,,0.0,0,,RPQNMLQJPHHGFDT07CB,波麗市,B棟1號
東港鎮,房地(土地+建物),屏東縣東港鎮中正路二段,134.97,住,,,1110611,土地2建物1車位0,全,4,透天厝,見其他登記事項,鋼筋混凝土造,,245.52,5,2,4,有,無,14580000,59384,,0.0,0,,RPRNMLQJPHHGFDT17CB,波麗市,A棟1號
東港鎮,房地(土地+建物),屏東縣東港鎮興東路,99.81,住,,,1110626,土地1建物1車位0,全,4,透天厝,見其他登記事項,鋼筋混凝土造,,209.12,5,2,4,有,無,13000000,62165,,0.0,0,,RPSNMLQJPHHGFDT27CB,波麗市,D棟1號
里港鄉,房地(土地+建物)+車位,屏東縣里港鄉鐵店路21之20號旁,41.54,住,,,1110617,土地1建物1車位1,二層,7,華廈(10層含以下有電梯),住家用,鋼筋混凝土造,,122.94,3,2,2,有,無,5500000,44737,一樓平面,0.0,0,,RPPNMLRJPHHGFBT86CB,里港棧,B2棟2號
萬丹鄉,房地(土地+建物),屏東縣萬丹鄉萬新路1409巷,25.36,住,,,1110619,土地1建物1車位0,四層,6,華廈(10層含以下有電梯),住家用,鋼筋混凝土造,,72.83,2,1,2,有,無,4350000,59728,,0.0,0,,RPQNMLRJPHHGFAT86CB,皇家旺市-3期,B3棟4F號
屏東市,房地(土地+建物)+車位,屏東縣屏東市和生路一段,32.48,,鄉村區,乙種建築用地,1110614,土地2建物1車位1,四層,12,住宅大樓(11層含以上有電梯),住家用,鋼筋混凝土造,,137.39,3,2,2,有,無,9930000,78177,坡道平面,27.0,1300000,,RPPNMLSJPHHGFAT86CB,中洲One Park,B棟1號
屏東市,房地(土地+建物)+車位,屏東縣屏東市和生路一段,32.48,,鄉村區,乙種建築用地,1110614,土地2建物1車位1,四層,12,住宅大樓(11層含以上有電梯),住家用,鋼筋混凝土造,,137.39,3,2,2,有,無,9930000,78177,坡道平面,27.0,1300000,,RPQNMLSJPHHGFAT96CB,中洲One Park,B棟3號
東港鎮,房地(土地+建物),屏東縣東港鎮興東路&興東三街,92.36,住,,,1110616,土地1建物1車位0,全,4,透天厝,住家用,鋼筋混凝土造,,208.95,5,2,5,有,無,13000000,62216,,0.0,0,,RPPNMLKKPHHGFDT09CB,青禾寓,B棟11號
內埔鄉,房地(土地+建物)+車位,屏東縣內埔鄉德美路,47.7,住,,,1110619,土地1建物1車位1,三層,5,華廈(10層含以下有電梯),住家用,鋼筋混凝土造,,125.64,3,2,2,有,無,6500000,52882,一樓平面,14.07,600000,,RPPNMLLKPHHGFCT09CB,成聚大悅,A棟3號
屏東市,房地(土地+建物),屏東縣屏東市瑞中街瑞華街口I12棟2樓,26.83,住,,,1110625,土地4建物1車位0,二層,5,華廈(10層含以下有電梯),住家用,鋼筋混凝土造,,84.64,2,2,2,有,無,7290000,86129,,0.0,0,,RPPNMLLKPHHGFAT88CB,甲山林花園帝寶,I棟12號
屏東市,房地(土地+建物),屏東縣屏東市瑞中街瑞華街口G15棟4樓,27.84,住,,,1110625,土地4建物1車位0,四層,5,華廈(10層含以下有電梯),住家用,鋼筋混凝土造,,87.94,2,2,2,有,無,7780000,88469,,0.0,0,,RPQNMLLKPHHGFAT98CB,甲山林花園帝寶,G棟15號
屏東市,房地(土地+建物)+車位,屏東縣屏東市瑞中街瑞華街口G1棟5樓,61.25,住,,,1110628,土地4建物1車位1,五層,5,華廈(10層含以下有電梯),住家用,鋼筋混凝土造,,210.03,0,0,0,無,無,20660000,98025,坡道平面,16.61,1700000,,RPRNMLLKPHHGFAT09CB,甲山林花園帝寶,G棟1號
屏東市,房地(土地+建物),屏東縣屏東市瑞中街瑞華街口G13棟4樓,27.84,住,,,1110628,土地4建物1車位0,四層,5,華廈(10層含以下有電梯),住家用,鋼筋混凝土造,,87.94,2,2,2,有,無,7780000,88469,,0.0,0,,RPSNMLLKPHHGFAT56CB,甲山林花園帝寶,G棟13號
屏東市,房地(土地+建物),屏東縣屏東市瑞中街瑞華街口G7棟1樓,18.9,住,,,1110625,土地4建物1車位0,一層,5,華廈(10層含以下有電梯),住家用,鋼筋混凝土造,,59.87,0,0,0,無,無,6520000,108903,,0.0,0,,RPTNMLLKPHHGFAT66CB,甲山林花園帝寶,G棟7號
屏東市,房地(土地+建物)+車位,屏東縣屏東市 崇朝路183號旁,30.31,住,,,1110620,土地1建物1車位1,四層,5,華廈(10層含以下有電梯),住家用,鋼筋混凝土造,,91.4,2,2,2,有,無,7150000,74694,一樓平面,13.75,1350000,,RPPNMLMKPHHGFAT98CB,泓喬向陽,B棟8號
屏東市,房地(土地+建物)+車位,屏東縣屏東市 崇朝路183號旁,47.67,住,,,1110708,土地1建物1車位1,三層,5,華廈(10層含以下有電梯),住家用,鋼筋混凝土造,,143.14,3,2,2,有,無,10450000,73277,一樓平面,21.0,1500000,,RPQNMLMKPHHGFAT09CB,泓喬向陽,B棟1號
潮州鎮,房地(土地+建物)+車位,屏東縣潮州鎮潮中段238地號,30.49,住,,,1110701,土地1建物1車位1,五層,5,華廈(10層含以下有電梯),見其他登記事項,鋼筋混凝土造,,95.34,2,1,2,有,無,5500000,57688,一樓平面,0.0,1000000,,RPPNMLMKPHHGFCT56CB,皇家典藏六期,A7棟5F號
潮州鎮,房地(土地+建物)+車位,屏東縣潮州鎮潮中段238地號,30.49,住,,,1110618,土地1建物1車位1,三層,5,華廈(10層含以下有電梯),見其他登記事項,鋼筋混凝土造,,95.38,2,1,2,有,無,5380000,56406,一樓平面,0.0,950000,,RPQNMLMKPHHGFCT66CB,皇家典藏六期,A8棟3F號
潮州鎮,房地(土地+建物),屏東縣潮州鎮潮中段286地號,46.33,住,,,1110701,土地1建物1車位0,五層,5,華廈(10層含以下有電梯),見其他登記事項,鋼筋混凝土造,,100.25,3,2,2,有,無,6300000,62843,,0.0,0,,RPRNMLMKPHHGFCT76CB,皇家典藏六期,F1棟5F號
佳冬鄉,房地(土地+建物),屏東縣佳冬鄉石光段248、248-1、248-2、248-3、248-4、248-5、248-6、248-7、248-8,97.0,住,,,1110708,土地2建物1車位0,全,4,透天厝,住家用,鋼筋混凝土造,,167.31,4,1,3,有,無,6850000,40942,,0.0,0,,RPPNMLMKPHHGFFT96DB,振撼佳家,C棟8號
佳冬鄉,房地(土地+建物),屏東縣佳冬鄉石光段268、268-1、268-2、268-3、268-4、268-5、268-6、268-7、268-8、268-9、268-10、268-11、268-12,118.63,住,,,1110710,土地2建物1車位0,全,4,透天厝,住家用,鋼筋混凝土造,,197.26,4,1,3,有,無,8000000,40556,,0.0,0,,RPRNMLMKPHHGFFT17DB,振撼佳家,B棟9號
內埔鄉,房地(土地+建物)+車位,屏東縣內埔鄉學文路5A8,30.07,住,,,1110710,土地1建物1車位1,五層,8,華廈(10層含以下有電梯),住家用,鋼筋混凝土造,,143.19,3,2,2,有,無,9700000,70054,坡道平面,19.0,1000000,,RPPNMLNKPHHGFCT66CB,NEW BOSS,A棟8號
內埔鄉,房地(土地+建物),屏東縣內埔鄉學文路4B5,21.2,住,,,1110703,土地1建物1車位0,四層,8,華廈(10層含以下有電梯),住家用,鋼筋混凝土造,,87.57,2,2,2,有,無,6480000,73998,,0.0,0,,RPQNMLNKPHHGFCT76CB,NEW BOSS,B棟5號
內埔鄉,房地(土地+建物)+車位,屏東縣內埔鄉學文路4B2,20.07,住,,,1110707,土地1建物1車位1,四層,8,華廈(10層含以下有電梯),住家用,鋼筋混凝土造,,91.82,2,2,2,有,無,6650000,70635,坡道機械,9.0,800000,,RPSNMLNKPHHGFCT96CB,NEW BOSS,B棟2號
麟洛鄉,房地(土地+建物),屏東縣麟洛鄉中正路,121.15,,一般農業區,甲種建築用地,1110617,土地1建物1車位0,全,3,透天厝,住家用,鋼筋混凝土造,,190.34,5,1,4,有,無,15500000,81433,,0.0,0,,RPPNMLNKPHHGFAT09CB,植墅,A1號
屏東市,房地(土地+建物)+車位,屏東縣屏東市和生路一段,32.48,,鄉村區,乙種建築用地,1110620,土地2建物1車位1,三層,12,住宅大樓(11層含以上有電梯),住家用,鋼筋混凝土造,,137.39,3,2,2,有,無,9830000,77271,一樓平面,27.0,1300000,,RPQNMLNKPHHGFAT56CB,中洲One Park,B棟3號
麟洛鄉,房地(土地+建物),屏東縣麟洛鄉中正路,121.18,,一般農業區,甲種建築用地,1110617,土地1建物1車位0,全,3,透天厝,住家用,鋼筋混凝土造,,178.18,5,1,4,有,無,15300000,85868,,0.0,0,,RPRNMLNKPHHGFAT66CB,植墅,A2號
屏東市,房地(土地+建物)+車位,屏東縣屏東市成功路、西樂街口,30.58,住,,,1110617,土地1建物1車位1,二層,13,住宅大樓(11層含以上有電梯),住家用,鋼筋混凝土造,,159.43,3,2,2,有,無,9200000,60409,坡道平面,27.0,1200000,,RPSNMLNKPHHGFAT76CB,種子聖殿,B棟1號
屏東市,房地(土地+建物)+車位,屏東縣屏東市古松巷,21.79,,鄉村區,乙種建築用地,1110620,土地1建物1車位1,五層,7,華廈(10層含以下有電梯),住家用,鋼筋混凝土造,,96.01,3,2,2,有,無,7680000,77559,坡道平面,13.75,1300000,,RPTNMLNKPHHGFAT86CB,屏東印象,B2棟05F號
屏東市,房地(土地+建物)+車位,屏東縣屏東市古松巷,26.12,,鄉村區,乙種建築用地,1110628,土地1建物1車位1,三層,7,華廈(10層含以下有電梯),住家用,鋼筋混凝土造,,112.34,3,2,2,有,無,8820000,76275,坡道平面,13.75,1300000,,RPUNMLNKPHHGFAT96CB,屏東印象,A2棟03F號
里港鄉,房地(土地+建物),屏東縣里港鄉永豐路一段,170.24,住,,,1110713,土地1建物1車位0,全,3,透天厝,見其他登記事項,鋼筋混凝土造,,225.21,4,2,5,有,無,13780000,61187,,0.0,0,,RPPNMLPKPHHGFBT76CB,永豐馥,A棟1號
里港鄉,房地(土地+建物),屏東縣里港鄉永豐路一段,91.18,住,,,1110713,土地1建物1車位0,全,3,透天厝,見其他登記事項,鋼筋混凝土造,,207.04,4,1,5,有,無,12380000,59795,,0.0,0,,RPQNMLPKPHHGFBT86CB,永豐馥,A棟2號
里港鄉,房地(土地+建物),屏東縣里港鄉永豐路一段,94.16,住,,,1110713,土地1建物1車位0,全,3,透天厝,見其他登記事項,鋼筋混凝土造,,207.38,4,1,5,有,無,12500000,60276,,0.0,0,,RPRNMLPKPHHGFBT96CB,永豐馥,A棟3號
長治鄉,房地(土地+建物)+車位,屏東縣長治鄉崑崙路19巷,23.23,商,,,1110709,土地2建物1車位1,五層,7,華廈(10層含以下有電梯),見其他登記事項,鋼筋混凝土造,,118.29,3,2,2,有,無,7550000,58829,一樓平面,13.75,1400000,,RPPNMLQKPHHGFAT76CB,天闊NO.10琚,A3棟5F號
長治鄉,房地(土地+建物),屏東縣長治鄉崑崙路19巷,23.23,商,,,1110715,土地2建物1車位0,三層,7,華廈(10層含以下有電梯),見其他登記事項,鋼筋混凝土造,,104.54,3,2,2,有,無,6000000,57394,,0.0,0,,RPQNMLQKPHHGFAT86CB,天闊NO.10琚,A3棟3F號
長治鄉,房地(土地+建物)+車位,屏東縣長治鄉崑崙路19巷,21.9,商,,,1110715,土地2建物1車位1,三層,7,華廈(10層含以下有電梯),見其他登記事項,鋼筋混凝土造,,112.28,3,2,2,有,無,7100000,57850,一樓平面,13.75,1400000,,RPRNMLQKPHHGFAT96CB,天闊NO.10琚,A2棟3F號
恆春鎮,房地(土地+建物)+車位,屏東縣恆春鎮德和里坪頂路,42.89,,鄉村區,乙種建築用地,1110630,土地1建物1車位1,五層,7,華廈(10層含以下有電梯),住家用,鋼筋混凝土造,,163.96,3,2,3,有,無,7600000,48599,一樓平面,13.75,300000,,RPPNMLRKPHHGFET27CB,君臨天廈,1棟5FA4號
恆春鎮,房地(土地+建物)+車位,屏東縣恆春鎮德和里坪頂路,43.27,,鄉村區,乙種建築用地,1110708,土地1建物1車位1,三層,7,華廈(10層含以下有電梯),住家用,鋼筋混凝土造,,165.26,3,2,3,有,無,7800000,49502,一樓平面,13.75,300000,,RPQNMLRKPHHGFET37CB,君臨天廈,1棟3FA1號
恆春鎮,房地(土地+建物)+車位,屏東縣恆春鎮德和里坪頂路,40.75,,鄉村區,乙種建築用地,1110629,土地1建物1車位1,六層,7,華廈(10層含以下有電梯),住家用,鋼筋混凝土造,,157.71,3,2,3,有,無,7700000,51853,一樓平面,15.0,300000,,RPRNMLRKPHHGFET47CB,君臨天廈,1棟6FA2號
恆春鎮,房地(土地+建物)+車位,屏東縣恆春鎮德和里坪頂路,43.27,,鄉村區,乙種建築用地,1110626,土地1建物1車位1,二層,7,華廈(10層含以下有電梯),住家用,鋼筋混凝土造,,165.26,3,2,3,有,無,7500000,47522,一樓平面,13.75,300000,,RPSNMLRKPHHGFET57CB,君臨天廈,1棟2FA1號
恆春鎮,房地(土地+建物)+車位,屏東縣恆春鎮德和里坪頂路,43.27,,鄉村區,乙種建築用地,1110626,土地1建物1車位1,五層,7,華廈(10層含以下有電梯),住家用,鋼筋混凝土造,,166.51,3,2,3,有,無,7800000,49502,一樓平面,15.0,300000,,RPTNMLRKPHHGFET67CB,君臨天廈,1棟5FA1號
恆春鎮,房地(土地+建物)+車位,屏東縣恆春鎮德和里坪頂路,27.17,,鄉村區,乙種建築用地,1110627,土地1建物1車位1,二層,7,華廈(10層含以下有電梯),住家用,鋼筋混凝土造,,108.89,2,2,2,有,無,5500000,54656,一樓平面,13.75,300000,,RPUNMLRKPHHGFET77CB,君臨天廈,1棟2FA3號
恆春鎮,房地(土地+建物)+車位,屏東縣恆春鎮德和里坪頂路,40.75,,鄉村區,乙種建築用地,1110627,土地1建物1車位1,三層,7,華廈(10層含以下有電梯),住家用,鋼筋混凝土造,,156.46,3,2,3,有,無,7400000,49751,一樓平面,13.75,300000,,RPVNMLRKPHHGFET87CB,君臨天廈,1棟3FA2號
恆春鎮,房地(土地+建物)+車位,屏東縣恆春鎮德和里坪頂路,40.75,,鄉村區,乙種建築用地,1110629,土地1建物1車位1,四層,7,華廈(10層含以下有電梯),住家用,鋼筋混凝土造,,156.46,3,2,3,有,無,7500000,50452,一樓平面,13.75,300000,,RPWNMLRKPHHGFET97CB,君臨天廈,1棟4FA2號
恆春鎮,房地(土地+建物)+車位,屏東縣恆春鎮德和里坪頂路,40.75,,鄉村區,乙種建築用地,1110629,土地1建物1車位1,五層,7,華廈(10層含以下有電梯),住家用,鋼筋混凝土造,,156.46,3,2,3,有,無,7600000,51153,一樓平面,13.75,300000,,RPXNMLRKPHHGFET08CB,君臨天廈,1棟5FA2號
恆春鎮,房地(土地+建物)+車位,屏東縣恆春鎮德和里坪頂路,43.27,,鄉村區,乙種建築用地,1110630,土地1建物1車位1,六層,7,華廈(10層含以下有電梯),住家用,鋼筋混凝土造,,172.51,3,2,3,有,無,7141000,45152,一樓平面,21.0,300000,,RPOOMLRKPHHGFET27CB,君臨天廈,1棟6FA1號
恆春鎮,房地(土地+建物)+車位,屏東縣恆春鎮德和里坪頂路,27.17,,鄉村區,乙種建築用地,1110630,土地1建物1車位1,六層,7,華廈(10層含以下有電梯),住家用,鋼筋混凝土造,,108.89,2,2,2,有,無,6000000,59912,一樓平面,13.75,300000,,RPPOMLRKPHHGFET37CB,君臨天廈,1棟6FA3號
恆春鎮,房地(土地+建物)+車位,屏東縣恆春鎮德和里坪頂路,39.09,,鄉村區,乙種建築用地,1110628,土地1建物1車位1,三層,7,華廈(10層含以下有電梯),住家用,鋼筋混凝土造,,150.63,3,2,3,有,無,7600000,53331,一樓平面,13.75,300000,,RPQOMLRKPHHGFET47CB,君臨天廈,1棟3FA5號
恆春鎮,房地(土地+建物)+車位,屏東縣恆春鎮德和里坪頂路,27.17,,鄉村區,乙種建築用地,1110625,土地1建物1車位1,三層,7,華廈(10層含以下有電梯),住家用,鋼筋混凝土造,,108.89,2,2,2,有,無,5900000,58861,一樓平面,13.75,300000,,RPROMLRKPHHGFET57CB,君臨天廈,1棟3FA3號
恆春鎮,房地(土地+建物)+車位,屏東縣恆春鎮德和里坪頂路,39.09,,鄉村區,乙種建築用地,1110628,土地1建物1車位1,二層,7,華廈(10層含以下有電梯),住家用,鋼筋混凝土造,,150.63,3,2,3,有,無,7300000,51140,一樓平面,13.75,300000,,RPSOMLRKPHHGFET67CB,君臨天廈,1棟2FA5號
恆春鎮,房地(土地+建物)+車位,屏東縣恆春鎮德和里坪頂路,40.75,,鄉村區,乙種建築用地,1110628,土地1建物1車位1,二層,7,華廈(10層含以下有電梯),住家用,鋼筋混凝土造,,156.46,3,2,3,有,無,7100000,47649,一樓平面,13.75,300000,,RPTOMLRKPHHGFET77CB,君臨天廈,1棟2FA2號
恆春鎮,房地(土地+建物)+車位,屏東縣恆春鎮德和里坪頂路,27.17,,鄉村區,乙種建築用地,1110628,土地1建物1車位1,四層,7,華廈(10層含以下有電梯),住家用,鋼筋混凝土造,,108.89,2,2,2,有,無,6200000,62014,一樓平面,13.75,300000,,RPUOMLRKPHHGFET87CB,君臨天廈,1棟4FA3號
恆春鎮,房地(土地+建物)+車位,屏東縣恆春鎮德和里坪頂路,43.27,,鄉村區,乙種建築用地,1110628,土地1建物1車位1,四層,7,華廈(10層含以下有電梯),住家用,鋼筋混凝土造,,165.26,3,2,3,有,無,7600000,48182,一樓平面,13.75,300000,,RPVOMLRKPHHGFET97CB,君臨天廈,1棟4FA1號
,車位,屏東縣東港鎮興東路&興東三街,0.0,,,,1110711,土地0建物0車位1,一層,7,華廈(10層含以下有電梯),停車空間,鋼筋混凝土造,,0.0,0,0,0,無,無,1000000,,,0.0,1000000,F棟，6號，4樓，車位39號,RPPNMLSKPHHGFDT27CB,青禾寓,F棟6號
九如鄉,房地(土地+建物),屏東縣九如鄉光復街121巷,95.93,住,,,1110703,土地6建物1車位0,全,3,透天厝,見其他登記事項,鋼筋混凝土造,,151.93,4,2,4,有,無,9000000,59238,,0.0,0,,RPWNMLSKPHHGFAT67CB,星光大道2,B棟19號
九如鄉,房地(土地+建物),屏東縣九如鄉光復街121巷,95.93,住,,,1110705,土地6建物1車位0,全,3,透天厝,見其他登記事項,鋼筋混凝土造,,151.93,4,2,4,有,無,9080000,59764,,0.0,0,,RPXNMLSKPHHGFAT77CB,星光大道2,B棟9號
長治鄉,房地(土地+建物)+車位,屏東縣長治鄉新民街仁義巷,44.71,住,,,1110626,土地1建物1車位1,五層,5,華廈(10層含以下有電梯),見其他登記事項,鋼筋混凝土造,,138.28,3,1,2,有,無,7700000,55684,一樓平面,0.0,0,,RPPNMLTKPHHGFAT07CB,企業家NO.6,B棟1號
恆春鎮,房地(土地+建物)+車位,屏東縣恆春鎮德和里坪頂路,27.17,,鄉村區,乙種建築用地,1110628,土地1建物1車位1,五層,7,華廈(10層含以下有電梯),住家用,鋼筋混凝土造,,108.89,2,2,2,有,無,6000000,59912,一樓平面,13.75,300000,,RPPNMLKLPHHGFET66CB,君臨天廈,1棟5FA3號
萬丹鄉,房地(土地+建物),屏東縣萬丹鄉社安段251 251-1 251-2 地號,23.71,,鄉村區,乙種建築用地,1110627,土地1建物1車位0,五層,5,華廈(10層含以下有電梯),住家用,鋼筋混凝土造,,73.54,2,2,2,有,無,4250000,57792,,0.0,0,,RPPNMLLLPHHGFAT98CB,鑫邑,B棟3號
萬丹鄉,房地(土地+建物),屏東縣萬丹鄉社安段251 251-1 251-2 地號,23.71,,鄉村區,乙種建築用地,1110630,土地1建物1車位0,四層,5,華廈(10層含以下有電梯),住家用,鋼筋混凝土造,,73.54,2,2,2,有,無,4360000,59287,,0.0,0,,RPQNMLLLPHHGFAT09CB,鑫邑,B棟3號
萬丹鄉,房地(土地+建物),屏東縣萬丹鄉社安段251 251-1 251-2 地號,23.66,,鄉村區,乙種建築用地,1110705,土地1建物1車位0,三層,5,華廈(10層含以下有電梯),住家用,鋼筋混凝土造,,73.6,2,2,2,有,無,4250000,57745,,0.0,0,,RPSNMLLLPHHGFAT66CB,鑫邑,B棟5號
萬丹鄉,房地(土地+建物),屏東縣萬丹鄉社安段251 251-1 251-2 地號,25.16,,鄉村區,乙種建築用地,1110714,土地1建物1車位0,二層,5,華廈(10層含以下有電梯),住家用,鋼筋混凝土造,,79.82,2,2,2,有,無,4950000,62015,,0.0,0,,RPTNMLLLPHHGFAT76CB,鑫邑,B棟2號
萬丹鄉,房地(土地+建物),屏東縣萬丹鄉社安段251 251-1 251-2 地號,23.66,,鄉村區,乙種建築用地,1110714,土地1建物1車位0,五層,5,華廈(10層含以下有電梯),住家用,鋼筋混凝土造,,73.6,2,2,2,有,無,4620000,62772,,0.0,0,,RPUNMLLLPHHGFAT86CB,鑫邑,B棟5號
萬丹鄉,房地(土地+建物)+車位,屏東縣萬丹鄉社安段251 251-1 251-2 地號,32.08,,鄉村區,乙種建築用地,1110627,土地1建物1車位1,三層,5,華廈(10層含以下有電梯),住家用,鋼筋混凝土造,,106.38,3,2,2,有,無,6600000,56672,一樓平面,9.33,1100000,,RPPNMLMLPHHGFAT09CB,鑫邑,B棟1號
萬丹鄉,房地(土地+建物)+車位,屏東縣萬丹鄉社安段251 251-1 251-2 地號,32.08,,鄉村區,乙種建築用地,1110718,土地1建物1車位1,五層,5,華廈(10層含以下有電梯),住家用,鋼筋混凝土造,,106.38,3,2,2,有,無,7260000,63472,一樓平面,9.33,1100000,,RPQNMLMLPHHGFAT56CB,鑫邑,B棟1號
新園鄉,房地(土地+建物)+車位,屏東縣新園鄉南龍村學仁街,37.81,住,,,1110629,土地1建物1車位1,四層,5,華廈(10層含以下有電梯),見其他登記事項,鋼筋混凝土造,,108.85,3,2,2,有,無,6500000,59715,,0.0,800000,,RPPNMLMLPHHGFDT76CB,杏湖光波,A1棟4F號
內埔鄉,房地(土地+建物),屏東縣內埔鄉延平路,37.49,住,,,1110702,土地1建物1車位0,三層,5,華廈(10層含以下有電梯),住家用,鋼筋混凝土造,,109.85,2,1,2,有,無,6140000,55894,,0.0,0,,RPPNMLMLPHHGFCT66CB,太富?綻,A2棟3號
東港鎮,房地(土地+建物),屏東縣東港鎮興東路&興東三街,111.66,住,,,1110625,土地1建物1車位0,全,4,透天厝,住家用,鋼筋混凝土造,,202.64,4,2,5,有,無,13600000,67114,,0.0,0,,RPPNMLOLPHHGFDT96CB,青禾寓,D棟2號
東港鎮,房地(土地+建物),屏東縣東港鎮興東路&興東三街,81.0,住,,,1110705,土地1建物1車位0,全,4,透天厝,住家用,鋼筋混凝土造,,183.49,5,2,5,有,無,12800000,69759,,0.0,0,,RPQNMLOLPHHGFDT07CB,青禾寓,B棟9號
長治鄉,房地(土地+建物),屏東縣長治鄉香楊路,37.83,,一般農業區,甲種建築用地,1110629,土地1建物1車位0,四層,6,華廈(10層含以下有電梯),見其他登記事項,鋼筋混凝土造,,94.93,3,2,2,有,無,6330000,66681,,0.0,0,,RPPNMLOLPHHGFAT66CB,陽光5,A棟2號
長治鄉,房地(土地+建物),屏東縣長治鄉香楊路,28.0,,一般農業區,甲種建築用地,1110705,土地1建物1車位0,五層,6,華廈(10層含以下有電梯),見其他登記事項,鋼筋混凝土造,,70.27,2,2,1,有,無,4610000,65604,,0.0,0,,RPQNMLOLPHHGFAT76CB,陽光5,A棟3號
屏東市,房地(土地+建物),屏東縣屏東市瑞中街瑞華街口I7棟3樓,26.83,住,,,1110709,土地4建物1車位0,三層,5,華廈(10層含以下有電梯),住家用,鋼筋混凝土造,,84.64,2,2,2,有,無,7640000,90265,,0.0,0,,RPPNMLPLPHHGFAT76CB,甲山林花園帝寶,I棟7號
屏東市,房地(土地+建物),屏東縣屏東市瑞中街瑞華街口H21棟5樓,27.5,住,,,1110703,土地4建物1車位0,五層,5,華廈(10層含以下有電梯),住家用,鋼筋混凝土造,,86.66,2,2,1,有,無,7410000,85507,,0.0,0,,RPQNMLPLPHHGFAT86CB,甲山林花園帝寶,H棟21號
屏東市,房地(土地+建物),屏東縣屏東市瑞中街瑞華街口G14棟3樓,27.0,住,,,1110716,土地4建物1車位0,三層,5,華廈(10層含以下有電梯),住家用,鋼筋混凝土造,,85.57,2,2,2,有,無,7860000,91855,,0.0,0,,RPRNMLPLPHHGFAT96CB,甲山林花園帝寶,G棟14號
屏東市,房地(土地+建物),屏東縣屏東市瑞中街瑞華街口G2棟1樓,16.37,住,,,1110709,土地4建物1車位0,一層,5,華廈(10層含以下有電梯),住家用,鋼筋混凝土造,,51.49,0,0,0,無,無,5590000,108565,,0.0,0,,RPSNMLPLPHHGFAT07CB,甲山林花園帝寶,G棟2號
東港鎮,房地(土地+建物),屏東縣東港鎮長春一路,24.94,住,,,1110628,土地1建物1車位0,四層,6,華廈(10層含以下有電梯),住家用,鋼筋混凝土造,,68.9,2,2,2,有,無,4900000,71118,,0.0,0,,RPPNMLPLPHHGFDT07CB,長春YES華廈,B6棟4F號
內埔鄉,房地(土地+建物)+車位,屏東縣內埔鄉學文路7B8,30.07,住,,,1110725,土地1建物1車位1,七層,8,華廈(10層含以下有電梯),住家用,鋼筋混凝土造,,146.19,3,2,2,有,無,11000000,79717,坡道平面,22.0,1100000,,RPPNMLQLPHHGFCT07CB,NEW BOSS,B棟8號
潮州鎮,房地(土地+建物)+車位,屏東縣潮州鎮光復路,37.49,,一般農業區,甲種建築用地,1110702,土地1建物1車位1,三層,5,華廈(10層含以下有電梯),住家用,鋼筋混凝土造,,120.99,3,2,2,有,無,6800000,53152,一樓平面,13.75,1100000,,RPQNMLSLPHHGFCT37CB,太友敦煌8,B3棟0號
潮州鎮,房地(土地+建物)+車位,屏東縣潮州鎮光復路,54.04,,一般農業區,甲種建築用地,1110710,土地1建物1車位1,五層,5,華廈(10層含以下有電梯),住家用,鋼筋混凝土造,,174.53,3,2,2,有,無,9500000,52245,一樓平面,13.75,1100000,,RPRNMLSLPHHGFCT47CB,太友敦煌8,B3棟0號
潮州鎮,房地(土地+建物)+車位,屏東縣潮州鎮光復路,37.34,,一般農業區,甲種建築用地,1110710,土地1建物1車位1,二層,5,華廈(10層含以下有電梯),住家用,鋼筋混凝土造,,120.52,3,2,2,有,無,7100000,56196,一樓平面,13.75,1100000,,RPSNMLSLPHHGFCT57CB,太友敦煌8,A1棟0號
潮州鎮,房地(土地+建物)+車位,屏東縣潮州鎮光復路,37.49,,一般農業區,甲種建築用地,1110716,土地1建物1車位1,三層,5,華廈(10層含以下有電梯),住家用,鋼筋混凝土造,,121.08,3,2,2,有,無,6750000,52641,一樓平面,13.75,1100000,,RPTNMLSLPHHGFCT67CB,太友敦煌8,A3棟0號
屏東市,房地(土地+建物)+車位,屏東縣屏東市古松巷,26.12,,鄉村區,乙種建築用地,1110704,土地1建物1車位1,四層,7,華廈(10層含以下有電梯),住家用,鋼筋混凝土造,,112.34,3,2,2,有,無,8850000,76580,坡道平面,13.75,1300000,,RPPNMLSLPHHGFAT07CB,屏東印象,A2棟04F號
屏東市,房地(土地+建物)+車位,屏東縣屏東市古松巷,21.79,,鄉村區,乙種建築用地,1110701,土地1建物1車位1,二層,7,華廈(10層含以下有電梯),住家用,鋼筋混凝土造,,96.01,3,2,2,有,無,7550000,75979,坡道平面,13.75,1300000,,RPQNMLSLPHHGFAT17CB,屏東印象,B2棟02F號
屏東市,房地(土地+建物)+車位,屏東縣屏東市古松巷,22.48,,鄉村區,乙種建築用地,1110702,土地1建物1車位1,五層,7,華廈(10層含以下有電梯),住家用,鋼筋混凝土造,,98.58,3,2,2,有,無,7850000,77213,一樓平面,13.75,1300000,,RPRNMLSLPHHGFAT27CB,屏東印象,E1棟05F號
屏東市,房地(土地+建物)+車位,屏東縣屏東市古松巷,22.48,,鄉村區,乙種建築用地,1110704,土地1建物1車位1,二層,7,華廈(10層含以下有電梯),住家用,鋼筋混凝土造,,98.58,3,2,2,有,無,7830000,76977,一樓平面,13.75,1300000,,RPSNMLSLPHHGFAT37CB,屏東印象,D3棟02F號
長治鄉,房地(土地+建物)+車位,屏東縣長治鄉新民街仁義巷,44.71,住,,,1110703,土地1建物1車位1,二層,5,華廈(10層含以下有電梯),見其他登記事項,鋼筋混凝土造,,138.28,3,1,2,有,無,7760000,56118,一樓平面,0.0,0,,RPPNMLTLPHHGFAT17CB,企業家NO.6,B棟2號
長治鄉,房地(土地+建物)+車位,屏東縣長治鄉瑞源路,33.41,住,,,1110720,土地1建物1車位1,二層,5,華廈(10層含以下有電梯),住家用,鋼筋混凝土造,,102.51,3,1,2,有,無,7780000,75130,一樓平面,16.26,1300000,,RPQNMLTLPHHGFAT27CB,幸福律,B棟1號
長治鄉,房地(土地+建物)+車位,屏東縣長治鄉瑞源路,33.41,住,,,1110722,土地1建物1車位1,五層,5,華廈(10層含以下有電梯),住家用,鋼筋混凝土造,,96.12,3,1,2,有,無,8010000,77797,一樓平面,9.87,1300000,,RPRNMLTLPHHGFAT37CB,幸福律,A棟1號
九如鄉,房地(土地+建物),屏東縣九如鄉光復街121巷,187.4,住,,,1110727,土地7建物1車位0,全,3,透天厝,見其他登記事項,鋼筋混凝土造,,219.92,6,2,5,有,無,13200000,60022,,0.0,0,,RPPNMLLJQHHGFAT88CB,星光大道,A棟1號
九如鄉,房地(土地+建物),屏東縣九如鄉光復街121巷,95.93,住,,,1110722,土地6建物1車位0,全,3,透天厝,見其他登記事項,鋼筋混凝土造,,151.93,4,2,4,有,無,8980000,59106,,0.0,0,,RPQNMLLJQHHGFAT98CB,星光大道,B棟3號
內埔鄉,房地(土地+建物),屏東縣內埔鄉德美路,175.2,住,,,1110715,土地2建物1車位0,全,3,透天厝,住家用,鋼筋混凝土造,,199.89,5,2,4,有,無,15000000,75041,,0.0,0,,RPPNMLLJQHHGFCT09CB,成聚大悅,B棟1號
潮州鎮,房地(土地+建物)+車位,屏東縣潮州鎮潮中段286地號,45.77,住,,,1110717,土地1建物1車位1,四層,5,華廈(10層含以下有電梯),見其他登記事項,鋼筋混凝土造,,112.75,3,2,2,有,無,6920000,61375,一樓平面,0.0,1000000,,RPPNMLMJQHHGFCT56CB,皇家典藏六期,F3棟4F號
潮州鎮,房地(土地+建物),屏東縣潮州鎮潮中段238-9地號,25.45,住,,,1110728,土地1建物1車位0,四層,5,華廈(10層含以下有電梯),見其他登記事項,鋼筋混凝土造,,65.84,2,1,2,有,無,4200000,63791,,0.0,0,,RPQNMLMJQHHGFCT66CB,皇家典藏六期,D1棟4F號
潮州鎮,房地(土地+建物),屏東縣潮州鎮潮中段238地號,30.49,住,,,1110716,土地1建物1車位0,五層,5,華廈(10層含以下有電梯),見其他登記事項,鋼筋混凝土造,,73.04,2,1,1,有,無,4850000,66402,,0.0,0,,RPRNMLMJQHHGFCT76CB,皇家典藏六期,A6棟5F號
潮州鎮,房地(土地+建物)+車位,屏東縣潮州鎮光復路,37.94,,一般農業區,甲種建築用地,1110707,土地1建物1車位1,二層,5,華廈(10層含以下有電梯),住家用,鋼筋混凝土造,,122.53,3,2,2,有,無,6500000,50055,一樓平面,12.65,1000000,,RPSNMLMJQHHGFCT86CB,太友敦煌8,A3棟0號
潮州鎮,房地(土地+建物)+車位,屏東縣潮州鎮光復路,52.65,,一般農業區,甲種建築用地,1110707,土地1建物1車位1,五層,5,華廈(10層含以下有電梯),住家用,鋼筋混凝土造,,170.01,3,2,2,有,無,9500000,53757,一樓平面,13.75,1100000,,RPTNMLMJQHHGFCT96CB,太友敦煌8,A1棟0號
東港鎮,房地(土地+建物)+車位,屏東縣東港鎮新義段7-10地號A5/6F,20.95,住,,,1110724,土地1建物1車位1,六層,11,住宅大樓(11層含以上有電梯),住家用,鋼筋混凝土造,,95.04,2,2,2,有,無,7800000,82071,,0.0,800000,,RPPNMLMJQHHGFDT66CB,NEW CITY,A5棟6F號
東港鎮,房地(土地+建物)+車位,屏東縣東港鎮新義段7-10地號B5/4F,20.95,住,,,1110727,土地1建物1車位1,四層,11,住宅大樓(11層含以上有電梯),住家用,鋼筋混凝土造,,95.04,2,2,2,有,無,7280000,76599,,0.0,800000,,RPQNMLMJQHHGFDT76CB,NEW CITY,B5棟4F號
東港鎮,房地(土地+建物)+車位,屏東縣東港鎮新義段7-10地號B5/6F,20.95,住,,,1110727,土地1建物1車位1,六層,11,住宅大樓(11層含以上有電梯),住家用,鋼筋混凝土造,,95.04,2,2,2,有,無,7600000,79966,,0.0,800000,,RPRNMLMJQHHGFDT86CB,NEW CITY,B5棟6F號
東港鎮,房地(土地+建物)+車位,屏東縣東港鎮新義段7-10地號B5/5F,20.95,住,,,1110721,土地1建物1車位1,五層,11,住宅大樓(11層含以上有電梯),住家用,鋼筋混凝土造,,95.04,2,2,2,有,無,7600000,79966,,0.0,800000,,RPSNMLMJQHHGFDT96CB,NEW CITY,B5棟5F號
東港鎮,房地(土地+建物)+車位,屏東縣東港鎮新義段7-10地號B5/9F,20.95,住,,,1110727,土地1建物1車位1,九層,11,住宅大樓(11層含以上有電梯),住家用,鋼筋混凝土造,,95.04,2,2,2,有,無,8130000,85543,,0.0,800000,,RPTNMLMJQHHGFDT07CB,NEW CITY,B5棟9F號
東港鎮,房地(土地+建物)+車位,屏東縣東港鎮新義段7-10地號A5/7F,20.95,住,,,1110730,土地1建物1車位1,七層,11,住宅大樓(11層含以上有電梯),住家用,鋼筋混凝土造,,95.04,2,2,2,有,無,7800000,82071,,0.0,800000,,RPUNMLMJQHHGFDT17CB,NEW CITY,A5棟7F號
萬丹鄉,房地(土地+建物)+車位,屏東縣萬丹鄉萬丹路二段470號旁,23.12,,鄉村區,乙種建築用地,1110801,土地1建物1車位1,三層,7,華廈(10層含以下有電梯),住家用,鋼筋混凝土造,,102.35,3,2,2,有,無,6320000,58916,坡道平面,13.75,1100000,,RPRNMLNJQHHGFAT76DB,萬丹印象,H棟2號
萬丹鄉,房地(土地+建物)+車位,屏東縣萬丹鄉萬丹路二段470號旁,21.84,,鄉村區,乙種建築用地,1110727,土地1建物1車位1,四層,7,華廈(10層含以下有電梯),住家用,鋼筋混凝土造,,97.43,3,2,2,有,無,6030000,58915,坡道平面,13.75,1100000,,RPSNMLNJQHHGFAT86DB,萬丹印象,H棟3號
萬丹鄉,房地(土地+建物)+車位,屏東縣萬丹鄉萬丹路二段470號旁,25.15,,鄉村區,乙種建築用地,1110803,土地1建物1車位1,四層,6,華廈(10層含以下有電梯),住家用,鋼筋混凝土造,,110.15,3,2,2,有,無,6790000,59025,坡道平面,13.75,1100000,,RPTNMLNJQHHGFAT96DB,萬丹印象,D棟3號
萬丹鄉,房地(土地+建物),屏東縣萬丹鄉上村村6鄰寶田路639號,89.38,,一般農業區,甲種建築用地,1110705,土地2建物1車位0,全,4,透天厝,住家用,鋼筋混凝土造,,178.82,5,2,5,有,無,9700000,54244,,0.0,0,,RPPNMLNJQHHGFAT09CB,居岩福砌,D棟8號
萬丹鄉,房地(土地+建物),屏東縣萬丹鄉上村村6鄰寶田路631號,89.38,,一般農業區,甲種建築用地,1110710,土地2建物1車位0,全,4,透天厝,住家用,鋼筋混凝土造,,192.1,5,2,5,有,無,9100000,47371,,0.0,0,,RPQNMLNJQHHGFAT56CB,居岩福砌,D棟3號
屏東市,房地(土地+建物),屏東縣屏東市和生路一段,24.33,,鄉村區,乙種建築用地,1110711,土地2建物1車位0,五層,12,住宅大樓(11層含以上有電梯),住家用,鋼筋混凝土造,,82.8,2,2,1,有,無,6900000,83333,,0.0,0,,RPPNMLOJQHHGFAT56CB,中洲One Park,B棟2號
萬丹鄉,房地(土地+建物)+車位,屏東縣萬丹鄉萬丹路二段470號旁,23.12,,鄉村區,乙種建築用地,1110716,土地1建物1車位1,四層,7,華廈(10層含以下有電梯),住家用,鋼筋混凝土造,,102.35,3,2,2,有,無,6330000,59029,一樓平面,13.75,1100000,,RPPNMLOJQHHGFAT66DB,萬丹印象,H棟2號
里港鄉,房地(土地+建物)+車位,屏東縣里港鄉鐵店路21之20號旁,41.54,住,,,1110707,土地1建物1車位1,二層,7,華廈(10層含以下有電梯),住家用,鋼筋混凝土造,,122.94,3,2,2,有,無,5520000,44900,一樓平面,0.0,0,,RPPNMLOJQHHGFBT66CB,里港棧,A2棟2號
里港鄉,房地(土地+建物)+車位,屏東縣里港鄉鐵店路21之20號旁,41.09,住,,,1110707,土地1建物1車位1,四層,7,華廈(10層含以下有電梯),住家用,鋼筋混凝土造,,122.17,3,2,2,有,無,6000000,49112,一樓平面,0.0,0,,RPQNMLOJQHHGFBT76CB,里港棧,B1棟4號
長治鄉,房地(土地+建物),屏東縣長治鄉香楊路,28.0,,一般農業區,甲種建築用地,1110717,土地1建物1車位0,五層,6,華廈(10層含以下有電梯),見其他登記事項,鋼筋混凝土造,,70.27,2,2,1,有,無,4590000,65319,,0.0,0,,RPPNMLRJQHHGFAT86CB,陽光5,A棟5號
長治鄉,房地(土地+建物)+車位,屏東縣長治鄉香楊路,28.0,,一般農業區,甲種建築用地,1110719,土地1建物1車位1,六層,6,華廈(10層含以下有電梯),見其他登記事項,鋼筋混凝土造,,86.5,2,2,1,有,無,5900000,66885,一樓平面,16.23,1200000,,RPQNMLRJQHHGFAT96CB,陽光5,A棟5號
九如鄉,房地(土地+建物),屏東縣九如鄉光復街121巷,95.93,住,,,1110803,土地6建物1車位0,全,3,透天厝,見其他登記事項,鋼筋混凝土造,,151.93,4,2,4,有,無,9080000,59764,,0.0,0,,RPPNMLTJQHHGFAT07CB,星光大道2,B棟7號
屏東市,房地(土地+建物)+車位,屏東縣屏東市 崇朝路183號旁,30.31,住,,,1110718,土地1建物1車位1,二層,5,華廈(10層含以下有電梯),住家用,鋼筋混凝土造,,91.4,2,2,2,有,無,6800000,70187,一樓平面,13.75,1350000,,RPPNMLKKQHHGFAT88CB,泓喬向陽,B棟5號
屏東市,房地(土地+建物)+車位,屏東縣屏東市 崇朝路183號旁,47.64,住,,,1110807,土地1建物1車位1,二層,5,華廈(10層含以下有電梯),住家用,鋼筋混凝土造,,135.8,3,2,2,有,無,9900000,70053,一樓平面,13.75,1350000,,RPPNMLLKQHHGFAT98CB,泓喬向陽,B棟3號
屏東市,房地(土地+建物),屏東縣屏東市瑞中街瑞華街口H16棟4樓,25.98,住,,,1110719,土地4建物1車位0,四層,5,華廈(10層含以下有電梯),住家用,鋼筋混凝土造,,81.86,2,2,1,有,無,7120000,86978,,0.0,0,,RPQNMLLKQHHGFAT09CB,甲山林花園帝寶,H棟16號
屏東市,房地(土地+建物),屏東縣屏東市瑞中街瑞華街口G20棟4樓,28.68,住,,,1110730,土地4建物1車位0,四層,5,華廈(10層含以下有電梯),住家用,鋼筋混凝土造,,90.64,2,2,2,有,無,7750000,85503,,0.0,0,,RPRNMLLKQHHGFAT56CB,甲山林花園帝寶,G棟20號
屏東市,房地(土地+建物),屏東縣屏東市瑞中街瑞華街口I16棟3樓,25.98,住,,,1110803,土地4建物1車位0,三層,5,華廈(10層含以下有電梯),住家用,鋼筋混凝土造,,81.86,2,2,1,有,無,7390000,90276,,0.0,0,,RPSNMLLKQHHGFAT66CB,甲山林花園帝寶,I棟16號
屏東市,房地(土地+建物),屏東縣屏東市瑞中街瑞華街口G9棟2樓,28.01,住,,,1110719,土地4建物1車位0,二層,5,華廈(10層含以下有電梯),住家用,鋼筋混凝土造,,88.25,2,2,2,有,無,7870000,89178,,0.0,0,,RPTNMLLKQHHGFAT76CB,甲山林花園帝寶,G棟9號
屏東市,房地(土地+建物),屏東縣屏東市瑞中街瑞華街口H11棟5樓,26.49,住,,,1110723,土地4建物1車位0,五層,5,華廈(10層含以下有電梯),住家用,鋼筋混凝土造,,83.5,2,2,1,有,無,7520000,90060,,0.0,0,,RPUNMLLKQHHGFAT86CB,甲山林花園帝寶,H棟11號
屏東市,房地(土地+建物),屏東縣屏東市瑞中街瑞華街口G7棟2樓,26.83,住,,,1110723,土地4建物1車位0,二層,5,華廈(10層含以下有電梯),住家用,鋼筋混凝土造,,84.64,2,2,2,有,無,7800000,92155,,0.0,0,,RPVNMLLKQHHGFAT96CB,甲山林花園帝寶,G棟7號
屏東市,房地(土地+建物),屏東縣屏東市瑞中街瑞華街口H20棟4樓,28.68,住,,,1110726,土地4建物1車位0,四層,5,華廈(10層含以下有電梯),住家用,鋼筋混凝土造,,90.61,2,2,2,有,無,7750000,85531,,0.0,0,,RPWNMLLKQHHGFAT07CB,甲山林花園帝寶,H棟20號
東港鎮,房地(土地+建物),屏東縣東港鎮延平路,16.17,商,,,1110728,土地6建物1車位0,五層,7,華廈(10層含以下有電梯),見其他登記事項,鋼筋混凝土造,,70.25,2,2,2,有,無,4980000,70890,,0.0,0,,RPPNMLLKQHHGFDT66CB,東港ONE,B5棟5樓號
內埔鄉,房地(土地+建物),屏東縣內埔鄉學文路S3,36.28,住,,,1110803,土地1建物1車位0,一層,8,華廈(10層含以下有電梯),住家用,鋼筋混凝土造,,137.06,2,2,2,有,無,9460000,69021,,0.0,0,,RPPNMLLKQHHGFCT56CB,NEW BOSS,S棟3號
屏東市,房地(土地+建物)+車位,屏東縣屏東市和生路一段,32.48,,鄉村區,乙種建築用地,1110725,土地2建物1車位1,八層,12,住宅大樓(11層含以上有電梯),住家用,鋼筋混凝土造,,137.39,3,2,2,有,無,11210000,89773,一樓平面,27.0,1300000,,RPPNMLMKQHHGFAT09CB,中洲One Park,A棟3號
萬丹鄉,房地(土地+建物)+車位,屏東縣萬丹鄉社安段251 251-1 251-2 地號,32.08,,鄉村區,乙種建築用地,1110806,土地1建物1車位1,二層,5,華廈(10層含以下有電梯),住家用,鋼筋混凝土造,,110.66,3,2,2,有,無,7300000,62243,一樓平面,11.05,1100000,,RPQNMLMKQHHGFAT56CB,鑫邑,B棟1號
萬丹鄉,房地(土地+建物),屏東縣萬丹鄉社安段251 251-1 251-2 地號,25.16,,鄉村區,乙種建築用地,1110806,土地1建物1車位0,五層,5,華廈(10層含以下有電梯),住家用,鋼筋混凝土造,,77.81,2,2,2,有,無,4780000,61432,,0.0,0,,RPRNMLMKQHHGFAT66CB,鑫邑,B棟2號
潮州鎮,房地(土地+建物)+車位,屏東縣潮州鎮光復路,54.04,,一般農業區,甲種建築用地,1110804,土地1建物1車位1,五層,5,華廈(10層含以下有電梯),住家用,鋼筋混凝土造,,174.53,3,2,2,有,無,9330000,51188,一樓平面,13.75,1100000,,RPQNMLQKQHHGFCT17CB,太友敦煌8,B1棟0號
屏東市,房地(土地+建物)+車位,屏東縣屏東市古松巷,21.8,,鄉村區,乙種建築用地,1110727,土地1建物1車位1,三層,7,華廈(10層含以下有電梯),住家用,鋼筋混凝土造,,96.01,3,2,2,有,無,7580000,76343,一樓平面,13.75,1300000,,RPPNMLTKQHHGFAT17CB,屏東印象,B2棟03F號
屏東市,房地(土地+建物)+車位,屏東縣屏東市古松巷,27.1,,鄉村區,乙種建築用地,1110724,土地1建物1車位1,七層,7,華廈(10層含以下有電梯),住家用,鋼筋混凝土造,,116.03,3,2,2,有,無,9180000,77043,坡道平面,13.75,1300000,,RPQNMLTKQHHGFAT27CB,屏東印象,D2棟07F號
屏東市,房地(土地+建物)+車位,屏東縣屏東市古松巷,27.1,,鄉村區,乙種建築用地,1110731,土地1建物1車位1,四層,7,華廈(10層含以下有電梯),住家用,鋼筋混凝土造,,116.03,3,2,2,有,無,9300000,78217,一樓平面,13.75,1300000,,RPRNMLTKQHHGFAT37CB,屏東印象,E2棟04F號
長治鄉,房地(土地+建物)+車位,屏東縣長治鄉合興路,47.65,住,,,1110728,土地1建物1車位1,三層,5,華廈(10層含以下有電梯),住家用,鋼筋混凝土造,,133.46,3,2,2,有,無,7880000,59044,一樓平面,0.0,0,,RPPNMLOLQHHGFAT76CB,森活家2期,A3棟2號
屏東市,房地(土地+建物)+車位,屏東縣屏東市徐州路,26.4,住,,,1110806,土地1建物1車位1,十二層,14,住宅大樓(11層含以上有電梯),見其他登記事項,鋼筋混凝土造,,131.7,2,2,1,有,無,7430000,68737,坡道平面,42.52,1300000,,RPPNMLTLQHHGFAT27CB,香榭時尚,A3棟12號
屏東市,房地(土地+建物)+車位,屏東縣屏東市民生東路11巷,18.02,,一般農業區,甲種建築用地,1110804,土地2建物1車位1,十五層,15,住宅大樓(11層含以上有電梯),住家用,鋼骨混凝土造,,106.05,2,2,1,有,無,6800000,69576,坡道平面,27.0,1300000,,RPPNMLKMQHHGFAT09CB,中洲向山學,B棟5號
屏東市,房地(土地+建物)+車位,屏東縣屏東市民生東路11巷,27.56,,一般農業區,甲種建築用地,1110804,土地2建物1車位1,十五層,15,住宅大樓(11層含以上有電梯),住家用,鋼骨混凝土造,,147.86,3,2,2,有,無,9710000,69585,坡道平面,27.0,1300000,,RPRNMLKMQHHGFAT66CB,中洲向山學,B棟2號
潮州鎮,房地(土地+建物)+車位,屏東縣潮州鎮蓬萊里江山路,30.78,,鄉村區,乙種建築用地,1110807,土地3建物1車位1,二層,5,華廈(10層含以下有電梯),住家用,鋼筋混凝土造,,106.81,3,2,2,有,無,6300000,63713,一樓平面,22.84,950000,,RPPNMLNJRHHGFCT76CB,蓬萊一品,A棟02號
潮州鎮,房地(土地+建物),屏東縣潮州鎮潮中段238-9地號,25.45,住,,,1110808,土地1建物1車位0,四層,5,華廈(10層含以下有電梯),見其他登記事項,鋼筋混凝土造,,65.84,2,1,2,有,無,4200000,63791,,0.0,0,,RPRNMLPJRHHGFCT17CB,皇家典藏六期,D2棟4F號
