﻿編號,土地位置,土地移轉面積(平方公尺),使用分區或編定,權利人持分分母,權利人持分分子,移轉情形,地號
The serial number, land position,land shifting area square meter,the use zoning or compiles and checks,,,,land parcel
RPRNMLPKNHHGFAT66CB,廣興段,27.10,非都市：鄉村區 ; 非都市編定：乙種建築用地,1000000,12905,持分移轉,10110000
RPQNMLTKNHHGFAT96CB,九智段,72.96,都市：住,1,1,全筆移轉,10380007
RPQNMLTKNHHGFAT96CB,九智段,14.49,都市：住,183556,7296,持分移轉,10380001
RPQNMLTKNHHGFAT96CB,九智段,.46,都市：住,53,1,持分移轉,10380002
RPQNMLTKNHHGFAT96CB,九智段,1.61,都市：住,183556,7296,持分移轉,10380027
RPQNMLTKNHHGFAT96CB,九智段,.37,都市：住,183556,7296,持分移轉,10390001
RPQNMLTKNHHGFAT96CB,九智段,6.04,都市：農,53,1,持分移轉,10370000
RPQNMLOLNHHGFAT56CB,廣興段,22.48,非都市：鄉村區 ; 非都市編定：乙種建築用地,1000000,10705,持分移轉,10110000
RPPNMLTKNHHGFAT86CB,九智段,72.96,都市：住,1,1,全筆移轉,10380016
RPPNMLTKNHHGFAT86CB,九智段,14.49,都市：住,183556,7296,持分移轉,10380001
RPPNMLTKNHHGFAT86CB,九智段,.46,都市：住,53,1,持分移轉,10380002
RPPNMLTKNHHGFAT86CB,九智段,1.61,都市：住,183556,7296,持分移轉,10380027
RPPNMLTKNHHGFAT86CB,九智段,.37,都市：住,183556,7296,持分移轉,10390001
RPPNMLTKNHHGFAT86CB,九智段,6.04,都市：農,53,1,持分移轉,10370000
RPPNMLQLNHHGFAT66CB,香揚段一小段,5.05,都市：住,100000,170,持分移轉,00300000
RPPNMLQLNHHGFAT66CB,香揚段一小段,1.38,都市：住,100000,170,持分移轉,00300001
RPPNMLQLNHHGFAT66CB,香揚段一小段,17.43,都市：住,100000,170,持分移轉,00120000
RPPNMLQLNHHGFAT66CB,香揚段一小段,4.82,都市：住,100000,170,持分移轉,00120001
RPPNMLNLNHHGFAT98CB,新安段,21.84,非都市：鄉村區 ; 非都市編定：乙種建築用地,1000000,5727,持分移轉,13210000
RPQNMLQLNHHGFAT76CB,香揚段一小段,12.87,都市：住,100000,433,持分移轉,00300000
RPQNMLQLNHHGFAT76CB,香揚段一小段,3.52,都市：住,100000,433,持分移轉,00300001
RPQNMLQLNHHGFAT76CB,香揚段一小段,44.38,都市：住,100000,433,持分移轉,00120000
RPQNMLQLNHHGFAT76CB,香揚段一小段,12.28,都市：住,100000,433,持分移轉,00120001
RPQNMLRLNHHGFAT86CB,九智段,72.96,都市：住,1,1,全筆移轉,10380022
RPQNMLRLNHHGFAT86CB,九智段,14.49,都市：住,183556,7296,持分移轉,10380001
RPQNMLRLNHHGFAT86CB,九智段,.46,都市：住,53,1,持分移轉,10380002
RPQNMLRLNHHGFAT86CB,九智段,1.61,都市：住,183556,7296,持分移轉,10380027
RPQNMLRLNHHGFAT86CB,九智段,.37,都市：住,183556,7296,持分移轉,10390001
RPQNMLRLNHHGFAT86CB,九智段,6.04,都市：農,53,1,持分移轉,10370000
RPPNMLRLNHHGFAT76CB,九智段,72.96,都市：住,1,1,全筆移轉,10380008
RPPNMLRLNHHGFAT76CB,九智段,14.49,都市：住,183556,7296,持分移轉,10380001
RPPNMLRLNHHGFAT76CB,九智段,.46,都市：住,53,1,持分移轉,10380002
RPPNMLRLNHHGFAT76CB,九智段,1.61,都市：住,183556,7296,持分移轉,10380027
RPPNMLRLNHHGFAT76CB,九智段,.37,都市：住,183556,7296,持分移轉,10390001
RPPNMLRLNHHGFAT76CB,九智段,6.04,都市：農,53,1,持分移轉,10370000
RPUNMLQLNHHGFAT17CB,林內段,27.98,都市：住,100000,5068,持分移轉,07260000
RPQNMLLJOHHGFAT78CB,新安段,21.83,非都市：鄉村區 ; 非都市編定：乙種建築用地,1000000,5725,持分移轉,13210000
RPPNMLLJOHHGFAT68CB,新安段,21.83,非都市：鄉村區 ; 非都市編定：乙種建築用地,1000000,5725,持分移轉,13210000
RPPNMLKMNHHGFAT78CB,歸義段,26.02,非都市：一般農業區 ; 非都市編定：甲種建築用地,100000,959,持分移轉,05370000
RPPNMLKMNHHGFAT78CB,歸義段,1.55,非都市：一般農業區 ; 非都市編定：丁種建築用地,100000,959,持分移轉,05360002
RPRNMLLJOHHGFAT88CB,新安段,23.12,非都市：鄉村區 ; 非都市編定：乙種建築用地,1000000,6063,持分移轉,13210000
RPPNMLMJOHHGFAT78CB,香潭段,37.83,非都市：一般農業區 ; 非都市編定：甲種建築用地,100000,3339,持分移轉,12360000
RPQNMLKMNHHGFCT09CB,崙潮段,100.60,非都市：一般農業區 ; 非都市編定：甲種建築用地,1,1,全筆移轉,03550071
RPQNMLKMNHHGFCT09CB,崙潮段,26.68,非都市：一般農業區 ; 非都市編定：甲種建築用地,8,1,持分移轉,03550070
RPQNMLMJOHHGFAT88CB,香潭段,39.98,非都市：一般農業區 ; 非都市編定：甲種建築用地,100000,3529,持分移轉,12360000
RPPNMLOJOHHGFAT98CB,新安段,29.16,非都市：鄉村區 ; 非都市編定：乙種建築用地,1000000,7647,持分移轉,13210000
RPPNMLPJOHHGFAT09CB,長治段,35.26,都市：住,10000,362,持分移轉,00780001
RPQNMLKKOHHGFAT78CB,麟和段,14.34,非都市：一般農業區 ; 非都市編定：甲種建築用地,1000,31,持分移轉,06880000
RPQNMLKKOHHGFAT78CB,麟和段,16.45,非都市：一般農業區 ; 非都市編定：甲種建築用地,33,1,持分移轉,06880004
RPPNMLTJOHHGFAT86CB,新安段,21.84,非都市：鄉村區 ; 非都市編定：乙種建築用地,1000000,5727,持分移轉,13210000
RPPNMLSJOHHGFCT96CB,新勢段,110.00,非都市：鄉村區 ; 非都市編定：乙種建築用地,1,1,全筆移轉,12890007
RPPNMLSJOHHGFCT96CB,新勢段,28.38,非都市：鄉村區 ; 非都市編定：乙種建築用地,128,21,持分移轉,12890010
RPPNMLSJOHHGFCT96CB,新勢段,2.46,非都市：鄉村區 ; 非都市編定：乙種建築用地,128,21,持分移轉,12890011
RPPNMLSJOHHGFCT96CB,新勢段,8.40,非都市：鄉村區 ; 非都市編定：乙種建築用地,35,3,持分移轉,12890002
RPPNMLSJOHHGFCT96CB,新勢段,2.43,非都市：鄉村區 ; 非都市編定：乙種建築用地,7,1,持分移轉,12890008
RPPNMLSJOHHGFDT07CB,新孝段,30.96,都市：住,100000,2057,持分移轉,03740000
RPRNMLMJOHHGFAT98CB,香潭段,39.98,非都市：一般農業區 ; 非都市編定：甲種建築用地,100000,3529,持分移轉,12360000
RPRNMLKKOHHGFAT88CB,麟和段,14.34,非都市：一般農業區 ; 非都市編定：甲種建築用地,1000,31,持分移轉,06880000
RPRNMLKKOHHGFAT88CB,麟和段,16.45,非都市：一般農業區 ; 非都市編定：甲種建築用地,33,1,持分移轉,06880004
RPSNMLKKOHHGFAT98CB,新安段,21.84,非都市：鄉村區 ; 非都市編定：乙種建築用地,1000000,5727,持分移轉,13210000
RPUNMLKKOHHGFAT56CB,新安段,21.84,非都市：鄉村區 ; 非都市編定：乙種建築用地,1000000,5727,持分移轉,13210000
RPTNMLKKOHHGFAT09CB,新安段,22.31,非都市：鄉村區 ; 非都市編定：乙種建築用地,1000000,5851,持分移轉,13210000
RPQNMLLKOHHGFDT56CB,三隆段,32.63,非都市：鄉村區 ; 非都市編定：乙種建築用地,10000,321,持分移轉,06210000
RPQNMLNKOHHGFCT66CB,復興段,113.22,都市：住,1,1,全筆移轉,05210006
RPPNMLNKOHHGFCT56CB,復興段,113.22,都市：住,1,1,全筆移轉,05210015
RPQNMLMKOHHGFCT56CB,潮中段,25.45,都市：住,10000,623,持分移轉,02380009
RPPNMLMKOHHGFCT09CB,潮中段,30.49,都市：住,10000,336,持分移轉,02380000
RPRNMLNKOHHGFCT76CB,復興段,47.70,都市：住,100000,4774,持分移轉,05210016
RPPNMLNKOHHGFDT66CB,新義段,23.25,都市：住,100000,584,持分移轉,00070010
RPPNMLNKOHHGFAT98CB,香揚段一小段,12.87,都市：住,100000,433,持分移轉,00300000
RPPNMLNKOHHGFAT98CB,香揚段一小段,3.52,都市：住,100000,433,持分移轉,00300001
RPPNMLNKOHHGFAT98CB,香揚段一小段,44.38,都市：住,100000,433,持分移轉,00120000
RPPNMLNKOHHGFAT98CB,香揚段一小段,12.28,都市：住,100000,433,持分移轉,00120001
RPQNMLNKOHHGFAT09CB,香揚段一小段,3.33,都市：住,100000,112,持分移轉,00300000
RPQNMLNKOHHGFAT09CB,香揚段一小段,.91,都市：住,100000,112,持分移轉,00300001
RPQNMLNKOHHGFAT09CB,香揚段一小段,11.48,都市：住,100000,112,持分移轉,00120000
RPQNMLNKOHHGFAT09CB,香揚段一小段,3.18,都市：住,100000,112,持分移轉,00120001
RPSNMLNKOHHGFAT66CB,香揚段一小段,4.91,都市：住,100000,165,持分移轉,00300000
RPSNMLNKOHHGFAT66CB,香揚段一小段,1.34,都市：住,100000,165,持分移轉,00300001
RPSNMLNKOHHGFAT66CB,香揚段一小段,16.91,都市：住,100000,165,持分移轉,00120000
RPSNMLNKOHHGFAT66CB,香揚段一小段,4.68,都市：住,100000,165,持分移轉,00120001
RPRNMLNKOHHGFAT56CB,香揚段一小段,4.93,都市：住,100000,166,持分移轉,00300000
RPRNMLNKOHHGFAT56CB,香揚段一小段,1.35,都市：住,100000,166,持分移轉,00300001
RPRNMLNKOHHGFAT56CB,香揚段一小段,17.02,都市：住,100000,166,持分移轉,00120000
RPRNMLNKOHHGFAT56CB,香揚段一小段,4.71,都市：住,100000,166,持分移轉,00120001
RPUNMLNKOHHGFAT86CB,廣興段,26.12,非都市：鄉村區 ; 非都市編定：乙種建築用地,1000000,12438,持分移轉,10110000
RPTNMLNKOHHGFAT76CB,香揚段一小段,4.73,都市：住,100000,159,持分移轉,00300000
RPTNMLNKOHHGFAT76CB,香揚段一小段,1.29,都市：住,100000,159,持分移轉,00300001
RPTNMLNKOHHGFAT76CB,香揚段一小段,16.30,都市：住,100000,159,持分移轉,00120000
RPTNMLNKOHHGFAT76CB,香揚段一小段,4.51,都市：住,100000,159,持分移轉,00120001
RPPNMLPKOHHGFAT56CB,廣興段,22.48,非都市：鄉村區 ; 非都市編定：乙種建築用地,1000000,10705,持分移轉,10110000
RPVNMLNKOHHGFAT96CB,廣興段,27.10,非都市：鄉村區 ; 非都市編定：乙種建築用地,1000000,12905,持分移轉,10110000
RPQNMLPKOHHGFAT66CB,斯文段,23.57,都市：住,10000,77,持分移轉,12980000
RPPNMLQKOHHGFAT66CB,九智段,72.96,都市：住,1,1,全筆移轉,10380011
RPPNMLQKOHHGFAT66CB,九智段,14.49,都市：住,183556,7296,持分移轉,10380001
RPPNMLQKOHHGFAT66CB,九智段,.46,都市：住,53,1,持分移轉,10380002
RPPNMLQKOHHGFAT66CB,九智段,1.61,都市：住,183556,7296,持分移轉,10380027
RPPNMLQKOHHGFAT66CB,九智段,.37,都市：住,183556,7296,持分移轉,10390001
RPPNMLQKOHHGFAT66CB,九智段,6.04,都市：農,53,1,持分移轉,10370000
RPPNMLQKOHHGFBT76CB,春林段,41.24,都市：住,10000,275,持分移轉,02330001
RPPNMLSKOHHGFAT86CB,潭頭段,.16,都市：商,100000,5461,持分移轉,02990001
RPPNMLSKOHHGFAT86CB,潭頭段,21.74,都市：商,100000,5461,持分移轉,03010000
RPQNMLQKOHHGFBT86CB,春林段,41.24,都市：住,10000,275,持分移轉,02330001
RPPNMLKLOHHGFDT09CB,新和段,40.35,都市：住,100000,5157,持分移轉,00260000
RPPNMLKLOHHGFAT78CB,斯文段,23.57,都市：住,10000,77,持分移轉,12980000
RPQNMLKLOHHGFDT56CB,關帝段,26.56,都市：住,100000,1158,持分移轉,09660000
RPRNMLKLOHHGFDT66CB,新和段,36.89,都市：住,100000,4715,持分移轉,00260000
RPTNMLKLOHHGFDT86CB,新和段,39.22,都市：住,100000,5012,持分移轉,00260000
RPSNMLKLOHHGFDT76CB,新和段,40.35,都市：住,100000,5157,持分移轉,00260000
RPUNMLKLOHHGFDT96CB,新和段,40.35,都市：住,100000,5157,持分移轉,00260000
RPPNMLKLOHHGFCT98CB,新埔段,130.00,都市：住,1,1,全筆移轉,21400004
RPVNMLKLOHHGFDT07CB,新和段,36.89,都市：住,100000,4715,持分移轉,00260000
RPPNMLLLOHHGFDT56CB,新和段,39.22,都市：住,100000,5012,持分移轉,00260000
RPRNMLLLOHHGFDT76CB,龍帝段,88.60,都市：住,1,1,全筆移轉,08120005
RPQNMLLLOHHGFDT66CB,龍帝段,95.08,都市：住,1,1,全筆移轉,08120007
RPTNMLLLOHHGFDT96CB,龍帝段,88.60,都市：住,1,1,全筆移轉,08120005
RPSNMLLLOHHGFDT86CB,龍帝段,95.08,都市：住,1,1,全筆移轉,08120007
RPUNMLLLOHHGFDT07CB,新和段,39.22,都市：住,100000,5012,持分移轉,00260000
RPPNMLMLOHHGFAT98CB,香潭段,28.00,非都市：一般農業區 ; 非都市編定：甲種建築用地,100000,2471,持分移轉,12360000
RPRNMLNLOHHGFAT66CB,香潭段,32.80,非都市：一般農業區 ; 非都市編定：甲種建築用地,100000,2895,持分移轉,12360000
RPQNMLMLOHHGFAT09CB,香潭段,37.83,非都市：一般農業區 ; 非都市編定：甲種建築用地,100000,3339,持分移轉,12360000
RPQNMLNLOHHGFAT56CB,香潭段,28.00,非都市：一般農業區 ; 非都市編定：甲種建築用地,100000,2471,持分移轉,12360000
RPUNMLNLOHHGFAT96CB,新歸來段,9.84,都市：農,100000,1654,持分移轉,07910000
RPUNMLNLOHHGFAT96CB,新歸來段,22.65,非都市：鄉村區 ; 非都市編定：乙種建築用地,100000,1654,持分移轉,07900000
RPSNMLNLOHHGFAT76CB,香潭段,28.00,非都市：一般農業區 ; 非都市編定：甲種建築用地,100000,2471,持分移轉,12360000
RPVNMLNLOHHGFAT07CB,新歸來段,9.84,都市：農,100000,1654,持分移轉,07910000
RPVNMLNLOHHGFAT07CB,新歸來段,22.65,非都市：鄉村區 ; 非都市編定：乙種建築用地,100000,1654,持分移轉,07900000
RPPNMLPLOHHGFAT66CB,新安段,28.40,非都市：鄉村區 ; 非都市編定：乙種建築用地,1000000,7448,持分移轉,13210000
RPQNMLPLOHHGFAT76CB,廣興段,22.48,非都市：鄉村區 ; 非都市編定：乙種建築用地,1000000,10705,持分移轉,10110000
RPPNMLOLOHHGFDT86CB,新和段,39.22,都市：住,100000,5012,持分移轉,00260000
RPQNMLRLOHHGFAT96CB,新歸來段,9.84,都市：農,100000,1654,持分移轉,07910000
RPQNMLRLOHHGFAT96CB,新歸來段,22.65,非都市：鄉村區 ; 非都市編定：乙種建築用地,100000,1654,持分移轉,07900000
RPPNMLRLOHHGFAT86CB,新歸來段,7.36,都市：農,100000,1238,持分移轉,07910000
RPPNMLRLOHHGFAT86CB,新歸來段,16.95,非都市：鄉村區 ; 非都市編定：乙種建築用地,100000,1238,持分移轉,07900000
RPPNMLRLOHHGFDT17CB,新孝段,30.96,都市：住,100000,2057,持分移轉,03740000
RPQNMLRLOHHGFDT27CB,新孝段,24.95,都市：住,100000,1658,持分移轉,03740000
RPQNMLTLOHHGFCT37CB,和興段,21.20,都市：住,100000,727,持分移轉,01880000
RPRNMLTLOHHGFCT47CB,和興段,30.68,都市：住,100000,1052,持分移轉,01880000
RPPNMLTLOHHGFAT07CB,九智段,72.96,都市：住,1,1,全筆移轉,10380010
RPPNMLTLOHHGFAT07CB,九智段,14.49,都市：住,183556,7296,持分移轉,10380001
RPPNMLTLOHHGFAT07CB,九智段,.46,都市：住,53,1,持分移轉,10380002
RPPNMLTLOHHGFAT07CB,九智段,1.61,都市：住,183556,7296,持分移轉,10380027
RPPNMLTLOHHGFAT07CB,九智段,.37,都市：住,183556,7296,持分移轉,10390001
RPPNMLTLOHHGFAT07CB,九智段,6.04,都市：農,53,1,持分移轉,10370000
RPRNMLRLOHHGFDT37CB,新孝段,24.95,都市：住,100000,1658,持分移轉,03740000
RPSNMLRLOHHGFDT47CB,新孝段,24.94,都市：住,100000,1657,持分移轉,03740000
RPPNMLKMOHHGFAT88CB,新歸來段,9.84,都市：農,100000,1654,持分移轉,07910000
RPPNMLKMOHHGFAT88CB,新歸來段,22.65,非都市：鄉村區 ; 非都市編定：乙種建築用地,100000,1654,持分移轉,07900000
RPQNMLTLOHHGFAT17CB,新安段,21.83,非都市：鄉村區 ; 非都市編定：乙種建築用地,1000000,5725,持分移轉,13210000
RPQNMLKMOHHGFAT98CB,新歸來段,9.84,都市：農,100000,1654,持分移轉,07910000
RPQNMLKMOHHGFAT98CB,新歸來段,22.65,非都市：鄉村區 ; 非都市編定：乙種建築用地,100000,1654,持分移轉,07900000
RPPNMLKMOHHGFBT98CB,永春段,88.35,都市：住,1,1,全筆移轉,00660005
RPPNMLLJPHHGFDT09CB,新和段,40.51,都市：住,100000,5178,持分移轉,00260000
RPQNMLLJPHHGFDT56CB,新和段,40.51,都市：住,100000,5178,持分移轉,00260000
RPRNMLLJPHHGFDT66CB,新和段,36.89,都市：住,100000,4715,持分移轉,00260000
RPSNMLLJPHHGFDT76CB,新和段,40.51,都市：住,100000,5178,持分移轉,00260000
RPRNMLLJPHHGFAT98CB,新歸來段,9.84,都市：農,100000,1654,持分移轉,07910000
RPRNMLLJPHHGFAT98CB,新歸來段,22.65,非都市：鄉村區 ; 非都市編定：乙種建築用地,100000,1654,持分移轉,07900000
RPQNMLOJPHHGFAT56CB,香揚段一小段,4.73,都市：住,100000,159,持分移轉,00300000
RPQNMLOJPHHGFAT56CB,香揚段一小段,1.29,都市：住,100000,159,持分移轉,00300001
RPQNMLOJPHHGFAT56CB,香揚段一小段,16.30,都市：住,100000,159,持分移轉,00120000
RPQNMLOJPHHGFAT56CB,香揚段一小段,4.51,都市：住,100000,159,持分移轉,00120001
RPSNMLLJPHHGFAT09CB,新歸來段,7.37,都市：農,100000,1239,持分移轉,07910000
RPSNMLLJPHHGFAT09CB,新歸來段,16.96,非都市：鄉村區 ; 非都市編定：乙種建築用地,100000,1239,持分移轉,07900000
RPRNMLOJPHHGFAT66CB,香揚段一小段,4.58,都市：住,100000,154,持分移轉,00300000
RPRNMLOJPHHGFAT66CB,香揚段一小段,1.25,都市：住,100000,154,持分移轉,00300001
RPRNMLOJPHHGFAT66CB,香揚段一小段,15.79,都市：住,100000,154,持分移轉,00120000
RPRNMLOJPHHGFAT66CB,香揚段一小段,4.37,都市：住,100000,154,持分移轉,00120001
RPTNMLLJPHHGFAT56CB,復興段,22.76,非都市：鄉村區 ; 非都市編定：乙種建築用地,10000,445,持分移轉,00350000
RPPNMLOJPHHGFAT09CB,香揚段一小段,12.87,都市：住,100000,433,持分移轉,00300000
RPPNMLOJPHHGFAT09CB,香揚段一小段,3.52,都市：住,100000,433,持分移轉,00300001
RPPNMLOJPHHGFAT09CB,香揚段一小段,44.38,都市：住,100000,433,持分移轉,00120000
RPPNMLOJPHHGFAT09CB,香揚段一小段,12.28,都市：住,100000,433,持分移轉,00120001
RPSNMLOJPHHGFAT76CB,香揚段一小段,4.73,都市：住,100000,159,持分移轉,00300000
RPSNMLOJPHHGFAT76CB,香揚段一小段,1.29,都市：住,100000,159,持分移轉,00300001
RPSNMLOJPHHGFAT76CB,香揚段一小段,16.30,都市：住,100000,159,持分移轉,00120000
RPSNMLOJPHHGFAT76CB,香揚段一小段,4.51,都市：住,100000,159,持分移轉,00120001
RPTNMLOJPHHGFAT86CB,香揚段一小段,4.91,都市：住,100000,165,持分移轉,00300000
RPTNMLOJPHHGFAT86CB,香揚段一小段,1.34,都市：住,100000,165,持分移轉,00300001
RPTNMLOJPHHGFAT86CB,香揚段一小段,16.91,都市：住,100000,165,持分移轉,00120000
RPTNMLOJPHHGFAT86CB,香揚段一小段,4.68,都市：住,100000,165,持分移轉,00120001
RPUNMLOJPHHGFAT96CB,香揚段一小段,5.05,都市：住,100000,170,持分移轉,00300000
RPUNMLOJPHHGFAT96CB,香揚段一小段,1.38,都市：住,100000,170,持分移轉,00300001
RPUNMLOJPHHGFAT96CB,香揚段一小段,17.43,都市：住,100000,170,持分移轉,00120000
RPUNMLOJPHHGFAT96CB,香揚段一小段,4.82,都市：住,100000,170,持分移轉,00120001
RPVNMLOJPHHGFAT07CB,香揚段一小段,5.05,都市：住,100000,170,持分移轉,00300000
RPVNMLOJPHHGFAT07CB,香揚段一小段,1.38,都市：住,100000,170,持分移轉,00300001
RPVNMLOJPHHGFAT07CB,香揚段一小段,17.43,都市：住,100000,170,持分移轉,00120000
RPVNMLOJPHHGFAT07CB,香揚段一小段,4.82,都市：住,100000,170,持分移轉,00120001
RPWNMLOJPHHGFAT17CB,香揚段一小段,4.91,都市：住,100000,165,持分移轉,00300000
RPWNMLOJPHHGFAT17CB,香揚段一小段,1.34,都市：住,100000,165,持分移轉,00300001
RPWNMLOJPHHGFAT17CB,香揚段一小段,16.91,都市：住,100000,165,持分移轉,00120000
RPWNMLOJPHHGFAT17CB,香揚段一小段,4.68,都市：住,100000,165,持分移轉,00120001
RPPNMLPJPHHGFAT56CB,大埔段二小段,30.58,都市：住,100000,1445,持分移轉,03960000
RPXNMLOJPHHGFAT27CB,九智段,72.96,都市：住,1,1,全筆移轉,10380021
RPXNMLOJPHHGFAT27CB,九智段,14.49,都市：住,183556,7296,持分移轉,10380001
RPXNMLOJPHHGFAT27CB,九智段,.46,都市：住,53,1,持分移轉,10380002
RPXNMLOJPHHGFAT27CB,九智段,1.61,都市：住,183556,7296,持分移轉,10380027
RPXNMLOJPHHGFAT27CB,九智段,.37,都市：住,183556,7296,持分移轉,10390001
RPXNMLOJPHHGFAT27CB,九智段,6.04,都市：農,53,1,持分移轉,10370000
RPPNMLQJPHHGFAT66CB,麟和段,14.34,非都市：一般農業區 ; 非都市編定：甲種建築用地,1000,31,持分移轉,06880000
RPPNMLQJPHHGFAT66CB,麟和段,16.45,非都市：一般農業區 ; 非都市編定：甲種建築用地,33,1,持分移轉,06880004
RPQNMLQJPHHGFAT76CB,斯文段,23.57,都市：住,10000,77,持分移轉,12980000
RPRNMLQJPHHGFDT17CB,龍帝段,110.90,都市：住,1,1,全筆移轉,08120009
RPRNMLQJPHHGFDT17CB,龍帝段,24.07,都市：其他:綠地,1,1,全筆移轉,08340000
RPPNMLQJPHHGFDT96CB,龍帝段,26.32,都市：住,10000,206,持分移轉,08120008
RPQNMLQJPHHGFDT07CB,龍帝段,97.65,都市：住,1,1,全筆移轉,08120000
RPSNMLQJPHHGFDT27CB,龍帝段,99.81,都市：住,1,1,全筆移轉,08120002
RPPNMLRJPHHGFBT86CB,春林段,41.54,都市：住,10000,277,持分移轉,02330001
RPQNMLRJPHHGFAT86CB,萬生段,25.36,都市：住,1000,31,持分移轉,09080000
RPPNMLLKPHHGFAT88CB,香揚段一小段,4.73,都市：住,100000,159,持分移轉,00300000
RPPNMLLKPHHGFAT88CB,香揚段一小段,1.29,都市：住,100000,159,持分移轉,00300001
RPPNMLLKPHHGFAT88CB,香揚段一小段,16.30,都市：住,100000,159,持分移轉,00120000
RPPNMLLKPHHGFAT88CB,香揚段一小段,4.51,都市：住,100000,159,持分移轉,00120001
RPPNMLSJPHHGFAT86CB,新歸來段,9.84,都市：農,100000,1654,持分移轉,07910000
RPPNMLSJPHHGFAT86CB,新歸來段,22.65,非都市：鄉村區 ; 非都市編定：乙種建築用地,100000,1654,持分移轉,07900000
RPQNMLSJPHHGFAT96CB,新歸來段,9.84,都市：農,100000,1654,持分移轉,07910000
RPQNMLSJPHHGFAT96CB,新歸來段,22.65,非都市：鄉村區 ; 非都市編定：乙種建築用地,100000,1654,持分移轉,07900000
RPRNMLLKPHHGFAT09CB,香揚段一小段,10.79,都市：住,100000,363,持分移轉,00300000
RPRNMLLKPHHGFAT09CB,香揚段一小段,2.95,都市：住,100000,363,持分移轉,00300001
RPRNMLLKPHHGFAT09CB,香揚段一小段,37.21,都市：住,100000,363,持分移轉,00120000
RPRNMLLKPHHGFAT09CB,香揚段一小段,10.29,都市：住,100000,363,持分移轉,00120001
RPPNMLKKPHHGFDT09CB,關帝段,92.36,都市：住,1,1,全筆移轉,09660034
RPPNMLLKPHHGFCT09CB,復興段,47.70,都市：住,100000,4774,持分移轉,05210016
RPQNMLLKPHHGFAT98CB,香揚段一小段,4.91,都市：住,100000,165,持分移轉,00300000
RPQNMLLKPHHGFAT98CB,香揚段一小段,1.34,都市：住,100000,165,持分移轉,00300001
RPQNMLLKPHHGFAT98CB,香揚段一小段,16.91,都市：住,100000,165,持分移轉,00120000
RPQNMLLKPHHGFAT98CB,香揚段一小段,4.68,都市：住,100000,165,持分移轉,00120001
RPSNMLLKPHHGFAT56CB,香揚段一小段,4.91,都市：住,100000,165,持分移轉,00300000
RPSNMLLKPHHGFAT56CB,香揚段一小段,1.34,都市：住,100000,165,持分移轉,00300001
RPSNMLLKPHHGFAT56CB,香揚段一小段,16.91,都市：住,100000,165,持分移轉,00120000
RPSNMLLKPHHGFAT56CB,香揚段一小段,4.68,都市：住,100000,165,持分移轉,00120001
RPTNMLLKPHHGFAT66CB,香揚段一小段,3.33,都市：住,100000,112,持分移轉,00300000
RPTNMLLKPHHGFAT66CB,香揚段一小段,.91,都市：住,100000,112,持分移轉,00300001
RPTNMLLKPHHGFAT66CB,香揚段一小段,11.48,都市：住,100000,112,持分移轉,00120000
RPTNMLLKPHHGFAT66CB,香揚段一小段,3.18,都市：住,100000,112,持分移轉,00120001
RPQNMLMKPHHGFAT09CB,勝興段,47.67,都市：住,100000,4465,持分移轉,05320004
RPPNMLMKPHHGFAT98CB,勝興段,30.31,都市：住,100000,2839,持分移轉,05320004
RPQNMLMKPHHGFCT66CB,潮中段,30.49,都市：住,10000,336,持分移轉,02380000
RPPNMLMKPHHGFCT56CB,潮中段,30.49,都市：住,10000,336,持分移轉,02380000
RPRNMLMKPHHGFFT17DB,石光段,88.05,都市：住,1,1,全筆移轉,02680005
RPRNMLMKPHHGFFT17DB,石光段,30.59,都市：住,8,1,持分移轉,02680004
RPRNMLMKPHHGFCT76CB,潮中段,46.33,都市：住,10000,826,持分移轉,02860000
RPPNMLNKPHHGFCT66CB,和興段,30.07,都市：住,100000,1031,持分移轉,01880000
RPPNMLMKPHHGFFT96DB,石光段,70.65,都市：住,1,1,全筆移轉,02480007
RPPNMLMKPHHGFFT96DB,石光段,26.34,都市：住,8,1,持分移轉,02480004
RPQNMLNKPHHGFCT76CB,和興段,21.20,都市：住,100000,727,持分移轉,01880000
RPSNMLNKPHHGFCT96CB,和興段,20.07,都市：住,100000,688,持分移轉,01880000
RPPNMLNKPHHGFAT09CB,麟和段,121.15,非都市：一般農業區 ; 非都市編定：甲種建築用地,1,1,全筆移轉,06880001
RPRNMLNKPHHGFAT66CB,麟和段,121.18,非都市：一般農業區 ; 非都市編定：甲種建築用地,1,1,全筆移轉,06880002
RPQNMLNKPHHGFAT56CB,新歸來段,9.84,都市：農,100000,1654,持分移轉,07910000
RPQNMLNKPHHGFAT56CB,新歸來段,22.65,非都市：鄉村區 ; 非都市編定：乙種建築用地,100000,1654,持分移轉,07900000
RPSNMLNKPHHGFAT76CB,大埔段二小段,30.58,都市：住,100000,1445,持分移轉,03960000
RPTNMLNKPHHGFAT86CB,廣興段,21.79,非都市：鄉村區 ; 非都市編定：乙種建築用地,1000000,10376,持分移轉,10110000
RPUNMLNKPHHGFAT96CB,廣興段,26.12,非都市：鄉村區 ; 非都市編定：乙種建築用地,1000000,12438,持分移轉,10110000
RPQNMLPKPHHGFBT86CB,永春段,91.18,都市：住,1,1,全筆移轉,00130001
RPRNMLPKPHHGFBT96CB,永春段,94.16,都市：住,1,1,全筆移轉,00130002
RPPNMLPKPHHGFBT76CB,永春段,170.24,都市：住,1,1,全筆移轉,00130000
RPPNMLQKPHHGFAT76CB,潭頭段,.17,都市：商,100000,5793,持分移轉,02990001
RPPNMLQKPHHGFAT76CB,潭頭段,23.06,都市：商,100000,5793,持分移轉,03010000
RPRNMLQKPHHGFAT96CB,潭頭段,.16,都市：商,100000,5461,持分移轉,02990001
RPRNMLQKPHHGFAT96CB,潭頭段,21.74,都市：商,100000,5461,持分移轉,03010000
RPQNMLRKPHHGFET37CB,德和段,43.27,非都市：鄉村區 ; 非都市編定：乙種建築用地,100000,4480,持分移轉,04570000
RPQNMLQKPHHGFAT86CB,潭頭段,.17,都市：商,100000,5793,持分移轉,02990001
RPQNMLQKPHHGFAT86CB,潭頭段,23.06,都市：商,100000,5793,持分移轉,03010000
RPRNMLRKPHHGFET47CB,德和段,40.75,非都市：鄉村區 ; 非都市編定：乙種建築用地,100000,4219,持分移轉,04570000
RPSNMLRKPHHGFET57CB,德和段,43.27,非都市：鄉村區 ; 非都市編定：乙種建築用地,100000,4480,持分移轉,04570000
RPPNMLRKPHHGFET27CB,德和段,42.89,非都市：鄉村區 ; 非都市編定：乙種建築用地,100000,4441,持分移轉,04570000
RPTNMLRKPHHGFET67CB,德和段,43.27,非都市：鄉村區 ; 非都市編定：乙種建築用地,100000,4480,持分移轉,04570000
RPUNMLRKPHHGFET77CB,德和段,27.17,非都市：鄉村區 ; 非都市編定：乙種建築用地,100000,2813,持分移轉,04570000
RPWNMLRKPHHGFET97CB,德和段,40.75,非都市：鄉村區 ; 非都市編定：乙種建築用地,100000,4219,持分移轉,04570000
RPVNMLRKPHHGFET87CB,德和段,40.75,非都市：鄉村區 ; 非都市編定：乙種建築用地,100000,4219,持分移轉,04570000
RPXNMLRKPHHGFET08CB,德和段,40.75,非都市：鄉村區 ; 非都市編定：乙種建築用地,100000,4219,持分移轉,04570000
RPPOMLRKPHHGFET37CB,德和段,27.17,非都市：鄉村區 ; 非都市編定：乙種建築用地,100000,2813,持分移轉,04570000
RPOOMLRKPHHGFET27CB,德和段,43.27,非都市：鄉村區 ; 非都市編定：乙種建築用地,100000,4480,持分移轉,04570000
RPROMLRKPHHGFET57CB,德和段,27.17,非都市：鄉村區 ; 非都市編定：乙種建築用地,100000,2813,持分移轉,04570000
RPQOMLRKPHHGFET47CB,德和段,39.09,非都市：鄉村區 ; 非都市編定：乙種建築用地,100000,4047,持分移轉,04570000
RPSOMLRKPHHGFET67CB,德和段,39.09,非都市：鄉村區 ; 非都市編定：乙種建築用地,100000,4047,持分移轉,04570000
RPUOMLRKPHHGFET87CB,德和段,27.17,非都市：鄉村區 ; 非都市編定：乙種建築用地,100000,2813,持分移轉,04570000
RPTOMLRKPHHGFET77CB,德和段,40.75,非都市：鄉村區 ; 非都市編定：乙種建築用地,100000,4219,持分移轉,04570000
RPVOMLRKPHHGFET97CB,德和段,43.27,非都市：鄉村區 ; 非都市編定：乙種建築用地,100000,4480,持分移轉,04570000
RPPNMLTKPHHGFAT07CB,新潭段,44.71,都市：住,10000,408,持分移轉,09800000
RPPNMLKLPHHGFET66CB,德和段,27.17,非都市：鄉村區 ; 非都市編定：乙種建築用地,100000,2813,持分移轉,04570000
RPWNMLSKPHHGFAT67CB,九智段,72.96,都市：住,1,1,全筆移轉,10380023
RPWNMLSKPHHGFAT67CB,九智段,14.49,都市：住,183556,7296,持分移轉,10380001
RPWNMLSKPHHGFAT67CB,九智段,.46,都市：住,53,1,持分移轉,10380002
RPWNMLSKPHHGFAT67CB,九智段,1.61,都市：住,183556,7296,持分移轉,10380027
RPWNMLSKPHHGFAT67CB,九智段,.37,都市：住,183556,7296,持分移轉,10390001
RPWNMLSKPHHGFAT67CB,九智段,6.04,都市：農,53,1,持分移轉,10370000
RPXNMLSKPHHGFAT77CB,九智段,72.96,都市：住,1,1,全筆移轉,10380014
RPXNMLSKPHHGFAT77CB,九智段,14.49,都市：住,183556,7296,持分移轉,10380001
RPXNMLSKPHHGFAT77CB,九智段,.46,都市：住,53,1,持分移轉,10380002
RPXNMLSKPHHGFAT77CB,九智段,1.61,都市：住,183556,7296,持分移轉,10380027
RPXNMLSKPHHGFAT77CB,九智段,.37,都市：住,183556,7296,持分移轉,10390001
RPXNMLSKPHHGFAT77CB,九智段,6.04,都市：農,53,1,持分移轉,10370000
RPPNMLLLPHHGFAT98CB,社安段,23.71,非都市：鄉村區 ; 非都市編定：乙種建築用地,10000,521,持分移轉,02510000
RPTNMLLLPHHGFAT76CB,社安段,25.16,非都市：鄉村區 ; 非都市編定：乙種建築用地,10000,553,持分移轉,02510000
RPSNMLLLPHHGFAT66CB,社安段,23.66,非都市：鄉村區 ; 非都市編定：乙種建築用地,10000,520,持分移轉,02510000
RPQNMLLLPHHGFAT09CB,社安段,23.71,非都市：鄉村區 ; 非都市編定：乙種建築用地,10000,521,持分移轉,02510000
RPPNMLMLPHHGFAT09CB,社安段,32.08,非都市：鄉村區 ; 非都市編定：乙種建築用地,10000,705,持分移轉,02510000
RPUNMLLLPHHGFAT86CB,社安段,23.66,非都市：鄉村區 ; 非都市編定：乙種建築用地,10000,520,持分移轉,02510000
RPQNMLMLPHHGFAT56CB,社安段,32.08,非都市：鄉村區 ; 非都市編定：乙種建築用地,10000,705,持分移轉,02510000
RPPNMLMLPHHGFDT76CB,南龍段,37.81,都市：住,100000,9230,持分移轉,05170000
RPPNMLMLPHHGFCT66CB,豐田段,37.49,都市：住,10000,584,持分移轉,00600000
RPPNMLOLPHHGFDT96CB,關帝段,111.66,都市：住,1,1,全筆移轉,09660036
RPQNMLOLPHHGFDT07CB,關帝段,81.00,都市：住,1,1,全筆移轉,09660032
RPPNMLOLPHHGFAT66CB,香潭段,37.83,非都市：一般農業區 ; 非都市編定：甲種建築用地,100000,3339,持分移轉,12360000
RPPNMLPLPHHGFAT76CB,香揚段一小段,4.73,都市：住,100000,159,持分移轉,00300000
RPPNMLPLPHHGFAT76CB,香揚段一小段,1.29,都市：住,100000,159,持分移轉,00300001
RPPNMLPLPHHGFAT76CB,香揚段一小段,16.30,都市：住,100000,159,持分移轉,00120000
RPPNMLPLPHHGFAT76CB,香揚段一小段,4.51,都市：住,100000,159,持分移轉,00120001
RPQNMLOLPHHGFAT76CB,香潭段,28.00,非都市：一般農業區 ; 非都市編定：甲種建築用地,100000,2471,持分移轉,12360000
RPRNMLPLPHHGFAT96CB,香揚段一小段,4.76,都市：住,100000,160,持分移轉,00300000
RPRNMLPLPHHGFAT96CB,香揚段一小段,1.30,都市：住,100000,160,持分移轉,00300001
RPRNMLPLPHHGFAT96CB,香揚段一小段,16.40,都市：住,100000,160,持分移轉,00120000
RPRNMLPLPHHGFAT96CB,香揚段一小段,4.54,都市：住,100000,160,持分移轉,00120001
RPQNMLPLPHHGFAT86CB,香揚段一小段,4.85,都市：住,100000,163,持分移轉,00300000
RPQNMLPLPHHGFAT86CB,香揚段一小段,1.33,都市：住,100000,163,持分移轉,00300001
RPQNMLPLPHHGFAT86CB,香揚段一小段,16.71,都市：住,100000,163,持分移轉,00120000
RPQNMLPLPHHGFAT86CB,香揚段一小段,4.62,都市：住,100000,163,持分移轉,00120001
RPQNMLSLPHHGFCT37CB,大同段,37.49,非都市：一般農業區 ; 非都市編定：甲種建築用地,100000,3889,持分移轉,12180000
RPSNMLPLPHHGFAT07CB,香揚段一小段,2.88,都市：住,100000,97,持分移轉,00300000
RPSNMLPLPHHGFAT07CB,香揚段一小段,.79,都市：住,100000,97,持分移轉,00300001
RPSNMLPLPHHGFAT07CB,香揚段一小段,9.94,都市：住,100000,97,持分移轉,00120000
RPSNMLPLPHHGFAT07CB,香揚段一小段,2.75,都市：住,100000,97,持分移轉,00120001
RPPNMLPLPHHGFDT07CB,新孝段,24.94,都市：住,100000,1657,持分移轉,03740000
RPPNMLQLPHHGFCT07CB,和興段,30.07,都市：住,100000,1031,持分移轉,01880000
RPSNMLSLPHHGFCT57CB,大同段,37.34,非都市：一般農業區 ; 非都市編定：甲種建築用地,100000,3873,持分移轉,12180000
RPRNMLSLPHHGFCT47CB,大同段,54.04,非都市：一般農業區 ; 非都市編定：甲種建築用地,100000,5606,持分移轉,12180000
RPTNMLSLPHHGFCT67CB,大同段,37.49,非都市：一般農業區 ; 非都市編定：甲種建築用地,100000,3889,持分移轉,12180000
RPQNMLSLPHHGFAT17CB,廣興段,21.79,非都市：鄉村區 ; 非都市編定：乙種建築用地,1000000,10376,持分移轉,10110000
RPPNMLSLPHHGFAT07CB,廣興段,26.12,非都市：鄉村區 ; 非都市編定：乙種建築用地,1000000,12438,持分移轉,10110000
RPRNMLSLPHHGFAT27CB,廣興段,22.48,非都市：鄉村區 ; 非都市編定：乙種建築用地,1000000,10705,持分移轉,10110000
RPPNMLTLPHHGFAT17CB,新潭段,44.71,都市：住,10000,408,持分移轉,09800000
RPRNMLTLPHHGFAT37CB,長治段,33.41,都市：住,10000,343,持分移轉,00780001
RPSNMLSLPHHGFAT37CB,廣興段,22.48,非都市：鄉村區 ; 非都市編定：乙種建築用地,1000000,10705,持分移轉,10110000
RPQNMLTLPHHGFAT27CB,長治段,33.41,都市：住,10000,343,持分移轉,00780001
RPPNMLLJQHHGFAT88CB,九智段,122.92,都市：住,1,1,全筆移轉,10380003
RPPNMLLJQHHGFAT88CB,九智段,24.41,都市：住,183556,12292,持分移轉,10380001
RPPNMLLJQHHGFAT88CB,九智段,.46,都市：住,53,1,持分移轉,10380002
RPPNMLLJQHHGFAT88CB,九智段,2.71,都市：住,183556,12292,持分移轉,10380027
RPPNMLLJQHHGFAT88CB,九智段,.63,都市：住,183556,12292,持分移轉,10390001
RPPNMLLJQHHGFAT88CB,九智段,6.04,都市：農,53,1,持分移轉,10370000
RPPNMLLJQHHGFAT88CB,九智段,30.23,都市：農,1,1,全筆移轉,10370001
RPPNMLLJQHHGFCT09CB,復興段,128.82,都市：住,1,1,全筆移轉,05210011
RPPNMLLJQHHGFCT09CB,復興段,46.38,都市：住,4,1,持分移轉,05210009
RPPNMLMJQHHGFCT56CB,潮中段,45.77,都市：住,10000,816,持分移轉,02860000
RPQNMLLJQHHGFAT98CB,九智段,72.96,都市：住,1,1,全筆移轉,10380009
RPQNMLLJQHHGFAT98CB,九智段,14.49,都市：住,183556,7296,持分移轉,10380001
RPQNMLLJQHHGFAT98CB,九智段,.46,都市：住,53,1,持分移轉,10380002
RPQNMLLJQHHGFAT98CB,九智段,1.61,都市：住,183556,7296,持分移轉,10380027
RPQNMLLJQHHGFAT98CB,九智段,.37,都市：住,183556,7296,持分移轉,10390001
RPQNMLLJQHHGFAT98CB,九智段,6.04,都市：農,53,1,持分移轉,10370000
RPQNMLMJQHHGFCT66CB,潮中段,25.45,都市：住,10000,623,持分移轉,02380009
RPRNMLMJQHHGFCT76CB,潮中段,30.49,都市：住,10000,336,持分移轉,02380000
RPSNMLMJQHHGFCT86CB,大同段,37.94,非都市：一般農業區 ; 非都市編定：甲種建築用地,100000,3936,持分移轉,12180000
RPTNMLMJQHHGFCT96CB,大同段,52.65,非都市：一般農業區 ; 非都市編定：甲種建築用地,100000,5462,持分移轉,12180000
RPPNMLMJQHHGFDT66CB,新義段,20.95,都市：住,100000,526,持分移轉,00070010
RPQNMLMJQHHGFDT76CB,新義段,20.95,都市：住,100000,526,持分移轉,00070010
RPTNMLMJQHHGFDT07CB,新義段,20.95,都市：住,100000,526,持分移轉,00070010
RPRNMLMJQHHGFDT86CB,新義段,20.95,都市：住,100000,526,持分移轉,00070010
RPSNMLMJQHHGFDT96CB,新義段,20.95,都市：住,100000,526,持分移轉,00070010
RPSNMLNJQHHGFAT86DB,新安段,21.84,非都市：鄉村區 ; 非都市編定：乙種建築用地,1000000,5727,持分移轉,13210000
RPUNMLMJQHHGFDT17CB,新義段,20.95,都市：住,100000,526,持分移轉,00070010
RPRNMLNJQHHGFAT76DB,新安段,23.12,非都市：鄉村區 ; 非都市編定：乙種建築用地,1000000,6063,持分移轉,13210000
RPTNMLNJQHHGFAT96DB,新安段,25.15,非都市：鄉村區 ; 非都市編定：乙種建築用地,1000000,6597,持分移轉,13210000
RPPNMLOJQHHGFAT56CB,新歸來段,7.37,都市：農,100000,1239,持分移轉,07910000
RPPNMLOJQHHGFAT56CB,新歸來段,16.96,非都市：鄉村區 ; 非都市編定：乙種建築用地,100000,1239,持分移轉,07900000
RPPNMLNJQHHGFAT09CB,萬興段,64.00,非都市：一般農業區 ; 非都市編定：甲種建築用地,1,1,全筆移轉,20330012
RPPNMLNJQHHGFAT09CB,萬興段,25.38,非都市：一般農業區 ; 非都市編定：甲種建築用地,8,1,持分移轉,20330015
RPQNMLNJQHHGFAT56CB,萬興段,64.00,非都市：一般農業區 ; 非都市編定：甲種建築用地,1,1,全筆移轉,20330020
RPQNMLNJQHHGFAT56CB,萬興段,25.38,非都市：一般農業區 ; 非都市編定：甲種建築用地,8,1,持分移轉,20330015
RPPNMLOJQHHGFBT66CB,春林段,41.54,都市：住,10000,277,持分移轉,02330001
RPPNMLOJQHHGFAT66DB,新安段,23.12,非都市：鄉村區 ; 非都市編定：乙種建築用地,1000000,6063,持分移轉,13210000
RPQNMLOJQHHGFBT76CB,春林段,41.09,都市：住,10000,274,持分移轉,02330001
RPPNMLRJQHHGFAT86CB,香潭段,28.00,非都市：一般農業區 ; 非都市編定：甲種建築用地,100000,2471,持分移轉,12360000
RPQNMLRJQHHGFAT96CB,香潭段,28.00,非都市：一般農業區 ; 非都市編定：甲種建築用地,100000,2471,持分移轉,12360000
RPPNMLTJQHHGFAT07CB,九智段,72.96,都市：住,1,1,全筆移轉,10380012
RPPNMLTJQHHGFAT07CB,九智段,14.49,都市：住,183556,7296,持分移轉,10380001
RPPNMLTJQHHGFAT07CB,九智段,.46,都市：住,53,1,持分移轉,10380002
RPPNMLTJQHHGFAT07CB,九智段,1.61,都市：住,183556,7296,持分移轉,10380027
RPPNMLTJQHHGFAT07CB,九智段,.37,都市：住,183556,7296,持分移轉,10390001
RPPNMLTJQHHGFAT07CB,九智段,6.04,都市：農,53,1,持分移轉,10370000
RPPNMLKKQHHGFAT88CB,勝興段,30.31,都市：住,100000,2839,持分移轉,05320004
RPPNMLLKQHHGFAT98CB,勝興段,47.64,都市：住,100000,4462,持分移轉,05320004
RPQNMLLKQHHGFAT09CB,香揚段一小段,4.58,都市：住,100000,154,持分移轉,00300000
RPQNMLLKQHHGFAT09CB,香揚段一小段,1.25,都市：住,100000,154,持分移轉,00300001
RPQNMLLKQHHGFAT09CB,香揚段一小段,15.79,都市：住,100000,154,持分移轉,00120000
RPQNMLLKQHHGFAT09CB,香揚段一小段,4.37,都市：住,100000,154,持分移轉,00120001
RPRNMLLKQHHGFAT56CB,香揚段一小段,5.05,都市：住,100000,170,持分移轉,00300000
RPRNMLLKQHHGFAT56CB,香揚段一小段,1.38,都市：住,100000,170,持分移轉,00300001
RPRNMLLKQHHGFAT56CB,香揚段一小段,17.43,都市：住,100000,170,持分移轉,00120000
RPRNMLLKQHHGFAT56CB,香揚段一小段,4.82,都市：住,100000,170,持分移轉,00120001
RPSNMLLKQHHGFAT66CB,香揚段一小段,4.58,都市：住,100000,154,持分移轉,00300000
RPSNMLLKQHHGFAT66CB,香揚段一小段,1.25,都市：住,100000,154,持分移轉,00300001
RPSNMLLKQHHGFAT66CB,香揚段一小段,15.79,都市：住,100000,154,持分移轉,00120000
RPSNMLLKQHHGFAT66CB,香揚段一小段,4.37,都市：住,100000,154,持分移轉,00120001
RPUNMLLKQHHGFAT86CB,香揚段一小段,4.67,都市：住,100000,157,持分移轉,00300000
RPUNMLLKQHHGFAT86CB,香揚段一小段,1.28,都市：住,100000,157,持分移轉,00300001
RPUNMLLKQHHGFAT86CB,香揚段一小段,16.09,都市：住,100000,157,持分移轉,00120000
RPUNMLLKQHHGFAT86CB,香揚段一小段,4.45,都市：住,100000,157,持分移轉,00120001
RPTNMLLKQHHGFAT76CB,香揚段一小段,4.93,都市：住,100000,166,持分移轉,00300000
RPTNMLLKQHHGFAT76CB,香揚段一小段,1.35,都市：住,100000,166,持分移轉,00300001
RPTNMLLKQHHGFAT76CB,香揚段一小段,17.02,都市：住,100000,166,持分移轉,00120000
RPTNMLLKQHHGFAT76CB,香揚段一小段,4.71,都市：住,100000,166,持分移轉,00120001
RPVNMLLKQHHGFAT96CB,香揚段一小段,4.73,都市：住,100000,159,持分移轉,00300000
RPVNMLLKQHHGFAT96CB,香揚段一小段,1.29,都市：住,100000,159,持分移轉,00300001
RPVNMLLKQHHGFAT96CB,香揚段一小段,16.30,都市：住,100000,159,持分移轉,00120000
RPVNMLLKQHHGFAT96CB,香揚段一小段,4.51,都市：住,100000,159,持分移轉,00120001
RPWNMLLKQHHGFAT07CB,香揚段一小段,5.05,都市：住,100000,170,持分移轉,00300000
RPWNMLLKQHHGFAT07CB,香揚段一小段,1.38,都市：住,100000,170,持分移轉,00300001
RPWNMLLKQHHGFAT07CB,香揚段一小段,17.43,都市：住,100000,170,持分移轉,00120000
RPWNMLLKQHHGFAT07CB,香揚段一小段,4.82,都市：住,100000,170,持分移轉,00120001
RPPNMLLKQHHGFCT56CB,和興段,36.28,都市：住,100000,1244,持分移轉,01880000
RPPNMLLKQHHGFDT66CB,東港段,10.12,都市：商,10000,150,持分移轉,01490000
RPPNMLLKQHHGFDT66CB,東港段,1.89,都市：商,10000,150,持分移轉,01490003
RPPNMLLKQHHGFDT66CB,東港段,.18,都市：住,10000,150,持分移轉,01490006
RPPNMLLKQHHGFDT66CB,東港段,.06,都市：商,10000,150,持分移轉,01490007
RPPNMLLKQHHGFDT66CB,東港段,1.71,都市：住,10000,150,持分移轉,01510000
RPPNMLLKQHHGFDT66CB,東港段,2.21,都市：商,10000,150,持分移轉,01510001
RPPNMLMKQHHGFAT09CB,新歸來段,9.84,都市：農,100000,1654,持分移轉,07910000
RPPNMLMKQHHGFAT09CB,新歸來段,22.65,非都市：鄉村區 ; 非都市編定：乙種建築用地,100000,1654,持分移轉,07900000
RPRNMLMKQHHGFAT66CB,社安段,25.16,非都市：鄉村區 ; 非都市編定：乙種建築用地,10000,553,持分移轉,02510000
RPQNMLMKQHHGFAT56CB,社安段,32.08,非都市：鄉村區 ; 非都市編定：乙種建築用地,10000,705,持分移轉,02510000
RPQNMLTKQHHGFAT27CB,廣興段,27.10,非都市：鄉村區 ; 非都市編定：乙種建築用地,1000000,12904,持分移轉,10110000
RPPNMLOLQHHGFAT76CB,潭頭段,47.65,都市：住,10000,588,持分移轉,12750000
RPQNMLQKQHHGFCT17CB,大同段,54.04,非都市：一般農業區 ; 非都市編定：甲種建築用地,100000,5606,持分移轉,12180000
RPPNMLTKQHHGFAT17CB,廣興段,21.80,非都市：鄉村區 ; 非都市編定：乙種建築用地,1000000,10379,持分移轉,10110000
RPRNMLTKQHHGFAT37CB,廣興段,27.10,非都市：鄉村區 ; 非都市編定：乙種建築用地,1000000,12904,持分移轉,10110000
RPPNMLTLQHHGFAT27CB,檳榔腳段一小段,26.40,都市：住,10000,174,持分移轉,06900000
RPPNMLKMQHHGFAT09CB,歸義段,17.01,非都市：一般農業區 ; 非都市編定：甲種建築用地,100000,627,持分移轉,05370000
RPPNMLKMQHHGFAT09CB,歸義段,1.01,非都市：一般農業區 ; 非都市編定：丁種建築用地,100000,627,持分移轉,05360002
RPPNMLNJRHHGFCT76CB,蓬萊段,9.91,非都市：鄉村區 ; 非都市編定：乙種建築用地,10000,695,持分移轉,04060000
RPPNMLNJRHHGFCT76CB,蓬萊段,9.93,非都市：鄉村區 ; 非都市編定：乙種建築用地,10000,695,持分移轉,04060002
RPPNMLNJRHHGFCT76CB,蓬萊段,10.93,非都市：鄉村區 ; 非都市編定：乙種建築用地,10000,695,持分移轉,04060003
RPRNMLKMQHHGFAT66CB,歸義段,26.02,非都市：一般農業區 ; 非都市編定：甲種建築用地,100000,959,持分移轉,05370000
RPRNMLKMQHHGFAT66CB,歸義段,1.55,非都市：一般農業區 ; 非都市編定：丁種建築用地,100000,959,持分移轉,05360002
RPRNMLPJRHHGFCT17CB,潮中段,25.45,都市：住,10000,623,持分移轉,02380009
