﻿編號,土地位置,土地移轉面積(平方公尺),使用分區或編定,權利人持分分母,權利人持分分子,移轉情形,地號
The serial number, land position,land shifting area square meter,the use zoning or compiles and checks,,,,land parcel
RPSOMLQKNHHGFAU07CB,宜安段,25.72,都市：住,100000,616,持分移轉,06410000
RPWNMLQKNHHGFAU37CB,嘉南段,36.39,都市：其他:農業區建地目,100000,8832,持分移轉,07050000
RPWNMLQKNHHGFAU37CB,嘉南段,2.29,都市：農,34,1,持分移轉,07060000
RPWNMLQKNHHGFAU37CB,嘉南段,9.62,都市：農,34,1,持分移轉,07060002
RPWNMLQKNHHGFAU37CB,嘉南段,15.00,都市：農,1,1,全筆移轉,07060031
RPWNMLQKNHHGFAU37CB,嘉南段,21.88,都市：農,16,1,持分移轉,07060039
RPQNMLOLNHHGFAU66CB,國光段,49.38,都市：住,8,1,持分移轉,00330001
RPPNMLKLNHHGFAU78CB,民德段,39.72,都市：住,10000,686,持分移轉,05770003
RPPNMLTKNHHGFAU96CB,民享段,15.60,都市：商,100000,1417,持分移轉,11970000
RPPNMLTKNHHGFAU96CB,民享段,2.56,都市：住,100000,1417,持分移轉,11970003
RPRNMLSKNHHGFAU07CB,永安段,28.05,非都市：鄉村區 ; 非都市編定：乙種建築用地,10000,336,持分移轉,03200000
RPPNMLLMNHHGFAU98CB,德安段,11.57,都市：商,100000,1534,持分移轉,09790000
RPSNMLKMNHHGFAU56CB,民德段,39.72,都市：住,10000,686,持分移轉,05770003
RPPNMLQJOHHGFAU66CB,民享段,21.00,都市：商,8,1,持分移轉,05040000
RPQNMLLMNHHGFAU09CB,德安段,11.57,都市：商,100000,1534,持分移轉,09790000
RPSNMLSJOHHGFAU17CB,國光段,49.38,都市：住,8,1,持分移轉,00330001
RPRNMLTJOHHGFAU17CB,林森段,31.19,都市：住,747,32,持分移轉,03330000
RPPNMLSJOHHGFAU96DB,光榮段,110.05,非都市：鄉村區 ; 非都市編定：乙種建築用地,10000,1637,持分移轉,03030000
RPTNMLSJOHHGFAU27CB,裕民段,13.86,都市：商,1000000,29935,持分移轉,05490000
RPQNMLSJOHHGFAU96CB,民享段,15.60,都市：商,100000,1417,持分移轉,11970000
RPQNMLSJOHHGFAU96CB,民享段,2.56,都市：住,100000,1417,持分移轉,11970003
RPQNMLTJOHHGFAU07CB,林森段,31.19,都市：住,747,32,持分移轉,03330000
RPPNMLLKOHHGFAU88CB,慈安段,3.14,都市：住,10000,469,持分移轉,00020000
RPPNMLLKOHHGFAU88CB,慈安段,30.63,都市：住,10000,469,持分移轉,00030000
RPPNMLLKOHHGFAU88CB,慈安段,1.41,都市：住,10000,469,持分移轉,00030013
RPPNMLLKOHHGFAU88CB,慈安段,.52,都市：住,10000,469,持分移轉,00030014
RPQNMLLKOHHGFAU98CB,慈安段,3.06,都市：住,10000,456,持分移轉,00020000
RPQNMLLKOHHGFAU98CB,慈安段,29.78,都市：住,10000,456,持分移轉,00030000
RPQNMLLKOHHGFAU98CB,慈安段,1.37,都市：住,10000,456,持分移轉,00030013
RPQNMLLKOHHGFAU98CB,慈安段,.50,都市：住,10000,456,持分移轉,00030014
RPPNMLOKOHHGFAU56CB,嘉南段,35.71,都市：其他:農業區建地目,100000,2259,持分移轉,07100000
RPPNMLOKOHHGFAU56CB,嘉南段,2.29,都市：農,34,1,持分移轉,07060000
RPPNMLOKOHHGFAU56CB,嘉南段,9.62,都市：農,34,1,持分移轉,07060002
RPPNMLOKOHHGFAU56CB,嘉南段,8.18,都市：農,22,1,持分移轉,07060007
RPPNMLOKOHHGFAU56CB,嘉南段,15.00,都市：農,1,1,全筆移轉,07060004
RPPNMLKKOHHGFAU78CB,慶豐段,29.92,都市：住,100000,1500,持分移轉,08940000
RPQNMLOKOHHGFAU66CB,國風段,30.27,都市：住,10000,250,持分移轉,17560000
RPRNMLOKOHHGFAU76CB,國風段,30.27,都市：住,10000,250,持分移轉,17560000
RPPNMLQKOHHGFAU76CB,嘉南段,113.01,都市：其他:農業區建地目,100000,7148,持分移轉,07100000
RPPNMLQKOHHGFAU76CB,嘉南段,2.29,都市：農,34,1,持分移轉,07060000
RPPNMLQKOHHGFAU76CB,嘉南段,9.62,都市：農,34,1,持分移轉,07060002
RPPNMLQKOHHGFAU76CB,嘉南段,8.18,都市：農,22,1,持分移轉,07060007
RPPNMLQKOHHGFAU76CB,嘉南段,147.00,都市：農,1,1,全筆移轉,07060016
RPSNMLQKOHHGFAU07CB,國風段,20.47,都市：住,10000,169,持分移轉,17560000
RPWNMLQKOHHGFAU47CB,嘉南段,34.88,都市：其他:農業區建地目,100000,8467,持分移轉,07050000
RPWNMLQKOHHGFAU47CB,嘉南段,2.29,都市：農,34,1,持分移轉,07060000
RPWNMLQKOHHGFAU47CB,嘉南段,9.62,都市：農,34,1,持分移轉,07060002
RPWNMLQKOHHGFAU47CB,嘉南段,21.88,都市：農,16,1,持分移轉,07060039
RPWNMLQKOHHGFAU47CB,嘉南段,15.00,都市：農,1,1,全筆移轉,07060041
RPRNMLQKOHHGFAU96CB,國風段,30.27,都市：住,10000,250,持分移轉,17560000
RPVNMLQKOHHGFAU37CB,國風段,20.47,都市：住,10000,169,持分移轉,17560000
RPUNMLQKOHHGFAU27CB,國風段,19.98,都市：住,10000,165,持分移轉,17560000
RPXNMLQKOHHGFAU57CB,國風段,19.98,都市：住,10000,165,持分移轉,17560000
RPOOMLQKOHHGFAU76CB,國風段,19.98,都市：住,10000,165,持分移轉,17560000
RPPNMLTKOHHGFAU07CB,國風段,30.27,都市：住,10000,250,持分移轉,17560000
RPPOMLQKOHHGFAU86CB,宜安段,19.96,都市：住,100000,478,持分移轉,06410000
RPPNMLRKOHHGFCU07CB,玉城段,16.99,都市：住,10000,526,持分移轉,13510000
RPPNMLRKOHHGFCU07CB,玉城段,8.68,都市：住,10000,526,持分移轉,13510005
RPQOMLQKOHHGFAU96CB,宜安段,25.34,都市：住,100000,607,持分移轉,06410000
RPPNMLKLOHHGFCU09CB,玉城段,24.84,都市：住,10000,769,持分移轉,13510000
RPPNMLKLOHHGFCU09CB,玉城段,12.69,都市：住,10000,769,持分移轉,13510005
RPRNMLMLOHHGFAU66CB,吉興段,98.00,都市：農,85118,9800,持分移轉,07430000
RPQNMLLLOHHGFAU09CB,德安段,17.54,都市：商,100000,2326,持分移轉,09790000
RPSOMLQKOHHGFAU17CB,嘉南段,35.71,都市：其他:農業區建地目,100000,2259,持分移轉,07100000
RPSOMLQKOHHGFAU17CB,嘉南段,2.29,都市：農,34,1,持分移轉,07060000
RPSOMLQKOHHGFAU17CB,嘉南段,9.62,都市：農,34,1,持分移轉,07060002
RPSOMLQKOHHGFAU17CB,嘉南段,8.18,都市：農,22,1,持分移轉,07060007
RPSOMLQKOHHGFAU17CB,嘉南段,15.00,都市：農,1,1,全筆移轉,07060012
RPRNMLLLOHHGFAU56CB,德安段,17.54,都市：商,100000,2326,持分移轉,09790000
RPPNMLNLOHHGFAU56CB,仁禮段,27.90,都市：住,1000,128,持分移轉,09680000
RPRNMLNLOHHGFAU76CB,國風段,30.27,都市：住,10000,250,持分移轉,17560000
RPQNMLNLOHHGFAU66CB,國風段,19.98,都市：住,10000,165,持分移轉,17560000
RPSNMLNLOHHGFAU86CB,國風段,30.27,都市：住,10000,250,持分移轉,17560000
RPPNMLOLOHHGFAU66CB,慶豐段,37.73,都市：住,100000,1891,持分移轉,08940000
RPRNMLQLOHHGFAU07CB,永興段,22.63,非都市：鄉村區 ; 非都市編定：乙種建築用地,10000,290,持分移轉,10460001
RPPNMLQLOHHGFAU86CB,永興段,22.71,非都市：鄉村區 ; 非都市編定：乙種建築用地,10000,291,持分移轉,10460001
RPTNMLQLOHHGFAU27CB,永興段,22.63,非都市：鄉村區 ; 非都市編定：乙種建築用地,10000,290,持分移轉,10460001
RPSNMLQLOHHGFAU17CB,永興段,22.71,非都市：鄉村區 ; 非都市編定：乙種建築用地,10000,291,持分移轉,10460001
RPQNMLQLOHHGFAU96CB,永興段,22.63,非都市：鄉村區 ; 非都市編定：乙種建築用地,10000,290,持分移轉,10460001
RPUNMLQLOHHGFAU37CB,永興段,22.71,非都市：鄉村區 ; 非都市編定：乙種建築用地,10000,291,持分移轉,10460001
RPQNMLTLOHHGFAU27CB,國股段,6.75,都市：住,10000,292,持分移轉,05430000
RPQNMLTLOHHGFAU27CB,國股段,13.31,都市：住,10000,292,持分移轉,05500000
RPRNMLKMOHHGFAU56CB,林森段,31.19,都市：住,747,32,持分移轉,03330000
RPSNMLKMOHHGFAU66CB,林森段,24.36,都市：住,747,25,持分移轉,03330000
RPQNMLKMOHHGFAU09CB,林森段,25.34,都市：住,747,26,持分移轉,03330000
RPPNMLLJPHHGFAU98DB,永興段,49.98,非都市：特定農業區 ; 非都市編定：甲種建築用地,712840,49979,持分移轉,06000000
RPRNMLKMOHHGFAU66DB,光榮段,108.98,非都市：鄉村區 ; 非都市編定：乙種建築用地,10000,1621,持分移轉,03030000
RPPNMLKMOHHGFAU98CB,永安段,38.81,非都市：鄉村區 ; 非都市編定：乙種建築用地,10000,465,持分移轉,03200000
RPPNMLLJPHHGFAU88CB,民享段,9.03,都市：商,10000,86,持分移轉,04170000
RPQNMLLJPHHGFAU09DB,永興段,49.98,非都市：特定農業區 ; 非都市編定：甲種建築用地,712840,49979,持分移轉,06000000
RPQNMLLJPHHGFAU98CB,民享段,13.55,都市：商,100000,1231,持分移轉,11970000
RPQNMLLJPHHGFAU98CB,民享段,2.23,都市：住,100000,1231,持分移轉,11970003
RPRNMLLJPHHGFAU09CB,德安段,17.54,都市：商,100000,2326,持分移轉,09790000
RPSNMLLJPHHGFAU56CB,民享段,15.60,都市：商,100000,1417,持分移轉,11970000
RPSNMLLJPHHGFAU56CB,民享段,2.56,都市：住,100000,1417,持分移轉,11970003
RPQNMLQJPHHGFAU86CB,富國段,20.03,都市：住,10000,642,持分移轉,03990000
RPPNMLOJPHHGFAU56CB,民享段,21.00,都市：商,8,1,持分移轉,05040000
RPRNMLPJPHHGFAU86CB,德安段,11.57,都市：商,100000,1534,持分移轉,09790000
RPSNMLPJPHHGFAU96CB,德安段,11.57,都市：商,100000,1534,持分移轉,09790000
RPPNMLQJPHHGFAU76CB,民享段,21.00,都市：商,8,1,持分移轉,05040000
RPQNMLRJPHHGFAU96CB,富國段,20.03,都市：住,10000,642,持分移轉,03990000
RPRNMLRJPHHGFAU07CB,嘉南段,28.37,都市：住,100000,1665,持分移轉,03650000
RPPNMLNKPHHGFAU56CB,慶豐段,37.73,都市：住,100000,1891,持分移轉,08940000
RPQNMLNKPHHGFAU66CB,慶豐段,37.91,都市：住,100000,1900,持分移轉,08940000
RPPNMLLKPHHGFAU98CB,德安段,17.54,都市：商,100000,2326,持分移轉,09790000
RPPNMLMKPHHGFAU09CB,國風段,20.47,都市：住,10000,169,持分移轉,17560000
RPRNMLNKPHHGFAU86DB,慶豐段,89.00,都市：住,1,1,全筆移轉,23180004
RPPNMLNKPHHGFAU66DB,慶豐段,106.00,都市：住,1,1,全筆移轉,23180007
RPSNMLNKPHHGFAU96DB,慶豐段,101.00,都市：住,1,1,全筆移轉,23180008
RPQNMLNKPHHGFAU76DB,慶豐段,95.00,都市：住,1,1,全筆移轉,23180011
RPQNMLOKPHHGFAU76CB,德安段,17.54,都市：商,100000,2326,持分移轉,09790000
RPPNMLOKPHHGFAU66CB,德安段,17.54,都市：商,100000,2326,持分移轉,09790000
RPPNMLPKPHHGFAU76CB,國股段,5.98,都市：住,10000,259,持分移轉,05430000
RPPNMLPKPHHGFAU76CB,國股段,11.80,都市：住,10000,259,持分移轉,05500000
RPPNMLTKPHHGFAU17CB,宜安段,27.35,都市：住,100000,655,持分移轉,06410000
RPQNMLMLPHHGFAU66CB,仁廉段,2.67,都市：住,100000,2756,持分移轉,04300000
RPQNMLMLPHHGFAU66CB,仁廉段,1.38,都市：住,100000,2756,持分移轉,04300001
RPQNMLMLPHHGFAU66CB,仁廉段,.41,都市：住,100000,2756,持分移轉,04300002
RPQNMLMLPHHGFAU66CB,仁廉段,24.34,都市：住,100000,2756,持分移轉,04480000
RPQNMLKLPHHGFAU09CB,國風段,20.47,都市：住,10000,169,持分移轉,17560000
RPPNMLPLPHHGFAU86CB,慈安段,17.31,都市：住,1760,33,持分移轉,07250000
RPPNMLPLPHHGFAU86CB,慈安段,15.69,都市：住,1760,33,持分移轉,07260000
RPQNMLTKPHHGFAU27CB,宜安段,32.23,都市：住,100000,772,持分移轉,06410000
RPQNMLPLPHHGFAU96CB,慈安段,17.31,都市：住,1760,33,持分移轉,07250000
RPQNMLPLPHHGFAU96CB,慈安段,15.69,都市：住,1760,33,持分移轉,07260000
RPPNMLNLPHHGFAU76DB,主商段,23.00,都市：商,5,1,持分移轉,11150000
RPPNMLKLPHHGFAU09DB,慶豐段,36.81,都市：住,10000,790,持分移轉,09060028
RPSNMLQLPHHGFAU27CB,永安段,28.05,非都市：鄉村區 ; 非都市編定：乙種建築用地,10000,336,持分移轉,03200000
RPTNMLQLPHHGFAU37CB,仁禮段,43.70,都市：住,4570,437,持分移轉,09970000
RPPNMLNJQHHGFAU56CB,主商段,23.00,都市：商,5,1,持分移轉,11150000
RPPNMLTLPHHGFAU37DB,慈濟段,116.32,都市：農,58613,11632,持分移轉,00210004
RPPNMLLJQHHGFCU56CB,玉城段,16.99,都市：住,10000,526,持分移轉,13510000
RPPNMLTLPHHGFAU37DB,慈濟段,14.25,都市：農,2880,112,持分移轉,00210001
RPPNMLLJQHHGFCU56CB,玉城段,8.68,都市：住,10000,526,持分移轉,13510005
RPVNMLQLPHHGFAU57CB,福興段,53.61,都市：農,100000,18614,持分移轉,00850000
RPVNMLQLPHHGFAU57CB,福興段,53.61,都市：農,100000,18614,持分移轉,00860000
RPQNMLNJQHHGFAU66CB,德安段,17.54,都市：商,100000,2326,持分移轉,09790000
RPPNMLOJQHHGFAU66CB,嘉南段,35.71,都市：其他:農業區建地目,100000,2259,持分移轉,07100000
RPPNMLOJQHHGFAU66CB,嘉南段,2.29,都市：農,34,1,持分移轉,07060000
RPPNMLOJQHHGFAU66CB,嘉南段,9.62,都市：農,34,1,持分移轉,07060002
RPPNMLOJQHHGFAU66CB,嘉南段,8.18,都市：農,22,1,持分移轉,07060007
RPPNMLOJQHHGFAU66CB,嘉南段,15.00,都市：農,1,1,全筆移轉,07060008
RPQNMLOJQHHGFAU76CB,嘉南段,88.00,都市：農,1,1,全筆移轉,08030010
RPQNMLOJQHHGFAU76CB,嘉南段,35.75,都市：農,8,1,持分移轉,08030000
RPPNMLPJQHHGFCU96CB,玉城段,16.99,都市：住,10000,526,持分移轉,13510000
RPPNMLPJQHHGFCU96CB,玉城段,8.68,都市：住,10000,526,持分移轉,13510005
RPPNMLRJQHHGFAU96CB,國風段,19.98,都市：住,10000,165,持分移轉,17560000
RPPNMLTJQHHGFAU17CB,嘉南段,35.75,都市：農,8,1,持分移轉,08030000
RPPNMLTJQHHGFAU17CB,嘉南段,88.00,都市：農,1,1,全筆移轉,08030010
RPRNMLTJQHHGFAU37CB,裕民段,12.96,都市：住,100000,4045,持分移轉,02320001
RPQNMLTJQHHGFAU27CB,民享段,21.00,都市：商,8,1,持分移轉,05040000
RPPNMLQJQHHGFAU86CB,民享段,15.60,都市：商,100000,1417,持分移轉,11970000
RPPNMLQJQHHGFAU86CB,民享段,2.56,都市：住,100000,1417,持分移轉,11970003
RPQNMLSJQHHGFAU17CB,民享段,15.46,都市：商,1000,42,持分移轉,12050000
RPQNMLSJQHHGFAU17CB,民享段,2.31,都市：住,1000,42,持分移轉,12050002
RPPNMLTJQHHGFAU27DB,永興段,49.98,非都市：特定農業區 ; 非都市編定：甲種建築用地,712840,49979,持分移轉,06000000
RPPNMLLKQHHGFAU09CB,民德段,39.72,都市：住,10000,686,持分移轉,05770003
RPRNMLKKQHHGFAU56CB,德安段,11.36,都市：商,100000,1506,持分移轉,09790000
RPQNMLLKQHHGFAU56CB,國風段,20.47,都市：住,10000,169,持分移轉,17560000
RPPNMLPKQHHGFAU86CB,永興段,20.44,非都市：鄉村區 ; 非都市編定：乙種建築用地,10000,262,持分移轉,10460001
RPUNMLPKQHHGFAU37CB,嘉南段,90.00,都市：農,1,1,全筆移轉,08030004
RPUNMLPKQHHGFAU37CB,嘉南段,35.75,都市：農,8,1,持分移轉,08030000
RPWNMLPKQHHGFAU57CB,永興段,22.71,非都市：鄉村區 ; 非都市編定：乙種建築用地,10000,291,持分移轉,10460001
RPVNMLPKQHHGFAU47CB,永興段,22.63,非都市：鄉村區 ; 非都市編定：乙種建築用地,10000,290,持分移轉,10460001
RPTNMLPKQHHGFAU27CB,嘉南段,88.00,都市：農,1,1,全筆移轉,08030010
RPTNMLPKQHHGFAU27CB,嘉南段,35.75,都市：農,8,1,持分移轉,08030000
RPRNMLRKQHHGFAU27CB,林森段,25.34,都市：住,747,26,持分移轉,03330000
RPSNMLRKQHHGFAU37CB,主權段,26.47,都市：住,1700,60,持分移轉,11340000
RPSNMLPKQHHGFAU17CB,慈安段,1.11,都市：住,100000,5042,持分移轉,15060001
RPSNMLPKQHHGFAU17CB,慈安段,.66,都市：住,100000,5042,持分移轉,15060002
RPWNMLSKQHHGFAU87CB,主權段,26.91,都市：住,1700,61,持分移轉,11340000
RPSNMLPKQHHGFAU17CB,慈安段,5.14,都市：住,100000,5042,持分移轉,15110001
RPSNMLPKQHHGFAU17CB,慈安段,5.04,都市：住,100000,5042,持分移轉,15110002
RPSNMLPKQHHGFAU17CB,慈安段,.76,都市：住,100000,5042,持分移轉,15110003
RPSNMLPKQHHGFAU17CB,慈安段,17.39,都市：住,100000,5042,持分移轉,15120000
RPPNMLKMQHHGFAU56CB,慈安段,17.31,都市：住,1760,33,持分移轉,07250000
RPPNMLKMQHHGFAU56CB,慈安段,15.69,都市：住,1760,33,持分移轉,07260000
RPQNMLKMQHHGFAU66CB,慈安段,17.31,都市：住,1760,33,持分移轉,07250000
RPQNMLKMQHHGFAU66CB,慈安段,15.69,都市：住,1760,33,持分移轉,07260000
RPPOMLMJRHHGFAU66CB,裕民段,.52,都市：住,32050,52,持分移轉,02320001
RPSNMLMJRHHGFAU86CB,慈安段,1.11,都市：住,100000,5042,持分移轉,15060001
RPSNMLMJRHHGFAU86CB,慈安段,.66,都市：住,100000,5042,持分移轉,15060002
RPSNMLMJRHHGFAU86CB,慈安段,5.14,都市：住,100000,5042,持分移轉,15110001
RPSNMLMJRHHGFAU86CB,慈安段,5.04,都市：住,100000,5042,持分移轉,15110002
RPSNMLMJRHHGFAU86CB,慈安段,.76,都市：住,100000,5042,持分移轉,15110003
RPSNMLMJRHHGFAU86CB,慈安段,17.39,都市：住,100000,5042,持分移轉,15120000
