﻿編號,屋齡,建物移轉面積平方公尺,主要用途,主要建材,建築完成日期,總層數,建物分層
The serial number,room age,building shifting area square meter,the main use,main building materials,construction completes the date,total layer,building lamination
RPPNMLQJQHHGFAW07DA,,99.23,集合住宅,鋼筋混凝土造,111年4月14日,五層,三層 陽台
RPPNMLQJQHHGFAW07DA,,13.01,集合住宅：本共有部分之項目有梯廳及昇降機道（維修孔）等２項。,鋼筋混凝土造,111年4月14日,五層,
RPUNMLTJQHHGFAW87DA,,85.18,集合住宅,鋼筋混凝土造,111年4月6日,七層,六層 陽台
RPUNMLTJQHHGFAW87DA,,47.25,集合住宅：本共有部分之項目有梯廳、消防發電機房、電信室、、防空避難室兼具停車空間、平面車位、無障礙車位、雨水滯洪設施、下方污水處理設施、下方消防水池、水塔間及電梯機房等１１項。,鋼筋混凝土造,111年4月6日,七層,
RPPNMLTJQHHGFAW37DA,7,74.80,集合住宅,鋼筋混凝土造,104年12月1日,十層,六層 陽台 雨遮
RPPNMLTJQHHGFAW37DA,7,11.84,共有部分：本共有部分之項目有機械房１項。,鋼筋混凝土造,104年12月1日,十層,
RPPNMLTJQHHGFAW37DA,7,6.15,共有部分：本共有部分之項目有梯廳１項。,鋼筋混凝土造,104年12月1日,十層,
RPPNMLTJQHHGFAW37DA,7,8.27,共有部分：本共有部分之項目有安全梯、昇降機、梯廳、水錶室、屋頂水箱、電梯機械室等６項。,鋼筋混凝土造,104年12月1日,十層,
RPPNMLTJQHHGFAW37DA,7,7.68,共有部分：本共有部分之項目有車道、管委會空間、梯廳、陽台、蓄水池、防空避難室兼停車空間、電信機房、機械室、緊急發電機室、消防泵浦室、昇降機、安全梯、台電配電場所等１３項。本成果表停車位共計４１位。,鋼筋混凝土造,104年12月1日,十層,
RPSNMLTJQHHGFAW67DA,,93.53,集合住宅,鋼筋混凝土造,111年4月14日,五層,一層 陽台
RPSNMLTJQHHGFAW67DA,,12.24,集合住宅：本共有部分之項目有梯廳及昇降機道（維修孔）等２項。,鋼筋混凝土造,111年4月14日,五層,
RPRNMLNLQHHGFAW17DA,1,100.43,集合住宅,鋼筋混凝土造,110年10月21日,四層,四層 陽台
RPRNMLNLQHHGFAW17DA,1,14.77,集合住宅、本共有部分之項目有梯廳、１２人份無障礙電梯、無障礙安全梯、電信室、梯間及機房等６項。,鋼筋混凝土造,110年10月21日,四層,
RPSNMLNLQHHGFAW27DA,2,76.62,集合住宅,鋼筋混凝土造,109年5月29日,五層,四層 陽台
RPSNMLNLQHHGFAW27DA,2,17.80,集合住宅：本共有部分之項目計有無障礙電梯、梯廳、安全梯、梯間、水箱等五項。,鋼筋混凝土造,109年5月29日,五層,
RPQNMLNLQHHGFAW07DA,9,26.06,集合住宅,鋼筋混凝土造,102年3月18日,三層,三層 陽台
RPQNMLNLQHHGFAW07DA,9,2.52,共有部分：本共有部分之項目有樓梯間一項。,鋼筋混凝土造,102年3月18日,三層,
RPSNMLQLQHHGFAW57DA,1,85.94,集合住宅,鋼筋混凝土造,110年6月11日,五層,四層 陽台
RPSNMLQLQHHGFAW57DA,1,20.38,集合住宅：本共有部分項目有電訊室、機電空間、梯廳、門廳等４項。,鋼筋混凝土造,110年6月11日,五層,
RPPNMLNKQHHGFAW86DA,,81.90,集合住宅,鋼筋混凝土造,111年4月6日,七層,七層 陽台
RPPNMLNKQHHGFAW86DA,,45.89,集合住宅：本共有部分之項目有梯廳、消防發電機房、電信室、、防空避難室兼具停車空間、平面車位、無障礙車位、雨水滯洪設施、下方污水處理設施、下方消防水池、水塔間及電梯機房等１１項。,鋼筋混凝土造,111年4月6日,七層,
RPTNMLLMQHHGFAW27DA,1,177.60,住家用,鋼筋混凝土造,111年1月13日,三層,一層 二層 三層 陽台 屋頂突出物
RPSNMLLMQHHGFAW17DA,,111.29,集合住宅,鋼筋混凝土造,111年4月14日,五層,四層 陽台
RPSNMLLMQHHGFAW17DA,,19.59,集合住宅、辦公室、店舖：本共有部份之項目之梯廳、電梯、安全梯及昇降機道（維修孔）等４項,鋼筋混凝土造,111年4月14日,五層,
RPRNMLMLQHHGFAW07DA,17,81.38,住家用,鋼筋混凝土造,94年4月20日,三層,三層 陽台
RPRNMLMLQHHGFAW07DA,17,17.89,樓梯間、屋頂突出物、門廳、管理室、公共儲藏室、受電室、受水池。,鋼筋混凝土造,94年4月20日,三層,
RPPNMLMJRHHGFAW76DA,8,121.76,集合住宅,鋼筋混凝土造,104年2月17日,三層,二層 陽台
RPPNMLMJRHHGFAW76DA,8,11.09,共有部分：本共有部分之項目計有樓梯間、雨遮、水箱、機房等四項。,鋼筋混凝土造,104年2月17日,三層,
RPVNMLPJPHHGFAW47DA,,81.90,集合住宅,鋼筋混凝土造,111年4月6日,七層,三層 陽台
RPVNMLPJPHHGFAW47DA,,32.14,集合住宅：本共有部分之項目有梯廳、消防發電機房、電信室、、防空避難室兼具停車空間、平面車位、無障礙車位、雨水滯洪設施、下方污水處理設施、下方消防水池、水塔間及電梯機房等１１項。,鋼筋混凝土造,111年4月6日,七層,
RPTNMLPJPHHGFAW27DA,10,167.91,集合住宅,鋼筋混凝土造,101年7月11日,三層,一層 二層 三層 陽台
RPSNMLQJPHHGFAW27DA,,81.90,集合住宅,鋼筋混凝土造,111年4月6日,七層,六層 陽台
RPSNMLQJPHHGFAW27DA,,32.14,集合住宅：本共有部分之項目有梯廳、消防發電機房、電信室、、防空避難室兼具停車空間、平面車位、無障礙車位、雨水滯洪設施、下方污水處理設施、下方消防水池、水塔間及電梯機房等１１項。,鋼筋混凝土造,111年4月6日,七層,
RPSNMLSJPHHGFAW47DA,4,67.26,集合住宅,鋼筋混凝土造,107年2月2日,五層,三層 陽台
RPSNMLSJPHHGFAW47DA,4,16.03,共有部分：本共有部分之項目有梯廳、無障礙電梯、安全梯、坡道、樓梯間、機械室及水塔等７項。,鋼筋混凝土造,107年2月2日,五層,
RPQNMLTKPHHGFAW47DA,,177.60,住家用,鋼筋混凝土造,111年1月17日,三層,一層 二層 三層 陽台 屋頂突出物
RPRNMLTKPHHGFAW57DA,1,177.48,住家用,鋼筋混凝土造,111年1月13日,三層,一層 二層 三層 陽台 屋頂突出物
RPTNMLTKPHHGFAW77DA,3,31.24,集合住宅,鋼筋混凝土造,108年2月25日,三層,一層
RPTNMLTKPHHGFAW77DA,3,10.45,共有部分：本共有部有樓梯間１項。,鋼筋混凝土造,108年2月25日,三層,
SPTNMLTKPHHGFAW87DA,3,33.35,集合住宅,鋼筋混凝土造,108年2月25日,三層,二層 陽台
SPTNMLTKPHHGFAW87DA,3,10.45,共有部分：本共有部有樓梯間１項。,鋼筋混凝土造,108年2月25日,三層,
RPPNMLMLPHHGFAW76DA,6,34.28,集合住宅,鋼筋混凝土造,105年11月23日,九層,二層 陽台
RPPNMLMLPHHGFAW76DA,6,16.17,共有部分：本共有部分之項目有停車空間兼防空避難室、水箱、消防泵浦室、電信室、發電機室、台電配電室、梯廳、電樓梯間、（停車空間（一樓）垃圾儲藏空間、管委會辦公室、車道、陽台、雨遮、機械室、消防水池、雨水貯留池、基地內通路穿廊等１８項。,鋼筋混凝土造,105年11月23日,九層,
RPRNMLMLPHHGFAW96DA,1,86.22,一般事務所,鋼筋混凝土造,110年1月13日,七層,六層 陽台
RPRNMLMLPHHGFAW96DA,1,31.61,一般事務所、一般零售業、集合住宅、本共有部分之項目計有雨水貯集滯洪池、防空避難室、無障礙樓梯、消防水池、機房、電信機房、垃圾及資源回收場、電梯廳、水箱、消防機房、緊急發電機、樓梯間等１２項。,鋼筋混凝土造,110年1月13日,七層,
RPSNMLMLPHHGFAW07DA,29,53.78,住家用,鋼筋混凝土加強磚造,82年7月8日,三層,一層 二層 三層 陽台
RPPNMLQLPHHGFAW17DA,1,75.84,集合住宅,鋼筋混凝土造,110年7月21日,三層,一層
RPPNMLQLPHHGFAW17DA,1,18.26,集合住宅、共有部分之項目有管理室、電梯廳、水箱等三項。,鋼筋混凝土造,110年7月21日,三層,
RPQNMLSJPHHGFAW27DA,1,64.43,集合住宅,鋼筋混凝土造,110年10月18日,五層,一層 陽台
RPQNMLSJPHHGFAW27DA,1,13.27,集合住宅、本共有部分之項目計有無障礙昇降機、梯廳、水塔、機械間等４項。,鋼筋混凝土造,110年10月18日,五層,
RPSNMLLJQHHGFAW96EA,2,35.19,旅館,鋼筋混凝土造,109年4月8日,十層,四層 陽台 雨遮
RPSNMLLJQHHGFAW96EA,2,18.57,店舖、集合住宅、本建物共有部分之項目有車道、排風機房、緊急昇降機、客梯兼無障礙電梯、廢水池、消防幫浦室、蓄水池、甲梯、進風機房、防空避難室兼停車空間、電信機房、乙梯、梯廳、汙物處理室、台電受電室、設備空間、機械室、停車空間、迴轉空間、發電機室、排煙室、消防設備空間、雨遮、陽台、管委會空間等共計２５項。,鋼筋混凝土造,109年4月8日,十層,
RPUNMLLJQHHGFAW07DA,1,174.12,住家用,鋼筋混凝土造,111年1月10日,三層,一層 二層 三層 陽台 屋頂突出物
RPTNMLMJQHHGFAW07DA,5,118.07,集合住宅,鋼筋混凝土造,106年11月16日,三層,一層 陽台 地下一層
RPTNMLMJQHHGFAW07DA,5,10.47,共有部分：本共有部分之項目有門廳及樓梯間等２項。,鋼筋混凝土造,106年11月16日,三層,
RPSNMLTLPHHGFAW77DA,,85.18,集合住宅,鋼筋混凝土造,111年4月6日,七層,三層 陽台
RPSNMLTLPHHGFAW77DA,,33.50,集合住宅：本共有部分之項目有梯廳、消防發電機房、電信室、、防空避難室兼具停車空間、平面車位、無障礙車位、雨水滯洪設施、下方污水處理設施、下方消防水池、水塔間及電梯機房等１１項。,鋼筋混凝土造,111年4月6日,七層,
RPRNMLMJQHHGFAW86DA,1,180.62,住家用,鋼筋混凝土造,111年1月17日,三層,一層 二層 三層 陽台 屋頂突出物
RPSNMLSKPHHGFAW57DA,1,85.54,集合住宅,鋼筋混凝土造,110年11月10日,九層,三層 陽台
RPSNMLSKPHHGFAW57DA,1,35.25,店鋪、集合住宅：本共有部分之項目有汽車昇降道、汽車昇降機房、泡沫泵浦室、台電配電室（台電變電基礎台）、升降橫移式機械停車、不銹鋼水箱、甲安全梯（無障礙）、乙安全梯、防空避難室兼停車空間、無障礙電梯、梯廳、消防泵浦室、垃圾暫存區、車道、電信室、管理委員會空間、無障礙廁所、陽台、機房、電梯機房等２０項。。,鋼筋混凝土造,110年11月10日,九層,
RPPNMLSJQHHGFAW27DA,1,177.60,住家用,鋼筋混凝土造,111年1月13日,三層,一層 二層 三層 陽台 屋頂突出物
RPVNMLSKPHHGFAW87DA,4,202.87,集合住宅,鋼筋混凝土造,107年5月14日,三層,一層 二層 三層 陽台
RPVNMLSKPHHGFAW87DA,4,117.97,共有部分：本共有部分之項目計有台電配電場所、配電場所、電表箱空間、電信機房、消防幫浦室、緊急發電機室、水箱、停車空間、污水池、管理室、車道、公共廁所等１２項。,鋼筋混凝土造,107年5月14日,三層,
RPSNMLSJQHHGFAW57DA,1,78.90,集合住宅,鋼筋混凝土造,111年1月10日,三層,一層
RPSNMLSJQHHGFAW57DA,1,16.81,集合住宅、共有部份有樓梯間１項。,鋼筋混凝土造,111年1月10日,三層,
RPQNMLOJQHHGFAW96DA,6,83.44,集合住宅,鋼筋混凝土造,105年4月1日,三層,三層 陽台
RPQNMLOJQHHGFAW96DA,6,6.36,共有部分：本共有部分之項目有樓梯間一項。,鋼筋混凝土造,105年4月1日,三層,
RPQNMLLKQHHGFAW76DA,1,102.39,集合住宅,鋼筋混凝土造,110年10月21日,四層,二層 陽台
RPQNMLLKQHHGFAW76DA,1,16.66,集合住宅、本共有部分之項目有梯廳、１２人份無障礙電梯、無障礙安全梯、電信室、梯間及機房等６項。,鋼筋混凝土造,110年10月21日,四層,
RPUNMLSJQHHGFAW77DA,1,80.71,集合住宅,鋼筋混凝土造,111年1月10日,三層,三層 陽台
RPUNMLSJQHHGFAW77DA,1,16.81,集合住宅、共有部份有樓梯間１項。,鋼筋混凝土造,111年1月10日,三層,
RPTNMLSJQHHGFAW67DA,1,80.71,集合住宅,鋼筋混凝土造,111年1月10日,三層,二層 陽台
RPTNMLSJQHHGFAW67DA,1,16.81,集合住宅、共有部份有樓梯間１項。,鋼筋混凝土造,111年1月10日,三層,
RPSNMLLKQHHGFAW96DA,,175.08,農舍,鋼筋混凝土造,111年6月16日,三層,一層 二層 三層
RPPNMLLMPHHGFAW76DA,,109.14,集合住宅,鋼筋混凝土造,111年4月14日,五層,四層 陽台
RPPNMLLMPHHGFAW76DA,,19.35,集合住宅、辦公室、店舖：本共有部份之項目之梯廳、電梯、安全梯及昇降機道（維修孔）等４項,鋼筋混凝土造,111年4月14日,五層,
RPPNMLLKQHHGFAW66DA,,88.76,集合住宅,鋼筋混凝土造,111年1月27日,五層,三層 陽台
RPPNMLLKQHHGFAW66DA,,17.45,集合住宅：本共有部分計有無障礙電梯、梯廳、機械室、電梯機械室等４項。,鋼筋混凝土造,111年1月27日,五層,
RPPNMLPKQHHGFAW07DA,1,100.43,集合住宅,鋼筋混凝土造,110年10月21日,四層,二層 陽台
RPPNMLPKQHHGFAW07DA,1,14.77,集合住宅、本共有部分之項目有梯廳、１２人份無障礙電梯、無障礙安全梯、電信室、梯間及機房等６項。,鋼筋混凝土造,110年10月21日,四層,
RPTNMLMKQHHGFAW17DA,22,293.82,住宅、儲藏室。,鋼筋混凝土造,89年3月14日,四層,一層 二層 三層 四層 陽台 地下層
RPTNMLSJPHHGFAW57DA,26,103.55,住家用,鋼筋混凝土造,85年2月14日,三層,三層 陽台
RPTNMLSJPHHGFAW57DA,26,11.74,共用部分,鋼筋混凝土（除屋頂突出物為鋼筋混凝土鐵皮造）,85年2月14日,三層,
RPQNMLOLPHHGFAW07DA,2,78.68,集合住宅,鋼筋混凝土造,109年9月4日,四層,四層 陽台
RPQNMLOLPHHGFAW07DA,2,11.07,集合住宅、本共有部分之項目有梯間、機房等二項。,鋼筋混凝土造,109年9月4日,四層,
RPRNMLLKQHHGFAW86DA,,111.29,集合住宅,鋼筋混凝土造,111年4月14日,五層,三層 陽台
RPRNMLLKQHHGFAW86DA,,19.59,集合住宅、辦公室、店舖：本共有部份之項目之梯廳、電梯、安全梯及昇降機道（維修孔）等４項,鋼筋混凝土造,111年4月14日,五層,
RPQNMLMLQHHGFAW96DA,7,40.70,集合住宅,鋼筋混凝土造,104年4月29日,三層,二層 陽台 雨遮
RPQNMLMLQHHGFAW96DA,7,13.36,共有部分：本共有部分之項目計有機房空間、樓梯間、電梯、雨遮、走廊等五項。,鋼筋混凝土造,104年4月29日,三層,
RPQNMLMLQHHGFAW96DA,7,39.78,共有部分：本共有部分之項目計有停車空間一項。,鋼筋混凝土造,104年4月29日,三層,
RPQNMLQLQHHGFAW37DA,1,177.48,住家用,鋼筋混凝土造,111年1月17日,三層,一層 二層 三層 陽台 屋頂突出物
RPPNMLOLQHHGFAW07DA,21,203.09,住家用,鋼筋混凝土造,91年1月4日,四層,一層 二層 三層 四層 陽台
RPQNMLSKPHHGFAW37DA,2,94.58,辦公室,鋼筋混凝土造,109年11月20日,九層,一層 陽台
RPQNMLSKPHHGFAW37DA,2,23.94,辦公室、集合住宅、本共有部分之項目有台電配電室、機電消防室、無障礙安全梯、消防水池、防空避難室兼停車空間、電信室、清水池、環保區、管委會使用空間、走廊兼梯廳、安全梯、梯廳、雨遮、電梯機房、水箱、水錶室等計１６項。,鋼筋混凝土造,109年11月20日,九層,
RPQNMLSJOHHGFAW17DA,1,57.38,集合住宅,鋼筋混凝土造,110年12月3日,五層,五層 陽台
RPQNMLSJOHHGFAW17DA,1,17.15,集合住宅：本共有部分之項目計有受電室、泵浦機房、發電機房、梯廳、電信機房、水箱機房、管委會辦公室、消防機房、機房等９項。,鋼筋混凝土造,110年12月3日,五層,
RPQNMLSJOHHGFAW17DA,1,26.13,集合住宅：本共有部分之項目計有迴車空間、雨水儲集設施兼消防水池、無障礙通路、受電箱、停車位等５項。,鋼筋混凝土造,110年12月3日,五層,
RPSNMLNKOHHGFAW07EA,1,64.03,集合住宅,鋼筋混凝土造,109年12月23日,五層,二層 陽台
RPSNMLNKOHHGFAW07EA,1,13.60,集合住宅：本共有部分之項目計有安全梯、梯廳、梯坑、無障礙通路、電信機房、樓梯間、水箱等七項。,鋼筋混凝土造,109年12月23日,五層,
RPSNMLQKOHHGFAW37EA,5,86.60,集合住宅,鋼筋混凝土造,106年3月17日,三層,二層 陽台
RPSNMLQKOHHGFAW37EA,5,8.06,共有部分：本共有部分之項目計有樓梯間１項。,鋼筋混凝土造,106年3月17日,三層,
RPPNMLTJOHHGFAW17DA,6,93.25,集合住宅,鋼筋混凝土造,105年6月2日,三層,三層 陽台
RPPNMLTJOHHGFAW17DA,6,6.14,共有部分：本共有部分之項目有樓梯間１項。,鋼筋混凝土造,105年6月2日,三層,
RPUNMLOKOHHGFAW27DA,7,40.92,集合住宅,鋼筋混凝土造,104年4月29日,三層,二層 陽台 雨遮
RPUNMLOKOHHGFAW27DA,7,13.44,共有部分：本共有部分之項目計有機房空間、樓梯間、電梯、雨遮、走廊等五項。,鋼筋混凝土造,104年4月29日,三層,
RPPNMLLLOHHGFAW56DA,26,191.60,住家用,鋼筋混凝土造,85年11月11日,二層,一層 二層
RPQNMLPKOHHGFAW96DA,,85.18,集合住宅,鋼筋混凝土造,111年4月6日,七層,七層 陽台
RPQNMLPKOHHGFAW96DA,,46.20,集合住宅：本共有部分之項目有梯廳、消防發電機房、電信室、、防空避難室兼具停車空間、平面車位、無障礙車位、雨水滯洪設施、下方污水處理設施、下方消防水池、水塔間及電梯機房等１１項。,鋼筋混凝土造,111年4月6日,七層,
RPVNMLTJOHHGFAW77DA,,81.90,集合住宅,鋼筋混凝土造,111年4月6日,七層,五層 陽台
RPVNMLTJOHHGFAW77DA,,32.14,集合住宅：本共有部分之項目有梯廳、消防發電機房、電信室、、防空避難室兼具停車空間、平面車位、無障礙車位、雨水滯洪設施、下方污水處理設施、下方消防水池、水塔間及電梯機房等１１項。,鋼筋混凝土造,111年4月6日,七層,
RPUNMLRKOHHGFAW57DA,,85.18,集合住宅,鋼筋混凝土造,111年4月6日,七層,五層 陽台
RPUNMLRKOHHGFAW57DA,,47.25,集合住宅：本共有部分之項目有梯廳、消防發電機房、電信室、、防空避難室兼具停車空間、平面車位、無障礙車位、雨水滯洪設施、下方污水處理設施、下方消防水池、水塔間及電梯機房等１１項。,鋼筋混凝土造,111年4月6日,七層,
RPQNMLSLOHHGFAW37DA,9,190.95,集合住宅,鋼筋混凝土造,102年2月5日,三層,一層 二層 三層 陽台
RPPNMLNLOHHGFAW76DA,9,4.37,共有部分：本共有部分之項目有樓梯間、雨遮及洗衣間等三項。,鋼筋混凝土造,102年8月14日,三層,
RPPNMLNLOHHGFAW76DA,9,27.16,集合住宅,鋼筋混凝土造,102年8月14日,三層,二層 陽台
RPPNMLOLOHHGFAW86DA,4,67.26,集合住宅,鋼筋混凝土造,107年2月2日,五層,四層 陽台
RPPNMLOLOHHGFAW86DA,4,16.03,共有部分：本共有部分之項目有梯廳、無障礙電梯、安全梯、坡道、樓梯間、機械室及水塔等７項。,鋼筋混凝土造,107年2月2日,五層,
RPRNMLRLOHHGFAW37DA,,96.17,集合住宅,鋼筋混凝土造,111年5月2日,三層,一層 陽台
RPRNMLRLOHHGFAW37DA,,17.98,集合住宅：共有部分項目有共同梯間１項。,鋼筋混凝土造,111年5月2日,三層,
RPQNMLRKOHHGFAW17DA,1,102.39,集合住宅,鋼筋混凝土造,110年10月21日,四層,三層 陽台
RPQNMLRKOHHGFAW17DA,1,16.66,集合住宅、本共有部分之項目有梯廳、１２人份無障礙電梯、無障礙安全梯、電信室、梯間及機房等６項。,鋼筋混凝土造,110年10月21日,四層,
RPSNMLRLOHHGFAW47DA,,103.82,集合住宅,鋼筋混凝土造,111年5月2日,三層,二層 陽台
RPSNMLRLOHHGFAW47DA,,17.98,集合住宅：共有部分項目有共同梯間１項。,鋼筋混凝土造,111年5月2日,三層,
RPTNMLRLOHHGFAW57DA,,315.77,農舍,鋼筋混凝土造,111年5月18日,三層,一層 二層 三層 屋頂突出物
RPQNMLTLOHHGFAW47DA,7,40.92,集合住宅,鋼筋混凝土造,104年4月29日,三層,一層 陽台 雨遮
RPQNMLTLOHHGFAW47DA,7,13.44,共有部分：本共有部分之項目計有機房空間、樓梯間、電梯、雨遮、走廊等五項。,鋼筋混凝土造,104年4月29日,三層,
RPQNMLNLOHHGFAW86DA,,94.60,集合住宅,鋼筋混凝土造,111年4月8日,三層,三層 陽台
RPQNMLNLOHHGFAW86DA,,8.82,集合住宅：共有部分之項目有共用梯間一項。,鋼筋混凝土造,111年4月8日,三層,
RPRNMLOJPHHGFAW96DA,12,94.59,集合住宅,鋼筋混凝土造,99年10月18日,七層,六層 陽台
RPRNMLOJPHHGFAW96DA,12,24.45,共有部分，本共有部分之項目有汽車昇降機、安全梯、梯&#24304;、電梯、機房、水箱、樓梯間、電信機房、發電機室、消防泵浦室、蓄水池等等１１項。,鋼筋混凝土造,99年10月18日,七層,
RPRNMLQKOHHGFAW17DA,7,230.28,集合住宅,鋼筋混凝土造,104年2月17日,三層,一層 二層 三層 陽台 屋簷 見其他登記事項
RPVNMLQJPHHGFAW57DA,10,108.88,集合住宅,鋼筋混凝土造,101年10月17日,三層,三層 陽台
RPVNMLQJPHHGFAW57DA,10,8.36,共有部分：本共有部分之項目有樓梯間一項。,鋼筋混凝土造,101年10月17日,三層,
RPPNMLPKPHHGFAW96DA,,103.82,集合住宅,鋼筋混凝土造,111年5月2日,三層,三層 陽台
RPPNMLPKPHHGFAW96DA,,17.98,集合住宅：共有部分項目有共同梯間１項。,鋼筋混凝土造,111年5月2日,三層,
RPQNMLMKPHHGFAW76DA,1,90.68,集合住宅,鋼筋混凝土造,110年10月21日,四層,一層 陽台
RPQNMLMKPHHGFAW76DA,1,14.77,集合住宅、本共有部分之項目有梯廳、１２人份無障礙電梯、無障礙安全梯、電信室、梯間及機房等６項。,鋼筋混凝土造,110年10月21日,四層,
RPRNMLTLOHHGFAW57DA,7,160.00,集合住宅,鋼筋混凝土造,104年9月2日,三層,一層 二層 三層 陽台
RPRNMLQJOHHGFAW07DA,2,78.68,集合住宅,鋼筋混凝土造,109年9月4日,四層,三層 陽台
RPRNMLQJOHHGFAW07DA,2,11.07,集合住宅、本共有部分之項目有梯間、機房等二項。,鋼筋混凝土造,109年9月4日,四層,
RPSNMLSLOHHGFAW57DA,,99.23,集合住宅,鋼筋混凝土造,111年4月14日,五層,二層 陽台
RPSNMLSLOHHGFAW57DA,,13.01,集合住宅：本共有部分之項目有梯廳及昇降機道（維修孔）等２項。,鋼筋混凝土造,111年4月14日,五層,
RPTNMLSLOHHGFAW67DA,,99.23,集合住宅,鋼筋混凝土造,111年4月14日,五層,三層 陽台
RPTNMLSLOHHGFAW67DA,,13.01,集合住宅：本共有部分之項目有梯廳及昇降機道（維修孔）等２項。,鋼筋混凝土造,111年4月14日,五層,
RPUNMLSLOHHGFAW77DA,,99.23,集合住宅,鋼筋混凝土造,111年4月14日,五層,四層 陽台
RPUNMLSLOHHGFAW77DA,,13.01,集合住宅：本共有部分之項目有梯廳及昇降機道（維修孔）等２項。,鋼筋混凝土造,111年4月14日,五層,
RPWNMLSLOHHGFAW97DA,,109.14,集合住宅,鋼筋混凝土造,111年4月14日,五層,三層 陽台
RPWNMLSLOHHGFAW97DA,,19.35,集合住宅、辦公室、店舖：本共有部份之項目之梯廳、電梯、安全梯及昇降機道（維修孔）等４項,鋼筋混凝土造,111年4月14日,五層,
RPXNMLKKOHHGFAW17DA,7,93.80,集合住宅,鋼筋混凝土造,104年7月21日,三層,二層 陽台 雨遮
RPXNMLKKOHHGFAW17DA,7,48.44,共有部分：本共有部分之項目有樓梯間、電梯間、梯廳、機房、電信機房、蓄水池抽水設備、車道、停車場及停車位等９項。,鋼筋混凝土造,104年7月21日,三層,
RPPNMLQJPHHGFAW96DA,5,84.76,集合住宅。,鋼筋混凝土造,106年5月25日,三層,三層 陽台
RPSNMLKMOHHGFAW86DA,5,84.76,集合住宅。,鋼筋混凝土造,106年5月25日,三層,二層 陽台
RPPNMLQJPHHGFAW96DA,5,6.81,共有部分：本共有部分之項目有樓梯間１項。,鋼筋混凝土造,106年5月25日,三層,
RPSNMLKMOHHGFAW86DA,5,6.81,共有部分：本共有部分之項目有樓梯間１項。,鋼筋混凝土造,106年5月25日,三層,
RPPNMLKLOHHGFAW09DA,5,239.85,集合住宅,鋼筋混凝土造,106年5月23日,三層,一層 二層 三層 陽台 雨遮 見其他登記事項
RPSNMLPKOHHGFAW17DA,,85.18,集合住宅,鋼筋混凝土造,111年4月6日,七層,四層 陽台
RPSNMLPKOHHGFAW17DA,,49.85,集合住宅：本共有部分之項目有梯廳、消防發電機房、電信室、、防空避難室兼具停車空間、平面車位、無障礙車位、雨水滯洪設施、下方污水處理設施、下方消防水池、水塔間及電梯機房等１１項。,鋼筋混凝土造,111年4月6日,七層,
RPXNMLSKPHHGFAW08DA,,99.23,集合住宅,鋼筋混凝土造,111年4月14日,五層,五層 陽台
RPXNMLSKPHHGFAW08DA,,13.01,集合住宅：本共有部分之項目有梯廳及昇降機道（維修孔）等２項。,鋼筋混凝土造,111年4月14日,五層,
RPWNMLSKPHHGFAW97DA,,99.23,集合住宅,鋼筋混凝土造,111年4月14日,五層,四層 陽台
RPWNMLSKPHHGFAW97DA,,13.01,集合住宅：本共有部分之項目有梯廳及昇降機道（維修孔）等２項。,鋼筋混凝土造,111年4月14日,五層,
RPSNMLTKPHHGFAW67DA,1,133.22,集合住宅,鋼筋混凝土造,110年11月10日,九層,八層 九層 陽台
RPSNMLTKPHHGFAW67DA,1,93.49,店鋪、集合住宅：本共有部分之項目有汽車昇降道、汽車昇降機房、泡沫泵浦室、台電配電室（台電變電基礎台）、升降橫移式機械停車、不銹鋼水箱、甲安全梯（無障礙）、乙安全梯、防空避難室兼停車空間、無障礙電梯、梯廳、消防泵浦室、垃圾暫存區、車道、電信室、管理委員會空間、無障礙廁所、陽台、機房、電梯機房等２０項。。,鋼筋混凝土造,110年11月10日,九層,
RPUNMLSKPHHGFAW77DA,1,56.99,集合住宅,鋼筋混凝土造,110年11月10日,九層,三層 陽台
RPUNMLSKPHHGFAW77DA,1,23.21,店鋪、集合住宅：本共有部分之項目有汽車昇降道、汽車昇降機房、泡沫泵浦室、台電配電室（台電變電基礎台）、升降橫移式機械停車、不銹鋼水箱、甲安全梯（無障礙）、乙安全梯、防空避難室兼停車空間、無障礙電梯、梯廳、消防泵浦室、垃圾暫存區、車道、電信室、管理委員會空間、無障礙廁所、陽台、機房、電梯機房等２０項。。,鋼筋混凝土造,110年11月10日,九層,
RPPNMLRLOHHGFAW17DA,1,84.95,集合住宅,鋼筋混凝土造,110年7月21日,三層,三層 陽台
RPPNMLRLOHHGFAW17DA,1,18.26,集合住宅、共有部分之項目有管理室、電梯廳、水箱等三項。,鋼筋混凝土造,110年7月21日,三層,
RPVNMLSLOHHGFAW87DA,,99.23,集合住宅,鋼筋混凝土造,111年4月14日,五層,五層 陽台
RPVNMLSLOHHGFAW87DA,,13.01,集合住宅：本共有部分之項目有梯廳及昇降機道（維修孔）等２項。,鋼筋混凝土造,111年4月14日,五層,
RPTNMLNLNHHGFAW07DA,1,86.22,一般事務所,鋼筋混凝土造,110年1月13日,七層,五層 陽台
RPTNMLNLNHHGFAW07DA,1,31.61,一般事務所、一般零售業、集合住宅、本共有部分之項目計有雨水貯集滯洪池、防空避難室、無障礙樓梯、消防水池、機房、電信機房、垃圾及資源回收場、電梯廳、水箱、消防機房、緊急發電機、樓梯間等１２項。,鋼筋混凝土造,110年1月13日,七層,
RPWNMLMJOHHGFAW27EA,2,36.80,旅館,鋼筋混凝土造,109年4月8日,十層,三層 雨遮
RPWNMLMJOHHGFAW27EA,2,19.18,店舖、集合住宅、本建物共有部分之項目有車道、排風機房、緊急昇降機、客梯兼無障礙電梯、廢水池、消防幫浦室、蓄水池、甲梯、進風機房、防空避難室兼停車空間、電信機房、乙梯、梯廳、汙物處理室、台電受電室、設備空間、機械室、停車空間、迴轉空間、發電機室、排煙室、消防設備空間、雨遮、陽台、管委會空間等共計２５項。,鋼筋混凝土造,109年4月8日,十層,
RPPNMLQKOHHGFAW96DA,27,225.00,住家用,鋼筋混凝土加強磚造,84年7月6日,三層,一層 二層 三層 騎樓
RPPNMLQKOHHGFAW96DA,27,225.00,住家用,鋼筋混凝土加強磚造,84年7月6日,三層,一層 二層 三層 騎樓
RPSNMLRKNHHGFAW27DA,15,105.02,住家用,鋼筋混凝土造,96年8月20日,三層,二層 陽台
RPSNMLRKNHHGFAW27DA,15,11.16,樓梯間,鋼筋混凝土造,96年8月20日,三層,
RPVNMLRKOHHGFAW67DA,12,59.95,集合住宅,鋼筋混凝土造,99年6月17日,三層,三層
RPVNMLRKOHHGFAW67DA,12,4.79,共有部份，本共有部分之項目有樓梯間一項,鋼筋混凝土造,99年6月17日,三層,
RPRNMLLJPHHGFAW66DA,12,150.65,集合住宅,鋼筋混凝土造,99年7月30日,三層,一層 二層 三層 陽台 雨遮
RPPNMLTLOHHGFAW37DA,6,39.51,集合住宅,鋼筋混凝土造,104年11月25日,八層,二層 陽台 雨遮
RPPNMLTLOHHGFAW37DA,6,22.46,共有部分：本共有部分項目有：管委會空間、電樓梯間、梯廳、車道、走廊、防空避難室兼停車空間、受電箱、台電配電場所、電信機房、蓄水池、汙水處理機房、消防泵浦室、水箱等十三項。,鋼筋混凝土造,104年11月25日,八層,
RPWNMLQJOHHGFAW57DA,,81.90,集合住宅,鋼筋混凝土造,111年4月6日,七層,四層 陽台
RPWNMLQJOHHGFAW57DA,,32.14,集合住宅：本共有部分之項目有梯廳、消防發電機房、電信室、、防空避難室兼具停車空間、平面車位、無障礙車位、雨水滯洪設施、下方污水處理設施、下方消防水池、水塔間及電梯機房等１１項。,鋼筋混凝土造,111年4月6日,七層,
RPVNMLQJOHHGFAW47DA,,73.67,集合住宅,鋼筋混凝土造,111年4月6日,七層,一層
RPVNMLQJOHHGFAW47DA,,28.67,集合住宅：本共有部分之項目有梯廳、消防發電機房、電信室、、防空避難室兼具停車空間、平面車位、無障礙車位、雨水滯洪設施、下方污水處理設施、下方消防水池、水塔間及電梯機房等１１項。,鋼筋混凝土造,111年4月6日,七層,
RPRNMLSLOHHGFAW47DA,,209.42,店舖,鋼筋混凝土造,111年4月14日,五層,一層
RPRNMLSLOHHGFAW47DA,,36.79,集合住宅、辦公室、店舖：本共有部份之項目之梯廳、電梯、安全梯及昇降機道（維修孔）等４項,鋼筋混凝土造,111年4月14日,五層,
RPXNMLSLOHHGFAW08DA,,93.53,集合住宅,鋼筋混凝土造,111年4月14日,五層,一層 陽台
RPXNMLSLOHHGFAW08DA,,12.24,集合住宅：本共有部分之項目有梯廳及昇降機道（維修孔）等２項。,鋼筋混凝土造,111年4月14日,五層,
RPUNMLMJQHHGFAW17DA,7,222.80,住家用,鋼筋混凝土造,104年8月5日,三層,一層 二層 三層 陽台
RPOOMLSLOHHGFAW27DA,,217.10,店舖,鋼筋混凝土造,111年4月14日,五層,二層 陽台
RPOOMLSLOHHGFAW27DA,,37.79,集合住宅、辦公室、店舖：本共有部份之項目之梯廳、電梯、安全梯及昇降機道（維修孔）等４項,鋼筋混凝土造,111年4月14日,五層,
RPRNMLMJOHHGFAW76EA,2,37.73,旅館,鋼筋混凝土造,109年4月8日,十層,九層 陽台 雨遮
RPRNMLMJOHHGFAW76EA,2,44.29,店舖、集合住宅、本建物共有部分之項目有車道、排風機房、緊急昇降機、客梯兼無障礙電梯、廢水池、消防幫浦室、蓄水池、甲梯、進風機房、防空避難室兼停車空間、電信機房、乙梯、梯廳、汙物處理室、台電受電室、設備空間、機械室、停車空間、迴轉空間、發電機室、排煙室、消防設備空間、雨遮、陽台、管委會空間等共計２５項。,鋼筋混凝土造,109年4月8日,十層,
RPRNMLPKOHHGFAW07DA,1,64.43,集合住宅,鋼筋混凝土造,110年10月18日,五層,一層 陽台
RPVNMLMJOHHGFAW17EA,2,35.13,旅館,鋼筋混凝土造,109年4月8日,十層,四層 陽台 雨遮
RPUNMLMJOHHGFAW07EA,2,35.37,旅館,鋼筋混凝土造,109年4月8日,十層,九層 陽台 雨遮
RPRNMLPKOHHGFAW07DA,1,13.27,集合住宅、本共有部分之項目計有無障礙昇降機、梯廳、水塔、機械間等４項。,鋼筋混凝土造,110年10月18日,五層,
RPVNMLMJOHHGFAW17EA,2,18.54,店舖、集合住宅、本建物共有部分之項目有車道、排風機房、緊急昇降機、客梯兼無障礙電梯、廢水池、消防幫浦室、蓄水池、甲梯、進風機房、防空避難室兼停車空間、電信機房、乙梯、梯廳、汙物處理室、台電受電室、設備空間、機械室、停車空間、迴轉空間、發電機室、排煙室、消防設備空間、雨遮、陽台、管委會空間等共計２５項。,鋼筋混凝土造,109年4月8日,十層,
RPUNMLMJOHHGFAW07EA,2,18.67,店舖、集合住宅、本建物共有部分之項目有車道、排風機房、緊急昇降機、客梯兼無障礙電梯、廢水池、消防幫浦室、蓄水池、甲梯、進風機房、防空避難室兼停車空間、電信機房、乙梯、梯廳、汙物處理室、台電受電室、設備空間、機械室、停車空間、迴轉空間、發電機室、排煙室、消防設備空間、雨遮、陽台、管委會空間等共計２５項。,鋼筋混凝土造,109年4月8日,十層,
RPRNMLPJNHHGFAW86DA,5,95.22,集合住宅,鋼筋混凝土造,105年11月4日,十一層,三層 陽台
RPRNMLPJNHHGFAW86DA,5,64.14,共有部分：本共有部分之項目有蓄水池、停車空間、滯洪池、消防蓄水池、消防機械室、儲藏室、車道、樓梯間、電信室、防空避難室兼停車空間、發電機房、台電配電室、管理室、公共廁所、梯廳、機房、水錶間、水箱、安全梯間、昇降機道、台電通道、機車區、甲梯無障礙樓梯（安全梯）、乙梯（安全梯）、昇降機及無障礙昇降機等２６項。,鋼筋混凝土造,105年11月4日,十一層,
RPOOMLPLMHHGFAW76DA,54,142.10,住商用,鋼筋混凝土造,57年1月15日,二層,一層 二層 騎樓
RPQNMLRJPHHGFAW27EA,2,36.80,旅館,鋼筋混凝土造,109年4月8日,十層,五層 雨遮
RPQNMLRJPHHGFAW27EA,2,19.18,店舖、集合住宅、本建物共有部分之項目有車道、排風機房、緊急昇降機、客梯兼無障礙電梯、廢水池、消防幫浦室、蓄水池、甲梯、進風機房、防空避難室兼停車空間、電信機房、乙梯、梯廳、汙物處理室、台電受電室、設備空間、機械室、停車空間、迴轉空間、發電機室、排煙室、消防設備空間、雨遮、陽台、管委會空間等共計２５項。,鋼筋混凝土造,109年4月8日,十層,
RPPOMLLLLHHGFAW98DA,2,91.04,集合住宅,鋼筋混凝土造,109年4月13日,三層,三層 陽台
RPTNMLMJOHHGFAW96EA,2,39.70,旅館,鋼筋混凝土造,109年4月8日,十層,九層 雨遮
RPTNMLMJOHHGFAW96EA,2,44.87,店舖、集合住宅、本建物共有部分之項目有車道、排風機房、緊急昇降機、客梯兼無障礙電梯、廢水池、消防幫浦室、蓄水池、甲梯、進風機房、防空避難室兼停車空間、電信機房、乙梯、梯廳、汙物處理室、台電受電室、設備空間、機械室、停車空間、迴轉空間、發電機室、排煙室、消防設備空間、雨遮、陽台、管委會空間等共計２５項。,鋼筋混凝土造,109年4月8日,十層,
RPPOMLLLLHHGFAW98DA,2,14.40,集合住宅、本共有部分之項目計有機房、水箱機房、梯廳、電梯、門廳（管委會使用空間）、停車空間、車道、無障礙通路等八項。,鋼筋混凝土造,109年4月13日,三層,
RPRNMLRJPHHGFAW37EA,2,35.28,旅館,鋼筋混凝土造,109年4月8日,十層,四層 陽台 雨遮
RPRNMLRJPHHGFAW37EA,2,18.50,店舖、集合住宅、本建物共有部分之項目有車道、排風機房、緊急昇降機、客梯兼無障礙電梯、廢水池、消防幫浦室、蓄水池、甲梯、進風機房、防空避難室兼停車空間、電信機房、乙梯、梯廳、汙物處理室、台電受電室、設備空間、機械室、停車空間、迴轉空間、發電機室、排煙室、消防設備空間、雨遮、陽台、管委會空間等共計２５項。,鋼筋混凝土造,109年4月8日,十層,
RPSNMLMJOHHGFAW86EA,2,39.77,旅館,鋼筋混凝土造,109年4月8日,十層,九層 雨遮
RPSNMLMJOHHGFAW86EA,2,45.11,店舖、集合住宅、本建物共有部分之項目有車道、排風機房、緊急昇降機、客梯兼無障礙電梯、廢水池、消防幫浦室、蓄水池、甲梯、進風機房、防空避難室兼停車空間、電信機房、乙梯、梯廳、汙物處理室、台電受電室、設備空間、機械室、停車空間、迴轉空間、發電機室、排煙室、消防設備空間、雨遮、陽台、管委會空間等共計２５項。,鋼筋混凝土造,109年4月8日,十層,
RPQNMLMKQHHGFAW86DA,,87.18,集合住宅,鋼筋混凝土造,111年6月24日,三層,二層 陽台
RPQNMLMKQHHGFAW86DA,,8.95,集合住宅：本共有部分之項目有共用梯間１項。,鋼筋混凝土造,111年6月24日,三層,
RPSNMLMKQHHGFAW07DA,,87.18,集合住宅,鋼筋混凝土造,111年6月24日,三層,三層 陽台
RPUNMLLKQHHGFAW17DA,,87.18,集合住宅,鋼筋混凝土造,111年6月24日,三層,二層 陽台
RPSNMLMKQHHGFAW07DA,,8.95,集合住宅：本共有部分之項目有共用梯間１項。,鋼筋混凝土造,111年6月24日,三層,
RPUNMLLKQHHGFAW17DA,,8.95,集合住宅：本共有部分之項目有共用梯間１項。,鋼筋混凝土造,111年6月24日,三層,
