﻿鄉鎮市區,交易標的,土地位置建物門牌,土地移轉總面積平方公尺,都市土地使用分區,非都市土地使用分區,非都市土地使用編定,交易年月日,交易筆棟數,移轉層次,總樓層數,建物型態,主要用途,主要建材,建築完成年月,建物移轉總面積平方公尺,建物現況格局-房,建物現況格局-廳,建物現況格局-衛,建物現況格局-隔間,有無管理組織,總價元,單價元平方公尺,車位類別,車位移轉總面積(平方公尺),車位總價元,備註,編號,主建物面積,附屬建物面積,陽台面積,電梯,移轉編號
The villages and towns urban district,transaction sign,land sector position building sector house number plate,land shifting total area square meter,the use zoning or compiles and checks,the non-metropolis land use district,non-metropolis land use,transaction year month and day,transaction pen number,shifting level,total floor number,building state,main use,main building materials,construction to complete the years,building shifting total area,Building present situation pattern - room,building present situation pattern - hall,building present situation pattern - health,building present situation pattern - compartmented,Whether there is manages the organization,total price NTD,the unit price (NTD / square meter),the berth category,berth shifting total area square meter,the berth total price NTD,the note,serial number,,,,,
金城鎮,土地,東紅山段984地號,915.12,都市：其他:國家公園區,,,1110804,土地1建物0車位0,,,其他,,,,0.0,0,0,0,有,無,4300000,4699,,0.0,0,,RPPNMLPJQHHGFAW96DA,0.0,0.0,0.0,無,
金湖鎮,土地,漁村段21-8地號,103.64,都市：其他:自然村專用區,,,1110803,土地1建物0車位0,,,其他,,,,0.0,0,0,0,有,無,3200000,30876,,0.0,0,,RPVNMLSJQHHGFAW87DA,0.0,0.0,0.0,無,
金湖鎮,房地(土地+建物),金門縣金湖鎮赤東路２１之１號６樓,18.33,都市：其他:第五種住宅區,,,1110805,土地1建物1車位0,六層,十層,華廈(10層含以下有電梯),住家用,鋼筋混凝土造,1041201,108.75,3,2,2,有,有,7500000,68966,,0.0,0,,RPPNMLTJQHHGFAW37DA,63.8,4.23,6.77,有,001
金沙鎮,房地(土地+建物)+車位,金門縣金沙鎮洋山２０１號六樓,37.22,都市：其他:自然村專用區,,,1110805,土地1建物1車位1,六層,七層,華廈(10層含以下有電梯),住家用,鋼筋混凝土造,1110406,132.43,3,2,2,有,無,4500000,34547,坡道平面,13.75,400000,,RPUNMLTJQHHGFAW87DA,76.47,0.0,8.71,有,
金湖鎮,房地(土地+建物),金門縣金湖鎮環島南路五段１０８巷５號３樓,53.66,都市：其他:自然村專用區,,,1110803,土地2建物1車位0,三層,五層,華廈(10層含以下有電梯),住家用,鋼筋混凝土造,1110414,112.24000000000001,3,1,2,有,無,6900000,61475,,0.0,0,,RPPNMLQJQHHGFAW07DA,90.04,0.0,9.19,有,
金城鎮,土地,珠山段358地號,334.05,都市：其他:農業區,,,1110803,土地1建物0車位0,,,其他,,,,0.0,0,0,0,有,無,1660000,4969,,0.0,0,國有財產法第53條規定按市場查估計價政府機關標讓售；,RPQNMLNJQHHGFAW86DA,0.0,0.0,0.0,無,
金湖鎮,房地(土地+建物),金門縣金湖鎮環島南路五段１０８巷５號,50.55,都市：其他:自然村專用區,,,1110804,土地2建物1車位0,一層,五層,華廈(10層含以下有電梯),住家用,鋼筋混凝土造,1110414,105.77,3,1,2,有,無,7000000,66181,,0.0,0,本買賣標的包含10號停車位之使用權買賣價金：40萬元整,RPSNMLTJQHHGFAW67DA,90.04,0.0,3.49,有,
烈嶼鄉,土地,紅山測段1154地號,195.29,都市：其他:農業區,,,1110815,土地1建物0車位0,,,其他,,,,0.0,0,0,0,有,無,500000,2560,,0.0,0,,RPVNMLPKQHHGFAW77EA,0.0,0.0,0.0,無,002
金沙鎮,土地,后宅測段1046地號,800.0,都市：其他:農業區,,,1110815,土地1建物0車位0,,,其他,,,,0.0,0,0,0,有,無,910000,1138,,0.0,0,,RPPNMLQKQHHGFAW17DA,0.0,0.0,0.0,無,
金寧鄉,土地,寧山段10540001地號,27.35,都市：其他:農業區,,,1110802,土地1建物0車位0,,,其他,,,,0.0,0,0,0,有,無,248338,9080,,0.0,0,,RPSNMLQKQHHGFAW47DA,0.0,0.0,0.0,無,
金城鎮,土地,延平段1地號,535.2,都市：其他:風景區,,,1110815,土地4建物0車位0,,,其他,,,,0.0,0,0,0,有,無,3000000,5605,,0.0,0,,RPPNMLRKQHHGFAW27DA,0.0,0.0,0.0,無,
金寧鄉,土地,寧湖三劃段350地號,1000.0,都市：其他:農業區,,,1110802,土地1建物0車位0,,,其他,,,,0.0,0,0,0,有,無,8200000,8200,,0.0,0,,RPSNMLSKQHHGFAW67DA,0.0,0.0,0.0,無,
金寧鄉,土地,盤山村測段453地號,79.69,都市：其他:自然村專用區,,,1110817,土地1建物0車位0,,,其他,,,,0.0,0,0,0,有,無,2900000,36391,,0.0,0,,RPRNMLTKQHHGFAW77EA,0.0,0.0,0.0,無,
金寧鄉,土地,后湖村測段229地號,135.35,都市：其他:自然村專用區,,,1110819,土地1建物0車位0,,,其他,,,,0.0,0,0,0,有,無,2000000,14777,,0.0,0,,RPUNMLTKQHHGFAW08EA,0.0,0.0,0.0,無,
金沙鎮,土地,大山段59地號,437.96,都市：其他:國家公園區,,,1110808,土地1建物0車位0,,,其他,,,,0.0,0,0,0,有,無,1729942,3950,,0.0,0,國有財產法第52條之1第1項第6款規定市場查估地價計價政府機關標讓售；,RPRNMLTJQHHGFAW57DA,0.0,0.0,0.0,無,
金湖鎮,土地,陳坑段240地號,380.74,都市：其他:保護區,,,1110808,土地1建物0車位0,,,其他,,,,0.0,0,0,0,有,無,3500000,9193,,0.0,0,,RPQNMLKKQHHGFAW66DA,0.0,0.0,0.0,無,
金湖鎮,土地,中五劃段743地號,858.09,都市：其他:國家公園區,,,1110809,土地1建物0車位0,,,其他,,,,0.0,0,0,0,有,無,5000000,5827,,0.0,0,,RPSNMLKKQHHGFAW86DA,0.0,0.0,0.0,無,
金沙鎮,土地,洋山測段637地號,305.06,都市：其他:自然村專用區,,,1110813,土地1建物0車位0,,,其他,,,,0.0,0,0,0,有,無,4056000,13296,,0.0,0,,RPWNMLSKQHHGFAW08DA,0.0,0.0,0.0,無,003
金沙鎮,土地,浦邊段1181-1地號,29.0,都市：其他:自然村專用區,,,1110817,土地1建物0車位0,,,其他,,,,0.0,0,0,0,有,無,300000,10345,,0.0,0,親友、員工、共有人或其他特殊關係間之交易；,RPPNMLTKQHHGFAW47DA,0.0,0.0,0.0,無,
金湖鎮,房地(土地+建物),金門縣金湖鎮安民５８號四樓之１,55.91,都市：其他:自然村專用區,,,1110805,土地1建物1車位0,四層,四層,華廈(10層含以下有電梯),住家用,鋼筋混凝土造,1101021,115.2,3,2,2,有,有,7200000,62500,,0.0,0,約定專用停車位編號8,RPRNMLNLQHHGFAW17DA,80.87,0.0,19.56,有,
金寧鄉,房地(土地+建物),金門縣金寧鄉西山１７號四樓,32.38,都市：其他:農業區,,,1110807,土地3建物1車位0,四層,五層,華廈(10層含以下有電梯),住家用,鋼筋混凝土造,1090529,94.42,3,2,2,有,有,6300000,66723,,0.0,0,,RPSNMLNLQHHGFAW27DA,70.94,0.0,5.68,有,004
金沙鎮,土地,北九劃段1037地號,1000.0,都市：其他:農業區,,,1110806,土地1建物0車位0,,,其他,,,,0.0,0,0,0,有,無,3400000,3400,,0.0,0,,RPRNMLQJQHHGFAW27DA,0.0,0.0,0.0,無,
烈嶼鄉,土地,沙溪測段384地號,401.45,都市：其他:道路用地,,,1110822,土地1建物0車位0,,,其他,,,,0.0,0,0,0,有,無,894470,2228,,0.0,0,,RPPNMLNLQHHGFAW96DA,0.0,0.0,0.0,無,
金寧鄉,房地(土地+建物),金門縣金寧鄉榜林３８之９號三樓,14.99,都市：其他:自然村專用區,,,1110822,土地2建物1車位0,三層,三層,公寓(5樓含以下無電梯),住家用,鋼筋混凝土造,1020318,28.58,1,0,1,有,無,2200000,76977,,0.0,0,,RPQNMLNLQHHGFAW07DA,22.58,0.0,3.48,無,
金城鎮,房地(土地+建物),金門縣金城鎮西海路三段３９巷２弄２號四樓,45.46,都市：其他:農業區,,,1110824,土地1建物1車位0,四層,五層,華廈(10層含以下有電梯),住家用,鋼筋混凝土造,1100611,106.32,3,2,2,有,無,6600000,62077,,0.0,0,土地264萬元，建物396萬元契稅12630元由賣方支付,RPSNMLQLQHHGFAW57DA,78.36,0.0,7.58,有,005
金沙鎮,房地(土地+建物)+車位,金門縣金沙鎮洋山２０２號七樓,35.67,都市：其他:自然村專用區,,,1110813,土地1建物1車位1,七層,七層,華廈(10層含以下有電梯),住家用,鋼筋混凝土造,1110406,127.79,3,2,2,有,無,5400000,43844,坡道平面,13.75,400000,,RPPNMLNKQHHGFAW86DA,75.5,0.0,6.4,有,
金寧鄉,土地,中三劃測段108地號,80.01,都市：其他:農業區,,,1110822,土地2建物0車位0,,,其他,,,,0.0,0,0,0,有,無,2200000,27497,,0.0,0,,RPRNMLPLQHHGFAW47EA,0.0,0.0,0.0,無,
金寧鄉,土地,中三劃測段109地號,80.01,都市：其他:農業區,,,1110822,土地2建物0車位0,,,其他,,,,0.0,0,0,0,有,無,2200000,27497,,0.0,0,,RPUNMLPLQHHGFAW77EA,0.0,0.0,0.0,無,
金沙鎮,土地,后宅段1286地號,624.0,都市：其他:自然村專用區,,,1110823,土地1建物0車位0,,,其他,,,,0.0,0,0,0,有,無,8300000,13301,,0.0,0,,RPTNMLQLQHHGFAW77EA,0.0,0.0,0.0,無,
金沙鎮,土地,后宅段1266地號,592.0,都市：其他:道路用地,,,1110823,土地1建物0車位0,,,其他,,,,0.0,0,0,0,有,無,4100000,6926,,0.0,0,,RPUNMLQLQHHGFAW87EA,0.0,0.0,0.0,無,
烈嶼鄉,土地,黃埔段188-6地號,66.74,都市：其他:自然村專用區,,,1110826,土地1建物0車位0,,,其他,,,,0.0,0,0,0,有,無,300000,4495,,0.0,0,,RPTNMLTLQHHGFAW08EA,0.0,0.0,0.0,無,
金寧鄉,土地,煙墩段554地號,718.96,都市：其他:自然村專用區,,,1110829,土地1建物0車位0,,,其他,,,,0.0,0,0,0,有,無,25000000,34772,,0.0,0,,RPRNMLLMQHHGFAW17EA,0.0,0.0,0.0,無,
金寧鄉,土地,后垵段671地號,583.55,都市：其他:農業區,,,1110820,土地1建物0車位0,,,其他,,,,0.0,0,0,0,有,無,1700000,2913,,0.0,0,,RPSNMLMJRHHGFAW07DA,0.0,0.0,0.0,無,
金湖鎮,土地,石牌段265地號,694.32,都市：其他:農業區,,,1110823,土地1建物0車位0,,,其他,,,,0.0,0,0,0,有,無,2750000,3961,,0.0,0,,RPVNMLKMQHHGFAW47EA,0.0,0.0,0.0,無,
金湖鎮,土地,石牌段265-1地號,694.31,都市：其他:農業區,,,1110823,土地1建物0車位0,,,其他,,,,0.0,0,0,0,有,無,2750000,3961,,0.0,0,,RPWNMLKMQHHGFAW57EA,0.0,0.0,0.0,無,
金沙鎮,土地,浯坑劃測段103地號,180.0,都市：其他:農業區,,,1110811,土地2建物0車位0,,,其他,,,,0.0,0,0,0,有,無,800000,4444,,0.0,0,,RPSNMLTKQHHGFAW77DA,0.0,0.0,0.0,無,
烈嶼鄉,土地,東坑段103-2地號,77.0,都市：其他:自然村專用區,,,1110801,土地1建物0車位0,,,其他,,,,0.0,0,0,0,有,無,600000,7792,,0.0,0,親友、員工、共有人或其他特殊關係間之交易；,RPVNMLLJQHHGFAW17DA,0.0,0.0,0.0,無,
金湖鎮,房地(土地+建物),金門縣金湖鎮市港六路１０１號,84.59,都市：其他:農業區,,,1110828,土地2建物1車位0,全,三層,透天厝,住家用,鋼筋混凝土造,1110113,177.6,5,2,4,有,無,9300000,52365,,0.0,0,,RPTNMLLMQHHGFAW27DA,174.22,0.0,3.38,無,
金沙鎮,土地,蔡厝劃測段412地號,1840.04,都市：其他:農業區,,,1110824,土地1建物0車位0,,,其他,,,,0.0,0,0,0,有,無,6380000,3467,,0.0,0,,RPXNMLKMQHHGFAW57DA,0.0,0.0,0.0,無,006
金沙鎮,土地,英坑段342-1地號,1257.14,都市：其他:農業區,,,1110824,土地2建物0車位0,,,其他,,,,0.0,0,0,0,有,無,3100000,2466,,0.0,0,,RPOOMLKMQHHGFAW76DA,0.0,0.0,0.0,無,007
金城鎮,土地,古坵段881地號,464.0,都市：其他:農業區,,,1110826,土地1建物0車位0,,,其他,,,,0.0,0,0,0,有,無,510400,1100,,0.0,0,,RPQNMLLMQHHGFAW96DA,0.0,0.0,0.0,無,
金湖鎮,房地(土地+建物),金門縣金湖鎮環島南路五段１１０號４樓之２,62.54,都市：其他:自然村專用區,,,1110822,土地2建物1車位0,四層,五層,華廈(10層含以下有電梯),住家用,鋼筋混凝土造,1110414,130.88,3,1,3,有,無,8200000,62653,,0.0,0,,RPSNMLLMQHHGFAW17DA,98.91,0.0,12.38,有,
金城鎮,土地,延平段691地號,1970.25,都市：其他:農業區,,,1110829,土地2建物0車位0,,,其他,,,,0.0,0,0,0,有,無,23600000,11978,,0.0,0,,RPUNMLMJRHHGFAW27DA,0.0,0.0,0.0,無,
金湖鎮,房地(土地+建物),金門縣金湖鎮信義新村１０９號三樓,81.76,都市：其他:自然村專用區,,,1110801,土地1建物1車位0,三層,三層,公寓(5樓含以下無電梯),住家用,鋼筋混凝土造,0940420,99.27,3,1,1,有,無,5900000,59434,,0.0,0,,RPRNMLMLQHHGFAW07DA,77.27,0.0,4.11,無,
金沙鎮,土地,浯坑劃測段543地號,776.82,都市：其他:農業區,,,1110825,土地1建物0車位0,,,其他,,,,0.0,0,0,0,有,無,3750000,4827,,0.0,0,,RPPNMLQLQHHGFAW27DA,0.0,0.0,0.0,無,
金湖鎮,土地,湖尚劃段242地號,971.32,都市：其他:農業區,,,1110815,土地1建物0車位0,,,其他,,,,0.0,0,0,0,有,無,4250000,4375,,0.0,0,,RPTNMLQKQHHGFAW57DA,0.0,0.0,0.0,無,
金寧鄉,土地,寧山段427地號,2999.09,都市：其他:保護區,,,1110810,土地6建物0車位0,,,其他,,,,0.0,0,0,0,有,無,8000000,2667,,0.0,0,,RPUNMLKKQHHGFAW07DA,0.0,0.0,0.0,無,
金城鎮,房地(土地+建物),金門縣金城鎮金山路１２１巷１６弄２２號二樓,88.81,都市：其他:農業區,,,1110817,土地2建物1車位0,二層,三層,公寓(5樓含以下無電梯),住家用,鋼筋混凝土造,1040217,132.85,3,2,2,有,無,8700000,65487,,0.0,0,,RPPNMLMJRHHGFAW76DA,107.01,0.0,14.75,無,008
金城鎮,土地,古坵段803地號,104.0,都市：其他:農業區,,,1110826,土地1建物0車位0,,,其他,,,,0.0,0,0,0,有,無,114400,1100,,0.0,0,,RPPNMLLMQHHGFAW86DA,0.0,0.0,0.0,無,
金寧鄉,土地,盤山村測段231地號,11.63,都市：其他:自然村專用區,,,1110701,土地1建物0車位0,,,其他,,,,0.0,0,0,0,有,無,550000,47291,,0.0,0,,RPPNMLPJPHHGFAW86DA,0.0,0.0,0.0,無,009
金沙鎮,房地(土地+建物),金門縣金沙鎮洋山２０２號三樓,35.67,都市：其他:自然村專用區,,,1110704,土地1建物1車位0,三層,七層,華廈(10層含以下有電梯),住家用,鋼筋混凝土造,1110406,114.04,3,2,2,有,無,5200000,45598,,0.0,0,,RPVNMLPJPHHGFAW47DA,75.5,0.0,6.4,有,
金城鎮,土地,旗牌段420-1地號,162.0,都市：其他:市場用地,,,1110706,土地1建物0車位0,,,其他,,,,0.0,0,0,0,有,無,4860000,30000,,0.0,0,,RPQNMLQJPHHGFAW07DA,0.0,0.0,0.0,無,
金寧鄉,房地(土地+建物),金門縣金寧鄉頂埔下８８號,103.23,都市：其他:自然村專用區,,,1110701,土地2建物1車位0,全,三層,透天厝,住家用,鋼筋混凝土造,1010711,167.91,4,2,2,有,無,11500000,68489,,0.0,0,,RPTNMLPJPHHGFAW27DA,158.16,0.0,9.75,無,
金寧鄉,土地,中三劃測段461地號,366.51,都市：其他:農業區,,,1110708,土地1建物0車位0,,,其他,,,,0.0,4,2,2,有,無,6180000,16862,,0.0,0,未登記建物；,RPVNMLLKPHHGFAW17DA,0.0,0.0,0.0,無,010
金沙鎮,房地(土地+建物),金門縣金沙鎮洋山２０２號六樓,35.67,都市：其他:自然村專用區,,,1110706,土地1建物1車位0,六層,七層,華廈(10層含以下有電梯),住家用,鋼筋混凝土造,1110406,114.04,3,2,2,有,無,5000000,43844,,0.0,0,,RPSNMLQJPHHGFAW27DA,75.5,0.0,6.4,有,
金沙鎮,土地,保生段6地號,238.54,都市：其他:第二之一種住宅區,,,1110707,土地1建物0車位0,,,其他,,,,0.0,0,0,0,有,無,9360000,39239,,0.0,0,,RPTNMLMKPHHGFAW07DA,0.0,0.0,0.0,無,
金寧鄉,土地,西山段674地號,1018.39,都市：其他:農業區,,,1110708,土地2建物0車位0,,,其他,,,,0.0,0,0,0,有,無,5800000,5695,,0.0,0,,RPUNMLMKPHHGFAW17DA,0.0,0.0,0.0,無,
金城鎮,土地,城南段152地號,43.65,都市：其他:第二種商業區,,,1110712,土地2建物0車位0,,,其他,,,,0.0,0,0,0,有,無,2000000,45819,,0.0,0,親友、員工、共有人或其他特殊關係間之交易；,RPQNMLOKPHHGFAW96DA,0.0,0.0,0.0,無,011
金城鎮,土地,祥和段596-1地號,11.5,都市：其他:道路用地,,,1110713,土地1建物0車位0,,,其他,,,,0.0,0,0,0,有,無,581210,50540,,0.0,0,,RPSNMLOKPHHGFAW17DA,0.0,0.0,0.0,無,
金城鎮,土地,小西門劃測段630地號,205.01,都市：其他:農業區,,,1110708,土地1建物0車位0,,,其他,,,,0.0,0,0,0,有,無,1250000,6097,,0.0,0,,RPPNMLTKPHHGFAW37DA,0.0,0.0,0.0,無,012
烈嶼鄉,土地,東園劃段96地號,1000.05,都市：其他:農業區,,,1110707,土地1建物0車位0,,,其他,,,,0.0,0,0,0,有,無,5500000,5500,,0.0,0,,RPQNMLLKPHHGFAW66DA,0.0,0.0,0.0,無,
金沙鎮,土地,北九十劃段145地號,981.86,都市：其他:農業區,,,1110707,土地1建物0車位0,,,其他,,,,0.0,0,0,0,有,無,3550000,3616,,0.0,0,,RPTNMLRJPHHGFAW47DA,0.0,0.0,0.0,無,013
金城鎮,土地,古崗村測段105地號,140.38,都市：其他:自然村專用區,,,1110711,土地1建物0車位0,,,其他,,,,0.0,0,0,0,有,無,2200000,15672,,0.0,0,含土地增值稅或其他稅費；未登記建物；,RPPNMLKLPHHGFAW66EA,0.0,0.0,0.0,無,
金城鎮,房地(土地+建物),金門縣金城鎮金門城１０６之１０號三樓,34.51,都市：其他:自然村專用區,,,1110708,土地1建物1車位0,三層,五層,公寓(5樓含以下無電梯),住家用,鋼筋混凝土造,1070202,83.29,3,2,2,有,有,5200000,62432,,0.0,0,,RPSNMLSJPHHGFAW47DA,60.89,0.0,6.37,無,
金城鎮,土地,北一段556-1地號,168.18,都市：其他:農業區,,,1110714,土地1建物0車位0,,,其他,,,,0.0,0,0,0,有,無,2000000,11892,,0.0,0,,RPTNMLOKPHHGFAW27DA,0.0,0.0,0.0,無,
金湖鎮,房地(土地+建物),金門縣金湖鎮市港六路９７號,84.59,都市：其他:農業區,,,1110714,土地2建物1車位0,全,三層,透天厝,住家用,鋼筋混凝土造,1110117,177.6,5,2,4,有,無,9200000,51802,,0.0,0,,RPQNMLTKPHHGFAW47DA,174.22,0.0,3.38,無,
金湖鎮,房地(土地+建物),金門縣金湖鎮市港六路１０７號,84.59,都市：其他:農業區,,,1110714,土地2建物1車位0,全,三層,透天厝,住家用,鋼筋混凝土造,1110113,177.48,5,2,4,有,無,9600000,54091,,0.0,0,,RPRNMLTKPHHGFAW57DA,174.22,0.0,3.26,無,
金寧鄉,房地(土地+建物),金門縣金寧鄉湖下２３之２號,24.43,都市：其他:自然村專用區,,,1110713,土地1建物2車位0,一層,三層,公寓(5樓含以下無電梯),住家用,鋼筋混凝土造,1080225,41.69,1,1,1,有,無,2000000,47973,,0.0,0,買方除買賣價金外另負擔土地增值稅。,RPTNMLTKPHHGFAW77DA,31.24,0.0,0.0,無,
金寧鄉,房地(土地+建物),金門縣金寧鄉湖下２３之２號二樓,24.43,都市：其他:自然村專用區,,,1110713,土地1建物2車位0,二層,三層,公寓(5樓含以下無電梯),住家用,鋼筋混凝土造,1080225,43.8,1,1,1,有,無,2000000,45662,,0.0,0,買方除買賣價金外另負擔土地增值稅。,SPTNMLTKPHHGFAW87DA,31.24,0.0,2.11,無,
金沙鎮,土地,北九劃段1160地號,1000.0,都市：其他:農業區,,,1110708,土地2建物0車位0,,,其他,,,,0.0,0,0,0,有,無,7500000,7500,,0.0,0,,RPRNMLPKPHHGFAW17DA,0.0,0.0,0.0,無,
金寧鄉,土地,安西劃段1060-1地號,580.0,都市：其他:農業區,,,1110708,土地1建物0車位0,,,其他,,,,0.0,0,0,0,有,無,3800000,6552,,0.0,0,,RPRNMLSJPHHGFAW37DA,0.0,0.0,0.0,無,
烈嶼鄉,土地,東坑段599地號,471.29,都市：其他:農業區,,,1110720,土地2建物0車位0,,,其他,,,,0.0,0,0,0,有,無,800000,1697,,0.0,0,,RPQNMLKLPHHGFAW66DA,0.0,0.0,0.0,無,002
金湖鎮,房地(土地+建物),金門縣金湖鎮市港五路１５１號二樓之１,7.68,都市：其他:第五種住宅區,,,1110708,土地1建物1車位0,二層,九層,華廈(10層含以下有電梯),住家用,鋼筋混凝土造,1051123,50.45,1,1,1,有,有,3300000,65411,,0.0,0,,RPPNMLMLPHHGFAW76DA,28.71,0.0,5.57,有,015
金沙鎮,土地,北八劃段256地號,820.0,都市：其他:農業區,,,1110721,土地1建物0車位0,,,其他,,,,0.0,0,0,0,有,無,3600000,4390,,0.0,0,,RPQNMLMLPHHGFAW86DA,0.0,0.0,0.0,無,016
金湖鎮,房地(土地+建物),金門縣金湖鎮市港路１３６號六樓,26.55,都市：其他:第五種住宅區,,,1110711,土地1建物1車位0,六層,七層,華廈(10層含以下有電梯),辦公用,鋼筋混凝土造,1100113,117.83,0,0,0,無,有,7650000,64924,,0.0,0,約定專用車位編號5號,RPRNMLMLPHHGFAW96DA,77.83,0.0,8.39,有,
金湖鎮,房地(土地+建物),金門縣金湖鎮成功７８號,964.57,都市：其他:自然村專用區,,,1110715,土地2建物1車位0,全,三層,透天厝,住家用,鋼筋混凝土加強磚造,0820708,53.78,4,2,2,有,無,3800000,70658,,0.0,0,親友、員工、共有人或其他特殊關係間之交易；,RPSNMLMLPHHGFAW07DA,51.58,0.0,2.2,無,
金城鎮,土地,古坵段1278地號,410.0,都市：其他:保護區,,,1110706,土地1建物0車位0,,,其他,,,,0.0,0,0,0,有,無,860000,2098,,0.0,0,,RPPNMLOLPHHGFAW96DA,0.0,0.0,0.0,無,017
金沙鎮,土地,浯坑劃測段648地號,1382.02,都市：其他:農業區,,,1110714,土地2建物0車位0,,,其他,,,,0.0,0,0,0,有,無,8800000,6367,,0.0,0,,RPPNMLSLPHHGFAW37DA,0.0,0.0,0.0,無,018
烈嶼鄉,土地,沙溪測段384地號,1056.48,都市：其他:道路用地,,,1110721,土地3建物0車位0,,,其他,,,,0.0,0,0,0,有,無,2000000,1893,,0.0,0,,RPRNMLPLPHHGFAW27DA,0.0,0.0,0.0,無,
金城鎮,房地(土地+建物),金門縣金城鎮金門城１０３之３號,65.22,都市：其他:自然村專用區,,,1110702,土地1建物1車位0,一層,三層,公寓(5樓含以下無電梯),住家用,鋼筋混凝土造,1100721,94.10000000000001,3,2,2,有,有,6000000,63762,,0.0,0,,RPPNMLQLPHHGFAW17DA,75.84,0.0,0.0,無,
金城鎮,土地,城南段682地號,36.49,都市：其他:第二種住宅區,,,1110719,土地2建物0車位0,,,其他,,,,0.0,0,0,0,有,無,1630000,44670,,0.0,0,親友、員工、共有人或其他特殊關係間之交易；,RPUNMLTKPHHGFAW87DA,0.0,0.0,0.0,無,019
金城鎮,土地,北一段406地號,823.29,都市：其他:農業區,,,1110705,土地1建物0車位0,,,其他,,,,0.0,0,0,0,有,無,12000000,14576,,0.0,0,,RPSNMLPJPHHGFAW17DA,0.0,0.0,0.0,無,
金寧鄉,土地,東洲段197地號,1073.67,都市：其他:農業區,,,1110711,土地1建物0車位0,,,其他,,,,0.0,0,0,0,有,無,9500000,8848,,0.0,0,,RPRNMLLKPHHGFAW76DA,0.0,0.0,0.0,無,020
金城鎮,房地(土地+建物),金門縣金城鎮金門城２２７號,38.81,都市：其他:自然村專用區,,,1110705,土地1建物1車位0,一層,五層,華廈(10層含以下有電梯),住家用,鋼筋混凝土造,1101018,77.7,2,2,2,有,無,5350000,68855,,0.0,0,,RPQNMLSJPHHGFAW27DA,57.3,0.0,7.13,有,
金湖鎮,土地,南雄段830-2地號,166.92,都市：其他:自然村專用區,,,1110727,土地1建物0車位0,,,其他,,,,0.0,0,0,0,有,無,3000000,17973,,0.0,0,親友、員工、共有人或其他特殊關係間之交易；,RPPNMLRLPHHGFAW37EA,0.0,0.0,0.0,無,
金城鎮,土地,庵前劃測段173地號,575.01,都市：其他:農業區,,,1110715,土地1建物0車位0,,,其他,,,,0.0,0,0,0,有,無,3150000,5478,,0.0,0,,RPRNMLTLPHHGFAW77EA,0.0,0.0,0.0,無,
金城鎮,土地,中一段367地號,246.36,都市：其他:第一種住宅區,,,1110721,土地2建物0車位0,,,其他,,,,0.0,0,0,0,有,無,3870000,15709,,0.0,0,親友、員工、共有人或其他特殊關係間之交易；包含公共設施保留地用地；,RPQNMLPLPHHGFAW17DA,0.0,0.0,0.0,無,
金湖鎮,土地,陳坑段7地號,4246.72,都市：其他:風景區,,,1110708,土地14建物0車位0,,,其他,,,,0.0,0,0,0,有,無,3600000,848,,0.0,0,,RPQNMLSLPHHGFAW47DA,0.0,0.0,0.0,無,021
金湖鎮,房地(土地+建物),金門縣金湖鎮市港五路１６２之１號４樓,7.64,都市：其他:第二種商業區,,,1110704,土地1建物1車位0,四層,十層,華廈(10層含以下有電梯),商業用,鋼筋混凝土造,1090408,53.76,1,1,1,有,無,4630000,86124,,0.0,0,,RPSNMLLJQHHGFAW96EA,29.3,0.98,4.91,有,
金湖鎮,房地(土地+建物),金門縣金湖鎮市港六路８３號,62.23,都市：其他:農業區,,,1110727,土地1建物1車位0,全,三層,透天厝,住家用,鋼筋混凝土造,1110110,174.12,5,2,5,有,無,9600000,55134,,0.0,0,預售屋、或土地及建物分件登記案件；,RPUNMLLJQHHGFAW07DA,160.32,0.0,13.8,無,
金城鎮,土地,旗牌段159-1地號,39.93,都市：其他:農業區,,,1110715,土地1建物0車位0,,,其他,,,,0.0,0,0,0,有,無,195657,4900,,0.0,0,,RPSNMLMJQHHGFAW96DA,0.0,0.0,0.0,無,
烈嶼鄉,土地,東園劃段231地號,903.01,都市：其他:農業區,,,1110720,土地1建物0車位0,,,其他,,,,0.0,0,0,0,有,無,5418000,6000,,0.0,0,,RPPNMLTLPHHGFAW47DA,0.0,0.0,0.0,無,
金沙鎮,房地(土地+建物),金門縣金沙鎮洋山２０１號三樓,37.22,都市：其他:自然村專用區,,,1110729,土地1建物1車位0,三層,七層,華廈(10層含以下有電梯),住家用,鋼筋混凝土造,1110406,118.68,3,2,2,有,無,5200000,43815,,0.0,0,,RPSNMLTLPHHGFAW77DA,76.47,0.0,8.71,有,
烈嶼鄉,土地,公園測段13地號,1537.75,都市：其他:保護區,,,1110714,土地7建物0車位0,,,其他,,,,0.0,0,0,0,有,無,1880000,1223,,0.0,0,,RPQNMLLJQHHGFAW66DA,0.0,0.0,0.0,無,
金寧鄉,房地(土地+建物),金門縣金寧鄉下堡２２７號,77.81,都市：其他:自然村專用區,,,1110704,土地1建物1車位0,一層，地下一層,三層,公寓(5樓含以下無電梯),住家用,鋼筋混凝土造,1061116,128.54,2,1,2,有,無,7050000,54847,,0.0,0,,RPTNMLMJQHHGFAW07DA,117.33,0.0,0.74,無,022
金湖鎮,房地(土地+建物),金門縣金湖鎮市港六路９３號,101.92,都市：其他:農業區,,,1110718,土地3建物1車位0,全,三層,透天厝,住家用,鋼筋混凝土造,1110117,180.62,5,2,4,有,無,10600000,58687,,0.0,0,預售屋、或土地及建物分件登記案件；,RPRNMLMJQHHGFAW86DA,177.24,0.0,3.38,無,
烈嶼鄉,土地,公園測段3地號,1336.24,都市：其他:保護區,,,1110714,土地5建物0車位0,,,其他,,,,0.0,0,0,0,有,無,1637000,1225,,0.0,0,,RPRNMLLJQHHGFAW76DA,0.0,0.0,0.0,無,
金湖鎮,房地(土地+建物),金門縣金湖鎮市港三路１６９號３樓,21.67,都市：其他:第五種住宅區,,,1110705,土地1建物1車位0,三層,九層,華廈(10層含以下有電梯),住家用,鋼筋混凝土造,1101110,120.79,3,2,2,有,無,8150000,67472,,0.0,0,預售屋、或土地及建物分件登記案件；,RPSNMLSKPHHGFAW57DA,79.0,0.0,6.54,有,
金寧鄉,土地,湖尾村測段281地號,202.01,都市：其他:自然村專用區,,,1110725,土地1建物0車位0,,,其他,,,,0.0,0,0,0,有,無,6300000,31187,,0.0,0,,RPQNMLPJQHHGFAW07DA,0.0,0.0,0.0,無,
金湖鎮,房地(土地+建物)+車位,金門縣金湖鎮環島南路五段１６５巷２弄２０號,125.53,都市：其他:自然村專用區,,,1110718,土地1建物1車位2,全,三層,透天厝,住家用,鋼筋混凝土造,1070514,320.84000000000003,5,2,5,有,無,12800000,39895,坡道平面,0.0,0,停車位編號:83、90,RPVNMLSKPHHGFAW87DA,195.22,0.0,7.65,無,
金湖鎮,房地(土地+建物),金門縣金湖鎮市港六路１０５號,84.59,都市：其他:農業區,,,1110718,土地2建物1車位0,全,三層,透天厝,住家用,鋼筋混凝土造,1110113,177.6,5,2,4,有,無,9200000,51802,,0.0,0,,RPPNMLSJQHHGFAW27DA,174.22,0.0,3.38,無,
金湖鎮,房地(土地+建物),金門縣金湖鎮市港六路８１號,63.87,都市：其他:農業區,,,1110728,土地1建物2車位0,一層,三層,公寓(5樓含以下無電梯),住家用,鋼筋混凝土造,1110110,95.71000000000001,3,2,2,有,無,5000000,52241,,0.0,0,預售屋、或土地及建物分件登記案件；,RPSNMLSJQHHGFAW57DA,78.9,0.0,0.0,無,
金湖鎮,房地(土地+建物),金門縣金湖鎮市港六路８１號二樓,63.87,都市：其他:農業區,,,1110728,土地1建物2車位0,二層,三層,公寓(5樓含以下無電梯),住家用,鋼筋混凝土造,1110110,97.52,3,2,2,有,無,5000000,51272,,0.0,0,預售屋、或土地及建物分件登記案件；,RPTNMLSJQHHGFAW67DA,73.87,0.0,6.84,無,
金湖鎮,房地(土地+建物),金門縣金湖鎮市港六路８１號三樓,63.87,都市：其他:農業區,,,1110728,土地1建物2車位0,三層,三層,公寓(5樓含以下無電梯),住家用,鋼筋混凝土造,1110110,97.52,3,2,2,有,無,5000000,51272,,0.0,0,預售屋、或土地及建物分件登記案件；,RPUNMLSJQHHGFAW77DA,73.87,0.0,6.84,無,
金寧鄉,房地(土地+建物),金門縣金寧鄉湖下５之６號三樓,53.23,都市：其他:自然村專用區,,,1110711,土地1建物1車位0,三層,三層,公寓(5樓含以下無電梯),住家用,鋼筋混凝土造,1050401,89.8,3,2,2,有,有,6450000,71826,,0.0,0,,RPQNMLOJQHHGFAW96DA,76.74,0.0,6.7,無,
金湖鎮,房地(土地+建物),金門縣金湖鎮安民５９號二樓之１,63.07,都市：其他:自然村專用區,,,1110725,土地1建物1車位0,二層,四層,華廈(10層含以下有電梯),住家用,鋼筋混凝土造,1101021,119.05,3,2,2,有,有,7150000,60059,,0.0,0,約定車位編號3,RPQNMLLKQHHGFAW76DA,80.87,0.0,21.52,有,
金湖鎮,房地(土地+建物),金門縣金湖鎮伯玉路三段３０９巷８９號,226.5,都市：其他:農業區,,,1110729,土地1建物1車位0,全,三層,透天厝,農業用,鋼筋混凝土造,1110616,175.08,2,2,3,有,無,7700000,43980,,0.0,0,,RPSNMLLKQHHGFAW96DA,175.08,0.0,0.0,無,
金湖鎮,房地(土地+建物),金門縣金湖鎮環島南路五段１１０號４樓之１,61.77,都市：其他:自然村專用區,,,1110706,土地2建物1車位0,四層,五層,華廈(10層含以下有電梯),住家用,鋼筋混凝土造,1110414,128.49,3,1,2,有,無,8900000,69266,,0.0,0,本買賣標的包含7號停車位之使用權價金新台幣肆拾萬元整,RPPNMLLMPHHGFAW76DA,100.79,0.0,8.35,有,
金沙鎮,房地(土地+建物),金門縣金沙鎮洋山２０３號三樓,56.59,都市：其他:自然村專用區,,,1110720,土地1建物1車位0,三層,五層,公寓(5樓含以下無電梯),住家用,鋼筋混凝土造,1110127,106.21000000000001,3,2,2,有,無,5200000,48960,,0.0,0,,RPPNMLLKQHHGFAW66DA,81.53,0.0,7.23,無,
金湖鎮,房地(土地+建物),金門縣金湖鎮安民５８號二樓之１,55.91,都市：其他:自然村專用區,,,1110725,土地1建物1車位0,二層,四層,華廈(10層含以下有電梯),住家用,鋼筋混凝土造,1101021,115.2,3,2,2,有,有,7400000,64236,,0.0,0,約定專用停車位編號2,RPPNMLPKQHHGFAW07DA,80.87,0.0,19.56,有,
金城鎮,房地(土地+建物),金門縣金城鎮和平新村４８號,114.7,都市：其他:第二種住宅區,,,1110704,土地1建物1車位0,全,四層,透天厝,住家用,鋼筋混凝土造,0890314,293.82,6,2,4,有,無,12000000,40841,,0.0,0,,RPTNMLMKQHHGFAW17DA,272.01,0.0,21.81,無,
金湖鎮,土地,料羅段441地號,270.11,都市：其他:保護區,,,1110727,土地1建物0車位0,,,其他,,,,0.0,0,0,0,有,無,124000,459,,0.0,0,,RPQNMLRLPHHGFAW37DA,0.0,0.0,0.0,無,
金城鎮,房地(土地+建物),金門縣金城鎮環島北路一段３８巷１弄５號３樓,30.63,都市：其他:農業區,,,1110707,土地1建物1車位0,三層,三層,公寓(5樓含以下無電梯),住家用,鋼筋混凝土造,0850214,115.28999999999999,3,1,3,有,無,6900000,59849,,0.0,0,,RPTNMLSJPHHGFAW57DA,92.42,0.0,11.13,無,023
金湖鎮,房地(土地+建物),金門縣金湖鎮環島南路五段１１０號３樓之２,62.54,都市：其他:自然村專用區,,,1110715,土地2建物1車位0,三層,五層,華廈(10層含以下有電梯),住家用,鋼筋混凝土造,1110414,130.88,3,1,3,有,無,6000000,45844,,0.0,0,,RPRNMLLKQHHGFAW86DA,98.91,0.0,12.38,有,
金湖鎮,土地,中四劃段113地號,1025.95,都市：其他:農業區,,,1110713,土地2建物0車位0,,,其他,,,,0.0,0,0,0,有,無,7900000,7700,,0.0,0,,RPVNMLSKQHHGFAW97DA,0.0,0.0,0.0,無,024
金沙鎮,房地(土地+建物),金門縣金沙鎮東沙尾４０號四樓之１,44.52,都市：其他:自然村專用區,,,1110723,土地1建物1車位0,四層,四層,華廈(10層含以下有電梯),住家用,鋼筋混凝土造,1090904,89.75,2,2,2,有,無,4500000,50139,,0.0,0,,RPQNMLOLPHHGFAW07DA,68.4,0.0,10.28,有,
金湖鎮,房地(土地+建物)+車位,金門縣金湖鎮市港一路２５２號二樓,22.71,都市：其他:自然村專用區,,,1110727,土地1建物1車位1,二層,三層,華廈(10層含以下有電梯),住家用,鋼筋混凝土造,1040429,93.84,1,0,1,有,有,3850000,41027,坡道平面,39.78,0,,RPQNMLMLQHHGFAW96DA,34.83,0.39,5.48,有,025
金湖鎮,房地(土地+建物),金門縣金湖鎮市港六路９９號,84.59,都市：其他:農業區,,,1110728,土地2建物1車位0,全,三層,透天厝,住家用,鋼筋混凝土造,1110117,177.48,5,2,4,有,無,9300000,52400,,0.0,0,,RPQNMLQLQHHGFAW37DA,174.22,0.0,3.26,無,
金城鎮,房地(土地+建物),金門縣金城鎮珠浦西路６巷４弄７號,80.33,都市：其他:第三種住宅區。,,,1110710,土地1建物1車位0,全,四層,透天厝,住家用,鋼筋混凝土造,0910104,203.09,5,3,3,有,無,12000000,59087,,0.0,0,,RPPNMLOLQHHGFAW07DA,170.87,0.0,32.22,無,
金湖鎮,房地(土地+建物),金門縣金湖鎮市港五路１６３號一樓之１,24.69,都市：其他:第五種住宅區,,,1110709,土地1建物1車位0,一層,九層,華廈(10層含以下有電梯),辦公用,鋼筋混凝土造,1091120,118.52,0,0,0,無,有,11800000,99561,,0.0,0,預售屋、或土地及建物分件登記案件；,RPQNMLSKPHHGFAW37DA,75.99,0.0,18.59,有,
金沙鎮,土地,洋山測段52-1地號,185.45,都市：其他:道路用地,,,1110602,土地4建物0車位0,,,其他,,,,0.0,0,0,0,有,無,1672182,9017,,0.0,0,包含公共設施保留地用地；,RPPNMLMJOHHGFAW09DA,0.0,0.0,0.0,無,026
金寧鄉,房地(土地+建物)+車位,金門縣金寧鄉頂堡３０６號五樓,27.82,都市：其他:農業區,,,1110606,土地5建物1車位1,五層,五層,華廈(10層含以下有電梯),住家用,鋼筋混凝土造,1101203,100.66,2,2,2,有,有,5000000,49672,坡道平面,15.43,0,,RPQNMLSJOHHGFAW17DA,53.58,0.0,3.8,有,
金湖鎮,土地,太湖劃測段1970地號,780.2,都市：其他:農業區,,,1110608,土地2建物0車位0,,,其他,,,,0.0,0,0,0,有,無,2000000,2563,,0.0,0,親友、員工、共有人或其他特殊關係間之交易；,RPTNMLKKOHHGFAW76DA,0.0,0.0,0.0,無,
金寧鄉,房地(土地+建物),金門縣金寧鄉湖下２１１－１０號二樓,32.17,都市：其他:自然村專用區,,,1110602,土地1建物1車位0,二層,五層,華廈(10層含以下有電梯),住家用,鋼筋混凝土造,1091223,77.63,2,2,1,有,有,5750000,74069,,0.0,0,含裝潢費950000元；,RPSNMLNKOHHGFAW07EA,58.41,0.0,5.62,有,
金沙鎮,土地,浯坑劃測段679-1地號,403.17,都市：其他:農業區,,,1110601,土地2建物0車位0,,,其他,,,,0.0,0,0,0,有,無,2260000,5606,,0.0,0,,RPPOMLKKOHHGFAW09DA,0.0,0.0,0.0,無,
金沙鎮,土地,中蘭劃測段393-1地號,490.0,都市：其他:農業區,,,1110606,土地2建物0車位0,,,其他,,,,0.0,0,0,0,有,無,3300000,6735,,0.0,0,,RPTNMLRJOHHGFAW37DA,0.0,0.0,0.0,無,
金城鎮,房地(土地+建物),金門縣金城鎮金門城１０６之７號三樓,57.07,都市：其他:自然村專用區,,,1110608,土地1建物1車位0,三層,三層,公寓(5樓含以下無電梯),住家用,鋼筋混凝土造,1050602,99.39,3,1,3,有,無,5900000,59362,,0.0,0,,RPPNMLTJOHHGFAW17DA,80.67,0.0,12.58,無,027
金寧鄉,房地(土地+建物),金門縣金寧鄉東坑５１號二樓,50.32,都市：其他:自然村專用區,,,1110603,土地1建物1車位0,二層,三層,公寓(5樓含以下無電梯),住家用,鋼筋混凝土造,1060317,94.66,3,2,2,有,無,6500000,68667,,0.0,0,,RPSNMLQKOHHGFAW37EA,78.73,0.0,7.87,無,028
金城鎮,土地,旗牌段325-1地號,271.33,都市：其他:第三種住宅區。,,,1110601,土地3建物0車位0,,,其他,,,,0.0,0,0,0,有,無,7000000,25799,,0.0,0,包含公共設施保留地用地；,RPRNMLSJOHHGFAW27DA,0.0,0.0,0.0,無,
金寧鄉,土地,盤山村測段679-1地號,43.24,都市：其他:自然村專用區,,,1110614,土地2建物0車位0,,,其他,,,,0.0,0,0,0,有,無,1962000,45375,,0.0,0,包含公共設施保留地用地；,RPTNMLOKOHHGFAW17DA,0.0,0.0,0.0,無,
金湖鎮,房地(土地+建物),金門縣金湖鎮市港一路２５７號二樓,22.83,都市：其他:自然村專用區,,,1110607,土地1建物1車位0,二層,三層,公寓(5樓含以下無電梯),住家用,鋼筋混凝土造,1040429,54.36,1,0,1,有,無,2600000,47829,,0.0,0,,RPUNMLOKOHHGFAW27DA,36.0,1.4,3.52,無,029
金沙鎮,房地(土地+建物)+車位,金門縣金沙鎮洋山２０１號七樓,37.22,都市：其他:自然村專用區,,,1110609,土地1建物1車位1,七層,七層,華廈(10層含以下有電梯),住家用,鋼筋混凝土造,1110406,131.38,3,2,2,有,無,5200000,40445,坡道平面,12.7,400000,,RPQNMLPKOHHGFAW96DA,76.47,0.0,8.71,有,
金沙鎮,房地(土地+建物),金門縣金沙鎮洋山２０２號五樓,35.67,都市：其他:自然村專用區,,,1110609,土地1建物1車位0,五層,七層,華廈(10層含以下有電梯),住家用,鋼筋混凝土造,1110406,114.04,3,2,2,有,無,5000000,43844,,0.0,0,,RPVNMLTJOHHGFAW77DA,75.5,0.0,6.4,有,
金寧鄉,土地,安西劃段88地號,115.79,都市：其他:自然村專用區,,,1110610,土地1建物0車位0,,,其他,,,,0.0,0,0,0,有,無,2300000,19864,,0.0,0,,RPTNMLRKOHHGFAW47DA,0.0,0.0,0.0,無,
金寧鄉,房地(土地+建物),金門縣金寧鄉西浦頭１０２號,186.96,都市：其他:農業區,,,1110611,土地1建物1車位0,全,二層,透天厝,住家用,鋼筋混凝土造,0851111,191.6,4,2,3,有,無,8450000,44102,,0.0,0,,RPPNMLLLOHHGFAW56DA,191.6,0.0,0.0,無,
金湖鎮,土地,小徑段511地號,638.4,都市：其他:國家公園區,,,1110610,土地1建物0車位0,,,其他,,,,0.0,0,0,0,有,無,1640000,2569,,0.0,0,,RPPNMLNKOHHGFAW66DA,0.0,0.0,0.0,無,
金城鎮,土地,祥安段554地號,149.84,都市：其他:第一種商業區,,,1110602,土地9建物0車位0,,,其他,,,,0.0,0,0,0,有,無,4300000,28697,,0.0,0,,RPXNMLTJOHHGFAW97DA,0.0,0.0,0.0,無,
金湖鎮,土地,陳坑段724-1地號,28.9,都市：其他:自然村專用區,,,1110608,土地1建物0車位0,,,其他,,,,0.0,0,0,0,有,無,736950,25500,,0.0,0,國有財產法第49條之1規定按市場查估地價計價政府機關標讓售；,RPTNMLSJOHHGFAW47DA,0.0,0.0,0.0,無,
金沙鎮,房地(土地+建物)+車位,金門縣金沙鎮洋山２０１號五樓,37.22,都市：其他:自然村專用區,,,1110617,土地1建物1車位1,五層,七層,華廈(10層含以下有電梯),住家用,鋼筋混凝土造,1110406,132.43,3,2,2,有,無,5800000,45501,坡道平面,13.75,400000,,RPUNMLRKOHHGFAW57DA,76.47,0.0,8.71,有,
金寧鄉,土地,后湖段57地號,828.08,都市：其他:農業區,,,1110609,土地1建物0車位0,,,其他,,,,0.0,0,0,0,有,無,2700000,3261,,0.0,0,,RPQNMLMLOHHGFAW76DA,0.0,0.0,0.0,無,030
金寧鄉,房地(土地+建物),金門縣金寧鄉埔邊１２３之２號二樓,14.1,都市：其他:自然村專用區,,,1110613,土地4建物1車位0,二層,三層,公寓(5樓含以下無電梯),住家用,鋼筋混凝土造,1020814,31.53,0,0,0,無,無,2300000,72946,,0.0,0,,RPPNMLNLOHHGFAW76DA,23.12,0.0,4.04,無,
金湖鎮,房地(土地+建物),金門縣金湖鎮湖前３９之９號,165.15,都市：其他:自然村專用區,,,1110614,土地2建物1車位0,全,三層,透天厝,住家用,鋼筋混凝土造,1020205,190.95,4,2,3,有,無,11600000,60749,,0.0,0,,RPQNMLSLOHHGFAW37DA,172.16,0.0,18.79,無,031
金沙鎮,土地,沙碧劃段434地號,480.0,都市：其他:農業區,,,1110607,土地1建物0車位0,,,其他,,,,0.0,0,0,0,有,無,1650000,3438,,0.0,0,,RPPNMLPKOHHGFAW86DA,0.0,0.0,0.0,無,
金寧鄉,房地(土地+建物),金門縣金寧鄉下埔下３６８號,60.01,都市：其他:自然村專用區,,,1110613,土地1建物2車位0,一層,三層,公寓(5樓含以下無電梯),住家用,鋼筋混凝土造,1110502,114.15,3,2,2,有,有,8100000,70959,,0.0,0,,RPRNMLRLOHHGFAW37DA,94.69,0.0,1.48,無,
金寧鄉,房地(土地+建物),金門縣金寧鄉下埔下３６８號二樓,60.01,都市：其他:自然村專用區,,,1110613,土地1建物2車位0,二層,三層,公寓(5樓含以下無電梯),住家用,鋼筋混凝土造,1110502,121.8,3,2,2,有,有,7400000,60755,,0.0,0,,RPSNMLRLOHHGFAW47DA,94.69,0.0,9.13,無,
金沙鎮,土地,沙碧劃段155地號,1310.0,都市：其他:農業區,,,1110608,土地1建物0車位0,,,其他,,,,0.0,0,0,0,有,無,2600000,1985,,0.0,0,,RPQOMLSLOHHGFAW47DA,0.0,0.0,0.0,無,
金城鎮,房地(土地+建物),金門縣金城鎮金門城１０６之１０號四樓,34.51,都市：其他:自然村專用區,,,1110610,土地1建物1車位0,四層,五層,華廈(10層含以下有電梯),住家用,鋼筋混凝土造,1070202,83.29,3,1,2,有,有,5800000,69636,,0.0,0,,RPPNMLOLOHHGFAW86DA,60.89,0.0,6.37,有,032
金湖鎮,房地(土地+建物),金門縣金湖鎮安民５９號三樓之１,63.07,都市：其他:自然村專用區,,,1110610,土地1建物1車位0,三層,四層,華廈(10層含以下有電梯),住家用,鋼筋混凝土造,1101021,119.05,3,2,2,有,有,7300000,61319,,0.0,0,,RPQNMLRKOHHGFAW17DA,80.87,0.0,21.52,有,
金寧鄉,土地,寧山段228地號,831.72,都市：其他:保護區,,,1110609,土地1建物0車位0,,,其他,,,,0.0,0,0,0,有,無,2700000,3246,,0.0,0,,RPSNMLRKOHHGFAW37DA,0.0,0.0,0.0,無,
金湖鎮,房地(土地+建物),金門縣金湖鎮環島南路五段７７７號,458.96,都市：其他:保護區,,,1110615,土地1建物1車位0,全,三層,透天厝,農業用,鋼筋混凝土造,1110518,315.77,8,2,9,有,無,12596950,39893,,0.0,0,,RPTNMLRLOHHGFAW57DA,315.77,0.0,0.0,無,
金寧鄉,土地,寧湖二劃測段650地號,500.03,都市：其他:農業區,,,1110614,土地1建物0車位0,,,其他,,,,0.0,0,0,0,有,無,5100000,10199,,0.0,0,,RPQNMLOKOHHGFAW86DA,0.0,0.0,0.0,無,
金沙鎮,土地,中蘭劃測段160-1地號,400.0,都市：其他:農業區,,,1110627,土地2建物0車位0,,,其他,,,,0.0,0,0,0,有,無,2000000,5000,,0.0,0,,RPUNMLRLOHHGFAW77EA,0.0,0.0,0.0,無,
金寧鄉,土地,寧湖一劃段138-15地號,0.34,都市：其他:道路用地,,,1110630,土地1建物0車位0,,,其他,,,,0.0,0,0,0,有,無,5831,0,,0.0,0,,RPPNMLKMOHHGFAW56DA,0.0,0.0,0.0,無,
金寧鄉,土地,青山段708地號,1584.4,都市：其他:農業區,,,1110616,土地1建物0車位0,,,其他,,,,0.0,0,0,0,有,無,1900000,1199,,0.0,0,,RPQNMLKLOHHGFAW56DA,0.0,0.0,0.0,無,
金湖鎮,土地,中五劃段224地號,629.91,都市：其他:國家公園區,,,1110616,土地1建物0車位0,,,其他,,,,0.0,0,0,0,有,無,3300000,5239,,0.0,0,,RPQNMLLJPHHGFAW56DA,0.0,0.0,0.0,無,
金沙鎮,土地,洋山測段637地號,305.06,都市：其他:自然村專用區,,,1110629,土地1建物0車位0,,,其他,,,,0.0,0,0,0,有,無,4000000,13112,,0.0,0,,RPPNMLLJPHHGFAW09DA,0.0,0.0,0.0,無,003
金城鎮,土地,祥安段669地號,344.98,都市：其他:第三種住宅區。,,,1110622,土地1建物0車位0,,,其他,,,,0.0,0,0,0,有,無,9900000,28697,,0.0,0,,RPSNMLMLOHHGFAW96DA,0.0,0.0,0.0,無,
金寧鄉,土地,寧北一劃段361地號,3468.4,都市：其他:國家公園區,,,1110610,土地7建物0車位0,,,其他,,,,0.0,0,0,0,有,無,7500000,2162,,0.0,0,,RPRNMLNKOHHGFAW86DA,0.0,0.0,0.0,無,034
金湖鎮,房地(土地+建物),金門縣金湖鎮市港一路２５７號,22.83,都市：其他:自然村專用區,,,1110610,土地1建物1車位0,一層,三層,華廈(10層含以下有電梯),住家用,鋼筋混凝土造,1040429,54.36,1,1,1,有,有,3550000,65305,,0.0,0,,RPQNMLTLOHHGFAW47DA,36.0,1.4,3.52,有,035
金城鎮,房地(土地+建物),金門縣金城鎮山前１１之２號３樓,57.41,都市：其他:自然村專用區,,,1110623,土地1建物1車位0,三層,三層,公寓(5樓含以下無電梯),住家用,鋼筋混凝土造,1110408,103.41999999999999,3,2,2,有,無,6350000,61400,,0.0,0,,RPQNMLNLOHHGFAW86DA,91.69,0.0,2.91,無,
金城鎮,土地,中一段515-1地號,26.4,都市：其他:道路用地,,,1110621,土地1建物0車位0,,,其他,,,,0.0,0,0,0,有,無,150000,5682,,0.0,0,包含公共設施保留地用地；,RPRNMLKMOHHGFAW76DA,0.0,0.0,0.0,無,
金城鎮,房地(土地+建物),金門縣金城鎮中興路２０５巷６號六樓,17.12,都市：其他:第一種商業區,,,1110603,土地1建物1車位0,六層,七層,華廈(10層含以下有電梯),住家用,鋼筋混凝土造,0991018,119.04,3,2,2,有,有,9400000,78965,,0.0,0,,RPRNMLOJPHHGFAW96DA,86.4,0.0,8.19,有,
金寧鄉,土地,寧劃段453地號,488.91,都市：其他:農業區,,,1110617,土地1建物0車位0,,,其他,,,,0.0,0,0,0,有,無,2130000,4357,,0.0,0,,RPPNMLRKOHHGFAW07DA,0.0,0.0,0.0,無,
金沙鎮,土地,浦邊測段401地號,453.07,都市：其他:農業區,,,1110620,土地1建物0車位0,,,其他,,,,0.0,0,0,0,有,無,500000,1104,,0.0,0,,RPQNMLLLOHHGFAW66DA,0.0,0.0,0.0,無,
金城鎮,土地,北一段302-3地號,333.48,都市：其他:農業區,,,1110625,土地2建物0車位0,,,其他,,,,0.0,0,0,0,有,無,4400000,13194,,0.0,0,,RPQNMLKMOHHGFAW66DA,0.0,0.0,0.0,無,
金寧鄉,土地,古寧頭測段984-2地號,441.06,都市：其他:國家公園區,,,1110620,土地1建物0車位0,,,其他,,,,0.0,0,0,0,有,無,3300000,7482,,0.0,0,,RPTNMLQJPHHGFAW37DA,0.0,0.0,0.0,無,
金寧鄉,土地,寧湖三劃段488地號,913.0,都市：其他:農業區,,,1110627,土地1建物0車位0,,,其他,,,,0.0,0,0,0,有,無,9200000,10077,,0.0,0,,RPPNMLRJPHHGFAW07DA,0.0,0.0,0.0,無,036
金城鎮,土地,歐厝段85地號,1552.03,都市：其他:農業區、道路用地,,,1110608,土地1建物0車位0,,,其他,,,,0.0,0,0,0,有,無,6700000,4317,,0.0,0,,RPUNMLQJPHHGFAW57EA,0.0,0.0,0.0,無,
金城鎮,房地(土地+建物),金門縣金城鎮金山路１２１巷１５弄２１號,141.07,都市：其他:農業區,,,1110606,土地3建物1車位0,全,三層,透天厝,住家用,鋼筋混凝土造,1040217,230.28,5,2,4,有,無,16980000,73736,,0.0,0,含裝潢費；含傢俱設備費；,RPRNMLQKOHHGFAW17DA,207.77,6.24,16.27,無,037
金寧鄉,房地(土地+建物),金門縣金寧鄉頂埔下６９號三樓,61.34,都市：其他:農業區,,,1110627,土地1建物1車位0,三層,三層,公寓(5樓含以下無電梯),住家用,鋼筋混凝土造,1011017,117.24,3,1,3,有,無,7700000,65677,,0.0,0,,RPVNMLQJPHHGFAW57DA,98.89,0.0,9.99,無,
金寧鄉,土地,寧劃段363地號,489.31,都市：其他:農業區,,,1110604,土地1建物0車位0,,,其他,,,,0.0,0,0,0,有,無,1250000,2555,,0.0,0,,RPPNMLOKPHHGFAW86DA,0.0,0.0,0.0,無,038
金寧鄉,房地(土地+建物),金門縣金寧鄉下埔下３６８號三樓,60.01,都市：其他:自然村專用區,,,1110625,土地1建物2車位0,三層,三層,公寓(5樓含以下無電梯),住家用,鋼筋混凝土造,1110502,121.8,3,2,2,有,有,8100000,66502,,0.0,0,,RPPNMLPKPHHGFAW96DA,94.69,0.0,9.13,無,
金湖鎮,土地,士校段166-2地號,2295.07,都市：其他:農業區,,,1110627,土地1建物0車位0,,,其他,,,,0.0,0,0,0,有,無,9150000,3987,,0.0,0,,RPPNMLMKPHHGFAW66DA,0.0,0.0,0.0,無,039
金湖鎮,房地(土地+建物),金門縣金湖鎮安民５８號一樓之２,55.91,都市：其他:自然村專用區,,,1110626,土地1建物1車位0,一層,四層,華廈(10層含以下有電梯),住家用,鋼筋混凝土造,1101021,105.45,3,2,2,有,有,6880000,65244,,0.0,0,,RPQNMLMKPHHGFAW76DA,73.0,0.0,17.68,有,
金湖鎮,土地,北五劃段328地號,800.0,都市：其他:農業區,,,1110625,土地1建物0車位0,,,其他,,,,0.0,0,0,0,有,無,3800000,4750,,0.0,0,,RPRNMLPJPHHGFAW07DA,0.0,0.0,0.0,無,
金城鎮,房地(土地+建物),金門縣金城鎮西海路三段２１巷８號,102.03,都市：其他:自然村專用區,,,1110623,土地1建物1車位0,全,三層,透天厝,住家用,鋼筋混凝土造,1040902,160.0,5,2,5,有,無,13200000,82500,,0.0,0,,RPRNMLTLOHHGFAW57DA,155.0,0.0,5.0,無,
金沙鎮,土地,洋山測段633地號,424.1,都市：其他:保護區,,,1110619,土地1建物0車位0,,,其他,,,,0.0,0,0,0,有,無,3700000,8724,,0.0,0,,RPRNMLMKPHHGFAW86DA,0.0,0.0,0.0,無,040
金沙鎮,房地(土地+建物),金門縣金沙鎮東沙尾４０號三樓之１,44.52,都市：其他:自然村專用區,,,1110604,土地1建物1車位0,三層,四層,華廈(10層含以下有電梯),住家用,鋼筋混凝土造,1090904,89.75,2,2,2,有,無,4400000,49025,,0.0,0,,RPRNMLQJOHHGFAW07DA,68.4,0.0,10.28,有,
金湖鎮,房地(土地+建物),金門縣金湖鎮環島南路五段１０８巷５號２樓,53.66,都市：其他:自然村專用區,,,1110620,土地2建物1車位0,二層,五層,華廈(10層含以下有電梯),住家用,鋼筋混凝土造,1110414,112.24000000000001,3,1,2,有,無,7000000,62366,,0.0,0,,RPSNMLSLOHHGFAW57DA,90.04,0.0,9.19,有,
金湖鎮,房地(土地+建物),金門縣金湖鎮環島南路五段１０８巷７號３樓,53.66,都市：其他:自然村專用區,,,1110616,土地2建物1車位0,三層,五層,華廈(10層含以下有電梯),住家用,鋼筋混凝土造,1110414,112.24000000000001,3,1,2,有,無,7000000,62366,,0.0,0,,RPTNMLSLOHHGFAW67DA,90.04,0.0,9.19,有,
金湖鎮,房地(土地+建物),金門縣金湖鎮環島南路五段１０８巷５號４樓,53.66,都市：其他:自然村專用區,,,1110616,土地2建物1車位0,四層,五層,華廈(10層含以下有電梯),住家用,鋼筋混凝土造,1110414,112.24000000000001,3,1,2,有,無,7800000,69494,,0.0,0,,RPUNMLSLOHHGFAW77DA,90.04,0.0,9.19,有,
金湖鎮,房地(土地+建物),金門縣金湖鎮環島南路五段１１０號３樓之１,61.77,都市：其他:自然村專用區,,,1110624,土地2建物1車位0,三層,五層,華廈(10層含以下有電梯),住家用,鋼筋混凝土造,1110414,128.49,3,1,2,有,無,8200000,63818,,0.0,0,,RPWNMLSLOHHGFAW97DA,100.79,0.0,8.35,有,
金寧鄉,房地(土地+建物),金門縣金寧鄉東洲７６號二樓,58.38,都市：其他:自然村專用區,,,1110610,土地1建物1車位0,二層,三層,華廈(10層含以下有電梯),住家用,鋼筋混凝土造,1040721,142.24,3,2,2,有,有,9500000,66789,,0.0,0,本買賣標的包括停車位編號：6號之使用權。,RPXNMLKKOHHGFAW17DA,81.7,2.99,9.11,有,041
金寧鄉,土地,煙墩段1121地號,493.37,都市：其他:保護區,,,1110625,土地1建物0車位0,,,其他,,,,0.0,0,0,0,有,無,900000,1824,,0.0,0,,RPQNMLPKPHHGFAW07DA,0.0,0.0,0.0,無,
金寧鄉,房地(土地+建物),金門縣金寧鄉安岐２３０號三樓,65.75,都市：其他:自然村專用區,,,1110630,土地2建物1車位0,三層,三層,公寓(5樓含以下無電梯),住家用,鋼筋混凝土造,1060525,91.57000000000001,3,2,2,有,無,5750000,62793,,0.0,0,,RPPNMLQJPHHGFAW96DA,80.48,0.0,4.28,無,042
金寧鄉,土地,寧安四劃段88地號,733.33,都市：其他:農業區,,,1110614,土地1建物0車位0,,,其他,,,,0.0,0,0,0,有,無,2200000,3000,,0.0,0,,RPRNMLMLOHHGFAW86DA,0.0,0.0,0.0,無,
金寧鄉,房地(土地+建物),金門縣金寧鄉前厝４５之８號,152.12,都市：其他:自然村專用區,,,1110606,土地2建物1車位0,全,三層,透天厝,住家用,鋼筋混凝土造,1060523,239.85,6,2,4,有,無,20800000,86721,,0.0,0,含裝潢費；含傢俱設備費；,RPPNMLKLOHHGFAW09DA,216.77,9.79,13.29,無,
金寧鄉,房地(土地+建物),金門縣金寧鄉安岐２３０號二樓,65.72,都市：其他:自然村專用區,,,1110630,土地2建物1車位0,二層,三層,公寓(5樓含以下無電梯),住家用,鋼筋混凝土造,1060525,91.57000000000001,3,2,2,有,無,5750000,62793,,0.0,0,,RPSNMLKMOHHGFAW86DA,80.48,0.0,4.28,無,043
金沙鎮,房地(土地+建物)+車位,金門縣金沙鎮洋山２０１號四樓,37.22,都市：其他:自然村專用區,,,1110606,土地1建物1車位1,四層,七層,華廈(10層含以下有電梯),住家用,鋼筋混凝土造,1110406,135.03,3,2,2,有,無,5710000,44574,坡道平面,16.35,420000,,RPSNMLPKOHHGFAW17DA,76.47,0.0,8.71,有,
金湖鎮,房地(土地+建物),金門縣金湖鎮環島南路五段１０８巷７號５樓,53.66,都市：其他:自然村專用區,,,1110630,土地2建物1車位0,五層,五層,華廈(10層含以下有電梯),住家用,鋼筋混凝土造,1110414,112.24000000000001,3,1,2,有,無,6880000,61297,,0.0,0,,RPXNMLSKPHHGFAW08DA,90.04,0.0,9.19,有,
金湖鎮,房地(土地+建物),金門縣金湖鎮環島南路五段１０８巷７號４樓,53.66,都市：其他:自然村專用區,,,1110630,土地2建物1車位0,四層,五層,華廈(10層含以下有電梯),住家用,鋼筋混凝土造,1110414,112.24000000000001,3,1,2,有,無,7050000,62812,,0.0,0,本買賣價金包含編號：8號停車空間之使用權買賣價款為400000萬元,RPWNMLSKPHHGFAW97DA,90.04,0.0,9.19,有,
金湖鎮,房地(土地+建物)+車位,金門縣金湖鎮市港三路１６７號８樓,33.84,都市：其他:第五種住宅區,,,1110618,土地1建物1車位2,八層，九層,九層,華廈(10層含以下有電梯),住家用,鋼筋混凝土造,1101110,226.70999999999998,4,2,2,有,無,17880000,78867,升降機械,38.34,0,預售屋、或土地及建物分件登記案件；,RPSNMLTKPHHGFAW67DA,121.85,0.0,11.37,有,
烈嶼鄉,土地,紅山測段630地號,1058.82,都市：其他:自然村專用區,,,1110630,土地4建物0車位0,,,其他,,,,0.0,0,0,0,有,無,1657500,1565,,0.0,0,,RPQNMLPJPHHGFAW96DA,0.0,0.0,0.0,無,
金湖鎮,房地(土地+建物),金門縣金湖鎮環島南路五段１０８巷５號５樓,53.66,都市：其他:自然村專用區,,,1110623,土地2建物1車位0,五層,五層,華廈(10層含以下有電梯),住家用,鋼筋混凝土造,1110414,112.24000000000001,3,1,2,有,無,7060000,62901,,0.0,0,本買賣價金包含編號：9號停車空間之使用權買賣價款為400000萬元。,RPVNMLSLOHHGFAW87DA,90.04,0.0,9.19,有,
金湖鎮,房地(土地+建物),金門縣金湖鎮市港三路１６９號３樓之１,14.47,都市：其他:第五種住宅區,,,1110617,土地1建物1車位0,三層,九層,華廈(10層含以下有電梯),住家用,鋼筋混凝土造,1101110,80.2,2,1,2,有,無,5100000,63591,,0.0,0,預售屋、或土地及建物分件登記案件；,RPUNMLSKPHHGFAW77DA,50.94,0.0,6.05,有,
金城鎮,房地(土地+建物),金門縣金城鎮金門城１０３之３號三樓,65.22,都市：其他:自然村專用區,,,1110626,土地1建物1車位0,三層,三層,華廈(10層含以下有電梯),住家用,鋼筋混凝土造,1100721,103.21000000000001,3,1,2,有,無,6000000,58134,,0.0,0,,RPPNMLRLOHHGFAW17DA,75.84,0.0,9.11,有,
金寧鄉,土地,安西劃段658地號,813.04,都市：其他:農業區,,,1110530,土地1建物0車位0,,,其他,,,,0.0,0,0,0,有,無,5800000,7134,,0.0,0,,RPVNMLOKOHHGFAW37DA,0.0,0.0,0.0,無,
金湖鎮,房地(土地+建物),金門縣金湖鎮市港路１３６號五樓,26.55,都市：其他:第五種住宅區,,,1110521,土地1建物1車位0,五層,七層,華廈(10層含以下有電梯),辦公用,鋼筋混凝土造,1100113,117.83,3,2,2,有,有,7500000,63651,,0.0,0,,RPTNMLNLNHHGFAW07DA,77.83,0.0,8.39,有,
金湖鎮,房地(土地+建物),金門縣金湖鎮市港五路１６０號３樓,7.89,都市：其他:第二種商業區,,,1110506,土地1建物1車位0,三層,十層,華廈(10層含以下有電梯),商業用,鋼筋混凝土造,1090408,55.98,1,1,1,有,無,4880000,87174,,0.0,0,,RPWNMLMJOHHGFAW27EA,32.73,4.07,0.0,有,
金城鎮,土地,賢厝段739地號,754.0,都市：其他:農業區,,,1110503,土地1建物0車位0,,,其他,,,,0.0,0,0,0,有,無,4560000,6048,,0.0,0,,RPPNMLOKOHHGFAW86EA,0.0,0.0,0.0,無,044
金湖鎮,土地,新市段1071地號,563.56,都市：其他:綠地,,,1110520,土地1建物0車位0,,,其他,,,,0.0,0,0,0,有,無,44972088,79800,,0.0,0,,RPTNMLPKOHHGFAW37EA,0.0,0.0,0.0,無,
金湖鎮,房地(土地+建物),金門縣金湖鎮林兜３３號,150.0,都市：其他:自然村專用區,,,1110531,土地2建物2車位0,全,三層,透天厝,住家用,鋼筋混凝土加強磚造,0840706,450.0,8,4,4,有,無,25000000,55556,,0.0,0,親友、員工、共有人或其他特殊關係間之交易；,RPPNMLQKOHHGFAW96DA,450.0,0.0,0.0,無,
金湖鎮,土地,太武段1268地號,999.89,都市：其他:農業區,,,1110519,土地2建物0車位0,,,其他,,,,0.0,0,0,0,有,無,14000000,14002,,0.0,0,,RPUNMLPKOHHGFAW37DA,0.0,0.0,0.0,無,
金湖鎮,房地(土地+建物),金門縣金湖鎮塔后３１５號二樓,65.85,都市：其他:自然村專用區,,,1110517,土地1建物1車位0,二層,三層,公寓(5樓含以下無電梯),住家用,鋼筋混凝土造,0960820,116.17999999999999,3,2,2,有,無,6000000,51648,,0.0,0,買方除買賣價金外，另負擔土地增值稅,RPSNMLRKNHHGFAW27DA,96.66,0.0,8.36,無,045
金寧鄉,房地(土地+建物),金門縣金寧鄉仁愛新９２號三樓,44.0,都市：其他:自然村專用區,,,1110525,土地1建物1車位0,三層,三層,公寓(5樓含以下無電梯),住家用,鋼筋混凝土造,0990617,64.74000000000001,4,0,4,有,無,3700000,57152,,0.0,0,,RPVNMLRKOHHGFAW67DA,59.95,0.0,0.0,無,
金城鎮,土地,北一段424地號,1000.92,都市：其他:農業區,,,1110531,土地1建物0車位0,,,其他,,,,0.0,0,0,0,有,無,12500000,12489,,0.0,0,,RPRNMLTJOHHGFAW37DA,0.0,0.0,0.0,無,
金寧鄉,土地,寧劃段1028地號,979.24,都市：其他:農業區,,,1110513,土地2建物0車位0,,,其他,,,,0.0,0,0,0,有,無,1600000,1634,,0.0,0,,RPPNMLMLOHHGFAW76EA,0.0,0.0,0.0,無,
烈嶼鄉,土地,烈濱劃測段977地號,447.0,都市：其他:保護區,,,1110527,土地2建物0車位0,,,其他,,,,0.0,0,0,0,有,無,2500000,5593,,0.0,0,,RPQNMLRLOHHGFAW27DA,0.0,0.0,0.0,無,
金湖鎮,房地(土地+建物),金門縣金湖鎮市港三路２２５號２樓之６,11.08,都市：其他:第五種住宅區,,,1110513,土地1建物1車位0,二層,八層,華廈(10層含以下有電梯),住家用,鋼筋混凝土造,1041125,61.97,2,1,1,有,有,4300000,69388,,0.0,0,,RPPNMLTLOHHGFAW37DA,33.82,2.08,3.61,有,046
金湖鎮,房地(土地+建物),金門縣金湖鎮市港一路２０３號,77.14,都市：其他:自然村專用區,,,1110527,土地3建物1車位0,全,三層,透天厝,住家用,鋼筋混凝土造,0990730,150.65,5,2,4,有,無,9900000,65715,,0.0,0,,RPRNMLLJPHHGFAW66DA,135.75,8.91,5.99,無,
金沙鎮,土地,斗門劃測段660-1地號,279.29,都市：其他:道路用地,,,1110523,土地1建物0車位0,,,其他,,,,0.0,0,0,0,有,無,1647811,5900,,0.0,0,協議價購；,RPPNMLLJPHHGFAW56EA,0.0,0.0,0.0,無,
金沙鎮,房地(土地+建物),金門縣金沙鎮洋山２０２號四樓,35.67,都市：其他:自然村專用區,,,1110530,土地1建物1車位0,四層,七層,華廈(10層含以下有電梯),住家用,鋼筋混凝土造,1110406,114.04,0,0,0,無,無,5500000,48229,,0.0,0,,RPWNMLQJOHHGFAW57DA,75.5,0.0,6.4,有,
金沙鎮,房地(土地+建物),金門縣金沙鎮洋山２０２號,31.81,都市：其他:自然村專用區,,,1110530,土地1建物1車位0,一層,七層,華廈(10層含以下有電梯),住家用,鋼筋混凝土造,1110406,102.34,3,2,2,有,無,6000000,58628,,0.0,0,,RPVNMLQJOHHGFAW47DA,73.67,0.0,0.0,有,
金寧鄉,土地,北二三劃測段294地號,970.51,都市：其他:農業區,,,1110525,土地2建物0車位0,,,其他,,,,0.0,0,0,0,有,無,16800000,17310,,0.0,0,包含公共設施保留地用地；,RPUNMLOKPHHGFAW37DA,0.0,0.0,0.0,無,047
金湖鎮,房地(土地+建物),金門縣金湖鎮環島南路五段１１０號,117.42,都市：其他:自然村專用區,,,1110528,土地2建物1車位0,一層,五層,華廈(10層含以下有電梯),商業用,鋼筋混凝土造,1110414,246.20999999999998,0,0,0,無,無,22344000,90752,,0.0,0,,RPRNMLSLOHHGFAW47DA,209.42,0.0,0.0,有,
金湖鎮,房地(土地+建物),金門縣金湖鎮環島南路五段１０８巷７號,50.55,都市：其他:自然村專用區,,,1110528,土地2建物1車位0,一層,五層,華廈(10層含以下有電梯),住家用,鋼筋混凝土造,1110414,105.77,3,1,2,有,無,8000000,75636,,0.0,0,本買賣價金包含編號12號停車空間之使用權買賣價款為400000萬元。,RPXNMLSLOHHGFAW08DA,90.04,0.0,3.49,有,
金湖鎮,房地(土地+建物),金門縣金湖鎮環島南路五段１１０號２樓,120.64,都市：其他:自然村專用區,,,1110528,土地2建物1車位0,二層,五層,華廈(10層含以下有電梯),商業用,鋼筋混凝土造,1110414,254.89,0,0,0,無,無,21588000,84695,,0.0,0,本買賣價金包含編號：6號停車空間之使用權買賣價款為400000萬元。,RPOOMLSLOHHGFAW27DA,192.8,0.0,24.3,有,
金寧鄉,房地(土地+建物),金門縣金寧鄉東坑１７號,144.8,都市：其他:自然村專用區,,,1110526,土地2建物1車位0,全,三層,透天厝,住家用,鋼筋混凝土造,1040805,222.8,4,3,4,有,無,11500000,51616,,0.0,0,親友、員工、共有人或其他特殊關係間之交易；,RPUNMLMJQHHGFAW17DA,203.91,0.0,18.89,無,048
金湖鎮,房地(土地+建物)+車位,金門縣金湖鎮市港五路１５８之１號９樓,8.2,都市：其他:第二種商業區,,,1110411,土地1建物1車位1,九層,十層,華廈(10層含以下有電梯),商業用,鋼筋混凝土造,1090408,82.02,1,1,1,有,無,6600000,97087,坡道平面,24.34,1000000,,RPRNMLMJOHHGFAW76EA,31.71,1.11,4.91,有,
金湖鎮,房地(土地+建物),金門縣金湖鎮市港五路１６０之１號９樓,7.69,都市：其他:第二種商業區,,,1110411,土地1建物1車位0,九層,十層,華廈(10層含以下有電梯),商業用,鋼筋混凝土造,1090408,54.04,1,1,1,有,無,5250000,97150,,0.0,0,,RPUNMLMJOHHGFAW07EA,29.44,1.02,4.91,有,
金湖鎮,房地(土地+建物),金門縣金湖鎮市港五路１６６之１號４樓,7.62,都市：其他:第二種商業區,,,1110428,土地1建物1車位0,四層,十層,華廈(10層含以下有電梯),商業用,鋼筋混凝土造,1090408,53.67,1,1,1,有,無,4480000,83473,,0.0,0,,RPVNMLMJOHHGFAW17EA,29.14,0.98,5.01,有,
金城鎮,房地(土地+建物),金門縣金城鎮金門城２３０號,38.81,都市：其他:自然村專用區,,,1110427,土地1建物1車位0,一層,五層,華廈(10層含以下有電梯),住家用,鋼筋混凝土造,1101018,77.7,2,2,2,有,無,5400000,69498,,0.0,0,,RPRNMLPKOHHGFAW07DA,57.3,0.0,7.13,有,
金城鎮,房地(土地+建物)+車位,金門縣金城鎮民權路２２６巷２弄１２號三樓之３,24.71,都市：其他:第三種住宅區。,,,1110429,土地2建物1車位1,三層,十一層,住宅大樓(11層含以上有電梯),住家用,鋼筋混凝土造,1051104,159.36,3,2,2,有,有,12800000,92065,坡道平面,31.19,1000000,預售屋、或土地及建物分件登記案件；,RPRNMLPJNHHGFAW86DA,87.72,0.0,7.5,有,
金湖鎮,房地(土地+建物),金門縣金湖鎮市港五路１６０號５樓,7.89,都市：其他:第二種商業區,,,1110421,土地1建物1車位0,五層,十層,華廈(10層含以下有電梯),商業用,鋼筋混凝土造,1090408,55.98,1,1,1,有,無,5480000,97892,,0.0,0,,RPQNMLRJPHHGFAW27EA,32.73,4.07,0.0,有,
金城鎮,房地(土地+建物),金門縣金城鎮莒光路一段２３號,72.94,都市：其他:第二種住宅區,,,1110307,土地3建物1車位0,全,二層,透天厝,住商用,鋼筋混凝土造,0570115,142.1,2,0,2,有,無,18000000,126671,,0.0,0,,RPOOMLPLMHHGFAW76DA,142.1,0.0,0.0,無,
金寧鄉,房地(土地+建物),金門縣金寧鄉林湖路５０９號三樓,61.1,都市：其他:自然村專用區,,,1110318,土地2建物1車位0,三層,三層,華廈(10層含以下有電梯),住家用,鋼筋混凝土造,1090413,105.44000000000001,3,2,2,有,無,7000000,66388,,0.0,0,陽台外推；預售屋、或土地及建物分件登記案件；,RPPOMLLLLHHGFAW98DA,81.66,0.0,9.38,有,
金湖鎮,房地(土地+建物)+車位,金門縣金湖鎮市港五路１５６號９樓,8.54,都市：其他:第二種商業區,,,1110207,土地1建物1車位1,九層,十層,華廈(10層含以下有電梯),商業用,鋼筋混凝土造,1090408,84.88,1,1,1,有,無,7380000,105385,坡道平面,24.34,1000000,買賣私契簽約日為111/2/7日買賣雙方以用印日111/04/30日為公契日。,RPSNMLMJOHHGFAW86EA,35.38,4.39,0.0,有,
金湖鎮,房地(土地+建物)+車位,金門縣金湖鎮市港五路１５２號９樓,8.45,都市：其他:第二種商業區,,,1110207,土地1建物1車位1,九層,十層,華廈(10層含以下有電梯),商業用,鋼筋混凝土造,1090408,84.57,1,1,1,有,無,7320000,104931,坡道平面,24.34,1000000,買賣私契簽約日為111/2/7日買賣雙方以用印日111/04/30日為公契日。,RPTNMLMJOHHGFAW96EA,34.31,5.39,0.0,有,
金湖鎮,房地(土地+建物),金門縣金湖鎮市港五路１６８之１號４樓,7.6,都市：其他:第二種商業區,,,1110222,土地1建物1車位0,四層,十層,華廈(10層含以下有電梯),商業用,鋼筋混凝土造,1090408,53.78,1,1,1,有,無,4300000,79955,,0.0,0,買賣雙方約定移轉公契日期為用印日111/6/30,RPRNMLRJPHHGFAW37EA,29.22,1.25,4.81,有,
金寧鄉,房地(土地+建物),金門縣金寧鄉西浦頭７５之５號二樓,46.43,都市：其他:自然村專用區,,,1090812,土地1建物1車位0,二層,三層,公寓(5樓含以下無電梯),住家用,鋼筋混凝土造,1110624,96.13000000000001,3,2,2,有,無,4300000,44731,,0.0,0,預售屋、或土地及建物分件登記案件；,RPUNMLLKQHHGFAW17DA,79.55,0.0,7.63,無,
金寧鄉,房地(土地+建物),金門縣金寧鄉西浦頭７５之６號二樓,46.43,都市：其他:自然村專用區,,,1090812,土地1建物1車位0,二層,三層,公寓(5樓含以下無電梯),住家用,鋼筋混凝土造,1110624,96.13000000000001,3,2,2,有,無,4300000,44731,,0.0,0,預售屋、或土地及建物分件登記案件；,RPQNMLMKQHHGFAW86DA,79.55,0.0,7.63,無,
金寧鄉,房地(土地+建物),金門縣金寧鄉西浦頭７５之６號三樓,46.43,都市：其他:自然村專用區,,,1090722,土地1建物1車位0,三層,三層,公寓(5樓含以下無電梯),住家用,鋼筋混凝土造,1110624,96.13000000000001,3,2,2,有,無,4800000,49932,,0.0,0,預售屋、或土地及建物分件登記案件；,RPSNMLMKQHHGFAW07DA,79.55,0.0,7.63,無,
