﻿編號,土地位置,土地移轉面積(平方公尺),使用分區或編定,權利人持分分母,權利人持分分子,移轉情形,地號
The serial number, land position,land shifting area square meter,the use zoning or compiles and checks,,,,land parcel
RPPNMLPJQHHGFAW96DA,東紅山段,915.12,都市：其他:國家公園區,1,1,全筆移轉,09840000
RPQNMLNJQHHGFAW86DA,珠山段,334.05,都市：其他:農業區,1,1,全筆移轉,03580000
RPVNMLSJQHHGFAW87DA,漁村段,103.64,都市：其他:自然村專用區,1,1,全筆移轉,00210008
RPPNMLQJQHHGFAW07DA,湖前段,29.95,都市：其他:自然村專用區,10000,483,持分移轉,13550000
RPPNMLQJQHHGFAW07DA,湖前段,23.71,都市：其他:自然村專用區,10000,483,持分移轉,13560000
RPUNMLTJQHHGFAW87DA,洋山段,37.22,都市：其他:自然村專用區,100000,6287,持分移轉,10180000
RPPNMLTJQHHGFAW37DA,市港段,18.33,都市：其他:第五種住宅區,10000,116,持分移轉,00080000
RPPNMLQKQHHGFAW17DA,后宅測段,800.00,都市：其他:農業區,1,1,全筆移轉,10460000
RPSNMLTJQHHGFAW67DA,湖前段,28.21,都市：其他:自然村專用區,10000,455,持分移轉,13550000
RPSNMLTJQHHGFAW67DA,湖前段,22.34,都市：其他:自然村專用區,10000,455,持分移轉,13560000
RPSNMLQKQHHGFAW47DA,寧山段,27.35,都市：其他:農業區,1,1,全筆移轉,10540001
RPVNMLPKQHHGFAW77EA,紅山測段,195.29,都市：其他:農業區,1,1,全筆移轉,11540000
RPSNMLSKQHHGFAW67DA,寧湖三劃段,1000.00,都市：其他:農業區,1,1,全筆移轉,03500000
RPPNMLRKQHHGFAW27DA,延平段,161.84,都市：其他:風景區,8,1,持分移轉,00010000
RPPNMLRKQHHGFAW27DA,延平段,125.02,都市：其他:農業區,8,1,持分移轉,01120000
RPPNMLRKQHHGFAW27DA,延平段,125.05,都市：其他:農業區,8,1,持分移轉,01130000
RPPNMLRKQHHGFAW27DA,延平段,123.29,都市：其他:農業區,8,1,持分移轉,01190000
RPRNMLTKQHHGFAW77EA,盤山村測段,39.84,都市：其他:自然村專用區,2,1,持分移轉,04530000
RPRNMLTKQHHGFAW77EA,盤山村測段,39.84,都市：其他:自然村專用區,2,1,持分移轉,04530000
RPUNMLTKQHHGFAW08EA,后湖村測段,135.35,都市：其他:自然村專用區,1,1,全筆移轉,02290000
RPSNMLKKQHHGFAW86DA,中五劃段,858.09,都市：其他:國家公園區,1,1,全筆移轉,07430000
RPRNMLTJQHHGFAW57DA,大山段,437.96,都市：其他:國家公園區,1,1,全筆移轉,00590000
RPWNMLSKQHHGFAW08DA,洋山測段,305.06,都市：其他:自然村專用區,1,1,全筆移轉,06370000
RPQNMLKKQHHGFAW66DA,陳坑段,380.74,都市：其他:保護區,2,1,持分移轉,02400000
RPPNMLTKQHHGFAW47DA,浦邊段,29.00,都市：其他:自然村專用區,1,1,全筆移轉,11810001
RPRNMLNLQHHGFAW17DA,士校段,55.91,都市：其他:自然村專用區,10000,555,持分移轉,04030011
RPSNMLNLQHHGFAW27DA,西山段,18.64,都市：其他:農業區,100000,10280,持分移轉,06670000
RPSNMLNLQHHGFAW27DA,西山段,2.72,都市：其他:自然村專用區,100000,10280,持分移轉,06670003
RPSNMLNLQHHGFAW27DA,西山段,11.02,都市：其他:自然村專用區、農業區,100000,10280,持分移轉,06670004
RPRNMLQJQHHGFAW27DA,北九劃段,1000.00,都市：其他:農業區,1,1,全筆移轉,10370000
RPPNMLNLQHHGFAW96DA,沙溪測段,401.45,都市：其他:道路用地,1,1,全筆移轉,03840000
RPQNMLNLQHHGFAW07DA,榜林村測段,7.40,都市：其他:自然村專用區,69726,2213,持分移轉,01370001
RPQNMLNLQHHGFAW07DA,榜林村測段,7.59,都市：其他:自然村專用區,69726,2213,持分移轉,01370002
RPRNMLPLQHHGFAW47EA,中三劃測段,79.12,都市：其他:農業區,9,1,持分移轉,01080000
RPRNMLPLQHHGFAW47EA,中三劃測段,.89,都市：其他:農業區,9,1,持分移轉,01080001
RPSNMLQLQHHGFAW57DA,延平段,45.46,都市：其他:農業區,20,1,持分移轉,05340001
RPPNMLNKQHHGFAW86DA,洋山段,35.67,都市：其他:自然村專用區,100000,6025,持分移轉,10180000
RPUNMLPLQHHGFAW77EA,中三劃測段,79.05,都市：其他:農業區,9,1,持分移轉,01090000
RPUNMLPLQHHGFAW77EA,中三劃測段,.96,都市：其他:農業區,9,1,持分移轉,01090001
RPUNMLQLQHHGFAW87EA,后宅段,592.00,都市：其他:道路用地,1,1,全筆移轉,12660000
RPTNMLQLQHHGFAW77EA,后宅段,624.00,都市：其他:自然村專用區,1,1,全筆移轉,12860000
RPRNMLLMQHHGFAW17EA,煙墩段,718.96,都市：其他:自然村專用區,1,1,全筆移轉,05540000
RPSNMLMJRHHGFAW07DA,后垵段,583.55,都市：其他:農業區,1,1,全筆移轉,06710000
RPVNMLKMQHHGFAW47EA,石牌段,694.32,都市：其他:農業區,1,1,全筆移轉,02650000
RPTNMLTLQHHGFAW08EA,黃埔段,66.74,都市：其他:自然村專用區,1,1,全筆移轉,01880006
RPWNMLKMQHHGFAW57EA,石牌段,694.31,都市：其他:農業區,1,1,全筆移轉,02650001
RPSNMLTKQHHGFAW77DA,浯坑劃測段,129.77,都市：其他:農業區,1,1,全筆移轉,01030000
RPSNMLTKQHHGFAW77DA,浯坑劃測段,50.23,都市：其他:道路用地,1,1,全筆移轉,01030001
RPVNMLLJQHHGFAW17DA,東坑段,77.00,都市：其他:自然村專用區,1,1,全筆移轉,01030002
RPXNMLKMQHHGFAW57DA,蔡厝劃測段,1840.04,都市：其他:農業區,1,1,全筆移轉,04120000
RPOOMLKMQHHGFAW76DA,英坑段,950.14,都市：其他:農業區,1,1,全筆移轉,03420001
RPOOMLKMQHHGFAW76DA,英坑段,307.00,都市：其他:農業區,1,1,全筆移轉,03430001
RPQNMLLMQHHGFAW96DA,古坵段,464.00,都市：其他:農業區,1,1,全筆移轉,08810000
RPTNMLLMQHHGFAW27DA,湖前段,51.96,都市：其他:農業區,1,1,全筆移轉,02040006
RPTNMLLMQHHGFAW27DA,湖前段,32.62,都市：其他:農業區,2,1,持分移轉,02040014
RPSNMLLMQHHGFAW17DA,湖前段,34.91,都市：其他:自然村專用區,10000,563,持分移轉,13550000
RPSNMLLMQHHGFAW17DA,湖前段,27.64,都市：其他:自然村專用區,10000,563,持分移轉,13560000
RPUNMLMJRHHGFAW27DA,延平段,985.16,都市：其他:農業區,1,1,全筆移轉,06910000
RPUNMLMJRHHGFAW27DA,延平段,985.09,都市：其他:農業區,1,1,全筆移轉,07570000
RPRNMLMLQHHGFAW07DA,漁村段,81.76,都市：其他:自然村專用區,10000,870,持分移轉,01050003
RPTNMLQKQHHGFAW57DA,湖尚劃段,971.32,都市：其他:農業區,1,1,全筆移轉,02420000
RPPNMLQLQHHGFAW27DA,浯坑劃測段,776.82,都市：其他:農業區,1,1,全筆移轉,05430000
RPUNMLKKQHHGFAW07DA,寧山段,472.23,都市：其他:保護區,2,1,持分移轉,01290000
RPUNMLKKQHHGFAW07DA,寧山段,514.92,都市：其他:保護區,2,1,持分移轉,03720000
RPUNMLKKQHHGFAW07DA,寧山段,563.38,都市：其他:保護區,2,1,持分移轉,04210000
RPUNMLKKQHHGFAW07DA,寧山段,168.99,都市：其他:保護區,2,1,持分移轉,04250000
RPUNMLKKQHHGFAW07DA,寧山段,669.01,都市：其他:保護區,2,1,持分移轉,04270000
RPUNMLKKQHHGFAW07DA,寧山段,610.55,都市：其他:保護區,2,1,持分移轉,05410000
RPPNMLLMQHHGFAW86DA,古坵段,104.00,都市：其他:農業區,1,1,全筆移轉,08030000
RPPNMLMJRHHGFAW76DA,莒光樓段,68.35,都市：其他:農業區,100000,10915,持分移轉,03810000
RPPNMLMJRHHGFAW76DA,莒光樓段,20.46,都市：其他:農業區,100000,9637,持分移轉,03810013
RPPNMLPJPHHGFAW86DA,盤山村測段,11.63,都市：其他:自然村專用區,8,1,持分移轉,02310000
RPVNMLPJPHHGFAW47DA,洋山段,35.67,都市：其他:自然村專用區,100000,6025,持分移轉,10180000
RPQNMLQJPHHGFAW07DA,旗牌段,162.00,都市：其他:市場用地,1,1,全筆移轉,04200001
RPVNMLLKPHHGFAW17DA,中三劃測段,366.51,都市：其他:農業區,1,1,全筆移轉,04610000
RPTNMLPJPHHGFAW27DA,寧湖一劃段,5.09,都市：其他:自然村專用區,1000,37,持分移轉,05250000
RPTNMLPJPHHGFAW27DA,寧湖一劃段,98.14,都市：其他:自然村專用區,1,1,全筆移轉,05250007
RPTNMLMKPHHGFAW07DA,保生段,238.54,都市：其他:第二之一種住宅區,1,1,全筆移轉,00060000
RPQNMLOKPHHGFAW96DA,城南段,19.19,都市：其他:第二種商業區,4,2,持分移轉,01510000
RPQNMLOKPHHGFAW96DA,城南段,24.46,都市：其他:道路用地,4,2,持分移轉,01520000
RPSNMLQJPHHGFAW27DA,洋山段,35.67,都市：其他:自然村專用區,100000,6025,持分移轉,10180000
RPUNMLMKPHHGFAW17DA,西山段,867.36,都市：其他:農業區,1,1,全筆移轉,06740000
RPUNMLMKPHHGFAW17DA,西山段,151.03,都市：其他:道路用地,1,1,全筆移轉,06740001
RPSNMLOKPHHGFAW17DA,祥和段,11.50,都市：其他:道路用地,1,1,全筆移轉,05960001
RPPNMLTKPHHGFAW37DA,小西門劃測段,205.01,都市：其他:農業區,1,1,全筆移轉,06300000
RPTNMLRJPHHGFAW47DA,北九十劃段,981.86,都市：其他:農業區,1,1,全筆移轉,01450000
RPPNMLKLPHHGFAW66EA,古崗村測段,140.38,都市：其他:自然村專用區,1,1,全筆移轉,01050000
RPQNMLLKPHHGFAW66DA,東園劃段,1000.05,都市：其他:農業區,1,1,全筆移轉,00960000
RPSNMLSJPHHGFAW47DA,古塔段,34.51,都市：其他:自然村專用區,10,1,持分移轉,00650000
RPQNMLTKPHHGFAW47DA,湖前段,51.96,都市：其他:農業區,1,1,全筆移轉,02040008
RPQNMLTKPHHGFAW47DA,湖前段,32.62,都市：其他:農業區,2,1,持分移轉,02040013
RPTNMLOKPHHGFAW27DA,北一段,168.18,都市：其他:農業區,6,2,持分移轉,05560001
RPRNMLTKPHHGFAW57DA,湖前段,51.96,都市：其他:農業區,1,1,全筆移轉,02040003
RPRNMLTKPHHGFAW57DA,湖前段,32.62,都市：其他:農業區,2,1,持分移轉,02040015
RPTNMLTKPHHGFAW77DA,湖下村測段,24.43,都市：其他:自然村專用區,42,5,持分移轉,03070000
SPTNMLTKPHHGFAW87DA,湖下村測段,24.43,都市：其他:自然村專用區,42,5,持分移轉,03070000
RPRNMLPKPHHGFAW17DA,北九劃段,903.10,都市：其他:農業區,1,1,全筆移轉,11600000
RPRNMLPKPHHGFAW17DA,北九劃段,96.90,都市：其他:道路用地,1,1,全筆移轉,11600001
RPQNMLKLPHHGFAW66DA,東坑段,276.00,都市：其他:農業區,1,1,全筆移轉,05990000
RPQNMLKLPHHGFAW66DA,紅山測段,195.29,都市：其他:農業區,1,1,全筆移轉,11540000
RPRNMLSJPHHGFAW37DA,安西劃段,580.00,都市：其他:農業區,1,1,全筆移轉,10600001
RPQNMLMLPHHGFAW86DA,北八劃段,820.00,都市：其他:農業區,1,1,全筆移轉,02560000
RPPNMLMLPHHGFAW76DA,市港段,7.68,都市：其他:第五種住宅區,10000,105,持分移轉,00980000
RPRNMLMLPHHGFAW96DA,市港段,26.55,都市：其他:第五種住宅區,10000,711,持分移轉,01110000
RPPNMLOLPHHGFAW96DA,古坵段,410.00,都市：其他:保護區,1,1,全筆移轉,12780000
RPSNMLMLPHHGFAW07DA,陳坑段,31.30,都市：其他:自然村專用區,5,1,持分移轉,04190001
RPSNMLMLPHHGFAW07DA,尚義段,933.27,都市：其他:農業區,1,1,全筆移轉,08090000
RPUNMLTKPHHGFAW87DA,城南段,26.47,都市：其他:第二種住宅區,3,1,持分移轉,06820000
RPUNMLTKPHHGFAW87DA,城南段,10.02,都市：其他:道路用地,3,1,持分移轉,06830000
RPPNMLSLPHHGFAW37DA,浯坑劃測段,1258.34,都市：其他:農業區,1,1,全筆移轉,06480000
RPPNMLSLPHHGFAW37DA,浯坑劃測段,123.68,都市：其他:道路用地,1,1,全筆移轉,06480001
RPRNMLPLPHHGFAW27DA,沙溪測段,401.45,都市：其他:道路用地,1,1,全筆移轉,03840000
RPRNMLPLPHHGFAW27DA,沙溪測段,328.76,都市：其他:農業區,1,1,全筆移轉,03840001
RPRNMLPLPHHGFAW27DA,沙溪測段,326.27,都市：其他:農業區,1,1,全筆移轉,03870000
RPPNMLQLPHHGFAW17DA,金門城測段,65.22,都市：其他:自然村專用區,6,1,持分移轉,06720000
RPRNMLLKPHHGFAW76DA,東洲段,1073.67,都市：其他:農業區,1,1,全筆移轉,01970000
RPQNMLSJPHHGFAW27DA,金門城測段,38.81,都市：其他:自然村專用區,20,1,持分移轉,07540000
RPPNMLRLPHHGFAW37EA,南雄段,166.92,都市：其他:自然村專用區,14,1,持分移轉,08300002
RPSNMLPJPHHGFAW17DA,北一段,823.29,都市：其他:農業區,1,1,全筆移轉,04060000
RPQNMLPLPHHGFAW17DA,中一段,197.42,都市：其他:第一種住宅區,12,3,持分移轉,03670000
RPQNMLPLPHHGFAW17DA,中一段,48.94,都市：其他:道路用地,46002,14682,持分移轉,03670002
RPRNMLTLPHHGFAW77EA,庵前劃測段,575.01,都市：其他:農業區,1,1,全筆移轉,01730000
RPQNMLSLPHHGFAW47DA,陳坑段,1105.22,都市：其他:風景區,1,1,全筆移轉,00070000
RPQNMLSLPHHGFAW47DA,陳坑段,497.20,都市：其他:風景區,1,1,全筆移轉,00210000
RPQNMLSLPHHGFAW47DA,陳坑段,292.57,都市：其他:風景區,1,1,全筆移轉,00430000
RPQNMLSLPHHGFAW47DA,陳坑段,103.62,都市：其他:風景區,1,1,全筆移轉,01000000
RPQNMLSLPHHGFAW47DA,陳坑段,155.58,都市：其他:風景區,1,1,全筆移轉,01030000
RPQNMLSLPHHGFAW47DA,陳坑段,307.08,都市：其他:風景區,1,1,全筆移轉,01040000
RPQNMLSLPHHGFAW47DA,陳坑段,46.99,都市：其他:風景區,1,1,全筆移轉,01060000
RPQNMLSLPHHGFAW47DA,陳坑段,166.92,都市：其他:風景區,1,1,全筆移轉,01150000
RPQNMLSLPHHGFAW47DA,陳坑段,356.90,都市：其他:風景區,1,1,全筆移轉,01180000
RPQNMLSLPHHGFAW47DA,陳坑段,121.70,都市：其他:風景區,1,1,全筆移轉,01290000
RPQNMLSLPHHGFAW47DA,陳坑段,138.58,都市：其他:風景區,1,1,全筆移轉,01350000
RPQNMLSLPHHGFAW47DA,陳坑段,491.32,都市：其他:風景區,1,1,全筆移轉,04360000
RPQNMLSLPHHGFAW47DA,陳坑段,303.92,都市：其他:風景區,1,1,全筆移轉,04620000
RPQNMLSLPHHGFAW47DA,陳坑段,159.12,都市：其他:風景區,1,1,全筆移轉,04800000
RPSNMLLJQHHGFAW96EA,市港段,7.64,都市：其他:第二種商業區,100000,733,持分移轉,00930000
RPSNMLMJQHHGFAW96DA,旗牌段,39.93,都市：其他:農業區,1,1,全筆移轉,01590001
RPUNMLLJQHHGFAW07DA,湖前段,62.23,都市：其他:農業區,1,1,全筆移轉,02000012
RPPNMLTLPHHGFAW47DA,東園劃段,903.01,都市：其他:農業區,1,1,全筆移轉,02310000
RPTNMLMJQHHGFAW07DA,青山段,77.81,都市：其他:自然村專用區,10000,1024,持分移轉,10790000
RPQNMLLJQHHGFAW66DA,公園測段,135.68,都市：其他:保護區,1,1,全筆移轉,00050000
RPQNMLLJQHHGFAW66DA,公園測段,292.79,都市：其他:保護區,1,1,全筆移轉,00070000
RPQNMLLJQHHGFAW66DA,公園測段,409.08,都市：其他:保護區,1,1,全筆移轉,00130000
RPSNMLTLPHHGFAW77DA,洋山段,37.22,都市：其他:自然村專用區,200000,12574,持分移轉,10180000
RPQNMLLJQHHGFAW66DA,公園測段,362.21,都市：其他:保護區,1,1,全筆移轉,00620000
RPQNMLLJQHHGFAW66DA,公園測段,70.04,都市：其他:農業區,1,1,全筆移轉,00640000
RPQNMLLJQHHGFAW66DA,公園測段,133.47,都市：其他:保護區,1,1,全筆移轉,00650000
RPQNMLLJQHHGFAW66DA,公園測段,134.48,都市：其他:保護區,1,1,全筆移轉,03490000
RPRNMLMJQHHGFAW86DA,湖前段,.41,都市：其他:農業區,2,1,持分移轉,02000014
RPRNMLMJQHHGFAW86DA,湖前段,71.65,都市：其他:農業區,1,1,全筆移轉,02040010
RPRNMLMJQHHGFAW86DA,湖前段,29.86,都市：其他:農業區,2,1,持分移轉,02040012
RPRNMLLJQHHGFAW76DA,公園測段,334.56,都市：其他:保護區,1,1,全筆移轉,00030000
RPRNMLLJQHHGFAW76DA,公園測段,240.11,都市：其他:保護區,1,1,全筆移轉,00710000
RPRNMLLJQHHGFAW76DA,公園測段,216.31,都市：其他:保護區,1,1,全筆移轉,03510000
RPRNMLLJQHHGFAW76DA,公園測段,239.69,都市：其他:農業區,1,1,全筆移轉,04350000
RPRNMLLJQHHGFAW76DA,公園測段,305.57,都市：其他:農業區,1,1,全筆移轉,06520000
RPSNMLSKPHHGFAW57DA,市港段,21.67,都市：其他:第五種住宅區,10000,442,持分移轉,01050000
RPQNMLPJQHHGFAW07DA,湖尾村測段,202.01,都市：其他:自然村專用區,1,1,全筆移轉,02810000
RPPNMLSJQHHGFAW27DA,湖前段,51.96,都市：其他:農業區,1,1,全筆移轉,02040004
RPPNMLSJQHHGFAW27DA,湖前段,32.62,都市：其他:農業區,2,1,持分移轉,02040015
RPVNMLSKPHHGFAW87DA,湖前段,125.53,都市：其他:自然村專用區,997010,12553,持分移轉,04210000
RPSNMLSJQHHGFAW57DA,湖前段,63.87,都市：其他:農業區,3,1,持分移轉,02000013
RPQNMLOJQHHGFAW96DA,湖下村測段,53.23,都市：其他:自然村專用區,10000,662,持分移轉,02980000
RPUNMLSJQHHGFAW77DA,湖前段,63.87,都市：其他:農業區,3,1,持分移轉,02000013
RPQNMLLKQHHGFAW76DA,士校段,63.07,都市：其他:自然村專用區,10000,626,持分移轉,04030011
RPTNMLSJQHHGFAW67DA,湖前段,63.87,都市：其他:農業區,3,1,持分移轉,02000013
RPSNMLLKQHHGFAW96DA,中五劃段,226.50,都市：其他:農業區,2,1,持分移轉,01310000
RPPNMLLMPHHGFAW76DA,湖前段,34.47,都市：其他:自然村專用區,10000,556,持分移轉,13550000
RPPNMLLMPHHGFAW76DA,湖前段,27.29,都市：其他:自然村專用區,10000,556,持分移轉,13560000
RPPNMLLKQHHGFAW66DA,洋山段,56.59,都市：其他:自然村專用區,1000,48,持分移轉,10170000
RPPNMLPKQHHGFAW07DA,士校段,55.91,都市：其他:自然村專用區,10000,555,持分移轉,04030011
RPQNMLRLPHHGFAW37DA,料羅段,270.11,都市：其他:保護區,2,1,持分移轉,04410000
RPTNMLMKQHHGFAW17DA,庵前劃測段,114.70,都市：其他:第二種住宅區,1,1,全筆移轉,11850019
RPTNMLSJPHHGFAW57DA,北一段,30.63,都市：其他:農業區,10000,374,持分移轉,05230000
RPVNMLSKQHHGFAW97DA,中四劃段,352.00,都市：其他:農業區,1,1,全筆移轉,00090000
RPVNMLSKQHHGFAW97DA,中四劃段,673.95,都市：其他:農業區,1,1,全筆移轉,01130000
RPQNMLOLPHHGFAW07DA,沙東劃段,44.52,都市：其他:自然村專用區,1000000,29104,持分移轉,00920000
RPRNMLLKQHHGFAW86DA,湖前段,34.91,都市：其他:自然村專用區,10000,563,持分移轉,13550000
RPRNMLLKQHHGFAW86DA,湖前段,27.64,都市：其他:自然村專用區,10000,563,持分移轉,13560000
RPQNMLMLQHHGFAW96DA,湖前段,22.71,都市：其他:自然村專用區,100000,1702,持分移轉,08920000
RPQNMLQLQHHGFAW37DA,湖前段,51.96,都市：其他:農業區,1,1,全筆移轉,02040007
RPQNMLQLQHHGFAW37DA,湖前段,32.62,都市：其他:農業區,2,1,持分移轉,02040013
RPPNMLOLQHHGFAW07DA,祥瑞段,80.33,都市：其他:第三種住宅區。,1,1,全筆移轉,07180000
RPQNMLSKPHHGFAW37DA,市港段,24.69,都市：其他:第五種住宅區,10000,206,持分移轉,00970000
RPQNMLSJOHHGFAW17DA,青山段,23.70,都市：其他:農業區,10000,430,持分移轉,10310000
RPQNMLSJOHHGFAW17DA,青山段,.02,都市：其他:自然村專用區,10000,430,持分移轉,10310001
RPQNMLSJOHHGFAW17DA,青山段,.07,都市：其他:自然村專用區,10000,1,持分移轉,10320000
RPQNMLSJOHHGFAW17DA,青山段,3.11,都市：其他:農業區,10000,430,持分移轉,10320001
RPQNMLSJOHHGFAW17DA,青山段,.92,都市：其他:自然村專用區,10000,430,持分移轉,10320004
RPPNMLMJOHHGFAW09DA,洋山測段,15.39,都市：其他:道路用地,1,1,全筆移轉,00480002
RPPNMLMJOHHGFAW09DA,洋山測段,65.55,都市：其他:道路用地,1,1,全筆移轉,00520001
RPTNMLKKOHHGFAW76DA,太湖劃測段,380.20,都市：其他:農業區,2,1,持分移轉,12380000
RPTNMLRJOHHGFAW37DA,中蘭劃測段,451.38,都市：其他:農業區,1,1,全筆移轉,03930001
RPTNMLKKOHHGFAW76DA,太湖劃測段,400.00,都市：其他:農業區,2,1,持分移轉,19700000
RPPNMLMJOHHGFAW09DA,寧湖一劃段,64.10,都市：其他:道路用地,1,1,全筆移轉,01380003
RPTNMLRJOHHGFAW37DA,中蘭劃測段,38.62,都市：其他:道路用地,1,1,全筆移轉,03930003
RPPNMLMJOHHGFAW09DA,寧湖二劃測段,40.41,都市：其他:道路用地,1,1,全筆移轉,10120001
RPPOMLKKOHHGFAW09DA,浯坑劃測段,401.90,都市：其他:農業區,1,1,全筆移轉,06790001
RPPOMLKKOHHGFAW09DA,浯坑劃測段,1.27,都市：其他:自然村專用區,1,1,全筆移轉,06790002
RPSNMLNKOHHGFAW07EA,寧湖二劃測段,32.17,都市：其他:自然村專用區,100000,5025,持分移轉,08940000
RPSNMLQKOHHGFAW37EA,寧湖二劃測段,50.32,都市：其他:自然村專用區,10000,1719,持分移轉,11910000
RPPNMLTJOHHGFAW17DA,古塔段,57.07,都市：其他:自然村專用區,12,2,持分移轉,00320000
RPRNMLSJOHHGFAW27DA,旗牌段,103.33,都市：其他:第三種住宅區。,4,1,持分移轉,03250000
RPRNMLSJOHHGFAW27DA,旗牌段,109.01,都市：其他:道路用地,4,1,持分移轉,03250001
RPRNMLSJOHHGFAW27DA,旗牌段,58.99,都市：其他:農業區,4,1,持分移轉,03250002
RPTNMLOKOHHGFAW17DA,盤山村測段,38.82,都市：其他:自然村專用區,8660,3882,持分移轉,06790001
RPTNMLOKOHHGFAW17DA,盤山村測段,4.42,都市：其他:道路用地,2141,442,持分移轉,06790005
RPPNMLLLOHHGFAW56DA,長寮段,186.96,都市：其他:農業區,1,1,全筆移轉,09230000
RPUNMLOKOHHGFAW27DA,湖前段,22.83,都市：其他:自然村專用區,100000,1711,持分移轉,08920000
RPTNMLRKOHHGFAW47DA,安西劃段,115.79,都市：其他:自然村專用區,1,1,全筆移轉,00880000
RPQNMLPKOHHGFAW96DA,洋山段,37.22,都市：其他:自然村專用區,200000,12574,持分移轉,10180000
RPPNMLNKOHHGFAW66DA,小徑段,638.40,都市：其他:國家公園區,1,1,全筆移轉,05110000
RPVNMLTJOHHGFAW77DA,洋山段,35.67,都市：其他:自然村專用區,100000,6025,持分移轉,10180000
RPXNMLTJOHHGFAW97DA,旗牌段,65.17,都市：其他:第一種商業區,12,1,持分移轉,03080000
RPXNMLTJOHHGFAW97DA,祥安段,6.56,都市：其他:第三種住宅區。,12,1,持分移轉,05500000
RPTNMLSJOHHGFAW47DA,陳坑段,28.90,都市：其他:自然村專用區,1,1,全筆移轉,07240001
RPXNMLTJOHHGFAW97DA,祥安段,9.06,都市：其他:道路用地,12,1,持分移轉,05510000
RPXNMLTJOHHGFAW97DA,祥安段,.04,都市：其他:道路用地,12,1,持分移轉,05520000
RPXNMLTJOHHGFAW97DA,祥安段,8.57,都市：其他:第三種住宅區。,12,1,持分移轉,05530000
RPXNMLTJOHHGFAW97DA,祥安段,41.05,都市：其他:第三種住宅區。,12,1,持分移轉,05540000
RPXNMLTJOHHGFAW97DA,祥安段,12.51,都市：其他:第三種住宅區。,12,1,持分移轉,05550000
RPXNMLTJOHHGFAW97DA,祥安段,6.73,都市：其他:道路用地,12,1,持分移轉,05560000
RPXNMLTJOHHGFAW97DA,祥安段,.16,都市：其他:道路用地,12,1,持分移轉,05570000
RPQNMLMLOHHGFAW76DA,后湖段,828.08,都市：其他:農業區,1,1,全筆移轉,00570000
RPUNMLRKOHHGFAW57DA,洋山段,37.22,都市：其他:自然村專用區,100000,6287,持分移轉,10180000
RPQNMLSLOHHGFAW37DA,湖前段,55.15,都市：其他:自然村專用區,100000,10083,持分移轉,13360001
RPPNMLNLOHHGFAW76DA,埔邊村測段,.11,都市：其他:自然村專用區,15,1,持分移轉,00410003
RPQNMLSLOHHGFAW37DA,湖前段,110.00,都市：其他:自然村專用區,1,1,全筆移轉,13360005
RPPNMLNLOHHGFAW76DA,埔邊村測段,.04,都市：其他:自然村專用區,75,1,持分移轉,00410004
RPPNMLNLOHHGFAW76DA,埔邊村測段,6.89,都市：其他:自然村專用區,15,1,持分移轉,00420001
RPPNMLNLOHHGFAW76DA,埔邊村測段,7.07,都市：其他:自然村專用區,15,1,持分移轉,00420002
RPPNMLPKOHHGFAW86DA,沙碧劃段,480.00,都市：其他:農業區,1,1,全筆移轉,04340000
RPPNMLOLOHHGFAW86DA,古塔段,34.51,都市：其他:自然村專用區,10,1,持分移轉,00650000
RPQNMLRKOHHGFAW17DA,士校段,63.07,都市：其他:自然村專用區,10000,626,持分移轉,04030011
RPRNMLRLOHHGFAW37DA,下埔下測段,60.01,都市：其他:自然村專用區,3,1,持分移轉,00150000
RPSNMLRLOHHGFAW47DA,下埔下測段,60.01,都市：其他:自然村專用區,3,1,持分移轉,00150000
RPQOMLSLOHHGFAW47DA,沙碧劃段,1310.00,都市：其他:農業區,1,1,全筆移轉,01550000
RPSNMLRKOHHGFAW37DA,寧山段,831.72,都市：其他:保護區,1,1,全筆移轉,02280000
RPTNMLRLOHHGFAW57DA,新頭段,458.96,都市：其他:保護區,1,1,全筆移轉,04480000
RPPNMLKMOHHGFAW56DA,寧湖一劃段,.34,都市：其他:道路用地,1,1,全筆移轉,01380015
RPQNMLOKOHHGFAW86DA,寧湖二劃測段,500.03,都市：其他:農業區,1,1,全筆移轉,06500000
RPUNMLRLOHHGFAW77EA,中蘭劃測段,200.00,都市：其他:農業區,1,1,全筆移轉,01600001
RPUNMLRLOHHGFAW77EA,中蘭劃測段,200.00,都市：其他:農業區,1,1,全筆移轉,01600002
RPQNMLLJPHHGFAW56DA,中五劃段,629.91,都市：其他:國家公園區,1,1,全筆移轉,02240000
RPQNMLKLOHHGFAW56DA,青山段,1584.40,都市：其他:農業區,1,1,全筆移轉,07080000
RPSNMLMLOHHGFAW96DA,祥安段,344.98,都市：其他:第三種住宅區。,2,1,持分移轉,06690000
RPPNMLLJPHHGFAW09DA,洋山測段,305.06,都市：其他:自然村專用區,1,1,全筆移轉,06370000
RPRNMLNKOHHGFAW86DA,寧古劃段,500.00,都市：其他:國家公園區,1,1,全筆移轉,03560000
RPRNMLNKOHHGFAW86DA,寧北一劃段,864.33,都市：其他:農業區,1,1,全筆移轉,03610000
RPRNMLNKOHHGFAW86DA,寧北一劃段,114.60,都市：其他:國家公園區,1,1,全筆移轉,03610001
RPRNMLNKOHHGFAW86DA,寧北一劃段,489.47,都市：其他:農業區,2,1,持分移轉,03650000
RPRNMLNKOHHGFAW86DA,寧古劃段,500.00,都市：其他:國家公園區,1,1,全筆移轉,07100000
RPRNMLNKOHHGFAW86DA,寧古劃段,500.00,都市：其他:國家公園區,1,1,全筆移轉,07120000
RPRNMLNKOHHGFAW86DA,寧古劃段,500.00,都市：其他:國家公園區,1,1,全筆移轉,07660000
RPQNMLTLOHHGFAW47DA,湖前段,22.83,都市：其他:自然村專用區,100000,1711,持分移轉,08920000
RPQNMLNLOHHGFAW86DA,前山前測段,57.41,都市：其他:自然村專用區,1000,169,持分移轉,00080000
RPRNMLKMOHHGFAW76DA,中一段,26.40,都市：其他:道路用地,5,1,持分移轉,05150001
RPQNMLLLOHHGFAW66DA,浦邊測段,453.07,都市：其他:農業區,1,1,全筆移轉,04010000
RPPNMLRKOHHGFAW07DA,寧劃段,488.91,都市：其他:農業區,1,1,全筆移轉,04530000
RPRNMLOJPHHGFAW96DA,祥安段,17.12,都市：其他:第一種商業區,10000,374,持分移轉,08060000
RPQNMLKMOHHGFAW66DA,北一段,308.67,都市：其他:農業區,1,1,全筆移轉,03020003
RPQNMLKMOHHGFAW66DA,北一段,24.81,都市：其他:道路用地,1,1,全筆移轉,03020005
RPTNMLQJPHHGFAW37DA,古寧頭測段,441.06,都市：其他:國家公園區,1,1,全筆移轉,09840002
RPPNMLRJPHHGFAW07DA,寧湖三劃段,913.00,都市：其他:農業區,1,1,全筆移轉,04880000
RPUNMLQJPHHGFAW57EA,歐厝段,1552.03,都市：其他:農業區、道路用地,1,1,全筆移轉,00850000
RPRNMLQKOHHGFAW17DA,莒光樓段,108.83,都市：其他:農業區,1,1,全筆移轉,03810002
RPRNMLQKOHHGFAW17DA,莒光樓段,21.00,都市：其他:農業區,7,1,持分移轉,03810009
RPRNMLQKOHHGFAW17DA,莒光樓段,11.24,都市：其他:農業區,100000,5294,持分移轉,03810013
RPVNMLQJPHHGFAW57DA,寧湖一劃段,61.34,都市：其他:農業區,6,1,持分移轉,05850000
RPPNMLOKPHHGFAW86DA,寧劃段,489.31,都市：其他:農業區,1,1,全筆移轉,03630000
RPPNMLMKPHHGFAW66DA,士校段,2295.07,都市：其他:農業區,1,1,全筆移轉,01660002
RPPNMLPKPHHGFAW96DA,下埔下測段,60.01,都市：其他:自然村專用區,3,1,持分移轉,00150000
RPQNMLMKPHHGFAW76DA,士校段,55.91,都市：其他:自然村專用區,10000,555,持分移轉,04030011
RPRNMLPJPHHGFAW07DA,北五劃段,800.00,都市：其他:農業區,1,1,全筆移轉,03280000
RPRNMLTLOHHGFAW57DA,賢聚測段,102.03,都市：其他:自然村專用區,5090,509,持分移轉,00240000
RPRNMLQJOHHGFAW07DA,沙東劃段,44.52,都市：其他:自然村專用區,1000000,29104,持分移轉,00920000
RPRNMLMKPHHGFAW86DA,洋山測段,424.10,都市：其他:保護區,1,1,全筆移轉,06330000
RPSNMLSLOHHGFAW57DA,湖前段,29.95,都市：其他:自然村專用區,10000,483,持分移轉,13550000
RPSNMLSLOHHGFAW57DA,湖前段,23.71,都市：其他:自然村專用區,10000,483,持分移轉,13560000
RPTNMLSLOHHGFAW67DA,湖前段,29.95,都市：其他:自然村專用區,10000,483,持分移轉,13550000
RPTNMLSLOHHGFAW67DA,湖前段,23.71,都市：其他:自然村專用區,10000,483,持分移轉,13560000
RPUNMLSLOHHGFAW77DA,湖前段,29.95,都市：其他:自然村專用區,10000,483,持分移轉,13550000
RPUNMLSLOHHGFAW77DA,湖前段,23.71,都市：其他:自然村專用區,10000,483,持分移轉,13560000
RPWNMLSLOHHGFAW97DA,湖前段,34.47,都市：其他:自然村專用區,10000,556,持分移轉,13550000
RPWNMLSLOHHGFAW97DA,湖前段,27.29,都市：其他:自然村專用區,10000,556,持分移轉,13560000
RPQNMLPKPHHGFAW07DA,煙墩段,493.37,都市：其他:保護區,1,1,全筆移轉,11210000
RPXNMLKKOHHGFAW17DA,東洲段,58.38,都市：其他:自然村專用區,10000,786,持分移轉,04880000
RPRNMLMLOHHGFAW86DA,寧安四劃段,733.33,都市：其他:農業區,15,11,持分移轉,00880000
RPPNMLQJPHHGFAW96DA,寧安四劃段,49.00,都市：其他:自然村專用區,18,2,持分移轉,03190000
RPSNMLKMOHHGFAW86DA,寧安四劃段,49.00,都市：其他:自然村專用區,9,1,持分移轉,03190000
RPPNMLQJPHHGFAW96DA,寧安四劃段,16.75,都市：其他:自然村專用區,20000,1100,持分移轉,03190019
RPSNMLKMOHHGFAW86DA,寧安四劃段,16.72,都市：其他:自然村專用區,10000,549,持分移轉,03190019
RPPNMLKLOHHGFAW09DA,中二劃段,14.35,都市：其他:自然村專用區,7,1,持分移轉,02870006
RPPNMLKLOHHGFAW09DA,中二劃段,137.77,都市：其他:自然村專用區,1,1,全筆移轉,02870010
RPSNMLPKOHHGFAW17DA,洋山段,37.22,都市：其他:自然村專用區,100000,6287,持分移轉,10180000
RPXNMLSKPHHGFAW08DA,湖前段,29.95,都市：其他:自然村專用區,10000,483,持分移轉,13550000
RPXNMLSKPHHGFAW08DA,湖前段,23.71,都市：其他:自然村專用區,10000,483,持分移轉,13560000
RPQNMLPJPHHGFAW96DA,東坑段,43.75,都市：其他:自然村專用區,4,1,持分移轉,00800000
RPQNMLPJPHHGFAW96DA,紅山測段,334.31,都市：其他:農業區,1,1,全筆移轉,04790000
RPQNMLPJPHHGFAW96DA,紅山測段,271.94,都市：其他:農業區,1,1,全筆移轉,05390000
RPQNMLPJPHHGFAW96DA,紅山測段,408.82,都市：其他:農業區,1,1,全筆移轉,06300000
RPWNMLSKPHHGFAW97DA,湖前段,29.95,都市：其他:自然村專用區,10000,483,持分移轉,13550000
RPWNMLSKPHHGFAW97DA,湖前段,23.71,都市：其他:自然村專用區,10000,483,持分移轉,13560000
RPSNMLTKPHHGFAW67DA,市港段,33.84,都市：其他:第五種住宅區,10000,690,持分移轉,01050000
RPUNMLSKPHHGFAW77DA,市港段,14.47,都市：其他:第五種住宅區,10000,295,持分移轉,01050000
RPPNMLRLOHHGFAW17DA,金門城測段,65.22,都市：其他:自然村專用區,6,1,持分移轉,06720000
RPVNMLSLOHHGFAW87DA,湖前段,29.95,都市：其他:自然村專用區,10000,483,持分移轉,13550000
RPVNMLSLOHHGFAW87DA,湖前段,23.71,都市：其他:自然村專用區,10000,483,持分移轉,13560000
RPVNMLOKOHHGFAW37DA,安西劃段,813.04,都市：其他:農業區,1,1,全筆移轉,06580000
RPTNMLNLNHHGFAW07DA,市港段,26.55,都市：其他:第五種住宅區,10000,711,持分移轉,01110000
RPPNMLOKOHHGFAW86EA,賢厝段,754.00,都市：其他:農業區,2,1,持分移轉,07390000
RPWNMLMJOHHGFAW27EA,市港段,7.89,都市：其他:第二種商業區,100000,757,持分移轉,00930000
RPTNMLPKOHHGFAW37EA,新市段,563.56,都市：其他:綠地,1,1,全筆移轉,10710000
RPPNMLQKOHHGFAW96DA,新頭段,75.00,都市：其他:自然村專用區,1,1,全筆移轉,11850001
RPPNMLQKOHHGFAW96DA,新頭段,75.00,都市：其他:自然村專用區,1,1,全筆移轉,11850002
RPSNMLRKNHHGFAW27DA,湖前段,65.85,都市：其他:自然村專用區,6,1,持分移轉,05400001
RPVNMLRKOHHGFAW67DA,北二三劃測段,44.00,都市：其他:自然村專用區,3,1,持分移轉,00900008
RPUNMLPKOHHGFAW37DA,太武段,967.51,都市：其他:農業區,1,1,全筆移轉,12680000
RPUNMLPKOHHGFAW37DA,太武段,32.38,都市：其他:道路用地,1,1,全筆移轉,12680002
RPPNMLMLOHHGFAW76EA,寧劃段,489.61,都市：其他:農業區,1,1,全筆移轉,10270000
RPPNMLMLOHHGFAW76EA,寧劃段,489.63,都市：其他:農業區,1,1,全筆移轉,10280000
RPRNMLTJOHHGFAW37DA,北一段,1000.92,都市：其他:農業區,1,1,全筆移轉,04240000
RPQNMLRLOHHGFAW27DA,烈濱劃測段,430.81,都市：其他:保護區,1,1,全筆移轉,09770000
RPQNMLRLOHHGFAW27DA,烈濱劃測段,16.19,都市：其他:道路用地,1,1,全筆移轉,09770001
RPPNMLLJPHHGFAW56EA,斗門劃測段,279.29,都市：其他:道路用地,1,1,全筆移轉,06600001
RPRNMLLJPHHGFAW66DA,湖前段,6.38,都市：其他:自然村專用區,1,1,全筆移轉,08950006
RPRNMLLJPHHGFAW66DA,湖前段,53.36,都市：其他:自然村專用區,1,1,全筆移轉,08950012
RPRNMLLJPHHGFAW66DA,湖前段,17.40,都市：其他:自然村專用區,1,1,全筆移轉,08950015
RPPNMLTLOHHGFAW37DA,市港段,11.08,都市：其他:第五種住宅區,100000,628,持分移轉,00580000
RPWNMLQJOHHGFAW57DA,洋山段,35.67,都市：其他:自然村專用區,100000,6025,持分移轉,10180000
RPUNMLOKPHHGFAW37DA,北二三劃測段,950.11,都市：其他:農業區,1,1,全筆移轉,02940000
RPUNMLOKPHHGFAW37DA,北二三劃測段,20.40,都市：其他:道路用地,1,1,全筆移轉,02940001
RPVNMLQJOHHGFAW47DA,洋山段,31.81,都市：其他:自然村專用區,100000,5374,持分移轉,10180000
RPRNMLSLOHHGFAW47DA,湖前段,65.53,都市：其他:自然村專用區,10000,1057,持分移轉,13550000
RPRNMLSLOHHGFAW47DA,湖前段,51.89,都市：其他:自然村專用區,10000,1057,持分移轉,13560000
RPXNMLSLOHHGFAW08DA,湖前段,28.21,都市：其他:自然村專用區,10000,455,持分移轉,13550000
RPXNMLSLOHHGFAW08DA,湖前段,22.34,都市：其他:自然村專用區,10000,455,持分移轉,13560000
RPUNMLMJQHHGFAW17DA,寧湖二劃測段,115.73,都市：其他:自然村專用區,1,1,全筆移轉,10070000
RPUNMLMJQHHGFAW17DA,寧湖二劃測段,29.07,都市：其他:自然村專用區,10000,1144,持分移轉,10070009
RPOOMLSLOHHGFAW27DA,湖前段,67.33,都市：其他:自然村專用區,10000,1086,持分移轉,13550000
RPOOMLSLOHHGFAW27DA,湖前段,53.31,都市：其他:自然村專用區,10000,1086,持分移轉,13560000
RPUNMLMJOHHGFAW07EA,市港段,7.69,都市：其他:第二種商業區,100000,737,持分移轉,00930000
RPRNMLMJOHHGFAW76EA,市港段,8.20,都市：其他:第二種商業區,100000,786,持分移轉,00930000
RPRNMLPKOHHGFAW07DA,金門城測段,38.81,都市：其他:自然村專用區,20,1,持分移轉,07540000
RPVNMLMJOHHGFAW17EA,市港段,7.62,都市：其他:第二種商業區,100000,731,持分移轉,00930000
RPRNMLPJNHHGFAW86DA,祥豐段,13.91,都市：其他:第三種住宅區。,10000,179,持分移轉,00390000
RPRNMLPJNHHGFAW86DA,祥豐段,10.79,都市：其他:第三種住宅區。,10000,179,持分移轉,00400000
RPOOMLPLMHHGFAW76DA,奎星樓段,14.38,都市：其他:第二種住宅區,1,1,全筆移轉,03560000
RPOOMLPLMHHGFAW76DA,奎星樓段,52.75,都市：其他:第二種商業區,1,1,全筆移轉,03570000
RPOOMLPLMHHGFAW76DA,奎星樓段,5.81,都市：其他:道路用地,1,1,全筆移轉,03580000
RPQNMLRJPHHGFAW27EA,市港段,7.89,都市：其他:第二種商業區,100000,757,持分移轉,00930000
RPPOMLLLLHHGFAW98DA,東洲段,42.99,都市：其他:自然村專用區,51405,4299,持分移轉,08790000
RPTNMLMJOHHGFAW96EA,市港段,8.45,都市：其他:第二種商業區,100000,810,持分移轉,00930000
RPPOMLLLLHHGFAW98DA,東洲段,18.11,都市：其他:農業區,9,1,持分移轉,08790001
RPRNMLRJPHHGFAW37EA,市港段,7.60,都市：其他:第二種商業區,100000,729,持分移轉,00930000
RPSNMLMJOHHGFAW86EA,市港段,8.54,都市：其他:第二種商業區,100000,819,持分移轉,00930000
RPQNMLMKQHHGFAW86DA,安西劃段,46.43,都市：其他:自然村專用區,6,1,持分移轉,00190000
RPSNMLMKQHHGFAW07DA,安西劃段,46.43,都市：其他:自然村專用區,6,1,持分移轉,00190000
RPUNMLLKQHHGFAW17DA,安西劃段,46.43,都市：其他:自然村專用區,6,1,持分移轉,00190000
