﻿鄉鎮市區,交易標的,土地位置建物門牌,土地移轉總面積平方公尺,都市土地使用分區,非都市土地使用分區,非都市土地使用編定,交易年月日,交易筆棟數,移轉層次,總樓層數,建物型態,主要用途,主要建材,建築完成年月,建物移轉總面積平方公尺,建物現況格局-房,建物現況格局-廳,建物現況格局-衛,建物現況格局-隔間,有無管理組織,總價元,單價元平方公尺,車位類別,車位移轉總面積(平方公尺),車位總價元,備註,編號,主建物面積,附屬建物面積,陽台面積,電梯,移轉編號
The villages and towns urban district,transaction sign,land sector position building sector house number plate,land shifting total area square meter,the use zoning or compiles and checks,the non-metropolis land use district,non-metropolis land use,transaction year month and day,transaction pen number,shifting level,total floor number,building state,main use,main building materials,construction to complete the years,building shifting total area,Building present situation pattern - room,building present situation pattern - hall,building present situation pattern - health,building present situation pattern - compartmented,Whether there is manages the organization,total price NTD,the unit price (NTD / square meter),the berth category,berth shifting total area square meter,the berth total price NTD,the note,serial number,,,,,
馬公市,土地,鐵線段695-2地號,206.12,,一般農業區,農牧用地,1110809,土地1建物0車位0,,,其他,,,,0.0,0,0,0,有,無,1720000,8345,,0.0,0,,RPWNMLLKQHHGFAX47DA,0.0,0.0,0.0,無,
白沙鄉,土地,赤崁中段434地號,143.47,,鄉村區,乙種建築用地,1110805,土地1建物0車位0,,,其他,,,,0.0,0,0,0,有,無,1200000,8364,,0.0,0,,RPWNMLMKQHHGFAX57DA,0.0,0.0,0.0,無,
馬公市,土地,山水南段981地號,182.83,,鄉村區,乙種建築用地,1110801,土地1建物0車位0,,,其他,,,,0.0,0,0,0,有,無,2320000,12689,,0.0,0,,RPPOMLKKQHHGFAX76DA,0.0,0.0,0.0,無,001
白沙鄉,土地,中屯新段1994地號,394.05,,一般農業區,農牧用地,1110806,土地1建物0車位0,,,其他,,,,0.0,0,0,0,有,無,1100000,2792,,0.0,0,,RPRNMLQJQHHGFAX37DA,0.0,0.0,0.0,無,
馬公市,土地,中衛段449-4地號,81.99,,,,1110801,土地2建物0車位0,,,其他,,,,0.0,0,0,0,有,無,2395748,29220,,0.0,0,政府機關標讓售；,RPWNMLKKQHHGFAX37DA,0.0,0.0,0.0,無,
馬公市,土地,興崁段1101地號,1208.69,,一般農業區,農牧用地,1110802,土地3建物0車位0,,,其他,,,,0.0,0,0,0,有,無,41208000,34093,,0.0,0,權利人共6人含未來6戶房屋興建價款,RPUNMLRKQHHGFAX87DA,0.0,0.0,0.0,無,
湖西鄉,土地,許家段732地號,617.82,,一般農業區,農牧用地,1110810,土地1建物0車位0,,,其他,,,,0.0,0,0,0,有,無,30820000,49885,,0.0,0,,RPXNMLSKQHHGFAX28DA,0.0,0.0,0.0,無,002
湖西鄉,土地,潭邊新段878地號,727.5,,一般農業區,農牧用地,1110801,土地1建物0車位0,,,其他,,,,0.0,0,0,0,有,無,1020000,1402,,0.0,0,親友、員工、共有人或其他特殊關係間之交易；,RPOOMLMKQHHGFAX86DA,0.0,0.0,0.0,無,
馬公市,土地,光華段529-3地號,272.12,,一般農業區,農牧用地,1110815,土地2建物0車位0,,,其他,,,,0.0,0,0,0,有,無,2800000,10290,,0.0,0,,RPWNMLSKQHHGFAX18DA,0.0,0.0,0.0,無,003
馬公市,房地(土地+建物),澎湖縣馬公市文光路８５號六樓之七,14.63,都市：其他:市場用地,,,1110805,土地10建物1車位0,六層,十層,華廈(10層含以下有電梯),住家用,鋼筋混凝土造,0870723,151.79999999999998,3,2,2,有,有,6000000,39526,,0.0,0,,RPSNMLMLQHHGFAX27DA,112.49,9.97,0.0,有,
馬公市,房地(土地+建物),澎湖縣馬公市石泉１之２９１號,451.2,,一般農業區,甲種建築用地,1110802,土地1建物1車位0,全,三層,透天厝,住家用,鋼筋混凝土造,0900604,519.64,4,3,4,有,無,8000000,15395,,0.0,0,親友、員工、共有人或其他特殊關係間之交易；,RPOOMLQKQHHGFAX27DA,501.25,18.39,0.0,無,
湖西鄉,土地,林投北段657地號,918.13,,一般農業區,農牧用地,1110816,土地1建物0車位0,,,其他,,,,0.0,0,0,0,有,無,1700000,1852,,0.0,0,,RPPNMLTKQHHGFAX57DA,0.0,0.0,0.0,無,
湖西鄉,房地(土地+建物),澎湖縣湖西鄉東石４之１號,35.23,,鄉村區,乙種建築用地,1110816,土地1建物1車位0,全,二層,透天厝,住家用,加強磚造,0600000,70.74,1,1,1,有,無,1100000,15550,,0.0,0,,RPVNMLQKQHHGFAX87DA,70.74,0.0,0.0,無,
馬公市,土地,文寮段1142地號,393.7,,一般農業區,農牧用地,1110803,土地1建物0車位0,,,其他,,,,0.0,0,0,0,有,無,2680000,6807,,0.0,0,,RPTNMLOJQHHGFAX37DA,0.0,0.0,0.0,無,004
馬公市,土地,烏崁新段1230地號,370.5,,鄉村區,乙種建築用地,1110809,土地2建物0車位0,,,其他,,,,0.0,0,0,0,有,無,4000000,10796,,0.0,0,,RPOOMLTJQHHGFAX47DA,0.0,0.0,0.0,無,
湖西鄉,土地,隘門新段1252地號,1087.91,,一般農業區,農牧用地,1110809,土地12建物0車位0,,,其他,,,,0.0,0,0,0,有,無,1740862,1600,,0.0,0,,RPPOMLTJQHHGFAX57DA,0.0,0.0,0.0,無,
馬公市,土地,興仁南段369地號,540.06,,一般農業區,礦業用地,1110818,土地2建物0車位0,,,其他,,,,0.0,0,0,0,有,無,653450,1210,,0.0,0,,RPQPMLLLQHHGFAX17DA,0.0,0.0,0.0,無,005
湖西鄉,土地,許家段1208地號,1658.61,,一般農業區,農牧用地,1110802,土地1建物0車位0,,,其他,,,,0.0,0,0,0,有,無,7520000,4534,,0.0,0,,RPTNMLMLQHHGFAX37DA,0.0,0.0,0.0,無,
湖西鄉,土地,林投北段112地號,327.71,,一般農業區,農牧用地,1110816,土地1建物0車位0,,,其他,,,,0.0,0,0,0,有,無,1200000,3662,,0.0,0,,RPUNMLMLQHHGFAX47DA,0.0,0.0,0.0,無,
馬公市,房地(土地+建物)+車位,澎湖縣馬公市吉港路１６８巷５號４樓之２,46.59,都市：其他:住宅區,,,1110802,土地1建物1車位1,四層,五層,華廈(10層含以下有電梯),住家用,鋼筋混凝土造,1101022,131.27,3,1,2,有,無,5380000,40984,一樓平面,0.0,0,,RPWNMLMLQHHGFAX67DA,76.32,8.88,0.0,有,
西嶼鄉,土地,內垵二段1055地號,141.73,,鄉村區,乙種建築用地,1110806,土地1建物0車位0,,,其他,,,,0.0,0,0,0,有,無,1000000,7056,,0.0,0,,RPOOMLPLQHHGFAX27DA,0.0,0.0,0.0,無,
西嶼鄉,土地,大池段991地號,442.43,,一般農業區,農牧用地,1110822,土地2建物0車位0,,,其他,,,,0.0,0,0,0,有,無,669175,1512,,0.0,0,親友、員工、共有人或其他特殊關係間之交易；,RPUNMLKMQHHGFAX47EA,0.0,0.0,0.0,無,
馬公市,土地,雙湖段648地號,73.23,,一般農業區,農牧用地,1110812,土地1建物0車位0,,,其他,,,,0.0,0,0,0,有,無,553500,7558,,0.0,0,,RPWNMLOLQHHGFAX87DA,0.0,0.0,0.0,無,
馬公市,土地,光榮新段68地號,238.15,,,,1110826,土地1建物0車位0,,,其他,,,,0.0,0,0,0,有,無,15690000,65883,,0.0,0,區段徵收土地標售光榮新段68地號政府機關標讓售；,RPVNMLQLQHHGFAX97DA,0.0,0.0,0.0,無,
馬公市,房地(土地+建物),澎湖縣馬公市烏崁１２８之１７號,114.9,,鄉村區,乙種建築用地,1110822,土地1建物1車位0,全,三層,透天厝,住家用,鋼筋混凝土造,0860913,171.86,5,2,3,有,無,2800000,16292,,0.0,0,,RPOOMLKMQHHGFAX86DA,162.37,9.49,0.0,無,
西嶼鄉,房地(土地+建物),澎湖縣西嶼鄉內垵６４之１號,159.12,,鄉村區,乙種建築用地,1110818,土地1建物1車位0,全,二層,透天厝,住家用,加強磚造,1060927,193.04,4,1,2,有,無,2400000,12433,,0.0,0,親友、員工、共有人或其他特殊關係間之交易；,RPPNMLTJQHHGFAX57EA,186.77,6.27,0.0,無,
馬公市,房地(土地+建物),澎湖縣馬公市惠民二村３號,46.17,都市：其他:住宅區,,,1110825,土地1建物1車位0,全,二層,透天厝,住家用,鋼筋混凝土加強空心磚造,0580701,65.6,3,2,2,有,無,6200000,94512,,0.0,0,,RPRNMLLMQHHGFAX27EA,65.6,0.0,0.0,無,006
馬公市,土地,文東段325地號,784.17,,一般農業區,農牧用地,1110804,土地1建物0車位0,,,其他,,,,0.0,0,0,0,有,無,5925000,7556,,0.0,0,,RPWNMLTLQHHGFAX38DA,0.0,0.0,0.0,無,
馬公市,土地,北極段1089地號,46.76,都市：其他:住宅區,,,1110829,土地1建物0車位0,,,其他,,,,0.0,0,0,0,有,無,919000,19654,,0.0,0,,RPVNMLLJRHHGFAX37DA,0.0,0.0,0.0,無,
馬公市,土地,北極段1094地號,239.21,都市：其他:住宅區,,,1110829,土地1建物0車位0,,,其他,,,,0.0,0,0,0,有,無,4703000,19661,,0.0,0,,RPWNMLLJRHHGFAX47DA,0.0,0.0,0.0,無,
湖西鄉,土地,沙港南段399地號,268.4,,一般農業區,農牧用地,1110829,土地1建物0車位0,,,其他,,,,0.0,0,0,0,有,無,425000,1583,,0.0,0,,RPWNMLMJRHHGFAX57DA,0.0,0.0,0.0,無,
湖西鄉,房地(土地+建物),澎湖縣湖西鄉港子尾１５２之３號,175.14,,一般農業區,甲種建築用地,1110801,土地2建物1車位0,全,三層,透天厝,住家用,鋼筋混凝土造,1091130,209.83,5,2,5,有,無,6600000,31454,,0.0,0,,RPTNMLNJQHHGFAX27DA,200.78,9.05,0.0,無,
馬公市,房地(土地+建物),澎湖縣馬公市光復路３９１號,19.26,都市：其他:農業區,,,1110825,土地1建物1車位0,全,一層,透天厝,住家用,造,,8.57,1,1,1,有,無,900000,105018,,0.0,0,,RPVNMLQJRHHGFAX87DA,6.84,1.73,0.0,無,
馬公市,土地,海堤段308地號,42.0,都市：其他:住宅區,,,1110704,土地1建物0車位0,,,其他,,,,0.0,0,0,0,有,無,936600,22300,,0.0,0,包含公共設施保留地用地；協議價購；,RPTOMLTLOHHGFAX97DA,0.0,0.0,0.0,無,
馬公市,土地,國宅段520地號,4.89,都市：其他:道路用地,,,1110701,土地2建物0車位0,,,其他,,,,0.0,0,0,0,有,無,115881,23698,,0.0,0,包含公共設施保留地用地；協議價購；,RPVNMLLJPHHGFAX17DA,0.0,0.0,0.0,無,007
馬公市,土地,東衛段457地號,629.58,,一般農業區,農牧用地,1110707,土地1建物0車位0,,,其他,,,,0.0,0,0,0,有,無,16200000,25731,,0.0,0,,RPWNMLSJPHHGFAX97DA,0.0,0.0,0.0,無,
馬公市,土地,鎖港西段387地號,24.02,都市：其他:住宅區,,,1110704,土地1建物0車位0,,,其他,,,,0.0,0,0,0,有,無,380000,15820,,0.0,0,,RPXNMLSJPHHGFAX08DA,0.0,0.0,0.0,無,
馬公市,土地,五福段468地號,57.15,,鄉村區,乙種建築用地,1110705,土地1建物0車位0,,,其他,,,,0.0,0,0,0,有,無,1200000,20997,,0.0,0,親友、員工、共有人或其他特殊關係間之交易；,RPXNMLNKPHHGFAX67DA,0.0,0.0,0.0,無,
西嶼鄉,土地,二崁南段1366地號,388.39,,風景區,農牧用地,1110709,土地1建物0車位0,,,其他,,,,0.0,0,0,0,有,無,1550000,3991,,0.0,0,,RPQOMLPKPHHGFAX37EA,0.0,0.0,0.0,無,
馬公市,土地,國宅段181地號,1046.89,,一般農業區,農牧用地,1110711,土地1建物0車位0,,,其他,,,,0.0,0,0,0,有,無,20280000,19372,,0.0,0,農變建專案核准興建住宅,RPXOMLPKPHHGFAX97DA,0.0,0.0,0.0,無,008
馬公市,土地,國宅段181-10地號,43.79,,一般農業區,交通用地,1110711,土地1建物0車位0,,,其他,,,,0.0,0,0,0,有,無,165000,3768,,0.0,0,農變建交通用地,RPOPMLPKPHHGFAX17DA,0.0,0.0,0.0,無,
馬公市,土地,山水北段874地號,1223.82,,一般農業區,農牧用地,1110704,土地1建物0車位0,,,其他,,,,0.0,0,0,0,有,無,4812000,3932,,0.0,0,,RPUNMLPJPHHGFAX47DA,0.0,0.0,0.0,無,009
湖西鄉,土地,湖西南段420地號,235.48,,鄉村區,乙種建築用地,1110711,土地1建物0車位0,,,其他,,,,0.0,0,0,0,有,無,1800000,7644,,0.0,0,,RPWNMLSKPHHGFAX08DA,0.0,0.0,0.0,無,
馬公市,房地(土地+建物)+車位,澎湖縣馬公市三多路４１５號,19.17,都市：其他:商業區,,,1110711,土地1建物1車位1,一層，二層，三層,十層,華廈(10層含以下有電梯),住商用,鋼筋混凝土造,0850308,169.47,3,1,3,有,有,8000000,47206,升降機械,0.0,0,,RPVOMLLKPHHGFAX37DA,138.3,6.86,0.0,有,010
馬公市,建物,澎湖縣馬公市西文澳８６號之７,0.0,,,,1110705,土地0建物1車位0,全,一層,透天厝,住家用,加強磚造,0680701,122.44,4,1,3,有,無,2500000,20418,,0.0,0,親友、員工、共有人或其他特殊關係間之交易；,RPVNMLKLPHHGFAX27DA,122.44,0.0,0.0,無,
馬公市,土地,國宅段307-1地號,46.0,,,,1110712,土地1建物0車位0,,,其他,,,,0.0,0,0,0,有,無,1090200,23700,,0.0,0,包含公共設施保留地用地；協議價購；,RPROMLMKPHHGFAX07DA,0.0,0.0,0.0,無,011
馬公市,房地(土地+建物),澎湖縣馬公市大智街１８巷１４號,20.17,都市：其他:商業區,,,1110707,土地2建物1車位0,全,五層,透天厝,住商用,鋼筋混凝土造,0681218,79.24,4,1,3,有,無,6900000,87077,,0.0,0,親友、員工、共有人或其他特殊關係間之交易；,RPPNMLKLPHHGFAX76EA,79.24,0.0,0.0,無,
馬公市,土地,鎖港南段1364地號,611.1,,一般農業區,農牧用地,1110719,土地1建物0車位0,,,其他,,,,0.0,0,0,0,有,無,1100000,1800,,0.0,0,,RPSNMLLLPHHGFAX07DA,0.0,0.0,0.0,無,
馬公市,土地,文寮段157地號,1889.74,,一般農業區,農牧用地,1110718,土地1建物0車位0,,,其他,,,,0.0,0,0,0,有,無,42194800,22328,,0.0,0,本案權利人共6人本案預計辦理農變建。,RPUNMLTKPHHGFAX97DA,0.0,0.0,0.0,無,012
馬公市,土地,雙湖段499地號,18.02,,一般農業區,農牧用地,1110709,土地2建物0車位0,,,其他,,,,0.0,0,0,0,有,無,65000,3607,,0.0,0,,RPSOMLMKPHHGFAX17DA,0.0,0.0,0.0,無,013
馬公市,土地,文石段887-2地號,3535.38,,一般農業區,農牧用地,1110716,土地2建物0車位0,,,其他,,,,0.0,0,0,0,有,無,166650000,47138,,0.0,0,權利人共15人土地交易案件之價格含未來興建房屋成本；,RPVNMLTKPHHGFAX08DA,0.0,0.0,0.0,無,014
馬公市,土地,文東段1823地號,1025.91,,一般農業區,農牧用地,1110718,土地1建物0車位0,,,其他,,,,0.0,0,0,0,有,無,10860000,10586,,0.0,0,,RPOOMLTKPHHGFAX47DA,0.0,0.0,0.0,無,015
馬公市,土地,海堤段913地號,41.07,都市：其他:道路用地,,,1110719,土地1建物0車位0,,,其他,,,,0.0,0,0,0,有,無,915916,22301,,0.0,0,包含公共設施保留地用地；協議價購；,RPPNMLSKPHHGFAX37DA,0.0,0.0,0.0,無,016
馬公市,房地(土地+建物),澎湖縣馬公市北辰街１７巷５弄１號,42.26,都市：其他:住宅區,,,1110705,土地2建物1車位0,一層,五層,公寓(5樓含以下無電梯),住家用,鋼筋混凝土造,0730629,87.66,3,2,2,有,無,4200000,47912,,0.0,0,親友、員工、共有人或其他特殊關係間之交易；,RPTNMLQLPHHGFAX77EA,87.66,0.0,0.0,無,
馬公市,土地,光榮新段88地號,152.42,,,,1110727,土地1建物0車位0,,,其他,,,,0.0,0,0,0,有,無,9888899,64879,,0.0,0,區段徵收土地標售光榮新段88地號政府機關標讓售；,RPTNMLRLPHHGFAX77DA,0.0,0.0,0.0,無,
七美鄉,土地,七美二段887-4地號,9.31,,鄉村區,乙種建築用地,1110715,土地1建物0車位0,,,其他,,,,0.0,0,0,0,有,無,166928,17930,,0.0,0,政府機關標讓售；,RPUNMLRLPHHGFAX87DA,0.0,0.0,0.0,無,
馬公市,土地,國宅段525地號,179.65,都市：其他:道路用地,,,1110715,土地3建物0車位0,,,其他,,,,0.0,0,0,0,有,無,4257707,23700,,0.0,0,包含公共設施保留地用地；協議價購；,RPWNMLSLPHHGFAX18DA,0.0,0.0,0.0,無,007
馬公市,房地(土地+建物),澎湖縣馬公市珠江１３９之２號,101.67,,鄉村區,乙種建築用地,1110718,土地2建物1車位0,全,一層,透天厝,住家用,鋼筋混凝土加強磚造,0671210,59.4,2,2,1,有,無,4680000,78788,,0.0,0,,RPUNMLSLPHHGFAX97DA,59.4,0.0,0.0,無,018
馬公市,土地,國宅段525地號,179.65,都市：其他:道路用地,,,1110721,土地3建物0車位0,,,其他,,,,0.0,0,0,0,有,無,4257705,23700,,0.0,0,包含公共設施保留地用地；協議價購；,RPRNMLLLPHHGFAX96DA,0.0,0.0,0.0,無,007
馬公市,土地,國宅段31地號,985.14,,一般農業區,農牧用地,1110714,土地1建物0車位0,,,其他,,,,0.0,0,0,0,有,無,2680000,2720,,0.0,0,,RPWNMLLJQHHGFAX37DA,0.0,0.0,0.0,無,020
湖西鄉,房地(土地+建物),澎湖縣湖西鄉鼎灣６５之７號,153.39,,一般農業區,甲種建築用地,1110720,土地2建物1車位0,全,三層,透天厝,住家用,鋼筋混凝土造,0930416,217.62,4,2,5,有,無,5360000,24630,,0.0,0,,RPUNMLTLPHHGFAX08DA,210.3,7.32,0.0,無,
馬公市,土地,中衛段361地號,1300.23,都市：其他:乙種工業區,,,1110719,土地4建物0車位0,,,其他,,,,0.0,0,0,0,有,無,16519000,12705,,0.0,0,,RPXNMLMJQHHGFAX57DA,0.0,0.0,0.0,無,
湖西鄉,房地(土地+建物),澎湖縣湖西鄉西溪１５號,72.53,,鄉村區,乙種建築用地,1110705,土地1建物1車位0,全,一層,透天厝,住家用,造,0280000,16.24,3,1,2,有,無,168888,10400,,0.0,0,地清或未辦繼承標售；,RPRNMLNJQHHGFAX07DA,16.24,0.0,0.0,無,021
湖西鄉,土地,湖西南段976地號,203.62,,一般農業區,農牧用地,1110720,土地1建物0車位0,,,其他,,,,0.0,0,0,0,有,無,1108000,5442,,0.0,0,,RPQOMLKLPHHGFAX86DA,0.0,0.0,0.0,無,
馬公市,土地,國宅段307地號,140.63,都市：其他:道路用地,,,1110722,土地1建物0車位0,,,其他,,,,0.0,0,0,0,有,無,3332931,23700,,0.0,0,包含公共設施保留地用地；協議價購；,RPXNMLMLPHHGFAX67DA,0.0,0.0,0.0,無,
湖西鄉,土地,潭邊新段483地號,124.81,,一般農業區,甲種建築用地,1110727,土地2建物0車位0,,,其他,,,,0.0,0,0,0,有,無,1430000,11457,,0.0,0,,RPWNMLRLPHHGFAX08DA,0.0,0.0,0.0,無,
西嶼鄉,房地(土地+建物),澎湖縣西嶼鄉外垵２６之２號,472.26,,鄉村區,乙種建築用地,1110725,土地2建物1車位0,全,一層,透天厝,住家用,鋼筋加強造,0550820,95.94,4,2,1,有,無,1369554,14275,,0.0,0,親友、員工、共有人或其他特殊關係間之交易；,RPPNMLOJQHHGFAX07EA,95.94,0.0,0.0,無,
馬公市,房地(土地+建物),澎湖縣馬公市後窟潭６８之１號,161.2,,鄉村區,乙種建築用地,1110704,土地1建物1車位0,全,二層,透天厝,住家用,鋼筋加強造,0600324,85.5,3,2,2,有,無,3700000,43275,,0.0,0,,RPSNMLSKPHHGFAX77EA,85.5,0.0,0.0,無,
馬公市,土地,五福段768地號,215.02,,一般農業區,農牧用地,1110721,土地1建物0車位0,,,其他,,,,0.0,0,0,0,有,無,903086,4200,,0.0,0,親友、員工、共有人或其他特殊關係間之交易；,RPUNMLOJQHHGFAX47DA,0.0,0.0,0.0,無,022
馬公市,房地(土地+建物),澎湖縣馬公市鎖管港２４１之１號,112.51,都市：其他:住宅區,,,1110716,土地1建物1車位0,全,三層,透天厝,住家用,鋼筋混凝土造,1040902,242.78,4,2,5,有,無,12500000,51487,,0.0,0,,RPWNMLPJQHHGFAX77DA,232.64,10.14,0.0,有,023
馬公市,房地(土地+建物),澎湖縣馬公市四維路７７號,76.87,都市：其他:住宅區,,,1110713,土地1建物1車位0,全,二層,透天厝,住家用,鋼筋混凝土加強磚造,0700323,94.0,3,2,2,有,無,5800000,61702,,0.0,0,,RPRNMLOKPHHGFAX17DA,94.0,0.0,0.0,無,
馬公市,土地,山水南段115地號,625.02,,一般農業區,農牧用地,1110725,土地1建物0車位0,,,其他,,,,0.0,0,0,0,有,無,4726000,7561,,0.0,0,本案權利人共2人,RPVNMLNJQHHGFAX47DA,0.0,0.0,0.0,無,024
馬公市,土地,文東段1623地號,788.85,,一般農業區,農牧用地,1110728,土地1建物0車位0,,,其他,,,,0.0,0,0,0,有,無,33660000,42670,,0.0,0,權利人共四人含未來興建四戶之房屋價款,RPOOMLKKQHHGFAX66DA,0.0,0.0,0.0,無,025
馬公市,房地(土地+建物),澎湖縣馬公市三多路２４４號,58.88,都市：其他:住宅區,,,1110720,土地1建物1車位0,全,二層,透天厝,住家用,鋼筋混凝土加強磚造,0680423,77.04,3,2,1,有,無,8280000,107477,,0.0,0,,RPPOMLKLPHHGFAX76DA,77.04,0.0,0.0,無,
馬公市,土地,興仁南段369地號,1080.11,,一般農業區,礦業用地,1110708,土地2建物0車位0,,,其他,,,,0.0,0,0,0,有,無,1306880,1210,,0.0,0,親友、員工、共有人或其他特殊關係間之交易；,RPSNMLLKQHHGFAX07DA,0.0,0.0,0.0,無,005
湖西鄉,土地,林投南段887地號,634.1,,一般農業區,農牧用地,1110715,土地1建物0車位0,,,其他,,,,0.0,0,0,0,有,無,3000000,4731,,0.0,0,,RPUNMLLKQHHGFAX27DA,0.0,0.0,0.0,無,
馬公市,土地,井垵西段1528地號,385.84,,一般農業區,農牧用地,1110718,土地1建物0車位0,,,其他,,,,0.0,0,0,0,有,無,2917500,7561,,0.0,0,,RPPNMLOKQHHGFAX07DA,0.0,0.0,0.0,無,027
馬公市,土地,興仁南段369地號,540.06,,一般農業區,礦業用地,1110715,土地2建物0車位0,,,其他,,,,0.0,0,0,0,有,無,653450,1210,,0.0,0,親友、員工、共有人或其他特殊關係間之交易；,RPXNMLLKQHHGFAX57DA,0.0,0.0,0.0,無,005
湖西鄉,土地,南寮北段215地號,707.48,,一般農業區,農牧用地,1110729,土地1建物0車位0,,,其他,,,,0.0,0,0,0,有,無,1000000,1413,,0.0,0,親友、員工、共有人或其他特殊關係間之交易；,RPSNMLNJQHHGFAX17DA,0.0,0.0,0.0,無,
湖西鄉,房地(土地+建物),澎湖縣湖西鄉林投４４之２號,180.59,,鄉村區,乙種建築用地,1110729,土地1建物1車位0,全,一層,透天厝,住家用,鋼筋混凝土加強磚造,0691217,92.65,5,2,4,有,無,3620912,39082,,0.0,0,未登記建物；,RPRNMLPKQHHGFAX47EA,92.65,0.0,0.0,無,029
馬公市,土地,五福段34地號,36.02,,一般農業區,農牧用地,1110720,土地1建物0車位0,,,其他,,,,0.0,0,0,0,有,無,490000,13604,,0.0,0,,RPXNMLTJQHHGFAX28DA,0.0,0.0,0.0,無,
馬公市,土地,國宅段192地號,623.35,,一般農業區,農牧用地,1110725,土地1建物0車位0,,,其他,,,,0.0,0,0,0,有,無,2300000,3690,,0.0,0,親友、員工、共有人或其他特殊關係間之交易；,RPPNMLSKQHHGFAX47DA,0.0,0.0,0.0,無,030
馬公市,土地,山水北段21地號,199.02,,一般農業區,農牧用地,1110719,土地1建物0車位0,,,其他,,,,0.0,0,0,0,有,無,310000,1558,,0.0,0,地清或未辦繼承標售；,RPPNMLOLQHHGFAX27EA,0.0,0.0,0.0,無,
馬公市,房地(土地+建物),澎湖縣馬公市水源路２之１號五樓之一,14.13,都市：其他:商業區,,,1110707,土地1建物1車位0,五層,十二層,住宅大樓(11層含以上有電梯),住家用,鋼筋混凝土造,0850828,147.03,7,0,2,有,無,4400000,29926,,0.0,0,,RPRNMLMLQHHGFAX17DA,94.53,14.32,0.0,有,031
馬公市,土地,東衛段1476地號,166.38,,鄉村區,乙種建築用地,1110718,土地1建物0車位0,,,其他,,,,0.0,0,0,0,有,無,3300000,19834,,0.0,0,親友、員工、共有人或其他特殊關係間之交易；,RPOOMLSKQHHGFAX47DA,0.0,0.0,0.0,無,032
馬公市,房地(土地+建物),澎湖縣馬公市東文澳１２３之１號五樓之三,14.5,,鄉村區,乙種建築用地,1110726,土地1建物1車位0,五層,九層,華廈(10層含以下有電梯),商業用,鋼筋混凝土造,1070620,53.58,1,0,1,有,有,4000000,74655,,0.0,0,,RPVNMLLKQHHGFAX37DA,28.91,4.92,0.0,有,033
馬公市,土地,文寮段366-2地號,296.41,,一般農業區,農牧用地,1110720,土地1建物0車位0,,,其他,,,,0.0,0,0,0,有,無,1800000,6073,,0.0,0,親友、員工、共有人或其他特殊關係間之交易；,RPXNMLNLQHHGFAX87DA,0.0,0.0,0.0,無,
湖西鄉,土地,東石新段502地號,899.4,,一般農業區,農牧用地,1110712,土地1建物0車位0,,,其他,,,,0.0,0,0,0,有,無,850000,945,,0.0,0,土地增值稅由買方負擔。,RPOPMLLKPHHGFAX76DA,0.0,0.0,0.0,無,
馬公市,房地(土地+建物),澎湖縣馬公市重慶街４０號,39.0,都市：其他:商業區,,,1110713,土地1建物1車位0,全,四層,透天厝,住商用,鋼筋混凝土加強空心磚造,0610630,121.86,4,2,3,有,無,5000000,41031,,0.0,0,,RPVNMLNKPHHGFAX47DA,121.86,0.0,0.0,無,
馬公市,房地(土地+建物),澎湖縣馬公市西文澳１３１號,83.0,,鄉村區,乙種建築用地,1110708,土地2建物1車位0,全,三層,透天厝,住家用,鋼筋混凝土加強磚造,0670215,175.54,4,2,4,有,無,6950000,39592,,0.0,0,,RPOOMLNLQHHGFAX07DA,175.54,0.0,0.0,無,034
馬公市,房地(土地+建物)+車位,澎湖縣馬公市吉港路１６８巷５號４樓之１,48.52,都市：其他:住宅區,,,1110720,土地1建物1車位1,四層,五層,華廈(10層含以下有電梯),住家用,鋼筋混凝土造,1101022,135.07999999999998,3,1,2,有,無,5680000,42049,一樓平面,0.0,0,,RPVNMLNLQHHGFAX67DA,79.56,7.49,0.0,有,
馬公市,土地,國宅段491地號,132.5,都市：其他:住宅區,,,1110726,土地1建物0車位0,,,其他,,,,0.0,0,0,0,有,無,3200000,24151,,0.0,0,,RPSOMLKMQHHGFAX27DA,0.0,0.0,0.0,無,
馬公市,房地(土地+建物),澎湖縣馬公市文山路５５巷２９號,20.93,都市：其他:道路用地,,,1110726,土地2建物1車位0,全,一層,透天厝,住家用,造,0290000,4.23,5,2,1,有,無,165000,39007,,0.0,0,,RPPNMLPKQHHGFAX27EA,4.22,0.0,0.0,無,035
馬公市,房地(土地+建物),澎湖縣馬公市大智街１８巷２０弄６、８號,88.0,都市：其他:商業區,,,1110707,土地2建物2車位0,全,四層,透天厝,住商用,鋼筋混凝土加強磚造,0690424,344.0,8,4,6,有,無,14400000,41860,,0.0,0,馬公市大智街18巷20弄6號價格為720萬，馬公市大智街18巷20弄8號價格為720萬。親友、員工、共有人或其他特殊關係間之交易；,RPVNMLMLQHHGFAX57DA,344.0,0.0,0.0,無,
馬公市,土地,雙湖段823地號,624.29,,一般農業區,農牧用地,1110712,土地1建物0車位0,,,其他,,,,0.0,0,0,0,有,無,5600000,8970,,0.0,0,,RPXNMLLJRHHGFAX57DA,0.0,0.0,0.0,無,
馬公市,房地(土地+建物),澎湖縣馬公市前寮５３之７號,89.77,,鄉村區,乙種建築用地,1110721,土地1建物1車位0,全,四層,透天厝,住家用,鋼筋混凝土造,0841009,179.33,5,2,3,有,無,6500000,36246,,0.0,0,土地款613萬元整，房屋款37萬元整,RPXOMLLLQHHGFAX77DA,170.65,8.68,0.0,無,
望安鄉,土地,望安段1338地號,427.0,,一般農業區,農牧用地,1110720,土地2建物0車位0,,,其他,,,,0.0,0,0,0,有,無,1506000,3527,,0.0,0,,RPOOMLKLPHHGFAX66DA,0.0,0.0,0.0,無,
馬公市,房地(土地+建物),澎湖縣馬公市風櫃尾７９之２４號,74.48,,鄉村區,乙種建築用地,1110724,土地1建物1車位0,全,三層,透天厝,住家用,鋼筋混凝土加強磚造,0720330,130.26,5,2,1,有,無,2560000,19653,,0.0,0,,RPOOMLPLPHHGFAX17DA,130.26,0.0,0.0,無,
湖西鄉,土地,許家段499地號,432.01,,一般農業區,農牧用地,1110713,土地1建物0車位0,,,其他,,,,0.0,0,0,0,有,無,3060000,7083,,0.0,0,,RPWNMLPJRHHGFAX87DA,0.0,0.0,0.0,無,036
馬公市,土地,東澳段268-3地號,56.14,都市：其他:住宅區,,,1110607,土地1建物0車位0,,,其他,,,,0.0,0,0,0,有,無,3779345,67320,,0.0,0,政府機關標讓售；,RPSNMLMKOHHGFAX96DA,0.0,0.0,0.0,無,
湖西鄉,土地,葉新段1462地號,809.21,,一般農業區,農牧用地,1110606,土地2建物0車位0,,,其他,,,,0.0,0,0,0,有,無,2900000,3584,,0.0,0,,RPUNMLSJOHHGFAX67DA,0.0,0.0,0.0,無,
馬公市,土地,興崁段1081-1地號,53.96,,一般農業區,農牧用地,1110602,土地1建物0車位0,,,其他,,,,0.0,0,0,0,有,無,160000,2965,,0.0,0,,RPUNMLKKOHHGFAX96DA,0.0,0.0,0.0,無,
馬公市,土地,海堤段303地號,90.56,都市：其他:住宅區,,,1110606,土地3建物0車位0,,,其他,,,,0.0,0,0,0,有,無,2019488,22300,,0.0,0,包含公共設施保留地用地；協議價購；,RPWNMLNKOHHGFAX47DA,0.0,0.0,0.0,無,037
馬公市,土地,五福段67地號,618.02,,一般農業區,農牧用地,1110601,土地2建物0車位0,,,其他,,,,0.0,0,0,0,有,無,15800000,25566,,0.0,0,,RPQOMLNKOHHGFAX96DA,0.0,0.0,0.0,無,
馬公市,土地,海堤段913地號,61.61,都市：其他:道路用地,,,1110606,土地1建物0車位0,,,其他,,,,0.0,0,0,0,有,無,1373875,22300,,0.0,0,包含公共設施保留地用地；協議價購；,RPVNMLNKOHHGFAX37DA,0.0,0.0,0.0,無,016
湖西鄉,土地,許家段628地號,364.37,,一般農業區,交通用地,1110607,土地1建物0車位0,,,其他,,,,0.0,0,0,0,有,無,3097145,8500,,0.0,0,包含公共設施保留地用地；協議價購；,RPUNMLQJOHHGFAX47DA,0.0,0.0,0.0,無,039
馬公市,房地(土地+建物),澎湖縣馬公市光復路３３之１５號,70.0,都市：其他:商業區,,,1110607,土地1建物1車位0,全,二層,透天厝,住家用,鋼筋混凝土加強磚造,0640702,115.0,3,1,2,有,無,3800000,33043,,0.0,0,買方另行支付土地增值稅262674元正賣清親友、員工、共有人或其他特殊關係間之交易；,RPTNMLRKOHHGFAX57DA,115.0,0.0,0.0,無,
西嶼鄉,土地,二崁北段1030地號,2833.27,,一般農業區,農牧用地,1110613,土地3建物0車位0,,,其他,,,,0.0,0,0,0,有,無,6500000,2294,,0.0,0,,RPOOMLOKOHHGFAX86DA,0.0,0.0,0.0,無,
馬公市,土地,五福段964地號,8.98,,鄉村區,乙種建築用地,1110614,土地1建物0車位0,,,其他,,,,0.0,0,0,0,有,無,271000,30178,,0.0,0,非屬不動產交易價格之費用由買方承擔代為繳納。親友、員工、共有人或其他特殊關係間之交易；,RPTNMLLLOHHGFAX07DA,0.0,0.0,0.0,無,040
湖西鄉,土地,湖西北段96地號,1280.44,,一般農業區,農牧用地,1110610,土地1建物0車位0,,,其他,,,,0.0,0,0,0,有,無,1000000,781,,0.0,0,親友、員工、共有人或其他特殊關係間之交易；,RPRNMLKKOHHGFAX76EA,0.0,0.0,0.0,無,
馬公市,土地,馬公段2172地號,54.25,都市：其他:住宅區,,,1110614,土地3建物0車位0,,,其他,,,,0.0,0,0,0,有,無,7800000,143779,,0.0,0,,RPTNMLMLOHHGFAX17DA,0.0,0.0,0.0,無,041
湖西鄉,土地,鼎灣新段643地號,1715.47,,一般農業區,農牧用地,1110609,土地2建物0車位0,,,其他,,,,0.0,0,0,0,有,無,41980000,24471,,0.0,0,權利人共六人含未來興建六戶之房屋價款,RPWNMLMLOHHGFAX47DA,0.0,0.0,0.0,無,
馬公市,土地,文寮段744地號,281.01,,一般農業區,農牧用地,1110615,土地1建物0車位0,,,其他,,,,0.0,0,0,0,有,無,3020000,10747,,0.0,0,,RPUNMLRKOHHGFAX67DA,0.0,0.0,0.0,無,042
馬公市,土地,國宅段448地號,333.59,都市：其他:道路用地,,,1110610,土地1建物0車位0,,,其他,,,,0.0,0,0,0,有,無,7906083,23700,,0.0,0,包含公共設施保留地用地；協議價購；,RPXNMLKKOHHGFAX27DA,0.0,0.0,0.0,無,
馬公市,土地,國宅段486地號,60.04,都市：其他:道路用地,,,1110606,土地1建物0車位0,,,其他,,,,0.0,0,0,0,有,無,1422948,23700,,0.0,0,包含公共設施保留地用地；協議價購；,RPUNMLMJOHHGFAX07DA,0.0,0.0,0.0,無,
馬公市,土地,五福段516地號,1228.16,,一般農業區,農牧用地,1110617,土地1建物0車位0,,,其他,,,,0.0,0,0,0,有,無,72800000,59276,,0.0,0,權利人共6人含未來6戶興建房屋價款,RPXNMLNLOHHGFAX67DA,0.0,0.0,0.0,無,
馬公市,土地,北極段34地號,273.67,都市：其他:道路用地,,,1110606,土地3建物0車位0,,,其他,,,,0.0,0,0,0,有,無,6485979,23700,,0.0,0,包含公共設施保留地用地；協議價購；,RPUNMLOLOHHGFAX47DA,0.0,0.0,0.0,無,
湖西鄉,房地(土地+建物),澎湖縣湖西鄉尖山２１之６號,117.06,,一般農業區,甲種建築用地,1110610,土地2建物1車位0,全,三層,透天厝,住家用,鋼筋混凝土造,0870108,189.61,4,1,5,有,無,4800000,25315,,0.0,0,,RPVNMLOLOHHGFAX57DA,180.01,9.6,0.0,無,
馬公市,土地,北極段39地號,132.33,都市：其他:道路用地,,,1110606,土地1建物0車位0,,,其他,,,,0.0,0,0,0,有,無,3136221,23700,,0.0,0,包含公共設施保留地用地；協議價購；,RPVNMLMJOHHGFAX17DA,0.0,0.0,0.0,無,
西嶼鄉,土地,大池段1720地號,860.38,,一般農業區,農牧用地,1110607,土地2建物0車位0,,,其他,,,,0.0,0,0,0,有,無,800000,930,,0.0,0,,RPUNMLOKOHHGFAX37DA,0.0,0.0,0.0,無,
湖西鄉,土地,尖山南段448地號,368.5,,一般農業區,農牧用地,1110616,土地1建物0車位0,,,其他,,,,0.0,0,0,0,有,無,1350000,3664,,0.0,0,,RPTNMLOLOHHGFAX37DA,0.0,0.0,0.0,無,
馬公市,房地(土地+建物),澎湖縣馬公市貿商街１３６號五樓之一,30.6,都市：其他:住宅區,,,1110613,土地2建物1車位0,五層,十四層,住宅大樓(11層含以上有電梯),住家用,鋼筋混凝土造,0950710,186.73,3,2,2,有,無,3870000,20725,,0.0,0,賣方賣清價土地增值稅由買方負擔。親友、員工、共有人或其他特殊關係間之交易；,RPPNMLQLOHHGFAX17DA,102.74,0.0,11.64,無,043
湖西鄉,土地,南寮北段1749地號,11.78,,一般農業區,農牧用地,1110607,土地1建物0車位0,,,其他,,,,0.0,0,0,0,有,無,10600,900,,0.0,0,地清或未辦繼承標售；,RPUNMLRLOHHGFAX77DA,0.0,0.0,0.0,無,
馬公市,土地,五福段957地號,63.23,,鄉村區,乙種建築用地,1110622,土地1建物0車位0,,,其他,,,,0.0,0,0,0,有,無,1913000,30255,,0.0,0,親友、員工、共有人或其他特殊關係間之交易；,RPQOMLSLOHHGFAX57DA,0.0,0.0,0.0,無,044
湖西鄉,土地,許家段617-9地號,70.43,,一般農業區,交通用地,1110622,土地1建物0車位0,,,其他,,,,0.0,0,0,0,有,無,630000,8945,,0.0,0,,RPUNMLSLOHHGFAX87DA,0.0,0.0,0.0,無,
湖西鄉,土地,成功北段815地號,335.78,,一般農業區,農牧用地,1110623,土地1建物0車位0,,,其他,,,,0.0,0,0,0,有,無,1500000,4467,,0.0,0,,RPVNMLSLOHHGFAX97DA,0.0,0.0,0.0,無,
馬公市,土地,光華段916地號,91.16,,一般農業區,農牧用地,1110620,土地1建物0車位0,,,其他,,,,0.0,0,0,0,有,無,1100301,12070,,0.0,0,政府機關標讓售；,RPXNMLSLOHHGFAX18DA,0.0,0.0,0.0,無,
湖西鄉,房地(土地+建物),澎湖縣湖西鄉港子尾７８之１６號,590.62,,一般農業區,特定目的事業用地,1110610,土地1建物1車位0,全,一層,透天厝,其他,鋼筋混凝土造,1061116,359.07,29,2,17,有,無,15280000,42554,,0.0,0,親友、員工、共有人或其他特殊關係間之交易；,RPQNMLSLOHHGFAX57EA,354.13,4.94,0.0,無,045
馬公市,土地,五福段957地號,31.62,,鄉村區,乙種建築用地,1110622,土地1建物0車位0,,,其他,,,,0.0,0,0,0,有,無,957000,30266,,0.0,0,親友、員工、共有人或其他特殊關係間之交易；,RPSOMLSLOHHGFAX77DA,0.0,0.0,0.0,無,044
馬公市,土地,北極段63-1地號,134.85,都市：其他:道路用地,,,1110601,土地1建物0車位0,,,其他,,,,0.0,0,0,0,有,無,3195945,23700,,0.0,0,包含公共設施保留地用地；協議價購；,RPTNMLLJOHHGFAX86DA,0.0,0.0,0.0,無,047
馬公市,房地(土地+建物),澎湖縣馬公市石泉１之１６６號,57.34,,鄉村區,乙種建築用地,1110615,土地1建物1車位0,全,三層,透天厝,住家用,鋼筋混凝土造,0730621,132.01,3,2,3,有,無,4380000,33179,,0.0,0,,RPVNMLTLOHHGFAX08DA,132.01,0.0,0.0,無,048
馬公市,土地,文化段468地號,9.67,都市：其他:住宅區,,,1110621,土地3建物0車位0,,,其他,,,,0.0,0,0,0,有,無,715580,74000,,0.0,0,政府機關標讓售；,RPQOMLTLOHHGFAX67DA,0.0,0.0,0.0,無,
馬公市,土地,東澳段221-2地號,116.81,都市：其他:住宅區,,,1110629,土地1建物0車位0,,,其他,,,,0.0,0,0,0,有,無,9192947,78700,,0.0,0,政府機關標讓售；,RPVNMLKMOHHGFAX37EA,0.0,0.0,0.0,無,
馬公市,房地(土地+建物),澎湖縣馬公市民族路３５號,10.31,都市：其他:住宅區,,,1110613,土地1建物1車位0,全,三層,透天厝,住家用,鋼筋加強磚,0631214,16.13,5,2,2,有,無,800000,49597,,0.0,0,親友、員工、共有人或其他特殊關係間之交易；,RPTNMLLJPHHGFAX07EA,16.13,0.0,0.0,無,
湖西鄉,土地,湖東新段297地號,684.34,,鄉村區,乙種建築用地,1110614,土地1建物0車位0,,,其他,,,,0.0,0,0,0,有,無,6211000,9076,,0.0,0,地清或未辦繼承標售；,RPRNMLLJPHHGFAX86EA,0.0,0.0,0.0,無,
馬公市,土地,五福段957地號,31.62,,鄉村區,乙種建築用地,1110626,土地1建物0車位0,,,其他,,,,0.0,0,0,0,有,無,957000,30266,,0.0,0,親友、員工、共有人或其他特殊關係間之交易；,RPPNMLSLOHHGFAX37DA,0.0,0.0,0.0,無,044
馬公市,土地,五福段572-3地號,69.37,,一般農業區,農牧用地,1110627,土地1建物0車位0,,,其他,,,,0.0,0,0,0,有,無,700000,10091,,0.0,0,賣方賣清價土地增值稅由買方負擔。,RPQNMLQLOHHGFAX27DA,0.0,0.0,0.0,無,050
馬公市,房地(土地+建物),澎湖縣馬公市林森路３６號四樓之一,18.55,都市：其他:市場用地,,,1110610,土地2建物1車位0,四層,八層,華廈(10層含以下有電梯),住家用,鋼筋混凝土造,0850202,132.56,3,2,2,有,無,5000000,37719,,0.0,0,,RPVNMLOJPHHGFAX47DA,91.84,0.0,10.81,有,
湖西鄉,土地,太武新段228地號,1259.23,,一般農業區,農牧用地,1110614,土地1建物0車位0,,,其他,,,,0.0,0,0,0,有,無,4175555,3316,,0.0,0,地清或未辦繼承標售；,RPPNMLOJPHHGFAX96EA,0.0,0.0,0.0,無,
湖西鄉,土地,湖東新段1400地號,868.14,,一般農業區,農牧用地,1110615,土地1建物0車位0,,,其他,,,,0.0,0,0,0,有,無,1331700,1534,,0.0,0,地清或未辦繼承標售；,RPPNMLPJPHHGFAX07EA,0.0,0.0,0.0,無,
白沙鄉,土地,港子新段1013地號,755.9,,一般農業區,農牧用地,1110628,土地7建物0車位0,,,其他,,,,0.0,0,0,0,有,無,1080000,1429,,0.0,0,非屬不動產價格之費用土地增值稅或其他稅費、行政規費及地政士服務費，由買方承擔繳納。,RPPNMLKMOHHGFAX66DA,0.0,0.0,0.0,無,
西嶼鄉,土地,竹篙灣段3803地號,3497.0,,風景區,農牧用地,1110620,土地1建物0車位0,,,其他,,,,0.0,0,0,0,有,無,5800000,1659,,0.0,0,,RPXNMLOJPHHGFAX67DA,0.0,0.0,0.0,無,
馬公市,房地(土地+建物),澎湖縣馬公市大智街２４巷２７弄１２號,44.0,都市：其他:商業區,,,1110620,土地1建物1車位0,全,四層,透天厝,住商用,鋼筋混凝土造,0680123,148.0,4,2,3,有,無,7400000,50000,,0.0,0,,RPPPMLOJPHHGFAX07DA,148.0,0.0,0.0,無,
西嶼鄉,土地,竹灣段951地號,952.97,,一般農業區,農牧用地,1110620,土地3建物0車位0,,,其他,,,,0.0,0,0,0,有,無,1450000,1522,,0.0,0,,RPPOMLOJPHHGFAX96DA,0.0,0.0,0.0,無,
西嶼鄉,土地,竹灣段954地號,8.91,,一般農業區,交通用地,1110620,土地2建物0車位0,,,其他,,,,0.0,0,0,0,有,無,13500,1515,,0.0,0,,RPQOMLOJPHHGFAX07DA,0.0,0.0,0.0,無,
西嶼鄉,土地,竹灣段1847地號,1197.49,,一般農業區,農牧用地,1110620,土地1建物0車位0,,,其他,,,,0.0,0,0,0,有,無,1800000,1503,,0.0,0,,RPVOMLOJPHHGFAX57DA,0.0,0.0,0.0,無,
西嶼鄉,土地,竹灣段1182地號,737.12,,一般農業區,農牧用地,1110620,土地1建物0車位0,,,其他,,,,0.0,0,0,0,有,無,1100000,1492,,0.0,0,,RPWOMLOJPHHGFAX67DA,0.0,0.0,0.0,無,
西嶼鄉,土地,竹篙灣段3540地號,2110.0,,一般農業區,農牧用地,1110620,土地1建物0車位0,,,其他,,,,0.0,0,0,0,有,無,3500000,1659,,0.0,0,,RPOOMLOJPHHGFAX86DA,0.0,0.0,0.0,無,
西嶼鄉,土地,大池段1378地號,68.61,,鄉村區,乙種建築用地,1110607,土地1建物0車位0,,,其他,,,,0.0,0,0,0,有,無,460000,6705,,0.0,0,,RPROMLTLOHHGFAX77DA,0.0,0.0,0.0,無,
湖西鄉,土地,林投南段495地號,249.72,,鄉村區,乙種建築用地,1110624,土地1建物0車位0,,,其他,,,,0.0,0,0,0,有,無,4200000,16819,,0.0,0,,RPSNMLLJPHHGFAX96EA,0.0,0.0,0.0,無,
馬公市,房地(土地+建物),澎湖縣馬公市石泉１之８２號,53.12,,鄉村區,乙種建築用地,1110630,土地1建物1車位0,全,三層,透天厝,住家用,鋼筋混凝土造,0720118,102.68,3,2,3,有,無,3200000,31165,,0.0,0,親友、員工、共有人或其他特殊關係間之交易；,RPSNMLQJPHHGFAX47EA,102.68,0.0,0.0,無,051
馬公市,土地,中衛段665地號,240.21,都市：其他:農業區,,,1110622,土地1建物0車位0,,,其他,,,,0.0,0,0,0,有,無,250000,1041,,0.0,0,親友、員工、共有人或其他特殊關係間之交易；,RPPNMLQJPHHGFAX17EA,0.0,0.0,0.0,無,
西嶼鄉,土地,二崁北段1187地號,1134.28,,一般農業區,農牧用地,1110610,土地1建物0車位0,,,其他,,,,0.0,0,0,0,有,無,2533300,2233,,0.0,0,地清或未辦繼承標售；,RPQNMLQJPHHGFAX27EA,0.0,0.0,0.0,無,
湖西鄉,土地,許家段629-4地號,121.15,,一般農業區,農牧用地,1110607,土地1建物0車位0,,,其他,,,,0.0,0,0,0,有,無,1029775,8500,,0.0,0,包含公共設施保留地用地；協議價購；,RPVNMLQJOHHGFAX57DA,0.0,0.0,0.0,無,
湖西鄉,土地,西溪新段1677地號,708.2,,一般農業區,農牧用地,1110609,土地1建物0車位0,,,其他,,,,0.0,0,0,0,有,無,800588,1130,,0.0,0,地清或未辦繼承標售；,RPTNMLQJPHHGFAX57EA,0.0,0.0,0.0,無,
馬公市,房地(土地+建物),澎湖縣馬公市文光路１６８巷４５號四樓,27.8,都市：其他:住宅區,,,1110624,土地2建物1車位0,四層,六層,華廈(10層含以下有電梯),住家用,鋼筋混凝土造,0821015,139.83,3,2,2,有,無,4500000,32182,,0.0,0,親友、員工、共有人或其他特殊關係間之交易；,RPSNMLLKPHHGFAX07EA,95.82,11.58,0.0,有,
湖西鄉,土地,龍門北段113地號,498.18,,一般農業區,農牧用地,1110614,土地1建物0車位0,,,其他,,,,0.0,0,0,0,有,無,1144500,2297,,0.0,0,,RPXNMLLKPHHGFAX47DA,0.0,0.0,0.0,無,
湖西鄉,土地,龍門北段115地號,536.5,,一般農業區,農牧用地,1110616,土地1建物0車位0,,,其他,,,,0.0,0,0,0,有,無,1231200,2295,,0.0,0,,RPOOMLLKPHHGFAX66DA,0.0,0.0,0.0,無,
馬公市,土地,國宅段520地號,4.89,都市：其他:道路用地,,,1110628,土地2建物0車位0,,,其他,,,,0.0,0,0,0,有,無,115881,23698,,0.0,0,包含公共設施保留地用地；協議價購；,RPOOMLSLOHHGFAX37DA,0.0,0.0,0.0,無,007
馬公市,土地,國宅段462地號,701.12,都市：其他:道路用地,,,1110624,土地1建物0車位0,,,其他,,,,0.0,0,0,0,有,無,16616544,23700,,0.0,0,包含公共設施保留地用地；協議價購；,RPWNMLOLOHHGFAX67DA,0.0,0.0,0.0,無,
湖西鄉,土地,龍門北段116地號,1167.0,,一般農業區,農牧用地,1110613,土地1建物0車位0,,,其他,,,,0.0,0,0,0,有,無,2682800,2299,,0.0,0,,RPQOMLLKPHHGFAX86DA,0.0,0.0,0.0,無,
馬公市,房地(土地+建物)+車位,澎湖縣馬公市後窟潭３９之１０號二樓之二,43.94,,鄉村區,乙種建築用地,1110610,土地1建物1車位1,二層,五層,華廈(10層含以下有電梯),住家用,鋼筋混凝土造,1070601,147.52,3,0,3,有,有,6880000,46638,一樓平面,0.0,0,,RPUOMLLKPHHGFAX27DA,92.1,9.49,0.0,有,053
馬公市,房地(土地+建物),澎湖縣馬公市東文澳１３６－１號,89.5,,鄉村區,乙種建築用地,1110620,土地1建物1車位0,全,三層,透天厝,住家用,鋼筋混凝土加強磚造,0720103,137.6,4,1,2,有,無,4650000,33794,,0.0,0,,RPPOMLMKPHHGFAX86DA,137.6,0.0,0.0,無,054
馬公市,土地,文寮段1017地號,75.67,,鄉村區,乙種建築用地,1110623,土地1建物0車位0,,,其他,,,,0.0,0,0,0,有,無,1000000,13215,,0.0,0,親友、員工、共有人或其他特殊關係間之交易；,RPQOMLMKPHHGFAX96DA,0.0,0.0,0.0,無,
湖西鄉,土地,隘門新段665地號,15.17,,鄉村區,乙種建築用地,1110620,土地1建物0車位0,,,其他,,,,0.0,0,0,0,有,無,100000,6592,,0.0,0,親友、員工、共有人或其他特殊關係間之交易；,RPRNMLPJPHHGFAX27EA,0.0,0.0,0.0,無,055
馬公市,房地(土地+建物),澎湖縣馬公市永安街５巷１號,75.0,都市：其他:住宅區,,,1110620,土地1建物1車位0,全,三層,透天厝,住家用,鋼筋混凝土加強磚造,0660930,129.0,3,2,2,有,無,3026000,23457,,0.0,0,親友、員工、共有人或其他特殊關係間之交易；,RPOOMLMKPHHGFAX76DA,129.0,0.0,0.0,無,
馬公市,土地,北極段721地號,71.24,都市：其他:商業區,,,1110617,土地1建物0車位0,,,其他,,,,0.0,0,0,0,有,無,820000,11510,,0.0,0,買方另支付土地增值稅59883元賣清親友、員工、共有人或其他特殊關係間之交易；未登記建物；,RPSOMLPKPHHGFAX57EA,0.0,0.0,0.0,無,
馬公市,土地,六合段204地號,364.1,,一般農業區,農牧用地,1110624,土地1建物0車位0,,,其他,,,,0.0,0,0,0,有,無,13050000,35842,,0.0,0,本案權利人人數2人,RPUOMLPKPHHGFAX67DA,0.0,0.0,0.0,無,056
馬公市,土地,六合段204-2地號,49.73,,一般農業區,交通用地,1110624,土地1建物0車位0,,,其他,,,,0.0,0,0,0,有,無,740000,14880,,0.0,0,本案權利人人數2人,SPUOMLPKPHHGFAX77DA,0.0,0.0,0.0,無,
湖西鄉,土地,潭邊新段62地號,2228.22,,一般農業區,農牧用地,1110615,土地1建物0車位0,,,其他,,,,0.0,0,0,0,有,無,6750000,3029,,0.0,0,本件買賣係賣清，土地增值稅663013元整由買方負擔。,RPTOMLLKPHHGFAX17DA,0.0,0.0,0.0,無,
西嶼鄉,土地,竹灣段1962地號,70.28,,一般農業區,交通用地,1110620,土地1建物0車位0,,,其他,,,,0.0,0,0,0,有,無,100000,1423,,0.0,0,,RPOPMLOJPHHGFAX96DA,0.0,0.0,0.0,無,
馬公市,土地,國宅段520地號,4.89,都市：其他:道路用地,,,1110630,土地2建物0車位0,,,其他,,,,0.0,0,0,0,有,無,115881,23698,,0.0,0,包含公共設施保留地用地；協議價購；,RPOOMLKMOHHGFAX66DA,0.0,0.0,0.0,無,007
馬公市,土地,國宅段520地號,4.89,都市：其他:道路用地,,,1110630,土地2建物0車位0,,,其他,,,,0.0,0,0,0,有,無,115881,23698,,0.0,0,包含公共設施保留地用地；協議價購；,RPPOMLLKPHHGFAX76DA,0.0,0.0,0.0,無,007
湖西鄉,土地,沙港北段1503地號,73.12,,鄉村區,乙種建築用地,1110625,土地1建物0車位0,,,其他,,,,0.0,0,0,0,有,無,552000,7549,,0.0,0,親友、員工、共有人或其他特殊關係間之交易；,RPQNMLLKPHHGFAX86EA,0.0,0.0,0.0,無,
西嶼鄉,土地,二崁南段1035地號,715.82,,一般農業區,農牧用地,1110624,土地1建物0車位0,,,其他,,,,0.0,0,0,0,有,無,600000,838,,0.0,0,,RPUNMLSKPHHGFAX97EA,0.0,0.0,0.0,無,
馬公市,土地,山水北段535-3地號,254.12,,一般農業區,甲種建築用地,1110629,土地2建物0車位0,,,其他,,,,0.0,0,0,0,有,無,4540000,17866,,0.0,0,農變建專案核准變更起造人,RPRNMLRKPHHGFAX47DA,0.0,0.0,0.0,無,
馬公市,土地,山水南段307地號,915.2,,一般農業區,農牧用地,1110617,土地2建物0車位0,,,其他,,,,0.0,0,0,0,有,無,11800000,12893,,0.0,0,,RPQNMLSKPHHGFAX47DA,0.0,0.0,0.0,無,059
馬公市,房地(土地+建物)+車位,澎湖縣馬公市三多路５５號五樓,28.53,都市：其他:住宅區,,,1110611,土地2建物1車位1,五層,十層,華廈(10層含以下有電梯),住家用,鋼筋混凝土造,0850215,185.58999999999997,4,2,2,有,有,6800000,36640,坡道平面,0.0,0,,RPQNMLKKPHHGFAX66DA,107.97,10.8,0.0,有,060
湖西鄉,土地,林投南段198地號,942.22,,一般農業區,農牧用地,1110622,土地1建物0車位0,,,其他,,,,0.0,0,0,0,有,無,5700000,6050,,0.0,0,,RPOOMLMLOHHGFAX76DA,0.0,0.0,0.0,無,
馬公市,土地,馬公段501-2地號,581.0,都市：其他:乙種工業區,,,1110602,土地2建物0車位0,,,其他,,,,0.0,0,0,0,有,無,70160000,120757,,0.0,0,政府機關標讓售；,RPVNMLLLOHHGFAX27DA,0.0,0.0,0.0,無,
湖西鄉,土地,成功南段1066地號,158.93,,一般農業區,農牧用地,1110601,土地1建物0車位0,,,其他,,,,0.0,0,0,0,有,無,336000,2114,,0.0,0,,RPXNMLKLPHHGFAX47DA,0.0,0.0,0.0,無,
白沙鄉,土地,赤崁北段228-1地號,59.94,,鄉村區,乙種建築用地,1110621,土地1建物0車位0,,,其他,,,,0.0,0,0,0,有,無,350000,5839,,0.0,0,,RPTNMLSKPHHGFAX87EA,0.0,0.0,0.0,無,
西嶼鄉,土地,二崁南段1446地號,232.94,,一般農業區,甲種建築用地,1110614,土地1建物0車位0,,,其他,,,,0.0,0,0,0,有,無,3500000,15025,,0.0,0,親友、員工、共有人或其他特殊關係間之交易；未登記建物；地清或未辦繼承標售；,RPPPMLPKPHHGFAX27DA,0.0,0.0,0.0,無,061
馬公市,土地,山水東段438地號,812.71,,一般農業區,農牧用地,1110630,土地1建物0車位0,,,其他,,,,0.0,0,0,0,有,無,2788000,3430,,0.0,0,地清或未辦繼承標售；,RPQNMLQLPHHGFAX47EA,0.0,0.0,0.0,無,
白沙鄉,土地,岐頭段1162地號,1915.0,,一般農業區,農牧用地,1110624,土地1建物0車位0,,,其他,,,,0.0,0,0,0,有,無,7994167,4174,,0.0,0,,RPSNMLPLPHHGFAX57EA,0.0,0.0,0.0,無,
馬公市,土地,興仁段1573地號,243.12,,鄉村區,乙種建築用地,1110624,土地1建物0車位0,,,其他,,,,0.0,0,0,0,有,無,1010000,4154,,0.0,0,,RPXOMLLKPHHGFAX57DA,0.0,0.0,0.0,無,
湖西鄉,土地,龍門北段669地號,101.64,,鄉村區,乙種建築用地,1110614,土地1建物0車位0,,,其他,,,,0.0,0,0,0,有,無,386000,3798,,0.0,0,,RPXNMLSLPHHGFAX28DA,0.0,0.0,0.0,無,
湖西鄉,土地,成功南段1070地號,207.48,,一般農業區,農牧用地,1110623,土地1建物0車位0,,,其他,,,,0.0,0,0,0,有,無,850000,4097,,0.0,0,,RPRNMLTLPHHGFAX77DA,0.0,0.0,0.0,無,
馬公市,土地,東衛段1017-15地號,208.39,,一般農業區,甲種建築用地,1110622,土地2建物0車位0,,,其他,,,,0.0,0,0,0,有,無,8600000,41269,,0.0,0,,RPTNMLTLPHHGFAX97DA,0.0,0.0,0.0,無,
馬公市,土地,山水西段325地號,330.62,,一般農業區,農牧用地,1110617,土地1建物0車位0,,,其他,,,,0.0,0,0,0,有,無,4550000,13762,,0.0,0,,RPUNMLRKPHHGFAX77DA,0.0,0.0,0.0,無,062
馬公市,房地(土地+建物),澎湖縣馬公市文山路２７巷８之１號五樓,21.44,都市：其他:住宅區,,,1110621,土地1建物1車位0,五層,十層,華廈(10層含以下有電梯),住家用,鋼筋混凝土造,1060328,91.14000000000001,2,2,1,有,有,5460000,59908,,0.0,0,,RPRNMLQLPHHGFAX57EA,56.16,9.27,0.0,有,063
馬公市,土地,興仁南段369地號,1080.11,,一般農業區,礦業用地,1110630,土地2建物0車位0,,,其他,,,,0.0,0,0,0,有,無,1306880,1210,,0.0,0,,RPVNMLMJQHHGFAX37DA,0.0,0.0,0.0,無,005
西嶼鄉,土地,池東段111地號,792.87,,一般農業區,殯葬用地,1110617,土地2建物0車位0,,,其他,,,,0.0,0,0,0,有,無,3235000,4080,,0.0,0,親友、員工、共有人或其他特殊關係間之交易；,RPUNMLLLPHHGFAX27DA,0.0,0.0,0.0,無,
馬公市,房地(土地+建物),澎湖縣馬公市宅嶼１之５號三樓之７,23.78,,鄉村區,乙種建築用地,1110620,土地1建物1車位0,三層,五層,華廈(10層含以下有電梯),住家用,鋼筋混凝土造,1090505,67.67,2,1,1,有,有,4500000,66499,,0.0,0,,RPWNMLNJQHHGFAX57DA,45.83,5.29,0.0,有,065
白沙鄉,土地,通梁東段369地號,571.26,,一般農業區,農牧用地,1110601,土地5建物0車位0,,,其他,,,,0.0,0,0,0,有,無,800000,1400,,0.0,0,親友、員工、共有人或其他特殊關係間之交易；,RPSNMLOKPHHGFAX27DA,0.0,0.0,0.0,無,
西嶼鄉,土地,竹篙灣段3618地號,2831.0,,風景區,農牧用地,1110629,土地1建物0車位0,,,其他,,,,0.0,0,0,0,有,無,8563776,3025,,0.0,0,,RPPNMLMJQHHGFAX76DA,0.0,0.0,0.0,無,
湖西鄉,土地,湖西南段983地號,1382.08,,一般農業區,農牧用地,1110627,土地1建物0車位0,,,其他,,,,0.0,0,0,0,有,無,9320000,6743,,0.0,0,,RPTNMLTLOHHGFAX87DA,0.0,0.0,0.0,無,
馬公市,房地(土地+建物),澎湖縣馬公市大智街２４巷２７弄５號,44.0,都市：其他:商業區,,,1110613,土地1建物1車位0,全,四層,透天厝,住商用,鋼筋混凝土造,0710714,173.25,4,2,3,有,無,8000000,46176,,0.0,0,,RPWNMLQKQHHGFAX97DA,173.25,0.0,0.0,無,
馬公市,土地,山水東段642地號,2907.35,,一般農業區,農牧用地,1110610,土地1建物0車位0,,,其他,,,,0.0,0,0,0,有,無,15000000,5159,,0.0,0,,RPWNMLTJOHHGFAX97DA,0.0,0.0,0.0,無,066
湖西鄉,房地(土地+建物),澎湖縣湖西鄉港子尾２５之１１號,235.92,,一般農業區,甲種建築用地,1110608,土地2建物1車位0,全,三層,透天厝,住家用,鋼筋混凝土造,1110422,234.9,6,2,7,有,無,10000000,42571,,0.0,0,建地款540萬2500元整，交通用地款65萬4000元整，房屋款394萬3500元整,RPUOMLLLQHHGFAX47DA,218.65,16.25,0.0,無,
馬公市,土地,馬公段2171地號,84.75,都市：其他:住宅區,,,1110614,土地3建物0車位0,,,其他,,,,0.0,0,0,0,有,無,12200000,143953,,0.0,0,,RPSNMLTKQHHGFAX87DA,0.0,0.0,0.0,無,041
馬公市,房地(土地+建物),澎湖縣馬公市永和街４９巷１號,92.18,都市：其他:住宅區,,,1110602,土地1建物1車位0,全,二層,透天厝,住家用,鋼筋加強紅磚,0670219,73.82,3,2,2,有,無,6500000,88052,,0.0,0,,RPXNMLMLQHHGFAX77DA,73.82,0.0,0.0,無,
馬公市,土地,東澳段263地號,116.28,都市：其他:住宅區,,,1110620,土地1建物0車位0,,,其他,,,,0.0,0,0,0,有,無,5000000,43000,,0.0,0,,RPUPMLLLQHHGFAX57DA,0.0,0.0,0.0,無,
馬公市,房地(土地+建物),澎湖縣馬公市文明路１２６巷１５５號,198.1,,一般農業區,甲種建築用地,1110607,土地3建物1車位0,全,三層,透天厝,住家用,鋼筋混凝土造,1050329,267.87,6,2,5,有,無,9600000,35838,,0.0,0,土地款680萬元整，房屋款280萬元整,RPPNMLMLQHHGFAX96DA,255.14,12.73,0.0,無,
白沙鄉,土地,上瓦硐段97地號,738.42,,一般農業區,農牧用地,1110519,土地1建物0車位0,,,其他,,,,0.0,0,0,0,有,無,2000000,2708,,0.0,0,,RPSNMLRJOHHGFAX37DA,0.0,0.0,0.0,無,
馬公市,土地,五福段725地號,91.69,,一般農業區,農牧用地,1110530,土地11建物0車位0,,,其他,,,,0.0,0,0,0,有,無,400000,4363,,0.0,0,親友、員工、共有人或其他特殊關係間之交易；,RPPNMLRJOHHGFAX17EA,0.0,0.0,0.0,無,
馬公市,土地,中山段579地號,96.42,都市：其他:住宅區,,,1110526,土地2建物0車位0,,,其他,,,,0.0,0,0,0,有,無,2248740,23322,,0.0,0,,RPUNMLNKOHHGFAX27DA,0.0,0.0,0.0,無,
湖西鄉,土地,城北段939地號,208.44,,一般農業區,農牧用地,1110531,土地1建物0車位0,,,其他,,,,0.0,0,0,0,有,無,3870000,18566,,0.0,0,,RPROMLKKOHHGFAX76DA,0.0,0.0,0.0,無,068
湖西鄉,土地,許家段1195地號,752.04,,一般農業區,農牧用地,1110520,土地1建物0車位0,,,其他,,,,0.0,0,0,0,有,無,20680000,27499,,0.0,0,權利人共三人含未來興建三戶之房屋價款,RPXNMLNKOHHGFAX57DA,0.0,0.0,0.0,無,069
湖西鄉,土地,南寮南段483地號,1275.13,,一般農業區,農牧用地,1110509,土地1建物0車位0,,,其他,,,,0.0,0,0,0,有,無,5400000,4235,,0.0,0,,RPTOMLPLNHHGFAX47DA,0.0,0.0,0.0,無,070
馬公市,房地(土地+建物)+車位,澎湖縣馬公市吉港路１６８巷５號２樓之２,46.59,都市：其他:住宅區,,,1110516,土地1建物1車位1,二層,五層,華廈(10層含以下有電梯),住家用,鋼筋混凝土造,1101022,139.79,3,1,2,有,無,5550000,39702,一樓平面,0.0,0,,RPOOMLMJOHHGFAX56DA,76.32,17.4,0.0,有,
湖西鄉,土地,南寮新段40地號,2318.4,,一般農業區,農牧用地,1110526,土地1建物0車位0,,,其他,,,,0.0,0,0,0,有,無,4900000,2114,,0.0,0,,RPTNMLRJOHHGFAX47DA,0.0,0.0,0.0,無,
馬公市,房地(土地+建物)+車位,澎湖縣馬公市吉港路１６８巷５號５樓之２,29.27,都市：其他:住宅區,,,1110518,土地1建物1車位1,五層，見其他登記事項,五層,華廈(10層含以下有電梯),住家用,鋼筋混凝土造,1101022,82.85,2,1,2,有,無,4260000,51418,一樓平面,0.0,0,,RPWNMLQJOHHGFAX67DA,47.98,5.92,0.0,有,
馬公市,土地,文石段245-5地號,1598.8,,一般農業區,農牧用地,1110526,土地7建物0車位0,,,其他,,,,0.0,0,0,0,有,無,51060000,31936,,0.0,0,,RPOOMLKKOHHGFAX09DA,0.0,0.0,0.0,無,071
馬公市,房地(土地+建物),澎湖縣馬公市頭掛２２５之１２號,198.88,,一般農業區,甲種建築用地,1110512,土地2建物1車位0,全,二層,透天厝,住家用,鋼筋混凝土造,1101208,146.43,4,2,3,有,無,6900000,47121,,0.0,0,,RPTNMLOKOHHGFAX27DA,141.64,4.79,0.0,無,
馬公市,房地(土地+建物),澎湖縣馬公市朝陽路２１３號,193.09,都市：其他:住宅區,,,1110523,土地1建物1車位0,全,三層,透天厝,住家用,鋼筋混凝土造,0940330,321.69,4,2,4,有,無,21800000,67767,,0.0,0,,RPVNMLOKOHHGFAX47DA,312.74,8.95,0.0,無,
馬公市,土地,文光段424地號,74.93,都市：其他:道路用地,,,1110531,土地3建物0車位0,,,其他,,,,0.0,0,0,0,有,無,3700000,49379,,0.0,0,親友、員工、共有人或其他特殊關係間之交易；,RPUNMLPKOHHGFAX47DA,0.0,0.0,0.0,無,072
馬公市,房地(土地+建物)+車位,澎湖縣馬公市三多路３４９號十三樓之五,30.98,都市：其他:住宅區,,,1110526,土地2建物1車位1,十三層,十四層,住宅大樓(11層含以上有電梯),住家用,鋼筋混凝土造,0950710,188.82999999999998,3,2,2,有,有,6110000,32357,坡道平面,0.0,0,,RPVNMLPKOHHGFAX57DA,103.85,0.0,11.74,有,073
馬公市,房地(土地+建物),澎湖縣馬公市文城三路５２號二樓之１,20.89,都市：其他:住宅區,,,1110523,土地1建物1車位0,二層,五層,華廈(10層含以下有電梯),住家用,鋼筋混凝土造,1110408,70.87,2,2,1,有,有,4200000,59263,,0.0,0,,RPUNMLOLNHHGFAX37DA,47.05,5.49,0.0,有,
馬公市,房地(土地+建物),澎湖縣馬公市文城三路５２號二樓之２,20.89,都市：其他:住宅區,,,1110523,土地1建物1車位0,二層,五層,華廈(10層含以下有電梯),住家用,鋼筋混凝土造,1110408,69.68,2,2,1,有,有,4330000,62141,,0.0,0,,RPWNMLOLNHHGFAX57DA,46.34,5.01,0.0,有,
馬公市,房地(土地+建物),澎湖縣馬公市樹德路３２號,54.0,都市：其他:住宅區,,,1110512,土地2建物1車位0,全,四層,透天厝,住商用,鋼筋混凝土造,0700627,143.26,5,1,2,有,無,7700000,53748,,0.0,0,親友、員工、共有人或其他特殊關係間之交易；,RPWNMLQKOHHGFAX77DA,143.26,0.0,0.0,無,
馬公市,房地(土地+建物),澎湖縣馬公市石泉１之５４８號,202.52,,一般農業區,甲種建築用地,1110517,土地1建物1車位0,全,一層,透天厝,住家用,鋼骨構造,1091013,126.98,1,1,1,有,無,7980000,62845,,0.0,0,親友、員工、共有人或其他特殊關係間之交易；,RPQNMLTKOHHGFAX47DA,126.98,0.0,0.0,無,
馬公市,土地,雙湖段499地號,36.04,,一般農業區,農牧用地,1110510,土地2建物0車位0,,,其他,,,,0.0,0,0,0,有,無,130000,3607,,0.0,0,買方負擔土地增值稅5866元,RPXNMLOKOHHGFAX67DA,0.0,0.0,0.0,無,013
西嶼鄉,土地,竹灣段130地號,457.13,,一般農業區,農牧用地,1110520,土地1建物0車位0,,,其他,,,,0.0,0,0,0,有,無,1800000,3938,,0.0,0,,RPWNMLKKOHHGFAX17DA,0.0,0.0,0.0,無,
馬公市,房地(土地+建物),澎湖縣馬公市西衛２２１之６號,305.81,,一般農業區,甲種建築用地,1110526,土地2建物1車位0,全,三層,透天厝,住家用,鋼筋混凝土造,0970509,272.6,8,2,9,有,無,16800000,61629,,0.0,0,,RPSNMLQLNHHGFAX37DA,263.25,0.0,9.35,無,
馬公市,土地,文東段471地號,180.91,,一般農業區,殯葬用地,1110531,土地1建物0車位0,,,其他,,,,0.0,0,0,0,有,無,578000,3195,,0.0,0,地清或未辦繼承標售；,RPXNMLMLOHHGFAX57DA,0.0,0.0,0.0,無,
馬公市,房地(土地+建物),澎湖縣馬公市西衛８１１號,214.88,,一般農業區,甲種建築用地,1110516,土地2建物1車位0,全,三層,透天厝,住家用,鋼筋混凝土造,1110406,230.55,6,2,7,有,無,12260000,53177,,0.0,0,,RPTNMLSKNHHGFAX57DA,221.56,8.99,0.0,無,
馬公市,房地(土地+建物),澎湖縣馬公市東文澳３８３號,228.38,,一般農業區,甲種建築用地,1110520,土地2建物1車位0,全,三層,透天厝,住家用,鋼筋混凝土造,1101116,279.86,7,2,8,有,無,10000000,35732,,0.0,0,,RPQOMLKKOHHGFAX66DA,266.6,13.26,0.0,無,
湖西鄉,房地(土地+建物),澎湖縣湖西鄉隘門２００之２號,253.29,,一般農業區,甲種建築用地,1110529,土地2建物1車位0,全,三層,透天厝,住家用,鋼筋混凝土造,1061106,255.13,4,2,5,有,無,8600000,33708,,0.0,0,,RPVNMLMLOHHGFAX37DA,245.23,9.9,0.0,無,
馬公市,土地,五福段68地號,852.59,,一般農業區,農牧用地,1110513,土地1建物0車位0,,,其他,,,,0.0,0,0,0,有,無,19500000,22871,,0.0,0,,RPUNMLRKNHHGFAX57DA,0.0,0.0,0.0,無,
馬公市,房地(土地+建物),澎湖縣馬公市文城三路５２號三樓之２,20.89,都市：其他:住宅區,,,1110523,土地1建物1車位0,三層,五層,華廈(10層含以下有電梯),住家用,鋼筋混凝土造,1110408,69.68,2,2,1,有,有,4200000,60276,,0.0,0,,RPOOMLOLNHHGFAX86DA,46.34,5.01,0.0,有,
白沙鄉,房地(土地+建物),澎湖縣白沙鄉漁港新村３１號,84.25,,鄉村區,乙種建築用地,1110511,土地1建物1車位0,全,二層,透天厝,住家用,鋼筋混凝土加強磚造,0750414,91.77,3,2,2,有,無,3300000,35959,,0.0,0,買方另支付土地增值稅17947元。,RPVNMLRLOHHGFAX87DA,91.77,0.0,0.0,無,
湖西鄉,房地(土地+建物),澎湖縣湖西鄉港子尾２５之１０號,233.01,,一般農業區,甲種建築用地,1110510,土地2建物1車位0,全,三層,透天厝,住家用,鋼筋混凝土造,1110422,234.9,6,2,7,有,無,9700000,41294,,0.0,0,,RPVNMLNLOHHGFAX47DA,218.65,16.25,0.0,無,
馬公市,土地,國宅段31地號,985.14,,一般農業區,農牧用地,1110527,土地1建物0車位0,,,其他,,,,0.0,0,0,0,有,無,1899900,1929,,0.0,0,地清或未辦繼承標售；,RPWNMLSLOHHGFAX08DA,0.0,0.0,0.0,無,020
馬公市,土地,山水南段119地號,741.29,,一般農業區,農牧用地,1110509,土地2建物0車位0,,,其他,,,,0.0,0,0,0,有,無,4484800,6050,,0.0,0,,RPSOMLTLOHHGFAX87DA,0.0,0.0,0.0,無,
馬公市,房地(土地+建物),澎湖縣馬公市西衛８１０號,214.38,,一般農業區,甲種建築用地,1110516,土地2建物1車位0,全,三層,透天厝,住家用,鋼筋混凝土造,1110406,230.55,6,2,7,有,無,11460000,49707,,0.0,0,,RPUNMLSKNHHGFAX67DA,221.56,8.99,0.0,無,
馬公市,土地,鎖港南段373-1地號,330.92,,一般農業區,甲種建築用地,1110503,土地2建物0車位0,,,其他,,,,0.0,0,0,0,有,無,10680000,32274,,0.0,0,農變建變更起造人,RPPOMLKMOHHGFAX76DA,0.0,0.0,0.0,無,076
白沙鄉,土地,赤崁中段431地號,254.68,,鄉村區,乙種建築用地,1110527,土地1建物0車位0,,,其他,,,,0.0,0,0,0,有,無,2500000,9816,,0.0,0,,RPQOMLKMOHHGFAX86DA,0.0,0.0,0.0,無,
湖西鄉,土地,白坑段464地號,627.43,,一般農業區,農牧用地,1110508,土地1建物0車位0,,,其他,,,,0.0,0,0,0,有,無,948950,1512,,0.0,0,,RPWNMLLJPHHGFAX27DA,0.0,0.0,0.0,無,
馬公市,土地,五福段901地號,108.7,,一般農業區,農牧用地,1110527,土地1建物0車位0,,,其他,,,,0.0,0,0,0,有,無,328800,3025,,0.0,0,,RPUNMLOJPHHGFAX37DA,0.0,0.0,0.0,無,
馬公市,房地(土地+建物),澎湖縣馬公市光華７３之２號,119.44,,一般農業區,甲種建築用地,1110520,土地2建物1車位0,全,三層,透天厝,住家用,鋼筋混凝土造,0900821,170.19,4,3,3,有,無,7580000,44538,,0.0,0,,RPROMLKMOHHGFAX96DA,157.47,12.72,0.0,無,
馬公市,房地(土地+建物),澎湖縣馬公市文城三路５２號五樓之２,20.89,都市：其他:住宅區,,,1110523,土地1建物1車位0,五層,五層,華廈(10層含以下有電梯),住家用,鋼筋混凝土造,1110408,69.68,2,2,1,有,有,4380000,62859,,0.0,0,,RPUOMLOLNHHGFAX47DA,46.34,5.01,0.0,有,
馬公市,土地,光榮段783地號,581.06,都市：其他:住宅區,,,1110511,土地3建物0車位0,,,其他,,,,0.0,0,0,0,有,無,32000000,55072,,0.0,0,,RPQPMLOJPHHGFAX17DA,0.0,0.0,0.0,無,077
西嶼鄉,土地,竹灣段146地號,179.38,,一般農業區,農牧用地,1110509,土地1建物0車位0,,,其他,,,,0.0,0,0,0,有,無,300000,1672,,0.0,0,,RPPOMLTLOHHGFAX57DA,0.0,0.0,0.0,無,
馬公市,房地(土地+建物),澎湖縣馬公市西文澳１３２號,82.53,,鄉村區,乙種建築用地,1110519,土地2建物1車位0,全,三層,透天厝,住家用,鋼筋混凝土加強磚造,0670530,172.13,2,2,3,有,無,6950000,40376,,0.0,0,,RPOOMLKLNHHGFAX09DA,172.13,0.0,0.0,無,
湖西鄉,土地,龍門南段549地號,829.41,,一般農業區,農牧用地,1110512,土地1建物0車位0,,,其他,,,,0.0,0,0,0,有,無,1033300,1246,,0.0,0,地清或未辦繼承標售；,RPRNMLQJPHHGFAX37EA,0.0,0.0,0.0,無,
馬公市,土地,馬公段2429地號,18.0,都市：其他:住宅區,,,1110514,土地1建物0車位0,,,其他,,,,0.0,0,0,0,有,無,1000000,55556,,0.0,0,,RPOOMLSJPHHGFAX27DA,0.0,0.0,0.0,無,078
馬公市,房地(土地+建物),澎湖縣馬公市光復路７４之４號,40.25,都市：其他:住宅區,,,1110528,土地2建物1車位0,五層，電梯樓梯間,五層,公寓(5樓含以下無電梯),住家用,鋼筋混凝土造,0730629,87.29,3,1,2,有,有,3588000,41104,,0.0,0,,RPPNMLLKPHHGFAX76EA,87.29,0.0,0.0,無,
馬公市,土地,馬公段2429地號,18.0,都市：其他:住宅區,,,1110514,土地1建物0車位0,,,其他,,,,0.0,0,0,0,有,無,1000000,55556,,0.0,0,,RPPOMLSJPHHGFAX37DA,0.0,0.0,0.0,無,078
馬公市,房地(土地+建物),澎湖縣馬公市文城三路５２號四樓之２,20.89,都市：其他:住宅區,,,1110523,土地1建物1車位0,四層,五層,華廈(10層含以下有電梯),住家用,鋼筋混凝土造,1110408,69.68,2,2,1,有,有,4020000,57692,,0.0,0,,RPTOMLOLNHHGFAX37DA,46.34,5.01,0.0,有,
馬公市,房地(土地+建物)+車位,澎湖縣馬公市三多路４１１號九樓之九,16.46,都市：其他:商業區,,,1110525,土地1建物1車位1,九層,十層,華廈(10層含以下有電梯),住家用,鋼筋混凝土造,0850308,178.59,3,2,2,有,有,6800000,38076,坡道機械,0.0,0,,RPWOMLPKPHHGFAX87DA,94.64,51.26,0.0,有,080
馬公市,房地(土地+建物),澎湖縣馬公市西衛１５６號,40.48,,鄉村區,乙種建築用地,1110525,土地1建物1車位0,全,一層,透天厝,住家用,造,,3.67,3,2,2,有,無,1224000,333515,,0.0,0,房屋半倒塌,RPTNMLNKPHHGFAX27DA,3.67,0.0,0.0,無,
馬公市,土地,興崁段1175-15地號,374.8,,一般農業區,甲種建築用地,1110506,土地2建物0車位0,,,其他,,,,0.0,0,0,0,有,無,3330000,8885,,0.0,0,農變建專案核准變更起造人,RPSNMLRKPHHGFAX57DA,0.0,0.0,0.0,無,081
馬公市,房地(土地+建物),澎湖縣馬公市鐵線尾１０３號,234.15,,一般農業區,甲種建築用地,1110506,土地3建物1車位0,全,三層,透天厝,住家用,鋼筋混凝土造,1030127,255.23,6,2,7,有,無,12000000,47016,,0.0,0,,RPUNMLSKPHHGFAX87DA,236.62,18.61,0.0,無,082
馬公市,房地(土地+建物),澎湖縣馬公市文城三路５２號三樓之１,20.89,都市：其他:住宅區,,,1110523,土地1建物1車位0,三層,五層,華廈(10層含以下有電梯),住家用,鋼筋混凝土造,1110408,70.87,2,2,1,有,有,4500000,63497,,0.0,0,,RPROMLOLNHHGFAX17DA,47.05,5.49,0.0,有,
馬公市,房地(土地+建物),澎湖縣馬公市文城三路５２號五樓之１,20.89,都市：其他:住宅區,,,1110523,土地1建物1車位0,五層,五層,華廈(10層含以下有電梯),住家用,鋼筋混凝土造,1110408,70.87,2,2,1,有,有,4380000,61803,,0.0,0,,RPWOMLOLNHHGFAX67DA,47.05,5.49,0.0,有,
馬公市,房地(土地+建物),澎湖縣馬公市文城三路５２號,20.89,都市：其他:住宅區,,,1110523,土地1建物1車位0,一層,五層,華廈(10層含以下有電梯),商業用,鋼筋混凝土造,1110408,69.9,1,1,1,有,有,8770000,125465,,0.0,0,,RPVOMLOLNHHGFAX57DA,51.57,0.0,0.0,有,
馬公市,土地,五福段768地號,195.47,,一般農業區,農牧用地,1110526,土地1建物0車位0,,,其他,,,,0.0,0,0,0,有,無,820987,4200,,0.0,0,親友、員工、共有人或其他特殊關係間之交易；,RPXNMLMKPHHGFAX57DA,0.0,0.0,0.0,無,022
白沙鄉,土地,港子西段73地號,934.45,,一般農業區,農牧用地,1110531,土地1建物0車位0,,,其他,,,,0.0,0,0,0,有,無,1300000,1391,,0.0,0,,RPPOMLSLOHHGFAX47DA,0.0,0.0,0.0,無,
七美鄉,土地,七美六段1758-1地號,101.28,,一般農業區,交通用地,1110525,土地1建物0車位0,,,其他,,,,0.0,0,0,0,有,無,172176,1700,,0.0,0,協議價購；,RPPNMLQLPHHGFAX37EA,0.0,0.0,0.0,無,
馬公市,土地,山水南段157地號,3336.84,,一般農業區,農牧用地,1110516,土地1建物0車位0,,,其他,,,,0.0,0,0,0,有,無,47441330,14217,,0.0,0,,RPPOMLPLPHHGFAX27DA,0.0,0.0,0.0,無,084
馬公市,房地(土地+建物),澎湖縣馬公市鎖管港１９６２號二樓之二,34.52,都市：其他:住宅區,,,1110517,土地2建物1車位0,二層,四層,華廈(10層含以下有電梯),住家用,鋼筋混凝土造,1110117,89.18,2,1,2,有,有,4300000,48217,,0.0,0,併案申報登記案件連件辦理總價新台幣430萬元整土地價款為74萬5仟元整房屋價款為355萬5仟元整預售屋、或土地及建物分件登記案件；,RPUNMLNLOHHGFAX37DA,67.27,6.84,0.0,有,
西嶼鄉,土地,池西段482地號,1272.95,,一般農業區,農牧用地,1110527,土地1建物0車位0,,,其他,,,,0.0,0,0,0,有,無,4155556,3265,,0.0,0,親友、員工、共有人或其他特殊關係間之交易；,RPXNMLRLPHHGFAX18DA,0.0,0.0,0.0,無,
馬公市,土地,山水南段114地號,867.24,,一般農業區,農牧用地,1110512,土地1建物0車位0,,,其他,,,,0.0,0,0,0,有,無,2680000,3090,,0.0,0,地清或未辦繼承標售；,RPQNMLLLQHHGFAX96DA,0.0,0.0,0.0,無,
馬公市,土地,山水南段932地號,187.55,,一般農業區,農牧用地,1110512,土地1建物0車位0,,,其他,,,,0.0,0,0,0,有,無,857760,4574,,0.0,0,地清或未辦繼承標售；,RPRNMLLLQHHGFAX07DA,0.0,0.0,0.0,無,
白沙鄉,土地,赤崁中段1029地號,76.0,,一般農業區,農牧用地,1110512,土地1建物0車位0,,,其他,,,,0.0,0,0,0,有,無,101680,1338,,0.0,0,地清或未辦繼承標售；,RPPNMLPJRHHGFAX27EA,0.0,0.0,0.0,無,
馬公市,土地,興崁段551地號,1136.41,,一般農業區,農牧用地,1110430,土地1建物0車位0,,,其他,,,,0.0,0,0,0,有,無,8500000,7480,,0.0,0,農變建專案核准興建住宅,RPPOMLKKOHHGFAX56DA,0.0,0.0,0.0,無,085
馬公市,房地(土地+建物)+車位,澎湖縣馬公市三多路４１９號,19.05,都市：其他:商業區,,,1110425,土地1建物1車位1,一層，二層，三層,十層,華廈(10層含以下有電梯),住商用,鋼筋混凝土造,0850308,167.88,2,3,3,有,有,6200000,36931,坡道平面,0.0,0,,RPTNMLTJOHHGFAX67DA,137.13,6.86,0.0,有,086
馬公市,房地(土地+建物)+車位,澎湖縣馬公市吉港路１６８巷５號５樓之１,50.96,都市：其他:住宅區,,,1110418,土地1建物1車位1,五層，見其他登記事項,五層,華廈(10層含以下有電梯),住家用,鋼筋混凝土造,1101022,141.68,3,1,3,有,無,6000000,42349,一樓平面,0.0,0,,RPPOMLMJOHHGFAX66DA,84.36,6.35,0.0,有,
馬公市,房地(土地+建物),澎湖縣馬公市石泉１之４５號,68.11,,鄉村區,乙種建築用地,1110429,土地1建物1車位0,全,四層,透天厝,住家用,鋼筋混凝土造,0720620,142.38,4,2,3,有,無,6700000,47057,,0.0,0,,RPWNMLTLMHHGFAX97DA,142.38,0.0,0.0,無,
湖西鄉,土地,城北段1003地號,973.01,,一般農業區,農牧用地,1110415,土地1建物0車位0,,,其他,,,,0.0,0,0,0,有,無,8160000,8386,,0.0,0,農變建專案核准興建住宅,RPPNMLTLNHHGFAX37DA,0.0,0.0,0.0,無,087
七美鄉,土地,七美三段2239地號,2049.12,,一般農業區,農牧用地,1110419,土地1建物0車位0,,,其他,,,,0.0,0,0,0,有,無,5270000,2572,,0.0,0,,RPXNMLPKOHHGFAX77DA,0.0,0.0,0.0,無,
馬公市,房地(土地+建物),澎湖縣馬公市宅嶼１６２號,235.66,,一般農業區,甲種建築用地,1110427,土地2建物1車位0,全,三層,透天厝,住家用,鋼筋混凝土造,1070607,240.45,4,2,5,有,無,10200000,42420,,0.0,0,,RPTNMLPKOHHGFAX37DA,234.27,6.18,0.0,無,
馬公市,房地(土地+建物),澎湖縣馬公市樹德路９號,50.0,都市：其他:商業區,,,1110412,土地1建物1車位0,全,二層,透天厝,住商用,筋加強空心磚造,0540100,96.88,2,1,2,有,無,6450000,66577,,0.0,0,依土地法第34條之1處分,RPVNMLLMNHHGFAX27DA,96.88,0.0,0.0,無,
馬公市,房地(土地+建物),澎湖縣馬公市東衛９０之１６號,167.99,,一般農業區,甲種建築用地,1110427,土地1建物1車位0,全,三層,透天厝,住家用,鋼筋混凝土造,1040225,235.88,5,2,6,有,無,8880000,37646,,0.0,0,,RPTNMLOJNHHGFAX07DA,218.99,16.89,0.0,無,
馬公市,房地(土地+建物),澎湖縣馬公市吉海路１４８５巷３３號,262.28,都市：其他:住宅區,,,1110426,土地1建物1車位0,全,三層,透天厝,住家用,鋼筋混凝土造,1101208,218.95,4,2,5,有,無,8600000,39278,,0.0,0,,RPUNMLTLOHHGFAX97DA,186.89,32.06,0.0,無,
馬公市,土地,山水北段875-3地號,219.81,,一般農業區,甲種建築用地,1110416,土地2建物0車位0,,,其他,,,,0.0,0,0,0,有,無,2950000,13421,,0.0,0,,RPOOMLLJPHHGFAX56DA,0.0,0.0,0.0,無,
西嶼鄉,土地,合界段87地號,1240.08,,一般農業區,農牧用地,1110424,土地1建物0車位0,,,其他,,,,0.0,0,0,0,有,無,3230000,2605,,0.0,0,,RPWOMLLKPHHGFAX47DA,0.0,0.0,0.0,無,088
湖西鄉,土地,許家段1197地號,609.46,,一般農業區,農牧用地,1110418,土地1建物0車位0,,,其他,,,,0.0,0,0,0,有,無,4300000,7055,,0.0,0,,RPTNMLLLPHHGFAX17DA,0.0,0.0,0.0,無,089
馬公市,房地(土地+建物),澎湖縣馬公市三民路６號,100.0,都市：其他:商業區,,,1110428,土地1建物1車位0,全,三層,透天厝,住商用,鋼筋混凝土加強磚造,0590724,219.0,5,2,3,有,無,36500000,166667,,0.0,0,,RPVNMLMLPHHGFAX47DA,219.0,0.0,0.0,無,
西嶼鄉,土地,赤馬一段128地號,3145.35,,風景區,農牧用地,1110422,土地7建物0車位0,,,其他,,,,0.0,0,0,0,有,無,3000000,954,,0.0,0,,RPQNMLRKPHHGFAX37DA,0.0,0.0,0.0,無,
馬公市,土地,鐵線段654地號,976.25,,一般農業區,農牧用地,1110422,土地1建物0車位0,,,其他,,,,0.0,0,0,0,有,無,7000000,7170,,0.0,0,,RPUNMLMLMHHGFAX07DA,0.0,0.0,0.0,無,
馬公市,土地,雙湖段79地號,560.45,,一般農業區,農牧用地,1110429,土地1建物0車位0,,,其他,,,,0.0,0,0,0,有,無,7120000,12704,,0.0,0,,RPXNMLNJQHHGFAX67DA,0.0,0.0,0.0,無,
馬公市,房地(土地+建物),澎湖縣馬公市鐵線尾３８之３８號,195.03,,一般農業區,甲種建築用地,1110409,土地2建物1車位0,全,三層,透天厝,住家用,鋼筋混凝土造,1060612,269.74,6,2,5,有,無,9680000,35886,,0.0,0,,RPWNMLPKQHHGFAX87DA,253.3,16.44,0.0,無,
馬公市,土地,山水北段736地號,1240.02,,一般農業區,農牧用地,1110314,土地1建物0車位0,,,其他,,,,0.0,0,0,0,有,無,4880000,3935,,0.0,0,,RPTNMLKKOHHGFAX86DA,0.0,0.0,0.0,無,090
馬公市,土地,雙湖段809-1地號,776.31,,一般農業區,農牧用地,1110316,土地1建物0車位0,,,其他,,,,0.0,0,0,0,有,無,27969000,36028,,0.0,0,權利人共3人，含未來3戶房屋興建價款,RPWNMLPKOHHGFAX67DA,0.0,0.0,0.0,無,091
馬公市,土地,五福段467地號,71.1,,鄉村區,乙種建築用地,1110331,土地1建物0車位0,,,其他,,,,0.0,0,0,0,有,無,1260000,17722,,0.0,0,地清或未辦繼承標售；,RPUNMLQKOHHGFAX57DA,0.0,0.0,0.0,無,
馬公市,土地,四維段488地號,358.42,,一般農業區,農牧用地,1110329,土地1建物0車位0,,,其他,,,,0.0,0,0,0,有,無,7480000,20869,,0.0,0,地清或未辦繼承標售；,RPQNMLOJPHHGFAX07EA,0.0,0.0,0.0,無,
湖西鄉,土地,葉新段1908地號,617.51,,一般農業區,農牧用地,1110329,土地2建物0車位0,,,其他,,,,0.0,0,0,0,有,無,1037500,1680,,0.0,0,地清或未辦繼承標售；,RPRNMLOJPHHGFAX17EA,0.0,0.0,0.0,無,
七美鄉,土地,七美一段137地號,269.06,,一般農業區,農牧用地,1110329,土地1建物0車位0,,,其他,,,,0.0,0,0,0,有,無,301680,1121,,0.0,0,地清或未辦繼承標售；,RPPNMLRJPHHGFAX27EA,0.0,0.0,0.0,無,
馬公市,土地,國宅段202地號,1198.29,,一般農業區,農牧用地,1110329,土地1建物0車位0,,,其他,,,,0.0,0,0,0,有,無,4780000,3989,,0.0,0,地清或未辦繼承標售；,RPRNMLSJPHHGFAX57EA,0.0,0.0,0.0,無,
白沙鄉,土地,中屯新段1533地號,43.56,,鄉村區,乙種建築用地,1110329,土地1建物0車位0,,,其他,,,,0.0,0,0,0,有,無,188000,4316,,0.0,0,地清或未辦繼承標售；,RPTNMLLKPHHGFAX17EA,0.0,0.0,0.0,無,
白沙鄉,土地,下瓦硐段535地號,404.57,,一般農業區,農牧用地,1110329,土地1建物0車位0,,,其他,,,,0.0,0,0,0,有,無,930511,2300,,0.0,0,土地上有水井設施一座地清或未辦繼承標售；,RPSOMLLKPHHGFAX07DA,0.0,0.0,0.0,無,
湖西鄉,土地,成功北段82地號,335.02,,一般農業區,農牧用地,1110329,土地1建物0車位0,,,其他,,,,0.0,0,0,0,有,無,638000,1904,,0.0,0,地清或未辦繼承標售；,RPPNMLOKPHHGFAX07EA,0.0,0.0,0.0,無,
西嶼鄉,土地,橫礁新段784地號,246.03,,一般農業區,甲種建築用地,1110329,土地1建物0車位0,,,其他,,,,0.0,0,0,0,有,無,1300000,5284,,0.0,0,地清或未辦繼承標售；,RPRNMLLKPHHGFAX96EA,0.0,0.0,0.0,無,
湖西鄉,土地,城北段643地號,478.35,,一般農業區,農牧用地,1110329,土地1建物0車位0,,,其他,,,,0.0,0,0,0,有,無,1731000,3619,,0.0,0,地清或未辦繼承標售；,RPPNMLLLPHHGFAX86EA,0.0,0.0,0.0,無,
馬公市,房地(土地+建物),澎湖縣馬公市文光路１３５巷２８號,169.27,都市：其他:住宅區,,,1110319,土地3建物1車位0,全,二層,透天厝,住家用,鋼筋混凝土加強磚造,0700420,90.87,3,2,2,有,無,5500000,60526,,0.0,0,,RPWNMLMLPHHGFAX57DA,90.87,0.0,0.0,無,
七美鄉,土地,七美一段383地號,340.02,,一般農業區,農牧用地,1110329,土地1建物0車位0,,,其他,,,,0.0,0,0,0,有,無,383838,1129,,0.0,0,地清或未辦繼承標售；,RPRNMLSLPHHGFAX77EA,0.0,0.0,0.0,無,
湖西鄉,土地,北寮新段154地號,42.04,,鄉村區,乙種建築用地,1110331,土地1建物0車位0,,,其他,,,,0.0,0,0,0,有,無,111000,2640,,0.0,0,地清或未辦繼承標售；,RPPNMLMLQHHGFAX07EA,0.0,0.0,0.0,無,
馬公市,土地,五福段449地號,0.9,,鄉村區,乙種建築用地,1110331,土地1建物0車位0,,,其他,,,,0.0,0,0,0,有,無,14900,0,,0.0,0,地清或未辦繼承標售；,RPUNMLLLQHHGFAX37DA,0.0,0.0,0.0,無,092
馬公市,土地,五福段449地號,0.9,,鄉村區,乙種建築用地,1110331,土地1建物0車位0,,,其他,,,,0.0,0,0,0,有,無,14220,0,,0.0,0,地清或未辦繼承標售；,RPVNMLLLQHHGFAX47DA,0.0,0.0,0.0,無,092
馬公市,土地,五福段449地號,1.05,,鄉村區,乙種建築用地,1110331,土地1建物0車位0,,,其他,,,,0.0,0,0,0,有,無,18000,17143,,0.0,0,地清或未辦繼承標售；,RPWNMLLLQHHGFAX57DA,0.0,0.0,0.0,無,092
馬公市,土地,五福段931地號,2.62,,鄉村區,乙種建築用地,1110331,土地1建物0車位0,,,其他,,,,0.0,0,0,0,有,無,81260,31015,,0.0,0,地清或未辦繼承標售；,RPPNMLMKOHHGFAX66DA,0.0,0.0,0.0,無,095
馬公市,土地,鎖港南段373-3地號,290.18,,一般農業區,甲種建築用地,1110318,土地2建物0車位0,,,其他,,,,0.0,0,0,0,有,無,10900000,37563,,0.0,0,農變建專案核准變更起造人,RPQOMLLLQHHGFAX07DA,0.0,0.0,0.0,無,076
七美鄉,土地,七美二段299地號,46.18,,一般農業區,農牧用地,1110331,土地1建物0車位0,,,其他,,,,0.0,0,0,0,有,無,101888,2206,,0.0,0,地清或未辦繼承標售；,RPPNMLNLQHHGFAX17EA,0.0,0.0,0.0,無,
馬公市,土地,五福段931地號,2.62,,鄉村區,乙種建築用地,1110331,土地1建物0車位0,,,其他,,,,0.0,0,0,0,有,無,81260,31015,,0.0,0,地清或未辦繼承標售；,RPSNMLLLQHHGFAX17DA,0.0,0.0,0.0,無,095
馬公市,土地,五福段931地號,3.05,,鄉村區,乙種建築用地,1110331,土地1建物0車位0,,,其他,,,,0.0,0,0,0,有,無,102608,33642,,0.0,0,地清或未辦繼承標售；,RPTNMLLLQHHGFAX27DA,0.0,0.0,0.0,無,095
馬公市,土地,五福段484地號,1.5,,鄉村區,乙種建築用地,1110331,土地1建物0車位0,,,其他,,,,0.0,0,0,0,有,無,27856,18571,,0.0,0,地清或未辦繼承標售；,RPXNMLLLQHHGFAX67DA,0.0,0.0,0.0,無,099
馬公市,土地,五福段484地號,1.5,,鄉村區,乙種建築用地,1110331,土地1建物0車位0,,,其他,,,,0.0,0,0,0,有,無,25843,17229,,0.0,0,地清或未辦繼承標售；,RPOOMLLLQHHGFAX86DA,0.0,0.0,0.0,無,099
馬公市,土地,五福段484地號,1.75,,鄉村區,乙種建築用地,1110331,土地1建物0車位0,,,其他,,,,0.0,0,0,0,有,無,28929,16531,,0.0,0,地清或未辦繼承標售；,RPPOMLLLQHHGFAX96DA,0.0,0.0,0.0,無,099
馬公市,土地,馬公段1827地號,206.0,都市：其他:住宅區,,,1110219,土地1建物0車位0,,,其他,,,,0.0,0,0,0,有,無,21800000,105825,,0.0,0,,RPXNMLTKPHHGFAX28DA,0.0,0.0,0.0,無,102
馬公市,土地,西澳段698-1地號,193.12,,,,1110106,土地1建物0車位0,,,其他,,,,0.0,3,1,1,有,無,17520000,90721,,0.0,0,未登記建物；,RPRNMLSJQHHGFAX57DA,0.0,0.0,0.0,無,
馬公市,土地,西澳段698地號,193.12,都市：其他:住宅區,,,1110106,土地1建物0車位0,,,其他,,,,0.0,3,4,1,有,無,17520000,90721,,0.0,0,依土地法34-1辦理買賣。未登記建物；,RPSNMLSJQHHGFAX67DA,0.0,0.0,0.0,無,
馬公市,土地,興仁南段40地號,1241.16,,風景區,農牧用地,1101214,土地4建物0車位0,,,其他,,,,0.0,0,0,0,有,無,4000000,3223,,0.0,0,,RPWNMLNLOHHGFAX57DA,0.0,0.0,0.0,無,
馬公市,土地,文石段1163地號,3763.0,,一般農業區,農牧用地,1101218,土地1建物0車位0,,,其他,,,,0.0,0,0,0,有,無,32700000,8690,,0.0,0,,RPVNMLLKPHHGFAX27DA,0.0,0.0,0.0,無,
馬公市,房地(土地+建物),澎湖縣馬公市文山路２２５巷１４７號,168.48,,一般農業區,甲種建築用地,1101231,土地2建物1車位0,全,三層,透天厝,住家用,鋼筋混凝土造,1101109,235.16,5,2,5,有,無,8380000,35635,,0.0,0,,RPUNMLKKQHHGFAX17DA,227.3,7.86,0.0,無,
馬公市,房地(土地+建物),澎湖縣馬公市惠民一路１２號,98.0,都市：其他:商業區,,,1101214,土地1建物1車位0,全,四層,透天厝,住商用,鋼筋混凝土造,0850123,385.69,6,1,6,有,無,25200000,65337,,0.0,0,,RPPOMLNLQHHGFAX17DA,385.69,0.0,0.0,無,
西嶼鄉,土地,池東段535地號,121.34,,鄉村區,乙種建築用地,1101126,土地1建物0車位0,,,其他,,,,0.0,0,0,0,有,無,582000,4796,,0.0,0,,RPVNMLRKOHHGFAX77DA,0.0,0.0,0.0,無,
馬公市,房地(土地+建物),澎湖縣馬公市經國路１０５巷４３號,67.0,都市：其他:商業區,,,1101108,土地1建物1車位0,全,四層,透天厝,住商用,鋼筋混凝土造,0830509,197.61,5,2,3,有,無,7660000,38763,,0.0,0,買方另支付土地增值稅187266元。,RPVOMLPKPHHGFAX77DA,175.45,22.16,0.0,無,
馬公市,土地,山水南段222地號,1028.19,,一般農業區,農牧用地,1101130,土地1建物0車位0,,,其他,,,,0.0,0,0,0,有,無,9000000,8753,,0.0,0,,RPUNMLKLPHHGFAX17DA,0.0,0.0,0.0,無,103
馬公市,房地(土地+建物),澎湖縣馬公市朝陽路２巷５號,79.08,都市：其他:住宅區,,,1100901,土地1建物1車位0,全,四層,透天厝,住商用,鋼筋混凝土加強磚造,0671130,137.4,4,1,3,有,無,3500000,25473,,0.0,0,親友、員工、共有人或其他特殊關係間之交易；,RPOOMLNKOHHGFAX76DA,137.4,0.0,0.0,無,
湖西鄉,房地(土地+建物),澎湖縣湖西鄉港底１１０之１３號,181.83,,一般農業區,甲種建築用地,1090624,土地2建物1車位0,全,三層,透天厝,住家用,鋼筋混凝土造,0950105,186.73,4,2,4,有,無,6500000,34810,,0.0,0,,RPWNMLQLPHHGFAX97DA,178.57,2.4,5.76,無,
