﻿編號,土地位置,土地移轉面積(平方公尺),使用分區或編定,權利人持分分母,權利人持分分子,移轉情形,地號
The serial number, land position,land shifting area square meter,the use zoning or compiles and checks,,,,land parcel
RPWNMLLKQHHGFAX47DA,鐵線段,206.12,非都市：一般農業區 ; 非都市編定：農牧用地,1,1,全筆移轉,06950002
RPRNMLQJQHHGFAX37DA,中屯新段,394.05,非都市：一般農業區 ; 非都市編定：農牧用地,1,1,全筆移轉,19940000
RPWNMLMKQHHGFAX57DA,赤崁中段,143.47,非都市：鄉村區 ; 非都市編定：乙種建築用地,1,1,全筆移轉,04340000
RPPOMLKKQHHGFAX76DA,山水南段,182.83,非都市：鄉村區 ; 非都市編定：乙種建築用地,2,1,持分移轉,09810000
RPXNMLSKQHHGFAX28DA,許家段,617.82,非都市：一般農業區 ; 非都市編定：農牧用地,824,618,持分移轉,07320000
RPWNMLKKQHHGFAX37DA,中衛段,44.35,,1,1,全筆移轉,04490004
RPWNMLKKQHHGFAX37DA,中衛段,37.64,,1,1,全筆移轉,04510001
RPOOMLMKQHHGFAX86DA,潭邊新段,727.50,非都市：一般農業區 ; 非都市編定：農牧用地,2,1,持分移轉,08780000
RPUNMLRKQHHGFAX87DA,興崁段,922.96,非都市：一般農業區 ; 非都市編定：農牧用地,1,1,全筆移轉,11010000
RPUNMLRKQHHGFAX87DA,興崁段,208.90,非都市：一般農業區 ; 非都市編定：交通用地,10,6,持分移轉,11010008
RPUNMLRKQHHGFAX87DA,興崁段,76.83,非都市：一般農業區 ; 非都市編定：水利用地,12,6,持分移轉,11010009
RPWNMLSKQHHGFAX18DA,光華段,214.60,非都市：一般農業區 ; 非都市編定：農牧用地,2,1,持分移轉,05290003
RPWNMLSKQHHGFAX18DA,光華段,57.52,非都市：一般農業區 ; 非都市編定：交通用地,8,1,持分移轉,05290004
RPSNMLMLQHHGFAX27DA,光榮段,.13,都市：其他:市場用地,10000,112,持分移轉,04610000
RPSNMLMLQHHGFAX27DA,光榮段,4.48,都市：其他:市場用地,10000,112,持分移轉,04720000
RPSNMLMLQHHGFAX27DA,光榮段,.24,都市：其他:市場用地,10000,112,持分移轉,04730000
RPSNMLMLQHHGFAX27DA,光榮段,1.06,都市：其他:市場用地,10000,112,持分移轉,04740000
RPSNMLMLQHHGFAX27DA,光榮段,.96,都市：其他:市場用地,10000,112,持分移轉,04750000
RPSNMLMLQHHGFAX27DA,光榮段,5.14,都市：其他:市場用地,10000,112,持分移轉,04760000
RPSNMLMLQHHGFAX27DA,光榮段,.53,都市：其他:市場用地,10000,112,持分移轉,04870001
RPSNMLMLQHHGFAX27DA,光榮段,1.66,都市：其他:市場用地,10000,112,持分移轉,04880000
RPSNMLMLQHHGFAX27DA,光榮段,.38,都市：其他:市場用地,10000,112,持分移轉,04890000
RPSNMLMLQHHGFAX27DA,光榮段,.05,都市：其他:市場用地,10000,112,持分移轉,04920001
RPOOMLQKQHHGFAX27DA,文東段,451.20,非都市：一般農業區 ; 非都市編定：甲種建築用地,1,1,全筆移轉,14740000
RPVNMLQKQHHGFAX87DA,東石新段,35.23,非都市：鄉村區 ; 非都市編定：乙種建築用地,1,1,全筆移轉,04510000
RPPNMLTKQHHGFAX57DA,林投北段,918.13,非都市：一般農業區 ; 非都市編定：農牧用地,1,1,全筆移轉,06570000
RPOOMLPLQHHGFAX27DA,內垵二段,141.73,非都市：鄉村區 ; 非都市編定：乙種建築用地,1,1,全筆移轉,10550000
RPOOMLTJQHHGFAX47DA,烏崁新段,151.30,非都市：鄉村區 ; 非都市編定：乙種建築用地,1,1,全筆移轉,12290000
RPOOMLTJQHHGFAX47DA,烏崁新段,219.20,非都市：鄉村區 ; 非都市編定：乙種建築用地,1,1,全筆移轉,12300000
RPWNMLMLQHHGFAX67DA,北極段,46.59,都市：其他:住宅區,100000,5655,持分移轉,06660001
RPTNMLOJQHHGFAX37DA,文寮段,393.70,非都市：一般農業區 ; 非都市編定：農牧用地,1,1,全筆移轉,11420000
RPQPMLLLQHHGFAX17DA,興仁南段,118.94,非都市：一般農業區 ; 非都市編定：礦業用地,6,1,持分移轉,03460000
RPQPMLLLQHHGFAX17DA,興仁南段,421.12,非都市：一般農業區 ; 非都市編定：礦業用地,6,1,持分移轉,03690000
RPUNMLKMQHHGFAX47EA,大池段,140.08,非都市：一般農業區 ; 非都市編定：農牧用地,1,1,全筆移轉,09890000
RPUNMLKMQHHGFAX47EA,大池段,302.35,非都市：一般農業區 ; 非都市編定：農牧用地,1,1,全筆移轉,09910000
RPWNMLOLQHHGFAX87DA,雙湖段,73.23,非都市：一般農業區 ; 非都市編定：農牧用地,60,6,持分移轉,06480000
RPTNMLMLQHHGFAX37DA,許家段,1658.61,非都市：一般農業區 ; 非都市編定：農牧用地,1,1,全筆移轉,12080000
RPUNMLMLQHHGFAX47DA,林投北段,327.71,非都市：一般農業區 ; 非都市編定：農牧用地,3,1,持分移轉,01120000
RPPOMLTJQHHGFAX57DA,機場段,137.68,非都市：一般農業區 ; 非都市編定：農牧用地,16,1,持分移轉,06680000
RPPOMLTJQHHGFAX57DA,機場段,42.45,非都市：一般農業區 ; 非都市編定：農牧用地,4,1,持分移轉,07510000
RPPOMLTJQHHGFAX57DA,隘門新段,74.72,非都市：一般農業區 ; 非都市編定：農牧用地,4,1,持分移轉,07620000
RPPOMLTJQHHGFAX57DA,隘門新段,18.82,非都市：一般農業區 ; 非都市編定：農牧用地,8,1,持分移轉,09630000
RPPOMLTJQHHGFAX57DA,隘門新段,111.64,非都市：一般農業區 ; 非都市編定：農牧用地,4,1,持分移轉,09770000
RPPOMLTJQHHGFAX57DA,機場段,61.38,非都市：一般農業區 ; 非都市編定：農牧用地,4,1,持分移轉,09780000
RPPOMLTJQHHGFAX57DA,隘門新段,98.41,非都市：一般農業區 ; 非都市編定：農牧用地,4,1,持分移轉,09810000
RPPOMLTJQHHGFAX57DA,隘門新段,54.58,非都市：一般農業區 ; 非都市編定：農牧用地,24,1,持分移轉,10210000
RPPOMLTJQHHGFAX57DA,隘門新段,51.07,非都市：一般農業區 ; 非都市編定：農牧用地,4,1,持分移轉,10650000
RPPOMLTJQHHGFAX57DA,隘門新段,97.08,非都市：一般農業區 ; 非都市編定：農牧用地,4,1,持分移轉,12480000
RPPOMLTJQHHGFAX57DA,隘門新段,171.09,非都市：一般農業區 ; 非都市編定：農牧用地,4,1,持分移轉,12520000
RPPOMLTJQHHGFAX57DA,隘門新段,168.99,非都市：一般農業區 ; 非都市編定：農牧用地,12,1,持分移轉,12680000
RPVNMLQLQHHGFAX97DA,光榮新段,238.15,,1,1,全筆移轉,00680000
RPOOMLKMQHHGFAX86DA,興仁段,114.90,非都市：鄉村區 ; 非都市編定：乙種建築用地,1,1,全筆移轉,02080000
RPPNMLTJQHHGFAX57EA,內垵二段,159.12,非都市：鄉村區 ; 非都市編定：乙種建築用地,1,1,全筆移轉,11160001
RPRNMLLMQHHGFAX27EA,春暉段,46.17,都市：其他:住宅區,1,1,全筆移轉,02290000
RPWNMLTLQHHGFAX38DA,文東段,784.17,非都市：一般農業區 ; 非都市編定：農牧用地,1,1,全筆移轉,03250000
RPVNMLLJRHHGFAX37DA,北極段,46.76,都市：其他:住宅區,1,1,全筆移轉,10890000
RPWNMLMJRHHGFAX57DA,沙港南段,268.40,非都市：一般農業區 ; 非都市編定：農牧用地,3,1,持分移轉,03990000
RPTNMLNJQHHGFAX27DA,許家段,15.14,非都市：一般農業區 ; 非都市編定：交通用地,9,1,持分移轉,09100004
RPWNMLLJRHHGFAX47DA,北極段,239.21,都市：其他:住宅區,1,1,全筆移轉,10940000
RPTNMLNJQHHGFAX27DA,許家段,160.00,非都市：一般農業區 ; 非都市編定：甲種建築用地,1,1,全筆移轉,09100007
RPTOMLTLOHHGFAX97DA,海堤段,42.00,都市：其他:住宅區,1,1,全筆移轉,03080000
RPVNMLQJRHHGFAX87DA,四維段,19.26,都市：其他:農業區,180,10,持分移轉,01750000
RPVNMLLJPHHGFAX17DA,國宅段,4.51,都市：其他:道路用地,40,1,持分移轉,05200000
RPVNMLLJPHHGFAX17DA,國宅段,.38,都市：其他:道路用地,40,1,持分移轉,05310000
RPWNMLSJPHHGFAX97DA,東衛段,629.58,非都市：一般農業區 ; 非都市編定：農牧用地,1,1,全筆移轉,04570000
RPXNMLSJPHHGFAX08DA,鎖港西段,24.02,都市：其他:住宅區,8,3,持分移轉,03870000
RPXNMLNKPHHGFAX67DA,五福段,57.15,非都市：鄉村區 ; 非都市編定：乙種建築用地,4,1,持分移轉,04680000
RPUNMLPJPHHGFAX47DA,山水北段,1223.82,非都市：一般農業區 ; 非都市編定：農牧用地,1,1,全筆移轉,08740000
RPQOMLPKPHHGFAX37EA,二崁南段,388.39,非都市：風景區 ; 非都市編定：農牧用地,1,1,全筆移轉,13660000
RPOPMLPKPHHGFAX17DA,國宅段,43.79,非都市：一般農業區 ; 非都市編定：交通用地,12,5,持分移轉,01810010
RPWNMLSKPHHGFAX08DA,湖西南段,235.48,非都市：鄉村區 ; 非都市編定：乙種建築用地,1,1,全筆移轉,04200000
RPVOMLLKPHHGFAX37DA,光榮段,19.17,都市：其他:商業區,10000,163,持分移轉,04960000
RPXOMLPKPHHGFAX97DA,國宅段,1046.89,非都市：一般農業區 ; 非都市編定：農牧用地,10000,4260,持分移轉,01810000
RPROMLMKPHHGFAX07DA,國宅段,46.00,,1,1,全筆移轉,03070001
RPPNMLKLPHHGFAX76EA,馬公段,17.33,都市：其他:商業區,6,2,持分移轉,01030041
RPPNMLKLPHHGFAX76EA,馬公段,2.83,都市：其他:商業區,12,2,持分移轉,01030179
RPSNMLLLPHHGFAX07DA,鎖港南段,611.10,非都市：一般農業區 ; 非都市編定：農牧用地,1,1,全筆移轉,13640000
RPUNMLTKPHHGFAX97DA,文寮段,1889.74,非都市：一般農業區 ; 非都市編定：農牧用地,1,1,全筆移轉,01570000
RPSOMLMKPHHGFAX17DA,雙湖段,16.59,非都市：一般農業區 ; 非都市編定：農牧用地,24,1,持分移轉,04990000
RPSOMLMKPHHGFAX17DA,雙湖段,1.43,非都市：一般農業區 ; 非都市編定：農牧用地,24,1,持分移轉,05000000
RPOOMLTKPHHGFAX47DA,文東段,1025.91,非都市：一般農業區 ; 非都市編定：農牧用地,10000,4895,持分移轉,18230000
RPVNMLTKPHHGFAX08DA,文石段,3124.31,非都市：一般農業區 ; 非都市編定：農牧用地,10000,6613,持分移轉,08870002
RPVNMLTKPHHGFAX08DA,文石段,411.07,非都市：一般農業區 ; 非都市編定：交通用地,100000,28771,持分移轉,08870004
RPPNMLSKPHHGFAX37DA,海堤段,41.07,都市：其他:道路用地,8,2,持分移轉,09130000
RPTNMLRLPHHGFAX77DA,光榮新段,152.42,,1,1,全筆移轉,00880000
RPTNMLQLPHHGFAX77EA,馬公段,38.27,都市：其他:住宅區,10000,38,持分移轉,02010000
RPTNMLQLPHHGFAX77EA,馬公段,4.00,都市：其他:住宅區,10000,32,持分移轉,02010003
RPUNMLRLPHHGFAX87DA,七美二段,9.31,非都市：鄉村區 ; 非都市編定：乙種建築用地,1,1,全筆移轉,08870004
RPWNMLSLPHHGFAX18DA,國宅段,45.10,都市：其他:道路用地,4,1,持分移轉,05200000
RPWNMLSLPHHGFAX18DA,國宅段,130.75,都市：其他:道路用地,2,1,持分移轉,05250000
RPWNMLSLPHHGFAX18DA,國宅段,3.79,都市：其他:道路用地,4,1,持分移轉,05310000
RPUNMLSLPHHGFAX97DA,山水北段,89.71,非都市：鄉村區 ; 非都市編定：乙種建築用地,1,1,全筆移轉,04730000
RPUNMLSLPHHGFAX97DA,山水北段,11.96,非都市：鄉村區 ; 非都市編定：乙種建築用地,1,1,全筆移轉,04740000
RPRNMLLLPHHGFAX96DA,國宅段,45.10,都市：其他:道路用地,4,1,持分移轉,05200000
RPRNMLLLPHHGFAX96DA,國宅段,130.75,都市：其他:道路用地,2,1,持分移轉,05250000
RPRNMLLLPHHGFAX96DA,國宅段,3.79,都市：其他:道路用地,4,1,持分移轉,05310000
RPWNMLLJQHHGFAX37DA,國宅段,985.14,非都市：一般農業區 ; 非都市編定：農牧用地,2,1,持分移轉,00310000
RPXNMLMJQHHGFAX57DA,中衛段,122.30,都市：其他:乙種工業區,1,1,全筆移轉,03590000
RPXNMLMJQHHGFAX57DA,中衛段,349.80,都市：其他:乙種工業區,1,1,全筆移轉,03600000
RPXNMLMJQHHGFAX57DA,中衛段,508.74,都市：其他:乙種工業區,1,1,全筆移轉,03610000
RPXNMLMJQHHGFAX57DA,中衛段,319.39,都市：其他:乙種工業區,1,1,全筆移轉,03620000
RPUNMLTLPHHGFAX08DA,鼎灣新段,137.05,非都市：一般農業區 ; 非都市編定：甲種建築用地,1,1,全筆移轉,06680000
RPUNMLTLPHHGFAX08DA,鼎灣新段,16.34,非都市：一般農業區 ; 非都市編定：交通用地,7,1,持分移轉,06740000
RPRNMLNJQHHGFAX07DA,西溪新段,72.53,非都市：鄉村區 ; 非都市編定：乙種建築用地,6,1,持分移轉,06970000
RPQOMLKLPHHGFAX86DA,湖西南段,203.62,非都市：一般農業區 ; 非都市編定：農牧用地,2,1,持分移轉,09760000
RPXNMLMLPHHGFAX67DA,國宅段,140.63,都市：其他:道路用地,1,1,全筆移轉,03070000
RPWNMLRLPHHGFAX08DA,潭邊新段,118.32,非都市：一般農業區 ; 非都市編定：甲種建築用地,4,3,持分移轉,04830000
RPWNMLRLPHHGFAX08DA,潭邊新段,6.49,非都市：一般農業區 ; 非都市編定：交通用地,4,3,持分移轉,04840000
RPSNMLSKPHHGFAX77EA,四維段,161.20,非都市：鄉村區 ; 非都市編定：乙種建築用地,1,1,全筆移轉,09670000
RPPNMLOJQHHGFAX07EA,外垵二段,277.16,非都市：鄉村區 ; 非都市編定：乙種建築用地,1,1,全筆移轉,07710000
RPUNMLOJQHHGFAX47DA,五福段,215.02,非都市：一般農業區 ; 非都市編定：農牧用地,260,22,持分移轉,07680000
RPPNMLOJQHHGFAX07EA,外垵二段,195.10,非都市：鄉村區 ; 非都市編定：乙種建築用地,1,1,全筆移轉,08000000
RPWNMLPJQHHGFAX77DA,國宅段,112.51,都市：其他:住宅區,1,1,全筆移轉,07390002
RPVNMLNJQHHGFAX47DA,山水南段,625.02,非都市：一般農業區 ; 非都市編定：農牧用地,10000,7537,持分移轉,01150000
RPSNMLLKQHHGFAX07DA,興仁南段,237.87,非都市：一般農業區 ; 非都市編定：礦業用地,3,1,持分移轉,03460000
RPSNMLLKQHHGFAX07DA,興仁南段,842.24,非都市：一般農業區 ; 非都市編定：礦業用地,3,1,持分移轉,03690000
RPRNMLOKPHHGFAX17DA,埕東段,76.87,都市：其他:住宅區,1,1,全筆移轉,00360000
RPOOMLKKQHHGFAX66DA,文東段,788.85,非都市：一般農業區 ; 非都市編定：農牧用地,1728,789,持分移轉,16230000
RPPOMLKLPHHGFAX76DA,春暉段,58.88,都市：其他:住宅區,1,1,全筆移轉,00580000
RPUNMLLKQHHGFAX27DA,林投南段,634.10,非都市：一般農業區 ; 非都市編定：農牧用地,1,1,全筆移轉,08870000
RPPNMLOKQHHGFAX07DA,井垵西段,385.84,非都市：一般農業區 ; 非都市編定：農牧用地,2,1,持分移轉,15280000
RPXNMLLKQHHGFAX57DA,興仁南段,118.94,非都市：一般農業區 ; 非都市編定：礦業用地,6,1,持分移轉,03460000
RPXNMLLKQHHGFAX57DA,興仁南段,421.12,非都市：一般農業區 ; 非都市編定：礦業用地,6,1,持分移轉,03690000
RPSNMLNJQHHGFAX17DA,南寮北段,707.48,非都市：一般農業區 ; 非都市編定：農牧用地,1,1,全筆移轉,02150000
RPRNMLPKQHHGFAX47EA,林投南段,180.59,非都市：鄉村區 ; 非都市編定：乙種建築用地,1,1,全筆移轉,04960000
RPXNMLTJQHHGFAX28DA,五福段,36.02,非都市：一般農業區 ; 非都市編定：農牧用地,16,1,持分移轉,00340000
RPPNMLSKQHHGFAX47DA,國宅段,623.35,非都市：一般農業區 ; 非都市編定：農牧用地,2,1,持分移轉,01920000
RPPNMLOLQHHGFAX27EA,山水北段,199.02,非都市：一般農業區 ; 非都市編定：農牧用地,1,1,全筆移轉,00210000
RPRNMLMLQHHGFAX17DA,馬公段,14.13,都市：其他:商業區,10000,256,持分移轉,02930001
RPOOMLSKQHHGFAX47DA,東衛段,166.38,非都市：鄉村區 ; 非都市編定：乙種建築用地,1,1,全筆移轉,14760000
RPXNMLNLQHHGFAX87DA,文寮段,296.41,非都市：一般農業區 ; 非都市編定：農牧用地,10000,3895,持分移轉,03660002
RPVNMLLKQHHGFAX37DA,北澳段,14.50,非都市：鄉村區 ; 非都市編定：乙種建築用地,100000,1590,持分移轉,02600000
RPVNMLNKPHHGFAX47DA,馬公段,39.00,都市：其他:商業區,1,1,全筆移轉,08590000
RPOOMLNLQHHGFAX07DA,中衛段,78.04,非都市：鄉村區 ; 非都市編定：乙種建築用地,1,1,全筆移轉,15430000
RPOOMLNLQHHGFAX07DA,中衛段,4.96,非都市：一般農業區 ; 非都市編定：農牧用地,300000,18825,持分移轉,15490000
RPVNMLNLQHHGFAX67DA,北極段,48.52,都市：其他:住宅區,100000,5889,持分移轉,06660001
RPOPMLLKPHHGFAX76DA,東石新段,899.40,非都市：一般農業區 ; 非都市編定：農牧用地,1,1,全筆移轉,05020000
RPSOMLKMQHHGFAX27DA,國宅段,132.50,都市：其他:住宅區,1,1,全筆移轉,04910000
RPXNMLLJRHHGFAX57DA,雙湖段,624.29,非都市：一般農業區 ; 非都市編定：農牧用地,1,1,全筆移轉,08230000
RPPNMLPKQHHGFAX27EA,東澳段,3.83,都市：其他:道路用地,32,1,持分移轉,09400000
RPPNMLPKQHHGFAX27EA,東澳段,17.10,都市：其他:住宅區,32,1,持分移轉,09540000
RPXOMLLLQHHGFAX77DA,文寮段,89.77,非都市：鄉村區 ; 非都市編定：乙種建築用地,1,1,全筆移轉,10010000
RPVNMLMLQHHGFAX57DA,馬公段,44.00,都市：其他:商業區,1,1,全筆移轉,01030036
RPVNMLMLQHHGFAX57DA,馬公段,44.00,都市：其他:商業區,1,1,全筆移轉,01030037
RPWNMLPJRHHGFAX87DA,許家段,432.01,非都市：一般農業區 ; 非都市編定：農牧用地,1,1,全筆移轉,04990000
RPSNMLMKOHHGFAX96DA,東澳段,56.14,都市：其他:住宅區,1,1,全筆移轉,02680003
RPOOMLKLPHHGFAX66DA,望安段,262.00,非都市：一般農業區 ; 非都市編定：農牧用地,1,1,全筆移轉,13380000
RPOOMLKLPHHGFAX66DA,望安段,165.00,非都市：鄉村區 ; 非都市編定：乙種建築用地,1,1,全筆移轉,13590000
RPUNMLSJOHHGFAX67DA,菓葉新段,752.67,非都市：一般農業區 ; 非都市編定：農牧用地,1,1,全筆移轉,14620000
RPUNMLSJOHHGFAX67DA,菓葉新段,56.54,非都市：一般農業區 ; 非都市編定：交通用地,1,1,全筆移轉,14710001
RPOOMLPLPHHGFAX17DA,風櫃西段,74.48,非都市：鄉村區 ; 非都市編定：乙種建築用地,1,1,全筆移轉,11540000
RPWNMLNKOHHGFAX47DA,海堤段,62.21,都市：其他:住宅區,1,1,全筆移轉,03030000
RPUNMLKKOHHGFAX96DA,興崁段,53.96,非都市：一般農業區 ; 非都市編定：農牧用地,1,1,全筆移轉,10810001
RPWNMLNKOHHGFAX47DA,海堤段,25.36,都市：其他:住宅區,1,1,全筆移轉,03060000
RPWNMLNKOHHGFAX47DA,海堤段,2.99,都市：其他:住宅區,1,1,全筆移轉,03110000
RPVNMLNKOHHGFAX37DA,海堤段,61.61,都市：其他:道路用地,8,3,持分移轉,09130000
RPQOMLNKOHHGFAX96DA,五福段,310.17,非都市：一般農業區 ; 非都市編定：農牧用地,1,1,全筆移轉,00670000
RPQOMLNKOHHGFAX96DA,五福段,307.85,非都市：一般農業區 ; 非都市編定：農牧用地,1,1,全筆移轉,00670001
RPUNMLQJOHHGFAX47DA,許家段,364.37,非都市：一般農業區 ; 非都市編定：交通用地,2,1,持分移轉,06280000
RPTNMLRKOHHGFAX57DA,馬公段,70.00,都市：其他:商業區,1,1,全筆移轉,16080015
RPOOMLOKOHHGFAX86DA,二崁北段,4.47,非都市：一般農業區 ; 非都市編定：農牧用地,1,1,全筆移轉,09530000
RPOOMLOKOHHGFAX86DA,二崁北段,2207.45,非都市：一般農業區 ; 非都市編定：農牧用地,1,1,全筆移轉,10300000
RPOOMLOKOHHGFAX86DA,二崁北段,621.35,非都市：一般農業區 ; 非都市編定：農牧用地,1,1,全筆移轉,10310000
RPRNMLKKOHHGFAX76EA,湖西北段,1280.44,非都市：一般農業區 ; 非都市編定：農牧用地,1,1,全筆移轉,00960000
RPTNMLMLOHHGFAX17DA,馬公段,12.50,都市：其他:住宅區,2,1,持分移轉,21700000
RPTNMLMLOHHGFAX17DA,馬公段,15.25,都市：其他:住宅區,4,1,持分移轉,21710000
RPTNMLMLOHHGFAX17DA,馬公段,26.50,都市：其他:住宅區,2,1,持分移轉,21720000
RPWNMLMLOHHGFAX47DA,鼎灣新段,1139.44,非都市：一般農業區 ; 非都市編定：農牧用地,1,1,全筆移轉,06430000
RPWNMLMLOHHGFAX47DA,鼎灣新段,576.03,非都市：一般農業區 ; 非都市編定：交通用地,1,1,全筆移轉,06430001
RPTNMLLLOHHGFAX07DA,五福段,8.98,非都市：鄉村區 ; 非都市編定：乙種建築用地,21310416,591956,持分移轉,09640000
RPUNMLRKOHHGFAX67DA,文寮段,281.01,非都市：一般農業區 ; 非都市編定：農牧用地,1,1,全筆移轉,07440000
RPXNMLNLOHHGFAX67DA,五福段,1228.16,非都市：一般農業區 ; 非都市編定：農牧用地,24761,13506,持分移轉,05160000
RPXNMLKKOHHGFAX27DA,國宅段,333.59,都市：其他:道路用地,1,1,全筆移轉,04480000
RPUNMLMJOHHGFAX07DA,國宅段,60.04,都市：其他:道路用地,1,1,全筆移轉,04860000
RPVNMLOLOHHGFAX57DA,尖山中段,21.07,非都市：一般農業區 ; 非都市編定：交通用地,13,1,持分移轉,06240000
RPVNMLOLOHHGFAX57DA,尖山中段,95.99,非都市：一般農業區 ; 非都市編定：甲種建築用地,1,1,全筆移轉,06260000
RPUNMLOKOHHGFAX37DA,大池段,332.24,非都市：一般農業區 ; 非都市編定：農牧用地,1,1,全筆移轉,17160000
RPUNMLOKOHHGFAX37DA,大池段,528.14,非都市：一般農業區 ; 非都市編定：農牧用地,1,1,全筆移轉,17200000
RPVNMLMJOHHGFAX17DA,北極段,132.33,都市：其他:道路用地,1,1,全筆移轉,00390000
RPUNMLRLOHHGFAX77DA,南寮北段,11.78,非都市：一般農業區 ; 非都市編定：農牧用地,120,3,持分移轉,17490000
RPTNMLOLOHHGFAX37DA,尖山南段,368.50,非都市：一般農業區 ; 非都市編定：農牧用地,1,1,全筆移轉,04480000
RPUNMLOLOHHGFAX47DA,北極段,109.03,都市：其他:道路用地,1,1,全筆移轉,00320000
RPUNMLOLOHHGFAX47DA,北極段,44.00,都市：其他:道路用地,1,1,全筆移轉,00330000
RPUNMLOLOHHGFAX47DA,北極段,120.64,都市：其他:道路用地,1,1,全筆移轉,00340000
RPPNMLQLOHHGFAX17DA,文光段,27.09,都市：其他:住宅區,100000,327,持分移轉,00200000
RPPNMLQLOHHGFAX17DA,文光段,3.51,都市：其他:住宅區,100000,327,持分移轉,00540000
RPQOMLSLOHHGFAX57DA,五福段,63.23,非都市：鄉村區 ; 非都市編定：乙種建築用地,4,1,持分移轉,09570000
RPUNMLSLOHHGFAX87DA,許家段,70.43,非都市：一般農業區 ; 非都市編定：交通用地,7,1,持分移轉,06170009
RPXNMLSLOHHGFAX18DA,光華段,91.16,非都市：一般農業區 ; 非都市編定：農牧用地,1,1,全筆移轉,09160000
RPVNMLSLOHHGFAX97DA,成功北段,335.78,非都市：一般農業區 ; 非都市編定：農牧用地,100,23,持分移轉,08150000
RPQNMLSLOHHGFAX57EA,許家段,590.62,非都市：一般農業區 ; 非都市編定：特定目的事業用地,10,2,持分移轉,10790000
RPVNMLTLOHHGFAX08DA,文東段,57.34,非都市：鄉村區 ; 非都市編定：乙種建築用地,1,1,全筆移轉,15660000
RPQOMLTLOHHGFAX67DA,文化段,6.50,都市：其他:住宅區,1,1,全筆移轉,04680000
RPQOMLTLOHHGFAX67DA,文化段,.57,都市：其他:住宅區,1,1,全筆移轉,04690000
RPQOMLTLOHHGFAX67DA,文化段,2.60,都市：其他:住宅區,1,1,全筆移轉,04700000
RPVNMLKMOHHGFAX37EA,東澳段,116.81,都市：其他:住宅區,1,1,全筆移轉,02210002
RPSOMLSLOHHGFAX77DA,五福段,31.62,非都市：鄉村區 ; 非都市編定：乙種建築用地,8,1,持分移轉,09570000
RPTNMLLJPHHGFAX07EA,馬公段,10.31,都市：其他:住宅區,32,5,持分移轉,20790001
RPRNMLLJPHHGFAX86EA,湖東新段,684.34,非都市：鄉村區 ; 非都市編定：乙種建築用地,1,1,全筆移轉,02970000
RPTNMLLJOHHGFAX86DA,北極段,134.85,都市：其他:道路用地,1,1,全筆移轉,00630001
RPQNMLQLOHHGFAX27DA,五福段,69.37,非都市：一般農業區 ; 非都市編定：農牧用地,1420,1240,持分移轉,05720003
RPVNMLOJPHHGFAX47DA,埕東段,.80,都市：其他:市場用地,10000,156,持分移轉,04490000
RPVNMLOJPHHGFAX47DA,埕東段,17.75,都市：其他:市場用地,10000,156,持分移轉,04500000
RPPNMLPJPHHGFAX07EA,湖東新段,868.14,非都市：一般農業區 ; 非都市編定：農牧用地,1,1,全筆移轉,14000000
RPPNMLSLOHHGFAX37DA,五福段,31.62,非都市：鄉村區 ; 非都市編定：乙種建築用地,8,1,持分移轉,09570000
RPXNMLOJPHHGFAX67DA,竹篙灣段,3497.00,非都市：風景區 ; 非都市編定：農牧用地,1,1,全筆移轉,38030000
RPPNMLOJPHHGFAX96EA,太武新段,1259.23,非都市：一般農業區 ; 非都市編定：農牧用地,1,1,全筆移轉,02280000
RPPPMLOJPHHGFAX07DA,馬公段,44.00,都市：其他:商業區,1,1,全筆移轉,01030084
RPPOMLOJPHHGFAX96DA,竹灣段,789.10,非都市：一般農業區 ; 非都市編定：農牧用地,1,1,全筆移轉,09510000
RPPOMLOJPHHGFAX96DA,竹灣段,93.65,非都市：一般農業區 ; 非都市編定：交通用地,1,1,全筆移轉,09520000
RPPOMLOJPHHGFAX96DA,竹灣段,70.22,非都市：一般農業區 ; 非都市編定：交通用地,1,1,全筆移轉,09550000
RPPNMLKMOHHGFAX66DA,瓦硐南段,116.76,非都市：一般農業區 ; 非都市編定：農牧用地,6,1,持分移轉,01920000
RPPNMLKMOHHGFAX66DA,港子新段,25.92,非都市：鄉村區 ; 非都市編定：乙種建築用地,6,1,持分移轉,07980000
RPPNMLKMOHHGFAX66DA,港子新段,40.59,非都市：鄉村區 ; 非都市編定：乙種建築用地,6,1,持分移轉,08020000
RPPNMLKMOHHGFAX66DA,港子新段,210.27,非都市：一般農業區 ; 非都市編定：農牧用地,6,1,持分移轉,10130000
RPPNMLKMOHHGFAX66DA,岐頭段,80.33,非都市：一般農業區 ; 非都市編定：農牧用地,6,1,持分移轉,12810000
RPPNMLKMOHHGFAX66DA,港子新段,148.69,非都市：一般農業區 ; 非都市編定：農牧用地,6,1,持分移轉,15240000
RPPNMLKMOHHGFAX66DA,港子段,133.33,非都市：一般農業區 ; 非都市編定：農牧用地,6,1,持分移轉,17560000
RPQOMLOJPHHGFAX07DA,竹灣段,4.37,非都市：一般農業區 ; 非都市編定：交通用地,1,1,全筆移轉,09530000
RPQOMLOJPHHGFAX07DA,竹灣段,4.54,非都市：一般農業區 ; 非都市編定：交通用地,1,1,全筆移轉,09540000
RPVOMLOJPHHGFAX57DA,竹灣段,1197.49,非都市：一般農業區 ; 非都市編定：農牧用地,1,1,全筆移轉,18470000
RPWOMLOJPHHGFAX67DA,竹灣段,737.12,非都市：一般農業區 ; 非都市編定：農牧用地,1,1,全筆移轉,11820000
RPROMLTLOHHGFAX77DA,大池段,68.61,非都市：鄉村區 ; 非都市編定：乙種建築用地,1,1,全筆移轉,13780000
RPOOMLOJPHHGFAX86DA,竹篙灣段,2110.00,非都市：一般農業區 ; 非都市編定：農牧用地,1,1,全筆移轉,35400000
RPSNMLLJPHHGFAX96EA,林投南段,249.72,非都市：鄉村區 ; 非都市編定：乙種建築用地,1,1,全筆移轉,04950000
RPSNMLQJPHHGFAX47EA,光華段,53.12,非都市：鄉村區 ; 非都市編定：乙種建築用地,1,1,全筆移轉,08350000
RPPNMLQJPHHGFAX17EA,中衛段,240.21,都市：其他:農業區,1,1,全筆移轉,06650000
RPQNMLQJPHHGFAX27EA,二崁北段,1134.28,非都市：一般農業區 ; 非都市編定：農牧用地,1,1,全筆移轉,11870000
RPTNMLQJPHHGFAX57EA,西溪新段,708.20,非都市：一般農業區 ; 非都市編定：農牧用地,1,1,全筆移轉,16770000
RPVNMLQJOHHGFAX57DA,許家段,121.15,非都市：一般農業區 ; 非都市編定：農牧用地,1,1,全筆移轉,06290004
RPSNMLLKPHHGFAX07EA,文光段,.37,都市：其他:住宅區,1000,82,持分移轉,01050000
RPSNMLLKPHHGFAX07EA,文光段,27.43,都市：其他:住宅區,1000,82,持分移轉,01060000
RPOOMLLKPHHGFAX66DA,龍門北段,536.50,非都市：一般農業區 ; 非都市編定：農牧用地,1,1,全筆移轉,01150000
RPXNMLLKPHHGFAX47DA,龍門北段,498.18,非都市：一般農業區 ; 非都市編定：農牧用地,1,1,全筆移轉,01130000
RPOOMLSLOHHGFAX37DA,國宅段,4.51,都市：其他:道路用地,40,1,持分移轉,05200000
RPOOMLSLOHHGFAX37DA,國宅段,.38,都市：其他:道路用地,40,1,持分移轉,05310000
RPWNMLOLOHHGFAX67DA,國宅段,701.12,都市：其他:道路用地,1,1,全筆移轉,04620000
RPUOMLLKPHHGFAX27DA,四維段,43.94,非都市：鄉村區 ; 非都市編定：乙種建築用地,8,1,持分移轉,08920001
RPQOMLLKPHHGFAX86DA,龍門北段,1167.00,非都市：一般農業區 ; 非都市編定：農牧用地,1,1,全筆移轉,01160000
RPRNMLPJPHHGFAX27EA,隘門新段,15.17,非都市：鄉村區 ; 非都市編定：乙種建築用地,18,8,持分移轉,06650000
RPPOMLMKPHHGFAX86DA,北澳段,89.50,非都市：鄉村區 ; 非都市編定：乙種建築用地,1,1,全筆移轉,01580000
RPQOMLMKPHHGFAX96DA,文寮段,75.67,非都市：鄉村區 ; 非都市編定：乙種建築用地,2,1,持分移轉,10170000
RPOOMLMKPHHGFAX76DA,馬公段,75.00,都市：其他:住宅區,1,1,全筆移轉,01020043
RPUOMLPKPHHGFAX67DA,六合段,364.10,非都市：一般農業區 ; 非都市編定：農牧用地,4000,1293,持分移轉,02040000
SPUOMLPKPHHGFAX77DA,六合段,49.73,非都市：一般農業區 ; 非都市編定：交通用地,4,1,持分移轉,02040002
RPSOMLPKPHHGFAX57EA,北極段,71.24,都市：其他:商業區,2,1,持分移轉,07210000
RPTOMLLKPHHGFAX17DA,潭邊新段,2228.22,非都市：一般農業區 ; 非都市編定：農牧用地,1,1,全筆移轉,00620000
RPPOMLLKPHHGFAX76DA,國宅段,4.51,都市：其他:道路用地,40,1,持分移轉,05200000
RPPOMLLKPHHGFAX76DA,國宅段,.38,都市：其他:道路用地,40,1,持分移轉,05310000
RPOPMLOJPHHGFAX96DA,竹灣段,70.28,非都市：一般農業區 ; 非都市編定：交通用地,1,1,全筆移轉,19620000
RPQNMLLKPHHGFAX86EA,沙港北段,73.12,非都市：鄉村區 ; 非都市編定：乙種建築用地,18,6,持分移轉,15030000
RPUNMLSKPHHGFAX97EA,二崁南段,715.82,非都市：一般農業區 ; 非都市編定：農牧用地,1,1,全筆移轉,10350000
RPOOMLKMOHHGFAX66DA,國宅段,4.51,都市：其他:道路用地,40,1,持分移轉,05200000
RPOOMLKMOHHGFAX66DA,國宅段,.38,都市：其他:道路用地,40,1,持分移轉,05310000
RPQNMLSKPHHGFAX47DA,山水南段,912.13,非都市：一般農業區 ; 非都市編定：農牧用地,1,1,全筆移轉,03070000
RPQNMLSKPHHGFAX47DA,山水南段,3.07,非都市：一般農業區 ; 非都市編定：農牧用地,1,1,全筆移轉,03100000
RPVNMLLLOHHGFAX27DA,馬公段,146.00,都市：其他:乙種工業區,1,1,全筆移轉,05000002
RPVNMLLLOHHGFAX27DA,馬公段,435.00,都市：其他:商業區,1,1,全筆移轉,05010002
RPRNMLRKPHHGFAX47DA,山水北段,161.31,非都市：一般農業區 ; 非都市編定：甲種建築用地,1,1,全筆移轉,05350003
RPQNMLKKPHHGFAX66DA,埕東段,1.12,都市：其他:住宅區,10000,137,持分移轉,03750000
RPRNMLRKPHHGFAX47DA,山水北段,92.81,非都市：一般農業區 ; 非都市編定：交通用地,4,1,持分移轉,05350004
RPQNMLKKPHHGFAX66DA,埕東段,27.41,都市：其他:住宅區,10000,137,持分移轉,03780000
RPQNMLQLPHHGFAX47EA,山水東段,812.71,非都市：一般農業區 ; 非都市編定：農牧用地,1,1,全筆移轉,04380000
RPPPMLPKPHHGFAX27DA,二崁南段,232.94,非都市：一般農業區 ; 非都市編定：甲種建築用地,8,2,持分移轉,14460000
RPOOMLMLOHHGFAX76DA,林投南段,942.22,非都市：一般農業區 ; 非都市編定：農牧用地,1,1,全筆移轉,01980000
RPTNMLSKPHHGFAX87EA,赤崁北段,59.94,非都市：鄉村區 ; 非都市編定：乙種建築用地,1,1,全筆移轉,02280001
RPXNMLKLPHHGFAX47DA,成功南段,158.93,非都市：一般農業區 ; 非都市編定：農牧用地,7,1,持分移轉,10660000
RPSNMLPLPHHGFAX57EA,岐頭段,1915.00,非都市：一般農業區 ; 非都市編定：農牧用地,1,1,全筆移轉,11620000
RPXOMLLKPHHGFAX57DA,興仁段,243.12,非都市：鄉村區 ; 非都市編定：乙種建築用地,1,1,全筆移轉,15730000
RPXNMLSLPHHGFAX28DA,龍門北段,101.64,非都市：鄉村區 ; 非都市編定：乙種建築用地,1,1,全筆移轉,06690000
RPTNMLTLPHHGFAX97DA,東衛段,36.82,非都市：一般農業區 ; 非都市編定：交通用地,15,1,持分移轉,10170004
RPTNMLTLPHHGFAX97DA,東衛段,171.57,非都市：一般農業區 ; 非都市編定：甲種建築用地,1,1,全筆移轉,10170015
RPRNMLTLPHHGFAX77DA,成功南段,207.48,非都市：一般農業區 ; 非都市編定：農牧用地,1,1,全筆移轉,10700000
RPUNMLRKPHHGFAX77DA,山水西段,330.62,非都市：一般農業區 ; 非都市編定：農牧用地,10000,3699,持分移轉,03250000
RPRNMLQLPHHGFAX57EA,東澳段,21.44,都市：其他:住宅區,10000,135,持分移轉,05940000
RPVNMLMJQHHGFAX37DA,興仁南段,237.87,非都市：一般農業區 ; 非都市編定：礦業用地,3,1,持分移轉,03460000
RPVNMLMJQHHGFAX37DA,興仁南段,842.24,非都市：一般農業區 ; 非都市編定：礦業用地,3,1,持分移轉,03690000
RPUNMLLLPHHGFAX27DA,池東段,567.80,非都市：一般農業區 ; 非都市編定：殯葬用地,1,1,全筆移轉,01110000
RPUNMLLLPHHGFAX27DA,池東段,225.07,非都市：一般農業區 ; 非都市編定：農牧用地,1,1,全筆移轉,01120000
RPSNMLOKPHHGFAX27DA,通梁東段,238.06,非都市：一般農業區 ; 非都市編定：農牧用地,3,1,持分移轉,03690000
RPSNMLOKPHHGFAX27DA,通梁東段,63.03,非都市：一般農業區 ; 非都市編定：農牧用地,3,1,持分移轉,06000000
RPSNMLOKPHHGFAX27DA,通梁東段,66.38,非都市：一般農業區 ; 非都市編定：農牧用地,3,1,持分移轉,06120000
RPSNMLOKPHHGFAX27DA,通梁東段,116.36,非都市：一般農業區 ; 非都市編定：農牧用地,3,1,持分移轉,06190000
RPSNMLOKPHHGFAX27DA,通梁東段,87.43,非都市：一般農業區 ; 非都市編定：農牧用地,3,1,持分移轉,06200000
RPWNMLNJQHHGFAX57DA,安宅段,23.78,非都市：鄉村區 ; 非都市編定：乙種建築用地,1000,26,持分移轉,12350000
RPPNMLMJQHHGFAX76DA,竹篙灣段,2831.00,非都市：風景區 ; 非都市編定：農牧用地,1,1,全筆移轉,36180000
RPWNMLQKQHHGFAX97DA,馬公段,44.00,都市：其他:商業區,1,1,全筆移轉,01030094
RPUOMLLLQHHGFAX47DA,許家段,164.79,非都市：一般農業區 ; 非都市編定：甲種建築用地,1,1,全筆移轉,06170002
RPUOMLLLQHHGFAX47DA,許家段,71.13,非都市：一般農業區 ; 非都市編定：交通用地,4,1,持分移轉,06170013
RPTNMLTLOHHGFAX87DA,湖西南段,1382.08,非都市：一般農業區 ; 非都市編定：農牧用地,1,1,全筆移轉,09830000
RPSNMLTKQHHGFAX87DA,馬公段,12.50,都市：其他:住宅區,2,1,持分移轉,21700000
RPSNMLTKQHHGFAX87DA,馬公段,45.75,都市：其他:住宅區,4,3,持分移轉,21710000
RPSNMLTKQHHGFAX87DA,馬公段,26.50,都市：其他:住宅區,2,1,持分移轉,21720000
RPWNMLTJOHHGFAX97DA,山水東段,2907.35,非都市：一般農業區 ; 非都市編定：農牧用地,1,1,全筆移轉,06420000
RPXNMLMLQHHGFAX77DA,埕中段,92.18,都市：其他:住宅區,1,1,全筆移轉,07070000
RPUPMLLLQHHGFAX57DA,東澳段,116.28,都市：其他:住宅區,1,1,全筆移轉,02630000
RPPNMLMLQHHGFAX96DA,文石段,24.45,非都市：一般農業區 ; 非都市編定：交通用地,10,1,持分移轉,11660004
RPPNMLMLQHHGFAX96DA,文石段,150.00,非都市：一般農業區 ; 非都市編定：甲種建築用地,1,1,全筆移轉,11660007
RPPNMLMLQHHGFAX96DA,文石段,23.65,非都市：一般農業區 ; 非都市編定：交通用地,10,1,持分移轉,11660011
RPSNMLRJOHHGFAX37DA,上瓦硐段,738.42,非都市：一般農業區 ; 非都市編定：農牧用地,1,1,全筆移轉,00970000
RPPNMLRJOHHGFAX17EA,五福段,39.62,非都市：一般農業區 ; 非都市編定：農牧用地,192,3,持分移轉,07250000
RPPNMLRJOHHGFAX17EA,五福段,3.25,非都市：一般農業區 ; 非都市編定：農牧用地,192,3,持分移轉,07260000
RPPNMLRJOHHGFAX17EA,五福段,.16,非都市：一般農業區 ; 非都市編定：農牧用地,192,3,持分移轉,07270000
RPPNMLRJOHHGFAX17EA,四維段,6.91,非都市：一般農業區 ; 非都市編定：農牧用地,192,3,持分移轉,09740000
RPPNMLRJOHHGFAX17EA,四維段,3.95,非都市：鄉村區 ; 非都市編定：乙種建築用地,384,3,持分移轉,09790000
RPPNMLRJOHHGFAX17EA,四維段,3.56,非都市：一般農業區 ; 非都市編定：農牧用地,576,3,持分移轉,12040000
RPPNMLRJOHHGFAX17EA,四維段,10.21,非都市：一般農業區 ; 非都市編定：農牧用地,192,3,持分移轉,12810000
RPPNMLRJOHHGFAX17EA,四維段,8.87,非都市：一般農業區 ; 非都市編定：農牧用地,192,3,持分移轉,12820000
RPUNMLNKOHHGFAX27DA,中山段,21.45,都市：其他:住宅區,2,1,持分移轉,05750000
RPPNMLRJOHHGFAX17EA,四維段,4.14,非都市：一般農業區 ; 非都市編定：農牧用地,576,3,持分移轉,12970000
RPPNMLRJOHHGFAX17EA,四維段,1.06,非都市：一般農業區 ; 非都市編定：農牧用地,576,3,持分移轉,12980000
RPPNMLRJOHHGFAX17EA,四維段,9.96,非都市：一般農業區 ; 非都市編定：農牧用地,576,3,持分移轉,13150000
RPUNMLNKOHHGFAX27DA,中山段,74.97,都市：其他:住宅區,2,1,持分移轉,05790000
RPROMLKKOHHGFAX76DA,城北段,208.44,非都市：一般農業區 ; 非都市編定：農牧用地,290257,20844,持分移轉,09390000
RPXNMLNKOHHGFAX57DA,許家段,752.04,非都市：一般農業區 ; 非都市編定：農牧用地,1785,752,持分移轉,11950000
RPTOMLPLNHHGFAX47DA,南寮南段,1275.13,非都市：一般農業區 ; 非都市編定：農牧用地,1,1,全筆移轉,04830000
RPTNMLRJOHHGFAX47DA,南寮新段,2318.40,非都市：一般農業區 ; 非都市編定：農牧用地,1,1,全筆移轉,00400000
RPOOMLMJOHHGFAX56DA,北極段,46.59,都市：其他:住宅區,100000,5655,持分移轉,06660001
RPOOMLKKOHHGFAX09DA,文石段,69.05,非都市：一般農業區 ; 非都市編定：交通用地,12,8,持分移轉,02450004
RPOOMLKKOHHGFAX09DA,文石段,1122.85,非都市：一般農業區 ; 非都市編定：農牧用地,1,1,全筆移轉,02450005
RPOOMLKKOHHGFAX09DA,文石段,92.89,非都市：一般農業區 ; 非都市編定：交通用地,12,8,持分移轉,02450006
RPOOMLKKOHHGFAX09DA,文石段,82.84,非都市：一般農業區 ; 非都市編定：甲種建築用地,1,1,全筆移轉,02460000
RPOOMLKKOHHGFAX09DA,文石段,28.57,非都市：一般農業區 ; 非都市編定：交通用地,12,8,持分移轉,02460001
RPOOMLKKOHHGFAX09DA,文石段,139.56,非都市：一般農業區 ; 非都市編定：甲種建築用地,1,1,全筆移轉,02460002
RPOOMLKKOHHGFAX09DA,文石段,63.04,非都市：一般農業區 ; 非都市編定：甲種建築用地,1,1,全筆移轉,02460003
RPTNMLOKOHHGFAX27DA,興崁段,168.39,非都市：一般農業區 ; 非都市編定：甲種建築用地,1,1,全筆移轉,11750001
RPVNMLOKOHHGFAX47DA,文光段,193.09,都市：其他:住宅區,1,1,全筆移轉,10060001
RPTNMLOKOHHGFAX27DA,興崁段,30.49,非都市：一般農業區 ; 非都市編定：交通用地,23,1,持分移轉,11750004
RPVNMLPKOHHGFAX57DA,文光段,27.43,都市：其他:住宅區,100000,331,持分移轉,00200000
RPVNMLPKOHHGFAX57DA,文光段,3.55,都市：其他:住宅區,100000,331,持分移轉,00540000
RPWNMLOLNHHGFAX57DA,文化段,20.89,都市：其他:住宅區,9,1,持分移轉,04410000
RPWNMLQJOHHGFAX67DA,北極段,29.27,都市：其他:住宅區,100000,3553,持分移轉,06660001
RPUNMLPKOHHGFAX47DA,文光段,13.77,都市：其他:道路用地,4,1,持分移轉,03700000
RPUNMLPKOHHGFAX47DA,文光段,7.47,都市：其他:住宅區,4,1,持分移轉,04230000
RPUNMLPKOHHGFAX47DA,文光段,53.69,都市：其他:住宅區,4,1,持分移轉,04240000
RPUNMLOLNHHGFAX37DA,文化段,20.89,都市：其他:住宅區,9,1,持分移轉,04410000
RPWNMLQKOHHGFAX77DA,馬公段,36.00,都市：其他:住宅區,1,1,全筆移轉,16660022
RPWNMLQKOHHGFAX77DA,馬公段,18.00,都市：其他:住宅區,1,1,全筆移轉,16660025
RPXNMLOKOHHGFAX67DA,雙湖段,33.18,非都市：一般農業區 ; 非都市編定：農牧用地,24,2,持分移轉,04990000
RPXNMLOKOHHGFAX67DA,雙湖段,2.86,非都市：一般農業區 ; 非都市編定：農牧用地,24,2,持分移轉,05000000
RPWNMLKKOHHGFAX17DA,竹灣段,457.13,非都市：一般農業區 ; 非都市編定：農牧用地,1,1,全筆移轉,01300000
RPQNMLTKOHHGFAX47DA,文東段,202.52,非都市：一般農業區 ; 非都市編定：甲種建築用地,1,1,全筆移轉,14690005
RPSNMLQLNHHGFAX37DA,五福段,259.90,非都市：一般農業區 ; 非都市編定：甲種建築用地,1,1,全筆移轉,02950001
RPSNMLQLNHHGFAX37DA,五福段,45.91,非都市：一般農業區 ; 非都市編定：交通用地,8,1,持分移轉,02950004
RPXNMLMLOHHGFAX57DA,文東段,180.91,非都市：一般農業區 ; 非都市編定：殯葬用地,10,5,持分移轉,04710000
RPVNMLMLOHHGFAX37DA,機場段,227.33,非都市：一般農業區 ; 非都市編定：甲種建築用地,1,1,全筆移轉,06570001
RPVNMLMLOHHGFAX37DA,機場段,25.96,非都市：一般農業區 ; 非都市編定：交通用地,8,1,持分移轉,06570004
RPTNMLSKNHHGFAX57DA,六合段,56.08,非都市：一般農業區 ; 非都市編定：交通用地,100000,7130,持分移轉,02120004
RPTNMLSKNHHGFAX57DA,六合段,158.80,非都市：一般農業區 ; 非都市編定：甲種建築用地,1,1,全筆移轉,02120007
RPQOMLKKOHHGFAX66DA,文石段,154.12,非都市：一般農業區 ; 非都市編定：甲種建築用地,1,1,全筆移轉,13660003
RPQOMLKKOHHGFAX66DA,文石段,74.26,非都市：一般農業區 ; 非都市編定：交通用地,6,1,持分移轉,13660004
RPUNMLRKNHHGFAX57DA,五福段,852.59,非都市：一般農業區 ; 非都市編定：農牧用地,1,1,全筆移轉,00680000
RPOOMLOLNHHGFAX86DA,文化段,20.89,都市：其他:住宅區,9,1,持分移轉,04410000
RPVNMLRLOHHGFAX87DA,赤崁北段,84.25,非都市：鄉村區 ; 非都市編定：乙種建築用地,1,1,全筆移轉,00400000
RPWNMLSLOHHGFAX08DA,國宅段,985.14,非都市：一般農業區 ; 非都市編定：農牧用地,2,1,持分移轉,00310000
RPVNMLNLOHHGFAX47DA,許家段,161.88,非都市：一般農業區 ; 非都市編定：甲種建築用地,1,1,全筆移轉,06170010
RPVNMLNLOHHGFAX47DA,許家段,71.13,非都市：一般農業區 ; 非都市編定：交通用地,4,1,持分移轉,06170013
RPSOMLTLOHHGFAX87DA,山水南段,674.13,非都市：一般農業區 ; 非都市編定：農牧用地,1,1,全筆移轉,01190000
RPSOMLTLOHHGFAX87DA,山水南段,67.16,非都市：一般農業區 ; 非都市編定：農牧用地,1,1,全筆移轉,01200000
RPUNMLSKNHHGFAX67DA,六合段,55.98,非都市：一般農業區 ; 非都市編定：交通用地,100000,7118,持分移轉,02120004
RPUNMLSKNHHGFAX67DA,六合段,158.40,非都市：一般農業區 ; 非都市編定：甲種建築用地,1,1,全筆移轉,02120006
RPPOMLKMOHHGFAX76DA,鎖港南段,264.81,非都市：一般農業區 ; 非都市編定：甲種建築用地,1,1,全筆移轉,03730001
RPPOMLKMOHHGFAX76DA,鎖港南段,66.11,非都市：一般農業區 ; 非都市編定：交通用地,10000,2203,持分移轉,03730004
RPWNMLLJPHHGFAX27DA,白坑段,627.43,非都市：一般農業區 ; 非都市編定：農牧用地,1,1,全筆移轉,04640000
RPQOMLKMOHHGFAX86DA,赤崁中段,254.68,非都市：鄉村區 ; 非都市編定：乙種建築用地,1,1,全筆移轉,04310000
RPROMLKMOHHGFAX96DA,雙湖段,20.18,非都市：一般農業區 ; 非都市編定：交通用地,17,1,持分移轉,00740005
RPROMLKMOHHGFAX96DA,雙湖段,99.26,非都市：一般農業區 ; 非都市編定：甲種建築用地,1,1,全筆移轉,00740012
RPUNMLOJPHHGFAX37DA,五福段,108.70,非都市：一般農業區 ; 非都市編定：農牧用地,16,1,持分移轉,09010000
RPUOMLOLNHHGFAX47DA,文化段,20.89,都市：其他:住宅區,9,1,持分移轉,04410000
RPPOMLTLOHHGFAX57DA,竹灣段,179.38,非都市：一般農業區 ; 非都市編定：農牧用地,1,1,全筆移轉,01460000
RPOOMLKLNHHGFAX09DA,中衛段,77.57,非都市：鄉村區 ; 非都市編定：乙種建築用地,1,1,全筆移轉,15440000
RPQPMLOJPHHGFAX17DA,光榮段,157.45,都市：其他:住宅區,1,1,全筆移轉,07830000
RPQPMLOJPHHGFAX17DA,光榮段,159.97,都市：其他:住宅區,1,1,全筆移轉,07850000
RPOOMLKLNHHGFAX09DA,中衛段,4.96,非都市：一般農業區 ; 非都市編定：農牧用地,300000,18825,持分移轉,15490000
RPQPMLOJPHHGFAX17DA,光榮段,263.64,都市：其他:住宅區,1,1,全筆移轉,08580000
RPRNMLQJPHHGFAX37EA,龍門南段,829.41,非都市：一般農業區 ; 非都市編定：農牧用地,1,1,全筆移轉,05490000
RPOOMLSJPHHGFAX27DA,馬公段,18.00,都市：其他:住宅區,12,6,持分移轉,24290000
RPPNMLLKPHHGFAX76EA,馬公段,36.25,都市：其他:住宅區,10000,36,持分移轉,02010000
RPPNMLLKPHHGFAX76EA,馬公段,4.00,都市：其他:住宅區,10000,32,持分移轉,02010003
RPTOMLOLNHHGFAX37DA,文化段,20.89,都市：其他:住宅區,9,1,持分移轉,04410000
RPPOMLSJPHHGFAX37DA,馬公段,18.00,都市：其他:住宅區,12,6,持分移轉,24290000
RPWOMLPKPHHGFAX87DA,光榮段,16.46,都市：其他:商業區,10000,140,持分移轉,04960000
RPSNMLRKPHHGFAX57DA,興崁段,60.99,非都市：一般農業區 ; 非都市編定：交通用地,23,2,持分移轉,11750004
RPSNMLRKPHHGFAX57DA,興崁段,313.81,非都市：一般農業區 ; 非都市編定：甲種建築用地,1,1,全筆移轉,11750015
RPTNMLNKPHHGFAX27DA,五福段,40.48,非都市：鄉村區 ; 非都市編定：乙種建築用地,18,2,持分移轉,03930000
RPUNMLSKPHHGFAX87DA,鐵線段,192.65,非都市：一般農業區 ; 非都市編定：甲種建築用地,1,1,全筆移轉,06230003
RPROMLOLNHHGFAX17DA,文化段,20.89,都市：其他:住宅區,9,1,持分移轉,04410000
RPUNMLSKPHHGFAX87DA,鐵線段,6.07,非都市：一般農業區 ; 非都市編定：交通用地,1,1,全筆移轉,06230004
RPUNMLSKPHHGFAX87DA,鐵線段,35.43,非都市：一般農業區 ; 非都市編定：交通用地,8,1,持分移轉,06230005
RPWOMLOLNHHGFAX67DA,文化段,20.89,都市：其他:住宅區,9,1,持分移轉,04410000
RPVOMLOLNHHGFAX57DA,文化段,20.89,都市：其他:住宅區,9,1,持分移轉,04410000
RPXNMLMKPHHGFAX57DA,五福段,195.47,非都市：一般農業區 ; 非都市編定：農牧用地,260,20,持分移轉,07680000
RPPOMLSLOHHGFAX47DA,港子西段,934.45,非都市：一般農業區 ; 非都市編定：農牧用地,1,1,全筆移轉,00730000
RPPNMLQLPHHGFAX37EA,七美六段,101.28,非都市：一般農業區 ; 非都市編定：交通用地,1,1,全筆移轉,17580001
RPPOMLPLPHHGFAX27DA,山水南段,3336.84,非都市：一般農業區 ; 非都市編定：農牧用地,1,1,全筆移轉,01570000
RPXNMLRLPHHGFAX18DA,池西段,1272.95,非都市：一般農業區 ; 非都市編定：農牧用地,36,34,持分移轉,04820000
RPQNMLLLQHHGFAX96DA,山水南段,867.24,非都市：一般農業區 ; 非都市編定：農牧用地,1,1,全筆移轉,01140000
RPUNMLNLOHHGFAX37DA,鎖港西段,1.34,都市：其他:住宅區,1000,126,持分移轉,06870000
RPUNMLNLOHHGFAX37DA,鎖港西段,33.18,都市：其他:住宅區,1000,126,持分移轉,06880000
RPRNMLLLQHHGFAX07DA,山水南段,187.55,非都市：一般農業區 ; 非都市編定：農牧用地,1,1,全筆移轉,09320000
RPPNMLPJRHHGFAX27EA,赤崁中段,76.00,非都市：一般農業區 ; 非都市編定：農牧用地,3,1,持分移轉,10290000
RPPOMLKKOHHGFAX56DA,興崁段,1136.41,非都市：一般農業區 ; 非都市編定：農牧用地,1,1,全筆移轉,05510000
RPPOMLMJOHHGFAX66DA,北極段,50.96,都市：其他:住宅區,100000,6186,持分移轉,06660001
RPTNMLTJOHHGFAX67DA,光榮段,19.05,都市：其他:商業區,10000,162,持分移轉,04960000
RPTNMLPKOHHGFAX37DA,安宅段,196.31,非都市：一般農業區 ; 非都市編定：甲種建築用地,1,1,全筆移轉,01010001
RPWNMLTLMHHGFAX97DA,光華段,68.11,非都市：鄉村區 ; 非都市編定：乙種建築用地,1,1,全筆移轉,08930000
RPTNMLPKOHHGFAX37DA,安宅段,39.35,非都市：一般農業區 ; 非都市編定：交通用地,15,1,持分移轉,01010004
RPXNMLPKOHHGFAX77DA,七美三段,2049.12,非都市：一般農業區 ; 非都市編定：農牧用地,1,1,全筆移轉,22390000
RPTNMLOJNHHGFAX07DA,東衛段,167.99,非都市：一般農業區 ; 非都市編定：甲種建築用地,1,1,全筆移轉,07300002
RPPNMLTLNHHGFAX37DA,城北段,973.01,非都市：一般農業區 ; 非都市編定：農牧用地,1,1,全筆移轉,10030000
RPVNMLLMNHHGFAX27DA,馬公段,50.00,都市：其他:商業區,1,1,全筆移轉,03940000
RPUNMLTLOHHGFAX97DA,鎖港南段,262.28,都市：其他:住宅區,1,1,全筆移轉,06470000
RPOOMLLJPHHGFAX56DA,山水北段,152.98,非都市：一般農業區 ; 非都市編定：甲種建築用地,1,1,全筆移轉,08750003
RPOOMLLJPHHGFAX56DA,山水北段,66.83,非都市：一般農業區 ; 非都市編定：交通用地,5,1,持分移轉,08750004
RPWOMLLKPHHGFAX47DA,合界段,1240.08,非都市：一般農業區 ; 非都市編定：農牧用地,1,1,全筆移轉,00870000
RPTNMLLLPHHGFAX17DA,許家段,609.46,非都市：一般農業區 ; 非都市編定：農牧用地,1,1,全筆移轉,11970000
RPUNMLMLMHHGFAX07DA,鐵線段,976.25,非都市：一般農業區 ; 非都市編定：農牧用地,1,1,全筆移轉,06540000
RPXNMLNJQHHGFAX67DA,雙湖段,560.45,非都市：一般農業區 ; 非都市編定：農牧用地,1,1,全筆移轉,00790000
RPQNMLRKPHHGFAX37DA,赤馬一段,767.09,非都市：風景區 ; 非都市編定：農牧用地,1,1,全筆移轉,01200000
RPQNMLRKPHHGFAX37DA,赤馬一段,1725.93,非都市：風景區 ; 非都市編定：農牧用地,1,1,全筆移轉,01280000
RPQNMLRKPHHGFAX37DA,赤馬一段,596.23,非都市：風景區 ; 非都市編定：農牧用地,1,1,全筆移轉,01290000
RPQNMLRKPHHGFAX37DA,赤馬一段,10.31,非都市：風景區 ; 非都市編定：農牧用地,1,1,全筆移轉,01310000
RPQNMLRKPHHGFAX37DA,赤馬一段,16.76,非都市：風景區 ; 非都市編定：交通用地,1,1,全筆移轉,01320000
RPQNMLRKPHHGFAX37DA,赤馬一段,26.39,非都市：風景區 ; 非都市編定：交通用地,1,1,全筆移轉,01330000
RPQNMLRKPHHGFAX37DA,赤馬一段,2.64,非都市：風景區 ; 非都市編定：農牧用地,1,1,全筆移轉,01340000
RPVNMLMLPHHGFAX47DA,馬公段,100.00,都市：其他:商業區,1,1,全筆移轉,05820014
RPWNMLPKOHHGFAX67DA,雙湖段,776.31,非都市：一般農業區 ; 非都市編定：農牧用地,1,1,全筆移轉,08090001
RPWNMLPKQHHGFAX87DA,鐵線段,180.15,非都市：一般農業區 ; 非都市編定：甲種建築用地,1,1,全筆移轉,10680002
RPWNMLPKQHHGFAX87DA,鐵線段,14.88,非都市：一般農業區 ; 非都市編定：交通用地,9921,1488,持分移轉,10680004
RPUNMLQKOHHGFAX57DA,五福段,71.10,非都市：鄉村區 ; 非都市編定：乙種建築用地,462,154,持分移轉,04670000
RPTNMLKKOHHGFAX86DA,山水北段,1240.02,非都市：一般農業區 ; 非都市編定：農牧用地,1,1,全筆移轉,07360000
RPQNMLOJPHHGFAX07EA,四維段,358.42,非都市：一般農業區 ; 非都市編定：農牧用地,1,1,全筆移轉,04880000
RPRNMLOJPHHGFAX17EA,菓葉新段,222.36,非都市：一般農業區 ; 非都市編定：農牧用地,1,1,全筆移轉,19040000
RPRNMLOJPHHGFAX17EA,菓葉新段,395.15,非都市：一般農業區 ; 非都市編定：農牧用地,1,1,全筆移轉,19080000
RPPNMLRJPHHGFAX27EA,七美一段,269.06,非都市：一般農業區 ; 非都市編定：農牧用地,2,1,持分移轉,01370000
RPTNMLLKPHHGFAX17EA,中屯新段,43.56,非都市：鄉村區 ; 非都市編定：乙種建築用地,2,1,持分移轉,15330000
RPSOMLLKPHHGFAX07DA,下瓦硐段,404.57,非都市：一般農業區 ; 非都市編定：農牧用地,1,1,全筆移轉,05350000
RPPNMLOKPHHGFAX07EA,成功北段,335.02,非都市：一般農業區 ; 非都市編定：農牧用地,1,1,全筆移轉,00820000
RPRNMLSJPHHGFAX57EA,國宅段,1198.29,非都市：一般農業區 ; 非都市編定：農牧用地,1,1,全筆移轉,02020000
RPRNMLSLPHHGFAX77EA,七美一段,340.02,非都市：一般農業區 ; 非都市編定：農牧用地,3,1,持分移轉,03830000
RPWNMLMLPHHGFAX57DA,光榮段,82.86,都市：其他:住宅區,2,1,持分移轉,01610000
RPWNMLMLPHHGFAX57DA,光榮段,36.68,都市：其他:住宅區,10,1,持分移轉,01730000
RPWNMLMLPHHGFAX57DA,光榮段,49.73,都市：其他:住宅區,1,1,全筆移轉,01750000
RPRNMLLKPHHGFAX96EA,橫礁新段,246.03,非都市：一般農業區 ; 非都市編定：甲種建築用地,1,1,全筆移轉,07840000
RPPNMLLLPHHGFAX86EA,城北段,478.35,非都市：一般農業區 ; 非都市編定：農牧用地,1,1,全筆移轉,06430000
RPPNMLMLQHHGFAX07EA,北寮新段,42.04,非都市：鄉村區 ; 非都市編定：乙種建築用地,3,1,持分移轉,01540000
RPVNMLLLQHHGFAX47DA,五福段,.90,非都市：鄉村區 ; 非都市編定：乙種建築用地,840,3,持分移轉,04490000
RPPNMLNLQHHGFAX17EA,七美二段,46.18,非都市：一般農業區 ; 非都市編定：農牧用地,3,1,持分移轉,02990000
RPUNMLLLQHHGFAX37DA,五福段,.90,非都市：鄉村區 ; 非都市編定：乙種建築用地,840,3,持分移轉,04490000
RPXNMLLLQHHGFAX67DA,五福段,1.50,非都市：鄉村區 ; 非都市編定：乙種建築用地,3528,27,持分移轉,04840000
RPTNMLLLQHHGFAX27DA,五福段,3.05,非都市：鄉村區 ; 非都市編定：乙種建築用地,756,7,持分移轉,09310000
RPWNMLLLQHHGFAX57DA,五福段,1.05,非都市：鄉村區 ; 非都市編定：乙種建築用地,1680,7,持分移轉,04490000
RPOOMLLLQHHGFAX86DA,五福段,1.50,非都市：鄉村區 ; 非都市編定：乙種建築用地,392,3,持分移轉,04840000
RPSNMLLLQHHGFAX17DA,五福段,2.62,非都市：鄉村區 ; 非都市編定：乙種建築用地,252,2,持分移轉,09310000
RPPNMLMKOHHGFAX66DA,五福段,2.62,非都市：鄉村區 ; 非都市編定：乙種建築用地,252,2,持分移轉,09310000
RPQOMLLLQHHGFAX07DA,鎖港南段,232.20,非都市：一般農業區 ; 非都市編定：甲種建築用地,1,1,全筆移轉,03730003
RPQOMLLLQHHGFAX07DA,鎖港南段,57.98,非都市：一般農業區 ; 非都市編定：交通用地,10000,1932,持分移轉,03730004
RPPOMLLLQHHGFAX96DA,五福段,1.75,非都市：鄉村區 ; 非都市編定：乙種建築用地,784,7,持分移轉,04840000
RPSNMLSJQHHGFAX67DA,西澳段,193.12,都市：其他:住宅區,1,1,全筆移轉,06980000
RPRNMLSJQHHGFAX57DA,西澳段,193.12,,1,1,全筆移轉,06980001
RPVNMLLKPHHGFAX27DA,文石段,3763.00,非都市：一般農業區 ; 非都市編定：農牧用地,1,1,全筆移轉,11630000
RPPOMLNLQHHGFAX17DA,馬公段,98.00,都市：其他:商業區,1,1,全筆移轉,21750000
RPVNMLRKOHHGFAX77DA,池東段,121.34,非都市：鄉村區 ; 非都市編定：乙種建築用地,1,1,全筆移轉,05350000
RPXNMLTKPHHGFAX28DA,馬公段,206.00,都市：其他:住宅區,1,1,全筆移轉,18270000
RPWNMLNLOHHGFAX57DA,興仁南段,77.33,非都市：一般農業區 ; 非都市編定：交通用地,1,1,全筆移轉,00270000
RPWNMLNLOHHGFAX57DA,興仁南段,184.11,非都市：一般農業區 ; 非都市編定：農牧用地,1,1,全筆移轉,00280000
RPWNMLNLOHHGFAX57DA,興仁南段,169.72,非都市：一般農業區 ; 非都市編定：農牧用地,1,1,全筆移轉,00290001
RPWNMLNLOHHGFAX57DA,興仁南段,810.00,非都市：風景區 ; 非都市編定：農牧用地,1,1,全筆移轉,00400000
RPVOMLPKPHHGFAX77DA,文澳段,67.00,都市：其他:商業區,1,1,全筆移轉,23550001
RPUNMLKKQHHGFAX17DA,文寮段,157.67,非都市：一般農業區 ; 非都市編定：甲種建築用地,1,1,全筆移轉,03370003
RPUNMLKKQHHGFAX17DA,文寮段,10.81,非都市：一般農業區 ; 非都市編定：交通用地,9,1,持分移轉,03370004
RPUNMLKLPHHGFAX17DA,山水南段,1028.19,非都市：一般農業區 ; 非都市編定：農牧用地,1,1,全筆移轉,02220000
RPWNMLQLPHHGFAX97DA,成功南段,28.44,非都市：一般農業區 ; 非都市編定：交通用地,14,1,持分移轉,13140000
RPWNMLQLPHHGFAX97DA,成功南段,153.39,非都市：一般農業區 ; 非都市編定：甲種建築用地,1,1,全筆移轉,13190000
RPOOMLNKOHHGFAX76DA,埕東段,79.08,都市：其他:住宅區,1,1,全筆移轉,07310000
