﻿編號,車位類別,車位價格,車位面積平方公尺,車位所在樓層
Serial number,berth category,berth price,berth area square meter,
RPWNMLMLQHHGFAX67DA,一樓平面,0,,一樓
RPVOMLLKPHHGFAX37DA,升降機械,0,,地下一樓
RPVNMLNLQHHGFAX67DA,一樓平面,0,,一樓
RPUOMLLKPHHGFAX27DA,一樓平面,0,,一樓
RPQNMLKKPHHGFAX66DA,坡道平面,0,,地下一樓
RPOOMLMJOHHGFAX56DA,一樓平面,0,,一樓
RPVNMLPKOHHGFAX57DA,坡道平面,0,,地下二樓
RPWNMLQJOHHGFAX67DA,一樓平面,0,,一樓
RPWOMLPKPHHGFAX87DA,坡道機械,0,,地下一樓
RPPOMLMJOHHGFAX66DA,一樓平面,0,,一樓
RPTNMLTJOHHGFAX67DA,坡道平面,0,,地下一樓
