﻿編號,土地位置,土地移轉面積(平方公尺),使用分區或編定,權利人持分分母,權利人持分分子,移轉情形,地號
The serial number, land position,land shifting area square meter,the use zoning or compiles and checks,,,,land parcel
RPPNMLOLOHHGFAZ17DA,清水段,82.08,,4,1,持分移轉,09120000
RPPNMLNKOHHGFAZ96DA,清水段,283.74,,1,1,全筆移轉,03650000
RPPNMLKLNHHGFAZ66DA,橋仔段,133.29,,1,1,全筆移轉,01260000
RPPNMLKLNHHGFAZ66DA,橋仔段,.03,,1,1,全筆移轉,01260001
RPPNMLNLOHHGFAZ07DA,午沙段,46.45,,1,1,全筆移轉,00670000
RPPNMLNLOHHGFAZ07DA,午沙段,154.52,,1,1,全筆移轉,00680000
RPPNMLNLOHHGFAZ07DA,白沙段,20.52,,1,1,全筆移轉,02420000
RPPNMLNLOHHGFAZ07DA,福沃段,25.82,,1,1,全筆移轉,03750000
