﻿編號,土地位置,土地移轉面積(平方公尺),使用分區或編定,權利人持分分母,權利人持分分子,移轉情形,地號
The serial number, land position,land shifting area square meter,the use zoning or compiles and checks,,,,land parcel
RPVNMLLJNHMFFCL09CC,忠孝段,3093.00,都市：住,,,,04720000
RPQNMLMJNHMFFAB47CC,公館段,1.46,都市：住,,,,00620001
RPQNMLMJNHMFFAB47CC,公館段,1.27,都市：住,,,,00630001
RPQPMLLJNHMFFCB77CC,下石碑段,95.00,都市：住,,,,09770039
RPRPMLLJNHMFFCB87CC,西屯段,74.00,都市：住,,,,13640000
RPWNMLLJNHMFFCL66DC,西建段,115.23,都市：住,,,,04070007
RPPPMLLJNHMFFCB67CC,下石碑段,95.00,都市：商,,,,09770039
RPORMLMJNHMFFCB87CC,大新段,289.26,都市：住,,,,06640000
RPQRMLMJNHMFFCB08CC,龍富段,485.66,都市：住,,,,00890000
RPXOMLLJNHMFFCB48DC,下石碑段,25.20,都市：住,,,,16910000
RPWNMLLJNHMFFBB08CC,東義段,22.94,都市：住,,,,00700000
RPRNMLMJNHMFFBB67CC,太和段,20.76,都市：住,,,,00280001
RPQNMLNJNHMFFBB67CC,軍福段,27.23,都市：住,,,,02820000
RPTNMLNJNHMFFBB97CC,文正段,95.98,都市：商,,,,01020000
RPPPMLNJNHMFFBB77CC,東山段,22.52,都市：住,,,,00610000
RPWPMLNJNHMFFAB38CC,樹子腳段,1.93,都市：住,,,,00390000
RPPOMLNJNHMFFAL58CC,中陽段,25.33,都市：住,,,,04950000
RPPOMLNJNHMFFAL58CC,中陽段,4.72,都市：住,,,,04950006
RPPOMLNJNHMFFAL58CC,中陽段,53.12,都市：住,,,,04950007
RPQOMLNJNHMFFAL68CC,中陽段,2.53,都市：住,,,,04950000
RPQOMLNJNHMFFAL68CC,中陽段,.47,都市：住,,,,04950006
RPQOMLNJNHMFFAL68CC,中陽段,5.31,都市：住,,,,04950007
RPROMLNJNHMFFAL78CC,中陽段,25.33,都市：住,,,,04950000
RPROMLNJNHMFFAL78CC,中陽段,4.72,都市：住,,,,04950006
RPROMLNJNHMFFAL78CC,中陽段,53.12,都市：住,,,,04950007
RPPOMLOJNHMFFAB77DC,公館段,1.48,都市：住,,,,00620001
RPPOMLOJNHMFFAB77DC,公館段,1.29,都市：住,,,,00630001
RPQOMLOJNHMFFAB77CC,建國段五小段,.00,都市：商,,,,00140006
RPQOMLOJNHMFFAB77CC,建國段五小段,.00,都市：其他:道路用地,,,,00140007
RPRNMLOJNHMFFAB77CC,練武段,4404.01,都市：其他:,,,,10730000
RPOPMLOJNHMFFBB77CC,東光段,12.52,都市：商,,,,01930000
RPTPMLOJNHMFFCB38CC,惠民段,2033.48,都市：住,,,,00840000
RPWPMLOJNHMFFCB68CC,惠民段,2033.48,都市：住,,,,00840000
RPXPMLOJNHMFFCB78CC,中正段,4023.00,都市：住,,,,01550000
RPPRMLOJNHMFFCB18CC,惠國段,14.04,都市：其他:新市政專區,,,,00770000
RPQRMLOJNHMFFCB28CC,大進段,24.90,都市：住,,,,06170000
RPSQMLOJNHMFFCB48DC,上石碑段,5.28,都市：住,,,,13010000
RPTQMLOJNHMFFCB58DC,中仁段,4.98,都市：住,,,,02490000
RPRQMLNJNHMFFCB18CC,惠安段,10.31,都市：商,,,,01680000
RPTQMLNJNHMFFCB38CC,大進段,.00,都市：商,,,,05770000
RPTOMLNJNHMFFCB18CC,大明段,53.04,都市：住,,,,00420000
RPTOMLNJNHMFFCB18CC,大明段,48.87,都市：住,,,,00420000
RPPOMLNJNHMFFCB77CC,中和段,19.67,都市：商,,,,05740000
RPSNMLOJNHMFFCB08CC,中仁段,.00,都市：商,,,,03360000
RPPNMLNJNHMFFCB67CC,寶文段,1223.50,都市：工,,,,00530018
RPVRMLMJNHMFFCB58CC,大新段,14.39,都市：住,,,,08650000
RPPPMLNJNHMFFCB87CC,惠泰段,76.38,都市：住,,,,00970072
RPPPMLNJNHMFFCB87CC,惠泰段,2.61,都市：住,,,,00970084
RPPPMLNJNHMFFCB87CC,惠泰段,76.38,都市：商,,,,00970083
RPQSMLMJNHMFFCB18CC,寶文段,3414.88,都市：工,,,,01460004
RPSTMLPJNHMFFCB78CC,惠民段,23.14,都市：住,,,,01170000
RPPTMLPJNHMFFCB48CC,國安段,5287.84,都市：住,,,,05930489
RPXOMLOJNHMFFBB68DC,松竹段,5.96,都市：住,,,,11850000
RPXPMLPJNHMFFBB78CC,崇德段,26.44,都市：住,,,,03680000
RPTOMLPJNHMFFBB28CC,邱厝子段,23.00,都市：住,,,,00210000
RPWNMLPJNHMFFBB48CC,東峰段,.00,都市：住,,,,02950000
RPPQMLPJNHMFFBB08CC,東新段,3.76,都市：住,,,,01530000
RPTNMLPJNHMFFFL96CC,家福段,67.40,都市：住,,,,08790000
RPRNMLRJNHMFFBB18CC,賴厝?段,.29,都市：商,,,,00310003
RPRNMLRJNHMFFBB18CC,邱厝子段,.23,都市：商,,,,00310062
RPQNMLRJNHMFFBB08CC,賴厝?段,3.19,都市：商,,,,00310003
RPQNMLRJNHMFFBB08CC,邱厝子段,2.56,都市：商,,,,00310062
RPSNMLRJNHMFFBB28CC,賴厝?段,3.34,都市：商,,,,00310003
RPSNMLRJNHMFFBB28CC,邱厝子段,2.68,都市：商,,,,00310062
RPOOMLPJNHMFFAB67CC,旱平段,43.44,都市：住,,,,06720000
RPWUMLPJNHMFFCB66CC,中正段,5.55,都市：住,,,,01550000
RPSVMLPJNHMFFCB98CC,何安段,5.86,都市：商,,,,09730000
RPPUMLPJNHMFFCB58CC,鑫港尾段,93.76,都市：住,,,,02440000
RPQVMLPJNHMFFCB78CC,中正段,6.27,都市：商,,,,01550000
RPOUMLPJNHMFFCB48CC,惠民段,17.44,都市：其他:第八種新市政中心專用區,,,,01430001
RPPVMLPJNHMFFCB68CC,中正段,6.36,都市：商,,,,01550000
RPRVMLPJNHMFFCB88CC,上石碑段,3.49,都市：商,,,,17900000
RPRVMLPJNHMFFCB88CC,上石碑段,3.12,都市：商,,,,18000007
RPXOMLSJNHMFFCB09CC,中正段,29.83,都市：住,,,,00720000
RPXOMLSJNHMFFCB09CC,中正段,29.83,都市：住,,,,00720001
RPRNMLSJNHMFFCB38CC,大墩段,.00,都市：住,,,,00640004
RPSNMLSJNHMFFCB48CC,大墩段,.00,都市：住,,,,00640004
RPWNMLSJNHMFFAL17DC,豐洲北段,132.00,都市：工,,,,05580000
RPRNMLTJNHMFFFL27DC,帝君段,84.98,非都市：山坡地保育區 ; 非都市編定：丙種建築用地,,,,00280000
RPVNMLSJNHMFFBB78DC,東峰段,223.00,都市：其他:,,,,00050001
RPVSMLTJNHMFFCB76CC,下石碑段,30.35,都市：住,,,,16910000
RPOSMLTJNHMFFCB68CC,上石碑段,.00,都市：住,,,,27570000
RPTSMLTJNHMFFCB56CC,惠民段,10.82,都市：其他:第六種新市政中心專用區,,,,01090000
RPTQMLTJNHMFFCB98CC,中仁段,42.42,都市：住,,,,05620000
RPXSMLTJNHMFFCB96CC,大墩段,7.97,都市：住,,,,04700000
RPTNMLTJNHMFFHL57CC,德興段,21.74,都市：住,,,,00020000
RPVNMLTJNHMFFHL77CC,長安段,44.61,非都市：鄉村區 ; 非都市編定：乙種建築用地,,,,00850000
RPWNMLTJNHMFFAL17CC,柑宅段,96.92,都市：住,,,,08070000
RPQOMLTJNHMFFAL66CC,安康段,88.35,都市：住,,,,06880000
RPVOMLKKNHMFFCL56CC,梧棲段,1125.00,都市：商,,,,27950001
RPTNMLRJNHMFFBB38CC,賴厝?段,3.20,都市：商,,,,00310003
RPTNMLRJNHMFFBB38CC,邱厝子段,2.57,都市：商,,,,00310062
RPXPMLTJNHMFFBB56CC,松茂段,46.28,都市：住,,,,10760000
RPUNMLRJNHMFFBB48CC,賴厝?段,2.97,都市：商,,,,00310003
RPUNMLRJNHMFFBB48CC,邱厝子段,2.39,都市：商,,,,00310062
RPXNMLRJNHMFFBB78CC,東峰段,11.80,都市：商,,,,01580000
RPOPMLSJNHMFFBB18CC,錦村段,10.81,都市：住,,,,02130086
RPVNMLRJNHMFFBB58CC,賴厝?段,3.23,都市：商,,,,00310003
RPVNMLRJNHMFFBB58CC,邱厝子段,2.59,都市：商,,,,00310062
RPOTMLTJNHMFFCB78CC,田心段,50.09,都市：住,,,,15710000
RPPSMLLKNHMFFCB08CC,永安段,2646.25,都市：農,,,,01980002
RPPPMLKKNHMFFCB67CC,大新段,625.00,都市：商,,,,06780000
RPQNMLLKNHMFFBB67DC,平田段,69.00,都市：住,,,,03860064
RPXPMLMKNHMFFBB68DC,水湳段,47.00,都市：住,,,,04990000
RPXPMLMKNHMFFCB78DC,豐富段,129.41,都市：住,,,,03920000
RPTTMLMKNHMFFCB78DC,何厝段,974.05,都市：商,,,,00770064
RPQNMLMKNHMFFCL88DC,南勢坑段埔子小段,80.00,都市：住,,,,09850058
RPUNMLMKNHMFFGL07DC,大孝段,61.09,都市：住,,,,00390022
RPVPMLMKNHMFFAB28CC,後?子段,6.45,都市：住,,,,02250011
RPUPMLMKNHMFFAB18CC,後?子段,7.41,都市：住,,,,02250011
RPQPMLMKNHMFFAB77CC,旱新段,14.60,都市：商,,,,08090000
RPWPMLMKNHMFFAB38CC,城隍段九小段,11.16,都市：住,,,,00030014
RPWPMLMKNHMFFAB38CC,信義段九小段,6.93,都市：住,,,,00080000
RPUQMLMKNHMFFAB28CC,光明段六小段,.00,都市：住,,,,00090000
RPSQMLMKNHMFFAB08CC,旱平段,43.44,都市：住,,,,06720000
RPRQMLMKNHMFFAB97CC,樹子腳段,12.30,都市：住,,,,15700000
RPRQMLMKNHMFFAB97CC,樹子腳段,.02,都市：其他:道路用地,,,,15700004
RPPTMLMKNHMFFCB28CC,寶山段,17.47,都市：住,,,,12290000
RPTRMLKKNHMFFBB18CC,水源段,56.99,都市：商,,,,02230000
RPTRMLKKNHMFFBB18CC,水源段,.01,都市：商,,,,02250003
RPVQMLLKNHMFFBB38CC,東峰段,11.29,都市：商,,,,01580000
RPTQMLLKNHMFFBB18CC,賴厝?段,.29,都市：商,,,,00310003
RPTQMLLKNHMFFBB18CC,邱厝子段,.23,都市：商,,,,00310062
RPOQMLLKNHMFFBB67CC,賴厝?段,4.26,都市：商,,,,00310003
RPOQMLLKNHMFFBB67CC,邱厝子段,3.42,都市：商,,,,00310062
RPQWMLMKNHMFFCB68CC,田心段,79.00,都市：住,,,,16740007
RPQWMLMKNHMFFCB68CC,田心段,6.00,都市：住,,,,16830010
RPUOMLLKNHMFFBB08CC,長安段,70.00,都市：住,,,,04150004
RPPNMLNKNHMFFCB77CC,惠泰段,597.38,都市：住,,,,02230000
RPPOMLNKNHMFFBB77CC,水源段,44.00,都市：住,,,,00910028
RPWNMLNKNHMFFBB38CC,松茂段,82.00,都市：商,,,,09150000
RPPNMLNKNHMFFFL09CC,家福段,67.40,都市：住,,,,08790000
RPVNMLNKNHMFFBB28CC,陳平段,.32,都市：住,,,,18030057
RPVNMLNKNHMFFBB28CC,陳平段,19.88,都市：住,,,,18050090
RPVNMLNKNHMFFBB28CC,陳平段,76.00,都市：住,,,,18050093
RPVNMLNKNHMFFBB28CC,陳平段,.62,都市：住,,,,18050099
RPPNMLOKNHMFFBB77CC,賴厝?段,81.00,都市：其他:,,,,00070058
RPPNMLOKNHMFFBB77CC,賴厝?段,128.00,都市：其他:,,,,00070075
RPXNMLPKNHMFFBB68CC,太祥段,18.57,都市：住,,,,01000000
RPTOMLPKNHMFFBB38CC,太原段,25.62,都市：住,,,,01340000
RPPOMLPKNHMFFFL76CC,四德段,14.75,都市：住,,,,00900022
RPQOMLPKNHMFFFL86CC,學雅段,27.00,都市：住,,,,07070000
RPQOMLPKNHMFFFL86CC,學雅段,14.80,都市：住,,,,07060000
RPUOMLPKNHMFFCB58CC,惠國段,.00,都市：商,,,,01840000
RPSOMLPKNHMFFGL27DC,新榮泉段,38.61,都市：住,,,,01650000
RPORMLQKNHMFFCB38CC,惠來厝段,14.32,都市：住,,,,03150000
RPWPMLPKNHMFFCB88CC,上石碑段,20.36,都市：商,,,,09630000
RPOOMLRKNHMFFCL56CC,梧棲段,5.85,都市：商,,,,27850000
RPUNMLQKNHMFFBB48CC,東山段,81.00,都市：商,,,,03230005
RPVPMLRKNHMFFCB98CC,中仁段,.00,都市：住,,,,02420000
RPTUMLRKNHMFFCB66CC,協成段,4020.78,都市：工,,,,04640000
RPTUMLRKNHMFFCB66CC,協成段,3608.94,都市：工,,,,04650000
RPPSMLQKNHMFFAB38CC,土庫段,9.00,都市：住,,,,00330335
RPPSMLQKNHMFFAB38CC,土庫段,10.00,都市：住,,,,00330416
RPPSMLQKNHMFFAB38CC,土庫段,17.00,都市：住,,,,00330417
RPPSMLQKNHMFFAB38CC,土庫段,14.00,都市：住,,,,00330419
RPPSMLQKNHMFFAB38CC,土庫段,35.00,都市：住,,,,00350094
RPPSMLQKNHMFFAB38CC,土庫段,14.00,都市：住,,,,00350095
RPPSMLQKNHMFFAB38CC,土庫段,9.00,都市：住,,,,00350096
RPTNMLNKNHMFFAB97CC,公館段,1.40,都市：住,,,,00620001
RPTNMLNKNHMFFAB97CC,公館段,1.21,都市：住,,,,00630001
RPXNMLQKNHMFFAB68CC,麻園頭段,19.03,都市：住,,,,01300002
RPWRMLMKNHMFFAB58CC,土庫段,.00,都市：商,,,,02890000
RPWRMLMKNHMFFAB58CC,土庫段,.00,都市：住,,,,00010001
RPPOMLQKNHMFFAB97CC,麻園頭段,17.56,都市：住,,,,01300002
RPQOMLPKNHMFFAB97CC,樹子腳段,.00,都市：住,,,,16490000
RPVRMLMKNHMFFAB48CC,後?子段,.00,都市：住,,,,02170000
RPVNMLQKNHMFFAB48CC,麻園頭段,19.86,都市：住,,,,02910000
RPWNMLSKNHMFFAL17CC,豐南段,19.78,都市：住,,,,03810000
RPWNMLSKNHMFFAL17CC,豐南段,2.65,都市：住,,,,03820000
RPXNMLSKNHMFFAL27CC,安康段,89.98,都市：住,,,,05460004
RPXNMLSKNHMFFAL27CC,安康段,85.79,都市：住,,,,05460008
RPSPMLSKNHMFFBB68CC,賴厝?段,4.81,都市：商,,,,00310003
RPSPMLSKNHMFFBB68CC,邱厝子段,3.86,都市：商,,,,00310062
RPOPMLSKNHMFFGL27DC,湖日段,61.30,都市：住,,,,07380000
RPQOMLTKNHMFFCB68DC,民安段,20.63,都市：住,,,,19940012
RPQOMLTKNHMFFCB68DC,民安段,40.25,都市：住,,,,19940017
RPSNMLTKNHMFFBB58CC,東峰段,32.76,都市：住,,,,00570000
RPTNMLTKNHMFFBB68CC,松竹段,10.14,都市：住,,,,00180000
RPUNMLTKNHMFFBB78CC,東峰段,31.98,都市：住,,,,00570000
RPWOMLTKNHMFFBB09CC,賴厝?段,.14,都市：商,,,,00310003
RPWOMLTKNHMFFBB09CC,邱厝子段,.11,都市：商,,,,00310062
RPSQMLTKNHMFFBB88CC,賴厝?段,.14,都市：商,,,,00310003
RPSQMLTKNHMFFBB88CC,邱厝子段,.11,都市：商,,,,00310062
RPVQMLTKNHMFFBB56CC,賴厝?段,3.26,都市：商,,,,00310003
RPVQMLTKNHMFFBB56CC,邱厝子段,2.61,都市：商,,,,00310062
RPWNMLTKNHMFFBB98CC,東峰段,31.98,都市：住,,,,00570000
RPUOMLTKNHMFFBB88CC,陳平段,12.97,都市：商,,,,19260000
RPXRMLTKNHMFFCB96CC,惠順段,18.67,都市：商,,,,00580000
RPPOMLSKNHMFFCB38CC,惠民段,20.84,都市：其他:,,,,01380000
RPOOMLSKNHMFFCB28CC,大新段,92.00,都市：商,,,,08810012
RPTRMLTKNHMFFCB56CC,中正段,8.13,都市：商,,,,01550000
RPTNMLTKNHMFFCB78CC,大進段,.00,都市：住,,,,09920000
RPORMLTKNHMFFBB58CC,賴厝?段,.14,都市：商,,,,00310003
RPORMLTKNHMFFBB58CC,邱厝子段,.11,都市：商,,,,00310062
RPRRMLTKNHMFFBB88CC,東峰段,9.48,都市：商,,,,01580000
RPXQMLTKNHMFFBB76CC,賴厝?段,3.20,都市：商,,,,00310003
RPXQMLTKNHMFFBB76CC,邱厝子段,2.56,都市：商,,,,00310062
RPOPMLMLNHMFFBB77CC,東新段,8.27,都市：住,,,,00170000
RPPPMLMLNHMFFBB87CC,平田段,14.72,都市：住,,,,01000000
RPPPMLMLNHMFFBB87CC,平田段,2.72,都市：住,,,,01000001
RPPQMLMLNHMFFBB97CC,賴厝?段,.00,都市：商,,,,00250005
RPWNMLMLNHMFFCB48CC,南屯段,64.50,都市：住,,,,00860000
RPROMLMLNHMFFCB08CC,惠來厝段,5.87,都市：住,,,,03150000
RPOOMLMLNHMFFCB77CC,上石碑段,582.00,都市：住,,,,21670021
RPUOMLMLNHMFFCB38CC,惠民段,5.76,都市：其他:第六種新市政中心專用區,,,,01090000
RPVOMLMLNHMFFCB48CC,大進段,11.15,都市：住,,,,04890000
RPTOMLMLNHMFFBB28DC,錦村段,3.36,都市：住,,,,02960045
RPTOMLMLNHMFFBB28DC,水源段,5.31,都市：住,,,,03030005
RPWOMLMLNHMFFAB38CC,麻園頭段,12.37,都市：住,,,,01320000
RPXOMLNLNHMFFCB78CC,豐富段,26.10,都市：商,,,,01790000
RPPQMLNLNHMFFCB18CC,惠國段,12.33,都市：其他:新市政專區,,,,00770000
RPXPMLNLNHMFFCB88CC,福順段,6.10,都市：住,,,,01660000
RPXPMLNLNHMFFCB88CC,福順段,23.75,都市：住,,,,01670000
RPRQMLNLNHMFFCB38CC,惠民段,17.14,都市：其他:新市政中心專用區,,,,01110000
RPUQMLNLNHMFFCB68CC,惠國段,7.02,都市：其他:新市政專區,,,,00770000
RPORMLNLNHMFFCB18CC,惠民段,13.29,都市：其他:新市政中心專用區,,,,01110000
RPQRMLNLNHMFFCB38CC,惠國段,11.99,都市：其他:新市政專區,,,,00770000
RPXRMLNLNHMFFCB09CC,惠民段,10.20,都市：住,,,,01090000
RPSRMLNLNHMFFCB58CC,福安段,9.25,都市：住,,,,02250000
RPPSMLNLNHMFFCB38CC,惠民段,10.64,都市：住,,,,01090000
RPXOMLNLNHMFFBB68CC,東信段,26.83,都市：住,,,,00960000
RPOPMLNLNHMFFBB87CC,松茂段,33.56,都市：住,,,,09650000
RPORMLNLNHMFFBB08CC,東義段,4.60,都市：商,,,,00010000
RPSOMLNLNHMFFAB08CC,麻園頭段,15.46,都市：住,,,,00020242
RPPPMLOLNHMFFAB97CC,麻園頭段,84.00,都市：住,,,,01560031
RPQQMLOLNHMFFAB18CC,麻園頭段,14.92,都市：住,,,,01730023
RPRQMLOLNHMFFAB28CC,麻園頭段,53.57,都市：住,,,,01500000
RPVNMLNLNHMFFAL76DC,大洲段,23.23,都市：住,,,,03840000
RPXOMLOLNHMFFCB88CC,大新段,25.71,都市：住,,,,08650000
RPSOMLOLNHMFFCB38CC,惠國段,20.33,都市：其他:新市政專區,,,,01840000
RPTPMLOLNHMFFCB58CC,福順段,738.32,都市：住,,,,01460000
RPTPMLOLNHMFFCB58CC,福順段,738.31,都市：住,,,,01470000
RPXNMLOLNHMFFBB78DC,松觀段,13.09,都市：住,,,,03090000
RPXNMLOLNHMFFBB78DC,松觀段,.04,都市：住,,,,03090023
RPUNMLSKNHMFFAB58CC,大益段,.00,都市：住,,,,01920000
RPSNMLKLNHMFFAB67CC,下橋子頭段,1.72,都市：商,,,,02170014
RPXNMLKLNHMFFAB18CC,下橋子頭段,1.83,都市：商,,,,02170014
RPRNMLKLNHMFFAB57CC,下橋子頭段,1.76,都市：商,,,,02170014
RPSOMLMLNHMFFAB97CC,後?子段,6.09,都市：住,,,,02480015
RPVNMLKLNHMFFAB97CC,下橋子頭段,1.83,都市：商,,,,02170014
RPTNMLKLNHMFFAB77CC,下橋子頭段,3.84,都市：商,,,,02170014
RPOQMLPLNHMFFCB28CC,福安段,7.56,都市：商,,,,06400000
RPQQMLPLNHMFFCB48CC,中正段,9.49,都市：商,,,,01550000
RPPPMLPLNHMFFCB28CC,惠民段,.00,都市：其他:新一,,,,00920000
RPVPMLPLNHMFFCB88CC,中正段,6.36,都市：商,,,,01550000
RPXPMLPLNHMFFCB09CC,中正段,7.04,都市：商,,,,01550000
RPVQMLPLNHMFFCB98CC,上石碑段,3.49,都市：商,,,,17900000
RPVQMLPLNHMFFCB98CC,上石碑段,3.12,都市：商,,,,18000007
RPRQMLPLNHMFFCB58CC,中正段,6.72,都市：商,,,,01550000
RPOPMLPLNHMFFAB97CC,練武段,14.09,都市：住,,,,10730000
RPPOMLPLNHMFFAB08DC,旱平段,78.20,都市：商,,,,07100002
RPXOMLPLNHMFFAB78CC,立德段四小段,35.95,都市：住,,,,00010028
RPWQMLPLNHMFFCB09CC,中正段,6.71,都市：商,,,,01550000
RPRNMLPLNHMFFCL66CC,南簡段,82.00,都市：住,,,,03310013
RPSSMLPLNHMFFBB78CC,松茂段,120.00,都市：住,,,,03420000
RPWSMLPLNHMFFBB56CC,賴厝?段,.29,都市：商,,,,00310003
RPWSMLPLNHMFFBB56CC,邱厝子段,.23,都市：商,,,,00310062
RPVSMLPLNHMFFBB09CC,賴厝?段,.29,都市：商,,,,00310003
RPVSMLPLNHMFFBB09CC,邱厝子段,.23,都市：商,,,,00310062
RPVOMLQLNHMFFBB78CC,賴厝?段,.29,都市：商,,,,00310003
RPVOMLQLNHMFFBB78CC,邱厝子段,.23,都市：商,,,,00310062
RPTNMLQLNHMFFBB48CC,賴厝?段,.00,都市：住,,,,04370017
RPWPMLQLNHMFFBB98CC,東峰段,6.34,都市：商,,,,01580000
RPXOMLQLNHMFFBB98CC,賴厝?段,2.96,都市：商,,,,00310003
RPXOMLQLNHMFFBB98CC,邱厝子段,2.37,都市：商,,,,00310062
RPVNMLQLNHMFFBB68CC,賴厝?段,.00,都市：商,,,,02210038
RPRPMLQLNHMFFBB48CC,賴厝?段,4.75,都市：商,,,,00310003
RPRPMLQLNHMFFBB48CC,邱厝子段,3.82,都市：商,,,,00310062
RPUPMLQLNHMFFAB68CC,麻園頭段,10.00,都市：住,,,,01920029
RPUPMLQLNHMFFAB68CC,麻園頭段,15.00,都市：住,,,,01950027
RPUPMLQLNHMFFAB68CC,麻園頭段,92.00,都市：住,,,,01920040
RPQNMLQLNHMFFFL96CC,家興段,15.52,都市：住,,,,01000000
RPOOMLQLNHMFFIL17CC,龍目井段水裡社小段,98.00,都市：其他:,,,,03830016
RPQNMLQLNHMFFCL66CC,民生段,130.00,都市：工,,,,02610000
RPOQMLQLNHMFFBB28CC,東峰段,11.13,都市：商,,,,01580000
RPVNMLQLNHMFFGL67DC,合信段,71.92,非都市：鄉村區 ; 非都市編定：乙種建築用地,,,,01080000
RPVNMLQLNHMFFGL67DC,合信段,20.44,非都市：鄉村區 ; 非都市編定：乙種建築用地,,,,01090000
RPWNMLQLNHMFFCL27CC,市鎮南段,23.73,都市：商,,,,01080000
RPPQMLQLNHMFFAB28CC,麻園頭段,10.00,都市：住,,,,01920029
RPPQMLQLNHMFFAB28CC,麻園頭段,15.00,都市：住,,,,01950027
RPPQMLQLNHMFFAB28CC,麻園頭段,92.00,都市：住,,,,01920040
RPTNMLLMNHMFFFL86CC,中山段,23.93,都市：住,,,,02730000
RPSNMLLMNHMFFFL76CC,大富段,46.23,都市：住,,,,06260000
RPSNMLLMNHMFFFL76CC,大富段,11.87,都市：住,,,,06290000
RPTNMLSLNHMFFAB58CC,下橋子頭段,1.81,都市：商,,,,02170014
RPUNMLSLNHMFFAB68CC,下橋子頭段,1.79,都市：商,,,,02170014
RPQNMLSLNHMFFAB28CC,下橋子頭段,1.76,都市：商,,,,02170014
RPROMLLMNHMFFAB97DC,公館段,2.73,都市：住,,,,00640050
RPSRMLLMNHMFFBB38CC,乾溝子段,16.88,都市：住,,,,01700049
RPSRMLLMNHMFFBB38CC,乾溝子段,.48,都市：住,,,,01730011
RPROMLPLNHMFFGL17CC,中山段,.93,都市：住,,,,02050002
RPROMLPLNHMFFGL17CC,中山段,46.57,都市：住,,,,02060000
RPROMLPLNHMFFGL17CC,中山段,29.14,都市：住,,,,02050000
RPROMLPLNHMFFGL17CC,中山段,9.17,都市：住,,,,02050003
RPROMLPLNHMFFGL17CC,中山段,10.84,都市：住,,,,02040000
RPUOMLPLNHMFFGL47CC,中山段,10.96,都市：住,,,,02040000
RPUOMLPLNHMFFGL47CC,中山段,29.48,都市：住,,,,02050000
RPUOMLPLNHMFFGL47CC,中山段,.94,都市：住,,,,02050002
RPUOMLPLNHMFFGL47CC,中山段,9.27,都市：住,,,,02050003
RPUOMLPLNHMFFGL47CC,中山段,47.10,都市：住,,,,02060000
RPTOMLLMNHMFFAB18DC,公館段,1.20,都市：住,,,,00630001
RPTOMLLMNHMFFAB18DC,公館段,1.39,都市：住,,,,00620001
RPVQMLLMNHMFFCB78DC,中義段,7.19,都市：住,,,,09990000
RPPPMLLMNHMFFBB97DC,賴厝?段,6.74,都市：住,,,,03340000
RPPPMLLMNHMFFBB97DC,賴厝?段,6.74,都市：住,,,,03340000
RPRNMLLMNHMFFFL76DC,聖宮段,110.67,都市：住,,,,08050000
RPUOMLLMNHMFFCL86DC,銀聯段,101.00,都市：住,,,,00480004
RPRPMLQLNHMFFCB58CC,中正段,25.24,都市：住,,,,01550001
RPSQMLLJOHMFFCB18CC,信安段,88.01,都市：住,,,,08920000
RPOSMLLJOHMFFCB97CC,上石碑段,3.49,都市：商,,,,17900000
RPOSMLLJOHMFFCB97CC,上石碑段,3.12,都市：商,,,,18000007
RPSRMLLMNHMFFCB48CC,何安段,6.92,都市：住,,,,09730000
RPXQMLLMNHMFFCB88CC,黎明段,13.30,都市：住,,,,00310000
RPVRMLLJOHMFFCB58CC,上石碑段,3.41,都市：商,,,,17900000
RPVRMLLJOHMFFCB58CC,上石碑段,3.05,都市：商,,,,18000007
RPTRMLLMNHMFFCB58CC,田心段,22.76,都市：商,,,,10320000
RPQRMLLMNHMFFCB28CC,惠順段,18.66,都市：商,,,,01180000
RPORMLLMNHMFFCB08CC,三塊厝段,2.31,都市：住,,,,09940000
RPQQMLLJOHMFFBB87CC,賴厝?段,2.97,都市：商,,,,00310003
RPQQMLLJOHMFFBB87CC,邱厝子段,2.39,都市：商,,,,00310062
RPXOMLLJOHMFFBB38CC,東新段,3.84,都市：住,,,,01530000
RPOPMLLJOHMFFBB57CC,錦村段,21.54,都市：住,,,,02130075
RPTNMLLJOHMFFIL96CC,自治段,85.37,都市：住,,,,04230048
RPPNMLLJOHMFFCL58CC,梧棲段,982.00,都市：住,,,,31880000
RPVOMLMJOHMFFAB18CC,土庫段,.00,都市：住,,,,00190000
RPPNMLMJOHMFFCL68CC,光華段,77.28,都市：住,,,,03970002
RPPNMLOJOHMFFAB67CC,下橋子頭段,5.27,都市：商,,,,02170014
RPQNMLOJOHMFFAB77CC,下橋子頭段,1.77,都市：商,,,,02170014
RPRSMLLJOHMFFCB28CC,中正段,9.01,都市：商,,,,01550000
RPQSMLLJOHMFFCB18CC,中正段,7.20,都市：商,,,,01550000
RPQOMLPJOHMFFHL07CC,樹孝段,18.65,都市：住,,,,01210000
RPQOMLMJOHMFFBB77CC,景東段,87.43,都市：住,,,,03560001
RPXQMLLJOHMFFBB58CC,東峰段,9.15,都市：商,,,,01580000
RPWPMLPJOHMFFBB78CC,仁和段,31.34,都市：住,,,,08910000
RPTQMLLJOHMFFBB18CC,賴厝?段,3.44,都市：商,,,,00310003
RPTQMLLJOHMFFBB18CC,邱厝子段,2.76,都市：商,,,,00310062
RPVPMLPJOHMFFBB68CC,北屯段,71.00,都市：住,,,,00150002
RPRQMLLJOHMFFBB97CC,賴厝?段,4.67,都市：商,,,,00310003
RPRQMLLJOHMFFBB97CC,邱厝子段,3.75,都市：商,,,,00310062
RPVQMLLJOHMFFBB38CC,賴厝?段,4.28,都市：商,,,,00310003
RPVQMLLJOHMFFBB38CC,邱厝子段,3.43,都市：商,,,,00310062
RPQQMLPJOHMFFBB28CC,東山段,10.77,都市：住,,,,02560000
RPQPMLPJOHMFFCB28CC,大墩段,554.00,都市：住,,,,04220000
RPQQMLPJOHMFFCB38CC,下石碑段,17.63,都市：住,,,,09530000
RPVPMLPJOHMFFCB78CC,中和段,8.65,都市：住,,,,05740000
RPTQMLPJOHMFFCB68CC,惠民段,10.21,都市：其他:第六種新市政中心專用區,,,,01090000
RPPQMLPJOHMFFCB28CC,下石碑段,17.86,都市：住,,,,09530002
RPPNMLQJOHMFFBB97CC,北屯段,.00,都市：商,,,,04050051
RPPNMLQJOHMFFBB97CC,北屯段,.00,都市：商,,,,04060000
RPPNMLQJOHMFFBB97CC,北屯段,.00,都市：商,,,,04060026
RPPNMLQJOHMFFBB97CC,北屯段,.00,都市：商,,,,04060028
RPPNMLQJOHMFFBB97CC,北屯段,.00,都市：商,,,,04060027
RPQOMLQJOHMFFGL07CC,仁德段,80.48,都市：住,,,,04960000
RPROMLQJOHMFFCB38CC,國安段,130.17,都市：住,,,,03310000
RPWQMLPJOHMFFCB98CC,大墩段,9.64,都市：住,,,,04700000
RPSPMLQJOHMFFBB48CC,陳平段,691.00,都市：住,,,,07300002
RPROMLQJOHMFFGL17CC,新榮泉段,101.34,都市：住,,,,00920011
RPRRMLPJOHMFFCB58CC,惠國段,45.81,都市：住,,,,00460000
RPUNMLQJOHMFFGL37CC,九如段,19.75,都市：住,,,,05260000
RPVOMLQJOHMFFGL57CC,信義段,87.87,都市：住,,,,07220000
RPWNMLQJOHMFFAL07DC,豐陽段,61.88,都市：農,,,,02520000
RPPNMLRJOHMFFFL86CC,三和段,356.00,都市：工,,,,09480001
RPTNMLQJOHMFFAL76DC,豐村段,91.06,都市：工,,,,01870000
RPTNMLQJOHMFFAL76DC,豐村段,86.21,都市：工,,,,01880000
RPVNMLRJOHMFFCB78CC,惠民段,20.83,都市：其他:新市政中心專用區,,,,01380000
RPUOMLRJOHMFFBB78DC,同榮段,23.02,都市：住,,,,15210003
RPOOMLRJOHMFFAB97CC,大益段,3.17,都市：住,,,,05230001
RPOOMLRJOHMFFAB97CC,大益段,10.38,都市：住,,,,05230000
RPWNMLRJOHMFFCB88CC,惠民段,21.25,都市：其他:新市政中心專用區,,,,01430001
RPQOMLRJOHMFFCB38CC,大進段,.00,都市：住,,,,04890000
RPSOMLRJOHMFFCB58CC,寶文段,1750.82,都市：工,,,,06210021
RPSOMLRJOHMFFCB58CC,寶文段,1750.78,都市：工,,,,06210022
RPPPMLRJOHMFFAB18CC,大益段,80.00,都市：住,,,,00060012
RPWQMLRJOHMFFCB56CC,惠智段,9.40,都市：住,,,,01590000
RPOOMLSJOHMFFCB28CC,國安段,.00,都市：住,,,,00120015
RPUNMLSJOHMFFCB78CC,豐功段,.00,都市：住,,,,02270002
RPRQMLRJOHMFFCB68CC,上石碑段,13.79,都市：商,,,,26800000
RPVPMLSJOHMFFCB09CC,民安段,34.00,都市：住,,,,18700000
RPOQMLRJOHMFFCB38CC,保安段,14.19,都市：住,,,,04580000
RPUPMLSJOHMFFCB98CC,民安段,.00,都市：住,,,,18700001
RPSOMLSJOHMFFAB48CC,大益段,11.84,都市：住,,,,08850000
RPUPMLSJOHMFFAB78CC,下橋子頭段,16.84,都市：住,,,,03430004
RPUNMLSJOHMFFFL47CC,家福段,.00,都市：住,,,,13350000
RPUNMLSJOHMFFFL47CC,家福段,.00,都市：住,,,,13360000
RPQOMLSJOHMFFGL27CC,新義段,15.45,都市：住,,,,00090000
RPQNMLSJOHMFFHL27CC,樹孝段,8.19,都市：住,,,,17010000
RPQNMLSJOHMFFHL27CC,樹孝段,5.26,都市：住,,,,16900000
RPQNMLSJOHMFFHL27CC,樹孝段,.57,都市：住,,,,16940000
RPVNMLQJOHMFFAB58DC,半平厝段,7.35,都市：商,,,,09890000
RPSQMLTJOHMFFBB88CC,賴厝?段,.29,都市：商,,,,00310003
RPSQMLTJOHMFFBB88CC,邱厝子段,.23,都市：商,,,,00310062
RPPOMLSJOHMFFBB28CC,太和段,15.07,都市：住,,,,00890000
RPVPMLSJOHMFFBB98CC,仁德段,31.22,都市：住,,,,08450000
RPOQMLTJOHMFFBB48CC,賴厝?段,.29,都市：商,,,,00310003
RPOQMLTJOHMFFBB48CC,邱厝子段,.23,都市：商,,,,00310062
RPVNMLRJOHMFFBB68CC,乾溝子段,13.89,都市：住,,,,01700049
RPVQMLTJOHMFFBB56CC,賴厝?段,2.60,都市：商,,,,00310003
RPVQMLTJOHMFFBB56CC,邱厝子段,3.24,都市：商,,,,00310062
RPPSMLTJOHMFFBB78CC,賴厝?段,3.16,都市：商,,,,00310003
RPPSMLTJOHMFFBB78CC,邱厝子段,2.53,都市：商,,,,00310062
RPRSMLTJOHMFFBB98CC,東峰段,5.84,都市：商,,,,01580000
RPSRMLTJOHMFFBB98CC,中德段,5.39,都市：住,,,,00400000
RPOSMLTJOHMFFBB68CC,賴厝?段,2.49,都市：商,,,,00310003
RPOSMLTJOHMFFBB68CC,邱厝子段,3.11,都市：商,,,,00310062
RPSSMLTJOHMFFBB09CC,東峰段,9.24,都市：商,,,,01580000
RPTOMLPJOHMFFAB28CC,土庫段,191.37,都市：商,,,,00550010
RPQOMLPJOHMFFAB97CC,旱溪段,24.08,都市：住,,,,02720012
RPRNMLLKOHMFFBB77CC,東峰段,41.00,都市：商,,,,02550000
RPXRMLTJOHMFFCB96CC,中正段,5.99,都市：商,,,,01550000
RPQOMLTJOHMFFCB58CC,國安段,125.00,都市：住,,,,05930262
RPQOMLTJOHMFFCB58CC,國安段,22.50,都市：住,,,,05930233
RPPNMLLKOHMFFCB67CC,上石碑段,95.00,都市：住,,,,05440007
RPSQMLSJOHMFFCB88CC,福星段,30.25,都市：住,,,,00810000
RPSRMLTJOHMFFCB09CC,上石碑段,.00,都市：住,,,,05410000
RPXPMLSJOHMFFCB66CC,中正段,5.51,都市：住,,,,01550000
RPQSMLTJOHMFFCB98CC,中正段,5.87,都市：商,,,,01550000
RPOSMLTJOHMFFCB78CC,中正段,5.27,都市：商,,,,01550000
RPUQMLSJOHMFFCB09CC,大進段,25.37,都市：商,,,,08580000
RPROMLMKOHMFFCL09CC,銀聯段,101.00,都市：住,,,,00480004
RPVOMLMKOHMFFCL86CC,銀聯段,74.52,都市：住,,,,16680000
RPUOMLMKOHMFFCL76CC,銀聯段,101.00,都市：住,,,,00480003
RPUOMLMKOHMFFCB38CC,下石碑段,22.33,都市：住,,,,09530000
RPQNMLMKOHMFFAL78DC,安康段,113.29,都市：住,,,,08340000
RPVOMLMKOHMFFCB48CC,保安段,17.07,都市：住,,,,06360000
RPPPMLMKOHMFFCB97CC,上石碑段,19.18,都市：商,,,,09630000
RPTRMLNKOHMFFCB68CC,大墩段,27.10,都市：住,,,,04690000
RPUNMLNKOHMFFAL66DC,柑宅段,23.33,都市：住,,,,03530000
RPUNMLNKOHMFFAL66DC,三陽段,9.79,都市：住,,,,06750000
RPTOMLNKOHMFFBB28CC,文正段,37.45,都市：住,,,,01100012
RPRSMLMKOHMFFBB38CC,中清段,22.30,都市：住,,,,01130000
RPUOMLNKOHMFFBB38CC,東峰段,51.84,都市：商,,,,02550000
RPWRMLNKOHMFFBB88CC,松竹段,24.95,都市：住,,,,12330000
RPSOMLNKOHMFFBB18CC,和平段,1566.99,都市：住,,,,04520000
RPUSMLMKOHMFFBB68CC,東正段,.00,都市：住,,,,01380000
RPQNMLOKOHMFFBB97CC,水湳段,39.45,都市：住,,,,07450000
RPRRMLMKOHMFFBB28CC,中德段,2.58,都市：住,,,,04660000
RPSNMLLKOHMFFBB87CC,水源段,.33,都市：住,,,,02300550
RPSNMLLKOHMFFBB87CC,水源段,13.44,都市：住,,,,02300634
RPXNMLOKOHMFFAL96CC,三角子段,2772.00,都市：農,,,,00140000
RPRNMLOKOHMFFCL56CC,銀聯段,632.00,都市：住,,,,18160000
RPRNMLOKOHMFFCL56CC,銀聯段,1306.00,都市：住,,,,18170000
RPRNMLOKOHMFFCL56CC,銀聯段,1306.00,都市：住,,,,18180000
RPSNMLOKOHMFFHL17CC,東興段,17.39,都市：住,,,,01960000
RPROMLOKOHMFFGL07CC,涼傘樹段,21.54,都市：商,,,,00830157
RPTNMLOKOHMFFIL37CC,新東段,90.85,非都市：鄉村區 ; 非都市編定：乙種建築用地,,,,08540000
RPTNMLOKOHMFFCL76CC,竹林段竹林小段,17.00,都市：住,,,,03520040
RPTNMLOKOHMFFCL76CC,竹林段竹林小段,57.00,都市：住,,,,03520048
RPUNMLOKOHMFFIL47CC,自強段,98.62,非都市：鄉村區 ; 非都市編定：乙種建築用地,,,,00520000
RPUNMLOKOHMFFFL17CC,家興段,30.45,都市：住,,,,08730000
RPWNMLOKOHMFFCB68CC,大明段,.00,都市：住,,,,01390000
RPVNMLOKOHMFFCB58CC,中正段,8.49,都市：住,,,,01550000
RPVNMLOKOHMFFAB38CC,下橋子頭段,.00,都市：住,,,,02360311
RPXNMLOKOHMFFCB78CC,豐功段,.00,都市：住,,,,00360026
RPPQMLOKOHMFFCB28CC,惠民段,.00,都市：其他:新6-11,,,,01110000
RPVOMLOKOHMFFCB68CC,大新段,11.99,都市：住,,,,08650000
RPVPMLOKOHMFFCB78CC,田心段,.00,都市：住,,,,12890000
RPSNMLPKOHMFFCB38CC,永春段,496.00,都市：住,,,,01510000
RPOOMLPKOHMFFCB08CC,惠來厝段,5.32,都市：住,,,,03150000
RPRNMLPKOHMFFAB08CC,尚武段,19.20,都市：住,,,,08190000
RPTOMLPKOHMFFGL37CC,興祥段,86.26,都市：住,,,,07260003
RPTQMLPKOHMFFBB68CC,賴厝?段,.21,都市：商,,,,00310003
RPTQMLPKOHMFFBB68CC,邱厝子段,.17,都市：商,,,,00310062
RPVQMLPKOHMFFBB88CC,賴厝?段,.21,都市：商,,,,00310003
RPVQMLPKOHMFFBB88CC,邱厝子段,.17,都市：商,,,,00310062
RPQQMLOKOHMFFBB28CC,乾溝子段,75.00,都市：住,,,,01560053
RPTPMLPKOHMFFBB58CC,邱厝子段,44.77,都市：住,,,,00200000
RPWQMLPKOHMFFBB98CC,賴厝?段,.29,都市：商,,,,00310003
RPWQMLPKOHMFFBB98CC,邱厝子段,.23,都市：商,,,,00310062
RPUQMLPKOHMFFBB78CC,賴厝?段,.29,都市：商,,,,00310003
RPUQMLPKOHMFFBB78CC,邱厝子段,.23,都市：商,,,,00310062
RPQRMLOKOHMFFBB38CC,乾溝子段,.00,都市：住,,,,01700049
RPQRMLOKOHMFFBB38CC,乾溝子段,.00,都市：住,,,,01730011
RPXQMLPKOHMFFBB09CC,賴厝?段,.14,都市：商,,,,00310003
RPXQMLPKOHMFFBB09CC,邱厝子段,.11,都市：商,,,,00310062
RPXOMLPKOHMFFCB98CC,中正段,5.99,都市：商,,,,01550000
RPQOMLPKOHMFFCB28CC,福德段,20.10,都市：商,,,,01850000
RPPNMLPKOHMFFFL86DC,大富段,12.16,都市：農,,,,02710008
RPPNMLPKOHMFFFL86DC,大富段,73.10,都市：農,,,,02710011
RPPOMLQKOHMFFAL56DC,豐原段,62.00,都市：商,,,,08880008
RPPOMLQKOHMFFAL56DC,豐原段,36.00,都市：商,,,,08890024
RPQOMLQKOHMFFCB48DC,三塊厝段,91.94,都市：住,,,,11550000
RPTOMLQKOHMFFBB58CC,東義段,12.97,都市：住,,,,00400000
RPVSMLPKOHMFFBB09CC,賴厝?段,3.27,都市：商,,,,04380001
RPUSMLPKOHMFFBB98CC,賴厝?段,3.47,都市：商,,,,00310003
RPUSMLPKOHMFFBB98CC,邱厝子段,2.79,都市：商,,,,00310062
RPVTMLPKOHMFFBB56CC,東峰段,5.84,都市：商,,,,01580000
RPPRMLPKOHMFFBB38CC,賴厝?段,3.21,都市：商,,,,00310003
RPPRMLPKOHMFFBB38CC,邱厝子段,2.57,都市：商,,,,00310062
RPTTMLPKOHMFFBB98CC,東峰段,11.13,都市：商,,,,01580000
RPSRMLPKOHMFFBB68CC,賴厝?段,3.33,都市：商,,,,00310003
RPSRMLPKOHMFFBB68CC,邱厝子段,2.68,都市：商,,,,00310062
RPRRMLPKOHMFFBB58CC,賴厝?段,3.38,都市：商,,,,00310003
RPRRMLPKOHMFFBB58CC,邱厝子段,2.71,都市：商,,,,00310062
RPQRMLPKOHMFFBB48CC,賴厝?段,2.57,都市：商,,,,00310003
RPQRMLPKOHMFFBB48CC,邱厝子段,3.20,都市：商,,,,00310062
RPOPMLQKOHMFFBB18CC,平田段,7.15,都市：住,,,,04940000
RPQNMLQKOHMFFGL07CC,新榮泉段,38.61,都市：住,,,,01650000
RPUNMLQKOHMFFGL47CC,光日段,21.92,都市：商,,,,06160000
RPVPMLQKOHMFFBB88CC,平田段,9.13,都市：住,,,,01000000
RPVPMLQKOHMFFBB88CC,平田段,1.68,都市：住,,,,01000001
RPROMLQKOHMFFAB28CC,公館段,1.48,都市：住,,,,00620001
RPROMLQKOHMFFAB28CC,公館段,1.28,都市：住,,,,00630001
RPXPMLQKOHMFFBB09CC,東信段,142.50,都市：住,,,,00800009
RPRPMLQKOHMFFAB38CC,麻園頭段,16.46,都市：住,,,,01320000
RPXOMLQKOHMFFAB88CC,番婆段,12.60,都市：住,,,,03570000
RPXOMLQKOHMFFAB88CC,番婆段,.06,都市：住,,,,03570006
RPVNMLQKOHMFFGL57CC,光日段,18.87,都市：住,,,,01190000
RPSPMLQKOHMFFAB48CC,下橋子頭段,13.77,都市：住,,,,01820009
RPXOMLTKOHMFFCB76CC,福安段,21.75,都市：住,,,,02250000
RPPPMLTKOHMFFCB68CC,三塊厝段,.00,都市：住,,,,01320000
RPVOMLQKOHMFFCB88CC,田心段,3.56,都市：住,,,,08960000
RPOPMLTKOHMFFCB58CC,惠民段,10.87,都市：其他:新市政中心專用區,,,,01110000
RPQPMLTKOHMFFCB78CC,福順段,7.25,都市：住,,,,01660000
RPQPMLTKOHMFFCB78CC,福順段,28.22,都市：住,,,,01670000
RPRQMLTKOHMFFAB78CC,下橋子頭段,2627.00,都市：其他:空白,,,,01340004
RPRQMLTKOHMFFAB78CC,下橋子頭段,2161.00,都市：其他:空白,,,,01360013
RPVOMLTKOHMFFAB98CC,後?子段,3.50,都市：住,,,,02100010
RPTOMLTKOHMFFAB78CC,樹子腳段,70.00,都市：商,,,,06120014
RPTOMLTKOHMFFAB78CC,樹子腳段,17.00,都市：商,,,,06120016
RPOOMLTKOHMFFAB28CC,後?子段,4.15,都市：住,,,,02100010
RPSQMLTKOHMFFAB88CC,復興段一小段,.00,都市：商,,,,00150044
RPSQMLTKOHMFFAB88CC,復興段一小段,.00,都市：商,,,,00150017
RPUNMLTKOHMFFAB78CC,土庫段,10.54,都市：商,,,,00670013
RPXPMLQKOHMFFAB98CC,麻園頭段,16.35,都市：住,,,,02910000
RPOOMLKLOHMFFGL09CC,東榮段,.00,都市：其他:鄰里公園兼兒童遊樂園用地,,,,01730000
RPUOMLKLOHMFFAL09CC,安康段,28.18,都市：住,,,,06120000
RPTOMLKLOHMFFAL09DC,南陽段,17.35,都市：住,,,,07830000
RPVPMLKLOHMFFCB48CC,鑫港尾段,.00,都市：住,,,,00730000
RPPPMLLLOHMFFCB97CC,鑫港尾段,.00,都市：住,,,,00730000
RPSQMLLLOHMFFCB38CC,惠民段,13.28,都市：住,,,,01090000
RPQPMLLLOHMFFCB08CC,鑫港尾段,.00,都市：住,,,,00730000
RPTQMLLLOHMFFCB48CC,惠民段,10.82,都市：住,,,,01090000
RPSNMLLLOHMFFAB87CC,平民段八小段,17.91,都市：住,,,,00050000
RPOOMLLLOHMFFAB57CC,麻園頭段,.00,都市：住,,,,01300002
RPVQMLLLOHMFFCB68CC,惠民段,10.64,都市：住,,,,01090000
RPTNMLMLOHMFFAB08CC,麻園頭段,12.91,都市：住,,,,01320000
RPWNMLMLOHMFFAL76CC,豐原段,25.79,都市：住,,,,04300000
RPWNMLMLOHMFFAL76CC,豐原段,5.13,都市：住,,,,04310001
RPRPMLMLOHMFFGL07CC,大義段,87.94,都市：住,,,,00370022
RPRPMLMLOHMFFGL07CC,大義段,.16,都市：住,,,,00370044
RPRQMLMLOHMFFGL17CC,東榮段,.00,都市：其他:鄰里公園兼兒童遊樂園用地,,,,01730000
RPRQMLTKOHMFFBB88CC,水源段,.00,都市：住,,,,00920060
RPPPMLMLOHMFFBB97CC,松竹段,15.46,都市：住,,,,00360000
RPWOMLMLOHMFFBB58CC,賴厝?段,6.57,都市：商,,,,00310003
RPWOMLMLOHMFFBB58CC,邱厝子段,5.27,都市：商,,,,00310062
RPSPMLMLOHMFFBB28CC,賴厝?段,2.65,都市：商,,,,00310003
RPSPMLMLOHMFFBB28CC,邱厝子段,3.31,都市：商,,,,00310062
RPXOMLMLOHMFFBB68CC,賴厝?段,6.78,都市：商,,,,00310003
RPXOMLMLOHMFFBB68CC,邱厝子段,5.45,都市：商,,,,00310062
RPPOMLTKOHMFFBB48CC,水源段,92.76,都市：商,,,,02340003
RPPOMLTKOHMFFBB48CC,水源段,1.94,都市：商,,,,02340005
RPRSMLKLOHMFFBB28CC,邱厝子段,.00,都市：住,,,,01480635
RPRSMLKLOHMFFBB28CC,邱厝子段,.00,都市：住,,,,01470085
RPRSMLKLOHMFFBB28CC,邱厝子段,.00,都市：其他:道路用地,,,,01470089
RPRSMLKLOHMFFBB28CC,邱厝子段,.00,都市：住,,,,01480608
RPRSMLKLOHMFFBB28CC,邱厝子段,.00,都市：其他:道路用地,,,,01470092
RPWPMLKLOHMFFBB48CC,昌平段,205.43,都市：住,,,,01100000
RPWPMLKLOHMFFBB48CC,昌平段,205.43,都市：住,,,,01100001
RPWPMLKLOHMFFBB48CC,昌平段,205.42,都市：住,,,,01100002
RPTPMLKLOHMFFBB18CC,錦村段,111.98,都市：住,,,,02960045
RPPQMLQKOHMFFBB38CC,太原段,21.21,都市：住,,,,01000000
RPVOMLMLOHMFFCB58CC,惠泰段,117.45,都市：住,,,,02520000
RPWOMLMLOHMFFCB68CC,大新段,13.62,都市：住,,,,08600000
RPWPMLNLOHMFFBB78CC,賴厝?段,2.91,都市：商,,,,00310003
RPWPMLNLOHMFFBB78CC,邱厝子段,2.33,都市：商,,,,00310062
RPXQMLNLOHMFFCB09CC,惠順段,19.26,非都市： ; 非都市編定：,,,,01140000
RPVPMLQLOHMFFBB98CC,水源段,61.00,都市：住,,,,00260002
RPWQMLNLOHMFFCB98CC,惠順段,19.26,都市：住,,,,01140000
RPRPMLMLOHMFFCB28CC,下石碑段,17.60,都市：住,,,,09530002
RPXOMLMLOHMFFCB78CC,惠民段,5128.14,都市：住,,,,01430000
RPQPMLMLOHMFFCB18CC,上石碑段,4.10,都市：商,,,,18000007
RPTQMLNLOHMFFCB68CC,上石碑段,8.00,都市：住,,,,11310004
RPTQMLNLOHMFFCB68CC,上石碑段,101.00,都市：住,,,,11330016
RPTNMLQLOHMFFCB68CC,惠國段,142.00,都市：其他:,,,,01110000
RPWOMLQLOHMFFAB98DC,麻園頭段,63.00,都市：住,,,,00800046
RPTOMLQLOHMFFCB78CC,鑫港尾段,.00,都市：住,,,,00730000
RPSOMLQLOHMFFCB68CC,惠國段,142.00,都市：其他:,,,,01110000
RPPQMLQLOHMFFBB48CC,東峰段,9.74,都市：商,,,,01580000
RPQQMLQLOHMFFBB58CC,東峰段,6.42,都市：商,,,,01580000
RPQPMLQLOHMFFCB58CC,鑫港尾段,.00,都市：住,,,,00730000
RPWPMLQLOHMFFCB56CC,中正段,5.55,都市：商,,,,01550000
RPPQMLQLOHMFFCB58CC,上石碑段,3.95,都市：商,,,,17900000
RPPQMLQLOHMFFCB58CC,上石碑段,3.52,都市：商,,,,18000007
RPXPMLQLOHMFFCB66CC,中正段,6.24,都市：商,,,,01550000
RPUPMLQLOHMFFCB98CC,西屯段,90.00,都市：商,,,,20160000
RPTPMLQLOHMFFCB88CC,鑫港尾段,.00,都市：住,,,,00730000
RPWOMLQLOHMFFCB09CC,鑫港尾段,.00,都市：住,,,,00730000
RPSPMLQLOHMFFCB78CC,鑫港尾段,.00,都市：住,,,,00730000
RPWOMLQLOHMFFBB09DC,東新段,131.00,都市：商,,,,00360003
RPSNMLRLOHMFFBB58CC,賴厝?段,19.80,都市：住,,,,00490014
RPRQMLQLOHMFFCB78CC,中正段,7.84,都市：商,,,,01550000
RPTNMLRLOHMFFCB88DC,寶山段,91.17,都市：住,,,,12920008
RPUNMLRLOHMFFCB88CC,惠民段,10.21,都市：住,,,,01090000
RPWOMLRLOHMFFCB56CC,大墩段,40.69,都市：住,,,,04700000
RPWNMLRLOHMFFBB98CC,太原段,21.21,都市：住,,,,01000000
RPUQMLSLOHMFFBB56CC,東峰段,10.45,都市：商,,,,01580000
RPQOMLSLOHMFFBB58CC,北屯段,22.97,都市：商,,,,05130010
RPVQMLSLOHMFFBB66CC,東峰段,10.79,都市：商,,,,01580000
RPXQMLSLOHMFFBB86CC,賴厝?段,4.06,都市：商,,,,00310003
RPXQMLSLOHMFFBB86CC,邱厝子段,3.26,都市：商,,,,00310062
RPQNMLSLOHMFFAB38CC,大益段,.00,都市：住,,,,00060016
RPTNMLSLOHMFFAB68CC,麻園頭段,2.58,都市：商,,,,00090001
RPOPMLSLOHMFFAB38CC,下橋子頭段,1.94,都市：商,,,,02170014
RPRPMLSLOHMFFAB68CC,土庫段,9.97,都市：住,,,,00570001
RPWOMLSLOHMFFAB09CC,下橋子頭段,1.72,都市：商,,,,02170001
RPVPMLSLOHMFFAB09CC,頂橋子頭段,11.57,都市：商,,,,01030002
RPORMLSLOHMFFBB68CC,賴厝?段,4.55,都市：商,,,,00310003
RPORMLSLOHMFFBB68CC,邱厝子段,3.65,都市：商,,,,00310062
RPPRMLSLOHMFFBB78CC,賴厝?段,3.45,都市：商,,,,00310003
RPPRMLSLOHMFFBB78CC,邱厝子段,2.77,都市：商,,,,00310062
RPRRMLSLOHMFFBB98CC,賴厝?段,3.21,都市：商,,,,00310003
RPRRMLSLOHMFFBB98CC,邱厝子段,2.57,都市：商,,,,00310062
RPQRMLSLOHMFFBB88CC,賴厝?段,3.18,都市：商,,,,00310003
RPQRMLSLOHMFFBB88CC,邱厝子段,2.55,都市：商,,,,00310062
RPOQMLSLOHMFFAB48CC,後?子段,8.67,都市：住,,,,02350018
RPTPMLTLOHMFFCB66DC,田心段,12.09,都市：住,,,,09100000
RPTOMLTLOHMFFBB09DC,邱厝子段,3.30,都市：住,,,,00270000
RPROMLTLOHMFFAB68CC,大益段,103.00,都市：住,,,,01150003
RPPRMLTLOHMFFCB98CC,中正段,10.18,都市：商,,,,01550000
RPUNMLTLOHMFFAB98DC,公館段,1.04,都市：住,,,,00630001
RPUNMLTLOHMFFAB98DC,公館段,1.20,都市：住,,,,00620001
RPPOMLTLOHMFFBB58CC,賴厝?段,3.55,都市：商,,,,00310003
RPPOMLTLOHMFFBB58CC,邱厝子段,2.85,都市：商,,,,00310062
RPQOMLTLOHMFFBB68CC,賴厝?段,4.83,都市：商,,,,00310003
RPQOMLTLOHMFFBB68CC,邱厝子段,3.88,都市：商,,,,00310062
RPQPMLTLOHMFFBB78CC,東峰段,26.36,都市：住,,,,01380000
RPUPMLTLOHMFFBB56CC,東山段,37.21,都市：住,,,,00710000
RPWPMLTLOHMFFBB76CC,松昌段,15.86,都市：住,,,,05770000
RPQQMLTLOHMFFBB88CC,賴厝?段,2.94,都市：商,,,,00310003
RPQQMLTLOHMFFBB88CC,邱厝子段,2.36,都市：商,,,,00310062
RPORMLTLOHMFFCB88CC,中正段,6.72,都市：商,,,,01550000
RPXQMLTLOHMFFCB07CC,上石碑段,3.48,都市：商,,,,17900000
RPXQMLTLOHMFFCB07CC,上石碑段,3.11,都市：商,,,,18000007
RPTOMLSLOHMFFCB98CC,何安段,4.81,都市：住,,,,09730000
RPQNMLSLOHMFFCB58CC,福安段,55.73,都市：住,,,,02250000
RPOPMLSLOHMFFCB58CC,田心段,.00,都市：住,,,,09770000
RPSOMLSLOHMFFCB88CC,永安段,37.33,都市：農,,,,08860025
RPXNMLKMOHMFFAB38CC,公館段,19.80,都市：住,,,,01580491
RPWOMLKMOHMFFCB58CC,中仁段,9.23,都市：住,,,,05390000
RPPNMLSLOHMFFKB66CC,萬陵段,101.97,非都市：鄉村區 ; 非都市編定：乙種建築用地,,,,04630000
RPWNMLKMOHMFFBB38CC,崇德段,65.53,都市：住,,,,00400000
RPWNMLKMOHMFFBB38CC,崇德段,64.01,都市：住,,,,00400001
RPUNMLKMOHMFFBB18CC,東峰段,55.00,都市：商,,,,02550000
RPPPMLKMOHMFFCB97CC,民安段,53.75,都市：住,,,,11980011
RPUPMLKMOHMFFCB48CC,寶山段,79.64,都市：商,,,,12510001
RPTQMLKMOHMFFCB48CC,廣明段,39.41,都市：住,,,,06660000
RPXPMLKMOHMFFCB78CC,寶山段,79.64,都市：住,,,,12510001
RPTNMLLJPHMFFCB08CC,惠國段,.00,都市：其他:新6-2,,,,01360000
RPVNMLLJPHMFFCB28CC,國安段,852.96,都市：住,,,,06110010
RPVNMLLJPHMFFCB28CC,國安段,73.05,都市：住,,,,06170000
RPVNMLLJPHMFFCB28CC,國安段,254.79,都市：住,,,,06170008
RPVNMLLJPHMFFCB28CC,國安段,2.75,都市：住,,,,06170010
RPUNMLLJPHMFFCB18CC,福星段,.00,都市：住,,,,01220000
RPWNMLLJPHMFFCB38CC,下石碑段,28.90,都市：住,,,,16920003
RPQNMLNJPHMFFDB18DC,豐原段,72.00,都市：住,,,,08790047
RPQNMLLJPHMFFBB67CC,錦村段,774.00,都市：住,,,,02130074
RPQTMLNJPHMFFBB48CC,東新段,387.00,都市：商,,,,00410000
RPQTMLNJPHMFFBB48CC,東新段,388.00,都市：商,,,,00410001
RPRUMLKMOHMFFBB58CC,太順段,.00,都市：住,,,,00480000
RPXOMLKMOHMFFBB58CC,東新段,25.73,都市：住,,,,01600008
RPQPMLKMOHMFFBB97CC,邱厝子段,30.00,都市：商,,,,00310011
RPQPMLKMOHMFFBB97CC,邱厝子段,6.00,都市：商,,,,00310012
RPRNMLLJPHMFFBB77CC,錦村段,.00,都市：商,,,,03030005
RPTTMLNJPHMFFBB78CC,錦村段,4.20,都市：商,,,,02960045
RPROMLNJPHMFFAB97CC,旱溪段,68.00,都市：住,,,,01820210
RPROMLNJPHMFFAB97CC,旱溪段,27.00,都市：住,,,,01820191
RPUOMLNJPHMFFAB28CC,麻園頭段,13.96,都市：住,,,,01320000
RPWQMLNJPHMFFCB88CC,惠安段,18.72,都市：商,,,,02450000
RPVOMLOJPHMFFCB68CC,何安段,8.07,都市：住,,,,09730000
RPURMLOJPHMFFCB88CC,上石碑段,133.00,都市：住,,,,20980011
RPRPMLOJPHMFFBB28CC,邱厝子段,60.00,都市：住,,,,00060038
RPQOMLOJPHMFFAB97CC,麻園頭段,19.48,都市：住,,,,00220000
RPUPMLOJPHMFFBB58CC,東光段,16.74,都市：住,,,,00380000
RPXNMLQLOHMFFDB56CC,龍宮段,16.91,都市：住,,,,10190000
RPXNMLQLOHMFFDB56CC,龍宮段,61.12,都市：住,,,,10200006
RPXNMLQLOHMFFDB56CC,龍宮段,12.27,都市：住,,,,10210002
RPOQMLOJPHMFFBB08CC,中德段,6.04,都市：住,,,,00400000
RPTQMLPJPHMFFBB68CC,文正段,32.37,都市：商,,,,01070004
RPTQMLPJPHMFFBB68CC,文正段,30.70,都市：商,,,,01070025
RPXNMLPJPHMFFBB78CC,北屯段,5.96,都市：住,,,,05140000
RPPTMLPJPHMFFBB58CC,東峰段,150.00,都市：住,,,,01300010
RPROMLPJPHMFFAB18CC,大益段,.00,都市：住,,,,10960003
RPOUMLPJPHMFFBB58CC,錦村段,7.72,都市：住,,,,02130086
RPSPMLPJPHMFFCB58CC,鑫港尾段,.00,都市：住,,,,00730000
RPQPMLPJPHMFFCB38CC,鑫港尾段,.00,都市：住,,,,00730000
RPWNMLPJPHMFFCB78CC,中和段,16.84,都市：住,,,,04190000
RPRQMLPJPHMFFCB58CC,上石碑段,133.00,都市：住,,,,20980011
RPSQMLPJPHMFFCB68CC,黎明段,12.75,都市：住,,,,00310000
RPUQMLPJPHMFFCB88CC,中仁段,10.18,都市：住,,,,03810000
RPVQMLPJPHMFFCB98CC,中正段,5.27,都市：商,,,,01550000
RPSOMLQJPHMFFCB68DC,惠順段,233.51,都市：其他:,,,,00750000
RPSPMLQJPHMFFCB68CC,大新段,.00,都市：住,,,,02010001
RPQNMLQJPHMFFBB18CC,崇德段,662.00,都市：住,,,,01580000
RPTNMLQJPHMFFBB48CC,中德段,9.45,都市：住,,,,00620000
RPOOMLQJPHMFFBB08CC,松茂段,4.25,都市：住,,,,05390000
RPPRMLQJPHMFFBB48CC,松茂段,4.25,都市：住,,,,05390000
RPSRMLRJPHMFFBB88CC,松觀段,10.63,都市：住,,,,10330000
RPRSMLRJPHMFFBB88CC,賴厝?段,3.19,都市：商,,,,00310003
RPRSMLRJPHMFFBB88CC,邱厝子段,2.56,都市：商,,,,00310062
RPUNMLPJPHMFFFB98DC,梧棲段,15.15,都市：商,,,,28320000
RPSSMLRJPHMFFBB98CC,賴厝?段,.14,都市：商,,,,00310003
RPSSMLRJPHMFFBB98CC,邱厝子段,.11,都市：商,,,,00310062
RPUSMLRJPHMFFBB56CC,賴厝?段,.21,都市：商,,,,00310003
RPUSMLRJPHMFFBB56CC,邱厝子段,.17,都市：商,,,,00310062
RPTSMLRJPHMFFBB09CC,賴厝?段,.29,都市：商,,,,00310003
RPTSMLRJPHMFFBB09CC,邱厝子段,.23,都市：商,,,,00310062
RPWSMLRJPHMFFBB76CC,賴厝?段,2.96,都市：商,,,,00310003
RPWSMLRJPHMFFBB76CC,邱厝子段,2.38,都市：商,,,,00310062
RPVSMLRJPHMFFBB66CC,賴厝?段,.29,都市：商,,,,00310003
RPVSMLRJPHMFFBB66CC,邱厝子段,.23,都市：商,,,,00310062
RPUOMLRJPHMFFAB68CC,大益段,26.77,都市：商,,,,01350000
RPOPMLRJPHMFFAB18CC,大益段,10.45,都市：住,,,,05230000
RPOPMLRJPHMFFAB18CC,大益段,3.19,都市：住,,,,05230001
RPRPMLRJPHMFFAB48CC,後?子段,26.43,都市：住,,,,02250011
RPPNMLLJPHMFFJB48DC,宜欣段,5.02,都市：住,,,,21440000
RPXPMLRJPHMFFCB66CC,惠民段,16.63,都市：其他:新市政中心專用區,,,,01110000
RPUQMLRJPHMFFCB09CC,上石碑段,2.41,都市：商,,,,17900000
RPQQMLQJPHMFFCB58CC,福安段,.00,都市：住,,,,00080001
RPPOMLRJPHMFFJB09CC,新興段,23.59,都市：住,,,,00660000
RPQOMLOJPHMFFJB88CC,宜欣段,80.00,都市：住,,,,00190000
RPWQMLRJPHMFFCB66CC,上石碑段,13.15,都市：商,,,,09630000
RPXQMLRJPHMFFCB76CC,福安段,12.75,都市：住,,,,02250000
RPOOMLOJPHMFFJB68CC,中山段,2698.99,非都市：一般農業區 ; 非都市編定：農牧用地,,,,08940000
RPOOMLTLOHMFFJB66CC,育賢段,75.00,都市：住,,,,02060038
RPXNMLOJPHMFFJB86CC,吉祥段,105.82,非都市：鄉村區 ; 非都市編定：乙種建築用地,,,,00910000
RPWNMLOJPHMFFJB76CC,德興段,15.85,都市：住,,,,00020000
RPPRMLRJPHMFFCB68CC,惠民段,17.10,都市：其他:新市政中心專用區,,,,01430001
RPQRMLRJPHMFFCB78CC,惠民段,14.48,都市：其他:新市政中心專用區,,,,01110000
RPURMLRJPHMFFBB56DC,東義段,75.00,都市：住,,,,01250010
RPVRMLRJPHMFFCB66CC,福順段,5.88,都市：住,,,,01660000
RPVRMLRJPHMFFCB66CC,福順段,22.88,都市：住,,,,01670000
RPWRMLRJPHMFFBB76DC,東義段,75.00,都市：住,,,,01250010
RPWRMLRJPHMFFCB76CC,中正段,7.20,都市：商,,,,01550000
RPRSMLRJPHMFFCB98CC,惠仁段,.00,都市：住,,,,01220000
RPQSMLRJPHMFFCB88CC,中正段,5.27,都市：商,,,,01550000
RPURMLRJPHMFFCB56CC,惠民段,13.84,都市：其他:新市政中心專用區,,,,01110000
RPOSMLRJPHMFFCB68CC,中正段,5.27,都市：商,,,,01550000
RPXRMLRJPHMFFCB86CC,福順段,5.88,都市：住,,,,01660000
RPXRMLRJPHMFFCB86CC,福順段,22.88,都市：住,,,,01670000
RPPNMLSJPHMFFJB09CC,新德隆段,712.62,非都市：一般農業區 ; 非都市編定：丁種建築用地,,,,08390002
RPUNMLKKPHMFFAB08DC,頂橋子頭段,16.13,都市：住,,,,02560039
RPVNMLKKPHMFFAB18DC,旱新段,88.19,都市：住,,,,05240001
RPRPMLKKPHMFFAB87CC,下橋子頭段,51.00,都市：住,,,,01610175
RPRPMLKKPHMFFAB87CC,下橋子頭段,25.00,都市：住,,,,01610176
RPTNMLKKPHMFFBB97CC,中清段,23.71,都市：住,,,,01000000
RPXUMLKKPHMFFBB09CC,文正段,9.66,都市：商,,,,01070004
RPWNMLKKPHMFFBB28CC,文正段,.00,非都市： ; 非都市編定：,,,,00270019
RPWNMLKKPHMFFBB28CC,文正段,.00,非都市： ; 非都市編定：,,,,00270046
RPUOMLKKPHMFFCB28CC,上石碑段,17.00,都市：住,,,,21190047
RPQOMLLKPHMFFCB97CC,上石碑段,10.00,都市：住,,,,25030010
RPQOMLLKPHMFFCB97CC,上石碑段,72.00,都市：住,,,,25160000
RPVQMLLKPHMFFCB68CC,大進段,.00,都市：住,,,,06870000
RPSRMLLKPHMFFCB48CC,大墩段,136.86,都市：商,,,,03720000
RPVVMLKKPHMFFBB98CC,東峰段,9.24,都市：商,,,,01580000
RPWVMLKKPHMFFBB09CC,東峰段,10.25,都市：商,,,,01580000
RPURMLLKPHMFFCB68CC,楓樹段,27.37,都市：住,,,,08220000
RPXRMLLKPHMFFCB98CC,民安段,203.47,都市：其他:,,,,02840000
RPXRMLLKPHMFFCB98CC,民安段,145.09,都市：其他:,,,,03110000
RPXRMLLKPHMFFCB98CC,民安段,49.00,都市：其他:,,,,02830000
RPRNMLLKPHMFFAB77CC,練武段,14.09,都市：住,,,,10730000
RPXQMLMKPHMFFCB98CC,永富段,461.59,都市：住,,,,01510000
RPXQMLMKPHMFFCB98CC,永富段,526.55,都市：住,,,,01520000
RPTRMLMKPHMFFCB68CC,永富段,72.01,都市：住,,,,04110001
RPTRMLMKPHMFFCB68CC,永富段,71.99,都市：住,,,,04110002
RPTRMLMKPHMFFCB68CC,永富段,190.97,都市：住,,,,04120001
RPTRMLMKPHMFFCB68CC,永富段,190.99,都市：住,,,,04120002
RPPNMLNKPHMFFCB97CC,鑫港尾段,.00,都市：住,,,,00730000
RPQNMLNKPHMFFCB08CC,鑫港尾段,.00,都市：住,,,,00730000
RPRQMLNKPHMFFCB48CC,中正段,35.00,都市：其他:,,,,00010000
RPUQMLNKPHMFFCB78CC,鑫港尾段,115.89,都市：住,,,,02260000
RPVQMLNKPHMFFCB88CC,中正段,5.27,都市：住,,,,01550000
RPWQMLNKPHMFFCB98CC,豐業段,159.93,都市：住,,,,00700016
RPXQMLNKPHMFFCB09CC,中正段,5.55,都市：住,,,,01550000
RPVPMLNKPHMFFAB58CC,仁愛段二小段,.00,都市：商,,,,00020006
RPPNMLLJPHMFFFB97CC,田寮段橋頭小段,133.00,都市：其他:,,,,02510099
RPPNMLLJPHMFFFB97CC,田寮段橋頭小段,133.00,都市：其他:,,,,02510094
RPQNMLNKPHMFFFB38CC,忠孝段,95.00,都市：住,,,,08720011
RPPRMLNKPHMFFBB38DC,仁德段,86.00,都市：住,,,,09480041
RPVNMLOKPHMFFKB86CC,王田段,168.00,非都市：山坡地保育區 ; 非都市編定：丁種建築用地,,,,05300099
RPVNMLOKPHMFFKB86CC,王田段,336.00,非都市：山坡地保育區 ; 非都市編定：丁種建築用地,,,,05300100
RPTWMLKKPHMFFBB88CC,東新段,20.06,都市：住,,,,01380000
RPXQMLNKPHMFFBB98CC,水源段,.00,都市：商,,,,00460009
RPXQMLNKPHMFFBB98CC,水源段,.00,都市：商,,,,00460013
RPXQMLNKPHMFFBB98CC,水源段,.00,都市：商,,,,00460008
RPXQMLNKPHMFFBB98CC,水源段,.00,都市：商,,,,00460012
RPRRMLLKPHMFFBB28CC,陳平段,28.83,都市：住,,,,20320007
RPRRMLLKPHMFFBB28CC,陳平段,2.80,都市：住,,,,20320009
RPPRMLLKPHMFFBB08CC,北屯段,79.00,都市：住,,,,02280029
RPOWMLKKPHMFFBB38CC,東峰段,10.12,都市：商,,,,01580000
RPSOMLLKPHMFFBB08CC,松茂段,46.85,都市：住,,,,05390000
RPPRMLNKPHMFFCB38CC,三塊厝段,19.06,都市：住,,,,05990000
RPXNMLOKPHMFFDB98CC,三陽段,761.37,都市：住,,,,02790000
RPPOMLOKPHMFFDB28CC,安康段,37.89,都市：住,,,,09800000
RPPOMLOKPHMFFDB28CC,安康段,.51,都市：住,,,,09810001
RPROMLOKPHMFFCB38CC,福安段,12.75,都市：住,,,,02250000
RPQQMLOKPHMFFCB48CC,永新段,752.50,都市：住,,,,01050000
RPQRMLOKPHMFFCB58CC,中正段,5.51,都市：商,,,,01550000
RPPNMLPKPHMFFCB18CC,惠義段,100.66,都市：商,,,,01060000
RPQNMLPKPHMFFCB28CC,豐富段,29.00,都市：住,,,,01730000
RPRNMLPKPHMFFCB38CC,惠順段,22.97,都市：住,,,,00170000
RPSNMLSJPHMFFIB66CC,國中段,340.45,都市：工,,,,03400023
RPSNMLSJPHMFFIB66CC,國中段,35.56,都市：工,,,,03400000
RPSOMLRKPHMFFAB58CC,柳川段一小段,1.57,都市：商,,,,00040000
RPSOMLRKPHMFFAB58CC,柳川段一小段,.36,都市：商,,,,00040006
RPRNMLPKPHMFFAB18CC,下橋子頭段,1.83,都市：商,,,,02170014
RPRPMLRKPHMFFAB58CC,下橋子頭段,3.69,都市：商,,,,02170014
RPSPMLRKPHMFFAB68CC,下橋子頭段,1.72,都市：商,,,,02170014
RPTPMLRKPHMFFAB78CC,下橋子頭段,1.72,都市：商,,,,02170014
RPSNMLRKPHMFFJB76CC,育賢段,133.74,都市：住,,,,00340004
RPUPMLRKPHMFFAB88CC,下橋子頭段,1.72,都市：商,,,,02170014
RPSOMLRKPHMFFBB68CC,錦村段,.00,都市：住,,,,02130085
RPROMLRKPHMFFBB58CC,東山段,.00,都市：住,,,,04160000
RPOPMLOKPHMFFBB08CC,東山段,16.74,都市：住,,,,04130000
RPSQMLOKPHMFFBB58CC,東峰段,9.89,都市：住,,,,00040000
RPXOMLOKPHMFFBB88CC,平田段,6.64,都市：住,,,,05140000
RPOQMLOKPHMFFBB18CC,賴厝?段,3.09,都市：商,,,,00310003
RPOQMLOKPHMFFBB18CC,邱厝子段,2.48,都市：商,,,,00310062
RPPQMLOKPHMFFBB28CC,東峰段,10.29,都市：商,,,,01580000
RPXPMLOKPHMFFBB98CC,賴厝?段,4.75,都市：商,,,,00310003
RPXPMLOKPHMFFBB98CC,邱厝子段,3.81,都市：商,,,,00310062
RPTNMLRKPHMFFCB78CC,惠智段,.00,都市：住,,,,01550000
RPWNMLSKPHMFFCB56CC,惠信段,144.19,都市：住,,,,00800000
RPSPMLRKPHMFFCB88CC,大墩段,.00,都市：住,,,,00240000
RPUNMLSKPHMFFCB98CC,上石碑段,76.00,都市：住,,,,20200000
RPWOMLRKPHMFFBB09CC,平田段,13.89,都市：住,,,,03680000
RPOPMLRKPHMFFBB38CC,東峰段,9.71,都市：商,,,,00040000
RPUOMLTKPHMFFCB56CC,大新段,15.92,都市：商,,,,08530000
RPXOMLSKPHMFFCB86DC,惠智段,13.37,都市：住,,,,01590000
RPOPMLTKPHMFFCB68CC,惠國段,19.57,都市：其他:新市政中心專用區,,,,01840000
RPRNMLTKPHMFFCB88DC,何厝段,89.00,都市：商,,,,00980204
RPWOMLTKPHMFFCB76CC,惠民段,20.23,都市：其他:新市政中心專用區,,,,01430001
RPOOMLTKPHMFFBB48CC,乾溝子段,23.56,都市：住,,,,01700049
RPOOMLTKPHMFFBB48CC,乾溝子段,.67,都市：住,,,,01730011
RPUPMLTKPHMFFCB66CC,上石碑段,.00,都市：商,,,,10650000
RPUNMLTKPHMFFIB07CC,溪南東段,172.00,非都市：特定農業區 ; 非都市編定：農牧用地,,,,12900000
RPXQMLTKPHMFFCB07CC,惠民段,17.68,都市：其他:新市政中心專用區,,,,01430001
RPSNMLTKPHMFFAB68CC,後?子段,3.50,都市：住,,,,02100010
RPXNMLTKPHMFFJB47CC,育賢段,173.60,都市：住,,,,00010040
RPQQMLTKPHMFFCB98CC,福順段,6.28,都市：住,,,,01660000
RPQQMLTKPHMFFCB98CC,福順段,24.44,都市：住,,,,01670000
RPTPMLTKPHMFFBB09CC,東新段,20.06,都市：住,,,,01380000
RPSNMLKLPHMFFJB78CC,頭汴坑段,300.00,非都市：山坡地保育區 ; 非都市編定：農牧用地,,,,01140076
RPXQMLKLPHMFFBB78CC,賴厝?段,.29,都市：商,,,,00310003
RPXQMLKLPHMFFBB78CC,邱厝子段,.23,都市：商,,,,00310062
RPTNMLKLPHMFFJB88CC,宜欣段,30.19,都市：住,,,,21690000
RPSOMLKLPHMFFBB08CC,東峰段,.00,都市：住,,,,01480005
RPSOMLKLPHMFFBB08CC,東峰段,.00,都市：住,,,,01480008
RPQOMLKLPHMFFBB87CC,太原段,21.21,都市：住,,,,01000000
RPORMLKLPHMFFBB97CC,賴厝?段,.14,都市：商,,,,00310003
RPORMLKLPHMFFBB97CC,邱厝子段,.11,都市：商,,,,00310062
RPPPMLKLPHMFFAB77CC,土庫段,191.37,都市：商,,,,00550010
RPVQMLKLPHMFFBB58CC,賴厝?段,.29,都市：商,,,,00310003
RPVQMLKLPHMFFBB58CC,邱厝子段,.23,都市：商,,,,00310062
RPUNMLKLPHMFFJB98CC,頭汴坑段,300.00,非都市：山坡地保育區 ; 非都市編定：農牧用地,,,,01140076
RPTNMLKLPHMFFCB18CC,何厝段,20.86,都市：商,,,,00840000
RPQRMLKLPHMFFBB18CC,賴厝?段,.21,都市：商,,,,00310003
RPQRMLKLPHMFFBB18CC,邱厝子段,.17,都市：商,,,,00310062
RPOPMLLLPHMFFCB97CC,中正段,6.24,都市：商,,,,01550000
RPWQMLLLPHMFFCB88CC,中正段,6.72,都市：商,,,,01550000
RPORMLLLPHMFFCB18CC,何安段,4.90,都市：住,,,,09730000
RPPPMLLLPHMFFCB08CC,中正段,5.67,都市：商,,,,01550000
RPVNMLKLPHMFFCB38CC,何厝段,20.86,都市：商,,,,00840000
RPRQMLSKPHMFFBB98DC,東峰段,132.00,都市：商,,,,00040002
RPRRMLKLPHMFFBB28CC,賴厝?段,.28,都市：商,,,,00310003
RPRRMLKLPHMFFBB28CC,邱厝子段,.22,都市：商,,,,00310062
RPSOMLLLPHMFFAB08CC,土庫段,15.38,都市：住,,,,00320004
RPPNMLNLPHMFFBB97CC,建安段,124.54,都市：住,,,,11070000
RPWQMLLLPHMFFBB78CC,鑫新平段,1540.49,都市：住,,,,01920000
RPXNMLLLPHMFFBB58CC,松茂段,26.67,都市：住,,,,05390000
RPSQMLLLPHMFFBB38CC,松昌段,51.31,都市：商,,,,06650000
RPUPMLLLPHMFFBB48CC,東峰段,6.93,都市：商,,,,01580000
RPPQMLLLPHMFFBB08CC,東峰段,11.13,都市：商,,,,01580000
RPXPMLLLPHMFFBB78CC,東峰段,10.25,都市：商,,,,01580000
RPOQMLLLPHMFFBB97CC,東峰段,6.84,都市：商,,,,01580000
RPWPMLLLPHMFFBB68CC,東峰段,9.74,都市：商,,,,01580000
RPUOMLOLPHMFFAB58CC,麻園頭段,.00,非都市： ; 非都市編定：,,,,00730046
RPTOMLOLPHMFFAB48CC,大益段,.00,非都市： ; 非都市編定：,,,,10470000
RPWNMLPLPHMFFCB98CC,寶山段,.00,都市：住,,,,02670000
RPPPMLPLPHMFFCB48CC,鑫港尾段,.00,都市：住,,,,00730000
RPRNMLPLPHMFFAB28CC,後?子段,13.23,都市：住,,,,02350091
RPRPMLPLPHMFFCB68CC,鑫港尾段,.00,都市：住,,,,00730000
RPTQMLPLPHMFFBB88CC,東峰段,6.84,都市：商,,,,01580000
RPXQMLPLPHMFFBB66CC,賴厝?段,3.05,都市：商,,,,00310003
RPXQMLPLPHMFFBB66CC,邱厝子段,2.45,都市：商,,,,00310062
RPSQMLPLPHMFFBB78CC,東峰段,9.74,都市：商,,,,01580000
RPVQMLPLPHMFFBB09CC,東峰段,10.16,都市：商,,,,01580000
RPQQMLPLPHMFFBB58CC,東峰段,5.92,都市：商,,,,01580000
RPXPMLPLPHMFFCB66CC,鑫港尾段,.00,都市：住,,,,00730000
RPPQMLPLPHMFFCB58CC,鑫港尾段,.00,都市：住,,,,00730000
RPOPMLQLPHMFFCB48CC,大進段,75.00,都市：住,,,,06760003
RPTPMLPLPHMFFCB88CC,鑫港尾段,.00,都市：住,,,,00730000
RPVQMLPLPHMFFCB56CC,中正段,6.24,都市：商,,,,01550000
RPSPMLPLPHMFFCB78CC,鑫港尾段,.00,都市：住,,,,00730000
RPQQMLPLPHMFFCB68CC,鑫港尾段,.00,都市：住,,,,00730000
RPTOMLQLPHMFFBB78CC,平田段,13.91,都市：住,,,,02440000
RPTOMLQLPHMFFAB68CC,麻園頭段,35.33,都市：住,,,,01300002
RPOQMLQLPHMFFCB58CC,田心段,22.41,都市：住,,,,18100000
RPUPMLQLPHMFFCB09CC,福和段,174.48,都市：住,,,,02380001
RPUPMLQLPHMFFCB09CC,福和段,174.54,都市：住,,,,02380002
RPUPMLQLPHMFFCB09CC,福和段,165.24,都市：住,,,,02380003
RPUPMLQLPHMFFCB09CC,福和段,280.35,都市：住,,,,02380004
RPUPMLQLPHMFFCB09CC,福和段,165.23,都市：住,,,,02380005
RPUPMLQLPHMFFCB09CC,福和段,165.23,都市：住,,,,02380006
RPUPMLQLPHMFFCB09CC,福和段,246.95,都市：住,,,,02380007
RPXPMLQLPHMFFAB56CC,土庫段,5.67,都市：住,,,,02370000
RPQNMLRLPHMFFDB68CC,福隆段,19.96,都市：其他:,,,,12520000
RPRNMLRLPHMFFDB78CC,福隆段,19.96,都市：其他:,,,,12520000
RPPOMLRLPHMFFDB78DC,豐原段,92.00,都市：商,,,,04090001
RPTNMLSLPHMFFJB07CC,信平段,61.00,都市：住,,,,07990000
RPQNMLTLPHMFFAB58CC,下橋子頭段,1.83,都市：商,,,,02170014
RPRNMLTLPHMFFAB68CC,下橋子頭段,3.73,都市：商,,,,02170014
RPSNMLTLPHMFFAB78CC,下橋子頭段,1.72,都市：商,,,,02170014
RPUNMLTLPHMFFAB98CC,下橋子頭段,1.76,都市：商,,,,02170014
RPXNMLLMPHMFFAB58CC,後?子段,.00,非都市： ; 非都市編定：,,,,01020027
RPROMLLMPHMFFDB38CC,北陽段,97.00,都市：住,,,,09730000
RPWOMLLMPHMFFAB58CC,下橋子頭段,.00,都市：住,,,,02580003
RPSOMLLMPHMFFDB48CC,北陽段,97.00,都市：住,,,,09730000
RPPNMLPLPHMFFKB09CC,王田段,242.00,非都市：山坡地保育區 ; 非都市編定：丁種建築用地,,,,05300141
RPPNMLPLPHMFFKB09CC,王田段,142.00,非都市：山坡地保育區 ; 非都市編定：丁種建築用地,,,,05290051
RPQQMLQLPHMFFBB68CC,賴厝?段,80.00,都市：住,,,,04350001
RPXPMLSLPHMFFBB86CC,平田段,8.69,都市：住,,,,05580000
RPWOMLQLPHMFFBB09CC,平田段,6.25,都市：住,,,,01800000
RPPPMLQLPHMFFBB48CC,平田段,18.59,都市：住,,,,02440000
RPXOMLSLPHMFFBB76CC,錦村段,.00,都市：商,,,,02960045
RPXOMLSLPHMFFBB76CC,錦村段,.00,都市：商,,,,03030005
RPROMLLMPHMFFCB28CC,廣昌段,65.19,都市：住,,,,09330022
RPXOMLRLPHMFFCB76CC,寶山段,495.87,都市：農,,,,09450000
RPWOMLLMPHMFFCB78CC,上石碑段,13.26,都市：住,,,,05290000
RPPQMLQLPHMFFCB68CC,惠信段,11.14,都市：住,,,,00550000
RPQPMLLMPHMFFCB28CC,大進段,.00,非都市： ; 非都市編定：,,,,03850004
RPOSMLLMPHMFFCB38CC,大新段,180.00,都市：住,,,,08380005
RPXRMLLMPHMFFCB56CC,惠民段,15.79,都市：其他:第六種新市政專用區,,,,01110000
RPRPMLLMPHMFFCB38CC,田心段,7.90,都市：住,,,,07050000
