﻿編號,屋齡,建物移轉面積平方公尺,主要用途,主要建材,建築完成日期,總層數,建物分層
The serial number,room age,building shifting area square meter,the main use,main building materials,construction completes the date,total layer,building lamination
RPRPMLLJNHMFFCD08CC,26,184.48,商業用,鋼鐵造,80年4月26日,一層,
RPRPMLLJNHMFFCD08CC,26,129.20,商業用,鋼鐵造,80年4月26日,一層,
RPTNMLMJNHMFFAD08DC,11,332.59,停車空間、店舖、住宅,ＲＣ造,95年5月19日,四層,
RPQNMLMJNHMFFAR09CC,22,264.97,住家用,鋼筋混凝土造,83年12月9日,四層,
RPQOMLLJNHMFFCR66CC,23,174.30,住家用,鋼筋混凝土造,83年9月12日,三層,
RPXNMLMJNHMFFCD58CC,21,276.40,住商用,鋼筋混凝土造,84年10月30日,三層,
RPOOMLNJNHMFFCD87CC,22,65.95,住家用,鋼筋混凝土造,83年12月16日,十六層,
RPOOMLNJNHMFFCD87CC,22,20.16,共有部分,鋼筋混凝土造,83年12月16日,十六層,
RPOOMLNJNHMFFCD87CC,22,13.40,共有部分,鋼筋混凝土造,83年12月16日,十六層,
RPXNMLNJNHMFFER67CC,30,156.29,住商用,鋼筋混凝土造,76年3月26日,三層,
RPVNMLPJNHMFFCD68CC,35,74.68,住家用,鋼筋混凝土造,71年10月29日,五層,
RPVNMLPJNHMFFCD68CC,35,17.13,共有部分,鋼筋混凝土造,71年10月29日,五層,
RPOOMLPJNHMFFCD08CC,24,55.39,住家用,鋼筋混凝土造,82年6月9日,十六層,
RPOOMLPJNHMFFCD08CC,24,10.61,共有部分,鋼筋混凝土造,82年6月9日,十六層,
RPOOMLPJNHMFFCD08CC,24,7.31,共有部分,鋼筋混凝土造,82年6月9日,十六層,
RPROMLPJNHMFFCD38CC,23,88.23,住家用,鋼筋混凝土造,83年4月1日,十四層,
RPROMLPJNHMFFCD38CC,23,23.87,共有部分,鋼筋混凝土造,83年4月1日,十四層,
RPWOMLPJNHMFFCD88CC,20,38.20,住宅、辦公室,鋼筋混凝土造,85年12月28日,五層,
RPUOMLMJNHMFFAD18CC,25,235.02,商業用,鋼筋混凝土造,80年12月12日,十七層,
RPPOMLSJNHMFFCD48CC,30,208.24,商業用,鐵骨造,76年6月4日,一層,
RPXNMLTJNHMFFCD66CC,37,80.47,住家用,鋼筋混凝土造,68年12月14日,五層,
RPXNMLTJNHMFFCD66CC,37,13.58,共有部分,鋼筋混凝土造,68年12月14日,五層,
RPROMLMJNHMFFHR37CC,19,69.11,住家用,鋼筋混凝土造,87年10月26日,十一層,
RPVNMLNJNHMFFHR77CC,50,93.05,住家用,加強磚造,56年10月1日,一層,
RPVNMLNJNHMFFHR77CC,50,70.19,住家用,加強磚造,56年10月1日,一層,
RPOPMLPJNHMFFHR47CC,18,117.54,國民住宅,鋼筋混凝土造,88年8月24日,十四層,
RPQOMLPJNHMFFHR57CC,24,132.54,住家用,鋼筋混凝土造,82年8月27日,十六層,
RPQOMLPJNHMFFHR57CC,24,18.04,共有部分,鋼筋混凝土造,82年8月27日,十五層,
RPQOMLPJNHMFFHR57CC,24,18.57,避難室兼停車空間、梯間、清水池、配電室、門廊、消防泵浦間、交誼廳、乒乓球室。,鋼筋混凝土造,82年8月27日,十六層,
RPXNMLOJNHMFFHR08CC,9,52.12,住家用,鋼筋混凝土造,97年9月3日,十四層,
RPXNMLOJNHMFFHR08CC,9,20.36,共有部分,鋼筋混凝土造,97年9月3日,十四層,
RPWNMLNJNHMFFHR87CC,33,110.87,住家用,加強磚造,73年10月9日,二層,
RPSOMLTJNHMFFAD68CC,10,124.95,集合住宅,ＲＣ造,96年1月11日,十四層,
RPSOMLTJNHMFFAD68CC,10,13.95,共有部分,ＲＣ造,96年1月11日,14,
RPSOMLTJNHMFFAD68CC,10,46.30,共有部分,ＲＣ造,96年1月11日,十四層,
RPQPMLPJNHMFFAD18CC,33,125.86,住家用,鋼筋混凝土造,72年11月30日,五層,
RPQPMLPJNHMFFAD18CC,33,20.48,共有部分,鋼筋混凝土造,72年11月30日,五層,
RPROMLTJNHMFFAD58CC,22,16.02,住家用,鋼筋混凝土造,83年12月16日,十三層,
RPQPMLTJNHMFFAD58CC,27,50.82,住商用,鋼筋混凝土造,79年3月5日,四層,
RPROMLTJNHMFFAD58CC,22,5.57,共有部分,鋼筋混凝土造,83年12月16日,十三層,
RPVOMLTJNHMFFAD98CC,24,154.28,住商用,鋼筋混凝土造,82年10月18日,七層,
RPVOMLTJNHMFFAD98CC,24,42.96,共有部分,鋼筋混凝土造,82年10月18日,七層,
RPWNMLOJNHMFFAD48CC,11,62.24,集合住宅,ＲＣ造,95年7月13日,九層,
RPXNMLTJNHMFFAD09CC,29,65.84,住家用,鋼筋混凝土造,77年4月5日,五層,
RPXNMLTJNHMFFAD09CC,29,4.41,共有部分,鋼筋混凝土造,77年4月5日,五層,
RPOOMLTJNHMFFAD28CC,28,211.59,住家用,鋼筋混凝土造,78年9月7日,三層,
RPUOMLPJNHMFFAD48CC,39,6.14,共有部分,鋼筋混凝土造,66年12月2日,七層,
RPUOMLPJNHMFFAD48CC,39,17.78,住家用,鋼筋混凝土造,66年12月2日,七層,
RPRNMLKKNHMFFBD77CC,22,228.19,住商用,鋼筋混凝土造,84年6月16日,八層,
RPQNMLPKNHMFFHR57CC,29,216.56,住商用,鋼筋混凝土造,77年3月21日,四層,
RPUPMLLKNHMFFAD28CC,35,38.07,住商用,鋼筋混凝土造,71年2月26日,四層,
RPUPMLLKNHMFFAD28CC,35,18.00,住商用,鋼筋混凝土造,71年2月26日,四層,
RPTPMLLKNHMFFAD18CC,37,597.08,住商用,鋼筋混凝土造,68年10月29日,八層,
RPWOMLLKNHMFFHR87CC,18,73.60,見使用執照,鋼筋混凝土造,88年4月26日,十二層,
RPRNMLPKNHMFFHR67CC,21,285.36,住商用,鋼筋混凝土造,85年3月28日,五層,
RPTNMLPKNHMFFFR67CC,12,210.81,住家用,鋼筋混凝土造,93年11月3日,四層,
RPTNMLQKNHMFFHR97CC,23,84.82,住家用,鋼筋混凝土造,83年10月6日,十二層,
RPTNMLQKNHMFFHR97CC,23,25.29,共有部分,鋼筋混凝土造,83年10月20日,十二層,
RPWNMLRKNHMFFHR38CC,2,56.47,住家用,鋼筋混凝土構造,104年7月20日,四層,
RPTOMLQKNHMFFAD58CC,14,100.78,集合住宅,鋼筋混凝土造,92年9月16日,十四層,
RPSNMLPKNHMFFHR77CC,22,48.14,辦公室。,鋼筋混凝土造,84年3月31日,十五層,
RPQOMLRKNHMFFAD38CC,22,145.76,住家用,鋼筋混凝土造,84年1月4日,二十五層,
RPQOMLRKNHMFFBD48CC,23,123.72,住商用,鋼筋混凝土造,83年6月28日,二層,
RPSOMLRKNHMFFAD58CC,20,34.34,住家用,鋼筋混凝土造,85年12月2日,十九層,
RPSOMLRKNHMFFAD58CC,20,2.64,共有部分,鋼筋混凝土造,85年12月2日,十九層,
RPSOMLRKNHMFFAD58CC,20,6.02,共有部分,鋼筋混凝土造,85年12月2日,十九層,
RPXOMLRKNHMFFAD09CC,13,167.85,店舖、住宅,鋼筋混凝土造,93年3月29日,十層,
RPUPMLRKNHMFFAD88CC,1,207.97,店舖、住宅,鋼筋混凝土構造,104年11月23日,四層,
RPUPMLRKNHMFFAD88CC,1,.11,共有部分包括管理室,鋼筋混凝土構造,104年11月23日,四層,
RPOPMLRKNHMFFAD28CC,44,133.90,住家用,加強磚造,61年11月22日,二層,
RPVPMLRKNHMFFAD98CC,22,66.63,住家用,鋼筋混凝土造,84年1月19日,六層,
RPVPMLRKNHMFFAD98CC,22,19.14,共有部分,鋼筋混凝土造,84年1月19日,六層,
RPPPMLSKNHMFFAD48CC,1,203.99,店舖、住宅,鋼筋混凝土構造,104年11月23日,四層,
RPPPMLSKNHMFFAD48CC,1,.10,共有部分包括管理室,鋼筋混凝土構造,104年11月23日,四層,
RPTNMLSKNHMFFBD78CC,37,107.52,住商用,加強磚造,69年6月30日,二層,
RPOOMLTKNHMFFBR27CC,30,122.97,農舍,鐵造,75年12月15日,一層,
RPSOMLMLNHMFFAD18CC,25,24.42,住家用,鋼筋混凝土造,81年11月5日,六層,
RPSOMLMLNHMFFAD18CC,25,9.48,共有部分,鋼筋混凝土造,81年11月5日,六層,
RPSOMLMLNHMFFAD18CC,25,1.92,共有部分,鋼筋混凝土造,81年11月5日,六層,
RPVNMLRKNHMFFCD98CC,9,32.97,住家用,鋼筋混凝土造,97年2月29日,十四層,
RPVNMLRKNHMFFCD98CC,9,8.21,共有部分,鋼筋混凝土造,97年2月29日,十四層,
RPVNMLRKNHMFFCD98CC,9,10.74,共有部分,鋼筋混凝土造,97年2月29日,十四層,
RPQOMLRKNHMFFCD58CC,23,35.40,共有部分,鋼筋混凝土造,83年2月2日,七層,
RPQOMLRKNHMFFCD58CC,23,62.95,住家用,鋼筋混凝土造,83年2月2日,七層,
RPXNMLTKNHMFFCD76CC,9,28.99,住家用,鋼筋混凝土造,97年2月29日,十四層,
RPXNMLTKNHMFFCD76CC,9,7.15,共有部分,鋼筋混凝土造,97年2月29日,十四層,
RPXNMLTKNHMFFCD76CC,9,8.57,共有部分,鋼筋混凝土造,97年2月29日,十四層,
RPWNMLRKNHMFFCD09CC,17,151.19,住家用,鋼筋混凝土造,89年10月24日,八層,
RPQNMLQKNHMFFCD38CC,22,105.03,住商用,鋼筋混凝土造,84年8月10日,九層,
RPPNMLKKNHMFFCD67CC,9,28.26,住家用,鋼筋混凝土造,97年2月29日,十四層,
RPPNMLKKNHMFFCD67CC,9,6.97,共有部分,鋼筋混凝土造,97年2月29日,十四層,
RPPNMLKKNHMFFCD67CC,9,8.40,共有部分,鋼筋混凝土造,97年2月29日,十四層,
RPUOMLMLNHMFFAD38CC,6,63.54,店舖,鋼骨構造,100年11月7日,一層,
RPTNMLNLNHMFFFR57CC,10,197.60,住商用,鋼筋混凝土造,96年10月9日,四層,
RPUNMLNLNHMFFFR67CC,6,249.09,住商用,鋼筋混凝土造,99年12月24日,四層,
RPWNMLNLNHMFFAD58CC,10,29.35,集合住宅,鋼筋混凝土構造,96年8月24日,十四層,
RPXNMLNLNHMFFAD68CC,10,20.86,集合住宅,鋼筋混凝土構造,96年8月24日,十四層,
RPTNMLNLNHMFFCD48CC,49,81.71,商業用,補強磚造,57年1月1日,四層,
RPSOMLOLNHMFFCD58CC,47,29.75,住家用,加強磚造,59年10月24日,二層,
RPVOMLOLNHMFFAD68CC,49,195.42,住家用,加強磚造,57年10月30日,三層,
RPSQMLPLNHMFFAD68CC,27,18.23,住家用,鋼筋混凝土造,79年1月15日,五層,
RPSQMLPLNHMFFAD68CC,27,7.78,共有部分,鋼筋混凝土造,79年1月15日,五層,
RPTNMLPLNHMFFAR27CC,26,25.51,住家用,鋼筋混凝土造,80年10月22日,六層,
RPSNMLPLNHMFFAR17CC,23,35.06,住家用,鋼筋混凝土造,83年8月29日,九層,
RPRNMLMKNHMFFAR66CC,23,33.54,住家用,鋼筋混凝土造,83年2月7日,七層,
RPUNMLPLNHMFFAR37CC,2,55.84,住商用,鋼筋混凝土造,104年8月3日,三層,
RPUOMLQLNHMFFBD88CC,23,290.23,店住、停車空間,鋼筋混凝土造,83年10月20日,四層,
RPTNMLQLNHMFFFR87CC,1,225.16,住家用,鋼筋混凝土造,104年12月2日,四層,
RPTOMLQLNHMFFAD78DC,21,5.25,管理員室,鋼筋混凝土造,85年9月19日,十三層,
RPTOMLQLNHMFFAD78DC,21,81.66,住家用,鋼筋混凝土造,85年9月19日,十三層,
RPOOMLQLNHMFFCD48DC,36,235.17,住商用,鋼筋混凝土造,70年7月28日,四層,
RPQNMLQLNHMFFCD48CC,,121.71,集合住宅,鋼筋混凝土造,105年12月1日,七層,
RPXNMLQLNHMFFCD56CC,6,444.20,住宅、停車空間,鋼筋混凝土造,100年8月3日,五層,
RPOOMLNLNHMFFHR37CC,19,31.45,住家用,鋼筋混凝土造,87年6月2日,七層,
RPQOMLQLNHMFFHR87CC,18,22.67,住家用,鋼筋混凝土造,88年8月24日,十四層,
RPQOMLQLNHMFFHR87CC,18,.57,共有部分,鋼筋混凝土造,88年8月24日,十四層,
RPQOMLQLNHMFFHR87CC,18,1.04,共有部分,鋼筋混凝土造,88年8月24日,十四層,
RPQOMLQLNHMFFHR87CC,18,6.04,共有部分,鋼筋混凝土造,88年8月24日,十四層,
RPUNMLNLNHMFFHR87CC,18,56.95,住家用,鋼筋混凝土造,88年5月19日,十一層,
RPOPMLMLNHMFFHR37CC,26,44.78,住家用,鋼筋混凝土造,80年6月5日,七層,
RPOPMLMLNHMFFHR37CC,26,15.21,共有部分,鋼筋混凝土造,80年6月5日,七層,
RPSPMLNLNHMFFHR87CC,1,68.21,住家用,鋼筋混凝土構造,105年2月2日,五層,
RPSPMLNLNHMFFHR87CC,1,26.54,本共有部分之項目有樓梯間，機械室，水塔，管理維護空間，停車空間等５項,鋼筋混凝土構造,105年2月2日,五層,
RPTNMLNLNHMFFHR77CC,21,164.96,住家用,鋼筋混凝土造,85年11月6日,二十六層,
RPTNMLNLNHMFFHR77CC,21,75.31,管理員室兼防災中心。,鋼筋混凝土造,85年11月6日,二十六層,
RPPOMLNLNHMFFHR47CC,16,66.72,住家用,鋼筋混凝土造,90年1月10日,十一層,
RPRNMLRLNHMFFHR97CC,27,192.10,辦公室。,鋼筋混凝土造,79年3月17日,十六層,
RPPNMLPLNHMFFHR57CC,35,42.36,住商用,加強磚造,71年7月17日,二層,
RPRPMLNLNHMFFHR77CC,23,108.96,住家用,鋼筋混凝土造,83年5月4日,十五層,
RPRPMLNLNHMFFHR77CC,23,21.13,共有部分,鋼筋混凝土造,83年5月4日,十六層,
RPRPMLNLNHMFFHR77CC,23,10.80,共有部分,鋼筋混凝土造,83年5月4日,十五層,
RPQOMLLMNHMFFHR47CC,5,59.03,集合住宅,鋼筋混凝土構造,101年8月17日,十九層,
RPQOMLLMNHMFFHR47CC,5,29.34,防空避難室兼停車空間，機電設備，社區文康室，社區運動室，梯廳，機械室，水箱,鋼筋混凝土構造,101年8月17日,十九層,
RPPNMLKMNHMFFAD67CC,45,67.86,工業用,鐵骨石棉瓦,60年11月26日,一層,
RPTNMLLMNHMFFCD38CC,47,29.75,住家用,加強磚造,59年10月24日,二層,
RPUNMLLJOHMFFCD28CC,21,514.77,廠房．辦公室（工業區）,鋼骨造,85年7月10日,一層,
RPRNMLLMNHMFFCD18CC,33,143.62,住商用,鋼筋混凝土造,73年11月27日,四層,
RPQOMLLMNHMFFAD97CC,8,29.75,店舖、住宅、停車空間,鋼筋混凝土造,98年5月25日,五層,
RPXNMLMJOHMFFAD48CC,50,233.53,商業用,鋼筋混凝土造,56年9月6日,四層,
RPPNMLMJOHMFFHR17CC,23,89.18,住家用,鋼筋混凝土造,83年11月1日,十二層,
RPPNMLMJOHMFFHR17CC,23,38.57,共有部分,鋼筋混凝土造,83年11月1日,十二層,
RPUNMLLMNHMFFAD28CC,31,19.83,住家用,鋼筋混凝土造,75年6月23日,四層,
RPXNMLMJOHMFFHR97CC,32,97.71,廠房、辦公室、員工宿舍、避難室。,鋼筋混凝土造,73年10月19日,四層,
RPVNMLNJOHMFFAD38CC,19,26.75,住家用,鋼筋混凝土造,87年9月5日,九層,
RPVNMLNJOHMFFAD38CC,19,18.19,共有部分,鋼筋混凝土造,87年9月5日,九層,
RPPOMLMJOHMFFAD77CC,22,40.56,住家用,鋼筋混凝土造,84年3月13日,三層,
RPTOMLQJOHMFFAD58CC,21,5.25,管理員室,鋼筋混凝土造,85年9月19日,十三層,
RPTOMLQJOHMFFAD58CC,21,81.66,住家用,鋼筋混凝土造,85年9月19日,十三層,
RPUPMLPJOHMFFAD68CC,1,427.53,集合住宅,鋼筋混凝土構造,105年11月4日,二十四層,
RPPNMLOJOHMFFAD87CC,21,82.83,住家用,鋼筋混凝土造,85年9月7日,十七層,
RPPPMLSJOHMFFAD48CC,43,60.88,住家用,加強磚造,63年10月26日,二層,
RPUNMLSJOHMFFHR38DC,7,263.89,住商用,鋼筋混凝土造,99年2月8日,四層,
RPUNMLTJOHMFFDR08DC,41,178.53,住商用,鋼筋混凝土造,65年11月2日,四層,
RPQOMLQJOHMFFCD48CC,22,235.17,住商用,鋼筋混凝土造,84年8月12日,十五層,
RPWNMLKKOHMFFCD48CC,9,39.02,住家用,鋼筋混凝土造,97年2月29日,十四層,
RPXNMLNJOHMFFCD78CC,23,45.75,住商用,鋼筋混凝土造,83年4月15日,五層,
RPPOMLRJOHMFFCD48CC,18,200.22,商業用,鋼筋混凝土造,88年10月20日,十一層,
RPOOMLLJOHMFFCD77CC,22,235.17,住商用,鋼筋混凝土造,84年8月12日,十五層,
RPPOMLQJOHMFFCD38CC,10,104.67,商業用,鋼筋混凝土造,96年9月6日,十四層,
RPQOMLLJOHMFFCD97CC,6,106.43,店舖、住宅、停車空間。,鋼筋混凝土造,100年5月17日,五層,
RPOOMLQJOHMFFCD28CC,17,96.64,商業用,鋼造,89年1月19日,一層,
RPXNMLKKOHMFFCD58CC,9,26.59,住家用,鋼筋混凝土造,97年2月29日,十四層,
RPOOMLKKOHMFFCD77CC,18,79.35,店舖　停車空間,鋼筋混凝土造,88年3月12日,十層,
RPSNMLLKOHMFFCD18CC,14,164.18,店舖、住宅、停車空間,鋼筋混凝土造,91年12月10日,四層,
RPQNMLLKOHMFFHR27CC,5,95.42,集合住宅,鋼筋混凝土構造,101年8月17日,十九層,
RPPNMLMKOHMFFHR27CC,35,65.20,住家用,加強磚造,71年7月8日,二層,
RPOOMLMKOHMFFAD77CC,23,282.00,住商用,鋼筋混凝土造,83年1月17日,四層,
RPQPMLNKOHMFFCD48DC,20,79.49,住家用,鋼筋混凝土造,85年12月31日,七層,
RPTNMLOKOHMFFER57CC,12,168.88,住宅、梯間,鋼筋混凝土造,94年7月12日,三層,
RPQNMLMKOHMFFHR37CC,35,96.70,住商用,加強磚造,71年7月24日,二層,
RPWNMLOKOHMFFHR18CC,22,62.12,住家用,鋼筋混凝土造,84年9月8日,十九層,
RPPPMLOKOHMFFCD38CC,6,80.19,住家用,鋼筋混凝土造,99年12月13日,十四層,
RPVNMLOKOHMFFHR08CC,5,88.37,集合住宅,鋼筋混凝土構造,101年8月17日,十九層,
RPRNMLNKOHMFFHR57CC,23,80.92,住家用,鋼筋混凝土造,83年5月4日,十五層,
RPRNMLNKOHMFFHR57CC,23,21.13,共有部分,鋼筋混凝土造,83年5月4日,十六層,
RPRNMLNKOHMFFHR57CC,23,10.80,共有部分,鋼筋混凝土造,83年5月4日,十五層,
RPSNMLPKOHMFFCD58CC,26,14.44,住家用,鋼筋混凝土造,80年1月22日,九層,
RPVNMLTKOHMFFHR58CC,11,126.56,住家用,鋼筋混凝土造,95年1月26日,六層,
RPTNMLPKOHMFFCD68CC,31,103.16,住家用,鋼筋混凝土造,75年6月28日,五層,
RPUNMLTKOHMFFHR48CC,19,60.42,住家用,鋼筋混凝土造,87年10月26日,十一層,
RPTNMLTKOHMFFCD09CC,10,95.09,住家用,鋼筋混凝土造,95年12月7日,十層,
RPTNMLTKOHMFFCD09CC,10,60.13,共有部分,鋼筋混凝土造,95年12月7日,十層,
RPTNMLTKOHMFFCD09CC,10,9.92,共有部分,鋼筋混凝土造,95年12月7日,十層,
RPRNMLTKOHMFFCD88CC,4,177.43,住家用,鋼筋混凝土造,102年7月11日,十八層,
RPRNMLTKOHMFFCD88CC,4,86.99,共有部分,鋼筋混凝土造,102年7月11日,十八層,
RPRNMLTKOHMFFCD88CC,4,25.90,共有部分,鋼筋混凝土造,102年7月11日,十八層,
RPUNMLQKOHMFFCD88CC,10,78.89,住家用,鋼筋混凝土造,96年11月6日,七層,
RPUNMLQKOHMFFCD88CC,10,15.12,防空避難室兼停車空間、管理委員會使用空間,鋼筋混凝土造,96年11月6日,七層,
RPUNMLQKOHMFFCD88CC,10,18.50,共有部分,鋼筋混凝土造,96年11月6日,七層,
RPPOMLTKOHMFFCD78CC,24,114.75,住商用,鋼筋混凝土造,82年8月12日,三層,
RPPOMLPKOHMFFCD38CC,9,26.49,住家用,鋼筋混凝土造,97年2月29日,十四層,
RPPOMLPKOHMFFCD38CC,9,6.54,共有部分,鋼筋混凝土造,97年2月29日,十四層,
RPPOMLPKOHMFFCD38CC,9,7.83,共有部分,鋼筋混凝土造,97年2月29日,十四層,
RPOOMLLLOHMFFHR27CC,21,86.74,住家用,鋼筋混凝土造,85年1月29日,十六層,
RPOOMLLLOHMFFHR27CC,21,10.33,共有部分,鋼筋混凝土造,85年1月29日,十七層,
RPOOMLLLOHMFFHR27CC,21,4.76,共有部分,鋼筋混凝土造,85年1月29日,十六層,
RPVOMLLLOHMFFHR97CC,29,134.76,住家用,鋼筋混凝土造,77年2月8日,二層,
RPTNMLLLOHMFFER37CC,13,216.18,住宅，門廊,鋼筋混凝土造,93年4月19日,四層,
RPQNMLMLOHMFFHR47CC,24,89.71,住家用,鋼筋混凝土造,82年4月8日,七層,
RPQNMLMLOHMFFHR47CC,24,44.18,共有部分,鋼筋混凝土造,82年4月8日,七層,
RPQPMLMLOHMFFHR67CC,24,132.54,住家用,鋼筋混凝土造,82年8月27日,十五層,
RPQPMLMLOHMFFHR67CC,24,18.40,共有部分,鋼筋混凝土造,82年8月27日,十五層,
RPQPMLMLOHMFFHR67CC,24,18.57,避難室兼停車空間、梯間、清水池、配電室、門廊、消防泵浦間、交誼廳、乒乓球室。,鋼筋混凝土造,82年8月27日,十六層,
RPOPMLLLOHMFFAD87CC,21,22.02,辦公室,鋼筋混凝土造,85年8月29日,十一層,
RPSOMLKLOHMFFAD08CC,22,53.89,住家用,鋼筋混凝土造,83年12月22日,二十一層,
RPTOMLTKOHMFFAD98CC,25,39.50,住商用,鋼筋混凝土造,81年7月16日,五層,
RPVNMLTKOHMFFAD09CC,30,132.02,住家用,鋼筋混凝土造,76年8月6日,二層,
RPVOMLTKOHMFFAD56CC,23,70.90,住商用,鋼筋混凝土造,83年6月1日,五層,
RPQQMLMKOHMFFAD18CC,51,76.90,住家用,加強磚造,55年1月1日,二層,
RPTPMLMLOHMFFHR97CC,36,76.42,住家用,鋼筋混凝土造,70年12月2日,五層,
RPTPMLMLOHMFFHR97CC,36,7.97,共有部分,鋼筋混凝土造,70年12月2日,五層,
RPTPMLMLOHMFFHR97CC,36,5.33,共有部分,鋼筋混凝土造,70年12月2日,五層,
RPVPMLMKOHMFFAD58CC,19,68.41,集合住宅,鋼筋混凝土造,87年4月20日,十四層,
RPUOMLLLOHMFFAD38CC,4,145.74,店舖、住宅、停車空間,鋼筋混凝土構造,101年12月27日,五層,
RPQOMLNLOHMFFCD38CC,36,67.91,住家用,鋼筋混凝土造,70年10月23日,五層,
RPQOMLNLOHMFFCD38CC,36,5.44,共有部分,鋼筋混凝土造,70年10月23日,五層,
RPQNMLNLOHMFFHR57CC,19,41.48,住家用,鋼筋混凝土造,87年10月26日,十一層,
RPQNMLNLOHMFFHR57CC,19,5.57,共有部分,鋼筋混凝土造,87年10月26日,十一層,
RPQNMLNLOHMFFHR57CC,19,13.40,共有部分,鋼筋混凝土造,87年10月26日,十一層,
RPQOMLMLOHMFFCD28CC,7,64.76,住家用,鋼筋混凝土造,99年5月7日,十四層,
RPQOMLMLOHMFFCD28CC,7,27.13,本共有部分之項目有地下一、二、三層全部、有頂蓋式開放空間、門廊、一至十四層梯間、屋突等。,鋼筋混凝土造,99年5月7日,十四層,
RPPOMLMLOHMFFCD18CC,21,99.85,住家用,鋼筋混凝土造,85年1月17日,七層,
RPPOMLMLOHMFFCD18CC,21,33.55,共有部分,鋼筋混凝土造,85年1月17日,七層,
RPOOMLMLOHMFFCD08CC,33,143.62,住商用,鋼筋混凝土造,73年11月27日,四層,
RPQRMLNLOHMFFAD48CC,10,50.15,集合住宅,鋼筋混凝土構造,96年8月24日,十四層,
RPQRMLNLOHMFFAD48CC,10,6.74,共有部分,鋼筋混凝土構造,96年8月24日,十四層,
RPQRMLNLOHMFFAD48CC,10,10.58,共有部分,鋼筋混凝土構造,96年8月24日,十四層,
RPROMLMLOHMFFAD18CC,22,29.77,住家用,鋼筋混凝土造,84年7月4日,十八層,
RPROMLMLOHMFFAD18CC,22,13.74,共有部分,鋼筋混凝土造,84年7月4日,十八層,
RPXNMLMLOHMFFAD68CC,19,93.57,住家用,鋼筋混凝土造,87年1月5日,二十六層,
RPXNMLMLOHMFFAD68CC,19,29.41,共有部分,鋼筋混凝土造,87年1月5日,二十六層,
RPXNMLMLOHMFFAD68CC,19,18.73,共有部分,鋼筋混凝土造,87年1月5日,二十六層,
RPRNMLNLOHMFFHR67CC,2,79.56,住家用,鋼筋混凝土構造,104年8月10日,十層,
RPRNMLNLOHMFFHR67CC,2,15.40,配電室，電信室，蓄水池，發電機室，消防泵浦室，消防水池，防空避難室，電樓梯間，管理室使用空間，騎樓，門廊，屋頂突出物等十二項,鋼筋混凝土構造,104年8月10日,十層,
RPRNMLNLOHMFFHR67CC,2,16.74,樓梯間,鋼筋混凝土構造,104年8月10日,十層,
RPQNMLNLOHMFFFR37CC,20,185.30,住商用,鋼筋混凝土造,86年5月26日,四層,
RPQOMLNLOHMFFHR67CC,24,37.90,住家用,鋼筋混凝土造,82年10月2日,七層,
RPQOMLNLOHMFFHR67CC,24,13.77,共有部分,鋼筋混凝土造,82年10月2日,七層,
RPWNMLRLOHMFFAD09CC,17,69.51,集合住宅,鋼筋混凝土造,89年11月20日,十四層,
RPWNMLRLOHMFFAD09CC,17,20.22,共有部分,鋼筋混凝土造,89年11月20日,十四層,
RPSOMLQLOHMFFAD68CC,9,162.26,集合住宅,鋼筋混凝土造,96年12月27日,十九層,
RPUNMLPLOHMFFAD68CC,40,28.21,住商用,鋼筋混凝土造,66年3月19日,四層,
RPROMLQLOHMFFAD58CC,11,62.26,集合住宅,ＲＣ造,94年12月13日,十層,
RPROMLQLOHMFFAD58CC,11,29.18,共有部分,ＲＣ造,94年12月13日,十層,
RPROMLQLOHMFFAD58CC,11,8.98,共有部分,ＲＣ造,94年12月13日,十層,
RPTRMLNLOHMFFAD78CC,11,26.69,集合住宅,ＲＣ造,95年7月13日,九層,
RPTRMLNLOHMFFAD78CC,11,4.30,共有部分,ＲＣ造,95年7月13日,十一層,
RPTRMLNLOHMFFAD78CC,11,8.63,共有部分,ＲＣ造,95年7月13日,九層,
RPTRMLNLOHMFFAD78CC,11,.01,共有部分,ＲＣ造,95年7月13日,十一層,
RPWNMLRLOHMFFER28CC,1,78.54,商業用,鋼筋混凝土造,105年11月29日,一層,
RPWNMLRLOHMFFER28CC,1,81.67,商業用,鋼筋混凝土造,105年11月29日,一層,
RPWNMLRLOHMFFCD66CC,19,83.23,住家用,鋼筋混凝土造,87年10月6日,八層,
RPWNMLRLOHMFFCD66CC,19,30.29,共有部分,鋼筋混凝土造,87年10月6日,八層,
RPXNMLRLOHMFFBD66CC,36,89.67,集合住宅,鋼筋混凝土造,70年9月7日,四層,
RPXNMLRLOHMFFBD66CC,36,3.07,避難室,鋼筋混凝土造,70年9月7日,四層,
RPXNMLRLOHMFFBD66CC,36,8.08,共有部分,鋼筋混凝土造,70年9月7日,四層,
RPOOMLSLOHMFFAD48CC,22,78.37,住家用,鋼筋混凝土造,84年1月4日,二十五層,
RPSOMLSLOHMFFCD09CC,36,84.03,住家用,鋼筋混凝土造,70年12月2日,五層,
RPTPMLSLOHMFFAD09CC,11,26.69,集合住宅,ＲＣ造,95年7月13日,九層,
RPTPMLSLOHMFFAD09CC,11,4.30,共有部分,ＲＣ造,95年7月13日,十一層,
RPTPMLSLOHMFFAD09CC,11,8.63,共有部分,ＲＣ造,95年7月13日,九層,
RPTPMLSLOHMFFAD09CC,11,.01,共有部分,ＲＣ造,95年7月13日,十一層,
RPWNMLTLOHMFFAD66CC,20,219.21,補習班,鋼筋混凝土造,86年5月19日,十層,
RPWNMLTLOHMFFAD66CC,20,39.17,補習班,鋼筋混凝土造,86年5月19日,十層,
RPTPMLTLOHMFFHR68CC,43,18.20,住家用,加強磚造,63年11月22日,三層,
RPVNMLKMOHMFFHR87CC,20,78.70,住家用,鋼筋混凝土造,86年1月28日,十九層,
RPVNMLKMOHMFFHR87CC,20,19.28,共有部分,鋼筋混凝土造,86年1月28日,十九層,
RPVNMLKMOHMFFHR87CC,20,15.16,共有部分,鋼筋混凝土造,86年1月28日,十九層,
RPOPMLTLOHMFFHR18CC,23,86.45,住家用,鋼筋混凝土造,82年12月30日,九層,
RPOPMLTLOHMFFHR18CC,23,39.94,共有部分,鋼筋混凝土造,82年12月30日,九層,
RPXOMLTLOHMFFAD86CC,26,48.85,住家用,鋼筋混凝土造,80年6月7日,五層,
RPVNMLSLOHMFFHR58CC,1,160.80,住家用,鋼筋混凝土構造,105年10月26日,二十三層,
RPOPMLRLOHMFFHR97CC,23,86.01,住家用,鋼筋混凝土造,83年12月16日,九層,
RPOPMLRLOHMFFHR97CC,23,53.51,共有部分,鋼筋混凝土造,83年12月16日,九層,
RPUNMLKMOHMFFAD28CC,25,59.55,住商用,鋼筋混凝土造,81年7月16日,五層,
RPWNMLKMOHMFFAD48CC,25,59.55,住商用,鋼筋混凝土造,81年7月16日,五層,
RPOOMLTLOHMFFHR08CC,1,35.53,住家用,鋼筋混凝土構造,105年8月29日,十五層,
RPPNMLMJPHMFFCD97CC,26,96.20,住商用,鋼筋混凝土造,80年6月7日,四層,
RPVNMLKMOHMFFCD58CC,33,67.34,住家用,鋼筋混凝土造,73年10月19日,五層,
RPVNMLKMOHMFFCD58CC,33,14.54,共有部分,鋼筋混凝土造,73年10月19日,五層,
RPQPMLKMOHMFFAD08CC,26,19.67,商業用,鋼筋混凝土造,80年5月17日,五層,
RPQPMLKMOHMFFAD08CC,26,7.58,共有部分,鋼筋混凝土造,80年5月17日,五層,
RPSOMLNJPHMFFCD48CC,24,48.78,住家用,鋼筋混凝土造,82年9月11日,六層,
RPXNMLNJPHMFFAD68CC,87,190.09,商業用,鋼筋混凝土加強磚造,20年1月1日,三層,
RPXNMLKMOHMFFAD58CC,25,68.55,住商用,鋼筋混凝土造,81年7月16日,五層,
RPOOMLNJPHMFFAD87CC,24,26.52,商業用,鋼筋混凝土造,82年5月11日,十五層,
RPPOMLNJPHMFFAD97CC,32,52.48,住商用,鋼筋混凝土造,74年5月10日,四層,
RPPNMLOJPHMFFHR47CC,23,71.84,住家用,鋼筋混凝土造,83年5月4日,十五層,
RPSOMLPJPHMFFFR77CC,39,84.16,住家用,加強磚造,67年3月11日,一層,
RPSNMLOJPHMFFFR57CC,9,607.20,住家用,鋼筋混凝土造、鋼筋混凝土構造、鋼骨構造。,97年12月12日,四層,
RPSNMLOJPHMFFFR57CC,9,1041.54,工業用,鋼筋混凝土造、鋼筋混凝土構造、鋼骨構造。,97年12月12日,四層,
RPWNMLOJPHMFFCD88CC,38,152.42,住家用,加強磚造,68年11月22日,二層,
RPVNMLPJPHMFFDR87DC,27,78.00,住商用,鋼筋混凝土造,79年7月11日,五層,
RPOPMLOJPHMFFCD28CC,9,31.31,住家用,鋼筋混凝土造,97年2月29日,十四層,
RPOPMLOJPHMFFCD28CC,9,7.77,共有部分,鋼筋混凝土造,97年2月29日,十四層,
RPOPMLOJPHMFFCD28CC,9,10.19,共有部分,鋼筋混凝土造,97年2月29日,十四層,
RPWOMLOJPHMFFCD98CC,9,31.31,住家用,鋼筋混凝土造,97年2月29日,十四層,
RPWOMLOJPHMFFCD98CC,9,7.77,共有部分,鋼筋混凝土造,97年2月29日,十四層,
RPWOMLOJPHMFFCD98CC,9,10.19,共有部分,鋼筋混凝土造,97年2月29日,十四層,
RPVOMLPJPHMFFHR28CC,21,57.48,住家用,鋼筋混凝土造,85年1月29日,十六層,
RPVOMLPJPHMFFHR28CC,21,6.81,共有部分,鋼筋混凝土造,85年1月29日,十七層,
RPVOMLPJPHMFFHR28CC,21,3.30,共有部分,鋼筋混凝土造,85年1月29日,十六層,
RPRNMLPJPHMFFCD48CC,36,85.57,住家用,鋼筋混凝土造,70年7月10日,五層,
RPRNMLPJPHMFFCD48CC,36,14.39,共有部分,鋼筋混凝土造,70年7月10日,五層,
RPPNMLPJPHMFFCD28CC,17,89.93,住家用,鋼筋混凝土造,89年3月8日,七層,
RPPNMLPJPHMFFCD28CC,17,9.37,共有部分,鋼筋混凝土造,89年3月8日,七層,
RPPNMLPJPHMFFCD28CC,17,15.01,共有部分,鋼筋混凝土造,89年3月8日,七層,
RPPNMLPJPHMFFCD28CC,17,20.15,共有部分,鋼筋混凝土造,89年3月8日,七層,
RPTNMLPJPHMFFCD68CC,48,92.23,住家用,補強磚造,58年8月15日,四層,
RPVNMLPJPHMFFCD88CC,23,68.91,住家用,鋼筋混凝土造,83年12月14日,七層,
RPVNMLPJPHMFFCD88CC,23,19.31,共有部分,鋼筋混凝土造,83年12月14日,七層,
RPVNMLPJPHMFFCD88CC,23,13.83,共有部分,鋼筋混凝土造,83年12月14日,七層,
RPPNMLQJPHMFFHR67CC,21,22.98,住家用,鋼筋混凝土造,85年10月28日,八層,
RPQNMLQJPHMFFHR77CC,22,61.21,辦公室。,鋼筋混凝土造,84年3月31日,十五層,
RPQNMLQJPHMFFER47CC,25,151.74,住家用,鋼筋混凝土造,81年3月20日,三層,
RPUNMLRJPHMFFHR28CC,43,101.44,住家用,加強磚造,63年11月1日,二層,
RPUNMLRJPHMFFHR28CC,43,104.44,住家用,加強磚造,63年11月1日,二層,
RPROMLRJPHMFFHR08CC,26,23.11,住家用,鋼筋混凝土造,80年10月22日,八層,
RPROMLRJPHMFFHR08CC,26,17.18,共有部分,鋼筋混凝土造,80年10月22日,八層,
RPQNMLTJPHMFFCD78CC,29,63.13,住家用,鋼筋混凝土造,77年11月8日,五層,
RPVNMLKKPHMFFAD28CC,,90.30,住家用,鋼骨構造,106年4月24日,一層,
RPUNMLTJPHMFFAD98CC,25,30.17,住家用,鋼筋混凝土造,81年8月13日,五層,
RPOOMLOJPHMFFAD97CC,11,26.69,集合住宅,ＲＣ造,95年7月13日,九層,
RPOOMLOJPHMFFAD97CC,11,4.30,共有部分,ＲＣ造,95年7月13日,十一層,
RPOOMLOJPHMFFAD97CC,11,8.63,共有部分,ＲＣ造,95年7月13日,九層,
RPOOMLOJPHMFFAD97CC,11,.01,共有部分,ＲＣ造,95年7月13日,十一層,
RPWOMLNJPHMFFAD68CC,25,56.95,,鋼筋混凝土造,81年11月23日,六層,
RPOOMLPJPHMFFAD08CC,24,104.08,住家用,鋼筋混凝土造,82年3月4日,六層,
RPOOMLPJPHMFFAD08CC,24,34.72,共有部分,鋼筋混凝土造,82年3月4日,六層,
RPOOMLPJPHMFFAD08CC,24,8.59,共有部分,鋼筋混凝土造,82年3月4日,六層,
RPVNMLPJPHMFFAD68CC,30,34.26,住商用,鋼筋混凝土造,76年10月30日,七層,
RPVNMLPJPHMFFAD68CC,30,10.62,共有部分,鋼筋混凝土造,76年10月30日,七層,
RPQOMLPJPHMFFAD28CC,24,59.79,住家用,鋼筋混凝土造,82年11月2日,十三層,
RPQOMLPJPHMFFAD28CC,24,13.62,共有部分,鋼筋混凝土造,82年11月2日,十三層,
RPQOMLPJPHMFFAD28CC,24,1.00,共有部分,鋼筋混凝土造,82年11月2日,十三層,
RPVPMLLKPHMFFAD58CC,35,44.58,住家用,鋼筋混凝土造,71年2月23日,七層,
RPVPMLLKPHMFFAD58CC,35,14.20,共有部分,鋼筋混凝土造,71年2月23日,七層,
RPRPMLLKPHMFFAD18CC,38,50.30,住家用,鋼筋混凝土造,68年4月6日,七層,
RPUNMLLKPHMFFBD38CC,2,209.35,住商用,鋼筋混凝土造,104年8月5日,三層,
RPTNMLNKPHMFFCD58CC,9,32.55,住家用,鋼筋混凝土造,97年2月29日,十四層,
RPTNMLNKPHMFFCD58CC,9,8.04,共有部分,鋼筋混凝土造,97年2月29日,十四層,
RPTNMLNKPHMFFCD58CC,9,10.62,共有部分,鋼筋混凝土造,97年2月29日,十四層,
RPRNMLTJPHMFFCD88CC,9,198.25,店舖、 住宅、停車空間,鋼筋混凝土造,96年12月21日,四層,
RPROMLMKPHMFFCD38CC,27,50.88,住商用,鋼筋混凝土造,79年6月25日,四層,
RPSOMLLKPHMFFCD38CC,33,205.70,住家用,鋼筋混凝土造,73年11月10日,三層,
RPQOMLMKPHMFFCD28CC,,427.55,店鋪,鋼骨構造,106年2月18日,一層,
RPQOMLLKPHMFFCD18CC,26,18.01,住家用,鋼筋混凝土造,80年1月21日,七層,
RPQNMLNKPHMFFCD28CC,1,239.93,集合住宅,鋼筋混凝土造,105年3月14日,十四層,
RPROMLLKPHMFFCD28CC,42,81.64,住家用,補強磚造,64年7月15日,二層,
RPQOMLKKPHMFFCD08CC,32,88.80,住家用,鋼筋混凝土造,74年11月13日,七層,
RPXPMLNKPHMFFAD98CC,4,60.44,集合住宅,鋼筋混凝土構造,102年6月20日,十五層,
RPXPMLNKPHMFFAD98CC,4,14.91,本共有部分之項目有防空避難室、停車空間、門廊、車道、門廳、管理維護空間、公共服務空間。,鋼筋混凝土構造,102年6月20日,十五層,
RPXPMLNKPHMFFAD98CC,4,16.52,本共有部分之項目有樓梯間,鋼筋混凝土構造,102年6月20日,十五層,
RPRNMLNKPHMFFDR37DC,21,181.08,住商用,鋼筋混凝土造,85年9月14日,三層,
RPUNMLNKPHMFFCD68CC,36,189.61,住商用,鋼筋混凝土造,70年12月18日,三層,
RPPOMLRKPHMFFAD48CC,9,47.15,店舖,鋼筋混凝土造,97年10月23日,三層,
RPSOMLRKPHMFFCD98CC,31,254.37,住商用,鋼筋混凝土造,75年8月8日,四層,
RPROMLRKPHMFFAD68CC,14,168.82,集合住宅,鋼筋混凝土造,92年9月16日,十四層,
RPSNMLPKPHMFFAD48CC,26,85.30,住家用,鋼筋混凝土造,80年6月4日,十二層,
RPSNMLPKPHMFFAD48CC,26,14.87,共有部分,鋼筋混凝土造,80年6月4日,十二層,
RPTNMLRKPHMFFAD78CC,13,200.51,住家用,ＲＣ造,93年2月6日,四層,
RPTOMLRKPHMFFCD09CC,9,31.23,住家用,鋼筋混凝土造,97年2月29日,十四層,
RPTOMLRKPHMFFCD09CC,9,7.77,共有部分,鋼筋混凝土造,97年2月29日,十四層,
RPTOMLRKPHMFFCD09CC,9,9.22,共有部分,鋼筋混凝土造,97年2月29日,十四層,
RPRNMLRKPHMFFHR08CC,38,93.90,住家用,加強磚造,68年3月27日,二層,
RPVOMLLKPHMFFHR97CC,2,163.05,店舖，住宅,鋼筋混凝土構造,104年8月10日,十層,
RPXNMLRKPHMFFHR68CC,18,122.95,住家用,鋼筋混凝土造,88年8月24日,十四層,
RPTNMLTKPHMFFHR48CC,27,371.90,辦公室。,鋼筋混凝土造,79年3月17日,十六層,
RPUNMLTKPHMFFHR58CC,18,65.60,住家用,鋼筋混凝土造,88年3月17日,十一層,
RPSNMLTKPHMFFHR38CC,5,88.37,集合住宅,鋼筋混凝土構造,101年8月17日,十九層,
RPTNMLTKPHMFFAD98CC,24,69.18,住家用,鋼筋混凝土造,82年11月2日,十三層,
RPTNMLTKPHMFFAD98CC,24,21.56,共有部分,鋼筋混凝土造,82年11月2日,十三層,
RPOPMLTKPHMFFAD68CC,18,86.79,見其他登記事項,鋼筋混凝土造,88年7月30日,十層,
RPOPMLTKPHMFFAD68CC,18,11.66,共有部分,鋼筋混凝土造,88年7月30日,十層,
RPTNMLTKPHMFFAD98CC,24,1.00,共有部分,鋼筋混凝土造,82年11月2日,十三層,
RPOPMLTKPHMFFAD68CC,18,13.10,共有部分,鋼筋混凝土造,88年7月30日,十層,
RPOPMLTKPHMFFAD68CC,18,6.70,共有部分,鋼筋混凝土造,88年7月30日,十層,
RPXNMLSKPHMFFAD66CC,57,101.90,住家用,磚造,50年1月1日,二層,
RPXNMLTKPHMFFAD76CC,37,136.41,住商用,鋼筋混凝土造,69年6月4日,四層,
RPWOMLKLPHMFFAD58CC,7,51.22,集合住宅,鋼筋混凝土造,99年4月6日,十四層,
RPWOMLKLPHMFFAD58CC,7,19.46,共有部分,鋼筋混凝土造,99年4月6日,十四層,
RPUNMLTKPHMFFAD09CC,25,111.63,住家用,鋼筋混凝土造,81年5月8日,六層,
RPUNMLTKPHMFFAD09CC,25,17.81,共有部分,鋼筋混凝土造,81年5月8日,六層,
RPPOMLTKPHMFFAD68CC,25,219.45,住商用,鋼筋混凝土造,82年1月9日,四層,
RPSNMLMLPHMFFHR77CC,21,219.20,住商用,鋼筋混凝土造,85年11月6日,二十六層,
RPOOMLMLPHMFFHR47CC,10,177.71,住家用,鋼筋混凝土造,96年9月20日,十四層,
RPROMLMLPHMFFFR57CC,37,98.21,住家用,鋼筋混凝土造,69年4月10日,三層,
RPROMLMLPHMFFFR57CC,37,90.34,住家用,鋼筋混凝土造,69年4月10日,三層,
RPROMLLLPHMFFHR67CC,23,38.98,住家用,鋼筋混凝土造,83年2月22日,七層,
RPOOMLOLPHMFFHR67CC,23,248.35,住商用,鋼筋混凝土造,83年10月6日,十七層,
RPVNMLOLPHMFFFR08CC,25,161.20,住家用,鋼筋混凝土造,81年8月31日,三層,
RPWNMLPLPHMFFAD98CC,2,149.62,店舖,鋼筋混凝土構造,104年2月24日,十六層,
RPWNMLPLPHMFFAD98CC,2,79.63,本共有部分之項目有：管委會（防災中心）、樓梯間、水箱、電信室、管道間、門廊、緩衝空間、車道、機械室、停車空間、防空避難室。,鋼筋混凝土構造,104年2月24日,十六層,
RPSNMLPLPHMFFAD58CC,37,104.34,住家用,鋼筋混凝土造,69年6月14日,五層,
RPSNMLPLPHMFFAD58CC,37,21.28,共有部分,鋼筋混凝土造,69年6月14日,五層,
RPVNMLPLPHMFFAD88CC,28,22.23,住商用,鋼筋混凝土造,78年12月6日,三層,
RPQNMLPLPHMFFAD38CC,1,57.52,集合住宅,鋼筋混凝土構造,105年11月9日,二十七層,
RPQNMLPLPHMFFAD38CC,1,27.78,本共有部分之項目有：樓梯間、機房、水箱、特別安全梯、梯廳、排煙管道、排煙室、行動不便電梯、緊急升降機、管道間、進風管道、防空避難室、停車空間、管委會使用空間,鋼筋混凝土構造,105年11月9日,二十七層,
RPXNMLOLPHMFFAD98CC,17,201.71,集合住宅,鋼筋混凝土造,89年4月6日,二十三層,
RPVOMLOLPHMFFAD88CC,27,178.46,住商用,鋼筋混凝土造,79年3月1日,三層,
RPWNMLOLPHMFFAD88CC,23,43.06,住家用,鋼筋混凝土造,83年12月22日,二十一層,
RPOOMLOLPHMFFAD18CC,13,65.94,集合住宅,鋼筋混凝土造,93年12月3日,八層,
RPPOMLPLPHMFFAD38CC,28,56.16,住商用,鋼筋混凝土造,78年12月6日,三層,
RPSNMLPLPHMFFHR08CC,21,29.84,辦公室。,鋼筋混凝土造,85年1月29日,十七層,
RPSNMLPLPHMFFHR08CC,21,3.55,共有部分,鋼筋混凝土造,85年1月29日,十七層,
RPSNMLPLPHMFFHR08CC,21,2.36,共有部分,鋼筋混凝土造,85年1月29日,十七層,
RPTNMLPLPHMFFER87CC,24,169.45,住家用,鋼筋混凝土造,83年1月18日,四層,
RPWNMLPLPHMFFCD66DC,16,156.13,飲食店,鋼骨造,90年5月24日,一層,
RPSNMLQLPHMFFDR87DC,28,300.42,住商用,鋼筋混凝土造,78年3月28日,五層,
RPPOMLQLPHMFFHR97CC,1,232.11,店舖,鋼骨構造有牆,105年9月10日,一層,
RPROMLQLPHMFFHR18CC,24,99.95,住家用,鋼筋混凝土造,82年10月27日,六層,
RPSOMLQLPHMFFHR28CC,10,204.16,住家用,鋼筋混凝土造,96年9月20日,十四層,
RPSNMLQLPHMFFCD88CC,1,19.65,集合住宅,鋼筋混凝土造,105年11月14日,七層,
RPXNMLKLPHMFFCD78CC,34,58.55,住商用,鋼筋混凝土造,72年10月22日,七層,
RPXNMLKLPHMFFCD78CC,34,6.05,共有部分,鋼筋混凝土造,72年10月22日,七層,
RPWNMLQLPHMFFCD66CC,3,130.09,集合住宅,鋼筋混凝土造,103年6月5日,五層,
RPVNMLQLPHMFFCD56CC,42,66.11,住商用,鋼筋混凝土造,64年10月24日,三層,
RPQNMLPLPHMFFCD58CC,36,95.76,住家用,鋼筋混凝土造,70年11月3日,五層,
RPXNMLPLPHMFFCD66CC,9,21.81,住家用,鋼筋混凝土造,97年2月29日,十四層,
RPXNMLPLPHMFFCD66CC,9,5.39,共有部分,鋼筋混凝土造,97年2月29日,十四層,
RPXNMLPLPHMFFCD66CC,9,7.13,共有部分,鋼筋混凝土造,97年2月29日,十四層,
RPOOMLPLPHMFFCD48CC,31,142.10,住家用,鋼筋混凝土造,75年6月12日,二層,
RPPNMLPLPHMFFCD48CC,38,82.95,住商用,鋼筋混凝土造,68年10月17日,三層,
RPUNMLPLPHMFFCD98CC,9,21.70,住家用,鋼筋混凝土造,97年2月29日,十四層,
RPUNMLPLPHMFFCD98CC,9,5.39,共有部分,鋼筋混凝土造,97年2月29日,十四層,
RPUNMLPLPHMFFCD98CC,9,7.11,共有部分,鋼筋混凝土造,97年2月29日,十四層,
RPTNMLTKPHMFFCD56CC,9,23.20,住家用,鋼筋混凝土造,97年2月29日,十四層,
RPTNMLTKPHMFFCD56CC,9,33.57,共有部分,鋼筋混凝土造,97年2月29日,十四層,
RPTNMLTKPHMFFCD56CC,9,7.56,共有部分,鋼筋混凝土造,97年2月29日,十四層,
RPVPMLRLPHMFFHR78CC,23,148.77,住商用,鋼筋混凝土造,83年5月3日,十層,
RPSNMLSLPHMFFAD88CC,22,110.53,住商用,鋼筋混凝土造,84年7月11日,七層,
RPSNMLSLPHMFFAD88CC,22,35.62,共有部分,鋼筋混凝土造,84年7月11日,七層,
RPTNMLSLPHMFFAD98CC,1,161.73,集合住宅,鋼筋混凝土構造,105年10月26日,十八層,
