﻿鄉鎮市區,交易標的,土地位置建物門牌,土地面積平方公尺,都市土地使用分區,非都市土地使用分區,非都市土地使用編定,租賃年月日,租賃筆棟數,租賃層次,總樓層數,建物型態,主要用途,主要建材,建築完成年月,建物總面積平方公尺,建物現況格局-房,建物現況格局-廳,建物現況格局-衛,建物現況格局-隔間,有無管理組織,有無附傢俱,總額元,單價元平方公尺,車位類別,車位面積平方公尺,車位總額元,備註,編號
The villages and towns urban district,transaction sign,land sector position building sector house number plate,land shifting total area square meter,the use zoning or compiles and checks,the non-metropolis land use district,non-metropolis land use,transaction year month and day,transaction pen number,shifting level,total floor number,building state,main use,main building materials,construction to complete the years,building shifting total area,Building present situation pattern - room,building present situation pattern - hall,building present situation pattern - health,building present situation pattern - compartmented,Whether there is manages the organization,Whether there is attaches the furniture,total price NTD,the unit price (NTD / square meter),the berth category,berth shifting total area square meter,the berth total price NTD,the note,serial number
中西區,土地,中正段810地號,36.01,住,,,1060426,土地3建物0車位0,,,其他,,,,0.0,0,0,0,有,無,無,8000,222,,0.0,0,,RPOOMLLJNHMFFAD47CC
東區,房地(土地+建物),臺南市東區中華東路二段50號/52號,794.41,商,,,1060501,土地5建物2車位0,見其他登記事項,1,店面(店鋪),商業用,見其他登記事項,0800426,313.68,0,0,0,無,無,無,165000,526,,0.0,0,,RPRPMLLJNHMFFCD08CC
六甲區,房地(土地+建物),臺南市六甲區信義街95號,79.05,住,,,1060425,土地1建物1車位0,見其他登記事項,3,店面(店鋪),住家用,鋼筋混凝土造,0830912,174.3,5,1,3,有,無,無,13000,75,,0.0,0,,RPQOMLLJNHMFFCR66CC
新營區,房地(土地+建物),臺南市新營區民生路163巷110之7號,126.01,住,,,1060429,土地1建物1車位0,全,4,透天厝,住家用,鋼筋混凝土造,0831209,264.97,6,2,5,有,無,有,12000,45,,0.0,0,,RPQNMLMJNHMFFAR09CC
中西區,房地(土地+建物),臺南市中西區健康路一段322號,116.71,住,,,1060424,土地1建物1車位0,見其他登記事項,4,公寓(5樓含以下無電梯),見其他登記事項,見其他登記事項,0950519,332.59,5,2,5,有,無,無,45000,135,,0.0,0,,RPTNMLMJNHMFFAD08DC
永康區,建物,臺南市永康區中華一路203巷12號三樓之2,0.0,商,,,1060430,土地0建物1車位0,三層,11,住宅大樓(11層含以上有電梯),住家用,鋼筋混凝土造,0871026,69.11,4,2,2,有,有,有,13000,188,,0.0,0,,RPROMLMJNHMFFHR37CC
南區,建物,臺南市南區新城街４９號,0.0,住,,,1060412,土地0建物1車位0,全,3,透天厝,住商用,鋼筋混凝土構造,0841030,276.4,1,3,5,有,無,無,23000,83,,0.0,0,,RPXNMLMJNHMFFCD58CC
中西區,建物,臺南市中西區成功路457號十三樓之5,0.0,,,,1060417,土地0建物1車位0,十三層,17,辦公商業大樓,商業用,鋼筋混凝土造,0801212,235.02,0,0,0,無,無,無,32000,136,,0.0,0,,RPUOMLMJNHMFFAD18CC
東區,建物,臺南市東區大同路二段77號七樓之3,0.0,商,,,1060430,土地0建物1車位0,七層,16,住宅大樓(11層含以上有電梯),住家用,鋼筋混凝土構造,0831216,99.51,2,2,1,有,無,有,9000,90,,0.0,0,,RPOOMLNJNHMFFCD87CC
永康區,房地(土地+建物),臺南市永康區大灣路1034號,408.14,住,,,1060423,土地2建物2車位0,全,1,透天厝,住家用,加強磚造,0561001,163.24,0,0,0,無,無,無,70000,429,,0.0,0,,RPVNMLNJNHMFFHR77CC
永康區,建物,臺南市永康區六合路54巷22號,0.0,住,,,1060430,土地0建物1車位0,全,2,透天厝,住家用,加強磚造,0731009,110.87,6,1,4,有,無,有,18000,162,,0.0,0,,RPWNMLNJNHMFFHR87CC
新化區,房地(土地+建物),臺南市新化區中山路635號,69.75,住,,,1060503,土地1建物1車位0,全,3,透天厝,住商用,鋼筋混凝土造,0760326,156.29,5,2,3,有,無,無,12000,77,,0.0,0,,RPXNMLNJNHMFFER67CC
永康區,建物,臺南市永康區中華二路357號6樓之8,0.0,住,,,1060426,土地0建物1車位0,六層,14,住宅大樓(11層含以上有電梯),住家用,鋼筋混凝土造,0970903,72.47999999999999,1,1,1,有,有,有,11000,152,,0.0,0,,RPXNMLOJNHMFFHR08CC
中西區,建物,臺南市中西區衛民街62號2樓之2,0.0,住,,,1060405,土地0建物1車位1,二層,9,套房(1房1廳1衛),見其他登記事項,見其他登記事項,0950713,62.24,1,1,1,有,有,有,19000,305,坡道平面,0.23,0,,RPWNMLOJNHMFFAD48CC
中西區,建物,臺南市中西區頂美一街7號三樓之6,0.0,,,,1060429,土地0建物1車位0,三層,7,華廈(10層含以下有電梯),住家用,鋼筋混凝土造,0661202,23.92,1,0,1,有,有,有,7500,314,,0.0,0,,RPUOMLPJNHMFFAD48CC
中西區,建物,臺南市中西區南門路187巷4之3號,0.0,,,,1060502,土地0建物1車位0,四層,5,公寓(5樓含以下無電梯),住家用,鋼筋混凝土造,0721130,146.34,4,2,2,有,無,有,16000,109,,0.0,0,,RPQPMLPJNHMFFAD18CC
東區,建物,臺南市東區崇德路333巷23弄32之4號,0.0,,,,1060503,土地0建物1車位0,五層,5,公寓(5樓含以下無電梯),住家用,鋼筋混凝土構造,0711029,91.81,3,2,2,有,無,有,12000,131,,0.0,0,,RPVNMLPJNHMFFCD68CC
東區,建物,臺南市東區林森路一段132號十四樓,0.0,,,,1060501,土地0建物1車位0,十四層,16,住宅大樓(11層含以上有電梯),住家用,鋼筋混凝土構造,0820609,73.31,2,1,1,有,有,無,8000,109,,0.0,0,,RPOOMLPJNHMFFCD08CC
東區,建物,臺南市東區崇明路227號六樓,0.0,住,,,1060417,土地0建物1車位0,六層,14,住宅大樓(11層含以上有電梯),住家用,鋼筋混凝土構造,0830401,112.10000000000001,3,1,2,有,有,有,12000,107,,0.0,0,,RPROMLPJNHMFFCD38CC
東區,建物,臺南市東區崇善路172號1樓,0.0,住,,,1060430,土地0建物1車位0,一層,5,店面(店鋪),見其他登記事項,鋼筋混凝土構造,0851228,38.2,0,1,1,有,無,無,60000,1571,,0.0,0,,RPWOMLPJNHMFFCD88CC
永康區,建物,臺南市永康區鹽行里新行街133號十四樓之1,0.0,,,,1060429,土地0建物1車位0,十四層,15,住宅大樓(11層含以上有電梯),住家用,鋼筋混凝土造,0820827,169.14999999999998,4,2,2,有,有,有,17000,101,,0.0,0,,RPQOMLPJNHMFFHR57CC
永康區,建物,臺南市永康區大橋一街47之6號二樓之2,0.0,住,,,1060505,土地0建物1車位0,二層,14,住宅大樓(11層含以上有電梯),國民住宅,鋼筋混凝土造,0880824,117.54,3,2,2,有,有,有,13500,115,,0.0,0,,RPOPMLPJNHMFFHR47CC
東區,建物,臺南市東區中華東路三段２３８號,0.0,商,,,1060422,土地0建物1車位0,全,1,透天厝,商業用,見其他登記事項,0760604,208.24,0,0,0,無,無,無,120000,576,,0.0,0,,RPPOMLSJNHMFFCD48CC
東區,建物,臺南市東區富農街二段79巷7之4號,0.0,,,,1060504,土地0建物1車位0,五層,5,公寓(5樓含以下無電梯),住家用,鋼筋混凝土構造,0681214,94.05,3,2,1,有,無,無,7500,80,,0.0,0,,RPXNMLTJNHMFFCD66CC
中西區,建物,臺南市中西區永福路一段29號四樓之7,0.0,,,,1060503,土地0建物1車位0,四層,5,公寓(5樓含以下無電梯),住家用,鋼筋混凝土造,0770405,70.25,3,2,1,有,無,無,6500,93,,0.0,0,,RPXNMLTJNHMFFAD09CC
北區,建物,臺南市北區文賢二街157巷25號,0.0,住,,,1060503,土地0建物1車位0,全,3,透天厝,住家用,鋼筋混凝土造,0780907,211.59,5,2,4,有,無,有,19000,90,,0.0,0,,RPOOMLTJNHMFFAD28CC
安平區,建物,臺南市安平區慶平路388號十三樓之5,0.0,,,,1060505,土地0建物1車位0,十三層,13,住宅大樓(11層含以上有電梯),住家用,鋼筋混凝土造,0831216,21.59,1,1,1,有,有,有,6000,278,,0.0,0,,RPROMLTJNHMFFAD58CC
安平區,建物,臺南市安平區永華路二段902號十三樓之2,0.0,,,,1060506,土地0建物1車位0,十三層,14,住宅大樓(11層含以上有電梯),見其他登記事項,見其他登記事項,0960111,185.2,2,2,2,有,有,有,20000,108,,0.0,0,,RPSOMLTJNHMFFAD68CC
安平區,建物,臺南市安平區永華路二段902號十三樓之2,0.0,,,,1060506,土地0建物1車位0,一層,7,華廈(10層含以下有電梯),住商用,鋼筋混凝土造,0821018,197.24,3,2,3,有,有,無,17000,86,,0.0,0,,RPVOMLTJNHMFFAD98CC
中西區,建物,臺南市中西區永福路二段125號,0.0,,,,1060507,土地0建物0車位0,全,4,透天厝,住商用,鋼筋混凝土造,0790305,50.82,1,1,1,有,無,有,6000,118,,0.0,0,,RPQPMLTJNHMFFAD58CC
東區,建物,臺南市東區中華東路二段169號十樓之12,0.0,商,,,1060508,土地0建物1車位0,十層,14,住宅大樓(11層含以上有電梯),住家用,鋼筋混凝土構造,0970229,43.63,1,1,1,有,無,有,8500,195,,0.0,0,,RPPNMLKKNHMFFCD67CC
南區,土地,鹽埕段1-348地號,960.0,商,,,1060509,土地3建物0車位0,,,其他,,,,0.0,0,0,0,有,無,無,410000,427,,0.0,0,,RPUNMLKKNHMFFCD18CC
安南區,房地(土地+建物),臺南市安南區敦安街89號,80.08,住,,,1060510,土地1建物1車位0,見其他登記事項,5,店面(店鋪),住商用,鋼筋混凝土造,0840616,228.19,4,2,4,有,無,有,13000,57,,0.0,0,,RPRNMLKKNHMFFBD77CC
永康區,建物,臺南市永康區勝學路260巷8號三樓之6,0.0,住,,,1060509,土地0建物1車位0,三層,12,住宅大樓(11層含以上有電梯),見使用執照,鋼筋混凝土造,0880426,73.6,3,2,2,有,有,有,17000,231,,0.0,0,1.合約書無填具土地租賃面積2.由所有權人提供出租資訊3.租金已包含車位,RPWOMLLKNHMFFHR87CC
中西區,房地(土地+建物),臺南市中西區中山路166-6號1、2樓,432.93,商,,,1060428,土地1建物1車位0,一層,8,辦公商業大樓,住商用,鋼筋混凝土造,0681029,597.08,0,0,0,無,有,無,223200,374,,0.0,0,,RPTPMLLKNHMFFAD18CC
北區,房地(土地+建物),臺南市北區西門路四段452號,81.0,商,,,1060511,土地1建物1車位0,一層,4,店面(店鋪),住商用,鋼筋混凝土造,0710226,56.07,0,0,1,有,無,有,10000,178,,0.0,0,,RPUPMLLKNHMFFAD28CC
新營區,房地(土地+建物),臺南市新營區太子路53巷6弄17-3號,7.45,住,,,1060507,土地1建物1車位0,四層,7,華廈(10層含以下有電梯),住家用,鋼筋混凝土造,0830207,33.54,3,2,2,有,無,有,6000,179,,0.0,0,,RPRNMLMKNHMFFAR66CC
仁德區,建物,臺南市仁德區文山路159號,86.25,住,,,1060412,土地0建物1車位0,全,4,透天厝,住家用,鋼筋混凝土造,0931103,210.81,5,2,4,有,無,有,15000,71,,0.0,0,1.合約書無填具土地租賃面積. 2.由所有權人提供出租資訊,RPTNMLPKNHMFFFR67CC
永康區,房地(土地+建物),臺南市永康區忠義路52號,75.8,住,,,1060416,土地1建物1車位0,全,4,透天厝,住商用,鋼筋混凝土造,0770321,216.56,4,2,3,有,無,無,18000,83,,0.0,0,,RPQNMLPKNHMFFHR57CC
永康區,房地(土地+建物),臺南市永康區中山東路327號,101.22,住,,,1060421,土地1建物1車位0,全,5,透天厝,住商用,鋼筋混凝土造,0850328,285.36,5,2,6,有,無,無,28000,98,,0.0,0,,RPRNMLPKNHMFFHR67CC
永康區,房地(土地+建物),臺南市永康區忠義街60巷1號15樓之8,6.72,商,,,1060419,土地1建物1車位0,十五層,15,住宅大樓(11層含以上有電梯),見其他登記事項,鋼筋混凝土造,0840331,48.14,1,0,1,有,有,無,7500,156,,0.0,0,,RPSNMLPKNHMFFHR77CC
中西區,土地,中正段810地號,36.01,住,,,1060513,土地3建物0車位0,,,其他,,,,0.0,0,0,0,有,無,無,8000,222,,0.0,0,,RPROMLPKNHMFFAD28CC
北區,房地(土地+建物)+車位,臺南市北區長榮路5段41巷1號8樓之2,0.0,住,,,1060419,土地1建物1車位1,八層,14,住宅大樓(11層含以上有電梯),見其他登記事項,鋼筋混凝土造,0920916,100.78,3,2,2,有,無,有,16000,159,坡道平面,20.8,0,,RPTOMLQKNHMFFAD58CC
中西區,土地,赤崁段538地號,104.82,商,,,1060514,土地2建物0車位0,,,其他,,,,0.0,0,0,0,有,無,無,12000,114,,0.0,0,,RPQPMLQKNHMFFAD38CC
東區,房地(土地+建物),臺南市東區仁和路139巷41號,0.0,住,,,1060515,土地1建物1車位0,見其他登記事項,9,華廈(10層含以下有電梯),住商用,鋼筋混凝土造,0840810,105.03,3,2,3,有,無,有,15000,143,,0.0,0,租賃合約書無填寫土地租賃.租金含管理費,RPQNMLQKNHMFFCD38CC
永康區,建物,臺南市永康區國華街102巷111號九樓之1,0.0,住,,,1060510,土地0建物1車位0,九層,12,住宅大樓(11層含以上有電梯),住家用,鋼筋混凝土造,0831006,110.10999999999999,3,2,2,有,無,有,15000,136,,0.0,0,,RPTNMLQKNHMFFHR97CC
永康區,建物,臺南市永康區文賢街355號,0.0,,,,1060516,土地0建物1車位0,一層,4,店面(店鋪),住家用,見其他登記事項,1040720,56.47,0,1,1,有,無,無,15000,266,,0.0,0,,RPWNMLRKNHMFFHR38CC
安南區,建物,臺南市安南區安興街181巷78弄72號,0.0,,,,1060512,土地0建物1車位0,全,2,透天厝,住商用,鋼筋混凝土造,0830628,123.72,4,2,2,有,無,無,8000,65,,0.0,0,,RPQOMLRKNHMFFBD48CC
東區,房地(土地+建物),臺南市東區中華東路二段167號二樓之19,4.65,其他,,,1060421,土地1建物1車位0,二層,14,套房(1房1廳1衛),住家用,鋼筋混凝土構造,0970229,51.92,1,1,1,有,有,有,9500,183,,0.0,0,,RPVNMLRKNHMFFCD98CC
東區,房地(土地+建物),臺南市東區崇德十九街107號七樓之2,28.03,住,,,1060511,土地1建物1車位0,七層,8,華廈(10層含以下有電梯),住家用,鋼筋混凝土構造,0891024,151.19,3,2,2,有,有,有,20000,132,,0.0,0,,RPWNMLRKNHMFFCD09CC
東區,建物,臺南市東區東成街200巷56號三樓,0.0,,,,1060514,土地0建物1車位0,三層,7,華廈(10層含以下有電梯),住家用,鋼筋混凝土構造,0830202,98.35,3,2,2,有,有,無,9000,92,,0.0,0,,RPQOMLRKNHMFFCD58CC
北區,建物,臺南市北區公園南路358號六樓之6,0.0,住,,,1060513,土地0建物1車位0,六層,25,住宅大樓(11層含以上有電梯),住家用,鋼筋混凝土造,0840104,145.76,4,1,2,有,有,有,14500,99,,0.0,0,,RPQOMLRKNHMFFAD38CC
北區,建物,臺南市北區北園街8巷12號十樓之1,0.0,,,,1060513,土地0建物1車位0,十層,19,住宅大樓(11層含以上有電梯),住家用,鋼筋混凝土造,0851202,43.0,1,0,1,有,有,有,10000,233,,0.0,0,,RPSOMLRKNHMFFAD58CC
北區,房地(土地+建物),臺南市北區和緯路1段86巷22號,42.12,住,,,1060420,土地1建物1車位0,一層,10,華廈(10層含以下有電梯),見其他登記事項,鋼筋混凝土造,0930329,167.85,1,2,2,有,無,無,11000,66,,0.0,0,,RPXOMLRKNHMFFAD09CC
中西區,房地(土地+建物),臺南市中西區文和街24號,138.13,住,,,1060421,土地1建物1車位0,全,2,透天厝,住家用,加強磚造,0611122,133.9,6,2,3,有,無,無,18000,134,,0.0,0,,RPOPMLRKNHMFFAD28CC
北區,建物,臺南市北區北成路490號,0.0,商,,,1060419,土地0建物1車位0,全,4,透天厝,見其他登記事項,見其他登記事項,1041123,208.08,4,2,5,有,無,無,38000,183,,0.0,0,,RPUPMLRKNHMFFAD88CC
安平區,建物,臺南市安平區建平三街65巷18號2樓之2,0.0,住,,,1060427,土地0建物1車位0,二層,6,華廈(10層含以下有電梯),住家用,鋼筋混凝土造,0840119,85.77,2,1,1,有,有,無,7040,82,,0.0,0,,RPVPMLRKNHMFFAD98CC
北區,建物,臺南市北區北成路488號,0.0,,,,1060518,土地0建物1車位0,全,4,透天厝,見其他登記事項,見其他登記事項,1041123,204.09,4,2,4,有,無,無,36000,176,,0.0,0,,RPPPMLSKNHMFFAD48CC
安南區,房地(土地+建物),臺南市安南區長和路二段93號,135.42,農,,,1060516,土地2建物1車位0,見其他登記事項,2,店面(店鋪),住商用,加強磚造,0690630,107.52,4,3,3,有,無,無,15000,140,,0.0,0,,RPTNMLSKNHMFFBD78CC
後壁區,房地(土地+建物),臺南市後壁區福安里200之5號,1605.0,,特定農業區,農牧用地,1060505,土地1建物1車位0,見其他登記事項,1,農舍,農舍,鐵造,0751215,122.97,4,2,1,有,無,無,10000,,,0.0,0,,RPOOMLTKNHMFFBR27CC
東區,房地(土地+建物),臺南市東區中華東路二段169號五樓之3,4.02,住,,,1060427,土地1建物1車位0,五層,14,套房(1房1廳1衛),住家用,鋼筋混凝土構造,0970229,44.71,1,0,1,有,有,有,8500,190,,0.0,0,,RPXNMLTKNHMFFCD76CC
安平區,建物,臺南市安平區建平五街22巷36弄32號三樓之3,0.0,,,,1060520,土地0建物1車位0,三層,6,華廈(10層含以下有電梯),住家用,鋼筋混凝土造,0811105,35.82,1,0,1,有,有,有,5800,162,,0.0,0,,RPSOMLMLNHMFFAD18CC
安平區,房地(土地+建物),臺南市安平區華平路601號,160.0,住,,,1060519,土地1建物1車位0,見其他登記事項,1,店面(店鋪),見其他登記事項,見其他登記事項,1001107,63.54,0,0,0,無,無,無,75000,1180,,0.0,0,,RPUOMLMLNHMFFAD38CC
永康區,建物,臺南市永康區大橋里中山南路61號七樓之3,0.0,,,,1060522,土地0建物1車位0,七層,7,華廈(10層含以下有電梯),住家用,鋼筋混凝土造,0800605,59.99,2,1,1,有,有,有,10000,167,,0.0,0,,RPOPMLMLNHMFFHR37CC
永康區,房地(土地+建物)+車位,臺南市永康區中山路356號15樓-7,17.23,住,,,1060522,土地1建物1車位0,十五層,26,住宅大樓(11層含以上有電梯),住家用,鋼筋混凝土造,0851106,240.27,3,2,2,有,有,有,13050,54,坡道機械,0.0,0,,RPTNMLNLNHMFFHR77CC
永康區,房地(土地+建物),臺南市永康區新興街8之3號3樓之3,8.25,住,,,1060501,土地1建物1車位0,三層,11,住宅大樓(11層含以上有電梯),住家用,鋼筋混凝土造,0880519,56.95,3,2,2,有,有,有,9800,172,,0.0,0,,RPUNMLNLNHMFFHR87CC
永康區,建物,臺南市永康區中華二路266巷42號三樓之2,0.0,住,,,1060518,土地0建物1車位0,三層,7,華廈(10層含以下有電梯),住家用,鋼筋混凝土造,0870602,31.45,1,1,1,有,有,有,7000,223,,0.0,0,,RPOOMLNLNHMFFHR37CC
永康區,建物,臺南市永康區中山東路152號十樓之8,0.0,住,,,1060520,土地0建物1車位0,十層,11,住宅大樓(11層含以上有電梯),住家用,鋼筋混凝土造,0900110,66.72,3,1,2,有,有,有,13500,202,,0.0,0,,RPPOMLNLNHMFFHR47CC
永康區,房地(土地+建物)+車位,臺南市永康區永二街423號十二樓之1,24.06,住,,,1060423,土地1建物1車位1,十二層,15,住宅大樓(11層含以上有電梯),住家用,鋼筋混凝土造,0830504,140.89,4,2,2,有,有,無,12000,85,坡道機械,0.0,0,車位坪數內含於共有部份內,RPRPMLNLNHMFFHR77CC
永康區,房地(土地+建物),臺南市永康區復華六街67巷15號五樓之2,21.64,住,,,1060515,土地1建物1車位0,五層,5,華廈(10層含以下有電梯),住家用,見其他登記事項,1050202,94.75,2,2,2,有,有,有,14000,148,,0.0,0,,RPSPMLNLNHMFFHR87CC
歸仁區,房地(土地+建物),臺南市歸仁區中正南路二段36號,636.15,住,,,1060423,土地2建物1車位0,見其他登記事項,4,店面(店鋪),住商用,鋼筋混凝土造,0961009,197.6,4,3,3,有,無,無,20000,101,,0.0,0,,RPTNMLNLNHMFFFR57CC
歸仁區,房地(土地+建物),臺南市歸仁區中山路三段238號,91.73,住,,,1060515,土地1建物1車位0,見其他登記事項,4,店面(店鋪),住商用,鋼筋混凝土造,0991224,249.09,5,3,5,有,無,無,22000,88,,0.0,0,,RPUNMLNLNHMFFFR67CC
北區,房地(土地+建物),臺南市北區公園南路365號12樓之1,4.35,住,,,1060501,土地1建物1車位0,十二層,14,住宅大樓(11層含以上有電梯),見其他登記事項,見其他登記事項,0960824,29.35,1,0,0,有,有,有,10000,341,,0.0,0,,RPWNMLNLNHMFFAD58CC
北區,房地(土地+建物),臺南市北區公園南路365號4樓之10,2.9,住,,,1060516,土地1建物1車位0,四層,14,住宅大樓(11層含以上有電梯),見其他登記事項,見其他登記事項,0960824,20.86,1,0,1,有,有,有,6000,288,,0.0,0,,RPXNMLNLNHMFFAD68CC
東區,建物,臺南市東區育樂街164號,0.0,商,,,1060518,土地0建物1車位0,一層,4,店面(店鋪),商業用,見其他登記事項,0570101,81.71,0,0,1,有,無,無,40000,490,,0.0,0,,RPTNMLNLNHMFFCD48CC
南區,建物,臺南市南區新興路183巷16弄5號,0.0,,,,1060524,土地0建物1車位0,全,2,透天厝,住家用,加強磚造,0591024,29.75,1,0,1,有,無,有,6000,202,,0.0,0,,RPSOMLOLNHMFFCD58CC
中西區,房地(土地+建物),臺南市中西區海安路二段115巷3號,76.84,商,,,1060524,土地3建物1車位0,見其他登記事項,3,店面(店鋪),住家用,加強磚造,0571030,195.42,4,2,3,有,無,無,25000,128,,0.0,0,,RPVOMLOLNHMFFAD68CC
安平區,土地,新南段47-16地號,511.0,住,,,1060506,土地2建物0車位0,,,其他,,,,0.0,0,0,0,有,無,無,23000,45,,0.0,0,,RPPQMLPLNHMFFAD38CC
中西區,建物,臺南市中西區民生路一段205巷7號四樓之4,0.0,,,,1060525,土地0建物1車位0,四層,5,華廈(10層含以下有電梯),住家用,鋼筋混凝土造,0790115,26.01,1,0,1,有,無,有,4200,161,,0.0,0,,RPSQMLPLNHMFFAD68CC
新營區,房地(土地+建物),臺南市新營區延平路40之2號7樓之2,4.34,商,,,1060425,土地4建物1車位0,七層,9,華廈(10層含以下有電梯),住家用,鋼筋混凝土造,0830829,35.06,3,2,2,有,無,有,5700,163,,0.0,0,,RPSNMLPLNHMFFAR17CC
新營區,房地(土地+建物),臺南市新營區富源街22號4樓之1,3.6,商,,,1060515,土地1建物1車位0,四層,6,華廈(10層含以下有電梯),住家用,鋼筋混凝土造,0801022,25.51,2,0,2,有,無,有,10000,392,,0.0,0,,RPTNMLPLNHMFFAR27CC
新營區,房地(土地+建物),臺南市新營區嘉芳街10號,24.2,住,,,1060503,土地1建物1車位0,全,3,透天厝,住商用,鋼筋混凝土造,1040803,55.84,4,2,3,有,無,有,18000,322,,0.0,0,,RPUNMLPLNHMFFAR37CC
永康區,建物,臺南市永康區中山東路196號,0.0,住,,,1060517,土地0建物1車位0,全,2,透天厝,住商用,加強磚造,0710717,42.36,0,0,1,有,無,無,15000,354,,0.0,0,,RPPNMLPLNHMFFHR57CC
永康區,建物,臺南市永康區大橋一街57之5號13樓之13,0.0,住,,,1060513,土地0建物1車位0,十三層,14,住宅大樓(11層含以上有電梯),住家用,鋼筋混凝土造,0880824,30.32,1,0,1,有,有,有,7500,247,,0.0,0,,RPQOMLQLNHMFFHR87CC
安南區,建物,臺南市安南區海佃路三段59號,0.0,住,,,1060508,土地0建物1車位0,全,4,透天厝,見其他登記事項,鋼筋混凝土造,0831020,290.23,6,1,3,有,無,無,23000,79,,0.0,0,,RPUOMLQLNHMFFBD88CC
仁德區,建物,臺南市仁德區土庫里太子二街41巷60號,0.0,住,,,1060503,土地0建物1車位0,全,4,透天厝,住家用,鋼筋混凝土造,1041202,225.16,5,1,4,有,無,無,24000,107,,0.0,0,1.租賃契約書無填寫土地租賃面積。2.由所有權人提供租屋資訊。,RPTNMLQLNHMFFFR87CC
安平區,房地(土地+建物)+車位,臺南市安平區育平五街77號5樓5,9.65,住,,,1060427,土地1建物2車位1,五層,13,住宅大樓(11層含以上有電梯),住家用,鋼筋混凝土造,0850919,86.91,2,2,1,有,有,有,12000,138,坡道平面,5.25,0,,RPTOMLQLNHMFFAD78DC
南區,房地(土地+建物)+車位,臺南市南區明興路113號,39.9,商,,,1060525,土地1建物1車位1,見其他登記事項,15,住宅大樓(11層含以上有電梯),住商用,鋼筋混凝土造,0700728,235.17,4,2,4,有,有,有,15500,66,坡道平面,35.3,0,,RPOOMLQLNHMFFCD48DC
南區,建物,臺南市南區大成路一段66號四樓之2,0.0,住,,,1060523,土地0建物1車位0,四層,7,華廈(10層含以下有電梯),見其他登記事項,鋼筋混凝土構造,1051201,121.71,2,1,1,有,有,有,16500,136,,0.0,0,,RPQNMLQLNHMFFCD48CC
東區,建物,臺南市東區裕英街163號,0.0,住,,,1060502,土地0建物1車位0,全,5,透天厝,見其他登記事項,鋼筋混凝土造,1000803,444.2,4,2,5,有,無,有,48000,108,,0.0,0,,RPXNMLQLNHMFFCD56CC
永康區,房地(土地+建物),臺南市永康區中華路202之26號12樓,3540.5,商,,,1060515,土地2建物1車位0,十二層,16,辦公商業大樓,見其他登記事項,鋼筋混凝土造,0790317,192.1,0,0,0,無,無,有,24000,125,,0.0,0,,RPRNMLRLNHMFFHR97CC
安平區,土地,新南段388地號,1749.4,住,,,1060508,土地1建物0車位0,,,其他,,,,0.0,0,0,0,有,無,有,60000,34,,0.0,0,,RPQNMLTLNHMFFAD58CC
中西區,房地(土地+建物),臺南市中西區文和街23號,106.39,住,,,1060525,土地1建物1車位0,見其他登記事項,1,工廠,工業用,見其他登記事項,0601126,67.86,2,1,1,有,無,無,12000,,,0.0,0,,RPPNMLKMNHMFFAD67CC
中西區,建物,臺南市中西區忠義路二段91號二樓,0.0,,,,1060527,土地0建物1車位0,全,4,透天厝,住家用,鋼筋混凝土造,0750623,19.83,1,0,1,有,無,有,4500,227,,0.0,0,,RPUNMLLMNHMFFAD28CC
北區,建物,臺南市北區公園路409號,0.0,,,,1060528,土地0建物1車位0,全,5,透天厝,見其他登記事項,鋼筋混凝土造,0980525,29.75,1,0,1,有,無,有,7000,235,,0.0,0,,RPQOMLLMNHMFFAD97CC
南區,建物,臺南市南區五妃街408號,0.0,,,,1060528,土地0建物1車位0,全,4,透天厝,住商用,鋼筋混凝土造,0731127,143.62,5,3,3,有,無,無,17000,118,,0.0,0,,RPRNMLLMNHMFFCD18CC
南區,建物,臺南市南區新興路183巷16弄11號,0.0,,,,1060526,土地0建物1車位0,全,2,透天厝,住家用,加強磚造,0591024,29.75,1,0,1,有,無,有,6000,202,,0.0,0,,RPTNMLLMNHMFFCD38CC
永康區,建物,臺南市永康區中華路7巷6號七樓之2,0.0,,,,1060527,土地0建物1車位0,七層,19,住宅大樓(11層含以上有電梯),見其他登記事項,見其他登記事項,1010817,88.37,3,1,1,有,有,有,18000,204,,0.0,0,,RPQOMLLMNHMFFHR47CC
南區,房地(土地+建物),臺南市南區新樂路23號,1115.0,工,,,1060506,土地1建物1車位0,見其他登記事項,1,廠辦,見其他登記事項,見其他登記事項,0850710,514.77,6,4,5,有,無,無,160000,311,,0.0,0,,RPUNMLLJOHMFFCD28CC
南區,房地(土地+建物)+車位,臺南市東區明興路113號,39.9,商,,,1060525,土地1建物1車位1,見其他登記事項,15,住宅大樓(11層含以上有電梯),住商用,鋼筋混凝土造,0840812,235.17,4,2,4,有,有,有,15500,66,坡道平面,35.3,0,,RPOOMLLJOHMFFCD77CC
東區,房地(土地+建物),臺南市東區長榮路一段125號2F,138.39,住,,,1060522,土地1建物1車位0,全,5,透天厝,見其他登記事項,鋼筋混凝土構造,1000517,106.43,0,0,0,無,無,無,16000,150,,0.0,0,,RPQOMLLJOHMFFCD97CC
中西區,建物,臺南市中西區新美街71號,0.0,商,,,1060527,土地0建物1車位0,一層,4,店面(店鋪),商業用,鋼筋混凝土造,0560906,233.53,0,0,0,無,無,無,30000,128,,0.0,0,,RPXNMLMJOHMFFAD48CC
中西區,建物,臺南市中西區西華南街36巷10號三樓之2,0.0,商,,,1060527,土地0建物1車位0,三層,3,公寓(5樓含以下無電梯),住家用,鋼筋混凝土造,0840313,40.56,1,1,1,有,無,有,8000,197,,0.0,0,,RPPOMLMJOHMFFAD77CC
永康區,建物,臺南市永康區?洲二街160巷3號十一樓之3,0.0,住,,,1060530,土地0建物1車位0,十一層,12,住宅大樓(11層含以上有電梯),住家用,鋼筋混凝土造,0831101,127.75,3,2,2,有,無,有,13000,102,,0.0,0,,RPPNMLMJOHMFFHR17CC
永康區,土地,大灣段3462地號,0.0,農,,,1060526,土地1建物0車位0,,,其他,,,,0.0,0,0,0,有,無,無,23000,0,,0.0,0,,RPVNMLMJOHMFFHR77CC
永康區,建物,臺南市永康區南興路43號,0.0,工,,,1050531,土地0建物1車位0,一層,4,倉庫,見其他登記事項,鋼筋混凝土造,0731019,97.71,0,0,0,無,無,無,12000,,,0.0,0,1.合約書無填具土地租賃面積2.由所有權人提供出租資訊3.承租範圍1樓.,RPXNMLMJOHMFFHR97CC
中西區,建物,臺南市中西區樹林街二段252號四樓之2,0.0,,,,1060524,土地0建物1車位0,四層,9,套房(1房1廳1衛),住家用,鋼筋混凝土造,0870905,44.94,1,0,1,有,無,有,6000,134,,0.0,0,,RPVNMLNJOHMFFAD38CC
東區,土地,竹篙厝段2431-1地號,176.0,住,,,1060505,土地1建物0車位0,,,其他,,,,0.0,0,0,0,有,無,無,10000,57,,0.0,0,,RPRNMLNJOHMFFCD18CC
東區,房地(土地+建物),臺南市東區崇善十五街33巷36號,72.62,住,,,1060518,土地2建物1車位0,全,5,透天厝,住商用,鋼筋混凝土構造,0830415,45.75,0,0,0,無,無,有,18000,393,,0.0,0,只租一樓,RPXNMLNJOHMFFCD78CC
安平區,房地(土地+建物),臺南市安平區郡平路188號5樓之3,12.47,住,,,1060530,土地1建物1車位0,五層,17,住宅大樓(11層含以上有電梯),住家用,鋼筋混凝土造,0850907,82.83,3,2,2,有,有,有,15000,181,,0.0,0,,RPPNMLOJOHMFFAD87CC
中西區,房地(土地+建物)+車位,臺南市中西區中華西路二段651號18樓之1,37.49,住,,,1060529,土地1建物1車位2,見其他登記事項,24,住宅大樓(11層含以上有電梯),見其他登記事項,見其他登記事項,1051104,427.53,3,3,4,有,無,有,68000,159,坡道平面,89.54,0,,RPUPMLPJOHMFFAD68CC
安平區,房地(土地+建物)+車位,臺南市安平區育平五街77號5樓5,9.65,住,,,1060427,土地1建物2車位1,五層,13,住宅大樓(11層含以上有電梯),住家用,鋼筋混凝土造,0850919,86.91,2,2,1,有,有,有,12000,138,坡道平面,5.25,0,,RPTOMLQJOHMFFAD58CC
東區,房地(土地+建物),臺南市東區富德街58號,155.37,住,,,1060601,土地1建物1車位0,一層,1,店面(店鋪),商業用,鋼造,0890119,96.64,0,0,0,無,無,無,20000,207,,0.0,0,,RPOOMLQJOHMFFCD28CC
東區,房地(土地+建物),臺南市東區崇仁街70號,11.2,商,,,1060606,土地1建物1車位0,一層,1,店面(店鋪),商業用,鋼筋混凝土構造,0960906,104.67,0,0,0,無,無,無,31000,296,,0.0,0,租賃層次為1樓+夾層。,RPPOMLQJOHMFFCD38CC
南區,房地(土地+建物)+車位,臺南市南區明興路113號,39.9,商,,,1060525,土地1建物1車位1,見其他登記事項,15,住宅大樓(11層含以上有電梯),住商用,鋼筋混凝土造,0840812,235.17,4,2,4,有,有,有,15500,66,坡道平面,35.3,0,,RPQOMLQJOHMFFCD48CC
東區,土地,裕東段357地號,718.76,住,,,1060527,土地1建物0車位0,,,其他,,,,0.0,0,0,0,有,無,無,58000,81,,0.0,0,,RPOOMLRJOHMFFCD38CC
東區,建物,臺南市東區東安路100號,0.0,商,,,1060605,土地0建物1車位0,一層,11,店面(店鋪),商業用,鋼筋混凝土構造,0881020,200.22,0,2,2,有,有,無,70000,350,,0.0,0,,RPPOMLRJOHMFFCD48CC
北區,建物,臺南市北區精忠街7號,0.0,住,,,1060603,土地0建物1車位0,全,2,透天厝,住家用,加強磚造,0631026,60.88,4,1,5,有,無,有,14000,230,,0.0,0,,RPPPMLSJOHMFFAD48CC
永康區,房地(土地+建物),臺南市永康區東橋五路385號,166.84,住,,,1060512,土地1建物1車位0,全,4,透天厝,住商用,鋼筋混凝土造,0990208,263.89,4,3,4,有,無,無,50000,189,,0.0,0,,RPUNMLSJOHMFFHR38DC
佳里區,房地(土地+建物),臺南市佳里區義民街134號,65.0,商,,,1060607,土地1建物1車位0,見其他登記事項,4,店面(店鋪),住商用,鋼筋混凝土造,0651102,178.53,4,2,3,有,無,無,17000,95,,0.0,0,,RPUNMLTJOHMFFDR08DC
東區,房地(土地+建物),臺南市東區中華東路2段169號2樓之7,0.0,住,,,1060519,土地1建物1車位0,二層,14,住宅大樓(11層含以上有電梯),住家用,鋼筋混凝土構造,0970229,39.02,1,1,1,有,無,有,13000,333,,0.0,0,租賃合約書無填寫土地租賃.租金包含管理費.網路.地4台費用,RPWNMLKKOHMFFCD48CC
東區,房地(土地+建物),臺南市東區中華東路2段169號3樓之17,0.0,住,,,1060608,土地1建物1車位0,三層,14,住宅大樓(11層含以上有電梯),住家用,鋼筋混凝土構造,0970229,26.59,1,0,1,有,無,有,7900,297,,0.0,0,租賃合約書無填寫土地租賃.租金含管理費,RPXNMLKKOHMFFCD58CC
東區,房地(土地+建物),臺南市東區裕信路417號,0.0,住,,,1060610,土地1建物1車位0,見其他登記事項,10,華廈(10層含以下有電梯),見其他登記事項,鋼筋混凝土造,0880312,79.35,2,1,2,有,無,無,19000,239,,0.0,0,租賃合約書無填寫土地租賃.租金含管理費,RPOOMLKKOHMFFCD77CC
東區,房地(土地+建物),臺南市東區崇善路455號,85.09,住,,,1060511,土地1建物1車位0,全,4,透天厝,見其他登記事項,鋼筋混凝土造,0911210,164.18,6,2,5,有,無,無,30000,183,,0.0,0,1樓為營業使用，承租18000元整。2-4樓為住家使用，承租12000元整。,RPSNMLLKOHMFFCD18CC
永康區,房地(土地+建物),臺南市永康區中華路7巷6號十樓之一,6.53,住,,,1060611,土地1建物1車位0,十層,19,住宅大樓(11層含以上有電梯),見其他登記事項,見其他登記事項,1010817,95.42,2,2,1,有,有,有,18000,189,,0.0,0,,RPQNMLLKOHMFFHR27CC
永康區,建物,臺南市永康區勝利街197巷40弄3號,0.0,住,,,1060608,土地0建物1車位0,全,2,透天厝,住家用,加強磚造,0710708,65.2,4,2,2,有,無,有,12000,184,,0.0,0,,RPPNMLMKOHMFFHR27CC
永康區,建物,臺南市永康區自強路750巷68弄15號,0.0,住,,,1060604,土地0建物1車位0,全,2,透天厝,住商用,加強磚造,0710724,96.7,2,1,2,有,無,有,10000,103,,0.0,0,,RPQNMLMKOHMFFHR37CC
安平區,房地(土地+建物),臺南市安平區育平七街80巷42號,107.0,住,,,1060509,土地1建物1車位0,全,4,透天厝,住商用,鋼筋混凝土造,0830117,282.0,6,2,4,有,無,無,25000,89,,0.0,0,,RPOOMLMKOHMFFAD77CC
北區,建物,臺南市北區北園街26號四樓之1,0.0,商,,,1060612,土地0建物1車位0,四層,14,住宅大樓(11層含以上有電梯),見其他登記事項,鋼筋混凝土造,0870420,68.41,2,1,1,有,有,有,12000,175,,0.0,0,,RPVPMLMKOHMFFAD58CC
北區,建物,臺南市北區開元路73巷102號,0.0,住,,,1060611,土地0建物1車位0,全,2,透天厝,住家用,加強磚造,0550101,76.9,3,2,2,有,無,有,13000,169,,0.0,0,,RPQQMLMKOHMFFAD18CC
永康區,建物,臺南市永康區網寮里永二街423號七樓之3,0.0,住,,,1060515,土地0建物1車位0,七層,15,住宅大樓(11層含以上有電梯),住家用,鋼筋混凝土造,0830504,112.85,3,1,2,有,無,無,10000,89,,0.0,0,1.合約書無填具土地租賃面積.2.由所有權人提供出租資訊3.租金已包含車位,RPRNMLNKOHMFFHR57CC
東區,建物,臺南市東區崇學路182號,120.0,住,,,1060529,土地0建物1車位0,全,7,透天厝,住家用,鋼筋混凝土構造,0851231,79.49,1,0,1,有,無,無,15500,195,,0.0,0,1.整棟分租，作辦公室使用2.租約未載明建物座落土地之租賃面積,RPQPMLNKOHMFFCD48DC
新市區,房地(土地+建物),臺南市新市區大營55之11號,104.0,,鄉村區,乙種建築用地,1060605,土地2建物1車位0,全,3,透天厝,見其他登記事項,鋼筋混凝土造,0940712,168.88,4,2,3,有,無,有,18700,111,,0.0,0,,RPTNMLOKOHMFFER57CC
永康區,房地(土地+建物),臺南市永康區中華路7巷6號19樓-2,6.03,住,,,1060613,土地1建物1車位0,十九層,19,住宅大樓(11層含以上有電梯),見其他登記事項,見其他登記事項,1010817,88.37,2,2,1,有,有,有,16000,181,,0.0,0,,RPVNMLOKOHMFFHR08CC
永康區,房地(土地+建物),臺南市永康區復華三街62號14F-3,8.1,住,,,1060528,土地1建物1車位0,十四層,19,住宅大樓(11層含以上有電梯),住家用,鋼筋混凝土造,0840908,62.12,2,2,2,有,有,有,12000,193,,0.0,0,,RPWNMLOKOHMFFHR18CC
東區,房地(土地+建物)+車位,臺南市東區長榮路一段9號3樓之5,0.0,住,,,1060610,土地1建物1車位1,三層,14,住宅大樓(11層含以上有電梯),住家用,鋼筋混凝土構造,0991213,80.19,2,2,1,有,無,有,23000,287,坡道平面,59.04,0,,RPPPMLOKOHMFFCD38CC
東區,房地(土地+建物),臺南市東區東門路一段84號四樓之5,548.0,住,,,1060602,土地2建物1車位0,四層,9,華廈(10層含以下有電梯),住家用,鋼筋混凝土構造,0800122,14.44,1,0,1,有,無,有,5500,381,,0.0,0,,RPSNMLPKOHMFFCD58CC
南區,建物,臺南市南區大同路二段726巷6之4號,0.0,住,,,1060613,土地0建物1車位0,五層,5,公寓(5樓含以下無電梯),住家用,鋼筋混凝土構造,0750628,103.16,3,2,2,有,無,有,10000,97,,0.0,0,,RPTNMLPKOHMFFCD68CC
東區,房地(土地+建物),臺南市東區中華東路二段169號十一樓之10,3.6,其他,,,1060520,土地1建物1車位0,十一層,14,套房(1房1廳1衛),住家用,鋼筋混凝土構造,0970229,40.86,1,0,1,有,有,有,9000,220,,0.0,0,,RPPOMLPKOHMFFCD38CC
東區,房地(土地+建物)+車位,臺南市東區裕和二街98號2樓,30.24,住,,,1060525,土地1建物1車位1,二層,7,華廈(10層含以下有電梯),住家用,鋼筋混凝土構造,0961106,112.50999999999999,3,2,2,有,有,有,21500,191,坡道平面,19.81,0,1.租金總額含管理費2230元,RPUNMLQKOHMFFCD88CC
永康區,土地,東南段709地號,0.0,住,,,1060612,土地3建物0車位0,,,其他,,,,0.0,0,0,0,有,無,無,30000,0,,0.0,0,,RPPNMLQKOHMFFHR67CC
永康區,建物,臺南市永康區中華一路203巷6號十一樓之3,0.0,商,,,1060615,土地0建物1車位0,十一層,11,住宅大樓(11層含以上有電梯),住家用,鋼筋混凝土造,0871026,60.42,3,2,2,有,有,有,12000,199,,0.0,0,,RPUNMLTKOHMFFHR48CC
永康區,建物,臺南市永康區中華二路206巷68弄75號五樓之5,0.0,商,,,1060617,土地0建物1車位0,五層,6,華廈(10層含以下有電梯),住家用,鋼筋混凝土造,0950126,126.56,3,1,2,有,有,有,17000,134,,0.0,0,,RPVNMLTKOHMFFHR58CC
東區,建物,臺南市東區中華東路二段226巷27弄7號十三樓,0.0,,,,1060531,土地0建物1車位0,十三層,18,住宅大樓(11層含以上有電梯),住家用,鋼筋混凝土構造,1020711,290.32,4,2,2,有,有,有,40000,138,,0.0,0,,RPRNMLTKOHMFFCD88CC
東區,建物,臺南市東區富強二街1號七樓,0.0,,,,1060531,土地0建物1車位0,七層,10,華廈(10層含以下有電梯),住家用,鋼筋混凝土構造,0951207,165.14,3,2,2,有,有,有,20000,121,,0.0,0,,RPTNMLTKOHMFFCD09CC
南區,建物,臺南市南區永成路三段552號,0.0,,,,1060609,土地0建物1車位0,全,3,透天厝,住商用,鋼筋混凝土構造,0820812,114.75,3,2,2,有,無,無,16000,139,,0.0,0,,RPPOMLTKOHMFFCD78CC
安平區,建物,臺南市安平區建平八街434巷6弄8號,0.0,,,,1060531,土地0建物1車位0,全,2,透天厝,住家用,鋼筋混凝土造,0760806,132.02,4,2,3,有,無,無,18000,136,,0.0,0,,RPVNMLTKOHMFFAD09CC
安平區,建物,臺南市安平區健康二街390號,0.0,,,,1060601,土地0建物1車位0,全,5,透天厝,住商用,鋼筋混凝土造,0810716,39.5,1,0,1,有,無,有,10000,253,,0.0,0,,RPTOMLTKOHMFFAD98CC
安平區,建物,臺南市安平區慶平路695號,0.0,,,,1060606,土地0建物1車位0,全,5,透天厝,住商用,鋼筋混凝土造,0830601,70.9,0,1,1,有,無,無,15000,212,,0.0,0,,RPVOMLTKOHMFFAD56CC
安平區,建物,臺南市安平區國平路599號十三樓之6,0.0,商,,,1060619,土地0建物1車位0,十三層,21,住宅大樓(11層含以上有電梯),住家用,鋼筋混凝土造,0831222,53.89,1,1,1,有,有,有,8800,163,,0.0,0,,RPSOMLKLOHMFFAD08CC
中西區,房地(土地+建物),臺南市中西區海安路二段125號1樓,184.95,商,,,1060620,土地4建物1車位0,一層,4,店面(店鋪),見其他登記事項,見其他登記事項,1011227,145.74,0,0,0,無,無,無,55000,377,,0.0,0,,RPUOMLLLOHMFFAD38CC
中西區,建物,臺南市中西區北門路一段101號1樓,22.02,商,,,1060607,土地0建物1車位0,一層,11,辦公商業大樓,見其他登記事項,鋼筋混凝土造,0850829,22.02,0,0,0,無,有,無,15000,681,,0.0,0,,RPOPMLLLOHMFFAD87CC
永康區,建物,臺南市永康區中華路321號十二樓之3,0.0,住,,,1060619,土地0建物1車位0,十二層,16,住宅大樓(11層含以上有電梯),住家用,鋼筋混凝土造,0850129,101.83,3,2,2,有,無,有,16000,157,,0.0,0,1.合約書無填具土地租賃面積.2.由所有權人提供出租資訊3.租金已包含車位,RPOOMLLLOHMFFHR27CC
永康區,建物,臺南市永康區大橋里大橋一街247巷140號,0.0,住,,,1060526,土地0建物1車位0,全,2,透天厝,住家用,鋼筋混凝土造,0770208,134.76,5,1,4,有,無,無,24000,178,,0.0,0,,RPVOMLLLOHMFFHR97CC
善化區,房地(土地+建物),臺南市善化區興華路223巷20之1號,77.19,住,,,1060608,土地1建物1車位0,全,4,透天厝,見其他登記事項,鋼筋混凝土造,0930419,216.18,6,1,6,有,無,無,22000,102,,0.0,0,,RPTNMLLLOHMFFER37CC
永康區,建物,臺南市永康區永勝街106巷17號五樓之6,0.0,住,,,1060616,土地0建物1車位0,五層,7,華廈(10層含以下有電梯),住家用,鋼筋混凝土造,0820408,133.89,3,1,2,有,無,無,11000,82,,0.0,0,,RPQNMLMLOHMFFHR47CC
永康區,建物,臺南市永康區鹽行里新行街133號十二樓之1,0.0,,,,1060610,土地0建物1車位0,十二層,15,住宅大樓(11層含以上有電梯),住家用,鋼筋混凝土造,0820827,169.51,4,2,2,有,有,有,17500,103,,0.0,0,,RPQPMLMLOHMFFHR67CC
永康區,建物,臺南市永康區大橋一街244之4號,0.0,,,,1060612,土地0建物1車位0,五層,5,公寓(5樓含以下無電梯),住家用,鋼筋混凝土造,0701202,89.72,3,2,2,有,無,無,7000,78,,0.0,0,,RPTPMLMLOHMFFHR97CC
安平區,建物,臺南市安平區建平八街551號二十一樓之14,0.0,,,,1060611,土地0建物1車位0,二十一層,26,住宅大樓(11層含以上有電梯),住家用,鋼筋混凝土造,0870105,141.70999999999998,4,2,2,有,有,有,18000,127,,0.0,0,,RPXNMLMLOHMFFAD68CC
中西區,建物,臺南市中西區金華路三段218號六樓之17,0.0,,,,1060614,土地0建物1車位0,六層,18,住宅大樓(11層含以上有電梯),住家用,鋼筋混凝土造,0840704,43.51,1,1,1,有,有,有,6500,149,,0.0,0,,RPROMLMLOHMFFAD18CC
南區,建物,臺南市南區五妃街408號,0.0,,,,1060612,土地0建物1車位0,全,4,透天厝,住商用,鋼筋混凝土造,0731127,143.62,5,3,3,有,無,無,18500,129,,0.0,0,,RPOOMLMLOHMFFCD08CC
東區,建物,臺南市東區德東街151巷37弄9號二樓,0.0,,,,1060614,土地0建物1車位0,二層,7,華廈(10層含以下有電梯),住家用,鋼筋混凝土構造,0850117,133.39999999999998,4,1,2,有,有,有,14000,105,,0.0,0,,RPPOMLMLOHMFFCD18CC
東區,建物,臺南市東區崇善路25巷112號三樓,0.0,商,,,1060602,土地0建物1車位0,三層,14,住宅大樓(11層含以上有電梯),住家用,鋼筋混凝土構造,0990507,91.89,2,1,2,有,無,有,20000,218,,0.0,0,,RPQOMLMLOHMFFCD28CC
東區,建物,臺南市東區東門路二段257巷4號五樓,0.0,,,,1060614,土地0建物1車位0,五層,5,公寓(5樓含以下無電梯),住家用,鋼筋混凝土構造,0701023,73.35,2,2,1,有,無,無,6700,91,,0.0,0,,RPQOMLNLOHMFFCD38CC
北區,建物,臺南市北區公園南路363號十樓之3,0.0,,,,1060619,土地0建物1車位0,十層,14,住宅大樓(11層含以上有電梯),見其他登記事項,見其他登記事項,0960824,67.47,2,1,1,有,有,有,15000,222,,0.0,0,,RPQRMLNLOHMFFAD48CC
中西區,建物,臺南市中西區衛民街62號七樓之8,0.0,,,,1060617,土地0建物1車位0,七層,9,華廈(10層含以下有電梯),見其他登記事項,見其他登記事項,0950713,39.63,1,0,1,有,有,有,10500,265,,0.0,0,,RPTRMLNLOHMFFAD78CC
永康區,建物,臺南市永康區中華一路203巷6號七樓之3,0.0,,,,1060610,土地0建物1車位0,七層,11,住宅大樓(11層含以上有電梯),住家用,鋼筋混凝土造,0871026,60.449999999999996,3,2,2,有,有,有,12000,199,,0.0,0,,RPQNMLNLOHMFFHR57CC
永康區,建物,臺南市永康區復華五街55巷13號十樓之3,0.0,,,,1060616,土地0建物1車位0,十層,10,華廈(10層含以下有電梯),住家用,見其他登記事項,1040810,111.7,3,2,2,有,有,有,15500,139,,0.0,0,,RPRNMLNLOHMFFHR67CC
永康區,建物,臺南市永康區鹽行里仁愛街84巷8號七樓,0.0,,,,1060623,土地0建物1車位0,七層,7,華廈(10層含以下有電梯),住家用,鋼筋混凝土造,0821002,51.67,1,0,1,有,有,有,8000,155,,0.0,0,,RPQOMLNLOHMFFHR67CC
仁德區,建物,臺南市仁德區德善路435號,0.0,住,,,1060525,土地0建物1車位0,見其他登記事項,4,公寓(5樓含以下無電梯),住商用,鋼筋混凝土造,0860526,185.3,3,2,2,有,無,有,13000,70,,0.0,0,,RPQNMLNLOHMFFFR37CC
中西區,建物,臺南市中西區金華路三段137號,58.0,住,,,1060622,土地0建物1車位0,,4,店面(店鋪),住商用,鋼筋混凝土造,0660319,28.21,1,1,1,有,無,有,17000,603,,0.0,0,,RPUNMLPLOHMFFAD68CC
北區,建物,臺南市北區北成路345號10樓之3,0.0,住,,,1060608,土地0建物1車位1,十層,10,華廈(10層含以下有電梯),見其他登記事項,見其他登記事項,0941213,100.41999999999999,2,2,1,有,有,有,16500,164,坡道平面,15.81,0,,RPROMLQLOHMFFAD58CC
北區,建物,臺南市北區北園街8巷28號九樓之8,0.0,商,,,1060625,土地0建物1車位0,九層,19,住宅大樓(11層含以上有電梯),見其他登記事項,鋼筋混凝土造,0961227,162.26,3,2,2,有,有,有,22000,136,,0.0,0,,RPSOMLQLOHMFFAD68CC
中西區,土地,三民段567-1地號,271.82,商,,,1060605,土地5建物0車位0,,,其他,,,,0.0,0,0,0,有,無,有,50000,184,,0.0,0,,RPTPMLQLOHMFFAD88CC
中西區,土地,中正段243地號,108.05,商,,,1060624,土地1建物0車位0,,,其他,,,,0.0,0,0,0,有,無,有,8000,74,,0.0,0,,RPUPMLQLOHMFFAD98CC
北區,建物,臺南市北區開元路485巷41弄8號13樓之7,0.0,住,,,1060603,土地0建物1車位0,十三層,14,住宅大樓(11層含以上有電梯),見其他登記事項,鋼筋混凝土造,0891120,89.73,3,1,2,有,有,有,12000,134,,0.0,0,,RPWNMLRLOHMFFAD09CC
東區,建物,臺南市東區富農街一段284之2號5樓,0.0,住,,,1060618,土地0建物1車位0,五層,8,華廈(10層含以下有電梯),住家用,鋼筋混凝土構造,0871006,113.52000000000001,3,2,1,有,有,有,16000,141,,0.0,0,,RPWNMLRLOHMFFCD66CC
新市區,房地(土地+建物),臺南市新市區復興路177.179號,265.29,住,,,1060626,土地1建物2車位0,一層,1,店面(店鋪),商業用,鋼筋混凝土造,1051129,160.21,0,0,0,無,無,無,60000,375,,0.0,0,,RPWNMLRLOHMFFER28CC
安南區,建物,臺南市安南區安中路一段700巷54之1號,0.0,住,,,1060614,土地0建物1車位0,二層,4,公寓(5樓含以下無電梯),見其他登記事項,鋼筋混凝土造,0700907,100.82000000000001,3,1,2,有,無,無,8000,79,,0.0,0,,RPXNMLRLOHMFFBD66CC
永康區,建物,臺南市永康區勝利街22巷5弄5號9樓,0.0,住,,,1060617,土地0建物1車位0,九層,9,華廈(10層含以下有電梯),住家用,鋼筋混凝土造,0831216,139.52,3,2,2,有,有,有,15000,108,,0.0,0,,RPOPMLRLOHMFFHR97CC
永康區,建物,臺南市永康區東橋五路101號五樓,0.0,商,,,1060624,土地0建物1車位0,五層,23,住宅大樓(11層含以上有電梯),住家用,見其他登記事項,1051026,160.8,2,2,2,有,有,無,20000,124,,0.0,0,1.合約書無填具土地租賃面積2.由所有權人提供出租資訊3.租金已包含車位,RPVNMLSLOHMFFHR58CC
新市區,土地,大營段2607地號,0.0,,特定農業區,農牧用地,1060608,土地1建物0車位0,,,其他,,,,0.0,0,0,0,有,無,無,33000,0,,0.0,0,,RPWNMLSLOHMFFER38CC
東區,房地(土地+建物),臺南市東區東成街182巷1弄3號4樓,29.0,住,,,1060624,土地1建物1車位0,四層,5,公寓(5樓含以下無電梯),住家用,鋼筋混凝土構造,0701202,84.03,3,1,2,有,無,有,10500,125,,0.0,0,,RPSOMLSLOHMFFCD09CC
北區,建物,臺南市北區公園南路358號九樓之5,0.0,住,,,1060626,土地0建物1車位0,九層,25,住宅大樓(11層含以上有電梯),住家用,鋼筋混凝土造,0840104,78.37,2,2,1,有,有,有,10000,128,,0.0,0,,RPOOMLSLOHMFFAD48CC
中西區,房地(土地+建物),臺南市中西區衛民街62號6樓之8,7.56,住,,,1060625,土地1建物1車位0,六層,9,華廈(10層含以下有電梯),見其他登記事項,見其他登記事項,0950713,39.63,1,0,1,有,有,有,10500,265,,0.0,0,,RPTPMLSLOHMFFAD09CC
北區,建物,臺南市北區公園南路161號8樓,0.0,,,,1060623,土地0建物1車位0,八層,10,辦公商業大樓,見其他登記事項,鋼筋混凝土造,0860519,258.38,0,0,0,無,無,無,27000,104,,0.0,0,,RPWNMLTLOHMFFAD66CC
中西區,房地(土地+建物),臺南市中西區法華街27號2樓之2,0.0,住,,,1060605,土地1建物1車位0,二層,5,公寓(5樓含以下無電梯),住家用,鋼筋混凝土造,0800607,48.85,2,1,1,有,無,無,8000,164,,0.0,0,,RPXOMLTLOHMFFAD86CC
永康區,房地(土地+建物)+車位,臺南市永康區東橋一路582號6樓之6,5.3,住,,,1060618,土地1建物1車位0,六層,15,住宅大樓(11層含以上有電梯),住家用,見其他登記事項,1050829,35.53,2,2,1,有,無,無,17000,478,坡道平面,9.15,0,,RPOOMLTLOHMFFHR08CC
永康區,建物,臺南市永康區新民街66巷6號九樓之二,0.0,住,,,1060621,土地0建物1車位0,九層,9,華廈(10層含以下有電梯),住家用,鋼筋混凝土造,0821230,126.39,3,2,2,有,無,有,10000,79,,0.0,0,,RPOPMLTLOHMFFHR18CC
永康區,房地(土地+建物),臺南市永康區中山南路244號,0.0,住,,,1060610,土地1建物1車位0,一層,3,店面(店鋪),住家用,加強磚造,0631122,18.2,0,0,0,無,無,無,17000,934,,0.0,0,,RPTPMLTLOHMFFHR68CC
永康區,建物,臺南市永康區中華路355巷8弄20號18樓之2,0.0,住,,,1060605,土地0建物1車位0,十八層,19,住宅大樓(11層含以上有電梯),住家用,鋼筋混凝土造,0860128,113.14,3,2,2,有,有,有,10000,88,,0.0,0,,RPVNMLKMOHMFFHR87CC
安平區,建物,臺南市安平區健康二街390號,0.0,,,,1060615,土地0建物0車位0,全,5,透天厝,住商用,鋼筋混凝土造,0810716,59.55,1,0,1,有,無,有,10000,168,,0.0,0,,RPUNMLKMOHMFFAD28CC
安平區,建物,臺南市安平區健康二街390號,0.0,,,,1060624,土地0建物0車位0,全,5,透天厝,住商用,鋼筋混凝土造,0810716,59.55,1,0,1,有,無,有,10000,168,,0.0,0,,RPWNMLKMOHMFFAD48CC
安平區,建物,臺南市安平區健康二街390號,0.0,,,,1060625,土地0建物0車位0,全,5,透天厝,住商用,鋼筋混凝土造,0810716,68.55,1,0,1,有,無,有,11000,160,,0.0,0,,RPXNMLKMOHMFFAD58CC
北區,建物,臺南市北區公園路755號三樓之4,0.0,住,,,1060627,土地0建物1車位0,三層,5,華廈(10層含以下有電梯),商業用,鋼筋混凝土造,0800517,27.25,1,0,1,有,無,有,3300,121,,0.0,0,,RPQPMLKMOHMFFAD08CC
南區,建物,臺南市南區西門路一段333巷21號二樓,0.0,,,,1060623,土地0建物1車位0,二層,5,公寓(5樓含以下無電梯),住家用,鋼筋混凝土構造,0731019,81.88,3,2,1,有,無,無,8000,98,,0.0,0,,RPVNMLKMOHMFFCD58CC
東區,房地(土地+建物),臺南市東區府連東路9號,28.0,住,,,1060615,土地1建物1車位0,全,4,透天厝,住商用,鋼筋混凝土造,0800607,96.2,3,2,4,有,無,有,18000,187,,0.0,0,,RPPNMLMJPHMFFCD97CC
東區,房地(土地+建物),臺南市東區大同路1段241巷6弄36號2樓,0.0,住,,,1060624,土地2建物1車位0,六層,6,華廈(10層含以下有電梯),住家用,鋼筋混凝土構造,0820911,48.78,2,1,1,有,無,無,8800,180,,0.0,0,租賃合約書無填寫土地租賃.租金包含管理費用,RPSOMLNJPHMFFCD48CC
中西區,建物,臺南市中西區中正路169號之1,0.0,,,,1060701,土地0建物1車位0,一層,3,店面(店鋪),商業用,鋼筋混凝土加強磚造,0200101,190.09,0,1,2,有,無,無,40000,210,,0.0,0,,RPXNMLNJPHMFFAD68CC
中西區,建物,臺南市中西區民族路二段76之10號底1層之9,0.0,,,,1060616,土地0建物1車位0,地下一層,15,辦公商業大樓,商業用,鋼筋混凝土造,0820511,26.52,0,0,0,無,有,無,2000,75,,0.0,0,,RPOOMLNJPHMFFAD87CC
北區,建物,臺南市北區西門路四段16巷30號,0.0,,,,1060623,土地0建物1車位0,全,4,透天厝,住商用,鋼筋混凝土造,0740510,52.48,0,1,1,有,無,無,12000,229,,0.0,0,,RPPOMLNJPHMFFAD97CC
安平區,房地(土地+建物),臺南市安平區建平7街836號6樓之3,0.0,住,,,1060701,土地3建物1車位0,六層,6,華廈(10層含以下有電梯),,鋼筋混凝土造,0811123,56.95,3,1,1,有,無,有,10000,176,,0.0,0,,RPWOMLNJPHMFFAD68CC
中西區,房地(土地+建物),臺南市中西區衛民街62號6樓之8,7.56,商,,,1060625,土地1建物1車位0,六層,9,華廈(10層含以下有電梯),見其他登記事項,見其他登記事項,0950713,39.63,1,0,1,有,有,有,10500,265,,0.0,0,,RPOOMLOJPHMFFAD97CC
東區,房地(土地+建物),臺南市東區東成街182巷4弄1號,165.0,住,,,1060701,土地2建物1車位0,全,2,透天厝,住家用,加強磚造,0681122,152.42,6,2,3,有,無,有,23000,151,,0.0,0,,RPWNMLOJPHMFFCD88CC
東區,房地(土地+建物),臺南市東區中華東路二段167號七樓之21,4.86,其他,,,1060606,土地1建物1車位0,七層,14,套房(1房1廳1衛),住家用,鋼筋混凝土構造,0970229,49.269999999999996,1,0,1,有,有,有,10500,213,,0.0,0,,RPWOMLOJPHMFFCD98CC
東區,房地(土地+建物),臺南市東區中華東路二段167號八樓之21,4.44,住,,,1060608,土地1建物1車位0,八層,14,套房(1房1廳1衛),住家用,鋼筋混凝土構造,0970229,49.269999999999996,1,0,1,有,有,有,11000,223,,0.0,0,,RPOPMLOJPHMFFCD28CC
永康區,房地(土地+建物)+車位,臺南市永康區永二街417號9樓之1,0.0,住,,,1060703,土地1建物1車位1,九層,15,住宅大樓(11層含以上有電梯),住家用,鋼筋混凝土造,0830504,71.84,3,2,2,有,無,有,17500,244,坡道機械,10.8,0,,RPPNMLOJPHMFFHR47CC
歸仁區,房地(土地+建物),臺南市歸仁區中山路一段48.50號,3094.0,,一般農業區,丁種建築用地,1060704,土地3建物2車位0,一層,3,廠辦,工業用,見其他登記事項,0971212,1648.74,0,0,0,無,無,無,150000,91,,0.0,0,依原申報序號C1RF10604120008進行換約，承租方改為公司行號。,RPSNMLOJPHMFFFR57CC
歸仁區,房地(土地+建物),臺南市歸仁區中正南路一段190號,326.0,其他,,,1060625,土地3建物1車位0,一層,1,店面(店鋪),住家用,加強磚造,0670311,84.16,5,2,4,有,無,有,36000,428,,0.0,0,,RPSOMLPJPHMFFFR77CC
佳里區,房地(土地+建物),臺南市佳里區光復路167號,311.0,住,,,1060612,土地2建物1車位0,一層,5,店面(店鋪),住商用,鋼筋混凝土造,0790711,78.0,0,0,0,無,無,無,18000,231,,0.0,0,一樓前面部分使用/包含騎樓,RPVNMLPJPHMFFDR87DC
永康區,建物,臺南市永康區中華路327號十四樓之6,0.0,住,,,1060701,土地0建物1車位0,十四層,16,住宅大樓(11層含以上有電梯),住家用,鋼筋混凝土造,0850129,67.59,2,1,1,有,無,有,8000,118,,0.0,0,,RPVOMLPJPHMFFHR28CC
東區,建物,臺南市東區崇德二十六街3號七樓,0.0,,,,1060624,土地0建物1車位0,七層,7,華廈(10層含以下有電梯),住家用,鋼筋混凝土構造,0890308,134.46,3,2,2,有,有,有,14000,104,,0.0,0,,RPPNMLPJPHMFFCD28CC
東區,建物,臺南市東區裕豐街84巷25號之4,0.0,,,,1060627,土地0建物1車位0,五層,5,公寓(5樓含以下無電梯),住家用,鋼筋混凝土構造,0700710,99.96,3,2,2,有,無,無,9000,90,,0.0,0,,RPRNMLPJPHMFFCD48CC
南區,建物,臺南市南區健康路一段391巷23弄6號,0.0,,,,1060627,土地0建物1車位0,一層,4,公寓(5樓含以下無電梯),住家用,見其他登記事項,0580815,92.23,3,2,2,有,無,無,8000,87,,0.0,0,,RPTNMLPJPHMFFCD68CC
東區,建物,臺南市東區大同路一段141巷55號之5七樓,0.0,,,,1060628,土地0建物1車位0,七層,7,華廈(10層含以下有電梯),住家用,鋼筋混凝土構造,0831214,102.05,3,1,2,有,有,有,14000,137,,0.0,0,,RPVNMLPJPHMFFCD88CC
中西區,建物,臺南市中西區正興街40號二樓之2,0.0,,,,1060624,土地0建物1車位0,二層,7,華廈(10層含以下有電梯),住商用,鋼筋混凝土造,0761030,44.879999999999995,1,1,1,有,有,有,8000,178,,0.0,0,,RPVNMLPJPHMFFAD68CC
安平區,建物,臺南市安平區建平十二街134號二樓之1,0.0,,,,1060630,土地0建物1車位0,二層,6,華廈(10層含以下有電梯),住家用,鋼筋混凝土造,0820304,147.39,3,2,2,有,有,無,15000,102,,0.0,0,,RPOOMLPJPHMFFAD08CC
中西區,建物,臺南市中西區民族路二段66號六樓之2,0.0,,,,1060701,土地0建物1車位0,六層,13,住宅大樓(11層含以上有電梯),住家用,鋼筋混凝土造,0821102,74.41,2,2,2,有,有,有,12000,161,,0.0,0,,RPQOMLPJPHMFFAD28CC
中西區,土地,環河段224地號,225.0,住,,,1060706,土地1建物0車位0,,,其他,,,,0.0,1,0,0,有,無,無,55000,244,,0.0,0,,RPXNMLQJPHMFFAD98CC
永康區,建物,臺南市永康區中華路578巷2之2號六樓之6,0.0,住,,,1060703,土地0建物1車位0,六層,8,華廈(10層含以下有電梯),住家用,鋼筋混凝土造,0851028,22.98,1,1,1,有,有,有,5500,239,,0.0,0,,RPPNMLQJPHMFFHR67CC
永康區,建物,臺南市永康區忠義街60巷1號九樓之4,0.0,商,,,1060623,土地0建物1車位0,九層,15,住宅大樓(11層含以上有電梯),見其他登記事項,鋼筋混凝土造,0840331,61.21,1,1,1,有,有,有,11000,180,,0.0,0,,RPQNMLQJPHMFFHR77CC
新市區,建物,臺南市新市區大社501之13號,0.0,,鄉村區,乙種建築用地,1060629,土地0建物1車位0,全,3,透天厝,住家用,鋼筋混凝土造,0810320,151.74,4,2,3,有,無,無,11000,72,,0.0,0,1.合約書無填具土地租賃面積2.由所有權人提供出租資訊3.租整棟透天4.都市土地使用分區為:其它鄉村區,RPQNMLQJPHMFFER47CC
永康區,房地(土地+建物)+車位,臺南市永康區中山南路347巷17號,155.03,住,,,1060630,土地2建物2車位0,全,3,透天厝,住家用,加強磚造,0631101,205.88,3,2,2,有,無,無,20000,97,一樓平面,0.0,0,,RPUNMLRJPHMFFHR28CC
永康區,建物,臺南市永康區新興街78號二樓之7,0.0,住,,,1060703,土地0建物1車位0,二層,8,華廈(10層含以下有電梯),住家用,鋼筋混凝土造,0801022,40.29,1,1,0,有,無,有,6000,149,,0.0,0,,RPROMLRJPHMFFHR08CC
東區,土地,竹篙厝段2105-6地號,145.0,住,,,1060628,土地2建物0車位0,,,其他,,,,0.0,0,0,0,有,無,無,25000,172,,0.0,0,,RPWOMLRJPHMFFCD66CC
南區,房地(土地+建物),臺南市南區健康路2段489巷6號4樓,0.0,住,,,1060617,土地1建物1車位0,四層,5,公寓(5樓含以下無電梯),住家用,鋼筋混凝土構造,0771108,63.13,2,1,1,有,無,有,9000,143,,0.0,0,租賃合約書無填寫土地租賃.租金含管理費,RPQNMLTJPHMFFCD78CC
東區,房地(土地+建物),臺南市東區裕農路975號,0.0,住,,,1060620,土地1建物1車位0,全,4,透天厝,見其他登記事項,鋼筋混凝土造,0961221,198.25,4,2,3,有,無,無,29000,146,,0.0,0,,RPRNMLTJPHMFFCD88CC
北區,房地(土地+建物),臺南市北區勝利路226號5樓之3,0.0,住,,,1060705,土地2建物1車位0,五層,5,華廈(10層含以下有電梯),住家用,鋼筋混凝土造,0810813,30.17,1,1,1,有,無,有,7500,249,,0.0,0,,RPUNMLTJPHMFFAD98CC
安平區,房地(土地+建物),臺南市安平區平豐路230號,150.0,住,,,1060706,土地1建物1車位0,一層,1,店面(店鋪),住家用,見其他登記事項,1060424,90.3,0,0,0,無,無,無,35000,388,,0.0,0,,RPVNMLKKPHMFFAD28CC
東區,房地(土地+建物),臺南市東區東興路81號,41.44,住,,,1060611,土地1建物1車位0,一層,7,華廈(10層含以下有電梯),住家用,鋼筋混凝土構造,0741113,88.8,0,1,1,有,無,有,35000,394,,0.0,0,,RPQOMLKKPHMFFCD08CC
東區,房地(土地+建物),臺南市東區崇善路171號五樓之1,2.64,其他,,,1060710,土地1建物1車位0,五層,7,華廈(10層含以下有電梯),住家用,鋼筋混凝土構造,0800121,18.01,1,0,1,有,無,有,3500,194,,0.0,0,,RPQOMLLKPHMFFCD18CC
南區,建物,臺南市南區金華路２段57巷26號,0.0,,,,1060709,土地0建物1車位0,全,2,透天厝,住家用,見其他登記事項,0640715,81.64,4,2,4,有,無,無,15000,184,,0.0,0,,RPROMLLKPHMFFCD28CC
南區,建物,臺南市南區中華西路一段109巷2弄4號,0.0,,,,1060710,土地0建物1車位0,全,3,透天厝,住家用,鋼筋混凝土造,0731110,205.7,4,2,3,有,無,有,19000,92,,0.0,0,,RPSOMLLKPHMFFCD38CC
中西區,房地(土地+建物),臺南市中西區大同路一段24號7樓之4,9.22,住,,,1060706,土地3建物1車位0,七層,7,華廈(10層含以下有電梯),住家用,鋼筋混凝土造,0680406,50.3,2,1,1,有,無,無,6000,119,,0.0,0,,RPRPMLLKPHMFFAD18CC
安平區,建物,臺南市安平區安平路304號三樓之11,0.0,,,,1060708,土地0建物1車位0,三層,7,華廈(10層含以下有電梯),住家用,鋼筋混凝土造,0710223,58.78,2,0,1,有,有,無,7000,119,,0.0,0,,RPVPMLLKPHMFFAD58CC
永康區,建物,臺南市永康區復華五街55巷18號,0.0,商,,,1060708,土地0建物1車位0,一層,10,華廈(10層含以下有電梯),見其他登記事項,見其他登記事項,1040810,163.05,3,2,3,有,有,無,26500,163,,0.0,0,1.合約書無填具土地租賃面積2.由所有權人提供出租資訊3.承租範圍1+2+3樓.,RPVOMLLKPHMFFHR97CC
安南區,房地(土地+建物),臺南市安南區長和路二段169號,89.1,其他,,,1060616,土地1建物1車位0,全,3,透天厝,住商用,鋼筋混凝土造,1040805,209.35,5,2,3,有,無,無,30000,143,,0.0,0,,RPUNMLLKPHMFFBD38CC
南區,房地(土地+建物),臺南市南區永華路一段57號,723.0,住,,,1060712,土地3建物1車位0,一層,1,店面(店鋪),見其他登記事項,見其他登記事項,1060218,427.55,0,0,0,無,無,無,225000,526,,0.0,0,,RPQOMLMKPHMFFCD28CC
東區,建物,臺南市東區崇善路699號,75.0,商,,,1060710,土地0建物1車位0,一層,4,店面(店鋪),住商用,鋼筋混凝土構造,0790625,50.88,0,1,1,有,無,無,15000,295,,0.0,0,,RPROMLMKPHMFFCD38CC
南區,建物,臺南市南區興昌路57號十四樓,0.0,商,,,1060709,土地0建物1車位0,十四層,14,住宅大樓(11層含以上有電梯),見其他登記事項,鋼筋混凝土構造,1050314,239.93,3,2,2,有,有,有,30000,125,,0.0,0,,RPQNMLNKPHMFFCD28CC
東區,房地(土地+建物),臺南市東區中華東路二段167號七樓之9,4.44,其他,,,1060615,土地1建物1車位0,七層,14,套房(1房1廳1衛),住家用,鋼筋混凝土構造,0970229,51.209999999999994,1,1,1,有,有,有,10000,195,,0.0,0,租金含管理費。,RPTNMLNKPHMFFCD58CC
東區,房地(土地+建物),臺南市東區崇善十一街69之1號,69.0,住,,,1060629,土地1建物1車位0,全,3,透天厝,住商用,鋼筋混凝土造,0701218,189.61,3,2,3,有,無,無,15000,79,,0.0,0,,RPUNMLNKPHMFFCD68CC
中西區,建物,臺南市中西區中華西路二段５２０號９樓之７,0.0,住,,,1060706,土地0建物1車位0,九層,15,住宅大樓(11層含以上有電梯),見其他登記事項,見其他登記事項,1020620,91.87,2,2,1,有,有,有,17500,190,,0.0,0,,RPXPMLNKPHMFFAD98CC
佳里區,房地(土地+建物),臺南市佳里區忠仁里13鄰忠仁街132巷10號,118.57,住,,,1060707,土地2建物1車位0,全,3,透天厝,住商用,鋼筋混凝土造,0850914,181.08,4,2,3,有,有,有,12000,66,,0.0,0,,RPRNMLNKPHMFFDR37DC
永康區,土地,鹽行段1568地號,1812.0,其他,,,1060706,土地1建物0車位0,,,其他,,,,0.0,0,0,0,有,無,無,170000,94,,0.0,0,建物未保存登記,RPQNMLOKPHMFFHR67CC
安平區,房地(土地+建物),臺南市安平區慶平路160號8樓之3,8.76,商,,,1060625,土地1建物1車位0,八層,12,住宅大樓(11層含以上有電梯),住家用,鋼筋混凝土造,0800604,100.17,2,2,2,有,有,有,12000,120,,0.0,0,,RPSNMLPKPHMFFAD48CC
北區,建物,臺南市北區北成路４８１巷２６號,0.0,住,,,1060623,土地0建物1車位0,全,4,透天厝,住家用,見其他登記事項,0930206,200.51,5,2,4,有,無,有,18000,90,,0.0,0,,RPTNMLRKPHMFFAD78CC
中西區,建物,臺南市中西區公園路121號,0.0,商,,,1060628,土地0建物1車位0,全,3,透天厝,見其他登記事項,鋼筋混凝土造,0971023,47.15,0,0,0,無,無,無,25200,534,,0.0,0,,RPPOMLRKPHMFFAD48CC
北區,建物,臺南市北區長榮路五段41巷36號十二樓之5,0.0,住,,,1060711,土地0建物1車位0,十二層,14,住宅大樓(11層含以上有電梯),見其他登記事項,鋼筋混凝土造,0920916,168.82,3,2,2,有,有,有,16000,95,,0.0,0,,RPROMLRKPHMFFAD68CC
東區,房地(土地+建物),臺南市東區崇明路359號,95.0,住,,,1060706,土地1建物1車位0,見其他登記事項,4,店面(店鋪),住商用,鋼筋混凝土造,0750808,254.37,6,2,4,有,無,無,50000,197,,0.0,0,,RPSOMLRKPHMFFCD98CC
東區,房地(土地+建物),臺南市東區中華東路二段169號三樓之20,4.23,其他,,,1060619,土地1建物1車位0,三層,14,套房(1房1廳1衛),住家用,鋼筋混凝土構造,0970229,48.22,1,0,1,有,有,有,9000,187,,0.0,0,,RPTOMLRKPHMFFCD09CC
永康區,房地(土地+建物),臺南市永康區大灣路537巷17弄11號,95.2,住,,,1060715,土地5建物1車位0,全,2,透天厝,住家用,加強磚造,0680327,93.9,5,2,2,有,無,有,11000,117,,0.0,0,,RPRNMLRKPHMFFHR08CC
永康區,建物,臺南市永康區大橋一街47之1號三樓之8,0.0,住,,,1060712,土地0建物1車位0,三層,14,住宅大樓(11層含以上有電梯),住家用,鋼筋混凝土造,0880824,122.95,2,1,2,有,有,有,13000,106,,0.0,0,1.合約書無填具土地租賃面積2.由所有權人提供出租資訊3.租金已包含車位,RPXNMLRKPHMFFHR68CC
永康區,土地,六合段4地號,708.66,住,,,1060618,土地1建物0車位0,,,其他,,,,0.0,0,0,0,有,無,有,132000,186,,0.0,0,目前為空地，承租方負責興建地上建物，租期及租金自建物完成保存登記開使起算收租。,RPQOMLRKPHMFFHR08CC
中西區,建物,臺南市中西區大智街125號,0.0,住,,,1060711,土地0建物1車位0,全,2,透天厝,住家用,磚造,0500101,101.9,4,3,3,有,無,無,20000,196,,0.0,0,,RPXNMLSKPHMFFAD66CC
中西區,建物,臺南市中西區民族路二段66號八樓之4,0.0,,,,1060714,土地0建物1車位0,八層,13,住宅大樓(11層含以上有電梯),住家用,鋼筋混凝土造,0821102,91.74000000000001,2,2,2,有,有,有,14000,153,,0.0,0,,RPTNMLTKPHMFFAD98CC
安平區,建物,臺南市安平區健康三街460巷10號六樓,0.0,,,,1060715,土地0建物1車位0,六層,6,華廈(10層含以下有電梯),住家用,鋼筋混凝土造,0810508,129.44,3,2,2,有,有,無,15000,116,,0.0,0,,RPUNMLTKPHMFFAD09CC
北區,建物,臺南市北區文賢路1122巷78弄28號,0.0,,,,1060717,土地0建物1車位0,全,4,透天厝,住商用,鋼筋混凝土造,0690604,136.41,4,2,3,有,無,無,13500,99,,0.0,0,,RPXNMLTKPHMFFAD76CC
北區,建物,臺南市北區中華北路一段181巷62號,0.0,,,,1060719,土地0建物1車位0,全,4,透天厝,住商用,鋼筋混凝土造,0820109,219.45,6,2,4,有,無,無,25000,114,,0.0,0,,RPPOMLTKPHMFFAD68CC
中西區,建物,臺南市中西區民權路三段400巷18號四樓,0.0,,,,1060719,土地0建物1車位0,四層,10,華廈(10層含以下有電梯),見其他登記事項,鋼筋混凝土造,0880730,118.25,3,1,2,有,有,無,9000,76,,0.0,0,,RPOPMLTKPHMFFAD68CC
東區,房地(土地+建物),臺南市東區中華東路二段167號二樓之二,3.38,其他,,,1060623,土地1建物1車位0,二層,14,套房(1房1廳1衛),住家用,鋼筋混凝土構造,0970229,64.33,1,0,1,有,有,有,8000,124,,0.0,0,,RPTNMLTKPHMFFCD56CC
永康區,房地(土地+建物),臺南市永康區中華路7巷6號4F-2,6.03,住,,,1060623,土地1建物1車位0,四層,19,住宅大樓(11層含以上有電梯),見其他登記事項,見其他登記事項,1010817,88.37,2,2,1,有,無,有,18000,204,,0.0,0,,RPSNMLTKPHMFFHR38CC
永康區,房地(土地+建物),臺南市永康區中華路196-18號,38.5,其他,,,1060622,土地1建物1車位0,十四層,16,辦公商業大樓,見其他登記事項,鋼筋混凝土造,0790317,371.9,0,0,0,無,無,有,33000,89,,0.0,0,,RPTNMLTKPHMFFHR48CC
永康區,房地(土地+建物),臺南市永康區中山南路195巷32-7號5F-3,11.9,住,,,1060624,土地1建物1車位0,五層,11,住宅大樓(11層含以上有電梯),住家用,鋼筋混凝土造,0880317,65.6,3,2,1,有,有,有,11000,168,,0.0,0,,RPUNMLTKPHMFFHR58CC
永康區,土地,橋北段130地號,347.24,住,,,1060719,土地0建物0車位0,,,其他,,,,0.0,0,0,0,有,無,無,80000,230,,0.0,0,,RPOOMLTKPHMFFHR08CC
東區,建物,臺南市東區中華東路二段115號,0.0,商,,,1060713,土地0建物1車位0,三層,7,華廈(10層含以下有電梯),住商用,鋼筋混凝土構造,0721022,64.6,1,1,1,有,無,有,6000,93,,0.0,0,,RPXNMLKLPHMFFCD78CC
北區,建物,臺南市北區北成路401號六樓之10,0.0,住,,,1060716,土地0建物1車位0,六層,14,住宅大樓(11層含以上有電梯),見其他登記事項,鋼筋混凝土造,0990406,70.68,1,1,1,有,無,有,15000,212,,0.0,0,,RPWOMLKLPHMFFAD58CC
中西區,土地,中正段810地號,36.01,商,,,1060719,土地3建物0車位0,,,其他,,,,0.0,0,0,0,有,無,有,8000,222,,0.0,0,,RPVNMLLLPHMFFAD48CC
永康區,建物,臺南市永康區中華路661巷18號4F2,692.0,住,,,1060721,土地0建物1車位0,四層,6,華廈(10層含以下有電梯),住家用,鋼筋混凝土造,0830222,38.98,1,1,1,有,有,有,8000,205,,0.0,0,,RPROMLLLPHMFFHR67CC
永康區,房地(土地+建物),臺南市永康區中山路354號,21.69,其他,,,1060701,土地1建物1車位0,一層,26,店面(店鋪),住商用,鋼筋混凝土造,0851106,219.2,3,1,2,有,無,無,25000,114,,0.0,0,,RPSNMLMLPHMFFHR77CC
永康區,土地,大灣段7594-12地號,85.0,其他,,,1060630,土地1建物0車位0,,,其他,,,,0.0,0,0,0,有,無,無,20000,235,,0.0,0,建物無保存登記,RPXNMLMLPHMFFHR28CC
永康區,房地(土地+建物),臺南市永康區復國路76號5樓之3,50.47,住,,,1060703,土地1建物1車位0,五層,14,住宅大樓(11層含以上有電梯),住家用,鋼筋混凝土造,0960920,177.71,3,2,2,有,無,有,19900,112,,0.0,0,,RPOOMLMLPHMFFHR47CC
仁德區,房地(土地+建物),臺南市仁德區中山路636號、638號,196.07,住,,,1060605,土地2建物2車位0,一層,3,店面(店鋪),住家用,鋼筋混凝土造,0690410,188.55,3,2,2,有,無,無,50000,265,,0.0,0,,RPROMLMLPHMFFFR57CC
仁德區,土地,民安段83地號,442.86,住,,,1060721,土地1建物0車位0,,,其他,,,,0.0,0,0,0,有,無,有,22000,50,,0.0,0,,RPUOMLMLPHMFFFR87CC
仁德區,建物,臺南市仁德區德洋二街19巷8號,0.0,住,,,1060717,土地0建物1車位0,見其他登記事項,3,店面(店鋪),住家用,鋼筋混凝土造,0810831,161.2,6,2,3,有,無,無,20000,124,,0.0,0,1.合約書無填具土地租賃面積2.由所有權人提供出租資訊3.租整棟透天,RPVNMLOLPHMFFFR08CC
永康區,房地(土地+建物),臺南市永康區中山南路866號,30.89,商,,,1060707,土地1建物1車位0,一層,17,店面(店鋪),住商用,鋼筋混凝土造,0831006,248.35,4,3,4,有,有,無,20000,81,,0.0,0,,RPOOMLOLPHMFFHR67CC
安平區,建物,臺南市安平區國平路599號十四樓之10,0.0,商,,,1060717,土地0建物1車位0,十四層,21,住宅大樓(11層含以上有電梯),住家用,鋼筋混凝土造,0831222,43.06,1,1,1,有,有,有,11000,255,,0.0,0,,RPWNMLOLPHMFFAD88CC
北區,建物,臺南市北區臨安路二段256號十七樓之1,0.0,住,,,1060715,土地0建物1車位0,十七層,23,住宅大樓(11層含以上有電梯),見其他登記事項,鋼筋混凝土造,0890406,201.71,4,2,2,有,有,有,26000,129,,0.0,0,,RPXNMLOLPHMFFAD98CC
中西區,建物,臺南市中西區五妃街258號三樓之8,0.0,住,,,1060723,土地0建物1車位0,三層,8,華廈(10層含以下有電梯),見其他登記事項,鋼筋混凝土造,0931203,65.94,2,1,1,有,有,有,15000,227,,0.0,0,,RPOOMLOLPHMFFAD18CC
北區,房地(土地+建物),臺南市北區海安路三段135巷6號,87.27,住,,,1060704,土地1建物1車位0,全,4,透天厝,住商用,鋼筋混凝土造,0790301,178.46,6,2,5,有,無,無,35000,196,,0.0,0,,RPVOMLOLPHMFFAD88CC
安平區,建物,臺南市安平區健康路三段309號二樓之6,0.0,,,,1060720,土地0建物1車位0,二層,27,住宅大樓(11層含以上有電梯),見其他登記事項,見其他登記事項,1051109,85.30000000000001,2,1,1,有,有,有,18000,211,,0.0,0,,RPQNMLPLPHMFFAD38CC
中西區,建物,臺南市中西區府前路一段196巷7號二樓之1,0.0,,,,1060722,土地0建物1車位0,二層,5,公寓(5樓含以下無電梯),住家用,鋼筋混凝土造,0690614,125.62,3,2,2,有,無,有,12000,96,,0.0,0,,RPSNMLPLPHMFFAD58CC
中西區,建物,臺南市中西區南華街52號,0.0,,,,1060715,土地0建物1車位0,一層,3,店面(店鋪),住商用,鋼筋混凝土造,0781206,22.23,0,1,1,有,無,無,5000,225,,0.0,0,,RPVNMLPLPHMFFAD88CC
中西區,建物,臺南市中西區金華路四段18號,0.0,,,,1060721,土地0建物1車位0,一層,16,店面(店鋪),見其他登記事項,見其他登記事項,1040224,229.25,0,2,2,有,無,無,60000,262,,0.0,0,,RPWNMLPLPHMFFAD98CC
中西區,建物,臺南市中西區南華街52號,0.0,,,,1060715,土地0建物0車位0,全,3,透天厝,住商用,鋼筋混凝土造,0781206,56.16,4,1,4,有,無,無,12000,214,,0.0,0,,RPPOMLPLPHMFFAD38CC
東區,建物,臺南市東區富農街一段53號,0.0,,,,1060721,土地0建物1車位0,全,3,透天厝,住商用,鋼筋混凝土構造,0681017,82.95,0,1,1,有,無,無,12000,145,,0.0,0,1.租賃契約書無填寫土地租賃面積2.由所有權人提供租屋資訊3.承租人承租地下一樓及一樓,RPPNMLPLPHMFFCD48CC
東區,建物,臺南市東區東興路31巷4號,0.0,,,,1060722,土地0建物1車位0,一層,5,公寓(5樓含以下無電梯),住家用,鋼筋混凝土構造,0701103,95.76,3,2,2,有,無,無,16000,167,,0.0,0,,RPQNMLPLPHMFFCD58CC
東區,房地(土地+建物),臺南市東區中華東路二段167號六樓之6,2.96,其他,,,1060628,土地1建物1車位0,六層,14,套房(1房1廳1衛),住家用,鋼筋混凝土構造,0970229,34.2,1,0,1,有,有,有,8500,249,,0.0,0,,RPUNMLPLPHMFFCD98CC
東區,房地(土地+建物),臺南市東區中華東路二段167號10樓之5,2.96,其他,,,1060628,土地1建物1車位0,十層,14,套房(1房1廳1衛),住家用,鋼筋混凝土構造,0970229,34.33,1,0,1,有,有,有,8000,233,,0.0,0,,RPXNMLPLPHMFFCD66CC
南區,建物,臺南市南區德南街85號,0.0,,,,1060724,土地0建物1車位0,全,2,透天厝,住家用,鋼筋混凝土造,0750612,142.1,4,2,4,有,無,無,19800,139,,0.0,0,,RPOOMLPLPHMFFCD48CC
永康區,建物,臺南市永康區中華路349號十樓之6,0.0,住,,,1060721,土地0建物1車位0,十層,17,住宅大樓(11層含以上有電梯),見其他登記事項,鋼筋混凝土造,0850129,35.75,1,0,1,有,無,有,6000,168,,0.0,0,,RPSNMLPLPHMFFHR08CC
東區,房地(土地+建物),臺南市東區長榮路二段47號,262.0,商,,,1060628,土地2建物1車位0,一層,1,店面(店鋪),見其他登記事項,見其他登記事項,0900524,156.13,0,0,0,無,無,無,65000,416,,0.0,0,,RPWNMLPLPHMFFCD66DC
新化區,建物,臺南市新化區竹子腳路247之476號,0.0,,特定農業區,甲種建築用地,1060724,土地0建物1車位0,全,4,透天厝,住家用,鋼筋混凝土造,0830118,169.45,3,2,3,有,無,無,10000,59,,0.0,0,1.合約書無填具土地租賃面積.2.由所有權人提供出租資訊3.租金已包含車位,RPTNMLPLPHMFFER87CC
佳里區,房地(土地+建物),臺南市佳里區延平路315號,74.0,商,,,1060724,土地2建物1車位0,見其他登記事項,5,店面(店鋪),住商用,鋼筋混凝土造,0780328,300.42,7,2,4,有,無,無,23000,77,,0.0,0,,RPSNMLQLPHMFFDR87DC
永康區,房地(土地+建物),臺南市永康區永大路1069號,359.9,住,,,1060725,土地1建物1車位0,一層,1,店面(店鋪),見其他登記事項,見其他登記事項,1050910,232.11,0,0,0,無,無,無,62000,267,,0.0,0,,RPPOMLQLPHMFFHR97CC
永康區,建物,臺南市永康區永安路105巷19號五樓,0.0,住,,,1060724,土地0建物1車位0,五層,6,華廈(10層含以下有電梯),住家用,鋼筋混凝土造,0821027,99.95,3,2,2,有,有,有,12000,120,,0.0,0,,RPROMLQLPHMFFHR18CC
永康區,建物,臺南市永康區復國路72號十四樓之3,0.0,住,,,1060724,土地0建物1車位0,十四層,14,住宅大樓(11層含以上有電梯),住家用,鋼筋混凝土造,0960920,204.16,4,2,2,有,有,無,16000,78,,0.0,0,1.合約書無填具土地租賃面積2.由所有權人提供出租資訊3.租金已包含車位,RPSOMLQLPHMFFHR28CC
東區,房地(土地+建物)+車位,臺南市東區崇德十五街85號五樓,23.62,住,,,1060720,土地1建物1車位0,五層,7,華廈(10層含以下有電梯),見其他登記事項,鋼筋混凝土構造,1051114,19.65,2,1,2,有,有,有,23000,1170,坡道平面,14.52,0,,RPSNMLQLPHMFFCD88CC
東區,房地(土地+建物),臺南市東區東門路一段303號1+B1樓,204.0,商,,,1060725,土地1建物1車位0,全,3,透天厝,住商用,鋼筋混凝土構造,0641024,66.11,0,0,0,無,無,無,50000,756,,0.0,0,,RPVNMLQLPHMFFCD56CC
東區,房地(土地+建物),臺南市東區德東街235巷118弄140號三樓,40.97,住,,,1060721,土地1建物1車位0,三層,5,公寓(5樓含以下無電梯),見其他登記事項,鋼筋混凝土構造,1030605,130.09,3,2,2,有,無,有,23000,177,,0.0,0,,RPWNMLQLPHMFFCD66CC
北區,土地,北元段736-2地號,262.2,住,,,1060726,土地1建物0車位0,,,其他,,,,0.0,0,0,0,有,無,無,25000,95,,0.0,0,,RPOQMLQLPHMFFAD58CC
永康區,建物,臺南市永康區永大一路307號,0.0,,,,1060710,土地0建物1車位0,一層,10,其他,住商用,鋼筋混凝土造,0830503,148.77,3,2,3,有,無,有,15000,101,,0.0,0,,RPVPMLRLPHMFFHR78CC
安平區,建物,臺南市安平區郡平路295號,0.0,住,,,1060726,土地0建物1車位0,一層,7,華廈(10層含以下有電梯),住商用,鋼筋混凝土造,0840711,146.15,1,1,2,有,無,無,16000,109,,0.0,0,,RPSNMLSLPHMFFAD88CC
中西區,建物,臺南市中西區頂美三街168號十二樓之3,0.0,住,,,1060724,土地0建物1車位0,十二層,18,住宅大樓(11層含以上有電梯),見其他登記事項,見其他登記事項,1051026,161.73,3,2,2,有,有,有,36000,223,,0.0,0,,RPTNMLSLPHMFFAD98CC
