﻿編號,土地位置,土地移轉面積(平方公尺),使用分區或編定,權利人持分分母,權利人持分分子,移轉情形,地號
The serial number, land position,land shifting area square meter,the use zoning or compiles and checks,,,,land parcel
RPOPMLLJNHMFFAE67CC,龍華段八小段,133.57,都市：商,,,,22630000
RPPOMLLJNHMFFDE97CC,陽明段二小段,79.38,都市：住,,,,00170000
RPROMLLJNHMFFBE97CC,林德官段一小段,58.00,都市：商,,,,18640000
RPTOMLLJNHMFFDE38CC,獅頭段,15.66,都市：商,,,,22370000
RPVOMLLJNHMFFEE68CC,新庄段一小段,109.00,都市：住,,,,07550000
RPUOMLLJNHMFFEE58CC,新庄段一小段,109.00,都市：住,,,,07550000
RPPNMLMJNHMFFCE87CC,愛群段,29.25,都市：商,,,,28810000
RPTOMLMJNHMFFDE48CC,鼎泰段,16.16,都市：住,,,,14740082
RPOOMLMJNHMFFCE87CC,愛群段,5.86,都市：商,,,,24590000
RPVNMLMJNHMFFBE38CC,過田子段,17.93,都市：住,,,,08790000
RPVNMLMJNHMFFBE38CC,過田子段,17.80,都市：住,,,,08790000
RPPOMLMJNHMFFBE87CC,林德官段一小段,22.16,都市：商,,,,25170000
RPOOMLMJNHMFFBE77CC,過田子段,78.00,都市：住,,,,09140001
RPSOMLMJNHMFFBE18CC,意誠段,.00,都市：商,,,,01990000
RPROMLMJNHMFFBE08CC,意誠段,.00,都市：商,,,,01990000
RPTOMLMJNHMFFBE28CC,意誠段,.00,都市：商,,,,01990000
RPUOMLMJNHMFFBE38CC,意誠段,.00,都市：商,,,,01990000
RPVOMLMJNHMFFBE48CC,意誠段,.00,都市：商,,,,01990000
RPUOMLNJNHMFFAE38CC,龍華段八小段,14.55,都市：商,,,,22540000
RPVNMLMJNHMFFAE28CC,龍華段四小段,17.58,都市：住,,,,07550000
RPVOMLNJNHMFFAE48CC,前金段,4.82,都市：其他:,,,,01080000
RPTNMLMJNHMFFAE08CC,龍華段八小段,133.57,都市：商,,,,22630000
RPROMLMJNHMFFGE58CC,過埤段,73.67,都市：住,,,,08950000
RPSNMLNJNHMFFBE18CC,林德官段,.00,都市：商,,,,11480000
RPWOMLMJNHMFFBE58CC,意誠段,.00,都市：商,,,,01990000
RPVOMLNJNHMFFBE58CC,新興段四小段,43.00,都市：商,,,,09770000
RPWOMLNJNHMFFBE68CC,過田子段,370.00,都市：商,,,,08020000
RPXOMLMJNHMFFBE68CC,意誠段,.00,都市：商,,,,01990000
RPQOMLNJNHMFFBE08CC,林德官段二小段,.00,都市：住,,,,34790001
RPOOMLNJNHMFFBE87CC,新興段二小段,180.00,都市：商,,,,09930000
RPPNMLNJNHMFFDE08CC,鼎泰段,.00,都市：住,,,,13780000
RPUOMLMJNHMFFCE48CC,愛群段,7.30,都市：商,,,,24590000
RPWOMLNJNHMFFCE78CC,愛群段,8.10,都市：住,,,,01980000
RPSOMLNJNHMFFCE38CC,獅甲段,4.86,都市：住,,,,03310000
RPSOMLNJNHMFFCE38CC,獅甲段,1.54,都市：住,,,,03300000
RPOOMLOJNHMFFCE08CC,獅甲段二小段,13.98,都市：住,,,,05530000
RPXNMLOJNHMFFDE98CC,獅頭段,10.74,都市：商,,,,26770000
RPVNMLOJNHMFFBE58CC,林德官段,12.95,都市：住,,,,13020000
RPXNMLOJNHMFFGE66CC,新庄子段,62.00,都市：商,,,,02290043
RPQOMLOJNHMFFGE68CC,華鳳段,15.52,都市：住,,,,01120000
RPPOMLOJNHMFFBE08CC,新興段一小段,8.66,都市：商,,,,01400004
RPVOMLOJNHMFFGE56CC,五甲段,92.00,都市：商,,,,12730058
RPSNMLPJNHMFFLE76CC,翁公園段,740.00,都市：農,,,,36430000
RPVNMLPJNHMFFIE76CC,觀音山段,514.48,都市：農,,,,04150000
RPVOMLPJNHMFFGE66CC,華鳳段,18.02,都市：住,,,,00430000
RPSRMLPJNHMFFGE66CC,新庄子段,288.00,都市：住,,,,02440015
RPSRMLPJNHMFFGE66CC,新庄子段,54.00,都市：住,,,,02440268
RPSRMLPJNHMFFGE66CC,新庄子段,82.00,都市：住,,,,02440284
RPWNMLPJNHMFFBE78CC,新興段三小段,9.32,都市：商,,,,09010000
RPWNMLPJNHMFFAE68CC,大成段,9.01,都市：商,,,,07170000
RPSNMLPJNHMFFCE48CC,愛群段,.00,都市：商,,,,17460000
RPXNMLPJNHMFFCE98CC,憲德段二小段,19.97,都市：商,,,,00160000
RPTNMLPJNHMFFDE68CC,灣和段,.00,都市：住,,,,00380000
RPVOMLPJNHMFFDE98CC,水源段,14.62,都市：住,,,,04810000
RPROMLPJNHMFFFE78CC,鳳雄段,.00,非都市：一般農業區 ; 非都市編定：農牧用地,,,,00750000
RPOOMLOJNHMFFFE38CC,安北段,63.75,都市：住,,,,04770000
RPOOMLOJNHMFFFE38CC,安北段,38.56,都市：其他:道路用地,,,,04810000
RPOOMLOJNHMFFFE38CC,安北段,447.20,都市：其他:分區界線尚未分割,,,,04820000
RPOOMLOJNHMFFFE38CC,安北段,116.58,都市：其他:道路用地,,,,04830000
RPOOMLOJNHMFFFE38CC,安北段,.92,都市：住,,,,05440000
RPOOMLOJNHMFFFE38CC,安北段,180.34,都市：住,,,,05450000
RPSNMLOJNHMFFFE68CC,大仁段,149.00,都市：住,,,,25780000
RPTPMLPJNHMFFEE98CC,新庄段十二小段,957.00,都市：商,,,,10300000
RPTPMLPJNHMFFEE98CC,新庄段十二小段,895.00,都市：商,,,,10310000
RPSPMLPJNHMFFEE88CC,新庄段七小段,12.14,都市：住,,,,03150000
RPQPMLPJNHMFFEE68CC,新庄段十三小段,6.22,都市：商,,,,15090000
RPSOMLNJNHMFFEE58CC,新民段,395.98,都市：住,,,,03970000
RPOPMLNJNHMFFEE28CC,新吉段,77.64,都市：住,,,,00410001
RPTNMLNJNHMFFEE58CC,新民段,17.17,都市：商,,,,01440000
RPPPMLPJNHMFFEE58CC,新庄段十三小段,6.22,都市：商,,,,15090000
RPRNMLOJNHMFFEE48CC,福山段,.00,都市：住,,,,03920008
RPUPMLMJNHMFFEE78CC,新庄段九小段,29.83,都市：住,,,,14170000
RPWPMLMJNHMFFEE98CC,新庄段十三小段,8.76,都市：商,,,,14450000
RPUPMLPJNHMFFEE09CC,新福段七小段,11.14,都市：住,,,,00050000
RPUPMLSJNHMFFDE66CC,覆鼎金段覆鼎金小段,.00,都市：住,,,,13260016
RPUQMLPJNHMFFEE56CC,新庄段十三小段,23.30,都市：商,,,,14900000
RPSNMLSJNHMFFCE78CC,愛群段,.00,非都市： ; 非都市編定：,,,,24590000
RPWNMLSJNHMFFCE56CC,愛群段,.00,都市：商,,,,28920000
RPWNMLSJNHMFFAE98CC,內惟段六小段,12.28,都市：住,,,,11770000
RPSNMLSJNHMFFAE58CC,青海段,6.09,都市：商,,,,02090001
RPUOMLSJNHMFFIE07CC,仁營段,714.00,都市：農,,,,10130001
RPOOMLTJNHMFFIE56CC,大?腿段,826.45,都市：農,,,,14910000
RPQOMLTJNHMFFIE76CC,興工段,330.60,都市：農,,,,01330000
RPUNMLSJNHMFFFE66CC,安北段,51.82,都市：住,,,,01570000
RPUNMLSJNHMFFFE66CC,安北段,24.49,都市：住,,,,01580000
RPTNMLTJNHMFFGE76CC,文英段,128.00,都市：商,,,,05890000
RPTOMLTJNHMFFEE76DC,新福段九小段,5.92,都市：住,,,,00110000
RPTOMLTJNHMFFEE76DC,新庄段三小段,3.74,都市：住,,,,01240000
RPXNMLTJNHMFFGE17CC,新甲段,53.00,都市：住,,,,13020020
RPSOMLTJNHMFFAE78CC,前金段,94.00,都市：商,,,,00840006
RPRNMLTJNHMFFAE58CC,內惟段九小段,14.15,都市：住,,,,00170000
RPVOMLTJNHMFFCE66CC,孔宅段,25.50,都市：住,,,,02530000
RPUNMLTJNHMFFDE56CC,大順段,10.81,都市：商,,,,02090000
RPPPMLTJNHMFFDE88CC,大豐段二小段,7.00,都市：商,,,,06040000
RPPPMLTJNHMFFDE88CC,大豐段二小段,67.00,都市：商,,,,06050000
RPPPMLKKNHMFFDE08CC,有光段,.00,都市：商,,,,05810000
RPSOMLSJNHMFFEE09CC,新庄段十二小段,4.25,都市：住,,,,09930000
RPWOMLQJNHMFFEE66CC,新庄段十三小段,613.00,都市：商,,,,12820000
RPPOMLLKNHMFFBE87CC,大統段一小段,.00,都市：商,,,,00060000
RPPNMLLKNHMFFBE77CC,過田子段,57.00,都市：商,,,,11200002
RPQNMLLKNHMFFBE87CC,新興段四小段,9.00,都市：商,,,,00430000
RPOOMLLKNHMFFBE77CC,過田子段,.00,都市：商,,,,11360000
RPQNMLLKNHMFFBE87CC,新興段四小段,3.00,都市：商,,,,00440000
RPQNMLLKNHMFFBE87CC,新興段四小段,99.00,都市：商,,,,00450000
RPTOMLSJNHMFFBE88CC,苓雅寮段,.00,都市：商,,,,05000000
RPTNMLKKNHMFFBE08CC,意誠段,6.78,都市：商,,,,07270000
RPWOMLSJNHMFFBE56CC,林德官段,.00,都市：商,,,,11940000
RPVNMLSJNHMFFBE98CC,過田子段,.00,都市：商,,,,11450002
RPUOMLTJNHMFFBE09CC,意誠段,.00,都市：商,,,,00430000
RPQOMLLKNHMFFBE97CC,五塊厝段,.00,都市：商,,,,20670000
RPPOMLSJNHMFFBE48CC,福河段,60.00,都市：住,,,,07260000
RPQNMLMKNHMFFIE68CC,青雲段,517.00,都市：其他:帶狀綠帶,,,,07150000
RPQNMLMKNHMFFIE68CC,青雲段,611.00,都市：住,,,,07200002
RPPPMLMKNHMFFEE38CC,新博段,23.45,都市：住,,,,00070000
RPXQMLMKNHMFFEE66CC,右昌段三小段,70.00,都市：住,,,,03930019
RPORMLMKNHMFFEE48CC,新庄段五小段,40.50,都市：住,,,,07170000
RPQRMLMKNHMFFEE68CC,福民段,14.76,都市：住,,,,01600000
RPRRMLMKNHMFFEE78CC,菜公段一小段,60.00,都市：住,,,,02080071
RPUNMLMKNHMFFBE38CC,新興段二小段,6.49,都市：商,,,,12760000
RPSOMLMKNHMFFBE28CC,過田子段,91.00,都市：商,,,,06360012
RPSNMLMKNHMFFBE18CC,林德官段二小段,14.67,都市：商,,,,34120000
RPVOMLMKNHMFFBE58CC,意誠段,5.42,都市：商,,,,01990000
RPTOMLMKNHMFFBE38CC,苓中段,103.00,都市：商,,,,02860000
RPTNMLMKNHMFFAE18CC,文東段,6.53,都市：商,,,,16130000
RPUNMLMKNHMFFAE28CC,大智段,.00,都市：商,,,,05040000
RPUNMLMKNHMFFAE28CC,大智段,.00,都市：商,,,,05070000
RPWNMLMKNHMFFAE48CC,東金段,6.00,都市：商,,,,18600000
RPWNMLMKNHMFFAE48CC,東金段,6.00,都市：商,,,,18610000
RPWNMLMKNHMFFAE48CC,東金段,177.00,都市：商,,,,18620000
RPQOMLMKNHMFFAE97CC,龍華段八小段,5.73,都市：商,,,,22820000
RPROMLMKNHMFFAE08CC,龍中段,14.25,都市：商,,,,00590001
RPSOMLMKNHMFFAE18CC,龍中段,13.09,都市：商,,,,01030000
RPQPMLMKNHMFFAE08CC,龍水段一小段,120.00,都市：商,,,,11770000
RPSPMLMKNHMFFAE28CC,旗港段,58.05,都市：住,,,,03820003
RPUPMLMKNHMFFCE68CC,仁愛段,50.18,都市：住,,,,05860000
RPVPMLMKNHMFFAE58CC,青海段,13.70,都市：住,,,,02090001
RPOPMLLKNHMFFCE97CC,光華段,.00,都市：住,,,,16290000
RPSNMLMKNHMFFCE28CC,憲德段一小段,.00,都市：商,,,,08040001
RPSNMLMKNHMFFCE28CC,憲德段一小段,.00,都市：住,,,,08040000
RPTNMLNKNHMFFAE28CC,龍華段八小段,30.44,都市：商,,,,22700000
RPPNMLPKNHMFFDE38CC,覆鼎金段覆鼎金一小段,21.42,都市：住,,,,06880000
RPQNMLNKNHMFFEE38CC,福山段,10.78,都市：商,,,,03020000
RPVNMLPKNHMFFBE78CC,意誠段,.00,都市：商,,,,01990000
RPRNMLPKNHMFFDE58CC,中都段四小段,57.08,都市：住,,,,01460000
RPUNMLPKNHMFFBE78DC,五塊厝段,85.50,都市：商,,,,15530000
RPWNMLPKNHMFFBE88CC,意誠段,.00,都市：商,,,,01990000
RPQNMLPKNHMFFAE28DC,內惟段五小段,77.00,都市：住,,,,00190009
RPUNMLQKNHMFFFE56CC,大德段,508.08,都市：住,,,,01400000
RPQNMLQKNHMFFBE38CC,意誠段,1447.00,都市：商,,,,01910000
RPUOMLQKNHMFFBE88CC,大統段一小段,.00,都市：商,,,,08300000
RPVOMLQKNHMFFBE98CC,正福段,.00,都市：商,,,,05730000
RPXOMLQKNHMFFBE56CC,新興段二小段,64.00,都市：商,,,,00100000
RPROMLQKNHMFFAE48CC,文東段,117.00,都市：商,,,,15080000
RPSNMLQKNHMFFDE78CC,獅頭段,18.91,都市：商,,,,22480000
RPSOMLQKNHMFFEE98CC,加昌段,19.13,都市：商,,,,13290000
RPTNMLRKNHMFFEE09CC,福山段,.00,都市：商,,,,03420000
RPPQMLRKNHMFFEE98CC,新夏段,590.05,都市：住,,,,00480000
RPUNMLRKNHMFFDE09CC,水源段,13.74,都市：住,,,,00300000
RPUNMLRKNHMFFDE09CC,水源段,49.17,都市：住,,,,00310000
RPSPMLRKNHMFFDE09CC,大港段七小段,66.00,都市：商,,,,04760010
RPSPMLRKNHMFFDE09CC,大港段七小段,12.00,都市：商,,,,04760015
RPVQMLRKNHMFFDE86CC,陽明段二小段,84.70,都市：住,,,,01580000
RPWQMLRKNHMFFDE96CC,獅頭段,3.31,都市：商,,,,22980000
RPUNMLRKNHMFFCE98CC,獅甲段,.00,非都市： ; 非都市編定：,,,,05180003
RPSOMLQKNHMFFGE56CC,曹公段,266.56,都市：工,,,,01030078
RPTNMLLKNHMFFGE68CC,鳳山段草店尾小段,6.00,都市：商,,,,00710006
RPVOMLMKNHMFFGE09CC,道爺?段,26.90,都市：住,,,,10930134
RPTNMLLKNHMFFGE68CC,鳳山段草店尾小段,248.00,都市：商,,,,01490002
RPTNMLLKNHMFFGE68CC,鳳山段草店尾小段,43.00,都市：商,,,,01490003
RPQOMLLKNHMFFGE48CC,頂宏段,908.58,都市：住,,,,01220000
RPROMLQKNHMFFGE09CC,鳳甲段,98.76,都市：住,,,,00580039
RPQOMLLKNHMFFGE48CC,頂宏段,1051.45,都市：住,,,,01230000
RPVNMLPKNHMFFGE66CC,赤山段,10.84,都市：住,,,,03150002
RPRNMLLKNHMFFGE48CC,新甲段,42.00,都市：住,,,,10770017
RPRNMLLKNHMFFGE48CC,新甲段,27.00,都市：住,,,,10780017
RPOOMLRKNHMFFIE09CC,澄觀段,61.67,都市：住,,,,00680010
RPXNMLRKNHMFFIE27CC,灣北段,35.93,都市：住,,,,08170000
RPQOMLSKNHMFFIE76CC,林邊段,1071.07,都市：農,,,,03820000
RPSOMLSKNHMFFCE09DC,坪鳳段,403.62,都市：住,,,,02610000
RPUNMLRKNHMFFBE88CC,意誠段,.00,都市：商,,,,01990000
RPVQMLSKNHMFFGE37DC,竹子腳段,24.25,都市：住,,,,02810148
RPRPMLSKNHMFFGE76CC,正義段,83.26,都市：住,,,,00090016
RPWNMLSKNHMFFDE86DC,獅頭段一小段,66.00,都市：住,,,,20320004
RPVNMLRKNHMFFBE98CC,意誠段,4.80,都市：商,,,,01990000
RPSNMLSKNHMFFBE78CC,新興段四小段,98.00,都市：商,,,,19920000
RPSNMLSKNHMFFBE78CC,新興段四小段,78.00,都市：商,,,,19910000
RPTNMLSKNHMFFBE88CC,意誠段,.00,都市：商,,,,01990000
RPQNMLSKNHMFFBE58CC,意誠段,51.00,都市：商,,,,04990000
RPTOMLSKNHMFFBE98CC,衛武段,43.87,都市：住,,,,00050000
RPXOMLSKNHMFFCE86CC,愛群段,.00,非都市： ; 非都市編定：,,,,29350000
RPUNMLSKNHMFFDE56CC,三塊厝段,92.00,都市：商,,,,11930001
RPSPMLSKNHMFFEE66CC,楠梓段三小段,83.00,都市：商,,,,06890000
RPPPMLSKNHMFFDE88CC,獅頭段一小段,37.18,都市：住,,,,19240000
RPRPMLTKNHMFFEE66CC,新庄段十二小段,76.00,都市：住,,,,09490001
RPXNMLTKNHMFFDE96CC,獅頭段一小段,7.06,都市：商,,,,17000000
RPWNMLTKNHMFFDE86CC,灣華段,14.68,都市：住,,,,05280000
RPVNMLTKNHMFFCE66CC,獅甲段二小段,31.62,都市：住,,,,05830000
RPWNMLTKNHMFFCE76CC,憲德段一小段,2.80,都市：住,,,,08040000
RPTPMLTKNHMFFCE66CC,愛群段,39.73,都市：商,,,,13840000
RPQPMLSKNHMFFAE68CC,龍華段八小段,34.92,都市：商,,,,22560000
RPOPMLSKNHMFFAE48CC,青海段,13.43,都市：住,,,,06350000
RPTOMLSKNHMFFAE88CC,民生段,526.00,都市：商,,,,02140000
RPTOMLSKNHMFFAE88CC,民生段,56.00,都市：其他:,,,,02140001
RPTNMLTKNHMFFAE88CC,前金段,.00,都市：商,,,,00650000
RPRPMLRKNHMFFAE68CC,青海段,11.39,都市：住,,,,06350000
RPWOMLRKNHMFFAE09CC,前金段,29.88,都市：商,,,,00710004
RPPNMLTKNHMFFAE48CC,青海段,.00,都市：住,,,,01870000
RPXOMLQKNHMFFAE09CC,龍中段,11.58,都市：住,,,,01130000
RPROMLTKNHMFFAE78CC,龍華段八小段,14.75,都市：商,,,,22700000
RPWNMLTKNHMFFAE56CC,龍中段,9.16,都市：商,,,,01040000
RPTOMLTKNHMFFBE09CC,新興段四小段,.00,都市：商,,,,16770000
RPTOMLTKNHMFFBE09CC,新興段四小段,.00,都市：商,,,,16780000
RPSOMLTKNHMFFAE88CC,龍中段,6.84,都市：商,,,,00950000
RPUOMLTKNHMFFBE56CC,過田子段,4.28,都市：商,,,,10830000
RPXNMLTKNHMFFBE76CC,苓洲段,5.35,都市：商,,,,05420000
RPROMLTKNHMFFBE88CC,苓洲段,.00,都市：商,,,,01150000
RPSOMLTKNHMFFBE98CC,成功段,.00,都市：商,,,,07030000
RPVOMLTKNHMFFBE66CC,五塊厝段,8.09,都市：商,,,,20130000
RPUNMLTKNHMFFEE86DC,新庄段二小段,124.00,都市：住,,,,00040003
RPUOMLTKNHMFFGE07CC,七老爺段一甲小段,747.00,都市：住,,,,14700001
RPXPMLTKNHMFFGE47CC,新庄子段,33.28,都市：住,,,,01490042
RPPPMLTKNHMFFGE66CC,埤頂段,45.20,都市：住,,,,12430036
RPVNMLTKNHMFFIE27CC,保社段,3341.92,都市：工,,,,00190000
RPRPMLTKNHMFFGE86CC,新甲段,84.00,都市：住,,,,13140022
RPVOMLTKNHMFFIE37CC,澄清段,78.84,都市：其他:,,,,00190055
RPRNMLKLNHMFFAE87CC,大智段,35.81,都市：商,,,,09150000
RPUNMLKLNHMFFAE18CC,內惟段六小段,63.00,都市：住,,,,02590000
RPPNMLLLNHMFFFE28CC,大全段,76.00,都市：住,,,,08550000
RPOOMLTKNHMFFIE66CC,仁雄段,571.84,都市：住,,,,05660000
RPOOMLMLNHMFFGE48CC,七老爺段一甲小段,63.00,都市：住,,,,14870030
RPOOMLMLNHMFFGE48CC,七老爺段一甲小段,6.00,都市：住,,,,14870085
RPUPMLMLNHMFFAE58CC,興橋段,12.12,都市：住,,,,04520000
RPPNMLKLNHMFFAE67CC,民生段,526.00,都市：商,,,,02140000
RPPNMLKLNHMFFAE67CC,民生段,56.00,都市：其他:,,,,02140001
RPQPMLMLNHMFFDE58DC,獅頭段一小段,25.94,都市：商,,,,20410000
RPQPMLMLNHMFFDE58DC,獅頭段一小段,12.37,都市：商,,,,20410001
RPSOMLMLNHMFFIE09CC,大安段,163.00,都市：住,,,,09900004
RPTNMLMLNHMFFCE48CC,盛興段,.00,非都市： ; 非都市編定：,,,,13530000
RPXNMLMLNHMFFCE88CC,憲德段,47.00,都市：住,,,,03000000
RPTNMLMLNHMFFDE58CC,澄東段,13.52,都市：住,,,,00560000
RPPOMLMLNHMFFDE28CC,大港段,9.31,都市：商,,,,35650000
RPRPMLMLNHMFFDE58CC,獅頭段一小段,25.09,都市：住,,,,15380000
RPTNMLMLNHMFFBE38CC,正言段,29.07,都市：商,,,,02010000
RPPOMLMLNHMFFGE58CC,七老爺段一甲小段,63.00,都市：住,,,,14870030
RPPOMLMLNHMFFGE58CC,七老爺段一甲小段,6.00,都市：住,,,,14870085
RPUNMLMLNHMFFBE48CC,意誠段,.00,都市：商,,,,01990000
RPXNMLMLNHMFFBE78CC,過田子段,19.16,都市：住,,,,05880020
RPWPMLTKNHMFFBE86CC,大統段二小段,.00,都市：商,,,,13580000
RPTQMLMLNHMFFEE98CC,果貿段,23.00,都市：住,,,,00060000
RPUPMLNLNHMFFEE09CC,藍田中段,380.17,都市：住,,,,02390000
RPOQMLNLNHMFFEE58CC,新博段,19.06,都市：住,,,,00080000
RPVPMLNLNHMFFEE56CC,新庄段七小段,13.41,都市：住,,,,05750000
RPUPMLTKNHMFFEE96CC,新庄段五小段,54.21,都市：住,,,,07170000
RPUPMLTKNHMFFEE96CC,新庄段五小段,1.50,都市：住,,,,07170001
RPSPMLNLNHMFFEE88CC,藍田中段,195.04,都市：住,,,,02390000
RPWPMLTKNHMFFEE17CC,新庄段十三小段,4.80,都市：商,,,,14910000
RPSRMLMLNHMFFEE98CC,新庄段十二小段,170.00,都市：住,,,,10350009
RPWPMLNLNHMFFEE66CC,新庄段七小段,16.81,都市：住,,,,06110000
RPWNMLNLNHMFFEE09CC,新庄段十二小段,13.45,都市：住,,,,10810000
RPQOMLNLNHMFFAE18CC,文東段,27.60,都市：商,,,,16400000
RPQOMLNLNHMFFAE18CC,文東段,1.80,都市：商,,,,16400001
RPPPMLNLNHMFFDE48CC,大港段七小段,66.00,都市：商,,,,04760010
RPPPMLNLNHMFFDE48CC,大港段七小段,12.00,都市：商,,,,04760015
RPRPMLNLNHMFFGE98CC,新溪埔段,3348.61,非都市：特定農業區 ; 非都市編定：農牧用地,,,,11830000
RPRNMLNLNHMFFIE98CC,大安段,163.00,都市：住,,,,09900005
RPPNMLNLNHMFFIE78CC,大安段,164.00,都市：住,,,,09900006
RPVNMLNLNHMFFIE76CC,大安段,340.00,都市：住,,,,00720000
RPPOMLNLNHMFFIE88CC,大安段,187.00,都市：住,,,,09900002
RPQPMLNLNHMFFDE58CC,大港段四小段,12.40,都市：住,,,,26960000
RPOPMLNLNHMFFGE68CC,曹公段,332.66,都市：工,,,,01030019
RPTNMLOLNHMFFAE48CC,龍華段八小段,.00,都市：商,,,,23880000
RPUNMLOLNHMFFAE58CC,龍華段八小段,.00,都市：商,,,,23880000
RPOQMLOLNHMFFIE09CC,仁雄段,193.01,都市：住,,,,03390003
RPOQMLOLNHMFFIE09CC,仁雄段,237.43,都市：住,,,,03390004
RPOQMLOLNHMFFIE09CC,仁雄段,237.57,都市：住,,,,03390005
RPPOMLOLNHMFFAE18CC,青海段,13.24,都市：商,,,,02090000
RPSOMLOLNHMFFBE58CC,意誠段,.00,都市：商,,,,01990000
RPWOMLOLNHMFFBE98CC,五塊厝段,8.71,都市：商,,,,20130000
RPRNMLOLNHMFFDE58CC,獅頭段,.00,都市：商,,,,26790000
RPPQMLOLNHMFFIE56CC,仁雄段,196.24,都市：住,,,,03390000
RPPQMLOLNHMFFIE56CC,仁雄段,192.94,都市：住,,,,03390002
RPPQMLOLNHMFFIE56CC,仁雄段,192.83,都市：住,,,,03390001
RPXNMLOLNHMFFBE98CC,新興段三小段,.00,非都市： ; 非都市編定：,,,,09010000
RPTOMLOLNHMFFDE88CC,灣復段,109.08,都市：商,,,,03910000
RPRNMLPLNHMFFBE48CC,過田子段,77.62,都市：商,,,,06360000
RPUNMLPLNHMFFBE78CC,五塊厝段,5.57,都市：商,,,,16570000
RPXNMLPLNHMFFBE09CC,林德官段,32.68,都市：商,,,,10770000
RPUOMLPLNHMFFAE78CC,青海段,14.26,都市：住,,,,06580000
RPSNMLPLNHMFFAE48CC,北金段,.00,非都市： ; 非都市編定：,,,,02550000
RPQOMLPLNHMFFAE38CC,龍中段,99.85,都市：住,,,,01920013
RPQPMLPLNHMFFAE48CC,前金段,.00,都市：商,,,,01080021
RPSOMLPLNHMFFJE86CC,文南段,104.72,都市：住,,,,04070037
RPWNMLQLNHMFFAE98CC,龍華段八小段,12.50,都市：商,,,,24200000
RPUNMLQLNHMFFBE88CC,新興段一小段,81.00,都市：商,,,,11360000
RPXNMLQLNHMFFBE56CC,意誠段,.00,都市：商,,,,01990000
RPROMLQLNHMFFBE68CC,過田子段,64.00,都市：商,,,,09260009
RPXOMLQLNHMFFBE66CC,新興段一小段,10.79,都市：商,,,,17560000
RPOPMLQLNHMFFBE48CC,成功段,5.19,都市：商,,,,02990000
RPTOMLQLNHMFFAE78CC,青海段,23.01,都市：商,,,,01770000
RPOPMLQLNHMFFAE38CC,青海段,23.16,都市：商,,,,01570001
RPQOMLQLNHMFFAE48CC,青海段,21.26,都市：住,,,,03550002
RPSOMLQLNHMFFAE68CC,龍中段,13.54,都市：商,,,,01480000
RPPOMLQLNHMFFDE68CC,建安段,73.00,都市：商,,,,00420000
RPXNMLQLNHMFFAE09CC,龍中段,23.79,都市：住,,,,01680000
RPQOMLQLNHMFFDE78CC,大港段三小段,67.00,都市：商,,,,08060009
RPUOMLQLNHMFFDE56CC,大港段四小段,21.66,都市：商,,,,33710000
RPXNMLPLNHMFFCE56CC,高松段,26.50,都市：住,,,,08610006
RPTNMLQLNHMFFCE88CC,瑞隆段二小段,.00,都市：商,,,,06750000
RPTNMLQLNHMFFCE88CC,瑞隆段二小段,.00,都市：商,,,,06750001
RPVNMLOLNHMFFCE88CC,憲德段一小段,.00,非都市： ; 非都市編定：,,,,08040000
RPQOMLPLNHMFFCE58CC,獅甲段,.97,都市：住,,,,03310000
RPTNMLPLNHMFFCE78CC,愛群段,.00,非都市： ; 非都市編定：,,,,23940000
RPQNMLRLNHMFFBE58CC,林德官段,.00,都市：商,,,,11330000
RPRNMLRLNHMFFAE58CC,文東段,.00,都市：商,,,,09400000
RPRNMLRLNHMFFBE68CC,意誠段,.00,都市：商,,,,01570000
RPRNMLTLNHMFFBE88CC,新興段二小段,8.96,都市：商,,,,12760000
RPPNMLRLNHMFFCE58CC,籬子內段籬子內小段,27.80,都市：住,,,,12520000
RPTNMLTLNHMFFBE09CC,大統段二小段,23.94,都市：商,,,,11730000
RPSNMLTLNHMFFEE66CC,新庄段十三小段,7.43,都市：商,,,,14900000
RPPNMLTLNHMFFEE98CC,新庄段十三小段,8.67,都市：商,,,,14450000
RPQNMLRLNHMFFEE88CC,福山段,25.74,都市：商,,,,05480000
RPTOMLQLNHMFFEE56CC,新庄段七小段,177.00,都市：住,,,,04710000
RPRNMLTLNHMFFEE56CC,新庄段十三小段,6.55,都市：商,,,,15090000
RPQRMLQLNHMFFEE56CC,新庄段十三小段,7.05,都市：商,,,,14910000
RPQNMLTLNHMFFEE09CC,新庄段十三小段,9.77,都市：商,,,,14910000
RPWNMLRLNHMFFDE76CC,灣華段,29.48,都市：住,,,,10790000
RPPPMLLMNHMFFDE38CC,大港段四小段,16.55,都市：商,,,,28360000
RPWOMLQLNHMFFDE76CC,三塊厝段四小段,6.59,都市：住,,,,30470000
RPWOMLLMNHMFFDE09DC,中都段三小段,164.25,都市：住,,,,11570020
RPVOMLLMNHMFFCE88DC,瑞隆段四小段,70.00,都市：商,,,,09060000
RPTOMLLMNHMFFGE98CC,赤山段,13.02,都市：住,,,,03150002
RPUOMLLJOHMFFGE88CC,園尾段,102.46,都市：住,,,,00100000
RPSOMLLJOHMFFGE68CC,園尾段,83.80,都市：住,,,,00100001
RPPNMLLJOHMFFJE58CC,三爺埤段,1550.00,非都市：一般農業區 ; 非都市編定：農牧用地,,,,00520034
RPPNMLLJOHMFFFE18CC,維新段,63.19,非都市：一般農業區 ; 非都市編定：甲種建築用地,,,,06050000
RPQNMLLJOHMFFLE88CC,赤崁段潮州寮小段,1035.00,都市：工,,,,67140020
RPTNMLTLNHMFFEE76CC,新庄段七小段,20.75,都市：住,,,,09860000
RPVOMLLMNHMFFEE98CC,新庄段二小段,45.36,都市：商,,,,07920000
RPOOMLLMNHMFFEE28CC,新夏段,62.43,都市：住,,,,00120000
RPTNMLLMNHMFFCE48CC,獅甲段二小段,23.90,都市：其他:國宅用地,,,,05890000
RPPOMLLJOHMFFBE87CC,新興段四小段,.00,都市：商,,,,16770000
RPOOMLLJOHMFFBE77CC,新興段一小段,.00,都市：商,,,,02600000
RPPOMLLJOHMFFBE87CC,新興段四小段,.00,都市：商,,,,16780000
RPVNMLLJOHMFFBE38CC,新興段三小段,.00,都市：商,,,,00200000
RPROMLLJOHMFFBE08CC,成功段,.00,都市：商,,,,07030000
RPQOMLLJOHMFFBE97CC,過田子段,.00,都市：商,,,,11360000
RPROMLLMNHMFFBE28CC,福東段,49.00,都市：商,,,,06430000
RPWNMLLJOHMFFBE48CC,新興段一小段,.00,都市：商,,,,02600000
RPVNMLLMNHMFFBE58CC,福東段,31.00,都市：住,,,,18130000
RPXNMLLMNHMFFBE78CC,苓雅寮段,18.61,都市：住,,,,07680000
RPROMLLJOHMFFDE28CC,大豐段一小段,14.68,都市：住,,,,01080000
RPUOMLLJOHMFFBE38CC,大統段一小段,.00,都市：商,,,,00060000
RPSPMLLJOHMFFBE28CC,五塊厝段,21.37,都市：商,,,,15530000
RPVOMLLJOHMFFBE48CC,林德官段,.00,都市：商,,,,13680000
RPVOMLLJOHMFFBE48CC,林德官段,.00,都市：住,,,,13680001
RPQPMLLJOHMFFDE28CC,大豐段二小段,88.00,都市：住,,,,00670000
RPPOMLLJOHMFFCE97CC,桂林段,89.00,都市：住,,,,01180000
RPXPMLLJOHMFFDE98CC,建民段,27.97,都市：住,,,,07480000
RPOQMLLJOHMFFEE28CC,菜公段五小段,72.00,都市：住,,,,15920014
RPSNMLMJOHMFFEE48CC,新庄段十二小段,.00,都市：住,,,,10270000
RPTNMLMJOHMFFEE58CC,新庄段六小段,.00,都市：住,,,,08630000
RPVPMLLJOHMFFEE88CC,楠都段一小段,103.00,都市：住,,,,14330000
RPRNMLMJOHMFFDE28CC,三塊厝段,.00,都市：商,,,,11540011
RPUNMLMJOHMFFEE68CC,新庄段四小段,.00,都市：住,,,,04740000
RPTNMLMJOHMFFDE48CC,獅頭段一小段,.00,都市：商,,,,16940000
RPSNMLMJOHMFFDE38CC,獅頭段一小段,.00,都市：商,,,,16940000
RPOOMLMJOHMFFDE08CC,有光段,12.76,都市：商,,,,02710000
RPWNMLMJOHMFFDE78CC,大港段四小段,41.49,都市：商,,,,33390000
RPWNMLMJOHMFFDE78CC,大港段四小段,.51,都市：商,,,,33390002
RPRPMLMJOHMFFCE38CC,桂林段,12.90,都市：商,,,,00710000
RPWOMLMJOHMFFCE78CC,憲德段二小段,13.06,都市：商,,,,00280000
RPVNMLMJOHMFFBE48CC,新興段二小段,.00,都市：商,,,,14590000
RPRNMLMJOHMFFBE08CC,林德官段二小段,.00,都市：商,,,,34770005
RPSNMLMJOHMFFBE18CC,新興段四小段,259.00,都市：商,,,,21750000
RPSNMLMJOHMFFBE18CC,新興段四小段,18.50,都市：其他:道路用地,,,,21750001
RPXOMLMJOHMFFBE78CC,五權段,.00,都市：住,,,,00360000
RPVOMLMJOHMFFBE58CC,意誠段,4.11,都市：商,,,,01990000
RPSOMLMJOHMFFBE28CC,林德官段,486.00,都市：商,,,,13460003
RPOPMLMJOHMFFBE97CC,新興段二小段,.00,都市：商,,,,14390000
RPSOMLMJOHMFFBE28CC,林德官段,230.00,都市：住,,,,13460006
RPSNMLMJOHMFFFE58CC,文化段,.00,都市：住,,,,06390000
RPUNMLMJOHMFFFE78CC,文化段,.00,都市：住,,,,06390000
RPXNMLMJOHMFFJE86CC,大仁段,449.58,都市：工,,,,05560000
RPSOMLMJOHMFFFE68CC,梓和段,2661.97,都市：工,,,,05860000
RPVNMLMJOHMFFFE88CC,文化段,.00,都市：住,,,,06390000
RPWNMLMJOHMFFFE98CC,文化段,.00,都市：住,,,,06390000
RPVOMLMJOHMFFGE09CC,建軍段,44.10,都市：商,,,,02660000
RPPPMLNJOHMFFGE68CC,華鳳段,23.25,都市：住,,,,01120000
RPSNMLNJOHMFFBE28CC,意誠段,.00,都市：商,,,,01990000
RPOOMLMJOHMFFGE38CC,曹公段,217.83,都市：工,,,,01030002
RPSNMLNJOHMFFDE48CC,灣志段,58.56,都市：住,,,,09610002
RPRNMLMJOHMFFEE48DC,福山段,783.65,都市：住,,,,00330000
RPRNMLMJOHMFFEE48DC,福山段,774.36,都市：住,,,,00340000
RPVNMLPJOHMFFCE88CC,宏明段,23.00,都市：住,,,,04510000
RPRNMLNJOHMFFCE28CC,獅甲段,.97,都市：住,,,,03310000
RPRNMLNJOHMFFCE28CC,獅甲段,.72,都市：住,,,,03300000
RPRPMLPJOHMFFCE68CC,瑞崗段二小段,63.00,都市：住,,,,07440000
RPPPMLPJOHMFFCE48CC,鎮昌段,40.93,都市：住,,,,02930000
RPTOMLPJOHMFFGE56CC,赤山段,6.80,都市：商,,,,07280000
RPTPMLPJOHMFFCE88CC,憲德段二小段,7.34,都市：商,,,,00260000
RPPOMLPJOHMFFDE58DC,中都段四小段,24.25,都市：住,,,,01980000
RPPOMLPJOHMFFDE58DC,中都段四小段,8.40,都市：住,,,,01990000
RPXNMLQJOHMFFBE09CC,意誠段,.00,都市：商,,,,01990000
RPOOMLQJOHMFFBE28CC,意誠段,.00,都市：商,,,,01990000
RPTOMLNJOHMFFDE68CC,覆鼎金段覆鼎金一小段,82.00,都市：住,,,,06270017
RPPPMLPJOHMFFDE58CC,三塊厝段,94.00,都市：住,,,,12410007
RPWOMLQJOHMFFDE66CC,大港段四小段,7.49,都市：商,,,,28230000
RPSOMLNJOHMFFDE58CC,灣復段,35.25,都市：商,,,,00240000
RPSOMLNJOHMFFDE58CC,灣復段,13.66,都市：商,,,,00250000
RPSOMLNJOHMFFDE58CC,灣復段,15.89,都市：商,,,,00260000
RPOOMLQJOHMFFCE38CC,憲德段二小段,13.52,都市：商,,,,00260002
RPVNMLRJOHMFFDE56CC,大港段四小段,24.76,都市：商,,,,28230000
RPVOMLQJOHMFFCE09CC,山明段,21.73,都市：住,,,,02180000
RPRNMLRJOHMFFIE66CC,仁春段,165.00,都市：住,,,,13840004
RPTPMLQJOHMFFCE98CC,獅甲段二小段,55.21,都市：其他:國宅用地,,,,05910000
RPTNMLRJOHMFFGE66CC,新甲段,84.00,都市：其他:停車場用地,,,,11120037
RPVNMLRJOHMFFGE86CC,鳳甲段,75.66,都市：住,,,,00910005
RPVOMLSJOHMFFDE76CC,大港段,78.59,都市：商,,,,36250000
RPVPMLSJOHMFFGE17CC,鳳甲段,.12,都市：住,,,,00030051
RPVPMLSJOHMFFGE17CC,鳳甲段,84.18,都市：住,,,,00030022
RPOPMLSJOHMFFDE78CC,覆鼎金段覆鼎金小段,203.00,都市：住,,,,13880008
RPOPMLSJOHMFFDE78CC,覆鼎金段覆鼎金小段,203.00,都市：住,,,,13880009
RPOPMLSJOHMFFCE68CC,瑞崗段一小段,64.00,都市：商,,,,05630009
RPSOMLSJOHMFFCE98CC,瑞崗段四小段,62.00,都市：住,,,,07000000
RPWPMLSJOHMFFGE27CC,新甲段,24.10,都市：住,,,,12090005
RPSNMLSJOHMFFBE78CC,新興段四小段,19.32,都市：商,,,,20030000
RPUNMLSJOHMFFBE98CC,林德官段,4.01,都市：其他:,,,,11430000
RPVNMLSJOHMFFEE76CC,新福段九小段,.00,都市：商,,,,00140000
RPXOMLSJOHMFFEE07CC,新庄段十三小段,7.86,都市：商,,,,15190000
RPVNMLSJOHMFFBE09CC,意誠段,.00,都市：商,,,,01990000
RPUNMLTJOHMFFBE09CC,五塊厝段,5.27,都市：商,,,,20780000
RPVNMLTJOHMFFBE56CC,大統段一小段,12.14,都市：商,,,,02040000
RPXNMLTJOHMFFBE76CC,過田子段,91.00,都市：商,,,,10740065
RPWNMLTJOHMFFBE66CC,林德官段一小段,6.42,都市：商,,,,31830000
RPVNMLTJOHMFFAE09CC,青海段,.00,都市：住,,,,05760000
RPUNMLTJOHMFFAE98CC,後金段,100.00,都市：商,,,,04620000
RPPOMLQJOHMFFAE28CC,龍華段八小段,18.26,都市：住,,,,23580000
RPQNMLPJOHMFFAE18CC,龍華段八小段,15.31,都市：商,,,,21950000
RPTPMLLJOHMFFAE28CC,青海段,7.40,都市：商,,,,01510000
RPOOMLTJOHMFFAE48CC,龍華段三小段,32.00,都市：住,,,,09450000
RPQOMLLJOHMFFAE87CC,前金段,.00,都市：商,,,,00650004
RPUOMLMJOHMFFAE38CC,龍華段二小段,27.00,都市：商,,,,00320001
RPUOMLMJOHMFFAE38CC,龍華段二小段,.80,都市：商,,,,00290001
RPWOMLLJOHMFFAE48CC,青海段,17.03,都市：住,,,,05520000
RPSNMLTJOHMFFEE56CC,新光段,768.50,都市：住,,,,00080000
RPUNMLTJOHMFFCE56CC,瑞南段一小段,8.22,都市：商,,,,10180000
RPWNMLTJOHMFFCE76CC,?莊段,161.00,都市：住,,,,06990027
RPPOMLTJOHMFFDE88CC,覆鼎金段覆鼎金一小段,30.31,都市：住,,,,06800000
RPTNMLTJOHMFFDE56CC,大港段七小段,.00,都市：商,,,,06860000
RPOOMLTJOHMFFGE09CC,華鳳段,.00,都市：住,,,,00360000
RPRNMLKKOHMFFBE97CC,意誠段,.00,都市：商,,,,01990000
RPWPMLKKOHMFFGE56CC,七老爺段,96.00,都市：住,,,,12310001
RPPNMLKKOHMFFGE28CC,新甲段,2.46,都市：住,,,,10720008
RPPNMLKKOHMFFGE28CC,新甲段,23.33,都市：住,,,,10920001
RPQNMLMKOHMFFDE28CC,長明段,6.15,都市：商,,,,05070000
RPTVMLMKOHMFFDE76CC,獅頭段,47.38,都市：商,,,,23300000
RPTNMLMKOHMFFFE78CC,岡山段,35.55,都市：住,,,,04620000
RPUNMLMKOHMFFFE98DC,橋中段,122.01,都市：住,,,,00480014
RPQOMLNKOHMFFIE98CC,大安段,163.00,都市：住,,,,09900003
RPUOMLNKOHMFFGE56CC,文英段,90.00,都市：住,,,,16770007
RPTOMLNKOHMFFDE78CC,灣志段,51.73,都市：其他:市場用地,,,,08880000
RPVOMLNKOHMFFCE88CC,獅甲段,.00,都市：商,,,,01580001
RPPPMLTJOHMFFAE68CC,龍華段八小段,.00,都市：商,,,,21880007
RPRNMLNKOHMFFAE18CC,青海段,.00,都市：住,,,,06690003
RPRNMLKKOHMFFAE87CC,內惟段九小段,124.53,都市：住,,,,00020078
RPROMLTJOHMFFAE78CC,前金段,6.76,都市：商,,,,00710017
RPQPMLMKOHMFFAE18CC,青海段,19.04,都市：住,,,,06360000
RPROMLNKOHMFFBE38CC,意誠段,.00,都市：商,,,,01990000
RPQNMLNKOHMFFBE18CC,五權段,48.17,都市：住,,,,03710000
RPPOMLNKOHMFFBE18CC,意誠段,.00,都市：商,,,,01990000
RPROMLNKOHMFFAE28CC,龍華段八小段,15.75,都市：商,,,,23820000
RPOOMLOKOHMFFBE18CC,林興段,50.00,都市：住,,,,08180000
RPVOMLOKOHMFFAE78CC,龍中段,18.31,都市：住,,,,02280000
RPOPMLOKOHMFFAE18CC,龍華段八小段,.00,非都市： ; 非都市編定：,,,,22160000
RPPPMLOKOHMFFAE28CC,文東段,.00,非都市： ; 非都市編定：,,,,15500000
RPRNMLOKOHMFFCE48CC,獅甲段,.41,都市：住,,,,03300000
RPRNMLOKOHMFFCE48CC,獅甲段,.97,都市：住,,,,03310000
RPRPMLOKOHMFFAE48CC,龍華段八小段,9.34,都市：商,,,,23010000
RPOPMLOKOHMFFCE38CC,愛群段,6.77,都市：住,,,,23940000
RPQNMLOKOHMFFDE48CC,鼎泰段,31.42,都市：住,,,,14560000
RPSNMLOKOHMFFDE68CC,鼎泰段,.00,都市：住,,,,13760001
RPUNMLOKOHMFFDE88CC,灣愛段,26.48,都市：住,,,,02530000
RPTNMLOKOHMFFDE78CC,覆鼎金段覆鼎金小段,12.06,都市：商,,,,10810000
RPOOMLOKOHMFFDE38CC,獅頭段一小段,.00,非都市： ; 非都市編定：,,,,16850001
RPVOMLOKOHMFFDE09CC,覆鼎金段覆鼎金小段,.00,都市：住,,,,13260016
RPVNMLOKOHMFFGE66CC,鳳山段大老衙小段,.00,都市：商,,,,01450016
RPQOMLOKOHMFFGE88CC,鳳山段草店尾小段,6.00,都市：商,,,,00710006
RPQOMLOKOHMFFGE88CC,鳳山段草店尾小段,248.00,都市：商,,,,01490002
RPQOMLOKOHMFFGE88CC,鳳山段草店尾小段,43.00,都市：商,,,,01490003
RPROMLOKOHMFFFE98DC,陽明段,73.00,都市：住,,,,04980000
RPRNMLOKOHMFFIE09CC,澄清段,48.61,都市：住,,,,00400044
RPTNMLPKOHMFFEE09DC,新光段,23.42,都市：住,,,,01390000
RPSNMLPKOHMFFDE88DC,鼎泰段一小段,81.60,都市：住,,,,05540000
RPXOMLPKOHMFFGE07CC,七老爺段,18.97,都市：住,,,,12350000
RPSOMLPKOHMFFDE88CC,灣復段,6.66,都市：住,,,,00220000
RPRPMLPKOHMFFDE88CC,覆鼎金段覆鼎金小段,.00,都市：住,,,,13260016
RPXNMLPKOHMFFCE56CC,獅甲段二小段,54.84,都市：其他:國宅用地,,,,05940000
RPVNMLPKOHMFFCE98CC,宏明段,188.41,都市：住,,,,05010000
RPWNMLPKOHMFFAE88CC,前金段,.00,都市：商,,,,00520008
RPUNMLPKOHMFFAE68CC,前金段,.00,都市：商,,,,00780000
RPUNMLPKOHMFFAE68CC,前金段,.00,都市：商,,,,00780003
RPUNMLPKOHMFFAE68CC,前金段,.00,都市：商,,,,00780004
RPOOMLPKOHMFFAE18CC,後金段,.00,都市：商,,,,00400000
RPPNMLPKOHMFFBE28CC,大統段二小段,59.00,都市：商,,,,12700000
RPSNMLPKOHMFFBE58CC,新興段三小段,51.00,都市：商,,,,00590000
RPSNMLPKOHMFFBE58CC,新興段三小段,46.00,都市：商,,,,00600000
RPXNMLPKOHMFFBE09CC,意誠段,.00,都市：商,,,,01990000
RPOOMLPKOHMFFBE28CC,意誠段,.00,都市：商,,,,01990000
RPPOMLPKOHMFFBE38CC,過田子段,.00,都市：商,,,,11360000
RPQOMLPKOHMFFBE48CC,意誠段,.00,都市：商,,,,01860000
RPSOMLPKOHMFFBE68CC,過田子段,.00,都市：商,,,,11360000
RPUOMLPKOHMFFBE88CC,成功段,.00,都市：商,,,,07030000
RPVOMLPKOHMFFBE98CC,過田子段,.00,都市：商,,,,11360000
RPWOMLPKOHMFFBE09CC,過田子段,.00,都市：商,,,,11360000
RPOPMLPKOHMFFBE38CC,意誠段,.00,都市：商,,,,01860000
RPTNMLQKOHMFFAE68CC,青海段,13.78,都市：住,,,,01660000
RPXNMLQKOHMFFAE09CC,龍華段八小段,10.00,都市：商,,,,22110000
RPQOMLQKOHMFFAE48CC,龍中段,17.31,都市：商,,,,00110000
RPVOMLQKOHMFFAE98CC,前金段,1.62,都市：商,,,,00630000
RPVOMLQKOHMFFAE98CC,前金段,2.63,都市：商,,,,01080021
RPVNMLTJOHMFFEE86CC,新庄段十三小段,6.24,都市：商,,,,14450000
RPQOMLTJOHMFFEE09CC,新福段十小段,20.35,都市：住,,,,01520000
RPWNMLTJOHMFFEE96CC,新福段五小段,30.84,都市：住,,,,00200000
RPVNMLQKOHMFFCE09CC,瑞隆段四小段,13.56,都市：住,,,,00250000
RPSPMLQKOHMFFAE78CC,龍中段,11.98,都市：住,,,,01950000
RPOPMLQKOHMFFAE38CC,青海段,9.65,都市：住,,,,01010000
RPTPMLQKOHMFFGE86CC,文英段,9.29,都市：住,,,,21430003
RPUPMLQKOHMFFGE96CC,三甲段,222.27,都市：住,,,,00170005
RPVPMLQKOHMFFGE07CC,福誠段,.00,都市：住,,,,00240000
RPWNMLQKOHMFFFE86CC,灣裡西段,64.54,都市：住,,,,03860000
RPOOMLQKOHMFFIE09CC,仁雄段,402.02,都市：住,,,,03580001
RPPNMLRKOHMFFFE88CC,陽明段,48.89,都市：住,,,,00800000
RPPNMLRKOHMFFAE38CC,大智段,63.00,都市：商,,,,06500000
RPPNMLRKOHMFFAE38CC,大智段,6.00,都市：其他:道路用地,,,,06500001
RPPNMLRKOHMFFAE38CC,大智段,94.00,都市：商,,,,06510000
RPPNMLRKOHMFFAE38CC,大智段,14.00,都市：商,,,,06520000
RPPNMLSKOHMFFCE68CC,愛群段,.00,都市：商,,,,17770001
RPPOMLTKOHMFFCE88CC,宏明段,188.41,都市：住,,,,05010000
RPSOMLTKOHMFFCE56CC,獅甲段,7.61,都市：商,,,,03310000
RPSOMLTKOHMFFCE56CC,獅甲段,2.41,都市：商,,,,03300000
RPOPMLTKOHMFFCE88CC,愛群段,.00,都市：商,,,,28740000
RPQPMLTKOHMFFCE09CC,佛公段,734.00,都市：住,,,,05820000
RPQNMLTKOHMFFDE98CC,覆鼎金段覆鼎金一小段,11.28,都市：住,,,,06280010
RPRNMLTKOHMFFDE09CC,覆鼎金段覆鼎金一小段,10.28,都市：住,,,,06280009
RPSNMLTKOHMFFDE56CC,覆鼎金段覆鼎金一小段,10.28,都市：住,,,,06280009
RPPPMLTKOHMFFDE09CC,鼎泰段,.00,都市：住,,,,14740020
RPOPMLMKOHMFFEE38CC,新庄段八小段,29.33,都市：住,,,,00810000
RPWNMLNKOHMFFEE09CC,菜公段二小段,.00,都市：工,,,,01200000
RPWNMLNKOHMFFEE09CC,菜公段二小段,.00,都市：工,,,,01200001
RPQQMLOKOHMFFEE88CC,新庄段七小段,76.00,都市：住,,,,09180001
RPPPMLOKOHMFFEE68CC,新庄段十三小段,26.90,都市：住,,,,13860000
RPROMLTKOHMFFAE88CC,龍華段八小段,.00,都市：商,,,,24060000
RPTNMLTKOHMFFIE17CC,大安段,78.00,都市：住,,,,11570000
RPTNMLTKOHMFFBE09CC,意誠段,.00,都市：商,,,,01990000
RPPOMLKLOHMFFLE98CC,後壁寮段,63.82,都市：住,,,,03160024
RPPOMLKLOHMFFLE98CC,後壁寮段,18.59,都市：住,,,,03160023
RPPOMLKLOHMFFLE98CC,後壁寮段,3.04,都市：住,,,,03140000
RPTNMLKLOHMFFCE48DC,愛群段,408.00,都市：住,,,,18210004
RPTNMLKLOHMFFCE48DC,愛群段,2.00,都市：住,,,,18210023
RPSNMLKLOHMFFGE68CC,五甲段,76.00,非都市： ; 非都市編定：,,,,12580036
RPSNMLKLOHMFFBE18CC,意誠段,.00,都市：商,,,,00430000
RPRNMLKLOHMFFGE58CC,中崙段,34.86,非都市： ; 非都市編定：,,,,00180000
RPWNMLKLOHMFFBE58CC,新興段三小段,.00,非都市： ; 非都市編定：,,,,09410000
RPQOMLKLOHMFFBE08CC,林德官段,.00,都市：商,,,,13680000
RPQOMLKLOHMFFBE08CC,林德官段,.00,都市：住,,,,13680001
RPVNMLKLOHMFFBE48CC,新興段二小段,88.00,都市：商,,,,14570000
RPSOMLKLOHMFFBE28CC,新興段四小段,.00,都市：商,,,,16770000
RPSOMLKLOHMFFBE28CC,新興段四小段,.00,都市：商,,,,16780000
RPTOMLKLOHMFFBE38CC,過田子段,.00,都市：商,,,,11360000
RPVOMLKLOHMFFBE58CC,新興段四小段,.00,都市：商,,,,16770000
RPVOMLKLOHMFFBE58CC,新興段四小段,.00,都市：商,,,,16780000
RPTOMLKLOHMFFAE28CC,鹽府段,194.46,都市：商,,,,04940000
RPVNMLQKOHMFFEE66CC,新福段七小段,3.95,都市：住,,,,00050000
RPPQMLKLOHMFFEE48CC,清楠段,346.57,都市：其他:,,,,01070003
RPRNMLKLOHMFFEE38CC,新庄段十三小段,.00,都市：住,,,,13810000
RPQPMLKLOHMFFEE48CC,新庄段七小段,7.83,都市：住,,,,05750000
RPWNMLQKOHMFFEE76CC,新庄段十三小段,38.30,都市：商,,,,15110000
RPVPMLTKOHMFFEE17CC,高昌段,428.75,都市：住,,,,02590002
RPXOMLPKOHMFFEE86CC,新庄段十三小段,14.05,都市：住,,,,14140000
RPRNMLTKOHMFFEE56CC,新庄段十二小段,140.00,都市：住,,,,10500000
RPUNMLQKOHMFFEE56CC,福山段,8.67,都市：商,,,,03420000
RPSNMLTKOHMFFEE66CC,新庄段六小段,6.90,都市：住,,,,08630000
RPSNMLKLOHMFFDE38CC,三塊厝段四小段,81.00,都市：商,,,,26150000
RPQOMLLLOHMFFEE48CC,新庄段五小段,.00,都市：住,,,,10840000
RPSNMLLLOHMFFBE28CC,新興段四小段,.00,都市：商,,,,16770000
RPSNMLLLOHMFFBE28CC,新興段四小段,.00,都市：商,,,,16780000
RPWOMLKLOHMFFDE88CC,大港段二小段,.00,都市：商,,,,17470000
RPOOMLLLOHMFFFE38CC,文化段,.00,都市：住,,,,06390000
RPUQMLKLOHMFFEE98CC,新庄段十二小段,113.00,都市：住,,,,11310003
RPSOMLMLOHMFFFE88CC,大仁段,90.00,都市：其他:,,,,17070000
RPOQMLMLOHMFFGE78CC,文山段,10.80,都市：住,,,,08970000
RPSOMLLLOHMFFDE58CC,大港段七小段,45.00,都市：商,,,,06850009
RPQPMLLLOHMFFEE58CC,菜公段六小段,24.25,都市：住,,,,11350000
RPQNMLMLOHMFFDE38CC,大港段二小段,10.27,都市：住,,,,14450007
RPRRMLMLOHMFFGE56CC,華鳳段,35.36,都市：住,,,,01120001
RPRNMLMLOHMFFDE48CC,大港段二小段,10.27,都市：住,,,,14450007
RPROMLNLOHMFFCE58CC,宏明段,188.41,都市：住,,,,05010000
RPVOMLMLOHMFFCE88CC,愛群段,24.60,都市：住,,,,05960001
RPQOMLMLOHMFFDE48CC,覆鼎金段覆鼎金小段,58.77,都市：住,,,,15140000
RPWOMLMLOHMFFEE56CC,福山段,22.17,都市：商,,,,02930000
RPPNMLNLOHMFFAE08CC,龍中段,166.63,都市：住,,,,01590000
RPVNMLNLOHMFFDE98CC,三塊厝段一小段,24.00,都市：商,,,,10890011
RPSOMLNLOHMFFEE88CC,新庄段十三小段,7.80,都市：住,,,,14090000
RPPPMLNLOHMFFEE68CC,福山段,.00,都市：住,,,,04120009
RPPNMLOLOHMFFBE28CC,意誠段,.00,都市：商,,,,01990000
RPQNMLOLOHMFFBE38CC,苓東段,11.12,都市：商,,,,01280000
RPQNMLOLOHMFFBE38CC,苓東段,21.04,都市：住,,,,01290000
RPRNMLOLOHMFFBE48CC,意誠段,.00,都市：商,,,,01990000
RPSNMLOLOHMFFBE58CC,苓洲段,4.33,都市：商,,,,05420000
RPTNMLOLOHMFFBE68CC,苓洲段,4.25,都市：商,,,,05420000
RPWNMLOLOHMFFBE98CC,林德官段,26.51,都市：住,,,,12470000
RPPNMLOLOHMFFEE58CC,藍田中段,1986.81,都市：商,,,,01680000
RPQNMLOLOHMFFEE68CC,新庄段十三小段,8.67,都市：商,,,,14450000
RPRNMLOLOHMFFEE78CC,新庄段十二小段,19.33,都市：住,,,,12340000
RPVNMLOLOHMFFEE56CC,新庄段二小段,15.50,都市：住,,,,02050001
RPXNMLOLOHMFFEE76CC,菜公段六小段,11.82,都市：住,,,,11050000
RPSNMLOLOHMFFAE48CC,龍華段八小段,8.18,都市：商,,,,22700000
RPVNMLOLOHMFFAE78CC,青海段,18.32,都市：商,,,,02090000
RPWNMLOLOHMFFAE88CC,龍華段三小段,26.19,都市：住,,,,09450000
RPRNMLOLOHMFFAE38CC,青海段,8.00,都市：住,,,,01010000
RPTNMLOLOHMFFAE58CC,大成段,4.00,都市：商,,,,03600000
RPTNMLOLOHMFFAE58CC,大成段,19.40,都市：商,,,,03610000
RPTNMLOLOHMFFAE58CC,大成段,8.20,都市：商,,,,03630000
RPPOMLNLOHMFFAE18CC,前金段,3.25,都市：商,,,,01080021
RPOOMLNLOHMFFAE08CC,龍華段八小段,23.73,都市：商,,,,23880000
RPQNMLOLOHMFFAE28CC,青海段,26.68,都市：住,,,,00470000
RPPNMLOLOHMFFAE18CC,青海段,19.66,都市：住,,,,04400000
RPXPMLQLOHMFFGE37CC,新甲段,101.00,都市：住,,,,12530005
RPVOMLQLOHMFFDE76CC,澄清段二小段,.00,都市：住,,,,01360000
RPQNMLOLOHMFFGE88CC,五甲段,26.51,都市：住,,,,16050000
RPVNMLQLOHMFFFE86CC,介壽段,20.97,都市：住,,,,18430000
RPPPMLQLOHMFFDE88CC,鼎泰段,.00,都市：住,,,,14030000
RPWNMLQLOHMFFDE76CC,三塊厝段,.00,都市：商,,,,13230000
RPSPMLQLOHMFFDE56CC,獅頭段,1.57,都市：商,,,,27390001
RPSPMLQLOHMFFDE56CC,獅頭段,9.17,都市：住,,,,27390000
RPVNMLQLOHMFFEE76CC,福民段,24.14,都市：住,,,,00900008
RPVNMLQLOHMFFAE98CC,前金段,.00,都市：商,,,,00650000
RPQOMLQLOHMFFAE58CC,龍中段,24.87,都市：商,,,,00590000
RPVOMLQLOHMFFAE09CC,龍華段八小段,10.35,都市：商,,,,24200000
RPPNMLOLOHMFFCE38CC,瑞隆段四小段,22.72,都市：住,,,,00250000
RPPQMLRLOHMFFEE56CC,福山段,25.74,都市：商,,,,05480000
RPSPMLQLOHMFFEE66CC,新庄段十三小段,3.58,都市：商,,,,14360000
RPQRMLRLOHMFFEE76CC,新庄段一小段,17.99,都市：住,,,,13340000
RPTNMLRLOHMFFDE56CC,長明段,67.42,都市：商,,,,01830000
RPTPMLRLOHMFFBE56CC,過田子段,.00,都市：商,,,,11360000
RPROMLQLOHMFFBE78CC,意誠段,.00,都市：商,,,,01990000
RPXOMLQLOHMFFBE76CC,大港埔段,.00,都市：商,,,,05510000
RPTOMLQLOHMFFBE98CC,衛武段,30.66,都市：商,,,,01480000
RPWNMLQLOHMFFBE56CC,過田子段,.00,都市：商,,,,11360000
RPVNMLQLOHMFFBE09CC,過田子段,.00,都市：商,,,,06000000
RPVOMLQLOHMFFBE56CC,大統段二小段,33.48,都市：商,,,,11740000
RPOPMLRLOHMFFDE88CC,三塊厝段四小段,16.69,都市：住,,,,29260000
RPUOMLSLOHMFFFE07CC,文化段,.00,都市：住,,,,06390000
RPXNMLRLOHMFFAE76DC,博孝段,2124.00,都市：住,,,,12340000
RPOOMLSLOHMFFDE88CC,義民段,52.44,都市：商,,,,03300000
RPWNMLRLOHMFFGE17CC,頂新段,80.44,非都市： ; 非都市編定：,,,,00350000
RPVPMLSLOHMFFEE17CC,新庄段六小段,6.90,都市：住,,,,08630000
RPXNMLSLOHMFFDE07CC,建安段,86.00,都市：商,,,,00110000
RPQPMLRLOHMFFDE09CC,大港段二小段,.00,都市：商,,,,17470000
RPTNMLSLOHMFFCE56CC,宏明段,23.11,都市：住,,,,00580000
RPQOMLSLOHMFFBE88CC,新興段二小段,.00,都市：商,,,,14590000
RPTNMLSLOHMFFBE09CC,過田子段,97.00,都市：商,,,,07950000
RPPOMLSLOHMFFBE78CC,新興段二小段,.00,都市：商,,,,14590000
RPSNMLTLOHMFFBE09CC,意誠段,.00,都市：商,,,,01990000
RPTNMLTLOHMFFBE56CC,意誠段,.00,都市：商,,,,01990000
RPWOMLTLOHMFFEE27CC,新光段,607.57,都市：住,,,,01000000
RPXOMLTLOHMFFEE37CC,新光段,957.56,都市：住,,,,01020000
RPOPMLTLOHMFFEE56CC,新庄段四小段,.00,都市：住,,,,04740000
RPTNMLTLOHMFFAE09CC,龍中段,22.78,都市：商,,,,00280001
RPVNMLTLOHMFFAE66CC,前峰段,21.55,都市：住,,,,01690000
RPVNMLTLOHMFFAE66CC,前峰段,.05,都市：住,,,,01690001
RPVNMLTLOHMFFAE66CC,前峰段,.50,都市：住,,,,01690002
RPTOMLSLOHMFFAE09CC,龍中段,9.54,都市：住,,,,02280000
RPUNMLTLOHMFFAE56CC,東金段,75.00,都市：商,,,,02640000
RPOOMLTLOHMFFAE68CC,龍中段,51.12,都市：商,,,,00870000
RPUNMLRLOHMFFAE98CC,博孝段,.00,都市：商,,,,02510000
RPUNMLRLOHMFFAE98CC,博孝段,.00,都市：商,,,,02780000
RPUNMLRLOHMFFAE98CC,博孝段,.00,都市：住,,,,02780001
RPQPMLSLOHMFFAE88CC,龍華段九小段,11.50,都市：住,,,,09620000
RPRNMLTLOHMFFAE88CC,北金段,6.34,都市：商,,,,02550000
RPROMLTLOHMFFFE86CC,建樹段,31.29,都市：商,,,,07390000
RPUOMLTLOHMFFGE27CC,牛潮埔段,2444.00,都市：住,,,,01940002
RPXNMLKMOHMFFDE98CC,覆鼎金段覆鼎金小段,.00,都市：住,,,,16560000
RPROMLKMOHMFFCE38CC,光華段,7.87,都市：其他:,,,,03350000
RPUOMLKMOHMFFCE68CC,獅甲段,.00,都市：商,,,,03310000
RPUOMLKMOHMFFCE68CC,獅甲段,.00,都市：商,,,,03300000
RPTPMLKMOHMFFGE09CC,鳳山段火房口小段,114.00,都市：住,,,,00120139
RPUNMLKMOHMFFBE48CC,林德官段,.00,都市：住,,,,13510013
RPSPMLKMOHMFFGE98CC,竹子腳段,29.00,都市：住,,,,00490020
RPSPMLKMOHMFFGE98CC,竹子腳段,53.00,都市：住,,,,00510013
RPVNMLKMOHMFFAE48CC,龍華段八小段,11.76,都市：商,,,,22720000
RPWOMLKMOHMFFDE98CC,三塊厝段三小段,21.41,都市：住,,,,36500000
RPQNMLMJPHMFFDE28CC,大港段七小段,.00,都市：商,,,,04440006
RPPNMLMJPHMFFDE18CC,大港段七小段,.00,都市：商,,,,04440006
RPSOMLNJPHMFFCE58CC,獅甲段,.31,都市：住,,,,03300000
RPSOMLNJPHMFFCE58CC,獅甲段,.97,都市：住,,,,03310000
RPSNMLMJPHMFFDE48CC,獅頭段,51.00,都市：商,,,,22480009
RPUOMLNJPHMFFCE78CC,獅甲段二小段,14.17,都市：住,,,,05530000
RPTOMLNJPHMFFCE68CC,獅甲段,2.05,都市：住,,,,03300000
RPTOMLNJPHMFFCE68CC,獅甲段,6.48,都市：住,,,,03310000
RPROMLNJPHMFFCE48CC,憲德段一小段,3.10,都市：住,,,,08040000
RPROMLNJPHMFFCE48CC,憲德段一小段,1.04,都市：住,,,,08040001
RPTPMLNJPHMFFEE98CC,福山段,103.16,都市：住,,,,01640003
RPRPMLNJPHMFFEE78CC,福民段,11.68,都市：住,,,,01810000
RPUPMLNJPHMFFEE09CC,藍田中段,67.57,都市：住,,,,01390000
RPOPMLNJPHMFFCE28CC,瑞隆段四小段,56.00,都市：住,,,,11720000
RPVNMLNJPHMFFBE68CC,成功段,6.80,都市：商,,,,02990000
RPQOMLNJPHMFFBE28CC,意誠段,.00,都市：商,,,,01990000
RPSNMLNJPHMFFAE28CC,民生段,15.84,都市：住,,,,06080000
RPOOMLNJPHMFFGE58CC,頂宏段,908.58,都市：住,,,,01220000
RPOOMLNJPHMFFGE58CC,頂宏段,1051.45,都市：住,,,,01230000
RPOOMLNJPHMFFBE08CC,意誠段,.00,都市：商,,,,01990000
RPSOMLNJPHMFFBE48CC,福河段,60.00,都市：商,,,,16210000
RPPOMLNJPHMFFBE18CC,福東段,74.00,都市：商,,,,06460000
RPTOMLNJPHMFFBE58CC,正憲段,62.22,都市：商,,,,00600000
RPPOMLOJPHMFFIE98CC,大?腿段,400.00,都市：工,,,,14460000
RPPOMLOJPHMFFIE98CC,大?腿段,800.00,都市：工,,,,14470000
RPUNMLNJPHMFFIE66CC,育才段,20.22,都市：住,,,,02560000
RPWNMLOJPHMFFIE96CC,仁龍段,462.80,非都市：特定農業區 ; 非都市編定：農牧用地,,,,09670000
RPWOMLNJPHMFFGE76CC,新甲段,22.64,都市：住,,,,12450179
RPOPMLNJPHMFFGE68CC,文山段,82.00,都市：住,,,,09370000
RPSNMLNJPHMFFLE76CC,翁公園段,24.13,都市：其他:空白,,,,38740000
RPQNMLOJPHMFFAE18CC,後金段,54.00,都市：商,,,,04580000
RPQNMLOJPHMFFAE18CC,後金段,54.00,都市：商,,,,04570000
RPQNMLOJPHMFFFE68CC,岡山段,101.00,都市：商,,,,01380000
RPROMLOJPHMFFAE38CC,龍華段九小段,436.50,都市：住,,,,09600000
RPXNMLOJPHMFFAE88CC,青海段,.00,都市：住,,,,03680000
RPPPMLOJPHMFFEE68CC,楠梓段三小段,12.28,都市：住,,,,03040000
RPPNMLOJPHMFFCE28CC,愛群段,.00,都市：住,,,,08020000
RPPQMLOJPHMFFEE78CC,後勁段一小段,69.00,都市：住,,,,08970007
RPUOMLPJPHMFFDE09CC,大港段二小段,.00,都市：住,,,,10920000
RPQNMLPJPHMFFEE68CC,果貿段,22.50,都市：住,,,,00170000
RPQQMLPJPHMFFEE98CC,新福段五小段,.00,都市：住,,,,00220011
RPRQMLPJPHMFFEE09CC,新庄段六小段,181.00,都市：住,,,,01900008
RPQPMLPJPHMFFAE48CC,青海段,20.63,都市：住,,,,00820000
RPWNMLSLOHMFFCE96DC,獅甲段,.00,都市：其他:特貿四,,,,05180003
RPXNMLPJPHMFFGE96CC,五甲段,30.45,都市：住,,,,12040000
RPUOMLQJPHMFFGE86CC,七老爺段一甲小段,47.00,都市：住,,,,00690090
RPQOMLQJPHMFFIE66CC,仁雄段,988.87,都市：住,,,,00630000
RPSOMLQJPHMFFIE86CC,仁營段,250.00,都市：農,,,,10130010
RPSOMLQJPHMFFIE86CC,仁營段,141.00,都市：農,,,,10150011
RPSOMLOJPHMFFCE68CC,憲德段二小段,8.27,都市：商,,,,00260001
RPQNMLPJPHMFFCE48CC,?莊段,10.87,都市：商,,,,07210002
RPPNMLPJPHMFFCE38CC,中厝段,1180.00,都市：住,,,,06250000
RPVOMLPJPHMFFCE09CC,憲德段一小段,.00,都市：商,,,,08130000
RPPOMLQJPHMFFEE78CC,清豐段,178.29,都市：住,,,,02450027
RPUNMLQJPHMFFBE88CC,意誠段,.00,都市：商,,,,01990000
RPVNMLQJPHMFFBE98CC,意誠段,.00,都市：商,,,,01990000
RPXNMLQJPHMFFBE56CC,意誠段,.00,都市：商,,,,07630000
RPPOMLQJPHMFFBE48CC,新興段二小段,9.22,都市：商,,,,05340000
RPOOMLQJPHMFFBE38CC,新興段二小段,8.94,都市：商,,,,05340000
RPPNMLQJPHMFFBE38CC,林德官段二小段,25.47,都市：商,,,,33970000
RPPNMLQJPHMFFBE38CC,林德官段二小段,.25,都市：商,,,,33970001
RPPNMLOJPHMFFBE18CC,大統段二小段,.00,都市：商,,,,13620000
RPSPMLQJPHMFFCE98CC,瑞隆段四小段,21.36,都市：住,,,,00250000
RPTNMLRJPHMFFCE98CC,竹北段,19.65,都市：住,,,,17040000
RPWNMLRJPHMFFCE66CC,光華段,83.00,都市：商,,,,12460000
RPTNMLRJPHMFFDE09CC,灣昌段,68.37,都市：住,,,,02530002
RPSOMLRJPHMFFDE09CC,獅頭段,11.85,都市：商,,,,26560000
RPUOMLRJPHMFFDE66CC,澄義段,67.90,都市：住,,,,00780000
RPVOMLQJPHMFFEE76CC,新庄段十二小段,.00,都市：商,,,,12130006
RPOOMLRJPHMFFCE58CC,光華段,.00,都市：商,,,,12460000
RPWNMLRJPHMFFBE56CC,意誠段,.00,都市：商,,,,02000000
RPXNMLRJPHMFFBE66CC,林聖段,.00,都市：住,,,,10680006
RPQOMLRJPHMFFBE68CC,林興段,91.00,都市：商,,,,14920000
RPOPMLRJPHMFFBE58CC,五塊厝段,.00,都市：商,,,,20670000
RPPPMLRJPHMFFBE68CC,過田子段,.00,都市：商,,,,11360000
RPVPMLTLOHMFFCE07CC,草衙段二小段,.00,都市：住,,,,01580016
RPUOMLTLOHMFFCE86CC,中林子段,2302.00,都市：工,,,,10590000
RPRNMLRJPHMFFAE58CC,北金段,10.11,都市：商,,,,02550000
RPOOMLRJPHMFFDE78DC,大港段四小段,590.00,都市：商,,,,28350000
RPPNMLRJPHMFFGE98CC,中崙段,.00,非都市： ; 非都市編定：,,,,00150000
RPXNMLRJPHMFFGE17CC,文山段,.00,都市：住,,,,05830001
RPTNMLSJPHMFFGE86CC,建軍段,64.92,都市：住,,,,02850000
RPQNMLRJPHMFFEE88CC,左東段,14.78,都市：住,,,,05280000
RPUQMLQJPHMFFEE86CC,新博段,11.75,都市：住,,,,00200000
RPVNMLRJPHMFFEE76CC,新庄段十三小段,8.28,都市：商,,,,14450000
RPPQMLQJPHMFFEE98CC,新庄段十三小段,6.21,都市：商,,,,14910000
RPRNMLSJPHMFFAE68CC,東金段,2.33,都市：商,,,,02730000
RPVQMLKKPHMFFEE09CC,和平段四小段,.00,都市：住,,,,01760004
RPSNMLKKPHMFFEE48CC,清楠段,68.08,都市：住,,,,03450000
RPWNMLKKPHMFFEE88CC,芎蕉段,16.95,都市：商,,,,00150000
RPUOMLRJPHMFFEE76CC,和平段五小段,36.31,都市：住,,,,01980000
RPUOMLKKPHMFFEE78CC,福山段,.00,都市：商,,,,05390000
RPWOMLRJPHMFFEE96CC,福山段,19.70,都市：住,,,,05780000
RPTNMLKKPHMFFEE58CC,新庄段五小段,15.84,都市：住,,,,10840000
RPRNMLTJPHMFFEE56CC,楠園段,73.02,都市：其他:第七種建築用地,,,,00030004
RPWQMLKKPHMFFEE56CC,楠都段三小段,12.67,都市：商,,,,10670000
RPTPMLKKPHMFFDE68CC,陽明段四小段,.00,都市：住,,,,00960002
RPOOMLKKPHMFFAE77CC,龍中段,16.49,都市：住,,,,02280000
RPQOMLKKPHMFFCE18CC,獅甲段二小段,.00,都市：住,,,,05910000
RPOPMLKKPHMFFAE87CC,青海段,14.42,都市：商,,,,01660000
RPROMLKKPHMFFAE08CC,青海段,293.74,都市：住,,,,06250000
RPROMLKKPHMFFAE08CC,青海段,220.28,都市：住,,,,06260000
RPROMLKKPHMFFAE08CC,青海段,227.41,都市：住,,,,06270000
RPUPMLKKPHMFFGE09CC,五甲段,.00,都市：住,,,,15790009
RPUPMLKKPHMFFGE09CC,五甲段,.00,都市：住,,,,15790008
RPWNMLLKPHMFFGE56CC,灣頭段,102.50,都市：住,,,,00390136
RPQOMLLKPHMFFIE88CC,鳳松段,.00,都市：住,,,,04590000
RPOOMLLKPHMFFGE48CC,頂庄段,15.99,都市：住,,,,08460000
RPUNMLLKPHMFFGE09DC,文英段,878.00,都市：住,,,,16840000
RPSNMLLKPHMFFGE88DC,文英段,878.00,都市：住,,,,16840000
RPTNMLLKPHMFFGE98DC,文英段,878.00,都市：住,,,,16840000
RPUOMLLKPHMFFFE98CC,建樹段,154.82,都市：住,,,,01160004
RPQOMLLKPHMFFBE18CC,新興段四小段,417.00,都市：商,,,,18770000
RPOOMLLKPHMFFBE97CC,過田子段,.00,都市：商,,,,11360000
RPTNMLLKPHMFFBE38CC,新興段二小段,39.00,都市：商,,,,18890000
RPTNMLLKPHMFFBE38CC,新興段二小段,31.00,都市：商,,,,18900000
RPPOMLLKPHMFFBE08CC,過田子段,.00,都市：商,,,,11360000
RPWNMLKKPHMFFBE58CC,五塊厝段,25.95,都市：商,,,,20670000
RPUNMLLKPHMFFBE48CC,意誠段,.00,都市：商,,,,07270000
RPROMLLKPHMFFBE28CC,過田子段,.00,都市：商,,,,10650000
RPRPMLRJPHMFFBE88CC,大統段二小段,.00,都市：商,,,,03180000
RPVNMLLKPHMFFBE58CC,福河段,.00,都市：商,,,,00960000
RPQPMLRJPHMFFBE78CC,新興段四小段,.00,都市：商,,,,16770000
RPQPMLRJPHMFFBE78CC,新興段四小段,.00,都市：商,,,,16780000
RPSOMLLKPHMFFBE38CC,新興段四小段,.00,非都市： ; 非都市編定：,,,,14300000
RPTOMLLKPHMFFBE48CC,新興段一小段,.00,都市：商,,,,17560000
RPUPMLLKPHMFFBE68CC,新興段一小段,.70,都市：商,,,,10270000
RPVOMLLKPHMFFBE68CC,新興段四小段,.00,非都市： ; 非都市編定：,,,,01210000
RPXNMLLKPHMFFAE68CC,龍華段九小段,.00,都市：住,,,,09580000
RPVPMLLKPHMFFBE78CC,大統段一小段,17.17,都市：商,,,,08300000
RPPOMLLKPHMFFAE97CC,前金段,.00,都市：商,,,,00650000
RPVOMLLKPHMFFAE58CC,內惟段一小段,35.00,都市：住,,,,08460000
RPVOMLLKPHMFFAE58CC,內惟段一小段,11.00,都市：住,,,,08450002
RPQPMLLKPHMFFAE18CC,龍中段,23.79,都市：住,,,,01680000
RPUPMLLKPHMFFAE58CC,大榮段,1.20,都市：住,,,,01550000
RPXOMLLKPHMFFCE98CC,二苓段,151.00,都市：住,,,,11710000
RPTOMLLKPHMFFDE68CC,三塊厝段,59.00,都市：商,,,,12360006
RPUOMLLKPHMFFDE78CC,大港段二小段,.00,都市：商,,,,17470000
RPQQMLLKPHMFFBE38CC,林德官段二小段,89.00,都市：住,,,,34550000
RPOQMLLKPHMFFBE18CC,林德官段二小段,.00,都市：住,,,,33930001
RPOQMLLKPHMFFBE18CC,林德官段二小段,.00,都市：商,,,,33930009
RPOPMLLKPHMFFCE18CC,瑞隆段二小段,73.00,都市：住,,,,02430000
RPRNMLMKPHMFFDE48CC,獅頭段,14.60,都市：商,,,,26440004
RPSNMLMKPHMFFDE58CC,大港段二小段,6.70,都市：住,,,,17220007
RPSPMLMKPHMFFDE78CC,大豐段三小段,25.20,都市：住,,,,02460000
RPTPMLMKPHMFFDE88CC,建工段,9.79,都市：商,,,,05730000
RPQPMLMKPHMFFDE58CC,中華段一小段,151.00,都市：商,,,,02700000
RPVNMLMKPHMFFBE68CC,苓洲段,110.00,都市：商,,,,04510000
RPSNMLMKPHMFFCE48CC,獅甲段,.97,都市：住,,,,03310000
RPSNMLMKPHMFFCE48CC,獅甲段,.30,都市：住,,,,03300000
RPTOMLMKPHMFFBE58CC,新興段四小段,28.20,都市：商,,,,05760000
RPXNMLMKPHMFFIE96CC,澄清段,377.00,都市：住,,,,00180003
RPQOMLMKPHMFFDE58DC,水源段,8.08,都市：商,,,,05790000
RPQOMLMKPHMFFDE58DC,水源段,8.15,都市：住,,,,05790001
RPTNMLMKPHMFFFE88CC,文化段,.00,都市：住,,,,06390000
RPRNMLMKPHMFFGE78CC,文英段,186.00,都市：住,,,,14890000
RPPOMLNKPHMFFIE98CC,澄清段,92.25,都市：住,,,,00910009
RPRNMLNKPHMFFHE09DC,太平段,139.86,都市：住,,,,08100000
RPRNMLNKPHMFFHE09DC,太平段,470.16,都市：住,,,,08110000
RPRNMLNKPHMFFHE09DC,太平段,68.36,都市：其他:人行步道,,,,08120000
RPRNMLNKPHMFFHE09DC,太平段,34.66,都市：其他:人行步道,,,,08130000
RPRNMLNKPHMFFHE09DC,太平段,13.59,都市：住,,,,08160000
RPRNMLNKPHMFFBE38CC,大統段一小段,165.00,都市：商,,,,04410000
RPRNMLNKPHMFFBE38CC,大統段一小段,153.00,都市：商,,,,04420000
RPTNMLNKPHMFFBE58CC,大統段二小段,.00,都市：商,,,,08620000
RPWNMLNKPHMFFBE88CC,林德官段一小段,6.25,都市：商,,,,27630000
RPXNMLNKPHMFFBE98CC,苓洲段,4.33,都市：商,,,,05420000
RPPOMLNKPHMFFBE28CC,苓洲段,4.34,都市：商,,,,05420000
RPXNMLNKPHMFFAE88CC,龍中段,14.51,都市：商,,,,00550000
RPOOMLNKPHMFFAE08CC,龍華段八小段,15.75,都市：商,,,,23820000
RPQOMLNKPHMFFAE28CC,鼓中段五小段,16.12,都市：住,,,,03270000
RPXOMLNKPHMFFCE56CC,憲德段二小段,16.25,都市：商,,,,00260001
RPXOMLNKPHMFFCE56CC,憲德段二小段,4.46,都市：商,,,,00260001
RPPPMLNKPHMFFCE48CC,獅甲段二小段,23.90,都市：其他:國宅,,,,05890000
RPSNMLNKPHMFFDE68CC,獅頭段一小段,.00,都市：商,,,,16940000
RPUPMLNKPHMFFDE09CC,大港段二小段,16.05,都市：商,,,,17730000
RPOQMLNKPHMFFDE58CC,覆鼎金段覆鼎金小段,.00,都市：住,,,,13260016
RPSOMLNKPHMFFGE09CC,鳳甲段,3684.87,都市：住,,,,00050000
RPVOMLNKPHMFFGE76CC,文英段,.00,非都市： ; 非都市編定：,,,,21440012
RPXOMLNKPHMFFEE76CC,新庄段十三小段,.00,都市：商,,,,14290000
RPXPMLNKPHMFFEE86CC,清豐段,.00,非都市： ; 非都市編定：,,,,02060000
RPQQMLNKPHMFFEE88CC,新福段九小段,16.19,都市：商,,,,00060000
RPRQMLNKPHMFFEE98CC,新福段七小段,11.08,都市：住,,,,00050000
RPPNMLOKPHMFFEE58CC,菜公段一小段,28.00,都市：住,,,,04000000
RPRNMLOKPHMFFEE78CC,新博段,24.89,都市：住,,,,00080000
RPXNMLOKPHMFFEE76CC,右昌段六小段,.00,都市：住,,,,17600000
RPOOMLOKPHMFFEE58CC,菜公段二小段,72.00,都市：住,,,,05300000
RPQOMLOKPHMFFAE38CC,龍中段,15.43,都市：商,,,,01120000
RPSNMLOKPHMFFBE58CC,苓東段,.00,都市：商,,,,05940000
RPQOMLOKPHMFFBE48CC,新興段一小段,22.81,都市：商,,,,19750000
RPPOMLOKPHMFFIE09CC,竹園段,227.00,都市：農,,,,15560040
RPSOMLOKPHMFFIE76CC,山水段,1257.20,都市：其他:,,,,05560000
RPSOMLOKPHMFFIE76CC,山水段,273.00,都市：其他:,,,,05260000
RPSOMLOKPHMFFIE76CC,山水段,591.10,都市：其他:,,,,05270000
RPSOMLOKPHMFFIE76CC,山水段,2158.00,都市：其他:,,,,05270001
RPXNMLOKPHMFFFE86CC,甲圍段,88.92,非都市：鄉村區 ; 非都市編定：乙種建築用地,,,,14270000
RPQOMLOKPHMFFFE88CC,瓊西段,528.90,都市：工,,,,06100000
RPROMLOKPHMFFFE98CC,安西段,219.73,都市：工,,,,06440000
RPPQMLOKPHMFFGE09CC,赤山段,.00,都市：商,,,,07280000
RPPNMLPKPHMFFLE76CC,水源段,95.00,都市：住,,,,05250000
RPPNMLPKPHMFFLE76CC,水源段,3.00,都市：住,,,,05260000
RPQNMLPKPHMFFBE48CC,意誠段,.00,都市：商,,,,01990000
RPRNMLPKPHMFFBE58CC,成功段,11.25,都市：商,,,,02990000
RPSNMLPKPHMFFBE68CC,過田子段,83.08,都市：商,,,,11480000
RPSNMLPKPHMFFBE68CC,過田子段,26.76,都市：其他:,,,,11480004
RPPNMLPKPHMFFAE28CC,龍水段,2.74,都市：其他:,,,,06670000
RPPNMLPKPHMFFAE28CC,青海段,9.94,都市：其他:,,,,06150000
RPQNMLPKPHMFFAE38CC,文東段,141.00,都市：商,,,,09980000
RPPNMLRKPHMFFAE48CC,龍中段,17.63,都市：商,,,,00910000
RPTNMLRKPHMFFAE88CC,龍華段四小段,13.07,都市：住,,,,07550000
RPQOMLMKPHMFFEE58CC,翠屏段四小段,4327.06,都市：住,,,,00040000
RPVOMLNKPHMFFEE56CC,新光段,17.36,都市：住,,,,00160000
RPXQMLLKPHMFFEE76CC,左西段,1.00,都市：住,,,,16750000
RPXQMLLKPHMFFEE76CC,左西段,34.00,都市：住,,,,16800000
RPXQMLLKPHMFFEE76CC,左西段,26.00,都市：住,,,,16800001
RPXQMLLKPHMFFEE76CC,左西段,183.00,都市：住,,,,16810000
RPXQMLLKPHMFFEE76CC,左西段,10.00,都市：住,,,,16810001
RPROMLNKPHMFFEE78CC,新庄段十三小段,8.49,都市：商,,,,14450000
RPUQMLLKPHMFFEE09CC,新庄段十三小段,.00,非都市： ; 非都市編定：,,,,15090000
RPPQMLMKPHMFFEE68CC,新博段,31.55,都市：住,,,,00080000
RPSRMLLKPHMFFEE98CC,新庄段十二小段,13.23,都市：商,,,,11610000
RPTNMLMKPHMFFEE78CC,新庄段十三小段,.00,都市：住,,,,14770000
RPQNMLMKPHMFFEE48CC,新庄段五小段,9.42,都市：住,,,,07330000
RPTNMLRKPHMFFEE66CC,右昌段三小段,68.94,都市：住,,,,06040000
RPXOMLRKPHMFFEE17CC,新博段,436.51,都市：住,,,,00010000
RPRNMLRKPHMFFEE09CC,新庄段十二小段,491.00,都市：住,,,,10920002
RPRNMLRKPHMFFDE98CC,大港段四小段,68.00,都市：商,,,,32570002
RPQNMLRKPHMFFDE88CC,覆鼎金段覆鼎金小段,80.00,都市：商,,,,12610000
RPTOMLRKPHMFFDE66CC,三塊厝段,10.59,都市：商,,,,13230000
RPTOMLRKPHMFFDE66CC,三塊厝段,5.96,都市：商,,,,13230021
RPTOMLRKPHMFFDE66CC,三塊厝段,1.55,都市：住,,,,13230023
RPTOMLRKPHMFFCE56CC,山明段,21.01,都市：住,,,,00060010
RPROMLRKPHMFFCE98CC,愛群段,7.37,都市：商,,,,28630000
RPUNMLRKPHMFFFE86CC,富貴段,957.00,都市：工,,,,00700000
RPUNMLRKPHMFFFE86CC,富貴段,120.00,都市：工,,,,00700001
RPVNMLRKPHMFFGE07CC,道爺?段,41.75,都市：住,,,,01230002
RPQNMLSKPHMFFGE66CC,新甲段,59.00,都市：其他:,,,,13370072
RPWOMLRKPHMFFEE17DC,楠都段三小段,154.00,都市：其他:,,,,12690000
RPSPMLSKPHMFFGE07CC,牛潮埔段,627.00,都市：工,,,,13460004
RPPNMLSKPHMFFIE76CC,中里段,52.00,都市：其他:空白,,,,02790000
RPVNMLSKPHMFFIE37CC,永仁段,132.72,都市：住,,,,00990002
RPVNMLSKPHMFFIE37CC,永仁段,118.08,都市：住,,,,01020002
RPTNMLSKPHMFFCE56CC,宏明段,23.11,都市：住,,,,00580000
RPXNMLSKPHMFFCE96CC,光華段,.00,都市：住,,,,13560000
RPROMLSKPHMFFDE56CC,三塊厝段,.00,都市：商,,,,13090006
RPROMLSKPHMFFDE56CC,三塊厝段,.00,都市：商,,,,13090005
RPROMLSKPHMFFDE56CC,三塊厝段,.00,都市：商,,,,13090007
RPXOMLSKPHMFFDE17CC,大港段二小段,6.04,都市：商,,,,15020000
RPUOMLSKPHMFFDE86CC,大豐段三小段,84.00,都市：商,,,,00010016
RPTOMLSKPHMFFDE76CC,鼎泰段,32.68,都市：住,,,,13780000
RPQNMLSKPHMFFAE68CC,青海段,26.82,都市：商,,,,01580000
RPPOMLRKPHMFFBE68CC,過田子段,.00,都市：商,,,,11360000
RPPNMLSKPHMFFBE68CC,林德官段一小段,53.00,都市：商,,,,18810000
RPROMLRKPHMFFBE88CC,新興段二小段,154.00,都市：商,,,,10000000
RPSNMLSKPHMFFBE98CC,過田子段,.00,都市：商,,,,11360000
RPQOMLRKPHMFFBE78CC,新興段一小段,.00,都市：商,,,,17560000
RPQNMLTKPHMFFBE88CC,新興段一小段,18.00,都市：商,,,,06060000
RPPNMLTKPHMFFBE78CC,衛武段,.00,都市：住,,,,00700000
RPRNMLTKPHMFFBE98CC,新興段四小段,2.23,都市：商,,,,11880000
RPPOMLTKPHMFFBE88CC,意誠段,6.78,都市：商,,,,07270000
RPSNMLTKPHMFFDE66CC,大港段二小段,65.16,都市：商,,,,10700000
RPSNMLTKPHMFFDE66CC,大港段二小段,7.05,都市：商,,,,10700004
RPTPMLTKPHMFFEE07CC,新庄段五小段,.00,非都市： ; 非都市編定：,,,,11020002
RPSNMLTKPHMFFJE27CC,文南段,134.38,都市：住,,,,00430000
RPSNMLTKPHMFFGE96CC,道爺?段,47.00,都市：住,,,,07500000
RPSNMLTKPHMFFGE96CC,道爺?段,17.00,都市：住,,,,07060124
RPPOMLKLPHMFFGE58CC,竹子腳段,15.18,都市：住,,,,01060000
RPUNMLKLPHMFFEE88DC,加昌段,14.52,都市：住,,,,02200000
RPRNMLKLPHMFFEE48CC,新福段二小段,11.14,都市：住,,,,00220000
RPVNMLKLPHMFFEE88CC,福民段,16.18,都市：住,,,,02090000
RPXNMLKLPHMFFEE09CC,清豐段,100.00,都市：商,,,,03790004
RPQPMLKLPHMFFEE58CC,新庄段十三小段,.00,都市：商,,,,15110000
RPPOMLKLPHMFFDE28CC,灣復段,71.94,都市：商,,,,06590000
RPQOMLKLPHMFFDE38CC,建民段,.00,都市：住,,,,07790000
RPOOMLKLPHMFFCE08CC,愛群段,117.00,都市：商,,,,24380000
RPQPMLLLPHMFFCE48CC,店鎮段一小段,4812.00,都市：其他:市場用地,,,,13560000
RPPNMLLLPHMFFCE18CC,愛群段,.00,都市：住,,,,13640000
RPVOMLLLPHMFFDE98CC,灣愛段,37.91,都市：住,,,,04700000
RPXNMLLLPHMFFEE56CC,果貿段,.00,非都市： ; 非都市編定：,,,,00020006
RPWNMLLLPHMFFBE78CC,林德官段,7.46,都市：住,,,,11160001
RPXNMLRKPHMFFBE76CC,過田子段,.00,都市：商,,,,11360000
RPRNMLRKPHMFFBE78CC,大統段二小段,14.28,都市：商,,,,12550000
RPVNMLRKPHMFFBE56CC,過田子段,.00,都市：商,,,,06960000
RPQNMLRKPHMFFBE68CC,大統段一小段,5.22,都市：商,,,,08560000
RPXNMLLLPHMFFGE76CC,鳳青段,21.08,都市：住,,,,02250000
RPOOMLLLPHMFFGE58CC,鳳青段,42.16,都市：住,,,,02250000
RPVQMLLLPHMFFGE86CC,道爺?段,.00,都市：住,,,,07740000
RPPNMLMLPHMFFCE28CC,愛群段,1.22,都市：商,,,,28140000
RPSNMLSKPHMFFAE88CC,龍中段,33.94,都市：住,,,,02050000
RPSOMLLLPHMFFAE38CC,興仁段,24.66,都市：商,,,,08390000
RPSOMLLLPHMFFAE38CC,興仁段,6.00,都市：商,,,,08400000
RPOOMLSKPHMFFAE58CC,前金段,.00,都市：商,,,,00520008
RPTNMLSKPHMFFAE98CC,龍華段八小段,7.00,都市：商,,,,22210000
RPPOMLLLPHMFFEE48CC,新庄段十三小段,756.00,都市：商,,,,14800000
RPROMLLLPHMFFEE68CC,和平段二小段,28.35,都市：住,,,,00210000
RPSNMLMLPHMFFEE78CC,新庄段十二小段,18.45,都市：住,,,,12340000
RPQOMLOLPHMFFEE88CC,新庄段六小段,19.62,都市：住,,,,09500000
RPSOMLOLPHMFFEE09CC,新庄段十三小段,8.76,都市：商,,,,14450000
RPTOMLOLPHMFFEE56CC,福山段,12.70,都市：商,,,,02910000
RPPOMLOLPHMFFAE38CC,龍華段八小段,15.28,都市：商,,,,22160000
RPXOMLOLPHMFFAE56CC,青海段,11.55,都市：住,,,,06650000
RPRNMLOLPHMFFJE76CC,大湖段,560.00,都市：農,,,,21080000
RPVNMLOLPHMFFIE07CC,仁新段,2185.00,都市：農,,,,16990000
RPVNMLOLPHMFFIE07CC,仁新段,768.00,都市：農,,,,15170000
RPVOMLPLPHMFFCE76DC,愛群段,13.34,都市：商,,,,15490000
RPRNMLPLPHMFFFE09CC,文化段,.00,都市：住,,,,06390000
RPTNMLPLPHMFFAE78CC,東金段,19.24,都市：商,,,,06660000
RPUNMLPLPHMFFAE88CC,龍華段八小段,12.13,都市：商,,,,23920000
RPPPMLPLPHMFFAE58CC,博孝段,5.45,都市：商,,,,00060000
RPQPMLPLPHMFFAE68CC,龍中段,13.74,都市：商,,,,01250000
RPTPMLPLPHMFFAE98CC,青海段,21.26,都市：住,,,,03550002
RPRPMLOLPHMFFCE88CC,?莊段,68.00,都市：住,,,,06990029
RPVNMLOLPHMFFCE09CC,高松段,32.46,都市：住,,,,00110000
RPQNMLMLPHMFFBE28CC,林德官段一小段,77.00,都市：商,,,,24990000
RPOOMLLLPHMFFBE08CC,意誠段,.00,都市：商,,,,01990000
RPRNMLPLPHMFFBE68CC,新興段二小段,.00,都市：商,,,,14590000
RPSNMLPLPHMFFBE78CC,成功段,.00,都市：住,,,,08550000
RPXNMLPLPHMFFEE96CC,新庄段八小段,199.00,都市：住,,,,00010001
RPVNMLPLPHMFFBE09CC,意誠段,.00,都市：商,,,,01990000
RPOOMLPLPHMFFEE78CC,新庄段五小段,84.00,都市：住,,,,11020002
RPOPMLPLPHMFFEE88CC,新庄段十三小段,9.77,都市：商,,,,14910000
RPPOMLPLPHMFFCE68CC,瑞崗段四小段,6.90,都市：住,,,,02770000
RPPOMLPLPHMFFCE68CC,瑞崗段六小段,3.03,都市：住,,,,12510000
RPRNMLPLPHMFFCE78CC,愛群段,.00,都市：住,,,,17460000
RPROMLPLPHMFFCE88CC,高松段,22.50,都市：住,,,,01520005
RPQOMLPLPHMFFCE78CC,瑞隆段三小段,34.00,都市：商,,,,00450000
RPQOMLPLPHMFFCE78CC,瑞隆段三小段,10.00,都市：商,,,,00460000
RPWOMLPLPHMFFCE76CC,臨北段,9.87,都市：住,,,,04790000
RPSNMLPLPHMFFDE98CC,大港段二小段,6.70,都市：住,,,,17220007
RPTNMLPLPHMFFDE09CC,覆鼎金段覆鼎金一小段,.00,都市：住,,,,06280009
RPWNMLPLPHMFFDE76CC,灣中段,89.73,都市：商,,,,04730002
RPRPMLPLPHMFFDE09CC,大港段六小段,2.14,都市：商,,,,05620000
RPTOMLQLPHMFFCE56CC,愛群段,20.03,都市：商,,,,24630000
RPPNMLQLPHMFFBE58CC,大統段二小段,87.00,都市：商,,,,13700000
RPOOMLQLPHMFFBE58CC,新興段四小段,.00,都市：商,,,,16770000
RPOOMLQLPHMFFBE58CC,新興段四小段,.00,都市：商,,,,16780000
RPSOMLQLPHMFFBE98CC,正明段,2.78,都市：商,,,,07140000
RPSOMLQLPHMFFBE98CC,正明段,46.08,都市：商,,,,07150000
RPWNMLQLPHMFFDE86CC,獅頭段,8.71,都市：住,,,,27390000
RPSPMLQLPHMFFEE76CC,新光段,9.98,都市：住,,,,00440000
RPRPMLPLPHMFFEE56CC,福山段,9.96,都市：商,,,,03170000
RPPPMLQLPHMFFEE09CC,福山段,6.19,都市：商,,,,03420000
RPVNMLRLPHMFFFE07CC,梓信段,133.48,都市：住,,,,03520000
RPOOMLQLPHMFFFE98CC,橋南段,218.00,都市：住,,,,05890001
RPWNMLRLPHMFFFE17CC,華興段,826.44,非都市：特定農業區 ; 非都市編定：農牧用地,,,,04820000
RPSOMLRLPHMFFBE09CC,意誠段,1.16,都市：商,,,,07630000
RPSOMLRLPHMFFBE09CC,意誠段,.29,都市：商,,,,07630001
RPTOMLRLPHMFFBE56CC,意誠段,1.36,都市：商,,,,07630000
RPTOMLRLPHMFFBE56CC,意誠段,.29,都市：商,,,,07630001
RPVOMLRLPHMFFBE76CC,新興段四小段,.00,都市：商,,,,17840000
RPTNMLRLPHMFFCE56CC,?莊段,12.09,都市：商,,,,07210000
RPSOMLRLPHMFFDE66CC,義民段,.00,都市：住,,,,10030000
RPUOMLRLPHMFFDE86CC,建豐段,6.58,都市：商,,,,08970003
RPUOMLSLPHMFFDE96CC,澄清段二小段,93.35,都市：住,,,,01470000
RPTOMLSLPHMFFCE76CC,愛群段,7.30,都市：商,,,,24590000
RPXOMLSLPHMFFCE17CC,盛興段,106.00,都市：商,,,,03750000
RPWNMLSLPHMFFEE17CC,新庄段十三小段,8.28,都市：商,,,,14450000
RPURMLSLPHMFFEE37CC,福山段,1283.66,都市：住,,,,05650000
RPOSMLSLPHMFFEE86CC,新庄段十二小段,14.23,非都市： ; 非都市編定：,,,,10780000
RPWNMLSLPHMFFBE86CC,大統段二小段,.00,非都市： ; 非都市編定：,,,,03790000
RPTOMLOLPHMFFGE76CC,文英段,186.00,都市：其他:空白,,,,14890000
RPXPMLQLPHMFFGE47CC,五甲段,.00,都市：住,,,,04560012
RPTOMLQLPHMFFGE96CC,新庄子段,53.00,都市：住,,,,02430276
RPSPMLOLPHMFFGE76CC,文英段,.00,都市：住,,,,17270000
RPQPMLOLPHMFFGE56CC,文山段,10.80,都市：住,,,,08970000
RPVOMLSLPHMFFGE37CC,牛潮埔段,.00,都市：住,,,,07900000
RPVOMLSLPHMFFGE37CC,牛潮埔段,.00,都市：住,,,,07890000
RPPNMLTLPHMFFBE88CC,五塊厝段,23.63,都市：商,,,,24020000
RPOPMLSLPHMFFAE78CC,大成段,87.00,都市：商,,,,00640000
RPPNMLTLPHMFFAE78CC,龍華段九小段,21.53,都市：住,,,,09580000
RPVOMLSLPHMFFAE76CC,東金段,163.00,都市：商,,,,12840000
RPVPMLPLPHMFFAE56CC,後金段,9.31,都市：商,,,,05300000
RPPNMLSLPHMFFAE68CC,龍華段八小段,10.49,都市：商,,,,23920000
RPTNMLRLPHMFFAE98CC,龍中段,15.72,都市：商,,,,00650000
RPQOMLSLPHMFFAE88CC,前金段,3.00,都市：商,,,,01080021
RPROMLQLPHMFFAE78CC,龍華段八小段,.00,都市：商,,,,21920000
RPUPMLPLPHMFFAE09CC,後金段,9.31,都市：商,,,,05300000
