﻿編號,土地位置,土地移轉面積(平方公尺),使用分區或編定,權利人持分分母,權利人持分分子,移轉情形,地號
The serial number, land position,land shifting area square meter,the use zoning or compiles and checks,,,,land parcel
RPXNMLLJNHMFFCF68CC,安康段,19.30,都市：農,,,,06760000
RPTNMLLJNHMFFDF38CC,智興段,.00,都市：住,,,,02650000
RPTNMLLJNHMFFDF38CC,智興段,.00,都市：其他:道路用地,,,,02650001
RPQNMLLJNHMFFCF08DC,莊敬段,2400.00,都市：農,,,,07290000
RPWNMLLJNHMFFCF58CC,安康段,29.65,都市：農,,,,06760000
RPQOMLLJNHMFFAF87CC,光仁段,30.25,都市：住,,,,13400000
RPQNMLLJNHMFFAF97EC,中華段,28.04,都市：工,,,,04670000
RPPNMLLJNHMFFAF87EC,文化段,2.77,都市：住,,,,11980000
RPPOMLMJNHMFFDF38EC,智興段,.00,都市：商,,,,04410000
RPRNMLMJNHMFFIF78CC,和平段,5.86,都市：商,,,,02400000
RPRNMLMJNHMFFIF78CC,和平段,.31,都市：商,,,,02410000
RPRNMLMJNHMFFIF78CC,和平段,55.21,都市：商,,,,02490000
RPSQMLMJNHMFFHF09CC,安樂段,.00,都市：住,,,,06230000
RPQOMLMJNHMFFDF48EC,智興段,.00,都市：商,,,,04410000
RPROMLMJNHMFFDF58EC,同新段,.00,都市：工,,,,00130000
RPSOMLMJNHMFFDF68EC,江北段,.00,都市：住,,,,08080000
RPWOMLMJNHMFFDF09EC,保長段,3.91,都市：住,,,,09950000
RPVOMLMJNHMFFDF98EC,保長段,8.86,都市：住,,,,09950000
RPQOMLMJNHMFFGF58CC,仁愛段,.00,都市：商,,,,20760000
RPQPMLMJNHMFFDF58EC,保長段,9.37,都市：住,,,,09950000
RPVOMLMJNHMFFAF48CC,福安段,20.92,都市：住,,,,03820000
RPVOMLMJNHMFFAF48CC,福安段,1.46,都市：住,,,,03820001
RPOPMLMJNHMFFBF97CC,副都心段一小段,20.47,都市：商,,,,00120000
RPSPMLMJNHMFFBF38CC,新工段二小段,.00,非都市：工業區 ; 非都市編定：丁種建築用地,,,,00580000
RPOPMLLJNHMFFDF08CC,福德段,16.51,都市：住,,,,10270000
RPTNMLMJNHMFFDF48CC,工建段,268.20,都市：工,,,,02430000
RPUOMLMJNHMFFDF68CC,大同段,.00,都市：住,,,,03280000
RPPPMLLJNHMFFDF18CC,新峰段,12.04,都市：住,,,,06960000
RPVNMLLJNHMFFDF58CC,智興段,.00,都市：商,,,,05600000
RPVNMLLJNHMFFDF58CC,智興段,.00,都市：其他:道路用地,,,,05600001
RPVNMLLJNHMFFDF58CC,智興段,.00,都市：商,,,,05600002
RPPOMLNJNHMFFGF58CC,三重段,298.83,都市：住,,,,00760000
RPROMLNJNHMFFGF78CC,三重段,101.73,都市：住,,,,00770000
RPXOMLNJNHMFFAF78CC,員和段,23.57,都市：住,,,,10290000
RPOOMLNJNHMFFCF08CC,雙城段,36.30,都市：其他:,,,,12780000
RPSOMLNJNHMFFGF88CC,五谷王段,483.38,都市：住,,,,02960000
RPSOMLNJNHMFFGF88CC,五谷王段,307.99,都市：住,,,,02980000
RPUOMLNJNHMFFEF88CC,公司田段,25.78,都市：住,,,,00050000
RPXOMLNJNHMFFEF56CC,公司田段,12.72,都市：住,,,,00100000
RPQPMLNJNHMFFEF58CC,正德段,6.65,都市：住,,,,07480000
RPRPMLNJNHMFFEF68CC,公司田段,21.06,都市：住,,,,01340000
RPRRMLNJNHMFFEF88CC,海天段,90.01,都市：住,,,,01880000
RPWNMLNJNHMFFDF09EC,保長段,8.79,都市：住,,,,09950000
RPSPMLNJNHMFFEF78CC,新興段,2.59,都市：住,,,,06470000
RPPRMLNJNHMFFEF68CC,海天段,16.10,都市：住,,,,01880000
RPWOMLMJNHMFFIF76CC,大學段一小段,10.51,都市：商,,,,00530000
RPVOMLMJNHMFFIF66CC,大學段一小段,21.46,都市：住,,,,00130000
RPUOMLMJNHMFFIF56CC,大學段二小段,40.01,都市：商,,,,00880000
RPVNMLNJNHMFFHF56CC,仁和段,24.95,都市：住,,,,00150000
RPTPMLNJNHMFFEF09EC,正德段,.00,非都市： ; 非都市編定：,,,,06620000
RPXNMLNJNHMFFDF56EC,保長段,4.03,都市：住,,,,09950000
RPUOMLNJNHMFFHF56CC,大同段,.00,都市：住,,,,01290000
RPUNMLNJNHMFFIF56CC,大學段二小段,17.89,都市：住,,,,01120000
RPXNMLNJNHMFFIF86CC,大學段一小段,19.74,都市：住,,,,01240000
RPOOMLNJNHMFFIF68CC,仁愛段,22.25,都市：住,,,,05590000
RPVOMLNJNHMFFHF66CC,橋和段,.00,都市：工,,,,01400000
RPQNMLNJNHMFFDF38DC,厚德段,23.55,都市：住,,,,05610000
RPTOMLOJNHMFFIF66CC,東豐段,963.23,都市：其他:公園用地,,,,03360000
RPTOMLOJNHMFFIF66CC,東豐段,172.97,都市：其他:公園用地,,,,03370000
RPTOMLOJNHMFFIF66CC,東豐段,129.32,都市：其他:公園用地,,,,03380000
RPWNMLNJNHMFFIF76CC,大學段二小段,23.50,都市：住,,,,01040000
RPPPMLOJNHMFFBF48EC,貴和段,40.36,都市：住,,,,03570000
RPOPMLNJNHMFFAF08DC,文化段,20.75,都市：住,,,,28240000
RPWOMLNJNHMFFAF88EC,沛陂段,4532.01,都市：工,,,,00880000
RPVQMLOJNHMFFBF56EC,中泰段,21.15,都市：住,,,,00620000
RPPTMLOJNHMFFEF98CC,海鷗段,3.25,都市：住,,,,08960000
RPXNMLOJNHMFFHF86CC,永平段,9.30,都市：住,,,,07130000
RPXNMLOJNHMFFHF86CC,永平段,.01,都市：其他:道路用地,,,,07130001
RPVTMLOJNHMFFEF96CC,淡海段,13.33,都市：住,,,,00530000
RPVOMLOJNHMFFIF86CC,大安段,70.11,都市：工,,,,02470000
RPRPMLOJNHMFFGF98CC,集賢段,.00,都市：住,,,,06990000
RPUNMLOJNHMFFCF68CC,中正段,.00,都市：住,,,,09530000
RPQNMLOJNHMFFDF38CC,智興段,.00,都市：住,,,,14180006
RPQNMLOJNHMFFDF38CC,智興段,.00,都市：住,,,,14180001
RPRNMLOJNHMFFDF48CC,工建段,.00,都市：工,,,,03300000
RPPRMLMJNHMFFBF28CC,麗林段,.00,都市：其他:(中心商業區),,,,04070001
RPWQMLMJNHMFFBF88CC,副都心段一小段,.00,都市：住,,,,00780000
RPSPMLNJNHMFFBF48CC,力行段,14.01,都市：住,,,,00210000
RPXQMLOJNHMFFAF09CC,民權段,70.00,都市：住,,,,03480000
RPXQMLOJNHMFFAF09CC,民權段,61.00,都市：住,,,,03470000
RPOQMLOJNHMFFAF18CC,江子翠段第三崁小段,7.37,都市：商,,,,01270003
RPOQMLOJNHMFFAF18CC,江子翠段第三崁小段,3.28,都市：商,,,,01270002
RPOQMLOJNHMFFAF18CC,江子翠段第三崁小段,10.20,都市：商,,,,01270000
RPWPMLPJNHMFFBF09CC,力行段,32.65,都市：住,,,,05400000
RPQPMLOJNHMFFDF58CC,工建段,.73,都市：工,,,,06730000
RPQOMLOJNHMFFDF48CC,大同段,.00,都市：住,,,,03280000
RPTOMLOJNHMFFDF78CC,崇德段,.00,都市：住,,,,03000000
RPWOMLOJNHMFFBF88CC,佳林段,.00,都市：其他:(建成商業區),,,,09090000
RPPPMLOJNHMFFDF48CC,同新段,34.89,都市：工,,,,00130000
RPTNMLPJNHMFFDF78CC,昊天段,11.54,都市：工,,,,08720000
RPTNMLPJNHMFFDF78CC,同新段,.36,都市：工,,,,00060000
RPOPMLOJNHMFFDF38CC,同新段,11.99,都市：工,,,,00130000
RPROMLPJNHMFFAF38CC,幸福段,.00,都市：住,,,,00290000
RPWOMLPJNHMFFAF88CC,金城段,1.76,都市：住,,,,03900000
RPTOMLPJNHMFFAF58CC,光華段,30.00,都市：住,,,,00320000
RPVNMLPJNHMFFCF88CC,寶元段,9.19,都市：住,,,,09550000
RPVQMLPJNHMFFBF66EC,副都心段一小段,18.47,都市：商,,,,00090000
RPUQMLPJNHMFFBF56EC,榮富段,10.97,都市：住,,,,09290000
RPWQMLPJNHMFFBF76EC,昌隆段,11.52,都市：住,,,,01920000
RPROMLPJNHMFFGF98CC,五谷王段,848.35,都市：住,,,,03930001
RPROMLPJNHMFFGF98CC,五谷王段,793.65,都市：住,,,,03430000
RPROMLPJNHMFFGF98CC,五谷王段,411.93,都市：住,,,,03440000
RPQPMLPJNHMFFGF98CC,中興段,.00,都市：工,,,,16840000
RPUPMLPJNHMFFHF86CC,瓦?段,.00,都市：住,,,,00490000
RPTPMLPJNHMFFHF76CC,瓦?段,.00,都市：住,,,,00490000
RPPPMLPJNHMFFHF98CC,福祥段,2.44,都市：商,,,,04090000
RPPPMLPJNHMFFHF98CC,福祥段,.60,都市：商,,,,04090001
RPPPMLPJNHMFFHF98CC,福祥段,8.25,都市：商,,,,04010000
RPPRMLPJNHMFFBF78EC,榮富段,10.97,都市：住,,,,09290000
RPURMLPJNHMFFBF66EC,埤角段頂埤角小段,30.77,都市：住,,,,01150020
RPXRMLPJNHMFFBF96EC,中原段,17.87,都市：商,,,,01930000
RPRRMLPJNHMFFBF98EC,副都心段一小段,9.58,都市：住,,,,03290000
RPTRMLPJNHMFFBF56EC,中原段,22.11,都市：住,,,,00880000
RPWRMLPJNHMFFBF86EC,副都心段一小段,9.73,都市：商,,,,00110000
RPSRMLPJNHMFFBF09EC,中原段,17.61,都市：商,,,,01950000
RPPSMLPJNHMFFBF88EC,中泰段,5.50,都市：住,,,,04770000
RPWNMLPJNHMFFHF07EC,中和段,23.32,都市：住,,,,03370000
RPOSMLPJNHMFFBF78EC,榮富段,10.44,都市：住,,,,08820000
RPSNMLPJNHMFFHF56DC,公園段,20.28,都市：住,,,,01870000
RPPNMLQJNHMFFBF28CC,芳洲段,.00,都市：住,,,,01550000
RPQNMLQJNHMFFBF38CC,成州段,.00,都市：住,,,,00590000
RPRNMLQJNHMFFBF48CC,芳洲段,.00,都市：住,,,,01680000
RPPNMLRJNHMFFEF68CC,新興段,35.61,都市：住,,,,03160000
RPPNMLRJNHMFFIF09CC,民權段,8.89,都市：商,,,,01960000
RPTOMLSJNHMFFHF96CC,廟美段,35.07,都市：住,,,,05040000
RPPNMLSJNHMFFEF78CC,關渡段,.00,都市：住,,,,07610000
RPTOMLSJNHMFFAF88CC,大豐段,25.72,都市：住,,,,00010000
RPQNMLQJNHMFFEF68CC,公司田段,19.05,都市：住,,,,01880000
RPQQMLPJNHMFFEF88CC,公司田段,15.31,都市：住,,,,00050000
RPXTMLOJNHMFFEF17CC,馬偕段,6.69,都市：工,,,,01960000
RPRNMLQJNHMFFEF78CC,公司田段,19.13,都市：住,,,,01880000
RPQPMLSJNHMFFAF68CC,民族段,67.00,都市：住,,,,12700000
RPPUMLOJNHMFFEF09CC,馬偕段,8.39,都市：工,,,,01960000
RPXNMLSJNHMFFDF86CC,工建段,50.68,都市：工,,,,06730000
RPSOMLSJNHMFFDF09CC,工建段,28.33,都市：工,,,,08450000
RPSOMLSJNHMFFDF09CC,工建段,.65,都市：工,,,,09300000
RPQOMLSJNHMFFDF88CC,同新段,31.40,都市：工,,,,00130000
RPRPMLSJNHMFFDF09CC,環河段,.00,都市：工,,,,05760000
RPRPMLSJNHMFFDF09CC,環河段,.00,都市：工,,,,05820000
RPPNMLTJNHMFFDF78CC,智興段,.00,都市：住,,,,01040000
RPSSMLPJNHMFFBF56EC,副都心段五小段,10.37,都市：住,,,,00080000
RPRSMLPJNHMFFBF09EC,副都心段一小段,12.57,都市：住,,,,03290000
RPQSMLPJNHMFFBF98EC,榮富段,18.03,都市：住,,,,08820000
RPSOMLTJNHMFFBF98CC,德音段,.00,都市：住,,,,07510000
RPVOMLTJNHMFFBF66CC,新工段一小段,117.17,非都市：工業區 ; 非都市編定：丁種建築用地,,,,00430000
RPSOMLTJNHMFFBF98CC,德音段,.00,都市：住,,,,07500000
RPPNMLTJNHMFFBF58CC,五股段,.00,都市：住,,,,08990000
RPQOMLSJNHMFFBF68CC,和平段,.00,都市：住,,,,08070000
RPRUMLSJNHMFFBF76CC,芳洲段,.00,都市：住,,,,00070000
RPSNMLQJNHMFFBF58CC,成功段,.00,都市：住,,,,03960000
RPUOMLTJNHMFFBF56CC,化成段,32.44,都市：工,,,,03230000
RPRQMLTJNHMFFBF09CC,榮富段,13.16,都市：住,,,,09290000
RPXPMLTJNHMFFBF96CC,立德段,65.33,都市：住,,,,01180000
RPUQMLTJNHMFFBF76CC,榮富段,10.75,都市：住,,,,08820000
RPTQMLTJNHMFFBF66CC,榮富段,18.33,都市：住,,,,04850000
RPSQMLTJNHMFFBF56CC,五工段,702.48,非都市：工業區 ; 非都市編定：丁種建築用地,,,,00980000
RPQNMLTJNHMFFCF78CC,惠國段,.00,都市：住,,,,06710000
RPPOMLTJNHMFFGF56CC,三民段,.00,都市：住,,,,00790000
RPSNMLTJNHMFFGF76CC,忠孝段,.00,都市：住,,,,01790000
RPSRMLTJNHMFFEF96CC,紅毛城段,.00,都市：住,,,,05330000
RPVQMLTJNHMFFEF17CC,公司田段,14.23,都市：住,,,,00100001
RPQQMLTJNHMFFBF56EC,榮富段,14.73,都市：住,,,,08820001
RPUOMLKKNHMFFIF09CC,大學段二小段,9.26,都市：商,,,,00940000
RPQPMLKKNHMFFIF78CC,大學段一小段,22.72,都市：住,,,,00130000
RPVOMLKKNHMFFIF56CC,大學段二小段,9.26,都市：商,,,,00940000
RPPPMLKKNHMFFIF68CC,大學段一小段,15.55,都市：商,,,,00530000
RPXOMLKKNHMFFIF76CC,西園段,93.17,非都市：特定農業區 ; 非都市編定：甲種建築用地,,,,22080000
RPOSMLTJNHMFFBF98CC,榮富段,.00,都市：住,,,,09570000
RPWQMLTJNHMFFBF96CC,榮富段,10.42,都市：住,,,,09290000
RPWQMLTJNHMFFBF96CC,榮富段,10.42,都市：住,,,,09290000
RPQRMLTJNHMFFBF09CC,芳洲段,22.27,都市：住,,,,01520000
RPXQMLTJNHMFFBF07CC,建林段,.09,都市：商,,,,03800000
RPXQMLTJNHMFFBF07CC,建林段,11.09,都市：商,,,,03800001
RPORMLTJNHMFFBF88CC,復興段,26.65,都市：住,,,,04520000
RPRPMLKKNHMFFIF88CC,大仁段,15.54,都市：住,,,,02840000
RPSPMLKKNHMFFIF98CC,大仁段,27.44,都市：住,,,,08510000
RPSNMLKKNHMFFHF68CC,板南段,.00,都市：工,,,,03820000
RPSNMLKKNHMFFHF68CC,板南段,.00,都市：其他:道路用地,,,,03820001
RPXNMLKKNHMFFHF56CC,板南段,24.34,都市：工,,,,03110000
RPXNMLKKNHMFFHF56CC,板南段,44.28,都市：工,,,,03110000
RPXNMLKKNHMFFHF56CC,板南段,26.73,都市：工,,,,03110000
RPOOMLKKNHMFFHF38CC,板南段,26.33,都市：工,,,,03110000
RPUNMLTJNHMFFGF07DC,集美段,.00,都市：住,,,,05390000
RPPOMLKKNHMFFEF18CC,公司田段,.00,都市：住,,,,00800000
RPVOMLKKNHMFFCF58CC,新和段,.00,都市：住,,,,09880000
RPOPMLKKNHMFFCF97CC,復興段,.00,都市：工,,,,03800000
RPUOMLKKNHMFFBF38CC,榮富段,16.09,都市：住,,,,09060001
RPVNMLKKNHMFFDF58CC,福德段,.00,都市：住,,,,05890000
RPVOMLKKNHMFFHF09CC,安樂段,.00,都市：住,,,,00690000
RPUPMLKKNHMFFHF09CC,健康段,.00,都市：工,,,,10630000
RPQOMLKKNHMFFHF58CC,錦和段,.00,都市：住,,,,08950000
RPQOMLKKNHMFFHF58CC,錦和段,.00,都市：住,,,,08960000
RPXOMLKKNHMFFHF66CC,南山段,.00,都市：住,,,,08540000
RPTPMLKKNHMFFHF98CC,健康段,.00,都市：工,,,,10630000
RPUOMLKKNHMFFHF98CC,正南段,.00,都市：住,,,,05400000
RPOPMLKKNHMFFHF48CC,廟美段,.00,都市：住,,,,08080000
RPROMLKKNHMFFHF68CC,健康段,.00,都市：工,,,,02580000
RPSOMLKKNHMFFHF78CC,中和段,.00,都市：住,,,,06360000
RPPNMLLKNHMFFGF38CC,富貴段,.00,都市：商,,,,04780000
RPRNMLLKNHMFFGF58CC,中興段,.00,都市：工,,,,08830000
RPQNMLLKNHMFFHF58CC,南工段,.00,都市：住,,,,08430000
RPVOMLLKNHMFFEF88CC,學府段,29.37,都市：住,,,,05010000
RPSNMLLKNHMFFHF78CC,復興段,45.27,都市：住,,,,08120000
RPQNMLLKNHMFFIF68CC,大湖段大湖小段,.00,非都市：一般農業區 ; 非都市編定：甲種建築用地,,,,01190007
RPPNMLLKNHMFFAF97EC,忠義段,.00,都市：工,,,,04090000
RPQOMLLKNHMFFDF38DC,福德段,16.37,都市：住,,,,09270000
RPOOMLLKNHMFFHF58DC,信義段,101.00,都市：住,,,,04620000
RPOOMLLKNHMFFHF58DC,信義段,59.00,都市：住,,,,04630000
RPVOMLMKNHMFFIF76CC,和平段,13.18,都市：其他:部分住宅區部分道路用地,,,,04380000
RPOQMLMKNHMFFIF88CC,備內段,42.04,都市：工,,,,13320000
RPVOMLLKNHMFFBF58CC,陸光段,.00,都市：住,,,,02550000
RPWNMLLKNHMFFBF58CC,芳洲段,69.14,都市：住,,,,02580000
RPWOMLMKNHMFFEF09CC,學府段,.00,非都市： ; 非都市編定：,,,,09480000
RPPPMLMKNHMFFEF48CC,海天段,.00,都市：住,,,,01900000
RPQOMLKKNHMFFDF18CC,工建段,.00,都市：工,,,,02430000
RPPOMLKKNHMFFDF08CC,福德段,29.00,都市：其他:,,,,04380000
RPUNMLMKNHMFFCF58CC,復興段,.00,都市：工,,,,04370000
RPVPMLMKNHMFFAF68CC,金城段,.00,都市：住,,,,01780000
RPVNMLLKNHMFFHF09CC,大新段,10.87,都市：商,,,,06910000
RPUNMLLKNHMFFHF98CC,中信段,.00,都市：其他:道路用地,,,,04410000
RPUNMLLKNHMFFHF98CC,中信段,.00,都市：商,,,,04490000
RPTNMLLKNHMFFHF88CC,景華段,19.01,都市：商,,,,03150000
RPWNMLMKNHMFFBF68CC,芳洲段,.00,都市：住,,,,01440000
RPRNMLOKNHMFFEF68CC,鄧公段,.00,非都市： ; 非都市編定：,,,,03330000
RPPNMLOKNHMFFBF18CC,和平段,19.72,都市：住,,,,07390000
RPQOMLPKNHMFFAF38CC,文化段,.00,都市：住,,,,27500000
RPXNMLPKNHMFFBF09CC,國宅段,12.24,都市：住,,,,00170000
RPSNMLOKNHMFFEF78CC,學府段,.00,非都市： ; 非都市編定：,,,,09480000
RPRPMLPKNHMFFBF68CC,行政段,.00,都市：其他:(建成商業區),,,,01180000
RPRPMLPKNHMFFBF68CC,行政段,.00,都市：其他:(建成商業區),,,,01170000
RPRPMLMKNHMFFHF98CC,國光段,.00,都市：商,,,,05160000
RPSNMLPKNHMFFHF56CC,民富段,.00,都市：工,,,,03640000
RPVPMLMKNHMFFHF76CC,公園段,.00,都市：住,,,,02580000
RPWNMLLKNHMFFHF56CC,健康段,23.76,都市：工,,,,11600000
RPOPMLLKNHMFFHF58CC,安邦段,.00,都市：工,,,,01400000
RPWNMLPKNHMFFHF96CC,秀山段,.00,都市：住,,,,05970000
RPQPMLPKNHMFFIF66CC,十三添段犁舌尾小段,.00,非都市：一般農業區 ; 非都市編定：丁種建築用地,,,,00900005
RPVNMLQKNHMFFAF09EC,埔墘段,131.00,都市：住,,,,00620021
RPVNMLPKNHMFFHF86CC,捷運段,.00,都市：其他:捷運系統用地,,,,00080000
RPSOMLQKNHMFFHF76CC,大華段,.00,都市：住,,,,05250000
RPSTMLQKNHMFFBF66CC,中泰段,23.53,都市：其他:市場用地,,,,00530000
RPSTMLQKNHMFFBF66CC,中泰段,.47,都市：其他:市場用地,,,,00530001
RPSTMLQKNHMFFBF66CC,中泰段,.69,都市：其他:市場用地,,,,00570000
RPSOMLQKNHMFFAF68CC,信義段,120.78,都市：工,,,,03190000
RPSOMLQKNHMFFAF68CC,信義段,8.09,都市：工,,,,03200000
RPWNMLQKNHMFFEF76CC,正德段,13.97,都市：住,,,,07480000
RPROMLQKNHMFFEF98CC,正德段,16.30,都市：住,,,,02150000
RPUNMLQKNHMFFGF96EC,中原段,.00,都市：住,,,,03420000
RPTOMLRKNHMFFEF66CC,鄧公段,44.67,都市：住,,,,05940000
RPTOMLRKNHMFFEF66CC,鄧公段,.37,都市：住,,,,05950000
RPQRMLRKNHMFFEF66CC,關渡段,.00,都市：住,,,,05870000
RPQRMLRKNHMFFEF66CC,關渡段,.00,都市：商,,,,05870002
RPRNMLRKNHMFFAF58CC,永豐段,827.31,非都市：山坡地保育區 ; 非都市編定：丁種建築用地,,,,03490000
RPTOMLRKNHMFFAF88CC,江子翠段第二崁小段,.00,都市：其他:,,,,02270046
RPVNMLRKNHMFFAF98CC,清水段,21.26,都市：住,,,,02050000
RPROMLRKNHMFFAF68CC,中山段,.00,都市：住,,,,10840000
RPVNMLRKNHMFFBF09CC,思賢段,.00,都市：住,,,,00220000
RPTNMLRKNHMFFBF88CC,復興段,.00,都市：住,,,,01960000
RPXRMLRKNHMFFBF07CC,力行段,10.81,都市：住,,,,09590000
RPUNMLRKNHMFFCF09CC,復興段,.00,都市：工,,,,05710000
RPSNMLRKNHMFFCF88CC,環河段,.00,都市：住,,,,04070000
RPSNMLMKNHMFFGF78CC,永德段,.00,都市：工,,,,09400006
RPSNMLMKNHMFFGF78CC,永德段,.00,都市：工,,,,09400005
RPSNMLMKNHMFFGF78CC,永德段,.00,都市：工,,,,09400007
RPSNMLMKNHMFFGF78CC,永德段,.00,都市：工,,,,09530015
RPSNMLMKNHMFFGF78CC,永德段,.00,都市：工,,,,09530016
RPSNMLMKNHMFFGF78CC,永德段,.00,都市：工,,,,09530014
RPWNMLMKNHMFFDF88CC,工建段,.00,都市：工,,,,03300000
RPTNMLPKNHMFFDF88CC,智興段,.00,都市：住,,,,02650000
RPTNMLPKNHMFFDF88CC,智興段,.00,都市：其他:道路用地,,,,02650001
RPPNMLNKNHMFFDF28CC,金龍段,17.95,都市：其他:,,,,00060000
RPPNMLNKNHMFFDF28CC,金龍段,20.84,非都市：山坡地保育區 ; 非都市編定：丙種建築用地,,,,12770000
RPPNMLNKNHMFFDF28CC,金龍段,.43,都市：其他:風景區,,,,12770001
RPPNMLNKNHMFFDF28CC,金龍段,.34,都市：其他:風景區,,,,12770002
RPUOMLMKNHMFFDF78CC,長安段,15.41,都市：住,,,,07550000
RPXOMLRKNHMFFHF37CC,復興段,.00,都市：住,,,,10360000
RPPOMLRKNHMFFHF56CC,大同段,16.00,都市：住,,,,00040000
RPWOMLRKNHMFFHF27CC,得林段,17.84,都市：住,,,,00010000
RPQOMLRKNHMFFHF66CC,橋和段,.00,都市：商,,,,03340000
RPOOMLRKNHMFFHF09CC,盛昌段,.00,都市：住,,,,01450000
RPXNMLRKNHMFFHF27CC,大同段,.00,都市：住,,,,05270000
RPXNMLRKNHMFFHF27CC,大同段,.00,都市：住,,,,05280000
RPXNMLRKNHMFFHF27CC,大同段,.00,都市：住,,,,05290000
RPXNMLRKNHMFFHF27CC,大同段,.00,都市：住,,,,05300000
RPQNMLRKNHMFFHF56CC,健康段,.00,都市：工,,,,11590000
RPWNMLRKNHMFFHF17CC,中安段,.00,都市：住,,,,05670000
RPSQMLRKNHMFFHF07CC,復興段,.00,都市：住,,,,02240000
RPXNMLSKNHMFFHF37CC,文化段,.00,都市：住,,,,09410000
RPSQMLRKNHMFFHF07CC,復興段,.00,都市：住,,,,02250000
RPSQMLRKNHMFFHF07CC,復興段,.00,都市：住,,,,02260000
RPWNMLSKNHMFFHF27CC,東南段,.00,都市：住,,,,02800000
RPWQMLRKNHMFFHF47CC,中原段,.00,都市：工,,,,02170000
RPOPMLRKNHMFFHF56CC,捷運段,.00,都市：其他:,,,,00080000
RPRQMLRKNHMFFHF96CC,南山段,.00,都市：其他:,,,,08540000
RPPOMLSKNHMFFHF66CC,福和段,.00,都市：商,,,,14940000
RPUQMLRKNHMFFHF27CC,大同段,.00,都市：住,,,,03870000
RPVRMLRKNHMFFHF47CC,圓通段,.00,都市：住,,,,03580000
RPROMLSKNHMFFCF09DC,寶強段,2.76,都市：其他:,,,,10680000
RPRRMLSKNHMFFBF66DC,建林段,24.59,都市：住,,,,00630000
RPTPMLSKNHMFFEF07EC,公司田段,35.68,都市：住,,,,01930000
RPSNMLSKNHMFFBF88CC,國宅段,26.23,都市：住,,,,00950003
RPROMLSKNHMFFBF88CC,新林段,133.62,都市：住,,,,05640000
RPROMLSKNHMFFBF88CC,新林段九小段,11.15,都市：住,,,,00020000
RPROMLSKNHMFFBF88CC,新林段十小段,16.44,都市：住,,,,00020000
RPROMLSKNHMFFHF86CC,新和段,.00,都市：住,,,,05390002
RPVOMLSKNHMFFHF27CC,得林段,7.72,都市：住,,,,00010000
RPUOMLSKNHMFFHF17CC,保生段,.00,都市：住,,,,04420000
RPQOMLSKNHMFFHF76CC,華中段,25.44,都市：住,,,,00480000
RPOQMLSKNHMFFHF76CC,永平段,3.84,都市：住,,,,08060000
RPOQMLSKNHMFFHF76CC,永平段,3.06,都市：住,,,,08070000
RPOQMLSKNHMFFHF76CC,永平段,.01,都市：住,,,,08070001
RPRSMLSKNHMFFBF66CC,副都心段一小段,12.61,都市：住,,,,03290000
RPOSMLSKNHMFFBF98CC,光明段,30.48,都市：住,,,,07140000
RPSQMLSKNHMFFBF56CC,新工段一小段,.00,非都市：工業區 ; 非都市編定：丁種建築用地,,,,00310000
RPSSMLSKNHMFFBF76CC,自立段,8.32,都市：商,,,,10520000
RPVPMLSKNHMFFBF76CC,國宅段,.00,都市：住,,,,00170002
RPPNMLSKNHMFFEF88CC,公司田段,16.38,都市：其他:,,,,00270001
RPUNMLSKNHMFFEF76CC,海鷗段,4.52,都市：住,,,,11920000
RPQRMLSKNHMFFBF09CC,力行段,18.34,都市：住,,,,00530000
RPVSMLSKNHMFFBF07CC,後港段,7.06,都市：住,,,,08020000
RPPTMLSKNHMFFBF56CC,中原段,23.86,都市：住,,,,00050000
RPOTMLSKNHMFFBF09CC,復興段,45.45,都市：住,,,,03230000
RPQTMLSKNHMFFBF66CC,榮富段,13.14,都市：住,,,,08500000
RPTOMLTKNHMFFEF86CC,馬偕段,5.67,都市：工,,,,01960000
RPTRMLSKNHMFFEF07CC,馬偕段,6.69,都市：工,,,,01960000
RPQNMLTKNHMFFBF78CC,芳洲段,.00,都市：住,,,,00300000
RPRQMLSKNHMFFEF76CC,新興段,.00,非都市： ; 非都市編定：,,,,05980000
RPOQMLTKNHMFFAF98EC,土城段,16.97,都市：商,,,,03890000
RPPPMLTKNHMFFIF96CC,大同段,.00,都市：商,,,,00540000
RPXPMLTKNHMFFHF67CC,得林段,.00,都市：住,,,,02260000
RPPNMLKLNHMFFDF08CC,智興段,.00,都市：商,,,,02650000
RPPNMLKLNHMFFDF08CC,智興段,.00,都市：其他:,,,,02650001
RPTPMLTKNHMFFAF56CC,江子翠段第二崁小段,.00,都市：住,,,,01570000
RPXPMLTKNHMFFAF96CC,金城段,3.55,都市：住,,,,03900000
RPPNMLLLNHMFFHF58CC,中和段,5.00,都市：住,,,,04300000
RPVNMLMLNHMFFDF88CC,智興段,.00,都市：商,,,,04410000
RPOOMLMLNHMFFIF78CC,復興段,.00,都市：商,,,,07920000
RPQOMLMLNHMFFDF48CC,同新段,174.47,都市：工,,,,00130000
RPPPMLMLNHMFFDF48CC,江北段,27.83,都市：住,,,,04380000
RPTPMLMLNHMFFDF88CC,同新段,21.81,都市：工,,,,00130000
RPVNMLTKNHMFFCF76CC,北宜段,.00,都市：其他:(捷運系統用地),,,,02980000
RPWNMLTKNHMFFCF86CC,寶元段,71.75,都市：工,,,,02730000
RPWNMLTKNHMFFCF86CC,寶元段,.01,都市：其他:道路,,,,02730001
RPWNMLTKNHMFFCF86CC,寶元段,.61,都市：其他:道路,,,,02730002
RPVRMLMLNHMFFBF09CC,芳洲段,.00,都市：住,,,,02250000
RPTSMLTKNHMFFBF96CC,中原段,31.81,都市：住,,,,01800000
RPWOMLTKNHMFFBF86CC,陸光段,.00,都市：住,,,,05360000
RPSPMLMLNHMFFBF58CC,五工段,778.00,非都市：工業區 ; 非都市編定：丁種建築用地,,,,00550000
RPVQMLMLNHMFFBF98CC,國宅段,22.74,都市：住,,,,00120000
RPPNMLMLNHMFFAF97CC,民族段,.00,都市：商,,,,04540000
RPPNMLMLNHMFFAF97CC,民族段,.00,都市：商,,,,04550000
RPSOMLMLNHMFFBF48CC,忠孝段,35.82,都市：住,,,,06410000
RPVTMLTKNHMFFBF27CC,全安段,.00,都市：住,,,,06350000
RPRQMLMLNHMFFAF48CC,中興段,28.32,都市：住,,,,04510000
RPWOMLNLNHMFFDF56CC,智興段,.00,都市：商,,,,04710000
RPWOMLNLNHMFFDF56CC,智興段,.00,都市：住,,,,04760000
RPPOMLNLNHMFFCF38CC,安和段,20.82,都市：住,,,,01360000
RPWNMLMLNHMFFAF68CC,金城段,3.19,都市：住,,,,03900000
RPUNMLMLNHMFFCF68CC,復興段,.00,都市：工,,,,05880000
RPQOMLNLNHMFFAF28CC,信義段,2073.00,非都市：一般農業區 ; 非都市編定：特定目的事業用地,,,,01010000
RPPQMLNLNHMFFEF78CC,海天段,.57,都市：住,,,,06530000
RPWPMLNLNHMFFEF76CC,大義段,21.25,都市：住,,,,11000000
RPPOMLOLNHMFFBF48DC,副都心段一小段,16.67,都市：商,,,,03990000
RPXNMLOLNHMFFBF09CC,行政段,37.96,都市：住,,,,05950000
RPPRMLOLNHMFFGF56CC,過田段,.00,都市：商,,,,01650000
RPWOMLPLNHMFFEF86CC,竹圍段,13658.50,都市：其他:空白,,,,07780000
RPWOMLPLNHMFFEF86CC,竹圍段,305.74,都市：其他:空白,,,,07630000
RPQPMLOLNHMFFBF58CC,榮富段,21.94,都市：住,,,,09290000
RPPQMLPLNHMFFEF98CC,公司田段,8100.16,都市：住,,,,01340000
RPXPMLPLNHMFFEF07CC,公司田段,27.61,都市：住,,,,00480000
RPUQMLPLNHMFFEF86CC,竹圍段,28.50,都市：工,,,,07780000
RPRNMLPLNHMFFDF78CC,智興段,.00,都市：商,,,,04410000
RPTNMLPLNHMFFDF98CC,新峰段,.00,都市：住,,,,02610000
RPUNMLPLNHMFFCF98CC,民安段,18.55,都市：住,,,,03530000
RPWNMLPLNHMFFCF56CC,安坑段車子路小段,35.78,非都市：山坡地保育區 ; 非都市編定：丙種建築用地,,,,01800043
RPWNMLPLNHMFFCF56CC,安坑段車子路小段,.72,非都市：山坡地保育區 ; 非都市編定：丙種建築用地,,,,01800171
RPPPMLOLNHMFFBF48CC,中泰段,19.29,都市：住,,,,06990000
RPOPMLOLNHMFFBF38CC,榮富段,23.52,都市：住,,,,09060000
RPRNMLPLNHMFFHF56CC,中原段,.00,都市：工,,,,07210000
RPXNMLPLNHMFFHF17CC,中正段,.00,都市：住,,,,07580000
RPROMLNLNHMFFHF56DC,文化段,4.27,都市：住,,,,00860000
RPSPMLPLNHMFFDF66EC,保長段,6.84,都市：住,,,,09950000
RPTPMLPLNHMFFDF76EC,保長段,9.31,都市：住,,,,09950000
RPUPMLPLNHMFFDF86EC,保長段,8.60,都市：住,,,,09950000
RPQOMLPLNHMFFIF66CC,大仁段,22.34,都市：住,,,,02840000
RPSNMLTKNHMFFBF98CC,芳洲段,.00,都市：住,,,,02110000
RPTNMLTKNHMFFBF09CC,芳洲段,.00,都市：住,,,,01600000
RPUOMLQLNHMFFIF17CC,復興段,30.25,都市：商,,,,04200000
RPQOMLQLNHMFFDF88CC,昊天段,23.30,都市：工,,,,08720000
RPWNMLQLNHMFFBF56CC,興化段,19.82,都市：工,,,,06510000
RPTOMLQLNHMFFBF98CC,海山頭段石龜小段,.00,都市：住,,,,00730031
RPTQMLQLNHMFFBF56CC,貴和段,14.29,都市：住,,,,07810000
RPXQMLQLNHMFFBF96CC,中泰段,29.25,都市：住,,,,01470000
RPPRMLQLNHMFFBF88CC,復興段,45.45,都市：住,,,,03230000
RPSNMLQLNHMFFAF68CC,學成段,.00,都市：住,,,,02890000
RPUQMLQLNHMFFAF56CC,柑林段,1653.00,非都市：特定專用區 ; 非都市編定：農牧用地,,,,11070000
RPPOMLQLNHMFFHF56CC,板南段,26.73,都市：工,,,,03110000
RPVOMLPLNHMFFHF07CC,健康段,.00,都市：工,,,,11600000
RPXOMLPLNHMFFHF27CC,秀山段,.00,都市：住,,,,07130000
RPQOMLPLNHMFFHF56CC,南勢段,.00,都市：住,,,,01800000
RPPOMLPLNHMFFHF09CC,華中段,.00,都市：住,,,,00470000
RPROMLPLNHMFFHF66CC,大智段,.00,都市：住,,,,02400000
RPQNMLRLNHMFFDF88CC,江北段,2991.48,都市：住,,,,08080000
RPPNMLRLNHMFFEF88CC,水仙段,68.58,都市：住,,,,03190000
RPQNMLSLNHMFFEF09CC,新興段,41.81,都市：住,,,,03160000
RPTNMLTLNHMFFEF86CC,大義段,26.56,都市：商,,,,06120000
RPTNMLTLNHMFFEF86CC,大義段,.48,都市：商,,,,06140000
RPUNMLTLNHMFFEF96CC,公司田段,42.97,都市：住,,,,00800000
RPRNMLTLNHMFFEF66CC,馬偕段,6.81,都市：工,,,,01960000
RPXNMLTLNHMFFEF27CC,海鷗段,8.96,都市：住,,,,08960000
RPWNMLTLNHMFFEF17CC,海天段,7.71,都市：住,,,,01900000
RPPOMLTLNHMFFEF56CC,海天段,5.09,都市：住,,,,01900000
RPPNMLTLNHMFFDF98CC,智興段,.00,都市：住,,,,01040000
RPQNMLTLNHMFFDF09CC,汐止段街后小段,.00,非都市：山坡地保育區 ; 非都市編定：丙種建築用地,,,,08010000
RPPNMLKMNHMFFHF58CC,仁和段,.00,都市：住,,,,03930000
RPQNMLKMNHMFFHF68CC,頂溪段,.00,都市：住,,,,08350000
RPRNMLKMNHMFFHF78CC,頂溪段,.00,都市：住,,,,08350000
RPSNMLKMNHMFFHF88CC,南山段,.00,都市：住,,,,02770000
RPTNMLKMNHMFFHF98CC,中和段,.00,都市：住,,,,03090000
RPTNMLKMNHMFFHF98CC,中和段,.00,都市：住,,,,03100000
RPRNMLRLNHMFFAF68CC,江子翠段第一崁小段,26.50,都市：住,,,,00980005
RPSNMLRLNHMFFAF78CC,江子翠段第一崁小段,26.50,都市：住,,,,00980006
RPQNMLSLNHMFFAF68CC,中華段,147.17,非都市： ; 非都市編定：,,,,09040000
RPQNMLRLNHMFFAF58CC,文化段,4.87,都市：住,,,,08990000
RPQNMLKMNHMFFEF38CC,海天段,12.96,都市：住,,,,01900000
RPWNMLKMNHMFFHF66CC,景福段,.00,都市：住,,,,08470000
RPTNMLLMNHMFFHF09CC,保健段,.00,都市：商,,,,09950000
RPTNMLLMNHMFFHF09CC,保健段,.00,都市：商,,,,09950001
RPSNMLLMNHMFFHF98CC,福祥段,.00,都市：住,,,,04660001
RPVNMLKMNHMFFHF56CC,永安段,.00,都市：商,,,,04800000
RPVNMLKMNHMFFHF56CC,永安段,.00,都市：商,,,,04830000
RPXNMLKMNHMFFHF76CC,大同段,.00,都市：住,,,,02080000
RPUNMLKMNHMFFHF09CC,中和段,.00,都市：住,,,,03090000
RPUNMLKMNHMFFHF09CC,中和段,.00,都市：住,,,,03100000
RPVNMLLMNHMFFHF66CC,南山段,.00,都市：住,,,,01480000
RPWNMLLMNHMFFHF76CC,台貿段,.00,都市：住,,,,13230000
RPXNMLLMNHMFFHF86CC,中正段,.00,都市：住,,,,04000000
RPOPMLLMNHMFFHF78CC,永安段,.00,都市：商,,,,02470000
RPORMLLMNHMFFHF98CC,中原段,.00,都市：工,,,,07430000
RPWPMLPLNHMFFDF07EC,保長段,7.56,都市：住,,,,09950000
RPOOMLLMNHMFFDF48EC,保長段,7.56,都市：住,,,,09950000
RPVPMLPLNHMFFDF96EC,保長段,10.74,都市：住,,,,10540000
RPOOMLQLNHMFFDF88EC,福德段,22.00,都市：住,,,,05720000
RPWNMLLMNHMFFEF09CC,鄧公段,180.23,都市：住,,,,02090000
RPVNMLLMNHMFFEF98CC,海鷗段,24.93,都市：住,,,,10150000
RPXNMLLMNHMFFEF56CC,新市段,26.73,都市：住,,,,02110000
RPPOMLLMNHMFFAF08CC,介壽段,.00,都市：商,,,,01770000
RPTOMLLMNHMFFCF68CC,寶元段,.00,都市：工,,,,05130000
RPWNMLLMNHMFFCF88CC,雙城段,36.77,都市：其他:,,,,12780000
RPTPMLLMNHMFFAF58CC,中山段,13.38,都市：住,,,,10840000
RPRPMLLJOHMFFAF18CC,埔墘段,50.00,都市：住,,,,00330149
RPXNMLLJOHMFFBF68CC,中原段,.00,都市：商,,,,01750000
RPTPMLLJOHMFFIF56CC,安溪段,72.52,都市：住,,,,07930000
RPTPMLLJOHMFFIF56CC,安溪段,44.47,都市：住,,,,07940000
RPSOMLLJOHMFFCF48DC,寶強段,.58,都市：住,,,,10410000
RPSOMLLJOHMFFCF48DC,寶強段,15.33,都市：住,,,,10420000
RPTOMLLJOHMFFCF58DC,寶強段,.58,都市：住,,,,10410000
RPTOMLLJOHMFFCF58DC,寶強段,15.33,都市：住,,,,10420000
RPTOMLMJOHMFFIF56CC,大同段,25.75,都市：住,,,,05510000
RPTNMLMJOHMFFHF98CC,林森段,.00,都市：其他:市場用地,,,,03540000
RPSQMLMJOHMFFAF48CC,幸福段,.00,都市：住,,,,01220000
RPROMLMJOHMFFCF38CC,復興段,.00,都市：工,,,,05150000
RPPNMLMJOHMFFGF48CC,光興段,.00,都市：商,,,,09980000
RPSNMLMJOHMFFGF78CC,正義段,.00,都市：住,,,,04100000
RPTPMLMJOHMFFEF88CC,新興段,.00,都市：住,,,,06470000
RPTPMLMJOHMFFEF88CC,新興段,.00,都市：其他:道路用地,,,,06470001
RPRQMLMJOHMFFEF78CC,公司田段,21.12,都市：住,,,,01880000
RPPNMLNJOHMFFEF38CC,公司田段,30.31,都市：住,,,,00270000
RPUPMLLJOHMFFBF58CC,建林段,8.51,都市：商,,,,00160000
RPPPMLMJOHMFFDF38CC,智興段,7.14,都市：住,,,,02890000
RPROMLNJOHMFFDF58CC,福德段,3.92,都市：其他:,,,,11390000
RPQPMLMJOHMFFDF48CC,智興段,6.21,都市：住,,,,01040000
RPTNMLTLNHMFFDF76CC,昊天段,200.09,都市：工,,,,08720000
RPTNMLTLNHMFFDF76CC,同新段,6.24,都市：工,,,,00060000
RPVNMLNJOHMFFBF68CC,芳洲段,.00,都市：商,,,,01360000
RPOOMLNJOHMFFBF08CC,御史段,.00,都市：住,,,,04340000
RPWNMLNJOHMFFBF78CC,芳洲段,.00,都市：商,,,,01360000
RPXNMLNJOHMFFBF88CC,芳洲段,.00,都市：住,,,,01600000
RPTOMLNJOHMFFBF58CC,芳洲段,.00,都市：住,,,,00300000
RPQOMLNJOHMFFBF28CC,芳洲段,.00,都市：住,,,,02580000
RPSOMLNJOHMFFBF48CC,芳洲段,.00,都市：住,,,,01240000
RPSOMLNJOHMFFAF48DC,江子翠段第三崁小段,13.00,都市：住,,,,02140005
RPSOMLNJOHMFFAF48DC,江子翠段第三崁小段,4.19,都市：住,,,,02140017
RPWOMLNJOHMFFBF98DC,福營段,9.45,都市：工,,,,08000000
RPOPMLNJOHMFFBF28DC,光明段,15.75,都市：住,,,,10700000
RPQNMLPJOHMFFAF48EC,振興段,14.45,都市：住,,,,00610000
RPXNMLPJOHMFFIF17CC,二橋段,.00,都市：住,,,,00180000
RPQOMLPJOHMFFIF56CC,和平段,3.36,都市：住,,,,00830000
RPROMLPJOHMFFIF66CC,大學段二小段,8.87,都市：商,,,,00980000
RPUOMLPJOHMFFIF96CC,大學段二小段,5.80,都市：住,,,,00360007
RPUOMLPJOHMFFIF96CC,大學段二小段,.59,都市：住,,,,00360008
RPUOMLPJOHMFFIF96CC,大學段二小段,.45,都市：住,,,,00360011
RPWOMLPJOHMFFIF17CC,大學段二小段,16.06,都市：商,,,,00900000
RPXOMLPJOHMFFIF27CC,和平段,7.30,都市：住,,,,06840000
RPPPMLPJOHMFFIF56CC,中園段,16.42,都市：商,,,,01130000
RPTOMLLMNHMFFHF56CC,華新段,.00,都市：住,,,,12780000
RPOOMLLMNHMFFHF68CC,保健段,.00,都市：住,,,,01050000
RPOOMLLMNHMFFHF68CC,保健段,.00,都市：商,,,,01080002
RPQOMLLMNHMFFHF88CC,信義段,27.69,都市：住,,,,00910000
RPWOMLLMNHMFFHF86CC,保健段,.00,都市：住,,,,02310000
RPWOMLLMNHMFFHF86CC,保健段,.00,都市：住,,,,02300000
RPUOMLLMNHMFFHF66CC,華中段,26.89,都市：住,,,,00610000
RPRNMLPJOHMFFDF68CC,智興段,.00,都市：商,,,,05110000
RPUNMLPJOHMFFCF88CC,新坡段,.00,都市：住,,,,00610000
RPTNMLPJOHMFFDF88CC,智興段,.00,都市：商,,,,04860000
RPVNMLPJOHMFFCF98CC,新坡段,.00,都市：住,,,,00610000
RPWNMLPJOHMFFCF09CC,新坡段,.00,都市：住,,,,00610000
RPXNMLPJOHMFFCF56CC,新坡段,.00,都市：住,,,,00610000
RPSOMLPJOHMFFCF78CC,新坡段,.00,都市：住,,,,00610000
RPXOMLNJOHMFFBF98CC,成功段,.00,都市：住,,,,05580000
RPVOMLNJOHMFFBF78CC,中原段,.00,都市：住,,,,03340000
RPOPMLPJOHMFFAF28CC,文化段,22.00,都市：住,,,,27990000
RPOTMLPJOHMFFBF78CC,五工段,1132.00,非都市：工業區 ; 非都市編定：丁種建築用地,,,,01460000
RPSOMLPJOHMFFBF68CC,副都心段一小段,.00,都市：商,,,,00120000
RPOOMLPJOHMFFBF28CC,中原段,.00,都市：住,,,,03340000
RPSRMLPJOHMFFBF98CC,中山段,101.73,都市：住,,,,03280000
RPPUMLPJOHMFFBF98CC,福營段,.00,都市：工,,,,05550000
RPPPMLPJOHMFFAF38CC,文化段,109.10,都市：住,,,,27990000
RPQNMLQJOHMFFBF48CC,五工段,.00,非都市：工業區 ; 非都市編定：丁種建築用地,,,,05560004
RPVOMLQJOHMFFAF98CC,文化段,.00,都市：住,,,,11980000
RPWNMLQJOHMFFBF09CC,芳洲段,.00,都市：住,,,,01700000
RPRPMLQJOHMFFBF78CC,力行段,10.81,都市：住,,,,09590000
RPOPMLQJOHMFFBF48CC,黎明段,.00,都市：住,,,,11750000
RPPOMLQJOHMFFBF48CC,力行段,8.63,都市：住,,,,09590000
RPXNMLQJOHMFFBF56CC,芳洲段,.00,都市：住,,,,01600000
RPXPMLQJOHMFFBF76CC,力行段,9.04,都市：商,,,,08190000
RPOPMLQJOHMFFHF56DC,水源段,19.28,都市：商,,,,06480000
RPVNMLQJOHMFFDF76EC,中正段,34.50,都市：住,,,,16060000
RPROMLRJOHMFFHF76CC,台貿段,.00,都市：住,,,,06740000
RPXOMLRJOHMFFHF37CC,瓦?段,263.00,都市：住,,,,00490000
RPSNMLRJOHMFFBF78CC,建林段,.09,都市：商,,,,03800000
RPSNMLRJOHMFFBF78CC,建林段,11.89,都市：商,,,,03800001
RPSOMLSJOHMFFCF09CC,行政段,.00,都市：住,,,,08180000
RPROMLSJOHMFFCF98CC,明德段,61.64,都市：其他:第四種住宅,,,,04310000
RPWOMLSJOHMFFCF86CC,新坡段,.00,都市：住,,,,00610000
RPVNMLRJOHMFFEF76CC,淡海段,20.60,都市：住,,,,00530000
RPUQMLQJOHMFFEF86CC,公司田段,.00,都市：住,,,,00100000
RPQNMLNJOHMFFEF48CC,新市段,33.59,都市：住,,,,00120000
RPPOMLQJOHMFFEF78CC,長興段,7.82,都市：住,,,,04510000
RPPOMLQJOHMFFEF78CC,長興段,.26,都市：住,,,,04510001
RPSPMLSJOHMFFGF96CC,鷺江段,.00,都市：商,,,,04790000
RPSPMLSJOHMFFGF96CC,鷺江段,.00,都市：商,,,,04800000
RPUPMLSJOHMFFGF17CC,仁義段,.00,都市：住,,,,05710000
RPPNMLSJOHMFFAF48CC,文化段,.00,都市：住,,,,11980000
RPQNMLSJOHMFFAF58CC,大安段,51.64,都市：工,,,,07450000
RPPOMLSJOHMFFAF58CC,幸福段,.00,都市：住,,,,09230000
RPSOMLSJOHMFFAF88CC,幸福段,.00,都市：住,,,,09230000
RPTOMLSJOHMFFAF98CC,幸福段,.00,都市：住,,,,09230000
RPRNMLSJOHMFFEF09CC,公司田段,.00,都市：住,,,,00240000
RPPOMLSJOHMFFEF98CC,馬偕段,5.67,都市：工,,,,01960000
RPQOMLSJOHMFFEF09CC,馬偕段,12.59,都市：工,,,,01960000
RPTPMLSJOHMFFCF66CC,寶橋段,.00,都市：工,,,,02900000
RPPPMLSJOHMFFCF88CC,香坡段,.00,非都市：山坡地保育區 ; 非都市編定：林業用地,,,,00710000
RPPPMLSJOHMFFCF88CC,香坡段,.00,非都市：山坡地保育區 ; 非都市編定：丙種建築用地,,,,00720000
RPPPMLSJOHMFFCF88CC,香坡段,.00,非都市：山坡地保育區 ; 非都市編定：遊憩用地,,,,00730000
RPPPMLSJOHMFFCF88CC,香坡段,.00,非都市：山坡地保育區 ; 非都市編定：林業用地,,,,00750000
RPPPMLSJOHMFFCF88CC,香坡段,.00,非都市：山坡地保育區 ; 非都市編定：丙種建築用地,,,,00760000
RPPPMLSJOHMFFCF88CC,香坡段,.00,非都市：山坡地保育區 ; 非都市編定：丙種建築用地,,,,00770000
RPPPMLSJOHMFFCF88CC,香坡段,.00,非都市：山坡地保育區 ; 非都市編定：林業用地,,,,00780000
RPPPMLSJOHMFFCF88CC,香坡段,.00,非都市：山坡地保育區 ; 非都市編定：丙種建築用地,,,,00790000
RPPPMLSJOHMFFCF88CC,香坡段,.00,非都市：山坡地保育區 ; 非都市編定：林業用地,,,,00800000
RPPPMLSJOHMFFCF88CC,香坡段,.00,非都市：山坡地保育區 ; 非都市編定：丙種建築用地,,,,00810000
RPPPMLSJOHMFFCF88CC,香坡段,.00,非都市：山坡地保育區 ; 非都市編定：遊憩用地,,,,00820000
RPPPMLSJOHMFFCF88CC,香坡段,.00,非都市：山坡地保育區 ; 非都市編定：林業用地,,,,00850000
RPPPMLSJOHMFFCF88CC,香坡段,.00,非都市：山坡地保育區 ; 非都市編定：林業用地,,,,00870000
RPTOMLSJOHMFFBF09CC,佳林段,39.23,都市：住,,,,09550000
RPWOMLSJOHMFFBF76CC,麗林段,34.30,都市：商,,,,04070000
RPVNMLSJOHMFFBF56CC,豐年段,.00,都市：住,,,,05060000
RPPPMLSJOHMFFBF78CC,新工段一小段,.00,非都市：工業區 ; 非都市編定：丁種建築用地,,,,00050000
RPXOMLSJOHMFFBF86CC,建林段,32.10,都市：住,,,,08630000
RPXPMLSJOHMFFBF96CC,自立段,.00,都市：住,,,,09230000
RPSRMLSJOHMFFBF66CC,中原段,26.14,都市：商,,,,01710000
RPSNMLSJOHMFFDF09CC,智興段,3.55,都市：商,,,,04410000
RPTRMLSJOHMFFBF76CC,榮富段,68.00,都市：住,,,,07700000
RPTNMLSJOHMFFDF56CC,智興段,.00,都市：住,,,,11610000
RPVNMLSJOHMFFHF17CC,健康段,.00,都市：工,,,,11020000
RPROMLSJOHMFFHF86CC,信和段,.00,都市：住,,,,02500000
RPURMLSJOHMFFHF57DC,永安段,1.96,都市：商,,,,10030000
RPURMLSJOHMFFHF57DC,中安段,4.34,都市：商,,,,00540000
RPQNMLTJOHMFFIF86CC,大安段,.00,都市：工,,,,02030000
RPRNMLTJOHMFFIF96CC,大安段,.00,都市：工,,,,02030000
RPPNMLTJOHMFFHF66CC,信義段,.00,都市：住,,,,04460000
RPQNMLTJOHMFFHF76CC,信和段,.00,都市：住,,,,00710000
RPQNMLTJOHMFFHF76CC,信和段,.00,都市：住,,,,00730000
RPWOMLTJOHMFFIF57CC,中華段,.00,都市：住,,,,02950000
RPPNMLTJOHMFFDF88CC,智興段,.00,都市：住,,,,00720000
RPVRMLTJOHMFFHF67CC,永福段,.00,都市：商,,,,07770000
RPVRMLTJOHMFFHF67CC,永福段,.00,都市：住,,,,07770001
RPRRMLTJOHMFFHF27CC,中信段,.00,都市：商,,,,00110000
RPORMLSJOHMFFCF98CC,寶橋段,.00,都市：工,,,,05270000
RPXPMLSJOHMFFCF07CC,新坡段,.00,都市：住,,,,00610000
RPVPMLSJOHMFFCF86CC,新坡段,.00,都市：住,,,,00610000
RPSNMLTJOHMFFAF88CC,廷寮段,.00,都市：住,,,,00890000
RPOOMLTJOHMFFEF98CC,鄧公段,5.10,都市：住,,,,03090000
RPWNMLTJOHMFFEF07CC,馬偕段,7.26,都市：工,,,,01960000
RPTNMLTJOHMFFAF98CC,光仁段,9.24,都市：住,,,,26290000
RPTNMLTJOHMFFAF98CC,光仁段,8.29,都市：住,,,,26280000
RPOPMLTJOHMFFAF68CC,江子翠段第三崁小段,7.35,都市：商,,,,03540000
RPQNMLKKOHMFFAF87CC,光仁段,.00,都市：工,,,,18300000
RPSNMLTJOHMFFGF86CC,菜寮段,.00,都市：其他:,,,,04480000
RPSNMLTJOHMFFGF86CC,菜寮段,.00,都市：其他:,,,,04480001
RPQNMLKKOHMFFEF28CC,正德段,1.04,都市：住,,,,07470000
RPQNMLKKOHMFFEF28CC,正德段,5.99,都市：住,,,,07480000
RPRNMLKKOHMFFEF38CC,大義段,31.69,都市：住,,,,05810000
RPSNMLKKOHMFFEF48CC,紅毛城段,6.39,都市：住,,,,05330000
RPRPMLPJOHMFFCF78CC,新坡段,.00,都市：住,,,,00610000
RPQPMLPJOHMFFCF68CC,新坡段,.00,都市：住,,,,00610000
RPTOMLRJOHMFFCF09CC,秀水段,.00,都市：住,,,,10110000
RPTOMLPJOHMFFCF88CC,新坡段,.00,都市：住,,,,00610000
RPSNMLLKOHMFFCF38CC,中正段,6.14,都市：其他:,,,,01650000
RPPNMLKKOHMFFDF08CC,智興段,.00,都市：商,,,,04710000
RPPNMLKKOHMFFDF08CC,智興段,.00,都市：住,,,,04760000
RPQOMLMKOHMFFCF38CC,寶強段,503.43,都市：住,,,,08530000
RPUNMLMKOHMFFCF68CC,復興段,.00,都市：工,,,,05880000
RPQPMLMKOHMFFCF48CC,中正段,.00,都市：住,,,,01650001
RPWNMLMKOHMFFEF09CC,關渡段,.00,都市：住,,,,01460000
RPRQMLMKOHMFFEF88CC,水仙段,1.99,都市：住,,,,00670000
RPRQMLMKOHMFFEF88CC,水仙段,.36,都市：住,,,,00670003
RPOPMLMKOHMFFDF38CC,智興段,.00,都市：商,,,,02650000
RPOPMLMKOHMFFDF38CC,智興段,.00,都市：其他:,,,,02650001
RPUQMLMKOHMFFEF56CC,海天段,13.02,都市：住,,,,02250000
RPSPMLMKOHMFFDF78CC,昊天段,.00,都市：工,,,,08720000
RPSPMLMKOHMFFDF78CC,同新段,.00,都市：工,,,,00060000
RPTOMLKKOHMFFBF38CC,榮富段,4.66,都市：住,,,,09290000
RPTQMLMKOHMFFBF78CC,自立段,.00,都市：商,,,,10520000
RPTTMLTJOHMFFBF07CC,貴和段,29.94,都市：商,,,,05390000
RPTTMLTJOHMFFBF07CC,貴和段,18.12,都市：住,,,,05330000
RPTTMLTJOHMFFBF07CC,貴和段,.10,都市：商,,,,15520000
RPVRMLMKOHMFFBF09CC,立言段,114.13,都市：住,,,,01570000
RPSOMLKKOHMFFBF28CC,和平段,9.43,都市：住,,,,07710000
RPQOMLKKOHMFFBF08CC,思賢段,19.99,都市：住,,,,01490000
RPPOMLKKOHMFFBF97CC,榮富段,25.03,都市：住,,,,06470000
RPROMLKKOHMFFBF18CC,信華段一小段,13.58,都市：住,,,,00090000
RPWPMLTJOHMFFBF96CC,國宅段,28.55,都市：住,,,,00970001
RPSOMLTJOHMFFBF09CC,建林段,20.87,都市：住,,,,04700000
RPXNMLMKOHMFFHF96DC,樂華段,.00,都市：商,,,,11620000
RPXOMLMKOHMFFIF07CC,和平段,.00,都市：住,,,,02790000
RPXNMLMKOHMFFHF96DC,樂華段,.00,都市：商,,,,11610000
RPSNMLMKOHMFFHF98CC,信義段,.00,都市：商,,,,05040000
RPPQMLNKOHMFFAF58EC,江子翠段第三崁小段,7.37,都市：商,,,,01270003
RPPQMLNKOHMFFAF58EC,江子翠段第三崁小段,3.28,都市：商,,,,01270002
RPPQMLNKOHMFFAF58EC,江子翠段第三崁小段,10.20,都市：商,,,,01270000
RPPONLNKOHMFFBF38CC,和平段,36.72,都市：住,,,,07890000
RPRSMLNKOHMFFBF88CC,力行段,.00,都市：商,,,,00930000
RPQNMLNKOHMFFDF48CC,智興段,.00,都市：住,,,,01040000
RPWNNLNKOHMFFBF98CC,副都心段一小段,8.03,都市：商,,,,03700000
RPWOMLMKOHMFFHF86CC,中興段,.00,都市：其他:道路用地,,,,03910000
RPWOMLMKOHMFFHF86CC,中興段,.00,都市：住,,,,03920000
RPWOMLMKOHMFFHF86CC,中興段,.00,都市：住,,,,04720000
RPWNMLNKOHMFFHF86CC,大新段,.00,都市：商,,,,00540000
RPPPMLMKOHMFFHF88CC,華新段,.00,都市：住,,,,08240000
RPXOMLMKOHMFFHF96CC,華福段,.00,都市：住,,,,03180000
RPROMLNKOHMFFCF58CC,中正段,.00,都市：住,,,,01650001
RPROMLNKOHMFFCF58CC,中正段,23.05,都市：其他:捷運系統用地,,,,01650000
RPROMLNKOHMFFCF58CC,中華段,4.70,都市：其他:捷運系統用地,,,,07500000
RPWNMLNKOHMFFEF56CC,公司田段,.00,都市：住,,,,01880000
RPXPMLNKOHMFFEF86CC,公司田段,28.11,都市：住,,,,01330000
RPRQMLNKOHMFFEF98CC,新興段,6.03,都市：住,,,,09030000
RPUNMLOKOHMFFDF98CC,同新段,273.16,都市：工,,,,00130000
RPWNMLOKOHMFFDF56CC,工建段,81.88,都市：工,,,,01610000
RPWNMLOKOHMFFDF56CC,工建段,81.88,都市：工,,,,01610000
RPOOMLOKOHMFFDF48CC,同新段,7.84,都市：工,,,,00130000
RPQOMLOKOHMFFDF68CC,福德段,20.60,都市：住,,,,05720000
RPXQMLOKOHMFFBF76CC,泰山段一小段,26.50,都市：住,,,,06600011
RPWQMLNKOHMFFEF86CC,公司田段,25.01,都市：住,,,,00240000
RPWPMLOKOHMFFEF86CC,海天段,23.91,都市：住,,,,01820002
RPXNMLOKOHMFFEF76CC,公司田段,21.87,都市：住,,,,01340000
RPOOMLOKOHMFFEF58CC,新興段,4.54,都市：住,,,,06470000
RPSOMLOKOHMFFEF98CC,公司田段,.26,都市：住,,,,01880000
RPOOMLOKOHMFFEF58CC,新興段,.01,都市：住,,,,06470001
RPOQMLOKOHMFFEF78CC,海天段,12.72,都市：住,,,,01900000
RPXNMLOKOHMFFHF07CC,板南段,26.33,都市：工,,,,03110000
RPOOMLOKOHMFFHF88CC,板南段,28.72,都市：工,,,,03110000
RPXNMLPKOHMFFHF17CC,健康段,.00,都市：工,,,,04830000
RPTPMLPKOHMFFHF96CC,健康段,.00,都市：工,,,,11590000
RPVNMLPKOHMFFHF96CC,健康段,.00,都市：工,,,,11590000
RPSRMLOKOHMFFEF66CC,關渡段,.00,都市：住,,,,06630000
RPQQMLNKOHMFFAF68EC,員和段,23.57,都市：住,,,,10290000
RPUOMLPKOHMFFAF09EC,中正段,36.22,都市：住,,,,06070000
RPSQMLPKOHMFFEF66CC,馬偕段,8.39,都市：工,,,,01960000
RPWQMLPKOHMFFEF07CC,馬偕段,5.67,都市：工,,,,01960000
RPXOMLPKOHMFFCF76CC,復興段,.00,都市：工,,,,05570000
RPXOMLPKOHMFFGF17CC,正義段,.00,都市：住,,,,05470000
RPQOMLNKOHMFFIF09CC,仁愛段,58.00,都市：住,,,,01220000
RPQOMLNKOHMFFIF09CC,仁愛段,66.20,都市：住,,,,01230000
RPQOMLNKOHMFFIF09CC,仁愛段,19.94,都市：其他:保護區,,,,01230001
RPQOMLNKOHMFFIF09CC,仁愛段,.84,都市：住,,,,01230002
RPWOMLQKOHMFFAF56CC,文化段,24.03,都市：住,,,,09370000
RPQPMLPKOHMFFAF58CC,安和段,699.62,都市：住,,,,07540000
RPRNMLQKOHMFFGF56CC,中民段,.00,都市：商,,,,00060000
RPSNMLQKOHMFFGF66CC,興德段,.00,都市：工,,,,06800000
RPSOMLQKOHMFFEF56CC,馬偕段,5.67,都市：工,,,,01960000
RPTNMLQKOHMFFEF56CC,馬偕段,6.81,都市：工,,,,01960000
RPPNMLQKOHMFFDF68CC,同新段,.00,都市：工,,,,00130000
RPTOMLQKOHMFFDF56CC,金龍段,.00,都市：住,,,,01350000
RPPOMLQKOHMFFHF56CC,中安段,.00,都市：住,,,,02920000
RPPOMLQKOHMFFHF56CC,中安段,.00,都市：住,,,,02930000
RPPOMLQKOHMFFHF56CC,中安段,.00,都市：住,,,,02940000
RPPOMLQKOHMFFHF56CC,中安段,.00,都市：住,,,,02950000
RPPPMLQKOHMFFDF09EC,保長段,35.69,都市：住,,,,09950000
RPQPMLQKOHMFFDF56EC,保長段,15.16,都市：住,,,,09950000
RPRPMLQKOHMFFDF66EC,保長段,6.71,都市：住,,,,09950000
RPPNMLRKOHMFFDF78CC,智興段,.00,都市：商,,,,04860000
RPPNMLRKOHMFFBF58CC,和平段,38.18,都市：住,,,,06590000
RPQNMLRKOHMFFBF68CC,中原段,33.47,都市：住,,,,00870000
RPRNMLRKOHMFFBF78CC,副都心段五小段,20.74,都市：住,,,,00080000
RPSNMLRKOHMFFBF88CC,榮富段,15.84,都市：住,,,,08460000
RPUNMLRKOHMFFBF09CC,信華段一小段,27.89,都市：住,,,,00260000
RPWNMLRKOHMFFBF66CC,信華段一小段,20.91,都市：住,,,,00260000
RPXNMLRKOHMFFBF76CC,副都心段一小段,8.25,都市：商,,,,00110000
RPRTMLOKOHMFFBF09CC,明志段,21.95,都市：住,,,,03300000
RPRSMLOKOHMFFBF98CC,同興段,15.42,都市：商,,,,01560000
RPTRMLOKOHMFFBF09CC,貴和段,38.74,都市：住,,,,03570000
RPRNNLPKOHMFFBF68CC,建林段,35.74,都市：住,,,,04720000
RPQUMLPKOHMFFBF56CC,佳林段,.00,都市：其他:(建成商業區),,,,09090000
RPWQMLPKOHMFFBF76CC,和平段,.00,都市：住,,,,07890000
RPUQMLQKOHMFFBF66CC,中原段,40.32,都市：住,,,,01510000
RPSNNLOKOHMFFBF68CC,建林段,22.83,都市：住,,,,02910000
RPPOMLRKOHMFFBF68CC,和平段,14.25,都市：住,,,,00010000
RPUQMLPKOHMFFBF56CC,和平段,.00,都市：住,,,,07890000
RPOOMLRKOHMFFBF58CC,中原段,38.44,都市：住,,,,03260000
RPQOMLRKOHMFFBF78CC,副都心段五小段,20.74,都市：住,,,,00080000
RPROMLRKOHMFFBF88CC,中誠段,24.40,都市：住,,,,05600000
RPTPMLTKOHMFFEF07CC,海天段,14.16,都市：住,,,,02720005
RPPNMLSKOHMFFCF78CC,莊敬段,.00,都市：住,,,,03170000
RPSOMLRKOHMFFBF98CC,榮富段,17.18,都市：住,,,,08680000
RPSPMLTKOHMFFDF86CC,福德段,.00,都市：住,,,,11680000
RPPNMLTKOHMFFDF98CC,智興段,.00,都市：商,,,,04710000
RPPNMLTKOHMFFDF98CC,智興段,.00,都市：住,,,,04760000
RPUPMLTKOHMFFEF17CC,海天段,8.95,都市：住,,,,05480000
RPUOMLTKOHMFFHF37CC,保平段,.00,都市：商,,,,05250000
RPWUMLTKOHMFFBF57CC,國宅段,5.55,都市：住,,,,00170002
RPPNMLTKOHMFFIF86CC,復興段,72.00,都市：商,,,,07180000
RPVONLTKOHMFFBF07DC,建林段,20.49,都市：住,,,,04660000
RPUWMLTKOHMFFBF57CC,力行段,15.08,都市：住,,,,00210000
RPTONLTKOHMFFBF76CC,建林段,.00,都市：住,,,,00930000
RPUOMLKLOHMFFDF98EC,保長段,8.37,都市：住,,,,10540000
RPTOMLKLOHMFFDF88EC,保長段,7.81,都市：住,,,,09950000
RPVOMLKLOHMFFDF09EC,保長段,7.56,都市：住,,,,09950000
RPROMLKLOHMFFDF48CC,工建段,24.51,都市：工,,,,01910000
RPVPMLKLOHMFFBF78CC,黎明段,.00,都市：住,,,,05110000
RPOQMLKLOHMFFEF48CC,竹圍段,.00,都市：住,,,,08950000
RPOOMLKLOHMFFGF48CC,興德段,.00,都市：工,,,,02450000
RPTOMLKLOHMFFEF78CC,海天段,.02,都市：住,,,,06420000
RPTOMLKLOHMFFEF78CC,海天段,.00,都市：住,,,,06420003
RPTOMLKLOHMFFEF78CC,海天段,2.62,都市：住,,,,06530000
RPTOMLKLOHMFFEF78CC,海天段,.19,都市：住,,,,06530004
RPTOMLKLOHMFFEF78CC,海天段,.01,都市：住,,,,06530005
RPVOMLLLOHMFFEF09CC,新興段,11.42,都市：住,,,,10780000
RPSNMLLLOHMFFEF68CC,新市段,23.62,都市：住,,,,00870000
RPSPMLLLOHMFFEF88CC,公司田段,12.16,都市：住,,,,01880000
RPRRMLLLOHMFFBF68CC,建林段,30.96,都市：住,,,,06110000
RPSWMLKLOHMFFBF56CC,建林段,42.37,都市：住,,,,08630000
RPSNMLLLOHMFFDF58CC,智興段,.00,都市：住,,,,01040000
RPTNMLLLOHMFFDF68CC,智興段,.00,都市：住,,,,01040000
RPOPMLLLOHMFFAF28EC,江子翠段第一崁小段,18.50,都市：住,,,,01020059
RPPPMLLLOHMFFAF38EC,員和段,.51,都市：住,,,,11790000
RPPPMLLLOHMFFAF38EC,員和段,.29,都市：住,,,,11850000
RPPPMLLLOHMFFAF38EC,員和段,.81,都市：住,,,,11870000
RPPPMLLLOHMFFAF38EC,員和段,1.13,都市：住,,,,11880000
RPPPMLLLOHMFFAF38EC,員和段,.66,都市：住,,,,11890000
RPPPMLLLOHMFFAF38EC,員和段,.46,都市：住,,,,11900000
RPQPMLLLOHMFFAF48EC,大安段,51.64,都市：工,,,,07450000
RPRNMLLLOHMFFHF88CC,永平段,89.56,都市：商,,,,05280000
RPSOMLLLOHMFFHF09CC,大新段,.00,都市：商,,,,00580000
RPSOMLLLOHMFFHF09CC,大新段,.00,都市：商,,,,00590000
RPQPMLMLOHMFFHF09CC,保生段,23.67,都市：住,,,,03690000
RPTPMLMLOHMFFHF76CC,永平段,.00,都市：商,,,,08060000
RPOQMLMLOHMFFHF98CC,復興段,.00,都市：住,,,,09780000
RPXPMLMLOHMFFHF17CC,華中段,24.46,都市：住,,,,00600000
RPSQMLMLOHMFFHF76CC,得林段,15.56,都市：住,,,,00010000
RPUQMLMLOHMFFHF96CC,台貿段,.00,都市：住,,,,03430000
RPVQMLMLOHMFFHF07CC,圓通段,.00,都市：住,,,,07070000
RPXNMLMLOHMFFDF56CC,智興段,.00,都市：商,,,,04410000
RPUQMLMLOHMFFBF98CC,中原段,.00,都市：商,,,,01930000
RPXQMLMLOHMFFHF27CC,民樂段,.00,都市：住,,,,07850000
RPTNMLMLOHMFFAF48CC,民權段,62.00,都市：住,,,,03460000
RPOQMLNLOHMFFAF38CC,介壽段,3.94,都市：商,,,,08230000
RPOQMLNLOHMFFAF38CC,介壽段,.03,都市：其他:道路用地,,,,08230002
RPOQMLLLOHMFFEF58CC,公司田段,13.06,都市：住,,,,01880000
RPUPMLLLOHMFFEF09CC,公司田段,16.42,都市：住,,,,01880000
RPSPMLNLOHMFFGF66CC,中原段,.00,都市：住,,,,03420000
RPROMLNLOHMFFDF78CC,福德段,.00,都市：住,,,,06420000
RPUOMLNLOHMFFDF09CC,智興段,.00,都市：商,,,,02650000
RPUOMLNLOHMFFDF09CC,智興段,.00,都市：其他:道路用地,,,,02650001
RPPNMLOLOHMFFDF58CC,新峰段,.00,都市：住,,,,17690000
RPPNMLOLOHMFFDF58CC,新峰段,.00,都市：住,,,,17700000
RPPNMLOLOHMFFDF58CC,新峰段,.00,都市：住,,,,17710001
RPWOMLNLOHMFFCF56CC,復興段,.00,都市：工,,,,00820000
RPPNMLPLOHMFFDF68CC,福德段,15.87,都市：住,,,,05860000
RPVNMLMLOHMFFCF88CC,北新段,.00,都市：住,,,,02880000
RPPPMLLLOHMFFCF38CC,寶橋段,.00,都市：工,,,,04510000
RPPPMLLLOHMFFCF38CC,寶橋段,.00,都市：工,,,,04530000
RPVPMLLLOHMFFCF98CC,中正段,.00,都市：其他:捷運系統用地,,,,01650000
RPXOMLLLOHMFFCF09CC,寶強段,.00,都市：商,,,,06010002
RPXOMLLLOHMFFCF09CC,寶強段,.00,都市：商,,,,06010000
RPXOMLLLOHMFFCF09CC,寶強段,.00,都市：商,,,,06010001
RPXOMLLLOHMFFCF09CC,寶強段,.00,都市：商,,,,06010003
RPQPMLLLOHMFFCF48CC,寶強段,.00,都市：商,,,,06010000
RPQPMLLLOHMFFCF48CC,寶強段,.00,都市：商,,,,06010001
RPQPMLLLOHMFFCF48CC,寶強段,.00,都市：商,,,,06010002
RPQPMLLLOHMFFCF48CC,寶強段,.00,都市：商,,,,06010003
RPSNMLQLOHMFFAF78CC,民權段,.00,都市：住,,,,03030000
RPPNMLPLOHMFFAF38CC,青雲段,63.64,都市：商,,,,02400000
RPTNMLQLOHMFFAF88CC,港子嘴段,.00,都市：住,,,,01670000
RPQOMLQLOHMFFAF68CC,中山段,.00,都市：住,,,,01530000
RPTOMLQLOHMFFAF98CC,江子翠段第二崁小段,.00,都市：其他:,,,,02270046
RPQQMLQLOHMFFDF56CC,北山段,166.10,都市：工,,,,13820000
RPQNMLQLOHMFFBF68CC,幸福段,138.74,都市：工,,,,05440000
RPOQMLQLOHMFFBF78CC,副都心段一小段,24.64,都市：商,,,,00120000
RPWPMLQLOHMFFBF86CC,國宅段,29.20,都市：住,,,,00060005
RPTNMLQLOHMFFBF98CC,中原段,.00,都市：住,,,,03340000
RPWOMLQLOHMFFHF37CC,安邦段,.00,都市：住,,,,01350000
RPWNMLQLOHMFFHF27CC,四維段,.00,都市：住,,,,04520000
RPOPMLQLOHMFFHF66CC,公園段,.00,都市：住,,,,04670000
RPPPMLQLOHMFFHF76CC,大智段,.00,都市：住,,,,06450000
RPQPMLQLOHMFFHF86CC,板南段,.00,都市：工,,,,03820000
RPQPMLQLOHMFFHF86CC,板南段,.00,都市：其他:道路用地,,,,03820001
RPTOMLQLOHMFFIF17CC,大學段二小段,21.63,都市：商,,,,00960000
RPOQMLQLOHMFFEF09CC,淡海段,14.28,都市：住,,,,00530000
RPTPMLQLOHMFFEF86CC,公司田段,47.32,都市：住,,,,00550000
RPUPMLNLOHMFFEF66CC,海天段,8.04,都市：住,,,,05480000
RPXQMLLLOHMFFEF86CC,中興段,.00,非都市： ; 非都市編定：,,,,07130000
RPVQMLLLOHMFFEF66CC,海天段,31.73,都市：住,,,,02250000
RPVOMLQLOHMFFIF37CC,大學段二小段,69.77,都市：住,,,,00560000
RPXNMLRLOHMFFEF27DC,飛歌段,41.14,都市：其他:,,,,08510000
RPQNMLRLOHMFFHF76CC,永平段,6.04,都市：住,,,,07130000
RPQNMLRLOHMFFHF76CC,永平段,.01,都市：其他:道路用地,,,,07130001
RPPNMLRLOHMFFHF66CC,永平段,13.07,都市：住,,,,07130000
RPPNMLRLOHMFFHF66CC,永平段,.01,都市：其他:道路用地,,,,07130001
RPUNMLRLOHMFFDF76CC,北山段,.00,都市：住,,,,05750000
RPVNMLRLOHMFFEF96CC,海鷗段,17.32,都市：住,,,,01770000
RPSNMLRLOHMFFHF96CC,中安段,11.37,都市：住,,,,05720000
RPPPMLRLOHMFFAF78CC,信義段,.00,非都市：一般農業區 ; 非都市編定：特定目的事業用地,,,,01010000
RPQNMLRLOHMFFEF09CC,馬偕段,.00,都市：工,,,,01960000
RPTOMLRLOHMFFAF09CC,亞東段,.00,都市：住,,,,08130000
RPPOMLRLOHMFFCF88CC,明德段,116.78,都市：住,,,,01400000
RPRNMLSLOHMFFGF86CC,中原段,.00,都市：住,,,,03420000
RPQQMLRLOHMFFAF98CC,光仁段,49.37,都市：工,,,,18300000
RPRNMLSLOHMFFAF88CC,中山段,.00,都市：其他:第一種特定專用區,,,,06680000
RPXOMLSLOHMFFDF27CC,智興段,.00,都市：住,,,,13840000
RPOPMLRLOHMFFBF78CC,副都心段一小段,.00,都市：商,,,,02810002
RPPOMLSLOHMFFDF09CC,昊天段,433.32,都市：工,,,,08720000
RPWPMLSLOHMFFDF27CC,智興段,6.08,都市：住,,,,01040000
RPVPMLSLOHMFFDF17CC,智興段,9.58,都市：商,,,,04080000
RPQRMLSLOHMFFAF56CC,成功段,13.28,都市：住,,,,06980000
RPRNMLSLOHMFFBF98CC,泰林段,.00,都市：商,,,,01350000
RPXPMLSLOHMFFDF37CC,智興段,8.16,都市：住,,,,00480000
RPSNMLSLOHMFFBF09CC,芳洲段,.00,都市：住,,,,00300000
RPUOMLSLOHMFFBF76CC,國宅段,19.47,都市：住,,,,00140004
RPVRMLSLOHMFFBF17CC,新工段一小段,.00,非都市：工業區 ; 非都市編定：丁種建築用地,,,,00020000
RPXRMLSLOHMFFBF37CC,五工段,1004.30,非都市：工業區 ; 非都市編定：丁種建築用地,,,,05150000
RPTNMLSLOHMFFBF56CC,芳洲段,.00,都市：商,,,,00800000
RPURMLSLOHMFFBF07CC,福營段,229.83,都市：工,,,,06150000
RPURMLSLOHMFFBF07CC,福營段,245.29,都市：工,,,,06160000
RPTPMLSLOHMFFIF47CC,三福段,.37,都市：住,,,,02880000
RPTPMLSLOHMFFIF47CC,三福段,.21,都市：住,,,,02890000
RPTPMLSLOHMFFIF47CC,三福段,.08,都市：住,,,,02900000
RPTPMLSLOHMFFIF47CC,三福段,10.95,都市：住,,,,02910000
RPXNMLTLOHMFFAF07DC,大庭段,36.25,都市：住,,,,02280000
RPUPMLSLOHMFFIF57CC,三福段,.88,都市：住,,,,02880000
RPUPMLSLOHMFFIF57CC,三福段,.50,都市：住,,,,02890000
RPUPMLSLOHMFFIF57CC,三福段,.19,都市：住,,,,02900000
RPUPMLSLOHMFFIF57CC,三福段,25.56,都市：住,,,,02910000
RPVNMLTLOHMFFDF07CC,智興段,11.83,都市：住,,,,01040000
RPSOMLTLOHMFFAF76EC,信義段,86.00,都市：工,,,,03230000
RPTQMLTLOHMFFEF27CC,鄧公段,.00,非都市： ; 非都市編定：,,,,06300000
RPWPMLTLOHMFFEF47CC,滬尾段,.00,非都市： ; 非都市編定：,,,,08340000
RPXNMLTLOHMFFDF27CC,保長段,12.43,都市：住,,,,07930000
RPSNMLKMOHMFFEF68CC,新市段,20.78,都市：住,,,,00810000
RPQOMLSLOHMFFGF86CC,中興段,.00,都市：工,,,,04340000
RPROMLSLOHMFFGF96CC,興德段,.00,都市：工,,,,03700000
RPUPMLKMOHMFFGF66CC,光華段,.00,都市：住,,,,00070000
RPXSMLSLOHMFFBF57DC,和平段,.00,都市：住,,,,07890000
RPVPMLKMOHMFFEF56CC,新市段,.00,都市：住,,,,00530000
RPPNMLRLOHMFFDF88CC,昊天段,23.30,都市：工,,,,08720000
RPPNMLRLOHMFFDF88CC,同新段,.73,都市：工,,,,00060000
RPUQMLQLOHMFFDF96CC,福德段,.00,都市：商,,,,07700000
RPPNMLMJPHMFFEF38CC,海鷗段,38.85,都市：住,,,,06270000
RPQNMLMJPHMFFEF48CC,公司田段,25.97,都市：住,,,,00800000
RPRNMLMJPHMFFEF58CC,海天段,5.09,都市：住,,,,01900000
RPSNMLMJPHMFFEF68CC,水仙段,13.45,都市：住,,,,03190000
RPTNMLMJPHMFFEF78CC,新市段,23.61,都市：住,,,,00450000
RPPNMLNJPHMFFDF38CC,智興段,.00,都市：商,,,,05110000
RPQNMLNJPHMFFDF48CC,智興段,.00,都市：住,,,,12280000
RPPOMLNJPHMFFDF48CC,大同段,.81,都市：住,,,,03800000
RPPOMLNJPHMFFDF48CC,大同段,15.91,都市：住,,,,03790000
RPTOMLNJPHMFFDF88CC,昊天段,39.66,都市：工,,,,08720000
RPUOMLNJPHMFFDF98CC,昊天段,5.75,都市：工,,,,08720000
RPTQMLQLOHMFFDF86CC,昊天段,33.40,都市：工,,,,08720000
RPTQMLQLOHMFFDF86CC,昊天段,23.75,都市：工,,,,08720000
RPTQMLQLOHMFFDF86CC,昊天段,23.01,都市：工,,,,08720000
RPTQMLQLOHMFFDF86CC,昊天段,23.30,都市：工,,,,08720000
RPTQMLQLOHMFFDF86CC,昊天段,23.75,都市：工,,,,08720000
RPTQMLQLOHMFFDF86CC,昊天段,31.47,都市：工,,,,08720000
RPTQMLQLOHMFFDF86CC,同新段,1.04,都市：工,,,,00060000
RPTQMLQLOHMFFDF86CC,同新段,.74,都市：工,,,,00060000
RPTQMLQLOHMFFDF86CC,同新段,.72,都市：工,,,,00060000
RPTQMLQLOHMFFDF86CC,同新段,.73,都市：工,,,,00060000
RPTQMLQLOHMFFDF86CC,同新段,.74,都市：工,,,,00060000
RPTQMLQLOHMFFDF86CC,同新段,.98,都市：工,,,,00060000
RPQOMLNJPHMFFIF09CC,東昇段,20.25,都市：住,,,,04050000
RPUNMLOJPHMFFDF98CC,新峰段,12.34,都市：住,,,,05190000
RPURMLKMOHMFFBF98CC,五工段,.00,非都市：工業區 ; 非都市編定：丁種建築用地,,,,05110000
RPPQMLNJPHMFFBF48CC,五工段,78.00,非都市：工業區 ; 非都市編定：丁種建築用地,,,,05530001
RPQQMLKMOHMFFBF48CC,國宅段,26.23,都市：住,,,,00950003
RPPSMLKMOHMFFBF58CC,忠孝段,.00,都市：住,,,,05790000
RPWQMLKMOHMFFBF09CC,麗林段,13.79,都市：商,,,,04070001
RPVNMLOJPHMFFDF09CC,崇德段,10.89,都市：住,,,,01320000
RPTPMLOJPHMFFDF09CC,北山段,18.79,都市：住,,,,04430000
RPOPMLOJPHMFFBF38CC,國宅段,47.13,都市：住,,,,00090001
RPXNMLOJPHMFFGF96CC,忠孝段,.00,都市：住,,,,01790000
RPQPMLOJPHMFFGF09CC,永安段,.00,都市：住,,,,22260000
RPUNMLOJPHMFFEF09CC,公司田段,14.99,非都市： ; 非都市編定：,,,,00390001
RPWOMLOJPHMFFBF09CC,建林段,17.08,都市：住,,,,03480000
RPROMLOJPHMFFEF88CC,海天段,.00,都市：住,,,,01900000
RPXNMLPJPHMFFDF76CC,福德段,10.32,都市：住,,,,12990000
RPRPMLPJPHMFFAF68CC,江子翠段溪頭小段,.00,都市：住,,,,01320006
RPUPMLPJPHMFFAF98CC,江子翠段第二崁小段,.00,都市：住,,,,02300000
RPWPMLNJPHMFFAF98CC,文化段,4.28,都市：住,,,,11980000
RPWPMLKMOHMFFHF96CC,中安段,.00,都市：商,,,,06460000
RPQPMLQJPHMFFHF76CC,四維段,.00,都市：住,,,,02560000
RPWNMLPJPHMFFHF07CC,大華段,.00,都市：住,,,,09650000
RPPOMLPJPHMFFHF09CC,圓通段,.00,都市：住,,,,05360000
RPSPMLQJPHMFFHF96CC,大同段,.00,都市：住,,,,03400000
RPXOMLNJPHMFFHF07CC,健康段,.00,都市：工,,,,10650000
RPXNMLPJPHMFFHF17CC,永利段,.00,都市：住,,,,00670000
RPPQMLQJPHMFFHF76CC,得和段,.00,都市：商,,,,09360000
RPXQMLPJPHMFFBF86CC,中誠段,.00,都市：住,,,,00540002
RPSTMLQJPHMFFBF86DC,和平段,.00,都市：住,,,,07890000
RPOPMLQJPHMFFDF78CC,江北段,18.37,都市：住,,,,09190000
RPQNMLQJPHMFFGF09CC,福德北段,.00,都市：商,,,,01430000
RPQNMLQJPHMFFGF09CC,福德北段,.00,都市：住,,,,01440000
RPVNMLQJPHMFFGF96CC,民生段,.00,都市：住,,,,08200000
RPOOMLQJPHMFFGF98CC,幸福段,.00,都市：住,,,,19110000
RPUNMLRJPHMFFAF98CC,幸福段,.00,都市：商,,,,01220000
RPTNMLTLOHMFFHF37DC,板南段,.00,都市：工,,,,03420000
RPTNMLTLOHMFFHF37DC,板南段,.00,都市：工,,,,03180000
RPTNMLTLOHMFFHF37DC,板南段,.00,都市：工,,,,03420001
RPWQMLRJPHMFFEF27CC,仁愛段,10.25,都市：住,,,,00910000
RPPRMLRJPHMFFEF66CC,公司田段,12.18,都市：住,,,,00200000
RPUQMLRJPHMFFEF07CC,仁愛段,.00,都市：住,,,,00030000
RPQNMLPJPHMFFEF78CC,望高樓段,15.31,都市：住,,,,01110000
RPQNMLPJPHMFFEF78CC,望高樓段,.04,都市：住,,,,01110001
RPPTMLRJPHMFFEF86CC,馬偕段,9.41,都市：工,,,,01960000
RPRRMLRJPHMFFDF76CC,智興段,.00,都市：商,,,,04410000
RPSOMLRJPHMFFIF07CC,大學段二小段,17.95,都市：住,,,,00740000
RPTTMLRJPHMFFBF96CC,建林段,.09,都市：商,,,,03800000
RPTTMLRJPHMFFBF96CC,建林段,11.59,都市：商,,,,03800001
RPPPMLRJPHMFFBF78CC,榮富段,.00,都市：住,,,,07020000
RPSNMLRJPHMFFBF88CC,幸福段,.00,都市：工,,,,05030000
RPPQMLQJPHMFFBF78CC,麗林段,114.63,都市：住,,,,02800000
RPWSMLQJPHMFFBF07CC,中原段,31.80,都市：住,,,,01020000
RPQQMLQJPHMFFBF88CC,國宅段,.00,都市：住,,,,00970001
RPRNMLSJPHMFFEF56CC,長興段,10.62,都市：住,,,,01070000
RPSNMLSJPHMFFEF66CC,紅毛城段,5.58,都市：住,,,,05330000
RPQNMLSJPHMFFDF98CC,智興段,.00,都市：住,,,,02650000
RPQNMLSJPHMFFDF98CC,智興段,.00,都市：其他:道路用地,,,,02650001
RPQNMLTJPHMFFEF56CC,公司田段,17.29,都市：其他:,,,,01880000
RPWQMLKKPHMFFEF66CC,新市段,22.19,都市：住,,,,00870000
RPPNMLTJPHMFFEF09CC,新市段,17.18,都市：住,,,,00870000
RPTNMLKKPHMFFAF28CC,沛陂段,12.92,都市：住,,,,05080000
RPWNMLKKPHMFFGF56CC,重新段壹小段,.00,都市：住,,,,00620006
RPOOMLKKPHMFFGF48CC,永安段,.00,都市：住,,,,20800000
RPTOMLKKPHMFFGF98CC,永安段,.00,都市：住,,,,18130000
RPSOMLKKPHMFFCF48CC,寶橋段,.00,都市：工,,,,06240000
RPPNMLKKPHMFFDF18CC,智興段,.00,都市：住,,,,02650000
RPPNMLKKPHMFFDF18CC,智興段,.00,都市：其他:道路用地,,,,02650001
RPSNMLKKPHMFFDF48CC,新峰段,32.20,都市：住,,,,16960000
RPTOMLKKPHMFFDF68CC,環河段,1.00,都市：工,,,,05790000
RPTNMLKKPHMFFDF58CC,水源段,3.51,都市：住,,,,09920000
RPTNMLKKPHMFFDF58CC,水源段,.00,都市：住,,,,09920001
RPQOMLKKPHMFFBF18CC,德音段,23.81,都市：住,,,,06250000
RPQOMLKKPHMFFBF18CC,德音段,3.81,都市：住,,,,06290000
RPSOMLKKPHMFFIF09CC,大仁段,17.30,都市：住,,,,00660000
RPTOMLKKPHMFFIF56CC,大學段二小段,8.87,都市：商,,,,00980000
RPOPMLKKPHMFFIF78CC,民族段,119.44,都市：住,,,,00020000
RPUQMLQJPHMFFHF27CC,民權段,.00,都市：住,,,,05390000
RPTQMLQJPHMFFHF17CC,圓通段,.00,都市：住,,,,03580000
RPSPMLKKPHMFFIF56CC,大學段二小段,17.05,都市：住,,,,01030000
RPVQMLQJPHMFFHF37CC,盛昌段,.00,都市：住,,,,07810000
RPUPMLKKPHMFFIF76CC,民權段,11.63,都市：商,,,,01960000
RPWPMLKKPHMFFIF96CC,大學段二小段,14.87,都市：住,,,,00740000
RPOPMLKKPHMFFEF48DC,公司田段,29.52,都市：住,,,,00880000
RPUPMLLKPHMFFIF86CC,和平段,13.18,都市：其他:部分住宅區部分道路用地,,,,04380000
RPQOMLKKPHMFFDF48DC,智興段,11.12,都市：商,,,,04500000
RPVNMLLKPHMFFBF68CC,建林段,31.88,都市：住,,,,04660000
RPOPMLLKPHMFFEF68EC,長興段,.00,都市：住,,,,14840000
RPOPMLLKPHMFFEF68EC,長興段,.00,都市：住,,,,14830000
RPOPMLLKPHMFFEF68EC,滬尾段,.00,都市：其他:道路用地,,,,00200000
RPPQMLLKPHMFFBF38CC,副都心段一小段,44.50,都市：住,,,,01990000
RPXNMLLKPHMFFDF09CC,江北段,.00,都市：住,,,,08080000
RPORMLKKPHMFFDF48CC,建成段,.00,都市：商,,,,04760000
RPWNMLLKPHMFFDF98CC,建成段,.00,都市：商,,,,05040000
RPWNMLLKPHMFFDF98CC,建成段,.00,都市：商,,,,05750000
RPTPMLLKPHMFFDF88CC,昊天段,1.90,都市：工,,,,10860000
RPUPMLLKPHMFFDF98CC,同新段,17.45,都市：工,,,,00130000
RPPOMLLKPHMFFDF38CC,昊天段,1.90,都市：工,,,,10860000
RPSQMLRJPHMFFHF17CC,中原段,.00,都市：工,,,,05350000
RPSPMLRJPHMFFHF07CC,南山段,.00,都市：住,,,,06550000
RPVPMLLKPHMFFDF09CC,同新段,17.45,都市：工,,,,00130000
RPRNMLLKPHMFFHF88CC,大華段,.00,都市：住,,,,09560000
RPRRMLLKPHMFFBF68CC,四維段,.00,都市：住,,,,04510000
RPWPMLLKPHMFFDF56CC,同新段,19.63,都市：工,,,,00130000
RPQQMLLKPHMFFDF68CC,昊天段,68.17,都市：工,,,,09760000
RPQQMLLKPHMFFDF68CC,昊天段,39.19,都市：工,,,,09770000
RPQQMLLKPHMFFDF68CC,昊天段,10.75,都市：工,,,,09780000
RPQQMLLKPHMFFDF68CC,昊天段,58.18,都市：工,,,,09810000
RPRQMLLKPHMFFDF78CC,同新段,11.99,都市：工,,,,00130000
RPQPMLRJPHMFFHF86CC,大仁段,.00,都市：住,,,,06570000
RPOQMLLKPHMFFDF48CC,環河段,153.65,都市：工,,,,03130000
RPSQMLLKPHMFFBF68CC,幸福段,.00,都市：工,,,,03280000
RPSQMLLKPHMFFBF68CC,幸福段,.00,都市：工,,,,03320000
RPUPMLRJPHMFFHF27CC,中正段,.00,都市：商,,,,08480000
RPPOMLMKPHMFFCF38CC,玫瑰段,.00,都市：其他:,,,,10890000
RPPOMLMKPHMFFCF38CC,玫瑰段,.00,都市：其他:,,,,10900000
RPWPMLLKPHMFFAF88CC,江子翠段第二崁小段,4.01,都市：商,,,,01960000
RPPNMLMKPHMFFBF18CC,水碓段水碓窠小段,.00,都市：住,,,,01170000
RPROMLMKPHMFFBF48CC,副都心段一小段,.00,都市：商,,,,00090000
RPROMLMKPHMFFHF09CC,大仁段,36.15,都市：住,,,,02010000
RPSOMLMKPHMFFHF56CC,得林段,.00,都市：住,,,,05140000
RPVOMLMKPHMFFHF86CC,安邦段,.00,都市：住,,,,10270000
RPVOMLMKPHMFFHF86CC,安邦段,.00,都市：住,,,,10280000
RPOPMLMKPHMFFHF88CC,連城段,.00,都市：住,,,,05170000
RPOQMLLKPHMFFEF58CC,公司田段,12.16,都市：住,,,,01880000
RPWOMLMKPHMFFEF66CC,海天段,8.04,都市：住,,,,05480000
RPTPMLLKPHMFFEF98CC,公司田段,25.12,都市：住,,,,01880000
RPWPMLLKPHMFFEF66CC,公司田段,25.10,都市：住,,,,01880000
RPQPMLMKPHMFFHF09CC,安邦段,17.00,都市：住,,,,09630000
RPUNMLNKPHMFFHF76CC,員山段,.00,都市：工,,,,01420000
RPTNMLNKPHMFFHF66CC,南山段,.00,都市：其他:,,,,08540000
RPUOMLNKPHMFFHF86CC,捷運段,.00,都市：其他:捷運系統用地,,,,00080000
RPVOMLNKPHMFFHF96CC,興南段,.00,都市：其他:停車場用地,,,,03590000
RPSNMLNKPHMFFIF66CC,大仁段,3.75,都市：住,,,,08140000
RPSPMLMKPHMFFGF56CC,光興段,.00,都市：其他:捷運系統用地,,,,00110000
RPWOMLMKPHMFFGF86CC,中興段,.00,都市：工,,,,06370000
RPOPMLMKPHMFFGF78CC,中興段,.00,都市：工,,,,06360000
RPTNMLNKPHMFFDF88CC,福興段,.00,都市：住,,,,01690000
RPOPMLNKPHMFFGF88CC,重陽段,.00,都市：住,,,,00760000
RPOPMLNKPHMFFGF88CC,集賢段,.00,都市：住,,,,07700000
RPVOMLNKPHMFFGF86CC,仁愛段,.00,都市：住,,,,22510006
RPWQMLNKPHMFFCF76CC,大豐段,28.06,都市：其他:第四種住宅,,,,09760000
RPOPMLNKPHMFFBF38CC,忠孝段,.00,都市：住,,,,03360000
RPWOMLMKPHMFFBF98CC,公館段,.00,都市：工,,,,08720000
RPTRMLNKPHMFFBF09CC,復興段,45.45,都市：住,,,,03230000
RPUQMLNKPHMFFBF09CC,副都心段一小段,12.82,都市：商,,,,03990000
RPTPMLNKPHMFFBF88CC,副都心段一小段,.00,都市：商,,,,00270000
RPQPMLNKPHMFFBF58CC,麗林段,.00,都市：商,,,,04070000
RPRNMLOKPHMFFEF88CC,新市段,15.36,都市：住,,,,00680000
RPPNMLOKPHMFFEF68CC,沙崙段,30.80,都市：住,,,,03810000
RPQNMLOKPHMFFBF48CC,佳林段,.00,都市：其他:(建成商業區),,,,08470000
RPWOMLOKPHMFFEF86CC,海鷗段,4.85,都市：住,,,,11920000
RPUNMLOKPHMFFDF09CC,工建段,104.52,都市：工,,,,04520000
RPQOMLOKPHMFFIF66CC,大學段二小段,60.85,都市：住,,,,00820000
RPVPMLOKPHMFFEF96DC,新市段,112.10,都市：住,,,,01860000
RPXPMLOKPHMFFEF17DC,新市段,367.00,都市：住,,,,01860000
RPXNMLOKPHMFFHF17CC,錦和段,.00,都市：住,,,,02570000
RPRPMLOKPHMFFHF76CC,信和段,.00,都市：住,,,,00470000
RPSRMLOKPHMFFHF07CC,四維段,.00,都市：住,,,,07490000
RPUOMLOKPHMFFHF96CC,秀山段,.00,都市：住,,,,01360001
RPUOMLOKPHMFFHF96CC,秀山段,.00,都市：住,,,,01490000
RPWNMLNKPHMFFAF88CC,公館段,.00,都市：住,,,,15930005
RPUNMLNKPHMFFAF68CC,江子翠段第二崁小段,1.03,都市：商,,,,01800018
RPUNMLNKPHMFFAF68CC,江子翠段第二崁小段,.55,都市：商,,,,01990000
RPUNMLNKPHMFFAF68CC,江子翠段溪頭小段,.55,都市：商,,,,01350000
RPUNMLNKPHMFFAF68CC,江子翠段第三崁小段,.18,都市：商,,,,03550007
RPOQMLOKPHMFFHF56CC,板南段,.00,都市：工,,,,03110000
RPVPMLOKPHMFFDF96EC,保長段,9.31,都市：住,,,,09950000
RPOQMLLKPHMFFAF18CC,沛陂段,694.00,都市：工,,,,01390000
RPVNMLNKPHMFFAF78CC,文化段,2.10,都市：住,,,,11980000
RPPPMLOKPHMFFDF98EC,保長段,5.38,都市：住,,,,10540000
RPRQMLOKPHMFFDF66EC,保長段,5.21,都市：住,,,,09950000
RPPNMLPKPHMFFBF48CC,副都心段一小段,9.58,都市：住,,,,03290000
RPTQMLOKPHMFFDF86EC,保長段,8.53,都市：住,,,,09950000
RPPNMLPKPHMFFHF09CC,民樂段,.00,非都市： ; 非都市編定：,,,,02110000
RPRNMLPKPHMFFBF68CC,榮富段,19.82,都市：住,,,,09570000
RPSNMLPKPHMFFBF78CC,和平段,1.94,都市：住,,,,07710000
RPQNMLPKPHMFFBF58CC,昌隆段,12.42,都市：住,,,,01920000
RPVNMLPKPHMFFBF09CC,丹鳳段,5.27,都市：其他:市場用地,,,,04620000
RPWNMLPKPHMFFBF56CC,芳洲段,.00,都市：住,,,,01680000
RPTNMLPKPHMFFBF88CC,副都心段五小段,10.37,都市：住,,,,00080000
RPUNMLPKPHMFFBF98CC,副都心段一小段,5.19,都市：商,,,,00670000
RPUNMLRKPHMFFDF76CC,新峰段,12.34,都市：住,,,,05190000
RPXNMLRKPHMFFDF07CC,智興段,.00,都市：商,,,,04410000
RPOOMLRKPHMFFDF88CC,智興段,.00,都市：住,,,,11760000
RPSOMLRKPHMFFHF07CC,中信段,.00,都市：住,,,,08640000
RPXPMLRKPHMFFEF47DC,新市段,93.61,都市：商,,,,00400000
RPQNMLRKPHMFFDF56EC,保長段,3.91,都市：住,,,,09950000
RPRNMLRKPHMFFDF66EC,保長段,9.25,都市：住,,,,09950000
RPSNMLRKPHMFFDF76EC,保長段,6.64,都市：住,,,,09950000
RPTNMLRKPHMFFDF86EC,保長段,8.53,都市：住,,,,09950000
RPQPMLSKPHMFFEF96EC,正德段,.00,都市：住,,,,06620000
RPPNMLPKPHMFFGF98CC,大有段,.00,都市：工,,,,03690000
RPXNMLSKPHMFFHF57CC,保健段,.00,都市：住,,,,01290000
RPUPMLSKPHMFFHF47CC,板南段,.00,都市：工,,,,03420000
RPUPMLSKPHMFFHF47CC,板南段,.00,都市：其他:道路用地,,,,03420001
RPPNMLSKPHMFFDF98CC,智興段,.00,都市：其他:市場用地,,,,10610000
RPQNMLSKPHMFFDF09CC,智興段,.00,都市：住,,,,11180000
RPQOMLRKPHMFFBF88CC,丹鳳段,.00,都市：住,,,,04460000
RPXNMLPKPHMFFBF66CC,芳洲段,.00,都市：住,,,,01440000
RPOPMLRKPHMFFBF78CC,建林段,.09,都市：商,,,,03800000
RPOPMLRKPHMFFBF78CC,建林段,14.39,都市：商,,,,03800001
RPUOMLRKPHMFFBF66CC,建林段,.00,都市：住,,,,03360000
RPRQMLSKPHMFFBF66CC,丹鳳段,13.56,都市：住,,,,06980000
RPPSMLOKPHMFFEF56CC,公司田段,107.63,都市：住,,,,01390000
RPWQMLSKPHMFFBF17CC,榮富段,10.97,都市：住,,,,09290000
RPSOMLSKPHMFFBF56CC,丹鳳段,12.30,都市：住,,,,04460000
RPWNMLSKPHMFFBF86CC,芳洲段,.00,都市：住,,,,01440000
RPUQMLSKPHMFFBF96CC,立德段,38.23,都市：住,,,,00260000
RPWPMLOKPHMFFEF96CC,公司田段,12.43,都市：住,,,,01930000
RPTSMLSKPHMFFBF07CC,副都心段一小段,9.85,都市：住,,,,03290000
RPORMLSKPHMFFBF09CC,中原段,18.05,都市：住,,,,00020000
RPQSMLSKPHMFFBF76CC,和平段,14.01,都市：住,,,,00010000
RPTNMLSKPHMFFCF66CC,寶元段,.00,都市：住,,,,09440000
RPXRMLSKPHMFFBF37CC,榮富段,10.61,都市：住,,,,09060000
RPRSMLSKPHMFFBF86CC,昌隆段,12.10,都市：住,,,,00010000
RPVSMLSKPHMFFBF27CC,中泰段,24.45,都市：住,,,,02050000
RPPPMLTKPHMFFEF76CC,公司田段,25.39,都市：其他:,,,,01880000
RPTOMLTKPHMFFHF37CC,連城段,.00,都市：住,,,,06240000
RPTNMLTKPHMFFBF66CC,中原段,.00,都市：住,,,,03290001
RPUOMLTKPHMFFHF47CC,板南段,.00,都市：工,,,,03820000
RPUOMLTKPHMFFHF47CC,板南段,.00,都市：其他:,,,,03820001
RPVNMLTKPHMFFBF86CC,榮富段,.00,都市：住,,,,04170000
RPVOMLTKPHMFFDF17CC,江北段,2991.48,都市：住,,,,08080000
RPPPMLTKPHMFFHF07CC,板南段,.00,都市：工,,,,03820000
RPPPMLTKPHMFFHF07CC,板南段,.00,都市：其他:,,,,03820001
RPUPMLTKPHMFFBF07DC,中原段,.00,都市：住,,,,03340000
RPRPMLTKPHMFFHF27CC,板南段,40.07,都市：工,,,,05260000
RPVPMLTKPHMFFBF17DC,中原段,.00,都市：住,,,,03340000
RPSPMLKLPHMFFIF66CC,大學段二小段,8.22,都市：商,,,,00980000
RPQQMLKLPHMFFIF56CC,介壽段,11.81,都市：住,,,,00080001
RPURMLKLPHMFFIF07CC,民生段,26.55,都市：住,,,,02210000
RPXRMLKLPHMFFIF37CC,大仁段,17.09,都市：住,,,,01560000
RPROMLKLPHMFFEF68CC,海天段,101.17,都市：住,,,,05800000
RPUNMLKLPHMFFEF88CC,大義段,25.38,都市：商,,,,07210000
RPPOMLKLPHMFFGF68CC,重新段壹小段,.00,都市：商,,,,00560021
RPQPMLKLPHMFFGF88CC,中興段,.00,都市：工,,,,07930000
RPRQMLKLPHMFFEF09EC,天生段,.00,都市：住,,,,04060000
RPVPMLKLPHMFFEF56CC,海鷗段,.00,非都市： ; 非都市編定：,,,,01440000
RPPNMLLLPHMFFDF38CC,昊天段,23.30,都市：工,,,,08720000
RPPNMLLLPHMFFDF38CC,同新段,.73,都市：工,,,,00060000
RPQNMLLLPHMFFBF28CC,中原段,.00,都市：住,,,,03340000
RPXNMLLLPHMFFHF96CC,永平段,.00,都市：商,,,,09440000
RPXNMLLLPHMFFHF96CC,永平段,.00,都市：其他:,,,,09420000
RPVOMLLLPHMFFAF88DC,江子翠段第二崁小段,8.95,都市：商,,,,01900000
RPXNMLLLPHMFFAF98DC,重慶段,23.25,都市：商,,,,11780000
RPRNMLMLPHMFFBF48CC,成功段,.00,都市：住,,,,06760000
RPSNMLMLPHMFFBF58CC,芳洲段,.00,都市：住,,,,01700000
RPUNMLMLPHMFFBF78CC,福興段,.00,都市：住,,,,05310000
RPVNMLMLPHMFFBF88CC,芳洲段,.00,都市：住,,,,01440000
RPWNMLMLPHMFFBF98CC,德音段,.00,都市：住,,,,06870000
RPXNMLSKPHMFFAF86CC,江子翠段第二崁小段,.00,都市：住,,,,02270046
RPRNMLPKPHMFFAF58CC,新興段,.00,都市：商,,,,01020000
RPQNMLPKPHMFFAF48CC,文化段,.00,都市：住,,,,11980000
RPPNMLMLPHMFFDF48CC,智興段,.00,都市：住,,,,00720000
RPPNMLMLPHMFFEF58CC,公司田段,21.81,都市：住,,,,00390000
RPVNMLOLPHMFFEF76CC,海天段,17.24,都市：住,,,,02150000
RPTPMLOLPHMFFEF76CC,關渡段,.00,都市：商,,,,05870002
RPTPMLOLPHMFFEF76CC,關渡段,.00,都市：住,,,,05870000
RPTPMLKLPHMFFIF86DC,福德段,17.52,都市：住,,,,06300000
RPTPMLKLPHMFFIF86DC,福德段,1.51,都市：其他:道路用地,,,,06290000
RPPRMLTKPHMFFAF56CC,大安段,.00,都市：工,,,,07450000
RPTOMLOLPHMFFGF86CC,中原段,.00,都市：住,,,,03420000
RPVOMLOLPHMFFAF09CC,學林段,.00,都市：住,,,,03400000
RPUOMLLLPHMFFAF68CC,文化段,2.10,都市：住,,,,11980000
RPTNMLOLPHMFFDF09CC,智興段,.00,都市：商,,,,04710000
RPTNMLOLPHMFFDF09CC,智興段,.00,都市：住,,,,04760000
RPVNMLOLPHMFFDF66CC,保安段,.00,都市：工,,,,11910000
RPTOMLOLPHMFFDF56CC,厚德段,.00,都市：住,,,,00490000
RPOOMLOLPHMFFDF68CC,福德段,.00,都市：商,,,,04400000
RPRNMLOLPHMFFCF88DC,福園段,25.88,都市：住,,,,06010000
RPUNMLOLPHMFFHF07DC,竹林段,.00,都市：住,,,,07640000
RPQNMLOLPHMFFAF68EC,員和段,5.64,都市：商,,,,13550000
RPXNMLMLPHMFFBF09CC,芳洲段,.00,都市：住,,,,01490000
RPTNMLOLPHMFFGF96EC,福德北段,.00,都市：住,,,,01830000
RPUPMLOLPHMFFBF56CC,新豐段,.00,都市：商,,,,00100000
RPTTMLOLPHMFFBF86CC,國宅段,7.06,都市：住,,,,00170002
RPXSMLPLPHMFFAF27DC,新興段,4.32,都市：住,,,,04560000
RPSNMLPLPHMFFIF96CC,大學段一小段,32.81,都市：住,,,,01870001
RPOQMLPLPHMFFIF86CC,三多段,92.96,都市：工,,,,00490000
RPOQMLPLPHMFFIF86CC,三多段,.92,都市：工,,,,00500000
RPOQMLPLPHMFFIF86CC,三多段,386.24,都市：工,,,,00530000
RPOQMLPLPHMFFIF86CC,三多段,650.99,都市：工,,,,00540000
RPOQMLPLPHMFFIF86CC,三多段,505.89,都市：工,,,,00560000
RPXNMLPLPHMFFCF96DC,行政段,25.54,都市：住,,,,08380000
RPURMLPLPHMFFBF86CC,成州段,.00,都市：住,,,,00790000
RPVRMLPLPHMFFBF96CC,芳洲段,.00,都市：住,,,,01600000
RPSNMLPLPHMFFDF09CC,金龍段,7.98,非都市：鄉村區 ; 非都市編定：乙種建築用地,,,,10890000
RPOOMLLLPHMFFCF28CC,北宜段,.00,都市：其他:捷運系統用地,,,,02980000
RPSNMLPLPHMFFCF98CC,新坡段,.00,都市：住,,,,00610000
RPSNMLOLPHMFFCF88CC,明德段,61.64,都市：其他:第四種住宅,,,,04310000
RPXPMLQLPHMFFCF17CC,寶強段,.00,都市：住,,,,07480000
RPWNMLQLPHMFFGF27CC,福德北段,.00,都市：住,,,,05690000
RPQOMLQLPHMFFGF76CC,正義段,.00,都市：住,,,,01100000
RPQOMLQLPHMFFGF76CC,中原段,.00,都市：住,,,,00880000
RPWOMLQLPHMFFGF37CC,忠孝段,.00,都市：住,,,,01790000
RPPPMLQLPHMFFGF76CC,忠孝段,.00,都市：住,,,,01790000
RPTPMLQLPHMFFGF17CC,正義北段,.00,都市：商,,,,18890000
RPWNMLQLPHMFFEF07CC,公司田段,12.16,都市：住,,,,01880000
RPUOMLQLPHMFFIF37CC,大學段二小段,840.02,都市：住,,,,01170000
RPPOMLQLPHMFFEF09CC,水仙段,2.26,都市：住,,,,00670000
RPPOMLQLPHMFFEF09CC,水仙段,.42,都市：住,,,,00670003
RPQOMLLLPHMFFHF98CC,連城段,12.17,都市：住,,,,01220000
RPRNMLRLPHMFFHF96CC,南山段,.00,都市：住,,,,08540000
RPPQMLPLPHMFFHF86CC,莊敬段,1.13,都市：住,,,,02170000
RPPQMLPLPHMFFHF86CC,莊敬段,3.57,都市：商,,,,02180000
RPPQMLPLPHMFFHF86CC,莊敬段,.17,都市：住,,,,02240000
RPVPMLOLPHMFFHF27CC,橋和段,.00,都市：住,,,,05550000
RPPOMLLLPHMFFHF88CC,永平段,.00,都市：商,,,,09440000
RPPOMLLLPHMFFHF88CC,永平段,.00,都市：其他:,,,,09420000
RPOTMLRLPHMFFHF27CC,中原段,55.46,都市：工,,,,05290000
RPTNMLRLPHMFFHF17CC,連城段,.00,都市：住,,,,05170000
RPPOMLRLPHMFFHF86CC,仁和段,.00,都市：住,,,,04230000
RPOOMLRLPHMFFDF98CC,北山段,.00,都市：住,,,,05280000
RPRNMLOLPHMFFAF78EC,新雅段,6.20,都市：住,,,,06280000
RPOOMLRLPHMFFEF09CC,公司田段,10.95,都市：住,,,,00880001
RPUPMLQLPHMFFAF86EC,文化段,2.10,都市：住,,,,11980000
RPROMLRLPHMFFEF76CC,天生段,9.78,都市：住,,,,00910000
RPVOMLSLPHMFFAF86CC,江子翠段第三崁小段,36.75,都市：住,,,,03400037
RPORMLSLPHMFFCF66CC,民權段,.00,都市：住,,,,00520000
RPORMLSLPHMFFEF86CC,海天段,13.55,都市：商,,,,02250000
RPSOMLRLPHMFFEF86CC,淡海段,26.44,都市：住,,,,00790000
RPQNMLSLPHMFFDF56CC,智興段,.00,都市：商,,,,04710000
RPQNMLSLPHMFFDF56CC,智興段,.00,都市：住,,,,04760000
RPROMLSLPHMFFDF76CC,同新段,12.00,都市：工,,,,00130000
RPUOMLSLPHMFFDF07CC,同新段,17.45,都市：工,,,,00130000
RPXWMLSLPHMFFIF68CC,大學段一小段,8.84,都市：住,,,,00130000
RPXNMLSLPHMFFHF67CC,中原段,.00,都市：工,,,,05350000
RPPNMLTLPHMFFHF07DC,新和段,56.77,都市：住,,,,06660000
RPWOMLSLPHMFFDF47EC,保長段,15.16,都市：住,,,,09950000
RPRNMLTLPHMFFEF86CC,飛歌段,47.76,都市：住,,,,10310000
RPRNMLTLPHMFFEF86CC,飛歌段,2.36,都市：住,,,,10340000
RPSOMLLMPHMFFAF58CC,城林段,87.50,都市：工,,,,03850000
RPSOMLLMPHMFFCF78CC,復興段,85.89,都市：工,,,,03800000
RPOPMLLMPHMFFCF48CC,明德段,56.49,都市：住,,,,01280000
RPOPMLLMPHMFFCF48CC,明德段,41.31,都市：住,,,,01370000
RPRPMLLMPHMFFCF78CC,民安段,.00,都市：住,,,,09290000
RPSNMLLMPHMFFGF09CC,興德段,.00,都市：工,,,,00350000
RPVOMLLMPHMFFGF86CC,正義北段,.00,都市：商,,,,09580000
RPQNMLLMPHMFFBF38CC,幸福段,.00,都市：工,,,,01510000
RPRNMLTLPHMFFBF56CC,泰林段,.00,都市：商,,,,09010000
RPRNMLTLPHMFFBF56CC,泰林段,.00,都市：商,,,,09020000
RPRNMLTLPHMFFBF56CC,泰林段,.00,都市：商,,,,09030000
RPRNMLTLPHMFFBF56CC,泰林段,.00,都市：商,,,,09050000
RPRNMLLMPHMFFBF48CC,光榮段,.00,都市：工,,,,03200000
RPVOMLLMPHMFFBF98CC,國宅段,22.74,都市：住,,,,00120000
RPTNMLLMPHMFFDF88CC,智興段,.00,都市：商,,,,04410000
RPUNMLLMPHMFFDF98CC,智興段,.00,都市：住,,,,14180006
RPUNMLLMPHMFFDF98CC,智興段,.00,都市：住,,,,14180001
RPPOMLLMPHMFFHF09DC,連城段,.00,都市：住,,,,03580000
RPRNMLLMPHMFFIF56CC,新興段,842.81,都市：工,,,,05180000
RPSPMLLMPHMFFHF76CC,永平段,3.10,都市：住,,,,08060000
RPSPMLLMPHMFFHF76CC,永平段,2.48,都市：住,,,,08070000
RPSPMLLMPHMFFHF76CC,永平段,.01,都市：住,,,,08070001
RPPNMLLMPHMFFGF98EC,集賢段,.00,都市：住,,,,04280000
RPXRMLPLPHMFFBF17CC,成功段,.00,都市：住,,,,04280000
RPVNMLRLPHMFFBF76CC,信華段一小段,.00,都市：住,,,,00090000
RPVNMLRLPHMFFBF76CC,信華段二小段,.00,都市：住,,,,00200000
RPRQMLRLPHMFFBF66CC,榮富段,12.43,都市：住,,,,06470000
RPRRMLQLPHMFFBF66CC,麗林段,16.55,都市：商,,,,04070001
RPQNMLTLPHMFFBF09CC,芳洲段,.00,都市：住,,,,02580000
RPUPMLSLPHMFFBF96CC,榮富段,25.86,都市：住,,,,07260000
RPWRMLPLPHMFFBF07CC,芳洲段,.00,都市：住,,,,01520000
RPQQMLRLPHMFFBF56CC,五工段,.00,非都市：工業區 ; 非都市編定：丁種建築用地,,,,05320000
