﻿編號,土地位置,土地移轉面積(平方公尺),使用分區或編定,權利人持分分母,權利人持分分子,移轉情形,地號
The serial number, land position,land shifting area square meter,the use zoning or compiles and checks,,,,land parcel
RPXOMLMJNHMFFBH98CC,新街段,107.00,都市：商,,,,03900000
RPSPMLMJNHMFFBH58CC,新街段,11.67,都市：住,,,,08750000
RPTNMLMJNHMFFBH48CC,中工段,8121.00,都市：住,,,,07440006
RPTNMLMJNHMFFBH48CC,中工段,1235.00,非都市：工業區 ; 非都市編定：丁種建築用地,,,,07440013
RPPQMLMJNHMFFBH38CC,興南段興南小段,.00,都市：商,,,,02270185
RPUPMLMJNHMFFBH78CC,石頭段,11.67,都市：住,,,,00030261
RPTNMLMJNHMFFGH98CC,廣西段,90.10,都市：住,,,,07180000
RPPOMLMJNHMFFGH68CC,忠貞段,.00,都市：商,,,,00480000
RPOOMLMJNHMFFEH48DC,竹圍段拔子林小段,13.05,都市：住,,,,01870000
RPQQMLMJNHMFFBH48CC,興南段興南小段,.00,都市：商,,,,02700000
RPRNMLMJNHMFFFH88EC,高城段,11.47,都市：住,,,,01300000
RPTNMLNJNHMFFGH56DC,金鍊段,18.54,都市：住,,,,07380000
RPSNMLNJNHMFFBH58DC,石頭段,37.17,都市：商,,,,00260011
RPRNMLNJNHMFFGH98DC,南華段,18.66,都市：住,,,,11590000
RPRNMLNJNHMFFGH98DC,南華段,86.12,都市：住,,,,11600000
RPRNMLNJNHMFFGH98DC,南華段,12.02,都市：住,,,,11610000
RPQPMLNJNHMFFAH48DC,同安段,26.49,都市：住,,,,14790000
RPUNMLNJNHMFFGH66DC,南勢段,17.07,都市：住,,,,01890000
RPUNMLNJNHMFFGH66DC,平鎮段,.04,都市：住,,,,12850000
RPQQMLNJNHMFFAH58DC,新埔段,16.22,都市：住,,,,05130000
RPPQMLNJNHMFFAH48DC,法政段,45.63,都市：住,,,,04740000
RPSQMLNJNHMFFEH09CC,宏華段,466.12,非都市：特定農業區 ; 非都市編定：農牧用地,,,,08180000
RPSPMLOJNHMFFEH09CC,錦中段,.00,都市：工,,,,01080000
RPQNMLOJNHMFFEH68CC,長興段,386.14,都市：工,,,,05580004
RPOPMLOJNHMFFAH38DC,新埔段,22.00,都市：其他:,,,,05780002
RPOPMLOJNHMFFAH38DC,新埔段,350.00,都市：其他:,,,,05770000
RPWNMLPJNHMFFFH96DC,興仁段,14.48,都市：商,,,,05890000
RPRNMLSJNHMFFEH56CC,許厝港段,144.67,非都市：一般農業區 ; 非都市編定：甲種建築用地,,,,01240045
RPSNMLSJNHMFFEH66CC,錦興段,.00,都市：住,,,,03980000
RPSNMLSJNHMFFEH66CC,錦興段,.00,都市：住,,,,03980001
RPSNMLSJNHMFFEH66CC,錦興段,.00,都市：住,,,,03980002
RPSNMLSJNHMFFEH66CC,錦興段,.00,都市：住,,,,03990000
RPUNMLSJNHMFFEH86CC,錦興段,.00,都市：住,,,,06820000
RPOPMLSJNHMFFAH78DC,江南段,33.28,都市：住,,,,04070000
RPSPMLSJNHMFFBH56CC,三座屋段三座屋小段,22.38,都市：住,,,,04670002
RPRNMLOJNHMFFAH38CC,慈文段,.00,都市：住,,,,01100000
RPVPMLMJNHMFFAH78CC,龍安段,.00,都市：商,,,,03350000
RPUNMLSJNHMFFAH09CC,慈文段,.00,都市：住,,,,01100000
RPUOMLMJNHMFFAH58CC,中山段,22.74,都市：住,,,,01580000
RPPPMLLJNHMFFAH08CC,三元段,10.51,都市：住,,,,07840000
RPXOMLLJNHMFFAH78CC,忠義段,4.52,都市：住,,,,07000000
RPOPMLLJNHMFFAH97CC,國聖段,4.28,都市：住,,,,04190000
RPOPMLLJNHMFFAH97CC,國聖段,65.32,都市：住,,,,04200000
RPVSMLSJNHMFFBH27DC,青芝段,47.45,都市：住,,,,00520000
RPXPMLTJNHMFFBH17CC,忠富段,3791.73,非都市：特定農業區 ; 非都市編定：丁種建築用地,,,,00220012
RPXOMLTJNHMFFFH67EC,高明段,43.01,都市：住,,,,07050000
RPOOMLTJNHMFFAH68CC,春日段,94.26,都市：住,,,,05300000
RPPPMLTJNHMFFEH66CC,南崁廟口段廟口小段,46.11,都市：住,,,,00080000
RPQNMLQJNHMFFGH09CC,東社段,18.85,都市：住,,,,07560000
RPSQMLTJNHMFFAH66CC,富國段,24.92,都市：住,,,,00610000
RPQPMLTJNHMFFAH98CC,建國段,.00,都市：住,,,,08410000
RPTOMLSJNHMFFFH07DC,福興段,20.24,都市：住,,,,07950000
RPXPMLTJNHMFFFH67DC,大和段,15.68,都市：商,,,,02630000
RPOOMLKKNHMFFBH97CC,濱海段,1061.00,非都市：一般農業區 ; 非都市編定：農牧用地,,,,01770000
RPUNMLKKNHMFFBH48CC,濱海段,1061.00,非都市：一般農業區 ; 非都市編定：農牧用地,,,,01770000
RPTOMLKKNHMFFBH48CC,山上段,.00,非都市：特定農業區 ; 非都市編定：甲種建築用地,,,,04680000
RPVOMLKKNHMFFBH68CC,三座屋段三座屋小段,.00,都市：住,,,,02390006
RPOPMLKKNHMFFBH08CC,忠福段,.00,都市：住,,,,16340000
RPWOMLKKNHMFFBH78CC,仁美段,.00,都市：住,,,,15550000
RPWOMLKKNHMFFBH78CC,仁美段,.00,都市：其他:(道路用地),,,,15550001
RPRQMLKKNHMFFBH48CC,興南段興南小段,.00,都市：住,,,,02750000
RPUNMLKKNHMFFFH09EC,興豐段,329.24,非都市：特定農業區 ; 非都市編定：丁種建築用地,,,,19810000
RPUNMLKKNHMFFFH09EC,興豐段,330.33,非都市：特定農業區 ; 非都市編定：丁種建築用地,,,,19820000
RPQOMLKKNHMFFGH88EC,北興段,10.53,都市：住,,,,03760000
RPQOMLKKNHMFFGH88EC,北興段,17.75,都市：住,,,,03770000
RPQOMLKKNHMFFGH88EC,北興段,.69,都市：住,,,,03780000
RPQOMLKKNHMFFGH88EC,北興段,2.39,都市：住,,,,03790000
RPTOMLKKNHMFFAH58EC,富國段,85.00,都市：住,,,,00630005
RPQPMLKKNHMFFBH48EC,三座屋段舊社小段,.00,都市：住,,,,01170000
RPTNMLKKNHMFFDH58CC,大金山下段大金山下小段,.00,都市：住,,,,00460000
RPTOMLTJNHMFFDH86CC,大金山下段大金山下小段,.00,都市：住,,,,00100004
RPUOMLKKNHMFFFH09DC,豐田段,41.05,都市：住,,,,14700000
RPSOMLKKNHMFFFH88DC,大和段,28.13,非都市：鄉村區 ; 非都市編定：乙種建築用地,,,,07590000
RPPNMLLKNHMFFDH48EC,草湳坡段草湳坡小段,26.75,都市：住,,,,00920013
RPPNMLKKNHMFFCH18DC,竹窩子段,145.00,非都市：鄉村區 ; 非都市編定：乙種建築用地,,,,00070060
RPQQMLMKNHMFFBH68DC,自立段,33.88,都市：住,,,,07270000
RPPOMLMKNHMFFBH38DC,三座屋段舊社小段,88.00,都市：住,,,,01770236
RPPOMLMKNHMFFBH38DC,三座屋段舊社小段,105.00,都市：住,,,,01770237
RPPPMLMKNHMFFEH78DC,水尾段,3139.53,都市：住,,,,18480000
RPXQMLMKNHMFFBH76DC,培英段,26.31,都市：住,,,,00010000
RPSPMLMKNHMFFBH68CC,石頭段,.00,都市：商,,,,00030891
RPSPMLMKNHMFFBH68CC,石頭段,.00,都市：商,,,,00030892
RPVOMLMKNHMFFBH88CC,中工段,24.75,非都市：工業區 ; 非都市編定：丁種建築用地,,,,12760000
RPPOMLMKNHMFFAH18CC,福元段,.00,都市：住,,,,06470000
RPTPMLMKNHMFFBH78CC,普義段,.00,都市：工,,,,02270005
RPROMLMKNHMFFAH38CC,西門段,.00,都市：住,,,,03140000
RPSNMLMKNHMFFDH68CC,大金山下段大金山下小段,.00,都市：住,,,,00460000
RPTNMLPJNHMFFHH76CC,迴龍段,31.09,都市：住,,,,06980000
RPXNMLTJNHMFFHH57CC,舊路坑三段,1355.37,都市：其他:保護區,,,,06850000
RPTNMLTJNHMFFHH17CC,迴龍段,31.09,都市：住,,,,06980000
RPXNMLPKNHMFFAH56CC,中埔段,.00,都市：住,,,,03520000
RPOOMLPKNHMFFAH38CC,大有段,.00,都市：住,,,,07040000
RPRPMLPKNHMFFBH88CC,復興段,.00,都市：住,,,,03750000
RPWPMLPKNHMFFBH76CC,中壢埔頂段,.00,都市：住,,,,15240000
RPVNMLPKNHMFFFH86CC,瑞豐段,.00,非都市：鄉村區 ; 非都市編定：乙種建築用地,,,,06030000
RPSNMLKKNHMFFFH68CC,興仁段,.00,都市：商,,,,05890000
RPXNMLMKNHMFFFH76CC,永福段,2573.77,都市：住,,,,00840000
RPTPMLQKNHMFFAH09CC,桃園段武陵小段,.00,都市：商,,,,00760031
RPTQMLQKNHMFFAH56CC,寶山段,.00,都市：商,,,,07230000
RPSNMLQKNHMFFFH66CC,興仁段,13.20,都市：住,,,,06080000
RPVNMLQKNHMFFFH96CC,豐田段,.00,都市：住,,,,14700000
RPXNMLQKNHMFFCH86CC,三洽水段,1058.00,非都市：山坡地保育區 ; 非都市編定：丁種建築用地,,,,09060011
RPXNMLQKNHMFFCH86CC,三洽水段,45.00,非都市：山坡地保育區 ; 非都市編定：丁種建築用地,,,,09060012
RPUNMLRKNHMFFFH17EC,明智段,16.99,都市：住,,,,00040000
RPWNMLTJNHMFFAH86DC,有恒段,127.85,都市：工,,,,00200000
RPWNMLTJNHMFFAH86DC,有恒段,102.43,都市：工,,,,00210000
RPWNMLTJNHMFFAH86DC,有恒段,137.89,都市：工,,,,00220000
RPWNMLTJNHMFFAH86DC,有恒段,78.57,都市：工,,,,00230000
RPWNMLTJNHMFFAH86DC,有恒段,2.64,都市：工,,,,00230001
RPWNMLTJNHMFFAH86DC,有恒段,72.46,都市：工,,,,00240000
RPWNMLTJNHMFFAH86DC,有恒段,10.68,都市：工,,,,00240001
RPWNMLTJNHMFFAH86DC,有恒段,68.52,都市：工,,,,00250000
RPWNMLTJNHMFFAH86DC,有恒段,16.56,都市：工,,,,00250001
RPWNMLTJNHMFFAH86DC,有恒段,65.87,都市：工,,,,00270000
RPWNMLTJNHMFFAH86DC,有恒段,21.16,都市：工,,,,00270001
RPWNMLTJNHMFFAH86DC,有恒段,65.50,都市：工,,,,00280000
RPWNMLTJNHMFFAH86DC,有恒段,22.77,都市：工,,,,00280001
RPVPMLQKNHMFFAH76DC,中埔段,208.00,都市：住,,,,01080000
RPRNMLPKNHMFFAH68DC,龍安段,53.92,都市：住,,,,01360000
RPQOMLTJNHMFFAH98DC,中德段,14.69,都市：住,,,,10310000
RPSPMLRKNHMFFFH17EC,青溪段,19.08,都市：住,,,,04330000
RPRNMLRKNHMFFAH78CC,國聖段,.00,都市：住,,,,07560000
RPSOMLRKNHMFFAH98CC,雲林段,.00,都市：住,,,,03970000
RPWNMLSKNHMFFAH86DC,新埔段,32.00,都市：住,,,,04480004
RPWNMLSKNHMFFAH86DC,新埔段,539.00,都市：住,,,,04490002
RPRPMLSKNHMFFAH56DC,法政段,13.00,都市：住,,,,07870000
RPSPMLSKNHMFFAH66DC,埔子段埔子小段,14.58,都市：住,,,,20160000
RPVSMLSKNHMFFBH37DC,石頭段,26.37,都市：住,,,,00040000
RPVSMLSKNHMFFBH37DC,石頭段,.75,都市：住,,,,00040039
RPTNMLSKNHMFFEH96DC,青山段,130.05,都市：住,,,,03060000
RPVPMLTKNHMFFFH57DC,大庄段,1.26,非都市：鄉村區 ; 非都市編定：乙種建築用地,,,,16150000
RPVPMLTKNHMFFFH57DC,大庄段,69.94,非都市：特定農業區 ; 非都市編定：甲種建築用地,,,,16160000
RPWNMLRKNHMFFEH07CC,錦興段,9.90,都市：住,,,,03590000
RPOOMLSKNHMFFEH09CC,田心子段崁腳小段,642.00,都市：工,,,,00020002
RPWNMLTKNHMFFGH47CC,廣仁段,.00,都市：其他:(工業區.綠地用地),,,,12220000
RPQSMLSKNHMFFBH76CC,榮民段,.00,非都市： ; 非都市編定：,,,,11070000
RPQPMLTKNHMFFBH56CC,忠孝段,.00,都市：住,,,,02540000
RPXQMLQKNHMFFBH07CC,石頭段,.00,都市：商,,,,00370017
RPROMLSKNHMFFBH09CC,三座屋段舊社小段,164.00,都市：其他:,,,,01320014
RPXOMLTKNHMFFBH17CC,環東段,.00,都市：住,,,,07620000
RPWNMLKKNHMFFEH56EC,錦明段,212.89,都市：工,,,,07280000
RPWNMLKKNHMFFEH56EC,錦明段,159.22,都市：工,,,,07300000
RPWNMLKKNHMFFEH56EC,錦明段,184.74,都市：工,,,,07310000
RPWNMLKKNHMFFEH56EC,錦明段,638.87,都市：工,,,,07320000
RPWNMLKKNHMFFEH56EC,錦明段,39.04,都市：工,,,,07290000
RPWNMLKKNHMFFEH56EC,錦明段,25.54,都市：工,,,,07290001
RPSTMLQKNHMFFBH86CC,中工段,240.32,都市：工,,,,09790000
RPVNMLKKNHMFFEH09EC,河底段,19.05,都市：住,,,,04020000
RPVQMLQKNHMFFBH86CC,復興段,.00,都市：住,,,,09920000
RPRPMLTKNHMFFBH66CC,環東段,.00,都市：住,,,,08510000
RPTPMLTKNHMFFBH86CC,復興段,.00,都市：住,,,,09100000
RPXNMLTKNHMFFAH96CC,慈文段,63.54,都市：住,,,,08560000
RPUPMLTKNHMFFBH96CC,復興段,.00,都市：住,,,,09090006
RPXOMLMLNHMFFAH09CC,中路段,101.00,都市：工,,,,16640029
RPTNMLMLNHMFFBH68CC,雙嶺段,141.26,都市：其他:,,,,02060000
RPVNMLMLNHMFFBH88CC,興南段公坡小段,2.73,都市：其他:,,,,02660000
RPUNMLMLNHMFFGH66CC,金星段,.00,都市：住,,,,12160000
RPWRMLMLNHMFFAH76DC,慈文段,26.70,都市：其他:,,,,01230000
RPVNMLMLNHMFFGH76CC,平鎮段,.00,都市：住,,,,10690000
RPTPMLMLNHMFFBH98DC,雙嶺段,141.02,都市：商,,,,14390001
RPQPMLNLNHMFFBH78DC,青平段,26.60,都市：住,,,,01000000
RPTOMLNLNHMFFDH56DC,幼獅段,32.42,都市：住,,,,12010000
RPXPMLNLNHMFFEH17DC,南崁廟口段營盤坑小段,2116.00,都市：住,,,,01940000
RPPNMLNLNHMFFGH98DC,廣豐段,23.11,都市：住,,,,06970000
RPROMLNLNHMFFBH88EC,雙嶺段,1719.73,都市：住,,,,14870000
RPXNMLNLNHMFFGH17DC,廣豐段,24.33,都市：住,,,,06970000
RPVNMLNLNHMFFGH86CC,德育段,.00,都市：住,,,,01900000
RPVNMLNLNHMFFGH86CC,德育段,.00,都市：住,,,,01920000
RPTNMLNLNHMFFGH66CC,興湧段,.00,都市：住,,,,06510000
RPUOMLMLNHMFFBH88CC,石頭段,.00,都市：商,,,,00030921
RPPQMLMLNHMFFBH58CC,新街段,.00,都市：住,,,,08710000
RPXNMLMLNHMFFBH09CC,中原段,.00,都市：住,,,,05160001
RPOOMLMLNHMFFBH28CC,中寮段,.00,都市：商,,,,02480002
RPTPMLNLNHMFFEH66CC,河底段,30.37,都市：住,,,,03300000
RPTOMLNLNHMFFEH56CC,河底段,30.13,都市：住,,,,03500000
RPUPMLNLNHMFFEH76CC,錦中段,28.32,都市：工,,,,01080000
RPRQMLNLNHMFFEH56CC,河底段,27.26,都市：住,,,,03500000
RPSOMLNLNHMFFBH78CC,仁祥段,.00,都市：住,,,,00050000
RPQNMLNLNHMFFBH48CC,中寮段,5.00,都市：住,,,,08700000
RPUNMLNLNHMFFFH66CC,大和段,.00,都市：商,,,,02630000
RPWPMLTKNHMFFFH57CC,茄苳段,.00,都市：住,,,,01260000
RPSNMLNLNHMFFFH09CC,明智段,.00,都市：住,,,,00040000
RPRNMLNLNHMFFFH98CC,同福段,20.58,都市：住,,,,02770000
RPSNMLOLNHMFFEH56DC,青峰段,34.06,都市：住,,,,03090000
RPTOMLOLNHMFFFH86DC,興豐段,80.82,都市：住,,,,07510000
RPQNMLPLNHMFFCH78CC,田心子段下田心子小段,70.71,都市：住,,,,15380000
RPOOMLOLNHMFFGH09DC,廣仁段,115.96,都市：住,,,,07470000
RPOOMLOLNHMFFGH09DC,廣仁段,56.70,都市：住,,,,07610000
RPOOMLOLNHMFFGH09DC,廣仁段,13.15,都市：住,,,,07620000
RPSNMLPLNHMFFEH56CC,六福段,20.19,都市：住,,,,03270000
RPXQMLNLNHMFFAH76CC,慈文段,10.74,都市：住,,,,02520000
RPRNMLPLNHMFFAH68CC,大有段,10213.57,都市：住,,,,05450000
RPQNMLPLNHMFFAH58CC,忠義段,293.17,都市：住,,,,07370000
RPPNMLKMNHMFFEH48CC,大新段,.00,非都市： ; 非都市編定：,,,,02290002
RPSOMLLMNHMFFEH98CC,西園段,21.67,都市：住,,,,07620000
RPWOMLLMNHMFFEH76CC,西園段,21.67,都市：住,,,,07620000
RPTOMLNLNHMFFBH88CC,內厝段,.00,非都市：特定農業區 ; 非都市編定：甲種建築用地,,,,01180000
RPUOMLNLNHMFFBH98CC,環東段,.00,都市：住,,,,05130000
RPVOMLNLNHMFFBH09CC,內厝段,.00,非都市：特定農業區 ; 非都市編定：甲種建築用地,,,,01180000
RPRPMLLMNHMFFBH68CC,自立段,20.43,都市：住,,,,06670000
RPSPMLLMNHMFFBH78CC,自立段,36.89,都市：住,,,,07750000
RPSNMLLJOHMFFGH88CC,廣南段,.00,都市：商,,,,16180000
RPXPMLLJOHMFFBH56DC,石頭段,278.00,都市：商,,,,00030921
RPSOMLMJOHMFFCH68CC,埔頂段,.00,都市：住,,,,12240000
RPSOMLMJOHMFFCH68CC,埔頂段,.00,都市：商,,,,12250000
RPROMLMJOHMFFEH88DC,六福段,4.25,都市：住,,,,08130000
RPSOMLMJOHMFFEH98DC,青峰段,30.47,都市：住,,,,03090000
RPVNMLMJOHMFFEH09CC,六福段,.00,都市：住,,,,08140000
RPSNMLRLNHMFFAH98CC,龍安段,19.75,都市：商,,,,02870000
RPVRMLLJOHMFFAH98CC,同德段,34.09,都市：商,,,,00560000
RPWPMLLMNHMFFAH09CC,龍鳳段,601.92,都市：工,,,,07650013
RPPNMLTLNHMFFAH88CC,龍安段,5.17,都市：住,,,,03020001
RPSOMLLJOHMFFAH38CC,國聖段,18.85,都市：住,,,,00950000
RPXRMLMLNHMFFAH86DC,中路段,20.75,都市：其他:,,,,16890041
RPXRMLMLNHMFFAH86DC,中路段,16.75,都市：其他:,,,,16890028
RPTNMLRLNHMFFAH09CC,慈文段,159.00,都市：住,,,,17030000
RPUNMLQLNHMFFAH09CC,寶山段,.00,都市：住,,,,05880000
RPQPMLNLNHMFFAH68DC,法政段,141.00,都市：住,,,,11510000
RPXOMLMJOHMFFAH98CC,春日段,.00,都市：住,,,,10920000
RPQPMLMJOHMFFAH38CC,中路段,.00,都市：工,,,,17990001
RPTOMLMJOHMFFAH58CC,埔子段埔子小段,.00,都市：住,,,,17410035
RPTOMLMJOHMFFAH58CC,埔子段埔子小段,.00,都市：住,,,,17410040
RPTOMLMJOHMFFAH58CC,埔子段埔子小段,.00,都市：住,,,,17410070
RPSQMLMJOHMFFBH78CC,三座屋段三座屋小段,1.24,都市：其他:,,,,00040000
RPSQMLMJOHMFFBH78CC,三座屋段舊社小段,5.78,都市：其他:,,,,01170000
RPRNMLNJOHMFFFH88CC,瑞豐段,.00,非都市：鄉村區 ; 非都市編定：乙種建築用地,,,,02680000
RPSNMLNJOHMFFFH98CC,興仁段,.00,都市：商,,,,06080000
RPWNMLNJOHMFFEH76DC,南崁段,168.31,都市：住,,,,06190000
RPTNMLNJOHMFFFH09CC,福興段,.00,都市：住,,,,09400000
RPRNMLPJOHMFFHH66CC,文化段,30.02,都市：商,,,,03210000
RPSNMLPJOHMFFHH76CC,興華段,15.91,都市：住,,,,07240000
RPPOMLPJOHMFFHH56CC,自強段,23.60,都市：住,,,,05110000
RPOOMLPJOHMFFHH09CC,精忠段,16.91,都市：住,,,,15550000
RPQOMLMJOHMFFEH68CC,錦興段,.00,都市：住,,,,00550000
RPPNMLOJOHMFFEH68CC,公埔段,47.33,非都市： ; 非都市編定：,,,,07460000
RPTOMLPJOHMFFEH66CC,大新段,73.85,非都市： ; 非都市編定：,,,,01390000
RPQPMLPJOHMFFAH68CC,和平段,9.26,都市：住,,,,00370000
RPPPMLPJOHMFFAH58CC,桃園段武陵小段,3.15,都市：其他:,,,,01140037
RPTPMLPJOHMFFAH98CC,三元段,16.17,都市：住,,,,08280000
RPVPMLPJOHMFFAH56CC,忠義段,3.87,都市：住,,,,07000000
RPUPMLMJOHMFFAH78CC,大樹林段,.00,都市：住,,,,03790000
RPSNMLNJOHMFFAH48CC,長安段,.00,都市：住,,,,02140000
RPSPMLPJOHMFFAH88CC,大樹林段,39.66,都市：住,,,,07620062
RPRPMLPJOHMFFAH78CC,桃鶯段,14.58,都市：住,,,,05250005
RPXPMLPJOHMFFAH76CC,忠義段,4.38,都市：住,,,,05140000
RPWPMLPJOHMFFAH66CC,國聖段,9.62,都市：住,,,,03500000
RPWNMLPJOHMFFAH09CC,中山段,.00,都市：住,,,,03520004
RPTPMLMJOHMFFAH68CC,中山段,.00,都市：住,,,,02420000
RPRQMLPJOHMFFBH98CC,華興段,.00,都市：農,,,,00260000
RPSRMLPJOHMFFBH56CC,興南段興南小段,.00,都市：商,,,,02680000
RPQNMLPJOHMFFEH98DC,竹圍段拔子林小段,78.59,都市：住,,,,01720001
RPXQMLPJOHMFFBH07DC,三座屋段舊社小段,6.48,都市：住,,,,01170004
RPPQMLPJOHMFFBH88DC,中北段,4.00,都市：其他:,,,,06670001
RPPQMLPJOHMFFBH88DC,中北段,88.00,都市：其他:,,,,06870014
RPPQMLPJOHMFFBH88DC,中北段,15.00,都市：其他:,,,,06890005
RPXNMLPJOHMFFGH27DC,南華段,19.81,都市：住,,,,07680000
RPXNMLPJOHMFFGH27DC,南華段,65.80,都市：住,,,,07680013
RPQOMLPJOHMFFGH66DC,平南段,50.46,都市：住,,,,01620000
RPPNMLQJOHMFFDH88DC,頭重溪段,75.00,都市：住,,,,02040160
RPOOMLQJOHMFFEH98DC,客運一段,9.98,都市：住,,,,01490000
RPRNMLQJOHMFFCH98DC,烏樹林段,22.56,非都市：鄉村區 ; 非都市編定：乙種建築用地,,,,03350054
RPTNMLQJOHMFFCH56DC,九龍段,139.07,非都市：一般農業區 ; 非都市編定：丁種建築用地,,,,00930000
RPTNMLQJOHMFFCH56DC,九龍段,2464.43,非都市：一般農業區 ; 非都市編定：丁種建築用地,,,,00940000
RPTPMLQJOHMFFBH56CC,榮南段,11.80,都市：住,,,,00780000
RPQOMLQJOHMFFBH78CC,忠孝段,.00,都市：住,,,,04560000
RPPNMLQJOHMFFFH98CC,大義段,.00,都市：住,,,,00640000
RPSOMLQJOHMFFDH56CC,草湳坡段埔心小段,.00,都市：商,,,,00230003
RPPRMLQJOHMFFDH56CC,草湳坡段草湳坡小段,851.00,都市：工,,,,00350016
RPPRMLQJOHMFFDH56CC,草湳坡段草湳坡小段,524.00,都市：工,,,,00350017
RPPRMLQJOHMFFDH56CC,草湳坡段草湳坡小段,55.00,都市：其他:,,,,00350022
RPPRMLQJOHMFFDH56CC,草湳坡段草湳坡小段,77.00,都市：其他:,,,,00350023
RPPRMLQJOHMFFDH56CC,草湳坡段草湳坡小段,26.00,都市：其他:,,,,00350025
RPPRMLQJOHMFFDH56CC,草湳坡段草湳坡小段,17.00,都市：其他:,,,,00350029
RPPQMLQJOHMFFAH78CC,春日段,44.69,都市：住,,,,04680000
RPPQMLQJOHMFFAH78CC,春日段,44.69,都市：住,,,,04690000
RPPQMLQJOHMFFAH78CC,春日段,22.88,都市：住,,,,04780000
RPOOMLRJOHMFFAH58CC,法政段,28.97,都市：住,,,,04930000
RPOQMLPJOHMFFAH58CC,大有段,11.23,都市：住,,,,05450000
RPSQMLPJOHMFFAH98CC,春日段,10.65,都市：住,,,,05990000
RPPQMLPJOHMFFAH68CC,忠義段,6.14,都市：住,,,,07000000
RPROMLQJOHMFFAH78CC,西門段,.00,都市：住,,,,11190000
RPQQMLPJOHMFFAH78CC,寶山段,16.26,都市：住,,,,08360000
RPWOMLSJOHMFFDH17CC,大金山下段大金山下小段,.00,都市：住,,,,00460000
RPTQMLSJOHMFFDH07CC,楊梅段,16.10,都市：住,,,,00730000
RPQOMLSJOHMFFEH66CC,南榮段,605.08,都市：其他:空白,,,,02920000
RPOPMLSJOHMFFEH56CC,青山段,68.44,都市：住,,,,00730000
RPRPMLSJOHMFFEH86CC,竹中段,114.97,非都市： ; 非都市編定：,,,,11630000
RPUPMLSJOHMFFEH17CC,青山段,44.84,都市：住,,,,03190001
RPVNMLSJOHMFFGH27CC,新富段,4.53,都市：住,,,,03710000
RPUOMLSJOHMFFEH17DC,南崁段,168.31,都市：住,,,,06190000
RPROMLSJOHMFFFH96DC,大智段,26.14,都市：住,,,,04200000
RPQQMLSJOHMFFBH56CC,普義段,11.37,都市：住,,,,04370000
RPUPMLQJOHMFFBH66CC,興南段興南小段,20.80,都市：住,,,,02270639
RPWPMLSJOHMFFDH47EC,清華段,80.82,非都市：特定農業區 ; 非都市編定：甲種建築用地,,,,04160000
RPXNMLSJOHMFFBH96CC,新街段,.00,都市：住,,,,08620000
RPXTMLSJOHMFFBH57CC,忠義段,11.00,都市：工,,,,01190019
RPXTMLSJOHMFFBH57CC,忠義段,4.00,都市：工,,,,01280001
RPXTMLSJOHMFFBH57CC,忠義段,103.00,都市：工,,,,00560010
RPQOMLTJOHMFFBH09CC,三座屋段三座屋小段,11.69,都市：住,,,,18280000
RPXOMLTJOHMFFEH57DC,青峰段,30.80,都市：住,,,,03280000
RPSNMLTJOHMFFGH07CC,金鍊段,.00,都市：住,,,,07380000
RPWOMLTJOHMFFEH47DC,青峰段,54.93,都市：住,,,,03820000
RPPPMLTJOHMFFBH09CC,三座屋段三座屋小段,.00,都市：住,,,,00220000
RPSOMLTJOHMFFBH66CC,後興段,.00,都市：住,,,,04990003
RPPNMLLKOHMFFEH48CC,大興段,19.97,非都市： ; 非都市編定：,,,,00940000
RPXNMLMKOHMFFGH96CC,環南段,.00,都市：住,,,,00390000
RPVOMLMKOHMFFBH98CC,石頭段,.00,都市：商,,,,00030891
RPVOMLMKOHMFFBH98CC,石頭段,.00,都市：商,,,,00030892
RPPRMLPJOHMFFBH98DC,雙嶺段,2286.58,都市：住,,,,15130000
RPTNMLMKOHMFFEH09DC,錦興段,16.98,都市：住,,,,06610000
RPTNMLMKOHMFFGH66DC,廣豐段,24.33,都市：住,,,,06970000
RPWNMLMKOHMFFGH96DC,廣豐段,22.21,都市：住,,,,03810000
RPQOMLSJOHMFFFH76CC,福興段,.00,都市：住,,,,08230000
RPQNMLQJOHMFFFH09CC,興豐段,.00,都市：住,,,,25000000
RPUPMLNKOHMFFAH98CC,大樹林段,.00,都市：住,,,,03790000
RPXPMLMKOHMFFAH56CC,富國段,.00,都市：住,,,,03290000
RPOPMLSJOHMFFAH78CC,大有段,.00,都市：住,,,,02100000
RPOPMLSJOHMFFAH78CC,大有段,.00,都市：住,,,,02110000
RPUNMLNKOHMFFEH56CC,錦興段,3102.15,都市：住,,,,03590000
RPXNMLNKOHMFFEH86CC,富興段,.00,都市：農,,,,02410001
RPSPMLNKOHMFFGH76CC,平東段,169.01,都市：住,,,,02390000
RPSPMLNKOHMFFGH76CC,平東段,11.30,都市：住,,,,02410008
RPSPMLNKOHMFFGH76CC,平東段,19.27,都市：住,,,,02390001
RPOOMLMKOHMFFGH78CC,新富段,.00,都市：住,,,,04550000
RPPPMLOKOHMFFEH98CC,水尾段,30.03,都市：工,,,,15810000
RPPPMLOKOHMFFEH98CC,水尾段,14.32,都市：工,,,,15820000
RPPPMLOKOHMFFEH98CC,水尾段,235.02,都市：工,,,,15830000
RPPPMLOKOHMFFEH98CC,水尾段,42.93,都市：工,,,,15840000
RPPPMLOKOHMFFEH98CC,水尾段,17.05,都市：工,,,,15850000
RPPPMLOKOHMFFEH98CC,水尾段,195.22,都市：工,,,,15860000
RPPPMLOKOHMFFEH98CC,水尾段,1.13,都市：工,,,,15840001
RPPPMLOKOHMFFEH98CC,水尾段,.50,都市：工,,,,15850001
RPPPMLOKOHMFFEH98CC,水尾段,2.59,都市：工,,,,15860001
RPROMLOKOHMFFFH56CC,新興段,.00,非都市：特定農業區 ; 非都市編定：甲種建築用地,,,,11760000
RPPNMLOKOHMFFAH38CC,和平段,122.00,都市：住,,,,01430000
RPWNMLOKOHMFFAH09CC,國聖段,.00,都市：工,,,,03500000
RPXNMLOKOHMFFAH56CC,同安段,.00,都市：住,,,,18130000
RPRNMLOKOHMFFFH56DC,福興段,20.08,都市：住,,,,07890000
RPVNMLQKOHMFFAH56CC,龍安段,13.27,都市：住,,,,02690000
RPVNMLQKOHMFFDH86CC,草湳坡段埔心小段,.00,都市：住,,,,00300068
RPXNMLMKOHMFFDH66CC,大金山下段大金山下小段,.00,都市：住,,,,00460000
RPUNMLQKOHMFFDH76CC,大金山下段大金山下小段,.00,都市：住,,,,00460000
RPWNMLTJOHMFFDH17CC,大金山下段大金山下小段,.00,都市：住,,,,00460000
RPRNMLRKOHMFFCH09CC,烏林段,651.00,非都市：工業區 ; 非都市編定：丁種建築用地,,,,00950000
RPOOMLTKOHMFFGH96DC,忠貞段,159.00,都市：住,,,,00010093
RPWNMLNKOHMFFHH07CC,善捷段,23.41,都市：住,,,,00010000
RPSNMLMKOHMFFHH56CC,興華段,7.16,都市：商,,,,00510000
RPUOMLTKOHMFFBH96CC,自立段,20.01,都市：住,,,,06700001
RPSOMLTKOHMFFBH76CC,榮民段,15.11,都市：住,,,,00090000
RPTOMLTKOHMFFBH86CC,中工段,.00,都市：住,,,,17090004
RPTOMLTKOHMFFBH86CC,中工段,.00,都市：住,,,,17090005
RPQOMLTKOHMFFBH56CC,遠東段,.00,都市：住,,,,03630000
RPQNMLRKOHMFFBH88CC,內壢段,7408.00,都市：其他:乙種工業區,,,,37630001
RPQQMLNKOHMFFBH78CC,石頭段,.00,都市：商,,,,00030068
RPQQMLNKOHMFFBH78CC,石頭段,.00,都市：商,,,,00030107
RPQOMLNKOHMFFBH58CC,三座屋段三座屋小段,.00,都市：商,,,,18280000
RPROMLTKOHMFFBH66CC,復興段,.00,都市：住,,,,09090006
RPVOMLOKOHMFFBH56CC,山上段,.00,非都市：特定農業區 ; 非都市編定：甲種建築用地,,,,04680000
RPWOMLMKOHMFFBH09CC,復興段,.00,都市：住,,,,20260000
RPQNMLTKOHMFFDH66CC,大金山下段大金山下小段,.00,都市：住,,,,00100004
RPVOMLTKOHMFFBH07CC,忠義段,.00,都市：工,,,,00060000
RPVNMLTKOHMFFHH57CC,興華段,6.87,都市：商,,,,00280000
RPWNMLTKOHMFFHH67CC,興華段,43.61,都市：住,,,,01820000
RPRNMLTKOHMFFDH76CC,大金山下段大金山下小段,.00,都市：住,,,,00100004
RPOOMLTKOHMFFEH66CC,六福段,7.80,都市：工,,,,03270000
RPTNMLKLOHMFFGH09CC,振平段,.00,都市：住,,,,10910000
RPUONLTKOHMFFFH47CC,福興段,.00,都市：住,,,,09400000
RPWNMLKLOHMFFGH76CC,富貴段,.00,都市：住,,,,08480000
RPVNMLKLOHMFFGH66CC,東安段,.00,都市：住,,,,03010000
RPVNMLKLOHMFFGH66CC,東安段,.00,都市：其他:(道路用地),,,,03010001
RPWNMLTKOHMFFEH37CC,竹圍段拔子林小段,37.65,都市：住,,,,01910000
RPSNMLKLOHMFFFH88CC,興仁段,20.20,都市：商,,,,06080000
RPVPMLKLOHMFFBH98CC,後寮段,.00,都市：其他:(道路用地.住宅區),,,,02530000
RPRNMLTKOHMFFGH07CC,廣北段,.00,都市：住,,,,15460000
RPPPMLLLOHMFFBH58DC,月眉段,163.00,非都市：特定農業區 ; 非都市編定：甲種建築用地,,,,12610001
RPWPMLKLOHMFFBH09CC,中壢埔頂段,.00,都市：農,,,,11110000
RPVNMLLLOHMFFBH88CC,興南段興南小段,.00,都市：商,,,,02750000
RPOQMLKLOHMFFBH38CC,中壢埔頂段,.00,都市：住,,,,15230001
RPXNMLLLOHMFFBH09CC,環東段,.00,都市：住,,,,10470006
RPWNMLLLOHMFFBH98CC,仁和段,.00,都市：商,,,,04170000
RPWNMLLLOHMFFBH98CC,仁和段,.00,都市：住,,,,04170001
RPWNMLLLOHMFFBH98CC,仁和段,.00,都市：住,,,,04210000
RPQOMLLLOHMFFBH48CC,仁愛段,.00,都市：住,,,,07760006
RPQOMLKLOHMFFEH78DC,青山段,101.27,都市：住,,,,03550000
RPSNMLKLOHMFFEH88DC,山鼻段,91.23,都市：其他:道路用地,,,,08590000
RPSNMLKLOHMFFEH88DC,山鼻段,562.13,都市：工,,,,08590001
RPSNMLKLOHMFFEH88DC,山鼻段,52.49,都市：其他:道路用地,,,,08600000
RPSNMLKLOHMFFEH88DC,山鼻段,130.58,都市：工,,,,08600001
RPSNMLKLOHMFFEH88DC,山鼻段,279.80,都市：工,,,,08610000
RPSNMLKLOHMFFEH88DC,山鼻段,175.30,都市：其他:道路用地,,,,08610002
RPSNMLKLOHMFFEH88DC,山鼻段,324.93,都市：工,,,,08620000
RPSNMLKLOHMFFEH88DC,山鼻段,271.63,都市：工,,,,08630000
RPSNMLKLOHMFFEH88DC,山鼻段,43.63,都市：工,,,,08640000
RPSNMLKLOHMFFEH88DC,山鼻段,167.08,都市：工,,,,08650000
RPSNMLKLOHMFFEH88DC,山鼻段,111.92,都市：工,,,,08660000
RPSNMLKLOHMFFEH88DC,山鼻段,997.82,都市：工,,,,08670000
RPSNMLKLOHMFFEH88DC,山鼻段,3240.19,都市：工,,,,08710000
RPSNMLKLOHMFFEH88DC,山鼻段,.33,都市：工,,,,08610001
RPUNMLKLOHMFFEH09DC,青峰段,55.58,都市：住,,,,03090000
RPWOMLLLOHMFFBH09CC,中北段,.00,都市：其他:(住宅區.河川區),,,,06680000
RPROMLLLOHMFFBH58CC,中北段,.00,都市：其他:(住宅區.河川區),,,,06680000
RPXOMLLLOHMFFBH56CC,自立段,.00,都市：住,,,,07230000
RPOPMLLLOHMFFBH38CC,遠東段,.00,都市：住,,,,03630000
RPSNMLLLOHMFFEH88CC,青山段,.00,都市：住,,,,03740000
RPPPMLLLOHMFFAH38CC,同德段,.00,都市：商,,,,00250000
RPWOMLLLOHMFFAH98CC,同德段,.00,都市：商,,,,00250000
RPROMLLLOHMFFGH09CC,高雙段,.00,都市：住,,,,02430000
RPROMLLLOHMFFGH09CC,高雙段,.00,都市：住,,,,02490000
RPOPMLMLOHMFFBH58DC,培英段,18.86,都市：住,,,,00090000
RPXOMLMLOHMFFBH76DC,培英段,18.43,都市：住,,,,00060000
RPSPMLMLOHMFFBH98DC,忠福段,12.25,都市：住,,,,31260000
RPRNMLMLOHMFFGH09CC,廣北段,.00,都市：住,,,,08830000
RPQNMLMLOHMFFDH78DC,長岡嶺段,13.20,都市：住,,,,04600000
RPUNMLNLOHMFFEH76DC,竹圍段拔子林小段,88.00,都市：住,,,,01620007
RPQNMLNLOHMFFHH56CC,警大段,1316.52,都市：其他:,,,,05930000
RPQNMLNLOHMFFHH56CC,警大段,857.61,都市：其他:,,,,05680000
RPRNMLNLOHMFFHH76DC,興華段,372.00,都市：商,,,,00330000
RPPNMLPLOHMFFEH98CC,大新段,30.20,非都市： ; 非都市編定：,,,,00470000
RPPNMLOLOHMFFAH48CC,中埔段,10.72,都市：住,,,,06940000
RPQOMLQLOHMFFAH88CC,八角店段,182.36,非都市：鄉村區 ; 非都市編定：乙種建築用地,,,,06140000
RPOOMLQLOHMFFAH68CC,汴洲段,133.00,都市：商,,,,02990003
RPQPMLLLOHMFFBH58CC,忠福段,.00,都市：住,,,,31450000
RPWNMLKLOHMFFFH66CC,興隆段,.00,都市：住,,,,07290000
RPXNMLKLOHMFFFH76CC,大竹段,.00,非都市：特定農業區 ; 非都市編定：甲種建築用地,,,,08190000
RPWNMLQLOHMFFEH27DC,青峰段,25.34,都市：住,,,,03090000
RPPNMLOLOHMFFFH98CC,興仁段,3111.16,都市：住,,,,06150000
RPVNMLLLOHMFFFH66CC,豐田段,.00,都市：住,,,,14870000
RPOOMLQLOHMFFFH66DC,大智段,11.54,都市：其他:住商,,,,01480000
RPSOMLRLOHMFFCH86DC,五福段,43.07,都市：住,,,,09530000
RPUOMLQLOHMFFCH96DC,武漢段,141.30,非都市：鄉村區 ; 非都市編定：乙種建築用地,,,,04850000
RPPQMLRLOHMFFBH66DC,青溪段,1436.70,都市：其他:,,,,04800000
RPWPMLRLOHMFFDH47DC,楊梅段,117.00,都市：住,,,,00690070
RPROMLRLOHMFFEH86CC,田心子段田心子小段,266.00,都市：工,,,,00840022
RPROMLRLOHMFFEH86CC,田心子段田心子小段,9.00,都市：工,,,,00840028
RPUOMLRLOHMFFHH47CC,興華段,3.36,都市：住,,,,00280000
RPQNMLSLOHMFFAH09DC,國強段,8.33,都市：住,,,,00490000
RPUOMLSLOHMFFEH27CC,公埔段,109.73,都市：其他:,,,,05670001
RPUOMLSLOHMFFEH27CC,公埔段,411.52,都市：其他:,,,,05670002
RPROMLKLOHMFFFH98DC,大智段,26.14,都市：住,,,,04200000
RPSNMLLLOHMFFFH09DC,大智段,24.16,都市：住,,,,04200000
RPVNMLSLOHMFFBH96CC,老街溪段,.00,都市：住,,,,13580000
RPTOMLSLOHMFFBH86CC,東寮段,.00,都市：住,,,,02880000
RPRQMLSLOHMFFBH86CC,中北段,.00,都市：住,,,,02660003
RPQQMLSLOHMFFBH76CC,中北段,.00,都市：住,,,,02660002
RPOOMLSLOHMFFBH09DC,復興段,95.60,都市：住,,,,20430000
RPQOMLSLOHMFFBH66DC,復興段,21.12,都市：住,,,,20620000
RPXNMLSLOHMFFEH57DC,青山段,122.54,都市：住,,,,03550000
RPXOMLSLOHMFFCH37CC,潛龍段,.53,非都市：鄉村區 ; 非都市編定：乙種建築用地,,,,10790000
RPXOMLSLOHMFFCH37CC,潛龍段,42.55,非都市：鄉村區 ; 非都市編定：乙種建築用地,,,,10990000
RPWNMLSLOHMFFGH67DC,金星段,17.88,都市：住,,,,01240000
RPVOMLSLOHMFFGH67DC,平鎮段,15.17,都市：商,,,,09540000
RPOOMLTLOHMFFBH09CC,石頭段,.00,都市：商,,,,00310135
RPVOMLRLOHMFFHH57CC,興華段,4.17,都市：住,,,,00280000
RPPOMLTLOHMFFBH56CC,三座屋段舊社小段,.00,都市：住,,,,04010000
RPQNMLTLOHMFFHH17CC,龍華段,11.60,都市：住,,,,04660000
RPSNMLKMOHMFFHH56CC,興華段,23.20,都市：住,,,,06750000
RPTNMLKMOHMFFHH66CC,文化段,52.89,都市：住,,,,01190000
RPTNMLRLOHMFFAH56CC,龍鳳段,.00,都市：住,,,,09920000
RPSPMLQLOHMFFAH56CC,寶山段,.00,都市：商,,,,07230000
RPOOMLRLOHMFFAH78CC,埔子段埔子小段,1.80,都市：住,,,,20090049
RPOOMLRLOHMFFAH78CC,埔子段埔子小段,30.20,都市：住,,,,20090049
RPOOMLRLOHMFFAH78CC,埔子段埔子小段,.40,都市：住,,,,20090049
RPXPMLTLOHMFFAH37CC,慈文段,76.99,都市：商,,,,00570000
RPVNMLRLOHMFFAH76CC,和平段,15.60,都市：住,,,,03730000
RPXPMLQLOHMFFAH07CC,同德段,20.00,都市：商,,,,00250000
RPXOMLTLOHMFFAH27CC,同安段,28.62,都市：住,,,,14690000
RPTNMLKMOHMFFGH56CC,正義段,274.09,非都市：特定農業區 ; 非都市編定：甲種建築用地,,,,04370000
RPSNMLRLOHMFFAH09CC,新埔段,.00,都市：住,,,,02730001
RPUPMLSLOHMFFAH96CC,富國段,10.78,都市：住,,,,04460000
RPPOMLKMOHMFFAH28CC,大樹林段,6.39,都市：住,,,,03790000
RPRNMLKMOHMFFFH88CC,高城段,5.17,都市：其他:公設地,,,,01380000
RPRNMLKMOHMFFFH88CC,高城段,35.82,都市：其他:公設地,,,,01390000
RPRNMLKMOHMFFFH88CC,高城段,72.78,都市：其他:公設地,,,,01400000
RPRNMLKMOHMFFFH88CC,高城段,108.31,都市：其他:公設地,,,,01410000
RPRNMLKMOHMFFFH88CC,高城段,1.20,都市：其他:公設地,,,,01420000
RPRNMLKMOHMFFFH88CC,高城段,8.17,都市：其他:公設地,,,,01430000
RPRNMLKMOHMFFFH88CC,高城段,50.63,都市：其他:公設地,,,,01440000
RPRNMLKMOHMFFFH88CC,高城段,79.48,都市：其他:公設地,,,,01450000
RPRNMLKMOHMFFFH88CC,高城段,34.22,都市：其他:公設地,,,,01480000
RPRNMLKMOHMFFFH88CC,高城段,75.67,都市：其他:公設地,,,,01490000
RPRNMLKMOHMFFFH88CC,高城段,97.50,都市：其他:公設地,,,,01500000
RPRNMLKMOHMFFFH88CC,高城段,6.47,都市：其他:公設地,,,,01510000
RPRNMLKMOHMFFFH88CC,高城段,14.51,都市：其他:公設地,,,,01530000
RPRNMLKMOHMFFFH88CC,高城段,109.38,都市：其他:公設地,,,,01530001
RPRNMLKMOHMFFFH88CC,高城段,22.37,都市：其他:公設地,,,,01540000
RPQOMLKMOHMFFAH38CC,大樹林段,10.27,都市：住,,,,03790000
RPQOMLKMOHMFFBH58DC,新街段,7992.51,都市：住,,,,08620000
RPROMLKMOHMFFFH09DC,福興段,12.35,都市：住,,,,09610000
RPROMLNJPHMFFAH58CC,雲林段,.00,都市：住,,,,00200000
RPPOMLNJPHMFFAH38CC,西門段,.00,都市：住,,,,06810000
RPRNMLNJPHMFFBH58CC,成功段,348.00,都市：住,,,,13610000
RPVNMLNJPHMFFDH56CC,二重溪段,.00,都市：住,,,,00590000
RPXNMLNJPHMFFDH76CC,頭重溪段,.00,都市：住,,,,01660096
RPOOMLNJPHMFFDH58CC,大金山下段大金山下小段,.00,都市：住,,,,00460000
RPQOMLNJPHMFFDH78CC,甡甡段,.00,都市：農,,,,01510000
RPROMLNJPHMFFDH88CC,草湳坡段埔心小段,.00,都市：住,,,,00330365
RPSOMLNJPHMFFDH98CC,大金山下段大金山下小段,.00,都市：住,,,,00810000
RPUNMLNJPHMFFEH56CC,河底段,.00,都市：住,,,,01440000
RPWNMLNJPHMFFEH76CC,河底段,.00,都市：住,,,,03300000
RPSOMLNJPHMFFHH76CC,興華段,4.95,都市：商,,,,00440000
RPWNMLNJPHMFFDH76DC,新明段,18.37,都市：住,,,,03220000
RPWNMLNJPHMFFDH76DC,新明段,.06,都市：住,,,,03220001
RPROMLOJPHMFFHH86DC,南上段,11546.53,都市：工,,,,08790000
RPSOMLOJPHMFFEH56CC,錦明段,13.56,都市：商,,,,01380000
RPPPMLPJPHMFFFH56CC,大和段,.00,都市：住,,,,02910000
RPQNMLNJPHMFFGH98CC,東社段,37.09,都市：住,,,,09400000
RPTNMLLJPHMFFAH48CC,大興段,162.04,都市：住,,,,10650000
RPXNMLLJPHMFFAH88CC,忠義段,3.88,都市：住,,,,07000000
RPUNMLLJPHMFFAH58CC,慈文段,23.19,都市：住,,,,22210000
RPWNMLLJPHMFFAH78CC,同安段,278.90,都市：住,,,,13860000
RPSNMLLJPHMFFAH38CC,埔子段北門埔子小段,.27,都市：住,,,,00300019
RPOOMLLJPHMFFAH08CC,寶山段,10.33,都市：住,,,,07500000
RPUNMLQJPHMFFGH07CC,正義段,.00,非都市：鄉村區 ; 非都市編定：乙種建築用地,,,,06520000
RPRNMLLJPHMFFAH28CC,三元段,10.51,都市：住,,,,07840000
RPQNMLLJPHMFFAH18CC,桃園段武陵小段,6.38,都市：住,,,,01670000
RPQNMLLJPHMFFAH18CC,桃園段武陵小段,.95,都市：住,,,,00290014
RPOQMLQJPHMFFBH88CC,三座屋段舊社小段,.00,都市：住,,,,01270069
RPXNMLQJPHMFFAH76CC,建國段,.00,都市：住,,,,08360003
RPOOMLRJPHMFFBH78CC,中工段,.00,都市：住,,,,17090000
RPOOMLRJPHMFFBH78CC,中工段,.00,都市：住,,,,17090003
RPPQMLQJPHMFFBH98CC,後寮段,.00,都市：住,,,,05380003
RPXNMLQJPHMFFDH17DC,大金山下段大金山下小段,5.00,都市：住,,,,00100004
RPUNMLRJPHMFFBH66CC,中工段,.00,都市：住,,,,17090004
RPUNMLRJPHMFFBH66CC,中工段,.00,都市：住,,,,17090005
RPSQMLRJPHMFFBH76CC,中工段,1800.00,都市：工,,,,17590000
RPTPMLRJPHMFFGH27CC,平東段,22.60,都市：住,,,,06160000
RPSUMLRJPHMFFBH17CC,三座屋段三座屋小段,16.29,都市：住,,,,14550003
RPQOMLRJPHMFFBH98CC,中工段,.00,非都市：工業區 ; 非都市編定：丁種建築用地,,,,08110000
RPPNMLTJPHMFFGH86CC,東安段,15.31,都市：住,,,,08130000
RPXNMLRJPHMFFEH27CC,六福段,20.21,都市：工,,,,03270000
RPPOMLRJPHMFFBH88CC,復興段,.00,都市：住,,,,09100000
RPTNMLKKPHMFFGH09CC,平東段,22.60,都市：住,,,,06160000
RPRNMLKKPHMFFBH38CC,普義段,.00,都市：住,,,,06120000
RPTNMLKKPHMFFAH48CC,新埔段,46.28,都市：住,,,,01970000
RPPQMLKKPHMFFAH38CC,大樹林段,6.38,都市：住,,,,03790000
RPWNMLKKPHMFFBH88CC,三座屋段三座屋小段,.00,都市：住,,,,15680027
RPXPMLKKPHMFFAH09CC,中埔段,12.99,都市：住,,,,07320000
RPVOMLKKPHMFFBH98DC,自立段,4940.00,都市：住,,,,12650000
RPOQMLKKPHMFFAH28CC,中埔段,4.08,都市：住,,,,04910000
RPUNMLKKPHMFFEH09DC,青峰段,25.10,都市：住,,,,03090000
RPOOMLLKPHMFFAH18CC,富國段,24.24,都市：住,,,,00610000
RPPOMLLKPHMFFAH28CC,中埔段,.00,都市：住,,,,00500000
RPOOMLLKPHMFFBH28CC,三座屋段舊社小段,.00,都市：住,,,,01170000
RPROMLLKPHMFFAH48CC,西埔段,14.14,都市：住,,,,10130000
RPRNMLLKPHMFFBH48CC,石頭段,.00,都市：商,,,,00030891
RPRNMLLKPHMFFBH48CC,石頭段,.00,都市：商,,,,00030892
RPPPMLLKPHMFFBH48CC,三座屋段三座屋小段,185.98,都市：住,,,,06440084
RPUPMLMKPHMFFAH98CC,會稽段,80.55,都市：住,,,,10520000
RPTPMLLKPHMFFBH88CC,忠義段,.00,都市：工,,,,00060000
RPPSMLMKPHMFFBH88CC,忠義段,.00,都市：工,,,,00060000
RPTOMLNKPHMFFAH88CC,中路段,5.09,都市：住,,,,16740074
RPTOMLNKPHMFFAH88CC,中路段,35.20,都市：住,,,,16740037
RPPPMLNKPHMFFAH58CC,忠義段,14.77,都市：住,,,,06990000
RPUOMLLKPHMFFAH78CC,慈文段,.00,都市：住,,,,21540001
RPPOMLNKPHMFFBH58CC,新街段,.00,都市：商,,,,01470000
RPTOMLLKPHMFFAH68CC,中路段,.00,都市：住,,,,26570000
RPSNMLLKPHMFFEH88CC,六福段,7.55,都市：住,,,,08130000
RPVNMLMKPHMFFEH66CC,大興段,24.23,非都市： ; 非都市編定：,,,,00820000
RPWOMLNKPHMFFAH66DC,國強段,8.33,都市：住,,,,00490000
RPPQMLNKPHMFFFH66DC,大和段,122.27,都市：住,,,,01690000
RPOOMLNKPHMFFCH58CC,埔頂段,.00,都市：住,,,,12240000
RPOOMLNKPHMFFCH58CC,埔頂段,.00,都市：商,,,,12250000
RPRNMLNKPHMFFBH68CC,青平段,25.07,都市：住,,,,01800000
RPTOMLOKPHMFFAH09DC,中路段,17.94,都市：住,,,,16830000
RPQPMLNKPHMFFAH78DC,大樹林段,7.93,都市：住,,,,05330005
RPXOMLOKPHMFFAH86DC,中路段,132.00,都市：住,,,,18050049
RPOOMLOKPHMFFDH78CC,青田段,2641.49,非都市：特定農業區 ; 非都市編定：農牧用地,,,,06620000
RPWOMLOKPHMFFBH76CC,興南段公坡小段,508.00,都市：農,,,,00110001
RPWOMLOKPHMFFBH76CC,興南段公坡小段,2476.00,都市：農,,,,00110000
RPWOMLOKPHMFFBH76CC,興南段公坡小段,1704.00,都市：農,,,,00170000
RPWOMLOKPHMFFBH76CC,興南段公坡小段,218.00,都市：農,,,,00180000
RPVNMLKKPHMFFHH76CC,東嶺段,107.33,非都市：山坡地保育區 ; 非都市編定：丙種建築用地,,,,03090000
RPVNMLKKPHMFFHH76CC,東嶺段,3.99,非都市：山坡地保育區 ; 非都市編定：丙種建築用地,,,,03100000
RPVNMLKKPHMFFHH76CC,東嶺段,1.76,非都市：山坡地保育區 ; 非都市編定：丙種建築用地,,,,03120000
RPVNMLKKPHMFFHH76CC,東嶺段,.25,非都市：山坡地保育區 ; 非都市編定：丙種建築用地,,,,03130000
RPVNMLOKPHMFFGH17DC,廣仁段,15.00,都市：住,,,,08320000
RPUNMLKKPHMFFHH66CC,龜山段,42.00,都市：住,,,,09170000
RPUNMLKKPHMFFHH66CC,龜山段,17.00,都市：其他:道路用地,,,,09180001
RPQNMLOKPHMFFGH56CC,金鍊段,.00,都市：住,,,,07380000
RPTNMLRKPHMFFBH66CC,中寮段,.00,都市：住,,,,08720000
RPVNMLRKPHMFFBH86CC,石頭段,.00,都市：住,,,,05110011
RPTOMLSKPHMFFHH57DC,煉油段,1485.59,都市：工,,,,01840000
RPXPMLRKPHMFFHH87CC,興華段,4.17,都市：商,,,,00280000
RPRNMLRKPHMFFGH96CC,廣仁段,.00,都市：商,,,,00030000
RPWPMLRKPHMFFHH87DC,南上段,28.87,都市：工,,,,08790000
RPPPMLSKPHMFFBH66DC,普義段,18.80,都市：住,,,,17300017
RPTNMLSKPHMFFCH86CC,潛龍段,.53,非都市：鄉村區 ; 非都市編定：乙種建築用地,,,,10790000
RPTNMLSKPHMFFCH86CC,潛龍段,25.77,非都市：鄉村區 ; 非都市編定：乙種建築用地,,,,10990000
RPWPMLNKPHMFFFH17CC,大和段,.00,都市：住,,,,02550000
RPTPMLSKPHMFFHH57CC,興華段,16.90,都市：商,,,,00910000
RPRPMLSKPHMFFHH37CC,文化段,8.65,都市：商,,,,04020000
RPUQMLSKPHMFFHH77CC,華亞段,.00,非都市： ; 非都市編定：,,,,01150000
RPUQMLSKPHMFFHH77CC,華亞段,.00,非都市： ; 非都市編定：,,,,01150001
RPWOMLTKPHMFFAH27DC,中埔段,10.09,都市：住,,,,00500000
RPQPMLTKPHMFFAH76DC,中平段,12.80,都市：住,,,,03730000
RPQPMLTKPHMFFAH76DC,中平段,.22,都市：住,,,,03730001
RPQPMLTKPHMFFAH76DC,中平段,11.86,都市：住,,,,03740001
RPSNMLTKPHMFFDH96CC,大金山下段大金山下小段,.00,都市：住,,,,00810000
RPROMLTKPHMFFDH96CC,草湳坡段埔心小段,.00,都市：住,,,,00230016
RPVOMLTKPHMFFDH37CC,大金山下段大金山下小段,.00,都市：住,,,,00100004
RPVNMLTKPHMFFDH27CC,二重溪段,.00,都市：住,,,,00690008
RPSNMLTKPHMFFFH17CC,大忠段,.00,都市：住,,,,08780000
RPQPMLTKPHMFFDH96CC,大金山下段大金山下小段,.00,都市：住,,,,00100004
RPPOMLTKPHMFFEH96DC,青峰段,30.48,都市：住,,,,03090000
RPWNMLKLPHMFFEH76DC,河底段,4.98,都市：住,,,,06000000
RPTNMLKLPHMFFFH56DC,大和段,25.22,都市：住,,,,02550000
RPSQMLSKPHMFFHH67DC,南上段,28.87,都市：工,,,,08790000
RPSNMLKLPHMFFFH56EC,明智段,23.73,都市：住,,,,00270000
RPRNMLKLPHMFFHH56DC,精忠段,35.58,都市：住,,,,13840000
RPVNMLTKPHMFFBH07CC,前寮段,.00,都市：住,,,,08710065
RPXNMLRKPHMFFBH07CC,復興段,.00,都市：住,,,,20190000
RPXNMLRKPHMFFBH07CC,復興段,.00,都市：住,,,,20190005
RPSOMLRKPHMFFEH96CC,大新段,99.47,都市：住,,,,04800000
RPRPMLKLPHMFFAH58CC,中路段,8.34,都市：住,,,,16060025
RPWNMLRKPHMFFEH27CC,羊稠段,.00,都市：住,,,,05370000
RPWNMLKLPHMFFBH98CC,中工段,.00,非都市：工業區 ; 非都市編定：丁種建築用地,,,,05890001
RPQOMLKLPHMFFBH48CC,青平段,26.33,都市：住,,,,00020000
RPSPMLKLPHMFFAH68CC,龍安段,18.93,都市：住,,,,02580000
RPSOMLKLPHMFFFH09CC,茄明段,31.69,都市：住,,,,04090000
RPUNMLKLPHMFFAH68CC,大樹林段,.00,都市：其他:(綠地用地.住宅區),,,,07820025
RPUNMLKLPHMFFCH98DC,僑愛段,75.56,都市：其他:空白,,,,04060000
RPTNMLKLPHMFFDH88CC,頭重溪段,.00,都市：住,,,,01790004
RPXPMLLLPHMFFAH66CC,大有段,13.86,都市：住,,,,06220000
RPWNMLKLPHMFFDH56CC,草湳坡段埔心小段,.00,都市：住,,,,00370035
RPVNMLLLPHMFFFH86DC,大智段,13.07,都市：住,,,,04200000
RPSNMLLLPHMFFBH78DC,復興段,15.02,都市：住,,,,20620000
RPQNMLLLPHMFFEH88DC,青峰段,77.25,都市：住,,,,02500000
RPTNMLLLPHMFFEH56DC,青峰段,98.63,都市：住,,,,04950000
RPTNMLRKPHMFFGH17CC,廣仁段,.00,都市：工,,,,12230000
RPSNMLRKPHMFFGH07CC,廣南段,.00,都市：商,,,,16180000
RPWNMLOLPHMFFEH17DC,大新段,15.36,都市：商,,,,02290000
RPOPMLLLPHMFFEH88DC,青峰段,10.03,都市：住,,,,03280000
RPUNMLLLPHMFFEH66DC,青峰段,100.40,都市：住,,,,04950000
RPPOMLOLPHMFFEH56DC,大新段,20.73,都市：住,,,,04270000
RPPPMLPLPHMFFAH88CC,慈文段,.00,都市：住,,,,19680000
RPVNMLOLPHMFFHH27CC,善捷段,16.93,都市：住,,,,00020000
RPOPMLPLPHMFFAH78CC,會稽段,24.53,非都市： ; 非都市編定：,,,,08120000
RPOPMLPLPHMFFAH78CC,會稽段,5.46,非都市： ; 非都市編定：,,,,08390000
RPQOMLOLPHMFFHH86CC,半嶺段,53.03,都市：其他:空白,,,,02940000
RPRPMLPLPHMFFCH66CC,潛龍段,30.93,非都市：鄉村區 ; 非都市編定：乙種建築用地,,,,10790000
RPRPMLPLPHMFFCH66CC,潛龍段,.59,非都市：鄉村區 ; 非都市編定：乙種建築用地,,,,10990000
RPVPMLPLPHMFFAH86CC,江南段,8.47,都市：住,,,,13180000
RPQPMLOLPHMFFAH98DC,國強段,8.33,都市：住,,,,00490000
RPRNMLPLPHMFFEH86EC,大園段,74.00,都市：農,,,,02520074
RPRNMLPLPHMFFEH86EC,大園段,170.00,都市：農,,,,02520073
RPRNMLPLPHMFFEH86EC,橫山段湳子小段,122.00,都市：農,,,,05090003
RPXNMLPLPHMFFHH67DC,興華段,16.90,都市：商,,,,00480000
RPOPMLQLPHMFFBH09DC,石頭段,68.00,都市：住,,,,00440249
RPOPMLQLPHMFFBH09DC,石頭段,38.00,都市：住,,,,00440283
RPVOMLQLPHMFFBH17EC,平寮段,16.98,都市：其他:,,,,13430000
RPVOMLQLPHMFFBH17EC,平寮段,14.35,都市：其他:,,,,13420000
RPVOMLQLPHMFFBH17EC,平寮段,65.77,都市：其他:,,,,13410000
RPTNMLQLPHMFFAH56CC,富國段,11.10,都市：商,,,,00610000
RPUNMLQLPHMFFAH66CC,大有段,138.63,都市：住,,,,07760000
RPWOMLPLPHMFFHH67DC,精忠段,14.76,都市：住,,,,15550000
RPQPMLQLPHMFFBH66DC,培英段,20.72,都市：住,,,,00090000
RPTNMLQLPHMFFGH17CC,廣德段,7.88,都市：其他:,,,,00340003
RPTNMLQLPHMFFGH17CC,廣德段,129.69,都市：其他:,,,,00460000
RPTNMLQLPHMFFGH17CC,廣德段,8.11,都市：其他:,,,,00470000
RPUNMLQLPHMFFGH27CC,廣南段,32.24,都市：住,,,,07430001
RPVNMLQLPHMFFGH37CC,廣北段,77.75,都市：住,,,,10420000
RPVNMLSLPHMFFAH07DC,龍安段,416.00,都市：商,,,,02850000
RPVNMLSLPHMFFAH07DC,龍安段,241.00,都市：商,,,,02850001
RPTNMLSLPHMFFAH86DC,龍安段,343.00,都市：商,,,,02850000
RPTNMLSLPHMFFAH86DC,龍安段,259.60,都市：商,,,,02850001
RPWPMLPLPHMFFCH17CC,廣福段,628.98,非都市：特定農業區 ; 非都市編定：丁種建築用地,,,,08380000
RPWPMLPLPHMFFCH17CC,廣福段,172.07,非都市：特定農業區 ; 非都市編定：丁種建築用地,,,,08460000
RPWPMLPLPHMFFCH17CC,廣福段,163.01,非都市：特定農業區 ; 非都市編定：丁種建築用地,,,,08470000
RPWPMLPLPHMFFCH17CC,廣福段,211.13,非都市：特定農業區 ; 非都市編定：丁種建築用地,,,,08480000
RPWPMLPLPHMFFCH17CC,廣福段,165.97,非都市：特定農業區 ; 非都市編定：丁種建築用地,,,,08490000
RPWPMLPLPHMFFCH17CC,廣福段,5123.16,非都市：特定農業區 ; 非都市編定：丁種建築用地,,,,08500000
RPWPMLPLPHMFFCH17CC,廣福段,160.00,非都市：特定農業區 ; 非都市編定：丁種建築用地,,,,08510000
RPWPMLPLPHMFFCH17CC,廣福段,160.01,非都市：特定農業區 ; 非都市編定：丁種建築用地,,,,08520000
RPWPMLPLPHMFFCH17CC,廣福段,160.00,非都市：特定農業區 ; 非都市編定：丁種建築用地,,,,08530000
RPWPMLPLPHMFFCH17CC,廣福段,160.00,非都市：特定農業區 ; 非都市編定：丁種建築用地,,,,08540000
RPWPMLPLPHMFFCH17CC,廣福段,160.00,非都市：特定農業區 ; 非都市編定：丁種建築用地,,,,08550000
RPWPMLPLPHMFFCH17CC,廣福段,160.00,非都市：特定農業區 ; 非都市編定：丁種建築用地,,,,08560000
RPWPMLPLPHMFFCH17CC,廣福段,160.00,非都市：特定農業區 ; 非都市編定：丁種建築用地,,,,08570000
RPWPMLPLPHMFFCH17CC,廣福段,1150.01,非都市：特定農業區 ; 非都市編定：丁種建築用地,,,,08580000
RPWPMLPLPHMFFCH17CC,廣福段,160.00,非都市：特定農業區 ; 非都市編定：丁種建築用地,,,,08590000
RPWPMLPLPHMFFCH17CC,廣福段,160.00,非都市：特定農業區 ; 非都市編定：丁種建築用地,,,,08600000
RPWPMLPLPHMFFCH17CC,廣福段,160.00,非都市：特定農業區 ; 非都市編定：丁種建築用地,,,,08610000
RPWPMLPLPHMFFCH17CC,廣福段,160.19,非都市：特定農業區 ; 非都市編定：丁種建築用地,,,,08620000
RPWPMLPLPHMFFCH17CC,廣福段,160.00,非都市：特定農業區 ; 非都市編定：丁種建築用地,,,,08630000
RPWPMLPLPHMFFCH17CC,廣福段,160.01,非都市：特定農業區 ; 非都市編定：丁種建築用地,,,,08640000
RPWPMLPLPHMFFCH17CC,廣福段,160.00,非都市：特定農業區 ; 非都市編定：丁種建築用地,,,,08650000
RPWPMLPLPHMFFCH17CC,廣福段,160.00,非都市：特定農業區 ; 非都市編定：丁種建築用地,,,,08660000
RPWPMLPLPHMFFCH17CC,廣福段,160.02,非都市：特定農業區 ; 非都市編定：丁種建築用地,,,,08670000
RPWPMLPLPHMFFCH17CC,廣福段,160.00,非都市：特定農業區 ; 非都市編定：丁種建築用地,,,,08680000
RPWPMLPLPHMFFCH17CC,廣福段,160.00,非都市：特定農業區 ; 非都市編定：丁種建築用地,,,,08690000
RPWPMLPLPHMFFCH17CC,廣福段,160.02,非都市：特定農業區 ; 非都市編定：丁種建築用地,,,,08700000
RPWPMLPLPHMFFCH17CC,廣福段,160.00,非都市：特定農業區 ; 非都市編定：丁種建築用地,,,,08710000
RPWPMLPLPHMFFCH17CC,廣福段,173.32,非都市：特定農業區 ; 非都市編定：丁種建築用地,,,,08720000
RPWPMLPLPHMFFCH17CC,廣福段,1377.45,非都市：特定農業區 ; 非都市編定：丁種建築用地,,,,08730000
RPWPMLPLPHMFFCH17CC,廣福段,2499.61,非都市：特定農業區 ; 非都市編定：丁種建築用地,,,,08740000
RPWPMLPLPHMFFCH17CC,廣福段,664.25,非都市：特定農業區 ; 非都市編定：丁種建築用地,,,,08750000
RPWPMLPLPHMFFCH17CC,廣福段,160.01,非都市：特定農業區 ; 非都市編定：丁種建築用地,,,,08770000
RPWPMLPLPHMFFCH17CC,廣福段,160.01,非都市：特定農業區 ; 非都市編定：丁種建築用地,,,,08780000
RPWPMLPLPHMFFCH17CC,廣福段,160.00,非都市：特定農業區 ; 非都市編定：丁種建築用地,,,,08790000
RPWPMLPLPHMFFCH17CC,廣福段,160.01,非都市：特定農業區 ; 非都市編定：丁種建築用地,,,,08800000
RPWPMLPLPHMFFCH17CC,廣福段,160.00,非都市：特定農業區 ; 非都市編定：丁種建築用地,,,,08810000
RPWPMLPLPHMFFCH17CC,廣福段,160.00,非都市：特定農業區 ; 非都市編定：丁種建築用地,,,,08820000
RPWPMLPLPHMFFCH17CC,廣福段,160.01,非都市：特定農業區 ; 非都市編定：丁種建築用地,,,,08830000
RPWPMLPLPHMFFCH17CC,廣福段,160.01,非都市：特定農業區 ; 非都市編定：丁種建築用地,,,,08840000
RPWPMLPLPHMFFCH17CC,廣福段,160.00,非都市：特定農業區 ; 非都市編定：丁種建築用地,,,,08850000
RPWPMLPLPHMFFCH17CC,廣福段,160.00,非都市：特定農業區 ; 非都市編定：丁種建築用地,,,,08860000
RPWPMLPLPHMFFCH17CC,廣福段,160.00,非都市：特定農業區 ; 非都市編定：丁種建築用地,,,,08870000
RPWPMLPLPHMFFCH17CC,廣福段,175.85,非都市：特定農業區 ; 非都市編定：丁種建築用地,,,,08880000
RPWPMLPLPHMFFCH17CC,廣福段,190.20,非都市：特定農業區 ; 非都市編定：丁種建築用地,,,,08900000
RPWPMLPLPHMFFCH17CC,廣福段,162.64,非都市：特定農業區 ; 非都市編定：丁種建築用地,,,,08910000
RPWPMLPLPHMFFCH17CC,廣福段,174.60,非都市：特定農業區 ; 非都市編定：丁種建築用地,,,,08920000
RPWPMLPLPHMFFCH17CC,廣福段,202.16,非都市：特定農業區 ; 非都市編定：丁種建築用地,,,,08930000
RPWPMLPLPHMFFCH17CC,廣福段,229.61,非都市：特定農業區 ; 非都市編定：丁種建築用地,,,,08940000
RPWPMLPLPHMFFCH17CC,廣福段,253.52,非都市：特定農業區 ; 非都市編定：丁種建築用地,,,,08950000
RPWPMLPLPHMFFCH17CC,廣福段,264.49,非都市：特定農業區 ; 非都市編定：丁種建築用地,,,,08960000
RPWPMLPLPHMFFCH17CC,廣福段,245.32,非都市：特定農業區 ; 非都市編定：丁種建築用地,,,,08970000
RPWPMLPLPHMFFCH17CC,廣福段,211.18,非都市：特定農業區 ; 非都市編定：丁種建築用地,,,,08980000
RPWPMLPLPHMFFCH17CC,廣福段,171.04,非都市：特定農業區 ; 非都市編定：丁種建築用地,,,,08990000
RPWPMLPLPHMFFCH17CC,廣福段,215.06,非都市：特定農業區 ; 非都市編定：丁種建築用地,,,,09000000
RPPNMLSLPHMFFHH07CC,半嶺段,1675.00,都市：其他:,,,,07030000
RPSNMLSLPHMFFFH17CC,廣福段,.00,都市：住,,,,06510000
RPPNMLTLPHMFFEH86CC,上興段,53.06,都市：其他:,,,,07390000
RPQOMLSLPHMFFFH07CC,大和段,.00,都市：住,,,,02550000
RPROMLSLPHMFFEH17DC,竹圍段拔子林小段,12.15,都市：住,,,,01870000
RPTNMLLMPHMFFHH96DC,興華段,15.77,都市：住,,,,03450000
RPQNMLTLPHMFFEH96CC,六福段,9.67,都市：住,,,,08140000
RPPNMLTLPHMFFHH17CC,南上段,31.29,都市：工,,,,08790000
RPTQMLPLPHMFFBH86CC,忠福段,.00,都市：住,,,,21020000
RPPPMLQLPHMFFBH09CC,普義段,.00,都市：住,,,,21880000
RPVOMLQLPHMFFBH96CC,三座屋段三座屋小段,17.13,都市：住,,,,04670002
RPQOMLRLPHMFFBH56CC,老街溪段,.00,都市：住,,,,13580000
RPSPMLPLPHMFFBH66CC,興南段興南小段,.00,都市：商,,,,02750000
RPSOMLKLPHMFFBH68CC,普義段,.00,都市：工,,,,02280000
RPRNMLLMPHMFFBH68CC,忠福段,.00,都市：住,,,,24340007
