﻿編號,屋齡,建物移轉面積平方公尺,主要用途,主要建材,建築完成日期,總層數,建物分層
The serial number,room age,building shifting area square meter,the main use,main building materials,construction completes the date,total layer,building lamination
RPUNMLRLOHMFFAP47CC,24,88.43,住商用,鋼筋混凝土造,82年8月26日,五層,
RPUNMLRLOHMFFAP47CC,24,88.43,住商用,鋼筋混凝土造,82年8月26日,五層,
RPPNMLQKOHMFFDP07CC,2,39.50,店舖、停車空間、住宅、樓梯間,鋼筋混凝土造,104年6月25日,四層,
RPQNMLTKPHMFFCP47CC,11,168.54,住家用,鋼筋混凝土造,95年10月31日,三層,
