﻿編號,土地位置,土地移轉面積(平方公尺),使用分區或編定,權利人持分分母,權利人持分分子,移轉情形,地號
The serial number, land position,land shifting area square meter,the use zoning or compiles and checks,,,,land parcel
RPQNMLLJNHMFFAV56CA,泰安段,227.03,非都市：鄉村區 ; 非都市編定：乙種建築用地,1,1,全筆移轉,06430000
RPRNMLLJNHMFFAV66CA,富岡南段,138.93,非都市：鄉村區 ; 非都市編定：乙種建築用地,1,1,全筆移轉,12500001
RPTNMLNJNHMFFAV07CA,豐年段,6.00,都市：住,10000,12,持分移轉,00270000
RPQNMLPKNHMFFAV07CA,利家段,4204.00,非都市：特定農業區 ; 非都市編定：農牧用地,1,1,全筆移轉,51950002
RPUNMLSJNHMFFAV67CA,上岩灣段,72.67,都市：住,100000,1718,持分移轉,01990000
RPSNMLNJNHMFFBV07CA,忠勇段,28.94,都市：住,4,1,持分移轉,09560000
RPSNMLNJNHMFFBV07CA,忠勇段,49.98,都市：住,4,1,持分移轉,09600000
RPPNMLNJNHMFFBV76CA,新港段八邊小段,228.00,非都市：風景區 ; 非都市編定：農牧用地,1,1,全筆移轉,00310001
RPPNMLNJNHMFFBV76CA,新港段八邊小段,471.00,非都市：風景區 ; 非都市編定：農牧用地,1,1,全筆移轉,00400002
RPPNMLQLNHMFFAV27DA,東海段,1611.43,都市：農,1,1,全筆移轉,01860000
RPPNMLNJNHMFFCV96DA,錦富段,226.86,非都市：鄉村區 ; 非都市編定：乙種建築用地,3,1,持分移轉,03630000
RPPNMLMJNHMFFDV86CA,北橋段,82.85,都市：住,1,1,全筆移轉,03380000
RPPNMLPJNHMFFDV17CA,金山段,444.51,非都市：山坡地保育區 ; 非都市編定：丙種建築用地,1,1,全筆移轉,00470000
RPPNMLMLNHMFFBV86CA,北八里段,3976.54,非都市：風景區 ; 非都市編定：農牧用地,1,1,全筆移轉,00940000
RPQNMLOJNHMFFCV07CA,瑞里段,118.50,非都市：特定農業區 ; 非都市編定：甲種建築用地,1,1,全筆移轉,02100000
RPSNMLNJNHMFFAV96CA,利家段,2600.00,非都市：特定農業區 ; 非都市編定：農牧用地,1,1,全筆移轉,68340001
RPPNMLPJNHMFFBV96CA,東河段,3038.25,都市：住,1,1,全筆移轉,00240000
RPTNMLOJNHMFFAV17CA,台東段,3.00,都市：住,1,1,全筆移轉,00250405
RPTNMLOJNHMFFAV17CA,台東段,53.00,都市：住,1,1,全筆移轉,00250146
RPQNMLMLNHMFFBV96CA,八仙洞段,1232.12,非都市：風景區 ; 非都市編定：農牧用地,1,1,全筆移轉,01360000
RPQNMLPJNHMFFAV96CA,利家段,504.00,非都市：特定農業區 ; 非都市編定：農牧用地,10,1,持分移轉,60960000
RPQNMLPJNHMFFAV96CA,利家段,504.00,非都市：特定農業區 ; 非都市編定：農牧用地,10,1,持分移轉,60960000
RPQNMLPJNHMFFAV96CA,利家段,504.00,非都市：特定農業區 ; 非都市編定：農牧用地,10,1,持分移轉,60960000
RPQNMLPJNHMFFAV96CA,利家段,3528.00,非都市：特定農業區 ; 非都市編定：農牧用地,10,7,持分移轉,60960000
RPRNMLPJNHMFFAV07CA,南王段,72.45,都市：住,1,1,全筆移轉,07760000
RPRNMLPJNHMFFAV07CA,南王段,43.22,都市：其他:道路用地,1,1,全筆移轉,07730000
RPRNMLPJNHMFFAV07CA,南王段,80.83,都市：住,1,1,全筆移轉,07750000
RPRNMLPJNHMFFAV07CA,南王段,654.87,都市：住,1,1,全筆移轉,07770000
RPSNMLPJNHMFFAV17CA,中清段,61.23,都市：住,2,1,持分移轉,02400003
RPSNMLPJNHMFFAV17CA,中清段,61.23,都市：住,2,1,持分移轉,02400003
RPPNMLSJNHMFFAV17CA,明峰段,5564.40,非都市：山坡地保育區 ; 非都市編定：農牧用地,1,1,全筆移轉,10880000
RPTNMLPJNHMFFAV37DA,馬蘭段,44.54,都市：住,24,1,持分移轉,16930000
RPUNMLPJNHMFFAV37CA,東谷段,131.65,都市：住,1,1,全筆移轉,02080036
RPQNMLOJNHMFFAV86CA,新生段,14.89,都市：住,10000,60,持分移轉,00440000
RPQNMLPJNHMFFBV07CA,北八里段,4000.00,非都市：風景區 ; 非都市編定：農牧用地,1,1,全筆移轉,04990001
RPPNMLQLNHMFFDV57DA,泰王段,246.65,都市：住,1,1,全筆移轉,05740000
SPSNMLTJNHMFFAV77DA,北南王段,1455.65,都市：其他:水利用地,1,1,全筆移轉,07940000
RPTNMLTJNHMFFAV77DA,北南王段,4260.91,都市：其他:河川用地,1,1,全筆移轉,07960000
RPSNMLTJNHMFFAV67DA,北南王段,2049.07,都市：其他:河川用地,1,1,全筆移轉,07930000
RPPNMLTJNHMFFBV47DA,新都威段,236.24,非都市：鄉村區 ; 非都市編定：乙種建築用地,1,1,全筆移轉,03570000
RPVNMLTJNHMFFAV97DA,北南王段,2939.03,都市：其他:河川用地,1,1,全筆移轉,08580001
RPUNMLTJNHMFFAV87DA,北南王段,214.68,都市：其他:河川用地,1,1,全筆移轉,08240001
RPWNMLTJNHMFFAV08DA,北南王段,1757.34,都市：其他:河川用地,4,1,持分移轉,08610000
RPPNMLQKNHMFFBV17CA,城仔埔段,508.65,非都市：風景區 ; 非都市編定：農牧用地,1,1,全筆移轉,02010000
RPPNMLQKNHMFFBV17CA,真柄段,7565.00,非都市：風景區 ; 非都市編定：農牧用地,1,1,全筆移轉,08240000
SPVNMLTJNHMFFAV08DA,北南王段,3235.02,都市：其他:水利用地,1,1,全筆移轉,08590001
RPQNMLSJNHMFFAV27CA,豐橋段,471.89,都市：農,1,1,全筆移轉,00500000
RPQNMLSJNHMFFAV27CA,豐橋段,1469.37,都市：農,1,1,全筆移轉,00510000
SPWNMLTJNHMFFAV18DA,北南王段,246.72,非都市：特定農業區 ; 非都市編定：農牧用地,4,1,持分移轉,08670000
RPPNMLSJNHMFFDV47CA,泰王段,65.41,都市：商,1,1,全筆移轉,03790000
RPPNMLSJNHMFFDV47CA,泰王段,9.78,都市：商,1,1,全筆移轉,03800000
RPQNMLLJOHMFFCV86CA,南山段,73.73,都市：住,1,1,全筆移轉,02280008
RPRNMLMKNHMFFAV96DA,自強段,130.00,都市：住,1,1,全筆移轉,08280006
RPQNMLKKNHMFFAV56CA,利家段,83.00,非都市：鄉村區 ; 非都市編定：乙種建築用地,1,1,全筆移轉,77920000
RPPNMLLJOHMFFCV76CA,福原段,241.70,都市：住,1,1,全筆移轉,09610000
RPPNMLLJOHMFFCV76CA,福原段,188.36,都市：住,1,1,全筆移轉,09620000
RPPNMLLJOHMFFCV76CA,福原段,18.04,都市：住,1,1,全筆移轉,09630000
RPPNMLLJOHMFFCV76CA,福原段,25.16,都市：住,1,1,全筆移轉,09710000
RPRNMLTJNHMFFAV57DA,台東段,133.00,都市：住,1,1,全筆移轉,01850000
RPPNMLLJOHMFFCV76CA,福原段,353.80,都市：住,1,1,全筆移轉,09730000
RPQNMLLKNHMFFDV96CA,復興段,79.69,都市：住,1,1,全筆移轉,04890011
RPPNMLMKNHMFFDV07DA,金富段,43.61,非都市：山坡地保育區 ; 非都市編定：丙種建築用地,1,1,全筆移轉,02860000
RPPNMLRKNHMFFDV57DA,多良段,4647.00,非都市：山坡地保育區 ; 非都市編定：農牧用地,1,1,全筆移轉,04890003
RPPNMLKKNHMFFAV09CA,中心段,93.00,都市：住,1,1,全筆移轉,04500000
RPQNMLLKNHMFFAV66CA,豐航段,143.04,都市：住,1,1,全筆移轉,07360000
RPQNMLLKNHMFFAV66CA,豐航段,137.86,都市：住,1,1,全筆移轉,07370000
RPROMLMKNHMFFAV07DA,龍過脈段,262.00,非都市：山坡地保育區 ; 非都市編定：丙種建築用地,1,1,全筆移轉,03250001
RPUNMLTKNHMFFAV97DA,台東段,57.00,都市：住,2,1,持分移轉,01710070
RPRNMLNLNHMFFAV17DA,北南王段,6008.19,都市：其他:河川用地,1,1,全筆移轉,08400000
RPTNMLNLNHMFFAV37DA,北南王段,4267.93,都市：其他:河川用地,1,1,全筆移轉,08030000
RPPNMLOLNHMFFBV07CA,玉港段,1107.57,非都市：風景區 ; 非都市編定：農牧用地,1,1,全筆移轉,00670000
RPPNMLMLNHMFFCV96CA,大埔段,360.99,都市：住,1,1,全筆移轉,10130000
RPPNMLMKNHMFFBV76CA,南八里段,2648.06,非都市：風景區 ; 非都市編定：農牧用地,1,1,全筆移轉,12650000
RPOOMLRKNHMFFAV17CA,台東段,74.00,都市：住,1,1,全筆移轉,04310016
RPUNMLNLNHMFFAV37CA,常德段,115.66,都市：住,1,1,全筆移轉,02630000
RPPOMLRKNHMFFAV27CA,梧州段,90.67,都市：住,1,1,全筆移轉,03700000
RPSNMLNLNHMFFAV17CA,新生段,11.41,都市：住,10000,46,持分移轉,00440000
RPQNMLNLNHMFFBV07CA,南河段,84.39,都市：住,1,1,全筆移轉,02790000
RPQNMLNLNHMFFBV07CA,南河段,76.29,都市：其他:人行步道,1,1,全筆移轉,02830000
RPQNMLNLNHMFFBV07CA,南河段,712.09,都市：住,1,1,全筆移轉,02910000
RPQNMLNLNHMFFBV07CA,南河段,13.11,都市：住,1,1,全筆移轉,02920000
RPQNMLPJOHMFFBV17CA,中柄段,2515.00,非都市：風景區 ; 非都市編定：農牧用地,1,1,全筆移轉,01260002
RPQNMLPJOHMFFBV17CA,中柄段,304.57,非都市：風景區 ; 非都市編定：農牧用地,5,1,持分移轉,01200003
RPPNMLPJOHMFFBV07CA,長濱段,1168.12,非都市：風景區 ; 非都市編定：農牧用地,56,7,持分移轉,05750010
RPOOMLMKNHMFFAV66CA,新園段,368.00,非都市：鄉村區 ; 非都市編定：乙種建築用地,1,1,全筆移轉,06140000
RPTNMLRKNHMFFAV57CA,建國段,222.68,都市：住,6,2,持分移轉,08350000
RPQOMLMKNHMFFAV86CA,馬蘭段,11.54,都市：住,10000,285,持分移轉,18030000
RPQNMLRKNHMFFAV27CA,利家段,369.00,非都市：特定農業區 ; 非都市編定：甲種建築用地,1,1,全筆移轉,54800004
RPXNMLRKNHMFFAV97CA,東海段,14.93,都市：住,10000,25,持分移轉,01300000
RPXNMLRKNHMFFAV97CA,東海段,.96,都市：住,10000,25,持分移轉,01300002
RPTNMLMKNHMFFAV07CA,後湖段,366.97,非都市：鄉村區 ; 非都市編定：乙種建築用地,1,1,全筆移轉,02160001
RPVNMLMKNHMFFAV27CA,中心段,97.00,都市：住,1,1,全筆移轉,01070000
RPSNMLMKNHMFFAV96CA,馬蘭段,109.00,都市：住,1,1,全筆移轉,16250002
RPPNMLMKNHMFFAV66CA,利家段,129.00,非都市：鄉村區 ; 非都市編定：乙種建築用地,1,1,全筆移轉,75460000
RPTNMLLKNHMFFAV96CA,台東段,4.39,都市：住,10000,76,持分移轉,18220000
RPPNMLNLNHMFFAV86CA,豐年段,3146.98,都市：住,1,1,全筆移轉,09530000
RPPNMLNLNHMFFAV86CA,豐年段,716.95,都市：其他:道路用地,1,1,全筆移轉,09530004
RPRNMLLKNHMFFAV76CA,常德段,16.32,都市：住,10000,86,持分移轉,07520000
RPUNMLMKNHMFFAV17CA,後湖段,485.00,非都市：鄉村區 ; 非都市編定：乙種建築用地,1,1,全筆移轉,02160000
RPQNMLMKNHMFFAV76CA,中清段,138.72,都市：住,1,1,全筆移轉,02420002
RPQNMLNLNHMFFAV96CA,豐年段,704.87,都市：住,1,1,全筆移轉,09530002
RPQNMLNLNHMFFAV96CA,豐年段,795.45,都市：其他:道路用地,1,1,全筆移轉,09530003
RPPNMLQKNHMFFDV37CA,泰德段,5509.06,非都市：一般農業區 ; 非都市編定：農牧用地,1,1,全筆移轉,03450004
RPSNMLSKNHMFFAV57CA,建和段,3112.26,非都市：山坡地保育區 ; 非都市編定：農牧用地,1,1,全筆移轉,03500000
RPRNMLNLNHMFFBV17CA,南八里段,50.58,非都市：鄉村區 ; 非都市編定：乙種建築用地,1,1,全筆移轉,03160001
RPTNMLSKNHMFFAV67CA,建和段,5011.20,非都市：山坡地保育區 ; 非都市編定：農牧用地,1,1,全筆移轉,03460001
RPRNMLTKNHMFFBV77DA,都豐段,175.89,非都市：鄉村區 ; 非都市編定：乙種建築用地,1,1,全筆移轉,01580000
RPRNMLQKNHMFFBV37CA,寧埔段石寧埔小段,4586.00,非都市：風景區 ; 非都市編定：農牧用地,2,1,持分移轉,02830023
RPTNMLTKNHMFFAV77CA,合江段,151.72,非都市：鄉村區 ; 非都市編定：乙種建築用地,1,1,全筆移轉,01470000
RPWNMLRKNHMFFAV87CA,利家段,2115.00,非都市：特定農業區 ; 非都市編定：農牧用地,1,1,全筆移轉,79430000
RPRNMLRKNHMFFAV37CA,豐樂段,104.00,都市：住,1,1,全筆移轉,30850000
RPXNMLNLNHMFFAV67CA,東海段,2084.35,都市：農,1,1,全筆移轉,01880000
RPXNMLNLNHMFFAV67CA,東海段,3077.72,都市：農,1,1,全筆移轉,01890000
RPQNMLQKNHMFFCV37CA,福原段,119.25,都市：商,1,1,全筆移轉,02660000
RPPNMLRKNHMFFAV27DA,台東段,24.00,都市：商,1,1,全筆移轉,03880002
RPPNMLTKNHMFFCV57CA,豐泉段,119.39,都市：農,1,1,全筆移轉,02630000
RPRNMLQKNHMFFAV27CA,台東段,15.65,都市：住,10000,104,持分移轉,20080000
RPRNMLTJOHMFFCV77CA,四維段,119.14,非都市：一般農業區 ; 非都市編定：甲種建築用地,1,1,全筆移轉,12780000
RPPNMLNJOHMFFBV96DA,永福段,2884.24,非都市：風景區 ; 非都市編定：農牧用地,1,1,全筆移轉,03070000
RPPNMLNJOHMFFBV96DA,永福段,3002.16,非都市：風景區 ; 非都市編定：農牧用地,1,1,全筆移轉,03080000
RPSNMLQKNHMFFBV47CA,忠勇段,.71,都市：住,1,1,全筆移轉,04790000
RPRNMLSKNHMFFBV57CA,八桑灣段,497.72,非都市：鄉村區 ; 非都市編定：乙種建築用地,1,1,全筆移轉,08140000
RPPOMLNLNHMFFAV96CA,建康段,1860.23,非都市：特定農業區 ; 非都市編定：農牧用地,10,2,持分移轉,12800000
RPPNMLMLNHMFFAV76CA,東海段,155.11,都市：住,1,1,全筆移轉,05570000
RPVNMLTKNHMFFAV97CA,台東段,93.00,都市：住,1,1,全筆移轉,18600004
RPPNMLSKNHMFFAV27CA,石壁段,7507.01,非都市：山坡地保育區 ; 非都市編定：農牧用地,1,1,全筆移轉,04740000
RPSNMLTKNHMFFAV67CA,鎮樂段,2665.33,非都市：山坡地保育區 ; 非都市編定：農牧用地,3,1,持分移轉,03700000
RPSNMLTKNHMFFAV67CA,鎮樂段,2665.33,非都市：山坡地保育區 ; 非都市編定：農牧用地,3,1,持分移轉,03700000
RPSNMLTKNHMFFAV67CA,鎮樂段,2665.33,非都市：山坡地保育區 ; 非都市編定：農牧用地,3,1,持分移轉,03700000
RPSNMLTKNHMFFAV67CA,鎮樂段,513.33,非都市：山坡地保育區 ; 非都市編定：農牧用地,3,1,持分移轉,03720000
RPSNMLTKNHMFFAV67CA,鎮樂段,513.33,非都市：山坡地保育區 ; 非都市編定：農牧用地,3,1,持分移轉,03720000
RPSNMLTKNHMFFAV67CA,鎮樂段,513.33,非都市：山坡地保育區 ; 非都市編定：農牧用地,3,1,持分移轉,03720000
RPPNMLNLNHMFFBV96CA,小湊段美山小段,370.00,非都市：風景區 ; 非都市編定：農牧用地,1,1,全筆移轉,03890000
RPPNMLNLNHMFFBV96CA,小湊段美山小段,2779.00,非都市：風景區 ; 非都市編定：農牧用地,1,1,全筆移轉,07450000
RPPNMLNLNHMFFBV96CA,小湊段美山小段,310.00,非都市：風景區 ; 非都市編定：農牧用地,1,1,全筆移轉,07460000
RPRNMLMLNHMFFBV07CA,中柄段,2991.54,非都市：風景區 ; 非都市編定：農牧用地,1,1,全筆移轉,05130000
RPRNMLMLNHMFFBV07CA,中柄段,790.19,非都市：風景區 ; 非都市編定：農牧用地,1,1,全筆移轉,05150002
RPQNMLSKNHMFFAV47DA,光明段,55.00,都市：住,1,1,全筆移轉,05870000
RPQNMLSKNHMFFBV47CA,新港段八邊小段,2740.00,非都市：風景區 ; 非都市編定：農牧用地,1,1,全筆移轉,02130010
RPRNMLSKNHMFFAV57DA,普優瑪段,109.44,都市：住,1,1,全筆移轉,02610000
TPQNMLPLNHMFFAV47DA,北南王段,191.37,都市：其他:河川用地,5,1,持分移轉,09530000
UPQNMLPLNHMFFAV57DA,北南王段,69.97,都市：其他:河川用地,5,1,持分移轉,09520000
RPWNMLPLNHMFFAV87DA,北南王段,69.97,都市：其他:河川用地,5,1,持分移轉,09520000
RPPNMLPLNHMFFAV17DA,北南王段,288.29,都市：其他:河川用地,1,1,全筆移轉,09820001
RPQNMLPLNHMFFAV27DA,北南王段,70.51,都市：其他:河川用地,5,1,持分移轉,09950000
SPQNMLPLNHMFFAV37DA,北南王段,17.08,都市：其他:河川用地,5,1,持分移轉,09930000
SPWNMLPLNHMFFAV97DA,北南王段,191.37,都市：其他:河川用地,5,1,持分移轉,09530000
TPWNMLPLNHMFFAV08DA,北南王段,17.08,都市：其他:河川用地,5,1,持分移轉,09930000
RPXNMLPLNHMFFAV97DA,北南王段,382.93,都市：其他:河川用地,1,1,全筆移轉,09280001
SPQOMLPLNHMFFAV47DA,北南王段,66.97,都市：其他:河川用地,1,1,全筆移轉,09750001
RPQOMLPLNHMFFAV37DA,北南王段,214.17,都市：其他:河川用地,1,1,全筆移轉,09750000
UPWNMLPLNHMFFAV18DA,北南王段,70.51,都市：其他:河川用地,5,1,持分移轉,09950000
TPQOMLPLNHMFFAV57DA,北南王段,264.50,都市：其他:河川用地,1,1,全筆移轉,09790002
VPROMLPLNHMFFAV87DA,北南王段,20.03,都市：其他:河川用地,1,1,全筆移轉,09780000
UPROMLPLNHMFFAV77DA,北南王段,179.75,都市：其他:河川用地,1,1,全筆移轉,09770000
RPROMLPLNHMFFAV47DA,北南王段,441.53,都市：其他:河川用地,1,1,全筆移轉,09180001
SPROMLPLNHMFFAV57DA,北南王段,215.39,都市：其他:河川用地,1,1,全筆移轉,09190000
TPROMLPLNHMFFAV67DA,北南王段,360.02,都市：其他:河川用地,1,1,全筆移轉,09200000
RPUOMLPLNHMFFAV77DA,北南王段,461.96,都市：其他:河川用地,1,1,全筆移轉,10090000
RPVOMLPLNHMFFAV87DA,北南王段,69.97,都市：其他:河川用地,5,1,持分移轉,09520000
SPVOMLPLNHMFFAV97DA,北南王段,191.37,都市：其他:河川用地,5,1,持分移轉,09530000
UPVOMLPLNHMFFAV18DA,北南王段,70.51,都市：其他:河川用地,5,1,持分移轉,09950000
TPVOMLPLNHMFFAV08DA,北南王段,17.08,都市：其他:河川用地,5,1,持分移轉,09930000
RPPNMLPLNHMFFCV27CA,里?段,110.26,都市：住,1,1,全筆移轉,12300004
RPQNMLTJOHMFFCV67CA,里?段,98.02,都市：商,1,1,全筆移轉,02400000
RPPNMLQLNHMFFCV47DA,高台段,269.00,非都市：山坡地保育區 ; 非都市編定：丙種建築用地,1,1,全筆移轉,00790001
RPPNMLOLNHMFFCV27DA,鸞山段,5680.00,非都市：山坡地保育區 ; 非都市編定：農牧用地,1,1,全筆移轉,06650000
RPUNMLNLNHMFFBV47CA,沙泥灣段,4307.15,非都市：風景區 ; 非都市編定：農牧用地,1,1,全筆移轉,02750000
RPVNMLNLNHMFFBV57CA,玉港段,12675.67,非都市：風景區 ; 非都市編定：農牧用地,1,1,全筆移轉,04710000
RPPNMLOLNHMFFAV96CA,康樂段,10684.00,非都市：特定農業區 ; 非都市編定：農牧用地,1,1,全筆移轉,03850000
RPSNMLOLNHMFFAV27CA,下南寮段,228.54,都市：其他:風景服務區,1,1,全筆移轉,04000002
RPVNMLNLNHMFFAV47CA,馬蘭段,178.00,都市：住,1,1,全筆移轉,15690013
RPSNMLMKOHMFFAV07CA,合江段,60.37,非都市：風景區 ; 非都市編定：農牧用地,2,1,持分移轉,00980001
RPUPMLPLNHMFFAV77CA,台東段,79.00,都市：住,1,1,全筆移轉,11900019
RPTNMLNLNHMFFBV37CA,忠仁段,116.25,都市：住,1,1,全筆移轉,11480000
RPQNMLLMNHMFFBV96CA,三間段大來小段,1024.00,非都市：風景區 ; 非都市編定：農牧用地,1,1,全筆移轉,07760002
RPRNMLLMNHMFFBV07CA,新竹湖段,6909.38,非都市：風景區 ; 非都市編定：農牧用地,1,1,全筆移轉,02160000
RPQNMLNKOHMFFBV17DA,黃金橋段,303.22,非都市：鄉村區 ; 非都市編定：乙種建築用地,1,1,全筆移轉,08370000
RPPNMLLJOHMFFDV96DA,嘉新段,1233.50,非都市：山坡地保育區 ; 非都市編定：農牧用地,1,1,全筆移轉,10410000
RPQNMLPLNHMFFCV37CA,鸞山段,741.00,非都市：鄉村區 ; 非都市編定：乙種建築用地,1,1,全筆移轉,01510004
RPQNMLPLNHMFFCV37CA,鸞山段,58.00,非都市：鄉村區 ; 非都市編定：乙種建築用地,1,1,全筆移轉,01510005
RPOOMLPLNHMFFAV17DA,馬蘭段,11.54,都市：住,10000,285,持分移轉,18030000
RPRNMLPLNHMFFAV37DA,台東段,92.00,都市：商,1,1,全筆移轉,04250001
RPTNMLLJOHMFFAV96CA,豐聖段,17.61,都市：住,1,1,全筆移轉,07810001
RPPNMLMJOHMFFAV66CA,岩灣段,420.00,都市：住,1,1,全筆移轉,03130003
RPQNMLMJOHMFFAV76CA,豐川段,53.62,非都市：特定農業區 ; 非都市編定：水利用地,10,1,持分移轉,04860000
RPQNMLMJOHMFFAV76CA,豐川段,2727.94,非都市：特定農業區 ; 非都市編定：農牧用地,1,1,全筆移轉,04900000
RPQNMLPJOHMFFAV17DA,台東段,31.33,都市：住,3,2,持分移轉,04510036
RPQNMLPJOHMFFAV17DA,台東段,16.00,都市：住,3,2,持分移轉,04510037
RPQNMLPJOHMFFAV17DA,台東段,5.33,都市：住,3,2,持分移轉,04510229
RPQNMLPJOHMFFAV17DA,台東段,2.67,都市：住,3,2,持分移轉,04510231
RPQNMLOLNHMFFAV07CA,馬蘭段,51.94,都市：住,10000,344,持分移轉,15710000
RPXNMLQLNHMFFAV97CA,中正段,146.00,都市：住,1,1,全筆移轉,02360004
RPPNMLLMNHMFFAV76CA,台東段,87.00,都市：住,1,1,全筆移轉,06940005
RPPNMLLMNHMFFAV76CA,台東段,45.00,都市：住,1,1,全筆移轉,06940007
RPPNMLQKOHMFFAV27DA,新園段,2851.00,非都市：特定農業區 ; 非都市編定：農牧用地,1,1,全筆移轉,03340000
RPPNMLQKOHMFFAV27DA,新園段,3340.00,非都市：特定農業區 ; 非都市編定：農牧用地,1,1,全筆移轉,03340002
RPRNMLRJOHMFFAV47DA,利家段,507.00,非都市：山坡地保育區 ; 非都市編定：農牧用地,1,1,全筆移轉,02670000
RPRNMLRJOHMFFAV47DA,利家段,296.00,非都市：山坡地保育區 ; 非都市編定：農牧用地,1,1,全筆移轉,02670001
RPTNMLPJOHMFFAV37CA,永和段,333.20,都市：住,1,1,全筆移轉,03450000
RPTNMLPJOHMFFAV37CA,永和段,565.39,都市：其他:道路用地,1,1,全筆移轉,03460000
RPTNMLPJOHMFFAV37CA,永和段,448.18,都市：住,1,1,全筆移轉,03470000
RPTNMLPJOHMFFAV37CA,永和段,653.73,都市：住,1,1,全筆移轉,03480000
RPTOMLPLNHMFFAV57CA,豐利段,78.58,都市：住,1,1,全筆移轉,00690001
RPTOMLPLNHMFFAV57CA,豐利段,91.48,都市：住,1,1,全筆移轉,00700000
RPTNMLPLNHMFFAV47CA,台東段,105.00,都市：住,1,1,全筆移轉,04580018
RPUNMLPLNHMFFAV57CA,常德段,14.24,都市：住,10000,75,持分移轉,07520000
RPUNMLOLNHMFFAV47CA,新園段,408.00,非都市：特定農業區 ; 非都市編定：甲種建築用地,1,1,全筆移轉,03490000
RPUNMLOLNHMFFAV47CA,新園段,1053.00,非都市：特定農業區 ; 非都市編定：農牧用地,1,1,全筆移轉,03520000
RPWNMLOLNHMFFAV67CA,豐年段,23.57,都市：住,10000,51,持分移轉,00270007
RPVNMLOLNHMFFAV57CA,建成段,86.28,都市：住,1,1,全筆移轉,01740001
RPVNMLOLNHMFFAV57CA,建成段,86.03,都市：住,1,1,全筆移轉,01740002
RPVNMLQLNHMFFAV77CA,中正段,149.00,都市：住,1,1,全筆移轉,02820000
RPWNMLQLNHMFFAV87CA,自強段,22.00,都市：住,10000,124,持分移轉,07170000
RPQNMLQLNHMFFAV27CA,青林段,504.47,都市：農,1,1,全筆移轉,08180000
RPQNMLQLNHMFFAV27CA,青林段,37.01,都市：其他:道,1,1,全筆移轉,08180001
RPOPMLPLNHMFFAV17CA,東海段,197.74,都市：住,1,1,全筆移轉,06750013
RPOPMLPLNHMFFAV17CA,東海段,1.82,都市：其他:道路地,1,1,全筆移轉,06750034
RPRNMLQLNHMFFAV37CA,下南寮段,88.62,都市：其他:保護區,1,1,全筆移轉,05350000
RPRNMLQLNHMFFAV37CA,下南寮段,355.30,都市：農,1,1,全筆移轉,05360000
RPWOMLPLNHMFFAV87CA,台東段,3.73,都市：住,100000,647,持分移轉,18220000
RPRPMLPLNHMFFAV47CA,利家段,1829.00,非都市：特定農業區 ; 非都市編定：農牧用地,1,1,全筆移轉,49110000
RPRPMLPLNHMFFAV47CA,利家段,6519.00,非都市：特定農業區 ; 非都市編定：農牧用地,1,1,全筆移轉,49120000
RPSPMLPLNHMFFAV57CA,利家段,2068.00,非都市：特定農業區 ; 非都市編定：農牧用地,1,1,全筆移轉,49220000
RPSPMLPLNHMFFAV57CA,利家段,1385.00,非都市：特定農業區 ; 非都市編定：農牧用地,1,1,全筆移轉,49220001
RPPNMLSJOHMFFCV47CA,大埔段,98.08,都市：住,1,1,全筆移轉,07910002
RPPNMLMJOHMFFBV86DA,高原段,682.00,非都市：森林區 ; 非都市編定：丙種建築用地,1,1,全筆移轉,27280180
RPSNMLTJOHMFFCV87CA,隆昌段,4787.02,非都市：山坡地保育區 ; 非都市編定：農牧用地,1,1,全筆移轉,02850000
RPPNMLTJOHMFFAV37CA,利家段,112.67,非都市：鄉村區 ; 非都市編定：乙種建築用地,200000,2800,持分移轉,81260000
RPPNMLTJOHMFFAV37CA,利家段,19.75,非都市：鄉村區 ; 非都市編定：乙種建築用地,200000,2800,持分移轉,82850000
RPPNMLLMNHMFFBV86CA,東河段,493.44,都市：住,1,1,全筆移轉,08380000
RPPNMLLMNHMFFBV86CA,東河段,680.40,都市：住,1,1,全筆移轉,08380001
RPPNMLNLOHMFFBV17DA,馬稼海段,240.80,非都市：鄉村區 ; 非都市編定：乙種建築用地,1,1,全筆移轉,02870000
RPRNMLLJOHMFFAV76CA,中心段,89.00,都市：住,1,1,全筆移轉,14680000
RPSNMLLJOHMFFAV86CA,豐年段,27.73,都市：住,10000,60,持分移轉,00270007
RPUNMLMJOHMFFAV17CA,興安段,185.81,都市：住,1,1,全筆移轉,04630001
RPPNMLMKOHMFFAV76CA,自強段,108.00,都市：住,1,1,全筆移轉,07120000
RPWNMLMJOHMFFAV37CA,利家段,2175.00,非都市：特定農業區 ; 非都市編定：農牧用地,1,1,全筆移轉,84010000
RPUNMLQLNHMFFAV67CA,豐榮段,16.00,都市：住,2,1,持分移轉,07670000
RPUNMLQLNHMFFAV67CA,豐榮段,57.50,都市：住,2,1,持分移轉,07680000
RPRNMLLMNHMFFAV96CA,班鳩段,413.11,非都市：山坡地保育區 ; 非都市編定：丙種建築用地,1,1,全筆移轉,05960000
RPPNMLLJOHMFFAV56CA,豐川段,1800.00,非都市：特定農業區 ; 非都市編定：農牧用地,1,1,全筆移轉,05220001
RPPNMLMJOHMFFCV86CA,月野段,898.00,非都市：特定農業區 ; 非都市編定：農牧用地,1,1,全筆移轉,03130000
RPPNMLMJOHMFFCV86CA,月野段,910.00,非都市：特定農業區 ; 非都市編定：農牧用地,1,1,全筆移轉,03140000
RPTNMLQLNHMFFAV57CA,台東段,51.96,都市：住,100000,646,持分移轉,25450000
RPPNMLMJOHMFFCV86CA,月野段,910.00,非都市：特定農業區 ; 非都市編定：農牧用地,1,1,全筆移轉,03150000
RPPNMLMJOHMFFCV86CA,月野段,910.00,非都市：特定農業區 ; 非都市編定：農牧用地,1,1,全筆移轉,03160000
RPQNMLLJOHMFFAV66CA,台東段,93.00,都市：住,1,1,全筆移轉,01600613
RPQNMLPJOHMFFCV37DA,大埔段,101.54,都市：住,1,1,全筆移轉,08400006
RPPNMLMKOHMFFCV96CA,大埔段,1481.17,都市：農,1,1,全筆移轉,10990000
RPPNMLTJOHMFFCV57CA,電光段,840.63,非都市：特定農業區 ; 非都市編定：農牧用地,1,1,全筆移轉,05630000
RPTNMLMJOHMFFAV17DA,北南王段,.52,都市：其他:河川用地,1,1,全筆移轉,08930000
RPSOMLLLOHMFFAV17CA,豐成段,2570.37,非都市：特定農業區 ; 非都市編定：農牧用地,1,1,全筆移轉,06440000
RPSOMLLLOHMFFAV17CA,豐成段,59.53,非都市：特定農業區 ; 非都市編定：農牧用地,1,1,全筆移轉,06450000
RPSOMLLLOHMFFAV17CA,豐成段,16.13,非都市：特定農業區 ; 非都市編定：農牧用地,1,1,全筆移轉,06480000
RPTNMLRJOHMFFAV67DA,明峰段,2500.00,非都市：山坡地保育區 ; 非都市編定：農牧用地,1,1,全筆移轉,09170000
RPTNMLRJOHMFFAV67DA,明峰段,3277.68,非都市：山坡地保育區 ; 非都市編定：農牧用地,1,1,全筆移轉,09170001
SPTNMLMJOHMFFAV27DA,北南王段,490.20,都市：其他:河川用地,1,1,全筆移轉,09560000
TPTNMLMJOHMFFAV37DA,北南王段,155.21,都市：其他:河川用地,1,1,全筆移轉,09570000
UPTNMLMJOHMFFAV47DA,北南王段,511.57,都市：其他:河川用地,1,1,全筆移轉,09580001
RPQNMLNJOHMFFAV96DA,北南王段,1444.59,都市：其他:河川用地,1,1,全筆移轉,08720000
SPQNMLNJOHMFFAV07DA,北南王段,569.12,都市：其他:水利用地,1,1,全筆移轉,08730001
TPQNMLNJOHMFFAV17DA,北南王段,115.46,都市：其他:河川用地,1,1,全筆移轉,08860001
RPRNMLNJOHMFFAV07DA,北南王段,1043.53,都市：其他:河川用地,1,1,全筆移轉,09510001
RPUNMLNJOHMFFAV37DA,北南王段,487.53,都市：其他:河川用地,1,1,全筆移轉,08440001
SPTNMLNJOHMFFAV37DA,北南王段,126.10,都市：其他:河川用地,1,1,全筆移轉,07890002
RPTNMLNJOHMFFAV27DA,北南王段,38.65,都市：其他:河川用地,1,1,全筆移轉,07890001
RPVNMLNJOHMFFAV47DA,北南王段,3735.33,都市：其他:河川用地,1,1,全筆移轉,07920000
RPSNMLNJOHMFFAV07CA,東海段,25.08,都市：住,10000,42,持分移轉,01300000
RPSNMLNJOHMFFAV07CA,東海段,1.62,都市：住,10000,42,持分移轉,01300002
RPSNMLMJOHMFFAV96CA,豐谷段,56.00,都市：其他:道路地,1,1,全筆移轉,04860000
RPSNMLMJOHMFFAV96CA,豐谷段,33.00,都市：住,1,1,全筆移轉,05170000
RPRNMLMJOHMFFAV86CA,馬蘭段,105.00,都市：住,1,1,全筆移轉,16910006
RPSNMLPJOHMFFAV27CA,梧州段,94.72,都市：住,2,1,持分移轉,02510001
RPSNMLPJOHMFFAV27CA,梧州段,29.88,都市：住,2,1,持分移轉,02520001
RPQOMLNJOHMFFAV96CA,順天段,86.98,都市：農,1,1,全筆移轉,01680000
RPQOMLNJOHMFFAV96CA,順天段,12.36,都市：其他:道路用地,1,1,全筆移轉,01680001
RPRNMLPJOHMFFBV27CA,北八里段,2905.31,非都市：風景區 ; 非都市編定：農牧用地,1,1,全筆移轉,00160000
RPRNMLPJOHMFFBV27CA,北八里段,5679.86,非都市：風景區 ; 非都市編定：農牧用地,1,1,全筆移轉,00170000
RPRNMLPJOHMFFBV27CA,北八里段,136.86,非都市：風景區 ; 非都市編定：農牧用地,1,1,全筆移轉,00170001
RPRNMLPJOHMFFBV27CA,北八里段,4223.16,非都市：風景區 ; 非都市編定：農牧用地,1,1,全筆移轉,00200000
RPRNMLPJOHMFFBV27CA,北八里段,2884.32,非都市：風景區 ; 非都市編定：農牧用地,1,1,全筆移轉,00380000
RPRNMLPJOHMFFBV27CA,北八里段,2184.82,非都市：風景區 ; 非都市編定：農牧用地,1,1,全筆移轉,00510000
RPROMLLLOHMFFAV07CA,豐成段,1750.05,非都市：特定農業區 ; 非都市編定：農牧用地,1,1,全筆移轉,06420000
RPROMLLLOHMFFAV07CA,豐成段,5810.04,非都市：特定農業區 ; 非都市編定：農牧用地,1,1,全筆移轉,06430000
RPROMLLLOHMFFAV07CA,豐成段,562.63,非都市：特定農業區 ; 非都市編定：農牧用地,1,1,全筆移轉,06530000
RPROMLLLOHMFFAV07CA,豐成段,2029.24,非都市：特定農業區 ; 非都市編定：農牧用地,1,1,全筆移轉,06540000
RPROMLLLOHMFFAV07CA,豐成段,2597.03,非都市：特定農業區 ; 非都市編定：農牧用地,1,1,全筆移轉,06550000
RPROMLLLOHMFFAV07CA,豐成段,4071.46,非都市：特定農業區 ; 非都市編定：農牧用地,1,1,全筆移轉,06840000
RPROMLLLOHMFFAV07CA,豐成段,1536.81,非都市：特定農業區 ; 非都市編定：農牧用地,1,1,全筆移轉,06850000
RPROMLLLOHMFFAV07CA,豐成段,1744.25,非都市：特定農業區 ; 非都市編定：農牧用地,1,1,全筆移轉,06860000
RPROMLLLOHMFFAV07CA,豐成段,1472.30,非都市：特定農業區 ; 非都市編定：農牧用地,1,1,全筆移轉,06960000
RPROMLLLOHMFFAV07CA,豐成段,2178.15,非都市：特定農業區 ; 非都市編定：農牧用地,1,1,全筆移轉,06970000
RPVNMLMJOHMFFAV27CA,台東段,93.00,都市：住,1,1,全筆移轉,02560000
RPVNMLMJOHMFFAV27CA,台東段,25.00,都市：住,1,1,全筆移轉,02570001
RPXNMLNJOHMFFAV57CA,中清段,112.01,都市：住,1,1,全筆移轉,02420003
RPOOMLNJOHMFFAV76CA,中清段,127.37,都市：住,1,1,全筆移轉,02420007
RPSNMLQJOHMFFAV37CA,自強段,131.00,都市：住,1,1,全筆移轉,08230000
RPPOMLNJOHMFFAV86CA,中清段,114.18,都市：住,1,1,全筆移轉,02420005
RPRNMLTJOHMFFAV57CA,明峰段,1861.32,非都市：山坡地保育區 ; 非都市編定：林業用地,1,1,全筆移轉,09030000
RPRNMLTJOHMFFAV57CA,明峰段,1869.30,非都市：山坡地保育區 ; 非都市編定：林業用地,1,1,全筆移轉,09040000
RPRNMLTJOHMFFAV57CA,明峰段,1868.97,非都市：山坡地保育區 ; 非都市編定：林業用地,1,1,全筆移轉,09050000
RPRNMLTJOHMFFAV57CA,明峰段,1859.71,非都市：山坡地保育區 ; 非都市編定：林業用地,1,1,全筆移轉,09130000
RPRNMLTJOHMFFAV57CA,明峰段,1873.03,非都市：山坡地保育區 ; 非都市編定：林業用地,1,1,全筆移轉,09150000
RPWNMLNJOHMFFAV57DA,光明段,2.00,都市：其他:河川用地,1,1,全筆移轉,03620001
RPRNMLLLOHMFFAV96CA,豐榮段,133.13,都市：住,1,1,全筆移轉,00940000
RPUNMLQJOHMFFAV57CA,中山段,70.00,都市：住,1,1,全筆移轉,09880000
SPWNMLNJOHMFFAV67DA,光明段,1938.00,都市：其他:河川用地,1,1,全筆移轉,03620002
TPWNMLNJOHMFFAV77DA,光明段,18.00,都市：其他:河川用地,1,1,全筆移轉,03620003
RPPNMLQJOHMFFAV17DA,新生段,80.00,都市：農,1,1,全筆移轉,16660000
RPRNMLPJOHMFFAV27DA,台東段,17.37,都市：住,10000,282,持分移轉,18130000
RPPNMLPJOHMFFCV17CA,里?段,93.11,都市：住,1,1,全筆移轉,01450003
RPQNMLPJOHMFFDV37CA,多良段,3967.00,非都市：風景區 ; 非都市編定：農牧用地,1,1,全筆移轉,04160001
RPQNMLPJOHMFFDV37CA,多良段,6990.00,非都市：風景區 ; 非都市編定：農牧用地,1,1,全筆移轉,04350000
RPQNMLPJOHMFFDV37CA,多良段,487.00,非都市：風景區 ; 非都市編定：農牧用地,1,1,全筆移轉,04470001
RPQNMLPJOHMFFDV37CA,多良段,973.00,非都市：風景區 ; 非都市編定：農牧用地,1,1,全筆移轉,04470002
RPRNMLPJOHMFFDV47CA,多良段,8260.00,非都市：風景區 ; 非都市編定：農牧用地,1,1,全筆移轉,04140000
RPPNMLTKOHMFFCV77DA,電光段,372.47,非都市：鄉村區 ; 非都市編定：乙種建築用地,1,1,全筆移轉,10870000
RPPNMLNKOHMFFAV86CA,豐川段,53.62,非都市：特定農業區 ; 非都市編定：水利用地,10,1,持分移轉,04860000
RPPNMLNKOHMFFAV86CA,豐川段,2698.03,非都市：特定農業區 ; 非都市編定：農牧用地,1,1,全筆移轉,04910000
RPXNMLMKOHMFFAV57CA,梅園段,4665.50,非都市：山坡地保育區 ; 非都市編定：農牧用地,1,1,全筆移轉,08960000
RPPNMLKLOHMFFDV07DA,正興段,550.62,都市：住,1,1,全筆移轉,02060000
RPRNMLPJOHMFFCV47DA,中福段,77.48,都市：住,1,1,全筆移轉,07510000
RPRNMLPJOHMFFCV47DA,中福段,10.59,都市：住,1,1,全筆移轉,07520000
RPRNMLPJOHMFFCV47DA,中福段,11.32,都市：住,1,1,全筆移轉,07530000
RPRNMLPJOHMFFCV47DA,中福段,82.99,都市：住,1,1,全筆移轉,07540000
RPQNMLRJOHMFFCV57DA,慶福段,86.31,都市：商,1,1,全筆移轉,07720000
RPPNMLPLOHMFFCV47DA,武陵段,626.00,非都市：鄉村區 ; 非都市編定：乙種建築用地,1,1,全筆移轉,06720001
RPPOMLNKOHMFFAV07DA,普優瑪段,318.78,都市：其他:河川用地,2,1,持分移轉,12180000
SPPOMLNKOHMFFAV17DA,普優瑪段,347.04,都市：其他:水利用地,2,1,持分移轉,11940001
TPPOMLNKOHMFFAV27DA,普優瑪段,174.98,都市：其他:河川用地,2,1,持分移轉,12180001
RPRNMLRJOHMFFDV67CA,西勢湖段,4278.19,非都市：山坡地保育區 ; 非都市編定：農牧用地,1,1,全筆移轉,04710000
UPPOMLNKOHMFFAV37DA,普優瑪段,439.33,都市：其他:河川用地,2,1,持分移轉,12200001
RPROMLNKOHMFFAV27DA,普優瑪段,318.78,都市：其他:河川用地,2,1,持分移轉,12180000
SPROMLNKOHMFFAV37DA,普優瑪段,347.04,都市：其他:水利用地,2,1,持分移轉,11940001
UPROMLNKOHMFFAV57DA,普優瑪段,439.33,都市：其他:河川用地,2,1,持分移轉,12200001
RPSOMLNKOHMFFAV37DA,普優瑪段,289.57,都市：其他:河川用地,1,1,全筆移轉,12190000
VPPOMLNKOHMFFAV47DA,普優瑪段,10.37,都市：其他:河川用地,2,1,持分移轉,12210001
TPROMLNKOHMFFAV47DA,普優瑪段,174.98,都市：其他:河川用地,2,1,持分移轉,12180001
VPROMLNKOHMFFAV67DA,普優瑪段,10.37,都市：其他:河川用地,2,1,持分移轉,12210001
SPUOMLNKOHMFFAV67DA,永清段,714.44,都市：其他:水利用地,1,1,全筆移轉,01140000
RPUOMLNKOHMFFAV57DA,永清段,717.99,都市：其他:河川用地,1,1,全筆移轉,01130000
VPUOMLNKOHMFFAV97DA,永清段,354.33,都市：其他:河川用地,1,1,全筆移轉,01160000
UPUOMLNKOHMFFAV87DA,永清段,10.18,都市：其他:河川用地,1,1,全筆移轉,01150001
RPTOMLNKOHMFFAV47DA,中清段,2094.13,都市：其他:河川用地,1,1,全筆移轉,07110006
TPUOMLNKOHMFFAV77DA,永清段,236.04,都市：其他:河川用地,1,1,全筆移轉,01150000
SPSOMLNKOHMFFAV47DA,普優瑪段,202.37,都市：其他:水利用地,1,1,全筆移轉,12190001
WPUOMLNKOHMFFAV08DA,永清段,170.38,都市：其他:河川用地,1,1,全筆移轉,01160001
YPUOMLNKOHMFFAV28DA,永清段,101.67,都市：其他:河川用地,1,1,全筆移轉,01190000
XPUOMLNKOHMFFAV18DA,永清段,400.68,都市：其他:河川用地,1,1,全筆移轉,01170000
RQUOMLNKOHMFFAV67DA,永清段,225.38,都市：其他:河川用地,1,1,全筆移轉,01230000
ZPUOMLNKOHMFFAV38DA,永清段,358.93,都市：其他:河川用地,1,1,全筆移轉,01210000
RPVNMLLKPHOFFAV57CA,豐年段,3146.98,都市：住,1,1,全筆移轉,09530000
RPVNMLLKPHOFFAV57CA,豐年段,704.87,都市：住,1,1,全筆移轉,09530002
RPVNMLLKPHOFFAV57CA,豐年段,795.45,都市：其他:道路用地,1,1,全筆移轉,09530003
RPVNMLLKPHOFFAV57CA,豐年段,716.95,都市：其他:道路用地,1,1,全筆移轉,09530004
SQUOMLNKOHMFFAV77DA,永清段,38.03,都市：其他:河川用地,1,1,全筆移轉,01230001
QQUOMLNKOHMFFAV57DA,永清段,653.95,都市：其他:河川用地,1,1,全筆移轉,01220000
TQUOMLNKOHMFFAV87DA,永清段,59.19,都市：其他:河川用地,1,1,全筆移轉,01240000
RPTNMLNKOHMFFAV27CA,馬蘭段,21.35,都市：住,10000,177,持分移轉,16590000
RPSNMLRJOHMFFAV47CA,知本段,1012.00,非都市：特定農業區 ; 非都市編定：農牧用地,1,1,全筆移轉,80540002
RPRNMLNKOHMFFAV07CA,中山段,67.00,都市：住,1,1,全筆移轉,09400000
RPVNMLNKOHMFFAV47CA,南榮段,89.39,都市：住,1,1,全筆移轉,11470000
RPWNMLMKOHMFFAV47CA,豐聖段,125.59,都市：住,1,1,全筆移轉,08380000
RPUNMLPJOHMFFAV47CA,自強段,124.98,都市：住,1,1,全筆移轉,09760004
RPRNMLQJOHMFFAV27CA,知本段,2500.00,非都市：特定農業區 ; 非都市編定：農牧用地,1,1,全筆移轉,79110006
RPTNMLQJOHMFFAV47CA,豐航段,71.86,都市：住,1,1,全筆移轉,08430000
RPQNMLQJOHMFFDV47CA,森永段,187.00,非都市：山坡地保育區 ; 非都市編定：丙種建築用地,1,1,全筆移轉,07860064
RPPNMLLLOHMFFCV96CA,水井段,162.03,非都市：鄉村區 ; 非都市編定：乙種建築用地,9,1,持分移轉,10560000
RPPNMLTJOHMFFDV77DA,金富段,373.93,非都市：鄉村區 ; 非都市編定：乙種建築用地,1,1,全筆移轉,06580000
RPPNMLRJOHMFFBV27CA,忠勇段,80.08,都市：住,1,1,全筆移轉,11010000
RPPNMLRJOHMFFDV47CA,尚武段,128.77,都市：住,1,1,全筆移轉,03100000
RPPNMLRJOHMFFAV27DA,常德段,11.38,都市：住,10000,225,持分移轉,05300000
RPOOMLNKOHMFFAV96DA,中清段,107.38,都市：其他:河川用地,1,1,全筆移轉,06790008
RPXNMLNKOHMFFAV77DA,中清段,149.61,都市：其他:河川用地,1,1,全筆移轉,06750000
RPQNMLOKOHMFFAV17DA,中清段,39.22,都市：其他:河川用地,1,1,全筆移轉,06760003
SPXNMLNKOHMFFAV87DA,中清段,87.30,都市：其他:水利用地,1,1,全筆移轉,06700000
SPQNMLOKOHMFFAV27DA,中清段,444.58,都市：其他:水利用地,1,1,全筆移轉,06760004
RPVNMLRJOHMFFAV77CA,豐谷段,75.00,都市：住,1,1,全筆移轉,05890000
RPQNMLLKOHMFFAV76CA,上岩灣段,92.03,都市：住,1,1,全筆移轉,06270000
RPPNMLLKOHMFFAV66CA,豐川段,4403.56,非都市：特定農業區 ; 非都市編定：農牧用地,1,1,全筆移轉,05220000
RPPNMLLKOHMFFAV66CA,豐川段,678.23,非都市：特定農業區 ; 非都市編定：農牧用地,1,1,全筆移轉,05270000
RPRNMLLKOHMFFAV86CA,豐樂段,87.00,都市：住,1,1,全筆移轉,31560024
RPQNMLSJOHMFFAV37CA,豐樂段,86.00,都市：住,1,1,全筆移轉,31560000
RPPNMLSJOHMFFAV27CA,建本段,542.95,都市：農,8,1,持分移轉,10330000
RPPNMLOKOHMFFAV07DA,中清段,282.64,都市：其他:河川用地,1,1,全筆移轉,06730000
SPPNMLOKOHMFFAV17DA,中清段,68.62,都市：其他:水利用地,1,1,全筆移轉,06730003
RPRNMLMKOHMFFAV96CA,豐年段,16.64,都市：住,10000,36,持分移轉,00270007
TPPNMLOKOHMFFAV27DA,中清段,73.24,都市：其他:河川用地,1,1,全筆移轉,06730004
UPPNMLOKOHMFFAV37DA,中清段,110.50,都市：其他:河川用地,1,1,全筆移轉,06740005
RPPNMLQKOHMFFBV27CA,三間段大來小段,1016.00,非都市：風景區 ; 非都市編定：農牧用地,1,1,全筆移轉,07770008
RPPNMLQKOHMFFBV27CA,三間段大來小段,1019.00,非都市：風景區 ; 非都市編定：農牧用地,1,1,全筆移轉,07770009
RPQNMLMKOHMFFCV07CA,大同段,65.31,都市：住,1,1,全筆移轉,06010000
RPQNMLMKOHMFFCV07CA,大同段,27.43,都市：住,1,1,全筆移轉,06020000
RPPNMLSJOHMFFBV37CA,都豐段,121.83,非都市：鄉村區 ; 非都市編定：乙種建築用地,1,1,全筆移轉,02710000
RPQNMLOJPHMFFBV37EA,高原段,249.00,非都市：森林區 ; 非都市編定：丙種建築用地,1,1,全筆移轉,26430001
SPRNMLOKOHMFFAV37DA,光明段,471.00,都市：其他:河川用地,1,1,全筆移轉,03050000
TPRNMLOKOHMFFAV47DA,光明段,104.00,都市：其他:河川用地,1,1,全筆移轉,03050001
RPRNMLOKOHMFFAV27DA,光明段,249.00,都市：其他:河川用地,1,1,全筆移轉,03040001
UPRNMLOKOHMFFAV57DA,光明段,566.00,都市：其他:河川用地,1,1,全筆移轉,03060000
RPSNMLOKOHMFFAV37DA,光明段,1063.00,都市：其他:河川用地,1,1,全筆移轉,03390000
RPROMLOKOHMFFAV37DA,光明段,280.00,都市：其他:河川用地,1,1,全筆移轉,03310001
SPROMLOKOHMFFAV47DA,光明段,394.00,都市：其他:河川用地,1,1,全筆移轉,03310002
RPVNMLMKOHMFFAV37CA,豐航段,759.20,都市：農,1,1,全筆移轉,02450000
RPVNMLMKOHMFFAV37CA,豐航段,1395.63,都市：農,1,1,全筆移轉,02460000
RPVNMLMKOHMFFAV37CA,豐航段,701.35,都市：農,1,1,全筆移轉,02470000
RPTNMLMKOHMFFAV17CA,台東段,40.22,都市：住,10000,220,持分移轉,17480000
RPTNMLOKOHMFFAV47DA,北南王段,462.98,都市：其他:河川用地,1,1,全筆移轉,09800001
RPUNMLOKOHMFFAV57DA,北南王段,469.47,都市：其他:河川用地,1,1,全筆移轉,09220000
SPUNMLOKOHMFFAV67DA,北南王段,382.40,都市：其他:河川用地,1,1,全筆移轉,09230000
TPUNMLOKOHMFFAV77DA,北南王段,189.92,都市：其他:河川用地,1,1,全筆移轉,09260000
UPUNMLOKOHMFFAV87DA,北南王段,453.53,都市：其他:河川用地,1,1,全筆移轉,09270001
RPQNMLTJOHMFFAV57DA,利家段,47.00,非都市：鄉村區 ; 非都市編定：乙種建築用地,1,1,全筆移轉,82580000
RPOOMLOKOHMFFAV07DA,北南王段,853.98,都市：其他:河川用地,1,1,全筆移轉,09720000
SPOOMLOKOHMFFAV17DA,北南王段,164.89,都市：其他:河川用地,1,1,全筆移轉,09720001
RPPOMLOKOHMFFAV17DA,北南王段,69.97,都市：其他:河川用地,5,1,持分移轉,09520000
SPPOMLOKOHMFFAV27DA,北南王段,191.37,都市：其他:河川用地,5,1,持分移轉,09530000
TPPOMLOKOHMFFAV37DA,北南王段,17.08,都市：其他:河川用地,5,1,持分移轉,09930000
UPPOMLOKOHMFFAV47DA,北南王段,70.51,都市：其他:河川用地,5,1,持分移轉,09950000
RPQOMLOKOHMFFAV27DA,中清段,72.40,都市：其他:河川用地,1,1,全筆移轉,06670001
RPQNMLMKOHMFFDV27DA,德其段,211.79,都市：住,1,1,全筆移轉,09460001
RPQNMLQKOHMFFAV37DA,建華段,71.43,都市：住,1,1,全筆移轉,10320000
RPRNMLPJPHMFFBV47DA,萬年段,2473.00,非都市：風景區 ; 非都市編定：農牧用地,1,1,全筆移轉,01100000
RPVNMLOKOHMFFAV67DA,台東段,71.00,都市：住,1,1,全筆移轉,01810005
RPQNMLNKOHMFFAV96CA,東海段,75.51,都市：住,1,1,全筆移轉,09450000
RPTNMLRKPHMFFAV87DA,台東段,173.00,都市：住,1,1,全筆移轉,00020226
RPPNMLTLOHMFFCV77CA,慶福段,166.45,都市：商,1,1,全筆移轉,08630000
RPQNMLNJPHMFFCV17CA,海端段,295.00,非都市：鄉村區 ; 非都市編定：乙種建築用地,1,1,全筆移轉,09920001
RPPNMLQLOHMFFCV47CA,隆昌段,4787.02,非都市：山坡地保育區 ; 非都市編定：農牧用地,1,1,全筆移轉,02850000
RPPNMLSLOHMFFCV67CA,大原段,251.00,非都市：特定農業區 ; 非都市編定：農牧用地,4,1,持分移轉,10620000
RPQNMLQLOHMFFCV57CA,豐泉段,119.23,都市：住,1,1,全筆移轉,06820000
RPQNMLQLOHMFFCV57CA,豐泉段,4.85,都市：住,1,1,全筆移轉,06830000
RPUNMLMKOHMFFAV27CA,台東段,15.37,都市：住,10000,138,持分移轉,19190000
RPWNMLNKOHMFFAV57CA,建業段,40.90,都市：住,1,1,全筆移轉,04060001
RPWNMLNKOHMFFAV57CA,建業段,42.00,都市：住,1,1,全筆移轉,04080000
RPWNMLNKOHMFFAV57CA,建業段,71.00,都市：住,1,1,全筆移轉,04090000
RPWNMLNKOHMFFAV57CA,建業段,52.00,都市：住,1,1,全筆移轉,04100000
RPQOMLNKOHMFFAV07CA,興安段,236.47,都市：住,1,1,全筆移轉,00220000
RPPNMLPKOHMFFDV37CA,壢坵段,2140.00,非都市：山坡地保育區 ; 非都市編定：農牧用地,1,1,全筆移轉,04380000
RPWNMLOKOHMFFAV77DA,東海段,26.98,都市：住,10000,153,持分移轉,01400000
RPQNMLQKOHMFFBV37CA,三間屋段,3690.02,非都市：風景區 ; 非都市編定：農牧用地,1,1,全筆移轉,06230000
RPTNMLTKOHMFFAV97DA,永清段,29.98,都市：其他:河川用地,1,1,全筆移轉,00930005
RPPNMLPKOHMFFAV07CA,豐里段,145.40,非都市：特定農業區 ; 非都市編定：農牧用地,2,1,持分移轉,00980000
SPVNMLTKOHMFFAV28DA,永清段,489.10,都市：其他:河川用地,1,1,全筆移轉,00980001
RPUNMLTKOHMFFAV08DA,永清段,43.40,都市：其他:河川用地,1,1,全筆移轉,00930003
RPVNMLTKOHMFFAV18DA,永清段,595.02,都市：其他:河川用地,1,1,全筆移轉,00950001
RPPNMLNKOHMFFCV17DA,大埔段,608.32,都市：農,1,1,全筆移轉,11190000
RPUNMLQKOHMFFBV87DA,永福段,92.09,非都市：鄉村區 ; 非都市編定：乙種建築用地,1,1,全筆移轉,04950001
RPRNMLQKOHMFFBV47CA,城仔埔段,119.26,非都市：風景區 ; 非都市編定：農牧用地,1,1,全筆移轉,01420001
RPQNMLOKPHMFFAV27DA,台東段,38.94,都市：住,10000,213,持分移轉,17480000
RPPNMLMLOHMFFCV07CA,福文段,148.92,都市：住,1,1,全筆移轉,05700000
RPSNMLQKOHMFFBV57CA,城仔埔段,59.63,非都市：風景區 ; 非都市編定：農牧用地,1,1,全筆移轉,01430001
RPQNMLPKOHMFFAV17CA,自強段,125.01,都市：住,1,1,全筆移轉,09370000
RPXNMLOKOHMFFAV77CA,常德段,82.93,都市：住,1,1,全筆移轉,04910000
RPQNMLTKOHMFFAV57CA,梅園段,8313.59,非都市：山坡地保育區 ; 非都市編定：農牧用地,1,1,全筆移轉,01140000
RPQNMLTKOHMFFAV57CA,梅園段,2625.47,非都市：山坡地保育區 ; 非都市編定：農牧用地,1,1,全筆移轉,01320000
RPPNMLTKOHMFFAV47CA,梅園段,2774.53,非都市：山坡地保育區 ; 非都市編定：農牧用地,1,1,全筆移轉,01310000
RPRNMLKLOHMFFAV86CA,豐川段,3970.80,非都市：特定農業區 ; 非都市編定：農牧用地,1,1,全筆移轉,09000004
RPQOMLQKOHMFFAV37CA,中正段,70.00,都市：住,1,1,全筆移轉,08010000
RPQOMLQKOHMFFAV37CA,中正段,5.00,都市：住,1,1,全筆移轉,08030000
RPOOMLQKOHMFFAV17CA,豐年段,8.00,都市：住,10000,16,持分移轉,00270000
RPQNMLMLOHMFFCV17CA,鹿寮段,273.00,非都市：鄉村區 ; 非都市編定：乙種建築用地,1,1,全筆移轉,10730000
RPQNMLMLOHMFFCV17CA,鹿寮段,111.69,非都市：鄉村區 ; 非都市編定：乙種建築用地,1,1,全筆移轉,10750002
RPRNMLMLOHMFFCV27CA,和平段,77.01,非都市：鄉村區 ; 非都市編定：乙種建築用地,1,1,全筆移轉,04030000
RPRNMLMLOHMFFCV27CA,和平段,52.97,非都市：鄉村區 ; 非都市編定：乙種建築用地,1,1,全筆移轉,04040000
RPPOMLQKOHMFFAV27CA,台東段,22.00,都市：住,1,1,全筆移轉,01040004
RPRNMLNJPHMFFCV27CA,大同段,904.54,都市：住,1,1,全筆移轉,06510000
RPRNMLNJPHMFFCV27CA,大同段,.71,都市：住,1,1,全筆移轉,06510001
RPRNMLNJPHMFFCV27CA,大同段,158.02,都市：住,1,1,全筆移轉,06510002
RPRNMLNJPHMFFCV27CA,大同段,157.31,都市：住,1,1,全筆移轉,06510003
RPRNMLNJPHMFFCV27CA,大同段,165.20,都市：住,1,1,全筆移轉,06520002
RPRNMLNJPHMFFCV27CA,大同段,66.80,都市：住,1,1,全筆移轉,06530002
RPRNMLTKOHMFFAV67CA,中心段,81.00,都市：住,1,1,全筆移轉,12440000
RPSOMLOJPHMFFAV37CA,石川段,300.90,非都市：山坡地保育區 ; 非都市編定：丙種建築用地,24,12,持分移轉,01670000
RPSOMLOJPHMFFAV37CA,石川段,318.43,非都市：山坡地保育區 ; 非都市編定：丙種建築用地,24,12,持分移轉,01670002
RPPNMLNKPHMFFDV37DA,土?段,2040.86,非都市：森林區 ; 非都市編定：農牧用地,7,1,持分移轉,05270023
RPROMLOJPHMFFAV27CA,石川段,156.88,非都市：山坡地保育區 ; 非都市編定：丙種建築用地,24,6,持分移轉,01670001
RPROMLOJPHMFFAV27CA,石川段,155.28,非都市：山坡地保育區 ; 非都市編定：丙種建築用地,24,6,持分移轉,01670004
RPUNMLOJPHMFFAV47CA,石川段,300.90,非都市：山坡地保育區 ; 非都市編定：丙種建築用地,24,12,持分移轉,01670000
RPUNMLOJPHMFFAV47CA,石川段,318.43,非都市：山坡地保育區 ; 非都市編定：丙種建築用地,24,12,持分移轉,01670002
RPOOMLOJPHMFFAV96CA,台東段,102.00,都市：商,1,1,全筆移轉,03840002
RPWNMLKLOHMFFAV37CA,新中寮段,59.75,都市：住,3,1,持分移轉,06570000
RPWNMLKLOHMFFAV37CA,新中寮段,59.75,都市：住,3,1,持分移轉,06570000
RPWNMLKLOHMFFAV37CA,新中寮段,10.02,都市：其他:公共設施保留地,3,1,持分移轉,06580000
RPWNMLKLOHMFFAV37CA,新中寮段,10.02,都市：其他:公共設施保留地,3,1,持分移轉,06580000
RPPNMLQJPHMFFAV17CA,梧州段,72.57,都市：住,1,1,全筆移轉,03930000
RPRNMLMKPHMFFAV07CA,石川段,235.32,非都市：山坡地保育區 ; 非都市編定：丙種建築用地,24,9,持分移轉,01670001
RPRNMLMKPHMFFAV07CA,石川段,232.92,非都市：山坡地保育區 ; 非都市編定：丙種建築用地,24,9,持分移轉,01670004
RPRNMLMKPHMFFAV07CA,石川段,78.44,非都市：山坡地保育區 ; 非都市編定：丙種建築用地,24,3,持分移轉,01670001
RPRNMLMKPHMFFAV07CA,石川段,77.64,非都市：山坡地保育區 ; 非都市編定：丙種建築用地,24,3,持分移轉,01670004
RPOOMLTLOHMFFAV67DA,光明段,1816.00,都市：其他:河川用地,1,1,全筆移轉,03490000
SPOOMLTLOHMFFAV77DA,光明段,1008.00,都市：其他:河川用地,1,1,全筆移轉,03500000
TPOOMLTLOHMFFAV87DA,光明段,2286.00,都市：其他:河川用地,1,1,全筆移轉,03540000
RPTNMLTLOHMFFAV08DA,光明段,355.00,都市：其他:河川用地,1,1,全筆移轉,03120001
SPTNMLTLOHMFFAV18DA,光明段,622.00,都市：其他:河川用地,1,1,全筆移轉,03130000
TPTNMLTLOHMFFAV28DA,光明段,45.00,都市：其他:河川用地,1,1,全筆移轉,03130001
UPTNMLTLOHMFFAV38DA,光明段,585.00,都市：其他:河川用地,1,1,全筆移轉,03140000
RPVNMLTLOHMFFAV28DA,光明段,146.50,都市：其他:河川用地,2,1,持分移轉,03010001
SPWNMLTLOHMFFAV48DA,光明段,69.00,都市：其他:河川用地,1,1,全筆移轉,02620001
RPWNMLTLOHMFFAV38DA,光明段,750.00,都市：其他:河川用地,1,1,全筆移轉,02590004
RPPNMLKLOHMFFAV76DA,福德段,2503.20,非都市：山坡地保育區 ; 非都市編定：農牧用地,1,1,全筆移轉,06050000
RPSNMLKLOHMFFAV07DA,台東段,84.50,都市：商,2,1,持分移轉,01090017
RPXNMLTLOHMFFAV48DA,光明段,146.50,都市：其他:河川用地,2,1,持分移轉,03010001
RPPOMLTLOHMFFAV77DA,北南王段,43.34,都市：其他:河川用地,10,1,持分移轉,09210000
SPPOMLTLOHMFFAV87DA,北南王段,34.53,都市：其他:河川用地,10,1,持分移轉,09240000
TPPOMLTLOHMFFAV97DA,北南王段,17.61,都市：其他:河川用地,10,1,持分移轉,09250000
SPQOMLTLOHMFFAV97DA,北南王段,43.45,都市：其他:河川用地,1,1,全筆移轉,08990002
RPQOMLTLOHMFFAV87DA,北南王段,449.79,都市：其他:河川用地,1,1,全筆移轉,08990001
TPQOMLTLOHMFFAV08DA,北南王段,637.85,都市：其他:河川用地,1,1,全筆移轉,09000000
RPROMLTLOHMFFAV97DA,北南王段,283.43,都市：其他:河川用地,1,1,全筆移轉,09100001
RPSOMLTLOHMFFAV08DA,北南王段,903.80,都市：其他:河川用地,1,1,全筆移轉,09090001
RPVNMLQKOHMFFAV77CA,建興段,125.26,都市：住,1,1,全筆移轉,04120005
RPRNMLQKOHMFFAV37CA,下南寮段,566.55,都市：農,1,1,全筆移轉,02950000
RPXNMLQKOHMFFAV97CA,常德段,14.62,都市：住,10000,77,持分移轉,07520000
RPTOMLTLOHMFFAV18DA,北南王段,69.97,都市：其他:河川用地,5,1,持分移轉,09520000
SPTOMLTLOHMFFAV28DA,北南王段,191.37,都市：其他:河川用地,5,1,持分移轉,09530000
RPWNMLQKOHMFFAV87CA,台東段,21.00,都市：商,1,1,全筆移轉,03850000
RPSNMLQKOHMFFAV47CA,豐康段,14.60,都市：住,1,1,全筆移轉,08640002
RPSNMLQKOHMFFAV47CA,豐康段,1.05,都市：住,1,1,全筆移轉,08640004
RPSNMLQKOHMFFAV47CA,豐康段,.32,都市：住,1,1,全筆移轉,08650003
RPSNMLQKOHMFFAV47CA,豐康段,.06,都市：住,1,1,全筆移轉,08650004
UPTOMLTLOHMFFAV48DA,北南王段,70.51,都市：其他:河川用地,5,1,持分移轉,09950000
RPWOMLTLOHMFFAV48DA,北南王段,610.24,都市：其他:河川用地,1,1,全筆移轉,08910001
TPTOMLTLOHMFFAV38DA,北南王段,17.08,都市：其他:河川用地,5,1,持分移轉,09930000
SPOPMLTLOHMFFAV87DA,北南王段,452.31,都市：其他:河川用地,1,1,全筆移轉,09020001
TPOPMLTLOHMFFAV97DA,北南王段,114.43,都市：其他:河川用地,1,1,全筆移轉,09040000
SPQOMLMKPHMFFAV27DA,北南王段,93.34,都市：其他:河川用地,1,1,全筆移轉,09920000
TPQOMLMKPHMFFAV37DA,北南王段,372.19,都市：其他:河川用地,1,1,全筆移轉,09960000
RPPNMLMLOHMFFAV86CA,豐康段,115.29,都市：住,1,1,全筆移轉,08470010
RPOPMLTLOHMFFAV77DA,北南王段,449.14,都市：其他:河川用地,1,1,全筆移轉,09010000
RPQOMLMKPHMFFAV17DA,北南王段,316.74,都市：其他:河川用地,1,1,全筆移轉,09850001
RPQOMLMLOHMFFAV07CA,利家段,53.92,非都市：鄉村區 ; 非都市編定：乙種建築用地,10000,67,持分移轉,81260000
RPQOMLMLOHMFFAV07CA,利家段,53.12,非都市：鄉村區 ; 非都市編定：乙種建築用地,10000,66,持分移轉,81260000
RPQOMLMLOHMFFAV07CA,利家段,9.45,非都市：鄉村區 ; 非都市編定：乙種建築用地,10000,67,持分移轉,82850000
RPQOMLMLOHMFFAV07CA,利家段,9.31,非都市：鄉村區 ; 非都市編定：乙種建築用地,10000,66,持分移轉,82850000
RPVNMLMLOHMFFAV47CA,自強段,117.55,都市：住,1,1,全筆移轉,09620004
RPQNMLLLOHMFFCV17DA,慶福段,171.58,都市：住,1,1,全筆移轉,09000001
RPUNMLLLOHMFFAV27CA,富岡段,6345.93,非都市：風景區 ; 非都市編定：農牧用地,1,1,全筆移轉,05040000
RPUNMLLLOHMFFAV27CA,富岡段,7752.28,非都市：風景區 ; 非都市編定：農牧用地,1,1,全筆移轉,05060000
RPSNMLLLOHMFFAV07CA,馬蘭段,43.08,都市：住,10000,112,持分移轉,14590000
RPRNMLLLOHMFFCV27DA,豐泉段,63.62,都市：住,1,1,全筆移轉,06110000
RPWNMLMLOHMFFAV57CA,路頂段,1110.64,非都市：特定農業區 ; 非都市編定：農牧用地,1,1,全筆移轉,02070000
RPQNMLLLOHMFFDV27DA,復興段,75.79,都市：住,1,1,全筆移轉,04240000
RPPNMLMKPHMFFAV86CA,台東段,51.00,都市：住,1,1,全筆移轉,04510072
RPPNMLTLOHMFFDV97DA,安朔段,860.00,非都市：山坡地保育區 ; 非都市編定：農牧用地,1,1,全筆移轉,06060000
RPUNMLMLOHMFFAV37CA,東海段,22.69,都市：住,10000,38,持分移轉,01300000
RPUNMLMLOHMFFAV37CA,東海段,1.46,都市：住,10000,38,持分移轉,01300002
RPTNMLMLOHMFFAV27CA,台東段,53.00,都市：住,1,1,全筆移轉,01950018
RPTNMLMLOHMFFAV27CA,台東段,60.00,都市：住,1,1,全筆移轉,01950053
RPTNMLMLOHMFFAV27CA,台東段,4.00,都市：住,1,1,全筆移轉,01950066
RPTNMLKLOHMFFAV07CA,台東段,53.60,都市：住,100000,830,持分移轉,25640000
RPPOMLMLOHMFFAV96CA,利家段,20.52,非都市：鄉村區 ; 非都市編定：乙種建築用地,30000,435,持分移轉,74880012
RPUNMLQLOHMFFAV77CA,豐康段,128.73,都市：住,1,1,全筆移轉,08470007
RPUNMLQLOHMFFAV77CA,豐康段,.32,都市：住,1,1,全筆移轉,08650003
RPPNMLNLOHMFFAV96CA,中心段,95.00,都市：住,1,1,全筆移轉,05180000
RPQNMLNLOHMFFAV07CA,中正段,96.00,都市：工,1,1,全筆移轉,00070001
RPWNMLQLOHMFFAV97CA,富岡南段,185.19,非都市：鄉村區 ; 非都市編定：乙種建築用地,1,1,全筆移轉,04290003
RPQNMLNLOHMFFAV07CA,中正段,419.00,都市：住,1,1,全筆移轉,00070002
RPSNMLNLOHMFFAV27CA,普優瑪段,106.32,都市：住,1,1,全筆移轉,02480001
RPPNMLRLOHMFFAV37CA,建康段,9.26,都市：其他:道路用地,1,1,全筆移轉,15450000
RPRNMLNLOHMFFAV17CA,岩灣段,121.18,都市：住,1,1,全筆移轉,00540001
RPPNMLPLOHMFFAV17CA,建成段,161.72,都市：住,1,1,全筆移轉,00360012
RPROMLMLOHMFFAV17CA,新生段,13.15,都市：住,10000,53,持分移轉,00440000
RPPNMLSLOHMFFAV47CA,順天段,47.75,都市：住,1,1,全筆移轉,08670004
RPPNMLQLOHMFFAV37DA,班鳩段,167.66,非都市： ; 非都市編定：,1,1,全筆移轉,08670001
RPQNMLPJPHMFFBV27CA,萬年段,1300.00,非都市：風景區 ; 非都市編定：農牧用地,1,1,全筆移轉,13140003
RPSNMLMLOHMFFCV47DA,海端段,12.00,非都市：鄉村區 ; 非都市編定：乙種建築用地,1,1,全筆移轉,09600002
RPSNMLMLOHMFFCV47DA,海端段,265.00,非都市：鄉村區 ; 非都市編定：乙種建築用地,1,1,全筆移轉,09840002
RPPNMLPLOHMFFDV47CA,北橋段,99.88,都市：住,1,1,全筆移轉,04290000
RPQNMLRLOHMFFCV77DA,鹿野段,169.00,非都市：鄉村區 ; 非都市編定：乙種建築用地,1,1,全筆移轉,35370003
RPXNMLQLOHMFFAV08CA,順天段,259.69,都市：住,1,1,全筆移轉,08600000
RPXNMLQLOHMFFAV08CA,順天段,45.33,都市：住,1,1,全筆移轉,08670000
RPPNMLNLOHMFFDV27CA,金崙段,850.00,非都市：山坡地保育區 ; 非都市編定：農牧用地,1,1,全筆移轉,16370000
RPRNMLQLOHMFFCV67CA,慶福段,124.20,都市：住,1,1,全筆移轉,09410000
RPSNMLRLOHMFFAV77DA,新中寮段,1129.62,都市：農,1,1,全筆移轉,12090000
RPSNMLRLOHMFFAV77DA,新中寮段,903.69,都市：農,1,1,全筆移轉,09670000
RPQNMLQJPHMFFBV47DA,大俱來段,1706.51,非都市：風景區 ; 非都市編定：農牧用地,1,1,全筆移轉,00250000
RPRNMLQJPHMFFBV57DA,大俱來段,2300.01,非都市：風景區 ; 非都市編定：農牧用地,1,1,全筆移轉,00340000
RPPPMLTLOHMFFAV87DA,光明段,3023.00,都市：其他:河川用地,1,1,全筆移轉,03410002
RPRNMLSLOHMFFAV67CA,豐谷段,41.08,都市：住,1,1,全筆移轉,03430001
RPTNMLSLOHMFFAV87CA,台東段,81.00,都市：住,1,1,全筆移轉,14780007
RPSNMLQLOHMFFAV57CA,豐康段,125.23,都市：住,1,1,全筆移轉,08470008
RPSNMLQLOHMFFAV57CA,豐康段,.06,都市：住,1,1,全筆移轉,08650004
RPTNMLRLOHMFFAV77CA,豐康段,102.52,都市：住,1,1,全筆移轉,08470012
RPTNMLRLOHMFFAV77CA,豐康段,14.60,都市：住,1,1,全筆移轉,08640002
RPQNMLQLOHMFFAV37CA,豐康段,114.52,都市：住,1,1,全筆移轉,08470011
RPQNMLQLOHMFFAV37CA,豐康段,1.05,都市：住,1,1,全筆移轉,08640004
RPQNMLSLOHMFFAV57CA,順天段,31.29,都市：住,1,1,全筆移轉,08670003
RPTNMLNJPHMFFAV37DA,利家段,1980.00,非都市：特定農業區 ; 非都市編定：農牧用地,1,1,全筆移轉,52280000
RPPNMLRLOHMFFCV57CA,錦富段,813.37,非都市：特定農業區 ; 非都市編定：農牧用地,1,1,全筆移轉,00460000
RPPNMLRLOHMFFCV57CA,錦富段,3224.64,非都市：特定農業區 ; 非都市編定：農牧用地,1,1,全筆移轉,00480000
RPPNMLRLOHMFFCV57CA,錦富段,680.56,非都市：特定農業區 ; 非都市編定：農牧用地,1,1,全筆移轉,01410000
RPQNMLSLOHMFFBV67CA,黃金橋段,3401.20,非都市：風景區 ; 非都市編定：農牧用地,1,1,全筆移轉,04530000
RPPNMLMJPHMFFCV96CA,加拿段,10032.00,非都市：山坡地保育區 ; 非都市編定：農牧用地,1,1,全筆移轉,07340000
RPQNMLNKPHMFFCV27CA,慶福段,3536.97,都市：農,1,1,全筆移轉,10680000
RPQPMLTLOHMFFAV97DA,北南王段,10.96,都市：其他:河川用地,1,1,全筆移轉,07900000
RPPNMLSLOHMFFBV57CA,萬年段,1137.00,非都市：風景區 ; 非都市編定：農牧用地,1,1,全筆移轉,03230000
RPSNMLTLOHMFFAV97DA,北南王段,86.67,都市：其他:河川用地,10,2,持分移轉,09210000
SPQPMLTLOHMFFAV08DA,北南王段,81.19,都市：其他:水利用地,1,1,全筆移轉,07910000
SPSNMLTLOHMFFAV08DA,北南王段,69.05,都市：其他:河川用地,10,2,持分移轉,09240000
RPRNMLNKPHMFFCV37CA,永安段,1143.00,非都市：特定農業區 ; 非都市編定：農牧用地,1,1,全筆移轉,02130010
RPRNMLNKPHMFFCV37CA,永安段,1137.00,非都市：特定農業區 ; 非都市編定：農牧用地,1,1,全筆移轉,02130011
RPVNMLRLOHMFFAV97CA,新園段,1691.00,非都市：特定農業區 ; 非都市編定：農牧用地,1,1,全筆移轉,06910000
RPVNMLRLOHMFFAV97CA,新園段,2707.00,非都市：特定農業區 ; 非都市編定：農牧用地,1,1,全筆移轉,06920000
RPQNMLRLOHMFFAV47CA,中心段,104.00,都市：住,1,1,全筆移轉,04220000
RPXNMLRLOHMFFAV18CA,豐工段,1114.90,都市：工,2,1,持分移轉,00640000
RPXNMLRLOHMFFAV18CA,豐工段,8.22,都市：其他:道路用地,2,1,持分移轉,00640001
RPXNMLRLOHMFFAV18CA,豐工段,8.22,都市：其他:道路用地,2,1,持分移轉,00640001
RPXNMLRLOHMFFAV18CA,豐工段,1114.90,都市：工,2,1,持分移轉,00640000
TPSNMLTLOHMFFAV18DA,北南王段,35.21,都市：其他:河川用地,10,2,持分移轉,09250000
RPUNMLSLOHMFFAV97CA,旭川段,102.53,非都市：鄉村區 ; 非都市編定：乙種建築用地,1,1,全筆移轉,01950000
RPVNMLSLOHMFFAV08CA,石壁段,2502.34,非都市：山坡地保育區 ; 非都市編定：農牧用地,3,1,持分移轉,04740000
RPVNMLSLOHMFFAV08CA,石壁段,2502.34,非都市：山坡地保育區 ; 非都市編定：農牧用地,3,1,持分移轉,04740000
RPVNMLSLOHMFFAV08CA,石壁段,2502.34,非都市：山坡地保育區 ; 非都市編定：農牧用地,3,1,持分移轉,04740000
RPTNMLMKPHMFFAV27CA,馬蘭段,110.00,都市：住,1,1,全筆移轉,16240004
RPXNMLOJPHMFFAV77CA,豐年段,111.75,都市：住,1,1,全筆移轉,11260013
RPRNMLPJPHMFFAV27CA,常德段,594.43,都市：住,1,1,全筆移轉,07840013
RPRNMLPJPHMFFAV27CA,常德段,39.00,都市：住,1,1,全筆移轉,08000001
RPPNMLTLOHMFFBV67CA,新竹湖段,3976.21,非都市：風景區 ; 非都市編定：農牧用地,1,1,全筆移轉,02070000
RPPNMLKMOHMFFCV07DA,大原段,163.00,非都市：特定農業區 ; 非都市編定：甲種建築用地,1,1,全筆移轉,04030017
RPSNMLOKPHMFFAV37CA,路頂段,456.44,非都市：特定農業區 ; 非都市編定：農牧用地,1,1,全筆移轉,01200000
RPSNMLOKPHMFFAV37CA,路頂段,4755.64,非都市：特定農業區 ; 非都市編定：農牧用地,1,1,全筆移轉,01210000
RPPNMLLKPHMFFCV07DA,里?段,3050.16,都市：農,1,1,全筆移轉,08540000
RPPNMLKKPHMFFBV86DA,坪頂段,623.15,非都市：鄉村區 ; 非都市編定：乙種建築用地,1,1,全筆移轉,08500000
RPSNMLLLPHMFFBV37DA,中濱段掃別小段,116.00,非都市：風景區 ; 非都市編定：丙種建築用地,1,1,全筆移轉,03970000
RPRNMLRJPHMFFBV57CA,八仙洞段,68.14,非都市：風景區 ; 非都市編定：農牧用地,1,1,全筆移轉,08350000
RPRNMLRJPHMFFBV57CA,八仙洞段,14.25,非都市：風景區 ; 非都市編定：交通用地,1,1,全筆移轉,11170000
RPRNMLRJPHMFFBV57CA,八仙洞段,470.06,非都市：鄉村區 ; 非都市編定：乙種建築用地,1,1,全筆移轉,12720000
RPUNMLTLOHMFFAV08CA,台東段,122.00,都市：住,1,1,全筆移轉,19830000
RPUNMLTLOHMFFAV08CA,台東段,187.00,都市：住,1,1,全筆移轉,19830001
RPPNMLKMOHMFFDV07CA,荒野段,5009.58,非都市：一般農業區 ; 非都市編定：農牧用地,1,1,全筆移轉,09200000
RPXOMLTLOHMFFAV48CA,中清段,142.03,都市：住,1,1,全筆移轉,02400004
RPXOMLTLOHMFFAV48CA,中清段,27.88,都市：其他:道路用地,1,1,全筆移轉,02410001
RPQNMLKMOHMFFAV86CA,普優瑪段,200.29,都市：住,1,1,全筆移轉,06710001
RPQNMLKMOHMFFDV17CA,北橋段,94.67,都市：商,1,1,全筆移轉,05240000
RPQNMLKMOHMFFDV17CA,北橋段,5.65,都市：商,1,1,全筆移轉,05160001
RPQNMLKMOHMFFDV17CA,北橋段,12.74,都市：其他:部分道路部分商業區,1,1,全筆移轉,05230000
RPUOMLTLOHMFFAV18CA,中清段,387.65,都市：住,1,1,全筆移轉,05240000
RPUOMLTLOHMFFAV18CA,中清段,6.47,都市：其他:道路用地,1,1,全筆移轉,05240001
RPPNMLKMOHMFFAV76CA,普優瑪段,214.15,都市：住,1,1,全筆移轉,06710004
RPTOMLOJPHMFFAV47CA,豐成段,124.20,非都市：特定農業區 ; 非都市編定：甲種建築用地,1,1,全筆移轉,08660000
RPTNMLKMOHMFFAV17CA,台東段,68.00,都市：住,1,1,全筆移轉,01810026
RPSNMLKMOHMFFAV07CA,豐利段,21.28,都市：住,2,1,持分移轉,02670000
RPSNMLKMOHMFFAV07CA,豐利段,21.28,都市：住,2,1,持分移轉,02670000
RPQNMLNJPHMFFAV07DA,台東段,7.00,都市：住,1,1,全筆移轉,00150010
RPQNMLNJPHMFFAV07DA,台東段,146.00,都市：住,1,1,全筆移轉,00160023
RPRNMLTLOHMFFAV77CA,知本段,3960.00,非都市：特定農業區 ; 非都市編定：農牧用地,1,1,全筆移轉,75260000
RPRPMLTLOHMFFAV97CA,豐年段,136.17,都市：住,1,1,全筆移轉,09380000
RPPNMLLLPHMFFAV96DA,永清段,5.42,都市：住,1,1,全筆移轉,04140000
RPPNMLLLPHMFFAV96DA,永清段,84.06,都市：住,1,1,全筆移轉,04150000
RPUNMLNJPHMFFAV37CA,大豐段,234.74,非都市：特定農業區 ; 非都市編定：甲種建築用地,1,1,全筆移轉,03760000
RPSNMLNJPHMFFAV17CA,永樂段,410.00,都市：工,1,1,全筆移轉,02580000
RPSNMLNJPHMFFAV17CA,永樂段,38.00,都市：工,1,1,全筆移轉,02530000
RPSNMLNJPHMFFAV17CA,永樂段,101.00,都市：工,1,1,全筆移轉,02540000
RPSNMLNJPHMFFAV17CA,永樂段,242.00,都市：工,1,1,全筆移轉,02550000
RPSNMLNJPHMFFAV17CA,永樂段,54.00,都市：工,1,1,全筆移轉,02560000
RPSNMLNJPHMFFAV17CA,永樂段,51.00,都市：工,1,1,全筆移轉,02570000
RPSNMLNJPHMFFAV17CA,永樂段,114.00,都市：工,1,1,全筆移轉,02510000
RPSNMLNJPHMFFAV17CA,永樂段,113.00,都市：工,1,1,全筆移轉,02590000
RPSNMLNJPHMFFAV17CA,永樂段,18.00,都市：工,1,1,全筆移轉,02600000
RPRNMLKMOHMFFAV96CA,知本段,2572.00,非都市：特定農業區 ; 非都市編定：農牧用地,1,1,全筆移轉,79290005
RPVNMLNJPHMFFAV47CA,永清段,142.79,都市：住,1,1,全筆移轉,00100016
RPPNMLNJPHMFFAV86CA,新園段,408.00,非都市：特定農業區 ; 非都市編定：甲種建築用地,1,1,全筆移轉,03490000
RPPNMLNJPHMFFAV86CA,新園段,1053.00,非都市：特定農業區 ; 非都市編定：農牧用地,1,1,全筆移轉,03520000
RPRNMLNJPHMFFAV07CA,豐康段,121.31,都市：住,1,1,全筆移轉,08470009
RPQNMLQJPHMFFAV27CA,豐聖段,3684.72,都市：農,1,1,全筆移轉,04430000
RPTNMLQJPHMFFAV67DA,中清段,80.56,都市：其他:河川用地,1,1,全筆移轉,07260001
RPRNMLQJPHMFFAV37CA,中山段,109.00,都市：住,1,1,全筆移轉,08700002
RPSNMLOJPHMFFAV27CA,東海段,25.08,都市：住,10000,42,持分移轉,01300000
RPSNMLOJPHMFFAV27CA,東海段,1.62,都市：住,10000,42,持分移轉,01300002
SPTNMLQJPHMFFAV77DA,普優瑪段,355.60,都市：其他:河川用地,1,1,全筆移轉,12010001
TPTNMLQJPHMFFAV87DA,普優瑪段,183.48,都市：其他:河川用地,1,1,全筆移轉,12020000
WPTNMLQJPHMFFAV18DA,普優瑪段,56.46,都市：其他:河川用地,1,1,全筆移轉,12040001
VPTNMLQJPHMFFAV08DA,普優瑪段,1215.62,都市：其他:河川用地,1,1,全筆移轉,12040000
UPTNMLQJPHMFFAV97DA,普優瑪段,1.68,都市：其他:河川用地,1,1,全筆移轉,12020001
SPVNMLQJPHMFFAV97DA,中清段,95.92,都市：其他:河川用地,1,1,全筆移轉,07250004
RPVNMLQJPHMFFAV87DA,中清段,6.02,都市：其他:河川用地,1,1,全筆移轉,07250003
TPVNMLQJPHMFFAV08DA,中清段,17.17,都市：其他:河川用地,1,1,全筆移轉,07250005
RPSNMLNJPHMFFCV37CA,隆盛段,1879.71,都市：農,1,1,全筆移轉,08300000
RPSNMLNJPHMFFCV37CA,隆盛段,799.23,非都市：特定農業區 ; 非都市編定：農牧用地,1,1,全筆移轉,08310000
RPQNMLNJPHMFFBV07CA,坪頂段,2935.55,非都市：風景區 ; 非都市編定：農牧用地,1,1,全筆移轉,02960000
RPPNMLNKPHMFFCV17CA,福文段,1177.80,都市：住,1,1,全筆移轉,10080000
VPVNMLLJQHMFFAV87DA,普優瑪段,1215.62,都市：其他:河川用地,1,1,全筆移轉,12040000
UPVNMLLJQHMFFAV77DA,普優瑪段,1.68,都市：其他:河川用地,1,1,全筆移轉,12020001
RPVNMLLJQHMFFAV47DA,中清段,80.56,都市：其他:河川用地,1,1,全筆移轉,07260001
SPVNMLLJQHMFFAV57DA,普優瑪段,355.60,都市：其他:河川用地,1,1,全筆移轉,12010001
WPVNMLLJQHMFFAV97DA,普優瑪段,56.46,都市：其他:河川用地,1,1,全筆移轉,12040001
TPVNMLLJQHMFFAV67DA,普優瑪段,183.48,都市：其他:河川用地,1,1,全筆移轉,12020000
SPXNMLLJQHMFFAV77DA,普優瑪段,185.51,都市：其他:河川用地,1,1,全筆移轉,12120000
RPWNMLLJQHMFFAV57DA,普優瑪段,10.84,都市：其他:河川用地,1,1,全筆移轉,11970003
RPPNMLOJPHMFFDV37DA,秀山段,10.39,都市：住,10000,9,持分移轉,07230000
RPPNMLOJPHMFFDV37DA,秀山段,.00,都市：住,10000,9,持分移轉,07230001
RPXNMLLJQHMFFAV67DA,普優瑪段,39.68,都市：其他:河川用地,1,1,全筆移轉,12110000
RPPNMLMKPHMFFCV07CA,慶福段,125.44,都市：住,1,1,全筆移轉,00970000
RPPNMLMKPHMFFCV07CA,慶福段,8.37,都市：住,1,1,全筆移轉,00960001
RPQNMLKMOHMFFCV17DA,新源段,1087.14,非都市：一般農業區 ; 非都市編定：農牧用地,1,1,全筆移轉,02950000
RPQNMLKMOHMFFCV17DA,新源段,79.56,非都市：一般農業區 ; 非都市編定：農牧用地,1,1,全筆移轉,02950001
RPXNMLPJPHMFFAV87CA,台東段,34.00,都市：住,1,1,全筆移轉,01500019
RPSNMLPJPHMFFAV37CA,台東段,61.00,都市：住,1,1,全筆移轉,12380016
RPPNMLPJPHMFFAV07CA,豐源段,676.20,非都市：特定農業區 ; 非都市編定：農牧用地,1,1,全筆移轉,01320000
RPPNMLPJPHMFFAV07CA,豐源段,1104.50,非都市：特定農業區 ; 非都市編定：農牧用地,1,1,全筆移轉,04960000
RPSNMLLKPHMFFAV07CA,建康段,8.97,都市：住,1,1,全筆移轉,15430000
RPSNMLLKPHMFFAV07CA,建康段,65.49,都市：住,1,1,全筆移轉,15440000
RPVNMLOJPHMFFAV57CA,中正段,122.00,都市：住,1,1,全筆移轉,04660000
RPWNMLOJPHMFFAV67CA,利家段,8947.00,非都市：山坡地保育區 ; 非都市編定：農牧用地,1,1,全筆移轉,06030047
RPWNMLOJPHMFFAV67CA,利泰段,1909.01,非都市：一般農業區 ; 非都市編定：農牧用地,1,1,全筆移轉,02010000
RPWNMLOJPHMFFAV67CA,利泰段,4044.76,非都市：山坡地保育區 ; 非都市編定：農牧用地,1,1,全筆移轉,02120000
RPTNMLOJPHMFFAV37CA,常德段,87.75,都市：住,1,1,全筆移轉,09340000
RPPNMLOJPHMFFAV96CA,豐谷段,96.00,都市：住,1,1,全筆移轉,09520000
RPRNMLOKPHMFFAV27CA,豐里段,799.59,非都市：特定農業區 ; 非都市編定：農牧用地,1,1,全筆移轉,01480001
RPQNMLOJPHMFFAV07CA,豐里段,106.18,非都市：鄉村區 ; 非都市編定：乙種建築用地,1,1,全筆移轉,05560000
RPRNMLOJPHMFFAV17CA,常德段,283.62,都市：商,1,1,全筆移轉,07510000
RPUNMLPJPHMFFAV57CA,順天段,1561.22,都市：住,12,6,持分移轉,04330001
RPOOMLQJPHMFFAV17CA,東海段,14.93,都市：住,10000,25,持分移轉,01300000
RPOOMLQJPHMFFAV17CA,東海段,.96,都市：住,10000,25,持分移轉,01300002
RPPNMLPJPHMFFCV37DA,新興段,982.34,非都市：特定農業區 ; 非都市編定：農牧用地,2,1,持分移轉,06800000
RPPNMLPJPHMFFCV37DA,新興段,108.74,非都市：特定農業區 ; 非都市編定：農牧用地,2,1,持分移轉,06810000
RPPNMLPJPHMFFCV37DA,新興段,468.84,非都市：特定農業區 ; 非都市編定：農牧用地,2,1,持分移轉,06820000
RPPNMLPJPHMFFCV37DA,新興段,514.14,非都市：特定農業區 ; 非都市編定：農牧用地,2,1,持分移轉,06830000
RPPNMLPJPHMFFCV37DA,新興段,1335.53,非都市：特定農業區 ; 非都市編定：農牧用地,2,1,持分移轉,06840001
RPPNMLQJPHMFFCV47DA,中華東段,1271.27,非都市：特定農業區 ; 非都市編定：農牧用地,1,1,全筆移轉,05880000
RPQNMLQJPHMFFCV57DA,中華東段,2424.95,非都市：特定農業區 ; 非都市編定：農牧用地,1,1,全筆移轉,05850000
RPPNMLRJPHMFFBV47DA,都豐段,1519.43,非都市：風景區 ; 非都市編定：農牧用地,1,1,全筆移轉,06920000
RPPNMLPJPHMFFBV27DA,小馬東段,1514.73,非都市：風景區 ; 非都市編定：農牧用地,1,1,全筆移轉,02360000
RPRNMLLKPHMFFAV96CA,台東段,1946.00,都市：其他:保護區,1,1,全筆移轉,00040058
RPSNMLQJPHMFFAV47CA,豐年段,5.00,都市：住,10000,10,持分移轉,00270000
RPVNMLMJQHMFFAV57DA,北南王段,10.92,都市：其他:河川用地,1,1,全筆移轉,08050002
RPUNMLMJQHMFFAV47DA,北南王段,1400.33,都市：其他:河川用地,1,1,全筆移轉,08600000
RPXNMLQJPHMFFAV97CA,康樂段,963.00,非都市：特定農業區 ; 非都市編定：農牧用地,1,1,全筆移轉,06440002
RPWNMLMJQHMFFAV67DA,北南王段,1330.24,都市：其他:河川用地,1,1,全筆移轉,08040001
SPXNMLMJQHMFFAV87DA,北南王段,34.53,都市：其他:河川用地,10,1,持分移轉,09240000
RPXNMLMJQHMFFAV77DA,北南王段,43.34,都市：其他:河川用地,10,1,持分移轉,09210000
RPOOMLMJQHMFFAV96DA,北南王段,43.34,都市：其他:河川用地,10,1,持分移轉,09210000
TPXNMLMJQHMFFAV97DA,北南王段,17.61,都市：其他:河川用地,10,1,持分移轉,09250000
SPOOMLMJQHMFFAV07DA,北南王段,34.53,都市：其他:河川用地,10,1,持分移轉,09240000
TPOOMLMJQHMFFAV17DA,北南王段,17.61,都市：其他:河川用地,10,1,持分移轉,09250000
RPPNMLTJPHMFFBV57CA,黃金橋段,127.98,非都市：風景區 ; 非都市編定：農牧用地,1,1,全筆移轉,03150000
RPSNMLRJPHMFFBV67CA,濱海段,32.39,都市：住,1,1,全筆移轉,06160000
RPPNMLRJPHMFFAV37DA,中正段,105.00,都市：住,1,1,全筆移轉,04710000
RPPNMLOLPHMFFBV27CA,萬年段,17.64,非都市：鄉村區 ; 非都市編定：乙種建築用地,100,14,持分移轉,04970000
RPPNMLOLPHMFFBV27CA,萬年段,108.36,非都市：鄉村區 ; 非都市編定：乙種建築用地,100,86,持分移轉,04970000
RPVNMLMKPHMFFAV47CA,豐谷段,103.00,都市：住,1,1,全筆移轉,08620000
RPPNMLOLPHMFFBV27CA,萬年段,18.76,非都市：鄉村區 ; 非都市編定：乙種建築用地,100,14,持分移轉,04980000
RPPNMLOLPHMFFBV27CA,萬年段,115.24,非都市：鄉村區 ; 非都市編定：乙種建築用地,100,86,持分移轉,04980000
RPXNMLMKPHMFFAV67CA,永和段,1645.76,都市：住,1,1,全筆移轉,03830000
RPXNMLMKPHMFFAV67CA,永和段,1984.24,都市：住,1,1,全筆移轉,03820000
RPXNMLMKPHMFFAV67CA,永和段,1246.85,都市：住,1,1,全筆移轉,03800000
RPXNMLMKPHMFFAV67CA,永和段,2124.39,都市：住,1,1,全筆移轉,03920000
RPUNMLMKPHMFFAV37CA,台東段,51.66,都市：住,100000,800,持分移轉,25640000
RPPNMLKKPHMFFAV66CA,富岡南段,139.15,非都市：鄉村區 ; 非都市編定：乙種建築用地,1,1,全筆移轉,12500003
RPQNMLRJPHMFFAV37CA,利家段,51.50,非都市：鄉村區 ; 非都市編定：乙種建築用地,2,1,持分移轉,74880009
RPQNMLRJPHMFFAV37CA,利家段,51.50,非都市：鄉村區 ; 非都市編定：乙種建築用地,2,1,持分移轉,74880009
RPPNMLLKPHMFFAV76CA,台東段,75.00,都市：住,1,1,全筆移轉,01660017
RPQNMLKKPHMFFBV86CA,忠仁段,50.29,都市：商,1,1,全筆移轉,08620000
RPPNMLLKPHMFFDV07CA,大溪段,397.73,非都市：鄉村區 ; 非都市編定：乙種建築用地,1,1,全筆移轉,00720000
RPTNMLLJQHMFFDV47CA,金崙段,750.00,非都市：山坡地保育區 ; 非都市編定：農牧用地,4,1,持分移轉,18230008
RPTNMLLJQHMFFDV47CA,金崙段,2250.00,非都市：山坡地保育區 ; 非都市編定：農牧用地,4,3,持分移轉,18230008
RPPOMLMJQHMFFAV07DA,北南王段,43.34,都市：其他:河川用地,10,1,持分移轉,09210000
SPPOMLMJQHMFFAV17DA,北南王段,34.53,都市：其他:河川用地,10,1,持分移轉,09240000
RPQNMLLKPHMFFAV96DA,班鳩段,458.74,非都市：一般農業區 ; 非都市編定：交通用地,1,1,全筆移轉,08720000
RPQNMLLKPHMFFAV96DA,班鳩段,337.61,非都市：一般農業區 ; 非都市編定：農牧用地,1,1,全筆移轉,08730000
RPQNMLLKPHMFFAV96DA,班鳩段,88.66,非都市：一般農業區 ; 非都市編定：交通用地,1,1,全筆移轉,08650000
RPQNMLLKPHMFFAV96DA,班鳩段,45.66,非都市：一般農業區 ; 非都市編定：交通用地,1,1,全筆移轉,08640000
RPQNMLLKPHMFFAV96DA,班鳩段,4863.62,非都市：一般農業區 ; 非都市編定：農牧用地,1,1,全筆移轉,08710000
RPQNMLLKPHMFFAV96DA,班鳩段,3105.10,非都市：一般農業區 ; 非都市編定：農牧用地,1,1,全筆移轉,08670000
RPSOMLMKPHMFFAV37DA,中清段,202.07,都市：其他:河川用地,1,1,全筆移轉,06710001
SPSOMLMKPHMFFAV47DA,中清段,227.91,都市：其他:河川用地,1,1,全筆移轉,06690001
TPPOMLMJQHMFFAV27DA,北南王段,17.61,都市：其他:河川用地,10,1,持分移轉,09250000
RPRNMLMKPHMFFAV17DA,豐成段,2613.92,非都市：特定農業區 ; 非都市編定：農牧用地,1,1,全筆移轉,06980000
RPRNMLMKPHMFFAV17DA,豐成段,2342.05,非都市：特定農業區 ; 非都市編定：農牧用地,1,1,全筆移轉,07220000
RPUOMLLJQHMFFAV47DA,建成段,91.73,都市：住,1,1,全筆移轉,02290006
RPWOMLLJQHMFFAV67DA,新生段,5.00,都市：住,1,1,全筆移轉,17330008
RPROMLMJQHMFFAV27DA,北南王段,43.34,都市：其他:河川用地,10,1,持分移轉,09210000
RPRNMLOLPHMFFBV47CA,八桑灣段,38.46,非都市：鄉村區 ; 非都市編定：乙種建築用地,1,1,全筆移轉,09320002
RPPNMLPKPHMFFBV27CA,高台段,1.03,非都市：鄉村區 ; 非都市編定：乙種建築用地,1,1,全筆移轉,02650003
TPROMLMJQHMFFAV47DA,北南王段,17.61,都市：其他:河川用地,10,1,持分移轉,09250000
SPROMLMJQHMFFAV37DA,北南王段,34.53,都市：其他:河川用地,10,1,持分移轉,09240000
RPUNMLSKPHMFFAV97CA,常德段,16.99,都市：住,10000,336,持分移轉,05300000
RPQNMLSKPHMFFAV57CA,美濃段,15825.57,非都市：山坡地保育區 ; 非都市編定：農牧用地,1,1,全筆移轉,00480000
RPQNMLSKPHMFFAV57CA,美濃段,1326.72,非都市：山坡地保育區 ; 非都市編定：農牧用地,1,1,全筆移轉,00490000
RPQOMLSKPHMFFAV67CA,東海段,16.12,都市：住,10000,27,持分移轉,01300000
RPQOMLSKPHMFFAV67CA,東海段,1.04,都市：其他:人行步道用地,10000,27,持分移轉,01300002
RPSNMLNKPHMFFAV27CA,自強段,54.03,都市：住,20,1,持分移轉,09340000
RPXNMLLKPHMFFAV57CA,豐榮段,66.00,都市：住,1,1,全筆移轉,04170000
RPPNMLSLPHMFFBV77DA,新港段八邊小段,140.00,非都市：風景區 ; 非都市編定：丙種建築用地,1,1,全筆移轉,00050066
RPOOMLLKPHMFFAV76CA,建樂段,14.31,都市：住,10000,66,持分移轉,04800000
RPPOMLLKPHMFFAV86CA,豐年段,457.98,都市：其他:道路用地,1,1,全筆移轉,09540005
RPPOMLLKPHMFFAV86CA,豐年段,634.94,都市：其他:道路用地,1,1,全筆移轉,09540006
RPPOMLMKPHMFFAV96CA,中清段,169.67,都市：住,1,1,全筆移轉,02400002
RPQNMLNKPHMFFDV37CA,介達段,1900.00,非都市：山坡地保育區 ; 非都市編定：農牧用地,2,1,持分移轉,04820000
RPQNMLNKPHMFFDV37CA,介達段,1900.00,非都市：山坡地保育區 ; 非都市編定：農牧用地,2,1,持分移轉,04820000
RPRNMLNKPHMFFDV47CA,北橋段,23.03,都市：住,3,1,持分移轉,02440000
RPRNMLNKPHMFFDV47CA,北橋段,23.03,都市：住,3,1,持分移轉,02440000
RPRNMLNKPHMFFDV47CA,北橋段,23.03,都市：住,3,1,持分移轉,02440000
RPPNMLKLPHMFFCV96CA,福原段,23.68,都市：住,10000,191,持分移轉,07900000
RPTNMLLKPHMFFAV27DA,豐康段,104.52,都市：農,1,1,全筆移轉,01980001
RPPNMLOKPHMFFAV07CA,利吉段,3765.72,非都市：山坡地保育區 ; 非都市編定：農牧用地,1,1,全筆移轉,00460000
RPPNMLPLPHMFFBV47DA,三民段,85.58,都市：住,1,1,全筆移轉,09870000
RPSNMLNKPHMFFCV57DA,中華東段,2910.42,非都市：山坡地保育區 ; 非都市編定：農牧用地,1,1,全筆移轉,02240000
RPTNMLNKPHMFFCV67DA,中華東段,2505.07,非都市：山坡地保育區 ; 非都市編定：農牧用地,1,1,全筆移轉,02260000
RPUNMLNKPHMFFCV77DA,中華東段,2505.90,非都市：山坡地保育區 ; 非都市編定：農牧用地,1,1,全筆移轉,02250000
RPUNMLNKPHMFFCV77DA,中華東段,2505.59,非都市：山坡地保育區 ; 非都市編定：農牧用地,1,1,全筆移轉,02270000
RPRNMLSKPHMFFAV67CA,旭川段,3000.00,非都市：特定農業區 ; 非都市編定：農牧用地,1,1,全筆移轉,07060000
RPPNMLQLPHMFFCV57CA,福原段,15.95,都市：住,10,1,持分移轉,09280000
RPPNMLQLPHMFFCV57CA,福原段,39.31,都市：住,10,1,持分移轉,09350000
RPPNMLQLPHMFFCV57CA,福原段,10.00,都市：住,10,1,持分移轉,09360000
RPPNMLQLPHMFFCV57CA,福原段,14.03,都市：農,10,1,持分移轉,09210000
RPPNMLQLPHMFFCV57CA,福原段,38.66,都市：住,10,1,持分移轉,09220000
RPPNMLQLPHMFFCV57CA,福原段,18.12,都市：住,10,1,持分移轉,09230000
RPPNMLQLPHMFFCV57CA,福原段,41.05,都市：住,10,1,持分移轉,09240000
RPPNMLQLPHMFFCV57CA,福原段,17.47,都市：住,10,1,持分移轉,09250000
RPPNMLQLPHMFFCV57CA,福原段,2.24,都市：住,10,1,持分移轉,09260000
RPPNMLQLPHMFFCV57CA,福原段,113.26,都市：住,10,1,持分移轉,09270000
RPPNMLLJQHMFFCV96CA,鹿寮段,388.82,非都市：鄉村區 ; 非都市編定：乙種建築用地,1,1,全筆移轉,10900000
RPTNMLLLPHMFFAV27CA,永清段,4.72,都市：住,1,1,全筆移轉,09660006
RPPNMLQLPHMFFAV37CA,台東段,15.75,都市：住,4,1,持分移轉,00080222
RPSNMLPLPHMFFAV57CA,岩灣段,158.80,都市：住,1,1,全筆移轉,02840001
RPUNMLLLPHMFFAV37CA,永清段,10.36,都市：住,1,1,全筆移轉,09660005
RPQNMLKLPHMFFAV86CA,豐榮段,36.27,都市：住,5,1,持分移轉,10790000
RPVNMLLLPHMFFAV47CA,永清段,4.25,都市：住,1,1,全筆移轉,09660007
RPPNMLNKPHMFFAV96CA,興安段,176.43,都市：住,1,1,全筆移轉,04180001
RPPNMLTKPHMFFAV57CA,豐康段,19.69,都市：住,10000,134,持分移轉,08260000
RPPNMLTKPHMFFAV57CA,豐康段,7.48,都市：住,10000,134,持分移轉,08260001
RPSNMLLJQHMFFCV27CA,豐泉段,147.02,都市：住,1,1,全筆移轉,07070001
RPPNMLLJQHMFFDV07CA,尚武段,1171.80,都市：住,1,1,全筆移轉,09070000
RPPNMLLJQHMFFDV07CA,尚武段,355.30,都市：住,1,1,全筆移轉,09100000
SPPNMLNKPHMFFAV07CA,興安段,176.43,都市：住,1,1,全筆移轉,04180000
RPQNMLLLPHMFFAV96CA,東海段,128.70,都市：住,1,1,全筆移轉,06800055
RPSNMLSKPHMFFAV77CA,新生段,5.46,都市：住,10000,22,持分移轉,00440000
RPVNMLRKPHMFFAV97CA,東谷段,144.93,都市：住,1,1,全筆移轉,01480000
RPTNMLMJQHMFFAV27CA,北南王段,458.50,都市：住,1,1,全筆移轉,01330008
RPSNMLRKPHMFFAV67CA,南王段,78.14,都市：住,1,1,全筆移轉,01750000
RPRNMLMJQHMFFAV07CA,北南王段,458.50,都市：住,1,1,全筆移轉,01330006
RPXNMLRKPHMFFAV18CA,台東段,19.94,都市：住,10000,867,持分移轉,06380001
RPSNMLNKPHMFFDV67DA,嘉新段,9.99,非都市：鄉村區 ; 非都市編定：乙種建築用地,1,1,全筆移轉,07650000
RPSNMLMJQHMFFAV17CA,北南王段,458.50,都市：住,1,1,全筆移轉,01330007
RPPNMLRKPHMFFAV37CA,下賓朗段,67.96,非都市：一般農業區 ; 非都市編定：農牧用地,1,1,全筆移轉,05450000
RPQNMLSLPHMFFAV77DA,岩灣段,113.96,都市：住,1,1,全筆移轉,02750001
RPTNMLSKPHMFFAV87CA,常德段,34.46,都市：住,10000,304,持分移轉,05200000
RPQNMLRKPHMFFAV47CA,豐成段,6311.12,非都市：特定農業區 ; 非都市編定：農牧用地,1,1,全筆移轉,08110000
RPQNMLRKPHMFFAV47CA,豐成段,3968.82,非都市：特定農業區 ; 非都市編定：農牧用地,1,1,全筆移轉,08330000
RPQNMLRKPHMFFAV47CA,豐成段,213.10,非都市：特定農業區 ; 非都市編定：農牧用地,1,1,全筆移轉,08340000
RPRNMLRKPHMFFAV57CA,利家段,4156.00,非都市：特定農業區 ; 非都市編定：農牧用地,1,1,全筆移轉,71130000
RPXNMLTKPHMFFAV38CA,利家段,127.16,非都市：鄉村區 ; 非都市編定：乙種建築用地,10000,158,持分移轉,81260000
RPXNMLTKPHMFFAV38CA,利家段,22.29,非都市：鄉村區 ; 非都市編定：乙種建築用地,10000,158,持分移轉,82850000
RPPNMLSKPHMFFAV47CA,豐年段,13.43,都市：住,10000,52,持分移轉,00270003
RPRNMLTKPHMFFAV77CA,旭川段,54.08,非都市：鄉村區 ; 非都市編定：乙種建築用地,2,1,持分移轉,02080000
RPRNMLTKPHMFFAV77CA,旭川段,54.08,非都市：鄉村區 ; 非都市編定：乙種建築用地,2,1,持分移轉,02080000
RPXNMLSKPHMFFAV28CA,台東段,99.00,都市：住,1,1,全筆移轉,00040669
RPWNMLSKPHMFFAV18CA,馬蘭段,41.96,都市：住,10000,222,持分移轉,14460000
RPXNMLQLPHMFFAV28DA,東谷段,213.00,都市：其他:道路用地,2,1,持分移轉,02830000
RPQNMLOLPHMFFDV57CA,秀山段,8.08,都市：其他:旅館區,10000,7,持分移轉,07230000
RPQNMLOLPHMFFDV57CA,秀山段,.00,都市：其他:道路用地,10000,7,持分移轉,07230001
RPRNMLPLPHMFFAV57DA,建本段,1111.30,都市：農,1,1,全筆移轉,01700000
RPRNMLPLPHMFFAV57DA,建本段,1810.62,都市：農,1,1,全筆移轉,01710000
RPRNMLPLPHMFFAV57DA,建本段,126.20,都市：農,1,1,全筆移轉,01780000
RPRNMLPLPHMFFAV57DA,建華段,514.28,都市：農,1,1,全筆移轉,14470000
RPRNMLPLPHMFFAV57DA,建華段,172.06,都市：農,1,1,全筆移轉,15980000
RPPNMLPLPHMFFAV37DA,建本段,1719.03,都市：農,1,1,全筆移轉,01730000
RPOOMLTKPHMFFAV57CA,富岡南段,118.23,非都市：鄉村區 ; 非都市編定：乙種建築用地,1,1,全筆移轉,05760000
RPPNMLKLPHMFFAV76CA,台東段,63.00,都市：住,1,1,全筆移轉,21660000
RPTNMLTKPHMFFAV97CA,豐航段,1443.78,都市：農,1,1,全筆移轉,03720000
RPTNMLTKPHMFFAV97CA,豐航段,608.71,都市：農,1,1,全筆移轉,03730000
RPVNMLKLPHMFFAV37CA,上岩灣段,158.09,都市：其他:道路用地,1,1,全筆移轉,05760000
RPSNMLKLPHMFFAV07CA,台東段,329.00,都市：商,1,1,全筆移轉,18230000
RPSOMLLJQHMFFAV17CA,建康段,94.49,都市：住,1,1,全筆移轉,00350081
RPUNMLKLPHMFFAV27CA,台東段,43.74,都市：住,10000,417,持分移轉,20380000
RPRNMLLLPHMFFBV17CA,南佳里段,854.57,非都市：風景區 ; 非都市編定：農牧用地,1,1,全筆移轉,13590000
RPRNMLLLPHMFFBV17CA,南佳里段,3746.79,非都市：風景區 ; 非都市編定：農牧用地,1,1,全筆移轉,13700000
RPRNMLLLPHMFFAV07CA,東海段,124.83,都市：住,1,1,全筆移轉,06800052
RPVNMLTKPHMFFAV18CA,中心段,10.00,都市：住,1,1,全筆移轉,03540001
RPTNMLKLPHMFFAV27DA,北南王段,2484.66,都市：其他:河川用地,1,1,全筆移轉,08450001
RPPNMLKLPHMFFBV96DA,富民段,103.65,非都市：風景區 ; 非都市編定：農牧用地,3,1,持分移轉,03990000
RPTNMLLLPHMFFBV37CA,成功段,142.45,都市：住,1,1,全筆移轉,01400000
RPQNMLRLPHMFFBV77DA,八桑灣段,2017.08,非都市：風景區 ; 非都市編定：農牧用地,1,1,全筆移轉,06640000
RPQNMLRLPHMFFBV77DA,八桑灣段,393.01,非都市：風景區 ; 非都市編定：農牧用地,1,1,全筆移轉,06460000
RPQNMLSJQHMFFCV87DA,萬福段,1125.89,非都市：特定農業區 ; 非都市編定：農牧用地,1,1,全筆移轉,04890000
RPQNMLKLPHMFFCV17DA,隆昌段,2197.06,非都市：特定農業區 ; 非都市編定：農牧用地,1,1,全筆移轉,08560000
TPTOMLMJQHMFFAV67DA,北南王段,17.61,都市：其他:河川用地,10,1,持分移轉,09250000
RPPNMLLLPHMFFDV27DA,新大武段,1460.00,非都市：山坡地保育區 ; 非都市編定：林業用地,1,1,全筆移轉,02990000
TPVOMLMJQHMFFAV87DA,北南王段,17.61,都市：其他:河川用地,10,1,持分移轉,09250000
RPVOMLMJQHMFFAV67DA,北南王段,43.34,都市：其他:河川用地,10,1,持分移轉,09210000
RPTOMLMJQHMFFAV47DA,北南王段,43.34,都市：其他:河川用地,10,1,持分移轉,09210000
SPTOMLMJQHMFFAV57DA,北南王段,34.53,都市：其他:河川用地,10,1,持分移轉,09240000
RPSNMLQLPHMFFAV67CA,豐谷段,78.00,都市：住,1,1,全筆移轉,05190000
SPVOMLMJQHMFFAV77DA,北南王段,34.53,都市：其他:河川用地,10,1,持分移轉,09240000
RPPNMLSJQHMFFCV67CA,中福段,117.86,都市：住,2,1,持分移轉,07200000
RPPNMLSJQHMFFCV67CA,中福段,117.86,都市：住,2,1,持分移轉,07200000
RPWNMLPLPHMFFAV97CA,中心段,87.00,都市：住,1,1,全筆移轉,04380000
RPPNMLOLPHMFFAV27DA,馬蘭段,10.98,都市：住,10000,271,持分移轉,18030000
RPPNMLPJQHMFFCV37CA,瑞豐段,919.30,非都市：特定農業區 ; 非都市編定：農牧用地,1,1,全筆移轉,04390000
RPPNMLPJQHMFFCV37CA,瑞豐段,1190.84,非都市：特定農業區 ; 非都市編定：農牧用地,1,1,全筆移轉,04400000
RPPNMLPJQHMFFCV37CA,瑞豐段,1218.12,非都市：特定農業區 ; 非都市編定：農牧用地,1,1,全筆移轉,04410000
RPPNMLLJQHMFFBV86CA,萬年段,7587.00,非都市：風景區 ; 非都市編定：農牧用地,1,1,全筆移轉,13040000
ZPWNMLNJQHMFFAV58DA,永清段,104.06,都市：其他:河川用地,2,1,持分移轉,00970001
RPQNMLPLPHMFFAV47DA,初鹿段,853.33,非都市：特定農業區 ; 非都市編定：農牧用地,3,2,持分移轉,35440000
XPWNMLNJQHMFFAV38DA,永清段,147.74,都市：其他:河川用地,2,1,持分移轉,00960001
RPWNMLNJQHMFFAV77DA,永清段,434.02,都市：其他:河川用地,1,1,全筆移轉,00880000
TPWNMLNJQHMFFAV97DA,永清段,925.95,都市：其他:河川用地,1,1,全筆移轉,00890000
YPWNMLNJQHMFFAV48DA,永清段,194.33,都市：其他:河川用地,2,1,持分移轉,00970000
VPWNMLNJQHMFFAV18DA,永清段,8.62,都市：其他:河川用地,2,1,持分移轉,00940000
WPWNMLNJQHMFFAV28DA,永清段,200.02,都市：其他:河川用地,2,1,持分移轉,00960000
UPWNMLNJQHMFFAV08DA,永清段,1038.79,都市：其他:河川用地,1,1,全筆移轉,00890001
SPWNMLNJQHMFFAV87DA,永清段,96.30,都市：其他:河川用地,1,1,全筆移轉,00880001
RPTNMLPLPHMFFAV67CA,台東段,185.00,都市：商,1,1,全筆移轉,05320006
RPQNMLQLPHMFFAV47CA,知本段,1000.00,非都市：特定農業區 ; 非都市編定：農牧用地,1,1,全筆移轉,80320000
RPTNMLQLPHMFFAV77CA,普優瑪段,705.71,都市：農,1,1,全筆移轉,08120000
RPTNMLQLPHMFFAV77CA,普優瑪段,65.93,都市：農,1,1,全筆移轉,08120001
RPUNMLPLPHMFFAV77CA,豐川段,1047.92,非都市：特定農業區 ; 非都市編定：農牧用地,1,1,全筆移轉,03330000
RPVNMLNJQHMFFAV57CA,台東段,8.00,都市：住,1,1,全筆移轉,01300006
RPOOMLNJQHMFFAV07DA,光明段,344.00,都市：其他:河川用地,1,1,全筆移轉,03340000
RPSNMLSLPHMFFAV87CA,利家段,851.00,非都市：特定農業區 ; 非都市編定：農牧用地,1,1,全筆移轉,47610000
RPPOMLNJQHMFFAV17DA,光明段,47.00,都市：其他:河川用地,1,1,全筆移轉,02990000
RPSNMLLMPHMFFAV27CA,建和段,203.02,都市：其他:道路用地,1,1,全筆移轉,13030000
RPSNMLLMPHMFFAV27CA,建和段,136.78,都市：住,1,1,全筆移轉,13100000
RPPNMLLJQHMFFAV76CA,馬蘭段,563.00,都市：住,1,1,全筆移轉,18360000
RPQOMLQLPHMFFAV57CA,德安段,23.26,都市：住,30000,186,持分移轉,00630000
RPQOMLQLPHMFFAV57CA,德安段,.16,都市：住,30000,186,持分移轉,00630001
RPQOMLQLPHMFFAV57CA,德安段,2.15,都市：住,30000,186,持分移轉,00630002
RPQOMLQLPHMFFAV57CA,德安段,.04,都市：住,30000,186,持分移轉,00630003
RPPNMLLKQHMFFBV96CA,富民段,199.28,非都市：鄉村區 ; 非都市編定：乙種建築用地,1,1,全筆移轉,04430000
RPROMLQLPHMFFAV67CA,石山段,11172.00,非都市：風景區 ; 非都市編定：農牧用地,1,1,全筆移轉,03350000
RPQOMLNJQHMFFAV27DA,光明段,259.00,都市：其他:河川用地,1,1,全筆移轉,03170003
RPROMLNJQHMFFAV37DA,光明段,71.67,都市：其他:河川用地,3,1,持分移轉,03170002
SPPOMLNJQHMFFAV27DA,光明段,458.00,都市：其他:河川用地,1,1,全筆移轉,03000000
TPPOMLNJQHMFFAV37DA,光明段,117.00,都市：其他:河川用地,1,1,全筆移轉,03000001
UPPOMLNJQHMFFAV47DA,光明段,532.00,都市：其他:河川用地,1,1,全筆移轉,03100003
SPUNMLTJQHMFFAV28DA,光明段,5.08,都市：其他:河川用地,1000,108,持分移轉,03230001
VPUNMLTJQHMFFAV58DA,光明段,48.92,都市：其他:河川用地,1000,108,持分移轉,03240002
UPUNMLTJQHMFFAV48DA,光明段,10.58,都市：其他:河川用地,1000,108,持分移轉,03240001
TPUNMLTJQHMFFAV38DA,光明段,7.13,都市：其他:河川用地,2543,11,持分移轉,03230002
RPUNMLTJQHMFFAV18DA,光明段,3.92,都市：其他:河川用地,6354,337,持分移轉,03210001
RPQNMLRLPHMFFCV87DA,鹿野段,1000.00,非都市：山坡地保育區 ; 非都市編定：農牧用地,1,1,全筆移轉,35800000
RPQNMLRLPHMFFCV87DA,鹿野段,1000.00,非都市：山坡地保育區 ; 非都市編定：農牧用地,1,1,全筆移轉,35800001
RPQNMLRLPHMFFCV87DA,鹿野段,1000.00,非都市：山坡地保育區 ; 非都市編定：農牧用地,1,1,全筆移轉,35800002
RPSOMLNJQHMFFAV47DA,光明段,71.67,都市：其他:河川用地,3,1,持分移轉,03170002
RPRNMLRLPHMFFCV97DA,鹿野段,1743.00,非都市：特定農業區 ; 非都市編定：農牧用地,1,1,全筆移轉,19540000
RPRNMLRLPHMFFCV97DA,鹿野段,1796.00,非都市：特定農業區 ; 非都市編定：農牧用地,1,1,全筆移轉,19550000
RPPNMLQLPHMFFBV47CA,南河段,248.09,都市：住,1,1,全筆移轉,05850000
RPPNMLQLPHMFFBV47CA,南河段,409.72,都市：住,1,1,全筆移轉,05860000
RPPNMLTJQHMFFBV67CA,八仙洞段,107.79,非都市：風景區 ; 非都市編定：農牧用地,1,1,全筆移轉,11370000
RPPNMLTJQHMFFBV67CA,八仙洞段,2974.98,非都市：風景區 ; 非都市編定：農牧用地,1,1,全筆移轉,11400001
RPRNMLSLPHMFFBV87CA,新港段新港小段,1031.00,非都市：風景區 ; 非都市編定：農牧用地,1,1,全筆移轉,05100010
RPRNMLSLPHMFFBV87CA,成功段,1307.97,都市：工,1,1,全筆移轉,09800000
RPRNMLSLPHMFFBV87CA,成功段,1637.37,都市：農,1,1,全筆移轉,09810000
RPPNMLRLPHMFFBV57CA,新都威段,187.71,非都市：鄉村區 ; 非都市編定：乙種建築用地,1,1,全筆移轉,06190000
RPPNMLRLPHMFFAV47CA,豐里段,3068.93,非都市：特定農業區 ; 非都市編定：農牧用地,1,1,全筆移轉,01350000
RPPNMLRLPHMFFCV67CA,大池段,10166.20,非都市：特定農業區 ; 非都市編定：農牧用地,1,1,全筆移轉,11600000
RPPNMLRLPHMFFCV67CA,大池段,267.65,非都市：特定農業區 ; 非都市編定：水利用地,1,1,全筆移轉,11640000
RPPNMLRLPHMFFCV67CA,錦富段,1795.42,非都市：特定農業區 ; 非都市編定：農牧用地,1,1,全筆移轉,00110000
RPPNMLRLPHMFFCV67CA,錦富段,1595.48,非都市：特定農業區 ; 非都市編定：農牧用地,1,1,全筆移轉,11830000
RPPNMLQKQHMFFAV47DA,利泰段,95.40,非都市：特定農業區 ; 非都市編定：農牧用地,1,1,全筆移轉,06880000
RPQNMLRLPHMFFAV57CA,豐里段,1381.53,非都市：特定農業區 ; 非都市編定：農牧用地,1,1,全筆移轉,01340000
RPTNMLRLPHMFFAV87CA,台東段,71.00,都市：住,1,1,全筆移轉,01810009
RPOOMLQLPHMFFAV37CA,東海段,22.69,都市：住,10000,38,持分移轉,01300000
RPOOMLQLPHMFFAV37CA,東海段,1.46,都市：住,10000,38,持分移轉,01300002
RPPNMLSLPHMFFAV57CA,康樂段,963.00,非都市：特定農業區 ; 非都市編定：農牧用地,1,1,全筆移轉,06440002
RPPOMLQLPHMFFAV47CA,台東段,69.00,都市：住,1,1,全筆移轉,01600822
RPQNMLLJQHMFFAV86CA,永清段,187.89,都市：住,1,1,全筆移轉,09660002
RPQNMLLJQHMFFAV86CA,永清段,1.37,都市：其他:人行步道,1,1,全筆移轉,09710006
RPTNMLSLPHMFFAV97CA,永樂段,87.00,都市：住,1,1,全筆移轉,01220004
RPPNMLSLPHMFFCV77CA,福原段,109.66,都市：住,1,1,全筆移轉,04200000
RPSNMLLJQHMFFAV07CA,永清段,186.50,都市：住,1,1,全筆移轉,09660003
RPSNMLLJQHMFFAV07CA,永清段,1.58,都市：其他:人行步道,1,1,全筆移轉,09710007
RPQNMLLJQHMFFDV17CA,笆札筏段,164.87,非都市：鄉村區 ; 非都市編定：乙種建築用地,1,1,全筆移轉,03190000
RPUNMLLJQHMFFAV27CA,利家段,2858.00,非都市：特定農業區 ; 非都市編定：農牧用地,1,1,全筆移轉,71750000
RPSNMLTJQHMFFAV97DA,光明段,2.24,都市：其他:河川用地,6354,192,持分移轉,03210001
RPRNMLKKQHMFFCV27DA,紅葉段,44.50,都市：其他:紅葉溫泉風景特定區計畫,2,1,持分移轉,07400000
RPQNMLLMPHMFFAV07CA,東海段,132.81,都市：住,1,1,全筆移轉,06800049
RPRNMLKKQHMFFCV27DA,紅葉段,125.50,都市：其他:紅葉溫泉風景特定區計畫,2,1,持分移轉,07400001
RPRNMLKKQHMFFCV27DA,紅葉段,1024.00,都市：其他:紅葉溫泉風景特定區計畫,2,1,持分移轉,07400002
SPSNMLTJQHMFFAV08DA,光明段,2.87,都市：其他:河川用地,1000,61,持分移轉,03230001
RPQNMLPJQHMFFAV27CA,利卡夢段,23.08,非都市：鄉村區 ; 非都市編定：乙種建築用地,7,1,持分移轉,03700000
RPRNMLPJQHMFFAV37CA,上岩灣段,116.90,都市：住,1,1,全筆移轉,05310000
RPRNMLPJQHMFFAV37CA,上岩灣段,18.12,都市：住,1,1,全筆移轉,05310001
TPSNMLTJQHMFFAV18DA,光明段,3.89,都市：其他:河川用地,2543,6,持分移轉,03230002
UPSNMLTJQHMFFAV28DA,光明段,5.98,都市：其他:河川用地,1000,61,持分移轉,03240001
RPTNMLTJQHMFFAV08DA,光明段,3.35,都市：其他:河川用地,6354,288,持分移轉,03210001
SPTNMLTJQHMFFAV18DA,光明段,4.32,都市：其他:河川用地,1000,92,持分移轉,03230001
VPSNMLTJQHMFFAV38DA,光明段,27.63,都市：其他:河川用地,1000,61,持分移轉,03240002
RPRNMLSLPHMFFAV87DA,知本段,2000.00,非都市：特定農業區 ; 非都市編定：農牧用地,1,1,全筆移轉,79130006
RPPNMLRKQHMFFBV67DA,高原段,27320.00,非都市：森林區 ; 非都市編定：農牧用地,1,1,全筆移轉,15890000
TPTNMLTJQHMFFAV28DA,光明段,5.83,都市：其他:河川用地,2543,9,持分移轉,03230002
UPTNMLTJQHMFFAV38DA,光明段,9.02,都市：其他:河川用地,1000,92,持分移轉,03240001
RPPNMLOJQHMFFAV17DA,東谷段,157.98,都市：住,1,1,全筆移轉,02080045
RPXNMLNJQHMFFAV87DA,永清段,8.62,都市：其他:河川用地,2,1,持分移轉,00940000
VPXNMLNJQHMFFAV28DA,永清段,104.06,都市：其他:河川用地,2,1,持分移轉,00970001
UPXNMLNJQHMFFAV18DA,永清段,194.33,都市：其他:河川用地,2,1,持分移轉,00970000
RPVOMLLJQHMFFAV47CA,大業段,2418.83,非都市：特定農業區 ; 非都市編定：農牧用地,1,1,全筆移轉,05650000
VPTNMLTJQHMFFAV48DA,光明段,41.68,都市：其他:河川用地,1000,92,持分移轉,03240002
RPXOMLLJQHMFFAV67CA,普優瑪段,123.91,都市：住,1,1,全筆移轉,07930000
RPOOMLLJQHMFFAV76CA,南清段,76.06,都市：住,2,1,持分移轉,06550009
RPOOMLLJQHMFFAV76CA,南清段,18.59,都市：住,4,1,持分移轉,06550010
TPXNMLNJQHMFFAV08DA,永清段,147.74,都市：其他:河川用地,2,1,持分移轉,00960001
RPTNMLLJQHMFFAV17CA,富山段,1512.95,非都市：風景區 ; 非都市編定：農牧用地,137200,15128,持分移轉,04670000
RPTNMLLJQHMFFAV17CA,加路蘭段,3868.00,非都市：風景區 ; 非都市編定：農牧用地,10,4,持分移轉,04750000
RPTNMLLJQHMFFAV17CA,加路蘭段,3376.00,非都市：風景區 ; 非都市編定：農牧用地,10,4,持分移轉,04850000
SPXNMLNJQHMFFAV97DA,永清段,200.02,都市：其他:河川用地,2,1,持分移轉,00960000
RPPNMLLMPHMFFAV96CA,鎮樂段,4150.00,非都市：山坡地保育區 ; 非都市編定：農牧用地,1,1,全筆移轉,08130000
RPQOMLLJQHMFFAV96CA,馬蘭段,109.00,都市：住,1,1,全筆移轉,16360004
RPROMLLJQHMFFAV17DA,順天段,2961.71,都市：農,1,1,全筆移轉,02090000
RPWOMLMJQHMFFAV77DA,建樂段,9.76,都市：住,10000,45,持分移轉,04800000
RPPNMLOJQHMFFCV37DA,南山段,189.94,都市：住,1,1,全筆移轉,00090000
RPRNMLLJQHMFFAV96CA,中清段,2907.05,都市：農,1,1,全筆移轉,00650000
RPPOMLLJQHMFFAV86CA,南清段,76.06,都市：住,2,1,持分移轉,06550009
RPPOMLLJQHMFFAV86CA,南清段,18.59,都市：住,4,1,持分移轉,06550010
