﻿編號,屋齡,建物移轉面積平方公尺,主要用途,主要建材,建築完成日期,總層數,建物分層
The serial number,room age,building shifting area square meter,the main use,main building materials,construction completes the date,total layer,building lamination
RPRNMLLJNHMFFAV66CA,,186.87,住家用,鋼筋混凝土造,105年11月30日,三層,一層 二層 三層 見其他登記事項
RPTNMLNJNHMFFAV07CA,21,29.39,集合住宅,鋼筋混凝土造,85年6月28日,九層,二層 陽台
RPTNMLNJNHMFFAV07CA,21,6.33,電梯，樓梯共同使用,鋼筋混凝土造,85年6月28日,九層,
RPTNMLNJNHMFFAV07CA,21,3.56,配電室．樓梯．電梯．機械房．通道．水箱．人行共同使用,鋼筋混凝土造,85年6月28日,九層,
RPUNMLSJNHMFFAV67CA,11,124.83,集合住宅,鋼筋混凝土造,95年3月10日,十層,三層 陽台
RPUNMLSJNHMFFAV67CA,11,78.44,公共空間、機械室、梯廳、儲藏室、管理委員會辦公室、社區活動中心、防空避難室、停車空間、樓梯間、水箱、機械室、走廊、社區管理中心、社區活動中心（共同使用部份）,鋼筋混凝土造,95年3月10日,十層,
RPPNMLMJNHMFFDV86CA,29,104.19,住家用,加強磚造,76年10月2日,二層,一層 二層 騎樓
RPQNMLOJNHMFFCV07CA,36,36.67,住家用,加強磚造,,一層,一層 騎樓
RPPNMLPJNHMFFBV96CA,5,561.49,農舍,ＲＣ造,100年11月24日,二層,一層 二層 陽台
RPTNMLOJNHMFFAV17CA,23,114.23,住家用,鋼筋混凝土造,82年11月16日,三層,一層 二層 三層 屋頂突出物
RPRNMLPJNHMFFAV07CA,35,198.42,住家用,加強磚造,71年7月6日,二層,一層 二層 騎樓
RPSNMLPJNHMFFAV17CA,1,101.97,住家用,ＲＣ造,105年9月22日,三層,一層 二層 三層 見其他登記事項
RPSNMLPJNHMFFAV17CA,1,101.97,住家用,ＲＣ造,105年9月22日,三層,一層 二層 三層 見其他登記事項
RPTNMLPJNHMFFAV37DA,34,104.86,住家用,鋼筋混凝土造,72年10月4日,四層,四層 陽台
RPTNMLPJNHMFFAV37DA,,5.96,樓梯間,鋼筋水泥,,四層,
RPUNMLPJNHMFFAV37CA,1,229.95,住家用,ＲＣ造,105年4月19日,三層,一層 二層 三層 見其他登記事項
RPQNMLOJNHMFFAV86CA,23,84.46,集合住宅,鋼筋混凝土造,83年4月19日,十四層,二層 陽台
RPQNMLOJNHMFFAV86CA,23,28.98,避難室，電梯．樓梯．地下室．通廊共同使用,鋼筋混凝土造,83年4月19日,十四層,
RPPNMLQLNHMFFDV57DA,37,101.78,住家用,加強磚造,68年11月5日,一層,一層
RPPNMLSJNHMFFDV47CA,,135.01,住商用,鐵筋水泥磚造,,二層,一層 二層 騎樓
RPQNMLLJOHMFFCV86CA,11,160.87,住家用,鋼筋混凝土造,95年7月21日,三層,一層 二層 三層 見其他登記事項 見其他登記事項
RPRNMLMKNHMFFAV96DA,3,232.83,住宅、樓梯間,ＲＣ造,103年9月17日,三層,一層 二層 三層 見其他登記事項 見其他登記事項
RPQNMLKKNHMFFAV56CA,38,96.64,住家用,加強磚造,68年8月22日,二層,一層 二層
RPQNMLLKNHMFFDV96CA,9,161.84,車庫，住宅，樓梯間,ＲＣ造,97年5月22日,三層,一層 二層 三層 見其他登記事項
RPPNMLKKNHMFFAV09CA,43,100.45,住家用,加強磚造,62年12月15日,二層,一層 二層 見其他登記事項
RPUNMLTKNHMFFAV97DA,9,122.78,店舖、住宅、騎樓,ＲＣ造,96年11月19日,三層,一層 二層 三層 騎樓 見其他登記事項
RPUNMLNLNHMFFAV37CA,30,119.23,住家用,加強磚造,76年1月21日,二層,一層 二層 陽台 屋頂突出物
RPPOMLRKNHMFFAV27CA,28,113.75,住家用,加強磚造,77年12月30日,二層,一層 二層 屋頂突出物
RPSNMLNLNHMFFAV17CA,23,65.78,集合住宅,鋼筋混凝土造,83年4月19日,十四層,九層 陽台
RPSNMLNLNHMFFAV17CA,23,20.51,避難室，電梯．樓梯．地下室．通廊共同使用,鋼筋混凝土造,83年4月19日,十四層,
RPQOMLMKNHMFFAV86CA,22,29.44,集合住宅,鋼筋混凝土造,84年2月21日,五層,四層 陽台
RPQOMLMKNHMFFAV86CA,22,7.61,樓梯間走道（共同使用）門廳,鋼筋混凝土造,84年2月21日,五層,
RPQOMLMKNHMFFAV86CA,22,7.38,避難室（共同使用）,鋼筋混凝土造,84年2月21日,五層,
RPQOMLMKNHMFFAV86CA,22,1.71,共有部分,鋼筋混凝土造,84年2月21日,五層,
RPXNMLRKNHMFFAV97CA,22,61.21,集合住宅　　,鋼筋混凝土造,84年2月17日,八層,八層 花台
RPVNMLMKNHMFFAV27CA,29,125.56,住家用,加強磚造,77年7月7日,二層,一層 二層 屋頂突出物
RPSNMLMKNHMFFAV96CA,22,232.64,集合住宅．店舖．停車場,鋼筋混凝土造,84年7月1日,四層,一層 二層 三層 四層 陽台 平台 騎樓
RPPNMLMKNHMFFAV66CA,18,149.91,住家用,鋼筋混凝土造,88年1月13日,三層,一層 二層 三層 陽台 屋頂突出物
RPTNMLLKNHMFFAV96CA,24,31.01,集合住宅,鋼筋混凝土造,82年5月22日,十二層,四層 陽台
RPTNMLLKNHMFFAV96CA,24,4.03,共有部分,鋼筋混凝土造,82年5月22日,十二層,
RPTNMLLKNHMFFAV96CA,24,8.49,走廊．電樓梯間接（共同使用部分）,鋼筋混凝土造,82年5月22日,十二層,
RPRNMLLKNHMFFAV76CA,23,.37,空白,鋼筋混凝土造,83年5月16日,十三層,
RPRNMLLKNHMFFAV76CA,23,198.49,集合住宅,鋼筋混凝土造,83年5月16日,十三層,四層 陽台 露台
RPRNMLLKNHMFFAV76CA,23,.34,空白,鋼筋混凝土造,83年5月16日,十三層,
RPRNMLLKNHMFFAV76CA,23,.37,樓梯間,鋼筋混凝土造,83年5月16日,十三層,
RPRNMLLKNHMFFAV76CA,23,.37,樓梯間,鋼筋混凝土造,83年5月16日,十三層,
RPRNMLLKNHMFFAV76CA,23,.46,樓梯間,鋼筋混凝土造,83年5月16日,十三層,
RPRNMLLKNHMFFAV76CA,23,.35,空白,鋼筋混凝土造,83年5月16日,十三層,
RPRNMLLKNHMFFAV76CA,23,.43,空白,鋼筋混凝土造,83年5月16日,十三層,
RPRNMLLKNHMFFAV76CA,23,.94,樓梯間,鋼筋混凝土造,83年5月16日,十三層,
RPRNMLLKNHMFFAV76CA,23,.37,樓梯間,鋼筋混凝土造,83年5月16日,十三層,
RPRNMLLKNHMFFAV76CA,23,.46,空白,鋼筋混凝土造,83年5月16日,十三層,
RPRNMLLKNHMFFAV76CA,23,.18,樓梯間,鋼筋混凝土造,83年5月16日,十三層,
RPRNMLLKNHMFFAV76CA,23,.34,空白,鋼筋混凝土造,83年5月16日,十三層,
RPRNMLLKNHMFFAV76CA,23,.37,樓梯間,鋼筋混凝土造,83年5月16日,十三層,
RPRNMLLKNHMFFAV76CA,23,.71,樓梯間,鋼筋混凝土造,83年5月16日,十三層,
RPRNMLLKNHMFFAV76CA,23,1.42,樓梯間走道,鋼筋混凝土造,83年5月16日,十三層,
RPRNMLLKNHMFFAV76CA,23,13.92,避難室,鋼筋混凝土造,83年5月16日,十三層,
RPRNMLLKNHMFFAV76CA,23,.46,樓梯間,鋼筋混凝土造,83年5月16日,十三層,
RPRNMLLKNHMFFAV76CA,23,.37,樓梯間,鋼筋混凝土造,83年5月16日,十三層,
RPRNMLLKNHMFFAV76CA,23,.37,樓梯間,鋼筋混凝土造,83年5月16日,十三層,
RPRNMLLKNHMFFAV76CA,23,.46,樓梯間,鋼筋混凝土造,83年5月16日,十三層,
RPRNMLLKNHMFFAV76CA,23,.37,樓梯間,鋼筋混凝土造,83年5月16日,十三層,
RPRNMLLKNHMFFAV76CA,23,.66,樓梯間,鋼筋混凝土造,83年5月16日,十三層,
RPRNMLLKNHMFFAV76CA,23,.37,樓梯間,鋼筋混凝土造,83年5月16日,十三層,
RPRNMLLKNHMFFAV76CA,23,.46,樓梯間,鋼筋混凝土造,83年5月16日,十三層,
RPRNMLLKNHMFFAV76CA,23,.37,樓梯間,鋼筋混凝土造,83年5月16日,十三層,
RPRNMLLKNHMFFAV76CA,23,.46,樓梯間,鋼筋混凝土造,83年5月16日,十三層,
RPRNMLLKNHMFFAV76CA,23,.46,樓梯間,鋼筋混凝土造,83年5月16日,十三層,
RPRNMLLKNHMFFAV76CA,23,.18,樓梯間,鋼筋混凝土造,83年5月16日,十三層,
RPRNMLLKNHMFFAV76CA,23,.37,樓梯間,鋼筋混凝土造,83年5月16日,十三層,
RPRNMLLKNHMFFAV76CA,23,.46,樓梯間,鋼筋混凝土造,83年5月16日,十三層,
RPRNMLLKNHMFFAV76CA,23,.46,樓梯間,鋼筋混凝土造,83年5月16日,十三層,
RPRNMLLKNHMFFAV76CA,23,.46,樓梯間,鋼筋混凝土造,83年5月16日,十三層,
RPQNMLMKNHMFFAV76CA,1,213.15,住家用,ＲＣ造,105年9月22日,三層,一層 二層 三層 見其他登記事項
RPTNMLTKNHMFFAV77CA,39,65.40,住家用,磚木造瓦屋頂,66年12月10日,二層,一層 騎樓
RPRNMLRKNHMFFAV37CA,,176.66,住宅、樓梯間,ＲＣ造,105年12月22日,三層,一層 二層 三層 見其他登記事項 見其他登記事項
RPQNMLQKNHMFFCV37CA,,132.60,住商用,鐵筋水泥磚造,,二層,一層 二層 騎樓
RPRNMLQKNHMFFAV27CA,21,96.68,住家用,鋼筋混凝土造,84年12月4日,十六層,十層 陽台
RPRNMLQKNHMFFAV27CA,21,34.18,電梯．樓梯．走道．水箱．機械室．防空避難室及停車間（公共設施．共同使用）,鋼筋混凝土造,84年12月4日,十六層,
RPRNMLTJOHMFFCV77CA,33,107.24,住家用,加強磚造,73年2月14日,二層,一層 二層 騎樓
RPVNMLTKNHMFFAV97CA,34,119.48,住家用,加強磚造,72年1月25日,二層,一層 二層 陽台 騎樓
RPQNMLSKNHMFFAV47DA,44,36.64,住家用,鐵筋水泥磚,62年2月18日,一層,一層
RPQNMLSKNHMFFAV47DA,39,42.80,住家用,鋼筋混凝土造,67年5月8日,二層,二層
RPRNMLSKNHMFFAV57DA,29,129.87,住家用,加強磚造,77年6月13日,二層,一層 二層 屋頂突出物 騎樓
RPPNMLPLNHMFFCV27CA,12,211.61,住宅、樓梯間,鋼筋混凝土造,94年5月24日,三層,一層 二層 三層 見其他登記事項 見其他登記事項
RPQNMLTJOHMFFCV67CA,49,91.60,住商用,木造,57年10月15日,一層,一層 騎樓
RPPNMLQLNHMFFCV47DA,,98.34,住家用,加強磚造,71年0月0日,一層,一層
RPVNMLNLNHMFFAV47CA,34,155.96,住家用,加強磚造,72年5月14日,二層,一層 二層 陽台
RPUPMLPLNHMFFAV77CA,19,149.06,住家用,鋼骨架,86年11月19日,三層,一層 二層 三層 陽台 屋頂突出物
RPQNMLNKOHMFFBV17DA,33,122.76,住家用,加強磚造,73年1月15日,一層,一層 騎樓
RPOOMLPLNHMFFAV17DA,22,29.44,集合住宅,鋼筋混凝土造,84年2月21日,五層,四層 陽台
RPOOMLPLNHMFFAV17DA,22,1.71,共有部分,鋼筋混凝土造,84年2月21日,五層,
RPOOMLPLNHMFFAV17DA,22,7.38,避難室（共同使用）,鋼筋混凝土造,84年2月21日,五層,
RPOOMLPLNHMFFAV17DA,22,7.61,樓梯間走道（共同使用）門廳,鋼筋混凝土造,84年2月21日,五層,
RPQNMLOLNHMFFAV07CA,34,106.74,集合住宅,鋼筋混凝土造,72年10月4日,四層,三層 陽台
RPQNMLOLNHMFFAV07CA,,5.42,樓梯間,鋼筋混凝土造,,四層,
RPXNMLQLNHMFFAV97CA,1,240.82,住宅、樓梯間,ＲＣ造,105年6月17日,三層,一層 二層 三層 見其他登記事項 見其他登記事項
RPPNMLLMNHMFFAV76CA,44,174.84,住商用,鐵筋水泥磚,62年6月26日,二層,一層 二層 騎樓
RPUNMLPLNHMFFAV57CA,23,92.57,集合住宅,鋼筋混凝土造,83年5月16日,十三層,五層 陽台
RPUNMLPLNHMFFAV57CA,23,.14,樓梯間,鋼筋混凝土造,83年5月16日,十三層,
RPUNMLPLNHMFFAV57CA,23,.56,樓梯間,鋼筋混凝土造,83年5月16日,十三層,
RPUNMLPLNHMFFAV57CA,23,.27,空白,鋼筋混凝土造,83年5月16日,十三層,
RPUNMLPLNHMFFAV57CA,23,.34,空白,鋼筋混凝土造,83年5月16日,十三層,
RPUNMLPLNHMFFAV57CA,23,.37,樓梯間,鋼筋混凝土造,83年5月16日,十三層,
RPUNMLPLNHMFFAV57CA,23,.37,空白,鋼筋混凝土造,83年5月16日,十三層,
RPUNMLPLNHMFFAV57CA,23,.53,樓梯間,鋼筋混凝土造,83年5月16日,十三層,
RPUNMLPLNHMFFAV57CA,23,.30,樓梯間,鋼筋混凝土造,83年5月16日,十三層,
RPUNMLPLNHMFFAV57CA,23,.30,樓梯間,鋼筋混凝土造,83年5月16日,十三層,
RPUNMLPLNHMFFAV57CA,23,.75,樓梯間,鋼筋混凝土造,83年5月16日,十三層,
RPUNMLPLNHMFFAV57CA,23,.30,樓梯間,鋼筋混凝土造,83年5月16日,十三層,
RPUNMLPLNHMFFAV57CA,23,.28,空白,鋼筋混凝土造,83年5月16日,十三層,
RPUNMLPLNHMFFAV57CA,23,.30,樓梯間,鋼筋混凝土造,83年5月16日,十三層,
RPUNMLPLNHMFFAV57CA,23,.30,樓梯間,鋼筋混凝土造,83年5月16日,十三層,
RPUNMLPLNHMFFAV57CA,23,.30,空白,鋼筋混凝土造,83年5月16日,十三層,
RPUNMLPLNHMFFAV57CA,23,.30,樓梯間,鋼筋混凝土造,83年5月16日,十三層,
RPUNMLPLNHMFFAV57CA,23,.37,樓梯間,鋼筋混凝土造,83年5月16日,十三層,
RPUNMLPLNHMFFAV57CA,23,.37,樓梯間,鋼筋混凝土造,83年5月16日,十三層,
RPUNMLPLNHMFFAV57CA,23,.37,樓梯間,鋼筋混凝土造,83年5月16日,十三層,
RPUNMLPLNHMFFAV57CA,23,.37,樓梯間,鋼筋混凝土造,83年5月16日,十三層,
RPWNMLOLNHMFFAV67CA,21,89.28,集合住宅,鋼筋混凝土造,85年6月21日,七層,一層 平台
RPUNMLPLNHMFFAV57CA,23,1.13,樓梯間走道,鋼筋混凝土造,83年5月16日,十三層,
RPWNMLOLNHMFFAV67CA,21,5.68,車道．樓梯．配電室．機械房．蓄水池．機車停車位共同使用,鋼筋混凝土造,85年6月21日,七層,
RPUNMLPLNHMFFAV57CA,23,11.13,避難室,鋼筋混凝土造,83年5月16日,十三層,
RPWNMLOLNHMFFAV67CA,21,16.82,防空避難室暨停車空間共同使用,鋼筋混凝土造,85年6月21日,七層,
RPUNMLPLNHMFFAV57CA,23,.37,樓梯間,鋼筋混凝土造,83年5月16日,十三層,
RPWNMLOLNHMFFAV67CA,21,5.42,電梯．水箱．機械房．樓梯共同使用,鋼筋混凝土造,85年6月21日,七層,
RPUNMLPLNHMFFAV57CA,23,.37,樓梯間,鋼筋混凝土造,83年5月16日,十三層,
RPUNMLPLNHMFFAV57CA,23,.37,樓梯間,鋼筋混凝土造,83年5月16日,十三層,
RPUNMLPLNHMFFAV57CA,23,.30,樓梯間,鋼筋混凝土造,83年5月16日,十三層,
RPUNMLPLNHMFFAV57CA,23,.30,樓梯間,鋼筋混凝土造,83年5月16日,十三層,
RPUNMLPLNHMFFAV57CA,23,.14,樓梯間,鋼筋混凝土造,83年5月16日,十三層,
RPUNMLPLNHMFFAV57CA,23,.30,樓梯間,鋼筋混凝土造,83年5月16日,十三層,
RPUNMLPLNHMFFAV57CA,23,.27,空白,鋼筋混凝土造,83年5月16日,十三層,
RPUNMLPLNHMFFAV57CA,23,.37,樓梯間,鋼筋混凝土造,83年5月16日,十三層,
RPUNMLPLNHMFFAV57CA,23,.30,樓梯間,鋼筋混凝土造,83年5月16日,十三層,
RPVNMLQLNHMFFAV77CA,35,107.04,住家用,加強磚造,71年2月27日,二層,一層 二層 騎樓
RPWNMLQLNHMFFAV87CA,24,87.71,住家用,鋼筋混凝土造,82年7月16日,七層,一層 陽台
RPWNMLQLNHMFFAV87CA,24,27.09,（共同使用）屋頂突出物．樓梯間．停車場,鋼筋混凝土造,82年7月16日,七層,
RPOPMLPLNHMFFAV17CA,14,263.33,住家用,鋼筋混凝土造,92年3月17日,三層,一層 二層 三層 見其他登記事項
RPWOMLPLNHMFFAV87CA,24,28.06,集合住宅,鋼筋混凝土造,82年5月22日,十二層,十層 陽台
RPWOMLPLNHMFFAV87CA,24,3.34,共有部分,鋼筋混凝土造,82年5月22日,十二層,
RPWOMLPLNHMFFAV87CA,24,7.04,走廊．電樓梯間接（共同使用部分）,鋼筋混凝土造,82年5月22日,十二層,
RPPNMLTJOHMFFAV37CA,21,172.94,住家用,鋼筋混凝土造,85年2月16日,三層,一層 二層 三層 陽台 平台 露台
RPPNMLLMNHMFFBV86CA,23,224.26,住家用,鋼筋混凝土造,82年10月23日,三層,一層 二層 三層 陽台
RPPNMLNLOHMFFBV17DA,23,172.04,住家用,加強磚造,83年3月31日,二層,一層 二層 陽台 屋頂突出物 騎樓
RPRNMLLJOHMFFAV76CA,39,84.70,住家用,加強磚造,67年2月16日,二層,一層 二層
RPSNMLLJOHMFFAV86CA,21,107.32,集合住宅,鋼筋混凝土造,85年6月21日,七層,五層 陽台 雨遮
RPSNMLLJOHMFFAV86CA,21,16.82,防空避難室暨停車空間共同使用,鋼筋混凝土造,85年6月21日,七層,
RPSNMLLJOHMFFAV86CA,21,7.25,車道．樓梯．配電室．機械房．蓄水池．機車停車位共同使用,鋼筋混凝土造,85年6月21日,七層,
RPSNMLLJOHMFFAV86CA,21,6.43,電梯．水箱．機械房．樓梯共同使用,鋼筋混凝土造,85年6月21日,七層,
RPSNMLLJOHMFFAV86CA,21,9.52,主要內容：樓梯．電梯（共同使用）,鋼筋混凝土造,85年6月21日,七層,
RPUNMLMJOHMFFAV17CA,12,213.89,住家用,ＲＣ造,94年4月12日,二層,一層 二層 陽台 屋頂突出物
RPPNMLMKOHMFFAV76CA,31,128.32,住家用,加強磚造,75年5月2日,二層,一層 二層 陽台 屋頂突出物
RPUNMLQLNHMFFAV67CA,30,74.45,住家用,加強磚造,76年9月3日,二層,一層 二層 屋頂突出物
RPRNMLLMNHMFFAV96CA,48,57.62,住家用,木石磚造,58年1月1日,一層,一層
RPTNMLQLNHMFFAV57CA,23,102.02,國民住宅,鋼筋混凝土造,82年12月3日,四層,一層 平台
RPTNMLQLNHMFFAV57CA,23,.26,樓梯間．公同使用,鋼筋混凝土造,82年12月3日,四層,
RPTNMLQLNHMFFAV57CA,23,.25,樓梯間．屋頂突出物．公同使用,鋼筋混凝土造,82年12月3日,四層,
RPTNMLQLNHMFFAV57CA,23,.25,樓梯間．共同使用,鋼筋混凝土造,82年12月3日,四層,
RPTNMLQLNHMFFAV57CA,23,.25,樓梯間．屋頂突出物．公同使用,鋼筋混凝土造,82年12月3日,四層,
RPTNMLQLNHMFFAV57CA,23,.26,樓梯間．屋頂突出物．公同使用,鋼筋混凝土造,82年12月3日,四層,
RPTNMLQLNHMFFAV57CA,23,.25,樓梯間．屋頂突出物．公同使用,鋼筋混凝土造,82年12月3日,四層,
RPTNMLQLNHMFFAV57CA,23,.25,樓梯間．公同使用,鋼筋混凝土造,82年12月3日,四層,
RPTNMLQLNHMFFAV57CA,23,.25,樓梯間．屋頂突出物．公同使用,鋼筋混凝土造,82年12月3日,四層,
RPTNMLQLNHMFFAV57CA,23,3.58,避難室．機械室．公同使用,鋼筋混凝土造,82年12月3日,四層,
RPTNMLQLNHMFFAV57CA,23,.25,樓梯間．屋頂突出物．公同使用,鋼筋混凝土造,82年12月3日,四層,
RPTNMLQLNHMFFAV57CA,23,.26,樓梯間．屋頂突出物．公同使用,鋼筋混凝土造,82年12月3日,四層,
RPTNMLQLNHMFFAV57CA,23,.25,樓梯間．公同使用,鋼筋混凝土造,82年12月3日,四層,
RPTNMLQLNHMFFAV57CA,23,.25,樓梯間．屋頂突出物．公同使用,鋼筋混凝土造,82年12月3日,四層,
RPTNMLQLNHMFFAV57CA,23,.25,樓梯間．公同使用,鋼筋混凝土造,82年12月3日,四層,
RPTNMLQLNHMFFAV57CA,23,.25,樓梯間．屋頂突出物．公同使用,鋼筋混凝土造,82年12月3日,四層,
RPTNMLQLNHMFFAV57CA,23,.25,樓梯間．公同使用,鋼筋混凝土造,82年12月3日,四層,
RPTNMLQLNHMFFAV57CA,23,.26,樓梯間．公同使用,鋼筋混凝土造,82年12月3日,四層,
RPTNMLQLNHMFFAV57CA,23,.26,樓梯間．公同使用,鋼筋混凝土造,82年12月3日,四層,
RPTNMLQLNHMFFAV57CA,23,.25,樓梯間．屋頂突出物．公同使用,鋼筋混凝土造,82年12月3日,四層,
RPTNMLQLNHMFFAV57CA,23,.25,樓梯間．公同使用,鋼筋混凝土造,82年12月3日,四層,
RPTNMLQLNHMFFAV57CA,23,.69,樓梯間．公同使用,鋼筋混凝土造,82年12月3日,四層,
RPTNMLQLNHMFFAV57CA,23,.26,樓梯間．屋頂突出物．公同使用,鋼筋混凝土造,82年12月3日,四層,
RPTNMLQLNHMFFAV57CA,23,.26,樓梯間．屋頂突出物．公同使用,鋼筋混凝土造,82年12月3日,四層,
RPTNMLQLNHMFFAV57CA,23,.25,樓梯間．公同使用,鋼筋混凝土造,82年12月3日,四層,
RPTNMLQLNHMFFAV57CA,23,.25,樓梯間．屋頂突出物．公同使用,鋼筋混凝土造,82年12月3日,四層,
RPTNMLQLNHMFFAV57CA,23,.25,樓梯間．公同使用,鋼筋混凝土造,82年12月3日,四層,
RPTNMLQLNHMFFAV57CA,23,.25,樓梯間．公同使用,鋼筋混凝土造,82年12月3日,四層,
RPTNMLQLNHMFFAV57CA,23,.25,樓梯間．屋頂突出物．公同使用,鋼筋混凝土造,82年12月3日,四層,
RPTNMLQLNHMFFAV57CA,23,.69,樓梯間．公同使用,鋼筋混凝土造,82年12月3日,四層,
RPTNMLQLNHMFFAV57CA,23,.26,樓梯間．屋頂突出物．公同使用,鋼筋混凝土造,82年12月3日,四層,
RPTNMLQLNHMFFAV57CA,23,.25,樓梯間．公同使用,鋼筋混凝土造,82年12月3日,四層,
RPTNMLQLNHMFFAV57CA,23,.25,樓梯間．公同使用,鋼筋混凝土造,82年12月3日,四層,
RPTNMLQLNHMFFAV57CA,23,.25,樓梯間．公同使用,鋼筋混凝土造,82年12月3日,四層,
RPTNMLQLNHMFFAV57CA,23,2.26,避難室．機械室．共同使用,鋼筋混凝土造,82年12月3日,四層,
RPQNMLLJOHMFFAV66CA,36,114.82,住家用,鋼筋混凝土加強磚造,70年1月20日,二層,一層 二層
RPQNMLPJOHMFFCV37DA,24,155.95,住家用,鋼筋混凝土造,81年11月23日,三層,一層 二層 三層 騎樓
RPSNMLNJOHMFFAV07CA,22,109.58,集合住宅,鋼筋混凝土造,84年2月17日,八層,六層 陽台 花台
RPSNMLNJOHMFFAV07CA,22,19.35,防空避難室暨停車空間、配電室,鋼筋混凝土造,84年2月17日,八層,
RPSNMLNJOHMFFAV07CA,22,14.08,車道、警衛室、托兒所、電梯、樓梯,鋼筋混凝土造,84年2月17日,八層,
RPSNMLMJOHMFFAV96CA,44,49.93,住家用,水泥磚木蓋瓦,62年1月16日,一層,一層 騎樓
RPRNMLMJOHMFFAV86CA,36,136.08,住家用,加強磚造,70年2月15日,二層,一層 二層 騎樓
RPQOMLNJOHMFFAV96CA,,23.94,住家用,磚木造瓦屋頂,64年0月0日,一層,一層
RPXNMLNJOHMFFAV57CA,1,191.94,住家用,ＲＣ造,105年9月22日,三層,一層 二層 三層 見其他登記事項
RPOOMLNJOHMFFAV76CA,1,205.84,住家用,ＲＣ造,105年9月22日,三層,一層 二層 三層 見其他登記事項
RPSNMLQJOHMFFAV37CA,9,221.00,住家用,ＲＣ造,97年1月9日,四層,一層 二層 三層 四層 見其他登記事項
RPPOMLNJOHMFFAV86CA,1,191.94,住家用,ＲＣ造,105年9月22日,三層,一層 二層 三層 見其他登記事項
RPRNMLLLOHMFFAV96CA,25,171.09,住家用,鋼筋混凝土造,81年6月12日,三層,一層 二層 三層 屋頂突出物
RPUNMLQJOHMFFAV57CA,42,82.32,住家用,鐵筋水泥磚,64年10月28日,二層,一層 二層
RPRNMLPJOHMFFAV27DA,21,58.66,住家用,鋼筋混凝土造,84年12月5日,六層,四層
RPPNMLPJOHMFFCV17CA,20,216.92,住商用,鋼筋混凝土造,86年2月4日,四層,一層 二層 三層 四層 騎樓 見其他登記事項
RPQNMLRJOHMFFCV57DA,40,121.69,住商用,鐵筋水泥磚　　　　　　　　　　,66年7月15日,二層,一層 二層 騎樓
RPTNMLNKOHMFFAV27CA,24,9.59,樓梯間,鋼筋混凝土造,82年8月14日,七層,
RPTNMLNKOHMFFAV27CA,24,97.53,集合住宅,鋼筋混凝土造,82年8月14日,七層,四層 陽台 花台
RPTNMLNKOHMFFAV27CA,24,1.48,樓梯間,鋼筋混凝土造,82年8月14日,七層,
RPTNMLNKOHMFFAV27CA,24,18.28,騎樓樓梯間、門廳、水箱、地下停車場,鋼筋混凝土造,82年8月14日,七層,
RPRNMLNKOHMFFAV07CA,41,78.12,住家用,鐵筋水泥磚,65年11月9日,二層,一層 二層
RPVNMLNKOHMFFAV47CA,40,100.24,住家用,鋼筋水泥加強磚造,66年6月18日,二層,一層 二層 騎樓
RPWNMLMKOHMFFAV47CA,24,151.54,住家用,鋼筋混凝土造,81年12月16日,三層,一層 二層 三層
RPUNMLPJOHMFFAV47CA,1,230.02,住宅、樓梯間,ＲＣ造,105年6月22日,三層,一層 二層 三層 屋頂突出物 見其他登記事項
RPTNMLQJOHMFFAV47CA,41,47.60,住家用,水泥磚木蓋瓦,65年3月1日,一層,一層
RPPNMLRJOHMFFBV27CA,38,105.72,住家用,加強磚造,68年1月24日,二層,一層 二層 騎樓
RPPNMLRJOHMFFDV47CA,43,162.93,住家用,加強磚造,63年1月1日,二層,一層 二層 陽台
RPPNMLRJOHMFFAV27DA,18,13.74,樓梯．電梯．汽車昇降梯．門廊．門．走道．樓梯間．機械室．水箱,鋼筋混凝土造,87年12月16日,九層,
RPPNMLRJOHMFFAV27DA,18,9.73,避難室．停車空間．配電室．機械室．汽車昇降電梯．樓梯．電梯,鋼筋混凝土造,87年12月16日,九層,
RPPNMLRJOHMFFAV27DA,18,85.90,集合住宅,鋼筋混凝土造,87年12月16日,九層,七層 陽台
RPVNMLRJOHMFFAV77CA,45,55.15,住家用,水泥磚木蓋瓦,61年10月24日,一層,一層 騎樓
RPRNMLLKOHMFFAV86CA,24,164.14,住家用,鋼筋混凝土造,82年1月16日,三層,一層 二層 三層 屋頂突出物 騎樓
RPQNMLSJOHMFFAV37CA,25,127.58,住家用,鋼筋混凝土造,81年4月1日,三層,一層 二層 三層
RPRNMLMKOHMFFAV96CA,21,63.01,集合住宅,鋼筋混凝土造,85年6月21日,七層,五層 陽台
RPRNMLMKOHMFFAV96CA,21,16.82,防空避難室暨停車空間共同使用,鋼筋混凝土造,85年6月21日,七層,
RPRNMLMKOHMFFAV96CA,21,4.47,車道．樓梯．配電室．機械房．蓄水池．機車停車位共同使用,鋼筋混凝土造,85年6月21日,七層,
RPRNMLMKOHMFFAV96CA,21,7.68,主要內容：樓梯．電梯（共同使用）,鋼筋混凝土造,85年6月21日,七層,
RPRNMLMKOHMFFAV96CA,21,4.40,電梯．水箱．機械房．樓梯共同使用,鋼筋混凝土造,85年6月21日,七層,
RPQNMLMKOHMFFCV07CA,36,113.52,住家用,鐵筋水泥磚,70年2月24日,二層,一層 二層 騎樓
RPQNMLOJPHMFFBV37EA,20,156.56,鄉村住宅,加強磚造,86年6月24日,二層,一層 二層 陽台 屋頂突出物
RPTNMLMKOHMFFAV17CA,34,89.75,集合住宅,鋼筋混凝土造,72年2月22日,四層,一層 平台
RPTNMLMKOHMFFAV17CA,34,6.64,國民住宅．走道,鋼筋混凝土造,72年2月22日,四層,
RPQNMLMKOHMFFDV27DA,20,220.17,住家用,鋼筋混凝土造,85年11月2日,三層,一層 二層 三層 陽台
RPSNMLPJPHMFFBV57DA,21,193.19,住家用,加強磚造,85年3月27日,二層,一層 二層 陽台 屋頂突出物
RPQNMLQKOHMFFAV37DA,13,154.39,騎樓、店舖、住宅,鋼筋混凝土、鋼骨,93年10月13日,三層,一層 二層 三層 屋頂突出物 騎樓 見其他登記事項
RPVNMLOKOHMFFAV67DA,38,80.07,住家用,加強磚造,68年1月8日,二層,一層 二層
RPQNMLNKOHMFFAV96CA,36,83.94,住家用,加強磚造,70年10月4日,二層,一層 二層 騎樓
RPPNMLTLOHMFFCV77CA,33,559.04,住商用,鋼筋混凝土造,72年1月25日,三層,一層 二層 三層 騎樓 電梯樓梯間 地下層
RPUNMLMKOHMFFAV27CA,23,96.34,集合住宅,鋼筋混凝土造,83年2月25日,十二層,十二層 陽台 花台
RPUNMLMKOHMFFAV27CA,23,13.80,避難室兼停車場．共同使用,鋼筋混凝土造,83年2月25日,十二層,
RPUNMLMKOHMFFAV27CA,23,12.96,梯間．共同使用,鋼筋混凝土造,83年2月25日,十二層,
RPWNMLNKOHMFFAV57CA,43,65.70,住家用,磚石造,63年7月15日,一層,一層 騎樓
RPWNMLOKOHMFFAV77DA,22,100.22,集合住宅　　,鋼筋混凝土造,83年12月17日,八層,二層 陽台 花台
RPWNMLOKOHMFFAV77DA,22,12.48,通廊，電梯，樓梯，共同使用,鋼筋混凝土造,83年12月17日,八層,
RPWNMLOKOHMFFAV77DA,22,18.65,地下一層（共同使用）防空斗避難室兼停車空間,鋼筋混凝土造,83年12月17日,八層,
RPWNMLOKOHMFFAV77DA,22,9.04,地下二層（共同使用）防空避難室兼停車空間,鋼筋混凝土造,83年12月17日,八層,
RPQNMLOKPHMFFAV27DA,34,88.69,集合住宅,鋼筋混凝土造,72年2月22日,四層,三層 陽台
RPQNMLPKOHMFFAV17CA,25,211.35,住家用,鋼筋混凝土造,81年1月31日,三層,一層 二層 三層 屋頂突出物
RPXNMLOKOHMFFAV77CA,37,92.66,住家用,加強磚造,69年7月5日,二層,一層 二層
RPQOMLQKOHMFFAV37CA,46,91.62,住家用,鐵筋水泥磚,59年11月30日,二層,一層 二層
RPOOMLQKOHMFFAV17CA,21,40.82,集合住宅,鋼筋混凝土造,85年6月28日,九層,六層 花台
RPOOMLQKOHMFFAV17CA,21,4.65,配電室．樓梯．電梯．機械房．通道．水箱．人行共同使用,鋼筋混凝土造,85年6月28日,九層,
RPOOMLQKOHMFFAV17CA,21,8.35,電梯，樓梯共同使用,鋼筋混凝土造,85年6月28日,九層,
RPRNMLMLOHMFFCV27CA,21,209.35,住家用,鋼筋混凝土造,85年2月15日,三層,一層 二層 三層 屋頂突出物
RPPOMLQKOHMFFAV27CA,60,24.15,住家用,木石磚造,46年6月9日,一層,一層 見其他登記事項
RPRNMLTKOHMFFAV67CA,37,99.14,住家用,加強磚造,69年11月5日,二層,一層 二層
RPOOMLOJPHMFFAV96CA,,198.04,住商用,鐵筋水泥磚,,二層,一層 二層 騎樓
RPPNMLQJPHMFFAV17CA,20,113.48,住家用,鋼筋混凝土造,86年6月3日,三層,一層 二層 三層 陽台 屋頂突出物
RPSNMLKLOHMFFAV07DA,,76.74,住家用,木、鐵筋混凝土、磚造,,二層,一層 二層 騎樓
RPVNMLQKOHMFFAV77CA,22,211.92,住家用,鋼筋混凝土造,84年10月18日,三層,一層 二層 三層 見其他登記事項
RPXNMLQKOHMFFAV97CA,23,92.57,集合住宅,鋼筋混凝土造,83年5月16日,十三層,十三層 陽台
RPXNMLQKOHMFFAV97CA,23,.13,樓梯間,鋼筋混凝土造,83年5月16日,十三層,
RPXNMLQKOHMFFAV97CA,23,.49,樓梯間,鋼筋混凝土造,83年5月16日,十三層,
RPXNMLQKOHMFFAV97CA,23,.24,空白,鋼筋混凝土造,83年5月16日,十三層,
RPXNMLQKOHMFFAV97CA,23,.30,空白,鋼筋混凝土造,83年5月16日,十三層,
RPXNMLQKOHMFFAV97CA,23,.33,樓梯間,鋼筋混凝土造,83年5月16日,十三層,
RPXNMLQKOHMFFAV97CA,23,.33,空白,鋼筋混凝土造,83年5月16日,十三層,
RPXNMLQKOHMFFAV97CA,23,.26,樓梯間,鋼筋混凝土造,83年5月16日,十三層,
RPXNMLQKOHMFFAV97CA,23,.46,樓梯間,鋼筋混凝土造,83年5月16日,十三層,
RPXNMLQKOHMFFAV97CA,23,.26,樓梯間,鋼筋混凝土造,83年5月16日,十三層,
RPXNMLQKOHMFFAV97CA,23,.66,樓梯間,鋼筋混凝土造,83年5月16日,十三層,
RPXNMLQKOHMFFAV97CA,23,.26,樓梯間,鋼筋混凝土造,83年5月16日,十三層,
RPXNMLQKOHMFFAV97CA,23,.99,樓梯間走道,鋼筋混凝土造,83年5月16日,十三層,
RPXNMLQKOHMFFAV97CA,23,.25,空白,鋼筋混凝土造,83年5月16日,十三層,
RPXNMLQKOHMFFAV97CA,23,.26,樓梯間,鋼筋混凝土造,83年5月16日,十三層,
RPXNMLQKOHMFFAV97CA,23,.26,空白,鋼筋混凝土造,83年5月16日,十三層,
RPXNMLQKOHMFFAV97CA,23,.33,樓梯間,鋼筋混凝土造,83年5月16日,十三層,
RPXNMLQKOHMFFAV97CA,23,.26,樓梯間,鋼筋混凝土造,83年5月16日,十三層,
RPXNMLQKOHMFFAV97CA,23,.33,樓梯間,鋼筋混凝土造,83年5月16日,十三層,
RPXNMLQKOHMFFAV97CA,23,.33,樓梯間,鋼筋混凝土造,83年5月16日,十三層,
RPXNMLQKOHMFFAV97CA,23,.33,樓梯間,鋼筋混凝土造,83年5月16日,十三層,
RPXNMLQKOHMFFAV97CA,23,9.74,避難室,鋼筋混凝土造,83年5月16日,十三層,
RPXNMLQKOHMFFAV97CA,23,.33,樓梯間,鋼筋混凝土造,83年5月16日,十三層,
RPXNMLQKOHMFFAV97CA,23,.33,樓梯間,鋼筋混凝土造,83年5月16日,十三層,
RPXNMLQKOHMFFAV97CA,23,.26,樓梯間,鋼筋混凝土造,83年5月16日,十三層,
RPXNMLQKOHMFFAV97CA,23,.33,樓梯間,鋼筋混凝土造,83年5月16日,十三層,
RPXNMLQKOHMFFAV97CA,23,.33,樓梯間,鋼筋混凝土造,83年5月16日,十三層,
RPXNMLQKOHMFFAV97CA,23,.26,樓梯間,鋼筋混凝土造,83年5月16日,十三層,
RPXNMLQKOHMFFAV97CA,23,.26,樓梯間,鋼筋混凝土造,83年5月16日,十三層,
RPXNMLQKOHMFFAV97CA,23,.26,樓梯間,鋼筋混凝土造,83年5月16日,十三層,
RPXNMLQKOHMFFAV97CA,23,.13,樓梯間,鋼筋混凝土造,83年5月16日,十三層,
RPXNMLQKOHMFFAV97CA,23,.26,樓梯間,鋼筋混凝土造,83年5月16日,十三層,
RPXNMLQKOHMFFAV97CA,23,.24,空白,鋼筋混凝土造,83年5月16日,十三層,
RPWNMLQKOHMFFAV87CA,,27.27,住商用,木造,,二層,一層 二層 騎樓
RPPNMLMLOHMFFAV86CA,,214.73,住家用,ＲＣ造,106年3月30日,三層,一層 二層 三層 見其他登記事項
RPQOMLMLOHMFFAV07CA,21,78.64,住家用,鋼筋混凝土造,85年2月16日,三層,一層 二層 三層 陽台 平台 露台
RPQOMLMLOHMFFAV07CA,21,78.64,住家用,鋼筋混凝土造,85年2月16日,三層,一層 二層 三層 陽台 平台 露台
RPVNMLMLOHMFFAV47CA,24,214.20,住家用,鋼筋混凝土造,81年12月9日,三層,一層 二層 三層
RPSNMLLLOHMFFAV07CA,34,92.96,集合住宅,鋼筋混凝土造,72年2月9日,四層,一層 平台 騎樓
RPSNMLLLOHMFFAV07CA,34,7.37,國民住宅、走道,鋼筋混凝土造,72年2月9日,四層,
RPSNMLLLOHMFFAV07CA,34,.99,國民住宅、走道,鋼筋混凝土造,72年2月9日,四層,
RPSNMLLLOHMFFAV07CA,34,1.15,國民住宅、走道,鋼筋混凝土造,72年2月9日,四層,
RPQNMLLLOHMFFDV27DA,31,99.72,住家用,加強磚造,75年5月27日,二層,一層 二層 騎樓
RPUNMLMLOHMFFAV37CA,22,100.22,集合住宅,鋼筋混凝土造,84年2月17日,八層,六層 陽台 花台
RPUNMLMLOHMFFAV37CA,22,17.65,防空避難室暨停車空間、配電室,鋼筋混凝土造,84年2月17日,八層,
RPUNMLMLOHMFFAV37CA,22,100.22,集合住宅,鋼筋混凝土造,84年2月17日,八層,六層 陽台 花台
RPUNMLMLOHMFFAV37CA,22,12.74,車道、警衛室、托兒所、電梯、樓梯,鋼筋混凝土造,84年2月17日,八層,
RPTNMLKLOHMFFAV07CA,23,102.02,集合住宅,鋼筋混凝土造,82年12月3日,四層,四層 陽台
RPTNMLKLOHMFFAV07CA,23,2.20,避難室．機械室．共同使用,鋼筋混凝土造,82年12月3日,四層,
RPTNMLKLOHMFFAV07CA,23,.24,樓梯間．共同使用,鋼筋混凝土造,82年12月3日,四層,
RPTNMLKLOHMFFAV07CA,23,.24,樓梯間．公同使用,鋼筋混凝土造,82年12月3日,四層,
RPTNMLKLOHMFFAV07CA,23,.24,樓梯間．公同使用,鋼筋混凝土造,82年12月3日,四層,
RPTNMLKLOHMFFAV07CA,23,.24,樓梯間．公同使用,鋼筋混凝土造,82年12月3日,四層,
RPTNMLKLOHMFFAV07CA,23,.24,樓梯間．公同使用,鋼筋混凝土造,82年12月3日,四層,
RPTNMLKLOHMFFAV07CA,23,.24,樓梯間．公同使用,鋼筋混凝土造,82年12月3日,四層,
RPTNMLKLOHMFFAV07CA,23,.24,樓梯間．公同使用,鋼筋混凝土造,82年12月3日,四層,
RPTNMLKLOHMFFAV07CA,23,.24,樓梯間．公同使用,鋼筋混凝土造,82年12月3日,四層,
RPTNMLKLOHMFFAV07CA,23,.67,樓梯間．公同使用,鋼筋混凝土造,82年12月3日,四層,
RPTNMLKLOHMFFAV07CA,23,.67,樓梯間．公同使用,鋼筋混凝土造,82年12月3日,四層,
RPTNMLKLOHMFFAV07CA,23,.25,樓梯間．公同使用,鋼筋混凝土造,82年12月3日,四層,
RPTNMLKLOHMFFAV07CA,23,.25,樓梯間．公同使用,鋼筋混凝土造,82年12月3日,四層,
RPTNMLKLOHMFFAV07CA,23,.25,樓梯間．公同使用,鋼筋混凝土造,82年12月3日,四層,
RPTNMLKLOHMFFAV07CA,23,3.49,避難室．機械室．公同使用,鋼筋混凝土造,82年12月3日,四層,
RPTNMLKLOHMFFAV07CA,23,.24,樓梯間．公同使用,鋼筋混凝土造,82年12月3日,四層,
RPTNMLKLOHMFFAV07CA,23,.24,樓梯間．屋頂突出物．公同使用,鋼筋混凝土造,82年12月3日,四層,
RPTNMLKLOHMFFAV07CA,23,.24,樓梯間．公同使用,鋼筋混凝土造,82年12月3日,四層,
RPTNMLKLOHMFFAV07CA,23,.24,樓梯間．屋頂突出物．公同使用,鋼筋混凝土造,82年12月3日,四層,
RPTNMLKLOHMFFAV07CA,23,.24,樓梯間．公同使用,鋼筋混凝土造,82年12月3日,四層,
RPTNMLKLOHMFFAV07CA,23,.24,樓梯間．屋頂突出物．公同使用,鋼筋混凝土造,82年12月3日,四層,
RPTNMLKLOHMFFAV07CA,23,.24,樓梯間．屋頂突出物．公同使用,鋼筋混凝土造,82年12月3日,四層,
RPTNMLKLOHMFFAV07CA,23,.24,樓梯間．屋頂突出物．公同使用,鋼筋混凝土造,82年12月3日,四層,
RPTNMLKLOHMFFAV07CA,23,.24,樓梯間．公同使用,鋼筋混凝土造,82年12月3日,四層,
RPTNMLKLOHMFFAV07CA,23,.24,樓梯間．屋頂突出物．公同使用,鋼筋混凝土造,82年12月3日,四層,
RPTNMLKLOHMFFAV07CA,23,.24,樓梯間．屋頂突出物．公同使用,鋼筋混凝土造,82年12月3日,四層,
RPTNMLKLOHMFFAV07CA,23,.24,樓梯間．屋頂突出物．公同使用,鋼筋混凝土造,82年12月3日,四層,
RPTNMLKLOHMFFAV07CA,23,.24,樓梯間．屋頂突出物．公同使用,鋼筋混凝土造,82年12月3日,四層,
RPTNMLKLOHMFFAV07CA,23,.24,樓梯間．屋頂突出物．公同使用,鋼筋混凝土造,82年12月3日,四層,
RPTNMLKLOHMFFAV07CA,23,.25,樓梯間．屋頂突出物．公同使用,鋼筋混凝土造,82年12月3日,四層,
RPTNMLKLOHMFFAV07CA,23,.25,樓梯間．屋頂突出物．公同使用,鋼筋混凝土造,82年12月3日,四層,
RPTNMLKLOHMFFAV07CA,23,.25,樓梯間．屋頂突出物．公同使用,鋼筋混凝土造,82年12月3日,四層,
RPTNMLKLOHMFFAV07CA,23,.25,樓梯間．屋頂突出物．公同使用,鋼筋混凝土造,82年12月3日,四層,
RPTNMLKLOHMFFAV07CA,23,.25,樓梯間．屋頂突出物．公同使用,鋼筋混凝土造,82年12月3日,四層,
RPUNMLQLOHMFFAV77CA,,222.33,住家用,ＲＣ造,106年3月30日,三層,一層 二層 三層 見其他登記事項
RPPNMLNLOHMFFAV96CA,35,121.67,住家用,加強磚造,70年12月10日,二層,一層 二層
RPWNMLQLOHMFFAV97CA,,251.64,住宅、樓梯間,ＲＣ造,106年1月19日,三層,一層 二層 三層 見其他登記事項 見其他登記事項
RPSNMLNLOHMFFAV27CA,10,168.55,住家用,鋼筋混凝土造,96年1月15日,三層,一層 二層 三層 見其他登記事項
RPRNMLNLOHMFFAV17CA,3,227.77,住家用,ＲＣ造,103年10月24日,三層,一層 二層 三層 見其他登記事項
RPPNMLPLOHMFFAV17CA,22,290.04,住商用,鋼筋混凝土造,84年6月8日,三層,一層 二層 三層 陽台 屋頂突出物 騎樓
RPROMLMLOHMFFAV17CA,23,78.78,集合住宅,鋼筋混凝土造,83年4月19日,十四層,十一層 陽台
RPROMLMLOHMFFAV17CA,23,21.84,避難室，電梯．樓梯．地下室．通廊共同使用,鋼筋混凝土造,83年4月19日,十四層,
RPPNMLPLOHMFFDV47CA,37,91.27,住家用,加強磚造,69年9月26日,二層,一層 二層 騎樓
RPTNMLSLOHMFFAV87CA,,92.60,住家用,加強磚造,,二層,一層 二層
RPSNMLQLOHMFFAV57CA,,219.23,住家用,ＲＣ造,106年3月30日,三層,一層 二層 三層 見其他登記事項
RPTNMLRLOHMFFAV77CA,,216.73,住家用,ＲＣ造,106年3月30日,三層,一層 二層 三層 見其他登記事項
RPQNMLQLOHMFFAV37CA,,214.73,住家用,ＲＣ造,106年3月30日,三層,一層 二層 三層 見其他登記事項
RPQNMLRLOHMFFAV47CA,48,50.50,住家用,磚石造,58年1月15日,一層,一層 騎樓
RPQNMLTLOHMFFAV67CA,25,124.58,住宅、店舖、避難室,鋼筋混凝土造,81年1月15日,二層,一層 二層 屋頂突出物 騎樓 地下層
RPUNMLSLOHMFFAV97CA,21,136.33,鄉村住宅,鋼筋混凝土造,85年9月25日,三層,一層 二層 三層 陽台
RPTNMLMKPHMFFAV27CA,34,131.21,住家用,加強磚造,71年12月31日,二層,一層 二層 騎樓
RPXNMLOJPHMFFAV77CA,1,205.73,住宅、樓梯間,ＲＣ造,105年1月5日,三層,一層 二層 三層 見其他登記事項 見其他登記事項
RPPNMLKKPHMFFBV86DA,35,117.32,住家用,加強磚造,71年1月20日,二層,一層 二層 陽台
RPXOMLTLOHMFFAV48CA,1,244.81,住家用,ＲＣ造,105年9月22日,三層,一層 二層 三層 見其他登記事項
RPQNMLKMOHMFFAV86CA,,309.96,住宅、樓梯間,ＲＣ造,106年2月10日,三層,一層 二層 三層 屋頂突出物 見其他登記事項
RPQNMLKMOHMFFDV17CA,,72.21,住家用,鋼筋混凝土造,,一層,一層 騎樓
RPPNMLKMOHMFFAV76CA,,314.43,住宅、樓梯間,ＲＣ造,106年2月10日,三層,一層 二層 三層 屋頂突出物 見其他登記事項
RPTOMLOJPHMFFAV47CA,24,137.35,鄉村住宅,加強磚造,82年5月4日,二層,一層 二層 屋頂突出物
RPTNMLKMOHMFFAV17CA,38,76.71,住家用,加強磚造,68年1月8日,二層,一層 二層
RPQNMLNJPHMFFAV07DA,,48.86,住家用,鋼筋水泥造,,一層,一層
RPSNMLNJPHMFFAV17CA,39,162.00,工業用,鋼架,67年1月10日,一層,一層
RPSNMLNJPHMFFAV17CA,17,435.79,工業用,有墻鋼架造,89年1月4日,一層,一層
RPVNMLNJPHMFFAV47CA,13,185.59,住家用,鋼筋混凝土造,93年3月25日,三層,一層 二層 三層 陽台
RPRNMLNJPHMFFAV07CA,,219.23,住家用,ＲＣ造,106年3月30日,三層,一層 二層 三層 見其他登記事項
RPRNMLQJPHMFFAV37CA,18,229.26,人行、店舖、辦公廳、住宅,鋼筋混凝土造,88年7月31日,四層,一層 二層 三層 四層 陽台 平台 騎樓
RPSNMLOJPHMFFAV27CA,22,109.58,集合住宅,鋼筋混凝土造,84年2月17日,八層,三層 陽台 花台
RPSNMLOJPHMFFAV27CA,22,19.35,防空避難室暨停車空間、配電室,鋼筋混凝土造,84年2月17日,八層,
RPSNMLOJPHMFFAV27CA,22,14.08,車道、警衛室、托兒所、電梯、樓梯,鋼筋混凝土造,84年2月17日,八層,
RPPNMLOJPHMFFDV37DA,22,33.25,套房,鋼筋混凝土造,84年7月14日,八層,八層 見其他登記事項
RPPNMLOJPHMFFDV37DA,22,8.26,樓梯．電梯．機械房．水箱．清水池．走道．陽台．屋頂突出物,鋼筋混凝土造,84年7月14日,八層,
RPPNMLMKPHMFFCV07CA,,87.92,住商用,鐵筋水泥磚,,二層,一層 二層
RPXNMLPJPHMFFAV87CA,,25.25,住家用,木造,,一層,一層
RPSNMLPJPHMFFAV37CA,38,74.26,住家用,加強磚造,67年12月4日,二層,一層 二層
RPSNMLLKPHMFFAV07CA,36,105.04,住家用,加強磚造,70年7月23日,三層,一層 二層 夾層
RPVNMLOJPHMFFAV57CA,42,187.01,住家用,鐵筋水泥磚,64年3月27日,二層,一層 二層 騎樓
RPTNMLOJPHMFFAV37CA,32,112.35,住家用,加強磚造,73年12月7日,二層,一層 二層 陽台
RPPNMLOJPHMFFAV96CA,37,116.16,住家用,加強磚造,69年7月2日,二層,一層 二層
RPUNMLPJPHMFFAV57CA,5,237.86,自用農舍,鋼骨ＲＣ造,100年12月22日,二層,一層 二層
RPOOMLQJPHMFFAV17CA,22,61.21,集合住宅,鋼筋混凝土造,84年2月17日,八層,八層 花台
RPOOMLQJPHMFFAV17CA,22,4.11,走道,鋼筋混凝土造,84年2月17日,八層,
RPOOMLQJPHMFFAV17CA,22,11.38,防空避難室暨停車空間、配電室,鋼筋混凝土造,84年2月17日,八層,
RPOOMLQJPHMFFAV17CA,22,8.38,車道、警衛室、托兒所、電梯、樓梯,鋼筋混凝土造,84年2月17日,八層,
RPSNMLQJPHMFFAV47CA,21,25.66,集合住宅,鋼筋混凝土造,85年6月28日,九層,五層 花台
RPSNMLQJPHMFFAV47CA,21,5.47,電梯，樓梯共同使用,鋼筋混凝土造,85年6月28日,九層,
RPSNMLQJPHMFFAV47CA,21,3.01,配電室．樓梯．電梯．機械房．通道．水箱．人行共同使用,鋼筋混凝土造,85年6月28日,九層,
RPPNMLRJPHMFFAV37DA,39,123.80,住家用,加強磚造,67年4月22日,二層,一層 二層 騎樓
RPVNMLMKPHMFFAV47CA,36,112.49,住家用,加強磚造,70年4月23日,二層,一層 二層
RPUNMLMKPHMFFAV37CA,23,97.15,集合住宅,鋼筋混凝土造,82年12月3日,四層,二層 陽台
RPUNMLMKPHMFFAV37CA,23,.24,樓梯間．公同使用,鋼筋混凝土造,82年12月3日,四層,
RPUNMLMKPHMFFAV37CA,23,.64,樓梯間．公同使用,鋼筋混凝土造,82年12月3日,四層,
RPUNMLMKPHMFFAV37CA,23,.23,樓梯間．公同使用,鋼筋混凝土造,82年12月3日,四層,
RPUNMLMKPHMFFAV37CA,23,.24,樓梯間．屋頂突出物．公同使用,鋼筋混凝土造,82年12月3日,四層,
RPUNMLMKPHMFFAV37CA,23,3.29,避難室．機械室．公同使用,鋼筋混凝土造,82年12月3日,四層,
RPUNMLMKPHMFFAV37CA,23,.23,樓梯間．屋頂突出物．公同使用,鋼筋混凝土造,82年12月3日,四層,
RPUNMLMKPHMFFAV37CA,23,.23,樓梯間．公同使用,鋼筋混凝土造,82年12月3日,四層,
RPUNMLMKPHMFFAV37CA,23,.23,樓梯間．屋頂突出物．公同使用,鋼筋混凝土造,82年12月3日,四層,
RPUNMLMKPHMFFAV37CA,23,.24,樓梯間．屋頂突出物．公同使用,鋼筋混凝土造,82年12月3日,四層,
RPUNMLMKPHMFFAV37CA,23,.23,樓梯間．屋頂突出物．公同使用,鋼筋混凝土造,82年12月3日,四層,
RPUNMLMKPHMFFAV37CA,23,.23,樓梯間．屋頂突出物．公同使用,鋼筋混凝土造,82年12月3日,四層,
RPUNMLMKPHMFFAV37CA,23,.23,樓梯間．公同使用,鋼筋混凝土造,82年12月3日,四層,
RPUNMLMKPHMFFAV37CA,23,.23,樓梯間．公同使用,鋼筋混凝土造,82年12月3日,四層,
RPUNMLMKPHMFFAV37CA,23,.23,樓梯間．公同使用,鋼筋混凝土造,82年12月3日,四層,
RPUNMLMKPHMFFAV37CA,23,.23,樓梯間．屋頂突出物．公同使用,鋼筋混凝土造,82年12月3日,四層,
RPUNMLMKPHMFFAV37CA,23,.23,樓梯間．公同使用,鋼筋混凝土造,82年12月3日,四層,
RPUNMLMKPHMFFAV37CA,23,.23,樓梯間．屋頂突出物．公同使用,鋼筋混凝土造,82年12月3日,四層,
RPUNMLMKPHMFFAV37CA,23,.23,樓梯間．公同使用,鋼筋混凝土造,82年12月3日,四層,
RPUNMLMKPHMFFAV37CA,23,.23,樓梯間．屋頂突出物．公同使用,鋼筋混凝土造,82年12月3日,四層,
RPUNMLMKPHMFFAV37CA,23,.24,樓梯間．屋頂突出物．公同使用,鋼筋混凝土造,82年12月3日,四層,
RPUNMLMKPHMFFAV37CA,23,.23,樓梯間．屋頂突出物．公同使用,鋼筋混凝土造,82年12月3日,四層,
RPUNMLMKPHMFFAV37CA,23,.23,樓梯間．公同使用,鋼筋混凝土造,82年12月3日,四層,
RPUNMLMKPHMFFAV37CA,23,.23,樓梯間．屋頂突出物．公同使用,鋼筋混凝土造,82年12月3日,四層,
RPUNMLMKPHMFFAV37CA,23,.24,樓梯間．屋頂突出物．公同使用,鋼筋混凝土造,82年12月3日,四層,
RPUNMLMKPHMFFAV37CA,23,.23,樓梯間．公同使用,鋼筋混凝土造,82年12月3日,四層,
RPUNMLMKPHMFFAV37CA,23,.23,樓梯間．共同使用,鋼筋混凝土造,82年12月3日,四層,
RPUNMLMKPHMFFAV37CA,23,.23,樓梯間．屋頂突出物．公同使用,鋼筋混凝土造,82年12月3日,四層,
RPUNMLMKPHMFFAV37CA,23,.24,樓梯間．屋頂突出物．公同使用,鋼筋混凝土造,82年12月3日,四層,
RPUNMLMKPHMFFAV37CA,23,.24,樓梯間．公同使用,鋼筋混凝土造,82年12月3日,四層,
RPUNMLMKPHMFFAV37CA,23,.23,樓梯間．公同使用,鋼筋混凝土造,82年12月3日,四層,
RPUNMLMKPHMFFAV37CA,23,.24,樓梯間．公同使用,鋼筋混凝土造,82年12月3日,四層,
RPUNMLMKPHMFFAV37CA,23,.64,樓梯間．公同使用,鋼筋混凝土造,82年12月3日,四層,
RPUNMLMKPHMFFAV37CA,23,2.07,避難室．機械室．共同使用,鋼筋混凝土造,82年12月3日,四層,
RPUNMLMKPHMFFAV37CA,23,.23,樓梯間．公同使用,鋼筋混凝土造,82年12月3日,四層,
RPPNMLKKPHMFFAV66CA,,228.26,住宅、樓梯間,鋼筋混凝土造,105年11月30日,三層,一層 二層 三層 見其他登記事項 見其他登記事項
RPQNMLRJPHMFFAV37CA,30,69.16,住家用,加強磚造,76年12月22日,二層,一層 二層 陽台 騎樓
RPQNMLRJPHMFFAV37CA,30,69.16,住家用,加強磚造,76年12月22日,二層,一層 二層 陽台 騎樓
RPPNMLLKPHMFFAV76CA,19,248.01,人行．店舖．住宅,鋼筋混凝土造,87年4月20日,四層,一層 二層 三層 四層 陽台 騎樓
RPQNMLKKPHMFFBV86CA,37,94.50,住商用,鋼筋混凝土加強磚造,69年11月28日,二層,一層 二層 三層 騎樓
RPUOMLLJQHMFFAV47DA,23,209.38,住家用,鋼筋混凝土造,83年10月28日,四層,一層 二層 三層 四層 陽台
RPUNMLSKPHMFFAV97CA,18,100.06,集合住宅,鋼筋混凝土造,87年12月16日,九層,五層 陽台
RPUNMLSKPHMFFAV97CA,18,14.53,避難室．停車空間．配電室．機械室．汽車昇降電梯．樓梯．電梯,鋼筋混凝土造,87年12月16日,九層,
RPUNMLSKPHMFFAV97CA,18,20.52,樓梯．電梯．汽車昇降梯．門廊．門．走道．樓梯間．機械室．水箱,鋼筋混凝土造,87年12月16日,九層,
RPQOMLSKPHMFFAV67CA,22,74.68,集合住宅,鋼筋混凝土造,84年2月17日,八層,八層 陽台
RPQOMLSKPHMFFAV67CA,22,9.05,車道、警衛室、托兒所、電梯、樓梯,鋼筋混凝土造,84年2月17日,八層,
RPQOMLSKPHMFFAV67CA,22,4.48,走道,鋼筋混凝土造,84年2月17日,八層,
RPQOMLSKPHMFFAV67CA,22,11.95,防空避難室暨停車空間、配電室,鋼筋混凝土造,84年2月17日,八層,
RPSNMLNKPHMFFAV27CA,23,143.12,住家用,鋼筋混凝土造,83年5月5日,五層,五層 陽台
RPSNMLNKPHMFFAV27CA,23,43.37,避難室（共同使用）,鋼筋混凝土造,83年5月5日,五層,
RPXNMLLKPHMFFAV57CA,43,87.00,住家用,鐵筋水泥磚,63年5月1日,二層,一層 二層
RPOOMLLKPHMFFAV76CA,22,75.55,集合住宅,鋼筋混凝土造,84年3月27日,十層,九層
RPOOMLLKPHMFFAV76CA,22,13.01,電梯、樓梯門廊、樓梯、機械房、水箱,鋼筋混凝土造,84年3月27日,十層,
RPPOMLMKPHMFFAV96CA,1,215.10,住家用,ＲＣ造,105年9月22日,三層,一層 二層 三層 見其他登記事項
RPPNMLKLPHMFFCV96CA,12,99.65,集合住宅,鋼筋混凝土造,94年1月21日,七層,七層 陽台
RPPNMLKLPHMFFCV96CA,12,4.38,集合住宅﹝門廳、騎樓、人行﹞,鋼筋混凝土造,94年1月21日,一層,
RPPNMLKLPHMFFCV96CA,12,14.48,集合住宅,鋼筋混凝土造,94年1月21日,八層,
RPPNMLPLPHMFFBV47DA,35,105.48,住家用,加強磚造,71年8月25日,二層,一層 二層 騎樓
RPPNMLQLPHMFFAV37CA,,22.50,住家用,鐵筋水泥磚,,二層,一層 二層
RPSNMLPLPHMFFAV57CA,12,210.30,住家用,ＲＣ造,94年2月2日,三層,一層 二層 三層 見其他登記事項
RPQNMLKLPHMFFAV86CA,24,109.78,住家用,鋼筋混凝土造,82年6月2日,五層,五層
RPQNMLKLPHMFFAV86CA,24,18.32,樓梯共同使用,鋼筋混凝土造,82年6月2日,五層,
RPPNMLNKPHMFFAV96CA,12,235.61,住家用,ＲＣ造,94年6月20日,三層,一層 二層 三層 見其他登記事項
RPPNMLTKPHMFFAV57CA,20,67.85,集合住宅,鋼筋混凝土造,86年9月26日,五層,五層 陽台
RPPNMLTKPHMFFAV57CA,20,15.30,儲藏室、停車空間、蓄水池,鋼筋混凝土造,86年9月26日,五層,
RPPNMLTKPHMFFAV57CA,20,8.35,電梯．樓梯．走廊．水箱．機械房．儲藏室．瞭望台,鋼筋混凝土造,86年9月26日,五層,
SPPNMLNKPHMFFAV07CA,12,235.61,住家用,ＲＣ造,94年6月20日,三層,一層 二層 三層 見其他登記事項
RPQNMLLLPHMFFAV96CA,,240.19,住宅、樓梯間,ＲＣ造,106年3月24日,三層,一層 二層 三層 屋頂突出物 見其他登記事項
RPSNMLSKPHMFFAV77CA,23,28.99,集合住宅,鋼筋混凝土造,83年4月19日,十四層,三層 陽台
RPSNMLSKPHMFFAV77CA,23,9.36,避難室，電梯．樓梯．地下室．通廊共同使用,鋼筋混凝土造,83年4月19日,十四層,
RPVNMLRKPHMFFAV97CA,36,156.12,住家用,加強磚造,70年5月8日,二層,一層 二層
RPSNMLRKPHMFFAV67CA,39,104.08,住家用,加強磚造,67年5月12日,二層,一層 二層 騎樓
RPXNMLRKPHMFFAV18CA,26,82.95,住家用,鋼筋混凝土造,80年7月17日,五層,四層
RPXNMLRKPHMFFAV18CA,26,7.17,共同使用部份．樓梯間,鋼筋混凝土造,80年7月17日,五層,
RPQNMLSLPHMFFAV77DA,19,238.72,住家用,鋼筋混凝土造,87年2月11日,四層,一層 二層 三層 四層
RPTNMLSKPHMFFAV87CA,21,140.53,集合住宅,鋼筋混凝土造,84年12月20日,七層,一層 二層 陽台 騎樓
RPTNMLSKPHMFFAV87CA,,37.90,避難室、門廳、電樓梯間,鋼筋混凝土造,,七層,
RPXNMLTKPHMFFAV38CA,21,189.09,住家用,鋼筋混凝土造,85年2月16日,三層,一層 二層 三層 陽台 平台 露台
RPPNMLSKPHMFFAV47CA,21,57.15,住家用,鋼筋混凝土造,85年6月28日,七層,七層 陽台 雨遮
RPPNMLSKPHMFFAV47CA,21,3.06,樓梯、電梯、機械房、水箱共同使用,鋼筋混凝土造,85年6月28日,七層,
RPPNMLSKPHMFFAV47CA,21,16.01,防空避難室暨停車空間共同使用,鋼筋混凝土造,85年6月28日,七層,
RPPNMLSKPHMFFAV47CA,21,2.49,車道、水箱、樓梯、機械房配電室共同使用　,鋼筋混凝土造,85年6月28日,七層,
RPPNMLSKPHMFFAV47CA,21,5.15,共同使用：樓梯．電梯,鋼筋混凝土造,85年6月28日,七層,
RPRNMLTKPHMFFAV77CA,23,54.00,鄉村住宅,鋼筋混凝土造,83年10月3日,二層,一層 二層 陽台
RPRNMLTKPHMFFAV77CA,23,54.00,鄉村住宅,鋼筋混凝土造,83年10月3日,二層,一層 二層 陽台
RPXNMLSKPHMFFAV28CA,36,107.22,住家用,加強磚造,70年8月17日,二層,一層 二層
RPWNMLSKPHMFFAV18CA,34,92.32,集合住宅,鋼筋混凝土造,72年10月12日,四層,一層 平台 騎樓
RPWNMLSKPHMFFAV18CA,,6.51,樓梯間,鋼筋混凝土造,,四層,
RPQNMLOLPHMFFDV57CA,23,31.54,套房,鋼筋混凝土造,83年9月30日,八層,八層 陽台
RPQNMLOLPHMFFDV57CA,23,6.07,樓梯間．門房走道,鋼筋混凝土造,83年9月30日,八層,
RPOOMLTKPHMFFAV57CA,36,93.50,住家用,加強磚造,70年11月30日,二層,一層 二層 騎樓
RPPNMLKLPHMFFAV76CA,42,83.34,住家用,鐵筋水泥磚,64年9月11日,二層,一層 二層
RPSOMLLJQHMFFAV17CA,14,159.59,住家用,鋼筋混凝土造,92年9月17日,三層,一層 二層 三層 見其他登記事項
RPUNMLKLPHMFFAV27CA,34,93.41,集合住宅,鋼筋混凝土造,72年2月22日,四層,三層 陽台
RPUNMLKLPHMFFAV27CA,34,6.83,國民住宅．走道,鋼筋混凝土造,72年2月22日,四層,
RPRNMLLLPHMFFAV07CA,,237.93,住宅、樓梯間,ＲＣ造,106年3月24日,三層,一層 二層 三層 屋頂突出物 見其他登記事項
RPWNMLPLPHMFFAV97CA,39,93.84,住家用,鐵筋水泥磚,67年2月27日,二層,一層 二層
RPPNMLOLPHMFFAV27DA,22,29.44,集合住宅,鋼筋混凝土造,84年2月21日,五層,一層 平台
RPPNMLOLPHMFFAV27DA,22,1.71,共有部分,鋼筋混凝土造,84年2月21日,五層,
RPPNMLOLPHMFFAV27DA,22,7.38,避難室（共同使用）,鋼筋混凝土造,84年2月21日,五層,
RPPNMLOLPHMFFAV27DA,22,7.61,樓梯間走道（共同使用）門廳,鋼筋混凝土造,84年2月21日,五層,
RPPNMLPJQHMFFCV37CA,,243.72,農舍,鋼筋混凝土造,,三層,一層 二層 三層
RPTNMLPLPHMFFAV67CA,42,242.62,住商用,鐵筋水泥加強磚,64年3月14日,三層,一層 二層 三層 騎樓
RPSNMLLMPHMFFAV27CA,23,145.11,住家用,鋼筋混凝土造,83年5月2日,二層,一層 二層 屋頂突出物
RPQOMLQLPHMFFAV57CA,22,79.23,集合住宅,鋼筋混凝土造,84年6月1日,五層,一層 平台
RPQOMLQLPHMFFAV57CA,22,10.89,樓梯．通廊．瞭望台．水箱．蓄水池（共同使用）,鋼筋混凝土造,84年6月1日,五層,
RPQOMLQLPHMFFAV57CA,22,9.33,停車空間．兼儲藏室（共同使用）,鋼筋混凝土造,84年6月1日,五層,
RPPNMLLKQHMFFBV96CA,29,75.38,住家用,加強磚造,77年8月23日,二層,一層 二層
RPPNMLRLPHMFFBV57CA,6,51.91,住家用,加強磚造,100年12月9日,一層,一層
RPPNMLRLPHMFFCV67CA,26,288.20,農舍,加強磚造,80年11月26日,三層,一層 二層 三層
RPTNMLRLPHMFFAV87CA,38,80.07,住家用,加強磚造,68年1月8日,二層,一層 二層
RPOOMLQLPHMFFAV37CA,22,100.22,集合住宅,鋼筋混凝土造,84年2月17日,八層,七層 陽台 花台
RPOOMLQLPHMFFAV37CA,22,12.74,車道、警衛室、托兒所、電梯、樓梯,鋼筋混凝土造,84年2月17日,八層,
RPOOMLQLPHMFFAV37CA,22,31.88,防空避難室暨停車空間、配電室,鋼筋混凝土造,84年2月17日,八層,
RPPOMLQLPHMFFAV47CA,38,144.00,住家用,鋼筋混凝土造,67年12月26日,三層,一層 二層 三層 騎樓
RPTNMLSLPHMFFAV97CA,31,112.74,住家用,加強磚造,75年6月19日,二層,一層 二層 陽台 騎樓
RPQNMLLMPHMFFAV07CA,,268.20,住家用,ＲＣ造,106年3月24日,四層,一層 二層 三層 四層 見其他登記事項
RPRNMLPJQHMFFAV37CA,36,138.93,住家用,加強磚造,70年8月18日,二層,一層 二層 屋頂突出物 騎樓
RPPNMLOJQHMFFAV17DA,1,275.58,住家用,ＲＣ造,105年4月19日,三層,一層 二層 三層 見其他登記事項
RPVOMLLJQHMFFAV47CA,12,219.10,自用農舍,有墻鋼鐵造,93年3月30日,一層,一層
RPXOMLLJQHMFFAV67CA,19,188.41,住家用,鋼筋混凝土造,87年1月15日,三層,一層 二層 三層 陽台 平台
RPOOMLLJQHMFFAV76CA,10,116.27,住家用,ＲＣ造,96年12月24日,三層,一層 二層 三層 見其他登記事項
RPQOMLLJQHMFFAV96CA,36,140.01,住家用,加強磚造,70年12月3日,二層,一層 二層 屋頂突出物 騎樓
RPWOMLMJQHMFFAV77DA,22,41.25,集合住宅,鋼筋混凝土造,84年3月27日,十層,九層
RPWOMLMJQHMFFAV77DA,22,10.27,電梯、樓梯門廊、樓梯、機械房、水箱,鋼筋混凝土造,84年3月27日,十層,
RPPOMLLJQHMFFAV86CA,10,116.27,住家用,ＲＣ造,96年12月24日,三層,一層 二層 三層 見其他登記事項
