﻿編號,土地位置,土地移轉面積(平方公尺),使用分區或編定,權利人持分分母,權利人持分分子,移轉情形,地號
The serial number, land position,land shifting area square meter,the use zoning or compiles and checks,,,,land parcel
RPSNMLPJNHMFFAW37DA,埔邊村段,107.43,都市：其他:自然村專用區道路用地第六種住宅區停車場用地,7,1,持分移轉,00490006
RPVNMLPJNHMFFAW57CA,東洲段,2868.32,都市：農,1,1,全筆移轉,01190000
RPQNMLNJNHMFFAW86CA,寧北一劃段,540.00,都市：其他:國家公園--特別景觀區,1,1,全筆移轉,00780000
RPQNMLNJNHMFFAW86CA,寧古劃段,500.00,都市：其他:國家公園--特別景觀區,1,1,全筆移轉,02220000
RPUNMLPJNHMFFAW57DA,蔡厝劃測段,960.02,都市：農,1,1,全筆移轉,02860000
RPQNMLSJNHMFFAW37CA,浯坑劃測段,681.44,都市：農,1,1,全筆移轉,04690000
RPPNMLSJNHMFFAW37DA,斗門劃測段,763.06,都市：農,1,1,全筆移轉,06540000
RPPNMLTJNHMFFAW37CA,小西門劃測段,665.02,都市：農,1,1,全筆移轉,02550000
RPSNMLSJNHMFFAW57CA,保生段,130.00,都市：住,1,1,全筆移轉,00250003
RPOOMLRKNHMFFAW27CA,榜林村段,52.15,都市：住,1000,89,持分移轉,00240000
RPSNMLLKNHMFFAW96CA,市港段,21.20,都市：住,10000,306,持分移轉,00530000
RPPOMLRKNHMFFAW37CA,榜林村段,15.24,都市：住,1000,26,持分移轉,00240000
RPSNMLMKNHMFFAW17DA,長寮段,60.75,都市：住,1000,332,持分移轉,00520000
RPTNMLMKNHMFFAW27DA,北五劃段,773.00,都市：農,1,1,全筆移轉,04340004
RPPNMLQKNHMFFAW27DA,金門城段,23.06,都市：住,1000,122,持分移轉,03610000
RPPNMLQKNHMFFAW27DA,金門城段,23.79,都市：住,1000,122,持分移轉,03020000
RPUNMLMKNHMFFAW37DA,寧湖二劃測段,47.03,都市：住,135830,14872,持分移轉,07640000
RPVNMLMKNHMFFAW47DA,莒光樓段,636.09,都市：其他:農業區保護區道路用地,1,1,全筆移轉,06500000
RPQNMLSKNHMFFAW57DA,延平段,3.56,都市：其他:自然村專用區,100000,5784,持分移轉,02230009
RPQNMLSKNHMFFAW57DA,延平段,50.61,都市：其他:自然村專用區,1000000,57840,持分移轉,02230000
RPPOMLMKNHMFFAW86CA,東洲段,58.90,都市：其他:自然村專用區,10000,793,持分移轉,04880000
RPPNMLSKNHMFFAW37CA,寧湖二劃測段,50.08,都市：住,12,2,持分移轉,07560000
RPPNMLSKNHMFFAW37CA,寧湖二劃測段,105.27,都市：住,1,1,全筆移轉,07560003
RPXOMLRKNHMFFAW18CA,金門城段,265.00,都市：住,1,1,全筆移轉,08880000
RPRNMLPLNHMFFAW37CA,保生段,326.04,都市：住,1,1,全筆移轉,00400000
RPPNMLPLNHMFFAW17CA,洋山段,481.00,都市：農,1,1,全筆移轉,10830000
RPQOMLMKNHMFFAW96CA,祥瑞段,115.00,都市：其他:道路用地,1,1,全筆移轉,09770000
RPPNMLPKNHMFFAW07CA,市港段,18.65,都市：住,10000,118,持分移轉,00080000
RPRNMLPKNHMFFAW27CA,寧安二劃段,48.84,都市：其他:自然村專用區,6,1,持分移轉,03940000
RPVNMLQKNHMFFAW77CA,市港段,18.33,都市：住,10000,116,持分移轉,00080000
RPWNMLQKNHMFFAW87CA,湖尚劃段,970.32,都市：農,1,1,全筆移轉,02600000
RPOOMLQKNHMFFAW17CA,中二劃段,75.94,都市：其他:自然村專用區,1,1,全筆移轉,03780004
RPOOMLQKNHMFFAW17CA,中二劃段,26.32,都市：其他:自然村專用區農業區,1000,67,持分移轉,03780006
RPSNMLRKNHMFFAW57CA,浯坑劃測段,600.00,都市：農,1,1,全筆移轉,05370001
RPOOMLMKNHMFFAW76CA,青山段,19.92,都市：其他:自然村專用區,10000,234,持分移轉,10450001
RPXNMLRKNHMFFAW08CA,湖東劃段,973.00,都市：農,1,1,全筆移轉,02150000
RPQNMLPLNHMFFAW27CA,沙港劃段,500.01,都市：農,1,1,全筆移轉,03260000
RPROMLRKNHMFFAW57CA,榜林村段,31.64,都市：住,1000,54,持分移轉,00240000
RPUOMLRKNHMFFAW87CA,湖東劃段,1000.00,都市：農,1,1,全筆移轉,03350000
RPVNMLRKNHMFFAW87CA,長寮段,45.60,都市：其他:自然村專用地,10000,1551,持分移轉,00680000
RPVOMLRJOHMFFAW97CA,城南段,70.00,都市：其他:自然村,1,1,全筆移轉,04090000
RPRNMLOJNHMFFAW07CA,庵前劃測段,22.45,都市：其他:自然村專用區,10000,519,持分移轉,03700000
RPPNMLOJNHMFFAW86CA,市港段,19.09,都市：商,10000,528,持分移轉,00910000
RPVNMLNJNHMFFAW37CA,市港段,25.15,都市：住,10000,363,持分移轉,00530000
RPQNMLRKNHMFFAW47DA,古崗段,214.53,都市：住,1,1,全筆移轉,07260000
RPPOMLSKNHMFFAW47CA,北五劃段,953.00,都市：其他:國家公園區,1,1,全筆移轉,05000000
RPQOMLRKNHMFFAW47CA,榜林村段,14.65,都市：住,1000,25,持分移轉,00240000
RPPNMLTJOHMFFAW57DA,羅劃測段,33.68,都市：其他:自然村專用區,10000,346,持分移轉,02240001
RPQNMLTJOHMFFAW67DA,羅劃測段,33.68,都市：其他:自然村專用區,10000,346,持分移轉,02240001
RPSNMLTJOHMFFAW87DA,寧安四劃段,547.00,都市：農,1,1,全筆移轉,03740000
RPTOMLTKNHMFFAW97CA,浯坑劃測段,900.80,都市：農,1,1,全筆移轉,09350000
RPPNMLNLNHMFFAW96CA,新頭段,451.75,都市：其他:自然村專用,1,1,全筆移轉,07440055
RPVNMLSKNHMFFAW97CA,市港段,19.89,都市：商,10000,550,持分移轉,00910000
RPOOMLSKNHMFFAW37CA,市港段,11.91,都市：住,10000,280,持分移轉,01090000
RPWNMLSKNHMFFAW18DA,上后垵段,32.33,都市：住,6,1,持分移轉,00870000
RPRNMLTKNHMFFAW77DA,金門城段,30.05,都市：住,1000,159,持分移轉,03610000
RPRNMLTKNHMFFAW77DA,金門城段,31.01,都市：住,1000,159,持分移轉,03020000
RPTNMLTKNHMFFAW97DA,金門城段,23.06,都市：住,1000,122,持分移轉,03610000
RPTNMLTKNHMFFAW97DA,金門城段,23.79,都市：住,1000,122,持分移轉,03020000
RPVNMLTKNHMFFAW18DA,金門城段,24.95,都市：住,1000,132,持分移轉,03610000
RPVNMLTKNHMFFAW18DA,金門城段,25.74,都市：住,1000,132,持分移轉,03020000
RPPNMLQLNHMFFAW27CA,東洲段,5.84,都市：住,24,1,持分移轉,04940000
RPPNMLQLNHMFFAW27CA,東洲村段,55.93,都市：住,12,1,持分移轉,00010000
RPWNMLTKNHMFFAW28DA,金門城段,14.93,都市：住,1000,79,持分移轉,03610000
RPWNMLTKNHMFFAW28DA,金門城段,15.41,都市：住,1000,79,持分移轉,03020000
RPXNMLTKNHMFFAW38DA,金門城段,24.95,都市：住,1000,132,持分移轉,03610000
RPXNMLTKNHMFFAW38DA,金門城段,25.74,都市：住,1000,132,持分移轉,03020000
RPPOMLTKNHMFFAW67DA,舊金城段,272.00,都市：農,1,1,全筆移轉,04190000
RPPOMLTKNHMFFAW67DA,舊金城段,827.00,都市：農,1,1,全筆移轉,04490000
RPROMLTKNHMFFAW87DA,金門城段,14.93,都市：住,1000,79,持分移轉,03610000
RPROMLTKNHMFFAW87DA,金門城段,15.41,都市：住,1000,79,持分移轉,03020000
RPSNMLNKOHMFFAW27CA,太湖劃測段,1000.02,都市：農,1,1,全筆移轉,17230000
RPTNMLOLNHMFFAW47CA,庵前劃測段,649.62,都市：農,1,1,全筆移轉,11700000
RPTNMLOLNHMFFAW47CA,庵前劃測段,25.40,都市：其他:道路用地,1,1,全筆移轉,11700001
RPUNMLOLNHMFFAW57CA,汶沙測段,47.00,都市：其他:自然村專用區,1,1,全筆移轉,10590000
RPWNMLOLNHMFFAW77CA,下埔下段,35.67,都市：其他:自然村專用區,3,1,持分移轉,00240000
RPUNMLLMNHMFFAW37CA,東店段,57.71,都市：住,100000,4837,持分移轉,03310000
RPWNMLLMNHMFFAW57CA,東店段,26.26,都市：住,100000,2201,持分移轉,03310000
RPSNMLLJOHMFFAW96CA,東店段,35.70,都市：住,100000,2992,持分移轉,03310000
RPROMLLMNHMFFAW17CA,東店段,35.16,都市：住,100000,2947,持分移轉,03310000
RPOOMLLMNHMFFAW86CA,東店段,35.70,都市：住,100000,2992,持分移轉,03310000
RPSNMLLMNHMFFAW17CA,東店段,57.71,都市：住,100000,4837,持分移轉,03310000
RPOOMLOLNHMFFAW07CA,延平段,41.68,都市：其他:自然村專用區,100000,4129,持分移轉,02460000
RPSOMLOLNHMFFAW47CA,延平段,46.20,都市：其他:自然村專用區,100000,4577,持分移轉,02460000
RPQOMLOLNHMFFAW27CA,延平段,46.58,都市：其他:自然村專用區,100000,4615,持分移轉,02460000
RPUNMLPLNHMFFAW67CA,延平段,46.58,都市：其他:自然村專用區,100000,4615,持分移轉,02460000
RPSOMLPLNHMFFAW57CA,延平段,50.89,都市：其他:自然村專用區,100000,5042,持分移轉,02460000
RPRNMLOLNHMFFAW27CA,汶沙測段,53.70,都市：其他:自然村專用區,100000,7564,持分移轉,15750000
RPPNMLLJOHMFFAW66CA,青岐段,431.44,都市：住,1,1,全筆移轉,02330000
RPPNMLLJOHMFFAW66CA,青岐段,281.93,都市：住,1,1,全筆移轉,02330001
RPPNMLLJOHMFFAW66CA,青岐段,141.90,都市：住,10,1,持分移轉,03180000
RPQNMLLJOHMFFAW76CA,新市段,2.46,都市：商,1,1,全筆移轉,08270000
RPQNMLLJOHMFFAW76CA,新市段,66.94,都市：商,1,1,全筆移轉,08280000
RPPNMLKMNHMFFAW86DA,寧北一劃段,440.00,都市：其他:1筆,1,1,全筆移轉,00430030
RPQNMLQLNHMFFAW47DA,北二三劃測段,184.55,都市：其他:自然村專用區,5,1,持分移轉,01660000
RPUOMLQLNHMFFAW87CA,延平段,46.20,都市：其他:自然村專用區,100000,4577,持分移轉,02460000
RPWNMLPLNHMFFAW87CA,延平段,41.68,都市：其他:自然村專用區,100000,4129,持分移轉,02460000
RPSNMLOLNHMFFAW37CA,汶沙測段,58.13,都市：其他:自然村專用區,100000,8188,持分移轉,15750000
RPQOMLPLNHMFFAW37CA,延平段,46.20,都市：其他:自然村專用區,100000,4577,持分移轉,02460000
RPOOMLPLNHMFFAW17CA,延平段,46.20,都市：其他:自然村專用區,100000,4577,持分移轉,02460000
RPSNMLPLNHMFFAW47CA,寧湖二劃測段,666.68,都市：農,1,1,全筆移轉,01460000
RPQNMLOLNHMFFAW17CA,汶沙測段,58.13,都市：其他:自然村專用區,100000,8188,持分移轉,15750000
RPSNMLQLNHMFFAW57CA,延平段,52.75,都市：其他:自然村專用區,100000,5226,持分移轉,02460000
RPUOMLPLNHMFFAW77CA,延平段,50.92,都市：其他:自然村專用區,100000,5045,持分移轉,02460000
RPUNMLQLNHMFFAW77CA,延平段,52.75,都市：其他:自然村專用區,100000,5226,持分移轉,02460000
RPWNMLQLNHMFFAW97CA,延平段,52.75,都市：其他:自然村專用區,100000,5226,持分移轉,02460000
RPOOMLQLNHMFFAW27CA,延平段,46.58,都市：其他:自然村專用區,100000,4615,持分移轉,02460000
RPSNMLPKOHMFFAW47CA,寧安二劃段,114.38,都市：住,1000,305,持分移轉,03760001
RPPNMLLMNHMFFAW86CA,東店段,486.96,都市：其他:保護區,1,1,全筆移轉,01760000
RPPOMLLMNHMFFAW96CA,莒光樓段,441.00,都市：農,1,1,全筆移轉,07370000
RPVNMLPJOHMFFAW67CA,市港段,18.65,都市：住,10000,118,持分移轉,00080000
RPRNMLPJOHMFFAW27CA,官澳測段,991.07,都市：農,1,1,全筆移轉,01970000
RPUNMLPJOHMFFAW57CA,市港段,28.13,都市：住,10000,178,持分移轉,00080000
RPPOMLMJOHMFFAW86CA,寧湖二劃測段,128.02,都市：農,1,1,全筆移轉,07140000
RPPOMLMJOHMFFAW86CA,寧湖二劃測段,801.38,都市：農,1,1,全筆移轉,07970000
RPOOMLMJOHMFFAW76CA,北五劃段,987.00,都市：農,1,1,全筆移轉,05710000
RPPOMLPJOHMFFAW17CA,賢厝段,1264.00,都市：農,1,1,全筆移轉,08750000
RPPOMLPJOHMFFAW17CA,賢厝段,574.00,都市：農,1,1,全筆移轉,08760000
RPPOMLPJOHMFFAW17CA,賢厝段,628.00,都市：農,1,1,全筆移轉,08770000
RPUNMLQJOHMFFAW67CA,沙港劃段,1000.02,都市：農,1,1,全筆移轉,05000000
RPSNMLQJOHMFFAW47CA,北一段,899.71,都市：農,1,1,全筆移轉,01410000
RPSNMLQJOHMFFAW47CA,北一段,100.44,都市：其他:公設保留地,1,1,全筆移轉,01410001
RPTNMLQJOHMFFAW57CA,北九劃段,1000.00,都市：農,1,1,全筆移轉,10320000
RPXNMLPJOHMFFAW87CA,后垵段,790.78,都市：農,5,4,持分移轉,00270000
RPOOMLPJOHMFFAW07CA,后垵段,806.71,都市：農,1,1,全筆移轉,00260000
RPOOMLPJOHMFFAW07CA,后垵段,1306.68,都市：農,1,1,全筆移轉,00290000
RPQNMLMJOHMFFAW86CA,長寮段,45.60,都市：其他:自然村專用區,10000,1551,持分移轉,00680000
RPVOMLLJOHMFFAW37CA,庵邊段,501.00,都市：其他:自然村,1,1,全筆移轉,06060000
SPPNMLMJOHMFFAW86CA,延平段,46.58,都市：其他:自然村專用區,100000,4615,持分移轉,02460000
RPPNMLMJOHMFFAW76CA,延平段,41.68,都市：其他:自然村專用區,100000,4129,持分移轉,02460000
SPUNMLMJOHMFFAW37CA,市港段,15.87,都市：住,10000,217,持分移轉,00980000
RPSOMLLJOHMFFAW07CA,大園段,473.31,都市：農,1,1,全筆移轉,03320000
RPUNMLMJOHMFFAW27CA,市港段,8.56,都市：住,10000,117,持分移轉,00980000
SPXNMLMJOHMFFAW67CA,市港段,15.87,都市：住,10000,217,持分移轉,00980000
RPWNMLLJOHMFFAW37CA,市港段,15.87,都市：住,10000,217,持分移轉,00980000
RPXNMLMJOHMFFAW57CA,市港段,8.56,都市：住,10000,117,持分移轉,00980000
RPROMLRJOHMFFAW57CA,寧湖二劃測段,49.09,都市：其他:自然村專用區,10000,1677,持分移轉,11910000
RPQNMLPJOHMFFAW17CA,金門城段,41.60,都市：其他:自然村專用區,10000,645,持分移轉,02340000
RPPNMLMKOHMFFAW86CA,寧劃段,489.61,都市：農,1,1,全筆移轉,11830000
RPPNMLMKOHMFFAW86CA,寧劃段,460.14,都市：農,1,1,全筆移轉,11950000
RPPNMLMKOHMFFAW86CA,寧劃段,29.91,都市：其他:道路用地,1,1,全筆移轉,11950001
RPPNMLMKOHMFFAW86CA,寧劃段,489.63,都市：農,1,1,全筆移轉,11960000
RPPNMLMKOHMFFAW86CA,寧劃段,459.79,都市：農,1,1,全筆移轉,12080000
RPPNMLMKOHMFFAW86CA,寧劃段,30.23,都市：其他:道路用地,1,1,全筆移轉,12080001
RPPNMLMKOHMFFAW86CA,寧劃段,489.63,都市：農,1,1,全筆移轉,12090000
RPRNMLMJOHMFFAW96CA,埔邊村段,43.33,都市：其他:自然村專用區,6,1,持分移轉,00400004
RPRNMLMJOHMFFAW96CA,埔邊村段,.02,都市：其他:自然村專用區,800,1,持分移轉,00400013
RPRNMLMJOHMFFAW96CA,埔邊村段,.02,都市：其他:自然村專用區,800,1,持分移轉,00400014
RPQNMLRJOHMFFAW37CA,古崗段,607.08,都市：其他:自然村專用區,1,1,全筆移轉,07250000
RPWNMLNKOHMFFAW67CA,市港段,13.75,都市：住,10000,87,持分移轉,00080000
RPVNMLNKOHMFFAW57CA,市港段,15.17,都市：住,10000,96,持分移轉,00080000
RPVNMLMJOHMFFAW47DA,寧湖二劃測段,52.04,都市：住,135830,16456,持分移轉,07640000
RPVNMLRJOHMFFAW87CA,寧湖二劃測段,49.09,都市：其他:自然村專用區,10000,1677,持分移轉,11910000
RPWNMLPJOHMFFAW77CA,市港段,17.23,都市：住,10000,405,持分移轉,01090000
RPSNMLNJOHMFFAW17CA,西方劃測段,784.01,都市：其他:第三種住宅區。,1,1,全筆移轉,00730000
RPSNMLRJOHMFFAW57CA,寧湖二劃測段,50.32,都市：其他:自然村專用區,10000,1719,持分移轉,11910000
RPRNMLNJOHMFFAW07CA,斗門劃測段,1600.05,都市：農,1,1,全筆移轉,04540000
RPRNMLRJOHMFFAW47CA,寧湖二劃測段,46.66,都市：其他:自然村專用區,10000,1594,持分移轉,11910000
RPXNMLQJOHMFFAW97CA,寧湖二劃測段,1000.01,都市：農,1,1,全筆移轉,04370000
RPTNMLNJOHMFFAW27CA,西方劃測段,550.01,都市：住,1,1,全筆移轉,00300000
RPTNMLRJOHMFFAW67CA,寧湖二劃測段,50.32,都市：其他:自然村專用區,10000,1719,持分移轉,11910000
RPSNMLTKOHMFFAW87CA,長寮段,108.16,都市：農,10000,842,持分移轉,00380000
RPPNMLKKOHMFFAW66CA,后垵段,225.54,都市：其他:住宅區公園用地道路用地,3,1,持分移轉,09110000
RPPNMLKKOHMFFAW66CA,東洲段,248.52,都市：其他:其他 住宅區道路用地,3,1,持分移轉,06060000
RPTNMLNKOHMFFAW37CA,榮湖段,915.17,都市：農,1,1,全筆移轉,06260000
RPSNMLOKOHMFFAW47DA,寧湖三劃段,704.20,都市：農,1,1,全筆移轉,05730002
RPUNMLPKOHMFFAW67CA,中五劃段,298.94,都市：農,4,1,持分移轉,01260000
RPUNMLPKOHMFFAW67CA,機場段,765.40,都市：農,2,1,持分移轉,00350000
RPUNMLPKOHMFFAW67CA,機場段,203.48,都市：農,2,1,持分移轉,00450000
RPUNMLPKOHMFFAW67CA,機場段,447.93,都市：農,2,1,持分移轉,00580000
RPUNMLPKOHMFFAW67CA,機場段,263.06,都市：農,2,1,持分移轉,00610000
RPUNMLPKOHMFFAW67CA,中山林段,402.04,都市：農,2,1,持分移轉,00240000
RPUNMLPKOHMFFAW67CA,瓊林段,66.00,都市：其他:生活發展用地,2,1,持分移轉,14050000
RPUNMLPKOHMFFAW67CA,瓊林段,97.00,都市：其他:外圍緩衝用地,2,1,持分移轉,14100000
RPTNMLKLOHMFFAW17CA,沙東劃段,129.19,都市：農,16,3,持分移轉,02300000
RPPNMLRJOHMFFAW37DA,寧湖二劃測段,47.03,都市：住,135830,14872,持分移轉,07640000
RPWNMLTJOHMFFAW18CA,紅山測段,363.61,都市：農,1,1,全筆移轉,06900000
RPTNMLTJOHMFFAW87CA,寧古劃段,575.00,都市：其他:國家公園區,1,1,全筆移轉,09170000
RPUNMLTJOHMFFAW97CA,湖前段,.23,都市：其他:自然村專用區,1000,1,持分移轉,03460000
RPUNMLTJOHMFFAW97CA,湖前段,67.63,都市：其他:自然村專用區,1,1,全筆移轉,03460007
RPXNMLTJOHMFFAW28CA,榜林村段,33.17,都市：其他:自然村專用區,6,1,持分移轉,02290000
RPRNMLTJOHMFFAW67CA,寧安二劃段,667.00,都市：農,1,1,全筆移轉,01830000
RPPNMLNKOHMFFAW96CA,北九劃段,1000.00,都市：農,1,1,全筆移轉,13480000
RPQNMLNKOHMFFAW07CA,陽宅段,2024.50,都市：其他:自然村專用區,1,1,全筆移轉,13280000
RPQNMLNKOHMFFAW07CA,陽宅段,42.50,都市：其他:道路用地,1,1,全筆移轉,13280001
RPOOMLTJOHMFFAW47CA,北九十劃段,1000.41,都市：農,1,1,全筆移轉,05520000
RPQNMLQKOHMFFAW37CA,祥安段,347.76,都市：其他:公共設施保留地,2,1,持分移轉,09250000
RPQNMLOKOHMFFAW17CA,新頭段,224.27,都市：農,1,1,全筆移轉,04770000
RPQNMLOKOHMFFAW17CA,新頭段,316.80,都市：農,1,1,全筆移轉,08470000
RPQNMLOKOHMFFAW17CA,新頭段,430.20,都市：農,1,1,全筆移轉,10540000
RPUNMLNKOHMFFAW57DA,汶沙測段,86.28,都市：住,1,1,全筆移轉,02010004
RPPNMLQKOHMFFAW27CA,北九十劃段,981.86,都市：農,1,1,全筆移轉,01450000
RPPNMLPKOHMFFAW17CA,安西劃段,865.64,都市：農,1,1,全筆移轉,06430000
RPRNMLMKOHMFFAW17DA,庵下測段,365.14,都市：農,1,1,全筆移轉,04740000
RPRNMLQKOHMFFAW47CA,祥安段,90.41,都市：其他:公共設施保留地,20,8,持分移轉,04090000
RPRNMLQKOHMFFAW47CA,祥瑞段,284.19,都市：其他:公共設施保留地,60000,6535,持分移轉,08470000
RPQNMLKMOHMFFAW96CA,寧湖二劃測段,3.29,都市：住,10000,374,持分移轉,07500002
RPQNMLKMOHMFFAW96CA,寧湖二劃測段,3.62,都市：住,10000,2008,持分移轉,07500006
RPQNMLKMOHMFFAW96CA,寧湖二劃測段,.49,都市：住,1,1,全筆移轉,07500007
RPQNMLKMOHMFFAW96CA,寧湖二劃測段,5.74,都市：住,10000,899,持分移轉,07510001
RPQNMLKMOHMFFAW96CA,寧湖二劃測段,74.91,都市：住,1,1,全筆移轉,07510002
RPQNMLKMOHMFFAW96CA,寧湖二劃測段,5.99,都市：住,10000,2008,持分移轉,07510004
RPQNMLKMOHMFFAW96CA,寧湖二劃測段,8.38,都市：住,10000,899,持分移轉,07510005
RPVNMLKLOHMFFAW37CA,沙東劃段,129.19,都市：農,16,3,持分移轉,02300000
RPQNMLLLOHMFFAW07DA,古崗段,607.08,都市：住,1,1,全筆移轉,07250000
RPWNMLTKOHMFFAW38DA,市港段,18.72,都市：住,10000,648,持分移轉,00190000
RPXNMLTKOHMFFAW48DA,市港段,18.72,都市：住,10000,648,持分移轉,00190000
RPOOMLTKOHMFFAW67DA,市港段,23.92,都市：住,10000,828,持分移轉,00190000
SPOOMLTKOHMFFAW77DA,市港段,24.99,都市：住,10000,865,持分移轉,00190000
RPPOMLTKOHMFFAW77DA,市港段,24.61,都市：住,10000,852,持分移轉,00190000
RPPNMLKLOHMFFAW76CA,山前段,234.06,都市：農,1,1,全筆移轉,05000000
RPPNMLKLOHMFFAW76CA,山前段,495.16,都市：其他:道路用地,1,1,全筆移轉,05000001
RPPNMLKLOHMFFAW76CA,山前段,14.88,都市：農,1,1,全筆移轉,05440000
RPPNMLKLOHMFFAW76CA,山前段,77.12,都市：其他:道路用地,1,1,全筆移轉,05440001
RPQNMLKLOHMFFAW86CA,北九十劃段,500.00,都市：農,1,1,全筆移轉,06090001
RPRNMLKLOHMFFAW96CA,青山段,1088.73,都市：農,1,1,全筆移轉,12880000
RPSNMLLLOHMFFAW17CA,嚨口村段,152.00,都市：住,1,1,全筆移轉,00060000
RPPNMLMLOHMFFAW96CA,大橋湖峰,1012.48,都市：商,1,1,全筆移轉,00270000
RPPNMLLLOHMFFAW86CA,官嶼劃段,1000.00,都市：農,1,1,全筆移轉,03190000
RPOOMLKLOHMFFAW86DA,斗門劃測段,800.03,都市：農,1,1,全筆移轉,03620000
RPPOMLKLOHMFFAW96DA,斗門劃測段,800.02,都市：農,1,1,全筆移轉,03610001
RPQOMLKLOHMFFAW07DA,斗門劃測段,800.00,都市：農,1,1,全筆移轉,03610000
RPRNMLTKOHMFFAW87DA,市港段,18.72,都市：住,10000,648,持分移轉,00190000
RPUNMLTKOHMFFAW18DA,市港段,18.72,都市：住,10000,648,持分移轉,00190000
RPTNMLTKOHMFFAW08DA,市港段,20.83,都市：住,10000,721,持分移轉,00190000
RPQNMLTKOHMFFAW77DA,市港段,20.83,都市：住,10000,721,持分移轉,00190000
RPVNMLTKOHMFFAW28DA,市港段,20.83,都市：住,10000,721,持分移轉,00190000
RPROMLOJPHMFFAW37CA,沙宅劃段,174.00,都市：農,4,1,持分移轉,00100000
RPROMLOJPHMFFAW37CA,沙宅劃段,374.00,都市：農,1,1,全筆移轉,00360000
RPROMLOJPHMFFAW37CA,洋山段,116.00,都市：其他:自然村,1,1,全筆移轉,07050000
RPROMLOJPHMFFAW37CA,洋山段,160.00,都市：其他:自然村,1,1,全筆移轉,08100000
RPROMLOJPHMFFAW37CA,洋山測段,239.69,都市：其他:保護區,1,1,全筆移轉,00910000
RPROMLOJPHMFFAW37CA,洋山測段,187.00,都市：農,1,1,全筆移轉,01550000
RPROMLOJPHMFFAW37CA,洋山測段,501.65,都市：農,1,1,全筆移轉,01640000
RPROMLOJPHMFFAW37CA,洋山測段,420.50,都市：其他:保護區,1,1,全筆移轉,03160000
RPROMLOJPHMFFAW37CA,洋山測段,155.50,都市：農,1,1,全筆移轉,05000000
RPROMLOJPHMFFAW37CA,洋山測段,328.42,都市：農,1,1,全筆移轉,05030000
RPROMLOJPHMFFAW37CA,洋山測段,128.12,都市：農,1,1,全筆移轉,05820000
RPROMLOJPHMFFAW37CA,洋山測段,291.93,都市：農,1,1,全筆移轉,06000000
RPROMLOJPHMFFAW37CA,洋山測段,863.43,都市：農,1,1,全筆移轉,06140000
RPROMLOJPHMFFAW37CA,洋山測段,374.14,都市：其他:道路用地保護區,1,1,全筆移轉,06180000
RPQNMLPJPHMFFAW27CA,官嶼劃段,1000.00,都市：農,1,1,全筆移轉,09710000
RPXNMLOJPHMFFAW87CA,中二劃段,88.07,都市：其他:自然村,1,1,全筆移轉,03780003
RPWNMLOJPHMFFAW77CA,中二劃段,100.30,都市：其他:自然村,1,1,全筆移轉,03780000
RPXNMLOJPHMFFAW87CA,中二劃段,14.14,都市：其他:自然村,1000,36,持分移轉,03780006
RPWNMLOJPHMFFAW77CA,中二劃段,1.96,都市：其他:自然村,1000,5,持分移轉,03780006
RPQNMLNLOHMFFAW17CA,青山段,565.28,都市：其他:自然村專用區。,1,1,全筆移轉,09810000
RPSNMLQLOHMFFAW67CA,東洲段,1016.70,都市：其他:住宅區 道路用地,1,1,全筆移轉,06170000
RPRNMLQLOHMFFAW57CA,寧湖一劃段,16.87,都市：其他:自然村專用區,100000,1886,持分移轉,05820000
RPTNMLRLOHMFFAW87CA,市港段,17.23,都市：住,10000,405,持分移轉,01090000
RPUNMLRLOHMFFAW97CA,市港段,26.08,都市：住,10000,165,持分移轉,00080000
RPPNMLTLOHMFFAW67CA,北二三劃測段,530.47,都市：農,1,1,全筆移轉,07660003
RPQNMLTLOHMFFAW77CA,古塔段,624.89,都市：其他:自然村專用區,1,1,全筆移轉,00690000
RPRNMLTLOHMFFAW87CA,寧湖二劃測段,47.25,都市：其他:自然村專用區,10000,1614,持分移轉,11910000
RPUNMLTLOHMFFAW28DA,安西劃段,109.71,都市：其他:自然村,1,1,全筆移轉,03630007
RPTNMLTLOHMFFAW18DA,東紅山段,71.93,都市：住,6,1,持分移轉,00400000
RPSNMLOJPHMFFAW37CA,湖前段,82.05,都市：其他:自然村,1,1,全筆移轉,03910006
RPROMLNJPHMFFAW27CA,寧安二劃段,250.00,都市：農,1,1,全筆移轉,04490001
RPTOMLNJPHMFFAW47CA,官澳測段,693.75,都市：農,10,7,持分移轉,01970000
RPTOMLNJPHMFFAW47CA,官澳測段,297.32,都市：農,10,3,持分移轉,01970000
RPQNMLOLPHMFFAW37CA,北九十劃段,495.82,都市：農,2,1,持分移轉,03830000
RPUNMLKLPHMFFAW37CA,水頭段,279.44,都市：農,1,1,全筆移轉,00960000
RPRNMLPLPHMFFAW57CA,沙溪一劃段,90.00,都市：農,1,1,全筆移轉,04210007
SPRNMLPLPHMFFAW67CA,沙溪一劃段,94.22,都市：農,1,1,全筆移轉,04210011
RPVNMLTLOHMFFAW28CA,古塔段,626.38,都市：其他:自然村專用區,1,1,全筆移轉,00720000
RPWNMLTLOHMFFAW38CA,北九劃段,1000.00,都市：農,1,1,全筆移轉,12990000
RPQNMLNJPHMFFAW07CA,市港段,8.56,都市：住,10000,117,持分移轉,00980000
RPSNMLNJPHMFFAW27CA,市港段,8.56,都市：住,10000,117,持分移轉,00980000
RPTNMLPJPHMFFAW57CA,斗門劃測段,452.33,都市：農,1,1,全筆移轉,10930000
RPVNMLQJPHMFFAW87CA,市港段,8.63,都市：住,10000,118,持分移轉,00980000
RPSOMLOJPHMFFAW47CA,市港段,7.68,都市：住,10000,105,持分移轉,00980000
RPUOMLNJPHMFFAW57CA,市港段,14.33,都市：住,10000,196,持分移轉,00980000
RPWOMLNJPHMFFAW77CA,市港段,8.56,都市：住,10000,117,持分移轉,00980000
RPQOMLOJPHMFFAW27CA,市港段,13.38,都市：住,10000,183,持分移轉,00980000
RPTNMLNJPHMFFAW37CA,沙宅劃段,328.88,都市：農,8,3,持分移轉,05970000
RPVNMLKLPHMFFAW47CA,寧劃段,488.95,都市：農,1,1,全筆移轉,04640000
RPWNMLNJPHMFFAW67CA,夏興段,48.79,都市：其他:自然村專用區,10000,1654,持分移轉,12460000
RPOOMLNJPHMFFAW96CA,市港段,8.12,都市：住,10000,111,持分移轉,00980000
RPRNMLOJPHMFFAW27CA,峰上段,134.00,都市：其他:自然村專用區,1,1,全筆移轉,07880000
RPPNMLRJPHMFFAW37CA,汶沙測段,4.30,都市：商,1,1,全筆移轉,03080000
RPPNMLRJPHMFFAW37CA,汶沙測段,78.82,都市：商,1,1,全筆移轉,15370000
RPQNMLRJPHMFFAW47CA,汶沙測段,5.17,都市：商,1,1,全筆移轉,03070000
RPQNMLRJPHMFFAW47CA,汶沙測段,78.87,都市：商,1,1,全筆移轉,15380000
RPQNMLKLPHMFFAW07DA,沙溪測段,160.49,都市：農,1,1,全筆移轉,03270000
RPQNMLKLPHMFFAW07DA,沙溪測段,205.49,都市：農,1,1,全筆移轉,03280000
RPQNMLKLPHMFFAW07DA,沙溪測段,288.44,都市：農,1,1,全筆移轉,07420000
RPQNMLKLPHMFFAW07DA,沙溪測段,121.98,都市：農,1,1,全筆移轉,03710000
RPQNMLKLPHMFFAW07DA,沙溪測段,270.34,都市：農,1,1,全筆移轉,05750000
SPPNMLOJPHMFFAW27DA,市港段,37.55,都市：住,10000,1300,持分移轉,00190000
RPRNMLLKPHMFFAW17DA,祥安段,14.79,都市：商,10000,323,持分移轉,08060000
RPPNMLOJPHMFFAW17DA,市港段,40.44,都市：住,10000,1400,持分移轉,00190000
RPUNMLRKPHMFFAW08DA,官嶼劃段,492.00,都市：農,2,1,持分移轉,03770000
RPUNMLRKPHMFFAW08DA,官嶼劃段,8.00,都市：農,2,1,持分移轉,03770001
RPPNMLOKPHMFFAW17CA,東店段,120.35,都市：住,100000,10088,持分移轉,03310000
RPQNMLRKPHMFFAW57CA,榜林村段,13.48,都市：住,1000,23,持分移轉,00240000
RPSOMLNKPHMFFAW47CA,寧湖一劃段,338.00,都市：農,1,1,全筆移轉,04070001
RPSOMLNKPHMFFAW47CA,寧湖一劃段,164.79,都市：農,1,1,全筆移轉,04090001
RPVNMLLKPHMFFAW47CA,中四劃段,967.00,都市：其他:自然村專用區及農業區,1,1,全筆移轉,02940000
RPUNMLRJPHMFFAW87CA,東店段,1340.06,都市：其他:風景區,1,1,全筆移轉,04220000
RPRNMLMKPHMFFAW17CA,祥豐段,27.60,都市：住,20,1,持分移轉,00380000
RPWNMLKKPHMFFAW47CA,市港段,17.19,都市：住,10000,404,持分移轉,01090000
RPVNMLRJPHMFFAW97CA,東店段,159.09,都市：其他:風景區,1,1,全筆移轉,04560000
RPUNMLKKPHMFFAW27CA,市港段,17.19,都市：住,10000,404,持分移轉,01090000
RPWNMLRJPHMFFAW08CA,東店段,642.56,都市：其他:風景區,1,1,全筆移轉,04600000
RPWNMLRJPHMFFAW08CA,東店段,500.41,都市：其他:風景區,1,1,全筆移轉,04610000
RPTNMLRJPHMFFAW77CA,東珩段,124.02,都市：其他:保護區,1,1,全筆移轉,07600000
RPTNMLRJPHMFFAW77CA,東珩段,340.11,都市：其他:保護區,1,1,全筆移轉,07880000
RPTNMLRJPHMFFAW77CA,東店段,65.01,都市：其他:風景區,1,1,全筆移轉,02630000
RPTNMLRJPHMFFAW77CA,東店段,552.70,都市：其他:風景區,1,1,全筆移轉,02790000
RPTNMLRJPHMFFAW77CA,東店段,752.97,都市：其他:風景區,1,1,全筆移轉,02870001
RPTNMLRJPHMFFAW77CA,東店段,231.39,都市：其他:保護區,1,1,全筆移轉,02980000
RPTNMLRJPHMFFAW77CA,東店段,362.68,都市：其他:風景區,1,1,全筆移轉,04450001
RPTNMLRJPHMFFAW77CA,東店段,383.89,都市：其他:風景區,1,1,全筆移轉,04650000
RPTNMLRJPHMFFAW77CA,東店段,533.30,都市：其他:風景區,1,1,全筆移轉,04750000
RPTNMLRJPHMFFAW77CA,東店段,472.18,都市：其他:風景區,1,1,全筆移轉,05910000
RPTNMLRJPHMFFAW77CA,東店段,191.77,都市：其他:風景區,1,1,全筆移轉,05920000
RPTNMLRJPHMFFAW77CA,東店段,261.51,都市：其他:風景區,1,1,全筆移轉,05940000
RPTNMLRJPHMFFAW77CA,東店段,422.58,都市：其他:風景區,1,1,全筆移轉,05970001
RPTNMLRJPHMFFAW77CA,東店段,843.22,都市：其他:風景區,1,1,全筆移轉,06040000
RPSNMLRJPHMFFAW67CA,金門城段,105.00,都市：住,6,2,持分移轉,07560000
RPTOMLLJQHMFFAW37CA,北一段,17.44,都市：農,10000,213,持分移轉,05230000
RPQNMLOKPHMFFAW27CA,北九十劃段,991.02,都市：農,1,1,全筆移轉,03650000
RPQNMLLKPHMFFAW07DA,中三劃測段,945.77,都市：農,1,1,全筆移轉,06160000
RPQNMLLKPHMFFAW07DA,中三劃測段,1011.26,都市：農,1,1,全筆移轉,06170000
RPPNMLLKPHMFFAW96DA,鳳翔段,20.45,都市：住,1000,181,持分移轉,00330000
RPSNMLOKPHMFFAW47CA,古坵段,821.33,都市：農,1,1,全筆移轉,08380000
RPTNMLRKPHMFFAW87CA,峰上段,479.03,都市：農,1,1,全筆移轉,01500000
RPUNMLOKPHMFFAW67CA,市港段,18.91,都市：商,10000,523,持分移轉,00910000
RPWNMLOKQHMFFAW97CA,祥和段,57.61,都市：住,1,1,全筆移轉,06410000
RPOOMLOKQHMFFAW27CA,祥和段,56.84,都市：住,1,1,全筆移轉,06410001
RPVNMLSJQHMFFAW18CA,陽宅段,263.00,都市：住,1,1,全筆移轉,10940000
RPVNMLOKPHMFFAW77CA,市港段,15.40,都市：商,10000,426,持分移轉,00910000
RPTOMLNKPHMFFAW57CA,市港段,8.85,都市：住,10000,121,持分移轉,00980000
RPXOMLNKPHMFFAW97CA,市港段,8.85,都市：住,10000,121,持分移轉,00980000
RPVOMLNKPHMFFAW77CA,市港段,8.12,都市：住,10000,111,持分移轉,00980000
RPWNMLNKPHMFFAW77CA,青山段,1228.30,都市：農,1,1,全筆移轉,06460000
RPOOMLNKPHMFFAW07CA,市港段,8.12,都市：住,10000,111,持分移轉,00980000
RPQOMLNKPHMFFAW27CA,市港段,8.85,都市：住,10000,121,持分移轉,00980000
RPPNMLSJQHMFFAW67DA,浯坑劃測段,539.99,都市：農,1,1,全筆移轉,00710000
RPTNMLOKPHMFFAW57CA,榜林村段,33.17,都市：其他:自然村專用區,6,1,持分移轉,02290000
RPXNMLKLPHMFFAW67CA,后湖段,513.98,都市：農,1,1,全筆移轉,00090000
RPQNMLRLPHMFFAW67CA,祥和段,5.25,都市：其他:道路用地,1,1,全筆移轉,10210000
RPPNMLLLPHMFFAW07DA,擎天段,85.71,都市：住,7,1,持分移轉,12510003
RPSNMLLLPHMFFAW37DA,中三劃測段,702.99,都市：農,1,1,全筆移轉,07240000
RPSNMLLLPHMFFAW37DA,中三劃測段,30.03,都市：其他:道路,1,1,全筆移轉,07240001
RPPNMLOLPHMFFAW37DA,汶沙測段,32.77,都市：住,59425,4761,持分移轉,02010005
RPROMLLJQHMFFAW17CA,寧安四劃段,13.49,都市：住,24,1,持分移轉,03200000
RPROMLLJQHMFFAW17CA,寧安四劃段,52.72,都市：住,3,1,持分移轉,03200007
RPUNMLLKQHMFFAW47CA,寧湖一劃段,750.00,都市：農,1,1,全筆移轉,01970000
RPOOMLLJQHMFFAW86CA,寧安四劃段,40.48,都市：住,8,1,持分移轉,03200000
RPOOMLLJQHMFFAW86CA,寧安四劃段,62.50,都市：住,1,1,全筆移轉,03200002
RPQNMLSKPHMFFAW67CA,塔后段,45.00,都市：住,3,1,持分移轉,11570001
RPQNMLSKPHMFFAW67CA,塔后段,45.00,都市：住,3,1,持分移轉,11570001
RPQNMLSKPHMFFAW67CA,塔后段,45.00,都市：住,3,1,持分移轉,11570001
RPRNMLTKPHMFFAW87CA,前水頭測段,246.17,都市：農,1,1,全筆移轉,02940000
RPRNMLTKPHMFFAW87CA,前水頭測段,34.87,都市：其他:道路用地,1,1,全筆移轉,02940003
RPQNMLTKPHMFFAW77CA,后垵段,197.69,都市：農,5,1,持分移轉,00270000
RPWNMLSKPHMFFAW28CA,寧湖一劃段,16.87,都市：住,100000,1886,持分移轉,05820000
RPSNMLKLPHMFFAW17CA,市港段,19.89,都市：商,10000,550,持分移轉,00910000
RPPNMLSKPHMFFAW57CA,市港段,11.27,都市：住,100000,639,持分移轉,00580000
RPSNMLTKPHMFFAW97CA,金門城段,40.10,都市：住,39057,6581,持分移轉,02970000
RPTNMLTKPHMFFAW08CA,長寮段,140.27,都市：其他:自然村專用地,10000,1092,持分移轉,00380000
RPVNMLSKPHMFFAW18CA,庵邊段,42.44,都市：其他:自然村專用區,10000,649,持分移轉,01710000
RPVOMLLJQHMFFAW57CA,寧安四劃段,13.49,都市：住,24,1,持分移轉,03200000
RPVOMLLJQHMFFAW57CA,寧安四劃段,52.72,都市：住,3,1,持分移轉,03200007
RPSNMLOLPHMFFAW57CA,西園段,391.00,都市：其他:自然村專用區,1,1,全筆移轉,12690000
RPPNMLNLPHMFFAW17CA,長寮段,142.20,都市：其他:自然村專用地,10000,1107,持分移轉,00380000
RPWNMLQKQHMFFAW18CA,庵邊段,124.49,都市：其他:自然村,1000,504,持分移轉,05340000
RPRNMLOLPHMFFAW47CA,寧湖三劃段,1000.00,都市：農,1,1,全筆移轉,05530000
RPQNMLQLPHMFFAW57CA,新市段,41.08,都市：商,1,1,全筆移轉,09120000
RPPNMLPLPHMFFAW47DA,莒光樓段,37.03,都市：住,150000,18219,持分移轉,09250000
RPPNMLPLPHMFFAW47DA,莒光樓段,77.20,都市：住,1,1,全筆移轉,09250006
RPSNMLLJQHMFFAW17CA,寧安四劃段,13.49,都市：住,24,1,持分移轉,03200000
RPSNMLLJQHMFFAW17CA,寧安四劃段,52.72,都市：住,3,1,持分移轉,03200007
RPQOMLLMPHMFFAW27CA,寧安四劃段,13.49,都市：住,24,1,持分移轉,03200000
RPQOMLLMPHMFFAW27CA,寧安四劃段,44.14,都市：住,3,1,持分移轉,03200008
RPSOMLLMPHMFFAW47CA,寧安四劃段,13.49,都市：住,24,1,持分移轉,03200000
RPSOMLLMPHMFFAW47CA,寧安四劃段,44.14,都市：住,3,1,持分移轉,03200008
RPUOMLLMPHMFFAW67CA,寧安四劃段,13.49,都市：住,24,1,持分移轉,03200000
RPUOMLLMPHMFFAW67CA,寧安四劃段,44.14,都市：住,3,1,持分移轉,03200008
RPWOMLLMPHMFFAW87CA,寧安四劃段,40.48,都市：住,8,1,持分移轉,03200000
RPWOMLLMPHMFFAW87CA,寧安四劃段,62.50,都市：住,1,1,全筆移轉,03200004
RPTNMLSLPHMFFAW08CA,市港段,19.89,都市：商,10000,550,持分移轉,00910000
RPUNMLRLPHMFFAW08CA,浯坑劃測段,827.00,都市：農,1,1,全筆移轉,06200000
RPSNMLRLPHMFFAW97DA,山外段,18.73,都市：住,10000,252,持分移轉,05410000
RPVNMLLKQHMFFAW57CA,寧湖一劃段,250.00,都市：農,1,1,全筆移轉,01970001
RPRNMLPLQHMFFAW77DA,湖前段,183.74,都市：住,2,1,持分移轉,06170000
RPSNMLPLQHMFFAW87DA,湖前段,183.74,都市：住,2,1,持分移轉,06170000
RPWOMLLJQHMFFAW67CA,長寮段,52.54,都市：住,10000,409,持分移轉,00380000
RPWNMLRLPHMFFAW28CA,小西門劃測段,58.38,都市：其他:自然村專用區,10000,3421,持分移轉,00730000
RPPNMLSLPHMFFAW67CA,青山段,30.88,都市：住,10000,605,持分移轉,09330000
RPPNMLSLPHMFFAW67CA,青山段,26.06,都市：住,10000,605,持分移轉,09340000
RPTNMLRLPHMFFAW97CA,中山林段,594.43,都市：農,1,1,全筆移轉,03770000
RPOPMLLJQHMFFAW96CA,寧安四劃段,40.48,都市：住,8,1,持分移轉,03200000
RPOPMLLJQHMFFAW96CA,寧安四劃段,62.50,都市：住,1,1,全筆移轉,03200003
RPQNMLMJQHMFFAW07CA,青山段,120.18,都市：住,2,1,持分移轉,11860004
RPWNMLLMPHMFFAW77CA,市港段,8.12,都市：住,10000,111,持分移轉,00980000
RPPNMLMJQHMFFAW96CA,機場段,1233.72,都市：其他:公共設施用地,1,1,全筆移轉,01010000
RPUNMLLMPHMFFAW57CA,市港段,15.87,都市：住,10000,217,持分移轉,00980000
RPQNMLLMPHMFFAW17CA,市港段,8.85,都市：住,10000,121,持分移轉,00980000
RPPOMLSLPHMFFAW77CA,市港段,20.99,都市：住,10000,303,持分移轉,00530000
RPVNMLSLPHMFFAW28CA,市港段,21.20,都市：住,10000,306,持分移轉,00530000
RPSNMLLMPHMFFAW37CA,市港段,8.56,都市：住,10000,117,持分移轉,00980000
RPXNMLSLPHMFFAW48CA,市港段,21.20,都市：住,10000,306,持分移轉,00530000
RPOOMLLMPHMFFAW07CA,市港段,.07,都市：住,10000,1,持分移轉,00980000
RPRNMLNJQHMFFAW27CA,太湖劃測段,606.97,都市：其他:國家公園區,1,1,全筆移轉,02400000
RPQOMLLJQHMFFAW07CA,中山林段,199.58,都市：其他:自然村專用區,2,1,持分移轉,03490000
RPQOMLLJQHMFFAW07CA,昔果山段,74.50,都市：其他:自然村專用區,2,1,持分移轉,00150000
RPQOMLLJQHMFFAW07CA,機場段,236.69,都市：其他:保護區,2,1,持分移轉,03000000
RPRNMLSLPHMFFAW87CA,東坑村段,593.00,都市：其他:自然村專用區、道路用地,1,1,全筆移轉,00340000
RPQOMLLJQHMFFAW07CA,中山林段,131.66,都市：農,2,1,持分移轉,03260000
RPQOMLLJQHMFFAW07CA,中山林段,195.06,都市：農,2,1,持分移轉,04370000
RPTNMLKKQHMFFAW27CA,市港段,19.12,都市：住,10000,121,持分移轉,00080000
RPWNMLLJQHMFFAW57CA,龍骨山測段,145.01,都市：其他:自然村專用區,1,1,全筆移轉,07790000
RPSNMLKKQHMFFAW17CA,市港段,18.65,都市：住,10000,118,持分移轉,00080000
RPTNMLLJQHMFFAW27CA,青山段,74.65,都市：其他:自然村專用區,10000,877,持分移轉,10450001
RPVNMLLJQHMFFAW47CA,龍骨山測段,161.39,都市：農,1,1,全筆移轉,08020000
RPVNMLLJQHMFFAW47CA,龍骨山測段,208.68,都市：其他:保護區,1,1,全筆移轉,09780000
RPVNMLLJQHMFFAW47CA,龍骨山測段,253.44,都市：農,1,1,全筆移轉,09830000
RPVNMLLJQHMFFAW47CA,龍骨山測段,676.82,都市：農,1,1,全筆移轉,10240000
RPVNMLLJQHMFFAW47CA,龍骨山測段,254.57,都市：其他:保護區,1,1,全筆移轉,10760000
RPVNMLLJQHMFFAW47CA,龍骨山測段,83.29,都市：其他:農業區，保護區,1,1,全筆移轉,10810000
RPVNMLLJQHMFFAW47CA,龍骨山測段,127.01,都市：其他:保護區,1,1,全筆移轉,10830000
RPVNMLLJQHMFFAW47CA,龍骨山測段,113.00,都市：其他:保護區,1,1,全筆移轉,10850000
RPVNMLLJQHMFFAW47CA,龍骨山測段,140.01,都市：其他:保護區,1,1,全筆移轉,10860000
RPVNMLLJQHMFFAW47CA,東面山測段,108.83,都市：其他:保護區,1,1,全筆移轉,00760000
RPVNMLLJQHMFFAW47CA,東面山測段,156.92,都市：其他:保護區,1,1,全筆移轉,01290000
RPVNMLLJQHMFFAW47CA,東面山測段,729.88,都市：其他:保護區,1,1,全筆移轉,01310000
RPVNMLLJQHMFFAW47CA,東面山測段,345.06,都市：其他:保護區,1,1,全筆移轉,01480000
RPVNMLLJQHMFFAW47CA,東面山測段,323.33,都市：其他:保護區,1,1,全筆移轉,03450000
RPVNMLLJQHMFFAW47CA,東面山測段,281.96,都市：其他:保護區,1,1,全筆移轉,04940000
RPVNMLLJQHMFFAW47CA,東面山測段,344.99,都市：其他:保護區,1,1,全筆移轉,04950000
