﻿鄉鎮市區,交易標的,土地位置建物門牌,土地移轉總面積平方公尺,都市土地使用分區,非都市土地使用分區,非都市土地使用編定,交易年月日,交易筆棟數,移轉層次,總樓層數,建物型態,主要用途,主要建材,建築完成年月,建物移轉總面積平方公尺,建物現況格局-房,建物現況格局-廳,建物現況格局-衛,建物現況格局-隔間,有無管理組織,總價元,單價元平方公尺,車位類別,車位移轉總面積(平方公尺),車位總價元,備註,編號,主建物面積,附屬建物面積,陽台面積,電梯,移轉編號
The villages and towns urban district,transaction sign,land sector position building sector house number plate,land shifting total area square meter,the use zoning or compiles and checks,the non-metropolis land use district,non-metropolis land use,transaction year month and day,transaction pen number,shifting level,total floor number,building state,main use,main building materials,construction to complete the years,building shifting total area,Building present situation pattern - room,building present situation pattern - hall,building present situation pattern - health,building present situation pattern - compartmented,Whether there is manages the organization,total price NTD,the unit price (NTD / square meter),the berth category,berth shifting total area square meter,the berth total price NTD,the note,serial number,,,,,
金湖鎮,房地(土地+建物),金門縣金湖鎮市港五路１３８號二樓之１,19.09,商,,,1060405,土地1建物1車位0,二層,十層,華廈(10層含以下有電梯),集合住宅,鋼筋混凝土造,1051206,135.66,3,2,2,有,無,9000000,66342,,0.0,0,,RPPNMLOJNHMFFAW86CA,91.42,2.47,3.76,,
金寧鄉,土地,寧古劃段222地號,1040.0,其他,,,1060410,土地2建物0車位0,,,其他,,,,0.0,0,0,0,有,無,3000000,2885,,0.0,0,,RPQNMLNJNHMFFAW86CA,0.0,0.0,0.0,,
金湖鎮,房地(土地+建物)+車位,金門縣金湖鎮市港三路２３３號五樓,25.15,住,,,1060219,土地1建物1車位2,五層,八層,華廈(10層含以下有電梯),集合住宅,鋼筋混凝土造,1050421,126.63999999999999,3,2,2,有,無,8000000,63171,坡道機械,19.88,0,,RPVNMLNJNHMFFAW37CA,71.91,2.63,8.06,,
金城鎮,房地(土地+建物),金門縣金城鎮庵前４３之５號,22.45,其他,,,1060414,土地1建物1車位0,一層,三層,套房(1房1廳1衛),集合住宅,鋼筋混凝土造,1050108,47.480000000000004,1,1,1,有,無,3400000,71609,,0.0,0,,RPRNMLOJNHMFFAW07CA,41.06,0.0,3.18,,
金寧鄉,土地,埔邊村段49-6地號,107.43,其他,,,1060330,土地1建物0車位0,,,其他,,,,0.0,0,0,0,有,無,800000,7447,,0.0,0,親友、員工或其他特殊關係間之交易。,RPSNMLPJNHMFFAW37DA,0.0,0.0,0.0,,
金沙鎮,土地,蔡厝劃測段286地號,960.02,農,,,1060421,土地1建物0車位0,,,其他,,,,0.0,0,0,0,有,無,3300000,3437,,0.0,0,,RPUNMLPJNHMFFAW57DA,0.0,0.0,0.0,,
金沙鎮,土地,斗門劃測段654地號,763.06,農,,,1060427,土地1建物0車位0,,,其他,,,,0.0,0,0,0,有,無,2670000,3499,,0.0,0,,RPPNMLSJNHMFFAW37DA,0.0,0.0,0.0,,
金寧鄉,土地,東洲段119地號,2868.32,農,,,1060301,土地1建物0車位0,,,其他,,,,0.0,0,0,0,有,無,39000000,13597,,0.0,0,,RPVNMLPJNHMFFAW57CA,0.0,0.0,0.0,,
金沙鎮,土地,浯坑劃測段469地號,681.44,農,,,1060408,土地1建物0車位0,,,其他,,,,0.0,0,0,0,有,無,2900000,4256,,0.0,0,,RPQNMLSJNHMFFAW37CA,0.0,0.0,0.0,,
金城鎮,土地,小西門劃測段255地號,665.02,農,,,1060420,土地1建物0車位0,,,其他,,,,0.0,0,0,0,有,無,3400000,5113,,0.0,0,,RPPNMLTJNHMFFAW37CA,0.0,0.0,0.0,,
金沙鎮,土地,洋山段1083地號,481.0,農,,,1060421,土地1建物0車位0,,,其他,,,,0.0,0,0,0,有,無,1200000,2495,,0.0,0,,RPPNMLPLNHMFFAW17CA,0.0,0.0,0.0,,
金湖鎮,土地,庵邊段606地號,501.0,其他,,,1060301,土地1建物0車位0,,,其他,,,,0.0,0,0,0,有,無,4000000,7984,,0.0,0,,RPVOMLLJOHMFFAW37CA,0.0,0.0,0.0,,
金沙鎮,房地(土地+建物),金門縣金沙鎮保生新村２３之１號,130.0,住,,,1060418,土地1建物1車位0,全,三層,透天厝,住家用,鋼筋混凝土造,1060307,249.32,6,3,4,有,無,10500000,42115,,0.0,0,,RPSNMLSJNHMFFAW57CA,231.45,0.0,17.87,,
金寧鄉,房地(土地+建物),金門縣金寧鄉榜林１１３之２號,52.15,住,,,1060417,土地1建物1車位0,一層,三層,公寓(5樓含以下無電梯),,,1051116,76.04,3,2,1,有,無,6200000,81536,,0.0,0,,RPOOMLRKNHMFFAW27CA,69.76,0.0,0.0,,
金寧鄉,房地(土地+建物),金門縣金寧鄉榜林１１３之８號三樓,15.24,住,,,1060424,土地1建物1車位0,三層,三層,公寓(5樓含以下無電梯),,,1051116,28.18,3,2,1,有,無,1800000,63875,,0.0,0,,RPPOMLRKNHMFFAW37CA,22.44,0.0,2.46,,
金湖鎮,房地(土地+建物),金門縣金湖鎮市港三路２３３號六樓,21.2,住,,,1060227,土地1建物1車位0,六層,八層,華廈(10層含以下有電梯),集合住宅,鋼筋混凝土造,1050421,106.75,3,2,2,有,無,7480000,70070,,0.0,0,,RPSNMLLKNHMFFAW96CA,71.91,2.63,8.06,,
金寧鄉,房地(土地+建物),金門縣金寧鄉安岐61之3號,60.75,住,,,1060428,土地1建物1車位0,一層,三層,公寓(5樓含以下無電梯),集合住宅,鋼筋混凝土造,1051125,115.55,3,2,2,有,無,6900000,59714,,0.0,0,,RPSNMLMKNHMFFAW17DA,99.31,0.0,0.0,,
金湖鎮,土地,北五劃段434-4地號,773.0,農,,,1060421,土地1建物0車位0,,,其他,,,,0.0,0,0,0,有,無,2850000,3687,,0.0,0,,RPTNMLMKNHMFFAW27DA,0.0,0.0,0.0,,
金城鎮,房地(土地+建物),金門縣金城鎮金門城23之2號3樓之1,46.85,住,,,1060426,土地2建物1車位0,三層,三層,公寓(5樓含以下無電梯),,,1060310,77.83,2,1,2,有,無,4500000,57818,,0.0,0,,RPPNMLQKNHMFFAW27DA,66.29,0.0,5.38,,
金湖鎮,房地(土地+建物),金門縣金湖鎮料羅新村572號2樓,33.68,其他,,,1060327,土地1建物1車位0,二層,三層,公寓(5樓含以下無電梯),集合住宅,鋼筋混凝土造,1040402,83.24000000000001,2,1,1,有,無,4100000,49255,,0.0,0,,RPPNMLTJOHMFFAW57DA,57.4,0.0,6.86,,
金湖鎮,房地(土地+建物),金門縣金湖鎮料羅新村575號2樓,33.68,其他,,,1060327,土地1建物1車位0,二層,三層,公寓(5樓含以下無電梯),集合住宅,鋼筋混凝土造,1040402,83.24000000000001,2,1,1,有,無,4200000,50457,,0.0,0,,RPQNMLTJOHMFFAW67DA,57.4,0.0,6.86,,
金寧鄉,房地(土地+建物),金門縣金寧鄉湖下231之1號三樓,47.03,住,,,1060505,土地1建物1車位0,三層,三層,公寓(5樓含以下無電梯),集合住宅,鋼筋混凝土造,1051228,81.16,3,2,2,有,無,4660000,57417,,0.0,0,,RPUNMLMKNHMFFAW37DA,67.88,0.0,6.5,,
金城鎮,土地,莒光樓段650地號,636.09,其他,,,1060501,土地1建物0車位0,,,其他,,,,0.0,0,0,0,有,無,3500000,5502,,0.0,0,,RPVNMLMKNHMFFAW47DA,0.0,0.0,0.0,,
金城鎮,房地(土地+建物),金門縣金城鎮西海路三段106巷7弄3號,54.17,其他,,,1060503,土地1建物1車位0,一層,三層,公寓(5樓含以下無電梯),集合住宅,鋼筋混凝土造,1041218,94.50999999999999,3,2,2,有,無,6900000,73008,,0.0,0,,RPQNMLSKNHMFFAW57DA,78.13,0.0,0.0,,
金寧鄉,房地(土地+建物),金門縣金寧鄉東州７６之３號二樓,58.9,其他,,,1060428,土地1建物1車位0,二層,三層,公寓(5樓含以下無電梯),集合住宅,鋼筋混凝土造,1040721,143.37,3,2,2,有,無,7500000,52312,,0.0,0,,RPPOMLMKNHMFFAW86CA,83.05,2.29,9.16,,
金寧鄉,房地(土地+建物),金門縣金寧鄉湖下２３０號,155.36,住,,,1060428,土地2建物1車位0,全,三層,透天厝,集合住宅,鋼筋混凝土造,0981109,193.55,4,2,3,有,無,13000000,67166,,0.0,0,,RPPNMLSKNHMFFAW37CA,170.03,5.17,18.35,,
金寧鄉,土地,大園段332地號,473.31,農,,,1060507,土地1建物0車位0,,,其他,,,,0.0,0,0,0,有,無,930000,1965,,0.0,0,,RPSOMLLJOHMFFAW07CA,0.0,0.0,0.0,,
金城鎮,土地,城南段409地號,70.0,其他,,,1060427,土地1建物0車位0,,,其他,,,,0.0,0,0,0,有,無,3000000,42857,,0.0,0,,RPVOMLRJOHMFFAW97CA,0.0,0.0,0.0,,
金城鎮,土地,金門城段888地號,265.0,住,,,1060417,土地1建物0車位0,,,其他,,,,0.0,0,0,0,有,無,7200000,27170,,0.0,0,,RPXOMLRKNHMFFAW18CA,0.0,0.0,0.0,,
金沙鎮,土地,保生段40地號,326.04,住,,,1060509,土地1建物0車位0,,,其他,,,,0.0,0,0,0,有,無,9780000,29996,,0.0,0,,RPRNMLPLNHMFFAW37CA,0.0,0.0,0.0,,
金湖鎮,車位,金門縣金湖鎮赤東路１9號2樓之停車位,0.0,,,,1060405,土地0建物0車位1,,,其他,,,,23.66,0,0,0,有,有,300000,,坡道平面,23.66,300000,,RPTOMLRKNHMFFAW77CA,0.0,0.0,0.0,,
金城鎮,土地,祥瑞段977地號,115.0,其他,,,1060427,土地1建物0車位0,,,其他,,,,0.0,0,0,0,有,無,4991000,43400,,0.0,0,,RPQOMLMKNHMFFAW96CA,0.0,0.0,0.0,,
金湖鎮,房地(土地+建物),金門縣金湖鎮赤東路１９之１號４樓,18.65,住,,,1060212,土地1建物1車位0,四層,十層,華廈(10層含以下有電梯),集合住宅,鋼筋混凝土造,1041201,97.53999999999999,2,2,1,有,有,5900000,60488,,0.0,0,,RPPNMLPKNHMFFAW07CA,65.04,5.21,4.96,,
金寧鄉,房地(土地+建物),金門縣金寧鄉湖南３１之２號二樓,48.84,其他,,,1060501,土地1建物1車位0,二層,三層,公寓(5樓含以下無電梯),集合住宅,鋼筋混凝土造,1030317,91.9,3,2,2,有,無,5550000,60392,,0.0,0,,RPRNMLPKNHMFFAW27CA,77.46,0.0,7.65,,
金湖鎮,房地(土地+建物),金門縣金湖鎮赤東路２１之１號４樓,18.33,住,,,1060320,土地1建物1車位0,四層,十層,華廈(10層含以下有電梯),集合住宅,鋼筋混凝土造,1041201,108.75,3,2,2,有,有,6090000,56000,,0.0,0,,RPVNMLQKNHMFFAW77CA,63.8,4.23,6.77,,
金湖鎮,土地,湖尚劃段260地號,970.32,農,,,1060428,土地1建物0車位0,,,其他,,,,0.0,0,0,0,有,無,3100000,3195,,0.0,0,,RPWNMLQKNHMFFAW87CA,0.0,0.0,0.0,,
金寧鄉,房地(土地+建物),金門縣金寧鄉盤果路２３號,102.26,其他,,,1060509,土地2建物1車位0,全,三層,透天厝,住家用,鋼筋混凝土造,1051123,172.43,4,2,3,有,無,13000000,75393,,0.0,0,,RPOOMLQKNHMFFAW17CA,143.31,0.0,29.12,,
金沙鎮,土地,浯坑劃測段537-1地號,600.0,農,,,1060418,土地1建物0車位0,,,其他,,,,0.0,0,0,0,有,無,2300000,3833,,0.0,0,,RPSNMLRKNHMFFAW57CA,0.0,0.0,0.0,,
金寧鄉,房地(土地+建物),金門縣金寧鄉下堡１９１號三樓,19.92,其他,,,1060411,土地1建物1車位0,三層,三層,套房(1房1廳1衛),集合住宅,鋼筋混凝土造,1031113,36.08,1,1,1,有,無,2100000,58204,,0.0,0,,RPOOMLMKNHMFFAW76CA,28.94,0.0,2.78,,
金寧鄉,土地,寧安四劃段374地號,547.0,農,,,1060511,土地1建物0車位0,,,其他,,,,0.0,0,0,0,有,無,1367500,2500,,0.0,0,,RPSNMLTJOHMFFAW87DA,0.0,0.0,0.0,,
金湖鎮,土地,湖東劃段215地號,973.0,農,,,1060420,土地1建物0車位0,,,其他,,,,0.0,0,0,0,有,無,3350000,3443,,0.0,0,,RPXNMLRKNHMFFAW08CA,0.0,0.0,0.0,,
金沙鎮,土地,沙港劃段326地號,500.01,農,,,1060509,土地1建物0車位0,,,其他,,,,0.0,0,0,0,有,無,1200000,2400,,0.0,0,親友、員工或其他特殊關係間之交易。,RPQNMLPLNHMFFAW27CA,0.0,0.0,0.0,,
金寧鄉,房地(土地+建物),金門縣金寧鄉榜林１１３之６號三樓,31.64,住,,,1060421,土地1建物1車位0,三層,三層,公寓(5樓含以下無電梯),,,1051116,64.94,3,2,1,有,無,4150000,63905,,0.0,0,,RPROMLRKNHMFFAW57CA,46.21,0.0,12.04,,
金湖鎮,土地,湖東劃段335地號,1000.0,農,,,1060410,土地1建物0車位0,,,其他,,,,0.0,0,0,0,有,無,3600000,3600,,0.0,0,,RPUOMLRKNHMFFAW87CA,0.0,0.0,0.0,,
金寧鄉,房地(土地+建物),金門縣金寧鄉安岐３５５號三樓,45.6,其他,,,1060409,土地1建物1車位0,三層,三層,公寓(5樓含以下無電梯),集合住宅,鋼筋混凝土造,1051017,87.99000000000001,3,1,2,有,無,4950000,56256,,0.0,0,,RPVNMLRKNHMFFAW87CA,67.49,1.88,7.39,,
金城鎮,土地,古崗段726地號,214.53,住,,,1060426,土地1建物0車位0,,,其他,,,,0.0,0,0,0,有,無,4500000,20976,,0.0,0,,RPQNMLRKNHMFFAW47DA,0.0,0.0,0.0,,
金寧鄉,房地(土地+建物),金門縣金寧鄉榜林１１３之７號,14.65,住,,,1060425,土地1建物1車位0,一層,三層,公寓(5樓含以下無電梯),,,1051116,24.240000000000002,3,2,1,有,無,1600000,66007,,0.0,0,,RPQOMLRKNHMFFAW47CA,21.12,0.0,0.0,,
金湖鎮,土地,北五劃段500地號,953.0,其他,,,1060420,土地1建物0車位0,,,其他,,,,0.0,0,0,0,有,無,3300000,3463,,0.0,0,,RPPOMLSKNHMFFAW47CA,0.0,0.0,0.0,,
金沙鎮,房地(土地+建物)+車位,金門縣金沙鎮東店１５號二樓,57.71,住,,,1060421,土地1建物1車位1,二層,三層,公寓(5樓含以下無電梯),集合住宅,鋼筋混凝土造,1060112,135.61,2,2,2,有,無,5600000,41295,坡道平面,19.95,0,,RPSNMLLMNHMFFAW17CA,72.2,0.0,7.2,,
金沙鎮,房地(土地+建物)+車位,金門縣金沙鎮東店１５號三樓,57.71,住,,,1060421,土地1建物1車位1,三層,三層,公寓(5樓含以下無電梯),集合住宅,鋼筋混凝土造,1060112,135.61,2,2,2,有,無,5600000,41295,坡道平面,19.95,0,,RPUNMLLMNHMFFAW37CA,72.2,0.0,7.2,,
金沙鎮,房地(土地+建物),金門縣金沙鎮東店１７號,26.26,住,,,1060418,土地1建物1車位0,一層,三層,公寓(5樓含以下無電梯),集合住宅,鋼筋混凝土造,1060112,78.22,1,2,1,有,無,2560000,32728,,0.0,0,,RPWNMLLMNHMFFAW57CA,40.31,0.0,1.26,,
金沙鎮,房地(土地+建物),金門縣金沙鎮東店１６號二樓,35.7,住,,,1060418,土地1建物1車位0,二層,三層,公寓(5樓含以下無電梯),集合住宅,鋼筋混凝土造,1060112,85.41,2,1,2,有,無,3260000,38169,,0.0,0,,RPOOMLLMNHMFFAW86CA,46.75,0.0,2.42,,
金沙鎮,房地(土地+建物),金門縣金沙鎮東店１６號,35.16,住,,,1060421,土地1建物1車位0,一層,三層,公寓(5樓含以下無電梯),集合住宅,鋼筋混凝土造,1060112,83.01,2,1,2,有,無,3600000,43368,,0.0,0,,RPROMLLMNHMFFAW17CA,46.77,0.0,0.0,,
金沙鎮,房地(土地+建物),金門縣金沙鎮東店１６號三樓,35.7,住,,,1060421,土地1建物1車位0,三層,三層,公寓(5樓含以下無電梯),集合住宅,鋼筋混凝土造,1060112,85.41,2,1,2,有,無,3200000,37466,,0.0,0,,RPSNMLLJOHMFFAW96CA,46.75,0.0,2.42,,
金寧鄉,房地(土地+建物),金門縣金寧鄉東州１２７號三樓,61.77,住,,,1060511,土地2建物1車位0,三層,三層,公寓(5樓含以下無電梯),,,1050728,109.98,3,2,1,有,無,6980000,63466,,0.0,0,,RPPNMLQLNHMFFAW27CA,90.57,0.0,9.24,,
金沙鎮,土地,浯坑劃測段935地號,900.8,農,,,1060508,土地1建物0車位0,,,其他,,,,0.0,0,0,0,有,無,4000000,4440,,0.0,0,,RPTOMLTKNHMFFAW97CA,0.0,0.0,0.0,,
金湖鎮,土地,新頭段744-55地號,451.75,其他,,,1060505,土地1建物0車位0,,,其他,,,,0.0,0,0,0,有,無,12000000,26563,,0.0,0,,RPPNMLNLNHMFFAW96CA,0.0,0.0,0.0,,
金湖鎮,房地(土地+建物),金門縣金湖鎮市港五路１３８號八樓之１,19.89,商,,,1060504,土地1建物1車位0,八層,十層,華廈(10層含以下有電梯),集合住宅,鋼筋混凝土造,1051206,141.26,3,2,2,有,無,9800000,69376,,0.0,0,,RPVNMLSKNHMFFAW97CA,91.42,6.5,3.76,,
金湖鎮,房地(土地+建物),金門縣金湖鎮市港三路１３５之１號,11.91,住,,,1060410,土地1建物1車位0,一層,七層,華廈(10層含以下有電梯),集合住宅,鋼筋混凝土造,1050617,58.82,2,1,1,有,無,4460000,75825,,0.0,0,,RPOOMLSKNHMFFAW37CA,41.29,0.0,0.0,,
金寧鄉,房地(土地+建物),金門縣金寧鄉上后垵11之3號,32.33,住,,,1060508,土地1建物1車位0,一層,三層,公寓(5樓含以下無電梯),,,1051223,57.29,2,1,2,有,無,4000000,69808,,0.0,0,,RPWNMLSKNHMFFAW18DA,51.43,0.0,0.0,,
金城鎮,房地(土地+建物),金門縣金城鎮金門城23之2號,61.06,住,,,1060426,土地2建物1車位0,一層,三層,公寓(5樓含以下無電梯),,,1060310,101.83,2,1,2,有,無,5350000,52539,,0.0,0,,RPRNMLTKNHMFFAW77DA,89.76,0.0,4.04,,
金城鎮,房地(土地+建物),金門縣金城鎮金門城23之2號2樓之1,46.85,住,,,1060426,土地2建物1車位0,二層,三層,公寓(5樓含以下無電梯),,,1060310,77.83,2,1,2,有,無,3900000,50109,,0.0,0,,RPTNMLTKNHMFFAW97DA,66.29,0.0,5.38,,
金城鎮,房地(土地+建物),金門縣金城鎮金門城23之2號2樓之2,50.69,住,,,1060426,土地2建物1車位0,二層,三層,公寓(5樓含以下無電梯),,,1060310,83.89,3,1,2,有,無,4100000,48874,,0.0,0,,RPVNMLTKNHMFFAW18DA,71.31,0.0,5.92,,
金城鎮,房地(土地+建物),金門縣金城鎮金門城23之2號3樓之3,30.34,住,,,1060426,土地2建物1車位0,三層,三層,公寓(5樓含以下無電梯),,,1060310,50.410000000000004,1,1,1,有,無,2600000,51577,,0.0,0,,RPWNMLTKNHMFFAW28DA,44.01,0.0,2.41,,
金城鎮,房地(土地+建物),金門縣金城鎮金門城23之2號3樓之2,50.69,住,,,1060426,土地2建物1車位0,三層,三層,公寓(5樓含以下無電梯),,,1060310,83.89,3,2,2,有,無,4800000,57218,,0.0,0,,RPXNMLTKNHMFFAW38DA,71.31,0.0,5.92,,
金城鎮,土地,舊金城段449地號,1099.0,農,,,1060515,土地2建物0車位0,,,其他,,,,0.0,0,0,0,有,無,2700000,2457,,0.0,0,協議價購之土地,RPPOMLTKNHMFFAW67DA,0.0,0.0,0.0,,
金城鎮,房地(土地+建物),金門縣金城鎮金門城23之2號2樓之3,30.34,住,,,1060426,土地2建物1車位0,二層,三層,公寓(5樓含以下無電梯),,,1060310,50.410000000000004,1,1,1,有,無,2400000,47610,,0.0,0,,RPROMLTKNHMFFAW87DA,44.01,0.0,2.41,,
金湖鎮,土地,太湖劃測段1723地號,1000.02,農,,,1060516,土地1建物0車位0,,,其他,,,,0.0,0,0,0,有,無,3500000,3500,,0.0,0,,RPSNMLNKOHMFFAW27CA,0.0,0.0,0.0,,
金沙鎮,土地,官澳測段197地號,991.07,農,,,1060516,土地1建物0車位0,,,其他,,,,0.0,0,0,0,有,無,2200000,2220,,0.0,0,,RPRNMLPJOHMFFAW27CA,0.0,0.0,0.0,,
金城鎮,土地,庵前劃測段1170-1地號,675.02,農,,,1060424,土地2建物0車位0,,,其他,,,,0.0,0,0,0,有,無,5900000,8740,,0.0,0,,RPTNMLOLNHMFFAW47CA,0.0,0.0,0.0,,
金沙鎮,土地,汶沙測段1059地號,47.0,其他,,,1060515,土地1建物0車位0,,,其他,,,,0.0,0,0,0,有,無,1800000,38298,,0.0,0,連地上未辦保存建物一棟,RPUNMLOLNHMFFAW57CA,0.0,0.0,0.0,,
金寧鄉,房地(土地+建物),金門縣金寧鄉下埔下１１號三樓,35.67,其他,,,1060509,土地1建物1車位0,三層,三層,公寓(5樓含以下無電梯),,,1050310,72.6,2,2,1,有,無,4350000,59917,,0.0,0,,RPWNMLOLNHMFFAW77CA,55.37,0.0,6.19,,
金城鎮,房地(土地+建物)+車位,金門縣金城鎮西海路三段１０６巷１７弄３號,41.68,其他,,,1060426,土地1建物1車位1,一層,三層,公寓(5樓含以下無電梯),集合住宅,鋼筋混凝土造,1060303,115.33000000000001,2,2,2,有,無,5200000,45088,坡道平面,14.0,0,,RPOOMLOLNHMFFAW07CA,66.04,0.0,0.69,,
金城鎮,房地(土地+建物)+車位,金門縣金城鎮西海路三段１０６巷１７弄３號三樓,46.58,其他,,,1060426,土地1建物1車位1,三層,三層,公寓(5樓含以下無電梯),集合住宅,鋼筋混凝土造,1060303,126.55,2,2,2,有,無,6000000,47412,坡道平面,14.0,0,,RPQOMLOLNHMFFAW27CA,66.04,0.0,7.84,,
金城鎮,房地(土地+建物)+車位,金門縣金城鎮西海路三段１０６巷１７弄５號二樓,46.2,其他,,,1060426,土地1建物1車位1,二層,三層,公寓(5樓含以下無電梯),集合住宅,鋼筋混凝土造,1060303,125.67999999999999,2,2,2,有,無,5000000,39784,坡道平面,14.0,0,,RPSOMLOLNHMFFAW47CA,66.04,0.0,7.28,,
金城鎮,房地(土地+建物),金門縣金城鎮西海路三段１０６巷１７弄６號,50.89,其他,,,1060426,土地1建物1車位0,一層,三層,公寓(5樓含以下無電梯),集合住宅,鋼筋混凝土造,1060303,123.49000000000001,3,2,2,有,無,6800000,55065,,0.0,0,,RPSOMLPLNHMFFAW57CA,81.25,0.0,0.0,,
金沙鎮,房地(土地+建物),金門縣金沙鎮后浦頭１２７號,53.7,其他,,,1060417,土地1建物1車位0,一層,三層,公寓(5樓含以下無電梯),集合住宅,鋼筋混凝土造,1041030,64.3,2,1,1,有,無,3100000,48212,,0.0,0,,RPRNMLOLNHMFFAW27CA,53.06,0.0,0.0,,
金城鎮,房地(土地+建物)+車位,金門縣金城鎮西海路三段１０６巷１７弄１０號三樓,46.58,其他,,,1060426,土地1建物1車位1,三層,三層,公寓(5樓含以下無電梯),集合住宅,鋼筋混凝土造,1060303,126.55,2,2,2,有,無,5300000,41881,坡道平面,14.0,0,,RPUNMLPLNHMFFAW67CA,66.04,0.0,7.84,,
烈嶼鄉,土地,青岐段318地號,855.27,住,,,1060320,土地3建物0車位0,,,其他,,,,0.0,0,0,0,有,無,3680000,4303,,0.0,0,本案為親友間之交易行為，買賣雙方約定以公告現值為交易總價移轉土地。,RPPNMLLJOHMFFAW66CA,0.0,0.0,0.0,,
金湖鎮,房地(土地+建物),金門縣金湖鎮中正路６８號,69.4,商,,,1060320,土地2建物1車位0,全,二層,透天厝,住商用,鋼筋混凝土造,0501115,135.96,3,1,2,有,無,3450000,25375,,0.0,0,本案為親友間之交易行為，買賣雙方約定以房地總現值為交易總價移轉。,RPQNMLLJOHMFFAW76CA,135.96,0.0,0.0,,
金城鎮,房地(土地+建物)+車位,金門縣金城鎮西海路三段１０６巷１７弄５號三樓,46.2,其他,,,1060426,土地1建物1車位1,三層,三層,公寓(5樓含以下無電梯),集合住宅,鋼筋混凝土造,1060303,124.50999999999999,2,2,2,有,無,4950000,39756,坡道平面,12.83,0,,RPUOMLQLNHMFFAW87CA,66.04,0.0,7.28,,
金寧鄉,土地,寧北一劃段43-30地號,440.0,其他,,,1060331,土地1建物0車位0,,,其他,,,,0.0,0,0,0,有,無,1540000,3500,,0.0,0,協議價購公共設施保留地之交易。,RPPNMLKMNHMFFAW86DA,0.0,0.0,0.0,,
金寧鄉,土地,北二三劃測段166地號,184.55,其他,,,1060412,土地1建物0車位0,,,其他,,,,0.0,0,0,0,有,無,4263058,23100,,0.0,0,親姐弟買賣,RPQNMLQLNHMFFAW47DA,0.0,0.0,0.0,,
金城鎮,房地(土地+建物)+車位,金門縣金城鎮西海路三段１０６巷１７弄９號,41.68,其他,,,1060426,土地1建物1車位1,一層,三層,公寓(5樓含以下無電梯),集合住宅,鋼筋混凝土造,1060303,115.33000000000001,2,2,2,有,無,4800000,41620,坡道平面,14.0,0,,RPWNMLPLNHMFFAW87CA,66.04,0.0,0.69,,
金城鎮,房地(土地+建物)+車位,金門縣金城鎮西海路三段１０６巷１７弄９號二樓,46.2,其他,,,1060426,土地1建物1車位1,二層,三層,公寓(5樓含以下無電梯),集合住宅,鋼筋混凝土造,1060303,125.67999999999999,2,2,2,有,無,4600000,36601,坡道平面,14.0,0,,RPOOMLPLNHMFFAW17CA,66.04,0.0,7.28,,
金城鎮,房地(土地+建物)+車位,金門縣金城鎮西海路三段１０６巷１７弄９號三樓,46.2,其他,,,1060426,土地1建物1車位1,三層,三層,公寓(5樓含以下無電梯),集合住宅,鋼筋混凝土造,1060303,124.50999999999999,2,2,2,有,無,4600000,36945,坡道平面,12.83,0,,RPQOMLPLNHMFFAW37CA,66.04,0.0,7.28,,
金沙鎮,房地(土地+建物),金門縣金沙鎮后浦頭１２７號二樓,58.13,其他,,,1060417,土地1建物1車位0,二層,三層,公寓(5樓含以下無電梯),集合住宅,鋼筋混凝土造,1041030,69.33,2,1,1,有,無,3000000,43271,,0.0,0,,RPSNMLOLNHMFFAW37CA,53.06,0.0,4.1,,
金城鎮,房地(土地+建物)+車位,金門縣金城鎮西海路三段１０６巷１７弄７號,50.92,其他,,,1060426,土地1建物1車位1,一層,三層,公寓(5樓含以下無電梯),集合住宅,鋼筋混凝土造,1060303,136.91,3,1,2,有,無,6200000,45285,坡道平面,14.0,0,,RPUOMLPLNHMFFAW77CA,80.65,0.0,0.0,,
金寧鄉,土地,寧湖二劃測段146地號,666.68,農,,,1060510,土地1建物0車位0,,,其他,,,,0.0,0,0,0,有,無,7700000,11550,,0.0,0,,RPSNMLPLNHMFFAW47CA,0.0,0.0,0.0,,
金城鎮,房地(土地+建物)+車位,金門縣金城鎮西海路三段１０６巷１７弄８號三樓,52.75,其他,,,1060426,土地1建物1車位1,三層,三層,公寓(5樓含以下無電梯),集合住宅,鋼筋混凝土造,1060303,141.66,3,2,2,有,無,6800000,48002,坡道平面,14.0,0,,RPSNMLQLNHMFFAW57CA,81.27,0.0,2.6,,
金沙鎮,房地(土地+建物),金門縣金沙鎮后浦頭１２７號三樓,58.13,其他,,,1060417,土地1建物1車位0,三層,三層,公寓(5樓含以下無電梯),集合住宅,鋼筋混凝土造,1041030,69.33,2,1,1,有,無,3100000,44714,,0.0,0,,RPQNMLOLNHMFFAW17CA,53.06,0.0,4.1,,
金寧鄉,房地(土地+建物),金門縣金寧鄉湖南３２之１０號,114.38,住,,,1060505,土地1建物1車位0,全,三層,透天厝,集合住宅,鋼筋混凝土造,1030702,173.43,5,2,5,有,無,6600000,38056,,0.0,0,親戚,RPSNMLPKOHMFFAW47CA,162.51,0.0,10.92,,
金寧鄉,土地,寧湖二劃測段797地號,929.4,農,,,1060330,土地2建物0車位0,,,其他,,,,0.0,0,0,0,有,無,5000000,5380,,0.0,0,,RPPOMLMJOHMFFAW86CA,0.0,0.0,0.0,,
金城鎮,房地(土地+建物)+車位,金門縣金城鎮西海路三段１０６巷１７弄７號三樓,52.75,其他,,,1060426,土地1建物1車位1,三層,三層,公寓(5樓含以下無電梯),集合住宅,鋼筋混凝土造,1060303,141.04,3,1,2,有,無,4950000,35096,坡道平面,14.0,0,,RPUNMLQLNHMFFAW77CA,80.65,0.0,2.6,,
金城鎮,房地(土地+建物)+車位,金門縣金城鎮西海路三段１０６巷１７弄７號二樓,52.75,其他,,,1060426,土地1建物1車位1,二層,三層,公寓(5樓含以下無電梯),集合住宅,鋼筋混凝土造,1060303,141.04,3,1,2,有,無,6000000,42541,坡道平面,14.0,0,,RPWNMLQLNHMFFAW97CA,80.65,0.0,2.6,,
金城鎮,房地(土地+建物)+車位,金門縣金城鎮西海路三段１０６巷１７弄３號二樓,46.58,其他,,,1060426,土地1建物1車位1,二層,三層,公寓(5樓含以下無電梯),集合住宅,鋼筋混凝土造,1060303,126.55,2,2,2,有,無,6000000,47412,坡道平面,14.0,0,,RPOOMLQLNHMFFAW27CA,66.04,0.0,7.84,,
金沙鎮,土地,沙港劃段500地號,1000.02,農,,,1060512,土地1建物0車位0,,,其他,,,,0.0,0,0,0,有,無,5000000,5000,,0.0,0,,RPUNMLQJOHMFFAW67CA,0.0,0.0,0.0,,
金湖鎮,房地(土地+建物)+車位,金門縣金湖鎮赤東路２１之１號１０樓,28.13,住,,,1060501,土地1建物1車位2,十層，見其他登記事項,十層,華廈(10層含以下有電梯),集合住宅,鋼筋混凝土造,1041201,178.53,3,2,2,有,無,11000000,72634,升降機械,38.1,800000,,RPUNMLPJOHMFFAW57CA,94.71,4.23,12.51,,
金湖鎮,房地(土地+建物),金門縣金湖鎮赤東路１９之１號８樓,18.65,住,,,1060220,土地1建物1車位0,八層,十層,華廈(10層含以下有電梯),集合住宅,鋼筋混凝土造,1041201,97.53999999999999,2,2,1,有,無,6490000,66537,,0.0,0,,RPVNMLPJOHMFFAW67CA,65.04,5.21,4.96,,
金城鎮,土地,賢厝段877地號,2466.0,農,,,1060515,土地3建物0車位0,,,其他,,,,0.0,0,0,0,有,無,5200000,2109,,0.0,0,,RPPOMLPJOHMFFAW17CA,0.0,0.0,0.0,,
金沙鎮,土地,東店段176地號,486.96,其他,,,1060505,土地1建物0車位0,,,其他,,,,0.0,0,0,0,有,無,1500000,3080,,0.0,0,,RPPNMLLMNHMFFAW86CA,0.0,0.0,0.0,,
金城鎮,土地,莒光樓段737地號,441.0,農,,,1060315,土地1建物0車位0,,,其他,,,,0.0,0,0,0,有,無,2600000,5896,,0.0,0,,RPPOMLLMNHMFFAW96CA,0.0,0.0,0.0,,
金湖鎮,房地(土地+建物),金門縣金湖鎮市港五路１５１號六樓之６,15.87,住,,,1060315,土地1建物1車位0,六層,九層,華廈(10層含以下有電梯),集合住宅,鋼筋混凝土造,1051123,102.1,2,2,1,有,無,7220000,70715,,0.0,0,,RPWNMLLJOHMFFAW37CA,58.87,6.06,4.7,,
金湖鎮,房地(土地+建物),金門縣金湖鎮市港五路１５１號三樓之５,8.56,住,,,1060315,土地1建物1車位0,三層,九層,套房(1房1廳1衛),集合住宅,鋼筋混凝土造,1051123,56.089999999999996,1,1,1,有,無,3780000,67392,,0.0,0,,RPUNMLMJOHMFFAW27CA,31.89,1.5,4.84,,
金湖鎮,房地(土地+建物),金門縣金湖鎮市港五路１５１號三樓之６,15.87,住,,,1060315,土地1建物1車位0,三層,九層,華廈(10層含以下有電梯),集合住宅,鋼筋混凝土造,1051123,102.1,3,0,3,有,無,7330000,71792,,0.0,0,,SPUNMLMJOHMFFAW37CA,58.87,6.06,4.7,,
金湖鎮,房地(土地+建物),金門縣金湖鎮市港五路１５１號四樓之５,8.56,住,,,1060315,土地1建物1車位0,四層,九層,套房(1房1廳1衛),集合住宅,鋼筋混凝土造,1051123,56.089999999999996,1,1,1,有,無,3690000,65787,,0.0,0,,RPXNMLMJOHMFFAW57CA,31.89,1.5,4.84,,
金湖鎮,房地(土地+建物),金門縣金湖鎮市港五路１５１號四樓之６,15.87,住,,,1060315,土地1建物1車位0,四層,九層,華廈(10層含以下有電梯),集合住宅,鋼筋混凝土造,1051123,102.1,3,0,3,有,無,7150000,70029,,0.0,0,,SPXNMLMJOHMFFAW67CA,58.87,6.06,4.7,,
金湖鎮,土地,北五劃段571地號,987.0,農,,,1060510,土地1建物0車位0,,,其他,,,,0.0,0,0,0,有,無,4200000,4255,,0.0,0,,RPOOMLMJOHMFFAW76CA,0.0,0.0,0.0,,
金城鎮,土地,北一段141-1地號,1000.15,農,,,1060518,土地2建物0車位0,,,其他,,,,0.0,0,0,0,有,無,19500000,19497,,0.0,0,,RPSNMLQJOHMFFAW47CA,0.0,0.0,0.0,,
金沙鎮,土地,北九劃段1032地號,1000.0,農,,,1060512,土地1建物0車位0,,,其他,,,,0.0,0,0,0,有,無,4300000,4300,,0.0,0,,RPTNMLQJOHMFFAW57CA,0.0,0.0,0.0,,
金寧鄉,土地,后垵段27地號,790.78,農,,,1060511,土地1建物0車位0,,,其他,,,,0.0,0,0,0,有,無,4000000,5058,,0.0,0,,RPXNMLPJOHMFFAW87CA,0.0,0.0,0.0,,
金寧鄉,土地,后垵段29地號,2113.39,農,,,1060511,土地2建物0車位0,,,其他,,,,0.0,0,0,0,有,無,6000000,2839,,0.0,0,,RPOOMLPJOHMFFAW07CA,0.0,0.0,0.0,,
金城鎮,房地(土地+建物)+車位,金門縣金城鎮西海路三段１０６巷１７弄１０號,41.68,其他,,,1060516,土地1建物1車位1,一層,三層,公寓(5樓含以下無電梯),集合住宅,鋼筋混凝土造,1060303,115.33000000000001,2,2,2,有,無,6400000,55493,坡道平面,14.0,0,,RPPNMLMJOHMFFAW76CA,66.04,0.0,0.69,,
金城鎮,房地(土地+建物)+車位,金門縣金城鎮西海路三段１０６巷１７弄１０號二樓,46.58,其他,,,1060516,土地1建物1車位1,二層,三層,公寓(5樓含以下無電梯),集合住宅,鋼筋混凝土造,1060303,126.55,2,2,2,有,無,6350000,50178,坡道平面,14.0,0,,SPPNMLMJOHMFFAW86CA,66.04,0.0,7.84,,
金寧鄉,房地(土地+建物),金門縣金寧鄉安岐３５５號二樓,45.6,其他,,,1060511,土地1建物1車位0,二層,三層,公寓(5樓含以下無電梯),集合住宅,鋼筋混凝土造,1051017,87.99000000000001,3,1,2,有,無,4900000,55688,,0.0,0,,RPQNMLMJOHMFFAW86CA,67.49,1.88,7.39,,
金寧鄉,房地(土地+建物),金門縣金寧鄉埔邊１２８號,43.37,其他,,,1060425,土地3建物1車位0,一層,三層,公寓(5樓含以下無電梯),,,1030207,80.24,3,1,2,有,無,5500000,68544,,0.0,0,,RPRNMLMJOHMFFAW96CA,66.86,0.0,7.22,,
金寧鄉,房地(土地+建物),金門縣金寧鄉湖下236之1號三樓,52.04,住,,,1060525,土地1建物1車位0,三層,三層,公寓(5樓含以下無電梯),集合住宅,鋼筋混凝土造,1051228,92.41,3,2,2,有,無,5300000,57353,,0.0,0,,RPVNMLMJOHMFFAW47DA,71.78,2.87,7.47,,
金城鎮,房地(土地+建物),金門縣金城鎮金門城１６９之６號三樓,41.6,其他,,,1060421,土地1建物1車位0,三層,三層,公寓(5樓含以下無電梯),,,1050205,71.23,2,2,1,有,無,4100000,57560,,0.0,0,,RPQNMLPJOHMFFAW17CA,51.35,0.0,11.46,,
金湖鎮,房地(土地+建物)+車位,金門縣金湖鎮赤東路１５號２樓,15.17,住,,,1060516,土地1建物1車位1,二層,十層,華廈(10層含以下有電梯),集合住宅,鋼筋混凝土造,1041201,100.82,1,1,1,有,有,4580000,52877,坡道平面,23.66,500000,親友、員工或其他特殊關係間之交易。,RPVNMLNKOHMFFAW57CA,49.98,2.68,6.6,,
金湖鎮,房地(土地+建物),金門縣金湖鎮赤東路１９號２樓,13.75,住,,,1060516,土地1建物1車位0,二層,十層,華廈(10層含以下有電梯),集合住宅,鋼筋混凝土造,1041201,69.38,1,1,1,有,有,3670000,52897,,0.0,0,親友、員工或其他特殊關係間之交易。,RPWNMLNKOHMFFAW67CA,47.98,2.68,2.65,,
金寧鄉,土地,寧劃段1209地號,2448.94,農,,,1060523,土地7建物0車位0,,,其他,,,,0.0,0,0,0,有,無,10000000,4083,,0.0,0,,RPPNMLMKOHMFFAW86CA,0.0,0.0,0.0,,
金寧鄉,房地(土地+建物),金門縣金寧鄉東坑５０號二樓,49.09,其他,,,1060510,土地1建物1車位0,二層,三層,公寓(5樓含以下無電梯),集合住宅,鋼筋混凝土造,1060317,92.5,3,2,2,有,無,5120000,55351,,0.0,0,,RPVNMLRJOHMFFAW87CA,77.55,0.0,7.09,,
金寧鄉,房地(土地+建物),金門縣金寧鄉東坑５０號三樓,49.09,其他,,,1060510,土地1建物1車位0,三層,三層,公寓(5樓含以下無電梯),集合住宅,鋼筋混凝土造,1060317,92.5,3,2,2,有,無,5000000,54054,,0.0,0,,RPROMLRJOHMFFAW57CA,77.55,0.0,7.09,,
金城鎮,土地,古崗段725地號,607.08,其他,,,1060524,土地1建物0車位0,,,其他,,,,0.0,0,0,0,有,無,13578306,22367,,0.0,0,,RPQNMLRJOHMFFAW37CA,0.0,0.0,0.0,,
金湖鎮,房地(土地+建物),金門縣金湖鎮市港三路１３７號五樓,17.23,住,,,1060412,土地1建物1車位0,五層,七層,華廈(10層含以下有電梯),集合住宅,鋼筋混凝土造,1050617,89.99000000000001,2,2,1,有,無,5800000,64452,,0.0,0,,RPWNMLPJOHMFFAW77CA,56.0,4.79,3.8,,
金沙鎮,土地,斗門劃測段454地號,1600.05,農,,,1060501,土地1建物0車位0,,,其他,,,,0.0,0,0,0,有,無,6800000,4250,,0.0,0,,RPRNMLNJOHMFFAW07CA,0.0,0.0,0.0,,
烈嶼鄉,土地,西方劃測段73地號,784.01,其他,,,1060519,土地1建物0車位0,,,其他,,,,0.0,0,0,0,有,無,9408000,12000,,0.0,0,,RPSNMLNJOHMFFAW17CA,0.0,0.0,0.0,,
烈嶼鄉,土地,西方劃測段30地號,550.01,住,,,1060426,土地1建物0車位0,,,其他,,,,0.0,0,0,0,有,無,9300000,16909,,0.0,0,,RPTNMLNJOHMFFAW27CA,0.0,0.0,0.0,,
金寧鄉,房地(土地+建物),金門縣金寧鄉東坑５１號,46.66,其他,,,1060510,土地1建物1車位0,一層,三層,公寓(5樓含以下無電梯),集合住宅,鋼筋混凝土造,1060317,88.02,3,2,2,有,無,5600000,63622,,0.0,0,,RPRNMLRJOHMFFAW47CA,76.27,0.0,4.28,,
金寧鄉,房地(土地+建物),金門縣金寧鄉東坑５１號三樓,50.32,其他,,,1060510,土地1建物1車位0,三層,三層,公寓(5樓含以下無電梯),集合住宅,鋼筋混凝土造,1060317,94.66,3,2,2,有,無,5200000,54933,,0.0,0,,RPSNMLRJOHMFFAW57CA,78.73,0.0,7.87,,
金寧鄉,房地(土地+建物),金門縣金寧鄉東坑５１號二樓,50.32,其他,,,1060510,土地1建物1車位0,二層,三層,公寓(5樓含以下無電梯),集合住宅,鋼筋混凝土造,1060317,94.66,3,2,2,有,無,5000000,52821,,0.0,0,,RPTNMLRJOHMFFAW67CA,78.73,0.0,7.87,,
金寧鄉,土地,寧湖二劃測段437地號,1000.01,農,,,1060524,土地1建物0車位0,,,其他,,,,0.0,0,0,0,有,無,10200000,10200,,0.0,0,,RPXNMLQJOHMFFAW97CA,0.0,0.0,0.0,,
金湖鎮,土地,瓊林段1410地號,2543.84,農,,,1060526,土地8建物0車位0,,,其他,,,,0.0,0,0,0,有,無,6382115,2509,,0.0,0,,RPUNMLPKOHMFFAW67CA,0.0,0.0,0.0,,
金寧鄉,房地(土地+建物)+車位,金門縣金寧鄉安岐１２９號,108.16,農,,,1060428,土地1建物1車位2,全,三層,透天厝,集合住宅,鋼筋混凝土造,1030829,298.27,5,2,3,有,有,12200000,40903,坡道平面,57.38,0,,RPSNMLTKOHMFFAW87CA,183.43,0.0,21.86,,
金沙鎮,房地(土地+建物),金門縣金沙鎮新前墩４１號,129.19,農,,,1060418,土地1建物1車位0,全,三層,透天厝,集合住宅,鋼筋混凝土造,1051024,238.44,5,2,6,有,無,15500000,65006,,0.0,0,,RPVNMLKLOHMFFAW37CA,232.21,0.0,6.23,,
金沙鎮,土地,榮湖段626地號,915.17,農,,,1060515,土地1建物0車位0,,,其他,,,,0.0,0,0,0,有,無,1900000,2076,,0.0,0,,RPTNMLNKOHMFFAW37CA,0.0,0.0,0.0,,
金寧鄉,土地,東洲段606地號,474.07,其他,,,1060515,土地2建物0車位0,,,其他,,,,0.0,0,0,0,有,無,7000000,14766,,0.0,0,,RPPNMLKKOHMFFAW66CA,0.0,0.0,0.0,,
金寧鄉,房地(土地+建物),金門縣金寧鄉湖下231之1號,47.03,住,,,1060531,土地1建物1車位0,一層,三層,公寓(5樓含以下無電梯),集合住宅,鋼筋混凝土造,1051228,81.16,3,2,2,有,無,5100000,62839,,0.0,0,,RPPNMLRJOHMFFAW37DA,67.88,0.0,6.5,,
金寧鄉,土地,寧湖三劃段573-2地號,704.2,農,,,1060603,土地1建物0車位0,,,其他,,,,0.0,0,0,0,有,無,11000000,15621,,0.0,0,,RPSNMLOKOHMFFAW47DA,0.0,0.0,0.0,,
金沙鎮,房地(土地+建物),金門縣金沙鎮新前墩３９號,129.19,農,,,1060501,土地1建物1車位0,全,三層,透天厝,集合住宅,鋼筋混凝土造,1051024,216.26,5,2,6,有,無,14500000,67049,,0.0,0,,RPTNMLKLOHMFFAW17CA,209.6,0.0,6.66,,
金寧鄉,土地,寧安二劃段183地號,667.0,農,,,1060524,土地1建物0車位0,,,其他,,,,0.0,0,0,0,有,無,2250000,3373,,0.0,0,,RPRNMLTJOHMFFAW67CA,0.0,0.0,0.0,,
金寧鄉,土地,寧古劃段917地號,575.0,其他,,,1060519,土地1建物0車位0,,,其他,,,,0.0,0,0,0,有,無,1000000,1739,,0.0,0,,RPTNMLTJOHMFFAW87CA,0.0,0.0,0.0,,
金湖鎮,房地(土地+建物),金門縣金湖鎮湖前２７５號,67.86,其他,,,1060518,土地2建物1車位0,全,三層,透天厝,住家用,鋼筋混凝土造,1031113,153.33,5,3,4,有,無,9700000,63262,,0.0,0,,RPUNMLTJOHMFFAW97CA,149.16,1.63,2.54,,
烈嶼鄉,土地,紅山測段690地號,363.61,農,,,1060602,土地1建物0車位0,,,其他,,,,0.0,0,0,0,有,無,2400000,6600,,0.0,0,,RPWNMLTJOHMFFAW18CA,0.0,0.0,0.0,,
金寧鄉,房地(土地+建物),金門縣金寧鄉榜林９６之２號,33.17,其他,,,1060517,土地1建物1車位0,一層,三層,公寓(5樓含以下無電梯),,,1060322,61.11,2,1,2,有,無,4100000,67092,,0.0,0,,RPXNMLTJOHMFFAW28CA,54.66,0.0,0.0,,
金沙鎮,土地,北九十劃段552地號,1000.41,農,,,1060525,土地1建物0車位0,,,其他,,,,0.0,0,0,0,有,無,4000000,3998,,0.0,0,,RPOOMLTJOHMFFAW47CA,0.0,0.0,0.0,,
金沙鎮,土地,北九劃段1348地號,1000.0,農,,,1060531,土地1建物0車位0,,,其他,,,,0.0,0,0,0,有,無,4300000,4300,,0.0,0,,RPPNMLNKOHMFFAW96CA,0.0,0.0,0.0,,
金沙鎮,土地,陽宅段1328-1地號,2067.0,其他,,,1060518,土地2建物0車位0,,,其他,,,,0.0,0,0,0,有,無,40480000,19584,,0.0,0,,RPQNMLNKOHMFFAW07CA,0.0,0.0,0.0,,
金湖鎮,土地,新頭段1054地號,971.27,農,,,1060530,土地3建物0車位0,,,其他,,,,0.0,0,0,0,有,無,1800000,1853,,0.0,0,,RPQNMLOKOHMFFAW17CA,0.0,0.0,0.0,,
金城鎮,土地,祥安段925地號,347.76,其他,,,1060605,土地1建物0車位0,,,其他,,,,0.0,0,0,0,有,無,6500000,18691,,0.0,0,,RPQNMLQKOHMFFAW37CA,0.0,0.0,0.0,,
烈嶼鄉,土地,庵下測段474地號,365.14,農,,,1060607,土地1建物0車位0,,,其他,,,,0.0,0,0,0,有,無,900000,2465,,0.0,0,,RPRNMLMKOHMFFAW17DA,0.0,0.0,0.0,,
金沙鎮,房地(土地+建物),金門縣金沙鎮沙美203號,86.28,住,,,1060607,土地1建物1車位0,全,三層,透天厝,集合住宅,鋼筋混凝土造,1051018,149.02,4,3,3,有,無,7500000,50329,,0.0,0,,RPUNMLNKOHMFFAW57DA,131.75,1.44,15.83,,
金寧鄉,土地,安西劃段643地號,865.64,農,,,1060531,土地1建物0車位0,,,其他,,,,0.0,0,0,0,有,無,3200000,3697,,0.0,0,,RPPNMLPKOHMFFAW17CA,0.0,0.0,0.0,,
金沙鎮,土地,北九十劃段145地號,981.86,農,,,1060518,土地1建物0車位0,,,其他,,,,0.0,0,0,0,有,無,3000000,3055,,0.0,0,,RPPNMLQKOHMFFAW27CA,0.0,0.0,0.0,,
金寧鄉,房地(土地+建物),金門縣金寧鄉湖下２２３之１號,102.42,住,,,1060511,土地7建物1車位0,全,三層,透天厝,集合住宅,鋼筋混凝土造,1020123,172.46,5,2,4,有,無,10500000,60884,,0.0,0,,RPQNMLKMOHMFFAW96CA,170.29,0.0,2.17,,
金城鎮,土地,祥瑞段847地號,374.6,其他,,,1060606,土地2建物0車位0,,,其他,,,,0.0,0,0,0,有,無,14452970,38582,,0.0,0,,RPRNMLQKOHMFFAW47CA,0.0,0.0,0.0,,
金城鎮,土地,古崗段725地號,607.08,住,,,1060607,土地1建物0車位0,,,其他,,,,0.0,0,0,0,有,無,13578306,22367,,0.0,0,,RPQNMLLLOHMFFAW07DA,0.0,0.0,0.0,,
金沙鎮,土地,洋山測段618地號,4314.38,農,,,1060531,土地14建物0車位0,,,其他,,,,0.0,0,0,0,有,無,4500000,1043,,0.0,0,,RPROMLOJPHMFFAW37CA,0.0,0.0,0.0,,
金湖鎮,建物,金門縣金湖鎮新湖里市港六路231號,40.44,住,,,1060603,土地0建物1車位0,一層,七層,店面(店鋪),店舖,鋼筋混凝土造,1060307,231.26999999999998,0,0,0,無,無,11000000,47563,,0.0,0,,RPPNMLOJPHMFFAW17DA,115.44,0.0,0.0,,
金湖鎮,建物,金門縣金湖鎮新湖里市港六路２３１號二樓,37.55,住,,,1060603,土地0建物1車位0,二層,七層,華廈(10層含以下有電梯),辦公室,鋼筋混凝土造,1060307,229.43,0,0,0,無,無,7265000,31665,,0.0,0,,SPPNMLOJPHMFFAW27DA,147.71,0.0,6.91,,
金湖鎮,房地(土地+建物),金門縣金湖鎮市港六路231號3樓之1,20.83,住,,,1060603,土地1建物1車位0,三層,七層,華廈(10層含以下有電梯),集合住宅,鋼筋混凝土造,1060307,138.03,3,2,2,有,無,8660000,62740,,0.0,0,,RPQNMLTKOHMFFAW77DA,84.99,0.0,8.01,,
金湖鎮,房地(土地+建物),金門縣金湖鎮市港六路231號3樓之2,18.72,住,,,1060603,土地1建物1車位0,三層,七層,華廈(10層含以下有電梯),集合住宅,鋼筋混凝土造,1060307,123.72999999999999,2,2,2,有,無,8000000,64657,,0.0,0,,RPRNMLTKOHMFFAW87DA,76.3,0.0,7.06,,
金湖鎮,房地(土地+建物),金門縣金湖鎮市港六路231號4樓之1,20.83,住,,,1060603,土地1建物1車位0,四層,七層,華廈(10層含以下有電梯),集合住宅,鋼筋混凝土造,1060307,138.03,3,2,2,有,無,8190000,59335,,0.0,0,,RPTNMLTKOHMFFAW08DA,84.99,0.0,8.01,,
金湖鎮,房地(土地+建物),金門縣金湖鎮市港六路231號4樓之2,18.72,住,,,1060603,土地1建物1車位0,四層,七層,華廈(10層含以下有電梯),集合住宅,鋼筋混凝土造,1060307,123.72999999999999,3,2,2,有,無,7340000,59323,,0.0,0,,RPUNMLTKOHMFFAW18DA,76.3,0.0,7.06,,
金湖鎮,房地(土地+建物),金門縣金湖鎮市港六路231號5樓之1,20.83,住,,,1060603,土地1建物1車位0,五層,七層,華廈(10層含以下有電梯),集合住宅,鋼筋混凝土造,1060307,138.03,3,2,2,有,無,8800000,63754,,0.0,0,,RPVNMLTKOHMFFAW28DA,84.99,0.0,8.01,,
金湖鎮,房地(土地+建物),金門縣金湖鎮市港六路231號5樓之2,18.72,住,,,1060603,土地1建物1車位0,五層,七層,華廈(10層含以下有電梯),集合住宅,鋼筋混凝土造,1060307,123.72999999999999,3,2,2,有,無,8000000,64657,,0.0,0,,RPWNMLTKOHMFFAW38DA,76.3,0.0,7.06,,
金湖鎮,房地(土地+建物),金門縣金湖鎮市港六路231號6樓之2,18.72,住,,,1060603,土地1建物1車位0,六層,七層,華廈(10層含以下有電梯),集合住宅,鋼筋混凝土造,1060307,123.72999999999999,2,2,2,有,無,7850000,63445,,0.0,0,,RPXNMLTKOHMFFAW48DA,76.3,0.0,7.06,,
金湖鎮,房地(土地+建物),金門縣金湖鎮市港六路231號7樓之1,23.92,住,,,1060603,土地1建物1車位0,七層，見其他登記事項,七層,華廈(10層含以下有電梯),辦公室,鋼筋混凝土造,1060307,156.66,0,2,2,有,無,9300000,59364,,0.0,0,,RPOOMLTKOHMFFAW67DA,97.61,0.0,8.01,,
金湖鎮,房地(土地+建物),金門縣金湖鎮市港六路231號7樓之2,24.99,住,,,1060603,土地1建物1車位0,七層，見其他登記事項,七層,華廈(10層含以下有電梯),辦公室,鋼筋混凝土造,1060307,161.54,0,1,1,有,無,9080000,56209,,0.0,0,,SPOOMLTKOHMFFAW77DA,101.89,0.0,6.96,,
金湖鎮,房地(土地+建物),金門縣金湖鎮市港六路231號6樓之1,24.61,住,,,1060603,土地1建物1車位0,六層,七層,華廈(10層含以下有電梯),集合住宅,鋼筋混凝土造,1060307,217.92000000000002,3,2,2,有,無,11750000,53919,,0.0,0,,RPPOMLTKOHMFFAW77DA,84.99,0.0,8.01,,
金城鎮,房地(土地+建物),金門縣金城鎮中興路205巷8號3樓,14.79,商,,,1060603,土地1建物1車位0,三層,七層,華廈(10層含以下有電梯),集合住宅,鋼筋混凝土造,0991018,102.5,3,2,2,有,無,1100000,10732,,0.0,0,親友間之交易。,RPRNMLLKPHMFFAW17DA,72.86,0.0,3.96,,
金城鎮,土地,山前段544-1地號,821.22,其他,,,1060522,土地4建物0車位0,,,其他,,,,0.0,0,0,0,有,無,3200000,3897,,0.0,0,,RPPNMLKLOHMFFAW76CA,0.0,0.0,0.0,,
金沙鎮,土地,北九十劃段609-1地號,500.0,農,,,1060420,土地1建物0車位0,,,其他,,,,0.0,0,0,0,有,無,1520000,3040,,0.0,0,,RPQNMLKLOHMFFAW86CA,0.0,0.0,0.0,,
金寧鄉,土地,青山段1288地號,1088.73,農,,,1060516,土地1建物0車位0,,,其他,,,,0.0,0,0,0,有,無,7500000,6889,,0.0,0,,RPRNMLKLOHMFFAW96CA,0.0,0.0,0.0,,
金寧鄉,土地,嚨口村段6地號,152.0,住,,,1060421,土地1建物0車位0,,,其他,,,,0.0,0,0,0,有,無,2500000,16447,,0.0,0,,RPSNMLLLOHMFFAW17CA,0.0,0.0,0.0,,
金寧鄉,土地,大橋湖峰段27地號,1012.48,商,,,1060424,土地1建物0車位0,,,其他,,,,0.0,0,0,0,有,無,106260000,104950,,0.0,0,,RPPNMLMLOHMFFAW96CA,0.0,0.0,0.0,,
金沙鎮,土地,官嶼劃段319地號,1000.0,農,,,1060508,土地1建物0車位0,,,其他,,,,0.0,0,0,0,有,無,4000000,4000,,0.0,0,,RPPNMLLLOHMFFAW86CA,0.0,0.0,0.0,,
金沙鎮,土地,斗門劃測段362地號,800.03,農,,,1060609,土地1建物0車位0,,,其他,,,,0.0,0,0,0,有,無,2800000,3500,,0.0,0,,RPOOMLKLOHMFFAW86DA,0.0,0.0,0.0,,
金沙鎮,土地,斗門劃測段361-1地號,800.02,農,,,1060609,土地1建物0車位0,,,其他,,,,0.0,0,0,0,有,無,2800000,3500,,0.0,0,,RPPOMLKLOHMFFAW96DA,0.0,0.0,0.0,,
金沙鎮,土地,斗門劃測段361地號,800.0,農,,,1060609,土地1建物0車位0,,,其他,,,,0.0,0,0,0,有,無,2800000,3500,,0.0,0,,RPQOMLKLOHMFFAW07DA,0.0,0.0,0.0,,
金沙鎮,土地,官嶼劃段971地號,1000.0,農,,,1060522,土地1建物0車位0,,,其他,,,,0.0,0,0,0,有,無,3350000,3350,,0.0,0,,RPQNMLPJPHMFFAW27CA,0.0,0.0,0.0,,
金城鎮,土地,水頭段96地號,279.44,農,,,1060612,土地1建物0車位0,,,其他,,,,0.0,0,0,0,有,無,2000000,7157,,0.0,0,,RPUNMLKLPHMFFAW37CA,0.0,0.0,0.0,,
金沙鎮,房地(土地+建物),金門縣金沙鎮陽宅新興社區１２０之４號,90.0,農,,,1060524,土地1建物1車位0,全,三層,透天厝,住商用,鋼筋混凝土加強磚造,0860718,154.59,0,0,0,無,無,4570000,29562,,0.0,0,,RPRNMLPLPHMFFAW57CA,154.59,0.0,0.0,,
金沙鎮,房地(土地+建物),金門縣金沙鎮陽宅新興社區１２０號,94.22,農,,,1060524,土地1建物1車位0,全,三層,透天厝,住商用,鋼筋混凝土加強磚造,0860718,159.72,0,0,0,無,無,4570000,28613,,0.0,0,,SPRNMLPLPHMFFAW67CA,159.72,0.0,0.0,,
金寧鄉,房地(土地+建物),金門縣金寧鄉盤果路１９號,102.26,其他,,,1060612,土地2建物1車位0,全,三層,透天厝,住家用,鋼筋混凝土造,1051123,172.43,4,2,4,有,無,13000000,75393,,0.0,0,,RPWNMLOJPHMFFAW77CA,143.31,0.0,29.12,,
金寧鄉,房地(土地+建物),金門縣金寧鄉盤果路21號,102.21,其他,,,1060612,土地2建物1車位0,全,三層,透天厝,住家用,鋼筋混凝土造,1051123,172.43,4,2,4,有,無,13000000,75393,,0.0,0,,RPXNMLOJPHMFFAW87CA,143.31,0.0,29.12,,
烈嶼鄉,土地,沙溪測段575地號,1046.74,農,,,1060616,土地5建物0車位0,,,其他,,,,0.0,0,0,0,有,無,1500000,1433,,0.0,0,,RPQNMLKLPHMFFAW07DA,0.0,0.0,0.0,,
金寧鄉,土地,青山段981地號,565.28,其他,,,1060601,土地1建物0車位0,,,其他,,,,0.0,0,0,0,有,無,35000000,61916,,0.0,0,,RPQNMLNLOHMFFAW17CA,0.0,0.0,0.0,,
金寧鄉,土地,東洲段617地號,1016.7,其他,,,1060515,土地1建物0車位0,,,其他,,,,0.0,0,0,0,有,無,14500000,14262,,0.0,0,,RPSNMLQLOHMFFAW67CA,0.0,0.0,0.0,,
金寧鄉,房地(土地+建物),金門縣金寧鄉西浦頭79之7號,109.71,其他,,,1060531,土地1建物1車位0,全,三層,透天厝,集合住宅,鋼筋混凝土造,1040430,186.21,5,2,5,有,無,7600000,40814,,0.0,0,,RPUNMLTLOHMFFAW28DA,178.44,0.0,7.77,,
金寧鄉,土地,寧湖一劃段409-1地號,502.79,農,,,1060519,土地2建物0車位0,,,其他,,,,0.0,0,0,0,有,無,7750000,15414,,0.0,0,,RPSOMLNKPHMFFAW47CA,0.0,0.0,0.0,,
金寧鄉,房地(土地+建物),金門縣金寧鄉頂埔下２９號二樓,16.87,其他,,,1060603,土地1建物1車位0,二層,三層,套房(1房1廳1衛),集合住宅,鋼筋混凝土造,1050126,35.38,1,1,1,有,無,2180000,61617,,0.0,0,,RPRNMLQLOHMFFAW57CA,23.06,0.0,3.47,,
金湖鎮,房地(土地+建物),金門縣金湖鎮市港三路１３７號六樓,17.23,住,,,1060603,土地1建物1車位0,六層,七層,華廈(10層含以下有電梯),集合住宅,鋼筋混凝土造,1050617,89.99000000000001,2,2,1,有,無,6200000,68897,,0.0,0,,RPTNMLRLOHMFFAW87CA,56.0,4.79,3.8,,
金湖鎮,房地(土地+建物)+車位,金門縣金湖鎮赤東路２１號１０樓,26.08,住,,,1060215,土地1建物1車位2,十層，見其他登記事項,十層,華廈(10層含以下有電梯),集合住宅,鋼筋混凝土造,1041201,177.19,3,2,2,有,有,10700000,72459,升降機械,37.8,600000,,RPUNMLRLOHMFFAW97CA,87.41,4.23,13.07,,
金寧鄉,土地,北二三劃測段766-3地號,530.47,農,,,1060613,土地1建物0車位0,,,其他,,,,0.0,0,0,0,有,無,600000,1131,,0.0,0,,RPPNMLTLOHMFFAW67CA,0.0,0.0,0.0,,
金城鎮,土地,古塔段69地號,624.89,其他,,,1060621,土地1建物0車位0,,,其他,,,,0.0,0,0,0,有,無,17996832,28800,,0.0,0,,RPQNMLTLOHMFFAW77CA,0.0,0.0,0.0,,
金寧鄉,房地(土地+建物),金門縣金寧鄉東坑５０號,47.25,其他,,,1060620,土地1建物1車位0,一層,三層,公寓(5樓含以下無電梯),集合住宅,鋼筋混凝土造,1060317,88.95,4,1,2,有,無,5500000,61832,,0.0,0,,RPRNMLTLOHMFFAW87CA,77.55,0.0,3.84,,
金城鎮,房地(土地+建物),金門縣金城鎮金門城82之8號，82之8號三樓計二戶,105.0,住,,,1060615,土地1建物2車位0,三層,三層,公寓(5樓含以下無電梯),,,1010529,191.08999999999997,6,4,4,有,有,10000000,52331,,0.0,0,,RPSNMLRJPHMFFAW67CA,171.46,0.0,10.02,,
金城鎮,房地(土地+建物),金門縣金城鎮小古崗17之6號2樓,71.93,住,,,1060616,土地1建物1車位0,二層,三層,公寓(5樓含以下無電梯),集合住宅,鋼筋混凝土造,1060306,107.98,3,2,2,有,無,4839000,44814,,0.0,0,,RPTNMLTLOHMFFAW18DA,89.46,0.0,12.48,,
金湖鎮,房地(土地+建物),金門縣金湖鎮湖前２９８號,82.05,其他,,,1060612,土地1建物1車位0,全,三層,透天厝,店舖、住宅,鋼筋混凝土造,1031027,138.85,4,2,4,有,無,13650000,98308,,0.0,0,,RPSNMLOJPHMFFAW37CA,125.79,0.0,13.06,,
金寧鄉,土地,寧安二劃段449-1地號,250.0,農,,,1060609,土地1建物0車位0,,,其他,,,,0.0,0,0,0,有,無,980000,3920,,0.0,0,,RPROMLNJPHMFFAW27CA,0.0,0.0,0.0,,
金沙鎮,土地,官澳測段197地號,991.07,農,,,1060606,土地1建物0車位0,,,其他,,,,0.0,0,0,0,有,無,3100000,3128,,0.0,0,,RPTOMLNJPHMFFAW47CA,0.0,0.0,0.0,,
金沙鎮,土地,北九十劃段383地號,495.82,農,,,1060506,土地1建物0車位0,,,其他,,,,0.0,0,0,0,有,無,1800000,3630,,0.0,0,,RPQNMLOLPHMFFAW37CA,0.0,0.0,0.0,,
金城鎮,土地,古塔段72地號,626.38,其他,,,1060620,土地1建物0車位0,,,其他,,,,0.0,0,0,0,有,無,20500000,32728,,0.0,0,,RPVNMLTLOHMFFAW28CA,0.0,0.0,0.0,,
金沙鎮,土地,北九劃段1299地號,1000.0,農,,,1060616,土地1建物0車位0,,,其他,,,,0.0,0,0,0,有,無,4200000,4200,,0.0,0,,RPWNMLTLOHMFFAW38CA,0.0,0.0,0.0,,
金湖鎮,房地(土地+建物),金門縣金湖鎮市港五路１５１號五樓之５,8.56,住,,,1060516,土地1建物1車位0,五層,九層,套房(1房1廳1衛),集合住宅,鋼筋混凝土造,1051123,56.089999999999996,1,1,1,有,無,3820000,68105,,0.0,0,,RPQNMLNJPHMFFAW07CA,31.89,1.5,4.84,,
金湖鎮,房地(土地+建物),金門縣金湖鎮市港五路１５１號七樓之３,8.56,住,,,1060516,土地1建物1車位0,七層,九層,套房(1房1廳1衛),集合住宅,鋼筋混凝土造,1051123,56.089999999999996,1,1,1,有,無,3970000,70779,,0.0,0,,RPSNMLNJPHMFFAW27CA,31.89,1.5,4.84,,
金沙鎮,土地,斗門劃測段1093地號,452.33,農,,,1060606,土地1建物0車位0,,,其他,,,,0.0,0,0,0,有,無,2700000,5969,,0.0,0,,RPTNMLPJPHMFFAW57CA,0.0,0.0,0.0,,
金湖鎮,房地(土地+建物)+車位,金門縣金湖鎮市港五路１５１號三樓之３,8.63,住,,,1060516,土地1建物1車位1,三層,九層,套房(1房1廳1衛),集合住宅,鋼筋混凝土造,1051123,64.77,1,1,1,有,無,4380000,67624,坡道機械,8.68,0,,RPVNMLQJPHMFFAW87CA,31.89,1.5,4.84,,
金湖鎮,房地(土地+建物),金門縣金湖鎮市港五路１５１號二樓之１,7.68,住,,,1060408,土地1建物1車位0,二層,九層,套房(1房1廳1衛),集合住宅,鋼筋混凝土造,1051123,50.28,1,1,1,有,無,3500000,69610,,0.0,0,,RPSOMLOJPHMFFAW47CA,28.71,0.0,5.57,,
金沙鎮,土地,官嶼劃段377-1地號,500.0,農,,,1060615,土地2建物0車位0,,,其他,,,,0.0,0,0,0,有,無,1200000,2400,,0.0,0,,RPUNMLRKPHMFFAW08DA,0.0,0.0,0.0,,
金湖鎮,房地(土地+建物),金門縣金湖鎮市港五路１５１號七樓之２,14.33,住,,,1060517,土地1建物1車位0,七層,九層,華廈(10層含以下有電梯),集合住宅,鋼筋混凝土造,1051123,96.63,2,2,1,有,無,6900000,71406,,0.0,0,,RPUOMLNJPHMFFAW57CA,53.31,7.69,4.84,,
金湖鎮,房地(土地+建物),金門縣金湖鎮市港五路１５１號五樓之３,8.56,住,,,1060605,土地1建物1車位0,五層,九層,套房(1房1廳1衛),集合住宅,鋼筋混凝土造,1051123,56.089999999999996,1,1,1,有,無,3820000,68105,,0.0,0,,RPWOMLNJPHMFFAW77CA,31.89,1.5,4.84,,
金湖鎮,房地(土地+建物),金門縣金湖鎮市港五路１５１號七樓之８,13.38,住,,,1060520,土地1建物1車位0,七層,九層,華廈(10層含以下有電梯),集合住宅,鋼筋混凝土造,1051123,85.6,2,2,1,有,無,6110000,71379,,0.0,0,,RPQOMLOJPHMFFAW27CA,49.53,4.08,4.7,,
金寧鄉,土地,寧劃段464地號,488.95,農,,,1060508,土地1建物0車位0,,,其他,,,,0.0,0,0,0,有,無,1400000,2863,,0.0,0,,RPVNMLKLPHMFFAW47CA,0.0,0.0,0.0,,
金沙鎮,土地,沙宅劃段597地號,328.88,農,,,1060613,土地1建物0車位0,,,其他,,,,0.0,0,0,0,有,無,950000,2889,,0.0,0,,RPTNMLNJPHMFFAW37CA,0.0,0.0,0.0,,
金湖鎮,房地(土地+建物),金門縣金湖鎮夏興１２之１號三樓,48.79,其他,,,1060424,土地1建物1車位0,三層,三層,公寓(5樓含以下無電梯),集合住宅,鋼筋混凝土造,1060407,91.89,3,2,2,有,無,4700000,51143,,0.0,0,,RPWNMLNJPHMFFAW67CA,76.86,0.0,8.51,,
金湖鎮,房地(土地+建物),金門縣金湖鎮市港五路１５１號七樓之７,8.12,住,,,1060516,土地1建物1車位0,七層,九層,套房(1房1廳1衛),集合住宅,鋼筋混凝土造,1051123,53.23,1,1,1,有,無,3770000,70825,,0.0,0,,RPOOMLNJPHMFFAW96CA,30.15,1.38,4.7,,
金湖鎮,土地,峰上段788地號,134.0,其他,,,1060609,土地1建物0車位0,,,其他,,,,0.0,0,0,0,有,無,2500000,18657,,0.0,0,,RPRNMLOJPHMFFAW27CA,0.0,0.0,0.0,,
金沙鎮,房地(土地+建物),金門縣金沙鎮國中路５號,83.12,商,,,1060613,土地2建物1車位0,一層，二層,二層,店面(店鋪),住商用,鋼筋混凝土造,0731220,131.96,0,0,0,無,無,7500000,56835,,0.0,0,,RPPNMLRJPHMFFAW37CA,131.96,0.0,0.0,,
金沙鎮,房地(土地+建物),金門縣金沙鎮國中路３號,84.04,商,,,1060613,土地2建物1車位0,一層，二層，騎樓,二層,店面(店鋪),住商用,鋼筋混凝土造,0731220,131.42,0,0,0,無,無,7500000,57069,,0.0,0,,RPQNMLRJPHMFFAW47CA,131.42,0.0,0.0,,
金沙鎮,房地(土地+建物)+車位,金門縣金沙鎮東店２３號,120.35,住,,,1060622,土地1建物1車位0,全,三層,透天厝,住家用,鋼筋混凝土造,1060112,231.06,5,2,4,有,無,8500000,36787,坡道平面,19.95,0,,RPPNMLOKPHMFFAW17CA,175.21,0.0,9.21,,
金沙鎮,土地,東店段597-1地號,5537.33,其他,,,1060608,土地14建物0車位0,,,其他,,,,0.0,0,0,0,有,無,19930000,3599,,0.0,0,,RPTNMLRJPHMFFAW77CA,0.0,0.0,0.0,,
金沙鎮,土地,東店段422地號,1340.06,其他,,,1060608,土地1建物0車位0,,,其他,,,,0.0,0,0,0,有,無,4820000,3597,,0.0,0,,RPUNMLRJPHMFFAW87CA,0.0,0.0,0.0,,
金沙鎮,土地,東店段456地號,159.09,其他,,,1060608,土地1建物0車位0,,,其他,,,,0.0,0,0,0,有,無,86000,541,,0.0,0,,RPVNMLRJPHMFFAW97CA,0.0,0.0,0.0,,
金沙鎮,土地,東店段461地號,1142.97,其他,,,1060608,土地2建物0車位0,,,其他,,,,0.0,0,0,0,有,無,4800000,4200,,0.0,0,,RPWNMLRJPHMFFAW08CA,0.0,0.0,0.0,,
金城鎮,房地(土地+建物),金門縣金城鎮環島北路一段３８巷１弄５號,17.44,農,,,1060630,土地1建物1車位0,一層,三層,公寓(5樓含以下無電梯),住家用,鋼筋混凝土造,0850214,64.44,3,2,1,有,無,5500000,85351,,0.0,0,,RPTOMLLJQHMFFAW37CA,52.7,0.0,0.0,,
金湖鎮,房地(土地+建物),金門縣金湖鎮市港三路１３５號五樓,17.19,住,,,1060607,土地1建物1車位0,五層,七層,華廈(10層含以下有電梯),集合住宅,鋼筋混凝土造,1050617,89.86000000000001,2,2,1,有,無,5800000,64545,,0.0,0,,RPUNMLKKPHMFFAW27CA,55.92,4.79,3.8,,
金湖鎮,房地(土地+建物),金門縣金湖鎮市港三路１３５號六樓,17.19,住,,,1060605,土地1建物1車位0,六層,七層,華廈(10層含以下有電梯),集合住宅,鋼筋混凝土造,1050617,89.86000000000001,2,2,1,有,無,6200000,68996,,0.0,0,,RPWNMLKKPHMFFAW47CA,55.92,4.79,3.8,,
金寧鄉,房地(土地+建物),金門縣金寧鄉榜林１１３之３號二樓,13.48,住,,,1060620,土地1建物1車位0,二層,三層,公寓(5樓含以下無電梯),,,1051116,37.36,3,2,1,有,無,2850000,76285,,0.0,0,,RPQNMLRKPHMFFAW57CA,19.8,0.0,14.69,,
金湖鎮,土地,中四劃段294地號,967.0,其他,,,1060601,土地1建物0車位0,,,其他,,,,0.0,0,0,0,有,無,21000000,21717,,0.0,0,,RPVNMLLKPHMFFAW47CA,0.0,0.0,0.0,,
金城鎮,房地(土地+建物),金門縣金城鎮民權路２２６巷２弄１３號四樓,27.6,住,,,1060627,土地1建物1車位0,四層,十層,華廈(10層含以下有電梯),集合住宅,鋼筋混凝土造,1011128,131.82,3,2,2,有,無,8900000,67516,,0.0,0,,RPRNMLMKPHMFFAW17CA,85.13,6.11,9.16,,
金沙鎮,土地,北九十劃段365地號,991.02,農,,,1060619,土地1建物0車位0,,,其他,,,,0.0,0,0,0,有,無,2700000,2724,,0.0,0,,RPQNMLOKPHMFFAW27CA,0.0,0.0,0.0,,
金沙鎮,土地,陽宅段1094地號,263.0,住,,,1060627,土地1建物0車位0,,,其他,,,,0.0,0,0,0,有,無,6585866,25041,,0.0,0,親友、員工或其他特殊關係間之交易。,RPVNMLSJQHMFFAW18CA,0.0,0.0,0.0,,
金城鎮,房地(土地+建物),金門縣金城鎮珠浦西路94巷11之2號4樓,20.45,住,,,1060622,土地1建物1車位0,四層,四層,公寓(5樓含以下無電梯),集合住宅,鋼筋混凝土造,1010516,59.21,1,1,1,有,無,4420000,74650,,0.0,0,價格含增建部份，增建後格局為3房1廳2衛,RPPNMLLKPHMFFAW96DA,41.54,0.0,10.73,,
金寧鄉,土地,中三劃測段617地號,1957.03,農,,,1060616,土地1建物0車位0,,,其他,,,,0.0,0,0,0,有,無,19250000,9836,,0.0,0,,RPQNMLLKPHMFFAW07DA,0.0,0.0,0.0,,
金城鎮,土地,祥和段641地號,57.61,住,,,1060616,土地1建物0車位0,,,其他,,,,0.0,0,0,0,有,無,3744650,65000,,0.0,0,,RPWNMLOKQHMFFAW97CA,0.0,0.0,0.0,,
金城鎮,土地,祥和段641-1地號,56.84,住,,,1060616,土地1建物0車位0,,,其他,,,,0.0,0,0,0,有,無,3744650,65881,,0.0,0,,RPOOMLOKQHMFFAW27CA,0.0,0.0,0.0,,
金城鎮,土地,古坵段838地號,821.33,農,,,1060629,土地1建物0車位0,,,其他,,,,0.0,0,0,0,有,無,2700000,3287,,0.0,0,,RPSNMLOKPHMFFAW47CA,0.0,0.0,0.0,,
金湖鎮,房地(土地+建物),金門縣金湖鎮市港三路２２５號５樓之８,11.27,住,,,1060621,土地1建物1車位0,五層,八層,華廈(10層含以下有電梯),集合住宅,鋼筋混凝土造,1041125,61.269999999999996,1,1,1,有,無,4200000,68549,,0.0,0,,RPPNMLSKPHMFFAW57CA,33.64,0.0,4.65,,
金湖鎮,土地,峰上段150地號,479.03,農,,,1060621,土地1建物0車位0,,,其他,,,,0.0,0,0,0,有,無,2000000,4175,,0.0,0,,RPTNMLRKPHMFFAW87CA,0.0,0.0,0.0,,
金湖鎮,房地(土地+建物)+車位,金門縣金湖鎮市港五路１３８號二樓之２,18.91,商,,,1060626,土地1建物1車位2,二層,十層,華廈(10層含以下有電梯),辦公室（廳）,鋼筋混凝土造,1051206,134.69,3,1,2,有,無,7900000,58653,坡道機械,17.34,0,,RPUNMLOKPHMFFAW67CA,65.7,5.61,13.19,,
金湖鎮,房地(土地+建物),金門縣金湖鎮市港五路１３８號一樓之２,15.4,商,,,1060626,土地1建物1車位0,一層,十層,華廈(10層含以下有電梯),集合住宅,鋼筋混凝土造,1051206,109.60000000000001,3,1,2,有,無,7500000,68431,,0.0,0,,RPVNMLOKPHMFFAW77CA,65.76,0.0,13.17,,
金湖鎮,房地(土地+建物),金門縣金湖鎮市港五路１５１號四樓之９,8.85,住,,,1060620,土地1建物1車位0,四層,九層,套房(1房1廳1衛),集合住宅,鋼筋混凝土造,1051123,55.68,1,1,1,有,無,3680000,66092,,0.0,0,,RPTOMLNKPHMFFAW57CA,32.51,0.0,5.24,,
金湖鎮,房地(土地+建物),金門縣金湖鎮市港五路１５１號三樓之７,8.12,住,,,1060315,土地1建物1車位0,三層,九層,套房(1房1廳1衛),集合住宅,鋼筋混凝土造,1051123,53.23,1,1,1,有,無,3600000,67631,,0.0,0,,RPVOMLNKPHMFFAW77CA,30.15,1.38,4.7,,
金湖鎮,房地(土地+建物),金門縣金湖鎮市港五路１５１號三樓之９,8.85,住,,,1060620,土地1建物1車位0,三層,九層,套房(1房1廳1衛),集合住宅,鋼筋混凝土造,1051123,55.68,1,1,1,有,無,3770000,67708,,0.0,0,,RPXOMLNKPHMFFAW97CA,32.51,0.0,5.24,,
金寧鄉,土地,青山段646地號,1228.3,農,,,1060614,土地1建物0車位0,,,其他,,,,0.0,0,0,0,有,無,3000000,2442,,0.0,0,,RPWNMLNKPHMFFAW77CA,0.0,0.0,0.0,,
金湖鎮,房地(土地+建物),金門縣金湖鎮市港五路１５１號四樓之７,8.12,住,,,1060315,土地1建物1車位0,四層,九層,套房(1房1廳1衛),集合住宅,鋼筋混凝土造,1051123,53.23,1,1,1,有,無,3520000,66128,,0.0,0,,RPOOMLNKPHMFFAW07CA,30.15,1.38,4.7,,
金沙鎮,土地,浯坑劃測段71地號,539.99,農,,,1060512,土地1建物0車位0,,,其他,,,,0.0,0,0,0,有,無,1500000,2778,,0.0,0,本案件代書只負責辦理過戶事項，價金支付由買賣雙方各自交付受債權債務影響或債務抵償之交易。,RPPNMLSJQHMFFAW67DA,0.0,0.0,0.0,,
金湖鎮,房地(土地+建物),金門縣金湖鎮市港五路１５１號八樓之９,8.85,住,,,1060620,土地1建物1車位0,八層,九層,套房(1房1廳1衛),集合住宅,鋼筋混凝土造,1051123,55.68,1,1,1,有,無,4020000,72198,,0.0,0,,RPQOMLNKPHMFFAW27CA,32.51,0.0,5.24,,
金寧鄉,房地(土地+建物),金門縣金寧鄉榜林９６之２號二樓,33.17,其他,,,1060416,土地1建物1車位0,二層,三層,公寓(5樓含以下無電梯),,,1060322,66.12,2,1,2,有,無,4100000,62008,,0.0,0,,RPTNMLOKPHMFFAW57CA,54.66,0.0,5.01,,
金寧鄉,土地,后湖段9地號,513.98,農,,,1060710,土地1建物0車位0,,,其他,,,,0.0,0,0,0,有,無,1880000,3658,,0.0,0,,RPXNMLKLPHMFFAW67CA,0.0,0.0,0.0,,
金湖鎮,土地,塔后段1157-1地號,135.0,住,,,1060703,土地1建物0車位0,,,其他,,,,0.0,0,0,0,有,無,5400000,40000,,0.0,0,,RPQNMLSKPHMFFAW67CA,0.0,0.0,0.0,,
金湖鎮,房地(土地+建物),金門縣金湖鎮東村３之５號三樓,42.44,其他,,,1060626,土地1建物1車位0,三層,三層,公寓(5樓含以下無電梯),集合住宅,鋼筋混凝土造,1060306,76.21000000000001,3,2,2,有,無,3800000,49862,,0.0,0,,RPVNMLSKPHMFFAW18CA,62.09,0.0,6.3,,
金寧鄉,房地(土地+建物),金門縣金寧鄉頂埔下２９號三樓之６,16.87,住,,,1060705,土地1建物1車位0,三層,三層,華廈(10層含以下有電梯),集合住宅,鋼筋混凝土造,1050126,34.77,1,1,1,有,無,2000000,57521,,0.0,0,,RPWNMLSKPHMFFAW28CA,22.46,0.0,3.46,,
金寧鄉,土地,后垵段27地號,197.69,農,,,1060714,土地1建物0車位0,,,其他,,,,0.0,0,0,0,有,無,1000000,5058,,0.0,0,,RPQNMLTKPHMFFAW77CA,0.0,0.0,0.0,,
金城鎮,土地,祥和段1021地號,5.25,其他,,,1060701,土地1建物0車位0,,,其他,,,,0.0,0,0,0,有,無,182700,34800,,0.0,0,,RPQNMLRLPHMFFAW67CA,0.0,0.0,0.0,,
金城鎮,土地,前水頭測段294-3地號,281.04,農,,,1060612,土地2建物0車位0,,,其他,,,,0.0,0,0,0,有,無,1800000,6405,,0.0,0,,RPRNMLTKPHMFFAW87CA,0.0,0.0,0.0,,
金城鎮,房地(土地+建物),金門縣金城鎮金門城２５之５號三樓,40.1,住,,,1060703,土地1建物1車位0,三層,三層,公寓(5樓含以下無電梯),,,1041002,68.14,2,1,1,有,無,4100000,60170,,0.0,0,,RPSNMLTKPHMFFAW97CA,56.79,0.0,5.62,,
金寧鄉,房地(土地+建物)+車位,金門縣金寧鄉安岐１３５號,140.27,其他,,,1060622,土地1建物1車位2,全,三層,透天厝,集合住宅,鋼筋混凝土造,1030829,353.78000000000003,5,2,4,有,有,11000000,31093,坡道平面,56.62,0,,RPTNMLTKPHMFFAW08CA,237.31,2.23,15.48,,
金湖鎮,房地(土地+建物),金門縣金湖鎮市港五路１３８號六樓之１,19.89,商,,,1060711,土地1建物1車位0,六層,十層,華廈(10層含以下有電梯),集合住宅,鋼筋混凝土造,1051206,141.26,3,2,2,有,無,9600000,67960,,0.0,0,,RPSNMLKLPHMFFAW17CA,91.42,6.5,3.76,,
金沙鎮,土地,擎天段1251-3地號,85.71,住,,,1060630,土地1建物0車位0,,,其他,,,,0.0,0,0,0,有,無,1000000,11667,,0.0,0,,RPPNMLLLPHMFFAW07DA,0.0,0.0,0.0,,
金寧鄉,土地,中三劃測段724-1地號,733.02,農,,,1060712,土地2建物0車位0,,,其他,,,,0.0,0,0,0,有,無,11728320,16000,,0.0,0,,RPSNMLLLPHMFFAW37DA,0.0,0.0,0.0,,
金沙鎮,房地(土地+建物),金門縣金沙鎮沙美205號二樓之2,32.77,住,,,1060714,土地1建物1車位0,二層,三層,公寓(5樓含以下無電梯),集合住宅,鋼筋混凝土造,1051018,50.91,2,1,1,有,無,2820000,55392,,0.0,0,,RPPNMLOLPHMFFAW37DA,39.18,3.22,5.18,,
金寧鄉,房地(土地+建物),金門縣金寧鄉安岐２２１號二樓,66.21,住,,,1060707,土地2建物1車位0,二層,三層,公寓(5樓含以下無電梯),集合住宅,鋼筋混凝土造,1060407,101.04,3,1,2,有,無,5020000,49683,,0.0,0,,RPROMLLJQHMFFAW17CA,82.97,0.0,11.87,,
金寧鄉,土地,寧湖一劃段197地號,750.0,農,,,1060628,土地1建物0車位0,,,其他,,,,0.0,0,0,0,有,無,7500000,10000,,0.0,0,,RPUNMLLKQHMFFAW47CA,0.0,0.0,0.0,,
金寧鄉,房地(土地+建物),金門縣金寧鄉安岐２１６號,102.98,住,,,1060707,土地2建物1車位0,全,三層,透天厝,集合住宅,鋼筋混凝土造,1060407,175.6,5,1,5,有,無,8800000,50114,,0.0,0,,RPOOMLLJQHMFFAW86CA,165.6,0.0,10.0,,
金寧鄉,房地(土地+建物),金門縣金寧鄉安岐２１７號,102.98,住,,,1060711,土地2建物1車位0,全,三層,透天厝,集合住宅,鋼筋混凝土造,1060407,175.6,5,1,5,有,無,8800000,50114,,0.0,0,,RPOPMLLJQHMFFAW96CA,165.6,0.0,10.0,,
金寧鄉,房地(土地+建物),金門縣金寧鄉安岐２１８號,102.98,住,,,1060630,土地2建物1車位0,全,三層,透天厝,集合住宅,鋼筋混凝土造,1060407,165.6,5,1,5,有,無,8400000,50725,,0.0,0,,RPWOMLLMPHMFFAW87CA,165.6,0.0,0.0,,
金寧鄉,房地(土地+建物),金門縣金寧鄉安岐２２１號,66.21,住,,,1060707,土地2建物1車位0,一層,三層,公寓(5樓含以下無電梯),集合住宅,鋼筋混凝土造,1060407,92.42,3,1,2,有,無,5300000,57353,,0.0,0,,RPSNMLLJQHMFFAW17CA,82.97,0.0,3.25,,
金寧鄉,房地(土地+建物),金門縣金寧鄉安岐２２２號,57.63,住,,,1060707,土地2建物1車位0,一層,三層,公寓(5樓含以下無電梯),集合住宅,鋼筋混凝土造,1060407,85.49000000000001,3,1,2,有,無,4720000,55211,,0.0,0,,RPQOMLLMPHMFFAW27CA,77.2,0.0,2.09,,
金寧鄉,房地(土地+建物),金門縣金寧鄉安岐２２２號二樓,57.63,住,,,1060707,土地2建物1車位0,二層,三層,公寓(5樓含以下無電梯),集合住宅,鋼筋混凝土造,1060407,92.01,3,1,2,有,無,4540000,49348,,0.0,0,,RPSOMLLMPHMFFAW47CA,77.2,0.0,8.61,,
金寧鄉,房地(土地+建物),金門縣金寧鄉安岐２２２號三樓,57.63,住,,,1060707,土地2建物1車位0,三層,三層,公寓(5樓含以下無電梯),集合住宅,鋼筋混凝土造,1060407,92.01,3,1,2,有,無,4670000,50761,,0.0,0,,RPUOMLLMPHMFFAW67CA,77.2,0.0,8.61,,
金寧鄉,房地(土地+建物),金門縣金寧鄉安岐２２１號三樓,66.21,住,,,1060707,土地2建物1車位0,三層,三層,公寓(5樓含以下無電梯),集合住宅,鋼筋混凝土造,1060407,101.04,3,1,2,有,無,5020000,49683,,0.0,0,,RPVOMLLJQHMFFAW57CA,82.97,0.0,11.87,,
金湖鎮,房地(土地+建物),金門縣金湖鎮庵邊６之２號,124.49,其他,,,1060713,土地1建物1車位0,全,三層,透天厝,住家用,鋼筋混凝土造,1060526,230.71,5,3,6,有,無,8680000,37623,,0.0,0,,RPWNMLQKQHMFFAW18CA,220.46,0.0,10.25,,
金寧鄉,房地(土地+建物)+車位,金門縣金寧鄉安岐１３３號,142.2,其他,,,1060622,土地1建物1車位1,全,三層,透天厝,集合住宅,鋼筋混凝土造,1030829,346.85,5,2,4,有,有,11000000,31714,坡道平面,46.59,0,,RPPNMLNLPHMFFAW17CA,240.35,2.31,14.81,,
金沙鎮,土地,西園段1269地號,391.0,其他,,,1060617,土地1建物0車位0,,,其他,,,,0.0,0,0,0,有,無,4200000,10742,,0.0,0,,RPSNMLOLPHMFFAW57CA,0.0,0.0,0.0,,
金寧鄉,建物,金門縣金寧鄉頂林路６７６巷５號,0.0,,,,1060720,土地0建物1車位0,一層,一層,其他,畜牧設施（室內養雞場）,鋼筋混凝土構造，鋼鐵構造有牆,1060505,1413.87,0,0,0,無,無,22500000,15914,,0.0,0,無隔間之畜牧設施：室內養雞場,RPQNMLPLPHMFFAW47CA,1413.87,0.0,0.0,,
金湖鎮,房地(土地+建物),金門縣金湖鎮中正路３９號,41.08,商,,,1060627,土地1建物1車位0,一層，二層，三層,三層,店面(店鋪),住商用,鋼筋混凝土造,0670615,121.8,2,1,1,有,無,10800000,88670,,0.0,0,,RPQNMLQLPHMFFAW57CA,121.8,0.0,0.0,,
金寧鄉,土地,寧湖三劃段553地號,1000.0,農,,,1060708,土地1建物0車位0,,,其他,,,,0.0,0,0,0,有,無,9500000,9500,,0.0,0,,RPRNMLOLPHMFFAW47CA,0.0,0.0,0.0,,
金城鎮,房地(土地+建物),金門縣金城鎮庵前20-7號,114.23,住,,,1060717,土地2建物1車位0,全,三層,透天厝,集合住宅,鋼筋混凝土造,1041123,176.41,4,2,4,有,有,11000000,62355,,0.0,0,,RPPNMLPLPHMFFAW47DA,169.31,0.0,7.1,,
金寧鄉,土地,機場段101地號,1233.72,其他,,,1060718,土地1建物0車位0,,,其他,,,,0.0,0,0,0,有,無,2360000,1913,,0.0,0,,RPPNMLMJQHMFFAW96CA,0.0,0.0,0.0,,
金湖鎮,房地(土地+建物),金門縣金湖鎮市港五路１５１號五樓之９,8.85,住,,,1060712,土地1建物1車位0,五層,九層,套房(1房1廳1衛),集合住宅,鋼筋混凝土造,1051123,55.68,1,1,1,有,無,3810000,68427,,0.0,0,,RPQNMLLMPHMFFAW17CA,32.51,0.0,5.24,,
金湖鎮,房地(土地+建物),金門縣金湖鎮市港五路１５１號七樓之５,8.56,住,,,1060612,土地1建物1車位0,七層,九層,套房(1房1廳1衛),集合住宅,鋼筋混凝土造,1051123,56.089999999999996,1,1,1,有,無,3970000,70779,,0.0,0,,RPSNMLLMPHMFFAW37CA,31.89,1.5,4.84,,
金湖鎮,房地(土地+建物),金門縣金湖鎮市港五路１５１號五樓之６,15.87,住,,,1060315,土地1建物1車位0,五層,九層,華廈(10層含以下有電梯),集合住宅,鋼筋混凝土造,1051123,102.1,2,2,1,有,無,7060000,69148,,0.0,0,,RPUNMLLMPHMFFAW57CA,58.87,6.06,4.7,,
金湖鎮,房地(土地+建物),金門縣金湖鎮市港五路１３８號九樓之１,19.89,商,,,1060718,土地1建物1車位0,九層,十層,華廈(10層含以下有電梯),集合住宅,鋼筋混凝土造,1051206,141.26,3,2,2,有,無,9900000,70084,,0.0,0,,RPTNMLSLPHMFFAW08CA,91.42,6.5,3.76,,
金沙鎮,土地,浯坑劃測段620地號,827.0,農,,,1060713,土地1建物0車位0,,,其他,,,,0.0,0,0,0,有,無,4550000,5502,,0.0,0,,RPUNMLRLPHMFFAW08CA,0.0,0.0,0.0,,
金湖鎮,房地(土地+建物),金門縣金湖鎮市港三路２３３號四樓,21.2,住,,,1060714,土地1建物1車位0,四層,八層,華廈(10層含以下有電梯),集合住宅,鋼筋混凝土造,1050421,106.75,3,2,2,有,無,7300000,68384,,0.0,0,,RPXNMLSLPHMFFAW48CA,71.91,2.63,8.06,,
金寧鄉,土地,寧湖一劃段197-1地號,250.0,農,,,1060628,土地1建物0車位0,,,其他,,,,0.0,0,0,0,有,無,2500000,10000,,0.0,0,,RPVNMLLKQHMFFAW57CA,0.0,0.0,0.0,,
金湖鎮,房地(土地+建物),金門縣金湖鎮復興西路8之1號,18.73,住,,,1060714,土地1建物1車位0,一層，二層,六層,華廈(10層含以下有電梯),住商用,鋼筋混凝土造,0880528,80.59,1,1,1,有,無,6500000,80655,,0.0,0,,RPSNMLRLPHMFFAW97DA,52.56,4.32,4.32,,
金湖鎮,土地,湖前段617地號,183.74,住,,,1060704,土地1建物0車位0,,,其他,,,,0.0,0,0,0,有,無,8716250,47438,,0.0,0,,RPRNMLPLQHMFFAW77DA,0.0,0.0,0.0,,
金湖鎮,土地,湖前段617地號,183.74,住,,,1060704,土地1建物0車位0,,,其他,,,,0.0,0,0,0,有,無,8716250,47438,,0.0,0,,RPSNMLPLQHMFFAW87DA,0.0,0.0,0.0,,
金湖鎮,房地(土地+建物),金門縣金湖鎮市港三路２３５號四樓,20.99,住,,,1060714,土地1建物1車位0,四層,八層,華廈(10層含以下有電梯),集合住宅,鋼筋混凝土造,1050421,106.1,3,2,2,有,無,7300000,68803,,0.0,0,,RPPOMLSLPHMFFAW77CA,71.11,2.96,8.06,,
金寧鄉,房地(土地+建物),金門縣金寧鄉盤果路３０巷３號,120.18,住,,,1060626,土地1建物1車位0,全,二層,透天厝,住家用,鋼筋混凝土造,0990205,169.01,4,2,3,有,無,9700000,57393,,0.0,0,,RPQNMLMJQHMFFAW07CA,161.4,0.0,7.61,,
金寧鄉,房地(土地+建物)+車位,金門縣金寧鄉安岐１３１號三樓,52.54,住,,,1060719,土地1建物1車位1,三層,三層,公寓(5樓含以下無電梯),集合住宅,鋼筋混凝土造,1030829,145.8,3,2,1,有,無,5800000,39781,一樓平面,0.0,0,,RPWOMLLJQHMFFAW67CA,88.76,1.9,8.13,,
金城鎮,房地(土地+建物),金門縣金城鎮小西門８之５號三樓,58.38,其他,,,1060622,土地1建物1車位0,三層,三層,公寓(5樓含以下無電梯),集合住宅,鋼筋混凝土造,1050510,110.78,3,2,2,有,無,5700000,51453,,0.0,0,,RPWNMLRLPHMFFAW28CA,91.99,0.0,6.72,,
金寧鄉,房地(土地+建物),金門縣金寧鄉頂堡９７之６號二樓,56.94,住,,,1060720,土地2建物1車位0,二層,三層,公寓(5樓含以下無電梯),集合住宅,鋼筋混凝土造,1060505,122.36,3,2,2,有,無,6500000,53122,,0.0,0,,RPPNMLSLPHMFFAW67CA,92.08,0.0,4.42,,
金湖鎮,房地(土地+建物),金門縣金湖鎮市港三路２３３號三樓,21.2,住,,,1060714,土地1建物1車位0,三層,八層,華廈(10層含以下有電梯),集合住宅,鋼筋混凝土造,1050421,106.75,3,2,2,有,無,6880000,64450,,0.0,0,,RPVNMLSLPHMFFAW28CA,71.91,2.63,8.06,,
金寧鄉,土地,中山林段377地號,594.43,農,,,1060712,土地1建物0車位0,,,其他,,,,0.0,0,0,0,有,無,1095000,1842,,0.0,0,,RPTNMLRLPHMFFAW97CA,0.0,0.0,0.0,,
金湖鎮,房地(土地+建物),金門縣金湖鎮市港五路１５１號五樓之７,8.12,住,,,1060418,土地1建物1車位0,五層,九層,套房(1房1廳1衛),集合住宅,鋼筋混凝土造,1051123,53.23,1,1,1,有,無,3630000,68195,,0.0,0,,RPWNMLLMPHMFFAW77CA,30.15,1.38,4.7,,
金湖鎮,車位,金門縣金湖鎮市港五路１５9號等停車位編號：6,0.07,住,,,1060707,土地0建物0車位1,,,其他,,,,8.68,0,0,0,有,無,600000,,坡道平面,8.68,600000,,RPOOMLLMPHMFFAW07CA,0.0,0.0,0.0,,
金寧鄉,土地,東坑村段34地號,593.0,其他,,,1060706,土地1建物0車位0,,,其他,,,,0.0,0,0,0,有,無,18000000,30354,,0.0,0,含地上未辦保存登記建物一棟,RPRNMLSLPHMFFAW87CA,0.0,0.0,0.0,,
金寧鄉,土地,中山林段437地號,837.5,其他,,,1060706,土地5建物0車位0,,,其他,,,,0.0,0,0,0,有,無,1300000,1552,,0.0,0,,RPQOMLLJQHMFFAW07CA,0.0,0.0,0.0,,
金湖鎮,土地,太湖劃測段240地號,606.97,其他,,,1060717,土地1建物0車位0,,,其他,,,,0.0,0,0,0,有,無,7800000,12851,,0.0,0,,RPRNMLNJQHMFFAW27CA,0.0,0.0,0.0,,
金湖鎮,房地(土地+建物),金門縣金湖鎮赤東路１９之１號９樓,18.65,住,,,1060622,土地1建物1車位0,九層,十層,華廈(10層含以下有電梯),集合住宅,鋼筋混凝土造,1041201,97.53999999999999,2,2,1,有,有,5900000,60488,,0.0,0,,RPSNMLKKQHMFFAW17CA,65.04,5.21,4.96,,
金湖鎮,房地(土地+建物)+車位,金門縣金湖鎮赤東路２１之１號７樓,19.12,住,,,1060628,土地1建物1車位1,七層,十層,華廈(10層含以下有電梯),集合住宅,鋼筋混凝土造,1041201,132.41,2,2,1,有,有,6560000,54437,升降平面,23.66,640000,,RPTNMLKKQHMFFAW27CA,63.8,4.23,6.77,,
金寧鄉,房地(土地+建物),金門縣金寧鄉下堡１９０號二樓,74.65,其他,,,1060615,土地1建物1車位0,二層,三層,公寓(5樓含以下無電梯),集合住宅,鋼筋混凝土造,1031113,126.53,3,2,2,有,無,7200000,56904,,0.0,0,,RPTNMLLJQHMFFAW27CA,112.1,0.0,8.3,,
烈嶼鄉,土地,龍骨山測段978地號,4309.18,其他,,,1060707,土地16建物0車位0,,,其他,,,,0.0,0,0,0,有,無,15000000,3481,,0.0,0,,RPVNMLLJQHMFFAW47CA,0.0,0.0,0.0,,
烈嶼鄉,土地,龍骨山測段779地號,145.01,其他,,,1060707,土地1建物0車位0,,,其他,,,,0.0,0,0,0,有,無,600000,4138,,0.0,0,,RPWNMLLJQHMFFAW57CA,0.0,0.0,0.0,,
