﻿鄉鎮市區,交易標的,土地位置建物門牌,土地移轉總面積平方公尺,都市土地使用分區,非都市土地使用分區,非都市土地使用編定,交易年月日,交易筆棟數,移轉層次,總樓層數,建物型態,主要用途,主要建材,建築完成年月,建物移轉總面積平方公尺,建物現況格局-房,建物現況格局-廳,建物現況格局-衛,建物現況格局-隔間,有無管理組織,總價元,單價元平方公尺,車位類別,車位移轉總面積(平方公尺),車位總價元,備註,編號,主建物面積,附屬建物面積,陽台面積,電梯,移轉編號
The villages and towns urban district,transaction sign,land sector position building sector house number plate,land shifting total area square meter,the use zoning or compiles and checks,the non-metropolis land use district,non-metropolis land use,transaction year month and day,transaction pen number,shifting level,total floor number,building state,main use,main building materials,construction to complete the years,building shifting total area,Building present situation pattern - room,building present situation pattern - hall,building present situation pattern - health,building present situation pattern - compartmented,Whether there is manages the organization,total price NTD,the unit price (NTD / square meter),the berth category,berth shifting total area square meter,the berth total price NTD,the note,serial number,,,,,
馬公市,土地,中衛段372-2地號,1039.84,工,,,1051229,土地2建物0車位0,,,其他,,,,0.0,0,0,0,有,無,16356600,15730,,0.0,0,,RPTNMLSJNHMFFAX77CA,0.0,0.0,0.0,,
馬公市,房地(土地+建物)+車位,澎湖縣馬公市三多路３５５號九樓之三,28.65,住,,,1060411,土地1建物1車位1,九層,十四層,住宅大樓(11層含以上有電梯),集合住宅,鋼筋混凝土造,0950629,192.67000000000002,3,2,2,有,有,4700000,24394,坡道平面,0.0,0,,RPPNMLPJNHMFFAX07CA,103.06,0.0,11.74,,
馬公市,土地,烏崁新段1614地號,271.06,,一般農業區,農牧用地,1060410,土地1建物0車位0,,,其他,,,,0.0,0,0,0,有,無,820000,3025,,0.0,0,,RPPNMLSJNHMFFAX37CA,0.0,0.0,0.0,,
馬公市,土地,安宅段380地號,1155.5,,一般農業區,農牧用地,1060329,土地1建物0車位0,,,其他,,,,0.0,0,0,0,有,無,10000000,8654,,0.0,0,,RPQNMLOJNHMFFAX07CA,0.0,0.0,0.0,,
馬公市,土地,文石段1360地號,128.55,,一般農業區,農牧用地,1060425,土地1建物0車位0,,,其他,,,,0.0,0,0,0,有,無,1550000,12058,,0.0,0,,RPPNMLMKNHMFFAX86CA,0.0,0.0,0.0,,
湖西鄉,土地,尖山中段1363地號,448.31,,一般農業區,農牧用地,1060421,土地4建物0車位0,,,其他,,,,0.0,0,0,0,有,無,2300000,5130,,0.0,0,,RPSNMLSJNHMFFAX67CA,0.0,0.0,0.0,,
西嶼鄉,土地,小池角段3841-1地號,167.4,,一般農業區,農牧用地,1060412,土地4建物0車位0,,,其他,,,,0.0,0,0,0,有,無,1278000,7634,,0.0,0,親友、員工或其他特殊關係間之交易。共有人買賣,RPPNMLMLNHMFFAX96CA,0.0,0.0,0.0,,
馬公市,土地,埕東段233地號,342.16,住,,,1060421,土地1建物0車位0,,,其他,,,,0.0,0,0,0,有,無,18112500,52936,,0.0,0,,RPPNMLLJOHMFFAX76CA,0.0,0.0,0.0,,
湖西鄉,土地,林投南段826地號,134.9,,一般農業區,甲種建築用地,1060424,土地1建物0車位0,,,其他,,,,0.0,0,0,0,有,無,1311228,9720,,0.0,0,向政府機關承購之案件。,RPQNMLMKNHMFFAX17EA,0.0,0.0,0.0,,
湖西鄉,土地,機場段1088-1地號,3.42,,一般農業區,交通用地,1060428,土地1建物0車位0,,,其他,,,,0.0,0,0,0,有,無,5000,1462,,0.0,0,,RPPNMLKKNHMFFAX86EA,0.0,0.0,0.0,,
馬公市,房地(土地+建物),澎湖縣馬公市三多路455號五樓之1,27.71,住,,,1060331,土地1建物1車位0,五層,七層,華廈(10層含以下有電梯),住家用,鋼筋混凝土造,0860710,159.06,3,1,2,有,有,4300000,27034,,0.0,0,,RPRNMLMKNHMFFAX17DA,99.18,13.4,0.0,,
馬公市,房地(土地+建物),澎湖縣馬公市鎖管港９２９號,67.15,商,,,1060321,土地1建物1車位0,全,二層,透天厝,住家用,鋼筋混凝土加強磚造,0730417,61.85,4,1,2,有,無,645270,10433,,0.0,0,親友、員工或其他特殊關係間之交易兄弟之間。,RPSNMLMKNHMFFAX17CA,61.86,0.0,0.0,,
白沙鄉,土地,後寮段1889-2地號,770.0,,一般農業區,農牧用地,1060418,土地2建物0車位0,,,其他,,,,0.0,0,0,0,有,無,3060000,3974,,0.0,0,,RPQNMLKKNHMFFAX76CA,0.0,0.0,0.0,,
白沙鄉,土地,城前新段175地號,680.97,,一般農業區,農牧用地,1060413,土地1建物0車位0,,,其他,,,,0.0,0,0,0,有,無,900000,1322,,0.0,0,,RPRNMLKKNHMFFAX86CA,0.0,0.0,0.0,,
望安鄉,土地,望安段346地號,8.0,,一般農業區,農牧用地,1060413,土地1建物0車位0,,,其他,,,,0.0,0,0,0,有,無,25000,3125,,0.0,0,親友、員工或其他特殊關係間之交易。,RPSNMLKKNHMFFAX96CA,0.0,0.0,0.0,,
馬公市,房地(土地+建物)+車位,澎湖縣馬公市貿商街１３６號十二樓之一,30.6,住,,,1060501,土地2建物1車位1,十二層,十四層,住宅大樓(11層含以上有電梯),集合住宅,鋼筋混凝土造,0950710,188.20999999999998,3,2,2,有,有,5000000,26566,坡道平面,0.0,0,,RPTNMLKKNHMFFAX07CA,102.74,0.0,11.64,,
馬公市,房地(土地+建物),澎湖縣馬公市興仁里95號,88.64,,鄉村區,乙種建築用地,1060328,土地1建物1車位0,全,一層,透天厝,住家用,造,0150101,52.7,3,1,1,有,無,680000,12903,,0.0,0,,RPRNMLLKNHMFFAX96CA,0.0,0.0,0.0,,
馬公市,土地,西澳段99地號,487.62,住,,,1060215,土地1建物0車位0,,,其他,,,,0.0,0,0,0,有,無,34603000,70963,,0.0,0,,RPSNMLLKNHMFFAX07CA,0.0,0.0,0.0,,
馬公市,房地(土地+建物),澎湖縣馬公市後窟潭７之３４號,76.13,,一般農業區,甲種建築用地,1060407,土地1建物1車位0,全,二層,透天厝,住家用,鋼筋混凝土加強磚造,0720818,112.77,4,2,1,有,無,3700000,32810,,0.0,0,,RPPNMLQKNHMFFAX27CA,112.77,0.0,0.0,,
西嶼鄉,土地,二崁南段1218地號,3322.33,,風景區,農牧用地,1060414,土地7建物0車位0,,,其他,,,,0.0,0,0,0,有,無,15000000,4515,,0.0,0,債務抵償,RPSNMLRKNHMFFAX67CA,0.0,0.0,0.0,,
馬公市,房地(土地+建物)+車位,澎湖縣馬公市貿商街１４２號七樓之一,30.6,住,,,1060417,土地2建物1車位1,七層,十四層,住宅大樓(11層含以上有電梯),集合住宅,鋼筋混凝土造,0950710,188.19,3,1,2,有,無,4850000,25772,坡道平面,0.0,0,,RPQNMLTKNHMFFAX67CA,102.74,0.0,11.64,,
馬公市,土地,六合段432地號,1341.01,,一般農業區,農牧用地,1051231,土地1建物0車位0,,,其他,,,,0.0,0,0,0,有,無,30150000,22483,,0.0,0,,RPTNMLLJOHMFFAX17CA,0.0,0.0,0.0,,
馬公市,房地(土地+建物),澎湖縣馬公市文光路５９號,121.46,住,,,1060505,土地2建物1車位0,全,二層,透天厝,住家用,鋼筋混凝土加強空心磚造,0601231,149.75,4,1,2,有,無,10500000,70117,,0.0,0,,RPTNMLPKNHMFFAX57CA,149.75,0.0,0.0,,
馬公市,房地(土地+建物),澎湖縣馬公市三多路１４６巷１５弄１９號,57.48,住,,,1060411,土地1建物1車位0,全,二層,透天厝,住家用,鋼筋混凝土加強磚造,0681105,68.32,3,2,2,有,無,3660000,53571,,0.0,0,,RPRNMLPKNHMFFAX37CA,68.32,0.0,0.0,,
馬公市,土地,五福段132-6地號,323.15,,一般農業區,甲種建築用地,1060421,土地2建物0車位0,,,其他,,,,0.0,0,0,0,有,無,15500000,47965,,0.0,0,農變建起造人變更，土地價款980萬另含未來興建成本共計1550萬,RPTNMLMKNHMFFAX27CA,0.0,0.0,0.0,,
馬公市,房地(土地+建物),澎湖縣馬公市文山路83號6樓,28.39,住,,,1060501,土地5建物1車位0,六層,七層,華廈(10層含以下有電梯),住家用,鋼筋混凝土造,0840804,187.64,3,2,2,有,有,3980000,21211,,0.0,0,,RPRNMLRKNHMFFAX67DA,0.0,0.0,0.0,,
湖西鄉,土地,城北段1087地號,107.78,,一般農業區,交通用地,1060428,土地1建物0車位0,,,其他,,,,0.0,0,0,0,有,無,377230,3500,,0.0,0,,RPQNMLLMNHMFFAX17DA,0.0,0.0,0.0,,
西嶼鄉,土地,大池段1165地號,613.0,,一般農業區,農牧用地,1060505,土地1建物0車位0,,,其他,,,,0.0,0,0,0,有,無,1850000,3018,,0.0,0,,RPQNMLPKNHMFFAX27CA,0.0,0.0,0.0,,
馬公市,土地,文寮段325地號,221.76,,一般農業區,農牧用地,1060425,土地1建物0車位0,,,其他,,,,0.0,0,0,0,有,無,1300000,5862,,0.0,0,,RPSNMLPKNHMFFAX47CA,0.0,0.0,0.0,,
馬公市,土地,東澳段1007地號,90.36,住,,,1060504,土地1建物0車位0,,,其他,,,,0.0,0,0,0,有,無,4050000,44821,,0.0,0,,RPQNMLQKNHMFFAX37CA,0.0,0.0,0.0,,
馬公市,房地(土地+建物),澎湖縣馬公市朝陽路１６７巷３號,62.84,住,,,1060411,土地1建物1車位0,全,二層,透天厝,住家用,鋼筋混凝土加強磚造,0660720,85.26,3,2,2,有,無,3250000,38119,,0.0,0,親友、員工或其他特殊關係間之交易。,RPQNMLSKNHMFFAX57CA,85.26,0.0,0.0,,
馬公市,房地(土地+建物),澎湖縣馬公市前寮２１之２９號,243.45,,一般農業區,甲種建築用地,1060503,土地2建物1車位0,全,三層,透天厝,住家用,鋼筋混凝土造,1050128,264.7,7,2,7,有,無,8500000,32112,,0.0,0,,RPPNMLNLNHMFFAX07CA,247.86,16.84,0.0,,
馬公市,土地,海堤段25地號,288.7,,一般農業區,農牧用地,1060412,土地1建物0車位0,,,其他,,,,0.0,0,0,0,有,無,1700000,5888,,0.0,0,親友、員工或其他特殊關係間之交易。,RPSNMLOLNHMFFAX47CA,0.0,0.0,0.0,,
湖西鄉,土地,許家段227地號,498.94,,風景區,農牧用地,1060410,土地1建物0車位0,,,其他,,,,0.0,0,0,0,有,無,6750000,13529,,0.0,0,,RPTNMLOLNHMFFAX57CA,0.0,0.0,0.0,,
馬公市,土地,馬公段2666-57地號,98.0,商,,,1060307,土地1建物0車位0,,,其他,,,,0.0,0,0,0,有,無,11850000,120918,,0.0,0,,RPRNMLSKNHMFFAX67CA,0.0,0.0,0.0,,
馬公市,房地(土地+建物),澎湖縣馬公市東衛１２９之６８號,243.94,,一般農業區,甲種建築用地,1060501,土地2建物1車位0,全,三層,透天厝,住家用,鋼筋混凝土造,1030218,247.92,5,2,4,有,無,10680000,43078,,0.0,0,,RPSNMLSKNHMFFAX77CA,232.35,15.57,0.0,,
西嶼鄉,土地,緝馬灣段1751地號,388.0,,一般農業區,農牧用地,1060417,土地1建物0車位0,,,其他,,,,0.0,0,0,0,有,無,700000,1804,,0.0,0,,RPPNMLTKNHMFFAX57CA,0.0,0.0,0.0,,
馬公市,土地,西澳段34-1地號,37.38,住,,,1060504,土地1建物0車位0,,,其他,,,,0.0,0,0,0,有,無,1797230,48080,,0.0,0,畸零地或有合併使用之交易。向政府機關承購之案件。,RPUNMLOLNHMFFAX67CA,0.0,0.0,0.0,,
湖西鄉,土地,許家段482地號,1057.28,,一般農業區,農牧用地,1060512,土地1建物0車位0,,,其他,,,,0.0,0,0,0,有,無,5300000,5013,,0.0,0,,RPRNMLTKNHMFFAX77CA,0.0,0.0,0.0,,
馬公市,房地(土地+建物),澎湖縣馬公市大賢街１９０巷３號,75.83,住,,,1060422,土地3建物1車位0,全,二層,透天厝,住家用,鋼筋混凝土加強磚造,0771217,134.53,3,1,2,有,無,6100000,45343,,0.0,0,,RPSNMLTKNHMFFAX87CA,134.53,0.0,0.0,,
湖西鄉,土地,東石新段325地號,29.52,,鄉村區,乙種建築用地,1060414,土地1建物0車位0,,,其他,,,,0.0,0,0,0,有,無,79718,2700,,0.0,0,,RPPNMLTJOHMFFAX57CA,0.0,0.0,0.0,,
白沙鄉,土地,鳥嶼新段535地號,294.21,,鄉村區,乙種建築用地,1060413,土地4建物0車位0,,,其他,,,,0.0,0,0,0,有,無,29421,100,,0.0,0,向政府機關承購之案件。,RPPNMLOKOHMFFAX37EA,0.0,0.0,0.0,,
馬公市,土地,五福段1062-4地號,237.05,,一般農業區,甲種建築用地,1060505,土地2建物0車位0,,,其他,,,,0.0,0,0,0,有,無,11880000,50116,,0.0,0,農變建之起造人變更含未來興建房屋價款,RPPNMLLMNHMFFAX96CA,0.0,0.0,0.0,,
馬公市,房地(土地+建物),澎湖縣馬公市朝陽路４１巷６之１號,87.6,住,,,1060410,土地1建物1車位0,全,三層,透天厝,住家用,鋼筋混凝土造,1040317,209.04,5,2,6,有,無,9800000,46881,,0.0,0,,RPSNMLQLNHMFFAX67CA,194.3,14.74,0.0,,
西嶼鄉,土地,小池角段3841-1地號,167.4,,一般農業區,農牧用地,1060418,土地4建物0車位0,,,其他,,,,0.0,0,0,0,有,無,1278000,7634,,0.0,0,親友、員工或其他特殊關係間之交易。共有人間買賣。,RPPNMLOJOHMFFAX07CA,0.0,0.0,0.0,,
馬公市,土地,五福段964地號,30.87,,鄉村區,乙種建築用地,1051026,土地1建物0車位0,,,其他,,,,0.0,0,0,0,有,無,373736,12107,,0.0,0,,RPQNMLNJOHMFFAX07CA,0.0,0.0,0.0,,
七美鄉,土地,七美二段421地號,360.05,,一般農業區,農牧用地,1060510,土地1建物0車位0,,,其他,,,,0.0,0,0,0,有,無,1920000,5333,,0.0,0,賣方賣清稅費由買方全部支付.,RPSNMLOKOHMFFAX47CA,0.0,0.0,0.0,,
馬公市,土地,四維段995地號,183.64,,鄉村區,乙種建築用地,1060509,土地1建物0車位0,,,其他,,,,0.0,0,0,0,有,無,3888000,21172,,0.0,0,,RPQNMLQLNHMFFAX47CA,0.0,0.0,0.0,,
白沙鄉,土地,講美段783地號,679.13,,一般農業區,農牧用地,1060509,土地1建物0車位0,,,其他,,,,0.0,0,0,0,有,無,2360000,3475,,0.0,0,,RPQNMLNLNHMFFAX17CA,0.0,0.0,0.0,,
馬公市,房地(土地+建物),澎湖縣馬公市??裡里?裡８號,93.7,,鄉村區,乙種建築用地,1060516,土地1建物1車位0,全,一層,透天厝,住家用,石,0490301,55.32,4,1,0,有,無,916000,16558,,0.0,0,,RPQNMLOLNHMFFAX27CA,55.32,0.0,0.0,,
馬公市,房地(土地+建物),澎湖縣馬公市朝陽路１６７巷１號,73.8,住,,,1060410,土地1建物1車位0,全,二層,透天厝,住家用,鋼筋混凝土加強磚造,0660720,87.36,2,1,2,有,無,3200000,36630,,0.0,0,親友、員工或其他特殊關係間之交易。,RPRNMLOLNHMFFAX37CA,87.36,0.0,0.0,,
馬公市,土地,雙湖段607地號,188.77,,一般農業區,農牧用地,1060512,土地1建物0車位0,,,其他,,,,0.0,0,0,0,有,無,913600,4840,,0.0,0,,RPRNMLQLNHMFFAX57CA,0.0,0.0,0.0,,
馬公市,土地,五福段964地號,30.87,,鄉村區,乙種建築用地,1051026,土地1建物0車位0,,,其他,,,,0.0,0,0,0,有,無,373778,12108,,0.0,0,,RPRNMLNJOHMFFAX17CA,0.0,0.0,0.0,,
湖西鄉,土地,城北段131地號,246.17,,鄉村區,乙種建築用地,1060518,土地1建物0車位0,,,其他,,,,0.0,0,0,0,有,無,898000,3648,,0.0,0,,RPPNMLQLNHMFFAX37CA,0.0,0.0,0.0,,
馬公市,土地,安宅段1481地號,541.7,,一般農業區,農牧用地,1060519,土地2建物0車位0,,,其他,,,,0.0,0,0,0,有,無,977419,1804,,0.0,0,親友、員工或其他特殊關係間之交易。,RPPNMLOLNHMFFAX37EA,0.0,0.0,0.0,,
馬公市,土地,西澳段1066地號,296.57,住,,,1060328,土地1建物0車位0,,,其他,,,,0.0,0,0,0,有,無,15742000,53080,,0.0,0,,RPSNMLSJOHMFFAX77CA,0.0,0.0,0.0,,
白沙鄉,土地,赤崁中段1182地號,572.78,,一般農業區,農牧用地,1060509,土地1建物0車位0,,,其他,,,,0.0,0,0,0,有,無,3800000,6634,,0.0,0,,RPPNMLPLNHMFFAX27CA,0.0,0.0,0.0,,
馬公市,土地,五福段82地號,1086.38,,一般農業區,農牧用地,1060512,土地1建物0車位0,,,其他,,,,0.0,0,0,0,有,無,12780000,11764,,0.0,0,,RPQNMLPLNHMFFAX37CA,0.0,0.0,0.0,,
馬公市,土地,馬公段1829地號,240.0,住,,,1060510,土地2建物0車位0,,,其他,,,,0.0,0,0,0,有,無,18000000,75000,,0.0,0,,RPUNMLQKOHMFFAX87CA,0.0,0.0,0.0,,
馬公市,房地(土地+建物),澎湖縣馬公市中華路１１之１號,73.0,商,,,1060422,土地2建物1車位0,全,五層,透天厝,住家用,鋼筋混凝土造,0890105,315.25,5,0,5,有,無,14820000,47010,,0.0,0,,RPRNMLLMNHMFFAX17CA,315.25,0.0,0.0,,
西嶼鄉,土地,二崁北段534-1地號,3929.36,,一般農業區,農牧用地,1060429,土地8建物0車位0,,,其他,,,,0.0,0,0,0,有,無,4715232,1200,,0.0,0,,RPSNMLLMNHMFFAX37DA,0.0,0.0,0.0,,
馬公市,土地,北極段636地號,396.71,住,,,1060508,土地2建物0車位0,,,其他,,,,0.0,0,0,0,有,無,4800000,12100,,0.0,0,,RPRNMLSJOHMFFAX67CA,0.0,0.0,0.0,,
西嶼鄉,土地,竹灣段1979地號,208.26,,一般農業區,農牧用地,1060512,土地2建物0車位0,,,其他,,,,0.0,0,0,0,有,無,270751,1300,,0.0,0,向政府機關承購之案件。,RPQNMLLJOHMFFAX86CA,0.0,0.0,0.0,,
馬公市,土地,五福段81地號,974.19,,一般農業區,農牧用地,1060512,土地1建物0車位0,,,其他,,,,0.0,0,0,0,有,無,12020000,12338,,0.0,0,,RPRNMLLJOHMFFAX96CA,0.0,0.0,0.0,,
白沙鄉,土地,下瓦硐段676地號,644.89,,一般農業區,農牧用地,1060501,土地6建物0車位0,,,其他,,,,0.0,0,0,0,有,無,1000000,1551,,0.0,0,,RPPNMLPJOHMFFAX27DA,0.0,0.0,0.0,,
馬公市,土地,北極段1224地號,62.76,住,,,1060511,土地1建物0車位0,,,其他,,,,0.0,0,0,0,有,無,822156,13100,,0.0,0,向政府機關承購之案件。,RPQNMLPJOHMFFAX37DA,0.0,0.0,0.0,,
白沙鄉,土地,城前新段46地號,57.02,,一般農業區,交通用地,1060511,土地1建物0車位0,,,其他,,,,0.0,0,0,0,有,無,74600,1308,,0.0,0,向政府機關承購之案件。,RPTNMLMLOHMFFAX67EA,0.0,0.0,0.0,,
馬公市,土地,馬公段1422-3地號,15.0,商,,,1060519,土地1建物0車位0,,,其他,,,,0.0,0,0,0,有,無,1822500,121500,,0.0,0,向政府機關承購之案件。,RPQNMLMJOHMFFAX96CA,0.0,0.0,0.0,,
馬公市,土地,北極段632地號,107.84,住,,,1060508,土地1建物0車位0,,,其他,,,,0.0,0,0,0,有,無,815500,7562,,0.0,0,,RPQNMLSJOHMFFAX57CA,0.0,0.0,0.0,,
白沙鄉,土地,吉貝西段1101-9地號,2070.79,,一般農業區,遊憩用地,1060501,土地3建物0車位0,,,其他,,,,0.0,0,0,0,有,無,23400000,11300,,0.0,0,,RPRNMLMKOHMFFAX17CA,0.0,0.0,0.0,,
白沙鄉,房地(土地+建物),澎湖縣白沙鄉通梁１１１之２號,92.79,住,,,1060421,土地1建物1車位0,一層，二層，電梯樓梯間,二層,其他,農民住宅,鋼筋混凝土加強磚造,0740104,125.74,5,2,2,有,無,2000000,15906,,0.0,0,農民住宅,RPRNMLOKOHMFFAX37CA,125.74,0.0,0.0,,
馬公市,土地,五福段1051-5地號,213.05,,一般農業區,甲種建築用地,1060520,土地2建物0車位0,,,其他,,,,0.0,0,0,0,有,無,10800000,50692,,0.0,0,農變建起造人變更，土地價款750萬另含未來興建成本共計1080萬,RPRNMLPJOHMFFAX37CA,0.0,0.0,0.0,,
湖西鄉,土地,西溪新段2500地號,1753.71,,一般農業區,農牧用地,1060522,土地1建物0車位0,,,其他,,,,0.0,0,0,0,有,無,3648000,2080,,0.0,0,,RPPNMLNJOHMFFAX96CA,0.0,0.0,0.0,,
馬公市,房地(土地+建物),澎湖縣馬公市林森路87巷15號,37.47,住,,,1060518,土地1建物1車位0,全,二層,透天厝,住家用,鋼筋混凝土加強空心磚造,0640724,43.6,4,2,5,有,無,5080000,116514,,0.0,0,,RPPNMLQJOHMFFAX37DA,43.6,0.0,0.0,,
馬公市,土地,山水北段763地號,443.05,,一般農業區,農牧用地,1060521,土地1建物0車位0,,,其他,,,,0.0,0,0,0,有,無,2200000,4966,,0.0,0,親友關係間之交易。,RPQNMLMKPHMFFAX17CA,0.0,0.0,0.0,,
馬公市,房地(土地+建物),澎湖縣馬公市?頭掛１９６之１號,203.27,,一般農業區,甲種建築用地,1060411,土地4建物1車位0,全,一層,透天厝,住家用,鋼筋混凝土造,1030922,77.71,1,1,1,有,無,3000000,38605,,0.0,0,,RPSNMLKMOHMFFAX47EA,77.71,0.0,0.0,,
馬公市,房地(土地+建物),澎湖縣馬公市光復路２９５之１號六樓之三,13.98,住,,,1060521,土地3建物1車位0,六層,七層,華廈(10層含以下有電梯),住家用,鋼筋混凝土造,0860320,70.44,2,1,1,有,有,3000000,42589,,0.0,0,,RPSNMLPJOHMFFAX47CA,48.13,4.66,0.0,,
湖西鄉,土地,湖西北段529地號,395.03,,一般農業區,農牧用地,1060531,土地1建物0車位0,,,其他,,,,0.0,0,0,0,有,無,592500,1500,,0.0,0,,RPQNMLQJOHMFFAX37CA,0.0,0.0,0.0,,
白沙鄉,房地(土地+建物),澎湖縣白沙鄉吉貝２７之６號,170.59,,一般農業區,甲種建築用地,1060522,土地1建物1車位0,全,三層,透天厝,住家用,鋼筋混凝土加強磚造,0721201,180.56,4,2,5,有,無,6800000,37661,,0.0,0,,RPQNMLRJOHMFFAX47CA,180.56,0.0,0.0,,
馬公市,房地(土地+建物),澎湖縣馬公市?頭掛６０之６０號,241.3,,一般農業區,甲種建築用地,1060518,土地2建物1車位0,全,三層,透天厝,住家用,鋼筋混凝土造,1050830,241.99,5,2,5,有,無,6700000,27687,,0.0,0,,RPQNMLTJOHMFFAX67CA,219.79,22.2,0.0,,
馬公市,房地(土地+建物),澎湖縣馬公市惠安一路１號一樓,22.62,商,,,1060517,土地1建物1車位0,一層，夾層,五層,公寓(5樓含以下無電梯),住家用,鋼筋混凝土造,0871118,107.57,2,2,2,有,無,12000000,111555,,0.0,0,有電梯,RPRNMLQKOHMFFAX57CA,82.61,0.98,18.8,,
馬公市,土地,文寮段526地號,600.14,,一般農業區,農牧用地,1060522,土地1建物0車位0,,,其他,,,,0.0,0,0,0,有,無,2178000,3629,,0.0,0,,RPSNMLKKOHOFFAX27CA,0.0,0.0,0.0,,
馬公市,土地,北極段1161-5地號,10.76,住,,,1060516,土地1建物0車位0,,,其他,,,,0.0,0,0,0,有,無,164413,15280,,0.0,0,向政府機關承購之案件。,RPPNMLSJOHMFFAX67EA,0.0,0.0,0.0,,
馬公市,房地(土地+建物)+車位,澎湖縣馬公市貿商街１２２號五樓之二,28.82,住,,,1060427,土地2建物1車位1,五層,十四層,住宅大樓(11層含以上有電梯),集合住宅,鋼筋混凝土造,0950710,177.19,3,2,2,有,無,4200000,23703,坡道平面,0.0,0,,RPQNMLOKOHMFFAX27CA,96.71,0.0,10.96,,
湖西鄉,土地,太武新段208地號,147.28,,一般農業區,農牧用地,1060601,土地1建物0車位0,,,其他,,,,0.0,0,0,0,有,無,268000,1820,,0.0,0,,RPPNMLMKOHMFFAX96CA,0.0,0.0,0.0,,
湖西鄉,房地(土地+建物),澎湖縣湖西鄉湖西１４３之６號,26.83,,鄉村區,乙種建築用地,1060427,土地1建物1車位0,全,三層,透天厝,住家用,鋼筋混凝土造,1040210,87.09,2,2,3,有,無,3200000,36744,,0.0,0,,RPRNMLMLOHMFFAX27CA,87.09,0.0,0.0,,
馬公市,房地(土地+建物)+車位,澎湖縣馬公市三多路３５１號,27.0,住,,,1060515,土地1建物1車位1,一層,十四層,住宅大樓(11層含以上有電梯),商業用,鋼筋混凝土造,0950629,181.64,0,1,1,有,無,9000000,49549,坡道平面,0.0,0,本價格含土地增值稅和仲介費,RPTNMLKKOHOFFAX37CA,108.27,0.0,0.0,,
西嶼鄉,土地,小池角段1675地號,189.0,,鄉村區,乙種建築用地,1060602,土地1建物0車位0,,,其他,,,,0.0,0,0,0,有,無,1060000,5608,,0.0,0,,RPQNMLMKOHMFFAX17DA,0.0,0.0,0.0,,
湖西鄉,土地,湖西北段127地號,14.59,,一般農業區,農牧用地,1060605,土地1建物0車位0,,,其他,,,,0.0,0,0,0,有,無,40000,2742,,0.0,0,,RPRNMLPJPHMFFAX67EA,0.0,0.0,0.0,,
馬公市,土地,烏崁新段1614地號,271.06,,一般農業區,農牧用地,1060425,土地1建物0車位0,,,其他,,,,0.0,0,0,0,有,無,820000,3025,,0.0,0,,RPUNMLOKOHMFFAX67CA,0.0,0.0,0.0,,
西嶼鄉,土地,二崁南段1386地號,528.93,,風景區,農牧用地,1060601,土地1建物0車位0,,,其他,,,,0.0,0,0,0,有,無,5000000,9453,,0.0,0,,RPSNMLNKOHMFFAX37CA,0.0,0.0,0.0,,
馬公市,土地,文東段1442地號,766.28,,一般農業區,農牧用地,1060505,土地1建物0車位0,,,其他,,,,0.0,0,0,0,有,無,2800000,3654,,0.0,0,買方負擔土地增值稅146275元,RPQNMLTKOHMFFAX77CA,0.0,0.0,0.0,,
湖西鄉,土地,隘門新段1227地號,732.02,,一般農業區,農牧用地,1060510,土地5建物0車位0,,,其他,,,,0.0,0,0,0,有,無,2000000,2732,,0.0,0,債權債務二等親買賣,RPPNMLLLOHMFFAX96CA,0.0,0.0,0.0,,
西嶼鄉,土地,橫礁段84-1地號,20.0,,,,1060601,土地1建物0車位0,,,其他,,,,0.0,0,0,0,有,無,135200,6760,,0.0,0,向政府機關承購之案件。,RPRNMLRLOHMFFAX97EA,0.0,0.0,0.0,,
馬公市,土地,埕西段29-1地號,22.71,住,,,1060531,土地1建物0車位0,,,其他,,,,0.0,0,0,0,有,無,500000,22017,,0.0,0,,RPRNMLNKOHMFFAX37DA,0.0,0.0,0.0,,
白沙鄉,土地,鎮海新段839地號,626.98,,風景區,農牧用地,1060519,土地1建物0車位0,,,其他,,,,0.0,0,0,0,有,無,877778,1400,,0.0,0,向政府機關承購之案件權利人共4人。,RPPNMLTKOHMFFAX77DA,0.0,0.0,0.0,,
馬公市,土地,鎖港西段158地號,164.66,住,,,1060606,土地1建物0車位0,,,其他,,,,0.0,0,0,0,有,無,1410000,8563,,0.0,0,,RPTNMLNKOHMFFAX47CA,0.0,0.0,0.0,,
馬公市,房地(土地+建物),澎湖縣馬公市中華路２６４號,90.05,住,,,1060515,土地2建物1車位0,全,四層,透天厝,住家用,鋼筋混凝土造,0680828,170.5,6,1,4,有,無,11800000,69208,,0.0,0,,RPTNMLPKOHMFFAX67CA,170.5,0.0,0.0,,
西嶼鄉,土地,小池角段879地號,300.0,,一般農業區,農牧用地,1060609,土地1建物0車位0,,,其他,,,,0.0,0,0,0,有,無,2850000,9500,,0.0,0,,RPPNMLKMOHMFFAX96CA,0.0,0.0,0.0,,
馬公市,土地,鐵線段1010地號,378.26,,一般農業區,甲種建築用地,1051230,土地1建物0車位0,,,其他,,,,0.0,0,0,0,有,無,2860500,7562,,0.0,0,,RPPNMLRLOHMFFAX57CA,0.0,0.0,0.0,,
馬公市,土地,北澳段588-5地號,261.72,,一般農業區,甲種建築用地,1051230,土地2建物0車位0,,,其他,,,,0.0,0,0,0,有,無,11000000,42030,,0.0,0,含未來興建房屋價款,RPTNMLRLOHMFFAX97CA,0.0,0.0,0.0,,
馬公市,房地(土地+建物),澎湖縣馬公市東文澳１７９之４０號,63.06,,一般農業區,甲種建築用地,1060527,土地1建物1車位0,全,三層,透天厝,住家用,鋼筋混凝土加強磚造,0760328,121.8,3,1,4,有,無,4490000,36864,,0.0,0,,RPQNMLQKOHMFFAX47CA,121.8,0.0,0.0,,
馬公市,土地,五福段543地號,57.85,,一般農業區,農牧用地,1060605,土地1建物0車位0,,,其他,,,,0.0,0,0,0,有,無,1300000,22472,,0.0,0,賣方賣清價,RPRNMLTKOHMFFAX87CA,0.0,0.0,0.0,,
馬公市,土地,北極段650-1地號,7.57,住,,,1060606,土地1建物0車位0,,,其他,,,,0.0,0,0,0,有,無,120000,15852,,0.0,0,,RPPNMLKLOHMFFAX86CA,0.0,0.0,0.0,,
湖西鄉,土地,青螺新段1197地號,1882.15,,一般農業區,農牧用地,1060526,土地1建物0車位0,,,其他,,,,0.0,0,0,0,有,無,2130000,1132,,0.0,0,,RPQNMLKLOHMFFAX96CA,0.0,0.0,0.0,,
馬公市,房地(土地+建物),澎湖縣馬公市北辰街１７巷１之４號,38.27,住,,,1060511,土地1建物1車位0,五層，電梯樓梯間,五層,公寓(5樓含以下無電梯),集合住宅,鋼筋混凝土造,0730629,92.8,3,2,2,有,無,2164200,23321,,0.0,0,,SPRNMLKLOHMFFAX17CA,92.8,0.0,0.0,,
馬公市,房地(土地+建物),澎湖縣馬公市朝陽路４１巷６號,112.78,住,,,1060517,土地1建物1車位0,全,三層,透天厝,住家用,鋼筋混凝土造,1040317,209.04,4,2,5,有,無,10000000,47838,,0.0,0,,RPSNMLQKOHMFFAX67CA,194.3,14.74,0.0,,
湖西鄉,土地,南寮新段127地號,756.28,,一般農業區,農牧用地,1060531,土地3建物0車位0,,,其他,,,,0.0,0,0,0,有,無,580000,767,,0.0,0,親友、員工或其他特殊關係間之交易。,RPPNMLNLOHMFFAX27DA,0.0,0.0,0.0,,
湖西鄉,土地,葉新段815地號,107.3,,鄉村區,乙種建築用地,1060531,土地2建物0車位0,,,其他,,,,0.0,0,0,0,有,無,520000,4846,,0.0,0,親友、員工或其他特殊關係間之交易。權利人4人,RPQNMLRLOHMFFAX77DA,0.0,0.0,0.0,,
湖西鄉,土地,南寮北段773地號,634.27,,一般農業區,農牧用地,1060518,土地1建物0車位0,,,其他,,,,0.0,0,0,0,有,無,1918667,3025,,0.0,0,,RPQNMLSLOHMFFAX97EA,0.0,0.0,0.0,,
馬公市,土地,鎖港南段363-3地號,1358.36,,一般農業區,農牧用地,1060601,土地4建物0車位0,,,其他,,,,0.0,0,0,0,有,無,9448000,6955,,0.0,0,,RPSNMLOKPHMFFAX57CA,0.0,0.0,0.0,,
馬公市,土地,案山段357地號,43.38,其他,,,1060613,土地1建物0車位0,,,其他,,,,0.0,0,0,0,有,無,1600000,36883,,0.0,0,,RPRNMLRKPHMFFAX97EA,0.0,0.0,0.0,,
馬公市,土地,案山段360地號,43.49,其他,,,1060613,土地1建物0車位0,,,其他,,,,0.0,0,0,0,有,無,1600000,36790,,0.0,0,,RPSNMLRKPHMFFAX08EA,0.0,0.0,0.0,,
湖西鄉,土地,城北段138地號,455.6,,鄉村區,乙種建築用地,1060523,土地1建物0車位0,,,其他,,,,0.0,0,0,0,有,無,4410000,9680,,0.0,0,,RPQNMLMLOHMFFAX17CA,0.0,0.0,0.0,,
馬公市,房地(土地+建物),澎湖縣馬公市東衛８６之２７號,305.1,,一般農業區,甲種建築用地,1050422,土地2建物1車位0,全,三層,透天厝,住家用,鋼筋混凝土造,1050223,307.11,4,3,5,有,無,8460000,27547,,0.0,0,,RPQNMLLLOHMFFAX07CA,286.97,20.14,0.0,,
馬公市,房地(土地+建物),澎湖縣馬公市?頭掛６０之５８號,241.32,,一般農業區,甲種建築用地,1060509,土地2建物1車位0,全,三層,透天厝,住家用,鋼筋混凝土造,1050830,241.99,5,2,5,有,無,7200000,29753,,0.0,0,,RPRNMLQLOHMFFAX67CA,219.79,22.2,0.0,,
馬公市,房地(土地+建物)+車位,澎湖縣馬公市文山路２７巷８之3號,24.93,住,,,1060522,土地1建物1車位1,一層,十層,華廈(10層含以下有電梯),集合住宅,鋼筋混凝土造,1060328,129.05,2,2,1,有,無,8080000,70733,坡道平面,23.3,600000,,RPQNMLOLOHMFFAX37CA,64.38,8.55,0.0,,
馬公市,房地(土地+建物),澎湖縣馬公市文山路２７巷８號二樓,34.14,住,,,1060522,土地0建物1車位0,二層,十層,華廈(10層含以下有電梯),集合住宅,鋼筋混凝土造,1060328,143.84,3,2,2,有,無,8430000,58607,,0.0,0,,RPRNMLOLOHMFFAX47CA,88.1,12.94,0.0,,
馬公市,房地(土地+建物),澎湖縣馬公市文山路２７巷８之１號二樓,21.44,住,,,1060522,土地1建物1車位0,二層,十層,華廈(10層含以下有電梯),集合住宅,鋼筋混凝土造,1060328,92.53,2,2,1,有,無,5160000,55766,,0.0,0,,RPSNMLOLOHMFFAX57CA,56.2,9.23,0.0,,
馬公市,房地(土地+建物)+車位,澎湖縣馬公市文山路２７巷８之５號二樓,21.76,住,,,1060522,土地1建物1車位1,二層,十層,華廈(10層含以下有電梯),集合住宅,鋼筋混凝土造,1060328,115.62,2,2,1,有,無,5540000,53510,坡道平面,23.3,600000,,RPTNMLOLOHMFFAX67CA,56.2,9.09,0.0,,
馬公市,房地(土地+建物),澎湖縣馬公市文山路２７巷８之３號二樓,26.2,住,,,1060522,土地1建物1車位0,二層,十層,華廈(10層含以下有電梯),集合住宅,鋼筋混凝土造,1060328,111.16,3,2,2,有,無,5388000,48471,,0.0,0,,RPUNMLOLOHMFFAX77CA,70.15,8.41,0.0,,
馬公市,房地(土地+建物),澎湖縣馬公市文山路２７巷８號三樓,33.51,住,,,1060522,土地1建物1車位0,三層,十層,華廈(10層含以下有電梯),集合住宅,鋼筋混凝土造,1060328,141.36,3,2,2,有,無,8300000,58715,,0.0,0,,RPVNMLOLOHMFFAX87CA,88.1,12.94,0.0,,
馬公市,房地(土地+建物),澎湖縣馬公市文山路２７巷８號三樓之２,22.39,住,,,1060522,土地1建物1車位0,三層,十層,華廈(10層含以下有電梯),集合住宅,鋼筋混凝土造,1060328,93.82,2,2,1,有,無,5310000,56598,,0.0,0,,RPWNMLOLOHMFFAX97CA,56.72,9.41,0.0,,
馬公市,房地(土地+建物),澎湖縣馬公市文山路２７巷８之１號三樓,21.44,住,,,1060522,土地1建物1車位0,三層,十層,華廈(10層含以下有電梯),集合住宅,鋼筋混凝土造,1060328,91.14000000000001,2,2,1,有,無,4720000,51788,,0.0,0,,RPXNMLOLOHMFFAX08CA,56.16,9.27,0.0,,
馬公市,房地(土地+建物)+車位,澎湖縣馬公市文山路２７巷８之５號三樓,21.6,住,,,1060522,土地1建物1車位1,三層,十層,華廈(10層含以下有電梯),集合住宅,鋼筋混凝土造,1060328,114.31,2,2,1,有,無,5360000,52302,坡道平面,23.3,600000,,RPOOMLOLOHMFFAX27CA,56.16,9.13,0.0,,
馬公市,房地(土地+建物)+車位,澎湖縣馬公市文山路２７巷８之３號三樓,26.2,住,,,1060522,土地1建物1車位1,三層,十層,華廈(10層含以下有電梯),集合住宅,鋼筋混凝土造,1060328,134.21,3,2,1,有,無,6480000,53016,坡道平面,23.3,600000,,RPPOMLOLOHMFFAX37CA,70.15,9.35,0.0,,
馬公市,房地(土地+建物)+車位,澎湖縣馬公市文山路２７巷８號四樓之２,22.07,住,,,1060522,土地1建物1車位1,四層,十層,華廈(10層含以下有電梯),集合住宅,鋼筋混凝土造,1060328,117.07,2,2,1,有,無,5300000,51162,坡道平面,23.25,500000,,RPQOMLOLOHMFFAX47CA,56.72,9.41,0.0,,
馬公市,房地(土地+建物),澎湖縣馬公市文山路２７巷８之５號四樓,21.44,住,,,1060522,土地1建物1車位0,四層,十層,華廈(10層含以下有電梯),集合住宅,鋼筋混凝土造,1060328,91.0,2,2,1,有,無,4740000,52088,,0.0,0,,RPROMLOLOHMFFAX57CA,56.16,9.13,0.0,,
馬公市,房地(土地+建物),澎湖縣馬公市文山路２７巷８之３號四樓,26.04,住,,,1060522,土地1建物1車位0,四層,十層,華廈(10層含以下有電梯),集合住宅,鋼筋混凝土造,1060328,110.9,3,2,2,有,無,6080000,54824,,0.0,0,,RPSOMLOLOHMFFAX67CA,70.15,9.35,0.0,,
馬公市,房地(土地+建物)+車位,澎湖縣馬公市文山路２７巷８之２號四樓,26.2,住,,,1060522,土地1建物1車位1,四層,十層,華廈(10層含以下有電梯),集合住宅,鋼筋混凝土造,1060328,134.23,3,2,2,有,無,6400000,51384,坡道平面,23.3,700000,,RPTOMLOLOHMFFAX77CA,70.2,9.35,0.0,,
馬公市,房地(土地+建物),澎湖縣馬公市文山路２７巷８之１號五樓,21.44,住,,,1060522,土地1建物1車位0,五層,十層,華廈(10層含以下有電梯),集合住宅,鋼筋混凝土造,1060328,91.14000000000001,2,2,1,有,無,4870000,53434,,0.0,0,,RPUOMLOLOHMFFAX87CA,56.16,9.27,0.0,,
馬公市,房地(土地+建物),澎湖縣馬公市文山路２７巷８之５號五樓,21.44,住,,,1060522,土地1建物1車位0,五層,十層,華廈(10層含以下有電梯),集合住宅,鋼筋混凝土造,1060328,91.0,2,2,1,有,無,4962000,54527,,0.0,0,,RPVOMLOLOHMFFAX97CA,56.16,9.13,0.0,,
馬公市,房地(土地+建物)+車位,澎湖縣馬公市文山路２７巷８之３號五樓,26.2,住,,,1060522,土地1建物1車位1,五層,十層,華廈(10層含以下有電梯),集合住宅,鋼筋混凝土造,1060328,134.21,3,2,2,有,無,6680000,53918,坡道平面,23.3,700000,,RPWOMLOLOHMFFAX08CA,70.15,9.35,0.0,,
馬公市,房地(土地+建物),澎湖縣馬公市文山路２７巷８號六樓之２,21.92,住,,,1060522,土地1建物1車位0,六層,十層,華廈(10層含以下有電梯),集合住宅,鋼筋混凝土造,1060328,93.82,2,2,1,有,無,5100000,54359,,0.0,0,,RPXOMLOLOHMFFAX18CA,56.72,9.41,0.0,,
馬公市,房地(土地+建物),澎湖縣馬公市文山路２７巷８號六樓之１,26.52,住,,,1060522,土地1建物1車位0,六層,十層,華廈(10層含以下有電梯),集合住宅,鋼筋混凝土造,1060328,113.25,3,2,2,有,無,6380000,56336,,0.0,0,,RPOPMLOLOHMFFAX37CA,70.51,9.31,0.0,,
馬公市,房地(土地+建物)+車位,澎湖縣馬公市文山路２７巷８之１號六樓,21.6,住,,,1060522,土地1建物1車位1,六層,十層,華廈(10層含以下有電梯),集合住宅,鋼筋混凝土造,1060328,114.45000000000002,2,2,1,有,無,5500000,53758,坡道平面,23.3,600000,,RPPPMLOLOHMFFAX47CA,56.16,9.27,0.0,,
馬公市,房地(土地+建物)+車位,澎湖縣馬公市文山路２７巷８之５號六樓,21.6,住,,,1060522,土地1建物1車位1,六層,十層,華廈(10層含以下有電梯),集合住宅,鋼筋混凝土造,1060328,114.31,2,2,1,有,無,5560000,54500,坡道平面,23.3,600000,,RPQPMLOLOHMFFAX57CA,56.16,9.13,0.0,,
馬公市,房地(土地+建物)+車位,澎湖縣馬公市文山路２７巷８之３號六樓,26.2,住,,,1060522,土地1建物1車位1,六層,十層,華廈(10層含以下有電梯),集合住宅,鋼筋混凝土造,1060328,134.21,3,2,2,有,無,6750000,55000,坡道平面,23.3,650000,,RPRPMLOLOHMFFAX67CA,70.15,9.35,0.0,,
馬公市,房地(土地+建物)+車位,澎湖縣馬公市文山路２７巷８之２號六樓,26.2,住,,,1060522,土地1建物1車位1,六層,十層,華廈(10層含以下有電梯),集合住宅,鋼筋混凝土造,1060328,134.23,3,2,2,有,無,6700000,54088,坡道平面,23.3,700000,,RPSPMLOLOHMFFAX77CA,70.2,9.35,0.0,,
馬公市,房地(土地+建物),澎湖縣馬公市文山路２７巷８之１號七樓,21.44,住,,,1060522,土地1建物1車位0,七層,十層,華廈(10層含以下有電梯),集合住宅,鋼筋混凝土造,1060328,91.14000000000001,2,2,1,有,無,4980000,54641,,0.0,0,,RPTPMLOLOHMFFAX87CA,56.16,9.27,0.0,,
馬公市,房地(土地+建物)+車位,澎湖縣馬公市文山路２７巷８之５號七樓,21.6,住,,,1060522,土地1建物1車位1,七層,十層,華廈(10層含以下有電梯),集合住宅,鋼筋混凝土造,1060328,114.26,2,2,1,有,無,5510000,55049,坡道平面,23.25,500000,,RPUPMLOLOHMFFAX97CA,56.16,9.13,0.0,,
馬公市,房地(土地+建物),澎湖縣馬公市文山路２７巷８之３號七樓,26.04,住,,,1060522,土地1建物1車位0,七層,十層,華廈(10層含以下有電梯),集合住宅,鋼筋混凝土造,1060328,110.9,3,2,2,有,無,6030000,54373,,0.0,0,,RPVPMLOLOHMFFAX08CA,70.15,9.35,0.0,,
馬公市,房地(土地+建物)+車位,澎湖縣馬公市文山路２７巷８號八樓,33.67,住,,,1060522,土地1建物1車位1,八層,十層,華廈(10層含以下有電梯),集合住宅,鋼筋混凝土造,1060328,164.67000000000002,3,2,2,有,無,8580000,55740,坡道平面,23.3,700000,,RPWPMLOLOHMFFAX18CA,88.1,12.94,0.0,,
馬公市,房地(土地+建物),澎湖縣馬公市文山路２７巷８號八樓之１,26.52,住,,,1060522,土地1建物1車位0,八層,十層,華廈(10層含以下有電梯),集合住宅,鋼筋混凝土造,1060328,113.25,3,2,2,有,無,6350000,56071,,0.0,0,,RPXPMLOLOHMFFAX28CA,70.51,9.31,0.0,,
馬公市,房地(土地+建物)+車位,澎湖縣馬公市文山路２７巷８之１號八樓,21.6,住,,,1060522,土地1建物1車位1,八層,十層,華廈(10層含以下有電梯),集合住宅,鋼筋混凝土造,1060328,114.45000000000002,2,2,1,有,無,5750000,55403,坡道平面,23.3,700000,,RPOQMLOLOHMFFAX47CA,56.16,9.27,0.0,,
馬公市,房地(土地+建物)+車位,澎湖縣馬公市文山路２７巷８之５號八樓,21.6,住,,,1060522,土地1建物1車位1,八層,十層,華廈(10層含以下有電梯),集合住宅,鋼筋混凝土造,1060328,114.31,2,2,1,有,無,5670000,55708,坡道平面,23.3,600000,,RPPQMLOLOHMFFAX57CA,56.16,9.13,0.0,,
馬公市,房地(土地+建物),澎湖縣馬公市文山路２７巷８之３號八樓,26.04,住,,,1060522,土地1建物1車位0,八層,十層,華廈(10層含以下有電梯),集合住宅,鋼筋混凝土造,1060328,110.9,3,2,2,有,無,6310000,56898,,0.0,0,,RPQQMLOLOHMFFAX67CA,70.15,9.35,0.0,,
馬公市,房地(土地+建物),澎湖縣馬公市文山路２７巷８之２號八樓,26.04,住,,,1060522,土地1建物1車位0,八層,十層,華廈(10層含以下有電梯),集合住宅,鋼筋混凝土造,1060328,110.92,3,2,2,有,無,6400000,57699,,0.0,0,,RPRQMLOLOHMFFAX77CA,70.2,9.35,0.0,,
馬公市,房地(土地+建物),澎湖縣馬公市文山路２７巷８號九樓,33.51,住,,,1060522,土地1建物1車位0,九層,十層,華廈(10層含以下有電梯),集合住宅,鋼筋混凝土造,1060328,141.36,3,2,2,有,無,8160000,57725,,0.0,0,,RPSQMLOLOHMFFAX87CA,88.1,12.94,0.0,,
馬公市,房地(土地+建物),澎湖縣馬公市文山路２７巷８號九樓之１,26.52,住,,,1060522,土地1建物1車位0,九層,十層,華廈(10層含以下有電梯),集合住宅,鋼筋混凝土造,1060328,113.25,3,2,2,有,無,6430000,56777,,0.0,0,,RPTQMLOLOHMFFAX97CA,70.51,9.31,0.0,,
馬公市,房地(土地+建物),澎湖縣馬公市文山路２７巷８之１號九樓,21.44,住,,,1060522,土地1建物1車位0,九層,十層,華廈(10層含以下有電梯),集合住宅,鋼筋混凝土造,1060328,91.14000000000001,2,2,1,有,無,5060000,55519,,0.0,0,,RPUQMLOLOHMFFAX08CA,56.16,9.27,0.0,,
馬公市,房地(土地+建物)+車位,澎湖縣馬公市文山路２７巷８號十樓之１,26.68,住,,,1060522,土地1建物1車位1,十層,十層,華廈(10層含以下有電梯),集合住宅,鋼筋混凝土造,1060328,136.56,3,2,2,有,無,7100000,57390,坡道平面,23.3,600000,,RPVQMLOLOHMFFAX18CA,70.51,9.31,0.0,,
望安鄉,土地,水垵段1977地號,286.0,,鄉村區,乙種建築用地,1060602,土地1建物0車位0,,,其他,,,,0.0,0,0,0,有,無,3500000,12238,,0.0,0,價錢包含未保存登記之建物二層樓房加強磚造總面積156.10平方公尺。,RPPNMLQLOHMFFAX47CA,0.0,0.0,0.0,,
馬公市,房地(土地+建物),澎湖縣馬公市文光路東一橫巷８之５號,58.5,住,,,1060522,土地1建物1車位0,全,二層,透天厝,住家用,鋼筋混凝土加強磚造,0670510,81.02,3,2,2,有,無,2000000,24685,,0.0,0,親友、員工或其他特殊關係間之交易。,RPQNMLQLOHMFFAX57CA,81.02,0.0,0.0,,
馬公市,房地(土地+建物),澎湖縣馬公市文化路９號,20.0,商,,,1060608,土地1建物1車位0,全,二層,透天厝,住商用,鋼筋混凝土加強空心磚造,0510731,40.94,1,1,1,有,無,3500000,85491,,0.0,0,,RPPNMLMLOHMFFAX07CA,40.94,0.0,0.0,,
馬公市,房地(土地+建物)+車位,澎湖縣馬公市貿商街１２７號十一樓之五,26.95,住,,,1060601,土地1建物1車位1,十一層,十二層,住宅大樓(11層含以上有電梯),集合住宅,鋼筋混凝土造,0950629,181.29000000000002,3,2,2,有,有,4500000,24822,坡道平面,0.0,0,,RPSNMLMLOHMFFAX37CA,96.88,0.0,11.16,,
馬公市,土地,興仁段821地號,1044.96,,一般農業區,農牧用地,1060601,土地1建物0車位0,,,其他,,,,0.0,0,0,0,有,無,4110000,3933,,0.0,0,,RPUNMLMLOHMFFAX57CA,0.0,0.0,0.0,,
湖西鄉,土地,葉新段1491地號,82.04,,一般農業區,農牧用地,1060615,土地1建物0車位0,,,其他,,,,0.0,0,0,0,有,無,98448,1200,,0.0,0,,RPUNMLRLOHMFFAX28EA,0.0,0.0,0.0,,
湖西鄉,土地,葉新段1483地號,872.27,,一般農業區,農牧用地,1060615,土地1建物0車位0,,,其他,,,,0.0,0,0,0,有,無,1046724,1200,,0.0,0,,RPVNMLRLOHMFFAX38EA,0.0,0.0,0.0,,
馬公市,房地(土地+建物),澎湖縣馬公市三多路264號,92.28,住,,,1060517,土地1建物1車位0,全,三層,透天厝,住家用,鋼筋混凝土造,0800802,148.65,3,2,4,有,無,18500000,124453,,0.0,0,,RPQNMLKMOHMFFAX17DA,148.65,0.0,0.0,,
馬公市,房地(土地+建物),澎湖縣馬公市陽明路１０巷６號,76.16,住,,,1060603,土地2建物1車位0,全,二層,透天厝,住家用,鋼筋混凝土加強磚造,0680305,83.6,3,1,2,有,無,6000000,71770,,0.0,0,,RPPNMLTKPHMFFAX77CA,83.6,0.0,0.0,,
七美鄉,土地,大嶼段4057地號,306.4,,一般農業區,甲種建築用地,1060610,土地1建物0車位0,,,其他,,,,0.0,0,0,0,有,無,556320,1816,,0.0,0,親友、員工或其他特殊關係間之交易。,RPTNMLLKPHMFFAX37CA,0.0,0.0,0.0,,
馬公市,土地,山水西段302地號,749.88,,一般農業區,農牧用地,1060615,土地1建物0車位0,,,其他,,,,0.0,0,0,0,有,無,3600000,4801,,0.0,0,,RPWNMLNLOHMFFAX87CA,0.0,0.0,0.0,,
馬公市,土地,六合段689地號,205.68,其他,,,1060518,土地1建物0車位0,,,其他,,,,0.0,0,0,0,有,無,6600000,32089,,0.0,0,,RPSNMLNLOHMFFAX57DA,0.0,0.0,0.0,,
湖西鄉,房地(土地+建物),澎湖縣湖西鄉港子尾62號,529.87,,一般農業區,甲種建築用地,1060603,土地1建物1車位0,全,一層,透天厝,住家用,鋼筋加強造,0540504,73.37,3,1,1,有,無,7000000,95407,,0.0,0,,RPUNMLNLOHMFFAX77DA,73.37,0.0,0.0,,
馬公市,土地,興崁段884-1地號,347.11,,一般農業區,農牧用地,1060616,土地1建物0車位0,,,其他,,,,0.0,0,0,0,有,無,2730000,7865,,0.0,0,,RPRNMLNLOHMFFAX37CA,0.0,0.0,0.0,,
馬公市,土地,四維段973-4地號,32.9,,一般農業區,甲種建築用地,1060608,土地1建物0車位0,,,其他,,,,0.0,0,0,0,有,無,897183,27270,,0.0,0,,RPWNMLRLOHMFFAX28CA,0.0,0.0,0.0,,
馬公市,土地,國宅段181地號,3996.4,,一般農業區,農牧用地,1060615,土地1建物0車位0,,,其他,,,,0.0,0,0,0,有,無,12230000,3060,,0.0,0,,RPVNMLNLOHMFFAX77CA,0.0,0.0,0.0,,
馬公市,土地,東衛段1031-4地號,284.24,,一般農業區,甲種建築用地,1060524,土地2建物0車位0,,,其他,,,,0.0,0,0,0,有,無,9000000,31663,,0.0,0,農變建起造人變更，土地價款600萬，另含未來興建成本共計900萬,RPSNMLQLOHMFFAX77CA,0.0,0.0,0.0,,
馬公市,房地(土地+建物),澎湖縣馬公市文林街９號,106.86,住,,,1060126,土地0建物1車位0,全,二層,透天厝,住家用,鋼筋混凝土加強磚造,0660321,79.54,2,1,2,有,無,3635000,45700,,0.0,0,親友、員工或其他特殊關係間之交易。,RPQNMLRLPHMFFAX77CA,79.54,0.0,0.0,,
西嶼鄉,土地,小池角段3937地號,242.0,,鄉村區,乙種建築用地,1060613,土地1建物0車位0,,,其他,,,,0.0,0,0,0,有,無,915800,3784,,0.0,0,包含土地增值稅,RPRNMLTLOHMFFAX08DA,0.0,0.0,0.0,,
馬公市,土地,五德東段880地號,368.96,,一般農業區,農牧用地,1060428,土地1建物0車位0,,,其他,,,,0.0,0,0,0,有,無,4900000,13281,,0.0,0,,RPXNMLTKPHMFFAX68DA,0.0,0.0,0.0,,
馬公市,房地(土地+建物),澎湖縣馬公市文光路２０６巷３號,74.99,住,,,1060620,土地4建物1車位0,全,二層,透天厝,住家用,補強紅磚造,0701222,100.75,3,2,2,有,無,4360000,43275,,0.0,0,,RPQNMLTLOHMFFAX08EA,100.75,0.0,0.0,,
湖西鄉,土地,太武新段208地號,73.64,,一般農業區,農牧用地,1060623,土地1建物0車位0,,,其他,,,,0.0,0,0,0,有,無,134000,1820,,0.0,0,,RPRNMLSLOHMFFAX87CA,0.0,0.0,0.0,,
馬公市,土地,國宅段480-2地號,240.43,住,,,1060606,土地1建物0車位0,,,其他,,,,0.0,0,0,0,有,無,5450000,22668,,0.0,0,,RPPNMLTLOHMFFAX77CA,0.0,0.0,0.0,,
馬公市,土地,國宅段208地號,356.66,,一般農業區,農牧用地,1060621,土地1建物0車位0,,,其他,,,,0.0,0,0,0,有,無,863000,2420,,0.0,0,,RPSNMLTLOHMFFAX08CA,0.0,0.0,0.0,,
馬公市,土地,五福段816地號,271.17,,一般農業區,農牧用地,1060623,土地2建物0車位0,,,其他,,,,0.0,0,0,0,有,無,9250000,34111,,0.0,0,變更起造人含未來興建房屋之費用,RPTNMLTLOHMFFAX18CA,0.0,0.0,0.0,,
馬公市,房地(土地+建物),澎湖縣馬公市五福路３巷２７號,92.82,,鄉村區,乙種建築用地,1060614,土地5建物1車位0,全,五層,透天厝,住家用,鋼筋混凝土造,0850423,182.15,4,3,3,有,無,5300000,29097,,0.0,0,,RPUNMLTLOHMFFAX28CA,167.17,14.98,0.0,,
馬公市,土地,安宅段101-10地號,215.2,,一般農業區,甲種建築用地,1060606,土地2建物0車位0,,,其他,,,,0.0,0,0,0,有,無,4880000,22677,,0.0,0,,RPRNMLKMOHMFFAX17CA,0.0,0.0,0.0,,
馬公市,房地(土地+建物),澎湖縣馬公市敬業街５號,100.3,住,,,1060501,土地1建物1車位0,全,三層,透天厝,住家用,鋼筋混凝土造,1030310,207.75,5,2,5,有,無,13600000,65463,,0.0,0,,RPQNMLNJPHMFFAX17CA,199.75,8.0,0.0,,
湖西鄉,土地,城北段1087地號,295.35,,一般農業區,甲種建築用地,1060606,土地3建物0車位0,,,其他,,,,0.0,0,0,0,有,無,7700000,26071,,0.0,0,變更起造人，含未來興建房屋之費用,RPQNMLOJPHMFFAX27CA,0.0,0.0,0.0,,
湖西鄉,土地,城北段1087地號,295.36,,一般農業區,甲種建築用地,1060606,土地3建物0車位0,,,其他,,,,0.0,0,0,0,有,無,7900000,26747,,0.0,0,變更起造人，含未來興建房屋之費用,RPRNMLOJPHMFFAX37CA,0.0,0.0,0.0,,
馬公市,土地,海堤段99地號,2490.02,,一般農業區,農牧用地,1060526,土地1建物0車位0,,,其他,,,,0.0,0,0,0,有,無,37300000,14980,,0.0,0,,RPPOMLTKPHMFFAX97DA,0.0,0.0,0.0,,
湖西鄉,土地,成功南段825地號,1337.44,,一般農業區,農牧用地,1060526,土地1建物0車位0,,,其他,,,,0.0,0,0,0,有,無,16340000,12217,,0.0,0,共有人5人農變建專案核准案件,RPQNMLOLPHMFFAX57DA,0.0,0.0,0.0,,
馬公市,土地,鎖港南段363-4地號,330.0,,一般農業區,農牧用地,1060609,土地1建物0車位0,,,其他,,,,0.0,0,0,0,有,無,2300000,6970,,0.0,0,,RPPNMLSLPHMFFAX77CA,0.0,0.0,0.0,,
馬公市,土地,風櫃東段989-1地號,119.88,,鄉村區,乙種建築用地,1060623,土地1建物0車位0,,,其他,,,,0.0,0,0,0,有,無,1087800,9074,,0.0,0,,RPQNMLTKPHMFFAX87CA,0.0,0.0,0.0,,
馬公市,土地,興仁段741地號,1331.8,,一般農業區,農牧用地,1060622,土地1建物0車位0,,,其他,,,,0.0,0,0,0,有,無,7200000,5406,,0.0,0,,RPTNMLOJPHMFFAX57CA,0.0,0.0,0.0,,
馬公市,房地(土地+建物)+車位,澎湖縣馬公市文山路２７巷８之５號九樓,21.6,住,,,1060522,土地1建物1車位1,九層,十層,華廈(10層含以下有電梯),集合住宅,鋼筋混凝土造,1060328,114.31,2,2,1,有,無,5720000,56258,坡道平面,23.3,600000,,RPUOMLPJPHMFFAX87CA,56.16,9.13,0.0,,
白沙鄉,房地(土地+建物),澎湖縣白沙鄉漁港新村１９號,71.09,,鄉村區,乙種建築用地,1060615,土地1建物1車位0,全,二層,透天厝,攤販中心,鋼筋混凝土加強磚造,0750203,82.56,2,1,2,有,無,2150000,26042,,0.0,0,,RPPNMLNJPHMFFAX07CA,82.56,0.0,0.0,,
馬公市,房地(土地+建物)+車位,澎湖縣馬公市文山路２７巷８之５號,27.63,住,,,1060522,土地1建物1車位1,一層,十層,華廈(10層含以下有電梯),集合住宅,鋼筋混凝土造,1060328,139.93,3,2,2,有,無,10520000,85055,坡道平面,23.3,600000,,RPSNMLPJPHMFFAX57CA,70.83,9.61,0.0,,
馬公市,房地(土地+建物),澎湖縣馬公市文山路２７巷８之２號三樓,26.04,住,,,1060522,土地1建物1車位0,三層,十層,華廈(10層含以下有電梯),集合住宅,鋼筋混凝土造,1060328,110.92,3,2,2,有,無,6380000,57519,,0.0,0,,RPTNMLPJPHMFFAX67CA,70.2,9.35,0.0,,
馬公市,房地(土地+建物),澎湖縣馬公市文山路２７巷８號五樓,33.51,住,,,1060522,土地1建物1車位0,五層,十層,華廈(10層含以下有電梯),集合住宅,鋼筋混凝土造,1060328,141.36,3,2,2,有,無,7500000,53056,,0.0,0,,RPUNMLPJPHMFFAX77CA,88.1,12.94,0.0,,
馬公市,房地(土地+建物),澎湖縣馬公市文山路２７巷８號五樓之１,26.52,住,,,1060522,土地1建物1車位0,五層,十層,華廈(10層含以下有電梯),集合住宅,鋼筋混凝土造,1060328,113.25,3,2,2,有,無,6280000,55453,,0.0,0,,RPVNMLPJPHMFFAX87CA,70.51,9.31,0.0,,
馬公市,房地(土地+建物),澎湖縣馬公市文山路２７巷８之２號五樓,26.04,住,,,1060522,土地1建物1車位0,五層,十層,華廈(10層含以下有電梯),集合住宅,鋼筋混凝土造,1060328,110.92,3,2,2,有,無,6220000,56076,,0.0,0,,RPWNMLPJPHMFFAX97CA,70.2,9.35,0.0,,
馬公市,房地(土地+建物)+車位,澎湖縣馬公市文山路２７巷８號七樓,33.67,住,,,1060522,土地1建物1車位1,七層,十層,華廈(10層含以下有電梯),集合住宅,鋼筋混凝土造,1060328,164.67000000000002,3,2,2,有,無,8100000,53760,坡道平面,23.3,500000,,RPXNMLPJPHMFFAX08CA,88.1,12.94,0.0,,
馬公市,房地(土地+建物),澎湖縣馬公市文山路２７巷８號七樓之１,26.52,住,,,1060522,土地1建物1車位0,七層,十層,華廈(10層含以下有電梯),集合住宅,鋼筋混凝土造,1060328,113.25,3,2,2,有,無,6280000,55453,,0.0,0,,RPOOMLPJPHMFFAX27CA,70.51,9.31,0.0,,
馬公市,房地(土地+建物),澎湖縣馬公市文山路２７巷８號八樓之２,21.92,住,,,1060522,土地1建物1車位0,八層,十層,華廈(10層含以下有電梯),集合住宅,鋼筋混凝土造,1060328,93.82,2,2,1,有,無,4900000,52228,,0.0,0,,RPPOMLPJPHMFFAX37CA,56.72,9.41,0.0,,
馬公市,房地(土地+建物),澎湖縣馬公市文山路２７巷８號九樓之２,21.92,住,,,1060522,土地1建物1車位0,九層,十層,華廈(10層含以下有電梯),集合住宅,鋼筋混凝土造,1060328,93.82,2,2,1,有,無,5180000,55212,,0.0,0,,RPROMLPJPHMFFAX57CA,56.72,9.41,0.0,,
馬公市,房地(土地+建物)+車位,澎湖縣馬公市文山路２７巷８之２號九樓,26.2,住,,,1060522,土地1建物1車位1,九層,十層,華廈(10層含以下有電梯),集合住宅,鋼筋混凝土造,1060328,134.23,3,2,2,有,無,6720000,54268,坡道平面,23.3,700000,,RPSOMLPJPHMFFAX67CA,70.2,9.35,0.0,,
馬公市,房地(土地+建物)+車位,澎湖縣馬公市文山路２７巷８號十樓,33.67,住,,,1060522,土地1建物1車位1,十層,十層,華廈(10層含以下有電梯),集合住宅,鋼筋混凝土造,1060328,164.67000000000002,3,2,2,有,無,8700000,56589,坡道平面,23.3,700000,,RPTOMLPJPHMFFAX77CA,88.1,12.94,0.0,,
馬公市,土地,鐵線段1068-4地號,284.78,,一般農業區,甲種建築用地,1060622,土地2建物0車位0,,,其他,,,,0.0,0,0,0,有,無,8750000,30725,,0.0,0,變更起造人，含未來興建房屋之費用,RPRNMLNJPHMFFAX27CA,0.0,0.0,0.0,,
馬公市,房地(土地+建物),澎湖縣馬公市文光路２５巷１６弄９號,98.61,住,,,1060605,土地3建物1車位0,全,二層,透天厝,住家用,鋼筋混凝土加強磚造,0691117,90.7,3,1,2,有,無,6280000,69239,,0.0,0,,RPPNMLOJPHMFFAX17CA,90.7,0.0,0.0,,
馬公市,房地(土地+建物)+車位,澎湖縣馬公市文山路２７巷８之１號,22.07,住,,,1060522,土地1建物1車位1,十層,十層,華廈(10層含以下有電梯),集合住宅,鋼筋混凝土造,1060328,117.13,2,2,1,有,無,5880000,55206,坡道平面,23.3,700000,,RPWOMLPJPHMFFAX08CA,56.72,9.41,0.0,,
馬公市,房地(土地+建物),澎湖縣馬公市西衛２０７之９號,256.92,,一般農業區,甲種建築用地,1060531,土地3建物1車位0,全,三層,透天厝,住家用,鋼筋混凝土造,0871017,268.22,3,2,2,有,無,3400280,12677,,0.0,0,親友、員工或其他特殊關係間之交易。,RPPNMLLKPHMFFAX96CA,257.0,11.22,0.0,,
西嶼鄉,土地,二崁北段494-1地號,721.22,其他,,,1060615,土地4建物0車位0,,,其他,,,,0.0,0,0,0,有,無,1151328,1596,,0.0,0,,RPQNMLQJPHMFFAX57DA,0.0,0.0,0.0,,
馬公市,房地(土地+建物)+車位,澎湖縣馬公市三多路３４９號十三樓之三,30.79,住,,,1060623,土地2建物1車位1,十三層,十四層,住宅大樓(11層含以上有電梯),集合住宅,鋼筋混凝土造,0950710,189.06,3,2,2,有,有,5000000,26447,坡道平面,0.0,0,,RPSNMLOJPHMFFAX47CA,103.06,0.0,11.74,,
馬公市,土地,文澳段2452地號,175.0,住,,,1060620,土地2建物0車位0,,,其他,,,,0.0,0,0,0,有,無,8500000,48571,,0.0,0,,RPTNMLTKPHMFFAX28DA,0.0,0.0,0.0,,
白沙鄉,房地(土地+建物),澎湖縣白沙鄉大赤崁２１３號,212.03,,鄉村區,乙種建築用地,1060605,土地1建物1車位0,全,二層,透天厝,住家用,鋼筋混凝土加強磚造,0730901,386.56,7,2,7,有,無,7500000,19402,,0.0,0,,RPPNMLPJPHMFFAX27CA,386.56,0.0,0.0,,
白沙鄉,土地,通梁中段1220-1地號,314.86,住,,,1060626,土地10建物0車位0,,,其他,,,,0.0,0,0,0,有,無,500000,1588,,0.0,0,,RPQNMLPJPHMFFAX37CA,0.0,0.0,0.0,,
湖西鄉,土地,沙港北段368地號,207.64,,一般農業區,甲種建築用地,1060627,土地1建物0車位0,,,其他,,,,0.0,0,0,0,有,無,950000,4575,,0.0,0,,RPPNMLKKPHMFFAX86CA,0.0,0.0,0.0,,
湖西鄉,土地,許家段628地號,182.18,,一般農業區,交通用地,1060605,土地1建物0車位0,,,其他,,,,0.0,0,0,0,有,無,1542924,8469,,0.0,0,專案協議價購現況為澎12號線鄉道使用,RPVNMLRLPHMFFAX28CA,0.0,0.0,0.0,,
白沙鄉,土地,赤崁中段470地號,665.03,,一般農業區,農牧用地,1060613,土地1建物0車位0,,,其他,,,,0.0,0,0,0,有,無,4020000,6045,,0.0,0,,RPWNMLOKPHMFFAX97CA,0.0,0.0,0.0,,
西嶼鄉,土地,外垵二段1361地號,50.89,,鄉村區,乙種建築用地,1060630,土地1建物0車位0,,,其他,,,,0.0,0,0,0,有,無,650000,12773,,0.0,0,親友、員工或其他特殊關係間之交易。,RPQNMLLKPHMFFAX07CA,0.0,0.0,0.0,,
湖西鄉,土地,成功南段1098地號,17.28,,一般農業區,交通用地,1060630,土地1建物0車位0,,,其他,,,,0.0,0,0,0,有,無,112336,6501,,0.0,0,成功南段1098地號協議價購6500元/M2一般農業區交通用地,RPRNMLMKPHMFFAX27CA,0.0,0.0,0.0,,
湖西鄉,土地,鼎灣新段1445地號,1314.59,,一般農業區,農牧用地,1060614,土地1建物0車位0,,,其他,,,,0.0,0,0,0,有,無,3970000,3020,,0.0,0,,RPRNMLQJPHMFFAX67DA,0.0,0.0,0.0,,
白沙鄉,房地(土地+建物),澎湖縣白沙鄉吉貝東58號,1611.6,,一般農業區,農牧用地,1060623,土地5建物1車位0,全,一層,透天厝,住家用,造,,15.49,2,1,1,有,無,900000,58102,,0.0,0,,RPPNMLSJPHMFFAX67DA,0.0,0.0,0.0,,
湖西鄉,土地,成功南段1098地號,17.28,,一般農業區,交通用地,1060630,土地1建物0車位0,,,其他,,,,0.0,0,0,0,有,無,112336,6501,,0.0,0,成功南段1098地號協議價購6500元/M2一般農業區交通用地,RPSNMLMKPHMFFAX37CA,0.0,0.0,0.0,,
湖西鄉,土地,機場段1074地號,945.99,,一般農業區,農牧用地,1060622,土地1建物0車位0,,,其他,,,,0.0,0,0,0,有,無,2960000,3129,,0.0,0,,RPPNMLRJPHMFFAX47CA,0.0,0.0,0.0,,
馬公市,房地(土地+建物),澎湖縣馬公市鐵線尾６０號,1118.03,,一般農業區,甲種建築用地,1060428,土地3建物1車位0,全,二層,透天厝,住家用,加強磚造,0931228,315.88,6,2,7,有,無,12000000,37989,,0.0,0,,RPRNMLKKPHMFFAX07CA,291.34,24.54,0.0,,
七美鄉,土地,大嶼段3845-1地號,365.0,,鄉村區,乙種建築用地,1060619,土地1建物0車位0,,,其他,,,,0.0,0,0,0,有,無,766500,2100,,0.0,0,親友、員工或其他特殊關係間之交易。,RPUNMLLKPHMFFAX47CA,0.0,0.0,0.0,,
七美鄉,土地,七美二段405地號,1606.76,,一般農業區,農牧用地,1060629,土地2建物0車位0,,,其他,,,,0.0,0,0,0,有,無,1770000,1102,,0.0,0,親友、員工或其他特殊關係間之交易。,RPVNMLLKPHMFFAX57CA,0.0,0.0,0.0,,
白沙鄉,土地,大倉段78-7地號,89.0,,鄉村區,乙種建築用地,1060705,土地1建物0車位0,,,其他,,,,0.0,0,0,0,有,無,234960,2640,,0.0,0,登記名義人歸還產權,RPRNMLLKPHMFFAX17CA,0.0,0.0,0.0,,
馬公市,土地,鎖港南段1571地號,11.47,住,,,1060626,土地1建物0車位0,,,其他,,,,0.0,0,0,0,有,無,96660,8427,,0.0,0,親友、員工或其他特殊關係間之交易。,RPSNMLLKPHMFFAX27CA,0.0,0.0,0.0,,
馬公市,土地,鎖港西段343-1地號,21.98,住,,,1060623,土地1建物0車位0,,,其他,,,,0.0,0,0,0,有,無,260463,11850,,0.0,0,向政府機關承購之案件。,RPQNMLKKPHMFFAX17EA,0.0,0.0,0.0,,
西嶼鄉,土地,小池角段4155-1地號,14.25,,一般農業區,農牧用地,1060706,土地1建物0車位0,,,其他,,,,0.0,0,0,0,有,無,17243,1210,,0.0,0,,RPPNMLMKPHMFFAX27EA,0.0,0.0,0.0,,
西嶼鄉,土地,小池角段4155-1地號,14.25,,一般農業區,農牧用地,1060706,土地1建物0車位0,,,其他,,,,0.0,0,0,0,有,無,17243,1210,,0.0,0,,RPQNMLNKPHMFFAX47EA,0.0,0.0,0.0,,
白沙鄉,土地,城前新段136地號,320.35,,一般農業區,農牧用地,1060703,土地1建物0車位0,,,其他,,,,0.0,0,0,0,有,無,1300000,4058,,0.0,0,,RPPNMLSKPHMFFAX87EA,0.0,0.0,0.0,,
馬公市,房地(土地+建物),澎湖縣馬公市石泉里1之300號,311.72,,鄉村區,乙種建築用地,1051230,土地1建物1車位0,一層，二層，三層，四層,四層,店面(店鋪),住商用,鋼筋混凝土造,0900510,600.54,3,1,5,有,無,24000000,39964,,0.0,0,,RPUNMLRLPHMFFAX28DA,591.24,9.3,0.0,,
西嶼鄉,土地,二崁北段907地號,1285.95,,一般農業區,農牧用地,1060629,土地1建物0車位0,,,其他,,,,0.0,0,0,0,有,無,4500000,3499,,0.0,0,,RPRNMLNKPHMFFAX37CA,0.0,0.0,0.0,,
馬公市,土地,北澳段588-4地號,257.83,,一般農業區,甲種建築用地,1060630,土地2建物0車位0,,,其他,,,,0.0,0,0,0,有,無,11800000,45767,,0.0,0,,RPSNMLNKPHMFFAX47CA,0.0,0.0,0.0,,
湖西鄉,土地,成功南段246地號,1829.02,,一般農業區,農牧用地,1060615,土地1建物0車位0,,,其他,,,,0.0,0,0,0,有,無,16600000,9076,,0.0,0,,RPTNMLNKPHMFFAX57CA,0.0,0.0,0.0,,
湖西鄉,土地,成功北段770地號,1683.03,,一般農業區,農牧用地,1060615,土地1建物0車位0,,,其他,,,,0.0,0,0,0,有,無,6110000,3630,,0.0,0,,RPUNMLNKPHMFFAX67CA,0.0,0.0,0.0,,
七美鄉,土地,大嶼段5449地號,492.0,,一般農業區,農牧用地,1060703,土地2建物0車位0,,,其他,,,,0.0,0,0,0,有,無,620000,1260,,0.0,0,,RPPNMLOKPHMFFAX27CA,0.0,0.0,0.0,,
湖西鄉,土地,尖山南段789地號,1291.59,,一般農業區,農牧用地,1060623,土地2建物0車位0,,,其他,,,,0.0,0,0,0,有,無,7810000,6047,,0.0,0,,RPQNMLOKPHMFFAX37CA,0.0,0.0,0.0,,
馬公市,房地(土地+建物),澎湖縣馬公市文山路２７巷８號五樓之２,21.92,住,,,1060703,土地1建物1車位0,五層,十層,華廈(10層含以下有電梯),集合住宅,鋼筋混凝土造,1060328,93.82,2,2,1,有,無,5000000,53294,,0.0,0,,RPVNMLOKPHMFFAX87CA,56.72,9.41,0.0,,
白沙鄉,土地,通梁東段579地號,1174.45,,一般農業區,農牧用地,1050629,土地2建物0車位0,,,其他,,,,0.0,0,0,0,有,無,2309000,1966,,0.0,0,,RPUNMLTKPHMFFAX28CA,0.0,0.0,0.0,,
馬公市,土地,風櫃東段989-2地號,35.57,,鄉村區,乙種建築用地,1060706,土地1建物0車位0,,,其他,,,,0.0,0,0,0,有,無,326000,9165,,0.0,0,,RPVNMLTKPHMFFAX38CA,0.0,0.0,0.0,,
馬公市,房地(土地+建物),澎湖縣馬公市新明路２９號,900.0,商,,,1060621,土地1建物1車位0,一層，二層,二層,其他,餐廳,鋼骨構造,1011101,496.69,5,2,3,有,無,149730000,301456,,0.0,0,此交易物之建物型態為餐廳,RPQNMLRKPHMFFAX67CA,496.69,0.0,0.0,,
西嶼鄉,土地,二崁北段1381地號,776.01,,一般農業區,農牧用地,1060608,土地1建物0車位0,,,其他,,,,0.0,0,0,0,有,無,520000,670,,0.0,0,,RPQNMLSLPHMFFAX87CA,0.0,0.0,0.0,,
湖西鄉,土地,南寮南段73地號,73.32,,一般農業區,甲種建築用地,1060627,土地1建物0車位0,,,其他,,,,0.0,0,0,0,有,無,230000,3137,,0.0,0,權利人共三人親友、員工或其他特殊關係間之交易。,RPVNMLNKPHMFFAX77CA,0.0,0.0,0.0,,
馬公市,土地,興仁段1226地號,1536.52,,一般農業區,農牧用地,1060615,土地1建物0車位0,,,其他,,,,0.0,0,0,0,有,無,5856000,3811,,0.0,0,,RPWNMLNKPHMFFAX87CA,0.0,0.0,0.0,,
馬公市,房地(土地+建物),澎湖縣馬公市三多路330巷6弄3號,81.28,住,,,1060630,土地1建物1車位0,全,二層,透天厝,住家用,鋼筋混凝土加強磚造,0710618,96.3,4,1,3,有,無,6000000,62305,,0.0,0,,RPPNMLMJQHMFFAX17DA,96.3,0.0,0.0,,
白沙鄉,土地,通梁南段1257地號,57.03,商,,,1060628,土地1建物0車位0,,,其他,,,,0.0,0,0,0,有,無,780000,13677,,0.0,0,,RPRNMLOKPHMFFAX47CA,0.0,0.0,0.0,,
湖西鄉,土地,許家段473地號,470.87,,一般農業區,農牧用地,1060710,土地1建物0車位0,,,其他,,,,0.0,0,0,0,有,無,2800000,5946,,0.0,0,,RPUNMLOKPHMFFAX77CA,0.0,0.0,0.0,,
馬公市,土地,興仁南段121地號,1455.02,,風景區,農牧用地,1060617,土地1建物0車位0,,,其他,,,,0.0,0,0,0,有,無,12320000,8467,,0.0,0,,RPPNMLRKPHMFFAX57CA,0.0,0.0,0.0,,
馬公市,房地(土地+建物),澎湖縣馬公市林森路86之5號二樓,30.89,住,,,1060628,土地1建物1車位0,二層,七層,華廈(10層含以下有電梯),住家用,鋼筋混凝土造,0870925,154.62,3,1,2,有,有,4800000,31044,,0.0,0,,RPQOMLTKPHMFFAX08DA,99.0,0.0,12.05,,
馬公市,房地(土地+建物),澎湖縣馬公市五福路61巷7弄18號,70.04,,鄉村區,乙種建築用地,1060626,土地1建物1車位0,全,三層,透天厝,住家用,鋼筋混凝土加強磚造,0701001,98.64,4,2,2,有,無,4500000,45620,,0.0,0,,RPROMLTKPHMFFAX18DA,98.64,0.0,0.0,,
西嶼鄉,土地,池西段1270地號,1255.02,,一般農業區,農牧用地,1060427,土地1建物0車位0,,,其他,,,,0.0,0,0,0,有,無,1506024,1200,,0.0,0,向政府機關承購之案件。,RPQNMLSKPHMFFAX97EA,0.0,0.0,0.0,,
馬公市,土地,光榮段50地號,223.69,其他,,,1060628,土地1建物0車位0,,,其他,,,,0.0,0,0,0,有,無,4736200,21173,,0.0,0,,RPSNMLTKPHMFFAX08CA,0.0,0.0,0.0,,
湖西鄉,房地(土地+建物),澎湖縣湖西鄉良文港１１９之１７號,128.26,,鄉村區,乙種建築用地,1060705,土地1建物1車位0,全,一層,透天厝,住家用,鋼筋混凝土加強磚造,0721020,83.7,4,2,2,有,無,1000000,11947,,0.0,0,親友關係間之交易。,RPPNMLOLPHMFFAX37CA,83.7,0.0,0.0,,
馬公市,土地,中山段249地號,3999.63,,一般農業區,農牧用地,1060523,土地11建物0車位0,,,其他,,,,0.0,0,0,0,有,無,36670000,9168,,0.0,0,親友共有人特殊關係間之交易。,RPQNMLMJQHMFFAX17CA,0.0,0.0,0.0,,
湖西鄉,土地,成功南段1098地號,17.28,,一般農業區,交通用地,1060713,土地1建物0車位0,,,其他,,,,0.0,0,0,0,有,無,112337,6501,,0.0,0,成功南段1098地號協議價購6500元/M2一般農業區交通用地,RPWNMLTKPHMFFAX48CA,0.0,0.0,0.0,,
馬公市,房地(土地+建物),澎湖縣馬公市文昌街５０號,49.25,住,,,1060704,土地1建物1車位0,一層，二層,六層,華廈(10層含以下有電梯),住家用,鋼筋混凝土造,0821027,225.57,3,3,2,有,無,6800000,30146,,0.0,0,,RPPNMLPKNHOFFAX37CA,156.99,8.46,0.0,,
馬公市,房地(土地+建物),澎湖縣馬公市文山路55巷6號,79.96,住,,,1060701,土地1建物1車位0,全,三層,透天厝,住家用,鋼筋混凝土造,0881120,179.96,4,3,3,有,無,7200000,40009,,0.0,0,,RPQNMLKLPHMFFAX17DA,166.74,13.22,0.0,,
湖西鄉,土地,紅羅段1700地號,1217.04,,一般農業區,農牧用地,1060710,土地1建物0車位0,,,其他,,,,0.0,0,0,0,有,無,5700000,4683,,0.0,0,,RPPNMLKLPHMFFAX96CA,0.0,0.0,0.0,,
馬公市,土地,東澳段187-2地號,152.39,住,,,1060710,土地1建物0車位0,,,其他,,,,0.0,0,0,0,有,無,10050000,65949,,0.0,0,,RPPNMLLLPHMFFAX07CA,0.0,0.0,0.0,,
馬公市,土地,光榮段141地號,818.06,其他,,,1060712,土地1建物0車位0,,,其他,,,,0.0,0,0,0,有,無,19300000,23592,,0.0,0,包含公共設施保留地之交易。,RPQNMLPKQHMFFAX57CA,0.0,0.0,0.0,,
望安鄉,土地,望安段618-57地號,300.5,,一般農業區,甲種建築用地,1060608,土地2建物0車位0,,,其他,,,,0.0,0,0,0,有,無,600000,1997,,0.0,0,親友、員工或其他特殊關係間之交易。急買急賣。,RPPNMLMLPHMFFAX17CA,0.0,0.0,0.0,,
湖西鄉,土地,湖西南段113地號,171.48,,一般農業區,農牧用地,1060706,土地1建物0車位0,,,其他,,,,0.0,0,0,0,有,無,365000,2129,,0.0,0,,RPTNMLPLPHMFFAX87CA,0.0,0.0,0.0,,
馬公市,土地,海堤段1019-2地號,62.13,工,,,1060711,土地1建物0車位0,,,其他,,,,0.0,0,0,0,有,無,497040,8000,,0.0,0,向政府機關承購之案件。,RPUNMLPLPHMFFAX97CA,0.0,0.0,0.0,,
馬公市,房地(土地+建物),澎湖縣馬公市林森路１１２號,69.76,住,,,1060703,土地2建物1車位0,全,二層,透天厝,住家用,鋼筋混凝土加強磚造,0691210,85.0,3,2,2,有,無,4200000,49412,,0.0,0,,RPQNMLLLPHMFFAX17CA,85.0,0.0,0.0,,
七美鄉,土地,七美二段355地號,199.58,,一般農業區,甲種建築用地,1060623,土地1建物0車位0,,,其他,,,,0.0,0,0,0,有,無,620000,3107,,0.0,0,親友、員工或其他特殊關係間之交易。,RPPNMLQLPHMFFAX57CA,0.0,0.0,0.0,,
馬公市,土地,雙湖段1003地號,652.07,,一般農業區,農牧用地,1060715,土地2建物0車位0,,,其他,,,,0.0,0,0,0,有,無,2740000,4202,,0.0,0,,RPRNMLOLPHMFFAX57CA,0.0,0.0,0.0,,
馬公市,土地,光榮段370地號,473.95,其他,,,1060712,土地1建物0車位0,,,其他,,,,0.0,0,0,0,有,無,10752000,22686,,0.0,0,,RPSNMLOLPHMFFAX67CA,0.0,0.0,0.0,,
湖西鄉,土地,許家段497地號,145.0,,一般農業區,農牧用地,1060709,土地1建物0車位0,,,其他,,,,0.0,0,0,0,有,無,520000,3586,,0.0,0,,RPTNMLLMPHMFFAX57CA,0.0,0.0,0.0,,
湖西鄉,土地,湖東新段880地號,292.0,,一般農業區,農牧用地,1060714,土地1建物0車位0,,,其他,,,,0.0,0,0,0,有,無,600000,2055,,0.0,0,,RPSNMLRLPHMFFAX97CA,0.0,0.0,0.0,,
馬公市,房地(土地+建物),澎湖縣馬公市陽明路３２號,59.25,住,,,1060621,土地1建物1車位0,全,二層,透天厝,住家用,鋼筋混凝土加強磚造,0660412,79.0,3,2,1,有,無,6800000,86076,,0.0,0,,RPRNMLMJQHMFFAX27CA,79.0,0.0,0.0,,
馬公市,土地,光榮段144地號,384.79,其他,,,1060713,土地1建物0車位0,,,其他,,,,0.0,0,0,0,有,無,11428338,29700,,0.0,0,,RPQNMLQLPHMFFAX67CA,0.0,0.0,0.0,,
白沙鄉,土地,大倉段6-1地號,264.0,,一般農業區,特定目的事業用地,1060523,土地3建物0車位0,,,其他,,,,0.0,0,0,0,有,無,1523280,5770,,0.0,0,向政府機關承購之案件。,RPRNMLQLPHMFFAX77CA,0.0,0.0,0.0,,
馬公市,土地,東衛段353地號,427.85,,一般農業區,農牧用地,1060719,土地1建物0車位0,,,其他,,,,0.0,0,0,0,有,無,4446000,10391,,0.0,0,,RPRNMLRLPHMFFAX87CA,0.0,0.0,0.0,,
馬公市,房地(土地+建物),澎湖縣馬公市東文澳１０８號,204.96,,鄉村區,乙種建築用地,1060705,土地1建物1車位0,全,三層,透天厝,住家用,鋼筋混凝土加強磚造,0701102,190.91,3,2,2,有,無,6500000,34047,,0.0,0,,RPRNMLPKQHMFFAX67CA,190.91,0.0,0.0,,
馬公市,土地,中衛段447地號,299.29,其他,,,1060711,土地3建物0車位0,,,其他,,,,0.0,0,0,0,有,無,3349000,11190,,0.0,0,,RPPNMLPLQHMFFAX57CA,0.0,0.0,0.0,,
湖西鄉,土地,機場段1092地號,503.35,,一般農業區,農牧用地,1060712,土地1建物0車位0,,,其他,,,,0.0,0,0,0,有,無,4567800,9075,,0.0,0,,RPTNMLRLPHMFFAX08CA,0.0,0.0,0.0,,
馬公市,土地,東澳段594地號,26.04,住,,,1060713,土地1建物0車位0,,,其他,,,,0.0,0,0,0,有,無,0,0,,0.0,0,土地及建物分次登記案件，後案建物登記收件字號030410 共 1筆，權利人共2人，此案為合建分售案,RPVNMLSLPHMFFAX38CA,0.0,0.0,0.0,,
馬公市,房地(土地+建物),澎湖縣馬公市後窟潭7-20號,114.73,,一般農業區,甲種建築用地,1060710,土地1建物1車位0,全,二層,透天厝,住家用,鋼筋混凝土加強磚造,0690401,104.98,4,2,2,有,無,1000000,9526,,0.0,0,親友、員工或其他特殊關係間之交易。,RPPNMLRLPHMFFAX77DA,104.98,0.0,0.0,,
馬公市,房地(土地+建物),澎湖縣馬公市文山路２７巷８之２號二樓,26.04,住,,,1060713,土地1建物1車位0,二層,十層,華廈(10層含以下有電梯),集合住宅,鋼筋混凝土造,1060328,111.09,3,2,2,有,無,5800000,52210,,0.0,0,,RPQNMLPKNHOFFAX47CA,70.11,8.41,0.0,,
馬公市,建物,澎湖縣馬公市東衛９２號,0.0,,,,1060724,土地0建物1車位0,一層,一層,其他,,,,25.98,8,3,1,有,無,1968,76,,0.0,0,親友、員工或其他特殊關係間之交易。,RPQNMLOKQHMFFAX47CA,25.98,0.0,0.0,,
馬公市,房地(土地+建物),澎湖縣馬公市貿商街１４２號十三樓之二,30.41,住,,,1060714,土地2建物1車位0,十三層,十四層,住宅大樓(11層含以上有電梯),集合住宅,鋼筋混凝土造,0950710,186.98000000000002,3,2,2,有,有,4400000,23532,,0.0,0,賣方賣清價,RPPNMLLMPHMFFAX17CA,101.98,0.0,11.64,,
湖西鄉,土地,許家段198地號,1476.41,,風景區,農牧用地,1060714,土地4建物0車位0,,,其他,,,,0.0,0,0,0,有,無,8932000,6050,,0.0,0,,RPVNMLLMPHMFFAX77CA,0.0,0.0,0.0,,
馬公市,房地(土地+建物),澎湖縣馬公市西衛６３６號,238.0,,一般農業區,甲種建築用地,1051231,土地2建物1車位0,全,三層,透天厝,住家用,鋼筋混凝土造,1040504,289.72,6,2,6,有,無,8300000,28648,,0.0,0,,RPRNMLSLPHMFFAX97CA,261.9,27.82,0.0,,
馬公市,土地,光榮段153地號,35.66,其他,,,1060709,土地1建物0車位0,,,其他,,,,0.0,0,0,0,有,無,1560000,43746,,0.0,0,,RPSNMLSLPHMFFAX08CA,0.0,0.0,0.0,,
湖西鄉,土地,尖山中段1369地號,261.8,,一般農業區,農牧用地,1060718,土地1建物0車位0,,,其他,,,,0.0,0,0,0,有,無,7380000,28189,,0.0,0,農變建起造人變更，另含未來興建成本共計738萬,RPTNMLSLPHMFFAX18CA,0.0,0.0,0.0,,
湖西鄉,土地,尖山中段940地號,1267.38,,一般農業區,農牧用地,1060718,土地1建物0車位0,,,其他,,,,0.0,0,0,0,有,無,34490000,27214,,0.0,0,農變建起造人變更，另含未來興建成本共計3449萬 權利人共5人,RPUNMLSLPHMFFAX28CA,0.0,0.0,0.0,,
七美鄉,土地,大嶼段3803地號,62.6,,一般農業區,甲種建築用地,1060721,土地1建物0車位0,,,其他,,,,0.0,0,0,0,有,無,257912,4120,,0.0,0,向政府機關承購之案件。,RPSNMLLMPHMFFAX47CA,0.0,0.0,0.0,,
馬公市,土地,山水西段27-1地號,20.46,,鄉村區,交通用地,1060726,土地3建物0車位0,,,其他,,,,0.0,0,0,0,有,無,243434,11898,,0.0,0,山水30高地聯外道路拓寬工程協議價購建築用地11900元/M2,RPQNMLLJQHMFFAX07CA,0.0,0.0,0.0,,
馬公市,土地,四維段587-4地號,220.57,,一般農業區,甲種建築用地,1060712,土地2建物0車位0,,,其他,,,,0.0,0,0,0,有,無,5347000,24242,,0.0,0,農變建變更起造人,RPPNMLRJQHMFFAX57CA,0.0,0.0,0.0,,
馬公市,房地(土地+建物),澎湖縣馬公市建國路１４巷５號,53.0,商,,,1060718,土地2建物1車位0,全,二層,透天厝,住家用,造,0240101,61.76,2,1,2,有,無,4300000,69624,,0.0,0,,RPQNMLRJQHMFFAX67CA,61.76,0.0,0.0,,
馬公市,房地(土地+建物),澎湖縣馬公市西文澳３６之１４號五樓,29.76,住,,,1060708,土地1建物1車位0,五層,五層,公寓(5樓含以下無電梯),住家用,鋼筋混凝土造,0840322,94.52,3,2,2,有,無,4200000,44435,,0.0,0,權利人數：2人親友關係間之交易。,RPRNMLLJQHMFFAX17CA,78.09,2.65,0.0,,
馬公市,房地(土地+建物),澎湖縣馬公市文光路８６號,34.25,住,,,1060714,土地1建物1車位0,四層,四層,公寓(5樓含以下無電梯),住家用,鋼筋混凝土造,0710507,94.0,3,2,1,有,無,2800000,29787,,0.0,0,,RPPNMLLJQHMFFAX96CA,76.32,0.0,0.0,,
馬公市,房地(土地+建物),澎湖縣馬公市五福路７３號,120.99,,鄉村區,乙種建築用地,1060721,土地1建物1車位0,全,二層,透天厝,住家用,鋼筋混凝土加強磚造,0670630,117.82,2,2,2,有,無,4280000,36327,,0.0,0,,RPRNMLLMPHMFFAX37CA,117.82,0.0,0.0,,
馬公市,土地,鎖港西段505地號,1400.87,農,,,1060709,土地1建物0車位0,,,其他,,,,0.0,0,0,0,有,無,6780160,4840,,0.0,0,,RPUNMLLMPHMFFAX77DA,0.0,0.0,0.0,,
湖西鄉,房地(土地+建物),澎湖縣湖西鄉南寮１１９之３號,141.91,,一般農業區,農牧用地,1060724,土地1建物1車位0,全,三層,透天厝,農舍,鋼筋混凝土造,0811211,47.85,8,2,2,有,無,100000,2090,,0.0,0,親友、員工或其他特殊關係間之交易。,RPRNMLRKQHMFFAX08EA,47.85,0.0,0.0,,
