﻿編號,土地位置,土地移轉面積(平方公尺),使用分區或編定,權利人持分分母,權利人持分分子,移轉情形,地號
The serial number, land position,land shifting area square meter,the use zoning or compiles and checks,,,,land parcel
RPTNMLSJNHMFFAX77CA,中衛段,424.84,非都市： ; 非都市編定：,1,1,全筆移轉,03720000
RPTNMLSJNHMFFAX77CA,中衛段,615.00,非都市： ; 非都市編定：,1,1,全筆移轉,03720002
RPSNMLSJNHMFFAX67CA,尖山中段,50.30,非都市：一般農業區 ; 非都市編定：農牧用地,2,1,持分移轉,13590000
RPSNMLSJNHMFFAX67CA,尖山中段,294.73,非都市：一般農業區 ; 非都市編定：農牧用地,2,1,持分移轉,13600000
RPSNMLSJNHMFFAX67CA,尖山中段,87.78,非都市：一般農業區 ; 非都市編定：農牧用地,2,1,持分移轉,13610000
RPSNMLSJNHMFFAX67CA,尖山中段,15.50,非都市：一般農業區 ; 非都市編定：農牧用地,2,1,持分移轉,13630000
RPPNMLMKNHMFFAX86CA,文石段,128.55,非都市：一般農業區 ; 非都市編定：農牧用地,1,1,全筆移轉,13600000
RPPNMLPJNHMFFAX07CA,文光段,28.65,非都市： ; 非都市編定：,100000,657,持分移轉,00570000
RPQNMLOJNHMFFAX07CA,,1155.50,非都市： ; 非都市編定：,1,1,全筆移轉,03800000
RPQNMLMKNHMFFAX17EA,林投南段,134.90,非都市：一般農業區 ; 非都市編定：甲種建築用地,1,1,全筆移轉,08260000
RPPNMLSJNHMFFAX37CA,,135.53,非都市： ; 非都市編定：,6,1,持分移轉,16140000
RPPNMLSJNHMFFAX37CA,,135.53,非都市： ; 非都市編定：,6,1,持分移轉,16140000
RPPNMLKKNHMFFAX86EA,機場段,3.42,非都市：一般農業區 ; 非都市編定：交通用地,1,1,全筆移轉,10880001
RPSNMLMKNHMFFAX17CA,北極段,67.15,非都市： ; 非都市編定：,2,1,持分移轉,08300000
RPTNMLKKNHMFFAX07CA,,27.09,非都市： ; 非都市編定：,100000,327,持分移轉,00200000
RPTNMLKKNHMFFAX07CA,,3.51,非都市： ; 非都市編定：,100000,327,持分移轉,00540000
RPRNMLLKNHMFFAX96CA,興仁段,44.32,非都市：鄉村區 ; 非都市編定：乙種建築用地,4,1,持分移轉,04530000
RPRNMLLKNHMFFAX96CA,興仁段,44.32,非都市：鄉村區 ; 非都市編定：乙種建築用地,4,1,持分移轉,04530000
RPSNMLKKNHMFFAX96CA,望安段,8.00,非都市：一般農業區 ; 非都市編定：農牧用地,1,1,全筆移轉,03460000
RPSNMLLKNHMFFAX07CA,,487.62,非都市： ; 非都市編定：,1,1,全筆移轉,00990000
RPPNMLQKNHMFFAX27CA,四維段,76.13,非都市：一般農業區 ; 非都市編定：甲種建築用地,1,1,全筆移轉,06440000
RPTNMLPKNHMFFAX57CA,光榮段,114.88,非都市： ; 非都市編定：,1,1,全筆移轉,08040000
RPTNMLPKNHMFFAX57CA,光榮段,6.58,非都市： ; 非都市編定：,1,1,全筆移轉,08050000
RPSNMLRKNHMFFAX67CA,二崁南段,99.80,非都市：風景區 ; 非都市編定：林業用地,1,1,全筆移轉,09910000
RPSNMLRKNHMFFAX67CA,二崁南段,996.50,非都市：風景區 ; 非都市編定：農牧用地,2,1,持分移轉,09940000
RPSNMLRKNHMFFAX67CA,二崁南段,642.85,非都市：風景區 ; 非都市編定：農牧用地,1,1,全筆移轉,11930000
RPSNMLRKNHMFFAX67CA,二崁南段,210.00,非都市：風景區 ; 非都市編定：農牧用地,2,1,持分移轉,11980000
RPSNMLRKNHMFFAX67CA,二崁南段,710.13,非都市：風景區 ; 非都市編定：農牧用地,2,1,持分移轉,12000000
RPSNMLRKNHMFFAX67CA,二崁南段,277.02,非都市：風景區 ; 非都市編定：農牧用地,2,1,持分移轉,12060000
RPSNMLRKNHMFFAX67CA,二崁南段,386.02,非都市：風景區 ; 非都市編定：農牧用地,2,1,持分移轉,12180000
RPRNMLPKNHMFFAX37CA,埕西段,57.48,非都市： ; 非都市編定：,1,1,全筆移轉,02410000
RPQNMLTKNHMFFAX67CA,,27.09,非都市： ; 非都市編定：,100000,327,持分移轉,00200000
RPQNMLTKNHMFFAX67CA,,3.51,非都市： ; 非都市編定：,100000,327,持分移轉,00540000
RPPNMLMLNHMFFAX96CA,小池角段,56.20,非都市：一般農業區 ; 非都市編定：農牧用地,5,1,持分移轉,11130000
RPPNMLMLNHMFFAX96CA,小池角段,47.60,非都市：一般農業區 ; 非都市編定：農牧用地,5,1,持分移轉,37060000
RPPNMLMLNHMFFAX96CA,小池角段,53.80,非都市：鄉村區 ; 非都市編定：乙種建築用地,5,1,持分移轉,38410000
RPPNMLMLNHMFFAX96CA,小池角段,9.80,非都市：鄉村區 ; 非都市編定：交通用地,5,1,持分移轉,38410001
RPPNMLLJOHMFFAX76CA,埕東段,342.16,非都市： ; 非都市編定：,25,10,持分移轉,02330000
RPTNMLLJOHMFFAX17CA,六合段,217.38,非都市：一般農業區 ; 非都市編定：農牧用地,10000,1621,持分移轉,04320000
RPTNMLLJOHMFFAX17CA,六合段,217.38,非都市：一般農業區 ; 非都市編定：農牧用地,10000,1621,持分移轉,04320000
RPTNMLLJOHMFFAX17CA,六合段,217.38,非都市：一般農業區 ; 非都市編定：農牧用地,10000,1621,持分移轉,04320000
RPTNMLLJOHMFFAX17CA,六合段,217.38,非都市：一般農業區 ; 非都市編定：農牧用地,10000,1621,持分移轉,04320000
RPTNMLLJOHMFFAX17CA,六合段,254.12,非都市：一般農業區 ; 非都市編定：農牧用地,10000,1895,持分移轉,04320000
RPTNMLLJOHMFFAX17CA,六合段,217.38,非都市：一般農業區 ; 非都市編定：農牧用地,10000,1621,持分移轉,04320000
RPRNMLMKNHMFFAX17DA,光榮段,27.71,非都市： ; 非都市編定：,100000,2660,持分移轉,06690000
RPQNMLKKNHMFFAX76CA,,767.00,非都市： ; 非都市編定：,1,1,全筆移轉,18890000
RPQNMLKKNHMFFAX76CA,,3.00,非都市： ; 非都市編定：,1,1,全筆移轉,18890002
RPTNMLMKNHMFFAX27CA,五福段,72.85,非都市：一般農業區 ; 非都市編定：交通用地,6,1,持分移轉,01320004
RPTNMLMKNHMFFAX27CA,五福段,250.30,非都市：一般農業區 ; 非都市編定：甲種建築用地,1,1,全筆移轉,01320006
RPRNMLKKNHMFFAX86CA,,680.97,非都市： ; 非都市編定：,1,1,全筆移轉,01750000
RPSNMLPKNHMFFAX47CA,文寮段,221.76,非都市：一般農業區 ; 非都市編定：農牧用地,1,1,全筆移轉,03250000
RPPNMLNLNHMFFAX07CA,文寮段,46.87,非都市：一般農業區 ; 非都市編定：交通用地,8,1,持分移轉,07220004
RPPNMLNLNHMFFAX07CA,文寮段,196.58,非都市：一般農業區 ; 非都市編定：甲種建築用地,1,1,全筆移轉,07220009
RPSNMLOLNHMFFAX47CA,海堤段,288.70,非都市：一般農業區 ; 非都市編定：農牧用地,2,1,持分移轉,00250000
RPRNMLSKNHMFFAX67CA,馬公段,98.00,非都市： ; 非都市編定：,1,1,全筆移轉,26660057
RPRNMLRKNHMFFAX67DA,東澳段,.72,非都市： ; 非都市編定：,10000,389,持分移轉,11270000
RPRNMLRKNHMFFAX67DA,東澳段,.89,非都市： ; 非都市編定：,10000,389,持分移轉,11280000
RPRNMLRKNHMFFAX67DA,東澳段,25.62,非都市： ; 非都市編定：,10000,389,持分移轉,11330000
RPRNMLRKNHMFFAX67DA,東澳段,.77,非都市： ; 非都市編定：,10000,389,持分移轉,12300000
RPRNMLRKNHMFFAX67DA,東澳段,.39,非都市： ; 非都市編定：,10000,389,持分移轉,12310000
RPQNMLLMNHMFFAX17DA,城北段,107.78,非都市：一般農業區 ; 非都市編定：交通用地,20,5,持分移轉,10870000
RPQNMLPKNHMFFAX27CA,大池段,613.00,非都市：一般農業區 ; 非都市編定：農牧用地,1,1,全筆移轉,11650000
RPQNMLQKNHMFFAX37CA,東澳段,90.36,非都市： ; 非都市編定：,1,1,全筆移轉,10070000
RPQNMLSKNHMFFAX57CA,埕中段,62.84,非都市： ; 非都市編定：,1,1,全筆移轉,02070000
RPTNMLOLNHMFFAX57CA,許家段,498.94,非都市：風景區 ; 非都市編定：農牧用地,2,1,持分移轉,02270000
RPUNMLOLNHMFFAX67CA,西澳段,37.38,非都市： ; 非都市編定：,1,1,全筆移轉,00340001
RPRNMLTKNHMFFAX77CA,許家段,1057.28,非都市：一般農業區 ; 非都市編定：農牧用地,1,1,全筆移轉,04820000
RPSNMLSKNHMFFAX77CA,東衛段,172.75,非都市：一般農業區 ; 非都市編定：甲種建築用地,1,1,全筆移轉,04590001
RPSNMLSKNHMFFAX77CA,東衛段,71.19,非都市：一般農業區 ; 非都市編定：交通用地,10,1,持分移轉,04590004
RPSNMLTKNHMFFAX87CA,文澳段,40.00,非都市： ; 非都市編定：,1,1,全筆移轉,22530011
RPSNMLTKNHMFFAX87CA,文澳段,10.83,非都市： ; 非都市編定：,12,1,持分移轉,22540000
RPSNMLTKNHMFFAX87CA,文澳段,25.00,非都市： ; 非都市編定：,1,1,全筆移轉,22540003
RPPNMLTKNHMFFAX57CA,緝馬灣段,388.00,非都市：一般農業區 ; 非都市編定：農牧用地,1,1,全筆移轉,17510000
RPPNMLOKOHMFFAX37EA,鳥嶼新段,162.72,非都市：鄉村區 ; 非都市編定：乙種建築用地,1,1,全筆移轉,05280001
RPPNMLOKOHMFFAX37EA,鳥嶼新段,1.37,非都市：鄉村區 ; 非都市編定：乙種建築用地,1,1,全筆移轉,05280002
RPPNMLOKOHMFFAX37EA,鳥嶼新段,102.79,非都市：鄉村區 ; 非都市編定：乙種建築用地,1,1,全筆移轉,05330000
RPPNMLOKOHMFFAX37EA,鳥嶼新段,27.33,非都市：鄉村區 ; 非都市編定：乙種建築用地,1,1,全筆移轉,05350000
RPQNMLQLNHMFFAX47CA,四維段,183.64,非都市：鄉村區 ; 非都市編定：乙種建築用地,1,1,全筆移轉,09950000
RPQNMLOLNHMFFAX27CA,?裡新段,93.70,非都市：鄉村區 ; 非都市編定：乙種建築用地,1,1,全筆移轉,07250002
RPRNMLOLNHMFFAX37CA,埕中段,73.80,非都市： ; 非都市編定：,1,1,全筆移轉,02060000
RPQNMLNLNHMFFAX17CA,講美段,679.13,非都市：一般農業區 ; 非都市編定：農牧用地,1,1,全筆移轉,07830000
RPRNMLNJOHMFFAX17CA,五福段,15.43,非都市：鄉村區 ; 非都市編定：乙種建築用地,2390762295,114196559,持分移轉,09640000
RPRNMLNJOHMFFAX17CA,五福段,15.44,非都市：鄉村區 ; 非都市編定：乙種建築用地,796920765,38077404,持分移轉,09640000
RPPNMLQLNHMFFAX37CA,城北段,246.17,非都市：鄉村區 ; 非都市編定：乙種建築用地,1,1,全筆移轉,01310000
RPPNMLOLNHMFFAX37EA,安宅段,378.94,非都市：一般農業區 ; 非都市編定：農牧用地,2,1,持分移轉,14770000
RPPNMLOLNHMFFAX37EA,安宅段,162.76,非都市：一般農業區 ; 非都市編定：農牧用地,2,1,持分移轉,14810000
RPRNMLQLNHMFFAX57CA,雙湖段,188.77,非都市：一般農業區 ; 非都市編定：農牧用地,1,1,全筆移轉,06070000
RPPNMLPLNHMFFAX27CA,赤崁中段,572.78,非都市：一般農業區 ; 非都市編定：農牧用地,1,1,全筆移轉,11820000
RPPNMLLMNHMFFAX96CA,五福段,204.76,非都市：一般農業區 ; 非都市編定：甲種建築用地,1,1,全筆移轉,10620002
RPPNMLLMNHMFFAX96CA,五福段,32.29,非都市：一般農業區 ; 非都市編定：交通用地,6,1,持分移轉,10620004
RPQNMLPLNHMFFAX37CA,五福段,1086.38,非都市：一般農業區 ; 非都市編定：農牧用地,1,1,全筆移轉,00820000
RPSNMLQLNHMFFAX67CA,埕東段,87.60,非都市： ; 非都市編定：,1,1,全筆移轉,08070002
RPPNMLOJOHMFFAX07CA,小池角段,56.20,非都市：一般農業區 ; 非都市編定：農牧用地,5,1,持分移轉,11130000
RPPNMLOJOHMFFAX07CA,小池角段,47.60,非都市：一般農業區 ; 非都市編定：農牧用地,5,1,持分移轉,37060000
RPPNMLOJOHMFFAX07CA,小池角段,53.80,非都市：鄉村區 ; 非都市編定：乙種建築用地,5,1,持分移轉,38410000
RPPNMLOJOHMFFAX07CA,小池角段,9.80,非都市：鄉村區 ; 非都市編定：交通用地,5,1,持分移轉,38410001
RPQNMLNJOHMFFAX07CA,五福段,15.43,非都市：鄉村區 ; 非都市編定：乙種建築用地,265640255,12687083,持分移轉,09640000
RPQNMLNJOHMFFAX07CA,五福段,15.44,非都市：鄉村區 ; 非都市編定：乙種建築用地,796920765,38073132,持分移轉,09640000
RPSNMLSJOHMFFAX77CA,西澳段,296.57,非都市： ; 非都市編定：,1,1,全筆移轉,10660000
RPPNMLTJOHMFFAX57CA,東石新段,14.76,非都市：鄉村區 ; 非都市編定：乙種建築用地,4,1,持分移轉,03250000
RPPNMLTJOHMFFAX57CA,東石新段,14.76,非都市：鄉村區 ; 非都市編定：乙種建築用地,4,1,持分移轉,03250000
RPRNMLLMNHMFFAX17CA,馬公段,45.00,非都市： ; 非都市編定：,1,1,全筆移轉,04080000
RPRNMLLMNHMFFAX17CA,馬公段,28.00,非都市： ; 非都市編定：,1,1,全筆移轉,04080001
RPSNMLOKOHMFFAX47CA,七美二段,360.05,非都市：一般農業區 ; 非都市編定：農牧用地,1,1,全筆移轉,04210000
RPSNMLLMNHMFFAX37DA,二崁北段,1634.06,非都市：一般農業區 ; 非都市編定：農牧用地,1,1,全筆移轉,07510000
RPSNMLLMNHMFFAX37DA,二崁北段,926.03,非都市：一般農業區 ; 非都市編定：農牧用地,1,1,全筆移轉,07480000
RPSNMLLMNHMFFAX37DA,二崁北段,98.94,非都市： ; 非都市編定：,1,1,全筆移轉,05320001
RPSNMLLMNHMFFAX37DA,二崁北段,44.17,非都市： ; 非都市編定：,1,1,全筆移轉,05330000
RPSNMLLMNHMFFAX37DA,二崁北段,183.98,非都市： ; 非都市編定：,1,1,全筆移轉,05330001
RPSNMLLMNHMFFAX37DA,二崁北段,76.35,非都市： ; 非都市編定：,1,1,全筆移轉,05320000
RPSNMLLMNHMFFAX37DA,二崁北段,957.66,非都市： ; 非都市編定：,1,1,全筆移轉,05340000
RPSNMLLMNHMFFAX37DA,二崁北段,8.17,非都市： ; 非都市編定：,1,1,全筆移轉,05340001
RPRNMLSJOHMFFAX67CA,北極段,351.28,非都市： ; 非都市編定：,1,1,全筆移轉,06350000
RPRNMLSJOHMFFAX67CA,北極段,45.43,非都市： ; 非都市編定：,1,1,全筆移轉,06360000
RPQNMLLJOHMFFAX86CA,竹灣段,6.74,非都市：一般農業區 ; 非都市編定：交通用地,2,1,持分移轉,19780000
RPQNMLLJOHMFFAX86CA,竹灣段,201.52,非都市：一般農業區 ; 非都市編定：農牧用地,2,1,持分移轉,19790000
RPTNMLMLOHMFFAX67EA,城前新段,57.02,非都市：一般農業區 ; 非都市編定：交通用地,1,1,全筆移轉,00460000
RPQNMLPJOHMFFAX37DA,北極段,62.76,非都市： ; 非都市編定：,1,1,全筆移轉,12240000
RPQNMLMJOHMFFAX96CA,馬公段,15.00,非都市： ; 非都市編定：,1,1,全筆移轉,14220003
RPRNMLLJOHMFFAX96CA,五福段,974.19,非都市：一般農業區 ; 非都市編定：農牧用地,1,1,全筆移轉,00810000
RPPNMLPJOHMFFAX27DA,瓦硐段,223.60,非都市：一般農業區 ; 非都市編定：農牧用地,10,1,持分移轉,08630000
RPPNMLPJOHMFFAX27DA,瓦硐段,2.00,非都市：一般農業區 ; 非都市編定：農牧用地,30,1,持分移轉,09540000
RPPNMLPJOHMFFAX27DA,瓦硐段,221.80,非都市：一般農業區 ; 非都市編定：農牧用地,10,1,持分移轉,15890000
RPPNMLPJOHMFFAX27DA,瓦硐段,129.00,非都市：一般農業區 ; 非都市編定：農牧用地,5,1,持分移轉,16310000
RPPNMLPJOHMFFAX27DA,下瓦硐段,64.33,非都市：一般農業區 ; 非都市編定：農牧用地,15,1,持分移轉,03240000
RPPNMLPJOHMFFAX27DA,下瓦硐段,4.16,非都市：鄉村區 ; 非都市編定：乙種建築用地,30,1,持分移轉,06760000
RPQNMLSJOHMFFAX57CA,北極段,107.84,非都市： ; 非都市編定：,1,1,全筆移轉,06320000
RPRNMLMKOHMFFAX17CA,吉貝西段,687.84,非都市：一般農業區 ; 非都市編定：遊憩用地,1,1,全筆移轉,11010007
RPRNMLMKOHMFFAX17CA,吉貝西段,691.47,非都市：一般農業區 ; 非都市編定：遊憩用地,1,1,全筆移轉,11010008
RPRNMLMKOHMFFAX17CA,吉貝西段,691.48,非都市：一般農業區 ; 非都市編定：遊憩用地,1,1,全筆移轉,11010009
RPRNMLOKOHMFFAX37CA,通梁中段,92.79,非都市： ; 非都市編定：,1,1,全筆移轉,08890000
RPRNMLPJOHMFFAX37CA,五福段,50.59,非都市：一般農業區 ; 非都市編定：交通用地,10000,556,持分移轉,10510004
RPRNMLPJOHMFFAX37CA,五福段,162.46,非都市：一般農業區 ; 非都市編定：甲種建築用地,1,1,全筆移轉,10510005
RPPNMLNJOHMFFAX96CA,西溪新段,1753.71,非都市：一般農業區 ; 非都市編定：農牧用地,1,1,全筆移轉,25000000
RPPNMLQJOHMFFAX37DA,埕西段,37.47,非都市： ; 非都市編定：,1,1,全筆移轉,01530000
RPSNMLPJOHMFFAX47CA,埕西段,7.83,非都市： ; 非都市編定：,100000,2600,持分移轉,07530000
RPSNMLPJOHMFFAX47CA,埕西段,1.53,非都市： ; 非都市編定：,100000,2600,持分移轉,07520000
RPSNMLPJOHMFFAX47CA,埕西段,4.61,非都市： ; 非都市編定：,100000,2600,持分移轉,07550000
RPSNMLKMOHMFFAX47EA,興仁段,.75,非都市：一般農業區 ; 非都市編定：交通用地,16,1,持分移轉,03430004
RPSNMLKMOHMFFAX47EA,興仁段,7.32,非都市：一般農業區 ; 非都市編定：交通用地,16,1,持分移轉,03430005
RPSNMLKMOHMFFAX47EA,興仁段,151.30,非都市：一般農業區 ; 非都市編定：甲種建築用地,1,1,全筆移轉,03430017
RPSNMLKMOHMFFAX47EA,興仁段,43.89,非都市：一般農業區 ; 非都市編定：交通用地,16,1,持分移轉,03430018
RPQNMLRJOHMFFAX47CA,吉貝東段,170.59,非都市：一般農業區 ; 非都市編定：甲種建築用地,1,1,全筆移轉,10290000
RPQNMLQJOHMFFAX37CA,湖西北段,395.03,非都市：一般農業區 ; 非都市編定：農牧用地,4,1,持分移轉,05290000
RPQNMLTJOHMFFAX67CA,興崁段,162.04,非都市：一般農業區 ; 非都市編定：甲種建築用地,1,1,全筆移轉,10430004
RPQNMLTJOHMFFAX67CA,興崁段,79.26,非都市：一般農業區 ; 非都市編定：交通用地,6,1,持分移轉,10430006
RPSNMLKKOHOFFAX27CA,文寮段,600.14,非都市：一般農業區 ; 非都市編定：農牧用地,10000,3573,持分移轉,05260000
RPQNMLMKPHMFFAX17CA,山水北段,443.05,非都市：一般農業區 ; 非都市編定：農牧用地,1,1,全筆移轉,07630000
RPQNMLOKOHMFFAX27CA,文光段,25.52,非都市： ; 非都市編定：,100000,308,持分移轉,00200000
RPQNMLOKOHMFFAX27CA,文光段,3.30,非都市： ; 非都市編定：,100000,308,持分移轉,00540000
RPPNMLSJOHMFFAX67EA,北極段,10.76,非都市： ; 非都市編定：,1,1,全筆移轉,11610005
RPPNMLMKOHMFFAX96CA,太武新段,147.28,非都市：一般農業區 ; 非都市編定：農牧用地,3,2,持分移轉,02080000
RPTNMLKKOHOFFAX37CA,文光段,27.00,非都市： ; 非都市編定：,100000,619,持分移轉,00570000
RPRNMLPJPHMFFAX67EA,湖西北段,14.59,非都市：一般農業區 ; 非都市編定：農牧用地,2,1,持分移轉,01270000
RPQNMLMKOHMFFAX17DA,小池角段,189.00,非都市：鄉村區 ; 非都市編定：乙種建築用地,1,1,全筆移轉,16750000
RPUNMLOKOHMFFAX67CA,烏崁新段,271.06,非都市：一般農業區 ; 非都市編定：農牧用地,3,1,持分移轉,16140000
RPSNMLNKOHMFFAX37CA,二崁南段,528.93,非都市：風景區 ; 非都市編定：農牧用地,1,1,全筆移轉,13860000
RPRNMLRLOHMFFAX97EA,橫礁段,20.00,非都市： ; 非都市編定：,1,1,全筆移轉,00840001
RPRNMLNKOHMFFAX37DA,埕西段,22.71,非都市： ; 非都市編定：,1,1,全筆移轉,00290001
RPPNMLTKOHMFFAX77DA,鎮海新段,626.98,非都市：風景區 ; 非都市編定：農牧用地,1,1,全筆移轉,08390000
RPTNMLNKOHMFFAX47CA,鎖港西段,164.66,非都市： ; 非都市編定：,1,1,全筆移轉,01580000
RPTNMLPKOHMFFAX67CA,文化段,81.28,非都市： ; 非都市編定：,1,1,全筆移轉,07000000
RPTNMLPKOHMFFAX67CA,文化段,8.77,非都市： ; 非都市編定：,1,1,全筆移轉,07030001
RPQNMLQKOHMFFAX47CA,北澳段,63.06,非都市：一般農業區 ; 非都市編定：甲種建築用地,1,1,全筆移轉,05670000
RPPNMLKLOHMFFAX86CA,北極段,7.57,非都市： ; 非都市編定：,1,1,全筆移轉,06500001
RPPNMLLLOHMFFAX96CA,隘門新段,49.74,非都市：一般農業區 ; 非都市編定：甲種建築用地,12,1,持分移轉,08180000
RPPNMLLLOHMFFAX96CA,隘門新段,31.14,非都市：一般農業區 ; 非都市編定：農牧用地,24,1,持分移轉,09290000
RPPNMLLLOHMFFAX96CA,隘門新段,371.89,非都市：一般農業區 ; 非都市編定：農牧用地,1,1,全筆移轉,10010000
RPPNMLLLOHMFFAX96CA,隘門新段,146.43,非都市：一般農業區 ; 非都市編定：農牧用地,6,1,持分移轉,10680000
RPPNMLLLOHMFFAX96CA,隘門新段,132.83,非都市：一般農業區 ; 非都市編定：農牧用地,3,1,持分移轉,12270000
RPUNMLQKOHMFFAX87CA,馬公段,7.00,非都市： ; 非都市編定：,1,1,全筆移轉,18290001
RPUNMLQKOHMFFAX87CA,馬公段,233.00,非都市： ; 非都市編定：,1,1,全筆移轉,18290000
RPQNMLTKOHMFFAX77CA,文東段,766.28,非都市：一般農業區 ; 非都市編定：農牧用地,2,1,持分移轉,14420000
RPRNMLQKOHMFFAX57CA,馬公段,22.62,非都市： ; 非都市編定：,10000,749,持分移轉,23090000
RPRNMLTKOHMFFAX87CA,五福段,57.85,非都市：一般農業區 ; 非都市編定：農牧用地,320,9,持分移轉,05430000
RPRNMLMLOHMFFAX27CA,湖西南段,26.83,非都市：鄉村區 ; 非都市編定：乙種建築用地,1,1,全筆移轉,05430003
RPQNMLKLOHMFFAX96CA,青螺新段,1882.15,非都市：一般農業區 ; 非都市編定：農牧用地,1,1,全筆移轉,11970000
RPSNMLQKOHMFFAX67CA,埕東段,112.78,非都市： ; 非都市編定：,1,1,全筆移轉,08070000
RPQNMLSLOHMFFAX97EA,南寮北段,634.27,非都市：一般農業區 ; 非都市編定：農牧用地,2,1,持分移轉,07730000
RPPNMLNLOHMFFAX27DA,?葉新段,300.67,非都市：一般農業區 ; 非都市編定：農牧用地,2,1,持分移轉,17150000
RPPNMLNLOHMFFAX27DA,?葉新段,1.95,非都市：一般農業區 ; 非都市編定：交通用地,2,1,持分移轉,17180000
RPPNMLNLOHMFFAX27DA,南寮新段,453.66,非都市：一般農業區 ; 非都市編定：農牧用地,4,1,持分移轉,01270000
RPSNMLOKPHMFFAX57CA,鎖港南段,330.00,非都市：一般農業區 ; 非都市編定：農牧用地,1,1,全筆移轉,03630002
RPSNMLOKPHMFFAX57CA,鎖港南段,368.36,非都市：一般農業區 ; 非都市編定：農牧用地,1,1,全筆移轉,03630000
RPSNMLOKPHMFFAX57CA,鎖港南段,330.00,非都市：一般農業區 ; 非都市編定：農牧用地,1,1,全筆移轉,03630001
RPSNMLOKPHMFFAX57CA,鎖港南段,330.00,非都市：一般農業區 ; 非都市編定：農牧用地,1,1,全筆移轉,03630003
SPRNMLKLOHMFFAX17CA,馬公段,38.27,非都市： ; 非都市編定：,10000,38,持分移轉,02010000
RPRNMLRKPHMFFAX97EA,案山段,43.38,非都市： ; 非都市編定：,3,1,持分移轉,03570000
RPQNMLMLOHMFFAX17CA,城北段,455.60,非都市：鄉村區 ; 非都市編定：乙種建築用地,1,1,全筆移轉,01380000
RPQNMLLLOHMFFAX07CA,東衛段,37.72,非都市：一般農業區 ; 非都市編定：交通用地,12,1,持分移轉,10310004
RPQNMLLLOHMFFAX07CA,東衛段,267.38,非都市：一般農業區 ; 非都市編定：甲種建築用地,1,1,全筆移轉,10310011
RPTNMLRLOHMFFAX97CA,北澳段,85.23,非都市：一般農業區 ; 非都市編定：交通用地,6,1,持分移轉,05880004
RPTNMLRLOHMFFAX97CA,北澳段,176.49,非都市：一般農業區 ; 非都市編定：甲種建築用地,1,1,全筆移轉,05880005
RPSNMLRKPHMFFAX08EA,案山段,43.49,非都市： ; 非都市編定：,3,1,持分移轉,03600000
RPPNMLRLOHMFFAX57CA,鐵線段,378.26,非都市：一般農業區 ; 非都市編定：甲種建築用地,4,3,持分移轉,10100000
RPPNMLKMOHMFFAX96CA,,300.00,非都市： ; 非都市編定：,378,150,持分移轉,08790000
RPRNMLOLOHMFFAX47CA,東澳段,34.14,非都市： ; 非都市編定：,10000,215,持分移轉,05940000
RPUNMLOLOHMFFAX77CA,東澳段,26.20,非都市： ; 非都市編定：,10000,165,持分移轉,05940000
RPSNMLOLOHMFFAX57CA,東澳段,21.44,非都市： ; 非都市編定：,10000,135,持分移轉,05940000
RPTNMLOLOHMFFAX67CA,東澳段,21.76,非都市： ; 非都市編定：,10000,137,持分移轉,05940000
RPQNMLOLOHMFFAX37CA,東澳段,24.93,非都市： ; 非都市編定：,10000,157,持分移轉,05940000
RPQNMLRLOHMFFAX77DA,?葉新段,97.64,非都市：鄉村區 ; 非都市編定：乙種建築用地,2,1,持分移轉,08170000
RPQNMLRLOHMFFAX77DA,?葉新段,9.67,非都市：鄉村區 ; 非都市編定：交通用地,2,1,持分移轉,08150000
RPTOMLOLOHMFFAX77CA,東澳段,26.20,非都市： ; 非都市編定：,10000,165,持分移轉,05940000
RPOOMLOLOHMFFAX27CA,東澳段,21.60,非都市： ; 非都市編定：,10000,136,持分移轉,05940000
RPVNMLOLOHMFFAX87CA,東澳段,33.51,非都市： ; 非都市編定：,10000,211,持分移轉,05940000
RPROMLOLOHMFFAX57CA,東澳段,21.44,非都市： ; 非都市編定：,10000,135,持分移轉,05940000
RPXNMLOLOHMFFAX08CA,東澳段,21.44,非都市： ; 非都市編定：,10000,135,持分移轉,05940000
RPQOMLOLOHMFFAX47CA,東澳段,22.07,非都市： ; 非都市編定：,10000,139,持分移轉,05940000
RPPOMLOLOHMFFAX37CA,東澳段,26.20,非都市： ; 非都市編定：,10000,165,持分移轉,05940000
RPSOMLOLOHMFFAX67CA,東澳段,26.04,非都市： ; 非都市編定：,10000,164,持分移轉,05940000
RPWNMLOLOHMFFAX97CA,東澳段,22.39,非都市： ; 非都市編定：,10000,141,持分移轉,05940000
RPRNMLQLOHMFFAX67CA,興崁段,162.05,非都市：一般農業區 ; 非都市編定：甲種建築用地,1,1,全筆移轉,10430002
RPRNMLQLOHMFFAX67CA,興崁段,79.26,非都市：一般農業區 ; 非都市編定：交通用地,6,1,持分移轉,10430006
RPUOMLOLOHMFFAX87CA,東澳段,21.44,非都市： ; 非都市編定：,10000,135,持分移轉,05940000
RPTPMLOLOHMFFAX87CA,東澳段,21.44,非都市： ; 非都市編定：,10000,135,持分移轉,05940000
RPRPMLOLOHMFFAX67CA,東澳段,26.20,非都市： ; 非都市編定：,10000,165,持分移轉,05940000
RPXOMLOLOHMFFAX18CA,東澳段,21.92,非都市： ; 非都市編定：,10000,138,持分移轉,05940000
RPQPMLOLOHMFFAX57CA,東澳段,21.60,非都市： ; 非都市編定：,10000,136,持分移轉,05940000
RPVOMLOLOHMFFAX97CA,東澳段,21.44,非都市： ; 非都市編定：,10000,135,持分移轉,05940000
RPPPMLOLOHMFFAX47CA,東澳段,21.60,非都市： ; 非都市編定：,10000,136,持分移轉,05940000
RPSPMLOLOHMFFAX77CA,東澳段,26.20,非都市： ; 非都市編定：,10000,165,持分移轉,05940000
RPUPMLOLOHMFFAX97CA,東澳段,21.60,非都市： ; 非都市編定：,10000,136,持分移轉,05940000
RPOPMLOLOHMFFAX37CA,東澳段,26.52,非都市： ; 非都市編定：,10000,167,持分移轉,05940000
RPWOMLOLOHMFFAX08CA,東澳段,26.20,非都市： ; 非都市編定：,10000,165,持分移轉,05940000
RPWPMLOLOHMFFAX18CA,東澳段,33.67,非都市： ; 非都市編定：,10000,212,持分移轉,05940000
RPXPMLOLOHMFFAX28CA,東澳段,26.52,非都市： ; 非都市編定：,10000,167,持分移轉,05940000
RPQQMLOLOHMFFAX67CA,東澳段,26.04,非都市： ; 非都市編定：,10000,164,持分移轉,05940000
RPVPMLOLOHMFFAX08CA,東澳段,26.04,非都市： ; 非都市編定：,10000,164,持分移轉,05940000
RPRQMLOLOHMFFAX77CA,東澳段,26.04,非都市： ; 非都市編定：,10000,164,持分移轉,05940000
RPSQMLOLOHMFFAX87CA,東澳段,33.51,非都市： ; 非都市編定：,10000,211,持分移轉,05940000
RPOQMLOLOHMFFAX47CA,東澳段,21.60,非都市： ; 非都市編定：,10000,136,持分移轉,05940000
RPTQMLOLOHMFFAX97CA,東澳段,26.52,非都市： ; 非都市編定：,10000,167,持分移轉,05940000
RPPQMLOLOHMFFAX57CA,東澳段,21.60,非都市： ; 非都市編定：,10000,136,持分移轉,05940000
RPUQMLOLOHMFFAX08CA,東澳段,21.44,非都市： ; 非都市編定：,10000,135,持分移轉,05940000
RPPNMLMLOHMFFAX07CA,馬公段,20.00,非都市： ; 非都市編定：,1,1,全筆移轉,16210056
RPQNMLQLOHMFFAX57CA,文光段,58.50,非都市： ; 非都市編定：,1,1,全筆移轉,04450000
RPVQMLOLOHMFFAX18CA,東澳段,26.68,非都市： ; 非都市編定：,10000,168,持分移轉,05940000
RPVNMLRLOHMFFAX38EA,?葉新段,872.27,非都市：一般農業區 ; 非都市編定：農牧用地,1,1,全筆移轉,14830000
RPPNMLQLOHMFFAX47CA,水垵段,286.00,非都市：鄉村區 ; 非都市編定：乙種建築用地,1,1,全筆移轉,19770000
RPUNMLRLOHMFFAX28EA,?葉新段,82.04,非都市：一般農業區 ; 非都市編定：農牧用地,1,1,全筆移轉,14910000
RPUNMLMLOHMFFAX57CA,興仁段,1044.96,非都市：一般農業區 ; 非都市編定：農牧用地,1,1,全筆移轉,08210000
RPQNMLKMOHMFFAX17DA,春暉段,92.28,非都市： ; 非都市編定：,1,1,全筆移轉,03010000
RPSNMLMLOHMFFAX37CA,文光段,26.95,非都市： ; 非都市編定：,100000,618,持分移轉,00570000
RPPNMLTKPHMFFAX77CA,埕中段,72.43,非都市： ; 非都市編定：,1,1,全筆移轉,01470000
RPPNMLTKPHMFFAX77CA,埕中段,3.73,非都市： ; 非都市編定：,1,1,全筆移轉,01550000
RPTNMLLKPHMFFAX37CA,大嶼段,306.40,非都市：一般農業區 ; 非都市編定：甲種建築用地,10,8,持分移轉,40570000
RPWNMLNLOHMFFAX87CA,山水西段,749.88,非都市：一般農業區 ; 非都市編定：農牧用地,1,1,全筆移轉,03020000
RPUNMLNLOHMFFAX77DA,許家段,529.87,非都市：一般農業區 ; 非都市編定：甲種建築用地,1,1,全筆移轉,06890000
RPSNMLNLOHMFFAX57DA,六合段,205.68,非都市： ; 非都市編定：,1,1,全筆移轉,06890000
RPRNMLNLOHMFFAX37CA,興崁段,347.11,非都市：一般農業區 ; 非都市編定：農牧用地,1,1,全筆移轉,08840001
RPWNMLRLOHMFFAX28CA,四維段,32.90,非都市：一般農業區 ; 非都市編定：甲種建築用地,1,1,全筆移轉,09730004
RPVNMLNLOHMFFAX77CA,國宅段,3996.40,非都市：一般農業區 ; 非都市編定：農牧用地,1,1,全筆移轉,01810000
RPSNMLQLOHMFFAX77CA,東衛段,246.52,非都市：一般農業區 ; 非都市編定：甲種建築用地,1,1,全筆移轉,10310003
RPSNMLQLOHMFFAX77CA,東衛段,37.72,非都市：一般農業區 ; 非都市編定：交通用地,12,1,持分移轉,10310004
RPQNMLRLPHMFFAX77CA,埕中段,106.86,非都市： ; 非都市編定：,3,1,持分移轉,01910000
RPRNMLTLOHMFFAX08DA,小池角段,242.00,非都市：鄉村區 ; 非都市編定：乙種建築用地,1,1,全筆移轉,39370000
RPXNMLTKPHMFFAX68DA,五德東段,185.59,非都市：一般農業區 ; 非都市編定：農牧用地,1000,503,持分移轉,08800000
RPXNMLTKPHMFFAX68DA,五德東段,183.37,非都市：一般農業區 ; 非都市編定：農牧用地,1000,497,持分移轉,08800000
RPQNMLTLOHMFFAX08EA,春暉段,17.60,非都市： ; 非都市編定：,5,1,持分移轉,06350000
RPQNMLTLOHMFFAX08EA,春暉段,34.67,非都市： ; 非都市編定：,1,1,全筆移轉,06400000
RPQNMLTLOHMFFAX08EA,春暉段,10.57,非都市： ; 非都市編定：,1,1,全筆移轉,06410000
RPQNMLTLOHMFFAX08EA,春暉段,12.15,非都市： ; 非都市編定：,5,1,持分移轉,06460000
RPRNMLSLOHMFFAX87CA,,73.64,非都市： ; 非都市編定：,3,1,持分移轉,02080000
RPPNMLTLOHMFFAX77CA,國宅段,240.43,非都市： ; 非都市編定：,1,1,全筆移轉,04800002
RPTNMLTLOHMFFAX18CA,五福段,30.00,非都市：一般農業區 ; 非都市編定：交通用地,979830,30000,持分移轉,08140004
RPTNMLTLOHMFFAX18CA,五福段,241.17,非都市：一般農業區 ; 非都市編定：農牧用地,100000,25245,持分移轉,08160000
RPSNMLTLOHMFFAX08CA,國宅段,356.66,非都市：一般農業區 ; 非都市編定：農牧用地,4,1,持分移轉,02080000
RPUNMLTLOHMFFAX28CA,四維段,79.16,非都市：鄉村區 ; 非都市編定：乙種建築用地,10000,940,持分移轉,00440000
RPUNMLTLOHMFFAX28CA,四維段,2.95,非都市：鄉村區 ; 非都市編定：乙種建築用地,65,3,持分移轉,00460000
RPUNMLTLOHMFFAX28CA,四維段,3.40,非都市：鄉村區 ; 非都市編定：乙種建築用地,65,3,持分移轉,00470000
RPUNMLTLOHMFFAX28CA,四維段,3.97,非都市：鄉村區 ; 非都市編定：乙種建築用地,65,3,持分移轉,00480000
RPUNMLTLOHMFFAX28CA,四維段,3.34,非都市：鄉村區 ; 非都市編定：乙種建築用地,65,3,持分移轉,00510000
RPRNMLKMOHMFFAX17CA,安宅段,39.35,非都市：一般農業區 ; 非都市編定：交通用地,15,1,持分移轉,01010004
RPRNMLKMOHMFFAX17CA,安宅段,175.85,非都市：一般農業區 ; 非都市編定：甲種建築用地,1,1,全筆移轉,01010010
RPQNMLNJPHMFFAX17CA,春暉段,100.30,非都市： ; 非都市編定：,1,1,全筆移轉,04340000
RPQNMLOJPHMFFAX27CA,城北段,219.18,非都市：一般農業區 ; 非都市編定：甲種建築用地,1,1,全筆移轉,10760002
RPQNMLOJPHMFFAX27CA,城北段,54.61,非都市：一般農業區 ; 非都市編定：交通用地,10,1,持分移轉,10760004
RPQNMLOJPHMFFAX27CA,城北段,21.56,非都市：一般農業區 ; 非都市編定：交通用地,20,1,持分移轉,10870000
RPPOMLTKPHMFFAX97DA,海堤段,219.50,非都市：一般農業區 ; 非都市編定：農牧用地,10000,799,持分移轉,00990000
RPPOMLTKPHMFFAX97DA,海堤段,219.22,非都市：一般農業區 ; 非都市編定：農牧用地,10000,798,持分移轉,00990000
RPPOMLTKPHMFFAX97DA,海堤段,219.77,非都市：一般農業區 ; 非都市編定：農牧用地,10000,800,持分移轉,00990000
RPPOMLTKPHMFFAX97DA,海堤段,224.17,非都市：一般農業區 ; 非都市編定：農牧用地,10000,816,持分移轉,00990000
RPPOMLTKPHMFFAX97DA,海堤段,244.77,非都市：一般農業區 ; 非都市編定：農牧用地,10000,891,持分移轉,00990000
RPPOMLTKPHMFFAX97DA,海堤段,215.65,非都市：一般農業區 ; 非都市編定：農牧用地,10000,785,持分移轉,00990000
RPPOMLTKPHMFFAX97DA,海堤段,215.38,非都市：一般農業區 ; 非都市編定：農牧用地,10000,784,持分移轉,00990000
RPPOMLTKPHMFFAX97DA,海堤段,221.70,非都市：一般農業區 ; 非都市編定：農牧用地,10000,807,持分移轉,00990000
RPPOMLTKPHMFFAX97DA,海堤段,217.85,非都市：一般農業區 ; 非都市編定：農牧用地,10000,793,持分移轉,00990000
RPPOMLTKPHMFFAX97DA,海堤段,216.75,非都市：一般農業區 ; 非都市編定：農牧用地,10000,789,持分移轉,00990000
RPPOMLTKPHMFFAX97DA,海堤段,275.26,非都市：一般農業區 ; 非都市編定：農牧用地,10000,1002,持分移轉,00990000
RPRNMLOJPHMFFAX37CA,城北段,219.19,非都市：一般農業區 ; 非都市編定：甲種建築用地,1,1,全筆移轉,10760000
RPRNMLOJPHMFFAX37CA,城北段,54.61,非都市：一般農業區 ; 非都市編定：交通用地,10,1,持分移轉,10760004
RPRNMLOJPHMFFAX37CA,城北段,21.56,非都市：一般農業區 ; 非都市編定：交通用地,20,1,持分移轉,10870000
RPQNMLTKPHMFFAX87CA,風櫃東段,119.88,非都市：鄉村區 ; 非都市編定：乙種建築用地,1,1,全筆移轉,09890001
RPQNMLOLPHMFFAX57DA,成功南段,370.74,非都市：一般農業區 ; 非都市編定：農牧用地,10000,2772,持分移轉,08250000
RPQNMLOLPHMFFAX57DA,成功南段,239.54,非都市：一般農業區 ; 非都市編定：農牧用地,10000,1791,持分移轉,08250000
RPQNMLOLPHMFFAX57DA,成功南段,234.45,非都市：一般農業區 ; 非都市編定：農牧用地,10000,1753,持分移轉,08250000
RPQNMLOLPHMFFAX57DA,成功南段,241.94,非都市：一般農業區 ; 非都市編定：農牧用地,10000,1809,持分移轉,08250000
RPQNMLOLPHMFFAX57DA,成功南段,250.77,非都市：一般農業區 ; 非都市編定：農牧用地,10000,1875,持分移轉,08250000
RPTNMLOJPHMFFAX57CA,興仁段,1331.80,非都市：一般農業區 ; 非都市編定：農牧用地,4,3,持分移轉,07410000
RPPNMLNJPHMFFAX07CA,,71.09,非都市： ; 非都市編定：,6,1,持分移轉,00480000
RPTNMLPJPHMFFAX67CA,東澳段,26.04,非都市： ; 非都市編定：,10000,164,持分移轉,05940000
RPVNMLPJPHMFFAX87CA,東澳段,26.52,非都市： ; 非都市編定：,10000,167,持分移轉,05940000
RPUNMLPJPHMFFAX77CA,東澳段,33.51,非都市： ; 非都市編定：,10000,211,持分移轉,05940000
RPPOMLPJPHMFFAX37CA,東澳段,21.92,非都市： ; 非都市編定：,10000,138,持分移轉,05940000
RPTOMLPJPHMFFAX77CA,東澳段,33.67,非都市： ; 非都市編定：,10000,212,持分移轉,05940000
RPSOMLPJPHMFFAX67CA,東澳段,26.20,非都市： ; 非都市編定：,10000,165,持分移轉,05940000
RPWNMLPJPHMFFAX97CA,東澳段,26.04,非都市： ; 非都市編定：,10000,164,持分移轉,05940000
RPOOMLPJPHMFFAX27CA,東澳段,26.52,非都市： ; 非都市編定：,10000,167,持分移轉,05940000
RPPNMLSLPHMFFAX77CA,鎖港南段,330.00,非都市：一般農業區 ; 非都市編定：農牧用地,1,1,全筆移轉,03630004
RPROMLPJPHMFFAX57CA,東澳段,21.92,非都市： ; 非都市編定：,10000,138,持分移轉,05940000
RPUOMLPJPHMFFAX87CA,東澳段,21.60,非都市： ; 非都市編定：,10000,136,持分移轉,05940000
RPXNMLPJPHMFFAX08CA,東澳段,33.67,非都市： ; 非都市編定：,10000,212,持分移轉,05940000
RPSNMLPJPHMFFAX57CA,東澳段,27.63,非都市： ; 非都市編定：,10000,174,持分移轉,05940000
RPRNMLNJPHMFFAX27CA,,269.90,非都市： ; 非都市編定：,1,1,全筆移轉,10680001
RPRNMLNJPHMFFAX27CA,,14.88,非都市： ; 非都市編定：,9921,1488,持分移轉,10680004
RPWOMLPJPHMFFAX08CA,東澳段,22.07,非都市： ; 非都市編定：,10000,139,持分移轉,05940000
RPPNMLOJPHMFFAX17CA,文光段,34.29,非都市： ; 非都市編定：,11,1,持分移轉,08110000
RPPNMLOJPHMFFAX17CA,文光段,45.48,非都市： ; 非都市編定：,1,1,全筆移轉,08150000
RPPNMLOJPHMFFAX17CA,文光段,18.85,非都市： ; 非都市編定：,11,1,持分移轉,08160000
RPPNMLLKPHMFFAX96CA,五福段,194.96,非都市：一般農業區 ; 非都市編定：甲種建築用地,1,1,全筆移轉,03090000
RPPNMLLKPHMFFAX96CA,五福段,24.16,非都市：一般農業區 ; 非都市編定：交通用地,12,1,持分移轉,03170000
RPPNMLLKPHMFFAX96CA,五福段,37.80,非都市：一般農業區 ; 非都市編定：交通用地,12,1,持分移轉,03180000
RPPNMLPJPHMFFAX27CA,赤崁西段,212.03,非都市：鄉村區 ; 非都市編定：乙種建築用地,1,1,全筆移轉,00880000
RPTNMLTKPHMFFAX28DA,文澳段,58.00,非都市： ; 非都市編定：,1,1,全筆移轉,24510001
RPTNMLTKPHMFFAX28DA,文澳段,117.00,非都市： ; 非都市編定：,1,1,全筆移轉,24520000
RPQNMLPJPHMFFAX37CA,後寮南段,19.76,非都市：一般農業區 ; 非都市編定：農牧用地,720,52,持分移轉,07930000
RPQNMLPJPHMFFAX37CA,後寮南段,1.80,非都市：一般農業區 ; 非都市編定：交通用地,720,52,持分移轉,07940000
RPQNMLPJPHMFFAX37CA,通梁東段,90.36,非都市：一般農業區 ; 非都市編定：農牧用地,720,52,持分移轉,05740000
RPQNMLPJPHMFFAX37CA,通梁東段,45.54,非都市：一般農業區 ; 非都市編定：農牧用地,720,52,持分移轉,05960000
RPQNMLPJPHMFFAX37CA,通梁中段,24.96,非都市： ; 非都市編定：,720,52,持分移轉,11980000
RPQNMLPJPHMFFAX37CA,通梁中段,125.97,非都市： ; 非都市編定：,720,52,持分移轉,12040000
RPQNMLPJPHMFFAX37CA,通梁中段,.84,非都市： ; 非都市編定：,720,52,持分移轉,12040001
RPQNMLPJPHMFFAX37CA,通梁中段,.01,非都市： ; 非都市編定：,720,52,持分移轉,12040002
RPQNMLPJPHMFFAX37CA,通梁中段,5.52,非都市： ; 非都市編定：,720,52,持分移轉,12200000
RPQNMLPJPHMFFAX37CA,通梁中段,.09,非都市： ; 非都市編定：,720,52,持分移轉,12200001
RPQNMLQJPHMFFAX57DA,二崁北段,101.14,非都市： ; 非都市編定：,1,1,全筆移轉,04910002
RPQNMLQJPHMFFAX57DA,二崁北段,271.94,非都市： ; 非都市編定：,1,1,全筆移轉,04940002
RPQNMLQJPHMFFAX57DA,二崁北段,164.75,非都市： ; 非都市編定：,1,1,全筆移轉,04910001
RPQNMLQJPHMFFAX57DA,二崁北段,183.39,非都市： ; 非都市編定：,1,1,全筆移轉,04940001
RPSNMLOJPHMFFAX47CA,文光段,27.26,非都市： ; 非都市編定：,100000,329,持分移轉,00200000
RPSNMLOJPHMFFAX47CA,文光段,3.53,非都市： ; 非都市編定：,100000,329,持分移轉,00540000
RPPNMLKKPHMFFAX86CA,沙港北段,207.64,非都市：一般農業區 ; 非都市編定：甲種建築用地,1,1,全筆移轉,03680000
RPVNMLRLPHMFFAX28CA,許家段,182.18,非都市：一般農業區 ; 非都市編定：交通用地,4,1,持分移轉,06280000
RPWNMLOKPHMFFAX97CA,,332.52,非都市： ; 非都市編定：,2,1,持分移轉,04700000
RPWNMLOKPHMFFAX97CA,,332.52,非都市： ; 非都市編定：,2,1,持分移轉,04700000
RPQNMLLKPHMFFAX07CA,外垵二段,50.89,非都市：鄉村區 ; 非都市編定：乙種建築用地,1,1,全筆移轉,13610000
RPPNMLRJPHMFFAX47CA,機場段,945.99,非都市：一般農業區 ; 非都市編定：農牧用地,1,1,全筆移轉,10740000
RPRNMLQJPHMFFAX67DA,鼎灣新段,1314.59,非都市：一般農業區 ; 非都市編定：農牧用地,1,1,全筆移轉,14450000
RPRNMLMKPHMFFAX27CA,成功南段,17.28,非都市：一般農業區 ; 非都市編定：交通用地,4,1,持分移轉,10980000
RPPNMLSJPHMFFAX67DA,吉貝東段,586.96,非都市：一般農業區 ; 非都市編定：農牧用地,2,1,持分移轉,04060000
RPPNMLSJPHMFFAX67DA,吉貝東段,92.25,非都市：一般農業區 ; 非都市編定：農牧用地,2,1,持分移轉,07070000
RPPNMLSJPHMFFAX67DA,吉貝西段,797.77,非都市：一般農業區 ; 非都市編定：農牧用地,2,1,持分移轉,00410000
RPPNMLSJPHMFFAX67DA,吉貝東段,111.50,非都市：鄉村區 ; 非都市編定：乙種建築用地,4,1,持分移轉,11910000
RPPNMLSJPHMFFAX67DA,吉貝東段,23.11,非都市：鄉村區 ; 非都市編定：乙種建築用地,6,1,持分移轉,09880000
RPSNMLMKPHMFFAX37CA,成功南段,17.28,非都市：一般農業區 ; 非都市編定：交通用地,4,1,持分移轉,10980000
RPRNMLKKPHMFFAX07CA,鐵線段,209.32,非都市：一般農業區 ; 非都市編定：交通用地,1,1,全筆移轉,06890001
RPRNMLKKPHMFFAX07CA,鐵線段,649.49,非都市：一般農業區 ; 非都市編定：甲種建築用地,1,1,全筆移轉,06890002
RPRNMLKKPHMFFAX07CA,鐵線段,259.22,非都市：一般農業區 ; 非都市編定：農牧用地,1,1,全筆移轉,06890003
RPUNMLLKPHMFFAX47CA,大嶼段,365.00,非都市：鄉村區 ; 非都市編定：乙種建築用地,1,1,全筆移轉,38450001
RPVNMLLKPHMFFAX57CA,大嶼段,354.00,非都市：一般農業區 ; 非都市編定：農牧用地,2,1,持分移轉,40160000
RPVNMLLKPHMFFAX57CA,七美二段,1252.76,非都市：一般農業區 ; 非都市編定：農牧用地,1,1,全筆移轉,04050000
RPSNMLLKPHMFFAX27CA,鎖港南段,11.47,非都市： ; 非都市編定：,3,1,持分移轉,15710000
RPRNMLLKPHMFFAX17CA,大倉段,89.00,非都市：鄉村區 ; 非都市編定：乙種建築用地,1,1,全筆移轉,00780007
RPPNMLMKPHMFFAX27EA,小池角段,14.25,非都市：一般農業區 ; 非都市編定：農牧用地,8,1,持分移轉,41550001
RPQNMLKKPHMFFAX17EA,鎖港西段,21.98,非都市： ; 非都市編定：,1,1,全筆移轉,03430001
RPPNMLSKPHMFFAX87EA,,320.35,非都市： ; 非都市編定：,1,1,全筆移轉,01360000
RPRNMLNKPHMFFAX37CA,二崁北段,1285.95,非都市：一般農業區 ; 非都市編定：農牧用地,1,1,全筆移轉,09070000
RPQNMLNKPHMFFAX47EA,小池角段,14.25,非都市：一般農業區 ; 非都市編定：農牧用地,8,1,持分移轉,41550001
RPUNMLRLPHMFFAX28DA,光華段,311.72,非都市：鄉村區 ; 非都市編定：乙種建築用地,1,1,全筆移轉,08410000
RPSNMLNKPHMFFAX47CA,北澳段,172.60,非都市：一般農業區 ; 非都市編定：甲種建築用地,1,1,全筆移轉,05880002
RPSNMLNKPHMFFAX47CA,北澳段,85.23,非都市：一般農業區 ; 非都市編定：交通用地,6,1,持分移轉,05880004
RPPNMLOKPHMFFAX27CA,大嶼段,189.00,非都市：一般農業區 ; 非都市編定：農牧用地,1,1,全筆移轉,54470000
RPPNMLOKPHMFFAX27CA,大嶼段,303.00,非都市：一般農業區 ; 非都市編定：農牧用地,2,1,持分移轉,54490000
RPUNMLNKPHMFFAX67CA,成功北段,1683.03,非都市：一般農業區 ; 非都市編定：農牧用地,1,1,全筆移轉,07700000
RPQNMLOKPHMFFAX37CA,尖山南段,1110.85,非都市：一般農業區 ; 非都市編定：農牧用地,1,1,全筆移轉,07910000
RPQNMLOKPHMFFAX37CA,尖山南段,180.74,非都市：一般農業區 ; 非都市編定：農牧用地,1,1,全筆移轉,07890000
RPUNMLTKPHMFFAX28CA,通梁東段,519.25,非都市：一般農業區 ; 非都市編定：農牧用地,1,1,全筆移轉,05750000
RPUNMLTKPHMFFAX28CA,通梁東段,655.20,非都市：一般農業區 ; 非都市編定：農牧用地,1,1,全筆移轉,05790000
RPTNMLNKPHMFFAX57CA,成功南段,1829.02,非都市：一般農業區 ; 非都市編定：農牧用地,1,1,全筆移轉,02460000
RPVNMLTKPHMFFAX38CA,風櫃東段,35.57,非都市：鄉村區 ; 非都市編定：乙種建築用地,1,1,全筆移轉,09890002
RPQNMLSLPHMFFAX87CA,二崁北段,388.00,非都市：一般農業區 ; 非都市編定：農牧用地,2,1,持分移轉,13810000
RPQNMLSLPHMFFAX87CA,二崁北段,388.00,非都市：一般農業區 ; 非都市編定：農牧用地,2,1,持分移轉,13810000
RPVNMLOKPHMFFAX87CA,東澳段,21.92,非都市： ; 非都市編定：,10000,138,持分移轉,05940000
RPQNMLRKPHMFFAX67CA,馬公段,900.00,非都市： ; 非都市編定：,1,1,全筆移轉,26660047
RPVNMLNKPHMFFAX77CA,南寮南段,73.32,非都市：一般農業區 ; 非都市編定：甲種建築用地,3,1,持分移轉,00730000
RPWNMLNKPHMFFAX87CA,興仁段,1536.52,非都市：一般農業區 ; 非都市編定：農牧用地,1,1,全筆移轉,12260000
RPPNMLMJQHMFFAX17DA,春暉段,81.28,非都市： ; 非都市編定：,1,1,全筆移轉,05790000
RPRNMLOKPHMFFAX47CA,通梁南段,57.03,非都市： ; 非都市編定：,1,1,全筆移轉,12570000
RPPNMLRKPHMFFAX57CA,興仁南段,1455.02,非都市：風景區 ; 非都市編定：農牧用地,1,1,全筆移轉,01210000
RPUNMLOKPHMFFAX77CA,許家段,470.87,非都市：一般農業區 ; 非都市編定：農牧用地,1,1,全筆移轉,04730000
RPROMLTKPHMFFAX18DA,四維段,70.04,非都市：鄉村區 ; 非都市編定：乙種建築用地,1,1,全筆移轉,03250000
RPQOMLTKPHMFFAX08DA,埕東段,30.89,非都市： ; 非都市編定：,10000,241,持分移轉,02160001
RPSNMLTKPHMFFAX08CA,光榮段,223.69,非都市： ; 非都市編定：,4,1,持分移轉,00500000
RPQNMLSKPHMFFAX97EA,,1255.02,非都市： ; 非都市編定：,3,2,持分移轉,12700000
RPPNMLOLPHMFFAX37CA,龍門南段,128.26,非都市：鄉村區 ; 非都市編定：乙種建築用地,1,1,全筆移轉,04060000
RPWNMLTKPHMFFAX48CA,成功南段,17.28,非都市：一般農業區 ; 非都市編定：交通用地,4,1,持分移轉,10980000
RPQNMLKLPHMFFAX17DA,東澳段,79.96,非都市： ; 非都市編定：,1,1,全筆移轉,10290001
RPPNMLKLPHMFFAX96CA,紅羅段,608.52,非都市：一般農業區 ; 非都市編定：農牧用地,2,1,持分移轉,17000000
RPPNMLKLPHMFFAX96CA,紅羅段,608.52,非都市：一般農業區 ; 非都市編定：農牧用地,2,1,持分移轉,17000000
RPUNMLPLPHMFFAX97CA,海堤段,62.13,非都市： ; 非都市編定：,1,1,全筆移轉,10190002
RPQNMLMJQHMFFAX17CA,東澳段,43.41,非都市： ; 非都市編定：,72,55,持分移轉,09980000
RPQNMLMJQHMFFAX17CA,東澳段,201.56,非都市： ; 非都市編定：,12,11,持分移轉,09410000
RPQNMLMJQHMFFAX17CA,東澳段,213.56,非都市： ; 非都市編定：,12,11,持分移轉,09920000
RPQNMLMJQHMFFAX17CA,東澳段,121.45,非都市： ; 非都市編定：,72,55,持分移轉,09960000
RPQNMLMJQHMFFAX17CA,文石段,684.66,非都市：一般農業區 ; 非都市編定：農牧用地,12,11,持分移轉,11550000
RPQNMLMJQHMFFAX17CA,文寮段,658.87,非都市：一般農業區 ; 非都市編定：農牧用地,12,11,持分移轉,00260000
RPQNMLMJQHMFFAX17CA,文寮段,96.35,非都市：一般農業區 ; 非都市編定：農牧用地,12,11,持分移轉,03180001
RPQNMLMJQHMFFAX17CA,文寮段,810.39,非都市：一般農業區 ; 非都市編定：農牧用地,12,11,持分移轉,01680000
RPQNMLMJQHMFFAX17CA,文寮段,523.32,非都市： ; 非都市編定：,12,11,持分移轉,03160000
RPQNMLMJQHMFFAX17CA,文寮段,506.94,非都市： ; 非都市編定：,12,11,持分移轉,03180000
RPQNMLMJQHMFFAX17CA,中山段,139.12,非都市： ; 非都市編定：,12,11,持分移轉,02490000
RPPNMLLLPHMFFAX07CA,東澳段,152.39,非都市： ; 非都市編定：,1,1,全筆移轉,01870002
RPPNMLPKNHOFFAX37CA,埕東段,49.25,非都市： ; 非都市編定：,6,1,持分移轉,00940001
RPPNMLMLPHMFFAX17CA,望安段,242.50,非都市：一般農業區 ; 非都市編定：甲種建築用地,2,1,持分移轉,06180001
RPPNMLMLPHMFFAX17CA,望安段,58.00,非都市：一般農業區 ; 非都市編定：農牧用地,2,1,持分移轉,06180057
RPTNMLPLPHMFFAX87CA,湖西南段,171.48,非都市：一般農業區 ; 非都市編定：農牧用地,30,6,持分移轉,01130000
RPQNMLLLPHMFFAX17CA,埕東段,40.93,非都市： ; 非都市編定：,1,1,全筆移轉,00480000
RPQNMLLLPHMFFAX17CA,埕東段,28.83,非都市： ; 非都市編定：,5,1,持分移轉,00510000
RPRNMLOLPHMFFAX57CA,雙湖段,268.26,非都市：一般農業區 ; 非都市編定：農牧用地,1,1,全筆移轉,10020000
RPRNMLOLPHMFFAX57CA,雙湖段,383.81,非都市：一般農業區 ; 非都市編定：農牧用地,1,1,全筆移轉,10030000
RPPNMLQLPHMFFAX57CA,七美二段,199.58,非都市：一般農業區 ; 非都市編定：甲種建築用地,12,5,持分移轉,03550000
RPSNMLOLPHMFFAX67CA,光榮段,473.95,非都市： ; 非都市編定：,3,1,持分移轉,03700000
RPQNMLPKQHMFFAX57CA,光榮段,818.06,非都市： ; 非都市編定：,2,1,持分移轉,01410000
RPRNMLMJQHMFFAX27CA,埕中段,59.25,非都市： ; 非都市編定：,1,1,全筆移轉,02950000
RPSNMLRLPHMFFAX97CA,湖東新段,292.00,非都市：一般農業區 ; 非都市編定：農牧用地,1,1,全筆移轉,08800000
RPTNMLLMPHMFFAX57CA,許家段,145.00,非都市：一般農業區 ; 非都市編定：農牧用地,1,1,全筆移轉,04970000
RPQNMLQLPHMFFAX67CA,光榮段,384.79,非都市： ; 非都市編定：,8,2,持分移轉,01440000
RPRNMLPKQHMFFAX67CA,北澳段,204.96,非都市：鄉村區 ; 非都市編定：乙種建築用地,1,1,全筆移轉,02070000
RPRNMLRLPHMFFAX87CA,東衛段,427.85,非都市：一般農業區 ; 非都市編定：農牧用地,1,1,全筆移轉,03530000
RPRNMLQLPHMFFAX77CA,大倉段,116.00,非都市：一般農業區 ; 非都市編定：特定目的事業用地,1,1,全筆移轉,00060004
RPRNMLQLPHMFFAX77CA,大倉段,54.00,非都市：一般農業區 ; 非都市編定：特定目的事業用地,1,1,全筆移轉,00060005
RPRNMLQLPHMFFAX77CA,大倉段,94.00,非都市：一般農業區 ; 非都市編定：特定目的事業用地,1,1,全筆移轉,00060001
RPVNMLSLPHMFFAX38CA,東澳段,26.04,非都市： ; 非都市編定：,10000,164,持分移轉,05940000
RPTNMLRLPHMFFAX08CA,機場段,503.35,非都市：一般農業區 ; 非都市編定：農牧用地,1,1,全筆移轉,10920000
RPPNMLPLQHMFFAX57CA,中衛段,107.32,非都市： ; 非都市編定：,7,1,持分移轉,04450000
RPPNMLPLQHMFFAX57CA,中衛段,85.93,非都市： ; 非都市編定：,7,1,持分移轉,04460000
RPPNMLPLQHMFFAX57CA,中衛段,106.03,非都市： ; 非都市編定：,7,1,持分移轉,04470000
RPPNMLRLPHMFFAX77DA,四維段,114.73,非都市：一般農業區 ; 非都市編定：甲種建築用地,1,1,全筆移轉,06680000
RPPNMLLMPHMFFAX17CA,文光段,26.93,非都市： ; 非都市編定：,100000,325,持分移轉,00200000
RPPNMLLMPHMFFAX17CA,文光段,3.49,非都市： ; 非都市編定：,100000,325,持分移轉,00540000
RPSNMLSLPHMFFAX08CA,光榮段,35.66,非都市： ; 非都市編定：,60,1,持分移轉,01530000
RPVNMLLMPHMFFAX77CA,許家段,7.76,非都市：風景區 ; 非都市編定：農牧用地,1,1,全筆移轉,01740000
RPVNMLLMPHMFFAX77CA,許家段,85.39,非都市：風景區 ; 非都市編定：農牧用地,1,1,全筆移轉,01940000
RPVNMLLMPHMFFAX77CA,許家段,1358.06,非都市：風景區 ; 非都市編定：農牧用地,1,1,全筆移轉,01950000
RPVNMLLMPHMFFAX77CA,許家段,25.20,非都市：一般農業區 ; 非都市編定：交通用地,1,1,全筆移轉,01980000
RPRNMLSLPHMFFAX97CA,五福段,183.33,非都市：一般農業區 ; 非都市編定：甲種建築用地,1,1,全筆移轉,01220001
RPRNMLSLPHMFFAX97CA,五福段,54.67,非都市：一般農業區 ; 非都市編定：交通用地,5,1,持分移轉,01220004
RPTNMLSLPHMFFAX18CA,尖山中段,261.80,非都市：一般農業區 ; 非都市編定：農牧用地,1,1,全筆移轉,13690000
RPUNMLSLPHMFFAX28CA,尖山中段,264.97,非都市：一般農業區 ; 非都市編定：農牧用地,1000000,146150,持分移轉,09400000
RPUNMLSLPHMFFAX28CA,尖山中段,339.82,非都市：一般農業區 ; 非都市編定：農牧用地,1000000,187430,持分移轉,09400000
RPUNMLSLPHMFFAX28CA,尖山中段,223.84,非都市：一般農業區 ; 非都市編定：農牧用地,1000000,123460,持分移轉,09400000
RPUNMLSLPHMFFAX28CA,尖山中段,220.57,非都市：一般農業區 ; 非都市編定：農牧用地,1000000,121660,持分移轉,09400000
RPUNMLSLPHMFFAX28CA,尖山中段,218.18,非都市：一般農業區 ; 非都市編定：農牧用地,1000000,120340,持分移轉,09400000
RPRNMLLJQHMFFAX17CA,文化段,29.76,非都市： ; 非都市編定：,1000,70,持分移轉,02700000
RPSNMLLMPHMFFAX47CA,大嶼段,62.60,非都市：一般農業區 ; 非都市編定：甲種建築用地,20,1,持分移轉,38030000
RPQNMLLJQHMFFAX07CA,山水西段,3.06,非都市：鄉村區 ; 非都市編定：交通用地,3,1,持分移轉,00250001
RPQNMLLJQHMFFAX07CA,山水西段,7.11,非都市：鄉村區 ; 非都市編定：交通用地,3,1,持分移轉,00260001
RPQNMLLJQHMFFAX07CA,山水西段,10.29,非都市：鄉村區 ; 非都市編定：交通用地,3,1,持分移轉,00270001
RPPNMLLJQHMFFAX96CA,馬公段,34.25,非都市： ; 非都市編定：,12,1,持分移轉,01730015
RPRNMLLMPHMFFAX37CA,四維段,120.99,非都市：鄉村區 ; 非都市編定：乙種建築用地,1,1,全筆移轉,02320000
RPUNMLLMPHMFFAX77DA,鎖港西段,1400.87,非都市： ; 非都市編定：,1,1,全筆移轉,05050000
RPRNMLRKQHMFFAX08EA,南寮北段,141.91,非都市：一般農業區 ; 非都市編定：農牧用地,5,1,持分移轉,14470000
RPPNMLRJQHMFFAX57CA,四維段,188.56,非都市：一般農業區 ; 非都市編定：甲種建築用地,1,1,全筆移轉,05870001
RPPNMLRJQHMFFAX57CA,四維段,32.01,非都市：一般農業區 ; 非都市編定：交通用地,6,1,持分移轉,05870004
RPQNMLRJQHMFFAX67CA,馬公段,36.00,非都市： ; 非都市編定：,1,1,全筆移轉,14600000
RPQNMLRJQHMFFAX67CA,馬公段,17.00,非都市： ; 非都市編定：,1,1,全筆移轉,14610000
RPQNMLPKNHOFFAX47CA,東澳段,26.04,非都市： ; 非都市編定：,10000,164,持分移轉,05940000
