﻿編號,車位類別,車位價格,車位面積平方公尺,車位所在樓層
Serial number,berth category,berth price,berth area square meter,
RPPNMLNLQHHGFDC97DB,塔式車位,1700000,2.53,
RPPNMLTKQHHGFDC38CB,坡道平面,1500000,36.84,地下二樓
RPPNMLNLQHHGFDC97DB,塔式車位,1700000,2.53,
RPWNMLSKQHHGFDC98CB,坡道平面,1300000,41.35,地下二樓
RPPNMLRKQHHGFDC28DB,坡道平面,1450000,20.65,地下一樓
RPTOMLPKQHHGFDC48CB,坡道平面,1400000,36.84,地下二樓
RPPNMLPKQHHGFDC08DB,塔式車位,1800000,2.53,
RPRNMLNLQHHGFDC18DB,塔式車位,1660000,2.53,
RPQNMLNLQHHGFDC08DB,塔式車位,1700000,2.53,
RPQNMLNLQHHGFDC08DB,塔式車位,1700000,2.53,
RPPNMLOLQHHGFDC08DB,塔式車位,1700000,2.53,
RPQNMLPLQHHGFDC18CB,坡道機械,950000,18.38,地下二樓
RPSNMLPLQHHGFDC38CB,坡道平面,1450000,27.14,地下二樓
RPPNMLLMQHHGFDC87DB,坡道平面,1500000,20.65,地下一樓
RPPNMLQLQHHGFDC18CB,坡道平面,1500000,36.84,地下二樓
RPQNMLLMQHHGFDC87CB,坡道平面,1500000,34.73,地下二樓
RPPNMLTLQHHGFDC58DB,坡道平面,1600000,37.31,地下二樓
RPPNMLPLQHHGFDC08CB,坡道平面,1400000,27.14,地下三樓
RPRNMLPLQHHGFDC28CB,坡道平面,1250000,27.14,地下三樓
RPPNMLPJRHHGFDC08DB,坡道平面,1620000,44.99,地下一樓
RPPNMLLJRHHGFDC67DB,坡道平面,1300000,32.84,地下一樓
RPPNMLRJRHHGFDC28DB,坡道平面,1450000,20.65,地下一樓
RPTNMLRJRHHGFDC68DB,坡道平面,1420000,38.08,地下一樓
RPSNMLRJRHHGFDC58DB,坡道平面,1450000,38.08,一樓
RPSNMLRJRHHGFDC58DB,坡道平面,1450000,38.08,一樓
RPPNMLSJRHHGFDC38DB,坡道平面,1450000,38.08,地下一樓
RPPNMLOKRHHGFDC08DB,坡道平面,1400000,45.02,地下二樓
RPQNMLOKRHHGFDC18DB,坡道平面,1500000,45.02,地下一樓
RPRNMLOKRHHGFDC28DB,坡道平面,1500000,45.21,地下一樓
RPSNMLOKRHHGFDC38DB,坡道平面,1400000,45.02,地下二樓
RPTNMLOKRHHGFDC48DB,坡道平面,1400000,45.02,地下二樓
RPTNMLSJRHHGFDC78DB,坡道平面,1450000,38.08,地下二樓
RPVNMLOKRHHGFDC68DB,坡道平面,1400000,45.02,地下二樓
RPUNMLOKRHHGFDC58DB,坡道平面,1400000,45.02,地下二樓
RPQNMLOKRHHGFDC08CB,坡道平面,1500000,27.14,地下三樓
RPSNMLOKRHHGFDC28CB,坡道平面,1400000,27.14,地下四樓
RPPNMLOKRHHGFDC97CB,坡道平面,1400000,27.14,地下三樓
RPRNMLOKRHHGFDC18CB,坡道平面,1550000,36.75,地下三樓
RPTNMLOKRHHGFDC38CB,坡道平面,1450000,27.14,地下一樓
RPVNMLOKRHHGFDC58CB,坡道平面,1400000,36.75,地下三樓
RPWNMLOKRHHGFDC68CB,坡道平面,1450000,36.75,地下四樓
RPUNMLOKRHHGFDC48CB,坡道平面,1500000,27.14,地下三樓
RPXNMLOKRHHGFDC78CB,坡道平面,1500000,27.14,地下二樓
RPOOMLOKRHHGFDC97CB,坡道平面,1450000,27.14,地下四樓
RPPOMLOKRHHGFDC08CB,坡道平面,1850000,29.66,地下三樓
RPROMLOKRHHGFDC28CB,坡道平面,1500000,29.66,地下四樓
RPSOMLOKRHHGFDC38CB,坡道平面,1900000,29.66,地下一樓
RPWOMLOKRHHGFDC78CB,坡道平面,1750000,29.66,地下一樓
RPUOMLOKRHHGFDC58CB,坡道平面,1700000,29.66,地下二樓
RPTOMLOKRHHGFDC48CB,坡道平面,1750000,29.66,地下一樓
RPQOMLOKRHHGFDC18CB,坡道平面,1590000,29.66,地下三樓
RPXOMLOKRHHGFDC88CB,坡道平面,1450000,29.66,地下五樓含以下
RPVOMLOKRHHGFDC68CB,坡道平面,1750000,29.66,地下四樓
RPQPMLOKRHHGFDC28CB,坡道平面,1550000,29.66,地下三樓
RPOPMLOKRHHGFDC08CB,坡道平面,1850000,29.66,地下一樓
RPSPMLOKRHHGFDC48CB,坡道平面,1700000,29.66,地下四樓
RPUPMLOKRHHGFDC68CB,坡道平面,1550000,29.66,地下五樓含以下
RPWPMLOKRHHGFDC88CB,坡道平面,1600000,29.66,地下三樓
RPPPMLOKRHHGFDC18CB,坡道平面,1800000,29.66,地下四樓
RPRPMLOKRHHGFDC38CB,坡道平面,1800000,29.66,地下四樓
RPVPMLOKRHHGFDC78CB,坡道平面,1650000,29.66,地下四樓
RPTPMLOKRHHGFDC58CB,坡道平面,1800000,29.66,地下二樓
RPXPMLOKRHHGFDC98CB,坡道平面,1700000,29.66,地下五樓含以下
RPOQMLOKRHHGFDC18CB,坡道平面,1750000,29.66,地下三樓
RPSQMLOKRHHGFDC58CB,坡道平面,1550000,29.66,地下五樓含以下
RPUQMLOKRHHGFDC78CB,坡道平面,1750000,29.66,地下四樓
RPTQMLOKRHHGFDC68CB,坡道平面,1550000,29.66,地下五樓含以下
RPPQMLOKRHHGFDC28CB,坡道平面,1650000,29.66,地下四樓
RPWQMLOKRHHGFDC98CB,坡道平面,1750000,29.66,地下二樓
RPRQMLOKRHHGFDC48CB,坡道平面,1800000,29.66,地下四樓
RPXQMLOKRHHGFDC09CB,坡道平面,1650000,29.66,地下一樓
RPVQMLOKRHHGFDC88CB,坡道平面,1550000,29.66,地下三樓
RPORMLOKRHHGFDC28CB,坡道平面,1600000,29.66,地下四樓
RPQRMLOKRHHGFDC48CB,坡道平面,1850000,29.66,地下三樓
RPRRMLOKRHHGFDC58CB,坡道平面,1600000,29.66,地下三樓
RPPRMLOKRHHGFDC38CB,坡道平面,1600000,29.66,地下五樓含以下
RPRNMLTKRHHGFDC68CB,坡道平面,1350000,32.00,地下三樓
RPQNMLTKRHHGFDC58CB,坡道平面,1500000,36.84,地下二樓
RPQNMLTKRHHGFDC58CB,坡道平面,1500000,36.84,地下二樓
RPSRMLOKRHHGFDC68CB,坡道平面,1700000,29.66,地下三樓
RPSNMLTKRHHGFDC78CB,坡道機械,700000,15.87,地下三樓
RPSNMLTKRHHGFDC78CB,坡道機械,650000,15.87,地下三樓
RPTRMLOKRHHGFDC78CB,坡道平面,1750000,29.66,地下二樓
RPPNMLRLRHHGFDC48DB,塔式車位,1800000,2.53,
RPPNMLQKRHHGFDC18CB,坡道平面,1150000,41.35,地下一樓
RPPNMLTLRHHGFDC58CB,坡道平面,1500000,36.75,地下三樓
RPPNMLSLRHHGFDC48CB,坡道平面,1250000,38.06,地下二樓
RPQNMLTLRHHGFDC68CB,坡道平面,1500000,27.14,地下三樓
RPQNMLSLRHHGFDC58CB,坡道平面,1300000,41.35,地下二樓
RPSNMLTLRHHGFDC88CB,坡道平面,1600000,36.75,地下三樓
RPRNMLTLRHHGFDC78CB,坡道機械,950000,18.38,地下二樓
RPVNMLTLRHHGFDC56CB,坡道平面,1700000,27.14,地下三樓
RPOOMLTLRHHGFDC58CB,坡道平面,1400000,27.14,地下四樓
RPWNMLTLRHHGFDC66CB,坡道平面,1900000,27.14,地下二樓
RPXNMLTLRHHGFDC76CB,坡道平面,1400000,27.14,地下二樓
RPPOMLTLRHHGFDC68CB,坡道平面,1850000,29.66,地下三樓
RPSOMLTLRHHGFDC98CB,坡道平面,1550000,29.66,地下三樓
RPROMLTLRHHGFDC88CB,坡道平面,1700000,29.66,地下二樓
RPTOMLTLRHHGFDC09CB,坡道平面,1800000,29.66,地下四樓
RPUOMLTLRHHGFDC56CB,坡道平面,1850000,29.66,地下二樓
RPQOMLTLRHHGFDC78CB,坡道平面,1550000,29.66,地下三樓
RPWOMLTLRHHGFDC76CB,坡道平面,1700000,29.66,地下二樓
RPVOMLTLRHHGFDC66CB,坡道平面,1650000,29.66,地下一樓
RPPPMLTLRHHGFDC78CB,坡道平面,1550000,29.66,地下四樓
RPXOMLTLRHHGFDC86CB,坡道平面,1650000,29.66,地下二樓
RPXOMLTLRHHGFDC86CB,坡道平面,1650000,29.66,地下二樓
RPQPMLTLRHHGFDC88CB,坡道平面,1500000,29.66,地下三樓
RPSPMLTLRHHGFDC09CB,坡道平面,1500000,29.66,地下三樓
RPRPMLTLRHHGFDC98CB,坡道平面,1570000,29.66,地下四樓
RPOPMLTLRHHGFDC68CB,坡道平面,1700000,29.66,地下二樓
RPUPMLTLRHHGFDC66CB,坡道平面,1850000,29.66,地下三樓
RPVPMLTLRHHGFDC76CB,坡道平面,1550000,29.66,地下三樓
RPQNMLNJIIHGFDC07CB,坡道平面,1800000,36.84,地下二樓
RPWPMLTLRHHGFDC86CB,坡道平面,1650000,29.66,地下四樓
RPOQMLTLRHHGFDC78CB,坡道平面,1790000,29.66,地下三樓
RPPNMLRJIIHGFDC37CB,坡道平面,1300000,41.35,地下二樓
RPPNMLNJIIHGFDC96CB,升降平面,1000000,36.84,地下一樓
RPXPMLTLRHHGFDC96CB,坡道平面,1750000,29.66,地下二樓
RPQNMLRJIIHGFDC47CB,坡道平面,1150000,45.07,地下一樓
RPRNMLRJIIHGFDC57CB,坡道平面,1250000,41.35,地下一樓
RPQNMLSJIIHGFDC67DB,坡道平面,1500000,20.65,地下一樓
RPSNMLRJIIHGFDC67CB,坡道平面,1350000,41.35,地下一樓
RPRNMLKKIIHGFDC96CB,坡道平面,1600000,27.14,地下二樓
RPPNMLKKIIHGFDC76CB,坡道平面,1300000,36.75,地下一樓
RPQNMLKKIIHGFDC86CB,坡道平面,1550000,36.75,地下四樓
RPPNMLLKIIHGFDC86CB,升降平面,1000000,36.84,地下一樓
RPPNMLLKIIHGFDC86CB,升降平面,1000000,36.84,地下一樓
RPPNMLSJIIHGFDC57DB,坡道平面,1450000,20.65,地下一樓
RPSNMLKKIIHGFDC07CB,坡道平面,1600000,27.14,地下二樓
RPPNMLLKIIHGFDC96DB,塔式車位,1800000,2.53,
RPPNMLMKIIHGFDC07DB,坡道平面,1550000,20.65,地下一樓
RPTNMLMKIIHGFDC47DB,坡道平面,1600000,35.46,地下一樓
RPUNMLMKIIHGFDC57DB,坡道平面,1300000,32.64,地下一樓
RPVNMLSKQHHGFDC88CB,坡道平面,0,41.35,地下三樓
RPVNMLSKQHHGFDC88CB,坡道平面,0,41.35,地下三樓
RPQNMLNKIIHGFDC17CB,坡道平面,1800000,29.66,地下二樓
RPPNMLMKIIHGFDC96CB,升降平面,1000000,36.84,地下一樓
RPRNMLNKIIHGFDC27CB,坡道平面,1700000,29.66,地下二樓
RPPNMLNKIIHGFDC07CB,坡道平面,1650000,29.66,地下四樓
RPTNMLNKIIHGFDC47CB,坡道平面,1750000,29.66,地下二樓
RPSNMLNKIIHGFDC37CB,坡道平面,1650000,29.66,地下三樓
RPUNMLNKIIHGFDC57CB,坡道平面,1750000,29.66,地下一樓
RPWNMLNKIIHGFDC77CB,坡道平面,1500000,29.66,地下三樓
RPPOMLNKIIHGFDC17CB,坡道機械,1050000,14.57,地下一樓
RPVNMLNKIIHGFDC67CB,坡道平面,1600000,29.66,地下五樓含以下
RPOOMLNKIIHGFDC07CB,坡道平面,1700000,29.66,地下三樓
RPQOMLNKIIHGFDC27CB,坡道平面,1700000,29.66,地下二樓
RPTOMLNKIIHGFDC57CB,坡道平面,1610000,29.66,地下三樓
RPROMLNKIIHGFDC37CB,坡道平面,1650000,29.66,地下四樓
RPSOMLNKIIHGFDC47CB,坡道平面,1850000,29.66,地下二樓
RPSOMLNKIIHGFDC47CB,坡道平面,1850000,29.66,地下二樓
RPUOMLNKIIHGFDC67CB,坡道平面,1550000,29.66,地下二樓
RPVOMLNKIIHGFDC77CB,坡道平面,1750000,29.66,地下四樓
RPXOMLNKIIHGFDC97CB,坡道平面,1650000,29.66,地下四樓
RPOPMLNKIIHGFDC17CB,坡道平面,1800000,29.66,地下四樓
RPWOMLNKIIHGFDC87CB,坡道平面,1650000,29.66,地下四樓
RPPPMLNKIIHGFDC27CB,坡道平面,1650000,29.66,地下四樓
RPQPMLNKIIHGFDC37CB,坡道平面,1550000,29.66,地下三樓
RPPNMLOKIIHGFDC27DB,坡道平面,1500000,38.08,一樓
RPSPMLNKIIHGFDC57CB,坡道平面,1750000,29.66,地下三樓
RPPNMLRKIIHGFDC47CB,升降平面,1000000,36.84,地下一樓
RPPNMLLLIIHGFDC96CB,坡道平面,1500000,36.84,地下二樓
RPQNMLRKIIHGFDC57CB,坡道平面,1350000,32.00,地下三樓
RPPNMLOLIIHGFDC27CB,坡道平面,1600000,27.14,地下二樓
RPQNMLOLIIHGFDC37CB,坡道平面,1600000,27.14,地下二樓
RPQNMLSKIIHGFDC67CB,坡道平面,1800000,41.49,地下二樓
RPSNMLOLIIHGFDC57CB,坡道平面,1600000,27.14,地下二樓
RPRNMLOLIIHGFDC47CB,坡道平面,1450000,36.75,地下三樓
RPTNMLOLIIHGFDC67CB,坡道平面,1650000,27.14,地下二樓
RPWNMLOLIIHGFDC97CB,坡道平面,1650000,29.66,地下四樓
RPUNMLOLIIHGFDC77CB,坡道平面,1450000,27.14,地下四樓
RPXNMLOLIIHGFDC08CB,坡道平面,1650000,29.66,地下二樓
RPPOMLOLIIHGFDC37CB,坡道平面,1600000,29.66,地下五樓含以下
RPVNMLOLIIHGFDC87CB,坡道平面,1700000,29.66,地下四樓
RPOOMLOLIIHGFDC27CB,坡道平面,1700000,29.66,地下二樓
RPQOMLOLIIHGFDC47CB,坡道平面,1750000,29.66,地下三樓
RPTOMLOLIIHGFDC77CB,坡道平面,1750000,29.66,地下三樓
RPROMLOLIIHGFDC57CB,坡道平面,1700000,29.66,地下二樓
RPSOMLOLIIHGFDC67CB,坡道平面,1650000,29.66,地下一樓
RPUOMLOLIIHGFDC87CB,坡道平面,1550000,29.66,地下三樓
RPWOMLOLIIHGFDC08CB,坡道平面,1650000,29.66,地下四樓
RPPPMLOLIIHGFDC47CB,坡道平面,1700000,29.66,地下四樓
RPVOMLOLIIHGFDC97CB,坡道平面,1650000,29.66,地下四樓
RPXOMLOLIIHGFDC18CB,坡道平面,1750000,29.66,地下四樓
RPQPMLOLIIHGFDC57CB,坡道機械,1350000,14.57,地下一樓
RPPNMLQLIIHGFDC57DB,塔式車位,1800000,2.53,
RPPNMLQLIIHGFDC57DB,塔式車位,1800000,2.53,
RPQNMLQLIIHGFDC67DB,坡道平面,1450000,20.65,地下一樓
RPPNMLSLIIHGFDC67CB,坡道平面,1250000,41.35,地下一樓
RPPNMLKMIIHGFDC07DB,坡道平面,1500000,20.65,地下一樓
RPRNMLLMIIHGFDC27CB,坡道平面,1250000,41.35,地下一樓
RPPNMLLMIIHGFDC07CB,坡道平面,1250000,38.06,地下二樓
RPQNMLLMIIHGFDC17CB,坡道平面,1250000,41.35,地下一樓
RPSNMLLMIIHGFDC37CB,坡道平面,1350000,41.35,地下二樓
RPTNMLLMIIHGFDC47CB,坡道平面,1300000,41.35,地下三樓
RPVNMLLMIIHGFDC67CB,坡道平面,1250000,41.35,地下一樓
RPWNMLLMIIHGFDC77CB,坡道平面,1250000,41.35,地下一樓
RPPNMLOJJIHGFDC17CB,坡道平面,1400000,36.84,地下二樓
RPUNMLLMIIHGFDC57CB,坡道平面,1150000,41.35,地下一樓
RPPNMLPJJIHGFDC27CB,坡道平面,1650000,29.66,地下二樓
RPRNMLPJJIHGFDC47CB,坡道平面,1450000,29.66,地下三樓
RPQNMLPJJIHGFDC37CB,坡道平面,1700000,29.66,地下三樓
RPVNMLPJJIHGFDC87CB,坡道平面,1800000,29.66,地下三樓
RPTNMLPJJIHGFDC67CB,坡道平面,1450000,29.66,地下三樓
RPWNMLPJJIHGFDC97CB,坡道平面,1550000,29.66,地下三樓
RPUNMLPJJIHGFDC77CB,坡道平面,1650000,29.66,地下二樓
RPXNMLPJJIHGFDC08CB,坡道平面,1650000,29.66,地下二樓
RPPOMLPJJIHGFDC37CB,坡道平面,1750000,29.66,地下四樓
RPOOMLPJJIHGFDC27CB,坡道平面,1650000,29.66,地下五樓含以下
RPQOMLPJJIHGFDC47CB,坡道機械,1350000,14.57,地下一樓
RPROMLPJJIHGFDC57CB,坡道平面,1450000,29.66,地下三樓
RPSOMLPJJIHGFDC67CB,坡道平面,1850000,29.66,地下三樓
RPVOMLPJJIHGFDC97CB,坡道平面,1550000,29.66,地下三樓
RPVOMLPJJIHGFDC97CB,坡道平面,1750000,29.66,地下四樓
RPWOMLPJJIHGFDC08CB,坡道平面,1650000,29.66,地下三樓
RPXOMLPJJIHGFDC18CB,坡道平面,1700000,29.66,地下四樓
RPQPMLPJJIHGFDC57CB,坡道平面,1550000,29.66,地下三樓
RPPPMLPJJIHGFDC47CB,坡道平面,1500000,29.66,地下三樓
RPOPMLPJJIHGFDC37CB,坡道平面,1450000,29.66,地下三樓
RPSPMLPJJIHGFDC77CB,坡道平面,1610000,29.66,地下三樓
RPTPMLPJJIHGFDC87CB,坡道平面,1450000,27.14,地下一樓
RPQNMLPKJIHGFDC57DB,坡道平面,1400000,45.02,地下二樓
RPUPMLPJJIHGFDC97CB,坡道平面,1700000,27.14,地下二樓
RPPNMLQKJIHGFDC47CB,坡道平面,1250000,41.35,地下一樓
RPPNMLPKJIHGFDC37CB,坡道平面,1700000,41.49,地下三樓
RPPNMLRKJIHGFDC57CB,坡道平面,1550000,29.66,地下三樓
RPRNMLQKJIHGFDC67CB,坡道平面,1300000,41.35,地下三樓
RPQNMLRKJIHGFDC67CB,坡道平面,1450000,29.66,地下三樓
RPTNMLRKJIHGFDC97CB,坡道平面,1550000,29.66,地下三樓
RPRNMLRKJIHGFDC77CB,坡道平面,1450000,29.66,地下四樓
RPSNMLRKJIHGFDC87CB,坡道平面,1650000,29.66,地下四樓
RPXNMLRKJIHGFDC38CB,坡道平面,1900000,29.66,地下二樓
RPVNMLRKJIHGFDC18CB,坡道平面,1700000,29.66,地下四樓
RPWNMLRKJIHGFDC28CB,坡道平面,1750000,29.66,地下三樓
RPQOMLRKJIHGFDC77CB,坡道平面,1700000,29.66,地下四樓
RPROMLRKJIHGFDC87CB,坡道平面,1750000,29.66,地下一樓
RPTOMLRKJIHGFDC08CB,坡道平面,1750000,29.66,地下一樓
RPTOMLRKJIHGFDC08CB,坡道平面,1750000,29.66,地下一樓
RPSOMLRKJIHGFDC97CB,坡道平面,1650000,29.66,地下一樓
RPUOMLRKJIHGFDC18CB,坡道平面,1650000,29.66,地下五樓含以下
RPWOMLRKJIHGFDC38CB,坡道機械,1350000,14.57,地下一樓
RPPPMLRKJIHGFDC77CB,坡道平面,1700000,29.66,地下二樓
RPOPMLRKJIHGFDC67CB,坡道平面,1850000,29.66,地下二樓
RPVOMLRKJIHGFDC28CB,坡道平面,1850000,29.66,地下三樓
RPXOMLRKJIHGFDC48CB,坡道平面,1650000,29.66,地下三樓
RPRPMLRKJIHGFDC97CB,坡道平面,1650000,29.66,地下四樓
RPSPMLRKJIHGFDC08CB,坡道平面,1650000,29.66,地下四樓
RPPNMLKLJIHGFDC96CB,坡道平面,1400000,27.14,地下一樓
RPPNMLLLJIHGFDC17DB,坡道平面,1500000,35.46,地下一樓
RPPNMLQLJIHGFDC57CB,坡道平面,1350000,32.00,地下三樓
RPPNMLQLJIHGFDC57CB,坡道平面,1350000,32.00,地下三樓
RPTOMLOJKIHGFDC77CB,坡道機械,1350000,14.57,地下一樓
