﻿編號,土地位置,土地移轉面積(平方公尺),使用分區或編定,權利人持分分母,權利人持分分子,移轉情形,地號
The serial number, land position,land shifting area square meter,the use zoning or compiles and checks,,,,land parcel
RPPNMLNLQHHGFDC97DB,日新段五小段,24.75,都市：商,100000,3572,持分移轉,00140000
RPWNMLSKQHHGFDC98CB,長潭段,2.88,都市：住,100000,560,持分移轉,09710000
RPWNMLSKQHHGFDC98CB,長潭段,37.85,都市：住,100000,560,持分移轉,09730012
RPPNMLTKQHHGFDC38CB,深美段,60.83,都市：住,10000,109,持分移轉,08400003
RPWNMLSKQHHGFDC98CB,長潭段,.00,都市：住,100000,560,持分移轉,09700006
RPWNMLSKQHHGFDC98CB,長潭段,.03,都市：住,100000,560,持分移轉,09700004
RPWNMLSKQHHGFDC98CB,長潭段,.01,都市：住,100000,560,持分移轉,09690003
RPWNMLSKQHHGFDC98CB,長潭段,.31,都市：住,100000,560,持分移轉,09720008
RPWNMLSKQHHGFDC98CB,長潭段,2.37,都市：住,100000,560,持分移轉,09720007
RPPNMLRKQHHGFDC28DB,調和段,78.82,都市：住,100000,849,持分移轉,08480000
RPPNMLRKQHHGFDC28DB,調和段,.28,都市：住,100000,849,持分移轉,08480001
RPPNMLRKQHHGFDC28DB,調和段,.50,都市：住,100000,849,持分移轉,08490008
RPTOMLPKQHHGFDC48CB,深美段,60.83,都市：住,10000,109,持分移轉,08400003
RPPNMLPKQHHGFDC08DB,日新段五小段,21.19,都市：商,100000,3057,持分移轉,00140000
RPRNMLNLQHHGFDC18DB,日新段五小段,12.57,都市：商,100000,1814,持分移轉,00140000
RPQNMLNLQHHGFDC08DB,日新段五小段,21.22,都市：商,100000,3062,持分移轉,00140000
RPPNMLOLQHHGFDC08DB,日新段五小段,21.19,都市：商,100000,3057,持分移轉,00140000
RPQNMLPLQHHGFDC18CB,德安段,29.72,都市：住,100000,373,持分移轉,11420000
RPSNMLPLQHHGFDC38CB,德安段,12.66,都市：商,100000,97,持分移轉,10900000
RPPNMLLMQHHGFDC87DB,調和段,78.82,都市：住,100000,849,持分移轉,08480000
RPPNMLLMQHHGFDC87DB,調和段,.28,都市：住,100000,849,持分移轉,08480001
RPPNMLLMQHHGFDC87DB,調和段,.50,都市：住,100000,849,持分移轉,08490008
RPPNMLQLQHHGFDC18CB,深美段,60.83,都市：住,10000,109,持分移轉,08400003
RPQNMLLMQHHGFDC87CB,深美段,54.72,都市：住,10000,98,持分移轉,08400004
RPPNMLTLQHHGFDC58DB,港濱段,40.94,都市：住,10000,248,持分移轉,13110000
RPPNMLPLQHHGFDC08CB,德安段,12.40,都市：商,100000,95,持分移轉,10900000
RPRNMLPLQHHGFDC28CB,德安段,12.53,都市：商,100000,96,持分移轉,10900000
RPPNMLQJRHHGFDC18DB,日新段五小段,12.54,都市：商,100000,1809,持分移轉,00140000
RPWPMLLJRHHGFDC58DB,長安段,13.72,非都市：鄉村區 ; 非都市編定：乙種建築用地,100000,1811,持分移轉,02160000
RPPNMLPJRHHGFDC08DB,長安段,37.70,非都市：鄉村區 ; 非都市編定：乙種建築用地,10000,209,持分移轉,02740000
RPPNMLLJRHHGFDC67DB,情人湖段,45.13,都市：住,10000,382,持分移轉,04240000
RPPNMLRJRHHGFDC28DB,調和段,78.82,都市：住,100000,849,持分移轉,08480000
RPPNMLRJRHHGFDC28DB,調和段,.28,都市：住,100000,849,持分移轉,08480001
RPPNMLRJRHHGFDC28DB,調和段,.50,都市：住,100000,849,持分移轉,08490008
RPTNMLRJRHHGFDC68DB,長安段,15.00,非都市：鄉村區 ; 非都市編定：乙種建築用地,100000,1979,持分移轉,02160000
RPQNMLRJRHHGFDC38DB,長安段,15.00,非都市：鄉村區 ; 非都市編定：乙種建築用地,100000,1979,持分移轉,02160000
RPVPMLLJRHHGFDC48DB,長安段,13.72,非都市：鄉村區 ; 非都市編定：乙種建築用地,100000,1811,持分移轉,02160000
RPSNMLRJRHHGFDC58DB,長安段,21.46,非都市：鄉村區 ; 非都市編定：乙種建築用地,100000,2832,持分移轉,02160000
RPPNMLSJRHHGFDC38DB,長安段,21.46,非都市：鄉村區 ; 非都市編定：乙種建築用地,100000,2832,持分移轉,02160000
RPQNMLSJRHHGFDC48DB,長安段,14.60,非都市：鄉村區 ; 非都市編定：乙種建築用地,100000,1927,持分移轉,02160000
RPPNMLOKRHHGFDC08DB,草濫段拔西猴小段,35.59,都市：住,10000,166,持分移轉,00720000
RPQNMLOKRHHGFDC18DB,草濫段拔西猴小段,36.02,都市：住,10000,168,持分移轉,00720000
RPRNMLOKRHHGFDC28DB,草濫段拔西猴小段,36.02,都市：住,10000,168,持分移轉,00720000
RPSNMLOKRHHGFDC38DB,草濫段拔西猴小段,35.59,都市：住,10000,166,持分移轉,00720000
RPSNMLSJRHHGFDC68DB,長安段,10.78,非都市：鄉村區 ; 非都市編定：乙種建築用地,100000,1422,持分移轉,02160000
RPTNMLOKRHHGFDC48DB,草濫段拔西猴小段,27.44,都市：住,10000,128,持分移轉,00720000
RPTNMLSJRHHGFDC78DB,長安段,14.69,非都市：鄉村區 ; 非都市編定：乙種建築用地,100000,1938,持分移轉,02160000
RPPNMLLKRHHGFDC77DB,長安段,10.77,非都市：鄉村區 ; 非都市編定：乙種建築用地,100000,1421,持分移轉,02160000
RPVNMLOKRHHGFDC68DB,草濫段拔西猴小段,35.16,都市：住,10000,164,持分移轉,00720000
RPUNMLOKRHHGFDC58DB,草濫段拔西猴小段,35.59,都市：住,10000,166,持分移轉,00720000
RPQNMLOKRHHGFDC08CB,德安段,21.01,都市：商,100000,161,持分移轉,10900000
RPSNMLOKRHHGFDC28CB,德安段,12.66,都市：商,100000,97,持分移轉,10900000
RPPNMLOKRHHGFDC97CB,德安段,12.79,都市：商,100000,98,持分移轉,10900000
RPRNMLOKRHHGFDC18CB,德安段,38.16,都市：住,100000,479,持分移轉,11420000
RPTNMLOKRHHGFDC38CB,德安段,13.31,都市：商,100000,102,持分移轉,10900000
RPVNMLOKRHHGFDC58CB,德安段,39.04,都市：住,100000,490,持分移轉,11420000
RPWNMLOKRHHGFDC68CB,德安段,40.00,都市：住,100000,502,持分移轉,11420000
RPUNMLOKRHHGFDC48CB,德安段,13.31,都市：商,100000,102,持分移轉,10900000
RPXNMLOKRHHGFDC78CB,德安段,37.06,都市：商,100000,284,持分移轉,10900000
RPOOMLOKRHHGFDC97CB,德安段,12.66,都市：商,100000,97,持分移轉,10900000
RPPOMLOKRHHGFDC08CB,德安段,.02,都市：商,100000,96,持分移轉,10210001
RPPOMLOKRHHGFDC08CB,德安段,10.19,都市：商,100000,96,持分移轉,10220000
RPPOMLOKRHHGFDC08CB,德安段,.19,都市：商,100000,96,持分移轉,10260000
RPPOMLOKRHHGFDC08CB,德安段,.35,都市：商,100000,96,持分移轉,10730000
RPPOMLOKRHHGFDC08CB,德安段,1.83,都市：商,100000,96,持分移轉,10740000
RPROMLOKRHHGFDC28CB,德安段,.03,都市：商,100000,142,持分移轉,10210001
RPROMLOKRHHGFDC28CB,德安段,15.07,都市：商,100000,142,持分移轉,10220000
RPROMLOKRHHGFDC28CB,德安段,.28,都市：商,100000,142,持分移轉,10260000
RPROMLOKRHHGFDC28CB,德安段,.52,都市：商,100000,142,持分移轉,10730000
RPROMLOKRHHGFDC28CB,德安段,2.71,都市：商,100000,142,持分移轉,10740000
RPSOMLOKRHHGFDC38CB,德安段,.03,都市：商,100000,142,持分移轉,10210001
RPSOMLOKRHHGFDC38CB,德安段,15.07,都市：商,100000,142,持分移轉,10220000
RPSOMLOKRHHGFDC38CB,德安段,.28,都市：商,100000,142,持分移轉,10260000
RPSOMLOKRHHGFDC38CB,德安段,.52,都市：商,100000,142,持分移轉,10730000
RPSOMLOKRHHGFDC38CB,德安段,2.71,都市：商,100000,142,持分移轉,10740000
RPWOMLOKRHHGFDC78CB,德安段,.02,都市：商,100000,100,持分移轉,10210001
RPWOMLOKRHHGFDC78CB,德安段,10.61,都市：商,100000,100,持分移轉,10220000
RPWOMLOKRHHGFDC78CB,德安段,.20,都市：商,100000,100,持分移轉,10260000
RPWOMLOKRHHGFDC78CB,德安段,.36,都市：商,100000,100,持分移轉,10730000
RPWOMLOKRHHGFDC78CB,德安段,1.91,都市：商,100000,100,持分移轉,10740000
RPUOMLOKRHHGFDC58CB,德安段,.02,都市：商,100000,101,持分移轉,10210001
RPUOMLOKRHHGFDC58CB,德安段,10.72,都市：商,100000,101,持分移轉,10220000
RPUOMLOKRHHGFDC58CB,德安段,.20,都市：商,100000,101,持分移轉,10260000
RPUOMLOKRHHGFDC58CB,德安段,.37,都市：商,100000,101,持分移轉,10730000
RPUOMLOKRHHGFDC58CB,德安段,1.93,都市：商,100000,101,持分移轉,10740000
RPTOMLOKRHHGFDC48CB,德安段,.03,都市：商,100000,139,持分移轉,10210001
RPQOMLOKRHHGFDC18CB,德安段,.03,都市：商,100000,120,持分移轉,10210001
RPTOMLOKRHHGFDC48CB,德安段,14.75,都市：商,100000,139,持分移轉,10220000
RPQOMLOKRHHGFDC18CB,德安段,12.74,都市：商,100000,120,持分移轉,10220000
RPTOMLOKRHHGFDC48CB,德安段,.28,都市：商,100000,139,持分移轉,10260000
RPQOMLOKRHHGFDC18CB,德安段,.24,都市：商,100000,120,持分移轉,10260000
RPTOMLOKRHHGFDC48CB,德安段,.50,都市：商,100000,139,持分移轉,10730000
RPQOMLOKRHHGFDC18CB,德安段,.44,都市：商,100000,120,持分移轉,10730000
RPTOMLOKRHHGFDC48CB,德安段,2.66,都市：商,100000,139,持分移轉,10740000
RPQOMLOKRHHGFDC18CB,德安段,2.29,都市：商,100000,120,持分移轉,10740000
RPXOMLOKRHHGFDC88CB,德安段,.03,都市：商,100000,119,持分移轉,10210001
RPXOMLOKRHHGFDC88CB,德安段,12.63,都市：商,100000,119,持分移轉,10220000
RPXOMLOKRHHGFDC88CB,德安段,.24,都市：商,100000,119,持分移轉,10260000
RPXOMLOKRHHGFDC88CB,德安段,.43,都市：商,100000,119,持分移轉,10730000
RPXOMLOKRHHGFDC88CB,德安段,2.27,都市：商,100000,119,持分移轉,10740000
RPVOMLOKRHHGFDC68CB,德安段,.02,都市：商,100000,102,持分移轉,10210001
RPVOMLOKRHHGFDC68CB,德安段,10.82,都市：商,100000,102,持分移轉,10220000
RPVOMLOKRHHGFDC68CB,德安段,.20,都市：商,100000,102,持分移轉,10260000
RPVOMLOKRHHGFDC68CB,德安段,.37,都市：商,100000,102,持分移轉,10730000
RPVOMLOKRHHGFDC68CB,德安段,1.95,都市：商,100000,102,持分移轉,10740000
RPQPMLOKRHHGFDC28CB,德安段,.03,都市：商,100000,139,持分移轉,10210001
RPQPMLOKRHHGFDC28CB,德安段,14.75,都市：商,100000,139,持分移轉,10220000
RPQPMLOKRHHGFDC28CB,德安段,.28,都市：商,100000,139,持分移轉,10260000
RPQPMLOKRHHGFDC28CB,德安段,.50,都市：商,100000,139,持分移轉,10730000
RPQPMLOKRHHGFDC28CB,德安段,2.66,都市：商,100000,139,持分移轉,10740000
RPOPMLOKRHHGFDC08CB,德安段,.03,都市：商,100000,142,持分移轉,10210001
RPOPMLOKRHHGFDC08CB,德安段,15.07,都市：商,100000,142,持分移轉,10220000
RPOPMLOKRHHGFDC08CB,德安段,.28,都市：商,100000,142,持分移轉,10260000
RPOPMLOKRHHGFDC08CB,德安段,.52,都市：商,100000,142,持分移轉,10730000
RPOPMLOKRHHGFDC08CB,德安段,2.71,都市：商,100000,142,持分移轉,10740000
RPSPMLOKRHHGFDC48CB,德安段,.02,都市：商,100000,100,持分移轉,10210001
RPSPMLOKRHHGFDC48CB,德安段,10.61,都市：商,100000,100,持分移轉,10220000
RPSPMLOKRHHGFDC48CB,德安段,.20,都市：商,100000,100,持分移轉,10260000
RPSPMLOKRHHGFDC48CB,德安段,.36,都市：商,100000,100,持分移轉,10730000
RPSPMLOKRHHGFDC48CB,德安段,1.91,都市：商,100000,100,持分移轉,10740000
RPWPMLOKRHHGFDC88CB,德安段,.03,都市：商,100000,138,持分移轉,10210001
RPWPMLOKRHHGFDC88CB,德安段,14.65,都市：商,100000,138,持分移轉,10220000
RPUPMLOKRHHGFDC68CB,德安段,.02,都市：商,100000,95,持分移轉,10210001
RPUPMLOKRHHGFDC68CB,德安段,10.08,都市：商,100000,95,持分移轉,10220000
RPUPMLOKRHHGFDC68CB,德安段,.19,都市：商,100000,95,持分移轉,10260000
RPUPMLOKRHHGFDC68CB,德安段,.34,都市：商,100000,95,持分移轉,10730000
RPUPMLOKRHHGFDC68CB,德安段,1.82,都市：商,100000,95,持分移轉,10740000
RPWPMLOKRHHGFDC88CB,德安段,.28,都市：商,100000,138,持分移轉,10260000
RPWPMLOKRHHGFDC88CB,德安段,.50,都市：商,100000,138,持分移轉,10730000
RPWPMLOKRHHGFDC88CB,德安段,2.64,都市：商,100000,138,持分移轉,10740000
RPPPMLOKRHHGFDC18CB,德安段,.03,都市：商,100000,139,持分移轉,10210001
RPPPMLOKRHHGFDC18CB,德安段,14.75,都市：商,100000,139,持分移轉,10220000
RPPPMLOKRHHGFDC18CB,德安段,.28,都市：商,100000,139,持分移轉,10260000
RPPPMLOKRHHGFDC18CB,德安段,.50,都市：商,100000,139,持分移轉,10730000
RPPPMLOKRHHGFDC18CB,德安段,2.66,都市：商,100000,139,持分移轉,10740000
RPRPMLOKRHHGFDC38CB,德安段,.04,都市：商,100000,159,持分移轉,10210001
RPRPMLOKRHHGFDC38CB,德安段,16.87,都市：商,100000,159,持分移轉,10220000
RPRPMLOKRHHGFDC38CB,德安段,.32,都市：商,100000,159,持分移轉,10260000
RPRPMLOKRHHGFDC38CB,德安段,.58,都市：商,100000,159,持分移轉,10730000
RPRPMLOKRHHGFDC38CB,德安段,3.04,都市：商,100000,159,持分移轉,10740000
RPVPMLOKRHHGFDC78CB,德安段,.03,都市：商,100000,144,持分移轉,10210001
RPVPMLOKRHHGFDC78CB,德安段,15.28,都市：商,100000,144,持分移轉,10220000
RPVPMLOKRHHGFDC78CB,德安段,.29,都市：商,100000,144,持分移轉,10260000
RPVPMLOKRHHGFDC78CB,德安段,.52,都市：商,100000,144,持分移轉,10730000
RPVPMLOKRHHGFDC78CB,德安段,2.75,都市：商,100000,144,持分移轉,10740000
RPTPMLOKRHHGFDC58CB,德安段,.04,都市：商,100000,163,持分移轉,10210001
RPTPMLOKRHHGFDC58CB,德安段,17.30,都市：商,100000,163,持分移轉,10220000
RPTPMLOKRHHGFDC58CB,德安段,.33,都市：商,100000,163,持分移轉,10260000
RPTPMLOKRHHGFDC58CB,德安段,.59,都市：商,100000,163,持分移轉,10730000
RPTPMLOKRHHGFDC58CB,德安段,3.11,都市：商,100000,163,持分移轉,10740000
RPXPMLOKRHHGFDC98CB,德安段,.03,都市：商,100000,120,持分移轉,10210001
RPXPMLOKRHHGFDC98CB,德安段,12.74,都市：商,100000,120,持分移轉,10220000
RPXPMLOKRHHGFDC98CB,德安段,.24,都市：商,100000,120,持分移轉,10260000
RPXPMLOKRHHGFDC98CB,德安段,.44,都市：商,100000,120,持分移轉,10730000
RPXPMLOKRHHGFDC98CB,德安段,2.29,都市：商,100000,120,持分移轉,10740000
RPOQMLOKRHHGFDC18CB,德安段,.02,都市：商,100000,101,持分移轉,10210001
RPOQMLOKRHHGFDC18CB,德安段,10.72,都市：商,100000,101,持分移轉,10220000
RPOQMLOKRHHGFDC18CB,德安段,.20,都市：商,100000,101,持分移轉,10260000
RPOQMLOKRHHGFDC18CB,德安段,.37,都市：商,100000,101,持分移轉,10730000
RPOQMLOKRHHGFDC18CB,德安段,1.93,都市：商,100000,101,持分移轉,10740000
RPSQMLOKRHHGFDC58CB,德安段,.02,都市：商,100000,95,持分移轉,10210001
RPSQMLOKRHHGFDC58CB,德安段,10.08,都市：商,100000,95,持分移轉,10220000
RPSQMLOKRHHGFDC58CB,德安段,.19,都市：商,100000,95,持分移轉,10260000
RPSQMLOKRHHGFDC58CB,德安段,.34,都市：商,100000,95,持分移轉,10730000
RPSQMLOKRHHGFDC58CB,德安段,1.82,都市：商,100000,95,持分移轉,10740000
RPUQMLOKRHHGFDC78CB,德安段,.03,都市：商,100000,144,持分移轉,10210001
RPUQMLOKRHHGFDC78CB,德安段,15.28,都市：商,100000,144,持分移轉,10220000
RPUQMLOKRHHGFDC78CB,德安段,.29,都市：商,100000,144,持分移轉,10260000
RPUQMLOKRHHGFDC78CB,德安段,.52,都市：商,100000,144,持分移轉,10730000
RPUQMLOKRHHGFDC78CB,德安段,2.75,都市：商,100000,144,持分移轉,10740000
RPTQMLOKRHHGFDC68CB,德安段,.02,都市：商,100000,95,持分移轉,10210001
RPTQMLOKRHHGFDC68CB,德安段,10.08,都市：商,100000,95,持分移轉,10220000
RPTQMLOKRHHGFDC68CB,德安段,.19,都市：商,100000,95,持分移轉,10260000
RPTQMLOKRHHGFDC68CB,德安段,.34,都市：商,100000,95,持分移轉,10730000
RPTQMLOKRHHGFDC68CB,德安段,1.82,都市：商,100000,95,持分移轉,10740000
RPPQMLOKRHHGFDC28CB,德安段,.02,都市：商,100000,96,持分移轉,10210001
RPPQMLOKRHHGFDC28CB,德安段,10.19,都市：商,100000,96,持分移轉,10220000
RPPQMLOKRHHGFDC28CB,德安段,.19,都市：商,100000,96,持分移轉,10260000
RPPQMLOKRHHGFDC28CB,德安段,.35,都市：商,100000,96,持分移轉,10730000
RPPQMLOKRHHGFDC28CB,德安段,1.83,都市：商,100000,96,持分移轉,10740000
RPQQMLOKRHHGFDC38CB,德安段,.02,都市：商,100000,96,持分移轉,10210001
RPQQMLOKRHHGFDC38CB,德安段,10.19,都市：商,100000,96,持分移轉,10220000
RPQQMLOKRHHGFDC38CB,德安段,.19,都市：商,100000,96,持分移轉,10260000
RPQQMLOKRHHGFDC38CB,德安段,.35,都市：商,100000,96,持分移轉,10730000
RPQQMLOKRHHGFDC38CB,德安段,1.83,都市：商,100000,96,持分移轉,10740000
RPWQMLOKRHHGFDC98CB,德安段,.03,都市：商,100000,139,持分移轉,10210001
RPWQMLOKRHHGFDC98CB,德安段,14.75,都市：商,100000,139,持分移轉,10220000
RPWQMLOKRHHGFDC98CB,德安段,.28,都市：商,100000,139,持分移轉,10260000
RPWQMLOKRHHGFDC98CB,德安段,.50,都市：商,100000,139,持分移轉,10730000
RPWQMLOKRHHGFDC98CB,德安段,2.66,都市：商,100000,139,持分移轉,10740000
RPRQMLOKRHHGFDC48CB,德安段,.03,都市：商,100000,158,持分移轉,10210001
RPRQMLOKRHHGFDC48CB,德安段,16.77,都市：商,100000,158,持分移轉,10220000
RPRQMLOKRHHGFDC48CB,德安段,.32,都市：商,100000,158,持分移轉,10260000
RPRQMLOKRHHGFDC48CB,德安段,.57,都市：商,100000,158,持分移轉,10730000
RPRQMLOKRHHGFDC48CB,德安段,3.02,都市：商,100000,158,持分移轉,10740000
RPXQMLOKRHHGFDC09CB,德安段,.02,都市：商,100000,96,持分移轉,10210001
RPVQMLOKRHHGFDC88CB,德安段,.03,都市：商,100000,120,持分移轉,10210001
RPXQMLOKRHHGFDC09CB,德安段,10.19,都市：商,100000,96,持分移轉,10220000
RPXQMLOKRHHGFDC09CB,德安段,.19,都市：商,100000,96,持分移轉,10260000
RPVQMLOKRHHGFDC88CB,德安段,12.74,都市：商,100000,120,持分移轉,10220000
RPXQMLOKRHHGFDC09CB,德安段,.35,都市：商,100000,96,持分移轉,10730000
RPXQMLOKRHHGFDC09CB,德安段,1.83,都市：商,100000,96,持分移轉,10740000
RPVQMLOKRHHGFDC88CB,德安段,.24,都市：商,100000,120,持分移轉,10260000
RPVQMLOKRHHGFDC88CB,德安段,.44,都市：商,100000,120,持分移轉,10730000
RPVQMLOKRHHGFDC88CB,德安段,2.29,都市：商,100000,120,持分移轉,10740000
RPORMLOKRHHGFDC28CB,德安段,.02,都市：商,100000,100,持分移轉,10210001
RPORMLOKRHHGFDC28CB,德安段,10.61,都市：商,100000,100,持分移轉,10220000
RPORMLOKRHHGFDC28CB,德安段,.20,都市：商,100000,100,持分移轉,10260000
RPORMLOKRHHGFDC28CB,德安段,.36,都市：商,100000,100,持分移轉,10730000
RPORMLOKRHHGFDC28CB,德安段,1.91,都市：商,100000,100,持分移轉,10740000
RPQRMLOKRHHGFDC48CB,德安段,.04,都市：商,100000,163,持分移轉,10210001
RPQRMLOKRHHGFDC48CB,德安段,17.30,都市：商,100000,163,持分移轉,10220000
RPQRMLOKRHHGFDC48CB,德安段,.33,都市：商,100000,163,持分移轉,10260000
RPQRMLOKRHHGFDC48CB,德安段,.59,都市：商,100000,163,持分移轉,10730000
RPQRMLOKRHHGFDC48CB,德安段,3.11,都市：商,100000,163,持分移轉,10740000
RPRRMLOKRHHGFDC58CB,德安段,.03,都市：商,100000,119,持分移轉,10210001
RPRRMLOKRHHGFDC58CB,德安段,12.63,都市：商,100000,119,持分移轉,10220000
RPRRMLOKRHHGFDC58CB,德安段,.24,都市：商,100000,119,持分移轉,10260000
RPRRMLOKRHHGFDC58CB,德安段,.43,都市：商,100000,119,持分移轉,10730000
RPRRMLOKRHHGFDC58CB,德安段,2.27,都市：商,100000,119,持分移轉,10740000
RPPRMLOKRHHGFDC38CB,德安段,.02,都市：商,100000,96,持分移轉,10210001
RPPRMLOKRHHGFDC38CB,德安段,10.19,都市：商,100000,96,持分移轉,10220000
RPPRMLOKRHHGFDC38CB,德安段,.19,都市：商,100000,96,持分移轉,10260000
RPPRMLOKRHHGFDC38CB,德安段,.35,都市：商,100000,96,持分移轉,10730000
RPPRMLOKRHHGFDC38CB,德安段,1.83,都市：商,100000,96,持分移轉,10740000
RPRNMLTKRHHGFDC68CB,長潭段,2.55,都市：住,100000,174,持分移轉,08920001
RPRNMLTKRHHGFDC68CB,長潭段,20.35,都市：住,100000,174,持分移轉,09020000
RPQNMLTKRHHGFDC58CB,深美段,66.41,都市：住,10000,119,持分移轉,08400003
RPSRMLOKRHHGFDC68CB,德安段,.02,都市：商,100000,94,持分移轉,10210001
RPSRMLOKRHHGFDC68CB,德安段,9.98,都市：商,100000,94,持分移轉,10220000
RPSRMLOKRHHGFDC68CB,德安段,.19,都市：商,100000,94,持分移轉,10260000
RPSRMLOKRHHGFDC68CB,德安段,.34,都市：商,100000,94,持分移轉,10730000
RPSRMLOKRHHGFDC68CB,德安段,1.80,都市：商,100000,94,持分移轉,10740000
RPSNMLTKRHHGFDC78CB,長潭段,2.11,都市：住,100000,144,持分移轉,08920001
RPSNMLTKRHHGFDC78CB,長潭段,16.84,都市：住,100000,144,持分移轉,09020000
RPTRMLOKRHHGFDC78CB,德安段,.02,都市：商,100000,95,持分移轉,10210001
RPTRMLOKRHHGFDC78CB,德安段,10.08,都市：商,100000,95,持分移轉,10220000
RPTRMLOKRHHGFDC78CB,德安段,.19,都市：商,100000,95,持分移轉,10260000
RPTRMLOKRHHGFDC78CB,德安段,.34,都市：商,100000,95,持分移轉,10730000
RPTRMLOKRHHGFDC78CB,德安段,1.82,都市：商,100000,95,持分移轉,10740000
RPPNMLRLRHHGFDC48DB,日新段五小段,12.57,都市：商,100000,1814,持分移轉,00140000
RPPNMLQKRHHGFDC18CB,長潭段,22.71,都市：住,100000,336,持分移轉,09730012
RPPNMLQKRHHGFDC18CB,長潭段,1.42,都市：住,100000,336,持分移轉,09720007
RPPNMLQKRHHGFDC18CB,長潭段,.02,都市：住,100000,336,持分移轉,09700004
RPPNMLQKRHHGFDC18CB,長潭段,.00,都市：住,100000,336,持分移轉,09690003
RPPNMLQKRHHGFDC18CB,長潭段,.19,都市：住,100000,336,持分移轉,09720008
RPPNMLQKRHHGFDC18CB,長潭段,.00,都市：住,100000,336,持分移轉,09700006
RPPNMLQKRHHGFDC18CB,長潭段,1.73,都市：住,100000,336,持分移轉,09710000
RPQNMLRLRHHGFDC58DB,港濱段,49.36,都市：住,10000,299,持分移轉,13110000
RPPNMLTLRHHGFDC58CB,德安段,34.74,都市：住,100000,436,持分移轉,11420000
RPPNMLSLRHHGFDC48CB,長潭段,1.42,都市：住,100000,336,持分移轉,09720007
RPPNMLSLRHHGFDC48CB,長潭段,.02,都市：住,100000,336,持分移轉,09700004
RPPNMLSLRHHGFDC48CB,長潭段,.19,都市：住,100000,336,持分移轉,09720008
RPPNMLSLRHHGFDC48CB,長潭段,.00,都市：住,100000,336,持分移轉,09690003
RPTNMLTLRHHGFDC98CB,德安段,12.66,都市：商,100000,97,持分移轉,10900000
RPPNMLSLRHHGFDC48CB,長潭段,.00,都市：住,100000,336,持分移轉,09700006
RPPNMLSLRHHGFDC48CB,長潭段,1.73,都市：住,100000,336,持分移轉,09710000
RPPNMLSLRHHGFDC48CB,長潭段,22.71,都市：住,100000,336,持分移轉,09730012
RPQNMLTLRHHGFDC68CB,德安段,21.01,都市：商,100000,161,持分移轉,10900000
RPQNMLSLRHHGFDC58CB,長潭段,2.37,都市：住,100000,560,持分移轉,09720007
RPQNMLSLRHHGFDC58CB,長潭段,.31,都市：住,100000,560,持分移轉,09720008
RPQNMLSLRHHGFDC58CB,長潭段,.01,都市：住,100000,560,持分移轉,09690003
RPUNMLTLRHHGFDC09CB,德安段,12.66,都市：商,100000,97,持分移轉,10900000
RPQNMLSLRHHGFDC58CB,長潭段,.03,都市：住,100000,560,持分移轉,09700004
RPQNMLSLRHHGFDC58CB,長潭段,.00,都市：住,100000,560,持分移轉,09700006
RPQNMLSLRHHGFDC58CB,長潭段,2.88,都市：住,100000,560,持分移轉,09710000
RPQNMLSLRHHGFDC58CB,長潭段,37.85,都市：住,100000,560,持分移轉,09730012
RPSNMLTLRHHGFDC88CB,德安段,38.16,都市：住,100000,479,持分移轉,11420000
RPRNMLTLRHHGFDC78CB,德安段,29.24,都市：住,100000,367,持分移轉,11420000
RPVNMLTLRHHGFDC56CB,德安段,12.66,都市：商,100000,97,持分移轉,10900000
RPOOMLTLRHHGFDC58CB,德安段,12.66,都市：商,100000,97,持分移轉,10900000
RPWNMLTLRHHGFDC66CB,德安段,12.66,都市：商,100000,97,持分移轉,10900000
RPXNMLTLRHHGFDC76CB,德安段,12.79,都市：商,100000,98,持分移轉,10900000
RPPOMLTLRHHGFDC68CB,德安段,.02,都市：商,100000,100,持分移轉,10210001
RPPOMLTLRHHGFDC68CB,德安段,10.61,都市：商,100000,100,持分移轉,10220000
RPPOMLTLRHHGFDC68CB,德安段,.20,都市：商,100000,100,持分移轉,10260000
RPPOMLTLRHHGFDC68CB,德安段,.36,都市：商,100000,100,持分移轉,10730000
RPPOMLTLRHHGFDC68CB,德安段,1.91,都市：商,100000,100,持分移轉,10740000
RPSOMLTLRHHGFDC98CB,德安段,.03,都市：商,100000,139,持分移轉,10210001
RPSOMLTLRHHGFDC98CB,德安段,14.75,都市：商,100000,139,持分移轉,10220000
RPSOMLTLRHHGFDC98CB,德安段,.28,都市：商,100000,139,持分移轉,10260000
RPSOMLTLRHHGFDC98CB,德安段,.50,都市：商,100000,139,持分移轉,10730000
RPSOMLTLRHHGFDC98CB,德安段,2.66,都市：商,100000,139,持分移轉,10740000
RPROMLTLRHHGFDC88CB,德安段,.03,都市：商,100000,139,持分移轉,10210001
RPROMLTLRHHGFDC88CB,德安段,14.75,都市：商,100000,139,持分移轉,10220000
RPROMLTLRHHGFDC88CB,德安段,.28,都市：商,100000,139,持分移轉,10260000
RPROMLTLRHHGFDC88CB,德安段,.50,都市：商,100000,139,持分移轉,10730000
RPROMLTLRHHGFDC88CB,德安段,2.66,都市：商,100000,139,持分移轉,10740000
RPTOMLTLRHHGFDC09CB,德安段,.03,都市：商,100000,139,持分移轉,10210001
RPTOMLTLRHHGFDC09CB,德安段,14.75,都市：商,100000,139,持分移轉,10220000
RPTOMLTLRHHGFDC09CB,德安段,.28,都市：商,100000,139,持分移轉,10260000
RPTOMLTLRHHGFDC09CB,德安段,.50,都市：商,100000,139,持分移轉,10730000
RPTOMLTLRHHGFDC09CB,德安段,2.66,都市：商,100000,139,持分移轉,10740000
RPQOMLTLRHHGFDC78CB,德安段,.02,都市：商,100000,94,持分移轉,10210001
RPQOMLTLRHHGFDC78CB,德安段,9.98,都市：商,100000,94,持分移轉,10220000
RPUOMLTLRHHGFDC56CB,德安段,.03,都市：商,100000,158,持分移轉,10210001
RPQOMLTLRHHGFDC78CB,德安段,.19,都市：商,100000,94,持分移轉,10260000
RPUOMLTLRHHGFDC56CB,德安段,16.77,都市：商,100000,158,持分移轉,10220000
RPUOMLTLRHHGFDC56CB,德安段,.32,都市：商,100000,158,持分移轉,10260000
RPQOMLTLRHHGFDC78CB,德安段,.34,都市：商,100000,94,持分移轉,10730000
RPUOMLTLRHHGFDC56CB,德安段,.57,都市：商,100000,158,持分移轉,10730000
RPUOMLTLRHHGFDC56CB,德安段,3.02,都市：商,100000,158,持分移轉,10740000
RPQOMLTLRHHGFDC78CB,德安段,1.80,都市：商,100000,94,持分移轉,10740000
RPWOMLTLRHHGFDC76CB,德安段,.04,都市：商,100000,163,持分移轉,10210001
RPWOMLTLRHHGFDC76CB,德安段,17.30,都市：商,100000,163,持分移轉,10220000
RPWOMLTLRHHGFDC76CB,德安段,.33,都市：商,100000,163,持分移轉,10260000
RPWOMLTLRHHGFDC76CB,德安段,.59,都市：商,100000,163,持分移轉,10730000
RPWOMLTLRHHGFDC76CB,德安段,3.11,都市：商,100000,163,持分移轉,10740000
RPVOMLTLRHHGFDC66CB,德安段,.02,都市：商,100000,101,持分移轉,10210001
RPVOMLTLRHHGFDC66CB,德安段,10.72,都市：商,100000,101,持分移轉,10220000
RPVOMLTLRHHGFDC66CB,德安段,.20,都市：商,100000,101,持分移轉,10260000
RPVOMLTLRHHGFDC66CB,德安段,.37,都市：商,100000,101,持分移轉,10730000
RPVOMLTLRHHGFDC66CB,德安段,1.93,都市：商,100000,101,持分移轉,10740000
RPPPMLTLRHHGFDC78CB,德安段,.02,都市：商,100000,97,持分移轉,10210001
RPPPMLTLRHHGFDC78CB,德安段,10.29,都市：商,100000,97,持分移轉,10220000
RPPPMLTLRHHGFDC78CB,德安段,.19,都市：商,100000,97,持分移轉,10260000
RPPPMLTLRHHGFDC78CB,德安段,.35,都市：商,100000,97,持分移轉,10730000
RPPPMLTLRHHGFDC78CB,德安段,1.85,都市：商,100000,97,持分移轉,10740000
RPXOMLTLRHHGFDC86CB,德安段,.04,都市：商,100000,163,持分移轉,10210001
RPXOMLTLRHHGFDC86CB,德安段,17.30,都市：商,100000,163,持分移轉,10220000
RPXOMLTLRHHGFDC86CB,德安段,.33,都市：商,100000,163,持分移轉,10260000
RPXOMLTLRHHGFDC86CB,德安段,.59,都市：商,100000,163,持分移轉,10730000
RPXOMLTLRHHGFDC86CB,德安段,3.11,都市：商,100000,163,持分移轉,10740000
RPQPMLTLRHHGFDC88CB,德安段,.02,都市：商,100000,95,持分移轉,10210001
RPQPMLTLRHHGFDC88CB,德安段,10.08,都市：商,100000,95,持分移轉,10220000
RPQPMLTLRHHGFDC88CB,德安段,.19,都市：商,100000,95,持分移轉,10260000
RPQPMLTLRHHGFDC88CB,德安段,.34,都市：商,100000,95,持分移轉,10730000
RPQPMLTLRHHGFDC88CB,德安段,1.82,都市：商,100000,95,持分移轉,10740000
RPTPMLTLRHHGFDC56CB,德安段,.02,都市：商,100000,97,持分移轉,10210001
RPTPMLTLRHHGFDC56CB,德安段,10.29,都市：商,100000,97,持分移轉,10220000
RPTPMLTLRHHGFDC56CB,德安段,.19,都市：商,100000,97,持分移轉,10260000
RPTPMLTLRHHGFDC56CB,德安段,.35,都市：商,100000,97,持分移轉,10730000
RPTPMLTLRHHGFDC56CB,德安段,1.85,都市：商,100000,97,持分移轉,10740000
RPSPMLTLRHHGFDC09CB,德安段,.03,都市：商,100000,120,持分移轉,10210001
RPSPMLTLRHHGFDC09CB,德安段,12.74,都市：商,100000,120,持分移轉,10220000
RPRPMLTLRHHGFDC98CB,德安段,.02,都市：商,100000,101,持分移轉,10210001
RPSPMLTLRHHGFDC09CB,德安段,.24,都市：商,100000,120,持分移轉,10260000
RPRPMLTLRHHGFDC98CB,德安段,10.72,都市：商,100000,101,持分移轉,10220000
RPSPMLTLRHHGFDC09CB,德安段,.44,都市：商,100000,120,持分移轉,10730000
RPRPMLTLRHHGFDC98CB,德安段,.20,都市：商,100000,101,持分移轉,10260000
RPSPMLTLRHHGFDC09CB,德安段,2.29,都市：商,100000,120,持分移轉,10740000
RPRPMLTLRHHGFDC98CB,德安段,.37,都市：商,100000,101,持分移轉,10730000
RPRPMLTLRHHGFDC98CB,德安段,1.93,都市：商,100000,101,持分移轉,10740000
RPOPMLTLRHHGFDC68CB,德安段,.02,都市：商,100000,100,持分移轉,10210001
RPOPMLTLRHHGFDC68CB,德安段,10.61,都市：商,100000,100,持分移轉,10220000
RPOPMLTLRHHGFDC68CB,德安段,.20,都市：商,100000,100,持分移轉,10260000
RPOPMLTLRHHGFDC68CB,德安段,.36,都市：商,100000,100,持分移轉,10730000
RPOPMLTLRHHGFDC68CB,德安段,1.91,都市：商,100000,100,持分移轉,10740000
RPUPMLTLRHHGFDC66CB,德安段,.02,都市：商,100000,100,持分移轉,10210001
RPUPMLTLRHHGFDC66CB,德安段,10.61,都市：商,100000,100,持分移轉,10220000
RPUPMLTLRHHGFDC66CB,德安段,.20,都市：商,100000,100,持分移轉,10260000
RPUPMLTLRHHGFDC66CB,德安段,.36,都市：商,100000,100,持分移轉,10730000
RPUPMLTLRHHGFDC66CB,德安段,1.91,都市：商,100000,100,持分移轉,10740000
RPVPMLTLRHHGFDC76CB,德安段,.03,都市：商,100000,138,持分移轉,10210001
RPVPMLTLRHHGFDC76CB,德安段,14.65,都市：商,100000,138,持分移轉,10220000
RPVPMLTLRHHGFDC76CB,德安段,.28,都市：商,100000,138,持分移轉,10260000
RPVPMLTLRHHGFDC76CB,德安段,.50,都市：商,100000,138,持分移轉,10730000
RPVPMLTLRHHGFDC76CB,德安段,2.64,都市：商,100000,138,持分移轉,10740000
RPQNMLNJIIHGFDC07CB,深美段,54.69,都市：住,10000,98,持分移轉,08400003
RPWPMLTLRHHGFDC86CB,德安段,.02,都市：商,100000,97,持分移轉,10210001
RPWPMLTLRHHGFDC86CB,德安段,10.29,都市：商,100000,97,持分移轉,10220000
RPWPMLTLRHHGFDC86CB,德安段,.19,都市：商,100000,97,持分移轉,10260000
RPWPMLTLRHHGFDC86CB,德安段,.35,都市：商,100000,97,持分移轉,10730000
RPWPMLTLRHHGFDC86CB,德安段,1.85,都市：商,100000,97,持分移轉,10740000
RPPNMLRJIIHGFDC37CB,長潭段,.19,都市：住,100000,336,持分移轉,09720008
RPOQMLTLRHHGFDC78CB,德安段,.03,都市：商,100000,158,持分移轉,10210001
RPPNMLRJIIHGFDC37CB,長潭段,.00,都市：住,100000,336,持分移轉,09690003
RPOQMLTLRHHGFDC78CB,德安段,16.77,都市：商,100000,158,持分移轉,10220000
RPPNMLRJIIHGFDC37CB,長潭段,.02,都市：住,100000,336,持分移轉,09700004
RPOQMLTLRHHGFDC78CB,德安段,.32,都市：商,100000,158,持分移轉,10260000
RPPNMLRJIIHGFDC37CB,長潭段,1.42,都市：住,100000,336,持分移轉,09720007
RPOQMLTLRHHGFDC78CB,德安段,.57,都市：商,100000,158,持分移轉,10730000
RPPNMLRJIIHGFDC37CB,長潭段,22.71,都市：住,100000,336,持分移轉,09730012
RPOQMLTLRHHGFDC78CB,德安段,3.02,都市：商,100000,158,持分移轉,10740000
RPPNMLRJIIHGFDC37CB,長潭段,.00,都市：住,100000,336,持分移轉,09700006
RPPNMLRJIIHGFDC37CB,長潭段,1.73,都市：住,100000,336,持分移轉,09710000
RPPNMLNJIIHGFDC96CB,深美段,60.83,都市：住,10000,109,持分移轉,08400003
RPXPMLTLRHHGFDC96CB,德安段,.04,都市：商,100000,165,持分移轉,10210001
RPXPMLTLRHHGFDC96CB,德安段,17.51,都市：商,100000,165,持分移轉,10220000
RPXPMLTLRHHGFDC96CB,德安段,.33,都市：商,100000,165,持分移轉,10260000
RPQNMLRJIIHGFDC47CB,長潭段,.00,都市：住,100000,272,持分移轉,09690003
RPXPMLTLRHHGFDC96CB,德安段,.60,都市：商,100000,165,持分移轉,10730000
RPQNMLRJIIHGFDC47CB,長潭段,.15,都市：住,100000,272,持分移轉,09720008
RPXPMLTLRHHGFDC96CB,德安段,3.15,都市：商,100000,165,持分移轉,10740000
RPQNMLRJIIHGFDC47CB,長潭段,1.15,都市：住,100000,272,持分移轉,09720007
RPQNMLRJIIHGFDC47CB,長潭段,1.40,都市：住,100000,272,持分移轉,09710000
RPQNMLRJIIHGFDC47CB,長潭段,18.39,都市：住,100000,272,持分移轉,09730012
RPQNMLRJIIHGFDC47CB,長潭段,.01,都市：住,100000,272,持分移轉,09700004
RPQNMLRJIIHGFDC47CB,長潭段,.00,都市：住,100000,272,持分移轉,09700006
RPRNMLRJIIHGFDC57CB,長潭段,.00,都市：住,100000,272,持分移轉,09690003
RPRNMLRJIIHGFDC57CB,長潭段,.15,都市：住,100000,272,持分移轉,09720008
RPRNMLRJIIHGFDC57CB,長潭段,1.15,都市：住,100000,272,持分移轉,09720007
RPRNMLRJIIHGFDC57CB,長潭段,1.40,都市：住,100000,272,持分移轉,09710000
RPRNMLRJIIHGFDC57CB,長潭段,18.39,都市：住,100000,272,持分移轉,09730012
RPRNMLRJIIHGFDC57CB,長潭段,.01,都市：住,100000,272,持分移轉,09700004
RPRNMLRJIIHGFDC57CB,長潭段,.00,都市：住,100000,272,持分移轉,09700006
RPQNMLSJIIHGFDC67DB,調和段,78.82,都市：住,100000,849,持分移轉,08480000
RPSNMLRJIIHGFDC67CB,長潭段,.19,都市：住,100000,336,持分移轉,09720008
RPQNMLSJIIHGFDC67DB,調和段,.28,都市：住,100000,849,持分移轉,08480001
RPQNMLSJIIHGFDC67DB,調和段,.50,都市：住,100000,849,持分移轉,08490008
RPSNMLRJIIHGFDC67CB,長潭段,.00,都市：住,100000,336,持分移轉,09690003
RPSNMLRJIIHGFDC67CB,長潭段,.02,都市：住,100000,336,持分移轉,09700004
RPSNMLRJIIHGFDC67CB,長潭段,1.42,都市：住,100000,336,持分移轉,09720007
RPSNMLRJIIHGFDC67CB,長潭段,22.71,都市：住,100000,336,持分移轉,09730012
RPSNMLRJIIHGFDC67CB,長潭段,.00,都市：住,100000,336,持分移轉,09700006
RPSNMLRJIIHGFDC67CB,長潭段,1.73,都市：住,100000,336,持分移轉,09710000
RPRNMLKKIIHGFDC96CB,德安段,12.40,都市：商,100000,95,持分移轉,10900000
RPPNMLKKIIHGFDC76CB,德安段,29.08,都市：住,100000,365,持分移轉,11420000
RPQNMLKKIIHGFDC86CB,德安段,38.16,都市：住,100000,479,持分移轉,11420000
RPPNMLLKIIHGFDC86CB,深美段,66.41,都市：住,10000,119,持分移轉,08400003
RPPNMLSJIIHGFDC57DB,調和段,78.82,都市：住,100000,849,持分移轉,08480000
RPPNMLSJIIHGFDC57DB,調和段,.28,都市：住,100000,849,持分移轉,08480001
RPPNMLSJIIHGFDC57DB,調和段,.50,都市：住,100000,849,持分移轉,08490008
RPSNMLKKIIHGFDC07CB,德安段,12.40,都市：商,100000,95,持分移轉,10900000
RPTNMLKKIIHGFDC17CB,德安段,12.66,都市：商,100000,97,持分移轉,10900000
RPPNMLLKIIHGFDC96DB,日新段五小段,22.74,都市：商,100000,3281,持分移轉,00140000
RPRNMLMKIIHGFDC27DB,大華段,1.48,都市：住,10000,279,持分移轉,00420001
RPRNMLMKIIHGFDC27DB,大華段,20.97,都市：住,10000,279,持分移轉,00560000
RPPNMLMKIIHGFDC07DB,調和段,78.82,都市：住,100000,849,持分移轉,08480000
RPPNMLMKIIHGFDC07DB,調和段,.28,都市：住,100000,849,持分移轉,08480001
RPPNMLMKIIHGFDC07DB,調和段,.50,都市：住,100000,849,持分移轉,08490008
RPTNMLMKIIHGFDC47DB,大華段,1.48,都市：住,10000,279,持分移轉,00420001
RPTNMLMKIIHGFDC47DB,大華段,20.97,都市：住,10000,279,持分移轉,00560000
RPVNMLSKQHHGFDC88CB,長潭段,1.79,都市：住,100000,423,持分移轉,09720007
RPVNMLSKQHHGFDC88CB,長潭段,.24,都市：住,100000,423,持分移轉,09720008
RPVNMLSKQHHGFDC88CB,長潭段,.01,都市：住,100000,423,持分移轉,09690003
RPVNMLSKQHHGFDC88CB,長潭段,.02,都市：住,100000,423,持分移轉,09700004
RPUNMLMKIIHGFDC57DB,大華段,1.59,都市：住,10000,300,持分移轉,00420001
RPVNMLSKQHHGFDC88CB,長潭段,.00,都市：住,100000,423,持分移轉,09700006
RPUNMLMKIIHGFDC57DB,大華段,22.54,都市：住,10000,300,持分移轉,00560000
RPVNMLSKQHHGFDC88CB,長潭段,28.59,都市：住,100000,423,持分移轉,09730012
RPVNMLSKQHHGFDC88CB,長潭段,2.17,都市：住,100000,423,持分移轉,09710000
RPQNMLNKIIHGFDC17CB,德安段,18.61,都市：商,100000,142,持分移轉,10220000
RPPNMLMKIIHGFDC96CB,深美段,54.69,都市：住,10000,98,持分移轉,08400003
RPRNMLNKIIHGFDC27CB,德安段,13.11,都市：商,100000,100,持分移轉,10220000
RPPNMLNKIIHGFDC07CB,德安段,18.22,都市：商,100000,139,持分移轉,10220000
RPTNMLNKIIHGFDC47CB,德安段,16.39,都市：商,100000,125,持分移轉,10220000
RPSNMLNKIIHGFDC37CB,德安段,12.45,都市：商,100000,95,持分移轉,10220000
RPUNMLNKIIHGFDC57CB,德安段,13.11,都市：商,100000,100,持分移轉,10220000
RPWNMLNKIIHGFDC77CB,德安段,12.85,都市：商,100000,98,持分移轉,10220000
RPPOMLNKIIHGFDC17CB,德安段,12.72,都市：商,100000,97,持分移轉,10220000
RPVNMLNKIIHGFDC67CB,德安段,18.09,都市：商,100000,138,持分移轉,10220000
RPXNMLNKIIHGFDC87CB,德安段,12.58,都市：商,100000,96,持分移轉,10220000
RPOOMLNKIIHGFDC07CB,德安段,18.22,都市：商,100000,139,持分移轉,10220000
RPQOMLNKIIHGFDC27CB,德安段,13.11,都市：商,100000,100,持分移轉,10220000
RPTOMLNKIIHGFDC57CB,德安段,21.24,都市：商,100000,162,持分移轉,10220000
RPROMLNKIIHGFDC37CB,德安段,18.61,都市：商,100000,142,持分移轉,10220000
RPSOMLNKIIHGFDC47CB,德安段,19.01,都市：商,100000,145,持分移轉,10220000
RPUOMLNKIIHGFDC67CB,德安段,13.11,都市：商,100000,100,持分移轉,10220000
RPVOMLNKIIHGFDC77CB,德安段,13.24,都市：商,100000,101,持分移轉,10220000
RPXOMLNKIIHGFDC97CB,德安段,12.45,都市：商,100000,95,持分移轉,10220000
RPOPMLNKIIHGFDC17CB,德安段,20.71,都市：商,100000,158,持分移轉,10220000
RPWOMLNKIIHGFDC87CB,德安段,19.01,都市：商,100000,145,持分移轉,10220000
RPPPMLNKIIHGFDC27CB,德安段,18.88,都市：商,100000,144,持分移轉,10220000
RPRPMLNKIIHGFDC47CB,德安段,31.85,都市：商,100000,243,持分移轉,10220000
RPQPMLNKIIHGFDC37CB,德安段,18.22,都市：商,100000,139,持分移轉,10220000
RPPNMLOKIIHGFDC27DB,長安段,21.61,非都市：鄉村區 ; 非都市編定：乙種建築用地,100000,2852,持分移轉,02160000
RPSPMLNKIIHGFDC57CB,德安段,13.24,都市：商,100000,101,持分移轉,10220000
RPQNMLOKIIHGFDC37DB,長安段,13.72,非都市：鄉村區 ; 非都市編定：乙種建築用地,100000,1811,持分移轉,02160000
RPRNMLOKIIHGFDC47DB,長安段,10.77,非都市：鄉村區 ; 非都市編定：乙種建築用地,100000,1421,持分移轉,02160000
RPPNMLRKIIHGFDC47CB,深美段,60.83,都市：住,10000,109,持分移轉,08400003
RPPNMLLLIIHGFDC96CB,深美段,54.69,都市：住,10000,98,持分移轉,08400003
RPQNMLRKIIHGFDC57CB,長潭段,5.26,都市：住,100000,359,持分移轉,08920001
RPQNMLRKIIHGFDC57CB,長潭段,41.99,都市：住,100000,359,持分移轉,09020000
RPPNMLSKIIHGFDC57CB,代天府段,23.18,都市：住,100000,869,持分移轉,08980000
RPPNMLOLIIHGFDC27CB,德安段,38.63,都市：商,100000,296,持分移轉,10900000
RPQNMLOLIIHGFDC37CB,德安段,38.63,都市：商,100000,296,持分移轉,10900000
RPQNMLSKIIHGFDC67CB,代天府段,24.97,都市：住,100000,936,持分移轉,08980000
RPSNMLOLIIHGFDC57CB,德安段,12.66,都市：商,100000,97,持分移轉,10900000
RPRNMLOLIIHGFDC47CB,德安段,38.16,都市：住,100000,479,持分移轉,11420000
RPTNMLOLIIHGFDC67CB,德安段,21.40,都市：商,100000,164,持分移轉,10900000
RPWNMLOLIIHGFDC97CB,德安段,20.71,都市：商,100000,158,持分移轉,10220000
RPUNMLOLIIHGFDC77CB,德安段,12.66,都市：商,100000,97,持分移轉,10900000
RPXNMLOLIIHGFDC08CB,德安段,21.37,都市：商,100000,163,持分移轉,10220000
RPPOMLOLIIHGFDC37CB,德安段,21.24,都市：商,100000,162,持分移轉,10220000
RPVNMLOLIIHGFDC87CB,德安段,13.11,都市：商,100000,100,持分移轉,10220000
RPOOMLOLIIHGFDC27CB,德安段,18.09,都市：商,100000,138,持分移轉,10220000
RPQOMLOLIIHGFDC47CB,德安段,13.11,都市：商,100000,100,持分移轉,10220000
RPTOMLOLIIHGFDC77CB,德安段,13.11,都市：商,100000,100,持分移轉,10220000
RPROMLOLIIHGFDC57CB,德安段,13.37,都市：商,100000,102,持分移轉,10220000
RPSOMLOLIIHGFDC67CB,德安段,21.37,都市：商,100000,163,持分移轉,10220000
RPUOMLOLIIHGFDC87CB,德安段,15.73,都市：商,100000,120,持分移轉,10220000
RPWOMLOLIIHGFDC08CB,德安段,12.72,都市：商,100000,97,持分移轉,10220000
RPPPMLOLIIHGFDC47CB,德安段,13.11,都市：商,100000,100,持分移轉,10220000
RPVOMLOLIIHGFDC97CB,德安段,18.22,都市：商,100000,139,持分移轉,10220000
RPXOMLOLIIHGFDC18CB,德安段,18.22,都市：商,100000,139,持分移轉,10220000
RPQPMLOLIIHGFDC57CB,德安段,13.37,都市：商,100000,102,持分移轉,10220000
RPPNMLQLIIHGFDC57DB,日新段五小段,12.61,都市：商,100000,1819,持分移轉,00140000
RPOPMLOLIIHGFDC37CB,德安段,18.22,都市：商,100000,139,持分移轉,10220000
RPQNMLQLIIHGFDC67DB,調和段,78.82,都市：住,100000,849,持分移轉,08480000
RPQNMLQLIIHGFDC67DB,調和段,.28,都市：住,100000,849,持分移轉,08480001
RPQNMLQLIIHGFDC67DB,調和段,.50,都市：住,100000,849,持分移轉,08490008
RPPNMLSLIIHGFDC67CB,長潭段,2.17,都市：住,100000,423,持分移轉,09710000
RPPNMLSLIIHGFDC67CB,長潭段,28.59,都市：住,100000,423,持分移轉,09730012
RPPNMLSLIIHGFDC67CB,長潭段,.00,都市：住,100000,423,持分移轉,09700006
RPPNMLSLIIHGFDC67CB,長潭段,.02,都市：住,100000,423,持分移轉,09700004
RPPNMLSLIIHGFDC67CB,長潭段,.01,都市：住,100000,423,持分移轉,09690003
RPPNMLSLIIHGFDC67CB,長潭段,.24,都市：住,100000,423,持分移轉,09720008
RPPNMLSLIIHGFDC67CB,長潭段,1.79,都市：住,100000,423,持分移轉,09720007
RPPNMLKMIIHGFDC07DB,調和段,75.20,都市：住,100000,810,持分移轉,08480000
RPPNMLKMIIHGFDC07DB,調和段,.27,都市：住,100000,810,持分移轉,08480001
RPPNMLKMIIHGFDC07DB,調和段,.48,都市：住,100000,810,持分移轉,08490008
RPRNMLLMIIHGFDC27CB,長潭段,1.15,都市：住,100000,272,持分移轉,09720007
RPRNMLLMIIHGFDC27CB,長潭段,.15,都市：住,100000,272,持分移轉,09720008
RPRNMLLMIIHGFDC27CB,長潭段,.00,都市：住,100000,272,持分移轉,09690003
RPRNMLLMIIHGFDC27CB,長潭段,.01,都市：住,100000,272,持分移轉,09700004
RPRNMLLMIIHGFDC27CB,長潭段,.00,都市：住,100000,272,持分移轉,09700006
RPRNMLLMIIHGFDC27CB,長潭段,1.40,都市：住,100000,272,持分移轉,09710000
RPRNMLLMIIHGFDC27CB,長潭段,18.39,都市：住,100000,272,持分移轉,09730012
RPPNMLLMIIHGFDC07CB,長潭段,1.79,都市：住,100000,423,持分移轉,09720007
RPPNMLLMIIHGFDC07CB,長潭段,.24,都市：住,100000,423,持分移轉,09720008
RPPNMLLMIIHGFDC07CB,長潭段,.01,都市：住,100000,423,持分移轉,09690003
RPPNMLLMIIHGFDC07CB,長潭段,.02,都市：住,100000,423,持分移轉,09700004
RPPNMLLMIIHGFDC07CB,長潭段,.00,都市：住,100000,423,持分移轉,09700006
RPPNMLLMIIHGFDC07CB,長潭段,28.59,都市：住,100000,423,持分移轉,09730012
RPPNMLLMIIHGFDC07CB,長潭段,2.17,都市：住,100000,423,持分移轉,09710000
RPQNMLLMIIHGFDC17CB,長潭段,2.17,都市：住,100000,423,持分移轉,09710000
RPQNMLLMIIHGFDC17CB,長潭段,28.59,都市：住,100000,423,持分移轉,09730012
RPQNMLLMIIHGFDC17CB,長潭段,.00,都市：住,100000,423,持分移轉,09700006
RPQNMLLMIIHGFDC17CB,長潭段,.02,都市：住,100000,423,持分移轉,09700004
RPQNMLLMIIHGFDC17CB,長潭段,.01,都市：住,100000,423,持分移轉,09690003
RPQNMLLMIIHGFDC17CB,長潭段,.24,都市：住,100000,423,持分移轉,09720008
RPQNMLLMIIHGFDC17CB,長潭段,1.79,都市：住,100000,423,持分移轉,09720007
RPSNMLLMIIHGFDC37CB,長潭段,2.17,都市：住,100000,423,持分移轉,09710000
RPSNMLLMIIHGFDC37CB,長潭段,28.59,都市：住,100000,423,持分移轉,09730012
RPSNMLLMIIHGFDC37CB,長潭段,.00,都市：住,100000,423,持分移轉,09700006
RPSNMLLMIIHGFDC37CB,長潭段,.02,都市：住,100000,423,持分移轉,09700004
RPSNMLLMIIHGFDC37CB,長潭段,.01,都市：住,100000,423,持分移轉,09690003
RPSNMLLMIIHGFDC37CB,長潭段,.24,都市：住,100000,423,持分移轉,09720008
RPSNMLLMIIHGFDC37CB,長潭段,1.79,都市：住,100000,423,持分移轉,09720007
RPTNMLLMIIHGFDC47CB,長潭段,2.17,都市：住,100000,423,持分移轉,09710000
RPTNMLLMIIHGFDC47CB,長潭段,28.59,都市：住,100000,423,持分移轉,09730012
RPTNMLLMIIHGFDC47CB,長潭段,.00,都市：住,100000,423,持分移轉,09700006
RPTNMLLMIIHGFDC47CB,長潭段,.02,都市：住,100000,423,持分移轉,09700004
RPTNMLLMIIHGFDC47CB,長潭段,.01,都市：住,100000,423,持分移轉,09690003
RPTNMLLMIIHGFDC47CB,長潭段,.24,都市：住,100000,423,持分移轉,09720008
RPTNMLLMIIHGFDC47CB,長潭段,1.79,都市：住,100000,423,持分移轉,09720007
RPWNMLLMIIHGFDC77CB,長潭段,.00,都市：住,100000,272,持分移轉,09690003
RPVNMLLMIIHGFDC67CB,長潭段,18.18,都市：住,100000,269,持分移轉,09730012
RPVNMLLMIIHGFDC67CB,長潭段,1.38,都市：住,100000,269,持分移轉,09710000
RPVNMLLMIIHGFDC67CB,長潭段,.00,都市：住,100000,269,持分移轉,09700006
RPVNMLLMIIHGFDC67CB,長潭段,.01,都市：住,100000,269,持分移轉,09700004
RPVNMLLMIIHGFDC67CB,長潭段,.00,都市：住,100000,269,持分移轉,09690003
RPVNMLLMIIHGFDC67CB,長潭段,1.14,都市：住,100000,269,持分移轉,09720007
RPVNMLLMIIHGFDC67CB,長潭段,.15,都市：住,100000,269,持分移轉,09720008
RPWNMLLMIIHGFDC77CB,長潭段,.15,都市：住,100000,272,持分移轉,09720008
RPWNMLLMIIHGFDC77CB,長潭段,1.15,都市：住,100000,272,持分移轉,09720007
RPWNMLLMIIHGFDC77CB,長潭段,1.40,都市：住,100000,272,持分移轉,09710000
RPWNMLLMIIHGFDC77CB,長潭段,18.39,都市：住,100000,272,持分移轉,09730012
RPWNMLLMIIHGFDC77CB,長潭段,.01,都市：住,100000,272,持分移轉,09700004
RPWNMLLMIIHGFDC77CB,長潭段,.00,都市：住,100000,272,持分移轉,09700006
RPPNMLOJJIHGFDC17CB,深美段,60.83,都市：住,10000,109,持分移轉,08400003
RPUNMLLMIIHGFDC57CB,長潭段,22.71,都市：住,100000,336,持分移轉,09730012
RPUNMLLMIIHGFDC57CB,長潭段,1.42,都市：住,100000,336,持分移轉,09720007
RPUNMLLMIIHGFDC57CB,長潭段,.02,都市：住,100000,336,持分移轉,09700004
RPUNMLLMIIHGFDC57CB,長潭段,.00,都市：住,100000,336,持分移轉,09690003
RPUNMLLMIIHGFDC57CB,長潭段,.19,都市：住,100000,336,持分移轉,09720008
RPUNMLLMIIHGFDC57CB,長潭段,.00,都市：住,100000,336,持分移轉,09700006
RPUNMLLMIIHGFDC57CB,長潭段,1.73,都市：住,100000,336,持分移轉,09710000
RPPNMLPJJIHGFDC27CB,德安段,18.09,都市：商,100000,138,持分移轉,10220000
RPRNMLPJJIHGFDC47CB,德安段,13.37,都市：商,100000,102,持分移轉,10220000
RPQNMLPJJIHGFDC37CB,德安段,13.11,都市：商,100000,100,持分移轉,10220000
RPSNMLPJJIHGFDC57CB,德安段,12.58,都市：商,100000,96,持分移轉,10220000
RPVNMLPJJIHGFDC87CB,德安段,18.61,都市：商,100000,142,持分移轉,10220000
RPTNMLPJJIHGFDC67CB,德安段,13.37,都市：商,100000,102,持分移轉,10220000
RPWNMLPJJIHGFDC97CB,德安段,12.45,都市：商,100000,95,持分移轉,10220000
RPUNMLPJJIHGFDC77CB,德安段,13.11,都市：商,100000,100,持分移轉,10220000
RPXNMLPJJIHGFDC08CB,德安段,18.09,都市：商,100000,138,持分移轉,10220000
RPPOMLPJJIHGFDC37CB,德安段,18.61,都市：商,100000,142,持分移轉,10220000
RPOOMLPJJIHGFDC27CB,德安段,18.22,都市：商,100000,139,持分移轉,10220000
RPQOMLPJJIHGFDC47CB,德安段,12.85,都市：商,100000,98,持分移轉,10220000
RPROMLPJJIHGFDC57CB,德安段,12.85,都市：商,100000,98,持分移轉,10220000
RPTOMLPJJIHGFDC77CB,德安段,13.24,都市：商,100000,101,持分移轉,10220000
RPUOMLPJJIHGFDC87CB,德安段,18.22,都市：商,100000,139,持分移轉,10220000
RPSOMLPJJIHGFDC67CB,德安段,13.24,都市：商,100000,101,持分移轉,10220000
RPVOMLPJJIHGFDC97CB,德安段,18.22,都市：商,100000,139,持分移轉,10220000
RPWOMLPJJIHGFDC08CB,德安段,12.72,都市：商,100000,97,持分移轉,10220000
RPXOMLPJJIHGFDC18CB,德安段,12.72,都市：商,100000,97,持分移轉,10220000
RPQPMLPJJIHGFDC57CB,德安段,18.61,都市：商,100000,142,持分移轉,10220000
RPPPMLPJJIHGFDC47CB,德安段,12.45,都市：商,100000,95,持分移轉,10220000
RPOPMLPJJIHGFDC37CB,德安段,12.72,都市：商,100000,97,持分移轉,10220000
RPRPMLPJJIHGFDC67CB,德安段,23.86,都市：商,100000,182,持分移轉,10220000
RPSPMLPJJIHGFDC77CB,德安段,13.24,都市：商,100000,101,持分移轉,10220000
RPTPMLPJJIHGFDC87CB,德安段,12.66,都市：商,100000,97,持分移轉,10900000
RPQNMLPKJIHGFDC57DB,草濫段拔西猴小段,27.44,都市：住,10000,128,持分移轉,00720000
RPUPMLPJJIHGFDC97CB,德安段,15.79,都市：商,100000,121,持分移轉,10900000
RPPNMLQKJIHGFDC47CB,長潭段,1.73,都市：住,100000,336,持分移轉,09710000
RPPNMLQKJIHGFDC47CB,長潭段,.00,都市：住,100000,336,持分移轉,09700006
RPPNMLQKJIHGFDC47CB,長潭段,22.71,都市：住,100000,336,持分移轉,09730012
RPPNMLQKJIHGFDC47CB,長潭段,1.42,都市：住,100000,336,持分移轉,09720007
RPPNMLQKJIHGFDC47CB,長潭段,.02,都市：住,100000,336,持分移轉,09700004
RPPNMLQKJIHGFDC47CB,長潭段,.00,都市：住,100000,336,持分移轉,09690003
RPPNMLQKJIHGFDC47CB,長潭段,.19,都市：住,100000,336,持分移轉,09720008
RPPNMLPKJIHGFDC37CB,代天府段,23.18,都市：住,100000,869,持分移轉,08980000
RPPNMLRKJIHGFDC57CB,德安段,12.72,都市：商,100000,97,持分移轉,10220000
RPQNMLQKJIHGFDC57CB,長潭段,18.18,都市：住,100000,269,持分移轉,09730012
RPQNMLQKJIHGFDC57CB,長潭段,.15,都市：住,100000,269,持分移轉,09720008
RPQNMLQKJIHGFDC57CB,長潭段,1.14,都市：住,100000,269,持分移轉,09720007
RPQNMLQKJIHGFDC57CB,長潭段,.00,都市：住,100000,269,持分移轉,09690003
RPQNMLQKJIHGFDC57CB,長潭段,.01,都市：住,100000,269,持分移轉,09700004
RPQNMLQKJIHGFDC57CB,長潭段,.00,都市：住,100000,269,持分移轉,09700006
RPQNMLQKJIHGFDC57CB,長潭段,1.38,都市：住,100000,269,持分移轉,09710000
RPRNMLQKJIHGFDC67CB,長潭段,22.71,都市：住,100000,336,持分移轉,09730012
RPRNMLQKJIHGFDC67CB,長潭段,1.42,都市：住,100000,336,持分移轉,09720007
RPRNMLQKJIHGFDC67CB,長潭段,.02,都市：住,100000,336,持分移轉,09700004
RPRNMLQKJIHGFDC67CB,長潭段,.19,都市：住,100000,336,持分移轉,09720008
RPRNMLQKJIHGFDC67CB,長潭段,.00,都市：住,100000,336,持分移轉,09690003
RPRNMLQKJIHGFDC67CB,長潭段,.00,都市：住,100000,336,持分移轉,09700006
RPRNMLQKJIHGFDC67CB,長潭段,1.73,都市：住,100000,336,持分移轉,09710000
RPQNMLRKJIHGFDC67CB,德安段,13.11,都市：商,100000,100,持分移轉,10220000
RPTNMLRKJIHGFDC97CB,德安段,21.24,都市：商,100000,162,持分移轉,10220000
RPRNMLRKJIHGFDC77CB,德安段,16.91,都市：商,100000,129,持分移轉,10220000
RPSNMLRKJIHGFDC87CB,德安段,19.40,都市：商,100000,148,持分移轉,10220000
RPUNMLRKJIHGFDC08CB,德安段,22.55,都市：商,100000,172,持分移轉,10220000
RPXNMLRKJIHGFDC38CB,德安段,20.71,都市：商,100000,158,持分移轉,10220000
RPVNMLRKJIHGFDC18CB,德安段,13.24,都市：商,100000,101,持分移轉,10220000
RPQOMLRKJIHGFDC77CB,德安段,18.22,都市：商,100000,139,持分移轉,10220000
RPWNMLRKJIHGFDC28CB,德安段,12.32,都市：商,100000,94,持分移轉,10220000
RPOOMLRKJIHGFDC57CB,德安段,13.11,都市：商,100000,100,持分移轉,10220000
RPPOMLRKJIHGFDC67CB,德安段,18.22,都市：商,100000,139,持分移轉,10220000
RPROMLRKJIHGFDC87CB,德安段,18.22,都市：商,100000,139,持分移轉,10220000
RPTOMLRKJIHGFDC08CB,德安段,21.37,都市：商,100000,163,持分移轉,10220000
RPSOMLRKJIHGFDC97CB,德安段,13.11,都市：商,100000,100,持分移轉,10220000
RPUOMLRKJIHGFDC18CB,德安段,15.60,都市：商,100000,119,持分移轉,10220000
RPWOMLRKJIHGFDC38CB,德安段,12.45,都市：商,100000,95,持分移轉,10220000
RPPPMLRKJIHGFDC77CB,德安段,12.85,都市：商,100000,98,持分移轉,10220000
RPOPMLRKJIHGFDC67CB,德安段,13.24,都市：商,100000,101,持分移轉,10220000
RPQPMLRKJIHGFDC87CB,德安段,12.32,都市：商,100000,94,持分移轉,10220000
RPVOMLRKJIHGFDC28CB,德安段,21.37,都市：商,100000,163,持分移轉,10220000
RPXOMLRKJIHGFDC48CB,德安段,13.11,都市：商,100000,100,持分移轉,10220000
RPRPMLRKJIHGFDC97CB,德安段,18.22,都市：商,100000,139,持分移轉,10220000
RPSPMLRKJIHGFDC08CB,德安段,13.24,都市：商,100000,101,持分移轉,10220000
RPQNMLKLJIHGFDC07CB,德安段,12.66,都市：商,100000,97,持分移轉,10900000
RPPNMLKLJIHGFDC96CB,德安段,12.79,都市：商,100000,98,持分移轉,10900000
RPPNMLLLJIHGFDC17DB,大華段,1.76,都市：住,10000,333,持分移轉,00420001
RPPNMLLLJIHGFDC17DB,大華段,25.02,都市：住,10000,333,持分移轉,00560000
RPPNMLQLJIHGFDC57CB,長潭段,4.98,都市：住,100000,340,持分移轉,08920001
RPPNMLQLJIHGFDC57CB,長潭段,39.76,都市：住,100000,340,持分移轉,09020000
RPTOMLOJKIHGFDC77CB,德安段,12.45,都市：商,100000,95,持分移轉,10220000
