﻿鄉鎮市區,交易標的,土地位置建物門牌,土地移轉總面積平方公尺,都市土地使用分區,非都市土地使用分區,非都市土地使用編定,交易年月日,交易筆棟數,移轉層次,總樓層數,建物型態,主要用途,主要建材,建築完成年月,建物移轉總面積平方公尺,建物現況格局-房,建物現況格局-廳,建物現況格局-衛,建物現況格局-隔間,有無管理組織,總價元,單價元平方公尺,車位類別,車位移轉總面積平方公尺,車位總價元,備註,編號,建案名稱,棟及號
The villages and towns urban district,transaction sign,land sector position building sector house number plate,land shifting total area square meter,the use zoning or compiles and checks,the non-metropolis land use district,non-metropolis land use,transaction year month and day,transaction pen number,shifting level,total floor number,building state,main use,main building materials,construction to complete the years,building shifting total area,Building present situation pattern - room,building present situation pattern - hall,building present situation pattern - health,building present situation pattern - compartmented,Whether there is manages the organization,total price NTD,the unit price (NTD / square meter),the berth category,berth shifting total area square meter,the berth total price NTD,the note,serial number,build case,buildings
信義區,房地(土地+建物)+車位,基隆市信義區東峰街55巷對面,60.83,住,,,1110813,土地1建物1車位1,五層,7,華廈(10層含以下有電梯),住家用,鋼筋混凝土造,,221.27,3,2,3,有,無,13000000,62896,坡道平面,36.84,1400000,,RPTOMLPKQHHGFDC48CB,田園調布2-B1區,D棟D6-5~7F號
中正區,房地(土地+建物)+車位,基隆市中正區信五路,21.19,商,,,1110815,土地1建物1車位1,七層,13,住宅大樓(11層含以上有電梯),住商用,鋼筋混凝土造,,136.28,3,2,2,有,無,18380000,123963,塔式車位,2.53,1800000,,RPPNMLPKQHHGFDC08DB,橙品32,C棟0號
中正區,房地(土地+建物)+車位,基隆市中正區調和街266巷,79.61,住,,,1110815,土地3建物1車位1,全,3,透天厝,住家用,鋼筋混凝土造,,170.41,3,2,2,有,無,11870000,69578,坡道平面,20.65,1450000,,RPPNMLRKQHHGFDC28DB,僑家大院,J棟6號
中正區,房地(土地+建物)+車位,基隆市中正區新豐街,32.82,住,,,1110813,土地7建物1車位2,六層,9,住宅大樓(11層含以上有電梯),住家用,鋼筋混凝土造,,203.27,3,2,2,有,無,13590000,91150,坡道平面,82.7,2600000,車位總價中無法拆分個別車位價格,RPVNMLSKQHHGFDC88CB,海豔,E2棟6號
中正區,房地(土地+建物)+車位,基隆市中正區新豐街,43.46,住,,,1110814,土地7建物1車位1,五層,14,住宅大樓(11層含以上有電梯),住家用,鋼筋混凝土造,,196.37,3,2,2,有,無,14230000,83409,坡道平面,41.35,1300000,,RPWNMLSKQHHGFDC98CB,海豔,A2棟5號
信義區,房地(土地+建物)+車位,基隆市信義區東峰街55巷對面,60.83,住,,,1110816,土地1建物1車位1,五層,7,華廈(10層含以下有電梯),住家用,鋼筋混凝土造,,220.72,3,2,3,有,無,13550000,65532,坡道平面,36.84,1500000,,RPPNMLTKQHHGFDC38CB,田園調布2-B1區,B棟B7-5~7F號
中正區,房地(土地+建物)+車位,基隆市中正區信五路,24.75,商,,,1110822,土地1建物1車位2,十二層,13,住宅大樓(11層含以上有電梯),住商用,鋼筋混凝土造,,161.17,3,2,2,有,無,23700000,130037,塔式車位,5.06,3400000,,RPPNMLNLQHHGFDC97DB,橙品32,A棟0號
中正區,房地(土地+建物)+車位,基隆市中正區信五路,21.22,商,,,1110822,土地1建物1車位2,十二層,13,住宅大樓(11層含以上有電梯),住商用,鋼筋混凝土造,,138.81,3,2,2,有,無,20800000,130093,塔式車位,5.06,3400000,,RPQNMLNLQHHGFDC08DB,橙品32,B棟0號
中正區,房地(土地+建物)+車位,基隆市中正區信五路,12.57,商,,,1110823,土地1建物1車位1,六層,13,住宅大樓(11層含以上有電梯),住商用,鋼筋混凝土造,,81.83,2,2,1,有,無,11500000,124086,塔式車位,2.53,1660000,,RPRNMLNLQHHGFDC18DB,橙品32,A棟0號
中正區,房地(土地+建物)+車位,基隆市中正區信五路,21.19,商,,,1110824,土地1建物1車位1,六層,13,住宅大樓(11層含以上有電梯),住商用,鋼筋混凝土造,,136.28,3,2,2,有,無,18280000,123963,塔式車位,2.53,1700000,,RPPNMLOLQHHGFDC08DB,橙品32,C棟0號
中山區,房地(土地+建物)+車位,基隆市中山區復興路261號之對面,12.4,商,,,1110811,土地1建物1車位1,十四層,15,住宅大樓(11層含以上有電梯),住家用,鋼筋混凝土造,,109.09,2,1,1,有,無,9000000,92739,坡道平面,27.14,1400000,,RPPNMLPLQHHGFDC08CB,新橫濱-星野區,D棟07號
中山區,房地(土地+建物)+車位,基隆市中山區復興路204號之附近,29.72,住,,,1110815,土地1建物1車位1,三層,8,華廈(10層含以下有電梯),住家用,鋼筋混凝土造,,124.89,3,1,2,有,無,11900000,102807,坡道機械,18.38,950000,交易總價含下列非屬預售屋價格之費用:含裝潢費；,RPQNMLPLQHHGFDC18CB,新橫濱-上野區,E棟02號
中山區,房地(土地+建物)+車位,基隆市中山區復興路261號之對面,12.53,商,,,1110815,土地1建物1車位1,十四層,15,住宅大樓(11層含以上有電梯),住家用,鋼筋混凝土造,,109.63,2,1,1,有,無,9200000,96375,坡道平面,27.14,1250000,,RPRNMLPLQHHGFDC28CB,新橫濱-星野區,B棟02號
中山區,房地(土地+建物)+車位,基隆市中山區復興路261號之對面,12.66,商,,,1110819,土地1建物1車位1,十二層,15,住宅大樓(11層含以上有電梯),住家用,鋼筋混凝土造,,110.62,2,1,1,有,無,10700000,110805,坡道平面,27.14,1450000,交易總價含下列非屬預售屋價格之費用:含裝潢費；,RPSNMLPLQHHGFDC38CB,新橫濱-星野區,G棟09號
信義區,房地(土地+建物)+車位,基隆市信義區東峰街55巷對面,60.83,住,,,1110824,土地1建物1車位1,五層,7,華廈(10層含以下有電梯),住家用,鋼筋混凝土造,,220.72,3,2,3,有,無,13000000,62541,坡道平面,36.84,1500000,,RPPNMLQLQHHGFDC18CB,田園調布2-B1區,A棟A5-5~7號
中正區,房地(土地+建物)+車位,基隆市中正區中正路,40.94,住,,,1110828,土地1建物1車位1,七層,9,華廈(10層含以下有電梯),住家用,鋼筋混凝土造,,192.05,3,2,2,有,無,18100000,106630,坡道平面,37.31,1600000,,RPPNMLTLQHHGFDC58DB,御景硯,A2棟7號
中正區,房地(土地+建物)+車位,基隆市中正區調和街266巷,79.61,住,,,1110820,土地3建物1車位1,全,3,透天厝,住家用,鋼筋混凝土造,,170.41,3,2,2,有,無,12150000,71114,坡道平面,20.65,1500000,,RPPNMLLMQHHGFDC87DB,僑家大院,J棟8號
信義區,房地(土地+建物)+車位,基隆市信義區東峰街48號對面,54.72,住,,,1110828,土地1建物1車位1,一層,7,華廈(10層含以下有電梯),住家用,鋼筋混凝土造,,198.23,3,2,3,有,無,13000000,70336,坡道平面,34.73,1500000,,RPQNMLLMQHHGFDC87CB,田園調布2-B2區,D棟D9-1+2F號
安樂區,房地(土地+建物)+車位,基隆市安樂區基金二路3巷,45.13,住,,,1110823,土地1建物1車位1,一層,7,華廈(10層含以下有電梯),住家用,鋼筋混凝土造,,143.16,3,2,2,有,無,12000000,96991,坡道平面,32.84,1300000,,RPPNMLLJRHHGFDC67DB,禾傑臻品,A棟1號
七堵區,房地(土地+建物),基隆市七堵區長安街239巷,13.72,,鄉村區,乙種建築用地,1110815,土地1建物1車位0,四層,7,華廈(10層含以下有電梯),住家用,鋼筋混凝土造,,54.8,2,1,1,有,無,4080000,74453,,0.0,0,,RPVPMLLJRHHGFDC48DB,公園樂,B2棟0號
七堵區,房地(土地+建物),基隆市七堵區長安街239巷,13.72,,鄉村區,乙種建築用地,1110817,土地1建物1車位0,六層,7,華廈(10層含以下有電梯),住家用,鋼筋混凝土造,,54.8,2,1,1,有,無,4050000,73905,,0.0,0,,RPWPMLLJRHHGFDC58DB,公園樂,B2棟0號
七堵區,房地(土地+建物)+車位,基隆市七堵區長安街210巷,37.7,,鄉村區,乙種建築用地,1110828,土地1建物1車位1,七層,7,華廈(10層含以下有電梯),住家用,鋼筋混凝土造,,178.58,4,2,2,有,無,11050000,70589,坡道平面,44.99,1620000,,RPPNMLPJRHHGFDC08DB,里山鑽,B2棟0號
中正區,房地(土地+建物),基隆市中正區信五路,12.54,商,,,1110903,土地1建物1車位0,五層,13,住宅大樓(11層含以上有電梯),住商用,鋼筋混凝土造,,79.3,2,2,1,有,無,9830000,123960,,0.0,0,,RPPNMLQJRHHGFDC18DB,橙品32,A棟0號
中正區,房地(土地+建物)+車位,基隆市中正區調和街266巷,79.61,住,,,1110903,土地3建物1車位1,全,3,透天厝,住家用,鋼筋混凝土造,,170.41,3,2,2,有,無,12510000,73851,坡道平面,20.65,1450000,,RPPNMLRJRHHGFDC28DB,僑家大院,F棟8號
七堵區,房地(土地+建物),基隆市七堵區長安街239巷,15.0,,鄉村區,乙種建築用地,1110819,土地1建物1車位0,四層,7,華廈(10層含以下有電梯),住家用,鋼筋混凝土造,,59.82,2,1,1,有,無,4300000,71882,,0.0,0,,RPQNMLRJRHHGFDC38DB,公園樂,A3棟0號
七堵區,房地(土地+建物)+車位,基隆市七堵區長安街239巷,21.46,,鄉村區,乙種建築用地,1110824,土地1建物1車位2,七層,7,華廈(10層含以下有電梯),住家用,鋼筋混凝土造,,161.41,2,2,2,有,無,9670000,79413,坡道平面,76.16,2900000,,RPSNMLRJRHHGFDC58DB,公園樂,B1棟0號
七堵區,房地(土地+建物)+車位,基隆市七堵區長安街239巷,15.0,,鄉村區,乙種建築用地,1110825,土地1建物1車位1,三層,7,華廈(10層含以下有電梯),住家用,鋼筋混凝土造,,97.9,2,1,1,有,無,5800000,73220,坡道平面,38.08,1420000,,RPTNMLRJRHHGFDC68DB,公園樂,A3棟0號
七堵區,房地(土地+建物)+車位,基隆市七堵區長安街239巷,21.46,,鄉村區,乙種建築用地,1110828,土地1建物1車位1,六層,7,華廈(10層含以下有電梯),住家用,鋼筋混凝土造,,123.28,2,2,2,有,無,7810000,74648,坡道平面,38.08,1450000,,RPPNMLSJRHHGFDC38DB,公園樂,B1棟0號
七堵區,房地(土地+建物),基隆市七堵區長安街239巷,14.6,,鄉村區,乙種建築用地,1110828,土地1建物1車位0,四層,6,華廈(10層含以下有電梯),住家用,鋼筋混凝土造,,58.12,2,1,1,有,無,4200000,72264,,0.0,0,,RPQNMLSJRHHGFDC48DB,公園樂,C3棟0號
七堵區,房地(土地+建物),基隆市七堵區長安街239巷,10.78,,鄉村區,乙種建築用地,1110828,土地1建物1車位0,二層,6,華廈(10層含以下有電梯),住家用,鋼筋混凝土造,,41.39,1,1,1,有,無,3130000,75622,,0.0,0,,RPSNMLSJRHHGFDC68DB,公園樂,C2棟0號
七堵區,房地(土地+建物)+車位,基隆市七堵區長安街239巷,14.69,,鄉村區,乙種建築用地,1110828,土地1建物1車位1,三層,6,華廈(10層含以下有電梯),住家用,鋼筋混凝土造,,96.11,2,1,1,有,無,5800000,74961,坡道平面,38.08,1450000,,RPTNMLSJRHHGFDC78DB,公園樂,C4棟0號
七堵區,房地(土地+建物),基隆市七堵區長安街239巷,10.77,,鄉村區,乙種建築用地,1110911,土地1建物1車位0,五層,6,華廈(10層含以下有電梯),住家用,鋼筋混凝土造,,41.38,1,1,1,有,無,3180000,76849,,0.0,0,,RPPNMLLKRHHGFDC77DB,公園樂,C2棟0號
七堵區,房地(土地+建物)+車位,基隆市七堵區泰和街88號之旁,35.59,住,,,1110827,土地1建物1車位1,七層,10,華廈(10層含以下有電梯),住家用,鋼筋混凝土造,,168.74,3,2,2,有,無,12170000,87051,坡道平面,45.02,1400000,交易總價含下列非屬預售屋價格之費用:內含電視、冰箱、洗衣機費:0元,RPPNMLOKRHHGFDC08DB,富源鑫Ⅲ森活,B2棟07號
七堵區,房地(土地+建物)+車位,基隆市七堵區泰和街88號之旁,36.02,住,,,1110831,土地1建物1車位1,四層,10,華廈(10層含以下有電梯),住家用,鋼筋混凝土造,,169.53,3,2,2,有,無,12230000,86178,坡道平面,45.02,1500000,交易總價含下列非屬預售屋價格之費用:內含電視、冰箱、洗衣機費:0元,RPQNMLOKRHHGFDC18DB,富源鑫Ⅲ森活,A1棟04號
七堵區,房地(土地+建物)+車位,基隆市七堵區泰和街88號之旁,36.02,住,,,1110909,土地1建物1車位1,八層,10,華廈(10層含以下有電梯),住家用,鋼筋混凝土造,,169.72,3,2,2,有,無,12680000,89792,坡道平面,45.21,1500000,交易總價含下列非屬預售屋價格之費用:內含電視、冰箱、洗衣機費:0元,RPRNMLOKRHHGFDC28DB,富源鑫Ⅲ森活,A1棟08號
七堵區,房地(土地+建物)+車位,基隆市七堵區泰和街88號之旁,35.59,住,,,1110908,土地1建物1車位1,八層,10,華廈(10層含以下有電梯),住家用,鋼筋混凝土造,,168.74,3,2,2,有,無,12290000,88021,坡道平面,45.02,1400000,交易總價含下列非屬預售屋價格之費用:內含電視、冰箱、洗衣機費:0元,RPSNMLOKRHHGFDC38DB,富源鑫Ⅲ森活,A2棟08號
七堵區,房地(土地+建物)+車位,基隆市七堵區泰和街88號之旁,27.44,住,,,1110820,土地1建物1車位1,三層,10,華廈(10層含以下有電梯),住家用,鋼筋混凝土造,,140.23,2,2,2,有,無,9260000,82554,坡道平面,45.02,1400000,交易總價含下列非屬預售屋價格之費用:內含電視、冰箱、洗衣機費:0元,RPTNMLOKRHHGFDC48DB,富源鑫Ⅲ森活,A4棟03號
七堵區,房地(土地+建物)+車位,基隆市七堵區泰和街88號之旁,35.59,住,,,1110820,土地1建物1車位1,四層,10,華廈(10層含以下有電梯),住家用,鋼筋混凝土造,,168.74,3,2,2,有,無,11740000,83576,坡道平面,45.02,1400000,交易總價含下列非屬預售屋價格之費用:內含電視、冰箱、洗衣機費:0元,RPUNMLOKRHHGFDC58DB,富源鑫Ⅲ森活,A2棟04號
七堵區,房地(土地+建物)+車位,基隆市七堵區泰和街88號之旁,35.16,住,,,1110820,土地1建物1車位1,六層,10,華廈(10層含以下有電梯),住家用,鋼筋混凝土造,,166.77,3,2,2,有,無,11560000,83450,坡道平面,45.02,1400000,交易總價含下列非屬預售屋價格之費用:內含電視、冰箱、洗衣機費:0元,RPVNMLOKRHHGFDC68DB,富源鑫Ⅲ森活,B1棟06號
中山區,房地(土地+建物)+車位,基隆市中山區復興路261號之對面,12.79,商,,,1110829,土地1建物1車位1,三層,15,住宅大樓(11層含以上有電梯),住家用,鋼筋混凝土造,,111.03,2,1,1,有,無,9790000,100012,坡道平面,27.14,1400000,,RPPNMLOKRHHGFDC97CB,新橫濱-星野區,H棟09號
中山區,房地(土地+建物)+車位,基隆市中山區復興路261號之對面,21.01,商,,,1110830,土地1建物1車位1,三層,15,住宅大樓(11層含以上有電梯),住家用,鋼筋混凝土造,,165.39,4,1,2,有,無,13870000,89476,坡道平面,27.14,1500000,,RPQNMLOKRHHGFDC08CB,新橫濱-星野區,D棟03號
中山區,房地(土地+建物)+車位,基隆市中山區復興路204號之附近,38.16,住,,,1110828,土地1建物1車位1,五層,8,華廈(10層含以下有電梯),住家用,鋼筋混凝土造,,173.53,4,1,2,有,無,15080000,98918,坡道平面,36.75,1550000,交易總價含下列非屬預售屋價格之費用:含裝潢費；,RPRNMLOKRHHGFDC18CB,新橫濱-上野區,C棟03號
中山區,房地(土地+建物)+車位,基隆市中山區復興路261號之對面,12.66,商,,,1110830,土地1建物1車位1,九層,15,住宅大樓(11層含以上有電梯),住家用,鋼筋混凝土造,,110.62,2,1,1,有,無,9400000,95831,坡道平面,27.14,1400000,,RPSNMLOKRHHGFDC28CB,新橫濱-星野區,D棟09號
中山區,房地(土地+建物)+車位,基隆市中山區復興路261號之對面,13.31,商,,,1110902,土地1建物1車位1,四層,15,住宅大樓(11層含以上有電梯),住家用,鋼筋混凝土造,,115.03,2,1,1,有,無,10070000,98077,坡道平面,27.14,1450000,交易總價含下列非屬預售屋價格之費用:含裝潢費；,RPTNMLOKRHHGFDC38CB,新橫濱-星野區,C棟08號
中山區,房地(土地+建物)+車位,基隆市中山區復興路261號之對面,13.31,商,,,1110824,土地1建物1車位1,四層,15,住宅大樓(11層含以上有電梯),住家用,鋼筋混凝土造,,115.03,2,1,1,有,無,10120000,98077,坡道平面,27.14,1500000,交易總價含下列非屬預售屋價格之費用:含裝潢費；,RPUNMLOKRHHGFDC48CB,新橫濱-星野區,D棟08號
中山區,房地(土地+建物)+車位,基隆市中山區復興路204號之附近,39.04,住,,,1110827,土地1建物1車位1,二層,8,華廈(10層含以下有電梯),住家用,鋼筋混凝土造,,176.67,4,1,2,有,無,14700000,95054,坡道平面,36.75,1400000,,RPVNMLOKRHHGFDC58CB,新橫濱-上野區,A棟03號
中山區,房地(土地+建物)+車位,基隆市中山區復興路204號之附近,40.0,住,,,1110902,土地1建物1車位1,五層,8,華廈(10層含以下有電梯),住家用,鋼筋混凝土造,,180.18,4,1,2,有,無,14750000,92728,坡道平面,36.75,1450000,交易總價含下列非屬預售屋價格之費用:含裝潢費；,RPWNMLOKRHHGFDC68CB,新橫濱-上野區,C棟01號
中山區,房地(土地+建物)+車位,基隆市中山區復興路261號之對面,37.06,商,,,1110903,土地1建物1車位1,一層,15,住宅大樓(11層含以上有電梯),商業用,鋼筋混凝土造,,270.16,0,0,0,無,無,33700000,132499,坡道平面,27.14,1500000,,RPXNMLOKRHHGFDC78CB,新橫濱-星野區,S棟21號
中山區,房地(土地+建物)+車位,基隆市中山區復興路261號之對面,12.66,商,,,1110829,土地1建物1車位1,十層,15,住宅大樓(11層含以上有電梯),住家用,鋼筋混凝土造,,110.62,2,1,1,有,無,9500000,96430,坡道平面,27.14,1450000,,RPOOMLOKRHHGFDC97CB,新橫濱-星野區,D棟09號
中山區,房地(土地+建物)+車位,基隆市中山區復興路261號之對面,12.58,商,,,1110903,土地5建物1車位1,十一層,22,住宅大樓(11層含以上有電梯),住家用,鋼筋混凝土造,,111.75,2,1,1,有,無,9560000,93921,坡道平面,29.66,1850000,,RPPOMLOKRHHGFDC08CB,夢悅城,F棟07號
中山區,房地(土地+建物)+車位,基隆市中山區復興路261號之對面,15.73,商,,,1110828,土地5建物1車位1,四層,22,住宅大樓(11層含以上有電梯),住家用,鋼筋混凝土造,,131.63,3,1,2,有,無,11200000,94243,坡道平面,29.66,1590000,,RPQOMLOKRHHGFDC18CB,夢悅城,B棟01號
中山區,房地(土地+建物)+車位,基隆市中山區復興路261號之對面,18.61,商,,,1110831,土地5建物1車位1,十層,22,住宅大樓(11層含以上有電梯),住家用,鋼筋混凝土造,,150.65,3,1,2,有,無,12280000,89098,坡道平面,29.66,1500000,,RPROMLOKRHHGFDC28CB,夢悅城,G棟08號
中山區,房地(土地+建物)+車位,基隆市中山區復興路261號之對面,18.61,商,,,1110902,土地5建物1車位1,十一層,22,住宅大樓(11層含以上有電梯),住家用,鋼筋混凝土造,,150.81,3,1,2,有,無,12660000,88816,坡道平面,29.66,1900000,,RPSOMLOKRHHGFDC38CB,夢悅城,A棟05號
中山區,房地(土地+建物)+車位,基隆市中山區復興路261號之對面,18.22,商,,,1110831,土地5建物1車位1,二十二層,22,住宅大樓(11層含以上有電梯),住家用,鋼筋混凝土造,,147.79,3,1,2,有,無,13450000,99043,坡道平面,29.66,1750000,,RPTOMLOKRHHGFDC48CB,夢悅城,D棟01號
中山區,房地(土地+建物)+車位,基隆市中山區復興路261號之對面,13.24,商,,,1110831,土地5建物1車位1,二十一層,22,住宅大樓(11層含以上有電梯),住家用,鋼筋混凝土造,,115.18,2,1,1,有,無,10410000,101848,坡道平面,29.66,1700000,,RPUOMLOKRHHGFDC58CB,夢悅城,D棟09號
中山區,房地(土地+建物)+車位,基隆市中山區復興路261號之對面,13.37,商,,,1110828,土地5建物1車位1,二十一層,22,住宅大樓(11層含以上有電梯),住家用,鋼筋混凝土造,,116.65,2,1,1,有,無,10370000,99092,坡道平面,29.66,1750000,,RPVOMLOKRHHGFDC68CB,夢悅城,E棟08號
中山區,房地(土地+建物)+車位,基隆市中山區復興路261號之對面,13.11,商,,,1110905,土地5建物1車位1,十七層,22,住宅大樓(11層含以上有電梯),住家用,鋼筋混凝土造,,114.97,2,1,1,有,無,10630000,104091,坡道平面,29.66,1750000,,RPWOMLOKRHHGFDC78CB,夢悅城,D棟02號
中山區,房地(土地+建物)+車位,基隆市中山區復興路261號之對面,15.6,商,,,1110826,土地5建物1車位1,十層,22,住宅大樓(11層含以上有電梯),住家用,鋼筋混凝土造,,131.31,3,1,2,有,無,11310000,97000,坡道平面,29.66,1450000,,RPXOMLOKRHHGFDC88CB,夢悅城,A棟01號
中山區,房地(土地+建物)+車位,基隆市中山區復興路261號之對面,18.61,商,,,1110905,土地5建物1車位1,十二層,22,住宅大樓(11層含以上有電梯),住家用,鋼筋混凝土造,,150.81,3,1,2,有,無,12640000,89063,坡道平面,29.66,1850000,,RPOPMLOKRHHGFDC08CB,夢悅城,A棟05號
中山區,房地(土地+建物)+車位,基隆市中山區復興路261號之對面,18.22,商,,,1110826,土地5建物1車位1,三層,22,住宅大樓(11層含以上有電梯),住家用,鋼筋混凝土造,,148.19,3,1,2,有,無,12790000,92719,坡道平面,29.66,1800000,,RPPPMLOKRHHGFDC18CB,夢悅城,G棟03號
中山區,房地(土地+建物)+車位,基隆市中山區復興路261號之對面,18.22,商,,,1110903,土地5建物1車位1,十八層,22,住宅大樓(11層含以上有電梯),住家用,鋼筋混凝土造,,147.79,3,1,2,有,無,13100000,97774,坡道平面,29.66,1550000,,RPQPMLOKRHHGFDC28CB,夢悅城,D棟01號
中山區,房地(土地+建物)+車位,基隆市中山區復興路261號之對面,20.84,商,,,1110826,土地5建物1車位1,三層,22,住宅大樓(11層含以上有電梯),住家用,鋼筋混凝土造,,164.5,4,1,2,有,無,15120000,98784,坡道平面,29.66,1800000,,RPRPMLOKRHHGFDC38CB,夢悅城,G棟02號
中山區,房地(土地+建物)+車位,基隆市中山區復興路261號之對面,13.11,商,,,1110905,土地5建物1車位1,七層,22,住宅大樓(11層含以上有電梯),住家用,鋼筋混凝土造,,115.08,2,1,1,有,無,10220000,99742,坡道平面,29.66,1700000,,RPSPMLOKRHHGFDC48CB,夢悅城,D棟02號
中山區,房地(土地+建物)+車位,基隆市中山區復興路261號之對面,21.37,商,,,1110902,土地5建物1車位1,二十層,22,住宅大樓(11層含以上有電梯),住家用,鋼筋混凝土造,,168.54,4,1,2,有,無,15470000,98430,坡道平面,29.66,1800000,,RPTPMLOKRHHGFDC58CB,夢悅城,D棟03號
中山區,房地(土地+建物)+車位,基隆市中山區復興路261號之對面,12.45,商,,,1110827,土地5建物1車位1,四層,22,住宅大樓(11層含以上有電梯),住家用,鋼筋混凝土造,,110.67,2,1,1,有,無,9170000,94062,坡道平面,29.66,1550000,,RPUPMLOKRHHGFDC68CB,夢悅城,C棟06號
中山區,房地(土地+建物)+車位,基隆市中山區復興路261號之對面,18.88,商,,,1110830,土地5建物1車位1,十層,22,住宅大樓(11層含以上有電梯),住家用,鋼筋混凝土造,,152.53,3,1,2,有,無,12520000,88467,坡道平面,29.66,1650000,,RPVPMLOKRHHGFDC78CB,夢悅城,G棟10號
中山區,房地(土地+建物)+車位,基隆市中山區復興路261號之對面,18.09,商,,,1110903,土地5建物1車位1,十層,22,住宅大樓(11層含以上有電梯),住家用,鋼筋混凝土造,,146.71,3,1,2,有,無,12020000,89022,坡道平面,29.66,1600000,,RPWPMLOKRHHGFDC88CB,夢悅城,B棟05號
中山區,房地(土地+建物)+車位,基隆市中山區復興路261號之對面,15.73,商,,,1110903,土地5建物1車位1,十層,22,住宅大樓(11層含以上有電梯),住家用,鋼筋混凝土造,,131.52,3,1,2,有,無,11580000,96996,坡道平面,29.66,1700000,,RPXPMLOKRHHGFDC98CB,夢悅城,B棟01號
中山區,房地(土地+建物)+車位,基隆市中山區復興路261號之對面,13.24,商,,,1110901,土地5建物1車位1,八層,22,住宅大樓(11層含以上有電梯),住家用,鋼筋混凝土造,,116.07,2,1,1,有,無,10030000,95822,坡道平面,29.66,1750000,,RPOQMLOKRHHGFDC18CB,夢悅城,F棟09號
中山區,房地(土地+建物)+車位,基隆市中山區復興路261號之對面,12.58,商,,,1110902,土地5建物1車位1,七層,22,住宅大樓(11層含以上有電梯),住家用,鋼筋混凝土造,,111.82,2,1,1,有,無,9280000,92868,坡道平面,29.66,1650000,,RPPQMLOKRHHGFDC28CB,夢悅城,F棟07號
中山區,房地(土地+建物),基隆市中山區復興路261號之對面,12.58,商,,,1110902,土地5建物1車位0,七層,22,住宅大樓(11層含以上有電梯),住家用,鋼筋混凝土造,,81.16,2,1,1,有,無,7530000,92780,,0.0,0,,RPQQMLOKRHHGFDC38CB,夢悅城,B棟07號
中山區,房地(土地+建物)+車位,基隆市中山區復興路261號之對面,20.71,商,,,1110904,土地5建物1車位1,八層,22,住宅大樓(11層含以上有電梯),住家用,鋼筋混凝土造,,164.34,4,1,2,有,無,14650000,95411,坡道平面,29.66,1800000,,RPRQMLOKRHHGFDC48CB,夢悅城,F棟03號
中山區,房地(土地+建物)+車位,基隆市中山區復興路261號之對面,12.45,商,,,1110828,土地5建物1車位1,九層,22,住宅大樓(11層含以上有電梯),住家用,鋼筋混凝土造,,110.71,2,1,1,有,無,9120000,93399,坡道平面,29.66,1550000,,RPSQMLOKRHHGFDC58CB,夢悅城,B棟07號
中山區,房地(土地+建物)+車位,基隆市中山區復興路261號之對面,12.45,商,,,1110905,土地5建物1車位1,十二層,22,住宅大樓(11層含以上有電梯),住家用,鋼筋混凝土造,,110.71,2,1,1,有,無,9070000,92782,坡道平面,29.66,1550000,,RPTQMLOKRHHGFDC68CB,夢悅城,A棟07號
中山區,房地(土地+建物)+車位,基隆市中山區復興路261號之對面,18.88,商,,,1110830,土地5建物1車位1,十一層,22,住宅大樓(11層含以上有電梯),住家用,鋼筋混凝土造,,152.53,3,1,2,有,無,12660000,88793,坡道平面,29.66,1750000,,RPUQMLOKRHHGFDC78CB,夢悅城,G棟10號
中山區,房地(土地+建物)+車位,基隆市中山區復興路261號之對面,15.73,商,,,1110831,土地5建物1車位1,五層,22,住宅大樓(11層含以上有電梯),住家用,鋼筋混凝土造,,131.66,3,1,2,有,無,11200000,94608,坡道平面,29.66,1550000,,RPVQMLOKRHHGFDC88CB,夢悅城,B棟01號
中山區,房地(土地+建物)+車位,基隆市中山區復興路261號之對面,18.22,商,,,1110826,土地5建物1車位1,二十一層,22,住宅大樓(11層含以上有電梯),住家用,鋼筋混凝土造,,147.79,3,1,2,有,無,13430000,98874,坡道平面,29.66,1750000,,RPWQMLOKRHHGFDC98CB,夢悅城,D棟01號
中山區,房地(土地+建物)+車位,基隆市中山區復興路261號之對面,12.58,商,,,1110828,土地5建物1車位1,七層,22,住宅大樓(11層含以上有電梯),住家用,鋼筋混凝土造,,110.82,2,1,1,有,無,9060000,91301,坡道平面,29.66,1650000,,RPXQMLOKRHHGFDC09CB,夢悅城,A棟07號
中山區,房地(土地+建物)+車位,基隆市中山區復興路261號之對面,13.11,商,,,1110903,土地5建物1車位1,七層,22,住宅大樓(11層含以上有電梯),住家用,鋼筋混凝土造,,114.67,2,1,1,有,無,9620000,94342,坡道平面,29.66,1600000,,RPORMLOKRHHGFDC28CB,夢悅城,G棟05號
中山區,房地(土地+建物)+車位,基隆市中山區復興路261號之對面,12.58,商,,,1110831,土地5建物1車位1,五層,22,住宅大樓(11層含以上有電梯),住家用,鋼筋混凝土造,,110.82,2,1,1,有,無,9080000,92164,坡道平面,29.66,1600000,,RPPRMLOKRHHGFDC38CB,夢悅城,B棟07號
中山區,房地(土地+建物)+車位,基隆市中山區復興路261號之對面,21.37,商,,,1110831,土地5建物1車位1,二十二層,22,住宅大樓(11層含以上有電梯),住家用,鋼筋混凝土造,,168.54,4,1,2,有,無,15610000,99078,坡道平面,29.66,1850000,,RPQRMLOKRHHGFDC48CB,夢悅城,D棟03號
中山區,房地(土地+建物)+車位,基隆市中山區復興路261號之對面,15.6,商,,,1110826,土地5建物1車位1,十二層,22,住宅大樓(11層含以上有電梯),住家用,鋼筋混凝土造,,131.31,3,1,2,有,無,11510000,97491,坡道平面,29.66,1600000,,RPRRMLOKRHHGFDC58CB,夢悅城,A棟01號
中山區,房地(土地+建物)+車位,基隆市中山區復興路261號之對面,12.32,商,,,1110828,土地5建物1車位1,四層,22,住宅大樓(11層含以上有電梯),住家用,鋼筋混凝土造,,109.28,2,1,1,有,無,9090000,92816,坡道平面,29.66,1700000,,RPSRMLOKRHHGFDC68CB,夢悅城,A棟07號
中山區,房地(土地+建物)+車位,基隆市中山區復興路261號之對面,12.45,商,,,1110828,土地5建物1車位1,四層,22,住宅大樓(11層含以上有電梯),住家用,鋼筋混凝土造,,110.45,2,1,1,有,無,9360000,94195,坡道平面,29.66,1750000,,RPTRMLOKRHHGFDC78CB,夢悅城,C棟07號
中正區,房地(土地+建物)+車位,基隆市中正區新豐街,26.07,住,,,1110820,土地7建物1車位1,六層,13,住宅大樓(11層含以上有電梯),住家用,鋼筋混凝土造,,137.82,2,2,1,有,無,9300000,84482,坡道平面,41.35,1150000,,RPPNMLQKRHHGFDC18CB,海豔,B1棟6號
信義區,房地(土地+建物)+車位,基隆市信義區東峰街55巷對面,66.41,住,,,1110828,土地1建物1車位2,五層,7,華廈(10層含以下有電梯),住家用,鋼筋混凝土造,,257.56,3,2,3,有,無,15000000,65260,坡道平面,73.68,3000000,,RPQNMLTKRHHGFDC58CB,田園調布2-B1區,D棟D1-5~7F號
中正區,房地(土地+建物)+車位,基隆市中正區和豐街,22.9,住,,,1110907,土地2建物1車位1,四層,11,住宅大樓(11層含以上有電梯),住家用,鋼筋混凝土造,,119.23,2,2,1,有,無,7900000,75089,坡道平面,32.0,1350000,,RPRNMLTKRHHGFDC68CB,台北雪梨灣,D棟3-4號
中正區,房地(土地+建物)+車位,基隆市中正區和豐街,18.95,住,,,1110918,土地2建物1車位2,三層,11,住宅大樓(11層含以上有電梯),住家用,鋼筋混凝土造,,99.48,1,1,1,有,無,5950000,67907,坡道機械,31.74,1350000,,RPSNMLTKRHHGFDC78CB,台北雪梨灣,D棟6-3號
中正區,房地(土地+建物)+車位,基隆市中正區信五路,12.57,商,,,1110923,土地1建物1車位1,四層,13,住宅大樓(11層含以上有電梯),住商用,鋼筋混凝土造,,81.83,2,2,1,有,無,11630000,123960,塔式車位,2.53,1800000,,RPPNMLRLRHHGFDC48DB,橙品32,A棟0號
中正區,房地(土地+建物),基隆市中正區中正路,49.36,住,,,1110926,土地1建物1車位0,四層,9,華廈(10層含以下有電梯),住家用,鋼筋混凝土造,,186.69,4,2,2,有,無,18000000,96417,,0.0,0,,RPQNMLRLRHHGFDC58DB,御景硯,B1棟4號
中正區,房地(土地+建物)+車位,基隆市中正區新豐街,26.07,住,,,1110831,土地7建物1車位1,五層,14,住宅大樓(11層含以上有電梯),住家用,鋼筋混凝土造,,130.86,2,2,1,有,無,9050000,84052,坡道平面,38.06,1250000,,RPPNMLSLRHHGFDC48CB,海豔,A4棟5號
中正區,房地(土地+建物)+車位,基隆市中正區新豐街,43.46,住,,,1110901,土地7建物1車位1,九層,14,住宅大樓(11層含以上有電梯),住家用,鋼筋混凝土造,,196.37,3,2,2,有,無,14700000,86440,坡道平面,41.35,1300000,,RPQNMLSLRHHGFDC58CB,海豔,A3棟9號
中山區,房地(土地+建物)+車位,基隆市中山區復興路204號之附近,34.74,住,,,1110912,土地1建物1車位1,二層,8,華廈(10層含以下有電梯),住家用,鋼筋混凝土造,,161.14,3,1,2,有,無,13630000,97516,坡道平面,36.75,1500000,,RPPNMLTLRHHGFDC58CB,新橫濱-上野區,B棟01號
中山區,房地(土地+建物)+車位,基隆市中山區復興路261號之對面,21.01,商,,,1110915,土地1建物1車位1,四層,15,住宅大樓(11層含以上有電梯),住家用,鋼筋混凝土造,,164.84,4,1,2,有,無,14480000,94263,坡道平面,27.14,1500000,,RPQNMLTLRHHGFDC68CB,新橫濱-星野區,H棟03號
中山區,房地(土地+建物)+車位,基隆市中山區復興路204號之附近,29.24,住,,,1110909,土地1建物1車位1,二層,8,華廈(10層含以下有電梯),住家用,鋼筋混凝土造,,122.93,3,1,2,有,無,11100000,97083,坡道機械,18.38,950000,,RPRNMLTLRHHGFDC78CB,新橫濱-上野區,B棟02號
中山區,房地(土地+建物)+車位,基隆市中山區復興路204號之附近,38.16,住,,,1110913,土地1建物1車位1,六層,8,華廈(10層含以下有電梯),住家用,鋼筋混凝土造,,173.53,4,1,2,有,無,14270000,92631,坡道平面,36.75,1600000,,RPSNMLTLRHHGFDC88CB,新橫濱-上野區,C棟03號
中山區,房地(土地+建物),基隆市中山區復興路261號之對面,12.66,商,,,1110922,土地1建物1車位0,十一層,15,住宅大樓(11層含以上有電梯),住家用,鋼筋混凝土造,,83.48,2,1,1,有,無,7980000,95592,,0.0,0,,RPTNMLTLRHHGFDC98CB,新橫濱-星野區,D棟09號
中山區,房地(土地+建物),基隆市中山區復興路261號之對面,12.66,商,,,1110919,土地1建物1車位0,十三層,15,住宅大樓(11層含以上有電梯),住家用,鋼筋混凝土造,,83.48,2,1,1,有,無,8200000,98227,,0.0,0,,RPUNMLTLRHHGFDC09CB,新橫濱-星野區,B棟09號
中山區,房地(土地+建物)+車位,基隆市中山區復興路261號之對面,12.66,商,,,1110914,土地1建物1車位1,十二層,15,住宅大樓(11層含以上有電梯),住家用,鋼筋混凝土造,,110.62,2,1,1,有,無,10030000,99784,坡道平面,27.14,1700000,,RPVNMLTLRHHGFDC56CB,新橫濱-星野區,F棟09號
中山區,房地(土地+建物)+車位,基隆市中山區復興路261號之對面,12.66,商,,,1110923,土地1建物1車位1,十層,15,住宅大樓(11層含以上有電梯),住家用,鋼筋混凝土造,,110.62,2,1,1,有,無,10430000,102180,坡道平面,27.14,1900000,,RPWNMLTLRHHGFDC66CB,新橫濱-星野區,G棟09號
中山區,房地(土地+建物)+車位,基隆市中山區復興路261號之對面,12.79,商,,,1110919,土地1建物1車位1,五層,15,住宅大樓(11層含以上有電梯),住家用,鋼筋混凝土造,,111.03,2,1,1,有,無,9820000,100370,坡道平面,27.14,1400000,,RPXNMLTLRHHGFDC76CB,新橫濱-星野區,H棟09號
中山區,房地(土地+建物)+車位,基隆市中山區復興路261號之對面,12.66,商,,,1110920,土地1建物1車位1,十一層,15,住宅大樓(11層含以上有電梯),住家用,鋼筋混凝土造,,110.62,2,1,1,有,無,9500000,97029,坡道平面,27.14,1400000,,RPOOMLTLRHHGFDC58CB,新橫濱-星野區,B棟09號
中山區,房地(土地+建物)+車位,基隆市中山區復興路261號之對面,13.11,商,,,1110909,土地5建物1車位1,二十層,22,住宅大樓(11層含以上有電梯),住家用,鋼筋混凝土造,,114.97,2,1,1,有,無,10770000,104560,坡道平面,29.66,1850000,,RPPOMLTLRHHGFDC68CB,夢悅城,D棟02號
中山區,房地(土地+建物)+車位,基隆市中山區復興路261號之對面,12.32,商,,,1110906,土地5建物1車位1,四層,22,住宅大樓(11層含以上有電梯),住家用,鋼筋混凝土造,,109.28,2,1,1,有,無,9070000,94449,坡道平面,29.66,1550000,,RPQOMLTLRHHGFDC78CB,夢悅城,B棟07號
中山區,房地(土地+建物)+車位,基隆市中山區復興路261號之對面,18.22,商,,,1110909,土地5建物1車位1,十四層,22,住宅大樓(11層含以上有電梯),住家用,鋼筋混凝土造,,147.84,3,1,2,有,無,13050000,96040,坡道平面,29.66,1700000,,RPROMLTLRHHGFDC88CB,夢悅城,D棟01號
中山區,房地(土地+建物)+車位,基隆市中山區復興路261號之對面,18.22,商,,,1110909,土地5建物1車位1,十九層,22,住宅大樓(11層含以上有電梯),住家用,鋼筋混凝土造,,147.79,3,1,2,有,無,13150000,98197,坡道平面,29.66,1550000,,RPSOMLTLRHHGFDC98CB,夢悅城,D棟01號
中山區,房地(土地+建物)+車位,基隆市中山區復興路261號之對面,18.22,商,,,1110912,土地5建物1車位1,十一層,22,住宅大樓(11層含以上有電梯),住家用,鋼筋混凝土造,,148.0,3,1,2,有,無,12380000,89403,坡道平面,29.66,1800000,,RPTOMLTLRHHGFDC09CB,夢悅城,F棟05號
中山區,房地(土地+建物)+車位,基隆市中山區復興路261號之對面,20.71,商,,,1110912,土地5建物1車位1,六層,22,住宅大樓(11層含以上有電梯),住家用,鋼筋混凝土造,,164.24,4,1,2,有,無,14500000,93996,坡道平面,29.66,1850000,,RPUOMLTLRHHGFDC56CB,夢悅城,G棟02號
中山區,房地(土地+建物)+車位,基隆市中山區復興路261號之對面,13.24,商,,,1110913,土地5建物1車位1,四層,22,住宅大樓(11層含以上有電梯),住家用,鋼筋混凝土造,,116.08,2,1,1,有,無,9830000,94654,坡道平面,29.66,1650000,,RPVOMLTLRHHGFDC66CB,夢悅城,D棟06號
中山區,房地(土地+建物)+車位,基隆市中山區復興路261號之對面,21.37,商,,,1110909,土地5建物1車位1,十四層,22,住宅大樓(11層含以上有電梯),住家用,鋼筋混凝土造,,168.69,4,1,2,有,無,15070000,96166,坡道平面,29.66,1700000,,RPWOMLTLRHHGFDC76CB,夢悅城,D棟03號
中山區,房地(土地+建物)+車位,基隆市中山區復興路261號之對面,21.37,商,,,1110909,土地5建物1車位2,十九層,22,住宅大樓(11層含以上有電梯),住家用,鋼筋混凝土造,,198.2,4,1,2,有,無,16950000,98286,坡道平面,59.32,3300000,,RPXOMLTLRHHGFDC86CB,夢悅城,D棟03號
中山區,房地(土地+建物)+車位,基隆市中山區復興路261號之對面,13.11,商,,,1110909,土地5建物1車位1,十四層,22,住宅大樓(11層含以上有電梯),住家用,鋼筋混凝土造,,115.06,2,1,1,有,無,10400000,101874,坡道平面,29.66,1700000,,RPOPMLTLRHHGFDC68CB,夢悅城,D棟02號
中山區,房地(土地+建物)+車位,基隆市中山區復興路261號之對面,12.72,商,,,1110910,土地5建物1車位1,二層,22,住宅大樓(11層含以上有電梯),住家用,鋼筋混凝土造,,112.91,2,1,1,有,無,9370000,93934,坡道平面,29.66,1550000,,RPPPMLTLRHHGFDC78CB,夢悅城,F棟06號
中山區,房地(土地+建物)+車位,基隆市中山區復興路261號之對面,12.45,商,,,1110909,土地5建物1車位1,四層,22,住宅大樓(11層含以上有電梯),住家用,鋼筋混凝土造,,110.4,2,1,1,有,無,9120000,94377,坡道平面,29.66,1500000,,RPQPMLTLRHHGFDC88CB,夢悅城,B棟06號
中山區,房地(土地+建物)+車位,基隆市中山區復興路261號之對面,13.24,商,,,1110909,土地5建物1車位1,十層,22,住宅大樓(11層含以上有電梯),住家用,鋼筋混凝土造,,116.07,2,1,1,有,無,10000000,97558,坡道平面,29.66,1570000,,RPRPMLTLRHHGFDC98CB,夢悅城,F棟09號
中山區,房地(土地+建物)+車位,基隆市中山區復興路261號之對面,15.73,商,,,1110909,土地5建物1車位1,五層,22,住宅大樓(11層含以上有電梯),住家用,鋼筋混凝土造,,131.51,3,1,2,有,無,11130000,94551,坡道平面,29.66,1500000,,RPSPMLTLRHHGFDC09CB,夢悅城,A棟01號
中山區,房地(土地+建物),基隆市中山區復興路261號之對面,12.72,商,,,1110909,土地5建物1車位0,五層,22,住宅大樓(11層含以上有電梯),住家用,鋼筋混凝土造,,82.31,2,1,1,有,無,7590000,92212,,0.0,0,,RPTPMLTLRHHGFDC56CB,夢悅城,C棟06號
中山區,房地(土地+建物)+車位,基隆市中山區復興路261號之對面,13.11,商,,,1110909,土地5建物1車位1,十九層,22,住宅大樓(11層含以上有電梯),住家用,鋼筋混凝土造,,114.97,2,1,1,有,無,10750000,104325,坡道平面,29.66,1850000,,RPUPMLTLRHHGFDC66CB,夢悅城,D棟02號
中山區,房地(土地+建物)+車位,基隆市中山區復興路261號之對面,18.09,商,,,1110908,土地5建物1車位1,五層,22,住宅大樓(11層含以上有電梯),住家用,鋼筋混凝土造,,146.71,3,1,2,有,無,11800000,87569,坡道平面,29.66,1550000,,RPVPMLTLRHHGFDC76CB,夢悅城,B棟05號
中山區,房地(土地+建物)+車位,基隆市中山區復興路261號之對面,12.72,商,,,1110914,土地5建物1車位1,三層,22,住宅大樓(11層含以上有電梯),住家用,鋼筋混凝土造,,111.97,2,1,1,有,無,9190000,91605,坡道平面,29.66,1650000,,RPWPMLTLRHHGFDC86CB,夢悅城,F棟06號
中山區,房地(土地+建物)+車位,基隆市中山區復興路261號之對面,21.63,商,,,1110909,土地5建物1車位1,十一層,22,住宅大樓(11層含以上有電梯),住家用,鋼筋混凝土造,,170.15,4,1,2,有,無,15130000,95238,坡道平面,29.66,1750000,,RPXPMLTLRHHGFDC96CB,夢悅城,D棟03號
中山區,房地(土地+建物)+車位,基隆市中山區復興路261號之對面,20.71,商,,,1110906,土地5建物1車位1,七層,22,住宅大樓(11層含以上有電梯),住家用,鋼筋混凝土造,,164.47,4,1,2,有,無,14000000,90572,坡道平面,29.66,1790000,,RPOQMLTLRHHGFDC78CB,夢悅城,C棟03號
信義區,房地(土地+建物)+車位,基隆市信義區東峰街55巷對面,60.83,住,,,1111002,土地1建物1車位1,五層,7,華廈(10層含以下有電梯),住家用,鋼筋混凝土造,,220.72,3,2,3,有,無,13000000,65260,升降平面,36.84,1000000,,RPPNMLNJIIHGFDC96CB,田園調布2-B1區,A棟A1-5~7F號
信義區,房地(土地+建物)+車位,基隆市信義區東峰街55巷對面,54.69,住,,,1111002,土地1建物1車位1,一層,7,華廈(10層含以下有電梯),住家用,鋼筋混凝土造,,200.34,3,2,3,有,無,13880000,73884,坡道平面,36.84,1800000,,RPQNMLNJIIHGFDC07CB,田園調布2-B1區,B棟B8-1+2F號
中正區,房地(土地+建物)+車位,基隆市中正區新豐街,26.07,住,,,1110910,土地7建物1車位1,五層,9,住宅大樓(11層含以上有電梯),住家用,鋼筋混凝土造,,136.91,2,2,1,有,無,9700000,87903,坡道平面,41.35,1300000,,RPPNMLRJIIHGFDC37CB,海豔,F1棟5號
中正區,房地(土地+建物)+車位,基隆市中正區新豐街,21.11,住,,,1110909,土地7建物1車位1,六層,8,住宅大樓(11層含以上有電梯),住家用,鋼筋混凝土造,,122.56,1,2,1,有,無,8100000,89689,坡道平面,45.07,1150000,,RPQNMLRJIIHGFDC47CB,海豔,D3棟6號
中正區,房地(土地+建物)+車位,基隆市中正區新豐街,21.11,住,,,1110920,土地7建物1車位1,四層,8,住宅大樓(11層含以上有電梯),住家用,鋼筋混凝土造,,118.84,1,2,1,有,無,7770000,84140,坡道平面,41.35,1250000,,RPRNMLRJIIHGFDC57CB,海豔,D3棟4號
中正區,房地(土地+建物)+車位,基隆市中正區新豐街,26.07,住,,,1110923,土地7建物1車位1,五層,8,住宅大樓(11層含以上有電梯),住家用,鋼筋混凝土造,,137.0,2,2,1,有,無,9340000,83534,坡道平面,41.35,1350000,,RPSNMLRJIIHGFDC67CB,海豔,D1棟5號
中正區,房地(土地+建物)+車位,基隆市中正區調和街266巷,79.61,住,,,1110920,土地3建物1車位1,全,3,透天厝,住家用,鋼筋混凝土造,,170.41,4,2,2,有,無,11830000,69311,坡道平面,20.65,1450000,,RPPNMLSJIIHGFDC57DB,僑家大院,I棟8號
中正區,房地(土地+建物)+車位,基隆市中正區調和街266巷,79.61,住,,,1110924,土地3建物1車位1,全,3,透天厝,住家用,鋼筋混凝土造,,170.41,3,2,2,有,無,11880000,69311,坡道平面,20.65,1500000,,RPQNMLSJIIHGFDC67DB,僑家大院,J棟7號
中山區,房地(土地+建物)+車位,基隆市中山區復興路204號之附近,29.08,住,,,1111001,土地1建物1車位1,四層,8,華廈(10層含以下有電梯),住家用,鋼筋混凝土造,,141.04,3,1,2,有,無,11500000,97804,坡道平面,36.75,1300000,,RPPNMLKKIIHGFDC76CB,新橫濱-上野區,D棟02號
中山區,房地(土地+建物)+車位,基隆市中山區復興路204號之附近,38.16,住,,,1110928,土地1建物1車位1,七層,8,華廈(10層含以下有電梯),住家用,鋼筋混凝土造,,173.53,4,1,2,有,無,14260000,92923,坡道平面,36.75,1550000,,RPQNMLKKIIHGFDC86CB,新橫濱-上野區,C棟03號
中山區,房地(土地+建物)+車位,基隆市中山區復興路261號之對面,12.4,商,,,1111002,土地1建物1車位1,十三層,15,住宅大樓(11層含以上有電梯),住家用,鋼筋混凝土造,,108.35,2,1,1,有,無,9890000,102081,坡道平面,27.14,1600000,,RPRNMLKKIIHGFDC96CB,新橫濱-星野區,G棟02號
中山區,房地(土地+建物)+車位,基隆市中山區復興路261號之對面,12.4,商,,,1110928,土地1建物1車位1,十四層,15,住宅大樓(11層含以上有電梯),住家用,鋼筋混凝土造,,108.35,2,1,1,有,無,9950000,102820,坡道平面,27.14,1600000,,RPSNMLKKIIHGFDC07CB,新橫濱-星野區,G棟02號
中山區,房地(土地+建物),基隆市中山區復興路261號之對面,12.66,商,,,1111002,土地1建物1車位0,十三層,15,住宅大樓(11層含以上有電梯),住家用,鋼筋混凝土造,,83.48,2,1,1,有,無,8300000,99425,,0.0,0,,RPTNMLKKIIHGFDC17CB,新橫濱-星野區,E棟09號
信義區,房地(土地+建物)+車位,基隆市信義區東峰街55巷對面,66.41,住,,,1111005,土地1建物1車位2,五層,7,華廈(10層含以下有電梯),住家用,鋼筋混凝土造,,258.11,3,2,3,有,無,13800000,63981,升降平面,73.68,2000000,,RPPNMLLKIIHGFDC86CB,田園調布2-B1區,A棟A6-5~7F號
中正區,房地(土地+建物)+車位,基隆市中正區信五路,22.74,商,,,1111008,土地1建物1車位1,六層,13,住宅大樓(11層含以上有電梯),住商用,鋼筋混凝土造,,146.08,3,2,2,有,無,19980000,126646,塔式車位,2.53,1800000,,RPPNMLLKIIHGFDC96DB,橙品32,B棟0號
中正區,房地(土地+建物)+車位,基隆市中正區調和街266巷,79.61,住,,,1111007,土地3建物1車位1,全,3,透天厝,住家用,鋼筋混凝土造,,170.41,4,2,2,有,無,11830000,68643,坡道平面,20.65,1550000,,RPPNMLMKIIHGFDC07DB,僑家大院,I棟4號
七堵區,房地(土地+建物),基隆市七堵區大華一路57巷17號旁,22.45,住,,,1110913,土地2建物1車位0,六層,7,華廈(10層含以下有電梯),住家用,鋼筋混凝土造,,70.8,2,2,1,有,無,6700000,94633,,0.0,0,,RPRNMLMKIIHGFDC27DB,河畔御景,A6棟6樓號
七堵區,房地(土地+建物)+車位,基隆市七堵區大華一路57巷17號旁,22.45,住,,,1110913,土地2建物1車位1,五層,7,華廈(10層含以下有電梯),住家用,鋼筋混凝土造,,106.26,2,2,1,有,無,8000000,90395,坡道平面,35.46,1600000,,RPTNMLMKIIHGFDC47DB,河畔御景,A6棟5樓號
七堵區,房地(土地+建物)+車位,基隆市七堵區大華一路57巷17號旁,24.13,住,,,1110914,土地2建物1車位1,六層,7,華廈(10層含以下有電梯),住家用,鋼筋混凝土造,,109.01,2,2,1,有,無,8470000,93885,坡道平面,32.64,1300000,,RPUNMLMKIIHGFDC57DB,河畔御景,A5棟6樓號
信義區,房地(土地+建物)+車位,基隆市信義區東峰街55巷對面,54.69,住,,,1111011,土地1建物1車位1,一層,7,華廈(10層含以下有電梯),住家用,鋼筋混凝土造,,200.34,3,2,3,有,無,13000000,73394,升降平面,36.84,1000000,,RPPNMLMKIIHGFDC96CB,田園調布2-B1區,A棟A5-1+2F號
中山區,房地(土地+建物)+車位,基隆市中山區復興路261號之對面,18.22,商,,,1110930,土地1建物1車位1,五層,22,住宅大樓(11層含以上有電梯),住家用,鋼筋混凝土造,,148.16,3,1,2,有,無,12030000,87595,坡道平面,29.66,1650000,,RPPNMLNKIIHGFDC07CB,夢悅城,F棟05號
中山區,房地(土地+建物)+車位,基隆市中山區復興路261號之對面,18.61,商,,,1111001,土地1建物1車位1,二十一層,22,住宅大樓(11層含以上有電梯),住家用,鋼筋混凝土造,,150.52,3,1,2,有,無,13920000,100281,坡道平面,29.66,1800000,,RPQNMLNKIIHGFDC17CB,夢悅城,D棟05號
中山區,房地(土地+建物)+車位,基隆市中山區復興路261號之對面,13.11,商,,,1110919,土地1建物1車位1,二十二層,22,住宅大樓(11層含以上有電梯),住家用,鋼筋混凝土造,,114.97,2,1,1,有,無,10670000,105146,坡道平面,29.66,1700000,,RPRNMLNKIIHGFDC27CB,夢悅城,D棟02號
中山區,房地(土地+建物)+車位,基隆市中山區復興路261號之對面,12.45,商,,,1110920,土地1建物1車位1,十三層,22,住宅大樓(11層含以上有電梯),住家用,鋼筋混凝土造,,110.71,2,1,1,有,無,9190000,93029,坡道平面,29.66,1650000,,RPSNMLNKIIHGFDC37CB,夢悅城,A棟07號
中山區,房地(土地+建物)+車位,基隆市中山區復興路261號之對面,16.39,商,,,1110923,土地1建物1車位1,十二層,22,住宅大樓(11層含以上有電梯),住家用,鋼筋混凝土造,,135.75,3,1,2,有,無,12100000,97559,坡道平面,29.66,1750000,,RPTNMLNKIIHGFDC47CB,夢悅城,C棟01號
中山區,房地(土地+建物)+車位,基隆市中山區復興路261號之對面,13.11,商,,,1110920,土地1建物1車位1,二十一層,22,住宅大樓(11層含以上有電梯),住家用,鋼筋混凝土造,,114.97,2,1,1,有,無,10700000,104911,坡道平面,29.66,1750000,,RPUNMLNKIIHGFDC57CB,夢悅城,D棟02號
中山區,房地(土地+建物)+車位,基隆市中山區復興路261號之對面,18.09,商,,,1110930,土地1建物1車位1,九層,22,住宅大樓(11層含以上有電梯),住家用,鋼筋混凝土造,,146.71,3,1,2,有,無,11990000,88765,坡道平面,29.66,1600000,,RPVNMLNKIIHGFDC67CB,夢悅城,B棟05號
中山區,房地(土地+建物)+車位,基隆市中山區復興路261號之對面,12.85,商,,,1110925,土地1建物1車位1,十一層,22,住宅大樓(11層含以上有電梯),住家用,鋼筋混凝土造,,113.24,2,1,1,有,無,9680000,97870,坡道平面,29.66,1500000,,RPWNMLNKIIHGFDC77CB,夢悅城,B棟09號
中山區,房地(土地+建物),基隆市中山區復興路261號之對面,12.58,商,,,1110927,土地1建物1車位0,六層,22,住宅大樓(11層含以上有電梯),住家用,鋼筋混凝土造,,81.16,2,1,1,有,無,7380000,90931,,0.0,0,,RPXNMLNKIIHGFDC87CB,夢悅城,A棟07號
中山區,房地(土地+建物)+車位,基隆市中山區復興路261號之對面,18.22,商,,,1110915,土地1建物1車位1,十七層,22,住宅大樓(11層含以上有電梯),住家用,鋼筋混凝土造,,147.79,3,1,2,有,無,13230000,97604,坡道平面,29.66,1700000,,RPOOMLNKIIHGFDC07CB,夢悅城,D棟01號
中山區,房地(土地+建物)+車位,基隆市中山區復興路261號之對面,12.72,商,,,1110915,土地1建物1車位1,五層,22,住宅大樓(11層含以上有電梯),住家用,鋼筋混凝土造,,96.76,2,1,1,有,無,8650000,92469,坡道機械,14.57,1050000,,RPPOMLNKIIHGFDC17CB,夢悅城,B棟06號
中山區,房地(土地+建物)+車位,基隆市中山區復興路261號之對面,13.11,商,,,1110918,土地1建物1車位1,十五層,22,住宅大樓(11層含以上有電梯),住家用,鋼筋混凝土造,,115.06,2,1,1,有,無,10420000,102108,坡道平面,29.66,1700000,,RPQOMLNKIIHGFDC27CB,夢悅城,D棟02號
中山區,房地(土地+建物)+車位,基隆市中山區復興路261號之對面,18.61,商,,,1110915,土地1建物1車位1,九層,22,住宅大樓(11層含以上有電梯),住家用,鋼筋混凝土造,,150.65,3,1,2,有,無,12400000,88850,坡道平面,29.66,1650000,,RPROMLNKIIHGFDC37CB,夢悅城,G棟08號
中山區,房地(土地+建物)+車位,基隆市中山區復興路261號之對面,19.01,商,,,1111002,土地1建物1車位2,八層,22,住宅大樓(11層含以上有電梯),住家用,鋼筋混凝土造,,182.98,3,1,2,有,無,14570000,87902,坡道平面,59.32,3700000,,RPSOMLNKIIHGFDC47CB,夢悅城,G棟10號
中山區,房地(土地+建物)+車位,基隆市中山區復興路261號之對面,21.24,商,,,1111002,土地1建物1車位1,八層,22,住宅大樓(11層含以上有電梯),住家用,鋼筋混凝土造,,167.31,4,1,2,有,無,13500000,86378,坡道平面,29.66,1610000,,RPTOMLNKIIHGFDC57CB,夢悅城,A棟03號
中山區,房地(土地+建物)+車位,基隆市中山區復興路261號之對面,13.11,商,,,1110925,土地1建物1車位1,十六層,22,住宅大樓(11層含以上有電梯),住家用,鋼筋混凝土造,,114.97,2,1,1,有,無,10370000,103388,坡道平面,29.66,1550000,,RPUOMLNKIIHGFDC67CB,夢悅城,D棟02號
中山區,房地(土地+建物)+車位,基隆市中山區復興路261號之對面,13.24,商,,,1110925,土地1建物1車位1,二十層,22,住宅大樓(11層含以上有電梯),住家用,鋼筋混凝土造,,115.18,2,1,1,有,無,10450000,101731,坡道平面,29.66,1750000,,RPVOMLNKIIHGFDC77CB,夢悅城,D棟09號
中山區,房地(土地+建物)+車位,基隆市中山區復興路261號之對面,19.01,商,,,1111001,土地1建物1車位1,五層,22,住宅大樓(11層含以上有電梯),住家用,鋼筋混凝土造,,153.32,3,1,2,有,無,12290000,86042,坡道平面,29.66,1650000,,RPWOMLNKIIHGFDC87CB,夢悅城,G棟10號
中山區,房地(土地+建物)+車位,基隆市中山區復興路261號之對面,12.45,商,,,1111002,土地1建物1車位1,二層,22,住宅大樓(11層含以上有電梯),住家用,鋼筋混凝土造,,110.45,2,1,1,有,無,9250000,94071,坡道平面,29.66,1650000,,RPXOMLNKIIHGFDC97CB,夢悅城,F棟07號
中山區,房地(土地+建物)+車位,基隆市中山區復興路261號之對面,20.71,商,,,1110930,土地1建物1車位1,五層,22,住宅大樓(11層含以上有電梯),住家用,鋼筋混凝土造,,164.24,4,1,2,有,無,14400000,93625,坡道平面,29.66,1800000,,RPOPMLNKIIHGFDC17CB,夢悅城,G棟02號
中山區,房地(土地+建物)+車位,基隆市中山區復興路261號之對面,18.88,商,,,1110923,土地1建物1車位1,九層,22,住宅大樓(11層含以上有電梯),住家用,鋼筋混凝土造,,152.53,3,1,2,有,無,12490000,88223,坡道平面,29.66,1650000,,RPPPMLNKIIHGFDC27CB,夢悅城,G棟10號
中山區,房地(土地+建物)+車位,基隆市中山區復興路261號之對面,18.22,商,,,1110928,土地1建物1車位1,九層,22,住宅大樓(11層含以上有電梯),住家用,鋼筋混凝土造,,147.84,3,1,2,有,無,12690000,94263,坡道平面,29.66,1550000,,RPQPMLNKIIHGFDC37CB,夢悅城,D棟01號
中山區,房地(土地+建物),基隆市中山區復興路261號之對面,31.85,商,,,1110923,土地1建物1車位0,一層,22,住宅大樓(11層含以上有電梯),商業用,鋼筋混凝土造,,207.48,0,0,0,無,無,18545100,89383,,0.0,0,交易總價含下列非屬預售屋價格之費用:合建案建商與地主間之交易；,RPRPMLNKIIHGFDC47CB,夢悅城,S棟18號
中山區,房地(土地+建物)+車位,基隆市中山區復興路261號之對面,13.24,商,,,1110930,土地1建物1車位1,九層,22,住宅大樓(11層含以上有電梯),住家用,鋼筋混凝土造,,115.91,2,1,1,有,無,9990000,95536,坡道平面,29.66,1750000,,RPSPMLNKIIHGFDC57CB,夢悅城,C棟08號
七堵區,房地(土地+建物)+車位,基隆市七堵區長安街239巷,21.61,,鄉村區,乙種建築用地,1111005,土地1建物1車位1,七層,7,華廈(10層含以下有電梯),住家用,鋼筋混凝土造,,124.4,2,2,2,有,無,8380000,79703,坡道平面,38.08,1500000,,RPPNMLOKIIHGFDC27DB,公園樂,A1棟0號
七堵區,房地(土地+建物),基隆市七堵區長安街239巷,13.72,,鄉村區,乙種建築用地,1111008,土地1建物1車位0,七層,7,華廈(10層含以下有電梯),住家用,鋼筋混凝土造,,54.8,2,1,1,有,無,4350000,79380,,0.0,0,,RPQNMLOKIIHGFDC37DB,公園樂,A2棟0號
七堵區,房地(土地+建物),基隆市七堵區長安街239巷,10.77,,鄉村區,乙種建築用地,1111008,土地1建物1車位0,四層,6,華廈(10層含以下有電梯),住家用,鋼筋混凝土造,,41.38,1,1,1,有,無,3070000,74190,,0.0,0,,RPRNMLOKIIHGFDC47DB,公園樂,C2棟0號
信義區,房地(土地+建物)+車位,基隆市信義區東峰街55巷對面,60.83,住,,,1111016,土地1建物1車位1,五層,7,華廈(10層含以下有電梯),住家用,鋼筋混凝土造,,221.27,3,2,3,有,無,13000000,65065,升降平面,36.84,1000000,,RPPNMLRKIIHGFDC47CB,田園調布2-B1區,A棟A2-5~7F號
中正區,房地(土地+建物)+車位,基隆市中正區和豐街,47.24,住,,,1110919,土地2建物1車位1,五層,11,住宅大樓(11層含以上有電梯),住家用,鋼筋混凝土造,,239.46,4,2,2,有,無,16910000,75002,坡道平面,32.0,1350000,,RPQNMLRKIIHGFDC57CB,台北雪梨灣,J棟2-5號
安樂區,房地(土地+建物),基隆市中山區中和路,23.18,住,,,1111005,土地1建物1車位0,二層,9,華廈(10層含以下有電梯),住家用,鋼筋混凝土造,,86.26,2,1,1,有,無,7570000,87758,,0.0,0,,RPPNMLSKIIHGFDC57CB,宏貿臻璽,A棟2-6F號
安樂區,房地(土地+建物)+車位,基隆市中山區中和路,24.97,住,,,1111015,土地1建物1車位1,三層,9,華廈(10層含以下有電梯),住家用,鋼筋混凝土造,,134.27,2,1,1,有,無,9800000,86225,坡道平面,41.49,1800000,,RPQNMLSKIIHGFDC67CB,宏貿臻璽,A棟3-4F號
信義區,房地(土地+建物)+車位,基隆市信義區東峰街55巷對面,54.69,住,,,1111020,土地1建物1車位1,一層,7,華廈(10層含以下有電梯),住家用,鋼筋混凝土造,,200.34,3,2,3,有,無,13580000,73884,坡道平面,36.84,1500000,,RPPNMLLLIIHGFDC96CB,田園調布2-B1區,C棟C7-1+2F號
中山區,房地(土地+建物)+車位,基隆市中山區復興路261號之對面,38.63,商,,,1111009,土地1建物1車位1,一層,15,住宅大樓(11層含以上有電梯),商業用,鋼筋混凝土造,,280.01,0,0,0,無,無,38300000,145134,坡道平面,27.14,1600000,,RPPNMLOLIIHGFDC27CB,新橫濱-星野區,S棟23號
中山區,房地(土地+建物)+車位,基隆市中山區復興路261號之對面,38.63,商,,,1111009,土地1建物1車位1,一層,15,住宅大樓(11層含以上有電梯),商業用,鋼筋混凝土造,,280.01,0,0,0,無,無,38300000,145134,坡道平面,27.14,1600000,,RPQNMLOLIIHGFDC37CB,新橫濱-星野區,S棟25號
中山區,房地(土地+建物)+車位,基隆市中山區復興路204號之附近,38.16,住,,,1111008,土地1建物1車位1,三層,8,華廈(10層含以下有電梯),住家用,鋼筋混凝土造,,173.53,4,1,2,有,無,14000000,91753,坡道平面,36.75,1450000,,RPRNMLOLIIHGFDC47CB,新橫濱-上野區,C棟03號
中山區,房地(土地+建物)+車位,基隆市中山區復興路261號之對面,12.66,商,,,1111007,土地1建物1車位1,十三層,15,住宅大樓(11層含以上有電梯),住家用,鋼筋混凝土造,,110.62,2,1,1,有,無,10510000,106732,坡道平面,27.14,1600000,交易總價含下列非屬預售屋價格之費用:含裝潢費；,RPSNMLOLIIHGFDC57CB,新橫濱-星野區,F棟09號
中山區,房地(土地+建物)+車位,基隆市中山區復興路261號之對面,21.4,商,,,1111008,土地1建物1車位1,二層,15,住宅大樓(11層含以上有電梯),住家用,鋼筋混凝土造,,167.47,4,1,2,有,無,15100000,95846,坡道平面,27.14,1650000,,RPTNMLOLIIHGFDC67CB,新橫濱-星野區,H棟03號
中山區,房地(土地+建物)+車位,基隆市中山區復興路261號之對面,12.66,商,,,1111006,土地1建物1車位1,十三層,15,住宅大樓(11層含以上有電梯),住家用,鋼筋混凝土造,,110.62,2,1,1,有,無,9620000,97868,坡道平面,27.14,1450000,,RPUNMLOLIIHGFDC77CB,新橫濱-星野區,A棟09號
中山區,房地(土地+建物)+車位,基隆市中山區復興路261號之對面,13.11,商,,,1111003,土地1建物1車位1,五層,22,住宅大樓(11層含以上有電梯),住家用,鋼筋混凝土造,,115.05,2,1,1,有,無,10600000,104228,坡道平面,29.66,1700000,,RPVNMLOLIIHGFDC87CB,夢悅城,E棟02號
中山區,房地(土地+建物)+車位,基隆市中山區復興路261號之對面,20.71,商,,,1111008,土地1建物1車位1,七層,22,住宅大樓(11層含以上有電梯),住家用,鋼筋混凝土造,,164.34,4,1,2,有,無,14460000,95114,坡道平面,29.66,1650000,,RPWNMLOLIIHGFDC97CB,夢悅城,F棟03號
中山區,房地(土地+建物)+車位,基隆市中山區復興路261號之對面,21.37,商,,,1111011,土地1建物1車位1,十七層,22,住宅大樓(11層含以上有電梯),住家用,鋼筋混凝土造,,168.54,4,1,2,有,無,15200000,97566,坡道平面,29.66,1650000,,RPXNMLOLIIHGFDC08CB,夢悅城,D棟03號
中山區,房地(土地+建物)+車位,基隆市中山區復興路261號之對面,18.09,商,,,1111012,土地1建物1車位1,六層,22,住宅大樓(11層含以上有電梯),住家用,鋼筋混凝土造,,146.71,3,1,2,有,無,12000000,87997,坡道平面,29.66,1700000,,RPOOMLOLIIHGFDC27CB,夢悅城,B棟05號
中山區,房地(土地+建物)+車位,基隆市中山區復興路261號之對面,21.24,商,,,1111007,土地1建物1車位1,三層,22,住宅大樓(11層含以上有電梯),住家用,鋼筋混凝土造,,167.54,4,1,2,有,無,13170000,83914,坡道平面,29.66,1600000,,RPPOMLOLIIHGFDC37CB,夢悅城,A棟03號
中山區,房地(土地+建物)+車位,基隆市中山區復興路261號之對面,13.11,商,,,1111007,土地1建物1車位1,二十一層,22,住宅大樓(11層含以上有電梯),住家用,鋼筋混凝土造,,114.95,2,1,1,有,無,11210000,110916,坡道平面,29.66,1750000,,RPQOMLOLIIHGFDC47CB,夢悅城,E棟02號
中山區,房地(土地+建物)+車位,基隆市中山區復興路261號之對面,13.37,商,,,1111006,土地1建物1車位1,十八層,22,住宅大樓(11層含以上有電梯),住家用,鋼筋混凝土造,,116.65,2,1,1,有,無,10230000,98057,坡道平面,29.66,1700000,,RPROMLOLIIHGFDC57CB,夢悅城,E棟08號
中山區,房地(土地+建物)+車位,基隆市中山區復興路261號之對面,21.37,商,,,1111008,土地1建物1車位1,十六層,22,住宅大樓(11層含以上有電梯),住家用,鋼筋混凝土造,,168.54,4,1,2,有,無,15150000,97206,坡道平面,29.66,1650000,,RPSOMLOLIIHGFDC67CB,夢悅城,D棟03號
中山區,房地(土地+建物)+車位,基隆市中山區復興路261號之對面,13.11,商,,,1111003,土地1建物1車位1,六層,22,住宅大樓(11層含以上有電梯),住家用,鋼筋混凝土造,,115.05,2,1,1,有,無,10670000,104462,坡道平面,29.66,1750000,,RPTOMLOLIIHGFDC77CB,夢悅城,E棟02號
中山區,房地(土地+建物)+車位,基隆市中山區復興路261號之對面,15.73,商,,,1111013,土地1建物1車位1,四層,22,住宅大樓(11層含以上有電梯),住家用,鋼筋混凝土造,,131.51,3,1,2,有,無,11200000,94747,坡道平面,29.66,1550000,,RPUOMLOLIIHGFDC87CB,夢悅城,A棟01號
中山區,房地(土地+建物)+車位,基隆市中山區復興路261號之對面,18.22,商,,,1111007,土地1建物1車位1,七層,22,住宅大樓(11層含以上有電梯),住家用,鋼筋混凝土造,,148.16,3,1,2,有,無,12100000,88186,坡道平面,29.66,1650000,,RPVOMLOLIIHGFDC97CB,夢悅城,F棟05號
中山區,房地(土地+建物)+車位,基隆市中山區復興路261號之對面,12.72,商,,,1111007,土地1建物1車位1,七層,22,住宅大樓(11層含以上有電梯),住家用,鋼筋混凝土造,,111.97,2,1,1,有,無,9300000,92941,坡道平面,29.66,1650000,,RPWOMLOLIIHGFDC08CB,夢悅城,F棟06號
中山區,房地(土地+建物)+車位,基隆市中山區復興路261號之對面,18.22,商,,,1111008,土地1建物1車位1,十層,22,住宅大樓(11層含以上有電梯),住家用,鋼筋混凝土造,,148.0,3,1,2,有,無,12300000,89150,坡道平面,29.66,1750000,,RPXOMLOLIIHGFDC18CB,夢悅城,F棟05號
中山區,房地(土地+建物),基隆市中山區復興路261號之對面,18.22,商,,,1111011,土地1建物1車位0,十三層,22,住宅大樓(11層含以上有電梯),住家用,鋼筋混凝土造,,118.34,3,1,2,有,無,10650000,89995,,0.0,0,,RPOPMLOLIIHGFDC37CB,夢悅城,F棟05號
中山區,房地(土地+建物)+車位,基隆市中山區復興路261號之對面,13.11,商,,,1111007,土地1建物1車位1,三層,22,住宅大樓(11層含以上有電梯),住家用,鋼筋混凝土造,,114.67,2,1,1,有,無,9610000,93048,坡道平面,29.66,1700000,,RPPPMLOLIIHGFDC47CB,夢悅城,G棟05號
中山區,房地(土地+建物)+車位,基隆市中山區復興路261號之對面,13.37,商,,,1111012,土地1建物1車位1,六層,22,住宅大樓(11層含以上有電梯),住家用,鋼筋混凝土造,,101.33,2,1,1,有,無,9420000,93015,坡道機械,14.57,1350000,,RPQPMLOLIIHGFDC57CB,夢悅城,G棟09號
中正區,房地(土地+建物)+車位,基隆市中正區信五路,12.61,商,,,1111019,土地1建物1車位2,二層,13,住宅大樓(11層含以上有電梯),住商用,鋼筋混凝土造,,84.36,2,2,1,有,無,13670000,126986,塔式車位,5.06,3600000,,RPPNMLQLIIHGFDC57DB,橙品32,A棟0號
中正區,房地(土地+建物)+車位,基隆市中正區調和街266巷,79.61,住,,,1111020,土地3建物1車位1,全,3,透天厝,住家用,鋼筋混凝土造,,170.41,4,2,2,有,無,11750000,68777,坡道平面,20.65,1450000,,RPQNMLQLIIHGFDC67DB,僑家大院,I棟7號
中正區,房地(土地+建物)+車位,基隆市中正區新豐街,32.82,住,,,1110929,土地7建物1車位1,五層,8,住宅大樓(11層含以上有電梯),住家用,鋼筋混凝土造,,161.56,3,2,2,有,無,11340000,83936,坡道平面,41.35,1250000,,RPPNMLSLIIHGFDC67CB,海豔,D4棟5號
中正區,房地(土地+建物)+車位,基隆市中正區調和街266巷,75.95,住,,,1111028,土地3建物1車位1,全,3,透天厝,住家用,鋼筋混凝土造,,163.5,3,2,2,有,無,11950000,73154,坡道平面,20.65,1500000,,RPPNMLKMIIHGFDC07DB,僑家大院,C棟7號
中正區,房地(土地+建物)+車位,基隆市中正區新豐街,32.82,住,,,1111002,土地7建物1車位1,三層,9,住宅大樓(11層含以上有電梯),住家用,鋼筋混凝土造,,158.62,3,2,2,有,無,11240000,82863,坡道平面,38.06,1250000,,RPPNMLLMIIHGFDC07CB,海豔,E4棟3號
中正區,房地(土地+建物)+車位,基隆市中正區新豐街,32.82,住,,,1111002,土地7建物1車位1,七層,13,住宅大樓(11層含以上有電梯),住家用,鋼筋混凝土造,,162.79,3,2,2,有,無,11500000,84404,坡道平面,41.35,1250000,,RPQNMLLMIIHGFDC17CB,海豔,B2棟7號
中正區,房地(土地+建物)+車位,基隆市中正區新豐街,21.11,住,,,1111003,土地7建物1車位1,七層,8,住宅大樓(11層含以上有電梯),住家用,鋼筋混凝土造,,118.84,1,2,1,有,無,7980000,86850,坡道平面,41.35,1250000,,RPRNMLLMIIHGFDC27CB,海豔,D3棟7號
中正區,房地(土地+建物)+車位,基隆市中正區新豐街,32.82,住,,,1111005,土地7建物1車位1,五層,13,住宅大樓(11層含以上有電梯),住家用,鋼筋混凝土造,,162.79,3,2,2,有,無,11500000,83580,坡道平面,41.35,1350000,,RPSNMLLMIIHGFDC37CB,海豔,B2棟5號
中正區,房地(土地+建物)+車位,基隆市中正區新豐街,32.82,住,,,1111008,土地7建物1車位1,五層,9,住宅大樓(11層含以上有電梯),住家用,鋼筋混凝土造,,161.92,3,2,2,有,無,11800000,87086,坡道平面,41.35,1300000,,RPTNMLLMIIHGFDC47CB,海豔,E4棟5號
中正區,房地(土地+建物)+車位,基隆市中正區新豐街,26.07,住,,,1111010,土地7建物1車位1,五層,13,住宅大樓(11層含以上有電梯),住家用,鋼筋混凝土造,,137.82,2,2,1,有,無,9250000,83964,坡道平面,41.35,1150000,,RPUNMLLMIIHGFDC57CB,海豔,B1棟5號
中正區,房地(土地+建物)+車位,基隆市中正區新豐街,20.87,住,,,1111011,土地7建物1車位1,五層,13,住宅大樓(11層含以上有電梯),住家用,鋼筋混凝土造,,118.75,1,2,1,有,無,8060000,87984,坡道平面,41.35,1250000,,RPVNMLLMIIHGFDC67CB,海豔,B3棟5號
中正區,房地(土地+建物)+車位,基隆市中正區新豐街,21.11,住,,,1111015,土地7建物1車位1,三層,8,住宅大樓(11層含以上有電梯),住家用,鋼筋混凝土造,,118.84,1,2,1,有,無,8000000,87108,坡道平面,41.35,1250000,,RPWNMLLMIIHGFDC77CB,海豔,D3棟3號
信義區,房地(土地+建物)+車位,基隆市信義區東峰街55巷對面,60.83,住,,,1111010,土地1建物1車位1,五層,7,華廈(10層含以下有電梯),住家用,鋼筋混凝土造,,221.27,3,2,3,有,無,13000000,62896,坡道平面,36.84,1400000,,RPPNMLOJJIHGFDC17CB,田園調布2-B1區,D棟D2-5~7F號
中山區,房地(土地+建物)+車位,基隆市中山區復興路261號之對面,18.09,商,,,1111022,土地1建物1車位1,七層,22,住宅大樓(11層含以上有電梯),住家用,鋼筋混凝土造,,146.71,3,1,2,有,無,11970000,88167,坡道平面,29.66,1650000,,RPPNMLPJJIHGFDC27CB,夢悅城,B棟05號
中山區,房地(土地+建物)+車位,基隆市中山區復興路261號之對面,13.11,商,,,1111022,土地1建物1車位1,七層,22,住宅大樓(11層含以上有電梯),住家用,鋼筋混凝土造,,115.05,2,1,1,有,無,10730000,105750,坡道平面,29.66,1700000,,RPQNMLPJJIHGFDC37CB,夢悅城,E棟02號
中山區,房地(土地+建物)+車位,基隆市中山區復興路261號之對面,13.37,商,,,1111014,土地1建物1車位1,四層,22,住宅大樓(11層含以上有電梯),住家用,鋼筋混凝土造,,116.46,2,1,1,有,無,9840000,96659,坡道平面,29.66,1450000,,RPRNMLPJJIHGFDC47CB,夢悅城,D棟08號
中山區,房地(土地+建物),基隆市中山區復興路261號之對面,12.58,商,,,1111025,土地1建物1車位0,八層,22,住宅大樓(11層含以上有電梯),住家用,鋼筋混凝土造,,81.16,2,1,1,有,無,7420000,91424,,0.0,0,,RPSNMLPJJIHGFDC57CB,夢悅城,A棟07號
中山區,房地(土地+建物)+車位,基隆市中山區復興路261號之對面,13.37,商,,,1111021,土地1建物1車位1,二層,22,住宅大樓(11層含以上有電梯),住家用,鋼筋混凝土造,,116.43,2,1,1,有,無,9600000,93926,坡道平面,29.66,1450000,,RPTNMLPJJIHGFDC67CB,夢悅城,D棟06號
中山區,房地(土地+建物)+車位,基隆市中山區復興路261號之對面,13.11,商,,,1111023,土地1建物1車位1,十二層,22,住宅大樓(11層含以上有電梯),住家用,鋼筋混凝土造,,115.06,2,1,1,有,無,10280000,101054,坡道平面,29.66,1650000,,RPUNMLPJJIHGFDC77CB,夢悅城,D棟02號
中山區,房地(土地+建物)+車位,基隆市中山區復興路261號之對面,18.61,商,,,1111015,土地1建物1車位1,十三層,22,住宅大樓(11層含以上有電梯),住家用,鋼筋混凝土造,,150.65,3,1,2,有,無,12690000,90007,坡道平面,29.66,1800000,,RPVNMLPJJIHGFDC87CB,夢悅城,G棟08號
中山區,房地(土地+建物)+車位,基隆市中山區復興路261號之對面,12.45,商,,,1111022,土地1建物1車位1,十二層,22,住宅大樓(11層含以上有電梯),住家用,鋼筋混凝土造,,110.71,2,1,1,有,無,9190000,94263,坡道平面,29.66,1550000,,RPWNMLPJJIHGFDC97CB,夢悅城,B棟07號
中山區,房地(土地+建物)+車位,基隆市中山區復興路261號之對面,18.09,商,,,1111023,土地1建物1車位1,八層,22,住宅大樓(11層含以上有電梯),住家用,鋼筋混凝土造,,146.71,3,1,2,有,無,12000000,88424,坡道平面,29.66,1650000,,RPXNMLPJJIHGFDC08CB,夢悅城,B棟05號
中山區,房地(土地+建物)+車位,基隆市中山區復興路261號之對面,18.22,商,,,1111014,土地1建物1車位1,十六層,22,住宅大樓(11層含以上有電梯),住家用,鋼筋混凝土造,,147.79,3,1,2,有,無,13140000,97266,坡道平面,29.66,1650000,,RPOOMLPJJIHGFDC27CB,夢悅城,D棟01號
中山區,房地(土地+建物)+車位,基隆市中山區復興路261號之對面,18.61,商,,,1111023,土地1建物1車位1,七層,22,住宅大樓(11層含以上有電梯),住家用,鋼筋混凝土造,,150.81,3,1,2,有,無,12430000,88155,坡道平面,29.66,1750000,,RPPOMLPJJIHGFDC37CB,夢悅城,G棟08號
中山區,房地(土地+建物)+車位,基隆市中山區復興路261號之對面,12.85,商,,,1111022,土地1建物1車位1,九層,22,住宅大樓(11層含以上有電梯),住家用,鋼筋混凝土造,,98.15,2,1,1,有,無,9480000,97272,坡道機械,14.57,1350000,,RPQOMLPJJIHGFDC47CB,夢悅城,B棟09號
中山區,房地(土地+建物)+車位,基隆市中山區復興路261號之對面,12.85,商,,,1111024,土地1建物1車位1,二層,22,住宅大樓(11層含以上有電梯),住家用,鋼筋混凝土造,,113.11,2,1,1,有,無,9400000,95267,坡道平面,29.66,1450000,,RPROMLPJJIHGFDC57CB,夢悅城,A棟06號
中山區,房地(土地+建物)+車位,基隆市中山區復興路261號之對面,13.24,商,,,1111022,土地1建物1車位1,七層,22,住宅大樓(11層含以上有電梯),住家用,鋼筋混凝土造,,116.07,2,1,1,有,無,10210000,96748,坡道平面,29.66,1850000,,RPSOMLPJJIHGFDC67CB,夢悅城,C棟09號
中山區,房地(土地+建物),基隆市中山區復興路261號之對面,13.24,商,,,1111015,土地1建物1車位0,六層,22,住宅大樓(11層含以上有電梯),住家用,鋼筋混凝土造,,86.38,2,1,1,有,無,8180000,94698,,0.0,0,,RPTOMLPJJIHGFDC77CB,夢悅城,F棟08號
中山區,房地(土地+建物),基隆市中山區復興路261號之對面,18.22,商,,,1111022,土地1建物1車位0,五層,22,住宅大樓(11層含以上有電梯),住家用,鋼筋混凝土造,,118.22,3,1,2,有,無,10370000,87718,,0.0,0,,RPUOMLPJJIHGFDC87CB,夢悅城,G棟03號
中山區,房地(土地+建物)+車位,基隆市中山區復興路261號之對面,18.22,商,,,1111014,土地1建物1車位2,二十層,22,住宅大樓(11層含以上有電梯),住家用,鋼筋混凝土造,,177.45,3,1,2,有,無,14930000,98451,坡道平面,59.32,3300000,,RPVOMLPJJIHGFDC97CB,夢悅城,D棟01號
中山區,房地(土地+建物)+車位,基隆市中山區復興路261號之對面,12.72,商,,,1111016,土地1建物1車位1,十二層,22,住宅大樓(11層含以上有電梯),住家用,鋼筋混凝土造,,112.23,2,1,1,有,無,9650000,96887,坡道平面,29.66,1650000,,RPWOMLPJJIHGFDC08CB,夢悅城,A棟06號
中山區,房地(土地+建物)+車位,基隆市中山區復興路261號之對面,12.72,商,,,1111024,土地1建物1車位1,十層,22,住宅大樓(11層含以上有電梯),住家用,鋼筋混凝土造,,112.23,2,1,1,有,無,9650000,96282,坡道平面,29.66,1700000,,RPXOMLPJJIHGFDC18CB,夢悅城,A棟06號
中山區,房地(土地+建物)+車位,基隆市中山區復興路261號之對面,12.72,商,,,1111028,土地1建物1車位1,九層,22,住宅大樓(11層含以上有電梯),住家用,鋼筋混凝土造,,112.23,2,1,1,有,無,9360000,95798,坡道平面,29.66,1450000,,RPOPMLPJJIHGFDC37CB,夢悅城,A棟06號
中山區,房地(土地+建物)+車位,基隆市中山區復興路261號之對面,12.45,商,,,1111025,土地1建物1車位1,十一層,22,住宅大樓(11層含以上有電梯),住家用,鋼筋混凝土造,,110.71,2,1,1,有,無,9010000,92659,坡道平面,29.66,1500000,,RPPPMLPJJIHGFDC47CB,夢悅城,A棟07號
中山區,房地(土地+建物)+車位,基隆市中山區復興路261號之對面,18.61,商,,,1111021,土地1建物1車位1,十層,22,住宅大樓(11層含以上有電梯),住家用,鋼筋混凝土造,,150.81,3,1,2,有,無,12300000,88733,坡道平面,29.66,1550000,,RPQPMLPJJIHGFDC57CB,夢悅城,A棟05號
中山區,房地(土地+建物),基隆市中山區復興路261號之對面,23.86,商,,,1111015,土地1建物1車位0,一層,22,住宅大樓(11層含以上有電梯),商業用,鋼筋混凝土造,,155.07,0,0,0,無,無,29080000,187528,,0.0,0,,RPRPMLPJJIHGFDC67CB,夢悅城,S棟17號
中山區,房地(土地+建物)+車位,基隆市中山區復興路261號之對面,13.24,商,,,1111019,土地1建物1車位1,十九層,22,住宅大樓(11層含以上有電梯),住家用,鋼筋混凝土造,,115.18,2,1,1,有,無,10270000,101263,坡道平面,29.66,1610000,,RPSPMLPJJIHGFDC77CB,夢悅城,D棟09號
中山區,房地(土地+建物)+車位,基隆市中山區復興路261號之對面,12.66,商,,,1111016,土地1建物1車位1,十三層,15,住宅大樓(11層含以上有電梯),住家用,鋼筋混凝土造,,110.62,2,1,1,有,無,9500000,96430,坡道平面,27.14,1450000,,RPTPMLPJJIHGFDC87CB,新橫濱-星野區,D棟09號
中山區,房地(土地+建物)+車位,基隆市中山區復興路261號之對面,15.79,商,,,1111020,土地1建物1車位1,四層,15,住宅大樓(11層含以上有電梯),住家用,鋼筋混凝土造,,130.77,3,1,2,有,無,11910000,98524,坡道平面,27.14,1700000,交易總價含下列非屬預售屋價格之費用:含裝潢費；,RPUPMLPJJIHGFDC97CB,新橫濱-星野區,C棟01號
安樂區,房地(土地+建物)+車位,基隆市中山區中和路,23.18,住,,,1111105,土地1建物1車位1,四層,9,華廈(10層含以下有電梯),住家用,鋼筋混凝土造,,127.75,2,1,1,有,無,9080000,85555,坡道平面,41.49,1700000,,RPPNMLPKJIHGFDC37CB,宏貿臻璽,B棟2-4F號
七堵區,房地(土地+建物)+車位,基隆市七堵區泰和街88號之旁,27.44,住,,,1111031,土地1建物1車位1,三層,10,華廈(10層含以下有電梯),住家用,鋼筋混凝土造,,140.26,2,2,2,有,無,9350000,83473,坡道平面,45.02,1400000,交易總價含下列非屬預售屋價格之費用:內含電視、冰箱、洗衣機費:0元,RPQNMLPKJIHGFDC57DB,富源鑫Ⅲ森活,B4棟03號
中正區,房地(土地+建物)+車位,基隆市中正區新豐街,26.07,住,,,1111022,土地7建物1車位1,三層,11,住宅大樓(11層含以上有電梯),住家用,鋼筋混凝土造,,139.62,2,2,1,有,無,9200000,80900,坡道平面,41.35,1250000,,RPPNMLQKJIHGFDC47CB,海豔,C1棟3號
中正區,房地(土地+建物),基隆市中正區新豐街,20.87,住,,,1111027,土地7建物1車位0,十三層,13,住宅大樓(11層含以上有電梯),住家用,鋼筋混凝土造,,77.4,1,2,1,有,無,7100000,91731,,0.0,0,,RPQNMLQKJIHGFDC57CB,海豔,B3棟13號
中正區,房地(土地+建物)+車位,基隆市中正區新豐街,26.07,住,,,1111028,土地7建物1車位1,七層,14,住宅大樓(11層含以上有電梯),住家用,鋼筋混凝土造,,134.15,2,2,1,有,無,9500000,88362,坡道平面,41.35,1300000,,RPRNMLQKJIHGFDC67CB,海豔,A4棟7號
中山區,房地(土地+建物)+車位,基隆市中山區復興路261號之對面,12.72,商,,,1111028,土地1建物1車位1,十三層,22,住宅大樓(11層含以上有電梯),住家用,鋼筋混凝土造,,112.23,2,1,1,有,無,9560000,97009,坡道平面,29.66,1550000,,RPPNMLRKJIHGFDC57CB,夢悅城,A棟06號
中山區,房地(土地+建物)+車位,基隆市中山區復興路261號之對面,13.11,商,,,1111105,土地1建物1車位1,十八層,22,住宅大樓(11層含以上有電梯),住家用,鋼筋混凝土造,,114.97,2,1,1,有,無,10320000,103974,坡道平面,29.66,1450000,,RPQNMLRKJIHGFDC67CB,夢悅城,D棟02號
中山區,房地(土地+建物)+車位,基隆市中山區復興路261號之對面,16.91,商,,,1111029,土地1建物1車位1,十二層,22,住宅大樓(11層含以上有電梯),住家用,鋼筋混凝土造,,139.06,3,1,2,有,無,11630000,93053,坡道平面,29.66,1450000,,RPRNMLRKJIHGFDC77CB,夢悅城,G棟11號
中山區,房地(土地+建物)+車位,基隆市中山區復興路261號之對面,19.4,商,,,1111106,土地1建物1車位1,三層,22,住宅大樓(11層含以上有電梯),住家用,鋼筋混凝土造,,155.31,3,1,2,有,無,12530000,86590,坡道平面,29.66,1650000,,RPSNMLRKJIHGFDC87CB,夢悅城,G棟10號
中山區,房地(土地+建物)+車位,基隆市中山區復興路261號之對面,21.24,商,,,1111104,土地1建物1車位1,四層,22,住宅大樓(11層含以上有電梯),住家用,鋼筋混凝土造,,167.3,4,1,2,有,無,13150000,84278,坡道平面,29.66,1550000,,RPTNMLRKJIHGFDC97CB,夢悅城,A棟03號
中山區,房地(土地+建物),基隆市中山區復興路261號之對面,22.55,商,,,1111105,土地1建物1車位0,一層,22,住宅大樓(11層含以上有電梯),商業用,鋼筋混凝土造,,146.67,0,0,0,無,無,22500000,153406,,0.0,0,,RPUNMLRKJIHGFDC08CB,夢悅城,S棟23號
中山區,房地(土地+建物)+車位,基隆市中山區復興路261號之對面,13.24,商,,,1111105,土地1建物1車位1,六層,22,住宅大樓(11層含以上有電梯),住家用,鋼筋混凝土造,,116.04,2,1,1,有,無,9870000,94582,坡道平面,29.66,1700000,,RPVNMLRKJIHGFDC18CB,夢悅城,C棟08號
中山區,房地(土地+建物)+車位,基隆市中山區復興路261號之對面,12.32,商,,,1111029,土地1建物1車位1,八層,22,住宅大樓(11層含以上有電梯),住家用,鋼筋混凝土造,,109.38,2,1,1,有,無,9370000,95585,坡道平面,29.66,1750000,,RPWNMLRKJIHGFDC28CB,夢悅城,G棟12號
中山區,房地(土地+建物)+車位,基隆市中山區復興路261號之對面,20.71,商,,,1111028,土地1建物1車位1,六層,22,住宅大樓(11層含以上有電梯),住家用,鋼筋混凝土造,,164.34,4,1,2,有,無,14550000,93926,坡道平面,29.66,1900000,,RPXNMLRKJIHGFDC38CB,夢悅城,F棟03號
中山區,房地(土地+建物),基隆市中山區復興路261號之對面,13.11,商,,,1111101,土地1建物1車位0,十層,22,住宅大樓(11層含以上有電梯),住家用,鋼筋混凝土造,,85.14,2,1,1,有,無,8320000,97721,,0.0,0,,RPOOMLRKJIHGFDC57CB,夢悅城,D棟09號
中山區,房地(土地+建物),基隆市中山區復興路261號之對面,18.22,商,,,1111029,土地1建物1車位0,八層,22,住宅大樓(11層含以上有電梯),住家用,鋼筋混凝土造,,118.16,3,1,2,有,無,11810000,99949,,0.0,0,,RPPOMLRKJIHGFDC67CB,夢悅城,E棟01號
中山區,房地(土地+建物)+車位,基隆市中山區復興路261號之對面,18.22,商,,,1111105,土地1建物1車位1,六層,22,住宅大樓(11層含以上有電梯),住家用,鋼筋混凝土造,,148.16,3,1,2,有,無,12120000,87932,坡道平面,29.66,1700000,,RPQOMLRKJIHGFDC77CB,夢悅城,F棟05號
中山區,房地(土地+建物)+車位,基隆市中山區復興路261號之對面,18.22,商,,,1111108,土地1建物1車位1,十三層,22,住宅大樓(11層含以上有電梯),住家用,鋼筋混凝土造,,147.84,3,1,2,有,無,13030000,95448,坡道平面,29.66,1750000,,RPROMLRKJIHGFDC87CB,夢悅城,D棟01號
中山區,房地(土地+建物)+車位,基隆市中山區復興路261號之對面,13.11,商,,,1111108,土地1建物1車位1,十三層,22,住宅大樓(11層含以上有電梯),住家用,鋼筋混凝土造,,115.06,2,1,1,有,無,10320000,101522,坡道平面,29.66,1650000,,RPSOMLRKJIHGFDC97CB,夢悅城,D棟02號
中山區,房地(土地+建物)+車位,基隆市中山區復興路261號之對面,21.37,商,,,1111029,土地1建物1車位2,二十一層,22,住宅大樓(11層含以上有電梯),住家用,鋼筋混凝土造,,198.2,4,1,2,有,無,17210000,98718,坡道平面,59.32,3500000,,RPTOMLRKJIHGFDC08CB,夢悅城,D棟03號
中山區,房地(土地+建物)+車位,基隆市中山區復興路261號之對面,15.6,商,,,1111102,土地1建物1車位1,十一層,22,住宅大樓(11層含以上有電梯),住家用,鋼筋混凝土造,,131.31,3,1,2,有,無,11550000,97393,坡道平面,29.66,1650000,,RPUOMLRKJIHGFDC18CB,夢悅城,A棟01號
中山區,房地(土地+建物)+車位,基隆市中山區復興路261號之對面,21.37,商,,,1111104,土地1建物1車位1,十六層,22,住宅大樓(11層含以上有電梯),住家用,鋼筋混凝土造,,168.53,4,1,2,有,無,15980000,101750,坡道平面,29.66,1850000,,RPVOMLRKJIHGFDC28CB,夢悅城,E棟03號
中山區,房地(土地+建物)+車位,基隆市中山區復興路261號之對面,12.45,商,,,1111029,土地1建物1車位1,十層,22,住宅大樓(11層含以上有電梯),住家用,鋼筋混凝土造,,95.62,2,1,1,有,無,8820000,92165,坡道機械,14.57,1350000,,RPWOMLRKJIHGFDC38CB,夢悅城,A棟07號
中山區,房地(土地+建物)+車位,基隆市中山區復興路261號之對面,13.11,商,,,1111030,土地1建物1車位1,七層,22,住宅大樓(11層含以上有電梯),住家用,鋼筋混凝土造,,114.8,2,1,1,有,無,9880000,96664,坡道平面,29.66,1650000,,RPXOMLRKJIHGFDC48CB,夢悅城,E棟09號
中山區,房地(土地+建物)+車位,基隆市中山區復興路261號之對面,13.24,商,,,1111101,土地1建物1車位1,二十一層,22,住宅大樓(11層含以上有電梯),住家用,鋼筋混凝土造,,115.18,2,1,1,有,無,10560000,101848,坡道平面,29.66,1850000,,RPOPMLRKJIHGFDC67CB,夢悅城,E棟09號
中山區,房地(土地+建物)+車位,基隆市中山區復興路261號之對面,12.85,商,,,1111030,土地1建物1車位1,十層,22,住宅大樓(11層含以上有電梯),住家用,鋼筋混凝土造,,113.24,2,1,1,有,無,9860000,97631,坡道平面,29.66,1700000,,RPPPMLRKJIHGFDC77CB,夢悅城,B棟09號
中山區,房地(土地+建物),基隆市中山區復興路261號之對面,12.32,商,,,1111030,土地1建物1車位0,三層,22,住宅大樓(11層含以上有電梯),住家用,鋼筋混凝土造,,79.72,2,1,1,有,無,7410000,92950,,0.0,0,,RPQPMLRKJIHGFDC87CB,夢悅城,G棟12號
中山區,房地(土地+建物)+車位,基隆市中山區復興路261號之對面,18.22,商,,,1111108,土地1建物1車位1,十一層,22,住宅大樓(11層含以上有電梯),住家用,鋼筋混凝土造,,147.82,3,1,2,有,無,13700000,101980,坡道平面,29.66,1650000,,RPRPMLRKJIHGFDC97CB,夢悅城,E棟01號
中山區,房地(土地+建物)+車位,基隆市中山區復興路261號之對面,13.24,商,,,1111105,土地1建物1車位1,九層,22,住宅大樓(11層含以上有電梯),住家用,鋼筋混凝土造,,115.13,2,1,1,有,無,9810000,95472,坡道平面,29.66,1650000,,RPSPMLRKJIHGFDC08CB,夢悅城,B棟08號
中山區,房地(土地+建物)+車位,基隆市中山區復興路261號之對面,12.79,商,,,1111105,土地1建物1車位1,四層,15,住宅大樓(11層含以上有電梯),住家用,鋼筋混凝土造,,111.01,2,1,1,有,無,10010000,102659,坡道平面,27.14,1400000,交易總價含下列非屬預售屋價格之費用:含裝潢費；,RPPNMLKLJIHGFDC96CB,新橫濱-星野區,C棟09號
中山區,房地(土地+建物),基隆市中山區復興路261號之對面,12.66,商,,,1111102,土地1建物1車位0,三層,15,住宅大樓(11層含以上有電梯),住家用,鋼筋混凝土造,,83.48,2,1,1,有,無,8350000,100024,,0.0,0,,RPQNMLKLJIHGFDC07CB,新橫濱-星野區,G棟09號
七堵區,房地(土地+建物)+車位,基隆市七堵區大華一路57巷17號旁,26.79,住,,,1111026,土地2建物1車位1,五層,7,華廈(10層含以下有電梯),住家用,鋼筋混凝土造,,120.17,2,2,2,有,無,9600000,95620,坡道平面,35.46,1500000,,RPPNMLLLJIHGFDC17DB,河畔御景,A3棟5號
中正區,房地(土地+建物)+車位,基隆市中正區和豐街,44.74,住,,,1111029,土地2建物1車位2,七層,11,住宅大樓(11層含以上有電梯),住家用,鋼筋混凝土造,,237.94,4,2,2,有,無,16220000,77728,坡道平面,64.0,2700000,,RPPNMLQLJIHGFDC57CB,台北雪梨灣,J棟1-7號
中山區,房地(土地+建物)+車位,基隆市中山區復興路261號之對面,12.45,商,,,1111110,土地1建物1車位1,九層,22,住宅大樓(11層含以上有電梯),住家用,鋼筋混凝土造,,95.62,2,1,1,有,無,8920000,93399,坡道機械,14.57,1350000,,RPTOMLOJKIHGFDC77CB,夢悅城,A棟07號
