﻿編號,屋齡,建物移轉面積平方公尺,主要用途,主要建材,建築完成日期,總層數,建物分層,移轉情形
The serial number,room age,building shifting area square meter,the main use,main building materials,construction completes the date,total layer,building lamination,
RPXOMLMKQHHGFDC68CC,26,74.24,住家用,鋼筋混凝土造,85年2月17日,十層,,
RPXOMLMKQHHGFDC68CC,26,9.39,共用部份,鋼筋混凝土造,85年2月17日,十層,,
RPOPMLMKQHHGFDC87CC,4,58.28,集合住宅,鋼筋混凝土造,107年10月9日,七層,,
RPXOMLMKQHHGFDC68CC,26,29.56,共用部份,鋼筋混凝土造,85年2月17日,十層,,
RPOPMLMKQHHGFDC87CC,4,31.26,本建物共有部分之項目有樓梯間‧機房‧電梯機房‧水箱‧泳池機房‧台度‧雨水回收機房‧緊急升降機‧排煙室‧安全梯‧污水機房‧通風機房‧消防泵浦‧消防水池‧游泳池‧台電配電場所‧機車車道‧管委會空間‧防空避難室‧電錶牆‧電信室‧管理員室‧裝卸空間‧垃圾儲藏室‧發電機室‧公共服務空間‧門廳‧梯廳‧行動不便樓梯‧停車位等共３０項。,鋼筋混凝土造,107年10月9日,七層,,
RPOOMLPKQHHGFDC08CC,26,86.83,住家用,鋼筋混凝土造,85年11月29日,二十三層,,
RPOOMLPKQHHGFDC08CC,26,11.93,共用部份,鋼筋混凝土造,85年11月29日,二十三層,,
RPOOMLPKQHHGFDC08CC,26,4.61,共用部份,鋼筋混凝土造,85年11月29日,二十三層,,
RPOOMLPKQHHGFDC08CC,26,7.12,共用部份,鋼筋混凝土造,85年11月29日,二十三層,,
RPTOMLPKQHHGFDC58CC,50,107.70,住家用,鋼筋混凝土加強磚造,61年9月15日,四層,,
RPVNMLPKQHHGFDC68CC,49,80.60,住家用,鋼筋混凝土加強磚造,63年1月19日,四層,,
RPVOMLPKQHHGFDC78CC,39,88.70,住家用,鋼筋混凝土造,72年7月19日,五層,,
RPROMLPKQHHGFDC38CC,28,69.95,住家用,鋼筋混凝土造,84年1月17日,五層,,
RPROMLPKQHHGFDC38CC,28,11.26,共用部份,鋼筋混凝土造,84年1月17日,五層,,
RPXOMLPKQHHGFDC98CC,24,56.40,住家用,鋼筋混凝土造,88年1月22日,七層,,
RPXOMLPKQHHGFDC98CC,24,10.42,共用部份,鋼筋混凝土造,88年1月22日,七層,,
RPXOMLPKQHHGFDC98CC,24,3.99,共用部份,鋼筋混凝土造,88年1月22日,七層,,
RPXOMLPKQHHGFDC98CC,24,1.33,共用部份,鋼筋混凝土造,88年1月22日,七層,,
RPXOMLPKQHHGFDC98CC,24,1.58,共用部份,鋼筋混凝土造,88年1月22日,七層,,
RPPPMLPKQHHGFDC28CC,47,58.98,住家用,加強磚造,64年11月4日,二層,,
RPQPMLPKQHHGFDC38CC,25,54.18,住家用,鋼筋混凝土造,86年5月8日,十一層,,
RPOQMLPKQHHGFDC28CC,23,81.29,商業用,鋼筋混凝土造,88年5月10日,七層,,
RPQPMLPKQHHGFDC38CC,25,1.18,共用部份,鋼筋混凝土造,86年5月8日,十一層,,
RPQPMLPKQHHGFDC38CC,25,7.83,共用部份,鋼筋混凝土造,86年5月8日,十一層,,
RPQPMLPKQHHGFDC38CC,25,.60,共用部份,鋼筋混凝土造,86年5月8日,十一層,,
RPQPMLPKQHHGFDC38CC,25,20.77,共用部份,鋼筋混凝土造,86年5月8日,十一層,,
RPSQMLPKQHHGFDC68CC,18,57.95,商業用,鋼筋混凝土造,93年10月28日,四層,,
RPPPMLRKQHHGFDC48CC,40,72.33,住家用,鋼筋混凝土造,71年9月15日,四層,,
RPTPMLRKQHHGFDC88CC,26,59.63,住家用,鋼筋混凝土造,85年2月16日,七層,,
RPTPMLRKQHHGFDC88CC,26,11.53,共用部份,鋼筋混凝土造,85年2月16日,七層,,
RPXOMLRKQHHGFDC56CC,40,98.36,住家用,鋼筋混凝土造,71年6月21日,五層,,
RPRQMLPKQHHGFDC68DC,18,57.95,商業用,鋼筋混凝土造,93年10月28日,四層,,
RPVPMLRKQHHGFDC09CC,33,59.98,住家用,鋼筋混凝土造,78年12月29日,五層,,
RPWPMLRKQHHGFDC56CC,42,54.69,住家用,鋼筋混凝土造,69年7月2日,五層,,
RPOOMLSKQHHGFDC38CC,48,95.25,住家用,鋼筋混凝土造,63年10月2日,五層,,
RPROMLSKQHHGFDC88EC,5,65.96,集合住宅,鋼筋混凝土造,106年11月9日,十層,,
RPROMLSKQHHGFDC88EC,5,33.43,本共有部分之項目有防空避難室兼停車空間、台電配電室、梯廳、排煙室、昇降機、信箱區、公共陽台、泳池、泳池水箱、安全梯、水箱、機房、雨水機房、消防機房、供行動不便者使用樓梯、發電機室、垃圾儲藏室、電信機房、停車空間、供管委會使用空間、供行動不便者使用電梯、門廊、男廁、女廁、梯間、消防水箱及陽台等二十七項,鋼筋混凝土造,106年11月9日,十層,,
RPTNMLTKQHHGFDC88CC,33,100.53,住家用,鋼筋混凝土造,78年6月20日,五層,,
RPXNMLTKQHHGFDC66CC,26,24.03,住家用,鋼筋混凝土造,85年11月29日,二十三層,,
RPXNMLTKQHHGFDC66CC,26,3.89,共用部份,鋼筋混凝土造,85年11月29日,二十三層,,
RPXNMLTKQHHGFDC66CC,26,1.18,共用部份,鋼筋混凝土造,85年11月29日,二十三層,,
RPXNMLTKQHHGFDC66CC,26,1.79,共用部份,鋼筋混凝土造,85年11月29日,二十三層,,
RPTOMLSKQHHGFDC88CC,28,90.03,住家用,鋼筋混凝土造,83年11月25日,七層,,
RPTOMLSKQHHGFDC88CC,28,12.32,共用部份,鋼筋混凝土造,83年11月25日,七層,,
RPSOMLMLQHHGFDC28CC,41,111.22,住家用,鋼筋混凝土造,70年12月7日,四層,,
RPQOMLTKQHHGFDC68CC,2,66.75,集合住宅,鋼筋混凝土造,109年5月13日,九層,,
RPQOMLTKQHHGFDC68CC,2,14.44,本共有部分之項目有電梯間、配電室、電表室、樓電梯間、梯廳、電梯機房及水箱等七項,鋼筋混凝土造,109年5月13日,九層,,
RPQOMLTKQHHGFDC68CC,2,17.83,本共有部分之項目有樓梯間、幫浦室、水箱、管理員室、管委會使用空間、排風機、停車空間、景觀機房、資源回收室、安全梯、電梯間、配電室、車道、防空避難室兼停車空間、消防泵浦室、機車停車空間、緊急發電機室、陽台、電信室、走道及受電箱區等二十一項,鋼筋混凝土造,109年5月13日,九層,,
RPPOMLMLQHHGFDC97CC,26,55.08,住家用,鋼筋混凝土造,85年11月29日,二十三層,,
RPPOMLMLQHHGFDC97CC,26,9.64,共用部份,鋼筋混凝土造,85年11月29日,二十三層,,
RPPOMLMLQHHGFDC97CC,26,3.89,共用部份,鋼筋混凝土造,85年11月29日,二十三層,,
RPPOMLMLQHHGFDC97CC,26,4.46,共用部份,鋼筋混凝土造,85年11月29日,二十三層,,
RPOOMLMLQHHGFDC87CC,27,99.74,住家用,鋼筋混凝土造,84年8月21日,九層,,
RPOOMLMLQHHGFDC87CC,27,18.60,共用部份,鋼筋混凝土造,84年8月21日,九層,,
RPVOMLMLQHHGFDC58CC,28,36.53,住家用,鋼筋混凝土造,83年3月24日,五層,,
RPVOMLMLQHHGFDC58CC,28,1.50,共用部份,鋼筋混凝土造,83年3月24日,五層,,
RPWNMLNLQHHGFDC68CC,24,104.19,住家用,鋼筋混凝土造,87年12月10日,十二層,,
RPWNMLNLQHHGFDC68CC,24,2.47,共用部份,鋼筋混凝土造,87年12月10日,十二層,,
RPWNMLNLQHHGFDC68CC,24,16.14,共用部份,鋼筋混凝土造,87年12月10日,十二層,,
RPUNMLNLQHHGFDC48CC,15,65.42,住家用,鋼骨鋼筋混凝土造,96年8月6日,十四層,,
RPUNMLNLQHHGFDC48CC,15,32.05,共用部份,鋼骨鋼筋混凝土造,96年8月6日,十四層,,
RPXNMLNLQHHGFDC78CC,25,65.38,住家用,鋼筋混凝土造,86年7月18日,十三層,,
RPXNMLNLQHHGFDC78CC,25,1.64,共用部份,鋼筋混凝土造,86年7月18日,四層,,
RPXNMLNLQHHGFDC78CC,25,10.05,共用部份,鋼筋混凝土造,86年7月18日,十三層,,
RPXNMLNLQHHGFDC78CC,25,8.42,共用部份,鋼筋混凝土造,86年7月18日,十三層,,
RPOOMLNLQHHGFDC97CC,37,108.38,住家用,鋼筋混凝土造,74年7月31日,五層,,
RPROMLNLQHHGFDC28CC,25,72.75,住家用,鋼筋混凝土造,86年5月8日,十一層,,
RPROMLNLQHHGFDC28CC,25,1.60,共用部份,鋼筋混凝土造,86年5月8日,十一層,,
RPROMLNLQHHGFDC28CC,25,13.30,共用部份,鋼筋混凝土造,86年5月8日,十一層,,
RPROMLNLQHHGFDC28CC,25,.81,共用部份,鋼筋混凝土造,86年5月8日,十一層,,
RPPOMLNLQHHGFDC08CC,46,59.65,住家用,鋼筋混凝土加強磚造,66年2月9日,四層,,
RPQOMLNLQHHGFDC18CC,25,85.96,住家用,鋼筋混凝土造,86年6月7日,六層,,
RPQOMLNLQHHGFDC18CC,25,11.02,共用部份,鋼筋混凝土造,86年6月7日,六層,,
RPQOMLNLQHHGFDC18CC,25,3.67,共用部份,鋼筋混凝土造,86年6月7日,六層,,
RPQOMLNLQHHGFDC18CC,25,40.25,共用部份,鋼筋混凝土造,86年6月7日,六層,,
RPVOMLNLQHHGFDC68CC,27,48.12,住家用,鋼筋混凝土造,84年11月22日,九層,,
RPVOMLNLQHHGFDC68CC,27,8.33,共用部份,鋼筋混凝土造,84年11月22日,九層,,
RPTNMLOLQHHGFDC48CC,41,91.02,住家用,鋼筋混凝土造,71年1月19日,五層,,
RPTNMLOLQHHGFDC48CC,41,.86,共用部份,鋼筋混凝土造,71年1月19日,五層,,
RPVNMLOLQHHGFDC68CC,26,24.89,住家用,鋼筋混凝土造,85年11月29日,二十三層,,
RPVNMLOLQHHGFDC68CC,26,4.19,共用部份,鋼筋混凝土造,85年11月29日,二十三層,,
RPVNMLOLQHHGFDC68CC,26,1.54,共用部份,鋼筋混凝土造,85年11月29日,二十三層,,
RPVNMLOLQHHGFDC68CC,26,1.93,共用部份,鋼筋混凝土造,85年11月29日,二十三層,,
RPXSMLPLQHHGFDC86CC,26,80.74,住家用,鋼筋混凝土造,85年11月19日,五層,,
RPXSMLPLQHHGFDC86CC,26,24.28,共用部份,鋼筋混凝土造,85年11月19日,五層,,
RPQQMLOLQHHGFDC48CC,49,71.50,住家用,加強磚造,62年3月1日,三層,,
RPPTMLPLQHHGFDC78CC,26,24.03,住家用,鋼筋混凝土造,85年11月29日,二十三層,,
RPPTMLPLQHHGFDC78CC,26,3.89,共用部份,鋼筋混凝土造,85年11月29日,二十三層,,
RPPTMLPLQHHGFDC78CC,26,1.34,共用部份,鋼筋混凝土造,85年11月29日,二十三層,,
RPPTMLPLQHHGFDC78CC,26,1.79,共用部份,鋼筋混凝土造,85年11月29日,二十三層,,
RPUSMLPLQHHGFDC56CC,41,76.54,住家用,鋼筋混凝土造,70年12月9日,五層,,
RPPQMLOLQHHGFDC38CC,30,125.12,住家用,鋼筋混凝土造,82年1月20日,七層,,
RPPQMLOLQHHGFDC38CC,30,21.79,共用部份,鋼筋混凝土造,82年1月20日,七層,,
RPQTMLPLQHHGFDC88CC,31,67.22,住家用,鋼筋混凝土造,80年6月21日,四層,,
RPQTMLPLQHHGFDC88CC,31,2.15,共用部份,鋼筋混凝土造,80年6月21日,四層,,
RPTTMLPLQHHGFDC56CC,28,100.49,住家用,鋼筋混凝土造,84年1月11日,七層,,
RPTTMLPLQHHGFDC56CC,28,15.43,共用部份,鋼筋混凝土造,84年1月11日,七層,,
RPSTMLPLQHHGFDC09CC,40,63.87,住家用,鋼筋混凝土造,71年2月27日,五層,,
RPUTMLPLQHHGFDC66CC,42,79.36,住家用,鋼筋混凝土造,69年10月22日,四層,,
RPSUMLPLQHHGFDC56CC,27,72.49,住家用,鋼筋混凝土造,85年1月17日,五層,,
RPSUMLPLQHHGFDC56CC,27,7.17,共用部份,鋼筋混凝土造,85年1月17日,五層,,
RPWTMLPLQHHGFDC86CC,27,92.16,住家用,鋼筋混凝土造,84年10月2日,七層,,
RPWTMLPLQHHGFDC86CC,27,1.98,共用部份,鋼筋混凝土造,84年10月2日,七層,,
RPWTMLPLQHHGFDC86CC,27,4.42,共用部份,鋼筋混凝土造,84年10月2日,七層,,
RPWTMLPLQHHGFDC86CC,27,7.80,共用部份,鋼筋混凝土造,84年10月2日,七層,,
RPQQMLQLQHHGFDC68CC,32,73.40,住家用,鋼筋混凝土造,79年7月30日,五層,,
RPQQMLQLQHHGFDC68CC,32,6.38,共用部份,鋼筋混凝土造,79年7月30日,五層,,
RPVTMLPLQHHGFDC76CC,4,74.51,集合住宅,鋼筋混凝土造,108年2月12日,十四層,,
RPVTMLPLQHHGFDC76CC,4,13.53,本共有部分之項目有樓電梯間、梯廳、樓梯間、設備室、機械室及水箱等六項,鋼筋混凝土造,108年2月12日,十四層,,
RPVTMLPLQHHGFDC76CC,4,18.66,本共有部分之項目有車道、住宅門廳、排煙室兼梯廳、樓電梯間、陽台、防空避難室兼停車空間、受電箱、安全梯、台電配電場所、電信室、機房、儲藏室、機械設備室、機械室、排煙室、樓梯間、貯藏室、管委會使用空間、門廳及住宅挑高門廳等二十項,鋼筋混凝土造,108年2月12日,十四層,,
RPUUMLPLQHHGFDC76CC,1,61.10,集合住宅,鋼筋混凝土造,110年10月14日,九層,,
RPUUMLPLQHHGFDC76CC,1,33.66,本建物共有部分之項目有行動不便者電梯、管委會使用空間、樓電梯間、梯廳、中控警衛室、大廳、樓梯間、機械室、水箱、防空避難室兼停車空間、停車空間、走廊、配電室、警衛室、消防泵浦室、汽車坡道、機車停車空間、發電機室、電信室、防空避難室、車道、垃圾儲藏室、機房等共２３項。,鋼筋混凝土造,110年10月14日,九層,,
RPOSMLQLQHHGFDC68CC,41,90.86,住家用,鋼筋混凝土造,71年2月12日,五層,,
RPRRMLQLQHHGFDC88CC,27,82.43,住家用,鋼筋混凝土造,84年12月6日,五層,,
RPWSMLQLQHHGFDC86CC,1,93.75,集合住宅,鋼筋混凝土造,110年10月14日,九層,,
RPWSMLQLQHHGFDC86CC,1,49.46,本建物共有部分之項目有行動不便者電梯、管委會使用空間、樓電梯間、梯廳、中控警衛室、大廳、樓梯間、機械室、水箱、防空避難室兼停車空間、停車空間、走廊、配電室、警衛室、消防泵浦室、汽車坡道、機車停車空間、發電機室、電信室、防空避難室、車道、垃圾儲藏室、機房等共２３項。,鋼筋混凝土造,110年10月14日,九層,,
RPVRMLQLQHHGFDC66CC,26,22.30,住家用,鋼筋混凝土造,86年1月17日,二十層,,
RPSSMLQLQHHGFDC09CC,30,52.84,住家用,鋼筋混凝土造,81年3月5日,五層,,
RPSSMLQLQHHGFDC09CC,30,2.86,共用部份,鋼筋混凝土造,81年3月5日,五層,,
RPVRMLQLQHHGFDC66CC,26,5.80,共用部份,鋼筋混凝土造,86年1月17日,二十層,,
RPVRMLQLQHHGFDC66CC,26,.42,共用部份,鋼筋混凝土造,86年1月17日,二十層,,
RPPSMLQLQHHGFDC78CC,26,24.89,住家用,鋼筋混凝土造,85年11月29日,二十三層,,
RPPSMLQLQHHGFDC78CC,26,4.19,共用部份,鋼筋混凝土造,85年11月29日,二十三層,,
RPPSMLQLQHHGFDC78CC,26,1.28,共用部份,鋼筋混凝土造,85年11月29日,二十三層,,
RPPSMLQLQHHGFDC78CC,26,1.93,共用部份,鋼筋混凝土造,85年11月29日,二十三層,,
RPTSMLQLQHHGFDC56CC,26,74.19,住家用,鋼筋混凝土造,86年1月17日,二十層,,
RPTSMLQLQHHGFDC56CC,26,19.33,共用部份,鋼筋混凝土造,86年1月17日,二十層,,
RPTSMLQLQHHGFDC56CC,26,1.50,共用部份,鋼筋混凝土造,86年1月17日,二十層,,
RPRTMLQLQHHGFDC09CC,28,62.26,住家用,鋼筋混凝土造,83年6月27日,六層,,
RPRTMLQLQHHGFDC09CC,28,8.91,共用部份,鋼筋混凝土造,83年6月27日,六層,,
RPTTMLQLQHHGFDC66CC,45,115.30,住家用,鋼筋混凝土加強磚造,66年7月30日,五層,,
RPOUMLQLQHHGFDC88CC,37,100.82,住家用,鋼筋混凝土造,74年8月3日,五層,,
RPOUMLQLQHHGFDC88CC,37,7.36,共用部份,鋼筋混凝土造,74年8月3日,五層,,
RPPOMLTLQHHGFDC68CC,4,86.74,集合住宅,鋼筋混凝土造,108年1月2日,十五層,,
RPPOMLTLQHHGFDC68CC,4,40.81,本共有部分之項目有公共服務空間、戶外安全梯、儲藏室、排煙室、梯廳、無障礙樓梯、管委會使用空間、雨遮、陽台、服務台、車道、排煙室兼梯廳、（排風室）機電設備空間、機電設備空間（發電機室）、防空避難室兼停車空間、（進風室）機電設備空間、垃圾車停車位、垃圾集中場、機械室、（電信室）機電設備空間、Ｂ棟水箱、機電設備空間（消防幫浦室）、Ａ棟水箱、停車空間、樓電梯間、消防水池、水箱共二十七項。,鋼筋混凝土造,108年1月2日,十五層,,
RPVOMLTLQHHGFDC66CC,32,83.26,住家用,鋼筋混凝土造,79年6月1日,五層,,
RPTOMLTLQHHGFDC09CC,27,33.11,住家用,鋼筋混凝土造,85年1月5日,十一層,,
RPVOMLTLQHHGFDC66CC,32,1.06,共用部份,鋼筋混凝土造,79年6月1日,五層,,
RPTOMLTLQHHGFDC09CC,27,15.87,共用部份,鋼筋混凝土造,85年1月5日,十一層,,
RPTOMLTLQHHGFDC09CC,27,.17,共用部份,鋼筋混凝土造,85年1月5日,十一層,,
RPVOMLTLQHHGFDC66CC,32,5.84,共用部份,鋼筋混凝土造,79年6月1日,五層,,
RPTOMLTLQHHGFDC09CC,27,.89,共用部份,鋼筋混凝土造,85年1月5日,十一層,,
RPTOMLTLQHHGFDC09CC,27,7.96,共用部份,鋼筋混凝土造,85年1月5日,十一層,,
RPQPMLTLQHHGFDC88CC,32,108.75,住家用,鋼筋混凝土造,80年1月28日,五層,,
RPQOMLTLQHHGFDC78CC,27,27.09,住家用,鋼筋混凝土造,85年1月5日,十一層,,
RPQPMLTLQHHGFDC88CC,32,10.76,共用部份,鋼筋混凝土造,80年1月28日,五層,,
RPQOMLTLQHHGFDC78CC,27,15.87,共用部份,鋼筋混凝土造,85年1月5日,十一層,,
RPQOMLTLQHHGFDC78CC,27,.17,共用部份,鋼筋混凝土造,85年1月5日,十一層,,
RPQOMLTLQHHGFDC78CC,27,.68,共用部份,鋼筋混凝土造,85年1月5日,十一層,,
RPOQMLTLQHHGFDC78CC,41,75.12,住家用,鋼筋混凝土造,70年12月8日,四層,,
RPQOMLTLQHHGFDC78CC,27,6.17,共用部份,鋼筋混凝土造,85年1月5日,十一層,,
RPSOMLTLQHHGFDC98CC,25,80.57,住家用,鋼筋混凝土造,86年12月26日,七層,,
RPSOMLTLQHHGFDC98CC,25,23.56,共用部份,鋼筋混凝土造,86年12月26日,七層,,
RPXPMLTLQHHGFDC96CC,27,58.97,住家用,鋼筋混凝土造,85年2月16日,七層,,
RPXPMLTLQHHGFDC96CC,27,10.71,共用部份,鋼筋混凝土造,85年2月16日,七層,,
RPQOMLKMQHHGFDC97CC,26,86.75,商業用,鋼筋混凝土造,85年11月19日,五層,,
RPSOMLKMQHHGFDC18CC,24,31.77,住家用,鋼筋混凝土造,88年1月14日,十六層,,
RPTOMLLJRHHGFDC18CC,28,95.23,住家用,鋼筋混凝土造,84年1月27日,十層,,
RPTOMLLJRHHGFDC18CC,28,34.54,共用部份,鋼筋混凝土造,84年1月27日,十層,,
RPTOMLLJRHHGFDC18CC,28,3.26,共用部份,鋼筋混凝土造,84年1月27日,九層,,
RPTOMLLMQHHGFDC38CC,37,109.14,住家用,鋼筋混凝土造,74年5月23日,五層,,
RPTOMLLMQHHGFDC38CC,37,8.91,共用部份,鋼筋混凝土造,74年5月23日,五層,,
RPPOMLLJRHHGFDC77CC,30,83.67,住家用,鋼筋混凝土造,81年8月7日,五層,,
RPVNMLMJRHHGFDC38CC,25,36.04,住家用,鋼筋混凝土造,86年11月21日,十九層,,
RPPOMLLJRHHGFDC77CC,30,1.13,共用部份,鋼筋混凝土造,81年8月7日,五層,,
RPPOMLMJRHHGFDC87CC,32,92.70,住家用,鋼筋混凝土造,79年11月22日,五層,,
RPVNMLMJRHHGFDC38CC,25,9.29,共用部份,鋼筋混凝土造,86年11月21日,十九層,,
RPPOMLMJRHHGFDC87CC,32,7.56,共用部份,鋼筋混凝土造,79年11月22日,五層,,
RPVNMLMJRHHGFDC38CC,25,3.34,共用部份,鋼筋混凝土造,86年11月21日,二十一層,,
RPVNMLMJRHHGFDC38CC,25,34.17,共用部份,鋼筋混凝土造,86年11月21日,二十一層,,
RPOOMLLJRHHGFDC67CC,25,24.84,住家用,鋼筋混凝土造,86年7月18日,十二層,,
RPOOMLLJRHHGFDC67CC,25,.66,共用部份,鋼筋混凝土造,86年7月18日,四層,,
RPOOMLLJRHHGFDC67CC,25,2.91,共用部份,鋼筋混凝土造,86年7月18日,十二層,,
RPOOMLLJRHHGFDC67CC,25,4.18,共用部份,鋼筋混凝土造,86年7月18日,十二層,,
RPQOMLLMQHHGFDC08CC,50,103.38,住家用,鋼筋混凝土加強磚造,61年3月15日,四層,,
RPOOMLMJRHHGFDC77CC,40,57.84,住家用,鋼筋混凝土造,72年1月29日,五層,,
RPPPMLMJRHHGFDC97CC,42,82.29,住家用,鋼筋混凝土造,69年3月8日,五層,,
RPQPMLMJRHHGFDC08CC,42,78.98,住家用,鋼筋混凝土造,69年10月20日,四層,,
RPOPMLPJRHHGFDC18CC,28,124.30,住家用,鋼筋混凝土造,83年9月1日,五層,,
RPOPMLPJRHHGFDC18CC,28,15.04,共用部份,鋼筋混凝土造,83年9月1日,五層,,
RPOPMLPJRHHGFDC18CC,28,3.74,共用部份,鋼筋混凝土造,83年9月1日,五層,,
RPQPMLPJRHHGFDC38CC,50,85.11,住家用,鋼筋混凝土加強磚造,61年4月27日,四層,,
RPRPMLMJRHHGFDC18CC,35,97.67,住家用,鋼筋混凝土造,77年2月3日,五層,,
RPRPMLMJRHHGFDC18CC,35,4.99,共用部份,鋼筋混凝土造,77年2月3日,五層,,
RPVPMLPJRHHGFDC88CC,39,95.27,住家用,鋼筋混凝土造,72年8月4日,五層,,
RPTPMLPJRHHGFDC68CC,14,68.02,住家用,鋼筋混凝土造,97年7月1日,七層,,
RPTPMLPJRHHGFDC68CC,14,10.97,共用部份,鋼筋混凝土造,97年7月1日,七層,,
RPTPMLPJRHHGFDC68CC,14,15.81,共用部份,鋼筋混凝土造,97年7月1日,七層,,
RPUPMLPJRHHGFDC78CC,39,95.27,住家用,鋼筋混凝土造,72年8月4日,五層,,
RPXOMLPJRHHGFDC98CC,15,26.15,住家用,鋼筋混凝土造,96年8月10日,六層,,
RPXOMLPJRHHGFDC98CC,15,7.54,共用部份,鋼筋混凝土造,96年8月10日,六層,,
RPXOMLPJRHHGFDC98CC,15,11.24,共用部份,鋼筋混凝土造,96年8月10日,六層,,
RPROMLPJRHHGFDC38CC,63,40.00,,磚造,48年5月1日,二層,,
RPWPMLPJRHHGFDC98CC,5,55.06,集合住宅,鋼筋混凝土造,106年11月9日,十層,,
RPWPMLPJRHHGFDC98CC,5,27.78,本共有部分之項目有防空避難室兼停車空間、台電配電室、梯廳、排煙室、昇降機、信箱區、公共陽台、泳池、泳池水箱、安全梯、水箱、機房、雨水機房、消防機房、供行動不便者使用樓梯、發電機室、垃圾儲藏室、電信機房、停車空間、供管委會使用空間、供行動不便者使用電梯、門廊、男廁、女廁、梯間、消防水箱及陽台等二十七項,鋼筋混凝土造,106年11月9日,十層,,
RPXOMLQJRHHGFDC09CC,49,32.12,住商用,鋼筋混凝土加強磚造,62年7月21日,四層,,
RPUOMLQJRHHGFDC78CC,43,57.23,住家用,鋼筋混凝土造,68年11月15日,四層,,
RPSOMLRJRHHGFDC68CC,7,49.55,集合住宅,鋼筋混凝土造,105年1月24日,十八層,,
RPSOMLRJRHHGFDC68CC,7,.48,本共有部分之項目為受水池、安全梯、受水池機房、社區水箱、迴廊等共５項。,鋼筋混凝土造,105年1月24日,二十三層,,
RPSOMLRJRHHGFDC68CC,7,20.25,本共有部分之項目為排煙室、特別安全梯、緊急昇降機、機房、樓梯間、消防水箱、水箱、電梯機房、消防中繼機房、陽台、中繼室、中繼自來水箱、雨遮、中繼消防水箱、消防泵浦室、機電空間、安全梯  、發電機室、電信室、台電配電場所、大廳、行動不便者電梯、電梯  、１Ｆ門廳、２Ｆ門廳、３Ｆ門廳、台電管道間、消防幫浦室、泵浦  、走道、停車空間、配電箱、資源回收區、４Ｆ門廳、廚餘冷藏室、  不可回收垃圾區、緊急升降機、梯廳、電信機房、５Ｆ門廳、防空避難室兼停車空間、台電專用管道、雨水回收區、雨水收集槽、雨水回收及噴灌機房、６Ｆ門廳、游泳池及中庭景觀池機房、消防幫浦機房  、電信機房室、垃圾處理空間、７Ｆ門廳、機車位、社區中心、防災中心、水景機房等共５５項。,鋼筋混凝土造,105年1月24日,二十五層,,
RPWOMLQJRHHGFDC98CC,43,100.80,住家用,鋼筋混凝土造,69年1月21日,五層,,
RPVOMLQJRHHGFDC88CC,27,96.27,住家用,鋼筋混凝土造,85年1月17日,五層,,
RPVOMLQJRHHGFDC88CC,27,9.44,共用部份,鋼筋混凝土造,85年1月17日,五層,,
RPVOMLQJRHHGFDC88CC,27,30.20,共用部份,鋼筋混凝土造,85年1月17日,五層,,
RPWNMLSJRHHGFDC09CC,42,70.20,住家用,鋼筋混凝土造,69年9月30日,四層,,
RPWPMLRJRHHGFDC56CC,24,57.92,住家用,鋼筋混凝土造,88年1月14日,十六層,,
RPWPMLRJRHHGFDC56CC,24,7.88,共用部份,鋼筋混凝土造,88年1月14日,十六層,,
RPWPMLRJRHHGFDC56CC,24,.70,共用部份,鋼筋混凝土造,88年1月14日,十六層,,
RPSPMLQJRHHGFDC68CC,42,77.40,住家用,加強磚造,69年8月29日,二層,,
RPWPMLRJRHHGFDC56CC,24,2.10,共用部份,鋼筋混凝土造,88年1月14日,十六層,,
RPWPMLRJRHHGFDC56CC,24,1.41,共用部份,鋼筋混凝土造,88年1月14日,十六層,,
RPWPMLRJRHHGFDC56CC,24,.69,共用部份,鋼筋混凝土造,88年1月14日,十六層,,
RPTOMLRJRHHGFDC78CC,27,129.80,住家用,鋼筋混凝土造,84年8月21日,七層,,
RPTOMLRJRHHGFDC78CC,27,2.20,共用部份,鋼筋混凝土造,84年8月21日,七層,,
RPTOMLRJRHHGFDC78CC,27,4.27,共用部份,鋼筋混凝土造,84年8月21日,七層,,
RPTOMLRJRHHGFDC78CC,27,41.69,共用部份,鋼筋混凝土造,84年8月21日,七層,,
RPUOMLMKRHHGFDC48CC,43,92.30,住家用,鋼筋混凝土造,69年1月21日,五層,,
RPVQMLMKRHHGFDC78CC,41,51.26,住家用,鋼筋混凝土造,71年2月27日,五層,,
RPUQMLMKRHHGFDC68CC,25,72.68,住家用,鋼筋混凝土造,87年1月8日,五層,,
RPUQMLMKRHHGFDC68CC,25,11.54,共用部份,鋼筋混凝土造,87年1月8日,五層,,
RPXQMLMKRHHGFDC98CC,24,92.44,住家用,鋼筋混凝土造,88年1月14日,十六層,,
RPQQMLMKRHHGFDC28CC,42,86.00,住家用,鋼筋混凝土造,69年8月28日,四層,,
RPXQMLMKRHHGFDC98CC,24,12.41,住家用,鋼筋混凝土造,88年1月14日,十六層,,
RPXQMLMKRHHGFDC98CC,24,1.11,住家用,鋼筋混凝土造,88年1月14日,十六層,,
RPXQMLMKRHHGFDC98CC,24,3.30,住家用,鋼筋混凝土造,88年1月14日,十六層,,
RPXQMLMKRHHGFDC98CC,24,2.24,住家用,鋼筋混凝土造,88年1月14日,十六層,,
RPTQMLMKRHHGFDC58CC,39,179.96,住家用,鋼筋混凝土造,72年12月14日,三層,,
RPXQMLMKRHHGFDC98CC,24,1.09,住家用,鋼筋混凝土造,88年1月14日,十六層,,
RPVNMLMKRHHGFDC68EC,24,28.24,住家用,鋼筋混凝土造,86年11月21日,十八層,,
RPVNMLMKRHHGFDC68EC,24,6.45,共用部份,鋼筋混凝土造,86年11月21日,十八層,,
RPVNMLMKRHHGFDC68EC,24,2.38,共用部份,鋼筋混凝土造,86年11月21日,二十一層,,
RPWNMLMKRHHGFDC78EC,46,70.80,住家用,鋼筋混凝土造,65年3月30日,五層,,
RPORMLMKRHHGFDC18CC,24,92.44,住家用,鋼筋混凝土造,88年1月14日,十六層,,
RPORMLMKRHHGFDC18CC,24,12.41,住家用,鋼筋混凝土造,88年1月14日,十六層,,
RPORMLMKRHHGFDC18CC,24,1.11,住家用,鋼筋混凝土造,88年1月14日,十六層,,
RPORMLMKRHHGFDC18CC,24,3.30,住家用,鋼筋混凝土造,88年1月14日,十六層,,
RPORMLMKRHHGFDC18CC,24,2.24,住家用,鋼筋混凝土造,88年1月14日,十六層,,
RPORMLMKRHHGFDC18CC,24,1.09,住家用,鋼筋混凝土造,88年1月14日,十六層,,
RPQRMLMKRHHGFDC38CC,24,92.44,住家用,鋼筋混凝土造,88年1月14日,十六層,,
RPQRMLMKRHHGFDC38CC,24,12.41,共用部份,鋼筋混凝土造,88年1月14日,十六層,,
RPQRMLMKRHHGFDC38CC,24,1.11,共用部份,鋼筋混凝土造,88年1月14日,十六層,,
RPQRMLMKRHHGFDC38CC,24,3.30,共用部份,鋼筋混凝土造,88年1月14日,十六層,,
RPQRMLMKRHHGFDC38CC,24,2.24,共用部份,鋼筋混凝土造,88年1月14日,十六層,,
RPQRMLMKRHHGFDC38CC,24,1.09,共用部份,鋼筋混凝土造,88年1月14日,十六層,,
RPXNMLMKRHHGFDC88EC,27,92.85,住家用,鋼筋混凝土造,83年7月19日,五層,,
RPXNMLMKRHHGFDC88EC,27,2.49,共用部份,鋼筋混凝土造,83年7月19日,五層,,
RPPOMLMKRHHGFDC18EC,24,36.20,住家用,鋼筋混凝土造,86年11月21日,十七層,,
RPPOMLMKRHHGFDC18EC,24,9.23,共用部份,鋼筋混凝土造,86年11月21日,十七層,,
RPPOMLMKRHHGFDC18EC,24,3.10,共用部份,鋼筋混凝土造,86年11月21日,二十一層,,
RPQOMLMKRHHGFDC28EC,27,97.76,住家用,鋼筋混凝土造,83年10月3日,五層,,
RPQOMLMKRHHGFDC28EC,27,55.40,共用部份,鋼筋混凝土造,83年10月3日,五層,,
RPOOMLMKRHHGFDC08EC,43,68.18,住家用,鋼筋混凝土造,67年11月15日,四層,,
RPUOMLMKRHHGFDC68EC,41,52.60,住家用,鋼筋混凝土造,69年11月25日,六層,,
RPROMLMKRHHGFDC38EC,44,68.88,住家用,鋼筋混凝土造,66年7月16日,四層,,
RPSOMLMKRHHGFDC48EC,23,57.92,住家用,鋼筋混凝土造,88年1月14日,十五層,,
RPSOMLMKRHHGFDC48EC,23,8.56,共用部份,鋼筋混凝土造,88年1月14日,十五層,,
RPSOMLMKRHHGFDC48EC,23,.70,共用部份,鋼筋混凝土造,88年1月14日,十六層,,
RPSOMLMKRHHGFDC48EC,23,2.10,共用部份,鋼筋混凝土造,88年1月14日,十六層,,
RPSOMLMKRHHGFDC48EC,23,1.41,共用部份,鋼筋混凝土造,88年1月14日,十六層,,
RPSOMLMKRHHGFDC48EC,23,.69,共用部份,鋼筋混凝土造,88年1月14日,十六層,,
RPWOMLMKRHHGFDC88EC,24,92.90,國民住宅,鋼筋混凝土造,86年6月30日,十四層,,
RPWOMLMKRHHGFDC88EC,24,16.73,共用部份,鋼筋混凝土造,86年6月30日,十四層,,
RPWOMLMKRHHGFDC88EC,24,31.25,共用部份,鋼筋混凝土造,86年6月30日,十四層,,
RPVOMLMKRHHGFDC78EC,23,91.32,住家用,鋼筋混凝土造,88年1月14日,十五層,,
RPVOMLMKRHHGFDC78EC,23,15.19,共用部份,鋼筋混凝土造,88年1月14日,十五層,,
RPVOMLMKRHHGFDC78EC,23,4.93,共用部份,鋼筋混凝土造,88年1月14日,十五層,,
RPVOMLMKRHHGFDC78EC,23,38.72,共用部份,鋼筋混凝土造,88年1月14日,十五層,,
RPVOMLMKRHHGFDC78EC,23,2.19,共用部份,鋼筋混凝土造,88年1月14日,十六層,,
RPVOMLMKRHHGFDC78EC,23,1.09,共用部份,鋼筋混凝土造,88年1月14日,十六層,,
RPXOMLMKRHHGFDC98EC,26,82.42,住家用,鋼筋混凝土造,85年4月6日,十二層,,
RPXOMLMKRHHGFDC98EC,26,13.21,共用部份,鋼筋混凝土造,85年4月6日,十二層,,
RPXOMLMKRHHGFDC98EC,26,11.01,共用部份,鋼筋混凝土造,85年4月6日,十二層,,
RPOPMLMKRHHGFDC18EC,41,105.39,住家用,鋼筋混凝土造,69年7月17日,四層,,
RPRPMLOKRHHGFDC48CC,26,100.21,住家用,鋼筋混凝土造,86年1月15日,五層,,
RPRPMLOKRHHGFDC48CC,26,2.91,共用部份,鋼筋混凝土造,86年1月15日,五層,,
RPRPMLOKRHHGFDC48CC,26,6.02,共用部份,鋼筋混凝土造,86年1月15日,五層,,
RPVOMLNKRHHGFDC68CC,30,606.79,辦公室,鋼筋混凝土造,81年5月19日,七層,,
RPQPMLOKRHHGFDC38CC,39,106.80,住家用,鋼筋混凝土造,72年10月8日,四層,,
RPVOMLNKRHHGFDC68CC,30,19.89,共用部份,鋼筋混凝土造,81年5月19日,七層,,
RPQQMLOKRHHGFDC48CC,47,63.31,住家用,鋼筋混凝土加強磚造,64年12月16日,四層,,
RPTPMLOKRHHGFDC68CC,46,72.81,住家用,鋼筋混凝土加強磚造,65年9月27日,四層,,
RPOPMLOKRHHGFDC18CC,24,57.41,住家用,鋼筋混凝土造,88年1月14日,十六層,,
RPOPMLOKRHHGFDC18CC,24,9.04,共用部份,鋼筋混凝土造,88年1月14日,十六層,,
RPOPMLOKRHHGFDC18CC,24,.35,共用部份,鋼筋混凝土造,88年1月14日,十六層,,
RPOPMLOKRHHGFDC18CC,24,1.78,共用部份,鋼筋混凝土造,88年1月14日,十六層,,
RPOPMLOKRHHGFDC18CC,24,1.46,共用部份,鋼筋混凝土造,88年1月14日,十六層,,
RPOPMLOKRHHGFDC18CC,24,.69,共用部份,鋼筋混凝土造,88年1月14日,十六層,,
RPUQMLOKRHHGFDC88CC,7,49.55,集合住宅,鋼筋混凝土造,105年1月24日,十八層,,
RPUQMLOKRHHGFDC88CC,7,.48,本共有部分之項目為受水池、安全梯、受水池機房、社區水箱、迴廊等共５項。,鋼筋混凝土造,105年1月24日,二十三層,,
RPUQMLOKRHHGFDC88CC,7,20.25,本共有部分之項目為排煙室、特別安全梯、緊急昇降機、機房、樓梯間、消防水箱、水箱、電梯機房、消防中繼機房、陽台、中繼室、中繼自來水箱、雨遮、中繼消防水箱、消防泵浦室、機電空間、安全梯  、發電機室、電信室、台電配電場所、大廳、行動不便者電梯、電梯  、１Ｆ門廳、２Ｆ門廳、３Ｆ門廳、台電管道間、消防幫浦室、泵浦  、走道、停車空間、配電箱、資源回收區、４Ｆ門廳、廚餘冷藏室、  不可回收垃圾區、緊急升降機、梯廳、電信機房、５Ｆ門廳、防空避難室兼停車空間、台電專用管道、雨水回收區、雨水收集槽、雨水回收及噴灌機房、６Ｆ門廳、游泳池及中庭景觀池機房、消防幫浦機房  、電信機房室、垃圾處理空間、７Ｆ門廳、機車位、社區中心、防災中心、水景機房等共５５項。,鋼筋混凝土造,105年1月24日,二十五層,,
RPRQMLOKRHHGFDC58CC,47,75.33,住家用,鋼筋混凝土加強磚造,64年8月2日,四層,,
RPSQMLOKRHHGFDC68CC,24,24.14,住家用,鋼筋混凝土造,88年1月14日,十六層,,
RPSQMLOKRHHGFDC68CC,24,4.94,共用部份,鋼筋混凝土造,88年1月14日,十六層,,
RPSQMLOKRHHGFDC68CC,24,.14,共用部份,鋼筋混凝土造,88年1月14日,十六層,,
RPSQMLOKRHHGFDC68CC,24,.73,共用部份,鋼筋混凝土造,88年1月14日,十六層,,
RPSQMLOKRHHGFDC68CC,24,.63,共用部份,鋼筋混凝土造,88年1月14日,十六層,,
RPSQMLOKRHHGFDC68CC,24,.32,共用部份,鋼筋混凝土造,88年1月14日,十六層,,
RPWNMLPKRHHGFDC88CC,24,73.71,住家用,鋼筋混凝土造,87年3月5日,五層,,
RPWNMLPKRHHGFDC88CC,24,6.01,共用部份,鋼筋混凝土造,87年3月5日,五層,,
RPSQMLPKRHHGFDC78CC,30,75.25,住家用,鋼筋混凝土造,81年7月8日,九層,,
RPSQMLPKRHHGFDC78CC,30,18.73,共用部份,鋼筋混凝土造,81年7月8日,九層,,
RPSQMLPKRHHGFDC78CC,30,9.81,共用部份,鋼筋混凝土造,81年7月8日,九層,,
RPUQMLPKRHHGFDC98CC,24,82.22,住家用,鋼筋混凝土造,87年6月10日,五層,,
RPUQMLPKRHHGFDC98CC,24,16.86,共用部份,鋼筋混凝土造,87年6月10日,五層,,
RPVQMLPKRHHGFDC09CC,27,79.75,住家用,鋼筋混凝土造,84年8月8日,六層,,
RPTPMLPKRHHGFDC78CC,27,54.74,住家用,鋼筋混凝土造,85年3月9日,十五層,,
RPVQMLPKRHHGFDC09CC,27,13.22,共用部份,鋼筋混凝土造,84年8月8日,六層,,
RPTPMLPKRHHGFDC78CC,27,9.68,共用部份,鋼筋混凝土造,85年3月9日,十五層,,
RPVQMLPKRHHGFDC09CC,27,16.25,共用部份,鋼筋混凝土造,84年8月8日,六層,,
RPWQMLPKRHHGFDC56CC,27,106.70,住家用,鋼筋混凝土造,84年11月22日,九層,,
RPWQMLPKRHHGFDC56CC,27,19.03,共用部份,鋼筋混凝土造,84年11月22日,九層,,
RPWNMLQKRHHGFDC98CC,27,94.59,住家用,鋼筋混凝土造,85年1月18日,七層,,
RPWNMLQKRHHGFDC98CC,27,61.70,共用部份,鋼筋混凝土造,85年1月18日,七層,,
RPSPMLLLRHHGFDC38CC,,88.50,住家用,加強磚造,,二層,,
RPVOMLKLRHHGFDC48CC,4,120.26,集合住宅,鋼筋混凝土造,108年2月12日,十四層,,
RPVOMLKLRHHGFDC48CC,4,23.12,本共有部分之項目有樓電梯間、梯廳、樓梯間、設備室、機械室及水箱等六項,鋼筋混凝土造,108年2月12日,十四層,,
RPVOMLKLRHHGFDC48CC,4,32.66,本共有部分之項目有車道、住宅門廳、排煙室兼梯廳、樓電梯間、陽台、防空避難室兼停車空間、受電箱、安全梯、台電配電場所、電信室、機房、儲藏室、機械設備室、機械室、排煙室、樓梯間、貯藏室、管委會使用空間、門廳及住宅挑高門廳等二十項,鋼筋混凝土造,108年2月12日,十四層,,
RPQOMLLLRHHGFDC08CC,42,72.22,住家用,鋼筋混凝土造,69年8月13日,五層,,
RPTPMLLLRHHGFDC48CC,26,91.82,住家用,鋼筋混凝土造,86年1月17日,二十層,,
RPTPMLLLRHHGFDC48CC,26,25.13,共用部份,鋼筋混凝土造,86年1月17日,二十層,,
RPTPMLLLRHHGFDC48CC,26,1.92,共用部份,鋼筋混凝土造,86年1月17日,二十層,,
RPXOMLMLRHHGFDC88CC,44,61.41,國民住宅,鋼筋混凝土造,67年8月9日,五層,,
RPOQMLLLRHHGFDC08CC,44,61.41,住家用,鋼筋混凝土造,67年8月9日,五層,,
RPUPMLLLRHHGFDC58CC,27,69.63,住家用,鋼筋混凝土造,85年3月9日,十五層,,
RPUPMLLLRHHGFDC58CC,27,11.95,共用部份,鋼筋混凝土造,85年3月9日,十五層,,
RPPQMLLLRHHGFDC18CC,35,81.93,住家用,鋼筋混凝土造,76年11月11日,四層,,
RPOPMLMLRHHGFDC08CC,25,48.63,住家用,鋼筋混凝土造,86年4月25日,五層,,
RPOPMLMLRHHGFDC08CC,25,14.07,共用部份,鋼筋混凝土造,86年4月25日,五層,,
RPRPMLMLRHHGFDC38CC,40,98.36,國民住宅,鋼筋混凝土造,71年6月24日,五層,,
RPPPMLMLRHHGFDC18CC,42,79.36,住家用,鋼筋混凝土造,69年10月22日,四層,,
RPQPMLMLRHHGFDC28CC,39,80.31,住家用,鋼筋混凝土造,72年4月25日,五層,,
RPQPMLMLRHHGFDC28CC,39,5.07,共用部份,鋼筋混凝土造,72年4月25日,五層,,
RPWOMLNLRHHGFDC88CC,7,51.68,集合住宅,鋼筋混凝土造,105年1月24日,十八層,,
RPWOMLNLRHHGFDC88CC,7,.50,本共有部分之項目為受水池、安全梯、受水池機房、社區水箱、迴廊等共５項。,鋼筋混凝土造,105年1月24日,二十三層,,
RPWOMLNLRHHGFDC88CC,7,21.02,本共有部分之項目為排煙室、特別安全梯、緊急昇降機、機房、樓梯間、消防水箱、水箱、電梯機房、消防中繼機房、陽台、中繼室、中繼自來水箱、雨遮、中繼消防水箱、消防泵浦室、機電空間、安全梯  、發電機室、電信室、台電配電場所、大廳、行動不便者電梯、電梯  、１Ｆ門廳、２Ｆ門廳、３Ｆ門廳、台電管道間、消防幫浦室、泵浦  、走道、停車空間、配電箱、資源回收區、４Ｆ門廳、廚餘冷藏室、  不可回收垃圾區、緊急升降機、梯廳、電信機房、５Ｆ門廳、防空避難室兼停車空間、台電專用管道、雨水回收區、雨水收集槽、雨水回收及噴灌機房、６Ｆ門廳、游泳池及中庭景觀池機房、消防幫浦機房  、電信機房室、垃圾處理空間、７Ｆ門廳、機車位、社區中心、防災中心、水景機房等共５５項。,鋼筋混凝土造,105年1月24日,二十五層,,
RPPNMLPLRHHGFDC28CC,26,116.53,壹層：集合住宅　夾層：工作間　騎樓：人行道,鋼筋混凝土造,85年11月6日,五層,,
RPTPMLNLRHHGFDC68CC,24,57.41,住家用,鋼筋混凝土造,88年1月14日,十五層,,
RPPNMLOLRHHGFDC18CC,11,217.56,一層至三層：Ｇ２一般服務業（一般廣告服務業）．Ｇ２一般事務所（其他工商服務業）．突一層：樓梯間,鋼筋混凝土造,101年2月21日,三層,,
RPOQMLMLRHHGFDC18CC,27,9.04,壹層：梯間．貳．參層：集合住宅．突壹．貳層：樓梯間．瞭望台．突參層：水箱,鋼筋混凝土造,84年8月9日,三層,,
RPTPMLNLRHHGFDC68CC,24,8.47,共用部份,鋼筋混凝土造,88年1月14日,十五層,,
RPOQMLMLRHHGFDC18CC,27,40.88,共用部份,鋼筋混凝土造,84年8月9日,三層,,
RPTPMLNLRHHGFDC68CC,24,3.09,共用部份,鋼筋混凝土造,88年1月14日,十五層,,
RPTPMLNLRHHGFDC68CC,24,1.41,共用部份,鋼筋混凝土造,88年1月14日,十六層,,
RPTPMLNLRHHGFDC68CC,24,.69,共用部份,鋼筋混凝土造,88年1月14日,十六層,,
RPXOMLRLRHHGFDC76CC,41,95.58,住家用,鋼筋混凝土造,70年12月30日,五層,,
RPXOMLRLRHHGFDC76CC,41,4.01,共用部份,鋼筋混凝土造,70年12月30日,五層,,
RPOPMLRLRHHGFDC58CC,37,88.92,國民住宅,鋼筋混凝土造,74年12月19日,十二層,,
RPOPMLRLRHHGFDC58CC,37,9.67,共用部份,鋼筋混凝土造,74年12月19日,十二層,,
RPQOMLRLRHHGFDC68CC,28,90.51,住家用,鋼筋混凝土造,83年6月10日,九層,,
RPQOMLRLRHHGFDC68CC,28,39.23,共用部份,鋼筋混凝土造,83年6月10日,九層,,
RPQOMLRLRHHGFDC68CC,28,4.12,共用部份,鋼筋混凝土造,83年6月10日,九層,,
RPQPMLQLRHHGFDC68CC,35,826.76,商業用,鋼筋混凝土造,77年2月15日,四層,,
RPOPMLSLRHHGFDC68CC,53,82.80,住家用,加強磚造,58年9月26日,二層,,
RPVNMLSLRHHGFDC56CC,25,95.23,住家用,鋼筋混凝土造,86年11月21日,十七層,,
RPVNMLSLRHHGFDC56CC,25,15.92,共用部份,鋼筋混凝土造,86年11月21日,十七層,,
RPVNMLSLRHHGFDC56CC,25,8.58,共用部份,鋼筋混凝土造,86年11月21日,二十一層,,
RPVNMLSLRHHGFDC56CC,25,34.17,共用部份,鋼筋混凝土造,86年11月21日,二十一層,,
RPROMLTLRHHGFDC98CC,31,139.44,住家用,鋼筋混凝土造,80年4月12日,五層,,
RPQOMLTLRHHGFDC88CC,28,53.56,住家用,鋼筋混凝土造,83年6月21日,四層,,
RPPPMLNJIIHGFDC27CC,25,36.20,住家用,鋼筋混凝土造,86年11月21日,十七層,,
RPPPMLNJIIHGFDC27CC,25,9.23,共用部份,鋼筋混凝土造,86年11月21日,十七層,,
RPPPMLNJIIHGFDC27CC,25,3.10,共用部份,鋼筋混凝土造,86年11月21日,二十一層,,
RPOQMLNJIIHGFDC27CC,24,67.10,住家用,鋼筋混凝土造,88年1月14日,十六層,,
RPOQMLNJIIHGFDC27CC,24,16.10,共用部份,鋼筋混凝土造,88年1月14日,十六層,,
RPOQMLNJIIHGFDC27CC,24,.83,共用部份,鋼筋混凝土造,88年1月14日,十六層,,
RPOQMLNJIIHGFDC27CC,24,3.83,共用部份,鋼筋混凝土造,88年1月14日,十六層,,
RPOQMLNJIIHGFDC27CC,24,1.56,共用部份,鋼筋混凝土造,88年1月14日,十六層,,
RPOQMLNJIIHGFDC27CC,24,.74,共用部份,鋼筋混凝土造,88年1月14日,十六層,,
RPTOMLTLRHHGFDC56CC,26,24.89,住家用,鋼筋混凝土造,85年11月29日,二十三層,,
RPTOMLTLRHHGFDC56CC,26,4.19,共用部份,鋼筋混凝土造,85年11月29日,二十三層,,
RPTOMLTLRHHGFDC56CC,26,1.28,共用部份,鋼筋混凝土造,85年11月29日,二十三層,,
RPTOMLTLRHHGFDC56CC,26,1.93,共用部份,鋼筋混凝土造,85年11月29日,二十三層,,
RPTQMLNJIIHGFDC77CC,26,70.52,住家用,鋼筋混凝土造,85年12月2日,五層,,
RPPNMLMJIIHGFDC96CC,14,18.00,共用部份,鋼筋混凝土造,97年10月3日,五層,,
RPTQMLNJIIHGFDC77CC,26,11.57,共用部份,鋼筋混凝土造,85年12月2日,五層,,
RPVOMLOJIIHGFDC87CC,26,24.89,住家用,鋼筋混凝土造,85年11月29日,二十三層,,
RPVOMLOJIIHGFDC87CC,26,4.19,共用部份,鋼筋混凝土造,85年11月29日,二十三層,,
RPVOMLOJIIHGFDC87CC,26,1.44,共用部份,鋼筋混凝土造,85年11月29日,二十三層,,
RPVOMLOJIIHGFDC87CC,26,1.93,共用部份,鋼筋混凝土造,85年11月29日,二十三層,,
RPOPMLOJIIHGFDC27CC,49,105.73,住家用,鋼筋混凝土加強磚造,62年7月23日,四層,,
RPVPMLOJIIHGFDC97CC,26,91.82,住家用,鋼筋混凝土造,86年1月17日,二十層,,
RPVPMLOJIIHGFDC97CC,26,25.13,共用部份,鋼筋混凝土造,86年1月17日,二十層,,
RPVPMLOJIIHGFDC97CC,26,1.92,共用部份,鋼筋混凝土造,86年1月17日,二十層,,
RPWNMLOJIIHGFDC87CC,7,51.68,集合住宅,鋼筋混凝土造,105年1月24日,十八層,,
RPWNMLOJIIHGFDC87CC,7,.50,本共有部分之項目為受水池、安全梯、受水池機房、社區水箱、迴廊等共５項。,鋼筋混凝土造,105年1月24日,二十三層,,
RPWNMLOJIIHGFDC87CC,7,21.12,本共有部分之項目為排煙室、特別安全梯、緊急昇降機、機房、樓梯間、消防水箱、水箱、電梯機房、消防中繼機房、陽台、中繼室、中繼自來水箱、雨遮、中繼消防水箱、消防泵浦室、機電空間、安全梯  、發電機室、電信室、台電配電場所、大廳、行動不便者電梯、電梯  、１Ｆ門廳、２Ｆ門廳、３Ｆ門廳、台電管道間、消防幫浦室、泵浦  、走道、停車空間、配電箱、資源回收區、４Ｆ門廳、廚餘冷藏室、  不可回收垃圾區、緊急升降機、梯廳、電信機房、５Ｆ門廳、防空避難室兼停車空間、台電專用管道、雨水回收區、雨水收集槽、雨水回收及噴灌機房、６Ｆ門廳、游泳池及中庭景觀池機房、消防幫浦機房  、電信機房室、垃圾處理空間、７Ｆ門廳、機車位、社區中心、防災中心、水景機房等共５５項。,鋼筋混凝土造,105年1月24日,二十五層,,
RPPPMLOJIIHGFDC37CC,27,59.00,住家用,鋼筋混凝土造,84年8月8日,六層,,
RPPPMLOJIIHGFDC37CC,27,9.88,共用部份,鋼筋混凝土造,84年8月8日,六層,,
RPPPMLOJIIHGFDC37CC,27,9.64,共用部份,鋼筋混凝土造,84年8月8日,六層,,
RPWNMLPJIIHGFDC97CC,29,96.38,住家用,鋼筋混凝土造,83年1月19日,五層,,
RPWNMLPJIIHGFDC97CC,29,3.57,共用部份,鋼筋混凝土造,83年1月19日,五層,,
RPWNMLPJIIHGFDC97CC,29,5.61,共用部份,鋼筋混凝土造,83年1月19日,五層,,
RPSPMLOJIIHGFDC67CC,28,83.12,住家用,鋼筋混凝土造,83年6月22日,七層,,
RPSPMLOJIIHGFDC67CC,29,6.23,共用部份,鋼筋混凝土造,82年11月8日,七層,,
RPXNMLPJIIHGFDC08CC,25,118.37,住家用,鋼筋混凝土造,86年6月7日,六層,,
RPSPMLOJIIHGFDC67CC,28,5.17,共用部份,鋼筋混凝土造,83年6月22日,七層,,
RPXNMLPJIIHGFDC08CC,25,10.54,共用部份,鋼筋混凝土造,86年6月7日,六層,,
RPXNMLPJIIHGFDC08CC,25,4.24,共用部份,鋼筋混凝土造,86年6月7日,六層,,
RPXNMLPJIIHGFDC08CC,25,15.21,共用部份,鋼筋混凝土造,86年6月7日,六層,,
RPTPMLOJIIHGFDC77CC,28,110.76,住家用,鋼筋混凝土造,83年9月1日,五層,,
RPTPMLOJIIHGFDC77CC,28,12.43,共用部份,鋼筋混凝土造,83年9月1日,五層,,
RPTPMLOJIIHGFDC77CC,28,3.09,共用部份,鋼筋混凝土造,83年9月1日,五層,,
RPROMLPJIIHGFDC57CC,28,81.98,住家用,鋼筋混凝土造,84年1月17日,五層,,
RPROMLPJIIHGFDC57CC,28,10.19,共用部份,鋼筋混凝土造,84年1月17日,五層,,
RPSOMLPJIIHGFDC67CC,30,118.01,住家用,鋼筋混凝土造,81年7月8日,九層,,
RPSOMLPJIIHGFDC67CC,30,15.41,共用部份,鋼筋混凝土造,81年7月8日,九層,,
RPSOMLPJIIHGFDC67CC,30,5.66,共用部份,鋼筋混凝土造,81年7月8日,九層,,
RPTOMLPJIIHGFDC77CC,36,44.13,住家用,鋼筋混凝土造,75年5月8日,三層,,
RPVOMLPJIIHGFDC97CC,25,89.82,住家用,鋼筋混凝土造,86年7月18日,十二層,,
RPUOMLPJIIHGFDC87CC,27,68.40,住家用,鋼筋混凝土造,84年5月17日,六層,,
RPVOMLPJIIHGFDC97CC,25,1.64,共用部份,鋼筋混凝土造,86年7月18日,四層,,
RPUOMLPJIIHGFDC87CC,27,11.91,共用部份,鋼筋混凝土造,84年5月17日,六層,,
RPUOMLPJIIHGFDC87CC,27,12.73,共用部份,鋼筋混凝土造,84年5月17日,六層,,
RPVOMLPJIIHGFDC97CC,25,9.80,共用部份,鋼筋混凝土造,86年7月18日,十二層,,
RPVOMLPJIIHGFDC97CC,25,9.30,共用部份,鋼筋混凝土造,86年7月18日,十二層,,
RPXPMLPJIIHGFDC28CC,48,75.26,住家用,鋼筋混凝土加強磚造,64年1月31日,四層,,
RPOPMLPJIIHGFDC37CC,27,38.11,住家用,鋼筋混凝土造,84年8月8日,六層,,
RPOPMLPJIIHGFDC37CC,27,5.83,共用部份,鋼筋混凝土造,84年8月8日,六層,,
RPOPMLPJIIHGFDC37CC,27,6.15,共用部份,鋼筋混凝土造,84年8月8日,六層,,
RPPQMLPJIIHGFDC57CC,24,57.92,住家用,鋼筋混凝土造,88年1月14日,十六層,,
RPPQMLPJIIHGFDC57CC,24,8.24,共用部份,鋼筋混凝土造,88年1月14日,十六層,,
RPPQMLPJIIHGFDC57CC,24,.70,共用部份,鋼筋混凝土造,88年1月14日,十六層,,
RPPQMLPJIIHGFDC57CC,24,2.10,共用部份,鋼筋混凝土造,88年1月14日,十六層,,
RPQQMLPJIIHGFDC67CC,24,24.46,住家用,鋼筋混凝土造,88年1月14日,十六層,,
RPPQMLPJIIHGFDC57CC,24,1.41,共用部份,鋼筋混凝土造,88年1月14日,十六層,,
RPQQMLPJIIHGFDC67CC,24,4.94,共用部份,鋼筋混凝土造,88年1月14日,十六層,,
RPQQMLPJIIHGFDC67CC,24,.14,共用部份,鋼筋混凝土造,88年1月14日,十六層,,
RPPQMLPJIIHGFDC57CC,24,.69,共用部份,鋼筋混凝土造,88年1月14日,十六層,,
RPQQMLPJIIHGFDC67CC,24,.73,共用部份,鋼筋混凝土造,88年1月14日,十六層,,
RPQQMLPJIIHGFDC67CC,24,.63,共用部份,鋼筋混凝土造,88年1月14日,十六層,,
RPQQMLPJIIHGFDC67CC,24,.32,共用部份,鋼筋混凝土造,88年1月14日,十六層,,
RPXNMLRJIIHGFDC28CC,26,69.91,住家用,鋼筋混凝土造,85年5月3日,五層,,
RPXNMLRJIIHGFDC28CC,26,8.35,共用部份,鋼筋混凝土造,85年5月3日,五層,,
RPXNMLRJIIHGFDC28CC,26,8.85,共用部份,鋼筋混凝土造,85年5月3日,五層,,
RPRQMLPJIIHGFDC77CC,25,62.97,住家用,鋼筋混凝土造,86年7月18日,十三層,,
RPRQMLPJIIHGFDC77CC,25,9.33,共用部份,鋼筋混凝土造,86年7月18日,十三層,,
RPRQMLPJIIHGFDC77CC,25,7.97,共用部份,鋼筋混凝土造,86年7月18日,十三層,,
RPRQMLPJIIHGFDC77CC,25,1.64,共用部份,鋼筋混凝土造,86年7月18日,四層,,
RPQPMLPJIIHGFDC57CC,27,96.73,住家用,鋼筋混凝土造,84年12月27日,十四層,,
RPQPMLPJIIHGFDC57CC,27,17.78,共用部份,鋼筋混凝土造,84年12月27日,十四層,,
RPOOMLRJIIHGFDC47CC,44,75.16,商業用,鋼筋混凝土造,67年8月11日,五層,,
RPTOMLRJIIHGFDC97CC,28,68.28,住家用,鋼筋混凝土造,84年2月28日,六層,,
RPTOMLRJIIHGFDC97CC,28,10.80,共用部份,鋼筋混凝土造,84年2月28日,六層,,
RPTOMLRJIIHGFDC97CC,28,11.55,共用部份,鋼筋混凝土造,84年2月28日,六層,,
RPWOMLRJIIHGFDC28CC,43,73.18,住家用,鋼筋混凝土造,68年10月29日,四層,,
RPXOMLRJIIHGFDC38CC,47,71.11,住家用,鋼筋混凝土加強磚造,64年7月5日,四層,,
RPUPMLRJIIHGFDC18CC,46,50.54,住家用,鋼筋混凝土加強磚造,65年5月25日,四層,,
RPQPMLRJIIHGFDC77CC,27,97.76,住家用,鋼筋混凝土造,84年5月12日,五層,,
RPQPMLRJIIHGFDC77CC,27,17.97,共用部份,鋼筋混凝土造,84年5月12日,五層,,
RPVOMLRJIIHGFDC18CC,55,40.70,住家用,加強磚造,56年6月1日,一層,,
RPTPMLRJIIHGFDC08CC,5,65.96,集合住宅,鋼筋混凝土造,106年11月9日,十層,,
RPTPMLRJIIHGFDC08CC,5,33.43,本共有部分之項目有防空避難室兼停車空間、台電配電室、梯廳、排煙室、昇降機、信箱區、公共陽台、泳池、泳池水箱、安全梯、水箱、機房、雨水機房、消防機房、供行動不便者使用樓梯、發電機室、垃圾儲藏室、電信機房、停車空間、供管委會使用空間、供行動不便者使用電梯、門廊、男廁、女廁、梯間、消防水箱及陽台等二十七項,鋼筋混凝土造,106年11月9日,十層,,
RPWPMLRJIIHGFDC38CC,39,92.25,住家用,鋼筋混凝土造,72年9月17日,五層,,
RPVPMLRJIIHGFDC28CC,44,90.24,住家用,鋼筋混凝土造,68年2月6日,五層,,
RPXPMLRJIIHGFDC48CC,44,48.64,國民住宅,鋼筋混凝土造,67年8月9日,五層,,
RPOQMLRJIIHGFDC67CC,27,59.00,住家用,鋼筋混凝土造,84年8月8日,六層,,
RPOQMLRJIIHGFDC67CC,27,9.88,共用部份,鋼筋混凝土造,84年8月8日,六層,,
RPOQMLRJIIHGFDC67CC,27,9.64,共用部份,鋼筋混凝土造,84年8月8日,六層,,
RPPQMLRJIIHGFDC77CC,1,58.11,集合住宅,鋼筋混凝土造,111年1月27日,七層,,
RPPQMLRJIIHGFDC77CC,1,25.83,本建物共有部分之項目有：防空避難室兼停車空間、停車空間、電信室、供管委會使用空間、梯間、受電箱、車道、發電機室、消防泵浦室、機房、梯廳、水箱等共計１２項,鋼筋混凝土造,111年1月27日,七層,,
RPTOMLLKIIHGFDC47CC,42,59.78,住家用,鋼筋混凝土造,69年6月14日,四層,,
RPTOMLMKIIHGFDC57CC,39,87.69,住家用,鋼筋混凝土造,72年12月24日,四層,,
RPTOMLMKIIHGFDC57CC,39,1.41,共用部份,鋼筋混凝土造,72年12月24日,四層,,
RPSQMLRJIIHGFDC08CC,28,90.51,住家用,鋼筋混凝土造,83年6月10日,九層,,
RPSQMLRJIIHGFDC08CC,28,39.23,共用部份,鋼筋混凝土造,83年6月10日,九層,,
RPSQMLRJIIHGFDC08CC,28,4.12,共用部份,鋼筋混凝土造,83年6月10日,九層,,
RPSOMLMKIIHGFDC47CC,49,85.74,住家用,鋼筋混凝土加強磚造,62年6月23日,四層,,
RPVOMLMKIIHGFDC77CC,24,57.41,住家用,鋼筋混凝土造,88年1月14日,十六層,,
RPVOMLMKIIHGFDC77CC,24,9.04,共用部份,鋼筋混凝土造,88年1月14日,十六層,,
RPVOMLMKIIHGFDC77CC,24,.35,共用部份,鋼筋混凝土造,88年1月14日,十六層,,
RPVOMLMKIIHGFDC77CC,24,1.78,共用部份,鋼筋混凝土造,88年1月14日,十六層,,
RPVOMLMKIIHGFDC77CC,24,1.46,共用部份,鋼筋混凝土造,88年1月14日,十六層,,
RPVOMLMKIIHGFDC77CC,24,.69,共用部份,鋼筋混凝土造,88年1月14日,十六層,,
RPPPMLMKIIHGFDC27CC,47,35.36,住家用,鋼筋混凝土造,65年1月22日,五層,,
RPUOMLNKIIHGFDC77CC,41,80.15,住家用,鋼筋混凝土造,70年7月24日,七層,,
RPUOMLNKIIHGFDC77CC,41,14.37,共用部份,鋼筋混凝土造,70年7月24日,七層,,
RPWOMLMKIIHGFDC87CC,29,40.74,住家用,鋼筋混凝土造,82年7月30日,十二層,,
RPWOMLMKIIHGFDC87CC,29,4.42,共用部份,鋼筋混凝土造,82年7月30日,十二層,,
RPWOMLMKIIHGFDC87CC,29,8.22,共用部份,鋼筋混凝土造,82年7月30日,十二層,,
RPWOMLNKIIHGFDC97CC,36,89.04,住家用,鋼筋混凝土造,75年8月6日,五層,,
RPRPMLNKIIHGFDC57CC,27,90.16,住家用,鋼筋混凝土造,85年3月22日,七層,,
RPRPMLNKIIHGFDC57CC,27,5.30,共用部份,鋼筋混凝土造,85年3月22日,七層,,
RPRPMLNKIIHGFDC57CC,27,14.14,共用部份,鋼筋混凝土造,85年3月22日,七層,,
RPSPMLNKIIHGFDC67CC,27,59.53,住家用,鋼筋混凝土造,84年5月17日,六層,,
RPSPMLNKIIHGFDC67CC,27,10.72,共用部份,鋼筋混凝土造,84年5月17日,六層,,
RPSPMLNKIIHGFDC67CC,27,7.71,共用部份,鋼筋混凝土造,84年5月17日,六層,,
RPXOMLNKIIHGFDC08CC,27,76.29,住家用,鋼筋混凝土造,84年5月4日,十七層,,
RPXOMLNKIIHGFDC08CC,27,12.27,共用部份,鋼筋混凝土造,84年5月4日,十七層,,
RPRQMLNKIIHGFDC67CC,74,59.60,住宅用,磚石造,38年1月1日,一層,,
RPUQMLNKIIHGFDC97CC,25,70.89,住家用,鋼筋混凝土造,86年5月8日,十一層,,
RPUQMLNKIIHGFDC97CC,25,1.55,共用部份,鋼筋混凝土造,86年5月8日,十一層,,
RPUQMLNKIIHGFDC97CC,25,12.95,共用部份,鋼筋混凝土造,86年5月8日,十一層,,
RPUQMLNKIIHGFDC97CC,25,.79,共用部份,鋼筋混凝土造,86年5月8日,十一層,,
RPSQMLNKIIHGFDC77CC,31,79.68,住家用,鋼筋混凝土造,80年6月13日,五層,,
RPTQMLNKIIHGFDC87CC,28,81.41,住家用,鋼筋混凝土造,84年1月17日,五層,,
RPTQMLNKIIHGFDC87CC,28,14.06,共用部份,鋼筋混凝土造,84年1月17日,五層,,
RPVQMLNKIIHGFDC08CC,23,97.97,住家用,鋼筋混凝土造,88年12月7日,九層,,
RPVQMLNKIIHGFDC08CC,23,15.66,共用部份,鋼筋混凝土造,88年12月7日,九層,,
RPVQMLNKIIHGFDC08CC,23,10.55,共用部份,鋼筋混凝土造,88年12月7日,九層,,
RPWQMLNKIIHGFDC18CC,27,97.76,住家用,鋼筋混凝土造,84年5月12日,五層,,
RPWQMLNKIIHGFDC18CC,27,12.96,共用部份,鋼筋混凝土造,84年5月12日,五層,,
RPTRMLNKIIHGFDC97CC,25,68.49,住家用,鋼筋混凝土造,86年5月27日,四層,,
RPTRMLNKIIHGFDC97CC,25,7.51,共用部份,鋼筋混凝土造,86年5月27日,四層,,
RPSRMLNKIIHGFDC87CC,25,52.06,住家用,鋼筋混凝土造,86年5月8日,十一層,,
RPSRMLNKIIHGFDC87CC,25,1.15,共用部份,鋼筋混凝土造,86年5月8日,十一層,,
RPSRMLNKIIHGFDC87CC,25,10.50,共用部份,鋼筋混凝土造,86年5月8日,十一層,,
RPSRMLNKIIHGFDC87CC,25,.58,共用部份,鋼筋混凝土造,86年5月8日,十一層,,
RPPNMLQKIIHGFDC47CC,14,48.56,地面一至四層：一般事務所,鋼筋混凝土造,97年10月3日,四層,,
RPOOMLOKIIHGFDC27CC,44,81.33,商業用,鋼筋混凝土造,67年4月7日,五層,,
RPTOMLRKIIHGFDC08CC,5,65.96,集合住宅,鋼筋混凝土造,106年11月9日,十層,,
RPTOMLRKIIHGFDC08CC,5,33.43,本共有部分之項目有防空避難室兼停車空間、台電配電室、梯廳、排煙室、昇降機、信箱區、公共陽台、泳池、泳池水箱、安全梯、水箱、機房、雨水機房、消防機房、供行動不便者使用樓梯、發電機室、垃圾儲藏室、電信機房、停車空間、供管委會使用空間、供行動不便者使用電梯、門廊、男廁、女廁、梯間、消防水箱及陽台等二十七項,鋼筋混凝土造,106年11月9日,十層,,
RPSOMLRKIIHGFDC97CC,29,110.34,住家用,鋼筋混凝土造,82年7月28日,三層,,
RPQPMLOKIIHGFDC57CC,28,49.55,住家用,鋼筋混凝土造,83年10月17日,十九層,,
RPVNMLSKIIHGFDC28CC,,45.46,住家用,磚造,,二層,,
RPQPMLOKIIHGFDC57CC,28,11.28,共用部份,鋼筋混凝土造,83年10月17日,十九層,,
RPQPMLOKIIHGFDC57CC,28,7.82,共用部份,鋼筋混凝土造,83年10月17日,十九層,,
RPPPMLRKIIHGFDC77CC,27,68.77,住家用,鋼筋混凝土造,84年5月17日,六層,,
RPPPMLRKIIHGFDC77CC,27,12.00,共用部份,鋼筋混凝土造,84年5月17日,六層,,
RPPPMLRKIIHGFDC77CC,27,12.82,共用部份,鋼筋混凝土造,84年5月17日,六層,,
RPWNMLSKIIHGFDC38CC,41,79.34,住家用,鋼筋混凝土造,70年6月11日,四層,,
RPTOMLSKIIHGFDC18CC,27,73.09,住家用,鋼筋混凝土造,84年8月1日,十二層,,
RPTOMLSKIIHGFDC18CC,27,12.00,共用部份,鋼筋混凝土造,84年8月1日,十二層,,
RPTOMLSKIIHGFDC18CC,27,3.48,共用部份,鋼筋混凝土造,84年8月1日,十二層,,
RPQOMLSKIIHGFDC87CC,27,108.34,住家用,鋼筋混凝土造,84年5月17日,六層,,
RPQOMLSKIIHGFDC87CC,27,9.34,共用部份,鋼筋混凝土造,84年5月17日,六層,,
RPQOMLSKIIHGFDC87CC,27,10.14,共用部份,鋼筋混凝土造,84年5月17日,六層,,
RPRNMLLLIIHGFDC27CC,40,114.52,住家用,鋼筋混凝土造,72年1月21日,五層,,
RPXNMLLLIIHGFDC87CC,43,78.55,住家用,鋼筋混凝土造,68年8月20日,四層,,
RPROMLLLIIHGFDC37CC,27,75.06,住家用,鋼筋混凝土造,84年8月8日,六層,,
RPROMLLLIIHGFDC37CC,27,12.22,共用部份,鋼筋混凝土造,84年8月8日,六層,,
RPSOMLSKIIHGFDC08CC,29,114.61,住家用,鋼筋混凝土造,82年9月2日,七層,,
RPSOMLSKIIHGFDC08CC,29,.99,共用部份,鋼筋混凝土造,82年9月2日,七層,,
RPROMLLLIIHGFDC37CC,27,11.92,共用部份,鋼筋混凝土造,84年8月8日,六層,,
RPSOMLSKIIHGFDC08CC,29,5.50,共用部份,鋼筋混凝土造,82年9月2日,七層,,
RPSOMLSKIIHGFDC08CC,29,1.37,共用部份,鋼筋混凝土造,82年9月2日,七層,,
RPSOMLSKIIHGFDC08CC,29,8.98,共用部份,鋼筋混凝土造,82年9月2日,七層,,
RPUOMLLLIIHGFDC67CC,54,93.48,住家用,加強磚造,57年11月4日,五層,,
RPQOMLLLIIHGFDC27CC,,53.08,住家用,加強磚造,,四層,,
RPWOMLLLIIHGFDC87CC,25,56.28,住家用,鋼筋混凝土造,86年7月18日,十二層,,
RPWOMLLLIIHGFDC87CC,25,1.31,共用部份,鋼筋混凝土造,86年7月18日,四層,,
RPWOMLLLIIHGFDC87CC,25,8.21,共用部份,鋼筋混凝土造,86年7月18日,十二層,,
RPWOMLLLIIHGFDC87CC,25,7.71,共用部份,鋼筋混凝土造,86年7月18日,十二層,,
RPXOMLLLIIHGFDC97CC,40,81.21,住家用,鋼筋混凝土造,71年12月1日,四層,,
RPOPMLLLIIHGFDC17CC,28,57.93,住家用,鋼筋混凝土造,84年2月28日,六層,,
RPOPMLLLIIHGFDC17CC,28,9.08,共用部份,鋼筋混凝土造,84年2月28日,六層,,
RPOPMLLLIIHGFDC17CC,28,9.70,共用部份,鋼筋混凝土造,84年2月28日,六層,,
RPOPMLPLIIHGFDC57CC,26,31.78,住家用,鋼筋混凝土造,85年4月26日,十六層,,
RPPPMLPLIIHGFDC67CC,23,25.85,住家用,鋼筋混凝土造,88年12月31日,十三層,,
RPOPMLPLIIHGFDC57CC,26,6.02,共用部份,鋼筋混凝土造,85年4月26日,十六層,,
RPPPMLPLIIHGFDC67CC,23,5.13,共用部份,鋼筋混凝土造,88年12月31日,十四層,,
RPOPMLPLIIHGFDC57CC,26,3.75,共用部份,鋼筋混凝土造,85年4月26日,十六層,,
RPPPMLPLIIHGFDC67CC,23,5.50,共用部份,鋼筋混凝土造,88年12月31日,十三層,,
RPOPMLPLIIHGFDC57CC,26,35.41,共用部份,鋼筋混凝土造,85年4月26日,十六層,,
RPPOMLOLIIHGFDC47CC,27,153.83,住家用,鋼筋混凝土造,84年4月20日,二層,,
RPQPMLPLIIHGFDC77CC,28,94.20,住家用,鋼筋混凝土造,83年11月21日,七層,,
RPXOMLPLIIHGFDC38CC,40,87.61,住家用,鋼筋混凝土造,72年4月18日,五層,,
RPQPMLPLIIHGFDC77CC,28,14.98,共用部份,鋼筋混凝土造,83年11月21日,七層,,
RPSOMLPLIIHGFDC87CC,33,117.79,住家用,鋼筋混凝土造,78年8月3日,五層,,
RPSOMLPLIIHGFDC87CC,33,9.14,共用部份,鋼筋混凝土造,78年8月3日,五層,,
RPWOMLQLIIHGFDC38CC,2,66.75,集合住宅,鋼筋混凝土造,109年5月13日,九層,,
RPWOMLQLIIHGFDC38CC,2,14.65,本共有部分之項目有電梯間、配電室、電表室、樓電梯間、梯廳、電梯機房及水箱等七項,鋼筋混凝土造,109年5月13日,九層,,
RPROMLQLIIHGFDC87CC,46,68.95,住家用,鋼筋混凝土加強磚造,66年1月13日,五層,,
RPWOMLQLIIHGFDC38CC,2,17.83,本共有部分之項目有樓梯間、幫浦室、水箱、管理員室、管委會使用空間、排風機、停車空間、景觀機房、資源回收室、安全梯、電梯間、配電室、車道、防空避難室兼停車空間、消防泵浦室、機車停車空間、緊急發電機室、陽台、電信室、走道及受電箱區等二十一項,鋼筋混凝土造,109年5月13日,九層,,
RPVPMLQLIIHGFDC38CC,41,54.20,住家用,鋼筋混凝土造,70年8月12日,四層,,
RPOQMLQLIIHGFDC77CC,40,98.36,國民住宅,鋼筋混凝土造,71年6月24日,五層,,
RPVNMLRLIIHGFDC28CC,33,116.07,住家用,鋼筋混凝土造,78年10月14日,五層,,
RPOOMLRLIIHGFDC67CC,23,68.79,住家用,鋼筋混凝土造,89年2月2日,七層,,
RPOOMLRLIIHGFDC67CC,23,29.95,共用部份,鋼筋混凝土造,89年2月2日,七層,,
RPXPMLQLIIHGFDC58CC,32,93.60,住家用,鋼筋混凝土造,79年4月24日,五層,,
RPXPMLQLIIHGFDC58CC,32,7.38,共用部份,鋼筋混凝土造,79年4月24日,五層,,
RPVNMLSLIIHGFDC38CC,41,93.38,住家用,鋼筋混凝土造,71年2月28日,二層,,
RPWNMLSLIIHGFDC48CC,25,78.47,住家用,鋼筋混凝土造,86年6月7日,六層,,
RPWNMLSLIIHGFDC48CC,25,9.84,共用部份,鋼筋混凝土造,86年6月7日,六層,,
RPWNMLSLIIHGFDC48CC,25,4.60,共用部份,鋼筋混凝土造,86年6月7日,六層,,
RPWNMLSLIIHGFDC48CC,25,10.01,共用部份,鋼筋混凝土造,86年6月7日,六層,,
RPROMLSLIIHGFDC08CC,39,95.99,住家用,鋼筋混凝土造,73年3月20日,五層,,
RPQOMLSLIIHGFDC97CC,41,80.19,住家用,鋼筋混凝土造,70年7月18日,六層,,
RPTOMLSLIIHGFDC28CC,39,129.87,商業用,鋼筋混凝土造,72年8月4日,五層,,
RPOPMLSLIIHGFDC87CC,32,90.44,住家用,鋼筋混凝土造,79年5月23日,五層,,
RPOPMLSLIIHGFDC87CC,32,6.30,共用部份,鋼筋混凝土造,79年5月23日,五層,,
RPWOMLSLIIHGFDC58CC,44,79.89,住家用,鋼筋混凝土造,67年8月11日,五層,,
RPVPMLSLIIHGFDC58CC,28,40.04,住家用,鋼筋混凝土造,83年10月17日,十九層,,
RPVPMLSLIIHGFDC58CC,28,9.02,共用部份,鋼筋混凝土造,83年10月17日,十九層,,
RPVPMLSLIIHGFDC58CC,28,6.44,共用部份,鋼筋混凝土造,83年10月17日,十九層,,
RPQPMLSLIIHGFDC08CC,40,52.47,住家用,鋼筋混凝土造,71年12月26日,五層,,
RPUNMLLMIIHGFDC67CC,27,42.93,住家用,鋼筋混凝土造,84年8月8日,六層,,
RPUNMLLMIIHGFDC67CC,27,7.08,共用部份,鋼筋混凝土造,84年8月8日,六層,,
RPUNMLLMIIHGFDC67CC,27,8.97,共用部份,鋼筋混凝土造,84年8月8日,六層,,
RPQNMLLMIIHGFDC27CC,27,85.35,住家用,鋼筋混凝土造,85年2月17日,十層,,
RPQNMLLMIIHGFDC27CC,27,12.36,共用部份,鋼筋混凝土造,85年2月17日,十層,,
RPQNMLLMIIHGFDC27CC,27,18.80,共用部份,鋼筋混凝土造,85年2月17日,十層,,
RPWPMLLMIIHGFDC08CC,5,133.33,集合住宅,鋼筋混凝土造,106年10月18日,十五層,,
RPWPMLLMIIHGFDC08CC,5,25.78,本共有部分之項目有公設空間、門廳、防空避難室兼停車空間、停車空間、社區中心、機械室、游泳池及管委會辦公室等共八項,鋼筋混凝土造,106年10月18日,十五層,,
RPWPMLLMIIHGFDC08CC,5,21.28,本共有部分之項目有電梯間、樓梯間、蓄水池及水箱等共四項,鋼筋混凝土造,106年10月18日,十五層,,
RPWPMLLMIIHGFDC08CC,5,.58,本共有部分之項目有台電配電室共一項,鋼筋混凝土造,106年10月18日,十五層,,
RPVPMLLMIIHGFDC97CC,43,80.62,住家用,鋼筋混凝土造,68年7月6日,四層,,
RPXNMLPKQHHGFDC88CC,26,42.60,住家用,鋼筋混凝土造,85年11月29日,二十三層,,
RPXNMLPKQHHGFDC88CC,26,5.62,共用部份,鋼筋混凝土造,85年11月29日,二十三層,,
RPXNMLPKQHHGFDC88CC,26,2.17,共用部份,鋼筋混凝土造,85年11月29日,二十三層,,
RPXNMLPKQHHGFDC88CC,26,40.31,共用部份,鋼筋混凝土造,85年11月29日,二十三層,,
RPXNMLPKQHHGFDC88CC,26,3.35,共用部份,鋼筋混凝土造,85年11月29日,二十三層,,
