﻿鄉鎮市區,交易標的,土地位置建物門牌,土地面積平方公尺,都市土地使用分區,非都市土地使用分區,非都市土地使用編定,租賃年月日,租賃筆棟數,租賃層次,總樓層數,建物型態,主要用途,主要建材,建築完成年月,建物總面積平方公尺,建物現況格局-房,建物現況格局-廳,建物現況格局-衛,建物現況格局-隔間,有無管理組織,有無附傢俱,總額元,單價元平方公尺,車位類別,車位面積平方公尺,車位總額元,備註,編號
The villages and towns urban district,transaction sign,land sector position building sector house number plate,land shifting total area square meter,the use zoning or compiles and checks,the non-metropolis land use district,non-metropolis land use,transaction year month and day,transaction pen number,shifting level,total floor number,building state,main use,main building materials,construction to complete the years,building shifting total area,Building present situation pattern - room,building present situation pattern - hall,building present situation pattern - health,building present situation pattern - compartmented,Whether there is manages the organization,Whether there is attaches the furniture,total price NTD,the unit price (NTD / square meter),the berth category,berth shifting total area square meter,the berth total price NTD,the note,serial number
竹南鎮,建物,苗栗縣竹南鎮大埔里２鄰大埔七街３７０號三樓之二,0.0,住,,,1110730,土地0建物1車位1,三層,5,華廈(10層含以下有電梯),住家用,鋼筋混凝土造,1041229,112.53999999999999,3,2,2,有,無,有,15000,133,一樓平面,0.0,0,每月水電瓦斯、網路費由承租人另外負擔。,RPVNMLMKQHHGFDK56CC
苗栗市,建物,苗栗縣苗栗市福星里１１鄰中華路１９０巷３６號,0.0,住,,,1110805,土地0建物1車位0,全,2,透天厝,住家用,加強磚造,0680510,95.1,4,2,2,有,無,有,12800,135,,0.0,0,,RPUNMLMKQHHGFBK88CC
竹南鎮,建物,苗栗縣竹南鎮大埔十街２１０號１樓,0.0,住,,,1110813,土地0建物0車位0,一層,5,店面(店鋪),店舖、住宅、停車空間,鋼筋混凝土造,1041119,66.79,1,0,1,有,無,有,17000,255,,0.0,0,承租人負擔：電費,RPRNMLQKQHHGFDK56CC
苗栗市,建物,苗栗縣苗栗市縣府路１３２號二樓,0.0,商,,,1110630,土地0建物1車位0,二層,3,公寓(5樓含以下無電梯),樓梯間,鋼筋混凝土造,0721115,118.73,3,2,1,有,無,有,13000,109,,0.0,0,,RPQOMLTKQHHGFBK66CC
三灣鄉,建物,苗栗縣三灣鄉三灣村１１鄰親民路１巷２８號,0.0,住,,,1110809,土地0建物1車位0,全,1,透天厝,住家用,木石磚造,0620101,57.72,2,2,1,有,無,有,3500,61,,0.0,0,水電費、瓦斯費、網路費皆由承租人負擔。,RPVNMLTKQHHGFFK47CC
苗栗市,建物,苗栗縣苗栗市陽明２３-１號５樓,57.44,,鄉村區,乙種建築用地,1110814,土地0建物1車位1,五層,5,華廈(10層含以下有電梯),住家用,鋼筋混凝土造,1110214,162.12,3,2,2,有,有,有,18000,111,一樓平面,0.0,0,管理費含在租金內,RPSNMLMLQHHGFBK78CC
銅鑼鄉,房地(土地+建物),苗栗縣銅鑼鄉中正路２８４號,83.45,住,,,1110509,土地1建物1車位0,全,3,透天厝,住商用,鋼筋混凝土造,,178.32,8,2,3,有,無,有,20000,112,,0.0,0,,RPPNMLMLQHHGFEK78CC
竹南鎮,房地(土地+建物),苗栗縣竹南鎮自由街１２３號１樓,310.0,住,,,1110816,土地2建物1車位0,一層,,店面(店鋪),,,,152.86,0,1,1,有,無,無,45000,294,,0.0,0,,RPTNMLMLQHHGFDK09CC
竹南鎮,建物,苗栗縣竹南鎮科專七路３２６號５樓之１,0.0,住,,,1110724,土地0建物1車位0,五層,9,華廈(10層含以下有電梯),住家用,鋼筋混凝土造,1050115,146.53,3,2,2,有,有,無,18000,123,,0.0,0,,RPPOMLMLQHHGFDK78CC
竹南鎮,建物,苗栗縣竹南鎮大埔一街２２號１３樓,0.0,商,,,1110814,土地0建物1車位1,十三層,15,住宅大樓(11層含以上有電梯),住家用,鋼筋混凝土造,1090915,58.79,2,1,1,有,有,有,18200,578,坡道平面,30.74,2000,承租人負擔：水費、電費、瓦斯費、網路費,RPQNMLOLQHHGFDK98CC
竹南鎮,建物,苗栗縣竹南鎮大埔一街６號９樓之５,0.0,住,,,1110817,土地0建物0車位0,九層,13,套房(1房1廳1衛),集合住宅,鋼筋混凝土造,1050518,70.85,1,0,1,有,有,有,6500,92,,0.0,0,承租人負擔：電費,RPTNMLOLQHHGFDK66CC
竹南鎮,建物,苗栗縣竹南鎮大埔七街４２號２樓B室,0.0,住,,,1110820,土地0建物0車位0,二層,4,套房(1房1廳1衛),住商用、停車空間,鋼筋混凝土造,1041229,15.1,1,0,1,有,無,有,6500,430,,0.0,0,承租人承擔：電費,RPUNMLOLQHHGFDK76CC
竹南鎮,建物,苗栗縣竹南鎮大埔三街２４３-３號４樓C４０１室,0.0,住,,,1110821,土地0建物0車位0,四層,10,套房(1房1廳1衛),集合住宅,鋼筋混凝土造,1041116,135.86,1,0,1,有,有,有,8000,59,,0.0,0,承租人負擔：電費,RPVNMLOLQHHGFDK86CC
竹南鎮,車位,苗栗縣竹南鎮大埔三街２４３號B１-２９號車位,0.0,,,,1110818,土地0建物0車位1,,,其他,,,,0.0,0,0,0,有,有,有,2000,,坡道平面,23.13,2000,,RPWNMLOLQHHGFDK96CC
竹南鎮,建物,苗栗縣竹南鎮大埔一街６號５樓之１A,0.0,住,,,1110824,土地0建物0車位0,五層,13,套房(1房1廳1衛),集合住宅,鋼筋混凝土造,1050518,48.959999999999994,1,0,1,有,有,有,7000,143,,0.0,0,承租人負擔：電費,RPROMLOLQHHGFDK56CC
竹南鎮,建物,苗栗縣竹南鎮大埔三街２４３-３號４樓C４０３室,0.0,住,,,1110827,土地0建物0車位0,四層,10,套房(1房1廳1衛),集合住宅,鋼筋混凝土造,1041116,72.24,1,0,1,有,有,有,7000,97,,0.0,0,承租人負擔：電費,RPQNMLRLQHHGFDK66CC
竹南鎮,建物,苗栗縣竹南鎮大埔十街２０８號５樓小套房,0.0,住,,,1110828,土地0建物0車位0,一層,5,套房(1房1廳1衛),店舖、住宅、停車空間,鋼筋混凝土造,1041119,16.52,1,0,1,有,無,有,5500,333,,0.0,0,承租人負擔：電費,RPPNMLSLQHHGFDK66CC
竹南鎮,建物,苗栗縣竹南鎮大埔一街６號５樓之１B,0.0,住,,,1110827,土地0建物0車位0,五層,13,套房(1房1廳1衛),集合住宅,鋼筋混凝土造,1050518,48.959999999999994,1,0,1,有,有,有,8000,163,,0.0,0,承租人負擔：電費,RPQNMLSLQHHGFDK76CC
竹南鎮,建物,苗栗縣竹南鎮正南里２５鄰環市路一段１４４之１號,0.0,住,,,1110820,土地0建物1車位0,見其他登記事項,16,住宅大樓(11層含以上有電梯),住商用,鋼筋混凝土造,0841125,194.2,3,2,3,有,有,有,19800,102,,0.0,0,水電瓦斯、網路費及每月管理費800元由承租人另外負擔。,RPQPMLKMQHHGFDK88CC
頭份市,建物,苗栗縣頭份市民族里１１鄰東興路９６號六樓,0.0,住,,,1110818,土地0建物1車位0,六層,11,住宅大樓(11層含以上有電梯),住家用,鋼筋混凝土造,1061005,159.44,3,2,2,有,有,有,19000,119,,0.0,0,水電瓦斯、網路費及每月管理費3315元由承租人另外負擔。,RPWOMLKMQHHGFFK96CC
頭份市,建物,苗栗縣頭份市蟠桃里１３鄰林森路４７號四樓,0.0,其他,,,1110825,土地0建物1車位0,四層,9,華廈(10層含以下有電梯),住家用,鋼筋混凝土造,0860129,102.89999999999999,3,2,1,有,有,有,10000,97,,0.0,0,水電瓦斯、網路費及每月管理費800元由承租人另外負擔。,RPUNMLLMQHHGFFK76CC
竹南鎮,建物,苗栗縣竹南鎮大埔十街４６巷２號３樓之３,0.0,住,,,1110828,土地0建物1車位1,三層,10,華廈(10層含以下有電梯),住家用,鋼筋混凝土造,1060825,128.16,2,2,1,有,有,有,18500,144,坡道平面,33.4,0,承租人負擔：水費、電費、瓦斯費,RPVNMLLMQHHGFDK66CC
竹南鎮,建物,苗栗縣竹南鎮大埔三街２４３-３號４樓C４０４室,0.0,住,,,1110831,土地0建物0車位0,四層,10,套房(1房1廳1衛),集合住宅,鋼筋混凝土造,1041116,77.2,1,0,1,有,有,有,7000,91,,0.0,0,承租人負擔：電費,RPWNMLLMQHHGFDK76CC
竹南鎮,建物,苗栗縣竹南鎮竹南里１５鄰民族街６３號十五樓之１,0.0,商,,,1110819,土地0建物1車位0,十五層,18,住宅大樓(11層含以上有電梯),住家用,鋼筋混凝土造,0871111,138.03,4,2,2,有,有,有,19000,138,,0.0,0,水電瓦斯、網路費及每月管理費1900元由承租人另外負擔。,RPROMLLMQHHGFDK98CC
竹南鎮,建物,苗栗縣竹南鎮竹南里１５鄰民族街６３號十六樓之二,0.0,商,,,1110824,土地0建物1車位0,十六層,18,住宅大樓(11層含以上有電梯),住家用,鋼筋混凝土造,0871111,137.54,4,2,2,有,有,有,14100,103,,0.0,0,水電瓦斯、網路費及每月管理費1900元由承租人另外負擔。,RPWNMLLJRHHGFDK56CC
通霄鎮,房地(土地+建物),苗栗縣通霄鎮通西里２９鄰信義路１９號,28.32,住,,,1110826,土地1建物1車位0,二層,8,華廈(10層含以下有電梯),店舖，住宅，停車空間,鋼筋混凝土造,0830622,153.05,2,2,1,有,有,無,16500,108,,0.0,0,,RPWNMLLJRHHGFCK56DC
苗栗市,建物,苗栗縣苗栗市水源里２０鄰陽明１３０號五樓之八,0.0,,鄉村區,乙種建築用地,1110820,土地0建物1車位0,五層,5,套房(1房1廳1衛),住家用,鋼筋混凝土造,0851030,26.39,1,0,1,有,有,有,4000,152,,0.0,0,水電瓦斯、網路費及每月管理費450元由承租人另外負擔。,RPRNMLLJRHHGFBK48CC
竹南鎮,建物,苗栗縣竹南鎮大埔街１４７號３樓,0.0,住,,,1110902,土地0建物0車位0,三層,4,套房(1房1廳1衛),住商用、停車空間,鋼筋混凝土造,1061229,49.29,1,0,1,有,無,有,13000,264,,0.0,0,承租人負擔：電費。,RPOOMLMJRHHGFDK58CC
竹南鎮,建物,苗栗縣竹南鎮大埔一街１３號２樓２０３房,0.0,住,,,1110903,土地0建物0車位0,三層,5,套房(1房1廳1衛),住宅、店舖、停車空間,鋼筋混凝土造,1040129,15.0,1,0,1,有,有,有,5000,333,,0.0,0,承租人負擔：電費,RPRNMLNJRHHGFDK88CC
苗栗市,房地(土地+建物),苗栗縣苗栗市至公路５９２號,176.73,住,,,1110830,土地1建物1車位0,全,4,透天厝,住家用,鋼筋混凝土造,0710915,335.54,7,2,4,有,有,有,40000,119,,0.0,0,,RPRNMLPJRHHGFBK88CC
頭份市,房地(土地+建物),苗栗縣頭份市永愛街６４巷４５號,77.63,,山坡地保育區,丙種建築用地,1110901,土地1建物1車位0,全,4,透天厝,住家用,鋼筋混凝土造,0860827,141.71,4,2,2,有,有,有,15000,106,,0.0,0,由承租人另外負擔水、電、瓦斯、網路費用,RPUNMLPJRHHGFFK96CC
頭份市,建物,苗栗縣頭份市忠孝一路３０８號三樓之二,0.0,住,,,1110815,土地0建物0車位0,三層,5,套房(1房1廳1衛),住家用,鋼筋混凝土造,1070709,60.620000000000005,1,1,1,有,無,有,12500,206,,0.0,0,由承租人負擔水費.電費。,RPRNMLQJRHHGFFK86DC
竹南鎮,車位,苗栗縣竹南鎮大埔一街６號６樓之６ ２８號車位,0.0,,,,1110906,土地0建物0車位1,,,其他,,,,0.0,0,0,0,有,有,無,3500,,塔式車位,7.44,3500,,RPTNMLQJRHHGFDK76CC
頭份市,建物,苗栗縣頭份市東庄里１９鄰昌隆一街１５號,0.0,,,,1110722,土地0建物1車位0,一層,15,住宅大樓(11層含以上有電梯),店舖,鋼筋混凝土造,1070629,161.44,0,0,0,無,有,無,30000,186,坡道平面,36.1,0,,RPSNMLRJRHHGFFK07DC
頭份市,建物,苗栗縣頭份市建國路二段５號８樓,0.0,,,,1110710,土地0建物1車位0,八層,13,華廈(10層含以下有電梯),集合住宅,鋼筋混凝土造,1070913,227.06,2,2,2,有,無,有,20000,88,坡道平面,30.54,0,,RPRNMLRJRHHGFFK86CC
頭份市,建物,苗栗縣頭份市信東路３６５號５樓,0.0,住,,,1110717,土地0建物1車位0,全,5,透天厝,店鋪、住宅、樓梯間,鋼筋混凝土造,1090408,96.67,3,2,2,有,無,無,18000,186,,0.0,0,,RPVNMLRJRHHGFFK27CC
竹南鎮,建物,苗栗縣竹南鎮大埔一街１３號４樓０２房,0.0,住,,,1110908,土地0建物0車位0,四層,5,套房(1房1廳1衛),住宅、店舖、停車空間,鋼筋混凝土造,1040129,15.0,1,0,1,有,有,有,5000,333,,0.0,0,承租人負擔：電費,RPWNMLSJRHHGFDK27CC
竹南鎮,建物,苗栗縣竹南鎮大埔一街２０號１４樓,0.0,商,,,1110908,土地0建物1車位0,十四層,15,住宅大樓(11層含以上有電梯),住家用,鋼筋混凝土造,1090915,117.16,2,1,1,有,有,有,19500,166,,0.0,0,承租人負擔：水費、電費、瓦斯費、網路費,RPPNMLTJRHHGFDK66CC
竹南鎮,建物,苗栗縣竹南鎮公園路３２號５樓之７,0.0,商,,,1110905,土地0建物1車位1,五層,15,住宅大樓(11層含以上有電梯),集合住宅,鋼筋混凝土造,1040313,302.21,3,3,3,有,無,有,30000,99,坡道平面,29.84,0,,RPRNMLMKRHHGFDK88CC
公館鄉,建物,苗栗縣公館鄉鶴山村６鄰鶴山２１６之２號,0.0,,鄉村區,乙種建築用地,1110826,土地0建物1車位0,全,3,透天厝,住家用,鋼筋混凝土造,1090219,208.53,5,2,5,有,無,有,19800,95,,0.0,0,每月水電瓦斯、網路費由承租人另外負擔。,RPRNMLNKRHHGFBK78CC
頭份市,建物,苗栗縣頭份市中正路２５２之１號二樓,0.0,住,,,1110821,土地0建物1車位0,二層,5,公寓(5樓含以下無電梯),住家用,鋼筋混凝土造,0850601,69.1,2,1,1,有,無,有,6000,87,,0.0,0,由承租人另外負擔水、電、瓦斯、網路,RPTNMLOKRHHGFFK86CC
頭份市,建物,苗栗縣頭份市上埔里４鄰中正一路１８１巷１６號三樓之三,0.0,住,,,1110701,土地0建物1車位1,三層,7,套房(1房1廳1衛),辦公室,鋼筋混凝土造,1060510,53.49,1,1,1,有,有,有,11700,219,坡道機械,0.0,0,由承租人另外負擔水、電、瓦斯費、網路費,RPUNMLOKRHHGFFK96CC
頭份市,建物,苗栗縣頭份市信東路３６５號４樓,0.0,住,,,1110801,土地0建物1車位0,全,5,透天厝,店鋪、住宅、樓梯間,鋼筋混凝土造,1090408,96.67,3,2,2,有,無,無,18000,186,,0.0,0,租金不含水電瓦斯費用,RPVNMLOKRHHGFFK07CC
頭份市,建物,苗栗縣頭份市信東路３６５號３樓,0.0,住,,,1110801,土地0建物1車位0,全,5,透天厝,店鋪、住宅、樓梯間,鋼筋混凝土造,1090408,96.67,3,2,2,有,無,無,18000,186,,0.0,0,租金不含水電瓦斯費用,RPXNMLOKRHHGFFK27CC
頭份市,建物,苗栗縣頭份市信東路３６５號１樓,0.0,住,,,1110813,土地0建物1車位0,全,5,透天厝,店鋪、住宅、樓梯間,鋼筋混凝土造,1090408,100.1,3,2,2,有,無,無,18000,180,,0.0,0,租金不含水電瓦斯費用,RPOOMLOKRHHGFFK09CC
竹南鎮,建物,苗栗縣竹南鎮大埔三街２４３-２號７樓B-２室,0.0,住,,,1110913,土地0建物0車位0,七層,10,套房(1房1廳1衛),集合住宅,鋼筋混凝土造,1041116,85.45,1,0,1,有,有,有,7800,91,,0.0,0,承租人負擔：電費,RPQNMLOKRHHGFDK98CC
頭份市,建物,苗栗縣頭份市德義路１８９號１樓,0.0,住,,,1110809,土地0建物1車位1,見其他登記事項,12,住宅大樓(11層含以上有電梯),商業用,鋼筋混凝土造,1031006,172.86,0,0,0,無,有,無,31500,182,坡道平面,30.23,0,夾層增建約80平方公尺承租人另外負擔水、店、瓦斯,RPTNMLPKRHHGFFK96CC
頭份市,建物,苗栗縣頭份市忠孝一路３１０號三樓之一,0.0,住,,,1110701,土地0建物0車位0,三層,5,套房(1房1廳1衛),住家用,鋼筋混凝土造,1070709,62.17999999999999,1,1,1,有,無,有,12000,193,,0.0,0,由承租人負擔水費.電費。,RPSNMLPKRHHGFFK96DC
頭份市,房地(土地+建物)+車位,苗栗縣頭份市東銀街９５號１樓,20.35,住,,,1110825,土地1建物1車位1,一層,12,店面(店鋪),店鋪,鋼筋混凝土造,1080910,137.85,0,1,1,有,有,有,12000,87,坡道平面,34.34,0,店面 加一個機車位管理費-依大樓管理公告之費用停車位-依大樓管理公告之費用水電瓦斯-由承租人負擔,RPRNMLLLRHHGFFK09CC
頭份市,建物,苗栗縣頭份市上興里１２鄰永愛街６６巷４７號,0.0,,山坡地保育區,丙種建築用地,1110910,土地0建物1車位0,全,3,透天厝,住家用,鋼筋混凝土造,0860827,141.71,4,2,3,有,有,有,14000,99,,0.0,0,每月水電費、瓦斯費、網路費及管理費500元皆由承租人負擔。,RPOOMLLLRHHGFFK88CC
頭份市,建物,苗栗縣頭份市仁愛里４鄰銀河路３６-２號七樓,0.0,商,,,1110914,土地0建物1車位0,七層,10,套房(1房1廳1衛),住家用,鋼筋混凝土造,0871202,30.549999999999997,1,0,1,有,有,有,6500,213,,0.0,0,水電瓦斯、網路費及每月管理費279元由承租人另外負擔。,RPROMLMLRHHGFFK66CC
苗栗市,建物,苗栗縣苗栗市恭敬里８鄰中正路１０９０號十樓之四十一,0.0,商,,,1110913,土地0建物1車位0,十層,10,套房(1房1廳1衛),住家用,鋼筋混凝土造,0960716,33.87,1,0,1,有,有,有,6000,177,,0.0,0,每月水電瓦斯費由承租人另外負擔。,RPWNMLMLRHHGFBK66CC
竹南鎮,建物,苗栗縣竹南鎮大埔一街６號３樓之２B房,0.0,住,,,1110920,土地0建物0車位0,三層,13,套房(1房1廳1衛),集合住宅,鋼筋混凝土造,1050518,68.36,1,0,1,有,有,有,8000,117,,0.0,0,承租人負擔：電費,RPVNMLNLRHHGFDK86CC
竹南鎮,車位,苗栗縣竹南鎮大埔一街６號 B１-１１號車位,0.0,,,,1110920,土地0建物0車位1,,,其他,,,,0.0,0,0,0,有,有,無,3000,,塔式車位,7.44,3000,,RPWNMLNLRHHGFDK96CC
竹南鎮,建物,苗栗縣竹南鎮大埔三街２４３-２號７樓B-３室,0.0,住,,,1110917,土地0建物0車位0,七層,10,套房(1房1廳1衛),集合住宅,鋼筋混凝土造,1041116,85.45,1,0,1,有,有,有,6500,76,,0.0,0,承租人負擔：電費,RPOOMLNLRHHGFDK88CC
竹南鎮,建物,苗栗縣竹南鎮大埔一街５８號８樓,0.0,商,,,1110918,土地0建物1車位0,八層,15,住宅大樓(11層含以上有電梯),住家用,鋼筋混凝土造,1090915,116.93,2,1,1,有,有,有,17500,150,,0.0,0,承租人負擔：水費、電費、瓦斯費、網路費,RPPOMLNLRHHGFDK98CC
竹南鎮,建物,苗栗縣竹南鎮大埔三街２４３號４樓之２ B-３室,0.0,住,,,1110925,土地0建物0車位0,七層,10,套房(1房1廳1衛),集合住宅,鋼筋混凝土造,1041116,85.45,1,0,1,有,有,有,8000,94,,0.0,0,承租人負擔：電費,RPQNMLPLRHHGFDK56CC
苗栗市,房地(土地+建物),苗栗縣苗栗市長安街１０６號３樓,21.72,住,,,1110915,土地1建物1車位0,三層,6,華廈(10層含以下有電梯),住家用,鋼筋混凝土造,0821202,109.44,3,2,2,有,有,有,10000,91,,0.0,0,含地下室機械停車位21號,RPSNMLQLRHHGFBK66CC
竹南鎮,建物,苗栗縣竹南鎮大埔十街２１０號５樓 小套房,0.0,住,,,1110926,土地0建物0車位0,五層,5,套房(1房1廳1衛),店舖、住宅、停車空間,鋼筋混凝土造,1041119,15.11,1,0,1,有,無,有,5000,331,,0.0,0,承租人負擔：電費,RPPNMLRLRHHGFDK66CC
竹南鎮,建物,苗栗縣竹南鎮大埔三街２４３-２號７樓４室,0.0,住,,,1110927,土地0建物0車位0,七層,10,套房(1房1廳1衛),集合住宅,鋼筋混凝土造,1041116,85.45,1,0,1,有,有,有,6500,76,,0.0,0,承租人負擔：電費,RPQNMLRLRHHGFDK76CC
竹南鎮,建物,苗栗縣竹南鎮大埔里２鄰科專六路４７號二樓之３,0.0,住,,,1110927,土地0建物0車位0,二層,2,套房(1房1廳1衛),集合住宅,鋼筋混凝土造,1041029,37.33,1,0,1,有,有,有,7000,188,,0.0,0,承租人負擔：電費,RPOOMLSLRHHGFDK76CC
竹南鎮,建物,苗栗縣竹南鎮大埔七街１６２號２樓之２０３房,0.0,住,,,1110927,土地0建物0車位0,二層,7,套房(1房1廳1衛),集合住宅,鋼筋混凝土造,1050805,60.91,1,0,1,有,有,有,7000,115,,0.0,0,承租人負擔：電費,RPPOMLSLRHHGFDK86CC
竹南鎮,建物,苗栗縣竹南鎮大埔十街２１０號２樓 小套房,0.0,住,,,1110927,土地0建物0車位0,五層,5,套房(1房1廳1衛),店舖、住宅、停車空間,鋼筋混凝土造,1041119,15.11,1,0,1,有,無,有,5000,331,,0.0,0,承租人負擔：電費,RPQOMLSLRHHGFDK96CC
竹南鎮,建物,苗栗縣竹南鎮大埔一街２７號４樓之１號房,0.0,,,,1110928,土地0建物0車位0,四層,5,套房(1房1廳1衛),住宅、店舖、停車空間,鋼筋混凝土造,1040129,16.3,1,0,1,有,有,有,4800,294,,0.0,0,承租人負擔：電費,RPROMLSLRHHGFDK07CC
竹南鎮,建物,苗栗縣竹南鎮大埔一街２７號５樓之２號房,0.0,,,,1110928,土地0建物0車位0,五層,5,套房(1房1廳1衛),住宅、店舖、停車空間,鋼筋混凝土造,1040129,16.3,1,0,1,有,有,有,5000,307,,0.0,0,承租人負擔：電費,RPSNMLTLRHHGFDK17CC
後龍鎮,房地(土地+建物),苗栗縣後龍鎮校椅里４鄰圪仔路４０之６號,91.0,住,,,1110905,土地1建物1車位0,全,2,透天厝,住家用,加強磚造,,91.8,3,2,2,有,無,有,12000,131,,0.0,0,,RPPNMLKMRHHGFDK68CC
竹南鎮,房地(土地+建物),苗栗縣竹南鎮竹南里１２鄰民治街５０號,39.03,商,,,1110924,土地1建物1車位0,見其他登記事項,18,店面(店鋪),商業用,鋼筋混凝土造,0871111,234.26999999999998,0,0,0,無,有,無,25000,107,,0.0,0,租約不含水電瓦斯網路費水電瓦斯網路費由承租人負擔管理費由出租人負擔,RPUNMLKMRHHGFDK56CC
頭份市,房地(土地+建物),苗栗縣頭份市顯會路７３巷２５號,58.33,住,,,1110914,土地1建物1車位0,全,4,透天厝,住家用,鋼筋混凝土造,0850715,158.80999999999997,4,2,3,有,無,有,26000,164,,0.0,0,租約不含水電瓦斯費水電瓦斯費由承租人負擔,RPPNMLKMRHHGFFK88CC
竹南鎮,建物,苗栗縣竹南鎮大埔一街６號６樓之６A房,0.0,住,,,1111002,土地0建物0車位0,六層,13,套房(1房1廳1衛),集合住宅,鋼筋混凝土造,1050518,51.03,1,0,1,有,有,有,7800,153,,0.0,0,承租人負擔：電費,RPQNMLMJIIHGFDK87CC
竹南鎮,房地(土地+建物),苗栗縣竹南鎮光復路１４５號,39.39,商,,,1110922,土地1建物1車位0,見其他登記事項,5,店面(店鋪),住商用,鋼筋混凝土加強磚造,0601005,176.51,0,0,0,無,無,有,18000,102,,0.0,0,,RPOOMLNJIIHGFDK87CC
頭份市,建物,苗栗縣頭份市東庄里６鄰富強二街１７號５樓,0.0,住,,,1110910,土地0建物1車位0,五層,15,住宅大樓(11層含以上有電梯),集合住宅,鋼筋混凝土造,1110524,111.03,3,2,2,有,有,有,19800,178,,0.0,0,水電費、瓦斯費、網路費及管理費每月2000元皆由承租人負擔。,RPSNMLNJIIHGFFK38CC
公館鄉,房地(土地+建物),苗栗縣公館鄉五谷村１３鄰五谷８６-７號１樓,513.89,工,,,1110927,土地5建物1車位0,一層,2,廠辦,廠房，宿舍,ＲＣ構造，鋼架造,0870810,338.0,0,0,0,無,無,無,38000,112,,0.0,0,,RPROMLOJIIHGFBK08CC
竹南鎮,建物,苗栗縣竹南鎮大埔一街１３號３樓０２房,0.0,住,,,1110917,土地0建物0車位0,三層,5,套房(1房1廳1衛),住宅、店舖、停車空間,鋼筋混凝土造,1040129,15.0,1,0,1,有,有,有,5556,370,,0.0,0,承租人負擔：電費,RPQOMLOJIIHGFDK18CC
苗栗市,建物,苗栗縣苗栗市北苗里２１鄰站後南路３３號六樓,0.0,住,,,1110916,土地0建物1車位0,六層,8,華廈(10層含以下有電梯),住家用,鋼筋混凝土造,1010719,163.29000000000002,2,2,2,有,有,有,16000,98,,0.0,0,水電瓦斯、網路費及每月管理費1000元由承租人另外負擔。,RPQNMLPJIIHGFBK97CC
竹南鎮,建物,苗栗縣竹南鎮中正路２３１號１樓,0.0,住,,,1110924,土地0建物1車位0,一層,4,店面(店鋪),住商用、停車空間,鋼骨鋼筋混凝土造,0990602,217.73,0,0,0,無,無,無,85000,390,,0.0,0,由承租人負擔水費電費瓦斯費,RPTNMLPJIIHGFDK58DC
頭份市,建物,苗栗縣頭份市文化里１２鄰文化街３２巷１５弄１５之１號四樓,0.0,住,,,1110917,土地0建物1車位0,四層,6,華廈(10層含以下有電梯),住家用,鋼筋混凝土造,0830712,72.4,2,2,1,有,有,有,11900,164,,0.0,0,水電瓦斯、網路費及每月管理費1100元由承租人另外負擔。,RPRNMLPJIIHGFFK48CC
頭份市,建物,苗栗縣頭份市仁愛里４鄰銀河路３６-２號五樓,0.0,商,,,1110917,土地0建物1車位0,五層,10,套房(1房1廳1衛),住家用,鋼筋混凝土造,0871202,30.549999999999997,1,0,1,有,有,有,6500,213,,0.0,0,水電瓦斯、網路費及每月管理費629元由承租人另外負擔。,RPTNMLPJIIHGFFK68CC
頭份市,建物,苗栗縣頭份市中興里１０鄰大勇街１１巷８號,0.0,住,,,1110922,土地0建物1車位0,全,3,透天厝,住家用,鋼筋混凝土造,0880818,152.59,3,2,3,有,無,有,19600,128,,0.0,0,每月水電瓦斯、網路費由承租人另外負擔。,RPOOMLRJIIHGFFK48CC
頭份市,建物,苗栗縣頭份市田寮里９鄰南田街５５號,0.0,住,,,1110928,土地0建物1車位0,全,2,透天厝,住家用,鋼筋混凝土造,0510115,60.76,2,2,2,有,無,有,9500,156,,0.0,0,每月水電瓦斯、網路費由承租人另外負擔。,RPQOMLRJIIHGFFK68CC
苗栗市,建物,苗栗縣苗栗市水源里２５鄰陽明１２９號四樓之十四,0.0,,鄉村區,乙種建築用地,1110925,土地0建物1車位0,四層,5,套房(1房1廳1衛),住家用,鋼筋混凝土造,0851030,28.28,1,0,1,有,有,有,4500,159,,0.0,0,每月水電瓦斯、網路費由承租人另外負擔。,RPTNMLRJIIHGFBK48CC
竹南鎮,車位,苗栗縣竹南鎮科專七路２６１號 B１-１２１號車位,0.0,住,,,1110925,土地0建物0車位1,,,其他,,,,0.0,0,0,0,有,有,無,2500,,坡道平面,33.4,2500,,RPXNMLRJIIHGFDK09CC
竹南鎮,建物,苗栗縣竹南鎮正南里２５鄰環市路一段１３８巷２弄５號十樓,0.0,住,,,1110920,土地0建物1車位0,十層,16,住宅大樓(11層含以上有電梯),住家用,鋼筋混凝土造,0841125,164.01999999999998,3,2,2,有,有,有,15000,91,,0.0,0,水電瓦斯、網路費及每月管理費1950元由承租人另外負擔。,RPOOMLRJIIHGFDK28CC
竹南鎮,建物,苗栗縣竹南鎮大埔一街６號９樓 ９-３A室,0.0,住,,,1111008,土地0建物0車位0,九層,13,套房(1房1廳1衛),集合住宅,鋼筋混凝土造,1050518,58.370000000000005,1,0,1,有,有,有,8800,151,,0.0,0,承租人負擔：電費,RPSNMLSJIIHGFDK68CC
頭份市,建物,苗栗縣頭份市仁愛里銀河北路１３鄰１５號三樓之１３、仁愛里銀河北路１３鄰１５號三樓之１５,0.0,商,,,1110928,土地0建物2車位0,三層,8,華廈(10層含以下有電梯),住家用,鋼筋混凝土造,0860619,54.17,1,1,1,有,有,有,12000,222,,0.0,0,,RPTNMLLKIIHGFFK38CC
頭份市,建物,苗栗縣頭份市忠孝里１１鄰忠孝一路１１１巷１號,0.0,住,,,1110930,土地0建物1車位0,全,1,透天厝,住家用,鋼筋混凝土造,0690720,70.88,3,2,1,有,無,有,10000,141,,0.0,0,水電瓦斯費及網路費由承租人負擔。,RPROMLNKIIHGFFK48CC
苗栗市,建物,苗栗縣苗栗市福星里１１鄰中華路１９０巷３６號,0.0,住,,,1110929,土地0建物1車位0,全,2,透天厝,住家用,加強磚造,0680510,95.1,4,2,2,有,無,有,12800,135,,0.0,0,水電瓦斯費及網路費由承租人負擔。,RPTNMLNKIIHGFBK18CC
銅鑼鄉,建物,苗栗縣銅鑼鄉永樂路１之１６號,0.0,住,,,1110930,土地0建物1車位0,全,4,透天厝,住商用,鋼筋混凝土造,0720301,218.59,5,2,2,有,無,有,7000,32,,0.0,0,水電瓦斯費及網路費均由承租人負擔。,RPQNMLNKIIHGFEK18CC
三義鄉,建物,苗栗縣三義鄉廣盛村３０鄰重河１０８號,0.0,其他,,,1111001,土地0建物1車位0,全,2,透天厝,住家用,加強磚造,,145.51,1,1,1,有,無,有,12000,82,,0.0,0,水電瓦斯費及網路費由承租人負擔。,RPSNMLNKIIHGFEK38CC
竹南鎮,土地,營盤邊段山寮小段395地號,495.0,,特定農業區,農牧用地,1111013,土地1建物0車位0,,,其他,,,,0.0,0,0,0,有,無,有,38000,77,,0.0,0,租賃物為未保存登記之鋼骨鐵皮屋,RPTOMLNKIIHGFDK48CC
竹南鎮,建物,苗栗縣竹南鎮新南里１２鄰維新路３１７巷１號十樓之三,0.0,住,,,1111001,土地0建物1車位0,十層,11,住宅大樓(11層含以上有電梯),集合住宅,鋼筋混凝土造,1060218,103.44999999999999,2,2,1,有,有,有,13500,130,,0.0,0,水電瓦斯費、網路費及每月管理費2038元由承租人負擔。,RPUOMLNKIIHGFDK58CC
竹南鎮,建物,苗栗縣竹南鎮大埔一街１９７號１０樓之１,0.0,住,,,1111013,土地0建物1車位0,十層,10,華廈(10層含以下有電梯),商業用,鋼筋混凝土造,1050421,110.17,1,0,1,有,有,有,22422,204,,0.0,0,承租人負擔：電費、水費、瓦斯費、網路費、公共水費、公共電費,RPVOMLNKIIHGFDK68CC
頭份市,土地,民族段1150地號,2529.53,工,,,1111012,土地1建物0車位0,,,其他,,,,0.0,0,0,0,有,無,無,535000,212,,0.0,0,租金包含地上新建一、二樓廠房建物面積約1000坪   建物門牌為苗栗縣頭份市中華路521巷28號，水電瓦斯由承租人負擔。,RPPNMLOKIIHGFFK38DC
頭份市,房地(土地+建物),苗栗縣頭份市中華路４７８號,221.99,工,,,1110913,土地1建物1車位0,見其他登記事項,4,工廠,廠房、辦公室員工宿舍,鋼骨造,1110610,513.46,0,0,0,無,無,無,82000,,,0.0,0,,RPVNMLOKIIHGFFK88CC
竹南鎮,建物,苗栗縣竹南鎮大埔里２鄰科專五路１１０號旺鋪B６-３C,0.0,住,,,1110930,土地0建物0車位0,見其他登記事項,5,套房(1房1廳1衛),住商用、停車空間,鋼筋混凝土造,1060413,16.52,1,0,1,有,無,有,7300,442,,0.0,0,管理費由出租人負擔.第四台由出租人負擔.網路費由出租人負擔.水費由出租人負擔.電費一度4.5元由承租人負擔,RPQNMLSKIIHGFDK58CC
竹南鎮,建物,苗栗縣竹南鎮大埔里２鄰科專五路１１６號旺鋪B８-３D,0.0,住,,,1110929,土地0建物0車位0,見其他登記事項,5,套房(1房1廳1衛),住商用、停車空間,鋼筋混凝土造,1060413,16.52,1,0,1,有,無,有,7222,437,,0.0,0,管理費由出租人負擔.第四台由出租人負擔.網路費由出租人負擔.水費由出租人負擔.電費一度4.5元由承租人負擔,RPRNMLSKIIHGFDK68CC
竹南鎮,建物,苗栗縣竹南鎮大埔七街４２號４樓B室,0.0,住,,,1111015,土地0建物0車位0,四層,4,套房(1房1廳1衛),住商用、停車空間,鋼筋混凝土造,1041229,20.0,1,0,1,有,無,有,6500,325,,0.0,0,承租人承擔：電費、第四台費用,RPPOMLSKIIHGFDK58CC
竹南鎮,房地(土地+建物),苗栗縣竹南鎮南寶街２５號,92.82,住,,,1111001,土地1建物1車位0,全,2,透天厝,住家用,鋼筋混凝土造,0680724,60.47,0,2,1,有,無,無,15000,248,,0.0,0,屋主出租一樓、屋主使用樓梯、騎樓雙方共用、跟實際面積有差一些.租約1111101日至、1131031止.水費由出租人負擔、電費由承租人負擔.,RPXOMLTKIIHGFDK86CC
竹南鎮,建物,苗栗縣竹南鎮山佳里１鄰公義路２５２號,0.0,工,,,1110930,土地0建物0車位0,全,4,透天厝,工業用,鋼筋混凝土造,0941003,180.81,7,0,7,有,無,有,42000,232,,0.0,0,此為分租套房，2樓以上一層隔為9間，一間面積約為25.83平方公尺，此棟透天共出租2、3、4樓其中共7間套房，總租賃面積約為180.81平方公尺；每月水電瓦斯費由承租人另外負擔。,RPXNMLKLIIHGFDK58CC
竹南鎮,土地,大同段1237地號,1086.42,農,,,1111010,土地1建物0車位0,,,其他,,,,0.0,0,0,0,有,無,無,50000,46,,0.0,0,,RPRNMLLLIIHGFDK08CC
竹南鎮,建物,苗栗縣竹南鎮大埔街１４５號４樓後段,0.0,住,,,1111021,土地0建物0車位0,四層,4,套房(1房1廳1衛),住商用、停車空間,鋼筋混凝土造,1061229,23.0,1,0,1,有,無,有,7000,304,,0.0,0,承租人負擔：電費、第四台費用、公共電費,RPTNMLLLIIHGFDK28CC
竹南鎮,建物,苗栗縣竹南鎮大埔一街２７號５樓之３號房,0.0,,,,1111023,土地0建物0車位0,五層,5,套房(1房1廳1衛),住宅、店舖、停車空間,鋼筋混凝土造,1040129,16.3,1,0,1,有,有,有,5000,307,,0.0,0,承租人負擔：電費,RPPNMLNLIIHGFDK08CC
頭份市,建物,苗栗縣頭份市合興街２９巷７號八樓,0.0,住,,,1111001,土地0建物1車位0,八層,8,住宅大樓(11層含以上有電梯),住家用,鋼筋混凝土造,0861003,92.46000000000001,2,1,2,有,有,有,15000,162,坡道平面,0.0,0,由承租人另外負擔水、電、瓦斯、網路費用,RPQPMLOLIIHGFFK68CC
頭份市,建物,苗栗縣頭份市信義路６８５巷１５弄７號５樓,0.0,住,,,1111007,土地0建物1車位0,五層,7,華廈(10層含以下有電梯),住家用,ＲＣ造,0970918,85.16,2,2,1,有,有,有,13500,159,,0.0,0,承租人另外負擔水電瓦斯費用,RPSPMLOLIIHGFFK88CC
竹南鎮,土地,廣源段1181地號,1652.89,,工業區,丁種建築用地,1111001,土地1建物0車位0,,,其他,,,,0.0,0,0,0,有,無,無,90000,54,,0.0,0,,RPQNMLPLIIHGFDK38CC
頭份市,房地(土地+建物),苗栗縣頭份市忠孝二路１２９號１-３樓,301.0,商,,,1111001,土地1建物1車位0,全,5,透天厝,大廳停車空間旅舍,鋼筋混凝土造,0771022,739.02,0,0,0,無,無,無,18000,24,,0.0,0,,RPWNMLSLIIHGFFK86CC
竹南鎮,建物,苗栗縣竹南鎮科專二路２１３巷２６號,51.72,住,,,1111012,土地0建物0車位0,全,5,透天厝,住家用、停車空間,鋼筋混凝土造,1050301,13.22,1,0,1,有,無,有,4500,340,,0.0,0,,RPUNMLLMIIHGFDK48CC
頭份市,建物,苗栗縣頭份市中興里１３鄰建國路二段３００巷６號十三樓,0.0,住,,,1111031,土地0建物1車位0,十三層,14,住宅大樓(11層含以上有電梯),住家用,ＲＣ造,0950503,123.81,3,2,2,有,有,有,14000,113,,0.0,0,水電瓦斯費、網路費及每月管理費1600元由承租人負擔。,RPSNMLMJJIHGFFK38CC
頭份市,建物,苗栗縣頭份市文化里１５鄰八德二路２７２巷１５號九樓,0.0,住,,,1111028,土地0建物1車位0,九層,9,華廈(10層含以下有電梯),集合住宅,鋼筋混凝土造,1020807,138.51,3,2,2,有,有,有,13500,97,,0.0,0,水電瓦斯費、網路費及每月管理費1600元由承租人負擔。,RPQNMLNJJIHGFFK28CC
竹南鎮,土地,中正段80地號,118.91,住,,,1111020,土地1建物0車位0,,,其他,,,,0.0,0,0,0,有,無,有,7000,59,,0.0,0,水費、電費、瓦斯費由承租人負擔,RPTNMLOJJIHGFDK48CC
竹南鎮,建物,苗栗縣竹南鎮大埔一街６號６樓之６B房,0.0,住,,,1111105,土地0建物0車位0,六層,13,套房(1房1廳1衛),集合住宅,鋼筋混凝土造,1050518,51.03,1,0,1,有,有,有,8800,172,,0.0,0,承租人負擔：電費,RPXNMLPJJIHGFDK98CC
竹南鎮,建物,苗栗縣竹南鎮大埔十街２１０號,0.0,住,,,1111106,土地0建物0車位0,二層,5,套房(1房1廳1衛),店舖、住宅、停車空間,鋼筋混凝土造,1041119,33.0,1,1,1,有,無,有,10500,318,,0.0,0,承租人負擔：電費,RPPNMLQJJIHGFDK28CC
竹南鎮,房地(土地+建物),苗栗縣竹南鎮營盤里１８鄰營盤邊９２之１０號,108.85,住,,,1111022,土地2建物1車位0,全,3,透天厝,住家用,鋼筋混凝土造,1040907,170.01,3,2,3,有,無,有,23000,135,,0.0,0,水、電、瓦斯由承租人負擔,RPPNMLRJJIHGFDK38CC
頭份市,建物,苗栗縣頭份市東庄里６鄰富強三街５６號８樓,0.0,住,,,1111028,土地0建物1車位0,八層,15,住宅大樓(11層含以上有電梯),集合住宅,鋼筋混凝土造,1100622,128.55,3,2,2,有,有,有,16000,124,,0.0,0,水電瓦斯費、網路費及每月管理費2295元由承租人負擔。,RPQNMLRJJIHGFFK68CC
頭份市,建物,苗栗縣頭份市下興里１５鄰東興別墅７號,0.0,,山坡地保育區,丙種建築用地,1111030,土地0建物1車位0,全,3,透天厝,住家用,鋼筋混凝土造,0820607,261.53,4,3,3,有,無,有,30000,115,,0.0,0,,RPRNMLTJJIHGFFK98CC
竹南鎮,建物,苗栗縣竹南鎮科專二路２１３巷２６號,0.0,住,,,1111025,土地0建物0車位0,全,5,透天厝,住家用、停車空間,鋼筋混凝土造,1050301,13.22,1,0,1,有,無,有,4000,303,,0.0,0,房間1樓A室。水費、網路費由出租人負擔。電費由承租人負擔。沒有瓦斯、管理費。,RPQNMLTJJIHGFDK68CC
竹南鎮,建物,苗栗縣竹南鎮科專二路２１３巷２６號,0.0,住,,,1111031,土地0建物0車位0,全,5,透天厝,住家用、停車空間,鋼筋混凝土造,1050301,13.22,1,0,1,有,無,有,4000,303,,0.0,0,房間2樓B室。水費、網路費由出租人負擔。電費由承租人負擔。沒有瓦斯、管理費。,RPRNMLTJJIHGFDK78CC
竹南鎮,建物,苗栗縣竹南鎮大埔十街２０８號６樓,0.0,住,,,1111108,土地0建物0車位0,六層,6,套房(1房1廳1衛),店舖、住宅、停車空間,鋼筋混凝土造,1041119,26.78,1,0,1,有,無,有,6500,243,,0.0,0,承租人負擔：電費,RPTNMLTJJIHGFDK98CC
竹南鎮,建物,苗栗縣竹南鎮大埔一街５８號１５樓,0.0,商,,,1111110,土地0建物1車位0,十五層,15,住宅大樓(11層含以上有電梯),住家用,鋼筋混凝土造,1090915,116.96000000000001,2,1,1,有,有,有,19500,167,,0.0,0,承租人負擔：水費、電費、瓦斯費、網路費,RPXNMLKKJIHGFDK58CC
竹南鎮,建物,苗栗縣竹南鎮中正路２３１號１樓,0.0,住,,,1110929,土地0建物1車位0,一層,4,店面(店鋪),住商用、停車空間,鋼骨鋼筋混凝土造,0990602,217.73,0,0,0,無,無,無,85000,390,,0.0,0,由承租人負擔水費電費瓦斯費第1年至第5年每月租金85000元第6年至第10年每月租金100000元,RPPOMLKKJIHGFDK87CC
竹南鎮,建物,苗栗縣竹南鎮大埔一街２７號４樓之３號房,0.0,,,,1111110,土地0建物0車位0,四層,5,套房(1房1廳1衛),住宅、店舖、停車空間,鋼筋混凝土造,1040129,16.3,1,0,1,有,有,有,4800,294,,0.0,0,承租人負擔：電費,RPROMLKKJIHGFDK08CC
