﻿鄉鎮市區,交易標的,土地位置建物門牌,土地移轉總面積平方公尺,都市土地使用分區,非都市土地使用分區,非都市土地使用編定,交易年月日,交易筆棟數,移轉層次,總樓層數,建物型態,主要用途,主要建材,建築完成年月,建物移轉總面積平方公尺,建物現況格局-房,建物現況格局-廳,建物現況格局-衛,建物現況格局-隔間,有無管理組織,總價元,單價元平方公尺,車位類別,車位移轉總面積平方公尺,車位總價元,備註,編號,建案名稱,棟及號
The villages and towns urban district,transaction sign,land sector position building sector house number plate,land shifting total area square meter,the use zoning or compiles and checks,the non-metropolis land use district,non-metropolis land use,transaction year month and day,transaction pen number,shifting level,total floor number,building state,main use,main building materials,construction to complete the years,building shifting total area,Building present situation pattern - room,building present situation pattern - hall,building present situation pattern - health,building present situation pattern - compartmented,Whether there is manages the organization,total price NTD,the unit price (NTD / square meter),the berth category,berth shifting total area square meter,the berth total price NTD,the note,serial number,build case,buildings
新竹市,房地(土地+建物),新竹市新竹市中華路六段647巷136弄,100.86,,山坡地保育區,丙種建築用地,1110820,土地4建物1車位0,全,3,透天厝,住家用,鋼筋混凝土造,,130.52,3,2,3,有,無,12200000,93472,,0.0,0,,RPPNMLMLQHHGFAO68CB,沐清城,C棟8號
新竹市,房地(土地+建物),新竹市新竹市中華路六段647巷136弄,124.49,,山坡地保育區,丙種建築用地,1110819,土地5建物1車位0,全,3,透天厝,住家用,鋼筋混凝土造,,130.52,3,2,3,有,無,12840000,98376,,0.0,0,,RPQNMLMLQHHGFAO78CB,沐清城,B棟17號
新竹市,房地(土地+建物)+車位,新竹市新竹市北區金雅八街與金雅東街口,30.87,,鄉村區,乙種建築用地,1110816,土地1建物1車位1,二層,10,華廈(10層含以下有電梯),住家用,鋼筋混凝土造,,151.52,3,2,2,有,無,17150000,125594,坡道平面,29.46,1820000,,RPPNMLOLQHHGFAO88CB,昕觀邸,B3棟2號
新竹市,房地(土地+建物)+車位,新竹市新竹市北區金雅八街與金雅東街口,36.62,,鄉村區,乙種建築用地,1110816,土地1建物1車位1,十層,10,華廈(10層含以下有電梯),住家用,鋼筋混凝土造,,174.31,3,2,2,有,無,21880000,137798,坡道平面,29.46,1920000,,RPQNMLOLQHHGFAO98CB,昕觀邸,A1棟10號
新竹市,房地(土地+建物)+車位,新竹市新竹市北區金雅八街與金雅東街口,20.61,,鄉村區,乙種建築用地,1110823,土地1建物1車位1,九層,10,華廈(10層含以下有電梯),住家用,鋼筋混凝土造,,110.96,2,2,1,有,無,13200000,139632,坡道平面,29.46,1820000,,RPPNMLPLQHHGFAO98CB,昕觀邸,B2棟9號
新竹市,房地(土地+建物)+車位,新竹市新竹市北區金雅八街與金雅東街口,20.61,,鄉村區,乙種建築用地,1110823,土地1建物1車位1,七層,10,華廈(10層含以下有電梯),住家用,鋼筋混凝土造,,110.5,2,2,1,有,無,13000000,137957,坡道平面,29.46,1820000,,RPQNMLPLQHHGFAO09CB,昕觀邸,C2棟7號
新竹市,房地(土地+建物)+車位,新竹市新竹市北區金雅八街與金雅東街口,20.61,,鄉村區,乙種建築用地,1110823,土地1建物1車位1,七層,10,華廈(10層含以下有電梯),住家用,鋼筋混凝土造,,109.86,2,2,1,有,無,13000000,138405,坡道平面,28.36,1720000,,RPRNMLPLQHHGFAO56CB,昕觀邸,B2棟7號
新竹市,房地(土地+建物)+車位,新竹市新竹市北區金雅八街與金雅東街口,32.84,,鄉村區,乙種建築用地,1110823,土地1建物1車位2,二層,10,華廈(10層含以下有電梯),住家用,鋼筋混凝土造,,188.07,3,2,2,有,無,19700000,124352,坡道平面,58.92,3640000,,RPSNMLPLQHHGFAO66CB,昕觀邸,C1棟2號
新竹市,房地(土地+建物)+車位,新竹市新竹市埔頂路,65.84,工,,,1110812,土地1建物1車位3,四層,11,工廠,見其他登記事項,鋼筋混凝土造,,378.83,0,0,0,無,無,34380000,,坡道平面,98.88,5300000,,RPPNMLTLQHHGFAO76CB,A TEAM,A棟4號
新竹市,房地(土地+建物)+車位,新竹市新竹市埔頂路,65.84,工,,,1110816,土地1建物1車位4,三層,11,工廠,見其他登記事項,鋼筋混凝土造,,417.59,0,0,0,無,無,35500000,,坡道平面,137.64,7000000,,RPQNMLTLQHHGFAO86CB,A TEAM,A棟3號
新竹市,房地(土地+建物)+車位,新竹市新竹市中央路281巷,22.31,住,,,1110814,土地1建物1車位1,六層,7,華廈(10層含以下有電梯),住家用,鋼筋混凝土造,,140.1,3,2,2,有,無,23620000,162174,塔式車位,8.02,2200000,,RPPNMLLJRHHGFAO48CB,實美築,6A號
新竹市,房地(土地+建物)+車位,新竹市新竹市中央路281巷,22.31,住,,,1110813,土地1建物1車位1,二層,7,華廈(10層含以下有電梯),住家用,鋼筋混凝土造,,140.1,3,2,2,有,無,22600000,154452,塔式車位,8.02,2200000,,RPQNMLLJRHHGFAO58CB,實美築,2A號
新竹市,房地(土地+建物)+車位,新竹市新竹市金雅路、金雅八街交叉口,32.45,,鄉村區,乙種建築用地,1110813,土地1建物1車位1,四層,12,住宅大樓(11層含以上有電梯),住家用,鋼筋混凝土造,,158.78,3,2,2,有,無,17650000,125555,坡道平面,32.62,1810000,,RPPNMLPJRHHGFAO88CB,悅佳.川青,A1-4F號
新竹市,房地(土地+建物)+車位,新竹市新竹市金雅路、金雅八街交叉口,21.31,,鄉村區,乙種建築用地,1110902,土地1建物1車位1,七層,12,住宅大樓(11層含以上有電梯),住家用,鋼筋混凝土造,,115.46,2,2,1,有,無,13000000,135080,坡道平面,32.62,1810000,,RPQNMLPJRHHGFAO98CB,悅佳.川青,A2-7F號
新竹市,房地(土地+建物)+車位,新竹市新竹市金雅路、金雅八街交叉口,21.31,,鄉村區,乙種建築用地,1110831,土地1建物1車位1,十層,12,住宅大樓(11層含以上有電梯),住家用,鋼筋混凝土造,,115.46,2,2,1,有,無,10490000,106591,坡道平面,32.62,1660000,交易總價含下列非屬預售屋價格之費用:親友、員工、共有人或其他特殊關係間之交易；,RPRNMLPJRHHGFAO09CB,悅佳.川青,A2-10F號
新竹市,房地(土地+建物)+車位,新竹市新竹市金雅路、金雅八街交叉口,29.08,,鄉村區,乙種建築用地,1110825,土地1建物1車位1,三層,12,住宅大樓(11層含以上有電梯),住家用,鋼筋混凝土造,,145.66,3,2,2,有,無,16070000,126150,坡道平面,32.62,1810000,,RPSNMLPJRHHGFAO56CB,悅佳.川青,A3-3F號
新竹市,房地(土地+建物)+車位,新竹市新竹市金雅路、金雅八街交叉口,29.08,,鄉村區,乙種建築用地,1110820,土地1建物1車位1,十二層,12,住宅大樓(11層含以上有電梯),住家用,鋼筋混凝土造,,145.66,3,2,2,有,無,16890000,132519,坡道平面,32.62,1910000,,RPTNMLPJRHHGFAO66CB,悅佳.川青,A3-12F號
新竹市,房地(土地+建物)+車位,新竹市新竹市金雅路、金雅八街交叉口,32.45,,鄉村區,乙種建築用地,1110817,土地1建物1車位1,五層,12,住宅大樓(11層含以上有電梯),住家用,鋼筋混凝土造,,159.99,3,2,2,有,無,18580000,130879,坡道平面,32.62,1910000,,RPUNMLPJRHHGFAO76CB,悅佳.川青,B1-5F號
新竹市,房地(土地+建物)+車位,新竹市新竹市金雅路、金雅八街交叉口,32.45,,鄉村區,乙種建築用地,1110813,土地1建物1車位1,八層,12,住宅大樓(11層含以上有電梯),住家用,鋼筋混凝土造,,159.99,3,2,2,有,無,19150000,136139,坡道平面,32.62,1810000,,RPVNMLPJRHHGFAO86CB,悅佳.川青,B1-8F號
新竹市,房地(土地+建物)+車位,新竹市新竹市金雅路、金雅八街交叉口,21.27,,鄉村區,乙種建築用地,1110827,土地1建物1車位1,七層,12,住宅大樓(11層含以上有電梯),住家用,鋼筋混凝土造,,116.13,2,2,1,有,無,13160000,135912,坡道平面,32.62,1810000,,RPWNMLPJRHHGFAO96CB,悅佳.川青,B2-7F號
新竹市,房地(土地+建物),新竹市新竹市民權路268巷,8.98,住,,,1110813,土地1建物1車位0,二層,7,華廈(10層含以下有電梯),住家用,鋼筋混凝土造,,41.63,1,0,1,有,無,6660000,159981,,0.0,0,,RPPPMLPJRHHGFAO09CB,PARK268,A1棟2F號
新竹市,房地(土地+建物),新竹市新竹市民權路268巷,7.99,住,,,1110813,土地1建物1車位0,二層,7,華廈(10層含以下有電梯),住家用,鋼筋混凝土造,,36.92,1,0,1,有,無,5910000,160076,,0.0,0,,RPQPMLPJRHHGFAO56CB,PARK268,A2棟2F號
新竹市,房地(土地+建物),新竹市新竹市民權路268巷,7.53,住,,,1110813,土地1建物1車位0,四層,7,華廈(10層含以下有電梯),住家用,鋼筋混凝土造,,35.04,1,0,1,有,無,5490000,156678,,0.0,0,,RPRPMLPJRHHGFAO66CB,PARK268,D1棟4F號
新竹市,房地(土地+建物),新竹市新竹市民權路268巷,9.65,住,,,1110813,土地1建物1車位0,四層,7,華廈(10層含以下有電梯),住家用,鋼筋混凝土造,,44.72,1,0,1,有,無,7010000,156753,,0.0,0,,RPSPMLPJRHHGFAO76CB,PARK268,D2棟4F號
新竹市,房地(土地+建物)+車位,新竹市新竹市民權路268巷,9.65,住,,,1110813,土地1建物1車位1,五層,7,華廈(10層含以下有電梯),住家用,鋼筋混凝土造,,66.94,1,0,1,有,無,9510000,156683,一樓平面,22.2,2500000,,RPTPMLPJRHHGFAO86CB,PARK268,C1棟5F號
新竹市,房地(土地+建物),新竹市新竹市民權路268巷,7.53,住,,,1110813,土地1建物1車位0,五層,7,華廈(10層含以下有電梯),住家用,鋼筋混凝土造,,35.04,1,0,1,有,無,5490000,156678,,0.0,0,,RPUPMLPJRHHGFAO96CB,PARK268,C2棟5F號
新竹市,房地(土地+建物)+車位,新竹市新竹市民權路268巷,7.53,住,,,1110813,土地1建物1車位1,五層,7,華廈(10層含以下有電梯),住家用,鋼筋混凝土造,,57.73,1,0,1,有,無,8020000,157534,一樓平面,22.69,2500000,,RPVPMLPJRHHGFAO07CB,PARK268,D1棟5F號
新竹市,房地(土地+建物),新竹市新竹市民權路268巷,9.65,住,,,1110813,土地1建物1車位0,五層,7,華廈(10層含以下有電梯),住家用,鋼筋混凝土造,,44.72,1,0,1,有,無,7050000,157648,,0.0,0,,RPWPMLPJRHHGFAO17CB,PARK268,D2棟5F號
新竹市,房地(土地+建物),新竹市新竹市民權路268巷,9.65,住,,,1110813,土地1建物1車位0,四層,7,華廈(10層含以下有電梯),住家用,鋼筋混凝土造,,44.74,1,0,1,有,無,6940000,155118,,0.0,0,,RPXPMLPJRHHGFAO27CB,PARK268,C1棟4F號
新竹市,房地(土地+建物),新竹市新竹市民權路268巷,7.53,住,,,1110813,土地1建物1車位0,四層,7,華廈(10層含以下有電梯),住家用,鋼筋混凝土造,,35.04,1,0,1,有,無,5440000,155251,,0.0,0,,RPOQMLPJRHHGFAO09CB,PARK268,C2棟4F號
新竹市,房地(土地+建物),新竹市新竹市民權路268巷,7.95,住,,,1110813,土地1建物1車位0,四層,7,華廈(10層含以下有電梯),住家用,鋼筋混凝土造,,36.92,1,0,1,有,無,6010000,162784,,0.0,0,,RPPQMLPJRHHGFAO56CB,PARK268,B1棟4F號
新竹市,房地(土地+建物),新竹市新竹市民權路268巷,9.73,住,,,1110813,土地1建物1車位0,四層,7,華廈(10層含以下有電梯),住家用,鋼筋混凝土造,,45.16,1,0,1,有,無,7350000,162755,,0.0,0,,RPQQMLPJRHHGFAO66CB,PARK268,B2棟4F號
新竹市,房地(土地+建物),新竹市新竹市民權路268巷,8.98,住,,,1110813,土地1建物1車位0,三層,7,華廈(10層含以下有電梯),住家用,鋼筋混凝土造,,41.63,1,0,1,有,無,6900000,165746,,0.0,0,,RPRQMLPJRHHGFAO76CB,PARK268,A1棟3F號
新竹市,房地(土地+建物),新竹市新竹市民權路268巷,7.95,住,,,1110813,土地1建物1車位0,三層,7,華廈(10層含以下有電梯),住家用,鋼筋混凝土造,,36.92,1,0,1,有,無,6150000,166576,,0.0,0,,RPSQMLPJRHHGFAO86CB,PARK268,A2棟3F號
新竹市,房地(土地+建物),新竹市新竹市民權路268巷,8.98,住,,,1110814,土地1建物1車位0,五層,7,華廈(10層含以下有電梯),住家用,鋼筋混凝土造,,41.63,1,0,1,有,無,7020000,168628,,0.0,0,,RPTQMLPJRHHGFAO96CB,PARK268,A1棟5F號
新竹市,房地(土地+建物),新竹市新竹市民權路268巷,7.95,住,,,1110814,土地1建物1車位0,五層,7,華廈(10層含以下有電梯),住家用,鋼筋混凝土造,,36.92,1,0,1,有,無,6240000,169014,,0.0,0,,RPUQMLPJRHHGFAO07CB,PARK268,A2棟5F號
新竹市,房地(土地+建物),新竹市新竹市民權路268巷,9.65,住,,,1110821,土地1建物1車位0,三層,7,華廈(10層含以下有電梯),住家用,鋼筋混凝土造,,44.74,1,0,1,有,無,6980000,156013,,0.0,0,,RPVQMLPJRHHGFAO17CB,PARK268,C1棟3F號
新竹市,房地(土地+建物),新竹市新竹市民權路268巷,7.53,住,,,1110821,土地1建物1車位0,三層,7,華廈(10層含以下有電梯),住家用,鋼筋混凝土造,,35.04,1,0,1,有,無,5470000,156107,,0.0,0,,RPWQMLPJRHHGFAO27CB,PARK268,C2棟3F號
新竹市,房地(土地+建物)+車位,新竹市新竹市民族路67巷,20.67,住,,,1110815,土地3建物1車位1,五層,7,華廈(10層含以下有電梯),住家用,鋼筋混凝土造,,108.87,3,2,2,有,無,14800000,148123,其他,19.08,1500000,,RPPNMLSJRHHGFAO66DB,龍國大謙,A2棟5樓號
新竹市,房地(土地+建物)+車位,新竹市新竹市民族路67巷,20.67,住,,,1110815,土地3建物1車位1,六層,7,華廈(10層含以下有電梯),住家用,鋼筋混凝土造,,108.87,3,2,2,有,無,14800000,148123,其他,19.08,1500000,,RPQNMLSJRHHGFAO76DB,龍國大謙,A2棟6樓號
新竹市,房地(土地+建物)+車位,新竹市新竹市民族路67巷,19.82,住,,,1110815,土地3建物1車位1,六層,7,華廈(10層含以下有電梯),住家用,鋼筋混凝土造,,105.12,2,2,2,有,無,14000000,145281,其他,19.08,1500000,,RPRNMLSJRHHGFAO86DB,龍國大謙,A1棟6樓號
新竹市,房地(土地+建物)+車位,新竹市新竹市北區金雅路與金雅八街口,31.85,,鄉村區,乙種建築用地,1110816,土地1建物1車位1,七層,10,華廈(10層含以下有電梯),住家用,鋼筋混凝土造,,156.13,3,2,2,有,無,10010000,70905,坡道平面,30.61,1110000,,RPPNMLTJRHHGFAO76DB,昕景澤,C1棟7號
新竹市,房地(土地+建物)+車位,新竹市新竹市草漯街,137.82,,一般農業區,丙種建築用地,1110821,土地3建物1車位0,全,3,透天厝,住家用,鋼筋混凝土造,,211.94,4,1,5,有,無,20480000,96631,,0.0,0,,RPPNMLTJRHHGFAO66CB,森活新墅,C10棟0號
新竹市,房地(土地+建物)+車位,新竹市新竹市北區金雅八街與金雅東街口,30.87,,鄉村區,乙種建築用地,1110903,土地1建物1車位1,二層,10,華廈(10層含以下有電梯),住家用,鋼筋混凝土造,,150.83,3,2,2,有,無,17240000,127050,坡道平面,29.46,1820000,,RPQNMLTJRHHGFAO76CB,昕觀邸,C3棟2號
新竹市,房地(土地+建物)+車位,新竹市新竹市北區金雅八街與金雅東街口,32.84,,鄉村區,乙種建築用地,1110903,土地1建物1車位1,三層,10,華廈(10層含以下有電梯),住家用,鋼筋混凝土造,,158.61,3,2,2,有,無,18230000,127062,坡道平面,29.46,1820000,,RPRNMLTJRHHGFAO86CB,昕觀邸,C1棟3號
新竹市,房地(土地+建物)+車位,新竹市新竹市北區金雅八街與金雅東街口,32.84,,鄉村區,乙種建築用地,1110830,土地1建物1車位1,二層,10,華廈(10層含以下有電梯),住家用,鋼筋混凝土造,,159.34,3,2,2,有,無,18400000,126886,坡道平面,29.46,1920000,,RPSNMLTJRHHGFAO96CB,昕觀邸,B1棟2號
新竹市,房地(土地+建物)+車位,新竹市新竹市香檳街,74.39,,山坡地保育區,丁種建築用地,1110826,土地2建物1車位4,八層,8,工廠,工業用,鋼筋混凝土造,,382.13,0,0,0,無,無,26760000,,坡道平面,92.14,3950000,,RPPNMLNKRHHGFAO78CB,大綠景景觀科技園區,D棟8號
新竹市,房地(土地+建物),新竹市新竹市香檳街,271.29,,山坡地保育區,丁種建築用地,1110830,土地3建物1車位0,全,1,工廠,工業用,見其他登記事項,,164.22,0,0,0,無,無,32800000,,,0.0,0,,RPQNMLNKRHHGFAO88CB,大前瞻景觀科技園區,A1棟0號
新竹市,房地(土地+建物),新竹市新竹市香檳街,274.33,,山坡地保育區,丁種建築用地,1110831,土地3建物1車位0,全,1,工廠,工業用,見其他登記事項,,159.39,0,0,0,無,無,31500000,,,0.0,0,,RPRNMLNKRHHGFAO98CB,大前瞻景觀科技園區,A3-1棟0號
新竹市,房地(土地+建物),新竹市新竹市香檳街,321.66,,山坡地保育區,丁種建築用地,1110831,土地3建物1車位0,全,1,工廠,工業用,見其他登記事項,,164.86,0,0,0,無,無,27600000,,,0.0,0,,RPSNMLNKRHHGFAO09CB,大前瞻景觀科技園區,A25棟0號
新竹市,房地(土地+建物),新竹市新竹市香檳街,300.59,,山坡地保育區,丁種建築用地,1110831,土地3建物1車位0,全,1,工廠,工業用,見其他登記事項,,161.02,0,0,0,無,無,28680000,,,0.0,0,,RPTNMLNKRHHGFAO56CB,大前瞻景觀科技園區,A26棟0號
,車位,新竹市新竹市介壽路,0.0,,,,1110818,土地0建物1車位1,地下三層,24,住宅大樓(11層含以上有電梯),停車空間,鋼筋混凝土造,,28.66,0,0,0,無,無,1600000,,坡道平面,28.66,1600000,,RPQNMLOKRHHGFAO98CB,大方,0號
,車位,新竹市新竹市介壽路,0.0,,,,1110818,土地0建物1車位1,地下三層,24,住宅大樓(11層含以上有電梯),停車空間,鋼筋混凝土造,,28.66,0,0,0,無,無,1600000,,坡道平面,28.66,1600000,,RPRNMLOKRHHGFAO09CB,大方,0號
,車位,新竹市新竹市介壽路,0.0,,,,1110829,土地0建物1車位2,地下三層,24,住宅大樓(11層含以上有電梯),停車空間,鋼筋混凝土造,,57.32,0,0,0,無,無,3200000,,坡道平面,57.32,3200000,編號A1棟8號加購車位,RPSNMLOKRHHGFAO56CB,大方,0號
新竹市,房地(土地+建物),新竹市新竹市北門街,11.63,商,,,1110826,土地3建物1車位0,六層,11,住宅大樓(11層含以上有電梯),住家用,鋼筋混凝土造,,73.69,2,2,1,有,無,8880000,120505,,0.0,0,,RPPNMLPKRHHGFAO98CB,北門峰閣,6B號
新竹市,房地(土地+建物),新竹市新竹市港南五街,69.73,,鄉村區,乙種建築用地,1110831,土地1建物1車位0,全,4,透天厝,住家用,鋼筋混凝土造,,170.99,5,2,4,有,無,15200000,88894,,0.0,0,,RPPNMLSKRHHGFAO66CB,百川沐NO.9,A2棟0號
新竹市,房地(土地+建物),新竹市新竹市港南五街,72.1,,鄉村區,乙種建築用地,1110824,土地1建物1車位0,全,4,透天厝,住家用,鋼筋混凝土造,,169.05,5,2,4,有,無,15500000,91689,,0.0,0,,RPQNMLSKRHHGFAO76CB,百川沐NO.9,A3棟0號
新竹市,房地(土地+建物)+車位,新竹市新竹市西濱路一段,17.05,住,,,1110908,土地1建物1車位1,十五層,15,住宅大樓(11層含以上有電梯),住家用,鋼筋混凝土造,,102.42,2,2,2,有,無,9150000,103422,坡道機械,22.65,900000,,RPPNMLTKRHHGFAO86DB,綠光森林30成家,D棟15號
新竹市,房地(土地+建物)+車位,新竹市新竹市西濱路一段,17.05,住,,,1110908,土地1建物1車位1,十五層,15,住宅大樓(11層含以上有電梯),住家用,鋼筋混凝土造,,102.42,2,2,2,有,無,9050000,103422,坡道機械,22.65,800000,,RPQNMLTKRHHGFAO96DB,綠光森林30成家,E棟15號
新竹市,房地(土地+建物),新竹市新竹市經國路 一段315巷6弄旁,104.78,住,,,1110917,土地3建物1車位0,全,5,透天厝,住家用,鋼筋混凝土造,,287.98,4,2,5,有,無,36000000,125009,,0.0,0,,RPPNMLKLRHHGFAO58CB,九如行館,A棟1號
新竹市,房地(土地+建物)+車位,新竹市新竹市光華街52巷3號,60.5,住,,,1110910,土地1建物1車位1,三層,5,華廈(10層含以下有電梯),住家用,混凝土造,,204.55,4,2,2,有,無,26650000,132032,一樓平面,21.64,2500000,,RPQNMLLLRHHGFAO78CB,創薪匠之椿,3F號
新竹市,房地(土地+建物),新竹市新竹市香檳街,262.53,,山坡地保育區,丁種建築用地,1110912,土地3建物1車位0,全,1,工廠,工業用,見其他登記事項,,159.39,0,0,0,無,無,31380000,,,0.0,0,,RPSNMLLLRHHGFAO98CB,大前瞻景觀科技園區,A2棟0號
新竹市,房地(土地+建物),新竹市新竹市埔頂路126巷37弄,47.2,住,,,1110916,土地2建物1車位0,二層,5,華廈(10層含以下有電梯),住家用,鋼筋混凝土造,,126.11,2,2,2,有,無,18800000,149076,,0.0,0,,RPRNMLMLRHHGFAO98CB,點藏居,2樓號
新竹市,房地(土地+建物),新竹市新竹市埔頂路126巷37弄,47.2,住,,,1110913,土地2建物1車位0,三層,5,華廈(10層含以下有電梯),住家用,鋼筋混凝土造,,126.11,2,2,2,有,無,21880000,173499,,0.0,0,,RPSNMLMLRHHGFAO09CB,點藏居,3樓號
新竹市,房地(土地+建物)+車位,新竹市新竹市北區金雅八街與金雅東街口,32.84,,鄉村區,乙種建築用地,1110913,土地1建物1車位1,六層,10,華廈(10層含以下有電梯),住家用,鋼筋混凝土造,,158.61,3,2,2,有,無,19000000,133024,坡道平面,29.46,1820000,,RPTNMLMLRHHGFAO56CB,昕觀邸,C1棟6號
新竹市,房地(土地+建物)+車位,新竹市新竹市北區金雅八街與金雅東街口,20.61,,鄉村區,乙種建築用地,1110920,土地1建物1車位1,八層,10,華廈(10層含以下有電梯),住家用,鋼筋混凝土造,,109.86,2,2,1,有,無,13160000,139141,坡道平面,28.36,1820000,,RPUNMLMLRHHGFAO66CB,昕觀邸,B2棟8號
新竹市,房地(土地+建物)+車位,新竹市新竹市北區金雅八街與金雅東街口,32.84,,鄉村區,乙種建築用地,1110913,土地1建物1車位1,五層,10,華廈(10層含以下有電梯),住家用,鋼筋混凝土造,,158.61,3,2,2,有,無,18800000,130701,坡道平面,29.46,1920000,,RPVNMLMLRHHGFAO76CB,昕觀邸,C1棟5號
新竹市,房地(土地+建物),新竹市新竹市民族路67巷,19.82,住,,,1110922,土地3建物1車位0,三層,7,華廈(10層含以下有電梯),住家用,鋼筋混凝土造,,86.04,2,2,2,有,無,12000000,139470,,0.0,0,,RPPNMLMLRHHGFAO88DB,龍國大謙,A1棟3樓號
新竹市,房地(土地+建物),新竹市新竹市民族路67巷,19.82,住,,,1110922,土地3建物1車位0,四層,7,華廈(10層含以下有電梯),住家用,鋼筋混凝土造,,86.04,2,2,2,有,無,12000000,139470,,0.0,0,,RPQNMLMLRHHGFAO98DB,龍國大謙,A1棟4樓號
新竹市,房地(土地+建物)+車位,新竹市新竹市埔頂路,73.55,工,,,1110907,土地1建物1車位4,四層,11,工廠,見其他登記事項,鋼筋混凝土造,,431.3,0,0,0,無,無,36820000,,坡道平面,118.64,5700000,,RPQNMLNLRHHGFAO98CB,A TEAM,B棟4號
新竹市,房地(土地+建物)+車位,新竹市新竹市埔頂路,65.84,工,,,1110914,土地1建物1車位5,五層,11,工廠,見其他登記事項,鋼筋混凝土造,,437.66,0,0,0,無,無,38100000,,坡道平面,157.71,8500000,,RPRNMLNLRHHGFAO09CB,A TEAM,A棟5號
新竹市,房地(土地+建物)+車位,新竹市新竹市埔頂路,74.3,工,,,1110914,土地1建物1車位4,五層,11,工廠,見其他登記事項,鋼筋混凝土造,,427.98,0,0,0,無,無,39300000,,坡道平面,112.07,6900000,,RPSNMLNLRHHGFAO56CB,A TEAM,B棟5號
新竹市,房地(土地+建物)+車位,新竹市新竹市埔頂路,73.81,工,,,1110914,土地1建物1車位4,五層,11,工廠,見其他登記事項,鋼筋混凝土造,,426.02,0,0,0,無,無,39100000,,坡道平面,112.07,6500000,,RPTNMLNLRHHGFAO66CB,A TEAM,C棟5號
新竹市,房地(土地+建物)+車位,新竹市新竹市埔頂路,75.45,工,,,1110914,土地1建物1車位4,五層,11,工廠,見其他登記事項,鋼筋混凝土造,,467.45,0,0,0,無,無,40050000,,坡道平面,146.62,7600000,,RPUNMLNLRHHGFAO76CB,A TEAM,D棟5號
新竹市,房地(土地+建物)+車位,新竹市新竹市埔頂路,77.09,工,,,1110914,土地1建物1車位5,五層,11,工廠,見其他登記事項,鋼筋混凝土造,,484.76,0,0,0,無,無,43250000,,坡道平面,157.02,8500000,,RPVNMLNLRHHGFAO86CB,A TEAM,E棟5號
新竹市,房地(土地+建物)+車位,新竹市新竹市埔頂路,84.36,工,,,1110914,土地1建物1車位4,五層,11,工廠,見其他登記事項,鋼筋混凝土造,,466.26,0,0,0,無,無,44580000,,坡道平面,107.58,7100000,,RPWNMLNLRHHGFAO96CB,A TEAM,F棟5號
新竹市,房地(土地+建物)+車位,新竹市新竹市埔頂路,76.51,工,,,1110919,土地1建物1車位6,四層,11,工廠,見其他登記事項,鋼筋混凝土造,,478.12,0,0,0,無,無,44000000,,坡道平面,152.79,10050000,,RPXNMLNLRHHGFAO07CB,A TEAM,F棟4號
新竹市,房地(土地+建物),新竹市新竹市草漯街,129.98,,一般農業區,丙種建築用地,1110916,土地3建物1車位0,全,3,透天厝,住家用,鋼筋混凝土造,,194.76,4,1,5,有,無,18570000,95348,,0.0,0,,RPPNMLOLRHHGFAO98CB,森活新墅,A2棟0號
新竹市,房地(土地+建物),新竹市新竹市草漯街,132.13,,一般農業區,丙種建築用地,1110908,土地3建物1車位0,全,3,透天厝,住家用,鋼筋混凝土造,,198.34,4,1,5,有,無,19090000,96249,,0.0,0,,RPQNMLOLRHHGFAO09CB,森活新墅,B10棟0號
新竹市,房地(土地+建物),新竹市新竹市草漯街,136.66,,一般農業區,丙種建築用地,1110911,土地3建物1車位0,全,3,透天厝,住家用,鋼筋混凝土造,,211.94,4,1,5,有,無,21290000,100453,,0.0,0,,RPRNMLOLRHHGFAO56CB,森活新墅,D5棟0號
新竹市,房地(土地+建物),新竹市新竹市草漯街,230.5,,一般農業區,丙種建築用地,1110827,土地3建物1車位0,全,3,透天厝,住家用,鋼筋混凝土造,,218.02,4,1,5,有,無,22050000,101138,,0.0,0,,RPSNMLOLRHHGFAO66CB,森活新墅,D13棟0號
新竹市,房地(土地+建物)+車位,新竹市新竹市仲生路1號2樓,91.27,,山坡地保育區,丙種建築用地,1110915,土地3建物1車位1,二層,5,華廈(10層含以下有電梯),住家用,鋼筋混凝土造,,179.68,4,2,2,有,無,14480000,84998,升降機械,10.5,100000,,RPTNMLRLRHHGFAO07CB,青山博舍,1棟2號
新竹市,房地(土地+建物)+車位,新竹市新竹市仲生路1號3樓,91.27,,山坡地保育區,丙種建築用地,1110904,土地3建物1車位1,三層,5,華廈(10層含以下有電梯),住家用,鋼筋混凝土造,,179.68,4,2,2,有,無,14580000,85589,升降機械,10.5,100000,,RPUNMLRLRHHGFAO17CB,青山博舍,1棟3號
新竹市,房地(土地+建物)+車位,新竹市新竹市仲生路1號4樓,91.27,,山坡地保育區,丙種建築用地,1110911,土地3建物1車位1,四層,5,華廈(10層含以下有電梯),住家用,鋼筋混凝土造,,179.68,4,2,2,有,無,14580000,85589,升降機械,10.5,100000,,RPWNMLRLRHHGFAO37CB,青山博舍,1棟4號
新竹市,房地(土地+建物)+車位,新竹市新竹市仲生路1號1樓,55.71,,山坡地保育區,丙種建築用地,1110908,土地3建物1車位4,一層,5,華廈(10層含以下有電梯),住家用,鋼筋混凝土造,,158.74,2,2,1,有,無,12800000,85214,坡道平面,55.47,4000000,,RPOOMLRLRHHGFAO66CB,青山博舍,1棟1號
新竹市,房地(土地+建物)+車位,新竹市新竹市金雅路、金雅八街交叉口,32.45,,鄉村區,乙種建築用地,1110922,土地1建物1車位1,二層,12,住宅大樓(11層含以上有電梯),住家用,鋼筋混凝土造,,158.78,3,2,2,有,無,18240000,130231,坡道平面,32.62,1810000,,RPPNMLNJIIHGFAO87CB,悅佳.川青,A1-2F號
新竹市,房地(土地+建物)+車位,新竹市新竹市金雅路、金雅八街交叉口,32.45,,鄉村區,乙種建築用地,1110930,土地1建物1車位1,十層,12,住宅大樓(11層含以上有電梯),住家用,鋼筋混凝土造,,158.78,3,2,2,有,無,18990000,136176,坡道平面,32.62,1810000,,RPQNMLNJIIHGFAO97CB,悅佳.川青,A1-10F號
新竹市,房地(土地+建物)+車位,新竹市新竹市金雅路、金雅八街交叉口,21.31,,鄉村區,乙種建築用地,1110909,土地1建物1車位1,六層,12,住宅大樓(11層含以上有電梯),住家用,鋼筋混凝土造,,115.46,2,2,1,有,無,13000000,135080,坡道平面,32.62,1810000,,RPRNMLNJIIHGFAO08CB,悅佳.川青,A2-6F號
新竹市,房地(土地+建物)+車位,新竹市新竹市金雅路、金雅八街交叉口,29.08,,鄉村區,乙種建築用地,1110909,土地1建物1車位1,六層,12,住宅大樓(11層含以上有電梯),住家用,鋼筋混凝土造,,145.66,3,2,2,有,無,17000000,134377,坡道平面,32.62,1810000,,RPSNMLNJIIHGFAO18CB,悅佳.川青,A3-6F號
新竹市,房地(土地+建物)+車位,新竹市新竹市金雅路、金雅八街交叉口,21.27,,鄉村區,乙種建築用地,1110920,土地1建物1車位1,六層,12,住宅大樓(11層含以上有電梯),住家用,鋼筋混凝土造,,116.13,2,2,1,有,無,13300000,136391,坡道平面,32.62,1910000,,RPTNMLNJIIHGFAO28CB,悅佳.川青,B2-6F號
新竹市,房地(土地+建物),新竹市新竹市經國路一段315巷6弄旁,94.78,住,,,1111002,土地3建物1車位0,全,5,透天厝,住家用,鋼筋混凝土造,,285.56,4,2,5,有,無,34500000,120815,,0.0,0,,RPPNMLOJIIHGFAO97CB,九如行館,A棟3號
新竹市,房地(土地+建物),新竹市新竹市經國路一段315巷6弄旁,122.78,住,,,1111005,土地3建物1車位0,全,5,透天厝,住家用,鋼筋混凝土造,,287.98,4,2,5,有,無,39000000,135426,,0.0,0,,RPQNMLPJIIHGFAO18CB,九如行館,B棟5號
新竹市,房地(土地+建物)+車位,新竹市新竹市北區金雅路與金雅八街口,34.91,,鄉村區,乙種建築用地,1110928,土地1建物1車位1,一層,9,店面(店鋪),商業用,鋼筋混凝土造,,171.03,0,0,1,無,無,21000000,142048,坡道平面,33.4,1450000,,RPPNMLRJIIHGFAO28CB,昕景澤,S7棟1號
新竹市,房地(土地+建物)+車位,新竹市新竹市北區金雅八街與金雅東街口,30.87,,鄉村區,乙種建築用地,1110928,土地1建物1車位1,五層,10,華廈(10層含以下有電梯),住家用,鋼筋混凝土造,,150.83,3,2,2,有,無,18000000,132487,坡道平面,29.46,1920000,,RPQNMLRJIIHGFAO38CB,昕觀邸,C3棟5號
新竹市,房地(土地+建物)+車位,新竹市新竹市北區金雅八街與金雅東街口,20.61,,鄉村區,乙種建築用地,1111005,土地1建物1車位1,八層,10,華廈(10層含以下有電梯),住家用,鋼筋混凝土造,,109.4,2,2,1,有,無,13000000,139191,坡道平面,28.36,1720000,,RPRNMLRJIIHGFAO48CB,昕觀邸,C2棟8號
新竹市,房地(土地+建物)+車位,新竹市新竹市北區金雅八街與金雅東街口,20.61,,鄉村區,乙種建築用地,1111005,土地1建物1車位1,九層,10,華廈(10層含以下有電梯),住家用,鋼筋混凝土造,,109.4,2,2,1,有,無,13050000,139808,坡道平面,28.36,1720000,,RPSNMLRJIIHGFAO58CB,昕觀邸,C2棟9號
新竹市,房地(土地+建物),新竹市新竹市草漯街,132.13,,一般農業區,丙種建築用地,1110918,土地3建物1車位0,全,3,透天厝,住家用,鋼筋混凝土造,,198.34,4,1,5,有,無,20730000,104517,,0.0,0,,RPPNMLKKIIHGFAO67CB,森活新墅,B2棟0號
新竹市,房地(土地+建物),新竹市新竹市草漯街,137.82,,一般農業區,丙種建築用地,1110925,土地3建物1車位0,全,3,透天厝,住家用,鋼筋混凝土造,,211.94,4,1,5,有,無,20280000,95687,,0.0,0,,RPQNMLKKIIHGFAO77CB,森活新墅,C3棟0號
新竹市,房地(土地+建物)+車位,新竹市新竹市東大路三段439巷旁,39.69,住,,,1111004,土地1建物1車位1,八層,8,華廈(10層含以下有電梯),住家用,鋼筋混凝土造,,203.38,3,2,2,有,無,13200000,88119,坡道平面,74.01,1800000,,RPPNMLLKIIHGFAO77CB,廿景,A棟8號
新竹市,房地(土地+建物)+車位,新竹市新竹市埔頂路,75.45,工,,,1110921,土地1建物1車位4,六層,11,工廠,見其他登記事項,鋼筋混凝土造,,439.47,0,0,0,無,無,36850000,,坡道平面,118.64,5900000,,RPPNMLNKIIHGFAO97CB,A TEAM,D棟6號
新竹市,房地(土地+建物),新竹市新竹市香檳街,268.5,,山坡地保育區,丁種建築用地,1110922,土地3建物1車位0,全,1,工廠,工業用,見其他登記事項,,159.39,0,0,0,無,無,31680000,,,0.0,0,,RPQNMLNKIIHGFAO08CB,大前瞻景觀科技園區,A3棟0號
新竹市,房地(土地+建物)+車位,新竹市新竹市香檳街,70.25,,山坡地保育區,丁種建築用地,1111012,土地2建物1車位4,一層,8,工廠,工業用,鋼筋混凝土造,,374.61,0,0,0,無,無,28080000,,坡道平面,100.26,4800000,,RPRNMLNKIIHGFAO18CB,大綠景景觀科技園區,D棟1號
新竹市,房地(土地+建物)+車位,新竹市新竹市明湖路243巷,107.35,住,,,1110917,土地1建物1車位1,全,3,透天厝,住家用,鋼筋混凝土造,,215.76,4,2,4,有,無,22600000,104746,一樓平面,13.75,0,,RPRNMLOKIIHGFAO28CB,合適築夢,1棟D號
新竹市,房地(土地+建物)+車位,新竹市新竹市明湖路243巷,110.28,住,,,1110917,土地1建物1車位1,全,3,透天厝,住家用,鋼筋混凝土造,,213.87,4,2,4,有,無,22800000,106607,一樓平面,13.75,0,,RPSNMLOKIIHGFAO38CB,合適築夢,1棟B號
新竹市,房地(土地+建物)+車位,新竹市新竹市明湖路243巷,115.55,住,,,1110917,土地1建物1車位1,全,3,透天厝,住家用,鋼筋混凝土造,,212.46,4,2,4,有,無,23100000,108726,一樓平面,13.75,0,,RPTNMLOKIIHGFAO48CB,合適築夢,1棟A號
新竹市,房地(土地+建物),新竹市新竹市華德福街168號對面,80.34,,山坡地保育區,丙種建築用地,1110923,土地1建物1車位0,全,2,透天厝,住家用,鋼筋混凝土造,,251.06,4,1,2,有,無,42380000,168804,,0.0,0,跨所案件，另有基地為：新竹縣、竹東地政事務所）新竹縣寶山鄉寶香段409-16地號持分面積:39.40平方公尺；新竹縣寶山鄉寶香段432-12地號持分面積:2.32平方公尺,RPPNMLRKIIHGFAO38CB,宏道新竹帝寶9區1號,B棟0號
新竹市,房地(土地+建物),新竹市新竹市華德福街168號對面,123.19,,山坡地保育區,丙種建築用地,1110922,土地1建物1車位0,全,2,透天厝,住家用,鋼筋混凝土造,,385.06,4,2,3,有,無,48740000,126578,,0.0,0,跨所案件，另有基地為：新竹縣、竹東地政事務所）新竹縣寶山鄉寶香段409-16地號持分面積:60.42平方公尺；新竹縣寶山鄉寶香段432-12地號持分面積:3.55平方公尺,RPQNMLRKIIHGFAO48CB,宏道新竹帝寶9區1號,F棟0號
新竹市,房地(土地+建物)+車位,新竹市新竹市華德福街168號對面,80.34,,山坡地保育區,丙種建築用地,1110925,土地1建物1車位1,全,2,透天厝,住家用,鋼筋混凝土造,,269.09,4,1,2,有,無,42150000,160719,坡道平面,18.03,1800000,跨所案件，另有基地為：新竹縣、竹東地政事務所）新竹縣寶山鄉寶香段409-16地號持分面積:39.40平方公尺；新竹縣寶山鄉寶香段432-12地號持分面積:2.32平方公尺,RPRNMLRKIIHGFAO58CB,宏道新竹帝寶9區1號,E棟0號
新竹市,房地(土地+建物)+車位,新竹市新竹市華德福街168號對面,36.86,,山坡地保育區,丙種建築用地,1110929,土地1建物1車位1,五層,6,華廈(10層含以下有電梯),住家用,鋼筋混凝土造,,177.09,3,2,2,有,無,23600000,136741,坡道平面,18.03,1850000,跨所案件，另有基地為：新竹縣、竹東地政事務所）新竹縣寶山鄉寶香段409-16地號持分面積:18.08平方公尺；新竹縣寶山鄉寶香段432-12地號持分面積:1.06平方公尺,RPSNMLRKIIHGFAO68CB,宏道新竹帝寶9區1號,K2棟5F號
新竹市,房地(土地+建物),新竹市新竹市華德福街168號對面,80.34,,山坡地保育區,丙種建築用地,1110922,土地1建物1車位0,全,2,透天厝,住家用,鋼筋混凝土造,,251.06,4,1,2,有,無,41440000,165060,,0.0,0,跨所案件，另有基地為：新竹縣、竹東地政事務所）新竹縣寶山鄉寶香段409-16地號持分面積:39.40平方公尺；新竹縣寶山鄉寶香段432-12地號持分面積:2.32平方公尺,RPTNMLRKIIHGFAO78CB,宏道新竹帝寶9區1號,C棟0號
新竹市,房地(土地+建物)+車位,新竹市新竹市華德福街168號對面,36.86,,山坡地保育區,丙種建築用地,1110927,土地1建物1車位1,四層,6,華廈(10層含以下有電梯),住家用,鋼筋混凝土造,,177.09,3,2,2,有,無,22030000,127499,坡道平面,18.03,1750000,跨所案件，另有基地為：新竹縣、竹東地政事務所）新竹縣寶山鄉寶香段409-16地號持分面積:18.08平方公尺；新竹縣寶山鄉寶香段432-12地號持分面積:1.06平方公尺,RPUNMLRKIIHGFAO88CB,宏道新竹帝寶9區1號,K2棟4F號
新竹市,房地(土地+建物)+車位,新竹市新竹市華德福街168號對面,36.52,,山坡地保育區,丙種建築用地,1110919,土地1建物1車位1,二層,6,華廈(10層含以下有電梯),住家用,鋼筋混凝土造,,175.67,3,2,2,有,無,21570000,127315,坡道平面,18.03,1500000,跨所案件，另有基地為：新竹縣、竹東地政事務所）新竹縣寶山鄉寶香段409-16地號持分面積:17.91平方公尺；新竹縣寶山鄉寶香段432-12地號持分面積:1.05平方公尺,RPVNMLRKIIHGFAO98CB,宏道新竹帝寶9區1號,M1棟2F號
新竹市,房地(土地+建物)+車位,新竹市新竹市華德福街168號對面,45.04,,山坡地保育區,丙種建築用地,1110920,土地1建物1車位1,二層,6,華廈(10層含以下有電梯),住家用,鋼筋混凝土造,,212.37,4,2,2,有,無,24620000,117423,坡道平面,18.03,1800000,跨所案件，另有基地為：新竹縣、竹東地政事務所）新竹縣寶山鄉寶香段409-16地號持分面積:22.09平方公尺；新竹縣寶山鄉寶香段432-12地號持分面積:1.30平方公尺,RPWNMLRKIIHGFAO09CB,宏道新竹帝寶9區1號,M2棟2F號
新竹市,房地(土地+建物)+車位,新竹市新竹市華德福街168號對面,29.84,,山坡地保育區,丙種建築用地,1110920,土地1建物1車位1,四層,6,華廈(10層含以下有電梯),住家用,鋼筋混凝土造,,146.79,3,2,2,有,無,18170000,127136,坡道平面,18.03,1800000,跨所案件，另有基地為：新竹縣、竹東地政事務所）新竹縣寶山鄉寶香段409-16地號持分面積:14.63平方公尺；新竹縣寶山鄉寶香段432-12地號持分面積:0.86平方公尺,RPXNMLRKIIHGFAO56CB,宏道新竹帝寶9區1號,K1棟4F號
新竹市,房地(土地+建物)+車位,新竹市新竹市華德福街168號對面,36.86,,山坡地保育區,丙種建築用地,1110920,土地1建物1車位1,三層,6,華廈(10層含以下有電梯),住家用,鋼筋混凝土造,,177.09,3,2,2,有,無,21890000,126305,坡道平面,18.03,1800000,跨所案件，另有基地為：新竹縣、竹東地政事務所）新竹縣寶山鄉寶香段409-16地號持分面積:18.08平方公尺；新竹縣寶山鄉寶香段432-12地號持分面積:1.06平方公尺,RPOOMLRKIIHGFAO38CB,宏道新竹帝寶9區1號,K2棟3F號
新竹市,房地(土地+建物)+車位,新竹市新竹市華德福街168號對面,29.84,,山坡地保育區,丙種建築用地,1110918,土地1建物1車位1,三層,6,華廈(10層含以下有電梯),住家用,鋼筋混凝土造,,146.79,3,2,2,有,無,18110000,126281,坡道平面,18.03,1850000,,RPPOMLRKIIHGFAO48CB,宏道新竹帝寶9區1號,L1棟3F號
新竹市,房地(土地+建物)+車位,新竹市新竹市華德福街168號對面,45.04,,山坡地保育區,丙種建築用地,1111006,土地1建物1車位1,四層,6,華廈(10層含以下有電梯),住家用,鋼筋混凝土造,,212.37,4,2,2,有,無,24650000,117577,坡道平面,18.03,1800000,跨所案件，另有基地為：新竹縣、竹東地政事務所）新竹縣寶山鄉寶香段409-16地號持分面積:22.09平方公尺；新竹縣寶山鄉寶香段432-12地號持分面積:1.30平方公尺,RPQOMLRKIIHGFAO58CB,宏道新竹帝寶9區1號,M2棟4F號
新竹市,房地(土地+建物)+車位,新竹市新竹市華德福街168號對面,36.52,,山坡地保育區,丙種建築用地,1111007,土地1建物1車位1,五層,6,華廈(10層含以下有電梯),住家用,鋼筋混凝土造,,175.67,3,2,2,有,無,23250000,136387,坡道平面,18.03,1750000,跨所案件，另有基地為：新竹縣、竹東地政事務所）新竹縣寶山鄉寶香段409-16地號持分面積:17.91平方公尺；新竹縣寶山鄉寶香段432-12地號持分面積:1.05平方公尺,RPROMLRKIIHGFAO68CB,宏道新竹帝寶9區1號,M1棟5F號
新竹市,房地(土地+建物)+車位,新竹市新竹市華德福街168號對面,36.86,,山坡地保育區,丙種建築用地,1111010,土地1建物1車位1,二層,6,華廈(10層含以下有電梯),住家用,鋼筋混凝土造,,177.09,3,2,2,有,無,21780000,127185,坡道平面,18.03,1550000,跨所案件，另有基地為：新竹縣、竹東地政事務所）新竹縣寶山鄉寶香段409-16地號持分面積:18.08平方公尺；新竹縣寶山鄉寶香段432-12地號持分面積:1.06平方公尺,RPSOMLRKIIHGFAO78CB,宏道新竹帝寶9區1號,K2棟2F號
新竹市,房地(土地+建物)+車位,新竹市新竹市民族路67巷,20.67,住,,,1110922,土地3建物1車位1,三層,7,華廈(10層含以下有電梯),住家用,鋼筋混凝土造,,108.87,3,2,2,有,無,14800000,148123,其他,19.08,1500000,,RPPNMLSKIIHGFAO58DB,龍國大謙,A2棟3樓號
新竹市,房地(土地+建物)+車位,新竹市新竹市龍山西路,15.71,商,,,1110921,土地1建物1車位1,七層,14,住宅大樓(11層含以上有電梯),住家用,鋼筋混凝土造,,160.63,3,2,2,有,無,22630000,164881,升降平面,33.69,1700000,,RPPNMLTKIIHGFAO68DB,邑品軒,A棟7號
新竹市,房地(土地+建物)+車位,新竹市新竹市龍山西路,15.71,商,,,1110921,土地1建物1車位1,三層,14,住宅大樓(11層含以上有電梯),住家用,鋼筋混凝土造,,160.63,3,2,2,有,無,23310000,171026,升降平面,33.69,1600000,,RPQNMLTKIIHGFAO78DB,邑品軒,A棟3號
新竹市,房地(土地+建物)+車位,新竹市新竹市龍山西路,15.71,商,,,1110922,土地1建物1車位1,六層,14,住宅大樓(11層含以上有電梯),住家用,鋼筋混凝土造,,160.63,3,2,2,有,無,23200000,169371,升降平面,33.69,1700000,,RPRNMLTKIIHGFAO88DB,邑品軒,A棟6號
新竹市,房地(土地+建物)+車位,新竹市新竹市龍山西路,15.71,商,,,1111005,土地1建物1車位1,八層,14,住宅大樓(11層含以上有電梯),住家用,鋼筋混凝土造,,160.63,3,2,2,有,無,23120000,167953,升降平面,33.69,1800000,,RPSNMLTKIIHGFAO98DB,邑品軒,A棟8號
新竹市,房地(土地+建物)+車位,新竹市新竹市龍山西路,16.38,商,,,1110921,土地1建物1車位1,四層,14,住宅大樓(11層含以上有電梯),住家用,鋼筋混凝土造,,166.34,3,2,2,有,無,23250000,162458,升降平面,33.69,1700000,,RPTNMLTKIIHGFAO09DB,邑品軒,B棟4號
新竹市,房地(土地+建物)+車位,新竹市新竹市龍山西路,16.38,商,,,1110923,土地1建物1車位1,八層,14,住宅大樓(11層含以上有電梯),住家用,鋼筋混凝土造,,166.34,3,2,2,有,無,23800000,166604,升降平面,33.69,1700000,,RPUNMLTKIIHGFAO56DB,邑品軒,B棟8號
新竹市,房地(土地+建物)+車位,新竹市新竹市龍山西路,16.38,商,,,1110924,土地1建物1車位1,九層,14,住宅大樓(11層含以上有電梯),住家用,鋼筋混凝土造,,166.34,3,2,2,有,無,24170000,169393,升降平面,33.69,1700000,,RPVNMLTKIIHGFAO66DB,邑品軒,B棟9號
新竹市,房地(土地+建物)+車位,新竹市新竹市龍山西路,16.38,商,,,1110921,土地1建物1車位1,十層,14,住宅大樓(11層含以上有電梯),住家用,鋼筋混凝土造,,166.34,3,2,2,有,無,24360000,170072,升降平面,33.69,1800000,,RPWNMLTKIIHGFAO76DB,邑品軒,B棟10號
新竹市,房地(土地+建物)+車位,新竹市新竹市龍山西路,15.71,商,,,1110921,土地1建物1車位1,九層,14,住宅大樓(11層含以上有電梯),住家用,鋼筋混凝土造,,160.63,3,2,2,有,無,23230000,168820,升降平面,33.69,1800000,,RPXNMLTKIIHGFAO86DB,邑品軒,A棟9號
新竹市,房地(土地+建物)+車位,新竹市新竹市龍山西路,15.71,商,,,1110926,土地1建物1車位1,十一層,14,住宅大樓(11層含以上有電梯),住家用,鋼筋混凝土造,,160.63,3,2,2,有,無,23120000,168741,升降平面,33.69,1700000,,RPOOMLTKIIHGFAO68DB,邑品軒,A棟11號
新竹市,房地(土地+建物)+車位,新竹市新竹市龍山西路,15.71,商,,,1110921,土地1建物1車位1,十二層,14,住宅大樓(11層含以上有電梯),住家用,鋼筋混凝土造,,160.63,3,2,2,有,無,23390000,170080,升降平面,33.69,1800000,,RPPOMLTKIIHGFAO78DB,邑品軒,A棟12號
新竹市,房地(土地+建物)+車位,新竹市新竹市龍山西路,15.71,商,,,1110921,土地1建物1車位1,十三層,14,住宅大樓(11層含以上有電梯),住家用,鋼筋混凝土造,,160.63,3,2,2,有,無,23390000,170080,升降平面,33.69,1800000,,RPQOMLTKIIHGFAO88DB,邑品軒,A棟13號
新竹市,房地(土地+建物)+車位,新竹市新竹市龍山西路,17.52,商,,,1110927,土地1建物1車位2,七層,14,住宅大樓(11層含以上有電梯),住家用,鋼筋混凝土造,,209.26,3,2,2,有,無,26390000,169087,升降平面,67.38,2400000,,RPPNMLKLIIHGFAO87DB,邑品軒,C棟7號
新竹市,房地(土地+建物)+車位,新竹市新竹市龍山西路,17.52,商,,,1110927,土地1建物1車位2,九層,14,住宅大樓(11層含以上有電梯),住家用,鋼筋混凝土造,,209.26,3,2,2,有,無,26260000,168170,升降平面,67.38,2400000,,RPQNMLKLIIHGFAO97DB,邑品軒,C棟9號
新竹市,房地(土地+建物)+車位,新竹市新竹市埔頂路,74.3,工,,,1110928,土地1建物1車位5,七層,11,工廠,見其他登記事項,鋼筋混凝土造,,464.77,0,0,0,無,無,41140000,,坡道平面,148.86,7690000,,RPPNMLKLIIHGFAO77CB,A TEAM,B棟7號
新竹市,房地(土地+建物)+車位,新竹市新竹市埔頂路,73.81,工,,,1110928,土地1建物1車位5,七層,11,工廠,見其他登記事項,鋼筋混凝土造,,466.77,0,0,0,無,無,41040000,,坡道平面,152.82,7800000,,RPQNMLKLIIHGFAO87CB,A TEAM,C棟7號
新竹市,房地(土地+建物)+車位,新竹市新竹市埔頂路,65.84,工,,,1110928,土地1建物1車位5,七層,11,工廠,見其他登記事項,鋼筋混凝土造,,432.77,0,0,0,無,無,37440000,,坡道平面,152.82,7800000,,RPRNMLKLIIHGFAO97CB,A TEAM,A棟7號
新竹市,房地(土地+建物)+車位,新竹市新竹市埔頂路,77.09,工,,,1110928,土地1建物1車位5,七層,11,工廠,見其他登記事項,鋼筋混凝土造,,485.96,0,0,0,無,無,42500000,,坡道平面,158.22,7800000,,RPTNMLKLIIHGFAO18CB,A TEAM,E棟7號
新竹市,房地(土地+建物)+車位,新竹市新竹市埔頂路,84.36,工,,,1110928,土地1建物1車位4,七層,11,工廠,見其他登記事項,鋼筋混凝土造,,497.12,0,0,0,無,無,44440000,,坡道平面,138.44,6460000,,RPUNMLKLIIHGFAO28CB,A TEAM,F棟7號
新竹市,房地(土地+建物)+車位,新竹市新竹市埔頂路,65.84,工,,,1110928,土地1建物1車位5,八層,11,工廠,見其他登記事項,鋼筋混凝土造,,448.05,0,0,0,無,無,37440000,,坡道平面,168.1,7800000,,RPVNMLKLIIHGFAO38CB,A TEAM,A棟8號
新竹市,房地(土地+建物)+車位,新竹市新竹市埔頂路,74.3,工,,,1110928,土地1建物1車位4,八層,11,工廠,見其他登記事項,鋼筋混凝土造,,424.69,0,0,0,無,無,39360000,,坡道平面,108.78,5910000,,RPWNMLKLIIHGFAO48CB,A TEAM,B棟8號
新竹市,房地(土地+建物)+車位,新竹市新竹市埔頂路,73.81,工,,,1110928,土地1建物1車位4,八層,11,工廠,見其他登記事項,鋼筋混凝土造,,432.44,0,0,0,無,無,39150000,,坡道平面,118.49,5910000,,RPXNMLKLIIHGFAO58CB,A TEAM,C棟8號
新竹市,房地(土地+建物)+車位,新竹市新竹市埔頂路,75.45,工,,,1110928,土地1建物1車位4,八層,11,工廠,見其他登記事項,鋼筋混凝土造,,429.1,0,0,0,無,無,39880000,,坡道平面,108.27,5910000,,RPOOMLKLIIHGFAO77CB,A TEAM,D棟8號
新竹市,房地(土地+建物)+車位,新竹市新竹市埔頂路,77.09,工,,,1110928,土地1建物1車位4,八層,11,工廠,見其他登記事項,鋼筋混凝土造,,436.01,0,0,0,無,無,40610000,,坡道平面,108.27,5910000,,RPPOMLKLIIHGFAO87CB,A TEAM,E棟8號
新竹市,房地(土地+建物)+車位,新竹市新竹市埔頂路,84.36,工,,,1110928,土地1建物1車位4,八層,11,工廠,見其他登記事項,鋼筋混凝土造,,466.95,0,0,0,無,無,43890000,,坡道平面,108.27,5910000,,RPQOMLKLIIHGFAO97CB,A TEAM,F棟8號
新竹市,房地(土地+建物)+車位,新竹市新竹市埔頂路,65.84,工,,,1110928,土地1建物1車位4,九層,11,工廠,見其他登記事項,鋼筋混凝土造,,390.34,0,0,0,無,無,35550000,,坡道平面,110.39,5910000,,RPROMLKLIIHGFAO08CB,A TEAM,A棟9號
新竹市,房地(土地+建物)+車位,新竹市新竹市埔頂路,73.55,工,,,1110928,土地1建物1車位4,九層,11,工廠,見其他登記事項,鋼筋混凝土造,,424.11,0,0,0,無,無,39000000,,坡道平面,111.45,5910000,,RPSOMLKLIIHGFAO18CB,A TEAM,B棟9號
新竹市,房地(土地+建物)+車位,新竹市新竹市埔頂路,71.46,工,,,1110928,土地1建物1車位4,九層,11,工廠,見其他登記事項,鋼筋混凝土造,,411.38,0,0,0,無,無,38070000,,坡道平面,107.58,5910000,,RPTOMLKLIIHGFAO28CB,A TEAM,C棟9號
新竹市,房地(土地+建物)+車位,新竹市新竹市埔頂路,71.46,工,,,1110928,土地1建物1車位4,九層,11,工廠,見其他登記事項,鋼筋混凝土造,,415.87,0,0,0,無,無,38300000,,坡道平面,112.07,6140000,,RPUOMLKLIIHGFAO38CB,A TEAM,D棟9號
新竹市,房地(土地+建物)+車位,新竹市新竹市埔頂路,71.46,工,,,1110928,土地1建物1車位4,九層,11,工廠,見其他登記事項,鋼筋混凝土造,,415.28,0,0,0,無,無,38300000,,坡道平面,111.48,6140000,,RPVOMLKLIIHGFAO48CB,A TEAM,E棟9號
新竹市,房地(土地+建物)+車位,新竹市新竹市埔頂路,76.51,工,,,1110928,土地1建物1車位4,九層,11,工廠,見其他登記事項,鋼筋混凝土造,,431.14,0,0,0,無,無,40340000,,坡道平面,105.81,5910000,,RPWOMLKLIIHGFAO58CB,A TEAM,F棟9號
新竹市,房地(土地+建物)+車位,新竹市新竹市埔頂路,65.84,工,,,1110928,土地1建物1車位4,十層,11,工廠,見其他登記事項,鋼筋混凝土造,,385.76,0,0,0,無,無,35550000,,坡道平面,105.81,5910000,,RPXOMLKLIIHGFAO68CB,A TEAM,A棟10號
新竹市,房地(土地+建物)+車位,新竹市新竹市埔頂路,74.3,工,,,1110928,土地1建物1車位4,十層,11,工廠,見其他登記事項,鋼筋混凝土造,,421.72,0,0,0,無,無,39360000,,坡道平面,105.81,5910000,,RPOPMLKLIIHGFAO87CB,A TEAM,B棟10號
新竹市,房地(土地+建物)+車位,新竹市新竹市埔頂路,73.81,工,,,1110928,土地1建物1車位4,十層,11,工廠,見其他登記事項,鋼筋混凝土造,,419.76,0,0,0,無,無,39150000,,坡道平面,105.81,5910000,,RPPPMLKLIIHGFAO97CB,A TEAM,C棟10號
新竹市,房地(土地+建物)+車位,新竹市新竹市埔頂路,75.45,工,,,1110928,土地1建物1車位4,十層,11,工廠,見其他登記事項,鋼筋混凝土造,,426.64,0,0,0,無,無,39880000,,坡道平面,105.81,5910000,,RPQPMLKLIIHGFAO08CB,A TEAM,D棟10號
新竹市,房地(土地+建物)+車位,新竹市新竹市埔頂路,77.09,工,,,1110928,土地1建物1車位4,十層,11,工廠,見其他登記事項,鋼筋混凝土造,,433.55,0,0,0,無,無,40610000,,坡道平面,105.81,5910000,,RPRPMLKLIIHGFAO18CB,A TEAM,E棟10號
新竹市,房地(土地+建物)+車位,新竹市新竹市埔頂路,84.36,工,,,1110928,土地1建物1車位4,十層,11,工廠,見其他登記事項,鋼筋混凝土造,,460.53,0,0,0,無,無,43780000,,坡道平面,101.85,5800000,,RPSPMLKLIIHGFAO28CB,A TEAM,F棟10號
新竹市,房地(土地+建物)+車位,新竹市新竹市埔頂路,65.84,工,,,1110928,土地1建物1車位4,十一層,11,工廠,見其他登記事項,鋼筋混凝土造,,391.4,0,0,0,無,無,35550000,,坡道平面,111.45,5910000,,RPTPMLKLIIHGFAO38CB,A TEAM,A棟11號
新竹市,房地(土地+建物)+車位,新竹市新竹市埔頂路,74.3,工,,,1110928,土地1建物1車位4,十一層,11,工廠,見其他登記事項,鋼筋混凝土造,,422.11,0,0,0,無,無,39250000,,坡道平面,106.2,5800000,,RPUPMLKLIIHGFAO48CB,A TEAM,B棟11號
新竹市,房地(土地+建物)+車位,新竹市新竹市埔頂路,73.81,工,,,1110928,土地1建物1車位4,十一層,11,工廠,見其他登記事項,鋼筋混凝土造,,421.53,0,0,0,無,無,39150000,,坡道平面,107.58,5910000,,RPVPMLKLIIHGFAO58CB,A TEAM,C棟11號
新竹市,房地(土地+建物)+車位,新竹市新竹市埔頂路,75.45,工,,,1110928,土地1建物1車位4,十一層,11,工廠,見其他登記事項,鋼筋混凝土造,,432.9,0,0,0,無,無,40110000,,坡道平面,112.07,6140000,,RPWPMLKLIIHGFAO68CB,A TEAM,D棟11號
新竹市,房地(土地+建物)+車位,新竹市新竹市埔頂路,77.09,工,,,1110928,土地1建物1車位4,十一層,11,工廠,見其他登記事項,鋼筋混凝土造,,437.9,0,0,0,無,無,40610000,,坡道平面,110.16,5910000,,RPXPMLKLIIHGFAO78CB,A TEAM,E棟11號
新竹市,房地(土地+建物)+車位,新竹市新竹市埔頂路,84.36,工,,,1110928,土地1建物1車位4,十一層,11,工廠,見其他登記事項,鋼筋混凝土造,,466.17,0,0,0,無,無,43780000,,坡道平面,107.49,5800000,,RPOQMLKLIIHGFAO97CB,A TEAM,F棟11號
新竹市,房地(土地+建物)+車位,新竹市新竹市埔頂路,71.46,工,,,1111015,土地1建物1車位3,三層,11,工廠,見其他登記事項,鋼筋混凝土造,,407.18,0,0,0,無,無,38000000,,坡道平面,103.38,6600000,,RPPQMLKLIIHGFAO08CB,A TEAM,D棟3號
新竹市,房地(土地+建物)+車位,新竹市新竹市金雅路、金雅八街交叉口,21.27,,鄉村區,乙種建築用地,1111014,土地1建物1車位1,八層,12,住宅大樓(11層含以上有電梯),住家用,鋼筋混凝土造,,116.13,2,2,1,有,無,13300000,137588,坡道平面,32.62,1810000,,RPPNMLOLIIHGFAO18CB,悅佳.川青,B2-8F號
新竹市,房地(土地+建物)+車位,新竹市新竹市金雅路、金雅八街交叉口,21.27,,鄉村區,乙種建築用地,1111021,土地1建物1車位1,九層,12,住宅大樓(11層含以上有電梯),住家用,鋼筋混凝土造,,116.13,2,2,1,有,無,13550000,140582,坡道平面,32.62,1810000,,RPQNMLOLIIHGFAO28CB,悅佳.川青,B2-9F號
新竹市,房地(土地+建物)+車位,新竹市新竹市金雅路、金雅八街交叉口,29.08,,鄉村區,乙種建築用地,1111007,土地1建物1車位1,六層,12,住宅大樓(11層含以上有電梯),住家用,鋼筋混凝土造,,145.67,3,2,2,有,無,17550000,137475,坡道平面,31.54,1860000,,RPRNMLOLIIHGFAO38CB,悅佳.川青,B3-6F號
新竹市,房地(土地+建物)+車位,新竹市新竹市金雅路、金雅八街交叉口,29.08,,鄉村區,乙種建築用地,1111015,土地1建物1車位1,二層,12,住宅大樓(11層含以上有電梯),住家用,鋼筋混凝土造,,146.75,3,2,2,有,無,16110000,125296,坡道平面,32.62,1810000,,RPSNMLOLIIHGFAO48CB,悅佳.川青,B3-2F號
新竹市,房地(土地+建物)+車位,新竹市新竹市埔頂路,75.45,工,,,1110928,土地1建物1車位5,七層,11,工廠,見其他登記事項,鋼筋混凝土造,,475.45,0,0,0,無,無,41770000,,坡道平面,154.62,7800000,,RPTNMLOLIIHGFAO58CB,A TEAM,D棟7號
新竹市,房地(土地+建物)+車位,新竹市新竹市龍山西路,17.52,商,,,1110925,土地1建物1車位1,六層,14,住宅大樓(11層含以上有電梯),住家用,鋼筋混凝土造,,175.57,3,2,2,有,無,25310000,166408,升降平面,33.69,1700000,,RPPNMLOLIIHGFAO28DB,邑品軒,C棟6號
新竹市,房地(土地+建物)+車位,新竹市新竹市龍山西路,17.52,商,,,1110925,土地1建物1車位1,八層,14,住宅大樓(11層含以上有電梯),住家用,鋼筋混凝土造,,175.57,3,2,2,有,無,24900000,163518,升降平面,33.69,1700000,,RPQNMLOLIIHGFAO38DB,邑品軒,C棟8號
新竹市,房地(土地+建物)+車位,新竹市新竹市龍山西路,17.52,商,,,1110925,土地1建物1車位1,十層,14,住宅大樓(11層含以上有電梯),住家用,鋼筋混凝土造,,175.57,3,2,2,有,無,25770000,169650,升降平面,33.69,1700000,,RPRNMLOLIIHGFAO48DB,邑品軒,C棟10號
新竹市,房地(土地+建物)+車位,新竹市新竹市龍山西路,16.38,商,,,1110925,土地1建物1車位1,五層,14,住宅大樓(11層含以上有電梯),住家用,鋼筋混凝土造,,166.34,3,2,2,有,無,23370000,163362,升降平面,33.69,1700000,,RPSNMLOLIIHGFAO58DB,邑品軒,B棟5號
新竹市,房地(土地+建物)+車位,新竹市新竹市埔頂一路161巷,18.6,住,,,1111003,土地2建物1車位1,十層,10,華廈(10層含以下有電梯),住家用,鋼筋混凝土造,,90.17,1,1,2,有,無,14200000,170011,坡道平面,18.41,2000000,,RPQNMLPLIIHGFAO38CB,高豐匯,10F-C號
新竹市,房地(土地+建物)+車位,新竹市新竹市龍山西路,15.71,商,,,1110930,土地1建物1車位1,四層,14,住宅大樓(11層含以上有電梯),住家用,鋼筋混凝土造,,160.63,3,2,2,有,無,20700000,149677,升降平面,33.69,1700000,,RPPNMLQLIIHGFAO48DB,邑品軒,A棟4號
新竹市,房地(土地+建物)+車位,新竹市新竹市龍山西路,15.71,商,,,1110930,土地1建物1車位1,五層,14,住宅大樓(11層含以上有電梯),住家用,鋼筋混凝土造,,160.63,3,2,2,有,無,23600000,171735,升降平面,33.69,1800000,,RPQNMLQLIIHGFAO58DB,邑品軒,A棟5號
新竹市,房地(土地+建物)+車位,新竹市新竹市龍山西路,17.52,商,,,1110930,土地1建物1車位2,十一層,14,住宅大樓(11層含以上有電梯),住家用,鋼筋混凝土造,,209.26,3,2,2,有,無,26380000,169016,升降平面,67.38,2400000,,RPRNMLQLIIHGFAO68DB,邑品軒,C棟11號
新竹市,房地(土地+建物)+車位,新竹市新竹市華德福街168號對面,80.34,,山坡地保育區,丙種建築用地,1110907,土地1建物1車位2,全,2,透天厝,住家用,鋼筋混凝土造,,287.12,4,1,2,有,無,43660000,160758,一樓平面,36.06,3300000,跨所案件，另有基地為新竹縣竹東地政事務所新竹縣寶山鄉寶香段409-16地號持分面積39.40平方公尺；新竹縣寶山鄉寶香段432-12地號持分面積2.32平方公尺原序號B1OA11109280007,RPPNMLRLIIHGFAO48CB,宏道新竹帝寶9區1號,D棟0號
新竹市,房地(土地+建物),新竹市新竹市明湖路1016巷,115.29,,鄉村區,乙種建築用地,1111005,土地3建物1車位0,全,5,透天厝,住家用,鋼筋混凝土造,,204.55,5,2,4,有,無,25480000,124566,,0.0,0,,RPPNMLSLIIHGFAO58CB,拾貳家,A棟1號
新竹市,房地(土地+建物),新竹市新竹市明湖路1016巷,98.06,,鄉村區,乙種建築用地,1111005,土地3建物1車位0,全,5,透天厝,住家用,鋼筋混凝土造,,204.26,5,2,4,有,無,23660000,115833,,0.0,0,,RPQNMLSLIIHGFAO68CB,拾貳家,A棟3號
新竹市,房地(土地+建物),新竹市新竹市明湖路1016巷,85.89,,鄉村區,乙種建築用地,1111006,土地3建物1車位0,全,5,透天厝,住家用,鋼筋混凝土造,,203.67,5,2,4,有,無,22340000,109687,,0.0,0,,RPRNMLSLIIHGFAO78CB,拾貳家,A棟6號
新竹市,房地(土地+建物),新竹市新竹市明湖路1016巷,84.38,,鄉村區,乙種建築用地,1111008,土地3建物1車位0,全,5,透天厝,住家用,鋼筋混凝土造,,201.53,5,2,3,有,無,21720000,107776,,0.0,0,,RPSNMLSLIIHGFAO88CB,拾貳家,B棟2號
新竹市,房地(土地+建物),新竹市新竹市港南五街,79.21,,鄉村區,乙種建築用地,1111018,土地1建物1車位0,全,4,透天厝,住家用,鋼筋混凝土造,,169.05,5,2,4,有,無,16280000,96303,,0.0,0,,RPTNMLSLIIHGFAO98CB,百川沐NO.9,A6棟0號
新竹市,房地(土地+建物)+車位,新竹市新竹市金雅路、金雅八街交叉口,21.31,,鄉村區,乙種建築用地,1111026,土地1建物1車位1,八層,12,住宅大樓(11層含以上有電梯),住家用,鋼筋混凝土造,,115.46,2,2,1,有,無,13400000,139908,坡道平面,32.62,1810000,,RPPNMLLMIIHGFAO97CB,悅佳.川青,A2-8F號
新竹市,房地(土地+建物)+車位,新竹市新竹市北區金雅八街與金雅東街口,32.84,,鄉村區,乙種建築用地,1111026,土地1建物1車位1,六層,10,華廈(10層含以下有電梯),住家用,鋼筋混凝土造,,159.34,3,2,2,有,無,19460000,136203,坡道平面,29.46,1770000,,RPRNMLLMIIHGFAO18CB,昕觀邸,B1棟6號
新竹市,房地(土地+建物)+車位,新竹市新竹市北區金雅八街與金雅東街口,36.62,,鄉村區,乙種建築用地,1111012,土地1建物1車位2,八層,10,華廈(10層含以下有電梯),住家用,鋼筋混凝土造,,203.77,3,2,2,有,無,23800000,137798,坡道平面,58.92,3840000,,RPSNMLLMIIHGFAO28CB,昕觀邸,A1棟8號
新竹市,房地(土地+建物)+車位,新竹市新竹市北區金雅八街與金雅東街口,30.87,,鄉村區,乙種建築用地,1111012,土地1建物1車位1,十層,10,華廈(10層含以下有電梯),住家用,鋼筋混凝土造,,149.73,3,2,2,有,無,17900000,133311,坡道平面,28.36,1720000,,RPTNMLLMIIHGFAO38CB,昕觀邸,C3棟10號
新竹市,房地(土地+建物)+車位,新竹市新竹市北區金雅八街與金雅東街口,35.96,,鄉村區,乙種建築用地,1111019,土地1建物1車位1,二層,10,華廈(10層含以下有電梯),住家用,鋼筋混凝土造,,173.01,3,2,2,有,無,21200000,134795,坡道平面,30.72,2020000,,RPUNMLLMIIHGFAO48CB,昕觀邸,A2棟2號
新竹市,房地(土地+建物)+車位,新竹市新竹市華德福街168號對面,29.84,,山坡地保育區,丙種建築用地,1110905,土地1建物1車位1,三層,6,華廈(10層含以下有電梯),住家用,鋼筋混凝土造,,146.79,3,2,2,有,無,17960000,127835,坡道平面,18.03,1500000,跨所案件，另有基地為新竹縣竹東地政事務所新竹縣寶山鄉寶香段409-16地號持分面積14.63平方公尺；新竹縣寶山鄉寶香段432-12地號持分面積0.86平方公尺原序號B1OA11109230001,RPVNMLLMIIHGFAO58CB,宏道新竹帝寶9區1號,K1棟3F號
新竹市,房地(土地+建物)+車位,新竹市新竹市華德福街168號對面,40.44,,山坡地保育區,丙種建築用地,1110912,土地1建物1車位1,六層,6,華廈(10層含以下有電梯),住家用,鋼筋混凝土造,,192.55,3,2,2,有,無,24890000,132592,坡道平面,18.03,1750000,,RPWNMLLMIIHGFAO68CB,宏道新竹帝寶9區1號,K2棟6F號
新竹市,房地(土地+建物)+車位,新竹市新竹市華德福街168號對面,29.84,,山坡地保育區,丙種建築用地,1110907,土地1建物1車位1,五層,6,華廈(10層含以下有電梯),住家用,鋼筋混凝土造,,146.79,3,2,2,有,無,19200000,137077,坡道平面,18.03,1550000,,RPXNMLLMIIHGFAO78CB,宏道新竹帝寶9區1號,L1棟5F號
新竹市,房地(土地+建物)+車位,新竹市新竹市龍山西路,17.52,商,,,1111008,土地1建物1車位1,四層,14,住宅大樓(11層含以上有電梯),住家用,鋼筋混凝土造,,175.57,3,2,2,有,無,25000000,163518,升降平面,33.69,1800000,,RPPNMLLJJIHGFAO87DB,邑品軒,C棟4號
新竹市,房地(土地+建物)+車位,新竹市新竹市龍山西路,17.52,商,,,1111003,土地1建物1車位1,十三層,14,住宅大樓(11層含以上有電梯),住家用,鋼筋混凝土造,,175.57,3,2,2,有,無,25800000,169157,升降平面,33.69,1800000,,RPQNMLLJJIHGFAO97DB,邑品軒,C棟13號
新竹市,房地(土地+建物)+車位,新竹市新竹市龍山西路,16.38,商,,,1111003,土地1建物1車位1,十二層,14,住宅大樓(11層含以上有電梯),住家用,鋼筋混凝土造,,166.34,3,2,2,有,無,24200000,168865,升降平面,33.69,1800000,,RPRNMLLJJIHGFAO08DB,邑品軒,B棟12號
新竹市,房地(土地+建物),新竹市新竹市香檳街,252.65,,山坡地保育區,丁種建築用地,1111021,土地3建物1車位0,全,1,工廠,工業用,見其他登記事項,,164.22,0,0,0,無,無,30680000,,,0.0,0,,RPPNMLMJJIHGFAO87CB,大前瞻景觀科技園區,A13棟0號
新竹市,房地(土地+建物),新竹市新竹市香檳街,247.83,,山坡地保育區,丁種建築用地,1111025,土地3建物1車位0,全,1,工廠,工業用,見其他登記事項,,164.22,0,0,0,無,無,29400000,,,0.0,0,,RPQNMLMJJIHGFAO97CB,大前瞻景觀科技園區,A18棟0號
新竹市,房地(土地+建物)+車位,新竹市新竹市華德福街168號對面,29.84,,山坡地保育區,丙種建築用地,1111027,土地1建物1車位1,二層,6,華廈(10層含以下有電梯),住家用,鋼筋混凝土造,,146.79,3,2,2,有,無,18220000,127524,坡道平面,18.03,1800000,,RPPNMLPJJIHGFAO18CB,宏道新竹帝寶9區1號,L1棟2F號
新竹市,房地(土地+建物)+車位,新竹市新竹市華德福街168號對面,36.86,,山坡地保育區,丙種建築用地,1111016,土地1建物1車位1,二層,6,華廈(10層含以下有電梯),住家用,鋼筋混凝土造,,177.09,3,2,2,有,無,21780000,127185,坡道平面,18.03,1550000,,RPRNMLPJJIHGFAO38CB,宏道新竹帝寶9區1號,L2棟2F號
新竹市,房地(土地+建物)+車位,新竹市新竹市華德福街168號對面,36.52,,山坡地保育區,丙種建築用地,1111024,土地1建物1車位1,四層,6,華廈(10層含以下有電梯),住家用,鋼筋混凝土造,,175.67,3,2,2,有,無,21550000,127506,坡道平面,18.03,1450000,,RPSNMLPJJIHGFAO48CB,宏道新竹帝寶9區1號,M1棟4F號
新竹市,房地(土地+建物)+車位,新竹市新竹市華德福街168號對面,36.86,,山坡地保育區,丙種建築用地,1111022,土地1建物1車位1,三層,6,華廈(10層含以下有電梯),住家用,鋼筋混凝土造,,177.09,3,2,2,有,無,22000000,128253,坡道平面,18.03,1600000,,RPTNMLPJJIHGFAO58CB,宏道新竹帝寶9區1號,L2棟3F號
新竹市,房地(土地+建物)+車位,新竹市新竹市華德福街168號對面,45.04,,山坡地保育區,丙種建築用地,1111028,土地1建物1車位1,四層,6,華廈(10層含以下有電梯),住家用,鋼筋混凝土造,,212.37,4,2,2,有,無,23770000,113049,坡道平面,18.03,1800000,跨所案件，另有基地為：新竹縣、竹東地政事務所）新竹縣寶山鄉寶香段409-16地號持分面積:22.09平方公尺；新竹縣寶山鄉寶香段432-12地號持分面積:1.30平方公尺,RPUNMLPJJIHGFAO68CB,宏道新竹帝寶9區1號,J2棟4F號
新竹市,房地(土地+建物)+車位,新竹市新竹市華德福街168號對面,27.0,,山坡地保育區,丙種建築用地,1111025,土地1建物1車位1,六層,6,華廈(10層含以下有電梯),住家用,鋼筋混凝土造,,134.56,2,2,2,有,無,18460000,144255,坡道平面,18.03,1650000,,RPVNMLPJJIHGFAO78CB,宏道新竹帝寶9區1號,K1棟6F號
新竹市,房地(土地+建物)+車位,新竹市新竹市華德福街168號對面,29.84,,山坡地保育區,丙種建築用地,1111025,土地1建物1車位1,五層,6,華廈(10層含以下有電梯),住家用,鋼筋混凝土造,,146.79,3,2,2,有,無,19300000,137077,坡道平面,18.03,1650000,,RPWNMLPJJIHGFAO88CB,宏道新竹帝寶9區1號,K1棟5F號
新竹市,房地(土地+建物),新竹市新竹市華德福街168號對面,76.27,,山坡地保育區,丙種建築用地,1111021,土地1建物1車位0,全,2,店面(店鋪),商業用,鋼筋混凝土造,,409.82,0,0,1,有,無,57350000,139939,,0.0,0,,RPXNMLPJJIHGFAO98CB,宏道新竹帝寶9區1號,A棟0號
新竹市,房地(土地+建物),新竹市新竹市埔頂一路161巷,28.56,住,,,1111027,土地2建物1車位0,十層,10,華廈(10層含以下有電梯),住家用,鋼筋混凝土造,,110.08,2,1,3,有,無,19500000,177144,,0.0,0,,RPQNMLRJJIHGFAO48CB,高豐匯,3F-B號
新竹市,房地(土地+建物),新竹市新竹市埔頂一路161巷,28.56,住,,,1111101,土地2建物1車位0,十層,10,華廈(10層含以下有電梯),住家用,鋼筋混凝土造,,110.08,2,1,3,有,無,19200000,174419,,0.0,0,,RPTNMLRJJIHGFAO78CB,高豐匯,10F-B號
新竹市,房地(土地+建物)+車位,新竹市新竹市鐵道路二段,15.31,住,,,1111026,土地17建物1車位1,十八層,21,住宅大樓(11層含以上有電梯),住家用,鋼筋混凝土造,,180.52,3,2,2,有,無,12200000,74718,坡道平面,32.63,1150000,,RPPNMLSJJIHGFAO48CB,武陵居,A3棟18號
新竹市,房地(土地+建物)+車位,新竹市新竹市鐵道路二段,17.68,住,,,1111021,土地17建物1車位1,二十二層,21,住宅大樓(11層含以上有電梯),住家用,鋼筋混凝土造,,156.08,3,2,2,有,無,10080000,73552,坡道平面,32.63,1000000,,RPPNMLTJJIHGFAO58CB,武陵居,B2棟22號
新竹市,房地(土地+建物)+車位,新竹市新竹市東區民族路,20.97,住,,,1111020,土地1建物1車位1,六層,12,住宅大樓(11層含以上有電梯),住家用,鋼筋混凝土造,,180.1,4,2,2,有,無,31850000,191167,坡道平面,25.0,2200000,,RPPNMLKKJIHGFAO87DB,鴻上,A棟6號
新竹市,房地(土地+建物)+車位,新竹市新竹市東區民族路,20.97,住,,,1111022,土地1建物1車位1,九層,12,住宅大樓(11層含以上有電梯),住家用,鋼筋混凝土造,,180.1,4,2,2,有,無,32840000,197550,坡道平面,25.0,2200000,,RPQNMLKKJIHGFAO97DB,鴻上,A棟9號
新竹市,房地(土地+建物)+車位,新竹市新竹市東區民族路,20.97,住,,,1111028,土地1建物1車位2,十層,12,住宅大樓(11層含以上有電梯),住家用,鋼筋混凝土造,,205.1,4,2,2,有,無,35660000,200580,坡道平面,50.0,4550000,,RPRNMLKKJIHGFAO08DB,鴻上,A棟10號
新竹市,房地(土地+建物)+車位,新竹市新竹市東區民族路,20.97,住,,,1111020,土地1建物1車位2,十一層,12,住宅大樓(11層含以上有電梯),住家用,鋼筋混凝土造,,205.1,4,2,2,有,無,35510000,200580,坡道平面,50.0,4400000,,RPSNMLKKJIHGFAO18DB,鴻上,A棟11號
新竹市,房地(土地+建物)+車位,新竹市新竹市東區民族路,20.97,住,,,1111018,土地1建物1車位1,十二層,12,住宅大樓(11層含以上有電梯),住家用,鋼筋混凝土造,,180.1,4,2,2,有,無,33770000,202901,坡道平面,25.0,2300000,,RPTNMLKKJIHGFAO28DB,鴻上,A棟12號
新竹市,房地(土地+建物)+車位,新竹市新竹市東區民族路,21.13,住,,,1111023,土地1建物1車位1,五層,12,住宅大樓(11層含以上有電梯),住家用,鋼筋混凝土造,,181.32,4,2,2,有,無,31560000,188140,坡道平面,25.0,2150000,,RPUNMLKKJIHGFAO38DB,鴻上,B棟5號
新竹市,房地(土地+建物)+車位,新竹市新竹市東區民族路,21.13,住,,,1111022,土地1建物1車位2,九層,12,住宅大樓(11層含以上有電梯),住家用,鋼筋混凝土造,,206.32,4,2,2,有,無,35460000,199015,坡道平面,50.0,4350000,,RPVNMLKKJIHGFAO48DB,鴻上,B棟9號
新竹市,房地(土地+建物)+車位,新竹市新竹市東區民族路,21.13,住,,,1111019,土地1建物1車位2,十一層,12,住宅大樓(11層含以上有電梯),住家用,鋼筋混凝土造,,206.32,4,2,2,有,無,35950000,200550,坡道平面,50.0,4600000,,RPWNMLKKJIHGFAO58DB,鴻上,B棟11號
新竹市,房地(土地+建物)+車位,新竹市新竹市東區民族路,21.13,住,,,1111018,土地1建物1車位1,十二層,12,住宅大樓(11層含以上有電梯),住家用,鋼筋混凝土造,,181.32,4,2,2,有,無,34010000,202853,坡道平面,25.0,2300000,,RPXNMLKKJIHGFAO68DB,鴻上,B棟12號
新竹市,房地(土地+建物)+車位,新竹市新竹市東區民族路,19.03,住,,,1111023,土地1建物1車位1,五層,12,住宅大樓(11層含以上有電梯),住家用,鋼筋混凝土造,,165.78,3,2,2,有,無,28760000,189018,坡道平面,25.0,2150000,,RPOOMLKKJIHGFAO87DB,鴻上,C棟5號
新竹市,房地(土地+建物)+車位,新竹市新竹市東區民族路,19.03,住,,,1111013,土地1建物1車位1,七層,12,住宅大樓(11層含以上有電梯),住家用,鋼筋混凝土造,,165.78,3,2,2,有,無,29700000,195695,坡道平面,25.0,2150000,,RPPOMLKKJIHGFAO97DB,鴻上,C棟7號
新竹市,房地(土地+建物)+車位,新竹市新竹市東區民族路,19.03,住,,,1111013,土地1建物1車位1,八層,12,住宅大樓(11層含以上有電梯),住家用,鋼筋混凝土造,,165.78,3,2,2,有,無,29950000,197471,坡道平面,25.0,2150000,,RPQOMLKKJIHGFAO08DB,鴻上,C棟8號
新竹市,房地(土地+建物)+車位,新竹市新竹市東區民族路,18.06,住,,,1111104,土地1建物1車位1,五層,12,住宅大樓(11層含以上有電梯),住家用,鋼筋混凝土造,,158.62,3,2,2,有,無,27350000,188595,坡道平面,25.0,2150000,,RPROMLKKJIHGFAO18DB,鴻上,D棟5號
新竹市,房地(土地+建物)+車位,新竹市新竹市東區民族路,18.06,住,,,1111021,土地1建物1車位1,七層,12,住宅大樓(11層含以上有電梯),住家用,鋼筋混凝土造,,158.62,3,2,2,有,無,28230000,194806,坡道平面,25.0,2200000,,RPSOMLKKJIHGFAO28DB,鴻上,D棟7號
新竹市,房地(土地+建物)+車位,新竹市新竹市東區民族路,18.06,住,,,1111021,土地1建物1車位1,十層,12,住宅大樓(11層含以上有電梯),住家用,鋼筋混凝土造,,158.62,3,2,2,有,無,29230000,202664,坡道平面,25.0,2150000,,RPUOMLKKJIHGFAO48DB,鴻上,D棟10號
新竹市,房地(土地+建物)+車位,新竹市新竹市東區民族路,18.06,住,,,1111025,土地1建物1車位1,十二層,12,住宅大樓(11層含以上有電梯),住家用,鋼筋混凝土造,,158.62,3,2,2,有,無,29210000,201766,坡道平面,25.0,2250000,,RPVOMLKKJIHGFAO58DB,鴻上,D棟12號
新竹市,房地(土地+建物)+車位,新竹市新竹市東區民族路,19.03,住,,,1111108,土地1建物1車位1,六層,12,住宅大樓(11層含以上有電梯),住家用,鋼筋混凝土造,,165.78,3,2,2,有,無,29000000,190013,坡道平面,25.0,2250000,,RPWOMLKKJIHGFAO68DB,鴻上,C棟6號
新竹市,房地(土地+建物)+車位,新竹市新竹市龍山西路,16.38,商,,,1111016,土地1建物1車位1,六層,14,住宅大樓(11層含以上有電梯),住家用,鋼筋混凝土造,,166.34,3,2,2,有,無,23910000,168187,升降平面,33.69,1600000,,RPXOMLKKJIHGFAO78DB,邑品軒,B棟6號
新竹市,房地(土地+建物),新竹市新竹市占梅路,9.58,商,,,1111021,土地1建物1車位0,一層,24,店面(店鋪),商業用,鋼筋混凝土造,,100.03,1,1,1,有,無,37800000,377887,,0.0,0,,RPPNMLLKJIHGFAO87CB,富宇-天雋,S棟8號
新竹市,房地(土地+建物),新竹市新竹市占梅路,9.68,商,,,1111021,土地1建物1車位0,一層,24,店面(店鋪),商業用,鋼筋混凝土造,,101.39,1,1,1,有,無,38300000,377749,,0.0,0,,RPQNMLLKJIHGFAO97CB,富宇-天雋,S棟7號
新竹市,房地(土地+建物)+車位,新竹市新竹市金雅三街95巷,30.51,,特定農業區,甲種建築用地,1111101,土地2建物1車位1,四層,10,華廈(10層含以下有電梯),住家用,鋼筋混凝土造,,136.16,3,2,2,有,無,17900000,133615,坡道平面,15.29,1750000,,RPQNMLOKJIHGFAO28CB,山階,B棟4號
新竹市,房地(土地+建物)+車位,新竹市新竹市東區民族路,18.06,住,,,1111025,土地1建物1車位1,八層,12,住宅大樓(11層含以上有電梯),住家用,鋼筋混凝土造,,158.62,3,2,2,有,無,28670000,198099,坡道平面,25.0,2200000,,RPPNMLPKJIHGFAO38DB,鴻上,D棟8號
新竹市,房地(土地+建物),新竹市新竹市草漯街,132.13,,一般農業區,丙種建築用地,1111021,土地3建物1車位0,全,3,透天厝,住家用,鋼筋混凝土造,,198.34,4,1,5,有,無,19290000,97257,,0.0,0,,RPPNMLTKJIHGFAO68CB,森活新墅,B7棟0號
新竹市,房地(土地+建物)+車位,新竹市新竹市金雅路、金雅八街交叉口,29.08,,鄉村區,乙種建築用地,1111104,土地1建物1車位1,十一層,12,住宅大樓(11層含以上有電梯),住家用,鋼筋混凝土造,,145.66,3,2,2,有,無,17400000,137916,坡道平面,32.62,1810000,,RPQNMLLLJIHGFAO08CB,悅佳.川青,A3-11F號
新竹市,房地(土地+建物)+車位,新竹市新竹市華德福街168號對面,36.52,,山坡地保育區,丙種建築用地,1111110,土地1建物1車位1,五層,6,華廈(10層含以下有電梯),住家用,鋼筋混凝土造,,175.67,3,2,2,有,無,23130000,135625,坡道平面,18.03,1750000,跨所案件，另有基地為：新竹縣、竹東地政事務所）新竹縣寶山鄉寶香段409-16地號持分面積:17.91平方公尺；新竹縣寶山鄉寶香段432-12地號持分面積:1.05平方公尺,RPTNMLLLJIHGFAO38CB,宏道新竹帝寶9區1號,J1棟5F號
新竹市,房地(土地+建物),新竹市新竹市華德福街168號對面,123.19,,山坡地保育區,丙種建築用地,1111031,土地1建物1車位0,全,2,透天厝,住家用,鋼筋混凝土造,,385.06,4,2,3,有,無,48880000,126941,,0.0,0,跨所案件，另有基地為：新竹縣、竹東地政事務所）新竹縣寶山鄉寶香段409-16地號持分面積:60.42平方公尺；新竹縣寶山鄉寶香段432-12地號持分面積:3.55平方公尺,RPUNMLLLJIHGFAO48CB,宏道新竹帝寶9區1號,G棟0號
新竹市,房地(土地+建物)+車位,新竹市新竹市金雅三街95巷,30.57,,特定農業區,甲種建築用地,1111027,土地2建物1車位1,五層,10,華廈(10層含以下有電梯),住家用,鋼筋混凝土造,,136.38,3,2,2,有,無,17930000,133620,坡道平面,15.29,1750000,,RPOOMLLLJIHGFAO97CB,山階,C棟5號
新竹市,房地(土地+建物)+車位,新竹市新竹市龍山西路,17.52,商,,,1111026,土地1建物1車位1,五層,14,住宅大樓(11層含以上有電梯),住家用,鋼筋混凝土造,,175.57,3,2,2,有,無,25200000,165633,升降平面,33.69,1700000,,RPPNMLNLJIHGFAO28DB,邑品軒,C棟5號
新竹市,房地(土地+建物)+車位,新竹市新竹市東大路三段439巷旁,41.67,住,,,1111108,土地1建物1車位1,四層,8,華廈(10層含以下有電梯),住家用,鋼筋混凝土造,,170.91,3,2,2,有,無,12510000,80281,一樓平面,34.39,1550000,,RPPNMLOLJIHGFAO28CB,廿景,A棟4號
新竹市,房地(土地+建物)+車位,新竹市新竹市東大路三段439巷旁,41.23,住,,,1111108,土地1建物1車位1,七層,8,華廈(10層含以下有電梯),住家用,鋼筋混凝土造,,168.77,3,2,2,有,無,12440000,81411,一樓平面,34.39,1500000,,RPQNMLOLJIHGFAO38CB,廿景,C棟7號
新竹市,房地(土地+建物)+車位,新竹市新竹市埔頂一路161巷,18.6,住,,,1111017,土地2建物1車位1,九層,10,華廈(10層含以下有電梯),住家用,鋼筋混凝土造,,90.17,1,1,2,有,無,14600000,175585,坡道平面,18.41,2000000,,RPPNMLKMJIHGFAO97CB,高豐匯,9F-C號
新竹市,房地(土地+建物),新竹市新竹市埔頂一路161巷,28.56,住,,,1111027,土地2建物1車位0,九層,10,華廈(10層含以下有電梯),住家用,鋼筋混凝土造,,110.08,2,1,3,有,無,19980000,181504,,0.0,0,,RPQNMLKMJIHGFAO08CB,高豐匯,9F-A號
新竹市,房地(土地+建物)+車位,新竹市新竹市埔頂一路161巷,18.6,住,,,1111006,土地2建物1車位1,八層,10,華廈(10層含以下有電梯),住家用,鋼筋混凝土造,,90.17,1,1,2,有,無,15000000,181159,坡道平面,18.41,2000000,,RPRNMLKMJIHGFAO18CB,高豐匯,8F-C號
新竹市,房地(土地+建物)+車位,新竹市新竹市埔頂一路161巷,18.6,住,,,1111013,土地2建物1車位1,七層,10,華廈(10層含以下有電梯),住家用,鋼筋混凝土造,,90.17,1,1,2,有,無,14700000,176979,坡道平面,18.41,2000000,,RPSNMLKMJIHGFAO28CB,高豐匯,7F-C號
新竹市,房地(土地+建物),新竹市新竹市埔頂一路161巷,28.56,住,,,1111017,土地2建物1車位0,七層,10,華廈(10層含以下有電梯),住家用,鋼筋混凝土造,,110.08,2,1,3,有,無,20000000,181686,,0.0,0,,RPTNMLKMJIHGFAO38CB,高豐匯,7F-B號
新竹市,房地(土地+建物),新竹市新竹市埔頂一路161巷,28.56,住,,,1111017,土地2建物1車位0,七層,10,華廈(10層含以下有電梯),住家用,鋼筋混凝土造,,110.08,2,1,3,有,無,20000000,181686,,0.0,0,,RPUNMLKMJIHGFAO48CB,高豐匯,7F-A號
新竹市,房地(土地+建物),新竹市新竹市埔頂一路161巷,18.6,住,,,1111005,土地2建物1車位0,六層,10,華廈(10層含以下有電梯),住家用,鋼筋混凝土造,,71.76,1,1,2,有,無,12500000,174192,,0.0,0,,RPVNMLKMJIHGFAO58CB,高豐匯,6F-C號
新竹市,房地(土地+建物),新竹市新竹市埔頂一路161巷,28.56,住,,,1111003,土地2建物1車位0,六層,10,華廈(10層含以下有電梯),住家用,鋼筋混凝土造,,110.08,2,1,3,有,無,19500000,177144,,0.0,0,,RPWNMLKMJIHGFAO68CB,高豐匯,6F-A號
新竹市,房地(土地+建物),新竹市新竹市埔頂一路161巷,18.6,住,,,1111011,土地2建物1車位0,五層,10,華廈(10層含以下有電梯),住家用,鋼筋混凝土造,,71.76,1,1,2,有,無,11700000,163043,,0.0,0,,RPXNMLKMJIHGFAO78CB,高豐匯,5F-C號
新竹市,房地(土地+建物),新竹市新竹市埔頂一路161巷,28.56,住,,,1111007,土地2建物1車位0,五層,10,華廈(10層含以下有電梯),住家用,鋼筋混凝土造,,110.08,2,1,3,有,無,19300000,175327,,0.0,0,,RPOOMLKMJIHGFAO97CB,高豐匯,5F-B號
新竹市,房地(土地+建物),新竹市新竹市埔頂一路161巷,28.56,住,,,1111004,土地2建物1車位0,五層,10,華廈(10層含以下有電梯),住家用,鋼筋混凝土造,,110.08,2,1,3,有,無,19500000,177144,,0.0,0,,RPPOMLKMJIHGFAO08CB,高豐匯,5F-A號
新竹市,房地(土地+建物),新竹市新竹市埔頂一路161巷,28.56,住,,,1111012,土地2建物1車位0,四層,10,華廈(10層含以下有電梯),住家用,鋼筋混凝土造,,110.08,2,1,3,有,無,17050000,154887,,0.0,0,,RPQOMLKMJIHGFAO18CB,高豐匯,4F-B號
新竹市,房地(土地+建物),新竹市新竹市埔頂一路161巷,28.56,住,,,1111012,土地2建物1車位0,四層,10,華廈(10層含以下有電梯),住家用,鋼筋混凝土造,,110.08,2,1,3,有,無,17050000,154887,,0.0,0,,RPROMLKMJIHGFAO28CB,高豐匯,4F-A號
新竹市,房地(土地+建物),新竹市新竹市埔頂一路161巷,18.6,住,,,1111004,土地2建物1車位0,三層,10,華廈(10層含以下有電梯),住家用,鋼筋混凝土造,,71.76,1,1,2,有,無,12400000,172798,,0.0,0,,RPSOMLKMJIHGFAO38CB,高豐匯,3F-C號
新竹市,房地(土地+建物),新竹市新竹市埔頂一路161巷,28.56,住,,,1111027,土地2建物1車位0,三層,10,華廈(10層含以下有電梯),住家用,鋼筋混凝土造,,110.08,2,1,3,有,無,19500000,177144,,0.0,0,,RPTOMLKMJIHGFAO48CB,高豐匯,3F-B號
新竹市,房地(土地+建物),新竹市新竹市埔頂一路161巷,28.56,住,,,1111004,土地2建物1車位0,三層,10,華廈(10層含以下有電梯),住家用,鋼筋混凝土造,,110.08,2,1,3,有,無,19000000,172602,,0.0,0,,RPUOMLKMJIHGFAO58CB,高豐匯,3F-A號
新竹市,房地(土地+建物),新竹市新竹市明湖路1016巷,102.67,,鄉村區,乙種建築用地,1111106,土地3建物1車位0,全,5,透天厝,住家用,鋼筋混凝土造,,205.67,5,2,4,有,無,24100000,117178,,0.0,0,,RPPNMLLJKIHGFAO87CB,拾貳家,A棟5號
新竹市,房地(土地+建物)+車位,新竹市新竹市金雅路、金雅八街交叉口,35.83,,鄉村區,乙種建築用地,1111028,土地1建物1車位1,一層,12,店面(店鋪),商業用,鋼筋混凝土造,,172.06,0,0,1,有,無,22000000,144793,坡道平面,32.62,1810000,,RPPNMLMKKIHGFAO08CB,悅佳.川青,S2-1F號
