﻿編號,土地位置,土地移轉面積(平方公尺),使用分區或編定,權利人持分分母,權利人持分分子,移轉情形,地號
The serial number, land position,land shifting area square meter,the use zoning or compiles and checks,,,,land parcel
RPQNMLSKQHHGFAP86DB,大崙段茄苳腳小段,89.00,非都市：鄉村區 ; 非都市編定：乙種建築用地,1,1,全筆移轉,00860046
RPPNMLQKQHHGFAP09CB,大崙段茄苳腳小段,21.96,非都市：鄉村區 ; 非都市編定：乙種建築用地,100000,3368,持分移轉,00860025
RPPNMLMLQHHGFFP66CB,山寮段,91.00,非都市：鄉村區 ; 非都市編定：乙種建築用地,1,1,全筆移轉,09240001
RPPNMLMLQHHGFFP66CB,山寮段,30.33,非都市：鄉村區 ; 非都市編定：乙種建築用地,6,1,持分移轉,09240000
RPQNMLOKQHHGFAP98CB,雲林溪段,14.50,都市：商,202785,1450,持分移轉,01590000
RPXNMLPKQHHGFAP17CB,大崙段茄苳腳小段,21.96,非都市：鄉村區 ; 非都市編定：乙種建築用地,100000,3368,持分移轉,00860025
RPQNMLMLQHHGFFP76CB,山寮段,82.00,非都市：鄉村區 ; 非都市編定：乙種建築用地,1,1,全筆移轉,09240004
RPQNMLMLQHHGFFP76CB,山寮段,30.33,非都市：鄉村區 ; 非都市編定：乙種建築用地,6,1,持分移轉,09240000
RPPNMLNLQHHGFFP76CB,山寮段,80.00,非都市：鄉村區 ; 非都市編定：乙種建築用地,1,1,全筆移轉,09240003
RPPNMLNLQHHGFFP76CB,山寮段,30.33,非都市：鄉村區 ; 非都市編定：乙種建築用地,6,1,持分移轉,09240000
RPQNMLQKQHHGFAP56CB,大崙段茄苳腳小段,24.68,非都市：鄉村區 ; 非都市編定：乙種建築用地,100000,3785,持分移轉,00860025
RPQNMLMLQHHGFAP88CB,大崙段茄苳腳小段,21.96,非都市：鄉村區 ; 非都市編定：乙種建築用地,100000,3368,持分移轉,00860025
RPQNMLOLQHHGFCP66CB,漢光段,99.99,都市：住,1,1,全筆移轉,00770007
RPRNMLPLQHHGFCP86CB,新油車段,153.04,非都市：鄉村區 ; 非都市編定：乙種建築用地,1,1,全筆移轉,08110028
RPRNMLPLQHHGFCP86CB,新油車段,39.43,非都市：鄉村區 ; 非都市編定：乙種建築用地,18,1,持分移轉,08110029
RPPNMLOLQHHGFFP86CB,山寮段,85.00,非都市：鄉村區 ; 非都市編定：乙種建築用地,1,1,全筆移轉,09240005
RPPNMLOLQHHGFFP86CB,山寮段,30.33,非都市：鄉村區 ; 非都市編定：乙種建築用地,6,1,持分移轉,09240000
RPQNMLOLQHHGFFP96CB,山寮段,89.00,非都市：鄉村區 ; 非都市編定：乙種建築用地,1,1,全筆移轉,09240006
RPQNMLOLQHHGFFP96CB,山寮段,30.33,非都市：鄉村區 ; 非都市編定：乙種建築用地,6,1,持分移轉,09240000
RPPNMLOLQHHGFAP09DB,高林北段,98.80,非都市：鄉村區 ; 非都市編定：乙種建築用地,1,1,全筆移轉,05580009
RPPNMLOLQHHGFAP09DB,高林北段,25.42,非都市：鄉村區 ; 非都市編定：乙種建築用地,50,1,持分移轉,05580050
RPPNMLMLQHHGFCP98CB,永定段,97.49,非都市：鄉村區 ; 非都市編定：乙種建築用地,1,1,全筆移轉,11120012
RPPNMLOLQHHGFAP09DB,高林北段,.91,非都市：鄉村區 ; 非都市編定：乙種建築用地,50,1,持分移轉,05580051
RPPNMLOLQHHGFAP09DB,高林北段,11.65,非都市：一般農業區 ; 非都市編定：農牧用地,50,1,持分移轉,05640000
RPPNMLOLQHHGFCP56CB,新田尾段,75.14,非都市：鄉村區 ; 非都市編定：乙種建築用地,1,1,全筆移轉,04740014
RPPNMLOLQHHGFCP56CB,新田尾段,22.51,非都市：鄉村區 ; 非都市編定：乙種建築用地,1,1,全筆移轉,04740016
RPPNMLOLQHHGFCP56CB,新田尾段,3.46,非都市：鄉村區 ; 非都市編定：交通用地,21,2,持分移轉,04750003
RPPNMLOLQHHGFCP56CB,新田尾段,46.09,非都市：鄉村區 ; 非都市編定：乙種建築用地,21,2,持分移轉,04740015
RPQNMLPLQHHGFAP56CB,虎溪段,30.47,非都市：鄉村區 ; 非都市編定：乙種建築用地,100000,1313,持分移轉,15560000
RPPNMLPLQHHGFAP09CB,虎溪段,21.96,非都市：鄉村區 ; 非都市編定：乙種建築用地,100000,946,持分移轉,15560000
RPSNMLPLQHHGFDP07CB,高南段,27.47,都市：住,100000,943,持分移轉,02600000
RPRNMLKMQHHGFDP56CB,高南段,22.10,都市：住,10000,75,持分移轉,00500000
RPSNMLKMQHHGFDP66CB,高南段,26.82,都市：住,10000,91,持分移轉,00500000
RPPNMLTLQHHGFDP17CB,大學段,42.89,都市：住,10000,165,持分移轉,02800000
RPTNMLPLQHHGFDP17CB,高南段,27.47,都市：住,100000,943,持分移轉,02600000
RPPNMLQLQHHGFFP07CB,山寮段,78.00,非都市：鄉村區 ; 非都市編定：乙種建築用地,1,1,全筆移轉,09240002
RPPNMLQLQHHGFFP07CB,山寮段,30.33,非都市：鄉村區 ; 非都市編定：乙種建築用地,6,1,持分移轉,09240000
RPUNMLKMQHHGFAP56CB,榴中段,17.20,非都市：一般農業區 ; 非都市編定：甲種建築用地,10000,58,持分移轉,08880000
RPRNMLLMQHHGFCP56CB,永定段,83.25,非都市：鄉村區 ; 非都市編定：乙種建築用地,1,1,全筆移轉,11120039
RPRNMLLMQHHGFCP56CB,永定段,37.44,非都市：鄉村區 ; 非都市編定：乙種建築用地,4752,337,持分移轉,11120004
RPPNMLLJRHHGFCP78CB,漢南段,73.01,都市：住,1,1,全筆移轉,01470034
RPPNMLLJRHHGFCP78CB,漢南段,30.60,都市：住,23,1,持分移轉,01470044
RPTNMLKMQHHGFDP76CB,埒內段,86.67,非都市：鄉村區 ; 非都市編定：乙種建築用地,1,1,全筆移轉,12990004
RPTNMLKMQHHGFDP76CB,埒內段,48.85,非都市：鄉村區 ; 非都市編定：乙種建築用地,4,1,持分移轉,12990009
RPQNMLLJRHHGFCP88CB,漢南段,73.01,都市：住,1,1,全筆移轉,01470029
RPQNMLLJRHHGFCP88CB,漢南段,30.60,都市：住,23,1,持分移轉,01470044
RPUNMLLJRHHGFCP66CB,順天段,70.90,都市：住,135083,7090,持分移轉,07700000
RPUNMLLJRHHGFCP66CB,順天段,.70,都市：其他:道路用地,63181,70,持分移轉,07690000
RPSNMLLJRHHGFCP09CB,埔西段,71.81,都市：住,1,1,全筆移轉,04810013
RPSNMLLJRHHGFCP09CB,埔西段,5.67,都市：住,1,1,全筆移轉,04810073
RPSNMLLJRHHGFCP09CB,埔西段,1.36,都市：住,48,1,持分移轉,04810065
RPSNMLLJRHHGFCP09CB,埔西段,.20,都市：住,48,1,持分移轉,04810077
RPSNMLLJRHHGFCP09CB,埔西段,5.30,都市：住,48,1,持分移轉,04810066
RPTNMLLJRHHGFCP56CB,新油車段,99.00,非都市：鄉村區 ; 非都市編定：乙種建築用地,1,1,全筆移轉,08110011
RPRNMLLJRHHGFCP98CB,埔西段,71.81,都市：住,1,1,全筆移轉,04810011
RPRNMLLJRHHGFCP98CB,埔西段,5.67,都市：住,1,1,全筆移轉,04810071
RPRNMLLJRHHGFCP98CB,埔西段,1.36,都市：住,48,1,持分移轉,04810065
RPRNMLLJRHHGFCP98CB,埔西段,.20,都市：住,48,1,持分移轉,04810077
RPRNMLLJRHHGFCP98CB,埔西段,5.30,都市：住,48,1,持分移轉,04810066
RPTNMLLJRHHGFCP56CB,新油車段,39.43,非都市：鄉村區 ; 非都市編定：乙種建築用地,18,1,持分移轉,08110029
RPVNMLLJRHHGFCP76CB,順天段,25.75,都市：住,88221,2575,持分移轉,07450000
RPVNMLLJRHHGFCP76CB,順天段,.51,都市：其他:道路用地,11836,51,持分移轉,07720001
RPWNMLLJRHHGFCP86CB,永定段,83.81,非都市：鄉村區 ; 非都市編定：乙種建築用地,1,1,全筆移轉,11120023
RPWNMLLJRHHGFCP86CB,永定段,24.41,非都市：鄉村區 ; 非都市編定：乙種建築用地,14,1,持分移轉,11120043
RPXNMLLJRHHGFCP96CB,新田尾段,87.81,非都市：鄉村區 ; 非都市編定：乙種建築用地,1,1,全筆移轉,04740009
RPXNMLLJRHHGFCP96CB,新田尾段,3.46,非都市：鄉村區 ; 非都市編定：交通用地,21,2,持分移轉,04750003
RPXNMLLJRHHGFCP96CB,新田尾段,46.09,非都市：鄉村區 ; 非都市編定：乙種建築用地,21,2,持分移轉,04740015
RPPNMLMJRHHGFCP88CB,漢光段,77.11,都市：住,1,1,全筆移轉,00770003
RPPNMLSLQHHGFBP86CB,僑真段,21.44,都市：住,100000,633,持分移轉,03490000
RPPNMLSLQHHGFBP86CB,僑真段,1.22,都市：其他:綠地用地,1136300,3093,持分移轉,03450000
RPPNMLSLQHHGFBP86CB,僑真段,1.07,都市：其他:道路用地,1136300,2039,持分移轉,03500000
RPPNMLSLQHHGFBP86CB,僑真段,1.54,都市：住,100000,417,持分移轉,03490012
RPQNMLMJRHHGFAP78CB,東陽段,20.50,非都市：鄉村區 ; 非都市編定：乙種建築用地,8,1,持分移轉,16950011
RPQNMLMJRHHGFAP78CB,東陽段,5.00,非都市：鄉村區 ; 非都市編定：乙種建築用地,11,1,持分移轉,16950012
RPQNMLMJRHHGFAP78CB,東陽段,.64,非都市：鄉村區 ; 非都市編定：乙種建築用地,11,1,持分移轉,16950014
RPQNMLMJRHHGFAP78CB,東陽段,1.36,非都市：鄉村區 ; 非都市編定：乙種建築用地,11,1,持分移轉,16950017
RPQNMLMJRHHGFAP78CB,東陽段,94.00,非都市：鄉村區 ; 非都市編定：乙種建築用地,1,1,全筆移轉,16950002
RPPNMLMJRHHGFAP68CB,東陽段,20.50,非都市：鄉村區 ; 非都市編定：乙種建築用地,8,1,持分移轉,16950011
RPPNMLMJRHHGFAP68CB,東陽段,5.00,非都市：鄉村區 ; 非都市編定：乙種建築用地,11,1,持分移轉,16950012
RPPNMLMJRHHGFAP68CB,東陽段,.64,非都市：鄉村區 ; 非都市編定：乙種建築用地,11,1,持分移轉,16950014
RPPNMLMJRHHGFAP68CB,東陽段,1.36,非都市：鄉村區 ; 非都市編定：乙種建築用地,11,1,持分移轉,16950017
RPPNMLMJRHHGFAP68CB,東陽段,84.00,非都市：鄉村區 ; 非都市編定：乙種建築用地,1,1,全筆移轉,16950008
RPPNMLOJRHHGFBP98CB,僑真段,21.10,都市：住,100000,623,持分移轉,03490000
RPPNMLOJRHHGFBP98CB,僑真段,1.20,都市：其他:綠地用地,1136300,3045,持分移轉,03450000
RPPNMLOJRHHGFBP98CB,僑真段,1.05,都市：其他:道路用地,1136300,2006,持分移轉,03500000
RPPNMLOJRHHGFBP98CB,僑真段,1.51,都市：住,100000,410,持分移轉,03490012
RPRNMLMJRHHGFAP88CB,科加段,83.83,非都市：工業區 ; 非都市編定：丁種建築用地,1,1,全筆移轉,00160054
RPRNMLMJRHHGFAP88CB,科加段,27.12,非都市：工業區 ; 非都市編定：丁種建築用地,21,1,持分移轉,00160084
RPPNMLPJRHHGFAP98CB,虎溪段,30.47,非都市：鄉村區 ; 非都市編定：乙種建築用地,100000,1313,持分移轉,15560000
RPPNMLPJRHHGFAP09DB,高林北段,102.76,非都市：鄉村區 ; 非都市編定：乙種建築用地,1,1,全筆移轉,05580023
RPPNMLPJRHHGFAP09DB,高林北段,25.42,非都市：鄉村區 ; 非都市編定：乙種建築用地,50,1,持分移轉,05580050
RPPNMLPJRHHGFAP09DB,高林北段,.91,非都市：鄉村區 ; 非都市編定：乙種建築用地,50,1,持分移轉,05580051
RPPNMLPJRHHGFAP09DB,高林北段,11.65,非都市：一般農業區 ; 非都市編定：農牧用地,50,1,持分移轉,05640000
RPPNMLPJRHHGFCP56CB,崙北段,130.76,都市：住,1,1,全筆移轉,09420007
RPPNMLPJRHHGFCP56CB,崙北段,.04,都市：住,10,1,持分移轉,09420015
RPRNMLPJRHHGFDP86CB,埔崙段,78.00,都市：住,1,1,全筆移轉,04520010
RPRNMLPJRHHGFDP86CB,埔崙段,34.00,都市：住,18,1,持分移轉,04520000
RPRNMLPJRHHGFDP86CB,埔崙段,.22,都市：住,18,1,持分移轉,04520003
RPRNMLPJRHHGFDP86CB,埔崙段,1.00,都市：住,18,1,持分移轉,04520006
RPSNMLPJRHHGFDP96CB,埔崙段,64.00,都市：住,1,1,全筆移轉,04520007
RPSNMLPJRHHGFDP96CB,埔崙段,34.00,都市：住,18,1,持分移轉,04520000
RPSNMLPJRHHGFDP96CB,埔崙段,.22,都市：住,18,1,持分移轉,04520003
RPQNMLPJRHHGFAP09CB,科加段,73.50,非都市：工業區 ; 非都市編定：丁種建築用地,1,1,全筆移轉,00070161
RPQNMLPJRHHGFAP09CB,科加段,8.51,非都市：工業區 ; 非都市編定：丁種建築用地,10000,74,持分移轉,00070188
RPSNMLPJRHHGFDP96CB,埔崙段,1.00,都市：住,18,1,持分移轉,04520006
RPQNMLPJRHHGFAP09CB,科加段,.15,非都市：工業區 ; 非都市編定：丁種建築用地,59,1,持分移轉,00070178
RPSNMLPJRHHGFDP96CB,埔崙段,17.00,都市：住,1,1,全筆移轉,04520004
RPQOMLPJRHHGFDP86CB,大學段,43.83,都市：住,101352,4383,持分移轉,02760000
RPPNMLQJRHHGFAP09CB,科加段,73.50,非都市：工業區 ; 非都市編定：丁種建築用地,1,1,全筆移轉,00070144
RPPNMLQJRHHGFAP09CB,科加段,8.51,非都市：工業區 ; 非都市編定：丁種建築用地,10000,74,持分移轉,00070188
RPPNMLQJRHHGFAP09CB,科加段,.15,非都市：工業區 ; 非都市編定：丁種建築用地,59,1,持分移轉,00070178
RPQNMLQJRHHGFAP56CB,科加段,27.12,非都市：工業區 ; 非都市編定：丁種建築用地,21,1,持分移轉,00160084
RPQNMLQJRHHGFAP56CB,科加段,83.83,非都市：工業區 ; 非都市編定：丁種建築用地,1,1,全筆移轉,00160053
RPQNMLQJRHHGFCP76CB,永定段,77.42,非都市：鄉村區 ; 非都市編定：乙種建築用地,1,1,全筆移轉,11120018
RPQNMLQJRHHGFCP76CB,永定段,24.41,非都市：鄉村區 ; 非都市編定：乙種建築用地,14,1,持分移轉,11120043
RPRNMLQJRHHGFAP66CB,科加段,28.00,非都市：工業區 ; 非都市編定：丁種建築用地,20,1,持分移轉,00160085
RPRNMLQJRHHGFAP66CB,科加段,83.84,非都市：工業區 ; 非都市編定：丁種建築用地,1,1,全筆移轉,00160064
RPPNMLQJRHHGFCP66CB,新田尾段,87.81,非都市：鄉村區 ; 非都市編定：乙種建築用地,1,1,全筆移轉,04740011
RPPNMLQJRHHGFCP66CB,新田尾段,3.46,非都市：鄉村區 ; 非都市編定：交通用地,21,2,持分移轉,04750003
RPPNMLQJRHHGFCP66CB,新田尾段,46.09,非都市：鄉村區 ; 非都市編定：乙種建築用地,21,2,持分移轉,04740015
RPRNMLSJRHHGFAP96DB,科加段,83.45,非都市：工業區 ; 非都市編定：丁種建築用地,1,1,全筆移轉,00270002
RPRNMLSJRHHGFAP96DB,科加段,.70,非都市：工業區 ; 非都市編定：丁種建築用地,41,1,持分移轉,00270000
RPRNMLSJRHHGFAP96DB,科加段,24.13,非都市：工業區 ; 非都市編定：丁種建築用地,41,1,持分移轉,00270024
RPRNMLSJRHHGFAP96DB,科加段,.68,非都市：工業區 ; 非都市編定：丁種建築用地,41,1,持分移轉,00270025
RPPNMLLJRHHGFAP68DB,北環段,20.00,都市：住,10000,86,持分移轉,02400000
RPQNMLSJRHHGFAP86DB,科加段,83.30,非都市：工業區 ; 非都市編定：丁種建築用地,1,1,全筆移轉,00270003
RPQNMLSJRHHGFAP86DB,科加段,.70,非都市：工業區 ; 非都市編定：丁種建築用地,41,1,持分移轉,00270000
RPQNMLSJRHHGFAP86DB,科加段,24.13,非都市：工業區 ; 非都市編定：丁種建築用地,41,1,持分移轉,00270024
RPQNMLSJRHHGFAP86DB,科加段,.68,非都市：工業區 ; 非都市編定：丁種建築用地,41,1,持分移轉,00270025
RPPNMLTJRHHGFEP17CB,新東段,140.01,都市：住,1,1,全筆移轉,00880018
RPSNMLRJRHHGFAP86CB,九芎段,73.95,非都市：鄉村區 ; 非都市編定：乙種建築用地,1,1,全筆移轉,03050006
RPRNMLLKRHHGFDP56CB,高南段,22.09,都市：住,100000,1057,持分移轉,00600000
RPPNMLTJRHHGFDP07CB,高北段,41.17,都市：住,100000,3048,持分移轉,00850000
RPSNMLLKRHHGFDP66CB,高南段,24.47,都市：住,100000,1171,持分移轉,00600000
RPPNMLMKRHHGFCP98CB,永定段,83.25,非都市：鄉村區 ; 非都市編定：乙種建築用地,1,1,全筆移轉,11120037
RPPNMLMKRHHGFCP98CB,永定段,37.44,非都市：鄉村區 ; 非都市編定：乙種建築用地,4752,337,持分移轉,11120004
RPQNMLMKRHHGFCP09CB,新田尾段,87.81,非都市：鄉村區 ; 非都市編定：乙種建築用地,1,1,全筆移轉,04740012
RPQNMLMKRHHGFCP09CB,新田尾段,3.46,非都市：鄉村區 ; 非都市編定：交通用地,21,2,持分移轉,04750003
RPQNMLMKRHHGFCP09CB,新田尾段,46.09,非都市：鄉村區 ; 非都市編定：乙種建築用地,21,2,持分移轉,04740015
RPPNMLNKRHHGFDP56CB,大荖段,86.00,非都市：鄉村區 ; 非都市編定：乙種建築用地,889,86,持分移轉,20230003
RPQNMLNKRHHGFDP66CB,立仁段,1.08,都市：商,189731,1517,持分移轉,05990000
RPQNMLNKRHHGFDP66CB,立仁段,.02,都市：商,189731,1517,持分移轉,06030000
RPQNMLNKRHHGFDP66CB,立仁段,.02,都市：商,189731,1517,持分移轉,06040000
RPQNMLNKRHHGFDP66CB,立仁段,.84,都市：商,189731,1517,持分移轉,06050000
RPQNMLNKRHHGFDP66CB,立仁段,1.31,都市：商,189731,1517,持分移轉,06060000
RPQNMLNKRHHGFDP66CB,立仁段,5.44,都市：商,189731,1517,持分移轉,06070000
RPQNMLNKRHHGFDP66CB,立仁段,1.12,都市：商,189731,1517,持分移轉,06080000
RPQNMLNKRHHGFDP66CB,立仁段,.28,都市：商,189731,1517,持分移轉,06090000
RPRNMLNKRHHGFDP76CB,立仁段,1.08,都市：商,189731,1517,持分移轉,05990000
RPQNMLNKRHHGFDP66CB,立仁段,.54,都市：商,189731,1517,持分移轉,06100000
RPRNMLNKRHHGFDP76CB,立仁段,.02,都市：商,189731,1517,持分移轉,06030000
RPRNMLNKRHHGFDP76CB,立仁段,.02,都市：商,189731,1517,持分移轉,06040000
RPQNMLNKRHHGFDP66CB,立仁段,1.27,都市：商,189731,1517,持分移轉,06110000
RPRNMLNKRHHGFDP76CB,立仁段,.84,都市：商,189731,1517,持分移轉,06050000
RPRNMLNKRHHGFDP76CB,立仁段,1.31,都市：商,189731,1517,持分移轉,06060000
RPQNMLNKRHHGFDP66CB,立仁段,3.27,都市：商,189731,1517,持分移轉,06110001
RPRNMLNKRHHGFDP76CB,立仁段,5.44,都市：商,189731,1517,持分移轉,06070000
RPRNMLNKRHHGFDP76CB,立仁段,1.12,都市：商,189731,1517,持分移轉,06080000
RPRNMLNKRHHGFDP76CB,立仁段,.28,都市：商,189731,1517,持分移轉,06090000
RPRNMLNKRHHGFDP76CB,立仁段,.54,都市：商,189731,1517,持分移轉,06100000
RPRNMLNKRHHGFDP76CB,立仁段,1.27,都市：商,189731,1517,持分移轉,06110000
RPRNMLNKRHHGFDP76CB,立仁段,3.27,都市：商,189731,1517,持分移轉,06110001
RPPNMLOKRHHGFAP98CB,虎溪段,21.96,非都市：鄉村區 ; 非都市編定：乙種建築用地,100000,946,持分移轉,15560000
RPSNMLNKRHHGFDP86CB,立仁段,.87,都市：商,189731,1220,持分移轉,05990000
RPSNMLNKRHHGFDP86CB,立仁段,.01,都市：商,189731,1220,持分移轉,06030000
RPSNMLNKRHHGFDP86CB,立仁段,.01,都市：商,189731,1220,持分移轉,06040000
RPSNMLNKRHHGFDP86CB,立仁段,.67,都市：商,189731,1220,持分移轉,06050000
RPSNMLNKRHHGFDP86CB,立仁段,1.05,都市：商,189731,1220,持分移轉,06060000
RPSNMLNKRHHGFDP86CB,立仁段,4.37,都市：商,189731,1220,持分移轉,06070000
RPSNMLNKRHHGFDP86CB,立仁段,.90,都市：商,189731,1220,持分移轉,06080000
RPSNMLNKRHHGFDP86CB,立仁段,.22,都市：商,189731,1220,持分移轉,06090000
RPSNMLNKRHHGFDP86CB,立仁段,.44,都市：商,189731,1220,持分移轉,06100000
RPSNMLNKRHHGFDP86CB,立仁段,1.02,都市：商,189731,1220,持分移轉,06110000
RPSNMLNKRHHGFDP86CB,立仁段,2.63,都市：商,189731,1220,持分移轉,06110001
RPPNMLPKRHHGFAP09CB,大潭段社口小段,28.97,都市：住,1000000,33376,持分移轉,01750001
RPRNMLPKRHHGFAP66CB,大潭段社口小段,28.97,都市：住,1000000,33376,持分移轉,01750001
RPQNMLPKRHHGFAP56CB,大潭段社口小段,28.87,都市：住,1000000,33260,持分移轉,01750001
RPSNMLPKRHHGFAP76CB,大潭段社口小段,28.87,都市：住,1000000,33260,持分移轉,01750001
RPPNMLQKRHHGFCP76CB,順天段,96.56,都市：住,1,1,全筆移轉,07090027
RPPNMLQKRHHGFCP76CB,順天段,14.35,都市：住,10000,687,持分移轉,07090029
RPPNMLSKRHHGFAP76CB,科加段,27.12,非都市：工業區 ; 非都市編定：丁種建築用地,21,1,持分移轉,00160084
RPPNMLSKRHHGFAP76CB,科加段,83.02,非都市：工業區 ; 非都市編定：丁種建築用地,1,1,全筆移轉,00160038
RPQNMLSKRHHGFAP86CB,科加段,28.00,非都市：工業區 ; 非都市編定：丁種建築用地,20,1,持分移轉,00160085
RPQNMLSKRHHGFAP86CB,科加段,83.83,非都市：工業區 ; 非都市編定：丁種建築用地,1,1,全筆移轉,00160066
RPRNMLQKRHHGFAP86DB,龍潭段,33.94,非都市：鄉村區 ; 非都市編定：乙種建築用地,100000,4414,持分移轉,00470000
RPQNMLQKRHHGFAP66CB,虎溪段,100.84,非都市：特定農業區 ; 非都市編定：甲種建築用地,1,1,全筆移轉,01860000
RPQNMLQKRHHGFAP66CB,虎溪段,13.00,非都市：特定農業區 ; 非都市編定：甲種建築用地,22211,1300,持分移轉,01850000
RPQNMLTKRHHGFAP96CB,新興段,57.00,都市：住,1,1,全筆移轉,04020009
RPQNMLTKRHHGFAP96CB,新興段,19.56,都市：住,9,1,持分移轉,04020017
RPQNMLTKRHHGFAP96CB,新興段,.78,都市：住,9,1,持分移轉,04020018
RPTNMLQKRHHGFAP96CB,科加段,31.38,非都市：工業區 ; 非都市編定：丁種建築用地,10000,78,持分移轉,00060000
RPTNMLQKRHHGFAP96CB,科加段,2.27,非都市：工業區 ; 非都市編定：丁種建築用地,100000,463,持分移轉,00060002
RPPNMLTKRHHGFDP17CB,大屯段,86.81,非都市：鄉村區 ; 非都市編定：乙種建築用地,73431,8681,持分移轉,01640000
RPPNMLTKRHHGFDP17CB,大屯段,20.50,非都市：鄉村區 ; 非都市編定：乙種建築用地,73431,2050,持分移轉,01640000
RPPNMLTKRHHGFDP17CB,大屯段,6.58,非都市：鄉村區 ; 非都市編定：乙種建築用地,147049,658,持分移轉,01800000
RPPNMLTKRHHGFDP17CB,大屯段,1.06,非都市：鄉村區 ; 非都市編定：乙種建築用地,38,1,持分移轉,01690000
RPPNMLTKRHHGFDP17CB,大屯段,4.31,非都市：鄉村區 ; 非都市編定：乙種建築用地,38,1,持分移轉,01700000
RPPNMLTKRHHGFDP17CB,大屯段,1.02,非都市：鄉村區 ; 非都市編定：乙種建築用地,38,1,持分移轉,01710000
RPPNMLTKRHHGFDP17CB,大屯段,1.66,非都市：鄉村區 ; 非都市編定：乙種建築用地,38,1,持分移轉,01780000
RPQNMLTKRHHGFDP27CB,大屯段,77.94,非都市：鄉村區 ; 非都市編定：乙種建築用地,73431,7794,持分移轉,01640000
RPQNMLTKRHHGFDP27CB,大屯段,21.45,非都市：鄉村區 ; 非都市編定：乙種建築用地,73431,2145,持分移轉,01640000
RPQNMLTKRHHGFDP27CB,大屯段,6.58,非都市：鄉村區 ; 非都市編定：乙種建築用地,147049,658,持分移轉,01800000
RPQNMLTKRHHGFDP27CB,大屯段,1.06,非都市：鄉村區 ; 非都市編定：乙種建築用地,38,1,持分移轉,01690000
RPQNMLTKRHHGFDP27CB,大屯段,4.31,非都市：鄉村區 ; 非都市編定：乙種建築用地,38,1,持分移轉,01700000
RPQNMLTKRHHGFDP27CB,大屯段,1.02,非都市：鄉村區 ; 非都市編定：乙種建築用地,38,1,持分移轉,01710000
RPQNMLTKRHHGFDP27CB,大屯段,1.66,非都市：鄉村區 ; 非都市編定：乙種建築用地,38,1,持分移轉,01780000
RPTNMLTKRHHGFDP57CB,大學段,31.19,都市：住,10000,120,持分移轉,02800000
RPSNMLTKRHHGFDP47CB,高南段,22.10,都市：住,10000,75,持分移轉,00500000
RPRNMLTKRHHGFDP37CB,大學段,42.89,都市：住,10000,165,持分移轉,02800000
RPUNMLTKRHHGFDP67CB,高南段,92.00,都市：住,347013,9200,持分移轉,03790000
RPPNMLTKRHHGFAP96DB,八德段,65.16,非都市：一般農業區 ; 非都市編定：甲種建築用地,1,1,全筆移轉,01580008
RPPNMLTKRHHGFAP96DB,八德段,20.65,非都市：一般農業區 ; 非都市編定：甲種建築用地,45,1,持分移轉,01580063
RPRNMLTKRHHGFAP17DB,八德段,65.16,非都市：一般農業區 ; 非都市編定：甲種建築用地,1,1,全筆移轉,01580005
RPRNMLTKRHHGFAP17DB,八德段,20.65,非都市：一般農業區 ; 非都市編定：甲種建築用地,45,1,持分移轉,01580063
RPSNMLTKRHHGFAP27DB,八德段,65.16,非都市：一般農業區 ; 非都市編定：甲種建築用地,1,1,全筆移轉,01580009
RPSNMLTKRHHGFAP27DB,八德段,20.65,非都市：一般農業區 ; 非都市編定：甲種建築用地,45,1,持分移轉,01580063
RPPNMLTKRHHGFAP86CB,新興段,87.00,都市：住,1,1,全筆移轉,04020000
RPPNMLTKRHHGFAP86CB,新興段,19.56,都市：住,9,1,持分移轉,04020017
RPPNMLTKRHHGFAP86CB,新興段,.78,都市：住,9,1,持分移轉,04020018
RPVNMLTKRHHGFDP77CB,高南段,55.40,都市：住,347013,5540,持分移轉,03790000
RPVNMLTKRHHGFDP77CB,高南段,24.58,都市：住,347013,2458,持分移轉,03790000
RPPNMLKLRHHGFAP88EB,崙仔段,113.91,非都市：鄉村區 ; 非都市編定：乙種建築用地,193370,11391,持分移轉,02170000
RPQNMLKLRHHGFAP98EB,崙仔段,113.91,非都市：鄉村區 ; 非都市編定：乙種建築用地,193370,11391,持分移轉,02170000
RPPNMLLLRHHGFCP98CB,順天段,25.75,都市：住,88221,2575,持分移轉,07450000
RPPNMLLLRHHGFCP98CB,順天段,.51,都市：其他:道路用地,11836,51,持分移轉,07720001
RPQNMLTKRHHGFAP07DB,八德段,65.16,非都市：一般農業區 ; 非都市編定：甲種建築用地,1,1,全筆移轉,01580006
RPQNMLTKRHHGFAP07DB,八德段,20.65,非都市：一般農業區 ; 非都市編定：甲種建築用地,45,1,持分移轉,01580063
RPPNMLLLRHHGFAP78CB,科加段,27.12,非都市：工業區 ; 非都市編定：丁種建築用地,21,1,持分移轉,00160084
RPPNMLLLRHHGFAP78CB,科加段,83.03,非都市：工業區 ; 非都市編定：丁種建築用地,1,1,全筆移轉,00160039
RPRNMLMLRHHGFAP09CB,光明段,98.87,非都市：工業區 ; 非都市編定：丁種建築用地,1,1,全筆移轉,04250001
RPSNMLMLRHHGFAP56CB,光明段,99.14,非都市：工業區 ; 非都市編定：丁種建築用地,1,1,全筆移轉,04250000
RPPNMLTKRHHGFCP07CB,永定段,73.63,非都市：鄉村區 ; 非都市編定：乙種建築用地,1,1,全筆移轉,11120030
RPPNMLTKRHHGFCP07CB,永定段,7.50,非都市：鄉村區 ; 非都市編定：乙種建築用地,1,1,全筆移轉,11120031
RPPNMLTKRHHGFCP07CB,永定段,24.41,非都市：鄉村區 ; 非都市編定：乙種建築用地,14,1,持分移轉,11120043
RPPNMLMLRHHGFDP56CB,高南段,92.00,都市：住,347013,9200,持分移轉,03790000
RPRNMLKLRHHGFAP09EB,崙仔段,113.91,非都市：鄉村區 ; 非都市編定：乙種建築用地,193370,11391,持分移轉,02170000
RPQNMLMLRHHGFDP66CB,高南段,91.50,都市：住,347013,9150,持分移轉,03790000
RPQNMLMLRHHGFDP66CB,高南段,24.58,都市：住,347013,2458,持分移轉,03790000
RPSNMLMLRHHGFDP86CB,大荖段,58.00,非都市：鄉村區 ; 非都市編定：乙種建築用地,889,58,持分移轉,20230003
RPTNMLMLRHHGFDP96CB,大學段,43.83,都市：住,101352,4383,持分移轉,02760000
RPUNMLMLRHHGFDP07CB,大學段,45.02,都市：住,101352,4502,持分移轉,02760000
RPRNMLNLRHHGFDP86CB,高南段,91.50,都市：住,347013,9150,持分移轉,03790000
RPRNMLNLRHHGFDP86CB,高南段,24.58,都市：住,347013,2458,持分移轉,03790000
RPPNMLNLRHHGFDP66CB,高南段,91.50,都市：住,347013,9150,持分移轉,03790000
RPPNMLNLRHHGFDP66CB,高南段,24.58,都市：住,347013,2458,持分移轉,03790000
RPSNMLNLRHHGFDP96CB,高南段,92.00,都市：住,347013,9200,持分移轉,03790000
RPVNMLNLRHHGFDP27CB,大學段,45.02,都市：住,101352,4502,持分移轉,02760000
RPPNMLQLRHHGFDP96CB,埔崙段,77.56,都市：住,1,1,全筆移轉,04520013
RPPNMLQLRHHGFDP96CB,埔崙段,34.00,都市：住,18,1,持分移轉,04520000
RPPNMLQLRHHGFDP96CB,埔崙段,.22,都市：住,18,1,持分移轉,04520003
RPPNMLQLRHHGFDP96CB,埔崙段,1.00,都市：住,18,1,持分移轉,04520006
RPQNMLNLRHHGFDP76CB,高南段,91.50,都市：住,347013,9150,持分移轉,03790000
RPQNMLNLRHHGFDP76CB,高南段,24.58,都市：住,347013,2458,持分移轉,03790000
RPTNMLNLRHHGFDP07CB,高南段,91.50,都市：住,347013,9150,持分移轉,03790000
RPTNMLNLRHHGFDP07CB,高南段,24.58,都市：住,347013,2458,持分移轉,03790000
RPPNMLPLRHHGFDP86CB,高南段,24.39,都市：住,100000,1167,持分移轉,00600000
RPPNMLQLRHHGFBP76CB,僑真段,103.00,都市：住,1,1,全筆移轉,03490022
RPQNMLQLRHHGFAP86DB,埔子段,107.53,都市：住,1,1,全筆移轉,00080000
RPPNMLQLRHHGFBP76CB,僑真段,3.65,都市：住,20,1,持分移轉,03490001
RPPNMLQLRHHGFBP76CB,僑真段,7.39,都市：住,100000,2004,持分移轉,03490012
RPPNMLQLRHHGFBP76CB,僑真段,5.14,都市：其他:道路用地,1136300,9791,持分移轉,03500000
RPPNMLQLRHHGFAP66CB,大潭段社口小段,28.95,都市：住,1000000,33352,持分移轉,01750001
RPPNMLQLRHHGFAP76DB,埔子段,113.24,都市：住,1,1,全筆移轉,00080011
RPPNMLQLRHHGFAP76DB,埔子段,15.90,都市：住,1,1,全筆移轉,00080020
RPPNMLQLRHHGFAP76DB,埔子段,25.05,都市：住,22547,2505,持分移轉,00080021
RPQNMLQLRHHGFBP86CB,僑真段,21.47,都市：住,100000,634,持分移轉,03490000
RPQNMLQLRHHGFBP86CB,僑真段,1.22,都市：其他:綠地用地,1136300,3098,持分移轉,03450000
RPQNMLQLRHHGFBP86CB,僑真段,1.07,都市：其他:道路用地,1136300,2042,持分移轉,03500000
RPQNMLQLRHHGFBP86CB,僑真段,1.54,都市：住,100000,418,持分移轉,03490012
RPQNMLQLRHHGFAP76CB,科加段,34.60,非都市：工業區 ; 非都市編定：丁種建築用地,10000,86,持分移轉,00060000
RPQNMLQLRHHGFAP76CB,科加段,3.36,非都市：工業區 ; 非都市編定：丁種建築用地,100000,686,持分移轉,00060002
RPRNMLQLRHHGFAP96DB,埔子段,102.72,都市：住,1,1,全筆移轉,00080003
RPTNMLQLRHHGFAP17DB,埔子段,99.24,都市：住,1,1,全筆移轉,00080006
RPPNMLRLRHHGFAP86DB,埔子段,104.03,都市：住,1,1,全筆移轉,00080004
RPUNMLQLRHHGFAP27DB,埔子段,116.38,都市：住,1,1,全筆移轉,00080007
RPQNMLRLRHHGFAP96DB,高林北段,112.67,非都市：鄉村區 ; 非都市編定：乙種建築用地,1,1,全筆移轉,05580034
RPQNMLRLRHHGFAP96DB,高林北段,25.42,非都市：鄉村區 ; 非都市編定：乙種建築用地,50,1,持分移轉,05580050
RPQNMLRLRHHGFAP96DB,高林北段,.91,非都市：鄉村區 ; 非都市編定：乙種建築用地,50,1,持分移轉,05580051
RPQNMLRLRHHGFAP96DB,高林北段,11.65,非都市：一般農業區 ; 非都市編定：農牧用地,50,1,持分移轉,05640000
RPSNMLQLRHHGFAP07DB,埔子段,100.55,都市：住,1,1,全筆移轉,00080005
RPRNMLRLRHHGFAP07DB,東興段,143.00,都市：住,1,1,全筆移轉,03720022
RPPNMLRLRHHGFDP07CB,大學段,93.38,都市：住,1,1,全筆移轉,03540035
RPPNMLRLRHHGFDP07CB,大學段,.49,都市：住,34,1,持分移轉,03540013
RPPNMLRLRHHGFDP07CB,大學段,29.30,都市：住,24,1,持分移轉,03540002
RPQNMLSLRHHGFAP96CB,虎溪段,30.47,非都市：鄉村區 ; 非都市編定：乙種建築用地,100000,1313,持分移轉,15560000
RPRNMLSLRHHGFAP07CB,虎溪段,30.47,非都市：鄉村區 ; 非都市編定：乙種建築用地,100000,1313,持分移轉,15560000
RPPNMLSLRHHGFAP86CB,雲林溪段,15.21,都市：商,202785,1521,持分移轉,01590000
RPQNMLSLRHHGFCP17CB,漢北段,94.83,都市：住,1,1,全筆移轉,01020018
RPPNMLSLRHHGFAP96DB,埔子段,90.12,都市：住,1,1,全筆移轉,00080013
RPPNMLSLRHHGFAP96DB,埔子段,25.05,都市：住,22547,2505,持分移轉,00080021
RPSNMLSLRHHGFCP37CB,漢北段,104.64,都市：住,1,1,全筆移轉,01020028
RPSNMLSLRHHGFCP37CB,漢北段,29.11,都市：住,10,1,持分移轉,01020036
RPUNMLSLRHHGFCP57CB,漢北段,101.06,都市：住,1,1,全筆移轉,01020034
RPUNMLSLRHHGFCP57CB,漢北段,29.11,都市：住,10,1,持分移轉,01020036
RPPNMLSLRHHGFCP07CB,漢北段,107.62,都市：住,1,1,全筆移轉,01020010
RPQNMLTLRHHGFFP57CB,許厝寮段許厝寮小段,114.28,非都市：鄉村區 ; 非都市編定：乙種建築用地,1,1,全筆移轉,02090000
RPRNMLSLRHHGFCP27CB,漢北段,96.30,都市：住,1,1,全筆移轉,01020027
RPRNMLSLRHHGFCP27CB,漢北段,29.11,都市：住,10,1,持分移轉,01020036
RPPNMLTLRHHGFDP27CB,高南段,92.00,都市：住,347013,9200,持分移轉,03790000
RPPNMLTLRHHGFAP96CB,大竹圍段,31.43,非都市：特定農業區 ; 非都市編定：甲種建築用地,1000000,10395,持分移轉,00530000
RPQNMLTLRHHGFDP37CB,高南段,93.47,都市：住,347013,9347,持分移轉,03790000
RPPNMLTLRHHGFFP47CB,許厝寮段許厝寮小段,118.26,非都市：鄉村區 ; 非都市編定：乙種建築用地,1,1,全筆移轉,02090000
RPQNMLKMRHHGFCP09CB,漢北段,113.49,都市：住,1,1,全筆移轉,01020021
RPRNMLTLRHHGFDP47CB,高南段,54.10,都市：住,347013,5410,持分移轉,03790000
RPRNMLTLRHHGFDP47CB,高南段,24.58,都市：住,347013,2458,持分移轉,03790000
RPRNMLKMRHHGFCP56CB,漢北段,109.81,都市：住,1,1,全筆移轉,01020035
RPRNMLKMRHHGFCP56CB,漢北段,29.11,都市：住,10,1,持分移轉,01020036
RPPNMLKMRHHGFCP98CB,漢北段,106.13,都市：住,1,1,全筆移轉,01020017
RPPNMLKMRHHGFAP88DB,大美段,185.15,非都市：一般農業區 ; 非都市編定：甲種建築用地,523895,18515,持分移轉,01680000
RPPNMLKMRHHGFAP88DB,大美段,59.45,非都市：一般農業區 ; 非都市編定：甲種建築用地,523895,5945,持分移轉,01680000
RPPNMLNJIIHGFCP18CB,新油車段,132.44,非都市：鄉村區 ; 非都市編定：乙種建築用地,1,1,全筆移轉,08110021
RPPNMLNJIIHGFCP18CB,新油車段,39.43,非都市：鄉村區 ; 非都市編定：乙種建築用地,18,1,持分移轉,08110029
RPPNMLLJIIHGFBP87CB,僑真段,25.17,都市：住,100000,743,持分移轉,03490000
RPPNMLLJIIHGFBP87CB,僑真段,1.43,都市：其他:綠地用地,1136300,3630,持分移轉,03450000
RPPNMLLJIIHGFBP87CB,僑真段,1.26,都市：其他:道路用地,1136300,2392,持分移轉,03500000
RPPNMLLJIIHGFBP87CB,僑真段,1.81,都市：住,100000,490,持分移轉,03490012
RPSNMLPJIIHGFFP98CB,新吉段,82.99,非都市：鄉村區 ; 非都市編定：乙種建築用地,1,1,全筆移轉,12650001
RPSNMLPJIIHGFFP98CB,新吉段,17.82,非都市：鄉村區 ; 非都市編定：乙種建築用地,12,1,持分移轉,12650006
RPQNMLPJIIHGFFP78CB,新吉段,82.63,非都市：鄉村區 ; 非都市編定：乙種建築用地,1,1,全筆移轉,12650003
RPQNMLPJIIHGFFP78CB,新吉段,17.82,非都市：鄉村區 ; 非都市編定：乙種建築用地,12,1,持分移轉,12650006
RPPNMLOJIIHGFEP48CB,新東段,140.01,都市：住,1,1,全筆移轉,00880003
RPPNMLPJIIHGFFP68CB,新吉段,79.96,非都市：鄉村區 ; 非都市編定：乙種建築用地,1,1,全筆移轉,12650004
RPPNMLPJIIHGFFP68CB,新吉段,17.82,非都市：鄉村區 ; 非都市編定：乙種建築用地,12,1,持分移轉,12650006
RPVNMLPJIIHGFFP66CB,新吉段,93.76,非都市：鄉村區 ; 非都市編定：乙種建築用地,1,1,全筆移轉,12650009
RPTNMLPJIIHGFFP09CB,新吉段,93.37,非都市：鄉村區 ; 非都市編定：乙種建築用地,1,1,全筆移轉,12650012
RPVNMLPJIIHGFFP66CB,新吉段,17.82,非都市：鄉村區 ; 非都市編定：乙種建築用地,12,1,持分移轉,12650006
RPTNMLPJIIHGFFP09CB,新吉段,17.82,非都市：鄉村區 ; 非都市編定：乙種建築用地,12,1,持分移轉,12650006
RPPNMLPJIIHGFAP18CB,斗六段,23.00,都市：住,100000,7260,持分移轉,09400001
RPUNMLPJIIHGFFP56CB,新吉段,81.89,非都市：鄉村區 ; 非都市編定：乙種建築用地,1,1,全筆移轉,12650011
RPUNMLPJIIHGFFP56CB,新吉段,17.82,非都市：鄉村區 ; 非都市編定：乙種建築用地,12,1,持分移轉,12650006
RPQNMLQJIIHGFAP38CB,雲林溪段,16.28,都市：商,202785,1628,持分移轉,01590000
RPPNMLQJIIHGFAP28CB,虎溪段,21.96,非都市：鄉村區 ; 非都市編定：乙種建築用地,100000,946,持分移轉,15560000
RPSNMLQJIIHGFAP58CB,雲林溪段,15.21,都市：商,202785,1521,持分移轉,01590000
RPPNMLQJIIHGFDP58CB,越港段,13.25,都市：住,1000000,22059,持分移轉,05900000
RPPNMLQJIIHGFDP58CB,越港段,22.88,都市：住,1000000,22059,持分移轉,05940000
RPWNMLPJIIHGFFP76CB,新吉段,89.38,非都市：鄉村區 ; 非都市編定：乙種建築用地,1,1,全筆移轉,12650008
RPWNMLPJIIHGFFP76CB,新吉段,17.82,非都市：鄉村區 ; 非都市編定：乙種建築用地,12,1,持分移轉,12650006
RPQNMLQJIIHGFDP68CB,高南段,85.73,都市：住,347013,8573,持分移轉,03790000
RPRNMLQJIIHGFDP78CB,高南段,91.50,都市：住,347013,9150,持分移轉,03790000
RPRNMLQJIIHGFDP78CB,高南段,24.58,都市：住,347013,2458,持分移轉,03790000
RPRNMLQJIIHGFAP48CB,雲林溪段,16.28,都市：商,202785,1628,持分移轉,01590000
RPPNMLQJIIHGFCP48CB,漢北段,102.50,都市：住,1,1,全筆移轉,01020015
RPQNMLQJIIHGFCP58CB,漢北段,94.21,都市：住,1,1,全筆移轉,01020026
RPQNMLQJIIHGFCP58CB,漢北段,29.11,都市：住,10,1,持分移轉,01020036
RPRNMLQJIIHGFCP68CB,漢光段,94.75,都市：住,1,1,全筆移轉,00770005
RPPNMLRJIIHGFFP88CB,橋頭段,25.41,非都市：鄉村區 ; 非都市編定：乙種建築用地,100000,1354,持分移轉,10380001
RPPNMLRJIIHGFAP48DB,八德段,65.16,非都市：一般農業區 ; 非都市編定：甲種建築用地,1,1,全筆移轉,01580010
RPPNMLRJIIHGFAP48DB,八德段,20.65,非都市：一般農業區 ; 非都市編定：甲種建築用地,45,1,持分移轉,01580063
RPQNMLRJIIHGFFP98CB,橋頭段,25.16,非都市：鄉村區 ; 非都市編定：乙種建築用地,100000,1341,持分移轉,10380001
RPPNMLLKIIHGFCP08CB,新油車段,87.45,非都市：鄉村區 ; 非都市編定：乙種建築用地,1,1,全筆移轉,08110014
RPPNMLLKIIHGFCP08CB,新油車段,39.43,非都市：鄉村區 ; 非都市編定：乙種建築用地,18,1,持分移轉,08110029
RPPNMLNKIIHGFAP08CB,黃厝段,24.02,非都市：鄉村區 ; 非都市編定：乙種建築用地,100000,4733,持分移轉,05920000
RPQNMLMKIIHGFAP08CB,科加段,113.55,非都市：工業區 ; 非都市編定：丁種建築用地,1,1,全筆移轉,00070182
RPQNMLMKIIHGFAP08CB,科加段,13.22,非都市：工業區 ; 非都市編定：丁種建築用地,10000,115,持分移轉,00070188
RPQNMLMKIIHGFAP08CB,科加段,.15,非都市：工業區 ; 非都市編定：丁種建築用地,59,1,持分移轉,00070178
RPPNMLMKIIHGFAP97CB,科加段,27.12,非都市：工業區 ; 非都市編定：丁種建築用地,21,1,持分移轉,00160084
RPPNMLMKIIHGFAP97CB,科加段,83.02,非都市：工業區 ; 非都市編定：丁種建築用地,1,1,全筆移轉,00160040
RPRNMLNKIIHGFDP58CB,高南段,27.74,都市：住,100000,952,持分移轉,02600000
RPPNMLNKIIHGFDP38CB,高南段,27.47,都市：住,100000,943,持分移轉,02600000
RPQNMLNKIIHGFAP28DB,保長廍段保長廍小段,59.00,非都市：鄉村區 ; 非都市編定：乙種建築用地,1,1,全筆移轉,14680019
RPSNMLNKIIHGFDP68CB,大屯段,73.57,非都市：鄉村區 ; 非都市編定：乙種建築用地,73431,7357,持分移轉,01640000
RPQNMLNKIIHGFAP28DB,保長廍段保長廍小段,21.44,非都市：鄉村區 ; 非都市編定：乙種建築用地,9,1,持分移轉,14680023
RPSNMLNKIIHGFDP68CB,大屯段,21.45,非都市：鄉村區 ; 非都市編定：乙種建築用地,73431,2145,持分移轉,01640000
RPSNMLNKIIHGFDP68CB,大屯段,6.58,非都市：鄉村區 ; 非都市編定：乙種建築用地,147049,658,持分移轉,01800000
RPSNMLNKIIHGFDP68CB,大屯段,1.06,非都市：鄉村區 ; 非都市編定：乙種建築用地,38,1,持分移轉,01690000
RPSNMLNKIIHGFDP68CB,大屯段,4.31,非都市：鄉村區 ; 非都市編定：乙種建築用地,38,1,持分移轉,01700000
RPSNMLNKIIHGFDP68CB,大屯段,1.02,非都市：鄉村區 ; 非都市編定：乙種建築用地,38,1,持分移轉,01710000
RPSNMLNKIIHGFDP68CB,大屯段,1.66,非都市：鄉村區 ; 非都市編定：乙種建築用地,38,1,持分移轉,01780000
RPTNMLNKIIHGFDP78CB,大屯段,97.50,非都市：鄉村區 ; 非都市編定：乙種建築用地,73431,9750,持分移轉,01640000
RPTNMLNKIIHGFDP78CB,大屯段,13.69,非都市：鄉村區 ; 非都市編定：乙種建築用地,73431,1369,持分移轉,01640000
RPTNMLNKIIHGFDP78CB,大屯段,6.58,非都市：鄉村區 ; 非都市編定：乙種建築用地,147049,658,持分移轉,01800000
RPTNMLNKIIHGFDP78CB,大屯段,1.06,非都市：鄉村區 ; 非都市編定：乙種建築用地,38,1,持分移轉,01690000
RPTNMLNKIIHGFDP78CB,大屯段,4.31,非都市：鄉村區 ; 非都市編定：乙種建築用地,38,1,持分移轉,01700000
RPTNMLNKIIHGFDP78CB,大屯段,1.02,非都市：鄉村區 ; 非都市編定：乙種建築用地,38,1,持分移轉,01710000
RPTNMLNKIIHGFDP78CB,大屯段,1.66,非都市：鄉村區 ; 非都市編定：乙種建築用地,38,1,持分移轉,01780000
RPRNMLNKIIHGFBP38CB,僑真段,38.67,非都市：特定農業區 ; 非都市編定：甲種建築用地,100000,2689,持分移轉,07680000
RPPNMLNKIIHGFAP18DB,保長廍段保長廍小段,57.00,非都市：鄉村區 ; 非都市編定：乙種建築用地,1,1,全筆移轉,14680021
RPPNMLNKIIHGFAP18DB,保長廍段保長廍小段,21.44,非都市：鄉村區 ; 非都市編定：乙種建築用地,9,1,持分移轉,14680023
RPPNMLRKIIHGFFP98CB,東北段,6.00,都市：住,1,1,全筆移轉,01970011
RPPNMLRKIIHGFFP98CB,東北段,69.00,都市：住,1,1,全筆移轉,01970012
RPPNMLRKIIHGFFP98CB,東北段,7.00,都市：住,1,1,全筆移轉,01970013
RPPNMLRKIIHGFFP98CB,東北段,18.86,都市：住,21900,1886,持分移轉,01970000
RPPNMLOKIIHGFCP38CB,漢北段,91.60,都市：住,1,1,全筆移轉,01020031
RPPNMLOKIIHGFCP38CB,漢北段,7.28,都市：住,1,1,全筆移轉,01020032
RPPNMLOKIIHGFCP38CB,漢北段,29.11,都市：住,10,1,持分移轉,01020036
RPQNMLNKIIHGFAP18CB,黃厝段,34.98,非都市：鄉村區 ; 非都市編定：乙種建築用地,100000,6893,持分移轉,05920000
RPPNMLRKIIHGFDP78CB,高南段,22.09,都市：住,100000,1057,持分移轉,00600000
RPSNMLRKIIHGFDP09CB,高南段,22.09,都市：住,100000,1057,持分移轉,00600000
RPTNMLRKIIHGFDP56CB,高南段,39.45,都市：住,100000,1771,持分移轉,04100000
RPQNMLRKIIHGFDP88CB,高南段,23.17,都市：住,100000,1109,持分移轉,00600000
RPRNMLRKIIHGFDP98CB,高南段,22.09,都市：住,100000,1057,持分移轉,00600000
RPQNMLOKIIHGFCP48CB,漢北段,98.87,都市：住,1,1,全筆移轉,01020033
RPQNMLOKIIHGFCP48CB,漢北段,29.11,都市：住,10,1,持分移轉,01020036
RPQNMLSKIIHGFDP98CB,馬公厝段,109.02,非都市：鄉村區 ; 非都市編定：乙種建築用地,1,1,全筆移轉,20900014
RPPNMLSKIIHGFDP88CB,馬公厝段,110.78,非都市：鄉村區 ; 非都市編定：乙種建築用地,1,1,全筆移轉,20900016
RPPNMLSKIIHGFDP88CB,馬公厝段,2.45,非都市：鄉村區 ; 非都市編定：乙種建築用地,1,1,全筆移轉,20900018
RPPNMLSKIIHGFDP88CB,馬公厝段,36.80,非都市：鄉村區 ; 非都市編定：乙種建築用地,8,1,持分移轉,20900012
RPSNMLSKIIHGFDP56CB,馬公厝段,108.53,非都市：鄉村區 ; 非都市編定：乙種建築用地,1,1,全筆移轉,20900009
RPSNMLSKIIHGFDP56CB,馬公厝段,12.67,非都市：鄉村區 ; 非都市編定：乙種建築用地,1,1,全筆移轉,20900011
RPSNMLSKIIHGFDP56CB,馬公厝段,36.80,非都市：鄉村區 ; 非都市編定：乙種建築用地,8,1,持分移轉,20900012
RPUNMLSKIIHGFDP76CB,高南段,91.50,都市：住,347013,9150,持分移轉,03790000
RPUNMLSKIIHGFDP76CB,高南段,24.58,都市：住,347013,2458,持分移轉,03790000
RPVNMLSKIIHGFDP86CB,高南段,91.50,都市：住,347013,9150,持分移轉,03790000
RPVNMLSKIIHGFDP86CB,高南段,24.58,都市：住,347013,2458,持分移轉,03790000
RPTNMLSKIIHGFDP66CB,馬公厝段,114.30,非都市：鄉村區 ; 非都市編定：乙種建築用地,1,1,全筆移轉,20900015
RPTNMLSKIIHGFDP66CB,馬公厝段,36.80,非都市：鄉村區 ; 非都市編定：乙種建築用地,8,1,持分移轉,20900012
RPTNMLSKIIHGFAP98CB,科加段,85.10,非都市：工業區 ; 非都市編定：丁種建築用地,1,1,全筆移轉,00070216
RPTNMLSKIIHGFAP98CB,科加段,81.14,非都市：工業區 ; 非都市編定：丁種建築用地,1,1,全筆移轉,00070217
RPTNMLSKIIHGFAP98CB,科加段,34.99,非都市：工業區 ; 非都市編定：丁種建築用地,10000,402,持分移轉,00070232
RPTNMLSKIIHGFAP98CB,科加段,.26,非都市：工業區 ; 非都市編定：丁種建築用地,39,1,持分移轉,00070231
RPWNMLSKIIHGFAP66CB,科加段,93.94,非都市：工業區 ; 非都市編定：丁種建築用地,1,1,全筆移轉,00070225
RPWNMLSKIIHGFAP66CB,科加段,19.85,非都市：工業區 ; 非都市編定：丁種建築用地,10000,228,持分移轉,00070232
RPWNMLSKIIHGFAP66CB,科加段,.26,非都市：工業區 ; 非都市編定：丁種建築用地,39,1,持分移轉,00070231
RPSNMLSKIIHGFAP88CB,雲林溪段,12.17,都市：商,202785,1217,持分移轉,01590000
RPQNMLSKIIHGFAP68CB,新興段,74.00,都市：住,1,1,全筆移轉,04020013
RPQNMLSKIIHGFAP68CB,新興段,19.56,都市：住,9,1,持分移轉,04020017
RPQNMLSKIIHGFAP68CB,新興段,.78,都市：住,9,1,持分移轉,04020018
RPRNMLTKIIHGFAP88CB,科加段,27.12,非都市：工業區 ; 非都市編定：丁種建築用地,21,1,持分移轉,00160084
RPRNMLTKIIHGFAP88CB,科加段,83.84,非都市：工業區 ; 非都市編定：丁種建築用地,1,1,全筆移轉,00160051
RPQNMLTKIIHGFEP56CB,新北段,88.51,都市：住,1,1,全筆移轉,16840045
RPQNMLTKIIHGFEP56CB,新北段,15.97,都市：住,10000,238,持分移轉,16840020
RPUNMLSKIIHGFAP09CB,科加段,95.99,非都市：工業區 ; 非都市編定：丁種建築用地,1,1,全筆移轉,00070223
RPUNMLSKIIHGFAP09CB,科加段,20.19,非都市：工業區 ; 非都市編定：丁種建築用地,10000,232,持分移轉,00070232
RPUNMLSKIIHGFAP09CB,科加段,.26,非都市：工業區 ; 非都市編定：丁種建築用地,39,1,持分移轉,00070231
RPXNMLSKIIHGFAP76CB,科加段,97.99,非都市：工業區 ; 非都市編定：丁種建築用地,1,1,全筆移轉,00070224
RPXNMLSKIIHGFAP76CB,科加段,20.63,非都市：工業區 ; 非都市編定：丁種建築用地,10000,237,持分移轉,00070232
RPXNMLSKIIHGFAP76CB,科加段,.26,非都市：工業區 ; 非都市編定：丁種建築用地,39,1,持分移轉,00070231
RPQNMLTKIIHGFCP98CB,永定段,76.18,非都市：鄉村區 ; 非都市編定：乙種建築用地,1,1,全筆移轉,11120019
RPQNMLTKIIHGFCP98CB,永定段,1.25,非都市：鄉村區 ; 非都市編定：乙種建築用地,1,1,全筆移轉,11120020
RPQNMLTKIIHGFCP98CB,永定段,24.41,非都市：鄉村區 ; 非都市編定：乙種建築用地,14,1,持分移轉,11120043
RPPNMLKLIIHGFEP28CB,新北段,102.01,都市：住,1,1,全筆移轉,16840046
RPPNMLKLIIHGFEP28CB,新北段,15.97,都市：住,10000,238,持分移轉,16840020
RPQNMLKLIIHGFEP38CB,新北段,87.43,都市：住,1,1,全筆移轉,16840041
RPQNMLKLIIHGFEP38CB,新北段,15.97,都市：住,10000,238,持分移轉,16840020
RPPNMLTKIIHGFCP88CB,永定段,81.13,非都市：鄉村區 ; 非都市編定：乙種建築用地,1,1,全筆移轉,11120025
RPRNMLKLIIHGFEP48CB,新北段,88.24,都市：住,1,1,全筆移轉,16840044
RPPNMLTKIIHGFCP88CB,永定段,24.41,非都市：鄉村區 ; 非都市編定：乙種建築用地,14,1,持分移轉,11120043
RPRNMLKLIIHGFEP48CB,新北段,15.97,都市：住,10000,238,持分移轉,16840020
RPQNMLKLIIHGFBP08CB,新光段,87.00,都市：住,22197,725,持分移轉,07160000
RPQNMLKLIIHGFAP08DB,海豐崙段朱丹灣小段,41.90,都市：住,100000,5877,持分移轉,00460010
RPRNMLKLIIHGFBP18CB,新光段,106.26,都市：住,133182,5313,持分移轉,07160000
RPPNMLKLIIHGFAP87CB,埔子段,89.95,都市：住,1,1,全筆移轉,00080009
RPPNMLKLIIHGFAP87CB,埔子段,25.05,都市：住,22547,2505,持分移轉,00080021
RPQNMLKLIIHGFFP58DB,橋頭段,15.11,非都市：鄉村區 ; 非都市編定：乙種建築用地,100000,736,持分移轉,12360000
RPQNMLKLIIHGFFP58DB,橋頭段,.05,非都市：鄉村區 ; 非都市編定：乙種建築用地,100000,736,持分移轉,12360011
RPQNMLKLIIHGFFP58DB,橋頭段,4.13,非都市：鄉村區 ; 非都市編定：乙種建築用地,106200,493,持分移轉,12360007
RPQNMLKLIIHGFAP97CB,埔子段,126.18,都市：住,1,1,全筆移轉,00080010
RPQNMLKLIIHGFAP97CB,埔子段,14.10,都市：住,1,1,全筆移轉,00080017
RPQNMLKLIIHGFAP97CB,埔子段,25.05,都市：住,22547,2505,持分移轉,00080021
RPUNMLKLIIHGFAP48DB,崙仔段,116.09,非都市：鄉村區 ; 非都市編定：乙種建築用地,193370,11609,持分移轉,02170000
RPUNMLKLIIHGFAP48DB,崙仔段,10.32,非都市：鄉村區 ; 非都市編定：乙種建築用地,17182,1032,持分移轉,02390000
RPPNMLKLIIHGFAP97DB,海豐崙段朱丹灣小段,50.49,都市：住,100000,7082,持分移轉,00460010
RPSNMLLLIIHGFAP28CB,光明段,113.04,非都市：工業區 ; 非都市編定：丁種建築用地,1,1,全筆移轉,04570008
RPVNMLKLIIHGFAP58DB,崙仔段,117.97,非都市：鄉村區 ; 非都市編定：乙種建築用地,193370,11797,持分移轉,02170000
RPVNMLKLIIHGFAP58DB,崙仔段,10.48,非都市：鄉村區 ; 非都市編定：乙種建築用地,17182,1048,持分移轉,02390000
RPPNMLLLIIHGFDP28CB,大學段,45.02,都市：住,101352,4502,持分移轉,02760000
RPPNMLLLIIHGFEP38CB,長興段,90.00,都市：住,1,1,全筆移轉,13720021
RPPNMLLLIIHGFEP38CB,長興段,22.52,都市：住,10000,429,持分移轉,13720024
RPQNMLLLIIHGFEP48CB,長興段,87.00,都市：住,1,1,全筆移轉,13720014
RPQNMLLLIIHGFEP48CB,長興段,22.52,都市：住,10000,429,持分移轉,13720024
RPTNMLLLIIHGFAP38CB,光明段,96.14,非都市：工業區 ; 非都市編定：丁種建築用地,1,1,全筆移轉,04570007
RPUNMLLLIIHGFEP88CB,長興段,97.00,都市：住,1,1,全筆移轉,13720018
RPUNMLLLIIHGFEP88CB,長興段,22.52,都市：住,10000,429,持分移轉,13720024
RPQNMLLLIIHGFDP38CB,越港段,96.69,都市：住,1,1,全筆移轉,05940066
RPQNMLLLIIHGFDP38CB,越港段,25.82,都市：住,17,1,持分移轉,05940059
RPQNMLLLIIHGFDP38CB,越港段,.82,都市：住,21,1,持分移轉,05940050
RPSNMLLLIIHGFEP68CB,長興段,88.00,都市：住,1,1,全筆移轉,13720005
RPSNMLLLIIHGFEP68CB,長興段,22.52,都市：住,10000,429,持分移轉,13720024
RPTNMLLLIIHGFEP78CB,長興段,86.00,都市：住,1,1,全筆移轉,13720015
RPTNMLLLIIHGFEP78CB,長興段,22.52,都市：住,10000,429,持分移轉,13720024
RPVNMLLLIIHGFEP98CB,長興段,93.00,都市：住,1,1,全筆移轉,13720013
RPVNMLLLIIHGFEP98CB,長興段,22.52,都市：住,10000,429,持分移轉,13720024
RPPNMLLLIIHGFCP18CB,漢北段,109.13,都市：住,1,1,全筆移轉,01020029
RPWNMLLLIIHGFEP09CB,長興段,88.00,都市：住,1,1,全筆移轉,13720003
RPPNMLLLIIHGFCP18CB,漢北段,13.38,都市：住,1,1,全筆移轉,01020030
RPWNMLLLIIHGFEP09CB,長興段,22.52,都市：住,10000,429,持分移轉,13720024
RPPNMLLLIIHGFCP18CB,漢北段,29.11,都市：住,10,1,持分移轉,01020036
RPPNMLMLIIHGFAP08CB,三平段,21.46,都市：住,10000,104,持分移轉,00220000
RPQNMLNLIIHGFFP78CB,新吉段,91.39,非都市：鄉村區 ; 非都市編定：乙種建築用地,1,1,全筆移轉,12650005
RPQNMLNLIIHGFFP78CB,新吉段,17.82,非都市：鄉村區 ; 非都市編定：乙種建築用地,12,1,持分移轉,12650006
RPPNMLOLIIHGFAP38DB,石榴段,.87,非都市：特定農業區 ; 非都市編定：甲種建築用地,10000,365,持分移轉,16260033
RPPNMLOLIIHGFAP38DB,石榴段,1.83,非都市：特定農業區 ; 非都市編定：甲種建築用地,10000,276,持分移轉,16260034
RPPNMLOLIIHGFAP38DB,石榴段,31.71,非都市：特定農業區 ; 非都市編定：甲種建築用地,10000,587,持分移轉,16260035
RPQNMLMLIIHGFAP18CB,三平段,21.46,都市：住,10000,104,持分移轉,00220000
RPRNMLNLIIHGFFP88CB,新吉段,132.80,非都市：鄉村區 ; 非都市編定：乙種建築用地,1,1,全筆移轉,12650007
RPRNMLNLIIHGFFP88CB,新吉段,17.82,非都市：鄉村區 ; 非都市編定：乙種建築用地,12,1,持分移轉,12650006
RPPNMLOLIIHGFAP28CB,光明段,96.25,非都市：工業區 ; 非都市編定：丁種建築用地,1,1,全筆移轉,04570004
RPQNMLOLIIHGFDP68CB,大學段,99.00,都市：住,1,1,全筆移轉,03540008
RPQNMLOLIIHGFDP68CB,大學段,.49,都市：住,34,1,持分移轉,03540013
RPRNMLMLIIHGFAP28CB,三平段,21.46,都市：住,10000,104,持分移轉,00220000
RPPNMLOLIIHGFDP58CB,大學段,99.00,都市：住,1,1,全筆移轉,03540007
RPPNMLOLIIHGFDP58CB,大學段,.49,都市：住,34,1,持分移轉,03540013
RPPNMLPLIIHGFDP68CB,大學段,24.43,都市：住,10000,94,持分移轉,02800000
RPQNMLQLIIHGFCP78CB,漢南段,127.27,都市：住,1,1,全筆移轉,01470012
RPPNMLQLIIHGFAP48CB,大潭段社口小段,28.97,都市：住,1000000,33376,持分移轉,01750001
RPRNMLQLIIHGFCP88CB,永定段,122.74,非都市：鄉村區 ; 非都市編定：乙種建築用地,1,1,全筆移轉,11120042
RPRNMLQLIIHGFCP88CB,永定段,11.08,非都市：鄉村區 ; 非都市編定：乙種建築用地,1,1,全筆移轉,11120049
RPRNMLQLIIHGFCP88CB,永定段,37.44,非都市：鄉村區 ; 非都市編定：乙種建築用地,4752,337,持分移轉,11120004
RPSNMLQLIIHGFCP98CB,永定段,81.13,非都市：鄉村區 ; 非都市編定：乙種建築用地,1,1,全筆移轉,11120026
RPSNMLQLIIHGFCP98CB,永定段,24.41,非都市：鄉村區 ; 非都市編定：乙種建築用地,14,1,持分移轉,11120043
RPPNMLRLIIHGFDP88CB,大學段,24.43,都市：住,10000,94,持分移轉,02800000
RPPNMLRLIIHGFAP78EB,北環段,110.00,都市：住,1,1,全筆移轉,03200015
RPPNMLSLIIHGFAP68CB,三平段,24.55,都市：住,10000,119,持分移轉,00220000
RPPNMLTLIIHGFAP78CB,西華段,98.00,都市：住,1,1,全筆移轉,01770000
RPQNMLQLIIHGFAP58CB,大潭段社口小段,28.95,都市：住,1000000,33353,持分移轉,01750001
RPQNMLTLIIHGFAP88CB,西華段,99.00,都市：住,1,1,全筆移轉,01770003
RPQNMLKMIIHGFAP08CB,西華段,94.00,都市：住,1,1,全筆移轉,01750029
RPQNMLKMIIHGFAP08CB,西華段,.06,都市：住,33,1,持分移轉,01750036
RPPNMLPLIIHGFAP38CB,新興段,19.56,都市：住,9,1,持分移轉,04020017
RPQNMLKMIIHGFAP08CB,西華段,22.25,都市：住,4,1,持分移轉,01750028
RPPNMLPLIIHGFAP38CB,新興段,.78,都市：住,9,1,持分移轉,04020018
RPQNMLKMIIHGFAP08CB,西華段,.48,都市：住,33,1,持分移轉,01750037
RPPNMLPLIIHGFAP38CB,新興段,53.00,都市：住,1,1,全筆移轉,04020014
RPUNMLKMIIHGFAP48CB,西華段,99.00,都市：住,1,1,全筆移轉,01750017
RPUNMLKMIIHGFAP48CB,西華段,6.00,都市：住,1,1,全筆移轉,01750021
RPUNMLKMIIHGFAP48CB,西華段,17.78,都市：住,9,1,持分移轉,01750013
RPUNMLKMIIHGFAP48CB,西華段,.06,都市：住,33,1,持分移轉,01750036
RPUNMLKMIIHGFAP48CB,西華段,.48,都市：住,33,1,持分移轉,01750037
RPVNMLKMIIHGFAP58CB,西華段,142.00,都市：住,1,1,全筆移轉,01750022
RPVNMLKMIIHGFAP58CB,西華段,17.78,都市：住,9,1,持分移轉,01750013
RPVNMLKMIIHGFAP58CB,西華段,.06,都市：住,33,1,持分移轉,01750036
RPVNMLKMIIHGFAP58CB,西華段,.48,都市：住,33,1,持分移轉,01750037
RPSNMLKMIIHGFAP28CB,西華段,96.00,都市：住,1,1,全筆移轉,01750026
RPSNMLKMIIHGFAP28CB,西華段,.06,都市：住,33,1,持分移轉,01750036
RPSNMLKMIIHGFAP28CB,西華段,.48,都市：住,33,1,持分移轉,01750037
RPTNMLKMIIHGFAP38CB,西華段,100.00,都市：住,1,1,全筆移轉,01750025
RPTNMLKMIIHGFAP38CB,西華段,.06,都市：住,33,1,持分移轉,01750036
RPTNMLKMIIHGFAP38CB,西華段,.48,都市：住,33,1,持分移轉,01750037
RPRNMLKMIIHGFAP18CB,西華段,92.00,都市：住,1,1,全筆移轉,01750020
RPWNMLKMIIHGFAP68CB,西華段,89.00,都市：住,1,1,全筆移轉,01770019
RPRNMLKMIIHGFAP18CB,西華段,22.25,都市：住,4,1,持分移轉,01750028
RPWNMLKMIIHGFAP68CB,西華段,.06,都市：住,33,1,持分移轉,01750036
RPWNMLKMIIHGFAP68CB,西華段,.48,都市：住,33,1,持分移轉,01750037
RPRNMLKMIIHGFAP18CB,西華段,.06,都市：住,33,1,持分移轉,01750036
RPRNMLKMIIHGFAP18CB,西華段,.48,都市：住,33,1,持分移轉,01750037
RPOOMLKMIIHGFAP97CB,西華段,99.00,都市：住,1,1,全筆移轉,01770010
RPOOMLKMIIHGFAP97CB,西華段,.06,都市：住,33,1,持分移轉,01750036
RPOOMLKMIIHGFAP97CB,西華段,.48,都市：住,33,1,持分移轉,01750037
RPXNMLKMIIHGFAP78CB,西華段,114.00,都市：住,1,1,全筆移轉,01750024
RPXNMLKMIIHGFAP78CB,西華段,17.78,都市：住,9,1,持分移轉,01750013
RPXNMLKMIIHGFAP78CB,西華段,.06,都市：住,33,1,持分移轉,01750036
RPXNMLKMIIHGFAP78CB,西華段,.48,都市：住,33,1,持分移轉,01750037
RPPNMLLJJIHGFCP08CB,漢北段,93.09,都市：住,1,1,全筆移轉,01020019
RPQNMLLJJIHGFCP18CB,埔西段,77.04,都市：住,1,1,全筆移轉,04810028
RPQNMLLJJIHGFCP18CB,埔西段,1.36,都市：住,48,1,持分移轉,04810065
RPQNMLLJJIHGFCP18CB,埔西段,.20,都市：住,48,1,持分移轉,04810077
RPQNMLLJJIHGFCP18CB,埔西段,5.30,都市：住,48,1,持分移轉,04810066
RPQNMLLJJIHGFCP18CB,埔西段,19.71,都市：住,18,1,持分移轉,04810078
RPPNMLLJJIHGFAP87CB,三平段,24.55,都市：住,10000,119,持分移轉,00220000
RPPNMLNJJIHGFAP08CB,東興段,31.13,都市：住,10000,724,持分移轉,02880006
RPPNMLNJJIHGFAP08CB,東興段,.72,都市：住,10000,724,持分移轉,02890000
RPPNMLLMIIHGFCP28CB,新田尾段,87.81,非都市：鄉村區 ; 非都市編定：乙種建築用地,1,1,全筆移轉,04740008
RPPNMLLMIIHGFCP28CB,新田尾段,3.46,非都市：鄉村區 ; 非都市編定：交通用地,21,2,持分移轉,04750003
RPPNMLLMIIHGFCP28CB,新田尾段,46.09,非都市：鄉村區 ; 非都市編定：乙種建築用地,21,2,持分移轉,04740015
RPPNMLMJJIHGFDP28CB,延平段,60.32,非都市：鄉村區 ; 非都市編定：乙種建築用地,189379,9560,持分移轉,13220002
RPPNMLMJJIHGFDP28CB,延平段,35.28,非都市：鄉村區 ; 非都市編定：乙種建築用地,189379,9560,持分移轉,13220003
RPPNMLOJJIHGFCP38CB,漢北段,93.10,都市：住,1,1,全筆移轉,01020020
RPRNMLLJJIHGFCP28CB,漢光段,80.38,都市：住,1,1,全筆移轉,00770000
RPSNMLNJJIHGFAP38CB,東興段,21.03,都市：住,10000,489,持分移轉,02880006
RPSNMLNJJIHGFAP38CB,東興段,.49,都市：住,10000,489,持分移轉,02890000
RPPNMLOJJIHGFAP28DB,崙仔段,121.57,非都市：鄉村區 ; 非都市編定：乙種建築用地,193370,12157,持分移轉,02170000
RPPNMLOJJIHGFAP28DB,崙仔段,10.80,非都市：鄉村區 ; 非都市編定：乙種建築用地,17182,1080,持分移轉,02390000
RPPNMLPJJIHGFAP28CB,雲林溪段,12.17,都市：商,202785,1217,持分移轉,01590000
RPPNMLRJJIHGFAP48CB,西華段,114.00,都市：住,1,1,全筆移轉,01750009
RPPNMLRJJIHGFAP48CB,西華段,.48,都市：住,33,1,持分移轉,01750037
RPPNMLRJJIHGFAP48CB,西華段,.06,都市：住,33,1,持分移轉,01750036
RPPNMLRJJIHGFCP68CB,漢光段,76.25,都市：住,1,1,全筆移轉,00770002
RPVNMLSJJIHGFAP56CB,大潭段社口小段,28.95,都市：住,1000000,33353,持分移轉,01750001
RPPNMLTJJIHGFAP88EB,崙仔段,133.04,非都市：鄉村區 ; 非都市編定：乙種建築用地,193370,13304,持分移轉,02170000
RPPNMLTJJIHGFAP88EB,崙仔段,11.82,非都市：鄉村區 ; 非都市編定：乙種建築用地,17182,1182,持分移轉,02390000
RPTNMLSJJIHGFAP98CB,三平段,21.46,都市：住,10000,104,持分移轉,00220000
RPUNMLSJJIHGFAP09CB,三平段,21.46,都市：住,10000,104,持分移轉,00220000
RPRNMLSJJIHGFDP09CB,大學段,24.43,都市：住,10000,94,持分移轉,02800000
RPSNMLSJJIHGFAP88CB,新興段,19.56,都市：住,9,1,持分移轉,04020017
RPSNMLSJJIHGFAP88CB,新興段,.78,都市：住,9,1,持分移轉,04020018
RPSNMLSJJIHGFAP88CB,新興段,75.00,都市：住,1,1,全筆移轉,04020016
RPPNMLSJJIHGFDP88CB,高南段,54.10,都市：住,347013,5410,持分移轉,03790000
RPPNMLSJJIHGFDP88CB,高南段,24.58,都市：住,347013,2458,持分移轉,03790000
RPPNMLSJJIHGFAP58CB,大崙段茄苳腳小段,28.13,非都市：鄉村區 ; 非都市編定：乙種建築用地,100000,4314,持分移轉,00860025
RPPNMLTJJIHGFDP98CB,大學段,111.47,都市：住,1,1,全筆移轉,03520048
RPPNMLTJJIHGFDP98CB,大學段,12.00,都市：住,25,1,持分移轉,03520029
RPQNMLTJJIHGFAP98EB,崙仔段,119.60,非都市：鄉村區 ; 非都市編定：乙種建築用地,193370,11960,持分移轉,02170000
RPQNMLTJJIHGFAP98EB,崙仔段,10.63,非都市：鄉村區 ; 非都市編定：乙種建築用地,17182,1063,持分移轉,02390000
RPPNMLLKJIHGFDP28CB,大學段,96.25,都市：住,1,1,全筆移轉,03540023
RPPNMLLKJIHGFDP28CB,大學段,.49,都市：住,34,1,持分移轉,03540013
RPPNMLLKJIHGFDP28CB,大學段,29.30,都市：住,24,1,持分移轉,03540002
RPPNMLNKJIHGFAP18CB,西華段,.06,都市：住,33,1,持分移轉,01750036
RPPNMLNKJIHGFAP18CB,西華段,.48,都市：住,33,1,持分移轉,01750037
RPPNMLNKJIHGFAP18CB,西華段,94.00,都市：住,1,1,全筆移轉,01770011
RPPNMLNKJIHGFAP18CB,西華段,25.33,都市：住,6,1,持分移轉,01770012
RPPNMLKKJIHGFAP87CB,東興段,21.03,都市：住,10000,489,持分移轉,02880006
RPPNMLKKJIHGFAP87CB,東興段,.49,都市：住,10000,489,持分移轉,02890000
RPQNMLKKJIHGFDP28CB,馬公厝段,103.90,非都市：鄉村區 ; 非都市編定：乙種建築用地,1,1,全筆移轉,20900005
RPQNMLKKJIHGFDP28CB,馬公厝段,36.80,非都市：鄉村區 ; 非都市編定：乙種建築用地,8,1,持分移轉,20900012
RPQNMLNKJIHGFAP28CB,西華段,.06,都市：住,33,1,持分移轉,01750036
RPQNMLNKJIHGFAP28CB,西華段,.48,都市：住,33,1,持分移轉,01750037
RPQNMLNKJIHGFAP28CB,西華段,93.00,都市：住,1,1,全筆移轉,01770013
RPQNMLNKJIHGFAP28CB,西華段,25.33,都市：住,6,1,持分移轉,01770012
RPSNMLNKJIHGFAP48CB,西華段,.06,都市：住,33,1,持分移轉,01750036
RPSNMLNKJIHGFAP48CB,西華段,.48,都市：住,33,1,持分移轉,01750037
RPSNMLNKJIHGFAP48CB,西華段,94.00,都市：住,1,1,全筆移轉,01770009
RPSNMLNKJIHGFAP48CB,西華段,25.33,都市：住,6,1,持分移轉,01770012
RPRNMLNKJIHGFAP38CB,西華段,.06,都市：住,33,1,持分移轉,01750036
RPRNMLNKJIHGFAP38CB,西華段,.48,都市：住,33,1,持分移轉,01750037
RPRNMLNKJIHGFAP38CB,西華段,97.00,都市：住,1,1,全筆移轉,01770014
RPQNMLKKJIHGFAP97CB,大潭段社口小段,39.75,都市：住,1000000,83333,持分移轉,01770038
RPUNMLNKJIHGFAP68CB,西華段,110.00,都市：住,1,1,全筆移轉,01770007
RPVNMLNKJIHGFAP78CB,西華段,108.00,都市：住,1,1,全筆移轉,01770006
RPPNMLOKJIHGFAP28CB,黃厝段,21.60,非都市：鄉村區 ; 非都市編定：乙種建築用地,100000,4257,持分移轉,05920000
RPQNMLOKJIHGFAP38CB,黃厝段,23.03,非都市：鄉村區 ; 非都市編定：乙種建築用地,100000,4539,持分移轉,05920000
RPSNMLPKJIHGFAP68CB,三平段,19.60,都市：住,10000,95,持分移轉,00220000
RPPNMLPKJIHGFDP68CB,菜園段,50.62,都市：住,10000,427,持分移轉,07040003
RPPNMLPKJIHGFAP38CB,埔子段,91.84,都市：住,1,1,全筆移轉,00080008
RPPNMLPKJIHGFAP38CB,埔子段,25.05,都市：住,22547,2505,持分移轉,00080021
RPUNMLPKJIHGFAP88CB,虎溪段,30.47,非都市：鄉村區 ; 非都市編定：乙種建築用地,100000,1313,持分移轉,15560000
RPRNMLQKJIHGFDP98CB,高南段,14.38,都市：住,100000,688,持分移轉,00600000
RPQNMLPKJIHGFAP48CB,埔子段,92.13,都市：住,1,1,全筆移轉,00080012
RPQNMLPKJIHGFAP48CB,埔子段,25.05,都市：住,22547,2505,持分移轉,00080021
RPSNMLQKJIHGFDP09CB,高南段,13.39,都市：住,100000,641,持分移轉,00600000
RPTNMLQKJIHGFDP56CB,高南段,22.92,都市：住,100000,1097,持分移轉,00600000
RPUNMLQKJIHGFDP66CB,高南段,23.17,都市：住,100000,1109,持分移轉,00600000
RPPNMLQKJIHGFAP48CB,斗六段,23.59,都市：住,100000,7446,持分移轉,09400001
RPQNMLQKJIHGFCP78CB,新油車段,93.11,非都市：鄉村區 ; 非都市編定：乙種建築用地,1,1,全筆移轉,08110026
RPQNMLQKJIHGFCP78CB,新油車段,39.43,非都市：鄉村區 ; 非都市編定：乙種建築用地,18,1,持分移轉,08110029
RPPNMLQKJIHGFEP88CB,長興段,88.00,都市：住,1,1,全筆移轉,13720008
RPPNMLQKJIHGFEP88CB,長興段,22.52,都市：住,10000,429,持分移轉,13720024
RPPNMLQKJIHGFCP68CB,新油車段,87.45,非都市：鄉村區 ; 非都市編定：乙種建築用地,1,1,全筆移轉,08110012
RPPNMLRKJIHGFAP58CB,東陽段,20.50,非都市：鄉村區 ; 非都市編定：乙種建築用地,8,1,持分移轉,16950011
RPPNMLQKJIHGFCP68CB,新油車段,39.43,非都市：鄉村區 ; 非都市編定：乙種建築用地,18,1,持分移轉,08110029
RPPNMLRKJIHGFAP58CB,東陽段,5.00,非都市：鄉村區 ; 非都市編定：乙種建築用地,11,1,持分移轉,16950012
RPPNMLRKJIHGFAP58CB,東陽段,.64,非都市：鄉村區 ; 非都市編定：乙種建築用地,11,1,持分移轉,16950014
RPPNMLRKJIHGFAP58CB,東陽段,1.36,非都市：鄉村區 ; 非都市編定：乙種建築用地,11,1,持分移轉,16950017
RPPNMLRKJIHGFAP58CB,東陽段,87.00,非都市：鄉村區 ; 非都市編定：乙種建築用地,1,1,全筆移轉,16950001
RPPNMLRKJIHGFAP58CB,東陽段,6.00,非都市：鄉村區 ; 非都市編定：乙種建築用地,1,1,全筆移轉,16950018
RPRNMLQKJIHGFCP88CB,順天段,25.75,都市：住,88221,2575,持分移轉,07450000
RPRNMLQKJIHGFCP88CB,順天段,.51,都市：其他:道路用地,11836,51,持分移轉,07720001
RPPNMLPLJIHGFDP78CB,高南段,54.10,都市：住,347013,5410,持分移轉,03790000
RPPNMLPLJIHGFDP78CB,高南段,24.58,都市：住,347013,2458,持分移轉,03790000
RPPNMLMLJIHGFAP18CB,西華段,107.00,都市：住,1,1,全筆移轉,01770005
RPQNMLQLJIHGFAP68CB,莿桐段,38.41,都市：住,147800,3841,持分移轉,03760027
RPQNMLQLJIHGFAP68CB,莿桐段,9.51,都市：其他:計畫道路,36600,951,持分移轉,03760190
RPPNMLTLJIHGFDP56CB,越港段,11.61,都市：住,1000000,19325,持分移轉,05900000
RPPNMLTLJIHGFDP56CB,越港段,20.04,都市：住,1000000,19325,持分移轉,05940000
RPQNMLTLJIHGFDP66CB,越港段,12.57,都市：住,1000000,20924,持分移轉,05900000
RPQNMLTLJIHGFDP66CB,越港段,21.70,都市：住,1000000,20924,持分移轉,05940000
RPWNMLTLJIHGFDP27CB,大學段,43.77,都市：住,101352,4377,持分移轉,02760000
RPUNMLTLJIHGFDP07CB,大學段,43.83,都市：住,101352,4383,持分移轉,02760000
RPVNMLTLJIHGFDP17CB,馬公厝段,97.31,非都市：鄉村區 ; 非都市編定：乙種建築用地,1,1,全筆移轉,20900004
RPQNMLLJKIHGFDP38CB,馬公厝段,106.64,非都市：鄉村區 ; 非都市編定：乙種建築用地,1,1,全筆移轉,20900017
RPQNMLLJKIHGFDP38CB,馬公厝段,15.15,非都市：鄉村區 ; 非都市編定：乙種建築用地,1,1,全筆移轉,20900019
RPQNMLLJKIHGFDP38CB,馬公厝段,36.80,非都市：鄉村區 ; 非都市編定：乙種建築用地,8,1,持分移轉,20900012
RPXNMLTLJIHGFDP37CB,大學段,45.02,都市：住,101352,4502,持分移轉,02760000
RPPNMLMJKIHGFAP08CB,科加段,127.40,非都市：工業區 ; 非都市編定：丁種建築用地,1,1,全筆移轉,00070230
RPPNMLMJKIHGFAP08CB,科加段,28.90,非都市：工業區 ; 非都市編定：丁種建築用地,10000,332,持分移轉,00070232
RPPNMLMJKIHGFAP08CB,科加段,.26,非都市：工業區 ; 非都市編定：丁種建築用地,39,1,持分移轉,00070231
RPSNMLTLJIHGFDP86CB,大學段,45.02,都市：住,101352,4502,持分移轉,02760000
RPPNMLLLJIHGFDP38CB,立仁段,.75,都市：商,189731,1050,持分移轉,05990000
RPPNMLLLJIHGFDP38CB,立仁段,.01,都市：商,189731,1050,持分移轉,06030000
RPPNMLLLJIHGFDP38CB,立仁段,.01,都市：商,189731,1050,持分移轉,06040000
RPPNMLLLJIHGFDP38CB,立仁段,.58,都市：商,189731,1050,持分移轉,06050000
RPPNMLLLJIHGFDP38CB,立仁段,.91,都市：商,189731,1050,持分移轉,06060000
RPPNMLLLJIHGFDP38CB,立仁段,3.76,都市：商,189731,1050,持分移轉,06070000
RPPNMLLLJIHGFDP38CB,立仁段,.77,都市：商,189731,1050,持分移轉,06080000
RPPNMLLLJIHGFDP38CB,立仁段,.19,都市：商,189731,1050,持分移轉,06090000
RPPNMLLLJIHGFDP38CB,立仁段,.38,都市：商,189731,1050,持分移轉,06100000
RPPNMLLLJIHGFDP38CB,立仁段,.88,都市：商,189731,1050,持分移轉,06110000
RPPNMLLLJIHGFDP38CB,立仁段,2.26,都市：商,189731,1050,持分移轉,06110001
RPQNMLRJKIHGFEP09CB,長興段,88.00,都市：住,1,1,全筆移轉,13720006
RPQNMLRJKIHGFEP09CB,長興段,22.52,都市：住,10000,429,持分移轉,13720024
RPWNMLSLKIHGFAP96CB,黃厝段,34.98,非都市：鄉村區 ; 非都市編定：乙種建築用地,100000,6893,持分移轉,05920000
RPSNMLQKKIHGFAP88CB,雲林溪段,15.21,都市：商,202785,1521,持分移轉,01590000
RPTNMLTLJIHGFDP96CB,大學段,45.02,都市：住,101352,4502,持分移轉,02760000
RPPNMLRJKIHGFEP98CB,長興段,88.00,都市：住,1,1,全筆移轉,13720007
RPPNMLRJKIHGFEP98CB,長興段,22.52,都市：住,10000,429,持分移轉,13720024
RPRNMLTLJIHGFDP76CB,大學段,45.02,都市：住,101352,4502,持分移轉,02760000
