﻿編號,屋齡,建物移轉面積平方公尺,主要用途,主要建材,建築完成日期,總層數,建物分層,移轉情形
The serial number,room age,building shifting area square meter,the main use,main building materials,construction completes the date,total layer,building lamination,
RPQNMLMLQHHGFBQ56CC,16,19.19,住家用,鋼筋混凝土造,95年8月28日,八層,,
RPQNMLMLQHHGFBQ56CC,16,4.61,共有部分,鋼筋混凝土造,95年8月28日,,,
RPTNMLNLQHHGFCQ07CC,43,107.39,住家用,加強磚造,68年8月24日,二層,,
RPQNMLMLQHHGFBQ56CC,16,7.43,共有部分,鋼筋混凝土造,95年8月28日,,,
RPQNMLOLQHHGFDQ96CC,17,16.15,集合住宅,鋼筋混凝土造,94年8月15日,五層,,
RPRNMLSKQHHGFBQ17CC,16,15.06,住家用,鋼筋混凝土造,95年8月28日,八層,,
RPQNMLOLQHHGFDQ96CC,17,7.19,停車空間、電信室、台電配電室、機械室、集合住宅,鋼筋混凝土造,94年8月15日,五層,,
RPRNMLSKQHHGFBQ17CC,16,4.19,共有部分,鋼筋混凝土造,95年8月28日,,,
RPOOMLPKQHHGFCQ76CC,2,32.36,住家用,鋼筋混凝土造,110年2月2日,三層,,
RPRNMLSKQHHGFBQ17CC,16,5.78,共有部分,鋼筋混凝土造,95年8月28日,,,
RPWOMLOLQHHGFDQ67CC,17,16.15,集合住宅,鋼筋混凝土造,94年8月15日,五層,,
RPRPMLOLQHHGFDQ27CC,17,16.15,集合住宅,鋼筋混凝土造,94年8月15日,五層,,
RPWOMLOLQHHGFDQ67CC,17,7.19,停車空間、電信室、台電配電室、機械室、集合住宅,鋼筋混凝土造,94年8月15日,五層,,
RPRPMLOLQHHGFDQ27CC,17,7.19,停車空間、電信室、台電配電室、機械室、集合住宅,鋼筋混凝土造,94年8月15日,五層,,
RPWNMLPLQHHGFDQ67CC,42,102.21,住家用,鋼筋混凝土加強磚造,69年3月1日,二層,,
RPXNMLPLQHHGFDQ77CC,42,102.21,住家用,鋼筋混凝土加強磚造,69年3月1日,二層,,
RPQNMLLMQHHGFBQ56CC,16,66.75,商業用,鋼筋混凝土造,95年8月28日,八層,,
RPQNMLLMQHHGFBQ56CC,16,40.89,共有部分,鋼筋混凝土造,95年8月28日,,,
RPUNMLMJRHHGFDQ07CC,39,106.61,住家用,鋼筋混凝土加強磚造,72年10月5日,二層,,
RPQNMLMJRHHGFCQ56CC,15,27.04,停車空間、住宅、店舖,鋼筋混凝土造,96年6月11日,四層,,
RPPNMLQJRHHGFCQ86CC,43,124.15,住家用,加強磚造,68年5月2日,二層,,
RPSNMLKMQHHGFCQ76CC,2,29.54,住家用,鋼筋混凝土造,110年2月2日,三層,,
RPSOMLRJRHHGFCQ37CC,16,18.75,集合住宅,鋼筋混凝土造,95年10月19日,五層,,
RPSOMLRJRHHGFCQ37CC,16,11.16,管理委員會空間、集合住宅、停車空間,鋼筋混凝土造,95年10月19日,五層,,
RPSNMLMKRHHGFCQ86CC,15,27.14,停車空間、住宅、店舖,鋼筋混凝土造,96年6月11日,四層,,
RPVNMLPKRHHGFCQ47CC,15,27.14,停車空間、住宅、店舖,鋼筋混凝土造,96年6月11日,四層,,
RPTNMLMKRHHGFCQ96CC,28,97.42,集合住宅,鋼筋混凝土造,83年8月8日,十一層,,
RPTNMLMKRHHGFCQ96CC,28,15.71,共有部分,鋼筋混凝土造,83年8月8日,十一層,,
RPVPMLMKRHHGFDQ47CC,23,132.56,集合住宅,鋼筋混凝土造,88年5月31日,三層,,
RPTNMLMKRHHGFCQ96CC,28,19.30,共有部分,鋼筋混凝土造,83年8月8日,十一層,,
RPUNMLKLRHHGFDQ07CC,29,86.01,集合住宅,鋼筋混凝土造,82年10月6日,九層,,
RPWNMLMLRHHGFCQ37CC,2,29.54,住家用,鋼筋混凝土造,110年2月2日,三層,,
RPSNMLTKRHHGFCQ57CC,27,168.11,住家用,鋼筋混凝土造,84年7月3日,三層,,
RPUNMLKLRHHGFDQ07CC,29,13.03,梯間,鋼筋混凝土造,82年10月6日,九層,,
RPUNMLKLRHHGFDQ07CC,29,13.34,避難室、停車場,鋼筋混凝土造,82年10月6日,9,,
RPWNMLPKRHHGFCQ57CC,15,27.14,停車空間、住宅、店舖,鋼筋混凝土造,96年6月11日,四層,,
RPPNMLMJIIHGFDQ38CC,5,105.86,集合住宅,鋼筋混凝土造,106年4月21日,十六層,,
RPPNMLMJIIHGFDQ38CC,5,16.79,本共有之項目有公共服務空間、管委會使用空間、防災中心、大廳、迴廊、頂蓋型開放空間、車道、機車停車空間、台電配電室﹝一﹞﹝二﹞﹝三﹞、排風機房、守衛室、垃圾儲藏室、垃圾車暫停區、緊急發電機室、泳池機房、泳池水箱、公共水箱、雨水蓄留機房、儲藏室、消防泵浦、汙水機房、採光井﹝上方投影﹞、電信室、地下一層車位﹝２３１、２３２﹞等２６項　,鋼筋混凝土造,106年4月21日,十六層,,
RPPNMLMJIIHGFDQ38CC,5,29.75,本共有之項目有梯廳、梯廳兼排煙室、排煙室、Ｃ棟水箱、水錶室、電錶室、垃圾暫存、樓梯間、電梯機房、水箱、消防水箱等１１項,鋼筋混凝土造,106年4月21日,十六層,,
RPQNMLMJIIHGFDQ48CC,5,101.63,集合住宅,鋼筋混凝土造,106年4月21日,十六層,,
RPQNMLMJIIHGFDQ48CC,5,15.92,本共有之項目有公共服務空間、管委會使用空間、防災中心、大廳、迴廊、頂蓋型開放空間、車道、機車停車空間、台電配電室﹝一﹞﹝二﹞﹝三﹞、排風機房、守衛室、垃圾儲藏室、垃圾車暫停區、緊急發電機室、泳池機房、泳池水箱、公共水箱、雨水蓄留機房、儲藏室、消防泵浦、汙水機房、採光井﹝上方投影﹞、電信室、地下一層車位﹝２３１、２３２﹞等２６項　,鋼筋混凝土造,106年4月21日,十六層,,
RPQNMLMJIIHGFDQ48CC,5,28.31,本共有之項目有梯廳、梯廳兼排煙室、排煙室、Ｃ棟水箱、水錶室、電錶室、垃圾暫存、樓梯間、電梯機房、水箱、消防水箱等１１項,鋼筋混凝土造,106年4月21日,十六層,,
RPRNMLRJIIHGFDQ09CC,17,16.15,集合住宅,鋼筋混凝土造,94年8月15日,五層,,
RPRNMLRJIIHGFDQ09CC,17,7.19,停車空間、電信室、台電配電室、機械室、集合住宅,鋼筋混凝土造,94年8月15日,五層,,
RPWNMLRJIIHGFCQ86CC,42,100.02,住家用,鋼筋混凝土加強磚造,70年2月10日,二層,,
RPTNMLLKIIHGFCQ68CC,4,150.24,住家用,鋼筋混凝土造,108年1月24日,三層,,
RPPNMLSJIIHGFBQ78CC,45,229.43,辦公室,鋼筋混凝土加強磚造,67年3月2日,二層,,
RPPNMLSJIIHGFBQ78CC,45,355.73,工業用,鋼造,67年3月2日,一層,,
RPUNMLOKIIHGFBQ98CC,16,15.06,住家用,鋼筋混凝土造,95年8月28日,八層,,
RPUNMLOKIIHGFBQ98CC,16,4.20,共有部分,鋼筋混凝土造,95年8月28日,,,
RPUNMLOKIIHGFBQ98CC,16,5.78,共有部分,鋼筋混凝土造,95年8月28日,,,
RPRNMLSKIIHGFDQ66CC,16,177.98,店舖、住宅、停車空間,鋼筋混凝土造,96年2月8日,四層,,
RPTNMLRKIIHGFDQ76CC,4,57.67,住宅、梯間,鋼筋混凝土造,107年10月29日,三層,,
RPUNMLSKIIHGFDQ96CC,17,15.37,集合住宅,鋼筋混凝土造,94年8月15日,五層,,
RPTNMLSKIIHGFDQ86CC,17,15.37,集合住宅,鋼筋混凝土造,94年8月15日,五層,,
RPUNMLSKIIHGFDQ96CC,17,6.84,停車空間、電信室、台電配電室、機械室、集合住宅,鋼筋混凝土造,94年8月15日,五層,,
RPTNMLSKIIHGFDQ86CC,17,6.84,停車空間、電信室、台電配電室、機械室、集合住宅,鋼筋混凝土造,94年8月15日,五層,,
RPUNMLRKIIHGFDQ86CC,26,158.85,住家用,鋼筋混凝土造,85年7月17日,四層,,
RPOOMLSKIIHGFDQ09CC,5,182.25,集合住宅,鋼筋混凝土造,106年4月21日,十六層,,
RPXNMLSKIIHGFCQ17CC,47,59.63,住家用,鋼筋混凝土加強磚造,64年5月20日,一層,,
RPQNMLOLIIHGFCQ78CC,27,81.80,集合住宅,鋼筋混凝土造,85年2月9日,五層,,
RPQNMLSKIIHGFBQ98CC,16,19.19,住家用,鋼筋混凝土造,95年8月28日,八層,,
RPQNMLOLIIHGFCQ78CC,27,.88,共有部分,鋼筋混凝土造,85年2月9日,五層,,
RPQNMLSKIIHGFBQ98CC,16,4.59,共有部分,鋼筋混凝土造,95年8月28日,,,
RPQNMLOLIIHGFCQ78CC,27,2.88,共有部分,鋼筋混凝土造,85年2月9日,五層,,
RPQNMLSKIIHGFBQ98CC,16,7.42,共有部分,鋼筋混凝土造,95年8月28日,,,
RPQNMLOLIIHGFCQ78CC,27,2.89,共有部分,鋼筋混凝土造,85年2月9日,五層,,
RPQNMLOLIIHGFCQ78CC,27,2.65,共有部分,鋼筋混凝土造,85年2月9日,五層,,
RPTNMLPLIIHGFEQ76CC,30,51.58,住家用,鋼筋混凝土造,82年4月1日,十八層,,
RPTNMLPLIIHGFEQ76CC,30,10.28,梯間,鋼筋混凝土造,82年4月1日,十八層,,
RPTNMLPLIIHGFEQ76CC,30,2.45,守衛室．健身房．游泳池．防空避難室兼停車場,鋼筋混凝土造,82年4月1日,,,
RPVNMLSLIIHGFBQ96CC,26,88.63,住家用,鋼筋混凝土造,86年1月10日,十層,,
RPVNMLSLIIHGFBQ96CC,26,21.95,防空避難室兼停車空間,鋼筋混凝土造,86年1月10日,十層,,
RPVNMLSLIIHGFBQ96CC,26,15.52,電、樓梯間,鋼筋混凝土造,86年1月10日,十層,,
RPUNMLSLIIHGFBQ86CC,27,133.47,住家用,鋼筋混凝土造,84年5月31日,三層,,
RPVNMLSLIIHGFCQ07CC,,142.76,門廊、住宅,鋼筋混凝土造,111年5月19日,一層,,
RPVNMLSLIIHGFDQ17CC,17,16.15,集合住宅,鋼筋混凝土造,94年8月15日,五層,,
RPVNMLSLIIHGFDQ17CC,17,7.19,停車空間、電信室、台電配電室、機械室、集合住宅,鋼筋混凝土造,94年8月15日,五層,,
RPRNMLSLIIHGFDQ76CC,41,154.92,住家用,加強磚造、鋼鐵造、木石磚造,70年9月15日,三層,,
RPROMLLMIIHGFCQ78CC,15,27.14,停車空間、住宅、店舖,鋼筋混凝土造,96年6月11日,四層,,
RPQOMLLMIIHGFCQ68CC,42,120.13,住商用,鋼筋混凝土加強磚造,69年10月30日,二層,,
RPUNMLLMIIHGFBQ88CC,16,13.46,住家用,鋼筋混凝土造,95年8月28日,八層,,
RPWNMLNJJIHGFDQ66CC,18,17.13,集合住宅,鋼筋混凝土造,94年2月4日,五層,,
RPWNMLNJJIHGFDQ66CC,18,5.89,集合住宅、停車空間,鋼筋混凝土造,94年2月4日,五層,,
RPXNMLNJJIHGFDQ76CC,42,65.10,住家用,磚造,69年10月29日,一層,,
RPSNMLOJJIHGFDQ98CC,18,147.74,店舖、住宅、停車空間,鋼筋混凝土造,94年3月25日,三層,,
RPSNMLOJJIHGFCQ88CC,41,107.79,住商用,鋼筋混凝土加強磚造,71年2月22日,二層,,
RPUNMLOJJIHGFDQ56CC,17,16.15,集合住宅,鋼筋混凝土造,94年8月15日,五層,,
RPUNMLOJJIHGFDQ56CC,17,7.19,停車空間、電信室、台電配電室、機械室、集合住宅,鋼筋混凝土造,94年8月15日,五層,,
RPTNMLOJJIHGFDQ09CC,17,16.15,集合住宅,鋼筋混凝土造,94年8月15日,五層,,
RPTNMLOJJIHGFDQ09CC,17,7.19,停車空間、電信室、台電配電室、機械室、集合住宅,鋼筋混凝土造,94年8月15日,五層,,
RPTNMLOJJIHGFBQ88CC,16,15.06,住家用,鋼筋混凝土造,95年8月28日,八層,,
RPTNMLOJJIHGFBQ88CC,16,4.20,共有部分,鋼筋混凝土造,95年8月28日,,,
RPTNMLOJJIHGFBQ88CC,16,5.78,共有部分,鋼筋混凝土造,95年8月28日,,,
RPQNMLRJJIHGFCQ98CC,21,113.99,住家用,鋼筋混凝土造,91年1月14日,三層,,
RPSNMLRJJIHGFDQ66CC,15,201.26,店舖、住宅、停車空間,鋼筋混凝土造,96年7月19日,四層,,
RPQNMLTJJIHGFCQ56CC,15,21.15,集合住宅,鋼筋混凝土造,96年6月23日,五層,,
RPQNMLTJJIHGFCQ56CC,15,7.03,停車空間、機電設備空間、管理室、梯廳、走廊,鋼筋混凝土造,96年6月23日,五層,,
RPOOMLRJJIHGFDQ98CC,18,19.73,集合住宅,鋼筋混凝土造,94年2月4日,五層,,
RPOOMLRJJIHGFDQ98CC,18,7.22,集合住宅、停車空間,鋼筋混凝土造,94年2月4日,五層,,
RPVNMLKKJIHGFBQ78CC,16,17.27,住家用,鋼筋混凝土造,95年8月28日,八層,,
RPQNMLSJRHHGFCQ17CC,51,655.40,工業用,筋加強磚造,60年9月15日,一層,,
RPQNMLSJRHHGFCQ17CC,51,22.17,警衛室,加強磚造,60年9月15日,一層,,
RPQNMLSJRHHGFCQ17CC,50,655.20,工業用,鋼架加強磚造,62年1月15日,一層,,
RPQNMLSJRHHGFCQ17CC,50,284.00,倉庫．餐廳,加強磚造,62年1月5日,一層,,
RPQNMLSJRHHGFCQ17CC,50,33.39,廁所,磚造,62年1月15日,一層,,
