﻿鄉鎮市區,交易標的,土地位置建物門牌,土地移轉總面積平方公尺,都市土地使用分區,非都市土地使用分區,非都市土地使用編定,交易年月日,交易筆棟數,移轉層次,總樓層數,建物型態,主要用途,主要建材,建築完成年月,建物移轉總面積平方公尺,建物現況格局-房,建物現況格局-廳,建物現況格局-衛,建物現況格局-隔間,有無管理組織,總價元,單價元平方公尺,車位類別,車位移轉總面積平方公尺,車位總價元,備註,編號,建案名稱,棟及號
The villages and towns urban district,transaction sign,land sector position building sector house number plate,land shifting total area square meter,the use zoning or compiles and checks,the non-metropolis land use district,non-metropolis land use,transaction year month and day,transaction pen number,shifting level,total floor number,building state,main use,main building materials,construction to complete the years,building shifting total area,Building present situation pattern - room,building present situation pattern - hall,building present situation pattern - health,building present situation pattern - compartmented,Whether there is manages the organization,total price NTD,the unit price (NTD / square meter),the berth category,berth shifting total area square meter,the berth total price NTD,the note,serial number,build case,buildings
萬丹鄉,房地(土地+建物),屏東縣萬丹鄉社安段251 251-1 251-2 地號,23.71,,鄉村區,乙種建築用地,1110812,土地1建物1車位0,三層,5,華廈(10層含以下有電梯),住家用,鋼筋混凝土造,,73.54,2,2,2,有,無,4160000,56568,,0.0,0,,RPSNMLMKQHHGFAT76CB,鑫邑,B棟3號
屏東市,房地(土地+建物)+車位,屏東縣屏東市公正四街,22.04,住,,,1110812,土地1建物1車位1,九層,13,住宅大樓(11層含以上有電梯),住家用,鋼筋混凝土造,,118.2,2,2,2,有,無,7950000,75612,坡道平面,29.59,1250000,,RPPNMLPKQHHGFAT76CB,閱山,2棟B6-9F號
萬丹鄉,房地(土地+建物)+車位,屏東縣萬丹鄉萬丹路二段470號旁,29.15,,鄉村區,乙種建築用地,1110811,土地1建物1車位1,四層,6,華廈(10層含以下有電梯),住家用,鋼筋混凝土造,,125.45,3,2,2,有,無,7680000,58908,坡道平面,13.75,1100000,,RPQNMLPKQHHGFAT86CB,萬丹印象,A棟1號
萬丹鄉,房地(土地+建物)+車位,屏東縣萬丹鄉萬丹路二段470號旁,21.84,,鄉村區,乙種建築用地,1110813,土地1建物1車位1,二層,7,華廈(10層含以下有電梯),住家用,鋼筋混凝土造,,97.43,3,2,2,有,無,6260000,61663,坡道平面,13.75,1100000,,RPRNMLPKQHHGFAT96CB,萬丹印象,I棟3號
萬丹鄉,房地(土地+建物)+車位,屏東縣萬丹鄉萬丹路二段470號旁,29.15,,鄉村區,乙種建築用地,1110814,土地1建物1車位1,五層,6,華廈(10層含以下有電梯),住家用,鋼筋混凝土造,,125.45,3,2,2,有,無,7800000,59982,坡道平面,13.75,1100000,,RPSNMLPKQHHGFAT07CB,萬丹印象,A棟1號
屏東市,房地(土地+建物)+車位,屏東縣屏東市成功路、西樂街口,22.2,住,,,1110815,土地1建物1車位1,六層,13,住宅大樓(11層含以上有電梯),住家用,鋼筋混凝土造,,111.16,2,2,1,有,無,8470000,86383,坡道平面,27.0,1200000,,RPTNMLNLQHHGFAT07CB,種子聖殿,B棟2號
長治鄉,房地(土地+建物)+車位,屏東縣長治鄉合興路,47.65,住,,,1110812,土地1建物1車位1,三層,5,華廈(10層含以下有電梯),住家用,鋼筋混凝土造,,133.46,3,2,2,有,無,7880000,59044,一樓平面,0.0,0,,RPQNMLOLQHHGFAT86CB,森活家2期,A3棟1號
長治鄉,房地(土地+建物)+車位,屏東縣長治鄉合興路,47.65,住,,,1110812,土地1建物1車位1,四層,5,華廈(10層含以下有電梯),住家用,鋼筋混凝土造,,133.46,3,2,2,有,無,7880000,59044,一樓平面,0.0,0,,RPRNMLOLQHHGFAT96CB,森活家2期,A4棟1號
潮州鎮,房地(土地+建物),屏東縣潮州鎮蓬萊里江山路,23.6,,鄉村區,乙種建築用地,1110811,土地3建物1車位0,二層,5,華廈(10層含以下有電梯),住家用,鋼筋混凝土造,,72.71,2,2,2,有,無,3980000,54738,,0.0,0,廣告戶促銷優惠價,RPRNMLPLQHHGFCT27CB,蓬萊一品,A棟04號
屏東市,房地(土地+建物)+車位,屏東縣屏東市 崇朝路183號旁,33.33,住,,,1110814,土地1建物1車位1,四層,5,華廈(10層含以下有電梯),住家用,鋼筋混凝土造,,99.14,2,2,2,有,無,7820000,75770,一樓平面,13.75,1350000,,RPQNMLTLQHHGFAT37CB,泓喬向陽,B棟2號
萬丹鄉,房地(土地+建物)+車位,屏東縣萬丹鄉萬丹路二段470號旁,29.15,,鄉村區,乙種建築用地,1110822,土地1建物1車位1,四層,6,華廈(10層含以下有電梯),住家用,鋼筋混凝土造,,125.45,3,2,2,有,無,7680000,58908,坡道平面,13.75,1100000,,RPRNMLTLQHHGFAT47CB,萬丹印象,D棟2號
萬丹鄉,房地(土地+建物)+車位,屏東縣萬丹鄉萬丹路二段470號旁,25.15,,鄉村區,乙種建築用地,1110820,土地1建物1車位1,五層,6,華廈(10層含以下有電梯),住家用,鋼筋混凝土造,,110.15,3,2,2,有,無,6930000,60477,坡道平面,13.75,1100000,,RPSNMLTLQHHGFAT57CB,萬丹印象,D棟3號
萬丹鄉,房地(土地+建物)+車位,屏東縣萬丹鄉萬丹路二段470號旁,29.92,,鄉村區,乙種建築用地,1110823,土地1建物1車位1,三層,6,華廈(10層含以下有電梯),住家用,鋼筋混凝土造,,128.41,3,2,2,有,無,7870000,59044,坡道平面,13.75,1100000,,RPUNMLTLQHHGFAT77CB,萬丹印象,D棟1號
東港鎮,房地(土地+建物)+車位,屏東縣東港鎮長春一路,30.46,住,,,1110812,土地1建物1車位1,三層,6,華廈(10層含以下有電梯),住家用,鋼筋混凝土造,,100.01,2,2,2,有,無,7600000,75992,,0.0,1450000,,RPPNMLKMQHHGFDT76CB,長春YES華廈,A3棟3F號
東港鎮,房地(土地+建物),屏東縣東港鎮長春一路,24.94,住,,,1110818,土地1建物1車位0,五層,6,華廈(10層含以下有電梯),住家用,鋼筋混凝土造,,68.9,2,2,2,有,無,4950000,71843,,0.0,0,,RPQNMLKMQHHGFDT86CB,長春YES華廈,B6棟5F號
潮州鎮,房地(土地+建物),屏東縣潮州鎮蓬萊里江山路,23.6,,鄉村區,乙種建築用地,1110826,土地3建物1車位0,三層,5,華廈(10層含以下有電梯),住家用,鋼筋混凝土造,,72.71,2,2,2,有,無,4020000,55288,,0.0,0,廣告促銷戶,RPPNMLLMQHHGFCT76CB,蓬萊一品,A棟08號
潮州鎮,房地(土地+建物),屏東縣潮州鎮潮中段286-11、318-4地號,90.3,住,,,1110902,土地2建物1車位0,全,3,透天厝,見其他登記事項,鋼筋混凝土造,,173.91,5,2,3,有,無,13500000,77626,,0.0,0,,RPPNMLPJRHHGFCT96CB,皇家典藏六期,H棟5號
潮州鎮,房地(土地+建物),屏東縣潮州鎮潮中段238-4地號,90.0,住,,,1110816,土地1建物1車位0,全,3,透天厝,見其他登記事項,鋼筋混凝土造,,190.71,5,2,3,有,無,12700000,66593,,0.0,0,,RPQNMLPJRHHGFCT07CB,皇家典藏六期,B棟5號
潮州鎮,房地(土地+建物),屏東縣潮州鎮潮中段238地號,30.49,住,,,1110813,土地1建物1車位0,四層,5,華廈(10層含以下有電梯),見其他登記事項,鋼筋混凝土造,,73.0,2,1,2,有,無,4600000,63014,,0.0,0,,RPSNMLPJRHHGFCT27CB,皇家典藏六期,A7棟4F號
潮州鎮,房地(土地+建物)+車位,屏東縣潮州鎮潮中段238地號,30.49,住,,,1110812,土地1建物1車位1,三層,5,華廈(10層含以下有電梯),見其他登記事項,鋼筋混凝土造,,96.54,2,1,2,有,無,5350000,55417,一樓平面,0.0,1050000,,RPTNMLPJRHHGFCT37CB,皇家典藏六期,A7棟3F號
萬丹鄉,房地(土地+建物)+車位,屏東縣萬丹鄉萬丹路二段470號旁,31.09,,鄉村區,乙種建築用地,1110903,土地1建物1車位1,三層,6,華廈(10層含以下有電梯),住家用,鋼筋混凝土造,,132.9,3,2,2,有,無,8130000,59001,坡道平面,13.75,1100000,,RPPNMLPJRHHGFAT86DB,萬丹印象,F棟2號
東港鎮,房地(土地+建物),屏東縣東港鎮新義段7-10地號B3/6F,30.94,住,,,1110827,土地1建物1車位0,六層,11,住宅大樓(11層含以上有電梯),住家用,鋼筋混凝土造,,126.9,3,2,2,有,無,9550000,75256,,0.0,0,,RPPNMLQJRHHGFDT17CB,NEW CITY,B3棟6F號
長治鄉,房地(土地+建物),屏東縣長治鄉崑崙路19巷,21.9,商,,,1110829,土地2建物1車位0,七層,7,華廈(10層含以下有電梯),見其他登記事項,鋼筋混凝土造,,98.49,3,2,2,有,無,5950000,60412,,0.0,0,,RPPNMLSJRHHGFAT07CB,天闊NO.10琚,A1棟7F號
屏東市,房地(土地+建物)+車位,屏東縣屏東市瑞中街瑞華街口D8棟,73.06,住,,,1110822,土地4建物1車位2,全,2,透天厝,住家用,鋼筋混凝土造,,271.21,0,0,0,無,無,25740000,91348,坡道平面,33.22,4000000,,RPPNMLMKRHHGFAT56CB,甲山林花園帝寶,D棟8號
屏東市,房地(土地+建物),屏東縣屏東市瑞中街瑞華街口G5棟1樓,16.7,住,,,1110820,土地4建物1車位0,一層,5,華廈(10層含以下有電梯),住家用,鋼筋混凝土造,,52.74,0,0,0,無,無,5910000,112059,,0.0,0,,RPQNMLMKRHHGFAT66CB,甲山林花園帝寶,G棟5號
屏東市,房地(土地+建物),屏東縣屏東市瑞中街瑞華街口H11棟3樓,26.49,住,,,1110831,土地4建物1車位0,三層,5,華廈(10層含以下有電梯),住家用,鋼筋混凝土造,,83.5,2,2,1,有,無,7540000,90299,,0.0,0,,RPRNMLMKRHHGFAT76CB,甲山林花園帝寶,H棟11號
屏東市,房地(土地+建物),屏東縣屏東市瑞中街瑞華街口J16棟3樓,25.98,住,,,1110831,土地4建物1車位0,三層,5,華廈(10層含以下有電梯),住家用,鋼筋混凝土造,,81.86,2,2,1,有,無,7390000,90276,,0.0,0,,RPSNMLMKRHHGFAT86CB,甲山林花園帝寶,J棟16號
屏東市,房地(土地+建物),屏東縣屏東市瑞中街瑞華街口H12棟3樓,26.83,住,,,1110827,土地4建物1車位0,三層,5,華廈(10層含以下有電梯),住家用,鋼筋混凝土造,,84.64,2,2,2,有,無,7770000,91801,,0.0,0,,RPTNMLMKRHHGFAT96CB,甲山林花園帝寶,H棟12號
屏東市,房地(土地+建物),屏東縣屏東市瑞中街瑞華街口H11棟2樓,26.49,住,,,1110831,土地4建物1車位0,二層,5,華廈(10層含以下有電梯),住家用,鋼筋混凝土造,,83.5,2,2,1,有,無,7440000,89102,,0.0,0,,RPUNMLMKRHHGFAT07CB,甲山林花園帝寶,H棟11號
屏東市,房地(土地+建物),屏東縣屏東市瑞中街瑞華街口H7棟3樓,26.83,住,,,1110827,土地4建物1車位0,三層,5,華廈(10層含以下有電梯),住家用,鋼筋混凝土造,,84.64,2,2,2,有,無,7900000,93336,,0.0,0,,RPVNMLMKRHHGFAT17CB,甲山林花園帝寶,H棟7號
屏東市,房地(土地+建物),屏東縣屏東市瑞中街瑞華街口G20棟3樓,28.68,住,,,1110903,土地4建物1車位0,三層,5,華廈(10層含以下有電梯),住家用,鋼筋混凝土造,,90.64,2,2,2,有,無,8050000,88813,,0.0,0,,RPWNMLMKRHHGFAT27CB,甲山林花園帝寶,G棟20號
屏東市,房地(土地+建物)+車位,屏東縣屏東市瑞中街瑞華街口D5棟,73.06,住,,,1110827,土地4建物1車位2,全,2,透天厝,住家用,鋼筋混凝土造,,271.21,0,0,0,無,無,25740000,91348,坡道平面,33.22,4000000,,RPXNMLMKRHHGFAT37CB,甲山林花園帝寶,D棟5號
萬丹鄉,房地(土地+建物),屏東縣萬丹鄉社安段251 251-1 251-2 地號,23.66,,鄉村區,乙種建築用地,1110912,土地1建物1車位0,四層,5,華廈(10層含以下有電梯),住家用,鋼筋混凝土造,,73.6,2,2,2,有,無,4280000,58152,,0.0,0,,RPPNMLNKRHHGFAT66CB,鑫邑,B棟5號
東港鎮,房地(土地+建物),屏東縣東港鎮興東路,109.86,住,,,1110829,土地2建物1車位0,全,3,透天厝,住家用,鋼筋混凝土造,,192.54,4,2,4,有,無,16780000,87151,,0.0,0,,RPPNMLNKRHHGFDT96CB,長居(六期),B棟2號
里港鄉,房地(土地+建物),屏東縣里港鄉永豐路一段,95.04,住,,,1110908,土地1建物1車位0,全,3,透天厝,住家用,鋼筋混凝土造,,181.07,4,2,5,有,無,9520000,52576,,0.0,0,,RPPNMLNKRHHGFBT76CB,永豐馥,B棟2號
里港鄉,房地(土地+建物),屏東縣里港鄉永豐路一段,116.65,住,,,1110913,土地1建物1車位0,全,3,透天厝,見其他登記事項,鋼筋混凝土造,,237.02,4,1,5,有,無,14700000,62020,,0.0,0,,RPPNMLOKRHHGFBT86CB,永豐馥,A棟7號
潮州鎮,房地(土地+建物)+車位,屏東縣潮州鎮光復路,37.34,,一般農業區,甲種建築用地,1110820,土地1建物1車位1,三層,5,華廈(10層含以下有電梯),住家用,鋼筋混凝土造,,120.54,3,2,2,有,無,6800000,53376,一樓平面,13.75,1100000,,RPPNMLOKRHHGFCT96CB,太友敦煌8,A2棟0號
潮州鎮,房地(土地+建物)+車位,屏東縣潮州鎮光復路,37.34,,一般農業區,甲種建築用地,1110903,土地1建物1車位1,二層,5,華廈(10層含以下有電梯),住家用,鋼筋混凝土造,,120.54,3,2,2,有,無,6900000,54312,一樓平面,13.75,1100000,,RPQNMLOKRHHGFCT07CB,太友敦煌8,A2棟0號
長治鄉,房地(土地+建物)+車位,屏東縣長治鄉瑞源路,33.41,住,,,1110827,土地1建物1車位1,三層,5,華廈(10層含以下有電梯),住家用,鋼筋混凝土造,,102.51,3,1,2,有,無,8060000,78377,一樓平面,16.26,1300000,,RPPNMLOKRHHGFAT76CB,幸福律,A棟1號
長治鄉,房地(土地+建物)+車位,屏東縣長治鄉瑞源路,33.6,住,,,1110901,土地1建物1車位1,三層,5,華廈(10層含以下有電梯),住家用,鋼筋混凝土造,,103.15,3,1,2,有,無,8060000,77800,一樓平面,16.26,1300000,,RPQNMLOKRHHGFAT86CB,幸福律,B棟1號
萬丹鄉,房地(土地+建物),屏東縣萬丹鄉萬新路1409巷,25.36,住,,,1110819,土地1建物1車位0,六層,6,華廈(10層含以下有電梯),住家用,鋼筋混凝土造,,72.83,2,1,2,有,無,4500000,61788,,0.0,0,,RPPNMLPKRHHGFAT86CB,皇家旺市-3期,B棟3號
萬丹鄉,房地(土地+建物),屏東縣萬丹鄉萬新路1409巷,25.36,住,,,1110828,土地1建物1車位0,三層,6,華廈(10層含以下有電梯),住家用,鋼筋混凝土造,,72.83,2,1,2,有,無,4580000,62886,,0.0,0,,RPQNMLPKRHHGFAT96CB,皇家旺市-3期,B棟3號
竹田鄉,房地(土地+建物),屏東縣竹田鄉西勢村龍門路,132.67,,鄉村區,乙種建築用地,1110905,土地5建物1車位0,全,3,透天厝,住家用,鋼筋混凝土造,,136.46,4,2,3,有,無,9500000,69617,,0.0,0,,RPPNMLQKRHHGFCT17CB,欣禾苑,B棟2號
屏東市,房地(土地+建物)+車位,屏東縣屏東市古松巷,22.48,,鄉村區,乙種建築用地,1110831,土地1建物1車位1,二層,7,華廈(10層含以下有電梯),住家用,鋼筋混凝土造,,98.58,3,2,2,有,無,7880000,77567,一樓平面,13.75,1300000,,RPPNMLRKRHHGFAT07CB,屏東印象,A3棟02F號
屏東市,房地(土地+建物)+車位,屏東縣屏東市古松巷,27.1,,鄉村區,乙種建築用地,1110826,土地1建物1車位1,五層,7,華廈(10層含以下有電梯),住家用,鋼筋混凝土造,,116.03,3,2,2,有,無,9350000,78706,坡道平面,13.75,1300000,,RPQNMLRKRHHGFAT17CB,屏東印象,E2棟05F號
屏東市,房地(土地+建物)+車位,屏東縣屏東市古松巷,22.48,,鄉村區,乙種建築用地,1110831,土地1建物1車位1,三層,7,華廈(10層含以下有電梯),住家用,鋼筋混凝土造,,98.58,3,2,2,有,無,7920000,78038,一樓平面,13.75,1300000,,RPRNMLRKRHHGFAT27CB,屏東印象,A3棟03F號
屏東市,房地(土地+建物)+車位,屏東縣屏東市古松巷,22.48,,鄉村區,乙種建築用地,1110829,土地1建物1車位1,二層,7,華廈(10層含以下有電梯),住家用,鋼筋混凝土造,,98.58,3,2,2,有,無,7900000,77803,一樓平面,13.75,1300000,,RPSNMLRKRHHGFAT37CB,屏東印象,E1棟02F號
屏東市,房地(土地+建物),屏東縣屏東市和生路一段,24.27,,鄉村區,乙種建築用地,1110830,土地2建物1車位0,七層,12,住宅大樓(11層含以上有電梯),住家用,鋼筋混凝土造,,82.57,2,2,1,有,無,7340000,88894,,0.0,0,,RPPNMLTKRHHGFAT27CB,中洲One Park,A棟2號
里港鄉,房地(土地+建物),屏東縣里港鄉永豐路一段,65.01,住,,,1110907,土地1建物1車位0,全,3,透天厝,見其他登記事項,鋼筋混凝土造,,184.87,4,1,5,有,無,10200000,55174,,0.0,0,,RPPNMLTKRHHGFBT37CB,永豐馥,B棟1號
屏東市,房地(土地+建物),屏東縣屏東市海豐街91巷,89.87,,一般農業區,甲種建築用地,1110916,土地1建物1車位0,全,4,透天厝,住家用,鋼筋混凝土造,,192.97,4,2,5,有,無,12800000,66332,,0.0,0,,RPPNMLKLRHHGFAT09CB,和悅丰晴,A棟2號
屏東市,房地(土地+建物),屏東縣屏東市和生路一段,24.33,,鄉村區,乙種建築用地,1110910,土地2建物1車位0,四層,12,住宅大樓(11層含以上有電梯),住家用,鋼筋混凝土造,,82.8,2,2,1,有,無,6780000,81884,,0.0,0,,RPQNMLKLRHHGFAT56CB,中洲One Park,B棟2號
屏東市,房地(土地+建物)+車位,屏東縣屏東市徐州路,26.4,住,,,1110904,土地1建物1車位1,四層,14,住宅大樓(11層含以上有電梯),見其他登記事項,鋼筋混凝土造,,131.7,2,2,1,有,無,7200000,66158,坡道平面,42.52,1300000,,RPPNMLLLRHHGFAT56CB,香榭時尚,A3棟4號
長治鄉,房地(土地+建物),屏東縣長治鄉崑崙路19巷,23.23,商,,,1110917,土地2建物1車位0,四層,7,華廈(10層含以下有電梯),見其他登記事項,鋼筋混凝土造,,104.54,3,2,2,有,無,6120000,58542,,0.0,0,,RPQNMLLLRHHGFAT66CB,天闊NO.10琚,A3棟4F號
內埔鄉,房地(土地+建物),屏東縣內埔鄉延平路,45.28,住,,,1110831,土地1建物1車位0,四層,5,華廈(10層含以下有電梯),住家用,鋼筋混凝土造,,130.75,3,1,2,有,無,7380000,56444,,0.0,0,,RPPNMLLLRHHGFCT76CB,太富?綻,B2棟4號
屏東市,房地(土地+建物)+車位,屏東縣屏東市和生路一段,32.48,,鄉村區,乙種建築用地,1110830,土地2建物1車位1,七層,12,住宅大樓(11層含以上有電梯),住家用,鋼筋混凝土造,,137.39,3,2,2,有,無,10710000,85243,坡道平面,27.0,1300000,,RPPNMLNLRHHGFAT76CB,中洲One Park,A棟1號
屏東市,房地(土地+建物)+車位,屏東縣屏東市和生路一段,32.48,,鄉村區,乙種建築用地,1110830,土地2建物1車位1,三層,12,住宅大樓(11層含以上有電梯),住家用,鋼筋混凝土造,,137.39,3,2,2,有,無,9830000,77271,坡道平面,27.0,1300000,,RPQNMLNLRHHGFAT86CB,中洲One Park,B棟1號
屏東市,房地(土地+建物),屏東縣屏東市和生路一段,24.33,,鄉村區,乙種建築用地,1110830,土地2建物1車位0,三層,12,住宅大樓(11層含以上有電梯),住家用,鋼筋混凝土造,,82.8,2,2,1,有,無,6700000,80918,,0.0,0,,RPRNMLNLRHHGFAT96CB,中洲One Park,B棟2號
屏東市,房地(土地+建物)+車位,屏東縣屏東市 崇朝路183號旁,30.31,住,,,1110909,土地1建物1車位1,三層,5,華廈(10層含以下有電梯),住家用,鋼筋混凝土造,,90.58,2,2,2,有,無,6850000,72118,一樓平面,12.93,1250000,,RPPNMLQLRHHGFAT07CB,泓喬向陽,B棟8號
屏東市,房地(土地+建物)+車位,屏東縣屏東市瑞中街瑞華街口D7棟,73.06,住,,,1110909,土地4建物1車位2,全,2,透天厝,住家用,鋼筋混凝土造,,271.21,0,0,0,無,無,25740000,91348,坡道平面,33.22,4000000,,RPPNMLRLRHHGFAT17CB,甲山林花園帝寶,D棟7號
屏東市,房地(土地+建物),屏東縣屏東市瑞中街瑞華街口I7棟2樓,26.83,住,,,1110917,土地4建物1車位0,二層,5,華廈(10層含以下有電梯),住家用,鋼筋混凝土造,,84.64,2,2,2,有,無,7670000,90619,,0.0,0,,RPQNMLRLRHHGFAT27CB,甲山林花園帝寶,I棟7號
屏東市,房地(土地+建物)+車位,屏東縣屏東市瑞中街瑞華街口E6棟,128.06,住,,,1110917,土地4建物1車位2,全,4,透天厝,住家用,鋼筋混凝土造,,412.54,3,2,4,有,無,46910000,113123,坡道平面,33.22,4000000,,RPRNMLRLRHHGFAT37CB,甲山林花園帝寶,E棟6號
屏東市,房地(土地+建物),屏東縣屏東市瑞中街瑞華街口H13棟2樓,27.84,住,,,1110917,土地4建物1車位0,二層,5,華廈(10層含以下有電梯),住家用,鋼筋混凝土造,,87.94,2,2,2,有,無,7970000,90630,,0.0,0,,RPSNMLRLRHHGFAT47CB,甲山林花園帝寶,H棟13號
屏東市,房地(土地+建物),屏東縣屏東市瑞中街瑞華街口G18棟5樓,28.01,住,,,1110908,土地4建物1車位0,五層,5,華廈(10層含以下有電梯),住家用,鋼筋混凝土造,,88.25,3,2,1,有,無,7810000,88499,,0.0,0,,RPTNMLRLRHHGFAT57CB,甲山林花園帝寶,G棟18號
屏東市,房地(土地+建物),屏東縣屏東市瑞中街瑞華街口G7棟3樓,26.83,住,,,1110917,土地4建物1車位0,三層,5,華廈(10層含以下有電梯),住家用,鋼筋混凝土造,,84.64,2,2,2,有,無,7900000,93336,,0.0,0,,RPUNMLRLRHHGFAT67CB,甲山林花園帝寶,G棟7號
屏東市,房地(土地+建物),屏東縣屏東市瑞中街瑞華街口J17棟3樓,26.49,住,,,1110914,土地4建物1車位0,三層,5,華廈(10層含以下有電梯),住家用,鋼筋混凝土造,,83.5,2,2,1,有,無,7420000,88862,,0.0,0,,RPVNMLRLRHHGFAT77CB,甲山林花園帝寶,J棟17號
屏東市,房地(土地+建物)+車位,屏東縣屏東市瑞中街瑞華街口G2棟5樓,61.25,住,,,1110921,土地4建物1車位1,五層,5,華廈(10層含以下有電梯),住家用,鋼筋混凝土造,,210.06,0,0,0,無,無,20960000,99561,坡道平面,16.61,1700000,,RPWNMLRLRHHGFAT87CB,甲山林花園帝寶,G棟2號
屏東市,房地(土地+建物)+車位,屏東縣屏東市徐州路,38.38,住,,,1110917,土地1建物1車位1,二層,14,住宅大樓(11層含以上有電梯),見其他登記事項,鋼筋混凝土造,,196.02,3,2,2,有,無,10350000,66924,坡道平面,63.78,1500000,,RPXNMLRLRHHGFAT97CB,香榭時尚,A1棟2號
長治鄉,房地(土地+建物)+車位,屏東縣長治鄉香楊路,39.98,,一般農業區,甲種建築用地,1110831,土地1建物1車位1,三層,6,華廈(10層含以下有電梯),見其他登記事項,鋼筋混凝土造,,116.55,3,2,2,有,無,7900000,66786,一樓平面,16.23,1200000,,RPQNMLSLRHHGFAT37CB,陽光5,A棟8號
長治鄉,房地(土地+建物)+車位,屏東縣長治鄉香楊路,28.0,,一般農業區,甲種建築用地,1110903,土地1建物1車位1,六層,6,華廈(10層含以下有電梯),見其他登記事項,鋼筋混凝土造,,86.5,2,2,1,有,無,5900000,66885,一樓平面,16.23,1200000,,RPRNMLSLRHHGFAT47CB,陽光5,A棟3號
長治鄉,房地(土地+建物)+車位,屏東縣長治鄉香楊路,37.83,,一般農業區,甲種建築用地,1110920,土地1建物1車位1,三層,6,華廈(10層含以下有電梯),見其他登記事項,鋼筋混凝土造,,111.16,3,2,2,有,無,7580000,67207,一樓平面,16.23,1200000,,RPSNMLSLRHHGFAT57CB,陽光5,A棟2號
屏東市,房地(土地+建物)+車位,屏東縣屏東市古松巷,22.48,,鄉村區,乙種建築用地,1110903,土地1建物1車位1,三層,7,華廈(10層含以下有電梯),住家用,鋼筋混凝土造,,98.58,3,2,2,有,無,7950000,78392,一樓平面,13.75,1300000,,RPPNMLTLRHHGFAT37CB,屏東印象,E1棟03F號
內埔鄉,房地(土地+建物),屏東縣內埔鄉學文路4B9,22.2,住,,,1110917,土地1建物1車位0,四層,8,華廈(10層含以下有電梯),住家用,鋼筋混凝土造,,91.62,2,2,2,有,無,6050000,66034,,0.0,0,,RPPNMLTLRHHGFCT57CB,NEW BOSS,B棟9號
長治鄉,房地(土地+建物)+車位,屏東縣長治鄉合興路,47.65,住,,,1110908,土地1建物1車位1,三層,5,華廈(10層含以下有電梯),住家用,鋼筋混凝土造,,133.46,3,2,2,有,無,7800000,58444,一樓平面,0.0,0,,RPPNMLKMRHHGFAT56CB,森活家2期,B3棟1號
長治鄉,房地(土地+建物)+車位,屏東縣長治鄉合興路,47.65,住,,,1110908,土地1建物1車位1,四層,5,華廈(10層含以下有電梯),住家用,鋼筋混凝土造,,133.46,3,2,2,有,無,7850000,58819,一樓平面,0.0,0,,RPQNMLKMRHHGFAT66CB,森活家2期,A4棟2號
屏東市,房地(土地+建物)+車位,屏東縣屏東市中山路,39.31,,鄉村區,乙種建築用地,1110920,土地2建物1車位1,三層,6,華廈(10層含以下有電梯),住家用,鋼筋混凝土造,,110.01,3,2,2,有,無,6980000,63449,一樓平面,8.05,0,,RPUNMLKMRHHGFAT07CB,藍太之星,B2棟3F號
屏東市,房地(土地+建物)+車位,屏東縣屏東市中山路,36.94,,鄉村區,乙種建築用地,1110919,土地2建物1車位1,四層,6,華廈(10層含以下有電梯),住家用,鋼筋混凝土造,,107.3,3,2,2,有,無,7300000,68034,一樓平面,8.05,0,,RPVNMLKMRHHGFAT17CB,藍太之星,A2棟4F號
屏東市,房地(土地+建物)+車位,屏東縣屏東市中山路,35.45,,鄉村區,乙種建築用地,1110923,土地3建物1車位1,二層,6,華廈(10層含以下有電梯),住家用,鋼筋混凝土造,,110.01,3,2,2,有,無,6100000,55450,一樓平面,9.96,0,,RPWNMLKMRHHGFAT27CB,藍太之星,B2棟2F號
屏東市,房地(土地+建物)+車位,屏東縣屏東市中山路,36.44,,鄉村區,乙種建築用地,1110920,土地2建物1車位1,二層,6,華廈(10層含以下有電梯),住家用,鋼筋混凝土造,,107.3,3,2,2,有,無,6950000,64772,一樓平面,8.05,0,,RPXNMLKMRHHGFAT37CB,藍太之星,A2棟2F號
屏東市,房地(土地+建物)+車位,屏東縣屏東市中山路,36.94,,鄉村區,乙種建築用地,1110921,土地2建物1車位1,三層,6,華廈(10層含以下有電梯),住家用,鋼筋混凝土造,,107.3,3,2,2,有,無,7150000,66636,一樓平面,8.05,0,,RPOOMLKMRHHGFAT56CB,藍太之星,A2棟3F號
屏東市,房地(土地+建物)+車位,屏東縣屏東市中山路,38.65,,鄉村區,乙種建築用地,1110921,土地2建物1車位1,三層,6,華廈(10層含以下有電梯),住家用,鋼筋混凝土造,,107.3,3,2,2,有,無,6960000,64865,一樓平面,8.05,0,,RPPOMLKMRHHGFAT66CB,藍太之星,B1棟3F號
屏東市,房地(土地+建物)+車位,屏東縣屏東市中山路,39.31,,鄉村區,乙種建築用地,1110921,土地2建物1車位1,三層,6,華廈(10層含以下有電梯),住家用,鋼筋混凝土造,,110.01,3,2,2,有,無,7150000,64994,一樓平面,8.05,0,,RPQOMLKMRHHGFAT76CB,藍太之星,A1棟3F號
萬丹鄉,房地(土地+建物),屏東縣萬丹鄉社安段251 251-1 251-2 地號,25.16,,鄉村區,乙種建築用地,1111001,土地1建物1車位0,四層,5,華廈(10層含以下有電梯),住家用,鋼筋混凝土造,,77.81,2,2,2,有,無,4380000,56291,,0.0,0,,RPPNMLNJIIHGFAT38CB,鑫邑,B棟2號
屏東市,房地(土地+建物)+車位,屏東縣屏東市中山路,38.64,,鄉村區,乙種建築用地,1110925,土地2建物1車位1,四層,6,華廈(10層含以下有電梯),住家用,鋼筋混凝土造,,110.01,3,2,2,有,無,7150000,64994,一樓平面,8.05,0,,RPQNMLNJIIHGFAT48CB,藍太之星,B2棟4F號
屏東市,房地(土地+建物)+車位,屏東縣屏東市中山路,34.86,,鄉村區,乙種建築用地,1110924,土地3建物1車位1,二層,6,華廈(10層含以下有電梯),住家用,鋼筋混凝土造,,107.3,3,2,2,有,無,6350000,59180,一樓平面,9.97,0,,RPSNMLNJIIHGFAT68CB,藍太之星,B1棟2F號
屏東市,房地(土地+建物)+車位,屏東縣屏東市中山路,37.6,,鄉村區,乙種建築用地,1110924,土地2建物1車位1,五層,6,華廈(10層含以下有電梯),住家用,鋼筋混凝土造,,110.01,3,2,2,有,無,6950000,63176,一樓平面,8.05,0,,RPTNMLNJIIHGFAT78CB,藍太之星,B2棟5F號
屏東市,房地(土地+建物)+車位,屏東縣屏東市中山路,38.7,,鄉村區,乙種建築用地,1110924,土地2建物1車位1,四層,6,華廈(10層含以下有電梯),住家用,鋼筋混凝土造,,107.3,3,2,2,有,無,6920000,64492,一樓平面,8.05,0,,RPUNMLNJIIHGFAT88CB,藍太之星,B1棟4F號
屏東市,房地(土地+建物)+車位,屏東縣屏東市中山路,36.44,,鄉村區,乙種建築用地,1110927,土地2建物1車位1,五層,6,華廈(10層含以下有電梯),住家用,鋼筋混凝土造,,107.3,3,2,2,有,無,7280000,67847,一樓平面,8.05,0,,RPVNMLNJIIHGFAT98CB,藍太之星,A2棟5F號
屏東市,房地(土地+建物)+車位,屏東縣屏東市和平路,59.63,住,,,1110926,土地1建物1車位1,四層,5,華廈(10層含以下有電梯),見其他登記事項,鋼筋混凝土造,,188.54,4,2,2,有,無,14680000,74086,一樓平面,7.94,1300000,,RPWNMLNJIIHGFAT09CB,長億君品,A1棟4樓號
屏東市,房地(土地+建物)+車位,屏東縣屏東市古松巷,22.48,,鄉村區,乙種建築用地,1110908,土地1建物1車位1,六層,7,華廈(10層含以下有電梯),住家用,鋼筋混凝土造,,98.58,3,2,2,有,無,8000000,78981,一樓平面,13.75,1300000,,RPXNMLNJIIHGFAT56CB,屏東印象,E1棟06F號
屏東市,房地(土地+建物)+車位,屏東縣屏東市古松巷,21.8,,鄉村區,乙種建築用地,1110906,土地1建物1車位1,四層,7,華廈(10層含以下有電梯),住家用,鋼筋混凝土造,,96.01,3,2,2,有,無,7700000,77802,一樓平面,13.75,1300000,,RPOOMLNJIIHGFAT38CB,屏東印象,B2棟04F號
屏東市,房地(土地+建物)+車位,屏東縣屏東市古松巷,22.48,,鄉村區,乙種建築用地,1110911,土地1建物1車位1,三層,7,華廈(10層含以下有電梯),住家用,鋼筋混凝土造,,98.58,3,2,2,有,無,7980000,78746,坡道平面,13.75,1300000,,RPPOMLNJIIHGFAT48CB,屏東印象,D3棟03F號
屏東市,房地(土地+建物)+車位,屏東縣屏東市古松巷,22.48,,鄉村區,乙種建築用地,1110930,土地1建物1車位1,四層,7,華廈(10層含以下有電梯),住家用,鋼筋混凝土造,,98.58,3,2,2,有,無,7880000,77567,坡道平面,13.75,1300000,,RPQOMLNJIIHGFAT58CB,屏東印象,A5棟04F號
內埔鄉,房地(土地+建物),屏東縣內埔鄉德美路,175.2,住,,,1110918,土地2建物1車位0,全,3,透天厝,住家用,鋼筋混凝土造,,199.89,5,2,4,有,無,15380000,76942,,0.0,0,,RPPNMLNJIIHGFCT58CB,成聚大悅,B棟3號
內埔鄉,房地(土地+建物)+車位,屏東縣內埔鄉德美路,53.27,住,,,1110909,土地1建物1車位2,二層,5,華廈(10層含以下有電梯),住家用,鋼筋混凝土造,,152.8,3,2,2,有,無,7600000,53746,一樓平面,28.14,900000,,RPQNMLNJIIHGFCT68CB,成聚大悅,B棟1號
潮州鎮,房地(土地+建物)+車位,屏東縣潮州鎮潮中段238-9地號,25.61,住,,,1110905,土地1建物1車位1,三層,5,華廈(10層含以下有電梯),見其他登記事項,鋼筋混凝土造,,81.2,2,1,2,有,無,5010000,61700,一樓平面,0.0,1050000,,RPPNMLOJIIHGFCT68CB,皇家典藏六期,D5棟3F號
潮州鎮,房地(土地+建物),屏東縣潮州鎮潮中段286-1地號,70.85,住,,,1110919,土地1建物1車位0,全,4,透天厝,見其他登記事項,鋼筋混凝土造,,201.51,5,2,4,有,無,12100000,60047,,0.0,0,,RPQNMLOJIIHGFCT78CB,皇家典藏六期,G棟1號
潮州鎮,房地(土地+建物),屏東縣潮州鎮潮中段238-9地號,25.61,住,,,1110918,土地1建物1車位0,三層,5,華廈(10層含以下有電梯),見其他登記事項,鋼筋混凝土造,,66.16,2,1,2,有,無,4000000,60459,,0.0,0,,RPRNMLOJIIHGFCT88CB,皇家典藏六期,D3棟3F號
萬丹鄉,房地(土地+建物),屏東縣萬丹鄉上村村6鄰寶田路635號,92.38,,一般農業區,甲種建築用地,1110908,土地2建物1車位0,全,4,透天厝,住家用,鋼筋混凝土造,,179.27,5,2,5,有,無,9500000,52993,,0.0,0,,RPPNMLOJIIHGFAT48CB,居岩福砌,D棟6號
林邊鄉,房地(土地+建物)+車位,屏東縣林邊鄉仁和路78號旁,50.4,住,,,1110925,土地1建物1車位1,二層,5,華廈(10層含以下有電梯),住家用,鋼筋混凝土造,,132.3,3,2,2,有,無,6560000,49584,,0.0,0,,RPPNMLQJIIHGFDT09DB,臻至新廈,A棟2樓號
東港鎮,房地(土地+建物),屏東縣東港鎮延平路,16.17,商,,,1110918,土地6建物1車位0,七層,7,華廈(10層含以下有電梯),見其他登記事項,鋼筋混凝土造,,70.25,2,2,2,有,無,5280000,75160,,0.0,0,,RPPNMLRJIIHGFDT09CB,東港ONE,B2棟7樓號
東港鎮,房地(土地+建物),屏東縣東港鎮興東路,121.48,住,,,1110917,土地1建物1車位0,全,3,透天厝,見其他登記事項,鋼筋混凝土造,,193.51,5,2,4,有,無,13000000,67180,,0.0,0,,RPQNMLRJIIHGFDT56CB,波麗市,E棟3號
東港鎮,房地(土地+建物)+車位,屏東縣東港鎮興東路&興東三街,26.56,住,,,1110921,土地1建物1車位1,六層,8,華廈(10層含以下有電梯),住家用,鋼筋混凝土造,,91.88,2,1,1,有,無,6180000,67262,,0.0,1000000,,RPRNMLRJIIHGFDT66CB,青禾寓,E棟3號
內埔鄉,房地(土地+建物)+車位,屏東縣內埔鄉學文路4A9,22.2,住,,,1110929,土地1建物1車位1,四層,8,華廈(10層含以下有電梯),住家用,鋼筋混凝土造,,100.62,2,2,2,有,無,6980000,65270,坡道機械,9.0,1000000,,RPPNMLRJIIHGFCT98CB,NEW BOSS,A棟9號
屏東市,房地(土地+建物)+車位,屏東縣屏東市中山路,39.31,,鄉村區,乙種建築用地,1110929,土地2建物1車位1,五層,6,華廈(10層含以下有電梯),住家用,鋼筋混凝土造,,107.3,3,2,2,有,無,7000000,65238,一樓平面,8.05,0,,RPQNMLRJIIHGFAT88CB,藍太之星,B1棟5F號
屏東市,房地(土地+建物)+車位,屏東縣屏東市中山路,39.97,,鄉村區,乙種建築用地,1111001,土地2建物1車位1,五層,6,華廈(10層含以下有電梯),住家用,鋼筋混凝土造,,110.01,3,2,2,有,無,6880000,62540,一樓平面,8.05,0,,RPRNMLRJIIHGFAT98CB,藍太之星,A1棟5F號
屏東市,房地(土地+建物)+車位,屏東縣屏東市中山路,38.64,,鄉村區,乙種建築用地,1111001,土地2建物1車位1,四層,6,華廈(10層含以下有電梯),住家用,鋼筋混凝土造,,110.01,3,2,2,有,無,7300000,66358,一樓平面,8.05,0,,RPSNMLRJIIHGFAT09CB,藍太之星,A1棟4F號
恆春鎮,房地(土地+建物),屏東縣恆春鎮德和里坪頂路,42.89,,鄉村區,乙種建築用地,1110916,土地1建物1車位0,四層,7,華廈(10層含以下有電梯),住家用,鋼筋混凝土造,,150.21,3,2,3,有,無,7380000,49131,,0.0,0,,RPPNMLTJIIHGFET76CB,君臨天廈,1棟4FA4號
恆春鎮,房地(土地+建物),屏東縣恆春鎮德和里坪頂路,42.89,,鄉村區,乙種建築用地,1110930,土地1建物1車位0,三層,7,華廈(10層含以下有電梯),住家用,鋼筋混凝土造,,150.21,3,2,3,有,無,7280000,48465,,0.0,0,,RPPNMLKKIIHGFET58CB,君臨天廈,1棟3FA4號
恆春鎮,房地(土地+建物),屏東縣恆春鎮德和里坪頂路,39.09,,鄉村區,乙種建築用地,1111006,土地1建物1車位0,四層,7,華廈(10層含以下有電梯),住家用,鋼筋混凝土造,,136.88,3,2,3,有,無,7480000,54646,,0.0,0,,RPQNMLKKIIHGFET68CB,君臨天廈,1棟4FA5號
恆春鎮,房地(土地+建物),屏東縣恆春鎮德和里坪頂路,42.89,,鄉村區,乙種建築用地,1111001,土地1建物1車位0,二層,7,華廈(10層含以下有電梯),住家用,鋼筋混凝土造,,150.21,3,2,3,有,無,7200000,47933,,0.0,0,,RPRNMLKKIIHGFET78CB,君臨天廈,1棟2FA4號
恆春鎮,房地(土地+建物),屏東縣恆春鎮德和里坪頂路,39.09,,鄉村區,乙種建築用地,1111001,土地1建物1車位0,五層,7,華廈(10層含以下有電梯),住家用,鋼筋混凝土造,,136.88,3,2,3,有,無,7500000,54793,,0.0,0,,RPSNMLKKIIHGFET88CB,君臨天廈,1棟5FA5號
恆春鎮,房地(土地+建物),屏東縣恆春鎮德和里坪頂路,42.89,,鄉村區,乙種建築用地,1111003,土地1建物1車位0,六層,7,華廈(10層含以下有電梯),住家用,鋼筋混凝土造,,150.21,3,2,3,有,無,7800000,51927,,0.0,0,,RPTNMLKKIIHGFET98CB,君臨天廈,1棟6FA4號
萬丹鄉,房地(土地+建物),屏東縣萬丹鄉萬新路1409巷,26.18,住,,,1110912,土地1建物1車位0,五層,6,華廈(10層含以下有電梯),住家用,鋼筋混凝土造,,74.23,2,1,2,有,無,4810000,64799,,0.0,0,,RPPNMLKKIIHGFAT18CB,皇家旺市-3期,B棟1號
萬丹鄉,房地(土地+建物)+車位,屏東縣萬丹鄉萬新路1409巷,29.45,住,,,1110912,土地1建物1車位1,五層,6,華廈(10層含以下有電梯),住家用,鋼筋混凝土造,,96.15,3,2,2,有,無,6500000,65868,一樓平面,12.65,1000000,,RPQNMLKKIIHGFAT28CB,皇家旺市-3期,B棟2號
萬丹鄉,房地(土地+建物)+車位,屏東縣萬丹鄉萬新路1409巷,25.36,住,,,1110912,土地1建物1車位1,五層,6,華廈(10層含以下有電梯),住家用,鋼筋混凝土造,,86.57,2,1,2,有,無,5670000,65495,一樓平面,13.74,900000,,RPRNMLKKIIHGFAT38CB,皇家旺市-3期,B棟3號
萬丹鄉,房地(土地+建物),屏東縣萬丹鄉上村村6鄰寶田路633號,96.38,,一般農業區,甲種建築用地,1110917,土地2建物1車位0,全,4,透天厝,住家用,鋼筋混凝土造,,192.09,5,2,5,有,無,8800000,45812,,0.0,0,,RPPNMLLKIIHGFAT28CB,居岩福砌,D棟5號
萬丹鄉,房地(土地+建物),屏東縣萬丹鄉上村村6鄰寶田路641號,92.38,,一般農業區,甲種建築用地,1110921,土地2建物1車位0,全,4,透天厝,住家用,鋼筋混凝土造,,178.82,5,2,5,有,無,9880000,55251,,0.0,0,,RPQNMLLKIIHGFAT38CB,居岩福砌,D棟9號
長治鄉,房地(土地+建物),屏東縣長治鄉新潭村新源街86號2樓之五,27.8,住,,,1110925,土地1建物1車位0,二層,5,華廈(10層含以下有電梯),住家用,鋼筋混凝土造,,77.57,2,2,2,有,無,4880000,62911,,0.0,0,,RPRNMLLKIIHGFAT48CB,景福2,A棟A5號
長治鄉,房地(土地+建物)+車位,屏東縣長治鄉香楊路,28.0,,一般農業區,甲種建築用地,1110923,土地1建物1車位1,四層,6,華廈(10層含以下有電梯),見其他登記事項,鋼筋混凝土造,,86.5,2,2,1,有,無,5530000,65889,一樓平面,16.23,900000,露天車位,RPPNMLMKIIHGFAT38CB,陽光5,A棟3號
屏東市,房地(土地+建物),屏東縣屏東市瑞中街瑞華街口J7棟2樓,26.83,住,,,1111004,土地4建物1車位0,二層,5,華廈(10層含以下有電梯),住家用,鋼筋混凝土造,,84.64,2,2,2,有,無,7670000,90619,,0.0,0,,RPQNMLMKIIHGFAT48CB,甲山林花園帝寶,J棟7號
屏東市,房地(土地+建物),屏東縣屏東市瑞中街瑞華街口H17棟5樓,26.49,住,,,1111008,土地4建物1車位0,五層,5,華廈(10層含以下有電梯),住家用,鋼筋混凝土造,,83.5,2,2,1,有,無,7390000,88503,,0.0,0,,RPRNMLMKIIHGFAT58CB,甲山林花園帝寶,H棟17號
屏東市,房地(土地+建物),屏東縣屏東市瑞中街瑞華街口H14棟2樓,27.0,住,,,1110924,土地4建物1車位0,二層,5,華廈(10層含以下有電梯),住家用,鋼筋混凝土造,,85.57,2,2,2,有,無,7750000,90569,,0.0,0,,RPSNMLMKIIHGFAT68CB,甲山林花園帝寶,H棟14號
屏東市,房地(土地+建物),屏東縣屏東市瑞中街瑞華街口H14棟3樓,27.0,住,,,1110924,土地4建物1車位0,三層,5,華廈(10層含以下有電梯),住家用,鋼筋混凝土造,,85.57,2,2,2,有,無,7860000,91855,,0.0,0,,RPTNMLMKIIHGFAT78CB,甲山林花園帝寶,H棟14號
屏東市,房地(土地+建物)+車位,屏東縣屏東市公正四街,32.45,住,,,1111006,土地1建物1車位1,五層,13,住宅大樓(11層含以上有電梯),住家用,鋼筋混凝土造,,158.88,3,2,2,有,無,12850000,89445,坡道平面,29.75,1300000,,RPPNMLMKIIHGFAT48DB,閱山,2棟B1-5F號
內埔鄉,房地(土地+建物),屏東縣內埔鄉延平路,42.62,住,,,1110927,土地1建物1車位0,四層,5,華廈(10層含以下有電梯),住家用,鋼筋混凝土造,,122.99,3,1,2,有,無,6920000,56265,,0.0,0,,RPPNMLMKIIHGFCT58CB,太富?綻,A5棟4號
長治鄉,房地(土地+建物)+車位,屏東縣長治鄉合興路,29.74,住,,,1110919,土地1建物1車位1,三層,5,華廈(10層含以下有電梯),住家用,鋼筋混凝土造,,83.33,2,2,1,有,無,5800000,69603,一樓平面,0.0,0,,RPPNMLNKIIHGFAT48CB,森活家2期,B3棟3號
長治鄉,房地(土地+建物)+車位,屏東縣長治鄉合興路,57.94,住,,,1110926,土地1建物1車位1,五層,5,華廈(10層含以下有電梯),住家用,鋼筋混凝土造,,162.24,4,2,3,有,無,9280000,57199,一樓平面,0.0,0,,RPQNMLNKIIHGFAT58CB,森活家2期,B5棟2號
屏東市,房地(土地+建物)+車位,屏東縣屏東市中山路,37.05,,鄉村區,乙種建築用地,1111012,土地2建物1車位1,二層,6,華廈(10層含以下有電梯),住家用,鋼筋混凝土造,,110.01,3,2,2,有,無,6730000,61176,一樓平面,8.05,0,,RPPNMLOKIIHGFAT58CB,藍太之星,A1棟2F號
東港鎮,房地(土地+建物)+車位,屏東縣東港鎮長春一路,40.41,住,,,1110919,土地1建物1車位1,五層,6,華廈(10層含以下有電梯),住家用,鋼筋混凝土造,,127.48,3,2,2,有,無,9930000,77895,,0.0,1450000,,RPPNMLOKIIHGFDT88CB,長春YES華廈,B2棟5F號
萬丹鄉,房地(土地+建物)+車位,屏東縣萬丹鄉萬丹路二段470號旁,21.83,,鄉村區,乙種建築用地,1111009,土地1建物1車位1,四層,7,華廈(10層含以下有電梯),住家用,鋼筋混凝土造,,97.43,3,2,2,有,無,6180000,60707,坡道平面,13.75,1100000,,RPPNMLRKIIHGFAT88CB,萬丹印象,G棟5號
內埔鄉,房地(土地+建物),屏東縣內埔鄉德美路,183.19,住,,,1110920,土地2建物1車位0,全,3,透天厝,住家用,鋼筋混凝土造,,206.66,5,2,4,有,無,15380000,74422,,0.0,0,,RPPNMLSKIIHGFCT56CB,成聚大悅,B棟5號
潮州鎮,房地(土地+建物)+車位,屏東縣潮州鎮光復路,37.26,,一般農業區,甲種建築用地,1111006,土地1建物1車位1,四層,5,華廈(10層含以下有電梯),住家用,鋼筋混凝土造,,120.32,3,2,2,有,無,6800000,53486,一樓平面,13.75,1100000,,RPQNMLSKIIHGFCT66CB,太友敦煌8,A1棟0號
潮州鎮,房地(土地+建物)+車位,屏東縣潮州鎮光復路,37.34,,一般農業區,甲種建築用地,1110926,土地1建物1車位1,三層,5,華廈(10層含以下有電梯),住家用,鋼筋混凝土造,,120.57,3,2,2,有,無,6800000,53361,一樓平面,13.75,1100000,,RPRNMLSKIIHGFCT76CB,太友敦煌8,A2棟0號
潮州鎮,房地(土地+建物)+車位,屏東縣潮州鎮光復路,37.49,,一般農業區,甲種建築用地,1110929,土地1建物1車位1,四層,5,華廈(10層含以下有電梯),住家用,鋼筋混凝土造,,120.99,3,2,2,有,無,6800000,53152,一樓平面,13.75,1100000,,RPSNMLSKIIHGFCT86CB,太友敦煌8,B3棟0號
潮州鎮,房地(土地+建物)+車位,屏東縣潮州鎮光復路,37.94,,一般農業區,甲種建築用地,1110930,土地1建物1車位1,二層,5,華廈(10層含以下有電梯),住家用,鋼筋混凝土造,,122.53,3,2,2,有,無,6660000,51511,一樓平面,12.65,1000000,,RPTNMLSKIIHGFCT96CB,太友敦煌8,B3棟0號
潮州鎮,房地(土地+建物)+車位,屏東縣潮州鎮光復路,37.26,,一般農業區,甲種建築用地,1111004,土地1建物1車位1,三層,5,華廈(10層含以下有電梯),住家用,鋼筋混凝土造,,120.36,3,2,2,有,無,6800000,53466,一樓平面,13.75,1100000,,RPUNMLSKIIHGFCT07CB,太友敦煌8,A1棟0號
屏東市,房地(土地+建物)+車位,屏東縣屏東市公正四街,20.2,住,,,1111013,土地1建物1車位1,四層,13,住宅大樓(11層含以上有電梯),住家用,鋼筋混凝土造,,109.93,2,2,1,有,無,7880000,81902,坡道平面,29.59,1300000,,RPQNMLKLIIHGFAT48DB,閱山,2棟A2-4F號
屏東市,房地(土地+建物)+車位,屏東縣屏東市 崇朝路183號旁,57.87,住,,,1111007,土地1建物1車位1,五層,5,華廈(10層含以下有電梯),住家用,鋼筋混凝土造,,162.04,4,2,2,有,無,13000000,78562,一樓平面,13.75,1350000,,RPPNMLKLIIHGFAT28CB,泓喬向陽,C棟1號
屏東市,房地(土地+建物)+車位,屏東縣屏東市 崇朝路183號旁,57.85,住,,,1111007,土地1建物1車位1,五層,5,華廈(10層含以下有電梯),住家用,鋼筋混凝土造,,161.99,4,2,2,有,無,12800000,77240,一樓平面,13.75,1350000,,RPQNMLKLIIHGFAT38CB,泓喬向陽,C棟2號
屏東市,房地(土地+建物)+車位,屏東縣屏東市 崇朝路183號旁,54.12,住,,,1111007,土地1建物1車位1,五層,5,華廈(10層含以下有電梯),住家用,鋼筋混凝土造,,152.45,4,2,3,有,無,12150000,77866,一樓平面,13.75,1350000,,RPRNMLKLIIHGFAT48CB,泓喬向陽,C棟3號
屏東市,房地(土地+建物)+車位,屏東縣屏東市 崇朝路183號旁,54.12,住,,,1111007,土地1建物1車位1,五層,5,華廈(10層含以下有電梯),住家用,鋼筋混凝土造,,152.45,4,2,3,有,無,11950000,76424,一樓平面,13.75,1350000,,RPSNMLKLIIHGFAT58CB,泓喬向陽,C棟5號
內埔鄉,房地(土地+建物)+車位,屏東縣內埔鄉德美路,52.38,住,,,1110928,土地1建物1車位1,四層,5,華廈(10層含以下有電梯),住家用,鋼筋混凝土造,,136.72,3,2,2,有,無,7280000,54464,一樓平面,14.07,600000,,RPPNMLLLIIHGFCT58CB,成聚大悅,B棟1號
東港鎮,房地(土地+建物),屏東縣東港鎮長春一路,24.94,住,,,1110924,土地1建物1車位0,三層,6,華廈(10層含以下有電梯),住家用,鋼筋混凝土造,,68.9,2,2,2,有,無,5100000,74020,,0.0,0,,RPPNMLNLIIHGFDT88CB,長春yes,B6棟0號
屏東市,房地(土地+建物)+車位,屏東縣屏東市徐州路,38.68,住,,,1111012,土地1建物1車位1,二層,14,住宅大樓(11層含以上有電梯),見其他登記事項,鋼筋混凝土造,,197.31,3,2,2,有,無,10600000,68149,坡道平面,63.78,1500000,,RPPNMLOLIIHGFAT68CB,香榭時尚,A5棟2號
屏東市,房地(土地+建物)+車位,屏東縣屏東市和生路一段,32.48,,鄉村區,乙種建築用地,1111007,土地2建物1車位1,九層,12,住宅大樓(11層含以上有電梯),住家用,鋼筋混凝土造,,137.39,3,2,2,有,無,10710000,85243,一樓平面,27.0,1300000,,RPPNMLPLIIHGFAT78CB,中洲One Park,B棟1號
東港鎮,房地(土地+建物)+車位,屏東縣東港鎮長春一路,30.96,住,,,1111008,土地1建物1車位1,二層,6,華廈(10層含以下有電梯),住家用,鋼筋混凝土造,,101.37,2,2,2,有,無,7800000,76946,,0.0,1450000,,RPPNMLPLIIHGFDT09CB,長春YES,B3棟2F號
東港鎮,房地(土地+建物)+車位,屏東縣東港鎮長春一路,30.96,住,,,1111006,土地1建物1車位1,四層,6,華廈(10層含以下有電梯),住家用,鋼筋混凝土造,,101.37,2,2,2,有,無,7800000,76946,,0.0,1450000,,RPQNMLPLIIHGFDT56CB,長春YES,B3棟4F號
東港鎮,房地(土地+建物),屏東縣東港鎮興東路,112.34,住,,,1111003,土地1建物1車位0,全,4,透天厝,見其他登記事項,鋼筋混凝土造,,232.07,5,2,5,有,無,13600000,58603,,0.0,0,,RPRNMLPLIIHGFDT66CB,波麗市,E棟1號
東港鎮,房地(土地+建物)+車位,屏東縣東港鎮三隆段621地號,25.52,,鄉村區,乙種建築用地,1111005,土地1建物1車位1,五層,6,華廈(10層含以下有電梯),住家用,鋼筋混凝土造,,102.32,3,1,2,有,無,5500000,53753,,0.0,800000,,RPPNMLQLIIHGFDT56CB,天匯,B8棟0號
內埔鄉,房地(土地+建物),屏東縣內埔鄉延平路,37.74,住,,,1111005,土地1建物1車位0,二層,5,華廈(10層含以下有電梯),住家用,鋼筋混凝土造,,110.47,2,1,2,有,無,6190000,56033,,0.0,0,,RPPNMLQLIIHGFCT09CB,太富?綻,A3棟2號
,車位,屏東縣東港鎮興東路&興東三街,0.0,,,,1111016,土地0建物0車位1,三層,7,華廈(10層含以下有電梯),住家用,鋼筋混凝土造,,0.0,3,2,2,有,無,1000000,,,0.0,1000000,F棟，2號，3樓，車位38號,RPPNMLRLIIHGFDT66CB,青禾寓,F棟2號
東港鎮,房地(土地+建物),屏東縣東港鎮興東路&興東三街,100.26,住,,,1111004,土地1建物1車位0,全,4,透天厝,住家用,鋼筋混凝土造,,202.64,4,2,5,有,無,13000000,64153,,0.0,0,,RPQNMLRLIIHGFDT76CB,青禾寓,D棟1號
屏東市,房地(土地+建物)+車位,屏東縣屏東市公正四街,32.45,住,,,1111022,土地1建物1車位1,十二層,13,住宅大樓(11層含以上有電梯),住家用,鋼筋混凝土造,,158.72,3,2,2,有,無,14300000,99899,坡道平面,29.59,1400000,,RPPNMLLMIIHGFAT58DB,閱山,2棟B1-12F號
恆春鎮,房地(土地+建物),屏東縣恆春鎮德和里坪頂路,39.09,,鄉村區,乙種建築用地,1111014,土地1建物1車位0,六層,7,華廈(10層含以下有電梯),住家用,鋼筋混凝土造,,136.88,3,2,3,有,無,7600000,55523,,0.0,0,,RPPNMLMJJIHGFET78CB,君臨天廈,1棟6FA5號
潮州鎮,房地(土地+建物)+車位,屏東縣潮州鎮潮中段238-9地號,25.61,住,,,1111015,土地1建物1車位1,二層,5,華廈(10層含以下有電梯),見其他登記事項,鋼筋混凝土造,,81.2,2,1,2,有,無,4830000,59483,一樓平面,0.0,1050000,,RPPNMLNJJIHGFCT68CB,皇家典藏六期,D3棟2F號
潮州鎮,房地(土地+建物),屏東縣潮州鎮潮中段238地號,30.68,住,,,1111009,土地1建物1車位0,三層,5,華廈(10層含以下有電梯),見其他登記事項,鋼筋混凝土造,,73.49,2,1,2,有,無,4500000,61233,,0.0,0,,RPQNMLNJJIHGFCT78CB,皇家典藏六期,A5棟3F號
屏東市,房地(土地+建物)+車位,屏東縣屏東市古松巷,22.48,,鄉村區,乙種建築用地,1111015,土地1建物1車位1,四層,7,華廈(10層含以下有電梯),住家用,鋼筋混凝土造,,98.58,3,2,2,有,無,7980000,78746,一樓平面,13.75,1300000,,RPPNMLNJJIHGFAT48CB,屏東印象,A3棟04F號
屏東市,房地(土地+建物)+車位,屏東縣屏東市古松巷,22.48,,鄉村區,乙種建築用地,1111014,土地1建物1車位1,七層,7,華廈(10層含以下有電梯),住家用,鋼筋混凝土造,,98.58,3,2,2,有,無,8250000,81929,坡道平面,13.75,1300000,,RPQNMLNJJIHGFAT58CB,屏東印象,E1棟07F號
屏東市,房地(土地+建物)+車位,屏東縣屏東市古松巷,22.48,,鄉村區,乙種建築用地,1111014,土地1建物1車位1,四層,7,華廈(10層含以下有電梯),住家用,鋼筋混凝土造,,98.58,3,2,2,有,無,8120000,80396,一樓平面,13.75,1300000,,RPRNMLNJJIHGFAT68CB,屏東印象,B1棟04F號
長治鄉,房地(土地+建物)+車位,屏東縣長治鄉香楊路,37.83,,一般農業區,甲種建築用地,1111024,土地1建物1車位1,六層,6,華廈(10層含以下有電梯),見其他登記事項,鋼筋混凝土造,,111.16,3,2,2,有,無,7660000,68050,一樓平面,16.23,1200000,,RPPNMLPJJIHGFAT68CB,陽光5,A棟2號
長治鄉,房地(土地+建物)+車位,屏東縣長治鄉香楊路,32.8,,一般農業區,甲種建築用地,1111019,土地1建物1車位1,四層,6,華廈(10層含以下有電梯),見其他登記事項,鋼筋混凝土造,,107.36,2,2,1,有,無,6350000,65614,一樓平面,25.06,950000,露天車位,RPQNMLPJJIHGFAT78CB,陽光5,A棟6號
屏東市,房地(土地+建物),屏東縣屏東市瑞中街瑞華街口H7棟2樓,26.83,住,,,1111015,土地4建物1車位0,二層,5,華廈(10層含以下有電梯),住家用,鋼筋混凝土造,,84.64,2,2,2,有,無,7800000,92155,,0.0,0,,RPPNMLRJJIHGFAT88CB,甲山林花園帝寶,H棟7號
屏東市,房地(土地+建物),屏東縣屏東市瑞中街瑞華街口J17棟5樓,26.49,住,,,1111102,土地4建物1車位0,五層,5,華廈(10層含以下有電梯),住家用,鋼筋混凝土造,,83.5,2,2,1,有,無,7390000,88503,,0.0,0,,RPQNMLRJJIHGFAT98CB,甲山林花園帝寶,J棟17號
萬丹鄉,房地(土地+建物),屏東縣萬丹鄉上村村6鄰寶田路637號,89.38,,一般農業區,甲種建築用地,1111011,土地2建物1車位0,全,4,透天厝,住家用,鋼筋混凝土造,,178.82,5,2,5,有,無,9700000,54244,,0.0,0,,RPRNMLRJJIHGFAT09CB,居岩福砌,D棟7號
萬丹鄉,房地(土地+建物)+車位,屏東縣萬丹鄉萬丹路二段470號旁,29.92,,鄉村區,乙種建築用地,1111105,土地1建物1車位1,五層,6,華廈(10層含以下有電梯),住家用,鋼筋混凝土造,,128.41,3,2,2,有,無,8220000,62097,坡道平面,13.75,1100000,,RPSNMLRJJIHGFAT56CB,萬丹印象,A棟2號
九如鄉,房地(土地+建物)+車位,屏東縣九如鄉光復街121巷1號對面,91.32,住,,,1111025,土地6建物1車位1,全,4,透天厝,見其他登記事項,鋼筋混凝土造,,145.68,4,2,4,有,無,9380000,64388,一樓平面,0.0,500000,,RPPNMLKKJIHGFAT28CB,都星領袖NO.2,A棟3號
九如鄉,房地(土地+建物)+車位,屏東縣九如鄉光復街121巷1號對面,91.32,住,,,1111025,土地6建物1車位1,全,4,透天厝,見其他登記事項,鋼筋混凝土造,,145.68,4,2,4,有,無,9380000,64388,一樓平面,0.0,500000,,RPQNMLKKJIHGFAT38CB,都星領袖NO.2,A棟7號
萬丹鄉,房地(土地+建物)+車位,屏東縣萬丹鄉萬丹路二段470號旁,29.15,,鄉村區,乙種建築用地,1110823,土地1建物1車位1,三層,6,華廈(10層含以下有電梯),住家用,鋼筋混凝土造,,125.45,3,2,2,有,無,7690000,58997,坡道平面,13.75,1100000,,RPPNMLOKJIHGFAT68CB,萬丹印象,D棟2號
屏東市,房地(土地+建物)+車位,屏東縣屏東市成功路、西樂街口,30.58,住,,,1111025,土地1建物1車位1,十二層,13,住宅大樓(11層含以上有電梯),住家用,鋼筋混凝土造,,159.43,3,2,2,有,無,15350000,106094,坡道平面,27.0,1300000,,RPQNMLQKJIHGFAT98CB,種子聖殿,B棟1號
潮州鎮,房地(土地+建物)+車位,屏東縣潮州鎮光復路,52.73,,一般農業區,甲種建築用地,1111029,土地1建物1車位1,五層,5,華廈(10層含以下有電梯),住家用,鋼筋混凝土造,,170.28,3,2,2,有,無,9300000,52386,一樓平面,13.75,1100000,,RPPNMLRKJIHGFCT56CB,太友敦煌8,A2棟0號
潮州鎮,房地(土地+建物)+車位,屏東縣潮州鎮光復路,37.49,,一般農業區,甲種建築用地,1111107,土地1建物1車位1,四層,5,華廈(10層含以下有電梯),住家用,鋼筋混凝土造,,121.08,3,2,2,有,無,6700000,52176,一樓平面,13.75,1100000,,RPQNMLRKJIHGFCT66CB,太友敦煌8,B1棟0號
九如鄉,房地(土地+建物)+車位,屏東縣九如鄉光復街121巷1號對面,91.32,住,,,1111102,土地6建物1車位1,全,4,透天厝,見其他登記事項,鋼筋混凝土造,,145.68,4,2,4,有,無,9380000,64388,一樓平面,0.0,500000,,RPPNMLSKJIHGFAT09CB,都星領袖NO.2,A棟22號
內埔鄉,房地(土地+建物),屏東縣內埔鄉延平路,42.62,住,,,1111105,土地1建物1車位0,四層,5,華廈(10層含以下有電梯),住家用,鋼筋混凝土造,,122.99,3,1,2,有,無,6920000,56265,,0.0,0,,RPPNMLLLJIHGFCT68CB,太富?綻,A1棟4號
屏東市,房地(土地+建物)+車位,屏東縣屏東市歸仁路,26.13,住,,,1111029,土地1建物1車位1,五層,5,華廈(10層含以下有電梯),住家用,鋼筋混凝土造,,80.05,2,2,2,有,無,6460000,75175,一樓平面,11.41,1300000,,RPQNMLMLJIHGFAT68CB,小倆口8期,A3棟5號
屏東市,房地(土地+建物)+車位,屏東縣屏東市歸仁路,36.56,住,,,1111029,土地1建物1車位1,四層,5,華廈(10層含以下有電梯),住家用,鋼筋混凝土造,,107.43,3,2,2,有,無,8450000,74464,一樓平面,11.41,1300000,,RPWNMLMLJIHGFAT66CB,小倆口8期,B3棟4號
屏東市,房地(土地+建物)+車位,屏東縣屏東市歸仁路,34.28,住,,,1111029,土地1建物1車位1,三層,5,華廈(10層含以下有電梯),住家用,鋼筋混凝土造,,101.43,3,2,2,有,無,7980000,74206,一樓平面,11.41,1300000,,RPXNMLMLJIHGFAT76CB,小倆口8期,G1棟3號
屏東市,房地(土地+建物)+車位,屏東縣屏東市歸仁路,32.73,住,,,1111029,土地1建物1車位1,五層,5,華廈(10層含以下有電梯),住家用,鋼筋混凝土造,,97.39,3,2,2,有,無,7730000,74785,一樓平面,11.41,1300000,,RPPOMLMLJIHGFAT68CB,小倆口8期,G2棟5號
屏東市,房地(土地+建物)+車位,屏東縣屏東市歸仁路,32.73,住,,,1111029,土地1建物1車位1,三層,5,華廈(10層含以下有電梯),住家用,鋼筋混凝土造,,97.39,3,2,2,有,無,7750000,75017,一樓平面,11.41,1300000,,RPQOMLMLJIHGFAT78CB,小倆口8期,G2棟3號
屏東市,房地(土地+建物)+車位,屏東縣屏東市歸仁路,35.57,住,,,1111029,土地1建物1車位1,三層,5,華廈(10層含以下有電梯),住家用,鋼筋混凝土造,,104.77,3,2,2,有,無,8320000,75193,一樓平面,11.41,1300000,,RPROMLMLJIHGFAT88CB,小倆口8期,G3棟3號
屏東市,房地(土地+建物)+車位,屏東縣屏東市歸仁路,35.57,住,,,1111030,土地1建物1車位1,五層,5,華廈(10層含以下有電梯),住家用,鋼筋混凝土造,,104.77,3,2,2,有,無,8300000,74979,一樓平面,11.41,1300000,,RPSOMLMLJIHGFAT98CB,小倆口8期,G3棟5號
屏東市,房地(土地+建物)+車位,屏東縣屏東市歸仁路,27.39,住,,,1111030,土地1建物1車位1,五層,5,華廈(10層含以下有電梯),住家用,鋼筋混凝土造,,83.35,2,2,2,有,無,6700000,75063,一樓平面,11.41,1300000,,RPTOMLMLJIHGFAT09CB,小倆口8期,F2棟5號
屏東市,房地(土地+建物)+車位,屏東縣屏東市歸仁路,26.6,住,,,1111030,土地1建物1車位1,四層,5,華廈(10層含以下有電梯),住家用,鋼筋混凝土造,,81.25,2,2,2,有,無,6630000,75601,一樓平面,11.41,1350000,,RPUOMLMLJIHGFAT56CB,小倆口8期,A5棟4號
屏東市,房地(土地+建物)+車位,屏東縣屏東市歸仁路,35.27,住,,,1111031,土地1建物1車位1,五層,5,華廈(10層含以下有電梯),住家用,鋼筋混凝土造,,104.01,3,2,2,有,無,8230000,74838,一樓平面,11.41,1300000,,RPVOMLMLJIHGFAT66CB,小倆口8期,E5棟5號
屏東市,房地(土地+建物)+車位,屏東縣屏東市歸仁路,35.27,住,,,1111102,土地1建物1車位1,三層,5,華廈(10層含以下有電梯),住家用,鋼筋混凝土造,,104.01,3,2,2,有,無,8250000,75054,一樓平面,11.41,1300000,,RPWOMLMLJIHGFAT76CB,小倆口8期,E5棟3號
屏東市,房地(土地+建物)+車位,屏東縣屏東市歸仁路,26.6,住,,,1111102,土地1建物1車位1,三層,5,華廈(10層含以下有電梯),住家用,鋼筋混凝土造,,81.25,2,2,2,有,無,6580000,75601,一樓平面,11.41,1300000,,RPXOMLMLJIHGFAT86CB,小倆口8期,A5棟3號
內埔鄉,房地(土地+建物)+車位,屏東縣內埔鄉學文路5A9,22.2,住,,,1111105,土地1建物1車位1,五層,8,華廈(10層含以下有電梯),住家用,鋼筋混凝土造,,110.62,2,2,2,有,無,7300000,66579,坡道平面,19.0,1200000,,RPQNMLNLJIHGFCT98CB,NEW BOSS,A棟9號
內埔鄉,房地(土地+建物),屏東縣內埔鄉康寧路,32.86,住,,,1111104,土地1建物1車位0,二層,5,華廈(10層含以下有電梯),住家用,鋼筋混凝土造,,80.1,2,1,2,有,無,5080000,63421,,0.0,0,,RPPNMLNLJIHGFCT98DB,織心院,D棟0號
東港鎮,房地(土地+建物)+車位,屏東縣東港鎮長春一路,41.17,住,,,1111030,土地1建物1車位1,三層,6,華廈(10層含以下有電梯),住家用,鋼筋混凝土造,,129.61,3,2,2,有,無,9980000,77000,,0.0,1450000,,RPQNMLOLJIHGFDT56CB,長春YES,B1棟3F號
萬丹鄉,房地(土地+建物),屏東縣萬丹鄉客厝路,137.0,,鄉村區,乙種建築用地,1111107,土地1建物1車位0,全,3,透天厝,住家用,鋼筋混凝土造,,142.44,4,2,3,有,無,10800000,75821,,0.0,0,,RPPNMLOLJIHGFAT78CB,太友敦煌9,B1棟0號
萬丹鄉,房地(土地+建物)+車位,屏東縣萬丹鄉萬丹路二段470號旁,29.19,,鄉村區,乙種建築用地,1110828,土地1建物1車位1,三層,7,華廈(10層含以下有電梯),住家用,鋼筋混凝土造,,125.61,3,2,2,有,無,7700000,59002,坡道平面,13.75,1100000,,RPPNMLSLJIHGFAT56CB,萬丹印象,I棟2號
屏東市,房地(土地+建物)+車位,屏東縣屏東市歸仁路,32.73,住,,,1111104,土地1建物1車位1,四層,5,華廈(10層含以下有電梯),住家用,鋼筋混凝土造,,97.39,3,2,2,有,無,7750000,75017,一樓平面,11.41,1300000,,RPRNMLSLJIHGFAT76CB,小倆口8期,G2棟4號
屏東市,房地(土地+建物)+車位,屏東縣屏東市歸仁路,27.36,住,,,1111105,土地1建物1車位1,五層,5,華廈(10層含以下有電梯),住家用,鋼筋混凝土造,,83.28,2,2,2,有,無,6700000,75136,一樓平面,11.41,1300000,,RPTNMLSLJIHGFAT96CB,小倆口8期,A1棟5號
屏東市,房地(土地+建物)+車位,屏東縣屏東市歸仁路,35.27,住,,,1111106,土地1建物1車位1,三層,5,華廈(10層含以下有電梯),住家用,鋼筋混凝土造,,104.01,3,2,2,有,無,8250000,75054,一樓平面,11.41,1300000,,RPUNMLSLJIHGFAT07CB,小倆口8期,F5棟3號
屏東市,房地(土地+建物)+車位,屏東縣屏東市歸仁路,35.27,住,,,1111110,土地1建物1車位1,五層,5,華廈(10層含以下有電梯),住家用,鋼筋混凝土造,,104.01,3,2,2,有,無,8230000,74838,一樓平面,11.41,1300000,,RPVNMLSLJIHGFAT17CB,小倆口8期,D5棟5號
屏東市,房地(土地+建物)+車位,屏東縣屏東市歸仁路,29.43,住,,,1111106,土地1建物1車位1,四層,5,華廈(10層含以下有電梯),住家用,鋼筋混凝土造,,88.7,2,2,2,有,無,7120000,75301,一樓平面,11.41,1300000,,RPWNMLSLJIHGFAT27CB,小倆口8期,F1棟4號
屏東市,房地(土地+建物)+車位,屏東縣屏東市歸仁路,34.28,住,,,1111107,土地1建物1車位1,五層,5,華廈(10層含以下有電梯),住家用,鋼筋混凝土造,,101.43,3,2,2,有,無,8000000,74428,一樓平面,11.41,1300000,,RPXNMLSLJIHGFAT37CB,小倆口8期,G1棟5號
屏東市,房地(土地+建物)+車位,屏東縣屏東市歸仁路,26.6,住,,,1111109,土地1建物1車位1,五層,5,華廈(10層含以下有電梯),住家用,鋼筋混凝土造,,81.25,2,2,2,有,無,6570000,75458,一樓平面,11.41,1300000,,RPOOMLSLJIHGFAT56CB,小倆口8期,A5棟5號
屏東市,房地(土地+建物)+車位,屏東縣屏東市古松巷,27.1,,鄉村區,乙種建築用地,1111104,土地1建物1車位1,三層,7,華廈(10層含以下有電梯),住家用,鋼筋混凝土造,,116.03,3,2,2,有,無,9550000,80661,坡道平面,13.75,1300000,,RPPNMLMJKIHGFAT48CB,屏東印象,B5棟03F號
潮州鎮,房地(土地+建物),屏東縣潮州鎮潮中段286-2地號,90.0,住,,,1111104,土地1建物1車位0,全,3,透天厝,見其他登記事項,鋼筋混凝土造,,191.02,5,2,3,有,無,12700000,66485,,0.0,0,,RPPNMLNJKIHGFCT78CB,皇家典藏六期,G棟2號
潮州鎮,房地(土地+建物)+車位,屏東縣潮州鎮蓬萊里江山路,23.6,,鄉村區,乙種建築用地,1111019,土地3建物1車位1,五層,5,華廈(10層含以下有電梯),住家用,鋼筋混凝土造,,84.71,2,2,2,有,無,5030000,63364,一樓平面,20.32,950000,,RPPNMLPJKIHGFCT98CB,蓬萊一品,A棟016號
屏東市,房地(土地+建物)+車位,屏東縣屏東市歸仁路,35.27,住,,,1111104,土地1建物1車位1,五層,5,華廈(10層含以下有電梯),住家用,鋼筋混凝土造,,104.01,3,2,2,有,無,8230000,74838,一樓平面,11.41,1300000,,RPQNMLPJKIHGFAT88CB,小倆口8期,F5棟5號
