﻿編號,土地位置,土地移轉面積(平方公尺),使用分區或編定,權利人持分分母,權利人持分分子,移轉情形,地號
The serial number, land position,land shifting area square meter,the use zoning or compiles and checks,,,,land parcel
RPUNMLTKQHHGFAU77CB,石壁段,51.27,非都市：一般農業區 ; 非都市編定：甲種建築用地,13070,5127,持分移轉,08970009
RPUNMLTKQHHGFAU77CB,石壁段,51.27,非都市：一般農業區 ; 非都市編定：甲種建築用地,13068,5127,持分移轉,08970010
RPVNMLTKQHHGFAU87CB,石壁段,63.09,非都市：一般農業區 ; 非都市編定：甲種建築用地,13070,6309,持分移轉,08970002
RPVNMLTKQHHGFAU87CB,石壁段,63.09,非都市：一般農業區 ; 非都市編定：甲種建築用地,13070,6309,持分移轉,08970007
RPPNMLNLQHHGFAU76CB,福興段,90.32,都市：住,100000,12372,持分移轉,11320002
RPPNMLMLQHHGFAU76DB,慈勝段,27.79,都市：住,10000,276,持分移轉,04490000
RPPNMLTKQHHGFAU27CB,石壁段,94.52,非都市：一般農業區 ; 非都市編定：甲種建築用地,13763,9452,持分移轉,08970004
RPTNMLTKQHHGFAU67CB,石壁段,108.68,非都市：一般農業區 ; 非都市編定：甲種建築用地,13068,10868,持分移轉,08970010
RPWNMLTKQHHGFAU97CB,福興段,3.45,都市：住,23300,345,持分移轉,09690000
RPWNMLTKQHHGFAU97CB,福興段,9.19,都市：住,62000,919,持分移轉,09700000
RPWNMLTKQHHGFAU97CB,福興段,18.63,都市：住,15500,1863,持分移轉,09710000
RPRNMLTKQHHGFAU47CB,石壁段,45.77,非都市：一般農業區 ; 非都市編定：甲種建築用地,13595,4577,持分移轉,08970000
RPRNMLTKQHHGFAU47CB,石壁段,46.04,非都市：一般農業區 ; 非都市編定：甲種建築用地,13677,4604,持分移轉,08970003
RPQNMLTKQHHGFAU37CB,石壁段,74.39,非都市：一般農業區 ; 非都市編定：甲種建築用地,13870,7439,持分移轉,08970005
RPQNMLTKQHHGFAU37CB,石壁段,72.01,非都市：一般農業區 ; 非都市編定：甲種建築用地,13425,7201,持分移轉,08970006
RPSNMLTKQHHGFAU57CB,石壁段,92.77,非都市：一般農業區 ; 非都市編定：甲種建築用地,13595,9277,持分移轉,08970000
RPSNMLNLQHHGFAU07CB,石壁段,53.87,非都市：一般農業區 ; 非都市編定：甲種建築用地,13070,5387,持分移轉,08970002
RPSNMLNLQHHGFAU07CB,石壁段,53.87,非都市：一般農業區 ; 非都市編定：甲種建築用地,13070,5387,持分移轉,08970007
RPPNMLQLQHHGFAU07CB,民享段,21.00,都市：商,8,1,持分移轉,05040000
RPPNMLQLQHHGFAU07CB,民享段,2.12,都市：其他:道路用地,8,1,持分移轉,05040002
RPQNMLNLQHHGFAU86CB,嘉南段,33.47,都市：住,100000,1964,持分移轉,03650000
RPTNMLNLQHHGFAU17CB,石壁段,49.49,非都市：一般農業區 ; 非都市編定：甲種建築用地,13070,4949,持分移轉,08970007
RPTNMLNLQHHGFAU17CB,石壁段,49.49,非都市：一般農業區 ; 非都市編定：甲種建築用地,13070,4949,持分移轉,08970008
RPQNMLQLQHHGFAU17CB,石壁段,51.27,非都市：一般農業區 ; 非都市編定：甲種建築用地,13070,5127,持分移轉,08970009
RPQNMLQLQHHGFAU17CB,石壁段,51.27,非都市：一般農業區 ; 非都市編定：甲種建築用地,13068,5127,持分移轉,08970010
RPSNMLLJRHHGFAU76CB,永安段,28.05,非都市：鄉村區 ; 非都市編定：乙種建築用地,10000,336,持分移轉,03200000
RPTNMLLJRHHGFAU96DB,主商段,23.00,都市：商,5,1,持分移轉,11150000
RPPNMLMJRHHGFAU56CB,福興段,90.32,都市：住,100000,12372,持分移轉,11320002
RPWNMLMJRHHGFAU27CB,主權段,26.47,都市：住,1700,60,持分移轉,11340000
RPQOMLMJRHHGFAU76CB,德安段,11.36,都市：商,100000,1506,持分移轉,09790000
RPQNMLSJRHHGFAU27CB,林森段,25.34,都市：住,747,26,持分移轉,03330000
RPSNMLSJRHHGFAU47CB,國風段,30.27,都市：住,10000,250,持分移轉,17560000
RPPNMLSJRHHGFAU17CB,嘉南段,28.37,都市：住,100000,1665,持分移轉,03650000
RPPNMLMKRHHGFAU66CB,永興段,22.63,非都市：鄉村區 ; 非都市編定：乙種建築用地,10000,290,持分移轉,10460001
RPRNMLNKRHHGFAU96CB,裕民段,28.39,都市：住,10000,855,持分移轉,00310001
RPQNMLMKRHHGFAU76CB,永興段,22.63,非都市：鄉村區 ; 非都市編定：乙種建築用地,10000,290,持分移轉,10460001
RPSNMLNKRHHGFAU07CB,裕民段,26.73,都市：住,10000,805,持分移轉,00310001
RPSNMLPKRHHGFAU27CB,石壁段,137.63,非都市：一般農業區 ; 非都市編定：甲種建築用地,1,1,全筆移轉,08970004
RPQNMLNKRHHGFAU96DB,慶豐段,32.01,都市：住,10000,687,持分移轉,09060028
RPSNMLPKRHHGFAU27CB,石壁段,138.70,非都市：一般農業區 ; 非都市編定：甲種建築用地,1,1,全筆移轉,08970005
RPRNMLQKRHHGFAU27CB,裕民段,12.92,都市：住,100000,4031,持分移轉,02320001
RPQNMLQKRHHGFAU17CB,裕民段,12.96,都市：住,100000,4045,持分移轉,02320001
RPPNMLQKRHHGFAU07CB,裕民段,27.53,都市：住,100000,8591,持分移轉,02320001
RPSNMLQKRHHGFAU37CB,裕民段,12.92,都市：住,100000,4031,持分移轉,02320001
RPVNMLQKRHHGFAU67CB,主商段,23.00,都市：商,5,1,持分移轉,11150000
RPTNMLQKRHHGFAU47CB,裕民段,12.96,都市：住,100000,4045,持分移轉,02320001
RPPNMLLLRHHGFAU66CB,裕民段,26.73,都市：住,10000,805,持分移轉,00310001
RPRNMLTKRHHGFAU57CB,林森段,25.34,都市：住,747,26,持分移轉,03330000
RPWNMLQKRHHGFAU77CB,慈勝段,26.38,都市：住,10000,262,持分移轉,04490000
RPRNMLLLRHHGFAU86CB,宜安段,19.96,都市：住,100000,478,持分移轉,06410000
RPSNMLLLRHHGFAU96CB,慶豐段,32.01,都市：住,10000,687,持分移轉,09060028
RPQNMLKLRHHGFAU66CB,石壁段,65.35,非都市：一般農業區 ; 非都市編定：甲種建築用地,2,1,持分移轉,08970009
RPQNMLKLRHHGFAU66CB,石壁段,37.19,非都市：一般農業區 ; 非都市編定：甲種建築用地,10000,2846,持分移轉,08970010
RPQNMLKLRHHGFAU66CB,石壁段,19.28,非都市：一般農業區 ; 非都市編定：甲種建築用地,12,1,持分移轉,08970001
RPUNMLLLRHHGFAU17CB,裕民段,8.77,都市：商,100000,2886,持分移轉,04550000
RPVNMLLLRHHGFAU27CB,裕民段,10.15,都市：商,100000,3340,持分移轉,04550000
RPPOMLLLRHHGFAU76CB,裕民段,9.79,都市：商,100000,3220,持分移轉,04550000
RPXNMLLLRHHGFAU47CB,裕民段,10.03,都市：商,100000,3298,持分移轉,04550000
RPOOMLLLRHHGFAU66CB,裕民段,9.79,都市：商,100000,3219,持分移轉,04550000
RPROMLLLRHHGFAU96CB,裕民段,9.80,都市：商,100000,3223,持分移轉,04550000
RPQOMLLLRHHGFAU86CB,裕民段,12.02,都市：商,100000,3954,持分移轉,04550000
RPUOMLLLRHHGFAU27CB,裕民段,11.42,都市：商,100000,3755,持分移轉,04550000
RPSOMLLLRHHGFAU07CB,裕民段,10.76,都市：商,100000,3539,持分移轉,04550000
RPPNMLNLRHHGFAU86CB,永安段,28.05,非都市：鄉村區 ; 非都市編定：乙種建築用地,10000,336,持分移轉,03200000
RPQNMLNLRHHGFAU96CB,永安段,28.05,非都市：鄉村區 ; 非都市編定：乙種建築用地,10000,336,持分移轉,03200000
RPPNMLOLRHHGFAU96CB,國風段,20.47,都市：住,10000,169,持分移轉,17560000
RPPNMLMLRHHGFAU76CB,慶豐段,36.81,都市：住,10000,790,持分移轉,09060028
RPQNMLOLRHHGFAU07CB,國風段,20.47,都市：住,10000,169,持分移轉,17560000
RPRNMLQLRHHGFAU37CB,民享段,15.46,都市：商,1000,42,持分移轉,12050000
RPRNMLQLRHHGFAU37CB,民享段,2.31,都市：住,1000,42,持分移轉,12050002
RPRNMLSLRHHGFAU57CB,裕民段,10.15,都市：商,100000,3338,持分移轉,04550000
RPTNMLSLRHHGFAU77CB,裕民段,10.03,都市：商,100000,3298,持分移轉,04550000
RPPNMLRLRHHGFAU27CB,宜昌段,18.15,都市：商,100000,10738,持分移轉,10570000
RPPNMLRLRHHGFAU27CB,宜昌段,1.07,都市：商,100000,10738,持分移轉,10560000
RPPNMLRLRHHGFAU27CB,宜昌段,1.29,都市：商,100000,10738,持分移轉,11210000
RPUNMLSLRHHGFAU87CB,裕民段,10.15,都市：商,100000,3339,持分移轉,04550000
RPWNMLSLRHHGFAU08CB,慈安段,1.00,都市：住,100000,4530,持分移轉,15060001
RPWNMLSLRHHGFAU08CB,慈安段,.59,都市：住,100000,4530,持分移轉,15060002
RPWNMLSLRHHGFAU08CB,慈安段,4.62,都市：住,100000,4530,持分移轉,15110001
RPWNMLSLRHHGFAU08CB,慈安段,4.53,都市：住,100000,4530,持分移轉,15110002
RPWNMLSLRHHGFAU08CB,慈安段,.68,都市：住,100000,4530,持分移轉,15110003
RPWNMLSLRHHGFAU08CB,慈安段,15.63,都市：住,100000,4530,持分移轉,15120000
RPPNMLKMRHHGFAU66CB,民享段,15.60,都市：商,100000,1417,持分移轉,11970000
RPPNMLKMRHHGFAU66CB,民享段,2.56,都市：住,100000,1417,持分移轉,11970003
RPSNMLSLRHHGFAU67CB,裕民段,10.76,都市：商,100000,3539,持分移轉,04550000
RPRNMLKMRHHGFAU86CB,民享段,15.60,都市：商,100000,1417,持分移轉,11970000
RPRNMLKMRHHGFAU86CB,民享段,2.56,都市：住,100000,1417,持分移轉,11970003
RPPNMLLJIIHGFAU28CB,國風段,20.47,都市：住,10000,169,持分移轉,17560000
RPRNMLNJIIHGFAU68CB,裕民段,12.92,都市：住,100000,4031,持分移轉,02320001
RPQNMLNJIIHGFAU58CB,裕民段,12.92,都市：住,100000,4031,持分移轉,02320001
RPQNMLOJIIHGFAU68CB,民享段,10.71,都市：商,10000,102,持分移轉,04170000
RPVNMLPJIIHGFAU66CB,民意段,37.42,都市：住,12,1,持分移轉,05770001
RPRNMLOJIIHGFAU78CB,民享段,15.64,都市：商,10000,149,持分移轉,04170000
RPUNMLPJIIHGFAU56CB,德安段,11.36,都市：商,100000,1506,持分移轉,09790000
RPPNMLQJIIHGFAU78CB,裕民段,10.03,都市：商,100000,3298,持分移轉,04550000
RPQNMLQJIIHGFAU88CB,裕民段,9.79,都市：商,100000,3220,持分移轉,04550000
RPUNMLQJIIHGFAU66CB,裕民段,10.41,都市：商,100000,3423,持分移轉,04550000
RPRNMLQJIIHGFAU98CB,裕民段,9.04,都市：商,100000,2975,持分移轉,04550000
RPSNMLQJIIHGFAU09CB,裕民段,8.81,都市：商,100000,2899,持分移轉,04550000
RPVNMLQJIIHGFAU76CB,民享段,15.46,都市：商,1000,42,持分移轉,12050000
RPVNMLQJIIHGFAU76CB,民享段,2.31,都市：住,1000,42,持分移轉,12050002
RPROMLQJIIHGFAU09CB,國風段,19.98,都市：住,10000,165,持分移轉,17560000
RPSOMLQJIIHGFAU56CB,國風段,19.98,都市：住,10000,165,持分移轉,17560000
RPOOMLQJIIHGFAU78CB,國風段,19.98,都市：住,10000,165,持分移轉,17560000
RPWNMLQJIIHGFAU86CB,國風段,19.98,都市：住,10000,165,持分移轉,17560000
RPTOMLQJIIHGFAU66CB,國風段,19.98,都市：住,10000,165,持分移轉,17560000
RPPNMLRJIIHGFAU88CB,慈安段,13.11,都市：住,1760,25,持分移轉,07250000
RPPNMLRJIIHGFAU88CB,慈安段,11.89,都市：住,1760,25,持分移轉,07260000
RPQNMLRJIIHGFAU98CB,永興段,20.44,非都市：鄉村區 ; 非都市編定：乙種建築用地,10000,262,持分移轉,10460001
RPQOMLQJIIHGFAU98CB,裕民段,10.76,都市：商,100000,3539,持分移轉,04550000
RPRNMLRJIIHGFAU09CB,永興段,22.63,非都市：鄉村區 ; 非都市編定：乙種建築用地,10000,290,持分移轉,10460001
RPSNMLRJIIHGFAU56CB,永興段,20.44,非都市：鄉村區 ; 非都市編定：乙種建築用地,10000,262,持分移轉,10460001
RPQNMLMKIIHGFAU58CB,永興段,95.06,非都市：鄉村區 ; 非都市編定：乙種建築用地,1,1,全筆移轉,10460003
RPPNMLMKIIHGFAU48CB,慈安段,17.31,都市：住,1760,33,持分移轉,07250000
RPPNMLMKIIHGFAU48CB,慈安段,15.69,都市：住,1760,33,持分移轉,07260000
RPSNMLMKIIHGFAU78CB,裕民段,28.39,都市：住,10000,855,持分移轉,00310001
RPRNMLNKIIHGFAU78CB,嘉南段,86.00,都市：住,1540,86,持分移轉,04380000
RPQNMLNKIIHGFAU68CB,仁廉段,2.39,都市：住,100000,2468,持分移轉,04300000
RPQNMLNKIIHGFAU68CB,仁廉段,1.23,都市：住,100000,2468,持分移轉,04300001
RPQNMLNKIIHGFAU68CB,仁廉段,.37,都市：住,100000,2468,持分移轉,04300002
RPQNMLNKIIHGFAU68CB,仁廉段,21.79,都市：住,100000,2468,持分移轉,04480000
RPUNMLOKIIHGFAU56CB,宜昌段,36.90,都市：住,1000000,13179,持分移轉,05900000
RPPNMLNKIIHGFAU58CB,慈安段,1.11,都市：住,100000,5050,持分移轉,15060001
RPPNMLNKIIHGFAU58CB,慈安段,.66,都市：住,100000,5050,持分移轉,15060002
RPPNMLNKIIHGFAU58CB,慈安段,5.15,都市：住,100000,5050,持分移轉,15110001
RPPNMLNKIIHGFAU58CB,慈安段,5.05,都市：住,100000,5050,持分移轉,15110002
RPPNMLNKIIHGFAU58CB,慈安段,.76,都市：住,100000,5050,持分移轉,15110003
RPPNMLNKIIHGFAU58CB,慈安段,17.42,都市：住,100000,5050,持分移轉,15120000
RPSNMLNKIIHGFAU88CB,慈勝段,27.99,都市：住,10000,278,持分移轉,04490000
RPRNMLOKIIHGFAU88CB,仁禮段,26.60,都市：住,1000,122,持分移轉,09680000
RPSNMLOKIIHGFAU98CB,德安段,11.36,都市：商,100000,1506,持分移轉,09790000
RPVNMLOKIIHGFAU66CB,仁廉段,20.91,都市：住,100000,1324,持分移轉,09710000
RPRNMLSKIIHGFAU66CB,慈勝段,27.99,都市：住,10000,278,持分移轉,04490000
RPSNMLKLIIHGFAU68CB,主權段,12.06,都市：商,100000,716,持分移轉,07510000
RPPNMLRKIIHGFAU98CB,慈安段,3.06,都市：住,10000,456,持分移轉,00020000
RPPNMLRKIIHGFAU98CB,慈安段,29.78,都市：住,10000,456,持分移轉,00030000
RPPNMLRKIIHGFAU98CB,慈安段,1.37,都市：住,10000,456,持分移轉,00030013
RPPNMLRKIIHGFAU98CB,慈安段,.50,都市：住,10000,456,持分移轉,00030014
RPUNMLKLIIHGFAU88CB,主權段,20.36,都市：商,100000,1209,持分移轉,07510000
RPUNMLSKIIHGFAU96CB,裕民段,12.92,都市：住,100000,4031,持分移轉,02320001
RPVNMLKLIIHGFAU98CB,主權段,20.36,都市：商,100000,1209,持分移轉,07510000
RPPNMLMLIIHGFAU58CB,國風段,19.98,都市：住,10000,165,持分移轉,17560000
RPQNMLMLIIHGFAU68CB,國風段,20.47,都市：住,10000,169,持分移轉,17560000
RPQNMLNLIIHGFAU78CB,民享段,22.26,都市：商,100000,2022,持分移轉,11970000
RPQNMLNLIIHGFAU78CB,民享段,3.66,都市：住,100000,2022,持分移轉,11970003
RPPNMLPLIIHGFAU88CB,民德段,39.72,都市：住,10000,686,持分移轉,05770003
RPPNMLOLIIHGFAU78CB,仁廉段,20.91,都市：住,100000,1324,持分移轉,09710000
RPPNMLLMIIHGFAU58CB,仁廉段,26.56,都市：住,100000,1682,持分移轉,09710000
RPSNMLLMIIHGFAU88CB,宜昌段,28.71,都市：住,1000000,10253,持分移轉,05900000
RPQNMLPLIIHGFAU98CB,宜安段,25.72,都市：住,100000,616,持分移轉,06410000
RPPNMLPLIIHGFAU98DB,民意段,32.87,都市：住,10000,732,持分移轉,05770001
RPPNMLRLIIHGFAU56DB,慶豐段,47.07,都市：住,10000,1010,持分移轉,09060028
RPRNMLLMIIHGFAU78CB,宜昌段,38.03,都市：住,1000000,13582,持分移轉,05900000
RPPNMLMJJIHGFAU48CB,裕民段,28.50,都市：住,100000,3141,持分移轉,02490002
RPPNMLLJJIHGFAU38CB,永興段,22.71,非都市：鄉村區 ; 非都市編定：乙種建築用地,10000,291,持分移轉,10460001
RPRNMLMJJIHGFAU68CB,國股段,5.98,都市：住,10000,259,持分移轉,05430000
RPRNMLMJJIHGFAU68CB,國股段,11.80,都市：住,10000,259,持分移轉,05500000
RPPNMLNJJIHGFAU58CB,富國段,10.08,都市：商,10000,34,持分移轉,01220000
RPRNMLNJJIHGFAU78CB,富國段,8.90,都市：商,10000,30,持分移轉,01220000
RPSNMLNJJIHGFAU88CB,富國段,13.05,都市：商,10000,44,持分移轉,01220000
RPTNMLNJJIHGFAU98CB,富國段,10.08,都市：商,10000,34,持分移轉,01220000
RPQNMLMJJIHGFAU68DB,宜寧段,18.38,都市：商,10000,165,持分移轉,04440000
RPUNMLNJJIHGFAU09CB,富國段,10.08,都市：商,10000,34,持分移轉,01220000
RPQNMLMJJIHGFAU68DB,宜寧段,1.17,都市：商,10000,165,持分移轉,04450000
RPQNMLNJJIHGFAU68CB,富國段,8.90,都市：商,10000,30,持分移轉,01220000
RPOOMLNJJIHGFAU58CB,富國段,15.72,都市：商,10000,53,持分移轉,01220000
RPVNMLNJJIHGFAU56CB,富國段,8.90,都市：商,10000,30,持分移轉,01220000
RPQOMLNJJIHGFAU78CB,富國段,8.90,都市：商,10000,30,持分移轉,01220000
RPROMLNJJIHGFAU88CB,富國段,8.90,都市：商,10000,30,持分移轉,01220000
RPWNMLNJJIHGFAU66CB,富國段,8.90,都市：商,10000,30,持分移轉,01220000
RPSOMLNJJIHGFAU98CB,富國段,12.75,都市：商,10000,43,持分移轉,01220000
RPXNMLNJJIHGFAU76CB,富國段,13.05,都市：商,10000,44,持分移轉,01220000
RPTOMLNJJIHGFAU09CB,富國段,10.68,都市：商,10000,36,持分移轉,01220000
RPPOMLNJJIHGFAU68CB,富國段,10.68,都市：商,10000,36,持分移轉,01220000
RPUOMLNJJIHGFAU56CB,富國段,14.24,都市：商,10000,48,持分移轉,01220000
RPWOMLNJJIHGFAU76CB,主商段,23.00,都市：商,5,1,持分移轉,11150000
RPXOMLNJJIHGFAU86CB,富國段,8.90,都市：商,10000,30,持分移轉,01220000
RPPNMLOJJIHGFAU68CB,富國段,1.43,都市：住,10000,678,持分移轉,03990000
RPQNMLRJJIHGFAU09CB,國風段,30.03,都市：住,10000,248,持分移轉,17560000
RPQNMLOJJIHGFAU78CB,慈安段,3.14,都市：住,10000,469,持分移轉,00020000
RPSNMLRJJIHGFAU66CB,主權段,12.06,都市：商,100000,716,持分移轉,07510000
RPQNMLOJJIHGFAU78CB,慈安段,30.63,都市：住,10000,469,持分移轉,00030000
RPQNMLOJJIHGFAU78CB,慈安段,1.41,都市：住,10000,469,持分移轉,00030013
RPQNMLOJJIHGFAU78CB,慈安段,.52,都市：住,10000,469,持分移轉,00030014
RPWNMLRJJIHGFAU07CB,富國段,16.02,都市：商,10000,54,持分移轉,01220000
RPPNMLRJJIHGFAU98CB,主權段,12.06,都市：商,100000,716,持分移轉,07510000
RPRNMLRJJIHGFAU56CB,國風段,20.47,都市：住,10000,169,持分移轉,17560000
RPXNMLRJJIHGFAU17CB,富國段,10.97,都市：商,10000,37,持分移轉,01220000
RPOOMLRJJIHGFAU98CB,富國段,10.08,都市：商,10000,34,持分移轉,01220000
RPPOMLRJJIHGFAU09CB,富國段,10.08,都市：商,10000,34,持分移轉,01220000
RPROMLRJJIHGFAU66CB,富國段,15.72,都市：商,10000,53,持分移轉,01220000
RPQOMLRJJIHGFAU56CB,富國段,10.08,都市：商,10000,34,持分移轉,01220000
RPTOMLRJJIHGFAU86CB,富國段,10.08,都市：商,10000,34,持分移轉,01220000
RPSOMLRJJIHGFAU76CB,富國段,10.08,都市：商,10000,34,持分移轉,01220000
RPUOMLRJJIHGFAU96CB,富國段,14.24,都市：商,10000,48,持分移轉,01220000
RPWOMLRJJIHGFAU17CB,富國段,9.49,都市：商,10000,32,持分移轉,01220000
RPVOMLRJJIHGFAU07CB,富國段,14.24,都市：商,10000,48,持分移轉,01220000
RPOPMLRJJIHGFAU09CB,富國段,9.49,都市：商,10000,32,持分移轉,01220000
RPPPMLRJJIHGFAU56CB,富國段,13.94,都市：商,10000,47,持分移轉,01220000
RPXOMLRJJIHGFAU27CB,富國段,9.49,都市：商,10000,32,持分移轉,01220000
RPPNMLRJJIHGFAU09DB,慶豐段,32.01,都市：住,10000,687,持分移轉,09060028
RPQPMLRJJIHGFAU66CB,富國段,8.30,都市：商,10000,28,持分移轉,01220000
RPPNMLTJJIHGFAU56CB,仁廉段,20.91,都市：住,100000,1324,持分移轉,09710000
RPQNMLKKJIHGFAU48CB,嘉南段,29.99,都市：住,100000,1760,持分移轉,03650000
RPRNMLTJJIHGFAU76CB,宜昌段,41.40,都市：住,1000000,14787,持分移轉,05900000
RPPNMLLKJIHGFAU48CB,仁廉段,2.39,都市：住,100000,2468,持分移轉,04300000
RPPNMLMKJIHGFAU58CB,富國段,8.90,都市：商,10000,30,持分移轉,01220000
RPPNMLLKJIHGFAU48CB,仁廉段,1.23,都市：住,100000,2468,持分移轉,04300001
RPPNMLLKJIHGFAU48CB,仁廉段,.37,都市：住,100000,2468,持分移轉,04300002
RPPNMLLKJIHGFAU48CB,仁廉段,21.79,都市：住,100000,2468,持分移轉,04480000
RPQNMLTJJIHGFAU66CB,宜昌段,28.71,都市：住,1000000,10253,持分移轉,05900000
RPQNMLMKJIHGFAU68CB,富國段,10.97,都市：商,10000,37,持分移轉,01220000
RPPNMLKKJIHGFAU38CB,嘉南段,17.64,都市：住,100000,1035,持分移轉,03650000
RPVNMLMKJIHGFAU56CB,富國段,8.30,都市：商,10000,28,持分移轉,01220000
RPRNMLMKJIHGFAU78CB,富國段,8.90,都市：商,10000,30,持分移轉,01220000
RPSNMLMKJIHGFAU88CB,富國段,8.90,都市：商,10000,30,持分移轉,01220000
RPUNMLMKJIHGFAU09CB,富國段,8.30,都市：商,10000,28,持分移轉,01220000
RPQNMLPKJIHGFAU98CB,永安段,24.29,非都市：鄉村區 ; 非都市編定：乙種建築用地,10000,291,持分移轉,03200000
RPPNMLRKJIHGFAU09CB,宜昌段,24.13,都市：住,1000000,8617,持分移轉,05900000
RPPNMLSKJIHGFAU56CB,宜昌段,36.11,都市：住,1000000,12897,持分移轉,05900000
RPQNMLRKJIHGFAU56CB,宜昌段,28.71,都市：住,1000000,10253,持分移轉,05900000
RPQNMLLLJIHGFAU68CB,慈安段,13.11,都市：住,1760,25,持分移轉,07250000
RPQNMLLLJIHGFAU68CB,慈安段,11.89,都市：住,1760,25,持分移轉,07260000
RPQNMLMLJIHGFAU78CB,裕民段,28.50,都市：住,100000,3141,持分移轉,02490002
RPQNMLPLJIHGFAU09CB,裕民段,29.24,都市：住,100000,4492,持分移轉,05590000
RPQNMLOLJIHGFAU98CB,仁廉段,2.81,都市：住,100000,2899,持分移轉,04300000
RPQNMLOLJIHGFAU98CB,仁廉段,1.45,都市：住,100000,2899,持分移轉,04300001
RPQNMLOLJIHGFAU98CB,仁廉段,.43,都市：住,100000,2899,持分移轉,04300002
RPQNMLOLJIHGFAU98CB,仁廉段,25.60,都市：住,100000,2899,持分移轉,04480000
RPPNMLLLJIHGFAU58CB,慈安段,14.68,都市：住,1760,28,持分移轉,07250000
RPPNMLLLJIHGFAU58CB,慈安段,13.32,都市：住,1760,28,持分移轉,07260000
RPPNMLMJKIHGFAU58CB,裕民段,26.78,都市：住,100000,4114,持分移轉,05590000
RPRNMLOKKIHGFAU09CB,裕民段,26.78,都市：住,100000,4114,持分移轉,05590000
RPPNMLQJKIHGFAU98CB,慈安段,14.68,都市：住,1760,28,持分移轉,07250000
RPPNMLQJKIHGFAU98CB,慈安段,13.32,都市：住,1760,28,持分移轉,07260000
