﻿鄉鎮市區,交易標的,土地位置建物門牌,土地面積平方公尺,都市土地使用分區,非都市土地使用分區,非都市土地使用編定,租賃年月日,租賃筆棟數,租賃層次,總樓層數,建物型態,主要用途,主要建材,建築完成年月,建物總面積平方公尺,建物現況格局-房,建物現況格局-廳,建物現況格局-衛,建物現況格局-隔間,有無管理組織,有無附傢俱,總額元,單價元平方公尺,車位類別,車位面積平方公尺,車位總額元,備註,編號
The villages and towns urban district,transaction sign,land sector position building sector house number plate,land shifting total area square meter,the use zoning or compiles and checks,the non-metropolis land use district,non-metropolis land use,transaction year month and day,transaction pen number,shifting level,total floor number,building state,main use,main building materials,construction to complete the years,building shifting total area,Building present situation pattern - room,building present situation pattern - hall,building present situation pattern - health,building present situation pattern - compartmented,Whether there is manages the organization,Whether there is attaches the furniture,total price NTD,the unit price (NTD / square meter),the berth category,berth shifting total area square meter,the berth total price NTD,the note,serial number
吉安鄉,建物,花蓮縣吉安鄉中央路三段６１２號五樓,0.0,住,,,1110807,土地0建物0車位0,五層,5,套房(1房1廳1衛),旅館,鋼筋混凝土造,1100224,25.78,1,0,1,有,無,有,8500,330,,0.0,0,,RPTNMLLKQHHGFAU96CC
吉安鄉,建物,花蓮縣吉安鄉中央路三段６１２號,0.0,住,,,1110810,土地0建物0車位0,一層,5,套房(1房1廳1衛),旅館,鋼筋混凝土造,1100224,19.83,1,0,1,有,無,有,7500,378,,0.0,0,,RPWNMLLKQHHGFAU27CC
吉安鄉,建物,花蓮縣吉安鄉中央路三段６１２號五樓,0.0,住,,,1110811,土地0建物0車位0,五層,5,套房(1房1廳1衛),旅館,鋼筋混凝土造,1100224,22.84,1,0,1,有,無,有,8500,372,,0.0,0,,RPOOMLLKQHHGFAU56CC
新城鄉,建物,花蓮縣新城鄉民族路８７號,0.0,商,,,1110810,土地0建物0車位0,三層,5,套房(1房1廳1衛),住家用,鋼筋混凝土造,1060731,36.63,1,0,1,有,無,有,9500,259,,0.0,0,,RPXNMLMKQHHGFAU47CC
新城鄉,建物,花蓮縣新城鄉民族路９７號,0.0,商,,,1110811,土地0建物0車位0,四層,5,套房(1房1廳1衛),住家用,鋼筋混凝土造,1060808,33.95,1,0,1,有,無,有,9500,280,,0.0,0,,RPOOMLMKQHHGFAU66CC
花蓮市,建物,花蓮縣花蓮市中美路２４８號,0.0,商,,,1110808,土地0建物0車位0,二層,3,套房(1房1廳1衛),住家用,鋼筋混凝土造,1110526,39.6,1,0,1,有,無,有,9000,227,,0.0,0,,RPTQMLPKQHHGFAU67CC
花蓮市,建物,花蓮縣花蓮市中美路２４８號,0.0,商,,,1110811,土地0建物0車位0,三層,3,套房(1房1廳1衛),住家用,鋼筋混凝土造,1110526,79.28,2,0,2,有,無,有,16000,202,,0.0,0,,RPVQMLPKQHHGFAU87CC
花蓮市,建物,花蓮縣花蓮市中美路２４８號,0.0,商,,,1110811,土地0建物0車位0,二層,3,套房(1房1廳1衛),住家用,鋼筋混凝土造,1110526,39.64,1,0,1,有,無,有,8000,202,,0.0,0,,RPORMLPKQHHGFAU27CC
吉安鄉,房地(土地+建物),花蓮縣吉安鄉東海六街３２號６樓,29.83,住,,,1110805,土地1建物1車位0,五層,6,華廈(10層含以下有電梯),集合住宅,鋼筋混凝土造,1101129,85.86999999999999,3,1,2,有,無,有,19000,221,,0.0,0,,RPPRMLPKQHHGFAU37CC
花蓮市,房地(土地+建物),花蓮縣花蓮市榮正街９６號８樓,19.5,住,,,1110730,土地1建物1車位0,八層,10,華廈(10層含以下有電梯),住家用,鋼筋混凝土造,0890807,147.74,3,2,2,有,有,有,16000,108,,0.0,0,,RPQRMLPKQHHGFAU47CC
新城鄉,房地(土地+建物),花蓮縣新城鄉新城村中山路１之１號,1023.26,住,,,1110805,土地2建物1車位0,全,2,透天厝,停車位置、住宅,鋼筋混凝土加強磚造,,474.65,5,4,4,有,無,有,25000,53,,0.0,0,,RPWRMLPKQHHGFAU08CC
花蓮市,房地(土地+建物),花蓮縣花蓮市華興街５４號,47.0,住,,,1110731,土地1建物1車位0,全,2,透天厝,住商用,鋼筋混凝土加強磚造,0640728,65.74,2,1,2,有,無,有,13500,205,,0.0,0,,RPROMLQKQHHGFAU37CC
花蓮市,建物,花蓮縣花蓮市中正路８４號,0.0,住,,,1110726,土地0建物1車位0,一層,3,店面(店鋪),住商用,鋼筋混凝土造,0751121,42.75,0,0,0,無,無,無,19000,444,,0.0,0,,RPUOMLQKQHHGFAU67CC
新城鄉,房地(土地+建物),花蓮縣新城鄉嘉北一街５巷５０號,48.0,農,,,1110812,土地1建物1車位0,全,1,透天厝,住家用,木石磚造（磚石造）,06312,32.47,1,1,1,有,無,有,6000,185,,0.0,0,,RPSPMLQKQHHGFAU57CC
花蓮市,房地(土地+建物),花蓮縣花蓮市民權六街１巷２９號,88.0,住,,,1110809,土地1建物1車位0,全,2,透天厝,住家用,鋼筋混凝土加強磚造,0630118,80.22,4,2,2,有,無,有,14000,175,,0.0,0,,RPOOMLRKQHHGFAU17CC
花蓮市,建物,花蓮縣花蓮市中美路２４８號,0.0,商,,,1110816,土地0建物0車位0,二層,3,套房(1房1廳1衛),住家用,鋼筋混凝土造,1110526,39.64,1,0,1,有,無,有,8000,202,,0.0,0,,RPPOMLRKQHHGFAU27CC
花蓮市,房地(土地+建物),花蓮縣花蓮市華廈街９５號２F-３,26.5,住,,,1110815,土地1建物1車位0,二層,5,華廈(10層含以下有電梯),集合住宅,鋼筋混凝土造,1110408,76.09,2,2,2,有,無,有,16000,210,,0.0,0,,RPQOMLRKQHHGFAU37CC
花蓮市,房地(土地+建物),花蓮縣花蓮市中美路２６２號３F-２,10.4,商,,,1110814,土地2建物1車位0,三層,5,套房(1房1廳1衛),集合住宅,鋼筋混凝土造,1101129,46.64,1,0,1,有,無,有,9800,210,,0.0,0,,RPVOMLRKQHHGFAU87CC
花蓮市,房地(土地+建物),花蓮縣花蓮市中美路２６２號４F-１,10.4,商,,,1110814,土地2建物1車位0,四層,5,套房(1房1廳1衛),集合住宅,鋼筋混凝土造,1101129,50.400000000000006,1,0,1,有,無,有,9800,194,,0.0,0,,RPXOMLRKQHHGFAU08CC
吉安鄉,房地(土地+建物),花蓮縣吉安鄉吉祥四街４１號七樓之一,21.72,住,,,1110730,土地1建物1車位0,七層,7,華廈(10層含以下有電梯),住家用,鋼筋混凝土造,0850309,110.03,2,1,1,有,有,有,12000,109,,0.0,0,,RPSPMLRKQHHGFAU67CC
吉安鄉,房地(土地+建物),花蓮縣吉安鄉稻香路３５巷２號四樓之一,28.6,商,,,1110726,土地2建物1車位0,四層,5,華廈(10層含以下有電梯),住家用,鋼筋混凝土造,0830516,93.91,2,1,2,有,有,有,12000,128,,0.0,0,,RPTPMLRKQHHGFAU77CC
花蓮市,建物,花蓮縣花蓮市中山路１８之１號,0.0,住,,,1110718,土地0建物0車位0,見其他登記事項,7,店面(店鋪),住商用,鋼筋混凝土造,0790524,90.5,0,0,1,有,有,有,15000,166,,0.0,0,,RPUPMLRKQHHGFAU87CC
花蓮市,房地(土地+建物),花蓮縣花蓮市德安一街１３４號,77.0,住,,,1110812,土地1建物1車位0,見其他登記事項,3,店面(店鋪),住商用,鋼筋混凝土造,0820625,158.91,3,2,2,有,無,無,18000,113,,0.0,0,,RPXNMLSKQHHGFAU08CC
花蓮市,房地(土地+建物),花蓮縣花蓮市和平路３３６號七樓之十二,2.53,商,,,1110730,土地1建物1車位0,七層,12,套房(1房1廳1衛),住家用,鋼筋混凝土造,0811009,31.46,1,0,1,有,有,有,6000,191,,0.0,0,電費及每月管理費100元皆由承租人負擔。,RPVOMLTKQHHGFAU08CC
吉安鄉,建物,花蓮縣吉安鄉中央路三段６１２號,0.0,住,,,1110722,土地0建物0車位0,一層,5,套房(1房1廳1衛),旅館,鋼筋混凝土造,1100224,17.52,1,0,1,有,無,有,7000,400,,0.0,0,,RPXOMLTKQHHGFAU28CC
吉安鄉,建物,花蓮縣吉安鄉中央路三段６１０號,0.0,住,,,1110815,土地0建物0車位0,三層,4,套房(1房1廳1衛),住商用,鋼筋混凝土造,0780112,36.36,1,0,1,有,無,有,10000,275,,0.0,0,308室,RPPPMLTKQHHGFAU57CC
花蓮市,土地,民勤段1439-1地號,168.0,其他,,,1110815,土地1建物0車位0,,,其他,,,,0.0,0,0,0,有,無,無,12000,71,,0.0,0,土地所有權為中華民國,RPTOMLTKQHHGFAU97DC
花蓮市,建物,花蓮縣花蓮市富強路４８號,0.0,住,,,1110807,土地0建物1車位0,二層,7,華廈(10層含以下有電梯),住商用,鋼筋混凝土造,0840608,82.85,2,2,1,有,無,有,11000,133,,0.0,0,,RPQPMLTKQHHGFAU87EC
吉安鄉,土地,太昌段419地號,196.0,農,,,1110820,土地1建物0車位0,,,其他,,,,0.0,0,0,0,有,無,無,10000,51,,0.0,0,,RPXNMLNLQHHGFAU77DC
花蓮市,房地(土地+建物),花蓮縣花蓮市中山路８３３號,111.0,住,,,1110818,土地1建物1車位0,全,3,透天厝,住商用,鋼筋混凝土造,0750125,233.52,3,2,3,有,無,無,22000,94,,0.0,0,,RPSNMLNLQHHGFAU17CC
花蓮市,房地(土地+建物),花蓮縣花蓮市國聯二路８１號,17.43,住,,,1110816,土地1建物1車位0,見其他登記事項,12,住宅大樓(11層含以上有電梯),住商用,鋼筋混凝土造,0831115,120.56,1,1,2,有,無,有,16000,133,,0.0,0,,RPVNMLPLQHHGFAU67CC
花蓮市,房地(土地+建物),花蓮縣花蓮市民德四街２之１３號３樓,13.01,住,,,1110801,土地1建物1車位0,三層,12,套房(1房1廳1衛),住家用,鋼骨造,0920221,72.9,1,0,1,有,有,有,10500,144,,0.0,0,,RPQNMLKMQHHGFAU76CC
花蓮市,建物,花蓮縣花蓮市府前路３００-８號,0.0,住,,,1110830,土地0建物0車位0,四層,4,套房(1房1廳1衛),住家用,鋼筋混凝土造,1070413,31.25,1,0,1,有,無,有,12000,384,,0.0,0,,RPUPMLKMQHHGFAU37CC
吉安鄉,房地(土地+建物),花蓮縣吉安鄉昌隆三街７３號,23.47,住,,,1110829,土地1建物1車位0,見其他登記事項,6,華廈(10層含以下有電梯),住商用,鋼筋混凝土造,0821215,113.54,1,2,2,有,無,無,9500,84,,0.0,0,,RPPOMLLMQHHGFAU86CC
新城鄉,建物,花蓮縣新城鄉民族路９７號,0.0,商,,,1110825,土地0建物0車位0,二層,5,套房(1房1廳1衛),住家用,鋼筋混凝土造,1060808,32.19,1,0,1,有,無,有,9500,295,,0.0,0,,RPPPMLLMQHHGFAU96CC
花蓮市,建物,花蓮縣花蓮市商校街１８４之１號,0.0,住,,,1110826,土地0建物0車位0,三層,5,套房(1房1廳1衛),住家用,鋼筋混凝土造,0760223,14.35,1,1,1,有,無,有,6000,418,,0.0,0,,RPRNMLLJRHHGFAU76CC
吉安鄉,建物,花蓮縣吉安鄉中央路三段６１０號,0.0,住,,,1110828,土地0建物0車位0,二層,4,套房(1房1廳1衛),住商用,鋼筋混凝土造,0780112,36.36,1,0,1,有,無,有,10000,275,,0.0,0,,RPXNMLLJRHHGFAU37CC
吉安鄉,建物,花蓮縣吉安鄉中央路三段６１２號四樓,0.0,住,,,1110827,土地0建物0車位0,四層,5,套房(1房1廳1衛),旅館,鋼筋混凝土造,1100224,19.83,1,0,1,有,無,有,8000,403,,0.0,0,,RPOOMLLJRHHGFAU56CC
吉安鄉,建物,花蓮縣吉安鄉中央路三段６１２號四樓,0.0,住,,,1110831,土地0建物0車位0,四層,5,套房(1房1廳1衛),旅館,鋼筋混凝土造,1100224,24.46,1,0,1,有,無,有,8500,348,,0.0,0,403室,RPROMLLJRHHGFAU86CC
吉安鄉,建物,花蓮縣吉安鄉中央路三段６１２號四樓,0.0,住,,,1110831,土地0建物0車位0,四層,5,套房(1房1廳1衛),旅館,鋼筋混凝土造,1100224,23.14,1,0,1,有,無,有,8500,367,,0.0,0,402室,RPSOMLLJRHHGFAU96CC
花蓮市,房地(土地+建物),花蓮縣花蓮市博愛街２７６號,58.0,住,,,1110830,土地1建物1車位0,見其他登記事項,2,店面(店鋪),住家用,鋼筋混凝土加強磚造,0631002,47.32,0,0,0,無,無,有,20000,423,,0.0,0,,RPXPMLLJRHHGFAU57CC
花蓮市,房地(土地+建物),花蓮縣花蓮市中美路７１-７號,78.0,商,,,1110829,土地1建物1車位0,全,4,透天厝,住商用,鋼筋混凝土造,0810925,201.45,4,3,5,有,無,有,24000,119,,0.0,0,,RPQQMLLJRHHGFAU96CC
新城鄉,建物,花蓮縣新城鄉民族路８７號,0.0,商,,,1110829,土地0建物0車位0,四層,5,套房(1房1廳1衛),住家用,鋼筋混凝土造,1060731,36.63,1,0,1,有,無,有,9500,259,,0.0,0,,RPTNMLMJRHHGFAU07CC
新城鄉,建物,花蓮縣新城鄉民族路９７號,0.0,商,,,1110830,土地0建物0車位0,二層,5,套房(1房1廳1衛),住家用,鋼筋混凝土造,1060808,33.95,1,0,1,有,無,有,9500,280,,0.0,0,,RPWNMLMJRHHGFAU37CC
花蓮市,建物,花蓮縣花蓮市明心街１-２２號二樓,0.0,住,,,1110826,土地0建物0車位0,四層,4,套房(1房1廳1衛),住家用,鋼筋混凝土造,1051228,21.48,1,0,1,有,無,有,8000,372,,0.0,0,,RPOOMLMJRHHGFAU66CC
吉安鄉,建物,花蓮縣吉安鄉中央路三段６１０號,0.0,住,,,1110825,土地0建物0車位0,四層,4,套房(1房1廳1衛),住商用,鋼筋混凝土造,0780112,30.74,1,0,1,有,無,有,9000,293,,0.0,0,,RPTOMLMJRHHGFAU17CC
吉安鄉,建物,花蓮縣吉安鄉中央路三段６１０號,0.0,住,,,1110829,土地0建物0車位0,四層,4,套房(1房1廳1衛),住商用,鋼筋混凝土造,0780112,36.36,1,0,1,有,無,有,10000,275,,0.0,0,,RPUOMLMJRHHGFAU27CC
花蓮市,建物,花蓮縣花蓮市府前路３４６號,0.0,住,,,1110805,土地0建物0車位0,一層,4,店面(店鋪),住家用,鋼筋混凝土造,0960711,68.1,1,0,0,有,無,無,20000,294,,0.0,0,,RPRPMLMJRHHGFAU07CC
花蓮市,房地(土地+建物),花蓮縣花蓮市三民街６４之２號三樓,37.88,住,,,1110806,土地2建物1車位0,三層,4,公寓(5樓含以下無電梯),住家用,鋼筋混凝土造,0740703,105.94,3,2,2,有,無,有,13000,123,,0.0,0,,RPSPMLMJRHHGFAU17CC
花蓮市,房地(土地+建物),花蓮縣花蓮市民樂三街２-２號３F-３,9.62,住,,,1110823,土地1建物1車位0,三層,14,住宅大樓(11層含以上有電梯),住家用,鋼筋混凝土造,0870218,80.97999999999999,2,2,1,有,無,有,16000,198,,0.0,0,,RPRNMLPJRHHGFAU17CC
吉安鄉,建物,花蓮縣吉安鄉中央路三段６１２號三樓,0.0,住,,,1110903,土地0建物0車位0,三層,5,套房(1房1廳1衛),旅館,鋼筋混凝土造,1100224,24.46,1,0,1,有,無,有,8500,348,,0.0,0,,RPTNMLPJRHHGFAU37CC
吉安鄉,建物,花蓮縣吉安鄉中央路三段６１２號二樓,0.0,住,,,1110903,土地0建物0車位0,二層,5,套房(1房1廳1衛),旅館,鋼筋混凝土造,1100224,25.78,1,0,1,有,無,有,8500,330,,0.0,0,,RPUNMLPJRHHGFAU47CC
花蓮市,房地(土地+建物),花蓮縣花蓮市中山路６５４號２樓,111.0,住,,,1110823,土地1建物1車位0,二層,3,店面(店鋪),住商用,鋼筋混凝土造,0741108,70.6,1,0,0,無,無,有,5000,71,,0.0,0,,RPWNMLPJRHHGFAU67CC
花蓮市,房地(土地+建物),花蓮縣花蓮市國興里建國路二段６００號,93.0,住,,,1110901,土地2建物1車位0,全,2,透天厝,住商用,鋼筋混凝土加強磚造,0660620,118.1,2,2,2,有,無,有,18000,152,,0.0,0,,RPQOMLPJRHHGFAU17CC
花蓮市,土地,福德段162地號,115.0,農,,,1110904,土地1建物0車位0,,,其他,,,,0.0,0,0,0,有,無,有,25000,217,,0.0,0,租賃標的包含花蓮市和平路178巷前，和平路上鐵皮屋店面第45間及5-1間含屋旁水泥空地,RPOOMLPJRHHGFAU17EC
花蓮市,房地(土地+建物),花蓮縣花蓮市中山路６５４號１樓,111.0,住,,,1110901,土地1建物1車位0,一層,3,店面(店鋪),住商用,鋼筋混凝土造,0741108,55.12,0,0,0,無,無,無,25000,454,,0.0,0,,RPRNMLQJRHHGFAU27CC
花蓮市,房地(土地+建物),花蓮縣花蓮市延平街１８９號四樓,22.08,住,,,1110901,土地1建物1車位0,四層,5,華廈(10層含以下有電梯),住家用,鋼筋混凝土造,0830921,75.59,2,2,1,有,無,有,11000,146,,0.0,0,,RPPPMLQJRHHGFAU27CC
新城鄉,建物,花蓮縣新城鄉民族路８３號,0.0,商,,,1110825,土地0建物0車位0,二層,5,套房(1房1廳1衛),住家用,鋼筋混凝土造,1070514,40.06,1,0,1,有,無,有,9500,237,,0.0,0,,RPWPMLQJRHHGFAU97CC
花蓮市,建物,花蓮縣花蓮市中山路７０６號二樓,0.0,住,,,1110831,土地0建物0車位0,二層,5,套房(1房1廳1衛),住家用,鋼筋混凝土造,0980319,23.14,1,0,1,有,無,有,7000,303,,0.0,0,,RPTNMLRJRHHGFAU57CC
花蓮市,房地(土地+建物)+車位,花蓮縣花蓮市國盛四街１１６號六樓之九,7.84,住,,,1110903,土地1建物1車位1,六層,6,華廈(10層含以下有電梯),住家用,鋼筋混凝土造,0840919,49.519999999999996,1,0,1,有,有,有,7500,151,坡道平面,0.0,0,,RPPNMLTJRHHGFAU37CC
花蓮市,房地(土地+建物),花蓮縣花蓮市介林八街１９號,150.0,住,,,1110909,土地1建物1車位0,全,2,透天厝,住家用,鋼筋混凝土造,0780320,134.68,4,2,2,有,無,有,19000,141,,0.0,0,,RPQNMLTJRHHGFAU47CC
花蓮市,建物,花蓮縣花蓮市明心街１之２２號二樓,0.0,住,,,1110903,土地0建物0車位0,四層,4,公寓(5樓含以下無電梯),住家用,鋼筋混凝土造,1051228,105.16,1,0,1,有,無,有,7000,67,,0.0,0,,RPTNMLMKRHHGFAU17CC
花蓮市,房地(土地+建物),花蓮縣花蓮市北昌一街９７巷１５號四樓,45.37,住,,,1110829,土地1建物1車位0,四層,4,公寓(5樓含以下無電梯),住家用,鋼筋混凝土造,0720910,82.98,3,2,2,有,無,有,12000,145,,0.0,0,每月水電瓦斯、網路費由承租人另外負擔。,RPRPMLMKRHHGFAU17CC
吉安鄉,房地(土地+建物),花蓮縣吉安鄉北昌村北昌四街６０號,99.0,住,,,1110901,土地1建物1車位0,全,2,透天厝,住商用,鋼筋混凝土加強磚造,0660806,125.12,3,2,2,有,無,有,16000,128,,0.0,0,,RPTOMLNKRHHGFAU37CC
吉安鄉,建物,花蓮縣吉安鄉中央路三段６１０號,0.0,住,,,1110907,土地0建物0車位0,一層,4,店面(店鋪),住商用,鋼筋混凝土造,0780112,85.95,0,0,0,無,無,有,15000,175,,0.0,0,,RPPNMLOKRHHGFAU96CC
吉安鄉,建物,花蓮縣吉安鄉中央路三段６１２號四樓,0.0,住,,,1110908,土地0建物0車位0,四層,5,套房(1房1廳1衛),旅館,鋼筋混凝土造,1100224,25.78,1,0,1,有,無,有,8500,330,,0.0,0,,RPQNMLOKRHHGFAU07CC
花蓮市,房地(土地+建物),花蓮縣花蓮市富裕十四街４５號,93.0,住,,,1110901,土地1建物1車位0,全,2,透天厝,住家用,鋼筋混凝土加強磚造,0740910,99.97,3,2,2,有,無,有,12000,120,,0.0,0,,RPOOMLOKRHHGFAU96CC
花蓮市,房地(土地+建物),花蓮縣花蓮市莊敬路１４８號１樓,162.0,商,,,1110831,土地1建物1車位0,全,4,透天厝,住家用,鋼筋混凝土造,1040825,90.59,0,0,0,無,無,有,19900,220,,0.0,0,,RPSNMLPKRHHGFAU37CC
花蓮市,房地(土地+建物),花蓮縣花蓮市南京街１巷９號,99.0,住,,,1110828,土地1建物1車位0,全,2,透天厝,住家用,鋼筋混凝土加強磚造,0580602,93.6,3,1,2,有,無,有,16000,171,,0.0,0,,RPROMLTKRHHGFAU87DC
花蓮市,房地(土地+建物),花蓮縣花蓮市國聯二路７１號十二樓之六,6.53,住,,,1110825,土地1建物1車位0,十二層,12,套房(1房1廳1衛),住家用,鋼筋混凝土造,0831115,49.64,1,0,1,有,有,有,7000,141,,0.0,0,,RPSOMLTKRHHGFAU97DC
花蓮市,房地(土地+建物),花蓮縣花蓮市富安路１４７號４樓-１１,3.75,住,,,1110916,土地1建物1車位0,四層,7,華廈(10層含以下有電梯),住家用,鋼筋混凝土造,0850123,34.93,3,2,2,有,無,無,15000,429,,0.0,0,,RPOOMLKLRHHGFAU66CC
花蓮市,房地(土地+建物),花蓮縣花蓮市南京街２７６號,61.4,商,,,1110914,土地2建物1車位0,全,4,透天厝,住商用,鋼筋混凝土造,0700509,279.13,4,3,5,有,無,有,49152,176,,0.0,0,,RPSOMLKLRHHGFAU07CC
吉安鄉,房地(土地+建物),花蓮縣吉安鄉中山路三段１２１號,106.0,住,,,1110903,土地1建物1車位0,全,4,透天厝,住家用,鋼筋混凝土造,1001209,247.85,5,2,6,有,無,有,45000,182,,0.0,0,,RPUOMLKLRHHGFAU27CC
吉安鄉,房地(土地+建物),花蓮縣吉安鄉中山路三段１０９號,106.0,住,,,1110920,土地1建物1車位0,見其他登記事項,4,店面(店鋪),住家用,鋼筋混凝土造,1010426,248.0,4,2,5,有,無,有,18000,73,,0.0,0,,RPPOMLLLRHHGFAU86CC
花蓮市,房地(土地+建物),花蓮縣花蓮市商校街９４號三樓,74.25,住,,,1110913,土地1建物1車位0,三層,4,公寓(5樓含以下無電梯),住家用,鋼筋混凝土造,0790331,140.47,3,2,2,有,無,有,13500,96,,0.0,0,每月水電瓦斯、網路費由承租人另外負擔。,RPVOMLLLRHHGFAU47CC
花蓮市,建物,花蓮縣花蓮市林森路１１５巷４２之１號,0.0,住,,,1110831,土地0建物0車位0,全,2,透天厝,住家用,鋼筋混凝土加強磚造,0620117,42.42,2,0,1,有,無,有,8000,189,,0.0,0,,RPPNMLLLRHHGFAU86DC
花蓮市,建物,花蓮縣花蓮市國盛七街２９號,0.0,住,,,1110825,土地0建物0車位0,全,2,透天厝,住商用,鋼筋混凝土加強磚造,0721227,53.08,2,0,1,有,無,有,8000,151,,0.0,0,,RPRNMLLLRHHGFAU07DC
花蓮市,房地(土地+建物),花蓮縣花蓮市康樂路１６８巷６２號,69.13,,鄉村區,乙種建築用地,1110901,土地1建物1車位0,全,2,透天厝,住家用,鋼筋混凝土加強磚造,0680212,70.84,1,2,1,有,無,有,12000,169,,0.0,0,,RPUNMLLLRHHGFAU37DC
花蓮市,房地(土地+建物),花蓮縣花蓮市國聯四路５２之２３號,5.15,商,,,1110913,土地1建物1車位0,五層,5,套房(1房1廳1衛),住家用,鋼筋混凝土造,0690503,24.64,1,0,1,有,無,有,5000,203,,0.0,0,,RPVNMLLLRHHGFAU47DC
花蓮市,房地(土地+建物),花蓮縣花蓮市民生路２３號四樓之三,8.37,商,,,1110914,土地1建物1車位0,四層,6,華廈(10層含以下有電梯),住家用,鋼筋混凝土造,0850104,43.27,2,1,1,有,無,有,8500,196,,0.0,0,,RPXNMLLLRHHGFAU67DC
花蓮市,房地(土地+建物),花蓮縣花蓮市南京街２０３號十一樓之二,13.66,商,,,1110825,土地1建物1車位0,十一層,12,住宅大樓(11層含以上有電梯),集合住宅,鋼筋混凝土造,1070427,115.8,2,1,2,有,有,有,18000,155,,0.0,0,,RPXNMLMLRHHGFAU77DC
花蓮市,房地(土地+建物),花蓮縣花蓮市中山路６５４號,0.0,住,,,1110823,土地0建物0車位0,二層,3,套房(1房1廳1衛),住商用,鋼筋混凝土造,0741108,70.6,1,1,2,有,無,有,5000,71,,0.0,0,,RPUNMLMLRHHGFAU37CC
花蓮市,房地(土地+建物),花蓮縣花蓮市中山路６５４號,0.0,住,,,1110901,土地0建物1車位0,一層,3,店面(店鋪),住商用,鋼筋混凝土造,0741108,55.12,0,1,2,有,無,無,25000,454,,0.0,0,,RPVNMLMLRHHGFAU47CC
花蓮市,建物,花蓮縣花蓮市國富二十街５８號５樓之６,0.0,住,,,1110828,土地0建物0車位0,五層,5,套房(1房1廳1衛),住家用,鋼筋混凝土造,0830425,26.73,1,0,1,有,無,有,6000,224,,0.0,0,,RPWNMLMLRHHGFAU57CC
吉安鄉,建物,花蓮縣吉安鄉中央路三段６１２號三樓,0.0,住,,,1110917,土地0建物0車位0,三層,5,套房(1房1廳1衛),旅館,鋼筋混凝土造,1100224,25.78,1,0,1,有,無,有,8500,330,,0.0,0,,RPPOMLMLRHHGFAU96CC
吉安鄉,建物,花蓮縣吉安鄉中央路三段６１２號三樓,0.0,住,,,1110920,土地0建物0車位0,三層,5,套房(1房1廳1衛),旅館,鋼筋混凝土造,1100224,19.83,1,0,1,有,無,有,8000,403,,0.0,0,,RPQOMLMLRHHGFAU07CC
吉安鄉,房地(土地+建物),花蓮縣吉安鄉慶北三街４５０巷３弄２號,100.0,住,,,1110830,土地1建物1車位0,全,2,透天厝,住家用,鋼筋混凝土造,0680424,90.21,3,2,2,有,無,有,12000,133,,0.0,0,,RPROMLNLRHHGFAU27CC
花蓮市,房地(土地+建物),花蓮縣花蓮市國民十二街５３號四樓之二,7.99,住,,,1110902,土地1建物1車位0,四層,5,套房(1房1廳1衛),住家用,鋼筋混凝土造,0850130,30.1,1,0,1,有,有,有,6500,216,,0.0,0,,RPSOMLNLRHHGFAU37CC
花蓮市,建物,花蓮縣花蓮市福建街１５４號,0.0,住,,,1110904,土地0建物1車位0,一層,4,店面(店鋪),住商用,鋼筋混凝土造,0840119,51.14,0,0,0,無,無,有,8000,156,,0.0,0,,RPSNMLRLRHHGFAU67CC
花蓮市,房地(土地+建物),花蓮縣花蓮市國興五街８２號,87.0,住,,,1110927,土地1建物1車位0,全,2,透天厝,住商用,鋼筋混凝土加強磚造,0680622,107.57,3,2,2,有,無,有,14000,130,,0.0,0,,RPSOMLRLRHHGFAU87DC
花蓮市,房地(土地+建物),花蓮縣花蓮市大禹街７８號,35.0,商,,,1110925,土地1建物1車位0,見其他登記事項,4,店面(店鋪),住商用,鋼筋混凝土造,0680212,113.16,0,0,0,無,無,無,30000,265,,0.0,0,,RPTNMLSLRHHGFAU97DC
花蓮市,房地(土地+建物),花蓮縣花蓮市中和街１９１巷５號５樓,26.83,住,,,1110907,土地1建物1車位0,五層,5,公寓(5樓含以下無電梯),住家用,鋼筋混凝土造,0750402,94.42999999999999,3,2,1,有,無,有,10000,106,,0.0,0,,RPUNMLTLRHHGFAU08CC
花蓮市,房地(土地+建物),花蓮縣花蓮市公正街３７之６號,2.5,商,,,1110901,土地1建物1車位0,一層,12,店面(店鋪),商業用,鋼筋混凝土造,0830630,29.66,0,1,0,有,有,無,5000,169,,0.0,0,,RPXNMLTLRHHGFAU38CC
花蓮市,建物,花蓮縣花蓮市府前路２９８號,0.0,住,,,1110920,土地0建物0車位0,全,4,透天厝,住家用,鋼筋混凝土造,0971002,19.83,0,0,0,無,有,有,12000,605,,0.0,0,,RPQQMLTLRHHGFAU97CC
花蓮市,建物,花蓮縣花蓮市明心街１-２２號二樓,0.0,住,,,1110923,土地0建物0車位0,三層,4,套房(1房1廳1衛),住家用,鋼筋混凝土造,1051228,28.0,1,0,1,有,無,有,8500,304,,0.0,0,,RPOOMLKMRHHGFAU76CC
花蓮市,房地(土地+建物),花蓮縣花蓮市中美路２４８號,157.0,商,,,1110929,土地2建物1車位0,一層,3,店面(店鋪),住家用,鋼筋混凝土造,1110526,120.62,0,1,1,有,無,有,25000,207,,0.0,0,,RPUNMLNJIIHGFAU09CC
花蓮市,建物,花蓮縣花蓮市建國路二段４７２巷９號,0.0,住,,,1110919,土地0建物0車位0,二層,2,套房(1房1廳1衛),住家用,鋼筋混凝土造,0750930,23.0,1,0,1,有,無,有,6500,283,,0.0,0,,RPQOMLNJIIHGFAU78CC
花蓮市,房地(土地+建物),花蓮縣花蓮市豐村６號４F-７,9.06,住,,,1110927,土地1建物1車位0,四層,5,華廈(10層含以下有電梯),集合住宅,鋼筋混凝土造,1080701,23.7,2,1,1,有,有,有,17000,717,,0.0,0,,RPUOMLNJIIHGFAU56CC
新城鄉,建物,花蓮縣新城鄉民族路９３號,0.0,商,,,1111003,土地0建物0車位0,五層,5,套房(1房1廳1衛),住家用,鋼筋混凝土造,1060731,36.89,1,0,1,有,無,有,9500,258,,0.0,0,五樓房間含陽露臺,RPWOMLNJIIHGFAU76CC
花蓮市,房地(土地+建物),花蓮縣花蓮市文光街１１１號,71.0,住,,,1110919,土地1建物1車位0,全,1,透天厝,住家用,鋼筋水泥磚、木造,0630104,50.81,2,1,1,有,無,有,7000,138,,0.0,0,,RPQNMLOJIIHGFAU78CC
花蓮市,房地(土地+建物),花蓮縣花蓮市光復街３５號,48.0,商,,,1110929,土地1建物1車位0,全,1,透天厝,住商用,木造,,42.34,2,1,1,有,無,有,16000,378,,0.0,0,,RPQOMLOJIIHGFAU98DC
花蓮市,建物,花蓮縣花蓮市建國路二段４７２巷９號,0.0,住,,,1110920,土地0建物0車位0,一層,2,套房(1房1廳1衛),住家用,鋼筋混凝土造,0750930,23.0,1,0,1,有,無,有,5500,239,,0.0,0,,RPTNMLPJIIHGFAU56CC
花蓮市,建物,花蓮縣花蓮市明禮路１８之１號,0.0,住,,,1111004,土地0建物0車位0,一層,4,店面(店鋪),住商用,鋼筋混凝土加強磚造,0691103,54.48,0,0,0,無,無,有,12500,229,,0.0,0,,RPTOMLQJIIHGFAU76CC
花蓮市,建物,花蓮縣花蓮市明禮路１８之２號,0.0,住,,,1111004,土地0建物0車位0,一層,4,店面(店鋪),住商用,鋼筋混凝土加強磚造,0691103,53.2,0,0,0,無,無,有,12500,235,,0.0,0,,RPVOMLQJIIHGFAU96CC
花蓮市,建物,花蓮縣花蓮市明心街１之２２號二樓,0.0,住,,,1111003,土地0建物0車位0,二層,4,套房(1房1廳1衛),住家用,鋼筋混凝土造,1051228,19.83,1,0,1,有,無,有,8500,429,,0.0,0,2樓D室,RPXOMLQJIIHGFAU17CC
新城鄉,建物,花蓮縣新城鄉民族路８３號,0.0,商,,,1111004,土地0建物0車位0,五層,5,套房(1房1廳1衛),住家用,鋼筋混凝土造,1070514,45.97,1,0,1,有,無,有,10000,218,,0.0,0,5樓房間,RPSOMLRJIIHGFAU76CC
吉安鄉,建物,花蓮縣吉安鄉建國路二段２７７-２號,0.0,住,,,1110913,土地0建物0車位0,全,4,透天厝,住商用,鋼筋混凝土造,0931007,60.63,0,0,0,無,無,無,18000,297,,0.0,0,,RPROMLLKIIHGFAU78CC
吉安鄉,房地(土地+建物),花蓮縣吉安鄉中華路２段９３號５樓-１,9.38,商,,,1111011,土地1建物1車位0,五層,14,住宅大樓(11層含以上有電梯),住家用,鋼筋混凝土造,0831028,95.05000000000001,3,2,2,有,無,有,16000,168,,0.0,0,,RPVOMLMKIIHGFAU66CC
吉安鄉,房地(土地+建物),花蓮縣吉安鄉文化七街３２巷８號,77.25,住,,,1111010,土地1建物1車位0,全,3,透天厝,住家用,鋼筋混凝土造,0840726,130.37,4,2,2,有,無,有,15000,115,,0.0,0,,RPSPMLMKIIHGFAU09CC
吉安鄉,房地(土地+建物),花蓮縣吉安鄉南海三街２７０巷１９號,107.0,,特定農業區,甲種建築用地,1110923,土地1建物1車位0,全,2,透天厝,住家用,鋼筋混凝土加強磚造,0701019,97.4,4,2,2,有,無,無,13000,133,,0.0,0,,RPTPMLMKIIHGFAU56CC
花蓮市,房地(土地+建物),花蓮縣花蓮市中山路７２４巷１９號,80.0,住,,,1110929,土地1建物1車位0,全,2,透天厝,住商用,鋼筋混凝土加強磚造,0690612,107.84,3,2,2,有,無,無,20000,185,,0.0,0,,RPSNMLOKIIHGFAU09CC
新城鄉,房地(土地+建物),花蓮縣新城鄉復興路３５２號,78.0,住,,,1111012,土地1建物1車位0,全,3,透天厝,住商用,鋼筋混凝土造,0830409,171.21,4,2,5,有,無,有,20000,117,,0.0,0,,RPWNMLOKIIHGFAU86CC
吉安鄉,土地,吉興段707地號,818.58,工,,,1111001,土地1建物0車位0,,,其他,,,,0.0,0,0,0,有,無,無,30000,37,,0.0,0,,RPPOMLRKIIHGFAU66DC
花蓮市,建物,花蓮縣花蓮市中正路５８２之２號,0.0,商,,,1111004,土地0建物0車位0,見其他登記事項,3,店面(店鋪),住商用,鋼筋混凝土造,0760831,94.77,0,0,0,無,無,無,60000,633,,0.0,0,,RPQNMLSKIIHGFAU66CC
花蓮市,建物,花蓮縣花蓮市林森路２１０-６號,0.0,商,,,1111006,土地0建物0車位0,地下層,4,店面(店鋪),店舖、人行、避難室,鋼筋混凝土造,0771215,100.64,0,0,0,無,無,無,15000,149,,0.0,0,,RPRNMLSKIIHGFAU76CC
花蓮市,房地(土地+建物),花蓮縣花蓮市復興街４２號,17.2,商,,,1111012,土地1建物1車位0,四層,4,公寓(5樓含以下無電梯),住家用,鋼筋混凝土造,0640924,68.38,3,1,1,有,無,有,10000,146,,0.0,0,,RPXOMLSKIIHGFAU47CC
花蓮市,房地(土地+建物)+車位,花蓮縣花蓮市東興一街７９巷２０號１０樓之１,49.02,住,,,1111002,土地1建物1車位1,十層,14,住宅大樓(11層含以上有電梯),住家用,鋼筋混凝土造,0911202,199.54000000000002,4,2,2,有,有,有,15000,75,坡道平面,0.0,0,,RPQNMLTKIIHGFAU76CC
花蓮市,房地(土地+建物),花蓮縣花蓮市中正路４８４.４８６號,257.0,商,,,1111013,土地4建物2車位0,見其他登記事項,3,店面(店鋪),商業用,鋼筋混凝土造,0890916,659.84,0,0,0,無,無,有,280000,424,,0.0,0,,RPSNMLTKIIHGFAU96CC
花蓮市,房地(土地+建物),花蓮縣花蓮市中央路三段７３０號十一樓之十八,4.97,住,,,1110927,土地1建物1車位0,十一層,11,套房(1房1廳1衛),住家用,鋼筋混凝土造,0840819,36.54,1,0,1,有,有,有,6000,164,,0.0,0,,RPPPMLTKIIHGFAU86CC
花蓮市,房地(土地+建物),花蓮縣花蓮市中美三街７２號三樓之一,25.6,住,,,1110929,土地1建物1車位0,三層,7,華廈(10層含以下有電梯),住家用,鋼筋混凝土造,0830518,128.55,3,1,2,有,有,有,16500,128,,0.0,0,,RPRPMLTKIIHGFAU07CC
新城鄉,建物,花蓮縣新城鄉民族路９７號,0.0,商,,,1111019,土地0建物0車位0,三層,5,套房(1房1廳1衛),住家用,鋼筋混凝土造,1060808,32.19,1,0,1,有,無,有,9500,295,,0.0,0,,RPWPMLTKIIHGFAU57CC
花蓮市,建物,花蓮縣花蓮市國盛一街１８８號,0.0,商,,,1110921,土地0建物0車位0,一層,6,店面(店鋪),住商用,鋼筋混凝土造,0770208,58.58,0,0,0,無,有,有,8500,145,,0.0,0,,RPQOMLKLIIHGFAU68CC
花蓮市,房地(土地+建物),花蓮縣花蓮市國富十街１３６號五樓之五,89.8,住,,,1110922,土地1建物1車位0,五層,5,華廈(10層含以下有電梯),住家用,鋼筋混凝土造,0850130,72.39999999999999,2,1,1,有,有,有,10000,138,,0.0,0,,RPSOMLKLIIHGFAU88CC
吉安鄉,房地(土地+建物),花蓮縣吉安鄉文化七街３２巷８號,77.25,住,,,1111002,土地1建物1車位0,全,3,透天厝,住家用,鋼筋混凝土造,0840726,130.37,4,2,2,有,無,有,15000,115,,0.0,0,,RPQPMLLLIIHGFAU88CC
吉安鄉,房地(土地+建物),花蓮縣吉安鄉建國路一段５９號,110.15,住,,,1111017,土地1建物1車位0,全,4,透天厝,單身宿舍、廠房、貯藏室,鋼筋混凝土造,0810130,310.46,0,0,0,無,無,無,30000,97,,0.0,0,,RPTPMLLLIIHGFAU56CC
花蓮市,建物,花蓮縣花蓮市中華路１１２號，中正路４６０號,0.0,商,,,1111001,土地0建物0車位0,全,4,透天厝,住商用,鋼筋混凝土加強磚造,0671115,20.0,1,0,1,有,無,有,12000,600,,0.0,0,承租頂樓加蓋5樓,RPSNMLLLIIHGFAU98DC
花蓮市,房地(土地+建物),花蓮縣花蓮市府前路４９８-２號３樓,24.82,住,,,1111015,土地3建物1車位0,三層,5,公寓(5樓含以下無電梯),住家用,鋼筋混凝土造,0740916,92.08,3,2,2,有,無,有,16000,174,,0.0,0,,RPUOMLPLIIHGFAU96CC
花蓮市,房地(土地+建物),花蓮縣花蓮市中興路６號四樓之五,5.5,商,,,1111001,土地1建物1車位0,四層,10,套房(1房1廳1衛),住家用,鋼筋混凝土造,0870507,46.74,1,0,0,無,有,有,8500,182,,0.0,0,,RPQNMLQLIIHGFAU56CC
花蓮市,建物,花蓮縣花蓮市明心街１-２２號二樓,0.0,住,,,1111011,土地0建物0車位0,四層,4,套房(1房1廳1衛),住家用,鋼筋混凝土造,1051228,19.83,1,0,1,有,無,有,8000,403,,0.0,0,,RPRNMLRLIIHGFAU76CC
花蓮市,建物,花蓮縣花蓮市中山路３３５-１號,0.0,,,,1110928,土地0建物0車位0,二層,3,套房(1房1廳1衛),住商用,鋼筋混凝土造,0630104,16.0,0,0,0,無,無,有,8800,550,,0.0,0,,RPRNMLMJJIHGFAU78CC
花蓮市,房地(土地+建物),花蓮縣花蓮市節約街４９號１樓,44.0,商,,,1111023,土地1建物1車位0,一層,2,店面(店鋪),住商用,鋼筋混凝土造,,51.48,0,0,0,無,無,有,25000,486,,0.0,0,,RPTNMLMJJIHGFAU98CC
吉安鄉,房地(土地+建物),花蓮縣吉安鄉中山路三段３５３號,437.0,住,,,1111005,土地1建物1車位0,一層,1,店面(店鋪),店鋪,鋼骨或鋼骨混合造,1110914,254.53,0,1,1,有,無,無,100000,393,,0.0,0,,RPOPMLNJJIHGFAU78CC
花蓮市,房地(土地+建物),花蓮縣花蓮市國盛一街１６３號４樓之２,11.49,商,,,1111017,土地1建物1車位0,四層,10,華廈(10層含以下有電梯),住家用,鋼筋混凝土造,0821029,76.72999999999999,1,2,1,有,有,有,12000,156,,0.0,0,,RPQNMLOJJIHGFAU88CC
吉安鄉,房地(土地+建物),花蓮縣吉安鄉中央路二段１７１巷２７號,100.0,住,,,1111025,土地2建物1車位0,全,3,透天厝,住家用,鋼筋混凝土造,0840810,201.69,5,2,4,有,無,有,24000,119,,0.0,0,,RPOPMLOJJIHGFAU88CC
花蓮市,建物,花蓮縣花蓮市東興路３０９巷６號,0.0,住,,,1111010,土地0建物0車位0,二層,3,套房(1房1廳1衛),住家用,鋼筋混凝土造,0791201,61.95,1,0,1,有,無,有,5500,89,,0.0,0,,RPQPMLOJJIHGFAU09CC
花蓮市,房地(土地+建物),花蓮縣花蓮市中正路４號,119.0,住,,,1111101,土地2建物1車位0,全,1,透天厝,住家用,木造,,98.1,4,0,0,有,無,有,20000,204,,0.0,0,,RPRPMLOJJIHGFAU56CC
花蓮市,房地(土地+建物),花蓮縣花蓮市國聯五路１２７號２樓之１,7.28,商,,,1111103,土地1建物1車位0,二層,5,套房(1房1廳1衛),商業用,鋼筋混凝土造,0750712,37.06,1,0,1,有,無,有,6000,162,,0.0,0,,RPTPMLOJJIHGFAU76CC
吉安鄉,建物,花蓮縣吉安鄉中央路三段６１２號五樓,0.0,住,,,1111103,土地0建物0車位0,五層,5,套房(1房1廳1衛),旅館,鋼筋混凝土造,1100224,22.84,1,0,1,有,無,有,8500,372,,0.0,0,502室,RPUPMLOJJIHGFAU86CC
吉安鄉,建物,花蓮縣吉安鄉中央路三段６１２號四樓,0.0,住,,,1111105,土地0建物0車位0,四層,5,套房(1房1廳1衛),旅館,鋼筋混凝土造,1100224,23.14,1,0,1,有,無,有,8500,367,,0.0,0,402室,RPQOMLRJJIHGFAU66CC
花蓮市,建物,花蓮縣花蓮市國風街２０之２號,0.0,住,,,1111102,土地0建物0車位0,夾層,5,華廈(10層含以下有電梯),住家用,鋼筋混凝土造,0821214,17.72,2,1,1,有,有,有,5000,282,,0.0,0,,RPSOMLRJJIHGFAU07EC
吉安鄉,房地(土地+建物),花蓮縣吉安鄉文化六街６７之３號,99.95,住,,,1111029,土地1建物1車位0,全,4,透天厝,住家用,鋼筋混凝土造,0950324,226.39,4,2,5,有,無,無,20000,88,,0.0,0,,RPVNMLTJJIHGFAU27CC
花蓮市,房地(土地+建物),花蓮縣花蓮市長安街２６號六樓之七,5.7,住,,,1111104,土地1建物1車位0,六層,16,套房(1房1廳1衛),住家用,鋼筋混凝土造,0851029,42.34,1,0,1,有,有,有,6600,156,,0.0,0,水電瓦斯費、網路費及每月管理費600元由承租人另外負擔。,RPQOMLTJJIHGFAU86CC
吉安鄉,房地(土地+建物),花蓮縣吉安鄉全民街３６號五樓,54.28,,鄉村區,乙種建築用地,1111104,土地1建物1車位0,五層,5,華廈(10層含以下有電梯),住家用,鋼筋混凝土造,0880414,140.13,4,2,2,有,無,有,13500,96,,0.0,0,水電瓦斯費、網路費及每月管理費200元由承租人另外負擔。,RPROMLTJJIHGFAU96CC
吉安鄉,房地(土地+建物),花蓮縣吉安鄉東海三街１０號６F,23.65,住,,,1111104,土地1建物1車位0,六層,6,華廈(10層含以下有電梯),住家用,鋼筋混凝土造,0831103,113.87,3,2,2,有,無,有,13000,114,,0.0,0,,RPQPMLTJJIHGFAU96CC
花蓮市,房地(土地+建物),花蓮縣花蓮市南京路１４７號５F-２,6.15,商,,,1111101,土地1建物1車位0,見其他登記事項,5,套房(1房1廳1衛),住家用,鋼筋混凝土造,0820615,26.58,1,0,1,有,有,有,5000,188,,0.0,0,,RPQNMLKKJIHGFAU58CC
吉安鄉,土地,慶豐段316地號,495.0,其他,,,1111109,土地1建物0車位0,,,其他,,,,0.0,0,0,0,有,無,有,100000,202,,0.0,0,,RPRNMLKKJIHGFAU68CC
花蓮市,房地(土地+建物)+車位,花蓮縣花蓮市國盛五街６８號３樓之７,29.31,住,,,1111105,土地1建物1車位1,三層,6,華廈(10層含以下有電梯),住家用,鋼筋混凝土造,0820412,117.66,2,2,2,有,有,有,12500,106,一樓平面,16.73,0,,RPVNMLKKJIHGFAU09CC
花蓮市,建物,花蓮縣花蓮市博愛街１０９號,0.0,商,,,1111012,土地0建物0車位0,一層,3,店面(店鋪),住商用,鋼筋混凝土加強磚造,0601124,29.98,0,0,0,無,無,無,10000,334,,0.0,0,,RPOOMLKKJIHGFAU48CC
