﻿編號,土地位置,土地移轉面積(平方公尺),使用分區或編定,權利人持分分母,權利人持分分子,移轉情形,地號
The serial number, land position,land shifting area square meter,the use zoning or compiles and checks,,,,land parcel
RPQNMLRJJIHGFCV76DA,廣原段,7367.00,非都市：山坡地保育區 ; 非都市編定：農牧用地,1,1,全筆移轉,08540001
RPTNMLKKJIHGFAV88DA,泰安段,75.06,非都市：鄉村區 ; 非都市編定：乙種建築用地,1,1,全筆移轉,05300000
RPUNMLRKJIHGFCV27DA,中華段,164.59,,1,1,全筆移轉,11780023
RPUNMLRKJIHGFCV27DA,中華段,326.22,,1,1,全筆移轉,11790016
RPUNMLRKJIHGFCV27DA,中華段,13.76,,1,1,全筆移轉,12010019
RPPNMLLKJIHGFDV98EA,秀山段,6.53,都市：其他:旅館區,100000,105,持分移轉,06590003
RPPNMLRKJIHGFCV76DA,慶福段,3.64,都市：其他:道路用地,1,1,全筆移轉,03330006
RPQNMLRJJIHGFDV86DA,秀山段,8.08,都市：其他:出租旅館區,10000,7,持分移轉,07230000
RPQNMLOJJIHGFDV56DA,樂山段,11564.36,非都市：山坡地保育區 ; 非都市編定：農牧用地,1,1,全筆移轉,05830000
RPPNMLRKJIHGFCV76DA,慶福段,105.20,都市：其他:住宅區,1,1,全筆移轉,04020000
RPQNMLRJJIHGFDV86DA,秀山段,.00,都市：其他:道路用地,10000,7,持分移轉,07230001
RPVNMLRKJIHGFCV37DA,中華段,164.87,,1,1,全筆移轉,11780015
RPVNMLRKJIHGFCV37DA,中華段,326.27,都市：其他:住宅區,1,1,全筆移轉,11790007
RPVNMLRKJIHGFCV37DA,中華段,13.43,都市：其他:住宅區,1,1,全筆移轉,12010011
RPRNMLTJJIHGFAV86DA,知本段,2545.00,非都市：特定農業區 ; 非都市編定：農牧用地,2,1,持分移轉,83950000
RPSNMLSJJIHGFAV86DA,建樂段,11.06,都市：其他:住宅區,10000,620,持分移轉,05620000
RPPNMLQKJIHGFAV09DA,順天段,2557.87,都市：其他:農業區,1,1,全筆移轉,05430000
RPPNMLQKJIHGFAV09DA,順天段,1684.16,都市：其他:農業區,1,1,全筆移轉,05440000
RPPNMLQKJIHGFAV09DA,順天段,175.42,都市：其他:農業區,1,1,全筆移轉,05450001
RPRNMLRKJIHGFAV76DA,利家段,3666.00,非都市：特定農業區 ; 非都市編定：農牧用地,1,1,全筆移轉,53470001
RPRNMLRKJIHGFAV76DA,利家段,3666.00,非都市：特定農業區 ; 非都市編定：農牧用地,1,1,全筆移轉,53470002
RPRNMLRKJIHGFAV76DA,利家段,3666.00,非都市：特定農業區 ; 非都市編定：農牧用地,1,1,全筆移轉,53470003
RPQNMLNJJIHGFBV88DA,成功段,244.29,都市：其他:住宅區,1,1,全筆移轉,05120000
RPQNMLNJJIHGFBV88DA,成功段,116.81,都市：其他:學校用地,1,1,全筆移轉,05200001
RPQNMLNJJIHGFBV88DA,成功段,17.65,,1,1,全筆移轉,05570001
RPQNMLOKJIHGFBV09DA,大霸來段,2133.54,非都市：風景區 ; 非都市編定：農牧用地,1,1,全筆移轉,03030000
RPSNMLRKJIHGFAV86DA,普優瑪段,457.20,都市：其他:住宅區,1,1,全筆移轉,06700000
RPSNMLRKJIHGFAV86DA,普優瑪段,113.56,都市：其他:住宅區,1,1,全筆移轉,06730000
RPPNMLLLJIHGFDV98DA,秀山段,15.00,都市：其他:出租旅館區,10000,13,持分移轉,07230000
RPPNMLLLJIHGFDV98DA,秀山段,.00,都市：其他:道路用地,10000,13,持分移轉,07230001
RPSNMLNLJIHGFAV56DA,建興段,1.00,都市：其他:農業區,1,1,全筆移轉,06530000
RPSNMLNLJIHGFAV56DA,建興段,4957.00,都市：其他:農業區,1,1,全筆移轉,07060000
RPPNMLOJJIHGFCV98DA,四維段,79.21,非都市：一般農業區 ; 非都市編定：甲種建築用地,1,1,全筆移轉,10750000
RPPNMLMLJIHGFBV88DA,馬稼海段,5851.90,非都市：風景區 ; 非都市編定：農牧用地,1,1,全筆移轉,04920000
RPQNMLNLJIHGFAV98DA,豐利段,1023.67,都市：其他:農業區,1,1,全筆移轉,10940002
RPVNMLOKJIHGFAV86DA,合江段,31.21,非都市：鄉村區 ; 非都市編定：交通用地,12,4,持分移轉,02380000
RPPNMLMLJIHGFAV78DA,台東段,118.00,都市：其他:住宅區,1,1,全筆移轉,00160037
RPTNMLNLJIHGFAV66DA,豐利段,2047.34,都市：其他:農業區,1,1,全筆移轉,10940003
TPVNMLOKJIHGFAV07DA,合江段,5.26,非都市：風景區 ; 非都市編定：交通用地,12,4,持分移轉,02400000
RPPNMLOKJIHGFBV98DA,濱海段,129.68,都市：其他:商業區,1,1,全筆移轉,04400000
RPPNMLOKJIHGFBV98DA,濱海段,6.88,都市：其他:住宅區,1,1,全筆移轉,04640000
RPPNMLRJJIHGFAV09DA,台東段,88.00,都市：其他:住宅區,1,1,全筆移轉,00080403
RPPNMLRJJIHGFAV09DA,台東段,11.00,都市：其他:住宅區,1,1,全筆移轉,00080409
SPVNMLOKJIHGFAV96DA,合江段,292.30,非都市：風景區 ; 非都市編定：交通用地,12,4,持分移轉,02390000
RPRNMLQKJIHGFBV76DA,新港段新港小段,2300.00,非都市：風景區 ; 非都市編定：農牧用地,1,1,全筆移轉,07490000
UPVNMLOKJIHGFAV17DA,合江段,39.60,非都市：鄉村區 ; 非都市編定：交通用地,12,4,持分移轉,02410000
SPUNMLOKJIHGFAV86DA,合江段,292.30,非都市：風景區 ; 非都市編定：交通用地,12,4,持分移轉,02390000
RPUNMLOKJIHGFAV76DA,合江段,31.21,非都市：鄉村區 ; 非都市編定：交通用地,12,4,持分移轉,02380000
RPPNMLSLJIHGFAV76DA,台東段,21.31,都市：其他:住宅區,1000,21,持分移轉,00010062
TPUNMLOKJIHGFAV96DA,合江段,5.26,非都市：風景區 ; 非都市編定：交通用地,12,4,持分移轉,02400000
RPVNMLSJJIHGFAV17DA,永樂段,87.00,都市：其他:住宅區,1,1,全筆移轉,01220004
RPQNMLSLJIHGFBV96DA,城仔埔段,1162.81,非都市：風景區 ; 非都市編定：農牧用地,1,1,全筆移轉,01530000
RPWNMLOKJIHGFAV96DA,合江段,15.60,非都市：鄉村區 ; 非都市編定：交通用地,6,1,持分移轉,02380000
RPQNMLNLJIHGFDV66DA,秀山段,6.53,都市：其他:旅館區,100000,105,持分移轉,06590003
UPUNMLOKJIHGFAV07DA,合江段,39.60,非都市：鄉村區 ; 非都市編定：交通用地,12,4,持分移轉,02410000
UPWNMLOKJIHGFAV27DA,合江段,19.80,非都市：鄉村區 ; 非都市編定：交通用地,6,1,持分移轉,02410000
RPPNMLMKJIHGFAV68DA,中心段,73.00,都市：其他:住宅區,1,1,全筆移轉,06670000
SPWNMLOKJIHGFAV07DA,合江段,146.15,非都市：風景區 ; 非都市編定：交通用地,6,1,持分移轉,02390000
TPWNMLOKJIHGFAV17DA,合江段,2.63,非都市：風景區 ; 非都市編定：交通用地,6,1,持分移轉,02400000
SPTNMLOKJIHGFAV76DA,合江段,146.15,非都市：風景區 ; 非都市編定：交通用地,6,1,持分移轉,02390000
TPTNMLOKJIHGFAV86DA,合江段,2.63,非都市：風景區 ; 非都市編定：交通用地,6,1,持分移轉,02400000
UPTNMLOKJIHGFAV96DA,合江段,19.80,非都市：鄉村區 ; 非都市編定：交通用地,6,1,持分移轉,02410000
RPTNMLOKJIHGFAV66DA,合江段,15.60,非都市：鄉村區 ; 非都市編定：交通用地,6,1,持分移轉,02380000
RPWNMLNLJIHGFAV96DA,台東段,3.10,都市：其他:商業區,12000,42,持分移轉,05140000
RPWNMLNLJIHGFAV96DA,台東段,.02,都市：其他:道路用地,12000,42,持分移轉,05140016
RPQNMLKMJIHGFAV78DA,新中寮段,85.78,都市：其他:道路用地,1,1,全筆移轉,03000000
RPPNMLOLJIHGFAV98DA,東農段,429.53,非都市：特定農業區 ; 非都市編定：甲種建築用地,1,1,全筆移轉,04440000
RPPNMLOLJIHGFAV98DA,東農段,466.60,非都市：特定農業區 ; 非都市編定：甲種建築用地,1,1,全筆移轉,04440003
RPPNMLOLJIHGFAV98DA,東農段,127.95,非都市：特定農業區 ; 非都市編定：甲種建築用地,1,1,全筆移轉,04440004
RPPNMLSLJIHGFBV86DA,馬稼海段,5945.87,非都市：風景區 ; 非都市編定：農牧用地,1,1,全筆移轉,04910000
RPRNMLKMJIHGFAV88DA,新中寮段,218.90,都市：其他:住宅區,1,1,全筆移轉,03010000
RPQNMLLJKIHGFBV78DA,忠仁段,112.35,都市：其他:住宅區,1,1,全筆移轉,11760000
RPUNMLKMJIHGFAV56DA,德安段,29.33,都市：其他:住宅區,1,1,全筆移轉,05460003
RPVNMLKMJIHGFAV66DA,中山段,117.00,都市：其他:住宅區,1,1,全筆移轉,07800000
RPTNMLKMJIHGFAV09DA,德安段,60.56,都市：其他:住宅區,1,1,全筆移轉,05460002
RPQOMLKMJIHGFAV88DA,中山段,76.00,都市：其他:住宅區,1,1,全筆移轉,09570000
RPXNMLKMJIHGFAV86DA,台東段,4.00,都市：其他:道路用地,1,1,全筆移轉,01600714
RPVNMLLJKIHGFAV56DA,普優瑪段,94.91,都市：其他:住宅區,1,1,全筆移轉,04040000
RPSNMLMLJIHGFAV09DA,建業段,216.00,都市：其他:農業區,1,1,全筆移轉,08170000
RPSNMLMLJIHGFAV09DA,建業段,437.00,都市：其他:農業區,1,1,全筆移轉,08240000
RPVNMLPKJIHGFAV96DA,豐年段,11.62,都市：其他:住宅區,10000,45,持分移轉,00270003
RPPNMLTLJIHGFDV17DA,秀山段,6.53,都市：其他:旅館區,100000,105,持分移轉,06590003
RPPNMLMJKIHGFAV68DA,台東段,22.31,都市：其他:住宅區,100000,1378,持分移轉,00040009
RPPNMLKMJIHGFDV98DA,金富段,175.96,非都市：山坡地保育區 ; 非都市編定：農牧用地,1,1,全筆移轉,09480000
RPPNMLTLJIHGFBV96DA,新都威段,519.38,非都市：風景區 ; 非都市編定：農牧用地,1,1,全筆移轉,02240000
RPPNMLKMJIHGFDV98DA,金富段,29.91,非都市：山坡地保育區 ; 非都市編定：農牧用地,1,1,全筆移轉,09480001
RPSNMLMJKIHGFAV98DA,建國段,131.96,都市：其他:住宅區,1,1,全筆移轉,01030000
RPRNMLSLJIHGFBV07DA,新竹湖段,1301.97,非都市：風景區 ; 非都市編定：農牧用地,1,1,全筆移轉,02180000
RPRNMLSLJIHGFBV07DA,新竹湖段,50.28,非都市：風景區 ; 非都市編定：農牧用地,1,1,全筆移轉,02250000
RPQNMLMJKIHGFBV88DA,萬年段,141.00,非都市：鄉村區 ; 非都市編定：乙種建築用地,1,1,全筆移轉,09020000
RPQNMLMJKIHGFBV88DA,萬年段,150.00,非都市：鄉村區 ; 非都市編定：乙種建築用地,1,1,全筆移轉,09070001
RPPNMLPJKIHGFBV09DA,大俱來段,5113.68,非都市：風景區 ; 非都市編定：農牧用地,1,1,全筆移轉,00430000
RPQNMLQJKIHGFBV66DA,濱海段,14.09,都市：其他:道路用地,1197,465,持分移轉,01490000
RPQNMLQJKIHGFBV66DA,濱海段,.47,都市：其他:住宅區,1197,465,持分移轉,01540000
RPPNMLKLJIHGFDV88DA,秀山段,6.78,都市：其他:旅館區,100000,109,持分移轉,06590003
RPQNMLQJKIHGFBV66DA,濱海段,161.27,都市：其他:住宅區,1197,465,持分移轉,01550000
RPUNMLLJKIHGFAV09DA,富山段,1382.87,非都市：風景區 ; 非都市編定：農牧用地,1,1,全筆移轉,10350000
RPUNMLLJKIHGFAV09DA,富山段,2384.44,非都市：風景區 ; 非都市編定：農牧用地,1,1,全筆移轉,10370000
RPRNMLRJJIHGFAV66DA,建康段,222.31,都市：其他:道路用地,1,1,全筆移轉,00650000
SPSNMLRJJIHGFAV86DA,建康段,202.20,都市：其他:道路用地,1,1,全筆移轉,00790000
RPTNMLMLJIHGFAV56DA,豐田段,34.25,都市：其他:住宅區,16,2,持分移轉,14850000
RPTNMLMLJIHGFAV56DA,豐田段,44.00,都市：其他:公園兼兒童遊樂場用地,16,2,持分移轉,14850001
RPTNMLMLJIHGFAV56DA,豐田段,27.12,都市：其他:公園兼兒童遊樂場用地,16,2,持分移轉,14850002
RPTNMLMLJIHGFAV56DA,豐田段,35.12,都市：其他:公園兼兒童遊樂場用地,16,2,持分移轉,14850003
RPTNMLMLJIHGFAV56DA,豐田段,7.50,都市：其他:道路用地,16,2,持分移轉,14850004
RPTNMLMLJIHGFAV56DA,豐田段,42.50,都市：其他:道路用地,16,2,持分移轉,14850005
RPTNMLMLJIHGFAV56DA,豐田段,103.75,都市：其他:公園兼兒童遊樂場用地,16,2,持分移轉,14860000
RPTNMLMLJIHGFAV56DA,豐田段,3.62,都市：其他:道路用地,16,2,持分移轉,14860003
RPTNMLMLJIHGFAV56DA,豐田段,23.88,都市：其他:公園兼兒童遊樂場用地,16,2,持分移轉,14860004
RPTNMLMLJIHGFAV56DA,豐田段,1.38,都市：其他:公園兼兒童遊樂場用地,16,2,持分移轉,14860005
RPTNMLMLJIHGFAV56DA,豐田段,10.88,都市：其他:公園兼兒童遊樂場用地,16,2,持分移轉,14860009
RPTNMLMLJIHGFAV56DA,豐田段,4.50,都市：其他:機場用地,16,2,持分移轉,14860011
RPTNMLMLJIHGFAV56DA,豐田段,9.88,都市：其他:公園兼兒童遊樂場用地,16,2,持分移轉,14860014
RPTNMLMLJIHGFAV56DA,豐田段,5.00,都市：其他:住宅區,16,2,持分移轉,14890000
RPTNMLMLJIHGFAV56DA,豐田段,1.75,都市：其他:道路用地,16,2,持分移轉,14890001
RPTNMLMLJIHGFAV56DA,豐田段,118.75,都市：其他:公園兼兒童遊樂場用地,16,2,持分移轉,14890002
RPTNMLMLJIHGFAV56DA,豐田段,1.62,都市：其他:機場用地,16,2,持分移轉,14890004
RPTNMLMLJIHGFAV56DA,豐田段,14.00,都市：其他:道路用地,16,2,持分移轉,14890005
RPTNMLRJJIHGFAV86DA,建康段,239.95,都市：其他:道路用地,1,1,全筆移轉,00910000
RPWNMLKMJIHGFAV76DA,豐聖段,38.73,都市：其他:住宅區,1,1,全筆移轉,08460003
RPSNMLRJJIHGFAV76DA,建康段,245.81,都市：其他:道路用地,1,1,全筆移轉,00700000
RPUNMLRJJIHGFAV96DA,建康段,60.08,都市：其他:農業區,1,1,全筆移轉,00970000
RPVNMLRJJIHGFAV07DA,建康段,93.28,都市：其他:道路用地,1,1,全筆移轉,01040001
SPUNMLRJJIHGFAV07DA,建康段,18.20,都市：其他:道路用地,1,1,全筆移轉,01000001
RPWNMLRJJIHGFAV17DA,建康段,13.81,都市：其他:農業區,3,2,持分移轉,01080000
RPOOMLRJJIHGFAV09DA,建康段,31.62,都市：其他:農業區,1,1,全筆移轉,00860000
RPXNMLRJJIHGFAV27DA,建康段,6.91,都市：其他:農業區,3,1,持分移轉,01080000
RPPOMLRJJIHGFAV56DA,建康段,27.09,都市：其他:道路用地,1,1,全筆移轉,01200001
RPROMLRJJIHGFAV76DA,建康段,4.06,都市：其他:道路用地,1,1,全筆移轉,01140000
SPROMLRJJIHGFAV86DA,建華段,.92,都市：其他:道路用地,1,1,全筆移轉,15600000
RPQOMLRJJIHGFAV66DA,建華段,288.85,都市：其他:道路用地,1,1,全筆移轉,15360000
RPPNMLSJJIHGFCV76DA,紅葉段,6000.00,非都市：山坡地保育區 ; 非都市編定：農牧用地,1,1,全筆移轉,01050000
RPSNMLQJKIHGFAV76DA,豐聖段,2.67,都市：其他:住宅區,1,1,全筆移轉,00170004
RPOOMLKMJIHGFAV68DA,岩灣段,115.56,都市：其他:住宅區,1,1,全筆移轉,01430004
RPRNMLMJKIHGFAV88DA,台東段,83.00,都市：其他:住宅區,1,1,全筆移轉,00040354
SPSNMLQJKIHGFAV86DA,豐聖段,.05,都市：其他:住宅區,1,1,全筆移轉,00170005
TPSNMLQJKIHGFAV96DA,豐聖段,41.87,都市：其他:住宅區,1,1,全筆移轉,02490004
RPQNMLLLJIHGFAV78DA,新生段,5.95,都市：其他:住宅區,10000,24,持分移轉,00440000
RPPNMLPJIIHGFCV98DA,福文段,60.05,都市：其他:商業區,1,1,全筆移轉,06970000
RPQNMLQJIIHGFBV09DA,新美山段,985.39,非都市：風景區 ; 非都市編定：農牧用地,1,1,全筆移轉,03590000
RPPNMLSJJIHGFAV56DA,豐成段,57.80,非都市：特定農業區 ; 非都市編定：甲種建築用地,8,1,持分移轉,09150004
RPQNMLQJIIHGFBV09DA,新美山段,367.62,非都市：鄉村區 ; 非都市編定：乙種建築用地,1,1,全筆移轉,03630000
RPPNMLSJJIHGFAV56DA,豐成段,266.61,非都市：特定農業區 ; 非都市編定：甲種建築用地,1,1,全筆移轉,09150007
RPQNMLNKIIHGFDV09DA,秀山段,6.53,都市：其他:旅館區,100000,105,持分移轉,06590003
RPPNMLKKIIHGFBV48DA,忠智段,65.28,都市：其他:住宅區,1,1,全筆移轉,10200000
RPPNMLLKIIHGFDV78DA,復興段,268.59,都市：其他:商業區,1,1,全筆移轉,11450000
RPPNMLSKIIHGFDV86DA,秀山段,7.72,都市：其他:出租旅館區,10000,24,持分移轉,07280000
RPPNMLQKIIHGFCV56DA,康源段,2730.00,非都市：山坡地保育區 ; 非都市編定：農牧用地,4,3,持分移轉,02460000
RPQNMLRKIIHGFDV86DA,金富段,100.06,非都市：山坡地保育區 ; 非都市編定：丙種建築用地,1,1,全筆移轉,09630001
RPSOMLRJIIHGFAV76DA,永和段,86.09,非都市：一般農業區 ; 非都市編定：農牧用地,1,1,全筆移轉,11670000
RPTNMLNJIIHGFAV98DA,台東段,31.00,都市：其他:住宅區,6,1,持分移轉,06540219
RPTNMLNJIIHGFAV98DA,台東段,10.50,都市：其他:住宅區,6,1,持分移轉,06540247
RPTNMLNJIIHGFAV98DA,台東段,6.50,都市：其他:住宅區,6,1,持分移轉,06540494
RPPNMLKKIIHGFAV38DA,石壁段,1675.07,,1,1,全筆移轉,10070002
RPRNMLLLIIHGFBV88DA,三民段,251.66,都市：其他:住宅區,1,1,全筆移轉,01920000
RPRNMLLLIIHGFBV88DA,三民段,490.43,都市：其他:住宅區,1,1,全筆移轉,01930000
RPTNMLLLIIHGFAV98DA,青林段,949.37,非都市：一般農業區 ; 非都市編定：農牧用地,1,1,全筆移轉,05170000
RPRNMLNKIIHGFAV88DA,豐谷段,99.97,都市：其他:住宅區,1,1,全筆移轉,04130013
RPPNMLSKIIHGFBV66DA,仰光段,190.39,都市：其他:停車場用地,1,1,全筆移轉,05350000
RPQNMLNKIIHGFAV78DA,馬蘭段,101.00,都市：其他:住宅區,1,1,全筆移轉,16330010
RPXNMLOLIIHGFAV07DA,豐富段,68.47,都市：其他:住宅區,1,1,全筆移轉,00500000
RPPNMLOLIIHGFDV56DA,秀山段,202.71,都市：其他:農業區,4,1,持分移轉,05230001
RPUNMLLKIIHGFBV09DA,新都威段,2293.86,非都市：風景區 ; 非都市編定：林業用地,1,1,全筆移轉,10010000
RPVNMLOKIIHGFAV76DA,建樂段,17.04,,10000,955,持分移轉,05620000
RPPNMLPKIIHGFBV98DA,新都威段,308.07,非都市：風景區 ; 非都市編定：農牧用地,2,1,持分移轉,11460000
RPPNMLKLIIHGFAV48DA,利家段,106.00,非都市：鄉村區 ; 非都市編定：乙種建築用地,1,1,全筆移轉,76070000
RPSNMLTKIIHGFAV96DA,知本段,2572.00,非都市：特定農業區 ; 非都市編定：農牧用地,1,1,全筆移轉,79290005
RPPNMLPLIIHGFAV98DA,上岩灣段,405.76,非都市：特定農業區 ; 非都市編定：農牧用地,1,1,全筆移轉,13030001
RPPNMLOLIIHGFAV88DA,台東段,35.50,都市：其他:住宅區,2,1,持分移轉,01810009
RPVNMLPLIIHGFAV96DA,利家段,417.00,非都市：山坡地保育區 ; 非都市編定：丙種建築用地,1,1,全筆移轉,02030000
RPVNMLRLIIHGFAV17DA,台東段,462.00,都市：其他:農業區,4,1,持分移轉,07460002
RPPNMLSLIIHGFBV76DA,三間段大來小段,5820.00,非都市：風景區 ; 非都市編定：農牧用地,1,1,全筆移轉,08620000
RPSNMLRLIIHGFAV86DA,康樂段,1059.00,非都市：特定農業區 ; 非都市編定：農牧用地,1,1,全筆移轉,01590000
RPSNMLKLIIHGFAV78DA,利卡夢段,194.38,非都市：特定農業區 ; 非都市編定：農牧用地,1,1,全筆移轉,05500000
RPUNMLRKIIHGFAV96DA,豐年段,39.00,都市：其他:道路用地,1,1,全筆移轉,09540062
RPQNMLLLIIHGFCV88DA,大池段,173.46,非都市：鄉村區 ; 非都市編定：乙種建築用地,1,1,全筆移轉,08970000
RPUNMLOKIIHGFAV66DA,中清段,1300.07,都市：其他:農業區,1,1,全筆移轉,00830000
RPXNMLRLIIHGFAV37DA,岩灣段,159.79,都市：其他:住宅區,1,1,全筆移轉,03540003
RPQNMLOKIIHGFAV88DA,馬蘭段,52.00,都市：其他:住宅區,1,1,全筆移轉,16190008
RPQNMLOKIIHGFAV88DA,馬蘭段,25.00,都市：其他:住宅區,1,1,全筆移轉,16190009
RPQNMLOKIIHGFAV88DA,馬蘭段,25.00,都市：其他:住宅區,1,1,全筆移轉,16190010
RPQNMLOKIIHGFAV88DA,馬蘭段,25.00,都市：其他:住宅區,1,1,全筆移轉,16190011
RPRNMLKLIIHGFAV68DA,豐年段,55.21,都市：其他:住宅區,1,1,全筆移轉,00030081
RPPNMLKLIIHGFBV58DA,新港段新港小段,2300.00,非都市：風景區 ; 非都市編定：農牧用地,1,1,全筆移轉,07490000
RPQNMLLJJIHGFAV58DA,豐成段,144.03,非都市：特定農業區 ; 非都市編定：甲種建築用地,1,1,全筆移轉,08500000
RPPNMLTKIIHGFDV96DA,秀山段,10.39,都市：其他:出租旅館區,10000,9,持分移轉,07230000
RPPNMLTKIIHGFDV96DA,秀山段,.00,都市：其他:道路用地,10000,9,持分移轉,07230001
RPUNMLQJIIHGFAV76DA,台東段,82.00,都市：其他:住宅區,1,1,全筆移轉,11850003
RPRNMLRKIIHGFCV86DA,里壠段,2.97,都市：其他:道路用地,1,1,全筆移轉,02630000
RPRNMLRKIIHGFCV86DA,里壠段,52.95,都市：其他:商業區,1,1,全筆移轉,02640000
RPOOMLLMIIHGFAV68DA,豐谷段,96.00,都市：其他:住宅區,1,1,全筆移轉,09300000
RPPNMLOJJIHGFDV09DA,秀山段,6.53,都市：其他:旅館區,100000,105,持分移轉,06590003
RPPNMLLMIIHGFDV98DA,泰王段,18.45,都市：其他:人行步道用地,1,1,全筆移轉,04920000
RPRNMLPLIIHGFDV86DA,拉力坂段,7300.00,非都市：山坡地保育區 ; 非都市編定：林業用地,1,1,全筆移轉,00190000
RPQNMLPLIIHGFBV56DA,三民段,82.37,都市：其他:住宅區,1,1,全筆移轉,06300000
RPPNMLPLIIHGFCV56DA,慶豐段,6.65,非都市：鄉村區 ; 非都市編定：乙種建築用地,1,1,全筆移轉,09670001
RPPNMLLLIIHGFDV88DA,秀山段,6.91,都市：其他:旅館區,100000,111,持分移轉,06590003
RPTNMLMJJIHGFAV98DA,富岡南段,1902.72,非都市：風景區 ; 非都市編定：農牧用地,1,1,全筆移轉,02470000
RPOOMLRLIIHGFAV56DA,台東段,16.72,都市：其他:住宅區,10000,131,持分移轉,18050000
RPSNMLLMIIHGFAV98DA,馬蘭段,11.54,都市：其他:住宅區,10000,285,持分移轉,18030000
RPPNMLLMIIHGFBV78DA,南都歷段,2818.74,非都市：風景區 ; 非都市編定：農牧用地,1,1,全筆移轉,11860000
RPPNMLOJJIHGFAV78DA,豐年段,5.00,都市：其他:住宅區,10000,10,持分移轉,00270000
RPPNMLRKIIHGFBV56DA,南河段,121.25,都市：其他:住宅區,1,1,全筆移轉,04850000
RPPNMLRKIIHGFBV56DA,南河段,124.07,都市：其他:住宅區,1,1,全筆移轉,04860000
RPPNMLLJJIHGFCV68DA,南山段,132.00,都市：其他:住宅區,1,1,全筆移轉,00760000
RPPNMLMJJIHGFCV78DA,日出段,6140.00,非都市：山坡地保育區 ; 非都市編定：農牧用地,1,1,全筆移轉,15690000
RPRNMLOJJIHGFAV09EA,福德段,250.26,非都市：山坡地保育區 ; 非都市編定：農牧用地,1,1,全筆移轉,03200000
RPQNMLSLIIHGFBV86DA,新港段新港小段,82.00,非都市：風景區 ; 非都市編定：丙種建築用地,1,1,全筆移轉,02600025
RPSNMLNKIIHGFAV98DA,新生段,98.00,都市：其他:住宅區,1,1,全筆移轉,12950007
RPSNMLNKIIHGFAV98DA,新生段,31.00,都市：其他:住宅區,1,1,全筆移轉,12960000
RPSNMLNKIIHGFAV98DA,新生段,141.00,都市：其他:住宅區,1,1,全筆移轉,14170000
RPQNMLOJJIHGFCV09DA,鹿寮段,251.94,非都市：鄉村區 ; 非都市編定：乙種建築用地,1,1,全筆移轉,10620000
RPQNMLOJJIHGFCV09DA,鹿寮段,92.25,非都市：鄉村區 ; 非都市編定：交通用地,1,1,全筆移轉,10670000
RPQNMLOJJIHGFCV09DA,鹿寮段,1085.91,非都市：特定農業區 ; 非都市編定：農牧用地,1,1,全筆移轉,10790000
RPRNMLSJJIHGFBV86DA,忠勇段,174.28,都市：其他:住宅區,1,1,全筆移轉,05550000
RPPNMLRJJIHGFDV76DA,德其段,221.60,都市：其他:商業區,1,1,全筆移轉,03390001
RPRNMLOJJIHGFAV98DA,中清段,1547.41,都市：其他:農業區,50,21,持分移轉,01060000
RPRNMLSKIIHGFAV76DA,岩灣段,389.70,都市：其他:住宅區,1,1,全筆移轉,02840000
RPVNMLSLIIHGFAV27DA,豐年段,17.24,,1,1,全筆移轉,03230001
RPRNMLSJJIHGFAV76DA,德安段,22.88,都市：其他:住宅區,30000,183,持分移轉,00630000
RPRNMLSJJIHGFAV76DA,德安段,.16,都市：其他:道路用地,30000,183,持分移轉,00630001
RPRNMLSJJIHGFAV76DA,德安段,2.11,都市：其他:道路用地,30000,183,持分移轉,00630002
RPRNMLSJJIHGFAV76DA,德安段,.04,都市：其他:道路用地,30000,183,持分移轉,00630003
RPUNMLOLIIHGFAV76DA,豐年段,.50,都市：其他:住宅區,10000,1,持分移轉,00270000
RPOOMLSKIIHGFAV56DA,豐利段,2074.14,都市：其他:農業區,2,1,持分移轉,10570000
RPPNMLMJJIHGFBV68DA,仰光段,209.84,,1,1,全筆移轉,04580003
RPOOMLSKIIHGFAV56DA,豐利段,4.88,都市：其他:農業區,2,1,持分移轉,10570001
RPQNMLLKJIHGFCV88DA,福原段,100.33,都市：其他:住宅區,1,1,全筆移轉,04820000
RPPNMLTLIIHGFDV07DA,秀山段,6.53,都市：其他:旅館區,100000,105,持分移轉,06590003
RPPNMLTJJIHGFAV66DA,台東段,57.00,都市：其他:住宅區,1,1,全筆移轉,00100126
RPQNMLSLIIHGFAV76DA,豐康段,95.70,都市：其他:住宅區,1,1,全筆移轉,09480000
RPQNMLTLIIHGFDV17DA,秀山段,6.53,都市：其他:旅館區,100000,105,持分移轉,06590003
RPQNMLPKJIHGFAV09DA,興安段,244.12,都市：其他:住宅區,1,1,全筆移轉,03150000
RPRNMLPKJIHGFAV56DA,自強段,123.77,都市：其他:住宅區,1,1,全筆移轉,10430002
RPQNMLLLIIHGFAV68DA,光明段,5288.00,都市：其他:農業區,1,1,全筆移轉,07880000
RPPNMLKKJIHGFAV48DA,新生段,13.65,都市：其他:住宅區,10000,55,持分移轉,00440000
RPQNMLRKIIHGFBV66DA,新竹湖段,79.66,非都市：鄉村區 ; 非都市編定：乙種建築用地,1,1,全筆移轉,08270000
RPQNMLRKIIHGFBV66DA,新竹湖段,41.83,非都市：鄉村區 ; 非都市編定：乙種建築用地,1,1,全筆移轉,08280000
RPPNMLPLIIHGFBV09DA,阿都蘭段,5886.60,非都市：風景區 ; 非都市編定：農牧用地,1,1,全筆移轉,01350000
RPUNMLLLIIHGFAV09DA,東海段,22.69,都市：其他:住宅區,10000,38,持分移轉,01300000
RPUNMLLLIIHGFAV09DA,東海段,1.46,都市：其他:人行步道用地,10000,38,持分移轉,01300002
RPRNMLLLIIHGFAV78DA,台東段,11.77,都市：其他:住宅區,100000,727,持分移轉,00040009
RPUNMLMKIIHGFAV09DA,豐樂段,969.00,都市：其他:乙種工業區,1,1,全筆移轉,29980000
RPUNMLLMIIHGFAV56DA,台東段,22.75,都市：其他:住宅區,10000,1143,持分移轉,01290001
RPPNMLSJJIHGFBV66DA,新港段新港小段,2402.00,非都市：風景區 ; 非都市編定：農牧用地,1,1,全筆移轉,05410007
RPUNMLLMIIHGFAV56DA,台東段,9.49,都市：其他:住宅區,10000,1143,持分移轉,01290005
RPUNMLLMIIHGFAV56DA,台東段,.80,都市：其他:住宅區,10000,1143,持分移轉,01290013
RPUNMLLMIIHGFAV56DA,台東段,.69,都市：其他:住宅區,10000,1143,持分移轉,01290014
RPUNMLLMIIHGFAV56DA,台東段,.69,都市：其他:住宅區,10000,1143,持分移轉,01290015
RPTNMLQKJIHGFAV86DA,台東段,150.00,都市：其他:農業區,1,1,全筆移轉,07750059
RPRNMLSLIIHGFDV17DA,秀山段,6.53,都市：其他:旅館區,100000,105,持分移轉,06590003
RPUNMLQKJIHGFAV96DA,台東段,1023.00,都市：其他:農業區,1,1,全筆移轉,07750001
RPTNMLQKJIHGFBV96DA,新竹湖段,1969.54,非都市：風景區 ; 非都市編定：農牧用地,1,1,全筆移轉,10660000
RPTNMLQKJIHGFBV96DA,新竹湖段,31.65,非都市：風景區 ; 非都市編定：交通用地,1,1,全筆移轉,10670000
RPVNMLSKJIHGFBV37DA,北八里段,749.29,非都市：風景區 ; 非都市編定：農牧用地,1,1,全筆移轉,06230000
RPXNMLLMIIHGFAV86DA,中心段,124.00,都市：其他:住宅區,1,1,全筆移轉,14370007
RPSNMLSKJIHGFAV96DA,建華段,133.32,都市：其他:住宅區,1,1,全筆移轉,07600001
RPSNMLSKJIHGFAV96DA,建華段,16.34,都市：其他:住宅區,1,1,全筆移轉,07600002
RPUNMLSKJIHGFBV27DA,北都歷段,62.48,非都市：鄉村區 ; 非都市編定：乙種建築用地,1,1,全筆移轉,11280000
RPWNMLRLIIHGFAV27DA,東海段,282.46,都市：其他:道路用地,1,1,全筆移轉,05950000
SPWNMLRLIIHGFAV37DA,東海段,244.91,都市：其他:住宅區,1,1,全筆移轉,06040000
RPPNMLQKJIHGFBV56DA,北都蘭段,3190.07,非都市：風景區 ; 非都市編定：農牧用地,1,1,全筆移轉,00720000
RPPNMLTJJIHGFBV76DA,都豐段,1179.43,非都市：風景區 ; 非都市編定：農牧用地,1,1,全筆移轉,13050000
RPPNMLLLIIHGFAV58DA,岩灣段,259.70,都市：其他:商業區,1,1,全筆移轉,02100000
RPPNMLRKJIHGFBV66DA,田組段,4207.44,非都市：風景區 ; 非都市編定：農牧用地,1,1,全筆移轉,09260000
RPQNMLMLJIHGFAV98EA,中心段,140.00,都市：其他:住宅區,1,1,全筆移轉,14370001
RPWNMLMLJIHGFAV86DA,台東段,185.00,都市：其他:商業區,1,1,全筆移轉,05320006
RPTNMLSKJIHGFBV17DA,北八里段,312.77,非都市：風景區 ; 非都市編定：丙種建築用地,1,1,全筆移轉,06220000
RPTNMLLLJIHGFAV09DA,馬蘭段,37.45,都市：其他:住宅區,10000,649,持分移轉,17010000
RPPNMLNJJIHGFBV78DA,新美山段,755.06,非都市：鄉村區 ; 非都市編定：乙種建築用地,1,1,全筆移轉,05470000
RPRNMLSLIIHGFAV86DA,台東段,104.00,都市：其他:住宅區,1,1,全筆移轉,05420004
RPSNMLPLIIHGFAV66DA,富岡段,6234.83,非都市：風景區 ; 非都市編定：農牧用地,3,1,持分移轉,06280000
RPQNMLSJJIHGFBV76DA,和平南段,3794.66,非都市：風景區 ; 非都市編定：農牧用地,1,1,全筆移轉,05150000
RPQNMLRKJIHGFAV66DA,太平段,46.48,非都市：鄉村區 ; 非都市編定：乙種建築用地,1,1,全筆移轉,16760000
RPPNMLPKJIHGFBV09DA,加走灣段,6350.26,非都市：風景區 ; 非都市編定：農牧用地,1,1,全筆移轉,05200000
RPPNMLNLIIHGFAV78DA,自強段,54.03,都市：其他:住宅區,20,1,持分移轉,09340000
RPPNMLSLJIHGFCV96DA,慶福段,146.57,都市：商,1,1,全筆移轉,06110003
RPRNMLNJIIHGFAV78DA,知本段,2700.00,非都市：特定農業區 ; 非都市編定：農牧用地,1,1,全筆移轉,79510002
RPSNMLSLJIHGFAV07DA,利家段,872.00,非都市：特定農業區 ; 非都市編定：農牧用地,1,1,全筆移轉,55200000
RPSNMLPLIIHGFDV96DA,金峯段,20000.00,非都市：森林區 ; 非都市編定：林業用地,1,1,全筆移轉,00100133
RPXNMLOLJIHGFAV17DA,台東段,16.72,都市：其他:住宅區,20000,262,持分移轉,18050000
RPPNMLOLIIHGFBV98DA,南八里段,3307.25,非都市：風景區 ; 非都市編定：農牧用地,1,1,全筆移轉,04150000
RPQNMLTLJIHGFAV96DA,清榮段,245.24,都市：其他:住宅區,1,1,全筆移轉,00330000
RPQNMLPLIIHGFAV09DA,建成段,140.00,都市：其他:商業區,1,1,全筆移轉,01290000
RPSNMLKMJIHGFAV98DA,清榮段,152.54,都市：其他:住宅區,1,1,全筆移轉,00150000
RPPNMLQLIIHGFAV09DA,煙草間段,79.85,非都市：鄉村區 ; 非都市編定：乙種建築用地,2,1,持分移轉,05110000
RPXNMLSLJIHGFAV57DA,北鎮樂段,4311.83,非都市：山坡地保育區 ; 非都市編定：農牧用地,1,1,全筆移轉,02910000
RPWNMLSLJIHGFAV47DA,北鎮樂段,4309.83,非都市：山坡地保育區 ; 非都市編定：農牧用地,1,1,全筆移轉,02900000
RPPOMLKMJIHGFAV78DA,豐年段,93.84,都市：其他:住宅區,10000,193,持分移轉,00270006
RPVNMLLLIIHGFAV56DA,中正段,128.00,,1,1,全筆移轉,02360008
RPPNMLRLJIHGFAV66DA,利家段,1752.00,非都市：特定農業區 ; 非都市編定：農牧用地,1,1,全筆移轉,52370000
RPWNMLLJKIHGFAV66DA,南清段,4436.78,都市：其他:農業區,1,1,全筆移轉,01150000
RPUNMLKMJIHGFBV66DA,忠勇段,35.78,都市：其他:住宅區,14,2,持分移轉,07470000
RPROMLKMJIHGFAV98DA,永豐段,35.19,都市：其他:商業區,1,1,全筆移轉,02720000
RPROMLKMJIHGFAV98DA,永豐段,71.83,都市：其他:商業區,1,1,全筆移轉,02730000
RPUNMLOJIIHGFAV56DA,梧州段,104.57,都市：其他:住宅區,1,1,全筆移轉,02400000
RPPNMLPJKIHGFAV98DA,台東段,83.00,都市：其他:住宅區,1,1,全筆移轉,00040273
RPXNMLQJKIHGFAV27DA,台東段,46.25,都市：其他:住宅區,10000,417,持分移轉,18120000
RPPNMLSJRHHGFBV37DA,新都威段,2500.00,非都市：風景區 ; 非都市編定：農牧用地,1,1,全筆移轉,08370001
RPPNMLPJRHHGFBV07DA,和平北段,350.04,非都市：風景區 ; 非都市編定：丙種建築用地,1,1,全筆移轉,03710000
RPQNMLOLJIHGFAV09DA,岩灣段,109.48,都市：其他:住宅區,1,1,全筆移轉,02720000
RPPNMLPKRHHGFDV37DA,復興段,58.44,都市：其他:商業區,1,1,全筆移轉,11460000
RPPNMLPKRHHGFDV37DA,復興段,45.44,都市：其他:道路用地,1,1,全筆移轉,11470000
RPSNMLPKRHHGFDV67DA,秀山段,10.39,都市：其他:出租旅館區,10000,9,持分移轉,07230000
RPSNMLPKRHHGFDV67DA,秀山段,.00,都市：其他:道路用地,10000,9,持分移轉,07230001
RPTNMLPKRHHGFAV47DA,建華段,150.00,都市：其他:住宅區,1,1,全筆移轉,08190000
RPPNMLLLRHHGFDV07DA,秀山段,9.65,都市：其他:出租旅館區,10000,30,持分移轉,07280000
RPPNMLNKRHHGFBV96DA,馬稼海段,5945.87,非都市：風景區 ; 非都市編定：農牧用地,1,1,全筆移轉,04910000
RPQNMLPKRHHGFDV47DA,秀山段,6.91,都市：其他:旅館區,100000,111,持分移轉,06590003
RPSNMLNKRHHGFBV27DA,北都歷段,949.15,非都市：風景區 ; 非都市編定：農牧用地,1,1,全筆移轉,11760000
RPSNMLNKRHHGFBV27DA,北都歷段,188.25,非都市：風景區 ; 非都市編定：農牧用地,1,1,全筆移轉,11760001
RPRNMLTKRHHGFDV97DA,新大武段,497.00,非都市：山坡地保育區 ; 非都市編定：農牧用地,2,1,持分移轉,05220000
RPRNMLTKRHHGFDV97DA,新大武段,2471.82,非都市：山坡地保育區 ; 非都市編定：農牧用地,2,1,持分移轉,05370000
RPRNMLTKRHHGFDV97DA,新大武段,2067.77,非都市：山坡地保育區 ; 非都市編定：農牧用地,2,1,持分移轉,05400000
RPSNMLTKRHHGFDV08DA,荖花段,26.11,非都市：特定農業區 ; 非都市編定：甲種建築用地,1,1,全筆移轉,02650001
RPTNMLNKRHHGFBV37DA,北都歷段,361.80,非都市：風景區 ; 非都市編定：農牧用地,1,1,全筆移轉,11760002
RPUNMLMKRHHGFAV27DA,建樂段,8.95,都市：其他:住宅區,10000,45,持分移轉,04240000
RPUNMLMKRHHGFAV27DA,建樂段,.57,都市：其他:農業區,10000,25,持分移轉,04240001
RPTNMLTKRHHGFDV18DA,德其段,222.26,都市：其他:住宅區,1,1,全筆移轉,08460000
RPSNMLMLRHHGFCV47EA,大池段,529.52,非都市：鄉村區 ; 非都市編定：乙種建築用地,1,1,全筆移轉,09580000
RPQNMLNLRHHGFBV17DA,新美山段,906.62,非都市：風景區 ; 非都市編定：農牧用地,1,1,全筆移轉,04270000
RPQNMLNLRHHGFBV17DA,新美山段,783.79,非都市：風景區 ; 非都市編定：農牧用地,1,1,全筆移轉,04280000
RPPNMLKLRHHGFBV76DA,寧埔段石寧埔小段,2415.00,非都市：風景區 ; 非都市編定：農牧用地,1,1,全筆移轉,02830011
RPRNMLMLRHHGFCV27DA,隆昌段,663.11,非都市：鄉村區 ; 非都市編定：乙種建築用地,1,1,全筆移轉,10000000
RPSOMLLLRHHGFAV17DA,台東段,10.78,都市：其他:住宅區,10000,156,持分移轉,04260000
RPPNMLNLRHHGFAV96DA,建華段,41.19,都市：其他:道路用地,1,1,全筆移轉,11280000
RPQNMLTKRHHGFAV57DA,建成段,53.98,都市：其他:住宅區,24,3,持分移轉,00490000
RPUNMLNKRHHGFAV37DA,大業段,202.82,非都市：特定農業區 ; 非都市編定：甲種建築用地,1,1,全筆移轉,06580002
RPPNMLOKRHHGFAV96DA,台東段,65.00,都市：其他:住宅區,1,1,全筆移轉,01600321
RPPNMLOKRHHGFAV96DA,台東段,3.00,都市：其他:住宅區,1,1,全筆移轉,01601125
RPRNMLMLRHHGFDV37DA,大王段,4570.00,非都市：山坡地保育區 ; 非都市編定：農牧用地,1,1,全筆移轉,04060000
RPQNMLQKRHHGFAV27DA,建興段,3.15,都市：其他:住宅區,10000,50,持分移轉,04120000
RPQNMLQKRHHGFAV27DA,建興段,7.41,都市：其他:住宅區,10000,50,持分移轉,04120002
RPQNMLRLRHHGFBV57DA,烏石鼻段,1295.51,非都市：風景區 ; 非都市編定：農牧用地,1,1,全筆移轉,05140000
RPPNMLMKRHHGFDV07DA,介達段,10558.00,非都市：山坡地保育區 ; 非都市編定：農牧用地,1,1,全筆移轉,04350002
RPPNMLSLRHHGFBV57DA,北佳里段,993.80,非都市：風景區 ; 非都市編定：農牧用地,1,1,全筆移轉,13220000
RPQNMLSLRHHGFBV67DA,高原段,1323.00,非都市：森林區 ; 非都市編定：農牧用地,1,1,全筆移轉,06940024
RPQNMLPKRHHGFBV27DA,萬年段,94.00,非都市：鄉村區 ; 非都市編定：乙種建築用地,1,1,全筆移轉,11320001
RPQNMLPKRHHGFBV27DA,萬年段,372.00,非都市：鄉村區 ; 非都市編定：乙種建築用地,1,1,全筆移轉,11330000
RPRNMLNLRHHGFAV17DA,建國段,96.46,都市：其他:住宅區,1,1,全筆移轉,00030000
RPRNMLNLRHHGFAV17DA,建國段,16.28,都市：其他:住宅區,1,1,全筆移轉,00030003
RPRNMLNLRHHGFAV17DA,建國段,69.52,都市：其他:住宅區,1,1,全筆移轉,00040000
RPVNMLNKRHHGFAV47DA,建樂段,10.35,都市：其他:住宅區,10000,52,持分移轉,04240000
RPVNMLNKRHHGFAV47DA,建樂段,1.19,都市：其他:農業區,10000,52,持分移轉,04240001
RPPNMLPJRHHGFAV96DA,自強段,54.03,都市：其他:住宅區,20,1,持分移轉,09340000
RPPNMLKLRHHGFAV66DA,台東段,79.00,都市：其他:住宅區,1,1,全筆移轉,01600322
RPTNMLMLRHHGFDV57DA,大王段,10084.00,非都市：山坡地保育區 ; 非都市編定：農牧用地,1,1,全筆移轉,04070002
RPPNMLKLRHHGFAV66DA,台東段,3.00,都市：其他:住宅區,1,1,全筆移轉,01601124
RPSNMLQLRHHGFAV57DA,建國段,95.41,都市：其他:住宅區,1,1,全筆移轉,01070000
RPSNMLQLRHHGFAV57DA,建國段,4.59,都市：其他:住宅區,1,1,全筆移轉,01070001
RPPNMLTLRHHGFCV77DA,加拿段,1304.00,非都市：山坡地保育區 ; 非都市編定：農牧用地,1,1,全筆移轉,05360001
RPUNMLMLRHHGFDV67DA,大王段,11079.00,非都市：山坡地保育區 ; 非都市編定：農牧用地,1,1,全筆移轉,04070000
RPSNMLSLRHHGFCV97DA,瑞里段,66.84,非都市：鄉村區 ; 非都市編定：乙種建築用地,1,1,全筆移轉,04480000
RPSNMLSLRHHGFCV97DA,瑞里段,4.83,非都市：鄉村區 ; 非都市編定：乙種建築用地,1,1,全筆移轉,04480001
RPPNMLTKRHHGFDV77DA,尚武段,52.33,都市：其他:住宅區,1,1,全筆移轉,01340000
RPSNMLRLRHHGFDV97DA,復興段,268.59,都市：其他:商業區,1,1,全筆移轉,11450000
RPPNMLMLRHHGFBV96DA,北佳里段,126.29,非都市：鄉村區 ; 非都市編定：乙種建築用地,1,1,全筆移轉,13000000
RPSNMLNLRHHGFAV27DA,東海段,184.54,都市：其他:河道用地,1,1,全筆移轉,01600012
RPSNMLNLRHHGFAV27DA,東海段,36.19,都市：其他:農業區,1,1,全筆移轉,01600014
RPTNMLNLRHHGFAV37DA,東海段,173.97,都市：其他:農業區,10000,3189,持分移轉,01600000
RPPNMLNJIIHGFBV68DA,都豐段,290.13,非都市：風景區 ; 非都市編定：農牧用地,1,1,全筆移轉,11390001
RPPNMLTLRHHGFAV57DA,利家段,106.00,非都市：特定農業區 ; 非都市編定：甲種建築用地,1,1,全筆移轉,73570012
RPPNMLSLRHHGFDV77DA,德其段,977.19,都市：其他:農業區,1,1,全筆移轉,02040000
RPPNMLSLRHHGFDV77DA,德其段,911.75,都市：其他:農業區,1,1,全筆移轉,02050000
RPWNMLTKRHHGFAV18DA,建樂段,8.95,都市：其他:住宅區,10000,45,持分移轉,04240000
RPWNMLTKRHHGFAV18DA,建樂段,1.03,都市：其他:農業區,10000,45,持分移轉,04240001
RPQNMLKMRHHGFCV07DA,電光段,760.40,非都市：鄉村區 ; 非都市編定：乙種建築用地,1,1,全筆移轉,09070000
RPTNMLQLRHHGFAV67DA,台東段,14.52,都市：其他:住宅區,1000,55,持分移轉,15640000
RPTNMLQLRHHGFAV67DA,台東段,1.65,都市：其他:住宅區,1000,55,持分移轉,15640006
RPPNMLNJIIHGFCV78DA,鹿寮段,251.94,非都市：鄉村區 ; 非都市編定：乙種建築用地,1,1,全筆移轉,10620000
RPPNMLNJIIHGFCV78DA,鹿寮段,92.25,非都市：鄉村區 ; 非都市編定：交通用地,1,1,全筆移轉,10670000
RPPNMLNJIIHGFCV78DA,鹿寮段,1085.91,非都市：特定農業區 ; 非都市編定：農牧用地,1,1,全筆移轉,10790000
RPRNMLSLRHHGFCV87DA,溪埔段,700.00,非都市：特定農業區 ; 非都市編定：農牧用地,118231,70000,持分移轉,07320000
RPRNMLOJIIHGFBV98DA,高原段,231.00,非都市：鄉村區 ; 非都市編定：丁種建築用地,1,1,全筆移轉,06070000
RPRNMLOJIIHGFBV98DA,高原段,217.00,非都市：鄉村區 ; 非都市編定：丁種建築用地,1,1,全筆移轉,06280082
RPQNMLKMRHHGFAV86DA,建華段,418.93,都市：其他:農業區,1,1,全筆移轉,15640001
RPPNMLKMRHHGFAV76DA,建業段,78.00,都市：其他:住宅區,1,1,全筆移轉,07830000
RPUNMLNJIIHGFAV09DA,利家段,26.65,非都市：鄉村區 ; 非都市編定：乙種建築用地,30000,565,持分移轉,74880012
RPVNMLNJIIHGFAV56DA,台東段,37.00,都市：其他:住宅區,1,1,全筆移轉,01950010
RPQNMLLLRHHGFDV17DA,秀山段,6.53,都市：其他:旅館區,100000,105,持分移轉,06590003
RPVNMLNJIIHGFAV56DA,台東段,56.00,都市：其他:住宅區,1,1,全筆移轉,01960000
RPTNMLLLRHHGFDV47DA,秀山段,6.53,都市：其他:旅館區,100000,105,持分移轉,06590003
RPQNMLKMRHHGFBV96DA,新港段新港小段,82.00,非都市：風景區 ; 非都市編定：丙種建築用地,1,1,全筆移轉,02600026
RPPNMLNJIIHGFDV88DA,金峯段,12456.00,非都市：森林區 ; 非都市編定：林業用地,1,1,全筆移轉,00140037
RPPNMLTLRHHGFBV67DA,田組段,1595.74,非都市：風景區 ; 非都市編定：農牧用地,1,1,全筆移轉,06160000
RPUNMLLLRHHGFDV57DA,秀山段,6.53,都市：其他:旅館區,100000,105,持分移轉,06590003
RPRNMLQJIIHGFBV56DA,和平南段,142.57,非都市：風景區 ; 非都市編定：農牧用地,1,1,全筆移轉,08440000
RPSNMLTLRHHGFAV87DA,中清段,1300.07,都市：其他:農業區,1,1,全筆移轉,00830000
RPPNMLNJIIHGFAV58DA,青林段,56.90,都市：其他:住宅區,10000,509,持分移轉,09390000
RPUNMLPJIIHGFAV66DA,台東段,12.68,都市：其他:住宅區,100000,783,持分移轉,00040009
RPSNMLNJIIHGFAV88DA,台東段,72.00,都市：其他:住宅區,1,1,全筆移轉,12380017
RPTNMLNJIIHGFBV09DA,新美山段,1549.76,非都市：風景區 ; 非都市編定：農牧用地,1,1,全筆移轉,08070000
RPPNMLKMRHHGFBV86DA,新都威段,167.30,非都市：風景區 ; 非都市編定：農牧用地,1,1,全筆移轉,02220000
RPPNMLKMRHHGFBV86DA,新都威段,363.47,非都市：風景區 ; 非都市編定：農牧用地,1,1,全筆移轉,02230000
RPPNMLQLRHHGFBV37DA,烏石鼻段,3875.05,非都市：風景區 ; 非都市編定：農牧用地,1,1,全筆移轉,11570000
RPQNMLRJIIHGFCV76EA,廣原段,645.00,非都市：一般農業區 ; 非都市編定：農牧用地,1,1,全筆移轉,10170001
RPQNMLRJIIHGFCV76EA,廣原段,61.00,非都市：一般農業區 ; 非都市編定：甲種建築用地,1,1,全筆移轉,10170004
RPRNMLPJIIHGFCV56DA,錦富段,137.83,非都市：特定農業區 ; 非都市編定：甲種建築用地,1,1,全筆移轉,01020000
RPQNMLQJIIHGFCV56DA,福原段,21.37,都市：其他:商業區,1,1,全筆移轉,03790000
RPQNMLQJIIHGFCV56DA,福原段,1.28,都市：其他:商業區,1,1,全筆移轉,03800000
RPQNMLQJIIHGFCV56DA,福原段,26.71,都市：其他:商業區,1,1,全筆移轉,03830000
RPPNMLQJIIHGFBV98DA,三間屋段,2545.00,非都市：風景區 ; 非都市編定：農牧用地,1,1,全筆移轉,04510000
RPRNMLLKIIHGFBV78DA,濱海段,136.85,都市：其他:道路用地,1,1,全筆移轉,08490000
RPRNMLLKIIHGFBV78DA,濱海段,275.11,都市：其他:道路用地,1,1,全筆移轉,08790000
RPSNMLLKIIHGFBV88DA,濱海段,423.55,都市：其他:農業區,1,1,全筆移轉,08800000
RPTNMLLKIIHGFBV98DA,沙泥灣段,152.39,非都市：鄉村區 ; 非都市編定：乙種建築用地,1,1,全筆移轉,07920000
RPPNMLMLRHHGFAV86DA,馬蘭段,101.00,都市：其他:住宅區,1,1,全筆移轉,14550004
RPQNMLLKIIHGFBV68DA,濱海段,534.69,都市：其他:農業區,1,1,全筆移轉,08780000
RPWNMLOJIIHGFAV76DA,常德段,28.72,都市：其他:商業區,100000,1622,持分移轉,06200000
RPXNMLRJIIHGFAV17DA,馬蘭段,13.60,都市：其他:住宅區,10000,284,持分移轉,16850000
RPXNMLRJIIHGFAV17DA,馬蘭段,8.72,都市：其他:住宅區,10000,284,持分移轉,16860000
RPQNMLRJIIHGFAV09DA,台東段,14.00,都市：其他:住宅區,1,1,全筆移轉,05450015
RPTNMLMLRHHGFAV27DA,德安段,381.87,都市：其他:住宅區,1,1,全筆移轉,06400000
RPTNMLMLRHHGFAV27DA,德安段,39.93,都市：其他:道路用地,1,1,全筆移轉,06400001
RPTNMLMLRHHGFAV27DA,德安段,776.39,都市：其他:住宅區,1,1,全筆移轉,06420000
RPTNMLMLRHHGFAV27DA,德安段,47.76,都市：其他:道路用地,1,1,全筆移轉,06420001
RPTNMLMLRHHGFAV27DA,德安段,1.10,都市：其他:農業區,1,1,全筆移轉,06420002
RPTNMLMLRHHGFAV27DA,德安段,1.97,都市：其他:住宅區,1,1,全筆移轉,06420003
RPTNMLMLRHHGFAV27DA,德安段,13.78,都市：其他:道路用地,1,1,全筆移轉,06420004
RPPNMLRJIIHGFDV66DA,金峯段,13412.00,非都市：森林區 ; 非都市編定：林業用地,1,1,全筆移轉,00140063
RPQNMLNJIIHGFCV88DA,慶豐段,1688.74,非都市：鄉村區 ; 非都市編定：乙種建築用地,1,1,全筆移轉,09670000
RPQNMLNJIIHGFCV88DA,慶豐段,6.65,非都市：鄉村區 ; 非都市編定：乙種建築用地,1,1,全筆移轉,09670001
RPQNMLRKIIHGFCV86EA,里壠段,80.98,都市：其他:住宅區,1,1,全筆移轉,10210002
RPQNMLMKIIHGFDV98DA,金灣段,14140.00,非都市：山坡地保育區 ; 非都市編定：農牧用地,1,1,全筆移轉,01290000
RPPNMLMKIIHGFDV88DA,秀山段,6.91,都市：其他:旅館區,100000,111,持分移轉,06590003
RPPNMLLKIIHGFCV68DA,大同段,165.34,都市：其他:住宅區,1,1,全筆移轉,03540002
RPPNMLLKIIHGFBV58DA,真柄段,1227.00,非都市：風景區 ; 非都市編定：農牧用地,1,1,全筆移轉,08060000
RPPNMLLKIIHGFBV58DA,真柄段,3389.00,非都市：風景區 ; 非都市編定：農牧用地,1,1,全筆移轉,08090002
RPPNMLNKIIHGFDV98DA,秀山段,6.53,都市：其他:旅館區,100000,105,持分移轉,06590003
RPPNMLSLRHHGFAV47DA,利家段,1.52,非都市：鄉村區 ; 非都市編定：乙種建築用地,10000,10,持分移轉,74880000
RPPNMLSLRHHGFAV47DA,利家段,33.25,非都市：鄉村區 ; 非都市編定：乙種建築用地,10000,235,持分移轉,74880012
RPPNMLQKRHHGFAV17DA,台東段,96.00,都市：其他:商業區,1,1,全筆移轉,03480023
SPRNMLMKIIHGFAV88DA,台東段,.47,都市：其他:道路用地,1,1,全筆移轉,00250466
RPRNMLMKIIHGFAV78DA,台東段,47.00,都市：其他:住宅區,1,1,全筆移轉,00250236
RPRNMLPKRHHGFAV27DA,豐谷段,105.04,都市：其他:住宅區,1,1,全筆移轉,01030000
RPRNMLKMRHHGFBV07DA,八桑灣段,112.26,非都市：風景區 ; 非都市編定：丙種建築用地,4,1,持分移轉,06220000
RPWNMLOKRHHGFAV67DA,中心段,134.00,都市：其他:住宅區,1,1,全筆移轉,04170000
RPQNMLQJIIHGFAV98DA,新生段,329.50,都市：其他:公園用地,1,1,全筆移轉,08240001
RPROMLLLRHHGFAV07DA,豐年段,33.19,都市：其他:農業區,10000,160,持分移轉,00680000
RPROMLLLRHHGFAV07DA,豐年段,126.73,都市：其他:農業區,1,1,全筆移轉,00890000
RPUNMLRJIIHGFAV96EA,大業段,5.98,都市：其他:住宅區,24,1,持分移轉,03320000
RPUNMLRJIIHGFAV96EA,建康段,.81,都市：其他:道路用地,24,1,持分移轉,13670000
RPUNMLRJIIHGFAV96EA,建康段,4.84,都市：其他:道路用地,24,1,持分移轉,13790000
RPRNMLNJIIHGFBV88DA,高原段,2915.00,非都市：森林區 ; 非都市編定：農牧用地,1,1,全筆移轉,10190000
RPRNMLNJIIHGFBV88DA,高原段,211.00,非都市：森林區 ; 非都市編定：丙種建築用地,1,1,全筆移轉,10230002
RPSNMLNKIIHGFDV66DA,北橋段,71.18,都市：其他:住宅區,1,1,全筆移轉,03190000
RPTNMLTKRHHGFAV87DA,利家段,6431.00,非都市：特定農業區 ; 非都市編定：農牧用地,1,1,全筆移轉,70090000
RPPNMLRKIIHGFAV09DA,建興段,1.00,都市：其他:農業區,1,1,全筆移轉,06530000
RPPNMLRKIIHGFAV09DA,建興段,4957.00,都市：其他:農業區,1,1,全筆移轉,07060000
RPTNMLMKRHHGFAV17DA,永豐段,3056.27,都市：其他:農業區,1,1,全筆移轉,06500004
RPSNMLRKIIHGFDV07DA,泰王段,22.50,都市：其他:住宅區,1,1,全筆移轉,06050000
RPPNMLSKIIHGFAV56DA,清榮段,392.19,都市：其他:住宅區,1,1,全筆移轉,00320000
RPXNMLNJIIHGFAV76DA,台東段,77.00,都市：其他:住宅區,1,1,全筆移轉,00010212
RPTNMLRKIIHGFAV86DA,興安段,142.42,都市：其他:住宅區,1,1,全筆移轉,02480000
RPPNMLRKIIHGFDV76DA,南興段,129.00,非都市：鄉村區 ; 非都市編定：乙種建築用地,1,1,全筆移轉,00940002
RPQNMLTKIIHGFBV86DA,麒麟段,3187.98,非都市：風景區 ; 非都市編定：農牧用地,1,1,全筆移轉,05770000
RPQNMLTKIIHGFBV86DA,麒麟段,379.67,非都市：風景區 ; 非都市編定：農牧用地,1,1,全筆移轉,05770001
RPPNMLOKIIHGFCV98DA,中和段,3649.09,非都市：一般農業區 ; 非都市編定：農牧用地,1,1,全筆移轉,03690000
RPQNMLKLIIHGFAV58DA,常德段,24.37,都市：其他:住宅區,10000,215,持分移轉,05200000
RPRNMLTKIIHGFAV86DA,東興段,58.22,非都市：鄉村區 ; 非都市編定：乙種建築用地,4,1,持分移轉,06140000
RPTNMLLJIIHGFDV09DA,復興段,175.20,,1,1,全筆移轉,05130009
RPPNMLLJIIHGFDV68DA,復興段,165.54,都市：其他:住宅區,1,1,全筆移轉,05130000
RPRNMLLJIIHGFDV88DA,復興段,165.47,,1,1,全筆移轉,05130007
RPSNMLLJIIHGFDV98DA,復興段,165.51,,1,1,全筆移轉,05130008
RPTNMLRJIIHGFAV76DA,北南王段,100.61,都市：其他:住宅區,1,1,全筆移轉,06120000
RPQNMLLJIIHGFDV78DA,復興段,165.44,,1,1,全筆移轉,05130006
RPUNMLLJIIHGFDV56DA,復興段,330.76,,1,1,全筆移轉,05130010
RPVNMLLJIIHGFDV66DA,復興段,165.31,,1,1,全筆移轉,05130011
RPUNMLOKRHHGFAV47DA,自強段,80.00,都市：其他:住宅區,1,1,全筆移轉,01220000
RPSNMLLLIIHGFAV88DA,泰安段,101.97,非都市：鄉村區 ; 非都市編定：乙種建築用地,1,1,全筆移轉,06500000
RPPNMLTKIIHGFBV76DA,北都歷段,103.98,非都市：鄉村區 ; 非都市編定：乙種建築用地,1,1,全筆移轉,07670000
RPRNMLTKIIHGFBV96DA,富民段,2500.00,非都市：風景區 ; 非都市編定：農牧用地,1,1,全筆移轉,00470001
RPTNMLLKIIHGFAV88DA,中正段,83.00,都市：其他:住宅區,1,1,全筆移轉,04100000
RPSNMLOKIIHGFAV09DA,豐富段,106.47,都市：其他:住宅區,1,1,全筆移轉,04860006
RPSNMLOKIIHGFAV09DA,豐富段,11.62,都市：其他:道路用地,1,1,全筆移轉,04860067
RPQNMLPKRHHGFAV17DA,台東段,90.00,都市：其他:住宅區,1,1,全筆移轉,04430020
RPPNMLNKIIHGFAV68DA,馬蘭段,119.00,都市：其他:住宅區,1,1,全筆移轉,15350003
RPUNMLOLIIHGFDV07DA,北太麻里段,2903.00,非都市：山坡地保育區 ; 非都市編定：農牧用地,1,1,全筆移轉,04220000
RPWNMLQLRHHGFAV97DA,台東段,7.55,都市：其他:住宅區,1000,83,持分移轉,00820003
RPWNMLQLRHHGFAV97DA,台東段,13.20,都市：其他:住宅區,1000,83,持分移轉,01010021
RPWNMLQLRHHGFAV97DA,台東段,29.63,都市：其他:住宅區,1000,83,持分移轉,01010306
RPQNMLOLIIHGFDV66DA,秀山段,6.53,都市：其他:旅館區,100000,105,持分移轉,06590003
RPTOMLLLRHHGFAV27DA,利家段,2566.00,非都市：特定農業區 ; 非都市編定：農牧用地,1,1,全筆移轉,67490001
RPRNMLOLIIHGFAV09DA,知本段,2000.00,非都市：特定農業區 ; 非都市編定：農牧用地,1,1,全筆移轉,82440002
RPRNMLOLIIHGFAV09DA,知本段,2000.00,非都市：特定農業區 ; 非都市編定：農牧用地,1,1,全筆移轉,82490000
RPROMLOLIIHGFAV56DA,明峰段,2127.32,非都市：山坡地保育區 ; 非都市編定：農牧用地,4,2,持分移轉,12520000
RPQNMLRLIIHGFAV66DA,建成段,202.24,都市：其他:住宅區,1,1,全筆移轉,02550002
RPTNMLPLIIHGFAV76DA,明峰段,2127.32,非都市：山坡地保育區 ; 非都市編定：農牧用地,4,2,持分移轉,12520000
RPRNMLRLIIHGFAV76DA,建成段,223.75,都市：其他:住宅區,1,1,全筆移轉,02550001
RPRNMLQLIIHGFAV66DA,中正段,187.00,都市：其他:住宅區,1,1,全筆移轉,00880000
RPPNMLPLIIHGFDV66DA,泰王段,10.52,,1,1,全筆移轉,06100002
RPQNMLSLRHHGFDV87DA,秀山段,10.39,都市：其他:出租旅館區,10000,9,持分移轉,07230000
RPQNMLSLRHHGFDV87DA,秀山段,.00,都市：其他:道路用地,10000,9,持分移轉,07230001
RPSNMLRJIIHGFAV66DA,馬蘭段,134.00,都市：其他:住宅區,1,1,全筆移轉,14740001
RPUNMLQLIIHGFAV96DA,台東段,52.56,都市：其他:住宅區,100000,712,持分移轉,25420000
RPPOMLSLRHHGFAV57DA,康樂段,1454.00,非都市：特定農業區 ; 非都市編定：農牧用地,1,1,全筆移轉,09940000
RPWNMLQJIIHGFAV96DA,豐源段,1017.09,非都市：特定農業區 ; 非都市編定：甲種建築用地,1,1,全筆移轉,08430000
RPWNMLQJIIHGFAV96DA,豐源段,1369.80,非都市：特定農業區 ; 非都市編定：甲種建築用地,1,1,全筆移轉,08450000
RPSNMLKLRHHGFCV17DA,坪頂段,3000.00,非都市：山坡地保育區 ; 非都市編定：農牧用地,1,1,全筆移轉,05030004
RPRNMLLMIIHGFAV88DA,中山段,95.00,都市：其他:住宅區,1,1,全筆移轉,11010000
RPQNMLOKRHHGFAV07DA,南清段,252.24,都市：其他:住宅區,1,1,全筆移轉,02760001
RPXNMLQJIIHGFAV07DA,豐源段,851.72,非都市：特定農業區 ; 非都市編定：甲種建築用地,1,1,全筆移轉,08870000
RPSNMLLKIIHGFAV78DA,中心段,88.00,都市：其他:住宅區,1,1,全筆移轉,00380000
RPRNMLRJIIHGFAV56DA,馬蘭段,133.00,都市：其他:住宅區,1,1,全筆移轉,14740002
RPVNMLLMIIHGFAV66DA,公舘西段,39.76,都市：其他:住宅區,1,1,全筆移轉,02810000
RPVNMLLMIIHGFAV66DA,公舘西段,249.12,都市：其他:住宅區,1,1,全筆移轉,03180000
RPPNMLNJJIHGFAV78EA,興安段,143.57,都市：其他:住宅區,1,1,全筆移轉,03260002
RPRNMLRLRHHGFAV57DA,豐康段,83.38,都市：其他:住宅區,1,1,全筆移轉,00560000
RPUNMLLJJIHGFAV98DA,新生段,108.00,都市：其他:住宅區,1,1,全筆移轉,14110000
RPTNMLLMIIHGFAV09DA,豐川段,142.99,非都市：特定農業區 ; 非都市編定：農牧用地,1,1,全筆移轉,05100000
RPTNMLLMIIHGFAV09DA,豐川段,1960.62,非都市：特定農業區 ; 非都市編定：農牧用地,1,1,全筆移轉,05120000
RPTNMLLMIIHGFAV09DA,豐川段,1623.76,非都市：特定農業區 ; 非都市編定：農牧用地,1,1,全筆移轉,05130000
RPSNMLLJJIHGFAV78DA,下賓朗段,174.50,非都市：一般農業區 ; 非都市編定：甲種建築用地,1,1,全筆移轉,14480000
RPPNMLMLRHHGFDV17DA,壢坵段,6375.00,非都市：森林區 ; 非都市編定：林業用地,1,1,全筆移轉,06820296
RPPNMLQKIIHGFAV98DA,清榮段,525.91,都市：其他:住宅區,1,1,全筆移轉,00450000
RPSNMLOJJIHGFAV09DA,光明段,56.00,都市：其他:住宅區,1,1,全筆移轉,05850000
RPQNMLLJJIHGFDV88DA,北橋段,11.38,都市：其他:道路用地,1,1,全筆移轉,05270000
RPQNMLLJJIHGFDV88DA,北橋段,7.22,都市：其他:道路用地,1,1,全筆移轉,05270001
RPQNMLLJJIHGFDV88DA,北橋段,147.95,都市：其他:商業區,1,1,全筆移轉,05280000
RPTNMLOLIIHGFAV66DA,下賓朗段,210.69,非都市：一般農業區 ; 非都市編定：農牧用地,1,1,全筆移轉,11290001
RPVNMLOLIIHGFAV86DA,下賓朗段,110.41,非都市：一般農業區 ; 非都市編定：農牧用地,1,1,全筆移轉,11300001
RPVNMLOLIIHGFAV86DA,下賓朗段,100.29,非都市：一般農業區 ; 非都市編定：農牧用地,1,1,全筆移轉,11320001
RPSNMLOLIIHGFAV56DA,豐年段,23.75,都市：其他:住宅區,10000,92,持分移轉,00270003
RPQNMLMJJIHGFAV68DA,中心段,24.75,都市：其他:住宅區,4,1,持分移轉,08770000
RPQNMLMJJIHGFAV68DA,中心段,35.25,都市：其他:住宅區,4,1,持分移轉,08780000
RPQNMLMJJIHGFAV68DA,中心段,15.25,都市：其他:道路用地,4,1,持分移轉,08790000
RPTNMLSJJIHGFAV96DA,岩灣段,134.39,都市：其他:住宅區,1,1,全筆移轉,00710003
RPPNMLRLIIHGFBV66DA,坪頂段,1431.72,非都市：風景區 ; 非都市編定：農牧用地,1,1,全筆移轉,07200000
RPPNMLRLIIHGFBV66DA,坪頂段,1419.14,非都市：風景區 ; 非都市編定：農牧用地,1,1,全筆移轉,07210000
RPQNMLNJJIHGFCV98DA,隆興段,3038.49,非都市：一般農業區 ; 非都市編定：農牧用地,1,1,全筆移轉,03300002
RPQNMLNJJIHGFCV98DA,隆興段,3038.49,非都市：一般農業區 ; 非都市編定：農牧用地,1,1,全筆移轉,03300003
RPQNMLNJJIHGFCV98DA,隆興段,3038.48,非都市：一般農業區 ; 非都市編定：農牧用地,1,1,全筆移轉,03300004
RPPNMLNJJIHGFCV88DA,隆興段,3038.49,非都市：一般農業區 ; 非都市編定：農牧用地,1,1,全筆移轉,03300000
RPSOMLRJJIHGFAV86DA,豐工段,3125.25,都市：其他:甲種工業區,1,1,全筆移轉,01520000
RPSOMLPJIIHGFAV56DA,台東段,156.00,都市：其他:商業區,1,1,全筆移轉,03270058
RPUNMLSJJIHGFAV07DA,新生段,104.00,,1,1,全筆移轉,14110020
RPPNMLLLJIHGFCV88DA,中華段,40.78,都市：其他:農業區,1,1,全筆移轉,11780003
RPPNMLLLJIHGFCV88DA,中華段,18.19,都市：其他:農業區,1,1,全筆移轉,11780004
RPPNMLLLJIHGFCV88DA,中華段,3000.42,,1,1,全筆移轉,11780009
RPPNMLLLJIHGFCV88DA,中華段,2.23,,1,1,全筆移轉,11780021
RPPNMLLKJIHGFCV78DA,鹿野段,960.00,非都市：特定農業區 ; 非都市編定：農牧用地,1,1,全筆移轉,32090000
RPVNMLMLJIHGFAV76DA,太平段,117.33,非都市：鄉村區 ; 非都市編定：乙種建築用地,1,1,全筆移轉,03760000
RPPNMLSKJIHGFBV76DA,三民段,96.13,都市：其他:住宅區,1,1,全筆移轉,06090000
RPPNMLSKJIHGFBV76DA,三民段,40.68,都市：其他:道路用地,1,1,全筆移轉,06100000
RPPNMLSKJIHGFBV76DA,三民段,428.18,都市：其他:住宅區,1,1,全筆移轉,06110000
RPPNMLSKJIHGFBV76DA,三民段,274.08,都市：其他:住宅區,1,1,全筆移轉,06110001
RPQNMLNLJIHGFBV09DA,和平南段,155.85,非都市：風景區 ; 非都市編定：農牧用地,1,1,全筆移轉,05710005
RPQNMLNLJIHGFBV09DA,和平南段,2535.00,非都市：風景區 ; 非都市編定：農牧用地,1,1,全筆移轉,05730000
RPQNMLPLJIHGFAV56DA,馬蘭段,100.00,都市：其他:住宅區,1,1,全筆移轉,16180003
RPQNMLNLJIHGFBV09DA,和平南段,6.59,非都市：風景區 ; 非都市編定：交通用地,5,1,持分移轉,05740000
RPQNMLNLJIHGFBV09DA,和平南段,38.82,非都市：風景區 ; 非都市編定：交通用地,5,1,持分移轉,05750000
RPQNMLNLJIHGFBV09DA,和平南段,49.07,非都市：風景區 ; 非都市編定：交通用地,5,1,持分移轉,05770000
RPXNMLMLJIHGFAV96DA,太平段,112.28,非都市：鄉村區 ; 非都市編定：乙種建築用地,1,1,全筆移轉,03750000
RPPOMLMLJIHGFAV88DA,太平段,119.04,非都市：鄉村區 ; 非都市編定：乙種建築用地,1,1,全筆移轉,03720000
RPUNMLMLJIHGFAV66DA,太平段,131.24,非都市：鄉村區 ; 非都市編定：乙種建築用地,1,1,全筆移轉,03780000
RPQNMLRKJIHGFDV96DA,秀山段,6.91,都市：其他:旅館區,100000,111,持分移轉,06590003
RPPNMLKMJIHGFCV88DA,鹿寮段,1000.01,非都市：山坡地保育區 ; 非都市編定：農牧用地,1,1,全筆移轉,02170000
RPSNMLKMJIHGFBV09DA,和平南段,2500.13,非都市：風景區 ; 非都市編定：農牧用地,1,1,全筆移轉,05710002
RPSNMLKMJIHGFBV09DA,和平南段,6.59,非都市：風景區 ; 非都市編定：交通用地,5,1,持分移轉,05740000
RPSNMLKMJIHGFBV09DA,和平南段,38.82,非都市：風景區 ; 非都市編定：交通用地,5,1,持分移轉,05750000
RPSNMLKMJIHGFBV09DA,和平南段,49.07,非都市：風景區 ; 非都市編定：交通用地,5,1,持分移轉,05770000
RPTNMLKMJIHGFBV56DA,馬稼海段,464.89,非都市：風景區 ; 非都市編定：農牧用地,1,1,全筆移轉,06980001
RPRNMLSJRHHGFBV57DA,新八邊段,88.16,非都市：風景區 ; 非都市編定：農牧用地,1,1,全筆移轉,05130001
RPPNMLNJQHHGFAV66DA,豐康段,98.17,都市：其他:住宅區,1,1,全筆移轉,07330125
RPQNMLPLQHHGFBV27DA,東河段,423.76,都市：其他:住宅區,1,1,全筆移轉,07360000
RPTNMLPKQHHGFBV47DA,小馬段,3288.00,非都市：風景區 ; 非都市編定：農牧用地,1,1,全筆移轉,03480000
RPTNMLPKQHHGFBV47DA,小馬段,622.00,非都市：風景區 ; 非都市編定：農牧用地,1,1,全筆移轉,03480001
RPUNMLNLQHHGFAV37DA,台東段,113.16,都市：其他:住宅區,10000,842,持分移轉,01820000
RPWNMLPJRHHGFAV67DA,台東段,107.00,都市：其他:商業區,1,1,全筆移轉,03320013
RPPNMLMKRHHGFCV96DA,大同段,165.34,都市：其他:住宅區,1,1,全筆移轉,03540002
RPSNMLSKQHHGFAV57DA,南王段,76.09,都市：其他:住宅區,1,1,全筆移轉,02120000
RPSNMLTLQHHGFAV77DA,豐利段,15.26,都市：其他:商業區,1,1,全筆移轉,01320000
RPQNMLQJRHHGFDV47DA,秀山段,11.58,都市：其他:出租旅館區,10000,36,持分移轉,07280000
RPTNMLPJRHHGFAV37DA,公舘東段,75.66,都市：其他:住宅區,1,1,全筆移轉,09420001
RPPNMLSJRHHGFCV57EA,慶福段,25.29,都市：其他:住宅區,10000,529,持分移轉,08990000
RPRNMLNLQHHGFAV07DA,東海段,25.08,都市：其他:住宅區,10000,42,持分移轉,01300000
RPRNMLNLQHHGFAV07DA,東海段,1.62,都市：其他:人行步道用地,10000,42,持分移轉,01300002
RPVNMLPJRHHGFAV57DA,知本段,96.00,非都市：特定農業區 ; 非都市編定：甲種建築用地,1,1,全筆移轉,78940001
RPPNMLOJRHHGFAV86DA,光明段,27.00,都市：其他:住宅區,3,1,持分移轉,01230000
RPRNMLMKRHHGFAV96DA,台東段,13.00,都市：其他:商業區,1,1,全筆移轉,01030016
RPQNMLMJRHHGFBV86DA,忠智段,90.83,都市：其他:住宅區,1,1,全筆移轉,12760000
RPPNMLMKRHHGFAV76DA,建業段,37.70,都市：其他:住宅區,1,1,全筆移轉,01770001
RPQNMLNKRHHGFBV07DA,忠智段,120.19,都市：其他:住宅區,1,1,全筆移轉,10900000
RPUNMLTLQHHGFDV28DA,秀山段,6.53,都市：其他:旅館區,100000,105,持分移轉,06590003
RPSNMLTLQHHGFDV08DA,馬武段,30000.00,非都市：森林區 ; 非都市編定：林業用地,1,1,全筆移轉,00100002
RPPOMLPKQHHGFAV07DA,台東段,155.00,都市：其他:住宅區,1,1,全筆移轉,06540103
RPPNMLRJRHHGFBV27DA,南都蘭段,4043.31,非都市：風景區 ; 非都市編定：農牧用地,1,1,全筆移轉,04740002
RPPNMLTJQHHGFBV37DA,南八里段,1086.44,非都市：風景區 ; 非都市編定：農牧用地,1,1,全筆移轉,03500000
RPQNMLSKQHHGFBV47DA,高台段,246.51,非都市：鄉村區 ; 非都市編定：乙種建築用地,1,1,全筆移轉,04280000
RPQNMLRJRHHGFBV37DA,南都蘭段,3365.27,非都市：風景區 ; 非都市編定：農牧用地,1,1,全筆移轉,04740003
RPQNMLQKRHHGFBV37DA,阿都蘭段,5383.95,非都市：風景區 ; 非都市編定：農牧用地,1,1,全筆移轉,04650000
RPQNMLMKRHHGFAV86DA,德安段,23.13,都市：其他:住宅區,30000,185,持分移轉,00630000
RPQNMLMKRHHGFAV86DA,德安段,.16,都市：其他:道路用地,30000,185,持分移轉,00630001
RPQNMLMKRHHGFAV86DA,德安段,2.14,都市：其他:道路用地,30000,185,持分移轉,00630002
RPQNMLMKRHHGFAV86DA,德安段,.04,都市：其他:道路用地,30000,185,持分移轉,00630003
RPRNMLTLQHHGFDV97DA,壢坵段,5275.00,非都市：森林區 ; 非都市編定：林業用地,1,1,全筆移轉,06820235
RPQNMLNKRHHGFDV27DA,多良段,23270.00,非都市：山坡地保育區 ; 非都市編定：農牧用地,1,1,全筆移轉,11590000
RPPNMLLMQHHGFBV86DA,新港段新港小段,1741.00,非都市：風景區 ; 非都市編定：農牧用地,1,1,全筆移轉,03420000
RPXNMLOKRHHGFAV77DA,台東段,72.00,都市：其他:住宅區,1,1,全筆移轉,00040373
RPPNMLLMQHHGFBV86DA,新港段新港小段,3434.00,非都市：風景區 ; 非都市編定：農牧用地,1,1,全筆移轉,03430000
RPQNMLKLRHHGFCV96DA,鹿野段,1320.00,非都市：特定農業區 ; 非都市編定：農牧用地,1,1,全筆移轉,32790000
RPUNMLNKRHHGFBV47DA,新大馬段,1100.00,非都市：風景區 ; 非都市編定：農牧用地,1,1,全筆移轉,05920001
RPPNMLTKRHHGFBV57DA,新港段新港小段,1169.00,非都市：風景區 ; 非都市編定：農牧用地,1,1,全筆移轉,03160009
RPPNMLTKRHHGFBV57DA,新港段新港小段,544.00,非都市：風景區 ; 非都市編定：農牧用地,1,1,全筆移轉,03160017
RPRNMLKLRHHGFCV07DA,福原段,23.68,都市：其他:住宅區,10000,191,持分移轉,07900000
RPQNMLMKRHHGFCV07DA,瑞里段,477.91,非都市：一般農業區 ; 非都市編定：農牧用地,1,1,全筆移轉,04200000
RPQNMLMKRHHGFCV07DA,瑞里段,2034.47,非都市：一般農業區 ; 非都市編定：農牧用地,1,1,全筆移轉,04220000
RPQNMLMKRHHGFCV07DA,瑞里段,109.03,非都市：一般農業區 ; 非都市編定：農牧用地,1,1,全筆移轉,04220001
RPQNMLMKRHHGFCV07DA,瑞里段,133.55,非都市：一般農業區 ; 非都市編定：農牧用地,1,1,全筆移轉,04230000
RPQNMLMKRHHGFCV07DA,瑞里段,110.99,非都市：一般農業區 ; 非都市編定：農牧用地,1,1,全筆移轉,04230001
RPUNMLLKQHHGFAV07DA,台東段,65.00,都市：其他:道路用地,1,1,全筆移轉,03840006
RPOOMLOKRHHGFAV96DA,利家段,1638.00,非都市：特定農業區 ; 非都市編定：農牧用地,1,1,全筆移轉,57890000
RPPNMLPJRHHGFDV27DA,秀山段,10.39,都市：其他:出租旅館區,10000,9,持分移轉,07230000
RPPNMLPJRHHGFDV27DA,秀山段,.00,都市：其他:道路用地,10000,9,持分移轉,07230001
RPPNMLPJRHHGFCV17DA,豐泉段,110.66,都市：其他:住宅區,10000,740,持分移轉,04920000
RPQNMLTKRHHGFDV87DA,德其段,569.79,都市：其他:商業區,1,1,全筆移轉,03380000
RPPNMLNLRHHGFBV07DA,忠智段,99.11,都市：其他:住宅區,1,1,全筆移轉,02240005
RPQNMLNLRHHGFCV27DA,大原段,35.00,非都市：特定農業區 ; 非都市編定：甲種建築用地,1,1,全筆移轉,45570008
RPQNMLNLRHHGFCV27DA,大原段,115.00,非都市：特定農業區 ; 非都市編定：甲種建築用地,1,1,全筆移轉,45570009
RPRNMLTKRHHGFAV67DA,富岡段,62.92,非都市：鄉村區 ; 非都市編定：乙種建築用地,4,1,持分移轉,10850000
RPSNMLTKRHHGFAV77DA,中山段,86.00,都市：其他:住宅區,1,1,全筆移轉,06580000
RPWNMLKMQHHGFAV37DA,自強段,175.00,都市：其他:住宅區,1,1,全筆移轉,06980000
RPWNMLKMQHHGFAV37DA,自強段,1.00,都市：其他:住宅區,1,1,全筆移轉,06990001
RPVNMLTKRHHGFAV08DA,豐年段,76.33,都市：其他:住宅區,10000,157,持分移轉,00270006
RPPOMLNLQHHGFAV96DA,豐年段,18.00,都市：其他:住宅區,10000,36,持分移轉,00270000
RPPNMLQKRHHGFBV27DA,新八邊段,825.21,非都市：風景區 ; 非都市編定：農牧用地,1,1,全筆移轉,06500000
RPPNMLQKRHHGFBV27DA,新八邊段,927.31,非都市：風景區 ; 非都市編定：農牧用地,1,1,全筆移轉,06510000
RPPNMLMKQHHGFCV86DA,中華段,81.92,都市：其他:住宅區,1,1,全筆移轉,11890000
RPPNMLPLQHHGFBV17DA,東河段,348.10,都市：其他:商業區,1,1,全筆移轉,07100000
RPPNMLPLQHHGFBV17DA,東河段,45.76,都市：其他:住宅區,1,1,全筆移轉,07120000
RPPNMLPLQHHGFBV17DA,東河段,29.94,都市：其他:商業區,1,1,全筆移轉,07130000
RPPNMLPLQHHGFBV17DA,東河段,180.80,都市：其他:住宅區,1,1,全筆移轉,07250000
RPRNMLMLRHHGFAV07DA,豐里段,2266.28,非都市：特定農業區 ; 非都市編定：農牧用地,1,1,全筆移轉,00250000
RPPNMLPLQHHGFBV17DA,東河段,411.61,都市：其他:商業區,1,1,全筆移轉,07260000
RPRNMLMLRHHGFAV07DA,豐里段,1359.89,非都市：特定農業區 ; 非都市編定：農牧用地,1,1,全筆移轉,00260000
RPQNMLMLRHHGFCV17DA,慶福段,165.72,都市：其他:住宅區,1,1,全筆移轉,04530004
RPTNMLTLQHHGFDV18DA,馬武段,18625.00,非都市：森林區 ; 非都市編定：林業用地,1,1,全筆移轉,00030017
RPPNMLMJRHHGFBV76DA,玉港段,1900.35,非都市：風景區 ; 非都市編定：養殖用地,2,1,持分移轉,02910000
RPPNMLKKQHHGFDV76DA,金星段,17523.00,非都市：山坡地保育區 ; 非都市編定：農牧用地,1,1,全筆移轉,00230001
RPPNMLPKRHHGFAV07DA,台東段,7.00,都市：其他:商業區,1,1,全筆移轉,01040022
RPQNMLTLQHHGFDV87DA,金峯段,13368.00,非都市：森林區 ; 非都市編定：林業用地,1,1,全筆移轉,00140115
RPRNMLNLQHHGFBV17DA,東河段,99.97,都市：其他:住宅區,10000,2221,持分移轉,04900002
RPRNMLPKRHHGFBV37DA,麒麟段,213.02,非都市：風景區 ; 非都市編定：丙種建築用地,1,1,全筆移轉,09920000
RPQNMLRLRHHGFAV47DA,台東段,12.64,都市：其他:住宅區,100000,781,持分移轉,00040009
RPPNMLTLQHHGFDV77DA,金峯段,10539.00,非都市：森林區 ; 非都市編定：林業用地,1,1,全筆移轉,00100074
RPROMLPJIIHGFAV09DA,中心段,60.00,都市：其他:住宅區,1,1,全筆移轉,07910000
RPROMLPJIIHGFAV09DA,中心段,68.00,都市：其他:住宅區,1,1,全筆移轉,07960000
RPSNMLMLRHHGFAV17DA,東農段,4142.45,非都市：特定農業區 ; 非都市編定：農牧用地,1,1,全筆移轉,01380004
RPSNMLMLRHHGFAV17DA,東農段,2882.88,非都市：特定農業區 ; 非都市編定：農牧用地,1,1,全筆移轉,01380005
RPSNMLMLRHHGFAV17DA,東農段,2883.23,非都市：特定農業區 ; 非都市編定：農牧用地,1,1,全筆移轉,01380006
RPRNMLOKRHHGFAV17DA,大業段,1.49,都市：其他:道路用地,1,1,全筆移轉,03890000
RPRNMLOKRHHGFAV17DA,大業段,43.57,都市：其他:住宅區,1,1,全筆移轉,03890001
RPRNMLOKRHHGFAV17DA,大業段,751.65,都市：其他:住宅區,1,1,全筆移轉,03910000
RPRNMLOKRHHGFAV17DA,大業段,51.02,都市：其他:道路用地,1,1,全筆移轉,03910001
RPRNMLOKRHHGFAV17DA,大業段,794.64,都市：其他:住宅區,1,1,全筆移轉,03940000
RPRNMLOKRHHGFAV17DA,大業段,75.87,都市：其他:住宅區,1,1,全筆移轉,03940002
RPSNMLOJIIHGFAV98DA,台東段,90.00,都市：其他:農業區,1,1,全筆移轉,07430046
RPQNMLNKRHHGFAV96DA,馬蘭段,6.67,都市：其他:住宅區,10000,190,持分移轉,15680000
RPQNMLPJIIHGFCV09DA,豐泉段,10.58,都市：其他:住宅區,139667,1058,持分移轉,01880000
RPQNMLNKRHHGFAV96DA,馬蘭段,7.85,都市：其他:住宅區,10000,190,持分移轉,15700000
RPQNMLPJIIHGFCV09DA,豐泉段,175.84,都市：其他:住宅區,1,1,全筆移轉,01880001
RPQNMLPJIIHGFCV09DA,豐泉段,50.15,都市：其他:道路用地,1,1,全筆移轉,01890000
RPPNMLOJIIHGFAV68DA,北南王段,767.54,都市：其他:農業區,1,1,全筆移轉,08450000
RPPNMLOJIIHGFAV68DA,北南王段,618.74,都市：其他:農業區,1,1,全筆移轉,08460000
RPPNMLRJRHHGFAV17DA,豐年段,11.00,都市：其他:住宅區,10000,22,持分移轉,00270000
RPRNMLOJIIHGFAV88DA,利家段,82.00,非都市：鄉村區 ; 非都市編定：乙種建築用地,1,1,全筆移轉,74880060
RPPNMLMKIIHGFAV58DA,豐航段,1356.91,都市：其他:農業區,1,1,全筆移轉,01480000
RPPNMLMKIIHGFAV58DA,豐航段,1373.01,都市：其他:農業區,1,1,全筆移轉,01490000
RPQOMLTLQHHGFAV67DA,青林段,73.65,都市：其他:農業區,1,1,全筆移轉,13540000
RPQOMLTLQHHGFAV67DA,青林段,3748.22,非都市：一般農業區 ; 非都市編定：農牧用地,1,1,全筆移轉,13610000
RPPNMLRJIIHGFAV98DA,豐康段,246.84,都市：其他:農業區,1,1,全筆移轉,03830000
RPPNMLRJIIHGFAV98DA,豐康段,220.46,都市：其他:農業區,1,1,全筆移轉,03870000
RPPNMLRJIIHGFAV98DA,豐康段,64.13,都市：其他:農業區,1,1,全筆移轉,03880000
RPPNMLRJIIHGFAV98DA,豐康段,46.70,非都市：特定農業區 ; 非都市編定：甲種建築用地,1,1,全筆移轉,03910000
RPPNMLRJIIHGFAV98DA,豐康段,263.74,非都市：特定農業區 ; 非都市編定：甲種建築用地,1,1,全筆移轉,03920000
RPPNMLRJIIHGFAV98DA,豐康段,243.39,非都市：特定農業區 ; 非都市編定：甲種建築用地,1,1,全筆移轉,03930000
RPQNMLNJIIHGFBV78DA,大俱來段,2300.01,非都市：風景區 ; 非都市編定：農牧用地,1,1,全筆移轉,00340000
RPWNMLOKIIHGFAV86DA,公舘西段,336.33,都市：其他:農業區,1,1,全筆移轉,13020000
RPRNMLQJIIHGFCV66DA,大埔段,2.89,都市：其他:住宅區,1,1,全筆移轉,04340000
RPRNMLQJIIHGFCV66DA,大埔段,1040.77,都市：其他:住宅區,1,1,全筆移轉,04350000
RPTNMLTLRHHGFAV97DA,清榮段,233.50,都市：其他:住宅區,1,1,全筆移轉,01360000
RPPNMLRKIIHGFCV66DA,萬朝段,530.16,非都市：一般農業區 ; 非都市編定：農牧用地,1,1,全筆移轉,05840000
RPPNMLRKIIHGFCV66DA,萬朝段,2459.97,非都市：一般農業區 ; 非都市編定：農牧用地,1,1,全筆移轉,05850000
RPRNMLRKQHHGFBV47DA,玉長段,129.43,非都市：鄉村區 ; 非都市編定：乙種建築用地,1,1,全筆移轉,08400000
RPRNMLSLQHHGFAV57DA,泰安段,836.53,非都市：鄉村區 ; 非都市編定：乙種建築用地,1,1,全筆移轉,05380000
RPXNMLMKIIHGFAV76DA,台東段,41.00,都市：其他:商業區,1,1,全筆移轉,03990001
RPUNMLKKQHHGFAV96DA,興安段,139.61,都市：其他:住宅區,1,1,全筆移轉,02730000
RPQNMLTKIIHGFAV76DA,台東段,150.00,都市：其他:商業區,1,1,全筆移轉,02860002
RPPNMLSLRHHGFCV67DA,隆盛段,1223.30,都市：其他:農業區,1,1,全筆移轉,08150000
RPPNMLSLRHHGFCV67DA,隆盛段,886.82,都市：其他:農業區,1,1,全筆移轉,08180000
RPTNMLSJQHHGFAV57DA,豐川段,1074.86,非都市：特定農業區 ; 非都市編定：農牧用地,1,1,全筆移轉,04390000
RPPNMLLJRHHGFBV66DA,萬年段,535.00,非都市：鄉村區 ; 非都市編定：乙種建築用地,1,1,全筆移轉,10920000
RPTNMLSJQHHGFAV57DA,豐川段,2011.03,非都市：特定農業區 ; 非都市編定：農牧用地,1,1,全筆移轉,04400000
RPPNMLLJRHHGFBV66DA,萬年段,147.00,非都市：鄉村區 ; 非都市編定：乙種建築用地,1,1,全筆移轉,10920001
RPRNMLLJRHHGFAV76DA,中正段,148.00,都市：其他:住宅區,1,1,全筆移轉,04460000
RPPNMLLJRHHGFBV66DA,萬年段,40.00,非都市：鄉村區 ; 非都市編定：乙種建築用地,1,1,全筆移轉,10920002
RPPNMLSKQHHGFAV27DA,建華段,399.52,非都市：鄉村區 ; 非都市編定：乙種建築用地,1,1,全筆移轉,02580000
RPPNMLOJIIHGFBV78DA,東河段,98.95,都市：其他:住宅區,1,1,全筆移轉,06850009
RPRNMLSLJIHGFAV96DA,豐工段,3766.96,都市：其他:工業區,1,1,全筆移轉,00790000
RPTNMLPKQHHGFAV37DA,豐富段,102.78,都市：其他:住宅區,1,1,全筆移轉,00630000
RPQNMLMLRHHGFAV96DA,台東段,77.26,都市：其他:商業區,10000,105,持分移轉,03470000
RPQNMLMLRHHGFAV96DA,台東段,.06,都市：其他:道路用地,10000,105,持分移轉,03470052
RPQNMLMLRHHGFAV96DA,台東段,.03,都市：其他:道路用地,10000,105,持分移轉,03470053
RPXNMLKMQHHGFAV47DA,富山段,669.22,非都市：風景區 ; 非都市編定：丙種建築用地,1,1,全筆移轉,09530000
RPRNMLQJRHHGFAV27DA,豐利段,115.73,都市：其他:住宅區,1,1,全筆移轉,05320000
RPSNMLLJRHHGFCV07DA,水源段,80.02,非都市：一般農業區 ; 非都市編定：水利用地,1,1,全筆移轉,08040000
RPSNMLLJRHHGFCV07DA,水源段,1432.76,非都市：一般農業區 ; 非都市編定：農牧用地,1,1,全筆移轉,08510000
RPOOMLKMQHHGFAV66DA,上岩灣段,2699.82,都市：其他:農業區,1,1,全筆移轉,01610003
RPPNMLTJQHHGFCV47DA,龍田段,292.47,都市：其他:住宅區,1,1,全筆移轉,05560000
RPPNMLQJRHHGFBV17DA,北佳里段,2712.36,非都市：風景區 ; 非都市編定：農牧用地,1,1,全筆移轉,03700000
RPPNMLQJRHHGFBV17DA,北佳里段,359.15,非都市：風景區 ; 非都市編定：農牧用地,1,1,全筆移轉,03700001
RPUNMLLJRHHGFAV07DA,上岩灣段,2699.82,都市：其他:農業區,1,1,全筆移轉,01610000
RPPNMLLKRHHGFAV66DA,豐利段,28.86,都市：其他:機關用地,1,1,全筆移轉,02010000
RPPNMLLKRHHGFAV66DA,豐利段,420.30,都市：其他:住宅區,1,1,全筆移轉,02020000
RPPNMLLKRHHGFAV66DA,豐利段,336.14,都市：其他:道路用地,1,1,全筆移轉,02470000
RPPNMLLKRHHGFAV66DA,豐利段,715.23,都市：其他:住宅區,1,1,全筆移轉,04430000
SPPNMLLKRHHGFAV76DA,豐利段,77.15,都市：其他:住宅區,1,1,全筆移轉,02030000
SPPNMLLKRHHGFAV76DA,豐利段,1.52,都市：其他:機關用地,1,1,全筆移轉,02040000
RPQOMLKMQHHGFAV86DA,上岩灣段,2550.00,都市：其他:農業區,1,1,全筆移轉,01610001
RPROMLKMQHHGFAV96DA,上岩灣段,2550.00,都市：其他:農業區,1,1,全筆移轉,01610002
TPPNMLLKRHHGFAV86DA,豐利段,685.01,都市：其他:住宅區,1,1,全筆移轉,04440000
RPQNMLLMQHHGFAV86DA,豐田段,409.00,都市：其他:住宅區,2,1,持分移轉,13710000
RPQNMLNKRHHGFCV17DA,福原段,105.41,都市：其他:商業區,1,1,全筆移轉,02460000
RPQNMLLMQHHGFAV86DA,豐田段,143.50,都市：其他:道路用地,2,1,持分移轉,13710001
RPQNMLNKRHHGFCV17DA,福原段,175.63,都市：其他:商業區,1,1,全筆移轉,02580000
RPQNMLLMQHHGFAV86DA,豐田段,2.50,都市：其他:道路用地,2,1,持分移轉,13710002
RPQNMLLMQHHGFAV86DA,豐田段,5.00,都市：其他:道路用地,2,1,持分移轉,13710003
RPQNMLNKRHHGFCV17DA,福原段,204.80,都市：其他:商業區,1,1,全筆移轉,02590000
RPQNMLLMQHHGFAV86DA,豐田段,55.00,都市：其他:道路用地,2,1,持分移轉,13710004
RPQNMLLMQHHGFAV86DA,豐田段,14.00,都市：其他:住宅區,2,1,持分移轉,13710005
RPQNMLLMQHHGFAV86DA,豐田段,10.00,都市：其他:道路用地,2,1,持分移轉,13710006
RPPNMLQJRHHGFDV37DA,泰德段,89.03,都市：其他:住宅區,1,1,全筆移轉,02760000
RPWNMLMKRHHGFAV47DA,建樂段,8.95,都市：其他:住宅區,10000,45,持分移轉,04240000
RPWNMLMKRHHGFAV47DA,建樂段,1.03,都市：其他:農業區,10000,45,持分移轉,04240001
RPVNMLMJRHHGFAV27DA,豐康段,1.97,都市：其他:住宅區,9,2,持分移轉,07990000
RPPNMLRKRHHGFAV27DA,永和段,1352.26,非都市：一般農業區 ; 非都市編定：農牧用地,1,1,全筆移轉,12160000
RPRNMLPLQHHGFCV47DA,鹿寮段,2720.27,非都市：山坡地保育區 ; 非都市編定：農牧用地,1,1,全筆移轉,01980000
RPUNMLTKRHHGFAV97DA,富岡南段,43.41,非都市：鄉村區 ; 非都市編定：乙種建築用地,10000,620,持分移轉,12680000
RPPNMLKMRHHGFCV96DA,隆昌段,7151.15,非都市：特定農業區 ; 非都市編定：農牧用地,1,1,全筆移轉,06060000
RPRNMLQKRHHGFBV47DA,新美山段,1610.53,非都市：風景區 ; 非都市編定：農牧用地,1,1,全筆移轉,00270000
RPRNMLQKRHHGFBV47DA,新美山段,2266.05,非都市：風景區 ; 非都市編定：農牧用地,1,1,全筆移轉,00280000
RPWNMLLJRHHGFAV27DA,豐川段,150.07,非都市：特定農業區 ; 非都市編定：農牧用地,1,1,全筆移轉,10990000
RPTNMLMJRHHGFAV07DA,豐康段,.99,都市：其他:住宅區,9,1,持分移轉,07990000
RPQNMLOJQHHGFCV07DA,龍田段,78.13,都市：其他:住宅區,1,1,全筆移轉,07110000
RPQNMLNLRHHGFAV07DA,南鎮樂段,6010.82,非都市：山坡地保育區 ; 非都市編定：農牧用地,1,1,全筆移轉,01750000
RPPNMLOKRHHGFCV17DA,慶福段,22.98,都市：其他:農業區,1,1,全筆移轉,00400000
RPPNMLOKRHHGFCV17DA,慶福段,12.03,,1,1,全筆移轉,00400001
RPPNMLOKRHHGFCV17DA,慶福段,1581.77,都市：其他:住宅區,1,1,全筆移轉,00420000
RPPNMLOKRHHGFCV17DA,慶福段,191.44,都市：其他:住宅區,1,1,全筆移轉,00420007
RPPNMLOKRHHGFCV17DA,慶福段,75.80,都市：其他:住宅區,1,1,全筆移轉,00420008
RPPNMLOKRHHGFCV17DA,慶福段,471.01,都市：其他:住宅區,1,1,全筆移轉,00440000
RPPNMLOKRHHGFCV17DA,慶福段,86.32,都市：其他:住宅區,1,1,全筆移轉,00440001
RPPNMLOKRHHGFCV17DA,慶福段,115.42,都市：其他:住宅區,1,1,全筆移轉,00440006
RPPNMLOKRHHGFCV17DA,慶福段,177.79,都市：其他:住宅區,1,1,全筆移轉,00440007
RPPNMLOKRHHGFCV17DA,慶福段,62.82,都市：其他:住宅區,1,1,全筆移轉,00440009
RPPNMLOKRHHGFCV17DA,慶福段,831.96,都市：其他:住宅區,1,1,全筆移轉,00450000
RPPNMLOKRHHGFCV17DA,慶福段,75.71,都市：其他:農業區,1,1,全筆移轉,00460000
RPPNMLOKRHHGFCV17DA,慶福段,72.85,,1,1,全筆移轉,00460003
RPPNMLNKQHHGFAV76DA,台東段,93.00,都市：其他:住宅區,1,1,全筆移轉,24910000
RPQNMLMKIIHGFAV68DA,台東段,73.00,都市：其他:住宅區,1,1,全筆移轉,00040293
RPWNMLNJQHHGFAV37DA,青林段,1663.82,都市：其他:住宅區,1,1,全筆移轉,09400000
RPVNMLOKRHHGFAV57DA,台東段,38.00,都市：其他:住宅區,1,1,全筆移轉,00080216
RPVNMLOKRHHGFAV57DA,台東段,17.00,都市：其他:住宅區,1,1,全筆移轉,00080218
RPQNMLNKQHHGFAV86DA,台東段,91.00,都市：其他:住宅區,1,1,全筆移轉,24910007
RPWNMLMKIIHGFAV66DA,中心段,90.00,都市：其他:住宅區,1,1,全筆移轉,10550000
RPUNMLSKQHHGFAV77DA,利家段,76.00,非都市：特定農業區 ; 非都市編定：甲種建築用地,1,1,全筆移轉,75860019
RPRNMLRJRHHGFAV37DA,台東段,57.00,都市：其他:商業區,10,6,持分移轉,05480018
RPRNMLNKRHHGFAV07DA,梅園段,136.55,非都市：鄉村區 ; 非都市編定：乙種建築用地,1,1,全筆移轉,03380000
RPRNMLLLRHHGFAV96DA,豐航段,54.11,都市：其他:住宅區,10,1,持分移轉,07520000
RPRNMLLLRHHGFAV96DA,豐航段,.00,都市：其他:道路用地,10,1,持分移轉,07600002
RPQNMLNKIIHGFCV98DA,坪頂段,4283.77,非都市：山坡地保育區 ; 非都市編定：農牧用地,1,1,全筆移轉,05140001
RPQNMLNKIIHGFCV98DA,坪頂段,79.44,非都市：山坡地保育區 ; 非都市編定：丙種建築用地,2,1,持分移轉,05150000
RPQNMLNKIIHGFCV98DA,坪頂段,61.28,非都市：山坡地保育區 ; 非都市編定：農牧用地,4,1,持分移轉,05150001
RPPNMLNKIIHGFCV88DA,坪頂段,4283.77,非都市：山坡地保育區 ; 非都市編定：農牧用地,1,1,全筆移轉,05140000
SPQNMLRJRHHGFAV37DA,台東段,38.00,都市：其他:商業區,10,4,持分移轉,05480018
RPRNMLNKIIHGFCV09DA,坪頂段,4283.78,非都市：山坡地保育區 ; 非都市編定：農牧用地,1,1,全筆移轉,05140003
RPRNMLNKIIHGFCV09DA,坪頂段,79.44,非都市：山坡地保育區 ; 非都市編定：丙種建築用地,2,1,持分移轉,05150000
RPRNMLNKIIHGFCV09DA,坪頂段,61.28,非都市：山坡地保育區 ; 非都市編定：農牧用地,4,1,持分移轉,05150001
RPSNMLNKIIHGFCV56DA,坪頂段,49.09,非都市：山坡地保育區 ; 非都市編定：交通用地,1,1,全筆移轉,03690000
RPSNMLNKIIHGFCV56DA,坪頂段,62.88,非都市：山坡地保育區 ; 非都市編定：交通用地,1,1,全筆移轉,03700000
RPSNMLNKIIHGFCV56DA,坪頂段,4283.79,非都市：山坡地保育區 ; 非都市編定：農牧用地,1,1,全筆移轉,05140002
RPSNMLNKIIHGFCV56DA,坪頂段,122.56,非都市：山坡地保育區 ; 非都市編定：農牧用地,2,1,持分移轉,05150001
RPSNMLNKIIHGFCV56DA,坪頂段,158.88,非都市：山坡地保育區 ; 非都市編定：丙種建築用地,1,1,全筆移轉,05150002
RPQNMLRJRHHGFAV27DA,台東段,38.00,都市：其他:商業區,10,4,持分移轉,05480018
RPTNMLSKQHHGFAV67DA,台東段,83.00,都市：其他:住宅區,1,1,全筆移轉,24910006
RPPNMLOLOHHGFCV96DA,牧野段,6368.04,非都市：一般農業區 ; 非都市編定：丁種建築用地,1,1,全筆移轉,09960000
RPPNMLRLRHHGFBV47DA,高原段,429.00,非都市：森林區 ; 非都市編定：丙種建築用地,1,1,全筆移轉,02610000
RPPNMLRLRHHGFBV47DA,高原段,3373.00,非都市：森林區 ; 非都市編定：農牧用地,1,1,全筆移轉,02610001
RPVNMLMKIIHGFAV56DA,豐年段,16.64,都市：其他:住宅區,10000,36,持分移轉,00270007
RPQNMLSLQHHGFDV77DA,荒野段,1235.24,非都市：一般農業區 ; 非都市編定：農牧用地,1,1,全筆移轉,00360000
RPQNMLSLQHHGFDV77DA,荒野段,2954.52,非都市：一般農業區 ; 非都市編定：農牧用地,1,1,全筆移轉,00370000
RPPNMLKMOHHGFBV56DA,和平南段,7952.74,非都市：風景區 ; 非都市編定：農牧用地,1,1,全筆移轉,01740000
RPPNMLKMOHHGFBV56DA,和平南段,6431.19,非都市：風景區 ; 非都市編定：農牧用地,1,1,全筆移轉,01770000
RPPNMLKMOHHGFBV56DA,和平南段,331.80,非都市：風景區 ; 非都市編定：丙種建築用地,1,1,全筆移轉,03650000
RPPNMLKMOHHGFBV56DA,和平南段,6639.75,非都市：風景區 ; 非都市編定：農牧用地,1,1,全筆移轉,08620000
RPPNMLKMOHHGFBV56DA,和平南段,18101.43,非都市：風景區 ; 非都市編定：農牧用地,1,1,全筆移轉,08640000
RPPNMLSLQHHGFDV67DA,荒野段,1100.71,非都市：一般農業區 ; 非都市編定：農牧用地,1,1,全筆移轉,00280000
RPPNMLSLQHHGFDV67DA,荒野段,3893.12,非都市：一般農業區 ; 非都市編定：農牧用地,1,1,全筆移轉,00290000
RPPNMLSLQHHGFDV67DA,荒野段,2877.21,非都市：一般農業區 ; 非都市編定：農牧用地,1,1,全筆移轉,00300000
RPPNMLSLQHHGFDV67DA,荒野段,4929.98,非都市：一般農業區 ; 非都市編定：農牧用地,1,1,全筆移轉,00310000
RPRNMLPJIIHGFAV98DA,常德段,82.75,都市：其他:住宅區,1,1,全筆移轉,01940000
RPQNMLTLQHHGFAV57DA,台東段,185.00,都市：其他:住宅區,1,1,全筆移轉,01630028
RPQNMLPLQHHGFAV17DA,上岩灣段,72.67,都市：其他:住宅區,200000,3436,持分移轉,01990000
RPUNMLQKQHHGFAV57DA,東農段,108.97,非都市：特定農業區 ; 非都市編定：水利用地,1,1,全筆移轉,07760000
RPPNMLPJKIHGFDV76EA,秀山段,9661.24,都市：其他:保護區,1,1,全筆移轉,09690000
RPSNMLKKJIHGFAV78DA,建興段,3.15,都市：其他:住宅區,10000,50,持分移轉,04120000
RPSNMLKKJIHGFAV78DA,建興段,3.15,都市：其他:住宅區,10000,50,持分移轉,04120000
RPSNMLKKJIHGFAV78DA,建興段,3.15,都市：其他:住宅區,10000,50,持分移轉,04120000
RPSNMLKKJIHGFAV78DA,建興段,7.41,都市：其他:住宅區,10000,50,持分移轉,04120002
RPSNMLKKJIHGFAV78DA,建興段,7.41,都市：其他:住宅區,10000,50,持分移轉,04120002
RPSNMLKKJIHGFAV78DA,建興段,7.41,都市：其他:住宅區,10000,50,持分移轉,04120002
SPSNMLKKJIHGFAV88DA,建興段,3.15,都市：其他:住宅區,10000,50,持分移轉,04120000
SPSNMLKKJIHGFAV88DA,建興段,7.41,都市：其他:住宅區,10000,50,持分移轉,04120002
RPPNMLQJRHHGFAV07DA,知本段,496.00,非都市：特定農業區 ; 非都市編定：甲種建築用地,1,1,全筆移轉,75300025
RPPNMLRLRHHGFAV37DA,豐源段,4324.44,非都市：特定農業區 ; 非都市編定：農牧用地,1,1,全筆移轉,08330000
RPPNMLRLRHHGFAV37DA,豐源段,3193.81,非都市：特定農業區 ; 非都市編定：農牧用地,1,1,全筆移轉,08410000
RPPNMLRLRHHGFAV37DA,豐源段,4065.13,非都市：特定農業區 ; 非都市編定：農牧用地,1,1,全筆移轉,08470000
RPRNMLTLRHHGFAV77DA,中心段,2.00,都市：其他:住宅區,1,1,全筆移轉,10510000
RPUNMLQLRHHGFAV77DA,中心段,172.00,都市：其他:住宅區,1,1,全筆移轉,10520000
RPSNMLSKIIHGFAV86DA,台東段,22.75,都市：其他:住宅區,10000,1143,持分移轉,01290001
RPSNMLSKIIHGFAV86DA,台東段,9.49,都市：其他:住宅區,10000,1143,持分移轉,01290005
RPSNMLSKIIHGFAV86DA,台東段,.80,都市：其他:住宅區,10000,1143,持分移轉,01290013
RPSNMLSKIIHGFAV86DA,台東段,.69,都市：其他:住宅區,10000,1143,持分移轉,01290014
RPSNMLSKIIHGFAV86DA,台東段,.69,都市：其他:住宅區,10000,1143,持分移轉,01290015
RPWNMLSKIIHGFAV27DA,台東段,19.10,都市：其他:住宅區,10000,960,持分移轉,01290001
RPWNMLSKIIHGFAV27DA,台東段,7.97,都市：其他:住宅區,10000,960,持分移轉,01290005
RPWNMLSKIIHGFAV27DA,台東段,.67,都市：其他:住宅區,10000,960,持分移轉,01290013
RPWNMLSKIIHGFAV27DA,台東段,.58,都市：其他:住宅區,10000,960,持分移轉,01290014
RPWNMLSKIIHGFAV27DA,台東段,.58,都市：其他:住宅區,10000,960,持分移轉,01290015
RPTNMLSKIIHGFAV96DA,台東段,30.21,都市：其他:住宅區,10000,1518,持分移轉,01290001
RPTNMLSKIIHGFAV96DA,台東段,12.60,都市：其他:住宅區,10000,1518,持分移轉,01290005
RPTNMLSKIIHGFAV96DA,台東段,1.06,都市：其他:住宅區,10000,1518,持分移轉,01290013
RPPNMLPLJIHGFAV09DA,台東段,40.00,都市：其他:商業區,1,1,全筆移轉,03270132
RPTNMLSKIIHGFAV96DA,台東段,.91,都市：其他:住宅區,10000,1518,持分移轉,01290014
RPTNMLSKIIHGFAV96DA,台東段,.91,都市：其他:住宅區,10000,1518,持分移轉,01290015
RPPNMLPLJIHGFAV09DA,台東段,56.13,都市：其他:商業區,10000,264,持分移轉,03320000
RPTNMLSLIIHGFAV07DA,台東段,134.00,都市：其他:住宅區,1,1,全筆移轉,06100011
RPPNMLLLRHHGFAV76DA,豐康段,119.60,都市：其他:住宅區,1,1,全筆移轉,09280011
RPTNMLSLRHHGFAV87DA,台東段,22.75,都市：其他:住宅區,10000,1143,持分移轉,01290001
RPTNMLSLRHHGFAV87DA,台東段,9.49,都市：其他:住宅區,10000,1143,持分移轉,01290005
RPTNMLSLRHHGFAV87DA,台東段,.80,都市：其他:住宅區,10000,1143,持分移轉,01290013
RPTNMLSLRHHGFAV87DA,台東段,.69,都市：其他:住宅區,10000,1143,持分移轉,01290014
RPTNMLSLRHHGFAV87DA,台東段,.69,都市：其他:住宅區,10000,1143,持分移轉,01290015
RPPNMLQLRHHGFAV27DA,豐谷段,126.30,都市：其他:住宅區,1,1,全筆移轉,06900000
RPRNMLLKIIHGFAV68DA,豐航段,54.11,都市：其他:住宅區,10,1,持分移轉,07520000
RPRNMLLKIIHGFAV68DA,豐航段,.00,都市：其他:道路用地,10,1,持分移轉,07600002
RPPNMLPLKIGGFDV76DA,溫泉段,241.96,非都市：風景區 ; 非都市編定：農牧用地,1,1,全筆移轉,01950001
RPPNMLQJIIHGFAV88DA,石壁段,2098.78,都市：其他:保護區,1,1,全筆移轉,05130000
RPWNMLLLRHHGFAV47DA,豐航段,54.11,都市：其他:住宅區,10,1,持分移轉,07520000
RPWNMLLLRHHGFAV47DA,豐航段,.00,都市：其他:道路用地,10,1,持分移轉,07600002
RPQNMLSKIIHGFAV66DA,豐谷段,132.35,都市：其他:住宅區,1,1,全筆移轉,06800001
RPTNMLLJRHHGFAV96DA,新園段,356.00,非都市：特定農業區 ; 非都市編定：甲種建築用地,1,1,全筆移轉,00990001
RPXNMLMJRHHGFAV47DA,豐年段,100.00,都市：其他:住宅區,1,1,全筆移轉,10730000
RPQOMLMJRHHGFAV86DA,豐年段,94.53,都市：其他:住宅區,1,1,全筆移轉,10730010
RPQOMLMJRHHGFAV86DA,豐年段,6.27,,1,1,全筆移轉,10790023
RPPOMLMJRHHGFAV76DA,豐年段,99.87,都市：其他:住宅區,1,1,全筆移轉,10730009
RPTNMLOJIIHGFAV09DA,豐康段,120.86,都市：其他:住宅區,1,1,全筆移轉,09280009
RPVNMLSKIIHGFAV17DA,台東段,26.57,都市：其他:住宅區,10000,1335,持分移轉,01290001
RPVNMLSKIIHGFAV17DA,台東段,11.08,都市：其他:住宅區,10000,1335,持分移轉,01290005
RPVNMLSKIIHGFAV17DA,台東段,.93,都市：其他:住宅區,10000,1335,持分移轉,01290013
RPVNMLSKIIHGFAV17DA,台東段,.80,都市：其他:住宅區,10000,1335,持分移轉,01290014
RPVNMLSKIIHGFAV17DA,台東段,.80,都市：其他:住宅區,10000,1335,持分移轉,01290015
RPXNMLLJQHHGFAV27DA,中正段,130.00,都市：其他:住宅區,1,1,全筆移轉,02360000
RPQOMLLLRHHGFAV96DA,豐航段,54.11,都市：其他:住宅區,10,1,持分移轉,07520000
RPQNMLOKQHHGFAV96DA,利家段,75.00,非都市：特定農業區 ; 非都市編定：甲種建築用地,1,1,全筆移轉,75860056
RPQOMLLLRHHGFAV96DA,豐航段,.00,都市：其他:道路用地,10,1,持分移轉,07600002
RPQNMLOKQHHGFAV96DA,利家段,20.00,非都市：特定農業區 ; 非都市編定：甲種建築用地,1,1,全筆移轉,75860075
RPOOMLMJRHHGFAV66DA,豐年段,99.44,都市：其他:住宅區,1,1,全筆移轉,10730008
RPXNMLLLRHHGFAV57DA,豐航段,54.11,都市：其他:住宅區,10,1,持分移轉,07520000
RPXNMLLLRHHGFAV57DA,豐航段,.00,都市：其他:道路用地,10,1,持分移轉,07600002
RPTNMLPJIIHGFAV56DA,常德段,110.30,都市：其他:住宅區,1,1,全筆移轉,07740006
RPSNMLLLRHHGFAV07DA,豐航段,54.11,都市：其他:住宅區,10,1,持分移轉,07520000
RPSNMLLLRHHGFAV07DA,豐航段,.00,都市：其他:道路用地,10,1,持分移轉,07600002
RPXNMLPJIIHGFAV96DA,常德段,110.30,都市：其他:住宅區,1,1,全筆移轉,07740005
RPVNMLRJIIHGFAV96DA,豐航段,54.11,都市：其他:住宅區,10,1,持分移轉,07520000
RPVNMLRJIIHGFAV96DA,豐航段,.00,都市：其他:道路用地,10,1,持分移轉,07600002
RPUNMLRKJIHGFAV17EA,常德段,110.30,都市：其他:住宅區,1,1,全筆移轉,07740007
RPOOMLSJJIHGFAV56DA,常德段,123.28,都市：其他:住宅區,1,1,全筆移轉,07740000
RPUNMLKLIIHGFAV98DA,梧州段,290.81,,1,1,全筆移轉,02400006
RPQOMLSJJIHGFAV76DA,常德段,115.72,都市：其他:住宅區,1,1,全筆移轉,07740010
RPPOMLSJJIHGFAV66DA,常德段,110.31,都市：其他:住宅區,1,1,全筆移轉,07740004
RPSNMLOLJIHGFAV66DA,常德段,110.30,都市：其他:住宅區,1,1,全筆移轉,07740009
RPOOMLLLRHHGFAV76DA,豐航段,54.11,都市：其他:住宅區,10,1,持分移轉,07520000
RPOOMLLLRHHGFAV76DA,豐航段,.00,都市：其他:道路用地,10,1,持分移轉,07600002
RPPOMLRJIIHGFAV09DA,豐航段,54.11,都市：其他:住宅區,10,1,持分移轉,07520000
RPPOMLRJIIHGFAV09DA,豐航段,.00,都市：其他:道路用地,10,1,持分移轉,07600002
RPWNMLRJIIHGFAV07DA,豐航段,54.11,都市：其他:住宅區,10,1,持分移轉,07520000
RPWNMLRJIIHGFAV07DA,豐航段,.00,都市：其他:道路用地,10,1,持分移轉,07600002
RPRNMLOLJIHGFAV56DA,常德段,110.31,都市：其他:住宅區,1,1,全筆移轉,07740008
RPUNMLPLIIHGFAV86DA,中正段,114.00,都市：其他:住宅區,1,1,全筆移轉,04630000
RPUNMLSKIIHGFAV07DA,台東段,26.57,都市：其他:住宅區,10000,1335,持分移轉,01290001
RPUNMLSKIIHGFAV07DA,台東段,11.08,都市：其他:住宅區,10000,1335,持分移轉,01290005
RPUNMLSKIIHGFAV07DA,台東段,.93,都市：其他:住宅區,10000,1335,持分移轉,01290013
RPUNMLSKIIHGFAV07DA,台東段,.80,都市：其他:住宅區,10000,1335,持分移轉,01290014
RPUNMLSKIIHGFAV07DA,台東段,.80,都市：其他:住宅區,10000,1335,持分移轉,01290015
RPPOMLPJIIHGFAV88DA,台東段,28.32,都市：其他:住宅區,10000,1423,持分移轉,01290001
RPPOMLPJIIHGFAV88DA,台東段,11.81,都市：其他:住宅區,10000,1423,持分移轉,01290005
RPPOMLPJIIHGFAV88DA,台東段,1.00,都市：其他:住宅區,10000,1423,持分移轉,01290013
RPPOMLPJIIHGFAV88DA,台東段,.85,都市：其他:住宅區,10000,1423,持分移轉,01290014
RPPOMLPJIIHGFAV88DA,台東段,.85,都市：其他:住宅區,10000,1423,持分移轉,01290015
RPPNMLOKIIHGFAV78DA,豐川段,128.55,都市：其他:農業區,1,1,全筆移轉,00260001
RPPNMLOKIIHGFAV78DA,豐川段,581.79,都市：其他:農業區,1,1,全筆移轉,00270000
RPPNMLOKIIHGFAV78DA,豐川段,3961.85,都市：其他:農業區,1,1,全筆移轉,00880000
RPPNMLOKIIHGFAV78DA,豐川段,13.39,都市：其他:住宅區,1,1,全筆移轉,00970000
