﻿鄉鎮市區,交易標的,土地位置建物門牌,土地移轉總面積平方公尺,都市土地使用分區,非都市土地使用分區,非都市土地使用編定,交易年月日,交易筆棟數,移轉層次,總樓層數,建物型態,主要用途,主要建材,建築完成年月,建物移轉總面積平方公尺,建物現況格局-房,建物現況格局-廳,建物現況格局-衛,建物現況格局-隔間,有無管理組織,總價元,單價元平方公尺,車位類別,車位移轉總面積(平方公尺),車位總價元,備註,編號,主建物面積,附屬建物面積,陽台面積,電梯,移轉編號
The villages and towns urban district,transaction sign,land sector position building sector house number plate,land shifting total area square meter,the use zoning or compiles and checks,the non-metropolis land use district,non-metropolis land use,transaction year month and day,transaction pen number,shifting level,total floor number,building state,main use,main building materials,construction to complete the years,building shifting total area,Building present situation pattern - room,building present situation pattern - hall,building present situation pattern - health,building present situation pattern - compartmented,Whether there is manages the organization,total price NTD,the unit price (NTD / square meter),the berth category,berth shifting total area square meter,the berth total price NTD,the note,serial number,main building area,auxiliary building area,balcony area,elevator,transaction number
烈嶼鄉,土地,青岐段520地號,162.5,都市：其他:自然村專用區,,,1111202,土地1建物0車位0,,,其他,,,,0.0,0,0,0,有,無,1100000,6769,,0.0,0,親友、員工、共有人或其他特殊關係間之交易；未登記建物；,RPQNMLMJKIHGFAW98EA,0.0,0.0,0.0,無,
金城鎮,土地,旗牌段171地號,184.8,都市：其他:農業區,,,1111201,土地2建物0車位0,,,其他,,,,0.0,0,0,0,有,無,1848000,10000,,0.0,0,親友、員工、共有人或其他特殊關係間之交易；,RPUNMLRJKIHGFAW27EA,0.0,0.0,0.0,無,
金城鎮,房地(土地+建物),金門縣金城鎮西海路三段３９巷２弄３號二樓,45.46,都市：其他:農業區,,,1111101,土地1建物1車位0,二層,五層,華廈(10層含以下有電梯),住家用,鋼筋混凝土造,1100611,106.47999999999999,3,2,2,有,無,6600000,61983,,0.0,0,土地264萬元，建物396萬元契稅12648元由賣方支付,RPOOMLNJJIHGFAW78DA,78.52,0.0,7.58,有,
金寧鄉,土地,寧安四劃段354-8地號,333.0,都市：其他:自然村專用區,,,1111104,土地1建物0車位0,,,其他,,,,0.0,0,0,0,有,無,7000000,21021,,0.0,0,,RPPNMLRJJIHGFAW66EA,0.0,0.0,0.0,無,
金沙鎮,土地,沙溪一劃段324地號,933.0,都市：其他:農業區,,,1111101,土地1建物0車位0,,,其他,,,,0.0,0,0,0,有,無,5380000,5766,,0.0,0,,RPUNMLLJJIHGFAW09DA,0.0,0.0,0.0,無,001
金湖鎮,土地,中四劃段152地號,701.0,都市：其他:農業區,,,1111103,土地1建物0車位0,,,其他,,,,0.0,0,0,0,有,無,3500000,4993,,0.0,0,,RPUNMLSJJIHGFAW17DA,0.0,0.0,0.0,無,
烈嶼鄉,土地,中墩段38-2地號,50.0,都市：其他:自然村專用區,,,1111109,土地1建物0車位0,,,其他,,,,0.0,0,0,0,有,無,200000,4000,,0.0,0,親友、員工、共有人或其他特殊關係間之交易；,RPSNMLTJJIHGFAW17EA,0.0,0.0,0.0,無,
金寧鄉,土地,盤山村測段535-1地號,48.55,都市：其他:道路用地,,,1111108,土地1建物0車位0,,,其他,,,,0.0,0,0,0,有,無,1480775,30500,,0.0,0,協議價購；,RPWNMLSJJIHGFAW37DA,0.0,0.0,0.0,無,
金湖鎮,土地,新頭段814地號,285.54,都市：其他:農業區,,,1111108,土地1建物0車位0,,,其他,,,,0.0,0,0,0,有,無,2400000,8405,,0.0,0,未登記建物；,RPXNMLSJJIHGFAW47DA,0.0,0.0,0.0,無,
金城鎮,房地(土地+建物),金門縣金城鎮珠浦南路５０巷１２號,26.73,都市：其他:第二種住宅區,,,1111104,土地1建物1車位0,一層,五層,華廈(10層含以下有電梯),住家用,鋼筋混凝土造,1110728,66.8,2,2,1,有,無,6200000,92814,,0.0,0,,RPQNMLSJJIHGFAW76DA,51.65,0.0,0.0,有,
金城鎮,房地(土地+建物),金門縣金城鎮珠浦南路５０巷１２號二樓,26.73,都市：其他:第二種住宅區,,,1111104,土地1建物1車位0,二層,五層,華廈(10層含以下有電梯),住家用,鋼筋混凝土造,1110728,70.81,2,2,1,有,無,5800000,81909,,0.0,0,,RPRNMLSJJIHGFAW86DA,51.65,0.0,4.01,有,
金城鎮,房地(土地+建物),金門縣金城鎮民權路７０巷１１弄２２號３樓,24.7,都市：其他:第二種住宅區,,,1111109,土地1建物1車位0,三層,六層,華廈(10層含以下有電梯),住家用,鋼筋混凝土造,0860715,107.0,3,1,2,有,無,8000000,74766,,0.0,0,,RPRNMLKKJIHGFAW78DA,77.22,0.0,10.59,有,
金湖鎮,土地,料羅村測段367地號,64.59,都市：其他:自然村專用區,,,1111109,土地1建物0車位0,,,其他,,,,0.0,0,0,0,有,無,2380000,36848,,0.0,0,親友、員工、共有人或其他特殊關係間之交易；未登記建物；,RPWNMLTJJIHGFAW57EA,0.0,0.0,0.0,無,
金寧鄉,土地,寧安四劃段207地號,433.0,都市：其他:農業區,,,1111103,土地1建物0車位0,,,其他,,,,0.0,0,0,0,有,無,2500000,5774,,0.0,0,,RPPNMLSJJIHGFAW66DA,0.0,0.0,0.0,無,002
金湖鎮,房地(土地+建物),金門縣金湖鎮料羅新村８１號,140.65,都市：其他:自然村專用區,,,1111105,土地1建物1車位0,全,二層,透天厝,住家用,鋼筋混凝土造,0860707,205.16,4,2,5,有,無,9800000,47768,,0.0,0,,RPQNMLQKJIHGFAW66DA,177.93,12.53,14.7,無,
金寧鄉,房地(土地+建物),金門縣金寧鄉安岐２１６號,102.98,都市：其他:自然村專用區,,,1111103,土地2建物1車位0,全,三層,透天厝,住家用,鋼筋混凝土造,1060407,175.6,4,2,5,有,無,10500000,59795,,0.0,0,,RPPNMLSKJIHGFAW76DA,165.6,0.0,10.0,無,003
金寧鄉,土地,寧古劃段1483地號,1000.0,都市：其他:國家公園區,,,1111101,土地2建物0車位0,,,其他,,,,0.0,0,0,0,有,無,1800000,1800,,0.0,0,親友、員工、共有人或其他特殊關係間之交易；,RPUNMLMJJIHGFAW56DA,0.0,0.0,0.0,無,
金沙鎮,土地,擎天段1314地號,270.0,都市：其他:道路用地,,,1111101,土地1建物0車位0,,,其他,,,,0.0,0,0,0,有,無,5076000,18800,,0.0,0,協議價購；,RPQNMLLLJIHGFAW98EA,0.0,0.0,0.0,無,
金沙鎮,土地,沙宅劃段423地號,657.0,都市：其他:農業區,,,1111121,土地2建物0車位0,,,其他,,,,0.0,0,0,0,有,無,3800000,5784,,0.0,0,沙宅劃段423地號售價840000元后宅段1205地號售價2960000元。,RPSNMLMLJIHGFAW66EA,0.0,0.0,0.0,無,
金沙鎮,土地,沙宅劃段507地號,1000.0,都市：其他:農業區,,,1111121,土地1建物0車位0,,,其他,,,,0.0,0,0,0,有,無,3800000,3800,,0.0,0,,RPTNMLMLJIHGFAW76EA,0.0,0.0,0.0,無,
金沙鎮,土地,沙港劃段688地號,750.03,都市：其他:農業區,,,1111110,土地2建物0車位0,,,其他,,,,0.0,0,0,0,有,無,6600000,8800,,0.0,0,,RPQNMLLKJIHGFAW78DA,0.0,0.0,0.0,無,004
金城鎮,土地,蜈蚣山段244地號,678.86,都市：其他:國家公園區,,,1111111,土地1建物0車位0,,,其他,,,,0.0,0,0,0,有,無,1154062,1700,,0.0,0,協議價購；,RPPOMLPKJIHGFAW56DA,0.0,0.0,0.0,無,
金湖鎮,房地(土地+建物),金門縣金湖鎮市港三路１６９號,14.02,都市：其他:第五種住宅區,,,1111114,土地1建物1車位0,一層,九層,華廈(10層含以下有電梯),其他,鋼筋混凝土造,1101110,78.47999999999999,0,0,0,無,無,9680000,123344,,0.0,0,本買賣標的包含16號停車位之使用權車位不計價。預售屋、或土地及建物分件登記案件；,RPQOMLPKJIHGFAW66DA,55.69,0.0,0.0,有,
金湖鎮,房地(土地+建物),金門縣金湖鎮市港三路１６９號２樓,21.43,都市：其他:第五種住宅區,,,1111114,土地1建物1車位0,二層,九層,華廈(10層含以下有電梯),住家用,鋼筋混凝土造,1101110,126.19999999999999,3,2,2,有,無,8500000,67353,,0.0,0,預售屋、或土地及建物分件登記案件；,SPQOMLPKJIHGFAW76DA,82.74,0.0,8.64,有,
金寧鄉,土地,安西劃段784地號,1250.54,都市：其他:農業區,,,1111104,土地2建物0車位0,,,其他,,,,0.0,0,0,0,有,無,6000000,4798,,0.0,0,,RPROMLOJJIHGFAW56DA,0.0,0.0,0.0,無,
金寧鄉,土地,北四劃段675地號,266.67,都市：其他:農業區,,,1111101,土地1建物0車位0,,,其他,,,,0.0,0,0,0,有,無,1100000,4125,,0.0,0,,RPRNMLLJJIHGFAW78DA,0.0,0.0,0.0,無,
金城鎮,房地(土地+建物),金門縣金城鎮金門城２２８號二樓,38.81,都市：其他:自然村專用區,,,1111101,土地1建物1車位0,二層,五層,華廈(10層含以下有電梯),住家用,鋼筋混凝土造,1101018,77.7,2,2,2,有,無,4800000,61776,,0.0,0,,RPSNMLNJJIHGFAW09DA,57.3,0.0,7.13,有,
金沙鎮,土地,汶沙測段239地號,26.33,都市：其他:第二種商業區,,,1111114,土地1建物0車位0,,,其他,,,,0.0,0,0,0,有,無,880000,33422,,0.0,0,,RPUNMLNLJIHGFAW96EA,0.0,0.0,0.0,無,005
金城鎮,土地,庵前劃測段890地號,1230.02,都市：其他:農業區,,,1111104,土地1建物0車位0,,,其他,,,,0.0,0,0,0,有,無,6550000,5325,,0.0,0,,RPQPMLOJJIHGFAW56DA,0.0,0.0,0.0,無,
烈嶼鄉,土地,楊厝測段1007-1地號,645.32,都市：其他:自然村專用區,,,1111123,土地1建物0車位0,,,其他,,,,0.0,0,0,0,有,無,3350000,5191,,0.0,0,親友、員工、共有人或其他特殊關係間之交易；,RPQNMLTLJIHGFAW17EA,0.0,0.0,0.0,無,
金沙鎮,土地,陽宅段222地號,954.91,都市：其他:農業區,,,1111116,土地1建物0車位0,,,其他,,,,0.0,0,0,0,有,無,2400000,2513,,0.0,0,,RPTNMLTLJIHGFAW47EA,0.0,0.0,0.0,無,
金湖鎮,土地,中五劃段171地號,956.8,都市：其他:國家公園區,,,1111104,土地1建物0車位0,,,其他,,,,0.0,0,0,0,有,無,5300000,5539,,0.0,0,,RPRPMLOJJIHGFAW66DA,0.0,0.0,0.0,無,
金城鎮,房地(土地+建物),金門縣金城鎮珠浦南路７４巷３７號四樓,44.1,都市：其他:第二種住宅區,,,1111122,土地1建物1車位0,四層,五層,華廈(10層含以下有電梯),住家用,鋼筋混凝土造,1000221,107.17,3,2,2,有,無,9300000,86778,,0.0,0,,RPPNMLTLJIHGFAW96DA,83.39,0.0,9.78,有,006
金城鎮,土地,中一段294地號,203.5,都市：其他:農業區,,,1111111,土地1建物0車位0,,,其他,,,,0.0,0,0,0,有,無,2050000,10074,,0.0,0,,RPSNMLTLJIHGFAW27DA,0.0,0.0,0.0,無,
金寧鄉,土地,埔后村測段35地號,128.89,都市：其他:自然村專用區,,,1111125,土地1建物0車位0,,,其他,,,,0.0,0,0,0,有,無,6500000,50431,,0.0,0,,RPOOMLTLJIHGFAW96DA,0.0,0.0,0.0,無,
金沙鎮,土地,北九十劃段213地號,976.69,都市：其他:農業區,,,1111116,土地1建物0車位0,,,其他,,,,0.0,0,0,0,有,無,2700000,2764,,0.0,0,,RPSNMLLLJIHGFAW09DA,0.0,0.0,0.0,無,
金寧鄉,土地,寧劃段1174地號,980.46,都市：其他:農業區,,,1111122,土地2建物0車位0,,,其他,,,,0.0,0,0,0,有,無,1270000,1295,,0.0,0,,RPTNMLNLJIHGFAW76DA,0.0,0.0,0.0,無,
金寧鄉,土地,西堡劃測段365地號,1000.0,都市：其他:農業區,,,1111111,土地2建物0車位0,,,其他,,,,0.0,0,0,0,有,無,1700000,1700,,0.0,0,,RPUNMLKMJIHGFAW66DA,0.0,0.0,0.0,無,007
金寧鄉,土地,寧湖二劃測段75地號,567.81,都市：其他:農業區,,,1111110,土地1建物0車位0,,,其他,,,,0.0,0,0,0,有,無,4550000,8013,,0.0,0,,RPVNMLKMJIHGFAW76DA,0.0,0.0,0.0,無,
金城鎮,土地,庵前劃測段591-3地號,347.28,都市：其他:農業區(農聚),,,1111128,土地1建物0車位0,,,其他,,,,0.0,0,0,0,有,無,7500000,21596,,0.0,0,,RPXNMLTLJIHGFAW87EA,0.0,0.0,0.0,無,
烈嶼鄉,土地,沙溪測段439地號,762.84,都市：其他:自然村專用區,,,1111121,土地2建物0車位0,,,其他,,,,0.0,0,0,0,有,無,3960000,5191,,0.0,0,親友、員工、共有人或其他特殊關係間之交易；,RPRNMLTLJIHGFAW27EA,0.0,0.0,0.0,無,
金寧鄉,房地(土地+建物),金門縣金寧鄉西浦頭７５之５號二樓,46.43,都市：其他:自然村專用區,,,1111113,土地1建物1車位0,二層,三層,公寓(5樓含以下無電梯),住家用,鋼筋混凝土造,1110624,96.13000000000001,3,2,2,有,無,6050000,62936,,0.0,0,,RPPOMLKMJIHGFAW88DA,79.55,0.0,7.63,無,008
金城鎮,房地(土地+建物),金門縣金城鎮環島西路一段２８號１樓,23.26,都市：其他:第三種住宅區。,,,1111119,土地1建物1車位0,一層,七層,華廈(10層含以下有電梯),商業用,鋼筋混凝土造,0860913,254.32,0,0,0,無,無,21500000,84539,,0.0,0,,RPOOMLKMJIHGFAW78DA,55.41,122.99,0.0,有,009
金寧鄉,土地,寧安二劃段56地號,1000.0,都市：其他:農業區,,,1111107,土地1建物0車位0,,,其他,,,,0.0,0,0,0,有,無,5300000,5300,,0.0,0,,RPVNMLNLJIHGFAW96DA,0.0,0.0,0.0,無,
金湖鎮,土地,太湖劃測段1099地號,1028.04,都市：其他:農業區,,,1111130,土地1建物0車位0,,,其他,,,,0.0,0,0,0,有,無,2672904,2600,,0.0,0,親友、員工、共有人或其他特殊關係間之交易；,RPSNMLPJKIHGFAW86EA,0.0,0.0,0.0,無,
金寧鄉,房地(土地+建物),金門縣金寧鄉頂堡５之９號二樓,50.98,都市：其他:自然村專用區,,,1111109,土地1建物1車位0,二層,六層,華廈(10層含以下有電梯),住家用,鋼筋混凝土造,1100209,141.91,3,1,2,有,有,8200000,57783,,0.0,0,,RPPNMLPJKIHGFAW09DA,84.98,0.0,9.32,有,010
金湖鎮,房地(土地+建物),金門縣金湖鎮市港三路２２５號４樓之１,12.17,都市：其他:第五種住宅區,,,1111110,土地1建物1車位0,四層,八層,華廈(10層含以下有電梯),住家用,鋼筋混凝土造,1041125,66.08,2,1,1,有,有,4550000,68856,,0.0,0,,RPPNMLOJKIHGFAW98DA,36.64,0.0,4.65,有,011
金城鎮,房地(土地+建物),金門縣金城鎮林湖路２９８之２號,91.3,都市：其他:農業區,,,1111103,土地1建物1車位0,全,三層,透天厝,住家用,鋼筋混凝土造,1041112,178.68,5,2,5,有,無,12000000,67159,,0.0,0,,RPQNMLRJJIHGFAW66DA,173.9,0.0,4.78,無,012
金城鎮,土地,祥瑞段726地號,338.93,都市：其他:第三種住宅區。,,,1111101,土地1建物0車位0,,,其他,,,,0.0,0,0,0,有,無,12074000,35624,,0.0,0,,RPPNMLMJJIHGFAW68DA,0.0,0.0,0.0,無,013
金沙鎮,土地,蔡厝劃測段541地號,706.95,都市：其他:農業區,,,1111129,土地1建物0車位0,,,其他,,,,0.0,0,0,0,有,無,2600000,3678,,0.0,0,,RPTNMLLJKIHGFAW09DA,0.0,0.0,0.0,無,014
金城鎮,房地(土地+建物),金門縣金城鎮西海路三段２２巷４弄１３號,376.94,都市：其他:農業區,,,1111120,土地2建物2車位0,全,三層,透天厝,住家用,鋼筋混凝土加強磚造,0830428,620.6,18,1,18,有,無,22300000,35933,,0.0,0,,RPSNMLQJKIHGFAW96EA,611.2,9.4,0.0,無,
金寧鄉,房地(土地+建物),金門縣金寧鄉南山２０－２號,101.09,都市：其他:國家公園區,,,1111120,土地1建物1車位0,全,三層,透天厝,住家用,鋼筋混凝土造,0961211,186.2,4,3,4,有,無,3600000,19334,,0.0,0,親友、員工、共有人或其他特殊關係間之交易；,RPUNMLQJKIHGFAW07DA,165.32,0.0,20.88,無,
金寧鄉,土地,后盤山段141地號,143.56,都市：其他:農業區,,,1111117,土地1建物0車位0,,,其他,,,,0.0,0,0,0,有,無,350000,2438,,0.0,0,親友、員工、共有人或其他特殊關係間之交易；,RPPNMLLJKIHGFAW68DA,0.0,0.0,0.0,無,
金湖鎮,房地(土地+建物),金門縣金湖鎮青年農莊２１號二樓,60.0,都市：其他:自然村專用區,,,1111123,土地1建物1車位0,二層,三層,華廈(10層含以下有電梯),住家用,鋼筋混凝土造,1060118,108.00999999999999,3,2,2,有,無,6050000,56013,,0.0,0,預售屋、或土地及建物分件登記案件；,RPPNMLQJKIHGFAW56DA,89.86,0.0,10.69,有,
金湖鎮,房地(土地+建物)+車位,金門縣金湖鎮環島南路五段１６５巷６弄７號,111.32,都市：其他:自然村專用區,,,1111121,土地1建物1車位1,全,三層,透天厝,住家用,鋼筋混凝土造,1070514,253.92000000000002,5,2,5,有,有,10500000,41352,坡道平面,39.24,0,,RPTNMLLLJIHGFAW56DA,174.75,0.0,4.9,無,015
金寧鄉,房地(土地+建物),金門縣金寧鄉安岐２３８之３號五樓,49.85,都市：其他:自然村專用區,,,1111001,土地2建物1車位0,五層,五層,華廈(10層含以下有電梯),住家用,鋼筋混凝土造,1110811,113.53,3,2,2,有,有,5980000,52673,,0.0,0,,RPWNMLLKIIHGFAW66DA,88.71,0.0,9.88,有,
金寧鄉,房地(土地+建物),金門縣金寧鄉安岐２３８之５號四樓,47.64,都市：其他:自然村專用區,,,1111001,土地2建物1車位0,四層,五層,華廈(10層含以下有電梯),住家用,鋼筋混凝土造,1110811,108.07,3,2,2,有,有,6300000,58296,,0.0,0,,RPTNMLLKIIHGFAW98DA,84.9,0.0,8.23,有,
金寧鄉,房地(土地+建物),金門縣金寧鄉安岐２３８之５號,47.64,都市：其他:自然村專用區,,,1111002,土地2建物1車位0,一層,五層,華廈(10層含以下有電梯),住家用,鋼筋混凝土造,1110811,99.84,3,2,2,有,有,5980000,59896,,0.0,0,,RPUNMLLKIIHGFAW09DA,84.9,0.0,0.0,有,
金寧鄉,房地(土地+建物),金門縣金寧鄉安岐２３８之３號三樓,49.85,都市：其他:自然村專用區,,,1111002,土地2建物1車位0,三層,五層,華廈(10層含以下有電梯),住家用,鋼筋混凝土造,1110811,113.88,3,2,2,有,有,6080000,53390,,0.0,0,,RPVNMLLKIIHGFAW56DA,89.06,0.0,9.88,有,
金城鎮,房地(土地+建物),金門縣金城鎮民權路１２２巷１弄６號二樓,34.4,都市：其他:第三種住宅區。,,,1111003,土地1建物1車位0,二層,四層,公寓(5樓含以下無電梯),住家用,鋼筋混凝土造,0991108,73.5,2,1,2,有,無,6300000,85714,,0.0,0,,RPVNMLQJIIHGFAW96DA,57.97,0.0,5.8,無,
金城鎮,房地(土地+建物),金門縣金城鎮山前１１之２號２樓,57.41,都市：其他:自然村專用區,,,1111005,土地1建物1車位0,二層,三層,公寓(5樓含以下無電梯),住家用,鋼筋混凝土造,1110408,103.41999999999999,3,2,2,有,無,6130000,59273,,0.0,0,,RPUNMLPJIIHGFAW76DA,91.69,0.0,2.91,無,
金湖鎮,房地(土地+建物)+車位,金門縣金湖鎮市港三路１６７號３樓,30.3,都市：其他:第五種住宅區,,,1111006,土地1建物1車位2,三層,九層,華廈(10層含以下有電梯),住家用,鋼筋混凝土造,1101110,207.01999999999998,4,2,2,有,無,13200000,63762,升降機械,38.34,0,預售屋、或土地及建物分件登記案件；,RPQNMLRJIIHGFAW56DA,108.01,0.0,11.37,有,
金城鎮,房地(土地+建物),金門縣金城鎮山前７０號,221.17,都市：其他:農業區,,,1111003,土地1建物1車位0,全,三層,透天厝,住家用,鋼筋混凝土造,1031222,270.21,4,2,2,有,無,13000000,48111,,0.0,0,,RPQNMLNKIIHGFAW88DA,253.96,0.0,16.25,無,
金寧鄉,房地(土地+建物),金門縣金寧鄉下堡１００之２８號二樓之２,14.02,都市：其他:自然村專用區,,,1111011,土地1建物1車位0,二層,三層,公寓(5樓含以下無電梯),住家用,鋼筋混凝土造,1031016,24.7,1,1,1,有,無,1700000,68826,,0.0,0,,RPQNMLMKIIHGFAW78DA,19.34,0.0,2.06,無,
金沙鎮,土地,北九劃段1165地號,1000.0,都市：其他:農業區,,,1111010,土地1建物0車位0,,,其他,,,,0.0,0,0,0,有,無,3820000,3820,,0.0,0,,RPTNMLSKIIHGFAW07DA,0.0,0.0,0.0,無,
金湖鎮,房地(土地+建物),金門縣金湖鎮環島南路五段７５號,293.0,都市：其他:自然村專用區,,,1111003,土地3建物1車位0,全,三層,透天厝,住家用,鋼筋混凝土造,1080329,209.75,5,2,5,有,無,18000000,85816,,0.0,0,,RPVNMLRKIIHGFAW17DA,201.51,0.0,8.24,無,
金沙鎮,土地,官澳測段433地號,2437.99,都市：其他:國家公園區,,,1111012,土地3建物0車位0,,,其他,,,,0.0,0,0,0,有,無,4800000,1969,,0.0,0,,RPWNMLTKIIHGFAW47DA,0.0,0.0,0.0,無,016
金城鎮,房地(土地+建物),金門縣金城鎮和平新村５４號,113.81,都市：其他:第二種住宅區,,,1111008,土地1建物1車位0,全,四層,透天厝,住家用,鋼筋混凝土造,0890315,254.08,4,2,4,有,無,8000000,31486,,0.0,0,,RPPNMLLLIIHGFAW68DA,230.81,0.0,23.27,無,
金城鎮,房地(土地+建物),金門縣金城鎮浯江北堤路３１號六樓,28.65,都市：其他:第三種住宅區。,,,1111003,土地1建物1車位0,六層,七層,華廈(10層含以下有電梯),辦公用,鋼筋混凝土造,1060124,139.95,2,1,2,有,有,12000000,85745,,0.0,0,預售屋、或土地及建物分件登記案件；,RPQNMLNJIIHGFAW78DA,79.42,0.0,9.19,有,
金城鎮,房地(土地+建物),金門縣金城鎮浯江北堤路３１號七樓,29.86,都市：其他:第三種住宅區。,,,1111003,土地1建物1車位0,七層，見其他登記事項,七層,華廈(10層含以下有電梯),辦公用,鋼筋混凝土造,1060124,161.20999999999998,3,1,3,有,有,12500000,77539,,0.0,0,預售屋、或土地及建物分件登記案件；,RPSNMLNJIIHGFAW98DA,98.52,0.0,9.19,有,
金寧鄉,房地(土地+建物),金門縣金寧鄉下堡１００之２８號三樓之１,13.73,都市：其他:自然村專用區,,,1111004,土地1建物1車位0,三層,三層,公寓(5樓含以下無電梯),住家用,鋼筋混凝土造,1031016,24.259999999999998,1,1,1,有,無,1750000,72135,,0.0,0,,RPUNMLOJIIHGFAW66DA,18.96,0.0,2.06,無,
金寧鄉,房地(土地+建物),金門縣金寧鄉下堡１００之２８號三樓之３,15.86,都市：其他:自然村專用區,,,1111004,土地1建物1車位0,三層,三層,公寓(5樓含以下無電梯),住家用,鋼筋混凝土造,1031016,28.08,1,1,1,有,無,1950000,69444,,0.0,0,,RPPNMLPJIIHGFAW88DA,22.28,0.0,2.06,無,
金城鎮,土地,前水頭測段9地號,164.88,都市：其他:國家公園區,,,1111019,土地1建物0車位0,,,其他,,,,0.0,0,0,0,有,無,3680000,22319,,0.0,0,,RPRNMLLLIIHGFAW98EA,0.0,0.0,0.0,無,
金沙鎮,土地,斗門劃測段1061地號,500.03,都市：其他:農業區,,,1111015,土地1建物0車位0,,,其他,,,,0.0,0,0,0,有,無,2900000,5800,,0.0,0,,RPPNMLOLIIHGFAW98DA,0.0,0.0,0.0,無,017
烈嶼鄉,土地,西方劃測段207地號,1100.03,都市：其他:農業區,,,1111018,土地1建物0車位0,,,其他,,,,0.0,0,0,0,有,無,6552348,5957,,0.0,0,,RPRNMLOLIIHGFAW56DA,0.0,0.0,0.0,無,
烈嶼鄉,土地,東面山測段1376地號,729.71,都市：其他:機關用地,,,1111018,土地3建物0車位0,,,其他,,,,0.0,0,0,0,有,無,875652,1200,,0.0,0,,RPSNMLOLIIHGFAW66DA,0.0,0.0,0.0,無,
烈嶼鄉,土地,東林段62地號,254.0,都市：其他:自然村專用區,,,1111018,土地1建物0車位0,,,其他,,,,0.0,0,0,0,有,無,4572000,18000,,0.0,0,,RPTNMLOLIIHGFAW76DA,0.0,0.0,0.0,無,
金湖鎮,房地(土地+建物),金門縣金湖鎮東村３之５號二樓,42.44,都市：其他:自然村專用區,,,1111012,土地1建物1車位0,二層,三層,公寓(5樓含以下無電梯),住家用,鋼筋混凝土造,1060306,76.21000000000001,3,2,2,有,有,4100000,53799,,0.0,0,,RPUNMLOLIIHGFAW86DA,62.09,0.0,6.3,無,018
金沙鎮,土地,中蘭劃測段444地號,405.0,都市：其他:農業區,,,1111012,土地1建物0車位0,,,其他,,,,0.0,0,0,0,有,無,1650000,4074,,0.0,0,,RPVNMLSKIIHGFAW27DA,0.0,0.0,0.0,無,019
金沙鎮,土地,中蘭劃測段220地號,1199.96,都市：其他:農業區,,,1111013,土地1建物0車位0,,,其他,,,,0.0,0,0,0,有,無,5700000,4750,,0.0,0,,RPPNMLOKIIHGFAW88DA,0.0,0.0,0.0,無,
金城鎮,房地(土地+建物),金門縣金城鎮金門城１１３之３號,46.81,都市：其他:自然村專用區,,,1111020,土地1建物2車位0,一層,三層,公寓(5樓含以下無電梯),住家用,鋼筋混凝土造,1020319,81.65,2,2,2,有,無,3750000,45928,,0.0,0,,RPUNMLKLIIHGFAW09DA,72.26,0.0,0.0,無,
金寧鄉,房地(土地+建物),金門縣金寧鄉環島西路二段６６號２樓,43.93,都市：其他:農業區,,,1111019,土地3建物1車位0,二層,三層,公寓(5樓含以下無電梯),其他,鋼筋混凝土造,0831109,84.0,3,2,2,有,無,5500000,65476,,0.0,0,,RPWNMLKLIIHGFAW66DA,76.44,0.0,7.56,無,
金湖鎮,房地(土地+建物),金門縣金湖鎮安民５８號四樓之２,55.91,都市：其他:自然村專用區,,,1111005,土地1建物1車位0,四層,四層,華廈(10層含以下有電梯),住家用,鋼筋混凝土造,1101021,111.32,3,2,2,有,有,7300000,65577,,0.0,0,約定專用停車位，編號7,RPSNMLPLIIHGFAW76DA,79.02,0.0,17.53,有,
金寧鄉,土地,機場段407地號,17.44,都市：其他:自然村專用區,,,1111017,土地1建物0車位0,,,其他,,,,0.0,0,0,0,有,無,193584,11100,,0.0,0,國有財產法第52條之1第1項第6款規定市場價格計價政府機關標讓售；,RPPNMLRKIIHGFAW56DA,0.0,0.0,0.0,無,
金寧鄉,土地,盤山村測段291-1地號,90.04,都市：其他:道路用地,,,1111019,土地1建物0車位0,,,其他,,,,0.0,0,0,0,有,無,2476220,27501,,0.0,0,協議價購；,RPTNMLKLIIHGFAW98DA,0.0,0.0,0.0,無,
金寧鄉,房地(土地+建物),金門縣金寧鄉下堡１００之２９號三樓,17.77,都市：其他:自然村專用區,,,1111003,土地1建物1車位0,三層,三層,公寓(5樓含以下無電梯),住家用,鋼筋混凝土造,1031016,31.790000000000003,1,1,1,有,無,2050000,64486,,0.0,0,,RPPNMLOJIIHGFAW78DA,26.02,0.0,1.58,無,
金城鎮,土地,賢聚測段298-4地號,47.67,都市：其他:農業區,,,1111007,土地1建物0車位0,,,其他,,,,0.0,0,0,0,有,無,641162,13450,,0.0,0,國有財產法第52條之1第1項第6款規定按市場價格計價政府機關標讓售；,RPPNMLLKIIHGFAW58DA,0.0,0.0,0.0,無,
金沙鎮,土地,沙宅劃段115地號,957.0,都市：其他:農業區,,,1111014,土地1建物0車位0,,,其他,,,,0.0,0,0,0,有,無,5000000,5225,,0.0,0,,RPQNMLRLIIHGFAW86EA,0.0,0.0,0.0,無,
金寧鄉,土地,寧湖三劃段126-1地號,465.76,都市：其他:農業區,,,1111028,土地1建物0車位0,,,其他,,,,0.0,0,0,0,有,無,3300000,7085,,0.0,0,,RPRNMLSLIIHGFAW07EA,0.0,0.0,0.0,無,020
金沙鎮,土地,中蘭劃測段696地號,490.04,都市：其他:農業區,,,1111024,土地1建物0車位0,,,其他,,,,0.0,0,0,0,有,無,2100000,4285,,0.0,0,,RPPNMLLMIIHGFAW88EA,0.0,0.0,0.0,無,
金城鎮,房地(土地+建物),金門縣金城鎮金門城２２８號三樓,38.81,都市：其他:自然村專用區,,,1111006,土地1建物1車位0,三層,五層,華廈(10層含以下有電梯),住家用,鋼筋混凝土造,1101018,77.7,2,2,2,有,無,4900000,63063,,0.0,0,,RPSNMLSLIIHGFAW07DA,57.3,0.0,7.13,有,021
金湖鎮,土地,太武段1074地號,588.87,都市：其他:農業區,,,1111006,土地1建物0車位0,,,其他,,,,0.0,0,0,0,有,無,4650000,7896,,0.0,0,,RPTNMLLMIIHGFAW56DA,0.0,0.0,0.0,無,
金湖鎮,土地,北五劃段224地號,500.0,都市：其他:農業區,,,1111005,土地2建物0車位0,,,其他,,,,0.0,0,0,0,有,無,3710000,7420,,0.0,0,包含公共設施保留地用地；,RPPNMLLJJIHGFAW58DA,0.0,0.0,0.0,無,022
金沙鎮,土地,北九十劃段156地號,1307.57,都市：其他:農業區,,,1111018,土地2建物0車位0,,,其他,,,,0.0,0,0,0,有,無,7250000,5545,,0.0,0,,RPQNMLMJJIHGFAW78DA,0.0,0.0,0.0,無,
金沙鎮,土地,官嶼劃段82地號,1000.0,都市：其他:農業區,,,1111018,土地2建物0車位0,,,其他,,,,0.0,0,0,0,有,無,3250000,3250,,0.0,0,,RPRNMLMJJIHGFAW88DA,0.0,0.0,0.0,無,
金城鎮,土地,庵前劃測段107地號,500.02,都市：其他:農業區,,,1111020,土地1建物0車位0,,,其他,,,,0.0,0,0,0,有,無,3800000,7600,,0.0,0,,RPTNMLMJJIHGFAW09DA,0.0,0.0,0.0,無,023
金湖鎮,土地,湖前段28-1地號,316.27,都市：其他:保存區,,,1111020,土地3建物0車位0,,,其他,,,,0.0,0,0,0,有,無,4728237,14950,,0.0,0,協議價購；,RPUOMLOJJIHGFAW96EA,0.0,0.0,0.0,無,024
金寧鄉,房地(土地+建物),金門縣金寧鄉仁愛新６６之３號二樓,33.34,都市：其他:自然村專用區,,,1111004,土地1建物1車位0,二層,三層,公寓(5樓含以下無電梯),住家用,鋼筋混凝土造,1061108,62.57,2,1,1,有,無,4700000,75116,,0.0,0,,RPQNMLOJIIHGFAW88DA,53.69,0.0,4.53,無,025
金城鎮,土地,延平段730地號,872.79,都市：其他:農業區,,,1111019,土地1建物0車位0,,,其他,,,,0.0,0,0,0,有,無,6600000,7562,,0.0,0,,RPQNMLLLIIHGFAW78DA,0.0,0.0,0.0,無,
金沙鎮,土地,北九十劃段281地號,977.43,都市：其他:農業區,,,1111005,土地1建物0車位0,,,其他,,,,0.0,0,0,0,有,無,2960000,3028,,0.0,0,,RPOPMLOJJIHGFAW09EA,0.0,0.0,0.0,無,
金城鎮,房地(土地+建物),金門縣金城鎮中興路１６１巷７號２樓,28.79,都市：其他:第二種住宅區,,,1111001,土地2建物1車位0,二層,五層,公寓(5樓含以下無電梯),住家用,鋼筋混凝土造,0871222,117.21000000000001,2,2,2,有,無,7400000,63135,,0.0,0,,RPSNMLLJJIHGFAW98EA,102.61,0.0,8.15,無,
金城鎮,土地,金城劃段312-1地號,500.0,都市：其他:農業區,,,1111021,土地1建物0車位0,,,其他,,,,0.0,0,0,0,有,無,9700000,19400,,0.0,0,,RPUOMLNJJIHGFAW76DA,0.0,0.0,0.0,無,
烈嶼鄉,土地,東林段105地號,188.0,都市：其他:自然村專用區,,,1111031,土地2建物0車位0,,,其他,,,,0.0,0,0,0,有,無,2820000,15000,,0.0,0,,RPWNMLMJJIHGFAW76DA,0.0,0.0,0.0,無,
金沙鎮,土地,官嶼劃段181地號,1000.0,都市：其他:農業區,,,1111018,土地1建物0車位0,,,其他,,,,0.0,0,0,0,有,無,3250000,3250,,0.0,0,,RPSNMLMJJIHGFAW98DA,0.0,0.0,0.0,無,
金沙鎮,土地,山西段1722地號,1076.44,都市：其他:乙種工業區,,,1111021,土地2建物0車位0,,,其他,,,,0.0,0,0,0,有,無,11500000,10683,,0.0,0,,RPTNMLLJJIHGFAW98DA,0.0,0.0,0.0,無,
金城鎮,土地,小西門劃測段2275地號,349.11,都市：其他:農業區,,,1111013,土地1建物0車位0,,,其他,,,,0.0,0,0,0,有,無,1240000,3552,,0.0,0,,RPUOMLOJJIHGFAW86DA,0.0,0.0,0.0,無,
金城鎮,土地,北一段489-1地號,376.08,都市：其他:道路用地,,,1111006,土地1建物0車位0,,,其他,,,,0.0,0,0,0,有,無,4200000,11168,,0.0,0,,RPVOMLOJJIHGFAW96DA,0.0,0.0,0.0,無,
金城鎮,土地,北一段489地號,650.57,都市：其他:農業區,,,1111006,土地1建物0車位0,,,其他,,,,0.0,0,0,0,有,無,13800000,21212,,0.0,0,,RPWOMLOJJIHGFAW07DA,0.0,0.0,0.0,無,
金寧鄉,土地,西堡劃測段365地號,1000.0,都市：其他:農業區,,,1111027,土地2建物0車位0,,,其他,,,,0.0,0,0,0,有,無,1430000,1430,,0.0,0,,RPPPMLOJJIHGFAW09DA,0.0,0.0,0.0,無,007
金沙鎮,土地,浯坑劃測段504地號,496.0,都市：其他:農業區,,,1111031,土地1建物0車位0,,,其他,,,,0.0,0,0,0,有,無,1500000,3024,,0.0,0,,RPSNMLRJJIHGFAW86DA,0.0,0.0,0.0,無,
金城鎮,房地(土地+建物),金門縣金城鎮民權路１２２巷１弄６之１號四樓之１,17.19,都市：其他:第三種住宅區。,,,1111026,土地1建物1車位0,四層,四層,公寓(5樓含以下無電梯),住家用,鋼筋混凝土造,0991108,35.88,1,1,1,有,無,3500000,97547,,0.0,0,,RPQNMLLJJIHGFAW68DA,26.94,1.18,2.9,無,
烈嶼鄉,土地,東林段527地號,27.0,都市：其他:自然村專用區,,,1111027,土地1建物0車位0,,,其他,,,,0.0,0,0,0,有,無,1250000,46296,,0.0,0,未登記建物；,RPOOMLMJJIHGFAW68DA,0.0,0.0,0.0,無,
金城鎮,房地(土地+建物),金門縣金城鎮林湖路２９８之３號,91.3,都市：其他:農業區,,,1111017,土地1建物1車位0,全,三層,透天厝,住家用,鋼筋混凝土造,1041112,178.68,5,2,5,有,無,10300000,57645,,0.0,0,親友、員工、共有人或其他特殊關係間之交易；,RPQPMLMJJIHGFAW98DA,173.9,0.0,4.78,無,027
金城鎮,土地,旗牌段376地號,66.3,都市：其他:第三種住宅區。,,,1111024,土地1建物0車位0,,,其他,,,,0.0,0,0,0,有,無,1650808,24899,,0.0,0,協議價購；,RPTNMLOJJIHGFAW76EA,0.0,0.0,0.0,無,
金寧鄉,土地,寧湖二劃測段716-1地號,222.18,都市：其他:農業區,,,1111021,土地3建物0車位0,,,其他,,,,0.0,0,0,0,有,無,1310862,5900,,0.0,0,協議價購；,RPPNMLLKJIHGFAW78EA,0.0,0.0,0.0,無,
金寧鄉,房地(土地+建物),金門縣金寧鄉安岐２３８號,100.66,都市：其他:自然村專用區,,,1111011,土地2建物1車位0,全,三層,透天厝,住家用,鋼筋混凝土造,1110811,216.74,5,1,5,有,無,11580000,53428,,0.0,0,,RPQNMLTJJIHGFAW86DA,200.5,0.0,16.24,無,
金湖鎮,房地(土地+建物),金門縣金湖鎮市港六路８９號,61.64,都市：其他:農業區,,,1111031,土地1建物1車位0,全,三層,透天厝,住家用,鋼筋混凝土造,1110111,174.12,5,2,5,有,無,9600000,55134,,0.0,0,預售屋、或土地及建物分件登記案件；,RPUNMLRJJIHGFAW07DA,160.32,0.0,13.8,無,
金湖鎮,房地(土地+建物),金門縣金湖鎮市港六路８７號,61.84,都市：其他:農業區,,,1111031,土地1建物1車位0,全,三層,透天厝,住家用,鋼筋混凝土造,1110110,174.12,5,2,5,有,無,9600000,55134,,0.0,0,預售屋、或土地及建物分件登記案件；,RPWNMLRJJIHGFAW27DA,160.32,0.0,13.8,無,
金湖鎮,土地,太武段1208地號,629.67,都市：其他:風景區,,,1111012,土地2建物0車位0,,,其他,,,,0.0,0,0,0,有,無,450000,715,,0.0,0,本買賣價金包含金湖鎮漁村段273地號土地之交易價格。,RPUNMLTKIIHGFAW27DA,0.0,0.0,0.0,無,
金寧鄉,房地(土地+建物),金門縣金寧鄉下堡２２９號三樓,50.76,都市：其他:自然村專用區,,,1111017,土地1建物1車位0,三層,三層,公寓(5樓含以下無電梯),住家用,鋼筋混凝土造,1061116,81.91,2,1,1,有,有,4640000,56648,,0.0,0,,RPQNMLKKJIHGFAW68DA,62.76,0.0,12.32,無,028
金城鎮,土地,旗牌段160地號,28.0,都市：其他:農業區,,,1111027,土地1建物0車位0,,,其他,,,,0.0,0,0,0,有,無,328160,11720,,0.0,0,國有財產法第52條之1第1項第5款規定市場查估地價計價政府機關標讓售；,RPPNMLQKJIHGFAW66EA,0.0,0.0,0.0,無,
金沙鎮,房地(土地+建物),金門縣金沙鎮洋山２０５號五樓,56.59,都市：其他:自然村專用區,,,1111004,土地1建物1車位0,五層,五層,華廈(10層含以下有電梯),住家用,鋼筋混凝土造,1110127,107.99000000000001,3,2,2,有,無,5700000,52783,,0.0,0,,RPVNMLTJJIHGFAW37DA,83.34,0.0,7.2,有,
金寧鄉,房地(土地+建物),金門縣金寧鄉下堡１２０號二樓之２,33.81,都市：其他:自然村專用區,,,1111019,土地1建物1車位0,二層,五層,華廈(10層含以下有電梯),住家用,鋼筋混凝土造,1110804,77.14,3,2,2,有,無,5300000,68706,,0.0,0,土地價金係新台幣238.5萬元建物價金係新台幣291.5萬元,RPTNMLOKJIHGFAW76DA,55.96,0.0,6.5,有,
金寧鄉,房地(土地+建物),金門縣金寧鄉下堡１２０號四樓之５,38.96,都市：其他:自然村專用區,,,1111019,土地1建物1車位0,四層,五層,華廈(10層含以下有電梯),住家用,鋼筋混凝土造,1110804,96.78999999999999,3,2,2,有,無,6600000,68189,,0.0,0,土地價金係新台幣297萬元建物價金係新台幣363萬元,RPUNMLOKJIHGFAW86DA,65.05,0.0,7.22,有,
金寧鄉,土地,龍潭段319地號,911.35,都市：其他:國家公園區,,,1111026,土地1建物0車位0,,,其他,,,,0.0,0,0,0,有,無,1275890,1400,,0.0,0,,RPVNMLLMIIHGFAW76DA,0.0,0.0,0.0,無,
金沙鎮,土地,大山段173地號,81576.92,都市：其他:國家公園區,,,1111025,土地4建物0車位0,,,其他,,,,0.0,0,0,0,有,無,71600000,878,,0.0,0,,RPTNMLPKJIHGFAW86DA,0.0,0.0,0.0,無,
金沙鎮,房地(土地+建物),金門縣金沙鎮東沙尾４０號一樓之１,44.52,都市：其他:自然村專用區,,,1111014,土地1建物1車位0,一層,四層,華廈(10層含以下有電梯),住家用,鋼筋混凝土造,1090904,83.72,2,2,2,有,無,4490000,53631,,0.0,0,,RPTNMLTKIIHGFAW17DA,68.4,0.0,4.25,有,
金湖鎮,房地(土地+建物),金門縣金湖鎮塔后１２２之８號五樓,26.01,都市：其他:自然村專用區,,,1111031,土地1建物1車位0,五層,五層,華廈(10層含以下有電梯),住家用,鋼筋混凝土造,1080403,70.71000000000001,2,2,1,有,有,5150000,72822,,0.0,0,,RPUNMLLMIIHGFAW66DA,52.28,0.0,6.03,有,029
金湖鎮,房地(土地+建物),金門縣金湖鎮料羅新村６３０號,167.71,都市：其他:自然村專用區,,,1111028,土地2建物1車位0,全,三層,透天厝,住家用,鋼筋混凝土造,1040508,166.41,4,1,3,有,無,13000000,78120,,0.0,0,,RPPNMLRKJIHGFAW66DA,149.06,0.0,17.35,無,030
金湖鎮,房地(土地+建物),金門縣金湖鎮市港五路１６８之１號２樓,7.6,都市：其他:第二種商業區,,,1111015,土地1建物1車位0,二層,十層,華廈(10層含以下有電梯),商業用,鋼筋混凝土造,1090408,53.76,1,1,1,有,無,4600000,85565,,0.0,0,,RPPNMLLLJIHGFAW88EA,29.2,1.25,4.81,有,031
金湖鎮,土地,中五劃段90地號,993.0,都市：其他:農業區,,,1111026,土地2建物0車位0,,,其他,,,,0.0,0,0,0,有,無,10500000,10574,,0.0,0,包含公共設施保留地用地；,RPPNMLRLIIHGFAW66DA,0.0,0.0,0.0,無,
金寧鄉,房地(土地+建物),金門縣金寧鄉下埔下３５０號,1150.07,都市：其他:保護區,,,1111026,土地4建物1車位0,全,三層,透天厝,農業用,鋼筋混凝土造,1050530,209.0,5,2,2,有,無,16200000,77512,,0.0,0,,RPPNMLOLJIHGFAW09DA,201.66,0.0,7.34,無,
金湖鎮,房地(土地+建物),金門縣金湖鎮新塘１５號１樓之３,26.23,都市：其他:自然村專用區,,,1111027,土地2建物1車位0,一層,五層,華廈(10層含以下有電梯),住家用,鋼筋混凝土造,1100127,50.59,1,1,1,有,有,3100000,61277,,0.0,0,,RPSNMLRLIIHGFAW96DA,40.1,0.0,2.54,有,
金城鎮,房地(土地+建物),金門縣金城鎮山前１１之１號２樓,57.41,都市：其他:自然村專用區,,,1111011,土地1建物1車位0,二層,三層,公寓(5樓含以下無電梯),住家用,鋼筋混凝土造,1110408,103.41999999999999,3,2,2,有,無,7000000,67685,,0.0,0,,RPXNMLLKIIHGFAW76DA,91.69,0.0,2.91,無,
金城鎮,房地(土地+建物),金門縣金城鎮小古崗１９之９號三樓,57.97,都市：其他:自然村專用區,,,1111026,土地1建物1車位0,三層,三層,公寓(5樓含以下無電梯),住家用,鋼筋混凝土造,1060306,91.3,3,2,2,有,無,5600000,61336,,0.0,0,,RPTNMLRJKIHGFAW07DA,79.28,0.0,5.06,無,032
金寧鄉,土地,寧湖二劃測段442地號,434.17,都市：其他:農業區,,,1111025,土地1建物0車位0,,,其他,,,,0.0,0,0,0,有,無,4770000,10986,,0.0,0,,RPTNMLRLIIHGFAW07DA,0.0,0.0,0.0,無,
金城鎮,房地(土地+建物),金門縣金城鎮伯玉路一段２８３號,111.09,都市：其他:農業區,,,1111028,土地2建物1車位0,全,二層,透天厝,住家用,鋼筋混凝土造,0840815,108.0,4,2,2,有,無,9400000,87037,,0.0,0,,RPRNMLSLIIHGFAW96DA,108.0,0.0,0.0,無,
金城鎮,土地,山前段154地號,418.0,都市：其他:農業區,,,1110907,土地1建物0車位0,,,其他,,,,0.0,0,0,0,有,無,2600000,6220,,0.0,0,,RPUNMLSJRHHGFAW97EA,0.0,0.0,0.0,無,
金城鎮,土地,北一段77-1地號,250.07,都市：其他:農業區,,,1110913,土地1建物0車位0,,,其他,,,,0.0,0,0,0,有,無,3000000,11997,,0.0,0,,RPQNMLNKRHHGFAW17EA,0.0,0.0,0.0,無,033
金寧鄉,土地,寧劃段618地號,488.94,都市：其他:農業區,,,1110902,土地1建物0車位0,,,其他,,,,0.0,0,0,0,有,無,2800000,5727,,0.0,0,,RPPNMLPJRHHGFAW07DA,0.0,0.0,0.0,無,034
金湖鎮,房地(土地+建物),金門縣金湖鎮市港六路１１１號,88.57,都市：其他:農業區,,,1110905,土地2建物1車位0,全,三層,透天厝,住家用,鋼筋混凝土造,1110117,180.62,5,2,4,有,無,9900000,54811,,0.0,0,,RPRNMLMKRHHGFAW07DA,177.24,0.0,3.38,無,
金湖鎮,房地(土地+建物),金門縣金湖鎮市港六路１０９號,85.59,都市：其他:農業區,,,1110905,土地2建物1車位0,全,三層,透天厝,住家用,鋼筋混凝土造,1110117,177.6,5,2,4,有,無,9600000,54054,,0.0,0,,RPSNMLMKRHHGFAW17DA,174.22,0.0,3.38,無,
金沙鎮,土地,汶沙測段369地號,159.18,都市：其他:第六種住宅區,,,1110913,土地1建物0車位0,,,其他,,,,0.0,0,0,0,有,無,5000000,31411,,0.0,0,,RPSNMLQKRHHGFAW57DA,0.0,0.0,0.0,無,
金城鎮,房地(土地+建物),金門縣金城鎮山前１１之２號１樓,55.04,都市：其他:自然村專用區,,,1110901,土地1建物1車位0,一層,三層,公寓(5樓含以下無電梯),住家用,鋼筋混凝土造,1110408,100.14,3,2,2,有,無,6480000,64709,,0.0,0,,RPRNMLLJRHHGFAW86DA,91.69,0.0,0.0,無,
金寧鄉,房地(土地+建物),金門縣金寧鄉西浦頭７５之６號,46.43,都市：其他:自然村專用區,,,1110902,土地1建物1車位0,一層,三層,公寓(5樓含以下無電梯),住家用,鋼筋混凝土造,1110624,86.72,3,2,2,有,無,5350000,61693,,0.0,0,預售屋、或土地及建物分件登記案件；,RPRNMLMJRHHGFAW96DA,77.77,0.0,0.0,無,
金沙鎮,土地,北八劃段451地號,1000.0,都市：其他:農業區,,,1110905,土地1建物0車位0,,,其他,,,,0.0,0,0,0,有,無,4100000,4100,,0.0,0,,RPQNMLTKRHHGFAW67DA,0.0,0.0,0.0,無,
金湖鎮,土地,中六劃段112地號,820.0,都市：其他:國家公園區,,,1110916,土地1建物0車位0,,,其他,,,,0.0,0,0,0,有,無,3900000,4756,,0.0,0,,RPPNMLTKRHHGFAW67EA,0.0,0.0,0.0,無,
金城鎮,土地,小西門劃測段672-1地號,810.14,都市：其他:保護區,,,1110915,土地2建物0車位0,,,其他,,,,0.0,0,0,0,有,無,2000000,2469,,0.0,0,,RPPNMLKLRHHGFAW86EA,0.0,0.0,0.0,無,
金城鎮,土地,北一段586地號,433.12,都市：其他:農業區,,,1110913,土地1建物0車位0,,,其他,,,,0.0,0,0,0,有,無,5000000,11544,,0.0,0,,RPRNMLTKRHHGFAW77DA,0.0,0.0,0.0,無,
金寧鄉,房地(土地+建物),金門縣金寧鄉下埔下３１０號,204.7,都市：其他:農業區,,,1110908,土地2建物1車位0,全,二層,透天厝,住家用,鋼筋混凝土造,0850110,241.98,5,2,5,有,無,12000000,49591,,0.0,0,,RPPNMLSJRHHGFAW37DA,241.98,0.0,0.0,無,
金寧鄉,土地,寧湖二劃測段1225地號,564.04,都市：其他:自然村專用區,,,1110914,土地1建物0車位0,,,其他,,,,0.0,0,0,0,有,無,19740000,34998,,0.0,0,,RPPNMLLLRHHGFAW96EA,0.0,0.0,0.0,無,035
烈嶼鄉,土地,東園劃段214地號,1096.69,都市：其他:農業區,,,1110902,土地1建物0車位0,,,其他,,,,0.0,0,0,0,有,無,6580000,6000,,0.0,0,,RPTNMLSJRHHGFAW77DA,0.0,0.0,0.0,無,
金寧鄉,土地,后沙劃測段684地號,599.99,都市：其他:農業區,,,1110905,土地1建物0車位0,,,其他,,,,0.0,0,0,0,有,無,3500000,5833,,0.0,0,,RPQNMLPJRHHGFAW17DA,0.0,0.0,0.0,無,
金寧鄉,土地,寧劃段1216地號,489.91,都市：其他:農業區,,,1110905,土地1建物0車位0,,,其他,,,,0.0,0,0,0,有,無,2250000,4593,,0.0,0,,RPUNMLMLRHHGFAW47DA,0.0,0.0,0.0,無,036
金沙鎮,土地,北九劃段1254地號,1000.0,都市：其他:農業區,,,1110919,土地1建物0車位0,,,其他,,,,0.0,0,0,0,有,無,3700000,3700,,0.0,0,,RPTNMLLLRHHGFAW27DA,0.0,0.0,0.0,無,
金沙鎮,土地,沙港劃段663地號,500.05,都市：其他:農業區,,,1110912,土地1建物0車位0,,,其他,,,,0.0,0,0,0,有,無,2400000,4800,,0.0,0,,RPQNMLMLRHHGFAW07DA,0.0,0.0,0.0,無,
金城鎮,土地,旗牌段355-1地號,176.29,都市：其他:第三種住宅區。,,,1110915,土地4建物0車位0,,,其他,,,,0.0,0,0,0,有,無,4960000,28135,,0.0,0,,RPPNMLRLRHHGFAW47DA,0.0,0.0,0.0,無,037
金湖鎮,房地(土地+建物),金門縣金湖鎮環島南路五段１０８巷７號２樓,53.66,都市：其他:自然村專用區,,,1110906,土地2建物1車位0,二層,五層,華廈(10層含以下有電梯),住家用,鋼筋混凝土造,1110414,112.24000000000001,3,1,2,有,無,6680000,59515,,0.0,0,,RPRNMLQJRHHGFAW37DA,90.04,0.0,9.19,有,
金寧鄉,土地,寧湖二劃測段1225地號,564.04,都市：其他:自然村專用區,,,1110914,土地1建物0車位0,,,其他,,,,0.0,0,0,0,有,無,22760000,40352,,0.0,0,,RPTNMLNLRHHGFAW57EA,0.0,0.0,0.0,無,035
金湖鎮,房地(土地+建物),金門縣金湖鎮市港六路１０３號,84.59,都市：其他:農業區,,,1110905,土地2建物1車位0,全,三層,透天厝,住家用,鋼筋混凝土造,1110113,177.48,5,2,4,有,無,9900000,55781,,0.0,0,,RPPOMLMLRHHGFAW07DA,174.22,0.0,3.26,無,
金湖鎮,房地(土地+建物),金門縣金湖鎮湖前２６０號,188.72,都市：其他:自然村專用區,,,1110920,土地3建物1車位0,全,三層,透天厝,住家用,鋼筋混凝土造,1041230,143.96,5,4,2,有,無,9500000,65991,,0.0,0,,RPQNMLRLRHHGFAW57DA,136.86,0.0,7.1,無,
金沙鎮,土地,蔡厝劃測段87地號,1540.03,都市：其他:農業區,,,1110928,土地1建物0車位0,,,其他,,,,0.0,0,0,0,有,無,5680000,3688,,0.0,0,,RPRNMLSLRHHGFAW77DA,0.0,0.0,0.0,無,039
金寧鄉,房地(土地+建物),金門縣金寧鄉安岐２３８之２號,99.43,都市：其他:自然村專用區,,,1110922,土地2建物1車位0,全,三層,透天厝,住家用,鋼筋混凝土造,1110811,213.69,5,1,5,有,無,11380000,53255,,0.0,0,土地價款：569萬元。建物價款：569萬元。法定停車位，編號第３號，停車位１個。,RPOOMLMLRHHGFAW96DA,197.62,0.0,16.07,無,
金寧鄉,房地(土地+建物),金門縣金寧鄉安岐２３８之５號二樓,47.64,都市：其他:自然村專用區,,,1110922,土地2建物1車位0,二層,五層,華廈(10層含以下有電梯),住家用,鋼筋混凝土造,1110811,108.07,3,1,2,有,無,6380000,59036,,0.0,0,土地價款：319萬元。建物價款：319萬元。,RPRNMLMLRHHGFAW17DA,84.9,0.0,8.23,有,
金寧鄉,房地(土地+建物),金門縣金寧鄉安岐２３８之３號,49.85,都市：其他:自然村專用區,,,1110922,土地2建物1車位0,一層,五層,華廈(10層含以下有電梯),住家用,鋼筋混凝土造,1110811,103.45,3,1,2,有,無,6550000,63316,,0.0,0,土地價款：328萬元。建物價款：327萬元。法定停車位，編號第５號，車位１個。,RPVNMLMLRHHGFAW57DA,88.51,0.0,0.0,有,
金寧鄉,房地(土地+建物),金門縣金寧鄉湖下２２０之２５號,105.2,都市：其他:自然村專用區,,,1110915,土地1建物1車位0,全,三層,透天厝,住家用,鋼筋混凝土造,1091231,183.55,5,2,5,有,有,11500000,62653,,0.0,0,本買賣標的包含3號停車位之永久使用權。,RPQNMLQKRHHGFAW37DA,178.33,0.0,5.22,無,040
金寧鄉,土地,寧安二劃段45-1地號,500.0,都市：其他:農業區,,,1110905,土地1建物0車位0,,,其他,,,,0.0,0,0,0,有,無,3000000,6000,,0.0,0,,RPPNMLQJRHHGFAW17DA,0.0,0.0,0.0,無,
金寧鄉,房地(土地+建物),金門縣金寧鄉嚨口３５號二樓,22.35,都市：其他:自然村專用區,,,1110922,土地1建物1車位0,二層,三層,公寓(5樓含以下無電梯),住家用,鋼筋混凝土造,1090721,46.33,3,2,2,有,有,2350000,50723,,0.0,0,,RPPNMLKMRHHGFAW86DA,37.97,0.0,3.79,無,041
金城鎮,土地,中一段250地號,604.64,都市：其他:農業區,,,1110907,土地1建物0車位0,,,其他,,,,0.0,0,0,0,有,無,16000000,26462,,0.0,0,,RPRNMLOJIIHGFAW98DA,0.0,0.0,0.0,無,
金城鎮,土地,旗牌段381-1地號,1391.39,都市：其他:第三種住宅區。,,,1110901,土地6建物0車位0,,,其他,,,,0.0,0,0,0,有,無,38900000,27958,,0.0,0,,RPPNMLQKRHHGFAW27DA,0.0,0.0,0.0,無,
金寧鄉,房地(土地+建物)+車位,金門縣金寧鄉頂堡３０１號,50.32,都市：其他:自然村專用區,,,1110918,土地1建物1車位1,一層,三層,公寓(5樓含以下無電梯),住家用,鋼筋混凝土造,1050621,130.17,3,2,2,有,無,6200000,47630,坡道平面,22.92,0,未登記建物；,RPUNMLNLRHHGFAW57DA,82.99,0.0,4.81,無,
金湖鎮,土地,湖前段245-1地號,65.93,都市：其他:農業區,,,1110915,土地2建物0車位0,,,其他,,,,0.0,0,0,0,有,無,1186674,17999,,0.0,0,國有財產法第52條之1第1項第6款市場查估價格計價政府機關標讓售；,RPRNMLQKRHHGFAW47DA,0.0,0.0,0.0,無,
金城鎮,房地(土地+建物),金門縣金城鎮莒光路８５巷１６號,62.89,都市：其他:第二種住宅區,,,1110918,土地2建物1車位0,全,三層,透天厝,住商用,鋼筋混凝土造,0780630,127.4,4,3,3,有,無,11000000,86342,,0.0,0,包含公共設施保留地用地；,RPSNMLTKRHHGFAW87DA,127.4,0.0,0.0,無,042
金沙鎮,土地,北九劃段1097地號,1000.0,都市：其他:農業區,,,1110901,土地1建物0車位0,,,其他,,,,0.0,0,0,0,有,無,3600000,3600,,0.0,0,,RPRNMLNKRHHGFAW17DA,0.0,0.0,0.0,無,
金城鎮,土地,祥安段519地號,357.8,都市：其他:第三種住宅區。,,,1110926,土地3建物0車位0,,,其他,,,,0.0,0,0,0,有,無,10000000,27949,,0.0,0,具重建或重劃、都更等效益；包含公共設施保留地用地；,RPQNMLSLRHHGFAW67DA,0.0,0.0,0.0,無,
金城鎮,土地,旗牌段368-1地號,86.35,都市：其他:第三種住宅區。,,,1110928,土地2建物0車位0,,,其他,,,,0.0,0,0,0,有,無,2365000,27389,,0.0,0,,RPTNMLPJIIHGFAW66DA,0.0,0.0,0.0,無,
金城鎮,房地(土地+建物),金門縣金城鎮西海路三段７２巷１弄７號,81.22,都市：其他:農業區,,,1110930,土地1建物1車位0,全,三層,透天厝,住家用,鋼筋混凝土造,0840626,200.8,5,3,3,有,無,10400000,51793,,0.0,0,含裝潢費；其他增建；,RPWNMLPJIIHGFAW96DA,183.09,9.26,8.45,無,043
金湖鎮,房地(土地+建物),金門縣金湖鎮塔后１２２之９號,26.01,都市：其他:自然村專用區,,,1110905,土地1建物1車位0,一層,五層,公寓(5樓含以下無電梯),住家用,鋼筋混凝土造,1080403,64.68,3,2,2,有,無,5200000,80383,,0.0,0,,RPPNMLOKRHHGFAW07DA,52.28,0.0,0.0,無,044
金沙鎮,房地(土地+建物),金門縣金沙鎮東店１８號二樓,31.78,都市：其他:自然村專用區,,,1110914,土地1建物1車位0,二層,三層,公寓(5樓含以下無電梯),住家用,鋼筋混凝土造,1060112,83.16,2,1,1,有,有,2500000,30063,,0.0,0,,RPPNMLNLRHHGFAW07DA,44.21,0.0,2.3,無,045
金城鎮,房地(土地+建物),金門縣金城鎮西海路三段３９巷２弄５號五樓,45.46,都市：其他:農業區,,,1110927,土地1建物1車位0,五層,五層,華廈(10層含以下有電梯),住家用,鋼筋混凝土造,1100611,106.32,3,2,2,有,無,6800000,63958,,0.0,0,,RPWNMLQJIIHGFAW07DA,78.36,0.0,7.58,有,
金沙鎮,土地,浦邊段790-1地號,75.0,都市：其他:自然村專用區,,,1110912,土地1建物0車位0,,,其他,,,,0.0,0,0,0,有,無,750000,10000,,0.0,0,,RPSNMLOJIIHGFAW09DA,0.0,0.0,0.0,無,
金城鎮,房地(土地+建物),金門縣金城鎮金門城３０之１號二樓,63.79,都市：其他:自然村專用區,,,1110906,土地1建物1車位0,二層,三層,公寓(5樓含以下無電梯),住家用,鋼筋混凝土造,1000125,100.33,3,2,2,有,無,6000000,59803,,0.0,0,,RPPNMLMKIIHGFAW68DA,83.01,0.0,11.36,無,
金寧鄉,房地(土地+建物),金門縣金寧鄉安岐２３８之３號四樓,49.85,都市：其他:自然村專用區,,,1110930,土地2建物1車位0,四層,五層,華廈(10層含以下有電梯),住家用,鋼筋混凝土造,1110811,113.53,3,2,2,有,有,5800000,51088,,0.0,0,,RPRNMLLKIIHGFAW78DA,88.71,0.0,9.88,有,
金寧鄉,土地,寧湖二劃測段1285地號,600.04,都市：其他:農業區,,,1110923,土地1建物0車位0,,,其他,,,,0.0,0,0,0,有,無,3000000,5000,,0.0,0,,RPTNMLOJIIHGFAW56DA,0.0,0.0,0.0,無,
金寧鄉,房地(土地+建物),金門縣金寧鄉下堡１００之２８號三樓,17.77,都市：其他:自然村專用區,,,1110930,土地1建物1車位0,三層,三層,公寓(5樓含以下無電梯),住家用,鋼筋混凝土造,1031016,31.790000000000003,1,1,1,有,無,2050000,64486,,0.0,0,,RPSNMLKMRHHGFAW17DA,26.02,0.0,1.58,無,
金寧鄉,土地,寧北一劃段55-1地號,517.12,都市：其他:國家公園區,,,1110929,土地3建物0車位0,,,其他,,,,0.0,0,0,0,有,無,650000,1257,,0.0,0,,RPUNMLKMRHHGFAW37DA,0.0,0.0,0.0,無,
金寧鄉,房地(土地+建物),金門縣金寧鄉安岐２３８之５號三樓,47.64,都市：其他:自然村專用區,,,1110923,土地2建物1車位0,三層,五層,華廈(10層含以下有電梯),住家用,鋼筋混凝土造,1110811,108.07,3,1,2,有,無,6180000,57185,,0.0,0,,RPRNMLNLRHHGFAW27DA,84.9,0.0,8.23,有,
金寧鄉,房地(土地+建物),金門縣金寧鄉安岐２３８之３號二樓,49.85,都市：其他:自然村專用區,,,1110919,土地2建物1車位0,二層,五層,華廈(10層含以下有電梯),住家用,鋼筋混凝土造,1110811,113.88,3,1,2,有,無,6380000,56024,,0.0,0,,RPRNMLKLRHHGFAW96DA,89.06,0.0,9.88,有,
金湖鎮,房地(土地+建物)+車位,金門縣金湖鎮環島南路五段１６５巷２弄１８號,124.12,都市：其他:自然村專用區,,,1110912,土地1建物1車位2,全,三層,透天厝,住家用,鋼筋混凝土造,1070514,318.07,5,2,5,有,無,12680000,39865,坡道平面,78.48,0,停車位編號:84、89,RPPNMLSLRHHGFAW57DA,193.08,0.0,7.43,無,046
金湖鎮,房地(土地+建物),金門縣金湖鎮青年農莊２１號,60.0,都市：其他:自然村專用區,,,1110912,土地1建物1車位0,一層,三層,公寓(5樓含以下無電梯),住家用,鋼筋混凝土造,1060118,98.92999999999999,3,2,2,有,有,6580000,66512,,0.0,0,預售屋、或土地及建物分件登記案件；,RPUNMLSKIIHGFAW17DA,89.86,0.0,1.61,無,
金沙鎮,土地,北九劃段1301地號,1000.0,都市：其他:農業區,,,1110922,土地1建物0車位0,,,其他,,,,0.0,0,0,0,有,無,3500000,3500,,0.0,0,,RPRNMLSKIIHGFAW86DA,0.0,0.0,0.0,無,
金沙鎮,土地,北九劃段1330地號,1000.0,都市：其他:農業區,,,1110922,土地1建物0車位0,,,其他,,,,0.0,0,0,0,有,無,3500000,3500,,0.0,0,,RPSNMLSKIIHGFAW96DA,0.0,0.0,0.0,無,
金湖鎮,房地(土地+建物),金門縣金湖鎮市港三路１６９號５樓,21.67,都市：其他:第五種住宅區,,,1110928,土地1建物1車位0,五層,九層,華廈(10層含以下有電梯),住家用,鋼筋混凝土造,1101110,120.79,3,2,2,有,無,8300000,68714,,0.0,0,預售屋、或土地及建物分件登記案件；,RPQNMLTLRHHGFAW77DA,79.0,0.0,6.54,有,
金湖鎮,房地(土地+建物),金門縣金湖鎮市港三路１６９號５樓之１,14.47,都市：其他:第五種住宅區,,,1110928,土地1建物1車位0,五層,九層,華廈(10層含以下有電梯),住家用,鋼筋混凝土造,1101110,80.2,2,2,2,有,無,5300000,66085,,0.0,0,預售屋、或土地及建物分件登記案件；,SPQNMLTLRHHGFAW87DA,50.94,0.0,6.05,有,
金城鎮,房地(土地+建物),金門縣金城鎮金門城８９之２號三樓,39.48,都市：其他:自然村專用區,,,1110914,土地1建物1車位0,三層,三層,公寓(5樓含以下無電梯),住家用,鋼筋混凝土造,1050816,73.96000000000001,2,2,2,有,無,4600000,62187,,0.0,0,,RPQNMLPLIIHGFAW66EA,63.04,0.0,4.3,無,
金寧鄉,土地,煙墩段43地號,61.4,都市：其他:保護區,,,1110907,土地2建物0車位0,,,其他,,,,0.0,0,0,0,有,無,250000,4072,,0.0,0,國有財產法第53條市場查估地價計價政府機關標讓售；,RPXNMLQJIIHGFAW17DA,0.0,0.0,0.0,無,
金寧鄉,土地,中三劃測段587地號,745.54,都市：其他:農業區,,,1110921,土地1建物0車位0,,,其他,,,,0.0,0,0,0,有,無,7450000,9993,,0.0,0,,RPSNMLMLRHHGFAW27DA,0.0,0.0,0.0,無,
金寧鄉,房地(土地+建物),金門縣金寧鄉安岐２３８之５號五樓,47.64,都市：其他:自然村專用區,,,1110922,土地2建物1車位0,五層,五層,華廈(10層含以下有電梯),住家用,鋼筋混凝土造,1110811,108.07,3,1,2,有,無,6460000,59776,,0.0,0,土地價款：323萬元。建物價款：323萬元。,RPTNMLMLRHHGFAW37DA,84.9,0.0,8.23,有,
金寧鄉,房地(土地+建物),金門縣金寧鄉安岐２３８之１號,99.43,都市：其他:自然村專用區,,,1110927,土地2建物1車位0,全,三層,透天厝,住家用,鋼筋混凝土造,1110811,213.69,5,2,5,有,有,11380000,53255,,0.0,0,,RPSNMLLKIIHGFAW88DA,197.62,0.0,16.07,無,
金湖鎮,房地(土地+建物)+車位,金門縣金湖鎮市港三路１４５號,32.5,都市：其他:第五種住宅區,,,1110922,土地1建物1車位1,一層，見其他登記事項,七層,華廈(10層含以下有電梯),商業用,鋼筋混凝土造,1071211,166.2,0,0,0,無,有,23000000,144623,坡道平面,14.08,1000000,,RPSNMLNLRHHGFAW37DA,111.36,0.0,0.0,有,
金城鎮,房地(土地+建物),金門縣金城鎮金門城１０３之５號二樓,65.22,都市：其他:自然村專用區,,,1110923,土地1建物1車位0,二層,三層,華廈(10層含以下有電梯),住家用,鋼筋混凝土造,1100721,103.21000000000001,3,2,2,有,無,5900000,57165,,0.0,0,,RPQNMLNLRHHGFAW17DA,75.84,0.0,9.11,有,
金城鎮,房地(土地+建物),金門縣金城鎮慈湖路一段３２之６號,533.0,都市：其他:農業區,,,1110914,土地1建物1車位0,全,二層,透天厝,農業用,鋼筋混凝土造,1020130,361.05,9,2,10,有,無,38000000,105249,,0.0,0,含裝潢費；含傢俱設備費；頂樓加蓋；,RPSNMLOKRHHGFAW37DA,321.43,0.0,39.62,無,047
金城鎮,土地,祥安段254-1地號,46.04,都市：其他:道路用地,,,1110924,土地1建物0車位0,,,其他,,,,0.0,0,0,0,有,無,1192436,25900,,0.0,0,協議價購；,RPSOMLOJJIHGFAW76EA,0.0,0.0,0.0,無,
金城鎮,土地,祥安段529地號,69.72,都市：其他:公園用地,,,1110924,土地1建物0車位0,,,其他,,,,0.0,0,0,0,有,無,1736153,24902,,0.0,0,協議價購；,RPPNMLOJJIHGFAW98EA,0.0,0.0,0.0,無,
金城鎮,土地,旗牌段406-1地號,38.73,都市：其他:道路用地,,,1110906,土地2建物0車位0,,,其他,,,,0.0,0,0,0,有,無,1002978,25897,,0.0,0,協議價購；,RPUNMLOJJIHGFAW86EA,0.0,0.0,0.0,無,048
金城鎮,土地,旗牌段406-1地號,38.73,都市：其他:道路用地,,,1110906,土地2建物0車位0,,,其他,,,,0.0,0,0,0,有,無,1002978,25897,,0.0,0,協議價購；,RPWNMLOJJIHGFAW07EA,0.0,0.0,0.0,無,048
金城鎮,土地,旗牌段406-1地號,38.73,都市：其他:道路用地,,,1110905,土地2建物0車位0,,,其他,,,,0.0,0,0,0,有,無,1002978,25897,,0.0,0,協議價購；,RPXNMLOJJIHGFAW17EA,0.0,0.0,0.0,無,048
金城鎮,土地,旗牌段406-1地號,38.73,都市：其他:道路用地,,,1110906,土地2建物0車位0,,,其他,,,,0.0,0,0,0,有,無,1002978,25897,,0.0,0,協議價購；,RPOOMLOJJIHGFAW98EA,0.0,0.0,0.0,無,048
金城鎮,土地,旗牌段406-1地號,38.73,都市：其他:道路用地,,,1110905,土地2建物0車位0,,,其他,,,,0.0,0,0,0,有,無,1002978,25897,,0.0,0,協議價購；,RPPOMLOJJIHGFAW09EA,0.0,0.0,0.0,無,048
金城鎮,土地,旗牌段406-1地號,38.73,都市：其他:道路用地,,,1110906,土地2建物0車位0,,,其他,,,,0.0,0,0,0,有,無,1002978,25897,,0.0,0,協議價購；,RPQOMLOJJIHGFAW56EA,0.0,0.0,0.0,無,048
金湖鎮,房地(土地+建物),金門縣金湖鎮青年農莊２２號,60.0,都市：其他:自然村專用區,,,1110912,土地1建物1車位0,一層,三層,華廈(10層含以下有電梯),住家用,鋼筋混凝土造,1060118,98.92999999999999,3,2,2,有,無,6450000,65198,,0.0,0,預售屋、或土地及建物分件登記案件；,RPUNMLTJJIHGFAW27DA,89.86,0.0,1.61,有,
金沙鎮,土地,北九十劃段125地號,980.58,都市：其他:農業區,,,1110930,土地1建物0車位0,,,其他,,,,0.0,0,0,0,有,無,4080000,4161,,0.0,0,,RPPNMLNKIIHGFAW78DA,0.0,0.0,0.0,無,054
金寧鄉,房地(土地+建物),金門縣金寧鄉西堡５之６號二樓,47.3,都市：其他:自然村專用區,,,1110808,土地1建物1車位0,二層,五層,華廈(10層含以下有電梯),住家用,鋼筋混凝土造,1110628,107.93,2,2,2,有,無,6000000,55592,,0.0,0,,RPPNMLSKQHHGFAW37DA,75.21,0.0,7.52,有,
金城鎮,土地,祥瑞段720-2地號,5.39,都市：其他:道路用地,,,1110830,土地1建物0車位0,,,其他,,,,0.0,0,0,0,有,無,179217,33250,,0.0,0,,RPPNMLLJRHHGFAW66DA,0.0,0.0,0.0,無,
金城鎮,土地,祥瑞段720地號,63.24,都市：其他:道路用地,,,1110830,土地1建物0車位0,,,其他,,,,0.0,0,0,0,有,無,2102730,33250,,0.0,0,,RPQNMLLJRHHGFAW76DA,0.0,0.0,0.0,無,
金寧鄉,房地(土地+建物),金門縣金寧鄉下堡１００之２８號二樓之１,13.73,都市：其他:自然村專用區,,,1110829,土地1建物1車位0,二層,三層,公寓(5樓含以下無電梯),住家用,鋼筋混凝土造,1031016,24.259999999999998,1,1,1,有,無,1750000,72135,,0.0,0,,RPTNMLMJRHHGFAW17DA,18.96,0.0,2.06,無,
金城鎮,土地,小西門劃測段268地號,900.0,都市：其他:農業區,,,1110828,土地1建物0車位0,,,其他,,,,0.0,0,0,0,有,無,6000000,6667,,0.0,0,,RPPOMLKMQHHGFAW86DA,0.0,0.0,0.0,無,
金沙鎮,土地,后宅測段495地號,267.01,都市：其他:農業區,,,1110828,土地1建物0車位0,,,其他,,,,0.0,0,0,0,有,無,1500000,5618,,0.0,0,,RPPNMLRJRHHGFAW27DA,0.0,0.0,0.0,無,
金城鎮,房地(土地+建物),金門縣金城鎮山前１１之１號３樓,57.41,都市：其他:自然村專用區,,,1110818,土地1建物1車位0,三層,三層,公寓(5樓含以下無電梯),住家用,鋼筋混凝土造,1110408,103.41999999999999,3,2,2,有,無,7500000,72520,,0.0,0,,RPUNMLSKQHHGFAW87DA,91.69,0.0,2.91,無,
金湖鎮,房地(土地+建物),金門縣金湖鎮夏興５０之１號,107.0,都市：其他:自然村專用區,,,1110802,土地1建物1車位0,全,三層,透天厝,住家用,鋼筋混凝土造,1110624,194.42,4,2,5,有,無,14050000,72266,,0.0,0,,RPSNMLMLQHHGFAW17DA,188.34,0.0,6.08,無,
金寧鄉,土地,東洲段32地號,666.65,都市：其他:農業區,,,1110824,土地1建物0車位0,,,其他,,,,0.0,0,0,0,有,無,5000000,7500,,0.0,0,,RPPNMLPLQHHGFAW17DA,0.0,0.0,0.0,無,
金寧鄉,土地,寧古劃段1479地號,500.0,都市：其他:國家公園區,,,1110812,土地1建物0車位0,,,其他,,,,0.0,0,0,0,有,無,1450000,2900,,0.0,0,,RPQNMLMKRHHGFAW96DA,0.0,0.0,0.0,無,
金湖鎮,房地(土地+建物),金門縣金湖鎮東村７８號二樓,58.78,都市：其他:自然村專用區,,,1110829,土地1建物1車位0,二層,三層,公寓(5樓含以下無電梯),住家用,鋼筋混凝土造,1050418,102.48,3,2,2,有,無,4500000,43911,,0.0,0,,RPVNMLTLQHHGFAW18DA,86.87,0.0,8.67,無,055
金城鎮,土地,金門城測段422地號,434.01,都市：其他:自然村專用區,,,1110829,土地1建物0車位0,,,其他,,,,0.0,0,0,0,有,無,12000000,27649,,0.0,0,,RPRNMLKMQHHGFAW96DA,0.0,0.0,0.0,無,
金寧鄉,房地(土地+建物),金門縣金寧鄉西堡５之６號四樓,47.3,都市：其他:自然村專用區,,,1110816,土地1建物1車位0,四層,五層,華廈(10層含以下有電梯),住家用,鋼筋混凝土造,1110628,107.93,2,2,2,有,無,6000000,55592,,0.0,0,,RPRNMLSKQHHGFAW57DA,75.21,0.0,7.52,有,
金寧鄉,房地(土地+建物),金門縣金寧鄉西堡５之６號五樓,47.3,都市：其他:自然村專用區,,,1110817,土地1建物1車位0,五層,五層,華廈(10層含以下有電梯),住家用,鋼筋混凝土造,1110628,107.93,2,2,2,有,無,6100000,56518,,0.0,0,,RPTNMLSKQHHGFAW77DA,75.21,0.0,7.52,有,
金城鎮,房地(土地+建物),金門縣金城鎮菜市場路１７號,65.2,都市：其他:第二種商業區,,,1110805,土地3建物1車位0,全,二層,透天厝,住家用,磚造,0570701,80.35,2,2,2,有,無,9000000,112010,,0.0,0,陽台外推；,RPQNMLQJQHHGFAW17DA,77.58,0.0,2.77,無,056
金寧鄉,土地,青山段928-2地號,402.42,都市：其他:自然村專用區,,,1110830,土地1建物0車位0,,,其他,,,,0.0,0,0,0,有,無,7500000,18637,,0.0,0,,RPTNMLKMQHHGFAW17DA,0.0,0.0,0.0,無,
金寧鄉,土地,安西劃段700地號,602.45,都市：其他:農業區,,,1110824,土地1建物0車位0,,,其他,,,,0.0,0,0,0,有,無,4166000,6915,,0.0,0,國有財產法第58條規定按市場查估計價政府機關標讓售；,RPPNMLTLQHHGFAW57DA,0.0,0.0,0.0,無,
金湖鎮,房地(土地+建物),金門縣金湖鎮環島南路塔后段１巷１５號,105.15,都市：其他:自然村專用區,,,1110830,土地2建物1車位0,全,三層,透天厝,住家用,鋼筋混凝土造,0940325,232.0,5,2,6,有,無,12000000,51724,,0.0,0,,RPQNMLOKRHHGFAW17DA,218.25,0.0,13.75,無,
金湖鎮,土地,中六劃段24地號,987.0,都市：其他:國家公園區,,,1110819,土地1建物0車位0,,,其他,,,,0.0,0,0,0,有,無,6000000,6079,,0.0,0,,RPTNMLTKQHHGFAW87DA,0.0,0.0,0.0,無,
金城鎮,房地(土地+建物),金門縣金城鎮民族路９３巷５弄３７號,66.65,都市：其他:第三種住宅區。,,,1110810,土地1建物1車位0,全,三層,透天厝,住商用,鋼筋混凝土造,0691110,193.5,2,2,2,有,無,18000000,93023,,0.0,0,,RPTNMLKKQHHGFAW96DA,193.5,0.0,0.0,無,057
金湖鎮,房地(土地+建物),金門縣金湖鎮市港五路１６０之１號２樓,7.69,都市：其他:第二種商業區,,,1110804,土地1建物1車位0,二層,十層,華廈(10層含以下有電梯),商業用,鋼筋混凝土造,1090408,54.04,1,1,1,有,無,5050000,93449,,0.0,0,,RPTNMLQKRHHGFAW77EA,29.44,1.02,4.91,有,
金湖鎮,房地(土地+建物),金門縣金湖鎮市港五路１６２之１號２樓,7.64,都市：其他:第二種商業區,,,1110818,土地1建物1車位0,二層,十層,華廈(10層含以下有電梯),商業用,鋼筋混凝土造,1090408,53.76,1,1,1,有,無,5050000,93936,,0.0,0,,RPUNMLQKRHHGFAW87EA,29.3,0.98,4.91,有,
金寧鄉,房地(土地+建物),金門縣金寧鄉林湖路５０９號,63.57,都市：其他:自然村專用區,,,1110805,土地1建物1車位0,一層，地下一層,三層,華廈(10層含以下有電梯),住家用,鋼筋混凝土造,1090413,156.04,3,2,2,有,有,8700000,55755,,0.0,0,預售屋、或土地及建物分件登記案件；,RPSNMLSJRHHGFAW67DA,133.68,0.0,1.6,有,
金寧鄉,土地,后沙劃測段45地號,749.99,都市：其他:農業區,,,1110829,土地1建物0車位0,,,其他,,,,0.0,0,0,0,有,無,3950000,5267,,0.0,0,,RPSNMLKMQHHGFAW07DA,0.0,0.0,0.0,無,058
金沙鎮,土地,官澳測段433地號,3090.99,都市：其他:國家公園區,,,1110825,土地4建物0車位0,,,其他,,,,0.0,0,0,0,有,無,4000000,1294,,0.0,0,含仲介費160000元；含地政士服務費15000元；其他 鑑界整地農地印花稅等:65000元；,RPTNMLKMRHHGFAW37EA,0.0,0.0,0.0,無,016
金寧鄉,房地(土地+建物),金門縣金寧鄉湖南３２之１號,111.5,都市：其他:自然村專用區,,,1110827,土地1建物1車位0,全,三層,透天厝,住家用,鋼筋混凝土造,1030702,175.95,5,2,5,有,無,12400000,70475,,0.0,0,,RPVNMLPJIIHGFAW86DA,164.79,0.0,11.16,無,060
金城鎮,土地,珠山段551地號,934.91,都市：其他:國家公園區,,,1110824,土地1建物0車位0,,,其他,,,,0.0,0,0,0,有,無,4000000,4278,,0.0,0,農業設施；,RPQNMLQJIIHGFAW09DA,0.0,0.0,0.0,無,
金寧鄉,土地,寧劃段863地號,653.57,都市：其他:農業區,,,1110831,土地1建物0車位0,,,其他,,,,0.0,0,0,0,有,無,2400000,3672,,0.0,0,,RPRNMLRJIIHGFAW76EA,0.0,0.0,0.0,無,
金城鎮,土地,奎星樓段228地號,158.3,都市：其他:第二種住宅區,,,1110826,土地1建物0車位0,,,其他,,,,0.0,0,0,0,有,無,8606000,54365,,0.0,0,地清或未辦繼承標售；,RPOOMLLKIIHGFAW68EA,0.0,0.0,0.0,無,
金寧鄉,房地(土地+建物),金門縣金寧鄉西堡５之６號三樓,47.3,都市：其他:自然村專用區,,,1110812,土地1建物1車位0,三層,五層,華廈(10層含以下有電梯),住家用,鋼筋混凝土造,1110628,107.93,2,2,2,有,無,6000000,55592,,0.0,0,,RPQNMLSKQHHGFAW47DA,75.21,0.0,7.52,有,
金城鎮,房地(土地+建物),金門縣金城鎮珠浦北路５巷８之１號,49.78,都市：其他:第三種住宅區。,,,1110829,土地1建物1車位0,全,三層,透天厝,住家用,鋼筋混凝土加強磚造,0851029,43.2,4,2,2,有,無,3800000,87963,,0.0,0,親友、員工、共有人或其他特殊關係間之交易；,RPRNMLMKIIHGFAW88DA,43.2,0.0,0.0,無,
金湖鎮,房地(土地+建物),金門縣金湖鎮新頭３１２號二樓,67.08,都市：其他:自然村專用區,,,1110804,土地1建物1車位0,二層,三層,華廈(10層含以下有電梯),住家用,鋼筋混凝土造,1070928,141.25,3,2,2,有,無,8000000,56637,,0.0,0,,RPWNMLMLRHHGFAW67DA,88.42,0.0,21.44,有,061
烈嶼鄉,土地,陵水湖測段357地號,434.08,都市：其他:國家公園區,,,1110831,土地1建物0車位0,,,其他,,,,0.0,0,0,0,有,無,1500000,3456,,0.0,0,,RPQNMLKLRHHGFAW86DA,0.0,0.0,0.0,無,
金城鎮,土地,旗牌段361地號,122.29,都市：其他:市場用地,,,1110830,土地6建物0車位0,,,其他,,,,0.0,0,0,0,有,無,3051316,24951,,0.0,0,協議價購；,RPROMLOJJIHGFAW66EA,0.0,0.0,0.0,無,
金城鎮,土地,中一段05390013地號,159.84,都市：其他:道路用地,,,1110830,土地1建物0車位0,,,其他,,,,0.0,0,0,0,有,無,4139856,25900,,0.0,0,協議價購；,RPTOMLOJJIHGFAW86EA,0.0,0.0,0.0,無,
金城鎮,土地,旗牌段313地號,729.01,都市：其他:第一種商業區,,,1110829,土地3建物0車位0,,,其他,,,,0.0,0,0,0,有,無,18735557,25700,,0.0,0,協議價購；,RPQNMLOJJIHGFAW09EA,0.0,0.0,0.0,無,
金城鎮,土地,祥安段584地號,449.75,都市：其他:停車場用地,,,1110829,土地5建物0車位0,,,其他,,,,0.0,0,0,0,有,無,11213775,24933,,0.0,0,協議價購；,RPRNMLOJJIHGFAW56EA,0.0,0.0,0.0,無,
金城鎮,土地,祥安段570地號,250.7,都市：其他:第三種住宅區。,,,1110829,土地1建物0車位0,,,其他,,,,0.0,0,0,0,有,無,6493130,25900,,0.0,0,協議價購；,RPSNMLOJJIHGFAW66EA,0.0,0.0,0.0,無,
金城鎮,土地,祥安段665地號,151.0,都市：其他:第一種商業區,,,1110829,土地3建物0車位0,,,其他,,,,0.0,0,0,0,有,無,3883400,25718,,0.0,0,協議價購；,RPVNMLOJJIHGFAW96EA,0.0,0.0,0.0,無,
金寧鄉,土地,湖尾村測段412地號,205.74,都市：其他:自然村專用區,,,1110826,土地1建物0車位0,,,其他,,,,0.0,0,0,0,有,無,3687200,17922,,0.0,0,地清或未辦繼承標售；,RPTNMLSJJIHGFAW17EA,0.0,0.0,0.0,無,
金城鎮,房地(土地+建物),金門縣金城鎮金門城１０３之３號二樓,65.22,都市：其他:自然村專用區,,,1110826,土地1建物1車位0,二層,三層,華廈(10層含以下有電梯),住家用,鋼筋混凝土造,1100721,103.21000000000001,3,2,2,有,無,5900000,57165,,0.0,0,,RPRNMLQLQHHGFAW47DA,75.84,0.0,9.11,有,
金寧鄉,土地,中二劃段368地號,652.27,都市：其他:農業區,,,1110715,土地1建物0車位0,,,其他,,,,0.0,0,0,0,有,無,6500000,9965,,0.0,0,,RPPNMLOJQHHGFAW86DA,0.0,0.0,0.0,無,
金寧鄉,房地(土地+建物),金門縣金寧鄉上后垵７７號,1154.99,都市：其他:農業區,,,1110723,土地4建物1車位0,全,三層,透天厝,農業用,鋼筋混凝土造,1030124,183.99,6,2,6,有,無,10800000,58699,,0.0,0,頂樓加蓋；,RPPNMLNKRHHGFAW96DA,174.45,0.0,9.54,無,
金城鎮,房地(土地+建物),金門縣金城鎮珠浦西路２８巷２弄５號三樓,34.38,都市：其他:第三種住宅區。,,,1110729,土地1建物1車位0,三層,五層,華廈(10層含以下有電梯),住家用,鋼筋混凝土造,0890221,122.31,4,2,2,有,有,9000000,73584,,0.0,0,買方除買賣價格外，另負擔土地增值稅。,RPQNMLTLPHHGFAW57DA,98.77,0.0,10.81,有,062
金沙鎮,土地,鵲山段571-2地號,2214.63,都市：其他:風景區,,,1110725,土地1建物0車位0,,,其他,,,,0.0,0,0,0,有,無,5755831,2599,,0.0,0,親友、員工、共有人或其他特殊關係間之交易；,RPRNMLQJIIHGFAW66EA,0.0,0.0,0.0,無,063
金湖鎮,房地(土地+建物),金門縣金湖鎮環島南路五段１１０號５樓,93.87,都市：其他:自然村專用區,,,1110722,土地2建物1車位0,五層,五層,華廈(10層含以下有電梯),辦公用,鋼筋混凝土造,1110414,197.5,5,2,4,有,無,13300000,67342,,0.0,0,,RPQNMLRJRHHGFAW37DA,162.28,0.0,5.81,有,
金寧鄉,土地,后垵段673地號,1497.31,都市：其他:農業區,,,1110701,土地2建物0車位0,,,其他,,,,0.0,0,0,0,有,無,9900000,6612,,0.0,0,,RPQNMLSLIIHGFAW96EA,0.0,0.0,0.0,無,064
金沙鎮,房地(土地+建物),金門縣金沙鎮新前墩３９號,129.19,都市：其他:農業區,,,1110711,土地1建物1車位0,全,三層,透天厝,住家用,鋼筋混凝土造,1051024,216.26,5,2,5,有,無,12500000,57801,,0.0,0,含裝潢費2500000元；,RPQNMLSKJIHGFAW96EA,209.6,0.0,6.66,無,065
金沙鎮,土地,沙港劃段452地號,1000.01,都市：其他:農業區,,,1110613,土地1建物0車位0,,,其他,,,,0.0,0,0,0,有,無,4000000,4000,,0.0,0,僅有土地交易親友、員工、共有人或其他特殊關係間之交易；,RPQNMLQJRHHGFAW37EA,0.0,0.0,0.0,無,
金城鎮,土地,祥安段669地號,950.51,都市：其他:第三種住宅區。,,,1110621,土地6建物0車位0,,,其他,,,,0.0,0,0,0,有,無,27075000,28485,,0.0,0,,RPPNMLSLOHHGFAW27DA,0.0,0.0,0.0,無,
金寧鄉,土地,慈湖段538地號,11619.9,都市：其他:國家公園區,,,1110526,土地1建物0車位0,,,其他,,,,0.0,0,0,0,有,無,24000000,2065,,0.0,0,,RPQNMLLMNHHGFAW66DA,0.0,0.0,0.0,無,
烈嶼鄉,土地,前埔測段109地號,880.45,都市：其他:農業區,,,1110226,土地1建物0車位0,,,其他,,,,0.0,0,0,0,有,無,2300000,2612,,0.0,0,,RPPNMLMKRHHGFAW86DA,0.0,0.0,0.0,無,
金湖鎮,土地,新市段1062-2地號,380.76,都市：其他:綠地、道路用地,,,1101220,土地1建物0車位0,,,其他,,,,0.0,0,0,0,有,無,30993661,81399,,0.0,0,協議價購；,RPPNMLQLIIHGFAW66EA,0.0,0.0,0.0,無,
金寧鄉,房地(土地+建物)+車位,金門縣金寧鄉下堡１２０號二樓之５,38.96,都市：其他:自然村專用區,,,1100316,土地1建物1車位1,二層,五層,華廈(10層含以下有電梯),住家用,鋼筋混凝土造,1110804,96.78999999999999,3,2,2,有,無,5750000,59984,一樓平面,7.6,400000,,RPTNMLTJJIHGFAW17DA,65.05,0.0,7.22,有,
金寧鄉,房地(土地+建物),金門縣金寧鄉下堡１２０號二樓之３,34.98,都市：其他:自然村專用區,,,1100320,土地1建物1車位0,二層,五層,華廈(10層含以下有電梯),住家用,鋼筋混凝土造,1110804,80.28999999999999,3,2,2,有,無,4800000,59783,,0.0,0,,RPPNMLSLJIHGFAW86DA,58.57,0.0,6.53,有,
金寧鄉,房地(土地+建物),金門縣金寧鄉下堡１２０號三樓之３,34.98,都市：其他:自然村專用區,,,1100203,土地1建物1車位0,三層,五層,華廈(10層含以下有電梯),住家用,鋼筋混凝土造,1110804,80.28999999999999,3,2,2,有,無,4850000,60406,,0.0,0,,RPRNMLLMIIHGFAW98DA,58.57,0.0,6.53,有,
金寧鄉,房地(土地+建物),金門縣金寧鄉下堡１２０號五樓之１,37.12,都市：其他:自然村專用區,,,1100204,土地1建物1車位0,五層,五層,華廈(10層含以下有電梯),住家用,鋼筋混凝土造,1110804,86.71000000000001,3,2,2,有,無,5220000,60201,,0.0,0,,RPSNMLLMIIHGFAW09DA,65.3,0.0,5.29,有,
金寧鄉,房地(土地+建物),金門縣金寧鄉下埔下４１之１號三樓,49.38,都市：其他:自然村專用區,,,1100207,土地1建物1車位0,三層,五層,華廈(10層含以下有電梯),住家用,鋼筋混凝土造,1110811,106.13000000000001,3,2,2,有,無,7000000,65957,,0.0,0,,RPRNMLNLJIHGFAW56DA,82.51,0.0,11.89,有,
金寧鄉,房地(土地+建物)+車位,金門縣金寧鄉下堡１２０號五樓之３,34.98,都市：其他:自然村專用區,,,1100113,土地1建物1車位1,五層,五層,華廈(10層含以下有電梯),住家用,鋼筋混凝土造,1110804,87.89999999999999,3,2,2,有,無,5480000,62267,一樓平面,7.6,480000,,RPPNMLTJJIHGFAW76DA,58.57,0.0,6.53,有,
金寧鄉,房地(土地+建物)+車位,金門縣金寧鄉下堡１２０號三樓之２,33.81,都市：其他:自然村專用區,,,1100126,土地1建物1車位1,三層,五層,華廈(10層含以下有電梯),住家用,鋼筋混凝土造,1110804,84.75,3,2,2,有,無,5150000,60920,坡道平面,7.6,450000,,RPPNMLOKJIHGFAW98DA,55.96,0.0,6.5,有,
金寧鄉,房地(土地+建物),金門縣金寧鄉下堡１２０號四樓之１,37.12,都市：其他:自然村專用區,,,1100121,土地1建物1車位0,四層,五層,華廈(10層含以下有電梯),住家用,鋼筋混凝土造,1110804,86.71000000000001,3,2,2,有,無,5170000,59624,,0.0,0,,RPSNMLOKJIHGFAW66DA,65.3,0.0,5.29,有,
金寧鄉,房地(土地+建物),金門縣金寧鄉下堡１２０號四樓之２,33.81,都市：其他:自然村專用區,,,1100120,土地1建物1車位0,四層,五層,華廈(10層含以下有電梯),住家用,鋼筋混凝土造,1110804,77.14,3,1,2,有,無,4630000,60021,,0.0,0,,RPRNMLMLJIHGFAW09DA,55.96,0.0,6.5,有,
金寧鄉,房地(土地+建物),金門縣金寧鄉下堡１２０號四樓之３,34.98,都市：其他:自然村專用區,,,1100120,土地1建物1車位0,四層,五層,華廈(10層含以下有電梯),住家用,鋼筋混凝土造,1110804,80.28999999999999,3,2,2,有,無,4810000,59908,,0.0,0,,RPPNMLMLJIHGFAW88DA,58.57,0.0,6.53,有,
金寧鄉,房地(土地+建物),金門縣金寧鄉下堡１２０號五樓之２,33.81,都市：其他:自然村專用區,,,1100120,土地1建物1車位0,五層,五層,華廈(10層含以下有電梯),住家用,鋼筋混凝土造,1110804,77.14,3,1,2,有,無,4740000,61447,,0.0,0,,RPQNMLMLJIHGFAW98DA,55.96,0.0,6.5,有,
金寧鄉,房地(土地+建物),金門縣金寧鄉下埔下４１之１號四樓,49.38,都市：其他:自然村專用區,,,1091202,土地1建物1車位0,四層,五層,華廈(10層含以下有電梯),住家用,鋼筋混凝土造,1110811,106.13000000000001,3,2,2,有,無,6950000,65486,,0.0,0,,RPSNMLNLJIHGFAW66DA,82.51,0.0,11.89,有,
金寧鄉,房地(土地+建物),金門縣金寧鄉下埔下４１之１號二樓,49.38,都市：其他:自然村專用區,,,1091101,土地1建物1車位0,二層,五層,華廈(10層含以下有電梯),住家用,鋼筋混凝土造,1110811,106.13000000000001,3,2,2,有,無,6930000,65297,,0.0,0,,RPQNMLNLJIHGFAW09DA,82.51,0.0,11.89,有,
金湖鎮,土地,新市段1062-1地號,380.76,都市：其他:綠地、道路用地,,,1091012,土地1建物0車位0,,,其他,,,,0.0,0,0,0,有,無,30993661,81399,,0.0,0,協議價購；,RPQNMLQLIIHGFAW76EA,0.0,0.0,0.0,無,
金寧鄉,房地(土地+建物),金門縣金寧鄉下埔下４１之１號,46.41,都市：其他:自然村專用區,,,1091019,土地1建物1車位0,一層,五層,華廈(10層含以下有電梯),住家用,鋼筋混凝土造,1110811,102.46000000000001,3,2,2,有,無,7200000,70271,,0.0,0,,RPPNMLNLJIHGFAW98DA,82.34,0.0,9.14,有,
