﻿編號,車位類別,車位價格,車位面積平方公尺,車位所在樓層
Serial number,berth category,berth price,berth area square meter,
RPTNMLLLJIHGFAW56DA,坡道平面,0,39.24,地下一樓
RPQNMLRJIIHGFAW56DA,升降機械,0,19.17,地下一樓
RPQNMLRJIIHGFAW56DA,升降機械,0,19.17,地下一樓
RPUNMLNLRHHGFAW57DA,坡道平面,0,22.92,地下一樓
RPPNMLSLRHHGFAW57DA,坡道平面,0,39.24,地下一樓
RPPNMLSLRHHGFAW57DA,坡道平面,0,39.24,地下一樓
RPSNMLNLRHHGFAW37DA,坡道平面,1000000,14.08,地下一樓
RPPNMLOKJIHGFAW98DA,坡道平面,450000,7.60,一樓
RPTNMLTJJIHGFAW17DA,一樓平面,400000,7.60,一樓
RPPNMLTJJIHGFAW76DA,一樓平面,480000,7.60,一樓
