﻿編號,車位類別,車位價格,車位面積平方公尺,車位所在樓層
Serial number,berth category,berth price,berth area square meter,
RPPNMLSLRHHGFAX77DB,坡道平面,900000,254.00,地下一樓
RPPNMLTLRHHGFAX87DB,坡道平面,900000,20.85,地下一樓
RPQNMLTLRHHGFAX97DB,坡道平面,900000,20.85,地下一樓
RPRNMLTLRHHGFAX08DB,坡道平面,850000,20.85,地下一樓
RPSNMLMKIIHGFAX56DB,坡道平面,850000,20.85,地下一樓
RPPNMLMKIIHGFAX88DB,坡道平面,850000,20.85,地下一樓
RPQNMLMKIIHGFAX98DB,坡道平面,900000,20.85,地下一樓
