﻿編號,土地位置,土地移轉面積(平方公尺),使用分區或編定,權利人持分分母,權利人持分分子,移轉情形,地號
The serial number, land position,land shifting area square meter,the use zoning or compiles and checks,,,,land parcel
RPRNMLTJJIHGFAX17EA,五福段,58.34,非都市：鄉村區 ; 非都市編定：乙種建築用地,4,2,持分移轉,09590000
RPVNMLRJJIHGFAX27DA,四維段,450.86,非都市：一般農業區 ; 非都市編定：農牧用地,8,2,持分移轉,07100000
RPRNMLSJJIHGFAX07EA,赤崁北段,31.15,非都市：鄉村區 ; 非都市編定：乙種建築用地,3,1,持分移轉,01230000
RPRNMLSJJIHGFAX07EA,赤崁中段,344.01,非都市：一般農業區 ; 非都市編定：農牧用地,1,1,全筆移轉,10350000
RPUNMLLKJIHGFAX76EA,尖山南段,577.38,非都市：一般農業區 ; 非都市編定：農牧用地,1,1,全筆移轉,11410000
RPPNMLNKJIHGFAX98DA,通梁南段,57.03,都市：其他:商業區,1,1,全筆移轉,12570000
RPWNMLPKJIHGFAX27DA,興仁段,663.20,非都市：一般農業區 ; 非都市編定：農牧用地,1,1,全筆移轉,03250000
RPPOMLNJJIHGFAX98DA,鳥嶼新段,20.05,非都市：鄉村區 ; 非都市編定：乙種建築用地,1,1,全筆移轉,04620000
RPVNMLSJJIHGFAX37DA,馬公段,28.00,都市：其他:住宅區,1,1,全筆移轉,18040019
RPSOMLLKJIHGFAX56DA,虎井段,164.00,非都市：鄉村區 ; 非都市編定：乙種建築用地,1,1,全筆移轉,13330000
RPRNMLMLJIHGFAX56DA,尖山中段,504.82,非都市：一般農業區 ; 非都市編定：農牧用地,1,1,全筆移轉,05670000
RPWNMLSLJIHGFAX67DA,內垵二段,117.00,非都市：鄉村區 ; 非都市編定：乙種建築用地,1,1,全筆移轉,10600000
RPPNMLPKJIHGFAX56DA,湖西北段,790.05,非都市：一般農業區 ; 非都市編定：農牧用地,2,1,持分移轉,05290000
RPVNMLSLJIHGFAX57DA,文石段,1488.70,非都市：一般農業區 ; 非都市編定：農牧用地,10000,4936,持分移轉,11330000
RPOOMLRKJIHGFAX76DA,赤崁北段,8.64,非都市：鄉村區 ; 非都市編定：乙種建築用地,96,3,持分移轉,02110000
RPOOMLRKJIHGFAX76DA,赤崁北段,10.48,非都市：鄉村區 ; 非都市編定：乙種建築用地,96,3,持分移轉,02120000
RPOOMLRKJIHGFAX76DA,赤崁北段,9.61,非都市：鄉村區 ; 非都市編定：乙種建築用地,12,3,持分移轉,02560000
RPPOMLTLJIHGFAX17DA,烏崁新段,587.48,非都市：一般農業區 ; 非都市編定：農牧用地,1,1,全筆移轉,02390000
RPPNMLRLJIHGFAX86DA,鼎灣新段,156.28,非都市：一般農業區 ; 非都市編定：農牧用地,1,1,全筆移轉,09910000
RPROMLTLJIHGFAX37DA,文東段,2095.84,非都市：一般農業區 ; 非都市編定：農牧用地,1,1,全筆移轉,18230000
RPUNMLTLJIHGFAX67EA,雙湖段,18.70,非都市：一般農業區 ; 非都市編定：水利用地,1,1,全筆移轉,10840001
RPWNMLLJKIHGFAX86DA,城北段,257.07,非都市：一般農業區 ; 非都市編定：農牧用地,1,1,全筆移轉,03280000
RPWNMLLJKIHGFAX86DA,城北段,1128.96,非都市：一般農業區 ; 非都市編定：農牧用地,1,1,全筆移轉,03490000
RPWNMLMJKIHGFAX96DA,紅羅段,802.87,非都市：一般農業區 ; 非都市編定：農牧用地,1,1,全筆移轉,19320000
RPOOMLSLJIHGFAX96DA,四維段,104.28,非都市：鄉村區 ; 非都市編定：乙種建築用地,4,1,持分移轉,09300000
RPXNMLKMJIHGFAX07DA,文光段,23.45,都市：其他:住宅區,100000,283,持分移轉,00200000
RPXNMLKMJIHGFAX07DA,文光段,3.04,都市：其他:住宅區,100000,283,持分移轉,00540000
RPXNMLMJKIHGFAX07DA,後寮南段,547.10,非都市：一般農業區 ; 非都市編定：農牧用地,1,1,全筆移轉,02800000
RPQNMLMLJIHGFAX09DA,山水北段,392.14,非都市：一般農業區 ; 非都市編定：農牧用地,1,1,全筆移轉,03490001
RPVNMLPLJIHGFAX27DA,馬公段,1.34,都市：其他:道路用地,1000,56,持分移轉,20950002
RPVNMLPLJIHGFAX27DA,馬公段,14.06,都市：其他:商業區,1000,56,持分移轉,21020000
RPPNMLPLJIHGFAX76EA,鎮海新段,1.41,非都市：一般農業區 ; 非都市編定：交通用地,6,1,持分移轉,01270000
RPPNMLPLJIHGFAX76EA,鎮海新段,2.12,非都市：一般農業區 ; 非都市編定：交通用地,6,1,持分移轉,01280000
RPPNMLPLJIHGFAX76EA,鎮海新段,46.15,非都市：鄉村區 ; 非都市編定：乙種建築用地,6,1,持分移轉,01350000
RPSOMLTLJIHGFAX47DA,中衛段,33.61,都市：其他:乙種工業區,1,1,全筆移轉,04490002
RPSOMLTLJIHGFAX47DA,中衛段,2006.50,都市：其他:乙種工業區,1,1,全筆移轉,04530000
RPSOMLTLJIHGFAX47DA,中衛段,89.20,都市：其他:乙種工業區,1,1,全筆移轉,04930000
RPXNMLPKJIHGFAX37DA,許家段,3614.80,非都市：一般農業區 ; 非都市編定：農牧用地,1,1,全筆移轉,00100000
RPOOMLKMJIHGFAX88DA,五德東段,191.90,非都市：一般農業區 ; 非都市編定：農牧用地,10000,687,持分移轉,05080000
RPQOMLRJIIHGFAX76DA,城北段,207.78,非都市：一般農業區 ; 非都市編定：農牧用地,10000,1528,持分移轉,10040000
RPWNMLQJIIHGFAX17DA,北澳段,62.61,非都市：一般農業區 ; 非都市編定：農牧用地,9000,1800,持分移轉,00640000
RPRNMLOKIIHGFAX66EA,二崁南段,1038.25,非都市：風景區 ; 非都市編定：農牧用地,1,1,全筆移轉,11790000
RPROMLQKJIHGFAX96DA,海堤段,81.83,都市：其他:住宅區,1,1,全筆移轉,02340000
RPTNMLTKIIHGFAX37EA,文寮段,448.00,非都市：鄉村區 ; 非都市編定：乙種建築用地,1,1,全筆移轉,05320000
RPQOMLSLJIHGFAX17DA,國宅段,150.09,非都市：一般農業區 ; 非都市編定：農牧用地,2,1,持分移轉,03730000
RPQOMLSLJIHGFAX17DA,國宅段,152.83,非都市：一般農業區 ; 非都市編定：農牧用地,2,1,持分移轉,03740000
RPQOMLSLJIHGFAX17DA,國宅段,83.18,非都市：一般農業區 ; 非都市編定：農牧用地,2,1,持分移轉,03750000
RPXNMLQJIIHGFAX27DA,北澳段,113.27,非都市：一般農業區 ; 非都市編定：農牧用地,10800,1800,持分移轉,00670000
RPSNMLKKIIHGFAX88DA,案山段,46.09,都市：其他:住宅區,12,1,持分移轉,02750000
RPWNMLLLIIHGFAX86DA,嵵裡新段,177.82,非都市：一般農業區 ; 非都市編定：特定目的事業用地,1,1,全筆移轉,05180000
RPOOMLTKIIHGFAX86DA,文光段,25.19,都市：其他:住宅區,100000,304,持分移轉,00200000
RPOOMLTKIIHGFAX86DA,文光段,3.26,都市：其他:住宅區,100000,304,持分移轉,00540000
RPOOMLLLIIHGFAX78DA,國宅段,60.71,都市：其他:住宅區,1,1,全筆移轉,04920000
RPXNMLOKIIHGFAX17DA,山水南段,70.68,非都市：鄉村區 ; 非都市編定：乙種建築用地,2,1,持分移轉,06760000
RPPNMLOLIIHGFAX56EA,大池段,1571.01,非都市：一般農業區 ; 非都市編定：農牧用地,1,1,全筆移轉,12060000
RPSOMLSKIIHGFAX17DA,大池段,102.01,非都市：一般農業區 ; 非都市編定：農牧用地,1,1,全筆移轉,12230000
RPRNMLPLIIHGFAX86EA,埕西段,6.68,都市：其他:住宅區,10000,456,持分移轉,04780001
RPRNMLPLIIHGFAX86EA,埕西段,24.36,都市：其他:住宅區,10000,456,持分移轉,04790000
RPTNMLKLIIHGFAX56EA,東澳段,26.20,都市：其他:住宅區,10000,165,持分移轉,05940000
RPXNMLQLIIHGFAX47DA,尖山中段,286.05,非都市：一般農業區 ; 非都市編定：農牧用地,1,1,全筆移轉,14530000
RPPOMLPLIIHGFAX66DA,尖山北段,79.64,非都市：一般農業區 ; 非都市編定：農牧用地,9,3,持分移轉,01570000
RPPOMLPLIIHGFAX66DA,尖山北段,257.95,非都市：一般農業區 ; 非都市編定：農牧用地,9,3,持分移轉,01590000
RPPOMLPLIIHGFAX66DA,龍門南段,123.02,非都市：鄉村區 ; 非都市編定：乙種建築用地,9,3,持分移轉,03300000
RPPOMLPLIIHGFAX66DA,龍門南段,613.11,非都市：一般農業區 ; 非都市編定：農牧用地,9,3,持分移轉,04900000
RPPOMLPLIIHGFAX66DA,龍門段,320.18,非都市：一般農業區 ; 非都市編定：農牧用地,9,3,持分移轉,05450000
RPPOMLPLIIHGFAX66DA,龍門北段,167.00,非都市：一般農業區 ; 非都市編定：農牧用地,9,3,持分移轉,09900000
RPWNMLQLIIHGFAX37DA,城北段,1317.38,非都市：一般農業區 ; 非都市編定：農牧用地,2476,1317,持分移轉,09560000
RPSNMLRLIIHGFAX17EA,赤崁北段,70.18,非都市：鄉村區 ; 非都市編定：乙種建築用地,1,1,全筆移轉,01110000
RPTOMLPLIIHGFAX07DA,許家段,720.82,非都市：一般農業區 ; 非都市編定：農牧用地,1,1,全筆移轉,07490000
RPWNMLRLIIHGFAX47DA,光華段,52.28,非都市：一般農業區 ; 非都市編定：交通用地,12,1,持分移轉,06880004
RPWNMLRLIIHGFAX47DA,光華段,186.07,非都市：一般農業區 ; 非都市編定：甲種建築用地,1,1,全筆移轉,06880012
RPVNMLSLIIHGFAX47DA,興崁段,1364.61,非都市：一般農業區 ; 非都市編定：農牧用地,1,1,全筆移轉,08140000
RPXNMLRLIIHGFAX57DA,龍門北段,46.75,非都市：鄉村區 ; 非都市編定：乙種建築用地,1,1,全筆移轉,08510000
RPXNMLRLIIHGFAX57DA,龍門北段,108.07,非都市：鄉村區 ; 非都市編定：乙種建築用地,1,1,全筆移轉,08520000
RPXNMLRLIIHGFAX57DA,龍門北段,1.18,非都市：鄉村區 ; 非都市編定：乙種建築用地,1,1,全筆移轉,08530000
RPTOMLLJJIHGFAX56DA,馬公段,185.00,都市：其他:商業區,1,1,全筆移轉,06590000
RPTOMLLJJIHGFAX56DA,馬公段,111.00,都市：其他:商業區,1,1,全筆移轉,06590002
RPROMLLJJIHGFAX98DA,案山段,90.66,都市：其他:住宅區,1,1,全筆移轉,01180000
RPXNMLNJJIHGFAX07DA,馬公段,115.00,都市：其他:住宅區,1,1,全筆移轉,00880009
RPTNMLNJJIHGFAX76EA,文澳段,52.53,都市：其他:住宅區,10000,643,持分移轉,23300000
RPXNMLLJJIHGFAX86DA,許家段,22.21,非都市：一般農業區 ; 非都市編定：交通用地,1,1,全筆移轉,01210000
RPVNMLLJJIHGFAX66DA,湖西北段,324.60,非都市：一般農業區 ; 非都市編定：農牧用地,2,1,持分移轉,04350000
RPVNMLLJJIHGFAX66DA,湖西南段,80.28,非都市：一般農業區 ; 非都市編定：農牧用地,2,1,持分移轉,16620000
RPVNMLLJJIHGFAX66DA,湖西南段,228.98,非都市：一般農業區 ; 非都市編定：農牧用地,2,1,持分移轉,20990000
RPVNMLLJJIHGFAX66DA,湖西南段,239.85,非都市：一般農業區 ; 非都市編定：農牧用地,2,1,持分移轉,27980000
RPVNMLLJJIHGFAX66DA,湖西南段,48.58,非都市：一般農業區 ; 非都市編定：農牧用地,2,1,持分移轉,30430000
RPVNMLLJJIHGFAX66DA,湖西南段,15.59,非都市：一般農業區 ; 非都市編定：交通用地,2,1,持分移轉,30440000
RPRNMLSLIIHGFAX17EA,赤馬一段,136.57,非都市：一般農業區 ; 非都市編定：農牧用地,3,2,持分移轉,04140000
RPRNMLSLIIHGFAX17EA,赤馬二段,232.94,非都市：一般農業區 ; 非都市編定：農牧用地,3,2,持分移轉,14530000
RPOOMLNKIIHGFAX88DA,菓葉新段,849.67,非都市：一般農業區 ; 非都市編定：農牧用地,1,1,全筆移轉,17880000
RPPOMLOJJIHGFAX09DA,埕西段,25.45,都市：其他:住宅區,10000,335,持分移轉,02920002
RPWNMLLJJIHGFAX76DA,許家段,641.26,非都市：風景區 ; 非都市編定：農牧用地,1,1,全筆移轉,01220000
RPXNMLSJJIHGFAX57DA,東石新段,1286.49,非都市：一般農業區 ; 非都市編定：農牧用地,1,1,全筆移轉,06250000
RPSNMLTJJIHGFAX27EA,七美三段,391.56,非都市：一般農業區 ; 非都市編定：農牧用地,15,5,持分移轉,07300000
RPXNMLSLIIHGFAX67DA,埕東段,30.00,都市：其他:住宅區,10000,234,持分移轉,02160001
RPPNMLSJJIHGFAX86EA,五德西段,48.09,非都市：鄉村區 ; 非都市編定：乙種建築用地,1,1,全筆移轉,01930000
RPTNMLLKJIHGFAX66EA,馬公段,7.00,都市：其他:道路用地,1,1,全筆移轉,00680045
RPSOMLPLIIHGFAX96DA,海堤段,142.58,都市：其他:住宅區,1,1,全筆移轉,09060000
RPSOMLPLIIHGFAX96DA,海堤段,419.24,都市：其他:住宅區,1,1,全筆移轉,09070000
RPSOMLQKJIHGFAX07DA,北極段,48.61,都市：其他:住宅區,100000,5900,持分移轉,06660001
RPPOMLLKJIHGFAX88DA,馬公段,38.27,都市：其他:住宅區,10000,38,持分移轉,02010000
RPPOMLLKJIHGFAX88DA,馬公段,4.00,都市：其他:住宅區,10000,32,持分移轉,02010003
RPSOMLPKJIHGFAX96DA,橫礁新段,223.05,非都市：一般農業區 ; 非都市編定：甲種建築用地,1,1,全筆移轉,05770000
RPROMLPKJIHGFAX86DA,橫礁新段,242.41,非都市：一般農業區 ; 非都市編定：農牧用地,1,1,全筆移轉,05730000
RPVNMLRKJIHGFAX37DA,山水南段,144.27,非都市：一般農業區 ; 非都市編定：甲種建築用地,1,1,全筆移轉,04700000
RPVNMLQLIIHGFAX27DA,光榮段,1.00,都市：其他:住宅區,100000,6542,持分移轉,07170000
RPRNMLOKJIHGFAX66DA,埕東段,133.32,,1,1,全筆移轉,02310001
RPVNMLQLIIHGFAX27DA,光榮段,22.30,都市：其他:住宅區,100000,6542,持分移轉,07190000
RPVNMLQLIIHGFAX27DA,光榮段,.72,都市：其他:住宅區,100000,6542,持分移轉,07220000
RPPNMLSLIIHGFAX86DA,成功南段,153.42,非都市：一般農業區 ; 非都市編定：甲種建築用地,1,1,全筆移轉,10950002
RPOOMLOLJIHGFAX56DA,西溪新段,659.54,非都市：一般農業區 ; 非都市編定：農牧用地,1,1,全筆移轉,05170000
RPTNMLOLJIHGFAX07EA,城北段,97.15,非都市：一般農業區 ; 非都市編定：農牧用地,1,1,全筆移轉,00510000
UPTNMLOLJIHGFAX37EA,城北段,542.22,非都市：一般農業區 ; 非都市編定：農牧用地,1,1,全筆移轉,02380000
RPWNMLOLJIHGFAX27DA,北極段,55.62,都市：其他:住宅區,6,2,持分移轉,10610000
RPWNMLOLJIHGFAX27DA,北極段,4.90,都市：其他:道路用地,6,2,持分移轉,10610001
TPTNMLOLJIHGFAX27EA,城北段,247.73,非都市：一般農業區 ; 非都市編定：農牧用地,1,1,全筆移轉,00530000
SPTNMLOLJIHGFAX17EA,城北段,786.01,非都市：一般農業區 ; 非都市編定：農牧用地,1,1,全筆移轉,00520000
RPXNMLSKJIHGFAX67DA,文石段,22.92,非都市：一般農業區 ; 非都市編定：甲種建築用地,10000,771,持分移轉,05320000
RPXNMLSKJIHGFAX67DA,文石段,.82,非都市：一般農業區 ; 非都市編定：交通用地,10000,771,持分移轉,05330000
RPWNMLSKJIHGFAX57DA,文石段,17.90,非都市：一般農業區 ; 非都市編定：甲種建築用地,10000,602,持分移轉,05320000
RPWNMLSKJIHGFAX57DA,文石段,.64,非都市：一般農業區 ; 非都市編定：交通用地,10000,602,持分移轉,05330000
RPXNMLOLJIHGFAX37DA,北極段,27.81,都市：其他:住宅區,6,1,持分移轉,10610000
RPXNMLOLJIHGFAX37DA,北極段,2.45,都市：其他:道路用地,6,1,持分移轉,10610001
RPOOMLSKJIHGFAX86DA,文石段,40.94,非都市：一般農業區 ; 非都市編定：甲種建築用地,10000,1377,持分移轉,05320000
RPOOMLSKJIHGFAX86DA,文石段,1.47,非都市：一般農業區 ; 非都市編定：交通用地,10000,1377,持分移轉,05330000
RPPOMLRKJIHGFAX86DA,成功北段,679.02,非都市：一般農業區 ; 非都市編定：農牧用地,1,1,全筆移轉,05460000
RPROMLMLJIHGFAX66DA,文寮段,956.57,非都市：一般農業區 ; 非都市編定：農牧用地,1,1,全筆移轉,05820000
RPROMLMLJIHGFAX66DA,文寮段,290.75,非都市：一般農業區 ; 非都市編定：交通用地,12,6,持分移轉,05820004
RPXNMLPJIIHGFAX17DA,六合段,205.56,非都市：一般農業區 ; 非都市編定：甲種建築用地,1,1,全筆移轉,02120002
RPXNMLPJIIHGFAX17DA,六合段,52.44,非都市：一般農業區 ; 非都市編定：交通用地,100000,6668,持分移轉,02120004
RPPOMLSKJIHGFAX96DA,文石段,22.92,非都市：一般農業區 ; 非都市編定：甲種建築用地,10000,771,持分移轉,05320000
RPPOMLSKJIHGFAX96DA,文石段,.82,非都市：一般農業區 ; 非都市編定：交通用地,10000,771,持分移轉,05330000
RPXNMLNKIIHGFAX07DA,文石段,737.00,非都市：一般農業區 ; 非都市編定：農牧用地,1,1,全筆移轉,00410000
RPWNMLNKIIHGFAX96DA,雙湖段,820.65,非都市：一般農業區 ; 非都市編定：農牧用地,1,1,全筆移轉,01100000
RPVOMLSKJIHGFAX57DA,雙湖段,18.00,非都市：鄉村區 ; 非都市編定：乙種建築用地,1000,107,持分移轉,09450000
RPVOMLSKJIHGFAX57DA,雙湖段,12.95,非都市：鄉村區 ; 非都市編定：乙種建築用地,1000,107,持分移轉,09460000
RPOOMLMLJIHGFAX98DA,雙湖段,20.04,非都市：鄉村區 ; 非都市編定：乙種建築用地,10000,360,持分移轉,02630000
RPQOMLSKJIHGFAX07DA,文石段,40.94,非都市：一般農業區 ; 非都市編定：甲種建築用地,10000,1377,持分移轉,05320000
RPQOMLSKJIHGFAX07DA,文石段,1.47,非都市：一般農業區 ; 非都市編定：交通用地,10000,1377,持分移轉,05330000
RPROMLSKJIHGFAX17DA,文石段,30.89,非都市：一般農業區 ; 非都市編定：甲種建築用地,10000,1039,持分移轉,05320000
RPROMLSKJIHGFAX17DA,文石段,1.11,非都市：一般農業區 ; 非都市編定：交通用地,10000,1039,持分移轉,05330000
RPOOMLKLIIHGFAX68DA,鎖港南段,308.93,非都市：一般農業區 ; 非都市編定：甲種建築用地,1,1,全筆移轉,03630001
RPOOMLKLIIHGFAX68DA,鎖港南段,21.07,非都市：一般農業區 ; 非都市編定：交通用地,1,1,全筆移轉,03630007
RPXNMLSLJIHGFAX77DA,四維段,56.01,非都市：鄉村區 ; 非都市編定：乙種建築用地,1,1,全筆移轉,06850000
RPSOMLSKJIHGFAX27DA,文石段,32.94,非都市：一般農業區 ; 非都市編定：甲種建築用地,10000,1108,持分移轉,05320000
RPSOMLSKJIHGFAX27DA,文石段,1.18,非都市：一般農業區 ; 非都市編定：交通用地,10000,1108,持分移轉,05330000
RPVNMLNLJIHGFAX07DA,光榮段,145.02,都市：其他:住宅區,1,1,全筆移轉,09790002
RPUNMLLJKIHGFAX76EA,埕東段,49.25,都市：其他:住宅區,6,1,持分移轉,00940001
RPWNMLNJJIHGFAX96DA,山水東段,1751.71,非都市：一般農業區 ; 非都市編定：農牧用地,1,1,全筆移轉,04230001
RPWOMLSKJIHGFAX67DA,北極段,47.74,都市：其他:住宅區,100000,5795,持分移轉,06660001
RPTOMLSKJIHGFAX37DA,文石段,30.89,非都市：一般農業區 ; 非都市編定：甲種建築用地,10000,1039,持分移轉,05320000
RPTOMLSKJIHGFAX37DA,文石段,1.11,非都市：一般農業區 ; 非都市編定：交通用地,10000,1039,持分移轉,05330000
RPXNMLNKRHHGFAX87DA,五德東段,1140.78,非都市：一般農業區 ; 非都市編定：農牧用地,10000,4084,持分移轉,05080000
RPTNMLQKJIHGFAX17EA,池東段,29.56,非都市：鄉村區 ; 非都市編定：乙種建築用地,20,2,持分移轉,04250000
RPTNMLQKJIHGFAX17EA,二崁南段,67.80,非都市：風景區 ; 非都市編定：農牧用地,20,2,持分移轉,14370000
RPTNMLQKJIHGFAX17EA,二崁南段,9.72,非都市：一般農業區 ; 非都市編定：農牧用地,40,2,持分移轉,14480000
RPTNMLQKJIHGFAX17EA,二崁南段,9.83,非都市：一般農業區 ; 非都市編定：農牧用地,40,2,持分移轉,14490000
RPTNMLQKJIHGFAX17EA,二崁南段,22.93,非都市：一般農業區 ; 非都市編定：農牧用地,40,2,持分移轉,14500000
RPOOMLTKRHHGFAX67DA,埕東段,26.31,都市：其他:住宅區,1,1,全筆移轉,07680000
RPVNMLPKRHHGFAX87DA,五福段,1604.53,非都市：一般農業區 ; 非都市編定：農牧用地,1,1,全筆移轉,05390000
RPVNMLPJRHHGFAX77DA,國宅段,22.55,都市：其他:道路用地,40,5,持分移轉,05200000
RPVNMLPJRHHGFAX77DA,國宅段,1.90,都市：其他:道路用地,40,5,持分移轉,05310000
RPVNMLQKRHHGFAX97DA,五德東段,23.35,非都市：一般農業區 ; 非都市編定：農牧用地,4,1,持分移轉,08480000
RPSOMLTKRHHGFAX08DA,文寮段,100.38,非都市：鄉村區 ; 非都市編定：乙種建築用地,1,1,全筆移轉,09990000
RPRNMLRLRHHGFAX87EA,安宅段,902.25,非都市：一般農業區 ; 非都市編定：農牧用地,1,1,全筆移轉,02460000
RPRNMLRLRHHGFAX87EA,安宅段,485.20,非都市：一般農業區 ; 非都市編定：農牧用地,1,1,全筆移轉,10980000
RPXNMLPKRHHGFAX08DA,七美二段,111.47,非都市：一般農業區 ; 非都市編定：農牧用地,2,1,持分移轉,02950000
RPXNMLPKRHHGFAX08DA,七美二段,54.98,非都市：一般農業區 ; 非都市編定：農牧用地,2,1,持分移轉,03000000
RPWNMLSJRHHGFAX18DA,花宅段,946.00,非都市：一般農業區 ; 非都市編定：農牧用地,1,1,全筆移轉,10640000
RPWNMLSJRHHGFAX18DA,望安段,592.00,非都市：一般農業區 ; 非都市編定：農牧用地,1,1,全筆移轉,20210000
RPWNMLKLRHHGFAX57DA,文石段,436.00,非都市：一般農業區 ; 非都市編定：農牧用地,1,1,全筆移轉,09130000
RPWNMLKLRHHGFAX57DA,文石段,417.00,非都市：一般農業區 ; 非都市編定：農牧用地,1,1,全筆移轉,09150000
RPQOMLKLRHHGFAX07DA,埕東段,37.56,都市：其他:住宅區,10000,293,持分移轉,02160000
RPVNMLRLRHHGFAX18DA,林投北段,706.33,非都市：一般農業區 ; 非都市編定：農牧用地,1,1,全筆移轉,01690003
RPVNMLTLRHHGFAX38DA,五德西段,941.20,非都市：一般農業區 ; 非都市編定：農牧用地,1,1,全筆移轉,07030000
RPOOMLRLRHHGFAX57DA,五福段,171.49,非都市：一般農業區 ; 非都市編定：甲種建築用地,1,1,全筆移轉,09120000
RPOOMLRLRHHGFAX57DA,五福段,56.62,非都市：一般農業區 ; 非都市編定：交通用地,8,1,持分移轉,09150000
RPPQMLNLRHHGFAX47DA,大池段,912.27,非都市：一般農業區 ; 非都市編定：農牧用地,1,1,全筆移轉,11710000
RPXNMLTLRHHGFAX58DA,紅羅段,1277.14,非都市：一般農業區 ; 非都市編定：農牧用地,1,1,全筆移轉,17920000
RPWNMLQLRHHGFAX18DA,馬公段,47.00,都市：其他:商業區,1,1,全筆移轉,10830000
RPTNMLPKRHHGFAX77EA,風櫃東段,77.75,非都市：一般農業區 ; 非都市編定：農牧用地,6,1,持分移轉,03940000
RPTNMLPKRHHGFAX77EA,風櫃西段,78.46,非都市：一般農業區 ; 非都市編定：農牧用地,12,1,持分移轉,04940000
RPTNMLPKRHHGFAX77EA,風櫃西段,126.14,非都市：一般農業區 ; 非都市編定：農牧用地,12,3,持分移轉,06550000
RPTNMLPKRHHGFAX77EA,風櫃西段,21.70,非都市：一般農業區 ; 非都市編定：甲種建築用地,6,1,持分移轉,08560000
RPOOMLNJIIHGFAX78DA,井垵西段,611.02,非都市：一般農業區 ; 非都市編定：農牧用地,1,1,全筆移轉,13130000
RPOPMLQJIIHGFAX56DA,成功南段,1522.49,非都市：一般農業區 ; 非都市編定：農牧用地,1,1,全筆移轉,07070000
RPWNMLTKRHHGFAX38DA,雙湖段,132.68,非都市：鄉村區 ; 非都市編定：乙種建築用地,1,1,全筆移轉,07640001
RPOOMLRJIIHGFAX56DA,城北段,1152.02,非都市：一般農業區 ; 非都市編定：農牧用地,10000,8472,持分移轉,10040000
RPQNMLMKIIHGFAX98EA,鐵線段,51.08,非都市：一般農業區 ; 非都市編定：交通用地,8,2,持分移轉,06290004
RPQNMLMKIIHGFAX98EA,鐵線段,557.10,非都市：一般農業區 ; 非都市編定：農牧用地,1,1,全筆移轉,06290007
RPVNMLLKIIHGFAX66DA,北寮新段,53.01,非都市：鄉村區 ; 非都市編定：乙種建築用地,1,1,全筆移轉,00920000
RPQNMLKKIIHGFAX68DA,海堤段,232.47,都市：其他:乙種工業區,1,1,全筆移轉,10150000
RPVOMLMKIIHGFAX86DA,埕中段,39.04,都市：其他:住宅區,10000,432,持分移轉,05180000
RPOOMLTLRHHGFAX77DA,後寮北段,238.81,非都市：鄉村區 ; 非都市編定：乙種建築用地,1,1,全筆移轉,11240000
RPWOMLMKIIHGFAX96DA,埕中段,39.13,都市：其他:住宅區,10000,433,持分移轉,05180000
RPVNMLSKIIHGFAX37DA,文東段,183.97,非都市：一般農業區 ; 非都市編定：農牧用地,1728,184,持分移轉,16230000
RPXNMLSKIIHGFAX57DA,鼎灣新段,394.06,非都市：一般農業區 ; 非都市編定：農牧用地,2,1,持分移轉,06060000
RPPOMLSKIIHGFAX86DA,五福段,58.34,非都市：鄉村區 ; 非都市編定：乙種建築用地,4,2,持分移轉,09590000
RPROMLSKIIHGFAX07DA,興崁段,67.39,非都市：一般農業區 ; 非都市編定：交通用地,8,1,持分移轉,08780004
RPROMLSKIIHGFAX07DA,興崁段,172.04,非都市：一般農業區 ; 非都市編定：甲種建築用地,1,1,全筆移轉,08780005
RPTOMLSKIIHGFAX27DA,許家段,10.22,非都市：一般農業區 ; 非都市編定：交通用地,3,1,持分移轉,10950004
RPTOMLSKIIHGFAX27DA,許家段,247.54,非都市：一般農業區 ; 非都市編定：甲種建築用地,1,1,全筆移轉,10950009
RPOOMLMJRHHGFAX86DA,潭邊新段,98.11,非都市：一般農業區 ; 非都市編定：農牧用地,1,1,全筆移轉,01470000
RPOOMLMJRHHGFAX86DA,鼎灣新段,442.57,非都市：一般農業區 ; 非都市編定：農牧用地,1,1,全筆移轉,03330000
RPOOMLMJRHHGFAX86DA,鼎灣新段,1604.71,非都市：一般農業區 ; 非都市編定：農牧用地,1,1,全筆移轉,07790000
RPOOMLMJRHHGFAX86DA,鼎灣新段,578.69,非都市：一般農業區 ; 非都市編定：農牧用地,1,1,全筆移轉,07800000
RPOOMLQLRHHGFAX47DA,安宅段,620.50,非都市：一般農業區 ; 非都市編定：農牧用地,1,1,全筆移轉,12300000
RPPNMLRKRHHGFAX47DA,文光段,25.60,都市：其他:住宅區,100000,309,持分移轉,00200000
RPPNMLRKRHHGFAX47DA,文光段,3.31,都市：其他:住宅區,100000,309,持分移轉,00540000
RPOOMLSLIIHGFAX86DA,埕中段,.89,都市：其他:道路用地,10000,1657,持分移轉,07680001
RPOOMLSLIIHGFAX86DA,埕中段,19.80,都市：其他:住宅區,10000,1657,持分移轉,07690000
RPOOMLSLIIHGFAX86DA,埕中段,1.75,都市：其他:道路用地,10000,1657,持分移轉,07940001
RPOOMLOLIIHGFAX09DA,通梁南段,25.47,都市：其他:道路用地,1,1,全筆移轉,12020000
RPQOMLPLIIHGFAX76DA,文光段,.39,都市：其他:住宅區,1000,87,持分移轉,01050000
RPQOMLPLIIHGFAX76DA,文光段,29.10,都市：其他:住宅區,1000,87,持分移轉,01060000
RPOOMLOLIIHGFAX09DA,通梁南段,134.79,都市：其他:住宅區,1,1,全筆移轉,12030000
RPVNMLLMIIHGFAX86DA,岐頭段,4517.00,非都市：一般農業區 ; 非都市編定：農牧用地,1,1,全筆移轉,12870000
RPVNMLMJRHHGFAX47DA,池西段,493.74,非都市：一般農業區 ; 非都市編定：農牧用地,1,1,全筆移轉,05120000
RPWNMLOLIIHGFAX17DA,馬公段,28.00,都市：其他:商業區,1,1,全筆移轉,16210014
RPUOMLPLIIHGFAX17DA,紅羅段,754.24,非都市：一般農業區 ; 非都市編定：農牧用地,2,1,持分移轉,19960000
RPVNMLMJJIHGFAX76DA,北澳段,50.15,非都市：鄉村區 ; 非都市編定：乙種建築用地,1,1,全筆移轉,02960000
RPXNMLQLRHHGFAX28DA,埕西段,24.99,都市：其他:住宅區,30000,987,持分移轉,02920002
RPXNMLRLRHHGFAX38DA,馬公段,.67,都市：其他:商業區,3,2,持分移轉,15230007
RPVOMLLJJIHGFAX76DA,五福段,24.19,非都市：一般農業區 ; 非都市編定：交通用地,10,1,持分移轉,07060004
RPXNMLRLRHHGFAX38DA,馬公段,26.00,都市：其他:商業區,3,2,持分移轉,15240004
RPVOMLLJJIHGFAX76DA,五福段,181.76,非都市：一般農業區 ; 非都市編定：甲種建築用地,1,1,全筆移轉,07060006
RPSOMLLJJIHGFAX09DA,文光段,27.09,都市：其他:住宅區,100000,327,持分移轉,00200000
RPSOMLLJJIHGFAX09DA,文光段,3.51,都市：其他:住宅區,100000,327,持分移轉,00540000
RPPNMLOJJIHGFAX09EA,馬公段,13.46,都市：其他:住宅區,10000,211,持分移轉,00910002
RPPNMLOJJIHGFAX09EA,馬公段,1.94,都市：其他:住宅區,10000,211,持分移轉,00920001
RPPOMLRJJIHGFAX76DA,埕東段,130.99,都市：住,1,1,全筆移轉,02310002
RPROMLRJJIHGFAX96DA,埕東段,120.86,都市：住,1,1,全筆移轉,02310003
RPPNMLOKJIHGFAX09DA,馬公段,37.00,都市：其他:商業區,1,1,全筆移轉,08580000
RPPNMLQKJIHGFAX66DA,文寮段,162.91,非都市：一般農業區 ; 非都市編定：甲種建築用地,1,1,全筆移轉,04270003
RPPNMLQKJIHGFAX66DA,文寮段,57.02,非都市：一般農業區 ; 非都市編定：交通用地,14,1,持分移轉,04270004
RPQOMLQKJIHGFAX86DA,文光段,28.04,都市：其他:住宅區,100000,643,持分移轉,00570000
RPOOMLLKJIHGFAX78DA,赤馬二段,318.28,非都市：鄉村區 ; 非都市編定：乙種建築用地,1,1,全筆移轉,12390000
RPPOMLPKJIHGFAX66DA,西澳段,22.98,都市：其他:住宅區,10000,420,持分移轉,10230000
RPQOMLMLJIHGFAX56DA,東澳段,23.11,都市：其他:住宅區,7,1,持分移轉,09240000
RPXNMLLKJIHGFAX96DA,赤馬二段,1386.19,非都市：一般農業區 ; 非都市編定：農牧用地,1,1,全筆移轉,12290000
RPROMLRKJIHGFAX07DA,成功南段,207.48,非都市：一般農業區 ; 非都市編定：農牧用地,1,1,全筆移轉,10700000
RPVNMLPKJIHGFAX17DA,四維段,47.08,非都市：鄉村區 ; 非都市編定：乙種建築用地,8,1,持分移轉,08520000
RPQOMLTLJIHGFAX27DA,湖西南段,432.90,非都市：一般農業區 ; 非都市編定：農牧用地,1,1,全筆移轉,22600000
RPSNMLOJKIHGFAX76DA,興崁段,1019.94,非都市：一般農業區 ; 非都市編定：農牧用地,1,1,全筆移轉,02750000
RPSNMLOJKIHGFAX76DA,烏崁新段,742.50,非都市：一般農業區 ; 非都市編定：農牧用地,1,1,全筆移轉,10490000
RPRNMLOJKIHGFAX66DA,烏崁新段,20.30,非都市：鄉村區 ; 非都市編定：乙種建築用地,15,2,持分移轉,12540000
RPQOMLRJKIHGFAX96DA,港子西段,435.11,非都市：一般農業區 ; 非都市編定：農牧用地,1,1,全筆移轉,00020000
RPQOMLRJKIHGFAX96DA,港子西段,54.01,非都市：一般農業區 ; 非都市編定：農牧用地,1,1,全筆移轉,00050000
RPWNMLQJRHHGFAX97DA,馬公段,1.25,,1,1,全筆移轉,11660001
RPPPMLLLQHHGFAX07DA,北極段,1452.24,都市：其他:農業區,1,1,全筆移轉,02040000
RPRNMLSJRHHGFAX77EA,馬公段,15.00,都市：其他:商業區,1,1,全筆移轉,13220008
RPUNMLTLQHHGFAX18DA,五福段,279.14,非都市：一般農業區 ; 非都市編定：甲種建築用地,1,1,全筆移轉,03030000
RPUNMLTLQHHGFAX18DA,五福段,148.19,非都市：一般農業區 ; 非都市編定：交通用地,10000,3170,持分移轉,03030004
RPOOMLNKRHHGFAX07DA,湖西南段,3902.76,非都市：一般農業區 ; 非都市編定：農牧用地,1,1,全筆移轉,24540000
RPVNMLOKRHHGFAX77DA,尖山南段,1364.14,非都市：一般農業區 ; 非都市編定：農牧用地,1,1,全筆移轉,03780000
RPVNMLOKRHHGFAX77DA,尖山南段,413.55,非都市：一般農業區 ; 非都市編定：農牧用地,1,1,全筆移轉,03840000
RPPOMLKMQHHGFAX96DA,東石新段,144.30,非都市：鄉村區 ; 非都市編定：乙種建築用地,1,1,全筆移轉,01570000
RPPOMLKMQHHGFAX96DA,東石新段,114.09,非都市：一般農業區 ; 非都市編定：農牧用地,1,1,全筆移轉,01730000
RPXNMLQKQHHGFAX08DA,文澳段,49.30,都市：其他:住宅區,10000,279,持分移轉,23040000
RPWNMLQKRHHGFAX08DA,文寮段,10.29,非都市：一般農業區 ; 非都市編定：交通用地,8,1,持分移轉,04220004
RPWNMLQKRHHGFAX08DA,文寮段,168.64,非都市：一般農業區 ; 非都市編定：甲種建築用地,1,1,全筆移轉,04220005
RPUNMLPKRHHGFAX87EA,光榮新段,121.38,都市：其他:第一種住宅區,1,1,全筆移轉,01020000
RPPNMLSKRHHGFAX57DA,文化段,128.81,都市：其他:住宅區,1,1,全筆移轉,02310002
RPXNMLTKRHHGFAX48DA,文寮段,1641.62,非都市：一般農業區 ; 非都市編定：農牧用地,1,1,全筆移轉,03680000
RPWNMLPKRHHGFAX97DA,鐵線段,4234.49,非都市：一般農業區 ; 非都市編定：農牧用地,1,1,全筆移轉,05270000
RPPOMLKLRHHGFAX96DA,北極段,48.52,都市：其他:住宅區,100000,5889,持分移轉,06660001
RPVNMLMLRHHGFAX67DA,埕西段,106.05,都市：其他:住宅區,10000,470,持分移轉,01710000
RPVNMLLLRHHGFAX57DA,北極段,46.59,都市：其他:住宅區,100000,5655,持分移轉,06660001
RPXNMLSJRHHGFAX28DA,五德西段,111.09,非都市：鄉村區 ; 非都市編定：乙種建築用地,2,1,持分移轉,03580000
RPQOMLOKRHHGFAX37DA,西溪新段,373.62,非都市：一般農業區 ; 非都市編定：農牧用地,1,1,全筆移轉,04610000
RPVNMLKLRHHGFAX47DA,文光段,27.43,都市：其他:住宅區,100000,331,持分移轉,00200000
RPRPMLLLQHHGFAX27DA,東澳段,19.02,都市：其他:住宅區,12,1,持分移轉,09530000
RPVNMLKLRHHGFAX47DA,文光段,3.55,都市：其他:住宅區,100000,331,持分移轉,00540000
RPSNMLMLRHHGFAX47EA,七美三段,39.16,非都市：一般農業區 ; 非都市編定：農牧用地,30,1,持分移轉,07300000
RPXNMLLMQHHGFAX77DA,四維段,80.37,非都市：鄉村區 ; 非都市編定：乙種建築用地,10,1,持分移轉,08440000
RPVNMLPJIIHGFAX07EA,北極段,2418.38,都市：其他:農業區,1,1,全筆移轉,05660000
RPXNMLKLRHHGFAX67DA,池西段,275.61,非都市：一般農業區 ; 非都市編定：農牧用地,6,4,持分移轉,05130000
RPPNMLOJIIHGFAX88DA,七美一段,109.42,非都市：一般農業區 ; 非都市編定：農牧用地,1,1,全筆移轉,06530003
RPWNMLNJIIHGFAX86DA,海堤段,397.27,都市：其他:住宅區,1,1,全筆移轉,10560000
RPXNMLNJIIHGFAX96DA,海堤段,173.17,都市：其他:住宅區,1,1,全筆移轉,10540000
RPXNMLNJIIHGFAX96DA,海堤段,139.84,都市：其他:住宅區,1,1,全筆移轉,10540001
RPXNMLNJIIHGFAX96DA,海堤段,149.41,都市：其他:住宅區,1,1,全筆移轉,10540002
RPXNMLNJIIHGFAX96DA,海堤段,154.95,都市：其他:住宅區,1,1,全筆移轉,10540003
RPWNMLOKIIHGFAX07DA,五福段,91.73,非都市：鄉村區 ; 非都市編定：乙種建築用地,1,1,全筆移轉,09580000
RPXNMLMKIIHGFAX96DA,埕中段,39.13,都市：其他:住宅區,10000,433,持分移轉,05180000
RPXNMLSLRHHGFAX48DA,文化段,39.70,都市：其他:住宅區,1,1,全筆移轉,06380000
RPXNMLSLRHHGFAX48DA,文化段,69.52,都市：其他:住宅區,1,1,全筆移轉,06390000
RPXNMLSLRHHGFAX48DA,文化段,28.15,都市：其他:住宅區,1,1,全筆移轉,06390001
RPXNMLSLRHHGFAX48DA,文化段,1.40,都市：其他:住宅區,1,1,全筆移轉,06390007
RPXNMLSLRHHGFAX48DA,文化段,6.73,都市：其他:住宅區,1,1,全筆移轉,06520001
RPXNMLSLRHHGFAX48DA,文化段,110.74,都市：其他:住宅區,1,1,全筆移轉,06630001
RPXOMLMKIIHGFAX07DA,埕中段,39.04,都市：其他:住宅區,10000,432,持分移轉,05180000
RPQPMLMKIIHGFAX09DA,埕中段,39.13,都市：其他:住宅區,10000,433,持分移轉,05180000
RPTOMLMKIIHGFAX66DA,埕中段,40.67,都市：其他:住宅區,10000,450,持分移轉,05180000
RPRPMLMKIIHGFAX56DA,埕中段,40.67,都市：其他:住宅區,10000,450,持分移轉,05180000
RPPPMLQJIIHGFAX66DA,案山段,46.09,都市：其他:住宅區,12,1,持分移轉,02750000
RPPOMLNKIIHGFAX98DA,埕西段,25.45,都市：其他:住宅區,10000,335,持分移轉,02920002
RPOPMLMKIIHGFAX88DA,埕中段,39.04,都市：其他:住宅區,10000,432,持分移轉,05180000
RPSPMLMKIIHGFAX66DA,埕中段,39.13,都市：其他:住宅區,10000,433,持分移轉,05180000
RPTNMLOLIIHGFAX96EA,興仁段,138.31,非都市：鄉村區 ; 非都市編定：乙種建築用地,2,1,持分移轉,00670000
RPTNMLOLIIHGFAX96EA,興仁段,147.26,非都市：鄉村區 ; 非都市編定：乙種建築用地,2,1,持分移轉,00680000
RPWNMLOKRHHGFAX87DA,林投南段,1045.94,非都市：一般農業區 ; 非都市編定：農牧用地,1,1,全筆移轉,01560000
RPSNMLOKJIHGFAX76DA,東澳段,81.27,都市：其他:住宅區,1,1,全筆移轉,00390000
RPRNMLTKQHHGFAX77DA,五福段,50.59,非都市：一般農業區 ; 非都市編定：交通用地,10000,556,持分移轉,10510004
RPRNMLTKQHHGFAX77DA,五福段,25.00,非都市：一般農業區 ; 非都市編定：交通用地,10000,2491,持分移轉,10510011
RPRNMLTKQHHGFAX77DA,五福段,158.52,非都市：一般農業區 ; 非都市編定：甲種建築用地,1,1,全筆移轉,10510017
RPVNMLTJJIHGFAX47DA,井垵西段,267.03,非都市：一般農業區 ; 非都市編定：農牧用地,1,1,全筆移轉,15310000
RPOOMLLJJIHGFAX68DA,北澳段,795.80,都市：其他:住宅區,1,1,全筆移轉,07180000
RPOOMLLJJIHGFAX68DA,北澳段,43.13,都市：其他:住宅區,1,1,全筆移轉,07190000
RPOOMLLJJIHGFAX68DA,北澳段,312.78,都市：其他:住宅區,1,1,全筆移轉,07200000
RPOOMLLJJIHGFAX68DA,北澳段,300.98,都市：其他:農業區,1,1,全筆移轉,07280000
RPOOMLLJJIHGFAX68DA,北澳段,8.84,都市：其他:農業區,1,1,全筆移轉,07290000
RPWNMLRKJIHGFAX47DA,光華段,57.52,非都市：一般農業區 ; 非都市編定：交通用地,8,1,持分移轉,05290004
RPWNMLRKJIHGFAX47DA,光華段,181.85,非都市：一般農業區 ; 非都市編定：甲種建築用地,1,1,全筆移轉,05290006
RPQNMLLLJIHGFAX98DA,許家段,692.14,非都市：一般農業區 ; 非都市編定：農牧用地,1,1,全筆移轉,09260000
RPXNMLOKRHHGFAX97DA,馬公段,62.00,都市：其他:住宅區,1,1,全筆移轉,02200006
RPOOMLOKRHHGFAX17DA,光榮段,7.41,都市：其他:商業區,10000,63,持分移轉,04960000
RPVPMLNLRHHGFAX97DA,五福段,954.60,非都市：一般農業區 ; 非都市編定：農牧用地,2,1,持分移轉,00710000
RPVNMLQLRHHGFAX08DA,尖山南段,164.53,非都市：一般農業區 ; 非都市編定：甲種建築用地,1,1,全筆移轉,03440002
RPTNMLLMQHHGFAX47EA,四維段,82.53,非都市：鄉村區 ; 非都市編定：乙種建築用地,4,2,持分移轉,09460000
RPQQMLNLRHHGFAX57DA,紅羅段,672.70,非都市：一般農業區 ; 非都市編定：農牧用地,1,1,全筆移轉,11390000
RPQQMLNLRHHGFAX57DA,紅羅段,235.27,非都市：一般農業區 ; 非都市編定：農牧用地,1,1,全筆移轉,14500000
RPXNMLLJQHHGFAX47DA,北極段,65.76,都市：其他:商業區,1,1,全筆移轉,08220000
RPVNMLPKQHHGFAX77DA,合界段,107.06,非都市：一般農業區 ; 非都市編定：農牧用地,1,1,全筆移轉,10620000
RPVNMLPKQHHGFAX77DA,合界段,451.44,非都市：一般農業區 ; 非都市編定：農牧用地,1,1,全筆移轉,10700000
RPVOMLKMQHHGFAX57DA,許家段,67.90,非都市：一般農業區 ; 非都市編定：交通用地,1,1,全筆移轉,07040000
RPXNMLPKQHHGFAX97DA,赤崁中段,31.01,非都市：鄉村區 ; 非都市編定：乙種建築用地,160,31,持分移轉,04330000
RPWOMLKMQHHGFAX67DA,許家段,48.34,非都市：一般農業區 ; 非都市編定：交通用地,1,1,全筆移轉,07050000
RPWOMLKMQHHGFAX67DA,許家段,49.35,非都市：一般農業區 ; 非都市編定：農牧用地,1,1,全筆移轉,07060000
RPQOMLSKIIHGFAX96DA,文石段,743.01,非都市：一般農業區 ; 非都市編定：農牧用地,1115,743,持分移轉,01750000
RPVNMLNJJIHGFAX86DA,五福段,355.57,非都市：一般農業區 ; 非都市編定：農牧用地,1,1,全筆移轉,05570000
RPPNMLLLJIHGFAX88DA,七美三段,443.91,非都市：一般農業區 ; 非都市編定：農牧用地,1,1,全筆移轉,19320000
RPVNMLKKJIHGFAX66DA,五福段,106.07,非都市：一般農業區 ; 非都市編定：農牧用地,18,1,持分移轉,00710000
RPTOMLQKJIHGFAX17DA,文寮段,207.87,非都市：一般農業區 ; 非都市編定：甲種建築用地,1,1,全筆移轉,05830000
RPTOMLQKJIHGFAX17DA,文寮段,76.23,非都市：一般農業區 ; 非都市編定：交通用地,6,1,持分移轉,05830004
RPQOMLRKJIHGFAX96DA,潭邊新段,2518.15,非都市：一般農業區 ; 非都市編定：農牧用地,1,1,全筆移轉,02030000
RPRNMLMLRHHGFAX37EA,七美三段,39.16,非都市：一般農業區 ; 非都市編定：農牧用地,30,1,持分移轉,07300000
RPXNMLPLQHHGFAX08DA,五福段,119.51,非都市：鄉村區 ; 非都市編定：乙種建築用地,108,36,持分移轉,03330000
RPQOMLMJRHHGFAX07DA,鐵線段,2595.54,非都市：一般農業區 ; 非都市編定：農牧用地,1,1,全筆移轉,04110000
RPPOMLPJIIHGFAX09DA,許家段,293.09,非都市：一般農業區 ; 非都市編定：農牧用地,1,1,全筆移轉,05860000
RPVOMLMKRHHGFAX77EA,山水南段,62.89,非都市：鄉村區 ; 非都市編定：乙種建築用地,1,1,全筆移轉,08120000
RPROMLPLQHHGFAX57DA,龍門南段,512.16,非都市：一般農業區 ; 非都市編定：農牧用地,1,1,全筆移轉,07520000
RPWNMLNKRHHGFAX77DA,文石段,301.29,非都市：一般農業區 ; 非都市編定：農牧用地,1,1,全筆移轉,08850000
RPTNMLOKRHHGFAX67EA,四維段,442.29,非都市：鄉村區 ; 非都市編定：乙種建築用地,1,1,全筆移轉,08940000
RPVNMLTKRHHGFAX28DA,東澳段,34.81,都市：其他:住宅區,1000,338,持分移轉,02710004
RPPNMLKMRHHGFAX96DA,山水南段,1028.19,非都市：一般農業區 ; 非都市編定：農牧用地,1,1,全筆移轉,02220000
RPRNMLPKRHHGFAX57EA,湖東新段,833.27,非都市：一般農業區 ; 非都市編定：農牧用地,1,1,全筆移轉,10270000
RPROMLRLIIHGFAX07DA,許家段,250.87,非都市：風景區 ; 非都市編定：農牧用地,1,1,全筆移轉,02270002
RPROMLRLIIHGFAX07DA,許家段,12.79,非都市：一般農業區 ; 非都市編定：交通用地,1,1,全筆移轉,02280002
RPQOMLRLIIHGFAX96DA,許家段,250.87,非都市：風景區 ; 非都市編定：農牧用地,1,1,全筆移轉,02270001
RPQOMLRLIIHGFAX96DA,許家段,12.78,非都市：一般農業區 ; 非都市編定：交通用地,1,1,全筆移轉,02280001
RPWNMLMLRHHGFAX77DA,馬公段,207.00,都市：其他:住宅區,1,1,全筆移轉,24300000
RPPOMLTKRHHGFAX77DA,文東段,71.36,非都市：一般農業區 ; 非都市編定：農牧用地,30,5,持分移轉,04690000
RPROMLTKRHHGFAX97DA,文東段,361.82,非都市：一般農業區 ; 非都市編定：農牧用地,1,1,全筆移轉,04710000
RPPOMLTLRHHGFAX87DA,五德東段,1435.53,非都市：一般農業區 ; 非都市編定：農牧用地,1000,743,持分移轉,13480000
RPSNMLPKRHHGFAX67EA,湖西北段,39.01,非都市：鄉村區 ; 非都市編定：乙種建築用地,6,1,持分移轉,05080000
RPRNMLTKIIHGFAX17EA,五福段,.10,非都市：鄉村區 ; 非都市編定：乙種建築用地,2520,1,持分移轉,04490000
TPRNMLTKIIHGFAX37EA,五福段,.12,非都市：鄉村區 ; 非都市編定：乙種建築用地,2160,1,持分移轉,04490000
VPRNMLTKIIHGFAX57EA,五福段,.06,非都市：鄉村區 ; 非都市編定：乙種建築用地,3528,1,持分移轉,04840000
WPRNMLTKIIHGFAX67EA,五福段,.06,非都市：鄉村區 ; 非都市編定：乙種建築用地,3024,1,持分移轉,04840000
SPRNMLTKIIHGFAX27EA,五福段,.10,非都市：鄉村區 ; 非都市編定：乙種建築用地,2520,1,持分移轉,04490000
UPRNMLTKIIHGFAX47EA,五福段,.06,非都市：鄉村區 ; 非都市編定：乙種建築用地,3528,1,持分移轉,04840000
RPXNMLKLIIHGFAX86DA,五福段,154.01,非都市：一般農業區 ; 非都市編定：甲種建築用地,1,1,全筆移轉,08830002
RPXNMLKLIIHGFAX86DA,五福段,77.90,非都市：一般農業區 ; 非都市編定：交通用地,1000,126,持分移轉,08830004
RPXNMLKKJIHGFAX86DA,東澳段,113.02,都市：其他:住宅區,1,1,全筆移轉,02710000
RPSOMLLLQHHGFAX27DA,文東段,37.20,非都市：一般農業區 ; 非都市編定：交通用地,14,1,持分移轉,12020004
RPSOMLLLQHHGFAX27DA,文東段,179.02,非都市：一般農業區 ; 非都市編定：甲種建築用地,1,1,全筆移轉,12020014
RPWNMLMJJIHGFAX86DA,光華段,175.52,非都市：一般農業區 ; 非都市編定：甲種建築用地,1,1,全筆移轉,05290000
RPWNMLMJJIHGFAX86DA,光華段,57.52,非都市：一般農業區 ; 非都市編定：交通用地,8,1,持分移轉,05290004
RPPOMLTKIIHGFAX96DA,埕東段,68.58,都市：其他:住宅區,1,1,全筆移轉,00790000
RPWNMLMKIIHGFAX86DA,埕中段,40.67,都市：其他:住宅區,10000,450,持分移轉,05180000
RPROMLNLRHHGFAX47DA,案山段,46.09,都市：其他:住宅區,12,1,持分移轉,02750000
RPPNMLRLIIHGFAX76DA,馬公段,24.00,都市：其他:住宅區,1,1,全筆移轉,18220007
RPPNMLRLIIHGFAX76DA,馬公段,25.00,都市：其他:住宅區,1,1,全筆移轉,18220021
RPQOMLSLIIHGFAX07DA,埕中段,39.13,都市：其他:住宅區,10000,433,持分移轉,05180000
RPOOMLOKIIHGFAX98DA,興崁段,899.71,非都市：一般農業區 ; 非都市編定：農牧用地,10000,4848,持分移轉,11960000
RPUOMLSLIIHGFAX47DA,埕中段,40.67,都市：其他:住宅區,10000,450,持分移轉,05180000
RPTPMLNLRHHGFAX77DA,案山段,46.09,都市：其他:住宅區,12,1,持分移轉,02750000
RPSPMLQJIIHGFAX96DA,案山段,46.09,都市：其他:住宅區,12,1,持分移轉,02750000
RPQOMLMKIIHGFAX98DA,埕中段,40.67,都市：其他:住宅區,10000,450,持分移轉,05180000
RPQPMLNLRHHGFAX47DA,案山段,46.09,都市：其他:住宅區,12,1,持分移轉,02750000
RPVNMLNKIIHGFAX86DA,埕中段,39.04,都市：其他:住宅區,10000,432,持分移轉,05180000
RPWNMLKKJIHGFAX76DA,埕中段,39.13,都市：其他:住宅區,10000,433,持分移轉,05180000
RPQOMLTKIIHGFAX07DA,案山段,46.09,都市：其他:住宅區,12,1,持分移轉,02750000
RPPPMLMKIIHGFAX98DA,埕中段,27.29,都市：其他:住宅區,10000,302,持分移轉,05180000
RPROMLSLIIHGFAX17DA,埕中段,40.67,都市：其他:住宅區,10000,450,持分移轉,05180000
RPWOMLSLIIHGFAX67DA,埕中段,39.13,都市：其他:住宅區,10000,433,持分移轉,05180000
RPVOMLSLIIHGFAX57DA,埕中段,27.29,都市：其他:住宅區,10000,302,持分移轉,05180000
RPTOMLSLIIHGFAX37DA,埕中段,27.29,都市：其他:住宅區,10000,302,持分移轉,05180000
RPSOMLSLIIHGFAX27DA,埕中段,40.67,都市：其他:住宅區,10000,450,持分移轉,05180000
RPQPMLQJIIHGFAX76DA,案山段,46.09,都市：其他:住宅區,12,1,持分移轉,02750000
RPWOMLNLRHHGFAX97DA,案山段,46.09,都市：其他:住宅區,12,1,持分移轉,02750000
RPPPMLNLRHHGFAX37DA,案山段,46.09,都市：其他:住宅區,12,1,持分移轉,02750000
RPPOMLSLIIHGFAX96DA,埕中段,27.29,都市：其他:住宅區,10000,302,持分移轉,05180000
RPUOMLNLRHHGFAX77DA,案山段,46.09,都市：其他:住宅區,12,1,持分移轉,02750000
RPTPMLQJIIHGFAX07DA,案山段,46.09,都市：其他:住宅區,12,1,持分移轉,02750000
RPOOMLRJJIHGFAX66DA,埕東段,120.50,都市：住,1,1,全筆移轉,02310004
