﻿鄉鎮市區,交易標的,土地位置建物門牌,土地移轉總面積平方公尺,都市土地使用分區,非都市土地使用分區,非都市土地使用編定,交易年月日,交易筆棟數,移轉層次,總樓層數,建物型態,主要用途,主要建材,建築完成年月,建物移轉總面積平方公尺,建物現況格局-房,建物現況格局-廳,建物現況格局-衛,建物現況格局-隔間,有無管理組織,總價元,單價元平方公尺,車位類別,車位移轉總面積(平方公尺),車位總價元,備註,編號,主建物面積,附屬建物面積,陽台面積,電梯,移轉編號
The villages and towns urban district,transaction sign,land sector position building sector house number plate,land shifting total area square meter,the use zoning or compiles and checks,the non-metropolis land use district,non-metropolis land use,transaction year month and day,transaction pen number,shifting level,total floor number,building state,main use,main building materials,construction to complete the years,building shifting total area,Building present situation pattern - room,building present situation pattern - hall,building present situation pattern - health,building present situation pattern - compartmented,Whether there is manages the organization,total price NTD,the unit price (NTD / square meter),the berth category,berth shifting total area square meter,the berth total price NTD,the note,serial number,main building area,auxiliary building area,balcony area,elevator,transaction number
馬公市,土地,五福段959地號,58.34,,鄉村區,乙種建築用地,1111107,土地1建物0車位0,,,其他,,,,0.0,0,0,0,有,無,1587600,27213,,0.0,0,非屬不動產價格之費用土地增值稅由買方承擔,RPRNMLTJJIHGFAX17EA,0.0,0.0,0.0,無,001
馬公市,土地,四維段710地號,450.86,,一般農業區,農牧用地,1111106,土地1建物0車位0,,,其他,,,,0.0,0,0,0,有,無,1360000,3016,,0.0,0,,RPVNMLRJJIHGFAX27DA,0.0,0.0,0.0,無,
白沙鄉,土地,赤崁中段1035地號,375.16,,一般農業區,農牧用地,1111101,土地2建物0車位0,,,其他,,,,0.0,0,0,0,有,無,620000,1653,,0.0,0,親友、員工、共有人或其他特殊關係間之交易；未登記建物；,RPRNMLSJJIHGFAX07EA,0.0,0.0,0.0,無,
湖西鄉,土地,尖山南段1141地號,577.38,,一般農業區,農牧用地,1111109,土地1建物0車位0,,,其他,,,,0.0,0,0,0,有,無,1000000,1732,,0.0,0,親友、員工、共有人或其他特殊關係間之交易；,RPUNMLLKJIHGFAX76EA,0.0,0.0,0.0,無,002
馬公市,房地(土地+建物),澎湖縣馬公市忠孝路７０巷１６號,28.0,都市：其他:住宅區,,,1111107,土地1建物1車位0,全,一層,透天厝,住家用,造,0581115,22.04,1,1,1,有,無,2660000,120690,,0.0,0,,RPVNMLSJJIHGFAX37DA,22.04,0.0,0.0,無,
白沙鄉,土地,鳥嶼新段462地號,20.05,,鄉村區,乙種建築用地,1111107,土地1建物0車位0,,,其他,,,,0.0,0,0,0,有,無,104260,5200,,0.0,0,政府機關標讓售；,RPPOMLNJJIHGFAX98DA,0.0,0.0,0.0,無,
白沙鄉,土地,通梁南段1257地號,57.03,都市：其他:商業區,,,1111114,土地1建物0車位0,,,其他,,,,0.0,0,0,0,有,無,1000000,17535,,0.0,0,,RPPNMLNKJIHGFAX98DA,0.0,0.0,0.0,無,003
馬公市,土地,虎井段1333地號,164.0,,鄉村區,乙種建築用地,1111110,土地1建物0車位0,,,其他,,,,0.0,0,0,0,有,無,90000,549,,0.0,0,賣方賣清價土地增值稅由買方負擔。親友、員工、共有人或其他特殊關係間之交易；,RPSOMLLKJIHGFAX56DA,0.0,0.0,0.0,無,
湖西鄉,土地,尖山中段567地號,504.82,,一般農業區,農牧用地,1111122,土地1建物0車位0,,,其他,,,,0.0,0,0,0,有,無,300000,594,,0.0,0,,RPRNMLMLJIHGFAX56DA,0.0,0.0,0.0,無,
馬公市,土地,興仁段325地號,663.2,,一般農業區,農牧用地,1111114,土地1建物0車位0,,,其他,,,,0.0,0,0,0,有,無,1003000,1512,,0.0,0,,RPWNMLPKJIHGFAX27DA,0.0,0.0,0.0,無,
湖西鄉,土地,湖西北段529地號,790.05,,一般農業區,農牧用地,1111110,土地1建物0車位0,,,其他,,,,0.0,0,0,0,有,無,1200000,1519,,0.0,0,親友、員工、共有人或其他特殊關係間之交易；未登記建物；,RPPNMLPKJIHGFAX56DA,0.0,0.0,0.0,無,004
白沙鄉,土地,赤崁北段212地號,28.73,,鄉村區,乙種建築用地,1111117,土地3建物0車位0,,,其他,,,,0.0,0,0,0,有,無,87000,3028,,0.0,0,親友、員工、共有人或其他特殊關係間之交易；,RPOOMLRKJIHGFAX76DA,0.0,0.0,0.0,無,
馬公市,土地,山水北段349-1地號,392.14,,一般農業區,農牧用地,1111121,土地1建物0車位0,,,其他,,,,0.0,0,0,0,有,無,4080000,10404,,0.0,0,,RPQNMLMLJIHGFAX09DA,0.0,0.0,0.0,無,
西嶼鄉,土地,內垵二段1060地號,117.0,,鄉村區,乙種建築用地,1111124,土地1建物0車位0,,,其他,,,,0.0,0,0,0,有,無,800000,6838,,0.0,0,,RPWNMLSLJIHGFAX67DA,0.0,0.0,0.0,無,
馬公市,土地,雙湖段1084-1地號,18.7,,一般農業區,水利用地,1111114,土地1建物0車位0,,,其他,,,,0.0,0,0,0,有,無,106403,5690,,0.0,0,政府機關標讓售；,RPUNMLTLJIHGFAX67EA,0.0,0.0,0.0,無,
馬公市,房地(土地+建物),澎湖縣馬公市光明路５７之４號,15.4,都市：其他:道路用地,,,1111124,土地2建物1車位0,五層，電梯樓梯間,五層,公寓(5樓含以下無電梯),住家用,鋼筋混凝土加強磚造,0670623,74.36,3,2,1,有,無,3500000,47068,,0.0,0,,RPVNMLPLJIHGFAX27DA,74.36,0.0,0.0,無,005
湖西鄉,土地,鼎灣新段991地號,156.28,,一般農業區,農牧用地,1111122,土地1建物0車位0,,,其他,,,,0.0,0,0,0,有,無,407000,2604,,0.0,0,,RPPNMLRLJIHGFAX86DA,0.0,0.0,0.0,無,006
馬公市,土地,文石段1133地號,1488.7,,一般農業區,農牧用地,1111121,土地1建物0車位0,,,其他,,,,0.0,0,0,0,有,無,77180000,51844,,0.0,0,土地交易案件之價格含未來興建房屋成本；,RPVNMLSLJIHGFAX57DA,0.0,0.0,0.0,無,007
馬公市,土地,烏崁新段239地號,587.48,,一般農業區,農牧用地,1111125,土地1建物0車位0,,,其他,,,,0.0,0,0,0,有,無,2130000,3626,,0.0,0,,RPPOMLTLJIHGFAX17DA,0.0,0.0,0.0,無,
馬公市,土地,文東段1823地號,2095.84,,一般農業區,農牧用地,1111118,土地1建物0車位0,,,其他,,,,0.0,0,0,0,有,無,64100000,30584,,0.0,0,本案件權利人共10位。,RPROMLTLJIHGFAX37DA,0.0,0.0,0.0,無,008
馬公市,土地,中衛段453地號,2129.31,都市：其他:乙種工業區,,,1111123,土地3建物0車位0,,,其他,,,,0.0,0,0,0,有,無,39300000,18457,,0.0,0,,RPSOMLTLJIHGFAX47DA,0.0,0.0,0.0,無,009
馬公市,房地(土地+建物),澎湖縣馬公市貿商街１２１號六樓之五,26.48,都市：其他:住宅區,,,1111117,土地2建物1車位0,六層,七層,華廈(10層含以下有電梯),住家用,鋼筋混凝土造,0950710,161.54,3,2,2,有,有,4000000,24762,,0.0,0,,RPXNMLKMJIHGFAX07DA,88.74,0.0,10.18,有,010
白沙鄉,土地,鎮海新段135地號,49.69,,鄉村區,乙種建築用地,1111111,土地3建物0車位0,,,其他,,,,0.0,0,0,0,有,無,360000,7245,,0.0,0,,RPPNMLPLJIHGFAX76EA,0.0,0.0,0.0,無,
湖西鄉,土地,許家段10地號,3614.8,,一般農業區,農牧用地,1111115,土地1建物0車位0,,,其他,,,,0.0,0,0,0,有,無,23082000,6385,,0.0,0,,RPXNMLPKJIHGFAX37DA,0.0,0.0,0.0,無,
湖西鄉,土地,城北段349地號,1386.03,,一般農業區,農牧用地,1111108,土地2建物0車位0,,,其他,,,,0.0,0,0,0,有,無,1800000,1299,,0.0,0,,RPWNMLLJKIHGFAX86DA,0.0,0.0,0.0,無,
湖西鄉,房地(土地+建物),澎湖縣湖西鄉紅羅４９之１８號,802.87,,一般農業區,農牧用地,1111122,土地1建物1車位0,全,二層,透天厝,農業用,鋼筋混凝土造,1040817,139.09,4,1,5,有,無,9660000,69451,,0.0,0,,RPWNMLMJKIHGFAX96DA,131.94,7.15,0.0,無,
馬公市,土地,四維段930地號,104.28,,鄉村區,乙種建築用地,1111111,土地1建物0車位0,,,其他,,,,0.0,0,0,0,有,無,1892682,18150,,0.0,0,親友、員工、共有人或其他特殊關係間之交易；,RPOOMLSLJIHGFAX96DA,0.0,0.0,0.0,無,
白沙鄉,土地,後寮南段280地號,547.1,,一般農業區,農牧用地,1111128,土地1建物0車位0,,,其他,,,,0.0,0,0,0,有,無,1300000,2376,,0.0,0,,RPXNMLMJKIHGFAX07DA,0.0,0.0,0.0,無,
馬公市,土地,五德東段508地號,191.9,,一般農業區,農牧用地,1111124,土地1建物0車位0,,,其他,,,,0.0,0,0,0,有,無,6000000,31266,,0.0,0,權利人共1人土地交易案件之價格含未來興建房屋成本；,RPOOMLKMJIHGFAX88DA,0.0,0.0,0.0,無,011
馬公市,土地,國宅段374地號,386.11,,一般農業區,農牧用地,1111125,土地3建物0車位0,,,其他,,,,0.0,0,0,0,有,無,3795000,9829,,0.0,0,,RPQOMLSLJIHGFAX17DA,0.0,0.0,0.0,無,
馬公市,房地(土地+建物),澎湖縣馬公市鎖管港２０２號,81.83,都市：其他:住宅區,,,1111110,土地1建物1車位0,全,二層,透天厝,住家用,鋼筋混凝土加強磚造,0700216,78.98,1,1,1,有,無,1680000,21271,,0.0,0,,RPROMLQKJIHGFAX96DA,78.98,0.0,0.0,無,
湖西鄉,土地,城北段1004地號,207.78,,一般農業區,農牧用地,1111003,土地1建物0車位0,,,其他,,,,0.0,0,0,0,有,無,4250000,20454,,0.0,0,農變建專案核准興建住宅親友、員工、共有人或其他特殊關係間之交易；,RPQOMLRJIIHGFAX76DA,0.0,0.0,0.0,無,012
馬公市,土地,北澳段64地號,62.61,,一般農業區,農牧用地,1111005,土地1建物0車位0,,,其他,,,,0.0,0,0,0,有,無,400000,6389,,0.0,0,,RPWNMLQJIIHGFAX17DA,0.0,0.0,0.0,無,
馬公市,土地,北澳段67地號,113.27,,一般農業區,農牧用地,1111005,土地1建物0車位0,,,其他,,,,0.0,0,0,0,有,無,200000,1766,,0.0,0,,RPXNMLQJIIHGFAX27DA,0.0,0.0,0.0,無,
西嶼鄉,土地,二崁南段1179地號,1038.25,,風景區,農牧用地,1111006,土地1建物0車位0,,,其他,,,,0.0,0,0,0,有,無,1280000,1233,,0.0,0,,RPRNMLOKIIHGFAX66EA,0.0,0.0,0.0,無,013
馬公市,土地,文寮段532地號,448.0,,鄉村區,乙種建築用地,1111013,土地1建物0車位0,,,其他,,,,0.0,0,0,0,有,無,8600000,19196,,0.0,0,,RPTNMLTKIIHGFAX37EA,0.0,0.0,0.0,無,014
馬公市,房地(土地+建物)+車位,澎湖縣馬公市大案山９６之６２號三樓之１,46.09,都市：其他:住宅區,,,1111008,土地1建物1車位1,三層,五層,華廈(10層含以下有電梯),住家用,鋼筋混凝土造,1110726,158.62,3,2,2,有,有,7000000,44131,一樓平面,0.0,0,,RPSNMLKKIIHGFAX88DA,94.16,12.96,0.0,有,
馬公市,土地,裡新段518地號,177.82,,一般農業區,特定目的事業用地,1111019,土地1建物0車位0,,,其他,,,,0.0,0,0,0,有,無,2293878,12900,,0.0,0,政府機關標讓售；,RPWNMLLLIIHGFAX86DA,0.0,0.0,0.0,無,
西嶼鄉,土地,大池段1223地號,102.01,,一般農業區,農牧用地,1111018,土地1建物0車位0,,,其他,,,,0.0,0,0,0,有,無,380000,3725,,0.0,0,,RPSOMLSKIIHGFAX17DA,0.0,0.0,0.0,無,
馬公市,房地(土地+建物)+車位,澎湖縣馬公市文山路２７巷８之２號四樓,26.2,都市：其他:住宅區,,,1111007,土地1建物1車位1,四層,十層,華廈(10層含以下有電梯),住家用,鋼筋混凝土造,1060328,134.23,3,2,2,有,有,6880000,51255,坡道平面,0.0,700000,,RPTNMLKLIIHGFAX56EA,70.2,9.35,0.0,有,015
馬公市,土地,國宅段492地號,60.71,都市：其他:住宅區,,,1111006,土地1建物0車位0,,,其他,,,,0.0,0,0,0,有,無,1500000,24708,,0.0,0,親友、員工、共有人或其他特殊關係間之交易；,RPOOMLLLIIHGFAX78DA,0.0,0.0,0.0,無,
馬公市,房地(土地+建物)+車位,澎湖縣馬公市貿商街１２２號十二樓之五,28.45,都市：其他:住宅區,,,1111011,土地2建物1車位1,十二層,十四層,住宅大樓(11層含以上有電梯),住家用,鋼筋混凝土造,0950710,173.55,3,2,2,有,有,6220000,35840,坡道平面,0.0,0,,RPOOMLTKIIHGFAX86DA,95.13,0.0,11.16,有,016
馬公市,土地,山水南段676地號,70.68,,鄉村區,乙種建築用地,1111004,土地1建物0車位0,,,其他,,,,0.0,0,0,0,有,無,850000,12026,,0.0,0,買賣移轉登記所需費用全部由買方負擔包含土地增值稅,RPXNMLOKIIHGFAX17DA,0.0,0.0,0.0,無,
湖西鄉,土地,許家段749地號,720.82,,一般農業區,農牧用地,1111014,土地1建物0車位0,,,其他,,,,0.0,0,0,0,有,無,3250000,4509,,0.0,0,,RPTOMLPLIIHGFAX07DA,0.0,0.0,0.0,無,
西嶼鄉,土地,大池段1206地號,1571.01,,一般農業區,農牧用地,1111022,土地1建物0車位0,,,其他,,,,0.0,0,0,0,有,無,3800000,2419,,0.0,0,,RPPNMLOLIIHGFAX56EA,0.0,0.0,0.0,無,
馬公市,房地(土地+建物),澎湖縣馬公市朝陽路１４６之５號,31.05,都市：其他:住宅區,,,1111014,土地2建物1車位0,六層,七層,華廈(10層含以下有電梯),住家用,鋼筋混凝土造,0840623,159.78,3,2,2,有,有,4200000,26286,,0.0,0,買方負擔土地增值稅87810元,RPRNMLPLIIHGFAX86EA,116.17,10.64,0.0,有,
湖西鄉,土地,尖山中段1453地號,286.05,,一般農業區,農牧用地,1111016,土地1建物0車位0,,,其他,,,,0.0,0,0,0,有,無,1297950,4537,,0.0,0,非屬不動產價格之費用由買方負擔,RPXNMLQLIIHGFAX47DA,0.0,0.0,0.0,無,
湖西鄉,土地,龍門南段490地號,1560.9,,一般農業區,農牧用地,1111018,土地6建物0車位0,,,其他,,,,0.0,0,0,0,有,無,1300000,833,,0.0,0,併案申報登記案件連件辦理,RPPOMLPLIIHGFAX66DA,0.0,0.0,0.0,無,
湖西鄉,土地,城北段956地號,1317.38,,一般農業區,農牧用地,1111014,土地1建物0車位0,,,其他,,,,0.0,0,0,0,有,無,43250000,32830,,0.0,0,權利人共5人含未來5戶房屋興建價款土地交易案件之價格含未來興建房屋成本；,RPWNMLQLIIHGFAX37DA,0.0,0.0,0.0,無,017
白沙鄉,土地,赤崁北段111地號,70.18,,鄉村區,乙種建築用地,1111014,土地1建物0車位0,,,其他,,,,0.0,0,0,0,有,無,636600,9071,,0.0,0,,RPSNMLRLIIHGFAX17EA,0.0,0.0,0.0,無,
馬公市,建物,澎湖縣馬公市吉港路１６８巷５號２樓之５,0.0,,,,1111007,土地0建物1車位1,二層,五層,華廈(10層含以下有電梯),住家用,鋼筋混凝土造,1101022,147.65,3,1,2,有,無,4793600,32466,一樓平面,0.0,0,,RPOOMLRLIIHGFAX76DA,80.48,18.57,0.0,有,
馬公市,房地(土地+建物),澎湖縣馬公市石泉１之３１５號,238.35,,一般農業區,甲種建築用地,1111002,土地2建物1車位0,全,三層,透天厝,住家用,鋼筋混凝土造,1100630,209.63,5,3,5,有,無,10680000,50947,,0.0,0,,RPWNMLRLIIHGFAX47DA,201.94,7.69,0.0,無,
湖西鄉,房地(土地+建物),澎湖縣湖西鄉良文港１９之５號,156.0,,鄉村區,乙種建築用地,1111013,土地3建物1車位0,全,二層,透天厝,住家用,鋼筋混凝土加強磚造,0830514,161.05,4,2,2,有,無,761300,4727,,0.0,0,親友、員工、共有人或其他特殊關係間之交易；,RPXNMLRLIIHGFAX57DA,156.1,4.95,0.0,無,
馬公市,土地,興崁段814地號,1364.61,,一般農業區,農牧用地,1111012,土地1建物0車位0,,,其他,,,,0.0,0,0,0,有,無,46016000,33721,,0.0,0,權利人共6人含未來6戶興建房屋價款土地交易案件之價格含未來興建房屋成本；,RPVNMLSLIIHGFAX47DA,0.0,0.0,0.0,無,018
馬公市,土地,案山段118地號,90.66,都市：其他:住宅區,,,1111017,土地1建物0車位0,,,其他,,,,0.0,0,0,0,有,無,3354420,37000,,0.0,0,畸零地或有合併使用效益；政府機關標讓售；,RPROMLLJJIHGFAX98DA,0.0,0.0,0.0,無,
馬公市,土地,馬公段659地號,296.0,都市：其他:商業區,,,1111014,土地2建物0車位0,,,其他,,,,0.0,0,0,0,有,無,31500000,106419,,0.0,0,,RPTOMLLJJIHGFAX56DA,0.0,0.0,0.0,無,
馬公市,房地(土地+建物),澎湖縣馬公市永安街１８巷３號,115.0,都市：其他:住宅區,,,1111008,土地1建物1車位0,全,一層,透天厝,住家用,鋼筋混凝土加強空心磚造,0560905,68.64,3,1,1,有,無,9260000,134907,,0.0,0,,RPXNMLNJJIHGFAX07DA,68.64,0.0,0.0,無,
馬公市,房地(土地+建物),澎湖縣馬公市大賢街１５２號,52.53,都市：其他:住宅區,,,1111026,土地1建物1車位0,一層,五層,公寓(5樓含以下無電梯),住家用,鋼筋混凝土造,0840119,106.09,3,2,2,有,無,3350000,31577,,0.0,0,,RPTNMLNJJIHGFAX76EA,97.68,0.0,0.0,無,
湖西鄉,土地,湖西北段435地號,937.88,,一般農業區,農牧用地,1111026,土地6建物0車位0,,,其他,,,,0.0,0,0,0,有,無,1300000,1386,,0.0,0,,RPVNMLLJJIHGFAX66DA,0.0,0.0,0.0,無,
湖西鄉,土地,葉新段1788地號,849.67,,一般農業區,農牧用地,1111011,土地1建物0車位0,,,其他,,,,0.0,0,0,0,有,無,1500000,1765,,0.0,0,,RPOOMLNKIIHGFAX88DA,0.0,0.0,0.0,無,
湖西鄉,土地,許家段122地號,641.26,,風景區,農牧用地,1111025,土地1建物0車位0,,,其他,,,,0.0,0,0,0,有,無,11440000,17840,,0.0,0,,RPWNMLLJJIHGFAX76DA,0.0,0.0,0.0,無,
湖西鄉,土地,許家段121地號,22.21,,一般農業區,交通用地,1111025,土地1建物0車位0,,,其他,,,,0.0,0,0,0,有,無,150000,6754,,0.0,0,,RPXNMLLJJIHGFAX86DA,0.0,0.0,0.0,無,019
馬公市,房地(土地+建物),澎湖縣馬公市林森路４９號二樓,25.45,都市：其他:住宅區,,,1111024,土地1建物1車位0,二層,七層,華廈(10層含以下有電梯),住家用,鋼筋混凝土造,0840904,131.4,4,2,2,有,有,5300000,40335,,0.0,0,,RPPOMLOJJIHGFAX09DA,108.97,5.27,0.0,有,020
西嶼鄉,土地,赤馬二段1453地號,369.51,,一般農業區,農牧用地,1111013,土地2建物0車位0,,,其他,,,,0.0,0,0,0,有,無,443408,1200,,0.0,0,赤馬一段414地號土地增值稅6914元，赤馬二段1453地號土地增值稅43255元另由買方支付。親友、員工、共有人或其他特殊關係間之交易；,RPRNMLSLIIHGFAX17EA,0.0,0.0,0.0,無,
馬公市,土地,五德西段193地號,48.09,,鄉村區,乙種建築用地,1111021,土地1建物0車位0,,,其他,,,,0.0,0,0,0,有,無,648734,13490,,0.0,0,政府機關標讓售；,RPPNMLSJJIHGFAX86EA,0.0,0.0,0.0,無,
湖西鄉,土地,東石新段625地號,1286.49,,一般農業區,農牧用地,1111020,土地1建物0車位0,,,其他,,,,0.0,0,0,0,有,無,30245000,23510,,0.0,0,權利人共5人土地交易案件之價格含未來興建房屋成本；,RPXNMLSJJIHGFAX57DA,0.0,0.0,0.0,無,
七美鄉,土地,七美三段730地號,391.56,,一般農業區,農牧用地,1111027,土地1建物0車位0,,,其他,,,,0.0,0,0,0,有,無,430716,1100,,0.0,0,親友、員工、共有人或其他特殊關係間之交易；未登記建物；,RPSNMLTJJIHGFAX27EA,0.0,0.0,0.0,無,021
馬公市,房地(土地+建物),澎湖縣馬公市林森路８６之３號四樓,30.0,都市：其他:住宅區,,,1111026,土地1建物1車位0,四層,七層,華廈(10層含以下有電梯),住家用,鋼筋混凝土造,0870925,154.87,3,2,2,有,有,5600000,36159,,0.0,0,,RPXNMLSLIIHGFAX67DA,98.86,0.0,7.86,有,
馬公市,土地,海堤段907地號,561.82,都市：其他:住宅區,,,1111019,土地2建物0車位0,,,其他,,,,0.0,0,0,0,有,無,11800000,21003,,0.0,0,,RPSOMLPLIIHGFAX96DA,0.0,0.0,0.0,無,022
馬公市,土地,馬公段68-45地號,7.0,都市：其他:道路用地,,,1111024,土地1建物0車位0,,,其他,,,,0.0,0,0,0,有,無,896140,128020,,0.0,0,政府機關標讓售；,RPTNMLLKJIHGFAX66EA,0.0,0.0,0.0,無,
馬公市,房地(土地+建物),澎湖縣馬公市北辰街１７巷５弄７號,42.26,都市：其他:住宅區,,,1111004,土地2建物1車位0,一層,五層,公寓(5樓含以下無電梯),住家用,鋼筋混凝土造,0730629,86.17,3,2,2,有,無,4800000,55704,,0.0,0,,RPPOMLLKJIHGFAX88DA,86.17,0.0,0.0,無,
西嶼鄉,土地,橫礁新段577地號,223.05,,一般農業區,甲種建築用地,1111019,土地1建物0車位0,,,其他,,,,0.0,0,0,0,有,無,1167775,5235,,0.0,0,,RPSOMLPKJIHGFAX96DA,0.0,0.0,0.0,無,
馬公市,房地(土地+建物)+車位,澎湖縣馬公市吉港路１６８巷５號４樓之５,48.61,都市：其他:住宅區,,,1111016,土地1建物1車位1,四層,五層,華廈(10層含以下有電梯),住家用,鋼筋混凝土造,1101022,135.01,3,1,2,有,無,5480000,40590,一樓平面,0.0,0,,RPSOMLQKJIHGFAX07DA,79.69,7.21,0.0,有,
馬公市,土地,山水南段470地號,144.27,,一般農業區,甲種建築用地,1111007,土地1建物0車位0,,,其他,,,,0.0,3,2,3,有,無,1600000,11090,,0.0,0,未登記建物；,RPVNMLRKJIHGFAX37DA,0.0,0.0,0.0,無,
西嶼鄉,土地,橫礁新段573地號,242.41,,一般農業區,農牧用地,1111019,土地1建物0車位0,,,其他,,,,0.0,0,0,0,有,無,893783,3687,,0.0,0,,RPROMLPKJIHGFAX86DA,0.0,0.0,0.0,無,
馬公市,房地(土地+建物)+車位,澎湖縣馬公市三多路６６號,133.32,,,,1111003,土地1建物1車位1,全,四層,透天厝,住家用,鋼筋混凝土造,1110809,362.61,6,1,7,有,無,31500000,86870,一樓平面,0.0,0,親友、員工、共有人或其他特殊關係間之交易；,RPRNMLOKJIHGFAX66DA,340.71,21.9,0.0,有,
馬公市,建物,澎湖縣馬公市新店路４６５號二樓,0.0,,,,1111003,土地0建物3車位0,二層,二層,公寓(5樓含以下無電梯),住家用,鋼筋混凝土造,0981009,311.20000000000005,2,0,2,有,無,624300,2006,,0.0,0,親友、員工、共有人或其他特殊關係間之交易；,RPXNMLRJJIHGFAX47DA,240.39,0.0,24.21,無,
馬公市,房地(土地+建物),澎湖縣馬公市文光路７１之２號,24.01,都市：其他:住宅區,,,1111020,土地3建物1車位0,一層，二層,七層,華廈(10層含以下有電梯),住商用,鋼筋混凝土造,0830729,146.92,3,1,3,有,有,6500000,44242,,0.0,0,,RPVNMLQLIIHGFAX27DA,114.4,3.54,0.0,有,
湖西鄉,土地,成功南段1095-2地號,153.42,,一般農業區,甲種建築用地,1111018,土地1建物0車位0,,,其他,,,,0.0,0,0,0,有,無,4110000,26789,,0.0,0,,RPPNMLSLIIHGFAX86DA,0.0,0.0,0.0,無,
馬公市,土地,北極段1061地號,60.52,都市：其他:住宅區,,,1111024,土地2建物0車位0,,,其他,,,,0.0,0,0,0,有,無,300000,4957,,0.0,0,親友、員工、共有人或其他特殊關係間之交易；,RPWNMLOLJIHGFAX27DA,0.0,0.0,0.0,無,023
湖西鄉,土地,西溪新段517地號,659.54,,一般農業區,農牧用地,1111017,土地1建物0車位0,,,其他,,,,0.0,0,0,0,有,無,3500000,5307,,0.0,0,未登記建物；,RPOOMLOLJIHGFAX56DA,0.0,0.0,0.0,無,
湖西鄉,土地,城北段51地號,97.15,,一般農業區,農牧用地,1111012,土地1建物0車位0,,,其他,,,,0.0,0,0,0,有,無,100000,1029,,0.0,0,,RPTNMLOLJIHGFAX07EA,0.0,0.0,0.0,無,
湖西鄉,土地,城北段52地號,786.01,,一般農業區,農牧用地,1111012,土地1建物0車位0,,,其他,,,,0.0,0,0,0,有,無,600000,763,,0.0,0,,SPTNMLOLJIHGFAX17EA,0.0,0.0,0.0,無,
湖西鄉,土地,城北段53地號,247.73,,一般農業區,農牧用地,1111012,土地1建物0車位0,,,其他,,,,0.0,0,0,0,有,無,200000,807,,0.0,0,,TPTNMLOLJIHGFAX27EA,0.0,0.0,0.0,無,
湖西鄉,土地,城北段238地號,542.22,,一般農業區,農牧用地,1111012,土地1建物0車位0,,,其他,,,,0.0,0,0,0,有,無,600000,1107,,0.0,0,,UPTNMLOLJIHGFAX37EA,0.0,0.0,0.0,無,
馬公市,土地,北極段1061地號,30.26,都市：其他:住宅區,,,1111024,土地2建物0車位0,,,其他,,,,0.0,0,0,0,有,無,80000,2644,,0.0,0,親友、員工、共有人或其他特殊關係間之交易；,RPXNMLOLJIHGFAX37DA,0.0,0.0,0.0,無,023
馬公市,建物,澎湖縣馬公市石泉６之５７號,0.0,,,,1111025,土地0建物1車位0,一層,五層,華廈(10層含以下有電梯),商業用,鋼筋混凝土造,1110915,63.099999999999994,0,1,1,有,有,3100000,49128,,0.0,0,,RPVNMLSKJIHGFAX47DA,46.48,0.0,0.0,有,
馬公市,房地(土地+建物)+車位,澎湖縣馬公市石泉６之５８號,18.54,,一般農業區,甲種建築用地,1111025,土地2建物1車位1,一層,五層,華廈(10層含以下有電梯),商業用,鋼筋混凝土造,1110915,46.730000000000004,0,1,1,有,有,3500000,74898,一樓平面,0.0,0,,RPWNMLSKJIHGFAX57DA,34.34,0.0,0.0,有,
馬公市,房地(土地+建物),澎湖縣馬公市石泉６之５７號二樓之一,23.75,,一般農業區,甲種建築用地,1111025,土地2建物1車位0,二層,五層,華廈(10層含以下有電梯),住家用,鋼筋混凝土造,1110915,62.12,2,1,2,有,有,3450000,55538,,0.0,0,,RPXNMLSKJIHGFAX67DA,44.49,1.77,0.0,有,
馬公市,房地(土地+建物),澎湖縣馬公市石泉６之５７號二樓之二,42.41,,一般農業區,甲種建築用地,1111025,土地2建物1車位0,二層,五層,華廈(10層含以下有電梯),住家用,鋼筋混凝土造,1110915,114.11,2,1,2,有,有,5960000,52230,,0.0,0,,RPOOMLSKJIHGFAX86DA,78.0,7.78,0.0,有,
馬公市,房地(土地+建物),澎湖縣馬公市石泉６之５７號三樓之一,23.75,,一般農業區,甲種建築用地,1111025,土地2建物1車位0,三層,五層,華廈(10層含以下有電梯),住家用,鋼筋混凝土造,1110915,62.12,2,1,2,有,有,3280000,52801,,0.0,0,,RPPOMLSKJIHGFAX96DA,44.49,1.77,0.0,有,
湖西鄉,土地,成功北段546地號,679.02,,一般農業區,農牧用地,1111028,土地1建物0車位0,,,其他,,,,0.0,0,0,0,有,無,2000000,2945,,0.0,0,,RPPOMLRKJIHGFAX86DA,0.0,0.0,0.0,無,
馬公市,土地,文寮段582地號,1247.32,,一般農業區,農牧用地,1111012,土地2建物0車位0,,,其他,,,,0.0,0,0,0,有,無,52010000,41697,,0.0,0,專案核准興建住宅土地交易案件之價格含未來興建房屋成本；,RPROMLMLJIHGFAX66DA,0.0,0.0,0.0,無,
馬公市,房地(土地+建物),澎湖縣馬公市西衛８０７號,258.0,,一般農業區,甲種建築用地,1111005,土地2建物1車位0,全,三層,透天厝,住家用,鋼筋混凝土造,1110406,230.55,6,2,7,有,無,14700000,63761,,0.0,0,,RPXNMLPJIIHGFAX17DA,221.56,8.99,0.0,無,
馬公市,土地,雙湖段110地號,820.65,,一般農業區,農牧用地,1111013,土地1建物0車位0,,,其他,,,,0.0,0,0,0,有,無,11170800,13612,,0.0,0,,RPWNMLNKIIHGFAX96DA,0.0,0.0,0.0,無,
馬公市,土地,文石段41地號,737.0,,一般農業區,農牧用地,1111013,土地1建物0車位0,,,其他,,,,0.0,0,0,0,有,無,9764772,13249,,0.0,0,,RPXNMLNKIIHGFAX07DA,0.0,0.0,0.0,無,
馬公市,房地(土地+建物),澎湖縣馬公市菜園６８號三樓之三,20.04,,鄉村區,乙種建築用地,1111018,土地1建物1車位0,三層,六層,華廈(10層含以下有電梯),住家用,鋼筋混凝土造,1080418,70.83,2,2,2,有,有,5350000,75533,,0.0,0,,RPOOMLMLJIHGFAX98DA,48.02,3.82,0.0,有,025
馬公市,房地(土地+建物),澎湖縣馬公市石泉６６之１號五樓之二,30.96,,鄉村區,乙種建築用地,1111007,土地2建物1車位0,五層,五層,華廈(10層含以下有電梯),住家用,鋼筋混凝土造,1051031,76.97,2,2,2,有,無,4300000,55866,,0.0,0,,RPVOMLSKJIHGFAX57DA,59.44,3.89,0.0,有,026
馬公市,房地(土地+建物),澎湖縣馬公市石泉６之５７號三樓之二,42.41,,一般農業區,甲種建築用地,1111025,土地2建物1車位0,三層,五層,華廈(10層含以下有電梯),住家用,鋼筋混凝土造,1110915,114.11,2,1,2,有,有,5980000,52406,,0.0,0,,RPQOMLSKJIHGFAX07DA,78.0,7.78,0.0,有,
馬公市,房地(土地+建物),澎湖縣馬公市石泉６之５７號四樓之一,32.0,,一般農業區,甲種建築用地,1111025,土地2建物1車位0,四層,五層,華廈(10層含以下有電梯),住家用,鋼筋混凝土造,1110915,85.32,2,1,2,有,有,4220000,49461,,0.0,0,,RPROMLSKJIHGFAX17DA,59.57,4.37,0.0,有,
馬公市,房地(土地+建物),澎湖縣馬公市石泉６之５７號四樓之二,34.13,,一般農業區,甲種建築用地,1111025,土地2建物1車位0,四層,五層,華廈(10層含以下有電梯),住家用,鋼筋混凝土造,1110915,90.91,2,1,2,有,有,4950000,54449,,0.0,0,,RPSOMLSKJIHGFAX27DA,62.82,5.29,0.0,有,
馬公市,房地(土地+建物),澎湖縣馬公市石泉６之５７號五樓之一,32.0,,一般農業區,甲種建築用地,1111025,土地2建物1車位0,五層,五層,華廈(10層含以下有電梯),住家用,鋼筋混凝土造,1110915,85.32,2,1,2,有,有,4420000,51805,,0.0,0,,RPTOMLSKJIHGFAX37DA,59.57,4.37,0.0,有,
馬公市,房地(土地+建物),澎湖縣馬公市後窟潭７之１５號,56.01,,鄉村區,乙種建築用地,1111012,土地1建物1車位0,全,二層,透天厝,住家用,鋼筋混凝土加強磚造,0690202,85.4,3,2,2,有,無,5200000,60890,,0.0,0,,RPXNMLSLJIHGFAX77DA,85.4,0.0,0.0,無,027
馬公市,土地,光榮段979-2地號,145.02,都市：其他:住宅區,,,1111027,土地1建物0車位0,,,其他,,,,0.0,1,1,1,有,無,19000000,131016,,0.0,0,此交易價格含光榮段627-3地號國有基地租賃權。未登記建物；,RPVNMLNLJIHGFAX07DA,0.0,0.0,0.0,無,
馬公市,土地,山水東段423-1地號,1751.71,,一般農業區,農牧用地,1111028,土地1建物0車位0,,,其他,,,,0.0,0,0,0,有,無,22260000,12708,,0.0,0,,RPWNMLNJJIHGFAX96DA,0.0,0.0,0.0,無,028
馬公市,土地,鎖港南段363-1地號,330.0,,一般農業區,甲種建築用地,1111020,土地2建物0車位0,,,其他,,,,0.0,0,0,0,有,無,3693000,11191,,0.0,0,,RPOOMLKLIIHGFAX68DA,0.0,0.0,0.0,無,
馬公市,房地(土地+建物),澎湖縣馬公市文昌街５２號,49.25,都市：其他:住宅區,,,1111025,土地1建物1車位0,一層，二層,六層,華廈(10層含以下有電梯),住家用,鋼筋混凝土造,0821027,225.20000000000002,3,2,2,有,有,9980000,44316,,0.0,0,,RPUNMLLJKIHGFAX76EA,157.13,7.95,0.0,有,
馬公市,房地(土地+建物)+車位,澎湖縣馬公市吉港路１６８巷５號５樓之７,47.74,都市：其他:住宅區,,,1111030,土地1建物1車位1,五層，見其他登記事項,五層,華廈(10層含以下有電梯),住家用,鋼筋混凝土造,1101022,131.5,3,1,3,有,無,6580000,50038,一樓平面,0.0,0,,RPWOMLSKJIHGFAX67DA,78.3,5.9,0.0,有,
西嶼鄉,房地(土地+建物),澎湖縣西嶼鄉池東村６１號,139.84,,風景區,農牧用地,1111021,土地5建物1車位0,全,一層,透天厝,住家用,造,0220000,14.97,3,2,2,有,無,150000,10020,,0.0,0,1、二崁南段1437地號新台幣:51487元2、二崁南段1448地號新台幣:7379元3、二崁南段1449地號新台幣:7466元4、二崁南段1450地號新台幣:17411元5、池東段425地號新台幣:59865元6、池東段46建號新台幣:6392元親友、員工、共有人或其他特殊關係間之交易；,RPTNMLQKJIHGFAX17EA,10.24,4.74,0.0,無,
馬公市,土地,五德東段508地號,1140.78,,一般農業區,農牧用地,1110906,土地1建物0車位0,,,其他,,,,0.0,0,0,0,有,無,35510000,31128,,0.0,0,權利人共5人土地交易案件之價格含未來興建房屋成本；,RPXNMLNKRHHGFAX87DA,0.0,0.0,0.0,無,011
馬公市,土地,五福段539地號,1604.53,,一般農業區,農牧用地,1110905,土地1建物0車位0,,,其他,,,,0.0,0,0,0,有,無,86370000,53829,,0.0,0,權利人6人含未來5戶興建房屋價款,RPVNMLPKRHHGFAX87DA,0.0,0.0,0.0,無,030
馬公市,土地,埕東段768地號,26.31,都市：其他:住宅區,,,1110912,土地1建物0車位0,,,其他,,,,0.0,0,0,0,有,無,3229026,122730,,0.0,0,政府機關標讓售；,RPOOMLTKRHHGFAX67DA,0.0,0.0,0.0,無,
馬公市,土地,國宅段520地號,24.45,都市：其他:道路用地,,,1110902,土地2建物0車位0,,,其他,,,,0.0,0,0,0,有,無,579406,23698,,0.0,0,包含公共設施保留地用地；協議價購；,RPVNMLPJRHHGFAX77DA,0.0,0.0,0.0,無,031
馬公市,房地(土地+建物),澎湖縣馬公市前寮５３之５號,100.38,,鄉村區,乙種建築用地,1110902,土地1建物1車位0,全,四層,透天厝,住家用,鋼筋混凝土造,0841009,183.71,4,1,3,有,無,6800000,37015,,0.0,0,,RPSOMLTKRHHGFAX08DA,175.03,8.68,0.0,無,032
馬公市,土地,五德東段848地號,23.35,,一般農業區,農牧用地,1110905,土地1建物0車位0,,,其他,,,,0.0,0,0,0,有,無,160000,6852,,0.0,0,,RPVNMLQKRHHGFAX97DA,0.0,0.0,0.0,無,033
馬公市,土地,安宅段246地號,1387.45,,一般農業區,農牧用地,1110906,土地2建物0車位0,,,其他,,,,0.0,0,0,0,有,無,2500000,1802,,0.0,0,親友、員工、共有人或其他特殊關係間之交易；,RPRNMLRLRHHGFAX87EA,0.0,0.0,0.0,無,
望安鄉,土地,花宅段1064地號,1538.0,,一般農業區,農牧用地,1110907,土地2建物0車位0,,,其他,,,,0.0,0,0,0,有,無,1400000,910,,0.0,0,,RPWNMLSJRHHGFAX18DA,0.0,0.0,0.0,無,
馬公市,土地,文石段913地號,853.0,,一般農業區,農牧用地,1110916,土地2建物0車位0,,,其他,,,,0.0,0,0,0,有,無,7740900,9075,,0.0,0,,RPWNMLKLRHHGFAX57DA,0.0,0.0,0.0,無,
七美鄉,土地,七美二段295地號,166.45,,一般農業區,農牧用地,1110920,土地2建物0車位0,,,其他,,,,0.0,0,0,0,有,無,1007000,6050,,0.0,0,賣方賣清.,RPXNMLPKRHHGFAX08DA,0.0,0.0,0.0,無,
馬公市,房地(土地+建物)+車位,澎湖縣馬公市林森路８６巷１之６號,37.56,都市：其他:住宅區,,,1110901,土地1建物1車位1,七層,七層,華廈(10層含以下有電梯),住家用,鋼筋混凝土造,0810827,173.08,4,2,2,有,有,6160000,35590,坡道平面,0.0,0,,RPQOMLKLRHHGFAX07DA,121.65,0.0,0.0,有,
湖西鄉,土地,林投北段169-3地號,706.33,,一般農業區,農牧用地,1110918,土地1建物0車位0,,,其他,,,,0.0,0,0,0,有,無,2560000,3624,,0.0,0,,RPVNMLRLRHHGFAX18DA,0.0,0.0,0.0,無,
馬公市,房地(土地+建物),澎湖縣馬公市西衛１８８之７號,228.11,,一般農業區,甲種建築用地,1110916,土地2建物1車位0,全,三層,透天厝,住家用,鋼筋混凝土造,0861107,233.68,6,2,4,有,無,9000000,38514,,0.0,0,一樓平面車位一個未單獨計價且，已含入交易總價,RPOOMLRLRHHGFAX57DA,229.18,4.5,0.0,無,
西嶼鄉,土地,大池段1171地號,912.27,,一般農業區,農牧用地,1110923,土地1建物0車位0,,,其他,,,,0.0,0,0,0,有,無,2760000,3025,,0.0,0,,RPPQMLNLRHHGFAX47DA,0.0,0.0,0.0,無,
馬公市,土地,五德西段703地號,941.2,,一般農業區,農牧用地,1110909,土地1建物0車位0,,,其他,,,,0.0,0,0,0,有,無,4000000,4250,,0.0,0,,RPVNMLTLRHHGFAX38DA,0.0,0.0,0.0,無,
湖西鄉,土地,紅羅段1792地號,1277.14,,一般農業區,農牧用地,1110926,土地1建物0車位0,,,其他,,,,0.0,0,0,0,有,無,44050000,34491,,0.0,0,權利人6人含未來興建6戶房屋價款土地交易案件之價格含未來興建房屋成本；,RPXNMLTLRHHGFAX58DA,0.0,0.0,0.0,無,
馬公市,土地,風櫃西段655地號,304.05,,一般農業區,農牧用地,1110901,土地4建物0車位0,,,其他,,,,0.0,0,0,0,有,無,906000,2980,,0.0,0,親友、員工、共有人或其他特殊關係間之交易；,RPTNMLPKRHHGFAX77EA,0.0,0.0,0.0,無,
馬公市,土地,馬公段1083地號,47.0,都市：其他:商業區,,,1110927,土地1建物0車位0,,,其他,,,,0.0,0,0,0,有,無,7238000,154000,,0.0,0,政府機關標讓售；,RPWNMLQLRHHGFAX18DA,0.0,0.0,0.0,無,
馬公市,土地,安宅段1230地號,620.5,,一般農業區,農牧用地,1110922,土地1建物0車位0,,,其他,,,,0.0,0,0,0,有,無,2400000,3868,,0.0,0,,RPOOMLQLRHHGFAX47DA,0.0,0.0,0.0,無,
馬公市,土地,井垵西段1313地號,611.02,,一般農業區,農牧用地,1110922,土地1建物0車位0,,,其他,,,,0.0,0,0,0,有,無,3327000,5445,,0.0,0,,RPOOMLNJIIHGFAX78DA,0.0,0.0,0.0,無,034
馬公市,房地(土地+建物),澎湖縣馬公市石泉２７之２號,132.68,,鄉村區,乙種建築用地,1110917,土地1建物1車位0,全,三層,透天厝,住家用,鋼筋混凝土造,0931215,176.27,3,3,4,有,無,6800000,38577,,0.0,0,,RPWNMLTKRHHGFAX38DA,171.09,5.18,0.0,無,035
湖西鄉,土地,成功南段707地號,1522.49,,一般農業區,農牧用地,1110902,土地1建物0車位0,,,其他,,,,0.0,0,0,0,有,無,28090000,18450,,0.0,0,農變建專案核准興建住宅,RPOPMLQJIIHGFAX56DA,0.0,0.0,0.0,無,036
湖西鄉,土地,城北段1004地號,1152.02,,一般農業區,農牧用地,1110913,土地1建物0車位0,,,其他,,,,0.0,0,0,0,有,無,25660000,22274,,0.0,0,農變建專案核准興建住宅,RPOOMLRJIIHGFAX56DA,0.0,0.0,0.0,無,012
湖西鄉,土地,北寮新段92地號,53.01,,鄉村區,乙種建築用地,1110914,土地1建物0車位0,,,其他,,,,0.0,0,0,0,有,無,448000,8451,,0.0,0,未登記建物；,RPVNMLLKIIHGFAX66DA,0.0,0.0,0.0,無,
馬公市,土地,鐵線段629-7地號,608.18,,一般農業區,農牧用地,1110920,土地2建物0車位0,,,其他,,,,0.0,0,0,0,有,無,4000000,6577,,0.0,0,親友、員工、共有人或其他特殊關係間之交易；,RPQNMLMKIIHGFAX98EA,0.0,0.0,0.0,無,
西嶼鄉,土地,池西段512地號,493.74,,一般農業區,農牧用地,1110906,土地1建物0車位0,,,其他,,,,0.0,0,0,0,有,無,1800000,3646,,0.0,0,,RPVNMLMJRHHGFAX47DA,0.0,0.0,0.0,無,
馬公市,土地,海堤段1015地號,232.47,都市：其他:乙種工業區,,,1110905,土地1建物0車位0,,,其他,,,,0.0,0,0,0,有,無,4860000,20906,,0.0,0,未登記建物；,RPQNMLKKIIHGFAX68DA,0.0,0.0,0.0,無,
白沙鄉,土地,後寮北段1124地號,238.81,,鄉村區,乙種建築用地,1110901,土地1建物0車位0,,,其他,,,,0.0,0,0,0,有,無,3000000,12562,,0.0,0,未登記建物；,RPOOMLTLRHHGFAX77DA,0.0,0.0,0.0,無,
馬公市,房地(土地+建物)+車位,澎湖縣馬公市光復路１４８巷１８號四樓之３,39.04,都市：其他:住宅區,,,1110916,土地1建物1車位1,四層,五層,華廈(10層含以下有電梯),住家用,鋼筋混凝土造,1110624,133.19,3,2,2,有,無,8880000,66672,一樓平面,0.0,0,,RPVOMLMKIIHGFAX86DA,86.57,4.11,0.0,有,
馬公市,房地(土地+建物)+車位,澎湖縣馬公市光復路１４８巷１８號三樓之６,39.13,都市：其他:住宅區,,,1110907,土地1建物1車位1,三層,五層,華廈(10層含以下有電梯),住家用,鋼筋混凝土造,1110624,146.49,3,2,2,有,無,9680000,66080,一樓平面,0.0,0,,RPWOMLMKIIHGFAX96DA,88.31,11.76,0.0,有,
馬公市,土地,文東段1623地號,183.97,,一般農業區,農牧用地,1110927,土地1建物0車位0,,,其他,,,,0.0,0,0,0,有,無,8180000,44464,,0.0,0,土地交易案件之價格含未來興建房屋成本；,RPVNMLSKIIHGFAX37DA,0.0,0.0,0.0,無,038
湖西鄉,土地,鼎灣新段606地號,394.06,,一般農業區,農牧用地,1110919,土地1建物0車位0,,,其他,,,,0.0,0,0,0,有,無,5960000,15125,,0.0,0,,RPXNMLSKIIHGFAX57DA,0.0,0.0,0.0,無,039
馬公市,土地,五福段959地號,58.34,,鄉村區,乙種建築用地,1110917,土地1建物0車位0,,,其他,,,,0.0,0,0,0,有,無,1584000,27151,,0.0,0,非屬不動產價格之費用由買方承擔繳納,RPPOMLSKIIHGFAX86DA,0.0,0.0,0.0,無,001
馬公市,房地(土地+建物),澎湖縣馬公市頭掛２７０號,239.43,,一般農業區,甲種建築用地,1110912,土地2建物1車位0,全,三層,透天厝,住家用,鋼筋混凝土造,1031212,251.17,4,3,4,有,無,8400000,33443,,0.0,0,,RPROMLSKIIHGFAX07DA,242.14,9.03,0.0,無,
湖西鄉,土地,鼎灣新段779地號,2724.08,,一般農業區,農牧用地,1110902,土地4建物0車位0,,,其他,,,,0.0,0,0,0,有,無,4120000,1512,,0.0,0,親友、員工、共有人或其他特殊關係間之交易；,RPOOMLMJRHHGFAX86DA,0.0,0.0,0.0,無,
湖西鄉,土地,許家段1095-9地號,257.76,,一般農業區,甲種建築用地,1110908,土地2建物0車位0,,,其他,,,,0.0,0,0,0,有,無,6700000,25993,,0.0,0,土地交易案件之價格含未來興建房屋成本；,RPTOMLSKIIHGFAX27DA,0.0,0.0,0.0,無,
馬公市,房地(土地+建物)+車位,澎湖縣馬公市貿商街１２６號,28.92,都市：其他:住宅區,,,1110917,土地2建物1車位1,一層,十四層,住宅大樓(11層含以上有電梯),住家用,鋼筋混凝土造,0950710,176.04000000000002,3,2,2,有,有,6200000,35219,坡道平面,0.0,0,,RPPNMLRKRHHGFAX47DA,96.71,0.0,10.96,有,041
馬公市,房地(土地+建物)+車位,澎湖縣馬公市文光路１６８巷４７號三樓,29.49,都市：其他:住宅區,,,1110920,土地2建物1車位1,三層,六層,華廈(10層含以下有電梯),住家用,鋼筋混凝土造,0821015,129.94,3,2,2,有,無,5500000,42327,坡道平面,0.0,0,,RPQOMLPLIIHGFAX76DA,92.89,6.52,0.0,有,
馬公市,房地(土地+建物),澎湖縣馬公市中華路１６７號三樓,22.45,都市：其他:道路用地,,,1110905,土地3建物1車位0,三層,六層,華廈(10層含以下有電梯),住家用,鋼筋混凝土造,0810801,151.8,3,1,4,有,無,4760000,31357,,0.0,0,,RPOOMLSLIIHGFAX86DA,104.2,0.0,0.0,有,042
白沙鄉,房地(土地+建物),澎湖縣白沙鄉通梁１８０之１號,160.26,都市：其他:道路用地,,,1110930,土地2建物1車位0,全,二層,透天厝,住家用,鋼筋混凝土加強磚造,0801101,128.68,3,2,3,有,無,4700000,36525,,0.0,0,包含公共設施保留地用地；,RPOOMLOLIIHGFAX09DA,128.68,0.0,0.0,無,
白沙鄉,土地,岐頭段1287地號,4517.0,,一般農業區,農牧用地,1110924,土地1建物0車位0,,,其他,,,,0.0,0,0,0,有,無,6831950,1512,,0.0,0,,RPVNMLLMIIHGFAX86DA,0.0,0.0,0.0,無,
馬公市,房地(土地+建物),澎湖縣馬公市文康街５０號,28.0,都市：其他:商業區,,,1110921,土地1建物1車位0,全,二層,透天厝,住商用,鋼筋混凝土加強空心磚造,0510810,54.0,2,1,1,有,無,6150000,113889,,0.0,0,頂樓加蓋；,RPWNMLOLIIHGFAX17DA,54.0,0.0,0.0,無,
湖西鄉,土地,紅羅段1996地號,754.24,,一般農業區,農牧用地,1110910,土地1建物0車位0,,,其他,,,,0.0,0,0,0,有,無,700000,928,,0.0,0,,RPUOMLPLIIHGFAX17DA,0.0,0.0,0.0,無,
馬公市,房地(土地+建物)+車位,澎湖縣馬公市貿商街１３６號十三樓之一,30.6,都市：其他:住宅區,,,1110921,土地2建物1車位1,十三層,十四層,住宅大樓(11層含以上有電梯),住家用,鋼筋混凝土造,0950710,188.19,3,2,2,有,有,6300000,33477,坡道平面,0.0,0,,RPSOMLLJJIHGFAX09DA,102.74,0.0,11.64,有,043
馬公市,土地,五福段706-6地號,205.95,,一般農業區,甲種建築用地,1110914,土地2建物0車位0,,,其他,,,,0.0,0,0,0,有,無,5040000,24472,,0.0,0,農變建專案核准變更起造人,RPVOMLLJJIHGFAX76DA,0.0,0.0,0.0,無,
馬公市,房地(土地+建物)+車位,澎湖縣馬公市陽明路８７號七樓之五,15.4,都市：其他:住宅區,,,1110916,土地2建物1車位1,七層,七層,華廈(10層含以下有電梯),住家用,鋼筋混凝土造,0880515,86.67999999999999,2,1,2,有,有,3000000,34610,坡道平面,0.0,0,買方負擔1/2增值稅29371元親友、員工、共有人或其他特殊關係間之交易；,RPPNMLOJJIHGFAX09EA,61.68,0.0,15.73,有,
馬公市,房地(土地+建物),澎湖縣馬公市東文澳１０８之５３號,50.15,,鄉村區,乙種建築用地,1110930,土地1建物1車位0,全,二層,透天厝,住家用,鋼筋混凝土加強磚造,0741120,96.0,3,2,2,有,無,4000000,41667,,0.0,0,,RPVNMLMJJIHGFAX76DA,96.0,0.0,0.0,無,044
馬公市,房地(土地+建物),澎湖縣馬公市林森路４７號三樓,24.99,都市：其他:住宅區,,,1110926,土地1建物1車位0,三層,七層,公寓(5樓含以下無電梯),住家用,鋼筋混凝土造,0840904,137.54,4,2,2,有,無,5300000,38534,,0.0,0,,RPXNMLQLRHHGFAX28DA,107.37,13.22,0.0,無,
馬公市,房地(土地+建物),澎湖縣馬公市民生路１７之７號,26.67,都市：其他:商業區,,,1110924,土地2建物1車位0,全,三層,透天厝,住商用,鋼筋混凝土造,0800619,64.57,3,1,3,有,無,2000000,30974,,0.0,0,親友、員工、共有人或其他特殊關係間之交易；,RPXNMLRLRHHGFAX38DA,64.57,0.0,0.0,無,
馬公市,房地(土地+建物)+車位,澎湖縣馬公市三多路６２號,130.99,住,,,1110930,土地1建物1車位1,全,四層,透天厝,住家用,鋼筋混凝土造,1110809,362.61,6,1,7,有,無,31500000,86870,一樓平面,0.0,0,,RPPOMLRJJIHGFAX76DA,340.71,21.9,0.0,有,
馬公市,房地(土地+建物)+車位,澎湖縣馬公市三多路６０號,120.86,住,,,1110929,土地1建物1車位1,全,四層,透天厝,住家用,鋼筋混凝土造,1110809,362.61,6,1,7,有,無,32600000,89904,一樓平面,0.0,0,,RPROMLRJJIHGFAX96DA,340.71,21.9,0.0,有,
馬公市,土地,馬公段858地號,37.0,都市：其他:商業區,,,1110923,土地1建物0車位0,,,其他,,,,0.0,0,0,0,有,無,5660000,152973,,0.0,0,未登記建物；,RPPNMLOKJIHGFAX09DA,0.0,0.0,0.0,無,
馬公市,房地(土地+建物),澎湖縣馬公市東文澳２之８號二樓之６,22.98,都市：其他:住宅區,,,1110930,土地1建物1車位0,二層,五層,華廈(10層含以下有電梯),住家用,鋼筋混凝土造,1101207,72.57000000000001,2,1,1,有,有,5080000,70001,,0.0,0,,RPPOMLPKJIHGFAX66DA,47.9,4.94,0.0,有,045
西嶼鄉,土地,赤馬二段1229地號,1386.19,,一般農業區,農牧用地,1110917,土地1建物0車位0,,,其他,,,,0.0,0,0,0,有,無,800000,577,,0.0,0,,RPXNMLLKJIHGFAX96DA,0.0,0.0,0.0,無,
西嶼鄉,房地(土地+建物),澎湖縣西嶼鄉赤馬６８號,318.28,,鄉村區,乙種建築用地,1110917,土地1建物1車位0,全,一層,透天厝,住家用,造,,106.52,0,0,0,無,無,1700000,15959,,0.0,0,,RPOOMLLKJIHGFAX78DA,106.52,0.0,0.0,無,
馬公市,房地(土地+建物)+車位,澎湖縣馬公市貿商街１２７號七樓之三,28.04,都市：其他:住宅區,,,1110928,土地1建物1車位1,七層,十二層,住宅大樓(11層含以上有電梯),住家用,鋼筋混凝土造,0950629,187.32999999999998,3,2,2,有,有,6700000,35766,坡道平面,0.0,0,,RPQOMLQKJIHGFAX86DA,100.81,0.0,11.64,有,
馬公市,土地,四維段852地號,47.08,,鄉村區,乙種建築用地,1110914,土地1建物0車位0,,,其他,,,,0.0,0,0,0,有,無,900000,19116,,0.0,0,買方另支付土地增值稅124164元整。,RPVNMLPKJIHGFAX17DA,0.0,0.0,0.0,無,046
馬公市,房地(土地+建物),澎湖縣馬公市文明路８９號七樓,23.11,都市：其他:住宅區,,,1110919,土地1建物1車位0,七層,七層,華廈(10層含以下有電梯),住家用,鋼筋混凝土造,0860430,133.96,3,2,2,有,有,4750000,35458,,0.0,0,,RPQOMLMLJIHGFAX56DA,92.61,0.0,12.0,有,
馬公市,土地,文寮段427-3地號,219.94,,一般農業區,甲種建築用地,1110921,土地2建物0車位0,,,其他,,,,0.0,0,0,0,有,無,1237000,5624,,0.0,0,農變建專案核准變更起造人,RPPNMLQKJIHGFAX66DA,0.0,0.0,0.0,無,047
湖西鄉,土地,成功南段1070地號,207.48,,一般農業區,農牧用地,1110903,土地1建物0車位0,,,其他,,,,0.0,0,0,0,有,無,1650000,7953,,0.0,0,,RPROMLRKJIHGFAX07DA,0.0,0.0,0.0,無,048
湖西鄉,土地,湖西南段2260地號,432.9,,一般農業區,農牧用地,1110917,土地1建物0車位0,,,其他,,,,0.0,0,0,0,有,無,2160000,4990,,0.0,0,,RPQOMLTLJIHGFAX27DA,0.0,0.0,0.0,無,
馬公市,土地,興崁段275地號,1762.44,,一般農業區,農牧用地,1110916,土地2建物0車位0,,,其他,,,,0.0,0,0,0,有,無,5000000,2837,,0.0,0,,RPSNMLOJKIHGFAX76DA,0.0,0.0,0.0,無,
馬公市,土地,烏崁新段1254地號,20.3,,鄉村區,乙種建築用地,1110916,土地1建物0車位0,,,其他,,,,0.0,0,0,0,有,無,250000,12315,,0.0,0,,RPRNMLOJKIHGFAX66DA,0.0,0.0,0.0,無,
白沙鄉,土地,港子西段2地號,489.12,,一般農業區,農牧用地,1110902,土地2建物0車位0,,,其他,,,,0.0,0,0,0,有,無,1065000,2177,,0.0,0,,RPQOMLRJKIHGFAX96DA,0.0,0.0,0.0,無,
馬公市,土地,北極段204地號,1452.24,都市：其他:農業區,,,1110804,土地1建物0車位0,,,其他,,,,0.0,0,0,0,有,無,8786000,6050,,0.0,0,,RPPPMLLLQHHGFAX07DA,0.0,0.0,0.0,無,
馬公市,土地,馬公段1166-1地號,1.25,,,,1110826,土地1建物0車位0,,,其他,,,,0.0,0,0,0,有,無,180000,144000,,0.0,0,法院和解,RPWNMLQJRHHGFAX97DA,0.0,0.0,0.0,無,
湖西鄉,建物,澎湖縣湖西鄉良文港１１９之５０號,0.0,,,,1110815,土地0建物1車位0,全,三層,透天厝,其他,鋼筋混凝土造,0790110,167.77,4,2,2,有,無,550000,3278,,0.0,0,親友、員工、共有人或其他特殊關係間之交易；,RPXNMLQJRHHGFAX08DA,167.77,0.0,0.0,無,
馬公市,土地,馬公段1322-8地號,15.0,都市：其他:商業區,,,1110829,土地1建物0車位0,,,其他,,,,0.0,0,0,0,有,無,1702350,113490,,0.0,0,政府機關標讓售；,RPRNMLSJRHHGFAX77EA,0.0,0.0,0.0,無,
馬公市,房地(土地+建物),澎湖縣馬公市西衛２１０之２號,427.33,,一般農業區,甲種建築用地,1110825,土地2建物1車位0,全,三層,透天厝,住家用,鋼筋混凝土造,1110504,338.35,8,1,9,有,無,16340000,48293,,0.0,0,,RPUNMLTLQHHGFAX18DA,318.49,19.86,0.0,無,
湖西鄉,土地,東石新段157地號,258.39,,鄉村區,乙種建築用地,1110825,土地2建物0車位0,,,其他,,,,0.0,0,0,0,有,無,1800000,6966,,0.0,0,親友、員工、共有人或其他特殊關係間之交易；未登記建物；未登記建物；,RPPOMLKMQHHGFAX96DA,0.0,0.0,0.0,無,
湖西鄉,土地,湖西南段2454地號,3902.76,,一般農業區,農牧用地,1110831,土地1建物0車位0,,,其他,,,,0.0,0,0,0,有,無,94920000,24321,,0.0,0,權利人16人含未來16戶興建房屋價款,RPOOMLNKRHHGFAX07DA,0.0,0.0,0.0,無,049
湖西鄉,土地,尖山南段378地號,1777.69,,一般農業區,農牧用地,1110810,土地2建物0車位0,,,其他,,,,0.0,0,0,0,有,無,1007322,567,,0.0,0,土地增值稅由買方負擔,RPVNMLOKRHHGFAX77DA,0.0,0.0,0.0,無,
馬公市,土地,光榮新段102地號,121.38,都市：其他:第一種住宅區,,,1110816,土地1建物0車位0,,,其他,,,,0.0,0,0,0,有,無,7719988,63602,,0.0,0,區段徵收土地標售光榮新段102地號政府機關標讓售；,RPUNMLPKRHHGFAX87EA,0.0,0.0,0.0,無,
馬公市,土地,鐵線段527地號,4234.49,,一般農業區,農牧用地,1110818,土地1建物0車位0,,,其他,,,,0.0,0,0,0,有,無,149240000,35244,,0.0,0,權利人20人含未來20戶興建房屋價款,RPWNMLPKRHHGFAX97DA,0.0,0.0,0.0,無,050
馬公市,土地,文寮段422-5地號,178.93,,一般農業區,甲種建築用地,1110830,土地2建物0車位0,,,其他,,,,0.0,0,0,0,有,無,5000000,27944,,0.0,0,,RPWNMLQKRHHGFAX08DA,0.0,0.0,0.0,無,
馬公市,土地,文化段231-2地號,128.81,都市：其他:住宅區,,,1110802,土地1建物0車位0,,,其他,,,,0.0,0,0,0,有,無,10000000,77634,,0.0,0,親友、員工、共有人或其他特殊關係間之交易；,RPPNMLSKRHHGFAX57DA,0.0,0.0,0.0,無,
馬公市,土地,文寮段368地號,1641.62,,一般農業區,農牧用地,1110818,土地1建物0車位0,,,其他,,,,0.0,0,0,0,有,無,68660000,41825,,0.0,0,權利人共七人土地交易案件之價格含未來興建房屋成本；,RPXNMLTKRHHGFAX48DA,0.0,0.0,0.0,無,
馬公市,房地(土地+建物),澎湖縣馬公市民裕街３６巷３號二樓,49.3,都市：其他:住宅區,,,1110815,土地1建物1車位0,二層,五層,公寓(5樓含以下無電梯),住家用,鋼筋混凝土造,0840119,111.78999999999999,3,2,2,有,無,4550000,40701,,0.0,0,,RPXNMLQKQHHGFAX08DA,87.76,10.98,0.0,無,051
馬公市,房地(土地+建物),澎湖縣馬公市雞母塢２１之１號,111.09,,鄉村區,乙種建築用地,1110829,土地1建物1車位0,全,一層,透天厝,住家用,加強磚造,0980724,32.74,1,1,1,有,無,1800000,54979,,0.0,0,,RPXNMLSJRHHGFAX28DA,32.74,0.0,0.0,無,052
馬公市,房地(土地+建物)+車位,澎湖縣馬公市吉港路１６８巷５號３樓之１,48.52,都市：其他:住宅區,,,1110822,土地1建物1車位1,三層,五層,華廈(10層含以下有電梯),住家用,鋼筋混凝土造,1101022,135.07999999999998,3,1,2,有,無,5480000,40569,一樓平面,0.0,0,,RPPOMLKLRHHGFAX96DA,79.56,7.49,0.0,有,
馬公市,房地(土地+建物)+車位,澎湖縣馬公市吉港路１６８巷５號３樓之２,46.59,都市：其他:住宅區,,,1110828,土地1建物1車位1,三層,五層,華廈(10層含以下有電梯),住家用,鋼筋混凝土造,1101022,131.27,3,1,2,有,無,5380000,40984,一樓平面,0.0,0,,RPVNMLLLRHHGFAX57DA,76.32,8.88,0.0,有,
馬公市,房地(土地+建物),澎湖縣馬公市林森路８７巷２３弄３號,106.05,都市：其他:住宅區,,,1110808,土地1建物2車位0,一層,二層,公寓(5樓含以下無電梯),住家用,鋼筋混凝土加強磚造,0770808,138.69,7,0,3,有,無,5000000,36052,,0.0,0,,RPVNMLMLRHHGFAX67DA,138.69,0.0,0.0,無,053
馬公市,房地(土地+建物)+車位,澎湖縣馬公市三多路３４９號七樓之五,30.98,都市：其他:住宅區,,,1110828,土地2建物1車位1,七層,十四層,住宅大樓(11層含以上有電梯),住家用,鋼筋混凝土造,0950710,188.82999999999998,3,2,2,有,有,6160000,32622,坡道平面,0.0,0,,RPVNMLKLRHHGFAX47DA,103.85,0.0,11.74,有,054
湖西鄉,土地,西溪新段461地號,373.62,,一般農業區,農牧用地,1110821,土地1建物0車位0,,,其他,,,,0.0,0,0,0,有,無,904000,2420,,0.0,0,,RPQOMLOKRHHGFAX37DA,0.0,0.0,0.0,無,
七美鄉,土地,七美三段730地號,39.16,,一般農業區,農牧用地,1110829,土地1建物0車位0,,,其他,,,,0.0,0,0,0,有,無,43071,1100,,0.0,0,親友、員工、共有人或其他特殊關係間之交易；,RPSNMLMLRHHGFAX47EA,0.0,0.0,0.0,無,021
馬公市,房地(土地+建物),澎湖縣馬公市後窟潭４之３號,80.37,,鄉村區,乙種建築用地,1110831,土地1建物1車位0,全,四層,透天厝,住家用,鋼筋混凝土造,0820619,188.53,4,2,3,有,無,6500000,34477,,0.0,0,,RPXNMLLMQHHGFAX77DA,188.53,0.0,0.0,無,
馬公市,土地,東澳段953地號,19.02,都市：其他:住宅區,,,1110808,土地1建物0車位0,,,其他,,,,0.0,0,0,0,有,無,850000,44690,,0.0,0,賣方賣清價，土地增值稅由買方負擔親友、員工、共有人或其他特殊關係間之交易；,RPRPMLLLQHHGFAX27DA,0.0,0.0,0.0,無,
馬公市,土地,北極段566地號,2418.38,都市：其他:農業區,,,1110828,土地1建物0車位0,,,其他,,,,0.0,0,0,0,有,無,19000000,7856,,0.0,0,,RPVNMLPJIIHGFAX07EA,0.0,0.0,0.0,無,
西嶼鄉,土地,池西段513地號,275.61,,一般農業區,農牧用地,1110827,土地1建物0車位0,,,其他,,,,0.0,0,0,0,有,無,932000,3382,,0.0,0,,RPXNMLKLRHHGFAX67DA,0.0,0.0,0.0,無,
七美鄉,土地,七美一段653-3地號,109.42,,一般農業區,農牧用地,1110831,土地1建物0車位0,,,其他,,,,0.0,0,0,0,有,無,1509996,13800,,0.0,0,政府機關標讓售；,RPPNMLOJIIHGFAX88DA,0.0,0.0,0.0,無,
馬公市,土地,海堤段1056地號,397.27,都市：其他:住宅區,,,1110831,土地1建物0車位0,,,其他,,,,0.0,0,0,0,有,無,6000000,15103,,0.0,0,,RPWNMLNJIIHGFAX86DA,0.0,0.0,0.0,無,
馬公市,土地,海堤段1054地號,617.37,都市：其他:住宅區,,,1110819,土地4建物0車位0,,,其他,,,,0.0,0,0,0,有,無,11800000,19113,,0.0,0,,RPXNMLNJIIHGFAX96DA,0.0,0.0,0.0,無,
馬公市,房地(土地+建物),澎湖縣馬公市惠民新村２０之１號,256.24,都市：其他:住宅區,,,1110824,土地6建物2車位0,全,六層,透天厝,住家用,鋼筋混凝土造,0860505,899.92,10,6,12,有,無,53600000,59561,,0.0,0,290建號無電梯、386建號有電梯。,RPXNMLSLRHHGFAX48DA,875.37,24.55,0.0,無,056
馬公市,房地(土地+建物)+車位,澎湖縣馬公市大案山９６之６２號二樓之１,46.09,都市：其他:住宅區,,,1110805,土地1建物1車位1,二層,五層,華廈(10層含以下有電梯),住家用,鋼筋混凝土造,1110726,158.62,3,2,2,有,有,8700000,54848,一樓平面,0.0,0,,RPPPMLQJIIHGFAX66DA,94.16,12.96,0.0,有,
馬公市,房地(土地+建物),澎湖縣馬公市林森路４９號二樓,25.45,都市：其他:住宅區,,,1110823,土地1建物1車位0,二層,七層,華廈(10層含以下有電梯),住家用,鋼筋混凝土造,0840904,131.4,4,2,2,有,有,4760000,36225,,0.0,0,,RPPOMLNKIIHGFAX98DA,108.97,5.27,0.0,有,020
馬公市,房地(土地+建物),澎湖縣馬公市西衛３９號,91.73,,鄉村區,乙種建築用地,1110825,土地1建物1車位0,全,一層,透天厝,住家用,造,,57.46,2,1,1,有,無,2500000,43509,,0.0,0,非屬不動產價格之費用，由買方承擔繳納親友、員工、共有人或其他特殊關係間之交易；,RPWNMLOKIIHGFAX07DA,57.46,0.0,0.0,無,
馬公市,房地(土地+建物),澎湖縣馬公市光復路１４８巷１８號二樓之６,39.13,都市：其他:住宅區,,,1110827,土地1建物1車位0,二層,五層,華廈(10層含以下有電梯),住家用,鋼筋混凝土造,1110624,112.24,3,2,2,有,無,8680000,77334,,0.0,0,,RPXNMLMKIIHGFAX96DA,88.31,11.76,0.0,有,
馬公市,房地(土地+建物)+車位,澎湖縣馬公市光復路１４８巷１８號四樓之５,40.67,都市：其他:住宅區,,,1110829,土地1建物1車位1,四層,五層,華廈(10層含以下有電梯),住家用,鋼筋混凝土造,1110624,150.78,3,2,2,有,無,9880000,65526,一樓平面,0.0,0,,RPTOMLMKIIHGFAX66DA,91.59,11.76,0.0,有,
馬公市,房地(土地+建物),澎湖縣馬公市光復路１４８巷１８號三樓之３,39.04,都市：其他:住宅區,,,1110827,土地1建物1車位0,三層,五層,華廈(10層含以下有電梯),住家用,鋼筋混凝土造,1110624,100.9,3,2,2,有,無,8080000,80079,,0.0,0,,RPXOMLMKIIHGFAX07DA,86.57,4.11,0.0,有,
馬公市,房地(土地+建物)+車位,澎湖縣馬公市光復路１４８巷１８號五樓之３,39.04,都市：其他:住宅區,,,1110827,土地1建物1車位1,五層,五層,華廈(10層含以下有電梯),住家用,鋼筋混凝土造,1110624,133.5,3,2,2,有,無,8980000,67266,一樓平面,0.0,0,,RPOPMLMKIIHGFAX88DA,86.57,4.11,0.0,有,
馬公市,房地(土地+建物)+車位,澎湖縣馬公市光復路１４８巷１８號四樓之６,39.13,都市：其他:住宅區,,,1110826,土地1建物1車位1,四層,五層,華廈(10層含以下有電梯),住家用,鋼筋混凝土造,1110624,146.79,3,2,2,有,無,9680000,65945,一樓平面,0.0,0,,RPQPMLMKIIHGFAX09DA,88.31,11.76,0.0,有,
馬公市,房地(土地+建物),澎湖縣馬公市光復路１４８巷１８號二樓之２,40.67,都市：其他:住宅區,,,1110827,土地1建物1車位0,二層,五層,華廈(10層含以下有電梯),住家用,鋼筋混凝土造,1110624,107.57000000000001,3,2,2,有,無,8580000,79762,,0.0,0,,RPRPMLMKIIHGFAX56DA,91.59,4.75,0.0,有,
馬公市,房地(土地+建物)+車位,澎湖縣馬公市光復路１４８巷１８號四樓之１,39.13,都市：其他:住宅區,,,1110828,土地1建物1車位1,四層,五層,華廈(10層含以下有電梯),住家用,鋼筋混凝土造,1110624,136.91,3,2,2,有,無,9380000,68512,一樓平面,0.0,0,,RPSPMLMKIIHGFAX66DA,88.3,4.75,0.0,有,
馬公市,土地,興仁段68地號,285.57,,鄉村區,乙種建築用地,1110819,土地2建物0車位0,,,其他,,,,0.0,0,0,0,有,無,4319000,15124,,0.0,0,未登記建物；,RPTNMLOLIIHGFAX96EA,0.0,0.0,0.0,無,
湖西鄉,土地,林投南段156地號,1045.94,,一般農業區,農牧用地,1110810,土地1建物0車位0,,,其他,,,,0.0,0,0,0,有,無,592678,567,,0.0,0,土地增值稅由買方負擔,RPWNMLOKRHHGFAX87DA,0.0,0.0,0.0,無,
馬公市,土地,北澳段718地號,1461.53,都市：其他:住宅區,,,1110820,土地5建物0車位0,,,其他,,,,0.0,4,2,2,有,無,81000000,55421,,0.0,0,未登記建物；,RPOOMLLJJIHGFAX68DA,0.0,0.0,0.0,無,
馬公市,房地(土地+建物),澎湖縣馬公市五福路１３８巷１４１號,234.11,,一般農業區,甲種建築用地,1110819,土地3建物1車位0,全,二層,透天厝,住家用,鋼筋混凝土造,1110127,164.43,4,2,5,有,無,9000000,54735,,0.0,0,,RPRNMLTKQHHGFAX77DA,159.86,4.57,0.0,無,
馬公市,房地(土地+建物),澎湖縣馬公市新生路４０２號,81.27,都市：其他:住宅區,,,1110831,土地1建物1車位0,全,二層,透天厝,住家用,鋼筋混凝土加強磚造,0690704,89.1,4,1,3,有,無,8500000,95398,,0.0,0,,RPSNMLOKJIHGFAX76DA,89.1,0.0,0.0,無,
馬公市,房地(土地+建物),澎湖縣馬公市光華１１５之２９號,239.37,,一般農業區,甲種建築用地,1110815,土地2建物1車位0,全,三層,透天厝,住家用,鋼筋混凝土造,1110624,316.0,5,2,6,有,無,9800000,31013,,0.0,0,親友、員工、共有人或其他特殊關係間之交易；,RPWNMLRKJIHGFAX47DA,295.68,20.32,0.0,無,
馬公市,土地,井垵西段1531地號,267.03,,一般農業區,農牧用地,1110812,土地1建物0車位0,,,其他,,,,0.0,0,0,0,有,無,1780000,6666,,0.0,0,,RPVNMLTJJIHGFAX47DA,0.0,0.0,0.0,無,058
湖西鄉,土地,許家段926地號,692.14,,一般農業區,農牧用地,1110806,土地1建物0車位0,,,其他,,,,0.0,0,0,0,有,無,3140000,4537,,0.0,0,,RPQNMLLLJIHGFAX98DA,0.0,0.0,0.0,無,
馬公市,房地(土地+建物),澎湖縣馬公市中華路４９之６號,62.0,都市：其他:住宅區,,,1110724,土地1建物1車位0,全,三層,透天厝,住商用,混凝土造,0640205,118.8,3,2,3,有,無,12000000,101010,,0.0,0,,RPXNMLOKRHHGFAX97DA,118.8,0.0,0.0,無,
馬公市,房地(土地+建物),澎湖縣馬公市三多路４１１號六樓之三,7.41,都市：其他:商業區,,,1110720,土地1建物1車位0,六層,十層,華廈(10層含以下有電梯),住家用,鋼筋混凝土造,0850308,61.86,1,1,1,有,有,1850000,29906,,0.0,0,,RPOOMLOKRHHGFAX17DA,45.71,3.58,0.0,有,
馬公市,房地(土地+建物),澎湖縣馬公市鎖管港９１１號,65.76,都市：其他:商業區,,,1110729,土地1建物1車位0,全,二層,透天厝,住商用,鋼筋混凝土加強磚造,0691230,104.4,3,2,3,有,無,4350000,41667,,0.0,0,,RPXNMLLJQHHGFAX47DA,104.4,0.0,0.0,無,059
西嶼鄉,土地,合界段1070地號,558.5,,一般農業區,農牧用地,1110702,土地2建物0車位0,,,其他,,,,0.0,0,0,0,有,無,500000,895,,0.0,0,,RPVNMLPKQHHGFAX77DA,0.0,0.0,0.0,無,
湖西鄉,土地,紅羅段1139地號,907.97,,一般農業區,農牧用地,1110710,土地2建物0車位0,,,其他,,,,0.0,0,0,0,有,無,2000000,2203,,0.0,0,,RPQQMLNLRHHGFAX57DA,0.0,0.0,0.0,無,
湖西鄉,房地(土地+建物),澎湖縣湖西鄉尖山２８之７號,164.53,,一般農業區,甲種建築用地,1110716,土地1建物1車位0,全,二層,透天厝,住家用,加強磚造,0930109,151.12,4,2,2,有,無,700000,4632,,0.0,0,親友、員工、共有人或其他特殊關係間之交易；,RPVNMLQLRHHGFAX08DA,146.18,4.94,0.0,無,
馬公市,土地,五福段71地號,954.6,,一般農業區,農牧用地,1110705,土地1建物0車位0,,,其他,,,,0.0,0,0,0,有,無,14438000,15125,,0.0,0,,RPVPMLNLRHHGFAX97DA,0.0,0.0,0.0,無,060
馬公市,房地(土地+建物),澎湖縣馬公市後窟潭６２號,82.53,,鄉村區,乙種建築用地,1110729,土地1建物1車位0,全,一層,透天厝,住家用,造,,47.92,4,1,1,有,無,1566600,32692,,0.0,0,地清或未辦繼承標售；,RPTNMLLMQHHGFAX47EA,36.45,11.47,0.0,無,
湖西鄉,土地,許家段704地號,67.9,,一般農業區,交通用地,1110712,土地1建物0車位0,,,其他,,,,0.0,0,0,0,有,無,655000,9647,,0.0,0,依土地法第三十四條之一處分包含公共設施保留地用地；,RPVOMLKMQHHGFAX57DA,0.0,0.0,0.0,無,
湖西鄉,土地,許家段706地號,97.69,,一般農業區,農牧用地,1110712,土地2建物0車位0,,,其他,,,,0.0,0,0,0,有,無,945000,9673,,0.0,0,依土地法第三十四條之一處分包含公共設施保留地用地；,RPWOMLKMQHHGFAX67DA,0.0,0.0,0.0,無,
白沙鄉,土地,赤崁中段433地號,31.01,,鄉村區,乙種建築用地,1110725,土地1建物0車位0,,,其他,,,,0.0,0,0,0,有,無,162200,5231,,0.0,0,含土地增值稅或其他稅費31390元；親友、員工、共有人或其他特殊關係間之交易；畸零地或有合併使用效益；,RPXNMLPKQHHGFAX97DA,0.0,0.0,0.0,無,
馬公市,土地,文石段175地號,743.01,,一般農業區,農牧用地,1110704,土地1建物0車位0,,,其他,,,,0.0,0,0,0,有,無,11692720,15737,,0.0,0,,RPQOMLSKIIHGFAX96DA,0.0,0.0,0.0,無,061
馬公市,土地,五福段557地號,355.57,,一般農業區,農牧用地,1110722,土地1建物0車位0,,,其他,,,,0.0,0,0,0,有,無,4500000,12656,,0.0,0,,RPVNMLNJJIHGFAX86DA,0.0,0.0,0.0,無,
馬公市,土地,五福段71地號,106.07,,一般農業區,農牧用地,1110707,土地1建物0車位0,,,其他,,,,0.0,0,0,0,有,無,1600000,15084,,0.0,0,,RPVNMLKKJIHGFAX66DA,0.0,0.0,0.0,無,060
馬公市,房地(土地+建物),澎湖縣馬公市前寮５之７０號,284.1,,一般農業區,甲種建築用地,1110723,土地2建物1車位0,全,三層,透天厝,住家用,鋼筋混凝土造,1110907,242.55,5,2,5,有,無,11380000,46918,,0.0,0,,RPTOMLQKJIHGFAX17DA,229.35,13.2,0.0,無,
湖西鄉,土地,潭邊新段203地號,2518.15,,一般農業區,農牧用地,1110703,土地1建物0車位0,,,其他,,,,0.0,0,0,0,有,無,15230000,6048,,0.0,0,,RPQOMLRKJIHGFAX96DA,0.0,0.0,0.0,無,
七美鄉,土地,七美三段1932地號,443.91,,一般農業區,農牧用地,1110709,土地1建物0車位0,,,其他,,,,0.0,0,0,0,有,無,1150000,2591,,0.0,0,依土地法第34條之1處分,RPPNMLLLJIHGFAX88DA,0.0,0.0,0.0,無,
馬公市,房地(土地+建物),澎湖縣馬公市西衛２０４號,119.51,,鄉村區,乙種建築用地,1110630,土地1建物1車位0,全,一層,透天厝,住家用,造,0080000,44.8,5,1,1,有,無,1806000,40313,,0.0,0,親友、員工、共有人或其他特殊關係間之交易；,RPXNMLPLQHHGFAX08DA,44.8,0.0,0.0,無,063
馬公市,土地,鐵線段411地號,2595.54,,一般農業區,農牧用地,1110630,土地1建物0車位0,,,其他,,,,0.0,0,0,0,有,無,19620000,7559,,0.0,0,,RPQOMLMJRHHGFAX07DA,0.0,0.0,0.0,無,
七美鄉,土地,七美三段730地號,39.16,,一般農業區,農牧用地,1110617,土地1建物0車位0,,,其他,,,,0.0,0,0,0,有,無,43071,1100,,0.0,0,親友、員工、共有人或其他特殊關係間之交易；,RPRNMLMLRHHGFAX37EA,0.0,0.0,0.0,無,021
湖西鄉,土地,許家段586地號,293.09,,一般農業區,農牧用地,1110623,土地1建物0車位0,,,其他,,,,0.0,0,0,0,有,無,1418000,4838,,0.0,0,,RPPOMLPJIIHGFAX09DA,0.0,0.0,0.0,無,
馬公市,土地,山水南段812地號,62.89,,鄉村區,乙種建築用地,1110512,土地1建物0車位0,,,其他,,,,0.0,0,0,0,有,無,711999,11321,,0.0,0,地清或未辦繼承標售；,RPVOMLMKRHHGFAX77EA,0.0,0.0,0.0,無,
馬公市,土地,文石段885地號,301.29,,一般農業區,農牧用地,1110507,土地1建物0車位0,,,其他,,,,0.0,0,0,0,有,無,2500000,8298,,0.0,0,,RPWNMLNKRHHGFAX77DA,0.0,0.0,0.0,無,
馬公市,土地,四維段894地號,442.29,,鄉村區,乙種建築用地,1110512,土地1建物0車位0,,,其他,,,,0.0,0,0,0,有,無,13800000,31201,,0.0,0,地清或未辦繼承標售；,RPTNMLOKRHHGFAX67EA,0.0,0.0,0.0,無,
湖西鄉,土地,湖東新段1027地號,833.27,,一般農業區,農牧用地,1110512,土地1建物0車位0,,,其他,,,,0.0,0,0,0,有,無,1028000,1234,,0.0,0,地清或未辦繼承標售；,RPRNMLPKRHHGFAX57EA,0.0,0.0,0.0,無,
馬公市,房地(土地+建物),澎湖縣馬公市文山路３６巷１９號,34.81,都市：其他:住宅區,,,1110509,土地1建物1車位0,全,四層,透天厝,住家用,鋼筋混凝土造,1081030,269.15,4,3,5,有,無,13900000,51644,,0.0,0,,RPVNMLTKRHHGFAX28DA,246.16,22.99,0.0,有,
馬公市,土地,山水南段222地號,1028.19,,一般農業區,農牧用地,1110520,土地1建物0車位0,,,其他,,,,0.0,0,0,0,有,無,19220000,18693,,0.0,0,農變建專案核准興建住宅,RPPNMLKMRHHGFAX96DA,0.0,0.0,0.0,無,065
馬公市,房地(土地+建物),澎湖縣馬公市保安街９號,207.0,都市：其他:住宅區,,,1110529,土地1建物2車位0,全,一層,透天厝,住家用,鋼筋加強造,0540512,170.13,2,2,2,有,無,18600000,109328,,0.0,0,依土地法34-1辦理買賣。,RPWNMLMLRHHGFAX77DA,170.13,0.0,0.0,無,
湖西鄉,土地,龍門南段752地號,512.16,,一般農業區,農牧用地,1110531,土地1建物0車位0,,,其他,,,,0.0,0,0,0,有,無,680000,1328,,0.0,0,,RPROMLPLQHHGFAX57DA,0.0,0.0,0.0,無,066
湖西鄉,土地,許家段227-1地號,263.65,,風景區,農牧用地,1110523,土地2建物0車位0,,,其他,,,,0.0,0,0,0,有,無,5100000,19344,,0.0,0,,RPQOMLRLIIHGFAX96DA,0.0,0.0,0.0,無,067
湖西鄉,土地,許家段227-2地號,263.66,,風景區,農牧用地,1110525,土地2建物0車位0,,,其他,,,,0.0,0,0,0,有,無,5500000,20860,,0.0,0,,RPROMLRLIIHGFAX07DA,0.0,0.0,0.0,無,
馬公市,土地,文東段469地號,71.36,,一般農業區,農牧用地,1110421,土地1建物0車位0,,,其他,,,,0.0,0,0,0,有,無,326000,4568,,0.0,0,,RPPOMLTKRHHGFAX77DA,0.0,0.0,0.0,無,
馬公市,土地,文東段471地號,361.82,,一般農業區,農牧用地,1110421,土地1建物0車位0,,,其他,,,,0.0,0,0,0,有,無,1352000,3737,,0.0,0,,RPROMLTKRHHGFAX97DA,0.0,0.0,0.0,無,068
馬公市,土地,五德東段1348地號,1435.53,,一般農業區,農牧用地,1110407,土地1建物0車位0,,,其他,,,,0.0,0,0,0,有,無,16765000,11679,,0.0,0,農變建專案核准興建住宅,RPPOMLTLRHHGFAX87DA,0.0,0.0,0.0,無,069
湖西鄉,土地,湖西北段508地號,39.01,,鄉村區,乙種建築用地,1110331,土地1建物0車位0,,,其他,,,,0.0,0,0,0,有,無,245800,6301,,0.0,0,地清或未辦繼承標售；,RPSNMLPKRHHGFAX67EA,0.0,0.0,0.0,無,
馬公市,土地,五福段449地號,0.1,,鄉村區,乙種建築用地,1110331,土地1建物0車位0,,,其他,,,,0.0,0,0,0,有,無,1655,0,,0.0,0,地清或未辦繼承標售；,RPRNMLTKIIHGFAX17EA,0.0,0.0,0.0,無,070
馬公市,土地,五福段449地號,0.1,,鄉村區,乙種建築用地,1110331,土地1建物0車位0,,,其他,,,,0.0,0,0,0,有,無,1580,0,,0.0,0,地清或未辦繼承標售；,SPRNMLTKIIHGFAX27EA,0.0,0.0,0.0,無,070
馬公市,土地,五福段449地號,0.12,,鄉村區,乙種建築用地,1110331,土地1建物0車位0,,,其他,,,,0.0,0,0,0,有,無,2000,0,,0.0,0,地清或未辦繼承標售；,TPRNMLTKIIHGFAX37EA,0.0,0.0,0.0,無,070
馬公市,土地,五福段484地號,0.06,,鄉村區,乙種建築用地,1110331,土地1建物0車位0,,,其他,,,,0.0,0,0,0,有,無,1032,0,,0.0,0,地清或未辦繼承標售；,UPRNMLTKIIHGFAX47EA,0.0,0.0,0.0,無,073
馬公市,土地,五福段484地號,0.06,,鄉村區,乙種建築用地,1110331,土地1建物0車位0,,,其他,,,,0.0,0,0,0,有,無,957,0,,0.0,0,地清或未辦繼承標售；,VPRNMLTKIIHGFAX57EA,0.0,0.0,0.0,無,073
馬公市,土地,五福段484地號,0.06,,鄉村區,乙種建築用地,1110331,土地1建物0車位0,,,其他,,,,0.0,0,0,0,有,無,1071,0,,0.0,0,地清或未辦繼承標售；,WPRNMLTKIIHGFAX67EA,0.0,0.0,0.0,無,073
馬公市,房地(土地+建物),澎湖縣馬公市五福路７８巷２５弄８號,231.91,,一般農業區,甲種建築用地,1110224,土地2建物1車位0,全,三層,透天厝,住家用,鋼筋混凝土造,1110420,215.16,5,1,6,有,無,11550000,53681,,0.0,0,,RPXNMLKLIIHGFAX86DA,195.51,19.65,0.0,無,
馬公市,房地(土地+建物),澎湖縣馬公市文山路３６巷１３號,113.02,都市：其他:住宅區,,,1110201,土地1建物1車位0,全,四層,透天厝,住家用,鋼筋混凝土造,1081030,289.05,4,3,5,有,無,21000000,72652,,0.0,0,,RPXNMLKKJIHGFAX86DA,266.28,22.77,0.0,有,
馬公市,土地,文東段1202-14地號,216.22,,一般農業區,甲種建築用地,1101228,土地2建物0車位0,,,其他,,,,0.0,0,0,0,有,無,2390000,11054,,0.0,0,農變建專案核准變更起造人親友、員工、共有人或其他特殊關係間之交易；,RPSOMLLLQHHGFAX27DA,0.0,0.0,0.0,無,076
馬公市,房地(土地+建物),澎湖縣馬公市忠孝路６５巷２４號,49.0,都市：其他:住宅區,,,1101219,土地2建物1車位0,一層，二層，三層,二層,公寓(5樓含以下無電梯),住家用,鋼筋混凝土加強磚造,0630209,81.72,4,1,1,有,無,3800000,46500,,0.0,0,,RPPNMLRLIIHGFAX76DA,81.72,0.0,0.0,無,
馬公市,土地,興崁段1196地號,899.71,,一般農業區,農牧用地,1101025,土地1建物0車位0,,,其他,,,,0.0,0,0,0,有,無,21000000,23341,,0.0,0,農變建專案核准興建住宅,RPOOMLOKIIHGFAX98DA,0.0,0.0,0.0,無,077
馬公市,房地(土地+建物),澎湖縣馬公市林森路１０４巷３１號,68.58,都市：其他:住宅區,,,1101024,土地1建物1車位0,全,二層,透天厝,住家用,鋼筋混凝土加強磚造,0711110,91.84,3,1,2,有,無,6180000,67291,,0.0,0,,RPPOMLTKIIHGFAX96DA,91.84,0.0,0.0,無,
馬公市,房地(土地+建物),澎湖縣馬公市光華１１５之２７號,233.04,,一般農業區,甲種建築用地,1100709,土地2建物1車位0,全,三層,透天厝,住家用,鋼筋混凝土造,1110624,294.65,7,1,8,有,無,10600000,35975,,0.0,0,,RPWNMLMJJIHGFAX86DA,274.15,20.5,0.0,無,
馬公市,房地(土地+建物),澎湖縣馬公市光復路１４８巷１８號三樓之５,40.67,都市：其他:住宅區,,,1100621,土地1建物1車位0,三層,五層,華廈(10層含以下有電梯),住家用,鋼筋混凝土造,1110624,117.53999999999999,3,2,2,有,無,9000000,76570,,0.0,0,,RPWNMLMKIIHGFAX86DA,91.59,11.76,0.0,有,
馬公市,房地(土地+建物)+車位,澎湖縣馬公市大案山９６之６２號四樓之１,46.09,都市：其他:住宅區,,,1100514,土地1建物1車位1,四層,五層,華廈(10層含以下有電梯),住家用,鋼筋混凝土造,1110726,158.62,3,2,2,有,有,7400000,46652,一樓平面,0.0,0,,RPROMLNLRHHGFAX47DA,94.16,12.96,0.0,有,
馬公市,房地(土地+建物)+車位,澎湖縣馬公市大案山９６之６２號二樓之３,46.09,都市：其他:住宅區,,,1100325,土地1建物1車位1,二層,五層,華廈(10層含以下有電梯),住家用,鋼筋混凝土造,1110726,155.14,3,2,2,有,有,6620000,42671,一樓平面,0.0,0,,RPQPMLNLRHHGFAX47DA,96.12,7.52,0.0,有,
馬公市,房地(土地+建物)+車位,澎湖縣馬公市光復路１４８巷１８號三樓之１,39.13,都市：其他:住宅區,,,1100310,土地1建物1車位1,三層,五層,華廈(10層含以下有電梯),住家用,鋼筋混凝土造,1110624,136.91,3,2,2,有,無,9380000,68512,一樓平面,0.0,0,,RPQOMLSLIIHGFAX07DA,88.3,4.75,0.0,有,
馬公市,房地(土地+建物),澎湖縣馬公市光復路１４８巷１８號二樓之５,40.67,都市：其他:住宅區,,,1100121,土地1建物1車位0,二層,五層,華廈(10層含以下有電梯),住家用,鋼筋混凝土造,1110624,117.53999999999999,3,2,2,有,無,8880000,75549,,0.0,0,,RPUOMLSLIIHGFAX47DA,91.59,11.76,0.0,有,
馬公市,房地(土地+建物)+車位,澎湖縣馬公市大案山９６之６２號四樓之３,46.09,都市：其他:住宅區,,,1100128,土地1建物1車位1,四層,五層,華廈(10層含以下有電梯),住家用,鋼筋混凝土造,1110726,155.14,3,2,2,有,有,6800000,43831,一樓平面,0.0,0,,RPTPMLNLRHHGFAX77DA,96.12,7.52,0.0,有,
馬公市,房地(土地+建物)+車位,澎湖縣馬公市大案山９６之６２號五樓之３,46.09,都市：其他:住宅區,,,1091215,土地1建物1車位1,五層,五層,華廈(10層含以下有電梯),住家用,鋼筋混凝土造,1110726,155.14,3,2,2,有,有,6800000,43831,一樓平面,0.0,0,,RPSPMLQJIIHGFAX96DA,96.12,7.52,0.0,有,
馬公市,房地(土地+建物)+車位,澎湖縣馬公市大案山９６之６２號三樓之３,46.09,都市：其他:住宅區,,,1091230,土地1建物1車位1,三層,五層,華廈(10層含以下有電梯),住家用,鋼筋混凝土造,1110726,155.14,3,2,2,有,有,6800000,43831,一樓平面,0.0,0,,RPQOMLTKIIHGFAX07DA,96.12,7.52,0.0,有,
馬公市,房地(土地+建物)+車位,澎湖縣馬公市光復路１４８巷１８號二樓之３,39.04,都市：其他:住宅區,,,1091203,土地1建物1車位1,二層,五層,華廈(10層含以下有電梯),住家用,鋼筋混凝土造,1110624,133.70000000000002,3,2,2,有,無,8680000,64921,一樓平面,0.0,0,,RPVNMLNKIIHGFAX86DA,86.57,4.11,0.0,有,
馬公市,房地(土地+建物)+車位,澎湖縣馬公市光復路１４８巷１８號五樓之１,39.13,都市：其他:住宅區,,,1091212,土地1建物1車位1,五層,五層,華廈(10層含以下有電梯),住家用,鋼筋混凝土造,1110624,144.2,3,2,2,有,無,9480000,65742,一樓平面,0.0,0,,RPWNMLKKJIHGFAX76DA,88.3,4.75,0.0,有,
馬公市,房地(土地+建物)+車位,澎湖縣馬公市光復路１４８巷１８號五樓之２,40.67,都市：其他:住宅區,,,1091002,土地1建物1車位1,五層,五層,華廈(10層含以下有電梯),住家用,鋼筋混凝土造,1110624,140.17000000000002,3,2,2,有,無,9680000,69059,一樓平面,0.0,0,,RPQOMLMKIIHGFAX98DA,91.59,4.75,0.0,有,
馬公市,房地(土地+建物),澎湖縣馬公市光復路１４８巷１８號四樓之７,27.29,都市：其他:住宅區,,,1091002,土地1建物1車位0,四層,五層,華廈(10層含以下有電梯),住家用,鋼筋混凝土造,1110624,92.01,2,2,2,有,無,6080000,66080,,0.0,0,,RPPPMLMKIIHGFAX98DA,61.82,4.43,0.0,有,
馬公市,房地(土地+建物)+車位,澎湖縣馬公市光復路１４８巷１８號五樓之６,39.13,都市：其他:住宅區,,,1090927,土地1建物1車位2,五層,五層,華廈(10層含以下有電梯),住家用,鋼筋混凝土造,1110624,171.0,3,2,2,有,無,10580000,61871,一樓平面,0.0,0,,RPWOMLSLIIHGFAX67DA,88.31,11.76,0.0,有,
馬公市,房地(土地+建物),澎湖縣馬公市光復路１４８巷１８號四樓之２,40.67,都市：其他:住宅區,,,1090710,土地1建物1車位0,四層,五層,華廈(10層含以下有電梯),住家用,鋼筋混凝土造,1110624,132.46,3,2,2,有,無,8780000,66284,,0.0,0,,RPROMLSLIIHGFAX17DA,91.59,4.75,0.0,有,
馬公市,房地(土地+建物),澎湖縣馬公市光復路１４８巷１８號五樓之７,27.29,都市：其他:住宅區,,,1090705,土地1建物1車位0,五層,五層,華廈(10層含以下有電梯),住家用,鋼筋混凝土造,1110624,74.69,2,2,2,有,無,6180000,82742,,0.0,0,,RPVOMLSLIIHGFAX57DA,61.82,4.43,0.0,有,
馬公市,房地(土地+建物)+車位,澎湖縣馬公市光復路１４８巷１８號五樓之５,40.67,都市：其他:住宅區,,,1090705,土地1建物1車位1,五層,五層,華廈(10層含以下有電梯),住家用,鋼筋混凝土造,1110624,150.78,3,2,2,有,無,9980000,66189,一樓平面,0.0,0,,RPSOMLSLIIHGFAX27DA,91.59,11.76,0.0,有,
馬公市,房地(土地+建物)+車位,澎湖縣馬公市光復路１４８巷１８號二樓之７,27.29,都市：其他:住宅區,,,1090705,土地1建物1車位1,二層,二層,華廈(10層含以下有電梯),住家用,鋼筋混凝土造,1110624,92.53999999999999,2,2,2,有,無,6600000,71321,一樓平面,0.0,0,,RPTOMLSLIIHGFAX37DA,61.82,4.43,0.0,有,
馬公市,房地(土地+建物)+車位,澎湖縣馬公市光復路１４８巷１８號三樓之７,27.29,都市：其他:住宅區,,,1090705,土地1建物1車位1,三層,五層,華廈(10層含以下有電梯),住家用,鋼筋混凝土造,1110624,93.19,2,2,2,有,無,6880000,73828,一樓平面,0.0,0,,RPPOMLSLIIHGFAX96DA,61.82,4.43,0.0,有,
馬公市,房地(土地+建物)+車位,澎湖縣馬公市大案山９６之６２號二樓之２,46.09,都市：其他:住宅區,,,1090131,土地1建物1車位1,二層,五層,華廈(10層含以下有電梯),住家用,鋼筋混凝土造,1110726,157.45999999999998,3,2,2,有,有,7000000,44456,一樓平面,0.0,0,,RPUOMLNLRHHGFAX77DA,94.35,11.61,0.0,有,
馬公市,房地(土地+建物)+車位,澎湖縣馬公市大案山９６之６２號三樓之２,46.09,都市：其他:住宅區,,,1090131,土地1建物1車位1,三層,五層,華廈(10層含以下有電梯),住家用,鋼筋混凝土造,1110726,157.45999999999998,3,2,2,有,有,7000000,44456,一樓平面,0.0,0,,RPWOMLNLRHHGFAX97DA,94.35,11.61,0.0,有,
馬公市,房地(土地+建物)+車位,澎湖縣馬公市大案山９６之６２號五樓之１,46.09,都市：其他:住宅區,,,1080705,土地1建物1車位1,五層,五層,華廈(10層含以下有電梯),住家用,鋼筋混凝土造,1110726,158.62,3,2,2,有,有,6900000,43500,一樓平面,0.0,0,,RPQPMLQJIIHGFAX76DA,94.16,12.96,0.0,有,
馬公市,房地(土地+建物)+車位,澎湖縣馬公市大案山９６之６２號四樓之２,46.09,都市：其他:住宅區,,,1080705,土地1建物1車位1,四層,五層,華廈(10層含以下有電梯),住家用,鋼筋混凝土造,1110726,157.45999999999998,2,2,2,有,有,6950000,44138,一樓平面,0.0,0,,RPTPMLQJIIHGFAX07DA,94.35,11.61,0.0,有,
馬公市,房地(土地+建物)+車位,澎湖縣馬公市大案山９６之６２號五樓之２,46.09,都市：其他:住宅區,,,1080628,土地1建物1車位1,五層,五層,華廈(10層含以下有電梯),住家用,鋼筋混凝土造,1110726,157.45999999999998,3,2,2,有,有,6800000,43186,一樓平面,0.0,0,,RPPPMLNLRHHGFAX37DA,94.35,11.61,0.0,有,
馬公市,房地(土地+建物)+車位,澎湖縣馬公市三多路５８號,120.5,住,,,1071227,土地1建物1車位1,全,四層,透天厝,住家用,鋼筋混凝土造,1110809,368.58,6,1,7,有,無,31600000,85734,一樓平面,0.0,0,,RPOOMLRJJIHGFAX66DA,346.26,22.32,0.0,有,
