﻿編號,土地位置,土地移轉面積(平方公尺),使用分區或編定,權利人持分分母,權利人持分分子,移轉情形,地號
The serial number, land position,land shifting area square meter,the use zoning or compiles and checks,,,,land parcel
RPWWMLLKNHGGFBB58CC,中興段,13.64,都市：住,,,,02960000
RPVNMLLKNHGGFBB57CC,賴厝廍段,3.96,都市：住,,,,00710000
RPQOMLLKNHGGFCB27CC,惠義段,92.65,都市：住,,,,00790000
RPPNNLLKNHGGFBB07CC,文正段,7.00,都市：商,,,,00270392
RPPNNLLKNHGGFBB07CC,文正段,7.30,都市：商,,,,00270391
RPPNNLLKNHGGFBB07CC,文正段,34.50,都市：商,,,,00270396
RPSUMLLKNHGGFBB97CC,文正段,10.25,都市：商,,,,00270317
RPSUMLLKNHGGFBB97CC,文正段,1.00,都市：商,,,,00250084
RPSUMLLKNHGGFBB97CC,文正段,.33,都市：商,,,,00270390
RPSNNLLKNHGGFBB37CC,水源段,4.77,都市：住,,,,03320031
RPROMLLKNHGGFCB37CC,黎明段,.00,,,,,10090000
RPUOMLLKNHGGFCB67CC,惠義段,.00,都市：住,,,,00790000
RPOTMLLKNHGGFCB57CC,順和段,2343.34,都市：工,,,,03750000
RPRUMLLKNHGGFCB97CC,三塊厝段,2.31,都市：其他:市場用地,,,,09940000
RPSPMLLKNHGGFFB87CC,梧棲段,60.00,都市：商,,,,13380018
RPXPMLLKNHGGFFB38CC,六福段,20.86,都市：住,,,,04990000
RPRQMLLKNHGGFAB37CC,公館段,35.97,都市：住,,,,01850001
RPVPMLLKNHGGFAB67CC,樹子腳段,20.14,都市：住,,,,10170000
RPOPMLLKNHGGFIB77CC,東湖段,85.16,都市：住,,,,00140000
RPRNMLLKNHGGFJB97CC,新興段,416.09,都市：住,,,,00150000
RPQNMLMKNHGGFKB08CC,榮華段,292.06,都市：其他:住宅區,,,,03620000
RPUTMLLKNHGGFCB28DC,永富段,854.00,都市：住,,,,00490000
RPUTMLLKNHGGFCB28DC,永富段,1085.22,都市：住,,,,00500000
RPUTMLLKNHGGFCB28DC,永富段,604.37,都市：住,,,,00510000
RPUTMLLKNHGGFCB28DC,永富段,470.27,都市：住,,,,00520000
RPPPMLMKNHGGFIB08DC,向學段,779.37,都市：工,,,,02850003
RPPPMLMKNHGGFIB08DC,向學段,35.09,都市：工,,,,02860000
RPQOMLMKNHGGFIB97CC,新榮和段,2.90,都市：住,,,,00290000
RPVOMLMKNHGGFFB18CC,梧棲段,549.00,都市：住,,,,31560003
RPRPMLMKNHGGFIB18CC,興祥段,.00,都市：住,,,,00610000
RPQPMLMKNHGGFFB77CC,市鎮北段,9.89,都市：商,,,,02950000
RPWOMLMKNHGGFFB28CC,銀聯段,5.00,都市：住,,,,11470001
RPXOMLMKNHGGFAB87CC,後壠子段,2.79,都市：住,,,,01280009
RPWOMLMKNHGGFFB28CC,銀聯段,46.00,都市：住,,,,11470021
RPWOMLMKNHGGFFB28CC,銀聯段,31.00,都市：住,,,,11470022
RPWNMLMKNHGGFAB67CC,下橋子頭段,37.00,都市：住,,,,02610016
RPSOMLMKNHGGFCB57CC,楓樹段,1098.00,都市：其他:公共設施保留地,,,,03310003
RPPQMLMKNHGGFCB47CC,何安段,.00,,,,,03710000
RPUQMLMKNHGGFCB97CC,信安段,9.34,都市：住,,,,05930002
RPVRMLMKNHGGFBB08CC,錦村段,1.61,都市：商,,,,03310017
RPVRMLMKNHGGFBB08CC,錦村段,.92,都市：商,,,,03310018
RPVRMLMKNHGGFBB08CC,錦村段,.05,都市：商,,,,03310027
RPUWNLNKNHGGFBB68CC,昌平段,192.08,都市：商,,,,01880000
RPVTMLMKNHGGFBB28CC,水源段,39.04,都市：住,,,,02300633
RPUPNLMKNHGGFBB87CC,東山段,184.00,都市：住,,,,00510000
RPSQNLMKNHGGFBB77CC,錦村段,9.43,都市：商,,,,01850000
RPPOMLNKNHGGFCB37CC,上石碑段,.00,都市：商,,,,17890000
RPQOMLNKNHGGFCB47CC,國安段,29.75,都市：住,,,,05990000
RPROMLNKNHGGFCB57CC,中義段,4.40,都市：住,,,,02500000
RPSOMLNKNHGGFCB67CC,龍富段,.00,都市：住,,,,01290001
RPSOMLNKNHGGFCB67CC,龍富段,.00,都市：住,,,,01290002
RPSOMLNKNHGGFCB67CC,龍富段,.00,都市：住,,,,01290003
RPRNMLNKNHGGFAB27CC,仁愛段二小段,3.00,都市：商,,,,00040000
RPOPMLNKNHGGFAB17CC,公館段,.93,都市：商,,,,00630000
RPRNMLNKNHGGFAB27CC,仁愛段二小段,1.00,都市：商,,,,00050003
RPRNMLNKNHGGFAB27CC,仁愛段二小段,3.00,都市：商,,,,00050004
RPTOMLNKNHGGFCB77CC,信安段,.00,都市：住,,,,05720000
RPPOMLNKNHGGFFB67CC,三鹿段,17.97,都市：商,,,,09310000
RPQRMLNKNHGGFFB08CC,市鎮北段,15.00,都市：商,,,,00420000
RPOTMLNKNHGGFFB08CC,市鎮北段,13.44,都市：商,,,,02380000
RPPOMLNKNHGGFKB18CC,東海段,58.72,都市：其他:第二種住宅區,,,,00750000
RPPNMLOKNHGGFFB67CC,市鎮北段,16.01,都市：商,,,,00390000
RPTRMLNKNHGGFCB18DC,信安段,142.51,都市：住,,,,11430000
RPTRMLNKNHGGFCB18DC,信安段,142.83,都市：住,,,,11440000
RPSRMLOKNHGGFAB87CC,麻園頭段,.00,都市：住,,,,03230000
RPSNMLOKNHGGFCB67CC,中正段,5.27,都市：商,,,,01550000
RPSNMLOKNHGGFDB77CC,豐原段,10.95,都市：商,,,,02580003
RPVNMLOKNHGGFCB97CC,西屯段,112.00,都市：住,,,,20150029
RPVNMLOKNHGGFCB97CC,西屯段,111.00,都市：住,,,,20150030
RPXOMLOKNHGGFCB28CC,上石碑段,5.33,都市：其他:市場用地,,,,26810000
RPXNMLOKNHGGFCB18CC,國安段,.00,都市：住,,,,06010000
RPVSMLOKNHGGFCB48CC,大墩段,20.25,都市：住,,,,04050000
RPTSMLOKNHGGFCB28CC,大新段,6.66,都市：住,,,,05250000
RPTSMLOKNHGGFCB28CC,大新段,6.35,都市：住,,,,05260000
RPUUMLOKNHGGFCB58CC,惠禮段,35.98,都市：住,,,,01450000
RPQNMLOKNHGGFBB37CC,東義段,.00,都市：住,,,,02800000
RPWNMLOKNHGGFBB97CC,中清段,8.05,都市：住,,,,00060000
RPVOMLLKNHGGFCB77CC,惠義段,.00,都市：住,,,,00790000
RPSNMLOKNHGGFBB57CC,東山段,.00,都市：住,,,,03250000
RPPRMLLKNHGGFIB08CC,立仁段,27.34,非都市：鄉村區 ; 非都市編定：乙種建築用地,,,,00400000
RPXPMLOKNHGGFBB28CC,中興段,7.56,都市：住,,,,05190000
RPTNMLRKNHGGFCB08CC,大新段,.00,都市：住,,,,08530000
RPVOMLOKNHGGFBB97CC,北屯段,24.90,都市：住,,,,01690057
RPPOMLOKNHGGFBB37CC,碧柳段,19.63,都市：住,,,,01700000
RPSPMLOKNHGGFBB77CC,松觀段,7.59,都市：住,,,,06270001
RPOOMLRKNHGGFBB57CC,平田段,8.46,都市：住,,,,01000000
RPOOMLRKNHGGFBB57CC,平田段,1.56,都市：住,,,,01000001
RPWQMLRKNHGGFBB58CC,東信段,15.04,都市：住,,,,00970005
RPOSMLRKNHGGFBB97CC,錦村段,.00,都市：住,,,,01010009
RPSOMLRKNHGGFCB08CC,福安段,108.00,都市：住,,,,03830005
RPORMLRKNHGGFAB77CC,重慶段二小段,.00,都市：住,,,,00060002
RPQNMLSKNHGGFFB18CC,市鎮北段,16.90,都市：商,,,,02010000
RPXPMLRKNHGGFAB48CC,下橋子頭段,16.54,都市：住,,,,02800000
RPXNMLSKNHGGFFB88CC,市鎮北段,.00,都市：商,,,,02950000
RPOOMLSKNHGGFFB08CC,市鎮北段,.00,都市：商,,,,02950000
RPQTMLSKNHGGFCB48CC,國安段,3.84,都市：住,,,,02920002
RPRNMLSKNHGGFHB48CC,甘潭段,7.15,都市：住,,,,04120000
RPSOMLSKNHGGFBB08CC,錦村段,.00,都市：住,,,,03650000
RPPQMLSKNHGGFCB08CC,寶山段,7.79,都市：住,,,,08840000
RPURMLSKNHGGFBB58CC,建業段,11.71,都市：住,,,,01960000
RPWRMLSKNHGGFBB78CC,同榮段,9.80,都市：住,,,,15090000
RPQOMLSKNHGGFBB87CC,平田段,.00,都市：住,,,,09790022
RPUQMLTKNHGGFBB58CC,陳平段,11.03,都市：住,,,,00170000
RPQQMLSKNHGGFBB08CC,東正段,15.88,都市：住,,,,00920000
RPRQMLTKNHGGFBB28CC,賴厝廍段,3.18,都市：住,,,,04420000
RPUTMLTKNHGGFBB88CC,文正段,.76,都市：商,,,,01010001
RPWNMLTKNHGGFCB58CC,寶文段,.00,都市：住,,,,00750017
RPUNMLTKNHGGFAB18CC,頂橋子頭段,.00,都市：商,,,,01020033
RPUNMLTKNHGGFAB18CC,頂橋子頭段,.00,都市：住,,,,01020043
RPSOMLKLNHGGFAB27CC,公館段,1.51,都市：住,,,,00620001
RPSOMLKLNHGGFAB27CC,公館段,1.31,都市：住,,,,00630001
RPOVMLTKNHGGFFB88CC,市鎮北段,10.01,都市：商,,,,02950000
RPQPMLTKNHGGFJB88CC,永隆段,127.25,非都市：鄉村區 ; 非都市編定：乙種建築用地,,,,00330000
RPQPMLTKNHGGFJB88CC,永隆段,129.00,非都市：鄉村區 ; 非都市編定：乙種建築用地,,,,00340000
RPQPMLTKNHGGFJB88CC,永隆段,69.00,非都市：鄉村區 ; 非都市編定：乙種建築用地,,,,00350000
RPQPMLTKNHGGFJB88CC,永隆段,99.28,非都市：鄉村區 ; 非都市編定：乙種建築用地,,,,00360000
RPQPMLTKNHGGFJB88CC,永隆段,256.29,非都市：鄉村區 ; 非都市編定：乙種建築用地,,,,00370000
RPQPMLTKNHGGFJB88CC,永隆段,135.00,非都市：鄉村區 ; 非都市編定：乙種建築用地,,,,00380000
RPQPMLTKNHGGFJB88CC,永隆段,170.00,非都市：鄉村區 ; 非都市編定：乙種建築用地,,,,00390000
RPQPMLTKNHGGFJB88CC,永隆段,178.49,非都市：鄉村區 ; 非都市編定：乙種建築用地,,,,00420000
RPQPMLTKNHGGFJB88CC,永隆段,178.00,非都市：鄉村區 ; 非都市編定：乙種建築用地,,,,00430000
RPXOMLKLNHGGFAB77CC,中華段七小段,.00,都市：商,,,,00010008
RPVOMLKLNHGGFAB57CC,萬安段九小段,.00,都市：住,,,,00070002
RPVOMLKLNHGGFAB57CC,正義段九小段,.00,都市：住,,,,00110036
RPVOMLKLNHGGFAB57CC,頂橋子頭段,.00,都市：住,,,,03750002
RPVNMLKLNHGGFIB28CC,新榮泉段,36.72,都市：住,,,,01420000
RPWNMLKLNHGGFIB38CC,東城段,91.88,都市：住,,,,12210000
RPPQMLKLNHGGFFB67CC,銀聯段,15.19,都市：住,,,,11430001
RPSOMLKLNHGGFCB47CC,安和段,.00,都市：工,,,,00070000
RPPNMLKLNHGGFCB07CC,中和段,6.98,都市：住,,,,04050004
RPWPMLKLNHGGFAB77CC,城隍段六小段,22.24,都市：住,,,,00010012
RPRQMLKLNHGGFCB57CC,信安段,.00,都市：住,,,,08570002
RPQOMLKLNHGGFIB97DC,高鐵段,56.54,都市：住,,,,04640000
RPPQMLKLNHGGFCB37CC,西屯段,.00,都市：住,,,,22830002
RPUSMLKLNHGGFCB08CC,豐功段,.00,都市：商,,,,01470000
RPWSMLKLNHGGFCB28CC,廣明段,.00,都市：住,,,,06100000
RPTQMLKLNHGGFCB77CC,下石碑段,.00,都市：住,,,,18500000
RPQWMLKLNHGGFCB08CC,惠信段,.00,都市：住,,,,00890000
RPOTMLKLNHGGFCB57CC,國安段,10.80,都市：住,,,,00940000
RPTWMLKLNHGGFCB38CC,惠信段,.00,都市：住,,,,00890000
RPQOMLKLNHGGFBB17CC,陳平段,11.65,都市：住,,,,32450000
RPUOMLKLNHGGFBB57CC,中清段,.00,都市：住,,,,03100000
RPXQMLKLNHGGFBB08CC,水湳段,64.00,都市：住,,,,09860000
RPTQMLKLNHGGFBB67CC,文正段,.00,都市：商,,,,00250004
RPRRMLKLNHGGFBB57CC,太原段,.00,都市：住,,,,01400004
RPSRMLKLNHGGFBB67CC,文正段,.00,都市：商,,,,00250004
RPSPMLLLNHGGFBB57CC,錦村段,.00,都市：住,,,,00450000
RPUPMLLLNHGGFBB77CC,東光段,17.73,都市：住,,,,00830000
RPPQMLLLNHGGFBB37CC,東山段,366.00,都市：住,,,,03840000
RPRQMLLLNHGGFBB57CC,水源段,.00,都市：商,,,,02340003
RPUQMLLLNHGGFBB87CC,錦村段,.00,都市：商,,,,03310000
RPRNMLRKNHGGFHB38CC,石牌段,.00,都市：住,,,,07990081
RPWQMLLLNHGGFBB08CC,賴厝廍段,.00,都市：商,,,,04380000
RPRPMLLLNHGGFCB57CC,何安段,.00,都市：住,,,,04100000
RPTRMLLLNHGGFBB87CC,東峰段,6.84,都市：住,,,,01580000
RPTOMLLLNHGGFCB67CC,中正段,.00,都市：住,,,,00170000
RPSSMLLLNHGGFCB97CC,廣福段,361.76,都市：工,,,,00510002
RPXNMLLLNHGGFIB58CC,北新段,.00,都市：住,,,,10490000
RPUNMLLLNHGGFHB18CC,頭家段,.00,都市：住,,,,08830000
RPRNMLLLNHGGFDB47CC,一心段,.00,都市：住,,,,06740000
RPVNMLLLNHGGFHB28CC,弘富段,21.09,都市：住,,,,01520000
RPQOMLLLNHGGFHB87CC,大新段,12.65,都市：住,,,,06880000
RPSOMLLLNHGGFBB47CC,太原段,.00,都市：住,,,,01000000
RPWSMLLLNHGGFFB68CC,三鹿段,79.00,都市：住,,,,03800000
RPQQMLLLNHGGFFB87CC,大庄段大庄小段,18.88,都市：住,,,,01180008
RPPOMLLLNHGGFFB57CC,市鎮南段,.00,都市：商,,,,01190000
RPUQMLLLNHGGFFB28CC,三民段,.00,都市：住,,,,15060000
RPRNMLLLNHGGFAB17CC,麻園頭段,.00,都市：商,,,,06190000
RPTOMLLLNHGGFAB47CC,尚武段,31.35,都市：住,,,,04240000
RPTOMLLLNHGGFAB47CC,尚武段,1.52,都市：住,,,,04440000
RPTNMLLLNHGGFAB37CC,中墩段一小段,.00,都市：住,,,,00130000
RPUQMLLLNHGGFAB77CC,中華段七小段,.00,都市：商,,,,00010008
RPWNMLOLNHGGFFB48CC,田寮段橋頭小段,102.00,都市：住,,,,01150019
RPVNMLOLNHGGFFB38CC,大庄段大庄小段,1790.00,都市：住,,,,00140070
RPWNMLOLNHGGFFB48CC,田寮段橋頭小段,27.00,都市：住,,,,01180000
RPPNMLOLNHGGFHB97CC,上楓段,32.75,都市：住,,,,12750000
RPQOMLOLNHGGFHB18CC,四德段,18.07,都市：住,,,,01090000
RPQOMLOLNHGGFIB28CC,大元段,.00,都市：住,,,,07220000
RPQNMLOLNHGGFKB38CC,山腳段,24.02,都市：其他:第四種住宅區,,,,00840000
RPWNMLOLNHGGFKB98CC,藝術段,7.99,都市：其他:第二種住宅區,,,,06660000
RPROMLOLNHGGFCB77CC,寶山段,.00,都市：住,,,,06470000
RPUPMLOLNHGGFCB18CC,下石碑段,17.86,都市：住,,,,09530002
RPPRMLOLNHGGFCB87CC,春安段,7.50,都市：住,,,,02130000
RPQQMLKLNHGGFBB37CC,乾溝子段,10.02,都市：住,,,,01700049
RPRQMLOLNHGGFCB97CC,春安段,9.00,都市：住,,,,02130000
RPQQMLKLNHGGFBB37CC,乾溝子段,.29,都市：住,,,,01730011
RPURMLKLNHGGFBB87CC,文正段,.00,都市：住,,,,00840017
RPUQMLOLNHGGFCB28CC,春安段,7.50,都市：住,,,,02130000
RPTNMLLLNHGGFBB47CC,太和段,.00,都市：住,,,,00490000
RPORMLOLNHGGFCB77CC,春安段,7.50,都市：住,,,,02130000
RPVRMLOLNHGGFCB48CC,春安段,7.50,都市：住,,,,02130000
RPOSMLOLNHGGFCB87CC,春安段,7.50,都市：住,,,,02130000
RPPSMLOLNHGGFCB97CC,春安段,7.50,都市：住,,,,02130000
RPTSMLOLNHGGFCB38CC,春安段,7.50,都市：住,,,,02130000
RPUNMLOLNHGGFBB87CC,東山段,.00,都市：住,,,,04370013
RPOTMLOLNHGGFCB97CC,惠民段,15.94,都市：其他:第六種新市政專用區,,,,01390000
RPQSMLOLNHGGFCB08CC,春安段,7.50,都市：住,,,,02130000
RPOPMLOLNHGGFBB47CC,平田段,6503.00,都市：住,,,,08810000
RPVSMLOLNHGGFCB58CC,春安段,7.50,都市：住,,,,02130000
RPVSMLPLNHGGFBB58CC,太原段,25.25,都市：住,,,,01340000
RPSPMLOLNHGGFBB87CC,東新段,.00,都市：住,,,,00170002
RPRQMLOLNHGGFBB87CC,東新段,12.83,都市：住,,,,01270000
RPSSMLPLNHGGFCB38CC,建功段,15.46,都市：住,,,,00160000
RPPPMLPLNHGGFCB77CC,大墩段,102.00,都市：住,,,,02180000
RPUNMLPLNHGGFGB48CC,新金星段,357.36,都市：工,,,,01260000
RPUNMLPLNHGGFGB48CC,新金星段,531.10,都市：工,,,,01270000
RPUNMLPLNHGGFGB48CC,新金星段,71.37,都市：工,,,,01280000
RPUNMLPLNHGGFGB48CC,新金星段,14.65,都市：工,,,,01450000
RPTNMLLLNHGGFKB38CC,龍目井段龍目井小段,90.00,都市：其他:第二種商業區,,,,01520011
RPVOMLPLNHGGFAB08CC,城隍段六小段,6.01,都市：住,,,,00010012
RPUOMLPLNHGGFAB97CC,城隍段六小段,10.06,都市：住,,,,00010012
RPXOMLPLNHGGFAB28CC,城隍段六小段,9.15,都市：住,,,,00010012
RPWOMLQLNHGGFFB78CC,梧棲段,24.32,都市：住,,,,33930000
RPSQMLQLNHGGFIB88CC,霧峰段霧峰小段,106.50,非都市：山坡地保育區 ; 非都市編定：丙種建築用地,,,,00210037
RPWNMLQLNHGGFCB38CC,龍富段,339.06,都市：住,,,,02600000
RPWNMLQLNHGGFCB38CC,龍富段,431.16,都市：住,,,,02610000
RPWNMLQLNHGGFCB38CC,龍富段,650.34,都市：住,,,,02630000
RPWNMLQLNHGGFCB38CC,龍富段,309.67,都市：住,,,,02650000
RPWNMLQLNHGGFCB38CC,龍富段,307.44,都市：住,,,,02660000
RPWNMLQLNHGGFCB38CC,龍富段,652.56,都市：住,,,,02670000
RPWNMLQLNHGGFCB38CC,龍富段,452.06,都市：住,,,,02680000
RPWNMLQLNHGGFCB38CC,龍富段,211.12,都市：住,,,,02690000
RPXNMLQLNHGGFBB38CC,東光段,.00,都市：住,,,,00560000
RPVOMLQLNHGGFBB28CC,東光段,.00,都市：住,,,,00560000
RPVVMLRLNHGGFBB09CC,中清段,8.05,都市：住,,,,00060000
RPPRMLQLNHGGFBB97CC,錦村段,6.37,都市：住,,,,01840082
RPPSMLQLNHGGFBB08CC,太原段,.00,都市：住,,,,01400004
RPWVNLRLNHGGFBB66CC,乾溝子段,28.08,都市：住,,,,01480049
RPQWNLRLNHGGFBB78CC,乾溝子段,16.18,都市：住,,,,01480049
RPXROLRLNHGGFBB09CC,錦村段,27.55,都市：商,,,,02530135
RPWPMLRLNHGGFCB68CC,田心段,173.00,都市：住,,,,08770006
RPWSOLRLNHGGFBB09CC,松茂段,.00,都市：住,,,,01960000
RPUNMLRLNHGGFCB28CC,龍富段,.00,都市：住,,,,01290001
RPUNMLRLNHGGFCB28CC,龍富段,.00,都市：住,,,,01290002
RPUNMLRLNHGGFCB28CC,龍富段,.00,都市：住,,,,01290003
RPWSOLRLNHGGFBB09CC,松茂段,.00,都市：住,,,,01960082
RPWSOLRLNHGGFBB09CC,松茂段,.00,都市：住,,,,01960123
RPWSOLRLNHGGFBB09CC,松茂段,.00,都市：住,,,,01960140
RPOQMLRLNHGGFCB97CC,惠禮段,229.69,都市：住,,,,01440000
RPWSOLRLNHGGFBB09CC,松茂段,.00,都市：住,,,,01960146
RPPQMLRLNHGGFCB08CC,惠民段,15.16,都市：其他:新市政中心專用區,,,,01390000
RPQQMLRLNHGGFCB18CC,中正段,57.15,都市：商,,,,01340000
RPRQMLRLNHGGFCB28CC,惠民段,16.36,都市：其他:新市政中心專用區,,,,01430001
RPSNMLRLNHGGFFB38CC,市鎮北段,14.99,都市：商,,,,00420000
RPPNMLRLNHGGFIB38CC,榮和段,87.07,都市：住,,,,02390000
RPTNMLRLNHGGFFB48CC,市鎮北段,17.26,都市：商,,,,02730000
RPTPMLRLNHGGFFB68CC,市鎮北段,13.09,都市：商,,,,02730000
RPQNMLRLNHGGFKB68CC,忠和段,58.00,都市：其他:第四種住宅區,,,,01550012
RPQNMLRLNHGGFKB68CC,忠和段,17.38,都市：其他:第四種住宅區,,,,01550008
RPWNMLSLNHGGFDB78DC,豐中段,174.86,都市：住,,,,03570000
RPSOMLRLNHGGFCB28DC,中仁段,17.90,都市：住,,,,02770000
RPSOMLRLNHGGFCB28DC,中仁段,23.36,都市：住,,,,02770000
RPXNMLSLNHGGFDB88DC,萬年段,334.93,都市：農,,,,10320001
RPXNMLSLNHGGFDB88DC,萬年段,309.40,都市：農,,,,10270002
RPOOMLSLNHGGFDB08DC,豐工段,631.09,非都市：特定農業區 ; 非都市編定：農牧用地,,,,06680000
RPROMLSLNHGGFDB38DC,豐洲北段,582.82,都市：農,,,,07660000
RPVPMLSLNHGGFIB66CC,大忠段,.00,都市：商,,,,00660000
RPXOMLSLNHGGFFB09CC,市鎮北段,13.51,都市：商,,,,02950000
RPWOMLSLNHGGFFB98CC,市鎮北段,17.03,都市：商,,,,02950000
RPWQMLSLNHGGFCB88CC,大進段,81.00,都市：住,,,,07800003
RPVPMLSLNHGGFJB76CC,東和段,95.00,都市：住,,,,09610019
RPSRMLOLNHGGFBB08CC,太順段,12.90,都市：住,,,,00570019
RPRSMLSLNHGGFCB58CC,大新段,.00,都市：住,,,,04180000
RPTNMLPLNHGGFFB28CC,銀聯段,52.00,都市：住,,,,20750021
RPQTMLPLNHGGFIB88CC,自立段,21.95,都市：住,,,,09020000
RPTSMLSLNHGGFCB78CC,大新段,.00,都市：住,,,,04180000
RPVUMLSLNHGGFCB56CC,大進段,.00,都市：住,,,,07670000
RPXUMLSLNHGGFCB76CC,國安段,3078.84,都市：其他:市場用地,,,,05890000
RPWOMLSLNHGGFBB58CC,東峰段,6.71,都市：住,,,,00040000
RPSQMLSLNHGGFBB38CC,太原段,21.21,都市：住,,,,01000000
RPQWMLSLNHGGFCB88CC,大新段,.00,都市：住,,,,02390000
RPXQMLSLNHGGFBB88CC,東光段,.00,都市：商,,,,01950001
RPPRMLSLNHGGFBB18CC,中清段,.00,都市：住,,,,04080000
RPRRMLSLNHGGFBB38CC,松竹段,7.10,都市：住,,,,07370000
RPPNMLTLNHGGFIB58CC,新榮和段,3.97,都市：住,,,,00290000
RPSNMLKMNHGGFFB77CC,市鎮北段,17.03,都市：商,,,,02950000
RPRNMLKMNHGGFFB67CC,市鎮北段,10.00,都市：商,,,,02950000
RPRNMLTLNHGGFFB48CC,市鎮北段,10.84,都市：商,,,,02950000
RPQNMLKMNHGGFIB87CC,福大段,21.66,非都市：鄉村區 ; 非都市編定：乙種建築用地,,,,01230000
RPPWMLRLNHGGFBB58CC,東峰段,9.23,都市：住,,,,01580000
RPRNMLKMNHGGFIB97CC,練武段,98.82,非都市：鄉村區 ; 非都市編定：乙種建築用地,,,,10830000
RPPNMLLMNHGGFHB77CC,潭秀段,.00,都市：商,,,,05830000
RPQOMLLMNHGGFFB77CC,銀聯段,53.50,都市：住,,,,02020000
RPWUMLLMNHGGFJB76CC,仁平段,70.00,都市：住,,,,10980000
RPSOMLLMNHGGFDB77CC,安康段,7.59,都市：住,,,,04100000
RPSNMLLMNHGGFKB38CC,福山段,78.46,都市：其他:第一種住宅區,,,,06030000
RPQPMLLMNHGGFBB47CC,陳平段,2372.40,都市：住,,,,32450000
RPTPMLLMNHGGFBB77CC,東峰段,9.89,都市：住,,,,00040000
RPQNMLLMNHGGFBB27CC,錦村段,.00,都市：住,,,,02110000
RPPPMLLMNHGGFBB37CC,賴厝廍段,41.65,都市：住,,,,01540000
RPPPMLLMNHGGFBB37CC,乾溝子段,3.72,都市：住,,,,01410001
RPPRMLLMNHGGFBB57CC,平田段,17.90,都市：住,,,,02440000
RPUSMLLMNHGGFBB18CC,東光段,3.35,都市：住,,,,02690000
RPSRMLLMNHGGFBB87CC,松茂段,22.93,都市：住,,,,09260000
RPUSMLLMNHGGFBB18CC,北屯段,.23,都市：住,,,,05510016
RPPRMLLMNHGGFCB67CC,廣昌段,.00,都市：住,,,,10770000
RPSQMLLMNHGGFCB87CC,田心段,29.09,都市：住,,,,08180004
RPVRMLLMNHGGFCB28CC,三塊厝段,2.10,都市：其他:市場用地,,,,09940000
RPTOMLLJOHGGFCB57CC,惠民段,14.77,都市：其他:新市政中心專用區,,,,01430001
RPUQMLLMNHGGFCB08CC,大墩段,.00,都市：住,,,,04050000
RPWOMLLJOHGGFCB87CC,上石碑段,30.26,都市：住,,,,07680000
RPVOMLLJOHGGFCB77CC,大新段,26.24,都市：住,,,,08630000
RPVPMLLJOHGGFCB87CC,惠國段,1586.01,都市：商,,,,00570000
RPXPMLLJOHGGFCB08CC,寶文段,1223.67,都市：工,,,,00530015
RPRQMLLJOHGGFCB57CC,福德段,9.21,都市：住,,,,02080000
RPOOMLLJOHGGFBB96CC,南興段,1340.79,都市：住,,,,00030000
RPSQMLLJOHGGFCB67CC,惠民段,.00,,,,,01060000
RPXQMLLJOHGGFCB18CC,西屯段,.00,,,,,19000001
RPQNMLKMNHGGFFB57CC,市鎮北段,15.92,都市：商,,,,02380000
RPVQMLLMNHGGFIB78CC,新榮泉段,23.09,都市：住,,,,00160000
RPPRMLLJOHGGFBB37CC,太順段,.00,都市：住,,,,00780000
RPRRMLLJOHGGFBB57CC,文正段,.00,都市：商,,,,00520124
RPXOMLLJOHGGFBB87CC,錦村段,.00,都市：住,,,,03680013
RPVOMLLJOHGGFBB67CC,錦村段,.00,都市：住,,,,01200030
RPSQMLLJOHGGFBB57CC,陳平段,.00,都市：住,,,,20090000
RPSPMLLJOHGGFKB38CC,遠東段,15.82,都市：住,,,,05890000
RPORMLLJOHGGFBB27CC,陳平段,.00,都市：住,,,,16300000
RPXNMLLJOHGGFAB67CC,自由段五小段,.00,都市：商,,,,00270000
RPXNMLLJOHGGFAB67CC,自由段五小段,.00,都市：商,,,,00280000
RPXNMLLJOHGGFAB67CC,自由段五小段,.00,都市：商,,,,00270001
RPXNMLLJOHGGFAB67CC,自由段五小段,.00,都市：商,,,,00280001
RPXNMLLJOHGGFAB67CC,自由段五小段,.00,都市：商,,,,00270010
RPXNMLLJOHGGFAB67CC,自由段五小段,.00,都市：商,,,,00270012
RPROMLMJOHGGFDB57CC,一心段,122.12,都市：住,,,,03570000
RPRPMLLJOHGGFFB77CC,市鎮北段,17.08,都市：商,,,,00420000
RPSPMLLJOHGGFFB87CC,市鎮北段,15.67,都市：商,,,,00390000
RPOOMLMJOHGGFAB96CC,麻園頭段,16.46,都市：住,,,,01320000
RPVNMLMJOHGGFAB57CC,公館段,1.27,都市：商,,,,00630001
RPOUMLLJOHGGFJB38CC,豐中段,16.83,都市：住,,,,00630002
RPPPMLMJOHGGFAB17CC,後壠子段,6.78,都市：商,,,,01480010
RPQQMLMJOHGGFFB87CC,市鎮北段,17.24,都市：商,,,,02950000
RPRNMLMJOHGGFKB18CC,瑞井段,16.68,非都市：一般農業區 ; 非都市編定：丙種建築用地,,,,13870024
RPOSMLMJOHGGFBB47CC,太祥段,.00,都市：住,,,,01200000
RPWPMLMJOHGGFAB87CC,下橋子頭段,3.70,都市：商,,,,01400002
RPWPMLMJOHGGFAB87CC,下橋子頭段,5.38,都市：住,,,,01400025
RPORMLMJOHGGFFB77CC,興仁段,27.14,都市：住,,,,06880000
RPPQMLMJOHGGFBB37CC,松昌段,.00,都市：住,,,,06240000
RPRQMLMJOHGGFBB57CC,水湳段,9.33,都市：住,,,,13540000
RPRQMLMJOHGGFBB57CC,水湳段,2.52,都市：住,,,,13680000
RPPTMLMJOHGGFBB67CC,東峰段,9.23,都市：住,,,,01580000
RPUTMLMJOHGGFBB18CC,東峰段,12.39,都市：住,,,,01410000
RPWTMLMJOHGGFBB38CC,北屯段,71.00,都市：住,,,,01590146
RPWTMLMJOHGGFBB38CC,北屯段,46.09,都市：住,,,,01590009
RPWTMLMJOHGGFBB38CC,北屯段,4.21,都市：住,,,,01590424
RPWTMLMJOHGGFBB38CC,北屯段,.10,都市：住,,,,01590425
RPTTMLMJOHGGFBB08CC,東峰段,12.39,都市：住,,,,01410000
RPTNMLLMNHGGFCB67CC,協成段,1983.72,都市：工,,,,05400003
RPXUMLMJOHGGFCB68CC,惠國段,.00,都市：其他:第六種新市政中心專用區,,,,01360000
RPOSMLMJOHGGFCB57CC,惠國段,.00,都市：其他:第三種新市政中心專用區,,,,00260000
RPPQMLMJOHGGFCB47CC,大明段,.00,都市：住,,,,01500000
RPOVMLMJOHGGFCB87CC,福德段,16.75,都市：住,,,,02750000
RPPNMLNJOHGGFCB27CC,黎明段,.00,都市：住,,,,11520000
RPPVMLMJOHGGFCB97CC,大墩段,24.81,都市：住,,,,04050000
RPVPNLNJOHGGFCB18CC,西屯段,9.76,都市：住,,,,22790000
RPWOMLNJOHGGFBB97CC,文北段,24.74,都市：住,,,,01480000
RPTNMLNJOHGGFCB67CC,大新段,20.95,都市：住,,,,08600000
RPSRMLNJOHGGFBB87CC,錦村段,6.37,都市：住,,,,01840082
RPPQMLNJOHGGFFB87CC,市鎮北段,.00,都市：商,,,,02380000
RPTRMLNJOHGGFBB97CC,賴厝廍段,.00,都市：住,,,,02220062
RPUNMLOJOHGGFIB48CC,新榮和段,3.97,都市：住,,,,00290000
RPVRMLNJOHGGFBB18CC,東山段,.00,都市：住,,,,02970000
RPUOMLNJOHGGFAB77DC,後壠子段,95.00,都市：住,,,,01710102
RPUOMLNJOHGGFAB77DC,後壠子段,6.00,都市：住,,,,03880088
RPXOMLNJOHGGFAB08DC,後壠子段,95.00,都市：住,,,,01710102
RPXOMLNJOHGGFAB08DC,後壠子段,6.00,都市：住,,,,03880088
RPTNMLNJOHGGFDB77CC,豐南段,17.22,都市：住,,,,00470000
RPXQMLNJOHGGFIB98CC,溪南西段,.00,非都市：特定農業區 ; 非都市編定：甲種建築用地,,,,26280000
RPTUMLOJOHGGFCB48CC,國安段,26.38,都市：住,,,,05990000
RPVQMLNJOHGGFAB97CC,平民段五小段,49.33,都市：住,,,,00010041
RPUOMLOJOHGGFJB78DC,新興段,37.85,都市：住,,,,01430001
RPQOMLRJOHGGFBB77CC,青萍段,.00,都市：住,,,,05250006
RPRNMLPJOHGGFAB47CC,下橋子頭段,1.65,都市：商,,,,02170014
RPSQMLRJOHGGFBB18CC,乾溝子段,21.63,都市：住,,,,01270002
RPXUMLOJOHGGFCB88CC,惠安段,32.00,都市：住,,,,02390000
RPRRMLRJOHGGFBB18CC,錦村段,9.62,都市：商,,,,01850000
RPTNMLPJOHGGFAB67CC,下橋子頭段,5.96,都市：商,,,,02170014
RPUNMLQJOHGGFFB38CC,大庄段大庄小段,18.56,都市：住,,,,00140070
RPTNMLQJOHGGFFB28CC,市鎮北段,17.03,都市：商,,,,02950000
RPQNMLQJOHGGFBB57CC,松茂段,18.49,都市：住,,,,11240000
RPWRMLRJOHGGFBB68CC,太原段,19.38,都市：住,,,,01400004
RPTNMLRJOHGGFCB08CC,廣福段,.00,都市：農,,,,02450046
RPWNMLRJOHGGFCB38CC,何安段,.00,都市：住,,,,00780000
RPWNMLRJOHGGFCB38CC,何安段,.00,都市：住,,,,00790000
RPWNMLRJOHGGFCB38CC,何安段,.00,都市：住,,,,00800000
RPWSMLRJOHGGFCB88CC,寶山段,6.86,都市：住,,,,08840000
RPRSMLRJOHGGFCB38CC,惠來厝段,.00,都市：住,,,,01040000
RPRSMLRJOHGGFCB38CC,惠來厝段,.00,都市：其他:無,,,,01040010
RPRSMLRJOHGGFCB38CC,惠來厝段,.00,都市：其他:無,,,,01040011
RPRSMLRJOHGGFCB38CC,惠來厝段,.00,都市：其他:道,,,,01050000
RPQNMLRJOHGGFHB28CC,上楓段,19.95,都市：住,,,,11580000
RPUPMLRJOHGGFIB98CC,三和段,63.40,都市：住,,,,03040000
RPSNMLSJOHGGFAB87CC,麻園頭段,.00,都市：住,,,,06210000
RPVNMLSJOHGGFDB48CC,安康段,9.15,都市：住,,,,04100000
RPWOMLRJOHGGFAB28CC,復興段六小段,57.00,都市：商,,,,00130015
RPWOMLRJOHGGFAB28CC,復興段六小段,18.00,都市：商,,,,00130030
RPSOMLSJOHGGFAB97CC,大益段,5.94,都市：住,,,,04760001
RPQPMLSJOHGGFAB87CC,仁愛段二小段,5.70,都市：商,,,,00030000
RPQPMLSJOHGGFAB87CC,仁愛段二小段,.80,都市：商,,,,00030036
RPTOMLSJOHGGFAB08CC,利民段二小段,12.80,都市：其他:台中州廳專用區,,,,00010000
RPTOMLSJOHGGFAB08CC,利民段二小段,.34,都市：其他:台中州廳專用區,,,,00010005
RPTOMLSJOHGGFAB08CC,三民段二小段,1.26,都市：其他:台中州廳專用區,,,,00010018
RPTOMLSJOHGGFAB08CC,三民段二小段,.03,都市：其他:台中州廳專用區,,,,00010023
RPVPMLSJOHGGFIB56CC,合信段,34.97,非都市：鄉村區 ; 非都市編定：乙種建築用地,,,,03290000
RPSNMLRJOHGGFIB58CC,金城段,66.07,都市：住,,,,09020000
RPSNMLRJOHGGFIB58CC,金城段,15.97,都市：住,,,,09010000
RPOOMLSJOHGGFAB57CC,後壠子段,3.00,都市：商,,,,01150192
RPTPMLSJOHGGFAB18CC,柳川段六小段,4.02,都市：商,,,,00090009
RPSNMLSJOHGGFFB38CC,市鎮北段,13.96,都市：商,,,,00420000
RPUNMLSJOHGGFCB28CC,田心段,8.16,都市：住,,,,08400000
RPUOMLSJOHGGFAB18CC,旱溪段,28.43,都市：住,,,,02720224
RPTPMLSJOHGGFCB38CC,上石碑段,7.66,都市：商,,,,09640040
RPSPMLSJOHGGFBB18CC,東峰段,6.42,都市：住,,,,01580000
RPQPMLSJOHGGFBB97CC,東義段,30.76,都市：其他:空白,,,,03520000
RPRRMLSJOHGGFBB28CC,錦村段,13.57,都市：住,,,,00610000
RPOQMLSJOHGGFIB58CC,東勢尾段,.00,都市：住,,,,05100000
RPOQMLSJOHGGFIB58CC,東勢尾段,.00,都市：住,,,,05140000
RPTRMLSJOHGGFBB48CC,錦村段,11.35,都市：住,,,,01330000
RPXRMLSJOHGGFBB88CC,北屯段,14.51,都市：住,,,,02030000
RPXPMLTJOHGGFCB88CC,國安段,26.03,都市：住,,,,05990000
RPOQMLTJOHGGFBB97CC,錦村段,6.37,都市：住,,,,01840082
RPVNMLTJOHGGFCB48CC,寶文段,.00,都市：工,,,,06150033
RPROMLTJOHGGFCB18CC,福安段,22.40,都市：住,,,,07680002
RPURMLSJOHGGFBB58CC,北屯段,82.00,都市：住,,,,02050012
RPXNMLSJOHGGFCB58CC,協成段,849.01,都市：農,,,,03620009
RPPOMLTJOHGGFAB77CC,頂橋子頭段,1511.00,都市：住,,,,01380000
RPUNMLTJOHGGFAB18CC,後壠子段,25.98,都市：住,,,,02520035
RPWNMLTJOHGGFCB58CC,廣明段,38.78,都市：住,,,,07200000
RPWNMLTJOHGGFCB58CC,廣明段,.06,都市：住,,,,07200001
RPSPMLTJOHGGFAB18CC,中墩段三小段,2.38,都市：商,,,,00110000
RPWOMLTJOHGGFAB48CC,平和段,2.60,都市：商,,,,00500000
RPSPMLTJOHGGFAB18CC,中墩段三小段,.45,都市：商,,,,00110001
RPWPMLSJOHGGFBB58CC,太順段,11.36,都市：住,,,,00030000
RPVPMLTJOHGGFAB48CC,頂橋子頭段,.00,都市：住,,,,00090002
RPVPMLTJOHGGFAB48CC,頂橋子頭段,.00,都市：住,,,,00090151
RPUNMLTJOHGGFDB48CC,南村段,14.73,都市：商,,,,07180000
RPXNMLTJOHGGFIB66CC,大仁段,.00,都市：商,,,,03380000
RPTOMLTJOHGGFJB09CC,育賢段,.00,都市：住,,,,01600000
RPXQMLTJOHGGFCB98CC,龍富段,.00,都市：住,,,,00860000
RPROMLTJOHGGFHB68CC,家興段,.00,都市：住,,,,05630000
RPWNMLKKOHGGFHB28CC,大新段,133.00,非都市：特定農業區 ; 非都市編定：甲種建築用地,,,,01190000
RPTOMLTJOHGGFFB68CC,市鎮北段,17.08,都市：商,,,,00420000
RPPNMLKKOHGGFJB87DC,宜欣段,5.44,都市：住,,,,21440000
RPUPMLTJOHGGFAB38CC,土庫段,.00,都市：住,,,,00320045
RPRPMLKKOHGGFIB08CC,仁城段,24.22,非都市：鄉村區 ; 非都市編定：乙種建築用地,,,,10820000
RPROMLKKOHGGFCB37CC,國安段,11.99,都市：住,,,,00940000
RPURMLKKOHGGFCB97CC,大進段,.00,都市：住,,,,05620000
RPTRMLKKOHGGFAB67CC,旱溪段,125.00,都市：住,,,,02150004
RPPOMLKKOHGGFBB07CC,太和段,.00,都市：住,,,,00770000
RPPOMLKKOHGGFBB07CC,太和段,.00,都市：住,,,,00790000
RPVNMLKKOHGGFCB67CC,惠信段,.00,都市：住,,,,00950000
RPQOMLKKOHGGFCB27CC,民安段,31.97,都市：住,,,,16750022
RPUNMLKKOHGGFCB57CC,中和段,152.92,都市：住,,,,03940000
RPVOMLKKOHGGFBB67CC,建和段,33.99,都市：住,,,,08530000
RPQNMLLKOHGGFCB27CC,何安段,4.10,都市：住,,,,09730000
RPTRMLLKOHGGFCB97CC,上石碑段,.00,都市：商,,,,20370000
RPRRMLLKOHGGFCB77CC,國安段,30.44,都市：住,,,,06010000
RPPSMLLKOHGGFBB57CC,錦村段,24.55,都市：住,,,,01450002
RPWOMLKKOHGGFBB77CC,東峰段,6.01,都市：商,,,,00040000
RPUPMLLKOHGGFAB67CC,復興段四小段,43.00,都市：商,,,,00060071
RPRNMLLKOHGGFHB87CC,上楓段,126.00,都市：住,,,,13040010
RPSRMLLKOHGGFCB87CC,中正段,.00,都市：商,,,,01550000
RPPNNLLKOHGGFIB87CC,新甲段,91.80,非都市：鄉村區 ; 非都市編定：乙種建築用地,,,,02610002
RPVOMLLKOHGGFDB97CC,龍宮段,4.32,都市：其他:道路用地,,,,03710000
RPSNMLLKOHGGFAB27CC,土庫段,26.71,都市：住,,,,01040028
RPVOMLLKOHGGFDB97CC,龍宮段,83.12,都市：住,,,,03720000
RPWQMLKKOHGGFCB08CC,惠安段,.00,都市：商,,,,02440000
RPTOMLPKOHGGFIB68CC,新榮和段,3.97,都市：住,,,,00290000
RPPNMLMKOHGGFIB87CC,新榮和段,3.97,都市：住,,,,00290000
RPSNMLLKOHGGFHB97CC,上楓段,76.00,都市：住,,,,13220038
RPWNMLPKOHGGFDB38CC,南村段,17.09,都市：商,,,,07570000
RPWOMLLKOHGGFDB08CC,豐中段,120.76,都市：住,,,,01380000
RPTNMLPKOHGGFHB48CC,甘潭段,79.20,都市：住,,,,06450002
RPWNMLPKOHGGFAB08CC,麻園頭段,.00,都市：住,,,,06120000
RPVOMLPKOHGGFAB08CC,後壠子段,22.07,都市：住,,,,02520031
RPXNMLPKOHGGFFB68CC,大庄段大庄小段,1790.00,都市：住,,,,00140070
RPOOMLPKOHGGFFB87CC,田寮段橋頭小段,102.00,都市：住,,,,01150019
RPOOMLPKOHGGFFB87CC,田寮段橋頭小段,27.00,都市：住,,,,01180000
RPUOMLPKOHGGFAB97CC,平和段,5.95,都市：商,,,,00500000
RPSNMLPKOHGGFCB87CC,東林段,470.00,都市：農,,,,06540000
RPUNMLPKOHGGFCB08CC,西屯段,.00,都市：住,,,,22790000
RPRPMLPKOHGGFCB97CC,上石碑段,4.00,都市：商,,,,00640022
RPTNMLPKOHGGFKB78CC,文昌段,40.00,都市：住,,,,20960000
RPTRMLPKOHGGFCB38CC,中正段,8.49,都市：商,,,,01550000
RPRQMLPKOHGGFCB08CC,信安段,4.67,都市：住,,,,05930002
RPSPMLPKOHGGFCB08CC,建功段,.00,,,,,00200000
RPURMLPKOHGGFCB48CC,寶文段,.00,都市：住,,,,00750014
RPSRMLPKOHGGFCB28CC,中正段,8.49,都市：商,,,,01550000
RPVRMLPKOHGGFCB58CC,何安段,.00,都市：住,,,,00640000
RPOOMLPKOHGGFBB47CC,東信段,.00,都市：住,,,,02340000
RPOQMLPKOHGGFBB67CC,錦村段,.92,都市：商,,,,03310018
RPOQMLPKOHGGFBB67CC,錦村段,.02,都市：商,,,,03310027
RPOQMLPKOHGGFBB67CC,錦村段,.80,都市：商,,,,03310017
RPSQMLPKOHGGFBB08CC,東山段,16.35,都市：商,,,,02630000
RPWPMLPKOHGGFBB38CC,東光段,16.84,都市：住,,,,01260001
RPPPMLQKOHGGFBB77CC,賴厝廍段,.00,都市：住,,,,03440000
RPPRMLQKOHGGFBB97CC,錦村段,40.40,都市：住,,,,01040036
RPWQMLPKOHGGFBB48CC,錦村段,9.61,都市：商,,,,01850000
RPORMLQKOHGGFBB87CC,太原段,24.02,都市：住,,,,01400004
RPSRMLQKOHGGFBB28CC,東義段,.00,都市：住,,,,00010000
RPQNMLQKOHGGFCB77CC,國安段,3.84,都市：住,,,,02920002
RPXQMLQKOHGGFCB78CC,大進段,.00,都市：住,,,,08810000
RPOQMLQKOHGGFCB87CC,何厝段,.00,都市：商,,,,02030000
RPUNMLQKOHGGFKB98CC,藝術段,7.99,都市：住,,,,06660000
RPSQMLQKOHGGFCB28CC,何安段,.00,都市：住,,,,09730000
RPVNMLQKOHGGFKB09CC,文昌段,40.00,都市：住,,,,20960000
RPUNMLQKOHGGFFB48CC,市鎮南段,.00,都市：商,,,,01190000
RPUNOLQKOHGGFAB18CC,重慶段三小段,.00,都市：商,,,,00090005
RPQWNLQKOHGGFAB58CC,下橋子頭段,19.18,都市：住,,,,02720000
RPVNMLQKOHGGFIB88CC,新榮泉段,9.43,都市：住,,,,01420000
RPQNMLRKOHGGFJB58CC,育賢段,.00,都市：住,,,,01600000
RPUVMLRKOHGGFAB88CC,麻園頭段,26.13,都市：商,,,,00460000
RPRNMLRKOHGGFIB58CC,新榮和段,3.97,都市：住,,,,00290000
RPUPOLQKOHGGFAB38CC,麻園頭段,.00,都市：商,,,,00070237
RPRPMLRKOHGGFIB78CC,大忠段,26.13,都市：住,,,,01980000
RPTNMLRKOHGGFFB48CC,鹿峰西段,.00,都市：住,,,,05440000
RPXTMLRKOHGGFAB98CC,麻園頭段,.00,都市：住,,,,01320000
RPVOMLRKOHGGFCB48CC,文山段,2982.00,都市：工,,,,03600000
RPUNMLRKOHGGFFB58CC,市鎮南段,.00,都市：商,,,,01190000
RPWNMLRKOHGGFBB38CC,太和段,.00,都市：住,,,,00620000
RPUQMLRKOHGGFCB58CC,信安段,.00,都市：住,,,,06510000
RPPOMLRKOHGGFCB87CC,大進段,.00,都市：住,,,,10410000
RPUQMLRKOHGGFCB58CC,信安段,.00,都市：其他:道路用地,,,,06510001
RPWOMLRKOHGGFBB48CC,賴厝廍段,.00,都市：住,,,,04420000
RPUPMLRKOHGGFCB48CC,大進段,5.30,都市：住,,,,06170000
RPVPMLRKOHGGFCB58CC,西屯段,.00,都市：住,,,,19000001
RPPPMLSKOHGGFBB97CC,錦村段,.00,都市：住,,,,01200030
RPSPMLSKOHGGFBB28CC,太原段,.00,都市：住,,,,01400004
RPQOMLRKOHGGFBB87CC,水源段,.00,都市：住,,,,00260049
RPQPMLSKOHGGFBB08CC,賴厝廍段,.00,都市：住,,,,03440000
RPUPMLSKOHGGFBB48CC,太原段,.00,都市：住,,,,01400004
RPXOMLSKOHGGFCB78CC,何安段,6.03,都市：住,,,,09730000
RPOPMLSKOHGGFFB28CC,南簡段,.00,都市：住,,,,14400002
RPOQMLSKOHGGFCB08CC,國安段,.00,都市：住,,,,06010000
RPUPMLSKOHGGFAB38CC,旱溪段,27.03,都市：住,,,,02720158
RPQOMLSKOHGGFCB18DC,惠民段,.00,都市：商,,,,01110000
RPUNMLSKOHGGFKB56CC,自治段,21.27,都市：住,,,,01730000
RPWNMLLLOHGGFFB28CC,市鎮北段,.00,都市：商,,,,02950000
RPPNMLLLOHGGFIB87CC,北新段,18.88,都市：住,,,,10490000
RPQPMLLLOHGGFJB28CC,新興段,14.29,都市：商,,,,01210000
RPTQMLLLOHGGFAB77CC,旱溪段,26.77,都市：住,,,,02720158
RPWPMLLLOHGGFIB78CC,長春段,19.14,都市：住,,,,07580000
RPVRMLLLOHGGFBB18CC,仁德段,.00,都市：住,,,,07480000
RPVRMLLLOHGGFBB18CC,陳平段,.00,都市：住,,,,18810004
RPUTMLLLOHGGFBB28CC,文北段,16.76,都市：住,,,,01610000
RPQPMLLLOHGGFBB47CC,松昌段,.00,都市：商,,,,04850000
RPQPMLLLOHGGFBB47CC,松昌段,.00,都市：住,,,,04820000
RPTSMLMLOHGGFBB18CC,邱厝子段,21.30,都市：住,,,,01410022
RPONNLMLOHGGFBB27CC,東光段,2.57,都市：住,,,,01950001
RPQNNLMLOHGGFBB47CC,賴厝廍段,2.97,都市：商,,,,00310003
RPQNNLMLOHGGFBB47CC,邱厝子段,2.39,都市：商,,,,00310062
RPXOMLMLOHGGFCB28CC,中和段,.00,都市：住,,,,05940000
RPOPMLMLOHGGFCB47CC,中和段,.00,都市：住,,,,05940000
RPPPNLMLOHGGFCB67CC,何安段,4.93,都市：其他:空白,,,,03710000
RPSNMLMLOHGGFFB97CC,三鹿段,17.00,都市：商,,,,09310000
RPSQNLMLOHGGFCB08CC,中正段,6.36,都市：商,,,,01550000
RPOOMLNLOHGGFFB77CC,公館南段,101.68,都市：農,,,,07730000
RPWNMLNLOHGGFIB78CC,頭前厝南段,.00,都市：農,,,,01120000
RPTNMLNLOHGGFIB48CC,大衛段,.00,都市：商,,,,05860000
RPRNMLNLOHGGFJB38CC,新興段,.00,都市：住,,,,00230000
RPQNMLNLOHGGFDB67CC,社南段,68.00,都市：農,,,,12030009
RPVNMLMLOHGGFFB28CC,裕嘉段,119.00,都市：商,,,,05840006
RPQNMLNLOHGGFDB67CC,社南段,10.83,都市：農,,,,12030006
RPOOMLNLOHGGFHB97CC,三和段,25.60,都市：住,,,,10920000
RPVNMLNLOHGGFJB88DC,新興段,26.88,都市：住,,,,00710000
RPOOMLNLOHGGFKB28CC,龍津段,2250.00,都市：工,,,,06350000
RPROMLNLOHGGFBB67CC,水源段,6.05,都市：商,,,,02230000
RPWNMLNLOHGGFCB18CC,豐富段,417.70,都市：住,,,,01120000
RPOPMLNLOHGGFBB47CC,文正段,.00,都市：商,,,,00250004
RPPOMLNLOHGGFCB57CC,田心段,.00,都市：住,,,,09100000
RPPSMLNLOHGGFBB87CC,錦村段,.00,都市：商,,,,02390020
RPOWNLNLOHGGFBB28CC,太原段,18.57,都市：住,,,,01400004
RPUVNLNLOHGGFBB78CC,邱厝子段,9.81,都市：住,,,,00570035
RPPOMLOLOHGGFBB57CC,邱厝子段,194.00,都市：其他:空白,,,,00550005
RPQOMLOLOHGGFBB67CC,錦村段,26.07,都市：其他:空白,,,,02450080
RPOPMLOLOHGGFBB57CC,東義段,7.42,都市：住,,,,02740000
RPSPMLOLOHGGFBB97CC,東新段,.00,都市：住,,,,01530000
RPXPMLOLOHGGFCB58CC,惠來厝段,5.21,都市：住,,,,16370000
RPPQMLOLOHGGFCB87CC,上石碑段,13.27,都市：住,,,,13080001
RPROMLOLOHGGFIB48CC,仁美段,.00,都市：住,,,,12420000
RPSNMLOLOHGGFFB18CC,六福段,20.86,都市：住,,,,04990000
RPVNMLOLOHGGFFB48CC,市鎮北段,10.25,都市：商,,,,00120000
RPWOMLOLOHGGFAB18CC,麻園頭段,21.28,都市：商,,,,00220000
RPWPMLSKOHGGFBB68CC,東峰段,.00,都市：住,,,,01380000
RPQOMLPLOHGGFFB18CC,市鎮北段,.00,都市：商,,,,02950000
RPROMLPLOHGGFFB28CC,市鎮北段,.00,都市：商,,,,00420000
RPTNMLPLOHGGFCB08CC,寶文段,.00,都市：住,,,,00750017
RPPPMLPLOHGGFCB87CC,上石碑段,4.40,都市：商,,,,10390049
RPPPMLPLOHGGFCB87CC,上石碑段,6.74,都市：商,,,,27680000
RPVOMLPLOHGGFBB28CC,東光段,18.82,都市：住,,,,01340000
RPQOMLPLOHGGFBB77CC,賴厝廍段,30.95,都市：住,,,,00490014
RPXOMLPLOHGGFBB48CC,東山段,2.43,都市：商,,,,02620000
RPPWMLQLOHGGFBB58CC,邱厝子段,21.30,都市：住,,,,01410022
RPPRMLPLOHGGFBB97CC,東義段,.00,都市：住,,,,02910005
RPRNMLSLOHGGFBB08CC,松竹段,28.00,都市：住,,,,07410000
RPQOMLSLOHGGFBB08CC,邱厝子段,21.30,都市：住,,,,01410022
RPUNMLSLOHGGFBB38CC,長安段,.00,都市：住,,,,03100000
RPUNMLSLOHGGFBB38CC,長安段,.00,都市：住,,,,03090001
RPOOMLSLOHGGFFB28CC,新犁份段,67.06,都市：住,,,,07240000
RPVOMLSLOHGGFCB68CC,協和段,9794.00,都市：工,,,,00240000
RPWOMLSLOHGGFCB78CC,惠泰段,65.01,都市：住,,,,00060008
RPQNMLSLOHGGFKB88CC,大東段,50.33,都市：住,,,,03820000
RPSOMLSLOHGGFIB98CC,烏日段,188.35,都市：住,,,,07100006
RPSOMLSLOHGGFIB98CC,烏日段,73.00,都市：住,,,,07100038
RPRPMLSLOHGGFBB28CC,北屯段,13.18,都市：商,,,,03520000
RPQNMLSLOHGGFHB68DC,興龍段,3017.81,非都市：山坡地保育區 ; 非都市編定：特定目的事業用地,,,,04760000
RPRNMLSLOHGGFDB38DC,三角東段,324.05,都市：農,,,,16320000
RPRNMLSLOHGGFDB38DC,三角東段,24.58,都市：農,,,,16270000
RPQNMLTLOHGGFDB28CC,安康段,11.11,都市：住,,,,04100000
RPTOOLTLOHGGFCB78CC,上石碑段,5.33,都市：其他:市場用地,,,,26810000
RPXWNLTLOHGGFFB57CC,犁份東段,38.57,都市：農,,,,03220000
RPPNMLTLOHGGFHB58CC,東寶二段,264.00,都市：農,,,,11650001
RPTOMLTLOHGGFCB58CC,民安段,.00,都市：住,,,,11980005
RPTOMLTLOHGGFCB58CC,民安段,.00,都市：住,,,,11980025
RPOPMLTLOHGGFBB08CC,賴厝廍段,.21,都市：商,,,,00310003
RPOPMLTLOHGGFBB08CC,邱厝子段,.17,都市：商,,,,00310062
RPXOMLTLOHGGFBB88CC,賴厝廍段,.14,都市：商,,,,00310003
RPXOMLTLOHGGFBB88CC,邱厝子段,.11,都市：商,,,,00310062
RPRPMLTLOHGGFBB38CC,賴厝廍段,4.53,都市：商,,,,00310003
RPPPMLTLOHGGFBB18CC,賴厝廍段,.29,都市：商,,,,00310003
RPQPMLTLOHGGFBB28CC,賴厝廍段,2.98,都市：商,,,,00310003
RPPPMLTLOHGGFBB18CC,邱厝子段,.23,都市：商,,,,00310062
RPQPMLTLOHGGFBB28CC,邱厝子段,2.39,都市：商,,,,00310062
RPRPMLTLOHGGFBB38CC,邱厝子段,3.64,都市：商,,,,00310062
RPQQMLTLOHGGFBB38CC,邱厝子段,21.30,都市：住,,,,01410022
RPPQMLTLOHGGFBB28CC,東峰段,10.79,都市：住,,,,01580000
RPTPMLTLOHGGFBB58CC,賴厝廍段,3.19,都市：商,,,,00310003
RPTOMLKMOHGGFBB67CC,中清段,.00,都市：住,,,,04560000
RPTPMLTLOHGGFBB58CC,邱厝子段,2.56,都市：商,,,,00310062
RPRQMLTLOHGGFBB48CC,東峰段,5.83,都市：住,,,,01580000
RPPNMLSLOHGGFBB87CC,北屯段,12.00,都市：住,,,,02380000
RPXNMLKMOHGGFBB97CC,東峰段,9.71,都市：住,,,,00040000
RPOOMLKMOHGGFCB27CC,大進段,69.00,都市：住,,,,03080000
RPPPMLKMOHGGFBB37CC,北屯段,7.65,都市：住,,,,03050003
RPOPMLKMOHGGFCB37CC,福安段,100.00,都市：住,,,,05760000
RPTOMLKMOHGGFCB77CC,福安段,100.00,都市：住,,,,05760000
RPXPMLKMOHGGFCB28CC,南屯段,87.00,都市：住,,,,11960000
RPTQMLKMOHGGFCB97CC,中仁段,12.73,都市：住,,,,02770000
RPVNMLKMOHGGFDB97CC,南陽段,4.91,都市：住,,,,07830000
RPWQMLKMOHGGFCB28CC,國安段,21.95,都市：住,,,,05930066
RPROMLKMOHGGFJB28CC,瑞欣段,71.00,都市：住,,,,01220000
RPOOMLLJPHGGFCB27DC,惠民段,19.59,都市：其他:第六種新市政中心專用區,,,,00160000
RPXNMLKMOHGGFIB68CC,北新段,17.63,都市：住,,,,10410000
RPVOMLLJPHGGFCB87CC,國安段,52.89,都市：住,,,,05990000
RPTOMLLJPHGGFCB67CC,田心段,.00,都市：住,,,,09100000
RPQPMLLJPHGGFCB47CC,豐業段,.00,都市：住,,,,01990000
RPVNMLLJPHGGFBB67CC,邱厝子段,6.87,都市：住,,,,01450020
RPRNMLLJPHGGFBB27CC,太和段,.00,都市：住,,,,00300000
RPPQMLLJPHGGFCB47CC,惠民段,.00,,,,,01430001
RPVOMLLJPHGGFBB77CC,賴厝廍段,4.43,都市：住,,,,00540000
RPOOMLLJPHGGFBB07CC,錦村段,.00,都市：商,,,,03310000
RPPNMLLJPHGGFBB07CC,邱厝子段,12.05,都市：住,,,,00200000
RPPNMLLJPHGGFBB07CC,邱厝子段,1.73,都市：住,,,,00210074
RPPNMLLJPHGGFBB07CC,邱厝子段,.22,都市：住,,,,00210339
RPPNMLLJPHGGFBB07CC,邱厝子段,.21,都市：住,,,,00210362
RPPNMLLJPHGGFBB07CC,邱厝子段,.19,都市：住,,,,00210365
RPPOMLLJPHGGFBB17CC,賴厝廍段,27.76,都市：住,,,,02210011
RPXNMLMJPHGGFBB97CC,乾溝子段,2.47,都市：住,,,,01700049
RPOPMLLJPHGGFBB17CC,太和段,.00,都市：住,,,,00300000
RPWNMLMJPHGGFBB87CC,水湳段,23.04,都市：住,,,,13540000
RPROMLLJPHGGFBB37CC,邱厝子段,.00,都市：住,,,,00040000
RPSPMLMJPHGGFBB67CC,北屯段,10.02,都市：住,,,,01330000
RPOOMLMJPHGGFBB17CC,東光段,17.16,都市：商,,,,01930000
RPOQMLMJPHGGFBB37CC,中清段,9.28,都市：商,,,,00060000
RPPOMLMJPHGGFBB27CC,邱厝子段,6.87,都市：住,,,,01450020
RPPQMLMJPHGGFBB47CC,中清段,8.55,都市：商,,,,00060000
RPWPMLMJPHGGFBB08CC,東峰段,35.40,都市：商,,,,02550000
RPWNMLMJPHGGFCB97CC,田心段,17.09,都市：住,,,,09820000
RPUNMLMJPHGGFCB77CC,國安段,11.87,都市：住,,,,00120014
RPPOMLMJPHGGFCB37CC,惠民段,18.40,都市：其他:新市政中心專用區,,,,01430001
RPQOMLMJPHGGFCB47CC,南屯段,87.00,都市：住,,,,11960000
RPROMLMJPHGGFCB57CC,惠民段,16.82,都市：其他:新市政中心專用區,,,,01430001
RPTOMLMJPHGGFCB77CC,中仁段,28.34,都市：住,,,,05550000
RPXOMLMJPHGGFCB18CC,中和段,6.98,都市：住,,,,04050004
RPVQMLMJPHGGFCB18CC,國安段,68.68,都市：住,,,,05930004
RPTQMLMJPHGGFCB97CC,民安段,20.42,都市：住,,,,06620000
RPURMLMJPHGGFCB18CC,上石碑段,10.73,都市：商,,,,20410000
RPSNMLMJPHGGFAB47DC,旱清段,17.23,都市：住,,,,01100012
RPPPMLMJPHGGFBB47DC,錦村段,92.00,都市：商,,,,03170039
RPQPMLMJPHGGFJB28CC,勤益段,4.53,非都市：鄉村區 ; 非都市編定：乙種建築用地,,,,04090000
RPRNMLMJPHGGFAB27CC,下橋子頭段,.00,都市：住,,,,01610173
RPRNMLMJPHGGFAB27CC,下橋子頭段,.00,都市：住,,,,01530042
RPRNMLMJPHGGFAB27CC,下橋子頭段,.00,都市：住,,,,01530043
RPTNMLMJPHGGFAB47CC,麻園頭段,19.29,都市：商,,,,08250000
RPQOMLMJPHGGFIB08CC,中興段,.00,都市：住,,,,04290010
RPVNMLMJPHGGFAB67CC,土庫段,13.28,都市：住,,,,00320004
RPQNMLMJPHGGFIB97CC,北里段,1570.50,非都市：特定農業區 ; 非都市編定：農牧用地,,,,05910000
RPUNMLMJPHGGFAB57CC,後壠子段,12.97,都市：住,,,,02250011
RPVOMLMJPHGGFAB77CC,後壠子段,.00,都市：商,,,,02520213
RPXOMLMJPHGGFAB97CC,麻園頭段,16.71,都市：住,,,,00020011
RPPOMLMJPHGGFAB17CC,旱溪段,24.08,都市：住,,,,02720012
RPPOMLPJPHGGFAB47CC,下橋子頭段,1.83,都市：商,,,,02170014
RPOPMLPJPHGGFAB47CC,下橋子頭段,.00,都市：住,,,,02310001
RPWOMLPJPHGGFCB38CC,豐業段,.00,都市：住,,,,04280000
RPPOMLPJPHGGFIB28CC,崇光段,20.00,都市：住,,,,00370000
RPUOMLPJPHGGFIB78CC,大忠段,12.53,都市：商,,,,00660000
RPOPMLQJPHGGFBB67CC,東山段,1.80,都市：商,,,,02210000
RPOPMLPJPHGGFBB57CC,東山段,6.86,都市：住,,,,00390000
RPVPMLQJPHGGFBB38CC,太順段,.00,都市：住,,,,00030000
RPUPMLPJPHGGFBB18CC,水湳段,39.45,都市：住,,,,07450000
RPVPMLPJPHGGFBB28CC,賴厝廍段,3.42,都市：商,,,,00310003
RPVPMLPJPHGGFBB28CC,邱厝子段,2.75,都市：商,,,,00310062
RPOQMLQJPHGGFBB77CC,太原段,.00,都市：住,,,,01400004
RPPQMLQJPHGGFBB87CC,邱厝子段,.00,都市：住,,,,00090006
RPQQMLQJPHGGFBB97CC,錦村段,17.31,都市：住,,,,02400008
RPRQMLQJPHGGFBB08CC,碧柳段,.00,都市：住,,,,01700000
RPSQMLQJPHGGFBB18CC,東峰段,6.34,都市：住,,,,01580000
RPPSMLQJPHGGFCB18CC,國安段,.00,都市：住,,,,02920002
RPXQMLQJPHGGFCB78CC,中正段,.00,都市：商,,,,01550000
RPQRMLQJPHGGFCB18CC,上石碑段,9.59,都市：商,,,,26800000
RPVOMLQJPHGGFJB09CC,新興段,.00,都市：住,,,,00230000
RPUOMLQJPHGGFJB98CC,新德隆段,.00,非都市：鄉村區 ; 非都市編定：乙種建築用地,,,,08020005
RPQNMLQJPHGGFDB87CC,豐南段,50.21,都市：住,,,,00470000
RPVPMLQJPHGGFAB28CC,下橋子頭段,.00,都市：住,,,,02360162
RPXOMLQJPHGGFAB38CC,麻園頭段,11.88,都市：住,,,,02910000
RPUPMLQJPHGGFAB18CC,公館段,.00,都市：住,,,,01510124
RPPOMLQJPHGGFFB08CC,武秀段,26.53,都市：住,,,,08230000
RPUPMLQJPHGGFAB18CC,公館段,.00,都市：住,,,,01510148
RPTRMLQJPHGGFAB28CC,旱清段,12.15,都市：其他:空白,,,,02460000
RPWNMLQJPHGGFKB66DC,山腳段,18.18,都市：住,,,,00840000
RPPNMLQJPHGGFHB28DC,大富段,1390.47,都市：農,,,,03160000
RPTNMLRJPHGGFKB98CC,慶順段,23.50,非都市：鄉村區 ; 非都市編定：乙種建築用地,,,,07450000
RPTNMLRJPHGGFKB98CC,慶順段,23.58,非都市：鄉村區 ; 非都市編定：乙種建築用地,,,,07440000
RPRNMLRJPHGGFKB78CC,文昌段,40.00,都市：住,,,,20960000
RPSNMLRJPHGGFAB87CC,中墩段一小段,27.70,都市：商,,,,00210000
RPSNMLRJPHGGFAB87CC,中墩段一小段,11.96,都市：商,,,,00210005
RPPOMLRJPHGGFAB67CC,仁愛段七小段,5.37,都市：商,,,,00050000
RPPOMLRJPHGGFAB67CC,仁愛段七小段,1.08,都市：商,,,,00050024
RPVOMLRJPHGGFAB28CC,後壠子段,4.33,都市：住,,,,02350018
RPUNMLRJPHGGFDB38CC,豐南段,.00,都市：商,,,,03810000
RPSOMLRJPHGGFAB97CC,後壠子段,4.33,都市：住,,,,02350018
RPSNMLRJPHGGFHB58CC,牛埔段,100.69,都市：其他:宗教專用區,,,,01950000
RPSOMLRJPHGGFIB78CC,喬城段,.00,都市：住,,,,08240000
RPSOMLRJPHGGFJB88CC,德興段,.00,都市：住,,,,09620000
RPQQMLRJPHGGFCB18CC,上石碑段,.00,都市：住,,,,06600000
RPRQMLRJPHGGFCB28CC,國安段,.00,都市：住,,,,02920002
RPRNMLRJPHGGFHB48CC,學雅段,27.00,都市：住,,,,07070000
RPRNMLRJPHGGFHB48CC,學雅段,14.80,都市：住,,,,07060000
RPSQMLRJPHGGFCB38CC,國安段,.00,都市：住,,,,02920002
RPWOMLRJPHGGFBB48CC,昌平段,.00,都市：商,,,,02180000
RPPPMLRJPHGGFBB87CC,乾溝子段,9.14,都市：住,,,,01700049
RPPPMLRJPHGGFBB87CC,乾溝子段,.26,都市：住,,,,01730011
RPWNMLSJPHGGFCB58CC,大進段,4.52,都市：住,,,,10100000
RPOQMLSJPHGGFBB97CC,水源段,.00,都市：住,,,,02310000
RPPQMLSJPHGGFBB08CC,陳平段,3.53,都市：住,,,,17490015
RPPQMLSJPHGGFBB08CC,陳平段,5.17,都市：住,,,,17490016
RPXNMLSJPHGGFCB68CC,國安段,7.11,都市：住,,,,05930491
RPVOMLSJPHGGFCB58CC,中仁段,3.69,都市：商,,,,03410000
RPTPMLSJPHGGFCB48CC,中仁段,3.69,都市：商,,,,03410000
RPSNMLSJPHGGFHB68CC,甘潭段,17.65,都市：住,,,,05200002
RPQPMLSJPHGGFCB18CC,西屯段,4.10,都市：住,,,,22830002
RPWOMLSJPHGGFCB68CC,大進段,13.10,都市：住,,,,06170000
RPUNMLSJPHGGFAB18CC,柳川段一小段,1.57,都市：商,,,,00040000
RPUNMLSJPHGGFAB18CC,柳川段一小段,.36,都市：商,,,,00040006
RPROMLSJPHGGFFB48CC,市鎮北段,17.08,都市：商,,,,00420000
RPWOMLTJPHGGFAB58CC,麻園頭段,3.78,都市：商,,,,00460000
RPVOMLTJPHGGFAB48CC,麻園頭段,3.78,都市：商,,,,00460000
RPVNMLSJPHGGFFB78CC,市鎮北段,13.44,都市：商,,,,02380000
RPQOMLTJPHGGFAB97CC,後壠子段,154.00,都市：住,,,,01180030
RPXNMLTJPHGGFJB86CC,育賢段,.00,都市：住,,,,02080000
RPTPMLTJPHGGFAB38CC,後壠子段,154.00,都市：住,,,,01180030
RPOOMLTJPHGGFJB68CC,育賢段,.00,都市：住,,,,02080000
RPQOMLTJPHGGFCB18CC,西屯段,.00,都市：住,,,,19000001
RPOOMLTJPHGGFCB97CC,協和段,.00,都市：工,,,,01990000
RPPOMLTJPHGGFCB08CC,新富段,.00,都市：住,,,,02310000
RPPOMLTJPHGGFCB08CC,新富段,.00,都市：住,,,,02320000
RPPOMLTJPHGGFCB08CC,新富段,.00,都市：住,,,,02710000
RPSOMLTJPHGGFCB38CC,中仁段,3.69,都市：商,,,,03410000
RPUPMLTJPHGGFCB68CC,寶文段,.00,,,,,00720019
RPVNMLLKPHGGFBB77CC,昌平段,87.58,都市：住,,,,01600004
RPUPMLTJPHGGFBB58CC,乾溝子段,17.83,都市：住,,,,01670099
RPUPMLTJPHGGFBB58CC,乾溝子段,11.12,都市：住,,,,01670003
RPUPMLTJPHGGFBB58CC,乾溝子段,58.04,都市：住,,,,01670098
RPUNMLLKPHGGFBB67CC,東光段,.21,都市：住,,,,02060000
RPVOMLMKPHGGFCB08CC,西屯段,57.50,都市：住,,,,15200002
RPUNMLLKPHGGFBB67CC,東光段,19.09,都市：住,,,,02060000
RPTPMLMKPHGGFCB97CC,協和段,9554.00,都市：工,,,,01130000
RPVPMLMKPHGGFCB18CC,協和段,178.12,都市：工,,,,00350000
RPSNMLMKPHGGFJB38CC,宜欣段,8.94,都市：住,,,,19130005
RPTOMLMKPHGGFAB67CC,麻園頭段,2.91,都市：商,,,,00460000
RPTOMLNKPHGGFAB77CC,尚武段,.00,都市：住,,,,04240000
RPTOMLNKPHGGFAB77CC,尚武段,.00,都市：住,,,,04440000
RPQOMLNKPHGGFAB47CC,後壠子段,2.70,都市：住,,,,01220005
RPUOMLNKPHGGFAB87CC,後壠子段,4.27,都市：商,,,,02240006
RPVOMLNKPHGGFAB97CC,東勢子段,23.60,都市：住,,,,00930049
RPVOMLNKPHGGFAB97CC,東勢子段,13.60,都市：住,,,,00930131
RPRPMLNKPHGGFIB48CC,新榮和段,3.97,都市：住,,,,00290000
RPVPMLNKPHGGFIB88CC,新義段,32.06,都市：商,,,,00120000
RPQOMLNKPHGGFJB38CC,溪洲段,33.64,都市：住,,,,01660000
RPXOMLNKPHGGFAB18CC,下橋子頭段,1.83,都市：商,,,,02170014
RPTOMLNKPHGGFCB97CC,寶山段,6.26,都市：住,,,,08840000
RPOPMLNKPHGGFAB37CC,後壠子段,.00,都市：其他:市場用地,,,,02100194
RPRPMLNKPHGGFCB87CC,順和段,7.53,都市：住,,,,01450000
RPXPMLNKPHGGFCB48CC,西屯段,.00,都市：住,,,,22790000
RPOQMLNKPHGGFCB67CC,惠安段,.00,都市：商,,,,01630000
RPWPMLNKPHGGFIB98CC,新甲段,.00,都市：商,,,,01290000
RPPPMLNKPHGGFCB67CC,福安段,.00,都市：住,,,,07970001
RPPQMLNKPHGGFCB77CC,國安段,.00,都市：住,,,,05930135
RPWPMLNKPHGGFBB28CC,北屯段,71.00,都市：住,,,,00150002
RPROMLNKPHGGFBB67CC,賴厝廍段,3.51,都市：住,,,,04420000
RPTNMLNKPHGGFBB77CC,文正段,19.44,都市：商,,,,00520124
RPSNMLOKPHGGFBB77CC,賴厝廍段,.00,都市：住,,,,02990003
RPSNMLOKPHGGFBB77CC,賴厝廍段,.00,都市：住,,,,03200003
RPSNMLOKPHGGFBB77CC,賴厝廍段,.00,都市：住,,,,03200007
RPPPMLNKPHGGFBB57CC,太和段,20.74,都市：住,,,,00510000
RPTNMLOKPHGGFBB87CC,乾溝子段,109.47,都市：住,,,,01420030
RPPOMLOKPHGGFCB67CC,黎明段,.00,都市：住,,,,00530005
RPPOMLOKPHGGFCB67CC,黎明段,.00,都市：住,,,,01090002
RPSOMLOKPHGGFCB97CC,上石碑段,.00,都市：商,,,,09640040
RPUNMLOKPHGGFCB08CC,大新段,12.59,都市：住,,,,08750000
RPQQMLOKPHGGFBB87CC,東光段,.00,都市：商,,,,01900001
RPTNMLOKPHGGFCB97CC,惠民段,11.03,都市：其他:第六種新市政中心專用區,,,,01110000
RPROMLOKPHGGFCB87CC,中仁段,.00,都市：住,,,,02770000
RPWQMLOKPHGGFIB56CC,喬城段,21.09,都市：住,,,,08230000
RPSNMLOKPHGGFCB87CC,信安段,.00,都市：住,,,,08570004
RPQOMLOKPHGGFCB77CC,中仁段,.00,都市：住,,,,02770000
RPRQMLOKPHGGFCB08CC,惠義段,115.30,都市：住,,,,01240000
RPTOMLOKPHGGFAB87CC,下橋子頭段,55.00,都市：商,,,,02160040
RPPNMLOKPHGGFKB38CC,文昌段,40.00,都市：住,,,,20960000
RPPOMLPKPHGGFIB38CC,鳳凰段,.00,非都市：工業區 ; 非都市編定：丁種建築用地,,,,01830034
RPPOMLPKPHGGFIB38CC,鳳凰段,.00,非都市：工業區 ; 非都市編定：丁種建築用地,,,,01830000
RPWNMLPKPHGGFIB98CC,興祥段,17.88,都市：住,,,,01610000
RPWOMLPKPHGGFIB09CC,九如段,11.51,都市：住,,,,05260000
RPTOMLPKPHGGFAB97CC,中華段三小段,1.65,都市：商,,,,00020021
RPUNMLPKPHGGFAB08DC,下橋子頭段,21.54,都市：住,,,,01630011
RPXOMLPKPHGGFIB56CC,烏日段,114.00,都市：住,,,,07000007
RPXNMLPKPHGGFDB58CC,豐原段,17.42,都市：住,,,,07670012
RPPPMLPKPHGGFIB48CC,興祥段,9.08,都市：住,,,,01600000
RPOOMLPKPHGGFCB67CC,豐業段,937.90,都市：住,,,,01990000
RPTNMLPKPHGGFCB08CC,寶山段,13.70,都市：住,,,,08100000
RPTOMLPKPHGGFCB18CC,何厝段,90.00,都市：商,,,,00980202
RPXOMLPKPHGGFCB58CC,順和段,1031.46,都市：工,,,,04160013
RPUPMLPKPHGGFCB38CC,上石碑段,29.11,都市：住,,,,26710000
RPPOMLPKPHGGFBB67CC,錦村段,30.03,都市：住,,,,03590047
RPPOMLPKPHGGFBB67CC,錦村段,.05,都市：住,,,,03590048
RPPOMLPKPHGGFBB67CC,錦村段,1.92,都市：住,,,,03590089
RPVOMLPKPHGGFBB28CC,東光段,.00,都市：住,,,,02690000
RPVOMLPKPHGGFBB28CC,北屯段,.00,都市：住,,,,05510016
RPVOMLPKPHGGFBB28CC,北屯段,.00,都市：住,,,,05520004
RPSOMLPKPHGGFBB97CC,平田段,8.88,都市：住,,,,01000000
RPWPMLPKPHGGFBB48CC,東正段,6.47,都市：住,,,,01040000
RPQQMLPKPHGGFBB97CC,太原段,13.96,都市：住,,,,01000000
RPSNMLQKPHGGFBB97CC,景美段,20.34,都市：商,,,,00150000
RPUNMLQKPHGGFCB28CC,西屯段,3.70,都市：住,,,,20320041
RPTNMLQKPHGGFCB18CC,黎明段,95.29,都市：住,,,,03510000
RPXNMLQKPHGGFBB48CC,竹興段,25.24,都市：住,,,,02070000
RPVOMLQKPHGGFCB48CC,惠信段,6.48,都市：住,,,,00950000
RPWNMLQKPHGGFJB56CC,平欣段,8.02,都市：商,,,,07130000
RPRPMLQKPHGGFFB48CC,清水段清水小段,92.00,都市：住,,,,02990031
RPTNMLQKPHGGFIB78CC,自立段,25.55,都市：住,,,,07690000
RPSNMLQKPHGGFAB87CC,土庫段,.00,都市：商,,,,00550010
RPSNMLQKPHGGFAB87CC,土庫段,.00,都市：其他:道路用地,,,,00550039
RPSNMLQKPHGGFAB87CC,土庫段,.00,都市：住,,,,00550040
RPUNMLQKPHGGFAB08CC,柳川段一小段,1.17,都市：商,,,,00040000
RPUNMLQKPHGGFAB08CC,柳川段一小段,.36,都市：商,,,,00040006
RPWNMLQKPHGGFKB66CC,遊園南段,76.40,非都市：鄉村區 ; 非都市編定：乙種建築用地,,,,05900000
RPPNMLQKPHGGFJB58DC,仁平段,18.62,都市：住,,,,07960000
RPQPMLTKPHGGFAB18CC,下橋子頭段,.00,都市：住,,,,02580003
RPVPMLTKPHGGFBB78CC,東光段,2.75,都市：商,,,,01950001
RPOQMLTKPHGGFCB28CC,中仁段,2.24,都市：商,,,,03360000
RPPQMLTKPHGGFCB38CC,國安段,3.59,都市：住,,,,00120015
RPTOMLTKPHGGFCB58CC,寶文段,.00,都市：住,,,,00750017
RPWNMLKLPHGGFBB87CC,東信段,11.25,都市：住,,,,01640000
RPQQMLTKPHGGFCB48CC,田心段,.00,都市：住,,,,08960000
RPROMLKLPHGGFBB47CC,文正段,.00,都市：住,,,,00800014
RPROMLKLPHGGFBB47CC,文正段,.00,都市：住,,,,00800000
RPROMLKLPHGGFBB47CC,文正段,.00,都市：住,,,,00810004
RPXOMLKLPHGGFBB08CC,賴厝廍段,3.56,都市：商,,,,00310003
RPXOMLKLPHGGFBB08CC,邱厝子段,2.86,都市：商,,,,00310062
RPWOMLKLPHGGFBB97CC,賴厝廍段,.29,都市：商,,,,00310003
RPWOMLKLPHGGFBB97CC,邱厝子段,.23,都市：商,,,,00310062
RPOPMLKLPHGGFBB27CC,賴厝廍段,4.08,都市：商,,,,00310003
RPOPMLKLPHGGFBB27CC,邱厝子段,3.25,都市：商,,,,00310062
RPVNMLKLPHGGFCB87CC,永富段,507.50,都市：住,,,,02510000
RPPRMLKLPHGGFBB57CC,平田段,13.62,都市：住,,,,01000000
RPWNMLKLPHGGFCB97CC,福星段,.00,都市：住,,,,03280000
RPPRMLKLPHGGFBB57CC,平田段,2.51,都市：住,,,,01000001
RPWRMLKLPHGGFBB28CC,賴厝廍段,9.99,都市：住,,,,01170002
RPVOMLKLPHGGFCB97CC,中正段,5.67,都市：商,,,,01550000
RPOOMLKLPHGGFCB27CC,何安段,47.34,都市：商,,,,01600001
RPOOMLKLPHGGFCB27CC,何安段,43.22,都市：商,,,,01600000
RPXOMLKLPHGGFCB18CC,中正段,6.28,都市：商,,,,01550000
RPQPMLKLPHGGFCB57CC,中正段,5.31,都市：商,,,,01550000
RPTQMLKLPHGGFCB97CC,豐富段,.00,都市：商,,,,01460000
RPXPMLKLPHGGFCB28CC,大進段,10.50,都市：住,,,,07630000
RPPPMLKLPHGGFFB77CC,市鎮北段,14.99,都市：商,,,,00420000
RPTOMLLLPHGGFFB18CC,英才段,29.83,都市：住,,,,07400000
RPUNMLLLPHGGFFB18CC,南簡段,24.78,都市：住,,,,07270001
RPPPMLLLPHGGFAB37CC,後壠子段,2.28,都市：住,,,,01310080
RPVNMLLLPHGGFFB28CC,市鎮北段,15.12,都市：商,,,,00120000
RPSPMLLLPHGGFAB67CC,麻園頭段,.00,都市：住,,,,01880000
RPVOMLLLPHGGFFB38CC,市鎮南段,.00,都市：商,,,,01190000
RPTPMLLLPHGGFAB77CC,大益段,.00,都市：住,,,,02300000
RPXOMLLLPHGGFAB08CC,旱溪段,.00,都市：住,,,,01740007
RPUNMLLLPHGGFHB38CC,復興段,.00,都市：住,,,,05750000
RPVNMLLLPHGGFIB58CC,新榮和段,3.97,都市：住,,,,00290000
RPVNMLLLPHGGFHB48CC,大新段,11.73,都市：住,,,,08400000
RPQNMLLLPHGGFHB97CC,興華段,6.24,都市：商,,,,03530000
RPWNMLLLPHGGFIB68CC,新榮泉段,21.62,都市：住,,,,01570000
RPVOMLLLPHGGFIB68CC,新榮泉段,.00,都市：住,,,,01570000
RPOOMLLLPHGGFHB87CC,大新段,18.48,都市：住,,,,08400000
RPRPMLLLPHGGFCB77CC,下石碑段,34.45,都市：住,,,,18310000
RPUOMLLLPHGGFCB97CC,民安段,.00,都市：住,,,,03880000
RPPOMLLLPHGGFHB97CC,三和段,90.00,都市：農,,,,04010006
RPWOMLLLPHGGFBB08CC,陳平段,29.06,都市：住,,,,19350000
RPWOMLLLPHGGFBB08CC,仁德段,.10,都市：住,,,,10380003
RPWOMLLLPHGGFBB08CC,仁德段,.43,都市：住,,,,10380007
RPRSMLLLPHGGFCB08CC,三塊厝段,7.23,都市：其他:市場用地,,,,09940000
RPQPMLLLPHGGFBB57CC,賴厝廍段,2.95,都市：商,,,,00310003
RPOQMLLLPHGGFBB47CC,太原段,.00,都市：住,,,,01000000
RPXPMLLLPHGGFBB28CC,乾溝子段,3.95,都市：住,,,,01350000
RPRQMLLLPHGGFBB77CC,水源段,27.50,都市：住,,,,00960004
RPOOMLMLPHGGFBB37CC,中興段,12.79,都市：住,,,,03820000
RPTQMLLLPHGGFBB97CC,水源段,.00,都市：商,,,,02340003
RPOPMLLLPHGGFCB47CC,三塊厝段,2.10,都市：其他:市場用地,,,,09940000
RPRNMLMLPHGGFBB57CC,東光段,.00,都市：商,,,,01950001
RPVPMLMLPHGGFBB18CC,東峰段,10.58,都市：住,,,,01580000
RPRNMLMLPHGGFCB67CC,上石碑段,129.00,都市：住,,,,05710000
RPWQMLMLPHGGFCB48CC,廣明段,73.89,都市：住,,,,06100000
RPXPMLMLPHGGFBB38CC,中清段,8.55,都市：住,,,,00060000
RPWPMLMLPHGGFBB28CC,東峰段,9.23,都市：住,,,,01580000
RPSOMLMLPHGGFJB58CC,新福段,19.46,都市：住,,,,02450000
RPOQMLMLPHGGFBB57CC,錦村段,17.07,都市：住,,,,00740000
RPVOMLMLPHGGFJB88CC,育賢段,18.48,都市：商,,,,01330000
RPOQMLMLPHGGFCB67CC,上石碑段,22.56,都市：商,,,,00620007
RPTQMLMLPHGGFCB18CC,安林段,.00,都市：住,,,,06430000
RPUNMLNLPHGGFFB38CC,南簡段,.00,都市：住,,,,06080003
RPTOMLMLPHGGFAB77CC,麻園頭段,32.00,都市：住,,,,04650000
RPQNMLNLPHGGFJB38CC,東平段,25.12,都市：住,,,,13030000
RPXNMLNLPHGGFHB88CC,三和段,56.00,都市：住,,,,08260015
RPSNMLNLPHGGFJB58CC,萬福段,.00,非都市：鄉村區 ; 非都市編定：乙種建築用地,,,,05770000
RPPNMLNLPHGGFAB37CC,城隍段三小段,29.54,都市：住,,,,00020025
RPXRMLNLPHGGFIB76CC,武德段,66.38,都市：住,,,,08090000
RPOOMLNLPHGGFHB08CC,自強段,510.00,非都市：特定農業區 ; 非都市編定：甲種建築用地,,,,26180000
RPUUMLNLPHGGFIB76CC,中興段,20.70,都市：商,,,,02030000
RPQNMLNLPHGGFDB77CC,南村段,.00,都市：商,,,,03470000
RPVNMLNLPHGGFCB18CC,順和段,17.68,都市：住,,,,03160000
RPSPMLNLPHGGFCB08CC,國安段,.00,都市：住,,,,05930489
RPUQMLNLPHGGFCB38CC,寶文段,.00,都市：住,,,,00750017
RPRNMLNLPHGGFBB67CC,松茂段,.00,都市：住,,,,08720000
RPPQMLNLPHGGFCB87CC,三塊厝段,11.77,都市：住,,,,12420000
RPPQMLNLPHGGFCB87CC,三塊厝段,13.80,都市：住,,,,12420001
RPPQMLNLPHGGFCB87CC,三塊厝段,.01,都市：住,,,,12420003
RPUOMLNLPHGGFBB08CC,松昌段,.29,都市：住,,,,04820000
RPUOMLNLPHGGFBB08CC,松昌段,13.75,都市：住,,,,04850000
RPQPMLNLPHGGFBB77CC,北屯段,24.70,都市：住,,,,05240000
RPRPMLNLPHGGFBB87CC,錦村段,26.56,都市：住,,,,03170011
RPQNMLNLPHGGFBB57CC,太順段,.00,都市：住,,,,00570019
RPVNMLQLPHGGFBB38CC,東山段,.00,都市：住,,,,02850000
RPOQMLQLPHGGFBB97CC,太順段,.00,都市：住,,,,00030000
RPTPMLNLPHGGFBB08CC,錦村段,27.95,都市：住,,,,02600016
RPWNMLQLPHGGFBB48CC,乾溝子段,.00,都市：住,,,,01430056
RPSQMLQLPHGGFCB48CC,國安段,.00,都市：住,,,,00120015
RPOPMLQLPHGGFBB87CC,北屯段,.00,都市：住,,,,01910000
RPVPMLQLPHGGFBB58CC,松茂段,148.76,都市：農,,,,06490000
RPVPMLQLPHGGFCB68CC,西屯段,.00,都市：住,,,,19000001
RPURMLQLPHGGFCB78CC,信安段,.00,都市：住,,,,06430000
RPURMLQLPHGGFCB78CC,信安段,.00,都市：住,,,,06430001
RPWPMLQLPHGGFCB78CC,下石碑段,.00,都市：住,,,,16920003
RPVSMLQLPHGGFIB96CC,新義段,.00,都市：商,,,,00420000
RPXNMLQLPHGGFJB76CC,永豐段,.00,都市：住,,,,07960000
RPVNMLQLPHGGFFB78CC,市鎮北段,.00,都市：商,,,,02010000
RPVNMLRLPHGGFFB88CC,菁埔南段,79.26,都市：住,,,,05160001
RPXNMLRLPHGGFFB09CC,市鎮北段,19.12,都市：商,,,,02380000
RPPOMLQLPHGGFDB08CC,翁明段,10.88,都市：商,,,,04220000
RPSNMLRLPHGGFIB88CC,新站南段,14.05,都市：住,,,,00230000
RPTNMLRLPHGGFFB68CC,市鎮北段,18.11,都市：商,,,,00420000
RPWNMLRLPHGGFFB98CC,市鎮北段,12.86,都市：商,,,,02380000
RPQOMLRLPHGGFIB78CC,益民段,.00,都市：住,,,,01940000
RPQNMLRLPHGGFKB88CC,福利段,39.75,都市：商,,,,00420000
RPWNMLRLPHGGFIB66CC,光日段,18.82,都市：住,,,,01500000
RPTNMLRLPHGGFKB56CC,自治段,79.49,都市：住,,,,04230116
RPOOMLRLPHGGFDB18DC,豐年段,652.63,都市：工,,,,14630000
RPOOMLRLPHGGFDB18DC,豐年段,175.79,都市：工,,,,14490001
RPVNMLRLPHGGFCB58CC,福安段,11.32,都市：住,,,,00080001
RPPOMLRLPHGGFCB08CC,上石碑段,.00,都市：住,,,,18490000
RPPOMLRLPHGGFCB08CC,上石碑段,.00,都市：住,,,,18660000
RPPOMLRLPHGGFCB08CC,上石碑段,.00,都市：住,,,,18470000
RPPOMLRLPHGGFCB08CC,上石碑段,.00,都市：住,,,,18710014
RPTNMLQLPHGGFHB78CC,大新段,11.73,都市：住,,,,08400000
RPOOMLRLPHGGFCB97CC,惠民段,14.07,都市：其他:新市政中心專用區,,,,01390000
RPUNMLRLPHGGFCB48CC,惠民段,3.96,都市：其他:新市政中心專用區,,,,00110000
RPSOMLRLPHGGFCB38CC,惠民段,20.28,都市：其他:新市政中心專用區,,,,01430001
RPUPMLQLPHGGFAB38CC,麻園頭段,.00,都市：住,,,,00040000
RPQOMLRLPHGGFCB18CC,惠民段,11.96,都市：其他:新市政中心專用區,,,,00110000
RPTOMLRLPHGGFCB48CC,中仁段,62.13,都市：住,,,,05990000
RPQPMLRLPHGGFCB28CC,寶山段,16.80,都市：住,,,,12340000
RPWOMLRLPHGGFBB68CC,北屯段,12.00,都市：住,,,,02380000
RPOQMLRLPHGGFCB18CC,信安段,9.34,都市：住,,,,05930002
RPPPMLRLPHGGFBB08CC,竹興段,25.56,都市：住,,,,02070000
RPXOMLRLPHGGFBB78CC,松竹段,28.00,都市：住,,,,07410000
RPOPMLRLPHGGFBB97CC,北屯段,10.02,都市：住,,,,01330000
RPTPMLRLPHGGFBB48CC,東峰段,6.84,都市：住,,,,01580000
RPUPMLRLPHGGFBB58CC,東新段,.00,都市：住,,,,01380000
RPVPMLRLPHGGFBB68CC,東光段,.00,都市：住,,,,02900000
RPXOMLSLPHGGFBB88CC,軍福段,15.48,都市：商,,,,01400000
RPWPMLRLPHGGFBB78CC,松昌段,.00,都市：住,,,,06240000
RPWOMLSLPHGGFBB78CC,太和段,20.04,都市：住,,,,00860000
RPOPMLSLPHGGFBB08CC,文北段,26.42,都市：住,,,,01780000
RPSNMLSLPHGGFCB38CC,民安段,.00,都市：住,,,,03040000
RPPNMLSLPHGGFCB08CC,惠民段,.00,都市：其他:第六種新市政中心專用區,,,,01090000
RPWPMLSLPHGGFCB98CC,民安段,.00,都市：住,,,,06620000
RPWPMLSLPHGGFCB98CC,民安段,.00,都市：其他:道路用地,,,,06620001
RPQQMLSLPHGGFCB48CC,中仁段,3.69,都市：商,,,,03410000
RPXPMLSLPHGGFCB09CC,上石碑段,2.36,都市：商,,,,20370000
RPSQMLSLPHGGFCB68CC,大進段,11.60,都市：住,,,,06000000
RPURMLSLPHGGFCB98CC,豐業段,.00,都市：住,,,,01990000
RPPOMLSLPHGGFIB78CC,國中段,448.74,都市：工,,,,02120000
RPUNMLSLPHGGFHB09CC,四維段,378.49,都市：住,,,,04160000
RPVQMLSLPHGGFCB98CC,大墩段,.00,都市：住,,,,04030000
RPPNMLSLPHGGFDB28DC,大富段,1167.50,都市：工,,,,13740000
RPPNMLSLPHGGFDB28DC,大富段,828.88,都市：工,,,,13760000
RPPOMLSLPHGGFFB48CC,市鎮北段,17.03,都市：商,,,,02950000
RPVNMLSLPHGGFHB66DC,甘潭段,97.96,都市：住,,,,00300000
RPWOMLSLPHGGFFB56CC,市鎮北段,12.74,都市：商,,,,02010000
RPROMLSLPHGGFAB18CC,柳川段一小段,1.57,都市：商,,,,00040000
RPROMLSLPHGGFAB18CC,柳川段一小段,.36,都市：商,,,,00040006
RPQNMLTLPHGGFJB98CC,宜欣段,48.00,都市：住,,,,17230004
RPQNMLTLPHGGFJB98CC,宜欣段,21.00,都市：住,,,,17240017
RPRNMLTLPHGGFJB09CC,福平段,.00,都市：住,,,,05470000
RPTNMLTLPHGGFDB68CC,陽明段,.00,都市：住,,,,09740000
RPRNMLTLPHGGFAB18CC,下橋子頭段,17.89,都市：住,,,,01670003
RPSOMLSLPHGGFAB28CC,平和段,2.60,都市：商,,,,00500000
RPUNMLTLPHGGFDB78CC,安康段,9.14,都市：住,,,,04100000
RPPNMLTLPHGGFHB68CC,東寶七段,.00,都市：住,,,,05190000
RPTOMLTLPHGGFJB76CC,育賢段,.00,都市：住,,,,01880000
RPVNMLTLPHGGFDB88CC,豐原段,.00,都市：商,,,,01950001
RPORMLTLPHGGFIB09CC,峰北段,19.16,都市：住,,,,06450000
RPSPMLTLPHGGFIB66CC,峰南段,15.82,都市：商,,,,09170000
RPWSMLTLPHGGFIB37CC,霧峰段霧峰小段,119.80,非都市：山坡地保育區 ; 非都市編定：丙種建築用地,,,,00210037
RPVNMLTLPHGGFIB76CC,喬城段,34.16,都市：住,,,,05900000
RPRNMLTLPHGGFCB38CC,中仁段,3.69,都市：商,,,,03410000
RPQOMLTLPHGGFCB38CC,中正段,5.67,都市：住,,,,01550000
RPSNMLTLPHGGFCB48CC,國安段,4.61,都市：住,,,,02920002
RPTNMLTLPHGGFCB58CC,國安段,.00,都市：住,,,,03000000
RPRNMLTLPHGGFBB28CC,太順段,23.71,都市：住,,,,00540000
RPTNMLTLPHGGFBB48CC,錦村段,4.84,都市：住,,,,00610000
RPVNMLTLPHGGFBB68CC,賴厝廍段,.00,都市：住,,,,03620025
RPVNMLTLPHGGFBB68CC,賴厝廍段,.00,都市：住,,,,03620040
RPVNMLTLPHGGFBB68CC,賴厝廍段,.00,都市：住,,,,03620046
RPUOMLMJQHGGFBB87CC,文正段,6.00,都市：住,,,,01150002
RPUOMLMJQHGGFBB87CC,文正段,.88,都市：住,,,,01150169
RPUNMLTLPHGGFBB58CC,松茂段,17.05,都市：住,,,,05390000
RPQOMLMJQHGGFBB47CC,敦和段,1527.04,都市：住,,,,02480000
RPVOMLMJQHGGFBB97CC,文正段,6.00,都市：住,,,,01150002
RPVOMLMJQHGGFBB97CC,文正段,.88,都市：住,,,,01150169
RPWNMLMJQHGGFBB97CC,長春段,.00,都市：住,,,,00500000
RPSPMLMJQHGGFBB77CC,軍福段,15.92,都市：商,,,,01390000
RPUPMLMJQHGGFBB97CC,北屯段,5.41,都市：住,,,,01680003
RPPOMLMJQHGGFCB47CC,文山段,.00,都市：工,,,,01160000
RPPPMLMJQHGGFCB57CC,協成段,2718.58,都市：工,,,,06430000
RPPPMLMJQHGGFCB57CC,協成段,533.91,都市：工,,,,06440000
RPSPMLMJQHGGFCB87CC,西屯段,.00,都市：住,,,,19000001
RPWNMLMJQHGGFIB68CC,吉隆段,.00,都市：住,,,,14250000
RPUOMLMJQHGGFJB68CC,新高段,.00,都市：住,,,,07130000
RPUOMLMJQHGGFJB68CC,番子路段,.00,都市：住,,,,02090000
RPWOMLMJQHGGFIB78CC,益民段,83.35,都市：住,,,,13530000
RPXOMLMJQHGGFIB88CC,成功段,137.21,都市：商,,,,07980001
RPUNMLMJQHGGFAB67CC,下橋子頭段,1.72,都市：商,,,,02170014
RPXNMLMJQHGGFHB68CC,四維段,.00,都市：工,,,,06770000
RPRPMLMJQHGGFAB57CC,半平厝段,41.05,都市：住,,,,07520000
RPQOMLMJQHGGFFB87CC,晉江北段,28.48,都市：住,,,,01080000
RPUPMLMJQHGGFAB97DC,旱清段,17.23,都市：住,,,,01100012
RPWNMLNJQHGGFKB98CC,新東段,21.60,非都市：鄉村區 ; 非都市編定：乙種建築用地,,,,03540000
RPTNMLNJQHGGFKB68CC,新東段,23.37,非都市：鄉村區 ; 非都市編定：乙種建築用地,,,,04210000
RPQNMLNJQHGGFKB38CC,慶順段,17.24,非都市：鄉村區 ; 非都市編定：乙種建築用地,,,,06730000
RPQNMLNJQHGGFKB38CC,慶順段,11.54,非都市：一般農業區 ; 非都市編定：丙種建築用地,,,,05070000
RPVOMLNJQHGGFFB48CC,六福段,34.88,都市：住,,,,04990000
RPXNMLNJQHGGFKB09CC,龍目井段水師寮小段,6.75,都市：住,,,,00980000
RPXNMLNJQHGGFKB09CC,龍目井段水師寮小段,21.73,都市：住,,,,00990010
RPSOMLNJQHGGFFB18CC,六福段,20.86,都市：住,,,,04990000
RPQNMLNJQHGGFAB37CC,下橋子頭段,.00,都市：商,,,,01340004
RPQNMLNJQHGGFAB37CC,下橋子頭段,.00,都市：住,,,,01360013
RPUPMLNJQHGGFFB48CC,市鎮北段,16.21,都市：商,,,,02380000
RPOOMLNJQHGGFKB28CC,自治段,10.77,都市：住,,,,04030000
RPOOMLNJQHGGFKB28CC,自治段,.05,都市：住,,,,04030004
RPXPMLNJQHGGFAB28CC,練武段,14.52,都市：住,,,,10740000
RPVPMLNJQHGGFAB08CC,旱溪段,25.39,都市：住,,,,02720158
RPUPMLNJQHGGFAB97CC,尚武段,24.71,都市：住,,,,07350000
RPPNMLNJQHGGFHB97CC,上楓段,19.95,都市：住,,,,11580000
RPUNMLNJQHGGFHB48CC,上楓段,84.00,都市：住,,,,13280010
RPOOMLNJQHGGFCB47CC,西屯段,8.26,都市：住,,,,23700051
RPRNMLNJQHGGFHB18CC,民生段,.04,都市：住,,,,04730000
RPRNMLNJQHGGFHB18CC,民生段,.33,都市：住,,,,04740000
RPRNMLNJQHGGFHB18CC,民生段,.58,都市：住,,,,04820000
RPRNMLNJQHGGFHB18CC,民生段,19.40,都市：住,,,,04830000
RPSOMLNJQHGGFHB38CC,學雅段,30.31,都市：住,,,,00210000
RPSOMLNJQHGGFHB38CC,學雅段,4.63,都市：住,,,,00210001
RPSOMLNJQHGGFHB38CC,學雅段,.37,都市：住,,,,00210002
RPSOMLNJQHGGFCB87CC,中仁段,13.20,都市：商,,,,03500000
RPXNMLNJQHGGFIB88CC,北新段,.00,都市：住,,,,10410000
RPSPMLNJQHGGFCB97CC,惠安段,.00,都市：住,,,,00310000
RPVPMLNJQHGGFCB28CC,中和段,.00,都市：住,,,,04780000
RPOQMLNJQHGGFCB67CC,寶文段,71.00,都市：住,,,,00340043
RPQNMLNJQHGGFBB47CC,東新段,1670.12,,,,,01100000
RPRTMLNJQHGGFCB28CC,上石碑段,16.83,都市：住,,,,17860000
RPRUMLNJQHGGFCB38CC,春安段,22.23,都市：住,,,,05860000
RPXNMLNJQHGGFBB18CC,邱厝子段,30.40,都市：住,,,,00470002
RPUQMLNJQHGGFBB18CC,邱厝子段,21.30,都市：住,,,,01410022
RPRRMLNJQHGGFBB97CC,賴厝廍段,.21,都市：商,,,,00310003
RPRRMLNJQHGGFBB97CC,邱厝子段,.17,都市：商,,,,00310062
RPORMLNJQHGGFBB67CC,仁和段,13.65,都市：住,,,,16220000
RPSRMLNJQHGGFBB08CC,賴厝廍段,.28,都市：商,,,,00310003
RPSRMLNJQHGGFBB08CC,邱厝子段,.22,都市：商,,,,00310062
RPXQMLNJQHGGFBB48CC,松昌段,7.91,都市：商,,,,06650000
RPWRMLNJQHGGFBB48CC,中清段,7.74,都市：住,,,,00060000
RPTRMLNJQHGGFBB18CC,東峰段,9.15,都市：住,,,,01580000
RPPRMLNJQHGGFBB77CC,文正段,21.73,都市：商,,,,00270015
RPURMLNJQHGGFBB28CC,東峰段,11.12,都市：住,,,,01580000
RPVRMLNJQHGGFBB38CC,東峰段,6.84,都市：住,,,,01580000
RPTNMLOJQHGGFBB87CC,陳平段,.00,都市：住,,,,19280000
RPVNMLOJQHGGFBB08CC,東峰段,5.93,都市：住,,,,00030000
RPXNMLOJQHGGFBB28CC,北屯段,18.56,都市：商,,,,03520000
RPWOMLOJQHGGFBB28CC,賴厝廍段,.00,都市：住,,,,00770073
RPOPMLOJQHGGFBB57CC,乾溝子段,.00,都市：住,,,,01670004
RPROMLOJQHGGFBB77CC,東山段,.00,都市：商,,,,02620000
RPPPMLOJQHGGFBB67CC,太原段,.00,都市：住,,,,01400004
RPVOMLOJQHGGFBB18CC,東新段,.00,都市：住,,,,01530000
RPSOMLOJQHGGFBB87CC,錦村段,9.43,都市：住,,,,01850000
RPTOMLOJQHGGFBB97CC,中清段,8.55,都市：商,,,,00060000
RPQPMLOJQHGGFBB77CC,北屯段,28.69,都市：住,,,,01980000
RPTPMLOJQHGGFBB08CC,東光段,18.83,都市：住,,,,02060000
RPUPMLOJQHGGFBB18CC,文正段,.00,都市：商,,,,00250004
RPQQMLOJQHGGFBB87CC,平田段,12.69,都市：住,,,,01000000
RPQQMLOJQHGGFBB87CC,平田段,2.34,都市：住,,,,01000001
RPVOMLOJQHGGFCB28CC,上石碑段,16.91,都市：住,,,,21060000
RPTPMLOJQHGGFCB18CC,中正段,8.21,都市：商,,,,01550000
RPSQMLOJQHGGFBB08CC,平田段,18.59,都市：住,,,,02440000
RPPPMLOJQHGGFCB77CC,中正段,10.54,都市：商,,,,01550000
RPQRMLOJQHGGFBB97CC,太原段,.00,都市：住,,,,01000000
RPWRMLOJQHGGFCB68CC,大新段,7.15,都市：住,,,,08800000
RPQPMLOJQHGGFCB87CC,中正段,5.27,都市：商,,,,01550000
RPVQMLOJQHGGFCB48CC,國安段,.00,都市：住,,,,05990000
RPPOMLOJQHGGFIB28CC,北新段,14.22,都市：住,,,,10490000
RPOQMLOJQHGGFCB77CC,上石碑段,10.73,都市：住,,,,20410000
RPUNMLOJQHGGFIB68CC,北新段,14.16,都市：住,,,,10490000
RPSNMLOJQHGGFHB38CC,栗林段,477.83,都市：住,,,,12630001
RPTNMLOJQHGGFHB48CC,四維段,11.30,都市：住,,,,04470000
RPQOMLOJQHGGFIB38CC,北新段,14.16,都市：住,,,,10490000
RPXNMLOJQHGGFAB18CC,仁愛段四小段,3.64,都市：商,,,,00020029
RPPNMLOJQHGGFHB08CC,中興段,.00,都市：住,,,,11880000
RPPNMLOJQHGGFJB28CC,溪洲段,126.49,都市：住,,,,10300000
RPQOMLOJQHGGFAB57CC,下橋子頭段,3.42,都市：商,,,,02170014
RPSNMLOJQHGGFFB18CC,護安段,.00,都市：住,,,,13080000
RPXNMLOJQHGGFFB68CC,興安西段,.00,都市：住,,,,07640000
RPPPMLOJQHGGFAB57CC,旱新段,9.32,都市：商,,,,07830000
RPTNMLPJQHGGFFB38CC,光華段,22.13,都市：住,,,,07990000
RPRNMLOJQHGGFKB58CC,東海段,69.10,都市：住,,,,04420000
RPTNMLOJQHGGFFB28CC,六福段,21.66,都市：住,,,,04990000
RPWNMLOJQHGGFFB58CC,市鎮北段,12.54,都市：商,,,,02010000
RPXNMLPJQHGGFFB78CC,興安段,54.55,都市：住,,,,03200000
RPVNMLPJQHGGFAB08CC,萬安段九小段,2.62,都市：住,,,,00010000
RPTNMLPJQHGGFAB87CC,麻園頭段,33.40,都市：住,,,,08590000
RPPNMLPJQHGGFAB47CC,後壠子段,.00,都市：住,,,,03300003
RPRNMLPJQHGGFAB67CC,中華段三小段,.00,都市：商,,,,00020021
RPQOMLPJQHGGFAB67CC,樹子腳段,6.10,都市：住,,,,00390000
RPUNMLPJQHGGFAB97CC,後壠子段,2.70,都市：住,,,,01220005
RPTOMLPJQHGGFAB97CC,中華段三小段,.00,都市：商,,,,00020021
RPVOMLPJQHGGFIB98CC,成功段,24.93,都市：住,,,,13000000
RPVOMLPJQHGGFIB98CC,成功段,49.32,都市：住,,,,13010000
RPUQMLPJQHGGFCB48CC,西屯段,6.39,都市：住,,,,15460000
RPOQMLPJQHGGFCB87CC,西屯段,50.95,都市：住,,,,06360000
RPSRMLPJQHGGFCB38CC,信安段,30.28,都市：住,,,,09200000
RPORMLPJQHGGFCB97CC,中和段,6.26,都市：住,,,,01560000
RPSNMLPJQHGGFBB87CC,賴厝廍段,1459.00,都市：住,,,,00260000
RPTNMLPJQHGGFBB97CC,東義段,31.13,都市：住,,,,00480000
RPUOMLPJQHGGFBB18CC,錦村段,79.00,都市：住,,,,00940036
RPVOMLPJQHGGFBB28CC,東信段,16.85,都市：商,,,,02680000
RPWOMLPJQHGGFBB38CC,文正段,4.00,都市：商,,,,00270284
RPTOMLQJQHGGFBB18CC,北屯段,24.23,都市：住,,,,01780000
RPQPMLQJQHGGFCB08CC,國安段,.00,都市：住,,,,05990000
RPOPMLPJQHGGFBB67CC,東義段,82.98,都市：住,,,,00590004
RPQPMLPJQHGGFBB87CC,賴厝廍段,3.10,都市：住,,,,00310003
RPQPMLPJQHGGFBB87CC,邱厝子段,2.49,都市：住,,,,00310062
RPVOMLQJQHGGFBB38CC,乾溝子段,13.90,都市：住,,,,01700049
RPUPMLQJQHGGFCB48CC,惠民段,19.35,都市：其他:新市政中心專用區,,,,00110000
RPUNMLQJQHGGFCB28CC,大新段,11.29,都市：商,,,,03470000
RPVPMLQJQHGGFCB58CC,惠國段,19.57,都市：其他:新市政中心專用區,,,,01840000
RPSPMLQJQHGGFCB28CC,廣明段,.00,都市：住,,,,06100000
RPWPMLQJQHGGFCB68CC,惠民段,37.27,都市：其他:新市政中心專用區,,,,01380000
RPXPMLQJQHGGFCB78CC,惠民段,21.93,都市：其他:新市政中心專用區,,,,01430001
RPSQMLQJQHGGFCB38CC,大新段,.00,都市：住,,,,07120001
RPRQMLQJQHGGFCB28CC,國安段,26.03,都市：其他:空白,,,,05990000
RPSNMLQJQHGGFIB68CC,峰北段,136.00,非都市：鄉村區 ; 非都市編定：乙種建築用地,,,,02900000
RPTQMLQJQHGGFCB48CC,大新段,.00,都市：住,,,,07120001
RPPRMLQJQHGGFCB18CC,國安段,.00,都市：住,,,,05930491
RPOOMLQJQHGGFAB57CC,後壠子段,7.00,都市：住,,,,02100010
RPPNMLQJQHGGFDB87CC,豐原段,12.90,都市：住,,,,07330000
RPXNMLQJQHGGFAB38CC,中華段三小段,.00,都市：商,,,,00020021
RPPNMLQJQHGGFKB58CC,田水段,24.80,都市：住,,,,09940056
RPXNMLQJQHGGFJB76DC,平欣段,87.00,都市：商,,,,06900011
RPQNMLRJQHGGFAB77CC,土庫段,711.00,都市：住,,,,00240000
RPTNMLQJQHGGFFB48CC,光華段,37.53,都市：住,,,,07990000
RPVRMLTJQHGGFCB09CC,三塊厝段,14.26,都市：住,,,,01200000
RPRNMLQJQHGGFHB58DC,興華段,24.19,都市：住,,,,08720000
RPPNMLRJQHGGFCB87CC,惠民段,.00,都市：其他:新八,,,,01430001
RPQNMLRJQHGGFCB97CC,惠民段,.00,都市：其他:新五,,,,01390000
RPQNMLSJQHGGFCB08CC,大新段,15.83,都市：住,,,,06880000
RPTNMLTJQHGGFBB38CC,水源段,99.00,都市：商,,,,02680000
RPSOMLTJQHGGFAB28CC,大益段,.00,都市：住,,,,03160000
RPXOMLTJQHGGFAB78CC,下橋子頭段,.00,都市：住,,,,02380000
RPWOMLTJQHGGFAB68CC,中墩段一小段,.00,都市：商,,,,00130000
RPROMLTJQHGGFAB18CC,樹子腳段,5.84,都市：住,,,,00390000
RPVOMLTJQHGGFAB58CC,東勢子段,.00,都市：住,,,,00470000
RPWNMLTJQHGGFJB86CC,永新段,.00,都市：住,,,,04980000
RPTNMLKKQHGGFKB48CC,藝術段,16.28,都市：住,,,,01490000
RPTNMLTJQHGGFCB58DC,廣順段,70.07,都市：住,,,,04550172
RPPNMLTJQHGGFIB68CC,九如段,23.96,都市：住,,,,05260000
RPUNMLTJQHGGFHB09CC,聖宮段,9.39,都市：商,,,,13290009
RPPOMLKKQHGGFIB97CC,峰南段,15.82,都市：商,,,,09170000
RPUNMLKKQHGGFDB87CC,萬年段,34.55,都市：住,,,,00750000
RPWNMLKKQHGGFAB77CC,麻園頭段,.00,都市：住,,,,00040000
RPXOMLKKQHGGFCB18CC,黎明段,.00,都市：住,,,,02550000
RPOPMLKKQHGGFBB27CC,北屯段,.91,都市：住,,,,05510016
RPOPMLKKQHGGFBB27CC,東光段,13.10,都市：住,,,,02690000
RPOQMLKKQHGGFBB37CC,賴厝廍段,2.87,都市：商,,,,04380000
RPQPMLKKQHGGFAB37CC,後壠子段,.00,都市：住,,,,03400000
RPVOMLKKQHGGFCB97CC,廣明段,.00,都市：住,,,,06100000
RPXSMLKKQHGGFCB58CC,田心段,15.59,都市：住,,,,08720000
RPVSMLKKQHGGFCB38CC,國安段,.00,都市：住,,,,05930493
