﻿編號,屋齡,建物移轉面積平方公尺,主要用途,主要建材,建築完成日期,總層數,建物分層
The serial number,room age,building shifting area square meter,the main use,main building materials,construction completes the date,total layer,building lamination
RPOPMLNKNHGGFCC47CC,47,59.23,住家用,鋼筋混凝土加強磚造,63年5月11日,四層,
RPRPMLNKNHGGFCC77CC,45,75.05,住家用,鋼筋混凝土加強磚造,65年7月1日,四層,
RPQPMLNKNHGGFCC67CC,28,75.94,住家用,鋼筋混凝土造,82年5月31日,五層,
RPVNMLNKNHGGFBC87CC,24,92.96,住家用,鋼筋混凝土造,86年8月13日,七層,
RPVOMLNKNHGGFCC08CC,34,99.19,住家用,鋼筋混凝土造,76年7月28日,五層,
RPSPMLNKNHGGFCC87CC,51,73.91,住家用,鋼筋混凝土造,59年9月2日,三層,
RPXNMLNKNHGGFBC08CC,27,60.65,住家用,鋼筋混凝土造,82年11月11日,四層,
RPOOMLNKNHGGFBC27CC,24,74.48,住家用,鋼筋混凝土造,85年11月29日,二十三層,
RPPPMLNKNHGGFCC57CC,25,78.63,住家用,鋼筋混凝土造,85年5月3日,五層,
RPTNMLOKNHGGFBC77CC,44,86.60,國民住宅,鋼筋混凝土加強磚造,66年8月23日,五層,
RPPOMLOKNHGGFBC47CC,30,63.39,住家用,鋼筋混凝土造,80年4月18日,五層,
RPQOMLNKNHGGFBC47CC,27,83.62,住家用,鋼筋混凝土造,83年10月3日,四層,
RPWNMLOKNHGGFCC18CC,46,69.95,住家用,鋼筋混凝土加強磚造,63年12月13日,四層,
RPWNMLOKNHGGFBC08CC,45,63.09,住家用,鋼筋混凝土加強磚造,65年5月6日,五層,
RPROMLOKNHGGFBC67CC,24,62.07,住家用,鋼筋混凝土造,85年11月29日,二十三層,
RPOOMLOKNHGGFCC47CC,27,153.61,住家用,鋼筋混凝土造,83年6月10日,九層,
RPPOMLOKNHGGFCC57CC,22,174.90,第一層：機械房　第二至四層：集合住宅,鋼筋混凝土造,88年8月17日,四層,
RPROMLOKNHGGFCC77CC,25,97.16,住家用,鋼筋混凝土造,84年12月20日,七層,
RPQOMLOKNHGGFCC67CC,26,76.77,住家用,鋼筋混凝土造,83年11月25日,五層,
RPSOMLKLNHGGFCC57CC,24,69.24,住家用,鋼筋混凝土造,86年5月8日,十一層,
RPSOMLOKNHGGFCC87CC,24,81.65,住家用,鋼筋混凝土造,85年11月26日,十二層,
RPQOMLOLNHGGFCC77CC,26,98.61,住家用,鋼筋混凝土造,84年8月1日,十二層,
RPSOMLOLNHGGFCC97CC,26,161.03,住家用,鋼筋混凝土造,84年1月5日,十四層,
RPXNMLPLNHGGFBC38CC,43,93.44,住家用,鋼筋混凝土加強磚造,66年12月6日,四層,
RPTOMLOLNHGGFCC08CC,31,69.29,住家用,鋼筋混凝土造,79年5月31日,五層,
RPPVMLOLNHGGFBC28CC,49,72.02,住家用,鋼筋混凝土加強磚造,61年5月9日,四層,
RPOOMLPLNHGGFBC57CC,46,70.04,住家用,鋼筋混凝土加強磚造,64年4月4日,三層,
RPPOMLPLNHGGFBC67CC,22,32.14,住家用,鋼筋混凝土造,88年1月14日,十六層,
RPROMLOLNHGGFCC87CC,43,61.41,住家用,鋼筋混凝土造,67年8月9日,五層,
RPTOMLPLNHGGFCC18CC,28,149.70,住家用,鋼筋混凝土造,81年12月16日,十二層,
RPUOMLPLNHGGFCC28CC,26,104.55,住家用,鋼筋混凝土造,84年4月28日,四層,
RPPOMLPLNHGGFCC77CC,26,99.83,住家用,鋼筋混凝土造,84年1月24日,五層,
RPVOMLPLNHGGFCC38CC,45,73.16,住家用,鋼筋混凝土加強磚造,65年10月12日,五層,
RPTNMLQLNHGGFBC08CC,35,99.55,住商用,加強磚造,75年7月2日,二層,
RPVNMLMJOHGGFBC77CC,24,153.17,住家用,鋼筋混凝土造,86年6月7日,六層,
RPWNMLLJOHGGFBC77CC,25,40.84,住家用,鋼筋混凝土造,85年4月26日,十六層,
RPROMLLJOHGGFBC37CC,22,112.52,住家用,鋼筋混凝土造,88年1月14日,十六層,
RPWNMLMJOHGGFBC87CC,24,128.81,住家用,鋼筋混凝土造,86年8月2日,五層,
RPXNMLMJOHGGFBC97CC,30,38.31,住家用,鋼筋混凝土造,79年11月24日,五層,
RPXNMLLJOHGGFBC87CC,43,46.63,住家．辦公廳,鋼筋混凝土造,67年6月26日,十二層,
RPOOMLMJOHGGFBC17CC,22,145.66,住家用,鋼筋混凝土造,88年1月14日,十六層,
RPPOMLMJOHGGFBC27CC,48,79.20,住家用,鋼筋混凝土加強磚造,62年6月23日,四層,
RPROMLMJOHGGFBC47CC,22,164.21,住家用,鋼筋混凝土造,88年1月14日,十六層,
RPTOMLMJOHGGFBC67CC,22,133.78,住家用,鋼筋混凝土造,88年1月14日,十四層,
RPXOMLMJOHGGFBC08CC,23,114.17,住家用,鋼筋混凝土造,86年11月21日,十九層,
RPSOMLMJOHGGFBC57CC,12,90.89,住家用,鋼筋混凝土造,98年6月29日,六層,
RPOPMLMJOHGGFBC27CC,22,114.39,住家用,鋼筋混凝土造,88年1月14日,十五層,
RPUNMLMJOHGGFCC77CC,27,69.54,住家用,鋼筋混凝土造,83年10月15日,五層,
RPPOMLMJOHGGFCC37CC,41,72.41,國民住宅,鋼筋混凝土造,69年7月29日,五層,
RPPPMLMJOHGGFBC37CC,22,90.37,住家用,鋼筋混凝土造,88年1月14日,十六層,
RPUOMLMJOHGGFBC77CC,30,116.44,住家用,鋼筋混凝土造,79年11月25日,五層,
RPVOMLMJOHGGFBC87CC,34,91.91,住家用,鋼筋混凝土造,76年3月23日,五層,
RPQOMLMJOHGGFCC47CC,26,112.28,住家用,鋼筋混凝土造,84年7月1日,十二層,
RPXNMLMJOHGGFCC08CC,37,115.16,住家用,鋼筋混凝土造,73年4月7日,四層,
RPROMLMJOHGGFCC57CC,25,30.10,住家用,鋼筋混凝土造,85年1月18日,七層,
RPWOMLMJOHGGFCC08CC,25,100.50,住家用,鋼筋混凝土造,85年2月17日,十層,
RPXOMLMJOHGGFCC18CC,45,68.25,住家用,鋼筋混凝土加強磚造,65年1月13日,四層,
RPPPMLMJOHGGFCC47CC,53,82.39,住家用,加強磚造,57年1月17日,三層,
RPOPMLMJOHGGFCC37CC,25,111.76,住家用,鋼筋混凝土造,85年7月18日,四層,
RPQPMLMJOHGGFCC57CC,25,57.66,住家用,鋼筋混凝土造,85年5月3日,五層,
RPUNMLNJOHGGFBC77CC,26,92.59,住宅（夾層）儲藏室,鋼筋混凝土造,84年6月10日,四層,
RPRPMLMJOHGGFCC67CC,24,65.37,住家用,鋼筋混凝土造,86年5月8日,十一層,
RPRPMLPKOHGGFDC18CC,24,31.05,住家用,鋼筋混凝土造,85年11月29日,二十三層,
RPTPMLPKOHGGFDC38CC,53,79.93,住家用,加強磚造,57年1月22日,二層,
RPQPMLPKOHGGFDC08CC,26,155.17,住家用,鋼筋混凝土造,84年3月22日,七層,
RPXPMLPKOHGGFDC78CC,13,40.48,辦公室,鋼骨鋼筋混凝土造,97年2月4日,三十一層,
RPVPMLPKOHGGFDC58CC,22,83.68,辦公室,鋼筋混凝土造,88年11月4日,九層,
RPRQMLPKOHGGFDC28CC,22,42.53,住家用,鋼筋混凝土造,88年1月22日,七層,
RPOPMLPKOHGGFDC87CC,27,174.88,住家用,鋼筋混凝土造,83年4月19日,三層,
RPXQMLPKOHGGFDC88CC,25,30.97,住家用,鋼筋混凝土造,85年1月18日,七層,
RPUQMLPKOHGGFDC58CC,22,74.03,住家用,鋼筋混凝土造,88年1月14日,十六層,
RPOQMLPKOHGGFDC97CC,28,115.70,住家用,鋼筋混凝土造,82年3月15日,七層,
RPQRMLPKOHGGFDC28CC,47,78.26,住家用,鋼筋混凝土加強磚造,63年7月29日,四層,
RPVRMLPKOHGGFDC78CC,31,108.56,住家用,鋼筋混凝土造,79年2月26日,五層,
RPQSMLPKOHGGFDC38CC,25,27.03,住家用,鋼筋混凝土造,85年11月29日,二十三層,
RPUOMLRKOHGGFDC58CC,26,142.10,住家用,鋼筋混凝土造,84年3月22日,七層,
RPXNMLMLOHGGFDC38CC,25,72.50,住家用,鋼筋混凝土造,85年11月29日,二十三層,
RPWRMLPKOHGGFDC88CC,41,61.64,住家用,鋼筋混凝土造,69年8月13日,五層,
RPQOMLLLOHGGFDC77DC,24,121.38,辦公室,鋼筋混凝土造,85年11月19日,十二層,
RPQOMLMLOHGGFDC77CC,44,65.40,住家用,鋼筋混凝土加強磚造,66年10月19日,四層,
RPSOMLMLOHGGFDC97CC,28,90.33,住家用,鋼筋混凝土造,82年7月29日,五層,
RPWOMLMLOHGGFDC38CC,26,91.30,住家用,鋼筋混凝土造,84年8月8日,六層,
RPOPMLMLOHGGFDC67CC,26,98.86,住家用,鋼筋混凝土造,84年5月17日,六層,
RPUPMLMLOHGGFDC28CC,31,99.04,住家用,鋼筋混凝土造,79年5月23日,五層,
RPUQMLMLOHGGFDC38CC,46,73.93,住家用,鋼筋混凝土加強磚造,63年12月13日,四層,
RPVQMLMLOHGGFDC48CC,26,109.06,住家用,鋼筋混凝土造,84年8月8日,六層,
RPPQMLMLOHGGFDC87CC,26,142.62,住家用,鋼筋混凝土造,84年9月29日,四層,
RPWPMLMLOHGGFDC48CC,5,.03,辦公室,鋼筋混凝土造,105年1月24日,,
RPWPMLMLOHGGFDC48CC,5,152.22,集合住宅,鋼筋混凝土造,105年1月24日,二十二層,
RPVOMLNLOHGGFDC38CC,25,67.73,住家用,鋼筋混凝土造,85年3月9日,十五層,
RPTQMLMLOHGGFDC28CC,38,97.19,住家用,鋼筋混凝土造,71年12月29日,五層,
RPWQMLMLOHGGFDC58CC,24,37.71,住家用,鋼筋混凝土造,86年11月21日,十八層,
RPXOMLNLOHGGFDC58CC,26,91.30,住家用,鋼筋混凝土造,84年8月8日,六層,
RPWOMLNLOHGGFDC48CC,40,71.70,住家用,鋼筋混凝土造,70年4月28日,五層,
RPOPMLNLOHGGFDC77CC,2,136.80,集合住宅,鋼筋混凝土造,108年2月12日,十四層,
RPWQMLNLOHGGFDC68CC,25,35.24,住家用,鋼筋混凝土造,85年1月5日,十一層,
RPXQMLNLOHGGFDC78CC,22,112.08,住家用,鋼筋混凝土造,88年1月14日,十六層,
RPPQMLNLOHGGFDC97CC,40,84.70,住家用,鋼筋混凝土造,70年9月2日,四層,
RPVPMLNLOHGGFDC48CC,22,33.43,住家用,鋼筋混凝土造,88年5月10日,七層,
RPQRMLNLOHGGFDC18CC,2,63.24,集合住宅,鋼筋混凝土造,108年2月12日,十四層,
RPORMLNLOHGGFDC97CC,31,130.78,住家用,鋼筋混凝土造,79年10月19日,五層,
RPQQMLNLOHGGFDC08CC,44,63.36,住家用,鋼筋混凝土加強磚造,66年7月9日,四層,
RPVNMLPJPHGGFDC38CC,2,136.80,集合住宅,鋼筋混凝土造,108年2月12日,十四層,
RPWNMLPJPHGGFDC48CC,47,68.25,住家用,鋼筋混凝土造,63年6月7日,四層,
RPOOMLPJPHGGFDC77CC,25,133.40,住家用,鋼筋混凝土造,85年7月27日,五層,
RPSQMLNLOHGGFDC28CC,2,144.06,集合住宅,鋼筋混凝土造,108年2月12日,十四層,
RPQOMLPJPHGGFDC97CC,25,42.14,住家用,鋼筋混凝土造,85年4月26日,十六層,
RPUOMLPJPHGGFDC38CC,25,111.96,住家用,鋼筋混凝土造,85年3月9日,十四層,
RPWOMLPJPHGGFDC58CC,45,57.28,住家用,加強磚造,65年1月27日,二層,
RPXOMLPJPHGGFDC68CC,28,85.93,住家用,鋼筋混凝土造,82年11月24日,四層,
RPTOMLPJPHGGFDC28CC,24,32.17,住家用,鋼筋混凝土造,86年6月7日,六層,
RPVOMLPJPHGGFDC48CC,43,61.41,國民住宅,鋼筋混凝土造,67年8月9日,五層,
RPPPMLPJPHGGFDC97CC,2,136.88,集合住宅,鋼筋混凝土造,108年2月12日,十四層,
RPTPMLPJPHGGFDC38CC,2,106.72,集合住宅,鋼筋混凝土造,108年2月12日,十四層,
RPPOMLPJPHGGFDC87CC,45,76.11,住家用,鋼筋混凝土造,65年9月7日,四層,
RPUPMLPJPHGGFDC48CC,23,84.22,住家用,鋼筋混凝土造,87年1月8日,五層,
RPWPMLPJPHGGFDC68CC,26,65.65,住家用,鋼筋混凝土造,84年6月22日,十二層,
RPOPMLPJPHGGFDC87CC,39,72.42,住家用,鋼筋混凝土造,71年9月18日,四層,
RPWNMLQJPHGGFDC58CC,22,31.22,住家用,鋼筋混凝土造,88年1月14日,十六層,
RPXNMLQJPHGGFDC68CC,25,85.62,住家用,鋼筋混凝土造,85年1月4日,十二層,
RPOOMLQJPHGGFDC87CC,24,55.87,住家用,鋼筋混凝土造,86年11月21日,十九層,
RPXPMLPJPHGGFDC78CC,26,90.71,住家用,鋼筋混凝土造,84年8月1日,十二層,
RPVPMLPJPHGGFDC58CC,24,34.42,住家用,鋼筋混凝土造,86年10月21日,五層,
RPOQMLPJPHGGFDC97CC,23,122.80,住家用,鋼筋混凝土造,87年12月10日,十二層,
RPPOMLQJPHGGFDC97CC,41,82.29,國民住宅,鋼筋混凝土造,69年3月8日,五層,
RPQOMLQJPHGGFDC08CC,25,121.51,住家用,鋼筋混凝土造,85年11月26日,十二層,
RPWOMLQJPHGGFDC68CC,22,32.56,住家用,鋼筋混凝土造,88年1月14日,十四層,
RPROMLQJPHGGFDC18CC,24,37.07,住家用,鋼筋混凝土造,86年11月21日,十八層,
RPTOMLQJPHGGFDC38CC,22,32.56,住家用,鋼筋混凝土造,88年1月14日,十四層,
RPVOMLQJPHGGFDC58CC,24,82.83,住家用,鋼筋混凝土造,86年4月1日,五層,
RPUOMLQJPHGGFDC48CC,35,82.88,住家用,鋼筋混凝土造,75年6月20日,五層,
RPXOMLQJPHGGFDC78CC,39,114.67,住家用,鋼筋混凝土造,71年9月11日,五層,
RPOPMLQJPHGGFDC97CC,40,77.41,住家用,鋼筋混凝土造,70年7月8日,五層,
RPQPMLQJPHGGFDC18CC,41,69.06,住家用,鋼筋混凝土造,69年5月2日,四層,
RPSPMLQJPHGGFDC38CC,26,81.19,住家用,鋼筋混凝土造,84年8月8日,六層,
RPVPMLQJPHGGFDC68CC,20,73.53,住家用,鋼筋混凝土造,90年7月18日,五層,
RPRPMLQJPHGGFDC28CC,24,85.55,住家用,鋼筋混凝土造,86年5月8日,十一層,
RPWPMLQJPHGGFDC78CC,37,82.72,住家用,鋼筋混凝土造,73年2月23日,五層,
RPTPMLQJPHGGFDC48CC,22,35.39,住家用,鋼筋混凝土造,88年1月14日,十二層,
RPRQMLQJPHGGFDC38CC,25,41.88,住家用,鋼筋混凝土造,85年4月26日,十六層,
RPOQMLQJPHGGFDC08CC,22,32.20,住家用,鋼筋混凝土造,88年1月14日,十六層,
RPSQMLQJPHGGFDC48CC,24,39.61,住家用,鋼筋混凝土造,86年11月21日,十八層,
RPQQMLQJPHGGFDC28CC,22,43.92,住家用,鋼筋混凝土造,88年1月22日,七層,
RPPQMLQJPHGGFDC18CC,5,82.52,店舖,鋼筋混凝土造,105年10月7日,七層,
RPPRMLQJPHGGFDC28CC,40,82.20,住家用,鋼筋混凝土造,70年7月1日,五層,
RPUQMLQJPHGGFDC68CC,31,100.61,住家用,鋼筋混凝土造,79年9月15日,五層,
RPWNMLRJPHGGFDC68CC,2,62.61,集合住宅,鋼筋混凝土造,108年2月12日,十四層,
RPWNMLRJPHGGFDC68CC,2,6.35,集合住宅,鋼筋混凝土造,108年2月12日,十四層,
RPWNMLRJPHGGFDC68CC,2,5.72,集合住宅,鋼筋混凝土造,108年2月12日,十四層,
RPWNMLRJPHGGFDC68CC,2,13.54,本共有部分之項目有樓電梯間、梯廳、樓梯間、設備室、機械室及水箱等六項,鋼筋混凝土造,108年2月12日,十四層,
RPWNMLRJPHGGFDC68CC,2,37.32,本共有部分之項目有車道、住宅門廳、排煙室兼梯廳、樓電梯間、陽台、防空避難室兼停車空間、受電箱、安全梯、台電配電場所、電信室、機房、儲藏室、機械設備室、機械室、排煙室、樓梯間、貯藏室、管委會使用空間、門廳及住宅挑高門廳等二十項,鋼筋混凝土造,108年2月12日,十四層,
RPRRMLQJPHGGFDC48CC,22,70.77,住家用,鋼筋混凝土造,88年1月14日,十六層,
RPVOMLOKPHGGFDC48CC,2,144.20,集合住宅,鋼筋混凝土造,108年2月12日,十四層,
RPWOMLOKPHGGFDC58CC,46,71.41,住家用,鋼筋混凝土加強磚造,64年8月4日,四層,
RPUOMLOKPHGGFDC38CC,51,81.01,住家用,加強磚造,59年10月3日,五層,
RPTOMLOKPHGGFDC28CC,32,85.91,住家用,鋼筋混凝土造,78年7月22日,五層,
RPXOMLOKPHGGFDC68CC,41,54.69,住家用,鋼筋混凝土造,69年7月2日,五層,
RPOOMLPKPHGGFDC87CC,23,123.72,住家用,鋼筋混凝土造,87年8月31日,五層,
RPQOMLPKPHGGFDC08CC,31,37.70,住家用,鋼筋混凝土造,79年11月24日,五層,
RPSOMLPKPHGGFDC28CC,25,41.55,住家用,鋼筋混凝土造,85年4月26日,十六層,
RPTOMLPKPHGGFDC38CC,22,33.43,住家用,鋼筋混凝土造,88年5月10日,七層,
RPXNMLPKPHGGFDC78DC,29,35.13,住家用,鋼筋混凝土造,80年12月28日,五層,
RPPOMLQKPHGGFDC18DC,47,197.05,住家用,鋼筋混凝土加強磚造,63年9月25日,五層,
RPXPMLNLPHGGFDC78CC,40,63.11,住家用,鋼筋混凝土造,70年12月23日,三層,
RPOPMLNJQHGGFDC77CC,25,116.76,住家用,鋼筋混凝土造,85年3月9日,十五層,
RPROMLPKPHGGFDC18CC,24,31.30,住家用,鋼筋混凝土造,86年7月18日,十二層,
RPQOMLNJQHGGFDC87CC,41,78.52,住家用,鋼筋混凝土造,69年9月24日,四層,
RPQOMLKLPHGGFDC67CC,23,112.97,住家用,鋼筋混凝土造,88年1月14日,十五層,
RPRPMLNJQHGGFDC08CC,25,93.11,住家用,鋼筋混凝土造,85年11月19日,五層,
RPPPMLNJQHGGFDC87CC,23,87.82,住家用,鋼筋混凝土造,88年1月14日,十四層,
RPXNMLQJQHGGFDC78CC,24,54.18,住家用,鋼筋混凝土造,86年5月8日,十一層,
RPQOMLTLPHGGFDC58CC,44,74.86,住家用,鋼筋混凝土造,66年12月28日,四層,
RPVNMLPJQHGGFDC58DC,27,137.61,商業用,鋼筋混凝土造,83年11月20日,八層,
RPVNMLPJQHGGFDC58DC,27,44.98,共用部份,鋼筋混凝土造,83年11月20日,九層,
RPPOMLQJQHGGFDC08CC,2,42.56,集合住宅,鋼筋混凝土造,108年2月12日,十四層,
RPROMLQJQHGGFDC28CC,26,82.86,住家用,鋼筋混凝土造,84年7月20日,七層,
RPQOMLQJQHGGFDC18CC,2,42.50,集合住宅,鋼筋混凝土造,108年2月12日,十四層,
RPUOMLQJQHGGFDC58CC,25,96.52,住家用,鋼筋混凝土造,85年4月29日,五層,
RPSPMLKKQHGGFDC97CC,9,158.44,飲食店,鋼筋混凝土造,101年12月5日,二層,
RPSPMLKKQHGGFDC97CC,9,.72,本共有部分之項目有人行道、樓梯間等共二項。,鋼筋混凝土造,101年12月5日,二層,
RPSPMLKKQHGGFDC97CC,9,9.19,本共有部分之項目有樓梯間浴廁共二項。,鋼筋混凝土造,101年12月5日,二層,
RPTOMLQJQHGGFDC48CC,41,87.86,住家用,鋼筋混凝土造,69年6月26日,五層,
RPOOMLQJQHGGFDC97CC,18,109.25,集合住宅,鋼筋混凝土造,92年4月24日,十四層,
