﻿編號,屋齡,建物移轉面積平方公尺,主要用途,主要建材,建築完成日期,總層數,建物分層
The serial number,room age,building shifting area square meter,the main use,main building materials,construction completes the date,total layer,building lamination
RPRNMLMKNHGGFAG67CC,74,103.74,住家用,木造,36年6月1日,二層,
RPWNMLMKNHGGFAG18CC,26,131.32,住商用,鋼筋混凝土造,84年3月11日,五層,
RPPOMLLKNHGGFAG47CC,47,99.90,住家用,鋼筋混凝土加強磚造,63年7月2日,二層,
RPTOMLLKNHGGFBG97CC,4,46.94,集合住宅,鋼筋混凝土造,106年8月14日,十五層,
RPTOMLMKNHGGFAG97CC,27,65.55,住家及補習班,鋼筋混凝土造,83年6月25日,四層,
RPUNMLMKNHGGFAG97CC,26,67.23,住家用,鋼筋混凝土造,84年8月10日,七層,
RPOOMLPLNHGGFAG87CC,42,51.80,住家用,鋼筋混凝土造,68年9月15日,五層,
RPQNMLRLNHGGFBG28CC,45,110.34,住家用,鋼筋混凝土加強磚造,65年11月2日,二層,
RPROMLSKNHGGFBG48CC,28,35.06,住家用,鋼筋混凝土造,82年7月8日,七層,
RPPOMLPLNHGGFAG97CC,,165.29,住家用,加強磚造,,二層,
RPTNMLMKNHGGFAG87CC,26,127.17,住家用,鋼筋混凝土造,84年5月24日,三層,
RPSOMLQKOHGGFBG48CC,36,66.89,住商用,鋼筋混凝土造,74年10月18日,三層,
RPVPMLLJOHGGFAG18CC,40,120.10,住家用,鋼筋混凝土加強磚造,70年1月29日,二層,
RPWOMLMJOHGGFBG38CC,5,167.52,停車空間、住宅,鋼筋混凝土造,105年2月2日,四層,
RPUNMLOJOHGGFAG18CC,25,62.59,住家用,鋼筋混凝土造,85年10月3日,十二層,
RPXNMLPKOHGGFAG78DC,14,149.38,店舖,鋼筋混凝土造,96年7月5日,十四層,
RPOPMLLJOHGGFAG47CC,25,168.13,住商用,鋼筋混凝土造,85年2月15日,四層,
RPSNMLSKOHGGFBG58CC,27,123.78,住家用,鋼筋混凝土造,83年10月22日,十一層,
RPQPMLLJOHGGFAG67CC,27,64.59,住家及補習班,鋼筋混凝土造,83年6月25日,四層,
RPWOMLQKOHGGFBG88CC,28,30.27,住家用,鋼筋混凝土造,82年7月8日,七層,
RPWOMLRKOHGGFBG98CC,25,81.01,住家用,鋼筋混凝土造,85年1月5日,六層,
RPXOMLRKOHGGFBG56DC,41,108.90,住家用,鋼筋混凝土加強磚造,69年10月22日,一層,
RPQPMLRKOHGGFBG58DC,19,100.56,住商用,鋼筋混凝土造,91年1月30日,三層,
RPTPMLRKOHGGFBG88DC,27,92.87,住家用,鋼筋混凝土造,83年2月5日,七層,
RPTNMLSKOHGGFBG68CC,21,96.51,住家用,鋼筋混凝土造,89年4月27日,十二層,
RPXNMLLLOHGGFBG68EC,17,204.29,住家用,鋼筋混凝土造,93年3月17日,三層,
RPUNMLLLOHGGFBG38EC,3,47.65,集合住宅,鋼筋混凝土造,107年4月27日,二十三層,
RPVNMLLLOHGGFBG48EC,6,160.74,住宅、樓梯間,鋼筋混凝土造,104年11月23日,三層,
RPXNMLMLOHGGFBG58CC,27,98.81,住家用,鋼筋混凝土造,83年1月24日,五層,
RPSOMLMLOHGGFBG18CC,3,29.08,集合住宅,鋼筋混凝土造,107年4月27日,十二層,
RPXOMLLJOHGGFAG28CC,43,81.43,住家用,鋼筋混凝土造,67年4月12日,四層,
RPUNMLOLOHGGFBG48CC,33,139.52,住家用,鋼筋混凝土加強磚造,77年5月5日,二層,
RPSOMLOLOHGGFAG28CC,39,59.66,住商用,鋼筋混凝土造,70年12月28日,三層,
RPVNMLTLOHGGFBG09CC,22,80.46,住家用,鋼筋混凝土造,88年1月21日,十二層,
RPXNMLMJPHGGFAG38CC,38,36.57,住家用,鋼筋混凝土造,72年7月19日,十一層,
RPROMLLJPHGGFBG87CC,16,208.58,住商用,鋼筋混凝土造,94年10月17日,三層,
RPROMLTJPHGGFBG68CC,41,85.48,住家用,鋼筋混凝土加強磚造,69年4月9日,二層,
RPTNMLPJPHGGFAG28CC,45,92.93,住家用,鋼筋混凝土加強磚造,65年6月18日,二層,
RPRNMLOKPHGGFBG18CC,26,61.55,住家用,鋼筋混凝土造,84年11月2日,八層,
RPVNMLQJPHGGFAG58CC,33,132.20,住家用,鋼筋混凝土造,77年11月17日,二層,
RPOOMLRJPHGGFBG18CC,7,218.75,住宅、樓梯間,鋼筋混凝土造,103年11月24日,三層,
RPQNMLOKPHGGFBG08CC,28,64.84,住家用,鋼筋混凝土造,82年6月16日,七層,
RPTNMLNKPHGGFBG28CC,26,42.50,住家用,鋼筋混凝土造,84年9月4日,七層,
RPPPMLTKPHGGFBG68CC,8,184.79,住宅（停車空間）、樓梯間,鋼筋混凝土造,102年12月23日,三層,
RPROMLPKPHGGFBG38CC,29,124.08,住家用,鋼筋混凝土造,81年8月25日,十五層,
RPPOMLQKPHGGFBG28CC,5,170.35,停車空間、住宅,鋼筋混凝土造,105年2月2日,四層,
RPPOMLKLPHGGFAG67CC,24,142.13,住家用,鋼筋混凝土造,86年5月26日,三層,
RPSNMLMLPHGGFBG18CC,8,149.51,騎樓、店舖、住宅、樓梯間,鋼筋混凝土造,102年10月31日,三層,
RPPOMLLLPHGGFBG87CC,8,64.55,騎樓、店舖、住宅、樓梯間,鋼筋混凝土造,102年10月31日,三層,
RPWOMLMLPHGGFAG58CC,5,57.04,店舖．住宅．樓梯間,鋼筋混凝土造,105年7月14日,三層,
RPQNMLNLPHGGFAG97CC,24,154.89,住家用,鋼筋混凝土造,86年5月26日,三層,
RPSNMLNLPHGGFAG18CC,25,44.00,住家用,鋼筋混凝土造,85年8月30日,十二層,
RPTNMLNLPHGGFAG28CC,26,136.51,住家用,鋼筋混凝土造,84年9月25日,十二層,
RPXNMLKMPHGGFBG58CC,8,118.90,補習班,鋼筋混凝土造,102年8月15日,五層,
RPUNMLNLPHGGFAG38CC,24,49.17,住家用,鋼筋混凝土造,86年4月1日,十三層,
RPWNMLNJQHGGFAG48CC,40,109.52,住家用,鋼筋混凝土加強磚造,70年12月31日,二層,
RPVNMLNLPHGGFAG48CC,14,131.99,住家用,鋼筋混凝土造,96年8月17日,六層,
RPVNMLQLPHGGFAG78CC,10,41.64,店舖、住宅,鋼筋混凝土造,100年2月11日,五層,
RPVNMLQLPHGGFAG78CC,10,3.99,店舖、住宅,鋼筋混凝土造,100年2月11日,五層,
RPSOMLRLNHGGFBG58CC,27,88.05,住家用,鋼筋混凝土造,83年1月12日,七層,
RPSOMLLJOHGGFBG87CC,41,96.14,住家用,鋼筋混凝土加強磚造,69年2月25日,二層,
RPXNMLNJQHGGFAG58CC,40,92.53,住家用,鋼筋混凝土造,70年8月11日,七層,
RPOOMLOJQHGGFAG87CC,26,100.48,住家用,鋼筋混凝土造,84年3月31日,十二層,
RPRNMLPJQHGGFBG28CC,23,170.19,視聽伴唱遊藝場,鋼骨造,87年11月3日,一層,
RPVNMLQJQHGGFBG78CC,45,111.68,農舍,鋼筋混凝土加強磚造,65年7月9日,一層,
RPQNMLSJQHGGFBG48CC,24,70.70,住家用,鋼筋混凝土造,86年12月26日,十三層,
RPWNMLQJQHGGFBG88CC,10,20.41,集合住宅,鋼筋混凝土造,100年12月16日,十層,
RPRNMLSJQHGGFBG58CC,4,46.94,集合住宅,鋼筋混凝土造,106年8月14日,十五層,
RPSNMLTJQHGGFBG78CC,28,95.75,住家用,鋼筋混凝土造,82年7月29日,五層,
RPRNMLTJQHGGFBG68CC,1,88.70,集合住宅,鋼筋混凝土造,109年12月24日,十四層,
RPOOMLPJQHGGFBG08CC,,80.44,住家用,鋼筋混凝土加強磚造,,三層,
