﻿編號,土地位置,土地移轉面積(平方公尺),使用分區或編定,權利人持分分母,權利人持分分子,移轉情形,地號
The serial number, land position,land shifting area square meter,the use zoning or compiles and checks,,,,land parcel
RPRNMLMKNHGGFAG67CC,信義段,.00,都市：住,,,,00630013
RPRNMLMKNHGGFAG67CC,信義段,.00,都市：住,,,,00630023
RPWNMLMKNHGGFAG18CC,維揚段,.00,都市：住,,,,09140000
RPPOMLLKNHGGFAG47CC,群英段,85.38,都市：其他:保護區,,,,03190000
RPTOMLLKNHGGFBG97CC,拔雅林三段,.00,都市：住,,,,07360000
RPTOMLMKNHGGFAG97CC,東光段,50.00,都市：住,,,,16190000
RPUNMLMKNHGGFAG97CC,北成段,177.00,都市：其他:部分道路用地部分商業區,,,,16780000
RPOOMLPLNHGGFAG87CC,東光段,71.00,都市：住,,,,02800000
RPQNMLRLNHGGFBG28CC,延平段,.00,都市：農,,,,01970058
RPROMLSKNHGGFBG48CC,協天段,.00,都市：住,,,,07320000
RPPOMLPLNHGGFAG97CC,南昌段,308.00,都市：住,,,,16670000
RPTNMLMKNHGGFAG87CC,協孝段,47.11,非都市：特定農業區 ; 非都市編定：甲種建築用地,,,,09500000
RPSOMLQKOHGGFBG48CC,乾門二段,.00,都市：住,,,,00150000
RPVPMLLJOHGGFAG18CC,文化段,.00,都市：住,,,,05000000
RPWOMLMJOHGGFBG38CC,白玉段,.00,非都市：特定農業區 ; 非都市編定：甲種建築用地,,,,00240009
RPWOMLMJOHGGFBG38CC,白玉段,.00,非都市：特定農業區 ; 非都市編定：甲種建築用地,,,,00240015
RPWOMLMJOHGGFBG38CC,白玉段,.00,非都市：特定農業區 ; 非都市編定：甲種建築用地,,,,00240000
RPWOMLMJOHGGFBG38CC,白玉段,.00,非都市：特定農業區 ; 非都市編定：農牧用地,,,,00150001
RPWOMLMJOHGGFBG38CC,白玉段,.00,非都市：特定農業區 ; 非都市編定：農牧用地,,,,00170000
RPWOMLMJOHGGFBG38CC,白玉段,.00,非都市：特定農業區 ; 非都市編定：甲種建築用地,,,,00220000
RPWOMLMJOHGGFBG38CC,白玉段,.00,非都市：特定農業區 ; 非都市編定：農牧用地,,,,00230000
RPUNMLOJOHGGFAG18CC,東安段,.00,都市：住,,,,06940000
RPXNMLPKOHGGFAG78DC,隆昌段,21.78,都市：住,,,,07600000
RPOPMLLJOHGGFAG47CC,文化段,.00,都市：住,,,,02980000
RPOPMLLJOHGGFAG47CC,文化段,.00,都市：住,,,,02990000
RPSNMLSKOHGGFBG58CC,新店段,.00,都市：住,,,,08230000
RPQPMLLJOHGGFAG67CC,東光段,.00,都市：住,,,,16190000
RPQPMLLJOHGGFAG67CC,東光段,.00,都市：住,,,,16220000
RPWOMLQKOHGGFBG88CC,協天段,.00,都市：住,,,,07320000
RPWOMLRKOHGGFBG98CC,金六結段金結小段,.00,都市：住,,,,00580012
RPXOMLRKOHGGFBG56DC,忠義段,.00,都市：住,,,,01120000
RPQPMLRKOHGGFBG58DC,金六結段金結小段,.00,都市：住,,,,00570075
RPTPMLRKOHGGFBG88DC,珍子滿力段擺厘小段,.00,都市：住,,,,00310000
RPTNMLSKOHGGFBG68CC,女中段,.00,都市：住,,,,01660000
RPTNMLSKOHGGFBG68CC,女中段,.00,都市：住,,,,01670000
RPTNMLSKOHGGFBG68CC,女中段,.00,都市：住,,,,01680000
RPTNMLSKOHGGFBG68CC,女中段,.00,都市：住,,,,01690000
RPTNMLSKOHGGFBG68CC,女中段,.00,都市：住,,,,01700000
RPTNMLSKOHGGFBG68CC,女中段,.00,都市：住,,,,01710000
RPXNMLLLOHGGFBG68EC,開蘭一段,.00,都市：住,,,,01120001
RPUNMLLLOHGGFBG38EC,武營段,.00,都市：住,,,,08470000
RPVNMLLLOHGGFBG48EC,金六結段七結小段,.00,都市：住,,,,01110051
RPXNMLMLOHGGFBG58CC,乾門一段,.00,都市：住,,,,07490000
RPXNMLMLOHGGFBG58CC,乾門一段,.00,都市：住,,,,07500000
RPSOMLMLOHGGFBG18CC,公園段,.00,都市：其他:健康休閒專用區四,,,,00570001
RPXOMLLJOHGGFAG28CC,東光段,59.25,都市：住,,,,15470000
RPUNMLOLOHGGFBG48CC,大東段,.00,都市：住,,,,06510000
RPSOMLOLOHGGFAG28CC,北成段,.00,都市：住,,,,19970000
RPVNMLTLOHGGFBG09CC,金六結二段,.00,都市：住,,,,09320000
RPXNMLMJPHGGFAG38CC,蘇港段,.00,都市：住,,,,03930000
RPROMLLJPHGGFBG87CC,宜大段,.00,都市：住,,,,05780000
RPROMLTJPHGGFBG68CC,金六結二段,.00,都市：住,,,,11750000
RPROMLTJPHGGFBG68CC,金六結二段,.00,都市：住,,,,11680000
RPTNMLPJPHGGFAG28CC,維揚段,.00,都市：住,,,,06220000
RPRNMLOKPHGGFBG18CC,朝陽段,.00,非都市：一般農業區 ; 非都市編定：甲種建築用地,,,,00730000
RPVNMLQJPHGGFAG58CC,東安段,116.00,都市：住,,,,05470002
RPOOMLRJPHGGFBG18CC,黎明段,.00,都市：住,,,,07860001
RPQNMLOKPHGGFBG08CC,珍子滿力段擺厘小段,.00,都市：住,,,,00430000
RPTNMLNKPHGGFBG28CC,協天段,.00,都市：住,,,,05350000
RPPPMLTKPHGGFBG68CC,金六結段金結小段,.00,都市：住,,,,00270196
RPROMLPKPHGGFBG38CC,新店段,.00,都市：住,,,,02940000
RPPOMLQKPHGGFBG28CC,白玉段,.00,非都市：特定農業區 ; 非都市編定：甲種建築用地,,,,00220012
RPPOMLKLPHGGFAG67CC,利成段,91.58,非都市：鄉村區 ; 非都市編定：乙種建築用地,,,,11190000
RPSNMLMLPHGGFBG18CC,珍子滿力段擺厘小段,.00,都市：住,,,,00530039
RPPOMLLLPHGGFBG87CC,珍子滿力段擺厘小段,.00,都市：住,,,,00530039
RPWOMLMLPHGGFAG58CC,文祥段,.00,都市：住,,,,01850001
RPQNMLNLPHGGFAG97CC,利成段,91.58,非都市：鄉村區 ; 非都市編定：乙種建築用地,,,,11190000
RPSNMLNLPHGGFAG18CC,北成段,.00,都市：商,,,,16660000
RPTNMLNLPHGGFAG28CC,國華段,.00,都市：住,,,,05160000
RPXNMLKMPHGGFBG58CC,宜大段,.00,都市：住,,,,06460000
RPUNMLNLPHGGFAG38CC,東安段,.00,都市：住,,,,03610000
RPWNMLNJQHGGFAG48CC,十六份新段,.00,非都市：特定農業區 ; 非都市編定：甲種建築用地,,,,02610000
RPVNMLNLPHGGFAG48CC,國華段,.00,都市：商,,,,02950001
RPVNMLQLPHGGFAG78CC,羅莊段,.00,都市：住,,,,00390015
RPSOMLRLNHGGFBG58CC,外員段,.00,都市：住,,,,03690000
RPSOMLRLNHGGFBG58CC,外員段,.00,都市：住,,,,03750001
RPSOMLLJOHGGFBG87CC,吉祥一段,.00,都市：住,,,,11140000
RPXNMLNJQHGGFAG58CC,東光段,.00,都市：住,,,,11460000
RPOOMLOJQHGGFAG87CC,北成段,.00,都市：住,,,,07150000
RPRNMLPJQHGGFBG28CC,大東段,.00,都市：商,,,,00520000
RPRNMLPJQHGGFBG28CC,大東段,.00,都市：商,,,,00530000
RPRNMLPJQHGGFBG28CC,大東段,.00,都市：商,,,,00540000
RPVNMLQJQHGGFBG78CC,中興段,.00,非都市：特定農業區 ; 非都市編定：農牧用地,,,,08090000
RPQNMLSJQHGGFBG48CC,五峰段,.00,都市：住,,,,10060000
RPWNMLQJQHGGFBG88CC,金六結段七結小段,.00,都市：商,,,,00220000
RPWNMLQJQHGGFBG88CC,金六結段七結小段,.00,都市：商,,,,00220020
RPRNMLSJQHGGFBG58CC,拔雅林三段,.00,都市：住,,,,07360000
RPSNMLTJQHGGFBG78CC,黎明段,.00,都市：住,,,,00740000
RPRNMLTJQHGGFBG68CC,新生段,.00,都市：住,,,,05080000
RPRNMLTJQHGGFBG68CC,新生段,.00,都市：住,,,,05090000
RPRNMLTJQHGGFBG68CC,新生段,.00,都市：住,,,,05090022
RPRNMLTJQHGGFBG68CC,新生段,.00,都市：住,,,,05090023
RPRNMLTJQHGGFBG68CC,新生段,.00,都市：住,,,,05090024
RPRNMLTJQHGGFBG68CC,新生段,.00,都市：住,,,,05090025
RPOOMLPJQHGGFBG08CC,金六結二段,.00,都市：住,,,,02490000
