﻿編號,車位類別,車位價格,車位面積平方公尺,車位所在樓層
Serial number,berth category,berth price,berth area square meter,
RPUNMLLKNHGGFAI08CC,坡道機械,0,,
RPTNMLPLNHGGFAI48CC,坡道平面,0,,地下二樓
RPRNMLSLNHGGFAI58CC,坡道機械,0,,地下一樓
RPXNMLKMOHGGFAI58CC,坡道平面,0,43.40,地下二樓
RPPNMLKKPHGGFAI67CC,坡道平面,0,,地下二樓
RPTNMLTKPHGGFAI98CC,坡道平面,0,,地下一樓
RPUNMLTKPHGGFAI09CC,坡道平面,0,,地下一樓
RPXNMLTKPHGGFAI76CC,坡道平面,0,,地下一樓
