﻿編號,土地位置,土地移轉面積(平方公尺),使用分區或編定,權利人持分分母,權利人持分分子,移轉情形,地號
The serial number, land position,land shifting area square meter,the use zoning or compiles and checks,,,,land parcel
RPUNMLLKNHGGFAI08CC,遠東段,20.04,都市：住,,,,00680000
RPUNMLOKNHGGFAI38CC,短竹段,.00,都市：住,,,,09120071
RPWNMLOKNHGGFAI58CC,車店段車店小段,.00,都市：住,,,,07290000
RPQOMLOKNHGGFAI08CC,下路頭段,.00,都市：住,,,,04210162
RPROMLOKNHGGFAI18CC,劉厝段劉厝小段,.00,都市：商,,,,03120001
RPTOMLOKNHGGFAI38CC,元段二小段,.00,都市：商,,,,00850001
RPWOMLOKNHGGFAI68CC,北社尾段保安小段,.00,都市：住,,,,06120000
RPTNMLRKNHGGFAI68DC,中山段四小段,48.00,都市：住,,,,00190024
RPTNMLRKNHGGFAI68DC,中山段四小段,76.00,都市：住,,,,00190022
RPTNMLRKNHGGFAI68DC,中山段四小段,18.00,都市：住,,,,00170012
RPTNMLRKNHGGFAI68DC,中山段四小段,1.00,都市：住,,,,00170017
RPQOMLLLNHGGFAI87CC,車店段,56.84,,,,,04380006
RPTNMLPLNHGGFAI48CC,新太平段,15.40,都市：住,,,,05410000
RPQNMLSLNHGGFAI48CC,竹圍子段,198.34,都市：住,,,,03770007
RPRNMLSLNHGGFAI58CC,西門段六小段,10.51,都市：商,,,,00340000
RPWNMLSJOHGGFAI56EC,中山段四小段,49.00,都市：住,,,,00030003
RPWNMLSJOHGGFAI56EC,中山段四小段,10.00,都市：住,,,,00030004
RPWNMLSJOHGGFAI56EC,中山段四小段,21.00,都市：住,,,,00040001
RPTNMLTKNHGGFAI78CC,新太平段,14.59,都市：住,,,,05410000
RPTNMLTJOHGGFAI78CC,新太平段,18.64,都市：住,,,,05410000
RPUOMLKKOHGGFAI18CC,盧厝段,.00,都市：住,,,,02440009
RPVOMLKKOHGGFAI28CC,竹圍子段,.00,都市：其他:市場用地,,,,01320036
RPWOMLKKOHGGFAI38CC,新富段三小段,.00,都市：商,,,,00750011
RPPPMLLKOHGGFAI87CC,北社尾段保安小段,.00,都市：住,,,,01980000
RPQPMLLKOHGGFAI97CC,竹圍子段,.00,都市：住,,,,03980000
RPSPMLLKOHGGFAI18CC,遠東段,.00,都市：住,,,,00680007
RPTPMLLKOHGGFAI28CC,下路頭段,.00,都市：住,,,,00970000
RPTNMLPKOHGGFAI48CC,中庄段,.00,都市：住,,,,01090000
RPVOMLRKOHGGFAI98CC,車店段車店小段,.00,都市：住,,,,07950000
RPROMLLKNHGGFAI87CC,中山段三小段,60.00,都市：住,,,,00380050
RPVOMLNKNHGGFAI48CC,中庄段,.00,都市：住,,,,10690000
RPWOMLRKOHGGFAI09CC,下路頭段,.00,都市：住,,,,00970000
RPOPMLRKOHGGFAI38CC,短竹段,.00,都市：住,,,,09120071
RPPPMLNKNHGGFAI97CC,短竹段,.00,都市：住,,,,09120070
RPUNMLRKOHGGFAI98EC,同興段,1996.00,都市：工,,,,00500008
RPUNMLRKOHGGFAI98EC,同興段,2043.00,都市：工,,,,00500010
RPTQMLOLOHGGFAI78CC,劉厝段,.00,都市：工,,,,00030019
RPXQMLOLOHGGFAI56CC,盧厝段,.00,都市：住,,,,04290000
RPPRMLOLOHGGFAI48CC,竹圍子段,.00,都市：其他:市場用地,,,,01320036
RPRRMLOLOHGGFAI68CC,竹圍子段一小段,.00,都市：住,,,,01380000
RPROMLPLOHGGFAI48CC,新太平段,14.59,都市：住,,,,05410000
RPSOMLPLOHGGFAI58CC,新太平段,13.78,都市：住,,,,05410000
RPWPMLSLOHGGFAI76CC,下路頭段,.00,都市：住,,,,00970000
RPXPMLSLOHGGFAI86CC,下路頭段,.00,都市：住,,,,00970000
RPXNMLKMOHGGFAI58CC,竹圍子段,.00,都市：住,,,,00450009
RPROMLLJPHGGFAI97CC,中庄段,.00,都市：住,,,,10580000
RPSOMLLJPHGGFAI08CC,中庄段,.00,都市：住,,,,07120000
RPPOMLQJPHGGFAI28CC,下路頭段,.00,都市：住,,,,05910002
RPTOMLQJPHGGFAI68CC,竹圍子段三小段,.00,都市：住,,,,01620000
RPUOMLQJPHGGFAI78CC,竹圍子段,.00,都市：住,,,,03500043
RPXNMLRJPHGGFAI09CC,竹圍子段,.00,都市：住,,,,03500043
RPOOMLRJPHGGFAI28CC,新富段三小段,.00,都市：商,,,,00750011
RPPOMLRJPHGGFAI38CC,興村段,.00,都市：住,,,,02030000
RPQOMLRJPHGGFAI48CC,中山段七小段,.00,都市：商,,,,00830000
RPROMLRJPHGGFAI58CC,西門段一小段,.00,都市：商,,,,00860001
RPSOMLRJPHGGFAI68CC,竹村段,.00,都市：住,,,,04770000
RPSNMLRJPHGGFAI78EC,竹圍子段,.00,都市：商,,,,00910004
RPVNMLSJPHGGFAI98CC,新太平段,9.73,都市：住,,,,05410000
RPQOMLSJPHGGFAI58CC,中山段三小段,.00,都市：住,,,,00300006
RPSOMLSJPHGGFAI78CC,南田段,.00,都市：住,,,,14490000
RPTOMLSJPHGGFAI88CC,竹圍子段,.00,都市：其他:市場用地,,,,01320036
RPWNMLSJPHGGFAI09CC,新太平段,14.35,都市：住,,,,05410000
RPPOMLSJPHGGFAI48CC,車店段車店小段,.00,都市：住,,,,06590001
RPPNMLKKPHGGFAI67CC,白川段,35.56,都市：住,,,,00310000
RPVNMLPKPHGGFAI78CC,同興段,.00,都市：住,,,,17260000
RPWNMLPKPHGGFAI88CC,竹圍子段,86.00,都市：住,,,,00010054
RPXNMLPKPHGGFAI98CC,埤子頭段,.00,都市：住,,,,03830000
RPPOMLPKPHGGFAI28CC,短竹段,.00,都市：住,,,,09120071
RPTNMLTKPHGGFAI98CC,新太平段,18.64,都市：住,,,,05410000
RPUNMLTKPHGGFAI09CC,新太平段,18.64,都市：住,,,,05410000
RPXNMLTKPHGGFAI76CC,新太平段,18.64,都市：住,,,,05410000
RPXPMLLLPHGGFAI88CC,車店段車店小段,.00,都市：住,,,,08390001
RPOQMLLLPHGGFAI08CC,竹圍子段,.00,都市：其他:市場用地,,,,01320036
RPWOMLMLPHGGFAI78CC,竹圍子段,.00,都市：住,,,,03500043
RPVOMLQLPHGGFAI09CC,竹圍子段二小段,.00,都市：商,,,,00130000
RPXOMLQLPHGGFAI66CC,中山段七小段,.00,都市：商,,,,00830000
RPOPMLQLPHGGFAI48CC,新富段四小段,.00,都市：商,,,,00080000
RPPPMLQLPHGGFAI58CC,車店段車店小段,.00,都市：住,,,,00460056
RPUOMLSLPHGGFAI56CC,檜段三小段,.00,,,,,00120046
RPVOMLSLPHGGFAI66CC,彌陀段,.00,都市：住,,,,05230000
RPWOMLSLPHGGFAI76CC,檜段五小段,.00,都市：商,,,,00030077
RPPPMLSLPHGGFAI78CC,車店段車店小段,.00,都市：住,,,,00460056
RPSOMLKMPHGGFAI28CC,西門段一小段,.00,都市：商,,,,00860001
RPTOMLKMPHGGFAI38CC,盧厝段,.00,都市：住,,,,02490005
RPOPMLKMPHGGFAI97CC,竹圍子段,.00,都市：其他:市場用地,,,,01320036
RPWNMLOJQHGGFAI78CC,新太平段,9.73,都市：住,,,,05410000
RPWOMLQJQHGGFAI09CC,車店段,.00,都市：住,,,,04200075
RPOPMLQJQHGGFAI38CC,埤子頭段新厝小段,.00,都市：住,,,,05410000
RPQPMLQJQHGGFAI58CC,短竹段,.00,都市：住,,,,09120071
RPTPMLQJQHGGFAI88CC,短竹段,.00,都市：住,,,,09120070
RPSPMLQJQHGGFAI78CC,北社尾段,.00,都市：住,,,,07250008
RPUPMLQJQHGGFAI98CC,彌陀段,.00,都市：住,,,,05230000
RPVPMLQJQHGGFAI09CC,西門段三小段,.00,都市：商,,,,01170000
RPROMLSJPHGGFAI68CC,竹圍子段中興小段,.00,都市：商,,,,00700000
RPPNMLRJQHGGFAI38CC,新太平段,14.35,都市：住,,,,05410000
RPTNMLTJQHGGFAI98CC,北園段,.00,都市：其他:部分住宅區部分道路用地,,,,16070000
RPUNMLTJQHGGFAI09CC,車店段車店小段,.00,都市：住,,,,00450000
RPWOMLKMPHGGFAI68CC,盧厝段,.00,都市：住,,,,02550010
RPXOMLKMPHGGFAI78CC,盧厝段,.00,都市：住,,,,02550000
RPTNMLMKNHGGFAI08CC,白川段,32.98,都市：住,,,,00140001
RPWOMLNKNHGGFAI58CC,劉厝段劉厝小段,.00,都市：住,,,,03240012
RPXNMLOKNHGGFAI68CC,車店段車店小段,.00,都市：住,,,,06590001
