﻿鄉鎮市區,交易標的,土地位置建物門牌,土地移轉總面積平方公尺,都市土地使用分區,非都市土地使用分區,非都市土地使用編定,交易年月日,交易筆棟數,移轉層次,總樓層數,建物型態,主要用途,主要建材,建築完成年月,建物移轉總面積平方公尺,建物現況格局-房,建物現況格局-廳,建物現況格局-衛,建物現況格局-隔間,有無管理組織,總價元,單價元平方公尺,車位類別,車位移轉總面積平方公尺,車位總價元,備註,編號,建案名稱,棟及號
The villages and towns urban district,transaction sign,land sector position building sector house number plate,land shifting total area square meter,the use zoning or compiles and checks,the non-metropolis land use district,non-metropolis land use,transaction year month and day,transaction pen number,shifting level,total floor number,building state,main use,main building materials,construction to complete the years,building shifting total area,Building present situation pattern - room,building present situation pattern - hall,building present situation pattern - health,building present situation pattern - compartmented,Whether there is manages the organization,total price NTD,the unit price (NTD / square meter),the berth category,berth shifting total area square meter,the berth total price NTD,the note,serial number,build case,buildings
新竹市,房地(土地+建物)+車位,新竹市新竹市延平路一段261巷18弄旁A棟3樓,17.39,住,,,1091223,土地1建物1車位1,三層,17,住宅大樓(11層含以上有電梯),住家用,鋼筋混凝土造,,183.42,3,2,2,有,無,12200000,78319,坡道平面,47.82,1580000,,RPOQMLRJOHGGFAO88CB,大疆,
新竹市,房地(土地+建物)+車位,新竹市新竹市延平路一段261巷18弄旁A棟4樓,17.39,住,,,1091220,土地1建物1車位1,四層,17,住宅大樓(11層含以上有電梯),住家用,鋼筋混凝土造,,183.42,3,2,2,有,無,11910000,77729,坡道平面,47.82,1370000,,RPPQMLRJOHGGFAO98CB,大疆,
新竹市,房地(土地+建物)+車位,新竹市新竹市延平路一段261巷18弄旁A棟5樓,17.39,住,,,1091216,土地1建物1車位1,五層,17,住宅大樓(11層含以上有電梯),住家用,鋼筋混凝土造,,183.42,3,2,2,有,無,11980000,78982,坡道平面,47.82,1270000,,RPSQMLKKOHGGFAO68CB,大疆,
新竹市,房地(土地+建物)+車位,新竹市新竹市延平路一段261巷18弄旁A棟6樓,17.39,住,,,1091027,土地1建物1車位1,六層,17,住宅大樓(11層含以上有電梯),住家用,鋼筋混凝土造,,183.42,3,2,2,有,無,12200000,79572,坡道平面,47.82,1410000,,RPORMLKKOHGGFAO38CB,大疆,
新竹市,房地(土地+建物)+車位,新竹市新竹市延平路一段261巷18弄旁A棟7樓,17.39,住,,,1091225,土地1建物1車位1,七層,17,住宅大樓(11層含以上有電梯),住家用,鋼筋混凝土造,,183.42,3,2,2,有,無,12140000,80162,坡道平面,47.82,1270000,,RPSRMLKKOHGGFAO78CB,大疆,
新竹市,房地(土地+建物)+車位,新竹市新竹市延平路一段261巷18弄旁A棟11樓,17.39,住,,,1091226,土地1建物1車位1,十一層,17,住宅大樓(11層含以上有電梯),住家用,鋼筋混凝土造,,183.42,3,2,2,有,無,12470000,82596,坡道平面,47.82,1270000,,RPURMLKKOHGGFAO98CB,大疆,
新竹市,房地(土地+建物)+車位,新竹市新竹市延平路一段261巷18弄旁A棟14樓,17.39,住,,,1091218,土地1建物1車位1,十四層,17,住宅大樓(11層含以上有電梯),住家用,鋼筋混凝土造,,183.42,3,2,2,有,無,12690000,84366,坡道平面,47.82,1250000,,RPWRMLKKOHGGFAO56CB,大疆,
新竹市,房地(土地+建物)+車位,新竹市新竹市延平路一段261巷18弄旁B棟3樓,10.97,住,,,1091019,土地1建物1車位1,三層,17,住宅大樓(11層含以上有電梯),住家用,鋼筋混凝土造,,129.29,2,2,1,有,無,8210000,81369,坡道平面,44.0,1270000,,RPOSMLKKOHGGFAO48CB,大疆,
新竹市,房地(土地+建物)+車位,新竹市新竹市延平路一段261巷18弄旁B棟4樓,10.97,住,,,1091021,土地1建物1車位1,四層,17,住宅大樓(11層含以上有電梯),住家用,鋼筋混凝土造,,133.11,2,2,1,有,無,7970000,78556,坡道平面,47.82,1270000,,RPPSMLKKOHGGFAO58CB,大疆,
新竹市,房地(土地+建物)+車位,新竹市新竹市延平路一段261巷18弄旁B棟6樓,10.97,住,,,1091129,土地1建物1車位1,六層,17,住宅大樓(11層含以上有電梯),住家用,鋼筋混凝土造,,133.11,2,2,1,有,無,8600000,84770,坡道平面,47.82,1370000,,RPQSMLKKOHGGFAO68CB,大疆,
新竹市,房地(土地+建物)+車位,新竹市新竹市延平路一段261巷18弄旁B棟7樓,10.97,住,,,1091124,土地1建物1車位1,七層,17,住宅大樓(11層含以上有電梯),住家用,鋼筋混凝土造,,133.11,2,2,1,有,無,8540000,84418,坡道平面,47.82,1340000,,RPRSMLKKOHGGFAO78CB,大疆,
新竹市,房地(土地+建物)+車位,新竹市新竹市延平路一段261巷18弄旁B棟8樓,10.97,住,,,1091221,土地1建物1車位1,八層,17,住宅大樓(11層含以上有電梯),住家用,鋼筋混凝土造,,133.11,2,2,1,有,無,8210000,80783,坡道平面,47.82,1320000,,RPSSMLKKOHGGFAO88CB,大疆,
新竹市,房地(土地+建物)+車位,新竹市新竹市延平路一段261巷18弄旁B棟9樓,10.97,住,,,1091129,土地1建物1車位1,九層,17,住宅大樓(11層含以上有電梯),住家用,鋼筋混凝土造,,137.46,2,2,1,有,無,8780000,86294,坡道平面,52.17,1420000,,RPTSMLKKOHGGFAO98CB,大疆,
新竹市,房地(土地+建物)+車位,新竹市新竹市延平路一段261巷18弄旁B棟10樓,10.97,住,,,1091217,土地1建物1車位1,十層,17,住宅大樓(11層含以上有電梯),住家用,鋼筋混凝土造,,133.11,2,2,1,有,無,8280000,81956,坡道平面,47.82,1290000,,RPWPMLLKOHGGFAO09CB,大疆,
新竹市,房地(土地+建物)+車位,新竹市新竹市延平路一段261巷18弄旁B棟11樓,10.97,住,,,1091217,土地1建物1車位1,十一層,17,住宅大樓(11層含以上有電梯),住家用,鋼筋混凝土造,,133.11,2,2,1,有,無,8330000,82542,坡道平面,47.82,1290000,,RPXPMLLKOHGGFAO56CB,大疆,
新竹市,房地(土地+建物)+車位,新竹市新竹市延平路一段261巷18弄旁B棟12樓,10.97,住,,,1091024,土地1建物1車位1,十二層,17,住宅大樓(11層含以上有電梯),住家用,鋼筋混凝土造,,129.29,2,2,1,有,無,8228000,81580,坡道平面,44.0,1270000,,RPQQMLLKOHGGFAO58CB,大疆,
新竹市,房地(土地+建物)+車位,新竹市新竹市延平路一段261巷18弄旁B棟13樓,10.97,住,,,1091024,土地1建物1車位1,十三層,17,住宅大樓(11層含以上有電梯),住家用,鋼筋混凝土造,,129.29,2,2,1,有,無,8277000,82155,坡道平面,44.0,1270000,,RPSQMLLKOHGGFAO78CB,大疆,
新竹市,房地(土地+建物)+車位,新竹市新竹市延平路一段261巷18弄旁B棟14樓,10.97,住,,,1091218,土地1建物1車位1,十四層,17,住宅大樓(11層含以上有電梯),住家用,鋼筋混凝土造,,133.11,2,2,1,有,無,8450000,84418,坡道平面,47.82,1250000,,RPUQMLLKOHGGFAO98CB,大疆,
新竹市,房地(土地+建物)+車位,新竹市新竹市延平路一段261巷18弄旁B棟15樓,10.97,住,,,1091216,土地1建物1車位1,十五層,17,住宅大樓(11層含以上有電梯),住家用,鋼筋混凝土造,,133.11,2,2,1,有,無,8500000,85004,坡道平面,47.82,1250000,,RPVQMLLKOHGGFAO09CB,大疆,
新竹市,房地(土地+建物)+車位,新竹市新竹市延平路一段261巷18弄旁B棟16樓,10.97,住,,,1091016,土地1建物1車位1,十六層,17,住宅大樓(11層含以上有電梯),住家用,鋼筋混凝土造,,133.11,2,2,1,有,無,8590000,85590,坡道平面,47.82,1290000,,RPWQMLLKOHGGFAO56CB,大疆,
新竹市,房地(土地+建物)+車位,新竹市新竹市延平路一段261巷18弄旁C棟2樓,19.07,住,,,1091220,土地1建物1車位1,二層,17,住宅大樓(11層含以上有電梯),住家用,鋼筋混凝土造,,195.52,4,2,2,有,無,14300000,87881,坡道平面,47.82,1320000,,RPPRMLLKOHGGFAO58CB,大疆,
新竹市,房地(土地+建物)+車位,新竹市新竹市延平路一段261巷18弄旁C棟4樓,19.07,住,,,1091202,土地1建物1車位2,四層,17,住宅大樓(11層含以上有電梯),住家用,鋼筋混凝土造,,243.34,4,2,2,有,無,14960000,81787,坡道平面,95.64,2880000,,RPQRMLLKOHGGFAO68CB,大疆,
新竹市,房地(土地+建物)+車位,新竹市新竹市延平路一段261巷18弄旁C棟3樓,19.07,住,,,1091023,土地1建物1車位1,三層,17,住宅大樓(11層含以上有電梯),住家用,鋼筋混凝土造,,195.52,4,2,2,有,無,12910000,78808,坡道平面,47.82,1270000,,RPSRMLLKOHGGFAO88CB,大疆,
新竹市,房地(土地+建物)+車位,新竹市新竹市延平路一段261巷18弄旁C棟5樓,19.07,住,,,1091219,土地1建物1車位1,五層,17,住宅大樓(11層含以上有電梯),住家用,鋼筋混凝土造,,220.65,4,2,2,有,無,13320000,78944,坡道平面,72.95,1660000,,RPQRMLPKOHGGFAO09CB,大疆,
新竹市,房地(土地+建物)+車位,新竹市新竹市延平路一段261巷18弄旁C棟6樓,19.07,住,,,1091021,土地1建物1車位1,六層,17,住宅大樓(11層含以上有電梯),住家用,鋼筋混凝土造,,195.52,4,2,2,有,無,13240000,79418,坡道平面,47.82,1510000,,RPURMLPKOHGGFAO86CB,大疆,
新竹市,房地(土地+建物)+車位,新竹市新竹市延平路一段261巷18弄旁C棟7樓,19.07,住,,,1091022,土地1建物1車位1,七層,17,住宅大樓(11層含以上有電梯),住家用,鋼筋混凝土造,,195.52,4,2,2,有,無,13090000,80027,坡道平面,47.82,1270000,,RPQSMLPKOHGGFAO56CB,大疆,
新竹市,房地(土地+建物)+車位,新竹市新竹市延平路一段261巷18弄旁C棟8樓,19.07,住,,,1091102,土地1建物1車位1,八層,17,住宅大樓(11層含以上有電梯),住家用,鋼筋混凝土造,,191.7,4,2,2,有,無,14000000,85173,坡道平面,44.0,1420000,,RPRSMLPKOHGGFAO66CB,大疆,
新竹市,房地(土地+建物)+車位,新竹市新竹市延平路一段261巷18弄旁C棟9樓,19.07,住,,,1091022,土地1建物1車位1,九層,17,住宅大樓(11層含以上有電梯),住家用,鋼筋混凝土造,,195.52,4,2,2,有,無,13510000,81246,坡道平面,47.82,1510000,,RPSSMLPKOHGGFAO76CB,大疆,
新竹市,房地(土地+建物)+車位,新竹市新竹市延平路一段261巷18弄旁C棟11樓,19.07,住,,,1091126,土地1建物1車位1,十一層,17,住宅大樓(11層含以上有電梯),住家用,鋼筋混凝土造,,195.52,4,2,2,有,無,13400000,81923,坡道平面,47.82,1300000,,RPQTMLPKOHGGFAO66CB,大疆,
新竹市,房地(土地+建物)+車位,新竹市新竹市延平路一段261巷18弄旁C棟13樓,19.07,住,,,1091114,土地1建物1車位1,十三層,17,住宅大樓(11層含以上有電梯),住家用,鋼筋混凝土造,,195.52,4,2,2,有,無,14500000,88219,坡道平面,47.82,1470000,,RPRTMLPKOHGGFAO76CB,大疆,
新竹市,房地(土地+建物)+車位,新竹市新竹市延平路一段261巷18弄旁C棟16樓,19.07,住,,,1091114,土地1建物1車位1,十六層,17,住宅大樓(11層含以上有電梯),住家用,鋼筋混凝土造,,195.52,4,2,2,有,無,13800000,84631,坡道平面,47.82,1300000,,RPSTMLPKOHGGFAO86CB,大疆,
新竹市,房地(土地+建物)+車位,新竹市新竹市延平路一段261巷18弄旁A棟2樓,24.14,住,,,1100225,土地1建物1車位1,二層,17,住宅大樓(11層含以上有電梯),住家用,鋼筋混凝土造,,187.77,3,2,2,有,無,13260000,91445,坡道平面,52.17,860000,,RPXPMLQKOHGGFAO07CB,大疆,
新竹市,房地(土地+建物)+車位,新竹市新竹市延平路一段261巷18弄旁B棟2樓,16.88,住,,,1100224,土地1建物1車位1,二層,17,住宅大樓(11層含以上有電梯),住家用,鋼筋混凝土造,,129.29,2,2,1,有,無,8500000,88756,坡道平面,44.0,930000,,RPRQMLQKOHGGFAO56CB,大疆,
新竹市,房地(土地+建物)+車位,新竹市新竹市延平路一段261巷18弄旁C棟12樓,19.07,住,,,1091114,土地1建物1車位2,十二層,17,住宅大樓(11層含以上有電梯),住家用,鋼筋混凝土造,,239.52,4,2,2,有,無,14800000,82600,坡道平面,91.82,2600000,,RPURMLQKOHGGFAO96CB,大疆,
新竹市,房地(土地+建物)+車位,新竹市新竹市延平路一段261巷18弄旁C棟15樓,19.07,住,,,1091018,土地1建物1車位2,十五層,17,住宅大樓(11層含以上有電梯),住家用,鋼筋混凝土造,,243.34,4,2,2,有,無,15380000,84834,坡道平面,95.64,2850000,,RPWRMLQKOHGGFAO17CB,大疆,
新竹市,房地(土地+建物)+車位,新竹市新竹市延平路一段261巷18弄旁C棟10樓,19.07,住,,,1091114,土地1建物1車位2,十層,17,住宅大樓(11層含以上有電梯),住家用,鋼筋混凝土造,,243.34,4,2,2,有,無,15700000,86798,坡道平面,95.64,2880000,,RPOSMLQKOHGGFAO09CB,大疆,
新竹市,房地(土地+建物)+車位,新竹市新竹市延平路一段261巷18弄旁D棟2樓,23.13,住,,,1100221,土地1建物1車位1,二層,13,住宅大樓(11層含以上有電梯),住家用,鋼筋混凝土造,,179.85,3,2,2,有,無,13290000,92403,坡道平面,47.82,1090000,,RPQSMLQKOHGGFAO66CB,大疆,
新竹市,房地(土地+建物)+車位,新竹市新竹市延平路一段261巷18弄旁D棟3樓,22.96,住,,,1100203,土地1建物1車位1,三層,13,住宅大樓(11層含以上有電梯),住家用,鋼筋混凝土造,,176.03,3,2,2,有,無,11900000,83390,坡道平面,44.0,890000,,RPSSMLQKOHGGFAO86CB,大疆,
新竹市,房地(土地+建物)+車位,新竹市新竹市延平路一段261巷18弄旁D棟4樓,17.05,住,,,1091226,土地1建物1車位1,四層,13,住宅大樓(11層含以上有電梯),住家用,鋼筋混凝土造,,179.85,3,2,2,有,無,12010000,79906,坡道平面,47.82,1460000,,RPTSMLQKOHGGFAO96CB,大疆,
新竹市,房地(土地+建物)+車位,新竹市新竹市延平路一段261巷18弄旁D棟5樓,17.05,住,,,1091214,土地1建物1車位2,五層,13,住宅大樓(11層含以上有電梯),住家用,鋼筋混凝土造,,227.67,3,2,2,有,無,13320000,80285,坡道平面,95.64,2720000,,RPUSMLQKOHGGFAO07CB,大疆,
新竹市,房地(土地+建物)+車位,新竹市新竹市延平路一段261巷18弄旁D棟6樓,17.05,住,,,1091224,土地1建物1車位1,六層,13,住宅大樓(11層含以上有電梯),住家用,鋼筋混凝土造,,179.85,3,2,2,有,無,11670000,78770,坡道平面,47.82,1270000,,RPVSMLQKOHGGFAO17CB,大疆,
新竹市,房地(土地+建物)+車位,新竹市新竹市延平路一段261巷18弄旁D棟7樓,17.05,住,,,1091217,土地1建物1車位1,七層,13,住宅大樓(11層含以上有電梯),住家用,鋼筋混凝土造,,179.85,3,2,2,有,無,12750000,84299,坡道平面,47.82,1620000,,RPWSMLQKOHGGFAO27CB,大疆,
新竹市,房地(土地+建物)+車位,新竹市新竹市延平路一段261巷18弄旁D棟8樓,17.05,住,,,1091019,土地1建物1車位1,八層,13,住宅大樓(11層含以上有電梯),住家用,鋼筋混凝土造,,179.85,3,2,2,有,無,12290000,82936,坡道平面,47.82,1340000,,RPXSMLQKOHGGFAO37CB,大疆,
新竹市,房地(土地+建物)+車位,新竹市新竹市延平路一段261巷18弄旁D棟9樓,17.05,住,,,1091112,土地1建物1車位1,九層,13,住宅大樓(11層含以上有電梯),住家用,鋼筋混凝土造,,179.85,3,2,2,有,無,12820000,85965,坡道平面,47.82,1470000,,RPOTMLQKOHGGFAO56CB,大疆,
新竹市,房地(土地+建物)+車位,新竹市新竹市延平路一段261巷18弄旁D棟10樓,17.05,住,,,1091108,土地1建物1車位1,十層,13,住宅大樓(11層含以上有電梯),住家用,鋼筋混凝土造,,184.2,3,2,2,有,無,12750000,85890,坡道平面,52.17,1410000,,RPPTMLQKOHGGFAO66CB,大疆,
新竹市,房地(土地+建物)+車位,新竹市新竹市延平路一段261巷18弄旁D棟11樓,17.05,住,,,1091121,土地1建物1車位1,十一層,13,住宅大樓(11層含以上有電梯),住家用,鋼筋混凝土造,,184.2,3,2,2,有,無,12820000,86344,坡道平面,52.17,1420000,,RPQTMLQKOHGGFAO76CB,大疆,
新竹市,房地(土地+建物)+車位,新竹市新竹市延平路一段261巷18弄旁D棟12樓,17.05,住,,,1091219,土地1建物1車位2,十二層,13,住宅大樓(11層含以上有電梯),住家用,鋼筋混凝土造,,223.85,3,2,2,有,無,14080000,85208,坡道平面,91.82,2830000,,RPRTMLQKOHGGFAO86CB,大疆,
新竹市,房地(土地+建物)+車位,新竹市新竹市延平路一段261巷18弄旁D棟13樓,17.05,住,,,1091226,土地1建物1車位1,十三層,13,住宅大樓(11層含以上有電梯),住家用,鋼筋混凝土造,,176.03,3,2,2,有,無,12700000,86193,坡道平面,44.0,1320000,,RPSTMLQKOHGGFAO96CB,大疆,
新竹市,房地(土地+建物)+車位,新竹市新竹市延平路一段261巷18弄旁E棟2樓,16.71,住,,,1100226,土地1建物1車位1,二層,13,住宅大樓(11層含以上有電梯),住家用,鋼筋混凝土造,,128.22,2,2,1,有,無,8080000,85015,坡道平面,44.0,920000,,RPTTMLQKOHGGFAO07CB,大疆,
新竹市,房地(土地+建物)+車位,新竹市新竹市延平路一段261巷18弄旁E棟3樓,16.71,住,,,1100206,土地1建物1車位1,三層,13,住宅大樓(11層含以上有電梯),住家用,鋼筋混凝土造,,128.22,2,2,1,有,無,8130000,85134,坡道平面,44.0,960000,,RPUTMLQKOHGGFAO17CB,大疆,
新竹市,房地(土地+建物)+車位,新竹市新竹市延平路一段261巷18弄旁E棟4樓,10.8,住,,,1091204,土地1建物1車位1,四層,13,住宅大樓(11層含以上有電梯),住家用,鋼筋混凝土造,,136.39,2,2,1,有,無,8100000,80503,坡道平面,52.17,1320000,,RPVTMLQKOHGGFAO27CB,大疆,
新竹市,房地(土地+建物)+車位,新竹市新竹市延平路一段261巷18弄旁E棟5樓,10.8,住,,,1091022,土地1建物1車位1,五層,13,住宅大樓(11層含以上有電梯),住家用,鋼筋混凝土造,,132.04,2,2,1,有,無,8000000,78247,坡道平面,47.82,1410000,,RPWTMLQKOHGGFAO37CB,大疆,
新竹市,房地(土地+建物)+車位,新竹市新竹市延平路一段261巷18弄旁E棟6樓,10.8,住,,,1091014,土地1建物1車位1,六層,13,住宅大樓(11層含以上有電梯),住家用,鋼筋混凝土造,,132.04,2,2,1,有,無,8390000,83947,坡道平面,47.82,1320000,,RPPUMLQKOHGGFAO76CB,大疆,
新竹市,房地(土地+建物)+車位,新竹市新竹市延平路一段261巷18弄旁E棟7樓,10.8,住,,,1091017,土地1建物1車位1,七層,13,住宅大樓(11層含以上有電梯),住家用,鋼筋混凝土造,,132.04,2,2,1,有,無,8240000,82166,坡道平面,47.82,1320000,,RPQUMLQKOHGGFAO86CB,大疆,
新竹市,房地(土地+建物)+車位,新竹市新竹市延平路一段261巷18弄旁E棟8樓,10.8,住,,,1091016,土地1建物1車位1,八層,13,住宅大樓(11層含以上有電梯),住家用,鋼筋混凝土造,,132.04,2,2,1,有,無,8130000,80622,坡道平面,47.82,1340000,,RPRUMLQKOHGGFAO96CB,大疆,
新竹市,房地(土地+建物)+車位,新竹市新竹市延平路一段261巷18弄旁E棟9樓,10.8,住,,,1091016,土地1建物1車位1,九層,13,住宅大樓(11層含以上有電梯),住家用,鋼筋混凝土造,,132.04,2,2,1,有,無,8080000,80622,坡道平面,47.82,1290000,,RPTUMLQKOHGGFAO17CB,大疆,
新竹市,房地(土地+建物)+車位,新竹市新竹市延平路一段261巷18弄旁E棟10樓,10.8,住,,,1091016,土地1建物1車位1,十層,13,住宅大樓(11層含以上有電梯),住家用,鋼筋混凝土造,,132.04,2,2,1,有,無,8210000,81810,坡道平面,47.82,1320000,,RPUUMLQKOHGGFAO27CB,大疆,
新竹市,房地(土地+建物)+車位,新竹市新竹市延平路一段261巷18弄旁E棟11樓,10.8,住,,,1091015,土地1建物1車位1,十一層,13,住宅大樓(11層含以上有電梯),住家用,鋼筋混凝土造,,142.23,2,2,1,有,無,8750000,86440,坡道平面,58.01,1470000,,RPVUMLQKOHGGFAO37CB,大疆,
新竹市,房地(土地+建物)+車位,新竹市新竹市延平路一段261巷18弄旁E棟12樓,10.8,住,,,1091026,土地1建物1車位1,十二層,13,住宅大樓(11層含以上有電梯),住家用,鋼筋混凝土造,,132.04,2,2,1,有,無,8600000,87034,坡道平面,47.82,1270000,,RPWUMLQKOHGGFAO47CB,大疆,
新竹市,房地(土地+建物)+車位,新竹市新竹市延平路一段261巷18弄旁E棟13樓,10.8,住,,,1091119,土地1建物1車位1,十三層,13,住宅大樓(11層含以上有電梯),住家用,鋼筋混凝土造,,128.22,2,2,1,有,無,8680000,87984,坡道平面,44.0,1270000,,RPXUMLQKOHGGFAO57CB,大疆,
新竹市,房地(土地+建物)+車位,新竹市新竹市延平路一段261巷18弄旁A棟1樓_店1,14.85,住,,,1091023,土地1建物1車位1,一層,17,住宅大樓(11層含以上有電梯),商業用,鋼筋混凝土造,,166.13,0,0,0,無,無,14120000,105993,坡道平面,47.82,1580000,,RPSQMLRKOHGGFAO76CB,大疆,
新竹市,房地(土地+建物)+車位,新竹市新竹市延平路一段261巷18弄旁C棟1樓_店3,32.92,住,,,1100318,土地1建物1車位1,一層,17,住宅大樓(11層含以上有電梯),商業用,鋼筋混凝土造,,259.62,0,0,0,無,無,26470000,120161,坡道平面,47.82,1020000,,RPVQMLRKOHGGFAO07CB,大疆,
新竹市,房地(土地+建物),新竹市新竹市北區金雅西街C1戶,63.65,,鄉村區,乙種建築用地,1081201,土地3建物1車位0,全,5,透天厝,住家用,鋼筋混凝土造,,236.15,3,3,5,有,無,18000000,76223,,0.0,0,,RPSRMLTLOHGGFAO27DB,邑鑄,
新竹市,房地(土地+建物),新竹市新竹市北區金雅西街C2戶,63.09,,鄉村區,乙種建築用地,1090419,土地3建物1車位0,全,5,透天厝,住家用,鋼筋混凝土造,,235.91,3,3,5,有,無,19000000,80539,,0.0,0,,RPTRMLTLOHGGFAO37DB,邑鑄,
新竹市,房地(土地+建物),新竹市新竹市北區金雅西街C3戶,96.18,,鄉村區,乙種建築用地,1091001,土地3建物1車位0,全,4,透天厝,住家用,鋼筋混凝土造,,195.22,4,2,5,有,無,17300000,88618,,0.0,0,,RPURMLTLOHGGFAO47DB,邑鑄,
新竹市,房地(土地+建物),新竹市新竹市北區金雅西街C6戶,98.08,,鄉村區,乙種建築用地,1091202,土地3建物1車位0,全,4,透天厝,住家用,鋼筋混凝土造,,214.51,3,3,5,有,無,20880000,97338,,0.0,0,,RPVRMLTLOHGGFAO57DB,邑鑄,
新竹市,房地(土地+建物),新竹市新竹市北區金雅西街C5戶,92.37,,鄉村區,乙種建築用地,1080709,土地3建物1車位0,全,4,透天厝,住家用,鋼筋混凝土造,,215.16,3,3,5,有,無,20500000,95278,,0.0,0,,RPOSMLTLOHGGFAO96DB,邑鑄,
新竹市,房地(土地+建物)+車位,新竹市新竹市慈祥路,35.85,住,,,1100702,土地1建物1車位1,三層,12,住宅大樓(11層含以上有電梯),住家用,鋼筋混凝土造,,185.01,3,2,2,有,無,24850000,149003,坡道平面,33.0,2200000,,RPQNMLOKPHGGFAO68CB,致家人,A棟3號
新竹市,房地(土地+建物)+車位,新竹市新竹市慈祥路,35.85,住,,,1100701,土地1建物1車位2,十一層,12,住宅大樓(11層含以上有電梯),住家用,鋼筋混凝土造,,205.04,3,2,2,有,無,27400000,157958,坡道平面,55.0,3700000,,RPRNMLOKPHGGFAO78CB,致家人,A棟11號
新竹市,房地(土地+建物),新竹市新竹市西大路72巷,8.38,其他,,,1100708,土地1建物1車位0,十層,10,套房(1房1廳1衛),住家用,鋼筋混凝土造,,57.02,1,1,1,有,無,5700000,99965,,0.0,0,,RPPNMLPKPHGGFAO68CB,擎業愛+,B棟10F號
新竹市,房地(土地+建物),新竹市新竹市金雅東街,104.48,,鄉村區,乙種建築用地,1100706,土地1建物1車位0,全,2,透天厝,住家用,鋼筋混凝土造,,294.63,4,2,5,有,無,33000000,112005,,0.0,0,,RPRNMLQKPHGGFAO98CB,竹慶金宴,G棟1號
新竹市,房地(土地+建物)+車位,新竹市新竹市中和路52巷,21.31,住,,,1100717,土地2建物1車位1,七層,7,華廈(10層含以下有電梯),住家用,鋼筋混凝土造,,101.4,2,2,1,有,無,8050000,82115,其他,12.5,750000,,RPPNMLNLPHGGFAO68DB,理德橙心,A2棟7號
新竹市,房地(土地+建物)+車位,新竹市新竹市中和路52巷,28.99,住,,,1100710,土地2建物1車位1,二層,7,華廈(10層含以下有電梯),住家用,鋼筋混凝土造,,133.44,3,2,2,有,無,9850000,74417,其他,12.5,850000,,RPQNMLNLPHGGFAO78DB,理德橙心,A3棟2號
新竹市,房地(土地+建物)+車位,新竹市新竹市中和路52巷,21.41,住,,,1100717,土地2建物1車位1,二層,7,華廈(10層含以下有電梯),住家用,鋼筋混凝土造,,101.82,2,2,1,有,無,7680000,77586,其他,12.5,750000,,RPRNMLNLPHGGFAO88DB,理德橙心,A2棟2號
新竹市,房地(土地+建物)+車位,新竹市新竹市慈祥路,30.04,住,,,1100705,土地1建物1車位1,二層,12,住宅大樓(11層含以上有電梯),住家用,鋼筋混凝土造,,152.46,3,2,2,有,無,20080000,142183,坡道平面,25.3,2000000,,RPSNMLQLPHGGFAO56CB,致家人,C棟2號
新竹市,房地(土地+建物),新竹市新竹市金雅西街,113.72,,鄉村區,乙種建築用地,1080610,土地3建物1車位0,全,5,透天厝,住商用,鋼筋混凝土造,,316.53,4,3,6,有,無,27870000,88049,,0.0,0,,RPPNMLRLPHGGFAO98CB,邑鑄,A1棟0號
新竹市,房地(土地+建物),新竹市新竹市金雅西街,83.14,,鄉村區,乙種建築用地,1081220,土地3建物1車位0,全,5,透天厝,住商用,鋼筋混凝土造,,294.55,4,3,6,有,無,25000000,84875,,0.0,0,,RPQNMLRLPHGGFAO09CB,邑鑄,A2棟0號
新竹市,房地(土地+建物),新竹市新竹市金雅西街,83.14,,鄉村區,乙種建築用地,1080709,土地3建物1車位0,全,5,透天厝,住商用,鋼筋混凝土造,,294.55,4,3,6,有,無,24000000,81480,,0.0,0,,RPRNMLRLPHGGFAO56CB,邑鑄,A3棟0號
新竹市,房地(土地+建物),新竹市新竹市金雅西街,87.54,,鄉村區,乙種建築用地,1090225,土地3建物1車位0,全,5,透天厝,住商用,鋼筋混凝土造,,300.93,4,3,6,有,無,25800000,85734,,0.0,0,,RPSNMLRLPHGGFAO66CB,邑鑄,A5棟0號
新竹市,房地(土地+建物),新竹市新竹市金雅西街,85.91,,鄉村區,乙種建築用地,1081107,土地3建物1車位0,全,5,透天厝,住商用,鋼筋混凝土造,,294.55,4,3,6,有,無,25180000,85486,,0.0,0,,RPTNMLRLPHGGFAO76CB,邑鑄,A6棟0號
新竹市,房地(土地+建物),新竹市新竹市金雅西街,83.14,,鄉村區,乙種建築用地,1090425,土地3建物1車位0,全,5,透天厝,住商用,鋼筋混凝土造,,294.55,4,3,6,有,無,23600000,80122,,0.0,0,,RPUNMLRLPHGGFAO86CB,邑鑄,A7棟0號
新竹市,房地(土地+建物),新竹市新竹市金雅西街,87.74,,鄉村區,乙種建築用地,1090517,土地3建物1車位0,全,5,透天厝,住商用,鋼筋混凝土造,,294.74,4,3,6,有,無,25000000,84821,,0.0,0,,RPVNMLRLPHGGFAO96CB,邑鑄,A8棟0號
新竹市,房地(土地+建物),新竹市新竹市金雅三街,73.25,,鄉村區,乙種建築用地,1090114,土地3建物1車位0,全,5,透天厝,住商用,鋼筋混凝土造,,259.8,3,3,6,有,無,21600000,83141,,0.0,0,,RPWNMLRLPHGGFAO07CB,邑鑄,B1棟0號
新竹市,房地(土地+建物),新竹市新竹市金雅三街,64.63,,鄉村區,乙種建築用地,1080907,土地3建物1車位0,全,5,透天厝,住商用,鋼筋混凝土造,,229.67,3,3,5,有,無,19420000,84556,,0.0,0,,RPXNMLRLPHGGFAO17CB,邑鑄,B2棟0號
新竹市,房地(土地+建物),新竹市新竹市金雅三街,74.48,,鄉村區,乙種建築用地,1080618,土地3建物1車位0,全,5,透天厝,住商用,鋼筋混凝土造,,245.4,3,3,6,有,無,21500000,87612,,0.0,0,,RPOOMLRLPHGGFAO98CB,邑鑄,B3棟0號
新竹市,房地(土地+建物)+車位,新竹市新竹市北區中清路一段,32.21,住,,,1100530,土地1建物1車位1,十層,12,住宅大樓(11層含以上有電梯),住家用,鋼筋混凝土造,,147.39,3,2,2,有,無,8600000,63861,坡道平面,31.2,1180000,,RPPNMLSLPHGGFAO09CB,海街日記,B1棟10F號
新竹市,房地(土地+建物)+車位,新竹市新竹市北區中清路一段,31.31,住,,,1100524,土地1建物1車位1,九層,12,住宅大樓(11層含以上有電梯),住家用,鋼筋混凝土造,,144.17,3,2,2,有,無,7770000,59042,坡道平面,31.2,1100000,,RPQNMLSLPHGGFAO56CB,海街日記,B2棟9F號
新竹市,房地(土地+建物)+車位,新竹市新竹市北區中清路一段,32.34,住,,,1100522,土地1建物1車位1,七層,12,住宅大樓(11層含以上有電梯),住家用,鋼筋混凝土造,,147.88,3,2,2,有,無,7980000,58279,坡道平面,31.2,1180000,,RPRNMLSLPHGGFAO66CB,海街日記,A3棟7F號
新竹市,房地(土地+建物)+車位,新竹市新竹市北區中清路一段,32.34,住,,,1100522,土地1建物1車位1,六層,12,住宅大樓(11層含以上有電梯),住家用,鋼筋混凝土造,,147.88,3,2,2,有,無,7900000,57593,坡道平面,31.2,1180000,,RPTNMLSLPHGGFAO86CB,海街日記,A3棟6F號
新竹市,房地(土地+建物)+車位,新竹市新竹市北區中清路一段,31.61,住,,,1100605,土地1建物1車位1,七層,12,住宅大樓(11層含以上有電梯),住家用,鋼筋混凝土造,,142.72,3,2,2,有,無,7700000,58045,坡道平面,28.67,1080000,,RPVNMLSLPHGGFAO07CB,海街日記,A2棟7F號
新竹市,房地(土地+建物)+車位,新竹市新竹市北區中清路一段,31.31,住,,,1100612,土地1建物1車位1,六層,12,住宅大樓(11層含以上有電梯),住家用,鋼筋混凝土造,,141.64,3,2,2,有,無,7630000,57980,坡道平面,28.67,1080000,,RPWNMLSLPHGGFAO17CB,海街日記,B2棟6F號
新竹市,房地(土地+建物)+車位,新竹市新竹市北區中清路一段,31.24,住,,,1100618,土地1建物1車位1,十一層,12,住宅大樓(11層含以上有電梯),住家用,鋼筋混凝土造,,143.91,3,2,2,有,無,7960000,60154,坡道平面,31.2,1180000,,RPXNMLSLPHGGFAO27CB,海街日記,B3棟11F號
新竹市,房地(土地+建物)+車位,新竹市新竹市北區中清路一段,32.21,住,,,1100620,土地1建物1車位1,八層,12,住宅大樓(11層含以上有電梯),住家用,鋼筋混凝土造,,147.39,3,2,2,有,無,8390000,62054,坡道平面,31.2,1180000,,RPOOMLSLPHGGFAO09CB,海街日記,B1棟8F號
新竹市,房地(土地+建物)+車位,新竹市新竹市北區中清路一段,31.61,住,,,1100712,土地1建物1車位1,六層,12,住宅大樓(11層含以上有電梯),住家用,鋼筋混凝土造,,145.25,3,2,2,有,無,7760000,57694,坡道平面,31.2,1180000,,RPPOMLSLPHGGFAO56CB,海街日記,A2棟6F號
新竹市,房地(土地+建物)+車位,新竹市新竹市北區中清路一段,32.21,住,,,1100703,土地1建物1車位1,七層,12,住宅大樓(11層含以上有電梯),住家用,鋼筋混凝土造,,144.86,3,2,2,有,無,8100000,60418,坡道平面,28.67,1080000,,RPQOMLSLPHGGFAO66CB,海街日記,B1棟7F號
新竹市,房地(土地+建物)+車位,新竹市新竹市北區中清路一段,38.47,住,,,1100703,土地1建物1車位1,七層,12,住宅大樓(11層含以上有電梯),住家用,鋼筋混凝土造,,169.98,4,2,2,有,無,9600000,60672,坡道平面,31.2,1180000,,RPROMLSLPHGGFAO76CB,海街日記,B5棟7F號
新竹市,房地(土地+建物)+車位,新竹市新竹市北區中清路一段,31.31,住,,,1100710,土地1建物1車位1,五層,12,住宅大樓(11層含以上有電梯),住家用,鋼筋混凝土造,,128.57,3,2,2,有,無,7080000,56918,坡道機械,15.6,650000,,RPSOMLSLPHGGFAO86CB,海街日記,B2棟5F號
新竹市,房地(土地+建物)+車位,新竹市新竹市北區中清路一段,32.21,住,,,1100706,土地1建物1車位1,五層,12,住宅大樓(11層含以上有電梯),住家用,鋼筋混凝土造,,144.86,3,2,2,有,無,8080000,59385,坡道平面,28.67,1180000,,RPTOMLSLPHGGFAO96CB,海街日記,B1棟5F號
新竹市,房地(土地+建物)+車位,新竹市新竹市北區中清路一段,32.21,住,,,1100714,土地1建物1車位1,十一層,12,住宅大樓(11層含以上有電梯),住家用,鋼筋混凝土造,,147.39,3,2,2,有,無,8700000,63861,坡道平面,31.2,1280000,,RPUOMLSLPHGGFAO07CB,海街日記,B1棟11F號
新竹市,房地(土地+建物)+車位,新竹市新竹市北區中清路一段,31.61,住,,,1100717,土地1建物1車位1,五層,12,住宅大樓(11層含以上有電梯),住家用,鋼筋混凝土造,,142.72,3,2,2,有,無,7650000,56730,坡道平面,28.67,1180000,,RPVOMLSLPHGGFAO17CB,海街日記,A2棟5F號
新竹市,房地(土地+建物)+車位,新竹市新竹市北區中清路一段,32.21,住,,,1100721,土地1建物1車位1,九層,12,住宅大樓(11層含以上有電梯),住家用,鋼筋混凝土造,,147.39,3,2,2,有,無,8780000,63689,坡道平面,31.2,1380000,,RPWOMLSLPHGGFAO27CB,海街日記,B1棟9F號
新竹市,房地(土地+建物)+車位,新竹市新竹市公道五路四段,29.02,,特定農業區,甲種建築用地,1100707,土地1建物1車位1,三層,5,華廈(10層含以下有電梯),住家用,鋼筋混凝土造,,97.7,3,2,2,有,無,10000000,93164,一樓平面,5.39,1400000,,RPQNMLTLPHGGFAO66CB,鑫福．幸福,C63號
新竹市,房地(土地+建物)+車位,新竹市新竹市公道五路四段,29.02,,特定農業區,甲種建築用地,1100724,土地1建物1車位1,四層,5,華廈(10層含以下有電梯),住家用,鋼筋混凝土造,,97.7,3,2,2,有,無,10500000,98581,一樓平面,5.39,1400000,,RPSNMLTLPHGGFAO86CB,鑫福．幸福,C64號
新竹市,房地(土地+建物)+車位,新竹市新竹市公道五路四段,25.25,,特定農業區,甲種建築用地,1100722,土地1建物1車位1,三層,5,華廈(10層含以下有電梯),住家用,鋼筋混凝土造,,84.96,3,2,2,有,無,8800000,93000,一樓平面,5.39,1400000,,RPTNMLTLPHGGFAO96CB,鑫福．幸福,A63號
新竹市,房地(土地+建物),新竹市新竹市西大路72巷,14.38,其他,,,1100710,土地1建物1車位0,六層,10,華廈(10層含以下有電梯),住家用,鋼筋混凝土造,,97.88,2,2,1,有,無,10360000,105844,,0.0,0,,RPSNMLKMPHGGFAO68CB,擎業愛+,B棟6F號
新竹市,房地(土地+建物)+車位,新竹市新竹市西大路72巷,13.63,其他,,,1100710,土地1建物1車位1,五層,10,華廈(10層含以下有電梯),住家用,鋼筋混凝土造,,114.26,2,2,1,有,無,10880000,97876,一樓平面,21.49,1800000,,RPTNMLKMPHGGFAO78CB,擎業愛+,A棟5F號
新竹市,房地(土地+建物)+車位,新竹市新竹市西大路72巷,13.45,其他,,,1100708,土地1建物1車位1,六層,10,華廈(10層含以下有電梯),住家用,鋼筋混凝土造,,113.04,2,2,1,有,無,11150000,103222,一樓平面,21.49,1700000,,RPUNMLKMPHGGFAO88CB,擎業愛+,A棟6F號
新竹市,房地(土地+建物),新竹市新竹市內湖段493-89地號,183.33,,山坡地保育區,丙種建築用地,1100701,土地2建物1車位0,全,3,透天厝,住家用,鋼筋混凝土造,,227.34,3,2,3,有,無,14880000,65453,,0.0,0,,RPQNMLKMPHGGFAO58DB,森Villa,A棟21號
新竹市,房地(土地+建物)+車位,新竹市新竹市新香街,41.78,,山坡地保育區,丙種建築用地,1100703,土地1建物1車位1,四層,7,華廈(10層含以下有電梯),住家用,鋼筋混凝土造,,104.97,2,1,2,有,無,7030000,78988,坡道平面,33.06,1350000,,RPQNMLMJQHGGFAO58DB,自在煙波,C2棟4號
新竹市,房地(土地+建物)+車位,新竹市新竹市中正路與士林西路交叉口,36.89,,鄉村區,乙種建築用地,1100603,土地1建物1車位1,二層,7,華廈(10層含以下有電梯),住家用,鋼筋混凝土造,,182.46,4,2,2,有,無,11460000,68537,坡道平面,32.76,1200000,,RPQNMLNJQHGGFAO68DB,中正大悅,A1棟2F號
新竹市,房地(土地+建物)+車位,新竹市新竹市中正路與士林西路交叉口,38.13,,鄉村區,乙種建築用地,1100118,土地1建物1車位1,七層,7,華廈(10層含以下有電梯),住家用,鋼筋混凝土造,,188.1,4,2,2,有,無,13270000,77701,坡道平面,32.76,1200000,,RPRNMLNJQHGGFAO78DB,中正大悅,A2棟7F號
新竹市,房地(土地+建物)+車位,新竹市新竹市中正路與士林西路交叉口,30.27,,鄉村區,乙種建築用地,1100317,土地1建物1車位1,二層,7,華廈(10層含以下有電梯),住家用,鋼筋混凝土造,,155.54,3,2,2,有,無,10400000,75954,坡道平面,35.73,1300000,,RPSNMLNJQHGGFAO88DB,中正大悅,A5棟2F號
新竹市,房地(土地+建物)+車位,新竹市新竹市中正路與士林西路交叉口,30.27,,鄉村區,乙種建築用地,1100122,土地1建物1車位1,五層,7,華廈(10層含以下有電梯),住家用,鋼筋混凝土造,,152.57,3,2,2,有,無,10230000,75787,坡道平面,32.76,1150000,,RPTNMLNJQHGGFAO98DB,中正大悅,A5棟5F號
新竹市,房地(土地+建物)+車位,新竹市新竹市中正路與士林西路交叉口,30.27,,鄉村區,乙種建築用地,1100316,土地1建物1車位1,七層,7,華廈(10層含以下有電梯),住家用,鋼筋混凝土造,,152.57,3,2,2,有,無,10380000,76621,坡道平面,32.76,1200000,,RPUNMLNJQHGGFAO09DB,中正大悅,A5棟7F號
新竹市,房地(土地+建物)+車位,新竹市新竹市中正路與士林西路交叉口,37.09,,鄉村區,乙種建築用地,1100310,土地1建物1車位2,二層,7,華廈(10層含以下有電梯),住家用,鋼筋混凝土造,,199.12,3,2,2,有,無,12600000,76347,坡道平面,65.52,2400000,,RPVNMLNJQHGGFAO56DB,中正大悅,B1棟2F號
新竹市,房地(土地+建物)+車位,新竹市新竹市中正路與士林西路交叉口,33.33,,鄉村區,乙種建築用地,1100112,土地1建物1車位1,四層,7,華廈(10層含以下有電梯),住家用,鋼筋混凝土造,,166.36,3,2,2,有,無,11370000,75374,坡道平面,32.76,1300000,,RPWNMLNJQHGGFAO66DB,中正大悅,B1棟4F號
新竹市,房地(土地+建物)+車位,新竹市新竹市中正路與士林西路交叉口,33.33,,鄉村區,乙種建築用地,1100123,土地1建物1車位1,六層,7,華廈(10層含以下有電梯),住家用,鋼筋混凝土造,,166.36,3,2,2,有,無,11600000,78219,坡道平面,32.76,1150000,,RPXNMLNJQHGGFAO76DB,中正大悅,B1棟6F號
新竹市,房地(土地+建物)+車位,新竹市新竹市中正路與士林西路交叉口,33.35,,鄉村區,乙種建築用地,1100108,土地1建物1車位1,四層,7,華廈(10層含以下有電梯),住家用,鋼筋混凝土造,,166.5,3,2,2,有,無,11350000,75146,坡道平面,32.76,1300000,,RPOOMLNJQHGGFAO58DB,中正大悅,B2棟4F號
新竹市,房地(土地+建物)+車位,新竹市新竹市中正路與士林西路交叉口,33.35,,鄉村區,乙種建築用地,1100113,土地1建物1車位1,七層,7,華廈(10層含以下有電梯),住家用,鋼筋混凝土造,,166.5,3,2,2,有,無,11670000,77539,坡道平面,32.76,1300000,,RPPOMLNJQHGGFAO68DB,中正大悅,B2棟7F號
新竹市,房地(土地+建物)+車位,新竹市新竹市中正路與士林西路交叉口,37.47,,鄉村區,乙種建築用地,1100323,土地1建物1車位2,二層,7,華廈(10層含以下有電梯),住家用,鋼筋混凝土造,,200.87,3,2,2,有,無,12750000,77207,坡道平面,65.52,2300000,,RPQOMLNJQHGGFAO78DB,中正大悅,B3棟2F號
新竹市,房地(土地+建物)+車位,新竹市新竹市中正路與士林西路交叉口,37.47,,鄉村區,乙種建築用地,1100313,土地1建物1車位2,三層,7,華廈(10層含以下有電梯),住家用,鋼筋混凝土造,,200.87,3,2,2,有,無,12820000,75508,坡道平面,65.52,2600000,,RPROMLNJQHGGFAO88DB,中正大悅,B3棟3F號
新竹市,房地(土地+建物)+車位,新竹市新竹市中正路與士林西路交叉口,33.71,,鄉村區,乙種建築用地,1100112,土地1建物1車位1,四層,7,華廈(10層含以下有電梯),住家用,鋼筋混凝土造,,168.11,3,2,2,有,無,11050000,72774,坡道平面,32.76,1200000,,RPSOMLNJQHGGFAO98DB,中正大悅,B3棟4F號
新竹市,房地(土地+建物)+車位,新竹市新竹市中正路與士林西路交叉口,33.71,,鄉村區,乙種建築用地,1100207,土地1建物1車位1,七層,7,華廈(10層含以下有電梯),住家用,鋼筋混凝土造,,168.11,3,2,2,有,無,11450000,75730,坡道平面,32.76,1200000,,RPTOMLNJQHGGFAO09DB,中正大悅,B3棟7F號
新竹市,房地(土地+建物)+車位,新竹市新竹市中正路與士林西路交叉口,30.74,,鄉村區,乙種建築用地,1100307,土地1建物1車位1,七層,7,華廈(10層含以下有電梯),住家用,鋼筋混凝土造,,154.65,3,2,2,有,無,10550000,76709,坡道平面,32.76,1200000,,RPUOMLNJQHGGFAO56DB,中正大悅,B5棟7F號
新竹市,房地(土地+建物)+車位,新竹市新竹市中正路與士林西路交叉口,34.05,,鄉村區,乙種建築用地,1100310,土地1建物1車位1,一層,7,華廈(10層含以下有電梯),住家用,鋼筋混凝土造,,169.51,0,0,1,有,無,16700000,112614,坡道平面,32.76,1300000,,RPVOMLNJQHGGFAO66DB,中正大悅,C2棟1F號
新竹市,房地(土地+建物)+車位,新竹市新竹市中正路與士林西路交叉口,36.89,,鄉村區,乙種建築用地,1091214,土地1建物1車位1,三層,7,華廈(10層含以下有電梯),住家用,鋼筋混凝土造,,182.46,4,2,2,有,無,12620000,75952,坡道平面,32.76,1250000,,RPWOMLNJQHGGFAO76DB,中正大悅,A1棟3F號
新竹市,房地(土地+建物)+車位,新竹市新竹市中正路與士林西路交叉口,36.89,,鄉村區,乙種建築用地,1091216,土地1建物1車位1,四層,7,華廈(10層含以下有電梯),住家用,鋼筋混凝土造,,182.46,4,2,2,有,無,12560000,75217,坡道平面,32.76,1300000,,RPXOMLNJQHGGFAO86DB,中正大悅,A1棟4F號
新竹市,房地(土地+建物)+車位,新竹市新竹市中正路與士林西路交叉口,36.89,,鄉村區,乙種建築用地,1091212,土地1建物1車位1,六層,7,華廈(10層含以下有電梯),住家用,鋼筋混凝土造,,182.46,4,2,2,有,無,13000000,78156,坡道平面,32.76,1300000,,RPOPMLNJQHGGFAO68DB,中正大悅,A1棟6F號
新竹市,房地(土地+建物)+車位,新竹市新竹市中正路與士林西路交叉口,36.89,,鄉村區,乙種建築用地,1091212,土地1建物1車位1,七層,7,華廈(10層含以下有電梯),住家用,鋼筋混凝土造,,182.46,4,2,2,有,無,12790000,77422,坡道平面,32.76,1200000,,RPPPMLNJQHGGFAO78DB,中正大悅,A1棟7F號
新竹市,房地(土地+建物)+車位,新竹市新竹市中正路與士林西路交叉口,38.13,,鄉村區,乙種建築用地,1091214,土地1建物1車位1,三層,7,華廈(10層含以下有電梯),住家用,鋼筋混凝土造,,188.1,4,2,2,有,無,13130000,76156,坡道平面,32.76,1300000,,RPQPMLNJQHGGFAO88DB,中正大悅,A2棟3F號
新竹市,房地(土地+建物)+車位,新竹市新竹市中正路與士林西路交叉口,38.13,,鄉村區,乙種建築用地,1091226,土地1建物1車位1,四層,7,華廈(10層含以下有電梯),住家用,鋼筋混凝土造,,188.1,4,2,2,有,無,13010000,75383,坡道平面,32.76,1300000,,RPRPMLNJQHGGFAO98DB,中正大悅,A2棟4F號
新竹市,房地(土地+建物)+車位,新竹市新竹市中正路與士林西路交叉口,38.13,,鄉村區,乙種建築用地,1091215,土地1建物1車位1,五層,7,華廈(10層含以下有電梯),住家用,鋼筋混凝土造,,188.1,4,2,2,有,無,13120000,76735,坡道平面,32.76,1200000,,RPSPMLNJQHGGFAO09DB,中正大悅,A2棟5F號
新竹市,房地(土地+建物)+車位,新竹市新竹市中正路與士林西路交叉口,38.13,,鄉村區,乙種建築用地,1091211,土地1建物1車位1,六層,7,華廈(10層含以下有電梯),住家用,鋼筋混凝土造,,188.1,4,2,2,有,無,13490000,78473,坡道平面,32.76,1300000,,RPTPMLNJQHGGFAO56DB,中正大悅,A2棟6F號
新竹市,房地(土地+建物)+車位,新竹市新竹市中正路與士林西路交叉口,32.94,,鄉村區,乙種建築用地,1091209,土地1建物1車位1,三層,7,華廈(10層含以下有電梯),住家用,鋼筋混凝土造,,164.56,3,2,2,有,無,11130000,75341,坡道平面,32.76,1200000,,RPUPMLNJQHGGFAO66DB,中正大悅,A3棟3F號
新竹市,房地(土地+建物)+車位,新竹市新竹市中正路與士林西路交叉口,32.94,,鄉村區,乙種建築用地,1091212,土地1建物1車位1,四層,7,華廈(10層含以下有電梯),住家用,鋼筋混凝土造,,164.56,3,2,2,有,無,11000000,74355,坡道平面,32.76,1200000,,RPVPMLNJQHGGFAO76DB,中正大悅,A3棟4F號
新竹市,房地(土地+建物)+車位,新竹市新竹市中正路與士林西路交叉口,32.94,,鄉村區,乙種建築用地,1091212,土地1建物1車位1,五層,7,華廈(10層含以下有電梯),住家用,鋼筋混凝土造,,164.56,3,2,2,有,無,11290000,76176,坡道平面,32.76,1250000,,RPWPMLNJQHGGFAO86DB,中正大悅,A3棟5F號
新竹市,房地(土地+建物)+車位,新竹市新竹市中正路與士林西路交叉口,32.94,,鄉村區,乙種建築用地,1091211,土地1建物1車位1,六層,7,華廈(10層含以下有電梯),住家用,鋼筋混凝土造,,164.56,3,2,2,有,無,11430000,77618,坡道平面,32.76,1200000,,RPXPMLNJQHGGFAO96DB,中正大悅,A3棟6F號
新竹市,房地(土地+建物)+車位,新竹市新竹市中正路與士林西路交叉口,32.94,,鄉村區,乙種建築用地,1091213,土地1建物1車位1,七層,7,華廈(10層含以下有電梯),住家用,鋼筋混凝土造,,164.56,3,2,2,有,無,11330000,76859,坡道平面,32.76,1200000,,RPOQMLNJQHGGFAO78DB,中正大悅,A3棟7F號
新竹市,房地(土地+建物)+車位,新竹市新竹市中正路與士林西路交叉口,30.27,,鄉村區,乙種建築用地,1091219,土地1建物1車位1,三層,7,華廈(10層含以下有電梯),住家用,鋼筋混凝土造,,152.57,3,2,2,有,無,10080000,74117,坡道平面,32.76,1200000,,RPPQMLNJQHGGFAO88DB,中正大悅,A5棟3F號
新竹市,房地(土地+建物)+車位,新竹市新竹市中正路與士林西路交叉口,30.27,,鄉村區,乙種建築用地,1091226,土地1建物1車位1,四層,7,華廈(10層含以下有電梯),住家用,鋼筋混凝土造,,152.57,3,2,2,有,無,9990000,73366,坡道平面,32.76,1200000,,RPQQMLNJQHGGFAO98DB,中正大悅,A5棟4F號
新竹市,房地(土地+建物)+車位,新竹市新竹市中正路與士林西路交叉口,30.27,,鄉村區,乙種建築用地,1091209,土地1建物1車位1,六層,7,華廈(10層含以下有電梯),住家用,鋼筋混凝土造,,152.57,3,2,2,有,無,10330000,76621,坡道平面,32.76,1150000,,RPRQMLNJQHGGFAO09DB,中正大悅,A5棟6F號
新竹市,房地(土地+建物)+車位,新竹市新竹市中正路與士林西路交叉口,33.33,,鄉村區,乙種建築用地,1091211,土地1建物1車位1,三層,7,華廈(10層含以下有電梯),住家用,鋼筋混凝土造,,169.33,3,2,2,有,無,11290000,75524,坡道平面,35.73,1200000,,RPSQMLNJQHGGFAO56DB,中正大悅,B1棟3F號
新竹市,房地(土地+建物)+車位,新竹市新竹市中正路與士林西路交叉口,33.33,,鄉村區,乙種建築用地,1091215,土地1建物1車位1,五層,7,華廈(10層含以下有電梯),住家用,鋼筋混凝土造,,166.36,3,2,2,有,無,11400000,75973,坡道平面,32.76,1250000,,RPTQMLNJQHGGFAO66DB,中正大悅,B1棟5F號
新竹市,房地(土地+建物)+車位,新竹市新竹市中正路與士林西路交叉口,33.33,,鄉村區,乙種建築用地,1091211,土地1建物1車位1,七層,7,華廈(10層含以下有電梯),住家用,鋼筋混凝土造,,166.36,3,2,2,有,無,11490000,77021,坡道平面,32.76,1200000,,RPUQMLNJQHGGFAO76DB,中正大悅,B1棟7F號
新竹市,房地(土地+建物)+車位,新竹市新竹市中正路與士林西路交叉口,33.35,,鄉村區,乙種建築用地,1091215,土地1建物1車位1,二層,7,華廈(10層含以下有電梯),住家用,鋼筋混凝土造,,166.5,3,2,2,有,無,11680000,77613,坡道平面,32.76,1300000,,RPVQMLNJQHGGFAO86DB,中正大悅,B2棟2F號
新竹市,房地(土地+建物)+車位,新竹市新竹市中正路與士林西路交叉口,33.35,,鄉村區,乙種建築用地,1091215,土地1建物1車位1,三層,7,華廈(10層含以下有電梯),住家用,鋼筋混凝土造,,166.5,3,2,2,有,無,11260000,75221,坡道平面,32.76,1200000,,RPWQMLNJQHGGFAO96DB,中正大悅,B2棟3F號
新竹市,房地(土地+建物)+車位,新竹市新竹市中正路與士林西路交叉口,33.35,,鄉村區,乙種建築用地,1091215,土地1建物1車位1,五層,7,華廈(10層含以下有電梯),住家用,鋼筋混凝土造,,166.5,3,2,2,有,無,11360000,75968,坡道平面,32.76,1200000,,RPXQMLNJQHGGFAO07DB,中正大悅,B2棟5F號
新竹市,房地(土地+建物)+車位,新竹市新竹市中正路與士林西路交叉口,33.35,,鄉村區,乙種建築用地,1091211,土地1建物1車位1,六層,7,華廈(10層含以下有電梯),住家用,鋼筋混凝土造,,166.5,3,2,2,有,無,11690000,77688,坡道平面,32.76,1300000,,RPORMLNJQHGGFAO88DB,中正大悅,B2棟6F號
新竹市,房地(土地+建物)+車位,新竹市新竹市中正路與士林西路交叉口,33.71,,鄉村區,乙種建築用地,1091211,土地1建物1車位1,五層,7,華廈(10層含以下有電梯),住家用,鋼筋混凝土造,,168.11,3,2,2,有,無,11480000,75212,坡道平面,32.76,1300000,,RPPRMLNJQHGGFAO98DB,中正大悅,B3棟5F號
新竹市,房地(土地+建物)+車位,新竹市新竹市中正路與士林西路交叉口,33.71,,鄉村區,乙種建築用地,1091212,土地1建物1車位1,六層,7,華廈(10層含以下有電梯),住家用,鋼筋混凝土造,,168.11,3,2,2,有,無,11630000,77059,坡道平面,32.76,1200000,,RPQRMLNJQHGGFAO09DB,中正大悅,B3棟6F號
新竹市,房地(土地+建物)+車位,新竹市新竹市中正路與士林西路交叉口,30.74,,鄉村區,乙種建築用地,1091216,土地1建物1車位1,二層,7,華廈(10層含以下有電梯),住家用,鋼筋混凝土造,,154.65,3,2,2,有,無,10430000,74904,坡道平面,32.76,1300000,,RPRRMLNJQHGGFAO56DB,中正大悅,B5棟2F號
新竹市,房地(土地+建物)+車位,新竹市新竹市中正路與士林西路交叉口,30.74,,鄉村區,乙種建築用地,1091215,土地1建物1車位1,三層,7,華廈(10層含以下有電梯),住家用,鋼筋混凝土造,,152.03,3,2,2,有,無,10210000,74740,坡道平面,30.14,1100000,,RPSRMLNJQHGGFAO66DB,中正大悅,B5棟3F號
新竹市,房地(土地+建物)+車位,新竹市新竹市中正路與士林西路交叉口,30.74,,鄉村區,乙種建築用地,1091222,土地1建物1車位1,四層,7,華廈(10層含以下有電梯),住家用,鋼筋混凝土造,,154.65,3,2,2,有,無,10190000,73755,坡道平面,32.76,1200000,,RPTRMLNJQHGGFAO76DB,中正大悅,B5棟4F號
新竹市,房地(土地+建物)+車位,新竹市新竹市中正路與士林西路交叉口,30.74,,鄉村區,乙種建築用地,1091214,土地1建物1車位1,五層,7,華廈(10層含以下有電梯),住家用,鋼筋混凝土造,,154.65,3,2,2,有,無,10400000,75478,坡道平面,32.76,1200000,,RPURMLNJQHGGFAO86DB,中正大悅,B5棟5F號
新竹市,房地(土地+建物)+車位,新竹市新竹市中正路與士林西路交叉口,30.74,,鄉村區,乙種建築用地,1091214,土地1建物1車位1,六層,7,華廈(10層含以下有電梯),住家用,鋼筋混凝土造,,154.65,3,2,2,有,無,10580000,76955,坡道平面,32.76,1200000,,RPVRMLNJQHGGFAO96DB,中正大悅,B5棟6F號
新竹市,房地(土地+建物)+車位,新竹市新竹市中正路與士林西路交叉口,23.12,,鄉村區,乙種建築用地,1091209,土地1建物1車位1,一層,7,華廈(10層含以下有電梯),住家用,鋼筋混凝土造,,120.27,0,0,1,有,無,10850000,109130,坡道平面,32.76,1300000,,RPWRMLNJQHGGFAO07DB,中正大悅,C5棟1F號
新竹市,房地(土地+建物)+車位,新竹市新竹市中正路與士林西路交叉口,21.03,,鄉村區,乙種建築用地,1091212,土地1建物1車位1,一層,7,華廈(10層含以下有電梯),住家用,鋼筋混凝土造,,110.79,0,0,1,有,無,9750000,108932,坡道平面,32.76,1250000,,RPXRMLNJQHGGFAO17DB,中正大悅,C7棟1F號
新竹市,房地(土地+建物)+車位,新竹市新竹市中正路與士林西路交叉口,22.7,,鄉村區,乙種建築用地,1091212,土地1建物1車位1,一層,7,華廈(10層含以下有電梯),住家用,鋼筋混凝土造,,118.35,0,0,1,有,無,10700000,110994,坡道平面,32.76,1200000,,RPOSMLNJQHGGFAO98DB,中正大悅,C8棟1F號
新竹市,房地(土地+建物)+車位,新竹市新竹市公道五路四段,25.25,,特定農業區,甲種建築用地,1100801,土地1建物1車位1,二層,5,華廈(10層含以下有電梯),住家用,鋼筋混凝土造,,84.96,3,2,2,有,無,8700000,91743,一樓平面,5.39,1400000,,RPTNMLNJQHGGFAO88CB,鑫福．幸福,A62號
新竹市,房地(土地+建物)+車位,新竹市新竹市中正路,32.93,,鄉村區,乙種建築用地,1100712,土地1建物1車位1,三層,7,華廈(10層含以下有電梯),住家用,鋼筋混凝土造,,167.82,3,2,2,有,無,12240000,83831,坡道平面,37.32,1300000,,RPSNMLOJQHGGFAO88CB,德績/中正璞寓,A棟3號
新竹市,房地(土地+建物)+車位,新竹市新竹市北區中清路一段,38.47,住,,,1100728,土地1建物1車位1,九層,12,住宅大樓(11層含以上有電梯),住家用,鋼筋混凝土造,,169.98,4,2,2,有,無,10180000,64130,坡道平面,31.2,1280000,,RPTNMLOJQHGGFAO98CB,海街日記,B5棟9F號
新竹市,房地(土地+建物)+車位,新竹市新竹市中正路,32.68,,鄉村區,乙種建築用地,1100726,土地1建物1車位1,三層,7,華廈(10層含以下有電梯),住家用,鋼筋混凝土造,,167.14,3,2,2,有,無,11770000,80090,坡道平面,37.66,1400000,,RPXNMLOJQHGGFAO76CB,德績/中正璞寓,C棟3號
新竹市,房地(土地+建物)+車位,新竹市新竹市北區中清路一段,31.24,住,,,1100802,土地1建物1車位1,三層,12,住宅大樓(11層含以上有電梯),住家用,鋼筋混凝土造,,128.31,3,2,2,有,無,7150000,56783,坡道機械,15.6,750000,,RPROMLOJQHGGFAO88CB,海街日記,B3棟3F號
新竹市,房地(土地+建物)+車位,新竹市新竹市北區中清路一段,31.61,住,,,1100727,土地1建物1車位1,八層,12,住宅大樓(11層含以上有電梯),住家用,鋼筋混凝土造,,142.72,3,2,2,有,無,8100000,59798,坡道平面,28.67,1280000,,RPSOMLOJQHGGFAO98CB,海街日記,A2棟8F號
新竹市,房地(土地+建物)+車位,新竹市新竹市北區中清路一段,31.24,住,,,1100731,土地1建物1車位1,七層,12,住宅大樓(11層含以上有電梯),住家用,鋼筋混凝土造,,143.91,3,2,2,有,無,8050000,60066,坡道平面,31.2,1280000,,RPTOMLOJQHGGFAO09CB,海街日記,B3棟7F號
新竹市,房地(土地+建物)+車位,新竹市新竹市東大路二段,33.36,,鄉村區,乙種建築用地,1100726,土地1建物1車位1,一層,14,住宅大樓(11層含以上有電梯),住家用,鋼筋混凝土造,,151.34,3,2,2,有,無,14920000,99299,坡道平面,18.71,1750000,,RPUOMLOJQHGGFAO56CB,元方/大景首席,H棟1號
新竹市,房地(土地+建物)+車位,新竹市新竹市新香街,55.51,,山坡地保育區,丙種建築用地,1100710,土地1建物1車位1,四層,6,華廈(10層含以下有電梯),住家用,鋼筋混凝土造,,123.47,3,1,2,有,無,8580000,79416,坡道平面,33.06,1400000,,RPQNMLOJQHGGFAO78DB,自在煙波,A3棟4號
新竹市,房地(土地+建物)+車位,新竹市新竹市慈雲路,17.09,商,,,1100713,土地1建物1車位2,1+2樓,29,住宅大樓(11層含以上有電梯),商業用,鋼筋混凝土造,,252.67,0,0,0,無,無,39800000,188583,坡道平面,57.0,2900000,,RPQNMLQJQHGGFAO98DB,竹科潤隆,S棟9號
,車位,新竹市新竹市慈雲路,0.0,,,,1100712,土地0建物0車位1,地下六層,29,住宅大樓(11層含以上有電梯),停車空間,鋼筋混凝土造,,0.0,0,0,0,無,無,800000,,坡道平面,28.5,800000,,RPTNMLQJQHGGFAO66DB,竹科潤隆,0號
新竹市,房地(土地+建物)+車位,新竹市新竹市新香街,55.51,,山坡地保育區,丙種建築用地,1100715,土地1建物1車位1,二層,6,華廈(10層含以下有電梯),住家用,鋼筋混凝土造,,123.47,3,1,2,有,無,7880000,72780,坡道平面,33.06,1300000,,RPVOMLTJQHGGFAO27DB,自在煙波,A3棟2號
新竹市,房地(土地+建物)+車位,新竹市新竹市新香街,55.47,,山坡地保育區,丙種建築用地,1100717,土地1建物1車位1,五層,7,華廈(10層含以下有電梯),住家用,鋼筋混凝土造,,123.47,3,1,2,有,無,7500000,69683,坡道平面,33.06,1200000,,RPWOMLTJQHGGFAO37DB,自在煙波,C5棟5號
新竹市,房地(土地+建物)+車位,新竹市新竹市新香街,55.51,,山坡地保育區,丙種建築用地,1100721,土地1建物1車位1,三層,6,華廈(10層含以下有電梯),住家用,鋼筋混凝土造,,123.47,3,1,2,有,無,8580000,79416,坡道平面,33.06,1400000,,RPOPMLTJQHGGFAO66DB,自在煙波,A5棟3號
新竹市,房地(土地+建物)+車位,新竹市新竹市新香街,55.47,,山坡地保育區,丙種建築用地,1100724,土地1建物1車位1,二層,7,華廈(10層含以下有電梯),住家用,鋼筋混凝土造,,123.47,3,1,2,有,無,7880000,72780,坡道平面,33.06,1300000,,RPPPMLTJQHGGFAO76DB,自在煙波,C3棟2號
新竹市,房地(土地+建物)+車位,新竹市新竹市新香街,55.51,,山坡地保育區,丙種建築用地,1100725,土地1建物1車位1,六層,6,華廈(10層含以下有電梯),住家用,鋼筋混凝土造,,123.47,3,1,2,有,無,9100000,86274,坡道平面,33.06,1300000,,RPQPMLTJQHGGFAO86DB,自在煙波,A5棟6號
新竹市,房地(土地+建物)+車位,新竹市新竹市新香街,55.47,,山坡地保育區,丙種建築用地,1100728,土地1建物1車位1,四層,7,華廈(10層含以下有電梯),住家用,鋼筋混凝土造,,123.47,3,1,2,有,無,8580000,80522,坡道平面,33.06,1300000,,RPRPMLTJQHGGFAO96DB,自在煙波,C5棟4號
新竹市,房地(土地+建物)+車位,新竹市新香街,55.47,,山坡地保育區,丙種建築用地,1100801,土地1建物1車位1,二層,6,華廈(10層含以下有電梯),住家用,鋼筋混凝土造,,123.47,3,1,2,有,無,8000000,73001,坡道平面,33.06,1400000,,RPSPMLTJQHGGFAO07DB,自在煙波,B5棟2號
新竹市,房地(土地+建物)+車位,新竹市新竹市新香街,60.09,,山坡地保育區,丙種建築用地,1100613,土地1建物1車位1,一層,6,華廈(10層含以下有電梯),住商用,鋼筋混凝土造,,118.9,0,0,0,無,無,8650000,87954,坡道平面,33.06,1100000,,RPTPMLTJQHGGFAO17DB,自在煙波,店1棟1樓號
新竹市,房地(土地+建物)+車位,新竹市新竹市新香街,60.09,,山坡地保育區,丙種建築用地,1100613,土地1建物1車位1,一層,6,華廈(10層含以下有電梯),住商用,鋼筋混凝土造,,118.9,0,0,0,無,無,8000000,81547,坡道平面,33.06,1000000,,RPUPMLTJQHGGFAO27DB,自在煙波,店2棟1樓號
新竹市,房地(土地+建物)+車位,新竹市新竹市新香街,42.11,,山坡地保育區,丙種建築用地,1100619,土地1建物1車位1,一層,6,華廈(10層含以下有電梯),住商用,鋼筋混凝土造,,97.05,0,0,0,無,無,5900000,73449,坡道平面,33.06,1200000,,RPVPMLTJQHGGFAO37DB,自在煙波,店3棟1樓號
新竹市,房地(土地+建物)+車位,新竹市新香街,55.51,,山坡地保育區,丙種建築用地,1100619,土地1建物1車位1,五層,6,華廈(10層含以下有電梯),住家用,鋼筋混凝土造,,123.47,3,1,2,有,無,7800000,74107,坡道平面,33.06,1100000,,RPWPMLTJQHGGFAO47DB,自在煙波,A3棟5號
新竹市,房地(土地+建物)+車位,新竹市新香街,55.51,,山坡地保育區,丙種建築用地,1100617,土地1建物1車位1,六層,6,華廈(10層含以下有電梯),住家用,鋼筋混凝土造,,123.47,3,1,2,有,無,7370000,68245,坡道平面,33.06,1200000,,RPXPMLTJQHGGFAO57DB,自在煙波,A3棟6號
新竹市,房地(土地+建物)+車位,新竹市新香街,41.83,,山坡地保育區,丙種建築用地,1100618,土地1建物1車位1,二層,6,華廈(10層含以下有電梯),住家用,鋼筋混凝土造,,104.97,2,1,2,有,無,6180000,67863,坡道平面,33.06,1300000,,RPPQMLTJQHGGFAO86DB,自在煙波,A1棟2號
新竹市,房地(土地+建物)+車位,新竹市新香街,41.78,,山坡地保育區,丙種建築用地,1100609,土地1建物1車位1,四層,6,華廈(10層含以下有電梯),住家用,鋼筋混凝土造,,104.97,2,1,2,有,無,6900000,77875,坡道平面,33.06,1300000,,RPQQMLTJQHGGFAO96DB,自在煙波,B2棟4號
新竹市,房地(土地+建物)+車位,新竹市新香街,55.47,,山坡地保育區,丙種建築用地,1100611,土地1建物1車位1,二層,6,華廈(10層含以下有電梯),住家用,鋼筋混凝土造,,123.47,3,1,2,有,無,8080000,73886,坡道平面,33.06,1400000,,RPRQMLTJQHGGFAO07DB,自在煙波,B3棟2號
新竹市,房地(土地+建物)+車位,新竹市新香街,55.47,,山坡地保育區,丙種建築用地,1100606,土地1建物1車位1,三層,6,華廈(10層含以下有電梯),住家用,鋼筋混凝土造,,123.47,3,1,2,有,無,8500000,78531,坡道平面,33.06,1400000,,RPSQMLTJQHGGFAO17DB,自在煙波,B3棟3號
新竹市,房地(土地+建物)+車位,新竹市新香街,55.47,,山坡地保育區,丙種建築用地,1100605,土地1建物1車位1,三層,6,華廈(10層含以下有電梯),住家用,鋼筋混凝土造,,123.47,3,1,2,有,無,8680000,80522,坡道平面,33.06,1400000,,RPTQMLTJQHGGFAO27DB,自在煙波,B5棟3號
新竹市,房地(土地+建物)+車位,新竹市新香街,41.78,,山坡地保育區,丙種建築用地,1100621,土地1建物1車位1,五層,7,華廈(10層含以下有電梯),住家用,鋼筋混凝土造,,104.97,2,1,2,有,無,7100000,80656,坡道平面,33.06,1300000,,RPUQMLTJQHGGFAO37DB,自在煙波,C1棟5號
新竹市,房地(土地+建物)+車位,新竹市新香街,41.78,,山坡地保育區,丙種建築用地,1100616,土地1建物1車位1,三層,7,華廈(10層含以下有電梯),住家用,鋼筋混凝土造,,104.97,2,1,2,有,無,6950000,78570,坡道平面,33.06,1300000,,RPVQMLTJQHGGFAO47DB,自在煙波,C2棟3號
新竹市,房地(土地+建物)+車位,新竹市新香街,41.78,,山坡地保育區,丙種建築用地,1100613,土地1建物1車位1,六層,7,華廈(10層含以下有電梯),住家用,鋼筋混凝土造,,104.97,2,1,2,有,無,6980000,80378,坡道平面,33.06,1200000,,RPWQMLTJQHGGFAO57DB,自在煙波,C2棟6號
新竹市,房地(土地+建物)+車位,新竹市新竹市南港街32巷,34.17,,一般農業區,甲種建築用地,1100710,土地1建物1車位1,十層,10,華廈(10層含以下有電梯),住家用,鋼筋混凝土造,,145.57,3,2,2,有,無,6660000,50608,坡道平面,33.73,1000000,,RPPNMLTJQHGGFAO09CB,向海那?,E棟10號
新竹市,房地(土地+建物),新竹市新竹市中華路二段,9.95,商,,,1100709,土地1建物1車位0,八層,15,住宅大樓(11層含以上有電梯),住家用,鋼筋混凝土造,,82.91,2,1,1,有,無,9360000,112893,,0.0,0,,RPQNMLTJQHGGFAO56CB,大和富居,D棟8號
新竹市,房地(土地+建物),新竹市新竹市中華路二段,9.66,商,,,1100709,土地1建物1車位0,六層,15,住宅大樓(11層含以上有電梯),住家用,鋼筋混凝土造,,80.55,2,1,1,有,無,8770000,108876,,0.0,0,,RPSNMLTJQHGGFAO76CB,大和富居,E棟6號
新竹市,房地(土地+建物)+車位,新竹市新竹市中華路二段,9.83,商,,,1100723,土地1建物1車位1,十二層,15,住宅大樓(11層含以上有電梯),住家用,鋼筋混凝土造,,117.88,2,1,1,有,無,11870000,120439,坡道平面,35.93,2000000,,RPTNMLTJQHGGFAO86CB,大和富居,F棟12號
新竹市,房地(土地+建物)+車位,新竹市新竹市中華路二段,9.83,商,,,1100709,土地1建物1車位1,十五層,15,住宅大樓(11層含以上有電梯),住家用,鋼筋混凝土造,,117.88,2,1,1,有,無,11770000,120439,坡道平面,35.93,1900000,,RPUNMLTJQHGGFAO96CB,大和富居,F棟15號
新竹市,房地(土地+建物)+車位,新竹市新竹市南港街32巷,34.17,,一般農業區,甲種建築用地,1100716,土地1建物1車位1,八層,10,華廈(10層含以下有電梯),住家用,鋼筋混凝土造,,145.57,3,2,2,有,無,6310000,47479,坡道平面,33.73,1000000,,RPWNMLTJQHGGFAO17CB,向海那?,D棟8號
新竹市,房地(土地+建物),新竹市新竹市南港街32巷,20.38,,一般農業區,甲種建築用地,1100716,土地1建物1車位0,七層,10,華廈(10層含以下有電梯),住家用,鋼筋混凝土造,,70.37,2,2,1,有,無,3320000,47179,,0.0,0,,RPXNMLTJQHGGFAO27CB,向海那?,B棟7號
新竹市,房地(土地+建物)+車位,新竹市新竹市南港街32巷,32.2,,一般農業區,甲種建築用地,1100717,土地1建物1車位1,五層,10,華廈(10層含以下有電梯),住家用,鋼筋混凝土造,,144.31,3,2,2,有,無,6370000,49479,坡道平面,36.79,1050000,,RPOOMLTJQHGGFAO09CB,向海那?,F棟5號
新竹市,房地(土地+建物),新竹市新竹市南港街32巷,20.38,,一般農業區,甲種建築用地,1100717,土地1建物1車位0,六層,10,華廈(10層含以下有電梯),住家用,鋼筋混凝土造,,70.37,2,2,1,有,無,3300000,46895,,0.0,0,,RPPOMLTJQHGGFAO56CB,向海那?,B棟6號
新竹市,房地(土地+建物)+車位,新竹市新竹市南港街32巷,20.38,,一般農業區,甲種建築用地,1100717,土地1建物1車位1,六層,10,華廈(10層含以下有電梯),住家用,鋼筋混凝土造,,104.1,2,2,1,有,無,4300000,46895,坡道平面,33.73,1000000,,RPQOMLTJQHGGFAO66CB,向海那?,C棟6號
新竹市,房地(土地+建物)+車位,新竹市新竹市南港街32巷,34.17,,一般農業區,甲種建築用地,1100717,土地1建物1車位1,七層,10,華廈(10層含以下有電梯),住家用,鋼筋混凝土造,,148.63,3,2,2,有,無,6320000,47121,坡道平面,36.79,1050000,,RPTOMLTJQHGGFAO96CB,向海那?,D棟7號
新竹市,房地(土地+建物),新竹市新竹市南港街32巷,20.38,,一般農業區,甲種建築用地,1100720,土地1建物1車位0,十層,10,華廈(10層含以下有電梯),住家用,鋼筋混凝土造,,70.37,2,2,1,有,無,3390000,48174,,0.0,0,,RPUOMLTJQHGGFAO07CB,向海那?,C棟10號
新竹市,房地(土地+建物)+車位,新竹市新竹市南港街32巷,32.18,,一般農業區,甲種建築用地,1100722,土地1建物1車位1,十層,10,華廈(10層含以下有電梯),住家用,鋼筋混凝土造,,137.67,3,2,2,有,無,6480000,52723,坡道平面,33.73,1000000,,RPVOMLTJQHGGFAO17CB,向海那?,G棟10號
新竹市,房地(土地+建物)+車位,新竹市新竹市南港街32巷,32.2,,一般農業區,甲種建築用地,1100723,土地1建物1車位1,六層,10,華廈(10層含以下有電梯),住家用,鋼筋混凝土造,,141.25,3,2,2,有,無,6360000,49851,坡道平面,33.73,1000000,,RPWOMLTJQHGGFAO27CB,向海那?,F棟6號
新竹市,房地(土地+建物)+車位,新竹市新竹市南港街32巷,32.22,,一般農業區,甲種建築用地,1100724,土地1建物1車位1,十層,10,華廈(10層含以下有電梯),住家用,鋼筋混凝土造,,141.25,3,2,2,有,無,6460000,50781,坡道平面,33.73,1000000,,RPXOMLTJQHGGFAO37CB,向海那?,F棟10號
新竹市,房地(土地+建物),新竹市新竹市南港街32巷,20.38,,一般農業區,甲種建築用地,1100724,土地1建物1車位0,九層,10,華廈(10層含以下有電梯),住家用,鋼筋混凝土造,,70.37,2,2,1,有,無,3420000,48600,,0.0,0,,RPOPMLTJQHGGFAO56CB,向海那?,B棟9號
新竹市,房地(土地+建物)+車位,新竹市新香街,55.47,,山坡地保育區,丙種建築用地,1100613,土地1建物1車位1,四層,7,華廈(10層含以下有電梯),住家用,鋼筋混凝土造,,123.47,3,1,2,有,無,8180000,77204,坡道平面,33.06,1200000,,RPPNMLKKQHGGFAO38DB,自在煙波,C3棟4號
新竹市,房地(土地+建物)+車位,新竹市新香街,55.47,,山坡地保育區,丙種建築用地,1100613,土地1建物1車位1,六層,7,華廈(10層含以下有電梯),住家用,鋼筋混凝土造,,123.47,3,1,2,有,無,8480000,80522,坡道平面,33.06,1200000,,RPQNMLKKQHGGFAO48DB,自在煙波,C3棟6號
新竹市,房地(土地+建物)+車位,新竹市新香街,41.06,,山坡地保育區,丙種建築用地,1100614,土地1建物1車位1,一層,7,華廈(10層含以下有電梯),住家用,鋼筋混凝土造,,95.81,2,1,2,有,無,6380000,80956,坡道平面,33.06,1300000,,RPRNMLKKQHGGFAO58DB,自在煙波,D1棟1號
新竹市,房地(土地+建物)+車位,新竹市新香街,41.78,,山坡地保育區,丙種建築用地,1100613,土地1建物1車位1,四層,7,華廈(10層含以下有電梯),住家用,鋼筋混凝土造,,104.97,2,1,2,有,無,6580000,74816,坡道平面,33.06,1200000,,RPSNMLKKQHGGFAO68DB,自在煙波,D1棟4號
新竹市,房地(土地+建物)+車位,新竹市新香街,41.73,,山坡地保育區,丙種建築用地,1100614,土地1建物1車位1,一層,7,華廈(10層含以下有電梯),住家用,鋼筋混凝土造,,96.59,2,1,2,有,無,6450000,81064,坡道平面,33.06,1300000,,RPTNMLKKQHGGFAO78DB,自在煙波,D2棟1號
新竹市,房地(土地+建物)+車位,新竹市新竹市新香街,41.78,,山坡地保育區,丙種建築用地,1100615,土地1建物1車位1,四層,7,華廈(10層含以下有電梯),住家用,鋼筋混凝土造,,104.97,2,1,2,有,無,6860000,77319,坡道平面,33.06,1300000,,RPUNMLKKQHGGFAO88DB,自在煙波,D2棟4號
新竹市,房地(土地+建物)+車位,新竹市新竹市新香街,41.78,,山坡地保育區,丙種建築用地,1100614,土地1建物1車位1,五層,7,華廈(10層含以下有電梯),住家用,鋼筋混凝土造,,104.97,2,1,2,有,無,7180000,81769,坡道平面,33.06,1300000,,RPVNMLKKQHGGFAO98DB,自在煙波,D2棟5號
新竹市,房地(土地+建物)+車位,新竹市新竹市新香街,41.78,,山坡地保育區,丙種建築用地,1100613,土地1建物1車位1,六層,7,華廈(10層含以下有電梯),住家用,鋼筋混凝土造,,104.97,2,1,2,有,無,6980000,80378,坡道平面,33.06,1200000,,RPWNMLKKQHGGFAO09DB,自在煙波,D2棟6號
新竹市,房地(土地+建物)+車位,新竹市新竹市新香街,55.47,,山坡地保育區,丙種建築用地,1100613,土地1建物1車位1,四層,7,華廈(10層含以下有電梯),住家用,鋼筋混凝土造,,123.47,3,1,2,有,無,8180000,77204,坡道平面,33.06,1200000,,RPXNMLKKQHGGFAO56DB,自在煙波,D5棟4號
新竹市,房地(土地+建物)+車位,新竹市新竹市北區西濱路一段與西濱路一段189巷路口,19.35,住,,,1100725,土地1建物1車位1,十五層,15,住宅大樓(11層含以上有電梯),住家用,鋼筋混凝土造,,136.91,2,2,1,有,無,6250000,53672,坡道平面,37.23,900000,,RPTOMLKKQHGGFAO88DB,OHIYO「花漾城」,A5棟15號
新竹市,房地(土地+建物)+車位,新竹市新竹市北區西濱路一段與西濱路一段189巷路口,24.92,住,,,1100725,土地1建物1車位1,四層,15,住宅大樓(11層含以上有電梯),住家用,鋼筋混凝土造,,165.64,3,2,2,有,無,7820000,53890,坡道平面,37.23,900000,,RPWOMLKKQHGGFAO56DB,OHIYO「花漾城」,B3棟4號
新竹市,房地(土地+建物)+車位,新竹市新竹市北區西濱路一段與西濱路一段189巷路口,24.92,住,,,1100718,土地1建物1車位1,三層,15,住宅大樓(11層含以上有電梯),住家用,鋼筋混凝土造,,165.64,3,2,2,有,無,7750000,54124,坡道平面,37.23,800000,,RPXOMLKKQHGGFAO66DB,OHIYO「花漾城」,B3棟3號
新竹市,房地(土地+建物)+車位,新竹市新竹市北區西濱路一段與西濱路一段189巷路口,19.32,住,,,1100717,土地1建物1車位1,二層,15,住宅大樓(11層含以上有電梯),住家用,鋼筋混凝土造,,136.78,2,2,1,有,無,5980000,53039,坡道平面,37.23,700000,,RPOPMLKKQHGGFAO48DB,OHIYO「花漾城」,A7棟2號
新竹市,房地(土地+建物)+車位,新竹市新竹市北區西濱路一段與西濱路一段189巷路口,17.82,住,,,1100716,土地1建物1車位1,三層,15,住宅大樓(11層含以上有電梯),住家用,鋼筋混凝土造,,129.19,2,2,1,有,無,5900000,55459,坡道平面,37.23,800000,,RPQPMLKKQHGGFAO68DB,OHIYO「花漾城」,A2棟3號
