﻿編號,土地位置,土地移轉面積(平方公尺),使用分區或編定,權利人持分分母,權利人持分分子,移轉情形,地號
The serial number, land position,land shifting area square meter,the use zoning or compiles and checks,,,,land parcel
RPUQMLNKNHGGFAO56CC,光復段,.00,都市：住,,,,13210000
RPXQMLNKNHGGFAO86CC,南華段,.00,都市：商,,,,04440000
RPPQMLRKNHGGFAO09CC,武陵段,.00,都市：住,,,,03460000
RPTOMLRKNHGGFAO66CC,崙子段,.00,都市：住,,,,00230000
RPWPMLRKNHGGFAO07CC,中央段,.00,都市：商,,,,08080001
RPQQMLRKNHGGFAO56CC,民富段,.00,都市：商,,,,23700002
RPOQMLRKNHGGFAO09DC,光武段,.00,都市：商,,,,10220000
RPRSMLOLNHGGFAO66CC,香中段,.00,都市：住,,,,11820006
RPVQMLRKNHGGFAO07CC,虎山段,.00,非都市：鄉村區 ; 非都市編定：乙種建築用地,,,,07950000
RPPPMLQLNHGGFAO98CC,崙子段,.00,都市：住,,,,07290000
RPQRMLQLNHGGFAO66CC,中央段,.00,都市：住,,,,08750000
RPTSMLOLNHGGFAO86CC,北門段,.00,都市：商,,,,07630000
RPTSMLOLNHGGFAO86CC,北門段,.00,都市：住,,,,07640000
RPWNMLRLNHGGFAO96CC,光華段,.00,都市：住,,,,03880000
RPURMLQLNHGGFAO07CC,海埔段,2722.60,非都市：特定農業區 ; 非都市編定：農牧用地,,,,05720007
RPRQMLQLNHGGFAO66CC,虎山段,.00,非都市：鄉村區 ; 非都市編定：乙種建築用地,,,,07950000
RPOOMLRLNHGGFAO88CC,民主段,.00,都市：住,,,,08580000
RPOPMLSLNHGGFAO09CC,中央段,.00,都市：住,,,,02570000
RPSPMLSLNHGGFAO86CC,民富段,.00,都市：商,,,,25940000
RPTPMLSLNHGGFAO96CC,民主段,.00,都市：住,,,,00200000
RPOQMLSLNHGGFAO56CC,光復段,.00,都市：住,,,,13530018
RPRQMLSLNHGGFAO86CC,竹蓮段,.00,都市：商,,,,11600000
RPRQMLSLNHGGFAO86CC,竹蓮段,.00,都市：商,,,,11610000
RPVQMLSLNHGGFAO27CC,光華段,70.00,都市：住,,,,05540000
RPQQMLSLNHGGFAO86DC,香中段,150.19,都市：住,,,,15580000
RPXPMLLJOHGGFAO56CC,東光段,.00,都市：商,,,,00590000
RPXPMLSLNHGGFAO37CC,民主段,.00,都市：住,,,,08360000
RPWQMLLJOHGGFAO56CC,育賢段,.00,都市：住,,,,04600000
RPOPMLMJOHGGFAO38CC,聚吉段,.00,都市：住,,,,00190001
RPUNMLMJOHGGFAO78CC,南華段,416.72,都市：住,,,,00410000
RPVOMLNJOHGGFAO09CC,武陵段,.00,都市：其他:第一種住宅區、道路用地,,,,00940000
RPPPMLNJOHGGFAO58CC,富山段,.00,非都市：鄉村區 ; 非都市編定：乙種建築用地,,,,00660000
RPPQMLMJOHGGFAO58CC,光武段,.00,都市：商,,,,10660000
RPOPMLNJOHGGFAO48CC,東濱段,.00,都市：住,,,,02900000
RPUQMLSJOHGGFAO07CC,民主段,.00,都市：住,,,,08580000
RPOSMLRJOHGGFAO56CC,香中段,.00,都市：住,,,,14740000
RPUPMLTJOHGGFAO07CC,自由段,.00,都市：住,,,,09250000
RPROMLTJOHGGFAO66CC,民富段,.00,都市：商,,,,17610000
RPRPMLTJOHGGFAO76CC,科園段龍山小段,84.00,都市：住,,,,03570010
RPUOMLTJOHGGFAO96CC,南門段三小段,.00,都市：商,,,,01570005
RPQPMLLKOHGGFAO58CC,北門段,.00,都市：商,,,,07630000
RPQPMLLKOHGGFAO58CC,北門段,.00,都市：住,,,,07640000
RPWQMLTJOHGGFAO37CC,光武段,.00,都市：住,,,,06030000
RPSPMLLKOHGGFAO78CC,東山段二小段,.00,都市：住,,,,07590000
RPWQMLTJOHGGFAO37CC,光武段,.00,都市：其他:綠地用地,,,,06030001
RPWQMLTJOHGGFAO37CC,光武段,.00,都市：其他:綠地用地,,,,06030002
RPWQMLTJOHGGFAO37CC,光武段,.00,都市：其他:綠地用地,,,,06030003
RPXPMLTJOHGGFAO37CC,仙宮段,.00,都市：住,,,,00340000
RPXPMLTJOHGGFAO37CC,仙宮段,.00,都市：住,,,,00340001
RPOQMLLKOHGGFAO48CC,福林段,.00,都市：住,,,,02630003
RPRRMLLKOHGGFAO88CC,民主段,.00,都市：住,,,,00200000
RPXQMLLKOHGGFAO76CC,北門段,.00,都市：商,,,,07630000
RPXQMLLKOHGGFAO76CC,北門段,.00,都市：住,,,,07640000
RPURMLLKOHGGFAO56CC,關東段,.00,都市：住,,,,04670001
RPWPMLPKOHGGFAO96CC,民主段一小段,.00,都市：商,,,,00270002
RPVQMLPKOHGGFAO96CC,自由段,.00,都市：住,,,,10360006
RPPQMLPKOHGGFAO98CC,聚吉段,.00,都市：商,,,,00740000
RPWRMLPKOHGGFAO17CC,和平段,.00,都市：住,,,,00940000
RPOSMLPKOHGGFAO09CC,民富段,.00,都市：住,,,,05230000
RPVRMLQKOHGGFAO17CC,光華段,.00,都市：住,,,,02600000
RPWNMLSKOHGGFAO07CC,仙水段,.00,都市：商,,,,06610001
RPQPMLSKOHGGFAO66CC,東山段一小段,.00,都市：住,,,,04340000
RPQPMLSKOHGGFAO66CC,東山段一小段,.00,都市：其他:第一種住宅、道路用地,,,,04350000
RPVRMLRKOHGGFAO27CC,光復段,.00,都市：住,,,,13530055
RPWPMLSKOHGGFAO27CC,民主段,.00,都市：住,,,,08390000
RPVPMLSKOHGGFAO17CC,民主段,.00,都市：住,,,,08390000
RPUSMLLLOHGGFAO76CC,光鎮段,.00,都市：住,,,,06020000
RPSQMLSKOHGGFAO96CC,成功段,25.45,都市：住,,,,00260000
RPSQMLSKOHGGFAO96CC,大學段,.30,都市：住,,,,04950000
RPOQMLMLOHGGFAO68CC,光復段,.00,都市：住,,,,14410000
RPOQMLMLOHGGFAO68CC,光復段,.00,都市：住,,,,14450001
RPOQMLMLOHGGFAO68CC,光復段,.00,都市：住,,,,14430000
RPQOMLNLOHGGFAO78CC,長春段,.00,都市：住,,,,04000000
RPSOMLMLOHGGFAO88CC,關東段,.00,都市：住,,,,03680000
RPROMLRKNHGGFAO09CC,光復段,.00,都市：住,,,,02310000
RPTQMLMLOHGGFAO56CC,大學段,.00,都市：住,,,,06450000
RPTOMLNLOHGGFAO09CC,自由段,.00,都市：住,,,,09130004
RPTQMLNLOHGGFAO66CC,柴橋段,.00,都市：其他:甲之三種風景區,,,,08260000
RPTPMLNLOHGGFAO56CC,東橋段,.00,都市：住,,,,01940000
RPTPMLNLOHGGFAO56CC,東橋段,.00,都市：住,,,,01950000
RPTPMLNLOHGGFAO56CC,東橋段,.00,都市：住,,,,01970000
RPWNMLOLOHGGFAO76CC,東明段,.00,都市：商,,,,00710000
RPTQMLOLOHGGFAO76CC,三姓段,.00,都市：商,,,,05210000
RPUQMLOLOHGGFAO86CC,大庄段,.00,都市：住,,,,00930007
RPWOMLSLOHGGFAO27CC,光武段,.00,都市：住,,,,10820000
RPWOMLSLOHGGFAO27CC,光武段,.00,都市：住,,,,07510005
RPOOMLSLOHGGFAO09CC,建華段,.00,都市：住,,,,05480000
RPUOMLSLOHGGFAO07CC,北門段,.00,都市：商,,,,07630000
RPUOMLSLOHGGFAO07CC,北門段,.00,都市：住,,,,07640000
RPVOMLSLOHGGFAO17CC,南華段,.00,都市：商,,,,03690000
RPRPMLSLOHGGFAO86CC,崙子段,.00,都市：住,,,,00230000
RPXOMLSLOHGGFAO37CC,崙子段,.00,都市：住,,,,02370000
RPXOMLTLOHGGFAO47CC,光華段,.00,都市：住,,,,03010000
RPXOMLSLOHGGFAO37CC,崙子段,.00,都市：住,,,,02380000
RPTPMLLJPHGGFAO88CC,新興段,.00,都市：住,,,,02470000
RPSOMLMJPHGGFAO78CC,光華段,.00,都市：商,,,,14450000
RPTPMLTLOHGGFAO17CC,大庄段,.00,都市：住,,,,00880000
RPOPMLTLOHGGFAO66CC,東山段一小段,.00,都市：商,,,,07490000
RPTPMLTLOHGGFAO17CC,大庄段,.00,都市：住,,,,00880001
RPPOMLMJPHGGFAO48CC,東山段二小段,.00,都市：其他:第一種住宅區、道路用地,,,,09470000
RPQRMLQJPHGGFAO66CC,聚吉段,.00,都市：商,,,,00550000
RPTQMLQJPHGGFAO86CC,光武段,.00,都市：商,,,,10700000
RPTQMLQJPHGGFAO86CC,光武段,.00,都市：商,,,,07700000
RPPRMLQJPHGGFAO56CC,聚吉段,.00,都市：商,,,,00740000
RPRRMLQJPHGGFAO76CC,長春段,.00,都市：其他:科技產業專用區,,,,13410018
RPTRMLQJPHGGFAO96CC,光華段,.00,都市：住,,,,01870000
RPVRMLQJPHGGFAO17CC,竹蓮段,.00,都市：商,,,,07050001
RPWRMLQJPHGGFAO27CC,中央段,.00,都市：商,,,,15810000
RPSOMLRJPHGGFAO66CC,中雅段,.00,都市：住,,,,00960001
RPOSMLQJPHGGFAO56CC,中央段,.00,都市：商,,,,08080001
RPTQMLTJPHGGFAO17CC,民主段,.00,都市：商,,,,12300000
RPXOMLRJPHGGFAO17CC,民富段,.00,都市：住,,,,03140000
RPOSMLNKPHGGFAO98CC,三姓段,.00,都市：商,,,,05210000
RPQRMLNKPHGGFAO09CC,北門段,.00,都市：住,,,,10050000
RPTRMLNKPHGGFAO76CC,民富段,.00,都市：商,,,,09200002
RPWNMLOKPHGGFAO76CC,西濱段,.00,都市：住,,,,00420000
RPXRMLNKPHGGFAO17CC,南門段一小段,.00,都市：商,,,,00430000
RPXRMLNKPHGGFAO17CC,南門段一小段,.00,都市：商,,,,00430001
RPXRMLNKPHGGFAO17CC,南門段一小段,.00,都市：商,,,,00430002
RPOQMLOKPHGGFAO88CC,東明段,.00,都市：其他:住宅及道路用地,,,,00490000
RPORMLOKPHGGFAO98CC,光復段,.00,都市：工,,,,00470000
RPOSMLTKPHGGFAO96CC,親仁段二小段,.00,都市：住,,,,00010000
RPORMLOKPHGGFAO98CC,光復段,.00,都市：工,,,,00500001
RPORMLOKPHGGFAO98CC,光復段,.00,都市：工,,,,00500002
RPORMLOKPHGGFAO98CC,光復段,.00,都市：工,,,,00510000
RPORMLOKPHGGFAO98CC,光復段,.00,都市：工,,,,00520000
RPWNMLTKPHGGFAO37DC,忠孝段,138.00,都市：工,,,,08760002
RPWNMLTKPHGGFAO37DC,忠孝段,633.00,都市：工,,,,08760000
RPQQMLKLPHGGFAO78CC,中雅段,.00,都市：住,,,,00960001
RPROMLKLPHGGFAO68CC,中華段,.00,都市：其他:住商混合區,,,,01360000
RPWQMLKLPHGGFAO76CC,港北段,.00,都市：住,,,,00340000
RPXOMLMLPHGGFAO86CC,南門段四小段,.00,都市：商,,,,02560021
RPXOMLMLPHGGFAO86CC,南門段四小段,.00,都市：商,,,,02760000
RPOOMLMLPHGGFAO58CC,東山段一小段,.00,都市：其他:第一種住宅、道路用地,,,,01750000
RPQPMLMLPHGGFAO88CC,東山段一小段,.00,都市：商,,,,07490000
RPXPMLQLPHGGFAO37CC,中華段,.00,都市：住,,,,05680000
RPPPMLMLPHGGFAO78CC,北門段,.00,都市：商,,,,07630000
RPPPMLMLPHGGFAO78CC,北門段,.00,都市：住,,,,07640000
RPPQMLQLPHGGFAO66CC,武陵段,.00,都市：住,,,,03160004
RPWQMLQLPHGGFAO37CC,科園段科園小段,.00,都市：住,,,,00920233
RPTQMLQLPHGGFAO07CC,民富段,.00,都市：商,,,,09390000
RPQPMLRLPHGGFAO76CC,茄苳段,.00,非都市：山坡地保育區 ; 非都市編定：丙種建築用地,,,,03050000
RPRPMLRLPHGGFAO86CC,西門段一小段,.00,都市：商,,,,01540026
RPWNMLRLPHGGFAO17CC,光武段,.00,都市：住,,,,11490000
RPTOMLSLPHGGFAO07CC,北門段,.00,都市：商,,,,07630000
RPTOMLSLPHGGFAO07CC,北門段,.00,都市：住,,,,07640000
RPWOMLSLPHGGFAO37CC,北門段,.00,都市：商,,,,07630000
RPPPMLSLPHGGFAO76CC,茄苳段,.00,非都市：山坡地保育區 ; 非都市編定：丙種建築用地,,,,03050000
RPOPMLSLPHGGFAO66CC,虎山段,.00,非都市：鄉村區 ; 非都市編定：乙種建築用地,,,,07950000
RPWOMLSLPHGGFAO37CC,北門段,.00,都市：住,,,,07640000
RPTPMLSLPHGGFAO17CC,北門段,.00,都市：商,,,,11000000
RPXOMLTLPHGGFAO57CC,東明段,.00,都市：其他:住及道路用地,,,,00490000
RPTPMLSLPHGGFAO17CC,北門段,.00,都市：住,,,,11010000
RPQPMLMJQHGGFAO78CC,崙子段,.00,都市：住,,,,26230000
RPROMLMJQHGGFAO78CC,光武段,.00,都市：住,,,,11180000
RPUPMLMJQHGGFAO56CC,新興段,.00,都市：住,,,,16660000
RPSPMLMJQHGGFAO98CC,中央段,.00,都市：住,,,,04940000
RPQQMLMJQHGGFAO88CC,舊社段,.00,都市：其他:第一種住宅區、道路用地,,,,01170004
RPPPMLNJQHGGFAO78CC,光復段,.00,都市：工,,,,07450000
RPXPMLNJQHGGFAO96CC,武陵段,.00,都市：住,,,,03090000
RPPOMLOJQHGGFAO78CC,光華段,.00,都市：住,,,,02600000
RPVOMLPJQHGGFAO96DC,光武段,.00,都市：商,,,,10220000
RPQOMLOJQHGGFAO88CC,成德段,.00,都市：住,,,,00010012
RPUOMLQJQHGGFAO86CC,中雅段,.00,都市：其他:商 ， 住,,,,00010004
RPROMLQJQHGGFAO56CC,北門段,.00,都市：商,,,,07630000
RPROMLQJQHGGFAO56CC,北門段,.00,都市：住,,,,07640000
RPSOMLQJQHGGFAO66CC,南門段二小段,.00,都市：商,,,,03230000
RPVOMLQJQHGGFAO96CC,高翠段,68.65,都市：住,,,,04260000
RPVOMLQJQHGGFAO96CC,高翠段,68.06,都市：住,,,,04270000
RPVOMLQJQHGGFAO96CC,高翠段,69.64,都市：住,,,,04280000
