﻿編號,車位類別,車位價格,車位面積平方公尺,車位所在樓層
Serial number,berth category,berth price,berth area square meter,
RPQNMLNJQHGGFBT56CB,一樓平面,0,,一樓
RPQNMLNJQHGGFDT76CB,一樓平面,1000000,18.19,一樓
RPRNMLNJQHGGFBT66CB,一樓平面,0,,一樓
RPSNMLPJQHGGFAT86CB,坡道平面,1200000,20.87,地下一樓
RPSNMLPJQHGGFAT86CB,一樓平面,1300000,20.87,一樓
RPPNMLOJQHGGFAT09CB,一樓平面,1300000,20.87,一樓
RPVNMLPJQHGGFAT17CB,坡道平面,1000000,42.52,地下二樓
RPPNMLQJQHGGFAT66CB,一樓平面,1260000,23.75,一樓
RPPNMLSJQHGGFAT86CB,一樓平面,1300000,20.87,一樓
