﻿編號,土地位置,土地移轉面積(平方公尺),使用分區或編定,權利人持分分母,權利人持分分子,移轉情形,地號
The serial number, land position,land shifting area square meter,the use zoning or compiles and checks,,,,land parcel
RPSNMLOKNHGGFDT96CC,新洋段,1157.02,非都市：一般農業區 ; 非都市編定：農牧用地,,,,03490000
RPRNMLLLNHGGFAT98CC,麟忠段,1973.48,非都市：一般農業區 ; 非都市編定：農牧用地,,,,01620000
RPQPMLOKNHGGFAT66CC,瑞光段,59.00,都市：住,,,,04930002
RPWNMLMKNHGGFDT17CC,福德段,.00,都市：住,,,,05860000
RPVNMLOLNHGGFCT27CC,壽比段,.00,非都市：鄉村區 ; 非都市編定：乙種建築用地,,,,09420000
RPQNMLLLNHGGFDT56CC,新帝段,.00,都市：住,,,,04380000
RPUNMLOLNHGGFCT17CC,壽比段,.00,非都市：鄉村區 ; 非都市編定：乙種建築用地,,,,09420000
RPSOMLSKNHGGFAT17CC,前進段,3430.00,都市：工,,,,05430000
RPTNMLOLNHGGFCT07CC,壽比段,.00,非都市：鄉村區 ; 非都市編定：乙種建築用地,,,,09420000
RPWNMLOLNHGGFCT37CC,壽比段,.00,非都市：鄉村區 ; 非都市編定：乙種建築用地,,,,09420000
RPQOMLOLNHGGFCT86CC,壽比段,.00,非都市：鄉村區 ; 非都市編定：乙種建築用地,,,,09420000
RPOOMLOLNHGGFCT66CC,壽比段,.00,非都市：鄉村區 ; 非都市編定：乙種建築用地,,,,09420000
RPPOMLOLNHGGFCT76CC,壽比段,.00,非都市：鄉村區 ; 非都市編定：乙種建築用地,,,,09420000
RPROMLOLNHGGFCT96CC,壽比段,.00,非都市：鄉村區 ; 非都市編定：乙種建築用地,,,,09420000
RPUOMLOLNHGGFCT27CC,壽比段,.00,非都市：鄉村區 ; 非都市編定：乙種建築用地,,,,09420000
RPQQMLOLNHGGFCT07CC,壽比段,.00,非都市：鄉村區 ; 非都市編定：乙種建築用地,,,,09420000
RPVOMLOLNHGGFCT37CC,壽比段,.00,非都市：鄉村區 ; 非都市編定：乙種建築用地,,,,09420000
RPWOMLOLNHGGFCT47CC,壽比段,.00,非都市：鄉村區 ; 非都市編定：乙種建築用地,,,,09420000
RPXNMLOLNHGGFCT47CC,壽比段,.00,非都市：鄉村區 ; 非都市編定：乙種建築用地,,,,09420000
RPTOMLOLNHGGFCT17CC,壽比段,.00,非都市：鄉村區 ; 非都市編定：乙種建築用地,,,,09420000
RPSQMLOLNHGGFCT27CC,壽比段,.00,非都市：鄉村區 ; 非都市編定：乙種建築用地,,,,09420000
RPTQMLOLNHGGFCT37CC,壽比段,.00,非都市：鄉村區 ; 非都市編定：乙種建築用地,,,,09420000
RPUQMLOLNHGGFCT47CC,壽比段,.00,非都市：鄉村區 ; 非都市編定：乙種建築用地,,,,09420000
RPPRMLOLNHGGFCT07CC,壽比段,.00,非都市：鄉村區 ; 非都市編定：乙種建築用地,,,,08840000
RPVQMLOLNHGGFCT57CC,壽比段,.00,非都市：鄉村區 ; 非都市編定：乙種建築用地,,,,09420000
RPWQMLOLNHGGFCT67CC,壽比段,.00,非都市：鄉村區 ; 非都市編定：乙種建築用地,,,,09420000
RPRRMLOLNHGGFCT27CC,壽比段,.00,非都市：鄉村區 ; 非都市編定：乙種建築用地,,,,08840000
RPURMLOLNHGGFCT57CC,壽比段,.00,非都市：鄉村區 ; 非都市編定：乙種建築用地,,,,08840000
RPSRMLOLNHGGFCT37CC,壽比段,.00,非都市：鄉村區 ; 非都市編定：乙種建築用地,,,,08840000
RPTRMLOLNHGGFCT47CC,壽比段,.00,非都市：鄉村區 ; 非都市編定：乙種建築用地,,,,08840000
RPORMLOLNHGGFCT96CC,壽比段,.00,非都市：鄉村區 ; 非都市編定：乙種建築用地,,,,09420000
RPWRMLOLNHGGFCT77CC,壽比段,.00,非都市：鄉村區 ; 非都市編定：乙種建築用地,,,,08840000
RPQSMLOLNHGGFCT27CC,壽比段,.00,非都市：鄉村區 ; 非都市編定：乙種建築用地,,,,08840000
RPOSMLOLNHGGFCT07CC,壽比段,.00,非都市：鄉村區 ; 非都市編定：乙種建築用地,,,,08840000
RPPSMLOLNHGGFCT17CC,壽比段,.00,非都市：鄉村區 ; 非都市編定：乙種建築用地,,,,08840000
RPXRMLOLNHGGFCT87CC,壽比段,.00,非都市：鄉村區 ; 非都市編定：乙種建築用地,,,,08840000
RPRSMLOLNHGGFCT37CC,壽比段,.00,非都市：鄉村區 ; 非都市編定：乙種建築用地,,,,08840000
RPOTMLOLNHGGFCT17CC,壽比段,.00,非都市：鄉村區 ; 非都市編定：乙種建築用地,,,,08840000
RPVSMLOLNHGGFCT77CC,壽比段,.00,非都市：鄉村區 ; 非都市編定：乙種建築用地,,,,08840000
RPWSMLOLNHGGFCT87CC,壽比段,.00,非都市：鄉村區 ; 非都市編定：乙種建築用地,,,,08840000
RPXSMLOLNHGGFCT97CC,壽比段,.00,非都市：鄉村區 ; 非都市編定：乙種建築用地,,,,08840000
RPSSMLOLNHGGFCT47CC,壽比段,.00,非都市：鄉村區 ; 非都市編定：乙種建築用地,,,,08840000
RPOOMLPLNHGGFDT86CC,白沙段,123.77,都市：商,,,,03770001
RPUOMLLMNHGGFAT86CC,明正段,.00,都市：住,,,,12990000
RPOOMLPLNHGGFDT86CC,白沙段,114.45,都市：商,,,,03770002
RPOOMLPLNHGGFDT86CC,白沙段,123.78,都市：商,,,,03760000
RPOOMLPLNHGGFDT86CC,白沙段,9.33,都市：商,,,,03760001
RPPOMLNJOHGGFDT66CC,大埔段,24.25,都市：其他:綠地,,,,11690001
RPPOMLNJOHGGFDT66CC,大埔段,24.25,都市：其他:綠地,,,,11690002
RPPOMLNJOHGGFDT66CC,大埔段,54.99,都市：其他:綠地,,,,11720000
RPPOMLNJOHGGFDT66CC,大埔段,95.56,都市：農,,,,11700001
RPPOMLNJOHGGFDT66CC,大埔段,97.11,都市：農,,,,11700002
RPPOMLNJOHGGFDT66CC,大埔段,217.76,都市：農,,,,11710000
RPPNMLOJOHGGFAT98CC,萬年段,.00,都市：住,,,,10960000
RPQOMLSJOHGGFCT17CC,新華段,369.61,都市：其他:一般農地,,,,08520000
RPOOMLKKOHGGFAT68CC,社安段,283.00,非都市：特定農業區 ; 非都市編定：丁種建築用地,,,,07690056
RPQPMLSJOHGGFCT27CC,科大段,1789.62,非都市：一般農業區 ; 非都市編定：丁種建築用地,,,,07720000
RPQNMLQKOHGGFCT96CC,蓬萊段,3090.28,非都市：一般農業區 ; 非都市編定：農牧用地,,,,03470000
RPTNMLSLOHGGFAT37CC,九智段,149.02,都市：住,,,,05810014
RPVNMLSKOHGGFAT47CC,豐田段,.00,都市：住,,,,02290000
RPWNMLRKOHGGFAT47CC,灰磘段,.00,都市：住,,,,02110000
RPQNMLTLOHGGFCT37CC,犂頭鏢段,.00,非都市：鄉村區 ; 非都市編定：乙種建築用地,,,,08200007
RPSNMLQJPHGGFCT27DC,中洲段,44.92,都市：住,,,,05280000
RPWNMLSJPHGGFAT57CC,麟仁段,403.86,都市：住,,,,08980000
RPSNMLQJPHGGFAT96CC,北勢段,.00,都市：住,,,,00980000
RPXNMLRJPHGGFDT87CC,新孝段,25.54,都市：住,,,,06340000
RPRNMLKLPHGGFAT09CC,勝興段,.00,都市：住,,,,00580000
RPUNMLMKPHGGFCT07CC,大同段,45.01,非都市：鄉村區 ; 非都市編定：乙種建築用地,,,,11060000
RPRNMLNLPHGGFAT76CC,勝興段,17.39,都市：住,,,,00580000
RPOOMLNLPHGGFCT76CC,壽比段,.00,非都市：鄉村區 ; 非都市編定：乙種建築用地,,,,08840000
RPTOMLPKPHGGFAT17CC,檳榔腳段一小段,.00,都市：住,,,,05610000
RPQOMLNLPHGGFCT96CC,壽比段,.00,非都市：鄉村區 ; 非都市編定：乙種建築用地,,,,08840000
RPPOMLNLPHGGFCT86CC,壽比段,.00,非都市：鄉村區 ; 非都市編定：乙種建築用地,,,,08840000
RPXNMLNLPHGGFCT57CC,壽比段,.00,非都市：鄉村區 ; 非都市編定：乙種建築用地,,,,08840000
RPWOMLNLPHGGFCT57CC,壽比段,.00,非都市：鄉村區 ; 非都市編定：乙種建築用地,,,,08840000
RPSOMLNLPHGGFCT17CC,壽比段,.00,非都市：鄉村區 ; 非都市編定：乙種建築用地,,,,08840000
RPROMLNLPHGGFCT07CC,壽比段,.00,非都市：鄉村區 ; 非都市編定：乙種建築用地,,,,08840000
RPTOMLNLPHGGFCT27CC,壽比段,.00,非都市：鄉村區 ; 非都市編定：乙種建築用地,,,,08840000
RPXOMLNLPHGGFCT67CC,壽比段,.00,非都市：鄉村區 ; 非都市編定：乙種建築用地,,,,08840000
RPOPMLNLPHGGFCT86CC,壽比段,.00,非都市：鄉村區 ; 非都市編定：乙種建築用地,,,,08840000
RPPPMLNLPHGGFCT96CC,壽比段,.00,非都市：鄉村區 ; 非都市編定：乙種建築用地,,,,08840000
RPQPMLNLPHGGFCT07CC,壽比段,.00,非都市：鄉村區 ; 非都市編定：乙種建築用地,,,,08840000
RPRPMLNLPHGGFCT17CC,壽比段,.00,非都市：鄉村區 ; 非都市編定：乙種建築用地,,,,08840000
RPVOMLNLPHGGFCT47CC,壽比段,.00,非都市：鄉村區 ; 非都市編定：乙種建築用地,,,,08840000
RPUPMLNLPHGGFCT47CC,壽比段,.00,非都市：鄉村區 ; 非都市編定：乙種建築用地,,,,08840000
RPQNMLQLPHGGFCT17CC,壽比段,.00,非都市：鄉村區 ; 非都市編定：乙種建築用地,,,,08840000
RPPNMLQLPHGGFCT07CC,壽比段,.00,非都市：鄉村區 ; 非都市編定：乙種建築用地,,,,08840000
RPTNMLQLPHGGFCT47CC,壽比段,.00,非都市：鄉村區 ; 非都市編定：乙種建築用地,,,,08840000
RPRNMLQLPHGGFCT27CC,壽比段,.00,非都市：鄉村區 ; 非都市編定：乙種建築用地,,,,08840000
RPSNMLQLPHGGFCT37CC,壽比段,.00,非都市：鄉村區 ; 非都市編定：乙種建築用地,,,,08840000
RPVNMLQLPHGGFCT67CC,壽比段,.00,非都市：鄉村區 ; 非都市編定：乙種建築用地,,,,08840000
RPTPMLNLPHGGFCT37CC,壽比段,.00,非都市：鄉村區 ; 非都市編定：乙種建築用地,,,,08840000
RPUNMLQLPHGGFCT57CC,壽比段,.00,非都市：鄉村區 ; 非都市編定：乙種建築用地,,,,08840000
RPWNMLQLPHGGFCT77CC,壽比段,.00,非都市：鄉村區 ; 非都市編定：乙種建築用地,,,,08840000
RPOOMLQLPHGGFCT07CC,壽比段,.00,非都市：鄉村區 ; 非都市編定：乙種建築用地,,,,08840000
RPOOMLQLPHGGFCT07CC,壽比段,.00,非都市：鄉村區 ; 非都市編定：乙種建築用地,,,,08840000
RPXNMLQLPHGGFCT87CC,壽比段,.00,非都市：鄉村區 ; 非都市編定：乙種建築用地,,,,08840000
RPPOMLQLPHGGFCT17CC,壽比段,.00,非都市：鄉村區 ; 非都市編定：乙種建築用地,,,,08840000
RPSOMLQLPHGGFCT47CC,壽比段,.00,非都市：鄉村區 ; 非都市編定：乙種建築用地,,,,08840000
RPQOMLQLPHGGFCT27CC,壽比段,.00,非都市：鄉村區 ; 非都市編定：乙種建築用地,,,,08840000
RPTOMLQLPHGGFCT57CC,壽比段,.00,非都市：鄉村區 ; 非都市編定：乙種建築用地,,,,08840000
RPROMLQLPHGGFCT37CC,壽比段,.00,非都市：鄉村區 ; 非都市編定：乙種建築用地,,,,08840000
RPUOMLQLPHGGFCT67CC,壽比段,.00,非都市：鄉村區 ; 非都市編定：乙種建築用地,,,,08840000
RPVOMLQLPHGGFCT77CC,壽比段,.00,非都市：鄉村區 ; 非都市編定：乙種建築用地,,,,08840000
RPWOMLQLPHGGFCT87CC,壽比段,.00,非都市：鄉村區 ; 非都市編定：乙種建築用地,,,,08840000
RPXOMLQLPHGGFCT97CC,壽比段,.00,非都市：鄉村區 ; 非都市編定：乙種建築用地,,,,08840000
RPPPMLQLPHGGFCT27CC,壽比段,.00,非都市：鄉村區 ; 非都市編定：乙種建築用地,,,,08840000
RPOPMLQLPHGGFCT17CC,壽比段,.00,非都市：鄉村區 ; 非都市編定：乙種建築用地,,,,08840000
RPSPMLQLPHGGFCT57CC,壽比段,.00,非都市：鄉村區 ; 非都市編定：乙種建築用地,,,,08840000
RPQPMLQLPHGGFCT37CC,壽比段,.00,非都市：鄉村區 ; 非都市編定：乙種建築用地,,,,08840000
RPUPMLQLPHGGFCT77CC,壽比段,.00,非都市：鄉村區 ; 非都市編定：乙種建築用地,,,,08840000
RPRPMLQLPHGGFCT47CC,壽比段,.00,非都市：鄉村區 ; 非都市編定：乙種建築用地,,,,08840000
RPRQMLQLPHGGFCT57CC,壽比段,.00,非都市：鄉村區 ; 非都市編定：乙種建築用地,,,,09420000
RPWPMLQLPHGGFCT97CC,壽比段,.00,非都市：鄉村區 ; 非都市編定：乙種建築用地,,,,08840000
RPOQMLQLPHGGFCT27CC,壽比段,.00,非都市：鄉村區 ; 非都市編定：乙種建築用地,,,,08840000
RPTQMLQLPHGGFCT77CC,壽比段,.00,非都市：鄉村區 ; 非都市編定：乙種建築用地,,,,09420000
RPQQMLQLPHGGFCT47CC,壽比段,.00,非都市：鄉村區 ; 非都市編定：乙種建築用地,,,,09420000
RPPQMLQLPHGGFCT37CC,壽比段,.00,非都市：鄉村區 ; 非都市編定：乙種建築用地,,,,08840000
RPSQMLQLPHGGFCT67CC,壽比段,.00,非都市：鄉村區 ; 非都市編定：乙種建築用地,,,,09420000
RPUQMLQLPHGGFCT87CC,壽比段,.00,非都市：鄉村區 ; 非都市編定：乙種建築用地,,,,09420000
RPVQMLQLPHGGFCT97CC,壽比段,.00,非都市：鄉村區 ; 非都市編定：乙種建築用地,,,,09420000
RPORMLQLPHGGFCT37CC,壽比段,.00,非都市：鄉村區 ; 非都市編定：乙種建築用地,,,,09420000
RPWQMLQLPHGGFCT08CC,壽比段,.00,非都市：鄉村區 ; 非都市編定：乙種建築用地,,,,09420000
RPTRMLQLPHGGFCT87CC,壽比段,.00,非都市：鄉村區 ; 非都市編定：乙種建築用地,,,,09420000
RPPRMLQLPHGGFCT47CC,壽比段,.00,非都市：鄉村區 ; 非都市編定：乙種建築用地,,,,09420000
RPRRMLQLPHGGFCT67CC,壽比段,.00,非都市：鄉村區 ; 非都市編定：乙種建築用地,,,,09420000
RPXQMLQLPHGGFCT18CC,壽比段,.00,非都市：鄉村區 ; 非都市編定：乙種建築用地,,,,09420000
RPQRMLQLPHGGFCT57CC,壽比段,.00,非都市：鄉村區 ; 非都市編定：乙種建築用地,,,,09420000
RPWRMLQLPHGGFCT18CC,壽比段,.00,非都市：鄉村區 ; 非都市編定：乙種建築用地,,,,09420000
RPURMLQLPHGGFCT97CC,壽比段,.00,非都市：鄉村區 ; 非都市編定：乙種建築用地,,,,09420000
RPPSMLQLPHGGFCT57CC,壽比段,.00,非都市：鄉村區 ; 非都市編定：乙種建築用地,,,,09420000
RPOSMLQLPHGGFCT47CC,壽比段,.00,非都市：鄉村區 ; 非都市編定：乙種建築用地,,,,09420000
RPXRMLQLPHGGFCT28CC,壽比段,.00,非都市：鄉村區 ; 非都市編定：乙種建築用地,,,,09420000
RPRSMLQLPHGGFCT77CC,壽比段,.00,非都市：鄉村區 ; 非都市編定：乙種建築用地,,,,09420000
RPVRMLQLPHGGFCT08CC,壽比段,.00,非都市：鄉村區 ; 非都市編定：乙種建築用地,,,,09420000
RPQSMLQLPHGGFCT67CC,壽比段,.00,非都市：鄉村區 ; 非都市編定：乙種建築用地,,,,09420000
RPTSMLQLPHGGFCT97CC,壽比段,.00,非都市：鄉村區 ; 非都市編定：乙種建築用地,,,,09420000
RPUSMLQLPHGGFCT08CC,壽比段,.00,非都市：鄉村區 ; 非都市編定：乙種建築用地,,,,09420000
RPSSMLQLPHGGFCT87CC,壽比段,.00,非都市：鄉村區 ; 非都市編定：乙種建築用地,,,,09420000
RPVSMLQLPHGGFCT18CC,壽比段,.00,非都市：鄉村區 ; 非都市編定：乙種建築用地,,,,09420000
RPXSMLQLPHGGFCT38CC,壽比段,.00,非都市：鄉村區 ; 非都市編定：乙種建築用地,,,,09420000
RPOTMLQLPHGGFCT57CC,壽比段,.00,非都市：鄉村區 ; 非都市編定：乙種建築用地,,,,09420000
RPQTMLQLPHGGFCT77CC,壽比段,.00,非都市：鄉村區 ; 非都市編定：乙種建築用地,,,,09420000
RPSTMLQLPHGGFCT97CC,壽比段,.00,非都市：鄉村區 ; 非都市編定：乙種建築用地,,,,09420000
RPUTMLQLPHGGFCT18CC,壽比段,.00,非都市：鄉村區 ; 非都市編定：乙種建築用地,,,,09420000
RPXTMLQLPHGGFCT48CC,壽比段,.00,非都市：鄉村區 ; 非都市編定：乙種建築用地,,,,09420000
RPWTMLQLPHGGFCT38CC,壽比段,.00,非都市：鄉村區 ; 非都市編定：乙種建築用地,,,,09420000
RPVTMLQLPHGGFCT28CC,壽比段,.00,非都市：鄉村區 ; 非都市編定：乙種建築用地,,,,09420000
RPOUMLQLPHGGFCT67CC,壽比段,.00,非都市：鄉村區 ; 非都市編定：乙種建築用地,,,,09420000
RPPUMLQLPHGGFCT77CC,壽比段,.00,非都市：鄉村區 ; 非都市編定：乙種建築用地,,,,09420000
RPTTMLQLPHGGFCT08CC,壽比段,.00,非都市：鄉村區 ; 非都市編定：乙種建築用地,,,,09420000
RPRUMLQLPHGGFCT97CC,壽比段,.00,非都市：鄉村區 ; 非都市編定：乙種建築用地,,,,09420000
RPTUMLQLPHGGFCT18CC,壽比段,.00,非都市：鄉村區 ; 非都市編定：乙種建築用地,,,,09420000
RPQUMLQLPHGGFCT87CC,壽比段,.00,非都市：鄉村區 ; 非都市編定：乙種建築用地,,,,09420000
RPUUMLQLPHGGFCT28CC,壽比段,.00,非都市：鄉村區 ; 非都市編定：乙種建築用地,,,,09420000
RPSUMLQLPHGGFCT08CC,壽比段,.00,非都市：鄉村區 ; 非都市編定：乙種建築用地,,,,09420000
RPWUMLQLPHGGFCT48CC,壽比段,.00,非都市：鄉村區 ; 非都市編定：乙種建築用地,,,,09420000
RPVUMLQLPHGGFCT38CC,壽比段,.00,非都市：鄉村區 ; 非都市編定：乙種建築用地,,,,09420000
RPPVMLQLPHGGFCT87CC,壽比段,.00,非都市：鄉村區 ; 非都市編定：乙種建築用地,,,,09420000
RPXUMLQLPHGGFCT58CC,壽比段,.00,非都市：鄉村區 ; 非都市編定：乙種建築用地,,,,09420000
RPRVMLQLPHGGFCT08CC,壽比段,.00,非都市：鄉村區 ; 非都市編定：乙種建築用地,,,,09420000
RPOVMLQLPHGGFCT77CC,壽比段,.00,非都市：鄉村區 ; 非都市編定：乙種建築用地,,,,09420000
RPQVMLQLPHGGFCT97CC,壽比段,.00,非都市：鄉村區 ; 非都市編定：乙種建築用地,,,,09420000
RPTVMLQLPHGGFCT28CC,壽比段,.00,非都市：鄉村區 ; 非都市編定：乙種建築用地,,,,09420000
RPSVMLQLPHGGFCT18CC,壽比段,.00,非都市：鄉村區 ; 非都市編定：乙種建築用地,,,,09420000
RPTNMLTJQHGGFAT47CC,溝美段,120.00,都市：住,,,,04540000
RPQNMLNJQHGGFDT96DC,鹽洲段,388.00,都市：農,,,,01070001
RPUNMLQJQHGGFAT27CC,萬年段,.00,都市：住,,,,14470001
