﻿編號,屋齡,建物移轉面積平方公尺,主要用途,主要建材,建築完成日期,總層數,建物分層
The serial number,room age,building shifting area square meter,the main use,main building materials,construction completes the date,total layer,building lamination
RPQPMLOKNHGGFAT66CC,40,67.50,住商用,鋼筋混凝土造,70年3月30日,四層,
RPWNMLMKNHGGFDT17CC,25,121.72,住家用,鋼筋混凝土造,85年3月4日,十六層,
RPWNMLMKNHGGFDT17CC,25,78.33,公共設施,鋼筋混凝土造,85年3月4日,十六層,
RPVNMLOLNHGGFCT27CC,6,33.20,集合住宅,鋼筋混凝土構造,103年12月17日,七層,
RPQNMLLLNHGGFDT56CC,27,80.07,住家用,鋼筋混凝土造,82年11月20日,七層,
RPQNMLLLNHGGFDT56CC,27,29.64,防空避難室兼停車空間　公共樓梯　電梯間,鋼筋混凝土造,82年11月20日,七層,
RPUNMLOLNHGGFCT17CC,6,33.40,集合住宅,鋼筋混凝土構造,103年12月17日,七層,
RPTNMLOLNHGGFCT07CC,6,33.19,集合住宅,鋼筋混凝土構造,103年12月17日,七層,
RPWNMLOLNHGGFCT37CC,6,38.48,集合住宅,鋼筋混凝土構造,103年12月17日,七層,
RPQOMLOLNHGGFCT86CC,6,33.27,集合住宅,鋼筋混凝土構造,103年12月17日,七層,
RPOOMLOLNHGGFCT66CC,6,33.40,集合住宅,鋼筋混凝土構造,103年12月17日,七層,
RPPOMLOLNHGGFCT76CC,6,38.64,集合住宅,鋼筋混凝土構造,103年12月17日,七層,
RPROMLOLNHGGFCT96CC,6,33.40,集合住宅,鋼筋混凝土構造,103年12月17日,七層,
RPUOMLOLNHGGFCT27CC,6,33.19,集合住宅,鋼筋混凝土構造,103年12月17日,七層,
RPQQMLOLNHGGFCT07CC,6,38.64,集合住宅,鋼筋混凝土構造,103年12月17日,七層,
RPVOMLOLNHGGFCT37CC,6,33.19,集合住宅,鋼筋混凝土構造,103年12月17日,七層,
RPWOMLOLNHGGFCT47CC,6,33.19,集合住宅,鋼筋混凝土構造,103年12月17日,七層,
RPXNMLOLNHGGFCT47CC,6,33.81,集合住宅,鋼筋混凝土構造,103年12月17日,七層,
RPTOMLOLNHGGFCT17CC,6,33.80,集合住宅,鋼筋混凝土構造,103年12月17日,七層,
RPSQMLOLNHGGFCT27CC,6,33.50,集合住宅,鋼筋混凝土構造,103年12月17日,七層,
RPTQMLOLNHGGFCT37CC,6,33.20,集合住宅,鋼筋混凝土構造,103年12月17日,七層,
RPUQMLOLNHGGFCT47CC,6,33.50,集合住宅,鋼筋混凝土構造,103年12月17日,七層,
RPPRMLOLNHGGFCT07CC,5,30.84,集合住宅,鋼筋混凝土構造,105年11月4日,七層,
RPVQMLOLNHGGFCT57CC,6,33.20,集合住宅,鋼筋混凝土構造,103年12月17日,七層,
RPWQMLOLNHGGFCT67CC,6,33.40,集合住宅,鋼筋混凝土構造,103年12月17日,七層,
RPRRMLOLNHGGFCT27CC,5,30.94,集合住宅,鋼筋混凝土構造,105年11月4日,七層,
RPURMLOLNHGGFCT57CC,5,31.10,集合住宅,鋼筋混凝土構造,105年11月4日,七層,
RPSRMLOLNHGGFCT37CC,5,29.86,集合住宅,鋼筋混凝土構造,105年11月4日,七層,
RPTRMLOLNHGGFCT47CC,5,30.94,集合住宅,鋼筋混凝土構造,105年11月4日,七層,
RPORMLOLNHGGFCT96CC,6,29.52,集合住宅,鋼筋混凝土構造,103年12月17日,七層,
RPWRMLOLNHGGFCT77CC,5,29.86,集合住宅,鋼筋混凝土構造,105年11月4日,七層,
RPQSMLOLNHGGFCT27CC,5,30.02,集合住宅,鋼筋混凝土構造,105年11月4日,七層,
RPOSMLOLNHGGFCT07CC,5,30.29,集合住宅,鋼筋混凝土構造,105年11月4日,七層,
RPPSMLOLNHGGFCT17CC,5,30.38,集合住宅,鋼筋混凝土構造,105年11月4日,七層,
RPXRMLOLNHGGFCT87CC,5,30.90,集合住宅,鋼筋混凝土構造,105年11月4日,七層,
RPRSMLOLNHGGFCT37CC,5,30.02,集合住宅,鋼筋混凝土構造,105年11月4日,七層,
RPOTMLOLNHGGFCT17CC,4,30.55,集合住宅,鋼筋混凝土構造,105年11月4日,七層,
RPVSMLOLNHGGFCT77CC,4,29.86,集合住宅,鋼筋混凝土構造,105年11月4日,七層,
RPWSMLOLNHGGFCT87CC,4,30.31,集合住宅,鋼筋混凝土構造,105年11月4日,七層,
RPXSMLOLNHGGFCT97CC,4,30.45,集合住宅,鋼筋混凝土構造,105年11月4日,七層,
RPSSMLOLNHGGFCT47CC,5,30.90,集合住宅,鋼筋混凝土構造,105年11月4日,七層,
RPUOMLLMNHGGFAT86CC,,21.29,住家用,磚造,,二層,
RPPNMLOJOHGGFAT98CC,38,78.02,住家用,鋼筋混凝土造,72年3月30日,五層,
RPPNMLOJOHGGFAT98CC,38,.00,國民住宅，公共設施,鋼筋混凝土造,72年3月30日,五層,
RPQPMLSJOHGGFCT27CC,12,1789.62,廠房（辦公室）（品管室）（倉庫）（作業廠房）（機械室）（冷凍室）（儲藏室）（走廊）,鋼筋混凝土構造、鋼骨構造,97年12月16日,二層,
RPQNMLQKOHGGFCT96CC,7,2264.40,農業設施〈菇類栽培場〉〈菇類培植廢棄包處理場〉,鋼骨構造,103年3月10日,一層,
RPTNMLSLOHGGFAT37CC,1,233.50,住家用,鋼筋混凝土造,109年12月8日,三層,
RPVNMLSKOHGGFAT47CC,28,86.23,住家用,鋼筋混凝土造,82年3月8日,七層,
RPVNMLSKOHGGFAT47CC,28,28.84,共用部份,鋼筋混凝土造,82年3月8日,七層,
RPWNMLRKOHGGFAT47CC,38,40.17,住家用,鋼筋混凝土造,72年9月6日,五層,
RPWNMLRKOHGGFAT47CC,38,5.81,樓梯,鋼筋混凝土造,72年9月6日,五層,
RPQNMLTLOHGGFCT37CC,40,97.66,住商用,加強磚造,70年9月2日,二層,
RPSNMLQJPHGGFCT27DC,26,178.97,住宅停車空間,鋼筋混凝土造,84年9月6日,五層,
RPWNMLSJPHGGFAT57CC,,92.92,住工用,鋼筋混凝土加強磚造,,二層,
RPSNMLQJPHGGFAT96CC,13,9.78,辦公室,鋼筋混凝土造,97年3月5日,四層,
RPSNMLQJPHGGFAT96CC,13,4.83,辦公室、機電空間、梯廳,鋼筋混凝土造,97年3月5日,四層,
RPXNMLRJPHGGFDT87CC,27,91.83,住家用,鋼筋混凝土造,83年9月5日,七層,
RPXNMLRJPHGGFDT87CC,27,35.07,住家用,鋼筋混凝土造,83年9月5日,七層,
RPRNMLKLPHGGFAT09CC,22,99.38,集合住宅,鋼筋混凝土造,88年12月4日,十四層,
RPUNMLMKPHGGFCT07CC,,94.00,集合住宅,鋼筋混凝土構造,110年3月15日,五層,
RPRNMLKLPHGGFAT09CC,22,28.81,走廊、辦公室、管理員室梯間、俱樂部梯間、公共空間、停車空間、防空避難室、屋頂突出物、陽台,鋼筋混凝土造,88年12月4日,十四層,
RPUNMLMKPHGGFCT07CC,,43.64,本共有部分之項目有停車空間、電信機房、公共梯間、夾層及樓梯間等五項。,鋼筋混凝土構造,110年3月15日,五層,
RPRNMLNLPHGGFAT76CC,22,91.81,集合住宅,鋼筋混凝土造,88年12月4日,十四層,
RPRNMLNLPHGGFAT76CC,22,28.81,走廊、辦公室、管理員室梯間、俱樂部梯間、公共空間、停車空間、防空避難室、屋頂突出物、陽台,鋼筋混凝土造,88年12月4日,十四層,
RPTOMLPKPHGGFAT17CC,31,78.03,住商用,鋼筋混凝土造,79年4月17日,五層,
RPOOMLNLPHGGFCT76CC,5,29.86,集合住宅,鋼筋混凝土構造,105年11月4日,七層,
RPQOMLNLPHGGFCT96CC,5,30.02,集合住宅,鋼筋混凝土構造,105年11月4日,七層,
RPPOMLNLPHGGFCT86CC,5,30.84,集合住宅,鋼筋混凝土構造,105年11月4日,七層,
RPXNMLNLPHGGFCT57CC,5,31.81,集合住宅,鋼筋混凝土構造,105年11月4日,七層,
RPWOMLNLPHGGFCT57CC,5,29.86,集合住宅,鋼筋混凝土構造,105年11月4日,七層,
RPSOMLNLPHGGFCT17CC,5,30.02,集合住宅,鋼筋混凝土構造,105年11月4日,七層,
RPROMLNLPHGGFCT07CC,5,30.45,集合住宅,鋼筋混凝土構造,105年11月4日,七層,
RPTOMLNLPHGGFCT27CC,5,31.10,集合住宅,鋼筋混凝土構造,105年11月4日,七層,
RPXOMLNLPHGGFCT67CC,5,31.66,集合住宅,鋼筋混凝土構造,105年11月4日,七層,
RPOPMLNLPHGGFCT86CC,5,29.86,集合住宅,鋼筋混凝土構造,105年11月4日,七層,
RPPPMLNLPHGGFCT96CC,5,30.29,集合住宅,鋼筋混凝土構造,105年11月4日,七層,
RPQPMLNLPHGGFCT07CC,5,31.10,集合住宅,鋼筋混凝土構造,105年11月4日,七層,
RPRPMLNLPHGGFCT17CC,5,32.63,集合住宅,鋼筋混凝土構造,105年11月4日,七層,
RPVOMLNLPHGGFCT47CC,5,30.02,集合住宅,鋼筋混凝土構造,105年11月4日,七層,
RPUPMLNLPHGGFCT47CC,5,32.59,集合住宅,鋼筋混凝土構造,105年11月4日,七層,
RPQNMLQLPHGGFCT17CC,5,30.84,集合住宅,鋼筋混凝土構造,105年11月4日,七層,
RPPNMLQLPHGGFCT07CC,5,32.63,集合住宅,鋼筋混凝土構造,105年11月4日,七層,
RPTNMLQLPHGGFCT47CC,5,30.55,集合住宅,鋼筋混凝土構造,105年11月4日,七層,
RPRNMLQLPHGGFCT27CC,5,31.66,集合住宅,鋼筋混凝土構造,105年11月4日,七層,
RPSNMLQLPHGGFCT37CC,5,30.03,集合住宅,鋼筋混凝土構造,105年11月4日,七層,
RPVNMLQLPHGGFCT67CC,5,30.94,集合住宅,鋼筋混凝土構造,105年11月4日,七層,
RPTPMLNLPHGGFCT37CC,5,30.31,集合住宅,鋼筋混凝土構造,105年11月4日,七層,
RPUNMLQLPHGGFCT57CC,5,30.29,集合住宅,鋼筋混凝土構造,105年11月4日,七層,
RPWNMLQLPHGGFCT77CC,5,30.02,集合住宅,鋼筋混凝土構造,105年11月4日,七層,
RPOOMLQLPHGGFCT07CC,5,30.94,集合住宅,鋼筋混凝土構造,105年11月4日,七層,
RPXNMLQLPHGGFCT87CC,5,30.09,集合住宅,鋼筋混凝土構造,105年11月4日,七層,
RPPOMLQLPHGGFCT17CC,5,30.94,集合住宅,鋼筋混凝土構造,105年11月4日,七層,
RPSOMLQLPHGGFCT47CC,5,30.31,集合住宅,鋼筋混凝土構造,105年11月4日,七層,
RPQOMLQLPHGGFCT27CC,5,30.02,集合住宅,鋼筋混凝土構造,105年11月4日,七層,
RPTOMLQLPHGGFCT57CC,5,30.31,集合住宅,鋼筋混凝土構造,105年11月4日,七層,
RPROMLQLPHGGFCT37CC,5,31.81,集合住宅,鋼筋混凝土構造,105年11月4日,七層,
RPUOMLQLPHGGFCT67CC,5,31.66,集合住宅,鋼筋混凝土構造,105年11月4日,七層,
RPVOMLQLPHGGFCT77CC,5,30.45,集合住宅,鋼筋混凝土構造,105年11月4日,七層,
RPWOMLQLPHGGFCT87CC,5,30.94,集合住宅,鋼筋混凝土構造,105年11月4日,七層,
RPXOMLQLPHGGFCT97CC,5,32.59,集合住宅,鋼筋混凝土構造,105年11月4日,七層,
RPPPMLQLPHGGFCT27CC,5,30.94,集合住宅,鋼筋混凝土構造,105年11月4日,七層,
RPOPMLQLPHGGFCT17CC,5,32.63,集合住宅,鋼筋混凝土構造,105年11月4日,七層,
RPSPMLQLPHGGFCT57CC,5,30.55,集合住宅,鋼筋混凝土構造,105年11月4日,七層,
RPQPMLQLPHGGFCT37CC,5,31.10,集合住宅,鋼筋混凝土構造,105年11月4日,七層,
RPUPMLQLPHGGFCT77CC,5,31.66,集合住宅,鋼筋混凝土構造,105年11月4日,七層,
RPRPMLQLPHGGFCT47CC,5,29.86,集合住宅,鋼筋混凝土構造,105年11月4日,七層,
RPRQMLQLPHGGFCT57CC,7,33.50,集合住宅,鋼筋混凝土構造,103年12月17日,七層,
RPWPMLQLPHGGFCT97CC,5,30.90,集合住宅,鋼筋混凝土構造,105年11月4日,七層,
RPOQMLQLPHGGFCT27CC,5,30.29,集合住宅,鋼筋混凝土構造,105年11月4日,七層,
RPTQMLQLPHGGFCT77CC,7,33.27,集合住宅,鋼筋混凝土構造,103年12月17日,七層,
RPQQMLQLPHGGFCT47CC,7,33.27,集合住宅,鋼筋混凝土構造,103年12月17日,七層,
RPPQMLQLPHGGFCT37CC,5,29.86,集合住宅,鋼筋混凝土構造,105年11月4日,七層,
RPSQMLQLPHGGFCT67CC,7,33.16,集合住宅,鋼筋混凝土構造,103年12月17日,七層,
RPUQMLQLPHGGFCT87CC,7,33.50,集合住宅,鋼筋混凝土構造,103年12月17日,七層,
RPVQMLQLPHGGFCT97CC,7,33.16,集合住宅,鋼筋混凝土構造,103年12月17日,七層,
RPORMLQLPHGGFCT37CC,7,33.19,集合住宅,鋼筋混凝土構造,103年12月17日,七層,
RPWQMLQLPHGGFCT08CC,7,33.81,集合住宅,鋼筋混凝土構造,103年12月17日,七層,
RPTRMLQLPHGGFCT87CC,7,34.19,集合住宅,鋼筋混凝土構造,103年12月17日,七層,
RPPRMLQLPHGGFCT47CC,7,33.19,集合住宅,鋼筋混凝土構造,103年12月17日,七層,
RPRRMLQLPHGGFCT67CC,7,29.52,集合住宅,鋼筋混凝土構造,103年12月17日,七層,
RPXQMLQLPHGGFCT18CC,7,33.24,集合住宅,鋼筋混凝土構造,103年12月17日,七層,
RPQRMLQLPHGGFCT57CC,7,33.27,集合住宅,鋼筋混凝土構造,103年12月17日,七層,
RPWRMLQLPHGGFCT18CC,7,29.52,集合住宅,鋼筋混凝土構造,103年12月17日,七層,
RPURMLQLPHGGFCT97CC,7,34.19,集合住宅,鋼筋混凝土構造,103年12月17日,七層,
RPPSMLQLPHGGFCT57CC,7,29.52,集合住宅,鋼筋混凝土構造,103年12月17日,七層,
RPOSMLQLPHGGFCT47CC,7,33.24,集合住宅,鋼筋混凝土構造,103年12月17日,七層,
RPXRMLQLPHGGFCT28CC,7,29.52,集合住宅,鋼筋混凝土構造,103年12月17日,七層,
RPRSMLQLPHGGFCT77CC,7,33.50,集合住宅,鋼筋混凝土構造,103年12月17日,七層,
RPVRMLQLPHGGFCT08CC,7,29.52,集合住宅,鋼筋混凝土構造,103年12月17日,七層,
RPQSMLQLPHGGFCT67CC,7,29.52,集合住宅,鋼筋混凝土構造,103年12月17日,七層,
RPTSMLQLPHGGFCT97CC,7,33.20,集合住宅,鋼筋混凝土構造,103年12月17日,七層,
RPUSMLQLPHGGFCT08CC,7,33.50,集合住宅,鋼筋混凝土構造,103年12月17日,七層,
RPSSMLQLPHGGFCT87CC,7,33.40,集合住宅,鋼筋混凝土構造,103年12月17日,七層,
RPVSMLQLPHGGFCT18CC,7,33.24,集合住宅,鋼筋混凝土構造,103年12月17日,七層,
RPXSMLQLPHGGFCT38CC,7,38.64,集合住宅,鋼筋混凝土構造,103年12月17日,七層,
RPOTMLQLPHGGFCT57CC,7,33.27,集合住宅,鋼筋混凝土構造,103年12月17日,七層,
RPQTMLQLPHGGFCT77CC,7,33.27,集合住宅,鋼筋混凝土構造,103年12月17日,七層,
RPSTMLQLPHGGFCT97CC,7,33.40,集合住宅,鋼筋混凝土構造,103年12月17日,七層,
RPUTMLQLPHGGFCT18CC,7,33.80,集合住宅,鋼筋混凝土構造,103年12月17日,七層,
RPXTMLQLPHGGFCT48CC,7,33.27,集合住宅,鋼筋混凝土構造,103年12月17日,七層,
RPWTMLQLPHGGFCT38CC,7,34.19,集合住宅,鋼筋混凝土構造,103年12月17日,七層,
RPVTMLQLPHGGFCT28CC,7,33.80,集合住宅,鋼筋混凝土構造,103年12月17日,七層,
RPOUMLQLPHGGFCT67CC,7,33.80,集合住宅,鋼筋混凝土構造,103年12月17日,七層,
RPPUMLQLPHGGFCT77CC,7,33.80,集合住宅,鋼筋混凝土構造,103年12月17日,七層,
RPTTMLQLPHGGFCT08CC,7,29.52,集合住宅,鋼筋混凝土構造,103年12月17日,七層,
RPRUMLQLPHGGFCT97CC,7,33.50,集合住宅,鋼筋混凝土構造,103年12月17日,七層,
RPTUMLQLPHGGFCT18CC,7,33.27,集合住宅,鋼筋混凝土構造,103年12月17日,七層,
RPQUMLQLPHGGFCT87CC,7,38.64,集合住宅,鋼筋混凝土構造,103年12月17日,七層,
RPUUMLQLPHGGFCT28CC,7,29.52,集合住宅,鋼筋混凝土構造,103年12月17日,七層,
RPSUMLQLPHGGFCT08CC,7,33.50,集合住宅,鋼筋混凝土構造,103年12月17日,七層,
RPWUMLQLPHGGFCT48CC,7,33.27,集合住宅,鋼筋混凝土構造,103年12月17日,七層,
RPVUMLQLPHGGFCT38CC,7,33.27,集合住宅,鋼筋混凝土構造,103年12月17日,七層,
RPPVMLQLPHGGFCT87CC,7,38.64,集合住宅,鋼筋混凝土構造,103年12月17日,七層,
RPXUMLQLPHGGFCT58CC,7,33.50,集合住宅,鋼筋混凝土構造,103年12月17日,七層,
RPRVMLQLPHGGFCT08CC,7,33.50,集合住宅,鋼筋混凝土構造,103年12月17日,七層,
RPOVMLQLPHGGFCT77CC,7,38.64,集合住宅,鋼筋混凝土構造,103年12月17日,七層,
RPQVMLQLPHGGFCT97CC,7,34.19,集合住宅,鋼筋混凝土構造,103年12月17日,七層,
RPTVMLQLPHGGFCT28CC,7,33.40,集合住宅,鋼筋混凝土構造,103年12月17日,七層,
RPSVMLQLPHGGFCT18CC,7,33.24,集合住宅,鋼筋混凝土構造,103年12月17日,七層,
RPTNMLTJQHGGFAT47CC,39,76.72,住商用,鋼筋混凝土造,71年11月15日,三層,
RPUNMLQJQHGGFAT27CC,29,123.72,住家用,鋼筋混凝土造,81年7月20日,五層,
RPUNMLQJQHGGFAT27CC,29,21.34,共用部份,鋼筋混凝土造,81年7月20日,五層,
