﻿鄉鎮市區,交易標的,土地位置建物門牌,土地面積平方公尺,都市土地使用分區,非都市土地使用分區,非都市土地使用編定,租賃年月日,租賃筆棟數,租賃層次,總樓層數,建物型態,主要用途,主要建材,建築完成年月,建物總面積平方公尺,建物現況格局-房,建物現況格局-廳,建物現況格局-衛,建物現況格局-隔間,有無管理組織,有無附傢俱,總額元,單價元平方公尺,車位類別,車位面積平方公尺,車位總額元,備註,編號
The villages and towns urban district,transaction sign,land sector position building sector house number plate,land shifting total area square meter,the use zoning or compiles and checks,the non-metropolis land use district,non-metropolis land use,transaction year month and day,transaction pen number,shifting level,total floor number,building state,main use,main building materials,construction to complete the years,building shifting total area,Building present situation pattern - room,building present situation pattern - hall,building present situation pattern - health,building present situation pattern - compartmented,Whether there is manages the organization,Whether there is attaches the furniture,total price NTD,the unit price (NTD / square meter),the berth category,berth shifting total area square meter,the berth total price NTD,the note,serial number
台東市,房地(土地+建物),臺東縣臺東市中興路２段４１號,126.0,住,,,1100710,土地1建物1車位0,見其他登記事項,3,店面(店鋪),店舖、住宅,ＲＣ造,1040316,231.75,4,2,5,有,無,無,35000,151,,0.0,0,,RPQNMLKMPHGGFAV66CC
台東市,建物,臺東縣臺東市常德路１３號２-５室,215.0,住,,,1100721,土地0建物0車位1,二層,3,套房(1房1廳1衛),騎樓、住宅、樓梯間,ＲＣ造,1060206,31.4,1,0,1,有,無,有,7500,239,一樓平面,13.0,0,租金總價含車位，車位編號25號,RPTNMLMJQHGGFAV96CC
台東市,房地(土地+建物)+車位,臺東縣臺東市新展街２３巷３弄３５號３樓,15.23,住,,,1100719,土地1建物1車位1,三層,7,華廈(10層含以下有電梯),住家用,鋼筋混凝土造,0850628,93.03999999999999,2,2,1,有,有,有,15000,161,升降機械,16.01,0,,RPQNMLQJQHGGFAV07CC
