﻿鄉鎮市區,交易標的,土地位置建物門牌,土地移轉總面積平方公尺,都市土地使用分區,非都市土地使用分區,非都市土地使用編定,交易年月日,交易筆棟數,移轉層次,總樓層數,建物型態,主要用途,主要建材,建築完成年月,建物移轉總面積平方公尺,建物現況格局-房,建物現況格局-廳,建物現況格局-衛,建物現況格局-隔間,有無管理組織,總價元,單價元平方公尺,車位類別,車位移轉總面積(平方公尺),車位總價元,備註,編號,主建物面積,附屬建物面積,陽台面積,電梯,移轉編號
The villages and towns urban district,transaction sign,land sector position building sector house number plate,land shifting total area square meter,the use zoning or compiles and checks,the non-metropolis land use district,non-metropolis land use,transaction year month and day,transaction pen number,shifting level,total floor number,building state,main use,main building materials,construction to complete the years,building shifting total area,Building present situation pattern - room,building present situation pattern - hall,building present situation pattern - health,building present situation pattern - compartmented,Whether there is manages the organization,total price NTD,the unit price (NTD / square meter),the berth category,berth shifting total area square meter,the berth total price NTD,the note,serial number,,,,,
金城鎮,土地,蜈蚣山段150地號,562.43,都市：其他:國家公園區,,,1100930,土地1建物0車位0,,,其他,,,,0.0,0,0,0,有,無,1406075,2500,,0.0,0,地清或未辦繼承標售；,RPTNMLLJRHGGFAW07EA,0.0,0.0,0.0,無,
金湖鎮,土地,太湖劃測段1698地號,1080.33,農,,,1100901,土地1建物0車位0,,,其他,,,,0.0,0,0,0,有,無,4950000,4582,,0.0,0,親友、員工、共有人或其他特殊關係間之交易；,RPSNMLNJRHGGFAW07DA,0.0,0.0,0.0,無,
金城鎮,房地(土地+建物),金門縣金城鎮金門城６８之８號,199.59,都市：其他:自然村專用區,,,1100902,土地1建物1車位0,全,三層,透天厝,住家用,鋼筋混凝土造,1070427,403.78,8,1,9,有,無,15000000,37149,,0.0,0,,RPSNMLMJRHGGFAW96DA,375.75,0.0,28.03,無,
金寧鄉,房地(土地+建物),金門縣金寧鄉頂埔下２９號三樓之３,16.87,都市：其他:自然村專用區,,,1100902,土地1建物1車位0,三層,三層,公寓(5樓含以下無電梯),住家用,鋼筋混凝土造,1050126,34.96,0,0,0,無,無,2150000,61499,,0.0,0,,RPROMLRJRHGGFAW47DA,22.46,0.0,3.46,無,001
金沙鎮,土地,山西段617地號,456.04,都市：其他:保護區,,,1100804,土地1建物0車位0,,,其他,,,,0.0,0,0,0,有,無,550000,1206,,0.0,0,,RPPNMLOJQHGGFAW86EA,0.0,0.0,0.0,無,
金沙鎮,土地,浯坑劃測段1212-2地號,511.65,都市：其他:風景區,,,1100810,土地1建物0車位0,,,其他,,,,0.0,0,0,0,有,無,900000,1759,,0.0,0,,RPQNMLKKQHGGFAW66EA,0.0,0.0,0.0,無,
金城鎮,房地(土地+建物),金門縣金城鎮小西門７６之２號,64.32,都市：其他:自然村專用區,,,1100801,土地2建物1車位0,一層,五層,華廈(10層含以下有電梯),住家用,鋼筋混凝土造,1091119,141.79,3,2,2,有,有,9400000,66295,,0.0,0,預售屋、或土地及建物分件登記案件；,RPRNMLNJQHGGFAW86DA,113.03,0.0,9.7,有,
金城鎮,土地,小西門劃測段772地號,1100.02,農,,,1100805,土地1建物0車位0,,,其他,,,,0.0,0,0,0,有,無,6000000,5454,,0.0,0,,RPWNMLQJQHGGFAW67DA,0.0,0.0,0.0,無,
金寧鄉,土地,寧湖一劃段354-1地號,200.0,農,,,1100809,土地1建物0車位0,,,其他,,,,0.0,0,0,0,有,無,1480000,7400,,0.0,0,,RPSNMLTJQHGGFAW57DA,0.0,0.0,0.0,無,
金寧鄉,土地,長寮段719地號,69.81,都市：其他:自然村專用區,,,1100803,土地1建物0車位0,,,其他,,,,0.0,0,0,0,有,無,1000000,14325,,0.0,0,,RPQNMLRKQHGGFAW27DA,0.0,0.0,0.0,無,
金寧鄉,土地,東洲段409地號,537.41,都市：其他:保護區,,,1100805,土地1建物0車位0,,,其他,,,,0.0,0,0,0,有,無,2200000,4094,,0.0,0,,RPPNMLNLQHGGFAW86DA,0.0,0.0,0.0,無,002
金湖鎮,房地(土地+建物),金門縣金湖鎮料羅新村８２８號一樓之２,62.7,都市：其他:自然村專用區,,,1100811,土地2建物1車位0,一層,四層,華廈(10層含以下有電梯),住家用,鋼筋混凝土造,1100708,134.93,3,2,2,有,有,6550000,48544,,0.0,0,預售屋、或土地及建物分件登記案件；,RPPNMLTKQHGGFAW37DA,111.56,0.0,3.88,有,
金湖鎮,房地(土地+建物),金門縣金湖鎮料羅新村８２８號二樓之１,62.4,都市：其他:自然村專用區,,,1100811,土地2建物1車位0,二層,四層,華廈(10層含以下有電梯),住家用,鋼筋混凝土造,1100708,134.21,3,2,2,有,有,5880000,43812,,0.0,0,預售屋、或土地及建物分件登記案件；,RPQNMLTKQHGGFAW47DA,101.61,0.0,13.2,有,
金湖鎮,房地(土地+建物),金門縣金湖鎮料羅新村８２８號二樓之２,60.8,都市：其他:自然村專用區,,,1100811,土地2建物1車位0,二層,四層,華廈(10層含以下有電梯),住家用,鋼筋混凝土造,1100708,131.74,3,2,2,有,有,5530000,41977,,0.0,0,預售屋、或土地及建物分件登記案件；,RPRNMLTKQHGGFAW57DA,104.31,0.0,8.53,有,
金湖鎮,房地(土地+建物),金門縣金湖鎮料羅新村８２８號三樓之２,60.8,都市：其他:自然村專用區,,,1100811,土地2建物1車位0,三層,四層,華廈(10層含以下有電梯),住家用,鋼筋混凝土造,1100708,131.74,3,2,2,有,有,6720000,51010,,0.0,0,預售屋、或土地及建物分件登記案件；,RPSNMLTKQHGGFAW67DA,104.31,0.0,8.53,有,
金湖鎮,房地(土地+建物),金門縣金湖鎮料羅新村８２８號四樓之１,62.4,都市：其他:自然村專用區,,,1100811,土地2建物1車位0,四層,四層,華廈(10層含以下有電梯),住家用,鋼筋混凝土造,1100708,134.42,3,2,2,有,有,5900000,43892,,0.0,0,預售屋、或土地及建物分件登記案件；,RPTNMLTKQHGGFAW77DA,101.61,0.0,13.41,有,
金湖鎮,房地(土地+建物),金門縣金湖鎮料羅新村８２８號四樓之２,60.8,都市：其他:自然村專用區,,,1100811,土地2建物1車位0,四層,四層,華廈(10層含以下有電梯),住家用,鋼筋混凝土造,1100708,131.74,3,2,2,有,有,6000000,45544,,0.0,0,預售屋、或土地及建物分件登記案件；,RPUNMLTKQHGGFAW87DA,104.31,0.0,8.53,有,
金寧鄉,土地,西堡劃測段269地號,900.03,農,,,1100817,土地1建物0車位0,,,其他,,,,0.0,0,0,0,有,無,2600000,2889,,0.0,0,,RPRNMLRLQHGGFAW47DA,0.0,0.0,0.0,無,
金沙鎮,土地,后宅段1254地號,272.0,都市：其他:自然村專用區,,,1100824,土地1建物0車位0,,,其他,,,,0.0,0,0,0,有,無,4300000,15809,,0.0,0,,RPSNMLRLQHGGFAW67EA,0.0,0.0,0.0,無,
烈嶼鄉,土地,烈濱劃測段1342地號,706.99,農,,,1100819,土地1建物0車位0,,,其他,,,,0.0,0,0,0,有,無,4500000,6365,,0.0,0,,RPSNMLKMQHGGFAW96DA,0.0,0.0,0.0,無,
烈嶼鄉,土地,烈濱劃測段548地號,620.0,農,,,1100820,土地1建物0車位0,,,其他,,,,0.0,0,0,0,有,無,3200000,5161,,0.0,0,,RPPNMLLMQHGGFAW76DA,0.0,0.0,0.0,無,
金湖鎮,房地(土地+建物),金門縣金湖鎮料羅新村８２８號三樓之１,62.4,都市：其他:自然村專用區,,,1100811,土地2建物1車位0,三層,四層,華廈(10層含以下有電梯),住家用,鋼筋混凝土造,1100708,134.42,4,2,2,有,有,5390000,40098,,0.0,0,,RPUNMLKMQHGGFAW17DA,101.61,0.0,13.41,有,
金沙鎮,土地,官嶼劃段324地號,1000.0,農,,,1100830,土地1建物0車位0,,,其他,,,,0.0,0,0,0,有,無,2690000,2690,,0.0,0,地清或未辦繼承標售；,RPRNMLLJRHGGFAW86EA,0.0,0.0,0.0,無,
金寧鄉,土地,寧古劃段848地號,500.0,都市：其他:國家公園區-第二類一般管制區,,,1100818,土地1建物0車位0,,,其他,,,,0.0,0,0,0,有,無,1650000,3300,,0.0,0,,RPQNMLRLQHGGFAW37DA,0.0,0.0,0.0,無,003
金湖鎮,土地,北五劃段202地號,483.54,農,,,1100813,土地1建物0車位0,,,其他,,,,0.0,0,0,0,有,無,1500000,3102,,0.0,0,,RPTNMLKMQHGGFAW07DA,0.0,0.0,0.0,無,
金沙鎮,土地,呂厝村段203地號,3841.59,農,,,1100805,土地5建物0車位0,,,其他,,,,0.0,0,0,0,有,無,15684000,4083,,0.0,0,金寧鄉 后湖 段 780 地號 價金：1151000元、金寧鄉 后湖 段 1005 地號 價金：3210000元、金寧鄉 后湖 段 927 地號 價金：1973000元、金城鎮 泗湖村測 段 4 地號 價金：1140000元、金沙鎮 呂厝村 段 203 地號 價金：8210000元、地清或未辦繼承標售；,RPRNMLNJRHGGFAW96DA,0.0,0.0,0.0,無,
金城鎮,房地(土地+建物),金門縣金城鎮西海路三段１０６巷１７弄５號,41.68,都市：其他:自然村專用區,,,1100809,土地1建物1車位0,一層,三層,公寓(5樓含以下無電梯),住家用,鋼筋混凝土造,1060303,101.33000000000001,2,1,2,有,無,5300000,52304,,0.0,0,,RPPNMLPJRHGGFAW96DA,66.04,0.0,0.69,無,
金寧鄉,土地,盤山村測段236地號,17.88,都市：其他:自然村專用區,,,1100806,土地1建物0車位0,,,其他,,,,0.0,0,0,0,有,無,477000,26678,,0.0,0,,RPPNMLQJRHGGFAW07DA,0.0,0.0,0.0,無,
金沙鎮,土地,官嶼劃段625地號,1033.0,農,,,1100822,土地2建物0車位0,,,其他,,,,0.0,0,0,0,有,無,3050000,2953,,0.0,0,,RPUNMLQJRHGGFAW67EA,0.0,0.0,0.0,無,004
金湖鎮,房地(土地+建物),金門縣金湖鎮市港五路１６０之１號５樓,7.69,商,,,1100809,土地1建物1車位0,五層,十層,華廈(10層含以下有電梯),商業用,鋼筋混凝土造,1090408,54.04,1,1,1,有,無,4760000,88083,,0.0,0,,RPTNMLQJRHGGFAW57EA,29.44,1.02,4.91,有,
金寧鄉,房地(土地+建物),金門縣金寧鄉嚨口３５號,44.71,都市：其他:自然村專用區,,,1100823,土地1建物1車位0,一層,三層,公寓(5樓含以下無電梯),住家用,鋼筋混凝土造,1090721,85.08000000000001,3,2,2,有,無,5500000,64645,,0.0,0,,RPVNMLQJRHGGFAW67DA,75.93,0.0,0.0,無,005
金湖鎮,房地(土地+建物),金門縣金湖鎮市港三路２２７號７樓之９,11.27,住,,,1100825,土地1建物1車位0,七層,八層,華廈(10層含以下有電梯),住家用,鋼筋混凝土造,1041125,61.269999999999996,1,1,1,有,有,3750000,61205,,0.0,0,,RPPNMLMJRHGGFAW66DA,33.64,0.0,4.65,有,006
金城鎮,土地,歐厝段47地號,583.65,農,,,1100802,土地1建物0車位0,,,其他,,,,0.0,0,0,0,有,無,2711000,4645,,0.0,0,包含公共設施保留地用地；地清或未辦繼承標售；,RPQNMLMJRHGGFAW76DA,0.0,0.0,0.0,無,
金寧鄉,土地,寧湖三劃段88-10地號,624.29,都市：其他:閩南建築專用區,,,1100816,土地1建物0車位0,,,其他,,,,0.0,0,0,0,有,無,9500000,15217,,0.0,0,包含公共設施保留地用地；,RPSNMLQKQHGGFAW37DA,0.0,0.0,0.0,無,
烈嶼鄉,土地,西方劃測段571地號,608.03,農,,,1100831,土地1建物0車位0,,,其他,,,,0.0,0,0,0,有,無,3000000,4934,,0.0,0,,RPRNMLSJRHGGFAW47DA,0.0,0.0,0.0,無,
金沙鎮,土地,呂厝村段129地號,661.0,都市：其他:自然村專用區,,,1100803,土地2建物0車位0,,,其他,,,,0.0,0,0,0,有,無,3779998,5719,,0.0,0,呂厝村段129地號:＄2089999官嶼劃段48地號:＄1689999地清或未辦繼承標售；,RPOOMLQJRHGGFAW17EA,0.0,0.0,0.0,無,
金城鎮,土地,泗湖村測段72地號,57.83,都市：其他:自然村專用區,,,1100802,土地1建物0車位0,,,其他,,,,0.0,0,0,0,有,無,410000,7090,,0.0,0,地清或未辦繼承標售；,RPQNMLSJRHGGFAW47EA,0.0,0.0,0.0,無,007
金城鎮,房地(土地+建物),金門縣金城鎮庵前４３之２號二樓,33.44,都市：其他:自然村專用區,,,1100818,土地1建物1車位0,二層,三層,公寓(5樓含以下無電梯),住家用,鋼筋混凝土造,1050108,65.94,2,2,1,有,無,4100000,62178,,0.0,0,,RPQNMLQKRHGGFAW37EA,58.06,0.0,3.05,無,008
金沙鎮,土地,沙港劃段479-17地號,2942.15,農,,,1100819,土地1建物0車位0,,,其他,,,,0.0,0,0,0,有,無,12000000,4079,,0.0,0,,RPPNMLKLQHGGFAW56DA,0.0,0.0,0.0,無,
金湖鎮,房地(土地+建物),金門縣金湖鎮市港五路１６３號五樓之３,14.98,住,,,1100817,土地1建物1車位0,五層,九層,華廈(10層含以下有電梯),住家用,鋼筋混凝土造,1091120,77.52,2,2,1,有,無,4780000,61662,,0.0,0,預售屋、或土地及建物分件登記案件；,RPRNMLKLQHGGFAW76DA,47.87,3.69,5.41,有,
金湖鎮,土地,中六劃段189-4地號,560.0,農,,,1100701,土地2建物0車位0,,,其他,,,,0.0,0,0,0,有,無,4500000,8036,,0.0,0,,RPQNMLMJPHGGFAW56DA,0.0,0.0,0.0,無,009
金城鎮,土地,泗湖村測段63地號,86.14,都市：其他:自然村專用區,,,1100701,土地1建物0車位0,,,其他,,,,0.0,0,0,0,有,無,600000,6965,,0.0,0,親友、員工、共有人或其他特殊關係間之交易；,RPSNMLMJPHGGFAW86EA,0.0,0.0,0.0,無,
金寧鄉,房地(土地+建物),金門縣金寧鄉下堡１２５之１號,43.65,都市：其他:自然村專用區,,,1100705,土地1建物1車位0,一層,三層,公寓(5樓含以下無電梯),住家用,鋼筋混凝土造,1100326,79.29,3,2,2,有,無,5100000,64313,,0.0,0,,RPOOMLRJPHGGFAW96DA,73.18,0.0,0.0,無,010
金寧鄉,土地,中二劃段341地號,500.0,農,,,1100709,土地1建物0車位0,,,其他,,,,0.0,0,0,0,有,無,4000000,8000,,0.0,0,,RPPNMLMKPHGGFAW56DA,0.0,0.0,0.0,無,011
金寧鄉,房地(土地+建物),金門縣金寧鄉湖下２１１－１１號二樓,31.85,都市：其他:自然村專用區,,,1100701,土地1建物1車位0,二層,五層,華廈(10層含以下有電梯),住家用,鋼筋混凝土造,1091223,76.9,2,2,1,有,有,4740000,61638,,0.0,0,,RPQNMLOKPHGGFAW96EA,57.82,0.0,5.62,有,
烈嶼鄉,土地,楊厝測段124地號,141.09,農,,,1100715,土地1建物0車位0,,,其他,,,,0.0,0,0,0,有,無,300000,2126,,0.0,0,,RPSNMLPKPHGGFAW27EA,0.0,0.0,0.0,無,
金寧鄉,土地,寧安四劃段354-6地號,760.0,都市：其他:自然村專用區,,,1100712,土地1建物0車位0,,,其他,,,,0.0,0,0,0,有,無,18520000,24368,,0.0,0,買方除買賣價金外另負擔土地增值稅。,RPVNMLMKPHGGFAW17DA,0.0,0.0,0.0,無,012
金沙鎮,土地,北九十劃段398地號,495.51,農,,,1100706,土地1建物0車位0,,,其他,,,,0.0,0,0,0,有,無,1200000,2422,,0.0,0,,RPPNMLNKPHGGFAW66DA,0.0,0.0,0.0,無,
金湖鎮,房地(土地+建物),金門縣金湖鎮下莊中興路６８號,52.0,都市：其他:自然村專用區,,,1100707,土地1建物2車位0,一層,三層,公寓(5樓含以下無電梯),住家用,鋼筋混凝土造,1090611,101.31,3,2,2,有,無,5800000,57250,,0.0,0,,RPQNMLNKPHGGFAW76DA,79.34,0.0,0.0,無,
金寧鄉,土地,后沙村測段32-3地號,386.31,都市：其他:自然村專用區,,,1100712,土地1建物0車位0,,,其他,,,,0.0,0,0,0,有,無,5000000,12943,,0.0,0,,RPTNMLOKPHGGFAW17DA,0.0,0.0,0.0,無,
金寧鄉,房地(土地+建物),金門縣金寧鄉西浦頭７９之１１號,51.9,都市：其他:自然村專用區,,,1100713,土地1建物1車位0,一層,三層,公寓(5樓含以下無電梯),住家用,鋼筋混凝土造,1040430,78.7,3,1,2,有,無,4300000,54638,,0.0,0,,RPPNMLQKPHGGFAW96DA,67.13,0.0,5.55,無,
金城鎮,土地,賢聚測段266地號,718.74,都市：其他:自然村專用區,,,1100713,土地1建物0車位0,,,其他,,,,0.0,0,0,0,有,無,5500000,7652,,0.0,0,買方除買賣價金外，另負擔土地增值稅。,RPSNMLNKPHGGFAW96DA,0.0,0.0,0.0,無,
金城鎮,房地(土地+建物),金門縣金城鎮小古崗１９之９號,57.97,都市：其他:自然村專用區,,,1100703,土地1建物1車位0,一層,三層,公寓(5樓含以下無電梯),住家用,鋼筋混凝土造,1060306,86.24,3,2,2,有,無,6000000,69573,,0.0,0,,RPRNMLNKPHGGFAW96EA,79.28,0.0,0.0,無,013
金寧鄉,房地(土地+建物),金門縣金寧鄉頂堡５之９號,50.98,都市：其他:自然村專用區,,,1100714,土地1建物1車位0,一層,六層,華廈(10層含以下有電梯),住家用,鋼筋混凝土造,1100209,141.87,3,2,2,有,無,7500000,52865,,0.0,0,,RPPNMLPKPHGGFAW86DA,84.98,0.0,9.27,有,
金寧鄉,房地(土地+建物),金門縣金寧鄉湖下２５３號四樓,59.94,都市：其他:自然村專用區,,,1100704,土地3建物1車位0,四層,五層,華廈(10層含以下有電梯),住家用,鋼筋混凝土造,1090629,116.24000000000001,3,1,3,有,無,7250000,62371,,0.0,0,,RPPNMLQJPHGGFAW86DA,97.05,0.0,7.01,有,
金寧鄉,房地(土地+建物),金門縣金寧鄉湖下２１１－８號三樓,32.17,都市：其他:自然村專用區,,,1100705,土地1建物1車位0,三層,五層,華廈(10層含以下有電梯),住家用,鋼筋混凝土造,1091223,77.63,2,2,1,有,有,4770000,61445,,0.0,0,,RPRNMLMLPHGGFAW96EA,58.41,0.0,5.62,有,
金湖鎮,房地(土地+建物),金門縣金湖鎮市港五路１５１號六樓之７,8.12,住,,,1100715,土地1建物1車位0,六層,九層,華廈(10層含以下有電梯),住家用,鋼筋混凝土造,1051123,53.23,1,1,1,有,有,3380000,63498,,0.0,0,,RPPNMLNLPHGGFAW86EA,30.15,1.38,4.7,有,014
金沙鎮,土地,蔡厝劃測段370地號,900.01,農,,,1100707,土地1建物0車位0,,,其他,,,,0.0,0,0,0,有,無,4000000,4444,,0.0,0,,RPSNMLMLPHGGFAW96DA,0.0,0.0,0.0,無,
金城鎮,土地,古坵段401地號,1089.0,農,,,1100714,土地2建物0車位0,,,其他,,,,0.0,0,0,0,有,無,1300000,1194,,0.0,0,,RPUNMLOKPHGGFAW27DA,0.0,0.0,0.0,無,015
金城鎮,房地(土地+建物),金門縣金城鎮伯玉路一段２５９號,115.1,農,,,1100723,土地3建物1車位0,全,二層,透天厝,住家用,鋼筋混凝土造,0840815,110.34,4,4,3,有,無,9800000,88816,,0.0,0,親友、員工、共有人或其他特殊關係間之交易；其他增建；,RPPNMLQLPHGGFAW07DA,110.34,0.0,0.0,無,
金寧鄉,房地(土地+建物),金門縣金寧鄉環島西路二段７０９巷２２８號五樓,45.22,都市：其他:自然村專用區,,,1100713,土地1建物1車位0,五層,五層,華廈(10層含以下有電梯),住家用,鋼筋混凝土造,1100430,96.0,3,2,2,有,無,6000000,62500,,0.0,0,,RPWNMLRLPHGGFAW87DA,73.55,0.0,8.22,有,
金湖鎮,房地(土地+建物),金門縣金湖鎮武德新莊自強路２１號七樓之１,21.86,商,,,1100714,土地2建物1車位0,七層,八層,華廈(10層含以下有電梯),住家用,鋼筋混凝土造,0890517,102.53999999999999,3,2,2,有,無,4800000,46811,,0.0,0,,RPXNMLRLPHGGFAW97DA,75.54,0.0,8.65,有,016
金沙鎮,土地,北九十劃段269地號,976.97,農,,,1100717,土地1建物0車位0,,,其他,,,,0.0,0,0,0,有,無,3200000,3275,,0.0,0,,RPOOMLRLPHGGFAW17DA,0.0,0.0,0.0,無,
金寧鄉,土地,埔邊村測段48-1地號,80.75,住,,,1100727,土地2建物0車位0,,,其他,,,,0.0,0,0,0,有,無,5670000,70217,,0.0,0,,RPPNMLSLPHGGFAW27DA,0.0,0.0,0.0,無,
金寧鄉,土地,長寮段857地號,1000.21,農,,,1100711,土地1建物0車位0,,,其他,,,,0.0,0,0,0,有,無,2200000,2200,,0.0,0,,RPPNMLSLPHGGFAW37EA,0.0,0.0,0.0,無,
金寧鄉,房地(土地+建物),金門縣金寧鄉環島西路二段５５１巷１０１弄１１之６號,1661.16,都市：其他:保護區,,,1100713,土地7建物1車位0,全,三層,透天厝,農業用,鋼筋混凝土造,1031002,207.79,7,2,4,有,無,12600000,60638,,0.0,0,,RPQNMLSLPHGGFAW47EA,196.08,0.0,11.71,無,017
金寧鄉,土地,中二劃段341地號,500.0,農,,,1100727,土地1建物0車位0,,,其他,,,,0.0,0,0,0,有,無,4350000,8700,,0.0,0,,RPTNMLTLPHGGFAW87EA,0.0,0.0,0.0,無,011
金城鎮,房地(土地+建物),金門縣金城鎮山前２之１號４樓,49.47,都市：其他:自然村專用區,,,1100705,土地1建物1車位0,四層,五層,華廈(10層含以下有電梯),住家用,鋼筋混凝土造,1100429,107.42999999999999,3,2,2,有,無,6700000,62366,,0.0,0,,RPXNMLRJPHGGFAW77DA,83.3,0.0,8.44,有,
金沙鎮,房地(土地+建物),金門縣金沙鎮陽宅新興社區１２０號,94.22,農,,,1100716,土地1建物1車位0,全,三層,透天厝,住商用,鋼筋混凝土加強磚造,0860718,159.72,3,2,3,有,無,6000000,37566,,0.0,0,頂樓加蓋；其他增建；,RPSNMLTKPHGGFAW57DA,159.72,0.0,0.0,無,019
金城鎮,房地(土地+建物),金門縣金城鎮山前２之２號４樓,49.47,都市：其他:自然村專用區,,,1100705,土地1建物1車位0,四層,五層,華廈(10層含以下有電梯),住家用,鋼筋混凝土造,1100429,107.42999999999999,3,2,2,有,無,6700000,62366,,0.0,0,,RPWNMLRJPHGGFAW67DA,83.3,0.0,8.44,有,
金沙鎮,土地,沙東劃段241地號,1000.06,農,,,1100719,土地1建物0車位0,,,其他,,,,0.0,0,0,0,有,無,3500000,3500,,0.0,0,,RPWNMLTKPHGGFAW97DA,0.0,0.0,0.0,無,
金沙鎮,土地,中蘭劃測段34地號,900.0,農,,,1100712,土地1建物0車位0,,,其他,,,,0.0,0,0,0,有,無,4500000,5000,,0.0,0,,RPPNMLKMPHGGFAW56DA,0.0,0.0,0.0,無,020
金湖鎮,房地(土地+建物),金門縣金湖鎮料羅新村６０８號四樓,29.31,都市：其他:自然村專用區,,,1100713,土地1建物1車位0,四層,四層,公寓(5樓含以下無電梯),住家用,鋼筋混凝土造,1070118,56.440000000000005,2,1,1,有,無,2600000,46067,,0.0,0,,RPUNMLMJQHGGFAW17EA,44.13,0.0,4.71,無,021
金寧鄉,房地(土地+建物),金門縣金寧鄉桃園路２１８號,98.32,都市：其他:自然村專用區,,,1100722,土地3建物1車位0,全,三層,透天厝,住家用,鋼筋混凝土造,1050728,174.12,4,2,5,有,無,16700000,95911,,0.0,0,,RPPNMLNJQHGGFAW76EA,158.67,3.69,11.76,無,
金寧鄉,土地,寧安二劃段426地號,900.0,農,,,1100716,土地1建物0車位0,,,其他,,,,0.0,0,0,0,有,無,5400000,6000,,0.0,0,,RPSNMLMJQHGGFAW86DA,0.0,0.0,0.0,無,022
金城鎮,房地(土地+建物),金門縣金城鎮山前２之１號３樓,49.47,都市：其他:自然村專用區,,,1100713,土地1建物1車位0,三層,五層,華廈(10層含以下有電梯),住家用,鋼筋混凝土造,1100429,107.42999999999999,3,2,2,有,無,6600000,61435,,0.0,0,,RPPOMLPKPHGGFAW96DA,83.3,0.0,8.44,有,
金沙鎮,房地(土地+建物),金門縣金沙鎮東沙尾４２號,126.0,都市：其他:自然村專用區,,,1100713,土地1建物1車位0,全,三層,透天厝,住家用,鋼筋混凝土造,1090904,172.23,4,2,4,有,無,8660000,50282,,0.0,0,,RPVNMLPKPHGGFAW47DA,162.69,0.0,9.54,無,
烈嶼鄉,土地,烈濱劃測段1138地號,1200.0,農,,,1100730,土地2建物0車位0,,,其他,,,,0.0,0,0,0,有,無,6300000,5250,,0.0,0,,RPPOMLMJQHGGFAW66DA,0.0,0.0,0.0,無,
金寧鄉,房地(土地+建物),金門縣金寧鄉下埔下１１８號,145.16,都市：其他:自然村專用區,,,1100730,土地1建物1車位0,全,三層,透天厝,住家用,鋼筋混凝土造,1100302,260.92,5,2,6,有,無,17000000,65154,,0.0,0,,RPTNMLOJQHGGFAW17DA,260.92,0.0,0.0,有,
烈嶼鄉,土地,龍骨山測段29地號,257.01,都市：其他:自然村專用區,,,1100729,土地1建物0車位0,,,其他,,,,0.0,0,0,0,有,無,4200000,16342,,0.0,0,,RPUNMLOJQHGGFAW27DA,0.0,0.0,0.0,無,023
金寧鄉,土地,后沙劃測段602-1地號,176.0,都市：其他:自然村專用區,,,1100731,土地2建物0車位0,,,其他,,,,0.0,0,0,0,有,無,2100000,11932,,0.0,0,,RPVNMLOJQHGGFAW37DA,0.0,0.0,0.0,無,024
金城鎮,房地(土地+建物),金門縣金城鎮西海路三段７２巷３弄１９號,87.5,農,,,1100702,土地1建物1車位0,全,二層,透天厝,住家用,鋼筋混凝土造,0840613,173.18,8,1,5,有,無,10800000,62363,,0.0,0,頂樓加蓋；,RPSNMLNJQHGGFAW96DA,170.53,2.65,0.0,無,025
金湖鎮,房地(土地+建物)+車位,金門縣金湖鎮市港五路１６１號一樓之２,12.59,住,,,1100714,土地1建物1車位2,一層,九層,華廈(10層含以下有電梯),住家用,鋼筋混凝土造,1091120,79.88,2,2,1,有,無,5350000,66975,坡道機械,14.56,0,預售屋、或土地及建物分件登記案件；,RPQNMLKLPHGGFAW56DA,48.06,0.0,0.0,有,
金城鎮,房地(土地+建物),金門縣金城鎮庵前９之５號,43.41,都市：其他:自然村專用區,,,1100717,土地1建物1車位0,一層,三層,公寓(5樓含以下無電梯),住家用,鋼筋混凝土造,1100604,83.85,3,2,2,有,無,6200000,73942,,0.0,0,,RPSNMLLLPHGGFAW86DA,76.64,0.0,0.0,無,
金寧鄉,房地(土地+建物),金門縣金寧鄉環島西路二段７０９巷２２８號四樓,45.22,都市：其他:自然村專用區,,,1100707,土地1建物1車位0,四層,五層,華廈(10層含以下有電梯),住家用,鋼筋混凝土造,1100430,96.0,3,2,2,有,無,5880000,61250,,0.0,0,,RPRNMLSJPHGGFAW27DA,73.55,0.0,8.22,有,
金城鎮,房地(土地+建物),金門縣金城鎮庵前９之６號二樓,47.96,都市：其他:自然村專用區,,,1100716,土地1建物1車位0,二層,三層,公寓(5樓含以下無電梯),住家用,鋼筋混凝土造,1100604,92.66,3,2,2,有,無,6150000,66372,,0.0,0,,RPVNMLLLPHGGFAW17DA,77.45,0.0,7.24,無,
金城鎮,房地(土地+建物),金門縣金城鎮庵前９之１號三樓,46.86,都市：其他:自然村專用區,,,1100714,土地1建物1車位0,三層,五層,華廈(10層含以下有電梯),住家用,鋼筋混凝土造,1100604,101.28,3,2,2,有,無,6800000,67141,,0.0,0,,RPWNMLPKPHGGFAW57DA,78.75,0.0,7.9,有,
金城鎮,房地(土地+建物),金門縣金城鎮庵前９之２號三樓,46.86,都市：其他:自然村專用區,,,1100714,土地1建物1車位0,三層,五層,華廈(10層含以下有電梯),住家用,鋼筋混凝土造,1100604,101.28,3,2,2,有,無,6800000,67141,,0.0,0,,RPXNMLPKPHGGFAW67DA,78.75,0.0,7.9,有,
金寧鄉,土地,寧湖一劃段587地號,1000.0,農,,,1100726,土地2建物0車位0,,,其他,,,,0.0,0,0,0,有,無,12000000,12000,,0.0,0,,RPRNMLRLPHGGFAW37DA,0.0,0.0,0.0,無,
金寧鄉,土地,西堡劃測段327地號,1500.04,農,,,1100726,土地1建物0車位0,,,其他,,,,0.0,0,0,0,有,無,6500000,4333,,0.0,0,,RPQNMLRLPHGGFAW27DA,0.0,0.0,0.0,無,
金湖鎮,房地(土地+建物),金門縣金湖鎮市港路１６２號三樓,22.13,住,,,1100729,土地1建物1車位0,三層,六層,華廈(10層含以下有電梯),住家用,鋼筋混凝土造,1070817,103.22,3,2,2,有,無,6800000,65879,,0.0,0,,RPQNMLTLPHGGFAW47DA,65.76,1.72,6.83,有,
金寧鄉,房地(土地+建物),金門縣金寧鄉東堡１３之２號二樓,39.89,都市：其他:自然村專用區,,,1100729,土地1建物1車位0,二層,三層,公寓(5樓含以下無電梯),住家用,鋼筋混凝土造,1060110,73.22,2,1,2,有,無,4250000,58044,,0.0,0,含傢俱設備費；,RPVNMLTLPHGGFAW97DA,60.77,0.0,6.24,無,
金寧鄉,房地(土地+建物)+車位,金門縣金寧鄉頂堡５之１１號五樓,50.98,都市：其他:自然村專用區,,,1100723,土地1建物1車位1,五層,六層,華廈(10層含以下有電梯),住家用,鋼筋混凝土造,1100209,154.81,3,2,2,有,無,7600000,49621,坡道平面,13.74,600000,,RPTNMLNJQHGGFAW07DA,84.14,0.0,9.32,有,
金城鎮,房地(土地+建物),金門縣金城鎮金門城２０６號二樓,42.02,都市：其他:自然村專用區,,,1100703,土地1建物1車位0,二層,五層,華廈(10層含以下有電梯),住家用,鋼筋混凝土造,1080424,93.63000000000001,3,2,2,有,有,5900000,63014,,0.0,0,含裝潢費；含傢俱設備費；,RPQNMLPJPHGGFAW86DA,70.22,0.0,10.9,有,026
金沙鎮,土地,沙宅劃段235地號,1130.79,農,,,1100721,土地1建物0車位0,,,其他,,,,0.0,0,0,0,有,無,4200000,3714,,0.0,0,親友、員工、共有人或其他特殊關係間之交易；,RPQOMLMJQHGGFAW76DA,0.0,0.0,0.0,無,
金湖鎮,房地(土地+建物),金門縣金湖鎮料羅新村６０號,143.93,都市：其他:自然村專用區,,,1100708,土地1建物1車位0,全,二層,透天厝,住家用,鋼筋混凝土造,0860910,181.74,4,2,3,有,無,9800000,53923,,0.0,0,其他增建；,RPPNMLSJPHGGFAW07DA,171.59,0.0,10.15,無,
金寧鄉,土地,寧湖一劃段9-15地號,215.01,都市：其他:保護區,,,1100708,土地3建物0車位0,,,其他,,,,0.0,0,0,0,有,無,1500000,6976,,0.0,0,,RPRNMLTKPHGGFAW47DA,0.0,0.0,0.0,無,
金城鎮,房地(土地+建物),金門縣金城鎮庵前９之１號四樓,46.86,都市：其他:自然村專用區,,,1100715,土地1建物1車位0,四層,五層,華廈(10層含以下有電梯),住家用,鋼筋混凝土造,1100604,101.28,3,2,2,有,無,6800000,67141,,0.0,0,,RPOOMLPKPHGGFAW86DA,78.75,0.0,7.9,有,
金城鎮,房地(土地+建物),金門縣金城鎮庵前９之６號,43.84,都市：其他:自然村專用區,,,1100715,土地1建物1車位0,一層,三層,公寓(5樓含以下無電梯),住家用,鋼筋混凝土造,1100604,84.73,3,2,2,有,無,6150000,72584,,0.0,0,,RPTNMLPKPHGGFAW27DA,77.45,0.0,0.0,無,
金寧鄉,土地,寧劃段1010地號,490.62,農,,,1100726,土地1建物0車位0,,,其他,,,,0.0,0,0,0,有,無,640000,1304,,0.0,0,,RPSNMLLKQHGGFAW86DA,0.0,0.0,0.0,無,
金湖鎮,土地,瓊林段384地號,549.51,都市：其他:國家公園區,,,1100729,土地1建物0車位0,,,其他,,,,0.0,0,0,0,有,無,1600000,2912,,0.0,0,,RPTNMLLKQHGGFAW96DA,0.0,0.0,0.0,無,027
金沙鎮,土地,北八劃段202地號,1000.0,農,,,1100714,土地1建物0車位0,,,其他,,,,0.0,0,0,0,有,無,5250000,5250,,0.0,0,,RPVNMLOKPHGGFAW37DA,0.0,0.0,0.0,無,028
金城鎮,房地(土地+建物),金門縣金城鎮庵前９之３號,48.09,都市：其他:自然村專用區,,,1100715,土地1建物1車位0,一層,三層,公寓(5樓含以下無電梯),住家用,鋼筋混凝土造,1100604,92.87,3,2,2,有,無,6800000,73221,,0.0,0,,RPQOMLPKPHGGFAW07DA,79.34,0.0,0.0,無,
金寧鄉,土地,寧湖一劃段9-11地號,32.41,都市：其他:保護區,,,1100707,土地2建物0車位0,,,其他,,,,0.0,0,0,0,有,無,300000,9256,,0.0,0,,RPQNMLTKPHGGFAW37DA,0.0,0.0,0.0,無,
金城鎮,房地(土地+建物),金門縣金城鎮庵前９之３號二樓,53.46,都市：其他:自然村專用區,,,1100716,土地1建物1車位0,二層,三層,公寓(5樓含以下無電梯),住家用,鋼筋混凝土造,1100604,103.28999999999999,3,2,2,有,無,6800000,65834,,0.0,0,,RPQNMLLLPHGGFAW66DA,79.34,0.0,8.91,無,
金城鎮,房地(土地+建物),金門縣金城鎮庵前９之２號,46.86,都市：其他:自然村專用區,,,1100717,土地1建物1車位0,一層,五層,華廈(10層含以下有電梯),住家用,鋼筋混凝土造,1100604,93.38,3,2,2,有,無,6900000,73892,,0.0,0,,RPXNMLLLPHGGFAW37DA,78.75,0.0,0.0,有,
金城鎮,房地(土地+建物),金門縣金城鎮庵前９之２號二樓,46.86,都市：其他:自然村專用區,,,1100720,土地1建物1車位0,二層,五層,華廈(10層含以下有電梯),住家用,鋼筋混凝土造,1100604,101.28,3,2,2,有,無,6800000,67141,,0.0,0,,RPOOMLLLPHGGFAW56DA,78.75,0.0,7.9,有,
金寧鄉,房地(土地+建物),金門縣金寧鄉昔果山５７之３號二樓,48.47,都市：其他:自然村專用區,,,1100707,土地1建物1車位0,二層,三層,公寓(5樓含以下無電梯),住家用,鋼筋混凝土造,1021025,83.22999999999999,2,2,1,有,無,4600000,55269,,0.0,0,,RPRNMLOKPHGGFAW96DA,68.16,0.0,9.75,無,
金寧鄉,土地,東洲段1099地號,286.81,住,,,1100730,土地1建物0車位0,,,其他,,,,0.0,0,0,0,有,無,1200000,4184,,0.0,0,,RPRNMLTJQHGGFAW57EA,0.0,0.0,0.0,無,
金寧鄉,房地(土地+建物)+車位,金門縣金寧鄉湖下１４２之６號二樓,72.91,都市：其他:自然村專用區,,,1100728,土地1建物1車位1,二層,三層,公寓(5樓含以下無電梯),住家用,鋼筋混凝土造,1041222,160.89,3,1,2,有,無,5900000,36671,坡道平面,27.98,0,,RPRNMLLKQHGGFAW76DA,94.79,0.0,8.46,無,
金城鎮,土地,燕南山段1410地號,237.71,,,,1100726,土地1建物0車位0,,,其他,,,,0.0,0,0,0,有,無,522962,2200,,0.0,0,包含公共設施保留地用地；,RPPOMLLKQHGGFAW66DA,0.0,0.0,0.0,無,
金城鎮,土地,燕南山段1411-2地號,87.86,,,,1100726,土地1建物0車位0,,,其他,,,,0.0,0,0,0,有,無,175720,2000,,0.0,0,包含公共設施保留地用地；,RPQOMLLKQHGGFAW76DA,0.0,0.0,0.0,無,
金城鎮,土地,珠山段95地號,118.13,,,,1100726,土地1建物0車位0,,,其他,,,,0.0,0,0,0,有,無,236260,2000,,0.0,0,包含公共設施保留地用地；,RPROMLLKQHGGFAW86DA,0.0,0.0,0.0,無,
金城鎮,房地(土地+建物),金門縣金城鎮庵前９之２號四樓,46.86,都市：其他:自然村專用區,,,1100717,土地1建物1車位0,四層,五層,華廈(10層含以下有電梯),住家用,鋼筋混凝土造,1100604,101.28,3,2,2,有,無,6800000,67141,,0.0,0,,RPPOMLLLPHGGFAW66DA,78.75,0.0,7.9,有,
金城鎮,房地(土地+建物),金門縣金城鎮庵前９之３號三樓,53.46,都市：其他:自然村專用區,,,1100716,土地1建物1車位0,三層,三層,公寓(5樓含以下無電梯),住家用,鋼筋混凝土造,1100604,103.28999999999999,3,2,2,有,無,6890000,66705,,0.0,0,,RPRNMLLLPHGGFAW76DA,79.34,0.0,8.91,無,
金城鎮,土地,古崗段233-1地號,184.48,,,,1100726,土地1建物0車位0,,,其他,,,,0.0,0,0,0,有,無,368960,2000,,0.0,0,包含公共設施保留地用地；,RPUNMLLKQHGGFAW07DA,0.0,0.0,0.0,無,
金城鎮,土地,古崗段131地號,369.12,,,,1100726,土地1建物0車位0,,,其他,,,,0.0,0,0,0,有,無,812064,2200,,0.0,0,包含公共設施保留地用地；,RPPNMLLKQHGGFAW56DA,0.0,0.0,0.0,無,
金城鎮,土地,金城劃段264地號,1000.0,農,,,1100723,土地1建物0車位0,,,其他,,,,0.0,0,0,0,有,無,9000000,9000,,0.0,0,,RPQNMLOJQHGGFAW86DA,0.0,0.0,0.0,無,
金寧鄉,房地(土地+建物),金門縣金寧鄉湖下３８０之１６號三樓,133.5,都市：其他:自然村專用區,,,1100724,土地2建物6車位0,三層,四層,華廈(10層含以下有電梯),住家用,鋼筋混凝土造,1090612,308.85,2,1,1,有,有,19800000,64109,,0.0,0,合迪公司債權協商中尚未確認，契稅由買方支付，土地9900000元，建物9900000元受債權債務關係影響或債務抵償；預售屋、或土地及建物分件登記案件；,RPSNMLTLPHGGFAW67DA,231.43,0.0,10.02,有,
金城鎮,房地(土地+建物),金門縣金城鎮庵前９之５號三樓,47.52,都市：其他:自然村專用區,,,1100715,土地1建物1車位0,三層,三層,公寓(5樓含以下無電梯),住家用,鋼筋混凝土造,1100604,91.77,3,2,2,有,無,6200000,67560,,0.0,0,,RPTNMLRLPHGGFAW57DA,76.64,0.0,7.24,無,
金城鎮,房地(土地+建物),金門縣金城鎮庵前９之１號五樓,46.86,都市：其他:自然村專用區,,,1100723,土地1建物1車位0,五層,五層,華廈(10層含以下有電梯),住家用,鋼筋混凝土造,1100604,101.28,3,2,2,有,無,6800000,67141,,0.0,0,,RPQNMLNLPHGGFAW86DA,78.75,0.0,7.9,有,
金城鎮,房地(土地+建物),金門縣金城鎮庵前９之２號五樓,46.86,都市：其他:自然村專用區,,,1100723,土地1建物1車位0,五層,五層,華廈(10層含以下有電梯),住家用,鋼筋混凝土造,1100604,101.28,3,2,2,有,無,6800000,67141,,0.0,0,,RPRNMLNLPHGGFAW96DA,78.75,0.0,7.9,有,
金城鎮,房地(土地+建物),金門縣金城鎮庵前９之５號二樓,47.52,都市：其他:自然村專用區,,,1100715,土地1建物1車位0,二層,三層,公寓(5樓含以下無電梯),住家用,鋼筋混凝土造,1100604,91.77,3,2,2,有,無,6150000,67015,,0.0,0,,RPTNMLLLPHGGFAW96DA,76.64,0.0,7.24,無,
金寧鄉,房地(土地+建物),金門縣金寧鄉安岐４２之５號三樓,43.42,都市：其他:自然村專用區,,,1100728,土地1建物1車位0,三層,三層,公寓(5樓含以下無電梯),住家用,鋼筋混凝土造,1100415,79.91,3,2,2,有,無,4180000,52309,,0.0,0,,RPPNMLPLQHGGFAW07DA,61.72,0.0,9.94,無,
金城鎮,土地,古崗段173地號,21.2,,,,1100726,土地1建物0車位0,,,其他,,,,0.0,0,0,0,有,無,42400,2000,,0.0,0,包含公共設施保留地用地；,RPVNMLLKQHGGFAW17DA,0.0,0.0,0.0,無,
金城鎮,土地,古崗段230-1地號,259.73,,,,1100726,土地1建物0車位0,,,其他,,,,0.0,0,0,0,有,無,519460,2000,,0.0,0,包含公共設施保留地用地；,RPWNMLLKQHGGFAW27DA,0.0,0.0,0.0,無,
金寧鄉,土地,青山段1104地號,912.68,農,,,1100702,土地1建物0車位0,,,其他,,,,0.0,0,0,0,有,無,2000000,2191,,0.0,0,,RPRNMLMJQHGGFAW76DA,0.0,0.0,0.0,無,
金城鎮,房地(土地+建物),金門縣金城鎮庵前９之１號,46.86,都市：其他:自然村專用區,,,1100722,土地1建物1車位0,一層,五層,華廈(10層含以下有電梯),住家用,鋼筋混凝土造,1100604,93.38,3,2,2,有,無,6800000,72821,,0.0,0,,RPTNMLMLPHGGFAW07DA,78.75,0.0,0.0,有,
金城鎮,土地,庵前劃測段821地號,763.33,農,,,1100730,土地1建物0車位0,,,其他,,,,0.0,0,0,0,有,無,5200000,6812,,0.0,0,,RPRNMLSKQHGGFAW47DA,0.0,0.0,0.0,無,
金寧鄉,土地,埔邊村測段42-4地號,254.68,都市：其他:自然村專用區,,,1100702,土地3建物0車位0,,,其他,,,,0.0,0,0,0,有,無,20000000,78530,,0.0,0,,RPPNMLMJQHGGFAW56DA,0.0,0.0,0.0,無,
金寧鄉,房地(土地+建物),金門縣金寧鄉西山５５號三樓,51.25,都市：其他:農業區,,,1100729,土地2建物1車位0,三層,四層,華廈(10層含以下有電梯),住家用,鋼筋混凝土造,1100319,115.3,3,2,2,有,無,6100000,52905,,0.0,0,,RPQNMLKMPHGGFAW66DA,81.27,0.0,6.8,有,
金沙鎮,土地,官嶼劃段48-2地號,21.0,都市：其他:自然村專用區,,,1100729,土地1建物0車位0,,,其他,,,,0.0,0,0,0,有,無,115885,5518,,0.0,0,地清或未辦繼承標售；,RPPNMLNJRHGGFAW86EA,0.0,0.0,0.0,無,
金寧鄉,土地,北二三劃測段135地號,463.59,都市：其他:自然村專用區,,,1100702,土地3建物0車位0,,,其他,,,,0.0,0,0,0,有,無,25000000,53927,,0.0,0,包含公共設施保留地用地；,RPQNMLMJQHGGFAW66DA,0.0,0.0,0.0,無,029
金湖鎮,房地(土地+建物),金門縣金湖鎮市港五路１５８之１號４樓,8.2,商,,,1100708,土地1建物1車位0,四層,十層,華廈(10層含以下有電梯),商業用,鋼筋混凝土造,1090408,57.67,1,1,1,有,無,4580000,79417,,0.0,0,,RPRNMLQJRHGGFAW37EA,31.71,1.11,4.91,有,
金湖鎮,房地(土地+建物),金門縣金湖鎮市港五路１６８之１號５樓,7.6,商,,,1100715,土地1建物1車位0,五層,十層,華廈(10層含以下有電梯),商業用,鋼筋混凝土造,1090408,53.78,1,1,1,有,無,4860000,90368,,0.0,0,,RPSNMLQJRHGGFAW47EA,29.22,1.25,4.81,有,
金城鎮,房地(土地+建物),金門縣金城鎮庵前９之６號三樓,47.96,都市：其他:自然村專用區,,,1100717,土地1建物1車位0,三層,三層,公寓(5樓含以下無電梯),住家用,鋼筋混凝土造,1100604,92.66,3,2,2,有,無,6150000,66372,,0.0,0,,RPWNMLLLPHGGFAW27DA,77.45,0.0,7.24,無,
金城鎮,房地(土地+建物),金門縣金城鎮庵前９之１號二樓,46.86,都市：其他:自然村專用區,,,1100715,土地1建物1車位0,二層,五層,華廈(10層含以下有電梯),住家用,鋼筋混凝土造,1100604,101.28,3,2,2,有,無,6800000,67141,,0.0,0,,RPQOMLLLPHGGFAW76DA,78.75,0.0,7.9,有,
金湖鎮,房地(土地+建物)+車位,金門縣金湖鎮市港五路１６３號八樓之１,19.06,住,,,1100729,土地1建物1車位2,八層,九層,華廈(10層含以下有電梯),住家用,鋼筋混凝土造,1091120,113.18,3,2,1,有,無,7400000,65383,坡道機械,14.56,0,預售屋、或土地及建物分件登記案件；,RPOOMLQJQHGGFAW96DA,60.33,3.02,9.15,有,
金湖鎮,房地(土地+建物),金門縣金湖鎮市港五路１６１號七樓之１,19.54,住,,,1100727,土地1建物1車位0,七層,九層,華廈(10層含以下有電梯),住家用,鋼筋混凝土造,1091120,101.27000000000001,3,2,1,有,無,6430000,63494,,0.0,0,預售屋、或土地及建物分件登記案件；,RPUNMLQJQHGGFAW47DA,60.52,5.0,8.91,有,
金寧鄉,房地(土地+建物),金門縣金寧鄉下后垵１２號二樓,65.12,都市：其他:自然村專用區,,,1100731,土地1建物1車位0,二層,三層,公寓(5樓含以下無電梯),住家用,鋼筋混凝土造,1010104,113.33000000000001,4,1,2,有,無,6500000,57355,,0.0,0,親友、員工、共有人或其他特殊關係間之交易；,RPQNMLTJRHGGFAW47DA,92.09,0.0,8.59,無,
金寧鄉,土地,大園段700地號,755.01,都市：其他:國家公園區,,,1100604,土地1建物0車位0,,,其他,,,,0.0,0,0,0,有,無,913560,1210,,0.0,0,,RPRNMLTJOHGGFAW37EA,0.0,0.0,0.0,無,
金寧鄉,土地,煙墩段326地號,1117.39,都市：其他:保護區,,,1100611,土地3建物0車位0,,,其他,,,,0.0,0,0,0,有,無,3910000,3499,,0.0,0,,RPPNMLLKOHGGFAW98DA,0.0,0.0,0.0,無,
金寧鄉,房地(土地+建物),安岐２３６號２樓,51.0,都市：其他:自然村專用區,,,1100607,土地1建物1車位0,二層,五層,華廈(10層含以下有電梯),住家用,鋼筋混凝土造,1100118,108.38,3,2,2,有,無,5500000,50747,,0.0,0,,RPTNMLRJOHGGFAW27DA,79.4,0.0,8.52,有,
金寧鄉,土地,寧湖一劃段257-9地號,84.67,農,,,1100611,土地1建物0車位0,,,其他,,,,0.0,0,0,0,有,無,5000000,59053,,0.0,0,,RPPNMLRKOHGGFAW96DA,0.0,0.0,0.0,無,030
金寧鄉,房地(土地+建物),下堡１２２號二樓之１,43.62,都市：其他:自然村專用區,,,1100604,土地1建物1車位0,二層,五層,華廈(10層含以下有電梯),住家用,鋼筋混凝土造,1100203,96.4,3,2,2,有,無,5600000,58091,,0.0,0,,RPPNMLRJOHGGFAW86DA,71.39,0.0,6.75,有,
金湖鎮,房地(土地+建物),林兜２３號三樓,26.79,都市：其他:自然村專用區,,,1100619,土地1建物1車位0,三層,三層,公寓(5樓含以下無電梯),住家用,鋼筋混凝土造,1040716,60.68,1,1,1,有,無,3500000,57680,,0.0,0,土地：新台幣255萬5000元整，建物：新台幣94萬5000元整,RPPNMLKLOHGGFAW98DA,43.47,3.52,4.44,無,
金城鎮,土地,古坵段765地號,544.5,農,,,1100611,土地2建物0車位0,,,其他,,,,0.0,0,0,0,有,無,500000,918,,0.0,0,,RPQNMLPKOHGGFAW86DA,0.0,0.0,0.0,無,015
金寧鄉,房地(土地+建物),安岐２３１號三樓,66.87,都市：其他:自然村專用區,,,1100617,土地2建物1車位0,三層,三層,公寓(5樓含以下無電梯),住家用,鋼筋混凝土造,1060525,97.56,3,2,2,有,無,6000000,61501,,0.0,0,,RPPNMLSKOHGGFAW07DA,80.73,0.0,10.02,無,032
金寧鄉,房地(土地+建物),下堡１２１號二樓之２,43.62,都市：其他:自然村專用區,,,1100618,土地1建物1車位0,二層,五層,華廈(10層含以下有電梯),住家用,鋼筋混凝土造,1100203,96.4,3,2,2,有,有,5600000,58091,,0.0,0,,RPPNMLOLOHGGFAW76DA,71.39,0.0,6.75,有,
烈嶼鄉,土地,陵水湖測段924地號,1098.57,農,,,1100611,土地2建物0車位0,,,其他,,,,0.0,0,0,0,有,無,2536620,2309,,0.0,0,,RPVNMLOLOHGGFAW37DA,0.0,0.0,0.0,無,
金寧鄉,房地(土地+建物),頂埔下２９號三樓之９,16.87,都市：其他:自然村專用區,,,1100622,土地1建物1車位0,三層,三層,公寓(5樓含以下無電梯),住家用,鋼筋混凝土造,1050126,34.77,1,1,1,有,無,2050000,58959,,0.0,0,,RPSNMLPLOHGGFAW17DA,22.46,0.0,3.46,無,033
金城鎮,土地,莒光樓段375地號,549.0,農,,,1100611,土地1建物0車位0,,,其他,,,,0.0,0,0,0,有,無,2000000,3643,,0.0,0,,RPOOMLOLOHGGFAW76DA,0.0,0.0,0.0,無,034
金湖鎮,土地,北五劃段434-6地號,661.88,都市：其他:國家公園區,,,1100611,土地2建物0車位0,,,其他,,,,0.0,0,0,0,有,無,3000000,4533,,0.0,0,,RPPNMLMKOHGGFAW09DA,0.0,0.0,0.0,無,035
烈嶼鄉,土地,烈新段73地號,271.57,商,,,1100622,土地1建物0車位0,,,其他,,,,0.0,0,0,0,有,無,11000000,40505,,0.0,0,,RPXNMLOLOHGGFAW67EA,0.0,0.0,0.0,無,
金湖鎮,土地,夏興段282地號,1213.39,都市：其他:保護區,,,1100616,土地3建物0車位0,,,其他,,,,0.0,0,0,0,有,無,2400000,1978,,0.0,0,,RPPNMLPLOHGGFAW86DA,0.0,0.0,0.0,無,
金寧鄉,土地,中三劃測段472地號,527.0,農,,,1100623,土地1建物0車位0,,,其他,,,,0.0,0,0,0,有,無,7000000,13283,,0.0,0,,RPVNMLPLOHGGFAW47DA,0.0,0.0,0.0,無,036
金湖鎮,土地,中六劃段189-4地號,560.0,農,,,1100625,土地2建物0車位0,,,其他,,,,0.0,0,0,0,有,無,4500000,8036,,0.0,0,,RPPNMLSLOHGGFAW17DA,0.0,0.0,0.0,無,009
金湖鎮,房地(土地+建物)+車位,金門縣金湖鎮市港三路２２５號８樓之５,11.43,住,,,1100616,土地1建物1車位1,八層,八層,華廈(10層含以下有電梯),住家用,鋼筋混凝土造,1041125,94.44,1,2,1,有,有,5350000,74146,坡道平面,32.4,750000,,RPUNMLOLOHGGFAW27DA,33.48,2.39,3.81,有,
金湖鎮,土地,中六劃段153-1地號,1364.92,農,,,1100621,土地3建物0車位0,,,其他,,,,0.0,0,0,0,有,無,9000000,6594,,0.0,0,,RPPNMLKMOHGGFAW09DA,0.0,0.0,0.0,無,
金寧鄉,土地,后湖段101地號,587.24,農,,,1100630,土地1建物0車位0,,,其他,,,,0.0,0,0,0,有,無,5800000,9877,,0.0,0,,RPPNMLLJPHGGFAW98DA,0.0,0.0,0.0,無,
金寧鄉,房地(土地+建物),金門縣金寧鄉湖下３８０之１７號二樓,26.7,都市：其他:自然村專用區,,,1100617,土地2建物1車位0,二層,四層,華廈(10層含以下有電梯),住家用,鋼筋混凝土造,1090612,62.45,2,1,1,有,無,4500000,72058,,0.0,0,土地2475000元，建物2205000元預售屋、或土地及建物分件登記案件；,RPQNMLMLOHGGFAW66DA,46.73,0.0,2.24,有,
金城鎮,房地(土地+建物),金門縣金城鎮小西門５之１號,44.18,都市：其他:自然村專用區,,,1100622,土地1建物2車位0,一層,三層,公寓(5樓含以下無電梯),住家用,鋼筋混凝土造,1090623,83.75,3,2,3,有,無,5200000,62090,,0.0,0,,RPRNMLMLOHGGFAW76DA,73.13,0.0,0.0,無,
金寧鄉,土地,后沙劃測段244地號,1400.0,農,,,1100615,土地1建物0車位0,,,其他,,,,0.0,0,0,0,有,無,6416688,4583,,0.0,0,,RPVNMLSLOHGGFAW77DA,0.0,0.0,0.0,無,
金沙鎮,土地,蔡厝劃測段571地號,1261.38,農,,,1100622,土地2建物0車位0,,,其他,,,,0.0,0,0,0,有,無,3000000,2378,,0.0,0,,RPPNMLMJPHGGFAW09DA,0.0,0.0,0.0,無,
金湖鎮,土地,陳坑段752地號,157.0,都市：其他:自然村專用區,,,1100628,土地1建物0車位0,,,其他,,,,0.0,0,0,0,有,無,2360000,15032,,0.0,0,,RPUNMLKMOHGGFAW96DA,0.0,0.0,0.0,無,
金寧鄉,房地(土地+建物)+車位,金門縣金寧鄉頂堡５之１２號四樓,50.98,都市：其他:自然村專用區,,,1100620,土地1建物1車位1,四層,六層,華廈(10層含以下有電梯),住家用,鋼筋混凝土造,1100209,155.65,3,2,2,有,無,7800000,50736,坡道平面,13.74,600000,,RPSNMLMLOHGGFAW86DA,84.98,0.0,9.32,有,
金湖鎮,房地(土地+建物)+車位,金門縣金湖鎮環島南路五段１６５巷３弄１８號,115.96,都市：其他:自然村專用區,,,1100621,土地1建物1車位1,全,三層,透天厝,住家用,鋼筋混凝土造,1070514,262.82,5,2,4,有,有,11700000,44517,坡道平面,0.0,700000,,RPPNMLNLOHGGFAW66DA,182.25,0.0,4.9,無,
金寧鄉,房地(土地+建物),金門縣金寧鄉西山５０號二樓,50.85,都市：其他:農業區,,,1100621,土地2建物1車位0,二層,五層,華廈(10層含以下有電梯),住家用,鋼筋混凝土造,1100319,113.05000000000001,3,2,2,有,無,5850000,51747,,0.0,0,,RPSNMLLLOHGGFAW76DA,81.26,0.0,5.89,有,
烈嶼鄉,土地,西方劃測段238地號,500.0,農,,,1100623,土地1建物0車位0,,,其他,,,,0.0,0,0,0,有,無,2600000,5200,,0.0,0,,RPWNMLOLOHGGFAW47DA,0.0,0.0,0.0,無,038
金湖鎮,土地,尚義段313地號,462.46,農,,,1100608,土地1建物0車位0,,,其他,,,,0.0,0,0,0,有,無,1480000,3200,,0.0,0,親友、員工、共有人或其他特殊關係間之交易；,RPTNMLSLOHGGFAW57DA,0.0,0.0,0.0,無,
金寧鄉,土地,寧安五劃段124地號,1600.0,都市：其他:國家公園區,,,1100618,土地4建物0車位0,,,其他,,,,0.0,0,0,0,有,無,2388000,1493,,0.0,0,,RPRNMLQJPHGGFAW07DA,0.0,0.0,0.0,無,039
金湖鎮,房地(土地+建物),金門縣金湖鎮市港一路２６５號三樓,21.22,都市：其他:自然村專用區,,,1100610,土地1建物1車位0,三層,三層,華廈(10層含以下有電梯),住家用,鋼筋混凝土造,1040429,50.18,2,1,1,有,有,3500000,69749,,0.0,0,,RPSNMLQJPHGGFAW17DA,34.51,3.53,0.0,有,040
金寧鄉,土地,后盤山段222地號,1107.37,農,,,1100622,土地1建物0車位0,,,其他,,,,0.0,0,0,0,有,無,12000000,10836,,0.0,0,,RPTNMLQJPHGGFAW37EA,0.0,0.0,0.0,無,
金湖鎮,房地(土地+建物),金門縣金湖鎮山外７之３號,75.0,都市：其他:自然村專用區,,,1100619,土地1建物1車位0,全,二層,透天厝,住商用,鋼筋混凝土造,0670815,96.8,2,1,2,有,無,7000000,72314,,0.0,0,,RPSNMLKMOHGGFAW76DA,96.8,0.0,0.0,無,
金寧鄉,土地,寧安四劃段610地號,707.0,農,,,1100628,土地1建物0車位0,,,其他,,,,0.0,0,0,0,有,無,2800000,3960,,0.0,0,,RPPNMLTLOHGGFAW27DA,0.0,0.0,0.0,無,
金沙鎮,土地,蔡厝劃測段329地號,762.56,農,,,1100628,土地1建物0車位0,,,其他,,,,0.0,0,0,0,有,無,3500000,4590,,0.0,0,,RPQNMLTLOHGGFAW37DA,0.0,0.0,0.0,無,041
金寧鄉,房地(土地+建物),金門縣金寧鄉湖下２１１－９號,31.85,都市：其他:自然村專用區,,,1100625,土地1建物1車位0,一層,五層,華廈(10層含以下有電梯),住家用,鋼筋混凝土造,1091223,71.28,2,2,1,有,有,5210000,73092,,0.0,0,,RPTNMLMKPHGGFAW07EA,57.82,0.0,0.0,有,
金寧鄉,房地(土地+建物),金門縣金寧鄉湖下２１１－１０號五樓,32.17,都市：其他:自然村專用區,,,1100615,土地1建物1車位0,五層,五層,華廈(10層含以下有電梯),住家用,鋼筋混凝土造,1091223,77.63,2,2,1,有,有,5400000,69561,,0.0,0,,RPUNMLMKPHGGFAW17EA,58.41,0.0,5.62,有,
金寧鄉,房地(土地+建物),金門縣金寧鄉埔後４０之１０號三樓,58.96,都市：其他:自然村專用區,,,1100626,土地3建物1車位0,三層,三層,公寓(5樓含以下無電梯),住家用,鋼筋混凝土造,1021008,84.02,3,2,2,有,無,6850000,81528,,0.0,0,,RPSNMLMKPHGGFAW86DA,74.76,0.0,3.02,無,042
金湖鎮,土地,北五劃段341地號,1487.07,都市：其他:國家公園區,,,1100626,土地2建物0車位0,,,其他,,,,0.0,0,0,0,有,無,4700000,3161,,0.0,0,,RPPNMLLKPHGGFAW09DA,0.0,0.0,0.0,無,
金湖鎮,土地,北五劃段599地號,987.0,都市：其他:國家公園區,,,1100625,土地2建物0車位0,,,其他,,,,0.0,0,0,0,有,無,6950000,7042,,0.0,0,,RPQNMLLKPHGGFAW56DA,0.0,0.0,0.0,無,
金湖鎮,房地(土地+建物),金門縣金湖鎮湖前３０５號,59.8,都市：其他:自然村專用區,,,1100624,土地2建物1車位0,全,三層,透天厝,住家用,鋼筋混凝土造,1021011,143.68,5,1,4,有,無,8660000,60273,,0.0,0,含裝潢費；含傢俱設備費；,RPVNMLKMOHGGFAW07DA,133.21,4.8,5.67,無,043
金寧鄉,土地,長寮段815地號,741.2,農,,,1100628,土地1建物0車位0,,,其他,,,,0.0,0,0,0,有,無,4958400,6690,,0.0,0,,RPPOMLLJPHGGFAW09DA,0.0,0.0,0.0,無,
金寧鄉,土地,長寮段856地號,1052.71,農,,,1100628,土地1建物0車位0,,,其他,,,,0.0,0,0,0,有,無,7041600,6689,,0.0,0,,RPQOMLLJPHGGFAW56DA,0.0,0.0,0.0,無,
金寧鄉,土地,東洲段28地號,797.64,農,,,1100623,土地1建物0車位0,,,其他,,,,0.0,0,0,0,有,無,2730000,3423,,0.0,0,,RPQNMLPKPHGGFAW96DA,0.0,0.0,0.0,無,044
金寧鄉,土地,東洲段28-1地號,78.49,農,,,1100623,土地1建物0車位0,,,其他,,,,0.0,0,0,0,有,無,270000,3440,,0.0,0,,SPQNMLPKPHGGFAW07DA,0.0,0.0,0.0,無,
烈嶼鄉,土地,烈新段20地號,351.12,住,,,1100629,土地2建物0車位0,,,其他,,,,0.0,0,0,0,有,無,17550000,49983,,0.0,0,,RPQNMLQKPHGGFAW07DA,0.0,0.0,0.0,無,045
金寧鄉,房地(土地+建物),金門縣金寧鄉環島西路二段７０９巷２３０號,45.22,都市：其他:自然村專用區,,,1100623,土地1建物1車位0,一層,五層,華廈(10層含以下有電梯),住家用,鋼筋混凝土造,1100430,88.92,3,2,2,有,無,5500000,61853,,0.0,0,,RPQNMLSJPHGGFAW17DA,74.69,0.0,0.0,有,
金寧鄉,房地(土地+建物),金門縣金寧鄉西山５１號三樓,35.21,都市：其他:農業區,,,1100615,土地2建物1車位0,三層,五層,華廈(10層含以下有電梯),住家用,鋼筋混凝土造,1100319,77.53,2,2,2,有,無,4000000,51593,,0.0,0,,RPRNMLPKOHGGFAW96DA,53.54,0.0,6.06,有,
金城鎮,土地,延平段885地號,724.65,農,,,1100625,土地1建物0車位0,,,其他,,,,0.0,0,0,0,有,無,6150000,8487,,0.0,0,,RPSNMLTLOHGGFAW57DA,0.0,0.0,0.0,無,
金城鎮,土地,北一段26地號,1000.49,農,,,1100626,土地1建物0車位0,,,其他,,,,0.0,0,0,0,有,無,10000000,9995,,0.0,0,,RPTNMLKLPHGGFAW96EA,0.0,0.0,0.0,無,
金城鎮,土地,北一段25地號,1000.49,農,,,1100626,土地1建物0車位0,,,其他,,,,0.0,0,0,0,有,無,10000000,9995,,0.0,0,,RPUNMLKLPHGGFAW07EA,0.0,0.0,0.0,無,
金寧鄉,土地,安岐村測段224地號,379.07,都市：其他:自然村專用區,,,1100612,土地1建物0車位0,,,其他,,,,0.0,0,0,0,有,無,7000000,18466,,0.0,0,,RPQNMLSKOHGGFAW17DA,0.0,0.0,0.0,無,
金寧鄉,房地(土地+建物),金門縣金寧鄉安岐４２之５號二樓,43.42,都市：其他:自然村專用區,,,1100616,土地1建物1車位0,二層,三層,公寓(5樓含以下無電梯),住家用,鋼筋混凝土造,1100415,79.91,3,2,2,有,無,4180000,52309,,0.0,0,,RPVNMLTKPHGGFAW87DA,61.72,0.0,9.94,無,
金湖鎮,房地(土地+建物),金門縣金湖鎮市港三路１３５之１號三樓,13.83,住,,,1100612,土地1建物1車位0,三層,七層,華廈(10層含以下有電梯),住家用,鋼筋混凝土造,1050617,72.38,2,1,1,有,無,3980000,54988,,0.0,0,預售屋、或土地及建物分件登記案件；,RPRNMLOLOHGGFAW96DA,41.78,3.44,6.76,有,
金湖鎮,房地(土地+建物),金門縣金湖鎮市港五路１６１號二樓之１,18.58,住,,,1100614,土地1建物1車位0,二層,九層,華廈(10層含以下有電梯),住家用,鋼筋混凝土造,1091120,96.17999999999999,3,2,1,有,無,6000000,62383,,0.0,0,預售屋、或土地及建物分件登記案件；,RPTNMLOLOHGGFAW17DA,60.52,0.0,10.17,有,
金寧鄉,房地(土地+建物),金門縣金寧鄉環島西路二段７０９巷２３２號四樓,45.22,都市：其他:自然村專用區,,,1100625,土地1建物1車位0,四層,五層,華廈(10層含以下有電梯),住家用,鋼筋混凝土造,1100430,96.95,3,2,2,有,無,5300000,54667,,0.0,0,,RPQNMLLJPHGGFAW09DA,75.47,0.0,7.25,有,
金寧鄉,房地(土地+建物),金門縣金寧鄉環島西路二段７０９巷２３２號三樓,45.22,都市：其他:自然村專用區,,,1100624,土地1建物1車位0,三層,五層,華廈(10層含以下有電梯),住家用,鋼筋混凝土造,1100430,96.95,3,2,2,有,無,5300000,54667,,0.0,0,,RPSNMLLJPHGGFAW66DA,75.47,0.0,7.25,有,
金寧鄉,房地(土地+建物),金門縣金寧鄉環島西路二段７０９巷２３２號二樓,45.22,都市：其他:自然村專用區,,,1100624,土地1建物1車位0,二層,五層,華廈(10層含以下有電梯),住家用,鋼筋混凝土造,1100430,96.95,3,2,2,有,無,5300000,54667,,0.0,0,,RPTNMLLJPHGGFAW76DA,75.47,0.0,7.25,有,
金寧鄉,房地(土地+建物),金門縣金寧鄉環島西路二段７０９巷２３０號二樓,45.22,都市：其他:自然村專用區,,,1100624,土地1建物1車位0,二層,五層,華廈(10層含以下有電梯),住家用,鋼筋混凝土造,1100430,96.17,3,2,2,有,無,5300000,55111,,0.0,0,,RPUNMLLJPHGGFAW86DA,74.69,0.0,7.25,有,
金寧鄉,房地(土地+建物),金門縣金寧鄉環島西路二段７０９巷２３０號三樓,45.22,都市：其他:自然村專用區,,,1100625,土地1建物1車位0,三層,五層,華廈(10層含以下有電梯),住家用,鋼筋混凝土造,1100430,96.17,3,2,2,有,無,5400000,56151,,0.0,0,,RPVNMLLJPHGGFAW96DA,74.69,0.0,7.25,有,
金寧鄉,房地(土地+建物),金門縣金寧鄉環島西路二段７０９巷２３０號五樓,45.22,都市：其他:自然村專用區,,,1100625,土地1建物1車位0,五層,五層,華廈(10層含以下有電梯),住家用,鋼筋混凝土造,1100430,96.17,3,2,2,有,無,5400000,56151,,0.0,0,,RPWNMLLJPHGGFAW07DA,74.69,0.0,7.25,有,
金城鎮,土地,東沙段572地號,859.87,都市：其他:國家公園區,,,1100601,土地1建物0車位0,,,其他,,,,0.0,0,0,0,有,無,1600000,1861,,0.0,0,,RPPNMLRLPHGGFAW17DA,0.0,0.0,0.0,無,
金寧鄉,房地(土地+建物),金門縣金寧鄉環島西路二段７０９巷２３２號,45.22,都市：其他:自然村專用區,,,1100629,土地1建物1車位0,一層,五層,華廈(10層含以下有電梯),住家用,鋼筋混凝土造,1100430,89.7,3,2,2,有,無,5650000,62988,,0.0,0,,RPXNMLLJPHGGFAW17DA,75.47,0.0,0.0,有,
金寧鄉,房地(土地+建物),金門縣金寧鄉環島西路二段７０９巷２３０號四樓,45.22,都市：其他:自然村專用區,,,1100629,土地1建物1車位0,四層,五層,華廈(10層含以下有電梯),住家用,鋼筋混凝土造,1100430,96.17,3,2,2,有,無,5350000,55631,,0.0,0,,RPOOMLLJPHGGFAW98DA,74.69,0.0,7.25,有,
金寧鄉,房地(土地+建物),金門縣金寧鄉環島西路二段７０９巷２３２號五樓,45.22,都市：其他:自然村專用區,,,1100625,土地1建物1車位0,五層,五層,華廈(10層含以下有電梯),住家用,鋼筋混凝土造,1100430,96.95,3,2,2,有,無,5400000,55699,,0.0,0,,RPRNMLLJPHGGFAW56DA,75.47,0.0,7.25,有,
金寧鄉,房地(土地+建物),金門縣金寧鄉西山５５號四樓,51.25,都市：其他:農業區,,,1100611,土地2建物1車位0,四層,四層,華廈(10層含以下有電梯),住家用,鋼筋混凝土造,1100319,115.3,3,2,2,有,無,5750000,49870,,0.0,0,,RPPNMLPKOHGGFAW76DA,81.27,0.0,6.8,有,
金寧鄉,房地(土地+建物),金門縣金寧鄉安岐４２之７號二樓,47.09,都市：其他:自然村專用區,,,1100622,土地1建物1車位0,二層,三層,公寓(5樓含以下無電梯),住家用,鋼筋混凝土造,1100415,86.66,3,2,2,有,無,4550000,52504,,0.0,0,,RPTNMLMJQHGGFAW96DA,72.5,0.0,5.21,無,
金城鎮,房地(土地+建物),金門縣金城鎮西海路三段２２巷４弄６２號,119.17,農,,,1100608,土地2建物1車位0,全,三層,透天厝,住家用,鋼筋混凝土造,0840626,195.86,5,2,3,有,無,7850000,40080,,0.0,0,,RPUNMLPKOHGGFAW27DA,178.89,0.0,16.97,無,046
金沙鎮,房地(土地+建物),金門縣金沙鎮陽翟２２０號,114.48,都市：其他:自然村專用區,,,1100604,土地2建物1車位0,全,三層,透天厝,住家用,鋼筋混凝土造,1070731,177.23,4,2,5,有,無,10800000,60938,,0.0,0,,RPQNMLOJOHGGFAW66DA,171.28,0.0,5.95,無,
金寧鄉,房地(土地+建物),金門縣金寧鄉下埔下３５６號,1080.54,都市：其他:保護區,,,1100601,土地4建物1車位0,全,三層,透天厝,農業用,鋼筋混凝土造,1050530,406.63,5,0,5,有,無,23000000,56562,,0.0,0,陽台外推；頂樓加蓋；其他增建；,RPTNMLTKPHGGFAW67DA,356.18,36.09,14.36,無,
金湖鎮,房地(土地+建物),金門縣金湖鎮市港三路２３５號,21.06,住,,,1100626,土地1建物1車位0,一層,八層,華廈(10層含以下有電梯),住家用,鋼筋混凝土造,1050421,101.55,0,0,0,無,有,9600000,94535,,0.0,0,,RPPNMLOKPHGGFAW76DA,71.3,0.0,6.3,有,047
金湖鎮,房地(土地+建物),金門縣金湖鎮新頭３００號,128.52,都市：其他:自然村專用區,,,1100601,土地1建物1車位0,全,三層,透天厝,住家用,鋼筋混凝土造,1070928,251.8,4,2,2,有,無,18886000,75004,,0.0,0,,RPSNMLPKOHGGFAW07DA,196.59,0.0,19.54,無,048
金寧鄉,房地(土地+建物),金門縣金寧鄉湖下１５之１號三樓,32.37,都市：其他:自然村專用區,,,1100628,土地1建物2車位0,三層,三層,公寓(5樓含以下無電梯),住家用,鋼筋混凝土造,1060731,56.589999999999996,2,1,2,有,無,3900000,68917,,0.0,0,陽台外推；其他增建；,RPTNMLKMOHGGFAW86DA,46.83,0.0,0.0,無,
金寧鄉,土地,西堡劃測段218地號,779.02,農,,,1100527,土地1建物0車位0,,,其他,,,,0.0,0,0,0,有,無,2900000,3723,,0.0,0,,RPXNMLRLNHGGFAW77DA,0.0,0.0,0.0,無,049
金寧鄉,房地(土地+建物)+車位,頂堡５之９號五樓,50.98,都市：其他:自然村專用區,,,1100520,土地1建物1車位1,五層,六層,華廈(10層含以下有電梯),住家用,鋼筋混凝土造,1100209,155.65,3,2,2,有,無,8000000,52146,坡道平面,13.74,600000,,RPPOMLRLNHGGFAW07DA,84.98,0.0,9.32,有,
金寧鄉,土地,寧湖三劃段360地號,1000.0,農,,,1100529,土地1建物0車位0,,,其他,,,,0.0,0,0,0,有,無,8600000,8600,,0.0,0,,RPOOMLTJOHGGFAW07DA,0.0,0.0,0.0,無,050
金城鎮,房地(土地+建物),大古崗１２６號四樓,47.5,都市：其他:自然村專用區,,,1100522,土地3建物1車位0,四層,五層,華廈(10層含以下有電梯),住家用,鋼筋混凝土造,1090529,99.74000000000001,3,2,2,有,無,5100000,51133,,0.0,0,,RPRNMLOLNHGGFAW86DA,68.73,0.0,6.58,有,
金寧鄉,土地,寧安五劃段124地號,1600.0,都市：其他:國家公園區,,,1100525,土地4建物0車位0,,,其他,,,,0.0,0,0,0,有,無,1600000,1000,,0.0,0,,RPQNMLPLNHGGFAW86DA,0.0,0.0,0.0,無,039
金寧鄉,房地(土地+建物),下堡２２６號,79.1,都市：其他:自然村專用區,,,1100513,土地1建物1車位0,一層，地下一層,三層,公寓(5樓含以下無電梯),住家用,鋼筋混凝土造,1061116,137.01,2,2,2,有,有,4800000,35034,,0.0,0,陽台外推；預售屋、或土地及建物分件登記案件；,RPTNMLPLNHGGFAW17DA,120.58,0.0,5.8,無,
金湖鎮,房地(土地+建物)+車位,市港三路２３１號,50.26,住,,,1100520,土地1建物1車位1,一層，二層,八層,華廈(10層含以下有電梯),住商用,鋼筋混凝土造,1041125,305.17,0,2,2,有,有,27000000,95685,坡道平面,32.4,900000,,RPPNMLTJOHGGFAW07DA,164.44,2.34,4.59,有,
金湖鎮,房地(土地+建物),環島南路五段６０２號４樓,28.2,都市：其他:自然村專用區,,,1100529,土地1建物1車位0,四層,四層,公寓(5樓含以下無電梯),住家用,鋼筋混凝土造,1081129,76.81,3,1,2,有,有,4520000,58847,,0.0,0,,RPVNMLPKOHGGFAW37DA,52.0,0.0,4.76,無,
金寧鄉,房地(土地+建物),湖下２５３號,59.94,都市：其他:自然村專用區,,,1100512,土地3建物1車位0,一層,五層,公寓(5樓含以下無電梯),住家用,鋼筋混凝土造,1090629,116.24000000000001,3,1,3,有,無,7700000,66242,,0.0,0,,RPVOMLOKNHGGFAW27DA,97.05,0.0,7.01,無,
金寧鄉,房地(土地+建物),西堡３９之１０號二樓,29.58,都市：其他:自然村專用區,,,1100529,土地1建物1車位0,二層,五層,華廈(10層含以下有電梯),住家用,鋼筋混凝土造,1090817,67.35,2,2,2,有,無,3700000,54937,,0.0,0,,RPRNMLLMNHGGFAW66DA,52.27,0.0,5.29,有,
金湖鎮,房地(土地+建物),市港五路１６１號三樓之２,18.82,住,,,1100510,土地1建物1車位0,三層,九層,華廈(10層含以下有電梯),住家用,鋼筋混凝土造,1091120,97.44999999999999,3,2,1,有,無,6260000,64238,,0.0,0,預售屋、或土地及建物分件登記案件；,RPUOMLOKNHGGFAW17DA,60.33,2.15,9.15,有,
金寧鄉,房地(土地+建物),下埔下３６０號,732.19,都市：其他:保護區,,,1100530,土地5建物1車位0,全,三層,透天厝,農業用,鋼筋混凝土造,1050530,211.39,5,0,5,有,無,13000000,61498,,0.0,0,買方除買賣價金外，另負擔土地增值稅。陽台外推；頂樓加蓋；其他增建；,RPPNMLKKOHGGFAW88DA,196.11,0.0,15.28,無,
金寧鄉,房地(土地+建物),埔邊１７之３號二樓,15.81,農,,,1100531,土地1建物1車位0,二層,三層,華廈(10層含以下有電梯),住家用,鋼筋混凝土造,1040722,39.61,1,0,1,有,有,2500000,63115,,0.0,0,,RPRNMLPLOHGGFAW07DA,18.08,0.0,2.1,有,052
金城鎮,土地,歐厝段112地號,793.25,農,,,1100515,土地1建物0車位0,,,其他,,,,0.0,0,0,0,有,無,4000000,5043,,0.0,0,親友、員工、共有人或其他特殊關係間之交易；,RPOOMLPLOHGGFAW86DA,0.0,0.0,0.0,無,
金城鎮,土地,祥安段496地號,996.0,,,,1100506,土地2建物0車位0,,,其他,,,,0.0,0,0,0,有,無,26500000,26606,,0.0,0,包含公共設施保留地用地；,RPTNMLQJNHGGFAW07DA,0.0,0.0,0.0,無,
金寧鄉,房地(土地+建物),金門縣金寧鄉東坑１２之１號五樓,59.3,都市：其他:自然村專用區,,,1100506,土地2建物1車位0,五層,五層,華廈(10層含以下有電梯),住家用,鋼筋混凝土造,1080624,113.53,3,2,2,有,無,7380000,65005,,0.0,0,,RPRNMLTLOHGGFAW47DA,89.33,0.0,11.57,有,
金寧鄉,房地(土地+建物),金門縣金寧鄉西山５３號四樓,34.51,都市：其他:農業區,,,1100519,土地2建物1車位0,四層,五層,華廈(10層含以下有電梯),住家用,鋼筋混凝土造,1100319,76.82,2,2,2,有,無,3486000,45379,,0.0,0,,RPUNMLRLNHGGFAW47DA,54.18,0.0,5.0,有,
金寧鄉,房地(土地+建物),金門縣金寧鄉西山５０號,46.92,都市：其他:農業區,,,1100518,土地2建物1車位0,一層,五層,華廈(10層含以下有電梯),住家用,鋼筋混凝土造,1100319,104.81,3,2,2,有,無,5055000,48230,,0.0,0,含停車位編號：11號停車空間之使用權；車位價款：新台幣 參拾萬元整。,RPRNMLQLNHGGFAW07DA,80.9,0.0,0.0,有,
金寧鄉,房地(土地+建物)+車位,金門縣金寧鄉西山５５號二樓,51.25,都市：其他:農業區,,,1100519,土地2建物1車位3,二層,四層,華廈(10層含以下有電梯),住家用,鋼筋混凝土造,1100319,200.23,3,2,2,有,無,6132000,45377,一樓平面,84.93,900000,,RPTNMLQLNHGGFAW27DA,81.27,0.0,6.8,有,
金寧鄉,房地(土地+建物),金門縣金寧鄉西山５６號三樓,41.87,都市：其他:農業區,,,1100519,土地2建物1車位0,三層,四層,華廈(10層含以下有電梯),住家用,鋼筋混凝土造,1100319,94.22999999999999,2,2,2,有,無,4275000,45368,,0.0,0,,RPVNMLQLNHGGFAW47DA,64.06,0.0,7.96,有,
金寧鄉,房地(土地+建物),金門縣金寧鄉西山５２號三樓,34.51,都市：其他:農業區,,,1100518,土地2建物1車位0,三層,五層,華廈(10層含以下有電梯),住家用,鋼筋混凝土造,1100319,76.1,2,2,2,有,無,3453000,45375,,0.0,0,,RPUNMLQLNHGGFAW37DA,53.54,0.0,5.0,有,
金寧鄉,房地(土地+建物),金門縣金寧鄉西山５１號五樓,35.21,都市：其他:農業區,,,1100519,土地2建物1車位0,五層,五層,華廈(10層含以下有電梯),住家用,鋼筋混凝土造,1100319,77.53,2,2,2,有,無,3517500,45370,,0.0,0,,RPVNMLRLNHGGFAW57DA,53.54,0.0,6.06,有,
金寧鄉,房地(土地+建物),金門縣金寧鄉西山５２號五樓,34.51,都市：其他:農業區,,,1100519,土地2建物1車位0,五層,五層,華廈(10層含以下有電梯),住家用,鋼筋混凝土造,1100319,76.18,2,2,2,有,無,3456000,45366,,0.0,0,,SPVNMLRLNHGGFAW67DA,53.54,0.0,5.0,有,
金湖鎮,房地(土地+建物),金門縣金湖鎮市港五路１６３號五樓之１,19.54,住,,,1100514,土地1建物1車位0,五層,九層,華廈(10層含以下有電梯),住家用,鋼筋混凝土造,1091120,101.33000000000001,3,2,1,有,無,6470000,63851,,0.0,0,預售屋、或土地及建物分件登記案件；,RPRNMLSKNHGGFAW17DA,60.33,5.0,9.15,有,
金湖鎮,房地(土地+建物),金門縣金湖鎮市港五路１６３號五樓之２,19.42,住,,,1100514,土地1建物1車位0,五層,九層,華廈(10層含以下有電梯),住家用,鋼筋混凝土造,1091120,101.17,3,2,1,有,無,6960000,68795,,0.0,0,含傢俱設備費450000元；預售屋、或土地及建物分件登記案件；,RPPNMLTKNHGGFAW07DA,60.52,5.0,8.91,有,
金湖鎮,房地(土地+建物)+車位,金門縣金湖鎮尚義１５０號三樓之１０,47.3,都市：其他:自然村專用區,,,1100513,土地2建物1車位1,三層,三層,華廈(10層含以下有電梯),住家用,鋼筋混凝土造,1080625,120.80000000000001,2,2,2,有,有,5700000,57137,坡道平面,29.79,500000,,RPQNMLPLOHGGFAW96DA,58.09,0.0,8.44,有,
金湖鎮,房地(土地+建物),金門縣金湖鎮塔后２５３號,84.03,都市：其他:自然村專用區,,,1100505,土地1建物1車位0,全,三層,透天厝,住家用,鋼筋混凝土造,0880517,135.93,4,1,3,有,無,7000000,51497,,0.0,0,含傢俱設備費；其他增建；,RPXNMLQJNHGGFAW47DA,116.51,8.32,11.1,無,053
金寧鄉,土地,寧湖一劃段278地號,660.01,農,,,1100504,土地1建物0車位0,,,其他,,,,0.0,0,0,0,有,無,10560000,16000,,0.0,0,,RPRNMLKMOHGGFAW66DA,0.0,0.0,0.0,無,
金寧鄉,房地(土地+建物),金門縣金寧鄉西山５０號四樓,50.85,都市：其他:農業區,,,1100520,土地2建物1車位0,四層,五層,華廈(10層含以下有電梯),住家用,鋼筋混凝土造,1100319,113.05000000000001,3,2,2,有,無,5130000,45378,,0.0,0,,RPTNMLRLNHGGFAW37DA,81.26,0.0,5.89,有,
金寧鄉,房地(土地+建物),金門縣金寧鄉西山５２號二樓,34.51,都市：其他:農業區,,,1100522,土地2建物1車位0,二層,五層,華廈(10層含以下有電梯),住家用,鋼筋混凝土造,1100319,76.1,2,2,2,有,無,3453000,45375,,0.0,0,,RPOOMLRLNHGGFAW96DA,53.54,0.0,5.0,有,
金湖鎮,房地(土地+建物)+車位,金門縣金湖鎮市港五路１６３號二樓之２,18.58,住,,,1100523,土地1建物1車位2,二層,九層,華廈(10層含以下有電梯),住家用,鋼筋混凝土造,1091120,110.72999999999999,3,2,1,有,無,6900000,62314,坡道機械,14.56,0,預售屋、或土地及建物分件登記案件；,RPSNMLMJOHGGFAW66DA,60.52,0.0,10.17,有,
金湖鎮,房地(土地+建物),金門縣金湖鎮市港五路１６１號七樓之５,14.98,住,,,1100510,土地1建物1車位0,七層,九層,華廈(10層含以下有電梯),住家用,鋼筋混凝土造,1091120,77.52,2,2,1,有,無,4920000,63467,,0.0,0,預售屋、或土地及建物分件登記案件；,RPQNMLMKNHGGFAW09DA,47.87,3.69,5.41,有,
金寧鄉,房地(土地+建物),金門縣金寧鄉西山５３號五樓,34.51,都市：其他:農業區,,,1100520,土地2建物1車位0,五層,五層,華廈(10層含以下有電梯),住家用,鋼筋混凝土造,1100319,76.82,2,2,2,有,無,3486000,45379,,0.0,0,,RPWNMLRLNHGGFAW67DA,54.18,0.0,5.0,有,
金湖鎮,房地(土地+建物),金門縣金湖鎮漁村２３號,90.7,都市：其他:自然村專用區,,,1100528,土地1建物1車位0,全,三層,透天厝,住商用,鋼筋混凝土加強磚造,0760208,258.7,5,1,3,有,無,10000000,38655,,0.0,0,,RPRNMLOJQHGGFAW96DA,254.72,0.0,3.98,無,
金湖鎮,房地(土地+建物),金門縣金湖鎮市港五路１６１號二樓之３,15.22,住,,,1100502,土地1建物1車位0,二層,九層,華廈(10層含以下有電梯),住家用,鋼筋混凝土造,1091120,78.93,2,2,1,有,無,4410000,55872,,0.0,0,預售屋、或土地及建物分件登記案件；,RPSNMLMKNHGGFAW66DA,48.0,5.33,4.71,有,
金湖鎮,土地,士校段316地號,2688.03,都市：其他:保護區,,,1100519,土地3建物0車位0,,,其他,,,,0.0,0,0,0,有,無,10500000,3906,,0.0,0,,RPPNMLTJQHGGFAW27DA,0.0,0.0,0.0,無,
金寧鄉,房地(土地+建物),金門縣金寧鄉安岐４２之７號,47.09,都市：其他:自然村專用區,,,1100511,土地1建物1車位0,一層,三層,公寓(5樓含以下無電梯),住家用,鋼筋混凝土造,1100415,86.66,3,2,2,有,無,4600000,53081,,0.0,0,,RPPNMLKKQHGGFAW09DA,72.5,0.0,5.21,無,
金城鎮,房地(土地+建物),金門縣金城鎮環島西路一段２３９巷１弄１７號,1785.0,農,,,1100511,土地7建物1車位0,全,三層,透天厝,農業用,鋼筋混凝土造,1040911,213.65,4,2,5,有,無,16000000,74889,,0.0,0,含傢俱設備費；,RPQNMLNKNHGGFAW56DA,206.55,0.0,7.1,無,
金湖鎮,房地(土地+建物),金門縣金湖鎮市港五路１５０之１號８樓,8.49,商,,,1100505,土地1建物1車位0,八層,十層,華廈(10層含以下有電梯),商業用,鋼筋混凝土造,1090408,61.08,1,1,1,有,無,5330000,87263,,0.0,0,,RPQNMLQJRHGGFAW27EA,30.75,4.66,5.01,有,
金湖鎮,房地(土地+建物),市港五路１６３號六樓之３,14.98,住,,,1100418,土地1建物1車位0,六層,九層,華廈(10層含以下有電梯),住家用,鋼筋混凝土造,1091120,77.52,2,2,1,有,無,4800000,61920,,0.0,0,預售屋、或土地及建物分件登記案件；,RPSNMLTKMHGGFAW27DA,47.87,3.69,5.41,有,
金城鎮,房地(土地+建物)+車位,民權路２２６巷２弄１２號三樓之１,24.16,住,,,1100407,土地2建物1車位1,三層,十一層,住宅大樓(11層含以上有電梯),住家用,鋼筋混凝土造,1051104,161.43,3,2,2,有,有,12380000,90800,坡道平面,36.1,1000000,,RPQNMLKKOHGGFAW98DA,80.89,0.0,12.22,有,
金城鎮,房地(土地+建物)+車位,民權路２２６巷２弄１２號三樓之７,24.29,住,,,1100407,土地2建物1車位2,三層,十一層,住宅大樓(11層含以上有電梯),住家用,鋼筋混凝土造,1051104,197.54000000000002,3,2,2,有,有,13380000,90793,坡道平面,72.2,2000000,,RPRNMLKKOHGGFAW09DA,80.89,0.0,12.22,有,
金城鎮,土地,延平段603地號,486.85,農,,,1100419,土地1建物0車位0,,,其他,,,,0.0,0,0,0,有,無,5842200,12000,,0.0,0,,RPSNMLRJOHGGFAW17DA,0.0,0.0,0.0,無,
金寧鄉,房地(土地+建物)+車位,金門縣金寧鄉頂堡５之１０號四樓,50.98,都市：其他:自然村專用區,,,1100420,土地1建物1車位1,四層,六層,華廈(10層含以下有電梯),住家用,鋼筋混凝土造,1100209,153.7,3,2,2,有,無,7800000,51038,坡道平面,12.63,600000,,RPRNMLKLNHGGFAW09DA,84.14,0.0,9.32,有,
金城鎮,土地,后豐港段816-2地號,705.0,都市：其他:自然村專用區,,,1100430,土地3建物0車位0,,,其他,,,,0.0,0,0,0,有,無,20000000,28369,,0.0,0,,RPWNMLQJNHGGFAW37DA,0.0,0.0,0.0,無,054
金湖鎮,房地(土地+建物)+車位,市港五路１６３號六樓之２,19.06,住,,,1100427,土地1建物1車位2,六層,九層,華廈(10層含以下有電梯),住家用,鋼筋混凝土造,1091120,113.11,3,2,1,有,無,7300000,64539,坡道機械,14.56,0,預售屋、或土地及建物分件登記案件；,RPWNMLTLMHGGFAW77DA,60.52,3.02,8.91,有,
金城鎮,房地(土地+建物),庵前４２之２號五樓,59.08,都市：其他:自然村專用區,,,1100419,土地2建物1車位0,五層,五層,華廈(10層含以下有電梯),住家用,鋼筋混凝土造,1100312,118.39,3,2,2,有,無,7400000,62505,,0.0,0,,RPOOMLKLMHGGFAW78DA,88.75,0.0,10.58,有,
金湖鎮,土地,漁村段181-1地號,216.34,都市：其他:風景區,,,1100428,土地1建物0車位0,,,其他,,,,0.0,0,0,0,有,無,2660000,12295,,0.0,0,,RPSNMLNLOHGGFAW07EA,0.0,0.0,0.0,無,
金寧鄉,房地(土地+建物),金門縣金寧鄉下堡１２５之１號二樓,43.65,都市：其他:自然村專用區,,,1100429,土地1建物1車位0,二層,三層,公寓(5樓含以下無電梯),住家用,鋼筋混凝土造,1100326,86.25,3,2,2,有,無,5350000,62029,,0.0,0,,RPVNMLKKNHGGFAW76DA,73.18,0.0,6.96,無,
金城鎮,土地,延平段238地號,831.75,農,,,1100429,土地1建物0車位0,,,其他,,,,0.0,0,0,0,有,無,6071775,7300,,0.0,0,,RPXNMLSLOHGGFAW97DA,0.0,0.0,0.0,無,
金湖鎮,房地(土地+建物),金門縣金湖鎮市港五路１６１號五樓之２,19.54,住,,,1100417,土地1建物1車位0,五層,九層,華廈(10層含以下有電梯),住家用,鋼筋混凝土造,1091120,101.33000000000001,3,2,1,有,無,6460000,63752,,0.0,0,預售屋、或土地及建物分件登記案件；,RPQNMLTKMHGGFAW07DA,60.33,5.0,9.15,有,
金湖鎮,房地(土地+建物)+車位,金門縣金湖鎮市港五路１６３號九樓之１,19.54,住,,,1100421,土地1建物1車位2,九層,九層,華廈(10層含以下有電梯),住家用,鋼筋混凝土造,1091120,115.88,3,2,1,有,無,7700000,66448,坡道機械,14.56,0,預售屋、或土地及建物分件登記案件；,RPQOMLTLMHGGFAW27DA,60.33,5.0,9.15,有,
金湖鎮,房地(土地+建物),金門縣金湖鎮市港五路１６１號四樓之１,19.06,住,,,1100411,土地1建物1車位0,四層,九層,華廈(10層含以下有電梯),住家用,鋼筋混凝土造,1091120,98.56,3,2,1,有,無,6010000,60978,,0.0,0,預售屋、或土地及建物分件登記案件；,RPQNMLNLMHGGFAW56DA,60.52,3.02,8.91,有,
金湖鎮,房地(土地+建物),金門縣金湖鎮市港五路１６１號三樓之１,19.54,住,,,1100411,土地1建物1車位0,三層,九層,華廈(10層含以下有電梯),住家用,鋼筋混凝土造,1091120,101.27000000000001,3,2,1,有,無,6230000,61519,,0.0,0,預售屋、或土地及建物分件登記案件；,RPRNMLTLMHGGFAW27DA,60.52,5.0,8.91,有,
金湖鎮,房地(土地+建物)+車位,金門縣金湖鎮市港五路１６３號三樓之５,14.74,住,,,1100427,土地1建物1車位2,三層,九層,華廈(10層含以下有電梯),住家用,鋼筋混凝土造,1091120,91.25999999999999,2,2,1,有,無,5500000,60267,坡道機械,14.56,0,預售屋、或土地及建物分件登記案件；,RPOOMLTLMHGGFAW07DA,48.0,3.69,4.71,有,
金湖鎮,房地(土地+建物),金門縣金湖鎮市港五路１６３號三樓之３,14.98,住,,,1100427,土地1建物1車位0,三層,九層,華廈(10層含以下有電梯),住家用,鋼筋混凝土造,1091120,77.52,2,2,1,有,無,4650000,59985,,0.0,0,預售屋、或土地及建物分件登記案件；,RPTNMLTLMHGGFAW47DA,47.87,3.69,5.41,有,
金寧鄉,房地(土地+建物),金門縣金寧鄉安岐４２之７號三樓,47.09,都市：其他:自然村專用區,,,1100413,土地1建物1車位0,三層,三層,公寓(5樓含以下無電梯),住家用,鋼筋混凝土造,1100415,86.66,3,2,2,有,無,4600000,53081,,0.0,0,,RPPNMLRKQHGGFAW17DA,72.5,0.0,5.21,無,
金寧鄉,房地(土地+建物),金門縣金寧鄉林湖路５１１號三樓,43.23,都市：其他:自然村專用區,,,1100410,土地1建物1車位0,三層,三層,華廈(10層含以下有電梯),住家用,鋼筋混凝土造,1090413,105.99000000000001,3,2,2,有,無,7000000,66044,,0.0,0,,RPQNMLPLQHGGFAW27EA,82.16,0.0,9.35,有,
金湖鎮,房地(土地+建物),金門縣金湖鎮市港五路１６６號２樓,8.25,商,,,1100421,土地1建物1車位0,二層,十層,華廈(10層含以下有電梯),商業用,鋼筋混凝土造,1090408,58.6,1,1,1,有,有,4800000,81911,,0.0,0,,RPOOMLLKQHGGFAW56DA,34.46,4.07,0.0,有,
金湖鎮,房地(土地+建物),金門縣金湖鎮市港五路１６８號２樓,7.88,商,,,1100421,土地1建物1車位0,二層,十層,華廈(10層含以下有電梯),商業用,鋼筋混凝土造,1090408,55.86,1,1,1,有,有,4800000,85929,,0.0,0,,RPTOMLLKQHGGFAW07DA,32.4,4.28,0.0,有,
金湖鎮,房地(土地+建物),金門縣金湖鎮市港五路１６８之１號２樓,7.6,商,,,1100421,土地1建物1車位0,二層,十層,華廈(10層含以下有電梯),商業用,鋼筋混凝土造,1090408,53.76,1,1,1,有,有,4800000,89286,,0.0,0,,RPUOMLLKQHGGFAW17DA,29.2,1.25,4.81,有,
金寧鄉,房地(土地+建物),金門縣金寧鄉西堡３９之１１號五樓,28.1,都市：其他:自然村專用區,,,1100414,土地1建物1車位0,五層,五層,華廈(10層含以下有電梯),住家用,鋼筋混凝土造,1090817,64.53999999999999,2,1,1,有,無,4650000,72048,,0.0,0,,RPRNMLQKMHGGFAW86DA,49.9,0.0,5.29,有,
金湖鎮,房地(土地+建物),市港五路１６１號四樓之３,14.86,住,,,1100320,土地1建物1車位0,四層,九層,華廈(10層含以下有電梯),住家用,鋼筋混凝土造,1091120,76.78,2,2,1,有,無,4500000,58609,,0.0,0,預售屋、或土地及建物分件登記案件；,RPTNMLLJMHGGFAW09DA,48.0,3.69,4.71,有,
金湖鎮,房地(土地+建物),市港五路１６１號四樓之５,14.98,住,,,1100320,土地1建物1車位0,四層,九層,華廈(10層含以下有電梯),住家用,鋼筋混凝土造,1091120,77.52,2,2,1,有,無,4590000,59211,,0.0,0,預售屋、或土地及建物分件登記案件；,RPWNMLLJMHGGFAW76DA,47.87,3.69,5.41,有,
金湖鎮,房地(土地+建物),市港五路１６１號三樓之３,14.86,住,,,1100320,土地1建物1車位0,三層,九層,華廈(10層含以下有電梯),住家用,鋼筋混凝土造,1091120,76.78,2,2,1,有,無,4540000,59130,,0.0,0,預售屋、或土地及建物分件登記案件；,RPOOMLLJMHGGFAW68DA,48.0,3.69,4.71,有,
金湖鎮,房地(土地+建物),市港五路１６１號三樓之５,14.98,住,,,1100320,土地1建物1車位0,三層,九層,華廈(10層含以下有電梯),住家用,鋼筋混凝土造,1091120,77.52,2,2,1,有,無,4630000,59727,,0.0,0,預售屋、或土地及建物分件登記案件；,RPQOMLLJMHGGFAW88DA,47.87,3.69,5.41,有,
金湖鎮,房地(土地+建物),市港五路１６１號一樓之１,32.0,住,,,1100316,土地1建物1車位0,一層,九層,華廈(10層含以下有電梯),辦公用,鋼筋混凝土造,1091120,152.91,1,1,1,有,無,13300000,86979,,0.0,0,預售屋、或土地及建物分件登記案件；,RPRNMLRLNHGGFAW17DA,116.39,0.0,5.55,有,
金寧鄉,土地,盤山村測段679-2地號,132.29,都市：其他:自然村專用區,,,1100327,土地2建物0車位0,,,其他,,,,0.0,0,0,0,有,無,6000000,45355,,0.0,0,包含公共設施保留地用地；,RPRNMLTKNHGGFAW27DA,0.0,0.0,0.0,無,
金湖鎮,房地(土地+建物),市港五路１６３號三樓之１,18.82,住,,,1100325,土地1建物1車位0,三層,九層,華廈(10層含以下有電梯),住家用,鋼筋混凝土造,1091120,97.44999999999999,3,2,1,有,無,6060000,62186,,0.0,0,預售屋、或土地及建物分件登記案件；,RPSNMLLMLHGGFAW56DA,60.33,2.15,9.15,有,
金湖鎮,房地(土地+建物),金門縣金湖鎮新塘１５號２樓之２,36.89,都市：其他:自然村專用區,,,1100312,土地2建物1車位0,二層,五層,華廈(10層含以下有電梯),住家用,鋼筋混凝土造,1100127,75.61000000000001,2,1,2,有,無,3753600,49644,,0.0,0,,RPPOMLOJNHGGFAW56DA,58.75,0.0,5.68,有,
金湖鎮,房地(土地+建物),金門縣金湖鎮市港五路１６１號六樓之１,19.06,住,,,1100317,土地1建物1車位0,六層,九層,華廈(10層含以下有電梯),住家用,鋼筋混凝土造,1091120,98.56,3,2,1,有,無,6300000,63920,,0.0,0,預售屋、或土地及建物分件登記案件；,RPQNMLLJMHGGFAW78DA,60.52,3.02,8.91,有,
金湖鎮,房地(土地+建物),金門縣金湖鎮市港五路１６６號１０樓,7.82,商,,,1100301,土地1建物1車位0,十層，見其他登記事項,十層,華廈(10層含以下有電梯),住家用,鋼筋混凝土造,1090408,55.33,1,1,1,有,無,6300000,113862,,0.0,0,,RPSNMLOLNHGGFAW96DA,36.32,0.0,0.0,有,
金湖鎮,房地(土地+建物),金門縣金湖鎮尚義１５０號二樓之１,45.02,都市：其他:自然村專用區,,,1100311,土地2建物1車位0,二層,三層,華廈(10層含以下有電梯),住家用,鋼筋混凝土造,1080625,86.67,2,2,2,有,無,4600000,53075,,0.0,0,,RPSNMLQKLHGGFAW86DA,60.59,0.0,2.73,有,
金湖鎮,房地(土地+建物),金門縣金湖鎮新塘１５號４樓之２,36.89,都市：其他:自然村專用區,,,1100123,土地2建物1車位0,四層,五層,華廈(10層含以下有電梯),住家用,鋼筋混凝土造,1100127,75.61000000000001,2,1,2,有,無,3774000,49914,,0.0,0,,RPQNMLOKNHGGFAW66DA,58.75,0.0,5.68,有,
金寧鄉,房地(土地+建物),金門縣金寧鄉林湖路５１１號二樓,61.34,都市：其他:自然村專用區,,,1100124,土地2建物1車位0,二層,三層,華廈(10層含以下有電梯),住家用,鋼筋混凝土造,1090413,105.99000000000001,3,2,2,有,無,6750000,63685,,0.0,0,預售屋、或土地及建物分件登記案件；,RPRNMLNLOHGGFAW86DA,82.16,0.0,9.35,有,
金湖鎮,房地(土地+建物),金門縣金湖鎮新塘１５號３樓之１,37.93,都市：其他:自然村專用區,,,1091210,土地2建物1車位0,三層,五層,華廈(10層含以下有電梯),住家用,鋼筋混凝土造,1100127,77.55999999999999,2,1,2,有,無,3700000,47705,,0.0,0,,RPRNMLSLPHGGFAW47DA,57.52,0.0,8.55,有,
金寧鄉,房地(土地+建物)+車位,金門縣金寧鄉頂堡５之９號四樓,50.98,都市：其他:自然村專用區,,,1091125,土地1建物1車位1,四層,六層,華廈(10層含以下有電梯),住家用,鋼筋混凝土造,1100209,155.65,3,2,2,有,無,7900000,51441,坡道平面,13.74,600000,,RPRNMLSKOHGGFAW37EA,84.98,0.0,9.32,有,
金城鎮,土地,祥和段107地號,731.99,農,,,1091108,土地1建物0車位0,,,其他,,,,0.0,0,0,0,有,無,5600000,7650,,0.0,0,,RPRNMLSLOHGGFAW37DA,0.0,0.0,0.0,無,
金寧鄉,房地(土地+建物),金門縣金寧鄉安岐４２之６號三樓,47.61,都市：其他:自然村專用區,,,1091126,土地1建物1車位0,三層,三層,公寓(5樓含以下無電梯),住家用,鋼筋混凝土造,1100415,87.63,3,2,2,有,無,4600000,52493,,0.0,0,,RPUNMLQKQHGGFAW57DA,68.85,0.0,9.73,無,
金寧鄉,房地(土地+建物),金門縣金寧鄉安岐４２之６號二樓,47.61,都市：其他:自然村專用區,,,1091013,土地1建物1車位0,二層,三層,公寓(5樓含以下無電梯),住家用,鋼筋混凝土造,1100415,87.63,3,2,2,有,無,4620000,52722,,0.0,0,,RPQNMLLMQHGGFAW86DA,68.85,0.0,9.73,無,
金寧鄉,房地(土地+建物),下堡１２５號二樓,43.65,都市：其他:自然村專用區,,,1090930,土地1建物1車位0,二層,三層,公寓(5樓含以下無電梯),住家用,鋼筋混凝土造,1100326,87.09,3,2,2,有,無,5200000,59708,,0.0,0,,RPTNMLKKNHGGFAW56DA,74.1,0.0,6.88,無,
金寧鄉,房地(土地+建物),金門縣金寧鄉安岐４２之６號,47.61,都市：其他:自然村專用區,,,1090930,土地1建物1車位0,一層,三層,公寓(5樓含以下無電梯),住家用,鋼筋混凝土造,1100415,87.63,3,2,2,有,無,4650000,53064,,0.0,0,,RPPNMLQKQHGGFAW07DA,68.85,0.0,9.73,無,
金湖鎮,房地(土地+建物),金門縣金湖鎮新塘１５號５樓之３,26.08,都市：其他:自然村專用區,,,1090622,土地2建物1車位0,五層,五層,華廈(10層含以下有電梯),住家用,鋼筋混凝土造,1100127,53.57,1,1,1,有,無,2754000,51409,,0.0,0,,RPWNMLOKNHGGFAW27DA,40.1,0.0,5.57,有,
金寧鄉,房地(土地+建物),林湖路５１３號三樓,60.55,都市：其他:自然村專用區,,,1090525,土地2建物1車位0,三層,三層,華廈(10層含以下有電梯),住家用,鋼筋混凝土造,1090413,104.04,3,2,2,有,無,7500000,72088,,0.0,0,預售屋、或土地及建物分件登記案件；,RPWNMLTJOHGGFAW77DA,82.7,0.0,7.11,有,
金城鎮,房地(土地+建物),庵前４２之２號二樓,59.08,都市：其他:自然村專用區,,,1090407,土地2建物1車位0,二層,五層,華廈(10層含以下有電梯),住家用,鋼筋混凝土造,1100312,118.39,3,2,2,有,無,6500000,54903,,0.0,0,,RPUNMLKLMHGGFAW66DA,88.75,0.0,10.58,有,
金城鎮,房地(土地+建物),庵前４２之２號三樓,59.08,都市：其他:自然村專用區,,,1090326,土地2建物1車位0,三層,五層,華廈(10層含以下有電梯),住家用,鋼筋混凝土造,1100312,118.39,3,2,2,有,無,6880000,58113,,0.0,0,,RPVNMLKLMHGGFAW76DA,88.75,0.0,10.58,有,
金寧鄉,房地(土地+建物),下堡１２５之１號,43.65,都市：其他:自然村專用區,,,1090301,土地1建物1車位0,一層,三層,公寓(5樓含以下無電梯),住家用,鋼筋混凝土造,1100326,79.29,3,2,2,有,無,5100000,64313,,0.0,0,,RPTNMLPKOHGGFAW17DA,73.18,0.0,0.0,無,010
金寧鄉,房地(土地+建物),金門縣金寧鄉下堡１２５之１號三樓,43.65,都市：其他:自然村專用區,,,1090227,土地1建物1車位0,三層,三層,公寓(5樓含以下無電梯),住家用,鋼筋混凝土造,1100326,86.17,3,2,2,有,無,5350000,62087,,0.0,0,,RPUNMLKKNHGGFAW66DA,73.18,0.0,6.88,無,
金寧鄉,房地(土地+建物),下堡１２１號四樓之１,39.51,都市：其他:自然村專用區,,,1090109,土地1建物1車位0,四層,五層,華廈(10層含以下有電梯),住家用,鋼筋混凝土造,1100203,87.27000000000001,3,2,2,有,無,4950000,56721,,0.0,0,,RPRNMLLLOHGGFAW66DA,62.93,0.0,7.8,有,
金寧鄉,房地(土地+建物)+車位,下堡１２１號五樓之１,39.51,都市：其他:自然村專用區,,,1081231,土地1建物1車位1,五層,五層,華廈(10層含以下有電梯),住家用,鋼筋混凝土造,1100203,105.29,3,2,2,有,無,5500000,57866,坡道平面,18.02,450000,,RPQNMLQKOHGGFAW96DA,62.93,0.0,7.8,有,
金寧鄉,房地(土地+建物)+車位,下堡１２１號三樓之１,39.51,都市：其他:自然村專用區,,,1081231,土地1建物1車位1,三層,五層,華廈(10層含以下有電梯),住家用,鋼筋混凝土造,1100203,105.29,3,2,2,有,無,5380000,56148,一樓平面,18.02,480000,,RPRNMLQKOHGGFAW07DA,62.93,0.0,7.8,有,
金寧鄉,房地(土地+建物)+車位,下堡１２２號五樓之２,40.73,都市：其他:自然村專用區,,,1081231,土地1建物1車位1,五層,五層,華廈(10層含以下有電梯),住家用,鋼筋混凝土造,1100203,107.97,3,2,2,有,無,5600000,57254,一樓平面,18.02,450000,,RPSNMLQKOHGGFAW17DA,65.27,0.0,7.63,有,
金寧鄉,房地(土地+建物),下堡１２１號,39.75,都市：其他:自然村專用區,,,1081226,土地1建物1車位0,一層,五層,華廈(10層含以下有電梯),住家用,鋼筋混凝土造,1100203,87.86,3,2,2,有,無,5150000,58616,,0.0,0,,RPPNMLLLOHGGFAW09DA,63.3,0.0,7.92,有,
金寧鄉,房地(土地+建物),下堡１２２號三樓之２,40.73,都市：其他:自然村專用區,,,1081226,土地1建物1車位0,三層,五層,華廈(10層含以下有電梯),住家用,鋼筋混凝土造,1100203,89.95,3,2,2,有,無,5000000,55586,,0.0,0,,RPQNMLLLOHGGFAW56DA,65.27,0.0,7.63,有,
金寧鄉,房地(土地+建物),金門縣金寧鄉下堡１２２號,38.64,都市：其他:自然村專用區,,,1081225,土地1建物1車位0,一層,五層,華廈(10層含以下有電梯),住家用,鋼筋混凝土造,1100203,85.37,3,2,2,有,無,5135000,60150,,0.0,0,,RPROMLLJPHGGFAW66DA,61.64,0.0,7.55,有,
金湖鎮,房地(土地+建物),金門縣金湖鎮新塘１５號１樓之１,34.3,都市：其他:自然村專用區,,,1081210,土地2建物1車位0,一層,五層,華廈(10層含以下有電梯),住家用,鋼筋混凝土造,1100127,70.45,2,1,2,有,無,3330000,47268,,0.0,0,,RPUNMLOLNHGGFAW17DA,57.52,0.0,2.54,有,
金湖鎮,房地(土地+建物),金門縣金湖鎮新塘１５號１樓之２,35.04,都市：其他:自然村專用區,,,1081220,土地2建物1車位0,一層,五層,華廈(10層含以下有電梯),住家用,鋼筋混凝土造,1100127,69.37,2,1,2,有,無,3380000,48724,,0.0,0,,RPTNMLOLNHGGFAW07DA,58.75,0.0,0.0,有,
金城鎮,房地(土地+建物),庵前４２之２號四樓,59.08,都市：其他:自然村專用區,,,1081015,土地2建物1車位0,四層,五層,華廈(10層含以下有電梯),住家用,鋼筋混凝土造,1100312,118.39,3,2,2,有,無,6600000,55748,,0.0,0,,RPWNMLKLMHGGFAW86DA,88.75,0.0,10.58,有,
烈嶼鄉,房地(土地+建物),金山路３３０號,1208.77,農,,,1050707,土地4建物1車位0,全,三層,透天厝,農業用,鋼筋混凝土造,1050428,210.94,4,2,4,有,無,9300000,44088,,0.0,0,買方除買賣價金外，另負擔全部的土地增值稅。,RPQNMLKLNHGGFAW98DA,206.25,0.0,4.69,無,
