﻿編號,屋齡,建物移轉面積平方公尺,主要用途,主要建材,建築完成日期,總層數,建物分層
The serial number,room age,building shifting area square meter,the main use,main building materials,construction completes the date,total layer,building lamination
RPSNMLMJRHGGFAW96DA,3,403.78,住家用,鋼筋混凝土造,107年4月27日,三層,一層 二層 三層 陽台 屋頂突出物 地下一層
RPROMLRJRHGGFAW47DA,6,25.92,集合住宅,鋼筋混凝土造,105年1月26日,三層,三層 陽台
RPROMLRJRHGGFAW47DA,6,9.04,共有部分：本共有部分之項目有車道、停車空間、消防蓄水池、蓄水箱、消防機械室、發電機室、樓梯間、電梯廳、管理室、電信室、玄關、大廳及陽台等１３項。,鋼筋混凝土造,105年1月26日,三層,
RPRNMLNJQHGGFAW86DA,1,122.73,集合住宅,鋼筋混凝土造,109年11月19日,五層,一層 陽台
RPRNMLNJQHGGFAW86DA,1,19.06,集合住宅：本共有部分之項目計有安全梯、梯廳、陽台、水箱等４項。,鋼筋混凝土造,109年11月19日,五層,
RPPNMLTKQHGGFAW37DA,,115.44,集合住宅,鋼筋混凝土造,110年7月8日,四層,一層 陽台
RPPNMLTKQHGGFAW37DA,,19.49,集合住宅：本共有部分之項目計有儲藏、無障礙電梯、梯廳、樓梯間、水箱等５項。,鋼筋混凝土造,110年7月8日,四層,
RPRNMLTKQHGGFAW57DA,,112.84,集合住宅,鋼筋混凝土造,110年7月8日,四層,二層 陽台
RPRNMLTKQHGGFAW57DA,,18.90,集合住宅：本共有部分之項目計有儲藏、無障礙電梯、梯廳、樓梯間、水箱等５項。,鋼筋混凝土造,110年7月8日,四層,
RPQNMLTKQHGGFAW47DA,,114.81,集合住宅,鋼筋混凝土造,110年7月8日,四層,二層 陽台
RPQNMLTKQHGGFAW47DA,,19.40,集合住宅：本共有部分之項目計有儲藏、無障礙電梯、梯廳、樓梯間、水箱等５項。,鋼筋混凝土造,110年7月8日,四層,
RPSNMLTKQHGGFAW67DA,,112.84,集合住宅,鋼筋混凝土造,110年7月8日,四層,三層 陽台
RPSNMLTKQHGGFAW67DA,,18.90,集合住宅：本共有部分之項目計有儲藏、無障礙電梯、梯廳、樓梯間、水箱等５項。,鋼筋混凝土造,110年7月8日,四層,
RPTNMLTKQHGGFAW77DA,,115.02,集合住宅,鋼筋混凝土造,110年7月8日,四層,四層 陽台
RPTNMLTKQHGGFAW77DA,,19.40,集合住宅：本共有部分之項目計有儲藏、無障礙電梯、梯廳、樓梯間、水箱等５項。,鋼筋混凝土造,110年7月8日,四層,
RPUNMLKMQHGGFAW17DA,,115.02,集合住宅,鋼筋混凝土造,110年7月8日,四層,三層 陽台
RPUNMLKMQHGGFAW17DA,,19.40,集合住宅：本共有部分之項目計有儲藏、無障礙電梯、梯廳、樓梯間、水箱等５項。,鋼筋混凝土造,110年7月8日,四層,
RPUNMLTKQHGGFAW87DA,,112.84,集合住宅,鋼筋混凝土造,110年7月8日,四層,四層 陽台
RPUNMLTKQHGGFAW87DA,,18.90,集合住宅：本共有部分之項目計有儲藏、無障礙電梯、梯廳、樓梯間、水箱等５項。,鋼筋混凝土造,110年7月8日,四層,
RPPNMLPJRHGGFAW96DA,4,66.73,集合住宅,鋼筋混凝土造,106年3月3日,三層,一層 陽台
RPPNMLPJRHGGFAW96DA,4,34.60,共有部分：本共有部分之項目計有車道、台電機房、發電機室、電信機房、消防水池、消防泵浦室、水箱、停車空間、梯間等９項。,鋼筋混凝土造,106年3月3日,三層,
RPTNMLQJRHGGFAW57EA,1,35.37,旅館,鋼筋混凝土造,109年4月8日,十層,五層 陽台 雨遮
RPTNMLQJRHGGFAW57EA,1,18.67,店舖、集合住宅、本建物共有部分之項目有車道、排風機房、緊急昇降機、客梯兼無障礙電梯、廢水池、消防幫浦室、蓄水池、甲梯、進風機房、防空避難室兼停車空間、電信機房、乙梯、梯廳、汙物處理室、台電受電室、設備空間、機械室、停車空間、迴轉空間、發電機室、排煙室、消防設備空間、雨遮、陽台、管委會空間等共計２５項。,鋼筋混凝土造,109年4月8日,十層,
RPVNMLQJRHGGFAW67DA,1,75.93,集合住宅,鋼筋混凝土造,109年7月21日,三層,一層
RPVNMLQJRHGGFAW67DA,1,9.15,集合住宅：本共有部分之項目有樓梯間１項。,鋼筋混凝土造,109年7月21日,三層,
RPPNMLMJRHGGFAW66DA,6,38.29,集合住宅,鋼筋混凝土造,104年11月25日,八層,七層 陽台
RPPNMLMJRHGGFAW66DA,6,22.98,共有部分：本共有部分項目有：管委會空間、電樓梯間、梯廳、車道、走廊、防空避難室兼停車空間、受電箱、台電配電場所、電信機房、蓄水池、汙水處理機房、消防泵浦室、水箱等十三項。,鋼筋混凝土造,104年11月25日,八層,
RPQNMLQKRHGGFAW37EA,6,61.11,集合住宅,鋼筋混凝土造,105年1月8日,三層,二層 陽台
RPQNMLQKRHGGFAW37EA,6,4.83,共有部分：本共有部分之項目有樓梯間及門廊２項。,鋼筋混凝土造,105年1月8日,三層,
RPRNMLKLQHGGFAW76DA,1,56.97,集合住宅,鋼筋混凝土造,109年11月20日,九層,五層 陽台 雨遮
RPRNMLKLQHGGFAW76DA,1,20.55,辦公室、集合住宅、本共有部分之項目有台電配電室、機電消防室、無障礙安全梯、消防水池、防空避難室兼停車空間、電信室、清水池、環保區、管委會使用空間、走廊兼梯廳、安全梯、梯廳、雨遮、電梯機房、水箱、水錶室等計１６項。,鋼筋混凝土造,109年11月20日,九層,
RPOOMLRJPHGGFAW96DA,,73.18,集合住宅,鋼筋混凝土造,110年3月26日,三層,一層
RPOOMLRJPHGGFAW96DA,,6.11,集合住宅,鋼筋混凝土造,110年3月26日,三層,
RPQNMLOKPHGGFAW96EA,1,63.44,集合住宅,鋼筋混凝土造,109年12月23日,五層,二層 陽台
RPQNMLOKPHGGFAW96EA,1,13.46,集合住宅：本共有部分之項目計有安全梯、梯廳、梯坑、無障礙通路、電信機房、樓梯間、水箱等七項。,鋼筋混凝土造,109年12月23日,五層,
RPQNMLNKPHGGFAW76DA,1,79.34,集合住宅,鋼筋混凝土造,109年6月11日,三層,一層
RPQNMLNKPHGGFAW76DA,1,21.97,集合住宅、共有部分之項目有樓梯間等１項。,鋼筋混凝土造,109年6月11日,三層,
RPPNMLQKPHGGFAW96DA,6,72.68,集合住宅,鋼筋混凝土造,104年4月30日,三層,一層 陽台
RPPNMLQKPHGGFAW96DA,6,6.02,共有部分：本共有部分之項目計有樓梯間、門廳等二項。,鋼筋混凝土造,104年4月30日,三層,
RPRNMLNKPHGGFAW96EA,4,79.28,集合住宅,鋼筋混凝土造,106年3月6日,三層,一層
RPRNMLNKPHGGFAW96EA,4,6.96,共有部分：本共有部分之項目有樓梯間１項。,鋼筋混凝土造,106年3月6日,三層,
RPPNMLPKPHGGFAW86DA,,94.25,集合住宅,鋼筋混凝土造,110年2月9日,六層,一層 陽台
RPPNMLPKPHGGFAW86DA,,47.62,集合住宅：本共有部分之項目計有滯洪池、電信室、梯廳、水箱、緊急發電室、消防幫浦室、消防水箱、廢水池、台電配電場所、受電箱、電梯空間、停車位等１２項。,鋼筋混凝土造,110年2月9日,六層,
RPPNMLQJPHGGFAW86DA,1,104.06,集合住宅,鋼筋混凝土造,109年6月29日,五層,四層 陽台
RPPNMLQJPHGGFAW86DA,1,12.18,集合住宅：本共有部分之項目有樓梯間、水箱等二項。,鋼筋混凝土造,109年6月29日,五層,
RPPNMLNLPHGGFAW86EA,5,36.23,集合住宅,鋼筋混凝土造,105年11月23日,九層,六層 陽台 雨遮
RPPNMLNLPHGGFAW86EA,5,17.00,共有部分：本共有部分之項目有停車空間兼防空避難室、水箱、消防泵浦室、電信室、發電機室、台電配電室、梯廳、電樓梯間、（停車空間（一樓）垃圾儲藏空間、管委會辦公室、車道、陽台、雨遮、機械室、消防水池、雨水貯留池、基地內通路穿廊等１８項。,鋼筋混凝土造,105年11月23日,九層,
RPRNMLMLPHGGFAW96EA,1,64.03,集合住宅,鋼筋混凝土造,109年12月23日,五層,三層 陽台
RPRNMLMLPHGGFAW96EA,1,13.60,集合住宅：本共有部分之項目計有安全梯、梯廳、梯坑、無障礙通路、電信機房、樓梯間、水箱等七項。,鋼筋混凝土造,109年12月23日,五層,
RPPNMLQLPHGGFAW07DA,26,110.34,住家用,鋼筋混凝土造,84年8月15日,二層,一層 二層
RPXNMLRLPHGGFAW97DA,21,84.19,集合住宅,鋼筋混凝土造,89年5月17日,八層,七層 陽台
RPXNMLRLPHGGFAW97DA,21,18.35,公共設施,鋼筋混凝土造,89年5月17日,八層,
RPWNMLRLPHGGFAW87DA,,81.77,集合住宅,鋼筋混凝土造,110年4月30日,五層,五層 陽台
RPWNMLRLPHGGFAW87DA,,14.23,集合住宅：本共有部分之項目有樓梯間、電信室等２項。,鋼筋混凝土造,110年4月30日,五層,
RPQNMLSLPHGGFAW47EA,7,207.79,集村農舍,鋼筋混凝土造,103年10月2日,三層,一層 二層 三層 陽台
RPXNMLRJPHGGFAW77DA,,91.74,集合住宅,鋼筋混凝土造,110年4月29日,五層,四層 陽台
RPXNMLRJPHGGFAW77DA,,15.69,店鋪、集合住宅、共有部分之項目有梯廳、十人份無障礙電梯（防煙）、機道、水箱、機械房等５項。,鋼筋混凝土造,110年4月29日,五層,
RPSNMLTKPHGGFAW57DA,24,159.72,住商用,鋼筋混凝土加強磚造,86年7月18日,三層,一層 二層 三層
RPUNMLMJQHGGFAW17EA,3,48.84,集合住宅,鋼筋混凝土造,107年1月18日,四層,四層 陽台
RPUNMLMJQHGGFAW17EA,3,7.60,共有部分：本共有部分之項目有樓梯間１項。,鋼筋混凝土造,107年1月18日,四層,
RPWNMLRJPHGGFAW67DA,,91.74,集合住宅,鋼筋混凝土造,110年4月29日,五層,四層 陽台
RPWNMLRJPHGGFAW67DA,,15.69,店鋪、集合住宅、共有部分之項目有梯廳、十人份無障礙電梯（防煙）、機道、水箱、機械房等５項。,鋼筋混凝土造,110年4月29日,五層,
RPPNMLNJQHGGFAW76EA,5,174.12,集合住宅,鋼筋混凝土造,105年7月28日,三層,一層 二層 三層 陽台 屋頂突出物 雨遮
RPTNMLOJQHGGFAW17DA,,260.92,住家用,鋼筋混凝土造,110年3月2日,三層,一層 二層 三層 屋頂突出物
RPVNMLPKPHGGFAW47DA,1,172.23,集合住宅,鋼筋混凝土造,109年9月4日,三層,一層 二層 三層 陽台
RPPOMLPKPHGGFAW96DA,,91.74,集合住宅,鋼筋混凝土造,110年4月29日,五層,三層 陽台
RPPOMLPKPHGGFAW96DA,,15.69,店鋪、集合住宅、共有部分之項目有梯廳、十人份無障礙電梯（防煙）、機道、水箱、機械房等５項。,鋼筋混凝土造,110年4月29日,五層,
RPQNMLKLPHGGFAW56DA,1,48.06,集合住宅,鋼筋混凝土造,109年11月20日,九層,一層
RPQNMLKLPHGGFAW56DA,1,31.82,辦公室、集合住宅、本共有部分之項目有台電配電室、機電消防室、無障礙安全梯、消防水池、防空避難室兼停車空間、電信室、清水池、環保區、管委會使用空間、走廊兼梯廳、安全梯、梯廳、雨遮、電梯機房、水箱、水錶室等計１６項。,鋼筋混凝土造,109年11月20日,九層,
RPRNMLSJPHGGFAW27DA,,81.77,集合住宅,鋼筋混凝土造,110年4月30日,五層,四層 陽台
RPRNMLSJPHGGFAW27DA,,14.23,集合住宅：本共有部分之項目有樓梯間、電信室等２項。,鋼筋混凝土造,110年4月30日,五層,
RPVNMLLLPHGGFAW17DA,,84.69,集合住宅,鋼筋混凝土造,110年6月4日,三層,二層 陽台
RPVNMLLLPHGGFAW17DA,,7.97,集合住宅、本共有部分之項目有梯廳１項。,鋼筋混凝土造,110年6月4日,三層,
RPQNMLTLPHGGFAW47DA,3,74.31,集合住宅,鋼筋混凝土造,107年8月17日,六層,三層 陽台 雨遮
RPQNMLTLPHGGFAW47DA,3,28.91,共有部分：本共有部分之項目有防空避難設備、安全梯（無障礙樓梯）、梯廳、無障礙電梯、機械房、停車空間、室內通路等７項。,鋼筋混凝土造,107年8月17日,六層,
RPTNMLNJQHGGFAW07DA,,93.46,集合住宅,鋼筋混凝土造,110年2月9日,六層,五層 陽台
RPTNMLNJQHGGFAW07DA,,61.35,集合住宅：本共有部分之項目計有滯洪池、電信室、梯廳、水箱、緊急發電室、消防幫浦室、消防水箱、廢水池、台電配電場所、受電箱、電梯空間、停車位等１２項。,鋼筋混凝土造,110年2月9日,六層,
RPSNMLNJQHGGFAW96DA,26,173.18,住家用,鋼筋混凝土造,84年6月13日,二層,一層 二層 平台
RPSNMLLLPHGGFAW86DA,,76.64,集合住宅,鋼筋混凝土造,110年6月4日,三層,一層
RPSNMLLLPHGGFAW86DA,,7.21,集合住宅、本共有部分之項目有梯廳１項。,鋼筋混凝土造,110年6月4日,三層,
RPXNMLPKPHGGFAW67DA,,86.65,集合住宅,鋼筋混凝土造,110年6月4日,五層,三層 陽台
RPXNMLPKPHGGFAW67DA,,14.63,集合住宅、本共有部分計有梯廳、機械室等２項。,鋼筋混凝土造,110年6月4日,五層,
RPWNMLPKPHGGFAW57DA,,86.65,集合住宅,鋼筋混凝土造,110年6月4日,五層,三層 陽台
RPWNMLPKPHGGFAW57DA,,14.63,集合住宅、本共有部分計有梯廳、機械室等２項。,鋼筋混凝土造,110年6月4日,五層,
RPVNMLTLPHGGFAW97DA,5,67.01,集合住宅,鋼筋混凝土造,106年1月10日,三層,二層 陽台
RPVNMLTLPHGGFAW97DA,5,6.21,共有部分：本共有部分之項目有樓梯間１項。,鋼筋混凝土造,106年1月10日,三層,
RPQNMLPJPHGGFAW86DA,2,81.12,集合住宅,鋼筋混凝土造,108年4月24日,五層,二層 陽台
RPQNMLPJPHGGFAW86DA,2,12.51,共有部分：本共有部分之項目計有走廊、無障礙電梯、梯廳、無障礙樓梯、梯間、機房（電信）等６項。,鋼筋混凝土造,108年4月24日,五層,
RPPNMLSJPHGGFAW07DA,24,181.74,住家用,鋼筋混凝土造,86年9月10日,二層,一層 二層 陽台 屋頂突出物
RPTNMLPKPHGGFAW27DA,,77.45,集合住宅,鋼筋混凝土造,110年6月4日,三層,一層
RPTNMLPKPHGGFAW27DA,,7.28,集合住宅、本共有部分之項目有梯廳１項。,鋼筋混凝土造,110年6月4日,三層,
RPOOMLPKPHGGFAW86DA,,86.65,集合住宅,鋼筋混凝土造,110年6月4日,五層,四層 陽台
RPOOMLPKPHGGFAW86DA,,14.63,集合住宅、本共有部分計有梯廳、機械室等２項。,鋼筋混凝土造,110年6月4日,五層,
RPQNMLLLPHGGFAW66DA,,88.25,集合住宅,鋼筋混凝土造,110年6月4日,三層,二層 陽台
RPQNMLLLPHGGFAW66DA,,15.04,集合住宅、本共有部分之項目有梯廳１項。,鋼筋混凝土造,110年6月4日,三層,
RPQOMLPKPHGGFAW07DA,,79.34,集合住宅,鋼筋混凝土造,110年6月4日,三層,一層
RPQOMLPKPHGGFAW07DA,,13.53,集合住宅、本共有部分之項目有梯廳１項。,鋼筋混凝土造,110年6月4日,三層,
RPOOMLLLPHGGFAW56DA,,86.65,集合住宅,鋼筋混凝土造,110年6月4日,五層,二層 陽台
RPOOMLLLPHGGFAW56DA,,14.63,集合住宅、本共有部分計有梯廳、機械室等２項。,鋼筋混凝土造,110年6月4日,五層,
RPXNMLLLPHGGFAW37DA,,78.75,集合住宅,鋼筋混凝土造,110年6月4日,五層,一層
RPXNMLLLPHGGFAW37DA,,14.63,集合住宅、本共有部分計有梯廳、機械室等２項。,鋼筋混凝土造,110年6月4日,五層,
RPPOMLLLPHGGFAW66DA,,86.65,集合住宅,鋼筋混凝土造,110年6月4日,五層,四層 陽台
RPPOMLLLPHGGFAW66DA,,14.63,集合住宅、本共有部分計有梯廳、機械室等２項。,鋼筋混凝土造,110年6月4日,五層,
RPRNMLLKQHGGFAW76DA,6,103.25,集合住宅,鋼筋混凝土造,104年12月22日,三層,二層 陽台
RPRNMLLKQHGGFAW76DA,6,6.89,共有部分：本共有部分之項目有樓梯間１項。,鋼筋混凝土造,104年12月22日,三層,
RPRNMLLKQHGGFAW76DA,6,50.76,共有部分：本共有部分之項目有停車空間、車道及樓梯間等３項。,鋼筋混凝土造,104年12月22日,三層,
RPRNMLLLPHGGFAW76DA,,88.25,集合住宅,鋼筋混凝土造,110年6月4日,三層,三層 陽台
RPRNMLLLPHGGFAW76DA,,15.04,集合住宅、本共有部分之項目有梯廳１項。,鋼筋混凝土造,110年6月4日,三層,
RPSNMLTLPHGGFAW67DA,1,46.26,集合住宅,鋼筋混凝土造,109年6月12日,四層,一層
RPSNMLTLPHGGFAW67DA,1,49.46,集合住宅,鋼筋混凝土造,109年6月12日,四層,二層 陽台
RPSNMLTLPHGGFAW67DA,1,49.50,集合住宅,鋼筋混凝土造,109年6月12日,四層,三層 陽台
RPSNMLTLPHGGFAW67DA,1,49.50,集合住宅,鋼筋混凝土造,109年6月12日,四層,四層 陽台
RPSNMLTLPHGGFAW67DA,1,46.73,集合住宅,鋼筋混凝土造,109年6月12日,四層,一層
RPSNMLTLPHGGFAW67DA,1,13.48,集合住宅：本共有部分之項目計有無障礙電梯、梯廳、樓梯間、水塔間等４項。,鋼筋混凝土造,109年6月12日,四層,
RPSNMLTLPHGGFAW67DA,1,13.48,集合住宅：本共有部分之項目計有無障礙電梯、梯廳、樓梯間、水塔間等４項。,鋼筋混凝土造,109年6月12日,四層,
RPSNMLTLPHGGFAW67DA,1,13.48,集合住宅：本共有部分之項目計有無障礙電梯、梯廳、樓梯間、水塔間等４項。,鋼筋混凝土造,109年6月12日,四層,
RPSNMLTLPHGGFAW67DA,1,13.48,集合住宅：本共有部分之項目計有無障礙電梯、梯廳、樓梯間、水塔間等４項。,鋼筋混凝土造,109年6月12日,四層,
RPSNMLTLPHGGFAW67DA,1,13.48,集合住宅：本共有部分之項目計有無障礙電梯、梯廳、樓梯間、水塔間等４項。,鋼筋混凝土造,109年6月12日,四層,
RPTNMLRLPHGGFAW57DA,,83.88,集合住宅,鋼筋混凝土造,110年6月4日,三層,三層 陽台
RPTNMLRLPHGGFAW57DA,,7.89,集合住宅、本共有部分之項目有梯廳１項。,鋼筋混凝土造,110年6月4日,三層,
RPRNMLNLPHGGFAW96DA,,86.65,集合住宅,鋼筋混凝土造,110年6月4日,五層,五層 陽台
RPRNMLNLPHGGFAW96DA,,14.63,集合住宅、本共有部分計有梯廳、機械室等２項。,鋼筋混凝土造,110年6月4日,五層,
RPPNMLPLQHGGFAW07DA,,71.66,集合住宅,鋼筋混凝土造,110年4月15日,三層,三層 陽台
RPPNMLPLQHGGFAW07DA,,8.25,集合住宅：本建物共有部分有樓梯１項。,鋼筋混凝土造,110年4月15日,三層,
RPQNMLNLPHGGFAW86DA,,86.65,集合住宅,鋼筋混凝土造,110年6月4日,五層,五層 陽台
RPQNMLNLPHGGFAW86DA,,14.63,集合住宅、本共有部分計有梯廳、機械室等２項。,鋼筋混凝土造,110年6月4日,五層,
RPTNMLLLPHGGFAW96DA,,83.88,集合住宅,鋼筋混凝土造,110年6月4日,三層,二層 陽台
RPTNMLLLPHGGFAW96DA,,7.89,集合住宅、本共有部分之項目有梯廳１項。,鋼筋混凝土造,110年6月4日,三層,
RPTNMLMLPHGGFAW07DA,,78.75,集合住宅,鋼筋混凝土造,110年6月4日,五層,一層
RPTNMLMLPHGGFAW07DA,,14.63,集合住宅、本共有部分計有梯廳、機械室等２項。,鋼筋混凝土造,110年6月4日,五層,
RPRNMLQJRHGGFAW37EA,1,37.73,旅館,鋼筋混凝土造,109年4月8日,十層,四層 陽台 雨遮
RPRNMLQJRHGGFAW37EA,1,19.94,店舖、集合住宅、本建物共有部分之項目有車道、排風機房、緊急昇降機、客梯兼無障礙電梯、廢水池、消防幫浦室、蓄水池、甲梯、進風機房、防空避難室兼停車空間、電信機房、乙梯、梯廳、汙物處理室、台電受電室、設備空間、機械室、停車空間、迴轉空間、發電機室、排煙室、消防設備空間、雨遮、陽台、管委會空間等共計２５項。,鋼筋混凝土造,109年4月8日,十層,
RPQNMLKMPHGGFAW66DA,,88.07,集合住宅,鋼筋混凝土造,110年3月19日,四層,三層 陽台
RPQNMLKMPHGGFAW66DA,,27.23,集合住宅、本共有部分之項目計有甲梯間、無障礙電梯（甲）、甲梯廳、乙梯間、無障礙電梯（乙）、乙梯廳、丙梯間、無障礙電梯（丙）、丙梯廳、停車空間、機房、水塔間等１２項。,鋼筋混凝土造,110年3月19日,五層,
RPQOMLLLPHGGFAW76DA,,86.65,集合住宅,鋼筋混凝土造,110年6月4日,五層,二層 陽台
RPQOMLLLPHGGFAW76DA,,14.63,集合住宅、本共有部分計有梯廳、機械室等２項。,鋼筋混凝土造,110年6月4日,五層,
RPSNMLQJRHGGFAW47EA,1,35.28,旅館,鋼筋混凝土造,109年4月8日,十層,五層 陽台 雨遮
RPSNMLQJRHGGFAW47EA,1,18.50,店舖、集合住宅、本建物共有部分之項目有車道、排風機房、緊急昇降機、客梯兼無障礙電梯、廢水池、消防幫浦室、蓄水池、甲梯、進風機房、防空避難室兼停車空間、電信機房、乙梯、梯廳、汙物處理室、台電受電室、設備空間、機械室、停車空間、迴轉空間、發電機室、排煙室、消防設備空間、雨遮、陽台、管委會空間等共計２５項。,鋼筋混凝土造,109年4月8日,十層,
RPWNMLLLPHGGFAW27DA,,84.69,集合住宅,鋼筋混凝土造,110年6月4日,三層,三層 陽台
RPWNMLLLPHGGFAW27DA,,7.97,集合住宅、本共有部分之項目有梯廳１項。,鋼筋混凝土造,110年6月4日,三層,
RPOOMLQJQHGGFAW96DA,1,72.50,集合住宅,鋼筋混凝土造,109年11月20日,九層,八層 陽台 雨遮
RPOOMLQJQHGGFAW96DA,1,40.68,辦公室、集合住宅、本共有部分之項目有台電配電室、機電消防室、無障礙安全梯、消防水池、防空避難室兼停車空間、電信室、清水池、環保區、管委會使用空間、走廊兼梯廳、安全梯、梯廳、雨遮、電梯機房、水箱、水錶室等計１６項。,鋼筋混凝土造,109年11月20日,九層,
RPQNMLTJRHGGFAW47DA,10,100.68,集合住宅,鋼筋混凝土造,101年1月4日,三層,二層 陽台
RPQNMLTJRHGGFAW47DA,10,12.65,共有部分：本共有部分之項目有樓梯間、閣樓二項。,鋼筋混凝土造,101年1月4日,三層,
RPUNMLQJQHGGFAW47DA,1,74.43,集合住宅,鋼筋混凝土造,109年11月20日,九層,七層 陽台 雨遮
RPUNMLQJQHGGFAW47DA,1,26.84,辦公室、集合住宅、本共有部分之項目有台電配電室、機電消防室、無障礙安全梯、消防水池、防空避難室兼停車空間、電信室、清水池、環保區、管委會使用空間、走廊兼梯廳、安全梯、梯廳、雨遮、電梯機房、水箱、水錶室等計１６項。,鋼筋混凝土造,109年11月20日,九層,
RPPNMLKLOHGGFAW98DA,6,51.43,集合住宅,鋼筋混凝土造,104年7月16日,三層,三層 陽台 雨遮
RPPNMLKLOHGGFAW98DA,6,9.25,共有部分：本共有部分之項目有樓梯間、機電空間、雨遮等三項。,鋼筋混凝土造,104年7月16日,三層,
RPTNMLRJOHGGFAW27DA,,87.92,集合住宅,鋼筋混凝土造,110年1月18日,五層,二層 陽台
RPTNMLRJOHGGFAW27DA,,20.46,集合住宅、共有部分之項目有甲梯、甲無障礙電梯、乙梯、乙無障礙電梯、管委會使用空間、甲梯廳、水箱、乙梯間、電信室等９項。,鋼筋混凝土造,110年1月18日,五層,
RPPNMLOLOHGGFAW76DA,,78.14,集合住宅,鋼筋混凝土造,110年2月3日,五層,二層 陽台
RPPNMLOLOHGGFAW76DA,,16.69,集合住宅、本共有部分之項目計有無障礙電梯、梯廳、安全梯甲、安全梯乙、樓梯間、電信機房等六項。,鋼筋混凝土造,110年2月3日,五層,
RPPNMLOLOHGGFAW76DA,,1.57,集合住宅、本共有部分之項目計有通道等一項。,鋼筋混凝土造,110年2月3日,五層,
RPPNMLRJOHGGFAW86DA,,78.14,集合住宅,鋼筋混凝土造,110年2月3日,五層,二層 陽台
RPPNMLRJOHGGFAW86DA,,16.69,集合住宅、本共有部分之項目計有無障礙電梯、梯廳、安全梯甲、安全梯乙、樓梯間、電信機房等六項。,鋼筋混凝土造,110年2月3日,五層,
RPPNMLRJOHGGFAW86DA,,1.57,集合住宅、本共有部分之項目計有通道等一項。,鋼筋混凝土造,110年2月3日,五層,
RPSNMLPLOHGGFAW17DA,5,25.92,集合住宅,鋼筋混凝土造,105年1月26日,三層,三層 陽台
RPSNMLPLOHGGFAW17DA,5,8.85,共有部分：本共有部分之項目有車道、停車空間、消防蓄水池、蓄水箱、消防機械室、發電機室、樓梯間、電梯廳、管理室、電信室、玄關、大廳及陽台等１３項。,鋼筋混凝土造,105年1月26日,三層,
RPPNMLSKOHGGFAW07DA,4,90.75,集合住宅。,鋼筋混凝土造,106年5月25日,三層,三層 陽台
RPPNMLSKOHGGFAW07DA,4,6.81,共有部分：本共有部分之項目有樓梯間１項。,鋼筋混凝土造,106年5月25日,三層,
RPRNMLMLOHGGFAW76DA,1,73.13,集合住宅,鋼筋混凝土造,109年6月23日,三層,一層
RPUNMLOLOHGGFAW27DA,6,39.68,集合住宅,鋼筋混凝土造,104年11月25日,八層,八層 陽台 雨遮
RPRNMLMLOHGGFAW76DA,1,10.62,集合住宅、本共有部分有樓梯間及水箱等２項。,鋼筋混凝土造,109年6月23日,三層,
RPUNMLOLOHGGFAW27DA,6,54.76,共有部分：本共有部分項目有：管委會空間、電樓梯間、梯廳、車道、走廊、防空避難室兼停車空間、受電箱、台電配電場所、電信機房、蓄水池、汙水處理機房、消防泵浦室、水箱等十三項。,鋼筋混凝土造,104年11月25日,八層,
RPQNMLMLOHGGFAW66DA,1,48.97,集合住宅,鋼筋混凝土造,109年6月12日,四層,二層 陽台
RPQNMLMLOHGGFAW66DA,1,13.48,集合住宅：本共有部分之項目計有無障礙電梯、梯廳、樓梯間、水塔間等４項。,鋼筋混凝土造,109年6月12日,四層,
RPSNMLMLOHGGFAW86DA,,94.30,集合住宅,鋼筋混凝土造,110年2月9日,六層,四層 陽台
RPSNMLMLOHGGFAW86DA,,61.35,集合住宅：本共有部分之項目計有滯洪池、電信室、梯廳、水箱、緊急發電室、消防幫浦室、消防水箱、廢水池、台電配電場所、受電箱、電梯空間、停車位等１２項。,鋼筋混凝土造,110年2月9日,六層,
RPPNMLNLOHGGFAW66DA,3,187.15,集合住宅,鋼筋混凝土造,107年5月14日,三層,一層 二層 三層 陽台
RPPNMLNLOHGGFAW66DA,3,75.67,共有部分：本共有部分之項目計有台電配電場所、配電場所、電表箱空間、電信機房、消防幫浦室、緊急發電機室、水箱、停車空間、污水池、管理室、車道、公共廁所等１２項。,鋼筋混凝土造,107年5月14日,三層,
RPSNMLQJPHGGFAW17DA,6,38.04,集合住宅,鋼筋混凝土造,104年4月29日,三層,三層 雨遮
RPSNMLQJPHGGFAW17DA,6,12.14,共有部分：本共有部分之項目計有機房空間、樓梯間、電梯、雨遮、走廊等五項。,鋼筋混凝土造,104年4月29日,三層,
RPSNMLKMOHGGFAW76DA,43,96.80,住商用,鋼筋混凝土造,67年8月15日,二層,一層 二層 騎樓
RPRNMLOKPHGGFAW96DA,8,77.91,集合住宅,鋼筋混凝土造,102年10月25日,三層,二層 陽台
RPRNMLOKPHGGFAW96DA,8,5.32,共有部分：本共有部分之項目有樓梯間一項。,鋼筋混凝土造,102年10月25日,三層,
RPSNMLLLOHGGFAW76DA,,87.15,集合住宅,鋼筋混凝土造,110年3月19日,五層,二層 陽台
RPSNMLLLOHGGFAW76DA,,25.90,集合住宅、本共有部分之項目計有甲梯間、無障礙電梯（甲）、甲梯廳、乙梯間、無障礙電梯（乙）、乙梯廳、丙梯間、無障礙電梯（丙）、丙梯廳、停車空間、機房、水塔間等１２項。,鋼筋混凝土造,110年3月19日,五層,
RPTNMLMKPHGGFAW07EA,1,57.82,集合住宅,鋼筋混凝土造,109年12月23日,五層,一層
RPTNMLMKPHGGFAW07EA,1,13.46,集合住宅：本共有部分之項目計有安全梯、梯廳、梯坑、無障礙通路、電信機房、樓梯間、水箱等七項。,鋼筋混凝土造,109年12月23日,五層,
RPVNMLKMOHGGFAW07DA,8,143.68,集合住宅,鋼筋混凝土造,102年10月11日,三層,一層 二層 三層 陽台 雨遮
RPUNMLMKPHGGFAW17EA,,64.03,集合住宅,鋼筋混凝土造,109年12月23日,五層,五層 陽台
RPUNMLMKPHGGFAW17EA,,13.60,集合住宅：本共有部分之項目計有安全梯、梯廳、梯坑、無障礙通路、電信機房、樓梯間、水箱等七項。,鋼筋混凝土造,109年12月23日,五層,
RPSNMLMKPHGGFAW86DA,8,77.78,集合住宅,鋼筋混凝土造,102年10月8日,三層,三層 陽台
RPSNMLMKPHGGFAW86DA,8,6.24,共有部分：本共有部分之項目有樓梯間等一項。,鋼筋混凝土造,102年10月8日,三層,
RPQNMLSJPHGGFAW17DA,,74.69,集合住宅,鋼筋混凝土造,110年4月30日,五層,一層
RPQNMLSJPHGGFAW17DA,,14.23,集合住宅：本共有部分之項目有樓梯間、電信室等２項。,鋼筋混凝土造,110年4月30日,五層,
RPRNMLOLOHGGFAW96DA,5,51.98,集合住宅,鋼筋混凝土造,105年6月17日,七層,三層 陽台 雨遮
RPRNMLOLOHGGFAW96DA,5,20.40,共有部分：本共有部分之項目有梯間、防空避難室兼停車空間、消防水池、機電消防室、台電配電室、雨遮、汽車升降機房、汽車昇降道、清水池、電信室、車道、外廊、水錶室、水箱、電梯機房等１５項。,鋼筋混凝土造,105年6月17日,七層,
RPTNMLOLOHGGFAW17DA,1,70.69,集合住宅,鋼筋混凝土造,109年11月20日,九層,二層 陽台
RPTNMLOLOHGGFAW17DA,1,25.49,辦公室、集合住宅、本共有部分之項目有台電配電室、機電消防室、無障礙安全梯、消防水池、防空避難室兼停車空間、電信室、清水池、環保區、管委會使用空間、走廊兼梯廳、安全梯、梯廳、雨遮、電梯機房、水箱、水錶室等計１６項。,鋼筋混凝土造,109年11月20日,九層,
RPVNMLTKPHGGFAW87DA,,71.66,集合住宅,鋼筋混凝土造,110年4月15日,三層,二層 陽台
RPVNMLTKPHGGFAW87DA,,8.25,集合住宅：本建物共有部分有樓梯１項。,鋼筋混凝土造,110年4月15日,三層,
RPQNMLLJPHGGFAW09DA,,82.72,集合住宅,鋼筋混凝土造,110年4月30日,五層,四層 陽台
RPQNMLLJPHGGFAW09DA,,14.23,集合住宅：本共有部分之項目有樓梯間、電信室等２項。,鋼筋混凝土造,110年4月30日,五層,
RPSNMLLJPHGGFAW66DA,,82.72,集合住宅,鋼筋混凝土造,110年4月30日,五層,三層 陽台
RPSNMLLJPHGGFAW66DA,,14.23,集合住宅：本共有部分之項目有樓梯間、電信室等２項。,鋼筋混凝土造,110年4月30日,五層,
RPUNMLLJPHGGFAW86DA,,81.94,集合住宅,鋼筋混凝土造,110年4月30日,五層,二層 陽台
RPUNMLLJPHGGFAW86DA,,14.23,集合住宅：本共有部分之項目有樓梯間、電信室等２項。,鋼筋混凝土造,110年4月30日,五層,
RPVNMLLJPHGGFAW96DA,,81.94,集合住宅,鋼筋混凝土造,110年4月30日,五層,三層 陽台
RPVNMLLJPHGGFAW96DA,,14.23,集合住宅：本共有部分之項目有樓梯間、電信室等２項。,鋼筋混凝土造,110年4月30日,五層,
RPTNMLLJPHGGFAW76DA,,82.72,集合住宅,鋼筋混凝土造,110年4月30日,五層,二層 陽台
RPTNMLLJPHGGFAW76DA,,14.23,集合住宅：本共有部分之項目有樓梯間、電信室等２項。,鋼筋混凝土造,110年4月30日,五層,
RPOOMLLJPHGGFAW98DA,,81.94,集合住宅,鋼筋混凝土造,110年4月30日,五層,四層 陽台
RPOOMLLJPHGGFAW98DA,,14.23,集合住宅：本共有部分之項目有樓梯間、電信室等２項。,鋼筋混凝土造,110年4月30日,五層,
RPWNMLLJPHGGFAW07DA,,81.94,集合住宅,鋼筋混凝土造,110年4月30日,五層,五層 陽台
RPWNMLLJPHGGFAW07DA,,14.23,集合住宅：本共有部分之項目有樓梯間、電信室等２項。,鋼筋混凝土造,110年4月30日,五層,
RPPNMLPKOHGGFAW76DA,,88.07,集合住宅,鋼筋混凝土造,110年3月19日,四層,四層 陽台
RPPNMLPKOHGGFAW76DA,,27.23,集合住宅、本共有部分之項目計有甲梯間、無障礙電梯（甲）、甲梯廳、乙梯間、無障礙電梯（乙）、乙梯廳、丙梯間、無障礙電梯（丙）、丙梯廳、停車空間、機房、水塔間等１２項。,鋼筋混凝土造,110年3月19日,五層,
RPTNMLMJQHGGFAW96DA,,77.71,集合住宅,鋼筋混凝土造,110年4月15日,三層,二層 陽台
RPTNMLMJQHGGFAW96DA,,8.95,集合住宅：本建物共有部分有樓梯１項。,鋼筋混凝土造,110年4月15日,三層,
RPRNMLLJPHGGFAW56DA,,82.72,集合住宅,鋼筋混凝土造,110年4月30日,五層,五層 陽台
RPXNMLLJPHGGFAW17DA,,75.47,集合住宅,鋼筋混凝土造,110年4月30日,五層,一層
RPRNMLLJPHGGFAW56DA,,14.23,集合住宅：本共有部分之項目有樓梯間、電信室等２項。,鋼筋混凝土造,110年4月30日,五層,
RPXNMLLJPHGGFAW17DA,,14.23,集合住宅：本共有部分之項目有樓梯間、電信室等２項。,鋼筋混凝土造,110年4月30日,五層,
RPUNMLPKOHGGFAW27DA,26,195.86,住家用,鋼筋混凝土造,84年6月26日,三層,一層 二層 三層 陽台
RPQNMLOJOHGGFAW66DA,3,177.23,集合住宅,鋼筋混凝土造,107年7月31日,三層,一層 二層 三層 陽台 屋頂突出物
RPTNMLTKPHGGFAW67DA,5,406.63,集村農舍,鋼筋混凝土造,105年5月30日,三層,一層 二層 三層 陽台 屋簷
RPSNMLPKOHGGFAW07DA,3,216.13,集合住宅,鋼筋混凝土造,107年9月28日,三層,一層 二層 三層 陽台
RPSNMLPKOHGGFAW07DA,3,35.67,共有部分：本共有部分之項目有消防機房（兼發電機室）、車道、儲藏室、台電配電室、停車空間、樓梯、梯廳、門廊及無障礙電梯等９項。,鋼筋混凝土造,107年9月28日,三層,
RPPNMLOKPHGGFAW76DA,5,77.60,集合住宅,鋼筋混凝土造,105年4月21日,八層,一層 陽台
RPPNMLOKPHGGFAW76DA,5,23.95,共有部分：本共有部分之項目有梯間、防空避難室兼停車空間、車道、升降機機道、機電消防室、電信室、台電配電室、清水池、消防水池、外廊、水錶室、水箱及電梯機房等１３項。,鋼筋混凝土造,105年4月21日,八層,
RPTNMLKMOHGGFAW86DA,4,46.83,集合住宅,鋼筋混凝土造,106年7月31日,三層,三層
RPTNMLKMOHGGFAW86DA,4,9.76,共有部分：本共有部分之項目有樓梯間１項。,鋼筋混凝土造,106年7月31日,三層,
RPPOMLRLNHGGFAW07DA,,94.30,集合住宅,鋼筋混凝土造,110年2月9日,六層,五層 陽台
RPPOMLRLNHGGFAW07DA,,61.35,集合住宅：本共有部分之項目計有滯洪池、電信室、梯廳、水箱、緊急發電室、消防幫浦室、消防水箱、廢水池、台電配電場所、受電箱、電梯空間、停車位等１２項。,鋼筋混凝土造,110年2月9日,六層,
RPRNMLOLNHGGFAW86DA,1,75.31,集合住宅,鋼筋混凝土造,109年5月29日,五層,四層 陽台
RPRNMLOLNHGGFAW86DA,1,24.43,集合住宅：本共有部分之項目計有樓梯間、水箱等二項。,鋼筋混凝土造,109年5月29日,五層,
RPPNMLTJOHGGFAW07DA,5,171.37,店舖、住宅,鋼筋混凝土造,104年11月25日,八層,一層 二層 陽台 雨遮
RPPNMLTJOHGGFAW07DA,5,133.80,共有部分：本共有部分項目有：管委會空間、電樓梯間、梯廳、車道、走廊、防空避難室兼停車空間、受電箱、台電配電場所、電信機房、蓄水池、汙水處理機房、消防泵浦室、水箱等十三項。,鋼筋混凝土造,104年11月25日,八層,
RPVOMLOKNHGGFAW27DA,1,104.06,集合住宅,鋼筋混凝土造,109年6月29日,五層,一層 陽台
RPVOMLOKNHGGFAW27DA,1,12.18,集合住宅：本共有部分之項目有樓梯間、水箱等二項。,鋼筋混凝土造,109年6月29日,五層,
RPTNMLPLNHGGFAW17DA,3,63.19,集合住宅,鋼筋混凝土造,106年11月16日,三層,一層 陽台 地下一層
RPUOMLOKNHGGFAW17DA,,71.63,集合住宅,鋼筋混凝土造,109年11月20日,九層,三層 陽台 雨遮
RPTNMLPLNHGGFAW17DA,3,63.19,集合住宅,鋼筋混凝土造,106年11月16日,三層,一層 陽台 地下一層
RPTNMLPLNHGGFAW17DA,3,5.32,共有部分：本共有部分之項目有門廳及樓梯間等２項。,鋼筋混凝土造,106年11月16日,三層,
RPTNMLPLNHGGFAW17DA,3,5.32,共有部分：本共有部分之項目有門廳及樓梯間等２項。,鋼筋混凝土造,106年11月16日,三層,
RPUOMLOKNHGGFAW17DA,,25.82,辦公室、集合住宅、本共有部分之項目有台電配電室、機電消防室、無障礙安全梯、消防水池、防空避難室兼停車空間、電信室、清水池、環保區、管委會使用空間、走廊兼梯廳、安全梯、梯廳、雨遮、電梯機房、水箱、水錶室等計１６項。,鋼筋混凝土造,109年11月20日,九層,
RPVNMLPKOHGGFAW37DA,2,56.76,集合住宅,鋼筋混凝土造,108年11月29日,四層,四層 陽台
RPVNMLPKOHGGFAW37DA,2,20.05,共有部分：本共有部分之項目有無障礙電梯、梯間、無障礙室內通路、樓電梯間、樓梯間、機電設備空間等６項。,鋼筋混凝土造,108年11月29日,四層,
RPRNMLLMNHGGFAW66DA,1,57.56,集合住宅,鋼筋混凝土造,109年8月17日,五層,二層 陽台
RPRNMLLMNHGGFAW66DA,1,9.79,集合住宅：本共有部分之項目計無障礙電梯、梯廳、安全梯間、無障礙樓梯、機房（電信）、甲梯等６項。,鋼筋混凝土造,109年8月17日,五層,
RPPNMLKKOHGGFAW88DA,5,211.39,集村農舍,鋼筋混凝土造,105年5月30日,三層,一層 二層 三層 陽台
RPRNMLPLOHGGFAW07DA,6,6.73,集合住宅,鋼筋混凝土造,104年7月22日,三層,二層 陽台
RPRNMLPLOHGGFAW07DA,6,6.73,集合住宅,鋼筋混凝土造,104年7月22日,三層,二層 陽台
RPRNMLPLOHGGFAW07DA,6,6.73,集合住宅,鋼筋混凝土造,104年7月22日,三層,二層 陽台
RPRNMLPLOHGGFAW07DA,6,3.63,共有部分：本共有部分之項目計有：消防水箱、泵浦室、電信室、台電配電室、樓梯間、電梯間、停車空間等七項。,鋼筋混凝土造,104年7月22日,三層,
RPRNMLPLOHGGFAW07DA,6,3.63,共有部分：本共有部分之項目計有：消防水箱、泵浦室、電信室、台電配電室、樓梯間、電梯間、停車空間等七項。,鋼筋混凝土造,104年7月22日,三層,
RPRNMLPLOHGGFAW07DA,6,3.63,共有部分：本共有部分之項目計有：消防水箱、泵浦室、電信室、台電配電室、樓梯間、電梯間、停車空間等七項。,鋼筋混凝土造,104年7月22日,三層,
RPRNMLPLOHGGFAW07DA,6,2.85,共有部分：本共有部分之項目計有：樓梯間、門廊、走廊、電梯間等四項。,鋼筋混凝土造,104年7月22日,三層,
RPRNMLPLOHGGFAW07DA,6,2.85,共有部分：本共有部分之項目計有：樓梯間、門廊、走廊、電梯間等四項。,鋼筋混凝土造,104年7月22日,三層,
RPRNMLPLOHGGFAW07DA,6,2.85,共有部分：本共有部分之項目計有：樓梯間、門廊、走廊、電梯間等四項。,鋼筋混凝土造,104年7月22日,三層,
RPRNMLTLOHGGFAW47DA,2,100.90,集合住宅,鋼筋混凝土造,108年6月24日,五層,五層 陽台
RPRNMLTLOHGGFAW47DA,2,12.63,共有部分：本共有部分之項目有無障礙電梯、梯間及梯廳等３項。,鋼筋混凝土造,108年6月24日,五層,
RPUNMLRLNHGGFAW47DA,,59.18,集合住宅,鋼筋混凝土造,110年3月19日,五層,四層 陽台
RPUNMLRLNHGGFAW47DA,,17.64,集合住宅、本共有部分之項目計有甲梯間、無障礙電梯（甲）、甲梯廳、乙梯間、無障礙電梯（乙）、乙梯廳、丙梯間、無障礙電梯（丙）、丙梯廳、停車空間、機房、水塔間等１２項。,鋼筋混凝土造,110年3月19日,五層,
RPTNMLQLNHGGFAW27DA,,88.07,集合住宅,鋼筋混凝土造,110年3月19日,四層,二層 陽台
RPTNMLQLNHGGFAW27DA,,112.16,集合住宅、本共有部分之項目計有甲梯間、無障礙電梯（甲）、甲梯廳、乙梯間、無障礙電梯（乙）、乙梯廳、丙梯間、無障礙電梯（丙）、丙梯廳、停車空間、機房、水塔間等１２項。,鋼筋混凝土造,110年3月19日,五層,
RPRNMLQLNHGGFAW07DA,,80.90,集合住宅,鋼筋混凝土造,110年3月19日,五層,一層
RPRNMLQLNHGGFAW07DA,,23.91,集合住宅、本共有部分之項目計有甲梯間、無障礙電梯（甲）、甲梯廳、乙梯間、無障礙電梯（乙）、乙梯廳、丙梯間、無障礙電梯（丙）、丙梯廳、停車空間、機房、水塔間等１２項。,鋼筋混凝土造,110年3月19日,五層,
RPUNMLQLNHGGFAW37DA,,58.54,集合住宅,鋼筋混凝土造,110年3月19日,五層,三層 陽台
RPUNMLQLNHGGFAW37DA,,17.56,集合住宅、本共有部分之項目計有甲梯間、無障礙電梯（甲）、甲梯廳、乙梯間、無障礙電梯（乙）、乙梯廳、丙梯間、無障礙電梯（丙）、丙梯廳、停車空間、機房、水塔間等１２項。,鋼筋混凝土造,110年3月19日,五層,
RPVNMLQLNHGGFAW47DA,,72.02,集合住宅,鋼筋混凝土造,110年3月19日,四層,三層 陽台
RPVNMLQLNHGGFAW47DA,,22.21,集合住宅、本共有部分之項目計有甲梯間、無障礙電梯（甲）、甲梯廳、乙梯間、無障礙電梯（乙）、乙梯廳、丙梯間、無障礙電梯（丙）、丙梯廳、停車空間、機房、水塔間等１２項。,鋼筋混凝土造,110年3月19日,五層,
RPVNMLRLNHGGFAW57DA,,59.60,集合住宅,鋼筋混凝土造,110年3月19日,五層,五層 陽台
RPVNMLRLNHGGFAW57DA,,17.93,集合住宅、本共有部分之項目計有甲梯間、無障礙電梯（甲）、甲梯廳、乙梯間、無障礙電梯（乙）、乙梯廳、丙梯間、無障礙電梯（丙）、丙梯廳、停車空間、機房、水塔間等１２項。,鋼筋混凝土造,110年3月19日,五層,
RPRNMLSKNHGGFAW17DA,,74.48,集合住宅,鋼筋混凝土造,109年11月20日,九層,五層 陽台 雨遮
RPRNMLSKNHGGFAW17DA,,26.85,辦公室、集合住宅、本共有部分之項目有台電配電室、機電消防室、無障礙安全梯、消防水池、防空避難室兼停車空間、電信室、清水池、環保區、管委會使用空間、走廊兼梯廳、安全梯、梯廳、雨遮、電梯機房、水箱、水錶室等計１６項。,鋼筋混凝土造,109年11月20日,九層,
SPVNMLRLNHGGFAW67DA,,58.54,集合住宅,鋼筋混凝土造,110年3月19日,五層,五層 陽台
SPVNMLRLNHGGFAW67DA,,17.64,集合住宅、本共有部分之項目計有甲梯間、無障礙電梯（甲）、甲梯廳、乙梯間、無障礙電梯（乙）、乙梯廳、丙梯間、無障礙電梯（丙）、丙梯廳、停車空間、機房、水塔間等１２項。,鋼筋混凝土造,110年3月19日,五層,
RPPNMLTKNHGGFAW07DA,,74.43,集合住宅,鋼筋混凝土造,109年11月20日,九層,五層 陽台 雨遮
RPPNMLTKNHGGFAW07DA,,26.74,辦公室、集合住宅、本共有部分之項目有台電配電室、機電消防室、無障礙安全梯、消防水池、防空避難室兼停車空間、電信室、清水池、環保區、管委會使用空間、走廊兼梯廳、安全梯、梯廳、雨遮、電梯機房、水箱、水錶室等計１６項。,鋼筋混凝土造,109年11月20日,九層,
RPRNMLPKOHGGFAW96DA,,59.60,集合住宅,鋼筋混凝土造,110年3月19日,五層,三層 陽台
RPRNMLPKOHGGFAW96DA,,17.93,集合住宅、本共有部分之項目計有甲梯間、無障礙電梯（甲）、甲梯廳、乙梯間、無障礙電梯（乙）、乙梯廳、丙梯間、無障礙電梯（丙）、丙梯廳、停車空間、機房、水塔間等１２項。,鋼筋混凝土造,110年3月19日,五層,
RPWNMLRLNHGGFAW67DA,,59.18,集合住宅,鋼筋混凝土造,110年3月19日,五層,五層 陽台
RPWNMLRLNHGGFAW67DA,,17.64,集合住宅、本共有部分之項目計有甲梯間、無障礙電梯（甲）、甲梯廳、乙梯間、無障礙電梯（乙）、乙梯廳、丙梯間、無障礙電梯（丙）、丙梯廳、停車空間、機房、水塔間等１２項。,鋼筋混凝土造,110年3月19日,五層,
RPXNMLQJNHGGFAW47DA,22,135.93,住家用,鋼筋混凝土造,88年5月17日,三層,一層 二層 三層 陽台 平台
RPTNMLRLNHGGFAW37DA,,87.15,集合住宅,鋼筋混凝土造,110年3月19日,五層,四層 陽台
RPTNMLRLNHGGFAW37DA,,25.90,集合住宅、本共有部分之項目計有甲梯間、無障礙電梯（甲）、甲梯廳、乙梯間、無障礙電梯（乙）、乙梯廳、丙梯間、無障礙電梯（丙）、丙梯廳、停車空間、機房、水塔間等１２項。,鋼筋混凝土造,110年3月19日,五層,
RPSNMLMJOHGGFAW66DA,1,70.69,集合住宅,鋼筋混凝土造,109年11月20日,九層,二層 陽台
RPSNMLMJOHGGFAW66DA,1,40.04,辦公室、集合住宅、本共有部分之項目有台電配電室、機電消防室、無障礙安全梯、消防水池、防空避難室兼停車空間、電信室、清水池、環保區、管委會使用空間、走廊兼梯廳、安全梯、梯廳、雨遮、電梯機房、水箱、水錶室等計１６項。,鋼筋混凝土造,109年11月20日,九層,
RPRNMLOJQHGGFAW96DA,34,258.70,住商用,鋼筋混凝土加強磚造,76年2月8日,三層,一層 二層 三層 陽台
RPQNMLPLOHGGFAW96DA,2,66.53,集合住宅,鋼筋混凝土造,108年6月25日,三層,三層 陽台
RPQNMLPLOHGGFAW96DA,2,54.27,共有部分：本共有部分之項目計有機房Ａ－消防泵浦室、機房Ｂ－發電機室、機房Ｃ－電信、機房Ｄ－台電、機房Ｅ－自來水用（下水池）、消防水池、梯廳、梯間、停車空間、公共空間、走廊、電梯、地下車道、滯洪池、停車位等１５項。,鋼筋混凝土造,108年6月25日,三層,
RPPNMLKKQHGGFAW09DA,,77.71,集合住宅,鋼筋混凝土造,110年4月15日,三層,一層 陽台
RPPNMLKKQHGGFAW09DA,,8.95,集合住宅：本建物共有部分有樓梯１項。,鋼筋混凝土造,110年4月15日,三層,
RPOOMLRLNHGGFAW96DA,,58.54,集合住宅,鋼筋混凝土造,110年3月19日,五層,二層 陽台
RPOOMLRLNHGGFAW96DA,,17.56,集合住宅、本共有部分之項目計有甲梯間、無障礙電梯（甲）、甲梯廳、乙梯間、無障礙電梯（乙）、乙梯廳、丙梯間、無障礙電梯（丙）、丙梯廳、停車空間、機房、水塔間等１２項。,鋼筋混凝土造,110年3月19日,五層,
RPQNMLNKNHGGFAW56DA,6,213.65,集村農舍,鋼筋混凝土造,104年9月11日,三層,一層 二層 三層 陽台
RPQNMLMKNHGGFAW09DA,,56.97,集合住宅,鋼筋混凝土造,109年11月20日,九層,七層 陽台 雨遮
RPQNMLMKNHGGFAW09DA,,20.55,辦公室、集合住宅、本共有部分之項目有台電配電室、機電消防室、無障礙安全梯、消防水池、防空避難室兼停車空間、電信室、清水池、環保區、管委會使用空間、走廊兼梯廳、安全梯、梯廳、雨遮、電梯機房、水箱、水錶室等計１６項。,鋼筋混凝土造,109年11月20日,九層,
RPQNMLQJRHGGFAW27EA,1,40.42,旅館,鋼筋混凝土造,109年4月8日,十層,八層 陽台 雨遮
RPSNMLTKMHGGFAW27DA,,56.97,集合住宅,鋼筋混凝土造,109年11月20日,九層,六層 陽台 雨遮
RPQNMLQJRHGGFAW27EA,1,20.66,店舖、集合住宅、本建物共有部分之項目有車道、排風機房、緊急昇降機、客梯兼無障礙電梯、廢水池、消防幫浦室、蓄水池、甲梯、進風機房、防空避難室兼停車空間、電信機房、乙梯、梯廳、汙物處理室、台電受電室、設備空間、機械室、停車空間、迴轉空間、發電機室、排煙室、消防設備空間、雨遮、陽台、管委會空間等共計２５項。,鋼筋混凝土造,109年4月8日,十層,
RPSNMLTKMHGGFAW27DA,,20.55,辦公室、集合住宅、本共有部分之項目有台電配電室、機電消防室、無障礙安全梯、消防水池、防空避難室兼停車空間、電信室、清水池、環保區、管委會使用空間、走廊兼梯廳、安全梯、梯廳、雨遮、電梯機房、水箱、水錶室等計１６項。,鋼筋混凝土造,109年11月20日,九層,
RPSNMLMKNHGGFAW66DA,,58.04,集合住宅,鋼筋混凝土造,109年11月20日,九層,二層 陽台 雨遮
RPSNMLMKNHGGFAW66DA,,20.89,辦公室、集合住宅、本共有部分之項目有台電配電室、機電消防室、無障礙安全梯、消防水池、防空避難室兼停車空間、電信室、清水池、環保區、管委會使用空間、走廊兼梯廳、安全梯、梯廳、雨遮、電梯機房、水箱、水錶室等計１６項。,鋼筋混凝土造,109年11月20日,九層,
RPQNMLKKOHGGFAW98DA,4,93.11,集合住宅,鋼筋混凝土造,105年11月4日,十一層,三層 陽台
RPQNMLKKOHGGFAW98DA,4,68.32,共有部分：本共有部分之項目有蓄水池、停車空間、滯洪池、消防蓄水池、消防機械室、儲藏室、車道、樓梯間、電信室、防空避難室兼停車空間、發電機房、台電配電室、管理室、公共廁所、梯廳、機房、水錶間、水箱、安全梯間、昇降機道、台電通道、機車區、甲梯無障礙樓梯（安全梯）、乙梯（安全梯）、昇降機及無障礙昇降機等２６項。,鋼筋混凝土造,105年11月4日,十一層,
RPRNMLKKOHGGFAW09DA,4,93.11,集合住宅,鋼筋混凝土造,105年11月4日,十一層,三層 陽台
RPRNMLKKOHGGFAW09DA,4,104.43,共有部分：本共有部分之項目有蓄水池、停車空間、滯洪池、消防蓄水池、消防機械室、儲藏室、車道、樓梯間、電信室、防空避難室兼停車空間、發電機房、台電配電室、管理室、公共廁所、梯廳、機房、水錶間、水箱、安全梯間、昇降機道、台電通道、機車區、甲梯無障礙樓梯（安全梯）、乙梯（安全梯）、昇降機及無障礙昇降機等２６項。,鋼筋混凝土造,105年11月4日,十一層,
RPRNMLKLNHGGFAW09DA,,93.46,集合住宅,鋼筋混凝土造,110年2月9日,六層,四層 陽台
RPRNMLKLNHGGFAW09DA,,60.24,集合住宅：本共有部分之項目計有滯洪池、電信室、梯廳、水箱、緊急發電室、消防幫浦室、消防水箱、廢水池、台電配電場所、受電箱、電梯空間、停車位等１２項。,鋼筋混凝土造,110年2月9日,六層,
RPOOMLKLMHGGFAW78DA,,99.33,集合住宅,鋼筋混凝土造,110年3月12日,五層,五層 陽台
RPOOMLKLMHGGFAW78DA,,19.06,集合住宅：本共有部分之項目有無障礙通路、梯廳、水箱等３項。,鋼筋混凝土造,110年3月12日,五層,
RPQOMLTLMHGGFAW27DA,,74.48,集合住宅,鋼筋混凝土造,109年11月20日,九層,九層 陽台 雨遮
RPQOMLTLMHGGFAW27DA,,41.40,辦公室、集合住宅、本共有部分之項目有台電配電室、機電消防室、無障礙安全梯、消防水池、防空避難室兼停車空間、電信室、清水池、環保區、管委會使用空間、走廊兼梯廳、安全梯、梯廳、雨遮、電梯機房、水箱、水錶室等計１６項。,鋼筋混凝土造,109年11月20日,九層,
RPVNMLKKNHGGFAW76DA,,80.14,集合住宅,鋼筋混凝土造,110年3月26日,三層,二層 陽台
RPVNMLKKNHGGFAW76DA,,6.11,集合住宅,鋼筋混凝土造,110年3月26日,三層,
RPQNMLTKMHGGFAW07DA,,74.48,集合住宅,鋼筋混凝土造,109年11月20日,九層,五層 陽台 雨遮
RPQNMLTKMHGGFAW07DA,,26.85,辦公室、集合住宅、本共有部分之項目有台電配電室、機電消防室、無障礙安全梯、消防水池、防空避難室兼停車空間、電信室、清水池、環保區、管委會使用空間、走廊兼梯廳、安全梯、梯廳、雨遮、電梯機房、水箱、水錶室等計１６項。,鋼筋混凝土造,109年11月20日,九層,
RPWNMLTLMHGGFAW77DA,,72.45,集合住宅,鋼筋混凝土造,109年11月20日,九層,六層 陽台 雨遮
RPWNMLTLMHGGFAW77DA,,40.66,辦公室、集合住宅、本共有部分之項目有台電配電室、機電消防室、無障礙安全梯、消防水池、防空避難室兼停車空間、電信室、清水池、環保區、管委會使用空間、走廊兼梯廳、安全梯、梯廳、雨遮、電梯機房、水箱、水錶室等計１６項。,鋼筋混凝土造,109年11月20日,九層,
RPQNMLNLMHGGFAW56DA,,72.45,集合住宅,鋼筋混凝土造,109年11月20日,九層,四層 陽台 雨遮
RPQNMLNLMHGGFAW56DA,,26.11,辦公室、集合住宅、本共有部分之項目有台電配電室、機電消防室、無障礙安全梯、消防水池、防空避難室兼停車空間、電信室、清水池、環保區、管委會使用空間、走廊兼梯廳、安全梯、梯廳、雨遮、電梯機房、水箱、水錶室等計１６項。,鋼筋混凝土造,109年11月20日,九層,
RPRNMLTLMHGGFAW27DA,,74.43,集合住宅,鋼筋混凝土造,109年11月20日,九層,三層 陽台 雨遮
RPRNMLTLMHGGFAW27DA,,26.84,辦公室、集合住宅、本共有部分之項目有台電配電室、機電消防室、無障礙安全梯、消防水池、防空避難室兼停車空間、電信室、清水池、環保區、管委會使用空間、走廊兼梯廳、安全梯、梯廳、雨遮、電梯機房、水箱、水錶室等計１６項。,鋼筋混凝土造,109年11月20日,九層,
RPOOMLTLMHGGFAW07DA,,56.40,集合住宅,鋼筋混凝土造,109年11月20日,九層,三層 陽台 雨遮
RPOOMLTLMHGGFAW07DA,,34.86,辦公室、集合住宅、本共有部分之項目有台電配電室、機電消防室、無障礙安全梯、消防水池、防空避難室兼停車空間、電信室、清水池、環保區、管委會使用空間、走廊兼梯廳、安全梯、梯廳、雨遮、電梯機房、水箱、水錶室等計１６項。,鋼筋混凝土造,109年11月20日,九層,
RPPNMLRKQHGGFAW17DA,,77.71,集合住宅,鋼筋混凝土造,110年4月15日,三層,三層 陽台
RPPNMLRKQHGGFAW17DA,,8.95,集合住宅：本建物共有部分有樓梯１項。,鋼筋混凝土造,110年4月15日,三層,
RPTNMLTLMHGGFAW47DA,,56.97,集合住宅,鋼筋混凝土造,109年11月20日,九層,三層 陽台 雨遮
RPTNMLTLMHGGFAW47DA,,20.55,辦公室、集合住宅、本共有部分之項目有台電配電室、機電消防室、無障礙安全梯、消防水池、防空避難室兼停車空間、電信室、清水池、環保區、管委會使用空間、走廊兼梯廳、安全梯、梯廳、雨遮、電梯機房、水箱、水錶室等計１６項。,鋼筋混凝土造,109年11月20日,九層,
RPTOMLLKQHGGFAW07DA,1,36.68,旅館,鋼筋混凝土造,109年4月8日,十層,二層 雨遮
RPTOMLLKQHGGFAW07DA,1,19.18,店舖、集合住宅、本建物共有部分之項目有車道、排風機房、緊急昇降機、客梯兼無障礙電梯、廢水池、消防幫浦室、蓄水池、甲梯、進風機房、防空避難室兼停車空間、電信機房、乙梯、梯廳、汙物處理室、台電受電室、設備空間、機械室、停車空間、迴轉空間、發電機室、排煙室、消防設備空間、雨遮、陽台、管委會空間等共計２５項。,鋼筋混凝土造,109年4月8日,十層,
RPQNMLPLQHGGFAW27EA,1,91.51,集合住宅,鋼筋混凝土造,109年4月13日,三層,三層 陽台
RPQNMLPLQHGGFAW27EA,1,14.48,集合住宅、本共有部分之項目計有機房、水箱機房、梯廳、電梯、門廳（管委會使用空間）、停車空間、車道、無障礙通路等八項。,鋼筋混凝土造,109年4月13日,三層,
RPOOMLLKQHGGFAW56DA,1,38.53,旅館,鋼筋混凝土造,109年4月8日,十層,二層 雨遮
RPOOMLLKQHGGFAW56DA,1,20.07,店舖、集合住宅、本建物共有部分之項目有車道、排風機房、緊急昇降機、客梯兼無障礙電梯、廢水池、消防幫浦室、蓄水池、甲梯、進風機房、防空避難室兼停車空間、電信機房、乙梯、梯廳、汙物處理室、台電受電室、設備空間、機械室、停車空間、迴轉空間、發電機室、排煙室、消防設備空間、雨遮、陽台、管委會空間等共計２５項。,鋼筋混凝土造,109年4月8日,十層,
RPRNMLQKMHGGFAW86DA,1,55.19,集合住宅,鋼筋混凝土造,109年8月17日,五層,五層 陽台
RPRNMLQKMHGGFAW86DA,1,9.35,集合住宅：本共有部分之項目計無障礙電梯、梯廳、安全梯間、無障礙樓梯、機房（電信）、甲梯等６項。,鋼筋混凝土造,109年8月17日,五層,
RPUOMLLKQHGGFAW17DA,1,35.26,旅館,鋼筋混凝土造,109年4月8日,十層,二層 陽台 雨遮
RPUOMLLKQHGGFAW17DA,1,18.50,店舖、集合住宅、本建物共有部分之項目有車道、排風機房、緊急昇降機、客梯兼無障礙電梯、廢水池、消防幫浦室、蓄水池、甲梯、進風機房、防空避難室兼停車空間、電信機房、乙梯、梯廳、汙物處理室、台電受電室、設備空間、機械室、停車空間、迴轉空間、發電機室、排煙室、消防設備空間、雨遮、陽台、管委會空間等共計２５項。,鋼筋混凝土造,109年4月8日,十層,
RPTNMLLJMHGGFAW09DA,,56.40,集合住宅,鋼筋混凝土造,109年11月20日,九層,四層 陽台 雨遮
RPTNMLLJMHGGFAW09DA,,20.38,辦公室、集合住宅、本共有部分之項目有台電配電室、機電消防室、無障礙安全梯、消防水池、防空避難室兼停車空間、電信室、清水池、環保區、管委會使用空間、走廊兼梯廳、安全梯、梯廳、雨遮、電梯機房、水箱、水錶室等計１６項。,鋼筋混凝土造,109年11月20日,九層,
RPWNMLLJMHGGFAW76DA,,56.97,集合住宅,鋼筋混凝土造,109年11月20日,九層,四層 陽台 雨遮
RPWNMLLJMHGGFAW76DA,,20.55,辦公室、集合住宅、本共有部分之項目有台電配電室、機電消防室、無障礙安全梯、消防水池、防空避難室兼停車空間、電信室、清水池、環保區、管委會使用空間、走廊兼梯廳、安全梯、梯廳、雨遮、電梯機房、水箱、水錶室等計１６項。,鋼筋混凝土造,109年11月20日,九層,
RPQOMLLJMHGGFAW88DA,,56.97,集合住宅,鋼筋混凝土造,109年11月20日,九層,三層 陽台 雨遮
RPQOMLLJMHGGFAW88DA,,20.55,辦公室、集合住宅、本共有部分之項目有台電配電室、機電消防室、無障礙安全梯、消防水池、防空避難室兼停車空間、電信室、清水池、環保區、管委會使用空間、走廊兼梯廳、安全梯、梯廳、雨遮、電梯機房、水箱、水錶室等計１６項。,鋼筋混凝土造,109年11月20日,九層,
RPSNMLLMLHGGFAW56DA,,71.63,集合住宅,鋼筋混凝土造,109年11月20日,九層,三層 陽台 雨遮
RPSNMLLMLHGGFAW56DA,,25.82,辦公室、集合住宅、本共有部分之項目有台電配電室、機電消防室、無障礙安全梯、消防水池、防空避難室兼停車空間、電信室、清水池、環保區、管委會使用空間、走廊兼梯廳、安全梯、梯廳、雨遮、電梯機房、水箱、水錶室等計１６項。,鋼筋混凝土造,109年11月20日,九層,
RPQNMLLJMHGGFAW78DA,,72.45,集合住宅,鋼筋混凝土造,109年11月20日,九層,六層 陽台 雨遮
RPQNMLLJMHGGFAW78DA,,26.11,辦公室、集合住宅、本共有部分之項目有台電配電室、機電消防室、無障礙安全梯、消防水池、防空避難室兼停車空間、電信室、清水池、環保區、管委會使用空間、走廊兼梯廳、安全梯、梯廳、雨遮、電梯機房、水箱、水錶室等計１６項。,鋼筋混凝土造,109年11月20日,九層,
RPRNMLRLNHGGFAW17DA,,121.94,辦公室,鋼筋混凝土造,109年11月20日,九層,一層 陽台
RPRNMLRLNHGGFAW17DA,,30.97,辦公室、集合住宅、本共有部分之項目有台電配電室、機電消防室、無障礙安全梯、消防水池、防空避難室兼停車空間、電信室、清水池、環保區、管委會使用空間、走廊兼梯廳、安全梯、梯廳、雨遮、電梯機房、水箱、水錶室等計１６項。,鋼筋混凝土造,109年11月20日,九層,
RPOOMLLJMHGGFAW68DA,,56.40,集合住宅,鋼筋混凝土造,109年11月20日,九層,三層 陽台 雨遮
RPOOMLLJMHGGFAW68DA,,20.38,辦公室、集合住宅、本共有部分之項目有台電配電室、機電消防室、無障礙安全梯、消防水池、防空避難室兼停車空間、電信室、清水池、環保區、管委會使用空間、走廊兼梯廳、安全梯、梯廳、雨遮、電梯機房、水箱、水錶室等計１６項。,鋼筋混凝土造,109年11月20日,九層,
RPPOMLOJNHGGFAW56DA,,64.43,集合住宅,鋼筋混凝土造,110年1月27日,五層,二層 陽台
RPPOMLOJNHGGFAW56DA,,11.18,集合住宅：本共有部分有電信室、梯廳、坡道、無障礙電梯、電梯坑道、電梯機房等計６項。,鋼筋混凝土造,110年1月27日,五層,
RPSNMLOLNHGGFAW96DA,1,36.32,集合住宅,鋼筋混凝土造,109年4月8日,十層,十層 見其他登記事項
RPSNMLOLNHGGFAW96DA,1,19.01,店舖、集合住宅、本建物共有部分之項目有車道、排風機房、緊急昇降機、客梯兼無障礙電梯、廢水池、消防幫浦室、蓄水池、甲梯、進風機房、防空避難室兼停車空間、電信機房、乙梯、梯廳、汙物處理室、台電受電室、設備空間、機械室、停車空間、迴轉空間、發電機室、排煙室、消防設備空間、雨遮、陽台、管委會空間等共計２５項。,鋼筋混凝土造,109年4月8日,十層,
RPSNMLQKLHGGFAW86DA,2,63.32,集合住宅,鋼筋混凝土造,108年6月25日,三層,二層 陽台
RPSNMLQKLHGGFAW86DA,2,23.35,共有部分：本共有部分之項目計有機房Ａ－消防泵浦室、機房Ｂ－發電機室、機房Ｃ－電信、機房Ｄ－台電、機房Ｅ－自來水用（下水池）、消防水池、梯廳、梯間、停車空間、公共空間、走廊、電梯、地下車道、滯洪池、停車位等１５項。,鋼筋混凝土造,108年6月25日,三層,
RPRNMLNLOHGGFAW86DA,1,91.51,集合住宅,鋼筋混凝土造,109年4月13日,三層,二層 陽台
RPRNMLNLOHGGFAW86DA,1,14.48,集合住宅、本共有部分之項目計有機房、水箱機房、梯廳、電梯、門廳（管委會使用空間）、停車空間、車道、無障礙通路等八項。,鋼筋混凝土造,109年4月13日,三層,
RPRNMLSLPHGGFAW47DA,,66.07,集合住宅,鋼筋混凝土造,110年1月27日,五層,三層 陽台
RPRNMLSLPHGGFAW47DA,,11.49,集合住宅：本共有部分有電信室、梯廳、坡道、無障礙電梯、電梯坑道、電梯機房等計６項。,鋼筋混凝土造,110年1月27日,五層,
RPQNMLOKNHGGFAW66DA,,64.43,集合住宅,鋼筋混凝土造,110年1月27日,五層,四層 陽台
RPQNMLOKNHGGFAW66DA,,11.18,集合住宅：本共有部分有電信室、梯廳、坡道、無障礙電梯、電梯坑道、電梯機房等計６項。,鋼筋混凝土造,110年1月27日,五層,
RPRNMLSKOHGGFAW37EA,,94.30,集合住宅,鋼筋混凝土造,110年2月9日,六層,四層 陽台
RPRNMLSKOHGGFAW37EA,,61.35,集合住宅：本共有部分之項目計有滯洪池、電信室、梯廳、水箱、緊急發電室、消防幫浦室、消防水箱、廢水池、台電配電場所、受電箱、電梯空間、停車位等１２項。,鋼筋混凝土造,110年2月9日,六層,
RPTNMLKKNHGGFAW56DA,,80.98,集合住宅,鋼筋混凝土造,110年3月26日,三層,二層 陽台
RPTNMLKKNHGGFAW56DA,,6.11,集合住宅,鋼筋混凝土造,110年3月26日,三層,
RPWNMLOKNHGGFAW27DA,,45.67,集合住宅,鋼筋混凝土造,110年1月27日,五層,五層 陽台
RPWNMLOKNHGGFAW27DA,,7.90,集合住宅：本共有部分有電信室、梯廳、坡道、無障礙電梯、電梯坑道、電梯機房等計６項。,鋼筋混凝土造,110年1月27日,五層,
RPUNMLQKQHGGFAW57DA,,78.58,集合住宅,鋼筋混凝土造,110年4月15日,三層,三層 陽台
RPUNMLQKQHGGFAW57DA,,9.05,集合住宅：本建物共有部分有樓梯１項。,鋼筋混凝土造,110年4月15日,三層,
RPQNMLLMQHGGFAW86DA,,78.58,集合住宅,鋼筋混凝土造,110年4月15日,三層,二層 陽台
RPQNMLLMQHGGFAW86DA,,9.05,集合住宅：本建物共有部分有樓梯１項。,鋼筋混凝土造,110年4月15日,三層,
RPVNMLKLMHGGFAW76DA,,99.33,集合住宅,鋼筋混凝土造,110年3月12日,五層,三層 陽台
RPVNMLKLMHGGFAW76DA,,19.06,集合住宅：本共有部分之項目有無障礙通路、梯廳、水箱等３項。,鋼筋混凝土造,110年3月12日,五層,
RPPNMLQKQHGGFAW07DA,,78.58,集合住宅,鋼筋混凝土造,110年4月15日,三層,一層 陽台
RPPNMLQKQHGGFAW07DA,,9.05,集合住宅：本建物共有部分有樓梯１項。,鋼筋混凝土造,110年4月15日,三層,
RPWNMLTJOHGGFAW77DA,,89.81,集合住宅,鋼筋混凝土造,109年4月13日,三層,三層 陽台
RPWNMLTJOHGGFAW77DA,,14.23,集合住宅、本共有部分之項目計有機房、水箱機房、梯廳、電梯、門廳（管委會使用空間）、停車空間、車道、無障礙通路等八項。,鋼筋混凝土造,109年4月13日,三層,
RPUNMLKLMHGGFAW66DA,,99.33,集合住宅,鋼筋混凝土造,110年3月12日,五層,二層 陽台
RPUNMLKLMHGGFAW66DA,,19.06,集合住宅：本共有部分之項目有無障礙通路、梯廳、水箱等３項。,鋼筋混凝土造,110年3月12日,五層,
RPTNMLPKOHGGFAW17DA,,73.18,集合住宅,鋼筋混凝土造,110年3月26日,三層,一層
RPTNMLPKOHGGFAW17DA,,6.11,集合住宅,鋼筋混凝土造,110年3月26日,三層,
RPRNMLQKOHGGFAW07DA,,70.73,集合住宅,鋼筋混凝土造,110年2月3日,五層,三層 陽台
RPUNMLKKNHGGFAW66DA,,80.06,集合住宅,鋼筋混凝土造,110年3月26日,三層,三層 陽台
RPUNMLKKNHGGFAW66DA,,6.11,集合住宅,鋼筋混凝土造,110年3月26日,三層,
RPRNMLQKOHGGFAW07DA,,13.52,集合住宅、本共有部分之項目計有停車位等一項。,鋼筋混凝土造,110年2月3日,五層,
RPRNMLQKOHGGFAW07DA,,15.12,集合住宅、本共有部分之項目計有無障礙電梯、梯廳、安全梯甲、安全梯乙、樓梯間、電信機房等六項。,鋼筋混凝土造,110年2月3日,五層,
RPRNMLQKOHGGFAW07DA,,1.43,集合住宅、本共有部分之項目計有通道等一項。,鋼筋混凝土造,110年2月3日,五層,
RPRNMLQKOHGGFAW07DA,,4.49,集合住宅、本共有部分之項目計有停車空間等一項。,鋼筋混凝土造,110年2月3日,五層,
RPRNMLLLOHGGFAW66DA,,70.73,集合住宅,鋼筋混凝土造,110年2月3日,五層,四層 陽台
RPRNMLLLOHGGFAW66DA,,15.12,集合住宅、本共有部分之項目計有無障礙電梯、梯廳、安全梯甲、安全梯乙、樓梯間、電信機房等六項。,鋼筋混凝土造,110年2月3日,五層,
RPRNMLLLOHGGFAW66DA,,1.43,集合住宅、本共有部分之項目計有通道等一項。,鋼筋混凝土造,110年2月3日,五層,
RPSNMLQKOHGGFAW17DA,,72.90,集合住宅,鋼筋混凝土造,110年2月3日,五層,五層 陽台
RPSNMLQKOHGGFAW17DA,,13.52,集合住宅、本共有部分之項目計有停車位等一項。,鋼筋混凝土造,110年2月3日,五層,
RPSNMLQKOHGGFAW17DA,,15.58,集合住宅、本共有部分之項目計有無障礙電梯、梯廳、安全梯甲、安全梯乙、樓梯間、電信機房等六項。,鋼筋混凝土造,110年2月3日,五層,
RPSNMLQKOHGGFAW17DA,,1.47,集合住宅、本共有部分之項目計有通道等一項。,鋼筋混凝土造,110年2月3日,五層,
RPSNMLQKOHGGFAW17DA,,4.49,集合住宅、本共有部分之項目計有停車空間等一項。,鋼筋混凝土造,110年2月3日,五層,
RPROMLLJPHGGFAW66DA,,69.19,集合住宅,鋼筋混凝土造,110年2月3日,五層,一層 陽台
RPROMLLJPHGGFAW66DA,,14.79,集合住宅、本共有部分之項目計有無障礙電梯、梯廳、安全梯甲、安全梯乙、樓梯間、電信機房等六項。,鋼筋混凝土造,110年2月3日,五層,
RPROMLLJPHGGFAW66DA,,1.39,集合住宅、本共有部分之項目計有通道等一項。,鋼筋混凝土造,110年2月3日,五層,
RPQNMLQKOHGGFAW96DA,,70.73,集合住宅,鋼筋混凝土造,110年2月3日,五層,五層 陽台
RPQNMLQKOHGGFAW96DA,,13.52,集合住宅、本共有部分之項目計有停車位等一項。,鋼筋混凝土造,110年2月3日,五層,
RPQNMLQKOHGGFAW96DA,,15.12,集合住宅、本共有部分之項目計有無障礙電梯、梯廳、安全梯甲、安全梯乙、樓梯間、電信機房等六項。,鋼筋混凝土造,110年2月3日,五層,
RPQNMLQKOHGGFAW96DA,,1.43,集合住宅、本共有部分之項目計有通道等一項。,鋼筋混凝土造,110年2月3日,五層,
RPQNMLQKOHGGFAW96DA,,4.49,集合住宅、本共有部分之項目計有停車空間等一項。,鋼筋混凝土造,110年2月3日,五層,
RPTNMLOLNHGGFAW07DA,,58.75,集合住宅,鋼筋混凝土造,110年1月27日,五層,一層
RPTNMLOLNHGGFAW07DA,,10.62,集合住宅：本共有部分有電信室、梯廳、坡道、無障礙電梯、電梯坑道、電梯機房等計６項。,鋼筋混凝土造,110年1月27日,五層,
RPPNMLLLOHGGFAW09DA,,71.22,集合住宅,鋼筋混凝土造,110年2月3日,五層,一層 陽台
RPPNMLLLOHGGFAW09DA,,15.21,集合住宅、本共有部分之項目計有無障礙電梯、梯廳、安全梯甲、安全梯乙、樓梯間、電信機房等六項。,鋼筋混凝土造,110年2月3日,五層,
RPPNMLLLOHGGFAW09DA,,1.43,集合住宅、本共有部分之項目計有通道等一項。,鋼筋混凝土造,110年2月3日,五層,
RPQNMLLLOHGGFAW56DA,,72.90,集合住宅,鋼筋混凝土造,110年2月3日,五層,三層 陽台
RPQNMLLLOHGGFAW56DA,,15.58,集合住宅、本共有部分之項目計有無障礙電梯、梯廳、安全梯甲、安全梯乙、樓梯間、電信機房等六項。,鋼筋混凝土造,110年2月3日,五層,
RPQNMLLLOHGGFAW56DA,,1.47,集合住宅、本共有部分之項目計有通道等一項。,鋼筋混凝土造,110年2月3日,五層,
RPUNMLOLNHGGFAW17DA,,60.06,集合住宅,鋼筋混凝土造,110年1月27日,五層,一層 陽台
RPUNMLOLNHGGFAW17DA,,10.39,集合住宅：本共有部分有電信室、梯廳、坡道、無障礙電梯、電梯坑道、電梯機房等計６項。,鋼筋混凝土造,110年1月27日,五層,
RPWNMLKLMHGGFAW86DA,,99.33,集合住宅,鋼筋混凝土造,110年3月12日,五層,四層 陽台
RPWNMLKLMHGGFAW86DA,,19.06,集合住宅：本共有部分之項目有無障礙通路、梯廳、水箱等３項。,鋼筋混凝土造,110年3月12日,五層,
RPQNMLKLNHGGFAW98DA,,210.94,集村農舍,鋼筋混凝土造,105年4月28日,三層,一層 二層 三層 陽台 屋頂突出物
