﻿編號,土地位置,土地移轉面積(平方公尺),使用分區或編定,權利人持分分母,權利人持分分子,移轉情形,地號
The serial number, land position,land shifting area square meter,the use zoning or compiles and checks,,,,land parcel
RPQNMLSJQHGGFAX37DA,嵵裡新段,147.69,非都市：鄉村區 ; 非都市編定：乙種建築用地,1,1,全筆移轉,07200000
RPRNMLTJQHGGFAX57DA,安宅段,1162.07,非都市：一般農業區 ; 非都市編定：農牧用地,1,1,全筆移轉,14530001
RPTNMLMKQHGGFAX17DA,鐵線段,1712.21,非都市：一般農業區 ; 非都市編定：農牧用地,1,1,全筆移轉,05730000
RPSNMLPJQHGGFAX27DA,北極段,129.66,都市：其他:住宅區,1,1,全筆移轉,06180001
SPTNMLQKQHGGFAX67DA,湖東新段,916.35,非都市：一般農業區 ; 非都市編定：農牧用地,3,2,持分移轉,15650000
RPTNMLQKQHGGFAX57DA,湖東新段,93.25,非都市：鄉村區 ; 非都市編定：乙種建築用地,8,2,持分移轉,02870000
RPSNMLMKQHGGFAX07DA,五德西段,669.35,非都市：一般農業區 ; 非都市編定：農牧用地,1,1,全筆移轉,00630000
RPTNMLPJQHGGFAX37DA,北極段,259.32,都市：其他:住宅區,1,1,全筆移轉,06180000
RPTNMLNKQHGGFAX27DA,城前新段,1353.67,非都市：風景區 ; 非都市編定：農牧用地,1,1,全筆移轉,07250000
RPTNMLRKQHGGFAX67DA,小赤段,91.53,非都市：一般農業區 ; 非都市編定：農牧用地,8,1,持分移轉,06570000
RPUNMLRKQHGGFAX77DA,合界段,59.14,非都市：一般農業區 ; 非都市編定：農牧用地,1,1,全筆移轉,12080000
RPUNMLKLQHGGFAX27EA,七美二段,43.35,非都市：一般農業區 ; 非都市編定：農牧用地,3,1,持分移轉,07870000
RPSNMLKLQHGGFAX07EA,七美二段,239.33,非都市：一般農業區 ; 非都市編定：甲種建築用地,3,2,持分移轉,05600000
RPTNMLKLQHGGFAX17EA,七美二段,75.33,非都市：一般農業區 ; 非都市編定：甲種建築用地,3,1,持分移轉,05590000
RPVNMLNLQHGGFAX57DA,馬公段,158.38,都市：其他:商業區,32,7,持分移轉,10490000
RPSNMLTKQHGGFAX77DA,湖西南段,1290.16,非都市：一般農業區 ; 非都市編定：農牧用地,1,1,全筆移轉,15720000
RPSNMLLKQHGGFAX96DA,馬公段,51.00,都市：其他:住宅區,1,1,全筆移轉,00060011
RPSNMLNLQHGGFAX27DA,文化段,53.12,都市：其他:住宅區,1,1,全筆移轉,04670000
RPSNMLNLQHGGFAX27DA,文化段,29.77,都市：其他:住宅區,1,1,全筆移轉,04680002
RPUNMLOLQHGGFAX57DA,六合段,793.14,非都市：一般農業區 ; 非都市編定：農牧用地,1440,793,持分移轉,04620000
RPUNMLTKQHGGFAX97DA,埕中段,4.49,都市：其他:住宅區,10000,362,持分移轉,00310000
RPUNMLTKQHGGFAX97DA,埕中段,.20,都市：其他:住宅區,10000,362,持分移轉,00340001
RPUNMLTKQHGGFAX97DA,埕中段,.28,都市：其他:住宅區,10000,362,持分移轉,00410001
RPUNMLTKQHGGFAX97DA,埕中段,6.03,都市：其他:住宅區,10000,362,持分移轉,00420000
RPWNMLNLQHGGFAX67DA,興仁段,239.03,非都市：一般農業區 ; 非都市編定：農牧用地,1,1,全筆移轉,04650000
RPRNMLOLQHGGFAX27DA,七美三段,1082.54,非都市：一般農業區 ; 非都市編定：農牧用地,1,1,全筆移轉,08390000
RPSNMLQLQHGGFAX57DA,橫礁新段,1082.16,非都市：一般農業區 ; 非都市編定：農牧用地,1,1,全筆移轉,03830000
RPRNMLKLQHGGFAX86DA,南寮南段,129.32,非都市：一般農業區 ; 非都市編定：農牧用地,5,1,持分移轉,08200000
RPVNMLKMQHGGFAX37DA,鐵線段,1130.10,非都市：一般農業區 ; 非都市編定：農牧用地,1,1,全筆移轉,06190000
RPQNMLQLQHGGFAX37DA,龍門北段,206.14,非都市：鄉村區 ; 非都市編定：乙種建築用地,1,1,全筆移轉,08650000
RPOOMLQLQHGGFAX27DA,五福段,109.12,非都市：一般農業區 ; 非都市編定：農牧用地,20,3,持分移轉,00210000
RPOOMLQLQHGGFAX27DA,五福段,22.36,非都市：鄉村區 ; 非都市編定：乙種建築用地,20,1,持分移轉,04580000
RPOOMLQLQHGGFAX27DA,五福段,243.79,非都市：一般農業區 ; 非都市編定：農牧用地,20,3,持分移轉,05630000
RPWNMLLJRHGGFAX37DA,案山段,24.20,都市：其他:住宅區,1,1,全筆移轉,03180000
RPUNMLPLQHGGFAX67DA,中衛段,415.35,非都市：一般農業區 ; 非都市編定：農牧用地,10000,8031,持分移轉,16610007
RPVNMLQLQHGGFAX97EA,紅羅段,576.66,非都市：一般農業區 ; 非都市編定：農牧用地,1,1,全筆移轉,08090000
RPUNMLLMQHGGFAX37DA,池西段,228.91,非都市：鄉村區 ; 非都市編定：乙種建築用地,1,1,全筆移轉,08830000
RPUNMLLMQHGGFAX37DA,池西段,527.98,非都市：一般農業區 ; 非都市編定：農牧用地,1,1,全筆移轉,13070000
RPUNMLLMQHGGFAX37DA,池西段,543.15,非都市：一般農業區 ; 非都市編定：農牧用地,1,1,全筆移轉,13710000
RPUNMLLMQHGGFAX37DA,池西段,68.99,非都市：一般農業區 ; 非都市編定：農牧用地,1,1,全筆移轉,20250000
RPUNMLLMQHGGFAX37DA,池西段,617.15,非都市：一般農業區 ; 非都市編定：農牧用地,1,1,全筆移轉,20260000
RPRNMLQLQHGGFAX47DA,文寮段,822.72,非都市：一般農業區 ; 非都市編定：農牧用地,1,1,全筆移轉,03400001
RPUNMLNJRHGGFAX37DA,池東段,71.05,非都市：一般農業區 ; 非都市編定：農牧用地,14,1,持分移轉,01160000
RPUNMLNJRHGGFAX37DA,池東段,23.01,非都市：鄉村區 ; 非都市編定：乙種建築用地,14,1,持分移轉,04310000
RPUNMLNJRHGGFAX37DA,池東段,16.76,非都市：一般農業區 ; 非都市編定：農牧用地,14,1,持分移轉,04350000
RPUNMLNJRHGGFAX37DA,池東段,28.21,非都市：鄉村區 ; 非都市編定：乙種建築用地,14,1,持分移轉,05050000
RPUNMLNJRHGGFAX37DA,池東段,129.60,非都市：一般農業區 ; 非都市編定：農牧用地,14,1,持分移轉,07260000
RPUNMLNJRHGGFAX37DA,二崁南段,93.24,非都市：一般農業區 ; 非都市編定：農牧用地,14,1,持分移轉,07570000
RPUNMLNJRHGGFAX37DA,二崁南段,27.99,非都市：一般農業區 ; 非都市編定：農牧用地,14,1,持分移轉,11280000
RPUNMLNJRHGGFAX37DA,二崁北段,49.10,非都市：一般農業區 ; 非都市編定：農牧用地,14,1,持分移轉,14240000
RPUNMLNJRHGGFAX37DA,池東段,33.77,非都市：一般農業區 ; 非都市編定：農牧用地,14,1,持分移轉,24110000
RPTNMLMJRHGGFAX17DA,五福段,1819.57,非都市：一般農業區 ; 非都市編定：農牧用地,1,1,全筆移轉,08810000
RPPNMLQJRHGGFAX17DA,沙港南段,7.90,非都市：一般農業區 ; 非都市編定：農牧用地,10000,55,持分移轉,09240000
RPVNMLRJPHGGFAX67DA,案山段,149.67,都市：其他:乙種工業區,3,1,持分移轉,08820001
RPWNMLOKPHGGFAX57DA,五福段,95.83,非都市：鄉村區 ; 非都市編定：乙種建築用地,1,1,全筆移轉,04340000
RPTNMLOKPHGGFAX27DA,北澳段,146.13,都市：其他:住宅區,1,1,全筆移轉,07600000
RPVNMLTJPHGGFAX87DA,東澳段,85.68,都市：其他:住宅區,8,1,持分移轉,09020000
RPTNMLTJPHGGFAX67DA,五福段,536.64,非都市：一般農業區 ; 非都市編定：農牧用地,1,1,全筆移轉,08850000
RPTNMLTJPHGGFAX67DA,五福段,82.65,非都市：一般農業區 ; 非都市編定：交通用地,10000,4350,持分移轉,08850003
RPSNMLNKPHGGFAX07DA,埕東段,38.10,都市：其他:住宅區,10000,715,持分移轉,00540000
RPUNMLTJPHGGFAX77DA,安宅段,801.88,非都市：一般農業區 ; 非都市編定：甲種建築用地,1,1,全筆移轉,15790000
RPPNMLQKPHGGFAX17EA,東澳段,184.24,都市：其他:住宅區,1,1,全筆移轉,04890001
RPVNMLKLPHGGFAX17DA,馬公段,51.00,都市：其他:住宅區,1,1,全筆移轉,00060011
RPXNMLTKPHGGFAX18DA,竹篙灣段,100.67,非都市：一般農業區 ; 非都市編定：農牧用地,6,2,持分移轉,33620000
RPPNMLNLPHGGFAX96EA,林投南段,1021.00,非都市：一般農業區 ; 非都市編定：農牧用地,1,1,全筆移轉,00860000
RPTNMLPJPHGGFAX27DA,東衛段,275.15,非都市：一般農業區 ; 非都市編定：甲種建築用地,2,1,持分移轉,04580000
RPSNMLTJPHGGFAX57DA,鐵線段,577.34,非都市：一般農業區 ; 非都市編定：農牧用地,1,1,全筆移轉,03880001
RPPNMLRLPHGGFAX27DA,井垵西段,786.80,非都市：一般農業區 ; 非都市編定：農牧用地,1,1,全筆移轉,00730000
RPRNMLSLPHGGFAX57DA,隘門新段,519.99,非都市：一般農業區 ; 非都市編定：農牧用地,1,1,全筆移轉,03150001
RPPNMLSLPHGGFAX47EA,講美段,207.94,非都市：鄉村區 ; 非都市編定：乙種建築用地,4,2,持分移轉,07680000
RPVNMLTLPHGGFAX08DA,文石段,363.88,非都市：一般農業區 ; 非都市編定：殯葬用地,1,1,全筆移轉,09590000
RPVNMLTLPHGGFAX08DA,文石段,201.00,非都市：一般農業區 ; 非都市編定：農牧用地,1,1,全筆移轉,09600000
RPUNMLMLPHGGFAX27DA,菓葉新段,276.09,非都市：一般農業區 ; 非都市編定：農牧用地,1,1,全筆移轉,11080000
RPPNMLTLPHGGFAX47DA,湖東新段,469.78,非都市：一般農業區 ; 非都市編定：農牧用地,1,1,全筆移轉,12400000
RPUNMLRJPHGGFAX57DA,許家段,195.29,非都市：一般農業區 ; 非都市編定：甲種建築用地,1,1,全筆移轉,07880002
RPUNMLRJPHGGFAX57DA,許家段,2.80,非都市：一般農業區 ; 非都市編定：交通用地,1,1,全筆移轉,07880003
RPRNMLKMPHGGFAX96EA,沙港北段,41.54,非都市：一般農業區 ; 非都市編定：甲種建築用地,4,1,持分移轉,03800000
RPRNMLKMPHGGFAX96EA,沙港北段,22.62,非都市：一般農業區 ; 非都市編定：甲種建築用地,12,1,持分移轉,03810000
RPTNMLTLPHGGFAX87DA,湖西南段,144.22,非都市：一般農業區 ; 非都市編定：農牧用地,3,2,持分移轉,12500000
RPTNMLTLPHGGFAX87DA,南寮北段,37.08,非都市：一般農業區 ; 非都市編定：農牧用地,3,2,持分移轉,22020000
RPTNMLTLPHGGFAX87DA,南寮北段,34.63,非都市：一般農業區 ; 非都市編定：農牧用地,3,2,持分移轉,22030000
RPRNMLNJQHGGFAX96DA,五德西段,78.10,非都市：鄉村區 ; 非都市編定：乙種建築用地,1,1,全筆移轉,02070000
RPSNMLNJQHGGFAX07DA,五德西段,441.05,非都市：鄉村區 ; 非都市編定：乙種建築用地,1,1,全筆移轉,02080000
RPRNMLTLPHGGFAX67DA,文寮段,822.72,非都市：一般農業區 ; 非都市編定：農牧用地,1,1,全筆移轉,03400001
RPQNMLTLPHGGFAX57DA,通梁東段,524.07,非都市：一般農業區 ; 非都市編定：農牧用地,1,1,全筆移轉,05680000
RPPNMLTJQHGGFAX47EA,成功北段,539.03,非都市：一般農業區 ; 非都市編定：農牧用地,1,1,全筆移轉,07660000
RPSNMLKKQHGGFAX86DA,城北段,17.96,非都市：一般農業區 ; 非都市編定：交通用地,24,1,持分移轉,10870000
RPSNMLKKQHGGFAX86DA,城北段,173.16,非都市：一般農業區 ; 非都市編定：甲種建築用地,1,1,全筆移轉,11000000
RPSNMLKKQHGGFAX86DA,城北段,41.26,非都市：一般農業區 ; 非都市編定：交通用地,12,1,持分移轉,11000004
RPUNMLKKQHGGFAX07DA,城北段,17.96,非都市：一般農業區 ; 非都市編定：交通用地,24,1,持分移轉,10870000
RPUNMLKKQHGGFAX07DA,城北段,41.26,非都市：一般農業區 ; 非都市編定：交通用地,12,1,持分移轉,11000004
RPUNMLKKQHGGFAX07DA,城北段,172.52,非都市：一般農業區 ; 非都市編定：甲種建築用地,1,1,全筆移轉,11000008
RPTNMLKKQHGGFAX96DA,城北段,17.96,非都市：一般農業區 ; 非都市編定：交通用地,24,1,持分移轉,10870000
RPTNMLKKQHGGFAX96DA,城北段,41.26,非都市：一般農業區 ; 非都市編定：交通用地,12,1,持分移轉,11000004
RPTNMLKKQHGGFAX96DA,城北段,173.37,非都市：一般農業區 ; 非都市編定：甲種建築用地,1,1,全筆移轉,11000009
RPSNMLNLPHGGFAX17DA,菓葉新段,145.50,非都市：鄉村區 ; 非都市編定：乙種建築用地,1,1,全筆移轉,05840001
RPPNMLNKQHGGFAX86DA,文寮段,1689.79,非都市：一般農業區 ; 非都市編定：農牧用地,1,1,全筆移轉,01570000
RPVNMLQKQHGGFAX77DA,埕西段,33.90,都市：其他:住宅區,14,1,持分移轉,03560000
RPVNMLNKQHGGFAX47DA,成功南段,868.19,非都市：一般農業區 ; 非都市編定：農牧用地,1,1,全筆移轉,00640000
RPPNMLRKQHGGFAX27DA,興崁段,57.15,非都市：一般農業區 ; 非都市編定：交通用地,13,1,持分移轉,05790004
RPPNMLRKQHGGFAX27DA,興崁段,151.27,非都市：一般農業區 ; 非都市編定：甲種建築用地,1,1,全筆移轉,05790012
RPRNMLLKQHGGFAX86DA,青螺新段,1658.05,非都市：一般農業區 ; 非都市編定：農牧用地,1,1,全筆移轉,12400000
RPRNMLLKQHGGFAX86DA,青螺新段,689.63,非都市：一般農業區 ; 非都市編定：農牧用地,1,1,全筆移轉,12450000
RPRNMLPJQHGGFAX17DA,光華段,82.34,非都市：一般農業區 ; 非都市編定：甲種建築用地,1,1,全筆移轉,06560000
RPPNMLTKQHGGFAX47DA,興仁段,1088.00,非都市：一般農業區 ; 非都市編定：農牧用地,1,1,全筆移轉,14570000
RPWNMLSKQHGGFAX08DA,文光段,26.68,都市：其他:住宅區,100000,322,持分移轉,00200000
RPWNMLSKQHGGFAX08DA,文光段,3.45,都市：其他:住宅區,100000,322,持分移轉,00540000
RPPNMLQKQHGGFAX27EA,海堤段,162.21,都市：其他:住宅區,1,1,全筆移轉,08580000
RPWNMLNKQHGGFAX57DA,埕西段,9.05,都市：其他:住宅區,7,1,持分移轉,07970000
RPUNMLKLPHGGFAX07DA,七美三段,172.04,非都市：一般農業區 ; 非都市編定：農牧用地,2,1,持分移轉,02060000
RPUNMLKLPHGGFAX07DA,七美三段,260.80,非都市：森林區 ; 非都市編定：農牧用地,4,1,持分移轉,02140000
RPUNMLKLPHGGFAX07DA,七美三段,85.12,非都市：一般農業區 ; 非都市編定：農牧用地,8,1,持分移轉,02400000
RPUNMLKLPHGGFAX07DA,七美三段,157.35,非都市：一般農業區 ; 非都市編定：農牧用地,2,1,持分移轉,02410000
RPUNMLKLPHGGFAX07DA,七美三段,.45,非都市：一般農業區 ; 非都市編定：交通用地,2,1,持分移轉,02420000
RPUNMLKLPHGGFAX07DA,七美二段,84.68,非都市：一般農業區 ; 非都市編定：甲種建築用地,2,1,持分移轉,03760000
RPUNMLKLPHGGFAX07DA,七美三段,190.62,非都市：一般農業區 ; 非都市編定：農牧用地,2,1,持分移轉,04340000
RPUNMLPKPHGGFAX47DA,北極段,5152.40,都市：其他:農業區,1,1,全筆移轉,03680000
RPPNMLQLQHGGFAX27DA,埕西段,62.71,都市：其他:住宅區,1,1,全筆移轉,01130000
RPSNMLOLQHGGFAX37DA,四維段,145.85,非都市：一般農業區 ; 非都市編定：農牧用地,9,1,持分移轉,05810000
RPSNMLOLQHGGFAX37DA,四維段,500.06,非都市：一般農業區 ; 非都市編定：農牧用地,2,1,持分移轉,05850001
RPPNMLPLQHGGFAX17DA,鐵線段,1372.02,非都市：一般農業區 ; 非都市編定：農牧用地,1,1,全筆移轉,05290000
RPTNMLOLQHGGFAX47DA,四維段,729.23,非都市：一般農業區 ; 非都市編定：農牧用地,9,5,持分移轉,05810000
RPUNMLNLQHGGFAX47DA,安宅段,39.35,非都市：一般農業區 ; 非都市編定：交通用地,15,1,持分移轉,01010004
RPUNMLNLQHGGFAX47DA,安宅段,166.64,非都市：一般農業區 ; 非都市編定：甲種建築用地,1,1,全筆移轉,01010007
RPRNMLQJQHGGFAX27DA,文澳段,53.31,都市：其他:住宅區,10000,167,持分移轉,22930000
RPWNMLKMQHGGFAX47DA,東石新段,821.58,非都市：一般農業區 ; 非都市編定：農牧用地,1,1,全筆移轉,00800000
RPPOMLQLQHGGFAX37DA,四維段,136.79,非都市：一般農業區 ; 非都市編定：甲種建築用地,1,1,全筆移轉,04960000
RPTNMLRJOHGGFAX37DA,光榮新段,152.44,都市：其他:住宅區,1,1,全筆移轉,00890000
RPPQMLNLOHGGFAX07DA,埕東段,115.71,都市：其他:住宅區,1,1,全筆移轉,02280004
RPUNMLPLOHGGFAX47DA,湖東新段,58.71,非都市：鄉村區 ; 非都市編定：乙種建築用地,27,6,持分移轉,02080000
RPUNMLPLOHGGFAX47DA,湖東新段,90.93,非都市：鄉村區 ; 非都市編定：乙種建築用地,3,2,持分移轉,02330000
RPUNMLNJOHGGFAX07DA,光榮新段,121.39,都市：其他:住宅區,1,1,全筆移轉,01030000
RPOOMLPLOHGGFAX96DA,光榮段,2.75,都市：其他:道路用地,1,1,全筆移轉,03390001
RPPOMLRKOHGGFAX17DA,鎖港南段,324.00,非都市：一般農業區 ; 非都市編定：甲種建築用地,1,1,全筆移轉,03630003
RPPOMLRKOHGGFAX17DA,鎖港南段,6.00,非都市：一般農業區 ; 非都市編定：交通用地,1,1,全筆移轉,03630006
RPQOMLRKOHGGFAX27DA,鎖港南段,310.45,非都市：一般農業區 ; 非都市編定：甲種建築用地,1,1,全筆移轉,03630002
RPQOMLRKOHGGFAX27DA,鎖港南段,19.55,非都市：一般農業區 ; 非都市編定：交通用地,1,1,全筆移轉,03630005
RPSNMLKKOHGGFAX66DA,光榮段,615.61,都市：其他:住宅區,1,1,全筆移轉,02690000
RPWNMLPLOHGGFAX67DA,五福段,87.84,非都市：一般農業區 ; 非都市編定：甲種建築用地,1,1,全筆移轉,10240000
RPWNMLPLOHGGFAX67DA,五福段,28.51,非都市：一般農業區 ; 非都市編定：交通用地,15,1,持分移轉,10280000
RPSNMLMLOHGGFAX96DA,赤崁中段,765.23,非都市：一般農業區 ; 非都市編定：農牧用地,2,1,持分移轉,12180000
RPSNMLMLOHGGFAX96DA,赤崁中段,765.23,非都市：一般農業區 ; 非都市編定：農牧用地,2,1,持分移轉,12180000
RPUNMLMLOHGGFAX17DA,成功南段,29.48,非都市：一般農業區 ; 非都市編定：交通用地,20,1,持分移轉,13300004
RPUNMLMLOHGGFAX17DA,成功南段,167.22,非都市：一般農業區 ; 非都市編定：甲種建築用地,1,1,全筆移轉,13300014
RPSNMLOLOHGGFAX17DA,四維段,58.66,非都市：鄉村區 ; 非都市編定：乙種建築用地,10000,651,持分移轉,00720002
RPVNMLSLOHGGFAX87DA,烏崁新段,631.27,非都市：一般農業區 ; 非都市編定：農牧用地,1,1,全筆移轉,00240000
RPVNMLSLOHGGFAX87DA,烏崁新段,3260.65,非都市：一般農業區 ; 非都市編定：農牧用地,1,1,全筆移轉,00550000
RPTNMLOLOHGGFAX27DA,四維段,50.10,非都市：鄉村區 ; 非都市編定：乙種建築用地,10000,556,持分移轉,00720002
RPUNMLLKOHGGFAX96DA,七美三段,260.33,非都市：一般農業區 ; 非都市編定：農牧用地,4,1,持分移轉,03710000
RPUNMLLKOHGGFAX96DA,七美三段,4.24,非都市：一般農業區 ; 非都市編定：交通用地,4,1,持分移轉,04760000
RPUNMLLKOHGGFAX96DA,七美四段,143.06,非都市：一般農業區 ; 非都市編定：農牧用地,4,1,持分移轉,08080000
RPUNMLLKOHGGFAX96DA,七美四段,259.29,非都市：一般農業區 ; 非都市編定：農牧用地,4,1,持分移轉,08090000
RPUNMLLKOHGGFAX96DA,七美三段,150.59,非都市：森林區 ; 非都市編定：農牧用地,4,1,持分移轉,10250000
RPUNMLLKOHGGFAX96DA,七美四段,211.60,非都市：一般農業區 ; 非都市編定：農牧用地,4,1,持分移轉,11350000
RPUNMLOLOHGGFAX37DA,四維段,58.66,非都市：鄉村區 ; 非都市編定：乙種建築用地,10000,651,持分移轉,00720002
RPPPMLOLOHGGFAX07DA,七美二段,7.49,非都市：一般農業區 ; 非都市編定：交通用地,6,2,持分移轉,05820000
RPPPMLOLOHGGFAX07DA,七美二段,744.29,非都市：一般農業區 ; 非都市編定：農牧用地,1,1,全筆移轉,05830000
RPSNMLTLOHGGFAX67DA,中山段,109.14,都市：其他:住宅區,1,1,全筆移轉,03170000
RPVNMLOLOHGGFAX47DA,四維段,50.10,非都市：鄉村區 ; 非都市編定：乙種建築用地,10000,556,持分移轉,00720002
RPQPMLOLOHGGFAX17DA,文石段,162.89,非都市：一般農業區 ; 非都市編定：甲種建築用地,1,1,全筆移轉,06830006
RPTNMLRKOHGGFAX47DA,七美二段,44.91,非都市：一般農業區 ; 非都市編定：農牧用地,1,1,全筆移轉,02700000
RPTNMLRKOHGGFAX47DA,七美二段,336.81,非都市：一般農業區 ; 非都市編定：農牧用地,1,1,全筆移轉,02960000
RPWNMLOLOHGGFAX57DA,四維段,58.66,非都市：鄉村區 ; 非都市編定：乙種建築用地,10000,651,持分移轉,00720002
RPUOMLOLOHGGFAX47DA,四維段,58.66,非都市：鄉村區 ; 非都市編定：乙種建築用地,10000,651,持分移轉,00720002
RPWNMLSLOHGGFAX97DA,風櫃西段,68.66,非都市：鄉村區 ; 非都市編定：乙種建築用地,2,1,持分移轉,08140000
RPXOMLOLOHGGFAX77DA,四維段,50.10,非都市：鄉村區 ; 非都市編定：乙種建築用地,20000,1112,持分移轉,00720002
RPWOMLOLOHGGFAX67DA,四維段,63.80,非都市：鄉村區 ; 非都市編定：乙種建築用地,10000,708,持分移轉,00720002
RPVOMLOLOHGGFAX57DA,四維段,65.60,非都市：鄉村區 ; 非都市編定：乙種建築用地,10000,728,持分移轉,00720002
RPOOMLOLOHGGFAX86DA,四維段,50.10,非都市：鄉村區 ; 非都市編定：乙種建築用地,10000,556,持分移轉,00720002
RPQOMLOLOHGGFAX07DA,四維段,50.10,非都市：鄉村區 ; 非都市編定：乙種建築用地,10000,556,持分移轉,00720002
RPSOMLOLOHGGFAX27DA,四維段,55.51,非都市：鄉村區 ; 非都市編定：乙種建築用地,10000,616,持分移轉,00720002
RPROMLOLOHGGFAX17DA,四維段,58.66,非都市：鄉村區 ; 非都市編定：乙種建築用地,10000,651,持分移轉,00720002
RPTOMLOLOHGGFAX37DA,四維段,56.86,非都市：鄉村區 ; 非都市編定：乙種建築用地,10000,631,持分移轉,00720002
RPPOMLOLOHGGFAX96DA,四維段,58.66,非都市：鄉村區 ; 非都市編定：乙種建築用地,10000,651,持分移轉,00720002
RPSPMLOLOHGGFAX37DA,四維段,56.86,非都市：鄉村區 ; 非都市編定：乙種建築用地,10000,631,持分移轉,00720002
RPVNMLPJPHGGFAX47DA,紅羅段,24.73,非都市：一般農業區 ; 非都市編定：農牧用地,1,1,全筆移轉,17140000
RPXNMLPLOHGGFAX77DA,興仁段,104.05,非都市：鄉村區 ; 非都市編定：乙種建築用地,6,2,持分移轉,05230000
RPWNMLPJPHGGFAX57DA,紅羅段,121.12,非都市：一般農業區 ; 非都市編定：農牧用地,2,1,持分移轉,26180000
RPWNMLPJPHGGFAX57DA,紅羅段,337.12,非都市：一般農業區 ; 非都市編定：農牧用地,2,1,持分移轉,26200000
RPSNMLRJPHGGFAX37DA,案山段,74.83,都市：其他:乙種工業區,6,1,持分移轉,08820007
RPSNMLRJPHGGFAX37DA,案山段,69.85,都市：其他:乙種工業區,6,1,持分移轉,08820009
RPSNMLKMOHGGFAX86DA,埕西段,75.49,都市：其他:住宅區,1,1,全筆移轉,07750000
RPXNMLPJPHGGFAX67DA,外垵二段,34.58,非都市：一般農業區 ; 非都市編定：交通用地,1,1,全筆移轉,14580000
RPPNMLKMOHGGFAX56DA,馬公段,41.00,都市：其他:商業區,1,1,全筆移轉,02740029
RPPNMLNKPHGGFAX86EA,東澳段,.39,都市：其他:住宅區,10000,166,持分移轉,04890002
RPPNMLNKPHGGFAX86EA,東澳段,17.12,都市：其他:住宅區,10000,166,持分移轉,05000000
UPTNMLQKPHGGFAX77DA,中山段,30.86,都市：其他:住宅區,1,1,全筆移轉,05760000
RPTNMLQKPHGGFAX47DA,中山段,337.98,都市：其他:住宅區,1,1,全筆移轉,05200000
SPTNMLQKPHGGFAX57DA,中山段,516.62,都市：其他:住宅區,1,1,全筆移轉,05260000
VPTNMLQKPHGGFAX87DA,中山段,1.25,都市：其他:住宅區,1,1,全筆移轉,05760001
TPTNMLQKPHGGFAX67DA,中山段,130.60,都市：其他:住宅區,1,1,全筆移轉,05260001
RPTNMLMLPHGGFAX17DA,西溪新段,74.00,非都市：一般農業區 ; 非都市編定：農牧用地,1,1,全筆移轉,04470000
RPWNMLQLPHGGFAX87DA,文光段,27.01,都市：其他:住宅區,100000,326,持分移轉,00200000
WPTNMLQKPHGGFAX97DA,中山段,62.67,都市：其他:住宅區,1,1,全筆移轉,05770000
RPWNMLQLPHGGFAX87DA,文光段,3.50,都市：其他:住宅區,100000,326,持分移轉,00540000
XPTNMLQKPHGGFAX08DA,中山段,18.60,都市：其他:住宅區,1,1,全筆移轉,05770001
RPPNMLTKPHGGFAX47EA,五福段,76.58,非都市：一般農業區 ; 非都市編定：交通用地,1000,98,持分移轉,08070004
RPPNMLTKPHGGFAX47EA,五福段,168.90,非都市：一般農業區 ; 非都市編定：甲種建築用地,1,1,全筆移轉,08070006
RPSNMLTKPHGGFAX67DA,紅羅段,378.01,非都市：鄉村區 ; 非都市編定：乙種建築用地,1,1,全筆移轉,09210000
RPTNMLKKOHGGFAX76DA,馬公段,34.00,都市：其他:住宅區,1,1,全筆移轉,18040001
RPTNMLKKOHGGFAX76DA,馬公段,29.00,都市：其他:住宅區,1,1,全筆移轉,18040002
RPRNMLQKQHGGFAX37DA,五福段,14.94,非都市：鄉村區 ; 非都市編定：乙種建築用地,216,9,持分移轉,03330000
RPTNMLNJQHGGFAX17DA,湖東新段,72.75,非都市：鄉村區 ; 非都市編定：乙種建築用地,4,1,持分移轉,02770000
RPTNMLTKQHGGFAX87DA,山水北段,173.68,非都市：一般農業區 ; 非都市編定：甲種建築用地,1,1,全筆移轉,02290002
RPTNMLTKQHGGFAX87DA,山水北段,6.60,非都市：一般農業區 ; 非都市編定：交通用地,4,1,持分移轉,02290004
RPVNMLKMOHGGFAX17DA,埕西段,1.03,都市：其他:住宅區,2,1,持分移轉,07260000
RPUNMLSJPHGGFAX67DA,興仁段,56.35,非都市：一般農業區 ; 非都市編定：交通用地,10,1,持分移轉,03070004
RPUNMLSJPHGGFAX67DA,興仁段,163.77,非都市：一般農業區 ; 非都市編定：甲種建築用地,1,1,全筆移轉,03070007
RPTNMLOKNHGGFAX07DA,東澳段,163.68,都市：其他:住宅區,1,1,全筆移轉,04890000
RPSNMLSJOHGGFAX37DA,大倉段,5.00,非都市：一般農業區 ; 非都市編定：農牧用地,1,1,全筆移轉,01090001
RPTNMLSJOHGGFAX47DA,大倉段,4.88,非都市：一般農業區 ; 非都市編定：農牧用地,8,1,持分移轉,01060001
RPTNMLLKOHGGFAX86DA,五德西段,399.54,非都市：一般農業區 ; 非都市編定：農牧用地,1,1,全筆移轉,06360000
RPPNMLLLNHGGFAX09DA,五福段,96.43,非都市：一般農業區 ; 非都市編定：甲種建築用地,1,1,全筆移轉,13050000
RPPNMLLLNHGGFAX09DA,五福段,17.13,非都市：一般農業區 ; 非都市編定：交通用地,15,1,持分移轉,13150000
RPTNMLQKOHGGFAX37DA,雙湖段,230.04,非都市：鄉村區 ; 非都市編定：乙種建築用地,1,1,全筆移轉,01990000
RPTNMLOLNHGGFAX17DA,國宅段,281.47,非都市：一般農業區 ; 非都市編定：農牧用地,1,1,全筆移轉,00100000
RPSNMLQKOHGGFAX27DA,國宅段,206.65,都市：其他:住宅區,1,1,全筆移轉,02920000
RPUNMLPKOHGGFAX37DA,埕東段,20.29,都市：其他:住宅區,7,2,持分移轉,06190000
RPPNMLRKOHGGFAX17EA,西澳段,42.51,都市：其他:住宅區,9,3,持分移轉,04810000
RPSNMLRKOHGGFAX37DA,埕東段,37.56,都市：其他:住宅區,10000,293,持分移轉,02160000
RPPNMLRLOHGGFAX17DA,文寮段,2.99,都市：其他:住宅區,21,1,持分移轉,01060000
RPPNMLRLOHGGFAX17DA,文寮段,14.16,都市：其他:住宅區,21,1,持分移轉,01070000
RPPNMLRLOHGGFAX17DA,文寮段,9.72,都市：其他:住宅區,21,1,持分移轉,01080000
RPTNMLMLOHGGFAX07DA,赤崁中段,169.82,非都市：一般農業區 ; 非都市編定：甲種建築用地,1,1,全筆移轉,07280000
RPTNMLLLOHGGFAX96DA,大池段,447.48,非都市：一般農業區 ; 非都市編定：農牧用地,4,1,持分移轉,12340000
RPTNMLLLOHGGFAX96DA,大池段,188.95,非都市：一般農業區 ; 非都市編定：殯葬用地,4,1,持分移轉,12420000
RPTNMLLLOHGGFAX96DA,大池段,98.75,非都市：一般農業區 ; 非都市編定：農牧用地,4,1,持分移轉,12460000
RPVNMLPLOHGGFAX57DA,鐵線段,549.18,非都市：一般農業區 ; 非都市編定：農牧用地,1,1,全筆移轉,09020000
RPPNMLMLOHGGFAX76EA,城北段,1217.55,非都市：一般農業區 ; 非都市編定：農牧用地,1,1,全筆移轉,02150000
RPOQMLNLOHGGFAX96DA,國宅段,240.43,都市：其他:住宅區,1,1,全筆移轉,04800002
RPTNMLPKPHGGFAX37DA,雙湖段,198.61,非都市：一般農業區 ; 非都市編定：甲種建築用地,1,1,全筆移轉,11090000
RPTNMLPKPHGGFAX37DA,雙湖段,39.96,非都市：一般農業區 ; 非都市編定：交通用地,15,1,持分移轉,11090004
RPTNMLQLPHGGFAX57DA,六合段,409.11,非都市：一般農業區 ; 非都市編定：農牧用地,1,1,全筆移轉,04660000
RPOOMLTKPHGGFAX37DA,馬公段,165.00,都市：其他:商業區,1,1,全筆移轉,10690000
RPOOMLTKPHGGFAX37DA,馬公段,64.00,都市：其他:商業區,1,1,全筆移轉,10860000
RPOOMLTKPHGGFAX37DA,馬公段,61.00,都市：其他:商業區,1,1,全筆移轉,10860001
RPTNMLTKPHGGFAX77DA,馬公段,3.50,都市：其他:商業區,1,1,全筆移轉,06940006
RPTNMLTKPHGGFAX77DA,馬公段,62.00,都市：其他:商業區,1,1,全筆移轉,10860002
RPTNMLTKPHGGFAX77DA,馬公段,56.00,都市：其他:商業區,1,1,全筆移轉,10860003
RPOOMLQLPHGGFAX17DA,鐵線段,732.00,非都市：一般農業區 ; 非都市編定：農牧用地,1,1,全筆移轉,07070000
RPVNMLOKPHGGFAX47DA,五福段,1018.46,非都市：一般農業區 ; 非都市編定：農牧用地,1,1,全筆移轉,05550000
RPRNMLMJQHGGFAX86DA,潭邊新段,497.60,非都市：一般農業區 ; 非都市編定：農牧用地,9951900,4975950,持分移轉,02000000
RPUNMLSLOHGGFAX77DA,興崁段,1138.04,非都市：一般農業區 ; 非都市編定：農牧用地,1,1,全筆移轉,05190000
RPPNMLNJQHGGFAX76DA,成功南段,1421.04,非都市：一般農業區 ; 非都市編定：農牧用地,1,1,全筆移轉,07090000
RPUNMLRJOHGGFAX47DA,西澳段,124.84,都市：其他:住宅區,1,1,全筆移轉,08310003
RPTNMLMKPHGGFAX07DA,合界段,253.23,非都市：一般農業區 ; 非都市編定：甲種建築用地,1,1,全筆移轉,00960000
RPTNMLNLOHGGFAX17DA,興仁段,280.44,非都市：一般農業區 ; 非都市編定：農牧用地,5,1,持分移轉,07480000
RPTNMLNLOHGGFAX17DA,興仁段,280.44,非都市：一般農業區 ; 非都市編定：農牧用地,5,1,持分移轉,07480000
RPTNMLNLOHGGFAX17DA,興仁段,280.44,非都市：一般農業區 ; 非都市編定：農牧用地,5,1,持分移轉,07480000
RPTNMLNLOHGGFAX17DA,興仁段,280.44,非都市：一般農業區 ; 非都市編定：農牧用地,5,1,持分移轉,07480000
RPTNMLNLOHGGFAX17DA,興仁段,280.44,非都市：一般農業區 ; 非都市編定：農牧用地,5,1,持分移轉,07480000
RPVNMLRJNHGGFAX47DA,大池段,290.81,非都市：一般農業區 ; 非都市編定：農牧用地,1,1,全筆移轉,29420000
RPPNMLOJQHGGFAX86DA,興崁段,1563.48,非都市：一般農業區 ; 非都市編定：農牧用地,1,1,全筆移轉,05410001
RPWNMLMKMHGGFAX07DA,文澳段,34.25,都市：其他:住宅區,4,1,持分移轉,23170003
RPWNMLMKMHGGFAX07DA,文澳段,84.00,都市：其他:住宅區,1,1,全筆移轉,23170007
RPTNMLLMNHGGFAX96DA,機場段,238.99,非都市：鄉村區 ; 非都市編定：乙種建築用地,1,1,全筆移轉,08650000
RPTNMLLMNHGGFAX96DA,機場段,128.31,非都市：鄉村區 ; 非都市編定：乙種建築用地,1,1,全筆移轉,08660000
RPTNMLTLOHGGFAX77DA,五福段,562.91,非都市：一般農業區 ; 非都市編定：農牧用地,132,33,持分移轉,05160000
RPTNMLTLOHGGFAX77DA,五福段,401.13,非都市：一般農業區 ; 非都市編定：農牧用地,132,33,持分移轉,05390000
RPSNMLSKOHGGFAX47DA,五福段,444.75,非都市：一般農業區 ; 非都市編定：農牧用地,4,1,持分移轉,00830000
RPSNMLSKOHGGFAX47DA,五福段,444.75,非都市：一般農業區 ; 非都市編定：農牧用地,4,1,持分移轉,00830000
RPSNMLLJPHGGFAX76DA,北澳段,636.07,非都市：一般農業區 ; 非都市編定：農牧用地,1,1,全筆移轉,04800000
RPQQMLNLOHGGFAX17DA,五福段,205.90,非都市：一般農業區 ; 非都市編定：農牧用地,10000,779,持分移轉,07650000
RPQQMLNLOHGGFAX17DA,五福段,203.00,非都市：一般農業區 ; 非都市編定：農牧用地,10000,768,持分移轉,07650000
RPQQMLNLOHGGFAX17DA,五福段,203.00,非都市：一般農業區 ; 非都市編定：農牧用地,10000,768,持分移轉,07650000
RPQQMLNLOHGGFAX17DA,五福段,203.00,非都市：一般農業區 ; 非都市編定：農牧用地,10000,768,持分移轉,07650000
RPQQMLNLOHGGFAX17DA,五福段,203.00,非都市：一般農業區 ; 非都市編定：農牧用地,10000,768,持分移轉,07650000
RPQQMLNLOHGGFAX17DA,五福段,203.00,非都市：一般農業區 ; 非都市編定：農牧用地,10000,768,持分移轉,07650000
RPQQMLNLOHGGFAX17DA,五福段,204.05,非都市：一般農業區 ; 非都市編定：農牧用地,10000,772,持分移轉,07650000
RPSNMLLLOHGGFAX86DA,光華段,47.94,非都市：鄉村區 ; 非都市編定：乙種建築用地,1,1,全筆移轉,07860000
RPVNMLLLOHGGFAX17DA,五德西段,441.05,非都市：鄉村區 ; 非都市編定：乙種建築用地,1,1,全筆移轉,02080000
RPRPMLOLOHGGFAX27DA,大嶼段,757.00,非都市：鄉村區 ; 非都市編定：乙種建築用地,1,1,全筆移轉,08560000
RPSNMLQKPHGGFAX37DA,文石段,1115.01,非都市：一般農業區 ; 非都市編定：農牧用地,1,1,全筆移轉,01750000
RPWPMLOLOHGGFAX77DA,竹灣段,926.60,非都市：一般農業區 ; 非都市編定：農牧用地,1,1,全筆移轉,22690000
RPWNMLLLPHGGFAX37DA,山水南段,301.14,非都市：一般農業區 ; 非都市編定：農牧用地,1,1,全筆移轉,03010001
RPTNMLPLOHGGFAX37DA,五福段,729.33,非都市：一般農業區 ; 非都市編定：農牧用地,132,60,持分移轉,05390000
RPSNMLLKOHGGFAX76DA,文寮段,3042.26,非都市：一般農業區 ; 非都市編定：農牧用地,1,1,全筆移轉,03540000
RPSNMLPKOHGGFAX17DA,城北段,39.73,非都市：一般農業區 ; 非都市編定：交通用地,14,1,持分移轉,09760004
RPSNMLPKOHGGFAX17DA,城北段,182.39,非都市：一般農業區 ; 非都市編定：甲種建築用地,1,1,全筆移轉,09760007
RPTNMLRLPHGGFAX67DA,嵵裡新段,228.10,非都市：一般農業區 ; 非都市編定：甲種建築用地,1,1,全筆移轉,04730000
RPSNMLRLPHGGFAX57DA,後寮東段,147.81,非都市：鄉村區 ; 非都市編定：乙種建築用地,1,1,全筆移轉,17900000
RPVNMLLLPHGGFAX27DA,埕東段,.80,都市：其他:市場用地,10000,156,持分移轉,04490000
RPVNMLLLPHGGFAX27DA,埕東段,17.75,都市：其他:市場用地,10000,156,持分移轉,04500000
RPSNMLTJOHGGFAX47DA,埕東段,7.15,都市：其他:住宅區,10000,185,持分移轉,08560000
RPSNMLTJOHGGFAX47DA,埕東段,.12,都市：其他:住宅區,10000,185,持分移轉,08600000
RPSNMLTJOHGGFAX47DA,埕東段,2.18,都市：其他:住宅區,10000,185,持分移轉,08610000
RPSNMLTJOHGGFAX47DA,埕東段,17.18,都市：其他:住宅區,10000,185,持分移轉,08640000
RPXNMLSKQHGGFAX18DA,興崁段,330.00,非都市：一般農業區 ; 非都市編定：甲種建築用地,1,1,全筆移轉,05560000
RPXNMLSKQHGGFAX18DA,興崁段,4.68,非都市：一般農業區 ; 非都市編定：交通用地,2,1,持分移轉,05560002
RPTNMLRJPHGGFAX47DA,安宅段,322.05,非都市：一般農業區 ; 非都市編定：農牧用地,5,1,持分移轉,15760001
RPVNMLLKNHGGFAX96DA,尖山中段,54.06,非都市：一般農業區 ; 非都市編定：甲種建築用地,4,1,持分移轉,06750000
RPWNMLLKNHGGFAX07DA,尖山中段,367.72,非都市：一般農業區 ; 非都市編定：甲種建築用地,1,1,全筆移轉,06780000
RPTNMLLLPHGGFAX07DA,安宅段,51.12,非都市：一般農業區 ; 非都市編定：交通用地,7,1,持分移轉,11710004
RPWNMLRJOHGGFAX67DA,沙港南段,99.20,非都市：一般農業區 ; 非都市編定：水利用地,1,1,全筆移轉,09250001
RPTNMLLLPHGGFAX07DA,安宅段,180.69,非都市：一般農業區 ; 非都市編定：甲種建築用地,1,1,全筆移轉,11710006
RPTNMLMJPHGGFAX96DA,許家段,501.74,非都市：風景區 ; 非都市編定：農牧用地,1,1,全筆移轉,02270001
RPTNMLMJPHGGFAX96DA,許家段,25.57,非都市：一般農業區 ; 非都市編定：交通用地,1,1,全筆移轉,02280001
RPUNMLLJOHGGFAX86DA,機場段,804.63,非都市：一般農業區 ; 非都市編定：農牧用地,1,1,全筆移轉,11160000
RPVNMLTKPHGGFAX97DA,吉貝東段,475.18,非都市：森林區 ; 非都市編定：特定目的事業用地,1,1,全筆移轉,00290000
RPWNMLTKPHGGFAX08DA,吉貝東段,1314.20,非都市：森林區 ; 非都市編定：特定目的事業用地,1,1,全筆移轉,00280000
RPTNMLPKOHGGFAX27DA,光華段,112.77,非都市：一般農業區 ; 非都市編定：農牧用地,14,1,持分移轉,02890000
