﻿編號,屋齡,建物移轉面積平方公尺,主要用途,主要建材,建築完成日期,總層數,建物分層
The serial number,room age,building shifting area square meter,the main use,main building materials,construction completes the date,total layer,building lamination
RPVNMLNLQHGGFAX57DA,66,240.53,電影院,造,44年10月31日,三層,一層 二層 三層 騎樓
RPSNMLLKQHGGFAX96DA,52,78.66,住家用,鋼筋混凝土加強空心磚造,58年11月25日,二層,一層 二層
RPUNMLTKQHGGFAX97DA,26,39.59,住家用,鋼筋混凝土造,84年7月7日,五層,三層 陽台
RPUNMLTKQHGGFAX97DA,26,2.85,樓梯間,鋼筋混凝土造,84年7月7日,五層,
RPOOMLQLQHGGFAX27DA,,8.22,住家用,造,,一層,一層 見其他登記事項
RPWNMLOKPHGGFAX57DA,40,78.72,住家用,鋼筋混凝土加強磚造,70年1月12日,二層,一層 二層
RPVNMLTJPHGGFAX87DA,28,158.60,住家用,鋼筋混凝土造,82年1月15日,四層,一層 二層 三層 四層 電梯樓梯間 見其他登記事項
RPVNMLTJPHGGFAX87DA,28,69.97,避難室,鋼筋混凝土造,82年1月15日,四層,
RPSNMLNKPHGGFAX07DA,28,114.91,住商用,鋼筋混凝土造,82年11月5日,七層,一層 平台
RPSNMLNKPHGGFAX07DA,28,76.68,住商用,鋼筋混凝土造,82年11月5日,七層,一層 平台
RPSNMLNKPHGGFAX07DA,28,25.83,避難室、電梯間,鋼筋混凝土造,82年11月5日,七層,
RPSNMLNKPHGGFAX07DA,28,17.59,避難室、電梯間,鋼筋混凝土造,82年11月5日,七層,
RPVNMLKLPHGGFAX17DA,52,78.66,住家用,鋼筋混凝土加強空心磚造,58年11月25日,二層,一層 二層
RPVNMLQKQHGGFAX77DA,26,132.02,住家用,鋼筋混凝土造,84年4月26日,七層,四層 見其他登記事項
RPVNMLQKQHGGFAX77DA,26,40.82,電樓梯間、地下室,鋼筋混凝土造,84年4月26日,七層,
RPRNMLPJQHGGFAX17DA,23,132.95,住家用,鋼筋混凝土造,87年4月18日,三層,一層 二層 三層 陽台 電梯樓梯間
RPWNMLSKQHGGFAX08DA,15,112.45,集合住宅,鋼筋混凝土造,95年7月10日,十四層,十二層 陽台
RPWNMLSKQHGGFAX08DA,15,72.68,共用部份,鋼筋混凝土造,95年7月10日,十四層,
RPWNMLNKQHGGFAX57DA,59,4.97,住家用,造,51年5月19日,一層,一層
RPUNMLKLPHGGFAX07DA,40,33.30,住家用,鋼筋混凝土加強空心磚造,70年6月5日,二層,一層 二層
RPPNMLQLQHGGFAX27DA,5,146.60,住家用,鋼筋混凝土造,105年2月23日,三層,一層 二層 三層 見其他登記事項 見其他登記事項
RPUNMLNLQHGGFAX47DA,3,233.42,住家用,鋼筋混凝土造,107年6月7日,三層,一層 二層 三層 見其他登記事項
RPRNMLQJQHGGFAX27DA,27,97.19,集合住宅,鋼筋混凝土造,84年1月19日,五層,四層 見其他登記事項
RPRNMLQJQHGGFAX27DA,27,13.04,樓梯間,鋼筋混凝土造,84年1月19日,五層,
RPPOMLQLQHGGFAX37DA,23,187.78,住家用,鋼筋混凝土造,87年5月9日,三層,一層 二層 三層 水箱 見其他登記事項
RPWNMLPLOHGGFAX67DA,23,178.20,住家用,鋼筋混凝土造,87年5月25日,三層,一層 二層 三層 水箱 電梯樓梯間 見其他登記事項
RPUNMLMLOHGGFAX17DA,,254.15,住家用,鋼筋混凝土造,110年4月28日,三層,一層 二層 三層 見其他登記事項 見其他登記事項
RPSNMLOLOHGGFAX17DA,,132.97,集合住宅,鋼筋混凝土造,110年4月26日,五層,二層 見其他登記事項
RPSNMLOLOHGGFAX17DA,,65.56,共用部份,鋼筋混凝土造,110年4月26日,五層,
RPTNMLOLOHGGFAX27DA,,116.04,集合住宅,鋼筋混凝土造,110年4月26日,五層,二層 見其他登記事項
RPTNMLOLOHGGFAX27DA,,56.00,共用部份,鋼筋混凝土造,110年4月26日,五層,
RPUNMLOLOHGGFAX37DA,,126.63,集合住宅,鋼筋混凝土造,110年4月26日,五層,三層 見其他登記事項
RPUNMLOLOHGGFAX37DA,,65.56,共用部份,鋼筋混凝土造,110年4月26日,五層,
RPVNMLOLOHGGFAX47DA,,109.70,集合住宅,鋼筋混凝土造,110年4月26日,五層,三層 見其他登記事項
RPVNMLOLOHGGFAX47DA,,56.00,共用部份,鋼筋混凝土造,110年4月26日,五層,
RPQPMLOLOHGGFAX17DA,15,210.81,住家用,鋼筋混凝土造,95年11月1日,三層,一層 二層 三層 陽台
RPWNMLOLOHGGFAX57DA,,126.48,集合住宅,鋼筋混凝土造,110年4月26日,五層,四層 見其他登記事項
RPWNMLOLOHGGFAX57DA,,65.56,共用部份,鋼筋混凝土造,110年4月26日,五層,
RPUOMLOLOHGGFAX47DA,,128.47,集合住宅,鋼筋混凝土造,110年4月26日,五層,五層 見其他登記事項 見其他登記事項
RPUOMLOLOHGGFAX47DA,,65.56,共用部份,鋼筋混凝土造,110年4月26日,五層,
RPXOMLOLOHGGFAX77DA,,109.55,集合住宅,鋼筋混凝土造,110年4月26日,五層,四層 見其他登記事項
RPXOMLOLOHGGFAX77DA,,56.00,共用部份,鋼筋混凝土造,110年4月26日,五層,
RPWOMLOLOHGGFAX67DA,,142.14,集合住宅,鋼筋混凝土造,110年4月26日,五層,五層 見其他登記事項 見其他登記事項
RPWOMLOLOHGGFAX67DA,,73.32,共用部份,鋼筋混凝土造,110年4月26日,五層,
RPVOMLOLOHGGFAX57DA,,142.14,見其他登記事項,鋼筋混凝土造,110年4月26日,五層,五層 見其他登記事項 見其他登記事項
RPVOMLOLOHGGFAX57DA,,73.32,共用部份,鋼筋混凝土造,110年4月26日,五層,
RPOOMLOLOHGGFAX86DA,,109.55,集合住宅,鋼筋混凝土造,110年4月26日,五層,四層 見其他登記事項
RPOOMLOLOHGGFAX86DA,,56.00,共用部份,鋼筋混凝土造,110年4月26日,五層,
RPQOMLOLOHGGFAX07DA,,109.70,集合住宅,鋼筋混凝土造,110年4月26日,五層,三層 見其他登記事項
RPQOMLOLOHGGFAX07DA,,56.00,共用部份,鋼筋混凝土造,110年4月26日,五層,
RPSOMLOLOHGGFAX27DA,,116.04,集合住宅,鋼筋混凝土造,110年4月26日,五層,二層 見其他登記事項
RPSOMLOLOHGGFAX27DA,,56.00,共用部份,鋼筋混凝土造,110年4月26日,五層,
RPROMLOLOHGGFAX17DA,,126.63,集合住宅,鋼筋混凝土造,110年4月26日,五層,三層 見其他登記事項
RPROMLOLOHGGFAX17DA,,65.56,共用部份,鋼筋混凝土造,110年4月26日,五層,
RPTOMLOLOHGGFAX37DA,,132.97,集合住宅,鋼筋混凝土造,110年4月26日,五層,二層 見其他登記事項
RPTOMLOLOHGGFAX37DA,,65.56,共用部份,鋼筋混凝土造,110年4月26日,五層,
RPPOMLOLOHGGFAX96DA,,126.48,集合住宅,鋼筋混凝土造,110年4月26日,五層,四層 見其他登記事項
RPPOMLOLOHGGFAX96DA,,65.56,共用部份,鋼筋混凝土造,110年4月26日,五層,
RPSPMLOLOHGGFAX37DA,,128.47,集合住宅,鋼筋混凝土造,110年4月26日,五層,五層 見其他登記事項 見其他登記事項
RPSPMLOLOHGGFAX37DA,,65.56,共用部份,鋼筋混凝土造,110年4月26日,五層,
RPSNMLKMOHGGFAX86DA,45,72.72,住家用,鋼筋混凝土加強磚造,65年4月30日,二層,一層 二層
RPPNMLKMOHGGFAX56DA,46,90.45,住家用,鋼筋混凝土加強磚造,64年6月20日,三層,一層 二層 三層
RPPNMLNKPHGGFAX86EA,24,72.19,住家用,鋼筋混凝土造,86年6月28日,八層,二層 陽台
RPPNMLNKPHGGFAX86EA,24,21.47,住家用,鋼筋混凝土造,86年6月28日,八層,
RPWNMLQLPHGGFAX87DA,15,113.60,集合住宅,鋼筋混凝土造,95年7月10日,十四層,一層 陽台
RPWNMLQLPHGGFAX87DA,15,72.13,共用部份,鋼筋混凝土造,95年7月10日,十四層,
RPPNMLTKPHGGFAX47EA,1,214.61,住家用,鋼筋混凝土造,109年12月21日,三層,一層 二層 三層 見其他登記事項
RPTNMLKKOHGGFAX76DA,52,23.10,住家用,空心磚造,58年10月10日,一層,一層
RPTNMLKKOHGGFAX76DA,52,22.33,住家用,空心磚造,58年10月10日,一層,一層
RPRNMLQKQHGGFAX37DA,,5.60,住家用,造,8年0月0日,一層,一層
RPTNMLTKQHGGFAX87DA,,247.82,住家用,鋼筋混凝土造,110年4月23日,三層,一層 二層 三層 見其他登記事項
RPTNMLOKNHGGFAX07DA,21,208.41,住家用,鋼筋混凝土造,89年10月6日,三層,一層 二層 三層 見其他登記事項
RPPNMLLLNHGGFAX09DA,23,180.16,住家用,鋼筋混凝土造,86年12月2日,三層,一層 二層 三層 電梯樓梯間 見其他登記事項
RPUNMLPKOHGGFAX37DA,44,19.52,住家用,鋼筋混凝土加強磚造,66年11月4日,二層,一層 二層 電梯樓梯間
RPSNMLRKOHGGFAX37DA,29,121.65,住家用,鋼筋混凝土造,81年8月27日,七層,四層
RPSNMLRKOHGGFAX37DA,29,13.64,電梯,鋼筋混凝土造,81年8月27日,七層,
RPSNMLRKOHGGFAX37DA,29,1.12,汽車坡道,鋼筋混凝土造,81年8月27日,七層,
RPSNMLRKOHGGFAX37DA,29,3.29,,鋼筋混凝土造,81年8月27日,七層,
RPSNMLRKOHGGFAX37DA,29,33.38,避難室,鋼筋混凝土造,81年8月27日,七層,
RPPNMLRLOHGGFAX17DA,25,23.63,停車庫兼避難室,鋼筋混凝土造,84年12月8日,七層,
RPPNMLRLOHGGFAX17DA,25,106.87,住家用,鋼筋混凝土造,84年12月8日,七層,六層 陽台
RPTNMLMLOHGGFAX07DA,14,218.58,住家用,鋼筋混凝土造,96年7月16日,三層,一層 二層 三層 見其他登記事項
RPSNMLQLNHGGFAX37EA,23,166.62,商業用,鋼筋混凝土造,87年6月10日,四層,一層 二層 三層 四層 電梯樓梯間
RPUNMLRJOHGGFAX47DA,14,269.44,住家用,鋼筋混凝土造,95年11月23日,四層,一層 二層 三層 四層 陽台 平台 水箱 雨遮
RPWNMLMKMHGGFAX07DA,29,197.45,住家用,鋼筋混凝土加強磚造,81年6月13日,四層,一層 二層 三層 四層 水箱 電梯樓梯間
RPSNMLLLOHGGFAX86DA,38,100.62,住家用,鋼筋混凝土造,72年1月18日,三層,一層 二層 三層
RPSNMLPKOHGGFAX17DA,,222.68,住家用,鋼筋混凝土造,110年2月25日,三層,一層 二層 三層 見其他登記事項
RPVNMLLLPHGGFAX27DA,25,104.62,住家用,鋼筋混凝土造,85年2月2日,八層,七層 陽台
RPVNMLLLPHGGFAX27DA,25,16.18,避難室、停車空間,鋼筋混凝土造,85年2月2日,八層,
RPVNMLLLPHGGFAX27DA,25,12.33,電氣室、台電受電室、電樓梯間,鋼筋混凝土造,85年2月2日,八層,
RPVNMLLLPHGGFAX27DA,25,1.39,門廊、門廳,鋼筋混凝土造,85年2月2日,八層,
RPSNMLTJOHGGFAX47DA,27,113.22,住家用,鋼筋混凝土造,83年5月9日,七層,六層 見其他登記事項
RPSNMLTJOHGGFAX47DA,27,2.46,梯間,鋼筋混凝土造,83年5月9日,七層,
RPSNMLTJOHGGFAX47DA,27,11.38,電梯間,鋼筋混凝土造,83年5月9日,七層,
RPSNMLTJOHGGFAX47DA,27,23.28,機械室、避難室,鋼筋混凝土造,83年5月9日,七層,
RPTNMLLLPHGGFAX07DA,7,241.78,住家用,鋼筋混凝土造,103年3月14日,三層,一層 二層 三層 見其他登記事項
